Iowa DOT Case Number,Law Enforcement Case Number,Date of Crash,Month of Crash,Day of Week,Time of Crash,Hour,DOT District,City Name,County Name,Route with System,Location Description,First Harmful Event,Location of First Harmful Event,Manner of Crash/Collision,Major Cause,Drug or Alcohol ,Environmental Conditions,Light Conditions,Surface Conditions,Weather Conditions,Roadway Contribution,Roadway Type,Roadway Surface,Work Zone,Crash Severity,Number of Fatalities,Number of Injuries,Number of Major Injuries,Number of Minor Injuries,Number of Possible Injuries,Number of Unknown Injuries,Amount of Property Damage,Number of Vehicles Involved,Total Number of Occupants,Travel Direction,Location
2014777998,2014000008,01/01/2014,01-January,4-Wednesday,03:05,0300 Hours,District 1 (Central),MARSHALLTOWN,MARSHALL,,SUMMIT ST & N 10TH ST,Collision with:  Vehicle in traffic,On Roadway,Rear-end (front to rear),Driving too fast for conditions,Alcohol (Statutory),,Dark - roadway lighted,Snow,Clear,None apparent,Intersection:  T-intersection,Paved,,Major Injury,0,1,1,0,0,0,6500,3,5,,POINT (-92.92908692316 42.052745892453)
2014776963,20140000069,01/01/2014,01-January,4-Wednesday,16:46,1600 Hours,District 1 (Central),DES MOINES,POLK,,GRAND AVE & 10TH ST,Collision with:  Vehicle in traffic,On Roadway,Broadside (front to side),Ran Traffic Signal,None Indicated,,Dusk,Snow,Cloudy,None apparent,Intersection:  Four-way intersection,Paved,,Property Damage Only,0,0,0,0,0,0,3000,2,2,,POINT (-93.630198206155 41.586705367533)
2014776993,14-0007,01/01/2014,01-January,4-Wednesday,10:40,1000 Hours,District 1 (Central),WEST DES MOINES,POLK,I-35,I-35,Collision with:  Vehicle in traffic,On Roadway,"Sideswipe, same direction",Lost Control,None Indicated,,Daylight,Snow,Snow,"Surface condition (e.g., wet, icy)",Interchange-related:  On-ramp merge area,Paved,,Property Damage Only,0,0,0,0,0,0,13500,2,2,,POINT (-93.777581728242 41.58643353909)
2014777620,14-000033,01/01/2014,01-January,4-Wednesday,19:03,1900 Hours,District 5 (Southeast),,HENRY,US 218,US 218,Collision with fixed object:  Ditch,On Roadway,Non-collision (single vehicle),Driving too fast for conditions,None Indicated,,Dark - roadway not lighted,Ice/frost,Cloudy,None apparent,Non-intersection:  Non-junction/no special feature,Paved,,Property Damage Only,0,0,0,0,0,0,18455,1,1,,POINT (-91.541870303864 40.920542082139)
2014777866,2014000184,01/01/2014,01-January,4-Wednesday,16:20,1600 Hours,District 6 (East Central),,JOHNSON,I-80,I-80,Collision with:  Vehicle in traffic,On Roadway,"Sideswipe, same direction",Crossed centerline (undivided),None Indicated,,Daylight,Ice/frost,Snow,"Surface condition (e.g., wet, icy)",Non-intersection:  Non-junction/no special feature,Paved,,Property Damage Only,0,0,0,0,0,0,13000,2,7,,POINT (-91.416565001189 41.667380203607)
2014777508,14000026,01/01/2014,01-January,4-Wednesday,10:56,1000 Hours,District 2 (Northeast),MASON CITY,CERRO GORDO,,16TH ST NW & N ADAMS AVE,Collision with:  Vehicle in traffic,On Roadway,Rear-end (front to rear),Improper Backing,None Indicated,,Daylight,Snow,Cloudy,None apparent,Non-intersection:  Alley,Paved,,Property Damage Only,0,0,0,0,0,0,5000,2,1,,POINT (-93.205703268515 43.167210097113)
2014777877,2014000144,01/01/2014,01-January,4-Wednesday,14:30,1400 Hours,District 6 (East Central),,JOHNSON,I-80,I-80,Collision with fixed object:  Guardrail - face,Roadside,Non-collision (single vehicle),Ran off road - left,None Indicated,,Daylight,Ice/frost,Snow,"Surface condition (e.g., wet, icy)",Non-intersection:  Non-junction/no special feature,Paved,,Property Damage Only,0,0,0,0,0,0,6000,1,1,,POINT (-91.41808954926 41.667419214498)
2014777082,14-32,01/01/2014,01-January,4-Wednesday,02:46,0200 Hours,District 3 (Northwest),SIOUX CITY,WOODBURY,,S FAIRMOUNT ST,Collision with:  Parked motor vehicle,Outside trafficway,Broadside (front to side),Lost Control,None Indicated,,Dark - roadway lighted,Snow,Snow,"Surface condition (e.g., wet, icy)",Non-intersection:  Non-junction/no special feature,Paved,,Possible/Unknown,0,1,0,0,0,1,4500,2,777,,POINT (-96.374174141261 42.479434786173)
2014781102,14-000003,01/01/2014,01-January,4-Wednesday,00:42,0000 Hours,District 1 (Central),AMES,STORY,,WELCH AVE,Collision with:  Vehicle in traffic,On Roadway,Rear-end (front to rear),Lost Control,Refused,,Dark - roadway lighted,Snow,Cloudy,None apparent,Non-intersection:  Non-junction/no special feature,Paved,,Minor Injury,0,1,0,1,0,0,1700,2,2,,POINT (-93.650085389426 42.019746031455)
2014777414,2014000131,01/01/2014,01-January,4-Wednesday,14:00,1400 Hours,District 4 (Southwest),WEST DES MOINES,DALLAS,I-80,I-80,Collision with fixed object:  Other fixed object (explain in narrative),Median,Non-collision (single vehicle),Crossed centerline (undivided),None Indicated,,Daylight,Ice/frost,Snow,"Surface condition (e.g., wet, icy)",Non-intersection:  Non-junction/no special feature,Paved,,Property Damage Only,0,0,0,0,0,0,6000,1,1,,POINT (-93.853501370142 41.56922264735)
2014777263,14-000012,01/01/2014,01-January,4-Wednesday,19:15,1900 Hours,District 1 (Central),ANKENY,POLK,,NE GEORGETOWN BLVD & NE OAK DR,Collision with:  Vehicle in traffic,On Roadway,Broadside (front to side),Ran Stop Sign,None Indicated,,Dark - roadway lighted,Snow,Cloudy,"Surface condition (e.g., wet, icy)",Intersection:  T-intersection,Paved,,Property Damage Only,0,0,0,0,0,0,2000,2,3,,POINT (-93.595985677219 41.749925902244)
2014787558,2014-0009,01/01/2014,01-January,4-Wednesday,10:30,1000 Hours,District 6 (East Central),ELDRIDGE,SCOTT,,HICKORY ST & S 8TH ST,Collision with:  Vehicle in traffic,On Roadway,Broadside (front to side),Ran Stop Sign,None Indicated,,Daylight,Snow,Snow,None apparent,Intersection:  Four-way intersection,Paved,,Property Damage Only,0,0,0,0,0,0,6000,2,2,,POINT (-90.592622584938 41.650017311705)
2014778079,2014000054,01/01/2014,01-January,4-Wednesday,09:38,0900 Hours,District 4 (Southwest),,POTTAWATTAMIE,I-80,I-80,Collision with:  Vehicle in traffic,On Roadway,Rear-end (front to rear),Driving too fast for conditions,None Indicated,,Daylight,Snow,Snow,"Surface condition (e.g., wet, icy)",Non-intersection:  Non-junction/no special feature,Paved,,Minor Injury,0,2,0,2,0,0,8500,2,3,,POINT (-95.694943554698 41.357359003605)
2014777415,2014000154,01/01/2014,01-January,4-Wednesday,14:50,1400 Hours,District 4 (Southwest),COUNCIL BLUFFS,POTTAWATTAMIE,,WOODBURY AVE & MADISON AVE,Collision with fixed object:  Curb/island/raised median,On Roadway,Non-collision (single vehicle),Driving too fast for conditions,None Indicated,,Daylight,Snow,Cloudy,"Surface condition (e.g., wet, icy)",Non-intersection:  Non-junction/no special feature,Paved,,Property Damage Only,0,0,0,0,0,0,2000,1,7,,POINT (-95.825688095535 41.24285731142)
2014779552,14-000055,01/01/2014,01-January,4-Wednesday,17:46,1700 Hours,District 5 (Southeast),,LEE,,BUS US 61,Non-collision events:  Other non-collision (explain in narrative),On Roadway,Non-collision (single vehicle),Ran off road - right,None Indicated,,Dark - roadway not lighted,Snow,Snow,Unknown,Non-intersection:  Non-junction/no special feature,Paved,,Possible/Unknown,0,1,0,0,1,0,4000,1,1,,POINT (-91.285537589178 40.647811680671)
2014776653,20140000052,01/01/2014,01-January,4-Wednesday,13:15,1300 Hours,District 1 (Central),DES MOINES,POLK,,COLLEGE AVE,Collision with:  Vehicle in traffic,On Roadway,"Sideswipe, same direction",Other (explain in narrative):  Other,None Indicated,,Daylight,Snow,Snow,None apparent,Non-intersection:  Non-junction/no special feature,Paved,,Property Damage Only,0,0,0,0,0,0,3218,2,4,,POINT (-93.635275060428 41.607709320379)
2014777553,14-00027,01/01/2014,01-January,4-Wednesday,06:41,0600 Hours,District 5 (Southeast),BURLINGTON,DES MOINES,,,Collision with fixed object:  Concrete traffic barrier (median or right side),On Roadway,Rear-end (front to rear),Driving too fast for conditions,None Indicated,,Dark - roadway not lighted,Dry,Cloudy,None apparent,Non-intersection:  Non-junction/no special feature,,,Property Damage Only,0,0,0,0,0,0,5500,2,1,,POINT (-96.643700149993 40.233091251414)
2014777582,01-14-77,01/01/2014,01-January,4-Wednesday,13:07,1300 Hours,District 6 (East Central),DUBUQUE,DUBUQUE,,KAUFMANN AVE & JOHN F KENNEDY RD,Collision with:  Vehicle in traffic,On Roadway,Broadside (front to side),FTYROW:  From stop sign,None Indicated,,Daylight,Slush,Cloudy,None apparent,Intersection:  Four-way intersection,Paved,,Property Damage Only,0,0,0,0,0,0,3500,2,3,,POINT (-90.720531677259 42.514895744767)
2014779951,261400006,01/01/2014,01-January,4-Wednesday,14:17,1400 Hours,District 5 (Southeast),DRAKESVILLE,DAVIS,,ICE AVE,Collision with fixed object:  Ditch,On Roadway,Non-collision (single vehicle),Swerving/Evasive Action,None Indicated,,Daylight,Snow,Snow,"Surface condition (e.g., wet, icy)",Non-intersection:  Non-junction/no special feature,Paved,,Property Damage Only,0,0,0,0,0,0,2500,1,1,,POINT (-92.486008736146 40.776851454396)
2014778524,2014-183,01/01/2014,01-January,4-Wednesday,17:44,1700 Hours,District 6 (East Central),DAVENPORT,SCOTT,,SHERIDAN ST,Non-collision events:  Other non-collision (explain in narrative),On Roadway,Non-collision (single vehicle),Unknown,None Indicated,,Dark - roadway lighted,Snow,Snow,None apparent,Non-intersection:  Non-junction/no special feature,Paved,,Property Damage Only,0,0,0,0,0,0,2000,1,1,,POINT (-90.574915408473 41.574325083821)
2014777291,14-000047,01/01/2014,01-January,4-Wednesday,09:28,0900 Hours,District 4 (Southwest),COUNCIL BLUFFS,POTTAWATTAMIE,I-80,I-80 & VALLEY VIEW DR,Collision with fixed object:  Bridge overhead structure,On Roadway,Non-collision (single vehicle),Lost Control,None Indicated,,Daylight,Slush,Snow,"Surface condition (e.g., wet, icy)",Non-intersection:  Other non-intersection (explain in narrative),Paved,,Property Damage Only,0,0,0,0,0,0,3000,1,1,,POINT (-95.818569775918 41.244923265957)
2014777581,01-14-111,01/01/2014,01-January,4-Wednesday,14:55,1400 Hours,District 6 (East Central),DUBUQUE,DUBUQUE,US 61,US 61,Collision with:  Vehicle in traffic,On Roadway,Unknown,Driving too fast for conditions,None Indicated,,Daylight,Ice/frost,Snow,"Surface condition (e.g., wet, icy)",Non-intersection:  Other non-intersection (explain in narrative),Paved,,Property Damage Only,0,0,0,0,0,0,1900,2,3,,POINT (-90.645154395413 42.515685210221)
2014778294,2014000107,01/01/2014,01-January,4-Wednesday,12:50,1200 Hours,District 1 (Central),,POLK,I-35,I-35,Collision with:  Parked motor vehicle,Roadside,"Sideswipe, opposite direction",Driving too fast for conditions,None Indicated,,Daylight,Ice/frost,Snow,"Surface condition (e.g., wet, icy)",Non-intersection:  Other non-intersection (explain in narrative),Paved,,Property Damage Only,0,0,0,0,0,0,4700,2,2,,POINT (-93.666633225451 41.650730186285)
2014779474,2014-00027,01/01/2014,01-January,4-Wednesday,12:03,1200 Hours,District 5 (Southeast),INDIANOLA,WARREN,,W IOWA AVE & N BUXTON ST,Collision with:  Vehicle in traffic,On Roadway,Broadside (front to side),FTYROW:  From stop sign,None Indicated,,Daylight,Snow,Snow,None apparent,Intersection:  Four-way intersection,Paved,,Property Damage Only,0,0,0,0,0,0,4500,2,2,,POINT (-93.562330914106 41.369347649577)
2014777315,2014-114,01/01/2014,01-January,4-Wednesday,10:42,1000 Hours,District 6 (East Central),DAVENPORT,SCOTT,,NORTHWEST BLVD,Collision with:  Vehicle in traffic,On Roadway,Broadside (front to side),Swerving/Evasive Action,None Indicated,,Daylight,Snow,Snow,"Surface condition (e.g., wet, icy)",Intersection:  Other intersection (explain in narrative),Paved,,Property Damage Only,0,0,0,0,0,0,9000,3,7,,POINT (-90.579001347617 41.560946712318)
2014776838,W14-000055,01/01/2014,01-January,4-Wednesday,01:58,0100 Hours,District 2 (Northeast),WATERLOO,BLACK HAWK,US 63,US 63/LOGAN AVE & W LOUISE ST & E LOUISE ST,Non-collision events:  Other non-collision (explain in narrative),Outside trafficway,Non-collision (single vehicle),Driving too fast for conditions,None Indicated,,Dark - roadway lighted,Snow,Cloudy,"Surface condition (e.g., wet, icy)",Non-intersection:  Non-junction/no special feature,Paved,,Property Damage Only,0,0,0,0,0,0,2500,1,1,,POINT (-92.337662838991 42.523968090548)
2014778616,2014000046,01/01/2014,01-January,4-Wednesday,08:50,0800 Hours,District 1 (Central),,POLK,I-80,I-80,Collision with fixed object:  Concrete traffic barrier (median or right side),Shoulder,Non-collision (single vehicle),Driving too fast for conditions,None Indicated,,Daylight,Ice/frost,Snow,"Surface condition (e.g., wet, icy)",Non-intersection:  Non-junction/no special feature,Paved,,Property Damage Only,0,0,0,0,0,0,4000,1,1,,POINT (-93.534701464239 41.6581479905)
2014826414,14-00000016,01/01/2014,01-January,4-Wednesday,10:15,1000 Hours,District 6 (East Central),LE CLAIRE,SCOTT,I-80,I-80,Collision with fixed object:  Other fixed object (explain in narrative),Roadside,Non-collision (single vehicle),Driving too fast for conditions,None Indicated,,Daylight,Snow,Snow,"Surface condition (e.g., wet, icy)",Non-intersection:  Non-junction/no special feature,Paved,,Property Damage Only,0,0,0,0,0,0,4000,1,2,,POINT (-90.382966992587 41.594835778638)
2014776988,14-0017,01/01/2014,01-January,4-Wednesday,18:49,1800 Hours,District 1 (Central),WEST DES MOINES,POLK,I-235,I-235,Collision with fixed object:  Traffic sign support,On Roadway,Non-collision (single vehicle),Ran off road - straight,None Indicated,,Dark - roadway lighted,Snow,Cloudy,Unknown,"Interchange-related:  Off-ramp, diverge area",Paved,,Property Damage Only,0,0,0,0,0,0,2200,1,1,,POINT (-93.76610903529 41.592239150913)
2014778297,2014000169,01/01/2014,01-January,4-Wednesday,15:45,1500 Hours,District 6 (East Central),,JOHNSON,I-80,I-80,Non-collision events:  Overturn/rollover,Shoulder,Non-collision (single vehicle),Driving too fast for conditions,None Indicated,,Daylight,Ice/frost,Snow,"Surface condition (e.g., wet, icy)",Non-intersection:  Non-junction/no special feature,Paved,,Property Damage Only,0,0,0,0,0,0,12000,1,2,,POINT (-91.383478176332 41.667631042482)
2014777424,20140101,01/01/2014,01-January,4-Wednesday,01:30,0100 Hours,District 3 (Northwest),SAC CITY,SAC,,DUFFIE ST & S 5TH ST,Collision with fixed object:  Ditch,Outside trafficway,Non-collision (single vehicle),Crossed centerline (undivided),None Indicated,,Dark - roadway lighted,Snow,Snow,"Surface condition (e.g., wet, icy)",Intersection:  T-intersection,Paved,,Property Damage Only,0,0,0,0,0,0,3300,1,2,,POINT (-94.989886828102 42.41715288652)
2014777682,14000030,01/01/2014,01-January,4-Wednesday,11:00,1100 Hours,District 5 (Southeast),OSKALOOSA,MAHASKA,,S 6TH ST,Unknown,On Roadway,Unknown,Unknown,None Indicated,,Daylight,Other (explain in narrative),Unknown,Unknown,Non-intersection:  Non-junction/no special feature,Paved,,Property Damage Only,0,0,0,0,0,0,2000,2,1,,POINT (-92.637646157789 41.280452353895)
2014780544,2014000020,01/01/2014,01-January,4-Wednesday,04:00,0400 Hours,District 3 (Northwest),,WOODBURY,US 20,US 20,Collision with fixed object:  Utility pole/light support,Roadside,Non-collision (single vehicle),Driving too fast for conditions,Alcohol (Statutory),,Dark - roadway not lighted,Snow,Snow,"Surface condition (e.g., wet, icy)",Non-intersection:  Non-junction/no special feature,Paved,,Major Injury,0,1,1,0,0,0,5000,1,1,,POINT (-96.255333208391 42.47513162623)
2014776651,20140000037,01/01/2014,01-January,4-Wednesday,10:35,1000 Hours,District 1 (Central),DES MOINES,POLK,,URBANDALE AVE,Collision with:  Vehicle in traffic,On Roadway,Broadside (front to side),FTYROW:  Other (explain in narrative),None Indicated,,Daylight,Snow,Snow,"Surface condition (e.g., wet, icy)",Non-intersection:  Driveway access (within),Paved,,Property Damage Only,0,0,0,0,0,0,3500,2,3,,POINT (-93.65092869552 41.624825508121)
2014777254,14-006,01/01/2014,01-January,4-Wednesday,00:01,0000 Hours,District 1 (Central),GRIMES,POLK,,LITTLE BEAVER DR,Collision with:  Parked motor vehicle,On Roadway,Unknown,Unknown,None Indicated,,Dark - roadway lighted,Snow,Cloudy,None apparent,Non-intersection:  Non-junction/no special feature,Paved,,Property Damage Only,0,0,0,0,0,0,1500,2,1,,POINT (-93.785443184455 41.684602966299)
2014777309,2013-164,01/01/2014,01-January,4-Wednesday,16:06,1600 Hours,District 6 (East Central),DAVENPORT,SCOTT,,IA 461/HARRISON ST,Collision with:  Vehicle in traffic,On Roadway,"Sideswipe, same direction",Driving too fast for conditions,None Indicated,,Daylight,Snow,Snow,None apparent,Non-intersection:  Non-junction/no special feature,Paved,,Property Damage Only,0,0,0,0,0,0,2800,2,2,,POINT (-90.576975483248 41.545205876382)
2014777799,2014-55,01/01/2014,01-January,4-Wednesday,02:47,0200 Hours,District 6 (East Central),DAVENPORT,SCOTT,US 6,US 6/E KIMBERLY RD,Collision with:  Vehicle in traffic,On Roadway,Rear-end (front to rear),Lost Control,Alcohol (Statutory),,Dark - roadway lighted,Dry,Clear,None apparent,Non-intersection:  Non-junction/no special feature,Paved,,Possible/Unknown,0,1,0,0,1,0,24000,2,4,,POINT (-90.55779774481 41.556886506188)
2014776648,20140000040,01/01/2014,01-January,4-Wednesday,10:32,1000 Hours,District 1 (Central),DES MOINES,POLK,,MLK JR PKWY,Collision with:  Vehicle in traffic,On Roadway,Broadside (front to side),FTYROW:  From driveway,None Indicated,,Daylight,Snow,Snow,"Surface condition (e.g., wet, icy)",Non-intersection:  Driveway access (within),Paved,,Property Damage Only,0,0,0,0,0,0,8000,2,3,,POINT (-93.650796877724 41.626042225162)
2014777583,01-14-79,01/01/2014,01-January,4-Wednesday,13:16,1300 Hours,District 6 (East Central),DUBUQUE,DUBUQUE,US 20,US 20/DODGE ST & LOMBARD ST & FREMONT AVE,Collision with fixed object:  Concrete traffic barrier (median or right side),On Roadway,Non-collision (single vehicle),Swerving/Evasive Action,None Indicated,,Daylight,Snow,Cloudy,"Surface condition (e.g., wet, icy)",Non-intersection:  Non-junction/no special feature,Paved,,Property Damage Only,0,0,0,0,0,0,2000,1,2,,POINT (-90.688594340121 42.491031244083)
2014776987,14-0002,01/01/2014,01-January,4-Wednesday,13:00,1300 Hours,District 1 (Central),URBANDALE,POLK,I-35,I-35,Collision with fixed object:  Guardrail - face,On Roadway,Non-collision (single vehicle),Driving too fast for conditions,None Indicated,,Daylight,Snow,Snow,None apparent,Non-intersection:  Non-junction/no special feature,Paved,,Property Damage Only,0,0,0,0,0,0,4000,1,1,,POINT (-93.717502257299 41.652729727007)
2014777235,2014000032,01/01/2014,01-January,4-Wednesday,15:21,1500 Hours,District 6 (East Central),IOWA CITY,JOHNSON,US 218,US 218 & MELROSE AVE,Collision with fixed object:  Concrete traffic barrier (median or right side),On Roadway,Non-collision (single vehicle),Driving too fast for conditions,None Indicated,,Daylight,Snow,Snow,None apparent,Non-intersection:  Non-junction/no special feature,Paved,,Minor Injury,0,1,0,1,0,0,4000,1,1,,POINT (-91.597795881367 41.657070893866)
2014783188,,01/01/2014,01-January,4-Wednesday,02:05,0200 Hours,District 4 (Southwest),,SHELBY,IA 191,IA 191/IOWA 191,Collision with fixed object:  Guardrail - face,On Roadway,Unknown,Unknown,None Indicated,,Dark - unknown roadway lighting,Unknown,Unknown,Unknown,Unknown,Paved,,Property Damage Only,0,0,0,0,0,0,3415,1,1,,POINT (-95.492435854974 41.678518168901)
2014782962,02-14-30,01/01/2014,01-January,4-Wednesday,15:30,1500 Hours,District 6 (East Central),SAGEVILLE,DUBUQUE,,Co Rd Y35/JOHN DEERE RD S,Collision with:  Vehicle in traffic,On Roadway,Broadside (front to side),Driving too fast for conditions,None Indicated,,Daylight,Ice/frost,Cloudy,"Surface condition (e.g., wet, icy)",Intersection:  Four-way intersection,Paved,,Property Damage Only,0,0,0,0,0,0,10000,2,3,,POINT (-90.693450275938 42.541621339511)
2014777947,1-2014,01/01/2014,01-January,4-Wednesday,07:20,0700 Hours,District 4 (Southwest),,HARRISON,,Co Rd L20/LOESS HILLS TRL,Collision with fixed object:  Bridge overhead structure,On Roadway,Non-collision (single vehicle),Driving too fast for conditions,None Indicated,,Daylight,Snow,Snow,"Surface condition (e.g., wet, icy)",Non-intersection:  Non-junction/no special feature,Paved,,Property Damage Only,0,0,0,0,0,0,10000,1,1,,POINT (-95.885237272618 41.522507357072)
2014777726,20140000055,01/01/2014,01-January,4-Wednesday,13:33,1300 Hours,District 1 (Central),POLK CITY,POLK,,UNIVERSITY AVE & KEOSAUQUA WAY RAMP,Collision with:  Vehicle in traffic,On Roadway,Broadside (front to side),Lost Control,None Indicated,,Daylight,Dry,Snow,None apparent,Non-intersection:  Non-junction/no special feature,Paved,,Property Damage Only,0,0,0,0,0,0,3300,2,1,,POINT (-93.63913950761 41.600419070743)
2014777107,2014000140,01/01/2014,01-January,4-Wednesday,14:05,1400 Hours,District 5 (Southeast),,WARREN,I-35,I-35,Collision with fixed object:  Tree,On Roadway,Non-collision (single vehicle),Ran off road - right,None Indicated,,Daylight,Snow,Snow,"Surface condition (e.g., wet, icy)",Non-intersection:  Non-junction/no special feature,Paved,,Property Damage Only,0,0,0,0,0,0,4200,1,2,,POINT (-93.786286418706 41.203861383134)
2014777213,14-0053,01/01/2014,01-January,4-Wednesday,15:19,1500 Hours,District 5 (Southeast),BURLINGTON,DES MOINES,,AGENCY ST & SHIELDS ST,Collision with fixed object:  Curb/island/raised median,On Roadway,Non-collision (single vehicle),Lost Control,None Indicated,,Daylight,Snow,Cloudy,"Surface condition (e.g., wet, icy)",Intersection:  Four-way intersection,Paved,,Property Damage Only,0,0,0,0,0,0,2600,1,3,,POINT (-91.129929423738 40.814519890845)
2014777000,14-0014,01/01/2014,01-January,4-Wednesday,16:50,1600 Hours,District 4 (Southwest),WEST DES MOINES,DALLAS,I-80,I-80,Collision with fixed object:  Other fixed object (explain in narrative),On Roadway,Non-collision (single vehicle),Swerving/Evasive Action,None Indicated,,Dark - roadway not lighted,Snow,Cloudy,"Surface condition (e.g., wet, icy)",Non-intersection:  Non-junction/no special feature,Paved,,Property Damage Only,0,0,0,0,0,0,9537,1,1,,POINT (-93.820182826632 41.586353690687)
2014777584,01-14-90,01/01/2014,01-January,4-Wednesday,14:27,1400 Hours,District 6 (East Central),DUBUQUE,DUBUQUE,US 61,US 61 & KERPER BLVD,Non-collision events:  Other non-collision (explain in narrative),On Roadway,Non-collision (single vehicle),Lost Control,None Indicated,,Daylight,Ice/frost,Cloudy,"Surface condition (e.g., wet, icy)",Non-intersection:  Other non-intersection (explain in narrative),Paved,,Property Damage Only,0,0,0,0,0,0,5000,1,2,,POINT (-90.654508992641 42.513571823374)
2014777811,14-001,01/01/2014,01-January,4-Wednesday,11:10,1100 Hours,District 4 (Southwest),BLOCKTON,TAYLOR,,NORTH ST & SUMMIT ST & PHOENIX ST,Non-collision events:  Overturn/rollover,On Roadway,Non-collision (single vehicle),Other (explain in narrative):  No improper action,None Indicated,,Daylight,Snow,Clear,"Surface condition (e.g., wet, icy)",Intersection:  Four-way intersection,Unpaved,,Property Damage Only,0,0,0,0,0,0,1501,1,1,,POINT (-94.477203266326 40.617832485392)
2014777085,14-56,01/01/2014,01-January,4-Wednesday,06:30,0600 Hours,District 3 (Northwest),SIOUX CITY,WOODBURY,,W 4TH ST,Collision with:  Parked motor vehicle,On Roadway,"Sideswipe, same direction",Lost Control,Alcohol (Statutory),,Dark - roadway lighted,Snow,Cloudy,None apparent,Non-intersection:  Non-junction/no special feature,Paved,,Property Damage Only,0,0,0,0,0,0,6600,3,1,,POINT (-96.424780095685 42.500398214852)
2014777573,02-13-18,01/01/2014,01-January,4-Wednesday,09:24,0900 Hours,District 6 (East Central),ASBURY,DUBUQUE,,SPRING GREEN DR,Collision with:  Vehicle in traffic,On Roadway,Broadside (front to side),Lost Control,None Indicated,,Daylight,Snow,Snow,"Surface condition (e.g., wet, icy)",Intersection:  T-intersection,Paved,,Property Damage Only,0,0,0,0,0,0,5000,2,2,,POINT (-90.758908760549 42.514635438644)
2014779053,14-000003,01/01/2014,01-January,4-Wednesday,20:00,2000 Hours,District 1 (Central),AMES,STORY,,13TH ST,Collision with fixed object:  Utility pole/light support,On Roadway,Non-collision (single vehicle),Driving too fast for conditions,None Indicated,,Dark - roadway lighted,Snow,Snow,"Surface condition (e.g., wet, icy)",Non-intersection:  Non-junction/no special feature,Paved,,Property Damage Only,0,0,0,0,0,0,4500,1,1,,POINT (-93.636801653604 42.034519213047)
2014777894,,01/01/2014,01-January,4-Wednesday,13:00,1300 Hours,District 4 (Southwest),ADEL,DALLAS,US 6,US 6,Collision with:  Vehicle in traffic,On Roadway,Broadside (front to side),Made improper turn,None Indicated,,Daylight,Snow,Snow,None apparent,Non-intersection:  Non-junction/no special feature,Paved,,Property Damage Only,0,0,0,0,0,0,10100,2,2,,POINT (-94.00795596749 41.614476201194)
2014776939,201400045,01/01/2014,01-January,4-Wednesday,15:52,1500 Hours,District 6 (East Central),CEDAR RAPIDS,LINN,,15TH AVE SW & K ST SW,Collision with:  Vehicle in traffic,On Roadway,"Sideswipe, same direction",FTYROW:  Making left turn,None Indicated,,Daylight,Snow,Snow,None apparent,Intersection:  Four-way intersection,Paved,,Possible/Unknown,0,1,0,0,1,0,5200,2,3,,POINT (-91.668647051758 41.962654940262)
2014779099,2014000083,01/01/2014,01-January,4-Wednesday,10:51,1000 Hours,District 5 (Southeast),,WARREN,I-35,I-35,Non-collision events:  Other non-collision (explain in narrative),On Roadway,Non-collision (single vehicle),Ran off road - right,None Indicated,,Daylight,Ice/frost,"Sleet, hail","Surface condition (e.g., wet, icy)",Non-intersection:  Non-junction/no special feature,Paved,,Property Damage Only,0,0,0,0,0,0,3000,1,2,,POINT (-93.779771569129 41.334076056133)
2014777190,14000147,01/01/2014,01-January,4-Wednesday,11:27,1100 Hours,District 2 (Northeast),CEDAR FALLS,BLACK HAWK,,23RD ST & COLLEGE ST,Collision with:  Vehicle in traffic,On Roadway,"Angle, oncoming left turn",FTYROW:  Making left turn,None Indicated,,Daylight,Snow,Cloudy,None apparent,Intersection:  T-intersection,Paved,,Property Damage Only,0,0,0,0,0,0,1500,2,2,,POINT (-92.45578719216 42.516727861145)
2014776976,20140000038,01/01/2014,01-January,4-Wednesday,10:35,1000 Hours,District 1 (Central),DES MOINES,POLK,,INDIANOLA AVE,Collision with fixed object:  Curb/island/raised median,On Roadway,Non-collision (single vehicle),Ran off road - right,None Indicated,,Daylight,Snow,Snow,"Surface condition (e.g., wet, icy)",Non-intersection:  Other non-intersection (explain in narrative),Paved,,Possible/Unknown,0,1,0,0,1,0,6500,1,4,,POINT (-93.583355264521 41.542105258369)
2014777209,CL14000004,01/01/2014,01-January,4-Wednesday,12:12,1200 Hours,District 6 (East Central),CLINTON,CLINTON,,MELROSE CT,Collision with:  Parked motor vehicle,On Roadway,Broadside (front to side),FTYROW:  From parked position,None Indicated,,Daylight,Snow,Snow,"Surface condition (e.g., wet, icy)",Non-intersection:  Non-junction/no special feature,Paved,,Property Damage Only,0,0,0,0,0,0,2000,2,2,,POINT (-90.211322233063 41.836820292147)