Iowa DOT Case Number,Law Enforcement Case Number,Date of Crash,Month of Crash,Day of Week,Time of Crash,Hour,DOT District,City Name,County Name,Route with System,Location Description,First Harmful Event,Location of First Harmful Event,Manner of Crash/Collision,Major Cause,Drug or Alcohol ,Environmental Conditions,Light Conditions,Surface Conditions,Weather Conditions,Roadway Contribution,Roadway Type,Roadway Surface,Work Zone,Crash Severity,Number of Fatalities,Number of Injuries,Number of Major Injuries,Number of Minor Injuries,Number of Possible Injuries,Number of Unknown Injuries,Amount of Property Damage,Number of Vehicles Involved,Total Number of Occupants,Travel Direction,Location
2014777276,14-0012,01/02/2014,01-January,5-Thursday,15:22,1500 Hours,District 1 (Central),URBANDALE,POLK,,86TH ST,Collision with:  Vehicle in traffic,On Roadway,Rear-end (front to rear),Followed too close,None Indicated,,Daylight,Wet,Clear,None apparent,Intersection:  Four-way intersection,Paved,,Property Damage Only,0,0,0,0,0,0,4500,2,4,,POINT (-93.7364444265 41.620310277092)
2014776905,14-107,01/02/2014,01-January,5-Thursday,08:25,0800 Hours,District 5 (Southeast),BURLINGTON,DES MOINES,,VALLEY ST & FLINT HILLS DR,Collision with:  Vehicle in traffic,On Roadway,Broadside (front to side),FTYROW:  From driveway,None Indicated,,Daylight,Snow,Cloudy,None apparent,Non-intersection:  Driveway access (within),Paved,,Property Damage Only,0,0,0,0,0,0,3500,2,6,,POINT (-91.133813586268 40.810880584458)
2014777359,14-000017,01/02/2014,01-January,5-Thursday,10:43,1000 Hours,District 1 (Central),AMES,STORY,,24TH ST & NORTHWESTERN AVE,Collision with:  Vehicle in traffic,On Roadway,Broadside (front to side),Ran Stop Sign,None Indicated,,Daylight,Snow,Clear,None apparent,Intersection:  Four-way intersection,Paved,,Property Damage Only,0,0,0,0,0,0,7000,2,3,,POINT (-93.625880743022 42.045648331815)
2014777510,14000096,01/02/2014,01-January,5-Thursday,16:47,1600 Hours,District 2 (Northeast),MASON CITY,CERRO GORDO,IA 122,IA 122/4TH ST SE,Collision with fixed object:  Curb/island/raised median,On Roadway,Non-collision (single vehicle),Swerving/Evasive Action,None Indicated,,Daylight,Ice/frost,Clear,Other (explain in narrative),Non-intersection:  Non-junction/no special feature,Paved,,Property Damage Only,0,0,0,0,0,0,4600,1,1,,POINT (-93.172655184583 43.148075428767)
2014782674,14-00021,01/02/2014,01-January,5-Thursday,10:45,1000 Hours,District 2 (Northeast),OELWEIN,FAYETTE,,5TH AVE SE,Collision with:  Vehicle in traffic,On Roadway,Rear-end (front to rear),FTYROW:  From parked position,None Indicated,,Daylight,Snow,Clear,None apparent,Non-intersection:  Non-junction/no special feature,Paved,,Property Damage Only,0,0,0,0,0,0,1500,2,5,,POINT (-91.906622072944 42.677885482375)
2014777211,CL14000009,01/02/2014,01-January,5-Thursday,08:10,0800 Hours,District 6 (East Central),CLINTON,CLINTON,,3RD AVE N,Collision with:  Vehicle in traffic,On Roadway,"Sideswipe, opposite direction",Other (explain in narrative):  Other,None Indicated,,Unknown,Snow,Unknown,Unknown,Intersection:  T-intersection,Paved,,Property Damage Only,0,0,0,0,0,0,2600,2,1,,POINT (-90.198731005979 41.848842489397)
2014777731,20140000190,01/02/2014,01-January,5-Thursday,20:50,2000 Hours,District 1 (Central),DES MOINES,POLK,,49TH ST,Collision with:  Parked motor vehicle,On Roadway,Broadside (front to side),Improper Backing,None Indicated,,Dark - roadway lighted,Snow,Clear,None apparent,Non-intersection:  Non-junction/no special feature,Paved,,Property Damage Only,0,0,0,0,0,0,3000,2,1,,POINT (-93.685153647035 41.615799568867)
2014777288,S14-000010,01/02/2014,01-January,5-Thursday,06:06,0600 Hours,District 4 (Southwest),,POTTAWATTAMIE,,APPLEWOOD RD,Non-collision events:  Overturn/rollover,On Roadway,Non-collision (single vehicle),Driving too fast for conditions,None Indicated,,Dark - roadway not lighted,Snow,Clear,"Surface condition (e.g., wet, icy)",Non-intersection:  Non-junction/no special feature,Unpaved,,Property Damage Only,0,0,0,0,0,0,8000,1,2,,POINT (-95.780972536004 41.16703133893)
2014777968,2014000062,01/02/2014,01-January,5-Thursday,18:13,1800 Hours,District 6 (East Central),IOWA CITY,JOHNSON,,E COURT ST,Collision with:  Vehicle in traffic,On Roadway,"Sideswipe, same direction",Lost Control,Alcohol (Statutory),,Dark - roadway not lighted,Other (explain in narrative),Clear,None apparent,Non-intersection:  Non-junction/no special feature,Paved,,Property Damage Only,0,0,0,0,0,0,8000,2,1,,POINT (-91.517036773138 41.656714625363)
2014777724,20140000186,01/02/2014,01-January,5-Thursday,19:35,1900 Hours,District 1 (Central),DES MOINES,POLK,US 69,US 69/E 14TH ST,Collision with:  Vehicle in traffic,On Roadway,"Sideswipe, same direction",Unknown,None Indicated,,Dark - roadway lighted,Wet,Clear,None apparent,Non-intersection:  Non-junction/no special feature,Paved,,Property Damage Only,0,0,0,0,0,0,4500,2,3,,POINT (-93.598134892134 41.593803223232)
2014777295,14-000146,01/02/2014,01-January,5-Thursday,11:38,1100 Hours,District 4 (Southwest),COUNCIL BLUFFS,POTTAWATTAMIE,,WOODBURY AVE & MADISON AVE,Collision with:  Vehicle in traffic,On Roadway,Rear-end (front to rear),Followed too close,None Indicated,,Daylight,Wet,Clear,None apparent,Intersection:  Four-way intersection,Paved,,Property Damage Only,0,0,0,0,0,0,4000,2,2,,POINT (-95.825688095535 41.24285731142)
2014777742,20140000170,01/02/2014,01-January,5-Thursday,18:27,1800 Hours,District 1 (Central),DES MOINES,POLK,US 69,US 69/E 14TH ST & CLEVELAND AVE,Collision with:  Vehicle in traffic,On Roadway,Rear-end (front to rear),"Operating vehicle in an reckless, erratic, careless, negligent manner",None Indicated,,Dark - roadway lighted,Wet,Cloudy,None apparent,Intersection:  Four-way intersection,Paved,,Property Damage Only,0,0,0,0,0,0,2800,2,3,,POINT (-93.600495473247 41.605113016663)
2014778564,2014-00062,01/02/2014,01-January,5-Thursday,08:47,0800 Hours,District 5 (Southeast),,WARREN,US 65,US 65 & Co Rd G24/SUMMERSET RD,Collision with:  Vehicle in traffic,On Roadway,Rear-end (front to rear),Driving too fast for conditions,None Indicated,,Daylight,Snow,Clear,"Surface condition (e.g., wet, icy)",Intersection:  T-intersection,Paved,,Property Damage Only,0,0,0,0,0,0,3500,2,4,,POINT (-93.558663067693 41.431166357534)
2014777282,14-0032,01/02/2014,01-January,5-Thursday,17:18,1700 Hours,District 1 (Central),WEST DES MOINES,POLK,,35TH ST/VALLEY WEST DR,Collision with:  Vehicle in traffic,On Roadway,"Sideswipe, same direction",Swerving/Evasive Action,None Indicated,,Dark - roadway not lighted,Wet,Clear,"Surface condition (e.g., wet, icy)",Non-intersection:  Non-junction/no special feature,Paved,,Possible/Unknown,0,1,0,0,1,0,4600,2,2,,POINT (-93.751932242248 41.59888999656)
2014781723,14-002,01/02/2014,01-January,5-Thursday,08:30,0800 Hours,District 3 (Northwest),SIOUX CENTER,SIOUX,US 75,US 75/MAIN AVE & 16TH ST SE,Collision with:  Vehicle in traffic,On Roadway,"Angle, oncoming left turn",FTYROW:  Making left turn,None Indicated,,Daylight,Dry,Cloudy,None apparent,Intersection:  Four-way intersection,Paved,,Possible/Unknown,0,2,0,0,2,0,9000,2,2,,POINT (-96.175336899982 43.060392590136)
2014778026,2014-401,01/02/2014,01-January,5-Thursday,16:10,1600 Hours,District 6 (East Central),DAVENPORT,SCOTT,,W 4TH ST & N LINCOLN AVE,Collision with fixed object:  Other fixed object (explain in narrative),Shoulder,Non-collision (single vehicle),Exceeded authorized speed,None Indicated,,Daylight,Wet,Cloudy,None apparent,Intersection:  Other intersection (explain in narrative),Paved,,Major Injury,0,3,2,1,0,0,67500,1,2,,POINT (-90.612952947338 41.523370601223)
2014786516,,01/02/2014,01-January,5-Thursday,07:00,0700 Hours,District 2 (Northeast),,WINNESHIEK,IA 9,IA 9/IOWA 9,Collision with:  Animal,On Roadway,Non-collision (single vehicle),Animal,None Indicated,,Daylight,Snow,Cloudy,None apparent,Non-intersection:  Non-junction/no special feature,Paved,,Property Damage Only,0,0,0,0,0,0,5000,1,1,,POINT (-92.048161050734 43.343861036957)
2014777517,14-000058,01/02/2014,01-January,5-Thursday,15:38,1500 Hours,District 3 (Northwest),SPENCER,CLAY,US 18,US 18/S GRAND AVE,Collision with:  Vehicle in traffic,On Roadway,"Angle, oncoming left turn",FTYROW:  Making left turn,None Indicated,,Daylight,Wet,Clear,None apparent,Non-intersection:  Driveway access (within),Paved,,Property Damage Only,0,0,0,0,0,0,7500,2,4,,POINT (-95.143887851354 43.129872424236)
2014777283,14-0035,01/02/2014,01-January,5-Thursday,19:30,1900 Hours,District 1 (Central),WEST DES MOINES,POLK,I-235,I-235 & 35TH ST/VALLEY WEST DR,Collision with:  Vehicle in traffic,On Roadway,Rear-end (front to rear),"Operating vehicle in an reckless, erratic, careless, negligent manner",None Indicated,,Dark - roadway lighted,Wet,Clear,None apparent,Non-intersection:  Non-junction/no special feature,Paved,,Possible/Unknown,0,1,0,0,1,0,11700,4,7,,POINT (-93.75184078012 41.591009283833)
2014777502,1400013,01/02/2014,01-January,5-Thursday,06:45,0600 Hours,District 2 (Northeast),MASON CITY,CERRO GORDO,US 65,US 65,Collision with:  Vehicle in traffic,On Roadway,Rear-end (front to rear),Followed too close,None Indicated,,Dark - roadway lighted,Snow,Cloudy,None apparent,Interchange-related:  Off-ramp,Paved,,Property Damage Only,0,0,0,0,0,0,4050,2,2,,POINT (-93.201282355461 43.105867772519)
2014778775,,01/02/2014,01-January,5-Thursday,05:15,0500 Hours,District 6 (East Central),,JOHNSON,,140TH ST,Collision with:  Animal,On Roadway,Non-collision (single vehicle),Animal,None Indicated,,Dark - roadway not lighted,Snow,Clear,,Non-intersection:  Driveway access (within),Unpaved,,Property Damage Only,0,0,0,0,0,0,3000,1,1,,POINT (-91.578598796564 41.832844959213)
2014778130,14-31,01/02/2014,01-January,5-Thursday,08:16,0800 Hours,District 3 (Northwest),CARROLL,CARROLL,,WALNUT ST,Collision with:  Vehicle in traffic,On Roadway,Rear-end (front to rear),Improper Backing,None Indicated,,Daylight,Snow,Clear,None apparent,Non-intersection:  Non-junction/no special feature,Paved,,Property Damage Only,0,0,0,0,0,0,2000,2,2,,POINT (-94.863209079089 42.052700326811)
2014785479,14000085,01/02/2014,01-January,5-Thursday,17:26,1700 Hours,District 6 (East Central),,CEDAR,IA 38,IA 38/IOWA 38,Collision with:  Animal,,,Animal,None Indicated,,,,,,,Paved,,Property Damage Only,0,0,0,0,0,0,2000,1,1,,POINT (-91.132645149712 41.700980676298)
2014778349,201400015,01/02/2014,01-January,5-Thursday,14:41,1400 Hours,District 1 (Central),BOONE,BOONE,,ALDRICH AVE & S STORY ST,Collision with:  Vehicle in traffic,On Roadway,Rear-end (front to rear),Lost Control,None Indicated,,Daylight,Ice/frost,Clear,None apparent,Intersection:  Four-way intersection,Paved,,Minor Injury,0,1,0,1,0,0,5500,2,2,,POINT (-93.879947880668 42.052988088649)
2014777748,20140000217,01/02/2014,01-January,5-Thursday,14:30,1400 Hours,District 1 (Central),DES MOINES,POLK,,HOLCOMB AVE,Collision with:  Vehicle in traffic,On Roadway,Unknown,Improper Backing,None Indicated,,Daylight,Unknown,Unknown,Unknown,Non-intersection:  Non-junction/no special feature,Paved,,Property Damage Only,0,0,0,0,0,0,2000,2,1,,POINT (-93.614810948629 41.61634140897)
2014778040,14-000007,01/02/2014,01-January,5-Thursday,14:16,1400 Hours,District 1 (Central),,STORY,,Co Rd S14/620TH AVE,Non-collision events:  Other non-collision (explain in narrative),Shoulder,Non-collision (single vehicle),Ran off road - right,None Indicated,,Daylight,Dry,Clear,None apparent,Non-intersection:  Non-junction/no special feature,Paved,,Possible/Unknown,0,1,0,0,1,0,2500,1,1,,POINT (-93.462731547535 42.048925882079)
2014778305,2014000465,01/02/2014,01-January,5-Thursday,23:40,2300 Hours,District 4 (Southwest),,MADISON,,Co Rd G61/MACKSBURG RD & BITTERSWEET AVE,Collision with fixed object:  Ditch,On Roadway,Non-collision (single vehicle),Driving too fast for conditions,None Indicated,,Dark - roadway not lighted,Ice/frost,Clear,"Surface condition (e.g., wet, icy)",Non-intersection:  Non-junction/no special feature,Paved,,Property Damage Only,0,0,0,0,0,0,5000,1,1,,POINT (-94.222954696841 41.207609245697)
2014781610,14-000113,01/02/2014,01-January,5-Thursday,16:10,1600 Hours,District 5 (Southeast),,MAHASKA,,Co Rd G71/310TH ST,Collision with fixed object:  Ditch,On Roadway,Non-collision (single vehicle),Crossed centerline (undivided),None Indicated,,Daylight,Ice/frost,Clear,"Surface condition (e.g., wet, icy)",Non-intersection:  Non-junction/no special feature,Paved,,Major Injury,0,1,1,0,0,0,7000,1,3,,POINT (-92.787812046986 41.204746761518)
2014779546,AP 14 002,01/02/2014,01-January,5-Thursday,08:24,0800 Hours,District 6 (East Central),ANAMOSA,JONES,,E 1ST ST & S SCOTT ST,Collision with fixed object:  Utility pole/light support,On Roadway,Non-collision (single vehicle),Swerving/Evasive Action,None Indicated,,Daylight,Snow,Snow,None apparent,Non-intersection:  Driveway access (within),Paved,,Property Damage Only,0,0,0,0,0,0,4100,1,4,,POINT (-91.279500732288 42.106507102029)
2014778950,1401-001,01/02/2014,01-January,5-Thursday,04:44,0400 Hours,District 3 (Northwest),,OSCEOLA,,Co Rd A48/250TH ST & Co Rd M12/VINE AVE,Collision with fixed object:  Ditch,Shoulder,Non-collision (single vehicle),Ran off road - straight,None Indicated,,Dark - roadway not lighted,Dry,Cloudy,None apparent,Non-intersection:  Other non-intersection (explain in narrative),Paved,,Major Injury,0,1,1,0,0,0,8050,1,1,,POINT (-95.486226751158 43.284397220615)
2014777701,01-14-006,01/02/2014,01-January,5-Thursday,12:50,1200 Hours,District 3 (Northwest),LE MARS,PLYMOUTH,,6TH ST SE & 4TH AVE SE,Collision with:  Vehicle in traffic,On Roadway,Broadside (front to side),FTYROW:  From stop sign,None Indicated,,Daylight,Snow,Clear,None apparent,Intersection:  T-intersection,Paved,,Property Damage Only,0,0,0,0,0,0,2000,2,2,,POINT (-96.160644547786 42.786117509463)
2014777721,20140000147,01/02/2014,01-January,5-Thursday,14:50,1400 Hours,District 1 (Central),DES MOINES,POLK,IA 163,IA 163/E UNIVERSITY AVE,Collision with:  Vehicle in traffic,On Roadway,"Sideswipe, same direction","Operating vehicle in an reckless, erratic, careless, negligent manner",None Indicated,,Daylight,Wet,Clear,None apparent,Non-intersection:  Non-junction/no special feature,Paved,,Property Damage Only,0,0,0,0,0,0,5500,2,6,,POINT (-93.598091850974 41.60083810265)
2014778846,010214-153,01/02/2014,01-January,5-Thursday,18:10,1800 Hours,District 3 (Northwest),,BUENA VISTA,,Co Rd C49/590TH ST,Collision with:  Animal,On Roadway,Non-collision (single vehicle),Animal,None Indicated,,Dark - roadway not lighted,Dry,Clear,None apparent,Non-intersection:  Non-junction/no special feature,Paved,,Property Damage Only,0,0,0,0,0,0,8000,1,1,,POINT (-95.066170090849 42.661755740459)
2014776954,14-18,01/02/2014,01-January,5-Thursday,07:51,0700 Hours,District 4 (Southwest),GRIMES,DALLAS,IA 44,IA 44/240TH ST,Collision with fixed object:  Ditch,Outside trafficway,Non-collision (single vehicle),Crossed centerline (undivided),None Indicated,,Daylight,Dry,Clear,None apparent,Non-intersection:  Non-junction/no special feature,Paved,,Property Damage Only,0,0,0,0,0,0,2500,1,1,,POINT (-93.819399050948 41.688410046149)
2014778563,2014-00069,01/02/2014,01-January,5-Thursday,11:00,1100 Hours,District 5 (Southeast),,WARREN,,30TH AVE & INWOOD ST,Collision with fixed object:  Ditch,On Roadway,Non-collision (single vehicle),Ran off road - right,None Indicated,,Daylight,Snow,Clear,None apparent,Non-intersection:  Non-junction/no special feature,Unpaved,,Property Damage Only,0,0,0,0,0,0,3500,1,1,,POINT (-93.751034328308 41.373981603777)
2014777081,14-137,01/02/2014,01-January,5-Thursday,05:48,0500 Hours,District 3 (Northwest),SIOUX CITY,WOODBURY,,HARBOR DR,Collision with:  Vehicle in traffic,On Roadway,"Sideswipe, opposite direction",Crossed centerline (undivided),None Indicated,,Dark - roadway lighted,Snow,Clear,"Surface condition (e.g., wet, icy)",Non-intersection:  Non-junction/no special feature,Paved,,Property Damage Only,0,0,0,0,0,0,9000,2,3,,POINT (-96.375697114092 42.432440192553)
2014777268,20140000156,01/02/2014,01-January,5-Thursday,15:50,1500 Hours,District 1 (Central),DES MOINES,POLK,,INDIANOLA AVE,Collision with:  Vehicle in traffic,On Roadway,Rear-end (front to rear),Driver Distraction:  Reaching for object(s)/fallen object(s),None Indicated,,Daylight,Dry,Clear,None apparent,Non-intersection:  Non-junction/no special feature,Paved,,Possible/Unknown,0,1,0,0,0,1,7000,2,3,,POINT (-93.594464890955 41.550803480558)
2014777849,2014000463,01/02/2014,01-January,5-Thursday,23:45,2300 Hours,District 1 (Central),DES MOINES,POLK,I-235,I-235 & 9TH ST,Collision with fixed object:  Utility pole/light support,Roadside,Non-collision (single vehicle),Ran off road - left,Alcohol (Statutory),,Dark - roadway lighted,Dry,Cloudy,None apparent,Interchange-related:  Off-ramp,Paved,,Possible/Unknown,0,1,0,0,1,0,6297,1,1,,POINT (-93.629303173473 41.595843615382)
2014776917,14-109,01/02/2014,01-January,5-Thursday,08:05,0800 Hours,District 1 (Central),,JASPER,,S 28TH AVE W,Collision with:  Vehicle in traffic,On Roadway,"Sideswipe, opposite direction",Unknown,None Indicated,,Daylight,Snow,Clear,"Surface condition (e.g., wet, icy)",Non-intersection:  Driveway access (within),Unpaved,,Property Damage Only,0,0,0,0,0,0,10000,2,3,,POINT (-93.065546276744 41.67406373319)
2014777565,01-14-182,01/02/2014,01-January,5-Thursday,11:44,1100 Hours,District 6 (East Central),DUBUQUE,DUBUQUE,,DELHI ST,Collision with:  Parked motor vehicle,On Roadway,"Sideswipe, same direction",Lost Control,None Indicated,,Daylight,Wet,Clear,None apparent,Non-intersection:  Non-junction/no special feature,Paved,,Property Damage Only,0,0,0,0,0,0,1500,2,1,,POINT (-90.688203284568 42.497020840565)
2014777260,14-000024,01/02/2014,01-January,5-Thursday,13:24,1300 Hours,District 1 (Central),ANKENY,POLK,,E 1ST ST & NE SHERMAN DR,Collision with:  Vehicle in traffic,On Roadway,Rear-end (front to rear),Other (explain in narrative):  Other,None Indicated,,Daylight,Wet,Clear,None apparent,Non-intersection:  Non-junction/no special feature,Paved,,Property Damage Only,0,0,0,0,0,0,1800,2,2,,POINT (-93.596371645747 41.731846812991)
2014777298,14-000174,01/02/2014,01-January,5-Thursday,14:55,1400 Hours,District 4 (Southwest),COUNCIL BLUFFS,POTTAWATTAMIE,IA 192,IA 192/N 16TH ST & AVE A,Collision with:  Vehicle in traffic,On Roadway,"Angle, oncoming left turn",FTYROW:  Making left turn,None Indicated,,Daylight,Wet,Clear,None apparent,Intersection:  Four-way intersection,Paved,,Property Damage Only,0,0,0,0,0,0,5000,2,6,,POINT (-95.867558241965 41.262752109659)
2014777777,14-000127,01/02/2014,01-January,5-Thursday,08:35,0800 Hours,District 4 (Southwest),COUNCIL BLUFFS,POTTAWATTAMIE,,AVE F,Collision with fixed object:  Utility pole/light support,Outside trafficway,Non-collision (single vehicle),Ran off road - right,None Indicated,,Daylight,Wet,Cloudy,None apparent,Non-intersection:  Non-junction/no special feature,Paved,,Property Damage Only,0,0,0,0,0,0,3500,1,1,,POINT (-95.856141289071 41.266989919637)
2014777394,14-151,01/02/2014,01-January,5-Thursday,10:38,1000 Hours,District 3 (Northwest),SIOUX CITY,WOODBURY,,14TH ST & DOUGLAS ST,Collision with:  Vehicle in traffic,On Roadway,Rear-end (front to rear),Followed too close,None Indicated,,Daylight,Slush,Clear,None apparent,Intersection:  Four-way intersection,Paved,,Possible/Unknown,0,1,0,0,1,0,950,2,2,,POINT (-96.406535055121 42.505021640356)
2014777633,14-150102-01,01/02/2014,01-January,5-Thursday,18:20,1800 Hours,District 6 (East Central),,IOWA,IA 149,IA 149/P AVE,Collision with:  Animal,,,Animal,None Indicated,,,,,,,Paved,,Property Damage Only,0,0,0,0,0,0,6000,1,1,,POINT (-92.004660993373 41.598697575832)
2014778659,010214-87,01/02/2014,01-January,5-Thursday,10:15,1000 Hours,District 3 (Northwest),,BUENA VISTA,IA 7,IA 7/640TH ST,Non-collision events:  Other non-collision (explain in narrative),On Roadway,Non-collision (single vehicle),Swerving/Evasive Action,None Indicated,,Daylight,Dry,Clear,None apparent,Non-intersection:  Non-junction/no special feature,Paved,,Possible/Unknown,0,1,0,0,1,0,2600,1,1,,POINT (-94.97636205273 42.589498130037)
2014778323,,01/02/2014,01-January,5-Thursday,15:20,1500 Hours,District 6 (East Central),CEDAR RAPIDS,LINN,,20TH AVE SW & BOWLING ST SW,Collision with:  Vehicle in traffic,On Roadway,Rear-end (front to rear),Unknown,None Indicated,,Daylight,Wet,Cloudy,,Intersection:  T-intersection,Paved,,Property Damage Only,0,0,0,0,0,0,4000,2,2,,POINT (-91.657535250278 41.958526656946)
2014778642,,01/02/2014,01-January,5-Thursday,15:54,1500 Hours,District 2 (Northeast),,BUTLER,IA 14,IA 14/IOWA 14,Collision with:  Vehicle in traffic,On Roadway,"Sideswipe, opposite direction",FTYROW:  Other (explain in narrative),None Indicated,,Daylight,Dry,Clear,None apparent,Non-intersection:  Non-junction/no special feature,Paved,,Possible/Unknown,0,1,0,0,1,0,15750,2,3,,POINT (-92.810043618227 42.876527212588)
2014778041,14-000011,01/02/2014,01-January,5-Thursday,15:24,1500 Hours,District 1 (Central),,STORY,,110TH ST,Non-collision events:  Overturn/rollover,On Roadway,Non-collision (single vehicle),Crossed centerline (undivided),None Indicated,,Daylight,Snow,Clear,None apparent,Intersection:  Four-way intersection,Unpaved,,Property Damage Only,0,0,0,0,0,0,4000,1,2,,POINT (-93.309190147096 42.19519377926)
2014777284,14-0005,01/02/2014,01-January,5-Thursday,16:24,1600 Hours,District 1 (Central),WINDSOR HEIGHTS,POLK,US 6,US 6/HICKMAN RD & WESTOVER BLVD,Collision with:  Vehicle in traffic,On Roadway,Rear-end (front to rear),Driver Distraction:  Passenger,None Indicated,,Daylight,Dry,Clear,None apparent,Intersection:  Four-way intersection,Paved,,Minor Injury,0,1,0,1,0,0,1000,2,3,,POINT (-93.706196231858 41.614870587951)
2014778035,14-061,01/02/2014,01-January,5-Thursday,15:55,1500 Hours,District 3 (Northwest),,SIOUX,,Co Rd L26/MCKINLEY AVE & 430TH ST,Collision with fixed object:  Culvert/pipe opening,Shoulder,Non-collision (single vehicle),Ran off road - left,None Indicated,,Daylight,Dry,Clear,None apparent,Non-intersection:  Non-junction/no special feature,Paved,,Minor Injury,0,2,0,1,1,0,3000,1,2,,POINT (-95.860067326568 43.017776653998)
2014776969,20140000115,01/02/2014,01-January,5-Thursday,09:23,0900 Hours,District 1 (Central),DES MOINES,POLK,,CAULDER AVE & GLOVER AVE,Collision with:  Vehicle in traffic,On Roadway,Broadside (front to side),Ran Stop Sign,None Indicated,,Daylight,Snow,Clear,None apparent,Intersection:  Four-way intersection,Paved,,Property Damage Only,0,0,0,0,0,0,6200,2,2,,POINT (-93.628822733797 41.553746260466)
2014780009,14-000148,01/02/2014,01-January,5-Thursday,22:14,2200 Hours,District 5 (Southeast),,LEE,,Co Rd X32/303 AVE,Collision with fixed object:  Ditch,Shoulder,Non-collision (single vehicle),Crossed centerline (undivided),Alcohol (< Statutory),,Dark - unknown roadway lighting,Dry,Clear,None apparent,Non-intersection:  Non-junction/no special feature,Paved,,Minor Injury,0,1,0,1,0,0,10050,1,2,,POINT (-91.317070087912 40.649140449639)
2014777642,C14000030,01/02/2014,01-January,5-Thursday,17:20,1700 Hours,District 6 (East Central),CORALVILLE,JOHNSON,,CORAL RIDGE AVE,Collision with:  Vehicle in traffic,On Roadway,Rear-end (front to rear),Driving too fast for conditions,None Indicated,,Daylight,Snow,Cloudy,"Surface condition (e.g., wet, icy)",Non-intersection:  Non-junction/no special feature,Paved,,Property Damage Only,0,0,0,0,0,0,8000,2,3,,POINT (-91.608391144439 41.699892204654)
2014777935,032-002-14,01/02/2014,01-January,5-Thursday,10:11,1000 Hours,District 3 (Northwest),ESTHERVILLE,EMMET,,N 4TH ST,Collision with:  Vehicle in traffic,On Roadway,Broadside (front to side),FTYROW:  From parked position,None Indicated,,Daylight,Snow,Clear,None apparent,Non-intersection:  Non-junction/no special feature,Paved,,Property Damage Only,0,0,0,0,0,0,2800,2,2,,POINT (-94.839286971033 43.403497671196)
2014812916,NT-14-001,01/02/2014,01-January,5-Thursday,09:45,0900 Hours,District 1 (Central),NEVADA,STORY,,6TH ST,Collision with:  Vehicle in traffic,On Roadway,Rear-end (front to rear),Driving too fast for conditions,None Indicated,,Daylight,Snow,Clear,None apparent,Intersection:  Four-way intersection,Paved,,Property Damage Only,0,0,0,0,0,0,2500,2,3,,POINT (-93.452287019859 42.022803396074)
2014777370,14010026,01/02/2014,01-January,5-Thursday,23:50,2300 Hours,District 5 (Southeast),,WAPELLO,,73RD ST,Collision with fixed object:  Utility pole/light support,Outside trafficway,Non-collision (single vehicle),Ran off road - right,None Indicated,,Dark - roadway not lighted,Dry,Clear,None apparent,Non-intersection:  Non-junction/no special feature,Paved,,Property Damage Only,0,0,0,0,0,0,7000,1,1,,POINT (-92.339322450697 40.997817875265)
2014776955,14-23,01/02/2014,01-January,5-Thursday,11:20,1100 Hours,District 1 (Central),,POLK,US 69,US 69/NE 14TH ST,Collision with fixed object:  Mailbox,On Roadway,Non-collision (single vehicle),Driving too fast for conditions,None Indicated,,Daylight,Snow,Clear,"Surface condition (e.g., wet, icy)",Non-intersection:  Driveway access (within),Paved,,Property Damage Only,0,0,0,0,0,0,1800,1,1,,POINT (-93.600528169319 41.659083914179)
2014777395,14-158,01/02/2014,01-January,5-Thursday,12:35,1200 Hours,District 3 (Northwest),SIOUX CITY,WOODBURY,,SUNNYBROOK DR,Collision with:  Vehicle in traffic,On Roadway,"Sideswipe, same direction",Made improper turn,None Indicated,,Daylight,Slush,Clear,None apparent,Non-intersection:  Driveway access (within),Paved,,Property Damage Only,0,0,0,0,0,0,4500,2,3,,POINT (-96.332561004901 42.452217247679)
2014777568,01-14-278,01/02/2014,01-January,5-Thursday,20:17,2000 Hours,District 6 (East Central),DUBUQUE,DUBUQUE,,GREEN ST & FINLEY ST,Collision with:  Vehicle in traffic,On Roadway,"Sideswipe, same direction",FTYROW:  From stop sign,None Indicated,,Dark - roadway lighted,Slush,Snow,None apparent,Intersection:  Four-way intersection,Paved,,Property Damage Only,0,0,0,0,0,0,5500,3,3,,POINT (-90.699240942697 42.501655635358)
2014777390,14-0017,01/02/2014,01-January,5-Thursday,12:10,1200 Hours,District 1 (Central),FORT DODGE,WEBSTER,,KENYON RD & S 8TH ST & E KENYON RD,Collision with:  Vehicle in traffic,On Roadway,Rear-end (front to rear),Other (explain in narrative):  Other,None Indicated,,Daylight,Snow,Clear,"Surface condition (e.g., wet, icy)",Non-intersection:  Non-junction/no special feature,Paved,,Property Damage Only,0,0,0,0,0,0,3000,2,2,,POINT (-94.185971121295 42.499536319261)
2014777759,14-0011,01/02/2014,01-January,5-Thursday,14:35,1400 Hours,District 1 (Central),URBANDALE,POLK,,BIRCHWOOD CT & NW 86TH ST & NORTHPARK DR,Collision with:  Vehicle in traffic,On Roadway,"Sideswipe, same direction",Unknown,None Indicated,,Daylight,Wet,Clear,None apparent,Intersection:  Four-way intersection,Paved,,Property Damage Only,0,0,0,0,0,0,2500,2,5,,POINT (-93.736448330309 41.65545614689)