Iowa DOT Case Number,Law Enforcement Case Number,Date of Crash,Month of Crash,Day of Week,Time of Crash,Hour,DOT District,City Name,County Name,Route with System,Location Description,First Harmful Event,Location of First Harmful Event,Manner of Crash/Collision,Major Cause,Drug or Alcohol ,Environmental Conditions,Light Conditions,Surface Conditions,Weather Conditions,Roadway Contribution,Roadway Type,Roadway Surface,Work Zone,Crash Severity,Number of Fatalities,Number of Injuries,Number of Major Injuries,Number of Minor Injuries,Number of Possible Injuries,Number of Unknown Injuries,Amount of Property Damage,Number of Vehicles Involved,Total Number of Occupants,Travel Direction,Location
2014777392,14-0019,01/02/2014,01-January,5-Thursday,15:48,1500 Hours,District 1 (Central),FORT DODGE,WEBSTER,,1ST AVE S & S 12TH ST,Collision with:  Vehicle in traffic,On Roadway,Rear-end (front to rear),Other (explain in narrative):  Other,None Indicated,,Daylight,Wet,Clear,None apparent,Non-intersection:  Non-junction/no special feature,Paved,,Property Damage Only,0,0,0,0,0,0,6000,2,2,,POINT (-94.182709725807 42.50471228307)
2014782083,14-00027,01/02/2014,01-January,5-Thursday,06:20,0600 Hours,District 5 (Southeast),MOUNT PLEASANT,HENRY,,235TH ST & GOODYEAR RD,Collision with:  Vehicle in traffic,On Roadway,"Sideswipe, opposite direction",Crossed centerline (undivided),None Indicated,,Dark - roadway lighted,Snow,Snow,"Surface condition (e.g., wet, icy)",Intersection:  Four-way intersection,Paved,,Possible/Unknown,0,2,0,0,2,0,15000,2,2,,POINT (-91.583188679961 40.967078757477)
2014777306,14-00084,01/02/2014,01-January,5-Thursday,09:25,0900 Hours,District 6 (East Central),BETTENDORF,SCOTT,I-74,I-74 & US 6/SPRUCE HILLS DR,Collision with fixed object:  Guardrail - face,Median,Non-collision (single vehicle),Ran off road - left,None Indicated,,Daylight,Ice/frost,Cloudy,"Surface condition (e.g., wet, icy)",Non-intersection:  Other non-intersection (explain in narrative),Paved,,Property Damage Only,0,0,0,0,0,0,2600,1,1,,POINT (-90.521988217551 41.554841021712)
2014777371,14010024,01/02/2014,01-January,5-Thursday,22:13,2200 Hours,District 5 (Southeast),,WAPELLO,,RABBIT RUN,Non-collision events:  Overturn/rollover,Shoulder,Non-collision (single vehicle),Driving too fast for conditions,None Indicated,,Dark - roadway not lighted,Snow,Clear,"Surface condition (e.g., wet, icy)",Non-intersection:  Non-junction/no special feature,Unpaved,,Possible/Unknown,0,2,0,0,2,0,8000,1,3,,POINT (-92.38252954894 40.987707024945)
2014779683,,01/02/2014,01-January,5-Thursday,21:07,2100 Hours,District 5 (Southeast),CHARITON,LUCAS,,S 8TH ST,Collision with fixed object:  Utility pole/light support,Roadside,Non-collision (single vehicle),Swerving/Evasive Action,None Indicated,,Dark - roadway not lighted,Snow,Clear,None apparent,Non-intersection:  Non-junction/no special feature,Paved,,Property Damage Only,0,0,0,0,0,0,5000,1,1,,POINT (-93.305389754218 41.009693126423)
2014778053,S14-33,01/02/2014,01-January,5-Thursday,08:33,0800 Hours,District 3 (Northwest),,WOODBURY,,325TH ST,Collision with:  Vehicle in traffic,On Roadway,Rear-end (front to rear),Followed too close,None Indicated,,Daylight,Snow,Clear,None apparent,Non-intersection:  Non-junction/no special feature,Unpaved,,Minor Injury,0,1,0,1,0,0,5800,2,2,,POINT (-95.75503717862 42.229652149284)
2014778454,20140000171,01/02/2014,01-January,5-Thursday,18:02,1800 Hours,District 1 (Central),DES MOINES,POLK,,UNIVERSITY AVE & 2ND AVE,Collision with:  Vehicle in traffic,On Roadway,Rear-end (front to rear),Lost Control,None Indicated,,Dark - roadway lighted,Wet,Clear,"Surface condition (e.g., wet, icy)",Non-intersection:  Driveway access (within),Paved,,Possible/Unknown,0,1,0,0,1,0,1500,2,3,,POINT (-93.619746770592 41.60031808164)
2014784915,2014000008,01/02/2014,01-January,5-Thursday,07:30,0700 Hours,District 6 (East Central),ATKINS,BENTON,,SECOND ST & MAIN AVE,Collision with:  Vehicle in traffic,On Roadway,Broadside (front to side),FTYROW:  From stop sign,None Indicated,,Daylight,Ice/frost,Cloudy,"Surface condition (e.g., wet, icy)",Intersection:  Four-way intersection,Paved,,Property Damage Only,0,0,0,0,0,0,18000,2,3,,POINT (-91.861955308305 41.995131118307)
2014777462,W14-000376,01/02/2014,01-January,5-Thursday,08:20,0800 Hours,District 2 (Northeast),WATERLOO,BLACK HAWK,,LONGVIEW DR & LOMA ST,Collision with fixed object:  Utility pole/light support,Outside trafficway,Non-collision (single vehicle),Driving too fast for conditions,None Indicated,,Daylight,Snow,Clear,None apparent,Non-intersection:  Non-junction/no special feature,Paved,,Property Damage Only,0,0,0,0,0,0,5500,1,1,,POINT (-92.40539717061 42.510650728384)
2014778595,2014000315,01/02/2014,01-January,5-Thursday,11:00,1100 Hours,District 1 (Central),ANKENY,POLK,I-80,I-80,Collision with fixed object:  Guardrail - face,Shoulder,Non-collision (single vehicle),Swerving/Evasive Action,None Indicated,,Daylight,Dry,Clear,None apparent,Non-intersection:  Non-junction/no special feature,Paved,,Property Damage Only,0,0,0,0,0,0,2000,1,1,,POINT (-93.567100328956 41.65339004705)
2014778045,891400020,01/02/2014,01-January,5-Thursday,11:15,1100 Hours,District 5 (Southeast),,VAN BUREN,,Co Rd J40/RTE J40,Non-collision events:  Overturn/rollover,Shoulder,Non-collision (single vehicle),Driving too fast for conditions,None Indicated,,Daylight,Snow,Cloudy,"Surface condition (e.g., wet, icy)",Non-intersection:  Non-junction/no special feature,Paved,,Property Damage Only,0,0,0,0,0,0,2000,1,1,,POINT (-91.89666996775 40.718698195681)
2014777271,20140000172,01/02/2014,01-January,5-Thursday,17:33,1700 Hours,District 1 (Central),DES MOINES,POLK,US 69,US 69/SE 14TH ST,Collision with:  Vehicle in traffic,On Roadway,Rear-end (front to rear),Driving too fast for conditions,None Indicated,,Dark - roadway lighted,Dry,Cloudy,None apparent,Non-intersection:  Non-junction/no special feature,Paved,,Property Damage Only,0,0,0,0,0,0,3000,2,4,,POINT (-93.596859554195 41.584307197162)
2014777673,201400011,01/02/2014,01-January,5-Thursday,09:29,0900 Hours,District 6 (East Central),,LINN,I-380,I-380,Collision with:  Vehicle in traffic,On Roadway,Rear-end (front to rear),Driving too fast for conditions,None Indicated,,Daylight,Snow,"Blowing sand, soil, dirt",None apparent,Non-intersection:  Non-junction/no special feature,Paved,,Property Damage Only,0,0,0,0,0,0,4500,2,3,,POINT (-91.83015738002 42.202154920959)
2014780585,1400000769,01/02/2014,01-January,5-Thursday,11:29,1100 Hours,District 5 (Southeast),ALBIA,MONROE,,5TH AVE W & S CLINTON ST,Collision with:  Vehicle in traffic,On Roadway,Broadside (front to side),Unknown,None Indicated,,Daylight,Snow,Clear,"Surface condition (e.g., wet, icy)",Intersection:  Four-way intersection,Paved,,Property Damage Only,0,0,0,0,0,0,2200,2,4,,POINT (-92.808310668578 41.022036305947)
2014777676,201400103,01/02/2014,01-January,5-Thursday,16:05,1600 Hours,District 6 (East Central),CEDAR RAPIDS,LINN,,8TH AVE SW & L ST SW,Collision with:  Vehicle in traffic,On Roadway,Broadside (front to side),Ran Stop Sign,None Indicated,,Daylight,Slush,Cloudy,"Surface condition (e.g., wet, icy)",Intersection:  Other intersection (explain in narrative),Paved,,Possible/Unknown,0,2,0,0,2,0,6000,2,4,,POINT (-91.67259088012 41.968572827432)
2014777248,14000096,01/02/2014,01-January,5-Thursday,18:00,1800 Hours,District 6 (East Central),MARION,LINN,,GRAND AVE,Collision with:  Parked motor vehicle,On Roadway,"Sideswipe, same direction",Driver Distraction:  Manual operation of an electronic communication device,None Indicated,,Dark - roadway not lighted,Wet,Cloudy,None apparent,Non-intersection:  Non-junction/no special feature,Paved,,Property Damage Only,0,0,0,0,0,0,5000,2,1,,POINT (-91.590118157624 42.020402921444)
2014777319,2014-367,01/02/2014,01-January,5-Thursday,13:20,1300 Hours,District 6 (East Central),DAVENPORT,SCOTT,,W 3RD ST & GAINES ST,Collision with:  Vehicle in traffic,On Roadway,Broadside (front to side),Ran Traffic Signal,None Indicated,,Daylight,Wet,Clear,None apparent,Intersection:  Four-way intersection,Paved,,Property Damage Only,0,0,0,0,0,0,4000,2,3,,POINT (-90.582956108835 41.522401467086)
2014778044,14-000004,01/02/2014,01-January,5-Thursday,14:50,1400 Hours,District 1 (Central),AMES,STORY,,WINLOCK RD & IOWA STATE UNIVERSITY,Collision with:  Vehicle in traffic,On Roadway,"Angle, oncoming left turn",Swerving/Evasive Action,None Indicated,,Daylight,Snow,Clear,"Surface condition (e.g., wet, icy)",Non-intersection:  Non-junction/no special feature,Paved,,Property Damage Only,0,0,0,0,0,0,1800,2,2,,POINT (-93.645940380459 42.031468962956)
2014777265,14-0010,01/02/2014,01-January,5-Thursday,17:56,1700 Hours,District 4 (Southwest),WEST DES MOINES,DALLAS,,UNIVERSITY AVE & 60TH ST & NW 128TH ST,Collision with:  Vehicle in traffic,On Roadway,Head-on (front to front),Unknown,None Indicated,,Dark - roadway lighted,Wet,Cloudy,None apparent,Intersection:  Four-way intersection,Paved,,Minor Injury,0,1,0,1,0,0,18000,2,3,,POINT (-93.794237520002 41.600433970365)
2014783557,1401020029,01/02/2014,01-January,5-Thursday,00:29,0000 Hours,District 6 (East Central),,JONES,,Co Rd E29/CO RD E-29,Collision with:  Other non-fixed object (explain in narrative),On Roadway,Non-collision (single vehicle),Driving too fast for conditions,None Indicated,,Dark - roadway not lighted,Ice/frost,Clear,"Surface condition (e.g., wet, icy)",Non-intersection:  Non-junction/no special feature,Unpaved,,Property Damage Only,0,0,0,0,0,0,2500,1,2,,POINT (-91.10229412694 42.107350902328)
2014812917,NT-14-002,01/02/2014,01-January,5-Thursday,14:20,1400 Hours,District 1 (Central),NEVADA,STORY,,N AVE & 8TH ST,Collision with:  Vehicle in traffic,On Roadway,Broadside (front to side),Ran Stop Sign,None Indicated,,Daylight,Slush,Clear,"Surface condition (e.g., wet, icy)",Intersection:  Four-way intersection,Paved,,Property Damage Only,0,0,0,0,0,0,4000,2,2,,POINT (-93.449582834789 42.02473242558)
2014777723,20140000176,01/02/2014,01-January,5-Thursday,17:50,1700 Hours,District 1 (Central),DES MOINES,POLK,,MAURY ST,Collision with:  Vehicle in traffic,On Roadway,Broadside (front to side),FTYROW:  From driveway,None Indicated,,Dark - roadway lighted,Wet,Clear,None apparent,Non-intersection:  Driveway access (within),Paved,,Possible/Unknown,0,2,0,0,2,0,9500,2,2,,POINT (-93.586371133846 41.581307703368)
2014779400,14-110,01/02/2014,01-January,5-Thursday,08:24,0800 Hours,District 1 (Central),NEWTON,JASPER,,N 4TH AVE E & E 3RD ST N,Collision with:  Vehicle in traffic,On Roadway,Broadside (front to side),FTYROW:  From stop sign,None Indicated,,Daylight,Snow,Cloudy,None apparent,Intersection:  Four-way intersection,Paved,,Property Damage Only,0,0,0,0,0,0,4300,2,2,,POINT (-93.051104304152 41.702398573997)
2014777848,2014000431,01/02/2014,01-January,5-Thursday,18:43,1800 Hours,District 6 (East Central),IOWA CITY,JOHNSON,,S MADISON ST,Collision with:  Vehicle in traffic,On Roadway,"Sideswipe, same direction",FTYROW:  Other (explain in narrative),None Indicated,,Dark - roadway lighted,Slush,Clear,None apparent,Non-intersection:  Non-junction/no special feature,Paved,,Property Damage Only,0,0,0,0,0,0,2000,2,2,,POINT (-91.537723855077 41.657511125018)
2014777389,14-0016,01/02/2014,01-January,5-Thursday,12:03,1200 Hours,District 1 (Central),FORT DODGE,WEBSTER,,5TH AVE S,Collision with:  Vehicle in traffic,On Roadway,Broadside (front to side),Other (explain in narrative):  Vision obstructed,None Indicated,,Daylight,Wet,Clear,None apparent,Non-intersection:  Driveway access (within),Paved,,Property Damage Only,0,0,0,0,0,0,3000,2,4,,POINT (-94.166223339735 42.50108084596)
2014777212,CL14000012,01/02/2014,01-January,5-Thursday,14:02,1400 Hours,District 6 (East Central),CLINTON,CLINTON,,7TH AVE N & N 4TH ST,Collision with:  Vehicle in traffic,On Roadway,Rear-end (front to rear),Followed too close,None Indicated,,Daylight,Wet,Cloudy,None apparent,Non-intersection:  Non-junction/no special feature,Paved,,Property Damage Only,0,0,0,0,0,0,2000,2,7,,POINT (-90.192326230207 41.851801952465)
2014778754,2013000441,01/02/2014,01-January,5-Thursday,16:45,1600 Hours,District 5 (Southeast),MOUNT PLEASANT,HENRY,,S PRIARIE AVE,Collision with:  Vehicle in traffic,On Roadway,Broadside (front to side),FTYROW:  From driveway,None Indicated,,Dusk,Dry,Clear,None apparent,Non-intersection:  Driveway access (within),Paved,,Property Damage Only,0,0,0,0,0,0,4500,2,2,,POINT (-91.528032860065 40.961307182046)
2014777199,W14-000481,01/02/2014,01-January,5-Thursday,16:00,1600 Hours,District 2 (Northeast),WATERLOO,BLACK HAWK,,W 11TH ST & JEFFERSON ST,Collision with:  Vehicle in traffic,On Roadway,Broadside (front to side),Swerving/Evasive Action,None Indicated,,Daylight,Ice/frost,Cloudy,None apparent,Non-intersection:  Other non-intersection (explain in narrative),Paved,,Property Damage Only,0,0,0,0,0,0,2500,2,3,,POINT (-92.333293656366 42.489450482881)
2014777270,20140000167,01/02/2014,01-January,5-Thursday,17:19,1700 Hours,District 1 (Central),DES MOINES,POLK,,SW 13TH ST,Collision with:  Other non-fixed object (explain in narrative),On Roadway,Non-collision (single vehicle),Driving too fast for conditions,None Indicated,,Dusk,Snow,Clear,"Surface condition (e.g., wet, icy)",Non-intersection:  Non-junction/no special feature,Paved,,Property Damage Only,0,0,0,0,0,0,5101,1,1,,POINT (-93.632944984979 41.552237438492)
2014777463,W14-000430,01/02/2014,01-January,5-Thursday,12:24,1200 Hours,District 2 (Northeast),WATERLOO,BLACK HAWK,,W CONGER ST,Collision with fixed object:  Other fixed object (explain in narrative),On Roadway,Non-collision (single vehicle),Ran off road - right,None Indicated,,Daylight,Slush,Clear,"Surface condition (e.g., wet, icy)",Non-intersection:  Non-junction/no special feature,Paved,,Possible/Unknown,0,1,0,0,1,0,5000,1,1,,POINT (-92.362411483729 42.512310858777)
2014778222,20140000162,01/02/2014,01-January,5-Thursday,16:05,1600 Hours,District 1 (Central),DES MOINES,POLK,,E WALNUT ST,Collision with:  Vehicle in traffic,On Roadway,Broadside (front to side),Driver Distraction:  Reaching for object(s)/fallen object(s),None Indicated,,Daylight,Wet,Cloudy,None apparent,Non-intersection:  Non-junction/no special feature,Paved,,Property Damage Only,0,0,0,0,0,0,8000,2,2,,POINT (-93.567883073868 41.593434209966)
2014777391,14-0018,01/02/2014,01-January,5-Thursday,15:45,1500 Hours,District 1 (Central),FORT DODGE,WEBSTER,,1ST AVE S & S 9TH ST,Collision with:  Vehicle in traffic,On Roadway,Broadside (front to side),Ran Traffic Signal,None Indicated,,Daylight,Ice/frost,Cloudy,None apparent,Intersection:  Four-way intersection,Paved,,Possible/Unknown,0,1,0,0,1,0,8000,2,4,,POINT (-94.18586560709 42.504256400489)
2014778418,14000629,01/02/2014,01-January,5-Thursday,10:52,1000 Hours,District 6 (East Central),,JOHNSON,,LINDER RD,Collision with fixed object:  Utility pole/light support,Roadside,Non-collision (single vehicle),Ran off road - right,None Indicated,,Daylight,Snow,Cloudy,"Surface condition (e.g., wet, icy)",Non-intersection:  Non-junction/no special feature,Paved,,Property Damage Only,0,0,0,0,0,0,1500,1,1,,POINT (-91.537130163739 41.68956790371)
2014778925,14004,01/02/2014,01-January,5-Thursday,12:59,1200 Hours,District 5 (Southeast),PELLA,MARION,,FRANKLIN ST,Collision with:  Vehicle in traffic,On Roadway,Broadside (front to side),"Operating vehicle in an reckless, erratic, careless, negligent manner",None Indicated,,Daylight,Snow,Clear,"Surface condition (e.g., wet, icy)",Intersection:  T-intersection,Paved,,Property Damage Only,0,0,0,0,0,0,4000,2,5,,POINT (-92.909574398875 41.406644481272)
2014777286,14-000007,01/02/2014,01-January,5-Thursday,07:52,0700 Hours,District 1 (Central),ALTOONA,POLK,,8TH ST SW & SCENIC VIEW BLVD,Collision with:  Vehicle in traffic,On Roadway,Broadside (front to side),Ran Traffic Signal,None Indicated,,Daylight,Snow,Cloudy,None apparent,Intersection:  Four-way intersection,Paved,,Property Damage Only,0,0,0,0,0,0,12000,2,2,,POINT (-93.490384072111 41.644123276942)
2014777729,20140000165,01/02/2014,01-January,5-Thursday,17:14,1700 Hours,District 1 (Central),DES MOINES,POLK,I-235,I-235 & PENNSYLVANIA AVE,Collision with:  Vehicle in traffic,On Roadway,Rear-end (front to rear),Driving too fast for conditions,None Indicated,,Dusk,Slush,Cloudy,"Surface condition (e.g., wet, icy)",Non-intersection:  Other non-intersection (explain in narrative),Paved,,Property Damage Only,0,0,0,0,0,0,3000,2,2,,POINT (-93.608700724736 41.59582844079)
2014777278,14-0019,01/02/2014,01-January,5-Thursday,08:05,0800 Hours,District 1 (Central),WEST DES MOINES,POLK,IA 28,IA 28/63RD ST,Collision with fixed object:  Bridge overhead structure,On Roadway,Non-collision (single vehicle),Unknown,None Indicated,,Daylight,Wet,Clear,"Surface condition (e.g., wet, icy)",Non-intersection:  Other non-intersection (explain in narrative),Paved,,Property Damage Only,0,0,0,0,0,0,5000,2,2,,POINT (-93.703495698417 41.562933428927)
2014777778,14-000161,01/02/2014,01-January,5-Thursday,13:55,1300 Hours,District 4 (Southwest),COUNCIL BLUFFS,POTTAWATTAMIE,,MYNSTER ST,Collision with:  Vehicle in traffic,On Roadway,"Sideswipe, same direction",FTYROW:  From driveway,None Indicated,,Daylight,Slush,Clear,None apparent,Non-intersection:  Driveway access (within),Paved,,Property Damage Only,0,0,0,0,0,0,3000,2,2,,POINT (-95.854330098721 41.262954995647)
2014777266,20130000166,01/02/2014,01-January,5-Thursday,17:11,1700 Hours,District 1 (Central),DES MOINES,POLK,US 69,US 69/E 15TH ST & E WALNUT ST,Collision with:  Vehicle in traffic,On Roadway,Broadside (front to side),Ran Traffic Signal,None Indicated,,Dark - roadway lighted,Wet,Cloudy,None apparent,Intersection:  Four-way intersection,Paved,,Property Damage Only,0,0,0,0,0,0,6000,2,5,,POINT (-93.594493045548 41.591813496458)
2014778161,01-14-263,01/02/2014,01-January,5-Thursday,17:46,1700 Hours,District 6 (East Central),DUBUQUE,DUBUQUE,IA 32,IA 32/IA32 NW ARTERIAL & HOLLIDAY DR,Collision with:  Vehicle in traffic,On Roadway,"Angle, oncoming left turn",FTYROW:  Making left turn,None Indicated,,Dark - roadway lighted,Slush,Clear,None apparent,Intersection:  T-intersection,Paved,,Property Damage Only,0,0,0,0,0,0,14000,2,3,,POINT (-90.740822987288 42.509498377385)
2014777281,14-0030,01/02/2014,01-January,5-Thursday,14:59,1400 Hours,District 1 (Central),WEST DES MOINES,POLK,,COLT DR & 50TH ST,Collision with:  Vehicle in traffic,On Roadway,Rear-end (front to rear),Followed too close,None Indicated,,Daylight,Slush,Cloudy,None apparent,Non-intersection:  Non-junction/no special feature,Paved,,Property Damage Only,0,0,0,0,0,0,3800,2,3,,POINT (-93.770955707769 41.583109461288)
2014777228,C14000018,01/02/2014,01-January,5-Thursday,11:10,1100 Hours,District 6 (East Central),CORALVILLE,JOHNSON,,HOLIDAY RD & S RIDGE DR,Collision with:  Vehicle in traffic,On Roadway,Broadside (front to side),FTYROW:  From stop sign,None Indicated,,Daylight,Snow,Cloudy,None apparent,Intersection:  Four-way intersection,Paved,,Property Damage Only,0,0,0,0,0,0,4000,2,2,,POINT (-91.58996094533 41.696343994625)
2014777425,14000018,01/02/2014,01-January,5-Thursday,13:50,1300 Hours,District 2 (Northeast),ALGONA,KOSSUTH,,E ELM ST & N MINNESOTA ST,Collision with:  Vehicle in traffic,On Roadway,Broadside (front to side),FTYROW:  At uncontrolled intersection,None Indicated,,Daylight,Snow,Clear,None apparent,Intersection:  Four-way intersection,Paved,,Property Damage Only,0,0,0,0,0,0,4000,2,3,,POINT (-94.231791137099 43.073525721628)
2014776945,14-000075,01/02/2014,01-January,5-Thursday,11:46,1100 Hours,District 5 (Southeast),,MARION,,OLD HWY 92,Non-collision events:  Overturn/rollover,On Roadway,Non-collision (single vehicle),Crossed centerline (undivided),None Indicated,,Daylight,Snow,Snow,"Surface condition (e.g., wet, icy)",Non-intersection:  Non-junction/no special feature,Paved,,Possible/Unknown,0,1,0,0,1,0,5000,1,2,,POINT (-92.98310949618 41.302631032348)
2014777256,14-0029,01/02/2014,01-January,5-Thursday,15:51,1500 Hours,District 1 (Central),URBANDALE,POLK,I-35,I-35 & IA 28/MERLE HAY RD,Collision with:  Vehicle in traffic,On Roadway,Rear-end (front to rear),Followed too close,None Indicated,,Daylight,Wet,Clear,None apparent,Intersection:  Intersection with ramp,Paved,,Property Damage Only,0,0,0,0,0,0,4000,2,2,,POINT (-93.697671017511 41.651293576711)
2014777108,2014000233,01/02/2014,01-January,5-Thursday,00:45,0000 Hours,District 1 (Central),,JASPER,I-80,I-80,Collision with fixed object:  Other fixed object (explain in narrative),Shoulder,Non-collision (single vehicle),Ran off road - left,None Indicated,,Dark - roadway not lighted,Dry,Clear,None apparent,Non-intersection:  Non-junction/no special feature,Paved,,Property Damage Only,0,0,0,0,0,0,4000,1,1,,POINT (-93.195060590588 41.696470823383)
2014777730,20140000175,01/02/2014,01-January,5-Thursday,16:48,1600 Hours,District 1 (Central),DES MOINES,POLK,,HACKLEY AVE & SW 6TH ST,Collision with fixed object:  Utility pole/light support,On Roadway,Non-collision (single vehicle),Unknown,None Indicated,,Daylight,Snow,Clear,Unknown,Non-intersection:  Non-junction/no special feature,Paved,,Property Damage Only,0,0,0,0,0,0,3500,1,1,,POINT (-93.621791167071 41.538237870055)
2014780498,14-00020,01/02/2014,01-January,5-Thursday,17:25,1700 Hours,District 1 (Central),AMES,STORY,,LINCOLN WAY & LYNN AVE & MORRILL RD,Collision with:  Vehicle in traffic,On Roadway,Rear-end (front to rear),Driving too fast for conditions,None Indicated,,Dark - roadway lighted,Ice/frost,Clear,"Surface condition (e.g., wet, icy)",Non-intersection:  Non-junction/no special feature,Paved,,Property Damage Only,0,0,0,0,0,0,2200,2,3,,POINT (-93.646420084325 42.022774927449)
2014778235,14-000006,01/02/2014,01-January,5-Thursday,00:46,0000 Hours,District 1 (Central),ALTOONA,POLK,,ADVENTURELAND DR,Collision with:  Vehicle in traffic,On Roadway,Broadside (front to side),FTYROW:  From driveway,None Indicated,,Dark - roadway lighted,Snow,Cloudy,None apparent,Non-intersection:  Driveway access (within),Paved,,Minor Injury,0,1,0,1,0,0,12500,2,2,,POINT (-93.497099380744 41.658550950467)
2014778594,2014000257,01/02/2014,01-January,5-Thursday,07:30,0700 Hours,District 1 (Central),ALTOONA,POLK,I-80,I-80,Collision with fixed object:  Concrete traffic barrier (median or right side),Shoulder,Non-collision (single vehicle),Swerving/Evasive Action,None Indicated,,Daylight,Unknown,Clear,Work Zone (roadway-related),Non-intersection:  Other non-intersection (explain in narrative),Paved,Yes,Property Damage Only,0,0,0,0,0,0,5000,1,1,,POINT (-93.498434267172 41.661886827071)
2014777929,14-00142,01/02/2014,01-January,5-Thursday,16:04,1600 Hours,District 5 (Southeast),BURLINGTON,DES MOINES,,PEARL ST & GNAHN ST,Collision with:  Vehicle in traffic,On Roadway,Broadside (front to side),Ran Stop Sign,None Indicated,,Daylight,Snow,Clear,"Surface condition (e.g., wet, icy)",Intersection:  Four-way intersection,Paved,,Property Damage Only,0,0,0,0,0,0,2000,2,4,,POINT (-91.11418932744 40.831918895341)
2014777259,14-000017,01/02/2014,01-January,5-Thursday,09:44,0900 Hours,District 1 (Central),ANKENY,POLK,,NE 47TH ST,Collision with fixed object:  Bridge overhead structure,On Roadway,Non-collision (single vehicle),Ran off road - left,None Indicated,,Daylight,Snow,Clear,"Surface condition (e.g., wet, icy)",Non-intersection:  Other non-intersection (explain in narrative),Paved,,Property Damage Only,0,0,0,0,0,0,2600,1,3,,POINT (-93.590211982173 41.76957293196)
2014779341,,01/02/2014,01-January,5-Thursday,17:50,1700 Hours,District 6 (East Central),CAMANCHE,CLINTON,,WASHINGTON BLVD,Collision with fixed object:  Utility pole/light support,On Roadway,Non-collision (single vehicle),Swerving/Evasive Action,None Indicated,,Dusk,Snow,Clear,"Surface condition (e.g., wet, icy)",Non-intersection:  Non-junction/no special feature,Paved,,Property Damage Only,0,0,0,0,0,0,2000,1,2,,POINT (-90.256989507309 41.787425265405)
2014781027,14-00147,01/02/2014,01-January,5-Thursday,22:00,2200 Hours,District 5 (Southeast),FORT MADISON,LEE,,Co Rd J40/CO RD 103,Collision with:  Animal,,,Animal,None Indicated,,,,,,,Paved,,Property Damage Only,0,0,0,0,0,0,1500,1,1,,POINT (-91.346397347085 40.660797481382)
2014777519,13-0053,01/02/2014,01-January,5-Thursday,13:28,1300 Hours,District 3 (Northwest),SPENCER,CLAY,,W 8TH ST & 1ST AVE W,Collision with:  Vehicle in traffic,On Roadway,Broadside (front to side),FTYROW:  From stop sign,None Indicated,,Daylight,Snow,Clear,None apparent,Intersection:  T-intersection,Paved,,Property Damage Only,0,0,0,0,0,0,7500,2,2,,POINT (-95.14644460995 43.145672306363)
2014778948,1401-002,01/02/2014,01-January,5-Thursday,19:55,1900 Hours,District 3 (Northwest),SIBLEY,OSCEOLA,,2ND AVE & 11TH ST W,Collision with:  Vehicle in traffic,On Roadway,Broadside (front to side),Driving too fast for conditions,None Indicated,,Dark - roadway lighted,Snow,Clear,"Surface condition (e.g., wet, icy)",Intersection:  Four-way intersection,Paved,,Property Damage Only,0,0,0,0,0,0,9000,2,5,,POINT (-95.752173478448 43.397110503017)
2014779489,14-000076,01/02/2014,01-January,5-Thursday,14:25,1400 Hours,District 6 (East Central),TIPTON,CEDAR,IA 38,IA 38/CEDAR ST,Collision with:  Vehicle in traffic,On Roadway,Broadside (front to side),Swerving/Evasive Action,None Indicated,,Daylight,Snow,Cloudy,"Surface condition (e.g., wet, icy)",Non-intersection:  Non-junction/no special feature,Paved,,Property Damage Only,0,0,0,0,0,0,13000,2,2,,POINT (-91.128407194376 41.770802371301)
2014778239,14-000298,01/03/2014,01-January,6-Friday,18:50,1800 Hours,District 4 (Southwest),COUNCIL BLUFFS,POTTAWATTAMIE,I-29,I-29,Collision with:  Non-motorist (see non-motorist section - NOT a unit),On Roadway,Non-collision (single vehicle),FTYROW:  To pedestrian,None Indicated,,Dark - roadway lighted,Dry,Clear,None apparent,Non-intersection:  Non-junction/no special feature,Paved,,Possible/Unknown,0,1,0,0,1,0,0,1,1,,POINT (-95.908446064933 41.26318464427)
2014777290,S14-000016,01/03/2014,01-January,6-Friday,02:10,0200 Hours,District 4 (Southwest),COUNCIL BLUFFS,POTTAWATTAMIE,,APPLEWOOD RD,Non-collision events:  Overturn/rollover,On Roadway,Non-collision (single vehicle),Driving too fast for conditions,None Indicated,,Dark - roadway not lighted,Snow,Clear,"Surface condition (e.g., wet, icy)",Non-intersection:  Non-junction/no special feature,Unpaved,,Minor Injury,0,2,0,2,0,0,15000,1,4,,POINT (-95.781277051411 41.167186097347)
2014780233,2014000709,01/03/2014,01-January,6-Friday,20:30,2000 Hours,District 6 (East Central),,CEDAR,I-80,I-80,Non-collision events:  Overturn/rollover,Shoulder,Non-collision (single vehicle),"Operating vehicle in an reckless, erratic, careless, negligent manner",Refused,,Dark - roadway not lighted,Ice/frost,Clear,"Surface condition (e.g., wet, icy)",Non-intersection:  Non-junction/no special feature,Paved,,Property Damage Only,0,0,0,0,0,0,10500,1,1,,POINT (-91.057755140306 41.641286274532)