Iowa DOT Case Number,Law Enforcement Case Number,Date of Crash,Month of Crash,Day of Week,Time of Crash,Hour,DOT District,City Name,County Name,Route with System,Location Description,First Harmful Event,Location of First Harmful Event,Manner of Crash/Collision,Major Cause,Drug or Alcohol ,Environmental Conditions,Light Conditions,Surface Conditions,Weather Conditions,Roadway Contribution,Roadway Type,Roadway Surface,Work Zone,Crash Severity,Number of Fatalities,Number of Injuries,Number of Major Injuries,Number of Minor Injuries,Number of Possible Injuries,Number of Unknown Injuries,Amount of Property Damage,Number of Vehicles Involved,Total Number of Occupants,Travel Direction,Location
2014781140,SA1400059,01/03/2014,01-January,6-Friday,16:47,1600 Hours,District 5 (Southeast),,WASHINGTON,,Co Rd W47/COPPOCK RD,Non-collision events:  Overturn/rollover,On Roadway,Non-collision (single vehicle),Swerving/Evasive Action,None Indicated,,Dark - roadway not lighted,Dry,Clear,None apparent,Non-intersection:  Non-junction/no special feature,Paved,,Property Damage Only,0,0,0,0,0,0,10100,1,1,,POINT (-91.713153652104 41.203751255757)
2014779572,201400151,01/03/2014,01-January,6-Friday,16:58,1600 Hours,District 6 (East Central),CEDAR RAPIDS,LINN,,BLAIRS FERRY RD & 6TH AVE,Collision with:  Vehicle in traffic,On Roadway,"Angle, oncoming left turn",Made improper turn,None Indicated,,Dark - roadway lighted,Dry,Cloudy,None apparent,Non-intersection:  Non-junction/no special feature,Paved,,Property Damage Only,0,0,0,0,0,0,4500,2,2,,POINT (-91.677714455658 42.034730003559)
2014779380,C14-0000066,01/03/2014,01-January,6-Friday,10:24,1000 Hours,District 2 (Northeast),MCGREGOR,CLAYTON,,WALTON ST & FAYETTE ST & 7TH ST,Collision with:  Vehicle in traffic,On Roadway,"Sideswipe, same direction",Lost Control,None Indicated,,Daylight,Snow,Snow,None apparent,Non-intersection:  Non-junction/no special feature,Paved,,Property Damage Only,0,0,0,0,0,0,1600,2,1,,POINT (-91.181971673224 43.017996300669)
2014777740,20140000259,01/03/2014,01-January,6-Friday,18:25,1800 Hours,District 1 (Central),DES MOINES,POLK,,CHAFFEE RD & FORT DES MOINES,Collision with:  Vehicle in traffic,On Roadway,"Sideswipe, same direction",Crossed centerline (undivided),None Indicated,,Dark - roadway lighted,Snow,Cloudy,None apparent,Non-intersection:  Driveway access (within),Paved,,Possible/Unknown,0,2,0,0,2,0,7500,2,3,,POINT (-93.6160202524 41.525127219828)
2014778243,GP20140003,01/03/2014,01-January,6-Friday,11:05,1100 Hours,District 1 (Central),GRINNELL,POWESHIEK,IA 146,IA 146/WEST ST,Collision with:  Vehicle in traffic,On Roadway,Broadside (front to side),FTYROW:  Making left turn,None Indicated,,Daylight,Dry,Cloudy,None apparent,Non-intersection:  Driveway access (within),Paved,,Property Damage Only,0,0,0,0,0,0,3246,2,2,,POINT (-92.727340982602 41.727684680494)
2014780008,13-031135,01/03/2014,01-January,6-Friday,16:58,1600 Hours,District 5 (Southeast),,LEE,IA 2,IA 2/IOWA 2,Collision with:  Animal,,,Animal,None Indicated,,,,,,,Paved,,Property Damage Only,0,0,0,0,0,0,2000,1,1,,POINT (-91.4156661963 40.631429098648)
2014777822,14-0029,01/03/2014,01-January,6-Friday,13:51,1300 Hours,District 1 (Central),FORT DODGE,WEBSTER,,1ST AVE S,Collision with:  Vehicle in traffic,On Roadway,Broadside (front to side),Other (explain in narrative):  No improper action,None Indicated,,Daylight,Ice/frost,Clear,None apparent,Non-intersection:  Non-junction/no special feature,Paved,,Property Damage Only,0,0,0,0,0,0,3000,2,3,,POINT (-94.15640645062 42.505295942541)
2014777705,14-0057,01/03/2014,01-January,6-Friday,21:10,2100 Hours,District 1 (Central),,POLK,US 65,US 65 & NE HUBBELL WAY,Collision with:  Animal,,,Animal,None Indicated,,,,,,,Paved,,Property Damage Only,0,0,0,0,0,0,3000,1,1,,POINT (-93.363600147105 41.767262060286)
2014777887,PD140002,01/03/2014,01-January,6-Friday,21:22,2100 Hours,District 1 (Central),GRUNDY CENTER,GRUNDY,IA 14,IA 14/G AVE,Collision with:  Vehicle in traffic,On Roadway,"Sideswipe, same direction",Other (explain in narrative):  Other,None Indicated,,Dark - roadway lighted,Dry,Cloudy,None apparent,Intersection:  T-intersection,Paved,,Property Damage Only,0,0,0,0,0,0,3400,2,4,,POINT (-92.768346955096 42.361469303157)
2014777494,14000086,01/03/2014,01-January,6-Friday,23:10,2300 Hours,District 3 (Northwest),,CARROLL,US 30,US 30,Non-collision events:  Overturn/rollover,Outside trafficway,Non-collision (single vehicle),Driving too fast for conditions,Alcohol (Statutory),,Dark - roadway not lighted,Ice/frost,Cloudy,"Surface condition (e.g., wet, icy)",Non-intersection:  Non-junction/no special feature,Paved,,Property Damage Only,0,0,0,0,0,0,2800,1,1,,POINT (-94.692093075487 42.063880320316)
2014778378,20140030,01/03/2014,01-January,6-Friday,18:35,1800 Hours,District 1 (Central),REINBECK,GRUNDY,,OAK ST & BLACKHAWK ST,Collision with:  Vehicle in traffic,On Roadway,Rear-end (front to rear),Followed too close,None Indicated,,Dark - roadway lighted,Ice/frost,Clear,None apparent,Non-intersection:  Non-junction/no special feature,Paved,,Property Damage Only,0,0,0,0,0,0,7000,2,5,,POINT (-92.599283411678 42.319295780614)
2014777261,14-000038,01/03/2014,01-January,6-Friday,07:25,0700 Hours,District 1 (Central),ANKENY,POLK,,W 1ST ST & SW MAPLE ST,Collision with:  Vehicle in traffic,On Roadway,Rear-end (front to rear),Other (explain in narrative):  Other,None Indicated,,Daylight,Wet,Cloudy,"Surface condition (e.g., wet, icy)",Intersection:  T-intersection,Paved,,Property Damage Only,0,0,0,0,0,0,4700,3,4,,POINT (-93.608504581254 41.731891284858)
2014777824,14-0027,01/03/2014,01-January,6-Friday,12:16,1200 Hours,District 1 (Central),FORT DODGE,WEBSTER,,6TH AVE N,Collision with:  Vehicle in traffic,On Roadway,"Sideswipe, same direction",Improper or erratic lane changing,None Indicated,,Daylight,Snow,Clear,None apparent,Non-intersection:  Non-junction/no special feature,Paved,,Property Damage Only,0,0,0,0,0,0,5000,2,2,,POINT (-94.166048282296 42.511961517357)
2014779736,20130103ES,01/03/2014,01-January,6-Friday,10:10,1000 Hours,District 5 (Southeast),OSCEOLA,CLARKE,US 34,US 34/W MC LANE ST/E MC LANE ST & US 69/S MAIN ST,Collision with:  Vehicle in traffic,On Roadway,"Angle, oncoming left turn",FTYROW:  Making left turn,None Indicated,,Daylight,Dry,Cloudy,None apparent,Intersection:  Four-way intersection,Paved,,Possible/Unknown,0,2,0,0,2,0,5000,2,2,,POINT (-93.765664260663 41.030615421843)
2014779244,A14001,01/03/2014,01-January,6-Friday,11:30,1100 Hours,District 5 (Southeast),KNOXVILLE,MARION,,E MAIN ST & S 2ND ST & N 2ND ST,Collision with:  Parked motor vehicle,On Roadway,"Sideswipe, same direction",Other (explain in narrative):  No improper action,None Indicated,,Daylight,Snow,Cloudy,None apparent,Non-intersection:  Non-junction/no special feature,Paved,,Property Damage Only,0,0,0,0,0,0,3000,2,1,,POINT (-93.097664342813 41.318939908316)
2014777518,14-000102,01/03/2014,01-January,6-Friday,17:55,1700 Hours,District 3 (Northwest),SPENCER,CLAY,,GRAND PLAZA DR,Collision with:  Vehicle in traffic,On Roadway,Broadside (front to side),FTYROW:  From driveway,None Indicated,,Dark - roadway lighted,Dry,Clear,None apparent,Non-intersection:  Driveway access (within),Paved,,Property Damage Only,0,0,0,0,0,0,1500,2,3,,POINT (-95.144196969615 43.123590514099)
2014777672,201400023,01/03/2014,01-January,6-Friday,14:00,1400 Hours,District 6 (East Central),,LINN,US 30,US 30,Collision with:  Animal,,,Animal,None Indicated,,,,,,,Paved,,Property Damage Only,0,0,0,0,0,0,3500,1,777,,POINT (-91.578041780788 41.925380376043)
2014777782,14-000271,01/03/2014,01-January,6-Friday,16:03,1600 Hours,District 4 (Southwest),COUNCIL BLUFFS,POTTAWATTAMIE,,23RD AVE & S 16TH ST,Collision with:  Vehicle in traffic,On Roadway,Rear-end (front to rear),Followed too close,None Indicated,,Dusk,Dry,Clear,None apparent,Non-intersection:  Non-junction/no special feature,Paved,,Property Damage Only,0,0,0,0,0,0,4200,3,4,,POINT (-95.867680924164 41.239377558908)
2014778018,2014-169,01/03/2014,01-January,6-Friday,21:08,2100 Hours,District 6 (East Central),WALCOTT,SCOTT,I-80,I-80,Non-collision events:  Jackknife,Median,Non-collision (single vehicle),Driving too fast for conditions,None Indicated,,Dark - roadway not lighted,Ice/frost,"Blowing sand, soil, dirt",None apparent,Non-intersection:  Non-junction/no special feature,Paved,,Property Damage Only,0,0,0,0,0,0,5000,1,1,,POINT (-90.733242938332 41.60631483143)
2014777916,14-003,01/03/2014,01-January,6-Friday,12:15,1200 Hours,District 2 (Northeast),WAVERLY,BREMER,,5TH AVE NW & 2ND ST NW,Unknown,On Roadway,Unknown,Unknown,None Indicated,,Daylight,Unknown,Unknown,Unknown,Non-intersection:  Non-junction/no special feature,Paved,,Property Damage Only,0,0,0,0,0,0,2500,2,1,,POINT (-92.473319534911 42.730567942402)
2014777492,13000065,01/03/2014,01-January,6-Friday,11:09,1100 Hours,District 3 (Northwest),,CARROLL,US 71,US 71,Collision with:  Vehicle in traffic,On Roadway,"Sideswipe, same direction",Followed too close,None Indicated,,Daylight,Dry,"Blowing sand, soil, dirt",None apparent,Non-intersection:  Driveway access (within),Paved,,Property Damage Only,0,0,0,0,0,0,6400,2,3,,POINT (-94.878695758804 42.041460359377)
2014777563,14-009,01/03/2014,01-January,6-Friday,14:40,1400 Hours,District 3 (Northwest),SPIRIT LAKE,DICKINSON,US 71,US 71,Collision with:  Vehicle in traffic,On Roadway,"Sideswipe, same direction",Swerving/Evasive Action,None Indicated,,Daylight,Snow,Cloudy,"Surface condition (e.g., wet, icy)",Non-intersection:  Non-junction/no special feature,Paved,,Property Damage Only,0,0,0,0,0,0,2600,2,3,,POINT (-95.127186728224 43.39428910843)
2014797989,140065PD,01/03/2014,01-January,6-Friday,17:33,1700 Hours,District 1 (Central),BOONE,BOONE,,16TH ST & STORY ST,Collision with:  Vehicle in traffic,On Roadway,Rear-end (front to rear),Lost Control,None Indicated,,Dark - roadway lighted,Ice/frost,Clear,"Surface condition (e.g., wet, icy)",Non-intersection:  Other non-intersection (explain in narrative),Paved,,Possible/Unknown,0,1,0,0,1,0,2200,2,4,,POINT (-93.880078219164 42.072053761216)
2014777246,201400145,01/03/2014,01-January,6-Friday,15:40,1500 Hours,District 6 (East Central),CEDAR RAPIDS,LINN,IA 100,IA 100/COLLINS RD NE & C AVE NE,Collision with:  Vehicle in traffic,On Roadway,Rear-end (front to rear),Ran Traffic Signal,None Indicated,,Daylight,Ice/frost,Clear,None apparent,Intersection:  Four-way intersection,Paved,,Property Damage Only,0,0,0,0,0,0,6000,3,3,,POINT (-91.638496204062 42.028102074778)
2014786515,,01/03/2014,01-January,6-Friday,00:20,0000 Hours,District 2 (Northeast),,WINNESHIEK,US 52,US 52 & Co Rd B32/CO RD B32,Collision with fixed object:  Other fixed object (explain in narrative),On Roadway,Non-collision (single vehicle),Ran Stop Sign,None Indicated,,Dark - roadway lighted,Ice/frost,Cloudy,None apparent,Intersection:  T-intersection,Paved,,Possible/Unknown,0,1,0,0,1,0,5000,1,1,,POINT (-91.776795823161 43.146907724332)
2014777981,14-0040,01/03/2014,01-January,6-Friday,16:06,1600 Hours,District 6 (East Central),HIAWATHA,LINN,I-380,I-380 & BLAIRS FERRY RD NE,Collision with:  Vehicle in traffic,On Roadway,Broadside (front to side),Ran Traffic Signal,None Indicated,,Daylight,Wet,Cloudy,None apparent,Intersection:  Intersection with ramp,Paved,,Property Damage Only,0,0,0,0,0,0,10000,2,4,,POINT (-91.675321877565 42.034756449393)
2014777819,14-000026,01/03/2014,01-January,6-Friday,10:53,1000 Hours,District 1 (Central),FORT DODGE,WEBSTER,,CENTRAL AVE,Collision with:  Vehicle in traffic,On Roadway,Broadside (front to side),Other (explain in narrative):  Vision obstructed,None Indicated,,Daylight,Slush,Cloudy,"Surface condition (e.g., wet, icy)",Non-intersection:  Non-junction/no special feature,Paved,,Property Damage Only,0,0,0,0,0,0,2500,2,2,,POINT (-94.172331301379 42.506205808468)
2014777987,13-000052,01/03/2014,01-January,6-Friday,22:56,2200 Hours,District 3 (Northwest),,LYON,IA 182,IA 182/IOWA 182,Collision with fixed object:  Guardrail - face,On Roadway,Non-collision (single vehicle),Ran off road - left,None Indicated,,Dark - roadway not lighted,Ice/frost,"Sleet, hail",None apparent,Non-intersection:  Non-junction/no special feature,Paved,,Property Damage Only,0,0,0,0,0,0,2500,1,1,,POINT (-96.428898657441 43.395092606462)
2014777572,01-14-410,01/03/2014,01-January,6-Friday,17:58,1700 Hours,District 6 (East Central),DUBUQUE,DUBUQUE,,ASBURY RD & HOLLIDAY DR,Collision with:  Vehicle in traffic,On Roadway,Broadside (front to side),FTYROW:  Making right turn on red signal,None Indicated,,Dark - roadway lighted,Dry,Clear,None apparent,Non-intersection:  Non-junction/no special feature,Paved,,Possible/Unknown,0,1,0,0,1,0,1500,2,2,,POINT (-90.742720463382 42.515281129336)
2014777736,20140000241,01/03/2014,01-January,6-Friday,11:46,1100 Hours,District 1 (Central),DES MOINES,POLK,US 6,US 6/DOUGLAS AVE & 42ND ST,Collision with:  Vehicle in traffic,On Roadway,Rear-end (front to rear),Lost Control,None Indicated,,Daylight,Wet,Clear,None apparent,Intersection:  T-intersection,Paved,,Property Damage Only,0,0,0,0,0,0,3500,2,3,,POINT (-93.67534629814 41.629494482387)
2014777960,2014000084,01/03/2014,01-January,6-Friday,13:27,1300 Hours,District 6 (East Central),IOWA CITY,JOHNSON,,EMERALD ST,Collision with:  Vehicle in traffic,Outside trafficway,Rear-end (front to rear),Driving too fast for conditions,None Indicated,,Daylight,Snow,Cloudy,"Surface condition (e.g., wet, icy)",Non-intersection:  Driveway access (within),Paved,,Property Damage Only,0,0,0,0,0,0,2300,2,2,,POINT (-91.564542421878 41.654804923644)
2014778942,14000073,01/03/2014,01-January,6-Friday,10:40,1000 Hours,District 4 (Southwest),GLENWOOD,MILLS,,FAIRVIEW DR,Collision with:  Other non-fixed object (explain in narrative),On Roadway,"Sideswipe, opposite direction",Unknown,None Indicated,,Daylight,Snow,Cloudy,"Surface condition (e.g., wet, icy)",Non-intersection:  Non-junction/no special feature,Paved,,Property Damage Only,0,0,0,0,0,0,4000,2,4,,POINT (-95.737615461218 41.052515367097)
2014778203,201400155,01/03/2014,01-January,6-Friday,18:39,1800 Hours,District 6 (East Central),CEDAR RAPIDS,LINN,US 151,US 151/WILLIAMS BLVD & DEAN RD SW,Collision with:  Vehicle in traffic,On Roadway,"Angle, oncoming left turn",FTYROW:  From stop sign,None Indicated,,Dark - roadway lighted,Slush,Clear,None apparent,Intersection:  Four-way intersection,Paved,,Minor Injury,0,2,0,1,1,0,15000,3,4,,POINT (-91.7477734654 41.942272007368)
2014777476,W14-000773,01/03/2014,01-January,6-Friday,15:15,1500 Hours,District 2 (Northeast),WATERLOO,BLACK HAWK,,STRATFORD AVE,Collision with:  Vehicle in traffic,On Roadway,Broadside (front to side),FTYROW:  At uncontrolled intersection,None Indicated,,Daylight,Snow,Clear,"Surface condition (e.g., wet, icy)",Intersection:  Four-way intersection,Paved,,Property Damage Only,0,0,0,0,0,0,14000,2,3,,POINT (-92.372157259309 42.504259428452)
2014777655,2014000081,01/03/2014,01-January,6-Friday,11:55,1100 Hours,District 6 (East Central),IOWA CITY,JOHNSON,,MORMON TREK BLVD & MELROSE AVE,Collision with:  Vehicle in traffic,On Roadway,Rear-end (front to rear),Driving too fast for conditions,None Indicated,,Daylight,Wet,Clear,None apparent,Intersection:  Four-way intersection,Paved,,Property Damage Only,0,0,0,0,0,0,2300,2,3,,POINT (-91.573898847626 41.656938952074)
2014778027,2014-632,01/03/2014,01-January,6-Friday,16:52,1600 Hours,District 6 (East Central),DAVENPORT,SCOTT,,VETERANS MEMORIAL PKWY & FRONTAGE RD,Collision with:  Vehicle in traffic,On Roadway,"Angle, oncoming left turn",Ran Stop Sign,None Indicated,,Dark - roadway not lighted,Slush,Clear,None apparent,Intersection:  Four-way intersection,Paved,,Property Damage Only,0,0,0,0,0,0,1600,2,2,,POINT (-90.570371468333 41.585793254599)
2014778171,01-14-326,01/03/2014,01-January,6-Friday,08:03,0800 Hours,District 6 (East Central),DUBUQUE,DUBUQUE,,CENTRAL AVE,Collision with:  Vehicle in traffic,On Roadway,Rear-end (front to rear),Followed too close,None Indicated,,Daylight,Slush,Cloudy,None apparent,Non-intersection:  Non-junction/no special feature,Paved,,Property Damage Only,0,0,0,0,0,0,4700,2,2,,POINT (-90.663981804612 42.499447130966)
2014778700,14000085,01/03/2014,01-January,6-Friday,15:54,1500 Hours,District 4 (Southwest),,MILLS,,Co Rd H16/EASTMAN RD & 202ND ST,Collision with:  Vehicle in traffic,On Roadway,Broadside (front to side),Other (explain in narrative):  No improper action,None Indicated,,Daylight,Ice/frost,Clear,None apparent,Intersection:  T-intersection,Unpaved,,Minor Injury,0,5,0,1,4,0,11000,2,7,,POINT (-95.802011609066 41.09883672645)
2014777471,W14-000819,01/03/2014,01-January,6-Friday,17:02,1700 Hours,District 2 (Northeast),WATERLOO,BLACK HAWK,US 63,US 63/LOGAN AVE,Collision with:  Parked motor vehicle,Outside trafficway,Rear-end (front to rear),Unknown,None Indicated,,Dusk,Snow,Rain,None apparent,Non-intersection:  Other non-intersection (explain in narrative),Paved,,Property Damage Only,0,0,0,0,0,0,1500,2,2,,POINT (-92.337604523058 42.528335559472)
2014787892,,01/03/2014,01-January,6-Friday,15:35,1500 Hours,District 5 (Southeast),,MUSCATINE,US 6,US 6,Collision with:  Vehicle in traffic,On Roadway,Rear-end (front to rear),Followed too close,None Indicated,,Daylight,Snow,"Blowing sand, soil, dirt","Surface condition (e.g., wet, icy)",Non-intersection:  Non-junction/no special feature,Paved,,Possible/Unknown,0,1,0,0,1,0,6000,2,2,,POINT (-91.349825356904 41.587451440178)
2014779475,2014-00120,01/03/2014,01-January,6-Friday,01:17,0100 Hours,District 5 (Southeast),INDIANOLA,WARREN,,S BUXTON ST,Collision with fixed object:  Utility pole/light support,On Roadway,Non-collision (single vehicle),"Operating vehicle in an reckless, erratic, careless, negligent manner",Alcohol (< Statutory),,Dark - roadway lighted,Snow,Snow,None apparent,Non-intersection:  Non-junction/no special feature,Paved,,Property Damage Only,0,0,0,0,0,0,8000,1,1,,POINT (-93.562298929725 41.354521270616)
2014777690,2014000069,01/03/2014,01-January,6-Friday,10:18,1000 Hours,District 1 (Central),MARSHALLTOWN,MARSHALL,IA 14,IA 14/S CENTER ST & W SOUTHRIDGE RD & E SOUTHRIDGE RD,Collision with:  Vehicle in traffic,On Roadway,Broadside (front to side),Other (explain in narrative):  No improper action,None Indicated,,Daylight,Ice/frost,Clear,"Surface condition (e.g., wet, icy)",Intersection:  Four-way intersection,Paved,,Property Damage Only,0,0,0,0,0,0,8000,2,2,,POINT (-92.912337007855 42.017950789924)
2014778315,,01/03/2014,01-January,6-Friday,20:35,2000 Hours,District 2 (Northeast),,KOSSUTH,,Co Rd P54/150 AVE,Collision with:  Railway vehicle/train,,Non-collision (single vehicle),Crossed centerline (undivided),None Indicated,,Dark - roadway not lighted,Dry,Cloudy,None apparent,Non-intersection:  Railroad grade crossing,Paved,,Possible/Unknown,0,1,0,0,1,0,6200,2,2,,POINT (-94.168313212886 43.144671969161)
2014778635,,01/03/2014,01-January,6-Friday,13:30,1300 Hours,District 1 (Central),ACKLEY,HARDIN,,1ST AVE & CERRO GORDO ST,Collision with:  Vehicle in traffic,On Roadway,Broadside (front to side),FTYROW:  Other (explain in narrative),None Indicated,,Daylight,Snow,Snow,"Surface condition (e.g., wet, icy)",Intersection:  Four-way intersection,Paved,,Property Damage Only,0,0,0,0,0,0,3000,2,2,,POINT (-93.054679615961 42.553228749283)
2014779111,2014000724,01/03/2014,01-January,6-Friday,22:34,2200 Hours,District 3 (Northwest),,SIOUX,,Co Rd K30/ELMWOOD AVE,Collision with fixed object:  Utility pole/light support,Roadside,Non-collision (single vehicle),Ran off road - right,None Indicated,,Dark - roadway not lighted,Ice/frost,"Sleet, hail","Surface condition (e.g., wet, icy)",Non-intersection:  Non-junction/no special feature,Paved,,Minor Injury,0,1,0,1,0,0,7000,1,1,,POINT (-96.294226324562 43.119939085279)
2014777766,14-0052,01/03/2014,01-January,6-Friday,16:11,1600 Hours,District 1 (Central),WEST DES MOINES,POLK,IA 28,IA 28/63RD ST & ASHWORTH RD,Collision with:  Vehicle in traffic,On Roadway,Rear-end (front to rear),Followed too close,None Indicated,,Daylight,Wet,Cloudy,None apparent,Intersection:  T-intersection,Paved,,Property Damage Only,0,0,0,0,0,0,3700,2,7,,POINT (-93.703394494285 41.584560469434)
2014778435,2014000065,01/03/2014,01-January,6-Friday,08:10,0800 Hours,District 1 (Central),MARSHALLTOWN,MARSHALL,,REYNOLDS RD & REYCLIF DR,Collision with:  Vehicle in traffic,On Roadway,Broadside (front to side),Traveling wrong way or on wrong side of road,None Indicated,,Daylight,Snow,Cloudy,None apparent,Non-intersection:  Non-junction/no special feature,Paved,,Minor Injury,0,1,0,1,0,0,3000,2,2,,POINT (-92.953857530673 42.040257371581)
2014778306,2014000699,01/03/2014,01-January,6-Friday,20:25,2000 Hours,District 5 (Southeast),,CLARKE,I-35,I-35,Non-collision events:  Overturn/rollover,On Roadway,Non-collision (single vehicle),Driving too fast for conditions,None Indicated,,Dark - roadway not lighted,Ice/frost,Clear,"Surface condition (e.g., wet, icy)",Non-intersection:  Non-junction/no special feature,Paved,,Major Injury,0,1,1,0,0,0,6000,1,1,,POINT (-93.797289973845 41.009484204399)
2014777737,20140000243,01/03/2014,01-January,6-Friday,15:24,1500 Hours,District 1 (Central),DES MOINES,POLK,,MCKINLEY AVE & FLEUR DR,Collision with:  Vehicle in traffic,On Roadway,"Angle, oncoming left turn",FTYROW:  Making left turn,None Indicated,,Daylight,Wet,Cloudy,None apparent,Intersection:  Four-way intersection,Paved,,Property Damage Only,0,0,0,0,0,0,1500,2,5,,POINT (-93.645039800208 41.5409741398)
2014777868,2014000657,01/03/2014,01-January,6-Friday,16:16,1600 Hours,District 1 (Central),,JASPER,I-80,I-80,Collision with:  Vehicle in traffic,On Roadway,"Sideswipe, same direction",Crossed centerline (undivided),None Indicated,,Daylight,Dry,Cloudy,Non-highway work,Non-intersection:  Non-junction/no special feature,Paved,,Property Damage Only,0,0,0,0,0,0,8500,3,4,,POINT (-92.91310709829 41.681831775319)
2014777906,14000104,01/03/2014,01-January,6-Friday,14:14,1400 Hours,District 5 (Southeast),CENTERVILLE,APPANOOSE,IA 2,IA 2/W MAPLE ST & S 10TH ST & N 10TH ST,Collision with:  Vehicle in traffic,On Roadway,Rear-end (front to rear),Followed too close,None Indicated,,Daylight,Snow,Clear,None apparent,Non-intersection:  Non-junction/no special feature,Paved,,Possible/Unknown,0,1,0,0,1,0,1250,2,4,,POINT (-92.876433871922 40.732517504782)
2014777710,14-000039,01/03/2014,01-January,6-Friday,12:34,1200 Hours,District 1 (Central),ANKENY,POLK,IA 160,IA 160/SE ORALABOR RD & SE DELAWARE AVE,Collision with:  Vehicle in traffic,On Roadway,Broadside (front to side),Ran Traffic Signal,None Indicated,,Daylight,Wet,Clear,None apparent,Intersection:  Four-way intersection,Paved,,Property Damage Only,0,0,0,0,0,0,10000,2,2,,POINT (-93.581272792163 41.702903442953)
2014777800,2014-656,01/03/2014,01-January,6-Friday,21:09,2100 Hours,District 6 (East Central),DAVENPORT,SCOTT,I-80,I-80,Collision with:  Other non-fixed object (explain in narrative),On Roadway,Non-collision (single vehicle),Cargo/equipment loss or shift,None Indicated,,Dark - roadway not lighted,Dry,Cloudy,None apparent,Non-intersection:  Non-junction/no special feature,Paved,,Property Damage Only,0,0,0,0,0,0,5000,1,1,,POINT (-90.547324731354 41.595363691954)
2014779064,201400000236,01/03/2014,01-January,6-Friday,15:37,1500 Hours,District 5 (Southeast),OTTUMWA,WAPELLO,US 34,US 34/MYRTLE ST & CHURCH ST,Collision with:  Vehicle in traffic,On Roadway,Broadside (front to side),Ran Traffic Signal,None Indicated,,Daylight,Dry,Cloudy,None apparent,Intersection:  Four-way intersection,Paved,,Property Damage Only,0,0,0,0,0,0,2500,2,2,,POINT (-92.417063643397 41.010740568098)
2014777466,W14-000707,01/03/2014,01-January,6-Friday,10:28,1000 Hours,District 2 (Northeast),WATERLOO,BLACK HAWK,,ANSBOROUGH AVE,Collision with:  Vehicle in traffic,On Roadway,Broadside (front to side),Improper or erratic lane changing,None Indicated,,Daylight,Wet,Cloudy,None apparent,Non-intersection:  Driveway access (within),Paved,,Property Damage Only,0,0,0,0,0,0,7000,2,4,,POINT (-92.376616519624 42.470709956088)
2014781804,,01/03/2014,01-January,6-Friday,15:52,1500 Hours,District 3 (Northwest),LAKE CITY,CALHOUN,IA 175,IA 175/MAIN ST,Collision with:  Vehicle in traffic,On Roadway,Rear-end (front to rear),Driving too fast for conditions,None Indicated,,Daylight,Other (explain in narrative),"Blowing sand, soil, dirt","Surface condition (e.g., wet, icy)",Non-intersection:  Other non-intersection (explain in narrative),Paved,,Property Damage Only,0,0,0,0,0,0,1550,2,2,,POINT (-94.741514455591 42.267324601054)
2014777733,20140000234,01/03/2014,01-January,6-Friday,13:15,1300 Hours,District 1 (Central),DES MOINES,POLK,IA 28,IA 28/63RD ST & RAILROAD AVE,Collision with:  Vehicle in traffic,On Roadway,"Sideswipe, same direction",Other (explain in narrative):  Vision obstructed,None Indicated,,Daylight,Dry,Clear,None apparent,Intersection:  Four-way intersection,Paved,,Property Damage Only,0,0,0,0,0,0,1700,2,2,,POINT (-93.703230334083 41.569429292361)
2014778163,01-14-320,01/03/2014,01-January,6-Friday,06:30,0600 Hours,District 6 (East Central),DUBUQUE,DUBUQUE,,ETHEL AVE & UNIVERSITY AVE,Collision with:  Vehicle in traffic,On Roadway,Rear-end (front to rear),Followed too close,None Indicated,,Dawn,Dry,Cloudy,None apparent,Non-intersection:  Non-junction/no special feature,Paved,,Property Damage Only,0,0,0,0,0,0,2000,2,2,,POINT (-90.706097797948 42.49419273074)
2014778046,14-0054,01/03/2014,01-January,6-Friday,17:00,1700 Hours,District 1 (Central),FORT DODGE,WEBSTER,,5TH AVE S,Collision with fixed object:  Other fixed object (explain in narrative),Roadside,Non-collision (single vehicle),Unknown,None Indicated,,Unknown,Unknown,Unknown,Unknown,Non-intersection:  Non-junction/no special feature,Paved,,Property Damage Only,0,0,0,0,0,0,5000,1,1,,POINT (-94.171444477659 42.501081624919)
2014778597,2014000719,01/03/2014,01-January,6-Friday,22:10,2200 Hours,District 6 (East Central),,DUBUQUE,US 20,US 20,Collision with fixed object:  Culvert/pipe opening,On Roadway,Non-collision (single vehicle),Ran off road - right,None Indicated,,Dark - roadway not lighted,Ice/frost,"Blowing sand, soil, dirt","Surface condition (e.g., wet, icy)",Non-intersection:  Non-junction/no special feature,Paved,,Property Damage Only,0,0,0,0,0,0,5000,1,1,,POINT (-90.825910358826 42.44039898274)
2014777468,W14-000743,01/03/2014,01-January,6-Friday,13:13,1300 Hours,District 2 (Northeast),WATERLOO,BLACK HAWK,,LAFAYETTE ST,Collision with:  Vehicle in traffic,On Roadway,Broadside (front to side),FTYROW:  Making left turn,None Indicated,,Daylight,Ice/frost,Clear,None apparent,Non-intersection:  Driveway access (within),Paved,,Possible/Unknown,0,1,0,0,1,0,7800,2,2,,POINT (-92.33343399675 42.498006842356)