Iowa DOT Case Number,Law Enforcement Case Number,Date of Crash,Month of Crash,Day of Week,Time of Crash,Hour,DOT District,City Name,County Name,Route with System,Location Description,First Harmful Event,Location of First Harmful Event,Manner of Crash/Collision,Major Cause,Drug or Alcohol ,Environmental Conditions,Light Conditions,Surface Conditions,Weather Conditions,Roadway Contribution,Roadway Type,Roadway Surface,Work Zone,Crash Severity,Number of Fatalities,Number of Injuries,Number of Major Injuries,Number of Minor Injuries,Number of Possible Injuries,Number of Unknown Injuries,Amount of Property Damage,Number of Vehicles Involved,Total Number of Occupants,Travel Direction,Location
2014785083,14-000339,01/04/2014,01-January,7-Saturday,02:53,0200 Hours,District 4 (Southwest),COUNCIL BLUFFS,POTTAWATTAMIE,,AVE D,Collision with:  Vehicle in traffic,On Roadway,Unknown,Lost Control,None Indicated,,Dark - roadway lighted,Snow,Clear,None apparent,Non-intersection:  Non-junction/no special feature,Paved,,Property Damage Only,0,0,0,0,0,0,1800,2,2,,POINT (-95.879979268351 41.265368875208)
2014777637,14-243,01/04/2014,01-January,7-Saturday,19:55,1900 Hours,District 1 (Central),LYNNVILLE,JASPER,I-80,I-80,Collision with:  Animal,On Roadway,Non-collision (single vehicle),Animal,None Indicated,,Dark - roadway not lighted,Dry,Cloudy,None apparent,Non-intersection:  Non-junction/no special feature,Paved,,Property Damage Only,0,0,0,0,0,0,5000,1,4,,POINT (-92.801481853317 41.695311988774)
2014777474,W14-001199,01/04/2014,01-January,7-Saturday,19:40,1900 Hours,District 2 (Northeast),WATERLOO,BLACK HAWK,,KINGSLEY AVE & FLETCHER AVE,Collision with:  Vehicle in traffic,On Roadway,Broadside (front to side),Ran Stop Sign,Alcohol (Statutory),,Dark - roadway lighted,Snow,Clear,"Surface condition (e.g., wet, icy)",Intersection:  Four-way intersection,Paved,,Minor Injury,0,1,0,1,0,0,15000,2,2,,POINT (-92.367107919243 42.484779041966)
2014783274,14000207,01/04/2014,01-January,7-Saturday,00:08,0000 Hours,District 6 (East Central),MARION,LINN,,S 31ST ST,Collision with:  Vehicle in traffic,On Roadway,Rear-end (front to rear),Other (explain in narrative):  Other,None Indicated,,Dark - roadway lighted,Wet,Cloudy,None apparent,Non-intersection:  Non-junction/no special feature,Paved,,Property Damage Only,0,0,0,0,0,0,5500,2,2,,POINT (-91.579125006234 42.02049250192)
2014778600,2014000829,01/04/2014,01-January,7-Saturday,17:30,1700 Hours,District 6 (East Central),DAVENPORT,SCOTT,US 61,US 61/BRADY ST,Collision with fixed object:  Bridge overhead structure,On Roadway,Non-collision (single vehicle),Other (explain in narrative):  No improper action,None Indicated,,Dark - roadway lighted,Ice/frost,Cloudy,"Surface condition (e.g., wet, icy)",Non-intersection:  Other non-intersection (explain in narrative),Paved,,Property Damage Only,0,0,0,0,0,0,5000,1,1,,POINT (-90.565080028346 41.606882137867)
2014778271,14-355,01/04/2014,01-January,7-Saturday,00:01,0000 Hours,District 3 (Northwest),SIOUX CITY,WOODBURY,,13TH ST & JACKSON ST,Collision with:  Parked motor vehicle,On Roadway,Rear-end (front to rear),Other (explain in narrative):  Other,None Indicated,,Dark - roadway lighted,Snow,Clear,None apparent,Intersection:  Four-way intersection,Paved,,Property Damage Only,0,0,0,0,0,0,2000,2,1,,POINT (-96.402099590505 42.504018984394)
2014779233,201400035,01/04/2014,01-January,7-Saturday,18:11,1800 Hours,District 6 (East Central),,LINN,IA 13,IA 13/IOWA 13,Collision with:  Animal,,,Animal,None Indicated,,,,,,,Paved,,Property Damage Only,0,0,0,0,0,0,1600,1,1,,POINT (-91.535420855749 42.190412429193)
2014777623,4514-002,01/04/2014,01-January,7-Saturday,11:55,1100 Hours,District 2 (Northeast),,HOWARD,US 63,US 63,Non-collision events:  Jackknife,Shoulder,Non-collision (single vehicle),Ran off road - left,None Indicated,,Daylight,Ice/frost,Clear,"Surface condition (e.g., wet, icy)",Non-intersection:  Non-junction/no special feature,Paved,,Property Damage Only,0,0,0,0,0,0,1500,1,2,,POINT (-92.298525247147 43.452256026749)
2014778599,2014000809,01/04/2014,01-January,7-Saturday,16:25,1600 Hours,District 6 (East Central),,SCOTT,I-80,I-80,Collision with:  Vehicle in traffic,On Roadway,"Sideswipe, same direction",Crossed centerline (undivided),None Indicated,,Daylight,Ice/frost,Snow,None apparent,Non-intersection:  Non-junction/no special feature,Paved,,Property Damage Only,0,0,0,0,0,0,10000,2,4,,POINT (-90.759573434358 41.611784782771)
2014777812,14S00018,01/04/2014,01-January,7-Saturday,11:39,1100 Hours,District 4 (Southwest),,UNION,,IVY AVE,Collision with:  Vehicle in traffic,On Roadway,Rear-end (front to rear),Improper Backing,None Indicated,,Daylight,Dry,Cloudy,None apparent,Non-intersection:  Non-junction/no special feature,Unpaved,,Property Damage Only,0,0,0,0,0,0,5500,2,2,,POINT (-94.308807816918 41.018682874753)
2014777941,14-000136,01/04/2014,01-January,7-Saturday,19:35,1900 Hours,District 2 (Northeast),,FAYETTE,IA 150,IA 150/LINCOLN RD,Collision with:  Animal,,,Animal,None Indicated,,,,,,,Paved,,Property Damage Only,0,0,0,0,0,0,3000,1,1,,POINT (-91.836915586172 43.038720518025)
2014777577,02-14-179,01/04/2014,01-January,7-Saturday,00:57,0000 Hours,District 6 (East Central),FARLEY,DUBUQUE,US 20,US 20,Non-collision events:  Overturn/rollover,Median,Non-collision (single vehicle),Driving too fast for conditions,Alcohol (Statutory),,Dark - roadway not lighted,Ice/frost,"Blowing sand, soil, dirt","Surface condition (e.g., wet, icy)",Non-intersection:  Non-junction/no special feature,Paved,,Property Damage Only,0,0,0,0,0,0,4000,1,2,,POINT (-91.01429298226 42.441441175305)
2014844617,2014-000042,01/04/2014,01-January,7-Saturday,18:01,1800 Hours,District 2 (Northeast),,ALLAMAKEE,,Co Rd X52/GREAT RIVER RD,Collision with fixed object:  Guardrail - face,On Roadway,Non-collision (single vehicle),Driving too fast for conditions,None Indicated,,Dark - roadway not lighted,Snow,Clear,"Surface condition (e.g., wet, icy)",Non-intersection:  Non-junction/no special feature,Paved,,Possible/Unknown,0,1,0,0,1,0,5000,1,2,,POINT (-91.1358317883 43.239693701249)
2014777688,2014000099,01/04/2014,01-January,7-Saturday,05:40,0500 Hours,District 1 (Central),MARSHALLTOWN,MARSHALL,,E BROMLEY ST & N 11TH AVE,Collision with:  Vehicle in traffic,On Roadway,Broadside (front to side),Ran Stop Sign,None Indicated,,Dark - roadway lighted,Slush,Clear,None apparent,Intersection:  Four-way intersection,Paved,,Property Damage Only,0,0,0,0,0,0,24000,2,3,,POINT (-92.894780203238 42.051674804751)
2014791658,14-189,01/04/2014,01-January,7-Saturday,00:25,0000 Hours,District 6 (East Central),,SCOTT,,VALLEY DR,Collision with:  Other non-fixed object (explain in narrative),On Roadway,Non-collision (single vehicle),Driving too fast for conditions,Alcohol (Statutory),,Dark - roadway lighted,Wet,Snow,"Surface condition (e.g., wet, icy)",Non-intersection:  Non-junction/no special feature,Paved,,Minor Injury,0,1,0,1,0,0,20000,1,1,,POINT (-90.42381288907 41.569334638353)
2014777805,2014-831,01/04/2014,01-January,7-Saturday,20:23,2000 Hours,District 6 (East Central),DAVENPORT,SCOTT,,IA 461/BRADY ST & VETERANS MEMORIAL PKWY & W 65TH ST,Collision with:  Vehicle in traffic,On Roadway,"Sideswipe, same direction",Ran Traffic Signal,None Indicated,,Dark - roadway lighted,Snow,Snow,None apparent,Intersection:  Four-way intersection,Paved,,Property Damage Only,0,0,0,0,0,0,1500,2,3,,POINT (-90.571325145913 41.585633288289)
2014778776,,01/04/2014,01-January,7-Saturday,05:49,0500 Hours,District 2 (Northeast),NORA SPRINGS,FLOYD,US 18,US 18,Non-collision events:  Overturn/rollover,Shoulder,Non-collision (single vehicle),Swerving/Evasive Action,None Indicated,,Dark - roadway not lighted,Snow,"Blowing sand, soil, dirt",None apparent,Non-intersection:  Non-junction/no special feature,Paved,,Possible/Unknown,0,1,0,0,1,0,5000,1,1,,POINT (-92.933657042407 43.119659004027)
2014777646,C14000047,01/04/2014,01-January,7-Saturday,11:37,1100 Hours,District 6 (East Central),CORALVILLE,JOHNSON,,12TH AVE & 5TH ST,Collision with:  Vehicle in traffic,On Roadway,"Angle, oncoming left turn",FTYROW:  Making left turn,None Indicated,,Daylight,Wet,Snow,None apparent,Intersection:  Four-way intersection,Paved,,Property Damage Only,0,0,0,0,0,0,10000,2,2,,POINT (-91.580661572776 41.676027164012)
2014777548,140083,01/04/2014,01-January,7-Saturday,00:30,0000 Hours,District 4 (Southwest),,DALLAS,IA 44,IA 44/240TH ST,Collision with fixed object:  Ditch,On Roadway,Non-collision (single vehicle),Crossed centerline (undivided),None Indicated,,Dark - roadway not lighted,Slush,Severe winds,"Surface condition (e.g., wet, icy)",Non-intersection:  Non-junction/no special feature,Paved,,Property Damage Only,0,0,0,0,0,0,11500,1,1,,POINT (-93.900494189618 41.688289595847)
2014782225,14-000083,01/04/2014,01-January,7-Saturday,23:22,2300 Hours,District 4 (Southwest),PERRY,DALLAS,IA 144,IA 144/1ST AVE,Collision with:  Animal,On Roadway,Non-collision (single vehicle),Animal,None Indicated,,Dark - roadway not lighted,Dry,Clear,None apparent,Non-intersection:  Non-junction/no special feature,Paved,,Property Damage Only,0,0,0,0,0,0,1750,1,3,,POINT (-94.106479895392 41.853189438917)
2014778268,14-000037,01/04/2014,01-January,7-Saturday,10:45,1000 Hours,District 1 (Central),AMES,STORY,US 69,US 69/LINCOLN WAY/GRAND AVE,Collision with:  Vehicle in traffic,On Roadway,"Angle, oncoming left turn",FTYROW:  Making left turn,None Indicated,,Daylight,Wet,Cloudy,None apparent,Intersection:  Four-way intersection,Paved,,Possible/Unknown,0,2,0,0,2,0,24999,2,3,,POINT (-93.620173747235 42.022901725874)
2014778016,14-000419,01/04/2014,01-January,7-Saturday,20:32,2000 Hours,District 4 (Southwest),COUNCIL BLUFFS,POTTAWATTAMIE,,W BROADWAY & E BROADWAY & S 1ST ST,Collision with:  Vehicle in traffic,Outside trafficway,Broadside (front to side),Unknown,None Indicated,,Dark - roadway lighted,Ice/frost,Cloudy,None apparent,Non-intersection:  Non-junction/no special feature,Paved,,Possible/Unknown,0,1,0,0,0,1,6000,2,2,,POINT (-95.843724312357 41.263352750857)
2014777480,14-185,01/04/2014,01-January,7-Saturday,19:00,1900 Hours,District 2 (Northeast),,BREMER,IA 3,IA 3/IOWA 3,Collision with:  Animal,,,Animal,None Indicated,,,,,,,Paved,,Property Damage Only,0,0,0,0,0,0,3000,1,1,,POINT (-92.411595061923 42.715066200287)
2014778420,14001740,01/04/2014,01-January,7-Saturday,18:40,1800 Hours,District 6 (East Central),,JOHNSON,IA 22,IA 22/IOWA 22 & Co Rd W66/SAND RD,Collision with fixed object:  Traffic sign support,Roadside,Non-collision (single vehicle),Driving too fast for conditions,None Indicated,,Dark - roadway not lighted,Snow,Cloudy,"Surface condition (e.g., wet, icy)",Intersection:  Four-way intersection,Paved,,Property Damage Only,0,0,0,0,0,0,2500,1,1,,POINT (-91.503379400321 41.496285707327)
2014777713,14-000053,01/04/2014,01-January,7-Saturday,15:20,1500 Hours,District 1 (Central),ANKENY,POLK,,SE DELAWARE AVE,Non-collision events:  Other non-collision (explain in narrative),On Roadway,Non-collision (single vehicle),Over correcting/over steering,None Indicated,,Daylight,Wet,Cloudy,"Surface condition (e.g., wet, icy)",Non-intersection:  Non-junction/no special feature,Paved,,Property Damage Only,0,0,0,0,0,0,4200,1,1,,POINT (-93.581181335515 41.712766650673)
2014780479,14-000042,01/04/2014,01-January,7-Saturday,18:45,1800 Hours,District 1 (Central),AMES,STORY,,6TH ST & E 6TH ST & DUFF AVE,Collision with:  Vehicle in traffic,On Roadway,"Sideswipe, same direction",Improper or erratic lane changing,None Indicated,,Dark - roadway lighted,Dry,Clear,None apparent,Non-intersection:  Non-junction/no special feature,Paved,,Minor Injury,0,1,0,1,0,0,2500,2,2,,POINT (-93.610476925009 42.0269616342)
2014777754,20140000304,01/04/2014,01-January,7-Saturday,09:32,0900 Hours,District 1 (Central),DES MOINES,POLK,,HIGH ST & 29TH ST,Collision with:  Vehicle in traffic,On Roadway,Broadside (front to side),Ran Stop Sign,None Indicated,,Daylight,Slush,Cloudy,"Surface condition (e.g., wet, icy)",Intersection:  Four-way intersection,Paved,,Property Damage Only,0,0,0,0,0,0,4000,2,2,,POINT (-93.656584281083 41.587098142609)
2014778359,CL14000029,01/04/2014,01-January,7-Saturday,14:36,1400 Hours,District 6 (East Central),CLINTON,CLINTON,,13TH AVE N,Collision with:  Vehicle in traffic,On Roadway,"Sideswipe, same direction",Other (explain in narrative):  Other,None Indicated,,Daylight,Wet,Clear,"Surface condition (e.g., wet, icy)",Non-intersection:  Non-junction/no special feature,Paved,,Property Damage Only,0,0,0,0,0,0,5000,2,4,,POINT (-90.19680124504 41.859377068736)
2014779709,14000276,01/04/2014,01-January,7-Saturday,01:22,0100 Hours,District 1 (Central),AMES,STORY,I-35,I-35,Collision with:  Animal,,,Animal,None Indicated,,,,,,,Paved,,Property Damage Only,0,0,0,0,0,0,4500,1,1,,POINT (-93.57012415394 41.923394441105)
2014778405,14-060104-01,01/04/2014,01-January,7-Saturday,17:40,1700 Hours,District 6 (East Central),,IOWA,IA 212,IA 212/212 BLVD,Collision with:  Animal,,,Animal,None Indicated,,,,,,,Paved,,Property Damage Only,0,0,0,0,0,0,1500,1,1,,POINT (-92.265205331281 41.844568187765)
2014777539,CL14000027,01/04/2014,01-January,7-Saturday,02:00,0200 Hours,District 6 (East Central),CLINTON,CLINTON,,S 6TH ST,Collision with:  Parked motor vehicle,On Roadway,"Sideswipe, same direction",Unknown,None Indicated,,Dark - roadway not lighted,Slush,Cloudy,None apparent,Non-intersection:  Non-junction/no special feature,Paved,,Property Damage Only,0,0,0,0,0,0,7000,2,3,,POINT (-90.198921599713 41.83813034215)
2014779173,,01/04/2014,01-January,7-Saturday,07:34,0700 Hours,District 4 (Southwest),,AUDUBON,US 71,US 71 & IA 44/IOWA 44,Collision with:  Vehicle in traffic,On Roadway,Broadside (front to side),Other (explain in narrative):  Other,None Indicated,,Daylight,Slush,Cloudy,"Surface condition (e.g., wet, icy)",Intersection:  Four-way intersection,Paved,,Possible/Unknown,0,1,0,0,1,0,13000,2,11,,POINT (-94.905151931811 41.666810569305)
2014777578,02-14-194,01/04/2014,01-January,7-Saturday,06:36,0600 Hours,District 6 (East Central),,DUBUQUE,,NORTH CASCADE RD,Collision with:  Vehicle in traffic,On Roadway,Head-on (front to front),FTYROW:  Other (explain in narrative),None Indicated,,Dark - roadway not lighted,Snow,"Blowing sand, soil, dirt","Surface condition (e.g., wet, icy)",Non-intersection:  Non-junction/no special feature,Paved,,Minor Injury,0,2,0,2,0,0,15000,2,2,,POINT (-90.798826859198 42.43262352753)
2014779885,2014-813,01/04/2014,01-January,7-Saturday,17:58,1700 Hours,District 6 (East Central),DAVENPORT,SCOTT,US 67,US 67/E RIVER DR,Collision with fixed object:  Concrete traffic barrier (median or right side),Outside trafficway,Non-collision (single vehicle),Lost Control,None Indicated,,Dark - roadway lighted,Snow,Snow,"Surface condition (e.g., wet, icy)",Non-intersection:  Non-junction/no special feature,Paved,,Property Damage Only,0,0,0,0,0,0,1500,1,2,,POINT (-90.543768207719 41.529991673746)
2014777830,2014000822,01/04/2014,01-January,7-Saturday,16:49,1600 Hours,District 5 (Southeast),,HENRY,US 218,US 218,Non-collision events:  Overturn/rollover,Roadside,Non-collision (single vehicle),Ran off road - right,None Indicated,,Dusk,Snow,Snow,"Surface condition (e.g., wet, icy)",Non-intersection:  Non-junction/no special feature,Paved,,Major Injury,0,1,1,0,0,0,12000,1,1,,POINT (-91.544459345665 41.048639417159)
2014777621,14-000185,01/04/2014,01-January,7-Saturday,19:54,1900 Hours,District 5 (Southeast),,HENRY,US 218,US 218 & 195TH ST,Collision with fixed object:  Curb/island/raised median,On Roadway,Non-collision (single vehicle),Ran off road - left,None Indicated,,Dark - roadway not lighted,Snow,Snow,"Surface condition (e.g., wet, icy)",Non-intersection:  Non-junction/no special feature,Paved,,Property Damage Only,0,0,0,0,0,0,1600,1,1,,POINT (-91.548743379118 41.024786814872)
2014777687,14-000273,01/04/2014,01-January,7-Saturday,19:30,1900 Hours,District 5 (Southeast),,MARION,,Co Rd T14/HWY T14,Collision with:  Animal,On Roadway,Non-collision (single vehicle),Animal,None Indicated,,Dark - roadway not lighted,Wet,Clear,"Shoulders (none, low, soft, high)",Non-intersection:  Non-junction/no special feature,Paved,,Property Damage Only,0,0,0,0,0,0,1500,1,1,,POINT (-92.92203912053 41.438333243458)
2014777974,14000044,01/04/2014,01-January,7-Saturday,14:19,1400 Hours,District 5 (Southeast),,KEOKUK,IA 92,IA 92/IOWA 92,Collision with:  Animal,,,Animal,None Indicated,,,,,,,Paved,,Property Damage Only,0,0,0,0,0,0,2000,1,1,,POINT (-92.141721550367 41.336976286718)
2014812919,NT-14-005,01/04/2014,01-January,7-Saturday,12:15,1200 Hours,District 1 (Central),NEVADA,STORY,,N AVE & 8TH ST,Collision with:  Vehicle in traffic,On Roadway,Broadside (front to side),Ran Stop Sign,None Indicated,,Daylight,Wet,Clear,None apparent,Intersection:  Four-way intersection,Paved,,Property Damage Only,0,0,0,0,0,0,7000,2,2,,POINT (-93.449546788136 42.024759586735)
2014778626,2014000830,01/04/2014,01-January,7-Saturday,17:50,1700 Hours,District 1 (Central),,JASPER,IA 330,IA 330/IOWA 330 N,Collision with:  Animal,,,Animal,None Indicated,,,,,,,Paved,,Property Damage Only,0,0,0,0,0,0,7000,1,1,,POINT (-93.23622185581 41.860528290224)
2014778437,14000070,01/04/2014,01-January,7-Saturday,12:15,1200 Hours,District 3 (Northwest),SHELDON,OBRIEN,,7TH ST & 5TH AVE,Collision with:  Vehicle in traffic,On Roadway,Broadside (front to side),FTYROW:  At uncontrolled intersection,None Indicated,,Daylight,Snow,Cloudy,None apparent,Intersection:  Four-way intersection,Paved,,Property Damage Only,0,0,0,0,0,0,10000,2,4,,POINT (-95.851310731312 43.182456643275)
2014777716,14-0014,01/04/2014,01-January,7-Saturday,13:53,1300 Hours,District 1 (Central),CLIVE,POLK,,LAKEVIEW DR & NW 142ND ST,Collision with:  Vehicle in traffic,On Roadway,Broadside (front to side),FTYROW:  From stop sign,None Indicated,,Daylight,Dry,Cloudy,None apparent,Intersection:  Four-way intersection,Paved,,Minor Injury,0,1,0,1,0,0,11000,2,4,,POINT (-93.814274002689 41.609724315296)
2014778729,14-000374,01/04/2014,01-January,7-Saturday,13:15,1300 Hours,District 4 (Southwest),COUNCIL BLUFFS,POTTAWATTAMIE,US 6,US 6/W BROADWAY & S 24TH ST & N 24TH ST,Collision with:  Vehicle in traffic,On Roadway,"Angle, oncoming left turn",FTYROW:  Making left turn,None Indicated,,Daylight,Dry,Cloudy,None apparent,Non-intersection:  Driveway access (within),Paved,,Property Damage Only,0,0,0,0,0,0,3900,2,3,,POINT (-95.879576196507 41.261902523716)
2014778314,,01/04/2014,01-January,7-Saturday,10:15,1000 Hours,District 2 (Northeast),,KOSSUTH,,Co Rd B14/330 ST & Co Rd R14/240 AVE,Collision with:  Vehicle in traffic,On Roadway,Broadside (front to side),FTYROW:  From stop sign,None Indicated,,Daylight,Dry,Severe winds,None apparent,Intersection:  Four-way intersection,Paved,,Property Damage Only,0,0,0,0,0,0,8000,2,4,,POINT (-93.989835880697 43.241841142108)
2014778419,14001652,01/04/2014,01-January,7-Saturday,15:25,1500 Hours,District 6 (East Central),NORTH LIBERTY,JOHNSON,I-380,I-380,Collision with fixed object:  Ditch,On Roadway,Non-collision (single vehicle),Swerving/Evasive Action,None Indicated,,Daylight,Wet,Cloudy,"Surface condition (e.g., wet, icy)",Non-intersection:  Non-junction/no special feature,Paved,,Property Damage Only,0,0,0,0,0,0,4000,1,2,,POINT (-91.64224806795 41.730055805253)
2014779882,2014-776,01/04/2014,01-January,7-Saturday,15:19,1500 Hours,District 6 (East Central),DAVENPORT,SCOTT,,ELMORE AVE,Collision with:  Vehicle in traffic,On Roadway,"Angle, oncoming left turn",FTYROW:  Making left turn,None Indicated,,Daylight,Snow,Snow,None apparent,Intersection:  T-intersection,Paved,,Property Damage Only,0,0,0,0,0,0,12000,2,2,,POINT (-90.527237838514 41.556467166038)
2014782676,14-00070,01/04/2014,01-January,7-Saturday,16:47,1600 Hours,District 2 (Northeast),OELWEIN,FAYETTE,,6TH ST NE & 2ND AVE NE,Collision with:  Vehicle in traffic,On Roadway,Broadside (front to side),FTYROW:  From yield sign,None Indicated,,Dusk,Snow,Cloudy,None apparent,Intersection:  Four-way intersection,Paved,,Property Damage Only,0,0,0,0,0,0,4250,2,4,,POINT (-91.910523575632 42.685802434635)
2014780364,2014000113,01/04/2014,01-January,7-Saturday,15:37,1500 Hours,District 6 (East Central),IOWA CITY,JOHNSON,,FRIENDSHIP ST & S 1ST AVE,Collision with:  Vehicle in traffic,On Roadway,Broadside (front to side),Ran Stop Sign,None Indicated,,Daylight,Slush,Clear,None apparent,Intersection:  Four-way intersection,Paved,,Property Damage Only,0,0,0,0,0,0,4500,2,2,,POINT (-91.501994410785 41.653862507659)
2014777752,20140000281,01/04/2014,01-January,7-Saturday,23:50,2300 Hours,District 1 (Central),DES MOINES,POLK,,HUBBELL AVE & SEARLE ST,Collision with:  Parked motor vehicle,Outside trafficway,Broadside (front to side),Driving too fast for conditions,Alcohol (Statutory),,Dark - roadway lighted,Dry,Clear,None apparent,Non-intersection:  Driveway access (within),Paved,,Property Damage Only,0,0,0,0,0,0,5000,2,1,,POINT (-93.575559218552 41.602556406479)
2014778625,2014000759,01/04/2014,01-January,7-Saturday,09:50,0900 Hours,District 6 (East Central),NEW VIENNA,DUBUQUE,US 20,US 20,Non-collision events:  Jackknife,On Roadway,Non-collision (single vehicle),Ran off road - left,None Indicated,,Daylight,Ice/frost,Cloudy,"Surface condition (e.g., wet, icy)",Non-intersection:  Non-junction/no special feature,Paved,,Property Damage Only,0,0,0,0,0,0,2000,1,4,,POINT (-91.053120790214 42.458524474598)
2014779883,2014-788,01/04/2014,01-January,7-Saturday,16:00,1600 Hours,District 6 (East Central),DAVENPORT,SCOTT,I-80,I-80,Collision with fixed object:  Guardrail - face,Outside trafficway,Non-collision (single vehicle),Ran off road - left,None Indicated,,Daylight,Snow,Snow,"Surface condition (e.g., wet, icy)",Non-intersection:  Non-junction/no special feature,Paved,,Property Damage Only,0,0,0,0,0,0,5500,1,2,,POINT (-90.538022470985 41.596101406885)
2014777703,14-63,01/04/2014,01-January,7-Saturday,05:30,0500 Hours,District 1 (Central),,POLK,US 65,US 65,Non-collision events:  Overturn/rollover,On Roadway,Non-collision (single vehicle),Lost Control,None Indicated,,Dark - roadway not lighted,Ice/frost,Cloudy,"Surface condition (e.g., wet, icy)",Non-intersection:  Non-junction/no special feature,Paved,,Minor Injury,0,1,0,1,0,0,15000,1,1,,POINT (-93.415789280235 41.724211531516)
2014812920,NT-14-006,01/04/2014,01-January,7-Saturday,13:10,1300 Hours,District 1 (Central),NEVADA,STORY,,SW 4TH ST,Collision with:  Vehicle in traffic,On Roadway,Broadside (front to side),FTYROW:  From driveway,None Indicated,,Daylight,Dry,Clear,None apparent,Non-intersection:  Other non-intersection (explain in narrative),Paved,,Possible/Unknown,0,1,0,0,1,0,1500,2,6,,POINT (-93.462861083364 42.003496092428)
2014777771,14-0069,01/04/2014,01-January,7-Saturday,15:23,1500 Hours,District 1 (Central),WEST DES MOINES,POLK,I-235,I-235,Collision with:  Vehicle in traffic,On Roadway,"Sideswipe, same direction",Swerving/Evasive Action,None Indicated,,Daylight,Dry,Cloudy,None apparent,Non-intersection:  Non-junction/no special feature,Paved,,Property Damage Only,0,0,0,0,0,0,1800,2,4,,POINT (-93.760793779302 41.592238418541)
2014777636,14-00287,01/04/2014,01-January,7-Saturday,06:10,0600 Hours,District 1 (Central),,JASPER,,Co Rd F48/HWY F-48 W,Collision with fixed object:  Bridge overhead structure,On Roadway,Non-collision (single vehicle),Ran off road - right,None Indicated,,Dark - roadway not lighted,Other (explain in narrative),Cloudy,"Surface condition (e.g., wet, icy)",Non-intersection:  Other non-intersection (explain in narrative),Paved,,Property Damage Only,0,0,0,0,0,0,3100,1,1,,POINT (-93.290384694654 41.661537891566)
2014779020,S14-000024,01/04/2014,01-January,7-Saturday,08:50,0800 Hours,District 4 (Southwest),,POTTAWATTAMIE,,MONUMENT RD,Collision with:  Animal,Roadside,Non-collision (single vehicle),Animal,None Indicated,,Daylight,Snow,Cloudy,"Surface condition (e.g., wet, icy)",Non-intersection:  Non-junction/no special feature,Paved,,Property Damage Only,0,0,0,0,0,0,6000,1,1,,POINT (-95.855830019322 41.294881251837)
2014777622,4514-001,01/04/2014,01-January,7-Saturday,08:34,0800 Hours,District 2 (Northeast),,HOWARD,US 63,US 63,Non-collision events:  Overturn/rollover,Shoulder,Non-collision (single vehicle),Ran off road - left,None Indicated,,Daylight,Ice/frost,Clear,"Surface condition (e.g., wet, icy)",Non-intersection:  Non-junction/no special feature,Paved,,Property Damage Only,0,0,0,0,0,0,10000,1,5,,POINT (-92.298196541278 43.393005160621)
2014778030,2014-774,01/04/2014,01-January,7-Saturday,15:03,1500 Hours,District 6 (East Central),DAVENPORT,SCOTT,,N DIVISION ST,Collision with fixed object:  Utility pole/light support,On Roadway,Non-collision (single vehicle),Driving too fast for conditions,None Indicated,,Daylight,Snow,Snow,"Surface condition (e.g., wet, icy)",Non-intersection:  Driveway access (within),Paved,,Property Damage Only,0,0,0,0,0,0,4000,1,3,,POINT (-90.601112832228 41.52919444004)
2014777936,032-003-14,01/04/2014,01-January,7-Saturday,14:30,1400 Hours,District 3 (Northwest),ESTHERVILLE,EMMET,,6TH AVE N & N 4TH ST,Collision with fixed object:  Utility pole/light support,Outside trafficway,Non-collision (single vehicle),Driving too fast for conditions,None Indicated,,Daylight,Snow,Clear,"Surface condition (e.g., wet, icy)",Non-intersection:  Non-junction/no special feature,Paved,,Property Damage Only,0,0,0,0,0,0,3100,1,2,,POINT (-94.839389576582 43.407295786179)
2014777784,14-000375,01/04/2014,01-January,7-Saturday,13:35,1300 Hours,District 4 (Southwest),COUNCIL BLUFFS,POTTAWATTAMIE,US 6,US 6/W BROADWAY & S 19TH ST & N 19TH ST,Collision with:  Vehicle in traffic,On Roadway,"Angle, oncoming left turn",Made improper turn,None Indicated,,Daylight,Wet,Cloudy,None apparent,Intersection:  Four-way intersection,Paved,,Property Damage Only,0,0,0,0,0,0,5000,2,3,,POINT (-95.872162326019 41.261862705927)
2014777557,14-000348,01/04/2014,01-January,7-Saturday,18:30,1800 Hours,District 5 (Southeast),WEST BURLINGTON,DES MOINES,US 34,US 34 & W BURLINGTON AVE,Collision with fixed object:  Traffic sign support,Outside trafficway,Non-collision (single vehicle),Ran off road - right,None Indicated,,Dark - roadway lighted,Snow,Snow,"Surface condition (e.g., wet, icy)",Non-intersection:  Other non-intersection (explain in narrative),Paved,,Property Damage Only,0,0,0,0,0,0,8000,1,1,,POINT (-91.15096539622 40.819110740759)
2014778949,1401-003,01/04/2014,01-January,7-Saturday,06:45,0600 Hours,District 3 (Northwest),,OSCEOLA,IA 60,IA 60/IOWA 60 & ORIOLE AVE,Collision with:  Animal,On Roadway,Non-collision (single vehicle),Animal,None Indicated,,Dark - roadway not lighted,Dry,Clear,None apparent,Non-intersection:  Non-junction/no special feature,Paved,,Possible/Unknown,0,1,0,0,1,0,10000,1,3,,POINT (-95.741766573181 43.384296034075)