Iowa DOT Case Number,Law Enforcement Case Number,Date of Crash,Month of Crash,Day of Week,Time of Crash,Hour,DOT District,City Name,County Name,Route with System,Location Description,First Harmful Event,Location of First Harmful Event,Manner of Crash/Collision,Major Cause,Drug or Alcohol ,Environmental Conditions,Light Conditions,Surface Conditions,Weather Conditions,Roadway Contribution,Roadway Type,Roadway Surface,Work Zone,Crash Severity,Number of Fatalities,Number of Injuries,Number of Major Injuries,Number of Minor Injuries,Number of Possible Injuries,Number of Unknown Injuries,Amount of Property Damage,Number of Vehicles Involved,Total Number of Occupants,Travel Direction,Location
2014777473,W14-001166,01/04/2014,01-January,7-Saturday,16:30,1600 Hours,District 2 (Northeast),WATERLOO,BLACK HAWK,,ANN ST,Collision with fixed object:  Other fixed object (explain in narrative),Roadside,Non-collision (single vehicle),Ran off road - left,Refused,,Daylight,Wet,Cloudy,None apparent,Non-intersection:  Non-junction/no special feature,Paved,,Property Damage Only,0,0,0,0,0,0,5200,1,1,,POINT (-92.294569543978 42.486597971653)
2014777554,14-00361,01/04/2014,01-January,7-Saturday,22:15,2200 Hours,District 5 (Southeast),BURLINGTON,DES MOINES,,WELLS ST & OSBORN ST,Collision with fixed object:  Other fixed object (explain in narrative),On Roadway,Non-collision (single vehicle),Driving too fast for conditions,None Indicated,,Dark - roadway lighted,Snow,Snow,None apparent,Intersection:  T-intersection,Paved,,Property Damage Only,0,0,0,0,0,0,2000,1,1,,POINT (-91.111983953558 40.815182358447)
2014778244,GP20140008,01/04/2014,01-January,7-Saturday,20:12,2000 Hours,District 1 (Central),GRINNELL,POWESHIEK,,REED ST,Collision with:  Parked motor vehicle,On Roadway,Rear-end (front to rear),Driver Distraction:  Reaching for object(s)/fallen object(s),None Indicated,,Dark - roadway not lighted,Snow,Clear,None apparent,Non-intersection:  Non-junction/no special feature,Paved,,Property Damage Only,0,0,0,0,0,0,14000,2,1,,POINT (-92.733234639816 41.750423343372)
2014777770,14-0066,01/04/2014,01-January,7-Saturday,09:57,0900 Hours,District 1 (Central),WEST DES MOINES,POLK,,GRAND AVE,Collision with:  Vehicle in traffic,On Roadway,"Angle, oncoming left turn",Unknown,None Indicated,,Daylight,Dry,Cloudy,None apparent,Non-intersection:  Non-junction/no special feature,Paved,,Property Damage Only,0,0,0,0,0,0,10755,2,2,,POINT (-93.704705887119 41.58269694714)
2014781141,SA1400104,01/05/2014,01-January,1-Sunday,08:59,0800 Hours,District 5 (Southeast),,WASHINGTON,IA 1,IA 1,Non-collision events:  Overturn/rollover,On Roadway,Non-collision (single vehicle),Driving too fast for conditions,None Indicated,,Dawn,Wet,Unknown,None apparent,Non-intersection:  Non-junction/no special feature,Paved,,Property Damage Only,0,0,0,0,0,0,5000,1,1,,POINT (-91.871343482695 41.176432674233)
2014777920,14-000105,01/05/2014,01-January,1-Sunday,03:20,0300 Hours,District 4 (Southwest),ATLANTIC,CASS,,22ND ST,Collision with:  Vehicle in traffic,On Roadway,Rear-end (front to rear),Driver Distraction:  Inattentive/lost in thought,None Indicated,,Dark - roadway lighted,Dry,Cloudy,None apparent,Non-intersection:  Non-junction/no special feature,Paved,,Property Damage Only,0,0,0,0,0,0,4000,2,1,,POINT (-95.004010054469 41.389342573831)
2014778523,2014-877,01/05/2014,01-January,1-Sunday,01:25,0100 Hours,District 6 (East Central),DAVENPORT,SCOTT,,N CLARK ST & WAVERLY RD,Collision with:  Vehicle in traffic,On Roadway,Broadside (front to side),"Operating vehicle in an reckless, erratic, careless, negligent manner",None Indicated,,Dark - roadway lighted,Slush,Snow,None apparent,Non-intersection:  Non-junction/no special feature,Paved,,Property Damage Only,0,0,0,0,0,0,1500,2,2,,POINT (-90.624533602606 41.529491742563)
2014781809,,01/05/2014,01-January,1-Sunday,05:35,0500 Hours,District 2 (Northeast),,BUTLER,IA 188,IA 188/IOWA 188,,On Roadway,Non-collision (single vehicle),Crossed centerline (undivided),None Indicated,,Dark - roadway not lighted,Unknown,Severe winds,None apparent,Non-intersection:  Driveway access (within),Paved,,Possible/Unknown,0,1,0,0,1,0,10500,1,2,,POINT (-92.672960099462 42.829687262993)
2014777544,CL14000036,01/05/2014,01-January,1-Sunday,18:48,1800 Hours,District 6 (East Central),CLINTON,CLINTON,US 30,US 30/CAMANCHE AVE & 21ST PL,Collision with:  Vehicle in traffic,On Roadway,Broadside (front to side),FTYROW:  From stop sign,None Indicated,,Dark - roadway lighted,Snow,Clear,None apparent,Intersection:  Four-way intersection,Paved,,Property Damage Only,0,0,0,0,0,0,9500,2,4,,POINT (-90.208316201683 41.825084783471)
2014780266,,01/05/2014,01-January,1-Sunday,13:20,1300 Hours,District 2 (Northeast),CHARLES CITY,FLOYD,,9TH AVE & HULIN ST & N JACKSON ST,Collision with:  Parked motor vehicle,On Roadway,"Sideswipe, same direction",Lost Control,None Indicated,,Daylight,Ice/frost,Clear,None apparent,Non-intersection:  Non-junction/no special feature,Paved,,Property Damage Only,0,0,0,0,0,0,8000,2,1,,POINT (-92.677097269011 43.070893172937)
2014836760,15-000056,01/05/2014,01-January,1-Sunday,12:55,1200 Hours,District 1 (Central),ANKENY,POLK,US 69,US 69/S ANKENY BLVD,Collision with:  Vehicle in traffic,On Roadway,Rear-end (front to rear),Other (explain in narrative):  Other,None Indicated,,Daylight,Snow,Cloudy,"Surface condition (e.g., wet, icy)",Non-intersection:  Non-junction/no special feature,Paved,,Property Damage Only,0,0,0,0,0,0,2000,2,2,,POINT (-93.600574701421 41.704146244745)
2014798200,,01/05/2014,01-January,1-Sunday,12:26,1200 Hours,District 2 (Northeast),WATERLOO,BLACK HAWK,,CASTLE ST,Collision with:  Vehicle in traffic,On Roadway,Broadside (front to side),FTYROW:  From driveway,None Indicated,,Daylight,Snow,Cloudy,"Surface condition (e.g., wet, icy)",Non-intersection:  Driveway access (within),Paved,,Property Damage Only,0,0,0,0,0,0,2932,2,4,,POINT (-92.400335119023 42.513019899542)
2014778422,14002102,01/05/2014,01-January,1-Sunday,15:39,1500 Hours,District 6 (East Central),,JOHNSON,,Co Rd F44/HOOVER HWY NE,Collision with:  Vehicle in traffic,On Roadway,"Sideswipe, opposite direction",Crossed centerline (undivided),None Indicated,,Dusk,Snow,Snow,"Surface condition (e.g., wet, icy)",Non-intersection:  Non-junction/no special feature,Paved,,Property Damage Only,0,0,0,0,0,0,10000,2,3,,POINT (-91.387560332851 41.671074941624)
2014789346,14-001,01/05/2014,01-January,1-Sunday,20:33,2000 Hours,District 3 (Northwest),,CALHOUN,,170TH ST,Non-collision events:  Overturn/rollover,On Roadway,Non-collision (single vehicle),Swerving/Evasive Action,None Indicated,,Dark - roadway not lighted,"Mud, dirt",Severe winds,None apparent,Non-intersection:  Non-junction/no special feature,Unpaved,,Property Damage Only,0,0,0,0,0,0,10000,1,1,,POINT (-94.51745854573 42.545769014286)
2014779886,2014-919,01/05/2014,01-January,1-Sunday,09:04,0900 Hours,District 6 (East Central),DAVENPORT,SCOTT,,CIMARRON DR & N LINCOLN AVE,Collision with fixed object:  Utility pole/light support,Outside trafficway,Non-collision (single vehicle),Lost Control,None Indicated,,Daylight,Ice/frost,"Blowing sand, soil, dirt",None apparent,Non-intersection:  Non-junction/no special feature,Paved,,Property Damage Only,0,0,0,0,0,0,2600,1,1,,POINT (-90.615660334947 41.527641817493)
2014780011,14-000363,01/05/2014,01-January,1-Sunday,09:03,0900 Hours,District 5 (Southeast),,LEE,US 61,US 61,Collision with:  Vehicle in traffic,On Roadway,Rear-end (front to rear),Followed too close,None Indicated,,Daylight,Snow,Snow,None apparent,Non-intersection:  Non-junction/no special feature,Paved,,Possible/Unknown,0,1,0,0,1,0,10000,2,2,,POINT (-91.333390696882 40.670555465936)
2014777773,14-0078,01/05/2014,01-January,1-Sunday,01:35,0100 Hours,District 1 (Central),WEST DES MOINES,POLK,I-235,I-235 & 35TH ST/VALLEY WEST DR,Collision with fixed object:  Curb/island/raised median,On Roadway,Non-collision (single vehicle),Unknown,None Indicated,,Dark - roadway lighted,Dry,Cloudy,None apparent,Non-intersection:  Non-junction/no special feature,Paved,,Possible/Unknown,0,1,0,0,1,0,2500,1,1,,POINT (-93.751860510807 41.591675688814)
2014777552,14-00402,01/05/2014,01-January,1-Sunday,10:24,1000 Hours,District 5 (Southeast),BURLINGTON,DES MOINES,,WEST AVE,Collision with:  Vehicle in traffic,On Roadway,Broadside (front to side),FTYROW:  From driveway,None Indicated,,Daylight,Snow,Snow,"Surface condition (e.g., wet, icy)",Non-intersection:  Driveway access (within),Paved,,Property Damage Only,0,0,0,0,0,0,4200,2,3,,POINT (-91.13746210938 40.800391378756)
2014779678,,01/05/2014,01-January,1-Sunday,15:25,1500 Hours,District 5 (Southeast),FORT MADISON,LEE,,AVE E,Collision with:  Parked motor vehicle,On Roadway,Rear-end (front to rear),Swerving/Evasive Action,None Indicated,,Daylight,Snow,Snow,Other (explain in narrative),Non-intersection:  Non-junction/no special feature,Paved,,Property Damage Only,0,0,0,0,0,0,2000,2,1,,POINT (-91.311255656693 40.633011935735)
2014778320,,01/05/2014,01-January,1-Sunday,00:30,0000 Hours,District 2 (Northeast),,HUMBOLDT,,Co Rd P56/OHIO AVE,Non-collision events:  Overturn/rollover,On Roadway,Non-collision (single vehicle),Crossed centerline (undivided),None Indicated,,Dark - roadway not lighted,Dry,Clear,None apparent,Non-intersection:  Non-junction/no special feature,Paved,,Property Damage Only,0,0,0,0,0,0,4000,1,4,,POINT (-94.168558165543 42.904580309801)
2014777813,14S00025,01/05/2014,01-January,1-Sunday,21:50,2100 Hours,District 4 (Southwest),,UNION,,FOUR MILE CREEK DR,Collision with fixed object:  Tree,On Roadway,Non-collision (single vehicle),Ran off road - right,None Indicated,,Dark - roadway not lighted,Snow,Cloudy,None apparent,Non-intersection:  Non-junction/no special feature,Unpaved,,Major Injury,0,2,1,1,0,0,3000,1,2,,POINT (-94.052334660451 41.03262415829)
2014778601,2014000924,01/05/2014,01-January,1-Sunday,13:20,1300 Hours,District 6 (East Central),,CEDAR,I-80,I-80,Collision with fixed object:  Guardrail - face,Shoulder,Non-collision (single vehicle),Ran off road - left,None Indicated,,Daylight,Dry,Clear,None apparent,Non-intersection:  Non-junction/no special feature,Paved,,Property Damage Only,0,0,0,0,0,0,5200,1,4,,POINT (-91.011784639691 41.633375827249)
2014779192,14-000115,01/05/2014,01-January,1-Sunday,15:45,1500 Hours,District 4 (Southwest),,CASS,,Co Rd N16/OLIVE ST,Collision with fixed object:  Ditch,Shoulder,Non-collision (single vehicle),Crossed centerline (undivided),None Indicated,,Daylight,Dry,Severe winds,None apparent,Non-intersection:  Non-junction/no special feature,Paved,,Minor Injury,0,1,0,1,0,0,10000,1,1,,POINT (-95.003451937718 41.433459063139)
2014778319,,01/05/2014,01-January,1-Sunday,05:38,0500 Hours,District 2 (Northeast),DAKOTA CITY,HUMBOLDT,,Co Rd P56/NEVADA AVE & 225TH ST,Collision with:  Animal,On Roadway,Non-collision (single vehicle),Animal,None Indicated,,,,,,,Paved,,Property Damage Only,0,0,0,0,0,0,1500,1,1,,POINT (-94.188328715869 42.724434217585)
2014777745,20140000426,01/05/2014,01-January,1-Sunday,01:57,0100 Hours,District 1 (Central),DES MOINES,POLK,,WELBECK RD,Collision with:  Vehicle in traffic,On Roadway,"Sideswipe, same direction",Swerving/Evasive Action,None Indicated,,Dark - roadway lighted,Snow,Clear,None apparent,Non-intersection:  Non-junction/no special feature,Paved,,Property Damage Only,0,0,0,0,0,0,6500,2,2,,POINT (-93.650004473609 41.623641789208)
2014777674,201400228,01/05/2014,01-January,1-Sunday,11:13,1100 Hours,District 6 (East Central),CEDAR RAPIDS,LINN,,SAMUEL CT SW,Collision with fixed object:  Utility pole/light support,On Roadway,Non-collision (single vehicle),Lost Control,None Indicated,,Daylight,Snow,Cloudy,None apparent,Non-intersection:  Non-junction/no special feature,Paved,,Property Damage Only,0,0,0,0,0,0,7100,1,2,,POINT (-91.725965916065 41.945742746001)
2014777744,20140000400,01/05/2014,01-January,1-Sunday,14:39,1400 Hours,District 1 (Central),DES MOINES,POLK,,E GRAND AVE & E 20TH CT,Collision with fixed object:  Utility pole/light support,Outside trafficway,Non-collision (single vehicle),Ran off road - right,None Indicated,,Daylight,Dry,Clear,None apparent,Non-intersection:  Non-junction/no special feature,Paved,,Property Damage Only,0,0,0,0,0,0,1600,1,1,,POINT (-93.581459370226 41.595429008966)
2014779574,201400239,01/05/2014,01-January,1-Sunday,17:58,1700 Hours,District 6 (East Central),CEDAR RAPIDS,LINN,,COUNCIL ST NE,Collision with:  Vehicle in traffic,On Roadway,Rear-end (front to rear),FTYROW:  Other (explain in narrative),None Indicated,,Dark - roadway lighted,Dry,Cloudy,None apparent,Non-intersection:  Non-junction/no special feature,Paved,,Minor Injury,0,1,0,1,0,0,5000,2,4,,POINT (-91.658168930459 42.049588756801)
2014777787,14-000472,01/05/2014,01-January,1-Sunday,12:28,1200 Hours,District 4 (Southwest),COUNCIL BLUFFS,POTTAWATTAMIE,I-29,I-29 & I-80,Collision with:  Vehicle in traffic,On Roadway,"Sideswipe, same direction",Unknown,None Indicated,,Daylight,Dry,Cloudy,None apparent,Non-intersection:  Non-junction/no special feature,Paved,,Property Damage Only,0,0,0,0,0,0,53000,2,2,,POINT (-95.897617510213 41.233169633721)
2014778643,14000178,01/05/2014,01-January,1-Sunday,09:05,0900 Hours,District 5 (Southeast),,APPANOOSE,IA 5,IA 5/IOWA 5,Collision with fixed object:  Ditch,On Roadway,Non-collision (single vehicle),Swerving/Evasive Action,None Indicated,,Daylight,Snow,Cloudy,None apparent,Intersection:  T-intersection,Paved,,Property Damage Only,0,0,0,0,0,0,2000,1,1,,POINT (-92.859045329258 40.756640723634)
2014778135,14-0083,01/05/2014,01-January,1-Sunday,15:37,1500 Hours,District 3 (Northwest),CHEROKEE,CHEROKEE,,N 11TH ST,Collision with:  Vehicle in traffic,On Roadway,Unknown,Driver Distraction:  Manual operation of an electronic communication device,None Indicated,,Daylight,Dry,Snow,None apparent,Non-intersection:  Alley,Paved,,Property Damage Only,0,0,0,0,0,0,2500,2,2,,POINT (-95.564260983579 42.753456311275)
2014777753,20140000410,01/05/2014,01-January,1-Sunday,00:00,0000 Hours,District 1 (Central),DES MOINES,POLK,,WELBECK RD,Collision with:  Parked motor vehicle,On Roadway,Unknown,Unknown,None Indicated,,Dark - unknown roadway lighting,Unknown,Unknown,None apparent,Non-intersection:  Non-junction/no special feature,Paved,,Property Damage Only,0,0,0,0,0,0,3000,2,2,,POINT (-93.650423057068 41.623486298921)
2014777543,CL14000034,01/05/2014,01-January,1-Sunday,13:13,1300 Hours,District 6 (East Central),CLINTON,CLINTON,IA 136,IA 136/MAIN AVE & N 7TH ST,Collision with:  Vehicle in traffic,On Roadway,Rear-end (front to rear),Driver Distraction:  Reaching for object(s)/fallen object(s),None Indicated,,Daylight,Wet,Cloudy,None apparent,Intersection:  T-intersection,Paved,,Possible/Unknown,0,2,0,0,2,0,10000,2,3,,POINT (-90.18820517648 41.873819014886)
2014778730,14-000496,01/05/2014,01-January,1-Sunday,18:00,1800 Hours,District 4 (Southwest),COUNCIL BLUFFS,POTTAWATTAMIE,US 6,US 6/W BROADWAY,Collision with:  Vehicle in traffic,On Roadway,Rear-end (front to rear),Other (explain in narrative):  Other,None Indicated,,Dark - roadway lighted,Dry,Clear,None apparent,Non-intersection:  Non-junction/no special feature,Paved,,Property Damage Only,0,0,0,0,0,0,5000,2,2,,POINT (-95.878980063098 41.261917444361)
2014777924,14000217,01/05/2014,01-January,1-Sunday,10:46,1000 Hours,District 6 (East Central),MECHANICSVILLE,CEDAR,,CEDAR ST & CHERRY ST,Collision with:  Vehicle in traffic,On Roadway,Broadside (front to side),Swerving/Evasive Action,None Indicated,,Daylight,Snow,Clear,None apparent,Non-intersection:  Alley,Paved,,Property Damage Only,0,0,0,0,0,0,7000,2,3,,POINT (-91.254205402041 41.902728544665)
2014778627,2014001002,01/05/2014,01-January,1-Sunday,20:08,2000 Hours,District 1 (Central),,POLK,I-80,I-80,Collision with fixed object:  Concrete traffic barrier (median or right side),On Roadway,Non-collision (single vehicle),Swerving/Evasive Action,None Indicated,,Dark - roadway lighted,Dry,Clear,None apparent,Non-intersection:  Non-junction/no special feature,Paved,,Possible/Unknown,0,1,0,0,1,0,5500,1,1,,POINT (-93.528067508409 41.659115404304)
2014778573,14-433,01/05/2014,01-January,1-Sunday,04:49,0400 Hours,District 3 (Northwest),SIOUX CITY,WOODBURY,,S ALICE ST,Collision with:  Parked motor vehicle,On Roadway,Rear-end (front to rear),Improper Backing,None Indicated,,Dark - roadway lighted,Dry,Clear,None apparent,Non-intersection:  Non-junction/no special feature,Paved,,Property Damage Only,0,0,0,0,0,0,2300,2,3,,POINT (-96.368638179022 42.479867949008)
2014781925,2014-925,01/05/2014,01-January,1-Sunday,10:26,1000 Hours,District 6 (East Central),DAVENPORT,SCOTT,,W 42ND ST,Collision with:  Parked motor vehicle,On Roadway,"Sideswipe, same direction",Other (explain in narrative):  Other,None Indicated,,Daylight,Snow,Snow,"Surface condition (e.g., wet, icy)",Non-intersection:  Non-junction/no special feature,Paved,,Property Damage Only,0,0,0,0,0,0,1500,2,3,,POINT (-90.592890444544 41.563769268671)
2014777756,20140000394,01/05/2014,01-January,1-Sunday,13:50,1300 Hours,District 1 (Central),DES MOINES,POLK,,JOHN PATTERSON RD & E 27TH ST,Collision with:  Vehicle in traffic,On Roadway,Broadside (front to side),Ran Stop Sign,None Indicated,,Daylight,Snow,Cloudy,None apparent,Intersection:  Four-way intersection,Paved,,Property Damage Only,0,0,0,0,0,0,4900,2,2,,POINT (-93.565351289806 41.614046241688)
2014777475,W14-001466,01/05/2014,01-January,1-Sunday,19:18,1900 Hours,District 2 (Northeast),WATERLOO,BLACK HAWK,,E RIDGEWAY AVE & HAMMOND AVE,Collision with:  Vehicle in traffic,On Roadway,Broadside (front to side),FTYROW:  From stop sign,None Indicated,,Dark - roadway lighted,Dry,Clear,None apparent,Intersection:  Four-way intersection,Paved,,Property Damage Only,0,0,0,0,0,0,5500,2,2,,POINT (-92.336815540806 42.469369841204)
2014778546,2014-968,01/05/2014,01-January,1-Sunday,17:45,1700 Hours,District 6 (East Central),DAVENPORT,SCOTT,,FOREST RD,Collision with:  Vehicle in traffic,On Roadway,Head-on (front to front),FTYROW:  Other (explain in narrative),None Indicated,,Dark - roadway lighted,Slush,Cloudy,Work Zone (roadway-related),Non-intersection:  Non-junction/no special feature,Paved,Yes,Property Damage Only,0,0,0,0,0,0,2000,2,2,,POINT (-90.534600848143 41.540359873451)
2014783287,2014010501,01/05/2014,01-January,1-Sunday,13:24,1300 Hours,District 4 (Southwest),SHENANDOAH,PAGE,,5TH AVE,Collision with fixed object:  Utility pole/light support,On Roadway,Non-collision (single vehicle),Ran off road - right,None Indicated,,Daylight,Snow,Cloudy,None apparent,Non-intersection:  Non-junction/no special feature,Paved,,Property Damage Only,0,0,0,0,0,0,2500,1,2,,POINT (-95.384213239022 40.764053203586)
2014777486,14-000118,01/05/2014,01-January,1-Sunday,01:24,0100 Hours,District 6 (East Central),INDEPENDENCE,BUCHANAN,,6TH AVE SW,Collision with fixed object:  Utility pole/light support,Roadside,Non-collision (single vehicle),Ran off road - left,Alcohol (Statutory),,Dark - roadway lighted,Snow,Clear,None apparent,Non-intersection:  Non-junction/no special feature,Paved,,Property Damage Only,0,0,0,0,0,0,5700,1,1,,POINT (-91.900185050147 42.468073930759)
2014777774,14-0080,01/05/2014,01-January,1-Sunday,02:16,0200 Hours,District 1 (Central),WEST DES MOINES,POLK,,19TH ST,Collision with:  Parked motor vehicle,On Roadway,Rear-end (front to rear),Other (explain in narrative):  Other,Alcohol (Statutory),,Dark - roadway lighted,Slush,Cloudy,None apparent,Non-intersection:  Non-junction/no special feature,Paved,,Property Damage Only,0,0,0,0,0,0,3500,2,1,,POINT (-93.732349724604 41.577723326075)
2014777808,2014-934,01/05/2014,01-January,1-Sunday,12:29,1200 Hours,District 6 (East Central),DAVENPORT,SCOTT,,W 6TH ST & MAIN ST,Collision with:  Vehicle in traffic,On Roadway,Broadside (front to side),Ran Stop Sign,None Indicated,,Daylight,Ice/frost,Cloudy,None apparent,Intersection:  Four-way intersection,Paved,,Possible/Unknown,0,1,0,0,1,0,7000,2,3,,POINT (-90.575581959065 41.525713631983)
2014777965,2014000134,01/05/2014,01-January,1-Sunday,18:25,1800 Hours,District 6 (East Central),IOWA CITY,JOHNSON,IA 1,IA 1/GOVERNOR ST,Collision with:  Vehicle in traffic,On Roadway,Broadside (front to side),FTYROW:  From stop sign,None Indicated,,Dark - roadway lighted,Dry,Cloudy,None apparent,Intersection:  Other intersection (explain in narrative),Paved,,Property Damage Only,0,0,0,0,0,0,5000,2,4,,POINT (-91.522832712244 41.661130575531)
2014779523,14-00153,01/05/2014,01-January,1-Sunday,18:35,1800 Hours,District 6 (East Central),,DELAWARE,,Co Rd C64/150TH ST & Co Rd X15/180TH AVE,Collision with fixed object:  Ditch,On Roadway,Non-collision (single vehicle),Ran Stop Sign,None Indicated,,Dark - roadway not lighted,Dry,"Blowing sand, soil, dirt",None apparent,Intersection:  Four-way intersection,Paved,,Property Damage Only,0,0,0,0,0,0,4000,1,1,,POINT (-91.449430254065 42.57268437458)
2014777757,20140000419,01/05/2014,01-January,1-Sunday,18:52,1800 Hours,District 1 (Central),DES MOINES,POLK,,CLARK ST,Collision with fixed object:  Ditch,Roadside,Non-collision (single vehicle),"Operating vehicle in an reckless, erratic, careless, negligent manner",None Indicated,,Dark - roadway lighted,Dry,Severe winds,None apparent,Non-intersection:  Alley,Paved,,Property Damage Only,0,0,0,0,0,0,2500,1,3,,POINT (-93.647462045635 41.605884922461)
2014777482,14-229,01/05/2014,01-January,1-Sunday,00:15,0000 Hours,District 2 (Northeast),,BREMER,US 218,US 218 & IA 3/IOWA 3,Collision with fixed object:  Guardrail - face,On Roadway,Non-collision (single vehicle),Swerving/Evasive Action,None Indicated,,Dark - roadway not lighted,Dry,Unknown,None apparent,Non-intersection:  Non-junction/no special feature,Paved,,Property Damage Only,0,0,0,0,0,0,3500,1,1,,POINT (-92.534512147579 42.715109381454)
2014778206,201400234,01/05/2014,01-January,1-Sunday,16:30,1600 Hours,District 6 (East Central),CEDAR RAPIDS,LINN,I-380,I-380 & E AVE & 1ST ST NE & A AVE NE,Collision with:  Vehicle in traffic,On Roadway,Broadside (front to side),Ran Traffic Signal,None Indicated,,Daylight,Dry,Cloudy,None apparent,Intersection:  Four-way intersection,Paved,,Property Damage Only,0,0,0,0,0,0,6000,2,3,,POINT (-91.671197407455 41.979292390269)
2014780023,14-385,01/05/2014,01-January,1-Sunday,14:07,1400 Hours,District 5 (Southeast),,LEE,,280 ST & 239 AVE,Collision with:  Vehicle in traffic,Roadside,Broadside (front to side),Crossed centerline (undivided),None Indicated,,Daylight,Snow,Snow,"Surface condition (e.g., wet, icy)",Intersection:  Y-intersection,Unpaved,,Property Damage Only,0,0,0,0,0,0,1800,2,2,,POINT (-91.45363013844 40.552589082623)
2014778334,14-1365,01/05/2014,01-January,1-Sunday,07:03,0700 Hours,District 2 (Northeast),,BLACK HAWK,,HICKS RD & W TAMA RD,Collision with fixed object:  Other fixed object (explain in narrative),Outside trafficway,"Angle, oncoming left turn",Unknown,None Indicated,,Dark - roadway not lighted,"Mud, dirt",Clear,None apparent,Non-intersection:  Non-junction/no special feature,Unpaved,,Property Damage Only,0,0,0,0,0,0,5000,2,1,,POINT (-92.514272273556 42.31161818555)
2014778032,2014-989,01/05/2014,01-January,1-Sunday,20:33,2000 Hours,District 6 (East Central),DAVENPORT,SCOTT,US 6,US 6/W KIMBERLY RD/E KIMBERLY RD & IA 461/WELCOME WAY,Collision with:  Vehicle in traffic,On Roadway,Broadside (front to side),Ran Traffic Signal,None Indicated,,Dark - roadway lighted,Snow,"Blowing sand, soil, dirt",None apparent,Intersection:  Four-way intersection,Paved,,Possible/Unknown,0,2,0,0,2,0,8500,4,6,,POINT (-90.570930788018 41.560317081912)
2014777706,14-077,01/05/2014,01-January,1-Sunday,13:29,1300 Hours,District 1 (Central),DES MOINES,POLK,,NE 45TH PL,Collision with fixed object:  Mailbox,On Roadway,Non-collision (single vehicle),"Operating vehicle in an reckless, erratic, careless, negligent manner",None Indicated,,Daylight,Snow,Cloudy,None apparent,Non-intersection:  Non-junction/no special feature,Paved,,Property Damage Only,0,0,0,0,0,0,1650,1,1,,POINT (-93.612385435401 41.642880526856)
2014779406,C14000063,01/05/2014,01-January,1-Sunday,16:46,1600 Hours,District 6 (East Central),CORALVILLE,JOHNSON,IA 965,IA 965/CORAL RIDGE AVE,Collision with:  Vehicle in traffic,On Roadway,Rear-end (front to rear),Followed too close,None Indicated,,Daylight,Snow,Cloudy,None apparent,Non-intersection:  Non-junction/no special feature,Paved,,Property Damage Only,0,0,0,0,0,0,2500,2,2,,POINT (-91.608536415563 41.691481580027)
2014778219,14-000061,01/05/2014,01-January,1-Sunday,13:00,1300 Hours,District 1 (Central),ANKENY,POLK,IA 160,IA 160/SW ORALABOR RD & IA 415/SW STATE ST,Collision with:  Vehicle in traffic,On Roadway,Unknown,FTYROW:  Making right turn on red signal,None Indicated,,Daylight,Dry,Clear,None apparent,Non-intersection:  Non-junction/no special feature,Paved,,Property Damage Only,0,0,0,0,0,0,4000,2,3,,POINT (-93.621550183463 41.703115988409)
2014778038,14-181,01/05/2014,01-January,1-Sunday,11:20,1100 Hours,District 3 (Northwest),HULL,SIOUX,,2ND ST & CHESTNUT ST,Collision with:  Vehicle in traffic,On Roadway,Broadside (front to side),FTYROW:  From yield sign,None Indicated,,Daylight,Snow,Clear,None apparent,Intersection:  Four-way intersection,Paved,,Property Damage Only,0,0,0,0,0,0,5000,2,3,,POINT (-96.127711642763 43.189724282722)
2014778204,201400231,01/05/2014,01-January,1-Sunday,13:49,1300 Hours,District 6 (East Central),CEDAR RAPIDS,LINN,I-380,I-380 & E AVE & 1ST ST NE & A AVE NE,Collision with:  Vehicle in traffic,On Roadway,Broadside (front to side),Ran Traffic Signal,None Indicated,,Daylight,Dry,Cloudy,None apparent,Intersection:  Other intersection (explain in narrative),Paved,,Possible/Unknown,0,1,0,0,1,0,15000,2,3,,POINT (-91.671197407455 41.979292390269)
2014779036,2014-261,01/05/2014,01-January,1-Sunday,13:36,1300 Hours,District 6 (East Central),DAVENPORT,SCOTT,I-280,I-280,Collision with fixed object:  Bridge overhead structure,Median,Non-collision (single vehicle),Driving too fast for conditions,None Indicated,,Daylight,Slush,"Blowing sand, soil, dirt","Surface condition (e.g., wet, icy)",Non-intersection:  Other non-intersection (explain in narrative),Paved,,Property Damage Only,0,0,0,0,0,0,2500,1,2,,POINT (-90.647851083188 41.490630887625)
2014777964,2014000126,01/05/2014,01-January,1-Sunday,11:21,1100 Hours,District 6 (East Central),IOWA CITY,JOHNSON,,MELROSE AVE,Collision with:  Vehicle in traffic,On Roadway,Broadside (front to side),FTYROW:  From stop sign,None Indicated,,Daylight,Dry,Cloudy,None apparent,Intersection:  Four-way intersection,Paved,,Property Damage Only,0,0,0,0,0,0,12500,2,3,,POINT (-91.587863688926 41.657066366042)
2014778276,14-684,01/05/2014,01-January,1-Sunday,15:00,1500 Hours,District 3 (Northwest),SIOUX CITY,WOODBURY,,W 19TH ST,Collision with:  Vehicle in traffic,On Roadway,"Sideswipe, same direction",Made improper turn,None Indicated,,Daylight,Dry,Clear,None apparent,Intersection:  Four-way intersection,Paved,,Property Damage Only,0,0,0,0,0,0,2200,2,2,,POINT (-96.418799031495 42.51054493599)