Iowa DOT Case Number,Law Enforcement Case Number,Date of Crash,Month of Crash,Day of Week,Time of Crash,Hour,DOT District,City Name,County Name,Route with System,Location Description,First Harmful Event,Location of First Harmful Event,Manner of Crash/Collision,Major Cause,Drug or Alcohol ,Environmental Conditions,Light Conditions,Surface Conditions,Weather Conditions,Roadway Contribution,Roadway Type,Roadway Surface,Work Zone,Crash Severity,Number of Fatalities,Number of Injuries,Number of Major Injuries,Number of Minor Injuries,Number of Possible Injuries,Number of Unknown Injuries,Amount of Property Damage,Number of Vehicles Involved,Total Number of Occupants,Travel Direction,Location
2014778029,2014-936,01/05/2014,01-January,1-Sunday,13:03,1300 Hours,District 6 (East Central),DAVENPORT,SCOTT,US 6,US 6/W KIMBERLY RD,Collision with:  Vehicle in traffic,On Roadway,Broadside (front to side),Driving too fast for conditions,None Indicated,,Daylight,Ice/frost,Snow,"Surface condition (e.g., wet, icy)",Non-intersection:  Non-junction/no special feature,Paved,,Property Damage Only,0,0,0,0,0,0,2000,2,4,,POINT (-90.608855275926 41.560094709495)
2014778031,2014-990,01/05/2014,01-January,1-Sunday,20:10,2000 Hours,District 6 (East Central),DAVENPORT,SCOTT,,E 50TH ST & JERSEY RIDGE RD,Collision with:  Vehicle in traffic,On Roadway,Rear-end (front to rear),Driving too fast for conditions,None Indicated,,Dark - roadway not lighted,Snow,"Blowing sand, soil, dirt","Surface condition (e.g., wet, icy)",Intersection:  T-intersection,Paved,,Property Damage Only,0,0,0,0,0,0,12000,2,2,,POINT (-90.541622624086 41.572059560893)
2014783804,14-000089,01/05/2014,01-January,1-Sunday,10:05,1000 Hours,District 2 (Northeast),,CLAYTON,,Co Rd C9Y/GREAT RIVER RD,Non-collision events:  Overturn/rollover,Outside trafficway,Non-collision (single vehicle),Swerving/Evasive Action,None Indicated,,Daylight,Snow,Cloudy,"Surface condition (e.g., wet, icy)",Non-intersection:  Non-junction/no special feature,Paved,,Property Damage Only,0,0,0,0,0,0,8150,1,1,,POINT (-91.050951568245 42.707781333571)
2014836762,15-000081,01/06/2014,01-January,2-Monday,11:10,1100 Hours,District 1 (Central),ANKENY,POLK,I-35,I-35,Collision with fixed object:  Guardrail - face,On Roadway,Non-collision (single vehicle),Driving too fast for conditions,None Indicated,,Daylight,Snow,Cloudy,"Surface condition (e.g., wet, icy)",Non-intersection:  Non-junction/no special feature,Paved,,Property Damage Only,0,0,0,0,0,0,4000,1,1,,POINT (-93.576355633397 41.710818406326)
2014778072,14-497,01/06/2014,01-January,2-Monday,02:05,0200 Hours,District 3 (Northwest),SIOUX CITY,WOODBURY,,18TH ST,Collision with:  Vehicle in traffic,On Roadway,Rear-end (front to rear),Followed too close,Alcohol (Statutory),,Dark - roadway lighted,Dry,Cloudy,None apparent,Intersection:  Four-way intersection,Paved,,Property Damage Only,0,0,0,0,0,0,4000,2,5,,POINT (-96.391249114107 42.510175844414)
2014777908,14001596,01/06/2014,01-January,2-Monday,08:53,0800 Hours,District 2 (Northeast),CEDAR FALLS,BLACK HAWK,,TECHNOLOGY PKWY & CHANCELLOR DR,Collision with:  Vehicle in traffic,On Roadway,Broadside (front to side),FTYROW:  From stop sign,None Indicated,,Daylight,Dry,Clear,None apparent,Intersection:  Four-way intersection,Paved,,Property Damage Only,0,0,0,0,0,0,4000,2,2,,POINT (-92.454605395454 42.473422110638)
2014777796,2014-1061,01/06/2014,01-January,2-Monday,03:58,0300 Hours,District 6 (East Central),DAVENPORT,SCOTT,,W LOMBARD ST & FILLMORE ST,Collision with fixed object:  Other fixed object (explain in narrative),Shoulder,Non-collision (single vehicle),Lost Control,None Indicated,,Dark - roadway lighted,Snow,Clear,"Surface condition (e.g., wet, icy)",Intersection:  Four-way intersection,Paved,,Property Damage Only,0,0,0,0,0,0,3500,1,3,,POINT (-90.593726696348 41.541883206577)
2014778002,14012001,01/06/2014,01-January,2-Monday,13:52,1300 Hours,District 4 (Southwest),CLARINDA,PAGE,,W MAIN ST & E MAIN ST & S 16TH ST & N 16TH ST,Collision with:  Vehicle in traffic,On Roadway,Broadside (front to side),Unknown,None Indicated,,Daylight,Dry,Clear,None apparent,Intersection:  Four-way intersection,Paved,,Property Damage Only,0,0,0,0,0,0,3000,2,5,,POINT (-95.037838382021 40.738246537982)
2014777647,C14000069,01/06/2014,01-January,2-Monday,11:20,1100 Hours,District 6 (East Central),CORALVILLE,JOHNSON,,25TH AVE,Collision with:  Vehicle in traffic,On Roadway,Broadside (front to side),FTYROW:  Other (explain in narrative),None Indicated,,Daylight,Dry,Cloudy,None apparent,Non-intersection:  Non-junction/no special feature,Paved,,Property Damage Only,0,0,0,0,0,0,4000,2,5,,POINT (-91.603357062123 41.687050424526)
2014779669,,01/06/2014,01-January,2-Monday,18:08,1800 Hours,District 5 (Southeast),FORT MADISON,LEE,,15TH ST & AVE E,Collision with:  Vehicle in traffic,On Roadway,Rear-end (front to rear),Followed too close,None Indicated,,Dark - unknown roadway lighting,Ice/frost,Cloudy,"Surface condition (e.g., wet, icy)",Intersection:  Four-way intersection,Paved,,Property Damage Only,0,0,0,0,0,0,2879,2,3,,POINT (-91.324530817309 40.633151298704)
2014779052,14-00059,01/06/2014,01-January,2-Monday,09:30,0900 Hours,District 1 (Central),AMES,STORY,,REGENCY CT,Collision with:  Vehicle in traffic,Outside trafficway,Rear-end (front to rear),FTYROW:  From parked position,None Indicated,,Daylight,Dry,Clear,None apparent,Non-intersection:  Driveway access (within),Paved,,Property Damage Only,0,0,0,0,0,0,2700,2,2,,POINT (-93.625506552823 42.051846867545)
2014778248,2013-1114,01/06/2014,01-January,2-Monday,09:48,0900 Hours,District 6 (East Central),DAVENPORT,SCOTT,,S ELSIE AVE,Non-collision events:  Other non-collision (explain in narrative),On Roadway,Non-collision (single vehicle),Driving too fast for conditions,None Indicated,,Daylight,Dry,Clear,None apparent,Intersection:  T-intersection,Paved,,Possible/Unknown,0,1,0,0,1,0,4000,1,1,,POINT (-90.622975273433 41.509203971688)
2014778179,SO140078,01/06/2014,01-January,2-Monday,14:29,1400 Hours,District 5 (Southeast),BATAVIA,JEFFERSON,,4TH ST & MOUND ST,Collision with:  Parked motor vehicle,Shoulder,Broadside (front to side),Driving too fast for conditions,None Indicated,,Daylight,Ice/frost,Clear,"Surface condition (e.g., wet, icy)",Non-intersection:  Non-junction/no special feature,Paved,,Property Damage Only,0,0,0,0,0,0,8000,3,2,,POINT (-92.168510715218 40.994199036669)
2014778931,1400000010,01/06/2014,01-January,2-Monday,08:00,0800 Hours,District 1 (Central),,MARSHALL,,Co Rd E41/235TH ST & Co Rd S62/HART AVE,Collision with fixed object:  Ditch,Shoulder,Non-collision (single vehicle),Ran off road - right,None Indicated,,Daylight,Snow,Clear,None apparent,Non-intersection:  Driveway access (within),Paved,,Property Damage Only,0,0,0,0,0,0,2200,1,1,,POINT (-93.098142978064 42.015465482259)
2014777909,14001641,01/06/2014,01-January,2-Monday,12:05,1200 Hours,District 2 (Northeast),CEDAR FALLS,BLACK HAWK,,4TH ST & WALNUT ST,Collision with:  Vehicle in traffic,On Roadway,Broadside (front to side),FTYROW:  From stop sign,None Indicated,,Daylight,Dry,Clear,None apparent,Intersection:  Other intersection (explain in narrative),Paved,,Property Damage Only,0,0,0,0,0,0,3000,2,2,,POINT (-92.453387504418 42.535052255361)
2014778628,2014001376,01/06/2014,01-January,2-Monday,16:50,1600 Hours,District 3 (Northwest),,CARROLL,US 30,US 30 & Co Rd N38/QUAIL AVE,Collision with:  Vehicle in traffic,On Roadway,Rear-end (front to rear),Followed too close,None Indicated,,Daylight,Dry,Clear,None apparent,Intersection:  Four-way intersection,Paved,,Possible/Unknown,0,2,0,0,2,0,16000,3,8,,POINT (-94.783900064674 42.063876572628)
2014779888,2014-1242,01/06/2014,01-January,2-Monday,21:42,2100 Hours,District 6 (East Central),DAVENPORT,SCOTT,,W 43RD ST,Collision with:  Parked motor vehicle,On Roadway,Rear-end (front to rear),Unknown,None Indicated,,Dark - roadway lighted,Snow,Snow,None apparent,Non-intersection:  Non-junction/no special feature,Paved,,Property Damage Only,0,0,0,0,0,0,3500,2,2,,POINT (-90.584975355338 41.564747015299)
2014777958,20140000152,01/06/2014,01-January,2-Monday,13:21,1300 Hours,District 6 (East Central),IOWA CITY,JOHNSON,IA 1,IA 1/DODGE ST & E JEFFERSON ST,Collision with:  Vehicle in traffic,On Roadway,Broadside (front to side),Unknown,None Indicated,,Daylight,Dry,Clear,None apparent,Intersection:  Four-way intersection,Paved,,Property Damage Only,0,0,0,0,0,0,6000,2,2,,POINT (-91.525746133921 41.662410932748)
2014783410,2014-1224,01/06/2014,01-January,2-Monday,19:30,1900 Hours,District 6 (East Central),DAVENPORT,SCOTT,US 67,US 67/GAINES ST,Collision with:  Vehicle in traffic,On Roadway,"Sideswipe, opposite direction",Lost Control,None Indicated,,Dark - roadway lighted,Ice/frost,Clear,"Surface condition (e.g., wet, icy)",Non-intersection:  Other non-intersection (explain in narrative),Paved,,Minor Injury,0,1,0,1,0,0,22000,2,2,,POINT (-90.581696114727 41.515367953511)
2014778251,2014-1097,01/06/2014,01-January,2-Monday,08:18,0800 Hours,District 6 (East Central),DAVENPORT,SCOTT,,IA 461/BRADY ST & E 36TH ST,Non-collision events:  Other non-collision (explain in narrative),On Roadway,Non-collision (single vehicle),Driving too fast for conditions,None Indicated,,Daylight,Ice/frost,Clear,"Surface condition (e.g., wet, icy)",Intersection:  T-intersection,Paved,,Possible/Unknown,0,1,0,0,1,0,8000,1,1,,POINT (-90.56868108778 41.556675962766)
2014778307,2014001253,01/06/2014,01-January,2-Monday,11:48,1100 Hours,District 1 (Central),ANKENY,POLK,I-80,I-80,Collision with:  Vehicle in traffic,Shoulder,"Sideswipe, same direction",Improper or erratic lane changing,None Indicated,,Daylight,Dry,Clear,None apparent,Interchange-related:  Off-ramp,Paved,,Property Damage Only,0,0,0,0,0,0,1600,2,3,,POINT (-93.574728473757 41.65226229097)
2014778795,,01/06/2014,01-January,2-Monday,15:50,1500 Hours,District 6 (East Central),CEDAR RAPIDS,LINN,IA 922,IA 922/WILLIAMS BLVD,Collision with:  Vehicle in traffic,On Roadway,"Sideswipe, same direction",Unknown,None Indicated,,Daylight,Dry,Clear,,Non-intersection:  Non-junction/no special feature,Paved,,Property Damage Only,0,0,0,0,0,0,4500,2,2,,POINT (-91.703335035349 41.967095921668)
2014778783,,01/06/2014,01-January,2-Monday,21:03,2100 Hours,District 2 (Northeast),ELKADER,CLAYTON,,KRISTINE AVE NE & MATHEW AVE NE,Collision with fixed object:  Other fixed object (explain in narrative),Outside trafficway,Non-collision (single vehicle),Driving too fast for conditions,None Indicated,,Dark - roadway lighted,Ice/frost,"Blowing sand, soil, dirt","Surface condition (e.g., wet, icy)",Non-intersection:  Non-junction/no special feature,Paved,,Property Damage Only,0,0,0,0,0,0,5000,1,2,,POINT (-91.396000084985 42.861008264767)
2014782764,E2014000038,01/06/2014,01-January,2-Monday,16:09,1600 Hours,District 3 (Northwest),EMMETSBURG,PALO ALTO,,LAWLER ST,Collision with:  Vehicle in traffic,On Roadway,"Sideswipe, opposite direction",FTYROW:  From driveway,None Indicated,,Daylight,Snow,Clear,None apparent,Non-intersection:  Driveway access (within),Paved,,Property Damage Only,0,0,0,0,0,0,2300,2,2,,POINT (-94.682733864422 43.112364407759)
2014779158,,01/06/2014,01-January,2-Monday,16:00,1600 Hours,District 6 (East Central),CEDAR RAPIDS,LINN,IA 922,IA 922/WILLIAMS BLVD & 10TH AVE SW,Collision with:  Vehicle in traffic,On Roadway,Rear-end (front to rear),Unknown,None Indicated,,Daylight,Dry,Cloudy,,Non-intersection:  Non-junction/no special feature,Paved,,Property Damage Only,0,0,0,0,0,0,8500,2,2,,POINT (-91.703065760087 41.96728201537)
2014778155,14-00556,01/06/2014,01-January,2-Monday,19:09,1900 Hours,District 5 (Southeast),BURLINGTON,DES MOINES,,SUNNYSIDE AVE & GERDES DR,Collision with:  Vehicle in traffic,On Roadway,Rear-end (front to rear),Other (explain in narrative):  Other,None Indicated,,Dark - roadway lighted,Ice/frost,Cloudy,None apparent,Intersection:  T-intersection,Paved,,Property Damage Only,0,0,0,0,0,0,8000,2,2,,POINT (-91.129281503981 40.833777084915)
2014778167,01-14-840,01/06/2014,01-January,2-Monday,14:14,1400 Hours,District 6 (East Central),DUBUQUE,DUBUQUE,,E 15TH ST & JACKSON ST,Collision with:  Vehicle in traffic,On Roadway,Broadside (front to side),Ran Stop Sign,None Indicated,,Daylight,Dry,Clear,None apparent,Intersection:  Four-way intersection,Paved,,Property Damage Only,0,0,0,0,0,0,8000,2,2,,POINT (-90.6662162471 42.507750457799)
2014778404,14-040106-01,01/06/2014,01-January,2-Monday,23:24,2300 Hours,District 6 (East Central),,IOWA,US 6,US 6,Collision with:  Animal,,,Animal,None Indicated,,,,,,,Paved,,Property Damage Only,0,0,0,0,0,0,1700,1,1,,POINT (-92.018649436829 41.784668234656)
2014778603,2014001640,01/06/2014,01-January,2-Monday,22:55,2200 Hours,District 2 (Northeast),,WINNESHIEK,,TROUT RUN RD,Collision with:  Animal,On Roadway,Non-collision (single vehicle),Animal,None Indicated,,Dark - roadway not lighted,Dry,Cloudy,None apparent,Non-intersection:  Non-junction/no special feature,Paved,,Property Damage Only,0,0,0,0,0,0,1500,1,1,,POINT (-91.786340656078 43.273461382336)
2014778785,,01/06/2014,01-January,2-Monday,21:10,2100 Hours,District 6 (East Central),CLINTON,CLINTON,,,Collision with fixed object:  Bridge overhead structure,On Roadway,Non-collision (single vehicle),Unknown,None Indicated,,Dark - roadway lighted,Ice/frost,Severe winds,,Non-intersection:  Other non-intersection (explain in narrative),,,Property Damage Only,0,0,0,0,0,0,7780,1,1,,POINT (-96.643700149993 40.233091251414)
2014777817,14-0055,01/06/2014,01-January,2-Monday,12:15,1200 Hours,District 1 (Central),FORT DODGE,WEBSTER,,1ST AVE S,Collision with:  Vehicle in traffic,On Roadway,Rear-end (front to rear),Other (explain in narrative):  Other,None Indicated,,Daylight,Dry,Clear,None apparent,Non-intersection:  Non-junction/no special feature,Paved,,Property Damage Only,0,0,0,0,0,0,2100,2,2,,POINT (-94.162138378721 42.505255966534)
2014778180,2014000154,01/06/2014,01-January,2-Monday,16:06,1600 Hours,District 6 (East Central),IOWA CITY,JOHNSON,,N CLINTON ST & E MARKET ST,Collision with:  Vehicle in traffic,On Roadway,Broadside (front to side),Unknown,None Indicated,,Daylight,Dry,Clear,None apparent,Non-intersection:  Non-junction/no special feature,Paved,,Property Damage Only,0,0,0,0,0,0,4000,2,4,,POINT (-91.534583368088 41.663595781234)
2014778056,14-511,01/06/2014,01-January,2-Monday,07:30,0700 Hours,District 3 (Northwest),SIOUX CITY,WOODBURY,,S CORAL ST,Collision with:  Parked motor vehicle,On Roadway,Rear-end (front to rear),Lost Control,None Indicated,,Dawn,Dry,Clear,None apparent,Non-intersection:  Non-junction/no special feature,Paved,,Property Damage Only,0,0,0,0,0,0,3500,3,1,,POINT (-96.3633933989 42.464858512642)
2014779138,2014001377,01/06/2014,01-January,2-Monday,16:48,1600 Hours,District 3 (Northwest),,CARROLL,US 30,US 30,Collision with:  Vehicle in traffic,On Roadway,Rear-end (front to rear),Followed too close,None Indicated,,Daylight,Dry,Clear,None apparent,Non-intersection:  Non-junction/no special feature,Paved,,Property Damage Only,0,0,0,0,0,0,7300,2,2,,POINT (-94.784347312632 42.063878623736)
2014779327,,01/06/2014,01-January,2-Monday,20:10,2000 Hours,District 6 (East Central),,CLINTON,,,Collision with fixed object:  Bridge overhead structure,On Roadway,Non-collision (single vehicle),Unknown,None Indicated,,Dark - roadway lighted,Ice/frost,Snow,,Non-intersection:  Other non-intersection (explain in narrative),,,Property Damage Only,0,0,0,0,0,0,5000,1,1,,POINT (-96.643700149993 40.233091251414)
2014778789,,01/06/2014,01-January,2-Monday,18:00,1800 Hours,District 4 (Southwest),,MONTGOMERY,IA 48,IA 48/IOWA 48,Collision with:  Animal,On Roadway,Non-collision (single vehicle),Animal,None Indicated,,Dark - roadway not lighted,Dry,Clear,,Non-intersection:  Non-junction/no special feature,Paved,,Property Damage Only,0,0,0,0,0,0,3000,1,1,,POINT (-95.232728345678 41.109247410625)
2014787890,,01/06/2014,01-January,2-Monday,14:34,1400 Hours,District 5 (Southeast),,MUSCATINE,IA 70,IA 70/IOWA 70,Collision with fixed object:  Ditch,Shoulder,Non-collision (single vehicle),Crossed centerline (undivided),None Indicated,,Daylight,Dry,"Blowing sand, soil, dirt",None apparent,Non-intersection:  Non-junction/no special feature,Paved,,Property Damage Only,0,0,0,0,0,0,6000,1,2,,POINT (-91.251833175842 41.527449278482)
2014779682,,01/06/2014,01-January,2-Monday,17:20,1700 Hours,District 5 (Southeast),CHARITON,LUCAS,,COURT AVE,Collision with:  Vehicle in traffic,On Roadway,"Sideswipe, same direction",Followed too close,None Indicated,,Dark - roadway lighted,Dry,Clear,None apparent,Intersection:  Four-way intersection,Paved,,Property Damage Only,0,0,0,0,0,0,7000,2,2,,POINT (-93.323442132923 41.014589388174)
2014785611,2014-1176,01/06/2014,01-January,2-Monday,16:16,1600 Hours,District 6 (East Central),DAVENPORT,SCOTT,,EASTERN AVE,Collision with:  Vehicle in traffic,On Roadway,"Angle, oncoming left turn",FTYROW:  At uncontrolled intersection,None Indicated,,Daylight,Wet,Clear,None apparent,Intersection:  Other intersection (explain in narrative),Paved,,Property Damage Only,0,0,0,0,0,0,3000,2,2,,POINT (-90.551410289995 41.555840942937)
2014779174,,01/06/2014,01-January,2-Monday,09:41,0900 Hours,District 4 (Southwest),,MONTGOMERY,US 34,US 34,Collision with:  Vehicle in traffic,On Roadway,"Sideswipe, opposite direction",Crossed centerline (undivided),None Indicated,,,,,,,Paved,,Property Damage Only,0,0,0,0,0,0,3600,2,2,,POINT (-95.317937349464 41.030715126065)
2014778791,,01/06/2014,01-January,2-Monday,15:00,1500 Hours,District 6 (East Central),CEDAR RAPIDS,LINN,,WILSON AVE SW & BOWLING ST SW,Collision with:  Vehicle in traffic,On Roadway,Rear-end (front to rear),Unknown,None Indicated,,Daylight,Snow,Clear,,Intersection:  Four-way intersection,Paved,,Property Damage Only,0,0,0,0,0,0,8972,2,3,,POINT (-91.657542942215 41.955860831497)
2014778629,2014001410,01/06/2014,01-January,2-Monday,19:00,1900 Hours,District 2 (Northeast),,WORTH,I-35,I-35,Collision with:  Vehicle in traffic,On Roadway,Rear-end (front to rear),Ran off road - straight,None Indicated,,Dark - roadway not lighted,Dry,Clear,None apparent,Non-intersection:  Non-junction/no special feature,Paved,,Property Damage Only,0,0,0,0,0,0,1700,2,3,,POINT (-93.352402293983 43.495185484927)
2014778165,01-14-795,01/06/2014,01-January,2-Monday,08:45,0800 Hours,District 6 (East Central),DUBUQUE,DUBUQUE,US 61,US 61/NW RAMP CURV,Collision with fixed object:  Concrete traffic barrier (median or right side),On Roadway,Non-collision (single vehicle),Ran off road - right,None Indicated,,Daylight,Dry,Clear,None apparent,Non-intersection:  Other non-intersection (explain in narrative),Paved,,Property Damage Only,0,0,0,0,0,0,3500,1,1,,POINT (-90.65544116033 42.513707976188)
2014785015,201400046,01/06/2014,01-January,2-Monday,17:14,1700 Hours,District 6 (East Central),,LINN,US 30,US 30/NW RAMP,Non-collision events:  Overturn/rollover,Roadside,Non-collision (single vehicle),Driving too fast for conditions,None Indicated,,Dark - roadway not lighted,Dry,Cloudy,None apparent,Interchange-related:  Off-ramp,Paved,,Possible/Unknown,0,1,0,0,1,0,10000,1,1,,POINT (-91.543482806097 41.927252776927)
2014777747,20140000439,01/06/2014,01-January,2-Monday,06:18,0600 Hours,District 1 (Central),DES MOINES,POLK,,E 17TH ST,Non-collision events:  Other non-collision (explain in narrative),On Roadway,Rear-end (front to rear),"Operating vehicle in an reckless, erratic, careless, negligent manner",None Indicated,,Dark - roadway lighted,Snow,Cloudy,None apparent,Non-intersection:  Non-junction/no special feature,Paved,,Property Damage Only,0,0,0,0,0,0,4800,3,1,,POINT (-93.591562270554 41.607230993455)
2014779960,14-00494,01/06/2014,01-January,2-Monday,08:03,0800 Hours,District 5 (Southeast),,DES MOINES,,Co Rd X40/BEAVERDALE RD & WASHINGTON RD,Collision with:  Vehicle in traffic,On Roadway,Broadside (front to side),FTYROW:  From stop sign,None Indicated,,Daylight,Snow,Clear,None apparent,Intersection:  Four-way intersection,Paved,,Property Damage Only,0,0,0,0,0,0,3000,2,2,,POINT (-91.208414894569 40.839312262362)
2014778013,20140000485,01/06/2014,01-January,2-Monday,17:05,1700 Hours,District 1 (Central),DES MOINES,POLK,US 69,US 69/NE 14TH ST & E AURORA AVE,Collision with:  Vehicle in traffic,On Roadway,Broadside (front to side),Unknown,None Indicated,,Dusk,Ice/frost,Clear,None apparent,Intersection:  Four-way intersection,Paved,,Property Damage Only,0,0,0,0,0,0,5000,2,2,,POINT (-93.600501362962 41.636800331916)
2014778207,201400281,01/06/2014,01-January,2-Monday,17:04,1700 Hours,District 6 (East Central),CEDAR RAPIDS,LINN,,OLD MARION RD NE & C AVE NE,Collision with:  Vehicle in traffic,On Roadway,Broadside (front to side),Ran Stop Sign,None Indicated,,Dusk,Dry,Clear,None apparent,Intersection:  T-intersection,Paved,,Property Damage Only,0,0,0,0,0,0,1700,2,3,,POINT (-91.638515228561 42.027210671268)
2014781251,,01/06/2014,01-January,2-Monday,19:15,1900 Hours,District 1 (Central),DES MOINES,POLK,,WALKER ST & E 19TH ST,Collision with:  Vehicle in traffic,On Roadway,Rear-end (front to rear),Unknown,None Indicated,,Dark - roadway lighted,Snow,Clear,,Intersection:  Four-way intersection,Paved,,Minor Injury,0,1,0,1,0,0,6500,2,3,,POINT (-93.585145119344 41.599643714095)
2014778012,20140000460,01/06/2014,01-January,2-Monday,13:00,1300 Hours,District 1 (Central),DES MOINES,POLK,,JOHN PATTERSON RD & E 28TH ST,Non-collision events:  Other non-collision (explain in narrative),Outside trafficway,Non-collision (single vehicle),Ran off road - right,None Indicated,,Daylight,Ice/frost,Cloudy,"Surface condition (e.g., wet, icy)",Intersection:  Other intersection (explain in narrative),Paved,,Property Damage Only,0,0,0,0,0,0,10000,1,1,,POINT (-93.562542143198 41.613978957039)
2014777930,14-00547,01/06/2014,01-January,2-Monday,16:52,1600 Hours,District 5 (Southeast),BURLINGTON,DES MOINES,US 61,US 61 & KIRKWOOD ST,Collision with:  Vehicle in traffic,On Roadway,Broadside (front to side),Unknown,None Indicated,,Dusk,Wet,Cloudy,"Surface condition (e.g., wet, icy)",Intersection:  Four-way intersection,Paved,,Property Damage Only,0,0,0,0,0,0,5500,2,2,,POINT (-91.141413422954 40.819785930681)
2014779191,14-000138,01/06/2014,01-January,2-Monday,16:44,1600 Hours,District 4 (Southwest),ANITA,CASS,,MAIN ST,Collision with:  Parked motor vehicle,On Roadway,Rear-end (front to rear),Other (explain in narrative):  Vision obstructed,None Indicated,,Dusk,Dry,Clear,None apparent,Non-intersection:  Non-junction/no special feature,Paved,,Property Damage Only,0,0,0,0,0,0,12000,2,4,,POINT (-94.769671600424 41.442599109286)
2014778484,2014-301,01/06/2014,01-January,2-Monday,07:07,0700 Hours,District 6 (East Central),BETTENDORF,SCOTT,I-74,I-74,Collision with fixed object:  Bridge overhead structure,On Roadway,Non-collision (single vehicle),Other (explain in narrative):  No improper action,None Indicated,,Daylight,Ice/frost,Clear,"Surface condition (e.g., wet, icy)",Non-intersection:  Other non-intersection (explain in narrative),Paved,,Property Damage Only,0,0,0,0,0,0,5000,1,1,,POINT (-90.513432841842 41.524358841444)
2014779480,2014001159,01/06/2014,01-January,2-Monday,08:57,0800 Hours,District 1 (Central),,POLK,I-80,I-80,Collision with fixed object:  Guardrail - face,On Roadway,Non-collision (single vehicle),Crossed centerline (undivided),None Indicated,,Daylight,Dry,Cloudy,None apparent,Non-intersection:  Non-junction/no special feature,Paved,,Property Damage Only,0,0,0,0,0,0,10847,1,1,,POINT (-93.413005468386 41.67811417128)
2014778017,14-000558,01/06/2014,01-January,2-Monday,10:05,1000 Hours,District 4 (Southwest),COUNCIL BLUFFS,POTTAWATTAMIE,,9TH AVE & S 8TH ST,Collision with:  Vehicle in traffic,On Roadway,Broadside (front to side),Ran Stop Sign,None Indicated,,Daylight,Dry,Clear,None apparent,Intersection:  Four-way intersection,Paved,,Property Damage Only,0,0,0,0,0,0,3500,2,4,,POINT (-95.85604971124 41.253392594764)
2014813197,,01/06/2014,01-January,2-Monday,13:23,1300 Hours,District 2 (Northeast),NEW HAMPTON,CHICKASAW,US 63,US 63,Non-collision events:  Overturn/rollover,Outside trafficway,Non-collision (single vehicle),Driving too fast for conditions,Alcohol (< Statutory),,Daylight,Ice/frost,Snow,None apparent,Non-intersection:  Non-junction/no special feature,Paved,,Possible/Unknown,0,1,0,0,1,0,12000,1,1,,POINT (-92.298650914224 43.173277658062)
2014780269,,01/06/2014,01-January,2-Monday,18:38,1800 Hours,District 2 (Northeast),,FLOYD,US 18,US 18,Collision with:  Other non-fixed object (explain in narrative),On Roadway,Non-collision (single vehicle),Other (explain in narrative):  No improper action,None Indicated,,Dark - roadway not lighted,,Clear,,,Paved,,Property Damage Only,0,0,0,0,0,0,2500,1,1,,POINT (-92.584866422379 43.067155869694)
2014777931,14-00549,01/06/2014,01-January,2-Monday,16:58,1600 Hours,District 5 (Southeast),BURLINGTON,DES MOINES,,AGENCY ST,Collision with:  Vehicle in traffic,Outside trafficway,Broadside (front to side),Driving too fast for conditions,None Indicated,,Dusk,Snow,Cloudy,"Surface condition (e.g., wet, icy)",Non-intersection:  Driveway access (within),Paved,,Property Damage Only,0,0,0,0,0,0,4000,2,3,,POINT (-91.142066337075 40.815085357733)
2014778122,14001550,01/06/2014,01-January,2-Monday,05:26,0500 Hours,District 2 (Northeast),CEDAR FALLS,BLACK HAWK,,BARNETT DR,Collision with fixed object:  Tree,Roadside,Non-collision (single vehicle),Ran off road - left,None Indicated,,Dark - roadway lighted,Dry,Clear,None apparent,Non-intersection:  Non-junction/no special feature,Paved,,Property Damage Only,0,0,0,0,0,0,3050,1,2,,POINT (-92.474912502201 42.531208369449)
2014778123,W14-001732,01/06/2014,01-January,2-Monday,17:46,1700 Hours,District 2 (Northeast),WATERLOO,BLACK HAWK,,ARDEN ST,Collision with:  Vehicle in traffic,On Roadway,Rear-end (front to rear),Lost Control,None Indicated,,Dark - roadway not lighted,Snow,Other (explain in narrative),"Surface condition (e.g., wet, icy)",Non-intersection:  Non-junction/no special feature,Paved,,Property Damage Only,0,0,0,0,0,0,3500,2,1,,POINT (-92.361359285891 42.482936975425)
2014778687,2014000153,01/06/2014,01-January,2-Monday,15:25,1500 Hours,District 6 (East Central),IOWA CITY,JOHNSON,US 6,US 6 & TAYLOR DR,Collision with:  Vehicle in traffic,On Roadway,"Angle, oncoming left turn",Unknown,None Indicated,,Daylight,Dry,Clear,None apparent,Non-intersection:  Crossover-related,Paved,,Property Damage Only,0,0,0,0,0,0,4000,2,6,,POINT (-91.517785616844 41.641340565903)