Iowa DOT Case Number,Law Enforcement Case Number,Date of Crash,Month of Crash,Day of Week,Time of Crash,Hour,DOT District,City Name,County Name,Route with System,Location Description,First Harmful Event,Location of First Harmful Event,Manner of Crash/Collision,Major Cause,Drug or Alcohol ,Environmental Conditions,Light Conditions,Surface Conditions,Weather Conditions,Roadway Contribution,Roadway Type,Roadway Surface,Work Zone,Crash Severity,Number of Fatalities,Number of Injuries,Number of Major Injuries,Number of Minor Injuries,Number of Possible Injuries,Number of Unknown Injuries,Amount of Property Damage,Number of Vehicles Involved,Total Number of Occupants,Travel Direction,Location
2014789641,2014-1245,01/06/2014,01-January,2-Monday,22:13,2200 Hours,District 6 (East Central),DAVENPORT,SCOTT,US 67,US 67/GAINES ST,Collision with:  Vehicle in traffic,On Roadway,"Sideswipe, opposite direction",Crossed centerline (undivided),None Indicated,,Dark - roadway lighted,Ice/frost,Cloudy,"Surface condition (e.g., wet, icy)",Non-intersection:  Non-junction/no special feature,Paved,,Possible/Unknown,0,1,0,0,1,0,10000,2,2,,POINT (-90.581584424583 41.51514944902)
2014777967,2014000147,01/06/2014,01-January,2-Monday,08:56,0800 Hours,District 6 (East Central),IOWA CITY,JOHNSON,US 6,US 6/S RIVERSIDE DR & IA 1/W BURLINGTON ST & GRAND AVE,Collision with:  Vehicle in traffic,On Roadway,Rear-end (front to rear),Followed too close,None Indicated,,Daylight,Dry,Clear,None apparent,Intersection:  Four-way intersection,Paved,,Property Damage Only,0,0,0,0,0,0,1700,2,2,,POINT (-91.541903201135 41.658050599121)
2014777966,2014000144,01/06/2014,01-January,2-Monday,07:23,0700 Hours,District 6 (East Central),IOWA CITY,JOHNSON,,IOWA AVE & S GILBERT ST & N GILBERT ST,Collision with:  Vehicle in traffic,On Roadway,Rear-end (front to rear),Followed too close,None Indicated,,Dawn,Dry,Cloudy,None apparent,Intersection:  Four-way intersection,Paved,,Property Damage Only,0,0,0,0,0,0,2500,2,4,,POINT (-91.530144711353 41.661242346867)
2014779067,201400000920,01/06/2014,01-January,2-Monday,15:22,1500 Hours,District 5 (Southeast),OTTUMWA,WAPELLO,,W FINLEY AVE,Collision with:  Vehicle in traffic,On Roadway,Head-on (front to front),Driving too fast for conditions,None Indicated,,Daylight,Ice/frost,Cloudy,"Surface condition (e.g., wet, icy)",Non-intersection:  Other non-intersection (explain in narrative),Paved,,Property Damage Only,0,0,0,0,0,0,6000,2,4,,POINT (-92.450506512866 41.0019237027)
2014778008,20140000471,01/06/2014,01-January,2-Monday,15:10,1500 Hours,District 1 (Central),DES MOINES,POLK,,COTTAGE GROVE AVE & MLK JR PKWY,Collision with:  Vehicle in traffic,On Roadway,"Angle, oncoming left turn",Made improper turn,None Indicated,,Daylight,Dry,Clear,None apparent,Non-intersection:  Non-junction/no special feature,Paved,,Property Damage Only,0,0,0,0,0,0,4500,2,3,,POINT (-93.644395475553 41.594390913927)
2014778014,20140000511,01/06/2014,01-January,2-Monday,23:58,2300 Hours,District 1 (Central),DES MOINES,POLK,I-235,I-235,Non-collision events:  Other non-collision (explain in narrative),On Roadway,Non-collision (single vehicle),Swerving/Evasive Action,None Indicated,,Dark - roadway lighted,Dry,Clear,None apparent,Non-intersection:  Other non-intersection (explain in narrative),Paved,,Possible/Unknown,0,1,0,0,1,0,4001,1,1,,POINT (-93.586899855227 41.599950023227)
2014777545,140123,01/06/2014,01-January,2-Monday,07:30,0700 Hours,District 4 (Southwest),ADEL,DALLAS,,H AVE,Collision with fixed object:  Ditch,On Roadway,Non-collision (single vehicle),Ran off road - right,None Indicated,,Daylight,Dry,Clear,None apparent,Non-intersection:  Non-junction/no special feature,Unpaved,,Property Damage Only,0,0,0,0,0,0,6000,1,1,,POINT (-94.15110447418 41.587984090095)
2014778209,201400290,01/06/2014,01-January,2-Monday,20:27,2000 Hours,District 6 (East Central),CEDAR RAPIDS,LINN,,32ND ST NE,Collision with fixed object:  Curb/island/raised median,On Roadway,Non-collision (single vehicle),Ran off road - right,None Indicated,,Dark - roadway lighted,Dry,Clear,None apparent,Non-intersection:  Non-junction/no special feature,Paved,,Minor Injury,0,2,0,2,0,0,25500,1,3,,POINT (-91.642408994912 42.009982579249)
2014778074,14-557,01/06/2014,01-January,2-Monday,16:00,1600 Hours,District 3 (Northwest),SIOUX CITY,WOODBURY,,LEECH AVE & S WESCOTT ST,Collision with:  Vehicle in traffic,On Roadway,Broadside (front to side),FTYROW:  From stop sign,None Indicated,,Daylight,Dry,Clear,None apparent,Intersection:  Four-way intersection,Paved,,Property Damage Only,0,0,0,0,0,0,14500,2,2,,POINT (-96.377381809456 42.487723403458)
2014778166,01-14-837,01/06/2014,01-January,2-Monday,13:48,1300 Hours,District 6 (East Central),DUBUQUE,DUBUQUE,,E 14TH ST & WASHINGTON ST,Collision with:  Vehicle in traffic,On Roadway,Broadside (front to side),Ran Stop Sign,None Indicated,,Daylight,Dry,Clear,None apparent,Intersection:  Four-way intersection,Paved,,Property Damage Only,0,0,0,0,0,0,8000,2,2,,POINT (-90.66477525706 42.507225802028)
2014779066,201400000866,01/06/2014,01-January,2-Monday,10:45,1000 Hours,District 5 (Southeast),OTTUMWA,WAPELLO,,LINCOLN AVE,Collision with:  Vehicle in traffic,On Roadway,"Sideswipe, opposite direction",Crossed centerline (undivided),None Indicated,,Daylight,Ice/frost,Cloudy,None apparent,Non-intersection:  Non-junction/no special feature,Paved,,Property Damage Only,0,0,0,0,0,0,3500,2,2,,POINT (-92.400990940721 41.023251546956)
2014778249,2014-1199,01/06/2014,01-January,2-Monday,17:39,1700 Hours,District 6 (East Central),DAVENPORT,SCOTT,,E RUSHOLME ST & EASTERN AVE,Collision with:  Vehicle in traffic,On Roadway,Broadside (front to side),FTYROW:  From stop sign,None Indicated,,Dark - roadway lighted,Snow,Clear,None apparent,Intersection:  T-intersection,Paved,,Property Damage Only,0,0,0,0,0,0,6000,2,2,,POINT (-90.551479589764 41.542891254163)
2014778272,14-536,01/06/2014,01-January,2-Monday,13:12,1300 Hours,District 3 (Northwest),SIOUX CITY,WOODBURY,,5TH ST & PIERCE ST,Collision with:  Vehicle in traffic,On Roadway,"Sideswipe, same direction",Made improper turn,None Indicated,,Daylight,Dry,Clear,None apparent,Intersection:  Four-way intersection,Paved,,Property Damage Only,0,0,0,0,0,0,3250,2,5,,POINT (-96.404921868597 42.495263761427)
2014778247,2014-1071,01/06/2014,01-January,2-Monday,04:42,0400 Hours,District 6 (East Central),DAVENPORT,SCOTT,US 6,US 6/W KIMBERLY RD,Collision with fixed object:  Concrete traffic barrier (median or right side),On Roadway,Non-collision (single vehicle),Ran off road - right,Alcohol (Statutory),,Dark - roadway lighted,Snow,Cloudy,None apparent,Non-intersection:  Non-junction/no special feature,Paved,,Property Damage Only,0,0,0,0,0,0,2000,1,1,,POINT (-90.586011709297 41.560103481714)
2014777741,20140000462,01/06/2014,01-January,2-Monday,13:32,1300 Hours,District 1 (Central),DES MOINES,POLK,,LOCUST ST,Collision with:  Parked motor vehicle,Outside trafficway,"Sideswipe, same direction",Other (explain in narrative):  No improper action,None Indicated,,Daylight,Dry,Clear,None apparent,Non-intersection:  Non-junction/no special feature,Paved,,Property Damage Only,0,0,0,0,0,0,1600,2,2,,POINT (-93.622538203635 41.58735959177)
2014778168,01-14-842,01/06/2014,01-January,2-Monday,14:21,1400 Hours,District 6 (East Central),DUBUQUE,DUBUQUE,US 52,US 52/E 11TH ST/WHITE ST,Collision with:  Vehicle in traffic,On Roadway,Broadside (front to side),Ran Traffic Signal,None Indicated,,Daylight,Dry,Clear,None apparent,Intersection:  Other intersection (explain in narrative),Paved,,Property Damage Only,0,0,0,0,0,0,5500,2,4,,POINT (-90.665411780655 42.504186011227)
2014779684,,01/06/2014,01-January,2-Monday,17:50,1700 Hours,District 5 (Southeast),CHARITON,LUCAS,,N 8TH ST,Collision with:  Parked motor vehicle,On Roadway,Rear-end (front to rear),Other (explain in narrative):  Other,None Indicated,,Dark - roadway not lighted,Other (explain in narrative),Clear,None apparent,Non-intersection:  Non-junction/no special feature,Paved,,Property Damage Only,0,0,0,0,0,0,12000,2,1,,POINT (-93.305324113175 41.023809142521)
2014778000,14680487,01/06/2014,01-January,2-Monday,14:33,1400 Hours,District 5 (Southeast),,MONROE,US 34,US 34,Collision with:  Other non-fixed object (explain in narrative),On Roadway,Head-on (front to front),Equipment failure,None Indicated,,Daylight,Dry,Clear,None apparent,Non-intersection:  Non-junction/no special feature,Paved,,Major Injury,0,1,1,0,0,0,6000,2,4,,POINT (-92.882657971427 41.011028848924)
2014778147,140045,01/07/2014,01-January,3-Tuesday,22:49,2200 Hours,District 3 (Northwest),DENISON,CRAWFORD,IA 39,IA 39/IOWA 39 & AVE C,Collision with:  Vehicle in traffic,On Roadway,Broadside (front to side),Ran Traffic Signal,None Indicated,,Dark - roadway lighted,Dry,Clear,None apparent,Intersection:  Four-way intersection,Paved,,Property Damage Only,0,0,0,0,0,0,15000,2,2,,POINT (-95.367283343219 42.023665534968)
2014778158,01-14-1003,01/07/2014,01-January,3-Tuesday,15:51,1500 Hours,District 6 (East Central),DUBUQUE,DUBUQUE,,DELHI ST & W 5TH ST,Non-collision events:  Other non-collision (explain in narrative),On Roadway,"Sideswipe, same direction",Lost Control,None Indicated,,Dusk,Dry,Clear,None apparent,Non-intersection:  Non-junction/no special feature,Paved,,Property Damage Only,0,0,0,0,0,0,8000,2,1,,POINT (-90.685510375062 42.497776931759)
2014782086,14-00176,01/07/2014,01-January,3-Tuesday,09:25,0900 Hours,District 5 (Southeast),MOUNT PLEASANT,HENRY,,E WASHINGTON ST,Collision with:  Vehicle in traffic,On Roadway,Rear-end (front to rear),Other (explain in narrative):  Other,None Indicated,,Daylight,Slush,Cloudy,None apparent,Non-intersection:  Non-junction/no special feature,Paved,,Property Damage Only,0,0,0,0,0,0,2000,2,2,,POINT (-91.534910428536 40.963574706853)
2014779508,,01/07/2014,01-January,3-Tuesday,19:56,1900 Hours,District 5 (Southeast),,MUSCATINE,US 6,US 6 & 104TH ST,Collision with:  Animal,On Roadway,Non-collision (single vehicle),Animal,None Indicated,,Dark - roadway not lighted,Dry,Cloudy,None apparent,Non-intersection:  Non-junction/no special feature,Paved,,Property Damage Only,0,0,0,0,0,0,8000,1,1,,POINT (-91.038197486975 41.581456123032)
2014778028,2014-1354,01/07/2014,01-January,3-Tuesday,08:07,0800 Hours,District 6 (East Central),DAVENPORT,SCOTT,,W LOCUST ST & MAIN ST,Collision with:  Vehicle in traffic,On Roadway,Broadside (front to side),Ran Traffic Signal,None Indicated,,Daylight,Slush,Cloudy,None apparent,Intersection:  Four-way intersection,Paved,,Property Damage Only,0,0,0,0,0,0,4000,2,2,,POINT (-90.575543756545 41.538285783952)
2014778131,14000300,01/07/2014,01-January,3-Tuesday,05:40,0500 Hours,District 2 (Northeast),MASON CITY,CERRO GORDO,US 65,US 65/S FEDERAL AVE & 7TH ST SW & 7TH ST SE,Collision with:  Vehicle in traffic,On Roadway,"Angle, oncoming left turn",FTYROW:  From stop sign,None Indicated,,Dark - roadway lighted,Snow,Clear,None apparent,Intersection:  Four-way intersection,Paved,,Property Damage Only,0,0,0,0,0,0,6500,2,2,,POINT (-93.201102173178 43.144670156156)
2014778470,2014-20,01/07/2014,01-January,3-Tuesday,16:44,1600 Hours,District 1 (Central),PLEASANT HILL,POLK,,NE 56TH ST,Collision with:  Vehicle in traffic,On Roadway,Broadside (front to side),FTYROW:  From parked position,None Indicated,,Daylight,Dry,Clear,None apparent,Non-intersection:  Non-junction/no special feature,Paved,,Property Damage Only,0,0,0,0,0,0,3000,2,4,,POINT (-93.50325836335 41.602661447722)
2014778125,W14-002044,01/07/2014,01-January,3-Tuesday,18:33,1800 Hours,District 2 (Northeast),WATERLOO,BLACK HAWK,,WELLINGTON ST & BELMONT AVE,Collision with:  Vehicle in traffic,On Roadway,Broadside (front to side),Driving too fast for conditions,None Indicated,,Dark - roadway lighted,Snow,Clear,"Surface condition (e.g., wet, icy)",Intersection:  Four-way intersection,Paved,,Property Damage Only,0,0,0,0,0,0,2000,2,4,,POINT (-92.355028937473 42.493933689507)
2014778149,14-000607,01/07/2014,01-January,3-Tuesday,09:41,0900 Hours,District 5 (Southeast),BURLINGTON,DES MOINES,,DIVISION ST & PLANE ST,Collision with:  Vehicle in traffic,On Roadway,Rear-end (front to rear),Lost Control,None Indicated,,Daylight,Snow,Clear,"Surface condition (e.g., wet, icy)",Non-intersection:  Non-junction/no special feature,Paved,,Property Damage Only,0,0,0,0,0,0,5500,2,10,,POINT (-91.124797814678 40.807707730849)
2014778252,2014-1510,01/07/2014,01-January,3-Tuesday,21:26,2100 Hours,District 6 (East Central),DAVENPORT,SCOTT,IA 130,IA 130/NEW LIBERTY RD,Non-collision events:  Overturn/rollover,On Roadway,Non-collision (single vehicle),Driving too fast for conditions,None Indicated,,Dark - roadway lighted,Snow,Snow,None apparent,Non-intersection:  Non-junction/no special feature,Paved,,Property Damage Only,0,0,0,0,0,0,1500,1,1,,POINT (-90.621461639039 41.601488496932)
2014778602,2014001553,01/07/2014,01-January,3-Tuesday,11:43,1100 Hours,District 6 (East Central),,CEDAR,I-80,I-80,Collision with:  Parked motor vehicle,Shoulder,"Sideswipe, same direction",Ran off road - right,None Indicated,,Daylight,Dry,Cloudy,None apparent,Non-intersection:  Non-junction/no special feature,Paved,,Property Damage Only,0,0,0,0,0,0,4500,2,3,,POINT (-91.358969443826 41.664500551952)
2014780205,2014001684,01/07/2014,01-January,3-Tuesday,20:41,2000 Hours,District 6 (East Central),,SCOTT,US 61,US 61/140 ST & Co Rd Y48/110 AVE,Collision with fixed object:  Ditch,On Roadway,Non-collision (single vehicle),"Operating vehicle in an reckless, erratic, careless, negligent manner",None Indicated,,Dark - roadway lighted,Dry,Cloudy,None apparent,Intersection:  Four-way intersection,Paved,,Possible/Unknown,0,2,0,0,2,0,3000,1,2,,POINT (-90.688337943601 41.50848354221)
2014780206,2014001700,01/07/2014,01-January,3-Tuesday,22:15,2200 Hours,District 6 (East Central),,JONES,IA 136,IA 136/IOWA 136,Non-collision events:  Overturn/rollover,On Roadway,Non-collision (single vehicle),Swerving/Evasive Action,None Indicated,,Dark - roadway not lighted,Dry,Clear,None apparent,Non-intersection:  Non-junction/no special feature,Paved,,Property Damage Only,0,0,0,0,0,0,10000,1,1,,POINT (-90.980844698442 42.263626683374)
2014778450,20140000561,01/07/2014,01-January,3-Tuesday,16:10,1600 Hours,District 1 (Central),DES MOINES,POLK,,NE 48TH ST,Collision with:  Vehicle in traffic,On Roadway,Rear-end (front to rear),Followed too close,None Indicated,,Daylight,Dry,Clear,None apparent,Non-intersection:  Non-junction/no special feature,Paved,,Minor Injury,0,1,0,1,0,0,4500,2,2,,POINT (-93.518474999632 41.629669556625)
2014778160,01-14-1016,01/07/2014,01-January,3-Tuesday,17:39,1700 Hours,District 6 (East Central),DUBUQUE,DUBUQUE,,PENNSYLVANIA AVE,Collision with:  Vehicle in traffic,On Roadway,Rear-end (front to rear),Lost Control,None Indicated,,Dark - roadway lighted,Dry,Clear,None apparent,Intersection:  Four-way intersection,Paved,,Property Damage Only,0,0,0,0,0,0,4000,2,2,,POINT (-90.721603882127 42.500463671841)
2014778144,CL14000046,01/07/2014,01-January,3-Tuesday,06:40,0600 Hours,District 6 (East Central),CLINTON,CLINTON,,7TH AVE S,Collision with:  Parked motor vehicle,On Roadway,Rear-end (front to rear),Illegally Parked/Unattended,None Indicated,,Dawn,Ice/frost,Cloudy,"Surface condition (e.g., wet, icy)",Non-intersection:  Non-junction/no special feature,Paved,,Property Damage Only,0,0,0,0,0,0,12500,2,777,,POINT (-90.210474046669 41.838880003327)
2014778664,14000323,01/07/2014,01-January,3-Tuesday,16:24,1600 Hours,District 2 (Northeast),MASON CITY,CERRO GORDO,,E STATE ST,Collision with:  Vehicle in traffic,On Roadway,Rear-end (front to rear),Followed too close,None Indicated,,Daylight,Wet,Clear,None apparent,Non-intersection:  Other non-intersection (explain in narrative),Paved,,Property Damage Only,0,0,0,0,0,0,6500,2,2,,POINT (-93.190253410743 43.15185657251)
2014778884,00067,01/07/2014,01-January,3-Tuesday,15:46,1500 Hours,District 6 (East Central),DYERSVILLE,DUBUQUE,,8TH AVE SE & 6TH ST SE,Collision with:  Vehicle in traffic,On Roadway,Broadside (front to side),FTYROW:  From stop sign,None Indicated,,Daylight,Dry,Clear,None apparent,Intersection:  Other intersection (explain in narrative),Paved,,Property Damage Only,0,0,0,0,0,0,3000,2,3,,POINT (-91.11776526762 42.47826401613)
2014779139,2014001638,01/07/2014,01-January,3-Tuesday,15:55,1500 Hours,District 2 (Northeast),,CERRO GORDO,US 65,US 65,Collision with:  Vehicle in traffic,On Roadway,Rear-end (front to rear),Driver Distraction:  Reaching for object(s)/fallen object(s),None Indicated,,Daylight,Dry,Clear,Other (explain in narrative),Non-intersection:  Non-junction/no special feature,Paved,,Property Damage Only,0,0,0,0,0,0,7000,2,2,,POINT (-93.210705789713 43.248180789749)
2014778465,14-0101,01/07/2014,01-January,3-Tuesday,12:10,1200 Hours,District 1 (Central),WEST DES MOINES,POLK,,ASHWORTH RD & 8TH ST,Collision with:  Vehicle in traffic,On Roadway,Broadside (front to side),Ran Traffic Signal,None Indicated,,Daylight,Dry,Cloudy,None apparent,Intersection:  Four-way intersection,Paved,,Property Damage Only,0,0,0,0,0,0,6500,2,2,,POINT (-93.713016444492 41.584600279321)
2014778225,20140000568,01/07/2014,01-January,3-Tuesday,17:48,1700 Hours,District 1 (Central),DES MOINES,POLK,US 6,US 6/E EUCLID AVE & E 31ST ST,Collision with:  Vehicle in traffic,On Roadway,Rear-end (front to rear),Unknown,None Indicated,,Dark - roadway lighted,Dry,Clear,None apparent,Intersection:  T-intersection,Paved,,Property Damage Only,0,0,0,0,0,0,2000,2,2,,POINT (-93.556334960587 41.6277181429)
2014778275,14-653,01/07/2014,01-January,3-Tuesday,13:58,1300 Hours,District 3 (Northwest),SIOUX CITY,WOODBURY,,MORNINGSIDE AVE,Collision with:  Vehicle in traffic,On Roadway,"Sideswipe, same direction",FTYROW:  From parked position,None Indicated,,Daylight,Dry,Cloudy,None apparent,Non-intersection:  Non-junction/no special feature,Paved,,Property Damage Only,0,0,0,0,0,0,2200,3,4,,POINT (-96.359753563979 42.476833371284)
2014778441,14-148,01/07/2014,01-January,3-Tuesday,16:00,1600 Hours,District 1 (Central),GRIMES,POLK,,E 1ST ST,Collision with:  Parked motor vehicle,Outside trafficway,Unknown,Unknown,None Indicated,,Daylight,Dry,Cloudy,None apparent,Non-intersection:  Non-junction/no special feature,Paved,,Property Damage Only,0,0,0,0,0,0,1500,2,1,,POINT (-93.770096568778 41.688390716571)
2014778699,14-000242,01/07/2014,01-January,3-Tuesday,10:44,1000 Hours,District 4 (Southwest),,MILLS,,295TH ST,Non-collision events:  Overturn/rollover,On Roadway,Non-collision (single vehicle),Ran off road - right,None Indicated,,Daylight,Snow,Clear,None apparent,Non-intersection:  Non-junction/no special feature,Unpaved,,Possible/Unknown,0,1,0,0,1,0,5000,1,2,,POINT (-95.623105111465 41.097602680627)
2014781417,2014-1464,01/07/2014,01-January,3-Tuesday,17:26,1700 Hours,District 6 (East Central),DAVENPORT,SCOTT,I-80,I-80 & IA 130/NEW LIBERTY RD,Collision with:  Vehicle in traffic,On Roadway,"Angle, oncoming left turn",Unknown,None Indicated,,Dark - roadway lighted,Snow,Snow,None apparent,Non-intersection:  Non-junction/no special feature,Paved,,Possible/Unknown,0,1,0,0,1,0,3000,2,2,,POINT (-90.617830845392 41.598747398221)
2014778145,CL14000047,01/07/2014,01-January,3-Tuesday,07:31,0700 Hours,District 6 (East Central),CLINTON,CLINTON,US 30,US 30/8TH AVE S,Collision with fixed object:  Bridge overhead structure,On Roadway,Non-collision (single vehicle),Crossed centerline (undivided),None Indicated,,Daylight,Ice/frost,Clear,"Surface condition (e.g., wet, icy)",Non-intersection:  Other non-intersection (explain in narrative),Paved,,Possible/Unknown,0,1,0,0,1,0,3000,1,2,,POINT (-90.186663297032 41.837830513366)
2014778159,01-14-1009,01/07/2014,01-January,3-Tuesday,16:29,1600 Hours,District 6 (East Central),DUBUQUE,DUBUQUE,,HILLCREST RD & JOHN F KENNEDY RD,Collision with:  Vehicle in traffic,On Roadway,Head-on (front to front),Lost Control,None Indicated,,Dusk,Dry,Clear,None apparent,Intersection:  Four-way intersection,Paved,,Property Damage Only,0,0,0,0,0,0,6000,2,2,,POINT (-90.72042180252 42.506869895931)
2014780114,20140000557,01/07/2014,01-January,3-Tuesday,15:53,1500 Hours,District 1 (Central),DES MOINES,POLK,,E PARK AVE,Collision with:  Vehicle in traffic,On Roadway,Broadside (front to side),Unknown,None Indicated,,Daylight,Dry,Clear,None apparent,Non-intersection:  Non-junction/no special feature,Paved,,Property Damage Only,0,0,0,0,0,0,2200,2,2,,POINT (-93.595285648145 41.555311897384)
2014778152,14-00674,01/07/2014,01-January,3-Tuesday,17:13,1700 Hours,District 5 (Southeast),BURLINGTON,DES MOINES,,MT PLEASANT ST & W ROOSEVELT FRONTAGE,Collision with:  Vehicle in traffic,On Roadway,Rear-end (front to rear),Driving too fast for conditions,None Indicated,,Dark - roadway lighted,Snow,Clear,"Surface condition (e.g., wet, icy)",Non-intersection:  Non-junction/no special feature,Paved,,Property Damage Only,0,0,0,0,0,0,3300,3,3,,POINT (-91.14246405541 40.825901151035)
2014779073,1400135,01/07/2014,01-January,3-Tuesday,13:51,1300 Hours,District 5 (Southeast),WASHINGTON,WASHINGTON,,E HARRISON ST & S 2ND AVE,Collision with:  Vehicle in traffic,On Roadway,Broadside (front to side),FTYROW:  From yield sign,None Indicated,,Daylight,Snow,Clear,None apparent,Intersection:  Four-way intersection,Paved,,Property Damage Only,0,0,0,0,0,0,7500,2,2,,POINT (-91.690593130473 41.29136545767)
2014789748,A14071758,01/07/2014,01-January,3-Tuesday,17:58,1700 Hours,District 2 (Northeast),,FRANKLIN,US 65,US 65,Collision with:  Animal,,,Animal,None Indicated,,,,,,,Paved,,Property Damage Only,0,0,0,0,0,0,4000,1,1,,POINT (-93.203056920733 42.685499516864)
2014779037,2014-418,01/07/2014,01-January,3-Tuesday,18:30,1800 Hours,District 6 (East Central),DAVENPORT,SCOTT,,Co Rd Y48/110 AVE,Collision with:  Animal,,,Animal,None Indicated,,,,,,,Paved,,Property Damage Only,0,0,0,0,0,0,2000,1,1,,POINT (-90.688092230453 41.519088293126)
2014778148,140168,01/07/2014,01-January,3-Tuesday,20:21,2000 Hours,District 4 (Southwest),,DALLAS,US 169,US 169/N AVE,Collision with:  Animal,,,Animal,None Indicated,,,,,,,Paved,,Property Damage Only,0,0,0,0,0,0,5000,1,1,,POINT (-94.024935749301 41.704387383332)
2014778344,W14-001932,01/07/2014,01-January,3-Tuesday,11:21,1100 Hours,District 2 (Northeast),WATERLOO,BLACK HAWK,,W 9TH ST,Collision with:  Vehicle in traffic,On Roadway,Broadside (front to side),Swerving/Evasive Action,None Indicated,,Daylight,Snow,Cloudy,None apparent,Intersection:  Other intersection (explain in narrative),Paved,,Property Damage Only,0,0,0,0,0,0,5000,2,2,,POINT (-92.348734093461 42.460234172964)
2014779113,2014001675,01/07/2014,01-January,3-Tuesday,18:50,1800 Hours,District 4 (Southwest),,MILLS,,Co Rd L35/221ST ST,Non-collision events:  Overturn/rollover,Shoulder,Non-collision (single vehicle),Ran off road - right,Alcohol (Statutory),,Dark - roadway not lighted,Dry,Clear,None apparent,Non-intersection:  Non-junction/no special feature,Paved,,Minor Injury,0,1,0,1,0,0,3250,1,1,,POINT (-95.761269136722 41.069018307613)
2014778492,2014-1402,01/07/2014,01-January,3-Tuesday,13:14,1300 Hours,District 6 (East Central),DAVENPORT,SCOTT,US 6,US 6/E KIMBERLY RD,Collision with:  Vehicle in traffic,On Roadway,"Sideswipe, same direction",Improper or erratic lane changing,None Indicated,,Daylight,Wet,Cloudy,None apparent,Non-intersection:  Non-junction/no special feature,Paved,,Property Damage Only,0,0,0,0,0,0,3500,2,3,,POINT (-90.569419068271 41.560339155999)
2014778927,14006,01/07/2014,01-January,3-Tuesday,16:27,1600 Hours,District 5 (Southeast),PELLA,MARION,,OSKALOOSA ST & CLARK ST,Collision with:  Vehicle in traffic,On Roadway,Rear-end (front to rear),Other (explain in narrative):  Other,None Indicated,,Daylight,Dry,Clear,None apparent,Intersection:  Four-way intersection,Paved,,Property Damage Only,0,0,0,0,0,0,1600,2,2,,POINT (-92.912145829115 41.398413521397)
2014778216,14-000794,01/07/2014,01-January,3-Tuesday,15:51,1500 Hours,District 5 (Southeast),MUSCATINE,MUSCATINE,IA 22,IA 22/PARK AVE,Collision with:  Vehicle in traffic,On Roadway,Broadside (front to side),FTYROW:  Other (explain in narrative),None Indicated,,Daylight,Dry,Clear,None apparent,Non-intersection:  Driveway access (within),Paved,,Property Damage Only,0,0,0,0,0,0,3300,2,4,,POINT (-91.030518433635 41.442016929198)
2014785211,,01/07/2014,01-January,3-Tuesday,13:59,1300 Hours,District 2 (Northeast),NEW HAMPTON,CHICKASAW,,W SPRING ST & S SHERMAN AVE,Collision with:  Vehicle in traffic,On Roadway,Broadside (front to side),FTYROW:  At uncontrolled intersection,None Indicated,,Daylight,Snow,Clear,None apparent,Intersection:  Four-way intersection,Paved,,Property Damage Only,0,0,0,0,0,0,4000,2,3,,POINT (-92.322840634041 43.058323201546)
2014778277,14-686,01/07/2014,01-January,3-Tuesday,19:34,1900 Hours,District 3 (Northwest),SIOUX CITY,WOODBURY,,JEFFERSON ST,Collision with:  Parked motor vehicle,On Roadway,Rear-end (front to rear),Driver Distraction:  Manual operation of an electronic communication device,None Indicated,,Dark - roadway not lighted,Dry,Clear,None apparent,Non-intersection:  Non-junction/no special feature,Paved,,Property Damage Only,0,0,0,0,0,0,12000,2,777,,POINT (-96.367646665167 42.540443346265)
2014778347,W14-001964,01/07/2014,01-January,3-Tuesday,13:39,1300 Hours,District 2 (Northeast),WATERLOO,BLACK HAWK,,FRANCIS DR & VERMONT ST,Collision with:  Vehicle in traffic,On Roadway,Unknown,Unknown,None Indicated,,Daylight,Other (explain in narrative),Clear,None apparent,Intersection:  T-intersection,Paved,,Property Damage Only,0,0,0,0,0,0,4500,2,3,,POINT (-92.352411513534 42.479878810388)
2014778278,14-700,01/07/2014,01-January,3-Tuesday,23:10,2300 Hours,District 3 (Northwest),SIOUX CITY,WOODBURY,,HARBOR DR,Non-collision events:  Overturn/rollover,Outside trafficway,Non-collision (single vehicle),Ran off road - left,None Indicated,,Dark - roadway lighted,Dry,Cloudy,None apparent,Non-intersection:  Non-junction/no special feature,Paved,,Possible/Unknown,0,1,0,0,1,0,30000,1,1,,POINT (-96.375789796177 42.432581533093)
2014778545,2014-1321,01/07/2014,01-January,3-Tuesday,02:48,0200 Hours,District 6 (East Central),DAVENPORT,SCOTT,US 67,US 67/GAINES ST & IA 461/W RIVER DR,Collision with fixed object:  Guardrail - face,Outside trafficway,Non-collision (single vehicle),Crossed centerline (undivided),None Indicated,,Dark - roadway lighted,Ice/frost,Clear,None apparent,Non-intersection:  Other non-intersection (explain in narrative),Paved,,Property Damage Only,0,0,0,0,0,0,3050,1,1,,POINT (-90.583565744372 41.520189694614)
2014778665,14000333,01/07/2014,01-January,3-Tuesday,18:07,1800 Hours,District 2 (Northeast),MASON CITY,CERRO GORDO,IA 122,IA 122/4TH ST SE,Collision with:  Animal,,,Animal,None Indicated,,,,,,,Paved,,Property Damage Only,0,0,0,0,0,0,2000,1,1,,POINT (-93.14543905133 43.148032216874)
2014779328,,01/07/2014,01-January,3-Tuesday,17:30,1700 Hours,District 6 (East Central),CEDAR RAPIDS,LINN,,C ST RD SW,Collision with:  Vehicle in traffic,On Roadway,Rear-end (front to rear),Unknown,None Indicated,,Dark - roadway lighted,Dry,Clear,,Non-intersection:  Non-junction/no special feature,Paved,,Possible/Unknown,0,3,0,0,3,0,7500,2,4,,POINT (-91.637429894926 41.926920190744)