Iowa DOT Case Number,Law Enforcement Case Number,Date of Crash,Month of Crash,Day of Week,Time of Crash,Hour,DOT District,City Name,County Name,Route with System,Location Description,First Harmful Event,Location of First Harmful Event,Manner of Crash/Collision,Major Cause,Drug or Alcohol ,Environmental Conditions,Light Conditions,Surface Conditions,Weather Conditions,Roadway Contribution,Roadway Type,Roadway Surface,Work Zone,Crash Severity,Number of Fatalities,Number of Injuries,Number of Major Injuries,Number of Minor Injuries,Number of Possible Injuries,Number of Unknown Injuries,Amount of Property Damage,Number of Vehicles Involved,Total Number of Occupants,Travel Direction,Location
2014779674,,01/07/2014,01-January,3-Tuesday,09:30,0900 Hours,District 5 (Southeast),FORT MADISON,LEE,,CINDY DR,Collision with:  Parked motor vehicle,On Roadway,Broadside (front to side),"Operating vehicle in an reckless, erratic, careless, negligent manner",None Indicated,,Daylight,Snow,Clear,None apparent,Intersection:  Other intersection (explain in narrative),Paved,,Property Damage Only,0,0,0,0,0,0,2000,2,2,,POINT (-91.346524505522 40.634089942417)
2014778010,20140000539,01/07/2014,01-January,3-Tuesday,12:45,1200 Hours,District 1 (Central),DES MOINES,POLK,,MAPLE ST,Collision with:  Vehicle in traffic,On Roadway,Rear-end (front to rear),"Operating vehicle in an reckless, erratic, careless, negligent manner",None Indicated,,Daylight,Dry,Cloudy,None apparent,Interchange-related:  On-ramp,Paved,,Property Damage Only,0,0,0,0,0,0,1800,2,2,,POINT (-93.597132445961 41.596996998907)
2014783805,14-000140,01/07/2014,01-January,3-Tuesday,15:00,1500 Hours,District 2 (Northeast),,CLAYTON,,FORTUNE AVE & 390TH ST,Collision with fixed object:  Culvert/pipe opening,On Roadway,Non-collision (single vehicle),Swerving/Evasive Action,None Indicated,,Daylight,Snow,Clear,"Surface condition (e.g., wet, icy)",Intersection:  Four-way intersection,Unpaved,,Property Damage Only,0,0,0,0,0,0,2000,1,1,,POINT (-91.403180893007 42.659446442811)
2014778254,2014-1418,01/07/2014,01-January,3-Tuesday,13:58,1300 Hours,District 6 (East Central),DAVENPORT,SCOTT,,ROCKINGHAM RD,Collision with:  Vehicle in traffic,On Roadway,Rear-end (front to rear),Followed too close,None Indicated,,Daylight,Wet,Clear,None apparent,Non-intersection:  Non-junction/no special feature,Paved,,Possible/Unknown,0,1,0,0,1,0,4000,3,3,,POINT (-90.615226945523 41.513339569165)
2014778154,14L-00645,01/07/2014,01-January,3-Tuesday,14:49,1400 Hours,District 5 (Southeast),BURLINGTON,DES MOINES,,AGENCY CT,Collision with:  Vehicle in traffic,On Roadway,Rear-end (front to rear),Driving too fast for conditions,None Indicated,,Daylight,Snow,Cloudy,"Surface condition (e.g., wet, icy)",Non-intersection:  Non-junction/no special feature,Paved,,Property Damage Only,0,0,0,0,0,0,6000,2,3,,POINT (-91.113458082135 40.814206613514)
2014779101,2014001551,01/07/2014,01-January,3-Tuesday,08:25,0800 Hours,District 4 (Southwest),,MADISON,,Co Rd G61/MACKSBURG RD,Collision with:  Animal,,,Animal,None Indicated,,,,,,,Paved,,Property Damage Only,0,0,0,0,0,0,3200,1,1,,POINT (-94.09730715603 41.214595046088)
2014780514,14000079,01/07/2014,01-January,3-Tuesday,17:40,1700 Hours,District 1 (Central),AMES,STORY,,LINCOLN WAY & N RIVERSIDE DR,Collision with:  Vehicle in traffic,On Roadway,Rear-end (front to rear),Followed too close,None Indicated,,Dusk,Dry,Clear,None apparent,Non-intersection:  Non-junction/no special feature,Paved,,Property Damage Only,0,0,0,0,0,0,3600,4,8,,POINT (-93.629836234548 42.022831098948)
2014778648,W14-002137,01/07/2014,01-January,3-Tuesday,23:58,2300 Hours,District 2 (Northeast),WATERLOO,BLACK HAWK,,KERN ST & AVON AVE,Collision with:  Vehicle in traffic,On Roadway,Broadside (front to side),FTYROW:  At uncontrolled intersection,None Indicated,,Dark - roadway not lighted,Ice/frost,Clear,"Surface condition (e.g., wet, icy)",Intersection:  Four-way intersection,Paved,,Possible/Unknown,0,1,0,0,0,1,3000,2,3,,POINT (-92.355068098405 42.514989521085)
2014778494,2014-1419,01/07/2014,01-January,3-Tuesday,14:20,1400 Hours,District 6 (East Central),DAVENPORT,SCOTT,US 6,US 6/E KIMBERLY RD,Collision with:  Vehicle in traffic,On Roadway,Rear-end (front to rear),Followed too close,None Indicated,,Daylight,Dry,Cloudy,None apparent,Non-intersection:  Non-junction/no special feature,Paved,,Property Damage Only,0,0,0,0,0,0,3000,2,2,,POINT (-90.567565618048 41.560200870099)
2014778676,32001-14,01/07/2014,01-January,3-Tuesday,07:40,0700 Hours,District 3 (Northwest),,EMMET,,Co Rd N26/375 AVE,Collision with:  Animal,,,Animal,None Indicated,,,,,,,Paved,,Property Damage Only,0,0,0,0,0,0,2800,1,1,,POINT (-94.846885300458 43.441390728267)
2014792052,14C00081,01/07/2014,01-January,3-Tuesday,07:30,0700 Hours,District 4 (Southwest),CRESTON,UNION,,NEW YORK AVE & W FREMONT ST,Collision with:  Vehicle in traffic,On Roadway,Broadside (front to side),Ran Stop Sign,None Indicated,,Daylight,Dry,Clear,"Surface condition (e.g., wet, icy)",Intersection:  Four-way intersection,Paved,,Property Damage Only,0,0,0,0,0,0,9000,2,2,,POINT (-94.36976673931 41.052816711711)
2014796655,2014001659,01/07/2014,01-January,3-Tuesday,17:02,1700 Hours,District 1 (Central),,STORY,I-35,I-35,Collision with:  Vehicle in traffic,On Roadway,Rear-end (front to rear),Followed too close,None Indicated,,Daylight,Dry,Clear,None apparent,Interchange-related:  On-ramp merge area,Paved,,Property Damage Only,0,0,0,0,0,0,2700,2,2,,POINT (-93.571119754187 42.006566134363)
2014779102,2014001649,01/07/2014,01-January,3-Tuesday,15:50,1500 Hours,District 5 (Southeast),OSCEOLA,CLARKE,US 34,US 34/W MC LANE ST & S FILLMORE ST,Collision with:  Non-motorist (see non-motorist section - NOT a unit),On Roadway,Non-collision (single vehicle),Swerving/Evasive Action,None Indicated,,Daylight,Dry,Clear,None apparent,Intersection:  Four-way intersection,Paved,,Major Injury,0,1,1,0,0,0,500,1,2,,POINT (-93.767555747823 41.030620855393)
2014778765,2014001569,01/07/2014,01-January,3-Tuesday,12:10,1200 Hours,District 6 (East Central),,JOHNSON,I-80,I-80,Collision with:  Vehicle in traffic,On Roadway,"Sideswipe, same direction",Crossed centerline (undivided),None Indicated,,Daylight,Dry,Cloudy,None apparent,Non-intersection:  Non-junction/no special feature,Paved,,Property Damage Only,0,0,0,0,0,0,2000,2,3,,POINT (-91.437849568613 41.668887447337)
2014785825,14-000086,01/07/2014,01-January,3-Tuesday,18:00,1800 Hours,District 5 (Southeast),,KEOKUK,IA 149,IA 149/IOWA 149,Collision with:  Animal,,Non-collision (single vehicle),Animal,None Indicated,,,,,,,Paved,,Property Damage Only,0,0,0,0,0,0,3500,1,1,,POINT (-92.093405138105 41.471051197884)
2014778150,14-000640,01/07/2014,01-January,3-Tuesday,14:20,1400 Hours,District 5 (Southeast),BURLINGTON,DES MOINES,,EVERGREEN DR & QUAIL RIDGE DR & CLIFF RD,Collision with fixed object:  Traffic sign support,Roadside,Non-collision (single vehicle),Ran off road - right,None Indicated,,Daylight,Snow,Cloudy,"Surface condition (e.g., wet, icy)",Non-intersection:  Non-junction/no special feature,Paved,,Property Damage Only,0,0,0,0,0,0,2300,1,1,,POINT (-91.127200918803 40.839436239313)
2014783411,2014-1344,01/07/2014,01-January,3-Tuesday,05:44,0500 Hours,District 6 (East Central),DAVENPORT,SCOTT,US 67,US 67/GAINES ST,Collision with:  Vehicle in traffic,On Roadway,Rear-end (front to rear),Driving too fast for conditions,None Indicated,,Dark - roadway lighted,Ice/frost,Clear,"Surface condition (e.g., wet, icy)",Non-intersection:  Other non-intersection (explain in narrative),Paved,,Property Damage Only,0,0,0,0,0,0,2000,2,2,,POINT (-90.581383651342 41.514748941495)
2014899578,NT-14-007,01/07/2014,01-January,3-Tuesday,17:00,1700 Hours,District 1 (Central),NEVADA,STORY,,6TH ST,Collision with:  Vehicle in traffic,On Roadway,Rear-end (front to rear),FTYROW:  From parked position,None Indicated,,Dusk,Slush,Clear,None apparent,Non-intersection:  Non-junction/no special feature,Paved,,Property Damage Only,0,0,0,0,0,0,2000,2,2,,POINT (-93.452306580584 42.022154843377)
2014778757,2014001492,01/07/2014,01-January,3-Tuesday,07:15,0700 Hours,District 5 (Southeast),,MARION,IA 163,IA 163/IOWA 163,Collision with fixed object:  Ditch,On Roadway,Non-collision (single vehicle),Swerving/Evasive Action,None Indicated,,Dark - roadway lighted,Dry,Clear,None apparent,Non-intersection:  Non-junction/no special feature,Paved,,Possible/Unknown,0,1,0,0,1,0,2000,1,1,,POINT (-92.961119808817 41.420779328621)
2014778011,20140000522,01/07/2014,01-January,3-Tuesday,08:18,0800 Hours,District 1 (Central),DES MOINES,POLK,,E HULL AVE & 2ND AVE,Collision with:  Vehicle in traffic,On Roadway,Broadside (front to side),Made improper turn,None Indicated,,Daylight,Dry,Cloudy,None apparent,Intersection:  T-intersection,Paved,,Property Damage Only,0,0,0,0,0,0,2800,2,4,,POINT (-93.619956810449 41.622258527477)
2014786998,,01/07/2014,01-January,3-Tuesday,18:00,1800 Hours,District 2 (Northeast),DECORAH,WINNESHIEK,,PULPIT ROCK RD,Collision with:  Animal,On Roadway,Non-collision (single vehicle),Animal,None Indicated,,Dark - roadway not lighted,Dry,Clear,None apparent,Non-intersection:  Non-junction/no special feature,Paved,,Property Damage Only,0,0,0,0,0,0,1800,1,1,,POINT (-91.809638612114 43.305339086773)
2014779477,2014-00371,01/07/2014,01-January,3-Tuesday,10:54,1000 Hours,District 5 (Southeast),INDIANOLA,WARREN,US 65,US 65/N JEFFERSON WAY & E ASHLAND AVE,Collision with:  Vehicle in traffic,On Roadway,Broadside (front to side),Ran Traffic Signal,None Indicated,,Daylight,Dry,Cloudy,None apparent,Intersection:  Four-way intersection,Paved,,Property Damage Only,0,0,0,0,0,0,5000,2,2,,POINT (-93.558292414497 41.361314508062)
2014783230,TC01-14,01/07/2014,01-January,3-Tuesday,17:35,1700 Hours,District 4 (Southwest),MISSOURI VALLEY,HARRISON,US 30,US 30/W ERIE ST,Collision with:  Vehicle in traffic,On Roadway,Rear-end (front to rear),Followed too close,None Indicated,,Dark - roadway lighted,Dry,Cloudy,None apparent,Non-intersection:  Non-junction/no special feature,Paved,,Property Damage Only,0,0,0,0,0,0,6000,2,2,,POINT (-95.89680223041 41.55634007759)
2014783806,14-000143,01/07/2014,01-January,3-Tuesday,18:59,1800 Hours,District 2 (Northeast),,CLAYTON,,DOGWOOD AVE,Collision with fixed object:  Ditch,On Roadway,Non-collision (single vehicle),Swerving/Evasive Action,None Indicated,,Dark - roadway not lighted,"Mud, dirt",Clear,None apparent,Non-intersection:  Non-junction/no special feature,Unpaved,,Property Damage Only,0,0,0,0,0,0,2000,1,1,,POINT (-91.49502673004 42.837877217747)
2014782959,01-14-1007,01/07/2014,01-January,3-Tuesday,16:19,1600 Hours,District 6 (East Central),DUBUQUE,DUBUQUE,US 52,US 52/E 9TH ST & WASHINGTON ST,Collision with:  Vehicle in traffic,On Roadway,"Sideswipe, same direction",Improper or erratic lane changing,None Indicated,,Daylight,Dry,Clear,None apparent,Intersection:  Four-way intersection,Paved,,Property Damage Only,0,0,0,0,0,0,3500,2,3,,POINT (-90.662577974259 42.503155656429)
2014779056,14S00029,01/07/2014,01-January,3-Tuesday,07:30,0700 Hours,District 4 (Southwest),,UNION,,Co Rd P17/BEECHWOOD AVE,Collision with fixed object:  Ditch,On Roadway,Non-collision (single vehicle),Swerving/Evasive Action,None Indicated,,Daylight,Dry,Cloudy,None apparent,Non-intersection:  Non-junction/no special feature,Unpaved,,Property Damage Only,0,0,0,0,0,0,2700,1,2,,POINT (-94.452148263378 41.05940144592)
2014778350,201400070,01/07/2014,01-January,3-Tuesday,16:29,1600 Hours,District 1 (Central),,BOONE,US 30,US 30/220TH ST & Co Rd E41/T AVE,Collision with:  Vehicle in traffic,On Roadway,"Angle, oncoming left turn",FTYROW:  From stop sign,None Indicated,,Daylight,Dry,Clear,None apparent,Intersection:  Four-way intersection,Paved,,Property Damage Only,0,0,0,0,0,0,2212,2,3,,POINT (-93.79702359464 42.032716851289)
2014778169,01-14-967,01/07/2014,01-January,3-Tuesday,11:54,1100 Hours,District 6 (East Central),DUBUQUE,DUBUQUE,,W 11TH ST & IOWA ST,Collision with:  Vehicle in traffic,On Roadway,Broadside (front to side),FTYROW:  From stop sign,None Indicated,,Daylight,Slush,Cloudy,None apparent,Intersection:  Four-way intersection,Paved,,Possible/Unknown,0,1,0,0,1,0,7500,2,3,,POINT (-90.667392152991 42.503623008201)
2014778497,2014-1404,01/07/2014,01-January,3-Tuesday,13:23,1300 Hours,District 6 (East Central),DAVENPORT,SCOTT,,W 43RD ST,Collision with:  Parked motor vehicle,On Roadway,"Sideswipe, same direction",Swerving/Evasive Action,None Indicated,,Daylight,Wet,Cloudy,Other (explain in narrative),Non-intersection:  Non-junction/no special feature,Paved,,Property Damage Only,0,0,0,0,0,0,1500,2,2,,POINT (-90.626825116412 41.564817297957)
2014778482,2014-00390,01/07/2014,01-January,3-Tuesday,10:35,1000 Hours,District 6 (East Central),,SCOTT,,VALLEY DR & SPENCER RD,Collision with:  Vehicle in traffic,On Roadway,Broadside (front to side),FTYROW:  From stop sign,None Indicated,,Daylight,Ice/frost,Cloudy,"Surface condition (e.g., wet, icy)",Intersection:  Other intersection (explain in narrative),Paved,,Property Damage Only,0,0,0,0,0,0,5000,2,2,,POINT (-90.42291655639 41.569557707099)
2014778565,2014-00398,01/07/2014,01-January,3-Tuesday,18:31,1800 Hours,District 5 (Southeast),,WARREN,US 65,US 65,Collision with:  Animal,,,Animal,None Indicated,,,,,,,Paved,,Property Damage Only,0,0,0,0,0,0,1500,1,1,,POINT (-93.564573505257 41.295365757128)
2014778270,14-0069,01/07/2014,01-January,3-Tuesday,23:10,2300 Hours,District 1 (Central),FORT DODGE,WEBSTER,,7TH AVE N & N 15TH ST,Collision with:  Vehicle in traffic,On Roadway,Rear-end (front to rear),Followed too close,None Indicated,,Dark - roadway lighted,Dry,Cloudy,None apparent,Non-intersection:  Non-junction/no special feature,Paved,,Property Damage Only,0,0,0,0,0,0,5500,2,3,,POINT (-94.17799471594 42.512883988924)
2014778483,14-364,01/07/2014,01-January,3-Tuesday,01:23,0100 Hours,District 6 (East Central),BETTENDORF,SCOTT,I-74,I-74,Collision with fixed object:  Guardrail - face,On Roadway,Non-collision (single vehicle),Swerving/Evasive Action,None Indicated,,Dark - roadway lighted,Ice/frost,Clear,"Surface condition (e.g., wet, icy)",Non-intersection:  Other non-intersection (explain in narrative),Paved,,Property Damage Only,0,0,0,0,0,0,6100,1,1,,POINT (-90.513432841842 41.524358841444)
2014778183,2014000174,01/07/2014,01-January,3-Tuesday,13:58,1300 Hours,District 6 (East Central),IOWA CITY,JOHNSON,IA 1,IA 1/E BURLINGTON ST/GOVERNOR ST,Collision with:  Vehicle in traffic,On Roadway,"Sideswipe, same direction",Made improper turn,None Indicated,,Daylight,Dry,Cloudy,None apparent,Intersection:  Four-way intersection,Paved,,Property Damage Only,0,0,0,0,0,0,5300,2,2,,POINT (-91.522885257423 41.657780702463)
2014778127,14-350,01/07/2014,01-January,3-Tuesday,14:28,1400 Hours,District 2 (Northeast),,BREMER,IA 3,IA 3/IOWA 3 & Co Rd V49/REED AVE,Collision with:  Vehicle in traffic,On Roadway,Rear-end (front to rear),Followed too close,None Indicated,,Daylight,Dry,Cloudy,None apparent,Intersection:  Four-way intersection,Paved,,Property Damage Only,0,0,0,0,0,0,2000,2,2,,POINT (-92.21899707978 42.714851394547)
2014778224,20140000566,01/07/2014,01-January,3-Tuesday,17:34,1700 Hours,District 1 (Central),DES MOINES,POLK,,INGERSOLL AVE & 28TH ST,Collision with:  Non-motorist (see non-motorist section - NOT a unit),On Roadway,Non-collision (single vehicle),Other (explain in narrative):  No improper action,None Indicated,,Dusk,Dry,Cloudy,None apparent,Non-intersection:  Non-junction/no special feature,Paved,,Minor Injury,0,1,0,1,0,0,50,1,1,,POINT (-93.654482756783 41.585714001672)
2014778190,K14-000629,01/07/2014,01-January,3-Tuesday,20:57,2000 Hours,District 5 (Southeast),KEOKUK,LEE,,F ST,Collision with:  Parked motor vehicle,On Roadway,Head-on (front to front),Crossed centerline (undivided),None Indicated,,Dark - roadway not lighted,Snow,Snow,"Surface condition (e.g., wet, icy)",Non-intersection:  Driveway access (within),Unpaved,,Property Damage Only,0,0,0,0,0,0,3000,2,1,,POINT (-91.401973859144 40.393831746672)
2014778273,14-610,01/07/2014,01-January,3-Tuesday,01:34,0100 Hours,District 3 (Northwest),SIOUX CITY,WOODBURY,,6TH AVE & S ALICE ST,Collision with fixed object:  Utility pole/light support,Shoulder,Non-collision (single vehicle),Ran off road - left,None Indicated,,Dark - roadway lighted,Dry,Clear,None apparent,Intersection:  T-intersection,Paved,,Property Damage Only,0,0,0,0,0,0,9500,1,2,,POINT (-96.369373634641 42.466834757947)
2014781006,14002749,01/07/2014,01-January,3-Tuesday,02:32,0200 Hours,District 6 (East Central),,JOHNSON,I-380,I-380,Collision with:  Parked motor vehicle,Roadside,"Sideswipe, same direction",Illegally Parked/Unattended,None Indicated,,Dark - roadway not lighted,Dry,Clear,None apparent,Non-intersection:  Non-junction/no special feature,Paved,,Property Damage Only,0,0,0,0,0,0,6000,2,1,,POINT (-91.654122296987 41.818344475186)
2014778146,CL14000052,01/07/2014,01-January,3-Tuesday,17:31,1700 Hours,District 6 (East Central),CLINTON,CLINTON,US 30,US 30/LINCOLN WAY & S 14TH ST,Collision with:  Vehicle in traffic,On Roadway,Rear-end (front to rear),Driver Distraction:  Manual operation of an electronic communication device,None Indicated,,Dusk,Dry,Cloudy,None apparent,Non-intersection:  Non-junction/no special feature,Paved,,Possible/Unknown,0,1,0,0,1,0,5000,2,2,,POINT (-90.218774772139 41.818791500748)
2014787553,2014-1337,01/07/2014,01-January,3-Tuesday,05:30,0500 Hours,District 6 (East Central),DAVENPORT,SCOTT,US 67,US 67/GAINES ST,Collision with:  Vehicle in traffic,On Roadway,"Sideswipe, same direction",Lost Control,None Indicated,,Dark - roadway lighted,Ice/frost,Clear,None apparent,Non-intersection:  Other non-intersection (explain in narrative),Paved,,Property Damage Only,0,0,0,0,0,0,4000,2,2,,POINT (-90.583567503273 41.51982046814)
2014778403,14-000356,01/07/2014,01-January,3-Tuesday,22:30,2200 Hours,District 5 (Southeast),,HENRY,,235TH ST,Collision with:  Animal,On Roadway,Non-collision (single vehicle),Animal,None Indicated,,Dark - roadway not lighted,Dry,Cloudy,None apparent,Non-intersection:  Non-junction/no special feature,Paved,,Property Damage Only,0,0,0,0,0,0,3000,1,1,,POINT (-91.590577428432 40.967223384144)
2014778351,201400072,01/07/2014,01-January,3-Tuesday,19:25,1900 Hours,District 1 (Central),,BOONE,US 30,US 30/220TH ST & US 169/D AVE,Collision with:  Vehicle in traffic,On Roadway,Broadside (front to side),FTYROW:  Making left turn,None Indicated,,Dark - roadway not lighted,Dry,Clear,None apparent,Intersection:  Four-way intersection,Paved,,Property Damage Only,0,0,0,0,0,0,8000,2,4,,POINT (-94.105985118538 42.034613625438)
2014778208,201400325,01/07/2014,01-January,3-Tuesday,18:22,1800 Hours,District 6 (East Central),CEDAR RAPIDS,LINN,,F AVE NW & EDGEWOOD RD NW,Collision with:  Vehicle in traffic,On Roadway,Rear-end (front to rear),Lost Control,None Indicated,,Dark - roadway lighted,Dry,Cloudy,None apparent,Intersection:  Four-way intersection,Paved,,Property Damage Only,0,0,0,0,0,0,8000,3,3,,POINT (-91.715938346705 41.980107837029)
2014778998,14-0045,01/07/2014,01-January,3-Tuesday,18:30,1800 Hours,District 1 (Central),URBANDALE,POLK,,70TH ST,Collision with:  Parked motor vehicle,On Roadway,Rear-end (front to rear),Other (explain in narrative):  Other,None Indicated,,Dark - roadway lighted,Dry,Clear,None apparent,Non-intersection:  Non-junction/no special feature,Paved,,Property Damage Only,0,0,0,0,0,0,2000,2,1,,POINT (-93.712252935699 41.636270294069)
2014778862,CL14000048,01/07/2014,01-January,3-Tuesday,10:23,1000 Hours,District 6 (East Central),CLINTON,CLINTON,,S BLUFF BLVD & S 9TH ST,Collision with:  Vehicle in traffic,On Roadway,"Angle, oncoming left turn",FTYROW:  Making left turn,None Indicated,,Daylight,Wet,Cloudy,None apparent,Intersection:  Four-way intersection,Paved,,Property Damage Only,0,0,0,0,0,0,7000,3,5,,POINT (-90.207162913215 41.843293335398)
2014781921,2014-1516,01/07/2014,01-January,3-Tuesday,21:57,2100 Hours,District 6 (East Central),DAVENPORT,SCOTT,,LE CLAIRE ST,Collision with:  Parked motor vehicle,On Roadway,Broadside (front to side),Driving too fast for conditions,None Indicated,,Dark - roadway lighted,Snow,Snow,"Surface condition (e.g., wet, icy)",Non-intersection:  Non-junction/no special feature,Paved,,Property Damage Only,0,0,0,0,0,0,7000,2,1,,POINT (-90.568518641519 41.540542082785)
2014778793,,01/07/2014,01-January,3-Tuesday,13:57,1300 Hours,District 6 (East Central),BELLE PLAINE,BENTON,,9TH AVE,Collision with:  Vehicle in traffic,On Roadway,Head-on (front to front),Crossed centerline (undivided),None Indicated,,Daylight,Snow,Cloudy,None apparent,Non-intersection:  Non-junction/no special feature,Paved,,Minor Injury,0,1,0,1,0,0,18000,2,2,,POINT (-92.274949866647 41.894698877686)
2014780020,14-000584,01/07/2014,01-January,3-Tuesday,10:44,1000 Hours,District 5 (Southeast),,LEE,,Co Rd W62/ARGYLE RD & 340 ST,Collision with:  Animal,,,Animal,None Indicated,,,,,,,Paved,,Property Damage Only,0,0,0,0,0,0,1500,1,1,,POINT (-91.522863478869 40.472382395133)
2014778952,1401-004,01/07/2014,01-January,3-Tuesday,09:35,0900 Hours,District 3 (Northwest),,OSCEOLA,IA 9,IA 9/IOWA 9 & PIERCE AVE,Collision with:  Vehicle in traffic,On Roadway,Broadside (front to side),FTYROW:  From stop sign,None Indicated,,Daylight,Dry,Cloudy,None apparent,Intersection:  Four-way intersection,Paved,,Possible/Unknown,0,1,0,0,0,1,12000,2,2,,POINT (-95.72266110953 43.432617367457)
2014779235,201400058,01/07/2014,01-January,3-Tuesday,16:35,1600 Hours,District 6 (East Central),CENTER POINT,LINN,,HEINS RD,Collision with:  Vehicle in traffic,On Roadway,"Sideswipe, opposite direction",Driving too fast for conditions,None Indicated,,Daylight,Ice/frost,Cloudy,"Surface condition (e.g., wet, icy)",Intersection:  Four-way intersection,Unpaved,,Property Damage Only,0,0,0,0,0,0,5000,2,2,,POINT (-91.785198805476 42.201291297558)
2014778451,20140000571,01/07/2014,01-January,3-Tuesday,17:54,1700 Hours,District 1 (Central),DES MOINES,POLK,,DEAN AVE,Collision with:  Vehicle in traffic,On Roadway,"Sideswipe, same direction","Operating vehicle in an reckless, erratic, careless, negligent manner",None Indicated,,Dark - roadway not lighted,Dry,Clear,None apparent,Non-intersection:  Driveway access (within),Paved,,Property Damage Only,0,0,0,0,0,0,10000,2,3,,POINT (-93.582945645575 41.591251125926)
2014779054,14-000013,01/07/2014,01-January,3-Tuesday,17:30,1700 Hours,District 1 (Central),AMES,STORY,,CHRISTENSEN DR & S 16TH ST,Collision with:  Vehicle in traffic,On Roadway,Broadside (front to side),FTYROW:  Making left turn,None Indicated,,Dark - roadway lighted,Dry,Clear,None apparent,Intersection:  Four-way intersection,Paved,,Property Damage Only,0,0,0,0,0,0,2000,2,2,,POINT (-93.632073811595 42.00971421958)
2014778677,14-118,01/07/2014,01-January,3-Tuesday,17:50,1700 Hours,District 3 (Northwest),,IDA,US 20,US 20,Collision with:  Vehicle in traffic,On Roadway,"Sideswipe, same direction",Unknown,None Indicated,,Dark - roadway not lighted,Dry,Clear,None apparent,Non-intersection:  Non-junction/no special feature,Paved,,Property Damage Only,0,0,0,0,0,0,2500,2,3,,POINT (-95.657702381876 42.47474867375)
2014778298,2014001289,01/07/2014,01-January,3-Tuesday,13:53,1300 Hours,District 6 (East Central),,SCOTT,,200 ST,Collision with:  Vehicle in traffic,On Roadway,"Angle, oncoming left turn",FTYROW:  Making left turn,None Indicated,,Daylight,Dry,Clear,Other (explain in narrative),Non-intersection:  Other non-intersection (explain in narrative),Paved,,Possible/Unknown,0,1,0,0,1,0,19139,2,2,,POINT (-90.707806285731 41.596398507931)
2014778663,14000319,01/07/2014,01-January,3-Tuesday,14:46,1400 Hours,District 2 (Northeast),MASON CITY,CERRO GORDO,,12TH ST NE & N CAROLINA AVE,Collision with:  Vehicle in traffic,On Roadway,Broadside (front to side),FTYROW:  From stop sign,None Indicated,,Daylight,Dry,Clear,None apparent,Intersection:  Four-way intersection,Paved,,Property Damage Only,0,0,0,0,0,0,5500,2,3,,POINT (-93.189770959942 43.162879296646)
2014778182,2014000167,01/07/2014,01-January,3-Tuesday,10:59,1000 Hours,District 6 (East Central),IOWA CITY,JOHNSON,,E JEFFERSON ST & N GILBERT ST,Collision with:  Vehicle in traffic,On Roadway,Broadside (front to side),Ran Traffic Signal,None Indicated,,Daylight,Dry,Cloudy,None apparent,Intersection:  Four-way intersection,Paved,,Property Damage Only,0,0,0,0,0,0,6500,2,2,,POINT (-91.530129479362 41.662440063107)
2014780481,14-000077,01/07/2014,01-January,3-Tuesday,17:20,1700 Hours,District 1 (Central),AMES,STORY,US 30,US 30/SW RAMP CURV & US 69/S DUFF AVE,Collision with:  Vehicle in traffic,On Roadway,Rear-end (front to rear),Followed too close,None Indicated,,Dark - roadway lighted,Dry,Clear,None apparent,Interchange-related:  Off-ramp,Paved,,Minor Injury,0,1,0,1,0,0,2400,2,3,,POINT (-93.610027078157 42.002646232535)
2014779666,,01/07/2014,01-January,3-Tuesday,13:16,1300 Hours,District 5 (Southeast),FORT MADISON,LEE,,AVE O,Collision with:  Vehicle in traffic,On Roadway,Broadside (front to side),"Operating vehicle in an reckless, erratic, careless, negligent manner",None Indicated,,Daylight,Snow,Clear,None apparent,Intersection:  Other intersection (explain in narrative),Paved,,Possible/Unknown,0,1,0,0,1,0,2000,2,4,,POINT (-91.375442257589 40.624050878133)
2014778358,CL13000062,01/07/2014,01-January,3-Tuesday,22:00,2200 Hours,District 6 (East Central),CLINTON,CLINTON,,S 6TH ST,Collision with:  Vehicle in traffic,On Roadway,"Sideswipe, same direction",Unknown,None Indicated,,Unknown,Unknown,Unknown,Unknown,Non-intersection:  Non-junction/no special feature,Paved,,Property Damage Only,0,0,0,0,0,0,3000,2,1,,POINT (-90.198874523703 41.83451789743)
2014779481,2014001517,01/07/2014,01-January,3-Tuesday,08:38,0800 Hours,District 1 (Central),ALTOONA,POLK,I-80,I-80,Collision with:  Vehicle in traffic,On Roadway,Rear-end (front to rear),Lost Control,None Indicated,,Daylight,Dry,Cloudy,Work Zone (roadway-related),Non-intersection:  Non-junction/no special feature,Paved,Yes,Property Damage Only,0,0,0,0,0,0,2500,2,3,,POINT (-93.494036280809 41.661644607095)
2014778181,2014000165,01/07/2014,01-January,3-Tuesday,07:27,0700 Hours,District 6 (East Central),IOWA CITY,JOHNSON,,MORMON TREK BLVD,Collision with:  Vehicle in traffic,On Roadway,Rear-end (front to rear),Other (explain in narrative):  Other,None Indicated,,Daylight,Dry,Cloudy,None apparent,Intersection:  T-intersection,Paved,,Possible/Unknown,0,1,0,0,1,0,1550,2,2,,POINT (-91.5740559733 41.64981645839)