Iowa DOT Case Number,Law Enforcement Case Number,Date of Crash,Month of Crash,Day of Week,Time of Crash,Hour,DOT District,City Name,County Name,Route with System,Location Description,First Harmful Event,Location of First Harmful Event,Manner of Crash/Collision,Major Cause,Drug or Alcohol ,Environmental Conditions,Light Conditions,Surface Conditions,Weather Conditions,Roadway Contribution,Roadway Type,Roadway Surface,Work Zone,Crash Severity,Number of Fatalities,Number of Injuries,Number of Major Injuries,Number of Minor Injuries,Number of Possible Injuries,Number of Unknown Injuries,Amount of Property Damage,Number of Vehicles Involved,Total Number of Occupants,Travel Direction,Location
2014783559,1401080241,01/07/2014,01-January,3-Tuesday,02:41,0200 Hours,District 6 (East Central),,JONES,IA 38,IA 38/IOWA 38,Non-collision events:  Other non-collision (explain in narrative),Shoulder,Non-collision (single vehicle),Swerving/Evasive Action,None Indicated,,Dark - roadway not lighted,Dry,Clear,None apparent,Non-intersection:  Non-junction/no special feature,Paved,,Property Damage Only,0,0,0,0,0,0,5000,1,1,,POINT (-91.136764294295 42.037902876158)
2014778464,14-0100,01/07/2014,01-January,3-Tuesday,10:15,1000 Hours,District 1 (Central),WEST DES MOINES,POLK,,UNIVERSITY AVE,Collision with:  Vehicle in traffic,On Roadway,"Angle, oncoming left turn",Made improper turn,None Indicated,,Daylight,Dry,Clear,None apparent,Non-intersection:  Non-junction/no special feature,Paved,,Minor Injury,0,1,0,1,0,0,12000,2,2,,POINT (-93.780917852108 41.60044415533)
2014778242,14-000796,01/07/2014,01-January,3-Tuesday,21:52,2100 Hours,District 4 (Southwest),COUNCIL BLUFFS,POTTAWATTAMIE,,MT VERNON ST & TRAIL RIDGE ST,Collision with fixed object:  Other fixed object (explain in narrative),Outside trafficway,Non-collision (single vehicle),Ran off road - left,None Indicated,,Dark - roadway lighted,Wet,Clear,None apparent,Non-intersection:  Non-junction/no special feature,Paved,,Property Damage Only,0,0,0,0,0,0,1700,1,2,,POINT (-95.843755855912 41.283319055863)
2014778024,2014-1351,01/07/2014,01-January,3-Tuesday,07:48,0700 Hours,District 6 (East Central),DAVENPORT,SCOTT,US 67,US 67/GAINES ST,Collision with:  Vehicle in traffic,On Roadway,Rear-end (front to rear),Driving too fast for conditions,None Indicated,,Daylight,Ice/frost,Clear,"Surface condition (e.g., wet, icy)",Interchange-related:  Off-ramp,Paved,,Property Damage Only,0,0,0,0,0,0,5000,2,2,,POINT (-90.583554355329 41.520495674899)
2014778863,CL14000049,01/07/2014,01-January,3-Tuesday,11:05,1100 Hours,District 6 (East Central),CLINTON,CLINTON,US 67,US 67/N 2ND ST & 8TH AVE N,Collision with:  Vehicle in traffic,On Roadway,Broadside (front to side),FTYROW:  Other (explain in narrative),None Indicated,,Daylight,Wet,Cloudy,None apparent,Non-intersection:  Non-junction/no special feature,Paved,,Property Damage Only,0,0,0,0,0,0,4000,2,2,,POINT (-90.186882512506 41.852335066711)
2014780204,2014001509,01/07/2014,01-January,3-Tuesday,08:10,0800 Hours,District 6 (East Central),BETTENDORF,SCOTT,I-74,I-74 & US 6/SPRUCE HILLS DR,Collision with:  Parked motor vehicle,On Roadway,Unknown,Illegally Parked/Unattended,None Indicated,,Daylight,Ice/frost,Clear,"Surface condition (e.g., wet, icy)",Non-intersection:  Other non-intersection (explain in narrative),Paved,,Property Damage Only,0,0,0,0,0,0,12000,2,2,,POINT (-90.521988217551 41.554841021712)
2014780687,01-14-1001,01/07/2014,01-January,3-Tuesday,15:30,1500 Hours,District 6 (East Central),DUBUQUE,DUBUQUE,,KAUFMANN AVE,Collision with:  Vehicle in traffic,Shoulder,"Sideswipe, same direction",Lost Control,None Indicated,,Daylight,Dry,Clear,None apparent,Non-intersection:  Non-junction/no special feature,Paved,,Property Damage Only,0,0,0,0,0,0,1500,2,1,,POINT (-90.677660562857 42.513899482414)
2014778549,2014-1443,01/07/2014,01-January,3-Tuesday,16:11,1600 Hours,District 6 (East Central),DAVENPORT,SCOTT,,S HOWELL ST,Collision with:  Vehicle in traffic,On Roadway,Broadside (front to side),FTYROW:  From stop sign,None Indicated,,Daylight,Dry,Clear,None apparent,Intersection:  T-intersection,Paved,,Property Damage Only,0,0,0,0,0,0,5500,2,4,,POINT (-90.604974099351 41.51809795877)
2014787554,2014-1340,01/07/2014,01-January,3-Tuesday,05:52,0500 Hours,District 6 (East Central),DAVENPORT,SCOTT,US 67,US 67/GAINES ST,Collision with:  Vehicle in traffic,On Roadway,"Sideswipe, same direction",Lost Control,None Indicated,,Dark - roadway lighted,Ice/frost,Clear,"Surface condition (e.g., wet, icy)",Non-intersection:  Other non-intersection (explain in narrative),Paved,,Property Damage Only,0,0,0,0,0,0,1800,2,2,,POINT (-90.581584759587 41.51514044942)
2014780774,14000439,01/07/2014,01-January,3-Tuesday,19:38,1900 Hours,District 6 (East Central),MARION,LINN,,SALEM CIR,Collision with:  Vehicle in traffic,On Roadway,"Sideswipe, same direction",Improper Backing,None Indicated,,Dark - roadway lighted,Dry,Cloudy,None apparent,Non-intersection:  Non-junction/no special feature,Paved,,Property Damage Only,0,0,0,0,0,0,3500,2,1,,POINT (-91.573285438761 42.048294613881)
2014778170,02-14-389,01/07/2014,01-January,3-Tuesday,15:58,1500 Hours,District 6 (East Central),,DUBUQUE,,Co Rd D10/JOHN DEERE RD W & Co Rd Y35/JOHN DEERE RD S & HERBER RD,Collision with:  Vehicle in traffic,On Roadway,Broadside (front to side),FTYROW:  From stop sign,None Indicated,,Daylight,Dry,Clear,None apparent,Intersection:  Four-way intersection,Paved,,Minor Injury,0,1,0,1,0,0,5000,2,2,,POINT (-90.693633274237 42.565416660776)
2014779872,2014-1339,01/07/2014,01-January,3-Tuesday,05:44,0500 Hours,District 6 (East Central),DAVENPORT,SCOTT,US 67,US 67/GAINES ST,Collision with:  Vehicle in traffic,On Roadway,"Sideswipe, same direction",Lost Control,None Indicated,,Dark - roadway lighted,Ice/frost,Clear,"Surface condition (e.g., wet, icy)",Non-intersection:  Other non-intersection (explain in narrative),Paved,,Property Damage Only,0,0,0,0,0,0,3000,2,2,,POINT (-90.583445334259 41.518917256094)
2014778132,1400304,01/07/2014,01-January,3-Tuesday,08:45,0800 Hours,District 2 (Northeast),MASON CITY,CERRO GORDO,,24TH ST SW,Collision with:  Vehicle in traffic,On Roadway,Broadside (front to side),FTYROW:  From driveway,None Indicated,,Daylight,Snow,Cloudy,"Surface condition (e.g., wet, icy)",Non-intersection:  Driveway access (within),Paved,,Property Damage Only,0,0,0,0,0,0,3000,2,2,,POINT (-93.202022030152 43.128982051881)
2014782227,14-000149,01/07/2014,01-January,3-Tuesday,13:45,1300 Hours,District 4 (Southwest),PERRY,DALLAS,,WILLIS AVE & W 3RD ST,Collision with:  Vehicle in traffic,On Roadway,Rear-end (front to rear),Driving too fast for conditions,None Indicated,,Daylight,Snow,Clear,"Surface condition (e.g., wet, icy)",Intersection:  Four-way intersection,Paved,,Property Damage Only,0,0,0,0,0,0,4500,2,2,,POINT (-94.109358227728 41.838498728064)
2014778241,14-000702,01/07/2014,01-January,3-Tuesday,13:57,1300 Hours,District 4 (Southwest),COUNCIL BLUFFS,POTTAWATTAMIE,I-29,I-29 & IA 192/S EXPRESSWAY & SERVICE ROAD E,Collision with:  Vehicle in traffic,On Roadway,Rear-end (front to rear),Followed too close,None Indicated,,Daylight,Dry,Clear,None apparent,Intersection:  Four-way intersection,Paved,,Possible/Unknown,0,2,0,0,2,0,100,2,3,,POINT (-95.851353146346 41.233496916106)
2014778438,14012002,01/07/2014,01-January,3-Tuesday,09:58,0900 Hours,District 4 (Southwest),CLARINDA,PAGE,,S 16TH ST,Collision with:  Vehicle in traffic,On Roadway,"Sideswipe, same direction",FTYROW:  Other (explain in narrative),None Indicated,,Daylight,Dry,Clear,None apparent,Non-intersection:  Non-junction/no special feature,Paved,,Property Damage Only,0,0,0,0,0,0,3500,2,2,,POINT (-95.037862234201 40.734372765222)
2014786997,,01/07/2014,01-January,3-Tuesday,08:39,0800 Hours,District 2 (Northeast),DECORAH,WINNESHIEK,,QUARRY ST & COLLEGE DR,Non-collision events:  Other non-collision (explain in narrative),On Roadway,Non-collision (single vehicle),Ran off road - straight,None Indicated,,Daylight,Other (explain in narrative),Clear,None apparent,Intersection:  T-intersection,Paved,,Property Damage Only,0,0,0,0,0,0,4300,1,1,,POINT (-91.797232076451 43.307982665031)
2014778250,2014-1415,01/07/2014,01-January,3-Tuesday,14:11,1400 Hours,District 6 (East Central),DAVENPORT,SCOTT,,E 4TH ST & PERSHING AVE,Collision with:  Vehicle in traffic,On Roadway,Broadside (front to side),Ran Traffic Signal,None Indicated,,Daylight,Wet,Cloudy,None apparent,Intersection:  Four-way intersection,Paved,,Property Damage Only,0,0,0,0,0,0,7000,2,2,,POINT (-90.571158024954 41.523512726861)
2014784249,140093,01/07/2014,01-January,3-Tuesday,15:33,1500 Hours,District 1 (Central),IOWA FALLS,HARDIN,US 65,US 65/OAK ST,Collision with:  Vehicle in traffic,On Roadway,Rear-end (front to rear),Driver Distraction:  Passenger,None Indicated,,Daylight,Dry,Cloudy,None apparent,Non-intersection:  Non-junction/no special feature,Paved,,Possible/Unknown,0,1,0,0,1,0,6000,2,4,,POINT (-93.262960497007 42.521644880207)
2014780480,14-000076,01/07/2014,01-January,3-Tuesday,17:09,1700 Hours,District 1 (Central),AMES,STORY,,LINCOLN WAY & S RUSSELL AVE & N RUSSELL AVE,Collision with:  Vehicle in traffic,On Roadway,Broadside (front to side),FTYROW:  From stop sign,None Indicated,,Dark - roadway lighted,Dry,Clear,None apparent,Intersection:  Four-way intersection,Paved,,Property Damage Only,0,0,0,0,0,0,3800,2,2,,POINT (-93.6283627694 42.022848181583)
2014783558,1401072122,01/07/2014,01-January,3-Tuesday,21:22,2100 Hours,District 6 (East Central),OXFORD JUNCTION,JONES,,Co Rd X64/CO RD X-64 & 32 ST,Collision with:  Animal,,,Animal,Alcohol (Statutory),,,,,,,Paved,,Property Damage Only,0,0,0,0,0,0,10000,1,1,,POINT (-91.014323078337 41.967979304224)
2014778491,2014-1345,01/07/2014,01-January,3-Tuesday,05:44,0500 Hours,District 6 (East Central),DAVENPORT,SCOTT,US 67,US 67/GAINES ST,Collision with:  Vehicle in traffic,On Roadway,Rear-end (front to rear),Lost Control,None Indicated,,Dark - roadway lighted,Ice/frost,Clear,"Surface condition (e.g., wet, icy)",Non-intersection:  Other non-intersection (explain in narrative),Paved,,Property Damage Only,0,0,0,0,0,0,3000,2,2,,POINT (-90.582760229593 41.517362748502)
2014778124,W14-001989,01/07/2014,01-January,3-Tuesday,15:42,1500 Hours,District 2 (Northeast),WATERLOO,BLACK HAWK,,SOUTH ST,Collision with:  Vehicle in traffic,On Roadway,Broadside (front to side),Improper Backing,None Indicated,,Daylight,Ice/frost,Clear,None apparent,Non-intersection:  Non-junction/no special feature,Paved,,Property Damage Only,0,0,0,0,0,0,3500,2,2,,POINT (-92.346413169487 42.493929907481)
2014779873,2014-1338,01/07/2014,01-January,3-Tuesday,05:38,0500 Hours,District 6 (East Central),DAVENPORT,SCOTT,US 61,US 61/BRADY ST,Non-collision events:  Overturn/rollover,On Roadway,Non-collision (single vehicle),Swerving/Evasive Action,None Indicated,,Dark - roadway lighted,Ice/frost,Snow,"Surface condition (e.g., wet, icy)",Non-intersection:  Other non-intersection (explain in narrative),Paved,,Minor Injury,0,1,0,1,0,0,6000,1,1,,POINT (-90.569778165202 41.597128689475)
2014785612,2014-1441,01/07/2014,01-January,3-Tuesday,15:59,1500 Hours,District 6 (East Central),DAVENPORT,SCOTT,,NORTHWEST BLVD,Collision with:  Vehicle in traffic,On Roadway,Rear-end (front to rear),Followed too close,None Indicated,,Daylight,Snow,Snow,None apparent,Non-intersection:  Non-junction/no special feature,Paved,,Possible/Unknown,0,1,0,0,1,0,3000,2,4,,POINT (-90.580379725352 41.56256987192)
2014779164,,01/07/2014,01-January,3-Tuesday,16:30,1600 Hours,District 6 (East Central),HIAWATHA,LINN,,BLAIRS FERRY RD NE,Collision with:  Vehicle in traffic,On Roadway,Rear-end (front to rear),Unknown,None Indicated,,Daylight,Dry,Clear,,Non-intersection:  Non-junction/no special feature,Paved,,Minor Injury,0,1,0,1,0,0,9000,4,5,,POINT (-91.667167132169 42.034761100005)
2014779013,14-000024,01/07/2014,01-January,3-Tuesday,07:34,0700 Hours,District 1 (Central),JOHNSTON,POLK,,NW 86TH ST,Collision with:  Vehicle in traffic,On Roadway,Rear-end (front to rear),Other (explain in narrative):  Other,None Indicated,,Daylight,Dry,Clear,None apparent,Non-intersection:  Non-junction/no special feature,Paved,,Property Damage Only,0,0,0,0,0,0,15000,2,2,,POINT (-93.73650498272 41.657266215664)
2014778151,14-00636,01/07/2014,01-January,3-Tuesday,13:37,1300 Hours,District 5 (Southeast),BURLINGTON,DES MOINES,,MT PLEASANT ST & E ROOSEVELT FRONTAGE,Collision with:  Vehicle in traffic,On Roadway,Broadside (front to side),FTYROW:  From driveway,None Indicated,,Daylight,Ice/frost,Cloudy,"Surface condition (e.g., wet, icy)",Non-intersection:  Driveway access (within),Paved,,Property Damage Only,0,0,0,0,0,0,3000,2,2,,POINT (-91.14063945063 40.825844725635)
2014778223,20140000555,01/07/2014,01-January,3-Tuesday,15:38,1500 Hours,District 1 (Central),DES MOINES,POLK,,HICKMAN RD & 24TH ST,Collision with:  Vehicle in traffic,On Roadway,Head-on (front to front),Crossed centerline (undivided),None Indicated,,Daylight,Dry,Clear,None apparent,Non-intersection:  Non-junction/no special feature,Paved,,Property Damage Only,0,0,0,0,0,0,11000,2,2,,POINT (-93.650001847856 41.615012908816)
2014778485,14-377,01/07/2014,01-January,3-Tuesday,08:08,0800 Hours,District 6 (East Central),BETTENDORF,SCOTT,,MIDDLE RD,Collision with:  Vehicle in traffic,On Roadway,"Angle, oncoming left turn",FTYROW:  From stop sign,None Indicated,,Daylight,Dry,Cloudy,None apparent,Intersection:  Intersection with ramp,Paved,,Property Damage Only,0,0,0,0,0,0,9500,2,2,,POINT (-90.459208700571 41.594277529973)
2014778227,20140000574,01/07/2014,01-January,3-Tuesday,17:56,1700 Hours,District 1 (Central),DES MOINES,POLK,IA 28,IA 28/63RD ST & PARK AVE,Collision with:  Vehicle in traffic,On Roadway,Rear-end (front to rear),Followed too close,None Indicated,,Dark - roadway lighted,Wet,Clear,None apparent,Intersection:  T-intersection,Paved,,Possible/Unknown,0,1,0,0,1,0,7000,2,2,,POINT (-93.70352381573 41.555574309752)
2014777944,14000126,01/07/2014,01-January,3-Tuesday,04:00,0400 Hours,District 1 (Central),WEBSTER CITY,HAMILTON,,Co Rd D18/190TH ST & Co Rd R27/FISHER AVE,Non-collision events:  Overturn/rollover,Roadside,Non-collision (single vehicle),Swerving/Evasive Action,None Indicated,,Dark - roadway not lighted,Dry,Unknown,None apparent,Non-intersection:  Non-junction/no special feature,Paved,,Property Damage Only,0,0,0,0,0,0,7500,1,1,,POINT (-93.859800887751 42.514875677804)
2014778431,14000420,01/07/2014,01-January,3-Tuesday,15:11,1500 Hours,District 6 (East Central),MARION,LINN,,7TH AVE,Collision with:  Vehicle in traffic,On Roadway,Rear-end (front to rear),Followed too close,None Indicated,,Daylight,"Mud, dirt",Clear,"Surface condition (e.g., wet, icy)",Intersection:  Four-way intersection,Paved,,Possible/Unknown,0,1,0,0,1,0,6000,2,2,,POINT (-91.599775651697 42.033292150741)
2014778813,W14-002614,01/08/2014,01-January,4-Wednesday,17:45,1700 Hours,District 2 (Northeast),WATERLOO,BLACK HAWK,,E MITCHELL AVE,Collision with fixed object:  Traffic sign support,Roadside,Non-collision (single vehicle),Ran off road - left,None Indicated,,Unknown,Unknown,Unknown,Unknown,Non-intersection:  Non-junction/no special feature,Paved,,Property Damage Only,0,0,0,0,0,0,1575,1,1,,POINT (-92.35592417852 42.476656493594)
2014778455,20140000656,01/08/2014,01-January,4-Wednesday,16:26,1600 Hours,District 1 (Central),DES MOINES,POLK,,ARMY POST RD & FLEUR DR,Collision with:  Vehicle in traffic,On Roadway,Broadside (front to side),Ran Traffic Signal,None Indicated,,Daylight,Dry,Cloudy,None apparent,Intersection:  Four-way intersection,Paved,,Minor Injury,0,1,0,1,0,0,9000,2,2,,POINT (-93.644999145176 41.526022196785)
2014779159,,01/08/2014,01-January,4-Wednesday,13:15,1300 Hours,District 2 (Northeast),OSSIAN,WINNESHIEK,US 52,US 52/MAIN ST,Collision with:  Parked motor vehicle,On Roadway,"Sideswipe, same direction",Unknown,None Indicated,,Daylight,Dry,Clear,,Non-intersection:  Non-junction/no special feature,Paved,,Property Damage Only,0,0,0,0,0,0,1853,2,3,,POINT (-91.765111299088 43.145764663663)
2014778548,2014-1637,01/08/2014,01-January,4-Wednesday,12:15,1200 Hours,District 6 (East Central),DAVENPORT,SCOTT,,ELMORE AVE,Collision with:  Vehicle in traffic,On Roadway,Broadside (front to side),FTYROW:  From stop sign,None Indicated,,Daylight,Dry,Cloudy,None apparent,Non-intersection:  Driveway access (within),Paved,,Possible/Unknown,0,1,0,0,1,0,7500,2,2,,POINT (-90.528571336125 41.573697953365)
2014778495,2014-1578,01/08/2014,01-January,4-Wednesday,06:41,0600 Hours,District 6 (East Central),DAVENPORT,SCOTT,,IA 461/BRADY ST & W LOCUST ST & E LOCUST ST,Collision with:  Vehicle in traffic,On Roadway,Broadside (front to side),Ran Traffic Signal,None Indicated,,Dark - roadway lighted,Dry,Clear,None apparent,Intersection:  Four-way intersection,Paved,,Property Damage Only,0,0,0,0,0,0,8000,2,4,,POINT (-90.573997624563 41.538280176233)
2014782960,01-14-1089,01/08/2014,01-January,4-Wednesday,09:51,0900 Hours,District 6 (East Central),DUBUQUE,DUBUQUE,IA 32,IA 32/IA32 NW ARTERIAL & JOHN F KENNEDY RD,Collision with:  Vehicle in traffic,On Roadway,"Angle, oncoming left turn",Ran Traffic Signal,None Indicated,,Daylight,Dry,Cloudy,None apparent,Intersection:  Four-way intersection,Paved,,Minor Injury,0,3,0,1,2,0,13000,2,3,,POINT (-90.723573937874 42.525645445637)
2014780595,,01/08/2014,01-January,4-Wednesday,14:54,1400 Hours,District 5 (Southeast),,LUCAS,,,Collision with fixed object:  Bridge overhead structure,On Roadway,Non-collision (single vehicle),Driving too fast for conditions,None Indicated,,Daylight,Ice/frost,Clear,"Surface condition (e.g., wet, icy)",Non-intersection:  Other non-intersection (explain in narrative),,,Possible/Unknown,0,1,0,0,1,0,5000,1,1,,POINT (-96.643700149993 40.233091251414)
2014778234,20140000639,01/08/2014,01-January,4-Wednesday,11:50,1100 Hours,District 1 (Central),DES MOINES,POLK,,E 24TH ST,Collision with:  Parked motor vehicle,On Roadway,"Sideswipe, opposite direction",Unknown,None Indicated,,Daylight,Dry,Cloudy,None apparent,Non-intersection:  Non-junction/no special feature,Paved,,Property Damage Only,0,0,0,0,0,0,1700,2,777,,POINT (-93.573661675556 41.611870361352)
2014785166,2014001721,01/08/2014,01-January,4-Wednesday,06:40,0600 Hours,District 4 (Southwest),,ADAIR,I-80,I-80,Collision with fixed object:  Ditch,Roadside,Non-collision (single vehicle),Ran off road - right,None Indicated,,Dark - roadway not lighted,Dry,Clear,None apparent,Non-intersection:  Non-junction/no special feature,Paved,,Possible/Unknown,0,1,0,0,1,0,1500,1,1,,POINT (-94.587441744198 41.495283967976)
2014778496,2014-1695,01/08/2014,01-January,4-Wednesday,16:30,1600 Hours,District 6 (East Central),DAVENPORT,SCOTT,,ELMORE AVE,Collision with:  Vehicle in traffic,On Roadway,"Angle, oncoming left turn",FTYROW:  Making left turn,None Indicated,,Daylight,Dry,Clear,None apparent,Non-intersection:  Other non-intersection (explain in narrative),Paved,,Possible/Unknown,0,1,0,0,1,0,6000,2,2,,POINT (-90.527216247462 41.556718879262)
2014778696,1400000016,01/08/2014,01-January,4-Wednesday,08:50,0800 Hours,District 1 (Central),,MARSHALL,,Co Rd E35/MAIN ST RD & Co Rd T37/ZELLER AVE,Collision with:  Vehicle in traffic,On Roadway,Broadside (front to side),Ran Stop Sign,None Indicated,,Daylight,Dry,Cloudy,None apparent,Intersection:  Four-way intersection,Paved,,Possible/Unknown,0,1,0,0,1,0,23000,2,2,,POINT (-92.785700666663 42.049514505446)
2014778352,201400077,01/08/2014,01-January,4-Wednesday,06:43,0600 Hours,District 1 (Central),,BOONE,,Co Rd E57/270TH ST,Collision with fixed object:  Ditch,On Roadway,Non-collision (single vehicle),Swerving/Evasive Action,None Indicated,,Dawn,Dry,Cloudy,None apparent,Non-intersection:  Non-junction/no special feature,Paved,,Possible/Unknown,0,1,0,0,1,0,2000,1,2,,POINT (-93.745120385002 41.965092823894)
2014778458,20140000671,01/08/2014,01-January,4-Wednesday,17:49,1700 Hours,District 1 (Central),DES MOINES,POLK,,BLOOMFIELD RD,Collision with:  Non-motorist (see non-motorist section - NOT a unit),On Roadway,Non-collision (single vehicle),Swerving/Evasive Action,None Indicated,,Dark - roadway lighted,Dry,Clear,None apparent,Non-intersection:  Non-junction/no special feature,Paved,,Major Injury,0,1,1,0,0,0,1500,1,4,,POINT (-93.588042873144 41.519590036273)
2014778452,20140000676,01/08/2014,01-January,4-Wednesday,18:36,1800 Hours,District 1 (Central),DES MOINES,POLK,,WATROUS AVE & FLEUR DR,Collision with:  Vehicle in traffic,On Roadway,Rear-end (front to rear),Followed too close,None Indicated,,Dark - roadway lighted,Dry,Clear,None apparent,Non-intersection:  Non-junction/no special feature,Paved,,Possible/Unknown,0,1,0,0,1,0,1800,2,2,,POINT (-93.645003960258 41.548225227773)
2014778430,201400371,01/08/2014,01-January,4-Wednesday,17:15,1700 Hours,District 6 (East Central),CEDAR RAPIDS,LINN,,EDGEWOOD RD NE,Collision with:  Vehicle in traffic,On Roadway,Rear-end (front to rear),Followed too close,None Indicated,,Dusk,Dry,Clear,None apparent,Intersection:  Four-way intersection,Paved,,Minor Injury,0,1,0,1,0,0,5900,3,3,,POINT (-91.701502352648 42.030552476569)
2014778457,20140000670,01/08/2014,01-January,4-Wednesday,17:55,1700 Hours,District 1 (Central),DES MOINES,POLK,,E UNIVERSITY AVE & PENNSYLVANIA AVE,Collision with:  Vehicle in traffic,On Roadway,Head-on (front to front),FTYROW:  Making left turn,None Indicated,,Dark - roadway lighted,Dry,Clear,None apparent,Intersection:  Four-way intersection,Paved,,Possible/Unknown,0,1,0,0,1,0,9000,2,2,,POINT (-93.608863543303 41.600385242357)
2014778456,20140000666,01/08/2014,01-January,4-Wednesday,17:45,1700 Hours,District 1 (Central),DES MOINES,POLK,,E PARK AVE & SE 5TH ST,Collision with:  Vehicle in traffic,On Roadway,Broadside (front to side),FTYROW:  From stop sign,None Indicated,,Dark - roadway lighted,Dry,Clear,Non-highway work,Intersection:  Four-way intersection,Paved,,Property Damage Only,0,0,0,0,0,0,4000,2,3,,POINT (-93.606534238182 41.555370208555)
2014778428,201400341,01/08/2014,01-January,4-Wednesday,07:18,0700 Hours,District 6 (East Central),CEDAR RAPIDS,LINN,,42ND ST NE & EDGEWOOD RD NE,Collision with:  Vehicle in traffic,On Roadway,"Angle, oncoming left turn",Ran Traffic Signal,None Indicated,,Daylight,Dry,Cloudy,None apparent,Intersection:  Four-way intersection,Paved,,Property Damage Only,0,0,0,0,0,0,17000,2,3,,POINT (-91.70228498846 42.021771099603)
2014778922,14000547,01/08/2014,01-January,4-Wednesday,08:03,0800 Hours,District 5 (Southeast),OSKALOOSA,MAHASKA,US 63,US 63/N MARKET ST & K AVE E,Collision with:  Vehicle in traffic,On Roadway,Rear-end (front to rear),Swerving/Evasive Action,None Indicated,,Daylight,Dry,Cloudy,None apparent,Intersection:  T-intersection,Paved,,Property Damage Only,0,0,0,0,0,0,6000,2,2,,POINT (-92.64521864859 41.304364512841)
2014781375,2014010801,01/08/2014,01-January,4-Wednesday,13:23,1300 Hours,District 4 (Southwest),SHENANDOAH,PAGE,,W LOWELL AVE & N BLOSSOM ST,Collision with:  Vehicle in traffic,On Roadway,Broadside (front to side),FTYROW:  From stop sign,None Indicated,,Daylight,Snow,Cloudy,"Surface condition (e.g., wet, icy)",Intersection:  Four-way intersection,Paved,,Property Damage Only,0,0,0,0,0,0,3000,2,3,,POINT (-95.372513514197 40.766852568562)
2014778576,14-792,01/08/2014,01-January,4-Wednesday,18:14,1800 Hours,District 3 (Northwest),SIOUX CITY,WOODBURY,,DISCOVERY BLVD,Collision with:  Vehicle in traffic,On Roadway,Rear-end (front to rear),Other (explain in narrative):  Other,None Indicated,,Dark - roadway lighted,Dry,Clear,None apparent,Non-intersection:  Non-junction/no special feature,Paved,,Possible/Unknown,0,1,0,0,1,0,5000,3,3,,POINT (-96.373137298237 42.401503834825)
2014782087,14-00218,01/08/2014,01-January,4-Wednesday,12:09,1200 Hours,District 5 (Southeast),MOUNT PLEASANT,HENRY,,W MONROE ST & S JEFFERSON ST & N JEFFERSON ST,Collision with:  Vehicle in traffic,On Roadway,Broadside (front to side),Improper Backing,None Indicated,,Daylight,Snow,Cloudy,None apparent,Non-intersection:  Non-junction/no special feature,Paved,,Property Damage Only,0,0,0,0,0,0,3500,2,3,,POINT (-91.554592546033 40.966687695125)
2014778460,20140000678,01/08/2014,01-January,4-Wednesday,19:16,1900 Hours,District 1 (Central),DES MOINES,POLK,I-235,I-235,Collision with:  Vehicle in traffic,On Roadway,"Sideswipe, same direction","Operating vehicle in an reckless, erratic, careless, negligent manner",None Indicated,,Dark - roadway lighted,Dry,Cloudy,None apparent,Non-intersection:  Non-junction/no special feature,Paved,,Possible/Unknown,0,1,0,0,0,1,4000,2,2,,POINT (-93.665896467656 41.593151492622)
2014778709,14-000082,01/08/2014,01-January,4-Wednesday,12:15,1200 Hours,District 1 (Central),ANKENY,POLK,IA 160,IA 160/SW ORALABOR RD & IA 415/SW STATE ST,Collision with:  Vehicle in traffic,On Roadway,Rear-end (front to rear),Followed too close,None Indicated,,Daylight,Dry,Cloudy,None apparent,Intersection:  Four-way intersection,Paved,,Major Injury,0,2,1,1,0,0,10000,2,3,,POINT (-93.621550183463 41.703115988409)
2014778964,14-0034,01/08/2014,01-January,4-Wednesday,14:36,1400 Hours,District 1 (Central),CLIVE,POLK,,UNIVERSITY AVE,Collision with:  Vehicle in traffic,On Roadway,"Angle, oncoming left turn",FTYROW:  Making left turn,None Indicated,,Daylight,Dry,Cloudy,None apparent,Intersection:  Four-way intersection,Paved,,Minor Injury,0,2,0,1,1,0,22000,2,5,,POINT (-93.769205470065 41.600397016919)
2014778340,14002216,01/08/2014,01-January,4-Wednesday,07:45,0700 Hours,District 2 (Northeast),CEDAR FALLS,BLACK HAWK,,ANGIE DR,Collision with:  Parked motor vehicle,On Roadway,Rear-end (front to rear),Unknown,None Indicated,,Daylight,Other (explain in narrative),Cloudy,None apparent,Non-intersection:  Non-junction/no special feature,Paved,,Property Damage Only,0,0,0,0,0,0,2500,2,1,,POINT (-92.47105133378 42.537125428307)
2014778711,20140000607,01/08/2014,01-January,4-Wednesday,06:09,0600 Hours,District 1 (Central),DES MOINES,POLK,,E COURT AVE,Collision with fixed object:  Utility pole/light support,Roadside,Non-collision (single vehicle),"Operating vehicle in an reckless, erratic, careless, negligent manner",None Indicated,,Dark - roadway lighted,Dry,Cloudy,None apparent,Intersection:  Four-way intersection,Paved,,Property Damage Only,0,0,0,0,0,0,8500,1,1,,POINT (-93.597461952342 41.589789488527)
2014778232,20140000618,01/08/2014,01-January,4-Wednesday,08:45,0800 Hours,District 1 (Central),DES MOINES,POLK,,THOMPSON AVE,Collision with:  Vehicle in traffic,On Roadway,Rear-end (front to rear),Unknown,None Indicated,,Daylight,Dry,Cloudy,None apparent,Non-intersection:  Non-junction/no special feature,Paved,,Property Damage Only,0,0,0,0,0,0,5000,2,2,,POINT (-93.587583936779 41.613187156459)
2014779331,,01/08/2014,01-January,4-Wednesday,07:05,0700 Hours,District 4 (Southwest),,MADISON,,Co Rd P71/CLARK TOWER RD,Collision with:  Animal,On Roadway,Non-collision (single vehicle),Animal,None Indicated,,,,,,,Paved,,Property Damage Only,0,0,0,0,0,0,6000,1,1,,POINT (-94.008191626132 41.291785719899)