Iowa DOT Case Number,Law Enforcement Case Number,Date of Crash,Month of Crash,Day of Week,Time of Crash,Hour,DOT District,City Name,County Name,Route with System,Location Description,First Harmful Event,Location of First Harmful Event,Manner of Crash/Collision,Major Cause,Drug or Alcohol ,Environmental Conditions,Light Conditions,Surface Conditions,Weather Conditions,Roadway Contribution,Roadway Type,Roadway Surface,Work Zone,Crash Severity,Number of Fatalities,Number of Injuries,Number of Major Injuries,Number of Minor Injuries,Number of Possible Injuries,Number of Unknown Injuries,Amount of Property Damage,Number of Vehicles Involved,Total Number of Occupants,Travel Direction,Location
2014781441,140109BVZ01,01/09/2014,01-January,5-Thursday,09:20,0900 Hours,District 3 (Northwest),ORANGE CITY,SIOUX,IA 10,IA 10/8TH ST SW,Collision with:  Vehicle in traffic,On Roadway,Rear-end (front to rear),Followed too close,None Indicated,,Daylight,Dry,"Blowing sand, soil, dirt",None apparent,Non-intersection:  Non-junction/no special feature,Paved,,Property Damage Only,0,0,0,0,0,0,10000,2,2,,POINT (-96.072029322032 42.998916618694)
2014778698,2014000262,01/09/2014,01-January,5-Thursday,15:00,1500 Hours,District 1 (Central),MARSHALLTOWN,MARSHALL,,W MAIN ST & N 14TH ST,Collision with:  Vehicle in traffic,On Roadway,"Angle, oncoming left turn",FTYROW:  Making left turn,None Indicated,,Daylight,Dry,Cloudy,Obstruction in roadway,Intersection:  T-intersection,Paved,,Property Damage Only,0,0,0,0,0,0,5800,2,2,,POINT (-92.936824738176 42.049111751217)
2014778983,20140000704,01/09/2014,01-January,5-Thursday,03:01,0300 Hours,District 1 (Central),DES MOINES,POLK,IA 28,IA 28/63RD ST,Collision with:  Vehicle in traffic,On Roadway,Rear-end (front to rear),"Operating vehicle in an reckless, erratic, careless, negligent manner",None Indicated,,Dark - roadway lighted,Dry,Clear,None apparent,Non-intersection:  Non-junction/no special feature,Paved,,Property Damage Only,0,0,0,0,0,0,6500,2,2,,POINT (-93.703639153057 41.599357847575)
2014778446,20140000744,01/09/2014,01-January,5-Thursday,13:14,1300 Hours,District 1 (Central),DES MOINES,POLK,,6TH AVE,Collision with:  Vehicle in traffic,On Roadway,"Angle, oncoming left turn",Other (explain in narrative):  Other,None Indicated,,Daylight,Dry,Cloudy,None apparent,Non-intersection:  Non-junction/no special feature,Paved,,Property Damage Only,0,0,0,0,0,0,5000,2,2,,POINT (-93.625747167964 41.601609641799)
2014778661,010914-150,01/09/2014,01-January,5-Thursday,13:49,1300 Hours,District 3 (Northwest),STORM LAKE,BUENA VISTA,,LAKE AVE,Collision with:  Vehicle in traffic,On Roadway,Broadside (front to side),FTYROW:  From driveway,None Indicated,,Daylight,Dry,Clear,None apparent,Non-intersection:  Driveway access (within),Paved,,Property Damage Only,0,0,0,0,0,0,3000,2,2,,POINT (-95.200811782058 42.651403606721)
2014780565,2014001897,01/09/2014,01-January,5-Thursday,06:45,0600 Hours,District 6 (East Central),WEST BRANCH,CEDAR,I-80,I-80,Collision with:  Animal,,,Animal,None Indicated,,,,,,,Paved,,Property Damage Only,0,0,0,0,0,0,1500,1,1,,POINT (-91.351223576649 41.663975360226)
2014778732,14-001008,01/09/2014,01-January,5-Thursday,17:45,1700 Hours,District 4 (Southwest),COUNCIL BLUFFS,POTTAWATTAMIE,,AVE L,Collision with:  Vehicle in traffic,On Roadway,"Sideswipe, same direction",Made improper turn,None Indicated,,Dark - roadway lighted,Dry,Clear,None apparent,Intersection:  T-intersection,Paved,,Property Damage Only,0,0,0,0,0,0,2000,2,3,,POINT (-95.875270019335 41.272565649992)
2014788109,2014-1952,01/09/2014,01-January,5-Thursday,17:27,1700 Hours,District 6 (East Central),DAVENPORT,SCOTT,,W 3RD ST & GAINES ST,Non-collision events:  Other non-collision (explain in narrative),On Roadway,Non-collision (single vehicle),Unknown,None Indicated,,Dark - roadway lighted,Wet,Cloudy,None apparent,Intersection:  Four-way intersection,Paved,,Minor Injury,0,1,0,1,0,0,0,1,2,,POINT (-90.582956108835 41.522401467086)
2014779103,2014001929,01/09/2014,01-January,5-Thursday,08:20,0800 Hours,District 4 (Southwest),,DALLAS,I-80,I-80,Collision with fixed object:  Guardrail - face,On Roadway,Non-collision (single vehicle),Swerving/Evasive Action,None Indicated,,Daylight,Dry,Clear,None apparent,Non-intersection:  Non-junction/no special feature,Paved,,Property Damage Only,0,0,0,0,0,0,4500,1,1,,POINT (-94.19841841067 41.511840654496)
2014778679,14-0158,01/09/2014,01-January,5-Thursday,19:04,1900 Hours,District 3 (Northwest),,IDA,US 59,US 59,Collision with:  Animal,,,Animal,None Indicated,,,,,,,Paved,,Property Damage Only,0,0,0,0,0,0,1500,1,1,,POINT (-95.517131702847 42.386746542189)
2014779021,S14-000076,01/09/2014,01-January,5-Thursday,19:45,1900 Hours,District 4 (Southwest),,POTTAWATTAMIE,,185TH ST,Collision with fixed object:  Ditch,Shoulder,Non-collision (single vehicle),Crossed centerline (undivided),None Indicated,,Dark - roadway not lighted,Dry,Cloudy,Other (explain in narrative),Non-intersection:  Non-junction/no special feature,Unpaved,,Property Damage Only,0,0,0,0,0,0,5000,2,2,,POINT (-95.840690493166 41.432547409507)
2014778448,20140000726,01/09/2014,01-January,5-Thursday,09:31,0900 Hours,District 1 (Central),DES MOINES,POLK,,EASTON BLVD & E 29TH ST,Collision with:  Vehicle in traffic,On Roadway,Broadside (front to side),Ran Traffic Signal,None Indicated,,Daylight,Dry,Cloudy,None apparent,Intersection:  Four-way intersection,Paved,,Property Damage Only,0,0,0,0,0,0,3550,2,3,,POINT (-93.561142782481 41.610391913461)
2014779046,14-000109,01/09/2014,01-January,5-Thursday,11:53,1100 Hours,District 1 (Central),AMES,STORY,US 69,US 69/S DUFF AVE/LINCOLN WAY,Collision with:  Vehicle in traffic,On Roadway,"Sideswipe, same direction",Unknown,None Indicated,,Daylight,Dry,Cloudy,None apparent,Intersection:  Four-way intersection,Paved,,Possible/Unknown,0,1,0,0,1,0,2700,2,2,,POINT (-93.610365512309 42.02289125554)
2014785337,201400433,01/09/2014,01-January,5-Thursday,16:06,1600 Hours,District 6 (East Central),CEDAR RAPIDS,LINN,,B AVE NE & 23RD ST NE,Collision with:  Vehicle in traffic,On Roadway,"Angle, oncoming left turn",Ran Stop Sign,None Indicated,,Daylight,Slush,Cloudy,None apparent,Intersection:  Four-way intersection,Paved,,Property Damage Only,0,0,0,0,0,0,1700,2,4,,POINT (-91.639429503404 41.999625972357)
2014782433,14-00247,01/09/2014,01-January,5-Thursday,12:01,1200 Hours,District 5 (Southeast),MOUNT PLEASANT,HENRY,,S IRIS ST,Collision with:  Vehicle in traffic,On Roadway,Broadside (front to side),FTYROW:  From driveway,None Indicated,,Daylight,Snow,Cloudy,"Surface condition (e.g., wet, icy)",Non-intersection:  Driveway access (within),Paved,,Possible/Unknown,0,2,0,0,2,0,6000,2,2,,POINT (-91.525508452093 40.964211484626)
2014778889,P14-000351,01/09/2014,01-January,5-Thursday,16:36,1600 Hours,District 1 (Central),WEBSTER CITY,HAMILTON,,1ST ST & BROADWAY ST,Collision with:  Vehicle in traffic,On Roadway,Broadside (front to side),FTYROW:  From stop sign,None Indicated,,Dusk,Ice/frost,Cloudy,None apparent,Intersection:  Four-way intersection,Paved,,Possible/Unknown,0,1,0,0,1,0,6000,2,2,,POINT (-93.826371662995 42.468543573792)
2014778423,201400398,01/09/2014,01-January,5-Thursday,08:20,0800 Hours,District 6 (East Central),CEDAR RAPIDS,LINN,,COUNCIL ST NE,Collision with fixed object:  Other fixed object (explain in narrative),On Roadway,Non-collision (single vehicle),Other (explain in narrative):  Other,None Indicated,,Daylight,Wet,Clear,None apparent,Non-intersection:  Non-junction/no special feature,Paved,,Property Damage Only,0,0,0,0,0,0,10010,1,1,,POINT (-91.658109391851 42.017390341162)
2014780466,2014-2015,01/09/2014,01-January,5-Thursday,22:26,2200 Hours,District 6 (East Central),DAVENPORT,SCOTT,I-80,I-80,Collision with:  Vehicle in traffic,On Roadway,Rear-end (front to rear),Driving too fast for conditions,None Indicated,,Dark - roadway not lighted,Wet,Cloudy,None apparent,Non-intersection:  Non-junction/no special feature,Paved,,Possible/Unknown,0,2,0,0,2,0,10000,2,3,,POINT (-90.539574402199 41.595990547639)
2014779000,14-0058,01/09/2014,01-January,5-Thursday,15:00,1500 Hours,District 1 (Central),URBANDALE,POLK,,DOUGLAS AVE,Collision with:  Vehicle in traffic,On Roadway,"Angle, oncoming left turn",FTYROW:  Making left turn,None Indicated,,Daylight,Dry,Clear,None apparent,Intersection:  Four-way intersection,Paved,,Property Damage Only,0,0,0,0,0,0,3000,2,2,,POINT (-93.712633553502 41.629404476941)
2014778816,W14-002769,01/09/2014,01-January,5-Thursday,18:36,1800 Hours,District 2 (Northeast),WATERLOO,BLACK HAWK,US 63,US 63/W MULLAN AVE & COMMERCIAL ST & W COMMERCIAL ST,Collision with:  Vehicle in traffic,On Roadway,"Angle, oncoming left turn",Ran Traffic Signal,None Indicated,,Dark - roadway lighted,Wet,Cloudy,None apparent,Intersection:  Four-way intersection,Paved,,Property Damage Only,0,0,0,0,0,0,3000,2,2,,POINT (-92.345074259189 42.49862330823)
2014780564,2014001891,01/09/2014,01-January,5-Thursday,07:21,0700 Hours,District 3 (Northwest),LAWTON,WOODBURY,US 20,US 20,Collision with:  Vehicle in traffic,On Roadway,Broadside (front to side),FTYROW:  Making left turn,None Indicated,,Dawn,Dry,Clear,None apparent,Non-intersection:  Other non-intersection (explain in narrative),Paved,,Minor Injury,0,2,0,1,1,0,12000,2,2,,POINT (-96.242928867515 42.475186484439)
2014779342,,01/09/2014,01-January,5-Thursday,18:08,1800 Hours,District 2 (Northeast),,HUMBOLDT,IA 3,IA 3/220TH ST & Co Rd P56/K RD,Collision with:  Animal,On Roadway,Non-collision (single vehicle),Animal,None Indicated,,,,,,,Paved,,Property Damage Only,0,0,0,0,0,0,2500,1,1,,POINT (-94.198116572018 42.731644588092)
2014778766,2014001950,01/09/2014,01-January,5-Thursday,09:00,0900 Hours,District 6 (East Central),,BENTON,,33 AVE DR,Collision with:  Vehicle in traffic,On Roadway,Rear-end (front to rear),Driving too fast for conditions,None Indicated,,Daylight,Snow,Cloudy,"Surface condition (e.g., wet, icy)",Non-intersection:  Non-junction/no special feature,Unpaved,,Property Damage Only,0,0,0,0,0,0,2500,2,2,,POINT (-91.843429261291 42.16117622282)
2014779996,C14000106,01/09/2014,01-January,5-Thursday,19:19,1900 Hours,District 6 (East Central),CORALVILLE,JOHNSON,US 6,US 6/2ND ST,Collision with:  Vehicle in traffic,On Roadway,Broadside (front to side),FTYROW:  At uncontrolled intersection,None Indicated,,Dark - roadway lighted,Wet,Clear,None apparent,Non-intersection:  Non-junction/no special feature,Paved,,Property Damage Only,0,0,0,0,0,0,5098,2,4,,POINT (-91.601783935744 41.684788587365)
2014780905,,01/09/2014,01-January,5-Thursday,11:40,1100 Hours,District 4 (Southwest),ADEL,DALLAS,US 6,US 6/GREENE ST,Collision with:  Vehicle in traffic,On Roadway,Rear-end (front to rear),Swerving/Evasive Action,None Indicated,,Daylight,Dry,Cloudy,None apparent,Non-intersection:  Non-junction/no special feature,Paved,,Minor Injury,0,1,0,1,0,0,10000,3,3,,POINT (-94.014100029529 41.614404148438)
2014789694,,01/09/2014,01-January,5-Thursday,10:30,1000 Hours,District 3 (Northwest),POCAHONTAS,POCAHONTAS,,2ND AVE NW & NW 5TH ST,Collision with:  Vehicle in traffic,On Roadway,Rear-end (front to rear),Improper Backing,None Indicated,,Daylight,Snow,Clear,None apparent,Non-intersection:  Non-junction/no special feature,Paved,,Property Damage Only,0,0,0,0,0,0,4100,2,2,,POINT (-94.676348714055 42.734422366643)
2014779490,,01/09/2014,01-January,5-Thursday,00:15,0000 Hours,District 6 (East Central),,IOWA,,Co Rd F15/F15 BLVD,Collision with:  Animal,On Roadway,Non-collision (single vehicle),Animal,None Indicated,,,,,,,Paved,,Property Damage Only,0,0,0,0,0,0,1500,1,1,,POINT (-92.036330622809 41.814180213686)
2014779060,201400001400,01/09/2014,01-January,5-Thursday,13:41,1300 Hours,District 5 (Southeast),OTTUMWA,WAPELLO,,N WELLER ST & CHURCH ST,Collision with:  Vehicle in traffic,On Roadway,"Sideswipe, same direction",Ran Stop Sign,None Indicated,,Daylight,Dry,Cloudy,None apparent,Intersection:  T-intersection,Paved,,Property Damage Only,0,0,0,0,0,0,4500,2,3,,POINT (-92.418082284353 41.00985390791)
2014778425,201400402,01/09/2014,01-January,5-Thursday,09:03,0900 Hours,District 6 (East Central),CEDAR RAPIDS,LINN,IA 922,IA 922/WILLIAMS BLVD & 10TH AVE SW,Collision with:  Vehicle in traffic,On Roadway,Broadside (front to side),FTYROW:  From stop sign,None Indicated,,Daylight,Dry,Cloudy,None apparent,Intersection:  Other intersection (explain in narrative),Paved,,Property Damage Only,0,0,0,0,0,0,4500,2,2,,POINT (-91.703065760087 41.96728201537)
2014784078,,01/09/2014,01-January,5-Thursday,08:08,0800 Hours,District 2 (Northeast),HAMPTON,FRANKLIN,,12TH AVE NW,Collision with:  Vehicle in traffic,On Roadway,Rear-end (front to rear),Swerving/Evasive Action,None Indicated,,Daylight,Snow,Cloudy,None apparent,Unknown,Paved,,Property Damage Only,0,0,0,0,0,0,3000,2,3,,POINT (-93.212501906535 42.752645621617)
2014778750,14-889,01/09/2014,01-January,5-Thursday,18:22,1800 Hours,District 3 (Northwest),SIOUX CITY,WOODBURY,US 75,US 75,Collision with:  Animal,,,Animal,None Indicated,,,,,,,Paved,,Property Damage Only,0,0,0,0,0,0,4000,1,1,,POINT (-96.321205650542 42.492230346865)
2014779934,S14-A0902,01/09/2014,01-January,5-Thursday,18:30,1800 Hours,District 5 (Southeast),,CLARKE,US 34,US 34 & Co Rd H33/190 AVE,Collision with:  Animal,,,Animal,None Indicated,,,,,,,Paved,,Property Damage Only,0,0,0,0,0,0,2000,1,1,,POINT (-93.845871918224 41.021839304248)
2014778569,14-0082,01/09/2014,01-January,5-Thursday,14:38,1400 Hours,District 1 (Central),FORT DODGE,WEBSTER,,1ST AVE S & S 10TH ST,Collision with:  Vehicle in traffic,On Roadway,"Angle, oncoming left turn",Made improper turn,None Indicated,,Daylight,Dry,Cloudy,None apparent,Non-intersection:  Non-junction/no special feature,Paved,,Property Damage Only,0,0,0,0,0,0,3500,2,4,,POINT (-94.184517433456 42.50440542957)
2014779038,2014-569,01/09/2014,01-January,5-Thursday,17:30,1700 Hours,District 6 (East Central),,SCOTT,,Co Rd Y68/SCOTT PK RD,Collision with:  Animal,,,Animal,None Indicated,,,,,,,Paved,,Property Damage Only,0,0,0,0,0,0,2500,1,3,,POINT (-90.548715345243 41.700496254176)
2014779213,14-000282,01/09/2014,01-January,5-Thursday,16:58,1600 Hours,District 2 (Northeast),,FAYETTE,,S AVE & 200TH ST,Collision with:  Vehicle in traffic,On Roadway,Broadside (front to side),FTYROW:  At uncontrolled intersection,None Indicated,,Dusk,Snow,Cloudy,None apparent,Intersection:  Four-way intersection,Unpaved,,Property Damage Only,0,0,0,0,0,0,13000,2,3,,POINT (-91.963360005673 42.921240713854)
2014783413,2014-1937,01/09/2014,01-January,5-Thursday,16:48,1600 Hours,District 6 (East Central),DAVENPORT,SCOTT,,E 53RD ST,Collision with:  Vehicle in traffic,On Roadway,Rear-end (front to rear),Driving too fast for conditions,None Indicated,,Daylight,Snow,Snow,None apparent,Non-intersection:  Non-junction/no special feature,Paved,,Possible/Unknown,0,1,0,0,1,0,1200,2,3,,POINT (-90.540991529639 41.574783982935)
2014778708,14-0180,01/09/2014,01-January,5-Thursday,15:44,1500 Hours,District 1 (Central),BONDURANT,POLK,US 65,US 65/HUBBELL AVE & 32ND ST SW,Collision with:  Vehicle in traffic,On Roadway,Broadside (front to side),FTYROW:  From stop sign,None Indicated,,Daylight,Dry,Cloudy,None apparent,Intersection:  Other intersection (explain in narrative),Paved,,Property Damage Only,0,0,0,0,0,0,9000,2,2,,POINT (-93.480404688496 41.673114454136)
2014782479,14-0135,01/09/2014,01-January,5-Thursday,17:35,1700 Hours,District 4 (Southwest),WEST DES MOINES,DALLAS,I-80,I-80 & JORDAN CREEK PKWY,Collision with:  Vehicle in traffic,On Roadway,"Sideswipe, same direction",Improper or erratic lane changing,None Indicated,,Dark - roadway lighted,Dry,Cloudy,None apparent,Non-intersection:  Non-junction/no special feature,Paved,,Property Damage Only,0,0,0,0,0,0,4665,2,3,,POINT (-93.808983369231 41.592593969535)
2014778710,14-000102,01/09/2014,01-January,5-Thursday,14:56,1400 Hours,District 1 (Central),ANKENY,POLK,,W 1ST ST & SW KLINE ST & NW KLINE ST,Collision with:  Vehicle in traffic,On Roadway,"Angle, oncoming left turn",FTYROW:  Making left turn,None Indicated,,Daylight,Dry,Clear,None apparent,Intersection:  T-intersection,Paved,,Possible/Unknown,0,1,0,0,1,0,8000,2,2,,POINT (-93.614396277221 41.731868940913)
2014782434,14-00250,01/09/2014,01-January,5-Thursday,13:50,1300 Hours,District 5 (Southeast),MOUNT PLEASANT,HENRY,,E MONROE ST & S HAYNES ST & N HAYNES ST,Collision with:  Vehicle in traffic,On Roadway,Broadside (front to side),Ran Stop Sign,None Indicated,,Daylight,Snow,Clear,None apparent,Intersection:  Four-way intersection,Paved,,Property Damage Only,0,0,0,0,0,0,5500,2,2,,POINT (-91.535125850964 40.965117791115)
2014778733,14-001020,01/09/2014,01-January,5-Thursday,20:00,2000 Hours,District 4 (Southwest),COUNCIL BLUFFS,POTTAWATTAMIE,I-80,I-80,Collision with:  Vehicle in traffic,On Roadway,Rear-end (front to rear),Lost Control,None Indicated,,Dark - roadway lighted,Dry,Clear,None apparent,Non-intersection:  Other non-intersection (explain in narrative),Paved,,Property Damage Only,0,0,0,0,0,0,3900,2,4,,POINT (-95.910710609001 41.231677316495)
2014782281,20140000759,01/09/2014,01-January,5-Thursday,16:00,1600 Hours,District 1 (Central),DES MOINES,POLK,,FOREST AVE & 2ND AVE,Collision with:  Vehicle in traffic,On Roadway,Rear-end (front to rear),Other (explain in narrative):  Other,None Indicated,,Daylight,Dry,Cloudy,None apparent,Non-intersection:  Non-junction/no special feature,Paved,,Possible/Unknown,0,1,0,0,0,1,2000,2,3,,POINT (-93.619765193062 41.603497534703)
2014779649,14-000036,01/10/2014,01-January,6-Friday,09:42,0900 Hours,District 1 (Central),,STORY,I-35,I-35,Non-collision events:  Other non-collision (explain in narrative),On Roadway,Non-collision (single vehicle),Driving too fast for conditions,None Indicated,,Daylight,Ice/frost,Rain,None apparent,Non-intersection:  Non-junction/no special feature,Paved,,Property Damage Only,0,0,0,0,0,0,5000,1,1,,POINT (-93.569788530863 41.945309464238)
2014779093,14-976,01/10/2014,01-January,6-Friday,17:44,1700 Hours,District 3 (Northwest),SIOUX CITY,WOODBURY,,17TH ST & GRANDVIEW BLVD,Collision with:  Vehicle in traffic,On Roadway,"Sideswipe, same direction",FTYROW:  From parked position,None Indicated,,Dark - roadway lighted,Wet,Cloudy,None apparent,Intersection:  T-intersection,Paved,,Property Damage Only,0,0,0,0,0,0,1900,2,3,,POINT (-96.408033434483 42.508182629915)
2014780702,01-14-1530,01/10/2014,01-January,6-Friday,17:59,1700 Hours,District 6 (East Central),DUBUQUE,DUBUQUE,,LORAS BLVD & IOWA ST,Collision with fixed object:  Utility pole/light support,On Roadway,Non-collision (single vehicle),FTYROW:  Making left turn,None Indicated,,Dark - roadway lighted,Ice/frost,"Sleet, hail",None apparent,Intersection:  Four-way intersection,Paved,,Possible/Unknown,0,2,0,0,2,0,6400,2,3,,POINT (-90.668725015695 42.506072545515)
2014779738,CL14000081,01/10/2014,01-January,6-Friday,21:09,2100 Hours,District 6 (East Central),CLINTON,CLINTON,,12TH AVE S,Collision with:  Parked motor vehicle,On Roadway,Head-on (front to front),Driving too fast for conditions,None Indicated,,Dark - roadway not lighted,Ice/frost,"Sleet, hail","Surface condition (e.g., wet, icy)",Non-intersection:  Non-junction/no special feature,Paved,,Property Damage Only,0,0,0,0,0,0,3500,2,1,,POINT (-90.23983784156 41.832079126742)
2014779662,,01/10/2014,01-January,6-Friday,07:30,0700 Hours,District 4 (Southwest),,RINGGOLD,IA 2,IA 2/IOWA 2,Collision with:  Vehicle in traffic,On Roadway,"Sideswipe, same direction",Lost Control,None Indicated,,Daylight,Ice/frost,"Sleet, hail",None apparent,Non-intersection:  Non-junction/no special feature,Paved,,Property Damage Only,0,0,0,0,0,0,3100,2,2,,POINT (-94.107720153311 40.710692692599)
2014778943,14680491,01/10/2014,01-January,6-Friday,17:50,1700 Hours,District 5 (Southeast),,MONROE,,Co Rd H51/255TH ST,Non-collision events:  Overturn/rollover,On Roadway,Non-collision (single vehicle),Ran off road - left,None Indicated,,Dark - roadway not lighted,Ice/frost,"Fog, smoke, smog","Surface condition (e.g., wet, icy)",Non-intersection:  Non-junction/no special feature,Unpaved,,Property Damage Only,0,0,0,0,0,0,6000,1,1,,POINT (-92.681472289226 40.934970064961)
2014778836,13-524,01/10/2014,01-January,6-Friday,13:26,1300 Hours,District 2 (Northeast),,BREMER,US 63,US 63,Non-collision events:  Overturn/rollover,Shoulder,Non-collision (single vehicle),Driving too fast for conditions,None Indicated,,Daylight,Ice/frost,"Sleet, hail","Surface condition (e.g., wet, icy)",Non-intersection:  Non-junction/no special feature,Paved,,Minor Injury,0,1,0,1,0,0,3050,1,1,,POINT (-92.337384026249 42.703268955969)
2014779251,14-001227,01/10/2014,01-January,6-Friday,17:05,1700 Hours,District 5 (Southeast),MUSCATINE,MUSCATINE,,57TH ST & 67TH AVE W,Collision with:  Vehicle in traffic,On Roadway,Broadside (front to side),Driving too fast for conditions,None Indicated,,Dark - roadway lighted,Ice/frost,"Sleet, hail","Surface condition (e.g., wet, icy)",Intersection:  Four-way intersection,Paved,,Property Damage Only,0,0,0,0,0,0,10000,2,2,,POINT (-91.12865252976 41.363475402386)
2014779297,S14-0258,01/10/2014,01-January,6-Friday,09:43,0900 Hours,District 3 (Northwest),,WOODBURY,,Co Rd K64/MOVILLE BLACK TOP,Collision with:  Vehicle in traffic,On Roadway,"Sideswipe, same direction",Other (explain in narrative):  Other,None Indicated,,Daylight,Snow,Rain,"Surface condition (e.g., wet, icy)",Non-intersection:  Non-junction/no special feature,Paved,,Property Damage Only,0,0,0,0,0,0,9000,2,3,,POINT (-96.077588548705 42.45966033252)
2014782075,14-000305,01/10/2014,01-January,6-Friday,08:46,0800 Hours,District 2 (Northeast),,FAYETTE,US 18,US 18/HARDING RD,Collision with:  Vehicle in traffic,On Roadway,"Sideswipe, opposite direction",Crossed centerline (undivided),None Indicated,,Daylight,Ice/frost,"Sleet, hail","Surface condition (e.g., wet, icy)",Non-intersection:  Non-junction/no special feature,Paved,,Fatal,4,2,1,1,0,0,28000,2,6,,POINT (-91.615639677551 43.036437584952)
2014778706,14-189,01/10/2014,01-January,6-Friday,08:53,0800 Hours,District 1 (Central),,POLK,,Co Rd S27/NE 112TH ST,Collision with:  Vehicle in traffic,On Roadway,Rear-end (front to rear),Crossed centerline (undivided),None Indicated,,Daylight,Ice/frost,Rain,None apparent,Non-intersection:  Non-junction/no special feature,Paved,,Property Damage Only,0,0,0,0,0,0,4000,2,2,,POINT (-93.367745514656 41.719961855373)
2014779219,2014000281,01/10/2014,01-January,6-Friday,15:33,1500 Hours,District 6 (East Central),IOWA CITY,JOHNSON,,E COURT ST & WASHINGTON PARK RD,Collision with:  Vehicle in traffic,On Roadway,Broadside (front to side),FTYROW:  At uncontrolled intersection,None Indicated,,Daylight,Wet,Rain,"Surface condition (e.g., wet, icy)",Intersection:  T-intersection,Paved,,Property Damage Only,0,0,0,0,0,0,6000,2,4,,POINT (-91.49721740818 41.656844450571)
2014778905,N14000015,01/10/2014,01-January,6-Friday,17:20,1700 Hours,District 6 (East Central),NORTH LIBERTY,JOHNSON,,HWY 965 & 240TH ST & SCALES BEND RD,Collision with:  Vehicle in traffic,On Roadway,"Angle, oncoming left turn",FTYROW:  Making left turn,None Indicated,,Dusk,Wet,Rain,None apparent,Intersection:  Four-way intersection,Paved,,Property Damage Only,0,0,0,0,0,0,5000,2,2,,POINT (-91.60825190557 41.75981265992)
2014778976,20140000860,01/10/2014,01-January,6-Friday,14:20,1400 Hours,District 1 (Central),DES MOINES,POLK,,27TH ST,Collision with:  Vehicle in traffic,On Roadway,Rear-end (front to rear),FTYROW:  From driveway,None Indicated,,Daylight,Slush,Cloudy,"Surface condition (e.g., wet, icy)",Non-intersection:  Driveway access (within),Paved,,Property Damage Only,0,0,0,0,0,0,2500,2,2,,POINT (-93.653765466514 41.622818821525)
2014778910,201400490,01/10/2014,01-January,6-Friday,16:22,1600 Hours,District 6 (East Central),CEDAR RAPIDS,LINN,,76TH AVE SW,Collision with:  Vehicle in traffic,On Roadway,Broadside (front to side),FTYROW:  From driveway,None Indicated,,Daylight,Wet,Rain,None apparent,Non-intersection:  Driveway access (within),Paved,,Property Damage Only,0,0,0,0,0,0,3800,2,2,,POINT (-91.662660318278 41.904988749462)
2014779435,20140000905,01/10/2014,01-January,6-Friday,22:25,2200 Hours,District 1 (Central),DES MOINES,POLK,,WISCONSIN AVE & E 29TH ST,Collision with fixed object:  Utility pole/light support,On Roadway,Non-collision (single vehicle),Crossed centerline (undivided),Refused,,Dark - roadway lighted,Ice/frost,"Sleet, hail",None apparent,Non-intersection:  Non-junction/no special feature,Paved,,Property Damage Only,0,0,0,0,0,0,6000,1,2,,POINT (-93.561177072972 41.615733030039)
2014779626,2014-2202,01/10/2014,01-January,6-Friday,15:58,1500 Hours,District 6 (East Central),DAVENPORT,SCOTT,,IA 461/HARRISON ST,Collision with:  Vehicle in traffic,On Roadway,"Angle, oncoming left turn",FTYROW:  Making left turn,None Indicated,,Daylight,Wet,Rain,None apparent,Non-intersection:  Driveway access (within),Paved,,Property Damage Only,0,0,0,0,0,0,4000,2,6,,POINT (-90.577212967132 41.556820124481)
2014779178,14003130,01/10/2014,01-January,6-Friday,16:46,1600 Hours,District 2 (Northeast),,BLACK HAWK,US 218,US 218 & Co Rd C57/W CEDAR-WAPSI RD,Collision with fixed object:  Traffic sign support,On Roadway,Non-collision (single vehicle),Ran off road - left,None Indicated,,Dark - roadway lighted,Ice/frost,"Sleet, hail","Surface condition (e.g., wet, icy)",Intersection:  Other intersection (explain in narrative),Paved,,Property Damage Only,0,0,0,0,0,0,9100,1,2,,POINT (-92.443604067463 42.613760241356)
2014780235,2014002175,01/10/2014,01-January,6-Friday,09:05,0900 Hours,District 6 (East Central),TIFFIN,JOHNSON,I-80,I-80,Collision with fixed object:  Traffic sign support,Gore,Non-collision (single vehicle),Driving too fast for conditions,None Indicated,,Daylight,Ice/frost,Rain,"Surface condition (e.g., wet, icy)","Interchange-related:  Off-ramp, diverge area",Paved,,Property Damage Only,0,0,0,0,0,0,11000,1,2,,POINT (-91.644021269624 41.694328652469)
2014786506,,01/10/2014,01-January,6-Friday,12:21,1200 Hours,District 2 (Northeast),CLEAR LAKE,CERRO GORDO,,MAIN AVE & N 20TH ST,Collision with:  Vehicle in traffic,On Roadway,Rear-end (front to rear),Driving too fast for conditions,None Indicated,,Daylight,Ice/frost,"Sleet, hail","Surface condition (e.g., wet, icy)",Intersection:  Four-way intersection,Paved,,Property Damage Only,0,0,0,0,0,0,2000,2,4,,POINT (-93.364272072564 43.137369310037)
2014779092,14-968,01/10/2014,01-January,6-Friday,16:40,1600 Hours,District 3 (Northwest),SIOUX CITY,WOODBURY,,W 28TH ST & REBECCA ST,Collision with:  Vehicle in traffic,On Roadway,Broadside (front to side),FTYROW:  From stop sign,None Indicated,,Daylight,Wet,Cloudy,None apparent,Intersection:  Four-way intersection,Paved,,Property Damage Only,0,0,0,0,0,0,4000,2,2,,POINT (-96.425702933157 42.518838725862)