Iowa DOT Case Number,Law Enforcement Case Number,Date of Crash,Month of Crash,Day of Week,Time of Crash,Hour,DOT District,City Name,County Name,Route with System,Location Description,First Harmful Event,Location of First Harmful Event,Manner of Crash/Collision,Major Cause,Drug or Alcohol ,Environmental Conditions,Light Conditions,Surface Conditions,Weather Conditions,Roadway Contribution,Roadway Type,Roadway Surface,Work Zone,Crash Severity,Number of Fatalities,Number of Injuries,Number of Major Injuries,Number of Minor Injuries,Number of Possible Injuries,Number of Unknown Injuries,Amount of Property Damage,Number of Vehicles Involved,Total Number of Occupants,Travel Direction,Location
2014779727,01122014-RH,01/12/2014,01-January,1-Sunday,15:15,1500 Hours,District 5 (Southeast),OSCEOLA,CLARKE,,E AYRES ST & N OSCEOLA ST,Collision with:  Parked motor vehicle,On Roadway,Rear-end (front to rear),Improper Backing,None Indicated,,Daylight,Dry,Clear,None apparent,Non-intersection:  Non-junction/no special feature,Paved,,Property Damage Only,0,0,0,0,0,0,4000,2,1,,POINT (-93.756348527204 41.038811223934)
2014779894,2014-3020,01/12/2014,01-January,1-Sunday,14:45,1400 Hours,District 6 (East Central),DAVENPORT,SCOTT,US 67,US 67/E RIVER DR,Collision with fixed object:  Other fixed object (explain in narrative),Outside trafficway,Non-collision (single vehicle),Ran off road - right,None Indicated,,Daylight,Wet,Cloudy,None apparent,Non-intersection:  Non-junction/no special feature,Paved,,Property Damage Only,0,0,0,0,0,0,5000,1,1,,POINT (-90.557637192333 41.52708095294)
2014778957,14-0242,01/12/2014,01-January,1-Sunday,17:42,1700 Hours,District 1 (Central),RUNNELLS,POLK,,Co Rd F70/SE 116TH ST/SE 64TH AVE,Collision with:  Vehicle in traffic,On Roadway,Broadside (front to side),FTYROW:  From stop sign,None Indicated,,Dark - roadway lighted,Dry,Clear,None apparent,Intersection:  Four-way intersection,Paved,,Property Damage Only,0,0,0,0,0,0,10000,3,5,,POINT (-93.357896778243 41.521932683387)
2014778868,CL14000096,01/12/2014,01-January,1-Sunday,11:00,1100 Hours,District 6 (East Central),CLINTON,CLINTON,,22ND AVE N,Collision with:  Vehicle in traffic,On Roadway,"Sideswipe, same direction",Driving too fast for conditions,None Indicated,,Daylight,Unknown,Unknown,Unknown,Non-intersection:  Alley,Paved,,Property Damage Only,0,0,0,0,0,0,2500,2,1,,POINT (-90.180068048686 41.870071113148)
2014779532,8-2014,01/12/2014,01-January,1-Sunday,20:45,2000 Hours,District 4 (Southwest),,HARRISON,US 30,US 30,Collision with:  Animal,,,Animal,None Indicated,,,,,,,Paved,,Property Damage Only,0,0,0,0,0,0,5000,1,1,,POINT (-95.628605237595 41.823495722906)
2014780937,,01/12/2014,01-January,1-Sunday,07:00,0700 Hours,District 2 (Northeast),,KOSSUTH,,Co Rd B19/310 ST,,On Roadway,Non-collision (single vehicle),Swerving/Evasive Action,None Indicated,,Dark - roadway not lighted,Ice/frost,Severe winds,"Surface condition (e.g., wet, icy)",Non-intersection:  Non-junction/no special feature,Paved,,Minor Injury,0,2,0,2,0,0,4000,1,2,,POINT (-94.436887509642 43.212345277427)
2014780021,14-001025,01/12/2014,01-January,1-Sunday,07:33,0700 Hours,District 5 (Southeast),,LEE,US 61,US 61,Collision with fixed object:  Bridge overhead structure,On Roadway,Non-collision (single vehicle),Ran off road - right,None Indicated,,Daylight,Ice/frost,Cloudy,None apparent,Non-intersection:  Other non-intersection (explain in narrative),Paved,,Property Damage Only,0,0,0,0,0,0,7547,1,1,,POINT (-91.42390428202 40.595859902828)
2014779261,20140001002,01/12/2014,01-January,1-Sunday,02:03,0200 Hours,District 1 (Central),DES MOINES,POLK,,DAVIS AVE & SW 9TH ST,Collision with:  Vehicle in traffic,On Roadway,Broadside (front to side),FTYROW:  From stop sign,None Indicated,,Dark - roadway lighted,Wet,Clear,None apparent,Intersection:  Four-way intersection,Paved,,Property Damage Only,0,0,0,0,0,0,20000,2,4,,POINT (-93.623542972896 41.565844787906)
2014779011,14-0192,01/12/2014,01-January,1-Sunday,18:37,1800 Hours,District 4 (Southwest),WEST DES MOINES,DALLAS,,JORDAN CREEK PKWY,Collision with:  Vehicle in traffic,On Roadway,Rear-end (front to rear),Followed too close,None Indicated,,Dark - roadway lighted,Wet,Clear,None apparent,Intersection:  Four-way intersection,Paved,,Possible/Unknown,0,2,0,0,1,1,8000,2,2,,POINT (-93.809098399537 41.586432232951)
2014779671,,01/12/2014,01-January,1-Sunday,01:16,0100 Hours,District 5 (Southeast),FORT MADISON,LEE,,AVE M & 14TH ST,Collision with:  Parked motor vehicle,On Roadway,Head-on (front to front),FTYROW:  Other (explain in narrative),Alcohol (Statutory),,Dark - roadway lighted,Wet,Cloudy,None apparent,Intersection:  Four-way intersection,Paved,,Property Damage Only,0,0,0,0,0,0,2000,2,1,,POINT (-91.322796825907 40.626369954066)
2014779641,2014-2592,01/12/2014,01-January,1-Sunday,15:04,1500 Hours,District 6 (East Central),DAVENPORT,SCOTT,US 6,US 6/E KIMBERLY RD & JERSEY RIDGE RD,Collision with:  Vehicle in traffic,On Roadway,"Sideswipe, same direction",Improper or erratic lane changing,None Indicated,,Daylight,Wet,Cloudy,None apparent,Intersection:  Four-way intersection,Paved,,Property Damage Only,0,0,0,0,0,0,6000,2,3,,POINT (-90.541695492682 41.556858405524)
2014779962,14-01159,01/12/2014,01-January,1-Sunday,08:35,0800 Hours,District 5 (Southeast),,DES MOINES,US 61,US 61,Collision with fixed object:  Ditch,Roadside,Non-collision (single vehicle),Lost Control,None Indicated,,Daylight,Ice/frost,Clear,"Surface condition (e.g., wet, icy)",Non-intersection:  Non-junction/no special feature,Paved,,Property Damage Only,0,0,0,0,0,0,7000,1,1,,POINT (-91.15216499201 40.761767833488)
2014779181,W14-003937,01/12/2014,01-January,1-Sunday,20:18,2000 Hours,District 2 (Northeast),WATERLOO,BLACK HAWK,I-380,I-380,Non-collision events:  Other non-collision (explain in narrative),On Roadway,Non-collision (single vehicle),Ran off road - right,None Indicated,,Dark - roadway lighted,Dry,Cloudy,None apparent,Interchange-related:  Off-ramp,Paved,,Major Injury,0,1,1,0,0,0,10000,1,3,,POINT (-92.310897731922 42.45452835171)
2014780489,14-000157,01/12/2014,01-January,1-Sunday,15:41,1500 Hours,District 1 (Central),AMES,STORY,,S DAKOTA AVE & STEINBECK ST,Collision with:  Vehicle in traffic,On Roadway,Rear-end (front to rear),Driver Distraction:  Manual operation of an electronic communication device,None Indicated,,Daylight,Wet,Clear,None apparent,Non-intersection:  Non-junction/no special feature,Paved,,Property Damage Only,0,0,0,0,0,0,10000,2,4,,POINT (-93.678704629326 42.014590732645)
2014778881,14-01228,01/12/2014,01-January,1-Sunday,19:39,1900 Hours,District 5 (Southeast),BURLINGTON,DES MOINES,,GRISWOLD ST,Collision with:  Vehicle in traffic,On Roadway,Broadside (front to side),Improper Backing,None Indicated,,Dark - roadway not lighted,Ice/frost,Clear,None apparent,Non-intersection:  Non-junction/no special feature,Paved,,Property Damage Only,0,0,0,0,0,0,2000,2,1,,POINT (-91.111217029483 40.821736490233)
2014781248,,01/12/2014,01-January,1-Sunday,12:20,1200 Hours,District 5 (Southeast),,WASHINGTON,IA 1,IA 1,Collision with:  Animal,On Roadway,Non-collision (single vehicle),Animal,None Indicated,,Daylight,,Clear,,Non-intersection:  Non-junction/no special feature,Paved,,Property Damage Only,0,0,0,0,0,0,5655,1,2,,POINT (-91.945120288998 41.177681549077)
2014780488,14-000156,01/12/2014,01-January,1-Sunday,14:22,1400 Hours,District 1 (Central),AMES,STORY,,LINCOLN WAY & BEACH AVE,Collision with:  Vehicle in traffic,On Roadway,"Angle, oncoming left turn",FTYROW:  Making left turn,None Indicated,,Daylight,Dry,Cloudy,None apparent,Intersection:  Four-way intersection,Paved,,Property Damage Only,0,0,0,0,0,0,14800,2,2,,POINT (-93.639498420319 42.022732640742)
2014778890,P14-000503,01/12/2014,01-January,1-Sunday,13:41,1300 Hours,District 1 (Central),WEBSTER CITY,HAMILTON,,WATER ST,Collision with:  Vehicle in traffic,On Roadway,Broadside (front to side),FTYROW:  From driveway,None Indicated,,Daylight,Slush,Clear,None apparent,Non-intersection:  Driveway access (within),Paved,,Property Damage Only,0,0,0,0,0,0,3500,2,3,,POINT (-93.828098396684 42.465730292257)
2014779499,,01/12/2014,01-January,1-Sunday,17:30,1700 Hours,District 2 (Northeast),,HUMBOLDT,,Co Rd P19/BIRCH AVE,Collision with:  Animal,On Roadway,Non-collision (single vehicle),Animal,None Indicated,,,,,,,Paved,,Property Damage Only,0,0,0,0,0,0,3000,1,1,,POINT (-94.423205399176 42.818454267341)
2014779681,,01/12/2014,01-January,1-Sunday,10:06,1000 Hours,District 5 (Southeast),CHARITON,LUCAS,US 34,US 34/NW RAMP CURV,Collision with fixed object:  Utility pole/light support,Median,Non-collision (single vehicle),Crossed centerline (undivided),None Indicated,,Daylight,Dry,Clear,None apparent,Interchange-related:  Off-ramp,Paved,,Possible/Unknown,0,1,0,0,1,0,5200,1,1,,POINT (-93.309946630659 41.00508677716)
2014779639,2014-2666,01/12/2014,01-January,1-Sunday,22:44,2200 Hours,District 6 (East Central),DAVENPORT,SCOTT,US 6,US 6/E KIMBERLY RD & DAVENPORT AVE,Collision with fixed object:  Utility pole/light support,Shoulder,Non-collision (single vehicle),Ran off road - right,None Indicated,,Dark - roadway lighted,Ice/frost,Clear,"Surface condition (e.g., wet, icy)",Intersection:  Four-way intersection,Paved,,Possible/Unknown,0,1,0,0,1,0,5100,1,1,,POINT (-90.563578871349 41.558756452974)
2014778842,14-667,01/12/2014,01-January,1-Sunday,18:39,1800 Hours,District 2 (Northeast),,BREMER,US 218,US 218,Collision with:  Animal,,,Animal,None Indicated,,,,,,,Paved,,Property Damage Only,0,0,0,0,0,0,6500,1,1,,POINT (-92.545815740787 42.89802688885)
2014778962,14-0048,01/12/2014,01-January,1-Sunday,09:00,0900 Hours,District 1 (Central),CLIVE,POLK,,NW 100TH ST & UNIVERSITY AVE & 35TH ST/VALLEY WEST DR,Collision with:  Vehicle in traffic,On Roadway,Broadside (front to side),Ran Traffic Signal,None Indicated,,Daylight,Wet,Cloudy,None apparent,Intersection:  Four-way intersection,Paved,,Property Damage Only,0,0,0,0,0,0,12000,2,5,,POINT (-93.751962120124 41.600430032258)
2014778826,W14-003768,01/12/2014,01-January,1-Sunday,07:01,0700 Hours,District 2 (Northeast),WATERLOO,BLACK HAWK,,HAMMOND AVE,Collision with fixed object:  Utility pole/light support,On Roadway,Non-collision (single vehicle),Crossed centerline (undivided),None Indicated,,Dawn,Ice/frost,Clear,Ruts/holes/bumps,Non-intersection:  Non-junction/no special feature,Paved,,Property Damage Only,0,0,0,0,0,0,2560,1,1,,POINT (-92.336840358518 42.464713946485)
2014779371,14000570,01/12/2014,01-January,1-Sunday,20:17,2000 Hours,District 2 (Northeast),MASON CITY,CERRO GORDO,,S CAROLINA AVE,Collision with fixed object:  Utility pole/light support,On Roadway,Non-collision (single vehicle),Disregarded RR Signal,Alcohol (Statutory),,Dark - roadway lighted,Wet,Cloudy,None apparent,Non-intersection:  Railroad grade crossing,Paved,,Property Damage Only,0,0,0,0,0,0,4500,1,1,,POINT (-93.191083930195 43.142093925665)
2014779672,,01/12/2014,01-January,1-Sunday,16:03,1600 Hours,District 5 (Southeast),FORT MADISON,LEE,,AVE L & 30TH ST,Collision with:  Vehicle in traffic,On Roadway,Rear-end (front to rear),Followed too close,None Indicated,,Dusk,Dry,Cloudy,None apparent,Intersection:  T-intersection,Paved,,Possible/Unknown,0,1,0,0,1,0,2000,2,5,,POINT (-91.349245773023 40.626823198232)
2014779498,,01/12/2014,01-January,1-Sunday,14:49,1400 Hours,District 2 (Northeast),HUMBOLDT,HUMBOLDT,,6TH AVE N & 15TH ST N,Collision with:  Vehicle in traffic,On Roadway,Broadside (front to side),FTYROW:  From parked position,None Indicated,,Daylight,Wet,Cloudy,None apparent,Non-intersection:  Other non-intersection (explain in narrative),Paved,,Property Damage Only,0,0,0,0,0,0,2000,2,2,,POINT (-94.228842435819 42.727518747237)
2014778882,14-01248,01/12/2014,01-January,1-Sunday,23:28,2300 Hours,District 5 (Southeast),BURLINGTON,DES MOINES,,WASHINGTON ST,Collision with:  Vehicle in traffic,On Roadway,"Sideswipe, opposite direction",Driving too fast for conditions,None Indicated,,Dark - roadway lighted,Ice/frost,Clear,"Surface condition (e.g., wet, icy)",Non-intersection:  Non-junction/no special feature,Paved,,Property Damage Only,0,0,0,0,0,0,2500,2,3,,POINT (-91.113090258655 40.812543159618)
2014779427,2014000343,01/12/2014,01-January,1-Sunday,06:09,0600 Hours,District 1 (Central),MARSHALLTOWN,MARSHALL,,N 17TH ST,Collision with:  Parked motor vehicle,On Roadway,Broadside (front to side),FTYROW:  Other (explain in narrative),None Indicated,,Dark - roadway lighted,Dry,Clear,None apparent,Non-intersection:  Non-junction/no special feature,Paved,,Property Damage Only,0,0,0,0,0,0,4500,2,1,,POINT (-92.942391782888 42.053194664079)
2014779055,14000435,01/12/2014,01-January,1-Sunday,09:33,0900 Hours,District 1 (Central),GLADBROOK,TAMA,IA 96,IA 96/8TH ST & Co Rd T47/HWY T47 & EAST ST,Collision with:  Vehicle in traffic,On Roadway,Broadside (front to side),FTYROW:  From stop sign,None Indicated,,Daylight,Dry,Clear,None apparent,Intersection:  Four-way intersection,Paved,,Property Damage Only,0,0,0,0,0,0,12000,2,5,,POINT (-92.70870188353 42.181370814507)
2014779089,14-1147,01/12/2014,01-January,1-Sunday,11:59,1100 Hours,District 3 (Northwest),SIOUX CITY,WOODBURY,,14TH ST & NEBRASKA ST,Collision with:  Vehicle in traffic,On Roadway,Broadside (front to side),Ran Traffic Signal,None Indicated,,Daylight,Dry,Cloudy,None apparent,Intersection:  Four-way intersection,Paved,,Property Damage Only,0,0,0,0,0,0,16000,2,3,,POINT (-96.40355197837 42.504993315484)
2014780238,2014002540,01/12/2014,01-January,1-Sunday,08:00,0800 Hours,District 2 (Northeast),CLEAR LAKE,CERRO GORDO,I-35,I-35,Non-collision events:  Overturn/rollover,On Roadway,Non-collision (single vehicle),Other (explain in narrative):  No improper action,None Indicated,,Dawn,Ice/frost,Clear,None apparent,Non-intersection:  Other non-intersection (explain in narrative),Paved,,Minor Injury,0,1,0,1,0,0,15000,1,1,,POINT (-93.355973593983 43.139727687504)
2014778858,1401128281,01/12/2014,01-January,1-Sunday,03:50,0300 Hours,District 6 (East Central),,CLINTON,,Co Rd Y62/260 AVE,Collision with fixed object:  Ditch,Outside trafficway,Non-collision (single vehicle),Crossed centerline (undivided),None Indicated,,Dark - roadway not lighted,Dry,Clear,None apparent,Non-intersection:  Non-junction/no special feature,Paved,,Property Damage Only,0,0,0,0,0,0,4600,1,1,,POINT (-90.587463634956 41.850214731406)
2014784970,14-000383,01/12/2014,01-January,1-Sunday,08:23,0800 Hours,District 2 (Northeast),ARLINGTON,FAYETTE,,PARK AVE,Collision with:  Parked motor vehicle,On Roadway,Unknown,FTYROW:  Other (explain in narrative),None Indicated,,Dark - roadway lighted,Ice/frost,Cloudy,None apparent,Non-intersection:  Non-junction/no special feature,Paved,,Property Damage Only,0,0,0,0,0,0,3000,2,777,,POINT (-91.67346257931 42.74597928169)
2014779088,14-1131,01/12/2014,01-January,1-Sunday,04:00,0400 Hours,District 3 (Northwest),SIOUX CITY,WOODBURY,,FREDETTE AVE & MC KINLEY ST,Collision with:  Vehicle in traffic,On Roadway,Broadside (front to side),FTYROW:  Other (explain in narrative),None Indicated,,Dark - roadway lighted,Wet,Clear,None apparent,Intersection:  Four-way intersection,Paved,,Property Damage Only,0,0,0,0,0,0,25060,2,3,,POINT (-96.480065360926 42.521493939208)
2014780487,14-000155,01/12/2014,01-January,1-Sunday,12:35,1200 Hours,District 1 (Central),AMES,STORY,US 69,US 69/S DUFF AVE,Collision with:  Vehicle in traffic,On Roadway,Rear-end (front to rear),Followed too close,None Indicated,,Daylight,Wet,Cloudy,None apparent,Non-intersection:  Non-junction/no special feature,Paved,,Minor Injury,0,2,0,2,0,0,11000,2,4,,POINT (-93.610107156744 42.008500100383)
2014779323,2014-518,01/12/2014,01-January,1-Sunday,17:13,1700 Hours,District 6 (East Central),MAQUOKETA,JACKSON,,S MAIN ST & DAVID ST & 17TH ST,Collision with:  Vehicle in traffic,On Roadway,Broadside (front to side),FTYROW:  From stop sign,None Indicated,,Dark - roadway lighted,Wet,Cloudy,None apparent,Intersection:  Four-way intersection,Paved,,Property Damage Only,0,0,0,0,0,0,6500,2,2,,POINT (-90.665321819724 42.048235176752)
2014778828,W14-003868,01/12/2014,01-January,1-Sunday,15:38,1500 Hours,District 2 (Northeast),WATERLOO,BLACK HAWK,,HAMMOND AVE,Collision with:  Vehicle in traffic,On Roadway,Broadside (front to side),FTYROW:  From driveway,None Indicated,,Daylight,Dry,Cloudy,None apparent,Non-intersection:  Driveway access (within),Paved,,Property Damage Only,0,0,0,0,0,0,3000,2,3,,POINT (-92.336864220018 42.458995347362)
2014779221,2014000347,01/12/2014,01-January,1-Sunday,10:06,1000 Hours,District 6 (East Central),IOWA CITY,JOHNSON,IA 1,IA 1/DODGE ST,Collision with:  Vehicle in traffic,On Roadway,Broadside (front to side),FTYROW:  From stop sign,None Indicated,,Daylight,Dry,Cloudy,None apparent,Intersection:  Four-way intersection,Paved,,Possible/Unknown,0,1,0,0,1,0,8000,2,3,,POINT (-91.525759804371 41.661285252849)
2014779061,201400001855,01/12/2014,01-January,1-Sunday,07:50,0700 Hours,District 5 (Southeast),OTTUMWA,WAPELLO,,CHESTER AVE & N FERRY ST,Collision with:  Vehicle in traffic,On Roadway,Broadside (front to side),FTYROW:  From stop sign,None Indicated,,Daylight,Dry,Clear,None apparent,Intersection:  Four-way intersection,Paved,,Property Damage Only,0,0,0,0,0,0,1900,2,3,,POINT (-92.433677165448 41.003788013784)
2014778963,14-0050,01/12/2014,01-January,1-Sunday,16:34,1600 Hours,District 1 (Central),CLIVE,POLK,,NW 90TH ST & UNIVERSITY AVE & 28TH ST,Collision with:  Vehicle in traffic,On Roadway,Broadside (front to side),Ran Traffic Signal,None Indicated,,Daylight,Dry,Cloudy,None apparent,Intersection:  Four-way intersection,Paved,,Property Damage Only,0,0,0,0,0,0,6500,2,2,,POINT (-93.742350563829 41.600456469852)
2014787001,,01/12/2014,01-January,1-Sunday,16:45,1600 Hours,District 2 (Northeast),DECORAH,WINNESHIEK,,LOCUST RD,Collision with:  Vehicle in traffic,On Roadway,Rear-end (front to rear),Other (explain in narrative):  Other,None Indicated,,Dusk,Dry,Clear,None apparent,Non-intersection:  Non-junction/no special feature,Paved,,Property Damage Only,0,0,0,0,0,0,6500,2,3,,POINT (-91.787723237546 43.326080297578)
2014781183,2014002531,01/12/2014,01-January,1-Sunday,06:30,0600 Hours,District 4 (Southwest),SHELBY,POTTAWATTAMIE,I-80,I-80 & EAST ST,Collision with:  Animal,,,Animal,None Indicated,,,,,,,Paved,,Property Damage Only,0,0,0,0,0,0,2000,1,1,,POINT (-95.451156465985 41.498739682923)
2014779301,S14-277,01/12/2014,01-January,1-Sunday,03:22,0300 Hours,District 3 (Northwest),LAWTON,WOODBURY,US 20,US 20,Non-collision events:  Overturn/rollover,On Roadway,Non-collision (single vehicle),Swerving/Evasive Action,None Indicated,,Dark - roadway not lighted,Ice/frost,"Fog, smoke, smog",None apparent,Non-intersection:  Non-junction/no special feature,Paved,,Minor Injury,0,1,0,1,0,0,5000,1,1,,POINT (-96.16949023876 42.475090833071)
2014779015,14-67,01/12/2014,01-January,1-Sunday,18:40,1800 Hours,District 1 (Central),POLK CITY,POLK,IA 415,IA 415/NW POLK CITY DR,Collision with:  Animal,,,Animal,None Indicated,,,,,,,Paved,,Property Damage Only,0,0,0,0,0,0,4000,1,1,,POINT (-93.688729007645 41.753118278998)
2014779010,14-0191,01/12/2014,01-January,1-Sunday,18:26,1800 Hours,District 1 (Central),WEST DES MOINES,POLK,,UNIVERSITY AVE,Collision with:  Vehicle in traffic,On Roadway,Rear-end (front to rear),Unknown,None Indicated,,Dark - roadway lighted,Wet,Clear,None apparent,Intersection:  T-intersection,Paved,,Property Damage Only,0,0,0,0,0,0,15000,2,2,,POINT (-93.746982879238 41.600489514685)
2014778869,140076,01/12/2014,01-January,1-Sunday,00:06,0000 Hours,District 3 (Northwest),WESTSIDE,CRAWFORD,,EAGLE ST,Collision with:  Parked motor vehicle,On Roadway,"Sideswipe, opposite direction",Lost Control,None Indicated,,Dark - roadway lighted,Snow,Clear,None apparent,Non-intersection:  Non-junction/no special feature,Paved,,Property Damage Only,0,0,0,0,0,0,3000,2,1,,POINT (-95.099347706747 42.072326036338)
2014778903,2014000338,01/12/2014,01-January,1-Sunday,02:02,0200 Hours,District 6 (East Central),IOWA CITY,JOHNSON,,S GILBERT ST,Collision with:  Vehicle in traffic,On Roadway,"Sideswipe, same direction",Other (explain in narrative):  Other,Alcohol (< Statutory),,Dark - unknown roadway lighting,Wet,Cloudy,None apparent,Non-intersection:  Non-junction/no special feature,Paved,,Property Damage Only,0,0,0,0,0,0,1600,2,5,,POINT (-91.530168434131 41.657558847207)
2014779008,14-0181,01/12/2014,01-January,1-Sunday,02:08,0200 Hours,District 1 (Central),WEST DES MOINES,POLK,,S 60TH ST & VILLAGE VIEW DR,Collision with fixed object:  Curb/island/raised median,Median,Non-collision (single vehicle),Crossed centerline (undivided),Alcohol (Statutory),,Dark - roadway lighted,Wet,Clear,None apparent,Intersection:  Four-way intersection,Paved,,Possible/Unknown,0,1,0,0,1,0,20000,1,3,,POINT (-93.79043200776 41.563908893739)
2014783563,1401122254,01/12/2014,01-January,1-Sunday,22:50,2200 Hours,District 6 (East Central),,JONES,US 151,US 151,Collision with fixed object:  Ditch,Shoulder,Non-collision (single vehicle),Ran off road - right,Alcohol (Statutory),,Dark - roadway not lighted,Dry,Cloudy,None apparent,Non-intersection:  Non-junction/no special feature,Paved,,Possible/Unknown,0,1,0,0,1,0,4500,1,1,,POINT (-91.26686226799 42.114935669705)
2014779282,20140001145,01/12/2014,01-January,1-Sunday,04:00,0400 Hours,District 1 (Central),DES MOINES,POLK,,10TH ST,Collision with:  Parked motor vehicle,On Roadway,"Sideswipe, same direction",Unknown,None Indicated,,Unknown,Unknown,Unknown,Unknown,Non-intersection:  Non-junction/no special feature,Paved,,Property Damage Only,0,0,0,0,0,0,1500,2,1,,POINT (-93.630563578784 41.600826718086)
2014779892,2014-2597,01/12/2014,01-January,1-Sunday,15:53,1500 Hours,District 6 (East Central),DAVENPORT,SCOTT,,W 34TH ST & MARQUETTE ST,Collision with:  Vehicle in traffic,On Roadway,"Angle, oncoming left turn",Crossed centerline (undivided),None Indicated,,Daylight,Dry,Clear,None apparent,Non-intersection:  Non-junction/no special feature,Paved,,Property Damage Only,0,0,0,0,0,0,2500,2,3,,POINT (-90.591069388829 41.554364459953)
2014779426,1400000033,01/12/2014,01-January,1-Sunday,08:51,0800 Hours,District 1 (Central),,MARSHALL,IA 330,IA 330/MARSHALLTOWN BLVD,Collision with fixed object:  Curb/island/raised median,On Roadway,Non-collision (single vehicle),Over correcting/over steering,None Indicated,,Daylight,Wet,Cloudy,None apparent,Non-intersection:  Crossover-related,Paved,,Possible/Unknown,0,1,0,0,1,0,8000,1,1,,POINT (-93.173868366403 41.903953543443)
2014778966,20140001018,01/12/2014,01-January,1-Sunday,00:01,0000 Hours,District 1 (Central),DES MOINES,POLK,,62ND ST,Collision with:  Parked motor vehicle,On Roadway,Unknown,Unknown,None Indicated,,Dark - roadway lighted,Dry,Clear,Unknown,Non-intersection:  Non-junction/no special feature,Paved,,Property Damage Only,0,0,0,0,0,0,5500,3,1,,POINT (-93.702576343668 41.612001457496)
2014783808,14-000260,01/12/2014,01-January,1-Sunday,22:52,2200 Hours,District 2 (Northeast),STRAWBERRY POINT,CLAYTON,IA 13,IA 13/IOWA 13,Collision with:  Animal,,,Animal,None Indicated,,,,,,,Paved,,Property Damage Only,0,0,0,0,0,0,1500,1,1,,POINT (-91.525888351626 42.710008559424)
2014786394,2014-2611,01/12/2014,01-January,1-Sunday,16:36,1600 Hours,District 6 (East Central),DAVENPORT,SCOTT,,E 50TH ST,Collision with:  Vehicle in traffic,On Roadway,"Angle, oncoming left turn",FTYROW:  Making left turn,None Indicated,,Daylight,Dry,Cloudy,None apparent,Non-intersection:  Driveway access (within),Paved,,Property Damage Only,0,0,0,0,0,0,2300,2,2,,POINT (-90.569291049023 41.571108064032)
2014778979,20140001019,01/12/2014,01-January,1-Sunday,11:30,1100 Hours,District 1 (Central),DES MOINES,POLK,,MAPLE ST & E 22ND ST,Collision with:  Vehicle in traffic,On Roadway,Broadside (front to side),FTYROW:  From stop sign,None Indicated,,Daylight,Dry,Clear,None apparent,Intersection:  Four-way intersection,Paved,,Property Damage Only,0,0,0,0,0,0,7000,2,2,,POINT (-93.577548222597 41.598177918892)
2014826418,14-216,01/12/2014,01-January,1-Sunday,08:23,0800 Hours,District 6 (East Central),LE CLAIRE,SCOTT,I-80,I-80 & US 67/CODY RD,Collision with:  Vehicle in traffic,On Roadway,Rear-end (front to rear),Ran off road - right,None Indicated,,Daylight,Dry,Clear,None apparent,Intersection:  Intersection with ramp,Paved,,Possible/Unknown,0,1,0,0,1,0,13000,2,2,,POINT (-90.365454196861 41.584726883216)
2014778867,CL14000092,01/12/2014,01-January,1-Sunday,01:10,0100 Hours,District 6 (East Central),CLINTON,CLINTON,,S 8TH ST,Collision with fixed object:  Tree,On Roadway,Non-collision (single vehicle),Lost Control,Refused,,Dark - roadway lighted,Ice/frost,Cloudy,None apparent,Non-intersection:  Non-junction/no special feature,Paved,,Minor Injury,0,1,0,1,0,0,6950,1,2,,POINT (-90.20408954657 41.831457027052)
2014779724,14000200,01/12/2014,01-January,1-Sunday,15:58,1500 Hours,District 2 (Northeast),,CERRO GORDO,,Co Rd S34/LARK AVE,Collision with fixed object:  Ditch,On Roadway,Non-collision (single vehicle),Ran off road - left,None Indicated,,Daylight,Slush,Cloudy,"Surface condition (e.g., wet, icy)",Non-intersection:  Non-junction/no special feature,Paved,,Possible/Unknown,0,1,0,0,1,0,2500,1,2,,POINT (-93.280414766818 43.116290990193)
2014779222,2014000355,01/12/2014,01-January,1-Sunday,16:20,1600 Hours,District 6 (East Central),IOWA CITY,JOHNSON,,MALL DR & S 1ST AVE,Collision with:  Vehicle in traffic,On Roadway,Broadside (front to side),Ran Traffic Signal,None Indicated,,Daylight,Wet,Cloudy,None apparent,Intersection:  T-intersection,Paved,,Property Damage Only,0,0,0,0,0,0,3000,2,2,,POINT (-91.502136942114 41.644082921154)
2014779238,201400107,01/12/2014,01-January,1-Sunday,07:20,0700 Hours,District 6 (East Central),,LINN,US 30,US 30,Collision with:  Vehicle in traffic,On Roadway,Rear-end (front to rear),Exceeded authorized speed,Alcohol (Statutory),,Daylight,Dry,Clear,None apparent,Non-intersection:  Non-junction/no special feature,Paved,,Property Damage Only,0,0,0,0,0,0,5000,2,4,,POINT (-91.484077067777 41.917891548934)
2014784892,,01/12/2014,01-January,1-Sunday,20:00,2000 Hours,District 2 (Northeast),GUTTENBERG,CLAYTON,US 52,US 52,Collision with:  Animal,On Roadway,Non-collision (single vehicle),Animal,None Indicated,,Dark - roadway not lighted,Dry,Clear,None apparent,Non-intersection:  Non-junction/no special feature,Paved,,Property Damage Only,0,0,0,0,0,0,3000,1,1,,POINT (-91.072351491636 42.722533804617)
2014780719,01-14-1781,01/12/2014,01-January,1-Sunday,11:35,1100 Hours,District 6 (East Central),DUBUQUE,DUBUQUE,,W 5TH ST & LOCUST ST S,Collision with:  Vehicle in traffic,On Roadway,"Sideswipe, same direction",Improper or erratic lane changing,None Indicated,,Daylight,Wet,Cloudy,None apparent,Intersection:  Four-way intersection,Paved,,Property Damage Only,0,0,0,0,0,0,1650,2,3,,POINT (-90.666977131217 42.498094358688)