Iowa DOT Case Number,Law Enforcement Case Number,Date of Crash,Month of Crash,Day of Week,Time of Crash,Hour,DOT District,City Name,County Name,Route with System,Location Description,First Harmful Event,Location of First Harmful Event,Manner of Crash/Collision,Major Cause,Drug or Alcohol ,Environmental Conditions,Light Conditions,Surface Conditions,Weather Conditions,Roadway Contribution,Roadway Type,Roadway Surface,Work Zone,Crash Severity,Number of Fatalities,Number of Injuries,Number of Major Injuries,Number of Minor Injuries,Number of Possible Injuries,Number of Unknown Injuries,Amount of Property Damage,Number of Vehicles Involved,Total Number of Occupants,Travel Direction,Location
2014779197,14000205,01/12/2014,01-January,1-Sunday,18:36,1800 Hours,District 2 (Northeast),,CERRO GORDO,,Co Rd S14/BALSAM AVE,Collision with:  Animal,,,Animal,None Indicated,,,,,,,Paved,,Property Damage Only,0,0,0,0,0,0,5000,1,1,,POINT (-93.477477124821 43.1114330993)
2014779622,14-00635,01/12/2014,01-January,1-Sunday,00:03,0000 Hours,District 6 (East Central),BETTENDORF,SCOTT,US 67,US 67/GRANT ST,Collision with:  Parked motor vehicle,Roadside,Rear-end (front to rear),Other (explain in narrative):  Other,Alcohol (Statutory),,Dark - roadway lighted,Wet,Cloudy,None apparent,Non-intersection:  Non-junction/no special feature,Paved,,Possible/Unknown,0,1,0,0,1,0,23000,3,1,,POINT (-90.509740917907 41.526251302478)
2014779774,201400113,01/12/2014,01-January,1-Sunday,17:48,1700 Hours,District 6 (East Central),,BENTON,I-380,I-380,Collision with:  Animal,,,Animal,None Indicated,,,,,,,Paved,,Property Damage Only,0,0,0,0,0,0,3700,1,1,,POINT (-91.839558746214 42.210662175097)
2014778994,20140001039,01/12/2014,01-January,1-Sunday,17:25,1700 Hours,District 1 (Central),DES MOINES,POLK,US 69,US 69/E 14TH ST & E GRAND AVE,Collision with:  Vehicle in traffic,On Roadway,Rear-end (front to rear),Lost Control,None Indicated,,Dark - roadway lighted,Wet,Clear,None apparent,Intersection:  Four-way intersection,Paved,,Possible/Unknown,0,1,0,0,1,0,15000,3,8,,POINT (-93.598011254262 41.59340754806)
2014778827,W14-003820,01/12/2014,01-January,1-Sunday,11:45,1100 Hours,District 2 (Northeast),WATERLOO,BLACK HAWK,,FRANKLIN ST,Collision with:  Vehicle in traffic,On Roadway,Rear-end (front to rear),FTYROW:  From driveway,None Indicated,,Daylight,Wet,Cloudy,None apparent,Non-intersection:  Driveway access (within),Paved,,Property Damage Only,0,0,0,0,0,0,3500,2,4,,POINT (-92.321401941869 42.495378574697)
2014779275,20140001051,01/12/2014,01-January,1-Sunday,20:57,2000 Hours,District 1 (Central),DES MOINES,POLK,,E ARMY POST RD & SE 5TH ST,Collision with:  Vehicle in traffic,On Roadway,Broadside (front to side),Unknown,None Indicated,,Dark - roadway lighted,Dry,Clear,None apparent,Intersection:  Four-way intersection,Paved,,Possible/Unknown,0,1,0,0,1,0,4000,2,5,,POINT (-93.606442994277 41.52635808595)
2014783562,1401120837,01/12/2014,01-January,1-Sunday,11:25,1100 Hours,District 6 (East Central),,JONES,,Co Rd X40/CO RD X-40,Collision with fixed object:  Mailbox,On Roadway,Non-collision (single vehicle),Swerving/Evasive Action,None Indicated,,Daylight,Dry,Cloudy,None apparent,Non-intersection:  Non-junction/no special feature,Paved,,Property Damage Only,0,0,0,0,0,0,8625,1,1,,POINT (-91.268526951359 42.076883046161)
2014790095,2014-2670,01/12/2014,01-January,1-Sunday,23:16,2300 Hours,District 6 (East Central),DAVENPORT,SCOTT,,PIONEER ST,Collision with:  Parked motor vehicle,On Roadway,Rear-end (front to rear),Other (explain in narrative):  Vision obstructed,None Indicated,,Dark - roadway lighted,Wet,Clear,None apparent,Non-intersection:  Non-junction/no special feature,Paved,,Property Damage Only,0,0,0,0,0,0,1500,2,2,,POINT (-90.638141281339 41.534320440392)
2014892334,15680964,01/13/2014,01-January,2-Monday,06:49,0600 Hours,District 5 (Southeast),,MONROE,US 34,US 34,Collision with fixed object:  Bridge pier or support,,,None Indicated,None Indicated,,,,,,,Paved,,Property Damage Only,0,0,0,0,0,0,2000,1,1,,POINT (-92.736518342943 41.015588814903)
2014779741,CL1400108,01/13/2014,01-January,2-Monday,14:22,1400 Hours,District 6 (East Central),CLINTON,CLINTON,,5TH AVE S & S 4TH ST,Collision with:  Vehicle in traffic,On Roadway,Broadside (front to side),FTYROW:  From stop sign,None Indicated,,Daylight,Wet,Cloudy,None apparent,Intersection:  Four-way intersection,Paved,,Possible/Unknown,0,1,0,0,1,0,4000,2,3,,POINT (-90.193306815024 41.841226222194)
2014780014,14-001197,01/13/2014,01-January,2-Monday,18:28,1800 Hours,District 5 (Southeast),,LEE,,Co Rd X23/WEST POINT RD,Collision with:  Animal,,,Animal,None Indicated,,,,,,,Paved,,Property Damage Only,0,0,0,0,0,0,1500,1,1,,POINT (-91.448787360988 40.690567681841)
2014779467,14-453,01/13/2014,01-January,2-Monday,09:55,0900 Hours,District 3 (Northwest),,SIOUX,US 18,US 18/320TH ST & IRONWOOD AVE,Collision with:  Vehicle in traffic,On Roadway,Rear-end (front to rear),Improper Backing,None Indicated,,Daylight,"Mud, dirt",Clear,None apparent,Intersection:  Four-way intersection,Paved,,Property Damage Only,0,0,0,0,0,0,6000,2,2,,POINT (-96.079378166103 43.186102518267)
2014778959,14-000256,01/13/2014,01-January,2-Monday,10:04,1000 Hours,District 1 (Central),,POLK,US 65,US 65,Collision with fixed object:  Ditch,On Roadway,Non-collision (single vehicle),Ran off road - right,None Indicated,,Daylight,Dry,Cloudy,None apparent,Non-intersection:  Non-junction/no special feature,Paved,,Minor Injury,0,3,0,3,0,0,12000,1,4,,POINT (-93.493212234976 41.621322947166)
2014780184,2014-00800,01/13/2014,01-January,2-Monday,12:21,1200 Hours,District 5 (Southeast),INDIANOLA,WARREN,US 65,US 65/N JEFFERSON WAY,Collision with:  Vehicle in traffic,On Roadway,Rear-end (front to rear),Followed too close,None Indicated,,Daylight,Dry,Clear,None apparent,Non-intersection:  Non-junction/no special feature,Paved,,Property Damage Only,0,0,0,0,0,0,4000,2,4,,POINT (-93.558377462744 41.368466138748)
2014779185,W14-004230,01/13/2014,01-January,2-Monday,17:10,1700 Hours,District 2 (Northeast),WATERLOO,BLACK HAWK,US 218,US 218/WASHINGTON ST & MARIGOLD DR,Collision with:  Vehicle in traffic,On Roadway,Rear-end (front to rear),Driving too fast for conditions,None Indicated,,Dark - roadway lighted,Wet,Cloudy,None apparent,Non-intersection:  Driveway access (within),Paved,,Major Injury,0,3,1,0,2,0,13000,3,5,,POINT (-92.290702034035 42.43578995215)
2014779281,20140001143,01/13/2014,01-January,2-Monday,18:52,1800 Hours,District 1 (Central),DES MOINES,POLK,,E TIFFIN AVE & E 38TH ST,Collision with:  Parked motor vehicle,On Roadway,Rear-end (front to rear),Lost Control,None Indicated,,Daylight,Dry,Clear,None apparent,Intersection:  T-intersection,Paved,,Possible/Unknown,0,1,0,0,1,0,8500,2,1,,POINT (-93.541868404968 41.624778838772)
2014779419,14000960,01/13/2014,01-January,2-Monday,12:36,1200 Hours,District 5 (Southeast),OSKALOOSA,MAHASKA,IA 92,IA 92/A AVE W,Collision with:  Vehicle in traffic,On Roadway,Broadside (front to side),FTYROW:  From driveway,None Indicated,,Daylight,Dry,Cloudy,None apparent,Non-intersection:  Driveway access (within),Paved,,Possible/Unknown,0,1,0,0,1,0,9000,2,3,,POINT (-92.652739548223 41.29625345174)
2014780254,PD140021,01/13/2014,01-January,2-Monday,18:43,1800 Hours,District 1 (Central),GRUNDY CENTER,GRUNDY,IA 14,IA 14/240TH ST,Collision with fixed object:  Tree,Roadside,Non-collision (single vehicle),"Operating vehicle in an reckless, erratic, careless, negligent manner",Alcohol (< Statutory),,Dark - roadway lighted,Dry,Clear,None apparent,Intersection:  T-intersection,Paved,,Property Damage Only,0,0,0,0,0,0,2000,1,1,,POINT (-92.793253261195 42.361588966515)
2014779240,14000898,01/13/2014,01-January,2-Monday,17:52,1700 Hours,District 6 (East Central),MARION,LINN,US 151,US 151,Collision with:  Vehicle in traffic,On Roadway,Rear-end (front to rear),Followed too close,None Indicated,,Dark - roadway lighted,Wet,Cloudy,None apparent,Non-intersection:  Non-junction/no special feature,Paved,,Minor Injury,0,2,0,2,0,0,1500,2,4,,POINT (-91.550282567573 42.030579117195)
2014779963,14-01367,01/13/2014,01-January,2-Monday,21:00,2100 Hours,District 5 (Southeast),,HENRY,,Co Rd J20/SALEM RD,Collision with:  Animal,,,Animal,None Indicated,,,,,,,Paved,,Property Damage Only,0,0,0,0,0,0,2000,1,1,,POINT (-91.391888540778 40.816821127424)
2014778982,20140001112,01/13/2014,01-January,2-Monday,12:38,1200 Hours,District 1 (Central),DES MOINES,POLK,,SE 6TH ST,Collision with:  Vehicle in traffic,On Roadway,Broadside (front to side),Other (explain in narrative):  Vision obstructed,None Indicated,,Daylight,Wet,Cloudy,None apparent,Non-intersection:  Driveway access (within),Paved,,Possible/Unknown,0,1,0,0,1,0,4600,2,3,,POINT (-93.605301576798 41.569770360883)
2014779223,2014000378,01/13/2014,01-January,2-Monday,08:19,0800 Hours,District 6 (East Central),IOWA CITY,JOHNSON,US 6,US 6 & FAIR MEADOWS BLVD,Collision with:  Vehicle in traffic,On Roadway,"Angle, oncoming left turn",FTYROW:  Making left turn,None Indicated,,Daylight,Wet,Clear,None apparent,Intersection:  Four-way intersection,Paved,,Property Damage Only,0,0,0,0,0,0,11000,2,3,,POINT (-91.503039969937 41.63878964253)
2014780596,,01/13/2014,01-January,2-Monday,17:53,1700 Hours,District 2 (Northeast),CHARLES CITY,FLOYD,IA 14,IA 14/7 MILE RD,Collision with:  Animal,On Roadway,Non-collision (single vehicle),Animal,None Indicated,,Dusk,Dry,Clear,None apparent,Non-intersection:  Non-junction/no special feature,Paved,,Property Damage Only,0,0,0,0,0,0,4500,1,2,,POINT (-92.712033309118 43.059595117329)
2014779554,201300646,01/13/2014,01-January,2-Monday,14:38,1400 Hours,District 6 (East Central),CEDAR RAPIDS,LINN,,COTTAGE GROVE AVE SE,Collision with:  Vehicle in traffic,On Roadway,"Angle, oncoming left turn",FTYROW:  Making right turn on red signal,None Indicated,,Daylight,Wet,Clear,None apparent,Intersection:  Four-way intersection,Paved,,Property Damage Only,0,0,0,0,0,0,2500,2,2,,POINT (-91.638739089673 41.995763046556)
2014779324,2013-0008,01/13/2014,01-January,2-Monday,15:30,1500 Hours,District 5 (Southeast),CARLISLE,WARREN,IA 5,IA 5/IOWA 5 & S 1ST ST,Collision with:  Vehicle in traffic,On Roadway,Rear-end (front to rear),Followed too close,None Indicated,,Daylight,Unknown,Clear,None apparent,Intersection:  Four-way intersection,Paved,,Property Damage Only,0,0,0,0,0,0,2100,2,4,,POINT (-93.487144719439 41.494417614531)
2014779640,2014-2741,01/13/2014,01-January,2-Monday,07:43,0700 Hours,District 6 (East Central),DAVENPORT,SCOTT,,W LOCUST ST,Collision with:  Vehicle in traffic,On Roadway,"Sideswipe, same direction",Lost Control,None Indicated,,Daylight,Wet,Clear,None apparent,Non-intersection:  Non-junction/no special feature,Paved,,Possible/Unknown,0,1,0,0,1,0,12000,2,3,,POINT (-90.602671960295 41.538251419034)
2014779687,,01/13/2014,01-January,2-Monday,18:43,1800 Hours,District 4 (Southwest),,AUDUBON,US 71,US 71,Collision with:  Animal,On Roadway,Non-collision (single vehicle),Animal,None Indicated,,Dawn,Dry,,None apparent,,Paved,,Property Damage Only,0,0,0,0,0,0,2500,1,1,,POINT (-94.914604703312 41.685035882008)
2014779312,2014002694,01/13/2014,01-January,2-Monday,12:45,1200 Hours,District 1 (Central),DES MOINES,POLK,I-35,I-35,Collision with:  Vehicle in traffic,On Roadway,Rear-end (front to rear),Lost Control,None Indicated,,Daylight,Dry,Clear,None apparent,Non-intersection:  Other non-intersection (explain in narrative),Paved,,Property Damage Only,0,0,0,0,0,0,3926,2,3,,POINT (-93.666561175467 41.650730604981)
2014779231,K14-001192,01/13/2014,01-January,2-Monday,17:59,1700 Hours,District 5 (Southeast),KEOKUK,LEE,US 218,US 218/MAIN ST & CARBIDE LN & PLANK RD,Collision with:  Vehicle in traffic,On Roadway,"Angle, oncoming left turn",Made improper turn,None Indicated,,Dark - roadway lighted,Wet,Cloudy,None apparent,Non-intersection:  Non-junction/no special feature,Paved,,Property Damage Only,0,0,0,0,0,0,3000,2,3,,POINT (-91.410232372442 40.42241279974)
2014779757,2014-0089,01/13/2014,01-January,2-Monday,15:30,1500 Hours,District 1 (Central),JEFFERSON,GREENE,,GARFIELD ST & S OLIVE ST,Collision with:  Vehicle in traffic,On Roadway,Broadside (front to side),FTYROW:  Other (explain in narrative),None Indicated,,Daylight,Wet,Cloudy,None apparent,Non-intersection:  Non-junction/no special feature,Paved,,Property Damage Only,0,0,0,0,0,0,3500,2,4,,POINT (-94.370777245864 42.011059717493)
2014783228,TC00314,01/13/2014,01-January,2-Monday,09:30,0900 Hours,District 4 (Southwest),MISSOURI VALLEY,HARRISON,US 30,US 30/W ERIE ST & S BLAINE ST & N BLAINE ST,Collision with:  Vehicle in traffic,On Roadway,Broadside (front to side),Other (explain in narrative):  Other,None Indicated,,Daylight,Dry,Clear,None apparent,Non-intersection:  Non-junction/no special feature,Paved,,Property Damage Only,0,0,0,0,0,0,20000,2,2,,POINT (-95.900243484159 41.556343320496)
2014779225,2014000385,01/13/2014,01-January,2-Monday,11:57,1100 Hours,District 6 (East Central),IOWA CITY,JOHNSON,,E MARKET ST & N GILBERT ST,Collision with:  Vehicle in traffic,On Roadway,"Sideswipe, same direction",Made improper turn,None Indicated,,Daylight,Wet,Clear,None apparent,Intersection:  Four-way intersection,Paved,,Property Damage Only,0,0,0,0,0,0,8000,2,2,,POINT (-91.530115884551 41.663565745753)
2014780936,,01/13/2014,01-January,2-Monday,00:46,0000 Hours,District 2 (Northeast),,KOSSUTH,,Co Rd B40/210 ST,Collision with:  Animal,On Roadway,Non-collision (single vehicle),Animal,None Indicated,,Dark - roadway not lighted,Dry,Cloudy,None apparent,Non-intersection:  Non-junction/no special feature,Paved,,Property Damage Only,0,0,0,0,0,0,4500,1,1,,POINT (-94.408330129822 43.067355784269)
2014779303,14-1240,01/13/2014,01-January,2-Monday,09:45,0900 Hours,District 3 (Northwest),SIOUX CITY,WOODBURY,,7TH ST & PIERCE ST,Collision with:  Parked motor vehicle,Shoulder,Rear-end (front to rear),Lost Control,None Indicated,,Daylight,Dry,Clear,None apparent,Non-intersection:  Non-junction/no special feature,Paved,,Property Damage Only,0,0,0,0,0,0,2900,2,1,,POINT (-96.404941869609 42.497424240691)
2014779131,2014002625,01/13/2014,01-January,2-Monday,23:10,2300 Hours,District 5 (Southeast),,WARREN,I-35,I-35,Non-collision events:  Overturn/rollover,On Roadway,Rear-end (front to rear),Ran off road - right,None Indicated,,Dark - roadway not lighted,Dry,Clear,None apparent,Non-intersection:  Non-junction/no special feature,Paved,,Major Injury,0,2,1,1,0,0,11000,2,2,,POINT (-93.785363082287 41.208434640275)
2014778955,14-246,01/13/2014,01-January,2-Monday,05:40,0500 Hours,District 1 (Central),ALTOONA,POLK,US 6,US 6/SW RAMP/SPEC CASE & NE BROADWAY AVE,Collision with:  Vehicle in traffic,On Roadway,Rear-end (front to rear),Followed too close,None Indicated,,Dark - roadway lighted,Wet,Cloudy,None apparent,Non-intersection:  Non-junction/no special feature,Paved,,Property Damage Only,0,0,0,0,0,0,2000,2,2,,POINT (-93.511566444652 41.644157059449)
2014780492,14-000171,01/13/2014,01-January,2-Monday,17:15,1700 Hours,District 1 (Central),AMES,STORY,,LINCOLN WAY,Collision with:  Vehicle in traffic,On Roadway,Rear-end (front to rear),Followed too close,None Indicated,,Daylight,Dry,Cloudy,None apparent,Non-intersection:  Non-junction/no special feature,Paved,,Possible/Unknown,0,1,0,0,1,0,900,3,3,,POINT (-93.64685508353 42.022790490002)
2014781656,20140001191,01/13/2014,01-January,2-Monday,18:45,1800 Hours,District 1 (Central),DES MOINES,POLK,,CRESENT DR,Collision with:  Vehicle in traffic,On Roadway,Broadside (front to side),Improper Backing,None Indicated,,Unknown,Unknown,Unknown,Unknown,Non-intersection:  Non-junction/no special feature,Paved,,Property Damage Only,0,0,0,0,0,0,2500,2,1,,POINT (-93.661125418367 41.586522677285)
2014779280,20140001140,01/13/2014,01-January,2-Monday,17:57,1700 Hours,District 1 (Central),DES MOINES,POLK,,WALNUT ST & 2ND AVE,Collision with:  Vehicle in traffic,On Roadway,"Sideswipe, same direction",Made improper turn,None Indicated,,Dark - roadway lighted,Dry,Clear,None apparent,Intersection:  Four-way intersection,Paved,,Property Damage Only,0,0,0,0,0,0,4000,2,3,,POINT (-93.619714816888 41.586942496973)
2014779202,14-001300,01/13/2014,01-January,2-Monday,11:34,1100 Hours,District 5 (Southeast),BURLINGTON,DES MOINES,,WASHINGTON ST & 3RD ST,Collision with:  Vehicle in traffic,On Roadway,Broadside (front to side),Other (explain in narrative):  Other,None Indicated,,Daylight,Dry,Clear,None apparent,Non-intersection:  Non-junction/no special feature,Paved,,Possible/Unknown,0,1,0,0,1,0,2000,2,8,,POINT (-91.102409301447 40.810836601181)
2014779279,20140001124,01/13/2014,01-January,2-Monday,14:24,1400 Hours,District 1 (Central),DES MOINES,POLK,,MADISON AVE & LOWER BEAVER RD,Collision with:  Vehicle in traffic,On Roadway,Broadside (front to side),Other (explain in narrative):  Other,None Indicated,,Daylight,Dry,Clear,None apparent,Non-intersection:  Non-junction/no special feature,Paved,,Property Damage Only,0,0,0,0,0,0,3000,2,6,,POINT (-93.664327401887 41.633188583901)
2014780239,2014002680,01/13/2014,01-January,2-Monday,10:30,1000 Hours,District 6 (East Central),CORALVILLE,JOHNSON,I-80,I-80,Collision with:  Vehicle in traffic,On Roadway,Rear-end (front to rear),Other (explain in narrative):  Other,None Indicated,,Daylight,Dry,Cloudy,None apparent,Non-intersection:  Non-junction/no special feature,Paved,,Property Damage Only,0,0,0,0,0,0,4000,2,2,,POINT (-91.588853423017 41.690935307404)
2014779285,14-0089,01/13/2014,01-January,2-Monday,18:11,1800 Hours,District 1 (Central),URBANDALE,POLK,,DOUGLAS PKWY,Collision with:  Animal,,,Animal,None Indicated,,,,,,,Paved,,Property Damage Only,0,0,0,0,0,0,3000,1,1,,POINT (-93.809935126168 41.629363550887)
2014780712,01-14-1976,01/13/2014,01-January,2-Monday,18:51,1800 Hours,District 6 (East Central),DUBUQUE,DUBUQUE,,KAUFMANN AVE,Collision with:  Vehicle in traffic,On Roadway,"Sideswipe, same direction",Other (explain in narrative):  Other,None Indicated,,Dark - roadway not lighted,Dry,Clear,None apparent,Non-intersection:  Non-junction/no special feature,Paved,,Property Damage Only,0,0,0,0,0,0,7000,2,4,,POINT (-90.679575186127 42.514460587956)
2014779259,14-262,01/13/2014,01-January,2-Monday,12:47,1200 Hours,District 1 (Central),,POLK,US 69,US 69/NE 14TH ST & Co Rd F52/NE 46TH AVE & NE BROADWAY AND NE 46TH,Collision with:  Vehicle in traffic,On Roadway,Rear-end (front to rear),"Operating vehicle in an reckless, erratic, careless, negligent manner",None Indicated,,Daylight,Dry,Cloudy,None apparent,Intersection:  Four-way intersection,Paved,,Property Damage Only,0,0,0,0,0,0,5000,2,2,,POINT (-93.600496717863 41.644060138592)
2014779310,2014002684,01/13/2014,01-January,2-Monday,11:30,1100 Hours,District 6 (East Central),DYERSVILLE,DELAWARE,,332ND AVE,Collision with:  Vehicle in traffic,On Roadway,Rear-end (front to rear),Improper Backing,None Indicated,,Daylight,Dry,Clear,None apparent,Intersection:  T-intersection,Paved,,Property Damage Only,0,0,0,0,0,0,10000,2,2,,POINT (-91.144002434595 42.471820839467)
2014780446,14-733,01/13/2014,01-January,2-Monday,20:55,2000 Hours,District 6 (East Central),BETTENDORF,SCOTT,I-80,I-80,Collision with:  Vehicle in traffic,On Roadway,Rear-end (front to rear),Exceeded authorized speed,None Indicated,,Dark - roadway lighted,Dry,Clear,None apparent,Non-intersection:  Non-junction/no special feature,Paved,,Minor Injury,0,2,0,2,0,0,8500,2,2,,POINT (-90.466649257356 41.596981587998)
2014781256,,01/13/2014,01-January,2-Monday,09:30,0900 Hours,District 6 (East Central),CEDAR RAPIDS,LINN,,42ND ST NE & NORTHWOOD DR NE,Collision with:  Vehicle in traffic,On Roadway,Broadside (front to side),Unknown,None Indicated,,Daylight,Dry,Clear,,Intersection:  Four-way intersection,Paved,,Property Damage Only,0,0,0,0,0,0,5000,2,3,,POINT (-91.674700294256 42.021645006433)
2014780240,2014002747,01/13/2014,01-January,2-Monday,15:30,1500 Hours,District 6 (East Central),,IOWA,I-80,I-80,Collision with:  Vehicle in traffic,On Roadway,"Sideswipe, same direction",FTYROW:  Other (explain in narrative),None Indicated,,Daylight,Dry,Clear,None apparent,Non-intersection:  Non-junction/no special feature,Paved,,Possible/Unknown,0,1,0,0,1,0,7000,2,2,,POINT (-92.132200494531 41.694629887914)
2014780391,0114142A,01/13/2014,01-January,2-Monday,20:30,2000 Hours,District 4 (Southwest),,PAGE,,Co Rd J32/190 ST,Non-collision events:  Overturn/rollover,On Roadway,Non-collision (single vehicle),Swerving/Evasive Action,None Indicated,,Dark - roadway not lighted,Dry,Clear,None apparent,Non-intersection:  Other non-intersection (explain in narrative),Unpaved,,Major Injury,0,1,1,0,0,0,1750,1,1,,POINT (-95.159269212585 40.771491985956)
2014780933,,01/13/2014,01-January,2-Monday,15:40,1500 Hours,District 2 (Northeast),,FLOYD,,Co Rd B60/270TH ST & NOBLE AVE,,On Roadway,Non-collision (single vehicle),Swerving/Evasive Action,None Indicated,,Daylight,Dry,Cloudy,None apparent,Non-intersection:  Non-junction/no special feature,Paved,,Minor Injury,0,1,0,1,0,0,10000,1,1,,POINT (-92.771820101665 42.965410881579)
2014779186,W14-004313,01/13/2014,01-January,2-Monday,20:30,2000 Hours,District 2 (Northeast),WATERLOO,BLACK HAWK,,EASTON AVE,Collision with:  Vehicle in traffic,Roadside,Rear-end (front to rear),Illegally Parked/Unattended,None Indicated,,Dark - roadway not lighted,Wet,Clear,None apparent,Non-intersection:  Other non-intersection (explain in narrative),Paved,,Property Damage Only,0,0,0,0,0,0,5000,2,1,,POINT (-92.351752304514 42.473021620768)
2014779239,14000896,01/13/2014,01-January,2-Monday,17:40,1700 Hours,District 6 (East Central),MARION,LINN,,BLAIRS FERRY RD & LINDALE DR,Collision with:  Vehicle in traffic,On Roadway,Rear-end (front to rear),Followed too close,None Indicated,,Dark - roadway lighted,Dry,Clear,None apparent,Intersection:  Four-way intersection,Paved,,Property Damage Only,0,0,0,0,0,0,2000,2,6,,POINT (-91.623668765729 42.032284280023)
2014781967,2014-01264,01/13/2014,01-January,2-Monday,06:57,0600 Hours,District 5 (Southeast),INDIANOLA,WARREN,,W 4TH AVE,Collision with:  Parked motor vehicle,On Roadway,"Sideswipe, opposite direction",Improper Backing,None Indicated,,Dark - roadway lighted,Unknown,Unknown,None apparent,Non-intersection:  Driveway access (within),Paved,,Property Damage Only,0,0,0,0,0,0,2450,2,1,,POINT (-93.567024787468 41.356335638504)
2014779246,2014000371,01/13/2014,01-January,2-Monday,09:48,0900 Hours,District 1 (Central),MARSHALLTOWN,MARSHALL,IA 14,IA 14/S CENTER ST & W SOUTHRIDGE RD & E SOUTHRIDGE RD,Collision with:  Vehicle in traffic,On Roadway,"Sideswipe, same direction",FTYROW:  Other (explain in narrative),None Indicated,,Daylight,Wet,Cloudy,None apparent,Intersection:  Four-way intersection,Paved,,Property Damage Only,0,0,0,0,0,0,5000,2,3,,POINT (-92.912349072948 42.01795980481)
2014783947,2014-2895,01/13/2014,01-January,2-Monday,19:11,1900 Hours,District 6 (East Central),DAVENPORT,SCOTT,,W LOMBARD ST,Collision with:  Vehicle in traffic,On Roadway,Rear-end (front to rear),Unknown,None Indicated,,Dark - roadway not lighted,Dry,Clear,None apparent,Non-intersection:  Non-junction/no special feature,Paved,,Property Damage Only,0,0,0,0,0,0,10000,2,5,,POINT (-90.594925550287 41.541881281097)
2014779288,14-0207,01/13/2014,01-January,2-Monday,16:05,1600 Hours,District 1 (Central),WEST DES MOINES,POLK,,MILLS CIVIC PKWY,Collision with:  Vehicle in traffic,On Roadway,Broadside (front to side),FTYROW:  From driveway,None Indicated,,Daylight,Dry,Clear,None apparent,Non-intersection:  Driveway access (within),Paved,,Property Damage Only,0,0,0,0,0,0,2250,2,4,,POINT (-93.768500809054 41.559193649133)
2014779433,14-000150,01/13/2014,01-January,2-Monday,15:35,1500 Hours,District 1 (Central),ANKENY,POLK,US 69,US 69/S ANKENY BLVD,Collision with:  Vehicle in traffic,On Roadway,Rear-end (front to rear),Followed too close,None Indicated,,Daylight,Dry,Clear,None apparent,Non-intersection:  Driveway access (within),Paved,,Property Damage Only,0,0,0,0,0,0,6000,2,5,,POINT (-93.600469397198 41.713496131411)
2014779659,2014002637,01/13/2014,01-January,2-Monday,06:21,0600 Hours,District 4 (Southwest),,MILLS,I-29,I-29,Collision with:  Vehicle in traffic,On Roadway,Rear-end (front to rear),Exceeded authorized speed,None Indicated,,Dark - roadway not lighted,Dry,Clear,None apparent,Non-intersection:  Non-junction/no special feature,Paved,,Possible/Unknown,0,1,0,0,1,0,10000,2,3,,POINT (-95.798735026547 40.917115856508)
2014789348,14-003,01/13/2014,01-January,2-Monday,11:00,1100 Hours,District 3 (Northwest),,CALHOUN,,380TH ST,Collision with:  Vehicle in traffic,On Roadway,"Angle, oncoming left turn",FTYROW:  From driveway,None Indicated,,Daylight,Dry,Clear,None apparent,Non-intersection:  Driveway access (within),Unpaved,,Minor Injury,0,2,0,1,1,0,6000,2,3,,POINT (-94.845452670162 42.238726327914)
2014780013,14-001108,01/13/2014,01-January,2-Monday,05:44,0500 Hours,District 5 (Southeast),,LEE,US 61,US 61,Collision with:  Animal,,,Animal,None Indicated,,,,,,,Paved,,Property Damage Only,0,0,0,0,0,0,2500,1,1,,POINT (-91.430432436343 40.439291682649)
2014779250,14-0084,01/13/2014,01-January,2-Monday,15:25,1500 Hours,District 2 (Northeast),OSAGE,MITCHELL,US 218,US 218/MAIN ST & S 8TH ST & N 8TH ST,Collision with:  Vehicle in traffic,On Roadway,Rear-end (front to rear),Swerving/Evasive Action,None Indicated,,Daylight,Wet,Clear,None apparent,Intersection:  Four-way intersection,Paved,,Property Damage Only,0,0,0,0,0,0,5000,3,4,,POINT (-92.809384268283 43.28410863224)
2014779599,20140001144,01/13/2014,01-January,2-Monday,18:53,1800 Hours,District 1 (Central),DES MOINES,POLK,US 69,US 69/SE 14TH ST,Collision with:  Vehicle in traffic,On Roadway,Rear-end (front to rear),Followed too close,None Indicated,,Dark - roadway lighted,Dry,Cloudy,None apparent,Non-intersection:  Non-junction/no special feature,Paved,,Property Damage Only,0,0,0,0,0,0,5500,2,2,,POINT (-93.596840080089 41.554826452102)
2014779372,14000598,01/13/2014,01-January,2-Monday,13:14,1300 Hours,District 2 (Northeast),MASON CITY,CERRO GORDO,IA 122,IA 122/4TH ST SW,Collision with:  Vehicle in traffic,On Roadway,"Sideswipe, same direction",Improper or erratic lane changing,None Indicated,,Daylight,Wet,Clear,None apparent,Intersection:  Four-way intersection,Paved,,Property Damage Only,0,0,0,0,0,0,3000,2,3,,POINT (-93.230507190028 43.148351712087)
2014778996,20140001081,01/13/2014,01-January,2-Monday,07:57,0700 Hours,District 1 (Central),DES MOINES,POLK,,E 25TH ST,Collision with:  Vehicle in traffic,On Roadway,Broadside (front to side),Driving too fast for conditions,None Indicated,,Dawn,Ice/frost,Cloudy,"Surface condition (e.g., wet, icy)",Intersection:  Four-way intersection,Paved,,Property Damage Only,0,0,0,0,0,0,11400,2,3,,POINT (-93.570680038602 41.600391970969)