Iowa DOT Case Number,Law Enforcement Case Number,Date of Crash,Month of Crash,Day of Week,Time of Crash,Hour,DOT District,City Name,County Name,Route with System,Location Description,First Harmful Event,Location of First Harmful Event,Manner of Crash/Collision,Major Cause,Drug or Alcohol ,Environmental Conditions,Light Conditions,Surface Conditions,Weather Conditions,Roadway Contribution,Roadway Type,Roadway Surface,Work Zone,Crash Severity,Number of Fatalities,Number of Injuries,Number of Major Injuries,Number of Minor Injuries,Number of Possible Injuries,Number of Unknown Injuries,Amount of Property Damage,Number of Vehicles Involved,Total Number of Occupants,Travel Direction,Location
2014779434,14-000152,01/13/2014,01-January,2-Monday,17:20,1700 Hours,District 1 (Central),ANKENY,POLK,IA 160,IA 160/SW ORALABOR RD & IA 415/SW STATE ST,Collision with:  Vehicle in traffic,On Roadway,Broadside (front to side),Ran Traffic Signal,None Indicated,,Dusk,Dry,Clear,None apparent,Intersection:  Four-way intersection,Paved,,Property Damage Only,0,0,0,0,0,0,2500,2,2,,POINT (-93.621562201956 41.703115924141)
2014778945,1401131-A,01/13/2014,01-January,2-Monday,14:46,1400 Hours,District 4 (Southwest),RED OAK,MONTGOMERY,IA 48,IA 48/BROADWAY ST & WALNUT ST,Collision with:  Vehicle in traffic,On Roadway,Broadside (front to side),FTYROW:  From stop sign,None Indicated,,Daylight,"Mud, dirt",Clear,None apparent,Intersection:  Other intersection (explain in narrative),Paved,,Property Damage Only,0,0,0,0,0,0,5000,2,2,,POINT (-95.23278674329 41.018480828513)
2014800072,1400296,01/13/2014,01-January,2-Monday,14:25,1400 Hours,District 5 (Southeast),WASHINGTON,WASHINGTON,IA 92,IA 92/W MADISON ST,Collision with:  Vehicle in traffic,On Roadway,Rear-end (front to rear),Driver Distraction:  Reaching for object(s)/fallen object(s),None Indicated,,Daylight,Dry,Cloudy,None apparent,Non-intersection:  Driveway access (within),Paved,,Property Damage Only,0,0,0,0,0,0,5050,2,2,,POINT (-91.694587469307 41.296482034135)
2014779290,14-001530,01/13/2014,01-January,2-Monday,15:36,1500 Hours,District 4 (Southwest),COUNCIL BLUFFS,POTTAWATTAMIE,,7TH AVE & S 30TH ST,Collision with:  Vehicle in traffic,On Roadway,Broadside (front to side),FTYROW:  At uncontrolled intersection,None Indicated,,Daylight,Dry,Clear,None apparent,Intersection:  Four-way intersection,Paved,,Property Damage Only,0,0,0,0,0,0,1700,2,5,,POINT (-95.892515861787 41.255444589586)
2014780268,,01/13/2014,01-January,2-Monday,15:39,1500 Hours,District 5 (Southeast),FORT MADISON,LEE,,AVE F,Collision with:  Parked motor vehicle,On Roadway,"Sideswipe, same direction",Other (explain in narrative):  Vision obstructed,None Indicated,,Daylight,Wet,Cloudy,None apparent,Non-intersection:  Non-junction/no special feature,Paved,,Property Damage Only,0,0,0,0,0,0,2000,2,2,,POINT (-91.321636991438 40.632082330359)
2014781249,,01/13/2014,01-January,2-Monday,17:28,1700 Hours,District 6 (East Central),CEDAR RAPIDS,LINN,,6TH AVE SE,Collision with:  Vehicle in traffic,On Roadway,Broadside (front to side),Unknown,None Indicated,,Daylight,Wet,Clear,,Non-intersection:  Non-junction/no special feature,Paved,,Possible/Unknown,0,3,0,0,3,0,4100,2,4,,POINT (-91.663159963934 41.975182191205)
2014780964,14000323,01/13/2014,01-January,2-Monday,07:45,0700 Hours,District 6 (East Central),DUNDEE,DELAWARE,,Co Rd W69/140TH ST,Collision with:  Animal,,,Animal,None Indicated,,,,,,,Paved,,Property Damage Only,0,0,0,0,0,0,3500,1,1,,POINT (-91.533734409704 42.585618648454)
2014779772,201400117,01/13/2014,01-January,2-Monday,06:02,0600 Hours,District 6 (East Central),,LINN,,Co Rd W36/COVINGTON RD,Collision with:  Animal,,,Animal,None Indicated,,,,,,,Paved,,Property Damage Only,0,0,0,0,0,0,2000,1,1,,POINT (-91.786292834398 42.032480222707)
2014779283,20140001121,01/13/2014,01-January,2-Monday,14:19,1400 Hours,District 1 (Central),DES MOINES,POLK,I-235,I-235 & US 69/E 14TH ST & MAPLE ST,Collision with:  Vehicle in traffic,On Roadway,Rear-end (front to rear),Followed too close,None Indicated,,Daylight,Dry,Clear,None apparent,Intersection:  Four-way intersection,Paved,,Property Damage Only,0,0,0,0,0,0,2000,2,2,,POINT (-93.599120390713 41.596572323006)
2014781232,,01/13/2014,01-January,2-Monday,11:00,1100 Hours,District 4 (Southwest),EXIRA,AUDUBON,,,Collision with:  Non-motorist (see non-motorist section - NOT a unit),On Roadway,Non-collision (single vehicle),FTYROW:  To pedestrian,None Indicated,,Daylight,Dry,"Blowing sand, soil, dirt",None apparent,Non-intersection:  Non-junction/no special feature,,,Possible/Unknown,0,1,0,0,1,0,0,1,1,,POINT (-96.643700149993 40.233091251414)
2014779465,14-000710,01/13/2014,01-January,2-Monday,10:04,1000 Hours,District 6 (East Central),BETTENDORF,SCOTT,,LINCOLN RD & 18TH ST,Collision with:  Vehicle in traffic,On Roadway,Rear-end (front to rear),Lost Control,None Indicated,,Daylight,Wet,Clear,None apparent,Intersection:  Four-way intersection,Paved,,Property Damage Only,0,0,0,0,0,0,4500,2,2,,POINT (-90.507305405553 41.536303643464)
2014785827,14000165,01/13/2014,01-January,2-Monday,06:25,0600 Hours,District 5 (Southeast),,KEOKUK,IA 22,IA 22/IOWA 22,Collision with fixed object:  Ditch,Shoulder,Non-collision (single vehicle),Ran off road - right,None Indicated,,Dark - roadway not lighted,Dry,Clear,None apparent,Non-intersection:  Non-junction/no special feature,Paved,,Property Damage Only,0,0,0,0,0,0,1600,1,1,,POINT (-91.993444239675 41.460888269864)
2014779958,14-01266,01/13/2014,01-January,2-Monday,07:12,0700 Hours,District 5 (Southeast),,DES MOINES,,Co Rd X62/SUMMER ST,Collision with fixed object:  Guardrail - face,On Roadway,Non-collision (single vehicle),Lost Control,None Indicated,,Daylight,Ice/frost,Clear,"Surface condition (e.g., wet, icy)",Non-intersection:  Non-junction/no special feature,Paved,,Property Damage Only,0,0,0,0,0,0,6000,1,1,,POINT (-91.142916301572 40.745035755645)
2014779077,14-0127,01/13/2014,01-January,2-Monday,10:20,1000 Hours,District 1 (Central),FORT DODGE,WEBSTER,,AVE O & TOWER DR,Collision with:  Vehicle in traffic,On Roadway,Head-on (front to front),Made improper turn,None Indicated,,Daylight,Dry,Cloudy,None apparent,Non-intersection:  Non-junction/no special feature,Paved,,Property Damage Only,0,0,0,0,0,0,1700,2,3,,POINT (-94.202437583676 42.486846775426)
2014779276,20140001120,01/13/2014,01-January,2-Monday,14:27,1400 Hours,District 1 (Central),DES MOINES,POLK,,UNIVERSITY AVE & 24TH ST,Collision with:  Vehicle in traffic,On Roadway,Rear-end (front to rear),Followed too close,None Indicated,,Daylight,Dry,Clear,None apparent,Intersection:  Four-way intersection,Paved,,Property Damage Only,0,0,0,0,0,0,7750,3,3,,POINT (-93.649723326258 41.600413786574)
2014779304,14-1277,01/13/2014,01-January,2-Monday,15:08,1500 Hours,District 3 (Northwest),SIOUX CITY,WOODBURY,,GLENN AVE,Collision with:  Vehicle in traffic,On Roadway,Broadside (front to side),FTYROW:  From stop sign,None Indicated,,Daylight,Dry,Cloudy,None apparent,Non-intersection:  Driveway access (within),Paved,,Property Damage Only,0,0,0,0,0,0,4000,2,3,,POINT (-96.374742113497 42.465343966048)
2014796133,AC14-002,01/13/2014,01-January,2-Monday,14:45,1400 Hours,District 4 (Southwest),HARLAN,SHELBY,IA 44,IA 44/CHATBURN AVE & 19TH ST,Collision with:  Vehicle in traffic,On Roadway,Broadside (front to side),FTYROW:  From stop sign,None Indicated,,Daylight,Dry,Clear,None apparent,Intersection:  T-intersection,Paved,,Possible/Unknown,0,1,0,0,1,0,4500,2,3,,POINT (-95.335282798866 41.646056633592)
2014780637,14000584,01/13/2014,01-January,2-Monday,18:55,1800 Hours,District 6 (East Central),,CEDAR,,Co Rd F44/290TH & Co Rd Y26/YANKEE AVE,Collision with fixed object:  Ditch,Roadside,Non-collision (single vehicle),Ran off road - left,None Indicated,,Dark - roadway not lighted,Dry,Clear,None apparent,Intersection:  Four-way intersection,Paved,,Property Damage Only,0,0,0,0,0,0,2500,1,1,,POINT (-90.918841467532 41.669899653616)
2014779805,14-000153,01/13/2014,01-January,2-Monday,17:35,1700 Hours,District 1 (Central),ANKENY,POLK,,NW 9TH ST & NW MAPLE ST,Collision with:  Vehicle in traffic,On Roadway,Rear-end (front to rear),Other (explain in narrative):  Other,None Indicated,,Dark - roadway lighted,Dry,Clear,None apparent,Non-intersection:  Non-junction/no special feature,Paved,,Property Damage Only,0,0,0,0,0,0,1500,2,2,,POINT (-93.609158613867 41.73748118255)
2014778876,14-01319,01/13/2014,01-January,2-Monday,13:40,1300 Hours,District 5 (Southeast),BURLINGTON,DES MOINES,,LEEBRICK ST,Non-collision events:  Other non-collision (explain in narrative),On Roadway,"Sideswipe, same direction",Crossed centerline (undivided),None Indicated,,Daylight,Dry,Clear,None apparent,Non-intersection:  Non-junction/no special feature,Paved,,Property Damage Only,0,0,0,0,0,0,1500,2,1,,POINT (-91.121346750967 40.800607449155)
2014779449,20140001148,01/13/2014,01-January,2-Monday,20:35,2000 Hours,District 1 (Central),DES MOINES,POLK,,SW 9TH ST,Collision with fixed object:  Curb/island/raised median,On Roadway,"Sideswipe, opposite direction",Exceeded authorized speed,None Indicated,,Dark - roadway lighted,Dry,Cloudy,None apparent,Non-intersection:  Non-junction/no special feature,Paved,,Major Injury,0,3,1,1,1,0,16000,2,3,,POINT (-93.623038808804 41.570792519527)
2014779373,14000600,01/13/2014,01-January,2-Monday,13:38,1300 Hours,District 2 (Northeast),MASON CITY,CERRO GORDO,,S VIRGINIA AVE,Collision with:  Vehicle in traffic,On Roadway,Broadside (front to side),FTYROW:  Other (explain in narrative),None Indicated,,Daylight,Dry,Clear,None apparent,Non-intersection:  Non-junction/no special feature,Paved,,Property Damage Only,0,0,0,0,0,0,4000,2,3,,POINT (-93.186115837109 43.142066094802)
2014779262,20140001073,01/13/2014,01-January,2-Monday,05:49,0500 Hours,District 1 (Central),DES MOINES,POLK,,E HARTFORD AVE,Collision with:  Animal,,,Animal,None Indicated,,,,,,,Paved,,Property Damage Only,0,0,0,0,0,0,1500,1,1,,POINT (-93.577101679749 41.568249010259)
2014779652,14000054,01/13/2014,01-January,2-Monday,20:38,2000 Hours,District 1 (Central),,STORY,,COUNTRY CLUB RD,Collision with:  Animal,,,Animal,None Indicated,,,,,,,Paved,,Property Damage Only,0,0,0,0,0,0,2000,1,1,,POINT (-93.444531219874 41.994895144447)
2014783564,1401131725,01/13/2014,01-January,2-Monday,17:25,1700 Hours,District 6 (East Central),,JONES,IA 38,IA 38/IOWA 38,Collision with:  Animal,,,Animal,None Indicated,,,,,,,Paved,,Property Damage Only,0,0,0,0,0,0,1800,1,1,,POINT (-91.097399566957 42.072848841642)
2014779376,1400606,01/13/2014,01-January,2-Monday,15:28,1500 Hours,District 2 (Northeast),MASON CITY,CERRO GORDO,IA 122,IA 122/5TH ST SE & S PENNSYLVANIA AVE,Collision with:  Vehicle in traffic,On Roadway,Broadside (front to side),FTYROW:  From stop sign,None Indicated,,Daylight,Wet,Cloudy,None apparent,Intersection:  Four-way intersection,Paved,,Minor Injury,0,2,0,1,1,0,9500,2,2,,POINT (-93.198417059229 43.1471601847)
2014778995,20140001077,01/13/2014,01-January,2-Monday,06:30,0600 Hours,District 1 (Central),DES MOINES,POLK,,GRAND AVE & 7TH ST,Collision with:  Parked motor vehicle,On Roadway,"Sideswipe, same direction",Improper or erratic lane changing,None Indicated,,Dawn,Dry,Cloudy,None apparent,Non-intersection:  Non-junction/no special feature,Paved,,Property Damage Only,0,0,0,0,0,0,2100,2,4,,POINT (-93.626522712766 41.58750007831)
2014779577,201400635,01/13/2014,01-January,2-Monday,11:10,1100 Hours,District 6 (East Central),CEDAR RAPIDS,LINN,,O AVE NW,Collision with:  Vehicle in traffic,On Roadway,Rear-end (front to rear),Lost Control,None Indicated,,Daylight,Slush,Clear,Work Zone (roadway-related),Non-intersection:  Non-junction/no special feature,Unpaved,Yes,Property Damage Only,0,0,0,0,0,0,3500,2,2,,POINT (-91.717562939252 41.989375624266)
2014779366,14-414,01/13/2014,01-January,2-Monday,11:25,1100 Hours,District 3 (Northwest),CARROLL,CARROLL,US 30,US 30/6TH ST & GRANT RD,Collision with:  Vehicle in traffic,On Roadway,"Sideswipe, same direction",Made improper turn,None Indicated,,Daylight,Dry,Clear,None apparent,Non-intersection:  Non-junction/no special feature,Paved,,Property Damage Only,0,0,0,0,0,0,2500,2,2,,POINT (-94.859273486032 42.064012766744)
2014780717,02-14-808,01/13/2014,01-January,2-Monday,01:46,0100 Hours,District 6 (East Central),CASCADE,DUBUQUE,US 151,US 151 & IA 136/IOWA 136,Collision with fixed object:  Bridge overhead structure,On Roadway,Non-collision (single vehicle),Ran off road - right,None Indicated,,Dark - roadway lighted,Dry,Cloudy,None apparent,Non-intersection:  Other non-intersection (explain in narrative),Paved,,Property Damage Only,0,0,0,0,0,0,30300,1,1,,POINT (-91.022998677176 42.305175196956)
2014779033,14-001449,01/13/2014,01-January,2-Monday,03:00,0300 Hours,District 4 (Southwest),COUNCIL BLUFFS,POTTAWATTAMIE,,W BROADWAY,Collision with fixed object:  Other fixed object (explain in narrative),Outside trafficway,Non-collision (single vehicle),Crossed centerline (undivided),None Indicated,,Dark - roadway lighted,Wet,Cloudy,None apparent,Non-intersection:  Non-junction/no special feature,Paved,,Property Damage Only,0,0,0,0,0,0,3800,1,1,,POINT (-95.847355793553 41.261497677253)
2014779785,2014000393,01/13/2014,01-January,2-Monday,18:33,1800 Hours,District 1 (Central),MARSHALLTOWN,MARSHALL,IA 14,IA 14/E ANSON ST/S 3RD AVE,Collision with:  Vehicle in traffic,On Roadway,"Angle, oncoming left turn",FTYROW:  Making left turn,None Indicated,,Dark - roadway lighted,Wet,Clear,None apparent,Intersection:  Four-way intersection,Paved,,Minor Injury,0,2,0,2,0,0,6000,2,3,,POINT (-92.907875153588 42.038167163245)
2014779584,14-000194,01/13/2014,01-January,2-Monday,13:28,1300 Hours,District 3 (Northwest),LESTER,LYON,IA 9,IA 9/IOWA 9 & Co Rd K30/DOVE AVE & CLINTON ST,Collision with:  Vehicle in traffic,On Roadway,Rear-end (front to rear),Followed too close,None Indicated,,Daylight,Dry,Clear,None apparent,Intersection:  Four-way intersection,Paved,,Property Damage Only,0,0,0,0,0,0,6000,2,2,,POINT (-96.333837276594 43.433047492552)
2014779277,20140001122,01/13/2014,01-January,2-Monday,14:38,1400 Hours,District 1 (Central),DES MOINES,POLK,,EASTON BLVD & E 29TH ST,Collision with:  Vehicle in traffic,On Roadway,"Sideswipe, same direction",FTYROW:  Other (explain in narrative),None Indicated,,Daylight,Dry,Cloudy,None apparent,Intersection:  Four-way intersection,Paved,,Property Damage Only,0,0,0,0,0,0,3000,2,2,,POINT (-93.561142782481 41.610391913461)
2014779208,32002-14,01/13/2014,01-January,2-Monday,19:20,1900 Hours,District 3 (Northwest),,EMMET,IA 4,IA 4/IOWA 4,Collision with:  Animal,,,Animal,None Indicated,,,,,,,Paved,,Property Damage Only,0,0,0,0,0,0,8000,1,1,,POINT (-94.797203846468 43.350978949884)
2014779485,2014002630,01/13/2014,01-January,2-Monday,00:32,0000 Hours,District 1 (Central),,JASPER,US 65,US 65/W US 65 N & IA 117/IOWA 117 N & IA 330/IOWA 330 N,Collision with:  Animal,,,Animal,None Indicated,,,,,,,Paved,,Property Damage Only,0,0,0,0,0,0,3500,1,1,,POINT (-93.308582571464 41.809926966509)
2014780051,14-000209,01/13/2014,01-January,2-Monday,16:44,1600 Hours,District 3 (Northwest),CASTANA,MONONA,,CEDAR ST,Collision with:  Vehicle in traffic,On Roadway,Head-on (front to front),Crossed centerline (undivided),None Indicated,,Dusk,"Mud, dirt",Cloudy,None apparent,Intersection:  Y-intersection,Unpaved,,Property Damage Only,0,0,0,0,0,0,5100,2,2,,POINT (-95.908795891969 42.070287033402)
2014779076,14-0122,01/13/2014,01-January,2-Monday,05:50,0500 Hours,District 1 (Central),FORT DODGE,WEBSTER,,8TH AVE S,Collision with:  Vehicle in traffic,On Roadway,Rear-end (front to rear),Other (explain in narrative):  No improper action,None Indicated,,Dark - roadway lighted,Wet,Clear,None apparent,Non-intersection:  Non-junction/no special feature,Paved,,Property Damage Only,0,0,0,0,0,0,6000,2,1,,POINT (-94.166558934829 42.497529178459)
2014781252,,01/13/2014,01-January,2-Monday,18:30,1800 Hours,District 6 (East Central),,LINN,,,Unknown,On Roadway,Unknown,Unknown,None Indicated,,,,,,,,,Possible/Unknown,0,1,0,0,1,0,0,2,2,,POINT (-96.643700149993 40.233091251414)
2014781008,14005895,01/13/2014,01-January,2-Monday,16:11,1600 Hours,District 6 (East Central),NORTH LIBERTY,JOHNSON,,KANSAS AVE,Collision with fixed object:  Ditch,On Roadway,Non-collision (single vehicle),Unknown,Drug,,Daylight,Wet,Cloudy,None apparent,Non-intersection:  Non-junction/no special feature,Unpaved,,Property Damage Only,0,0,0,0,0,0,1500,1,1,,POINT (-91.637089655273 41.725518348713)
2014779199,SO1401138091,01/13/2014,01-January,2-Monday,19:00,1900 Hours,District 6 (East Central),CLINTON,CLINTON,US 61,US 61,Collision with:  Animal,,,Animal,None Indicated,,,,,,,Paved,,Property Damage Only,0,0,0,0,0,0,1500,1,1,,POINT (-90.569281830646 41.868797776314)
2014779358,14-004135,01/13/2014,01-January,2-Monday,12:16,1200 Hours,District 2 (Northeast),EVANSDALE,BLACK HAWK,,RIVER FOREST RD,Collision with:  Vehicle in traffic,On Roadway,"Sideswipe, same direction",FTYROW:  Other (explain in narrative),None Indicated,,Daylight,Wet,Clear,Unknown,Non-intersection:  Non-junction/no special feature,Paved,,Property Damage Only,0,0,0,0,0,0,4000,2,4,,POINT (-92.292258849412 42.477857060408)
2014779295,14-0133,01/13/2014,01-January,2-Monday,17:30,1700 Hours,District 1 (Central),FORT DODGE,WEBSTER,,5TH AVE S,Collision with:  Vehicle in traffic,On Roadway,Rear-end (front to rear),Driver Distraction:  Reaching for object(s)/fallen object(s),None Indicated,,Dark - roadway not lighted,Dry,Clear,None apparent,Non-intersection:  Non-junction/no special feature,Paved,,Property Damage Only,0,0,0,0,0,0,4000,2,2,,POINT (-94.174754373077 42.501056747568)
2014779466,2014-0698,01/13/2014,01-January,2-Monday,04:46,0400 Hours,District 6 (East Central),BETTENDORF,SCOTT,,CENTRAL AVE & 23RD ST,Collision with:  Vehicle in traffic,On Roadway,Broadside (front to side),Ran Stop Sign,None Indicated,,Dark - roadway lighted,Ice/frost,Other (explain in narrative),None apparent,Intersection:  Four-way intersection,Paved,,Property Damage Only,0,0,0,0,0,0,3500,2,2,,POINT (-90.500179225678 41.531483569761)
2014779184,W14-004203,01/13/2014,01-January,2-Monday,16:07,1600 Hours,District 2 (Northeast),WATERLOO,BLACK HAWK,US 218,US 218/WASHINGTON ST & WILLISTON AVE & W 18TH ST,Collision with:  Vehicle in traffic,On Roadway,Rear-end (front to rear),Followed too close,None Indicated,,Daylight,Dry,Clear,None apparent,Intersection:  Four-way intersection,Paved,,Property Damage Only,0,0,0,0,0,0,4500,2,2,,POINT (-92.32806041991 42.483845301461)
2014779278,20140001123,01/13/2014,01-January,2-Monday,14:42,1400 Hours,District 1 (Central),DES MOINES,POLK,,SW 7TH ST & SW 7TH CONN,Collision with:  Vehicle in traffic,On Roadway,"Sideswipe, same direction",Other (explain in narrative):  Vision obstructed,None Indicated,,Daylight,Dry,Clear,None apparent,Intersection:  T-intersection,Paved,,Property Damage Only,0,0,0,0,0,0,2000,2,3,,POINT (-93.624712554288 41.582673031466)
2014779287,14-0216,01/14/2014,01-January,3-Tuesday,07:20,0700 Hours,District 1 (Central),WEST DES MOINES,POLK,,ASHWORTH RD & PRAIRIE VIEW DR,Collision with:  Vehicle in traffic,On Roadway,"Sideswipe, opposite direction",Crossed centerline (undivided),None Indicated,,Dawn,Ice/frost,Cloudy,"Surface condition (e.g., wet, icy)",Non-intersection:  Non-junction/no special feature,Paved,,Possible/Unknown,0,1,0,0,1,0,12000,4,5,,POINT (-93.779897800416 41.584490306255)
2014779541,14006195,01/14/2014,01-January,3-Tuesday,06:49,0600 Hours,District 6 (East Central),,JOHNSON,,Co Rd W60/HWY 965 NW,Collision with fixed object:  Guardrail - face,On Roadway,Non-collision (single vehicle),Swerving/Evasive Action,None Indicated,,Dawn,Ice/frost,Rain,"Surface condition (e.g., wet, icy)",Non-intersection:  Non-junction/no special feature,Paved,,Property Damage Only,0,0,0,0,0,0,7000,1,1,,POINT (-91.647194932969 41.801384562688)
2014779284,20140001184,01/14/2014,01-January,3-Tuesday,08:23,0800 Hours,District 1 (Central),DES MOINES,POLK,,SW 3RD ST,Collision with:  Vehicle in traffic,On Roadway,Broadside (front to side),Lost Control,None Indicated,,Daylight,Ice/frost,Cloudy,None apparent,Non-intersection:  Non-junction/no special feature,Paved,,Property Damage Only,0,0,0,0,0,0,5500,4,2,,POINT (-93.618440764685 41.533869366037)
2014779458,14-001749,01/14/2014,01-January,3-Tuesday,19:35,1900 Hours,District 4 (Southwest),COUNCIL BLUFFS,POTTAWATTAMIE,,S 24TH ST,Collision with:  Vehicle in traffic,On Roadway,"Sideswipe, opposite direction",Crossed centerline (undivided),Alcohol (Statutory),,Dark - roadway lighted,Dry,Clear,None apparent,Non-intersection:  Non-junction/no special feature,Paved,,Minor Injury,0,1,0,1,0,0,22000,2,2,,POINT (-95.879021283957 41.219118208647)
2014780355,PD1400405,01/14/2014,01-January,3-Tuesday,06:13,0600 Hours,District 5 (Southeast),FAIRFIELD,JEFFERSON,IA 1,IA 1/S MAIN ST & W WASHINGTON AVE & E WASHINGTON AVE,Collision with:  Vehicle in traffic,On Roadway,Rear-end (front to rear),Lost Control,None Indicated,,Dark - roadway lighted,Ice/frost,"Sleet, hail","Surface condition (e.g., wet, icy)",Intersection:  Four-way intersection,Paved,,Property Damage Only,0,0,0,0,0,0,2000,2,1,,POINT (-91.963779194978 41.005638070139)
2014807714,2014002861,01/14/2014,01-January,3-Tuesday,08:50,0800 Hours,District 6 (East Central),,SCOTT,I-80,I-80,Non-collision events:  Overturn/rollover,On Roadway,Non-collision (single vehicle),Driving too fast for conditions,None Indicated,,Daylight,Wet,Cloudy,None apparent,Non-intersection:  Non-junction/no special feature,Paved,,Possible/Unknown,0,1,0,0,1,0,8500,1,1,,POINT (-90.836512000138 41.632596092926)
2014779661,2014003040,01/14/2014,01-January,3-Tuesday,18:12,1800 Hours,District 4 (Southwest),,DALLAS,,Co Rd F31/190TH ST,Collision with:  Animal,On Roadway,Non-collision (single vehicle),Animal,None Indicated,,Dark - roadway not lighted,Dry,Severe winds,None apparent,Non-intersection:  Non-junction/no special feature,Paved,,Property Damage Only,0,0,0,0,0,0,3000,1,1,,POINT (-93.850659958429 41.760941333409)
2014779394,20140171,01/14/2014,01-January,3-Tuesday,22:00,2200 Hours,District 1 (Central),DIKE,GRUNDY,US 20,US 20/NE RAMP/NE LOOP & 1ST ST,Collision with:  Vehicle in traffic,On Roadway,Broadside (front to side),Ran Stop Sign,None Indicated,,Dark - roadway lighted,Dry,Cloudy,None apparent,Intersection:  Intersection with ramp,Paved,,Possible/Unknown,0,2,0,0,2,0,20000,2,2,,POINT (-92.631845563725 42.462321708034)
2014779579,201400711,01/14/2014,01-January,3-Tuesday,16:55,1600 Hours,District 6 (East Central),CEDAR RAPIDS,LINN,,35TH ST NE,Collision with:  Vehicle in traffic,On Roadway,"Angle, oncoming left turn",FTYROW:  Making left turn,None Indicated,,Dusk,Ice/frost,Snow,None apparent,Non-intersection:  Driveway access (within),Paved,,Property Damage Only,0,0,0,0,0,0,4500,2,4,,POINT (-91.635548224331 42.013440726196)
2014779266,20140001188,01/14/2014,01-January,3-Tuesday,08:25,0800 Hours,District 1 (Central),DES MOINES,POLK,,LACONA AVE,Collision with fixed object:  Tree,Outside trafficway,Non-collision (single vehicle),Ran off road - straight,None Indicated,,Daylight,Ice/frost,Cloudy,"Surface condition (e.g., wet, icy)",Intersection:  Other intersection (explain in narrative),Paved,,Property Damage Only,0,0,0,0,0,0,1600,1,1,,POINT (-93.620895156257 41.563625309092)
2014779591,14-001739,01/14/2014,01-January,3-Tuesday,05:47,0500 Hours,District 5 (Southeast),MUSCATINE,MUSCATINE,US 61,US 61,Collision with:  Vehicle in traffic,On Roadway,Rear-end (front to rear),Crossed centerline (undivided),None Indicated,,Dark - roadway not lighted,Ice/frost,"Sleet, hail","Surface condition (e.g., wet, icy)",Non-intersection:  Non-junction/no special feature,Paved,,Possible/Unknown,0,2,0,0,2,0,2500,2,3,,POINT (-91.049793498718 41.452685316273)
2014782969,02-14-913,01/14/2014,01-January,3-Tuesday,14:50,1400 Hours,District 6 (East Central),DUBUQUE,DUBUQUE,,Co Rd Y21/SUNDOWN RD,Non-collision events:  Jackknife,On Roadway,Non-collision (single vehicle),Lost Control,None Indicated,,Daylight,Snow,Severe winds,None apparent,Non-intersection:  Non-junction/no special feature,Paved,,Property Damage Only,0,0,0,0,0,0,3000,1,1,,POINT (-90.850277852857 42.406539114614)
2014779429,14-277,01/14/2014,01-January,3-Tuesday,05:00,0500 Hours,District 1 (Central),,POLK,,Co Rd S27/NE 112TH ST,Collision with fixed object:  Mailbox,Shoulder,Non-collision (single vehicle),Crossed centerline (undivided),None Indicated,,Dark - roadway not lighted,Ice/frost,"Sleet, hail","Surface condition (e.g., wet, icy)",Non-intersection:  Non-junction/no special feature,Paved,,Property Damage Only,0,0,0,0,0,0,1500,1,1,,POINT (-93.367925574679 41.624980764016)
2014781920,2014-751,01/14/2014,01-January,3-Tuesday,06:57,0600 Hours,District 6 (East Central),BETTENDORF,SCOTT,,53RD AVE & DEVILS GLEN RD,Collision with:  Vehicle in traffic,On Roadway,"Angle, oncoming left turn",FTYROW:  Making left turn,None Indicated,,Dark - roadway lighted,Snow,Snow,"Surface condition (e.g., wet, icy)",Intersection:  Four-way intersection,Paved,,Property Damage Only,0,0,0,0,0,0,7000,2,2,,POINT (-90.483502758518 41.573917633353)
2014780935,,01/14/2014,01-January,3-Tuesday,07:10,0700 Hours,District 2 (Northeast),,KOSSUTH,US 169,US 169,Non-collision events:  Other non-collision (explain in narrative),On Roadway,"Sideswipe, opposite direction",Lost Control,None Indicated,,Daylight,Ice/frost,Severe winds,"Surface condition (e.g., wet, icy)",Non-intersection:  Non-junction/no special feature,Paved,,Property Damage Only,0,0,0,0,0,0,7000,2,2,,POINT (-94.138530993538 43.386078337434)
2014780493,14-000177,01/14/2014,01-January,3-Tuesday,10:00,1000 Hours,District 1 (Central),AMES,STORY,,DOTSON DR,Collision with:  Vehicle in traffic,Outside trafficway,"Sideswipe, same direction",Lost Control,None Indicated,,Daylight,Dry,Cloudy,None apparent,Non-intersection:  Driveway access (within),Paved,,Property Damage Only,0,0,0,0,0,0,1500,2,1,,POINT (-93.671388650747 42.021757958297)
2014779268,20140001190,01/14/2014,01-January,3-Tuesday,00:00,0000 Hours,District 1 (Central),DES MOINES,POLK,,56TH ST,Collision with:  Vehicle in traffic,On Roadway,"Sideswipe, same direction",Unknown,None Indicated,,Dark - roadway lighted,Unknown,Unknown,Unknown,Non-intersection:  Non-junction/no special feature,Paved,,Property Damage Only,0,0,0,0,0,0,1500,2,1,,POINT (-93.694230638295 41.601522735561)
2014779393,20140155,01/14/2014,01-January,3-Tuesday,04:50,0400 Hours,District 1 (Central),,GRUNDY,,Co Rd D67/330TH ST,Collision with fixed object:  Ditch,On Roadway,Non-collision (single vehicle),Ran off road - left,None Indicated,,Dark - roadway not lighted,Wet,Cloudy,None apparent,Non-intersection:  Non-junction/no special feature,Paved,,Property Damage Only,0,0,0,0,0,0,3000,1,1,,POINT (-92.960824660391 42.224099808657)