Iowa DOT Case Number,Law Enforcement Case Number,Date of Crash,Month of Crash,Day of Week,Time of Crash,Hour,DOT District,City Name,County Name,Route with System,Location Description,First Harmful Event,Location of First Harmful Event,Manner of Crash/Collision,Major Cause,Drug or Alcohol ,Environmental Conditions,Light Conditions,Surface Conditions,Weather Conditions,Roadway Contribution,Roadway Type,Roadway Surface,Work Zone,Crash Severity,Number of Fatalities,Number of Injuries,Number of Major Injuries,Number of Minor Injuries,Number of Possible Injuries,Number of Unknown Injuries,Amount of Property Damage,Number of Vehicles Involved,Total Number of Occupants,Travel Direction,Location
2014781002,14-0267,01/16/2014,01-January,5-Thursday,15:51,1500 Hours,District 3 (Northwest),,IDA,US 20,US 20 & Co Rd L67/EAGLE AVE,Collision with:  Vehicle in traffic,On Roadway,Rear-end (front to rear),Driving too fast for conditions,None Indicated,,Daylight,Ice/frost,"Blowing sand, soil, dirt","Surface condition (e.g., wet, icy)",Intersection:  T-intersection,Paved,,Property Damage Only,0,0,0,0,0,0,12500,4,6,,POINT (-95.574743308612 42.474806553583)
2014781958,2014-00999,01/16/2014,01-January,5-Thursday,16:44,1600 Hours,District 5 (Southeast),CUMMING,WARREN,,Co Rd G14/HWY G14 & 30TH AVE & N 35TH ST,Collision with:  Vehicle in traffic,On Roadway,Broadside (front to side),Driving too fast for conditions,None Indicated,,Dusk,Ice/frost,Snow,"Surface condition (e.g., wet, icy)",Intersection:  T-intersection,Paved,,Property Damage Only,0,0,0,0,0,0,2000,2,2,,POINT (-93.750498126633 41.483263713133)
2014780085,14-000216,01/16/2014,01-January,5-Thursday,17:00,1700 Hours,District 1 (Central),ANKENY,POLK,,W 1ST ST,Collision with:  Vehicle in traffic,On Roadway,Broadside (front to side),Lost Control,None Indicated,,Dusk,Ice/frost,Snow,None apparent,Intersection:  Four-way intersection,Paved,,Property Damage Only,0,0,0,0,0,0,1800,2,2,,POINT (-93.621755026117 41.73185637939)
2014781456,,01/16/2014,01-January,5-Thursday,15:30,1500 Hours,District 6 (East Central),CEDAR RAPIDS,LINN,IA 922,IA 922/1ST AVE E & 29TH ST DR SE & 42ND ST NE & NORTHWOOD DR NE & 29TH ST NE,Collision with:  Vehicle in traffic,On Roadway,"Sideswipe, same direction",Unknown,None Indicated,,Dusk,Dry,Snow,,Intersection:  Four-way intersection,Paved,,Property Damage Only,0,0,0,0,0,0,3400,2,2,,POINT (-91.634847345406 42.006119209874)
2014781675,14-0043,01/16/2014,01-January,5-Thursday,16:00,1600 Hours,District 1 (Central),PLEASANT HILL,POLK,IA 163,IA 163/E UNIVERSITY AVE/NE UNIVERSITY AVE & NE 70TH ST,Collision with:  Vehicle in traffic,On Roadway,"Angle, oncoming left turn",FTYROW:  Making left turn,None Indicated,,Daylight,Ice/frost,Severe winds,None apparent,Intersection:  Four-way intersection,Paved,,Property Damage Only,0,0,0,0,0,0,13000,2,3,,POINT (-93.469442048788 41.599426781373)
2014779758,2014-0111,01/16/2014,01-January,5-Thursday,16:48,1600 Hours,District 1 (Central),JEFFERSON,GREENE,,W ADAMS ST & N OAK ST,Collision with:  Vehicle in traffic,On Roadway,Broadside (front to side),FTYROW:  At uncontrolled intersection,None Indicated,,Daylight,Snow,Snow,"Surface condition (e.g., wet, icy)",Non-intersection:  Non-junction/no special feature,Paved,,Property Damage Only,0,0,0,0,0,0,17000,2,2,,POINT (-94.378794526091 42.018258839116)
2014780575,2014003526,01/16/2014,01-January,5-Thursday,17:30,1700 Hours,District 5 (Southeast),,WARREN,I-35,I-35,Collision with fixed object:  Ditch,On Roadway,Non-collision (single vehicle),Ran off road - right,None Indicated,,Dark - roadway not lighted,Snow,Snow,"Surface condition (e.g., wet, icy)",Non-intersection:  Non-junction/no special feature,Paved,,Property Damage Only,0,0,0,0,0,0,5000,1,1,,POINT (-93.779770495598 41.333985987321)
2014787560,2014-0487,01/16/2014,01-January,5-Thursday,06:39,0600 Hours,District 6 (East Central),ELDRIDGE,SCOTT,,LECLAIRE RD,Collision with:  Vehicle in traffic,On Roadway,Rear-end (front to rear),Followed too close,None Indicated,,Dawn,Dry,Clear,None apparent,Non-intersection:  Non-junction/no special feature,Paved,,Property Damage Only,0,0,0,0,0,0,2500,2,2,,POINT (-90.574879109057 41.654705629256)
2014780213,2014003279,01/16/2014,01-January,5-Thursday,09:00,0900 Hours,District 2 (Northeast),,MITCHELL,,Co Rd A31/430TH ST,Collision with:  Vehicle in traffic,On Roadway,Rear-end (front to rear),FTYROW:  From driveway,None Indicated,,Daylight,Snow,Other (explain in narrative),None apparent,Non-intersection:  Driveway access (within),Paved,,Property Damage Only,0,0,0,0,0,0,7000,2,4,,POINT (-92.681110303919 43.385727484265)
2014780043,14015,01/16/2014,01-January,5-Thursday,17:44,1700 Hours,District 5 (Southeast),PELLA,MARION,,WASHINGTON ST & OLD HWY 163,Collision with:  Vehicle in traffic,On Roadway,Head-on (front to front),Crossed centerline (undivided),None Indicated,,Dark - roadway lighted,Snow,"Blowing sand, soil, dirt","Surface condition (e.g., wet, icy)",Non-intersection:  Non-junction/no special feature,Paved,,Property Damage Only,0,0,0,0,0,0,6000,2,3,,POINT (-92.944899692289 41.412629848267)
2014780217,2014003495,01/16/2014,01-January,5-Thursday,15:50,1500 Hours,District 1 (Central),ALTOONA,POLK,I-80,I-80,Collision with:  Vehicle in traffic,On Roadway,"Sideswipe, same direction",Driving too fast for conditions,None Indicated,,Daylight,Snow,Snow,None apparent,Non-intersection:  Non-junction/no special feature,Paved,,Property Damage Only,0,0,0,0,0,0,6500,2,2,,POINT (-93.498434267172 41.661886827071)
2014780073,14-000217,01/16/2014,01-January,5-Thursday,18:40,1800 Hours,District 1 (Central),ANKENY,POLK,I-35,I-35,Collision with fixed object:  Guardrail - face,On Roadway,Non-collision (single vehicle),Driving too fast for conditions,None Indicated,,Dark - roadway not lighted,Ice/frost,Snow,"Surface condition (e.g., wet, icy)",Non-intersection:  Non-junction/no special feature,Paved,,Property Damage Only,0,0,0,0,0,0,3500,1,2,,POINT (-93.570244923716 41.763341862544)
2014779838,14-0265,01/16/2014,01-January,5-Thursday,17:55,1700 Hours,District 4 (Southwest),WEST DES MOINES,DALLAS,,JORDAN CREEK PKWY,Collision with:  Vehicle in traffic,On Roadway,Rear-end (front to rear),Driving too fast for conditions,None Indicated,,Dark - roadway lighted,Ice/frost,Snow,"Surface condition (e.g., wet, icy)",Non-intersection:  Non-junction/no special feature,Paved,,Major Injury,0,1,1,0,0,0,2300,2,3,,POINT (-93.808914598009 41.597656497947)
2014781797,201403496,01/16/2014,01-January,5-Thursday,16:10,1600 Hours,District 4 (Southwest),,DALLAS,US 6,US 6/N AVE,Collision with:  Vehicle in traffic,On Roadway,Rear-end (front to rear),Driving too fast for conditions,None Indicated,,Daylight,Snow,"Blowing sand, soil, dirt","Surface condition (e.g., wet, icy)",Non-intersection:  Non-junction/no special feature,Paved,,Possible/Unknown,0,2,0,0,2,0,5000,2,2,,POINT (-94.012585564485 41.570507695947)
2014779756,14-000506,01/16/2014,01-January,5-Thursday,13:57,1300 Hours,District 2 (Northeast),,FAYETTE,IA 150,IA 150/100TH ST & M AVE,Collision with:  Vehicle in traffic,On Roadway,Broadside (front to side),FTYROW:  Other (explain in narrative),None Indicated,,Daylight,Snow,"Blowing sand, soil, dirt","Surface condition (e.g., wet, icy)",Intersection:  Four-way intersection,Paved,,Property Damage Only,0,0,0,0,0,0,7000,2,3,,POINT (-91.843024579688 42.774365673492)
2014780680,01-14-2401,01/16/2014,01-January,5-Thursday,20:28,2000 Hours,District 6 (East Central),DUBUQUE,DUBUQUE,,CENTER GROVE DR,Collision with fixed object:  Other fixed object (explain in narrative),Outside trafficway,Non-collision (single vehicle),Ran off road - right,None Indicated,,Dark - roadway lighted,Dry,Cloudy,None apparent,Non-intersection:  Non-junction/no special feature,Paved,,Property Damage Only,0,0,0,0,0,0,7000,1,5,,POINT (-90.719483582274 42.49049769003)
2014780632,14000689,01/16/2014,01-January,5-Thursday,05:55,0500 Hours,District 6 (East Central),,CEDAR,I-80,I-80,Collision with:  Vehicle in traffic,On Roadway,"Sideswipe, same direction",Ran off road - right,None Indicated,,Dark - roadway not lighted,Wet,Clear,None apparent,Non-intersection:  Non-junction/no special feature,Paved,,Property Damage Only,0,0,0,0,0,0,10000,2,3,,POINT (-91.093018081859 41.644569887922)
2014779806,14-000204,01/16/2014,01-January,5-Thursday,16:05,1600 Hours,District 1 (Central),ANKENY,POLK,,NW 9TH ST & NW STATE ST,Collision with:  Vehicle in traffic,On Roadway,"Sideswipe, same direction",Driving too fast for conditions,None Indicated,,Daylight,Snow,Snow,"Surface condition (e.g., wet, icy)",Intersection:  Four-way intersection,Paved,,Property Damage Only,0,0,0,0,0,0,2000,2,2,,POINT (-93.621576426733 41.739522320491)
2014780142,14-0117,01/16/2014,01-January,5-Thursday,19:10,1900 Hours,District 1 (Central),URBANDALE,POLK,,MEREDITH DR,Collision with:  Vehicle in traffic,On Roadway,Rear-end (front to rear),Driving too fast for conditions,None Indicated,,Dark - roadway lighted,Ice/frost,Snow,None apparent,Non-intersection:  Non-junction/no special feature,Paved,,Possible/Unknown,0,1,0,0,1,0,6500,2,3,,POINT (-93.766073067038 41.643967579986)
2014780062,01-14-152,01/16/2014,01-January,5-Thursday,13:35,1300 Hours,District 3 (Northwest),LE MARS,PLYMOUTH,,5TH AVE SW & 3RD ST SW,Collision with:  Vehicle in traffic,On Roadway,Broadside (front to side),FTYROW:  From stop sign,None Indicated,,Daylight,Snow,"Blowing sand, soil, dirt",None apparent,Intersection:  Four-way intersection,Paved,,Property Damage Only,0,0,0,0,0,0,2700,2,8,,POINT (-96.173757713365 42.78938322414)
2014780082,14-000210,01/16/2014,01-January,5-Thursday,16:49,1600 Hours,District 1 (Central),ANKENY,POLK,,SE DELAWARE AVE,Collision with:  Vehicle in traffic,On Roadway,"Sideswipe, same direction",Driving too fast for conditions,None Indicated,,Daylight,Snow,Snow,"Surface condition (e.g., wet, icy)",Non-intersection:  Non-junction/no special feature,Paved,,Property Damage Only,0,0,0,0,0,0,2500,2,2,,POINT (-93.581210730884 41.713360967112)
2014780049,1400000045,01/16/2014,01-January,5-Thursday,19:05,1900 Hours,District 1 (Central),,MARSHALL,IA 330,IA 330/MARSHALLTOWN BLVD,Collision with:  Animal,,,Animal,None Indicated,,,,,,,Paved,,Property Damage Only,0,0,0,0,0,0,3000,1,1,,POINT (-93.066193653695 41.976705617142)
2014782693,14-0661,01/16/2014,01-January,5-Thursday,15:44,1500 Hours,District 6 (East Central),,JACKSON,,Co Rd Y31/BERNARD RD,Collision with fixed object:  Ditch,On Roadway,Non-collision (single vehicle),Crossed centerline (undivided),None Indicated,,Daylight,Ice/frost,"Blowing sand, soil, dirt","Surface condition (e.g., wet, icy)",Non-intersection:  Non-junction/no special feature,Paved,,Property Damage Only,0,0,0,0,0,0,1800,1,1,,POINT (-90.829437655975 42.29120891582)
2014779745,2014-0177,01/16/2014,01-January,5-Thursday,15:50,1500 Hours,District 4 (Southwest),WAUKEE,DALLAS,US 6,US 6/HICKMAN AVE & NE DARTMOOR DR,Collision with:  Vehicle in traffic,On Roadway,"Angle, oncoming left turn",FTYROW:  Making left turn,None Indicated,,Daylight,Ice/frost,Snow,"Surface condition (e.g., wet, icy)",Intersection:  Four-way intersection,Paved,,Property Damage Only,0,0,0,0,0,0,3000,2,2,,POINT (-93.866058647219 41.61496631148)
2014780502,14-000216,01/16/2014,01-January,5-Thursday,16:37,1600 Hours,District 1 (Central),AMES,STORY,US 30,US 30,Collision with:  Vehicle in traffic,Shoulder,"Sideswipe, same direction",Lost Control,None Indicated,,Dusk,Ice/frost,Snow,"Surface condition (e.g., wet, icy)",Intersection:  Intersection with ramp,Paved,,Property Damage Only,0,0,0,0,0,0,2600,2,3,,POINT (-93.674581679075 42.007301690998)
2014782327,2014003537,01/16/2014,01-January,5-Thursday,16:00,1600 Hours,District 1 (Central),,JASPER,I-80,I-80,Collision with fixed object:  Guardrail - face,On Roadway,Non-collision (single vehicle),Driving too fast for conditions,None Indicated,,Daylight,Snow,Snow,"Surface condition (e.g., wet, icy)",Non-intersection:  Non-junction/no special feature,Paved,,Property Damage Only,0,0,0,0,0,0,7000,1,1,,POINT (-93.105959706014 41.681167262557)
2014780681,02-14-1004,01/16/2014,01-January,5-Thursday,09:22,0900 Hours,District 6 (East Central),,DUBUQUE,US 20,US 20,Collision with fixed object:  Curb/island/raised median,On Roadway,Non-collision (single vehicle),Ran off road - left,None Indicated,,Daylight,Ice/frost,Snow,"Surface condition (e.g., wet, icy)",Non-intersection:  Non-junction/no special feature,Paved,,Minor Injury,0,1,0,1,0,0,10000,1,1,,POINT (-90.852980024039 42.440945460312)
2014786510,,01/16/2014,01-January,5-Thursday,14:33,1400 Hours,District 2 (Northeast),,WINNESHIEK,IA 9,IA 9/IOWA 9,Non-collision events:  Overturn/rollover,On Roadway,Non-collision (single vehicle),Driving too fast for conditions,None Indicated,,Daylight,Ice/frost,Snow,"Surface condition (e.g., wet, icy)",Non-intersection:  Non-junction/no special feature,Paved,,Property Damage Only,0,0,0,0,0,0,4500,1,1,,POINT (-91.684671250147 43.240947519325)
2014779993,14-1331,01/16/2014,01-January,5-Thursday,17:25,1700 Hours,District 1 (Central),,JASPER,I-80,I-80,Collision with fixed object:  Other fixed object (explain in narrative),Roadside,Non-collision (single vehicle),Ran off road - left,None Indicated,,Dark - roadway not lighted,Ice/frost,Snow,None apparent,Non-intersection:  Non-junction/no special feature,Paved,,Property Damage Only,0,0,0,0,0,0,9000,1,1,,POINT (-93.215954587685 41.69859517378)
2014779837,14-0264,01/16/2014,01-January,5-Thursday,17:29,1700 Hours,District 1 (Central),WEST DES MOINES,POLK,,OFFICE PARK RD & 11TH ST,Collision with:  Vehicle in traffic,On Roadway,Broadside (front to side),Ran Stop Sign,None Indicated,,Dark - roadway lighted,Snow,Snow,"Surface condition (e.g., wet, icy)",Intersection:  T-intersection,Paved,,Property Damage Only,0,0,0,0,0,0,6000,2,2,,POINT (-93.718874689938 41.590346440418)
2014779787,SO14000113,01/16/2014,01-January,5-Thursday,13:43,1300 Hours,District 3 (Northwest),,PLYMOUTH,IA 3,IA 3/IOWA 3,Collision with:  Vehicle in traffic,On Roadway,Rear-end (front to rear),Driving too fast for conditions,None Indicated,,Daylight,Snow,"Blowing sand, soil, dirt",None apparent,Non-intersection:  Non-junction/no special feature,Paved,,Property Damage Only,0,0,0,0,0,0,14500,4,6,,POINT (-96.074176088858 42.808544485527)
2014781192,2014003506,01/16/2014,01-January,5-Thursday,14:46,1400 Hours,District 3 (Northwest),,SIOUX,,Co Rd K64/JACKSON AVE,Collision with:  Vehicle in traffic,On Roadway,Rear-end (front to rear),Driving too fast for conditions,None Indicated,,Daylight,Ice/frost,Snow,"Surface condition (e.g., wet, icy)",Non-intersection:  Non-junction/no special feature,Paved,,Minor Injury,0,1,0,1,0,0,12700,3,3,,POINT (-96.056990142499 42.954901911456)
2014779833,14-2057,01/16/2014,01-January,5-Thursday,16:15,1600 Hours,District 1 (Central),WEST DES MOINES,POLK,I-235,I-235,Collision with:  Vehicle in traffic,On Roadway,Head-on (front to front),Swerving/Evasive Action,None Indicated,,Daylight,Snow,Snow,"Surface condition (e.g., wet, icy)",Non-intersection:  Non-junction/no special feature,Paved,,Possible/Unknown,0,1,0,0,1,0,2300,4,6,,POINT (-93.764237340778 41.59224260032)
2014779842,14-0034,01/16/2014,01-January,5-Thursday,22:08,2200 Hours,District 1 (Central),WINDSOR HEIGHTS,POLK,,MOTT AVE & 66TH ST,Collision with fixed object:  Utility pole/light support,On Roadway,Non-collision (single vehicle),Driving too fast for conditions,Alcohol (Statutory),,Dark - roadway lighted,Ice/frost,Snow,"Surface condition (e.g., wet, icy)",Non-intersection:  Non-junction/no special feature,Paved,,Fatal,1,0,0,0,0,0,4000,1,1,,POINT (-93.708591398985 41.59793131165)
2014780084,14-000212,01/16/2014,01-January,5-Thursday,17:10,1700 Hours,District 1 (Central),ANKENY,POLK,,SE LORENZ DR,Collision with:  Vehicle in traffic,On Roadway,Broadside (front to side),Lost Control,None Indicated,,Dark - roadway lighted,Ice/frost,Snow,None apparent,Intersection:  Four-way intersection,Paved,,Property Damage Only,0,0,0,0,0,0,2400,2,2,,POINT (-93.581359637714 41.708541433325)
2014780275,,01/16/2014,01-January,5-Thursday,13:50,1300 Hours,District 3 (Northwest),,CHEROKEE,IA 3,IA 3/IOWA 3,Collision with:  Vehicle in traffic,On Roadway,Rear-end (front to rear),Other (explain in narrative):  Other,None Indicated,,Daylight,Snow,Snow,"Surface condition (e.g., wet, icy)",Non-intersection:  Non-junction/no special feature,Paved,,Property Damage Only,0,0,0,0,0,0,2500,3,3,,POINT (-95.780593024679 42.807979194811)
2014779527,14-01703,01/16/2014,01-January,5-Thursday,12:06,1200 Hours,District 5 (Southeast),BURLINGTON,DES MOINES,,ASH ST & 9TH ST & DES MOINES AVE,Collision with:  Vehicle in traffic,On Roadway,"Sideswipe, opposite direction",Lost Control,None Indicated,,Daylight,Ice/frost,"Sleet, hail",None apparent,Non-intersection:  Non-junction/no special feature,Paved,,Property Damage Only,0,0,0,0,0,0,2250,2,6,,POINT (-91.107012118405 40.824495997394)
2014780245,2014003505,01/16/2014,01-January,5-Thursday,14:46,1400 Hours,District 3 (Northwest),,SIOUX,,Co Rd K64/JACKSON AVE,Collision with:  Vehicle in traffic,On Roadway,Head-on (front to front),Crossed centerline (undivided),None Indicated,,Daylight,Ice/frost,Snow,"Surface condition (e.g., wet, icy)",Non-intersection:  Non-junction/no special feature,Paved,,Minor Injury,0,3,0,3,0,0,13000,3,4,,POINT (-96.056987934552 42.955352182447)
2014780118,20140001441,01/16/2014,01-January,5-Thursday,16:30,1600 Hours,District 1 (Central),DES MOINES,POLK,I-235,I-235 & SCHOOL ST & MLK JR PKWY,Collision with:  Vehicle in traffic,On Roadway,Rear-end (front to rear),Unknown,None Indicated,,Dusk,Snow,Snow,"Surface condition (e.g., wet, icy)",Non-intersection:  Non-junction/no special feature,Paved,,Property Damage Only,0,0,0,0,0,0,1500,2,2,,POINT (-93.644284721363 41.595319280291)
2014781567,14-0061,01/16/2014,01-January,5-Thursday,16:08,1600 Hours,District 1 (Central),JEFFERSON,GREENE,,Co Rd E63/330TH,Collision with:  Vehicle in traffic,On Roadway,Rear-end (front to rear),Driving too fast for conditions,None Indicated,,Daylight,Snow,Snow,"Surface condition (e.g., wet, icy)",Non-intersection:  Non-junction/no special feature,Paved,,Property Damage Only,0,0,0,0,0,0,25000,2,4,,POINT (-94.593567156761 41.877571912949)
2014779725,14000232,01/16/2014,01-January,5-Thursday,08:15,0800 Hours,District 3 (Northwest),,CHEROKEE,,440TH ST,Non-collision events:  Overturn/rollover,Shoulder,Non-collision (single vehicle),Driving too fast for conditions,None Indicated,,Daylight,Dry,Cloudy,None apparent,Non-intersection:  Non-junction/no special feature,Unpaved,,Property Damage Only,0,0,0,0,0,0,3000,1,1,,POINT (-95.768137673261 42.880974777735)
2014780060,SO14000116,01/16/2014,01-January,5-Thursday,14:15,1400 Hours,District 3 (Northwest),,PLYMOUTH,IA 3,IA 3/IOWA 3 & LAKE AVE,Collision with:  Vehicle in traffic,On Roadway,Rear-end (front to rear),Other (explain in narrative):  Vision obstructed,None Indicated,,Daylight,Ice/frost,Snow,"Surface condition (e.g., wet, icy)",Intersection:  Four-way intersection,Paved,,Property Damage Only,0,0,0,0,0,0,2800,2,2,,POINT (-96.194237166256 42.793216348218)
2014779782,14-001249,01/16/2014,01-January,5-Thursday,19:00,1900 Hours,District 5 (Southeast),,MARION,,Co Rd G26/ERBE ST,Collision with:  Animal,On Roadway,Non-collision (single vehicle),Animal,None Indicated,,Dark - roadway not lighted,Ice/frost,Snow,None apparent,Non-intersection:  Non-junction/no special feature,Unpaved,,Property Damage Only,0,0,0,0,0,0,2000,1,1,,POINT (-93.276558503917 41.436171698405)
2014781432,14-560,01/16/2014,01-January,5-Thursday,13:33,1300 Hours,District 3 (Northwest),,SIOUX,IA 10,IA 10/450TH ST,Collision with:  Vehicle in traffic,On Roadway,Rear-end (front to rear),Other (explain in narrative):  Vision obstructed,None Indicated,,Daylight,Snow,Snow,"Surface condition (e.g., wet, icy)",Non-intersection:  Non-junction/no special feature,Paved,,Property Damage Only,0,0,0,0,0,0,3000,2,3,,POINT (-96.025475753173 42.997429536078)
2014780316,14-000554,01/16/2014,01-January,5-Thursday,15:13,1500 Hours,District 3 (Northwest),,CARROLL,US 71,US 71,Collision with:  Vehicle in traffic,On Roadway,Rear-end (front to rear),Followed too close,None Indicated,,Daylight,Ice/frost,"Blowing sand, soil, dirt",None apparent,Non-intersection:  Non-junction/no special feature,Paved,,Property Damage Only,0,0,0,0,0,0,2000,2,2,,POINT (-94.878522986634 42.120004859194)
2014781764,2014003241,01/16/2014,01-January,5-Thursday,02:00,0200 Hours,District 6 (East Central),,IOWA,I-80,I-80,Collision with fixed object:  Other fixed object (explain in narrative),On Roadway,Non-collision (single vehicle),Over correcting/over steering,None Indicated,,Dark - roadway not lighted,Dry,Clear,None apparent,Interchange-related:  On-ramp merge area,Paved,,Property Damage Only,0,0,0,0,0,0,8750,1,1,,POINT (-92.157708154823 41.69593654879)
2014780363,2014000477,01/16/2014,01-January,5-Thursday,10:02,1000 Hours,District 6 (East Central),IOWA CITY,JOHNSON,,S CLINTON ST,Collision with:  Non-motorist (see non-motorist section - NOT a unit),On Roadway,Non-collision (single vehicle),Other (explain in narrative):  No improper action,None Indicated,,Daylight,Wet,Snow,None apparent,Non-intersection:  Non-junction/no special feature,Paved,,Possible/Unknown,0,1,0,0,1,0,0,1,1,,POINT (-91.534628689599 41.658948823558)
2014782731,14-000226,01/16/2014,01-January,5-Thursday,13:07,1300 Hours,District 3 (Northwest),,LYON,US 75,US 75,Collision with:  Vehicle in traffic,On Roadway,Head-on (front to front),Crossed centerline (undivided),None Indicated,,Daylight,Snow,Snow,None apparent,Non-intersection:  Non-junction/no special feature,Paved,,Minor Injury,0,2,0,2,0,0,16000,3,4,,POINT (-96.175803514585 43.395413244776)
2014780733,PC1400078,01/16/2014,01-January,5-Thursday,17:54,1700 Hours,District 1 (Central),,JASPER,IA 163,IA 163/IOWA 163 W,Collision with:  Vehicle in traffic,On Roadway,"Sideswipe, same direction",Swerving/Evasive Action,None Indicated,,Dark - roadway not lighted,Ice/frost,"Blowing sand, soil, dirt",None apparent,Non-intersection:  Non-junction/no special feature,Paved,,Property Damage Only,0,0,0,0,0,0,6000,3,5,,POINT (-93.199425644578 41.588268556937)
2014780215,2014003438,01/16/2014,01-January,5-Thursday,14:05,1400 Hours,District 3 (Northwest),,SIOUX,IA 10,IA 10/460TH ST,Collision with:  Vehicle in traffic,On Roadway,Rear-end (front to rear),Driving too fast for conditions,None Indicated,,Daylight,Ice/frost,"Blowing sand, soil, dirt","Surface condition (e.g., wet, icy)",Non-intersection:  Non-junction/no special feature,Paved,,Minor Injury,0,2,0,2,0,0,11000,2,2,,POINT (-95.926639076243 42.982416388871)
2014780901,DCP14-022,01/16/2014,01-January,5-Thursday,16:02,1600 Hours,District 4 (Southwest),DALLAS CENTER,DALLAS,IA 44,IA 44/240TH ST,Collision with:  Vehicle in traffic,On Roadway,Rear-end (front to rear),Followed too close,None Indicated,,Daylight,Ice/frost,Snow,"Surface condition (e.g., wet, icy)",Non-intersection:  Non-junction/no special feature,Paved,,Property Damage Only,0,0,0,0,0,0,2500,2,2,,POINT (-93.940867436504 41.688236355372)
2014780224,2014003391,01/16/2014,01-January,5-Thursday,13:30,1300 Hours,District 3 (Northwest),,SIOUX,US 18,US 18/310TH ST,Collision with:  Vehicle in traffic,On Roadway,Rear-end (front to rear),Other (explain in narrative):  Vision obstructed,None Indicated,,Daylight,Ice/frost,"Blowing sand, soil, dirt","Surface condition (e.g., wet, icy)",Non-intersection:  Non-junction/no special feature,Paved,,Property Damage Only,0,0,0,0,0,0,4000,2,2,,POINT (-96.36333933768 43.199663008183)
2014779797,14-355,01/16/2014,01-January,5-Thursday,18:42,1800 Hours,District 1 (Central),URBANDALE,POLK,I-35,I-35 & IA 28/MERLE HAY RD,Collision with:  Vehicle in traffic,On Roadway,Broadside (front to side),Driving too fast for conditions,None Indicated,,Dark - roadway lighted,Ice/frost,Snow,"Surface condition (e.g., wet, icy)",Intersection:  Intersection with ramp,Paved,,Property Damage Only,0,0,0,0,0,0,20000,2,2,,POINT (-93.697671017511 41.651293576711)
2014779777,201400150,01/16/2014,01-January,5-Thursday,07:28,0700 Hours,District 6 (East Central),,LINN,,Co Rd W6E/NORTH CENTER POINT RD,Collision with:  Animal,,,Animal,None Indicated,,,,,,,Paved,,Property Damage Only,0,0,0,0,0,0,2000,1,1,,POINT (-91.720413289156 42.131356332636)
2014781142,SA1400347,01/16/2014,01-January,5-Thursday,18:06,1800 Hours,District 5 (Southeast),,WASHINGTON,IA 1,IA 1,Collision with:  Vehicle in traffic,On Roadway,"Sideswipe, opposite direction",Crossed centerline (undivided),None Indicated,,Dark - roadway not lighted,Snow,Snow,"Surface condition (e.g., wet, icy)",Non-intersection:  Non-junction/no special feature,Paved,,Property Damage Only,0,0,0,0,0,0,7000,2,2,,POINT (-91.863428826656 41.176345828379)
2014779853,14-001986,01/16/2014,01-January,5-Thursday,16:45,1600 Hours,District 4 (Southwest),COUNCIL BLUFFS,POTTAWATTAMIE,I-29,I-29,Collision with:  Vehicle in traffic,On Roadway,"Sideswipe, same direction",Other (explain in narrative):  Other,None Indicated,,Dusk,Dry,Clear,Work Zone (roadway-related),Non-intersection:  Non-junction/no special feature,Paved,Yes,Possible/Unknown,0,1,0,0,1,0,19500,3,4,,POINT (-95.872699880872 41.232200363713)
2014781190,2014003483,01/16/2014,01-January,5-Thursday,15:35,1500 Hours,District 4 (Southwest),,POTTAWATTAMIE,I-80,I-80,Non-collision events:  Overturn/rollover,On Roadway,Non-collision (single vehicle),Lost Control,None Indicated,,Daylight,Dry,Severe winds,None apparent,Non-intersection:  Non-junction/no special feature,Paved,,Minor Injury,0,1,0,1,0,0,25000,1,1,,POINT (-95.746109354634 41.327346224759)
2014780571,2014003480,01/16/2014,01-January,5-Thursday,15:55,1500 Hours,District 3 (Northwest),HOLSTEIN,IDA,US 20,US 20 & Co Rd L67/EAGLE AVE,Collision with:  Vehicle in traffic,On Roadway,Rear-end (front to rear),Driving too fast for conditions,None Indicated,,Daylight,Snow,"Blowing sand, soil, dirt",None apparent,Non-intersection:  Non-junction/no special feature,Paved,,Property Damage Only,0,0,0,0,0,0,8524,2,2,,POINT (-95.574743308612 42.474806553583)
2014779815,20140001435,01/16/2014,01-January,5-Thursday,16:21,1600 Hours,District 1 (Central),DES MOINES,POLK,,GRAND AVE & 35TH ST,Collision with:  Vehicle in traffic,On Roadway,"Sideswipe, same direction",Driving too fast for conditions,None Indicated,,Dusk,Snow,"Blowing sand, soil, dirt","Surface condition (e.g., wet, icy)",Non-intersection:  Non-junction/no special feature,Paved,,Possible/Unknown,0,1,0,0,0,1,1900,3,3,,POINT (-93.664175492618 41.584451444883)