Iowa DOT Case Number,Law Enforcement Case Number,Date of Crash,Month of Crash,Day of Week,Time of Crash,Hour,DOT District,City Name,County Name,Route with System,Location Description,First Harmful Event,Location of First Harmful Event,Manner of Crash/Collision,Major Cause,Drug or Alcohol ,Environmental Conditions,Light Conditions,Surface Conditions,Weather Conditions,Roadway Contribution,Roadway Type,Roadway Surface,Work Zone,Crash Severity,Number of Fatalities,Number of Injuries,Number of Major Injuries,Number of Minor Injuries,Number of Possible Injuries,Number of Unknown Injuries,Amount of Property Damage,Number of Vehicles Involved,Total Number of Occupants,Travel Direction,Location
2014781188,2014003455,01/16/2014,01-January,5-Thursday,14:30,1400 Hours,District 6 (East Central),,DUBUQUE,,Co Rd Y21/SUNDOWN RD,Non-collision events:  Jackknife,On Roadway,Non-collision (single vehicle),Crossed centerline (undivided),None Indicated,,Daylight,Ice/frost,Snow,"Surface condition (e.g., wet, icy)",Non-intersection:  Non-junction/no special feature,Paved,,Property Damage Only,0,0,0,0,0,0,4000,1,1,,POINT (-90.874399184696 42.338484245003)
2014780116,20140001409,01/16/2014,01-January,5-Thursday,12:35,1200 Hours,District 1 (Central),DES MOINES,POLK,,COLLEGE AVE & 6TH AVE,Collision with:  Vehicle in traffic,On Roadway,Rear-end (front to rear),Other (explain in narrative):  Other,None Indicated,,Daylight,Dry,Cloudy,None apparent,Intersection:  Four-way intersection,Paved,,Property Damage Only,0,0,0,0,0,0,7000,2,2,,POINT (-93.625793823989 41.607680256672)
2014779723,14-000588,01/16/2014,01-January,5-Thursday,15:50,1500 Hours,District 3 (Northwest),,CARROLL,US 71,US 71,Collision with:  Vehicle in traffic,On Roadway,Rear-end (front to rear),Other (explain in narrative):  Vision obstructed,None Indicated,,Daylight,Ice/frost,"Blowing sand, soil, dirt","Surface condition (e.g., wet, icy)",Non-intersection:  Non-junction/no special feature,Paved,,Property Damage Only,0,0,0,0,0,0,8000,3,3,,POINT (-94.878644596941 42.104467525978)
2014779916,201400196,01/16/2014,01-January,5-Thursday,16:15,1600 Hours,District 1 (Central),,BOONE,US 30,US 30/230TH ST,Collision with:  Vehicle in traffic,On Roadway,"Sideswipe, same direction",Swerving/Evasive Action,None Indicated,,Daylight,Ice/frost,Snow,"Surface condition (e.g., wet, icy)",Non-intersection:  Non-junction/no special feature,Paved,,Property Damage Only,0,0,0,0,0,0,7000,2,2,,POINT (-93.780115752634 42.023268077269)
2014779760,14-000854,01/16/2014,01-January,5-Thursday,19:56,1900 Hours,District 5 (Southeast),,HENRY,US 218,US 218,Non-collision events:  Other non-collision (explain in narrative),On Roadway,Non-collision (single vehicle),Crossed centerline (undivided),None Indicated,,Dark - roadway not lighted,Snow,Snow,"Surface condition (e.g., wet, icy)",Non-intersection:  Non-junction/no special feature,Paved,,Minor Injury,0,2,0,2,0,0,6000,1,2,,POINT (-91.548121280423 40.909487136571)
2014779897,14-0161,01/16/2014,01-January,5-Thursday,21:39,2100 Hours,District 1 (Central),FORT DODGE,WEBSTER,,3RD AVE NW,Non-collision events:  Other non-collision (explain in narrative),On Roadway,Non-collision (single vehicle),Driving too fast for conditions,None Indicated,,Dark - roadway lighted,Ice/frost,Cloudy,None apparent,Non-intersection:  Non-junction/no special feature,Paved,,Possible/Unknown,0,1,0,0,1,0,5100,1,1,,POINT (-94.20810510767 42.515155121492)
2014779817,20140001439,01/16/2014,01-January,5-Thursday,16:30,1600 Hours,District 1 (Central),DES MOINES,POLK,,UNIVERSITY AVE & 6TH AVE,Collision with:  Vehicle in traffic,On Roadway,Broadside (front to side),Lost Control,None Indicated,,Daylight,Snow,Snow,"Surface condition (e.g., wet, icy)",Intersection:  Four-way intersection,Paved,,Property Damage Only,0,0,0,0,0,0,1900,2,2,,POINT (-93.625739250145 41.600790026847)
2014782732,14-000233,01/16/2014,01-January,5-Thursday,16:40,1600 Hours,District 3 (Northwest),,LYON,IA 9,IA 9/IOWA 9,Collision with:  Vehicle in traffic,Shoulder,"Sideswipe, same direction",Driving too fast for conditions,None Indicated,,Daylight,Ice/frost,Snow,"Surface condition (e.g., wet, icy)",Non-intersection:  Driveway access (within),Paved,,Minor Injury,0,2,0,1,1,0,8000,2,3,,POINT (-96.505967755798 43.478240983969)
2014781230,,01/16/2014,01-January,5-Thursday,16:38,1600 Hours,District 1 (Central),MONROE,JASPER,IA 14,IA 14/S MONROE ST/NE RAMP/NW RAMP,Collision with:  Vehicle in traffic,On Roadway,"Sideswipe, opposite direction",Swerving/Evasive Action,None Indicated,,Dusk,Ice/frost,Snow,"Surface condition (e.g., wet, icy)",Non-intersection:  Non-junction/no special feature,Paved,,Property Damage Only,0,0,0,0,0,0,11000,2,6,,POINT (-93.101274141956 41.512464750423)
2014800551,,01/16/2014,01-January,5-Thursday,17:00,1700 Hours,District 1 (Central),DES MOINES,POLK,,LOCUST ST & 15TH ST,Collision with:  Vehicle in traffic,On Roadway,Rear-end (front to rear),Followed too close,None Indicated,,Daylight,Dry,Clear,Unknown,Unknown,Paved,,Property Damage Only,0,0,0,0,0,0,2226,2,2,,POINT (-93.636701386505 41.584327651734)
2014782250,032-009-14,01/16/2014,01-January,5-Thursday,08:45,0800 Hours,District 3 (Northwest),ESTHERVILLE,EMMET,IA 9,IA 9/IOWA 9,Collision with fixed object:  Ditch,On Roadway,Non-collision (single vehicle),Lost Control,None Indicated,,Daylight,Ice/frost,Cloudy,"Surface condition (e.g., wet, icy)",Non-intersection:  Non-junction/no special feature,Paved,,Property Damage Only,0,0,0,0,0,0,1550,1,1,,POINT (-94.861276679754 43.406572366367)
2014779804,14-353,01/16/2014,01-January,5-Thursday,16:20,1600 Hours,District 1 (Central),ALLEMAN,POLK,,NE 6TH ST & NE134TH AVE,Collision with fixed object:  Ditch,On Roadway,Non-collision (single vehicle),Driving too fast for conditions,None Indicated,,Daylight,Ice/frost,Snow,"Surface condition (e.g., wet, icy)",Intersection:  T-intersection,Paved,,Property Damage Only,0,0,0,0,0,0,3800,1,1,,POINT (-93.610286719998 41.805784047648)
2014781612,14-001212,01/16/2014,01-January,5-Thursday,18:30,1800 Hours,District 5 (Southeast),OSKALOOSA,MAHASKA,IA 23,IA 23/IOWA 23,Collision with fixed object:  Ditch,Shoulder,Non-collision (single vehicle),Driving too fast for conditions,None Indicated,,Dark - roadway not lighted,Snow,Snow,"Surface condition (e.g., wet, icy)",Non-intersection:  Non-junction/no special feature,Paved,,Property Damage Only,0,0,0,0,0,0,5200,1,1,,POINT (-92.614452499862 41.273017661243)
2014781187,2014003451,01/16/2014,01-January,5-Thursday,14:30,1400 Hours,District 6 (East Central),,DUBUQUE,,Co Rd Y21/SUNDOWN RD & E PLEASANT GROVE RD,Collision with:  Other non-fixed object (explain in narrative),On Roadway,Non-collision (single vehicle),Crossed centerline (undivided),None Indicated,,Daylight,Ice/frost,"Blowing sand, soil, dirt","Surface condition (e.g., wet, icy)",Non-intersection:  Non-junction/no special feature,Paved,,Property Damage Only,0,0,0,0,0,0,5000,1,1,,POINT (-90.850984940039 42.38938797885)
2014779749,2014-0180,01/16/2014,01-January,5-Thursday,18:15,1800 Hours,District 4 (Southwest),WAUKEE,DALLAS,,ALICES RD,Collision with fixed object:  Utility pole/light support,Outside trafficway,Non-collision (single vehicle),Crossed centerline (undivided),None Indicated,,Dark - roadway not lighted,Ice/frost,"Blowing sand, soil, dirt","Surface condition (e.g., wet, icy)",Non-intersection:  Non-junction/no special feature,Paved,,Property Damage Only,0,0,0,0,0,0,3000,1,1,,POINT (-93.852867720123 41.625882515571)
2014782733,14-000243,01/16/2014,01-January,5-Thursday,13:13,1300 Hours,District 3 (Northwest),,LYON,US 75,US 75,Collision with:  Vehicle in traffic,On Roadway,Rear-end (front to rear),Driving too fast for conditions,None Indicated,,Daylight,Snow,Snow,None apparent,Non-intersection:  Non-junction/no special feature,Paved,,Minor Injury,0,1,0,1,0,0,33000,4,4,,POINT (-96.175765666249 43.394216806965)
2014783229,TC00214,01/16/2014,01-January,5-Thursday,16:30,1600 Hours,District 4 (Southwest),MISSOURI VALLEY,HARRISON,US 30,US 30/E ERIE ST & N 3RD ST,Collision with:  Vehicle in traffic,On Roadway,Broadside (front to side),FTYROW:  From stop sign,None Indicated,,Daylight,Dry,Cloudy,None apparent,Intersection:  T-intersection,Paved,,Property Damage Only,0,0,0,0,0,0,3250,2,8,,POINT (-95.891851533963 41.556365729492)
2014784913,2014000231,01/16/2014,01-January,5-Thursday,12:00,1200 Hours,District 6 (East Central),,BENTON,,79 ST TRL,Collision with fixed object:  Ditch,Roadside,Non-collision (single vehicle),Ran off road - left,None Indicated,,Daylight,Ice/frost,Cloudy,"Surface condition (e.g., wet, icy)",Non-intersection:  Non-junction/no special feature,Unpaved,,Possible/Unknown,0,1,0,0,1,0,7000,1,1,,POINT (-92.214106050782 41.866458689642)
2014780247,2014003528,01/16/2014,01-January,5-Thursday,15:45,1500 Hours,District 4 (Southwest),,DALLAS,I-80,I-80,Collision with:  Vehicle in traffic,On Roadway,Rear-end (front to rear),Driving too fast for conditions,None Indicated,,Daylight,Ice/frost,Snow,"Surface condition (e.g., wet, icy)",Non-intersection:  Non-junction/no special feature,Paved,,Property Damage Only,0,0,0,0,0,0,3000,2,2,,POINT (-93.864973601989 41.565173735499)
2014780594,,01/16/2014,01-January,5-Thursday,17:39,1700 Hours,District 5 (Southeast),,LUCAS,US 34,US 34,Collision with:  Vehicle in traffic,On Roadway,"Sideswipe, same direction",Swerving/Evasive Action,None Indicated,,Dark - roadway not lighted,Ice/frost,"Blowing sand, soil, dirt","Surface condition (e.g., wet, icy)",Non-intersection:  Non-junction/no special feature,Paved,,Property Damage Only,0,0,0,0,0,0,4500,2,2,,POINT (-93.229355162637 41.000437885511)
2014783089,2014-3520,01/16/2014,01-January,5-Thursday,02:45,0200 Hours,District 6 (East Central),DAVENPORT,SCOTT,,KIRKWOOD BLVD,Collision with fixed object:  Curb/island/raised median,Median,Non-collision (single vehicle),Exceeded authorized speed,Under Influence of Alcohol/Drugs/Medications,,Dark - roadway lighted,Wet,Clear,None apparent,Intersection:  Four-way intersection,Paved,,Property Damage Only,0,0,0,0,0,0,5000,1,5,,POINT (-90.562232725279 41.536193928424)
2014780330,14000419,01/16/2014,01-January,5-Thursday,14:12,1400 Hours,District 6 (East Central),,DELAWARE,IA 3,IA 3/IOWA 3 & Co Rd X21/LITTLEPORT RD,Collision with:  Vehicle in traffic,On Roadway,Rear-end (front to rear),Driving too fast for conditions,None Indicated,,Daylight,Ice/frost,"Blowing sand, soil, dirt","Surface condition (e.g., wet, icy)",Intersection:  T-intersection,Paved,,Property Damage Only,0,0,0,0,0,0,8500,2,2,,POINT (-91.423329439201 42.644299420904)
2014781997,,01/16/2014,01-January,5-Thursday,15:45,1500 Hours,District 4 (Southwest),ADEL,DALLAS,,COTTAGE ST & S 4TH ST,Collision with:  Vehicle in traffic,On Roadway,Head-on (front to front),Crossed centerline (undivided),None Indicated,,Daylight,Snow,Snow,None apparent,Non-intersection:  Non-junction/no special feature,Paved,,Possible/Unknown,0,1,0,0,1,0,8000,2,4,,POINT (-94.012080713923 41.613449178363)
2014779831,14-0259,01/16/2014,01-January,5-Thursday,15:40,1500 Hours,District 1 (Central),WEST DES MOINES,POLK,,50TH ST,Collision with:  Vehicle in traffic,On Roadway,Broadside (front to side),Driving too fast for conditions,None Indicated,,Daylight,Snow,Snow,"Surface condition (e.g., wet, icy)",Non-intersection:  Non-junction/no special feature,Paved,,Property Damage Only,0,0,0,0,0,0,6600,2,3,,POINT (-93.771026833903 41.585054544239)
2014780331,14000435,01/16/2014,01-January,5-Thursday,22:30,2200 Hours,District 6 (East Central),,DELAWARE,,Co Rd D22/210TH ST,Non-collision events:  Overturn/rollover,Roadside,Non-collision (single vehicle),Ran off road - right,None Indicated,,Dark - roadway not lighted,Ice/frost,Clear,"Surface condition (e.g., wet, icy)",Non-intersection:  Non-junction/no special feature,Paved,,Property Damage Only,0,0,0,0,0,0,5000,1,1,,POINT (-91.51010457268 42.48368603589)
2014780549,2014003539,01/16/2014,01-January,5-Thursday,04:18,0400 Hours,District 4 (Southwest),,DALLAS,I-80,I-80,Collision with:  Vehicle in traffic,On Roadway,Rear-end (front to rear),Driving too fast for conditions,None Indicated,,Dark - roadway not lighted,Ice/frost,Snow,"Surface condition (e.g., wet, icy)",Non-intersection:  Non-junction/no special feature,Paved,,Property Damage Only,0,0,0,0,0,0,13000,2,3,,POINT (-93.873938520961 41.563835924243)
2014779878,2014-3554,01/16/2014,01-January,5-Thursday,07:51,0700 Hours,District 6 (East Central),DAVENPORT,SCOTT,,EASTERN AVE,Collision with:  Vehicle in traffic,On Roadway,Broadside (front to side),FTYROW:  Making left turn,None Indicated,,Daylight,Wet,Cloudy,None apparent,Non-intersection:  Driveway access (within),Paved,,Property Damage Only,0,0,0,0,0,0,4500,2,2,,POINT (-90.551403578951 41.556336150742)
2014779803,14-358,01/16/2014,01-January,5-Thursday,20:58,2000 Hours,District 1 (Central),POLK CITY,POLK,IA 415,IA 415/NW POLK CITY DR,Collision with fixed object:  Guardrail - face,Shoulder,Non-collision (single vehicle),Crossed centerline (undivided),None Indicated,,Dark - roadway not lighted,Ice/frost,Cloudy,"Surface condition (e.g., wet, icy)",Non-intersection:  Non-junction/no special feature,Paved,,Property Damage Only,0,0,0,0,0,0,2000,1,1,,POINT (-93.705676091745 41.756348021578)
2014781104,14-000213,01/16/2014,01-January,5-Thursday,15:27,1500 Hours,District 1 (Central),AMES,STORY,,WALTON DR,Collision with:  Parked motor vehicle,On Roadway,"Sideswipe, opposite direction",Driving too fast for conditions,None Indicated,,Daylight,Snow,Snow,"Surface condition (e.g., wet, icy)",Non-intersection:  Non-junction/no special feature,Paved,,Property Damage Only,0,0,0,0,0,0,3500,2,2,,POINT (-93.670220784396 42.010614640301)
2014780593,,01/16/2014,01-January,5-Thursday,18:55,1800 Hours,District 1 (Central),MITCHELLVILLE,POLK,I-80,I-80,Collision with fixed object:  Guardrail - face,On Roadway,Non-collision (single vehicle),Crossed centerline (undivided),None Indicated,,Dark - roadway not lighted,Ice/frost,Snow,"Surface condition (e.g., wet, icy)",Intersection:  Four-way intersection,Paved,,Minor Injury,0,1,0,1,0,0,25000,1,1,,POINT (-93.365645836461 41.680391278602)
2014780548,2014003507,01/16/2014,01-January,5-Thursday,16:26,1600 Hours,District 1 (Central),,JASPER,US 6,US 6/US 6 E,Non-collision events:  Overturn/rollover,On Roadway,Non-collision (single vehicle),Crossed centerline (undivided),None Indicated,,Daylight,Ice/frost,Snow,"Surface condition (e.g., wet, icy)",Non-intersection:  Non-junction/no special feature,Paved,,Major Injury,0,3,2,1,0,0,15500,1,3,,POINT (-92.879389351687 41.703004167803)
2014780551,2014003558,01/16/2014,01-January,5-Thursday,20:30,2000 Hours,District 1 (Central),WEST DES MOINES,POLK,I-80,I-80,Collision with:  Vehicle in traffic,On Roadway,"Sideswipe, same direction",Driving too fast for conditions,None Indicated,,Dark - roadway not lighted,Ice/frost,Snow,"Surface condition (e.g., wet, icy)",Non-intersection:  Non-junction/no special feature,Paved,,Property Damage Only,0,0,0,0,0,0,3000,2,2,,POINT (-93.78558144407 41.592170792545)
2014779811,20140001415,01/16/2014,01-January,5-Thursday,13:10,1300 Hours,District 1 (Central),DES MOINES,POLK,US 6,US 6/E EUCLID AVE,Collision with:  Vehicle in traffic,On Roadway,"Sideswipe, same direction",FTYROW:  Other (explain in narrative),None Indicated,,Daylight,Wet,Snow,None apparent,Non-intersection:  Non-junction/no special feature,Paved,,Possible/Unknown,0,1,0,0,1,0,7000,2,2,,POINT (-93.605086963124 41.627715055632)
2014780018,14-001502,01/16/2014,01-January,5-Thursday,21:19,2100 Hours,District 5 (Southeast),,LEE,,Co Rd J62/255 ST,Collision with fixed object:  Other fixed object (explain in narrative),Outside trafficway,Non-collision (single vehicle),Ran off road - left,None Indicated,,Dark - roadway not lighted,Ice/frost,Snow,None apparent,Non-intersection:  Railroad grade crossing,Paved,,Property Damage Only,0,0,0,0,0,0,10000,1,1,,POINT (-91.437968474767 40.588709183729)
2014779944,140401,01/16/2014,01-January,5-Thursday,15:51,1500 Hours,District 4 (Southwest),ADEL,DALLAS,US 6,US 6/GREENE ST/S 8TH ST & US 169,Collision with:  Vehicle in traffic,On Roadway,Rear-end (front to rear),Driving too fast for conditions,None Indicated,,Daylight,Ice/frost,Snow,"Surface condition (e.g., wet, icy)",Intersection:  Four-way intersection,Paved,,Property Damage Only,0,0,0,0,0,0,2500,2,3,,POINT (-94.017496354353 41.61438314304)
2014779972,14-01702,01/16/2014,01-January,5-Thursday,12:04,1200 Hours,District 5 (Southeast),BURLINGTON,DES MOINES,,KIRKWOOD ST & CURRAN ST,Collision with:  Vehicle in traffic,On Roadway,Broadside (front to side),Other (explain in narrative):  Other,None Indicated,,Daylight,Snow,Snow,"Surface condition (e.g., wet, icy)",Non-intersection:  Non-junction/no special feature,Paved,,Property Damage Only,0,0,0,0,0,0,5000,2,2,,POINT (-91.126366359582 40.819794692287)
2014783811,14-000333,01/16/2014,01-January,5-Thursday,09:43,0900 Hours,District 2 (Northeast),,CLAYTON,US 18,US 18,Collision with:  Vehicle in traffic,On Roadway,"Sideswipe, opposite direction",Crossed centerline (undivided),None Indicated,,Daylight,Ice/frost,Snow,"Surface condition (e.g., wet, icy)",Non-intersection:  Non-junction/no special feature,Paved,,Property Damage Only,0,0,0,0,0,0,10000,2,2,,POINT (-91.207573119855 43.037733401082)
2014780216,2014003481,01/16/2014,01-January,5-Thursday,16:15,1600 Hours,District 1 (Central),,POLK,I-35,I-35,Collision with:  Vehicle in traffic,On Roadway,"Sideswipe, same direction",Driving too fast for conditions,None Indicated,,Daylight,Ice/frost,Snow,"Surface condition (e.g., wet, icy)",Non-intersection:  Non-junction/no special feature,Paved,,Property Damage Only,0,0,0,0,0,0,8000,2,4,,POINT (-93.639636828539 41.649541523635)
2014779793,14-0351,01/16/2014,01-January,5-Thursday,16:10,1600 Hours,District 1 (Central),GRIMES,POLK,,SE 37TH ST & S JAMES ST,Collision with:  Vehicle in traffic,On Roadway,"Sideswipe, same direction",Driving too fast for conditions,None Indicated,,Daylight,Snow,Snow,None apparent,Non-intersection:  Non-junction/no special feature,Paved,,Property Damage Only,0,0,0,0,0,0,2500,2,2,,POINT (-93.794445270211 41.658429557017)
2014780577,2014003540,01/16/2014,01-January,5-Thursday,19:14,1900 Hours,District 5 (Southeast),,WARREN,I-35,I-35,Collision with fixed object:  Guardrail - face,Shoulder,Non-collision (single vehicle),Driving too fast for conditions,None Indicated,,Dark - roadway not lighted,Ice/frost,Snow,"Surface condition (e.g., wet, icy)",Non-intersection:  Non-junction/no special feature,Paved,,Property Damage Only,0,0,0,0,0,0,4000,1,3,,POINT (-93.785437560642 41.189724904378)
2014780957,14-000375,01/16/2014,01-January,5-Thursday,16:00,1600 Hours,District 4 (Southwest),ATLANTIC,CASS,,4TH ST,Collision with:  Vehicle in traffic,Outside trafficway,"Sideswipe, opposite direction",Illegally Parked/Unattended,None Indicated,,Daylight,Dry,Severe winds,None apparent,Non-intersection:  Non-junction/no special feature,Paved,,Property Damage Only,0,0,0,0,0,0,3100,2,1,,POINT (-95.014015803615 41.407001488146)
2014779836,14-0260,01/16/2014,01-January,5-Thursday,16:28,1600 Hours,District 1 (Central),WEST DES MOINES,POLK,,FULLER RD & MILLS CIVIC PKWY,Collision with:  Vehicle in traffic,On Roadway,Rear-end (front to rear),Other (explain in narrative):  Other,None Indicated,,Dusk,Ice/frost,Snow,None apparent,Non-intersection:  Non-junction/no special feature,Paved,,Property Damage Only,0,0,0,0,0,0,2100,2,3,,POINT (-93.765608283179 41.560005584883)
2014780061,01-14-145,01/16/2014,01-January,5-Thursday,07:51,0700 Hours,District 3 (Northwest),LE MARS,PLYMOUTH,IA 404,IA 404/5TH AVE NW & 1ST ST NW,Collision with:  Vehicle in traffic,On Roadway,"Angle, oncoming left turn",FTYROW:  Making left turn,None Indicated,,Daylight,Wet,Snow,None apparent,Intersection:  T-intersection,Paved,,Property Damage Only,0,0,0,0,0,0,5000,2,2,,POINT (-96.173727550386 42.794291424574)
2014780679,01-14-2310,01/16/2014,01-January,5-Thursday,10:48,1000 Hours,District 6 (East Central),DUBUQUE,DUBUQUE,,ASBURY RD,Collision with:  Vehicle in traffic,On Roadway,"Sideswipe, same direction",Other (explain in narrative):  Other,None Indicated,,Daylight,Wet,Snow,None apparent,Non-intersection:  Non-junction/no special feature,Paved,,Property Damage Only,0,0,0,0,0,0,2000,2,3,,POINT (-90.707632853412 42.50812754883)
2014780470,2014-3657,01/16/2014,01-January,5-Thursday,16:49,1600 Hours,District 6 (East Central),DAVENPORT,SCOTT,,W CENTRAL PARK AVE & STURDEVANT ST,Collision with:  Vehicle in traffic,On Roadway,"Angle, oncoming left turn",FTYROW:  Making left turn,None Indicated,,Daylight,Dry,Clear,None apparent,Intersection:  Four-way intersection,Paved,,Property Damage Only,0,0,0,0,0,0,5500,2,2,,POINT (-90.598531261961 41.545514214852)
2014780357,PD1400500,01/16/2014,01-January,5-Thursday,20:18,2000 Hours,District 5 (Southeast),FAIRFIELD,JEFFERSON,,W BURLINGTON AVE & S 4TH ST & N 4TH ST,Collision with:  Vehicle in traffic,On Roadway,"Angle, oncoming left turn",FTYROW:  Making left turn,None Indicated,,Dark - roadway lighted,Ice/frost,Snow,"Surface condition (e.g., wet, icy)",Intersection:  Four-way intersection,Paved,,Property Damage Only,0,0,0,0,0,0,6000,2,2,,POINT (-91.967973169382 41.006630550376)
2014780543,SO14-0054,01/16/2014,01-January,5-Thursday,21:00,2100 Hours,District 2 (Northeast),,WRIGHT,,Co Rd R33/HANCOCK AVE,Collision with fixed object:  Traffic sign support,Gore,Non-collision (single vehicle),Ran off road - right,None Indicated,,Dark - roadway lighted,Dry,Severe winds,None apparent,Intersection:  Other intersection (explain in narrative),Paved,,Property Damage Only,0,0,0,0,0,0,2600,1,1,,POINT (-93.832568777939 42.862148876695)
2014781566,14-0058,01/16/2014,01-January,5-Thursday,17:37,1700 Hours,District 1 (Central),SCRANTON,GREENE,,LINCOLN ST,Non-collision events:  Other non-collision (explain in narrative),Outside trafficway,Non-collision (single vehicle),Improper Backing,None Indicated,,Dusk,Ice/frost,"Blowing sand, soil, dirt",None apparent,Non-intersection:  Driveway access (within),Paved,,Property Damage Only,0,0,0,0,0,0,7000,2,2,,POINT (-94.54426598063 42.026995103227)
2014829734,A390113-0106,01/16/2014,01-January,5-Thursday,16:05,1600 Hours,District 4 (Southwest),,GUTHRIE,IA 4,IA 4/IOWA 4,Collision with:  Vehicle in traffic,On Roadway,Rear-end (front to rear),Swerving/Evasive Action,None Indicated,,Daylight,Snow,Snow,"Surface condition (e.g., wet, icy)",Non-intersection:  Non-junction/no special feature,Paved,,Property Damage Only,0,0,0,0,0,0,4000,2,4,,POINT (-94.367309703345 41.786666988057)
2014780090,14-000218,01/16/2014,01-January,5-Thursday,18:45,1800 Hours,District 1 (Central),ANKENY,POLK,I-35,I-35,Collision with:  Vehicle in traffic,On Roadway,Rear-end (front to rear),Driving too fast for conditions,None Indicated,,Dark - roadway lighted,Ice/frost,Snow,"Surface condition (e.g., wet, icy)",Non-intersection:  Non-junction/no special feature,Paved,,Property Damage Only,0,0,0,0,0,0,3099,2,4,,POINT (-93.571152875161 41.755843533601)
2014780256,2014-0067,01/16/2014,01-January,5-Thursday,15:40,1500 Hours,District 6 (East Central),PEOSTA,DUBUQUE,US 20,US 20/RAMP & Co Rd Y21/SUNDOWN RD,Collision with:  Vehicle in traffic,Roadside,Rear-end (front to rear),Swerving/Evasive Action,None Indicated,,Daylight,Ice/frost,Snow,"Surface condition (e.g., wet, icy)",Intersection:  Intersection with ramp,Paved,,Property Damage Only,0,0,0,0,0,0,6800,3,4,,POINT (-90.850406869976 42.442239016574)
2014781428,14-545,01/16/2014,01-January,5-Thursday,07:54,0700 Hours,District 3 (Northwest),,SIOUX,,Co Rd B30/370TH ST & Co Rd K52/HICKORY AVE,Collision with:  Vehicle in traffic,On Roadway,Broadside (front to side),FTYROW:  From stop sign,None Indicated,,Dawn,Dry,Cloudy,None apparent,Intersection:  Four-way intersection,Paved,,Possible/Unknown,0,1,0,0,1,0,9000,2,2,,POINT (-96.136314843969 43.113594107468)
2014780150,14-0266,01/16/2014,01-January,5-Thursday,16:56,1600 Hours,District 4 (Southwest),WEST DES MOINES,DALLAS,,ASHWORTH RD,Collision with:  Vehicle in traffic,On Roadway,"Sideswipe, opposite direction",Crossed centerline (undivided),None Indicated,,Dark - roadway lighted,Ice/frost,Snow,None apparent,Non-intersection:  Non-junction/no special feature,Paved,,Property Damage Only,0,0,0,0,0,0,3000,3,3,,POINT (-93.826807016383 41.580847874906)
2014780119,20140001444,01/16/2014,01-January,5-Thursday,16:25,1600 Hours,District 1 (Central),DES MOINES,POLK,US 69,US 69/E 14TH ST & GUTHRIE AVE,Collision with:  Vehicle in traffic,On Roadway,Rear-end (front to rear),Lost Control,None Indicated,,Dark - roadway lighted,Ice/frost,Snow,"Surface condition (e.g., wet, icy)",Intersection:  Four-way intersection,Paved,,Possible/Unknown,0,1,0,0,0,1,7500,2,2,,POINT (-93.600587277521 41.615011474122)
2014780117,20140001436,01/16/2014,01-January,5-Thursday,16:10,1600 Hours,District 1 (Central),DES MOINES,POLK,,MULBERRY ST & 6TH AVE,Collision with:  Vehicle in traffic,On Roadway,"Sideswipe, same direction",Unknown,None Indicated,,Daylight,Wet,Snow,"Surface condition (e.g., wet, icy)",Non-intersection:  Non-junction/no special feature,Paved,,Property Damage Only,0,0,0,0,0,0,1500,2,2,,POINT (-93.624291000213 41.58499018704)
2014781204,2014003586,01/16/2014,01-January,5-Thursday,22:37,2200 Hours,District 4 (Southwest),,DALLAS,I-80,I-80,Collision with fixed object:  Other fixed object (explain in narrative),Median,Non-collision (single vehicle),Crossed centerline (undivided),None Indicated,,Dark - roadway not lighted,Ice/frost,Snow,"Surface condition (e.g., wet, icy)",Non-intersection:  Non-junction/no special feature,Paved,,Possible/Unknown,0,1,0,0,1,0,4500,1,1,,POINT (-93.915275390832 41.555975250577)
2014779822,14-0113,01/16/2014,01-January,5-Thursday,16:34,1600 Hours,District 1 (Central),URBANDALE,POLK,,PLUM DR & 72ND ST,Collision with:  Vehicle in traffic,On Roadway,Broadside (front to side),Ran Stop Sign,None Indicated,,Dusk,Ice/frost,Snow,"Surface condition (e.g., wet, icy)",Intersection:  Four-way intersection,Paved,,Property Damage Only,0,0,0,0,0,0,5000,2,2,,POINT (-93.717068689133 41.650453628159)
2014788110,2014-3485,01/16/2014,01-January,5-Thursday,00:04,0000 Hours,District 6 (East Central),DAVENPORT,SCOTT,IA 22,IA 22/ROCKINGHAM RD,Collision with:  Animal,,,Animal,None Indicated,,,,,,,Paved,,Property Damage Only,0,0,0,0,0,0,1500,1,1,,POINT (-90.648018890617 41.49625439231)
2014782735,14-000228,01/16/2014,01-January,5-Thursday,13:29,1300 Hours,District 3 (Northwest),,LYON,IA 9,IA 9/IOWA 9 & Co Rd K12/BEECH AVE,Collision with:  Vehicle in traffic,On Roadway,Rear-end (front to rear),Driving too fast for conditions,None Indicated,,Daylight,Ice/frost,"Blowing sand, soil, dirt",None apparent,Non-intersection:  Non-junction/no special feature,Paved,,Property Damage Only,0,0,0,0,0,0,4500,2,2,,POINT (-96.50580248474 43.477948943938)