Iowa DOT Case Number,Law Enforcement Case Number,Date of Crash,Month of Crash,Day of Week,Time of Crash,Hour,DOT District,City Name,County Name,Route with System,Location Description,First Harmful Event,Location of First Harmful Event,Manner of Crash/Collision,Major Cause,Drug or Alcohol ,Environmental Conditions,Light Conditions,Surface Conditions,Weather Conditions,Roadway Contribution,Roadway Type,Roadway Surface,Work Zone,Crash Severity,Number of Fatalities,Number of Injuries,Number of Major Injuries,Number of Minor Injuries,Number of Possible Injuries,Number of Unknown Injuries,Amount of Property Damage,Number of Vehicles Involved,Total Number of Occupants,Travel Direction,Location
2014780083,14-000211,01/16/2014,01-January,5-Thursday,17:03,1700 Hours,District 1 (Central),ANKENY,POLK,IA 160,IA 160/SW ORALABOR RD & IA 415/SW STATE ST,Collision with:  Vehicle in traffic,On Roadway,Head-on (front to front),FTYROW:  Making left turn,None Indicated,,Dusk,Snow,Snow,"Surface condition (e.g., wet, icy)",Intersection:  Four-way intersection,Paved,,Property Damage Only,0,0,0,0,0,0,4000,2,2,,POINT (-93.621550183463 41.703115988409)
2014780214,2014003434,01/16/2014,01-January,5-Thursday,14:00,1400 Hours,District 3 (Northwest),,SIOUX,US 75,US 75,Collision with:  Vehicle in traffic,On Roadway,Rear-end (front to rear),Crossed centerline (undivided),None Indicated,,Daylight,Ice/frost,"Blowing sand, soil, dirt","Surface condition (e.g., wet, icy)",Non-intersection:  Non-junction/no special feature,Paved,,Property Damage Only,0,0,0,0,0,0,4750,3,7,,POINT (-96.175040359998 42.931110746443)
2014779988,14-0265,01/16/2014,01-January,5-Thursday,15:44,1500 Hours,District 3 (Northwest),,IDA,,Co Rd L67/EAGLE AVE,Collision with fixed object:  Mailbox,Shoulder,Non-collision (single vehicle),Driving too fast for conditions,None Indicated,,Daylight,Ice/frost,"Blowing sand, soil, dirt",None apparent,Non-intersection:  Non-junction/no special feature,Paved,,Property Damage Only,0,0,0,0,0,0,2500,1,2,,POINT (-95.574658607968 42.460580377707)
2014780546,2014003467,01/16/2014,01-January,5-Thursday,15:38,1500 Hours,District 3 (Northwest),,CARROLL,,Co Rd N33/NOBLE AVE,Collision with:  Vehicle in traffic,On Roadway,Rear-end (front to rear),Followed too close,None Indicated,,Daylight,Snow,Snow,"Surface condition (e.g., wet, icy)",Non-intersection:  Non-junction/no special feature,Paved,,Possible/Unknown,0,1,0,0,1,0,8500,2,3,,POINT (-94.842575387799 42.073378292016)
2014781009,14007426,01/16/2014,01-January,5-Thursday,17:30,1700 Hours,District 6 (East Central),,JOHNSON,US 6,US 6,Collision with:  Animal,On Roadway,Rear-end (front to rear),Animal,None Indicated,,Dark - roadway not lighted,Dry,Clear,None apparent,Non-intersection:  Non-junction/no special feature,Paved,,Property Damage Only,0,0,0,0,0,0,10000,2,2,,POINT (-91.728989276104 41.71712357145)
2014781677,14-0045,01/16/2014,01-January,5-Thursday,16:55,1600 Hours,District 1 (Central),PLEASANT HILL,POLK,IA 163,IA 163/NE UNIVERSITY AVE,Collision with:  Vehicle in traffic,On Roadway,Rear-end (front to rear),Other (explain in narrative):  Vision obstructed,None Indicated,,Dusk,Ice/frost,"Blowing sand, soil, dirt",None apparent,Non-intersection:  Non-junction/no special feature,Paved,,Minor Injury,0,2,0,1,1,0,29500,5,6,,POINT (-93.451750061532 41.600515481977)
2014780424,14-0118,01/16/2014,01-January,5-Thursday,19:34,1900 Hours,District 1 (Central),URBANDALE,POLK,I-35,I-35,Collision with fixed object:  Curb/island/raised median,On Roadway,Non-collision (single vehicle),Driving too fast for conditions,None Indicated,,Dark - roadway lighted,Ice/frost,Snow,"Surface condition (e.g., wet, icy)",Non-intersection:  Non-junction/no special feature,Paved,,Property Damage Only,0,0,0,0,0,0,10000,1,3,,POINT (-93.776952078533 41.634959479447)
2014779809,14-0064,01/16/2014,01-January,5-Thursday,15:53,1500 Hours,District 1 (Central),CLIVE,POLK,I-35,I-35,Collision with:  Vehicle in traffic,Shoulder,"Sideswipe, same direction",Ran off road - right,None Indicated,,Daylight,Snow,Snow,None apparent,Non-intersection:  Non-junction/no special feature,Paved,,Property Damage Only,0,0,0,0,0,0,5000,2,3,,POINT (-93.776100442855 41.614005571508)
2014780176,H14-0208,01/16/2014,01-January,5-Thursday,15:42,1500 Hours,District 1 (Central),HUXLEY,STORY,US 69,US 69 & E 1ST ST,Collision with:  Vehicle in traffic,On Roadway,Broadside (front to side),Driving too fast for conditions,None Indicated,,Daylight,Snow,"Blowing sand, soil, dirt",None apparent,Intersection:  Four-way intersection,Paved,,Possible/Unknown,0,2,0,0,2,0,2005,2,3,,POINT (-93.600514507605 41.892373362888)
2014780506,14-000221,01/16/2014,01-January,5-Thursday,18:41,1800 Hours,District 1 (Central),AMES,STORY,,ONTARIO ST & DELAWARE AVE,Collision with:  Vehicle in traffic,On Roadway,"Sideswipe, same direction",Other (explain in narrative):  Other,None Indicated,,Dark - roadway lighted,Snow,Clear,None apparent,Intersection:  T-intersection,Paved,,Property Damage Only,0,0,0,0,0,0,2500,2,4,,POINT (-93.680185755149 42.034576532371)
2014779744,140404,01/16/2014,01-January,5-Thursday,16:30,1600 Hours,District 4 (Southwest),,DALLAS,IA 141,IA 141/141ST ST,Collision with:  Vehicle in traffic,On Roadway,Rear-end (front to rear),Driving too fast for conditions,None Indicated,,Daylight,Snow,Snow,"Surface condition (e.g., wet, icy)",Non-intersection:  Non-junction/no special feature,Paved,,Property Damage Only,0,0,0,0,0,0,1800,2,4,,POINT (-93.991945560756 41.834934335036)
2014779818,20140001445,01/16/2014,01-January,5-Thursday,18:31,1800 Hours,District 1 (Central),DES MOINES,POLK,,E PLEASANTVIEW DR,Collision with:  Vehicle in traffic,On Roadway,Rear-end (front to rear),Lost Control,None Indicated,,Dark - roadway lighted,Ice/frost,Snow,"Surface condition (e.g., wet, icy)",Non-intersection:  Non-junction/no special feature,Paved,,Possible/Unknown,0,1,0,0,1,0,600,3,4,,POINT (-93.611049075196 41.557282874918)
2014829733,A390113-0103,01/16/2014,01-January,5-Thursday,15:35,1500 Hours,District 4 (Southwest),,GUTHRIE,IA 25,IA 25/IA 141,Collision with:  Vehicle in traffic,On Roadway,Rear-end (front to rear),Swerving/Evasive Action,None Indicated,,Daylight,Snow,Snow,"Surface condition (e.g., wet, icy)",Non-intersection:  Non-junction/no special feature,Paved,,Property Damage Only,0,0,0,0,0,0,9000,2,4,,POINT (-94.523831560284 41.848842091999)
2014779813,20140001430,01/16/2014,01-January,5-Thursday,15:42,1500 Hours,District 1 (Central),DES MOINES,POLK,,HICKMAN RD & 26TH ST,Collision with fixed object:  Traffic sign support,Shoulder,Non-collision (single vehicle),"Operating vehicle in an reckless, erratic, careless, negligent manner",None Indicated,,Daylight,Snow,Snow,"Surface condition (e.g., wet, icy)",Intersection:  Four-way intersection,Paved,,Property Damage Only,0,0,0,0,0,0,2300,1,1,,POINT (-93.651742029438 41.614994048696)
2014780467,2014-3567,01/16/2014,01-January,5-Thursday,09:08,0900 Hours,District 6 (East Central),DAVENPORT,SCOTT,,MARQUETTE ST,Collision with:  Vehicle in traffic,On Roadway,Rear-end (front to rear),Followed too close,None Indicated,,Daylight,Wet,Cloudy,None apparent,Intersection:  Four-way intersection,Paved,,Property Damage Only,0,0,0,0,0,0,3000,2,3,,POINT (-90.591391152809 41.537952517213)
2014780579,2014003554,01/16/2014,01-January,5-Thursday,19:55,1900 Hours,District 3 (Northwest),,IDA,US 59,US 59,Non-collision events:  Jackknife,On Roadway,Non-collision (single vehicle),Crossed centerline (undivided),None Indicated,,Dark - roadway not lighted,Ice/frost,Snow,"Surface condition (e.g., wet, icy)",Non-intersection:  Non-junction/no special feature,Paved,,Property Damage Only,0,0,0,0,0,0,10000,1,1,,POINT (-95.517148970084 42.421200177984)
2014782326,2014003503,01/16/2014,01-January,5-Thursday,17:00,1700 Hours,District 1 (Central),,POLK,I-80,I-80,Collision with fixed object:  Guardrail - face,On Roadway,Non-collision (single vehicle),Driving too fast for conditions,None Indicated,,Daylight,Snow,Snow,"Surface condition (e.g., wet, icy)",Non-intersection:  Non-junction/no special feature,Paved,,Property Damage Only,0,0,0,0,0,0,8000,1,1,,POINT (-93.402818501244 41.680230976447)
2014793429,2014-01006,01/16/2014,01-January,5-Thursday,17:41,1700 Hours,District 5 (Southeast),,WARREN,,Co Rd R63/HWY R63,Collision with:  Vehicle in traffic,On Roadway,Rear-end (front to rear),Lost Control,None Indicated,,Dark - roadway not lighted,Ice/frost,Snow,Obstruction in roadway,Non-intersection:  Non-junction/no special feature,Paved,,Property Damage Only,0,0,0,0,0,0,2000,2,2,,POINT (-93.625907786242 41.486468205249)
2014804965,,01/16/2014,01-January,5-Thursday,17:15,1700 Hours,District 2 (Northeast),,CHICKASAW,IA 24,IA 24/IOWA 24,,Shoulder,Non-collision (single vehicle),Ran off road - right,None Indicated,,Dark - roadway not lighted,Dry,Severe winds,None apparent,Non-intersection:  Non-junction/no special feature,Paved,,Possible/Unknown,0,1,0,0,1,0,5000,1,1,,POINT (-92.234524690288 43.061989848871)
2014782032,,01/16/2014,01-January,5-Thursday,15:15,1500 Hours,District 6 (East Central),CEDAR RAPIDS,LINN,,EDGEWOOD RD SW & 37TH AVE SW,Collision with:  Vehicle in traffic,On Roadway,Rear-end (front to rear),Unknown,None Indicated,,Daylight,Dry,Clear,,Intersection:  Four-way intersection,Paved,,Property Damage Only,0,0,0,0,0,0,4337,2,3,,POINT (-91.715944564844 41.941938422411)
2014779794,14-352,01/16/2014,01-January,5-Thursday,16:04,1600 Hours,District 1 (Central),GRIMES,POLK,IA 44,IA 44/1ST ST,Collision with:  Other non-fixed object (explain in narrative),On Roadway,Rear-end (front to rear),Driving too fast for conditions,None Indicated,,Daylight,Ice/frost,Snow,"Surface condition (e.g., wet, icy)",Non-intersection:  Non-junction/no special feature,Paved,,Property Damage Only,0,0,0,0,0,0,5000,2,2,,POINT (-93.79678407715 41.688361904209)
2014781427,14-558,01/16/2014,01-January,5-Thursday,13:29,1300 Hours,District 3 (Northwest),,SIOUX,,Co Rd K30/EAGLE AVE & 480TH ST,Collision with:  Vehicle in traffic,On Roadway,Rear-end (front to rear),Driving too fast for conditions,None Indicated,,Daylight,Snow,"Blowing sand, soil, dirt","Surface condition (e.g., wet, icy)",Non-intersection:  Non-junction/no special feature,Paved,,Property Damage Only,0,0,0,0,0,0,4000,2,2,,POINT (-96.312658584698 42.953003705925)
2014781765,2014003462,01/16/2014,01-January,5-Thursday,14:10,1400 Hours,District 6 (East Central),,DUBUQUE,IA 136,IA 136/IOWA 136,Collision with:  Vehicle in traffic,On Roadway,Rear-end (front to rear),Swerving/Evasive Action,None Indicated,,Daylight,Snow,"Blowing sand, soil, dirt","Surface condition (e.g., wet, icy)",Non-intersection:  Non-junction/no special feature,Paved,,Minor Injury,0,5,0,3,2,0,49500,8,13,,POINT (-91.106213930937 42.561481819495)
2014780089,14-000213,01/16/2014,01-January,5-Thursday,17:25,1700 Hours,District 1 (Central),ANKENY,POLK,,NW 4TH ST & NW STATE ST,Collision with:  Vehicle in traffic,On Roadway,Rear-end (front to rear),Other (explain in narrative):  Other,None Indicated,,Dark - roadway lighted,Ice/frost,Snow,"Surface condition (e.g., wet, icy)",Non-intersection:  Non-junction/no special feature,Paved,,Property Damage Only,0,0,0,0,0,0,3000,2,3,,POINT (-93.621537260322 41.735460367943)
2014781509,201400193,01/16/2014,01-January,5-Thursday,15:02,1500 Hours,District 1 (Central),,BOONE,IA 930,IA 930/W LINCOLN WAY,Collision with fixed object:  Utility pole/light support,On Roadway,Non-collision (single vehicle),Swerving/Evasive Action,None Indicated,,Daylight,Snow,Snow,"Surface condition (e.g., wet, icy)",Interchange-related:  Off-ramp,Paved,,Property Damage Only,0,0,0,0,0,0,3000,1,2,,POINT (-93.72967770926 42.022555045587)
2014779855,14-002003,01/16/2014,01-January,5-Thursday,19:15,1900 Hours,District 4 (Southwest),COUNCIL BLUFFS,POTTAWATTAMIE,,MCPHERSON AVE,Collision with fixed object:  Guardrail - face,On Roadway,Non-collision (single vehicle),Driving too fast for conditions,None Indicated,,Dark - roadway lighted,Ice/frost,Snow,None apparent,Non-intersection:  Non-junction/no special feature,Paved,,Property Damage Only,0,0,0,0,0,0,6000,1,1,,POINT (-95.810063116723 41.259982924591)
2014781224,,01/16/2014,01-January,5-Thursday,15:40,1500 Hours,District 4 (Southwest),LENOX,TAYLOR,,MICHIGAN ST & WALNUT ST,Collision with:  Non-motorist (see non-motorist section - NOT a unit),On Roadway,Non-collision (single vehicle),FTYROW:  To pedestrian,None Indicated,,,,,,,Paved,,Possible/Unknown,0,1,0,0,1,0,0,1,2,,POINT (-94.560426706031 40.883720772663)
2014780501,14-000212,01/16/2014,01-January,5-Thursday,15:17,1500 Hours,District 1 (Central),AMES,STORY,US 30,US 30/NE RAMP CURV & UNIVERSITY BLVD,Collision with fixed object:  Ditch,Roadside,Non-collision (single vehicle),Driving too fast for conditions,None Indicated,,Daylight,Snow,Snow,"Surface condition (e.g., wet, icy)",Non-intersection:  Non-junction/no special feature,Paved,,Property Damage Only,0,0,0,0,0,0,5000,1,1,,POINT (-93.639416316908 42.004891049374)
2014781426,14-556,01/16/2014,01-January,5-Thursday,12:56,1200 Hours,District 3 (Northwest),,SIOUX,US 18,US 18/CHESTNUT AVE,Collision with:  Vehicle in traffic,On Roadway,"Sideswipe, opposite direction",Crossed centerline (undivided),None Indicated,,Daylight,Snow,"Blowing sand, soil, dirt",None apparent,Non-intersection:  Non-junction/no special feature,Paved,,Possible/Unknown,0,1,0,0,1,0,12100,3,3,,POINT (-96.433164447705 43.237689153647)
2014781957,2014-01009,01/16/2014,01-January,5-Thursday,17:55,1700 Hours,District 5 (Southeast),INDIANOLA,WARREN,,W IOWA AVE & STEPHEN CT,Non-collision events:  Other non-collision (explain in narrative),On Roadway,Rear-end (front to rear),Swerving/Evasive Action,None Indicated,,Dark - roadway lighted,Ice/frost,Snow,"Surface condition (e.g., wet, icy)",Non-intersection:  Non-junction/no special feature,Paved,,Property Damage Only,0,0,0,0,0,0,3000,2,5,,POINT (-93.574026241655 41.369470057113)
2014783459,2014007543,01/16/2014,01-January,5-Thursday,16:10,1600 Hours,District 4 (Southwest),,DALLAS,US 6,US 6/N AVE,Collision with:  Vehicle in traffic,On Roadway,Rear-end (front to rear),Swerving/Evasive Action,None Indicated,,Daylight,Ice/frost,Snow,"Surface condition (e.g., wet, icy)",Non-intersection:  Non-junction/no special feature,Paved,,Minor Injury,0,1,0,1,0,0,12500,2,2,,POINT (-94.012659734717 41.571416767064)
2014780120,20140001447,01/16/2014,01-January,5-Thursday,17:20,1700 Hours,District 1 (Central),DES MOINES,POLK,,MULBERRY ST & 6TH AVE,Collision with:  Vehicle in traffic,On Roadway,Rear-end (front to rear),Improper Backing,None Indicated,,Daylight,Snow,Snow,"Surface condition (e.g., wet, icy)",Non-intersection:  Non-junction/no special feature,Paved,,Property Damage Only,0,0,0,0,0,0,1500,2,2,,POINT (-93.624291000213 41.58499018704)
2014782734,14-000225,01/16/2014,01-January,5-Thursday,12:51,1200 Hours,District 3 (Northwest),,LYON,IA 9,IA 9/IOWA 9 & Co Rd K42/GARFIELD AVE,Collision with:  Vehicle in traffic,On Roadway,"Sideswipe, opposite direction",Unknown,None Indicated,,Daylight,Ice/frost,"Blowing sand, soil, dirt",None apparent,Non-intersection:  Non-junction/no special feature,Paved,,Property Damage Only,0,0,0,0,0,0,4000,2,2,,POINT (-96.233614221309 43.433011384676)
2014781959,2014-00993,01/16/2014,01-January,5-Thursday,16:33,1600 Hours,District 5 (Southeast),,WARREN,US 65,US 65,Collision with:  Vehicle in traffic,On Roadway,Rear-end (front to rear),Driving too fast for conditions,None Indicated,,Daylight,Snow,Snow,"Surface condition (e.g., wet, icy)",Non-intersection:  Non-junction/no special feature,Paved,,Property Damage Only,0,0,0,0,0,0,4000,2,2,,POINT (-93.565907738655 41.4866799786)
2014779991,14-1308,01/16/2014,01-January,5-Thursday,16:02,1600 Hours,District 1 (Central),BAXTER,JASPER,US 65,US 65/US 65 N,Non-collision events:  Other non-collision (explain in narrative),,,Crossed centerline (undivided),None Indicated,,,,,,,Paved,,Property Damage Only,0,0,0,0,0,0,3000,1,3,,POINT (-93.329421157488 41.793314299046)
2014782460,14-001240,01/16/2014,01-January,5-Thursday,17:37,1700 Hours,District 5 (Southeast),,MARION,IA 163,IA 163/IOWA 163,Collision with:  Vehicle in traffic,On Roadway,"Sideswipe, same direction",Swerving/Evasive Action,None Indicated,,Dark - roadway not lighted,Ice/frost,Snow,"Surface condition (e.g., wet, icy)",Non-intersection:  Non-junction/no special feature,Paved,,Possible/Unknown,0,1,0,0,0,1,5500,2,3,,POINT (-93.039854064831 41.467366002469)
2014779796,14-0360,01/16/2014,01-January,5-Thursday,21:45,2100 Hours,District 1 (Central),,POLK,US 6,US 6/SW RAMP/SPEC CASE & NE BROADWAY AVE,Collision with fixed object:  Traffic sign support,On Roadway,Non-collision (single vehicle),Driving too fast for conditions,None Indicated,,Dark - roadway lighted,Ice/frost,Cloudy,"Surface condition (e.g., wet, icy)",Interchange-related:  On-ramp merge area,Paved,,Property Damage Only,0,0,0,0,0,0,2500,1,2,,POINT (-93.511566444652 41.644157059449)
2014779814,20140001431,01/16/2014,01-January,5-Thursday,15:48,1500 Hours,District 1 (Central),DES MOINES,POLK,,WEDGEWOOD RD & E 29TH ST,Collision with fixed object:  Utility pole/light support,On Roadway,Non-collision (single vehicle),Unknown,None Indicated,,Daylight,Snow,Snow,None apparent,Intersection:  T-intersection,Paved,,Minor Injury,0,1,0,1,0,0,1750,1,1,,POINT (-93.56127242741 41.626730370975)
2014781442,140116BVZ01,01/16/2014,01-January,5-Thursday,12:50,1200 Hours,District 3 (Northwest),ORANGE CITY,SIOUX,,2ND ST NW & FLORIDA AVE NW,Collision with:  Vehicle in traffic,On Roadway,Broadside (front to side),FTYROW:  From yield sign,None Indicated,,Daylight,Ice/frost,Snow,None apparent,Intersection:  Four-way intersection,Paved,,Minor Injury,0,1,0,1,0,0,18000,2,3,,POINT (-96.063953799892 43.007228037742)
2014781246,,01/16/2014,01-January,5-Thursday,15:35,1500 Hours,District 4 (Southwest),ADEL,DALLAS,US 169,US 169/N 8TH ST & GROVE ST,Collision with:  Vehicle in traffic,On Roadway,Rear-end (front to rear),Driving too fast for conditions,None Indicated,,Daylight,Snow,Snow,"Surface condition (e.g., wet, icy)",Intersection:  Four-way intersection,Paved,,Property Damage Only,0,0,0,0,0,0,3000,4,7,,POINT (-94.017514947346 41.620147521831)
2014782325,2014003501,01/16/2014,01-January,5-Thursday,17:00,1700 Hours,District 1 (Central),,POLK,I-80,I-80,Collision with:  Vehicle in traffic,On Roadway,Rear-end (front to rear),Followed too close,None Indicated,,Daylight,Snow,Snow,"Surface condition (e.g., wet, icy)",Non-intersection:  Non-junction/no special feature,Paved,,Property Damage Only,0,0,0,0,0,0,12000,2,4,,POINT (-93.402818501244 41.680230976447)
2014780442,14-572,01/16/2014,01-January,5-Thursday,16:50,1600 Hours,District 3 (Northwest),,SAC,IA 175,IA 175/330TH ST,Collision with:  Vehicle in traffic,On Roadway,"Sideswipe, opposite direction",Crossed centerline (undivided),None Indicated,,Daylight,Ice/frost,"Blowing sand, soil, dirt",None apparent,Non-intersection:  Non-junction/no special feature,Paved,,Major Injury,0,1,1,0,0,0,23000,2,2,,POINT (-95.156515291211 42.311781632396)
2014780078,14-000200,01/16/2014,01-January,5-Thursday,15:54,1500 Hours,District 1 (Central),ANKENY,POLK,,NW PRAIRIE RIDGE DR & NW STATE ST,Collision with:  Vehicle in traffic,On Roadway,Rear-end (front to rear),Driving too fast for conditions,None Indicated,,Daylight,Ice/frost,Snow,"Surface condition (e.g., wet, icy)",Non-intersection:  Non-junction/no special feature,Paved,,Property Damage Only,0,0,0,0,0,0,3500,2,2,,POINT (-93.620045809666 41.741674260953)
2014781189,2014003469,01/16/2014,01-January,5-Thursday,15:45,1500 Hours,District 4 (Southwest),COUNCIL BLUFFS,POTTAWATTAMIE,I-80,I-80,Non-collision events:  Overturn/rollover,On Roadway,Non-collision (single vehicle),Swerving/Evasive Action,None Indicated,,Daylight,Dry,Severe winds,None apparent,Non-intersection:  Non-junction/no special feature,Paved,,Property Damage Only,0,0,0,0,0,0,30000,1,2,,POINT (-95.740140795241 41.332604205737)
2014780054,14-002082,01/16/2014,01-January,5-Thursday,15:46,1500 Hours,District 5 (Southeast),MUSCATINE,MUSCATINE,,FULLIAM AVE & LOGAN ST,Collision with:  Vehicle in traffic,On Roadway,Broadside (front to side),Unknown,None Indicated,,Daylight,Dry,Cloudy,None apparent,Intersection:  Four-way intersection,Paved,,Possible/Unknown,0,5,0,0,5,0,6000,2,24,,POINT (-91.064845294909 41.430827656564)
2014783567,1401161145,01/16/2014,01-January,5-Thursday,11:45,1100 Hours,District 6 (East Central),,JONES,US 151,US 151,Non-collision events:  Overturn/rollover,On Roadway,Non-collision (single vehicle),Swerving/Evasive Action,None Indicated,,Daylight,Other (explain in narrative),Cloudy,"Surface condition (e.g., wet, icy)",Non-intersection:  Non-junction/no special feature,Paved,,Property Damage Only,0,0,0,0,0,0,5500,1,1,,POINT (-91.362264628119 42.070712234769)
2014781433,14-570,01/16/2014,01-January,5-Thursday,14:28,1400 Hours,District 3 (Northwest),,SIOUX,US 75,US 75,Collision with:  Vehicle in traffic,On Roadway,Rear-end (front to rear),Driving too fast for conditions,None Indicated,,Daylight,Ice/frost,Snow,"Surface condition (e.g., wet, icy)",Non-intersection:  Non-junction/no special feature,Paved,,Property Damage Only,0,0,0,0,0,0,6000,2,2,,POINT (-96.175486585404 42.988841992896)
2014781431,14-565,01/16/2014,01-January,5-Thursday,13:51,1300 Hours,District 3 (Northwest),,SIOUX,US 75,US 75,Collision with:  Vehicle in traffic,On Roadway,Rear-end (front to rear),Other (explain in narrative):  Vision obstructed,None Indicated,,Daylight,Ice/frost,Snow,"Surface condition (e.g., wet, icy)",Non-intersection:  Non-junction/no special feature,Paved,,Property Damage Only,0,0,0,0,0,0,7100,3,3,,POINT (-96.175498413611 42.985501134645)
2014788195,2014003553,01/16/2014,01-January,5-Thursday,17:30,1700 Hours,District 4 (Southwest),WAUKEE,DALLAS,I-80,I-80,Non-collision events:  Jackknife,On Roadway,"Sideswipe, same direction",Swerving/Evasive Action,None Indicated,,Daylight,Ice/frost,Snow,"Surface condition (e.g., wet, icy)",Non-intersection:  Other non-intersection (explain in narrative),Paved,,Possible/Unknown,0,1,0,0,1,0,65000,2,2,,POINT (-93.876176724696 41.563503637183)
2014781565,14-0055,01/16/2014,01-January,5-Thursday,14:40,1400 Hours,District 1 (Central),,GREENE,US 30,US 30/220TH,Non-collision events:  Overturn/rollover,Outside trafficway,Non-collision (single vehicle),Swerving/Evasive Action,None Indicated,,Daylight,Ice/frost,"Blowing sand, soil, dirt",None apparent,Non-intersection:  Non-junction/no special feature,Paved,,Possible/Unknown,0,1,0,0,0,1,4500,1,1,,POINT (-94.554030180342 42.034599678023)
2014780079,14-000203,01/16/2014,01-January,5-Thursday,15:32,1500 Hours,District 1 (Central),ANKENY,POLK,,SW STATE ST,Collision with:  Vehicle in traffic,On Roadway,Rear-end (front to rear),Other (explain in narrative):  Other,None Indicated,,Daylight,Ice/frost,Snow,None apparent,Non-intersection:  Non-junction/no special feature,Paved,,Property Damage Only,0,0,0,0,0,0,2000,2,4,,POINT (-93.622241757952 41.706282735394)
2014790775,14-000377,01/16/2014,01-January,5-Thursday,16:44,1600 Hours,District 4 (Southwest),PERRY,DALLAS,,SOUTH ST & 5TH ST,Collision with:  Vehicle in traffic,On Roadway,Broadside (front to side),Driving too fast for conditions,None Indicated,,Daylight,Snow,Snow,None apparent,Non-intersection:  Non-junction/no special feature,Paved,,Property Damage Only,0,0,0,0,0,0,3500,2,2,,POINT (-94.10115155286 41.831903710655)
2014780499,14-000206,01/16/2014,01-January,5-Thursday,09:46,0900 Hours,District 1 (Central),AMES,STORY,US 69,US 69/GRAND AVE & 16TH ST,Collision with:  Vehicle in traffic,On Roadway,"Angle, oncoming left turn",FTYROW:  Making left turn,None Indicated,,Daylight,Dry,Cloudy,None apparent,Intersection:  Four-way intersection,Paved,,Property Damage Only,0,0,0,0,0,0,22000,2,2,,POINT (-93.620456800969 42.038346453598)
2014785094,2014-3683,01/16/2014,01-January,5-Thursday,18:48,1800 Hours,District 6 (East Central),DAVENPORT,SCOTT,,E 11TH ST & JERSEY RIDGE RD,Collision with:  Vehicle in traffic,On Roadway,Rear-end (front to rear),Followed too close,None Indicated,,Dark - roadway lighted,Dry,Clear,None apparent,Intersection:  T-intersection,Paved,,Property Damage Only,0,0,0,0,0,0,2000,2,2,,POINT (-90.543906634556 41.531084406964)
2014780949,14-000564,01/16/2014,01-January,5-Thursday,16:06,1600 Hours,District 3 (Northwest),CARROLL,CARROLL,,MAHOGANY AVE & CLARK ST,Collision with:  Vehicle in traffic,On Roadway,Broadside (front to side),Ran Stop Sign,None Indicated,,Daylight,Ice/frost,Snow,"Surface condition (e.g., wet, icy)",Intersection:  T-intersection,Paved,,Possible/Unknown,0,1,0,0,1,0,11500,3,3,,POINT (-94.859357140004 42.051970279734)
2014779971,14-01674,01/16/2014,01-January,5-Thursday,09:27,0900 Hours,District 5 (Southeast),BURLINGTON,DES MOINES,,SMITH ST & LEEBRICK ST,Collision with:  Vehicle in traffic,On Roadway,Rear-end (front to rear),Unknown,None Indicated,,Daylight,Ice/frost,Clear,"Surface condition (e.g., wet, icy)",Intersection:  Four-way intersection,Paved,,Property Damage Only,0,0,0,0,0,0,3000,2,1,,POINT (-91.120325744703 40.808643814201)
2014782324,2014003500,01/16/2014,01-January,5-Thursday,16:40,1600 Hours,District 1 (Central),,POLK,I-80,I-80,Collision with:  Vehicle in traffic,On Roadway,Rear-end (front to rear),Driving too fast for conditions,None Indicated,,Daylight,Snow,Snow,"Surface condition (e.g., wet, icy)",Non-intersection:  Non-junction/no special feature,Paved,,Property Damage Only,0,0,0,0,0,0,15000,2,3,,POINT (-93.383559978547 41.680413954117)
2014784653,2014003521,01/16/2014,01-January,5-Thursday,18:15,1800 Hours,District 4 (Southwest),,DALLAS,US 6,US 6/N AVE,Collision with:  Vehicle in traffic,On Roadway,Rear-end (front to rear),Swerving/Evasive Action,None Indicated,,Dark - roadway not lighted,Ice/frost,Snow,"Surface condition (e.g., wet, icy)",Intersection:  Four-way intersection,Paved,,Possible/Unknown,0,1,0,0,0,1,18000,3,5,,POINT (-94.012277425454 41.565367311256)
2014781203,2014003571,01/16/2014,01-January,5-Thursday,16:06,1600 Hours,District 4 (Southwest),,DALLAS,US 6,US 6/N AVE,Collision with:  Vehicle in traffic,On Roadway,Rear-end (front to rear),Swerving/Evasive Action,None Indicated,,Daylight,Ice/frost,Snow,Other (explain in narrative),Non-intersection:  Non-junction/no special feature,Paved,,Minor Injury,0,2,0,2,0,0,25000,2,3,,POINT (-94.012694551553 41.572110012968)
2014779808,14-0068,01/16/2014,01-January,5-Thursday,20:30,2000 Hours,District 1 (Central),CLIVE,POLK,US 6,US 6/HICKMAN RD,Collision with:  Vehicle in traffic,On Roadway,"Angle, oncoming left turn",Driving too fast for conditions,None Indicated,,Dark - roadway lighted,Ice/frost,Snow,"Surface condition (e.g., wet, icy)",Non-intersection:  Non-junction/no special feature,Paved,,Major Injury,0,1,1,0,0,0,3000,2,3,,POINT (-93.779651796685 41.614891265247)