Iowa DOT Case Number,Law Enforcement Case Number,Date of Crash,Month of Crash,Day of Week,Time of Crash,Hour,DOT District,City Name,County Name,Route with System,Location Description,First Harmful Event,Location of First Harmful Event,Manner of Crash/Collision,Major Cause,Drug or Alcohol ,Environmental Conditions,Light Conditions,Surface Conditions,Weather Conditions,Roadway Contribution,Roadway Type,Roadway Surface,Work Zone,Crash Severity,Number of Fatalities,Number of Injuries,Number of Major Injuries,Number of Minor Injuries,Number of Possible Injuries,Number of Unknown Injuries,Amount of Property Damage,Number of Vehicles Involved,Total Number of Occupants,Travel Direction,Location
2014779973,14-01756,01/16/2014,01-January,5-Thursday,20:26,2000 Hours,District 5 (Southeast),BURLINGTON,DES MOINES,,COURT ST & CENTRAL AVE,Collision with:  Vehicle in traffic,On Roadway,Head-on (front to front),Crossed centerline (undivided),None Indicated,,Dark - roadway lighted,Snow,Snow,"Surface condition (e.g., wet, icy)",Non-intersection:  Non-junction/no special feature,Paved,,Possible/Unknown,0,1,0,0,1,0,3500,2,4,,POINT (-91.11068425077 40.814188233576)
2014779816,20140001438,01/16/2014,01-January,5-Thursday,16:33,1600 Hours,District 1 (Central),DES MOINES,POLK,I-235,I-235,Collision with fixed object:  Utility pole/light support,On Roadway,Non-collision (single vehicle),Lost Control,None Indicated,,Daylight,Snow,Snow,"Surface condition (e.g., wet, icy)",Non-intersection:  Non-junction/no special feature,Paved,,Minor Injury,0,1,0,1,0,0,17500,1,1,,POINT (-93.575289704788 41.631651062056)
2014783241,14-1285,01/16/2014,01-January,5-Thursday,09:56,0900 Hours,District 1 (Central),NEWTON,JASPER,,S 3RD AVE W & W 3RD ST S,Collision with:  Vehicle in traffic,On Roadway,Broadside (front to side),Ran Stop Sign,None Indicated,,Daylight,Dry,Cloudy,None apparent,Intersection:  Four-way intersection,Paved,,Property Damage Only,0,0,0,0,0,0,3000,2,4,,POINT (-93.056136040338 41.69759542127)
2014781085,14-0115,01/16/2014,01-January,5-Thursday,17:40,1700 Hours,District 1 (Central),URBANDALE,POLK,I-35,I-35,Collision with:  Vehicle in traffic,On Roadway,"Sideswipe, same direction",Driving too fast for conditions,None Indicated,,Dark - roadway not lighted,Snow,Snow,None apparent,Non-intersection:  Non-junction/no special feature,Paved,,Property Damage Only,0,0,0,0,0,0,10000,3,6,,POINT (-93.745571733612 41.651965613546)
2014780248,2014003536,01/16/2014,01-January,5-Thursday,15:45,1500 Hours,District 4 (Southwest),,DALLAS,I-80,I-80,Collision with:  Vehicle in traffic,On Roadway,Rear-end (front to rear),Driving too fast for conditions,None Indicated,,Daylight,Ice/frost,Snow,"Surface condition (e.g., wet, icy)",Non-intersection:  Non-junction/no special feature,Paved,,Property Damage Only,0,0,0,0,0,0,8800,2,2,,POINT (-93.864973601989 41.565173735499)
2014780059,14012004,01/16/2014,01-January,5-Thursday,11:05,1100 Hours,District 4 (Southwest),CLARINDA,PAGE,US 71,US 71 & IA 2/IOWA 2 & S 16TH ST,Collision with:  Vehicle in traffic,On Roadway,Broadside (front to side),Unknown,None Indicated,,Daylight,Dry,Cloudy,None apparent,Intersection:  Four-way intersection,Paved,,Property Damage Only,0,0,0,0,0,0,4000,2,2,,POINT (-95.037851653888 40.725878591841)
2014782494,2014-01003,01/16/2014,01-January,5-Thursday,16:42,1600 Hours,District 5 (Southeast),,WARREN,US 65,US 65 & Co Rd G24/HWY G24,Non-collision events:  Other non-collision (explain in narrative),On Roadway,Non-collision (single vehicle),Swerving/Evasive Action,None Indicated,,Dark - roadway lighted,Ice/frost,"Blowing sand, soil, dirt","Surface condition (e.g., wet, icy)",Non-intersection:  Crossover-related,Paved,,Property Damage Only,0,0,0,0,0,0,3510,1,4,,POINT (-93.55859520168 41.440003046856)
2014779790,14-0354,01/16/2014,01-January,5-Thursday,17:00,1700 Hours,District 1 (Central),DES MOINES,POLK,,Co Rd F52/NE 46TH AVE,Collision with:  Vehicle in traffic,On Roadway,Rear-end (front to rear),FTYROW:  From stop sign,None Indicated,,Daylight,Ice/frost,Snow,None apparent,Intersection:  T-intersection,Paved,,Property Damage Only,0,0,0,0,0,0,6000,2,2,,POINT (-93.568555058571 41.644006398552)
2014780500,14-000211,01/16/2014,01-January,5-Thursday,14:25,1400 Hours,District 1 (Central),AMES,STORY,,MAIN ST & DUFF AVE,Collision with:  Vehicle in traffic,On Roadway,Rear-end (front to rear),Other (explain in narrative):  Other,None Indicated,,Daylight,Dry,Cloudy,None apparent,Intersection:  T-intersection,Paved,,Property Damage Only,0,0,0,0,0,0,3500,2,2,,POINT (-93.610423457036 42.025160605041)
2014779807,14-0066,01/16/2014,01-January,5-Thursday,16:34,1600 Hours,District 4 (Southwest),WEST DES MOINES,DALLAS,,UNIVERSITY AVE,Collision with:  Vehicle in traffic,On Roadway,Rear-end (front to rear),Other (explain in narrative):  Other,None Indicated,,Daylight,Snow,Snow,None apparent,Non-intersection:  Non-junction/no special feature,Paved,,Property Damage Only,0,0,0,0,0,0,4000,2,2,,POINT (-93.811757736261 41.600473723307)
2014779751,14-01705,01/16/2014,01-January,5-Thursday,12:27,1200 Hours,District 5 (Southeast),BURLINGTON,DES MOINES,,DES MOINES AVE,Collision with:  Vehicle in traffic,On Roadway,Rear-end (front to rear),Driving too fast for conditions,None Indicated,,Daylight,Snow,Snow,None apparent,Non-intersection:  Non-junction/no special feature,Paved,,Property Damage Only,0,0,0,0,0,0,2100,2,3,,POINT (-91.10702762838 40.824784501628)
2014779843,14-000101,01/17/2014,01-January,6-Friday,08:45,0800 Hours,District 1 (Central),ALTOONA,POLK,,8TH ST SW & 17TH AVE SW,Collision with:  Vehicle in traffic,On Roadway,Rear-end (front to rear),Driving too fast for conditions,None Indicated,,Daylight,Snow,Clear,"Surface condition (e.g., wet, icy)",Non-intersection:  Non-junction/no special feature,Paved,,Property Damage Only,0,0,0,0,0,0,2500,2,2,,POINT (-93.483731716268 41.644133451316)
2014779923,14-012,01/17/2014,01-January,6-Friday,15:46,1500 Hours,District 2 (Northeast),WAVERLY,BREMER,IA 116,IA 116/4TH ST SW & 8TH AVE SW,Collision with:  Vehicle in traffic,On Roadway,Rear-end (front to rear),Driver Distraction:  Passenger,None Indicated,,Daylight,Dry,Clear,None apparent,Non-intersection:  Non-junction/no special feature,Paved,,Property Damage Only,0,0,0,0,0,0,6000,2,5,,POINT (-92.475630098975 42.717295438719)
2014779789,SO14000129,01/17/2014,01-January,6-Friday,07:00,0700 Hours,District 3 (Northwest),,PLYMOUTH,US 75,US 75,Collision with fixed object:  Ditch,Roadside,Non-collision (single vehicle),Driving too fast for conditions,None Indicated,,Dawn,Ice/frost,Clear,"Surface condition (e.g., wet, icy)",Non-intersection:  Non-junction/no special feature,Paved,,Property Damage Only,0,0,0,0,0,0,3200,1,1,,POINT (-96.174726207353 42.862750404209)
2014779829,14-0280,01/17/2014,01-January,6-Friday,10:25,1000 Hours,District 1 (Central),WEST DES MOINES,POLK,,GRAND AVE & 8TH ST,Collision with:  Vehicle in traffic,On Roadway,Broadside (front to side),Ran Traffic Signal,None Indicated,,Daylight,Ice/frost,Clear,"Surface condition (e.g., wet, icy)",Intersection:  Four-way intersection,Paved,,Possible/Unknown,0,1,0,0,1,0,6000,2,4,,POINT (-93.713067115627 41.582663408025)
2014781228,,01/17/2014,01-January,6-Friday,18:10,1800 Hours,District 2 (Northeast),DAKOTA CITY,HUMBOLDT,,Co Rd P56/NEVADA AVE & 225TH ST,Collision with:  Animal,On Roadway,Non-collision (single vehicle),Animal,None Indicated,,,,,,,Paved,,Property Damage Only,0,0,0,0,0,0,4500,1,1,,POINT (-94.188328715869 42.724434217585)
2014780012,14-001587,01/17/2014,01-January,6-Friday,18:01,1800 Hours,District 5 (Southeast),,LEE,US 218,US 218,Collision with:  Animal,,,Animal,None Indicated,,,,,,,Paved,,Property Damage Only,0,0,0,0,0,0,2500,1,1,,POINT (-91.447520193091 40.515941833187)
2014779830,14-0282,01/17/2014,01-January,6-Friday,10:56,1000 Hours,District 1 (Central),WEST DES MOINES,POLK,,ASHWORTH RD & PRAIRIE VIEW DR,Collision with:  Vehicle in traffic,On Roadway,Broadside (front to side),Driving too fast for conditions,None Indicated,,Daylight,Ice/frost,Clear,"Surface condition (e.g., wet, icy)",Intersection:  Four-way intersection,Paved,,Possible/Unknown,0,1,0,0,1,0,5200,2,3,,POINT (-93.779897800416 41.584490306255)
2014780225,2014003839,01/17/2014,01-January,6-Friday,21:00,2100 Hours,District 6 (East Central),,DUBUQUE,IA 136,IA 136/IOWA 136,Collision with:  Animal,,,Animal,None Indicated,,,,,,,Paved,,Property Damage Only,0,0,0,0,0,0,2500,1,1,,POINT (-91.116712857039 42.434651054473)
2014782967,02-14-1058,01/17/2014,01-January,6-Friday,01:51,0100 Hours,District 6 (East Central),,DUBUQUE,IA 32,IA 32,Collision with fixed object:  Traffic sign support,On Roadway,Non-collision (single vehicle),Driving too fast for conditions,Alcohol (Statutory),,Dark - roadway lighted,Snow,Snow,None apparent,Intersection:  Four-way intersection,Paved,,Property Damage Only,0,0,0,0,0,0,2550,1,2,,POINT (-90.693714101233 42.541401522616)
2014779880,2014-3838,01/17/2014,01-January,6-Friday,10:54,1000 Hours,District 6 (East Central),DAVENPORT,SCOTT,,KIRKWOOD BLVD & FARNAM ST,Collision with:  Vehicle in traffic,On Roadway,Broadside (front to side),FTYROW:  From stop sign,None Indicated,,Daylight,Dry,Cloudy,None apparent,Intersection:  Four-way intersection,Paved,,Property Damage Only,0,0,0,0,0,0,5500,2,2,,POINT (-90.566752188191 41.536181624609)
2014784634,2014003745,01/17/2014,01-January,6-Friday,12:50,1200 Hours,District 6 (East Central),,SCOTT,I-80,I-80,Collision with:  Vehicle in traffic,On Roadway,"Sideswipe, same direction",Improper or erratic lane changing,None Indicated,,Daylight,Dry,Cloudy,None apparent,Non-intersection:  Non-junction/no special feature,Paved,,Property Damage Only,0,0,0,0,0,0,5000,2,2,,POINT (-90.847758671171 41.633014459301)
2014780441,14-000069,01/17/2014,01-January,6-Friday,08:38,0800 Hours,District 1 (Central),JOHNSTON,POLK,,NW BEAVER DR,Collision with:  Vehicle in traffic,On Roadway,Rear-end (front to rear),Unknown,None Indicated,,Daylight,Snow,Clear,"Surface condition (e.g., wet, icy)",Non-intersection:  Non-junction/no special feature,Paved,,Property Damage Only,0,0,0,0,0,0,3200,2,5,,POINT (-93.68022474502 41.672141556268)
2014780553,2014003789,01/17/2014,01-January,6-Friday,16:42,1600 Hours,District 5 (Southeast),ALBIA,MONROE,US 34,US 34 & IA 5/IOWA 5,Collision with:  Vehicle in traffic,On Roadway,Broadside (front to side),FTYROW:  From stop sign,None Indicated,,Daylight,Dry,Clear,None apparent,Intersection:  Four-way intersection,Paved,,Property Damage Only,0,0,0,0,0,0,13000,2,3,,POINT (-92.809091071761 41.015398555875)
2014780160,14-002116,01/17/2014,01-January,6-Friday,16:04,1600 Hours,District 4 (Southwest),COUNCIL BLUFFS,POTTAWATTAMIE,,WILLOW AVE & S 4TH ST,Collision with:  Vehicle in traffic,On Roadway,"Sideswipe, same direction",Other (explain in narrative):  Other,None Indicated,,Daylight,Dry,Clear,None apparent,Intersection:  Four-way intersection,Paved,,Property Damage Only,0,0,0,0,0,0,2900,2,1,,POINT (-95.849465983519 41.258149100087)
2014781095,S14-000164,01/17/2014,01-January,6-Friday,23:40,2300 Hours,District 4 (Southwest),,POTTAWATTAMIE,,ROSEBUD LN,Collision with:  Parked motor vehicle,On Roadway,Rear-end (front to rear),Exceeded authorized speed,None Indicated,,Dark - roadway lighted,Dry,Clear,None apparent,Non-intersection:  Non-junction/no special feature,Paved,,Property Damage Only,0,0,0,0,0,0,3000,2,1,,POINT (-95.795487256571 41.255447544995)
2014784922,2014-000285,01/17/2014,01-January,6-Friday,19:09,1900 Hours,District 6 (East Central),,BENTON,,24 AVE DR,Collision with:  Animal,,,Animal,None Indicated,,,,,,,Unpaved,,Property Damage Only,0,0,0,0,0,0,6800,1,1,,POINT (-92.017125791789 42.236962141131)
2014781093,S14-000158,01/17/2014,01-January,6-Friday,14:40,1400 Hours,District 4 (Southwest),,POTTAWATTAMIE,US 6,US 6 & Co Rd L52/270TH ST,Collision with:  Vehicle in traffic,On Roadway,Rear-end (front to rear),Followed too close,None Indicated,,Daylight,Dry,Clear,None apparent,Non-intersection:  Non-junction/no special feature,Paved,,Minor Injury,0,1,0,1,0,0,12000,3,4,,POINT (-95.670289244024 41.289944316408)
2014781745,2014003619,01/17/2014,01-January,6-Friday,06:33,0600 Hours,District 1 (Central),,POLK,I-35,I-35,Collision with:  Vehicle in traffic,On Roadway,"Sideswipe, same direction",Swerving/Evasive Action,None Indicated,,Dark - roadway lighted,Ice/frost,Cloudy,"Surface condition (e.g., wet, icy)",Non-intersection:  Non-junction/no special feature,Paved,,Property Damage Only,0,0,0,0,0,0,1500,2,3,,POINT (-93.626990747965 41.649476093433)
2014780404,20140001486,01/17/2014,01-January,6-Friday,07:55,0700 Hours,District 1 (Central),DES MOINES,POLK,I-235,I-235 & SCHOOL ST & 19TH ST,Collision with:  Vehicle in traffic,On Roadway,Rear-end (front to rear),Other (explain in narrative):  No improper action,None Indicated,,Daylight,Ice/frost,Cloudy,"Surface condition (e.g., wet, icy)",Interchange-related:  On-ramp,Paved,,Property Damage Only,0,0,0,0,0,0,4000,2,2,,POINT (-93.642568703947 41.595301861437)
2014781106,14-000241,01/17/2014,01-January,6-Friday,20:16,2000 Hours,District 1 (Central),AMES,STORY,,GROVE AVE & NORTHWOOD DR,Collision with fixed object:  Other fixed object (explain in narrative),Outside trafficway,Non-collision (single vehicle),Lost Control,None Indicated,,Dark - roadway lighted,Dry,Clear,None apparent,Intersection:  T-intersection,Paved,,Property Damage Only,0,0,0,0,0,0,4000,1,1,,POINT (-93.619678027868 42.053940981554)
2014780168,GP20140042,01/17/2014,01-January,6-Friday,13:49,1300 Hours,District 1 (Central),GRINNELL,POWESHIEK,I-80,I-80 & IA 146/IOWA 146,Collision with:  Vehicle in traffic,On Roadway,Rear-end (front to rear),Other (explain in narrative):  Other,None Indicated,,Daylight,Dry,Clear,None apparent,"Interchange-related:  Off-ramp, diverge area",Paved,,Property Damage Only,0,0,0,0,0,0,1700,2,2,,POINT (-92.727105759868 41.698023716423)
2014779898,14-0162,01/17/2014,01-January,6-Friday,08:49,0800 Hours,District 1 (Central),FORT DODGE,WEBSTER,,9TH AVE S & S 20TH ST,Collision with:  Vehicle in traffic,On Roadway,Broadside (front to side),Other (explain in narrative):  Vision obstructed,None Indicated,,Daylight,Dry,Clear,None apparent,Non-intersection:  Non-junction/no special feature,Paved,,Possible/Unknown,0,1,0,0,1,0,6000,2,2,,POINT (-94.170698773453 42.49568581694)
2014780529,14-1705,01/17/2014,01-January,6-Friday,21:10,2100 Hours,District 3 (Northwest),SIOUX CITY,WOODBURY,,4TH ST,Collision with:  Vehicle in traffic,On Roadway,Rear-end (front to rear),Followed too close,None Indicated,,Dark - roadway lighted,Dry,Clear,None apparent,Non-intersection:  Non-junction/no special feature,Paved,,Minor Injury,0,3,0,1,1,1,3000,2,3,,POINT (-96.398953043279 42.494018432116)
2014779912,14005421,01/17/2014,01-January,6-Friday,11:01,1100 Hours,District 2 (Northeast),CEDAR FALLS,BLACK HAWK,,NEOLA ST,Collision with:  Parked motor vehicle,On Roadway,Broadside (front to side),Improper Backing,None Indicated,,Daylight,Dry,Cloudy,None apparent,Non-intersection:  Non-junction/no special feature,Paved,,Property Damage Only,0,0,0,0,0,0,2500,2,777,,POINT (-92.413643848559 42.516528987349)
2014779841,14-0270,01/17/2014,01-January,6-Friday,00:30,0000 Hours,District 1 (Central),WEST DES MOINES,POLK,I-35,I-35,Collision with fixed object:  Utility pole/light support,On Roadway,Non-collision (single vehicle),Driving too fast for conditions,None Indicated,,Dark - roadway lighted,Ice/frost,Severe winds,None apparent,Non-intersection:  Non-junction/no special feature,Paved,,Minor Injury,0,2,0,2,0,0,2200,1,2,,POINT (-93.776837636557 41.56438885734)
2014780123,20140001568,01/17/2014,01-January,6-Friday,19:11,1900 Hours,District 1 (Central),DES MOINES,POLK,I-235,I-235 & KEOSAUQUA WAY,Collision with:  Vehicle in traffic,On Roadway,Rear-end (front to rear),Followed too close,None Indicated,,Dark - roadway lighted,Wet,Clear,None apparent,"Interchange-related:  Off-ramp, diverge area",Paved,,Property Damage Only,0,0,0,0,0,0,2000,2,4,,POINT (-93.635454534861 41.59542246969)
2014780396,01-14-153,01/17/2014,01-January,6-Friday,16:22,1600 Hours,District 3 (Northwest),LE MARS,PLYMOUTH,,7TH ST SW & 7TH ST SE & CENTRAL AVE,Collision with:  Vehicle in traffic,On Roadway,Rear-end (front to rear),Driver Distraction:  Inattentive/lost in thought,None Indicated,,Dusk,Slush,Clear,None apparent,Non-intersection:  Non-junction/no special feature,Paved,,Possible/Unknown,0,1,0,0,1,0,8000,2,2,,POINT (-96.166483512691 42.784830501062)
2014780057,14002169,01/17/2014,01-January,6-Friday,05:15,0500 Hours,District 5 (Southeast),MUSCATINE,MUSCATINE,US 61,US 61,Collision with fixed object:  Utility pole/light support,Roadside,Non-collision (single vehicle),Ran off road - right,None Indicated,,Dark - roadway lighted,Dry,Clear,None apparent,Non-intersection:  Non-junction/no special feature,Paved,,Property Damage Only,0,0,0,0,0,0,5500,1,1,,POINT (-91.028449670108 41.454203798532)
2014780097,14-0075,01/17/2014,01-January,6-Friday,12:35,1200 Hours,District 1 (Central),CLIVE,POLK,I-35,I-35 & UNIVERSITY AVE,Collision with:  Vehicle in traffic,On Roadway,Rear-end (front to rear),Lost Control,None Indicated,,Daylight,Ice/frost,Clear,"Surface condition (e.g., wet, icy)",Intersection:  Intersection with ramp,Paved,,Property Damage Only,0,0,0,0,0,0,2050,2,3,,POINT (-93.779333897571 41.600445896616)
2014780664,14-01773,01/17/2014,01-January,6-Friday,00:31,0000 Hours,District 5 (Southeast),,DES MOINES,US 61,US 61,Collision with fixed object:  Bridge overhead structure,On Roadway,Non-collision (single vehicle),Crossed centerline (undivided),None Indicated,,Dark - roadway lighted,Snow,Snow,"Surface condition (e.g., wet, icy)",Non-intersection:  Other non-intersection (explain in narrative),Paved,,Property Damage Only,0,0,0,0,0,0,2000,1,1,,POINT (-91.151813603994 40.847913301441)
2014781746,2014003622,01/17/2014,01-January,6-Friday,06:50,0600 Hours,District 1 (Central),,POLK,I-35,I-35,Collision with fixed object:  Bridge overhead structure,Shoulder,Non-collision (single vehicle),Ran off road - right,None Indicated,,Dark - roadway lighted,Ice/frost,Cloudy,"Surface condition (e.g., wet, icy)",Non-intersection:  Other non-intersection (explain in narrative),Paved,,Property Damage Only,0,0,0,0,0,0,3500,1,1,,POINT (-93.666717377808 41.650738705722)
2014780132,20140001483,01/17/2014,01-January,6-Friday,06:25,0600 Hours,District 1 (Central),DES MOINES,POLK,US 6,US 6/FREDERICK M HUBBELL AVE,Collision with:  Vehicle in traffic,On Roadway,"Sideswipe, opposite direction",Lost Control,None Indicated,,Dark - roadway lighted,Ice/frost,Cloudy,"Surface condition (e.g., wet, icy)",Non-intersection:  Non-junction/no special feature,Paved,,Property Damage Only,0,0,0,0,0,0,4500,3,3,,POINT (-93.534995642755 41.634187528194)
2014781193,2014003618,01/17/2014,01-January,6-Friday,06:30,0600 Hours,District 5 (Southeast),,WARREN,I-35,I-35 & Co Rd G14/HWY G14,Collision with fixed object:  Guardrail - face,On Roadway,Non-collision (single vehicle),Driving too fast for conditions,None Indicated,,Dark - roadway not lighted,Ice/frost,Clear,"Surface condition (e.g., wet, icy)",Non-intersection:  Other non-intersection (explain in narrative),Paved,,Property Damage Only,0,0,0,0,0,0,5500,1,1,,POINT (-93.780129979051 41.483084562365)
2014780130,20140001479,01/17/2014,01-January,6-Friday,04:43,0400 Hours,District 1 (Central),DES MOINES,POLK,,SAYLOR RD,Collision with fixed object:  Curb/island/raised median,On Roadway,Non-collision (single vehicle),Unknown,None Indicated,,Dark - roadway lighted,Snow,Cloudy,Unknown,Non-intersection:  Non-junction/no special feature,Paved,,Property Damage Only,0,0,0,0,0,0,9000,1,1,,POINT (-93.610885197336 41.611165174492)
2014781717,140117BJ01,01/17/2014,01-January,6-Friday,16:15,1600 Hours,District 3 (Northwest),ORANGE CITY,SIOUX,IA 10,IA 10/8TH ST SW/8TH ST SE & ALBANY AVE SE & ALBANY PL SE,Collision with:  Vehicle in traffic,On Roadway,"Sideswipe, same direction",Other (explain in narrative):  No improper action,None Indicated,,Daylight,Snow,Clear,None apparent,Intersection:  Four-way intersection,Paved,,Property Damage Only,0,0,0,0,0,0,2600,2,2,,POINT (-96.056822887198 42.997532300637)
2014779799,14-364,01/17/2014,01-January,6-Friday,08:00,0800 Hours,District 1 (Central),ANKENY,POLK,,NE 22ND ST & NE 66TH AVE & SE DELAWARE AVE & CORPORATE WOODS DR,Collision with:  Vehicle in traffic,On Roadway,Rear-end (front to rear),Followed too close,None Indicated,,Daylight,Ice/frost,Cloudy,"Surface condition (e.g., wet, icy)",Intersection:  Four-way intersection,Paved,,Property Damage Only,0,0,0,0,0,0,1600,2,2,,POINT (-93.581311937734 41.680556633538)
2014780092,14-0076,01/17/2014,01-January,6-Friday,22:15,2200 Hours,District 1 (Central),CLIVE,POLK,,NW 118TH ST & UNIVERSITY AVE,Collision with:  Vehicle in traffic,On Roadway,"Angle, oncoming left turn",FTYROW:  Making left turn,None Indicated,,Dark - roadway lighted,Slush,Clear,None apparent,Intersection:  Four-way intersection,Paved,,Property Damage Only,0,0,0,0,0,0,2700,2,6,,POINT (-93.781625892223 41.600448350919)
2014780147,14-0124,01/17/2014,01-January,6-Friday,11:50,1100 Hours,District 1 (Central),URBANDALE,POLK,US 6,US 6/HICKMAN RD,Collision with:  Parked motor vehicle,Shoulder,Broadside (front to side),Driving too fast for conditions,None Indicated,,Daylight,Ice/frost,Clear,"Surface condition (e.g., wet, icy)",Non-intersection:  Non-junction/no special feature,Paved,,Property Damage Only,0,0,0,0,0,0,3000,2,1,,POINT (-93.71544854154 41.614723305156)
2014780996,20140204,01/17/2014,01-January,6-Friday,23:00,2300 Hours,District 1 (Central),,TAMA,,TAMA RD,Non-collision events:  Other non-collision (explain in narrative),On Roadway,Non-collision (single vehicle),Ran Stop Sign,None Indicated,,Dark - roadway not lighted,"Mud, dirt",Cloudy,None apparent,Intersection:  Four-way intersection,Unpaved,,Minor Injury,0,3,0,2,1,0,2000,1,4,,POINT (-92.75805459875 42.296693887868)
2014780970,14-001799,01/17/2014,01-January,6-Friday,09:43,0900 Hours,District 5 (Southeast),WEST BURLINGTON,DES MOINES,US 34,US 34/NE RAMP/NW RAMP & S GEAR AVE,Collision with:  Vehicle in traffic,On Roadway,"Angle, oncoming left turn",Ran Traffic Signal,None Indicated,,Daylight,Snow,Cloudy,"Surface condition (e.g., wet, icy)",Intersection:  T-intersection,Paved,,Property Damage Only,0,0,0,0,0,0,3500,2,4,,POINT (-91.170045581054 40.818604340192)
2014780122,20140001557,01/17/2014,01-January,6-Friday,17:26,1700 Hours,District 1 (Central),DES MOINES,POLK,,MLK JR PKWY,Unknown,On Roadway,Non-collision (single vehicle),Unknown,None Indicated,,Dark - roadway lighted,Wet,Cloudy,Unknown,Non-intersection:  Non-junction/no special feature,Paved,,Property Damage Only,0,0,0,0,0,0,16950,1,1,,POINT (-93.644755894961 41.588408084761)
2014781955,2014-01045,01/17/2014,01-January,6-Friday,08:09,0800 Hours,District 5 (Southeast),,WARREN,US 65,US 65,Collision with:  Parked motor vehicle,Median,"Sideswipe, same direction",Swerving/Evasive Action,None Indicated,,Daylight,Ice/frost,Clear,"Surface condition (e.g., wet, icy)",Non-intersection:  Non-junction/no special feature,Paved,,Property Damage Only,0,0,0,0,0,0,3000,2,777,,POINT (-93.558277469248 41.453209560433)
2014780516,14-021,01/17/2014,01-January,6-Friday,12:00,1200 Hours,District 5 (Southeast),CORYDON,WAYNE,IA 2,IA 2/JEFFERSON ST & FRANKLIN ST,Collision with:  Vehicle in traffic,On Roadway,"Angle, oncoming left turn",Made improper turn,None Indicated,,Daylight,Wet,Clear,"Surface condition (e.g., wet, icy)",Intersection:  Four-way intersection,Paved,,Possible/Unknown,0,2,0,0,2,0,9000,2,3,,POINT (-93.318874149263 40.757187150705)
2014781264,,01/17/2014,01-January,6-Friday,11:00,1100 Hours,District 1 (Central),DES MOINES,POLK,,GRAND AVE & 31ST ST,Collision with:  Vehicle in traffic,On Roadway,Rear-end (front to rear),Unknown,None Indicated,,Daylight,Ice/frost,Severe winds,,Intersection:  T-intersection,Paved,,Property Damage Only,0,0,0,0,0,0,1500,2,2,,POINT (-93.659688459876 41.584432242827)
2014780950,14-000588,01/17/2014,01-January,6-Friday,10:57,1000 Hours,District 3 (Northwest),CARROLL,CARROLL,,GRANT RD,Collision with:  Vehicle in traffic,On Roadway,"Sideswipe, opposite direction",Crossed centerline (undivided),None Indicated,,Daylight,Ice/frost,Clear,"Surface condition (e.g., wet, icy)",Non-intersection:  Non-junction/no special feature,Paved,,Property Damage Only,0,0,0,0,0,0,7000,2,2,,POINT (-94.859261979647 42.067759479016)
2014780954,14-587,01/17/2014,01-January,6-Friday,10:52,1000 Hours,District 3 (Northwest),CARROLL,CARROLL,,PLAZA DR & BELLA VISTA DR,Collision with:  Vehicle in traffic,On Roadway,Head-on (front to front),FTYROW:  From stop sign,None Indicated,,Daylight,Ice/frost,Severe winds,"Surface condition (e.g., wet, icy)",Intersection:  Four-way intersection,Paved,,Property Damage Only,0,0,0,0,0,0,3500,2,4,,POINT (-94.846731729889 42.064557560246)
2014780952,14-583,01/17/2014,01-January,6-Friday,09:55,0900 Hours,District 3 (Northwest),CARROLL,CARROLL,US 30,US 30/6TH ST & MAIN ST,Collision with:  Vehicle in traffic,On Roadway,Rear-end (front to rear),Lost Control,None Indicated,,Daylight,Ice/frost,Clear,"Surface condition (e.g., wet, icy)",Non-intersection:  Non-junction/no special feature,Paved,,Property Damage Only,0,0,0,0,0,0,2000,2,2,,POINT (-94.86726046238 42.06559420619)
2014780508,14-000234,01/17/2014,01-January,6-Friday,12:19,1200 Hours,District 1 (Central),AMES,STORY,,LINCOLN WAY,Collision with:  Vehicle in traffic,On Roadway,Rear-end (front to rear),Other (explain in narrative):  Other,None Indicated,,Daylight,Dry,Clear,None apparent,Non-intersection:  Non-junction/no special feature,Paved,,Minor Injury,0,2,0,2,0,0,19500,3,4,,POINT (-93.602295793241 42.022789778435)
2014783616,SC14-003,01/17/2014,01-January,6-Friday,10:49,1000 Hours,District 1 (Central),STATE CENTER,MARSHALL,,2ND AVE SE,Collision with:  Parked motor vehicle,On Roadway,Unknown,Unknown,None Indicated,,Daylight,Snow,Cloudy,None apparent,Non-intersection:  Non-junction/no special feature,Paved,,Property Damage Only,0,0,0,0,0,0,2500,2,1,,POINT (-93.161915372475 42.016419999044)
2014779826,14-0275,01/17/2014,01-January,6-Friday,08:30,0800 Hours,District 1 (Central),WEST DES MOINES,POLK,,E P TRUE PKWY,Collision with:  Vehicle in traffic,On Roadway,Rear-end (front to rear),Driving too fast for conditions,None Indicated,,Dawn,Ice/frost,Clear,None apparent,Non-intersection:  Non-junction/no special feature,Paved,,Property Damage Only,0,0,0,0,0,0,2200,2,4,,POINT (-93.731961999915 41.571006388347)
2014783417,2014-3927,01/17/2014,01-January,6-Friday,17:39,1700 Hours,District 6 (East Central),DAVENPORT,SCOTT,,W CENTRAL PARK AVE & N LINCOLN AVE,Collision with:  Vehicle in traffic,On Roadway,"Angle, oncoming left turn",FTYROW:  Making left turn,None Indicated,,Dark - roadway lighted,Dry,Clear,None apparent,Intersection:  T-intersection,Paved,,Property Damage Only,0,0,0,0,0,0,2500,2,2,,POINT (-90.612954647018 41.545481455406)