Iowa DOT Case Number,Law Enforcement Case Number,Date of Crash,Month of Crash,Day of Week,Time of Crash,Hour,DOT District,City Name,County Name,Route with System,Location Description,First Harmful Event,Location of First Harmful Event,Manner of Crash/Collision,Major Cause,Drug or Alcohol ,Environmental Conditions,Light Conditions,Surface Conditions,Weather Conditions,Roadway Contribution,Roadway Type,Roadway Surface,Work Zone,Crash Severity,Number of Fatalities,Number of Injuries,Number of Major Injuries,Number of Minor Injuries,Number of Possible Injuries,Number of Unknown Injuries,Amount of Property Damage,Number of Vehicles Involved,Total Number of Occupants,Travel Direction,Location
2014781627,SO14000139,01/18/2014,01-January,7-Saturday,05:45,0500 Hours,District 3 (Northwest),,PLYMOUTH,IA 3,IA 3/IOWA 3 & NORKA DR,Non-collision events:  Overturn/rollover,Roadside,Non-collision (single vehicle),Ran off road - left,Refused,,Dark - roadway not lighted,Dry,Cloudy,None apparent,Non-intersection:  Non-junction/no special feature,Paved,,Minor Injury,0,1,0,1,0,0,4000,1,1,,POINT (-96.567648152991 42.816835745264)
2014782066,14-01935,01/18/2014,01-January,7-Saturday,10:45,1000 Hours,District 5 (Southeast),,DES MOINES,US 61,US 61,Collision with fixed object:  Guardrail - face,Roadside,Non-collision (single vehicle),Ran off road - right,None Indicated,,Daylight,Ice/frost,Cloudy,"Surface condition (e.g., wet, icy)",Non-intersection:  Other non-intersection (explain in narrative),Paved,,Property Damage Only,0,0,0,0,0,0,1500,1,5,,POINT (-91.171625528162 41.043326200614)
2014780030,201300907,01/18/2014,01-January,7-Saturday,10:50,1000 Hours,District 6 (East Central),CEDAR RAPIDS,LINN,,12TH AVE SE & 7TH ST SE,Collision with:  Vehicle in traffic,On Roadway,Broadside (front to side),Ran Stop Sign,None Indicated,,Daylight,Snow,Snow,None apparent,Intersection:  Four-way intersection,Paved,,Property Damage Only,0,0,0,0,0,0,3400,2,3,,POINT (-91.653748594213 41.972748532733)
2014783244,14-1441,01/18/2014,01-January,7-Saturday,08:44,0800 Hours,District 1 (Central),NEWTON,JASPER,US 6,US 6/1ST AVE E & E 2ND ST S & E 2ND ST N,Collision with:  Vehicle in traffic,On Roadway,Broadside (front to side),Driving too fast for conditions,None Indicated,,Daylight,Snow,Snow,"Surface condition (e.g., wet, icy)",Intersection:  Four-way intersection,Paved,,Property Damage Only,0,0,0,0,0,0,2000,2,2,,POINT (-93.052327908361 41.699533753314)
2014780286,W14-005743,01/18/2014,01-January,7-Saturday,08:51,0800 Hours,District 2 (Northeast),WATERLOO,BLACK HAWK,US 20,US 20,Non-collision events:  Overturn/rollover,On Roadway,Non-collision (single vehicle),Lost Control,None Indicated,,Daylight,Ice/frost,Snow,"Surface condition (e.g., wet, icy)",Non-intersection:  Other non-intersection (explain in narrative),Paved,,Possible/Unknown,0,1,0,0,1,0,1500,1,1,,POINT (-92.333549063796 42.452771057706)
2014781585,2014000555,01/18/2014,01-January,7-Saturday,09:58,0900 Hours,District 6 (East Central),IOWA CITY,JOHNSON,IA 1,IA 1/N DODGE ST,Collision with:  Vehicle in traffic,On Roadway,Broadside (front to side),Ran off road - left,None Indicated,,Daylight,Ice/frost,Cloudy,"Surface condition (e.g., wet, icy)",Intersection:  Intersection with ramp,Paved,,Property Damage Only,0,0,0,0,0,0,2000,2,3,,POINT (-91.500422673762 41.685365891566)
2014780029,201400908,01/18/2014,01-January,7-Saturday,11:14,1100 Hours,District 6 (East Central),CEDAR RAPIDS,LINN,IA 922,IA 922/WILLIAMS BLVD & 1ST AVE W,Collision with:  Vehicle in traffic,On Roadway,Broadside (front to side),Ran Traffic Signal,None Indicated,,Daylight,Snow,Snow,None apparent,Intersection:  Four-way intersection,Paved,,Minor Injury,0,2,0,1,1,0,7000,2,3,,POINT (-91.696741712048 41.970849002323)
2014781415,14-995,01/18/2014,01-January,7-Saturday,15:52,1500 Hours,District 6 (East Central),BETTENDORF,SCOTT,,UTICA RIDGE RD,Collision with:  Vehicle in traffic,On Roadway,Rear-end (front to rear),Driving too fast for conditions,None Indicated,,Daylight,Snow,Snow,"Surface condition (e.g., wet, icy)",Non-intersection:  Non-junction/no special feature,Paved,,Property Damage Only,0,0,0,0,0,0,4000,2,3,,POINT (-90.516913455005 41.557109154291)
2014780554,2014003918,01/18/2014,01-January,7-Saturday,10:45,1000 Hours,District 1 (Central),,HAMILTON,I-35,I-35,Non-collision events:  Other non-collision (explain in narrative),Roadside,Non-collision (single vehicle),Ran off road - right,None Indicated,,Daylight,Slush,Snow,"Surface condition (e.g., wet, icy)",Non-intersection:  Non-junction/no special feature,Paved,,Property Damage Only,0,0,0,0,0,0,11000,1,4,,POINT (-93.570430536248 42.273420241555)
2014780180,14-000648,01/18/2014,01-January,7-Saturday,10:00,1000 Hours,District 1 (Central),,TAMA,US 30,US 30,Non-collision events:  Overturn/rollover,On Roadway,Non-collision (single vehicle),Driving too fast for conditions,None Indicated,,Daylight,Snow,Snow,"Surface condition (e.g., wet, icy)",Non-intersection:  Non-junction/no special feature,Paved,,Property Damage Only,0,0,0,0,0,0,1500,1,2,,POINT (-92.730035986036 42.005102544352)
2014782336,2014003934,01/18/2014,01-January,7-Saturday,10:00,1000 Hours,District 6 (East Central),IOWA CITY,JOHNSON,I-80,I-80,Collision with:  Vehicle in traffic,On Roadway,Rear-end (front to rear),Followed too close,None Indicated,,Daylight,Snow,Snow,"Surface condition (e.g., wet, icy)",Non-intersection:  Non-junction/no special feature,Paved,,Minor Injury,0,1,0,1,0,0,8500,2,2,,POINT (-91.507739657353 41.686938266034)
2014779919,14000978,01/18/2014,01-January,7-Saturday,09:47,0900 Hours,District 2 (Northeast),,BREMER,US 218,US 218,Collision with fixed object:  Utility pole/light support,Roadside,Non-collision (single vehicle),Swerving/Evasive Action,None Indicated,,Daylight,Ice/frost,Snow,"Surface condition (e.g., wet, icy)",Non-intersection:  Non-junction/no special feature,Paved,,Property Damage Only,0,0,0,0,0,0,6500,1,1,,POINT (-92.478693825619 42.692688316273)
2014781005,14-301,01/18/2014,01-January,7-Saturday,12:08,1200 Hours,District 3 (Northwest),,IDA,US 20,US 20,Collision with:  Vehicle in traffic,On Roadway,Unknown,Crossed centerline (undivided),None Indicated,,Daylight,Ice/frost,Snow,"Surface condition (e.g., wet, icy)",Non-intersection:  Non-junction/no special feature,Paved,,Minor Injury,0,3,0,2,0,1,22000,3,9,,POINT (-95.458802424109 42.474787560375)
2014780098,14-0078,01/18/2014,01-January,7-Saturday,08:05,0800 Hours,District 1 (Central),CLIVE,POLK,,NW 100TH ST,Collision with fixed object:  Tree,Outside trafficway,Non-collision (single vehicle),Lost Control,None Indicated,,Daylight,Slush,"Sleet, hail","Surface condition (e.g., wet, icy)",Non-intersection:  Non-junction/no special feature,Paved,,Minor Injury,0,1,0,1,0,0,4100,1,1,,POINT (-93.75221726437 41.601734408345)
2014781233,,01/18/2014,01-January,7-Saturday,11:18,1100 Hours,District 6 (East Central),IOWA CITY,JOHNSON,,MORMON TREK BLVD & HAWKEYE PARK RD,Collision with:  Vehicle in traffic,On Roadway,Rear-end (front to rear),Driving too fast for conditions,None Indicated,,Daylight,Snow,Snow,None apparent,Non-intersection:  Non-junction/no special feature,Paved,,Possible/Unknown,0,2,0,0,2,0,4000,2,3,,POINT (-91.573277727645 41.663857528242)
2014781950,14-642,01/18/2014,01-January,7-Saturday,07:06,0700 Hours,District 3 (Northwest),,SIOUX,IA 60,IA 60/IOWA 60,Collision with fixed object:  Ditch,Shoulder,Non-collision (single vehicle),Driving too fast for conditions,None Indicated,,Dark - roadway not lighted,Snow,Cloudy,"Surface condition (e.g., wet, icy)",Non-intersection:  Non-junction/no special feature,Paved,,Property Damage Only,0,0,0,0,0,0,2000,1,1,,POINT (-95.925961420632 43.033487809774)
2014780069,14-000240,01/18/2014,01-January,7-Saturday,08:46,0800 Hours,District 1 (Central),ANKENY,POLK,IA 415,IA 415/SW ORALABOR RD,Collision with:  Vehicle in traffic,On Roadway,Rear-end (front to rear),FTYROW:  Other (explain in narrative),None Indicated,,Daylight,Wet,Rain,None apparent,Non-intersection:  Non-junction/no special feature,Paved,,Property Damage Only,0,0,0,0,0,0,2000,2,2,,POINT (-93.63733223807 41.703236707323)
2014781010,14008329,01/18/2014,01-January,7-Saturday,08:50,0800 Hours,District 6 (East Central),,JOHNSON,I-80,I-80,Collision with fixed object:  Guardrail - face,Median,"Sideswipe, same direction",Driving too fast for conditions,None Indicated,,Daylight,Ice/frost,Snow,"Surface condition (e.g., wet, icy)",Non-intersection:  Non-junction/no special feature,Paved,,Property Damage Only,0,0,0,0,0,0,9500,3,3,,POINT (-91.444399878715 41.671228007613)
2014780920,,01/18/2014,01-January,7-Saturday,08:55,0800 Hours,District 2 (Northeast),NASHUA,CHICKASAW,US 218,US 218/SW RAMP,Collision with:  Vehicle in traffic,Gore,"Sideswipe, opposite direction",Unknown,None Indicated,,Daylight,Snow,Snow,"Surface condition (e.g., wet, icy)",Interchange-related:  On-ramp merge area,Paved,,Property Damage Only,0,0,0,0,0,0,15500,2,2,,POINT (-92.548255939359 42.947961323785)
2014780026,201400901,01/18/2014,01-January,7-Saturday,09:56,0900 Hours,District 6 (East Central),CEDAR RAPIDS,LINN,,BLAIRS FERRY RD,Collision with:  Vehicle in traffic,On Roadway,"Angle, oncoming left turn",FTYROW:  Making left turn,None Indicated,,Daylight,Snow,Snow,"Surface condition (e.g., wet, icy)",Intersection:  Four-way intersection,Paved,,Property Damage Only,0,0,0,0,0,0,3900,2,4,,POINT (-91.686252932575 42.034864092056)
2014780005,C14000196,01/18/2014,01-January,7-Saturday,16:49,1600 Hours,District 6 (East Central),CORALVILLE,JOHNSON,,10TH ST & 22ND AVE,Collision with:  Vehicle in traffic,On Roadway,Broadside (front to side),FTYROW:  From stop sign,None Indicated,,Dusk,Snow,Cloudy,"Surface condition (e.g., wet, icy)",Intersection:  Four-way intersection,Paved,,Property Damage Only,0,0,0,0,0,0,3000,2,3,,POINT (-91.593772036941 41.687996330112)
2014780726,20140211,01/18/2014,01-January,7-Saturday,15:00,1500 Hours,District 1 (Central),DIKE,GRUNDY,,DAISY ST & 7TH ST,Collision with:  Vehicle in traffic,On Roadway,Rear-end (front to rear),Other (explain in narrative):  Vision obstructed,None Indicated,,Daylight,Snow,Clear,None apparent,Intersection:  T-intersection,Paved,,Property Damage Only,0,0,0,0,0,0,3500,2,2,,POINT (-92.622012195824 42.463244330276)
2014781365,1400000049,01/18/2014,01-January,7-Saturday,09:43,0900 Hours,District 1 (Central),,MARSHALL,US 30,US 30/240TH ST,Collision with fixed object:  Other fixed object (explain in narrative),Roadside,Non-collision (single vehicle),Ran off road - right,None Indicated,,Daylight,Ice/frost,Snow,"Surface condition (e.g., wet, icy)",Non-intersection:  Non-junction/no special feature,Paved,,Property Damage Only,0,0,0,0,0,0,2550,1,2,,POINT (-92.959728662564 42.003377419111)
2014782761,S14-0303,01/18/2014,01-January,7-Saturday,23:15,2300 Hours,District 3 (Northwest),,OBRIEN,,Co Rd M12/VINE AVE,Collision with fixed object:  Tree,On Roadway,Non-collision (single vehicle),Crossed centerline (undivided),None Indicated,,Dark - roadway not lighted,Snow,Cloudy,"Surface condition (e.g., wet, icy)",Non-intersection:  Non-junction/no special feature,Paved,,Minor Injury,0,1,0,1,0,0,2000,1,1,,POINT (-95.486822442641 43.10154418909)
2014781457,,01/18/2014,01-January,7-Saturday,19:30,1900 Hours,District 6 (East Central),,BENTON,,33 AVE DR,Collision with fixed object:  Ditch,Roadside,Non-collision (single vehicle),Unknown,None Indicated,,Dark - roadway not lighted,Snow,"Blowing sand, soil, dirt",,Non-intersection:  Non-junction/no special feature,Paved,,Property Damage Only,0,0,0,0,0,0,2000,1,1,,POINT (-91.849260613222 42.094516337131)
2014781476,,01/18/2014,01-January,7-Saturday,10:31,1000 Hours,District 6 (East Central),MARENGO,IOWA,IA 212,IA 212/WESTERN AVE/SOUTH ST,Collision with:  Vehicle in traffic,On Roadway,Rear-end (front to rear),Driving too fast for conditions,None Indicated,,Daylight,Snow,Snow,"Surface condition (e.g., wet, icy)",Non-intersection:  Non-junction/no special feature,Paved,,Property Damage Only,0,0,0,0,0,0,1649,2,2,,POINT (-92.074334965556 41.796938440421)
2014780163,14-002236,01/18/2014,01-January,7-Saturday,13:17,1300 Hours,District 4 (Southwest),COUNCIL BLUFFS,POTTAWATTAMIE,,MANAWA CENTRE DR,Collision with:  Vehicle in traffic,Outside trafficway,"Sideswipe, same direction",Unknown,None Indicated,,Daylight,Dry,Cloudy,None apparent,Non-intersection:  Non-junction/no special feature,Paved,,Property Damage Only,0,0,0,0,0,0,1500,2,5,,POINT (-95.847516988617 41.230052406974)
2014781029,14-001677,01/18/2014,01-January,7-Saturday,20:06,2000 Hours,District 5 (Southeast),WEST POINT,LEE,,Co Rd X23/240 AVE,Non-collision events:  Overturn/rollover,On Roadway,Non-collision (single vehicle),Lost Control,None Indicated,,Dark - roadway not lighted,Ice/frost,Snow,"Surface condition (e.g., wet, icy)",Non-intersection:  Non-junction/no special feature,Paved,,Property Damage Only,0,0,0,0,0,0,9500,1,1,,POINT (-91.447681895322 40.786534681149)
2014780455,2014-4057,01/18/2014,01-January,7-Saturday,08:38,0800 Hours,District 6 (East Central),DAVENPORT,SCOTT,I-80,I-80,Collision with:  Vehicle in traffic,On Roadway,"Sideswipe, same direction",Driving too fast for conditions,None Indicated,,Daylight,Snow,Snow,None apparent,Non-intersection:  Non-junction/no special feature,Paved,,Property Damage Only,0,0,0,0,0,0,13300,2,3,,POINT (-90.540705722389 41.595897686295)
2014780532,14-1798,01/18/2014,01-January,7-Saturday,21:13,2100 Hours,District 3 (Northwest),SIOUX CITY,WOODBURY,,W 19TH ST,Collision with:  Parked motor vehicle,On Roadway,"Sideswipe, same direction",Lost Control,None Indicated,,Dark - roadway lighted,Dry,Cloudy,None apparent,Non-intersection:  Non-junction/no special feature,Paved,,Possible/Unknown,0,1,0,0,1,0,10000,2,2,,POINT (-96.433136002506 42.510322941161)
2014781302,14000317,01/18/2014,01-January,7-Saturday,15:36,1500 Hours,District 2 (Northeast),VENTURA,CERRO GORDO,,Co Rd B43/210TH ST & Co Rd S14/BALSAM AVE,Collision with:  Vehicle in traffic,On Roadway,Rear-end (front to rear),Followed too close,None Indicated,,Daylight,Wet,Clear,"Surface condition (e.g., wet, icy)",Intersection:  Other intersection (explain in narrative),Paved,,Property Damage Only,0,0,0,0,0,0,14000,2,4,,POINT (-93.477590822229 43.067551610967)
2014780650,CL14000158,01/18/2014,01-January,7-Saturday,12:06,1200 Hours,District 6 (East Central),CLINTON,CLINTON,IA 136,IA 136/MAIN AVE,Collision with:  Vehicle in traffic,On Roadway,"Sideswipe, same direction",Other (explain in narrative):  Other,None Indicated,,Daylight,Snow,Snow,"Surface condition (e.g., wet, icy)",Non-intersection:  Non-junction/no special feature,Paved,,Property Damage Only,0,0,0,0,0,0,3000,2,2,,POINT (-90.221097607436 41.873872769012)
2014780975,01-14-2612,01/18/2014,01-January,7-Saturday,10:16,1000 Hours,District 6 (East Central),DUBUQUE,DUBUQUE,,W 9TH ST,Collision with fixed object:  Utility pole/light support,Shoulder,Non-collision (single vehicle),Driving too fast for conditions,None Indicated,,Daylight,Snow,Snow,"Surface condition (e.g., wet, icy)",Non-intersection:  Non-junction/no special feature,Paved,,Property Damage Only,0,0,0,0,0,0,7000,1,1,,POINT (-90.67012190746 42.500904958492)
2014780457,2014-4073,01/18/2014,01-January,7-Saturday,11:11,1100 Hours,District 6 (East Central),DAVENPORT,SCOTT,,W 53RD ST & GAINE ST,Collision with:  Vehicle in traffic,On Roadway,"Sideswipe, same direction",Driving too fast for conditions,None Indicated,,Daylight,Snow,Snow,"Surface condition (e.g., wet, icy)",Non-intersection:  Non-junction/no special feature,Paved,,Property Damage Only,0,0,0,0,0,0,2000,2,2,,POINT (-90.581731505632 41.574549783388)
2014782034,,01/18/2014,01-January,7-Saturday,19:45,1900 Hours,District 2 (Northeast),,ALLAMAKEE,IA 51,IA 51/IOWA 51,Collision with:  Animal,On Roadway,Non-collision (single vehicle),Animal,None Indicated,,,,,,,Paved,,Property Damage Only,0,0,0,0,0,0,3800,1,2,,POINT (-91.566886806546 43.174177094596)
2014780174,14-000068,01/18/2014,01-January,7-Saturday,14:15,1400 Hours,District 1 (Central),,STORY,I-35,I-35,Collision with:  Vehicle in traffic,On Roadway,"Sideswipe, opposite direction",Unknown,None Indicated,,Daylight,Wet,Clear,None apparent,Non-intersection:  Non-junction/no special feature,Paved,,Property Damage Only,0,0,0,0,0,0,2000,2,2,,POINT (-93.553282944291 42.124810035426)
2014785550,N14000026,01/18/2014,01-January,7-Saturday,13:27,1300 Hours,District 6 (East Central),NORTH LIBERTY,JOHNSON,,PENN CT & KANSAS AVE,Collision with:  Vehicle in traffic,On Roadway,Broadside (front to side),Ran Stop Sign,None Indicated,,Daylight,Ice/frost,Clear,None apparent,Intersection:  Four-way intersection,Unpaved,,Property Damage Only,0,0,0,0,0,0,5500,2,2,,POINT (-91.635619979892 41.749512994782)
2014780736,2014000575,01/18/2014,01-January,7-Saturday,18:30,1800 Hours,District 6 (East Central),IOWA CITY,JOHNSON,,WASHINGTON ST & S 1ST AVE,Collision with fixed object:  Utility pole/light support,On Roadway,Non-collision (single vehicle),Driving too fast for conditions,None Indicated,,Dark - roadway lighted,Slush,Cloudy,None apparent,Non-intersection:  Non-junction/no special feature,Paved,,Property Damage Only,0,0,0,0,0,0,3500,1,1,,POINT (-91.502081361596 41.660474663338)
2014780028,201400904,01/18/2014,01-January,7-Saturday,09:51,0900 Hours,District 6 (East Central),CEDAR RAPIDS,LINN,I-380,I-380,Collision with fixed object:  Guardrail - face,On Roadway,Non-collision (single vehicle),Ran off road - left,None Indicated,,Daylight,Snow,Snow,"Surface condition (e.g., wet, icy)",Non-intersection:  Non-junction/no special feature,Paved,,Property Damage Only,0,0,0,0,0,0,7000,1,1,,POINT (-91.671483076004 41.897552688371)
2014779969,14-01954,01/18/2014,01-January,7-Saturday,15:05,1500 Hours,District 5 (Southeast),BURLINGTON,DES MOINES,,WASHINGTON ST & 5TH ST,Collision with:  Vehicle in traffic,On Roadway,"Sideswipe, same direction",Other (explain in narrative):  No improper action,None Indicated,,Daylight,Snow,Snow,"Surface condition (e.g., wet, icy)",Non-intersection:  Non-junction/no special feature,Paved,,Property Damage Only,0,0,0,0,0,0,2000,2,1,,POINT (-91.104756954456 40.811244520969)
2014780226,2014003886,01/18/2014,01-January,7-Saturday,08:59,0800 Hours,District 3 (Northwest),,OBRIEN,US 18,US 18/320TH ST,Non-collision events:  Overturn/rollover,Shoulder,Non-collision (single vehicle),Driving too fast for conditions,None Indicated,,Daylight,Ice/frost,"Blowing sand, soil, dirt","Surface condition (e.g., wet, icy)",Non-intersection:  Non-junction/no special feature,Paved,,Minor Injury,0,1,0,1,0,0,5000,1,1,,POINT (-95.63354298568 43.186005724452)
2014789750,A14180754,01/18/2014,01-January,7-Saturday,07:50,0700 Hours,District 2 (Northeast),,FRANKLIN,,Co Rd S43/OLIVE AVE,Collision with:  Animal,,,Animal,None Indicated,,,,,,,Paved,,Property Damage Only,0,0,0,0,0,0,2000,1,1,,POINT (-93.221646320242 42.788055721208)
2014781704,S79140016,01/18/2014,01-January,7-Saturday,10:20,1000 Hours,District 1 (Central),,POWESHIEK,I-80,I-80,Collision with:  Vehicle in traffic,On Roadway,"Sideswipe, same direction",Driving too fast for conditions,None Indicated,,Daylight,Ice/frost,"Blowing sand, soil, dirt","Surface condition (e.g., wet, icy)",Non-intersection:  Non-junction/no special feature,Paved,,Property Damage Only,0,0,0,0,0,0,30806,2,5,,POINT (-92.35894548081 41.6956140335)
2014844618,2014-000150,01/18/2014,01-January,7-Saturday,11:48,1100 Hours,District 2 (Northeast),,ALLAMAKEE,IA 76,IA 76/IOWA 76 & BROKERIDGE RD,Non-collision events:  Other non-collision (explain in narrative),On Roadway,Non-collision (single vehicle),Driving too fast for conditions,None Indicated,,Daylight,Snow,Clear,"Surface condition (e.g., wet, icy)",Non-intersection:  Non-junction/no special feature,Paved,,Property Damage Only,0,0,0,0,0,0,3000,1,1,,POINT (-91.319450778576 43.17755384038)
2014780456,2014-4080,01/18/2014,01-January,7-Saturday,11:25,1100 Hours,District 6 (East Central),DAVENPORT,SCOTT,,E 52ND ST & E 53RD ST,Collision with:  Vehicle in traffic,On Roadway,Rear-end (front to rear),Driving too fast for conditions,None Indicated,,Daylight,Snow,Snow,"Surface condition (e.g., wet, icy)",Non-intersection:  Non-junction/no special feature,Paved,,Possible/Unknown,0,1,0,0,1,0,3000,2,3,,POINT (-90.544626479858 41.57476264101)
2014780351,14-140118-01,01/18/2014,01-January,7-Saturday,09:43,0900 Hours,District 6 (East Central),,IOWA,,Co Rd V77/P AVE,Non-collision events:  Overturn/rollover,Roadside,Non-collision (single vehicle),Driving too fast for conditions,None Indicated,,Daylight,Snow,Snow,"Surface condition (e.g., wet, icy)",Non-intersection:  Non-junction/no special feature,Paved,,Property Damage Only,0,0,0,0,0,0,2500,1,2,,POINT (-92.006469868854 41.766811008995)
2014781773,2014003980,01/18/2014,01-January,7-Saturday,20:10,2000 Hours,District 6 (East Central),,LINN,US 30,US 30/16TH AVE SW,Collision with fixed object:  Bridge overhead structure,Roadside,Non-collision (single vehicle),Ran off road - left,None Indicated,,Dark - roadway not lighted,Dry,Clear,None apparent,Non-intersection:  Other non-intersection (explain in narrative),Paved,,Possible/Unknown,0,1,0,0,1,0,3000,1,1,,POINT (-91.806923486507 41.964130352483)
2014780099,20140001639,01/18/2014,01-January,7-Saturday,13:45,1300 Hours,District 1 (Central),DES MOINES,POLK,US 69,US 69/SE 14TH ST,Collision with:  Vehicle in traffic,On Roadway,Rear-end (front to rear),Followed too close,None Indicated,,Daylight,Wet,Cloudy,None apparent,Non-intersection:  Non-junction/no special feature,Paved,,Minor Injury,0,2,0,1,1,0,5000,2,2,,POINT (-93.59679876219 41.529471037913)
2014782694,14-0764,01/18/2014,01-January,7-Saturday,15:02,1500 Hours,District 6 (East Central),BELLEVUE,JACKSON,US 52,US 52/1ST ST & ROSE ST,Collision with:  Vehicle in traffic,On Roadway,Broadside (front to side),FTYROW:  From stop sign,None Indicated,,Daylight,Snow,Cloudy,None apparent,Intersection:  T-intersection,Paved,,Property Damage Only,0,0,0,0,0,0,2000,2,2,,POINT (-90.420988110765 42.253739900649)
2014785618,2014-4230,01/18/2014,01-January,7-Saturday,21:44,2100 Hours,District 6 (East Central),DAVENPORT,SCOTT,,IA 461/BRADY ST & W 12TH ST & E 12TH ST,Non-collision events:  Other non-collision (explain in narrative),On Roadway,Non-collision (single vehicle),Lost Control,None Indicated,,Dark - roadway lighted,Slush,Cloudy,None apparent,Non-intersection:  Non-junction/no special feature,Paved,,Property Damage Only,0,0,0,0,0,0,1500,1,1,,POINT (-90.574041518314 41.531976615604)
2014780754,201400176,01/18/2014,01-January,7-Saturday,11:36,1100 Hours,District 6 (East Central),,LINN,US 151,US 151,Collision with:  Vehicle in traffic,On Roadway,Broadside (front to side),Ran Traffic Signal,None Indicated,,Daylight,Ice/frost,"Blowing sand, soil, dirt",None apparent,Intersection:  Four-way intersection,Paved,,Possible/Unknown,0,1,0,0,1,0,7000,2,4,,POINT (-91.550200610002 42.019833537101)
2014781805,,01/18/2014,01-January,7-Saturday,08:55,0800 Hours,District 6 (East Central),CAMANCHE,CLINTON,,WASHINGTON BLVD & 11TH PL,Collision with:  Vehicle in traffic,On Roadway,Broadside (front to side),FTYROW:  From stop sign,None Indicated,,Daylight,Snow,Snow,"Surface condition (e.g., wet, icy)",Intersection:  Four-way intersection,Paved,,Property Damage Only,0,0,0,0,0,0,30000,2,2,,POINT (-90.251632946044 41.79084544361)
2014781989,2014003881,01/18/2014,01-January,7-Saturday,09:00,0900 Hours,District 1 (Central),NEWTON,JASPER,I-80,I-80,Collision with fixed object:  Guardrail - face,Median,Non-collision (single vehicle),Driving too fast for conditions,None Indicated,,Daylight,Snow,Snow,"Surface condition (e.g., wet, icy)",Non-intersection:  Non-junction/no special feature,Paved,,Property Damage Only,0,0,0,0,0,0,3000,1,1,,POINT (-93.017638414792 41.682962142822)
2014780249,2014003903,01/18/2014,01-January,7-Saturday,10:40,1000 Hours,District 6 (East Central),,CEDAR,I-80,I-80,Non-collision events:  Jackknife,On Roadway,"Sideswipe, same direction",Driving too fast for conditions,None Indicated,,Daylight,Ice/frost,Snow,"Surface condition (e.g., wet, icy)",Non-intersection:  Non-junction/no special feature,Paved,,Property Damage Only,0,0,0,0,0,0,26000,2,2,,POINT (-91.289694012969 41.663391252276)
2014780162,14-002225,01/18/2014,01-January,7-Saturday,10:21,1000 Hours,District 4 (Southwest),COUNCIL BLUFFS,POTTAWATTAMIE,I-29,I-29 & NEBRASKA AVE & RIVER RD,Collision with:  Vehicle in traffic,On Roadway,Rear-end (front to rear),Lost Control,None Indicated,,Daylight,Wet,Rain,None apparent,Non-intersection:  Non-junction/no special feature,Paved,,Property Damage Only,0,0,0,0,0,0,10500,3,5,,POINT (-95.906846081757 41.241114586576)
2014780002,C14000190,01/18/2014,01-January,7-Saturday,11:00,1100 Hours,District 6 (East Central),CORALVILLE,JOHNSON,I-80,I-80 & IA 965/CORAL RIDGE AVE & COMMERCE DR,Collision with:  Vehicle in traffic,On Roadway,Rear-end (front to rear),Other (explain in narrative):  Other,None Indicated,,Daylight,Snow,Snow,"Surface condition (e.g., wet, icy)",Intersection:  Intersection with ramp,Paved,,Property Damage Only,0,0,0,0,0,0,3500,2,2,,POINT (-91.608463777811 41.695966106141)
2014779938,CL14000153,01/18/2014,01-January,7-Saturday,08:35,0800 Hours,District 6 (East Central),CLINTON,CLINTON,US 30,US 30/CAMANCHE AVE,Collision with fixed object:  Utility pole/light support,On Roadway,Non-collision (single vehicle),Swerving/Evasive Action,None Indicated,,Daylight,Snow,Snow,"Surface condition (e.g., wet, icy)",Non-intersection:  Non-junction/no special feature,Paved,,Property Damage Only,0,0,0,0,0,0,3500,1,1,,POINT (-90.207852017113 41.825514773535)
2014780251,2014003963,01/18/2014,01-January,7-Saturday,16:25,1600 Hours,District 6 (East Central),,CEDAR,I-80,I-80,Collision with:  Vehicle in traffic,On Roadway,"Sideswipe, same direction",FTYROW:  Other (explain in narrative),None Indicated,,Daylight,Wet,Clear,None apparent,Non-intersection:  Non-junction/no special feature,Paved,,Property Damage Only,0,0,0,0,0,0,2000,2,2,,POINT (-91.339641478259 41.664105812209)
2014779915,14005796,01/18/2014,01-January,7-Saturday,11:30,1100 Hours,District 2 (Northeast),CEDAR FALLS,BLACK HAWK,,18TH ST & HUDSON RD & W 18TH ST,Collision with:  Vehicle in traffic,On Roadway,Rear-end (front to rear),Other (explain in narrative):  Other,None Indicated,,Daylight,Snow,Cloudy,None apparent,Non-intersection:  Non-junction/no special feature,Paved,,Property Damage Only,0,0,0,0,0,0,6000,2,3,,POINT (-92.465600960416 42.522231567475)
2014782437,14008318,01/18/2014,01-January,7-Saturday,08:25,0800 Hours,District 6 (East Central),TIFFIN,JOHNSON,I-80,I-80,Collision with:  Vehicle in traffic,On Roadway,"Sideswipe, same direction",Crossed centerline (undivided),None Indicated,,Daylight,Snow,Snow,None apparent,Non-intersection:  Non-junction/no special feature,Paved,,Property Damage Only,0,0,0,0,0,0,5000,2,4,,POINT (-91.675701402051 41.694166731017)