Iowa DOT Case Number,Law Enforcement Case Number,Date of Crash,Month of Crash,Day of Week,Time of Crash,Hour,DOT District,City Name,County Name,Route with System,Location Description,First Harmful Event,Location of First Harmful Event,Manner of Crash/Collision,Major Cause,Drug or Alcohol ,Environmental Conditions,Light Conditions,Surface Conditions,Weather Conditions,Roadway Contribution,Roadway Type,Roadway Surface,Work Zone,Crash Severity,Number of Fatalities,Number of Injuries,Number of Major Injuries,Number of Minor Injuries,Number of Possible Injuries,Number of Unknown Injuries,Amount of Property Damage,Number of Vehicles Involved,Total Number of Occupants,Travel Direction,Location
2014780628,14-000405,01/18/2014,01-January,7-Saturday,01:10,0100 Hours,District 4 (Southwest),,CASS,,BUCK CREEK RD,Non-collision events:  Overturn/rollover,On Roadway,Non-collision (single vehicle),Over correcting/over steering,None Indicated,,Dark - roadway not lighted,"Mud, dirt",Clear,None apparent,Intersection:  Y-intersection,Unpaved,,Major Injury,0,3,1,2,0,0,3500,1,3,,POINT (-95.022451767644 41.419012743653)
2014782328,2014003894,01/18/2014,01-January,7-Saturday,09:50,0900 Hours,District 6 (East Central),OXFORD,JOHNSON,I-80,I-80,Collision with fixed object:  Guardrail - face,Median,Non-collision (single vehicle),Ran off road - left,None Indicated,,Daylight,Snow,Snow,"Surface condition (e.g., wet, icy)",Non-intersection:  Non-junction/no special feature,Paved,,Property Damage Only,0,0,0,0,0,0,5000,1,1,,POINT (-91.810483117302 41.687705923471)
2014780104,20140001634,01/18/2014,01-January,7-Saturday,12:05,1200 Hours,District 1 (Central),DES MOINES,POLK,US 6,US 6/E EUCLID AVE & US 69/E 14TH ST,Collision with:  Vehicle in traffic,On Roadway,Rear-end (front to rear),Followed too close,None Indicated,,Daylight,Wet,Snow,None apparent,Intersection:  Four-way intersection,Paved,,Property Damage Only,0,0,0,0,0,0,1550,2,3,,POINT (-93.600513057949 41.627712019178)
2014780040,14001234,01/18/2014,01-January,7-Saturday,11:51,1100 Hours,District 6 (East Central),MARION,LINN,IA 100,IA 100/COLLINS RD SE & E POST RD,Collision with:  Vehicle in traffic,On Roadway,Broadside (front to side),Driving too fast for conditions,None Indicated,,Daylight,Ice/frost,Snow,None apparent,Non-intersection:  Non-junction/no special feature,Paved,,Possible/Unknown,0,1,0,0,1,0,7400,2,2,,POINT (-91.599347790101 42.015364302084)
2014781012,14008390,01/18/2014,01-January,7-Saturday,11:12,1100 Hours,District 6 (East Central),IOWA CITY,JOHNSON,I-80,I-80,Collision with:  Vehicle in traffic,On Roadway,"Sideswipe, same direction",Driving too fast for conditions,None Indicated,,Daylight,Ice/frost,Snow,"Surface condition (e.g., wet, icy)",Non-intersection:  Non-junction/no special feature,Paved,,Property Damage Only,0,0,0,0,0,0,3000,2,3,,POINT (-91.521694073479 41.687271760523)
2014780289,W14-005756,01/18/2014,01-January,7-Saturday,09:48,0900 Hours,District 2 (Northeast),WATERLOO,BLACK HAWK,US 20,US 20/NE RAMP/NE LOOP & US 63/SERGEANT RD & GREYHOUND DR,Collision with:  Vehicle in traffic,On Roadway,Broadside (front to side),Driving too fast for conditions,None Indicated,,Daylight,Ice/frost,Snow,"Surface condition (e.g., wet, icy)",Intersection:  Four-way intersection,Paved,,Property Damage Only,0,0,0,0,0,0,6000,2,3,,POINT (-92.403577468633 42.460046355643)
2014780052,14000330,01/18/2014,01-January,7-Saturday,12:14,1200 Hours,District 3 (Northwest),,MONONA,IA 141,IA 141,Non-collision events:  Overturn/rollover,Roadside,Non-collision (single vehicle),Ran off road - left,None Indicated,,Daylight,Ice/frost,"Sleet, hail","Surface condition (e.g., wet, icy)",Non-intersection:  Non-junction/no special feature,Paved,,Property Damage Only,0,0,0,0,0,0,5000,1,4,,POINT (-95.700637991408 42.051963830476)
2014780749,201400172,01/18/2014,01-January,7-Saturday,02:45,0200 Hours,District 6 (East Central),,LINN,,COTTAGE GROVE AVE SE,Collision with fixed object:  Mailbox,On Roadway,Non-collision (single vehicle),Swerving/Evasive Action,None Indicated,,Dark - roadway not lighted,Dry,Cloudy,None apparent,Non-intersection:  Non-junction/no special feature,Paved,,Property Damage Only,0,0,0,0,0,0,2000,1,1,,POINT (-91.604081282221 41.997175061265)
2014781770,2014003922,01/18/2014,01-January,7-Saturday,10:02,1000 Hours,District 6 (East Central),IOWA CITY,JOHNSON,I-80,I-80,Collision with:  Vehicle in traffic,On Roadway,Rear-end (front to rear),Swerving/Evasive Action,None Indicated,,Daylight,Ice/frost,Snow,"Surface condition (e.g., wet, icy)",Non-intersection:  Non-junction/no special feature,Paved,,Minor Injury,0,1,0,1,0,0,113800,4,6,,POINT (-91.510862345797 41.686996791181)
2014780752,201400171,01/18/2014,01-January,7-Saturday,02:19,0200 Hours,District 6 (East Central),ROBINS,LINN,I-380,I-380,Collision with:  Animal,,,Animal,None Indicated,,,,,,,Paved,,Property Damage Only,0,0,0,0,0,0,4000,1,1,,POINT (-91.700434579596 42.066349631835)
2014780458,2014-4160,01/18/2014,01-January,7-Saturday,15:20,1500 Hours,District 6 (East Central),DAVENPORT,SCOTT,,ELMORE AVE,Collision with:  Vehicle in traffic,Outside trafficway,Broadside (front to side),Unknown,None Indicated,,Daylight,Snow,Snow,None apparent,Non-intersection:  Non-junction/no special feature,Paved,,Property Damage Only,0,0,0,0,0,0,4000,2,2,,POINT (-90.527326381005 41.55414543398)
2014779975,14-01940,01/18/2014,01-January,7-Saturday,11:06,1100 Hours,District 5 (Southeast),BURLINGTON,DES MOINES,US 61,US 61 & AGENCY ST,Collision with:  Vehicle in traffic,On Roadway,Rear-end (front to rear),Driving too fast for conditions,None Indicated,,Daylight,Slush,Cloudy,"Surface condition (e.g., wet, icy)",Intersection:  Four-way intersection,Paved,,Property Damage Only,0,0,0,0,0,0,1500,2,3,,POINT (-91.141444514185 40.814850143055)
2014779905,14005781,01/18/2014,01-January,7-Saturday,10:41,1000 Hours,District 2 (Northeast),CEDAR FALLS,BLACK HAWK,IA 27,IA 27,Collision with fixed object:  Concrete traffic barrier (median or right side),On Roadway,Non-collision (single vehicle),Ran off road - right,None Indicated,,Daylight,Slush,Cloudy,None apparent,Non-intersection:  Non-junction/no special feature,Paved,,Property Damage Only,0,0,0,0,0,0,4500,1,1,,POINT (-92.444866077615 42.510002165083)
2014780776,14-0295,01/18/2014,01-January,7-Saturday,19:31,1900 Hours,District 6 (East Central),HIAWATHA,LINN,,TOWER TERRACE RD & ROBINS RD & PROP TOWER TERRACE RD,Collision with fixed object:  Traffic sign support,On Roadway,Non-collision (single vehicle),Driving too fast for conditions,None Indicated,,Dark - roadway not lighted,Snow,Clear,None apparent,Intersection:  T-intersection,Paved,,Property Damage Only,0,0,0,0,0,0,1550,1,1,,POINT (-91.672829935381 42.058711544183)
2014780353,14-140118-03,01/18/2014,01-January,7-Saturday,13:30,1300 Hours,District 1 (Central),VICTOR,POWESHIEK,,3RD ST,Collision with:  Vehicle in traffic,On Roadway,Broadside (front to side),FTYROW:  From driveway,None Indicated,,Daylight,Snow,Snow,None apparent,Non-intersection:  Driveway access (within),Paved,,Property Damage Only,0,0,0,0,0,0,4000,2,2,,POINT (-92.302444953542 41.730646618021)
2014781011,14008353,01/18/2014,01-January,7-Saturday,08:30,0800 Hours,District 6 (East Central),,JOHNSON,I-80,I-80,Collision with:  Vehicle in traffic,On Roadway,Rear-end (front to rear),Driving too fast for conditions,None Indicated,,Daylight,Ice/frost,Snow,"Surface condition (e.g., wet, icy)",Non-intersection:  Non-junction/no special feature,Paved,,Minor Injury,0,1,0,1,0,0,20000,2,2,,POINT (-91.442732994518 41.670610981974)
2014781467,,01/18/2014,01-January,7-Saturday,10:30,1000 Hours,District 6 (East Central),,JOHNSON,I-380,I-380,Collision with fixed object:  Bridge overhead structure,On Roadway,Non-collision (single vehicle),Unknown,None Indicated,,Daylight,Ice/frost,Snow,,Non-intersection:  Other non-intersection (explain in narrative),Paved,,Possible/Unknown,0,2,0,0,2,0,8800,1,2,,POINT (-91.657545371125 41.824509073333)
2014781767,2014003885,01/18/2014,01-January,7-Saturday,09:03,0900 Hours,District 6 (East Central),,JOHNSON,I-80,I-80,Collision with:  Vehicle in traffic,Shoulder,Rear-end (front to rear),Driving too fast for conditions,None Indicated,,Daylight,Snow,Snow,"Surface condition (e.g., wet, icy)",Non-intersection:  Non-junction/no special feature,Paved,,Major Injury,0,2,1,1,0,0,28000,2,2,,POINT (-91.447912147835 41.672536453546)
2014783826,2014-06-AC,01/18/2014,01-January,7-Saturday,11:42,1100 Hours,District 3 (Northwest),,DICKINSON,US 71,US 71,Non-collision events:  Jackknife,On Roadway,Non-collision (single vehicle),Ran off road - right,None Indicated,,Daylight,Snow,Snow,"Surface condition (e.g., wet, icy)",Non-intersection:  Non-junction/no special feature,Paved,,Property Damage Only,0,0,0,0,0,0,10000,1,1,,POINT (-95.037697222509 43.430522135127)
2014780058,14002357,01/18/2014,01-January,7-Saturday,11:56,1100 Hours,District 5 (Southeast),MUSCATINE,MUSCATINE,,CLAY ST & 1ST AVE,Collision with:  Vehicle in traffic,On Roadway,"Angle, oncoming left turn",FTYROW:  Making left turn,None Indicated,,Daylight,Snow,Snow,None apparent,Intersection:  Four-way intersection,Paved,,Property Damage Only,0,0,0,0,0,0,2000,2,2,,POINT (-91.034576550451 41.44160899252)
2014780361,SO1400225,01/18/2014,01-January,7-Saturday,16:05,1600 Hours,District 5 (Southeast),,JEFFERSON,US 34,US 34,Non-collision events:  Overturn/rollover,Roadside,Non-collision (single vehicle),Crossed centerline (undivided),None Indicated,,Daylight,Ice/frost,Cloudy,"Surface condition (e.g., wet, icy)",Non-intersection:  Non-junction/no special feature,Paved,,Possible/Unknown,0,2,0,0,2,0,8000,1,2,,POINT (-92.036253939764 41.015554145145)
2014780581,2014003891,01/18/2014,01-January,7-Saturday,09:00,0900 Hours,District 1 (Central),,JASPER,I-80,I-80,Collision with fixed object:  Guardrail - face,Shoulder,Non-collision (single vehicle),Driving too fast for conditions,None Indicated,,Daylight,Snow,Snow,"Surface condition (e.g., wet, icy)",Non-intersection:  Non-junction/no special feature,Paved,,Property Damage Only,0,0,0,0,0,0,18400,1,1,,POINT (-92.932813174866 41.680502915746)
2014780365,2014000557,01/18/2014,01-January,7-Saturday,09:59,0900 Hours,District 6 (East Central),IOWA CITY,JOHNSON,,GINTER AVE & PINE ST,Collision with fixed object:  Mailbox,Outside trafficway,Non-collision (single vehicle),Driving too fast for conditions,None Indicated,,Daylight,Snow,Snow,None apparent,Non-intersection:  Non-junction/no special feature,Paved,,Property Damage Only,0,0,0,0,0,0,1600,1,1,,POINT (-91.513523942593 41.647572316137)
2014782154,2014003890,01/18/2014,01-January,7-Saturday,09:25,0900 Hours,District 6 (East Central),,JOHNSON,I-80,I-80,Collision with:  Vehicle in traffic,Shoulder,Rear-end (front to rear),Driving too fast for conditions,None Indicated,,Daylight,Snow,Snow,"Surface condition (e.g., wet, icy)",Non-intersection:  Non-junction/no special feature,Paved,,Major Injury,0,2,2,0,0,0,30000,2,2,,POINT (-91.447912147835 41.672536453546)
2014782922,14000481,01/18/2014,01-January,7-Saturday,04:39,0400 Hours,District 6 (East Central),,BUCHANAN,,KING AVE,Collision with fixed object:  Ditch,Shoulder,Non-collision (single vehicle),Ran off road - right,None Indicated,,Dark - roadway not lighted,Snow,Snow,"Surface condition (e.g., wet, icy)",Non-intersection:  Non-junction/no special feature,Unpaved,,Possible/Unknown,0,1,0,0,0,1,2000,1,1,,POINT (-91.869966936782 42.328053752495)
2014780977,01-14-2662,01/18/2014,01-January,7-Saturday,16:52,1600 Hours,District 6 (East Central),DUBUQUE,DUBUQUE,,W 5TH ST & NEVADA ST,Collision with fixed object:  Other fixed object (explain in narrative),Shoulder,Broadside (front to side),Driving too fast for conditions,None Indicated,,Daylight,Snow,Clear,"Surface condition (e.g., wet, icy)",Intersection:  Four-way intersection,Paved,,Property Damage Only,0,0,0,0,0,0,2800,2,1,,POINT (-90.680570034663 42.497109673334)
2014783092,2014-4312,01/18/2014,01-January,7-Saturday,19:00,1900 Hours,District 6 (East Central),DAVENPORT,SCOTT,,E 9TH ST,Collision with:  Parked motor vehicle,Shoulder,Rear-end (front to rear),"Operating vehicle in an reckless, erratic, careless, negligent manner",None Indicated,,Dark - roadway not lighted,Ice/frost,Cloudy,None apparent,Non-intersection:  Non-junction/no special feature,Paved,,Property Damage Only,0,0,0,0,0,0,4000,2,1,,POINT (-90.564526960778 41.528082763932)
2014783982,2014-4062,01/18/2014,01-January,7-Saturday,09:42,0900 Hours,District 6 (East Central),DAVENPORT,SCOTT,,ELMORE AVE,Collision with:  Vehicle in traffic,On Roadway,Broadside (front to side),Driving too fast for conditions,None Indicated,,Daylight,Snow,Snow,"Surface condition (e.g., wet, icy)",Non-intersection:  Non-junction/no special feature,Paved,,Property Damage Only,0,0,0,0,0,0,2500,2,2,,POINT (-90.527230287478 41.556665142751)
2014783825,2014-05-AC,01/18/2014,01-January,7-Saturday,10:25,1000 Hours,District 3 (Northwest),,DICKINSON,US 71,US 71 & 270TH ST,Non-collision events:  Overturn/rollover,On Roadway,Non-collision (single vehicle),Crossed centerline (undivided),None Indicated,,Daylight,Snow,Snow,"Surface condition (e.g., wet, icy)",Non-intersection:  Non-junction/no special feature,Paved,,Possible/Unknown,0,1,0,0,1,0,5000,1,1,,POINT (-95.150101251002 43.255456885103)
2014781149,S14-0516,01/18/2014,01-January,7-Saturday,20:33,2000 Hours,District 3 (Northwest),SLOAN,WOODBURY,,Co Rd K35/330TH ST,Collision with:  Vehicle in traffic,On Roadway,"Sideswipe, same direction","Operating vehicle in an reckless, erratic, careless, negligent manner",Alcohol (Statutory),,Dark - roadway not lighted,Dry,Clear,None apparent,Non-intersection:  Non-junction/no special feature,Paved,,Property Damage Only,0,0,0,0,0,0,14500,2,4,,POINT (-96.274421959111 42.22919018198)
2014780110,20140001597,01/18/2014,01-January,7-Saturday,01:05,0100 Hours,District 1 (Central),DES MOINES,POLK,,55TH ST,Collision with:  Vehicle in traffic,On Roadway,Broadside (front to side),Driving too fast for conditions,None Indicated,,Dark - roadway lighted,Snow,Clear,"Surface condition (e.g., wet, icy)",Non-intersection:  Driveway access (within),Paved,,Property Damage Only,0,0,0,0,0,0,1500,2,4,,POINT (-93.69378686868 41.63066368235)
2014781954,2014-01145,01/18/2014,01-January,7-Saturday,19:12,1900 Hours,District 5 (Southeast),ACKWORTH,WARREN,IA 92,IA 92/IOWA 92,Collision with:  Animal,,,Animal,None Indicated,,,,,,,Paved,,Property Damage Only,0,0,0,0,0,0,3000,1,1,,POINT (-93.469266852088 41.367656993583)
2014780757,201400197,01/19/2014,01-January,1-Sunday,18:53,1800 Hours,District 6 (East Central),,LINN,US 30,US 30 & Co Rd W8E/JAPPA RD,Collision with:  Animal,,,Animal,None Indicated,,,,,,,Paved,,Property Damage Only,0,0,0,0,0,0,3000,1,1,,POINT (-91.579090133477 41.925420376094)
2014780534,14-1860,01/19/2014,01-January,1-Sunday,16:15,1600 Hours,District 3 (Northwest),SIOUX CITY,WOODBURY,,,Collision with:  Non-motorist (see non-motorist section - NOT a unit),Outside trafficway,Non-collision (single vehicle),Unknown,None Indicated,,Daylight,Dry,Clear,None apparent,Non-intersection:  Alley,,,Minor Injury,0,1,0,1,0,0,0,1,1,,POINT (-96.643700149993 40.233091251414)
2014780755,201400198,01/19/2014,01-January,1-Sunday,19:46,1900 Hours,District 6 (East Central),,LINN,,CARLTON LN,Collision with:  Animal,,,Animal,None Indicated,,,,,,,Unpaved,,Property Damage Only,0,0,0,0,0,0,2000,1,1,,POINT (-91.467604187134 42.050282320965)
2014779945,140468,01/19/2014,01-January,1-Sunday,02:41,0200 Hours,District 4 (Southwest),,DALLAS,IA 44,IA 44/240TH ST & Co Rd R22/U AVE,Collision with fixed object:  Ditch,On Roadway,Non-collision (single vehicle),Ran Stop Sign,Alcohol (Statutory),,Dark - roadway lighted,Dry,Clear,None apparent,Intersection:  T-intersection,Paved,,Property Damage Only,0,0,0,0,0,0,5200,1,1,,POINT (-93.891794732581 41.688303390937)
2014779943,140130,01/19/2014,01-January,1-Sunday,19:20,1900 Hours,District 3 (Northwest),,CRAWFORD,US 30,US 30,Collision with:  Animal,,,Animal,None Indicated,,,,,,,Paved,,Property Damage Only,0,0,0,0,0,0,1500,1,1,,POINT (-95.309696313923 42.020039268394)
2014780007,N14000028,01/19/2014,01-January,1-Sunday,09:07,0900 Hours,District 6 (East Central),NORTH LIBERTY,JOHNSON,,ZELLER ST & FRONT ST,Collision with:  Vehicle in traffic,On Roadway,Broadside (front to side),Ran Stop Sign,None Indicated,,Daylight,Snow,Clear,"Surface condition (e.g., wet, icy)",Intersection:  Four-way intersection,Paved,,Property Damage Only,0,0,0,0,0,0,13000,2,3,,POINT (-91.597946289956 41.74473614043)
2014780627,14000429,01/19/2014,01-January,1-Sunday,00:06,0000 Hours,District 4 (Southwest),,CASS,IA 48,IA 48/550TH ST,Collision with fixed object:  Ditch,Shoulder,Non-collision (single vehicle),Traveling wrong way or on wrong side of road,Alcohol (Statutory),,Dark - roadway not lighted,Dry,Clear,None apparent,Non-intersection:  Non-junction/no special feature,Paved,,Property Damage Only,0,0,0,0,0,0,5000,1,1,,POINT (-95.137445362106 41.176005999796)
2014781686,14-003099,01/19/2014,01-January,1-Sunday,12:00,1200 Hours,District 4 (Southwest),COUNCIL BLUFFS,POTTAWATTAMIE,US 275,US 275/VETERANS MEMORIAL HWY & METRO DR & TANK FARM RD,Collision with:  Vehicle in traffic,On Roadway,Rear-end (front to rear),Other (explain in narrative):  Other,None Indicated,,Daylight,Unknown,Unknown,None apparent,Non-intersection:  Non-junction/no special feature,Paved,,Property Damage Only,0,0,0,0,0,0,3700,2,2,,POINT (-95.836237020585 41.21832546279)
2014780128,20140001693,01/19/2014,01-January,1-Sunday,07:24,0700 Hours,District 1 (Central),DES MOINES,POLK,,BEAVER AVE,Collision with fixed object:  Utility pole/light support,On Roadway,Non-collision (single vehicle),Ran off road - right,None Indicated,,Dawn,Slush,Clear,None apparent,Non-intersection:  Non-junction/no special feature,Paved,,Possible/Unknown,0,1,0,0,1,0,7000,1,1,,POINT (-93.674072012914 41.62241331042)
2014781207,2014004132,01/19/2014,01-January,1-Sunday,23:10,2300 Hours,District 5 (Southeast),,WARREN,US 69,US 69,Collision with fixed object:  Tree,Roadside,Non-collision (single vehicle),Swerving/Evasive Action,None Indicated,,Dark - roadway not lighted,Dry,Clear,None apparent,Non-intersection:  Non-junction/no special feature,Paved,,Possible/Unknown,0,1,0,0,1,0,5000,1,1,,POINT (-93.595880236474 41.1904923599)
2014781325,C14000202,01/19/2014,01-January,1-Sunday,19:01,1900 Hours,District 6 (East Central),CORALVILLE,JOHNSON,US 6,US 6/2ND ST & 25TH AVE,Collision with:  Vehicle in traffic,On Roadway,Rear-end (front to rear),Followed too close,None Indicated,,Dark - roadway lighted,Dry,Clear,None apparent,Non-intersection:  Non-junction/no special feature,Paved,,Possible/Unknown,0,1,0,0,1,0,4000,2,2,,POINT (-91.603660611976 41.685793154418)
2014779904,W-14-0087,01/19/2014,01-January,1-Sunday,14:26,1400 Hours,District 2 (Northeast),WAUKON,ALLAMAKEE,IA 76,IA 76/W MAIN ST & 1ST ST SW & 1ST ST NW,Collision with:  Vehicle in traffic,On Roadway,Head-on (front to front),Crossed centerline (undivided),None Indicated,,Daylight,Slush,Clear,None apparent,Intersection:  Four-way intersection,Paved,,Minor Injury,0,2,0,2,0,0,7500,2,3,,POINT (-91.477649382316 43.269255788373)
2014783568,1401191031,01/19/2014,01-January,1-Sunday,10:31,1000 Hours,District 6 (East Central),,JONES,US 151,US 151,Collision with:  Vehicle in traffic,On Roadway,"Sideswipe, same direction",Lost Control,None Indicated,,Daylight,Snow,"Blowing sand, soil, dirt",None apparent,Non-intersection:  Non-junction/no special feature,Paved,,Property Damage Only,0,0,0,0,0,0,4000,2,2,,POINT (-91.229189919171 42.164631870679)
2014781436,14-699,01/19/2014,01-January,1-Sunday,11:38,1100 Hours,District 3 (Northwest),HULL,SIOUX,,3RD ST & MAPLE ST,Collision with:  Vehicle in traffic,On Roadway,Broadside (front to side),FTYROW:  From yield sign,None Indicated,,Daylight,Wet,Cloudy,None apparent,Intersection:  Four-way intersection,Paved,,Possible/Unknown,0,1,0,0,1,0,17500,2,3,,POINT (-96.132350834798 43.190686712832)
2014780727,20140224,01/19/2014,01-January,1-Sunday,19:00,1900 Hours,District 1 (Central),,GRUNDY,IA 175,IA 175/DIAGONAL RD,Collision with:  Animal,,,Animal,None Indicated,,,,,,,Paved,,Property Damage Only,0,0,0,0,0,0,2000,1,1,,POINT (-92.679753580277 42.345756586733)
2014805218,,01/19/2014,01-January,1-Sunday,02:29,0200 Hours,District 2 (Northeast),NEW HAMPTON,CHICKASAW,,E PROSPECT ST & N PLEASANT HILL AVE,Collision with:  Other non-fixed object (explain in narrative),On Roadway,Non-collision (single vehicle),Lost Control,Refused,,,Snow,,None apparent,Non-intersection:  Non-junction/no special feature,Paved,,Major Injury,0,1,1,0,0,0,2000,1,1,,POINT (-92.308659602748 43.060273529832)
2014781003,14-306,01/19/2014,01-January,1-Sunday,11:17,1100 Hours,District 3 (Northwest),,IDA,,280TH ST,Collision with fixed object:  Mailbox,On Roadway,Non-collision (single vehicle),Ran off road - left,None Indicated,,Daylight,Dry,Clear,None apparent,Non-intersection:  Non-junction/no special feature,Unpaved,,Property Damage Only,0,0,0,0,0,0,3000,1,1,,POINT (-95.658237629519 42.298091008378)
2014781033,201400946,01/19/2014,01-January,1-Sunday,10:53,1000 Hours,District 6 (East Central),CEDAR RAPIDS,LINN,,8TH AVE SW & 1ST ST SW,Collision with:  Vehicle in traffic,On Roadway,Broadside (front to side),Ran Traffic Signal,None Indicated,,Daylight,Wet,Clear,None apparent,Intersection:  Four-way intersection,Paved,,Minor Injury,0,1,0,1,0,0,16000,2,2,,POINT (-91.668904839296 41.969980180864)
2014780101,20140001714,01/19/2014,01-January,1-Sunday,13:00,1300 Hours,District 1 (Central),DES MOINES,POLK,,E MCKINLEY AVE,Collision with:  Vehicle in traffic,On Roadway,"Sideswipe, opposite direction",Crossed centerline (undivided),None Indicated,,Daylight,Wet,Clear,None apparent,Non-intersection:  Non-junction/no special feature,Paved,,Property Damage Only,0,0,0,0,0,0,3000,2,2,,POINT (-93.600308176375 41.540847054528)
2014784654,2014004026,01/19/2014,01-January,1-Sunday,07:00,0700 Hours,District 2 (Northeast),,CERRO GORDO,I-35,I-35 & Co Rd B20/300TH ST,Collision with fixed object:  Guardrail - face,Median,Non-collision (single vehicle),Ran off road - left,None Indicated,,Dark - roadway not lighted,Dry,Clear,None apparent,Non-intersection:  Other non-intersection (explain in narrative),Paved,,Property Damage Only,0,0,0,0,0,0,8105,1,1,,POINT (-93.349263838399 43.198756899707)
2014780053,1401191-A,01/19/2014,01-January,1-Sunday,01:30,0100 Hours,District 4 (Southwest),RED OAK,MONTGOMERY,,JOY ST & 1ST ST,Collision with fixed object:  Other fixed object (explain in narrative),On Roadway,Non-collision (single vehicle),Driving too fast for conditions,None Indicated,,Dark - roadway lighted,Other (explain in narrative),Cloudy,"Surface condition (e.g., wet, icy)",Intersection:  Four-way intersection,Paved,,Property Damage Only,0,0,0,0,0,0,2600,1,1,,POINT (-95.231528753189 41.012218137971)
2014780535,14-1880,01/19/2014,01-January,1-Sunday,17:35,1700 Hours,District 3 (Northwest),SIOUX CITY,WOODBURY,I-29,I-29,Collision with fixed object:  Concrete traffic barrier (median or right side),On Roadway,Non-collision (single vehicle),FTYROW:  Other (explain in narrative),None Indicated,,Daylight,Dry,Clear,None apparent,Interchange-related:  On-ramp merge area,Paved,,Property Damage Only,0,0,0,0,0,0,3000,2,2,,POINT (-96.400724635173 42.488545114926)
2014786247,20140151,01/19/2014,01-January,1-Sunday,08:56,0800 Hours,District 2 (Northeast),BRITT,HANCOCK,US 18,US 18,Collision with fixed object:  Traffic sign support,Shoulder,Non-collision (single vehicle),Swerving/Evasive Action,None Indicated,,Daylight,Ice/frost,Clear,None apparent,Non-intersection:  Non-junction/no special feature,Paved,,Property Damage Only,0,0,0,0,0,0,2200,1,1,,POINT (-93.806628581353 43.102238223915)
2014780149,14-0317,01/19/2014,01-January,1-Sunday,18:55,1800 Hours,District 4 (Southwest),WEST DES MOINES,DALLAS,,COACHLIGHT CT & 68TH ST,Collision with:  Vehicle in traffic,On Roadway,Rear-end (front to rear),Followed too close,None Indicated,,Dark - roadway lighted,Dry,Clear,None apparent,Non-intersection:  Non-junction/no special feature,Paved,,Property Damage Only,0,0,0,0,0,0,2000,2,3,,POINT (-93.799899607706 41.565293585323)
2014780978,01-14-2724,01/19/2014,01-January,1-Sunday,00:30,0000 Hours,District 6 (East Central),DUBUQUE,DUBUQUE,,KAUFMANN AVE,Collision with:  Vehicle in traffic,On Roadway,"Sideswipe, same direction","Operating vehicle in an reckless, erratic, careless, negligent manner",None Indicated,,Dark - roadway lighted,Wet,Cloudy,None apparent,Non-intersection:  Non-junction/no special feature,Paved,,Property Damage Only,0,0,0,0,0,0,3500,2,777,,POINT (-90.680202192543 42.514950564067)
2014779908,14006092,01/19/2014,01-January,1-Sunday,08:06,0800 Hours,District 2 (Northeast),CEDAR FALLS,BLACK HAWK,,12TH ST & WALNUT ST,Collision with:  Vehicle in traffic,On Roadway,Broadside (front to side),FTYROW:  From stop sign,None Indicated,,Daylight,Slush,Clear,None apparent,Intersection:  Four-way intersection,Paved,,Property Damage Only,0,0,0,0,0,0,15500,2,3,,POINT (-92.453464382083 42.527631847097)
2014780178,14-000672,01/19/2014,01-January,1-Sunday,01:52,0100 Hours,District 1 (Central),,POWESHIEK,,400TH ST,Non-collision events:  Other non-collision (explain in narrative),On Roadway,Non-collision (single vehicle),Exceeded authorized speed,Under Influence of Alcohol/Drugs/Medications,,Dark - roadway not lighted,Other (explain in narrative),Clear,"Surface condition (e.g., wet, icy)",Non-intersection:  Non-junction/no special feature,Unpaved,,Fatal,1,1,0,1,0,0,15000,1,2,,POINT (-92.44677955715 41.862474139605)
2014780070,14-000258,01/19/2014,01-January,1-Sunday,13:01,1300 Hours,District 1 (Central),ANKENY,POLK,,SE DELAWARE AVE & NE DELAWARE AVE,Collision with:  Vehicle in traffic,On Roadway,"Sideswipe, same direction",Improper or erratic lane changing,None Indicated,,Daylight,Dry,Clear,None apparent,Non-intersection:  Non-junction/no special feature,Paved,,Property Damage Only,0,0,0,0,0,0,3500,2,5,,POINT (-93.581083458405 41.731258621795)
2014783866,20141002,01/19/2014,01-January,1-Sunday,15:20,1500 Hours,District 6 (East Central),MOUNT VERNON,LINN,,1ST ST & 8TH AVE NW,Collision with:  Parked motor vehicle,On Roadway,"Sideswipe, same direction",Swerving/Evasive Action,None Indicated,,Daylight,Snow,Clear,"Surface condition (e.g., wet, icy)",Non-intersection:  Non-junction/no special feature,Paved,,Property Damage Only,0,0,0,0,0,0,4500,2,1,,POINT (-91.423961884624 41.926313584882)