Iowa DOT Case Number,Law Enforcement Case Number,Date of Crash,Month of Crash,Day of Week,Time of Crash,Hour,DOT District,City Name,County Name,Route with System,Location Description,First Harmful Event,Location of First Harmful Event,Manner of Crash/Collision,Major Cause,Drug or Alcohol ,Environmental Conditions,Light Conditions,Surface Conditions,Weather Conditions,Roadway Contribution,Roadway Type,Roadway Surface,Work Zone,Crash Severity,Number of Fatalities,Number of Injuries,Number of Major Injuries,Number of Minor Injuries,Number of Possible Injuries,Number of Unknown Injuries,Amount of Property Damage,Number of Vehicles Involved,Total Number of Occupants,Travel Direction,Location
2014780448,2014-1048,01/19/2014,01-January,1-Sunday,16:36,1600 Hours,District 6 (East Central),BETTENDORF,SCOTT,,LINCOLN RD,Collision with:  Vehicle in traffic,On Roadway,Rear-end (front to rear),Other (explain in narrative):  Vision obstructed,None Indicated,,Daylight,Wet,Cloudy,None apparent,Non-intersection:  Non-junction/no special feature,Paved,,Property Damage Only,0,0,0,0,0,0,5500,2,1,,POINT (-90.511699286347 41.537065330682)
2014780542,14-814,01/19/2014,01-January,1-Sunday,01:04,0100 Hours,District 3 (Northwest),SIOUX CITY,WOODBURY,,33RD ST & GLEN OAKS BLVD,Collision with:  Vehicle in traffic,On Roadway,Rear-end (front to rear),Ran Stop Sign,None Indicated,,Dark - roadway lighted,Dry,Cloudy,None apparent,Intersection:  T-intersection,Paved,,Possible/Unknown,0,1,0,0,1,0,2000,2,2,,POINT (-96.383638180083 42.526546089863)
2014780166,14-002348,01/19/2014,01-January,1-Sunday,02:55,0200 Hours,District 4 (Southwest),COUNCIL BLUFFS,POTTAWATTAMIE,I-29,I-29,Collision with fixed object:  Utility pole/light support,Roadside,Non-collision (single vehicle),Ran off road - right,None Indicated,,Dark - roadway not lighted,Dry,Cloudy,None apparent,Non-intersection:  Non-junction/no special feature,Paved,,Property Damage Only,0,0,0,0,0,0,3500,1,2,,POINT (-95.866802558352 41.289384638777)
2014783401,2014-4342,01/19/2014,01-January,1-Sunday,13:44,1300 Hours,District 6 (East Central),DAVENPORT,SCOTT,US 6,US 6/E KIMBERLY RD,Collision with:  Vehicle in traffic,On Roadway,Rear-end (front to rear),Followed too close,None Indicated,,Daylight,Dry,Cloudy,None apparent,Intersection:  Four-way intersection,Paved,,Property Damage Only,0,0,0,0,0,0,5000,2,2,,POINT (-90.534633337511 41.556851219409)
2014781848,821-14,01/19/2014,01-January,1-Sunday,18:14,1800 Hours,District 3 (Northwest),SPENCER,CLAY,,E 5TH ST & 4TH AVE E,Collision with:  Vehicle in traffic,On Roadway,Broadside (front to side),FTYROW:  From stop sign,None Indicated,,Dark - roadway lighted,Wet,Cloudy,None apparent,Intersection:  Four-way intersection,Paved,,Property Damage Only,0,0,0,0,0,0,1900,2,3,,POINT (-95.13903372654 43.142623578465)
2014781599,AP-14-0026,01/19/2014,01-January,1-Sunday,10:30,1000 Hours,District 6 (East Central),ANAMOSA,JONES,US 151,US 151,Collision with fixed object:  Curb/island/raised median,On Roadway,Non-collision (single vehicle),Driving too fast for conditions,None Indicated,,Daylight,Slush,Clear,"Surface condition (e.g., wet, icy)",Non-intersection:  Non-junction/no special feature,Paved,,Property Damage Only,0,0,0,0,0,0,10000,1,2,,POINT (-91.229551571136 42.163817909612)
2014781152,S14-550,01/19/2014,01-January,1-Sunday,18:36,1800 Hours,District 3 (Northwest),,WOODBURY,US 20,US 20,Collision with:  Animal,,,Animal,None Indicated,,,,,,,Paved,,Property Damage Only,0,0,0,0,0,0,4000,1,1,,POINT (-96.115799605948 42.474871549653)
2014780295,W14-006028,01/19/2014,01-January,1-Sunday,01:16,0100 Hours,District 2 (Northeast),WATERLOO,BLACK HAWK,,KINGSLEY AVE & EUCLID AVE,Collision with:  Vehicle in traffic,Roadside,Broadside (front to side),Driving too fast for conditions,None Indicated,,Dark - roadway lighted,Snow,Snow,None apparent,Intersection:  Four-way intersection,Paved,,Possible/Unknown,0,1,0,0,0,1,4000,2,2,,POINT (-92.363652284455 42.48478692415)
2014780367,2014000603,01/19/2014,01-January,1-Sunday,13:49,1300 Hours,District 6 (East Central),IOWA CITY,JOHNSON,,W BENTON ST,Collision with:  Vehicle in traffic,On Roadway,Broadside (front to side),"Operating vehicle in an reckless, erratic, careless, negligent manner",None Indicated,,Daylight,Wet,Clear,None apparent,Non-intersection:  Driveway access (within),Paved,,Property Damage Only,0,0,0,0,0,0,1550,2,4,,POINT (-91.547024061022 41.650369552311)
2014789347,14-002,01/19/2014,01-January,1-Sunday,06:30,0600 Hours,District 3 (Northwest),,CALHOUN,IA 4,IA 4/360TH ST,Collision with fixed object:  Ditch,Roadside,Non-collision (single vehicle),Ran off road - left,None Indicated,,Dark - roadway not lighted,Snow,Snow,"Surface condition (e.g., wet, icy)",Non-intersection:  Non-junction/no special feature,Paved,,Property Damage Only,0,0,0,0,0,0,2500,1,1,,POINT (-94.606848991681 42.267165525099)
2014780536,14-1888,01/19/2014,01-January,1-Sunday,20:37,2000 Hours,District 3 (Northwest),SIOUX CITY,WOODBURY,,SINGING HILLS BLVD & SOUTHGATE DR,Collision with:  Vehicle in traffic,On Roadway,Rear-end (front to rear),"Operating vehicle in an reckless, erratic, careless, negligent manner",None Indicated,,Dark - roadway lighted,Dry,Clear,None apparent,Intersection:  Four-way intersection,Paved,,Property Damage Only,0,0,0,0,0,0,311000,2,3,,POINT (-96.36816904889 42.43554335231)
2014780980,01-14-2816,01/19/2014,01-January,1-Sunday,20:26,2000 Hours,District 6 (East Central),DUBUQUE,DUBUQUE,US 52,US 52/CENTRAL AVE & W 17TH ST & E 17TH ST,Collision with:  Vehicle in traffic,On Roadway,Rear-end (front to rear),Equipment failure,None Indicated,,Dark - roadway lighted,Wet,Cloudy,None apparent,Intersection:  Other intersection (explain in narrative),Paved,,Property Damage Only,0,0,0,0,0,0,1800,2,2,,POINT (-90.669074311961 42.508790221038)
2014779986,14000966,01/19/2014,01-January,1-Sunday,05:39,0500 Hours,District 5 (Southeast),,HENRY,US 34,US 34 & Co Rd H38/220TH ST,Non-collision events:  Overturn/rollover,Median,Non-collision (single vehicle),Swerving/Evasive Action,None Indicated,,Dark - roadway not lighted,Dry,Cloudy,None apparent,Non-intersection:  Non-junction/no special feature,Paved,,Minor Injury,0,1,0,1,0,0,8000,1,4,,POINT (-91.516509744878 40.98131904008)
2014780794,14680502,01/19/2014,01-January,1-Sunday,19:11,1900 Hours,District 5 (Southeast),,MONROE,IA 5,IA 5/IOWA 5,Collision with fixed object:  Ditch,On Roadway,Non-collision (single vehicle),"Operating vehicle in an reckless, erratic, careless, negligent manner",Under Influence of Alcohol/Drugs/Medications,,Dark - roadway not lighted,Dry,Clear,None apparent,Non-intersection:  Non-junction/no special feature,Paved,,Minor Injury,0,2,0,2,0,0,5000,1,2,,POINT (-92.838861254515 41.058638223094)
2014781775,2014004125,01/19/2014,01-January,1-Sunday,21:55,2100 Hours,District 6 (East Central),,JOHNSON,I-80,I-80,Collision with:  Vehicle in traffic,On Roadway,"Sideswipe, same direction",Unknown,None Indicated,,Dark - roadway not lighted,Dry,Clear,None apparent,Non-intersection:  Non-junction/no special feature,Paved,,Property Damage Only,0,0,0,0,0,0,1800,2,2,,POINT (-91.744481207325 41.693830980784)
2014783400,2014-4336,01/19/2014,01-January,1-Sunday,12:59,1200 Hours,District 6 (East Central),DAVENPORT,SCOTT,,NORTHBROOK DR,Collision with:  Parked motor vehicle,On Roadway,"Sideswipe, opposite direction",Swerving/Evasive Action,None Indicated,,Daylight,Ice/frost,Snow,"Surface condition (e.g., wet, icy)",Non-intersection:  Non-junction/no special feature,Paved,,Property Damage Only,0,0,0,0,0,0,3400,3,777,,POINT (-90.585529431759 41.572729301812)
2014781774,2014004105,01/19/2014,01-January,1-Sunday,17:37,1700 Hours,District 1 (Central),,POWESHIEK,I-80,I-80,Collision with:  Vehicle in traffic,On Roadway,Rear-end (front to rear),Swerving/Evasive Action,None Indicated,,Dusk,Dry,Cloudy,None apparent,Non-intersection:  Non-junction/no special feature,Paved,,Minor Injury,0,3,0,1,2,0,30000,2,4,,POINT (-92.546677504453 41.696507895757)
2014781051,14-0300,01/19/2014,01-January,1-Sunday,00:45,0000 Hours,District 6 (East Central),HIAWATHA,LINN,I-380,I-380 & TOWER TERRACE RD,Collision with fixed object:  Bridge overhead structure,On Roadway,Non-collision (single vehicle),Driving too fast for conditions,None Indicated,,Dark - roadway not lighted,Wet,Snow,None apparent,Non-intersection:  Other non-intersection (explain in narrative),Paved,,Possible/Unknown,0,1,0,0,1,0,1500,1,1,,POINT (-91.69993507758 42.058841703013)
2014780167,14-002422,01/19/2014,01-January,1-Sunday,18:04,1800 Hours,District 4 (Southwest),COUNCIL BLUFFS,POTTAWATTAMIE,,6TH AVE,Collision with:  Parked motor vehicle,On Roadway,"Sideswipe, opposite direction",Exceeded authorized speed,None Indicated,,Dark - roadway lighted,Dry,Clear,None apparent,Non-intersection:  Non-junction/no special feature,Paved,,Property Damage Only,0,0,0,0,0,0,6750,3,777,,POINT (-95.895098041785 41.256352319896)
2014781196,2014004032,01/19/2014,01-January,1-Sunday,07:15,0700 Hours,District 5 (Southeast),,WAPELLO,,91ST AVE,Collision with:  Animal,,,Animal,None Indicated,,,,,,,Unpaved,,Property Damage Only,0,0,0,0,0,0,2500,1,1,,POINT (-92.336276312033 40.911447542869)
2014781730,14010395,01/19/2014,01-January,1-Sunday,17:38,1700 Hours,District 5 (Southeast),,WAPELLO,,CHIEF WAPELLO RD,Collision with:  Animal,,,Animal,None Indicated,,,,,,,Unpaved,,Property Damage Only,0,0,0,0,0,0,1500,1,1,,POINT (-92.29721444262 40.995019535884)
2014781850,14-000772,01/19/2014,01-January,1-Sunday,21:07,2100 Hours,District 3 (Northwest),SPENCER,CLAY,US 18,US 18/N GRAND AVE,Collision with:  Vehicle in traffic,On Roadway,"Sideswipe, same direction",Improper or erratic lane changing,None Indicated,,Dark - roadway lighted,Wet,Clear,None apparent,Non-intersection:  Non-junction/no special feature,Paved,,Property Damage Only,0,0,0,0,0,0,1600,2,3,,POINT (-95.145407438501 43.151175470175)
2014779917,201400233,01/19/2014,01-January,1-Sunday,08:34,0800 Hours,District 1 (Central),,BOONE,US 30,US 30/230TH ST,Collision with:  Vehicle in traffic,On Roadway,"Sideswipe, same direction",Crossed centerline (undivided),None Indicated,,Daylight,Ice/frost,Clear,"Surface condition (e.g., wet, icy)",Non-intersection:  Non-junction/no special feature,Paved,,Property Damage Only,0,0,0,0,0,0,3500,2,4,,POINT (-93.783510443535 42.023308001226)
2014783399,2014-4280,01/19/2014,01-January,1-Sunday,02:11,0200 Hours,District 6 (East Central),DAVENPORT,SCOTT,,WARREN ST,Collision with:  Parked motor vehicle,On Roadway,"Sideswipe, same direction",Unknown,None Indicated,,Dark - roadway lighted,Slush,Clear,None apparent,Non-intersection:  Non-junction/no special feature,Paved,,Property Damage Only,0,0,0,0,0,0,10000,2,1,,POINT (-90.585849749362 41.528055275893)
2014780036,14001307,01/19/2014,01-January,1-Sunday,15:04,1500 Hours,District 6 (East Central),MARION,LINN,,BLAIRS FERRY RD,Collision with:  Vehicle in traffic,On Roadway,"Sideswipe, same direction",Improper or erratic lane changing,None Indicated,,Daylight,Wet,Clear,None apparent,Non-intersection:  Non-junction/no special feature,Paved,,Property Damage Only,0,0,0,0,0,0,2000,2,3,,POINT (-91.625090204902 42.032472438947)
2014780341,14-000369,01/19/2014,01-January,1-Sunday,00:28,0000 Hours,District 1 (Central),,HAMILTON,,Co Rd D20/220TH ST,Collision with fixed object:  Tree,Shoulder,Non-collision (single vehicle),Ran off road - right,Alcohol (Statutory),,Dark - roadway not lighted,Dry,Clear,None apparent,Non-intersection:  Non-junction/no special feature,Paved,,Possible/Unknown,0,1,0,0,1,0,8000,1,1,,POINT (-93.922044990407 42.471965500431)
2014787884,,01/19/2014,01-January,1-Sunday,11:09,1100 Hours,District 5 (Southeast),,MUSCATINE,US 6,US 6,Collision with fixed object:  Ditch,On Roadway,Non-collision (single vehicle),Driving too fast for conditions,None Indicated,,Daylight,Snow,Clear,"Surface condition (e.g., wet, icy)",Non-intersection:  Non-junction/no special feature,Paved,,Property Damage Only,0,0,0,0,0,0,1500,1,1,,POINT (-91.32333120234 41.583005934768)
2014779907,14006090,01/19/2014,01-January,1-Sunday,07:59,0700 Hours,District 2 (Northeast),CEDAR FALLS,BLACK HAWK,IA 57,IA 57/1ST ST & CLAY ST,Collision with:  Vehicle in traffic,On Roadway,"Sideswipe, same direction",Unknown,None Indicated,,Daylight,Slush,Cloudy,"Surface condition (e.g., wet, icy)",Intersection:  T-intersection,Paved,,Property Damage Only,0,0,0,0,0,0,3000,2,2,,POINT (-92.448150898718 42.537863979737)
2014779941,CL14000168,01/19/2014,01-January,1-Sunday,08:59,0800 Hours,District 6 (East Central),CLINTON,CLINTON,US 30,US 30/8TH AVE S,Collision with:  Vehicle in traffic,On Roadway,Broadside (front to side),Ran Traffic Signal,None Indicated,,Daylight,Snow,Clear,None apparent,Intersection:  Four-way intersection,Paved,,Property Damage Only,0,0,0,0,0,0,9000,2,2,,POINT (-90.190651419928 41.837784112492)
2014780320,1401192791,01/19/2014,01-January,1-Sunday,08:10,0800 Hours,District 6 (East Central),,CLINTON,,442 AVE,Non-collision events:  Overturn/rollover,Roadside,Non-collision (single vehicle),Ran off road - left,None Indicated,,Daylight,"Mud, dirt","Blowing sand, soil, dirt",None apparent,Non-intersection:  Non-junction/no special feature,Unpaved,,Property Damage Only,0,0,0,0,0,0,1550,1,1,,POINT (-90.237940755829 41.971981702317)
2014785619,2014-4407,01/19/2014,01-January,1-Sunday,20:33,2000 Hours,District 6 (East Central),DAVENPORT,SCOTT,,MYRTLE ST,Collision with:  Parked motor vehicle,On Roadway,Rear-end (front to rear),Lost Control,None Indicated,,Dark - roadway lighted,Snow,Cloudy,"Surface condition (e.g., wet, icy)",Non-intersection:  Non-junction/no special feature,Paved,,Property Damage Only,0,0,0,0,0,0,3500,2,777,,POINT (-90.588859808473 41.536395367064)
2014780063,14-0418,01/19/2014,01-January,1-Sunday,18:04,1800 Hours,District 1 (Central),POLK CITY,POLK,IA 415,IA 415/NW POLK CITY DR,Collision with:  Vehicle in traffic,On Roadway,Broadside (front to side),FTYROW:  Other (explain in narrative),None Indicated,,Dark - roadway not lighted,Dry,Clear,None apparent,Non-intersection:  Non-junction/no special feature,Paved,,Property Damage Only,0,0,0,0,0,0,4700,2,7,,POINT (-93.688741034357 41.753118206604)
2014780556,2014004128,01/19/2014,01-January,1-Sunday,19:10,1900 Hours,District 4 (Southwest),,RINGGOLD,,220TH ST,Non-collision events:  Overturn/rollover,On Roadway,Non-collision (single vehicle),Swerving/Evasive Action,None Indicated,,Dark - roadway not lighted,Dry,Clear,None apparent,Non-intersection:  Non-junction/no special feature,Unpaved,,Possible/Unknown,0,2,0,0,2,0,9000,1,2,,POINT (-94.184013674526 40.725105434882)
2014780148,13-0308,01/19/2014,01-January,1-Sunday,09:15,0900 Hours,District 1 (Central),WEST DES MOINES,POLK,IA 5,IA 5/IOWA 5,Collision with fixed object:  Guardrail - face,On Roadway,Non-collision (single vehicle),Driving too fast for conditions,None Indicated,,Daylight,Slush,Cloudy,"Surface condition (e.g., wet, icy)",Non-intersection:  Other non-intersection (explain in narrative),Paved,,Property Damage Only,0,0,0,0,0,0,2000,1,1,,POINT (-93.771180843658 41.523353716328)
2014779979,14-084,01/19/2014,01-January,1-Sunday,18:25,1800 Hours,District 3 (Northwest),SPIRIT LAKE,DICKINSON,IA 9,IA 9/IOWA 9 & 219TH AVE,Collision with:  Animal,,,Animal,None Indicated,,,,,,,Paved,,Property Damage Only,0,0,0,0,0,0,3000,1,1,,POINT (-95.152103148589 43.428785570285)
2014780175,14-000071,01/19/2014,01-January,1-Sunday,17:44,1700 Hours,District 1 (Central),,STORY,,Co Rd E26/CAMERON SCHOOL RD,Collision with:  Animal,,,Animal,None Indicated,,,,,,,Paved,,Property Damage Only,0,0,0,0,0,0,2500,1,1,,POINT (-93.672279320694 42.07073926026)
2014781748,2014004086,01/19/2014,01-January,1-Sunday,16:06,1600 Hours,District 1 (Central),ALTOONA,POLK,I-80,I-80,Collision with fixed object:  Concrete traffic barrier (median or right side),On Roadway,Non-collision (single vehicle),Over correcting/over steering,None Indicated,,Daylight,Dry,Clear,Work Zone (roadway-related),Non-intersection:  Non-junction/no special feature,Paved,Yes,Property Damage Only,0,0,0,0,0,0,3000,1,2,,POINT (-93.510708033229 41.661661810607)
2014783093,2014-4377,01/19/2014,01-January,1-Sunday,17:18,1700 Hours,District 6 (East Central),DAVENPORT,SCOTT,US 67,US 67/E RIVER DR,Collision with:  Vehicle in traffic,On Roadway,Rear-end (front to rear),Unknown,None Indicated,,Dusk,Dry,Clear,None apparent,Non-intersection:  Non-junction/no special feature,Paved,,Property Damage Only,0,0,0,0,0,0,3000,2,2,,POINT (-90.556670685913 41.527285569918)
2014781181,2013004113,01/19/2014,01-January,1-Sunday,20:06,2000 Hours,District 4 (Southwest),,CASS,I-80,I-80,Collision with fixed object:  Other fixed object (explain in narrative),Roadside,Non-collision (single vehicle),Ran off road - right,None Indicated,,Dark - roadway not lighted,Dry,Clear,None apparent,Non-intersection:  Non-junction/no special feature,Paved,,Property Damage Only,0,0,0,0,0,0,5500,1,1,,POINT (-95.127532668429 41.498105471652)
2014779970,14-02088,01/19/2014,01-January,1-Sunday,16:36,1600 Hours,District 5 (Southeast),BURLINGTON,DES MOINES,,GROVE ST,Collision with:  Parked motor vehicle,On Roadway,Rear-end (front to rear),Unknown,None Indicated,,Unknown,Unknown,Unknown,None apparent,Non-intersection:  Non-junction/no special feature,Paved,,Property Damage Only,0,0,0,0,0,0,2000,2,1,,POINT (-91.116126357613 40.800774525954)
2014780555,2014004111,01/19/2014,01-January,1-Sunday,19:10,1900 Hours,District 5 (Southeast),,DECATUR,I-35,I-35,Collision with:  Animal,,,Animal,None Indicated,,,,,,,Paved,,Property Damage Only,0,0,0,0,0,0,5000,1,1,,POINT (-93.845439417032 40.691156037273)
2014780071,14-000259,01/19/2014,01-January,1-Sunday,13:20,1300 Hours,District 1 (Central),ANKENY,POLK,,NE DELAWARE AVE & NE 41ST ST,Collision with:  Parked motor vehicle,On Roadway,Rear-end (front to rear),Driver Distraction:  Reaching for object(s)/fallen object(s),None Indicated,,Daylight,Dry,Clear,None apparent,Non-intersection:  Non-junction/no special feature,Paved,,Property Damage Only,0,0,0,0,0,0,9000,2,1,,POINT (-93.581075171581 41.765016940419)
2014780756,201400199,01/19/2014,01-January,1-Sunday,21:44,2100 Hours,District 6 (East Central),,LINN,IA 100,IA 100/COLLINS RD SE & BANNER DR,Collision with:  Animal,,,Animal,None Indicated,,,,,,,Paved,,Property Damage Only,0,0,0,0,0,0,6000,1,1,,POINT (-91.556122527631 42.020205405523)
2014780127,20140001699,01/19/2014,01-January,1-Sunday,09:23,0900 Hours,District 1 (Central),DES MOINES,POLK,,E KENYON AVE & SE 5TH ST,Collision with:  Vehicle in traffic,On Roadway,Broadside (front to side),Ran Stop Sign,None Indicated,,Daylight,Snow,Cloudy,"Surface condition (e.g., wet, icy)",Intersection:  Four-way intersection,Paved,,Property Damage Only,0,0,0,0,0,0,7500,2,3,,POINT (-93.6064799286 41.535446300905)
2014780806,20140001732,01/19/2014,01-January,1-Sunday,17:24,1700 Hours,District 1 (Central),DES MOINES,POLK,,COTTAGE GROVE AVE & MLK JR PKWY & 19TH ST,Collision with:  Vehicle in traffic,On Roadway,Rear-end (front to rear),FTYROW:  Other (explain in narrative),None Indicated,,Dusk,Dry,Cloudy,None apparent,Non-intersection:  Non-junction/no special feature,Paved,,Possible/Unknown,0,1,0,0,1,0,3000,2,4,,POINT (-93.643250025964 41.593829871839)
2014781236,,01/19/2014,01-January,1-Sunday,15:54,1500 Hours,District 2 (Northeast),CHARLES CITY,FLOYD,,8TH AVE & D ST,Collision with:  Vehicle in traffic,On Roadway,Broadside (front to side),FTYROW:  At uncontrolled intersection,None Indicated,,Daylight,Snow,Clear,None apparent,Intersection:  Four-way intersection,Paved,,Property Damage Only,0,0,0,0,0,0,2000,2,2,,POINT (-92.667926633413 43.070038472101)
2014781458,,01/19/2014,01-January,1-Sunday,17:30,1700 Hours,District 5 (Southeast),,WASHINGTON,US 218,US 218,Collision with:  Animal,On Roadway,Non-collision (single vehicle),Animal,None Indicated,,Dusk,Dry,Cloudy,,Non-intersection:  Non-junction/no special feature,Paved,,Property Damage Only,0,0,0,0,0,0,6200,1,3,,POINT (-91.550581879151 41.413997432547)
2014780196,14-0037,01/19/2014,01-January,1-Sunday,18:05,1800 Hours,District 1 (Central),,WEBSTER,US 20,US 20/235TH ST,Collision with:  Animal,,,Animal,None Indicated,,,,,,,Paved,,Property Damage Only,0,0,0,0,0,0,4600,1,1,,POINT (-94.208364859172 42.448356891607)
2014781873,005-14,01/19/2014,01-January,1-Sunday,00:36,0000 Hours,District 4 (Southwest),,MADISON,IA 92,IA 92/IOWA 92,Non-collision events:  Overturn/rollover,On Roadway,Non-collision (single vehicle),Swerving/Evasive Action,None Indicated,,Dark - roadway not lighted,Dry,Clear,None apparent,Non-intersection:  Non-junction/no special feature,Paved,,Major Injury,0,1,1,0,0,0,10000,1,1,,POINT (-93.813480541482 41.350065393383)
2014780197,14-0179,01/19/2014,01-January,1-Sunday,05:00,0500 Hours,District 1 (Central),FORT DODGE,WEBSTER,,4TH AVE S,Collision with fixed object:  Tree,Shoulder,Non-collision (single vehicle),Ran off road - right,Refused,,Dark - roadway lighted,Ice/frost,Clear,None apparent,Non-intersection:  Non-junction/no special feature,Paved,,Property Damage Only,0,0,0,0,0,0,3500,1,4,,POINT (-94.171438800149 42.502081316908)
2014780153,14-0315,01/19/2014,01-January,1-Sunday,16:33,1600 Hours,District 1 (Central),WEST DES MOINES,POLK,,MILLS CIVIC PKWY & S PRAIRIE VIEW DR,Collision with:  Vehicle in traffic,On Roadway,Rear-end (front to rear),Other (explain in narrative):  Other,None Indicated,,Daylight,Wet,Clear,None apparent,Non-intersection:  Non-junction/no special feature,Paved,,Possible/Unknown,0,1,0,0,1,0,1500,2,2,,POINT (-93.785420501769 41.559088326281)
2014780064,14-0420,01/19/2014,01-January,1-Sunday,20:06,2000 Hours,District 1 (Central),DES MOINES,POLK,IA 28,IA 28/MERLE HAY RD,Collision with:  Animal,,,Animal,None Indicated,,,,,,,Paved,,Property Damage Only,0,0,0,0,0,0,2000,1,1,,POINT (-93.697692575641 41.647726617958)
2014780979,01-14-2758,01/19/2014,01-January,1-Sunday,11:26,1100 Hours,District 6 (East Central),DUBUQUE,DUBUQUE,US 20,US 20/DODGE ST,Collision with:  Animal,On Roadway,Non-collision (single vehicle),Animal,None Indicated,,Daylight,Wet,Cloudy,None apparent,Non-intersection:  Non-junction/no special feature,Paved,,Property Damage Only,0,0,0,0,0,0,6000,1,1,,POINT (-90.743294460213 42.487493208827)
2014780533,14-1852,01/19/2014,01-January,1-Sunday,15:08,1500 Hours,District 3 (Northwest),SIOUX CITY,WOODBURY,,OUTER DR N & CHEYENNE BLVD,Collision with:  Vehicle in traffic,On Roadway,Rear-end (front to rear),Followed too close,Drug,,Daylight,Dry,Clear,None apparent,Intersection:  Four-way intersection,Paved,,Minor Injury,0,1,0,1,0,0,5500,2,2,,POINT (-96.3940921652 42.540634705915)
2014781322,10-2014,01/19/2014,01-January,1-Sunday,15:17,1500 Hours,District 4 (Southwest),,HARRISON,US 30,US 30,Non-collision events:  Overturn/rollover,On Roadway,Non-collision (single vehicle),Crossed centerline (undivided),Alcohol (< Statutory),,Daylight,Dry,Clear,None apparent,Non-intersection:  Other non-intersection (explain in narrative),Paved,,Major Injury,0,2,2,0,0,0,1500,1,2,,POINT (-95.78151757005 41.643152011801)
2014780228,2014004041,01/19/2014,01-January,1-Sunday,09:27,0900 Hours,District 2 (Northeast),,CLAYTON,US 52,US 52,Non-collision events:  Other non-collision (explain in narrative),Roadside,Non-collision (single vehicle),Crossed centerline (undivided),None Indicated,,Daylight,Snow,Clear,"Surface condition (e.g., wet, icy)",Non-intersection:  Non-junction/no special feature,Paved,,Minor Injury,0,1,0,1,0,0,0,1,1,,POINT (-91.19409192297 42.825645854346)
2014780296,W14-006183,01/19/2014,01-January,1-Sunday,15:50,1500 Hours,District 2 (Northeast),WATERLOO,BLACK HAWK,,INDEPENDENCE AVE & VINTON ST,Collision with:  Vehicle in traffic,On Roadway,Broadside (front to side),FTYROW:  From stop sign,None Indicated,,Daylight,Wet,Cloudy,None apparent,Intersection:  Four-way intersection,Paved,,Property Damage Only,0,0,0,0,0,0,4900,2,2,,POINT (-92.320809729292 42.498374007167)
2014783481,,01/19/2014,01-January,1-Sunday,21:00,2100 Hours,District 3 (Northwest),SERGEANT BLUFF,WOODBURY,,B ST,Collision with:  Parked motor vehicle,Shoulder,"Sideswipe, opposite direction",Followed too close,None Indicated,,Dark - roadway lighted,Dry,Clear,None apparent,Non-intersection:  Alley,Paved,,Property Damage Only,0,0,0,0,0,0,8000,3,1,,POINT (-96.364265199511 42.404628303103)
2014781446,2014004117,01/19/2014,01-January,1-Sunday,21:02,2100 Hours,District 1 (Central),,HAMILTON,I-35,I-35,Collision with:  Vehicle in traffic,On Roadway,"Sideswipe, same direction",Downhill runaway,None Indicated,,Dark - roadway not lighted,Dry,Clear,None apparent,Non-intersection:  Non-junction/no special feature,Paved,,Property Damage Only,0,0,0,0,0,0,3000,2,2,,POINT (-93.570516161864 42.391687938481)
2014780753,201400196,01/19/2014,01-January,1-Sunday,18:40,1800 Hours,District 6 (East Central),,LINN,,Co Rd W6E/NORTH CENTER POINT RD,Collision with:  Animal,,,Animal,None Indicated,,,,,,,Paved,,Property Damage Only,0,0,0,0,0,0,7000,1,1,,POINT (-91.699489720688 42.113207642765)
2014788762,2014000607,01/19/2014,01-January,1-Sunday,15:06,1500 Hours,District 6 (East Central),IOWA CITY,JOHNSON,US 6,US 6/S RIVERSIDE DR,Collision with:  Vehicle in traffic,On Roadway,Rear-end (front to rear),Other (explain in narrative):  Other,None Indicated,,Daylight,Wet,Clear,None apparent,Non-intersection:  Non-junction/no special feature,Paved,,Property Damage Only,0,0,0,0,0,0,6000,2,8,,POINT (-91.540346106135 41.653077056806)
2014780510,14-000264,01/19/2014,01-January,1-Sunday,08:14,0800 Hours,District 1 (Central),AMES,STORY,US 30,US 30,Non-collision events:  Other non-collision (explain in narrative),On Roadway,Non-collision (single vehicle),Ran off road - right,None Indicated,,Daylight,Other (explain in narrative),Clear,"Surface condition (e.g., wet, icy)",Non-intersection:  Non-junction/no special feature,Paved,,Property Damage Only,0,0,0,0,0,0,5000,1,1,,POINT (-93.646408627863 42.00375308202)
2014786514,,01/19/2014,01-January,1-Sunday,19:44,1900 Hours,District 2 (Northeast),,WINNESHIEK,,Co Rd A52/OLD STAGE RD,Collision with:  Animal,On Roadway,Non-collision (single vehicle),Animal,None Indicated,,Dark - roadway not lighted,Wet,Cloudy,None apparent,Non-intersection:  Non-junction/no special feature,Paved,,Property Damage Only,0,0,0,0,0,0,2000,1,1,,POINT (-91.75113691759 43.291343556207)
2014786939,2014004056,01/19/2014,01-January,1-Sunday,13:00,1300 Hours,District 4 (Southwest),,HARRISON,I-29,I-29,Non-collision events:  Overturn/rollover,Shoulder,Non-collision (single vehicle),Swerving/Evasive Action,None Indicated,,Daylight,Dry,Cloudy,None apparent,Non-intersection:  Non-junction/no special feature,Paved,,Minor Injury,0,1,0,1,0,0,7250,1,2,,POINT (-96.046684334443 41.749255998168)
2014781225,,01/19/2014,01-January,1-Sunday,16:50,1600 Hours,District 5 (Southeast),,LUCAS,,Co Rd H50/430TH LN,Non-collision events:  Overturn/rollover,Roadside,Non-collision (single vehicle),Swerving/Evasive Action,None Indicated,,Daylight,Other (explain in narrative),Clear,"Surface condition (e.g., wet, icy)",Non-intersection:  Non-junction/no special feature,Paved,,Possible/Unknown,0,3,0,0,3,0,20000,1,4,,POINT (-93.380784348823 40.941249248053)