Iowa DOT Case Number,Law Enforcement Case Number,Date of Crash,Month of Crash,Day of Week,Time of Crash,Hour,DOT District,City Name,County Name,Route with System,Location Description,First Harmful Event,Location of First Harmful Event,Manner of Crash/Collision,Major Cause,Drug or Alcohol ,Environmental Conditions,Light Conditions,Surface Conditions,Weather Conditions,Roadway Contribution,Roadway Type,Roadway Surface,Work Zone,Crash Severity,Number of Fatalities,Number of Injuries,Number of Major Injuries,Number of Minor Injuries,Number of Possible Injuries,Number of Unknown Injuries,Amount of Property Damage,Number of Vehicles Involved,Total Number of Occupants,Travel Direction,Location
2014780414,20140001791,01/20/2014,01-January,2-Monday,15:50,1500 Hours,District 1 (Central),DES MOINES,POLK,,E UNIVERSITY AVE & PENNSYLVANIA AVE,Collision with:  Vehicle in traffic,On Roadway,"Angle, oncoming left turn",FTYROW:  Making left turn,None Indicated,,Daylight,Dry,Cloudy,None apparent,Intersection:  Four-way intersection,Paved,,Property Damage Only,0,0,0,0,0,0,6500,2,3,,POINT (-93.60885145957 41.600376298887)
2014781733,14010411,01/20/2014,01-January,2-Monday,13:26,1300 Hours,District 5 (Southeast),,WAPELLO,US 34,US 34,Collision with:  Vehicle in traffic,On Roadway,"Angle, oncoming left turn",Crossed centerline (undivided),None Indicated,,Daylight,Dry,Cloudy,None apparent,Non-intersection:  Crossover-related,Paved,,Property Damage Only,0,0,0,0,0,0,3500,2,3,,POINT (-92.28512339908 41.003782172941)
2014780540,14-1989,01/20/2014,01-January,2-Monday,16:46,1600 Hours,District 3 (Northwest),SIOUX CITY,WOODBURY,,W 4TH ST,Collision with:  Vehicle in traffic,On Roadway,Head-on (front to front),Driving too fast for conditions,None Indicated,,Daylight,Snow,Cloudy,"Surface condition (e.g., wet, icy)",Non-intersection:  Non-junction/no special feature,Paved,,Possible/Unknown,0,2,0,0,2,0,6000,2,4,,POINT (-96.453918101679 42.50007201629)
2014793204,S201400125,01/20/2014,01-January,2-Monday,15:35,1500 Hours,District 3 (Northwest),,PALO ALTO,US 18,US 18/360 ST,Collision with fixed object:  Ditch,On Roadway,Non-collision (single vehicle),Swerving/Evasive Action,None Indicated,,Daylight,Ice/frost,Snow,"Surface condition (e.g., wet, icy)",Non-intersection:  Non-junction/no special feature,Paved,,Possible/Unknown,0,2,0,0,2,0,7000,1,2,,POINT (-94.798347215851 43.126444423516)
2014784992,2014-00662,01/20/2014,01-January,2-Monday,18:35,1800 Hours,District 6 (East Central),IOWA CITY,JOHNSON,,W BENTON ST,Collision with:  Vehicle in traffic,On Roadway,"Sideswipe, same direction",Followed too close,None Indicated,,Dark - roadway lighted,Snow,Snow,"Surface condition (e.g., wet, icy)",Non-intersection:  Non-junction/no special feature,Paved,,Property Damage Only,0,0,0,0,0,0,2500,2,3,,POINT (-91.553482947915 41.650451031964)
2014781678,14-0057,01/20/2014,01-January,2-Monday,19:42,1900 Hours,District 1 (Central),PLEASANT HILL,POLK,IA 163,IA 163/E UNIVERSITY AVE,Collision with:  Vehicle in traffic,On Roadway,Rear-end (front to rear),Lost Control,None Indicated,,Dark - roadway lighted,Snow,"Blowing sand, soil, dirt","Surface condition (e.g., wet, icy)",Intersection:  Four-way intersection,Paved,,Property Damage Only,0,0,0,0,0,0,5500,2,4,,POINT (-93.498788712986 41.598825822088)
2014780300,W14-006537,01/20/2014,01-January,2-Monday,17:04,1700 Hours,District 2 (Northeast),WATERLOO,BLACK HAWK,US 20,US 20/US 20 RAMP,Collision with:  Vehicle in traffic,On Roadway,Rear-end (front to rear),Driving too fast for conditions,None Indicated,,Dusk,Ice/frost,"Sleet, hail",None apparent,Non-intersection:  Non-junction/no special feature,Paved,,Property Damage Only,0,0,0,0,0,0,5500,2,2,,POINT (-92.370681726554 42.453548319328)
2014782438,C14000216,01/20/2014,01-January,2-Monday,18:37,1800 Hours,District 6 (East Central),CORALVILLE,JOHNSON,,7TH ST & 12TH AVE,Collision with:  Vehicle in traffic,On Roadway,Broadside (front to side),Unknown,None Indicated,,Dark - roadway lighted,Snow,Snow,"Surface condition (e.g., wet, icy)",Non-intersection:  Non-junction/no special feature,Paved,,Property Damage Only,0,0,0,0,0,0,4500,2,3,,POINT (-91.580416172174 41.678446975215)
2014780876,2014-4483,01/20/2014,01-January,2-Monday,10:27,1000 Hours,District 6 (East Central),DAVENPORT,SCOTT,I-74,I-74,Collision with:  Vehicle in traffic,On Roadway,Rear-end (front to rear),Followed too close,None Indicated,,Daylight,Wet,Clear,None apparent,Non-intersection:  Non-junction/no special feature,Paved,,Property Damage Only,0,0,0,0,0,0,3500,2,3,,POINT (-90.520246128487 41.574680412306)
2014780538,14-1929,01/20/2014,01-January,2-Monday,06:15,0600 Hours,District 3 (Northwest),SIOUX CITY,WOODBURY,IA 12,IA 12/GORDON DR & S FAIRMOUNT ST,Collision with fixed object:  Utility pole/light support,On Roadway,Non-collision (single vehicle),Ran off road - right,None Indicated,,Dark - roadway lighted,Dry,Clear,None apparent,Intersection:  Four-way intersection,Paved,,Property Damage Only,0,0,0,0,0,0,10500,1,1,,POINT (-96.374455859941 42.48987172051)
2014785741,,01/20/2014,01-January,2-Monday,18:19,1800 Hours,District 2 (Northeast),CLEAR LAKE,CERRO GORDO,US 18,US 18 & 7TH AVE N & N 24TH ST,Collision with:  Vehicle in traffic,On Roadway,"Sideswipe, same direction",Lost Control,None Indicated,,Dark - roadway lighted,Ice/frost,Snow,"Surface condition (e.g., wet, icy)",Non-intersection:  Non-junction/no special feature,Paved,,Property Damage Only,0,0,0,0,0,0,2000,2,2,,POINT (-93.35941486197 43.145723165894)
2014780886,14000719,01/20/2014,01-January,2-Monday,17:11,1700 Hours,District 1 (Central),,TAMA,,310TH ST,Collision with:  Vehicle in traffic,On Roadway,"Sideswipe, opposite direction",Crossed centerline (undivided),None Indicated,,Dark - roadway not lighted,Snow,Snow,"Surface condition (e.g., wet, icy)",Non-intersection:  Non-junction/no special feature,Paved,,Property Damage Only,0,0,0,0,0,0,16000,2,3,,POINT (-92.552873597384 41.993074728986)
2014780559,2014004258,01/20/2014,01-January,2-Monday,16:10,1600 Hours,District 1 (Central),,HARDIN,US 20,US 20,Non-collision events:  Jackknife,On Roadway,Non-collision (single vehicle),Ran off road - right,None Indicated,,Daylight,Ice/frost,Severe winds,"Surface condition (e.g., wet, icy)",Non-intersection:  Non-junction/no special feature,Paved,,Property Damage Only,0,0,0,0,0,0,5500,1,1,,POINT (-93.354635482535 42.448378115964)
2014780386,2014000593,01/20/2014,01-January,2-Monday,18:06,1800 Hours,District 1 (Central),MARSHALLTOWN,MARSHALL,,W OLIVE ST & S 12TH ST,Collision with fixed object:  Utility pole/light support,On Roadway,Non-collision (single vehicle),Driving too fast for conditions,None Indicated,,Dark - roadway lighted,Snow,Snow,"Surface condition (e.g., wet, icy)",Intersection:  T-intersection,Paved,,Property Damage Only,0,0,0,0,0,0,2500,1,2,,POINT (-92.934126990568 42.028629213077)
2014781071,14-000275,01/20/2014,01-January,2-Monday,16:00,1600 Hours,District 1 (Central),ANKENY,POLK,US 69,US 69/S ANKENY BLVD/N ANKENY BLVD & W 1ST ST & E 1ST ST,Collision with fixed object:  Utility pole/light support,Shoulder,Non-collision (single vehicle),Other (explain in narrative):  Other,None Indicated,,Daylight,Dry,Clear,None apparent,Non-intersection:  Non-junction/no special feature,Paved,,Property Damage Only,0,0,0,0,0,0,3500,1,2,,POINT (-93.60037629843 41.731907021528)
2014780610,W14-006539,01/20/2014,01-January,2-Monday,17:05,1700 Hours,District 2 (Northeast),WATERLOO,BLACK HAWK,,W RIDGEWAY AVE & DEERE RD,Collision with:  Vehicle in traffic,On Roadway,"Sideswipe, opposite direction",Driving too fast for conditions,None Indicated,,Dusk,Ice/frost,Snow,"Surface condition (e.g., wet, icy)",Intersection:  T-intersection,Paved,,Property Damage Only,0,0,0,0,0,0,4500,2,3,,POINT (-92.415734420801 42.469817321551)
2014780302,W14-006551,01/20/2014,01-January,2-Monday,17:21,1700 Hours,District 2 (Northeast),WATERLOO,BLACK HAWK,US 63,US 63/SERGEANT RD/WASHINGTON ST,Collision with:  Vehicle in traffic,On Roadway,Rear-end (front to rear),Other (explain in narrative):  Other,None Indicated,,Dark - roadway lighted,Snow,Snow,"Surface condition (e.g., wet, icy)",Interchange-related:  Off-ramp,Paved,,Property Damage Only,0,0,0,0,0,0,2500,2,2,,POINT (-92.354259418906 42.496577071824)
2014780560,2014004260,01/20/2014,01-January,2-Monday,17:02,1700 Hours,District 1 (Central),,HAMILTON,US 20,US 20,Non-collision events:  Jackknife,Shoulder,Non-collision (single vehicle),Lost Control,None Indicated,,Dusk,Ice/frost,Snow,"Surface condition (e.g., wet, icy)",Non-intersection:  Non-junction/no special feature,Paved,,Minor Injury,0,2,0,2,0,0,5000,1,2,,POINT (-93.529684616821 42.448342292953)
2014784986,14009474,01/20/2014,01-January,2-Monday,18:08,1800 Hours,District 6 (East Central),IOWA CITY,JOHNSON,,Co Rd F50/OAK CREST HILL RD NE,Collision with fixed object:  Traffic sign support,On Roadway,Non-collision (single vehicle),Crossed centerline (undivided),None Indicated,,Dark - roadway lighted,Slush,Snow,"Surface condition (e.g., wet, icy)",Non-intersection:  Non-junction/no special feature,Paved,,Property Damage Only,0,0,0,0,0,0,3000,1,1,,POINT (-91.546295844454 41.616521423822)
2014780398,01-14-230,01/20/2014,01-January,2-Monday,16:04,1600 Hours,District 3 (Northwest),LE MARS,PLYMOUTH,,2ND ST SE & 6TH AVE SE,Collision with:  Vehicle in traffic,On Roadway,Broadside (front to side),Ran Stop Sign,None Indicated,,Daylight,Ice/frost,Cloudy,"Surface condition (e.g., wet, icy)",Intersection:  Four-way intersection,Paved,,Minor Injury,0,2,0,1,1,0,18000,2,2,,POINT (-96.1576698286 42.790602783847)
2014780740,2014000670,01/20/2014,01-January,2-Monday,19:31,1900 Hours,District 6 (East Central),IOWA CITY,JOHNSON,,MORMON TREK BLVD,Collision with:  Vehicle in traffic,On Roadway,Rear-end (front to rear),Other (explain in narrative):  Other,None Indicated,,Dark - roadway lighted,Snow,Snow,"Surface condition (e.g., wet, icy)",Intersection:  Four-way intersection,Paved,,Possible/Unknown,0,1,0,0,1,0,4500,2,3,,POINT (-91.564798719156 41.636226910402)
2014780893,201400003386,01/20/2014,01-January,2-Monday,22:30,2200 Hours,District 5 (Southeast),OTTUMWA,WAPELLO,US 34,US 34 & IA 149/IOWA 149 & WAPELLO ST,Collision with:  Vehicle in traffic,On Roadway,Rear-end (front to rear),Driving too fast for conditions,None Indicated,,Dark - roadway lighted,Snow,Snow,"Surface condition (e.g., wet, icy)",Intersection:  Four-way intersection,Paved,,Property Damage Only,0,0,0,0,0,0,3000,2,3,,POINT (-92.423291378586 41.015266964702)
2014781843,14000989,01/20/2014,01-January,2-Monday,21:29,2100 Hours,District 2 (Northeast),MASON CITY,CERRO GORDO,IA 122,IA 122/4TH ST SW,Collision with:  Vehicle in traffic,On Roadway,"Sideswipe, same direction",Driving too fast for conditions,None Indicated,,Dark - unknown roadway lighting,Ice/frost,Snow,None apparent,Non-intersection:  Non-junction/no special feature,Paved,,Property Damage Only,0,0,0,0,0,0,1600,2,3,,POINT (-93.231171328149 43.148359376537)
2014780603,14006334,01/20/2014,01-January,2-Monday,02:08,0200 Hours,District 2 (Northeast),CEDAR FALLS,BLACK HAWK,,6TH ST,Collision with:  Parked motor vehicle,On Roadway,Rear-end (front to rear),Swerving/Evasive Action,Refused,,Dark - roadway lighted,Other (explain in narrative),Clear,"Surface condition (e.g., wet, icy)",Non-intersection:  Non-junction/no special feature,Paved,,Property Damage Only,0,0,0,0,0,0,9000,2,1,,POINT (-92.453160234042 42.533186972071)
2014780378,14001372,01/20/2014,01-January,2-Monday,18:12,1800 Hours,District 6 (East Central),MARION,LINN,,7TH AVE & 10TH ST,Collision with:  Vehicle in traffic,On Roadway,Head-on (front to front),Driving too fast for conditions,None Indicated,,Dark - roadway lighted,Snow,Snow,"Surface condition (e.g., wet, icy)",Intersection:  Four-way intersection,Paved,,Property Damage Only,0,0,0,0,0,0,1600,2,2,,POINT (-91.599316116604 42.033313562416)
2014781780,2014004351,01/20/2014,01-January,2-Monday,22:20,2200 Hours,District 4 (Southwest),WEST DES MOINES,DALLAS,I-80,I-80,Collision with fixed object:  Utility pole/light support,Outside trafficway,"Sideswipe, same direction",Swerving/Evasive Action,None Indicated,,Dark - roadway lighted,Ice/frost,Snow,"Surface condition (e.g., wet, icy)",Non-intersection:  Non-junction/no special feature,Paved,,Major Injury,0,2,1,1,0,0,12900,2,3,,POINT (-93.852048540351 41.570017051506)
2014780423,20140001814,01/20/2014,01-January,2-Monday,18:10,1800 Hours,District 1 (Central),DES MOINES,POLK,,SE 9TH ST,Collision with:  Parked motor vehicle,On Roadway,Unknown,Unknown,None Indicated,,Unknown,Snow,Cloudy,None apparent,Non-intersection:  Non-junction/no special feature,Paved,,Property Damage Only,0,0,0,0,0,0,1500,2,777,,POINT (-93.600520345778 41.567660705434)
2014780606,14006657,01/20/2014,01-January,2-Monday,22:51,2200 Hours,District 2 (Northeast),CEDAR FALLS,BLACK HAWK,,VALLEY PARK DR,Collision with fixed object:  Curb/island/raised median,On Roadway,Non-collision (single vehicle),Ran off road - right,None Indicated,,Dark - roadway lighted,Snow,Snow,"Surface condition (e.g., wet, icy)",Non-intersection:  Non-junction/no special feature,Paved,,Property Damage Only,0,0,0,0,0,0,5000,1,1,,POINT (-92.436818989692 42.518266267414)
2014781815,,01/20/2014,01-January,2-Monday,14:13,1400 Hours,District 3 (Northwest),ARNOLDS PARK,DICKINSON,,,Collision with fixed object:  Traffic sign support,On Roadway,Non-collision (single vehicle),Driving too fast for conditions,None Indicated,,Daylight,Snow,Snow,"Surface condition (e.g., wet, icy)",Non-intersection:  Non-junction/no special feature,,,Property Damage Only,0,0,0,0,0,0,3000,1,1,,POINT (-96.643700149993 40.233091251414)
2014781574,14-000406,01/20/2014,01-January,2-Monday,18:20,1800 Hours,District 1 (Central),,HAMILTON,,Co Rd R33/WHITE FOX RD,Collision with fixed object:  Ditch,On Roadway,Non-collision (single vehicle),Driving too fast for conditions,None Indicated,,Dark - roadway not lighted,Ice/frost,Severe winds,"Surface condition (e.g., wet, icy)",Non-intersection:  Non-junction/no special feature,Paved,,Possible/Unknown,0,1,0,0,1,0,6500,1,1,,POINT (-93.813557279886 42.4981743558)
2014780304,W14-006616,01/20/2014,01-January,2-Monday,19:44,1900 Hours,District 2 (Northeast),WATERLOO,BLACK HAWK,IA 934,IA 934/UNIVERSITY AVE & FALLS AVE,Collision with fixed object:  Curb/island/raised median,On Roadway,Non-collision (single vehicle),Improper or erratic lane changing,None Indicated,,Dark - roadway lighted,Snow,Snow,"Surface condition (e.g., wet, icy)",Intersection:  Four-way intersection,Paved,,Property Damage Only,0,0,0,0,0,0,1600,2,3,,POINT (-92.385251145987 42.499530305331)
2014781474,,01/20/2014,01-January,2-Monday,17:10,1700 Hours,District 6 (East Central),BELLE PLAINE,BENTON,,13TH ST & 12TH ST & 12TH AVE,Collision with:  Vehicle in traffic,On Roadway,"Angle, oncoming left turn",FTYROW:  Making left turn,None Indicated,,Dark - roadway lighted,Snow,Snow,"Surface condition (e.g., wet, icy)",Intersection:  Four-way intersection,Paved,,Property Damage Only,0,0,0,0,0,0,5500,2,3,,POINT (-92.270112778226 41.897091050288)
2014782049,012014-108,01/20/2014,01-January,2-Monday,11:46,1100 Hours,District 3 (Northwest),STORM LAKE,BUENA VISTA,,LAKE AVE,Collision with:  Vehicle in traffic,On Roadway,Broadside (front to side),FTYROW:  From driveway,None Indicated,,Daylight,Dry,Clear,None apparent,Non-intersection:  Driveway access (within),Paved,,Property Damage Only,0,0,0,0,0,0,2600,2,2,,POINT (-95.200807827809 42.656824741837)
2014782240,32007-14,01/20/2014,01-January,2-Monday,15:39,1500 Hours,District 3 (Northwest),,EMMET,IA 9,IA 9/IOWA 9,Collision with fixed object:  Ditch,On Roadway,Non-collision (single vehicle),Driving too fast for conditions,None Indicated,,Daylight,Ice/frost,"Blowing sand, soil, dirt","Surface condition (e.g., wet, icy)",Non-intersection:  Non-junction/no special feature,Paved,,Property Damage Only,0,0,0,0,0,0,1500,1,1,,POINT (-94.44933580787 43.385235601377)
2014780431,14-0337,01/20/2014,01-January,2-Monday,18:59,1800 Hours,District 1 (Central),WEST DES MOINES,POLK,,WOODLAND AVE & 35TH ST,Collision with:  Vehicle in traffic,On Roadway,Broadside (front to side),FTYROW:  Making left turn,None Indicated,,Dark - roadway lighted,Snow,Snow,"Surface condition (e.g., wet, icy)",Intersection:  Four-way intersection,Paved,,Possible/Unknown,0,1,0,0,1,0,4000,3,5,,POINT (-93.751841887114 41.58903669589)
2014781323,11-2014,01/20/2014,01-January,2-Monday,07:45,0700 Hours,District 4 (Southwest),,HARRISON,IA 191,IA 191/IOWA 191,Collision with:  Animal,,,Animal,None Indicated,,,,,,,Paved,,Property Damage Only,0,0,0,0,0,0,3000,1,1,,POINT (-95.558593957993 41.598187442024)
2014780981,01-14-2918,01/20/2014,01-January,2-Monday,13:57,1300 Hours,District 6 (East Central),DUBUQUE,DUBUQUE,,WACKER DR,Collision with:  Vehicle in traffic,On Roadway,Broadside (front to side),Ran Traffic Signal,None Indicated,,Daylight,Dry,Cloudy,None apparent,Intersection:  Four-way intersection,Paved,,Possible/Unknown,0,1,0,0,1,0,6000,2,5,,POINT (-90.72047596352 42.491985299355)
2014792318,2014-000334,01/20/2014,01-January,2-Monday,16:33,1600 Hours,District 6 (East Central),,BENTON,IA 150,IA 150/55 ST,Collision with:  Vehicle in traffic,On Roadway,Head-on (front to front),Crossed centerline (undivided),None Indicated,,Dark - roadway not lighted,Snow,Snow,"Surface condition (e.g., wet, icy)",Non-intersection:  Non-junction/no special feature,Paved,,Property Damage Only,0,0,0,0,0,0,17000,2,2,,POINT (-91.998896068736 42.224808251731)
2014780449,2014-1108,01/20/2014,01-January,2-Monday,21:13,2100 Hours,District 6 (East Central),BETTENDORF,SCOTT,I-80,I-80,Collision with fixed object:  Guardrail - face,Median,Non-collision (single vehicle),Driving too fast for conditions,None Indicated,,Dark - roadway not lighted,Ice/frost,Snow,"Surface condition (e.g., wet, icy)",Non-intersection:  Non-junction/no special feature,Paved,,Property Damage Only,0,0,0,0,0,0,8000,1,1,,POINT (-90.481983747078 41.596643204957)
2014781533,CL14000180,01/20/2014,01-January,2-Monday,10:27,1000 Hours,District 6 (East Central),CLINTON,CLINTON,US 67,US 67/7TH AVE S/S 4TH ST,Collision with:  Vehicle in traffic,On Roadway,Broadside (front to side),Ran Traffic Signal,None Indicated,,Daylight,Dry,Cloudy,None apparent,Intersection:  Four-way intersection,Paved,,Possible/Unknown,0,1,0,0,1,0,9000,2,9,,POINT (-90.193212689302 41.838972491792)
2014780305,W14-006401,01/20/2014,01-January,2-Monday,09:10,0900 Hours,District 2 (Northeast),WATERLOO,BLACK HAWK,,MARTIN LUTHER KING JR DR,Non-collision events:  Overturn/rollover,On Roadway,Non-collision (single vehicle),Swerving/Evasive Action,None Indicated,,Daylight,Wet,Cloudy,"Surface condition (e.g., wet, icy)",Non-intersection:  Non-junction/no special feature,Paved,,Property Damage Only,0,0,0,0,0,0,6150,1,1,,POINT (-92.304143039755 42.505487681495)
2014780925,,01/20/2014,01-January,2-Monday,16:34,1600 Hours,District 2 (Northeast),FLOYD,FLOYD,US 18,US 18,Non-collision events:  Jackknife,Shoulder,Non-collision (single vehicle),Ran off road - right,None Indicated,,Dusk,Ice/frost,Snow,"Surface condition (e.g., wet, icy)",Non-intersection:  Non-junction/no special feature,Paved,,Property Damage Only,0,0,0,0,0,0,4000,1,1,,POINT (-92.746217713622 43.126186499741)
2014780775,14-0324,01/20/2014,01-January,2-Monday,17:25,1700 Hours,District 6 (East Central),HIAWATHA,LINN,,BOYSON RD,Collision with:  Vehicle in traffic,On Roadway,"Sideswipe, opposite direction",Crossed centerline (undivided),None Indicated,,Dark - roadway not lighted,Snow,Snow,None apparent,Non-intersection:  Non-junction/no special feature,Paved,,Property Damage Only,0,0,0,0,0,0,5000,2,2,,POINT (-91.675066631877 42.047623576523)
2014781798,201404285,01/20/2014,01-January,2-Monday,18:24,1800 Hours,District 4 (Southwest),WEST DES MOINES,DALLAS,I-80,I-80,Collision with fixed object:  Other fixed object (explain in narrative),Median,Non-collision (single vehicle),Swerving/Evasive Action,None Indicated,,Dark - roadway not lighted,Snow,Snow,"Surface condition (e.g., wet, icy)",Non-intersection:  Non-junction/no special feature,Paved,,Minor Injury,0,1,0,1,0,0,11000,3,3,,POINT (-93.824295018367 41.584243615558)
2014782367,2014004272,01/20/2014,01-January,2-Monday,17:40,1700 Hours,District 6 (East Central),CORALVILLE,JOHNSON,I-80,I-80 & I-380,Collision with:  Vehicle in traffic,On Roadway,"Sideswipe, same direction",Other (explain in narrative):  Other,None Indicated,,Dark - roadway lighted,Snow,Snow,None apparent,Interchange-related:  On-ramp merge area,Paved,,Property Damage Only,0,0,0,0,0,0,3000,2,2,,POINT (-91.640069985111 41.697641510589)
2014782090,14-00535,01/20/2014,01-January,2-Monday,03:43,0300 Hours,District 5 (Southeast),MOUNT PLEASANT,HENRY,US 34,US 34/NE RAMP CURV,Collision with fixed object:  Bridge overhead structure,On Roadway,Non-collision (single vehicle),Crossed centerline (undivided),None Indicated,,Dark - roadway not lighted,Dry,Clear,None apparent,Non-intersection:  Other non-intersection (explain in narrative),Paved,,Property Damage Only,0,0,0,0,0,0,3000,1,1,,POINT (-91.516105603881 40.962757659432)
2014784088,W-14-000091,01/20/2014,01-January,2-Monday,17:00,1700 Hours,District 2 (Northeast),WAUKON,ALLAMAKEE,IA 9,IA 9/ALLAMAKEE ST & E MAIN ST,Collision with:  Vehicle in traffic,On Roadway,Rear-end (front to rear),Swerving/Evasive Action,None Indicated,,Dark - roadway lighted,Snow,Snow,None apparent,Intersection:  Four-way intersection,Paved,,Property Damage Only,0,0,0,0,0,0,4500,2,5,,POINT (-91.475554604184 43.269254898895)
2014780729,20140250,01/20/2014,01-January,2-Monday,20:35,2000 Hours,District 1 (Central),,GRUNDY,IA 14,IA 14/N AVE,Non-collision events:  Other non-collision (explain in narrative),On Roadway,Non-collision (single vehicle),Lost Control,None Indicated,,Dark - roadway not lighted,Snow,Snow,"Surface condition (e.g., wet, icy)",Non-intersection:  Non-junction/no special feature,Paved,,Possible/Unknown,0,1,0,0,1,0,5000,1,1,,POINT (-92.768339236838 42.386704299562)
2014781776,2014004280,01/20/2014,01-January,2-Monday,17:54,1700 Hours,District 6 (East Central),,IOWA,I-80,I-80,Collision with fixed object:  Guardrail - face,Median,Non-collision (single vehicle),Driving too fast for conditions,None Indicated,,Dark - roadway not lighted,Snow,Snow,"Surface condition (e.g., wet, icy)",Non-intersection:  Non-junction/no special feature,Paved,,Property Damage Only,0,0,0,0,0,0,1500,1,1,,POINT (-92.251167282563 41.696052135045)
2014781240,,01/20/2014,01-January,2-Monday,08:44,0800 Hours,District 4 (Southwest),LENOX,TAYLOR,,BROOKS ST & NEBRASKA ST,Collision with:  Vehicle in traffic,On Roadway,Broadside (front to side),Ran Stop Sign,None Indicated,,Daylight,Dry,Clear,None apparent,Intersection:  Four-way intersection,Paved,,Property Damage Only,0,0,0,0,0,0,13000,2,2,,POINT (-94.565259881301 40.884835307029)
2014780374,201400987,01/20/2014,01-January,2-Monday,09:27,0900 Hours,District 6 (East Central),CEDAR RAPIDS,LINN,I-380,I-380 & IA 100/COLLINS RD NE,Collision with:  Vehicle in traffic,On Roadway,Broadside (front to side),Ran Traffic Signal,None Indicated,,Daylight,Dry,Cloudy,None apparent,Intersection:  Four-way intersection,Paved,,Possible/Unknown,0,3,0,0,3,0,11000,2,3,,POINT (-91.672872997943 42.028198542456)
2014781111,201400003302,01/20/2014,01-January,2-Monday,11:56,1100 Hours,District 5 (Southeast),OTTUMWA,WAPELLO,,HOBSON ST & N WELLER ST,Collision with:  Vehicle in traffic,On Roadway,Broadside (front to side),Other (explain in narrative):  No improper action,None Indicated,,Daylight,Dry,Cloudy,Traffic control obscured,Intersection:  Other intersection (explain in narrative),Paved,,Possible/Unknown,0,1,0,0,1,0,6500,2,3,,POINT (-92.417351616395 41.006400091227)
2014781052,A14-002,01/20/2014,01-January,2-Monday,06:22,0600 Hours,District 4 (Southwest),WINTERSET,MADISON,,W SUMMIT ST,Collision with fixed object:  Curb/island/raised median,Roadside,Non-collision (single vehicle),Lost Control,None Indicated,,Dark - roadway lighted,Ice/frost,Cloudy,None apparent,Intersection:  T-intersection,Paved,,Property Damage Only,0,0,0,0,0,0,10500,1,1,,POINT (-94.018021396168 41.330224563757)
2014782199,,01/20/2014,01-January,2-Monday,17:26,1700 Hours,District 6 (East Central),CEDAR RAPIDS,LINN,,35TH ST NE & OAKLAND RD NE,Collision with:  Vehicle in traffic,On Roadway,Rear-end (front to rear),FTYROW:  Other (explain in narrative),None Indicated,,Dark - roadway lighted,Ice/frost,Snow,,Intersection:  T-intersection,Paved,,Minor Injury,0,1,0,1,0,0,500,2,3,,POINT (-91.656536796196 42.014066601627)
2014780738,2014000661,01/20/2014,01-January,2-Monday,18:22,1800 Hours,District 6 (East Central),IOWA CITY,JOHNSON,US 6,US 6 & SYCAMORE ST,Collision with:  Vehicle in traffic,On Roadway,Broadside (front to side),Other (explain in narrative):  Other,None Indicated,,Dark - roadway lighted,Snow,Snow,None apparent,Non-intersection:  Non-junction/no special feature,Paved,,Property Damage Only,0,0,0,0,0,0,1700,2,3,,POINT (-91.511630523247 41.641143928478)
2014780368,2014000636,01/20/2014,01-January,2-Monday,08:01,0800 Hours,District 6 (East Central),IOWA CITY,JOHNSON,,ROHRET RD & WILD PRAIRIE DR,Collision with:  Vehicle in traffic,On Roadway,Broadside (front to side),FTYROW:  From stop sign,None Indicated,,Daylight,Dry,Clear,None apparent,Intersection:  T-intersection,Paved,,Property Damage Only,0,0,0,0,0,0,8000,2,3,,POINT (-91.598647546105 41.64382312809)
2014782244,032-010-14,01/20/2014,01-January,2-Monday,13:45,1300 Hours,District 3 (Northwest),ESTHERVILLE,EMMET,IA 9,IA 9/W CENTRAL AVE & ORCHARD LN,Collision with:  Vehicle in traffic,On Roadway,Broadside (front to side),Crossed centerline (undivided),None Indicated,,Daylight,Snow,Snow,"Surface condition (e.g., wet, icy)",Non-intersection:  Non-junction/no special feature,Paved,,Property Damage Only,0,0,0,0,0,0,6000,2,2,,POINT (-94.852859998489 43.403125424213)
2014780800,14-000270,01/20/2014,01-January,2-Monday,10:57,1000 Hours,District 1 (Central),ANKENY,POLK,,NW 36TH ST & NW ASH DR,Collision with:  Vehicle in traffic,On Roadway,Broadside (front to side),Ran Stop Sign,None Indicated,,Daylight,Dry,Cloudy,None apparent,Intersection:  Four-way intersection,Paved,,Property Damage Only,0,0,0,0,0,0,3000,2,3,,POINT (-93.609872291494 41.760796530172)
2014780327,2014-0235,01/20/2014,01-January,2-Monday,17:06,1700 Hours,District 4 (Southwest),WAUKEE,DALLAS,,Co Rd R22/UTE AVE & 312TH PL,Collision with:  Vehicle in traffic,On Roadway,Rear-end (front to rear),Driver Distraction:  Passenger,None Indicated,,Daylight,Wet,Cloudy,None apparent,Non-intersection:  Non-junction/no special feature,Paved,,Property Damage Only,0,0,0,0,0,0,10000,2,3,,POINT (-93.883664793376 41.586711945436)