Iowa DOT Case Number,Law Enforcement Case Number,Date of Crash,Month of Crash,Day of Week,Time of Crash,Hour,DOT District,City Name,County Name,Route with System,Location Description,First Harmful Event,Location of First Harmful Event,Manner of Crash/Collision,Major Cause,Drug or Alcohol ,Environmental Conditions,Light Conditions,Surface Conditions,Weather Conditions,Roadway Contribution,Roadway Type,Roadway Surface,Work Zone,Crash Severity,Number of Fatalities,Number of Injuries,Number of Major Injuries,Number of Minor Injuries,Number of Possible Injuries,Number of Unknown Injuries,Amount of Property Damage,Number of Vehicles Involved,Total Number of Occupants,Travel Direction,Location
2014780631,14000886,01/20/2014,01-January,2-Monday,22:10,2200 Hours,District 6 (East Central),,CEDAR,I-80,I-80,Collision with:  Vehicle in traffic,On Roadway,"Sideswipe, same direction",Lost Control,None Indicated,,Dark - unknown roadway lighting,Ice/frost,Snow,None apparent,Non-intersection:  Non-junction/no special feature,Paved,,Property Damage Only,0,0,0,0,0,0,7700,2,5,,POINT (-91.203084773933 41.658142561964)
2014782048,012014-105,01/20/2014,01-January,2-Monday,10:30,1000 Hours,District 3 (Northwest),STORM LAKE,BUENA VISTA,,LAKE AVE,Collision with:  Vehicle in traffic,On Roadway,"Sideswipe, same direction",Made improper turn,None Indicated,,Daylight,Dry,Clear,None apparent,Intersection:  Four-way intersection,Paved,,Property Damage Only,0,0,0,0,0,0,4000,2,2,,POINT (-95.20080386808 42.647720677701)
2014781077,20140001815,01/20/2014,01-January,2-Monday,19:06,1900 Hours,District 5 (Southeast),DES MOINES,WARREN,IA 5,IA 5/IOWA 5,Non-collision events:  Other non-collision (explain in narrative),On Roadway,Non-collision (single vehicle),Driving too fast for conditions,None Indicated,,Dark - roadway not lighted,Snow,Snow,None apparent,Non-intersection:  Non-junction/no special feature,Paved,,Possible/Unknown,0,2,0,0,2,0,2000,1,3,,POINT (-93.641902056292 41.506142269142)
2014780308,14-1129,01/20/2014,01-January,2-Monday,16:23,1600 Hours,District 2 (Northeast),,BREMER,US 218,US 218 & ISLAND VIEW DR,Collision with:  Vehicle in traffic,On Roadway,"Sideswipe, opposite direction",Crossed centerline (undivided),None Indicated,,Daylight,Ice/frost,Snow,"Surface condition (e.g., wet, icy)",Non-intersection:  Non-junction/no special feature,Paved,,Possible/Unknown,0,1,0,0,1,0,10000,3,5,,POINT (-92.472422781708 42.666264292182)
2014781749,2014004306,01/20/2014,01-January,2-Monday,19:08,1900 Hours,District 4 (Southwest),WEST DES MOINES,DALLAS,I-80,I-80,Collision with fixed object:  Guardrail - face,Median,Non-collision (single vehicle),Followed too close,None Indicated,,Dark - roadway not lighted,Snow,Snow,None apparent,Non-intersection:  Non-junction/no special feature,Paved,,Property Damage Only,0,0,0,0,0,0,5500,1,1,,POINT (-93.855741878886 41.56813413399)
2014782354,2014004171,01/20/2014,01-January,2-Monday,08:45,0800 Hours,District 6 (East Central),,BENTON,US 30,US 30/73 ST,Collision with fixed object:  Ditch,Roadside,Non-collision (single vehicle),Crossed centerline (undivided),None Indicated,,Daylight,Dry,Clear,None apparent,Non-intersection:  Non-junction/no special feature,Paved,,Property Damage Only,0,0,0,0,0,0,2800,1,1,,POINT (-91.903723167189 41.963150179144)
2014781927,2014-4495,01/20/2014,01-January,2-Monday,12:19,1200 Hours,District 6 (East Central),DAVENPORT,SCOTT,,E LOCUST ST & IOWA ST,Collision with:  Vehicle in traffic,On Roadway,"Angle, oncoming left turn",FTYROW:  Making left turn,None Indicated,,Daylight,Wet,Cloudy,None apparent,Intersection:  Four-way intersection,Paved,,Property Damage Only,0,0,0,0,0,0,10500,2,2,,POINT (-90.569658678399 41.538269563264)
2014781213,2014004379,01/20/2014,01-January,2-Monday,22:50,2200 Hours,District 4 (Southwest),,PAGE,,Co Rd J32/190 ST & Co Rd M63/O AVE,Collision with:  Vehicle in traffic,On Roadway,Unknown,"Operating vehicle in an reckless, erratic, careless, negligent manner",Refused,,Dark - roadway not lighted,"Mud, dirt",Severe winds,None apparent,Intersection:  T-intersection,Paved,,Property Damage Only,0,0,0,0,0,0,12500,2,4,,POINT (-95.099312377242 40.771734001257)
2014781471,,01/20/2014,01-January,2-Monday,18:02,1800 Hours,District 6 (East Central),CEDAR RAPIDS,LINN,,EDGEWOOD RD NW,Collision with:  Vehicle in traffic,On Roadway,Rear-end (front to rear),Unknown,None Indicated,,Dark - unknown roadway lighting,Snow,Snow,,Non-intersection:  Crossover-related,Paved,,Major Injury,0,2,2,0,0,0,2037,2,3,,POINT (-91.715843014208 41.990257039197)
2014781706,S79140020,01/20/2014,01-January,2-Monday,19:40,1900 Hours,District 1 (Central),,POWESHIEK,I-80,I-80,Collision with fixed object:  Guardrail - face,On Roadway,Non-collision (single vehicle),Driving too fast for conditions,None Indicated,,Dark - roadway not lighted,Ice/frost,Snow,"Surface condition (e.g., wet, icy)","Interchange-related:  Off-ramp, diverge area",Paved,,Possible/Unknown,0,1,0,0,0,1,2000,1,1,,POINT (-92.439987356031 41.696127595238)
2014781217,2014004665,01/20/2014,01-January,2-Monday,22:28,2200 Hours,District 4 (Southwest),,PAGE,,Co Rd J20/140 ST & LUMBER AVE,Non-collision events:  Other non-collision (explain in narrative),Shoulder,Non-collision (single vehicle),Ran off road - right,None Indicated,,Dark - roadway not lighted,"Mud, dirt",Severe winds,None apparent,Intersection:  Four-way intersection,Paved,,Property Damage Only,0,0,0,0,0,0,3000,1,1,,POINT (-95.147271974002 40.842966109441)
2014781007,14005496,01/20/2014,01-January,2-Monday,17:32,1700 Hours,District 6 (East Central),SOLON,JOHNSON,IA 1,IA 1/S MARKET ST,Collision with:  Vehicle in traffic,On Roadway,"Angle, oncoming left turn",FTYROW:  Making left turn,None Indicated,,Dusk,Snow,Snow,None apparent,Non-intersection:  Driveway access (within),Paved,,Property Damage Only,0,0,0,0,0,0,13000,2,2,,POINT (-91.490877645102 41.798545380337)
2014783245,14-1659,01/20/2014,01-January,2-Monday,20:24,2000 Hours,District 1 (Central),NEWTON,JASPER,,E 13TH ST N,Collision with fixed object:  Utility pole/light support,On Roadway,Non-collision (single vehicle),Ran off road - right,None Indicated,,Dark - roadway lighted,Ice/frost,Snow,"Surface condition (e.g., wet, icy)",Non-intersection:  Non-junction/no special feature,Paved,,Property Damage Only,0,0,0,0,0,0,3500,1,1,,POINT (-93.036860837072 41.7004945115)
2014783717,SA1400455,01/20/2014,01-January,2-Monday,22:52,2200 Hours,District 5 (Southeast),,WASHINGTON,IA 22,IA 22 & HICKORY AVE,Collision with:  Vehicle in traffic,On Roadway,"Angle, oncoming left turn",Crossed centerline (undivided),None Indicated,,Dark - roadway not lighted,Snow,"Blowing sand, soil, dirt","Surface condition (e.g., wet, icy)",Non-intersection:  Non-junction/no special feature,Paved,,Property Damage Only,0,0,0,0,0,0,2750,2,2,,POINT (-91.797036503714 41.473827768468)
2014780827,20140001789,01/20/2014,01-January,2-Monday,15:20,1500 Hours,District 1 (Central),DES MOINES,POLK,I-235,I-235,Collision with:  Vehicle in traffic,On Roadway,"Sideswipe, same direction",Other (explain in narrative):  Other,None Indicated,,Daylight,Dry,Cloudy,None apparent,Non-intersection:  Non-junction/no special feature,Paved,,Property Damage Only,0,0,0,0,0,0,3500,2,2,,POINT (-93.632280527192 41.596007424651)
2014780179,14000698,01/20/2014,01-January,2-Monday,07:32,0700 Hours,District 1 (Central),,TAMA,,BUSINESS US30 & II AVE,Collision with fixed object:  Ditch,Roadside,Non-collision (single vehicle),Ran off road - left,None Indicated,,Daylight,Ice/frost,Clear,"Surface condition (e.g., wet, icy)",Non-intersection:  Non-junction/no special feature,Paved,,Property Damage Only,0,0,0,0,0,0,1500,1,1,,POINT (-92.601929649259 41.99276895883)
2014782335,20140004286,01/20/2014,01-January,2-Monday,18:05,1800 Hours,District 2 (Northeast),,BLACK HAWK,I-380,I-380,Collision with:  Vehicle in traffic,On Roadway,Head-on (front to front),Crossed centerline (undivided),None Indicated,,Dark - roadway not lighted,Ice/frost,Snow,"Surface condition (e.g., wet, icy)",Non-intersection:  Non-junction/no special feature,Paved,,Major Injury,0,2,1,1,0,0,28000,2,2,,POINT (-92.108607258465 42.375241475702)
2014780406,20140001819,01/20/2014,01-January,2-Monday,20:36,2000 Hours,District 1 (Central),DES MOINES,POLK,,E PHILIP ST & S UNION ST,Collision with:  Vehicle in traffic,On Roadway,"Sideswipe, opposite direction",Swerving/Evasive Action,None Indicated,,Dark - roadway lighted,Snow,Snow,None apparent,Intersection:  T-intersection,Paved,,Possible/Unknown,0,2,0,0,2,0,1600,2,3,,POINT (-93.616104688782 41.544132246155)
2014781235,,01/20/2014,01-January,2-Monday,07:39,0700 Hours,District 2 (Northeast),CHARLES CITY,FLOYD,US 18,US 18/BRANTINGHAM ST,Collision with fixed object:  Utility pole/light support,Roadside,Non-collision (single vehicle),Ran off road - right,None Indicated,,Daylight,Ice/frost,Clear,None apparent,Non-intersection:  Non-junction/no special feature,Paved,,Property Damage Only,0,0,0,0,0,0,7000,1,1,,POINT (-92.674089083404 43.066048975193)
2014781437,14-759,01/20/2014,01-January,2-Monday,16:30,1600 Hours,District 3 (Northwest),HULL,SIOUX,,RAILROAD ST & CHESTNUT ST,Collision with fixed object:  Mailbox,Outside trafficway,Non-collision (single vehicle),Driving too fast for conditions,Refused,,Daylight,Snow,Snow,"Surface condition (e.g., wet, icy)",Intersection:  T-intersection,Paved,,Minor Injury,0,1,0,1,0,0,3050,1,1,,POINT (-96.127694379905 43.187941977696)
2014780299,W14-006533,01/20/2014,01-January,2-Monday,16:57,1600 Hours,District 2 (Northeast),WATERLOO,BLACK HAWK,,MARTIN RD & ANSBOROUGH AVE,Collision with:  Vehicle in traffic,On Roadway,"Sideswipe, same direction",Unknown,None Indicated,,Daylight,Snow,Snow,"Surface condition (e.g., wet, icy)",Intersection:  Four-way intersection,Paved,,Property Damage Only,0,0,0,0,0,0,4000,2,2,,POINT (-92.376776324792 42.476672712931)
2014780557,2014004138,01/20/2014,01-January,2-Monday,05:45,0500 Hours,District 5 (Southeast),,LUCAS,US 65,US 65,Collision with:  Animal,On Roadway,Non-collision (single vehicle),Animal,None Indicated,,Dark - roadway not lighted,Dry,Clear,None apparent,Non-intersection:  Non-junction/no special feature,Paved,,Property Damage Only,0,0,0,0,0,0,8000,1,1,,POINT (-93.470939705522 40.981309297744)
2014780151,14-0324,01/20/2014,01-January,2-Monday,10:08,1000 Hours,District 1 (Central),WEST DES MOINES,POLK,,BUFFALO RD & 18TH ST,Collision with fixed object:  Tree,Outside trafficway,Non-collision (single vehicle),Ran off road - left,None Indicated,,Daylight,Dry,Clear,None apparent,Non-intersection:  Non-junction/no special feature,Paved,,Minor Injury,0,1,0,1,0,0,4000,1,1,,POINT (-93.728446484373 41.598653897101)
2014784921,2014-000326,01/20/2014,01-January,2-Monday,09:27,0900 Hours,District 6 (East Central),,BENTON,,Co Rd W26/32 AVE,Collision with fixed object:  Tree,On Roadway,Non-collision (single vehicle),Crossed centerline (undivided),None Indicated,,Daylight,Ice/frost,Cloudy,"Surface condition (e.g., wet, icy)",Non-intersection:  Non-junction/no special feature,Paved,,Property Damage Only,0,0,0,0,0,0,2000,1,1,,POINT (-91.873390379387 42.134500635661)
2014781468,,01/20/2014,01-January,2-Monday,17:20,1700 Hours,District 6 (East Central),CEDAR RAPIDS,LINN,,BOYSON RD NE & COUNCIL ST NE,Collision with:  Vehicle in traffic,On Roadway,"Angle, oncoming left turn",Unknown,None Indicated,,Dark - roadway lighted,Ice/frost,Snow,None apparent,Intersection:  Four-way intersection,Paved,,Minor Injury,0,1,0,1,0,0,12000,2,3,,POINT (-91.658214653314 42.046842360251)
2014781489,14-006514,01/20/2014,01-January,2-Monday,16:33,1600 Hours,District 2 (Northeast),,BLACK HAWK,I-380,I-380,Non-collision events:  Overturn/rollover,,,Unknown,None Indicated,,,,,,,Paved,,Property Damage Only,0,0,0,0,0,0,10000,1,1,,POINT (-92.181157770083 42.420010871486)
2014782487,14-000075,01/20/2014,01-January,2-Monday,20:42,2000 Hours,District 1 (Central),,STORY,I-35,I-35,Collision with:  Vehicle in traffic,On Roadway,"Sideswipe, same direction",Crossed centerline (undivided),None Indicated,,Dark - roadway not lighted,Snow,Snow,None apparent,Non-intersection:  Non-junction/no special feature,Paved,,Possible/Unknown,0,1,0,0,0,1,9000,2,2,,POINT (-93.570224848144 41.968544551008)
2014780107,20140001774,01/20/2014,01-January,2-Monday,10:25,1000 Hours,District 1 (Central),DES MOINES,POLK,,DAY ST & 5TH AVE,Collision with:  Vehicle in traffic,On Roadway,Broadside (front to side),Ran Traffic Signal,None Indicated,,Daylight,Dry,Clear,None apparent,Intersection:  Four-way intersection,Paved,,Minor Injury,0,1,0,1,0,0,21000,2,2,,POINT (-93.624650928894 41.596193246955)
2014780432,14-0340,01/20/2014,01-January,2-Monday,21:29,2100 Hours,District 1 (Central),WEST DES MOINES,POLK,I-35,I-35 & WESTOWN PKWY,Non-collision events:  Overturn/rollover,Shoulder,Non-collision (single vehicle),Driving too fast for conditions,None Indicated,,Dark - roadway lighted,Snow,Snow,"Surface condition (e.g., wet, icy)",Interchange-related:  On-ramp merge area,Paved,,Minor Injury,0,1,0,1,0,0,5936,1,1,,POINT (-93.774569068598 41.595353001039)
2014781209,2014004139,01/20/2014,01-January,2-Monday,06:50,0600 Hours,District 4 (Southwest),,MILLS,,Co Rd H10/BUNGE AVE & Co Rd L31/196TH ST,Collision with:  Vehicle in traffic,On Roadway,Rear-end (front to rear),Followed too close,None Indicated,,Dark - roadway not lighted,Dry,Clear,None apparent,Non-intersection:  Driveway access (within),Paved,,Property Damage Only,0,0,0,0,0,0,5000,2,5,,POINT (-95.813203929397 41.149288742933)
2014780612,W14-006602,01/20/2014,01-January,2-Monday,19:05,1900 Hours,District 2 (Northeast),WATERLOO,BLACK HAWK,US 218,US 218/WASHINGTON ST,Collision with fixed object:  Curb/island/raised median,On Roadway,Non-collision (single vehicle),Ran off road - left,None Indicated,,Dark - roadway lighted,Snow,Snow,"Surface condition (e.g., wet, icy)",Non-intersection:  Non-junction/no special feature,Paved,,Property Damage Only,0,0,0,0,0,0,2500,1,1,,POINT (-92.367468958197 42.503288035521)
2014786592,140282,01/20/2014,01-January,2-Monday,16:24,1600 Hours,District 1 (Central),,HARDIN,US 65,US 65,Collision with:  Vehicle in traffic,On Roadway,Rear-end (front to rear),Driving too fast for conditions,None Indicated,,Dusk,Ice/frost,Snow,"Surface condition (e.g., wet, icy)",Non-intersection:  Driveway access (within),Paved,,Property Damage Only,0,0,0,0,0,0,2000,2,2,,POINT (-93.262456124551 42.482569575628)
2014780807,20140001813,01/20/2014,01-January,2-Monday,18:51,1800 Hours,District 1 (Central),DES MOINES,POLK,IA 28,IA 28/63RD ST & GRAND AVE,Collision with:  Vehicle in traffic,On Roadway,Rear-end (front to rear),Driving too fast for conditions,None Indicated,,Dark - roadway lighted,Snow,Snow,"Surface condition (e.g., wet, icy)",Non-intersection:  Non-junction/no special feature,Paved,,Possible/Unknown,0,1,0,0,1,0,550,2,4,,POINT (-93.703422244254 41.582695800847)
2014783813,14-000429,01/20/2014,01-January,2-Monday,06:45,0600 Hours,District 2 (Northeast),,CLAYTON,,Co Rd C7X/HILTON RD,Collision with:  Animal,On Roadway,Non-collision (single vehicle),Animal,None Indicated,,Dark - roadway not lighted,Ice/frost,Cloudy,None apparent,Non-intersection:  Non-junction/no special feature,Paved,,Property Damage Only,0,0,0,0,0,0,4000,1,1,,POINT (-91.283048526072 42.740088328721)
2014781208,2014004135,01/20/2014,01-January,2-Monday,01:49,0100 Hours,District 3 (Northwest),SIOUX CITY,WOODBURY,,5TH ST & FLOYD BLVD,Collision with:  Vehicle in traffic,On Roadway,Broadside (front to side),FTYROW:  From stop sign,Alcohol (Statutory),,Dark - roadway lighted,Dry,Cloudy,None apparent,Intersection:  T-intersection,Paved,,Property Damage Only,0,0,0,0,0,0,15000,2,2,,POINT (-96.393451587014 42.495334219353)
2014793203,S201400123,01/20/2014,01-January,2-Monday,13:35,1300 Hours,District 3 (Northwest),,PALO ALTO,,Co Rd B53/420 ST & Co Rd N38/430 AVE,Collision with:  Vehicle in traffic,On Roadway,Broadside (front to side),FTYROW:  From stop sign,None Indicated,,Daylight,Snow,"Blowing sand, soil, dirt","Surface condition (e.g., wet, icy)",Intersection:  Four-way intersection,Paved,,Property Damage Only,0,0,0,0,0,0,3500,2,2,,POINT (-94.737699681112 43.03854167122)
2014781469,,01/20/2014,01-January,2-Monday,13:20,1300 Hours,District 6 (East Central),CEDAR RAPIDS,LINN,IA 922,IA 922/1ST AVE E,Collision with:  Vehicle in traffic,On Roadway,Rear-end (front to rear),Unknown,None Indicated,,Daylight,,Cloudy,,Non-intersection:  Non-junction/no special feature,Paved,,Property Damage Only,0,0,0,0,0,0,2800,2,3,,POINT (-91.660586580127 41.983366061468)
2014781110,201400003286,01/20/2014,01-January,2-Monday,10:00,1000 Hours,District 5 (Southeast),OTTUMWA,WAPELLO,IA 149,IA 149/WAPELLO ST,Collision with:  Vehicle in traffic,On Roadway,Broadside (front to side),Ran Traffic Signal,None Indicated,,Daylight,Dry,Cloudy,None apparent,Intersection:  Four-way intersection,Paved,,Property Damage Only,0,0,0,0,0,0,7000,2,2,,POINT (-92.414214287006 41.022283574844)
2014780337,14-002168,01/20/2014,01-January,2-Monday,17:18,1700 Hours,District 5 (Southeast),WEST BURLINGTON,DES MOINES,,S GEAR AVE,Collision with:  Vehicle in traffic,On Roadway,"Sideswipe, same direction",Followed too close,None Indicated,,Dark - roadway lighted,Wet,Cloudy,None apparent,Non-intersection:  Non-junction/no special feature,Paved,,Property Damage Only,0,0,0,0,0,0,3000,2,3,,POINT (-91.170064582534 40.818775790292)
2014780959,14000354,01/20/2014,01-January,2-Monday,16:13,1600 Hours,District 2 (Northeast),,CERRO GORDO,US 65,US 65 & Co Rd B65/120TH ST,Collision with:  Vehicle in traffic,On Roadway,Rear-end (front to rear),Driving too fast for conditions,None Indicated,,Daylight,Ice/frost,Snow,"Surface condition (e.g., wet, icy)",Intersection:  T-intersection,Paved,,Property Damage Only,0,0,0,0,0,0,6000,2,3,,POINT (-93.2026069423 42.93708373227)
2014780375,201400990,01/20/2014,01-January,2-Monday,11:15,1100 Hours,District 6 (East Central),CEDAR RAPIDS,LINN,,PARK PL NE & COUNCIL ST NE,Collision with:  Vehicle in traffic,On Roadway,Broadside (front to side),FTYROW:  From stop sign,None Indicated,,Daylight,Dry,Clear,None apparent,Intersection:  T-intersection,Paved,,Property Damage Only,0,0,0,0,0,0,8000,2,4,,POINT (-91.658308630433 42.030316811243)
2014780879,2014-4589,01/20/2014,01-January,2-Monday,21:04,2100 Hours,District 6 (East Central),DAVENPORT,SCOTT,I-80,I-80,Collision with fixed object:  Guardrail - face,Shoulder,Non-collision (single vehicle),Swerving/Evasive Action,None Indicated,,Dark - roadway not lighted,Snow,Snow,"Surface condition (e.g., wet, icy)",Non-intersection:  Non-junction/no special feature,Paved,,Property Damage Only,0,0,0,0,0,0,5000,1,1,,POINT (-90.537205914766 41.596119932195)
2014781084,20140001828,01/20/2014,01-January,2-Monday,22:18,2200 Hours,District 1 (Central),DES MOINES,POLK,,MLK JR PKWY & FLEUR DR,Collision with:  Vehicle in traffic,On Roadway,"Sideswipe, same direction",Lost Control,None Indicated,,Dark - roadway lighted,Slush,Snow,None apparent,Intersection:  T-intersection,Paved,,Property Damage Only,0,0,0,0,0,0,2000,2,2,,POINT (-93.644840774886 41.580057885767)
2014782581,14000574,01/20/2014,01-January,2-Monday,17:02,1700 Hours,District 6 (East Central),,DELAWARE,IA 3,IA 3/IOWA 3,Collision with fixed object:  Guardrail - face,On Roadway,Non-collision (single vehicle),Ran off road - right,None Indicated,,Dark - roadway not lighted,Snow,Snow,"Surface condition (e.g., wet, icy)",Non-intersection:  Non-junction/no special feature,Paved,,Property Damage Only,0,0,0,0,0,0,4400,1,1,,POINT (-91.303283650253 42.626491388483)
2014780878,2014-4573,01/20/2014,01-January,2-Monday,18:54,1800 Hours,District 6 (East Central),DAVENPORT,SCOTT,,W 53RD ST & BROWN ST & APPOMATTOX RD,Collision with:  Vehicle in traffic,On Roadway,"Sideswipe, opposite direction",Crossed centerline (undivided),None Indicated,,Dark - roadway lighted,Snow,Snow,"Surface condition (e.g., wet, icy)",Intersection:  Four-way intersection,Paved,,Possible/Unknown,0,2,0,0,2,0,11000,2,4,,POINT (-90.583746572544 41.574547139849)
2014781777,2014004289,01/20/2014,01-January,2-Monday,18:08,1800 Hours,District 1 (Central),,POWESHIEK,I-80,I-80,Collision with fixed object:  Guardrail - face,On Roadway,Non-collision (single vehicle),Swerving/Evasive Action,None Indicated,,Dark - roadway not lighted,Slush,Snow,"Surface condition (e.g., wet, icy)",Non-intersection:  Non-junction/no special feature,Paved,,Major Injury,0,1,1,0,0,0,9500,1,5,,POINT (-92.639434430791 41.69580953353)
2014789392,A14201517,01/20/2014,01-January,2-Monday,15:00,1500 Hours,District 2 (Northeast),,FRANKLIN,,Co Rd S25/GROUSE AVE,Non-collision events:  Overturn/rollover,Outside trafficway,Non-collision (single vehicle),Ran off road - right,None Indicated,,Daylight,Snow,Snow,"Surface condition (e.g., wet, icy)",Non-intersection:  Non-junction/no special feature,Paved,,Possible/Unknown,0,1,0,0,1,0,10000,1,2,,POINT (-93.379847162651 42.79392602472)
2014780613,W14-006642,01/20/2014,01-January,2-Monday,21:36,2100 Hours,District 2 (Northeast),WATERLOO,BLACK HAWK,IA 934,IA 934/UNIVERSITY AVE & FALLS AVE,Collision with:  Vehicle in traffic,On Roadway,Rear-end (front to rear),Lost Control,None Indicated,,Dark - roadway lighted,Snow,Snow,"Surface condition (e.g., wet, icy)",Intersection:  Four-way intersection,Paved,,Property Damage Only,0,0,0,0,0,0,2500,2,3,,POINT (-92.385251145987 42.499530305331)
2014780399,01-14-231,01/20/2014,01-January,2-Monday,17:30,1700 Hours,District 3 (Northwest),LE MARS,PLYMOUTH,,12TH ST SW,Collision with:  Vehicle in traffic,On Roadway,Rear-end (front to rear),Unknown,None Indicated,,Dark - roadway lighted,Ice/frost,"Blowing sand, soil, dirt","Surface condition (e.g., wet, icy)",Non-intersection:  Non-junction/no special feature,Paved,,Property Damage Only,0,0,0,0,0,0,1500,2,3,,POINT (-96.179350058835 42.778746884161)
2014780369,2014000643,01/20/2014,01-January,2-Monday,11:15,1100 Hours,District 6 (East Central),IOWA CITY,JOHNSON,,,Collision with:  Vehicle in traffic,On Roadway,Broadside (front to side),Other (explain in narrative):  No improper action,None Indicated,,Daylight,Ice/frost,Cloudy,None apparent,Non-intersection:  Non-junction/no special feature,,,Property Damage Only,0,0,0,0,0,0,3000,2,2,,POINT (-96.643700149993 40.233091251414)
2014787940,01-14-2938,01/20/2014,01-January,2-Monday,16:54,1600 Hours,District 6 (East Central),DUBUQUE,DUBUQUE,,LORAS BLVD & BLUFF ST,Collision with:  Vehicle in traffic,On Roadway,Rear-end (front to rear),Driving too fast for conditions,None Indicated,,Daylight,Snow,Snow,None apparent,Intersection:  Four-way intersection,Paved,,Property Damage Only,0,0,0,0,0,0,3000,2,1,,POINT (-90.671714354445 42.505214815483)
2014781490,14006560,01/20/2014,01-January,2-Monday,17:44,1700 Hours,District 2 (Northeast),RAYMOND,BLACK HAWK,,Co Rd V51/S CANFIELD RD,Collision with:  Other non-fixed object (explain in narrative),On Roadway,Rear-end (front to rear),Followed too close,None Indicated,,Dusk,Ice/frost,Snow,None apparent,Intersection:  Four-way intersection,Paved,,Property Damage Only,0,0,0,0,0,0,6900,2,2,,POINT (-92.159576497092 42.468702566083)
2014780111,20140001764,01/20/2014,01-January,2-Monday,08:08,0800 Hours,District 1 (Central),DES MOINES,POLK,,SW 9TH ST,Collision with:  Vehicle in traffic,On Roadway,"Sideswipe, same direction",Unknown,None Indicated,,Daylight,Dry,Cloudy,None apparent,Non-intersection:  Non-junction/no special feature,Paved,,Property Damage Only,0,0,0,0,0,0,1500,2,2,,POINT (-93.625790254084 41.548907865492)
2014780429,14-0334,01/20/2014,01-January,2-Monday,18:20,1800 Hours,District 4 (Southwest),WEST DES MOINES,DALLAS,,JORDAN CREEK PKWY & MILLS CIVIC PKWY & S JORDAN CREEK PKWY,Collision with:  Vehicle in traffic,On Roadway,Rear-end (front to rear),Driving too fast for conditions,None Indicated,,Dark - roadway lighted,Snow,Snow,"Surface condition (e.g., wet, icy)",Non-intersection:  Non-junction/no special feature,Paved,,Property Damage Only,0,0,0,0,0,0,3050,2,2,,POINT (-93.809357087366 41.561030024355)
2014782170,,01/20/2014,01-January,2-Monday,16:00,1600 Hours,District 6 (East Central),CEDAR RAPIDS,LINN,,3RD AVE SW & 6TH ST SW,Collision with:  Vehicle in traffic,On Roadway,Broadside (front to side),Unknown,None Indicated,,Daylight,Dry,Cloudy,,Intersection:  Four-way intersection,Paved,,Property Damage Only,0,0,0,0,0,0,13800,2,3,,POINT (-91.678244202894 41.972402760846)
2014780639,14000895,01/20/2014,01-January,2-Monday,21:15,2100 Hours,District 6 (East Central),,CEDAR,I-80,I-80,Collision with:  Vehicle in traffic,On Roadway,"Sideswipe, same direction",Swerving/Evasive Action,None Indicated,,Dark - roadway not lighted,Ice/frost,Snow,"Surface condition (e.g., wet, icy)",Non-intersection:  Non-junction/no special feature,Paved,,Property Damage Only,0,0,0,0,0,0,8000,2,3,,POINT (-91.236174072683 41.662915421676)
2014782355,2014004257,01/20/2014,01-January,2-Monday,16:43,1600 Hours,District 1 (Central),,POWESHIEK,I-80,I-80,Collision with fixed object:  Guardrail - face,On Roadway,Non-collision (single vehicle),Swerving/Evasive Action,None Indicated,,Daylight,Slush,Snow,"Surface condition (e.g., wet, icy)",Non-intersection:  Other non-intersection (explain in narrative),Paved,,Property Damage Only,0,0,0,0,0,0,4500,1,2,,POINT (-92.551544370948 41.696554011629)
2014781211,2014004348,01/20/2014,01-January,2-Monday,22:15,2200 Hours,District 6 (East Central),,SCOTT,I-80,I-80,Collision with fixed object:  Guardrail - face,On Roadway,Non-collision (single vehicle),Ran off road - left,None Indicated,,Dark - roadway not lighted,Snow,Snow,"Surface condition (e.g., wet, icy)",Non-intersection:  Non-junction/no special feature,Paved,,Property Damage Only,0,0,0,0,0,0,7500,1,1,,POINT (-90.714842489314 41.603725784091)
2014782063,14-02135,01/20/2014,01-January,2-Monday,09:05,0900 Hours,District 5 (Southeast),,DES MOINES,,Co Rd X99/DMC 99,Non-collision events:  Overturn/rollover,Roadside,Non-collision (single vehicle),Driving too fast for conditions,None Indicated,,Daylight,Ice/frost,Clear,"Surface condition (e.g., wet, icy)",Non-intersection:  Non-junction/no special feature,Paved,,Minor Injury,0,1,0,1,0,0,11000,1,1,,POINT (-91.033801962961 40.998739441402)
2014782627,02-14-1220,01/20/2014,01-January,2-Monday,12:01,1200 Hours,District 6 (East Central),,DUBUQUE,,SWISS VALLEY RD,Collision with fixed object:  Ditch,On Roadway,Non-collision (single vehicle),Driving too fast for conditions,None Indicated,,Daylight,Slush,Clear,"Surface condition (e.g., wet, icy)",Non-intersection:  Non-junction/no special feature,Paved,,Property Damage Only,0,0,0,0,0,0,15000,1,1,,POINT (-90.776489910275 42.433804181311)
2014780834,14-0144,01/20/2014,01-January,2-Monday,21:21,2100 Hours,District 1 (Central),URBANDALE,POLK,,DOUGLAS PKWY,Collision with:  Vehicle in traffic,On Roadway,Rear-end (front to rear),Lost Control,None Indicated,,Dark - roadway lighted,Snow,Snow,"Surface condition (e.g., wet, icy)",Non-intersection:  Non-junction/no special feature,Paved,,Property Damage Only,0,0,0,0,0,0,5000,2,2,,POINT (-93.779347405201 41.629484931915)