Iowa DOT Case Number,Law Enforcement Case Number,Date of Crash,Month of Crash,Day of Week,Time of Crash,Hour,DOT District,City Name,County Name,Route with System,Location Description,First Harmful Event,Location of First Harmful Event,Manner of Crash/Collision,Major Cause,Drug or Alcohol ,Environmental Conditions,Light Conditions,Surface Conditions,Weather Conditions,Roadway Contribution,Roadway Type,Roadway Surface,Work Zone,Crash Severity,Number of Fatalities,Number of Injuries,Number of Major Injuries,Number of Minor Injuries,Number of Possible Injuries,Number of Unknown Injuries,Amount of Property Damage,Number of Vehicles Involved,Total Number of Occupants,Travel Direction,Location
2014780662,2014-0248,01/21/2014,01-January,3-Tuesday,09:40,0900 Hours,District 4 (Southwest),WAUKEE,DALLAS,US 6,US 6/HICKMAN AVE,Collision with:  Vehicle in traffic,On Roadway,Head-on (front to front),Crossed centerline (undivided),None Indicated,,Daylight,Dry,Clear,"Surface condition (e.g., wet, icy)",Non-intersection:  Non-junction/no special feature,Paved,,Possible/Unknown,0,2,0,0,2,0,8500,2,2,,POINT (-93.89224850844 41.615000200674)
2014783153,2014004563,01/21/2014,01-January,3-Tuesday,12:00,1200 Hours,District 1 (Central),,HARDIN,US 20,US 20,Collision with fixed object:  Utility pole/light support,On Roadway,Non-collision (single vehicle),Over correcting/over steering,None Indicated,,Daylight,Ice/frost,Clear,"Surface condition (e.g., wet, icy)",Non-intersection:  Non-junction/no special feature,Paved,,Property Damage Only,0,0,0,0,0,0,5500,1,1,,POINT (-93.403117618741 42.448136813004)
2014780789,2014000600,01/21/2014,01-January,3-Tuesday,08:06,0800 Hours,District 1 (Central),MARSHALLTOWN,MARSHALL,IA 14,IA 14/S 3RD AVE,Collision with:  Vehicle in traffic,On Roadway,"Sideswipe, same direction",Lost Control,None Indicated,,Daylight,Ice/frost,Clear,None apparent,Non-intersection:  Non-junction/no special feature,Paved,,Property Damage Only,0,0,0,0,0,0,2000,2,3,,POINT (-92.907933249659 42.039770384623)
2014781318,02-14-1294,01/21/2014,01-January,3-Tuesday,20:13,2000 Hours,District 6 (East Central),,DUBUQUE,US 52,US 52,Collision with fixed object:  Guardrail - face,On Roadway,Non-collision (single vehicle),Ran off road - right,Alcohol (< Statutory),,Dark - roadway not lighted,Dry,Cloudy,None apparent,Non-intersection:  Non-junction/no special feature,Paved,,Property Damage Only,0,0,0,0,0,0,53436,1,2,,POINT (-90.62671522301 42.426810213331)
2014780647,1401212421,01/21/2014,01-January,3-Tuesday,07:20,0700 Hours,District 6 (East Central),,CLINTON,IA 136,IA 136/IOWA 136,Collision with fixed object:  Ditch,On Roadway,Non-collision (single vehicle),Ran off road - right,None Indicated,,Daylight,Ice/frost,Clear,"Surface condition (e.g., wet, icy)",Non-intersection:  Non-junction/no special feature,Paved,,Property Damage Only,0,0,0,0,0,0,4000,1,1,,POINT (-90.364792117005 41.961628251429)
2014781449,2014004673,01/21/2014,01-January,3-Tuesday,20:46,2000 Hours,District 5 (Southeast),,HENRY,US 34,US 34,Non-collision events:  Overturn/rollover,Shoulder,Non-collision (single vehicle),Ran off road - left,None Indicated,,Dark - roadway not lighted,Dry,Clear,None apparent,Non-intersection:  Non-junction/no special feature,Paved,,Minor Injury,0,1,0,1,0,0,30000,1,1,,POINT (-91.518749964679 40.984257383192)
2014781784,2014004445,01/21/2014,01-January,3-Tuesday,08:20,0800 Hours,District 6 (East Central),,JOHNSON,I-80,I-80,Collision with fixed object:  Traffic sign support,On Roadway,Non-collision (single vehicle),Ran off road - right,None Indicated,,Daylight,Ice/frost,Clear,"Surface condition (e.g., wet, icy)",Non-intersection:  Non-junction/no special feature,Paved,,Property Damage Only,0,0,0,0,0,0,8200,1,1,,POINT (-91.407477142312 41.667173553978)
2014780802,20140001851,01/21/2014,01-January,3-Tuesday,07:44,0700 Hours,District 1 (Central),DES MOINES,POLK,,EASTON BLVD & E 33RD ST,Collision with:  Vehicle in traffic,On Roadway,Broadside (front to side),Ran Traffic Signal,None Indicated,,Daylight,Wet,Cloudy,None apparent,Intersection:  Four-way intersection,Paved,,Property Damage Only,0,0,0,0,0,0,2000,2,2,,POINT (-93.551450738596 41.612429410506)
2014780822,20140001876,01/21/2014,01-January,3-Tuesday,11:15,1100 Hours,District 1 (Central),DES MOINES,POLK,US 69,US 69/SE 14TH ST,Collision with:  Vehicle in traffic,On Roadway,Rear-end (front to rear),Lost Control,None Indicated,,Daylight,Slush,Clear,"Surface condition (e.g., wet, icy)",Intersection:  T-intersection,Paved,,Minor Injury,0,1,0,1,0,0,3000,2,2,,POINT (-93.596781663837 41.523697414192)
2014782005,,01/21/2014,01-January,3-Tuesday,21:10,2100 Hours,District 6 (East Central),DE WITT,CLINTON,,11TH ST & WESTWOOD DR,Collision with:  Vehicle in traffic,On Roadway,"Sideswipe, same direction",Followed too close,None Indicated,,Dark - roadway lighted,Snow,Snow,None apparent,Intersection:  Four-way intersection,Paved,,Property Damage Only,0,0,0,0,0,0,1500,2,2,,POINT (-90.563376318365 41.825695929176)
2014780400,01-14-232,01/21/2014,01-January,3-Tuesday,08:20,0800 Hours,District 3 (Northwest),LE MARS,PLYMOUTH,,6TH ST SE & 6TH AVE SE,Collision with:  Vehicle in traffic,On Roadway,Rear-end (front to rear),Unknown,None Indicated,,Daylight,Ice/frost,Clear,"Surface condition (e.g., wet, icy)",Non-intersection:  Non-junction/no special feature,Paved,,Property Damage Only,0,0,0,0,0,0,1700,2,4,,POINT (-96.157660824045 42.786100856336)
2014787882,,01/21/2014,01-January,3-Tuesday,10:01,1000 Hours,District 5 (Southeast),,MUSCATINE,IA 22,IA 22/IOWA 22,Collision with:  Vehicle in traffic,On Roadway,Head-on (front to front),Crossed centerline (undivided),None Indicated,,Daylight,Ice/frost,Clear,"Surface condition (e.g., wet, icy)",Non-intersection:  Non-junction/no special feature,Paved,,Minor Injury,0,2,0,1,1,0,15000,2,3,,POINT (-91.116517574907 41.440512304923)
2014780619,W14-006846,01/21/2014,01-January,3-Tuesday,13:28,1300 Hours,District 2 (Northeast),WATERLOO,BLACK HAWK,,W 5TH ST & BALTIMORE ST,Collision with:  Vehicle in traffic,On Roadway,Broadside (front to side),FTYROW:  From stop sign,None Indicated,,Daylight,Snow,Cloudy,None apparent,Intersection:  Four-way intersection,Paved,,Possible/Unknown,0,2,0,0,2,0,10184,3,3,,POINT (-92.350288596709 42.486332999397)
2014782242,32009-14,01/21/2014,01-January,3-Tuesday,18:15,1800 Hours,District 3 (Northwest),,EMMET,IA 4,IA 4/IOWA 4 & 210 ST,Collision with:  Animal,,,Animal,None Indicated,,,,,,,Paved,,Property Damage Only,0,0,0,0,0,0,1873,1,1,,POINT (-94.797177182674 43.341713965049)
2014781097,S14-000196,01/21/2014,01-January,3-Tuesday,12:25,1200 Hours,District 4 (Southwest),CRESCENT,POTTAWATTAMIE,,Co Rd L29/MUDHOLLOW RD,Collision with:  Animal,,,Animal,None Indicated,,,,,,,Paved,,Property Damage Only,0,0,0,0,0,0,3000,1,1,,POINT (-95.808547126901 41.342590214633)
2014780407,20140001841,01/21/2014,01-January,3-Tuesday,07:20,0700 Hours,District 1 (Central),DES MOINES,POLK,I-235,I-235,Collision with:  Vehicle in traffic,On Roadway,Rear-end (front to rear),Lost Control,None Indicated,,Daylight,Ice/frost,Clear,"Surface condition (e.g., wet, icy)",Non-intersection:  Non-junction/no special feature,Paved,,Property Damage Only,0,0,0,0,0,0,6500,2,2,,POINT (-93.602744141614 41.595283361305)
2014781801,,01/21/2014,01-January,3-Tuesday,11:15,1100 Hours,District 6 (East Central),DE WITT,CLINTON,US 30,US 30/RAMP & US 61,Collision with fixed object:  Guardrail - face,On Roadway,Non-collision (single vehicle),Driving too fast for conditions,None Indicated,,Daylight,Snow,Clear,"Surface condition (e.g., wet, icy)","Interchange-related:  Off-ramp, diverge area",Paved,,Property Damage Only,0,0,0,0,0,0,6383,1,1,,POINT (-90.567170128501 41.80341438072)
2014780829,20140001904,01/21/2014,01-January,3-Tuesday,15:25,1500 Hours,District 1 (Central),DES MOINES,POLK,,E HARTFORD AVE,Collision with fixed object:  Utility pole/light support,Outside trafficway,Non-collision (single vehicle),"Operating vehicle in an reckless, erratic, careless, negligent manner",None Indicated,,Daylight,Wet,Cloudy,None apparent,Non-intersection:  Non-junction/no special feature,Paved,,Possible/Unknown,0,1,0,0,0,1,3500,1,1,,POINT (-93.578041418192 41.5687216752)
2014780861,14-0374,01/21/2014,01-January,3-Tuesday,17:10,1700 Hours,District 1 (Central),WEST DES MOINES,POLK,I-235,I-235,Collision with:  Vehicle in traffic,On Roadway,Rear-end (front to rear),Driving too fast for conditions,None Indicated,,Dark - roadway lighted,Ice/frost,Cloudy,None apparent,Non-intersection:  Non-junction/no special feature,Paved,,Property Damage Only,0,0,0,0,0,0,3000,2,2,,POINT (-93.744260425759 41.592265574227)
2014780602,14000948,01/21/2014,01-January,3-Tuesday,19:05,1900 Hours,District 5 (Southeast),MYSTIC,APPANOOSE,,Co Rd J5T/HWY J5T,Collision with:  Animal,,,Animal,None Indicated,,,,,,,Paved,,Property Damage Only,0,0,0,0,0,0,1500,1,1,,POINT (-92.921187703614 40.812327841422)
2014788610,,01/21/2014,01-January,3-Tuesday,08:30,0800 Hours,District 6 (East Central),CEDAR RAPIDS,LINN,,16TH AVE SW & EDGEWOOD RD SW,Collision with:  Vehicle in traffic,On Roadway,Rear-end (front to rear),Unknown,None Indicated,,Daylight,Snow,Cloudy,,Intersection:  Four-way intersection,Paved,,Minor Injury,0,1,0,1,0,0,0,2,3,,POINT (-91.716028919523 41.963581979591)
2014780899,14-0207,01/21/2014,01-January,3-Tuesday,23:02,2300 Hours,District 1 (Central),FORT DODGE,WEBSTER,,S 22ND ST,Collision with:  Parked motor vehicle,On Roadway,Rear-end (front to rear),Driving too fast for conditions,None Indicated,,Dark - roadway lighted,Wet,Cloudy,None apparent,Non-intersection:  Non-junction/no special feature,Paved,,Property Damage Only,0,0,0,0,0,0,3500,2,2,,POINT (-94.167763072636 42.487682662162)
2014781086,14-0146,01/21/2014,01-January,3-Tuesday,05:39,0500 Hours,District 1 (Central),URBANDALE,POLK,,DOUGLAS AVE,Collision with fixed object:  Bridge overhead structure,On Roadway,Non-collision (single vehicle),Ran off road - right,None Indicated,,Dark - roadway lighted,Slush,Cloudy,None apparent,Non-intersection:  Other non-intersection (explain in narrative),Paved,,Property Damage Only,0,0,0,0,0,0,2000,1,1,,POINT (-93.776321583913 41.629442357598)
2014790642,2014-4641,01/21/2014,01-January,3-Tuesday,03:11,0300 Hours,District 6 (East Central),DAVENPORT,SCOTT,,W 15TH ST & STURDEVANT ST,Unknown,On Roadway,Unknown,Unknown,None Indicated,,Unknown,Snow,Snow,Unknown,Unknown,Paved,,Property Damage Only,0,0,0,0,0,0,3000,1,1,,POINT (-90.59875963713 41.534810348675)
2014780947,14-000577,01/21/2014,01-January,3-Tuesday,11:10,1100 Hours,District 6 (East Central),INDEPENDENCE,BUCHANAN,IA 150,IA 150/5TH AVE NE & 3RD ST NE,Collision with:  Vehicle in traffic,On Roadway,Rear-end (front to rear),Driving too fast for conditions,None Indicated,,Daylight,Ice/frost,Cloudy,"Surface condition (e.g., wet, icy)",Intersection:  Four-way intersection,Paved,,Property Damage Only,0,0,0,0,0,0,1750,2,2,,POINT (-91.889382102645 42.470896628441)
2014780670,14-02298,01/21/2014,01-January,3-Tuesday,17:05,1700 Hours,District 5 (Southeast),BURLINGTON,DES MOINES,,SUNNYSIDE AVE & DEHN ST & IRISH RIDGE RD,Collision with:  Vehicle in traffic,On Roadway,Head-on (front to front),Lost Control,None Indicated,,Dusk,Ice/frost,Cloudy,"Surface condition (e.g., wet, icy)",Non-intersection:  Non-junction/no special feature,Paved,,Property Damage Only,0,0,0,0,0,0,3500,2,3,,POINT (-91.131936844235 40.834243492191)
2014780856,14-0360,01/21/2014,01-January,3-Tuesday,10:05,1000 Hours,District 4 (Southwest),WEST DES MOINES,DALLAS,,E P TRUE PKWY,Non-collision events:  Other non-collision (explain in narrative),Roadside,Non-collision (single vehicle),Ran off road - right,None Indicated,,Daylight,Ice/frost,Clear,"Surface condition (e.g., wet, icy)",Non-intersection:  Non-junction/no special feature,Paved,,Property Damage Only,0,0,0,0,0,0,8500,1,1,,POINT (-93.812582174657 41.573401238416)
2014780864,14-0381,01/21/2014,01-January,3-Tuesday,20:45,2000 Hours,District 1 (Central),DES MOINES,POLK,IA 28,IA 28/63RD ST & RAILROAD AVE,Collision with:  Vehicle in traffic,On Roadway,"Angle, oncoming left turn",Unknown,None Indicated,,Dark - roadway lighted,Wet,Cloudy,None apparent,Non-intersection:  Non-junction/no special feature,Paved,,Property Damage Only,0,0,0,0,0,0,10000,2,3,,POINT (-93.703230334083 41.569429292361)
2014781761,2014004663,01/21/2014,01-January,3-Tuesday,17:35,1700 Hours,District 4 (Southwest),,RINGGOLD,,Co Rd J45/CO HWY J45 & 330TH AVE,Collision with:  Vehicle in traffic,On Roadway,Head-on (front to front),Crossed centerline (undivided),None Indicated,,Dark - roadway not lighted,Dry,Clear,None apparent,Non-intersection:  Non-junction/no special feature,Paved,,Possible/Unknown,0,2,0,0,2,0,25000,2,2,,POINT (-94.034322285411 40.696194443362)
2014781581,14009678,01/21/2014,01-January,3-Tuesday,05:30,0500 Hours,District 6 (East Central),,JOHNSON,I-80,I-80,Collision with fixed object:  Ditch,On Roadway,Unknown,Ran off road - left,None Indicated,,Dark - roadway not lighted,Ice/frost,Clear,None apparent,Non-intersection:  Non-junction/no special feature,Paved,,Property Damage Only,0,0,0,0,0,0,4000,2,2,,POINT (-91.38942477021 41.667120097382)
2014780780,1400000055,01/21/2014,01-January,3-Tuesday,02:01,0200 Hours,District 1 (Central),MARSHALLTOWN,MARSHALL,US 30,US 30,Collision with fixed object:  Ditch,On Roadway,Non-collision (single vehicle),Crossed centerline (undivided),None Indicated,,Dark - roadway not lighted,Ice/frost,Cloudy,"Surface condition (e.g., wet, icy)",Non-intersection:  Non-junction/no special feature,Paved,,Property Damage Only,0,0,0,0,0,0,1500,1,1,,POINT (-92.806288788079 42.006787676314)
2014780989,01-14-3040,01/21/2014,01-January,3-Tuesday,14:56,1400 Hours,District 6 (East Central),DUBUQUE,DUBUQUE,,KAUFMANN AVE & JOHN F KENNEDY RD,Collision with:  Vehicle in traffic,On Roadway,Broadside (front to side),Ran Stop Sign,None Indicated,,Daylight,Dry,Cloudy,None apparent,Intersection:  Four-way intersection,Paved,,Property Damage Only,0,0,0,0,0,0,6200,2,2,,POINT (-90.720531677259 42.514895744767)
2014780651,CL14000194,01/21/2014,01-January,3-Tuesday,08:30,0800 Hours,District 6 (East Central),CLINTON,CLINTON,,MANUFACTURING DR,Collision with fixed object:  Bridge overhead structure,On Roadway,Non-collision (single vehicle),Ran off road - left,None Indicated,,Daylight,Snow,Clear,"Surface condition (e.g., wet, icy)",Non-intersection:  Other non-intersection (explain in narrative),Paved,,Property Damage Only,0,0,0,0,0,0,1600,1,1,,POINT (-90.240804091398 41.822484197578)
2014780797,14-0447,01/21/2014,01-January,3-Tuesday,12:30,1200 Hours,District 1 (Central),DES MOINES,POLK,US 69,US 69/NE 14TH ST & NE 44TH AVE,Collision with:  Vehicle in traffic,On Roadway,Rear-end (front to rear),Followed too close,None Indicated,,Daylight,"Mud, dirt",Clear,None apparent,Intersection:  Four-way intersection,Paved,,Property Damage Only,0,0,0,0,0,0,7000,3,3,,POINT (-93.600499373755 41.640466264309)
2014826425,2014-459,01/21/2014,01-January,3-Tuesday,06:54,0600 Hours,District 6 (East Central),LE CLAIRE,SCOTT,I-80,I-80,Collision with fixed object:  Bridge overhead structure,Shoulder,Non-collision (single vehicle),Driving too fast for conditions,None Indicated,,Daylight,Ice/frost,Clear,"Surface condition (e.g., wet, icy)",Non-intersection:  Other non-intersection (explain in narrative),Paved,,Possible/Unknown,0,1,0,0,1,0,3000,1,1,,POINT (-90.365974461436 41.58166770659)
2014782178,,01/21/2014,01-January,3-Tuesday,16:23,1600 Hours,District 6 (East Central),CEDAR RAPIDS,LINN,IA 100,IA 100/COLLINS RD NE & NORTHLAND AVE NE,Collision with:  Vehicle in traffic,On Roadway,Rear-end (front to rear),Unknown,None Indicated,,Daylight,Ice/frost,Cloudy,,Intersection:  T-intersection,Paved,,Property Damage Only,0,0,0,0,0,0,1500,2,3,,POINT (-91.631723935413 42.027895441796)
2014780785,2014000619,01/21/2014,01-January,3-Tuesday,13:29,1300 Hours,District 1 (Central),MARSHALLTOWN,MARSHALL,,E CHURCH ST & S 1ST AVE,Collision with:  Vehicle in traffic,Outside trafficway,"Sideswipe, same direction",Swerving/Evasive Action,None Indicated,,Daylight,Snow,Cloudy,None apparent,Non-intersection:  Non-junction/no special feature,Paved,,Possible/Unknown,0,1,0,0,1,0,4100,3,1,,POINT (-92.911304953031 42.047915003742)
2014780644,14001006,01/21/2014,01-January,3-Tuesday,10:53,1000 Hours,District 2 (Northeast),MASON CITY,CERRO GORDO,IA 122,IA 122/4TH ST SE & S INDIANA AVE,Collision with:  Vehicle in traffic,On Roadway,Rear-end (front to rear),Driving too fast for conditions,None Indicated,,Daylight,Ice/frost,Cloudy,"Surface condition (e.g., wet, icy)",Non-intersection:  Non-junction/no special feature,Paved,,Property Damage Only,0,0,0,0,0,0,3000,2,3,,POINT (-93.174315518399 43.14809992628)
2014782766,E201400140,01/21/2014,01-January,3-Tuesday,16:19,1600 Hours,District 3 (Northwest),EMMETSBURG,PALO ALTO,,SUPERIOR ST,Collision with:  Vehicle in traffic,On Roadway,"Sideswipe, opposite direction",Lost Control,None Indicated,,Daylight,Ice/frost,Cloudy,"Surface condition (e.g., wet, icy)",Non-intersection:  Non-junction/no special feature,Paved,,Property Damage Only,0,0,0,0,0,0,17000,2,3,,POINT (-94.688887900927 43.119828615113)
2014782193,,01/21/2014,01-January,3-Tuesday,17:53,1700 Hours,District 6 (East Central),CEDAR RAPIDS,LINN,,38TH ST NE & C AVE NE,Collision with:  Vehicle in traffic,On Roadway,Broadside (front to side),Unknown,None Indicated,,Dark - roadway lighted,Slush,Cloudy,,Intersection:  Four-way intersection,Paved,,Property Damage Only,0,0,0,0,0,0,8500,3,7,,POINT (-91.638427178414 42.017185542681)
2014781285,14006787,01/21/2014,01-January,3-Tuesday,09:30,0900 Hours,District 2 (Northeast),CEDAR FALLS,BLACK HAWK,,CEDAR HEIGHTS DR,Collision with:  Vehicle in traffic,On Roadway,Head-on (front to front),Crossed centerline (undivided),None Indicated,,Daylight,Ice/frost,Clear,"Surface condition (e.g., wet, icy)",Non-intersection:  Non-junction/no special feature,Paved,,Major Injury,0,2,2,0,0,0,12000,2,2,,POINT (-92.411376768682 42.490877762935)
2014780419,20140001858,01/21/2014,01-January,3-Tuesday,08:57,0800 Hours,District 1 (Central),DES MOINES,POLK,I-235,I-235 & 19TH ST,Collision with:  Vehicle in traffic,On Roadway,Broadside (front to side),Ran Traffic Signal,None Indicated,,Daylight,Ice/frost,Cloudy,None apparent,Intersection:  Four-way intersection,Paved,,Property Damage Only,0,0,0,0,0,0,12500,2,3,,POINT (-93.642531341397 41.596373932253)
2014782194,,01/21/2014,01-January,3-Tuesday,07:45,0700 Hours,District 6 (East Central),CEDAR RAPIDS,LINN,,33RD AVE SW & 6TH ST SW,Collision with:  Vehicle in traffic,On Roadway,Broadside (front to side),Unknown,None Indicated,,Dawn,Snow,Clear,,Intersection:  Four-way intersection,Paved,,Possible/Unknown,0,1,0,0,1,0,0,4,4,,POINT (-91.676233363813 41.943027487181)
2014780836,14-0149,01/21/2014,01-January,3-Tuesday,08:07,0800 Hours,District 1 (Central),URBANDALE,POLK,US 6,US 6/HICKMAN RD & 128TH ST & NW 128TH ST,Collision with:  Vehicle in traffic,On Roadway,Rear-end (front to rear),Driving too fast for conditions,None Indicated,,Daylight,Ice/frost,Clear,None apparent,Intersection:  Four-way intersection,Paved,,Property Damage Only,0,0,0,0,0,0,2000,2,2,,POINT (-93.791594710887 41.614926739633)
2014780835,14-0148,01/21/2014,01-January,3-Tuesday,07:11,0700 Hours,District 1 (Central),URBANDALE,POLK,US 6,US 6/HICKMAN RD,Collision with:  Vehicle in traffic,On Roadway,Rear-end (front to rear),Driving too fast for conditions,None Indicated,,Dawn,Ice/frost,Clear,None apparent,Intersection:  T-intersection,Paved,,Possible/Unknown,0,1,0,0,1,0,11267,2,3,,POINT (-93.771058486042 41.614931210964)
2014781984,SO14-0076,01/21/2014,01-January,3-Tuesday,16:30,1600 Hours,District 2 (Northeast),,WRIGHT,,160TH ST,Collision with fixed object:  Ditch,Shoulder,Non-collision (single vehicle),Swerving/Evasive Action,None Indicated,,Daylight,Dry,Cloudy,None apparent,Non-intersection:  Non-junction/no special feature,Unpaved,,Property Damage Only,0,0,0,0,0,0,5000,1,1,,POINT (-93.625165301576 42.819712496803)
2014781040,201401054,01/21/2014,01-January,3-Tuesday,17:00,1700 Hours,District 6 (East Central),CEDAR RAPIDS,LINN,,BRODERICK DR NE & C AVE NE,Collision with:  Vehicle in traffic,On Roadway,"Sideswipe, same direction",Driving too fast for conditions,None Indicated,,Dark - roadway lighted,Snow,Cloudy,"Surface condition (e.g., wet, icy)",Intersection:  T-intersection,Paved,,Property Damage Only,0,0,0,0,0,0,4000,2,3,,POINT (-91.638662160467 42.043531909546)
2014780817,20140001864,01/21/2014,01-January,3-Tuesday,10:00,1000 Hours,District 1 (Central),DES MOINES,POLK,,EDISON AVE & SW 1ST ST,Collision with:  Vehicle in traffic,On Roadway,Broadside (front to side),Unknown,None Indicated,,Daylight,Ice/frost,Cloudy,"Surface condition (e.g., wet, icy)",Intersection:  Four-way intersection,Paved,,Property Damage Only,0,0,0,0,0,0,8000,2,3,,POINT (-93.617189129783 41.573688382315)
2014781329,2014000693,01/21/2014,01-January,3-Tuesday,15:19,1500 Hours,District 6 (East Central),IOWA CITY,JOHNSON,IA 1,IA 1/E BURLINGTON ST & S LINN ST,Collision with:  Vehicle in traffic,On Roadway,Rear-end (front to rear),Followed too close,None Indicated,,Daylight,Slush,Clear,"Surface condition (e.g., wet, icy)",Intersection:  Four-way intersection,Paved,,Possible/Unknown,0,1,0,0,1,0,2600,2,3,,POINT (-91.531675127737 41.657848314581)
2014785095,2014-4803,01/21/2014,01-January,3-Tuesday,23:17,2300 Hours,District 6 (East Central),DAVENPORT,SCOTT,I-80,I-80,Collision with:  Parked motor vehicle,Roadside,Rear-end (front to rear),Illegally Parked/Unattended,None Indicated,,Dark - roadway lighted,Dry,Clear,None apparent,Interchange-related:  On-ramp,Paved,,Property Damage Only,0,0,0,0,0,0,8000,2,1,,POINT (-90.572719696511 41.595794885537)
2014782890,,01/21/2014,01-January,3-Tuesday,10:29,1000 Hours,District 6 (East Central),DURANT,CEDAR,,5TH ST,Collision with fixed object:  Utility pole/light support,Outside trafficway,Non-collision (single vehicle),Crossed centerline (undivided),None Indicated,,Daylight,Snow,Clear,None apparent,Non-intersection:  Non-junction/no special feature,Paved,,Property Damage Only,0,0,0,0,0,0,3805,1,1,,POINT (-90.926990784341 41.603074368528)
2014780427,14-0343,01/21/2014,01-January,3-Tuesday,01:44,0100 Hours,District 1 (Central),WEST DES MOINES,POLK,I-35,I-35,Collision with fixed object:  Curb/island/raised median,On Roadway,Non-collision (single vehicle),Driving too fast for conditions,None Indicated,,Dark - roadway lighted,Ice/frost,Clear,"Surface condition (e.g., wet, icy)","Interchange-related:  Off-ramp, diverge area",Paved,,Property Damage Only,0,0,0,0,0,0,3000,1,1,,POINT (-93.778250963809 41.559236156581)
2014781785,2014004448,01/21/2014,01-January,3-Tuesday,08:35,0800 Hours,District 6 (East Central),,IOWA,I-80,I-80,Collision with:  Parked motor vehicle,Roadside,Rear-end (front to rear),Illegally Parked/Unattended,None Indicated,,Daylight,Ice/frost,Clear,"Surface condition (e.g., wet, icy)",Non-intersection:  Non-junction/no special feature,Paved,,Property Damage Only,0,0,0,0,0,0,5000,2,1,,POINT (-91.986430635952 41.687014659827)
2014781782,2014004390,01/21/2014,01-January,3-Tuesday,05:10,0500 Hours,District 6 (East Central),,IOWA,I-80,I-80,Collision with fixed object:  Guardrail - face,Shoulder,Non-collision (single vehicle),Driving too fast for conditions,None Indicated,,Dark - roadway not lighted,Ice/frost,Cloudy,None apparent,Non-intersection:  Non-junction/no special feature,Paved,,Property Damage Only,0,0,0,0,0,0,3000,1,2,,POINT (-91.977058200182 41.687021683629)
2014780306,W14-006774,01/21/2014,01-January,3-Tuesday,08:56,0800 Hours,District 2 (Northeast),WATERLOO,BLACK HAWK,US 218,US 218/WASHINGTON ST,Collision with:  Vehicle in traffic,On Roadway,Rear-end (front to rear),Driving too fast for conditions,None Indicated,,Daylight,Ice/frost,Clear,"Surface condition (e.g., wet, icy)",Non-intersection:  Non-junction/no special feature,Paved,,Possible/Unknown,0,1,0,0,1,0,5000,2,3,,POINT (-92.387062323177 42.514705812101)
2014780626,012114-134,01/21/2014,01-January,3-Tuesday,15:14,1500 Hours,District 3 (Northwest),STORM LAKE,BUENA VISTA,,E 9TH ST & RUSSELL ST,Collision with:  Vehicle in traffic,On Roadway,"Angle, oncoming left turn",Driving too fast for conditions,None Indicated,,Daylight,Wet,Clear,"Surface condition (e.g., wet, icy)",Non-intersection:  Non-junction/no special feature,Paved,,Property Damage Only,0,0,0,0,0,0,1600,3,2,,POINT (-95.19101132789 42.649538395962)
2014780821,20140001871,01/21/2014,01-January,3-Tuesday,10:34,1000 Hours,District 1 (Central),DES MOINES,POLK,US 69,US 69/SE 14TH ST & E PARK AVE,Collision with:  Vehicle in traffic,On Roadway,Rear-end (front to rear),Made improper turn,None Indicated,,Daylight,Slush,Clear,"Surface condition (e.g., wet, icy)",Intersection:  Four-way intersection,Paved,,Property Damage Only,0,0,0,0,0,0,3500,2,2,,POINT (-93.59685679356 41.555339782516)
2014783246,14-1722,01/21/2014,01-January,3-Tuesday,18:12,1800 Hours,District 1 (Central),NEWTON,JASPER,US 6,US 6/1ST AVE W/1ST AVE E & 1ST ST S & 1ST ST N,Collision with:  Vehicle in traffic,On Roadway,Rear-end (front to rear),Followed too close,None Indicated,,Dark - roadway lighted,Dry,Cloudy,None apparent,Non-intersection:  Non-junction/no special feature,Paved,,Possible/Unknown,0,1,0,0,1,0,250,2,2,,POINT (-93.053613872135 41.699533160548)
2014780617,W14-006773,01/21/2014,01-January,3-Tuesday,08:40,0800 Hours,District 2 (Northeast),WATERLOO,BLACK HAWK,US 218,US 218/WASHINGTON ST,Collision with fixed object:  Guardrail - face,On Roadway,Non-collision (single vehicle),Driving too fast for conditions,None Indicated,,Daylight,Ice/frost,Clear,"Surface condition (e.g., wet, icy)",Non-intersection:  Non-junction/no special feature,Paved,,Property Damage Only,0,0,0,0,0,0,2000,1,1,,POINT (-92.383307938257 42.512740415582)
2014781983,SO14-0071,01/21/2014,01-January,3-Tuesday,13:10,1300 Hours,District 2 (Northeast),,WRIGHT,US 69,US 69 & IA 3/IOWA 3 & 210TH ST,Collision with:  Vehicle in traffic,On Roadway,Rear-end (front to rear),FTYROW:  Other (explain in narrative),None Indicated,,Daylight,Ice/frost,Cloudy,None apparent,Intersection:  Four-way intersection,Paved,,Property Damage Only,0,0,0,0,0,0,4200,2,2,,POINT (-93.61725026445 42.745839179105)
2014780668,14-02288,01/21/2014,01-January,3-Tuesday,16:13,1600 Hours,District 5 (Southeast),BURLINGTON,DES MOINES,,SUNNYSIDE AVE,Collision with:  Vehicle in traffic,On Roadway,Rear-end (front to rear),Lost Control,None Indicated,,Daylight,Snow,Cloudy,"Surface condition (e.g., wet, icy)",Non-intersection:  Non-junction/no special feature,Paved,,Property Damage Only,0,0,0,0,0,0,2500,2,2,,POINT (-91.136257657949 40.833682853492)