Iowa DOT Case Number,Law Enforcement Case Number,Date of Crash,Month of Crash,Day of Week,Time of Crash,Hour,DOT District,City Name,County Name,Route with System,Location Description,First Harmful Event,Location of First Harmful Event,Manner of Crash/Collision,Major Cause,Drug or Alcohol ,Environmental Conditions,Light Conditions,Surface Conditions,Weather Conditions,Roadway Contribution,Roadway Type,Roadway Surface,Work Zone,Crash Severity,Number of Fatalities,Number of Injuries,Number of Major Injuries,Number of Minor Injuries,Number of Possible Injuries,Number of Unknown Injuries,Amount of Property Damage,Number of Vehicles Involved,Total Number of Occupants,Travel Direction,Location
2014780865,14-0382,01/21/2014,01-January,3-Tuesday,21:49,2100 Hours,District 1 (Central),WEST DES MOINES,POLK,,42ND ST,Collision with:  Vehicle in traffic,On Roadway,"Sideswipe, same direction",Swerving/Evasive Action,None Indicated,,Dark - roadway lighted,Snow,Cloudy,"Surface condition (e.g., wet, icy)",Non-intersection:  Non-junction/no special feature,Paved,,Property Damage Only,0,0,0,0,0,0,3000,2,2,,POINT (-93.761407633372 41.587298399878)
2014782097,PD1400630,01/21/2014,01-January,3-Tuesday,10:36,1000 Hours,District 5 (Southeast),FAIRFIELD,JEFFERSON,,W JEFFERSON AVE & S 7TH ST,Collision with:  Vehicle in traffic,On Roadway,"Sideswipe, same direction",Swerving/Evasive Action,None Indicated,,Daylight,Ice/frost,Snow,"Surface condition (e.g., wet, icy)",Non-intersection:  Non-junction/no special feature,Paved,,Property Damage Only,0,0,0,0,0,0,5500,2,2,,POINT (-91.972607486035 41.003780375092)
2014781484,14-6705,01/21/2014,01-January,3-Tuesday,01:00,0100 Hours,District 2 (Northeast),,BLACK HAWK,US 20,US 20,Non-collision events:  Jackknife,Roadside,Non-collision (single vehicle),Driving too fast for conditions,None Indicated,,Dark - roadway not lighted,Ice/frost,Snow,None apparent,Non-intersection:  Non-junction/no special feature,Paved,,Property Damage Only,0,0,0,0,0,0,3000,1,2,,POINT (-92.505630718486 42.465160994983)
2014780778,14001533,01/21/2014,01-January,3-Tuesday,08:15,0800 Hours,District 5 (Southeast),OSKALOOSA,MAHASKA,US 63,US 63/S MARKET ST & 15TH AVE E,Collision with:  Vehicle in traffic,On Roadway,Broadside (front to side),FTYROW:  From stop sign,None Indicated,,Daylight,Ice/frost,Clear,"Surface condition (e.g., wet, icy)",Intersection:  T-intersection,Paved,,Property Damage Only,0,0,0,0,0,0,1700,2,2,,POINT (-92.645592717068 41.281603063168)
2014788724,140298,01/21/2014,01-January,3-Tuesday,12:39,1200 Hours,District 1 (Central),ALDEN,HARDIN,,Co Rd S27/ST HWY 359,Collision with:  Vehicle in traffic,On Roadway,Broadside (front to side),FTYROW:  From driveway,None Indicated,,Daylight,Ice/frost,"Blowing sand, soil, dirt","Surface condition (e.g., wet, icy)",Non-intersection:  Driveway access (within),Paved,,Possible/Unknown,0,1,0,0,1,0,5000,2,2,,POINT (-93.380942199864 42.505147946313)
2014782358,2014004400,01/21/2014,01-January,3-Tuesday,06:50,0600 Hours,District 6 (East Central),,JOHNSON,I-80,I-80,Non-collision events:  Other non-collision (explain in narrative),Median,Non-collision (single vehicle),Crossed centerline (undivided),None Indicated,,Dark - roadway lighted,Ice/frost,Clear,"Surface condition (e.g., wet, icy)",Non-intersection:  Non-junction/no special feature,Paved,,Property Damage Only,0,0,0,0,0,0,3000,1,2,,POINT (-91.418845818979 41.667438631053)
2014781346,201400210,01/21/2014,01-January,3-Tuesday,07:40,0700 Hours,District 6 (East Central),MARION,LINN,IA 100,IA 100/COLLINS RD SE,Collision with:  Vehicle in traffic,On Roadway,"Sideswipe, same direction",Unknown,None Indicated,,Daylight,Snow,Snow,"Surface condition (e.g., wet, icy)",Non-intersection:  Non-junction/no special feature,Paved,,Property Damage Only,0,0,0,0,0,0,5500,2,2,,POINT (-91.565521532334 42.02010711962)
2014781038,201401038,01/21/2014,01-January,3-Tuesday,10:00,1000 Hours,District 6 (East Central),CEDAR RAPIDS,LINN,,7TH ST NE,Collision with:  Vehicle in traffic,On Roadway,Broadside (front to side),FTYROW:  Other (explain in narrative),None Indicated,,Daylight,Wet,Clear,None apparent,Intersection:  Other intersection (explain in narrative),Paved,,Property Damage Only,0,0,0,0,0,0,5500,3,3,,POINT (-91.663531211477 41.982247561574)
2014781624,14002784,01/21/2014,01-January,3-Tuesday,11:55,1100 Hours,District 5 (Southeast),MUSCATINE,MUSCATINE,,UNIVERSITY DR,Collision with:  Vehicle in traffic,On Roadway,"Sideswipe, same direction",Driving too fast for conditions,None Indicated,,Daylight,Snow,Cloudy,None apparent,Non-intersection:  Non-junction/no special feature,Paved,,Minor Injury,0,1,0,1,0,0,1800,2,3,,POINT (-91.017212840298 41.458757204303)
2014780629,14-000500,01/21/2014,01-January,3-Tuesday,18:45,1800 Hours,District 4 (Southwest),ATLANTIC,CASS,,CHESTNUT ST,Non-collision events:  Other non-collision (explain in narrative),Outside trafficway,Non-collision (single vehicle),Other (explain in narrative):  Other,None Indicated,,Dark - roadway lighted,Dry,Clear,None apparent,Non-intersection:  Non-junction/no special feature,Paved,,Property Damage Only,0,0,0,0,0,0,1600,1,0,,POINT (-95.013039256928 41.404820900499)
2014780657,CL14000204,01/21/2014,01-January,3-Tuesday,14:38,1400 Hours,District 6 (East Central),CLINTON,CLINTON,,N 3RD ST,Collision with fixed object:  Utility pole/light support,On Roadway,Non-collision (single vehicle),Driving too fast for conditions,None Indicated,,Daylight,Ice/frost,Clear,"Surface condition (e.g., wet, icy)",Non-intersection:  Non-junction/no special feature,Paved,,Property Damage Only,0,0,0,0,0,0,1500,1,1,,POINT (-90.183752683691 41.870945090148)
2014781516,140000998,01/21/2014,01-January,3-Tuesday,07:52,0700 Hours,District 2 (Northeast),MASON CITY,CERRO GORDO,,S TAFT AVE,Collision with:  Vehicle in traffic,On Roadway,Rear-end (front to rear),Lost Control,None Indicated,,Daylight,Ice/frost,Cloudy,"Surface condition (e.g., wet, icy)",Non-intersection:  Non-junction/no special feature,Paved,,Property Damage Only,0,0,0,0,0,0,2100,2,2,,POINT (-93.240568235129 43.142342771343)
2014781241,,01/21/2014,01-January,3-Tuesday,08:27,0800 Hours,District 2 (Northeast),,FLOYD,US 18,US 18,Non-collision events:  Overturn/rollover,On Roadway,Non-collision (single vehicle),Swerving/Evasive Action,None Indicated,,Daylight,Ice/frost,Clear,"Surface condition (e.g., wet, icy)",Non-intersection:  Non-junction/no special feature,Paved,,Possible/Unknown,0,1,0,0,1,0,4000,1,1,,POINT (-92.756884164767 43.1273532794)
2014785622,2014-4741,01/21/2014,01-January,3-Tuesday,15:08,1500 Hours,District 6 (East Central),DAVENPORT,SCOTT,,JACKSON AVE & S LINCOLN AVE,Collision with:  Vehicle in traffic,On Roadway,Broadside (front to side),FTYROW:  At uncontrolled intersection,None Indicated,,Daylight,Snow,Clear,"Surface condition (e.g., wet, icy)",Non-intersection:  Non-junction/no special feature,Paved,,Property Damage Only,0,0,0,0,0,0,4000,2,5,,POINT (-90.611622634187 41.517182545828)
2014781039,201401043,01/21/2014,01-January,3-Tuesday,12:45,1200 Hours,District 6 (East Central),CEDAR RAPIDS,LINN,,12TH AVE SE & 7TH ST SE,Collision with:  Vehicle in traffic,On Roadway,Broadside (front to side),FTYROW:  From stop sign,None Indicated,,Daylight,Wet,Cloudy,None apparent,Intersection:  Four-way intersection,Paved,,Property Damage Only,0,0,0,0,0,0,1500,2,2,,POINT (-91.653748594213 41.972748532733)
2014781215,2014004401,01/21/2014,01-January,3-Tuesday,06:38,0600 Hours,District 6 (East Central),,JONES,US 151,US 151,Collision with fixed object:  Ditch,On Roadway,Non-collision (single vehicle),Ran off road - right,None Indicated,,Dark - roadway not lighted,Ice/frost,Cloudy,"Surface condition (e.g., wet, icy)",Non-intersection:  Non-junction/no special feature,Paved,,Property Damage Only,0,0,0,0,0,0,15400,1,1,,POINT (-91.154858859906 42.258391046113)
2014781031,14-001946,01/21/2014,01-January,3-Tuesday,19:56,1900 Hours,District 5 (Southeast),,LEE,,BUS US 61,Collision with:  Animal,,,Animal,None Indicated,,,,,,,Paved,,Property Damage Only,0,0,0,0,0,0,2500,1,1,,POINT (-91.280582446654 40.648260459569)
2014780599,14000929,01/21/2014,01-January,3-Tuesday,10:10,1000 Hours,District 5 (Southeast),,APPANOOSE,IA 2,IA 2/IOWA 2,Collision with fixed object:  Other fixed object (explain in narrative),Shoulder,Non-collision (single vehicle),Ran off road - right,None Indicated,,Daylight,Ice/frost,Cloudy,"Surface condition (e.g., wet, icy)",Non-intersection:  Non-junction/no special feature,Paved,,Property Damage Only,0,0,0,0,0,0,4500,1,1,,POINT (-92.699198962299 40.739984173623)
2014781330,2014000699,01/21/2014,01-January,3-Tuesday,16:43,1600 Hours,District 6 (East Central),IOWA CITY,JOHNSON,IA 1,IA 1/E BURLINGTON ST/DODGE ST,Collision with:  Vehicle in traffic,On Roadway,Rear-end (front to rear),Driving too fast for conditions,None Indicated,,Daylight,Slush,Clear,"Surface condition (e.g., wet, icy)",Intersection:  Four-way intersection,Paved,,Property Damage Only,0,0,0,0,0,0,4700,2,2,,POINT (-91.52580347772 41.657791154871)
2014781760,2014004449,01/21/2014,01-January,3-Tuesday,07:30,0700 Hours,District 5 (Southeast),,MONROE,US 34,US 34,Collision with fixed object:  Ditch,On Roadway,Non-collision (single vehicle),Crossed centerline (undivided),None Indicated,,Daylight,Snow,Clear,"Surface condition (e.g., wet, icy)",Non-intersection:  Non-junction/no special feature,Paved,,Property Damage Only,0,0,0,0,0,0,2500,1,1,,POINT (-92.768480938079 41.017378012273)
2014780656,CL14000202,01/21/2014,01-January,3-Tuesday,12:07,1200 Hours,District 6 (East Central),CLINTON,CLINTON,US 30,US 30/LIBERTY AVE,Collision with:  Vehicle in traffic,On Roadway,Rear-end (front to rear),Other (explain in narrative):  Other,None Indicated,,Daylight,Snow,Clear,"Surface condition (e.g., wet, icy)",Non-intersection:  Non-junction/no special feature,Paved,,Possible/Unknown,0,2,0,0,2,0,12500,2,2,,POINT (-90.211851000506 41.821595422046)
2014780768,14001416,01/21/2014,01-January,3-Tuesday,17:00,1700 Hours,District 6 (East Central),MARION,LINN,,29TH AVE & INDIAN CREEK RD,Collision with:  Vehicle in traffic,On Roadway,Rear-end (front to rear),Other (explain in narrative):  Other,None Indicated,,Daylight,Snow,Cloudy,None apparent,Intersection:  Four-way intersection,Paved,,Property Damage Only,0,0,0,0,0,0,2000,2,2,,POINT (-91.591670664546 42.050746282603)
2014780820,20140001865,01/21/2014,01-January,3-Tuesday,09:33,0900 Hours,District 1 (Central),DES MOINES,POLK,,SE 22ND ST,Collision with:  Vehicle in traffic,On Roadway,"Sideswipe, opposite direction",Crossed centerline (undivided),None Indicated,,Daylight,Ice/frost,Clear,"Surface condition (e.g., wet, icy)",Non-intersection:  Non-junction/no special feature,Paved,,Property Damage Only,0,0,0,0,0,0,3000,2,4,,POINT (-93.577326531613 41.562519240509)
2014780849,14-0348,01/21/2014,01-January,3-Tuesday,06:30,0600 Hours,District 1 (Central),WEST DES MOINES,POLK,I-80,I-80,Collision with fixed object:  Other fixed object (explain in narrative),On Roadway,Non-collision (single vehicle),Driving too fast for conditions,None Indicated,,Dark - roadway lighted,Ice/frost,Clear,"Surface condition (e.g., wet, icy)",Non-intersection:  Non-junction/no special feature,Paved,,Property Damage Only,0,0,0,0,0,0,15000,1,1,,POINT (-93.786337272963 41.592165626213)
2014780607,1400679,01/21/2014,01-January,3-Tuesday,09:28,0900 Hours,District 2 (Northeast),CEDAR FALLS,BLACK HAWK,,W 12TH ST & BARNETT DR,Collision with:  Vehicle in traffic,On Roadway,"Sideswipe, opposite direction",Lost Control,None Indicated,,Daylight,Ice/frost,Clear,"Surface condition (e.g., wet, icy)",Non-intersection:  Driveway access (within),Paved,,Property Damage Only,0,0,0,0,0,0,12500,3,3,,POINT (-92.474686010956 42.527722086145)
2014781238,,01/21/2014,01-January,3-Tuesday,15:37,1500 Hours,District 5 (Southeast),,LUCAS,,Co Rd S56/290TH AVE,Collision with fixed object:  Other fixed object (explain in narrative),On Roadway,Non-collision (single vehicle),Driving too fast for conditions,None Indicated,,Unknown,Ice/frost,Unknown,"Surface condition (e.g., wet, icy)",Non-intersection:  Non-junction/no special feature,Paved,,Possible/Unknown,0,1,0,0,1,0,4300,1,1,,POINT (-93.193556441572 40.99348613752)
2014780600,14000946,01/21/2014,01-January,3-Tuesday,17:42,1700 Hours,District 5 (Southeast),,APPANOOSE,IA 2,IA 2/IOWA 2,Collision with:  Animal,,,Animal,None Indicated,,,,,,,Paved,,Property Damage Only,0,0,0,0,0,0,2500,1,1,,POINT (-93.003754511789 40.739520245762)
2014782156,2014004453,01/21/2014,01-January,3-Tuesday,06:51,0600 Hours,District 1 (Central),,MARSHALL,US 30,US 30/240TH ST,Collision with fixed object:  Bridge pier or support,On Roadway,Non-collision (single vehicle),Driving too fast for conditions,None Indicated,,Dawn,Ice/frost,Snow,"Surface condition (e.g., wet, icy)",Non-intersection:  Other non-intersection (explain in narrative),Paved,,Fatal,2,0,0,0,0,0,10000,1,2,,POINT (-92.819101519186 42.006754542536)
2014780809,20140001912,01/21/2014,01-January,3-Tuesday,17:35,1700 Hours,District 1 (Central),DES MOINES,POLK,,MADISON AVE & BEAVER AVE,Collision with:  Vehicle in traffic,On Roadway,Broadside (front to side),Unknown,None Indicated,,Dark - roadway lighted,Snow,Clear,None apparent,Non-intersection:  Non-junction/no special feature,Paved,,Property Damage Only,0,0,0,0,0,0,2500,2,4,,POINT (-93.6780736259 41.633135339244)
2014780812,20140001906,01/21/2014,01-January,3-Tuesday,15:43,1500 Hours,District 1 (Central),DES MOINES,POLK,,BANCROFT ST & SW 9TH ST,Collision with:  Vehicle in traffic,On Roadway,Rear-end (front to rear),"Operating vehicle in an reckless, erratic, careless, negligent manner",None Indicated,,Daylight,Wet,Cloudy,"Surface condition (e.g., wet, icy)",Intersection:  T-intersection,Paved,,Property Damage Only,0,0,0,0,0,0,2500,2,2,,POINT (-93.622802189572 41.569884065997)
2014780783,2014000607,01/21/2014,01-January,3-Tuesday,10:13,1000 Hours,District 1 (Central),MARSHALLTOWN,MARSHALL,,S 6TH ST,Collision with:  Vehicle in traffic,On Roadway,"Sideswipe, same direction",Lost Control,None Indicated,,Daylight,Ice/frost,Cloudy,None apparent,Non-intersection:  Non-junction/no special feature,Paved,,Property Damage Only,0,0,0,0,0,0,6000,2,3,,POINT (-92.922261471102 42.030945498066)
2014780520,14-0201,01/21/2014,01-January,3-Tuesday,12:02,1200 Hours,District 1 (Central),FORT DODGE,WEBSTER,,5TH AVE S & KIRKBERG BLVD,Collision with:  Vehicle in traffic,Shoulder,Rear-end (front to rear),Improper Backing,None Indicated,,Daylight,Wet,Cloudy,None apparent,Non-intersection:  Non-junction/no special feature,Paved,,Property Damage Only,0,0,0,0,0,0,1500,2,3,,POINT (-94.133694517566 42.501236167205)
2014780766,14001397,01/21/2014,01-January,3-Tuesday,10:30,1000 Hours,District 6 (East Central),MARION,LINN,,7TH AVE & 3RD ST,Collision with:  Vehicle in traffic,On Roadway,Rear-end (front to rear),Followed too close,None Indicated,,Daylight,Ice/frost,Clear,"Surface condition (e.g., wet, icy)",Non-intersection:  Non-junction/no special feature,Paved,,Property Damage Only,0,0,0,0,0,0,4000,2,2,,POINT (-91.607739989781 42.033145879436)
2014782174,,01/21/2014,01-January,3-Tuesday,09:30,0900 Hours,District 6 (East Central),CEDAR RAPIDS,LINN,,42ND ST NE & RIVERSIDE DR NE,Collision with:  Vehicle in traffic,On Roadway,Rear-end (front to rear),Unknown,None Indicated,,Daylight,Ice/frost,Snow,,Intersection:  T-intersection,Paved,,Property Damage Only,0,0,0,0,0,0,3650,2,2,,POINT (-91.713877009752 42.021937613864)
2014780663,2014-0255,01/21/2014,01-January,3-Tuesday,08:30,0800 Hours,District 4 (Southwest),WAUKEE,DALLAS,US 6,US 6/HICKMAN AVE & WARRIOR LN & N WARRIOR LN,Collision with:  Vehicle in traffic,On Roadway,"Sideswipe, same direction",Unknown,None Indicated,,Daylight,Ice/frost,Clear,Unknown,Non-intersection:  Non-junction/no special feature,Paved,,Property Damage Only,0,0,0,0,0,0,2762,2,2,,POINT (-93.872203531688 41.614937866734)
2014780881,2014-4673,01/21/2014,01-January,3-Tuesday,07:46,0700 Hours,District 6 (East Central),DAVENPORT,SCOTT,,W LOCUST ST & HICKORY GROVE RD & N DIVISION ST,Collision with:  Vehicle in traffic,On Roadway,"Sideswipe, opposite direction",Lost Control,None Indicated,,Daylight,Ice/frost,Clear,"Surface condition (e.g., wet, icy)",Intersection:  Five points or more,Paved,,Property Damage Only,0,0,0,0,0,0,5000,2,2,,POINT (-90.601077565245 41.53825417734)
2014782177,,01/21/2014,01-January,3-Tuesday,12:00,1200 Hours,District 6 (East Central),CEDAR RAPIDS,LINN,,32ND ST NE & C AVE NE,Collision with:  Vehicle in traffic,On Roadway,Rear-end (front to rear),Unknown,None Indicated,,Daylight,Snow,Severe winds,,Non-intersection:  Other non-intersection (explain in narrative),Paved,,Property Damage Only,0,0,0,0,0,0,9000,2,2,,POINT (-91.63840222856 42.009863062495)
2014781032,201401039,01/21/2014,01-January,3-Tuesday,11:09,1100 Hours,District 6 (East Central),CEDAR RAPIDS,LINN,I-380,I-380,Collision with fixed object:  Guardrail - face,On Roadway,Non-collision (single vehicle),Swerving/Evasive Action,None Indicated,,Daylight,Slush,Snow,"Surface condition (e.g., wet, icy)",Non-intersection:  Other non-intersection (explain in narrative),Paved,,Possible/Unknown,0,1,0,0,1,0,10000,1,1,,POINT (-91.668582045082 41.929834540602)
2014780411,20140001849,01/21/2014,01-January,3-Tuesday,07:51,0700 Hours,District 1 (Central),DES MOINES,POLK,IA 163,IA 163/E UNIVERSITY AVE,Collision with:  Vehicle in traffic,On Roadway,Rear-end (front to rear),Improper or erratic lane changing,None Indicated,,Daylight,Wet,Clear,None apparent,Non-intersection:  Non-junction/no special feature,Paved,,Property Damage Only,0,0,0,0,0,0,4500,2,2,,POINT (-93.585896726425 41.600486567149)
2014783103,14-000287,01/21/2014,01-January,3-Tuesday,07:46,0700 Hours,District 1 (Central),AMES,STORY,,20TH ST,Collision with:  Vehicle in traffic,On Roadway,Rear-end (front to rear),Driving too fast for conditions,None Indicated,,Dawn,Slush,Clear,"Surface condition (e.g., wet, icy)",Non-intersection:  Non-junction/no special feature,Paved,,Property Damage Only,0,0,0,0,0,0,4000,2,2,,POINT (-93.633516349455 42.041895744974)
2014780897,14-0044,01/21/2014,01-January,3-Tuesday,17:45,1700 Hours,District 1 (Central),,WEBSTER,,Co Rd P59/QUAIL AVE,Collision with:  Animal,,,Animal,None Indicated,,,,,,,Paved,,Property Damage Only,0,0,0,0,0,0,3800,1,1,,POINT (-94.126512144746 42.460447893262)
2014781096,S14-000193,01/21/2014,01-January,3-Tuesday,06:45,0600 Hours,District 4 (Southwest),,POTTAWATTAMIE,US 6,US 6,Collision with:  Animal,Roadside,Non-collision (single vehicle),Animal,None Indicated,,Dark - roadway not lighted,Other (explain in narrative),Cloudy,"Surface condition (e.g., wet, icy)",Non-intersection:  Non-junction/no special feature,Paved,,Property Damage Only,0,0,0,0,0,0,3500,1,1,,POINT (-95.233156469335 41.317813979028)
2014781042,201401057,01/21/2014,01-January,3-Tuesday,17:39,1700 Hours,District 6 (East Central),CEDAR RAPIDS,LINN,,MADISON ST NE,Collision with:  Vehicle in traffic,On Roadway,Rear-end (front to rear),Lost Control,None Indicated,,Dark - roadway lighted,Ice/frost,Clear,"Surface condition (e.g., wet, icy)","Interchange-related:  Off-ramp, diverge area",Paved,,Property Damage Only,0,0,0,0,0,0,9000,3,6,,POINT (-91.665694653933 42.011012194192)
2014781088,14-0154,01/21/2014,01-January,3-Tuesday,15:22,1500 Hours,District 1 (Central),URBANDALE,POLK,,DOUGLAS AVE & 64TH ST,Collision with:  Vehicle in traffic,On Roadway,"Angle, oncoming left turn",FTYROW:  From stop sign,None Indicated,,Daylight,Dry,Clear,None apparent,Intersection:  T-intersection,Paved,,Possible/Unknown,0,1,0,0,1,0,13000,2,2,,POINT (-93.704974057587 41.62938865618)
2014780830,20140001918,01/21/2014,01-January,3-Tuesday,18:26,1800 Hours,District 1 (Central),DES MOINES,POLK,,42ND ST,Collision with:  Vehicle in traffic,On Roadway,Broadside (front to side),"Operating vehicle in an reckless, erratic, careless, negligent manner",None Indicated,,Dark - roadway lighted,Dry,Cloudy,None apparent,Non-intersection:  Non-junction/no special feature,Paved,,Property Damage Only,0,0,0,0,0,0,1500,2,3,,POINT (-93.674399063502 41.599650185717)
2014780420,20140001862,01/21/2014,01-January,3-Tuesday,09:15,0900 Hours,District 1 (Central),DES MOINES,POLK,US 69,US 69/SE 14TH ST & CUMMINS RD,Collision with:  Vehicle in traffic,On Roadway,Broadside (front to side),Lost Control,None Indicated,,Daylight,Slush,Clear,"Surface condition (e.g., wet, icy)",Intersection:  T-intersection,Paved,,Property Damage Only,0,0,0,0,0,0,4000,2,3,,POINT (-93.596781891919 41.528939691847)
2014781485,14-6743,01/21/2014,01-January,3-Tuesday,04:45,0400 Hours,District 2 (Northeast),,BLACK HAWK,US 218,US 218 & Co Rd C57/W CEDAR-WAPSI RD,Collision with:  Vehicle in traffic,On Roadway,Broadside (front to side),Other (explain in narrative):  Other,None Indicated,,Dark - roadway lighted,Snow,Snow,None apparent,Non-intersection:  Crossover-related,Paved,,Property Damage Only,0,0,0,0,0,0,2700,2,2,,POINT (-92.443579843538 42.613742112718)
2014780658,CL14000205,01/21/2014,01-January,3-Tuesday,15:00,1500 Hours,District 6 (East Central),CLINTON,CLINTON,,S 5TH ST,Collision with:  Vehicle in traffic,On Roadway,Rear-end (front to rear),Other (explain in narrative):  Other,None Indicated,,Daylight,Snow,Clear,"Surface condition (e.g., wet, icy)",Non-intersection:  Alley,Paved,,Property Damage Only,0,0,0,0,0,0,2000,2,3,,POINT (-90.195718765242 41.838394346118)
2014780671,14-02323,01/21/2014,01-January,3-Tuesday,19:46,1900 Hours,District 5 (Southeast),BURLINGTON,DES MOINES,,JEFFERSON ST & CENTRAL AVE,Collision with fixed object:  Utility pole/light support,Shoulder,Rear-end (front to rear),Ran off road - right,None Indicated,,Dark - roadway lighted,Ice/frost,Cloudy,"Surface condition (e.g., wet, icy)",Non-intersection:  Non-junction/no special feature,Paved,,Property Damage Only,0,0,0,0,0,0,2400,2,3,,POINT (-91.111550265871 40.811662213881)
2014790265,14-0151,01/21/2014,01-January,3-Tuesday,09:46,0900 Hours,District 1 (Central),URBANDALE,POLK,,100TH ST,Collision with:  Vehicle in traffic,On Roadway,Rear-end (front to rear),Other (explain in narrative):  Other,None Indicated,,Daylight,Ice/frost,Clear,None apparent,Intersection:  Four-way intersection,Paved,,Possible/Unknown,0,1,0,0,1,0,900,2,2,,POINT (-93.755927547174 41.615292912696)
2014780793,2014000635,01/21/2014,01-January,3-Tuesday,17:46,1700 Hours,District 1 (Central),MARSHALLTOWN,MARSHALL,,E STATE ST,Collision with:  Vehicle in traffic,On Roadway,Rear-end (front to rear),Driving too fast for conditions,None Indicated,,Dark - roadway lighted,Ice/frost,Clear,"Surface condition (e.g., wet, icy)",Intersection:  Four-way intersection,Paved,,Property Damage Only,0,0,0,0,0,0,3000,2,2,,POINT (-92.91218365715 42.050392492512)
2014780839,14-0155,01/21/2014,01-January,3-Tuesday,15:57,1500 Hours,District 1 (Central),URBANDALE,POLK,,109TH ST,Collision with:  Vehicle in traffic,On Roadway,Rear-end (front to rear),Followed too close,None Indicated,,Daylight,Wet,Cloudy,None apparent,Intersection:  Four-way intersection,Paved,,Property Damage Only,0,0,0,0,0,0,2000,2,2,,POINT (-93.767993528481 41.629741492732)
2014780652,CL14000195,01/21/2014,01-January,3-Tuesday,12:09,1200 Hours,District 6 (East Central),CLINTON,CLINTON,,S BLUFF BLVD,Collision with:  Vehicle in traffic,On Roadway,Rear-end (front to rear),Unknown,None Indicated,,Daylight,Ice/frost,Clear,"Surface condition (e.g., wet, icy)",Non-intersection:  Non-junction/no special feature,Paved,,Property Damage Only,0,0,0,0,0,0,1500,2,2,,POINT (-90.22559421002 41.833158618243)
2014782246,032-012-14,01/21/2014,01-January,3-Tuesday,14:49,1400 Hours,District 3 (Northwest),ESTHERVILLE,EMMET,,2ND AVE N & N 12TH ST,Collision with:  Vehicle in traffic,On Roadway,Broadside (front to side),FTYROW:  From yield sign,None Indicated,,Daylight,Ice/frost,Cloudy,"Surface condition (e.g., wet, icy)",Intersection:  Other intersection (explain in narrative),Paved,,Property Damage Only,0,0,0,0,0,0,2100,2,3,,POINT (-94.829041188471 43.404049230271)
2014780777,14-0333,01/21/2014,01-January,3-Tuesday,07:35,0700 Hours,District 6 (East Central),HIAWATHA,LINN,,ROBINS RD & ROBINS RD CONN,Collision with:  Vehicle in traffic,On Roadway,"Sideswipe, same direction",Other (explain in narrative):  Other,None Indicated,,Daylight,Snow,Clear,None apparent,Non-intersection:  Non-junction/no special feature,Paved,,Property Damage Only,0,0,0,0,0,0,2000,2,2,,POINT (-91.6730241034 42.038935871294)
2014780796,14-450,01/21/2014,01-January,3-Tuesday,16:28,1600 Hours,District 1 (Central),BONDURANT,POLK,,GRANT ST S & 15TH ST SE,Collision with:  Vehicle in traffic,On Roadway,Head-on (front to front),Crossed centerline (undivided),None Indicated,,Daylight,"Mud, dirt",Cloudy,None apparent,Intersection:  T-intersection,Paved,,Minor Injury,0,1,0,1,0,0,2500,2,2,,POINT (-93.461597725514 41.68740478744)
2014784285,2014000746,01/21/2014,01-January,3-Tuesday,18:15,1800 Hours,District 6 (East Central),IOWA CITY,JOHNSON,US 6,US 6/S RIVERSIDE DR & IA 1/W BURLINGTON ST & GRAND AVE,Collision with:  Vehicle in traffic,On Roadway,Rear-end (front to rear),Followed too close,None Indicated,,Dusk,Ice/frost,Cloudy,None apparent,Non-intersection:  Non-junction/no special feature,Paved,,Possible/Unknown,0,1,0,0,1,0,600,2,6,,POINT (-91.541903201135 41.658050599121)
2014780808,20140001887,01/21/2014,01-January,3-Tuesday,13:32,1300 Hours,District 1 (Central),DES MOINES,POLK,I-235,I-235 & SCHOOL ST & 7TH ST,Collision with:  Vehicle in traffic,On Roadway,Broadside (front to side),Ran Traffic Signal,None Indicated,,Daylight,Dry,Cloudy,None apparent,Intersection:  Intersection with ramp,Paved,,Property Damage Only,0,0,0,0,0,0,5500,2,3,,POINT (-93.626873488333 41.595235390449)
2014780784,2014000610,01/21/2014,01-January,3-Tuesday,10:19,1000 Hours,District 1 (Central),MARSHALLTOWN,MARSHALL,IA 14,IA 14/3RD AVE,Collision with:  Vehicle in traffic,On Roadway,Rear-end (front to rear),Driving too fast for conditions,None Indicated,,Daylight,Ice/frost,Clear,"Surface condition (e.g., wet, icy)",Intersection:  Four-way intersection,Paved,,Property Damage Only,0,0,0,0,0,0,2900,2,4,,POINT (-92.908043851989 42.0468586665)
2014780345,14-050121-01,01/21/2014,01-January,3-Tuesday,07:00,0700 Hours,District 6 (East Central),,IOWA,US 151,US 151/42ND AVE,Non-collision events:  Other non-collision (explain in narrative),Roadside,Non-collision (single vehicle),Swerving/Evasive Action,None Indicated,,Dawn,Snow,Clear,"Surface condition (e.g., wet, icy)",Non-intersection:  Non-junction/no special feature,Paved,,Property Damage Only,0,0,0,0,0,0,1700,1,1,,POINT (-91.874442732386 41.791731117151)