Iowa DOT Case Number,Law Enforcement Case Number,Date of Crash,Month of Crash,Day of Week,Time of Crash,Hour,DOT District,City Name,County Name,Route with System,Location Description,First Harmful Event,Location of First Harmful Event,Manner of Crash/Collision,Major Cause,Drug or Alcohol ,Environmental Conditions,Light Conditions,Surface Conditions,Weather Conditions,Roadway Contribution,Roadway Type,Roadway Surface,Work Zone,Crash Severity,Number of Fatalities,Number of Injuries,Number of Major Injuries,Number of Minor Injuries,Number of Possible Injuries,Number of Unknown Injuries,Amount of Property Damage,Number of Vehicles Involved,Total Number of Occupants,Travel Direction,Location
2014780811,20140001895,01/21/2014,01-January,3-Tuesday,15:29,1500 Hours,District 1 (Central),DES MOINES,POLK,,FINKBINE DR & E WALNUT ST,Collision with:  Vehicle in traffic,On Roadway,"Sideswipe, same direction",FTYROW:  From stop sign,None Indicated,,Daylight,Wet,Cloudy,None apparent,Intersection:  Four-way intersection,Paved,,Possible/Unknown,0,1,0,0,1,0,3000,2,3,,POINT (-93.605247113694 41.589631673944)
2014781158,14-2083,01/21/2014,01-January,3-Tuesday,18:00,1800 Hours,District 3 (Northwest),SIOUX CITY,WOODBURY,,STONE PARK BLVD & HAMILTON BLVD,Collision with:  Vehicle in traffic,On Roadway,Rear-end (front to rear),Followed too close,None Indicated,,Dark - roadway lighted,Dry,Clear,None apparent,Intersection:  Four-way intersection,Paved,,Property Damage Only,0,0,0,0,0,0,3200,2,4,,POINT (-96.415262059805 42.525588898602)
2014780669,14-02291,01/21/2014,01-January,3-Tuesday,16:29,1600 Hours,District 5 (Southeast),BURLINGTON,DES MOINES,,WEST AVE & GARFIELD AVE,Collision with:  Vehicle in traffic,On Roadway,"Sideswipe, same direction",Driving too fast for conditions,None Indicated,,Daylight,Ice/frost,Cloudy,None apparent,Intersection:  Y-intersection,Paved,,Property Damage Only,0,0,0,0,0,0,3000,2,4,,POINT (-91.119544629851 40.800199755349)
2014780883,2014-4664,01/21/2014,01-January,3-Tuesday,07:36,0700 Hours,District 6 (East Central),DAVENPORT,SCOTT,I-280,I-280,Collision with:  Vehicle in traffic,On Roadway,"Sideswipe, same direction",Driving too fast for conditions,None Indicated,,Daylight,Ice/frost,Clear,"Surface condition (e.g., wet, icy)",Non-intersection:  Non-junction/no special feature,Paved,,Property Damage Only,0,0,0,0,0,0,1500,2,2,,POINT (-90.672224999298 41.507410837665)
2014782182,,01/21/2014,01-January,3-Tuesday,09:45,0900 Hours,District 6 (East Central),CEDAR RAPIDS,LINN,,1ST ST NW & F AVE NW,Collision with:  Vehicle in traffic,On Roadway,Head-on (front to front),Unknown,None Indicated,,Daylight,Ice/frost,Cloudy,,Intersection:  Five points or more,Paved,,Property Damage Only,0,0,0,0,0,0,1500,2,3,,POINT (-91.674387801832 41.978527707997)
2014784904,,01/21/2014,01-January,3-Tuesday,17:20,1700 Hours,District 2 (Northeast),WATERLOO,BLACK HAWK,,E RIDGEWAY AVE & W 9TH ST,Collision with:  Vehicle in traffic,On Roadway,Rear-end (front to rear),Unknown,None Indicated,,Dusk,Ice/frost,Unknown,,Non-intersection:  Non-junction/no special feature,Paved,,Property Damage Only,0,0,0,0,0,0,1800,2,2,,POINT (-92.342617919553 42.469376250328)
2014781544,14-092,01/21/2014,01-January,3-Tuesday,15:33,1500 Hours,District 3 (Northwest),SPIRIT LAKE,DICKINSON,US 71,US 71/18TH ST,Collision with:  Vehicle in traffic,On Roadway,"Sideswipe, opposite direction",Crossed centerline (undivided),None Indicated,,Daylight,Snow,Cloudy,"Surface condition (e.g., wet, icy)",Intersection:  T-intersection,Paved,,Property Damage Only,0,0,0,0,0,0,3000,2,3,,POINT (-95.093997586222 43.42369700548)
2014781216,2014004422,01/21/2014,01-January,3-Tuesday,07:20,0700 Hours,District 1 (Central),WEST DES MOINES,POLK,I-35,I-35,Collision with fixed object:  Concrete traffic barrier (median or right side),Shoulder,Non-collision (single vehicle),Driving too fast for conditions,None Indicated,,Daylight,Ice/frost,Snow,"Surface condition (e.g., wet, icy)",Non-intersection:  Non-junction/no special feature,Paved,,Property Damage Only,0,0,0,0,0,0,8000,1,1,,POINT (-93.775939611316 41.545461645916)
2014781337,2014000697,01/21/2014,01-January,3-Tuesday,16:19,1600 Hours,District 6 (East Central),IOWA CITY,JOHNSON,US 6,US 6/S RIVERSIDE DR & IA 1/W BURLINGTON ST & GRAND AVE,Collision with:  Vehicle in traffic,On Roadway,Rear-end (front to rear),Driving too fast for conditions,None Indicated,,Daylight,Ice/frost,Clear,None apparent,Non-intersection:  Non-junction/no special feature,Paved,,Property Damage Only,0,0,0,0,0,0,3500,2,2,,POINT (-91.541903201135 41.658050599121)
2014781331,2014000701,01/21/2014,01-January,3-Tuesday,16:59,1600 Hours,District 6 (East Central),IOWA CITY,JOHNSON,,WATERFRONT DR,Collision with:  Vehicle in traffic,On Roadway,Broadside (front to side),Lost Control,None Indicated,,Daylight,Ice/frost,Clear,"Surface condition (e.g., wet, icy)",Intersection:  T-intersection,Paved,,Property Damage Only,0,0,0,0,0,0,2000,2,2,,POINT (-91.530491722351 41.642809734225)
2014782191,,01/21/2014,01-January,3-Tuesday,13:08,1300 Hours,District 6 (East Central),CEDAR RAPIDS,LINN,,OLD MARION RD NE & F AVE NE,Collision with:  Vehicle in traffic,On Roadway,Broadside (front to side),Unknown,None Indicated,,Daylight,Wet,Cloudy,,Intersection:  Four-way intersection,Paved,,Property Damage Only,0,0,0,0,0,0,7600,2,3,,POINT (-91.643421663913 42.024837055747)
2014780410,20140001848,01/21/2014,01-January,3-Tuesday,07:39,0700 Hours,District 1 (Central),DES MOINES,POLK,I-235,I-235 & IA 28/63RD ST,Collision with:  Vehicle in traffic,On Roadway,Rear-end (front to rear),Driving too fast for conditions,None Indicated,,Daylight,Ice/frost,Clear,"Surface condition (e.g., wet, icy)",Interchange-related:  Off-ramp,Paved,,Property Damage Only,0,0,0,0,0,0,6500,2,2,,POINT (-93.702218845536 41.593421765347)
2014780991,01-14-3075,01/21/2014,01-January,3-Tuesday,17:58,1700 Hours,District 6 (East Central),DUBUQUE,DUBUQUE,,WACKER DR,Collision with:  Vehicle in traffic,On Roadway,Rear-end (front to rear),Lost Control,None Indicated,,Dark - roadway lighted,Dry,Cloudy,None apparent,Non-intersection:  Driveway access (within),Paved,,Possible/Unknown,0,1,0,0,1,0,20000,2,5,,POINT (-90.720482813287 42.493471303481)
2014781816,,01/21/2014,01-January,3-Tuesday,16:23,1600 Hours,District 5 (Southeast),FORT MADISON,LEE,,AVE O,Collision with:  Vehicle in traffic,On Roadway,"Angle, oncoming left turn",FTYROW:  Making left turn,None Indicated,,Daylight,Dry,Cloudy,None apparent,Intersection:  Other intersection (explain in narrative),Paved,,Possible/Unknown,0,1,0,0,1,0,2000,2,3,,POINT (-91.374957909165 40.624035054445)
2014780326,140528,01/21/2014,01-January,3-Tuesday,07:25,0700 Hours,District 4 (Southwest),,DALLAS,US 169,US 169/N AVE,Collision with:  Vehicle in traffic,On Roadway,"Sideswipe, same direction",Driving too fast for conditions,None Indicated,,Daylight,Ice/frost,Clear,"Surface condition (e.g., wet, icy)",Non-intersection:  Non-junction/no special feature,Paved,,Property Damage Only,0,0,0,0,0,0,2300,2,3,,POINT (-94.023110544155 41.669609640393)
2014780851,14-0352,01/21/2014,01-January,3-Tuesday,07:50,0700 Hours,District 1 (Central),WEST DES MOINES,POLK,,E P TRUE PKWY,Collision with:  Vehicle in traffic,On Roadway,Rear-end (front to rear),Lost Control,None Indicated,,Daylight,Ice/frost,Clear,"Surface condition (e.g., wet, icy)",Non-intersection:  Non-junction/no special feature,Paved,,Property Damage Only,0,0,0,0,0,0,13000,2,3,,POINT (-93.757199946859 41.570131377211)
2014781143,SA1400468,01/21/2014,01-January,3-Tuesday,21:40,2100 Hours,District 5 (Southeast),RIVERSIDE,WASHINGTON,,2ND ST & ELLA ST,Collision with:  Vehicle in traffic,On Roadway,Unknown,Lost Control,None Indicated,,Dark - roadway lighted,Snow,Cloudy,"Surface condition (e.g., wet, icy)",Non-intersection:  Non-junction/no special feature,Paved,,Property Damage Only,0,0,0,0,0,0,8000,2,1,,POINT (-91.578650496293 41.48042440276)
2014781492,14006770,01/21/2014,01-January,3-Tuesday,08:35,0800 Hours,District 2 (Northeast),CEDAR FALLS,BLACK HAWK,,GREENHILL RD & ALGONQUN DR,Collision with:  Vehicle in traffic,On Roadway,Rear-end (front to rear),Lost Control,None Indicated,,Daylight,Ice/frost,Cloudy,"Surface condition (e.g., wet, icy)",Intersection:  T-intersection,Paved,,Property Damage Only,0,0,0,0,0,0,2500,2,2,,POINT (-92.461127143598 42.498804471883)
2014782073,00187,01/21/2014,01-January,3-Tuesday,05:04,0500 Hours,District 6 (East Central),DYERSVILLE,DUBUQUE,,2ND AVE SW,Collision with:  Parked motor vehicle,On Roadway,"Sideswipe, same direction",Other (explain in narrative):  Vision obstructed,None Indicated,,Dark - roadway not lighted,Snow,Clear,None apparent,Non-intersection:  Non-junction/no special feature,Paved,,Property Damage Only,0,0,0,0,0,0,4000,2,1,,POINT (-91.129102241707 42.483618843278)
2014780791,2014000612,01/21/2014,01-January,3-Tuesday,11:25,1100 Hours,District 1 (Central),MARSHALLTOWN,MARSHALL,IA 14,IA 14/S CENTER ST,Collision with:  Vehicle in traffic,On Roadway,Rear-end (front to rear),Driving too fast for conditions,None Indicated,,Daylight,Ice/frost,Clear,"Surface condition (e.g., wet, icy)",Non-intersection:  Non-junction/no special feature,Paved,,Property Damage Only,0,0,0,0,0,0,1900,3,3,,POINT (-92.912699395068 42.035577030088)
2014780418,20140001838,01/21/2014,01-January,3-Tuesday,00:01,0000 Hours,District 1 (Central),DES MOINES,POLK,,CRESTMOOR PL,Collision with:  Parked motor vehicle,Shoulder,Unknown,Unknown,None Indicated,,Dark - roadway lighted,Snow,Clear,Unknown,Non-intersection:  Non-junction/no special feature,Paved,,Property Damage Only,0,0,0,0,0,0,3000,2,1,,POINT (-93.670586393888 41.641673019082)
2014781418,2014-4656,01/21/2014,01-January,3-Tuesday,06:54,0600 Hours,District 6 (East Central),DAVENPORT,SCOTT,I-280,I-280 & US 61/140 ST & IA 461,Collision with fixed object:  Guardrail - face,On Roadway,Non-collision (single vehicle),Driving too fast for conditions,None Indicated,,Dawn,Ice/frost,Clear,"Surface condition (e.g., wet, icy)",Non-intersection:  Other non-intersection (explain in narrative),Paved,,Property Damage Only,0,0,0,0,0,0,13121,1,1,,POINT (-90.672787285242 41.509106443272)
2014780990,01-14-3068,01/21/2014,01-January,3-Tuesday,17:28,1700 Hours,District 6 (East Central),DUBUQUE,DUBUQUE,,LORAS BLVD,Collision with:  Vehicle in traffic,On Roadway,Rear-end (front to rear),Followed too close,None Indicated,,Dark - roadway lighted,Wet,Cloudy,None apparent,Intersection:  Four-way intersection,Paved,,Property Damage Only,0,0,0,0,0,0,1700,2,2,,POINT (-90.688370103423 42.50041917943)
2014780618,W14-006778,01/21/2014,01-January,3-Tuesday,09:07,0900 Hours,District 2 (Northeast),WATERLOO,BLACK HAWK,,LA PORTE RD,Collision with:  Vehicle in traffic,On Roadway,Rear-end (front to rear),Driving too fast for conditions,None Indicated,,Daylight,Ice/frost,Cloudy,"Surface condition (e.g., wet, icy)",Intersection:  Four-way intersection,Paved,,Property Damage Only,0,0,0,0,0,0,2000,3,3,,POINT (-92.32052858632 42.467004964001)
2014780434,14-0345,01/21/2014,01-January,3-Tuesday,04:50,0400 Hours,District 1 (Central),WEST DES MOINES,POLK,I-35,I-35,Collision with fixed object:  Concrete traffic barrier (median or right side),Median,Non-collision (single vehicle),Lost Control,None Indicated,,Dark - roadway lighted,Ice/frost,Cloudy,None apparent,Non-intersection:  Non-junction/no special feature,Paved,,Possible/Unknown,0,1,0,0,1,0,6000,1,1,,POINT (-93.777321034227 41.590704721822)
2014780840,14-0353,01/21/2014,01-January,3-Tuesday,08:15,0800 Hours,District 4 (Southwest),WEST DES MOINES,DALLAS,,JORDAN CREEK PKWY & CODY DR,Collision with:  Vehicle in traffic,On Roadway,"Sideswipe, same direction",Lost Control,None Indicated,,Daylight,Ice/frost,Cloudy,"Surface condition (e.g., wet, icy)",Intersection:  Four-way intersection,Paved,,Possible/Unknown,0,2,0,0,2,0,6000,3,3,,POINT (-93.809194007839 41.576793837134)
2014780782,2014000599,01/21/2014,01-January,3-Tuesday,06:55,0600 Hours,District 1 (Central),MARSHALLTOWN,MARSHALL,,N 16TH ST,Collision with:  Parked motor vehicle,On Roadway,Rear-end (front to rear),Lost Control,None Indicated,,Dark - roadway lighted,Snow,Clear,"Surface condition (e.g., wet, icy)",Non-intersection:  Non-junction/no special feature,Paved,,Property Damage Only,0,0,0,0,0,0,18000,2,1,,POINT (-92.940835101293 42.050762093986)
2014787883,,01/21/2014,01-January,3-Tuesday,09:37,0900 Hours,District 5 (Southeast),,MUSCATINE,US 6,US 6,Collision with:  Vehicle in traffic,On Roadway,"Sideswipe, same direction",Crossed centerline (undivided),None Indicated,,Daylight,Ice/frost,"Blowing sand, soil, dirt","Surface condition (e.g., wet, icy)",Non-intersection:  Non-junction/no special feature,Paved,,Possible/Unknown,0,1,0,0,1,0,6000,2,2,,POINT (-91.283984083823 41.582551347436)
2014780866,14-356,01/21/2014,01-January,3-Tuesday,09:00,0900 Hours,District 1 (Central),WEST DES MOINES,POLK,I-235,I-235 & 35TH ST/VALLEY WEST DR,Collision with:  Vehicle in traffic,On Roadway,Broadside (front to side),Lost Control,None Indicated,,Daylight,Ice/frost,Cloudy,"Surface condition (e.g., wet, icy)",Interchange-related:  Off-ramp,Paved,,Minor Injury,0,2,0,1,1,0,6350,4,4,,POINT (-93.75184078012 41.591009283833)
2014796848,,01/21/2014,01-January,3-Tuesday,12:00,1200 Hours,District 1 (Central),WEST DES MOINES,POLK,I-235,I-235,Collision with fixed object:  Other fixed object (explain in narrative),Roadside,Non-collision (single vehicle),Unknown,None Indicated,,Daylight,,,None apparent,Non-intersection:  Non-junction/no special feature,Paved,,Property Damage Only,0,0,0,0,0,0,5851,1,1,,POINT (-93.765293109059 41.592235578072)
2014780872,14-1119,01/21/2014,01-January,3-Tuesday,00:36,0000 Hours,District 6 (East Central),BETTENDORF,SCOTT,I-80,I-80,Collision with fixed object:  Guardrail - face,On Roadway,Non-collision (single vehicle),Other (explain in narrative):  No improper action,None Indicated,,Dark - roadway not lighted,Ice/frost,Snow,"Surface condition (e.g., wet, icy)",Non-intersection:  Non-junction/no special feature,Paved,,Property Damage Only,0,0,0,0,0,0,3200,1,1,,POINT (-90.465243896162 41.597022642459)
2014780307,W14-006804,01/21/2014,01-January,3-Tuesday,10:26,1000 Hours,District 2 (Northeast),WATERLOO,BLACK HAWK,,INDEPENDENCE AVE & IDAHO ST,Collision with:  Vehicle in traffic,On Roadway,Rear-end (front to rear),Other (explain in narrative):  Other,None Indicated,,Daylight,Ice/frost,Clear,"Surface condition (e.g., wet, icy)",Intersection:  Four-way intersection,Paved,,Property Damage Only,0,0,0,0,0,0,3000,2,3,,POINT (-92.307848565082 42.498377513647)
2014780831,20140001919,01/21/2014,01-January,3-Tuesday,18:30,1800 Hours,District 1 (Central),DES MOINES,POLK,,HICKMAN RD & ARLINGTON AVE & 6TH AVE,Collision with:  Vehicle in traffic,On Roadway,Rear-end (front to rear),Lost Control,None Indicated,,Dark - roadway lighted,Slush,Cloudy,"Surface condition (e.g., wet, icy)",Intersection:  Four-way intersection,Paved,,Possible/Unknown,0,1,0,0,1,0,9500,2,6,,POINT (-93.625568104196 41.612887657151)
2014780608,14006822,01/21/2014,01-January,3-Tuesday,12:00,1200 Hours,District 2 (Northeast),CEDAR FALLS,BLACK HAWK,,WATERLOO RD,Collision with:  Vehicle in traffic,On Roadway,Broadside (front to side),Driving too fast for conditions,None Indicated,,Daylight,Ice/frost,Clear,"Surface condition (e.g., wet, icy)",Non-intersection:  Crossover-related,Paved,,Possible/Unknown,0,1,0,0,1,0,6000,2,3,,POINT (-92.435676831485 42.520728240703)
2014781477,,01/21/2014,01-January,3-Tuesday,14:40,1400 Hours,District 6 (East Central),CEDAR RAPIDS,LINN,I-380,I-380,Collision with:  Vehicle in traffic,On Roadway,"Sideswipe, same direction",Unknown,None Indicated,,Daylight,Dry,Clear,,Non-intersection:  Non-junction/no special feature,Paved,,Property Damage Only,0,0,0,0,0,0,12600,2,2,,POINT (-91.669427671525 41.931510549583)
2014781324,12-2014,01/21/2014,01-January,3-Tuesday,22:00,2200 Hours,District 4 (Southwest),,HARRISON,,MONROE AVE,Collision with:  Animal,,,Animal,None Indicated,,,,,,,Unpaved,,Property Damage Only,0,0,0,0,0,0,1500,1,1,,POINT (-95.847667458628 41.621258663435)
2014780858,14-0364,01/21/2014,01-January,3-Tuesday,11:40,1100 Hours,District 4 (Southwest),WEST DES MOINES,DALLAS,,MILLS CIVIC PKWY,Collision with:  Vehicle in traffic,On Roadway,"Sideswipe, same direction",Driving too fast for conditions,None Indicated,,Daylight,Wet,Cloudy,"Surface condition (e.g., wet, icy)",Intersection:  Four-way intersection,Paved,,Property Damage Only,0,0,0,0,0,0,6000,2,2,,POINT (-93.804972458929 41.561403081246)
2014781332,2014000703,01/21/2014,01-January,3-Tuesday,17:28,1700 Hours,District 6 (East Central),IOWA CITY,JOHNSON,,N DUBUQUE ST,Collision with:  Vehicle in traffic,On Roadway,Rear-end (front to rear),Driving too fast for conditions,None Indicated,,Dark - roadway lighted,Slush,Cloudy,"Surface condition (e.g., wet, icy)",Non-intersection:  Non-junction/no special feature,Paved,,Property Damage Only,0,0,0,0,0,0,4500,2,3,,POINT (-91.533081842108 41.663072241041)
2014781952,2014-01310,01/21/2014,01-January,3-Tuesday,11:39,1100 Hours,District 5 (Southeast),,WARREN,US 65,US 65,Collision with:  Vehicle in traffic,On Roadway,"Sideswipe, same direction",Unknown,None Indicated,,Daylight,Ice/frost,Cloudy,None apparent,Non-intersection:  Non-junction/no special feature,Paved,,Property Damage Only,0,0,0,0,0,0,4500,2,2,,POINT (-93.558292456718 41.450768462132)
2014780855,14-0358,01/21/2014,01-January,3-Tuesday,10:02,1000 Hours,District 1 (Central),WEST DES MOINES,POLK,,GRAND AVE,Collision with:  Vehicle in traffic,On Roadway,"Sideswipe, opposite direction",Lost Control,None Indicated,,Daylight,Ice/frost,Clear,"Surface condition (e.g., wet, icy)",Non-intersection:  Non-junction/no special feature,Paved,,Property Damage Only,0,0,0,0,0,0,12000,2,2,,POINT (-93.785776269476 41.539945440641)
2014780401,01-14-235,01/21/2014,01-January,3-Tuesday,08:20,0800 Hours,District 3 (Northwest),LE MARS,PLYMOUTH,,8TH ST SW & 6TH AVE SW,Collision with:  Vehicle in traffic,On Roadway,"Sideswipe, same direction",Lost Control,None Indicated,,Daylight,Ice/frost,Cloudy,"Surface condition (e.g., wet, icy)",Non-intersection:  Non-junction/no special feature,Paved,,Property Damage Only,0,0,0,0,0,0,4500,2,2,,POINT (-96.17534932092 42.783693334028)
2014780654,CL14000198,01/21/2014,01-January,3-Tuesday,09:36,0900 Hours,District 6 (East Central),CLINTON,CLINTON,,S BLUFF BLVD & COLLEGE AVE,Collision with:  Vehicle in traffic,On Roadway,Broadside (front to side),Driving too fast for conditions,None Indicated,,Daylight,Ice/frost,Clear,"Surface condition (e.g., wet, icy)",Intersection:  T-intersection,Paved,,Property Damage Only,0,0,0,0,0,0,3000,2,3,,POINT (-90.226660569574 41.832725095506)
2014780854,14-0357,01/21/2014,01-January,3-Tuesday,09:50,0900 Hours,District 1 (Central),WEST DES MOINES,POLK,,VINE ST,Collision with:  Vehicle in traffic,On Roadway,Rear-end (front to rear),FTYROW:  Other (explain in narrative),None Indicated,,Daylight,Ice/frost,Cloudy,"Surface condition (e.g., wet, icy)",Intersection:  T-intersection,Paved,,Property Damage Only,0,0,0,0,0,0,8000,2,2,,POINT (-93.715179510261 41.577318000303)
2014782201,,01/21/2014,01-January,3-Tuesday,12:05,1200 Hours,District 6 (East Central),CEDAR RAPIDS,LINN,US 30,US 30/SE RAMP/SW RAMP & EDGEWOOD RD SW,Collision with:  Vehicle in traffic,On Roadway,Rear-end (front to rear),Unknown,None Indicated,,Daylight,Ice/frost,Clear,,Interchange-related:  Off-ramp,Paved,,Property Damage Only,0,0,0,0,0,0,3500,2,3,,POINT (-91.715811045705 41.936569043957)
2014781783,2014004409,01/21/2014,01-January,3-Tuesday,06:55,0600 Hours,District 1 (Central),,POWESHIEK,I-80,I-80,Collision with fixed object:  Guardrail - face,Median,Non-collision (single vehicle),Driving too fast for conditions,None Indicated,,Dawn,Ice/frost,Clear,"Surface condition (e.g., wet, icy)",Non-intersection:  Non-junction/no special feature,Paved,,Property Damage Only,0,0,0,0,0,0,4000,1,1,,POINT (-92.305646424978 41.69573669968)
2014781247,,01/21/2014,01-January,3-Tuesday,00:00,0000 Hours,District 2 (Northeast),,ALLAMAKEE,IA 51,IA 51/IOWA 51,Collision with:  Animal,On Roadway,Non-collision (single vehicle),Animal,None Indicated,,Dark - roadway not lighted,Snow,Snow,,Non-intersection:  Non-junction/no special feature,Paved,,Property Damage Only,0,0,0,0,0,0,2600,1,1,,POINT (-91.571019461476 43.147845164839)
2014781953,2014-01305,01/21/2014,01-January,3-Tuesday,10:42,1000 Hours,District 5 (Southeast),,WARREN,US 65,US 65,Collision with fixed object:  Ditch,Outside trafficway,Non-collision (single vehicle),Ran off road - right,None Indicated,,Daylight,Ice/frost,Snow,"Surface condition (e.g., wet, icy)",Non-intersection:  Non-junction/no special feature,Paved,,Property Damage Only,0,0,0,0,0,0,1500,1,1,,POINT (-93.558254290917 41.458884379254)
2014780615,W14-006864,01/21/2014,01-January,3-Tuesday,14:21,1400 Hours,District 2 (Northeast),WATERLOO,BLACK HAWK,,E RIDGEWAY AVE & W 9TH ST,Collision with:  Vehicle in traffic,On Roadway,Rear-end (front to rear),Driving too fast for conditions,None Indicated,,Daylight,Snow,Clear,"Surface condition (e.g., wet, icy)",Non-intersection:  Driveway access (within),Paved,,Property Damage Only,0,0,0,0,0,0,1500,2,2,,POINT (-92.342617919553 42.469376250328)
2014780623,14-1194,01/21/2014,01-January,3-Tuesday,18:00,1800 Hours,District 2 (Northeast),,BREMER,,Co Rd C50/260TH ST,Non-collision events:  Overturn/rollover,Shoulder,Non-collision (single vehicle),Crossed centerline (undivided),None Indicated,,Dark - roadway not lighted,Snow,Clear,None apparent,Non-intersection:  Non-junction/no special feature,Paved,,Property Damage Only,0,0,0,0,0,0,10050,1,1,,POINT (-92.374467999375 42.671426769055)
2014780837,14-0150,01/21/2014,01-January,3-Tuesday,07:35,0700 Hours,District 1 (Central),URBANDALE,POLK,I-35,I-35,Collision with:  Vehicle in traffic,On Roadway,"Sideswipe, same direction",Improper or erratic lane changing,None Indicated,,Daylight,Other (explain in narrative),Clear,None apparent,Non-intersection:  Non-junction/no special feature,Paved,,Property Damage Only,0,0,0,0,0,0,1900,2,2,,POINT (-93.776957916167 41.632446445484)
2014781062,01-14-251,01/21/2014,01-January,3-Tuesday,17:15,1700 Hours,District 3 (Northwest),LE MARS,PLYMOUTH,IA 3,IA 3/PLYMOUTH ST & 1ST AVE NE,Collision with:  Vehicle in traffic,On Roadway,Rear-end (front to rear),Lost Control,None Indicated,,Dusk,Ice/frost,Clear,"Surface condition (e.g., wet, icy)",Intersection:  T-intersection,Paved,,Property Damage Only,0,0,0,0,0,0,3000,3,4,,POINT (-96.165118520865 42.793062230266)
2014780995,01-14-2996,01/21/2014,01-January,3-Tuesday,08:52,0800 Hours,District 6 (East Central),DUBUQUE,DUBUQUE,,W 17TH ST & W LOCUST ST,Collision with:  Parked motor vehicle,On Roadway,"Sideswipe, same direction",Lost Control,None Indicated,,Daylight,Slush,Clear,None apparent,Non-intersection:  Non-junction/no special feature,Paved,,Property Damage Only,0,0,0,0,0,0,2000,2,1,,POINT (-90.672974113329 42.507671822523)
2014781438,14-771,01/21/2014,01-January,3-Tuesday,07:00,0700 Hours,District 3 (Northwest),,SIOUX,,Co Rd B40/400TH ST,Collision with fixed object:  Other fixed object (explain in narrative),Shoulder,Non-collision (single vehicle),Ran off road - right,None Indicated,,Dawn,Dry,Cloudy,None apparent,Non-intersection:  Non-junction/no special feature,Paved,,Property Damage Only,0,0,0,0,0,0,3000,1,1,,POINT (-95.947445475001 43.069439021843)
2014780609,14006792,01/21/2014,01-January,3-Tuesday,09:42,0900 Hours,District 2 (Northeast),CEDAR FALLS,BLACK HAWK,,WATERLOO RD & 18TH ST & RAINBOW DR,Collision with:  Vehicle in traffic,On Roadway,Broadside (front to side),Ran Traffic Signal,None Indicated,,Daylight,Ice/frost,Clear,"Surface condition (e.g., wet, icy)",Intersection:  Five points or more,Paved,,Property Damage Only,0,0,0,0,0,0,4100,2,3,,POINT (-92.43651076074 42.52140778029)
2014780764,201400213,01/21/2014,01-January,3-Tuesday,10:49,1000 Hours,District 6 (East Central),,LINN,,Co Rd E48/MT VERNON RD,Collision with:  Vehicle in traffic,On Roadway,Rear-end (front to rear),Other (explain in narrative):  No improper action,None Indicated,,Daylight,Ice/frost,Clear,"Surface condition (e.g., wet, icy)",Non-intersection:  Non-junction/no special feature,Paved,,Property Damage Only,0,0,0,0,0,0,4500,2,3,,POINT (-91.578642845499 41.976508403306)
2014782359,2014004492,01/21/2014,01-January,3-Tuesday,09:45,0900 Hours,District 6 (East Central),CEDAR RAPIDS,LINN,,6TH ST SW,Collision with:  Vehicle in traffic,On Roadway,Rear-end (front to rear),Followed too close,None Indicated,,Daylight,Ice/frost,Clear,"Surface condition (e.g., wet, icy)",Non-intersection:  Driveway access (within),Paved,,Property Damage Only,0,0,0,0,0,0,2000,2,2,,POINT (-91.67600131568 41.889498965612)
2014781807,,01/21/2014,01-January,3-Tuesday,11:28,1100 Hours,District 6 (East Central),CEDAR RAPIDS,LINN,,KIRKWOOD BLVD SW & KIRKWOOD CT SW,Collision with:  Vehicle in traffic,On Roadway,Rear-end (front to rear),Unknown,None Indicated,,Daylight,Ice/frost,Snow,,Intersection:  Four-way intersection,Paved,,Property Damage Only,0,0,0,0,0,0,6000,3,3,,POINT (-91.656698625651 41.921365082645)
2014780860,14-0373,01/21/2014,01-January,3-Tuesday,16:36,1600 Hours,District 4 (Southwest),WEST DES MOINES,DALLAS,,JORDAN CREEK PKWY,Collision with:  Vehicle in traffic,On Roadway,Rear-end (front to rear),Other (explain in narrative):  Other,None Indicated,,Daylight,Ice/frost,Cloudy,"Surface condition (e.g., wet, icy)",Non-intersection:  Non-junction/no special feature,Paved,,Property Damage Only,0,0,0,0,0,0,3000,2,2,,POINT (-93.809141328317 41.58314429818)
2014780810,20140001893,01/21/2014,01-January,3-Tuesday,14:50,1400 Hours,District 1 (Central),DES MOINES,POLK,US 69,US 69/E 14TH ST & E WALNUT ST,Collision with:  Vehicle in traffic,On Roadway,Rear-end (front to rear),"Operating vehicle in an reckless, erratic, careless, negligent manner",None Indicated,,Daylight,Ice/frost,Cloudy,"Surface condition (e.g., wet, icy)",Non-intersection:  Non-junction/no special feature,Paved,,Possible/Unknown,0,1,0,0,1,0,5000,2,2,,POINT (-93.597247701631 41.591276798416)
2014781156,14-2057,01/21/2014,01-January,3-Tuesday,13:50,1300 Hours,District 3 (Northwest),SIOUX CITY,WOODBURY,,W 28TH ST,Non-collision events:  Overturn/rollover,On Roadway,Non-collision (single vehicle),Driver Distraction:  Manual operation of an electronic communication device,None Indicated,,Daylight,Dry,Clear,None apparent,Non-intersection:  Other non-intersection (explain in narrative),Paved,,Possible/Unknown,0,1,0,0,1,0,3500,1,1,,POINT (-96.42058911988 42.518811567464)
2014780743,2014000682,01/21/2014,01-January,3-Tuesday,10:02,1000 Hours,District 6 (East Central),IOWA CITY,JOHNSON,,MUSCATINE AVE & S 1ST AVE,Collision with:  Vehicle in traffic,On Roadway,Rear-end (front to rear),Followed too close,None Indicated,,Daylight,Snow,Clear,None apparent,Intersection:  Four-way intersection,Paved,,Property Damage Only,0,0,0,0,0,0,2400,2,2,,POINT (-91.501986308183 41.649548120522)