Iowa DOT Case Number,Law Enforcement Case Number,Date of Crash,Month of Crash,Day of Week,Time of Crash,Hour,DOT District,City Name,County Name,Route with System,Location Description,First Harmful Event,Location of First Harmful Event,Manner of Crash/Collision,Major Cause,Drug or Alcohol ,Environmental Conditions,Light Conditions,Surface Conditions,Weather Conditions,Roadway Contribution,Roadway Type,Roadway Surface,Work Zone,Crash Severity,Number of Fatalities,Number of Injuries,Number of Major Injuries,Number of Minor Injuries,Number of Possible Injuries,Number of Unknown Injuries,Amount of Property Damage,Number of Vehicles Involved,Total Number of Occupants,Travel Direction,Location
2014780948,14-0726,01/21/2014,01-January,3-Tuesday,18:06,1800 Hours,District 3 (Northwest),CARROLL,CARROLL,US 30,US 30/6TH ST & GRANT RD,Collision with:  Vehicle in traffic,On Roadway,Broadside (front to side),Ran Traffic Signal,None Indicated,,Dark - roadway lighted,Wet,Clear,None apparent,Intersection:  Four-way intersection,Paved,,Property Damage Only,0,0,0,0,0,0,9000,2,3,,POINT (-94.859273486032 42.064012766744)
2014781981,SO14-0069,01/21/2014,01-January,3-Tuesday,11:55,1100 Hours,District 2 (Northeast),,WRIGHT,US 69,US 69,Collision with fixed object:  Ditch,On Roadway,Non-collision (single vehicle),Unknown,None Indicated,,Daylight,Ice/frost,Cloudy,"Surface condition (e.g., wet, icy)",Non-intersection:  Non-junction/no special feature,Paved,,Possible/Unknown,0,1,0,0,1,0,5000,1,1,,POINT (-93.617919754442 42.73328195802)
2014780412,20140001864,01/21/2014,01-January,3-Tuesday,08:35,0800 Hours,District 1 (Central),DES MOINES,POLK,US 69,US 69/SE 14TH ST & E WATROUS AVE,Collision with:  Vehicle in traffic,On Roadway,Broadside (front to side),Ran Traffic Signal,None Indicated,,Daylight,Slush,Clear,"Surface condition (e.g., wet, icy)",Intersection:  Four-way intersection,Paved,,Major Injury,0,1,1,0,0,0,4500,2,2,,POINT (-93.596837977403 41.548079984926)
2014782107,14-338,01/21/2014,01-January,3-Tuesday,15:15,1500 Hours,District 6 (East Central),HIAWATHA,LINN,,CENTER POINT RD,Collision with:  Vehicle in traffic,On Roadway,Head-on (front to front),Crossed centerline (undivided),None Indicated,,Daylight,Snow,Clear,"Surface condition (e.g., wet, icy)",Non-intersection:  Non-junction/no special feature,Paved,,Possible/Unknown,0,2,0,0,2,0,16000,2,2,,POINT (-91.669258620042 42.035848121435)
2014780882,2014-4681,01/21/2014,01-January,3-Tuesday,08:22,0800 Hours,District 6 (East Central),DAVENPORT,SCOTT,I-74,I-74 & E 53RD ST,Collision with fixed object:  Utility pole/light support,Outside trafficway,Non-collision (single vehicle),Ran off road - right,None Indicated,,Daylight,Ice/frost,Clear,"Surface condition (e.g., wet, icy)",Intersection:  Intersection with ramp,Paved,,Property Damage Only,0,0,0,0,0,0,8000,1,1,,POINT (-90.520251225371 41.574860648392)
2014780742,2014000679,01/21/2014,01-January,3-Tuesday,08:32,0800 Hours,District 6 (East Central),,JOHNSON,I-80,I-80,Non-collision events:  Overturn/rollover,On Roadway,Non-collision (single vehicle),Driving too fast for conditions,None Indicated,,Daylight,Ice/frost,Clear,"Surface condition (e.g., wet, icy)",Non-intersection:  Non-junction/no special feature,Paved,,Minor Injury,0,2,0,2,0,0,3000,1,3,,POINT (-91.471920801517 41.681378665298)
2014784636,2014004513,01/21/2014,01-January,3-Tuesday,10:20,1000 Hours,District 6 (East Central),,CEDAR,I-80,I-80 & Co Rd X46/ATALISSA RD,Non-collision events:  Overturn/rollover,Outside trafficway,Non-collision (single vehicle),Lost Control,None Indicated,,Daylight,Ice/frost,Clear,"Surface condition (e.g., wet, icy)",Non-intersection:  Non-junction/no special feature,Paved,,Property Damage Only,0,0,0,0,0,0,25000,1,1,,POINT (-91.151871567922 41.644801992914)
2014781055,14-001594,01/21/2014,01-January,3-Tuesday,17:30,1700 Hours,District 5 (Southeast),,MARION,,Co Rd T15/HWY T15,Collision with:  Animal,On Roadway,Non-collision (single vehicle),Animal,None Indicated,,Dusk,Dry,Clear,None apparent,Non-intersection:  Non-junction/no special feature,Paved,,Property Damage Only,0,0,0,0,0,0,2300,1,1,,POINT (-92.989863014474 41.350787131444)
2014782064,14-02223,01/21/2014,01-January,3-Tuesday,07:15,0700 Hours,District 5 (Southeast),MEDIAPOLIS,DES MOINES,US 61,US 61,Unknown,On Roadway,Non-collision (single vehicle),Driving too fast for conditions,None Indicated,,Daylight,Ice/frost,"Blowing sand, soil, dirt",Unknown,Non-intersection:  Non-junction/no special feature,Paved,,Minor Injury,0,1,0,1,0,0,6000,1,5,,POINT (-91.170148982713 41.039078225786)
2014781058,2014000611,01/21/2014,01-January,3-Tuesday,10:15,1000 Hours,District 1 (Central),MARSHALLTOWN,MARSHALL,IA 14,IA 14/E ANSON ST,Collision with:  Vehicle in traffic,On Roadway,Rear-end (front to rear),Unknown,None Indicated,,Daylight,Ice/frost,Clear,"Surface condition (e.g., wet, icy)",Non-intersection:  Non-junction/no special feature,Paved,,Property Damage Only,0,0,0,0,0,0,3000,2,2,,POINT (-92.91116142711 42.038178760262)
2014780761,201400209,01/21/2014,01-January,3-Tuesday,06:00,0600 Hours,District 6 (East Central),,LINN,US 151,US 151/DUBUQUE RD,Collision with:  Vehicle in traffic,On Roadway,"Sideswipe, same direction",Other (explain in narrative):  No improper action,None Indicated,,Dark - roadway not lighted,Snow,Snow,"Surface condition (e.g., wet, icy)",Non-intersection:  Non-junction/no special feature,Paved,,Property Damage Only,0,0,0,0,0,0,4000,2,3,,POINT (-91.397594838058 42.064060177151)
2014780614,W14-006819,01/21/2014,01-January,3-Tuesday,11:45,1100 Hours,District 2 (Northeast),WATERLOO,BLACK HAWK,,SHERIDAN RD & W 4TH ST,Collision with:  Vehicle in traffic,On Roadway,Rear-end (front to rear),Driving too fast for conditions,None Indicated,,Daylight,Snow,Clear,"Surface condition (e.g., wet, icy)",Non-intersection:  Driveway access (within),Paved,,Property Damage Only,0,0,0,0,0,0,2100,2,2,,POINT (-92.368372368725 42.477617351907)
2014780421,20140001873,01/21/2014,01-January,3-Tuesday,10:55,1000 Hours,District 1 (Central),DES MOINES,POLK,IA 163,IA 163/E UNIVERSITY AVE,Collision with:  Vehicle in traffic,On Roadway,"Angle, oncoming left turn",FTYROW:  Making left turn,None Indicated,,Daylight,Wet,Cloudy,None apparent,Intersection:  Four-way intersection,Paved,,Property Damage Only,0,0,0,0,0,0,1800,2,2,,POINT (-93.576500517975 41.60045300367)
2014784635,2014004441,01/21/2014,01-January,3-Tuesday,08:05,0800 Hours,District 6 (East Central),,CEDAR,I-80,I-80,Collision with fixed object:  Guardrail - face,Median,Non-collision (single vehicle),Ran off road - left,None Indicated,,Daylight,Ice/frost,Clear,"Surface condition (e.g., wet, icy)",Non-intersection:  Non-junction/no special feature,Paved,,Property Damage Only,0,0,0,0,0,0,5500,1,1,,POINT (-90.98847754424 41.63353760208)
2014780519,14-0200,01/21/2014,01-January,3-Tuesday,10:58,1000 Hours,District 1 (Central),FORT DODGE,WEBSTER,,5TH AVE S,Collision with:  Vehicle in traffic,On Roadway,Rear-end (front to rear),Followed too close,None Indicated,,Daylight,Wet,Cloudy,None apparent,Non-intersection:  Non-junction/no special feature,Paved,,Possible/Unknown,0,2,0,0,2,0,3000,2,4,,POINT (-94.170130151511 42.501086047633)
2014780667,14-02282,01/21/2014,01-January,3-Tuesday,15:33,1500 Hours,District 5 (Southeast),BURLINGTON,DES MOINES,,WHITEWOOD ST & 3RD ST,Collision with fixed object:  Utility pole/light support,Roadside,Non-collision (single vehicle),Swerving/Evasive Action,None Indicated,,Daylight,Snow,Cloudy,"Surface condition (e.g., wet, icy)",Non-intersection:  Non-junction/no special feature,Paved,,Property Damage Only,0,0,0,0,0,0,6100,1,3,,POINT (-91.099774801613 40.785994695883)
2014780873,14-1137,01/21/2014,01-January,3-Tuesday,10:27,1000 Hours,District 6 (East Central),BETTENDORF,SCOTT,,MIDDLE RD,Collision with:  Vehicle in traffic,On Roadway,Rear-end (front to rear),Driver Distraction:  Manual operation of an electronic communication device,None Indicated,,Daylight,Snow,Clear,None apparent,Non-intersection:  Non-junction/no special feature,Paved,,Property Damage Only,0,0,0,0,0,0,7500,3,4,,POINT (-90.50030420633 41.546283713758)
2014781454,2014004686,01/21/2014,01-January,3-Tuesday,23:45,2300 Hours,District 1 (Central),,JASPER,I-80,I-80,Collision with:  Vehicle in traffic,On Roadway,Rear-end (front to rear),Separation of units,None Indicated,,Dark - roadway not lighted,Dry,Clear,None apparent,Non-intersection:  Non-junction/no special feature,Paved,,Property Damage Only,0,0,0,0,0,0,8000,2,2,,POINT (-93.256049802599 41.690163219505)
2014781016,C14000229,01/21/2014,01-January,3-Tuesday,15:01,1500 Hours,District 6 (East Central),CORALVILLE,JOHNSON,,1ST AVE & RUSSELL SLADE BLVD,Collision with fixed object:  Curb/island/raised median,On Roadway,Non-collision (single vehicle),Crossed centerline (undivided),None Indicated,,Daylight,Ice/frost,Cloudy,"Surface condition (e.g., wet, icy)",Non-intersection:  Non-junction/no special feature,Paved,,Property Damage Only,0,0,0,0,0,0,6000,1,1,,POINT (-91.564671633639 41.690077362874)
2014780408,20140001842,01/21/2014,01-January,3-Tuesday,07:37,0700 Hours,District 1 (Central),DES MOINES,POLK,,CLEVELAND AVE,Collision with:  Vehicle in traffic,On Roadway,Broadside (front to side),FTYROW:  From driveway,None Indicated,,Daylight,Ice/frost,Clear,None apparent,Non-intersection:  Driveway access (within),Paved,,Property Damage Only,0,0,0,0,0,0,3000,2,2,,POINT (-93.552300403168 41.605102450756)
2014780838,14-0152,01/21/2014,01-January,3-Tuesday,10:35,1000 Hours,District 1 (Central),URBANDALE,POLK,,100TH ST,Collision with:  Vehicle in traffic,On Roadway,Rear-end (front to rear),Other (explain in narrative):  Other,None Indicated,,Daylight,Ice/frost,Clear,None apparent,Intersection:  Four-way intersection,Paved,,Property Damage Only,0,0,0,0,0,0,2000,2,3,,POINT (-93.755926180837 41.615175828698)
2014780616,W14-006755,01/21/2014,01-January,3-Tuesday,07:26,0700 Hours,District 2 (Northeast),WATERLOO,BLACK HAWK,,W RIDGEWAY AVE & DEERE RD,Collision with:  Vehicle in traffic,On Roadway,Rear-end (front to rear),Driving too fast for conditions,None Indicated,,Daylight,Snow,Snow,None apparent,Intersection:  Four-way intersection,Paved,,Property Damage Only,0,0,0,0,0,0,6000,2,2,,POINT (-92.41569767782 42.46984415261)
2014789319,,01/21/2014,01-January,3-Tuesday,14:55,1400 Hours,District 6 (East Central),CEDAR RAPIDS,LINN,,32ND ST NE & MOUND FARM DR NE,Collision with fixed object:  Utility pole/light support,Roadside,Non-collision (single vehicle),Unknown,None Indicated,,Daylight,Snow,Cloudy,,Intersection:  Four-way intersection,Paved,,Property Damage Only,0,0,0,0,0,0,15750,1,1,,POINT (-91.650556341693 42.0101777335)
2014780748,14009973,01/21/2014,01-January,3-Tuesday,18:10,1800 Hours,District 6 (East Central),UNIVERSITY HEIGHTS,JOHNSON,,SUNSET ST,Collision with:  Vehicle in traffic,On Roadway,"Sideswipe, same direction",Driving too fast for conditions,None Indicated,,Dark - roadway lighted,Ice/frost,Cloudy,None apparent,Non-intersection:  Non-junction/no special feature,Paved,,Property Damage Only,0,0,0,0,0,0,3000,2,3,,POINT (-91.559633040568 41.655229867107)
2014780336,14-02241,01/21/2014,01-January,3-Tuesday,09:05,0900 Hours,District 5 (Southeast),BURLINGTON,DES MOINES,US 61,US 61 & STONEGATE CENTER DR,Collision with fixed object:  Ditch,On Roadway,Non-collision (single vehicle),Driving too fast for conditions,None Indicated,,Daylight,Ice/frost,Clear,None apparent,Non-intersection:  Non-junction/no special feature,Paved,,Property Damage Only,0,0,0,0,0,0,8000,1,1,,POINT (-91.142138523042 40.789549270941)
2014781001,14-0324,01/21/2014,01-January,3-Tuesday,05:41,0500 Hours,District 3 (Northwest),HOLSTEIN,IDA,,E 2ND ST & DAVENPORT ST,Collision with:  Vehicle in traffic,On Roadway,Broadside (front to side),Ran Stop Sign,None Indicated,,Dark - roadway lighted,Ice/frost,Clear,"Surface condition (e.g., wet, icy)",Intersection:  T-intersection,Paved,,Possible/Unknown,0,1,0,0,1,0,4500,2,2,,POINT (-95.538810530026 42.489269404923)
2014781751,2014004374,01/21/2014,01-January,3-Tuesday,00:01,0000 Hours,District 1 (Central),WEST DES MOINES,POLK,I-35,I-35 & I-80 & I-235,Collision with fixed object:  Concrete traffic barrier (median or right side),Shoulder,Non-collision (single vehicle),Swerving/Evasive Action,None Indicated,,Dark - roadway lighted,Snow,Snow,"Surface condition (e.g., wet, icy)",Interchange-related:  On-ramp merge area,Paved,,Property Damage Only,0,0,0,0,0,0,2500,2,2,,POINT (-93.777303087662 41.592209047302)
2014780731,14-001717,01/21/2014,01-January,3-Tuesday,17:45,1700 Hours,District 1 (Central),PRAIRIE CITY,JASPER,IA 117,IA 117/S STATE ST/E 2ND ST,Collision with:  Vehicle in traffic,On Roadway,Rear-end (front to rear),Followed too close,None Indicated,,Dark - roadway lighted,Dry,Clear,None apparent,Intersection:  Four-way intersection,Paved,,Property Damage Only,0,0,0,0,0,0,3500,2,5,,POINT (-93.233961061513 41.596598271368)
2014781491,14006752,01/21/2014,01-January,3-Tuesday,06:39,0600 Hours,District 2 (Northeast),CEDAR FALLS,BLACK HAWK,,GREENHILL RD & CONEFLOWER PKWY & ESTATE DR,Collision with:  Other non-fixed object (explain in narrative),On Roadway,Non-collision (single vehicle),Crossed centerline (undivided),None Indicated,,Dark - roadway lighted,Ice/frost,Cloudy,"Surface condition (e.g., wet, icy)",Non-intersection:  Non-junction/no special feature,Paved,,Property Damage Only,0,0,0,0,0,0,1600,1,1,,POINT (-92.442864232131 42.498293869633)
2014780409,20140001845,01/21/2014,01-January,3-Tuesday,07:45,0700 Hours,District 1 (Central),DES MOINES,POLK,,SW 1ST ST & INDIANOLA AVE,Collision with:  Vehicle in traffic,On Roadway,"Angle, oncoming left turn",Other (explain in narrative):  Other,None Indicated,,Daylight,Wet,Cloudy,None apparent,Intersection:  Four-way intersection,Paved,,Property Damage Only,0,0,0,0,0,0,3500,2,3,,POINT (-93.61651530396 41.574727834458)
2014781594,2014000847,01/21/2014,01-January,3-Tuesday,16:10,1600 Hours,District 6 (East Central),IOWA CITY,JOHNSON,US 6,US 6 & SYCAMORE ST,Collision with:  Vehicle in traffic,On Roadway,Rear-end (front to rear),Followed too close,None Indicated,,Daylight,Snow,Cloudy,None apparent,Non-intersection:  Non-junction/no special feature,Paved,,Property Damage Only,0,0,0,0,0,0,8300,2,3,,POINT (-91.511630523247 41.641143928478)
2014781024,N14000031,01/21/2014,01-January,3-Tuesday,11:20,1100 Hours,District 6 (East Central),NORTH LIBERTY,JOHNSON,,HWY 965,Collision with:  Vehicle in traffic,On Roadway,Head-on (front to front),Crossed centerline (undivided),None Indicated,,Daylight,Snow,Snow,"Surface condition (e.g., wet, icy)",Non-intersection:  Non-junction/no special feature,Unpaved,,Property Damage Only,0,0,0,0,0,0,9000,2,2,,POINT (-91.607568288402 41.755823394823)
2014780803,20140001880,01/21/2014,01-January,3-Tuesday,11:45,1100 Hours,District 1 (Central),DES MOINES,POLK,I-235,I-235 & IA 28/63RD ST,Collision with:  Vehicle in traffic,On Roadway,Broadside (front to side),Ran Traffic Signal,None Indicated,,Daylight,Ice/frost,Cloudy,"Surface condition (e.g., wet, icy)",Intersection:  Intersection with ramp,Paved,,Property Damage Only,0,0,0,0,0,0,3500,2,2,,POINT (-93.703564549141 41.593593682941)
2014781344,201400214,01/21/2014,01-January,3-Tuesday,10:30,1000 Hours,District 6 (East Central),,LINN,,WALTONIAN RD,Collision with:  Vehicle in traffic,On Roadway,Broadside (front to side),Swerving/Evasive Action,None Indicated,,Daylight,Ice/frost,Clear,"Surface condition (e.g., wet, icy)",Intersection:  Four-way intersection,Paved,,Property Damage Only,0,0,0,0,0,0,5000,2,3,,POINT (-91.657517983603 42.287658810812)
2014788112,2014-4639,01/21/2014,01-January,3-Tuesday,02:31,0200 Hours,District 6 (East Central),DAVENPORT,SCOTT,I-80,I-80,Collision with fixed object:  Guardrail - face,Roadside,Non-collision (single vehicle),Driving too fast for conditions,None Indicated,,Dark - roadway lighted,Snow,Snow,None apparent,Non-intersection:  Non-junction/no special feature,Paved,,Property Damage Only,0,0,0,0,0,0,2000,1,1,,POINT (-90.496964271294 41.596457174416)
2014780653,CL14000197,01/21/2014,01-January,3-Tuesday,10:00,1000 Hours,District 6 (East Central),CLINTON,CLINTON,,MANUFACTURING DR,Collision with:  Vehicle in traffic,On Roadway,"Sideswipe, opposite direction",Other (explain in narrative):  Other,None Indicated,,Daylight,Snow,Clear,"Surface condition (e.g., wet, icy)",Non-intersection:  Other non-intersection (explain in narrative),Paved,,Property Damage Only,0,0,0,0,0,0,2200,2,2,,POINT (-90.242115639394 41.82138098994)
2014780640,1400903,01/21/2014,01-January,3-Tuesday,00:24,0000 Hours,District 6 (East Central),,CEDAR,I-80,I-80,Collision with fixed object:  Ditch,Roadside,Non-collision (single vehicle),Ran off road - right,None Indicated,,Dark - roadway not lighted,Ice/frost,Snow,"Surface condition (e.g., wet, icy)",Non-intersection:  Non-junction/no special feature,Paved,,Property Damage Only,0,0,0,0,0,0,3000,1,1,,POINT (-90.98153783773 41.6335600138)
2014780745,2014000694,01/21/2014,01-January,3-Tuesday,15:27,1500 Hours,District 6 (East Central),IOWA CITY,JOHNSON,,MELROSE AVE,Collision with:  Vehicle in traffic,On Roadway,Rear-end (front to rear),FTYROW:  Other (explain in narrative),None Indicated,,Daylight,Ice/frost,Clear,None apparent,Non-intersection:  Non-junction/no special feature,Paved,,Property Damage Only,0,0,0,0,0,0,2300,2,3,,POINT (-91.554419060533 41.656920738354)
2014781825,W14-006785,01/21/2014,01-January,3-Tuesday,09:27,0900 Hours,District 2 (Northeast),WATERLOO,BLACK HAWK,US 63,US 63/SERGEANT RD & US 218,Collision with fixed object:  Guardrail - face,On Roadway,Non-collision (single vehicle),Ran off road - left,None Indicated,,Daylight,Ice/frost,Clear,None apparent,Non-intersection:  Other non-intersection (explain in narrative),Paved,,Possible/Unknown,0,1,0,0,1,0,6000,1,1,,POINT (-92.354267233126 42.497000390281)
2014780563,2014004382,01/21/2014,01-January,3-Tuesday,02:54,0200 Hours,District 1 (Central),WEST DES MOINES,POLK,I-35,I-35,Collision with fixed object:  Concrete traffic barrier (median or right side),Shoulder,Non-collision (single vehicle),Driving too fast for conditions,None Indicated,,Dark - roadway not lighted,Ice/frost,Clear,"Surface condition (e.g., wet, icy)",Non-intersection:  Non-junction/no special feature,Paved,,Property Damage Only,0,0,0,0,0,0,2000,1,1,,POINT (-93.776817013776 41.563668415859)
2014781421,2014-4719,01/21/2014,01-January,3-Tuesday,12:54,1200 Hours,District 6 (East Central),DAVENPORT,SCOTT,,E 6TH ST,Collision with:  Vehicle in traffic,On Roadway,Head-on (front to front),Other (explain in narrative):  Other,None Indicated,,Daylight,Snow,Clear,None apparent,Non-intersection:  Non-junction/no special feature,Paved,,Minor Injury,0,1,0,1,0,0,3000,2,2,,POINT (-90.565406638648 41.526038931986)
2014780956,14-713,01/21/2014,01-January,3-Tuesday,08:30,0800 Hours,District 3 (Northwest),CARROLL,CARROLL,US 30,US 30/6TH ST & GRANT RD,Collision with:  Vehicle in traffic,On Roadway,Rear-end (front to rear),Lost Control,None Indicated,,Daylight,Ice/frost,Cloudy,"Surface condition (e.g., wet, icy)",Non-intersection:  Non-junction/no special feature,Paved,,Possible/Unknown,0,2,0,0,2,0,1200,2,3,,POINT (-94.859224113771 42.063977542073)
2014782157,2014004531,01/21/2014,01-January,3-Tuesday,11:09,1100 Hours,District 1 (Central),WEST DES MOINES,POLK,I-35,I-35,Collision with fixed object:  Bridge overhead structure,On Roadway,Non-collision (single vehicle),Driving too fast for conditions,None Indicated,,Daylight,Ice/frost,Cloudy,"Surface condition (e.g., wet, icy)",Non-intersection:  Other non-intersection (explain in narrative),Paved,,Property Damage Only,0,0,0,0,0,0,4000,1,1,,POINT (-93.783127333783 41.592628889068)
2014780338,14-002238,01/21/2014,01-January,3-Tuesday,08:51,0800 Hours,District 5 (Southeast),WEST BURLINGTON,DES MOINES,US 34,US 34/NE RAMP/NW RAMP & S GEAR AVE,Collision with:  Vehicle in traffic,On Roadway,Broadside (front to side),Driving too fast for conditions,None Indicated,,Daylight,Ice/frost,Clear,"Surface condition (e.g., wet, icy)",Intersection:  Intersection with ramp,Paved,,Property Damage Only,0,0,0,0,0,0,1600,2,2,,POINT (-91.170034471634 40.818577140357)
2014781348,201400224,01/22/2014,01-January,4-Wednesday,21:40,2100 Hours,District 6 (East Central),,LINN,,Co Rd W56/C AVE EXT,Non-collision events:  Other non-collision (explain in narrative),On Roadway,Non-collision (single vehicle),Ran off road - right,None Indicated,,Dark - roadway not lighted,Snow,"Blowing sand, soil, dirt","Surface condition (e.g., wet, icy)",Non-intersection:  Non-junction/no special feature,Paved,,Property Damage Only,0,0,0,0,0,0,7000,1,1,,POINT (-91.648122949566 42.134625073983)
2014789328,,01/22/2014,01-January,4-Wednesday,09:45,0900 Hours,District 6 (East Central),CEDAR RAPIDS,LINN,I-380,I-380 & 42ND ST NE,Collision with:  Parked motor vehicle,Roadside,Rear-end (front to rear),Unknown,None Indicated,,Daylight,Ice/frost,Snow,,Interchange-related:  On-ramp,Paved,,Property Damage Only,0,0,0,0,0,0,1683,2,1,,POINT (-91.669279117778 42.021546249051)
2014784814,14-0068,01/22/2014,01-January,4-Wednesday,14:22,1400 Hours,District 1 (Central),PLEASANT HILL,POLK,IA 163,IA 163/E UNIVERSITY AVE,Collision with:  Vehicle in traffic,On Roadway,Rear-end (front to rear),Unknown,None Indicated,,Daylight,Dry,Cloudy,None apparent,Intersection:  Four-way intersection,Paved,,Fatal,1,2,0,0,2,0,38000,3,4,,POINT (-93.469562173237 41.599444306529)
2014781849,979-14,01/22/2014,01-January,4-Wednesday,12:00,1200 Hours,District 3 (Northwest),SPENCER,CLAY,,W 6TH ST,Collision with:  Parked motor vehicle,Outside trafficway,Unknown,Unknown,None Indicated,,Daylight,Unknown,Unknown,Unknown,Non-intersection:  Non-junction/no special feature,Paved,,Property Damage Only,0,0,0,0,0,0,2000,2,1,,POINT (-95.145356937327 43.143405586142)
2014781334,2014000744,01/22/2014,01-January,4-Wednesday,14:22,1400 Hours,District 6 (East Central),IOWA CITY,JOHNSON,,LOWER MUSCATINE RD & FAIR MEADOWS BLVD,Collision with:  Vehicle in traffic,On Roadway,Head-on (front to front),Driving too fast for conditions,None Indicated,,Daylight,Snow,Cloudy,"Surface condition (e.g., wet, icy)",Intersection:  Four-way intersection,Paved,,Property Damage Only,0,0,0,0,0,0,6000,2,3,,POINT (-91.502612987276 41.639081306573)
2014781161,14-2189,01/22/2014,01-January,4-Wednesday,20:00,2000 Hours,District 3 (Northwest),SIOUX CITY,WOODBURY,,5TH AVE,Collision with:  Parked motor vehicle,On Roadway,"Sideswipe, same direction",Unknown,None Indicated,,Dark - roadway lighted,Dry,Clear,None apparent,Non-intersection:  Non-junction/no special feature,Paved,,Property Damage Only,0,0,0,0,0,0,2000,2,1,,POINT (-96.357746834332 42.468202861375)
2014783247,14-1757,01/22/2014,01-January,4-Wednesday,07:57,0700 Hours,District 1 (Central),NEWTON,JASPER,,E 4TH ST S,Collision with:  Vehicle in traffic,On Roadway,Broadside (front to side),Improper Backing,None Indicated,,Daylight,Snow,Clear,"Surface condition (e.g., wet, icy)",Non-intersection:  Non-junction/no special feature,Paved,,Property Damage Only,0,0,0,0,0,0,2675,2,2,,POINT (-93.049753566164 41.696400410212)
2014782121,20140001998,01/22/2014,01-January,4-Wednesday,17:25,1700 Hours,District 1 (Central),DES MOINES,POLK,,GRAND AVE & 3RD ST,Collision with fixed object:  Other fixed object (explain in narrative),Shoulder,Non-collision (single vehicle),Lost Control,None Indicated,,Dusk,Dry,Cloudy,None apparent,Intersection:  Four-way intersection,Paved,,Property Damage Only,0,0,0,0,0,0,1750,1,1,,POINT (-93.621530309136 41.588599038147)
2014781022,2014000739,01/22/2014,01-January,4-Wednesday,11:45,1100 Hours,District 6 (East Central),IOWA CITY,JOHNSON,,VAN BUREN ST,Collision with:  Parked motor vehicle,On Roadway,Rear-end (front to rear),Improper Backing,None Indicated,,Daylight,Wet,Cloudy,None apparent,Non-intersection:  Non-junction/no special feature,Paved,,Property Damage Only,0,0,0,0,0,0,2600,2,1,,POINT (-91.528680496899 41.663304190499)
2014781411,14-1206,01/22/2014,01-January,4-Wednesday,07:46,0700 Hours,District 6 (East Central),BETTENDORF,SCOTT,I-74,I-74,Collision with:  Vehicle in traffic,On Roadway,Rear-end (front to rear),Followed too close,None Indicated,,Daylight,Wet,Cloudy,None apparent,Interchange-related:  On-ramp merge area,Paved,,Property Damage Only,0,0,0,0,0,0,2800,4,4,,POINT (-90.513692893269 41.52664307947)
2014782275,14-000327,01/22/2014,01-January,4-Wednesday,22:30,2200 Hours,District 1 (Central),ANKENY,POLK,,ISU EXPERIM FARM & DMACC BLVD,Collision with:  Vehicle in traffic,On Roadway,"Angle, oncoming left turn",FTYROW:  From stop sign,Alcohol (Statutory),,Dark - roadway lighted,"Mud, dirt",Cloudy,None apparent,Intersection:  T-intersection,Paved,,Minor Injury,0,1,0,1,0,0,4500,2,2,,POINT (-93.61257010926 41.709243980039)
2014781345,201400219,01/22/2014,01-January,4-Wednesday,14:02,1400 Hours,District 6 (East Central),,LINN,,Co Rd E44/SQUAW RIDGE RD,Non-collision events:  Other non-collision (explain in narrative),On Roadway,Non-collision (single vehicle),Driving too fast for conditions,None Indicated,,Daylight,Snow,Snow,"Surface condition (e.g., wet, icy)",Non-intersection:  Non-junction/no special feature,Paved,,Property Damage Only,0,0,0,0,0,0,4800,1,1,,POINT (-91.565501840567 42.002175229924)
2014781738,14-2214,01/22/2014,01-January,4-Wednesday,21:30,2100 Hours,District 3 (Northwest),SIOUX CITY,WOODBURY,,KINGS HWY & PERRY WAY,Collision with fixed object:  Curb/island/raised median,Outside trafficway,Non-collision (single vehicle),Ran off road - straight,None Indicated,,Dark - roadway lighted,Dry,Cloudy,None apparent,Intersection:  T-intersection,Paved,,Property Damage Only,0,0,0,0,0,0,5000,1,2,,POINT (-96.411292423541 42.550370409143)
2014781023,2014000731,01/22/2014,01-January,4-Wednesday,09:05,0900 Hours,District 6 (East Central),IOWA CITY,JOHNSON,US 6,US 6,Collision with:  Vehicle in traffic,On Roadway,Rear-end (front to rear),Driving too fast for conditions,None Indicated,,Daylight,Ice/frost,Cloudy,None apparent,Intersection:  Four-way intersection,Paved,,Possible/Unknown,0,1,0,0,1,0,4500,2,2,,POINT (-91.558216181769 41.665984310065)
2014781364,1400000062,01/22/2014,01-January,4-Wednesday,16:14,1600 Hours,District 1 (Central),MARSHALLTOWN,MARSHALL,,IOWA AVE E & S 18TH AVE & S 18TH ST,Collision with:  Vehicle in traffic,On Roadway,Rear-end (front to rear),FTYROW:  Other (explain in narrative),None Indicated,,Daylight,Dry,Clear,None apparent,Intersection:  Four-way intersection,Paved,,Property Damage Only,0,0,0,0,0,0,2500,2,3,,POINT (-92.883720047745 42.006829179558)
2014781159,14-2113,01/22/2014,01-January,4-Wednesday,02:00,0200 Hours,District 3 (Northwest),SIOUX CITY,WOODBURY,,COURT ST,Non-collision events:  Other non-collision (explain in narrative),Outside trafficway,"Sideswipe, same direction",Unknown,None Indicated,,Dark - roadway lighted,Dry,Cloudy,None apparent,Non-intersection:  Non-junction/no special feature,Paved,,Property Damage Only,0,0,0,0,0,0,4000,2,777,,POINT (-96.396054256528 42.514625670438)