Iowa DOT Case Number,Law Enforcement Case Number,Date of Crash,Month of Crash,Day of Week,Time of Crash,Hour,DOT District,City Name,County Name,Route with System,Location Description,First Harmful Event,Location of First Harmful Event,Manner of Crash/Collision,Major Cause,Drug or Alcohol ,Environmental Conditions,Light Conditions,Surface Conditions,Weather Conditions,Roadway Contribution,Roadway Type,Roadway Surface,Work Zone,Crash Severity,Number of Fatalities,Number of Injuries,Number of Major Injuries,Number of Minor Injuries,Number of Possible Injuries,Number of Unknown Injuries,Amount of Property Damage,Number of Vehicles Involved,Total Number of Occupants,Travel Direction,Location
2014781099,14-002788,01/22/2014,01-January,4-Wednesday,14:30,1400 Hours,District 4 (Southwest),COUNCIL BLUFFS,POTTAWATTAMIE,I-29,I-29,Collision with:  Vehicle in traffic,On Roadway,Rear-end (front to rear),Followed too close,None Indicated,,Daylight,Dry,Cloudy,None apparent,Interchange-related:  On-ramp,Paved,,Property Damage Only,0,0,0,0,0,0,3886,2,5,,POINT (-95.90724209053 41.252731737393)
2014780842,14-0387,01/22/2014,01-January,4-Wednesday,07:30,0700 Hours,District 1 (Central),WEST DES MOINES,POLK,I-235,I-235,Collision with:  Vehicle in traffic,On Roadway,Rear-end (front to rear),Driving too fast for conditions,None Indicated,,Dawn,Dry,Clear,None apparent,Non-intersection:  Non-junction/no special feature,Paved,,Property Damage Only,0,0,0,0,0,0,9000,3,3,,POINT (-93.731013408799 41.593251290266)
2014781303,CL14000210,01/22/2014,01-January,4-Wednesday,07:38,0700 Hours,District 6 (East Central),CLINTON,CLINTON,,15TH AVE N & ROOSEVELT ST,Collision with:  Vehicle in traffic,On Roadway,Broadside (front to side),FTYROW:  From stop sign,None Indicated,,Daylight,Snow,Cloudy,None apparent,Intersection:  Other intersection (explain in narrative),Paved,,Property Damage Only,0,0,0,0,0,0,4500,2,3,,POINT (-90.18290556975 41.860882972509)
2014781412,14-1230,01/22/2014,01-January,4-Wednesday,17:51,1700 Hours,District 6 (East Central),BETTENDORF,SCOTT,US 67,US 67/STATE ST & 16TH ST,Collision with:  Vehicle in traffic,On Roadway,"Angle, oncoming left turn",Made improper turn,None Indicated,,Dark - roadway lighted,Dry,Cloudy,None apparent,Intersection:  Other intersection (explain in narrative),Paved,,Property Damage Only,0,0,0,0,0,0,6500,2,3,,POINT (-90.510079989706 41.525222916345)
2014781218,2014004734,01/22/2014,01-January,4-Wednesday,09:35,0900 Hours,District 1 (Central),,HAMILTON,I-35,I-35,Collision with:  Vehicle in traffic,On Roadway,Rear-end (front to rear),Other (explain in narrative):  Other,None Indicated,,Daylight,Dry,Cloudy,None apparent,Non-intersection:  Non-junction/no special feature,Paved,,Possible/Unknown,0,2,0,0,2,0,10000,2,3,,POINT (-93.570469397277 42.262936829388)
2014781147,14-0214,01/22/2014,01-January,4-Wednesday,15:16,1500 Hours,District 1 (Central),FORT DODGE,WEBSTER,,CENTRAL AVE,Non-collision events:  Other non-collision (explain in narrative),Shoulder,Non-collision (single vehicle),Other (explain in narrative):  Other,None Indicated,,Daylight,Dry,Cloudy,None apparent,Non-intersection:  Driveway access (within),Paved,,Property Damage Only,0,0,0,0,0,0,6200,1,4,,POINT (-94.193630063982 42.504220813179)
2014781818,,01/22/2014,01-January,4-Wednesday,06:20,0600 Hours,District 3 (Northwest),ARNOLDS PARK,DICKINSON,,MINNEWASHTA RD & DAM RD,Collision with:  Other non-fixed object (explain in narrative),On Roadway,Non-collision (single vehicle),Driving too fast for conditions,None Indicated,,Dark - roadway lighted,Ice/frost,Clear,None apparent,Non-intersection:  Non-junction/no special feature,Paved,,Property Damage Only,0,0,0,0,0,0,7000,1,1,,POINT (-95.133284981348 43.364686944841)
2014782004,,01/22/2014,01-January,4-Wednesday,07:39,0700 Hours,District 2 (Northeast),HAMPTON,FRANKLIN,US 65,US 65/4TH ST NE,Collision with fixed object:  Curb/island/raised median,On Roadway,"Sideswipe, same direction",Lost Control,None Indicated,,Daylight,Slush,Clear,"Surface condition (e.g., wet, icy)",Intersection:  T-intersection,Paved,,Property Damage Only,0,0,0,0,0,0,2000,2,3,,POINT (-93.202459801491 42.749673995004)
2014781067,14-000304,01/22/2014,01-January,4-Wednesday,07:34,0700 Hours,District 1 (Central),ANKENY,POLK,I-35,I-35,Non-collision events:  Other non-collision (explain in narrative),On Roadway,Non-collision (single vehicle),Lost Control,None Indicated,,Daylight,Dry,Clear,None apparent,Non-intersection:  Non-junction/no special feature,Paved,,Possible/Unknown,0,1,0,0,1,0,8000,1,1,,POINT (-93.576338142457 41.710206013845)
2014781349,201400220,01/22/2014,01-January,4-Wednesday,14:44,1400 Hours,District 6 (East Central),,LINN,,Co Rd E44/SQUAW RIDGE RD,Collision with:  Vehicle in traffic,On Roadway,"Sideswipe, opposite direction",Crossed centerline (undivided),None Indicated,,Daylight,Slush,"Blowing sand, soil, dirt","Surface condition (e.g., wet, icy)",Non-intersection:  Non-junction/no special feature,Paved,,Property Damage Only,0,0,0,0,0,0,8000,2,2,,POINT (-91.565758915876 42.002556710049)
2014783497,2014-000188,01/22/2014,01-January,4-Wednesday,15:39,1500 Hours,District 2 (Northeast),,ALLAMAKEE,,Co Rd A52/ELON DR,Collision with:  Animal,,,Animal,None Indicated,,,,,,,Paved,,Property Damage Only,0,0,0,0,0,0,8000,1,777,,POINT (-91.418665502914 43.272939634155)
2014781018,C14000245,01/22/2014,01-January,4-Wednesday,11:17,1100 Hours,District 6 (East Central),CORALVILLE,JOHNSON,US 6,US 6/2ND ST & 25TH AVE,Collision with:  Vehicle in traffic,On Roadway,Rear-end (front to rear),Other (explain in narrative):  Other,None Indicated,,Daylight,Snow,Cloudy,"Surface condition (e.g., wet, icy)",Intersection:  Four-way intersection,Paved,,Property Damage Only,0,0,0,0,0,0,2000,2,2,,POINT (-91.603637171022 41.685765848929)
2014781221,14000044,01/22/2014,01-January,4-Wednesday,18:55,1800 Hours,District 5 (Southeast),ALBIA,MONROE,US 34,US 34,Collision with:  Animal,,,Animal,None Indicated,,,,,,,Paved,,Property Damage Only,0,0,0,0,0,0,3000,1,1,,POINT (-92.803489454196 41.01538013415)
2014780938,14007113,01/22/2014,01-January,4-Wednesday,07:51,0700 Hours,District 2 (Northeast),CEDAR FALLS,BLACK HAWK,,GREENHILL RD & ROWND ST,Collision with:  Vehicle in traffic,On Roadway,"Angle, oncoming left turn",FTYROW:  Making left turn,None Indicated,,Daylight,Dry,Clear,None apparent,Intersection:  Four-way intersection,Paved,,Property Damage Only,0,0,0,0,0,0,7500,3,3,,POINT (-92.421178637988 42.498132364099)
2014782180,,01/22/2014,01-January,4-Wednesday,15:59,1500 Hours,District 6 (East Central),CEDAR RAPIDS,LINN,,A AVE NE & 8TH ST NE,Collision with:  Vehicle in traffic,On Roadway,Broadside (front to side),Unknown,None Indicated,,Daylight,Wet,Clear,,Intersection:  Four-way intersection,Paved,,Property Damage Only,0,0,0,0,0,0,6000,2,2,,POINT (-91.662939518104 41.98341150729)
2014780965,14-02469,01/22/2014,01-January,4-Wednesday,22:26,2200 Hours,District 5 (Southeast),BURLINGTON,DES MOINES,US 61,US 61 & MT PLEASANT ST,Collision with:  Vehicle in traffic,On Roadway,"Angle, oncoming left turn",FTYROW:  Making left turn,Under Influence of Alcohol/Drugs/Medications,,Dark - roadway lighted,Dry,Cloudy,None apparent,Intersection:  Four-way intersection,Paved,,Property Damage Only,0,0,0,0,0,0,6000,2,4,,POINT (-91.141361224279 40.825901398296)
2014781019,2014000732,01/22/2014,01-January,4-Wednesday,09:17,0900 Hours,District 6 (East Central),IOWA CITY,JOHNSON,US 6,US 6/S RIVERSIDE DR & IA 1/W BURLINGTON ST & GRAND AVE,Collision with:  Vehicle in traffic,On Roadway,Rear-end (front to rear),Driving too fast for conditions,None Indicated,,Daylight,Ice/frost,Cloudy,"Surface condition (e.g., wet, icy)",Intersection:  Four-way intersection,Paved,,Property Damage Only,0,0,0,0,0,0,3000,2,2,,POINT (-91.541903201135 41.658050599121)
2014780946,14-017,01/22/2014,01-January,4-Wednesday,18:00,1800 Hours,District 2 (Northeast),WAVERLY,BREMER,,BREMER RD & 5TH AVE NE,Collision with:  Animal,On Roadway,Non-collision (single vehicle),Animal,None Indicated,,Dark - unknown roadway lighting,Dry,Cloudy,None apparent,Non-intersection:  Non-junction/no special feature,Paved,,Property Damage Only,0,0,0,0,0,0,1500,1,1,,POINT (-92.455610449301 42.730196962611)
2014807892,CP14-0056,01/22/2014,01-January,4-Wednesday,16:41,1600 Hours,District 2 (Northeast),CLARION,WRIGHT,,2ND AVE NW & 1ST ST NW,Collision with:  Vehicle in traffic,On Roadway,Broadside (front to side),FTYROW:  At uncontrolled intersection,None Indicated,,Daylight,Snow,Clear,None apparent,Non-intersection:  Non-junction/no special feature,Paved,,Property Damage Only,0,0,0,0,0,0,10000,2,2,,POINT (-93.73405860165 42.733469999103)
2014781679,S14-000208,01/22/2014,01-January,4-Wednesday,18:00,1800 Hours,District 4 (Southwest),,POTTAWATTAMIE,IA 92,IA 92/IOWA 92 & STONEGATE LN,Collision with:  Animal,,,Animal,None Indicated,,,,,,,Paved,,Property Damage Only,0,0,0,0,0,0,2000,1,1,,POINT (-95.757537630208 41.232541275738)
2014780813,20140001948,01/22/2014,01-January,4-Wednesday,08:13,0800 Hours,District 1 (Central),DES MOINES,POLK,US 69,US 69/E 14TH ST & E MADISON AVE,Collision with:  Vehicle in traffic,On Roadway,Rear-end (front to rear),Lost Control,None Indicated,,Daylight,Ice/frost,Cloudy,"Surface condition (e.g., wet, icy)",Intersection:  Four-way intersection,Paved,,Possible/Unknown,0,1,0,0,1,0,7000,2,2,,POINT (-93.600527614991 41.633161293396)
2014781066,14-0478,01/22/2014,01-January,4-Wednesday,17:37,1700 Hours,District 1 (Central),,POLK,IA 415,IA 415/2ND AVE,Collision with:  Vehicle in traffic,On Roadway,Rear-end (front to rear),Followed too close,None Indicated,,Dusk,Dry,Clear,None apparent,Non-intersection:  Non-junction/no special feature,Paved,,Possible/Unknown,0,1,0,0,1,0,7500,2,2,,POINT (-93.619984458416 41.646442656688)
2014782006,,01/22/2014,01-January,4-Wednesday,15:20,1500 Hours,District 6 (East Central),DE WITT,CLINTON,,11TH ST & WESTWOOD DR,Collision with:  Vehicle in traffic,On Roadway,Rear-end (front to rear),Driving too fast for conditions,None Indicated,,Daylight,Snow,"Blowing sand, soil, dirt","Surface condition (e.g., wet, icy)",Non-intersection:  Non-junction/no special feature,Paved,,Property Damage Only,0,0,0,0,0,0,2500,2,2,,POINT (-90.563376318365 41.825695929176)
2014781423,2014-4979,01/22/2014,01-January,4-Wednesday,20:23,2000 Hours,District 6 (East Central),DAVENPORT,SCOTT,,W 4TH ST & N PINE ST,Collision with:  Vehicle in traffic,On Roadway,Broadside (front to side),Ran Stop Sign,None Indicated,,Dark - roadway lighted,Dry,Clear,None apparent,Intersection:  Four-way intersection,Paved,,Minor Injury,0,2,0,2,0,0,6000,4,4,,POINT (-90.611130720488 41.523386781713)
2014781788,2014004867,01/22/2014,01-January,4-Wednesday,13:22,1300 Hours,District 6 (East Central),,JOHNSON,I-80,I-80,Collision with:  Vehicle in traffic,On Roadway,Rear-end (front to rear),Swerving/Evasive Action,None Indicated,,Daylight,Dry,Other (explain in narrative),None apparent,Non-intersection:  Non-junction/no special feature,Paved,,Property Damage Only,0,0,0,0,0,0,5200,2,2,,POINT (-91.828669189486 41.68737033401)
2014780798,14-459,01/22/2014,01-January,4-Wednesday,07:05,0700 Hours,District 1 (Central),URBANDALE,POLK,I-35,I-35 & IA 28/MERLE HAY RD,Collision with:  Vehicle in traffic,On Roadway,Rear-end (front to rear),Driving too fast for conditions,None Indicated,,Dawn,Dry,Cloudy,None apparent,Intersection:  Intersection with ramp,Paved,,Property Damage Only,0,0,0,0,0,0,3000,2,2,,POINT (-93.69766303607 41.652779801801)
2014781059,2014000654,01/22/2014,01-January,4-Wednesday,11:49,1100 Hours,District 1 (Central),MARSHALLTOWN,MARSHALL,,PLAYER ST,Collision with:  Vehicle in traffic,On Roadway,"Sideswipe, opposite direction",Driving too fast for conditions,None Indicated,,Daylight,Ice/frost,Cloudy,"Surface condition (e.g., wet, icy)",Non-intersection:  Non-junction/no special feature,Paved,,Possible/Unknown,0,1,0,0,1,0,3000,2,2,,POINT (-92.920487279214 42.039311425576)
2014780818,20140001952,01/22/2014,01-January,4-Wednesday,08:35,0800 Hours,District 1 (Central),DES MOINES,POLK,,HIGH ST & 8TH ST,Collision with:  Vehicle in traffic,On Roadway,Broadside (front to side),Ran Traffic Signal,None Indicated,,Daylight,Wet,Clear,None apparent,Intersection:  Four-way intersection,Paved,,Minor Injury,0,1,0,1,0,0,12500,3,12,,POINT (-93.628026680839 41.587942235971)
2014782340,2014004958,01/22/2014,01-January,4-Wednesday,15:35,1500 Hours,District 2 (Northeast),,WINNESHIEK,,Co Rd W34/NORTH WINN RD,Collision with fixed object:  Ditch,Roadside,Non-collision (single vehicle),Ran off road - right,None Indicated,,Daylight,Ice/frost,"Blowing sand, soil, dirt",None apparent,Non-intersection:  Non-junction/no special feature,Paved,,Minor Injury,0,1,0,1,0,0,10000,1,1,,POINT (-91.807409039528 43.380223736982)
2014781639,14-000312,01/22/2014,01-January,4-Wednesday,15:27,1500 Hours,District 1 (Central),ANKENY,POLK,,SW STATE ST,Collision with:  Vehicle in traffic,On Roadway,"Sideswipe, same direction",Improper or erratic lane changing,None Indicated,,Daylight,Dry,Cloudy,None apparent,Non-intersection:  Non-junction/no special feature,Paved,,Property Damage Only,0,0,0,0,0,0,2000,2,4,,POINT (-93.621535822164 41.731569340259)
2014782186,,01/22/2014,01-January,4-Wednesday,08:00,0800 Hours,District 6 (East Central),CEDAR RAPIDS,LINN,,COLDSTREAM AVE NE & CIRCLE DR NE,Collision with:  Vehicle in traffic,On Roadway,"Sideswipe, same direction",Unknown,None Indicated,,Daylight,Snow,Cloudy,,Intersection:  Four-way intersection,Paved,,Property Damage Only,0,0,0,0,0,0,6000,3,3,,POINT (-91.669593024262 42.007067616395)
2014785625,2014-4986,01/22/2014,01-January,4-Wednesday,21:17,2100 Hours,District 6 (East Central),DAVENPORT,SCOTT,,W 49TH ST & N PINE ST,Collision with:  Vehicle in traffic,On Roadway,Broadside (front to side),Ran Stop Sign,None Indicated,,Dark - roadway lighted,Snow,Clear,None apparent,Intersection:  Four-way intersection,Paved,,Property Damage Only,0,0,0,0,0,0,10000,2,2,,POINT (-90.610200435061 41.570119796499)
2014781712,14-1205,01/22/2014,01-January,4-Wednesday,08:13,0800 Hours,District 6 (East Central),BETTENDORF,SCOTT,I-74,I-74 & US 67/STATE ST,Collision with:  Vehicle in traffic,On Roadway,Rear-end (front to rear),Lost Control,None Indicated,,Daylight,Wet,Snow,None apparent,Non-intersection:  Other non-intersection (explain in narrative),Paved,,Property Damage Only,0,0,0,0,0,0,4500,2,2,,POINT (-90.513522251207 41.525153337286)
2014781108,14-000305,01/22/2014,01-January,4-Wednesday,17:27,1700 Hours,District 1 (Central),AMES,STORY,,LINCOLN WAY,Collision with:  Vehicle in traffic,On Roadway,Rear-end (front to rear),Followed too close,None Indicated,,Dusk,Dry,Cloudy,None apparent,Intersection:  T-intersection,Paved,,Minor Injury,0,1,0,1,0,0,5000,3,4,,POINT (-93.621743668875 42.022866212836)
2014781519,14001072,01/22/2014,01-January,4-Wednesday,12:35,1200 Hours,District 2 (Northeast),MASON CITY,CERRO GORDO,IA 122,IA 122/IOWA 122,Collision with:  Vehicle in traffic,On Roadway,"Sideswipe, same direction",Driving too fast for conditions,None Indicated,,Daylight,Slush,Cloudy,"Surface condition (e.g., wet, icy)",Non-intersection:  Non-junction/no special feature,Paved,,Property Damage Only,0,0,0,0,0,0,3000,2,2,,POINT (-93.187424900791 43.147917116331)
2014780945,14-016,01/22/2014,01-January,4-Wednesday,10:25,1000 Hours,District 2 (Northeast),WAVERLY,BREMER,IA 3,IA 3/BREMER AVE & 1ST ST SW & 1ST ST NW,Collision with:  Vehicle in traffic,On Roadway,"Sideswipe, same direction",FTYROW:  Other (explain in narrative),None Indicated,,Daylight,Snow,Clear,None apparent,Non-intersection:  Non-junction/no special feature,Paved,,Property Damage Only,0,0,0,0,0,0,5000,2,2,,POINT (-92.47200431229 42.725770967292)
2014781089,14-0395,01/22/2014,01-January,4-Wednesday,17:30,1700 Hours,District 1 (Central),WEST DES MOINES,POLK,,WESTOWN PKWY & 35TH ST/VALLEY WEST DR,Collision with:  Vehicle in traffic,Shoulder,"Sideswipe, same direction",Made improper turn,None Indicated,,Dark - roadway lighted,Dry,Cloudy,None apparent,Non-intersection:  Non-junction/no special feature,Paved,,Property Damage Only,0,0,0,0,0,0,4000,2,2,,POINT (-93.751845756921 41.594540080136)
2014781045,201401085,01/22/2014,01-January,4-Wednesday,12:28,1200 Hours,District 6 (East Central),CEDAR RAPIDS,LINN,,WILEY BLVD SW,Collision with:  Vehicle in traffic,On Roadway,"Sideswipe, opposite direction",Lost Control,None Indicated,,Daylight,Ice/frost,Cloudy,"Surface condition (e.g., wet, icy)",Non-intersection:  Non-junction/no special feature,Paved,,Property Damage Only,0,0,0,0,0,0,5000,2,2,,POINT (-91.725849669665 41.955819734957)
2014780951,14-000744,01/22/2014,01-January,4-Wednesday,11:16,1100 Hours,District 3 (Northwest),CARROLL,CARROLL,,12TH ST & CLARK ST,Collision with:  Vehicle in traffic,On Roadway,Broadside (front to side),FTYROW:  From stop sign,None Indicated,,Daylight,Ice/frost,Snow,"Surface condition (e.g., wet, icy)",Intersection:  Four-way intersection,Paved,,Property Damage Only,0,0,0,0,0,0,6000,2,2,,POINT (-94.861359021129 42.071273864573)
2014781588,2014000737,01/22/2014,01-January,4-Wednesday,11:24,1100 Hours,District 6 (East Central),IOWA CITY,JOHNSON,IA 1,IA 1/GOVERNOR ST & E JEFFERSON ST,Collision with:  Vehicle in traffic,On Roadway,Broadside (front to side),Ran Traffic Signal,None Indicated,,Daylight,Slush,Cloudy,None apparent,Intersection:  Four-way intersection,Paved,,Property Damage Only,0,0,0,0,0,0,10000,2,2,,POINT (-91.522816521841 41.662364305361)
2014780805,20140001964,01/22/2014,01-January,4-Wednesday,11:04,1100 Hours,District 1 (Central),DES MOINES,POLK,I-235,I-235 & KEOSAUQUA WAY,Collision with:  Vehicle in traffic,On Roadway,"Angle, oncoming left turn",Ran Traffic Signal,None Indicated,,Daylight,Dry,Cloudy,None apparent,Intersection:  Other intersection (explain in narrative),Paved,,Possible/Unknown,0,1,0,0,1,0,15000,2,2,,POINT (-93.635988382749 41.596023002667)
2014781855,CL14000211,01/22/2014,01-January,4-Wednesday,09:46,0900 Hours,District 6 (East Central),CLINTON,CLINTON,IA 136,IA 136/IOWA 136,Collision with:  Vehicle in traffic,On Roadway,"Angle, oncoming left turn",Other (explain in narrative):  Vision obstructed,None Indicated,,Daylight,Snow,Cloudy,Obstruction in roadway,Non-intersection:  Non-junction/no special feature,Paved,,Property Damage Only,0,0,0,0,0,0,8000,2,2,,POINT (-90.181520205167 41.866090260148)
2014781381,14-000317,01/22/2014,01-January,4-Wednesday,17:20,1700 Hours,District 1 (Central),ANKENY,POLK,,SE PETERSON DR & SE GRANT ST,Collision with:  Vehicle in traffic,On Roadway,Head-on (front to front),Crossed centerline (undivided),None Indicated,,Dark - roadway lighted,Dry,Clear,None apparent,Non-intersection:  Non-junction/no special feature,Paved,,Property Damage Only,0,0,0,0,0,0,4500,2,2,,POINT (-93.598598390796 41.726908384895)
2014781413,14-1237,01/22/2014,01-January,4-Wednesday,19:39,1900 Hours,District 6 (East Central),BETTENDORF,SCOTT,,FOREST GROVE DR,Collision with:  Animal,,,Animal,None Indicated,,,,,,,Paved,,Property Damage Only,0,0,0,0,0,0,5000,1,1,,POINT (-90.47387094957 41.589935588186)
2014780826,20140001956,01/22/2014,01-January,4-Wednesday,08:12,0800 Hours,District 1 (Central),DES MOINES,POLK,I-235,I-235,Collision with:  Vehicle in traffic,On Roadway,"Sideswipe, same direction",Other (explain in narrative):  Other,None Indicated,,Daylight,Unknown,Cloudy,None apparent,Non-intersection:  Non-junction/no special feature,Paved,,Property Damage Only,0,0,0,0,0,0,2000,2,2,,POINT (-93.671272552368 41.592066383343)
2014781289,W14-007182,01/22/2014,01-January,4-Wednesday,14:15,1400 Hours,District 2 (Northeast),WATERLOO,BLACK HAWK,,KIMBALL AVE,Collision with:  Vehicle in traffic,On Roadway,Rear-end (front to rear),FTYROW:  From stop sign,None Indicated,,Daylight,Snow,Severe winds,None apparent,Intersection:  Four-way intersection,Paved,,Property Damage Only,0,0,0,0,0,0,4500,2,2,,POINT (-92.356759951117 42.442555873977)
2014781026,N14000034,01/22/2014,01-January,4-Wednesday,16:41,1600 Hours,District 6 (East Central),NORTH LIBERTY,JOHNSON,,HWY 965,Collision with fixed object:  Curb/island/raised median,Shoulder,"Sideswipe, opposite direction",Swerving/Evasive Action,None Indicated,,Dusk,Snow,Cloudy,"Surface condition (e.g., wet, icy)",Non-intersection:  Non-junction/no special feature,Paved,,Property Damage Only,0,0,0,0,0,0,10000,2,2,,POINT (-91.613178534376 41.762853473125)
2014782184,,01/22/2014,01-January,4-Wednesday,12:50,1200 Hours,District 6 (East Central),CEDAR RAPIDS,LINN,,12TH AVE SW & EDGEWOOD RD SW,Collision with:  Vehicle in traffic,On Roadway,Broadside (front to side),Unknown,None Indicated,,Daylight,Slush,Severe winds,,Intersection:  Four-way intersection,Paved,,Property Damage Only,0,0,0,0,0,0,2469,2,2,,POINT (-91.71601272638 41.965590244069)
2014780824,20140001947,01/22/2014,01-January,4-Wednesday,07:40,0700 Hours,District 1 (Central),DES MOINES,POLK,,GRAND AVE,Collision with:  Vehicle in traffic,On Roadway,Rear-end (front to rear),Improper or erratic lane changing,None Indicated,,Daylight,Wet,Cloudy,None apparent,Non-intersection:  Non-junction/no special feature,Paved,,Property Damage Only,0,0,0,0,0,0,3300,2,2,,POINT (-93.628210860692 41.587139583495)
2014782192,,01/22/2014,01-January,4-Wednesday,07:50,0700 Hours,District 5 (Southeast),MUSCATINE,MUSCATINE,,TIPTON RD & PROVENCE LN,Collision with:  Vehicle in traffic,On Roadway,Rear-end (front to rear),Unknown,None Indicated,,Daylight,Snow,Cloudy,,Non-intersection:  Non-junction/no special feature,Paved,,Property Damage Only,0,0,0,0,0,0,4000,2,20,,POINT (-91.06770016051 41.444322970615)
2014784637,2014004944,01/22/2014,01-January,4-Wednesday,15:25,1500 Hours,District 1 (Central),,POWESHIEK,,Co Rd V18/V18 RD,Non-collision events:  Overturn/rollover,On Roadway,Non-collision (single vehicle),Ran off road - right,None Indicated,,Daylight,Ice/frost,Snow,"Surface condition (e.g., wet, icy)",Non-intersection:  Driveway access (within),Paved,,Property Damage Only,0,0,0,0,0,0,3000,1,3,,POINT (-92.445260275407 41.703448912314)
2014781851,1401252361,01/22/2014,01-January,4-Wednesday,22:30,2200 Hours,District 6 (East Central),,CLINTON,,Co Rd E63/190 ST,Collision with fixed object:  Other fixed object (explain in narrative),On Roadway,Non-collision (single vehicle),Swerving/Evasive Action,None Indicated,,Dark - roadway not lighted,Snow,"Blowing sand, soil, dirt","Surface condition (e.g., wet, icy)",Non-intersection:  Non-junction/no special feature,Paved,,Property Damage Only,0,0,0,0,0,0,2000,1,1,,POINT (-90.738590174299 41.902005294303)
2014781495,14007230,01/22/2014,01-January,4-Wednesday,17:24,1700 Hours,District 2 (Northeast),CEDAR FALLS,BLACK HAWK,,23RD ST & UNIVERSITY OF NORTHERN IA,Collision with:  Vehicle in traffic,On Roadway,"Sideswipe, same direction",Made improper turn,None Indicated,,Dark - roadway lighted,Snow,Snow,None apparent,Intersection:  Other intersection (explain in narrative),Paved,,Property Damage Only,0,0,0,0,0,0,2500,2,6,,POINT (-92.463699599693 42.516783173896)
2014781114,2014-0022,01/22/2014,01-January,4-Wednesday,15:45,1500 Hours,District 5 (Southeast),NORWALK,WARREN,,SWAN CT,Collision with fixed object:  Other fixed object (explain in narrative),Outside trafficway,Non-collision (single vehicle),Driving too fast for conditions,None Indicated,,Daylight,Ice/frost,Clear,"Surface condition (e.g., wet, icy)",Non-intersection:  Non-junction/no special feature,Paved,,Property Damage Only,0,0,0,0,0,0,1650,1,3,,POINT (-93.66592698812 41.481595646396)
2014781661,14-0160,01/22/2014,01-January,4-Wednesday,22:31,2200 Hours,District 1 (Central),URBANDALE,POLK,,MEREDITH DR & 86TH ST,Collision with:  Vehicle in traffic,On Roadway,"Angle, oncoming left turn",FTYROW:  Making left turn,None Indicated,,Dark - roadway lighted,Dry,Cloudy,None apparent,Intersection:  Four-way intersection,Paved,,Possible/Unknown,0,2,0,0,2,0,6000,2,4,,POINT (-93.736472310791 41.643854809244)
2014780804,20140001963,01/22/2014,01-January,4-Wednesday,11:09,1100 Hours,District 1 (Central),DES MOINES,POLK,,21ST ST,Collision with:  Other non-fixed object (explain in narrative),Median,Non-collision (single vehicle),Lost Control,None Indicated,,Daylight,Dry,Cloudy,None apparent,Intersection:  Intersection with ramp,Paved,,Possible/Unknown,0,1,0,0,1,0,4100,1,1,,POINT (-93.646399735709 41.595640675907)
2014781789,2014004943,01/22/2014,01-January,4-Wednesday,15:00,1500 Hours,District 5 (Southeast),MOUNT PLEASANT,HENRY,,N IRIS ST & E MAPLE LEAF DR,Collision with:  Vehicle in traffic,On Roadway,Broadside (front to side),Crossed centerline (undivided),None Indicated,,Daylight,Dry,Cloudy,None apparent,Intersection:  T-intersection,Paved,,Property Damage Only,0,0,0,0,0,0,7000,3,4,,POINT (-91.525514830334 40.974066168783)
2014787713,20140274,01/22/2014,01-January,4-Wednesday,23:15,2300 Hours,District 1 (Central),,GRUNDY,,Co Rd D35/215TH ST,Non-collision events:  Other non-collision (explain in narrative),On Roadway,Non-collision (single vehicle),Crossed centerline (undivided),None Indicated,,Dark - roadway not lighted,Snow,Severe winds,"Surface condition (e.g., wet, icy)",Non-intersection:  Other non-intersection (explain in narrative),Paved,,Possible/Unknown,0,1,0,0,1,0,1500,1,1,,POINT (-92.655902922938 42.391438336246)
2014780967,14-02448,01/22/2014,01-January,4-Wednesday,17:23,1700 Hours,District 5 (Southeast),BURLINGTON,DES MOINES,,SUNNYSIDE AVE & BITTERSWEET PL,Collision with:  Vehicle in traffic,On Roadway,Rear-end (front to rear),Followed too close,None Indicated,,Dark - roadway lighted,Slush,Cloudy,None apparent,Intersection:  T-intersection,Paved,,Property Damage Only,0,0,0,0,0,0,2300,2,2,,POINT (-91.122907798015 40.833115038654)
2014781844,14001078,01/22/2014,01-January,4-Wednesday,15:13,1500 Hours,District 2 (Northeast),MASON CITY,CERRO GORDO,,N PENNSYLVANIA AVE,Collision with:  Vehicle in traffic,On Roadway,Broadside (front to side),FTYROW:  From driveway,None Indicated,,Daylight,Ice/frost,Snow,"Surface condition (e.g., wet, icy)",Non-intersection:  Driveway access (within),Unpaved,,Property Damage Only,0,0,0,0,0,0,2000,2,2,,POINT (-93.198638303908 43.169906017851)
2014781073,20140001986,01/22/2014,01-January,4-Wednesday,15:08,1500 Hours,District 1 (Central),DES MOINES,POLK,,BOYD ST,Collision with:  Parked motor vehicle,On Roadway,"Sideswipe, same direction",Unknown,None Indicated,,Daylight,Dry,Cloudy,None apparent,Non-intersection:  Non-junction/no special feature,Paved,,Property Damage Only,0,0,0,0,0,0,1800,2,1,,POINT (-93.603346988267 41.621356111657)