Iowa DOT Case Number,Law Enforcement Case Number,Date of Crash,Month of Crash,Day of Week,Time of Crash,Hour,DOT District,City Name,County Name,Route with System,Location Description,First Harmful Event,Location of First Harmful Event,Manner of Crash/Collision,Major Cause,Drug or Alcohol ,Environmental Conditions,Light Conditions,Surface Conditions,Weather Conditions,Roadway Contribution,Roadway Type,Roadway Surface,Work Zone,Crash Severity,Number of Fatalities,Number of Injuries,Number of Major Injuries,Number of Minor Injuries,Number of Possible Injuries,Number of Unknown Injuries,Amount of Property Damage,Number of Vehicles Involved,Total Number of Occupants,Travel Direction,Location
2014781817,,01/23/2014,01-January,5-Thursday,18:01,1800 Hours,District 2 (Northeast),DAKOTA CITY,HUMBOLDT,,Co Rd P56/NEVADA AVE,Collision with:  Animal,On Roadway,Non-collision (single vehicle),Animal,None Indicated,,,,,,,Paved,,Property Damage Only,0,0,0,0,0,0,1500,1,1,,POINT (-94.188320982273 42.724029056698)
2014782284,20140002083,01/23/2014,01-January,5-Thursday,21:48,2100 Hours,District 1 (Central),DES MOINES,POLK,I-235,I-235 & 31ST ST,Collision with:  Vehicle in traffic,On Roadway,Rear-end (front to rear),Followed too close,None Indicated,,Dark - roadway lighted,Dry,Clear,None apparent,Intersection:  Intersection with ramp,Paved,,Property Damage Only,0,0,0,0,0,0,3000,2,5,,POINT (-93.659364349203 41.592666721607)
2014782461,14-001734,01/23/2014,01-January,5-Thursday,22:20,2200 Hours,District 5 (Southeast),KNOXVILLE,MARION,,E ROBINSON ST & S 2ND ST,Collision with:  Parked motor vehicle,On Roadway,Rear-end (front to rear),"Operating vehicle in an reckless, erratic, careless, negligent manner",Alcohol (Statutory),,Dark - roadway lighted,Dry,Clear,None apparent,Non-intersection:  Alley,Paved,,Property Damage Only,0,0,0,0,0,0,3900,2,1,,POINT (-93.097627140904 41.318030157931)
2014790806,14-000213,01/23/2014,01-January,5-Thursday,15:40,1500 Hours,District 2 (Northeast),KLEMME,HANCOCK,,Co Rd B55/170TH ST,Collision with:  Vehicle in traffic,On Roadway,Rear-end (front to rear),Other (explain in narrative):  Vision obstructed,None Indicated,,Daylight,Dry,Clear,None apparent,Intersection:  Four-way intersection,Paved,,Property Damage Only,0,0,0,0,0,0,6500,2,2,,POINT (-93.616069304996 43.009654164467)
2014786268,C14000259,01/23/2014,01-January,5-Thursday,14:59,1400 Hours,District 6 (East Central),CORALVILLE,JOHNSON,US 6,US 6/2ND ST,Collision with:  Vehicle in traffic,On Roadway,Rear-end (front to rear),Followed too close,None Indicated,,Daylight,Ice/frost,Clear,None apparent,Non-intersection:  Non-junction/no special feature,Paved,,Property Damage Only,0,0,0,0,0,0,5500,3,6,,POINT (-91.562966647242 41.667881212349)
2014781305,CL14000236,01/23/2014,01-January,5-Thursday,20:50,2000 Hours,District 6 (East Central),CLINTON,CLINTON,,1ST AVE & S 5TH ST & N 5TH ST,Collision with fixed object:  Traffic sign support,Unknown,Non-collision (single vehicle),Ran off road - left,None Indicated,,Dark - roadway lighted,Snow,Cloudy,Unknown,Non-intersection:  Non-junction/no special feature,Paved,,Property Damage Only,0,0,0,0,0,0,1500,1,1,,POINT (-90.195741137043 41.845599464145)
2014781300,14-000781,01/23/2014,01-January,5-Thursday,15:30,1500 Hours,District 3 (Northwest),CARROLL,CARROLL,US 71,US 71 & 3RD ST,Collision with:  Vehicle in traffic,On Roadway,"Angle, oncoming left turn",FTYROW:  Making left turn,None Indicated,,Daylight,Dry,Clear,None apparent,Intersection:  Four-way intersection,Paved,,Possible/Unknown,0,1,0,0,1,0,10000,2,2,,POINT (-94.878565708128 42.064103771473)
2014783107,14-000309,01/23/2014,01-January,5-Thursday,08:54,0800 Hours,District 1 (Central),AMES,STORY,,MORTENSON PKWY & ASH AVE,Collision with:  Vehicle in traffic,On Roadway,"Angle, oncoming left turn",FTYROW:  Making left turn,None Indicated,,Daylight,Dry,Clear,None apparent,Intersection:  T-intersection,Paved,,Possible/Unknown,0,1,0,0,1,0,5000,2,2,,POINT (-93.646739092072 42.011343779443)
2014781425,2014-5143,01/23/2014,01-January,5-Thursday,15:32,1500 Hours,District 6 (East Central),DAVENPORT,SCOTT,,E CENTRAL PARK AVE & PERSHING AVE,Collision with:  Vehicle in traffic,On Roadway,"Sideswipe, opposite direction",Made improper turn,None Indicated,,Daylight,Ice/frost,Clear,None apparent,Intersection:  Four-way intersection,Paved,,Property Damage Only,0,0,0,0,0,0,3000,2,2,,POINT (-90.570711376284 41.546010303192)
2014783571,1401232227,01/23/2014,01-January,5-Thursday,22:27,2200 Hours,District 6 (East Central),OLIN,JONES,IA 38,IA 38/IOWA 38,Collision with:  Animal,On Roadway,Non-collision (single vehicle),Animal,None Indicated,,Dark - roadway not lighted,Dry,Cloudy,None apparent,Non-intersection:  Non-junction/no special feature,Paved,,Property Damage Only,0,0,0,0,0,0,5000,1,2,,POINT (-91.136648620841 42.031938952073)
2014781389,20140002063,01/23/2014,01-January,5-Thursday,16:49,1600 Hours,District 1 (Central),DES MOINES,POLK,I-235,I-235,Collision with:  Vehicle in traffic,On Roadway,"Sideswipe, same direction",Swerving/Evasive Action,None Indicated,,Daylight,Dry,Clear,None apparent,Non-intersection:  Non-junction/no special feature,Paved,,Property Damage Only,0,0,0,0,0,0,3200,2,2,,POINT (-93.5756585892 41.624533528746)
2014781403,14-0411,01/23/2014,01-January,5-Thursday,16:28,1600 Hours,District 4 (Southwest),WEST DES MOINES,DALLAS,,WESTOWN PKWY,Collision with:  Vehicle in traffic,On Roadway,Broadside (front to side),FTYROW:  From driveway,None Indicated,,Daylight,Dry,Clear,None apparent,Non-intersection:  Driveway access (within),Paved,,Possible/Unknown,0,1,0,0,1,0,15500,2,3,,POINT (-93.793938452406 41.594635401233)
2014781250,,01/23/2014,01-January,5-Thursday,11:01,1100 Hours,District 6 (East Central),MARENGO,IOWA,,COURT AVE,Collision with:  Vehicle in traffic,On Roadway,Rear-end (front to rear),FTYROW:  From parked position,None Indicated,,Daylight,Snow,Clear,None apparent,Non-intersection:  Non-junction/no special feature,Paved,,Property Damage Only,0,0,0,0,0,0,1550,2,2,,POINT (-92.070054264045 41.799975201136)
2014782069,14-02587,01/23/2014,01-January,5-Thursday,23:18,2300 Hours,District 5 (Southeast),,DES MOINES,US 61,US 61,Collision with fixed object:  Ditch,On Roadway,Non-collision (single vehicle),Crossed centerline (undivided),Drug/Alcohol (Statutory),,Dark - roadway not lighted,Dry,Clear,None apparent,Non-intersection:  Non-junction/no special feature,Paved,,Minor Injury,0,1,0,1,0,0,10000,1,1,,POINT (-91.164689116829 40.872656133747)
2014781451,2014005174,01/23/2014,01-January,5-Thursday,09:40,0900 Hours,District 2 (Northeast),,FLOYD,,CAMEO AVE,Non-collision events:  Overturn/rollover,On Roadway,Non-collision (single vehicle),Driving too fast for conditions,None Indicated,,Daylight,"Mud, dirt",Cloudy,None apparent,Non-intersection:  Non-junction/no special feature,Unpaved,,Property Damage Only,0,0,0,0,0,0,2000,1,1,,POINT (-92.984701405277 43.146331660455)
2014781163,14-2214,01/23/2014,01-January,5-Thursday,02:21,0200 Hours,District 3 (Northwest),SIOUX CITY,WOODBURY,,KINGS HWY & PERRY WAY,Collision with fixed object:  Curb/island/raised median,Outside trafficway,Non-collision (single vehicle),Swerving/Evasive Action,None Indicated,,Dark - roadway lighted,Dry,Cloudy,None apparent,Intersection:  T-intersection,Paved,,Property Damage Only,0,0,0,0,0,0,5000,1,1,,POINT (-96.411292423541 42.550370409143)
2014781298,14-000639,01/23/2014,01-January,5-Thursday,12:58,1200 Hours,District 6 (East Central),INDEPENDENCE,BUCHANAN,,11TH ST NE & 8TH AVE NE,Collision with:  Vehicle in traffic,On Roadway,Head-on (front to front),"Operating vehicle in an reckless, erratic, careless, negligent manner",None Indicated,,Daylight,Snow,Clear,None apparent,Non-intersection:  Non-junction/no special feature,Paved,,Minor Injury,0,2,0,1,1,0,20000,2,3,,POINT (-91.884489985855 42.478540039057)
2014781313,01-14-3267,01/23/2014,01-January,5-Thursday,11:07,1100 Hours,District 6 (East Central),DUBUQUE,DUBUQUE,US 20,US 20/DODGE ST & IA 946/IOWA 946,Collision with:  Vehicle in traffic,On Roadway,"Angle, oncoming left turn",Made improper turn,None Indicated,,Daylight,Dry,Clear,None apparent,Non-intersection:  Non-junction/no special feature,Paved,,Property Damage Only,0,0,0,0,0,0,2000,2,2,,POINT (-90.665098532681 42.492004570747)
2014780963,CL14000222,01/23/2014,01-January,5-Thursday,08:24,0800 Hours,District 6 (East Central),CLINTON,CLINTON,,MANUFACTURING DR & VALLEY WEST DR,Collision with:  Vehicle in traffic,On Roadway,Rear-end (front to rear),Followed too close,None Indicated,,Daylight,Snow,Clear,None apparent,Non-intersection:  Non-junction/no special feature,Paved,,Property Damage Only,0,0,0,0,0,0,3000,2,2,,POINT (-90.242751812084 41.820864933542)
2014781479,,01/23/2014,01-January,5-Thursday,18:20,1800 Hours,District 3 (Northwest),,WOODBURY,IA 31,IA 31/HWY 31,Collision with:  Other non-fixed object (explain in narrative),On Roadway,Non-collision (single vehicle),Other (explain in narrative):  No improper action,None Indicated,,Dark - roadway not lighted,Dry,Clear,Obstruction in roadway,Non-intersection:  Non-junction/no special feature,Paved,,Property Damage Only,0,0,0,0,0,0,2500,1,1,,POINT (-95.796268526584 42.47070201107)
2014781407,14-002938,01/23/2014,01-January,5-Thursday,17:03,1700 Hours,District 4 (Southwest),COUNCIL BLUFFS,POTTAWATTAMIE,,9TH AVE,Collision with:  Vehicle in traffic,On Roadway,"Sideswipe, same direction",FTYROW:  Other (explain in narrative),None Indicated,,Daylight,Dry,Clear,None apparent,Non-intersection:  Non-junction/no special feature,Paved,,Property Damage Only,0,0,0,0,0,0,4800,2,3,,POINT (-95.880307166568 41.253553364218)
2014786151,,01/23/2014,01-January,5-Thursday,20:30,2000 Hours,District 2 (Northeast),CLEAR LAKE,CERRO GORDO,,5TH PL N,Collision with:  Parked motor vehicle,On Roadway,Broadside (front to side),Improper Backing,None Indicated,,Dark - roadway not lighted,Snow,"Blowing sand, soil, dirt",None apparent,Non-intersection:  Non-junction/no special feature,Paved,,Property Damage Only,0,0,0,0,0,0,2188,2,1,,POINT (-93.385026200826 43.146900528943)
2014781762,2014005323,01/23/2014,01-January,5-Thursday,15:47,1500 Hours,District 6 (East Central),,CEDAR,I-80,I-80,Collision with fixed object:  Bridge overhead structure,Shoulder,Non-collision (single vehicle),Swerving/Evasive Action,None Indicated,,Daylight,Dry,Clear,None apparent,Non-intersection:  Other non-intersection (explain in narrative),Paved,,Property Damage Only,0,0,0,0,0,0,7500,1,1,,POINT (-91.337430855611 41.66412788849)
2014793344,2014012302,01/23/2014,01-January,5-Thursday,23:53,2300 Hours,District 4 (Southwest),SHENANDOAH,PAGE,,E WASHINGTON AVE,,Outside trafficway,Non-collision (single vehicle),Illegally Parked/Unattended,None Indicated,,Dark - roadway lighted,Dry,Cloudy,None apparent,Non-intersection:  Driveway access (within),Paved,,Property Damage Only,0,0,0,0,0,0,2000,1,0,,POINT (-95.357459528138 40.762270180948)
2014781496,14007536,01/23/2014,01-January,5-Thursday,15:53,1500 Hours,District 2 (Northeast),CEDAR FALLS,BLACK HAWK,IA 27,IA 27 & GREENHILL RD,Collision with:  Vehicle in traffic,On Roadway,Broadside (front to side),Ran Traffic Signal,None Indicated,,Daylight,Dry,Clear,None apparent,Intersection:  Four-way intersection,Paved,,Possible/Unknown,0,1,0,0,1,0,6500,2,2,,POINT (-92.452778978593 42.498737897842)
2014781861,14000640,01/23/2014,01-January,5-Thursday,15:24,1500 Hours,District 6 (East Central),DELHI,DELAWARE,,HARTWICK RD & 6TH ST,Collision with:  Vehicle in traffic,On Roadway,"Sideswipe, opposite direction",Crossed centerline (undivided),None Indicated,,Daylight,Ice/frost,Clear,"Surface condition (e.g., wet, icy)",Intersection:  T-intersection,Paved,,Property Damage Only,0,0,0,0,0,0,6500,2,2,,POINT (-91.336838762555 42.426142809282)
2014781857,CL14000235,01/23/2014,01-January,5-Thursday,17:27,1700 Hours,District 6 (East Central),CLINTON,CLINTON,,12TH AVE S & 11TH AVE S & S 15TH ST,Collision with:  Other non-fixed object (explain in narrative),Shoulder,Non-collision (single vehicle),Driving too fast for conditions,None Indicated,,Dark - roadway not lighted,Snow,Clear,"Surface condition (e.g., wet, icy)",Non-intersection:  Non-junction/no special feature,Paved,,Property Damage Only,0,0,0,0,0,0,2000,1,1,,POINT (-90.221275013184 41.83279296281)
2014781388,20140002056,01/23/2014,01-January,5-Thursday,15:45,1500 Hours,District 1 (Central),DES MOINES,POLK,US 69,US 69/E 14TH ST & E TIFFIN AVE,Collision with:  Vehicle in traffic,On Roadway,"Sideswipe, same direction",Improper or erratic lane changing,None Indicated,,Daylight,Unknown,Clear,Unknown,Non-intersection:  Non-junction/no special feature,Paved,,Property Damage Only,0,0,0,0,0,0,1750,2,3,,POINT (-93.60053939552 41.624081981561)
2014783121,14-00318,01/23/2014,01-January,5-Thursday,17:01,1700 Hours,District 1 (Central),AMES,STORY,US 30,US 30/NE RAMP CURV/NW RAMP CURV & Co Rd R38/SOUTH DAKOTA AVE,Collision with:  Vehicle in traffic,On Roadway,Rear-end (front to rear),Other (explain in narrative):  Other,None Indicated,,Daylight,Dry,Clear,None apparent,Interchange-related:  Off-ramp,Paved,,Possible/Unknown,0,1,0,0,1,0,3500,2,2,,POINT (-93.67870113562 42.009718192099)
2014781529,14-975,01/23/2014,01-January,5-Thursday,12:47,1200 Hours,District 3 (Northwest),ROYAL,CLAY,,Co Rd B40/400TH ST & MARKET ST,Collision with fixed object:  Traffic sign support,Outside trafficway,Non-collision (single vehicle),Swerving/Evasive Action,None Indicated,,Daylight,Dry,Clear,None apparent,Non-intersection:  Non-junction/no special feature,Paved,,Property Damage Only,0,0,0,0,0,0,2150,1,1,,POINT (-95.287800418401 43.068492222249)
2014783758,,01/23/2014,01-January,5-Thursday,08:00,0800 Hours,District 4 (Southwest),,FREMONT,I-29,I-29 & Co Rd L40/240 AVE,Collision with fixed object:  Ditch,Outside trafficway,Non-collision (single vehicle),Ran off road - right,None Indicated,,Dawn,Dry,Cloudy,None apparent,Non-intersection:  Non-junction/no special feature,Paved,,Possible/Unknown,0,1,0,0,1,0,3000,1,1,,POINT (-95.736288102245 40.639730064964)
2014781080,20140002025,01/23/2014,01-January,5-Thursday,09:42,0900 Hours,District 1 (Central),DES MOINES,POLK,,UNIVERSITY AVE,Collision with:  Vehicle in traffic,On Roadway,"Sideswipe, same direction",FTYROW:  Making left turn,None Indicated,,Daylight,Dry,Clear,None apparent,Non-intersection:  Driveway access (within),Paved,,Property Damage Only,0,0,0,0,0,0,4000,2,2,,POINT (-93.660522563493 41.600352248726)
2014782241,32008-14,01/23/2014,01-January,5-Thursday,12:41,1200 Hours,District 3 (Northwest),,EMMET,IA 4,IA 4/IOWA 4 & 190 ST,Collision with:  Vehicle in traffic,On Roadway,"Sideswipe, opposite direction",FTYROW:  Making left turn,None Indicated,,Daylight,Dry,Clear,None apparent,Intersection:  T-intersection,Paved,,Property Damage Only,0,0,0,0,0,0,4750,2,2,,POINT (-94.81198175904 43.370329964156)
2014899611,NT-14-013,01/23/2014,01-January,5-Thursday,06:30,0600 Hours,District 1 (Central),NEVADA,STORY,,6TH ST,Collision with fixed object:  Curb/island/raised median,Median,Non-collision (single vehicle),Exceeded authorized speed,None Indicated,,Dark - roadway lighted,Dry,Clear,None apparent,Non-intersection:  Railroad grade crossing,Paved,,Property Damage Only,0,0,0,0,0,0,1500,1,1,,POINT (-93.45222677778 42.014301395143)
2014781405,14-002876,01/23/2014,01-January,5-Thursday,06:50,0600 Hours,District 4 (Southwest),COUNCIL BLUFFS,POTTAWATTAMIE,I-80,I-80,Collision with:  Vehicle in traffic,On Roadway,"Sideswipe, same direction",Unknown,None Indicated,,Dawn,Dry,Clear,Other (explain in narrative),Non-intersection:  Other non-intersection (explain in narrative),Paved,,Property Damage Only,0,0,0,0,0,0,3000,2,2,,POINT (-95.834440341777 41.230573435964)
2014781968,2014-01426,01/23/2014,01-January,5-Thursday,09:16,0900 Hours,District 5 (Southeast),INDIANOLA,WARREN,US 65,US 65/N JEFFERSON WAY & E KENTUCKY AVE,Collision with:  Vehicle in traffic,On Roadway,Broadside (front to side),FTYROW:  From stop sign,None Indicated,,Daylight,Dry,Clear,None apparent,Intersection:  Four-way intersection,Paved,,Possible/Unknown,0,1,0,0,1,0,9000,2,3,,POINT (-93.558414219986 41.37136640857)
2014787561,2014-0708,01/23/2014,01-January,5-Thursday,01:28,0100 Hours,District 6 (East Central),ELDRIDGE,SCOTT,,BUTTERMILK RD,Collision with fixed object:  Bridge overhead structure,On Roadway,Non-collision (single vehicle),Swerving/Evasive Action,None Indicated,,Dark - roadway not lighted,Snow,"Blowing sand, soil, dirt","Surface condition (e.g., wet, icy)",Non-intersection:  Other non-intersection (explain in narrative),Paved,,Property Damage Only,0,0,0,0,0,0,10000,1,1,,POINT (-90.598042393439 41.627606012575)
2014781291,W14-007443,01/23/2014,01-January,5-Thursday,09:37,0900 Hours,District 2 (Northeast),WATERLOO,BLACK HAWK,,VINTON ST,Collision with:  Vehicle in traffic,On Roadway,Rear-end (front to rear),Driving too fast for conditions,None Indicated,,Daylight,Ice/frost,Clear,"Surface condition (e.g., wet, icy)",Non-intersection:  Railroad grade crossing,Paved,,Possible/Unknown,0,1,0,0,1,0,7000,2,2,,POINT (-92.32204983479 42.488348850273)
2014781312,01-14-3263,01/23/2014,01-January,5-Thursday,10:10,1000 Hours,District 6 (East Central),DUBUQUE,DUBUQUE,,GRANDVIEW AVE S & SOUTHERN AVE,Collision with:  Vehicle in traffic,On Roadway,Broadside (front to side),Ran Stop Sign,None Indicated,,Daylight,Dry,Clear,None apparent,Intersection:  Four-way intersection,Paved,,Property Damage Only,0,0,0,0,0,0,4000,2,4,,POINT (-90.673390198776 42.478080083191)
2014781401,14-0165,01/23/2014,01-January,5-Thursday,15:57,1500 Hours,District 1 (Central),URBANDALE,POLK,,114TH ST & 111TH ST,Collision with:  Vehicle in traffic,On Roadway,Rear-end (front to rear),Other (explain in narrative):  Other,None Indicated,,Daylight,Dry,Clear,None apparent,Non-intersection:  Non-junction/no special feature,Paved,,Property Damage Only,0,0,0,0,0,0,4000,2,2,,POINT (-93.771369097304 41.629917048247)
2014781354,201401142,01/23/2014,01-January,5-Thursday,14:28,1400 Hours,District 6 (East Central),CEDAR RAPIDS,LINN,,JOHNSON AVE NW,Collision with:  Vehicle in traffic,On Roadway,"Angle, oncoming left turn",Made improper turn,None Indicated,,Daylight,Wet,Clear,None apparent,Non-intersection:  Driveway access (within),Paved,,Minor Injury,0,2,0,2,0,0,18000,2,2,,POINT (-91.709434599968 41.974613009877)
2014781292,W14-007500,01/23/2014,01-January,5-Thursday,13:40,1300 Hours,District 2 (Northeast),WATERLOO,BLACK HAWK,,PLYMOUTH AVE & LA PORTE RD,Collision with:  Vehicle in traffic,On Roadway,Rear-end (front to rear),Driving too fast for conditions,None Indicated,,Daylight,Wet,Clear,"Surface condition (e.g., wet, icy)",Non-intersection:  Driveway access (within),Paved,,Property Damage Only,0,0,0,0,0,0,3000,2,2,,POINT (-92.322695372238 42.470241891641)
2014781406,14-002917,01/23/2014,01-January,5-Thursday,13:13,1300 Hours,District 4 (Southwest),COUNCIL BLUFFS,POTTAWATTAMIE,US 6,US 6/KANESVILLE BLVD,Collision with:  Vehicle in traffic,On Roadway,Broadside (front to side),Ran Traffic Signal,None Indicated,,Daylight,Dry,Clear,None apparent,Intersection:  Four-way intersection,Paved,,Property Damage Only,0,0,0,0,0,0,5000,2,3,,POINT (-95.844399212273 41.264876153891)
2014787715,20140280,01/23/2014,01-January,5-Thursday,14:30,1400 Hours,District 1 (Central),DIKE,GRUNDY,,NORTH ST,Collision with:  Vehicle in traffic,On Roadway,Broadside (front to side),FTYROW:  From parked position,None Indicated,,Daylight,Snow,Cloudy,None apparent,Non-intersection:  Non-junction/no special feature,Paved,,Property Damage Only,0,0,0,0,0,0,1700,2,2,,POINT (-92.62707899339 42.466187849835)
2014800073,1400495,01/23/2014,01-January,5-Thursday,08:01,0800 Hours,District 5 (Southeast),WASHINGTON,WASHINGTON,,E FILLMORE ST & S 12TH AVE,Collision with fixed object:  Traffic sign support,Outside trafficway,Non-collision (single vehicle),Driving too fast for conditions,None Indicated,,Daylight,Ice/frost,Cloudy,"Surface condition (e.g., wet, icy)",Intersection:  T-intersection,Paved,,Property Damage Only,0,0,0,0,0,0,1600,1,1,,POINT (-91.678414390431 41.287082827536)
2014781813,,01/23/2014,01-January,5-Thursday,15:10,1500 Hours,District 2 (Northeast),CLARKSVILLE,BUTLER,,E POISAL ST & N CHURCH ST,Collision with:  Vehicle in traffic,On Roadway,Broadside (front to side),FTYROW:  At uncontrolled intersection,None Indicated,,,,,,,Paved,,Possible/Unknown,0,1,0,0,1,0,7000,2,4,,POINT (-92.665294396368 42.785547744486)
2014787714,20140276,01/23/2014,01-January,5-Thursday,01:50,0100 Hours,District 1 (Central),,GRUNDY,IA 57,IA 57/110TH ST,Collision with fixed object:  Ditch,Roadside,Non-collision (single vehicle),Crossed centerline (undivided),None Indicated,,Dark - roadway not lighted,Dry,Cloudy,None apparent,Non-intersection:  Non-junction/no special feature,Paved,,Property Damage Only,0,0,0,0,0,0,11000,1,1,,POINT (-92.587337111816 42.542439296308)
2014780962,CL14000221,01/23/2014,01-January,5-Thursday,07:21,0700 Hours,District 6 (East Central),CLINTON,CLINTON,US 30,US 30/8TH AVE S,Collision with fixed object:  Bridge overhead structure,On Roadway,Non-collision (single vehicle),Unknown,None Indicated,,Daylight,Ice/frost,Clear,"Surface condition (e.g., wet, icy)",Non-intersection:  Other non-intersection (explain in narrative),Paved,,Possible/Unknown,0,1,0,0,1,0,2000,1,1,,POINT (-90.183313930359 41.837865436347)
2014781680,S14-000221,01/23/2014,01-January,5-Thursday,16:30,1600 Hours,District 4 (Southwest),COUNCIL BLUFFS,POTTAWATTAMIE,,Co Rd L35/WABASH AVE,Collision with fixed object:  Ditch,On Roadway,Non-collision (single vehicle),Crossed centerline (undivided),None Indicated,,Daylight,"Mud, dirt",Clear,None apparent,Non-intersection:  Non-junction/no special feature,Paved,,Property Damage Only,0,0,0,0,0,0,6000,1,1,,POINT (-95.77758002509 41.180668103237)
2014781293,W14-007529,01/23/2014,01-January,5-Thursday,15:30,1500 Hours,District 2 (Northeast),WATERLOO,BLACK HAWK,,CORDELL ST & SPRING VIEW ST,Collision with:  Vehicle in traffic,On Roadway,Broadside (front to side),FTYROW:  At uncontrolled intersection,None Indicated,,Daylight,Snow,Clear,"Surface condition (e.g., wet, icy)",Intersection:  Four-way intersection,Paved,,Property Damage Only,0,0,0,0,0,0,4900,2,3,,POINT (-92.302960410199 42.511145147476)
2014781353,201401134,01/23/2014,01-January,5-Thursday,12:26,1200 Hours,District 6 (East Central),CEDAR RAPIDS,LINN,US 151,US 151/WILLIAMS BLVD & DEAN RD SW,Collision with fixed object:  Culvert/pipe opening,On Roadway,Non-collision (single vehicle),Ran off road - left,None Indicated,,Daylight,Ice/frost,Clear,"Surface condition (e.g., wet, icy)",Non-intersection:  Non-junction/no special feature,Paved,,Property Damage Only,0,0,0,0,0,0,8000,1,1,,POINT (-91.7477734654 41.942272007368)
2014781339,2014000776,01/23/2014,01-January,5-Thursday,00:00,0000 Hours,District 6 (East Central),IOWA CITY,JOHNSON,,N CLINTON ST,Collision with:  Parked motor vehicle,On Roadway,Rear-end (front to rear),Unknown,None Indicated,,Unknown,Snow,Cloudy,None apparent,Non-intersection:  Non-junction/no special feature,Paved,,Property Damage Only,0,0,0,0,0,0,5000,2,1,,POINT (-91.534581570245 41.663145416632)
2014781444,14000826,01/23/2014,01-January,5-Thursday,12:27,1200 Hours,District 1 (Central),,TAMA,US 63,US 63 & 365TH ST,Collision with:  Animal,,,Animal,None Indicated,,,,,,,Paved,,Property Damage Only,0,0,0,0,0,0,3000,1,1,,POINT (-92.58228158923 41.912188105379)
2014781387,20140002054,01/23/2014,01-January,5-Thursday,15:20,1500 Hours,District 1 (Central),DES MOINES,POLK,US 6,US 6/E EUCLID AVE,Collision with:  Vehicle in traffic,On Roadway,Rear-end (front to rear),Unknown,None Indicated,,Daylight,Dry,Clear,None apparent,Non-intersection:  Driveway access (within),Paved,,Property Damage Only,0,0,0,0,0,0,2700,2,3,,POINT (-93.577980354245 41.627773478891)
2014780941,W14-007353,01/23/2014,01-January,5-Thursday,00:15,0000 Hours,District 2 (Northeast),WATERLOO,BLACK HAWK,,CORNWALL AVE & N LA PORTE FRONTAGE RD,Unknown,On Roadway,Non-collision (single vehicle),Unknown,None Indicated,,Dark - roadway lighted,Ice/frost,"Blowing sand, soil, dirt",None apparent,Intersection:  T-intersection,Paved,,Property Damage Only,0,0,0,0,0,0,1700,1,1,,POINT (-92.322987140483 42.474773565591)
2014783018,1401-010,01/23/2014,01-January,5-Thursday,03:15,0300 Hours,District 3 (Northwest),,OSCEOLA,IA 9,IA 9/IOWA 9 & Co Rd M20/YEW AVE,Non-collision events:  Overturn/rollover,On Roadway,Non-collision (single vehicle),Swerving/Evasive Action,None Indicated,,Dark - roadway not lighted,Dry,Clear,None apparent,Intersection:  Four-way intersection,Paved,,Possible/Unknown,0,1,0,0,1,0,3000,1,1,,POINT (-95.407512289431 43.430516110004)
2014781304,CL14000227,01/23/2014,01-January,5-Thursday,12:36,1200 Hours,District 6 (East Central),CLINTON,CLINTON,,3RD AVE S & S 4TH ST,Collision with:  Vehicle in traffic,On Roadway,"Angle, oncoming left turn",FTYROW:  Making left turn,None Indicated,,Daylight,Snow,Clear,None apparent,Non-intersection:  Driveway access (within),Paved,,Property Damage Only,0,0,0,0,0,0,5000,2,2,,POINT (-90.193225597104 41.843358589622)
2014781498,W14-007494,01/23/2014,01-January,5-Thursday,13:12,1300 Hours,District 2 (Northeast),WATERLOO,BLACK HAWK,,FRONTAGE RD,Collision with:  Vehicle in traffic,On Roadway,Rear-end (front to rear),Lost Control,None Indicated,,Daylight,Wet,Clear,None apparent,Intersection:  Four-way intersection,Paved,,Minor Injury,0,2,0,1,1,0,12500,2,2,,POINT (-92.397196509917 42.503943576115)
2014781720,140123DH01,01/23/2014,01-January,5-Thursday,07:05,0700 Hours,District 3 (Northwest),ALTON,SIOUX,IA 10,IA 10/450TH ST & KENNEDY AVE & 3RD AVE,Collision with:  Vehicle in traffic,On Roadway,Broadside (front to side),FTYROW:  From stop sign,None Indicated,,Dawn,Dry,Clear,None apparent,Intersection:  Four-way intersection,Paved,,Property Damage Only,0,0,0,0,0,0,4500,2,2,,POINT (-96.004434667907 42.997363000167)
2014781050,14-0359,01/23/2014,01-January,5-Thursday,07:51,0700 Hours,District 6 (East Central),HIAWATHA,LINN,,STAMY RD,Collision with fixed object:  Utility pole/light support,Roadside,Non-collision (single vehicle),Ran off road - right,None Indicated,,Daylight,Ice/frost,"Blowing sand, soil, dirt","Surface condition (e.g., wet, icy)",Non-intersection:  Non-junction/no special feature,Paved,,Property Damage Only,0,0,0,0,0,0,3500,1,1,,POINT (-91.685094087218 42.051224367009)
2014781856,CL14000231,01/23/2014,01-January,5-Thursday,15:30,1500 Hours,District 6 (East Central),CLINTON,CLINTON,,MANUFACTURING DR & S 19TH ST,Collision with:  Vehicle in traffic,On Roadway,Rear-end (front to rear),Followed too close,None Indicated,,Daylight,Dry,Clear,None apparent,Non-intersection:  Non-junction/no special feature,Paved,,Possible/Unknown,0,1,0,0,1,0,4000,2,2,,POINT (-90.230771823737 41.829537261927)