Iowa DOT Case Number,Law Enforcement Case Number,Date of Crash,Month of Crash,Day of Week,Time of Crash,Hour,DOT District,City Name,County Name,Route with System,Location Description,First Harmful Event,Location of First Harmful Event,Manner of Crash/Collision,Major Cause,Drug or Alcohol ,Environmental Conditions,Light Conditions,Surface Conditions,Weather Conditions,Roadway Contribution,Roadway Type,Roadway Surface,Work Zone,Crash Severity,Number of Fatalities,Number of Injuries,Number of Major Injuries,Number of Minor Injuries,Number of Possible Injuries,Number of Unknown Injuries,Amount of Property Damage,Number of Vehicles Involved,Total Number of Occupants,Travel Direction,Location
2014783835,14011630,01/24/2014,01-January,6-Friday,23:07,2300 Hours,District 6 (East Central),,JOHNSON,I-80,I-80 & EAGLE AVE,Collision with:  Vehicle in traffic,Shoulder,"Sideswipe, same direction",Driving too fast for conditions,None Indicated,,Dark - roadway not lighted,Wet,Rain,None apparent,Non-intersection:  Non-junction/no special feature,Paved,,Property Damage Only,0,0,0,0,0,0,6500,2,3,,POINT (-91.755032913829 41.691919233569)
2014786522,,01/24/2014,01-January,6-Friday,19:17,1900 Hours,District 2 (Northeast),,WINNESHIEK,IA 9,IA 9/IOWA 9,Non-collision events:  Overturn/rollover,On Roadway,Non-collision (single vehicle),Crossed centerline (undivided),None Indicated,,Dark - roadway not lighted,Snow,Snow,"Surface condition (e.g., wet, icy)",Non-intersection:  Non-junction/no special feature,Paved,,Property Damage Only,0,0,0,0,0,0,2500,1,2,,POINT (-91.921091525742 43.284185603492)
2014782923,14000672,01/24/2014,01-January,6-Friday,17:01,1700 Hours,District 6 (East Central),JESUP,BUCHANAN,,10TH ST,Non-collision events:  Other non-collision (explain in narrative),On Roadway,Broadside (front to side),Crossed centerline (undivided),None Indicated,,Dusk,Snow,Clear,None apparent,Intersection:  Four-way intersection,Paved,,Property Damage Only,0,0,0,0,0,0,3500,2,2,,POINT (-92.057596724982 42.473204812724)
2014781689,14-003118,01/24/2014,01-January,6-Friday,16:44,1600 Hours,District 4 (Southwest),COUNCIL BLUFFS,POTTAWATTAMIE,I-29,I-29,Collision with:  Vehicle in traffic,On Roadway,Rear-end (front to rear),Followed too close,None Indicated,,Daylight,Dry,Clear,None apparent,Non-intersection:  Non-junction/no special feature,Paved,,Property Damage Only,0,0,0,0,0,0,2000,2,3,,POINT (-95.906836521795 41.251391038984)
2014782342,2014005557,01/24/2014,01-January,6-Friday,17:50,1700 Hours,District 2 (Northeast),,FLOYD,US 18,US 18,Collision with:  Vehicle in traffic,On Roadway,"Sideswipe, same direction",Lost Control,None Indicated,,Dark - roadway not lighted,Snow,Snow,"Surface condition (e.g., wet, icy)",Non-intersection:  Non-junction/no special feature,Paved,,Minor Injury,0,1,0,1,0,0,11500,2,7,,POINT (-93.009636898381 43.116661187577)
2014781931,2014-5434,01/24/2014,01-January,6-Friday,19:27,1900 Hours,District 6 (East Central),DAVENPORT,SCOTT,,W 30TH ST,Collision with fixed object:  Utility pole/light support,On Roadway,Non-collision (single vehicle),Ran off road - right,None Indicated,,Dark - roadway lighted,Ice/frost,Clear,None apparent,Non-intersection:  Non-junction/no special feature,Paved,,Property Damage Only,0,0,0,0,0,0,3000,1,3,,POINT (-90.573869884399 41.550670284815)
2014781541,14-02670,01/24/2014,01-January,6-Friday,11:46,1100 Hours,District 5 (Southeast),BURLINGTON,DES MOINES,US 61,US 61 & MASON RD,Collision with:  Vehicle in traffic,On Roadway,Rear-end (front to rear),Other (explain in narrative):  Other,None Indicated,,Daylight,Dry,Clear,None apparent,Intersection:  Four-way intersection,Paved,,Property Damage Only,0,0,0,0,0,0,1500,2,3,,POINT (-91.141688352167 40.796766323912)
2014781552,01-14-3533,01/24/2014,01-January,6-Friday,21:07,2100 Hours,District 6 (East Central),DUBUQUE,DUBUQUE,,OLD HIGHWAY RD,Collision with fixed object:  Traffic sign support,On Roadway,Non-collision (single vehicle),Driving too fast for conditions,None Indicated,,Dark - roadway lighted,Snow,Snow,None apparent,Non-intersection:  Non-junction/no special feature,Paved,,Property Damage Only,0,0,0,0,0,0,2000,1,1,,POINT (-90.74815834127 42.487237717286)
2014781687,14-003100,01/24/2014,01-January,6-Friday,14:39,1400 Hours,District 4 (Southwest),COUNCIL BLUFFS,POTTAWATTAMIE,I-29,I-29,Collision with fixed object:  Concrete traffic barrier (median or right side),Median,Non-collision (single vehicle),Equipment failure,None Indicated,,Daylight,Dry,Clear,None apparent,Non-intersection:  Non-junction/no special feature,Paved,,Minor Injury,0,1,0,1,0,0,45200,2,3,,POINT (-95.891406247229 41.232731479408)
2014781394,20140002120,01/24/2014,01-January,6-Friday,11:30,1100 Hours,District 1 (Central),DES MOINES,POLK,,W MLK JR PKWY & SW 2ND ST,Collision with:  Vehicle in traffic,On Roadway,Broadside (front to side),Unknown,None Indicated,,Daylight,Dry,Cloudy,None apparent,Intersection:  Four-way intersection,Paved,,Property Damage Only,0,0,0,0,0,0,2500,2,5,,POINT (-93.618014773853 41.582285889145)
2014782007,,01/24/2014,01-January,6-Friday,16:19,1600 Hours,District 4 (Southwest),,ADAIR,,MONROE AVE,Collision with fixed object:  Ditch,Roadside,Non-collision (single vehicle),Swerving/Evasive Action,None Indicated,,Daylight,Dry,Cloudy,None apparent,Non-intersection:  Driveway access (within),Unpaved,,Possible/Unknown,0,1,0,0,1,0,2800,1,1,,POINT (-94.462298573642 41.341136734255)
2014783688,14-000100,01/24/2014,01-January,6-Friday,21:46,2100 Hours,District 1 (Central),,STORY,,Co Rd E26/CAMERON SCHOOL RD & Co Rd R38/500TH AVE,Collision with:  Vehicle in traffic,On Roadway,Rear-end (front to rear),Driving too fast for conditions,None Indicated,,Dark - roadway not lighted,Ice/frost,"Sleet, hail","Surface condition (e.g., wet, icy)",Non-intersection:  Other non-intersection (explain in narrative),Paved,,Minor Injury,0,1,0,1,0,0,8000,2,3,,POINT (-93.698679631921 42.070743685615)
2014782488,14-000094,01/24/2014,01-January,6-Friday,15:13,1500 Hours,District 1 (Central),,STORY,US 30,US 30,Collision with:  Vehicle in traffic,On Roadway,Rear-end (front to rear),FTYROW:  Other (explain in narrative),None Indicated,,Daylight,Dry,Clear,None apparent,Intersection:  Four-way intersection,Paved,,Minor Injury,0,1,0,1,0,0,9500,2,2,,POINT (-93.54553851965 42.008870160611)
2014783617,SC14-006,01/24/2014,01-January,6-Friday,17:54,1700 Hours,District 1 (Central),STATE CENTER,MARSHALL,US 30,US 30/240TH ST,Collision with:  Vehicle in traffic,On Roadway,Rear-end (front to rear),Followed too close,None Indicated,,Dark - unknown roadway lighting,Wet,Cloudy,None apparent,Non-intersection:  Non-junction/no special feature,Paved,,Property Damage Only,0,0,0,0,0,0,16500,2,2,,POINT (-93.167266951999 42.007621841286)
2014781811,,01/24/2014,01-January,6-Friday,16:00,1600 Hours,District 6 (East Central),CAMANCHE,CLINTON,US 67,US 67 & 7TH AVE,Collision with:  Vehicle in traffic,On Roadway,Broadside (front to side),Ran Stop Sign,None Indicated,,Dusk,Dry,Cloudy,None apparent,Intersection:  Four-way intersection,Paved,,Property Damage Only,0,0,0,0,0,0,2000,2,3,,POINT (-90.25771323778 41.797258906539)
2014781691,14-003122,01/24/2014,01-January,6-Friday,17:06,1700 Hours,District 4 (Southwest),COUNCIL BLUFFS,POTTAWATTAMIE,,11TH AVE,Collision with:  Parked motor vehicle,On Roadway,Broadside (front to side),Improper Backing,None Indicated,,Dark - roadway not lighted,Dry,Clear,None apparent,Non-intersection:  Non-junction/no special feature,Paved,,Property Damage Only,0,0,0,0,0,0,2000,2,1,,POINT (-95.898680115639 41.251803988735)
2014781642,14-0106,01/24/2014,01-January,6-Friday,12:20,1200 Hours,District 1 (Central),CLIVE,POLK,,UNIVERSITY AVE,Collision with:  Vehicle in traffic,On Roadway,Rear-end (front to rear),Followed too close,None Indicated,,Daylight,Dry,Cloudy,None apparent,Non-intersection:  Non-junction/no special feature,Paved,,Property Damage Only,0,0,0,0,0,0,4625,3,4,,POINT (-93.769397879183 41.600431758783)
2014781549,01-14-3473,01/24/2014,01-January,6-Friday,15:00,1500 Hours,District 6 (East Central),DUBUQUE,DUBUQUE,,ASBURY RD,Collision with:  Vehicle in traffic,On Roadway,Rear-end (front to rear),Lost Control,None Indicated,,Daylight,Dry,Cloudy,None apparent,Non-intersection:  Non-junction/no special feature,Paved,,Property Damage Only,0,0,0,0,0,0,3500,2,2,,POINT (-90.714531293047 42.509535135021)
2014781547,01-14-3444,01/24/2014,01-January,6-Friday,11:57,1100 Hours,District 6 (East Central),DUBUQUE,DUBUQUE,,DORGAN ST & W LOCUST ST & ELLIS ST & CLARK ST,Non-collision events:  Other non-collision (explain in narrative),Outside trafficway,"Sideswipe, same direction",Other (explain in narrative):  No improper action,None Indicated,,Daylight,Dry,Cloudy,None apparent,Non-intersection:  Non-junction/no special feature,Paved,,Minor Injury,0,1,0,1,0,0,3000,2,5,,POINT (-90.673763445924 42.508048063619)
2014786398,2014-5457,01/24/2014,01-January,6-Friday,21:10,2100 Hours,District 6 (East Central),DAVENPORT,SCOTT,,E 52ND ST & E 53RD ST,Collision with:  Vehicle in traffic,On Roadway,"Sideswipe, same direction",Traveling wrong way or on wrong side of road,None Indicated,,Dark - roadway lighted,Snow,Snow,None apparent,Non-intersection:  Non-junction/no special feature,Paved,,Property Damage Only,0,0,0,0,0,0,1900,2,2,,POINT (-90.544626479858 41.57476264101)
2014782891,,01/24/2014,01-January,6-Friday,08:16,0800 Hours,District 2 (Northeast),MONONA,CLAYTON,,E NORTH ST & N EGBERT ST,,On Roadway,Broadside (front to side),FTYROW:  From yield sign,None Indicated,,Daylight,Snow,Cloudy,"Surface condition (e.g., wet, icy)",Intersection:  Four-way intersection,Paved,,Property Damage Only,0,0,0,0,0,0,13500,2,2,,POINT (-91.388669171039 43.054024344159)
2014782374,,01/24/2014,01-January,6-Friday,22:00,2200 Hours,District 2 (Northeast),NEW HAMPTON,CHICKASAW,IA 24,IA 24/W MAIN ST & S WALNUT AVE & N WALNUT AVE,Collision with:  Parked motor vehicle,On Roadway,Broadside (front to side),Crossed centerline (undivided),None Indicated,,Dark - roadway lighted,Snow,Snow,None apparent,Non-intersection:  Non-junction/no special feature,Paved,,Property Damage Only,0,0,0,0,0,0,2100,2,1,,POINT (-92.316603562055 43.059312689672)
2014899612,NT-14-015,01/24/2014,01-January,6-Friday,21:35,2100 Hours,District 1 (Central),NEVADA,STORY,,LINCOLN HWY,Collision with:  Vehicle in traffic,On Roadway,Non-collision (single vehicle),Driving too fast for conditions,None Indicated,,Dark - roadway lighted,Ice/frost,"Sleet, hail","Surface condition (e.g., wet, icy)",Non-intersection:  Non-junction/no special feature,Paved,,Property Damage Only,0,0,0,0,0,0,3400,1,2,,POINT (-93.468376298921 42.022810924008)
2014787007,,01/24/2014,01-January,6-Friday,19:31,1900 Hours,District 2 (Northeast),DECORAH,WINNESHIEK,IA 9,IA 9/IOWA 9 & OLD STAGE RD & TROUT RUN RD,Collision with:  Vehicle in traffic,On Roadway,Broadside (front to side),Unknown,None Indicated,,Dark - roadway lighted,Snow,Snow,"Surface condition (e.g., wet, icy)",Intersection:  Four-way intersection,Paved,,Property Damage Only,0,0,0,0,0,0,13000,2,4,,POINT (-91.755449155537 43.288428081059)
2014787008,,01/24/2014,01-January,6-Friday,19:35,1900 Hours,District 2 (Northeast),DECORAH,WINNESHIEK,IA 9,IA 9/IOWA 9,Collision with fixed object:  Traffic sign support,On Roadway,Non-collision (single vehicle),Ran off road - right,None Indicated,,Dark - roadway lighted,Snow,Snow,"Surface condition (e.g., wet, icy)",Non-intersection:  Non-junction/no special feature,Paved,,Property Damage Only,0,0,0,0,0,0,1800,1,2,,POINT (-91.766944005908 43.291145885416)
2014781391,20140002105,01/24/2014,01-January,6-Friday,07:57,0700 Hours,District 1 (Central),DES MOINES,POLK,,HICKMAN RD & 24TH ST,Collision with:  Vehicle in traffic,On Roadway,Rear-end (front to rear),FTYROW:  Other (explain in narrative),None Indicated,,Daylight,Dry,Cloudy,None apparent,Non-intersection:  Non-junction/no special feature,Paved,,Property Damage Only,0,0,0,0,0,0,3500,2,2,,POINT (-93.650001847856 41.615012908816)
2014781793,2014005392,01/24/2014,01-January,6-Friday,07:52,0700 Hours,District 6 (East Central),,JOHNSON,I-380,I-380,Collision with:  Vehicle in traffic,On Roadway,Rear-end (front to rear),FTYROW:  Other (explain in narrative),None Indicated,,Daylight,Dry,Cloudy,None apparent,Non-intersection:  Non-junction/no special feature,Paved,,Property Damage Only,0,0,0,0,0,0,5300,2,2,,POINT (-91.662358524026 41.833346727781)
2014781662,14-0170,01/24/2014,01-January,6-Friday,11:32,1100 Hours,District 1 (Central),URBANDALE,POLK,I-35,I-35,Collision with:  Other non-fixed object (explain in narrative),On Roadway,Non-collision (single vehicle),Cargo/equipment loss or shift,None Indicated,,Daylight,Dry,Cloudy,None apparent,Non-intersection:  Non-junction/no special feature,Paved,,Property Damage Only,0,0,0,0,0,0,2000,2,2,,POINT (-93.719422947925 41.652654671065)
2014781357,201401182,01/24/2014,01-January,6-Friday,13:34,1300 Hours,District 6 (East Central),CEDAR RAPIDS,LINN,,DEVONWOOD DR SW & KIRKWOOD BLVD SW & KIRKWOOD NORTH RD SW,Collision with:  Vehicle in traffic,On Roadway,Rear-end (front to rear),Followed too close,None Indicated,,Daylight,Dry,Cloudy,None apparent,Non-intersection:  Non-junction/no special feature,Paved,,Possible/Unknown,0,1,0,0,1,0,6500,4,4,,POINT (-91.656686508478 41.919068278476)
2014781651,20140002132,01/24/2014,01-January,6-Friday,13:54,1300 Hours,District 1 (Central),DES MOINES,POLK,US 6,US 6/MERLE HAY RD & BOSTON AVE,Collision with:  Vehicle in traffic,On Roadway,Rear-end (front to rear),Followed too close,None Indicated,,Daylight,Dry,Cloudy,None apparent,Intersection:  T-intersection,Paved,,Property Damage Only,0,0,0,0,0,0,4000,2,2,,POINT (-93.69775066677 41.623055649009)
2014832420,DCP14-038,01/24/2014,01-January,6-Friday,21:30,2100 Hours,District 4 (Southwest),DALLAS CENTER,DALLAS,,10TH ST,Collision with fixed object:  Utility pole/light support,On Roadway,Non-collision (single vehicle),Ran off road - right,None Indicated,,Dark - roadway lighted,Snow,Rain,"Surface condition (e.g., wet, icy)",Non-intersection:  Non-junction/no special feature,Paved,,Property Damage Only,0,0,0,0,0,0,1500,1,1,,POINT (-93.955918962392 41.685491098361)
2014782341,2014005455,01/24/2014,01-January,6-Friday,13:05,1300 Hours,District 4 (Southwest),,CASS,I-80,I-80,Non-collision events:  Overturn/rollover,On Roadway,Non-collision (single vehicle),Ran off road - right,None Indicated,,Daylight,Dry,Cloudy,None apparent,Non-intersection:  Non-junction/no special feature,Paved,,Property Damage Only,0,0,0,0,0,0,25000,1,1,,POINT (-95.128037588633 41.498159174688)
2014783686,14-000098,01/24/2014,01-January,6-Friday,21:07,2100 Hours,District 1 (Central),,STORY,,220TH ST,Collision with fixed object:  Ditch,On Roadway,Non-collision (single vehicle),Driving too fast for conditions,None Indicated,,Dark - roadway not lighted,Ice/frost,Rain,None apparent,Non-intersection:  Non-junction/no special feature,Paved,,Property Damage Only,0,0,0,0,0,0,19000,1,1,,POINT (-93.544043359267 42.034645111278)
2014783264,K14-002184,01/24/2014,01-January,6-Friday,13:41,1300 Hours,District 5 (Southeast),KEOKUK,LEE,US 218,US 218/MAIN ST & 14TH ST S & 14TH ST N,Collision with:  Vehicle in traffic,On Roadway,"Angle, oncoming left turn",FTYROW:  Making left turn,None Indicated,,Daylight,Dry,Clear,None apparent,Intersection:  Four-way intersection,Paved,,Property Damage Only,0,0,0,0,0,0,5000,2,2,,POINT (-91.390718900164 40.402855390652)
2014782035,14-007932,01/24/2014,01-January,6-Friday,17:53,1700 Hours,District 2 (Northeast),RAYMOND,BLACK HAWK,,Co Rd D22/DUBUQUE RD,Collision with:  Animal,,,Animal,None Indicated,,,,,,,Paved,,Property Damage Only,0,0,0,0,0,0,2000,1,1,,POINT (-92.205191879167 42.46875779958)
2014781532,SO1401248091,01/24/2014,01-January,6-Friday,15:05,1500 Hours,District 6 (East Central),CLINTON,CLINTON,,190 ST,Non-collision events:  Overturn/rollover,On Roadway,Non-collision (single vehicle),Ran off road - right,None Indicated,,Daylight,Snow,"Blowing sand, soil, dirt","Surface condition (e.g., wet, icy)",Non-intersection:  Non-junction/no special feature,Unpaved,,Possible/Unknown,0,1,0,0,1,0,10000,1,1,,POINT (-90.23813901408 41.902868236336)
2014781976,14-2378,01/24/2014,01-January,6-Friday,15:46,1500 Hours,District 3 (Northwest),SIOUX CITY,WOODBURY,,W VILLA AVE & ISABELLA ST,Collision with:  Vehicle in traffic,On Roadway,Broadside (front to side),FTYROW:  From stop sign,None Indicated,,Daylight,Dry,Clear,None apparent,Intersection:  Four-way intersection,Paved,,Property Damage Only,0,0,0,0,0,0,2717,2,2,,POINT (-96.423997885899 42.504122445819)
2014781690,14-003121,01/24/2014,01-January,6-Friday,17:00,1700 Hours,District 4 (Southwest),COUNCIL BLUFFS,POTTAWATTAMIE,US 6,US 6/W BROADWAY,Collision with:  Vehicle in traffic,On Roadway,"Sideswipe, same direction",Improper or erratic lane changing,None Indicated,,Daylight,Dry,Clear,None apparent,Non-intersection:  Non-junction/no special feature,Paved,,Property Damage Only,0,0,0,0,0,0,1600,2,5,,POINT (-95.868761974564 41.261893514129)
2014781681,S14-000235,01/24/2014,01-January,6-Friday,14:50,1400 Hours,District 4 (Southwest),,POTTAWATTAMIE,I-29,I-29,Collision with:  Other non-fixed object (explain in narrative),On Roadway,Non-collision (single vehicle),Cargo/equipment loss or shift,None Indicated,,Daylight,Dry,Cloudy,None apparent,Non-intersection:  Non-junction/no special feature,Paved,,Minor Injury,0,1,0,1,0,0,1000,2,3,,POINT (-95.899652508495 41.471764743431)
2014781521,14001161,01/24/2014,01-January,6-Friday,10:37,1000 Hours,District 2 (Northeast),MASON CITY,CERRO GORDO,,6TH ST SE & S VERMONT AVE,Collision with:  Vehicle in traffic,On Roadway,Broadside (front to side),FTYROW:  At uncontrolled intersection,None Indicated,,Daylight,Snow,Cloudy,"Surface condition (e.g., wet, icy)",Non-intersection:  Non-junction/no special feature,Paved,,Property Damage Only,0,0,0,0,0,0,3700,2,2,,POINT (-93.182340594207 43.146187394811)
2014781378,14-517,01/24/2014,01-January,6-Friday,02:30,0200 Hours,District 1 (Central),PLEASANT HILL,POLK,,NE 23RD AVE,Collision with:  Animal,On Roadway,Non-collision (single vehicle),Animal,None Indicated,,Dark - roadway not lighted,Dry,Clear,None apparent,Non-intersection:  Non-junction/no special feature,Paved,,Property Damage Only,0,0,0,0,0,0,7500,1,1,,POINT (-93.51391718124 41.615080314937)
2014781831,201400297,01/24/2014,01-January,6-Friday,20:45,2000 Hours,District 1 (Central),,BOONE,,Co Rd R21/NATURE RD,Non-collision events:  Overturn/rollover,On Roadway,Non-collision (single vehicle),Crossed centerline (undivided),None Indicated,,Dark - roadway not lighted,Ice/frost,"Sleet, hail",None apparent,Non-intersection:  Non-junction/no special feature,Paved,,Property Damage Only,0,0,0,0,0,0,2000,1,1,,POINT (-93.930952507998 42.189860546247)
2014782343,2014005569,01/24/2014,01-January,6-Friday,20:30,2000 Hours,District 2 (Northeast),,WORTH,I-35,I-35,Non-collision events:  Overturn/rollover,Shoulder,Non-collision (single vehicle),Ran off road - right,None Indicated,,Dark - roadway not lighted,Ice/frost,"Sleet, hail",None apparent,Non-intersection:  Non-junction/no special feature,Paved,,Property Damage Only,0,0,0,0,0,0,5000,1,1,,POINT (-93.350376397274 43.457103398753)
2014781915,14-1583,01/24/2014,01-January,6-Friday,22:28,2200 Hours,District 6 (East Central),,SCOTT,I-80,I-80,Collision with fixed object:  Guardrail - face,On Roadway,Non-collision (single vehicle),Driving too fast for conditions,None Indicated,,Dark - roadway not lighted,Ice/frost,Snow,"Surface condition (e.g., wet, icy)",Non-intersection:  Non-junction/no special feature,Paved,,Property Damage Only,0,0,0,0,0,0,4501,1,1,,POINT (-90.742199148834 41.608256423796)
2014781735,14-0237,01/24/2014,01-January,6-Friday,22:54,2200 Hours,District 1 (Central),FORT DODGE,WEBSTER,,11TH AVE S,Collision with fixed object:  Tree,Shoulder,Non-collision (single vehicle),Ran Stop Sign,Under Influence of Alcohol/Drugs/Medications,,Dark - roadway lighted,Wet,Clear,None apparent,Intersection:  Four-way intersection,Paved,,Property Damage Only,0,0,0,0,0,0,5500,1,2,,POINT (-94.167371226454 42.492783897156)
2014800074,1400523,01/24/2014,01-January,6-Friday,09:10,0900 Hours,District 5 (Southeast),WASHINGTON,WASHINGTON,,Co Rd W61/RIVERSIDE RD,Collision with:  Vehicle in traffic,On Roadway,Rear-end (front to rear),Improper Backing,None Indicated,,Daylight,Dry,Cloudy,None apparent,Non-intersection:  Non-junction/no special feature,Paved,,Property Damage Only,0,0,0,0,0,0,2550,2,2,,POINT (-91.678463029061 41.309520962121)
2014781918,14-1375,01/24/2014,01-January,6-Friday,23:20,2300 Hours,District 6 (East Central),BETTENDORF,SCOTT,,TECH DR & 18TH ST,Non-collision events:  Other non-collision (explain in narrative),On Roadway,"Sideswipe, opposite direction",Crossed centerline (undivided),None Indicated,,Dark - roadway lighted,Snow,Snow,"Surface condition (e.g., wet, icy)",Intersection:  T-intersection,Paved,,Property Damage Only,0,0,0,0,0,0,2300,2,2,,POINT (-90.499999760004 41.55262655478)
2014782160,2014005635,01/25/2014,01-January,7-Saturday,09:52,0900 Hours,District 1 (Central),CLIVE,POLK,US 6,US 6/HICKMAN RD,Collision with:  Vehicle in traffic,On Roadway,Rear-end (front to rear),Lost Control,None Indicated,,Daylight,Dry,Cloudy,None apparent,Intersection:  Intersection with ramp,Paved,,Property Damage Only,0,0,0,0,0,0,10000,2,2,,POINT (-93.778499543391 41.614890067073)
2014783154,2014005609,01/25/2014,01-January,7-Saturday,03:00,0300 Hours,District 2 (Northeast),CEDAR FALLS,BLACK HAWK,US 218,US 218,Non-collision events:  Overturn/rollover,On Roadway,Non-collision (single vehicle),Driving too fast for conditions,None Indicated,,Dark - roadway not lighted,Snow,Snow,"Surface condition (e.g., wet, icy)",Non-intersection:  Non-junction/no special feature,Paved,,Property Damage Only,0,0,0,0,0,0,5000,1,1,,POINT (-92.435541320422 42.591188588635)
2014785435,,01/25/2014,01-January,7-Saturday,08:24,0800 Hours,District 2 (Northeast),,WORTH,IA 9,IA 9/IOWA 9,Non-collision events:  Overturn/rollover,On Roadway,Non-collision (single vehicle),Driving too fast for conditions,None Indicated,,Daylight,Ice/frost,"Blowing sand, soil, dirt","Surface condition (e.g., wet, icy)",Non-intersection:  Non-junction/no special feature,Paved,,Possible/Unknown,0,2,0,0,2,0,2000,1,2,,POINT (-93.048994699753 43.284545107061)
2014786507,,01/25/2014,01-January,7-Saturday,06:57,0600 Hours,District 2 (Northeast),,WINNESHIEK,,Co Rd W42/CO RD W42 & LINCOLN HWY RD,Collision with:  Vehicle in traffic,On Roadway,Rear-end (front to rear),Ran off road - right,None Indicated,,Dawn,Snow,"Blowing sand, soil, dirt","Surface condition (e.g., wet, icy)",Non-intersection:  Non-junction/no special feature,Paved,,Property Damage Only,0,0,0,0,0,0,2500,2,2,,POINT (-91.743793538306 43.234255387888)
2014781932,2014-5563,01/25/2014,01-January,7-Saturday,11:51,1100 Hours,District 6 (East Central),DAVENPORT,SCOTT,,W PLEASANT ST & N DIVISION ST,Collision with:  Vehicle in traffic,On Roadway,Rear-end (front to rear),Driving too fast for conditions,None Indicated,,Daylight,Wet,Clear,None apparent,Intersection:  Four-way intersection,Paved,,Property Damage Only,0,0,0,0,0,0,9500,3,5,,POINT (-90.601008686 41.539468606171)
2014785281,4514-005,01/25/2014,01-January,7-Saturday,09:26,0900 Hours,District 2 (Northeast),,HOWARD,,Co Rd V58/VICTORY AVE,Collision with:  Vehicle in traffic,On Roadway,Rear-end (front to rear),Swerving/Evasive Action,None Indicated,,Daylight,Ice/frost,Clear,"Surface condition (e.g., wet, icy)",Non-intersection:  Other non-intersection (explain in narrative),Paved,,Minor Injury,0,1,0,1,0,0,16000,2,3,,POINT (-92.129550755587 43.461269443231)
2014785434,,01/25/2014,01-January,7-Saturday,11:51,1100 Hours,District 2 (Northeast),,WORTH,,Co Rd A38/410TH ST,Non-collision events:  Overturn/rollover,On Roadway,Non-collision (single vehicle),Driving too fast for conditions,None Indicated,,Daylight,Ice/frost,"Blowing sand, soil, dirt","Surface condition (e.g., wet, icy)",Non-intersection:  Non-junction/no special feature,Paved,,Property Damage Only,0,0,0,0,0,0,3150,1,1,,POINT (-93.359068136615 43.357109174123)
2014782629,02-14-1462,01/25/2014,01-January,7-Saturday,04:56,0400 Hours,District 6 (East Central),,DUBUQUE,US 61,US 61,Non-collision events:  Overturn/rollover,On Roadway,Non-collision (single vehicle),Ran off road - right,None Indicated,,Dark - roadway not lighted,Snow,Severe winds,"Surface condition (e.g., wet, icy)",Non-intersection:  Non-junction/no special feature,Paved,,Minor Injury,0,1,0,1,0,0,5000,1,1,,POINT (-90.694844353349 42.349206038389)
2014783265,K14-002300,01/25/2014,01-January,7-Saturday,21:48,2100 Hours,District 5 (Southeast),KEOKUK,LEE,,2ND ST N & CONCERT ST,Collision with:  Parked motor vehicle,On Roadway,Head-on (front to front),Lost Control,None Indicated,,Dark - roadway lighted,Dry,Clear,None apparent,Non-intersection:  Non-junction/no special feature,Paved,,Property Damage Only,0,0,0,0,0,0,5500,2,1,,POINT (-91.378742080939 40.394688405065)
2014781628,01-14-280,01/25/2014,01-January,7-Saturday,14:00,1400 Hours,District 3 (Northwest),LE MARS,PLYMOUTH,,6TH AVE SE,Collision with:  Parked motor vehicle,On Roadway,Broadside (front to side),Lost Control,None Indicated,,Daylight,Dry,Clear,None apparent,Non-intersection:  Non-junction/no special feature,Paved,,Possible/Unknown,0,1,0,0,0,1,5500,2,1,,POINT (-96.157668432641 42.791296157663)
2014782123,20140002207,01/25/2014,01-January,7-Saturday,09:37,0900 Hours,District 1 (Central),DES MOINES,POLK,US 6,US 6/DOUGLAS AVE & 54TH ST,Collision with:  Vehicle in traffic,On Roadway,Rear-end (front to rear),Followed too close,None Indicated,,Daylight,Dry,Clear,None apparent,Intersection:  Four-way intersection,Paved,,Minor Injury,0,3,0,1,2,0,23500,3,8,,POINT (-93.692633119107 41.629427650333)
2014786421,14-000348,01/25/2014,01-January,7-Saturday,02:15,0200 Hours,District 1 (Central),AMES,STORY,,6TH ST,Collision with fixed object:  Other fixed object (explain in narrative),Outside trafficway,Non-collision (single vehicle),Crossed centerline (undivided),Refused,,Dark - roadway lighted,Wet,Rain,None apparent,Non-intersection:  Non-junction/no special feature,Paved,,Property Damage Only,0,0,0,0,0,0,3000,1,1,,POINT (-93.619209433401 42.026842804671)
2014787308,14-000694,01/25/2014,01-January,7-Saturday,20:02,2000 Hours,District 6 (East Central),,DELAWARE,,Co Rd X47/310TH AVE,Collision with fixed object:  Ditch,On Roadway,Non-collision (single vehicle),Crossed centerline (undivided),Alcohol (Statutory),,Dark - roadway not lighted,Dry,Clear,None apparent,Non-intersection:  Non-junction/no special feature,Paved,,Major Injury,0,1,1,0,0,0,12000,1,1,,POINT (-91.18955247169 42.414184583419)