Iowa DOT Case Number,Law Enforcement Case Number,Date of Crash,Month of Crash,Day of Week,Time of Crash,Hour,DOT District,City Name,County Name,Route with System,Location Description,First Harmful Event,Location of First Harmful Event,Manner of Crash/Collision,Major Cause,Drug or Alcohol ,Environmental Conditions,Light Conditions,Surface Conditions,Weather Conditions,Roadway Contribution,Roadway Type,Roadway Surface,Work Zone,Crash Severity,Number of Fatalities,Number of Injuries,Number of Major Injuries,Number of Minor Injuries,Number of Possible Injuries,Number of Unknown Injuries,Amount of Property Damage,Number of Vehicles Involved,Total Number of Occupants,Travel Direction,Location
2014781653,20140002249,01/25/2014,01-January,7-Saturday,18:00,1800 Hours,District 1 (Central),DES MOINES,POLK,US 69,US 69/PROPOSED E 15TH & E COURT AVE & E 15TH ST,Collision with:  Vehicle in traffic,On Roadway,Rear-end (front to rear),Followed too close,None Indicated,,Dark - roadway lighted,Dry,Clear,None apparent,Intersection:  Y-intersection,Paved,,Possible/Unknown,0,1,0,0,1,0,200,2,4,,POINT (-93.594377647899 41.589697387968)
2014784083,,01/25/2014,01-January,7-Saturday,16:06,1600 Hours,District 2 (Northeast),HAMPTON,FRANKLIN,,1ST AVE SW & 1ST ST SW,Collision with:  Vehicle in traffic,On Roadway,Broadside (front to side),FTYROW:  At uncontrolled intersection,None Indicated,,Daylight,Ice/frost,Cloudy,"Surface condition (e.g., wet, icy)",Intersection:  Four-way intersection,Paved,,Property Damage Only,0,0,0,0,0,0,3500,2,2,,POINT (-93.208674228094 42.740855472962)
2014805219,,01/25/2014,01-January,7-Saturday,09:05,0900 Hours,District 2 (Northeast),NEW HAMPTON,CHICKASAW,US 63,US 63,Collision with fixed object:  Ditch,Outside trafficway,Non-collision (single vehicle),Crossed centerline (undivided),None Indicated,,Daylight,Ice/frost,"Blowing sand, soil, dirt","Surface condition (e.g., wet, icy)",Non-intersection:  Non-junction/no special feature,Paved,,Property Damage Only,0,0,0,0,0,0,14000,1,2,,POINT (-92.298456747305 43.135411273921)
2014781936,2014-5577,01/25/2014,01-January,7-Saturday,12:00,1200 Hours,District 6 (East Central),DAVENPORT,SCOTT,,VETERANS MEMORIAL PKWY,Non-collision events:  Overturn/rollover,On Roadway,Non-collision (single vehicle),Ran off road - right,None Indicated,,Daylight,Snow,"Blowing sand, soil, dirt","Surface condition (e.g., wet, icy)",Non-intersection:  Non-junction/no special feature,Paved,,Property Damage Only,0,0,0,0,0,0,6000,1,3,,POINT (-90.534594331741 41.589399260419)
2014781526,14000386,01/25/2014,01-January,7-Saturday,18:08,1800 Hours,District 3 (Northwest),,CHEROKEE,US 59,US 59 & 490TH ST,Collision with:  Animal,,,Animal,None Indicated,,,,,,,Paved,,Property Damage Only,0,0,0,0,0,0,2500,1,1,,POINT (-95.554155526601 42.807539572877)
2014781937,2014-5573,01/25/2014,01-January,7-Saturday,13:35,1300 Hours,District 6 (East Central),DAVENPORT,SCOTT,,IA 461/HARRISON ST & W CENTRAL PARK AVE,Collision with:  Vehicle in traffic,On Roadway,"Sideswipe, same direction",Lost Control,None Indicated,,Daylight,Dry,Clear,None apparent,Intersection:  Four-way intersection,Paved,,Property Damage Only,0,0,0,0,0,0,3800,2,4,,POINT (-90.576952074095 41.545511600901)
2014781695,14-003223,01/25/2014,01-January,7-Saturday,12:27,1200 Hours,District 4 (Southwest),COUNCIL BLUFFS,POTTAWATTAMIE,,AVE D & N 21ST ST,Collision with:  Vehicle in traffic,On Roadway,Broadside (front to side),Ran Stop Sign,None Indicated,,Daylight,Dry,Clear,None apparent,Intersection:  Four-way intersection,Paved,,Property Damage Only,0,0,0,0,0,0,4000,2,2,,POINT (-95.87529821561 41.265323858889)
2014783266,K14-002306,01/25/2014,01-January,7-Saturday,23:32,2300 Hours,District 5 (Southeast),KEOKUK,LEE,,4TH ST N & PARK PL & ORLEANS AVE,Collision with:  Vehicle in traffic,Shoulder,Broadside (front to side),Unknown,None Indicated,,Dark - roadway lighted,Dry,Clear,None apparent,Intersection:  T-intersection,Paved,,Property Damage Only,0,0,0,0,0,0,15000,2,777,,POINT (-91.375164004093 40.399430743735)
2014781629,14-555,01/25/2014,01-January,7-Saturday,16:32,1600 Hours,District 1 (Central),ALTOONA,POLK,I-80,I-80 & US 65,Collision with:  Vehicle in traffic,On Roadway,"Sideswipe, same direction",Improper or erratic lane changing,None Indicated,,Daylight,Dry,Cloudy,None apparent,Interchange-related:  On-ramp merge area,Paved,,Property Damage Only,0,0,0,0,0,0,3000,2,3,,POINT (-93.518661202132 41.655888635567)
2014781840,14-000699,01/25/2014,01-January,7-Saturday,16:02,1600 Hours,District 6 (East Central),INDEPENDENCE,BUCHANAN,,6TH ST SW & 5TH AVE SW,Collision with:  Vehicle in traffic,On Roadway,Broadside (front to side),FTYROW:  At uncontrolled intersection,None Indicated,,Daylight,Snow,Clear,"Surface condition (e.g., wet, icy)",Intersection:  Four-way intersection,Paved,,Property Damage Only,0,0,0,0,0,0,4000,2,2,,POINT (-91.898874186399 42.464441017848)
2014781664,14-0177,01/25/2014,01-January,7-Saturday,19:55,1900 Hours,District 1 (Central),URBANDALE,POLK,US 6,US 6/HICKMAN RD,Collision with:  Vehicle in traffic,On Roadway,Head-on (front to front),FTYROW:  Making left turn,None Indicated,,Dark - roadway lighted,Dry,Clear,None apparent,Intersection:  Four-way intersection,Paved,,Property Damage Only,0,0,0,0,0,0,10000,2,2,,POINT (-93.776699423519 41.61491125102)
2014781554,01-14-3601,01/25/2014,01-January,7-Saturday,10:25,1000 Hours,District 6 (East Central),DUBUQUE,DUBUQUE,,CEDAR CROSS RD,Collision with fixed object:  Other fixed object (explain in narrative),On Roadway,Non-collision (single vehicle),Ran off road - right,None Indicated,,Daylight,Snow,Clear,"Surface condition (e.g., wet, icy)",Non-intersection:  Non-junction/no special feature,Paved,,Property Damage Only,0,0,0,0,0,0,4000,1,2,,POINT (-90.717241203328 42.484239395317)
2014781634,14-000368,01/25/2014,01-January,7-Saturday,12:00,1200 Hours,District 1 (Central),ANKENY,POLK,,SW WHITE BIRCH DR,Collision with:  Vehicle in traffic,On Roadway,Unknown,FTYROW:  From parked position,None Indicated,,Daylight,Dry,Clear,None apparent,Non-intersection:  Non-junction/no special feature,Paved,,Property Damage Only,0,0,0,0,0,0,1800,2,1,,POINT (-93.62708901656 41.704157738792)
2014781534,CL14000243,01/25/2014,01-January,7-Saturday,08:28,0800 Hours,District 6 (East Central),CLINTON,CLINTON,,23RD AVE N & N 5TH ST,Collision with:  Vehicle in traffic,On Roadway,Broadside (front to side),FTYROW:  From stop sign,None Indicated,,Daylight,Wet,Clear,None apparent,Intersection:  Four-way intersection,Paved,,Possible/Unknown,0,1,0,0,1,0,3250,2,5,,POINT (-90.186021724792 41.871406008762)
2014783870,20141007,01/25/2014,01-January,7-Saturday,20:30,2000 Hours,District 6 (East Central),MOUNT VERNON,LINN,IA 1,IA 1/S 1ST AVE/N 1ST AVE & 1ST ST,Collision with fixed object:  Other fixed object (explain in narrative),Shoulder,Non-collision (single vehicle),Unknown,None Indicated,,Dark - roadway lighted,Ice/frost,Clear,Unknown,Intersection:  Four-way intersection,Paved,,Property Damage Only,0,0,0,0,0,0,3500,1,1,,POINT (-91.417019000772 41.922255234679)
2014783012,14-0179,01/25/2014,01-January,7-Saturday,11:15,1100 Hours,District 2 (Northeast),OSAGE,MITCHELL,,PLEASANT ST & S 8TH ST,Collision with:  Vehicle in traffic,On Roadway,Broadside (front to side),FTYROW:  At uncontrolled intersection,None Indicated,,Daylight,Snow,Clear,None apparent,Non-intersection:  Non-junction/no special feature,Paved,,Possible/Unknown,0,1,0,0,1,0,5500,2,2,,POINT (-92.809390340041 43.282163640232)
2014781970,14-0053,01/25/2014,01-January,7-Saturday,21:16,2100 Hours,District 1 (Central),,WEBSTER,,175TH ST,Non-collision events:  Overturn/rollover,On Roadway,Non-collision (single vehicle),Swerving/Evasive Action,None Indicated,,Dark - roadway not lighted,Ice/frost,Cloudy,"Surface condition (e.g., wet, icy)",Non-intersection:  Non-junction/no special feature,Unpaved,,Property Damage Only,0,0,0,0,0,0,20000,1,1,,POINT (-94.340740641661 42.538355349498)
2014784689,,01/25/2014,01-January,7-Saturday,04:17,0400 Hours,District 4 (Southwest),,RINGGOLD,IA 25,IA 25/IOWA 25,Collision with fixed object:  Culvert/pipe opening,Outside trafficway,Non-collision (single vehicle),Crossed centerline (undivided),Alcohol (Statutory),,Dark - roadway not lighted,Dry,Clear,None apparent,Non-intersection:  Non-junction/no special feature,Paved,,Possible/Unknown,0,1,0,0,1,0,5000,1,1,,POINT (-94.471529508294 40.767919634668)
2014781672,14-0441,01/25/2014,01-January,7-Saturday,18:34,1800 Hours,District 4 (Southwest),WEST DES MOINES,DALLAS,I-80,I-80 & JORDAN CREEK PKWY,Collision with:  Vehicle in traffic,On Roadway,Broadside (front to side),Ran Traffic Signal,None Indicated,,Dark - roadway lighted,Dry,Clear,None apparent,Intersection:  Four-way intersection,Paved,,Minor Injury,0,2,0,2,0,0,8000,2,5,,POINT (-93.809013442289 41.590197842721)
2014781595,2014000870,01/25/2014,01-January,7-Saturday,02:43,0200 Hours,District 6 (East Central),IOWA CITY,JOHNSON,US 6,US 6/S RIVERSIDE DR & W BENTON ST,Collision with:  Vehicle in traffic,On Roadway,"Sideswipe, opposite direction",Ran Traffic Signal,None Indicated,,Dark - roadway lighted,Wet,Clear,None apparent,Intersection:  Five points or more,Paved,,Property Damage Only,0,0,0,0,0,0,1900,2,2,,POINT (-91.540203618127 41.650346166468)
2014786248,20140247,01/25/2014,01-January,7-Saturday,00:45,0000 Hours,District 2 (Northeast),,HANCOCK,,Co Rd B63/120TH ST,Non-collision events:  Overturn/rollover,Shoulder,Non-collision (single vehicle),Driving too fast for conditions,None Indicated,,Dark - roadway not lighted,Ice/frost,Cloudy,None apparent,Non-intersection:  Non-junction/no special feature,Paved,,Possible/Unknown,0,1,0,0,1,0,10000,1,2,,POINT (-93.96348635303 42.936720245991)
2014781505,W14-008122,01/25/2014,01-January,7-Saturday,08:53,0800 Hours,District 2 (Northeast),WATERLOO,BLACK HAWK,US 63,US 63/LOGAN AVE,Collision with:  Vehicle in traffic,On Roadway,Broadside (front to side),FTYROW:  Making left turn,None Indicated,,Daylight,Dry,Clear,None apparent,Intersection:  T-intersection,Paved,,Property Damage Only,0,0,0,0,0,0,3400,2,2,,POINT (-92.337536720107 42.541663709606)
2014783248,14-2015,01/25/2014,01-January,7-Saturday,05:14,0500 Hours,District 1 (Central),NEWTON,JASPER,I-80,I-80 & W 4TH ST S,Collision with fixed object:  Bridge overhead structure,On Roadway,Non-collision (single vehicle),Crossed centerline (undivided),None Indicated,,Dark - unknown roadway lighting,Wet,Other (explain in narrative),None apparent,Non-intersection:  Other non-intersection (explain in narrative),Paved,,Possible/Unknown,0,1,0,0,0,1,5155,1,1,,POINT (-93.058322842606 41.68376835117)
2014781524,14001220,01/25/2014,01-January,7-Saturday,12:19,1200 Hours,District 2 (Northeast),MASON CITY,CERRO GORDO,,1ST ST NW & N MONROE AVE,Collision with:  Vehicle in traffic,On Roadway,Rear-end (front to rear),Followed too close,None Indicated,,Daylight,Ice/frost,Clear,None apparent,Non-intersection:  Non-junction/no special feature,Paved,,Possible/Unknown,0,1,0,0,1,0,1000,2,4,,POINT (-93.208631052591 43.152716019055)
2014781535,140181,01/25/2014,01-January,7-Saturday,10:29,1000 Hours,District 3 (Northwest),DENISON,CRAWFORD,,2ND AVE S & S 10TH ST,Collision with:  Vehicle in traffic,On Roadway,Broadside (front to side),FTYROW:  From driveway,None Indicated,,Daylight,Dry,Cloudy,None apparent,Non-intersection:  Driveway access (within),Paved,,Property Damage Only,0,0,0,0,0,0,2400,2,1,,POINT (-95.359794969696 42.014525797556)
2014785225,,01/25/2014,01-January,7-Saturday,15:06,1500 Hours,District 2 (Northeast),,WORTH,,CO 105,Non-collision events:  Overturn/rollover,On Roadway,Non-collision (single vehicle),Over correcting/over steering,None Indicated,,Daylight,Ice/frost,Cloudy,"Surface condition (e.g., wet, icy)",Non-intersection:  Non-junction/no special feature,Paved,,Minor Injury,0,1,0,1,0,0,3500,1,1,,POINT (-93.03940332703 43.415015563581)
2014781645,20140002246,01/25/2014,01-January,7-Saturday,17:50,1700 Hours,District 1 (Central),DES MOINES,POLK,US 6,US 6/MERLE HAY RD,Collision with:  Vehicle in traffic,On Roadway,Rear-end (front to rear),Lost Control,None Indicated,,Dark - roadway lighted,Dry,Clear,None apparent,Non-intersection:  Non-junction/no special feature,Paved,,Minor Injury,0,1,0,1,0,0,5800,3,4,,POINT (-93.697762043754 41.627451082673)
2014782009,,01/25/2014,01-January,7-Saturday,01:37,0100 Hours,District 3 (Northwest),,POCAHONTAS,,Co Rd C49/570TH ST & Co Rd N28/130TH AVE,Non-collision events:  Overturn/rollover,On Roadway,Non-collision (single vehicle),Driving too fast for conditions,None Indicated,,Dark - roadway lighted,Ice/frost,"Sleet, hail","Surface condition (e.g., wet, icy)",Intersection:  Four-way intersection,Paved,,Possible/Unknown,0,2,0,0,2,0,7000,1,2,,POINT (-94.855315563935 42.660845519415)
2014790561,1400161,01/25/2014,01-January,7-Saturday,00:10,0000 Hours,District 5 (Southeast),BLOOMFIELD,DAVIS,,JEFFERSON ST,Collision with:  Parked motor vehicle,Roadside,Rear-end (front to rear),"Operating vehicle in an reckless, erratic, careless, negligent manner",Alcohol (Statutory),,Dark - roadway lighted,Ice/frost,"Sleet, hail",None apparent,Non-intersection:  Non-junction/no special feature,Paved,,Property Damage Only,0,0,0,0,0,0,4000,2,1,,POINT (-92.415659844283 40.751689141485)
2014781512,012514-059,01/25/2014,01-January,7-Saturday,09:24,0900 Hours,District 3 (Northwest),STORM LAKE,BUENA VISTA,,LAKE AVE & W 16TH ST & E 16TH ST,Collision with fixed object:  Curb/island/raised median,On Roadway,Non-collision (single vehicle),Crossed centerline (undivided),None Indicated,,Daylight,Dry,Clear,None apparent,Non-intersection:  Non-junction/no special feature,Paved,,Possible/Unknown,0,1,0,0,1,0,700,1,1,,POINT (-95.200768581358 42.660553599056)
2014781511,012514-31,01/25/2014,01-January,7-Saturday,03:19,0300 Hours,District 3 (Northwest),,BUENA VISTA,US 71,US 71/130TH AVE,Collision with:  Vehicle in traffic,On Roadway,Head-on (front to front),Crossed centerline (undivided),None Indicated,,Dark - roadway not lighted,Ice/frost,Snow,None apparent,Non-intersection:  Non-junction/no special feature,Paved,,Possible/Unknown,0,2,0,0,2,0,7000,2,2,,POINT (-95.151211900194 42.83901048022)
2014782448,AP 14 031,01/25/2014,01-January,7-Saturday,12:01,1200 Hours,District 6 (East Central),ANAMOSA,JONES,,WAPSIPINICON,Collision with fixed object:  Tree,On Roadway,Non-collision (single vehicle),Driving too fast for conditions,None Indicated,,Daylight,Snow,Cloudy,None apparent,Non-intersection:  Non-junction/no special feature,Paved,,Property Damage Only,0,0,0,0,0,0,3500,1,1,,POINT (-91.291319198224 42.100118300112)
2014792054,14C00374,01/25/2014,01-January,7-Saturday,11:39,1100 Hours,District 4 (Southwest),CRESTON,UNION,,S MAPLE ST,Collision with:  Vehicle in traffic,On Roadway,Rear-end (front to rear),Unknown,None Indicated,,Daylight,Dry,Clear,None apparent,Non-intersection:  Non-junction/no special feature,Paved,,Property Damage Only,0,0,0,0,0,0,2000,2,3,,POINT (-94.362690374701 41.048964207496)
2014781907,14-000104,01/25/2014,01-January,7-Saturday,22:10,2200 Hours,District 1 (Central),JOHNSTON,POLK,,MERLE HAY RD,Collision with:  Vehicle in traffic,On Roadway,Broadside (front to side),FTYROW:  From stop sign,None Indicated,,Dark - roadway lighted,Dry,Cloudy,None apparent,Intersection:  Other intersection (explain in narrative),Paved,,Property Damage Only,0,0,0,0,0,0,2500,2,3,,POINT (-93.697666878479 41.664263864452)
2014782068,14-02831,01/25/2014,01-January,7-Saturday,17:37,1700 Hours,District 5 (Southeast),,DES MOINES,US 61,US 61 & 50TH ST,Collision with:  Vehicle in traffic,On Roadway,Broadside (front to side),FTYROW:  From stop sign,None Indicated,,Dusk,Dry,Cloudy,None apparent,Intersection:  T-intersection,Paved,,Property Damage Only,0,0,0,0,0,0,9000,2,2,,POINT (-91.155127631864 40.753167642973)
2014781632,14-556,01/25/2014,01-January,7-Saturday,16:04,1600 Hours,District 1 (Central),,JASPER,,W 140TH ST S,Collision with:  Vehicle in traffic,On Roadway,"Sideswipe, opposite direction",Driving too fast for conditions,None Indicated,,Daylight,"Mud, dirt",Clear,None apparent,Non-intersection:  Non-junction/no special feature,Unpaved,,Property Damage Only,0,0,0,0,0,0,7200,2,3,,POINT (-93.32900737923 41.554148269553)
2014781666,14-0443,01/25/2014,01-January,7-Saturday,19:16,1900 Hours,District 4 (Southwest),WEST DES MOINES,DALLAS,,MILLS CIVIC PKWY,Collision with:  Vehicle in traffic,On Roadway,Rear-end (front to rear),Other (explain in narrative):  Other,None Indicated,,Dark - roadway lighted,Dry,Clear,None apparent,Non-intersection:  Non-junction/no special feature,Paved,,Property Damage Only,0,0,0,0,0,0,2000,2,5,,POINT (-93.79803455792 41.561874783769)
2014781507,W14-008207,01/25/2014,01-January,7-Saturday,16:00,1600 Hours,District 2 (Northeast),WATERLOO,BLACK HAWK,,BROOKERIDGE DR,Collision with:  Vehicle in traffic,On Roadway,"Angle, oncoming left turn",Made improper turn,None Indicated,,Daylight,Dry,Clear,None apparent,Intersection:  T-intersection,Paved,,Property Damage Only,0,0,0,0,0,0,4000,2,3,,POINT (-92.357476253374 42.459319882017)
2014781694,14-003212,01/25/2014,01-January,7-Saturday,11:15,1100 Hours,District 4 (Southwest),COUNCIL BLUFFS,POTTAWATTAMIE,,NORTHCREST DR & NORTH AVE,Collision with:  Vehicle in traffic,On Roadway,"Angle, oncoming left turn",FTYROW:  From stop sign,None Indicated,,Daylight,Dry,Clear,None apparent,Intersection:  Four-way intersection,Paved,,Property Damage Only,0,0,0,0,0,0,4000,2,2,,POINT (-95.83109701504 41.271661857124)
2014781838,14-022,01/26/2014,01-January,1-Sunday,11:45,1100 Hours,District 2 (Northeast),WAVERLY,BREMER,,4TH ST NW,Collision with:  Parked motor vehicle,On Roadway,Rear-end (front to rear),Driving too fast for conditions,None Indicated,,Daylight,Snow,Cloudy,None apparent,Non-intersection:  Non-junction/no special feature,Paved,,Property Damage Only,0,0,0,0,0,0,5500,2,2,,POINT (-92.47576669235 42.730083868591)
2014784198,01-14-3766,01/26/2014,01-January,1-Sunday,17:12,1700 Hours,District 6 (East Central),DUBUQUE,DUBUQUE,,CLARKE DR,Collision with:  Parked motor vehicle,On Roadway,"Sideswipe, same direction",Lost Control,None Indicated,,Dark - roadway lighted,Snow,Snow,"Surface condition (e.g., wet, icy)",Non-intersection:  Non-junction/no special feature,Paved,,Property Damage Only,0,0,0,0,0,0,1500,2,1,,POINT (-90.69132809216 42.509655158624)
2014782924,14000734,01/26/2014,01-January,1-Sunday,16:45,1600 Hours,District 6 (East Central),,BUCHANAN,US 20,US 20,Non-collision events:  Other non-collision (explain in narrative),On Roadway,Rear-end (front to rear),Other (explain in narrative):  Vision obstructed,None Indicated,,Daylight,Snow,Snow,None apparent,Non-intersection:  Non-junction/no special feature,Paved,,Property Damage Only,0,0,0,0,0,0,8000,2,3,,POINT (-91.939385549259 42.446712399984)
2014781573,14000522,01/26/2014,01-January,1-Sunday,08:11,0800 Hours,District 1 (Central),WILLIAMS,HAMILTON,,Co Rd D25/220TH ST,Non-collision events:  Overturn/rollover,Outside trafficway,Non-collision (single vehicle),Ran off road - left,None Indicated,,Daylight,Ice/frost,Severe winds,"Surface condition (e.g., wet, icy)",Non-intersection:  Non-junction/no special feature,Paved,,Property Damage Only,0,0,0,0,0,0,2500,1,1,,POINT (-93.588352739838 42.471102267055)
2014782688,140372,01/26/2014,01-January,1-Sunday,03:01,0300 Hours,District 1 (Central),,HARDIN,IA 175,IA 175/IOWA 175,Collision with:  Animal,,,Animal,None Indicated,,,,,,,Paved,,Property Damage Only,0,0,0,0,0,0,2200,1,1,,POINT (-93.210836282832 42.360725940746)
2014781859,140651,01/26/2014,01-January,1-Sunday,08:01,0800 Hours,District 4 (Southwest),,DALLAS,,Co Rd F60/OLD HWY 6,Collision with:  Animal,On Roadway,Non-collision (single vehicle),Animal,None Indicated,,Daylight,,,None apparent,Non-intersection:  Non-junction/no special feature,Paved,,Property Damage Only,0,0,0,0,0,0,2500,1,1,,POINT (-94.049992009464 41.607317574685)
2014782027,,01/26/2014,01-January,1-Sunday,03:56,0300 Hours,District 6 (East Central),DE WITT,CLINTON,US 30,US 30,Collision with:  Vehicle in traffic,On Roadway,Rear-end (front to rear),Separation of units,Alcohol (Statutory),,Dark - roadway lighted,Snow,Snow,None apparent,Non-intersection:  Non-junction/no special feature,Paved,,Property Damage Only,0,0,0,0,0,0,15300,2,2,,POINT (-90.571410223242 41.825623005614)
2014781871,201401297,01/26/2014,01-January,1-Sunday,19:57,1900 Hours,District 6 (East Central),CEDAR RAPIDS,LINN,,BOWMAN LN NE & BOYSON RD NE,Collision with:  Vehicle in traffic,On Roadway,Head-on (front to front),Crossed centerline (undivided),None Indicated,,Dark - roadway not lighted,Snow,Snow,None apparent,Non-intersection:  Non-junction/no special feature,Paved,,Major Injury,0,3,1,2,0,0,24000,3,6,,POINT (-91.626960921261 42.04433816739)
2014788114,2014-5819,01/26/2014,01-January,1-Sunday,21:50,2100 Hours,District 6 (East Central),DAVENPORT,SCOTT,,EASTERN AVE,Non-collision events:  Other non-collision (explain in narrative),Outside trafficway,Non-collision (single vehicle),Ran off road - right,None Indicated,,Dark - roadway lighted,Dry,"Blowing sand, soil, dirt",None apparent,Non-intersection:  Non-junction/no special feature,Paved,,Possible/Unknown,0,1,0,0,1,0,2000,1,1,,POINT (-90.551326860827 41.572969252523)
2014783189,14-008552,01/26/2014,01-January,1-Sunday,16:43,1600 Hours,District 2 (Northeast),DUNKERTON,BLACK HAWK,IA 281,IA 281/CANFIELD RD N & E AIRLINE HWY,Collision with:  Vehicle in traffic,On Roadway,Rear-end (front to rear),Other (explain in narrative):  Vision obstructed,None Indicated,,Dusk,Snow,"Blowing sand, soil, dirt","Surface condition (e.g., wet, icy)",Non-intersection:  Non-junction/no special feature,Paved,,Property Damage Only,0,0,0,0,0,0,10150,2,2,,POINT (-92.16123459334 42.541256318925)
2014782163,2014005767,01/26/2014,01-January,1-Sunday,09:19,0900 Hours,District 6 (East Central),,BUCHANAN,US 20,US 20 & YORK AVE,Collision with fixed object:  Ditch,On Roadway,Non-collision (single vehicle),Driving too fast for conditions,None Indicated,,Daylight,Snow,"Blowing sand, soil, dirt",None apparent,Non-intersection:  Non-junction/no special feature,Paved,,Property Damage Only,0,0,0,0,0,0,5000,1,1,,POINT (-91.61719591448 42.46445039751)
2014781604,201401289,01/26/2014,01-January,1-Sunday,16:48,1600 Hours,District 6 (East Central),CEDAR RAPIDS,LINN,,E AVE NW & EDGEWOOD RD NW,Collision with:  Vehicle in traffic,On Roadway,"Angle, oncoming left turn",Ran Traffic Signal,None Indicated,,Dusk,Snow,Snow,None apparent,Intersection:  Four-way intersection,Paved,,Minor Injury,0,1,0,1,0,0,26000,2,2,,POINT (-91.715950757762 41.978288671049)
2014784971,14-000900,01/26/2014,01-January,1-Sunday,17:51,1700 Hours,District 2 (Northeast),,FAYETTE,IA 93,IA 93/150TH ST & Co Rd W25/O AVE,Collision with:  Vehicle in traffic,On Roadway,Rear-end (front to rear),Driving too fast for conditions,None Indicated,,Dark - roadway not lighted,Snow,"Blowing sand, soil, dirt","Surface condition (e.g., wet, icy)",Intersection:  Four-way intersection,Paved,,Property Damage Only,0,0,0,0,0,0,7000,2,2,,POINT (-91.884453196812 42.847070963792)
2014782514,14008555,01/26/2014,01-January,1-Sunday,16:51,1600 Hours,District 2 (Northeast),LA PORTE CITY,BLACK HAWK,I-380,I-380,Collision with:  Vehicle in traffic,On Roadway,Rear-end (front to rear),Other (explain in narrative):  Vision obstructed,None Indicated,,Daylight,Ice/frost,"Blowing sand, soil, dirt","Surface condition (e.g., wet, icy)",Non-intersection:  Non-junction/no special feature,Paved,,Property Damage Only,0,0,0,0,0,0,5000,2,2,,POINT (-92.074552445149 42.357653128652)
2014781545,14-123,01/26/2014,01-January,1-Sunday,16:40,1600 Hours,District 3 (Northwest),ORLEANS,DICKINSON,,140TH ST,Collision with:  Vehicle in traffic,On Roadway,Rear-end (front to rear),Other (explain in narrative):  Vision obstructed,None Indicated,,Daylight,Snow,"Blowing sand, soil, dirt","Surface condition (e.g., wet, icy)",Non-intersection:  Non-junction/no special feature,Paved,,Property Damage Only,0,0,0,0,0,0,4500,2,2,,POINT (-95.099716727681 43.445471968972)
2014782169,2014006391,01/26/2014,01-January,1-Sunday,16:25,1600 Hours,District 2 (Northeast),VENTURA,CERRO GORDO,US 18,US 18/HWY 18 E,Collision with:  Vehicle in traffic,On Roadway,Head-on (front to front),Crossed centerline (undivided),None Indicated,,Daylight,Snow,Snow,None apparent,Non-intersection:  Non-junction/no special feature,Paved,,Minor Injury,0,1,0,1,0,0,17000,3,5,,POINT (-93.463764263047 43.131462319089)
2014783755,,01/26/2014,01-January,1-Sunday,10:01,1000 Hours,District 2 (Northeast),,FLOYD,US 18,US 18,Non-collision events:  Overturn/rollover,On Roadway,Non-collision (single vehicle),Ran off road - left,None Indicated,,Daylight,Snow,Snow,"Surface condition (e.g., wet, icy)",Intersection:  Four-way intersection,Paved,,Minor Injury,0,1,0,1,0,0,5000,1,1,,POINT (-92.850592148972 43.126379391237)
2014785010,AP-14-0033,01/26/2014,01-January,1-Sunday,17:00,1700 Hours,District 6 (East Central),ANAMOSA,JONES,US 151,US 151 & CIRCLE DR,Miscellaneous events:  Hit and run,On Roadway,Non-collision (single vehicle),Other (explain in narrative):  No improper action,None Indicated,,Dark - roadway not lighted,Snow,"Blowing sand, soil, dirt",None apparent,Non-intersection:  Non-junction/no special feature,Paved,,Property Damage Only,0,0,0,0,0,0,2000,1,2,,POINT (-91.262788410378 42.123699982922)
2014783408,2014-5779,01/26/2014,01-January,1-Sunday,18:51,1800 Hours,District 6 (East Central),DAVENPORT,SCOTT,,SPRING ST,Collision with:  Vehicle in traffic,On Roadway,Rear-end (front to rear),Followed too close,None Indicated,,Dark - roadway lighted,Ice/frost,Snow,None apparent,Non-intersection:  Non-junction/no special feature,Paved,,Possible/Unknown,0,1,0,0,1,0,2000,2,3,,POINT (-90.547737047312 41.555951752538)
2014785198,14-001382,01/26/2014,01-January,1-Sunday,09:32,0900 Hours,District 6 (East Central),TIPTON,CEDAR,,3RD ST,Collision with:  Parked motor vehicle,Outside trafficway,Rear-end (front to rear),Crossed centerline (undivided),None Indicated,,Daylight,Snow,Cloudy,None apparent,Non-intersection:  Non-junction/no special feature,Paved,,Possible/Unknown,0,1,0,0,0,1,5500,2,1,,POINT (-91.132269059148 41.767902105793)
2014783452,2014005866,01/26/2014,01-January,1-Sunday,16:49,1600 Hours,District 2 (Northeast),,BREMER,US 218,US 218/NW RAMP,Collision with:  Vehicle in traffic,On Roadway,Rear-end (front to rear),Swerving/Evasive Action,None Indicated,,Dusk,Ice/frost,"Blowing sand, soil, dirt","Surface condition (e.g., wet, icy)",Non-intersection:  Non-junction/no special feature,Paved,,Major Injury,0,12,3,6,3,0,149700,16,25,,POINT (-92.48150964159 42.693196400972)