Iowa DOT Case Number,Law Enforcement Case Number,Date of Crash,Month of Crash,Day of Week,Time of Crash,Hour,DOT District,City Name,County Name,Route with System,Location Description,First Harmful Event,Location of First Harmful Event,Manner of Crash/Collision,Major Cause,Drug or Alcohol ,Environmental Conditions,Light Conditions,Surface Conditions,Weather Conditions,Roadway Contribution,Roadway Type,Roadway Surface,Work Zone,Crash Severity,Number of Fatalities,Number of Injuries,Number of Major Injuries,Number of Minor Injuries,Number of Possible Injuries,Number of Unknown Injuries,Amount of Property Damage,Number of Vehicles Involved,Total Number of Occupants,Travel Direction,Location
2014782370,,01/26/2014,01-January,1-Sunday,15:20,1500 Hours,District 2 (Northeast),BRISTOW,BUTLER,,,Collision with:  Vehicle in traffic,On Roadway,Broadside (front to side),Swerving/Evasive Action,None Indicated,,Daylight,Snow,Snow,"Surface condition (e.g., wet, icy)",Non-intersection:  Driveway access (within),,,Property Damage Only,0,0,0,0,0,0,5300,2,2,,POINT (-96.643700149993 40.233091251414)
2014782331,2014005822,01/26/2014,01-January,1-Sunday,15:45,1500 Hours,District 6 (East Central),,DUBUQUE,US 151,US 151,Non-collision events:  Jackknife,On Roadway,Non-collision (single vehicle),Lost Control,None Indicated,,Daylight,Ice/frost,"Blowing sand, soil, dirt","Surface condition (e.g., wet, icy)",Non-intersection:  Non-junction/no special feature,Paved,,Property Damage Only,0,0,0,0,0,0,15000,1,1,,POINT (-90.796912921297 42.366468920671)
2014782103,201400255,01/26/2014,01-January,1-Sunday,07:54,0700 Hours,District 6 (East Central),,LINN,IA 13,IA 13/IOWA 13,Collision with:  Vehicle in traffic,On Roadway,Rear-end (front to rear),Other (explain in narrative):  Vision obstructed,None Indicated,,Daylight,Snow,Snow,"Surface condition (e.g., wet, icy)",Non-intersection:  Non-junction/no special feature,Paved,,Possible/Unknown,0,1,0,0,1,0,15000,3,13,,POINT (-91.549457949895 42.171299761055)
2014782165,2014005795,01/26/2014,01-January,1-Sunday,14:00,1400 Hours,District 6 (East Central),,DELAWARE,US 20,US 20,Collision with fixed object:  Traffic sign support,On Roadway,Non-collision (single vehicle),Swerving/Evasive Action,None Indicated,,Daylight,Snow,Cloudy,None apparent,Non-intersection:  Non-junction/no special feature,Paved,,Property Damage Only,0,0,0,0,0,0,2100,1,1,,POINT (-91.527441401355 42.464016649482)
2014783128,201400004325,01/26/2014,01-January,1-Sunday,12:33,1200 Hours,District 5 (Southeast),OTTUMWA,WAPELLO,,W MARY ST & S MILNER ST,Collision with:  Vehicle in traffic,On Roadway,"Sideswipe, opposite direction",Made improper turn,None Indicated,,Daylight,Dry,Cloudy,None apparent,Non-intersection:  Non-junction/no special feature,Paved,,Property Damage Only,0,0,0,0,0,0,3500,2,4,,POINT (-92.428891483972 40.9947832487)
2014781603,201401294,01/26/2014,01-January,1-Sunday,17:01,1700 Hours,District 6 (East Central),CEDAR RAPIDS,LINN,I-380,I-380,Collision with:  Vehicle in traffic,On Roadway,"Sideswipe, same direction",Driving too fast for conditions,None Indicated,,Dusk,Snow,"Blowing sand, soil, dirt","Surface condition (e.g., wet, icy)",Non-intersection:  Other non-intersection (explain in narrative),Paved,,Minor Injury,0,1,0,1,0,0,6000,2,5,,POINT (-91.670099146839 41.979865090848)
2014783124,14000363,01/26/2014,01-January,1-Sunday,23:32,2300 Hours,District 1 (Central),AMES,STORY,,STANGE RD,Collision with:  Vehicle in traffic,On Roadway,"Sideswipe, same direction",FTYROW:  Other (explain in narrative),None Indicated,,Dark - roadway lighted,Dry,Clear,None apparent,Non-intersection:  Non-junction/no special feature,Paved,,Property Damage Only,0,0,0,0,0,0,2000,2,2,,POINT (-93.644783847232 42.037762039571)
2014785195,14-001132,01/26/2014,01-January,1-Sunday,09:35,0900 Hours,District 6 (East Central),TIPTON,CEDAR,,3RD ST,Collision with:  Vehicle in traffic,On Roadway,"Sideswipe, same direction",Other (explain in narrative):  Other,None Indicated,,Daylight,Snow,Cloudy,None apparent,Non-intersection:  Non-junction/no special feature,Paved,,Possible/Unknown,0,1,0,0,0,1,4500,2,2,,POINT (-91.132269059148 41.767902105793)
2014781833,14-1420,01/26/2014,01-January,1-Sunday,06:11,0600 Hours,District 2 (Northeast),JANESVILLE,BREMER,US 218,US 218,Collision with:  Vehicle in traffic,On Roadway,Broadside (front to side),Swerving/Evasive Action,Alcohol (Statutory),,Dark - roadway not lighted,Snow,Snow,"Surface condition (e.g., wet, icy)",Intersection:  T-intersection,Paved,,Minor Injury,0,1,0,1,0,0,20000,2,2,,POINT (-92.469939510714 42.655491143804)
2014807880,CP14-0072,01/26/2014,01-January,1-Sunday,17:00,1700 Hours,District 2 (Northeast),CLARION,WRIGHT,,1ST ST NE,Collision with:  Vehicle in traffic,Roadside,"Sideswipe, same direction",Unknown,None Indicated,,Daylight,Snow,Cloudy,None apparent,Non-intersection:  Non-junction/no special feature,Paved,,Property Damage Only,0,0,0,0,0,0,2000,2,777,,POINT (-93.731558396784 42.73485482479)
2014782632,02-14-1552,01/26/2014,01-January,1-Sunday,15:05,1500 Hours,District 6 (East Central),,DUBUQUE,US 151,US 151,Non-collision events:  Overturn/rollover,On Roadway,Non-collision (single vehicle),Driving too fast for conditions,None Indicated,,Daylight,Ice/frost,Snow,"Surface condition (e.g., wet, icy)",Non-intersection:  Non-junction/no special feature,Paved,,Property Damage Only,0,0,0,0,0,0,6000,1,1,,POINT (-90.73694229486 42.410876673289)
2014783190,14-008557,01/26/2014,01-January,1-Sunday,17:05,1700 Hours,District 2 (Northeast),,BLACK HAWK,US 63,US 63/LOGAN AVE,Collision with:  Vehicle in traffic,On Roadway,"Sideswipe, same direction",Other (explain in narrative):  Vision obstructed,None Indicated,,Daylight,Snow,"Blowing sand, soil, dirt","Surface condition (e.g., wet, icy)",Non-intersection:  Non-junction/no special feature,Paved,,Property Damage Only,0,0,0,0,0,0,7000,2,3,,POINT (-92.337479951432 42.633341304657)
2014781727,14000937,01/26/2014,01-January,1-Sunday,05:55,0500 Hours,District 1 (Central),,TAMA,US 63,US 63,Collision with:  Other non-fixed object (explain in narrative),On Roadway,Non-collision (single vehicle),Other (explain in narrative):  No improper action,None Indicated,,Dark - roadway not lighted,Snow,"Blowing sand, soil, dirt",Obstruction in roadway,Non-intersection:  Non-junction/no special feature,Paved,,Property Damage Only,0,0,0,0,0,0,2001,1,1,,POINT (-92.513632251876 42.173918864051)
2014787718,20140314,01/26/2014,01-January,1-Sunday,16:56,1600 Hours,District 1 (Central),DIKE,GRUNDY,,Co Rd D19/160TH ST & 7TH ST,Collision with:  Vehicle in traffic,On Roadway,Head-on (front to front),Unknown,None Indicated,,Daylight,Ice/frost,"Blowing sand, soil, dirt","Surface condition (e.g., wet, icy)",Non-intersection:  Non-junction/no special feature,Paved,,Property Damage Only,0,0,0,0,0,0,2000,2,3,,POINT (-92.621997621759 42.469710528648)
2014783083,2014-5793,01/26/2014,01-January,1-Sunday,19:01,1900 Hours,District 6 (East Central),DAVENPORT,SCOTT,,W 3RD ST & BROWN ST,Collision with:  Vehicle in traffic,On Roadway,"Sideswipe, same direction",Unknown,None Indicated,,Dark - roadway lighted,Snow,Snow,Unknown,Non-intersection:  Non-junction/no special feature,Paved,,Property Damage Only,0,0,0,0,0,0,3000,2,2,,POINT (-90.584442664369 41.522387686132)
2014782215,CL14000252,01/26/2014,01-January,1-Sunday,00:14,0000 Hours,District 6 (East Central),CLINTON,CLINTON,,3RD AVE N & N 3RD ST,Collision with fixed object:  Other fixed object (explain in narrative),Outside trafficway,Non-collision (single vehicle),Ran off road - right,Alcohol (Statutory),,Dark - roadway lighted,Snow,Cloudy,None apparent,Intersection:  Four-way intersection,Paved,,Property Damage Only,0,0,0,0,0,0,8000,1,1,,POINT (-90.190789174039 41.847567683388)
2014781938,2014-5672,01/26/2014,01-January,1-Sunday,02:26,0200 Hours,District 6 (East Central),DAVENPORT,SCOTT,US 67,US 67/GAINES ST,Collision with:  Other non-fixed object (explain in narrative),On Roadway,Non-collision (single vehicle),Driving too fast for conditions,None Indicated,,Dark - roadway lighted,Snow,Snow,None apparent,Non-intersection:  Non-junction/no special feature,Paved,,Property Damage Only,0,0,0,0,0,0,3000,1,1,,POINT (-90.58354497521 41.520747657066)
2014781701,14-003380,01/26/2014,01-January,1-Sunday,13:48,1300 Hours,District 4 (Southwest),COUNCIL BLUFFS,POTTAWATTAMIE,,PARK AVE,Collision with:  Animal,On Roadway,Non-collision (single vehicle),Animal,None Indicated,,Daylight,Dry,Cloudy,None apparent,Non-intersection:  Driveway access (within),Paved,,Possible/Unknown,0,2,0,0,2,0,1000,1,2,,POINT (-95.845164715191 41.261065544855)
2014782202,,01/26/2014,01-January,1-Sunday,08:00,0800 Hours,District 6 (East Central),CEDAR RAPIDS,LINN,IA 922,IA 922/1ST AVE E & 10TH ST SE & 10TH ST NE,Collision with:  Vehicle in traffic,On Roadway,Rear-end (front to rear),Unknown,None Indicated,,Daylight,Snow,"Blowing sand, soil, dirt",,Intersection:  Four-way intersection,Paved,,Property Damage Only,0,0,0,0,0,0,3200,2,2,,POINT (-91.659841160485 41.983798675724)
2014783098,14-1010,01/26/2014,01-January,1-Sunday,19:00,1900 Hours,District 3 (Northwest),,SIOUX,,Co Rd L14/KENNEDY AVE & 300TH ST,Collision with:  Animal,,,Animal,None Indicated,,,,,,,Paved,,Property Damage Only,0,0,0,0,0,0,1500,1,1,,POINT (-96.000431347021 43.215223061819)
2014782333,2014005829,01/26/2014,01-January,1-Sunday,15:15,1500 Hours,District 6 (East Central),DYERSVILLE,DELAWARE,US 20,US 20,Non-collision events:  Overturn/rollover,Median,Non-collision (single vehicle),Ran off road - left,None Indicated,,Daylight,Ice/frost,Snow,"Surface condition (e.g., wet, icy)",Non-intersection:  Non-junction/no special feature,Paved,,Minor Injury,0,1,0,1,0,0,3000,1,1,,POINT (-91.175093061877 42.471041456151)
2014784137,14001273,01/26/2014,01-January,1-Sunday,14:52,1400 Hours,District 2 (Northeast),MASON CITY,CERRO GORDO,US 65,US 65/S FEDERAL AVE & 19TH ST SE & 19TH ST SW,Collision with:  Vehicle in traffic,On Roadway,Rear-end (front to rear),Driving too fast for conditions,None Indicated,,Daylight,Ice/frost,Clear,None apparent,Non-intersection:  Non-junction/no special feature,Paved,,Property Damage Only,0,0,0,0,0,0,2300,2,2,,POINT (-93.201090557153 43.13362120428)
2014783156,2014005760,01/26/2014,01-January,1-Sunday,08:40,0800 Hours,District 1 (Central),,GRUNDY,US 20,US 20,Non-collision events:  Overturn/rollover,On Roadway,Non-collision (single vehicle),Ran off road - right,None Indicated,,Daylight,Ice/frost,"Blowing sand, soil, dirt","Surface condition (e.g., wet, icy)",Non-intersection:  Non-junction/no special feature,Paved,,Minor Injury,0,1,0,1,0,0,7000,1,1,,POINT (-92.56283562164 42.4635382358)
2014786399,2014-5774,01/26/2014,01-January,1-Sunday,18:03,1800 Hours,District 6 (East Central),DAVENPORT,SCOTT,,W LOCUST ST & HICKORY GROVE RD & N DIVISION ST,Collision with:  Vehicle in traffic,On Roadway,"Sideswipe, same direction",Lost Control,None Indicated,,Dark - roadway lighted,Snow,Snow,"Surface condition (e.g., wet, icy)",Non-intersection:  Non-junction/no special feature,Paved,,Property Damage Only,0,0,0,0,0,0,1500,2,3,,POINT (-90.601077565245 41.53825417734)
2014781621,1401261-A,01/26/2014,01-January,1-Sunday,12:45,1200 Hours,District 4 (Southwest),RED OAK,MONTGOMERY,,VALLEY ST & 3RD ST,Collision with:  Vehicle in traffic,On Roadway,Broadside (front to side),FTYROW:  From yield sign,None Indicated,,Daylight,Dry,Cloudy,None apparent,Intersection:  Four-way intersection,Paved,,Property Damage Only,0,0,0,0,0,0,6000,2,3,,POINT (-95.22913030894 41.013030187356)
2014782099,2014000940,01/26/2014,01-January,1-Sunday,18:51,1800 Hours,District 6 (East Central),IOWA CITY,JOHNSON,,MUSCATINE AVE & E COURT ST,Collision with:  Vehicle in traffic,On Roadway,Rear-end (front to rear),Driving too fast for conditions,None Indicated,,Dark - roadway lighted,Ice/frost,"Blowing sand, soil, dirt",None apparent,Intersection:  Four-way intersection,Paved,,Property Damage Only,0,0,0,0,0,0,5000,2,4,,POINT (-91.514874388875 41.656740742089)
2014787562,2014-0795,01/26/2014,01-January,1-Sunday,18:46,1800 Hours,District 6 (East Central),ELDRIDGE,SCOTT,,SPRING ST,Collision with fixed object:  Utility pole/light support,Outside trafficway,Non-collision (single vehicle),Ran off road - right,None Indicated,,Dark - roadway lighted,Snow,Snow,"Surface condition (e.g., wet, icy)",Non-intersection:  Non-junction/no special feature,Paved,,Property Damage Only,0,0,0,0,0,0,3000,1,1,,POINT (-90.596463945372 41.649080035795)
2014782046,14-1440,01/26/2014,01-January,1-Sunday,16:17,1600 Hours,District 2 (Northeast),,BREMER,IA 3,IA 3/IOWA 3,Collision with:  Vehicle in traffic,On Roadway,Rear-end (front to rear),Other (explain in narrative):  Vision obstructed,None Indicated,,Daylight,Snow,"Blowing sand, soil, dirt","Surface condition (e.g., wet, icy)",Non-intersection:  Non-junction/no special feature,Paved,,Property Damage Only,0,0,0,0,0,0,2000,2,4,,POINT (-92.308035843292 42.714937641546)
2014781699,14-003358,01/26/2014,01-January,1-Sunday,05:30,0500 Hours,District 4 (Southwest),COUNCIL BLUFFS,POTTAWATTAMIE,,JANE ST & W GRAHAM AVE,Non-collision events:  Other non-collision (explain in narrative),Roadside,Non-collision (single vehicle),Lost Control,None Indicated,,Unknown,Dry,Unknown,Unknown,Non-intersection:  Non-junction/no special feature,Paved,,Possible/Unknown,0,1,0,0,0,1,1500,1,1,,POINT (-95.84492839092 41.246003722106)
2014783576,1401261900,01/26/2014,01-January,1-Sunday,21:32,2100 Hours,District 6 (East Central),CASCADE,JONES,US 151,US 151 & JAY RD,Collision with:  Vehicle in traffic,On Roadway,"Sideswipe, same direction",Crossed centerline (undivided),None Indicated,,Dark - roadway not lighted,Ice/frost,"Blowing sand, soil, dirt","Surface condition (e.g., wet, icy)",Non-intersection:  Non-junction/no special feature,Paved,,Property Damage Only,0,0,0,0,0,0,6000,2,2,,POINT (-91.085510809938 42.286126488056)
2014781646,20140002310,01/26/2014,01-January,1-Sunday,13:09,1300 Hours,District 1 (Central),DES MOINES,POLK,I-235,I-235 & COTTAGE GROVE AVE,Collision with:  Vehicle in traffic,On Roadway,Broadside (front to side),Ran Traffic Signal,None Indicated,,Daylight,Dry,Cloudy,None apparent,Intersection:  Intersection with ramp,Paved,,Property Damage Only,0,0,0,0,0,0,9000,2,4,,POINT (-93.647980627508 41.595343544719)
2014782164,2014005769,01/26/2014,01-January,1-Sunday,09:00,0900 Hours,District 6 (East Central),CLINTON,CLINTON,,Co Rd E73/212 ST & Co Rd Y62/260 AVE,Collision with fixed object:  Utility pole/light support,Shoulder,Non-collision (single vehicle),Ran off road - straight,None Indicated,,Daylight,Snow,Snow,"Surface condition (e.g., wet, icy)",Intersection:  T-intersection,Paved,,Property Damage Only,0,0,0,0,0,0,5000,1,2,,POINT (-90.587446697221 41.869244057584)
2014783575,1401261726,01/26/2014,01-January,1-Sunday,19:09,1900 Hours,District 6 (East Central),MONTICELLO,JONES,US 151,US 151,Collision with:  Vehicle in traffic,On Roadway,"Sideswipe, same direction",Crossed centerline (undivided),None Indicated,,Dark - roadway not lighted,Ice/frost,"Blowing sand, soil, dirt","Surface condition (e.g., wet, icy)",Non-intersection:  Non-junction/no special feature,Paved,,Possible/Unknown,0,2,0,0,2,0,12000,2,5,,POINT (-91.129949848014 42.280799115217)
2014784354,14026,01/26/2014,01-January,1-Sunday,02:59,0200 Hours,District 5 (Southeast),PELLA,MARION,,SOUTH ST & W 1ST ST,Collision with fixed object:  Curb/island/raised median,On Roadway,Non-collision (single vehicle),"Operating vehicle in an reckless, erratic, careless, negligent manner",None Indicated,,Dark - roadway lighted,Dry,Clear,None apparent,Non-intersection:  Non-junction/no special feature,Paved,,Property Damage Only,0,0,0,0,0,0,3000,1,1,,POINT (-92.920126252859 41.397356438472)
2014782377,,01/26/2014,01-January,1-Sunday,16:56,1600 Hours,District 6 (East Central),CEDAR RAPIDS,LINN,IA 922,IA 922/WILLIAMS BLVD & EDGEWOOD RD SW,Collision with:  Vehicle in traffic,On Roadway,Rear-end (front to rear),Unknown,None Indicated,,Dusk,Snow,Snow,,Intersection:  Four-way intersection,Paved,,Property Damage Only,0,0,0,0,0,0,2300,2,3,,POINT (-91.716434333635 41.957813356326)
2014781987,SO14-0103,01/27/2014,01-January,2-Monday,16:30,1600 Hours,District 2 (Northeast),,WRIGHT,,Co Rd C26/150TH ST & Co Rd R26/DAVIS AVE,Collision with:  Vehicle in traffic,On Roadway,Broadside (front to side),Ran Stop Sign,None Indicated,,Daylight,Dry,Clear,None apparent,Intersection:  Four-way intersection,Paved,,Minor Injury,0,3,0,1,2,0,8000,2,3,,POINT (-93.911787079713 42.834214471977)
2014781947,2014-5907,01/27/2014,01-January,2-Monday,11:19,1100 Hours,District 6 (East Central),DAVENPORT,SCOTT,,E 53RD ST,Collision with:  Vehicle in traffic,On Roadway,Rear-end (front to rear),FTYROW:  Other (explain in narrative),None Indicated,,Daylight,Dry,Clear,None apparent,Non-intersection:  Non-junction/no special feature,Paved,,Property Damage Only,0,0,0,0,0,0,2000,2,3,,POINT (-90.512476671213 41.574926774075)
2014783267,K14-002483,01/27/2014,01-January,2-Monday,21:25,2100 Hours,District 5 (Southeast),KEOKUK,LEE,US 61,US 61,Collision with:  Animal,,,Animal,None Indicated,,,,,,,Paved,,Property Damage Only,0,0,0,0,0,0,1500,1,1,,POINT (-91.426474841591 40.403212489394)
2014782128,14-0193,01/27/2014,01-January,2-Monday,18:39,1800 Hours,District 1 (Central),URBANDALE,POLK,,DOUGLAS PKWY & 124TH ST,Collision with:  Vehicle in traffic,On Roadway,Broadside (front to side),FTYROW:  Making left turn,None Indicated,,Dark - roadway lighted,Dry,Clear,None apparent,Intersection:  T-intersection,Paved,,Property Damage Only,0,0,0,0,0,0,4000,2,2,,POINT (-93.789480379126 41.629532877324)
2014782308,14-1535,01/27/2014,01-January,2-Monday,11:31,1100 Hours,District 6 (East Central),BETTENDORF,SCOTT,US 67,US 67/GRANT ST & 10TH ST,Collision with:  Vehicle in traffic,On Roadway,Rear-end (front to rear),FTYROW:  Making left turn,None Indicated,,Daylight,Ice/frost,Cloudy,None apparent,Intersection:  T-intersection,Paved,,Property Damage Only,0,0,0,0,0,0,5045,3,3,,POINT (-90.519053364385 41.526245553746)
2014781897,20140002380,01/27/2014,01-January,2-Monday,09:25,0900 Hours,District 1 (Central),DES MOINES,POLK,,E GRAND AVE & E 4TH ST,Collision with:  Vehicle in traffic,On Roadway,Broadside (front to side),FTYROW:  From parked position,None Indicated,,Daylight,Dry,Clear,None apparent,Non-intersection:  Non-junction/no special feature,Paved,,Property Damage Only,0,0,0,0,0,0,3000,2,2,,POINT (-93.613052408179 41.590337921213)
2014783522,1401271413RT,01/27/2014,01-January,2-Monday,05:45,0500 Hours,District 5 (Southeast),OSCEOLA,CLARKE,,WEST CLAY ST,Collision with fixed object:  Utility pole/light support,On Roadway,Non-collision (single vehicle),Lost Control,None Indicated,,Dark - roadway not lighted,Dry,Clear,None apparent,Non-intersection:  Driveway access (within),Paved,,Property Damage Only,0,0,0,0,0,0,10000,1,1,,POINT (-93.79426118522 41.041465775437)
2014782166,2014006005,01/27/2014,01-January,2-Monday,07:35,0700 Hours,District 6 (East Central),,SCOTT,,Co Rd Y40/60 AVE,Collision with fixed object:  Ditch,Shoulder,Non-collision (single vehicle),Crossed centerline (undivided),None Indicated,,Daylight,Dry,Severe winds,None apparent,Non-intersection:  Driveway access (within),Paved,,Property Damage Only,0,0,0,0,0,0,4000,1,1,,POINT (-90.782904208188 41.649578037589)
2014781943,2014-5891,01/27/2014,01-January,2-Monday,09:46,0900 Hours,District 6 (East Central),DAVENPORT,SCOTT,,W 46TH ST & MARQUETTE ST,Collision with:  Vehicle in traffic,On Roadway,Broadside (front to side),Driving too fast for conditions,None Indicated,,Daylight,Ice/frost,Snow,"Surface condition (e.g., wet, icy)",Intersection:  Four-way intersection,Paved,,Property Damage Only,0,0,0,0,0,0,10000,2,2,,POINT (-90.590949575264 41.56759233704)
2014782038,W14-008886,01/27/2014,01-January,2-Monday,17:09,1700 Hours,District 2 (Northeast),WATERLOO,BLACK HAWK,,W 6TH ST & SOUTH ST,Collision with:  Vehicle in traffic,On Roadway,Broadside (front to side),Ran Stop Sign,None Indicated,,Daylight,Snow,Clear,None apparent,Intersection:  Four-way intersection,Paved,,Property Damage Only,0,0,0,0,0,0,4000,2,4,,POINT (-92.341397642345 42.49062306916)
2014782106,14-420,01/27/2014,01-January,2-Monday,16:00,1600 Hours,District 6 (East Central),HIAWATHA,LINN,I-380,I-380 & BOYSON RD,Collision with:  Vehicle in traffic,On Roadway,Rear-end (front to rear),Other (explain in narrative):  Vision obstructed,None Indicated,,Daylight,Ice/frost,Clear,"Surface condition (e.g., wet, icy)",Non-intersection:  Other non-intersection (explain in narrative),Paved,,Minor Injury,0,1,0,1,0,0,14500,3,3,,POINT (-91.683446261499 42.046170928478)
2014782874,2014006150,01/27/2014,01-January,2-Monday,12:06,1200 Hours,District 6 (East Central),,BUCHANAN,US 20,US 20,Collision with fixed object:  Ditch,On Roadway,Non-collision (single vehicle),Swerving/Evasive Action,None Indicated,,Daylight,Ice/frost,Clear,None apparent,Non-intersection:  Non-junction/no special feature,Paved,,Fatal,1,1,0,1,0,0,10000,1,2,,POINT (-91.662676702763 42.463198025206)
2014781560,01-14-3816,01/27/2014,01-January,2-Monday,05:51,0500 Hours,District 6 (East Central),DUBUQUE,DUBUQUE,,CLEVELAND AVE & BRYANT ST,Collision with:  Vehicle in traffic,On Roadway,Broadside (front to side),Ran Stop Sign,None Indicated,,Dark - roadway lighted,Slush,Cloudy,"Surface condition (e.g., wet, icy)",Intersection:  Four-way intersection,Paved,,Property Damage Only,0,0,0,0,0,0,4350,2,3,,POINT (-90.677756381701 42.487318008896)
2014781896,20140002368,01/27/2014,01-January,2-Monday,08:09,0800 Hours,District 1 (Central),DES MOINES,POLK,,FRANKLIN AVE & 62ND ST,Collision with:  Vehicle in traffic,On Roadway,Broadside (front to side),FTYROW:  From driveway,None Indicated,,Daylight,Dry,Clear,None apparent,Non-intersection:  Driveway access (within),Paved,,Property Damage Only,0,0,0,0,0,0,10000,2,3,,POINT (-93.702568329888 41.611262917134)
2014782043,W14-008879,01/27/2014,01-January,2-Monday,16:50,1600 Hours,District 2 (Northeast),WATERLOO,BLACK HAWK,US 63,US 63/W 1ST ST/E 1ST ST & LAFAYETTE ST,Collision with:  Vehicle in traffic,On Roadway,Rear-end (front to rear),Followed too close,None Indicated,,Daylight,Ice/frost,Clear,None apparent,Intersection:  Four-way intersection,Paved,,Property Damage Only,0,0,0,0,0,0,3500,2,7,,POINT (-92.33925975889 42.501823025048)
2014782203,14008719,01/27/2014,01-January,2-Monday,04:13,0400 Hours,District 2 (Northeast),CEDAR FALLS,BLACK HAWK,,BRENTON DR,Collision with:  Parked motor vehicle,On Roadway,"Sideswipe, opposite direction",Other (explain in narrative):  No improper action,None Indicated,,Dark - roadway not lighted,Snow,"Blowing sand, soil, dirt","Surface condition (e.g., wet, icy)",Non-intersection:  Non-junction/no special feature,Paved,,Property Damage Only,0,0,0,0,0,0,1800,2,1,,POINT (-92.467736941306 42.525897866067)
2014783756,,01/27/2014,01-January,2-Monday,10:45,1000 Hours,District 2 (Northeast),,FLOYD,IA 14,IA 14/7 MILE RD & Co Rd T47/PACKARD AVE,Collision with:  Vehicle in traffic,On Roadway,Broadside (front to side),Crossed centerline (undivided),None Indicated,,Daylight,Snow,"Blowing sand, soil, dirt","Surface condition (e.g., wet, icy)",Non-intersection:  Non-junction/no special feature,Paved,,Possible/Unknown,0,1,0,0,1,0,7500,2,3,,POINT (-92.73231871735 43.060067597184)
2014781944,2014-5900,01/27/2014,01-January,2-Monday,10:02,1000 Hours,District 6 (East Central),DAVENPORT,SCOTT,,W 53RD ST & N DIVISION ST,Collision with:  Vehicle in traffic,On Roadway,Rear-end (front to rear),Lost Control,None Indicated,,Daylight,Ice/frost,Clear,"Surface condition (e.g., wet, icy)",Intersection:  Four-way intersection,Paved,,Property Damage Only,0,0,0,0,0,0,1600,2,2,,POINT (-90.600359539166 41.574507980853)
2014782060,140209,01/27/2014,01-January,2-Monday,16:46,1600 Hours,District 3 (Northwest),DENISON,CRAWFORD,IA 39,IA 39/IOWA 39 & AVE C,Collision with:  Vehicle in traffic,On Roadway,Broadside (front to side),Ran Traffic Signal,None Indicated,,Daylight,Dry,Clear,None apparent,Intersection:  Four-way intersection,Paved,,Possible/Unknown,0,1,0,0,1,0,60000,2,2,,POINT (-95.367283343219 42.023665534968)
2014782379,,01/27/2014,01-January,2-Monday,15:30,1500 Hours,District 6 (East Central),CEDAR RAPIDS,LINN,IA 922,IA 922/1ST AVE E,Collision with:  Vehicle in traffic,Outside trafficway,"Angle, oncoming left turn",Unknown,None Indicated,,Daylight,Wet,Clear,,Non-intersection:  Driveway access (within),Paved,,Property Damage Only,0,0,0,0,0,0,3500,2,3,,POINT (-91.656175775882 41.985890344157)
2014783853,2014000962,01/27/2014,01-January,2-Monday,07:30,0700 Hours,District 6 (East Central),IOWA CITY,JOHNSON,,HIGHLAND CT,Collision with:  Parked motor vehicle,On Roadway,Unknown,Unknown,None Indicated,,Daylight,Dry,Clear,None apparent,Non-intersection:  Non-junction/no special feature,Paved,,Property Damage Only,0,0,0,0,0,0,3000,2,777,,POINT (-91.52953555664 41.647895394253)
2014782054,14001345,01/27/2014,01-January,2-Monday,16:54,1600 Hours,District 2 (Northeast),MASON CITY,CERRO GORDO,IA 122,IA 122/4TH ST SW,Collision with:  Vehicle in traffic,On Roadway,Rear-end (front to rear),Followed too close,None Indicated,,Dusk,Dry,Clear,None apparent,Non-intersection:  Non-junction/no special feature,Paved,,Property Damage Only,0,0,0,0,0,0,4700,3,3,,POINT (-93.265311177675 43.148303317681)
2014781905,14-0479,01/27/2014,01-January,2-Monday,20:00,2000 Hours,District 4 (Southwest),WEST DES MOINES,DALLAS,,JORDAN CREEK PKWY,Collision with fixed object:  Traffic sign support,Shoulder,Non-collision (single vehicle),"Operating vehicle in an reckless, erratic, careless, negligent manner",None Indicated,,Dark - roadway lighted,Dry,Clear,None apparent,Non-intersection:  Other non-intersection (explain in narrative),Paved,,Property Damage Only,0,0,0,0,0,0,2150,1,1,,POINT (-93.808993946265 41.590558267954)
2014784269,14-150127-01,01/27/2014,01-January,2-Monday,18:02,1800 Hours,District 6 (East Central),,IOWA,,Co Rd F67/F67 BLVD,Collision with:  Animal,,,Animal,None Indicated,,,,,,,Paved,,Property Damage Only,0,0,0,0,0,0,1500,1,1,,POINT (-92.091590755075 41.519496271124)
2014782074,00241,01/27/2014,01-January,2-Monday,08:32,0800 Hours,District 6 (East Central),DYERSVILLE,DELAWARE,,218TH ST,Non-collision events:  Overturn/rollover,Median,Non-collision (single vehicle),Driving too fast for conditions,None Indicated,,Daylight,Ice/frost,"Blowing sand, soil, dirt","Surface condition (e.g., wet, icy)",Non-intersection:  Non-junction/no special feature,Unpaved,,Property Damage Only,0,0,0,0,0,0,3000,1,1,,POINT (-91.152853160492 42.471576628844)
2014781908,14-000184,01/27/2014,01-January,2-Monday,09:00,0900 Hours,District 1 (Central),ALTOONA,POLK,,13TH ST SW,Collision with:  Vehicle in traffic,On Roadway,"Sideswipe, same direction",Other (explain in narrative):  Other,None Indicated,,Daylight,Dry,Clear,None apparent,Non-intersection:  Non-junction/no special feature,Paved,,Property Damage Only,0,0,0,0,0,0,4000,2,1,,POINT (-93.465758175375 41.639469899652)