Iowa DOT Case Number,Law Enforcement Case Number,Date of Crash,Month of Crash,Day of Week,Time of Crash,Hour,DOT District,City Name,County Name,Route with System,Location Description,First Harmful Event,Location of First Harmful Event,Manner of Crash/Collision,Major Cause,Drug or Alcohol ,Environmental Conditions,Light Conditions,Surface Conditions,Weather Conditions,Roadway Contribution,Roadway Type,Roadway Surface,Work Zone,Crash Severity,Number of Fatalities,Number of Injuries,Number of Major Injuries,Number of Minor Injuries,Number of Possible Injuries,Number of Unknown Injuries,Amount of Property Damage,Number of Vehicles Involved,Total Number of Occupants,Travel Direction,Location
2014782634,02-14-1653,01/27/2014,01-January,2-Monday,10:47,1000 Hours,District 6 (East Central),NEW VIENNA,DUBUQUE,,JACKSON ST & WASHINGTON ST,Collision with:  Vehicle in traffic,On Roadway,Broadside (front to side),FTYROW:  From stop sign,None Indicated,,Daylight,Snow,Clear,None apparent,Intersection:  Four-way intersection,Paved,,Property Damage Only,0,0,0,0,0,0,3500,2,3,,POINT (-91.1153930754 42.549944241005)
2014781941,2014-5867,01/27/2014,01-January,2-Monday,06:57,0600 Hours,District 6 (East Central),DAVENPORT,SCOTT,,N DIVISION ST,Collision with:  Vehicle in traffic,On Roadway,Rear-end (front to rear),Driving too fast for conditions,None Indicated,,Daylight,Ice/frost,Snow,"Surface condition (e.g., wet, icy)",Intersection:  Four-way intersection,Paved,,Possible/Unknown,0,1,0,0,1,0,6000,2,2,,POINT (-90.60065826958 41.560284119913)
2014782498,2014-01735,01/27/2014,01-January,2-Monday,21:25,2100 Hours,District 5 (Southeast),INDIANOLA,WARREN,IA 92,IA 92/W 2ND AVE,Collision with:  Animal,Shoulder,Non-collision (single vehicle),Animal,None Indicated,,Dark - roadway lighted,Dry,Cloudy,None apparent,Non-intersection:  Non-junction/no special feature,Paved,,Property Damage Only,0,0,0,0,0,0,2000,1,1,,POINT (-93.592092882979 41.356182373851)
2014782363,2014005921,01/27/2014,01-January,2-Monday,03:45,0300 Hours,District 6 (East Central),IOWA CITY,JOHNSON,I-80,I-80 & Co Rd W66/DUBUQUE ST & N DUBUQUE ST,Collision with fixed object:  Concrete traffic barrier (median or right side),Roadside,Non-collision (single vehicle),Ran off road - right,None Indicated,,Dark - roadway not lighted,Dry,Severe winds,None apparent,Non-intersection:  Other non-intersection (explain in narrative),Paved,,Possible/Unknown,0,1,0,0,1,0,6000,1,1,,POINT (-91.539863345573 41.686666446459)
2014782108,14-0422,01/27/2014,01-January,2-Monday,18:00,1800 Hours,District 6 (East Central),HIAWATHA,LINN,,WILLMAN ST,Collision with:  Vehicle in traffic,On Roadway,"Sideswipe, opposite direction",Improper Backing,None Indicated,,Dark - roadway not lighted,Snow,Clear,None apparent,Non-intersection:  Non-junction/no special feature,Paved,,Property Damage Only,0,0,0,0,0,0,5500,2,1,,POINT (-91.669496164225 42.037201828154)
2014782526,,01/27/2014,01-January,2-Monday,13:58,1300 Hours,District 2 (Northeast),CHARLES CITY,FLOYD,IA 14,IA 14/GILBERT ST & CLINTON ST,Collision with:  Vehicle in traffic,On Roadway,Rear-end (front to rear),Lost Control,None Indicated,,Daylight,Ice/frost,Cloudy,"Surface condition (e.g., wet, icy)",Intersection:  Four-way intersection,Paved,,Possible/Unknown,0,3,0,0,3,0,4000,2,5,,POINT (-92.680264674737 43.064103310239)
2014783173,,01/27/2014,01-January,2-Monday,15:52,1500 Hours,District 4 (Southwest),,RINGGOLD,,Co Rd J23/CO HWY J23,Collision with fixed object:  Ditch,On Roadway,Non-collision (single vehicle),Equipment failure,None Indicated,,Daylight,Dry,Clear,None apparent,Non-intersection:  Non-junction/no special feature,Paved,,Possible/Unknown,0,4,0,0,4,0,8000,1,4,,POINT (-94.451304215477 40.812540888881)
2014783390,2014-5883,01/27/2014,01-January,2-Monday,08:48,0800 Hours,District 6 (East Central),DAVENPORT,SCOTT,,FAIRMOUNT ST,Non-collision events:  Other non-collision (explain in narrative),On Roadway,Broadside (front to side),Driving too fast for conditions,None Indicated,,Daylight,Ice/frost,Cloudy,"Surface condition (e.g., wet, icy)",Non-intersection:  Non-junction/no special feature,Paved,,Property Damage Only,0,0,0,0,0,0,7000,2,1,,POINT (-90.629873316081 41.535231015427)
2014781911,14-003565,01/27/2014,01-January,2-Monday,18:17,1800 Hours,District 4 (Southwest),COUNCIL BLUFFS,POTTAWATTAMIE,,AVE A & N 35TH ST,Collision with:  Vehicle in traffic,On Roadway,Broadside (front to side),Ran Stop Sign,None Indicated,,Dark - roadway lighted,Dry,Clear,None apparent,Intersection:  Four-way intersection,Paved,,Possible/Unknown,0,1,0,0,1,0,2000,2,4,,POINT (-95.902055456919 41.262805661613)
2014781883,14-0613,01/27/2014,01-January,2-Monday,17:19,1700 Hours,District 1 (Central),POLK CITY,POLK,IA 415,IA 415/NW POLK CITY DR,Collision with:  Animal,,,Animal,None Indicated,,,,,,,Paved,,Property Damage Only,0,0,0,0,0,0,3000,1,1,,POINT (-93.69079362282 41.753844456001)
2014781830,W14-008736,01/27/2014,01-January,2-Monday,06:42,0600 Hours,District 2 (Northeast),WATERLOO,BLACK HAWK,,HOWARD AVE & LA PORTE RD,Collision with:  Vehicle in traffic,On Roadway,"Sideswipe, same direction",Made improper turn,None Indicated,,Dawn,Snow,Clear,None apparent,Intersection:  Four-way intersection,Paved,,Property Damage Only,0,0,0,0,0,0,5000,2,2,,POINT (-92.322697826368 42.471142492999)
2014781828,W14-008842,01/27/2014,01-January,2-Monday,14:48,1400 Hours,District 2 (Northeast),WATERLOO,BLACK HAWK,,PARK RD & BROADWAY ST,Collision with:  Vehicle in traffic,On Roadway,Broadside (front to side),Ran Traffic Signal,None Indicated,,Daylight,Snow,Clear,"Surface condition (e.g., wet, icy)",Intersection:  Four-way intersection,Paved,,Property Damage Only,0,0,0,0,0,0,2250,2,2,,POINT (-92.345043602204 42.508556555591)
2014783984,2014-5983,01/27/2014,01-January,2-Monday,20:15,2000 Hours,District 6 (East Central),DAVENPORT,SCOTT,,E LOCUST ST & IOWA ST,Collision with fixed object:  Utility pole/light support,On Roadway,Non-collision (single vehicle),Swerving/Evasive Action,None Indicated,,Dark - roadway lighted,Wet,Cloudy,None apparent,Non-intersection:  Non-junction/no special feature,Paved,,Property Damage Only,0,0,0,0,0,0,1500,1,1,,POINT (-90.569658678399 41.538269563264)
2014781872,14001783,01/27/2014,01-January,2-Monday,09:31,0900 Hours,District 6 (East Central),MARION,LINN,,BLAIRS FERRY RD & LINDALE DR,Collision with:  Vehicle in traffic,On Roadway,Rear-end (front to rear),Other (explain in narrative):  Other,None Indicated,,Daylight,Snow,Clear,"Surface condition (e.g., wet, icy)",Intersection:  Five points or more,Paved,,Property Damage Only,0,0,0,0,0,0,2000,2,2,,POINT (-91.6235598746 42.032291980318)
2014782104,201400269,01/27/2014,01-January,2-Monday,23:00,2300 Hours,District 6 (East Central),,LINN,,FEATHER RIDGE RD & PONDS LN,Collision with fixed object:  Utility pole/light support,Outside trafficway,Non-collision (single vehicle),Driving too fast for conditions,None Indicated,,Dark - roadway not lighted,Ice/frost,Clear,"Surface condition (e.g., wet, icy)",Intersection:  T-intersection,Unpaved,,Property Damage Only,0,0,0,0,0,0,2000,1,1,,POINT (-91.746181963668 42.116780535345)
2014781919,14-1524,01/27/2014,01-January,2-Monday,09:39,0900 Hours,District 6 (East Central),BETTENDORF,SCOTT,,GOLDEN VALLEY DR & UTICA RIDGE RD,Collision with:  Vehicle in traffic,On Roadway,Head-on (front to front),Driving too fast for conditions,None Indicated,,Daylight,Snow,Clear,"Surface condition (e.g., wet, icy)",Non-intersection:  Non-junction/no special feature,Paved,,Possible/Unknown,0,1,0,0,1,0,7500,2,2,,POINT (-90.516881566564 41.557315612386)
2014781880,14012007,01/27/2014,01-January,2-Monday,10:15,1000 Hours,District 4 (Southwest),CLARINDA,PAGE,,E CHESTNUT ST,Collision with:  Parked motor vehicle,On Roadway,Rear-end (front to rear),FTYROW:  Other (explain in narrative),None Indicated,,Daylight,Dry,Clear,None apparent,Non-intersection:  Non-junction/no special feature,Paved,,Property Damage Only,0,0,0,0,0,0,3000,2,1,,POINT (-95.035555496084 40.740277560427)
2014781909,14-003501,01/27/2014,01-January,2-Monday,09:30,0900 Hours,District 4 (Southwest),COUNCIL BLUFFS,POTTAWATTAMIE,,16TH AVE & S 10TH ST,Collision with:  Non-motorist (see non-motorist section - NOT a unit),On Roadway,Non-collision (single vehicle),Unknown,None Indicated,,Daylight,Dry,Clear,None apparent,Intersection:  Four-way intersection,Paved,,Possible/Unknown,0,1,0,0,1,0,500,1,1,,POINT (-95.859013357208 41.246645265793)
2014781945,2014-5871,01/27/2014,01-January,2-Monday,07:31,0700 Hours,District 6 (East Central),DAVENPORT,SCOTT,,N LINCOLN AVE,Collision with fixed object:  Utility pole/light support,Roadside,Non-collision (single vehicle),Ran off road - right,None Indicated,,Daylight,Snow,Clear,None apparent,Non-intersection:  Non-junction/no special feature,Paved,,Possible/Unknown,0,1,0,0,1,0,7500,1,1,,POINT (-90.61569413087 41.527048092207)
2014781829,W14-008688,01/27/2014,01-January,2-Monday,01:41,0100 Hours,District 2 (Northeast),WATERLOO,BLACK HAWK,US 63,US 63/SE RAMP CURV & W 6TH ST,Collision with:  Vehicle in traffic,On Roadway,Broadside (front to side),Unknown,None Indicated,,Dark - roadway lighted,Snow,Snow,None apparent,Intersection:  Other intersection (explain in narrative),Paved,,Property Damage Only,0,0,0,0,0,0,8000,2,3,,POINT (-92.340489274194 42.491374336019)
2014783112,14-000380,01/27/2014,01-January,2-Monday,02:00,0200 Hours,District 1 (Central),AMES,STORY,,E 7TH ST & CRAWFORD AVE,Collision with:  Parked motor vehicle,On Roadway,Head-on (front to front),Lost Control,None Indicated,,Dark - roadway lighted,Dry,Clear,None apparent,Non-intersection:  Non-junction/no special feature,Paved,,Property Damage Only,0,0,0,0,0,0,1500,2,1,,POINT (-93.607153022475 42.028024027739)
2014782875,2014006355,01/27/2014,01-January,2-Monday,17:00,1700 Hours,District 5 (Southeast),CUMMING,WARREN,I-35,I-35,Collision with fixed object:  Concrete traffic barrier (median or right side),Median,Non-collision (single vehicle),Crossed centerline (undivided),None Indicated,,Daylight,Dry,Clear,Work Zone (roadway-related),Non-intersection:  Other non-intersection (explain in narrative),Paved,Yes,Possible/Unknown,0,1,0,0,1,0,126710,1,1,,POINT (-93.780124901908 41.482661250683)
2014782052,14-0920,01/27/2014,01-January,2-Monday,15:52,1500 Hours,District 3 (Northwest),CARROLL,CARROLL,US 30,US 30/6TH ST & VINE ST,Collision with:  Vehicle in traffic,On Roadway,Rear-end (front to rear),Followed too close,None Indicated,,Daylight,Dry,Clear,None apparent,Non-intersection:  Non-junction/no special feature,Paved,,Property Damage Only,0,0,0,0,0,0,2500,2,6,,POINT (-94.857014960542 42.064067357059)
2014782299,S14-000259,01/27/2014,01-January,2-Monday,09:40,0900 Hours,District 4 (Southwest),,POTTAWATTAMIE,,Co Rd L52/270TH ST & ELMTREE RD,Collision with:  Vehicle in traffic,On Roadway,Broadside (front to side),Ran Stop Sign,None Indicated,,Daylight,Dry,Clear,None apparent,Intersection:  Four-way intersection,Unpaved,,Possible/Unknown,0,2,0,0,2,0,7000,2,11,,POINT (-95.67026424647 41.275282292665)
2014783389,2014-5865,01/27/2014,01-January,2-Monday,06:58,0600 Hours,District 6 (East Central),DAVENPORT,SCOTT,,IA 461/W RIVER DR,Collision with fixed object:  Bridge pier or support,Median,Non-collision (single vehicle),Driving too fast for conditions,None Indicated,,Dawn,Snow,Clear,None apparent,Non-intersection:  Non-junction/no special feature,Paved,,Possible/Unknown,0,1,0,0,1,0,5050,1,1,,POINT (-90.602523913175 41.514354230536)
2014782231,14000752,01/27/2014,01-January,2-Monday,11:40,1100 Hours,District 6 (East Central),MANCHESTER,DELAWARE,,W MARION ST & S 11TH ST,Collision with:  Vehicle in traffic,On Roadway,Broadside (front to side),Swerving/Evasive Action,None Indicated,,Daylight,Ice/frost,Clear,"Surface condition (e.g., wet, icy)",Intersection:  T-intersection,Paved,,Property Damage Only,0,0,0,0,0,0,5000,2,3,,POINT (-91.474834863602 42.481592008001)
2014781885,14-000403,01/27/2014,01-January,2-Monday,17:53,1700 Hours,District 1 (Central),ANKENY,POLK,,SW ORDNANCE RD,Collision with:  Vehicle in traffic,On Roadway,Rear-end (front to rear),Other (explain in narrative):  Other,None Indicated,,Dark - roadway lighted,Dry,Clear,None apparent,Non-intersection:  Non-junction/no special feature,Paved,,Major Injury,0,1,1,0,0,0,24000,2,2,,POINT (-93.613111230739 41.724444999766)
2014781899,20140002395,01/27/2014,01-January,2-Monday,12:03,1200 Hours,District 1 (Central),DES MOINES,POLK,,E HARTFORD AVE & INDIANOLA AVE,Collision with:  Vehicle in traffic,On Roadway,Broadside (front to side),Ran Traffic Signal,None Indicated,,Daylight,Dry,Clear,None apparent,Intersection:  Four-way intersection,Paved,,Property Damage Only,0,0,0,0,0,0,3000,2,3,,POINT (-93.613601906942 41.569807431144)
2014781986,SO14-0099,01/27/2014,01-January,2-Monday,06:14,0600 Hours,District 2 (Northeast),,WRIGHT,IA 17,IA 17/IOWA 17,Collision with fixed object:  Bridge overhead structure,On Roadway,Non-collision (single vehicle),Lost Control,None Indicated,,Dark - roadway not lighted,Ice/frost,Clear,"Surface condition (e.g., wet, icy)",Non-intersection:  Non-junction/no special feature,Paved,,Property Damage Only,0,0,0,0,0,0,11472,1,1,,POINT (-93.909644440398 42.600855431943)
2014781887,14-000401,01/27/2014,01-January,2-Monday,14:07,1400 Hours,District 1 (Central),ANKENY,POLK,IA 160,IA 160/SW ORALABOR RD & SW HIGHPOINT DR & DMACC BLVD,Collision with:  Vehicle in traffic,On Roadway,Rear-end (front to rear),Followed too close,None Indicated,,Daylight,Dry,Clear,None apparent,Non-intersection:  Non-junction/no special feature,Paved,,Property Damage Only,0,0,0,0,0,0,5000,2,2,,POINT (-93.6125938803 41.702884860717)
2014781669,14-0462,01/27/2014,01-January,2-Monday,06:21,0600 Hours,District 1 (Central),WEST DES MOINES,POLK,,WESTOWN PKWY,Collision with fixed object:  Utility pole/light support,On Roadway,Non-collision (single vehicle),Ran off road - right,None Indicated,,Dark - roadway lighted,Dry,Clear,None apparent,Non-intersection:  Non-junction/no special feature,Paved,,Minor Injury,0,1,0,1,0,0,3000,1,1,,POINT (-93.745096898526 41.596142265488)
2014781988,201306066,01/27/2014,01-January,2-Monday,09:20,0900 Hours,District 3 (Northwest),,CALHOUN,US 20,US 20/US20,Unknown,On Roadway,Non-collision (single vehicle),Other (explain in narrative):  No improper action,None Indicated,,Daylight,Dry,Clear,None apparent,Non-intersection:  Non-junction/no special feature,Paved,,Property Damage Only,0,0,0,0,0,0,12000,1,1,,POINT (-94.658705849575 42.44986518081)
2014781561,01-14-3830,01/27/2014,01-January,2-Monday,08:08,0800 Hours,District 6 (East Central),DUBUQUE,DUBUQUE,,JOHN F KENNEDY RD,Collision with:  Vehicle in traffic,On Roadway,Rear-end (front to rear),Followed too close,None Indicated,,Daylight,Snow,Clear,None apparent,Non-intersection:  Non-junction/no special feature,Paved,,Possible/Unknown,0,1,0,0,1,0,6000,2,3,,POINT (-90.719791760786 42.49574488456)
2014785626,2014-5951,01/27/2014,01-January,2-Monday,16:17,1600 Hours,District 6 (East Central),DAVENPORT,SCOTT,,W 53RD ST & BROWN ST & APPOMATTOX RD,Collision with:  Vehicle in traffic,On Roadway,"Sideswipe, opposite direction",FTYROW:  Making left turn,None Indicated,,Daylight,Snow,Snow,None apparent,Intersection:  Four-way intersection,Paved,,Property Damage Only,0,0,0,0,0,0,3000,2,2,,POINT (-90.583746572544 41.574547139849)
2014787719,20140330,01/27/2014,01-January,2-Monday,19:00,1900 Hours,District 1 (Central),,GRUNDY,,Co Rd T19/F AVE,Collision with fixed object:  Utility pole/light support,Outside trafficway,Non-collision (single vehicle),Crossed centerline (undivided),None Indicated,,Dark - roadway not lighted,Dry,Clear,None apparent,Non-intersection:  Non-junction/no special feature,Paved,,Possible/Unknown,0,1,0,0,1,0,7500,1,1,,POINT (-92.925361429182 42.446380740755)
2014781951,14000975,01/27/2014,01-January,2-Monday,15:20,1500 Hours,District 1 (Central),,TAMA,US 30,US 30 & 305TH ST & RED EARTH DR,Collision with:  Animal,On Roadway,Rear-end (front to rear),Animal,None Indicated,,Daylight,Dry,Cloudy,None apparent,Intersection:  Four-way intersection,Paved,,Possible/Unknown,0,1,0,0,1,0,15000,2,2,,POINT (-92.64018901563 41.997236460892)
2014782167,2014006345,01/27/2014,01-January,2-Monday,17:24,1700 Hours,District 1 (Central),WEBSTER CITY,HAMILTON,,OHIO ST,Collision with:  Vehicle in traffic,On Roadway,Rear-end (front to rear),FTYROW:  From driveway,None Indicated,,Daylight,Dry,Clear,None apparent,Non-intersection:  Driveway access (within),Paved,,Property Damage Only,0,0,0,0,0,0,5000,2,2,,POINT (-93.834431994264 42.459956633743)
2014783176,,01/27/2014,01-January,2-Monday,15:50,1500 Hours,District 6 (East Central),CEDAR RAPIDS,LINN,I-380,I-380,Collision with:  Vehicle in traffic,On Roadway,Broadside (front to side),Unknown,None Indicated,,Daylight,Dry,Cloudy,,Intersection:  Intersection with ramp,Paved,,Property Damage Only,0,0,0,0,0,0,31500,2,3,,POINT (-91.673819392072 42.028578744058)
2014783084,2014-5872,01/27/2014,01-January,2-Monday,07:50,0700 Hours,District 6 (East Central),DAVENPORT,SCOTT,,WALLING CT,Collision with:  Parked motor vehicle,On Roadway,Unknown,Unknown,None Indicated,,Daylight,Snow,Unknown,Unknown,Non-intersection:  Non-junction/no special feature,Paved,,Property Damage Only,0,0,0,0,0,0,1500,2,1,,POINT (-90.56580407134 41.538449173279)
2014790498,2014005933,01/27/2014,01-January,2-Monday,05:00,0500 Hours,District 1 (Central),,POLK,I-35,I-35 & IA 415/2ND AVE,Collision with:  Vehicle in traffic,On Roadway,Rear-end (front to rear),Followed too close,None Indicated,,Dark - roadway lighted,Dry,Clear,None apparent,Non-intersection:  Other non-intersection (explain in narrative),Paved,,Property Damage Only,0,0,0,0,0,0,9500,2,2,,POINT (-93.61998962932 41.649487048255)
2014782280,20140002381,01/27/2014,01-January,2-Monday,10:38,1000 Hours,District 1 (Central),DES MOINES,POLK,,HIGH ST & 15TH ST,Collision with:  Vehicle in traffic,On Roadway,Broadside (front to side),Ran Stop Sign,None Indicated,,Daylight,Dry,Clear,None apparent,Intersection:  Four-way intersection,Paved,,Possible/Unknown,0,1,0,0,1,0,15000,2,2,,POINT (-93.637112802194 41.587126626689)
2014781607,201401325,01/27/2014,01-January,2-Monday,14:58,1400 Hours,District 6 (East Central),CEDAR RAPIDS,LINN,,16TH AVE SW & L ST SW,Collision with:  Vehicle in traffic,On Roadway,Broadside (front to side),Ran Stop Sign,None Indicated,,Daylight,Snow,Clear,None apparent,Intersection:  Four-way intersection,Paved,,Property Damage Only,0,0,0,0,0,0,7500,2,6,,POINT (-91.671502393286 41.961715322478)
2014782742,A14-004,01/27/2014,01-January,2-Monday,11:15,1100 Hours,District 4 (Southwest),WINTERSET,MADISON,,S 8TH AVE,Collision with:  Vehicle in traffic,On Roadway,Broadside (front to side),FTYROW:  From driveway,None Indicated,,Daylight,Dry,Clear,None apparent,Non-intersection:  Driveway access (within),Paved,,Property Damage Only,0,0,0,0,0,0,4000,2,2,,POINT (-94.022982968473 41.331901007909)
2014781878,1400000075,01/27/2014,01-January,2-Monday,05:30,0500 Hours,District 1 (Central),MARSHALLTOWN,MARSHALL,IA 14,IA 14/SANFORD AVE & IA 96/120TH ST,Collision with:  Vehicle in traffic,On Roadway,Broadside (front to side),Ran Stop Sign,Alcohol (< Statutory),,Dark - roadway lighted,Dry,Cloudy,None apparent,Intersection:  T-intersection,Paved,,Major Injury,0,4,3,1,0,0,8500,2,7,,POINT (-92.904228798425 42.18121431713)
2014781877,1400000074,01/27/2014,01-January,2-Monday,03:51,0300 Hours,District 1 (Central),MARSHALLTOWN,MARSHALL,IA 330,IA 330/MARSHALLTOWN BLVD,Collision with fixed object:  Ditch,On Roadway,Non-collision (single vehicle),Swerving/Evasive Action,None Indicated,,Dark - roadway not lighted,Dry,Severe winds,Debris,Non-intersection:  Non-junction/no special feature,Paved,,Property Damage Only,0,0,0,0,0,0,3000,1,1,,POINT (-93.006099972213 42.023406095228)
2014781839,14-023,01/27/2014,01-January,2-Monday,16:37,1600 Hours,District 2 (Northeast),WAVERLY,BREMER,IA 116,IA 116/4TH ST SW & 8TH AVE SW,Collision with:  Vehicle in traffic,On Roadway,Broadside (front to side),Driving too fast for conditions,None Indicated,,Daylight,Ice/frost,Cloudy,"Surface condition (e.g., wet, icy)",Intersection:  T-intersection,Paved,,Property Damage Only,0,0,0,0,0,0,1850,2,2,,POINT (-92.475630098975 42.717295438719)
2014782715,14-002439,01/27/2014,01-January,2-Monday,13:23,1300 Hours,District 5 (Southeast),,LEE,,BELFAST RD,Non-collision events:  Overturn/rollover,On Roadway,Non-collision (single vehicle),Swerving/Evasive Action,None Indicated,,Daylight,Ice/frost,Clear,"Surface condition (e.g., wet, icy)",Non-intersection:  Non-junction/no special feature,Unpaved,,Possible/Unknown,0,1,0,0,1,0,15000,1,1,,POINT (-91.602544103792 40.515173347778)
2014782042,W14-008876,01/27/2014,01-January,2-Monday,16:37,1600 Hours,District 2 (Northeast),WATERLOO,BLACK HAWK,,LINCOLN ST & LOGAN AVE,Collision with:  Vehicle in traffic,On Roadway,Broadside (front to side),Driving too fast for conditions,None Indicated,,Daylight,Snow,Cloudy,"Surface condition (e.g., wet, icy)",Intersection:  Four-way intersection,Paved,,Property Damage Only,0,0,0,0,0,0,3700,2,2,,POINT (-92.337735296361 42.507884147637)
2014781867,C14000296,01/27/2014,01-January,2-Monday,18:00,1800 Hours,District 6 (East Central),CORALVILLE,JOHNSON,,CAMP CARDINAL BLVD,Collision with:  Animal,On Roadway,Non-collision (single vehicle),Animal,None Indicated,,Dark - roadway not lighted,Dry,Clear,None apparent,Non-intersection:  Non-junction/no special feature,Paved,,Property Damage Only,0,0,0,0,0,0,3500,1,1,,POINT (-91.603263829573 41.671917769888)
2014782217,CL14000268,01/27/2014,01-January,2-Monday,22:24,2200 Hours,District 6 (East Central),CLINTON,CLINTON,US 30,US 30/LINCOLN WAY & US 67/WASHINGTON BLVD & VALLEY WEST CT,Collision with:  Vehicle in traffic,On Roadway,"Sideswipe, opposite direction",Unknown,None Indicated,,Dark - roadway lighted,Dry,Cloudy,None apparent,Non-intersection:  Non-junction/no special feature,Paved,,Property Damage Only,0,0,0,0,0,0,6000,2,2,,POINT (-90.242365557331 41.815560254512)
2014782633,02-14-1626,01/27/2014,01-January,2-Monday,05:29,0500 Hours,District 6 (East Central),,DUBUQUE,US 151,US 151,Non-collision events:  Overturn/rollover,Median,Non-collision (single vehicle),Ran off road - left,None Indicated,,Dark - roadway not lighted,Ice/frost,Severe winds,None apparent,Non-intersection:  Non-junction/no special feature,Paved,,Property Damage Only,0,0,0,0,0,0,5000,1,1,,POINT (-90.8243751301 42.352602792738)
2014781886,14-000399,01/27/2014,01-January,2-Monday,09:30,0900 Hours,District 1 (Central),ANKENY,POLK,,NW 9TH ST & NW IRVINEDALE DR,Collision with:  Vehicle in traffic,On Roadway,Rear-end (front to rear),Unknown,None Indicated,,Daylight,Dry,Clear,None apparent,Intersection:  T-intersection,Paved,,Property Damage Only,0,0,0,0,0,0,3000,2,2,,POINT (-93.639089598044 41.737471724593)
2014781826,W14-008793,01/27/2014,01-January,2-Monday,10:47,1000 Hours,District 2 (Northeast),WATERLOO,BLACK HAWK,US 218,US 218/WASHINGTON ST & W 11TH ST,Collision with:  Vehicle in traffic,On Roadway,Rear-end (front to rear),Driving too fast for conditions,None Indicated,,Daylight,Snow,Clear,None apparent,Intersection:  Four-way intersection,Paved,,Property Damage Only,0,0,0,0,0,0,1550,2,2,,POINT (-92.334706005488 42.488224889374)
2014781900,20140002425,01/27/2014,01-January,2-Monday,19:20,1900 Hours,District 1 (Central),DES MOINES,POLK,,E UNIVERSITY AVE & PENNSYLVANIA AVE,Collision with:  Vehicle in traffic,On Roadway,Rear-end (front to rear),Lost Control,Alcohol (Statutory),,Dark - roadway lighted,Dry,Clear,None apparent,Intersection:  Four-way intersection,Paved,,Property Damage Only,0,0,0,0,0,0,2350,2,3,,POINT (-93.608863543303 41.600385242357)
2014782259,14-2014,01/27/2014,01-January,2-Monday,08:10,0800 Hours,District 4 (Southwest),,HARRISON,,RACINE TRL,Non-collision events:  Overturn/rollover,On Roadway,Non-collision (single vehicle),Driving too fast for conditions,None Indicated,,Daylight,"Mud, dirt",Clear,None apparent,Non-intersection:  Non-junction/no special feature,Unpaved,,Possible/Unknown,0,1,0,0,1,0,3500,1,1,,POINT (-95.697686352952 41.76344493419)
2014783393,2014-5939,01/27/2014,01-January,2-Monday,15:15,1500 Hours,District 6 (East Central),DAVENPORT,SCOTT,,W 65TH ST,Collision with:  Vehicle in traffic,On Roadway,"Sideswipe, same direction",FTYROW:  Other (explain in narrative),None Indicated,,Daylight,Snow,Clear,None apparent,Intersection:  Other intersection (explain in narrative),Paved,,Possible/Unknown,0,3,0,0,3,0,2500,2,9,,POINT (-90.571832960511 41.585526938572)
2014786942,2014006367,01/27/2014,01-January,2-Monday,18:15,1800 Hours,District 3 (Northwest),,CRAWFORD,US 30,US 30,Collision with:  Animal,,,Animal,None Indicated,,,,,,,Paved,,Property Damage Only,0,0,0,0,0,0,3500,1,1,,POINT (-95.242422397387 42.034405452685)
2014781946,2014-5908,01/27/2014,01-January,2-Monday,11:23,1100 Hours,District 6 (East Central),DAVENPORT,SCOTT,,E LOCUST ST & COLLEGE AVE,Collision with:  Vehicle in traffic,On Roadway,Rear-end (front to rear),Followed too close,None Indicated,,Daylight,Snow,Clear,None apparent,Non-intersection:  Non-junction/no special feature,Paved,,Property Damage Only,0,0,0,0,0,0,2800,2,3,,POINT (-90.556495116367 41.538314676961)
2014781822,14001229,01/27/2014,01-January,2-Monday,17:59,1700 Hours,District 5 (Southeast),,APPANOOSE,IA 2,IA 2/IOWA 2,Collision with:  Animal,,,Animal,None Indicated,,,,,,,Paved,,Property Damage Only,0,0,0,0,0,0,1500,1,1,,POINT (-92.960500699962 40.739423461451)
2014782384,14001239,01/27/2014,01-January,2-Monday,21:56,2100 Hours,District 5 (Southeast),,APPANOOSE,,580TH ST & 251ST AVE,Collision with fixed object:  Ditch,Outside trafficway,Non-collision (single vehicle),Ran off road - right,Alcohol (Statutory),,Dark - roadway not lighted,"Mud, dirt",Cloudy,None apparent,Intersection:  Y-intersection,Unpaved,,Major Injury,0,1,1,0,0,0,10000,1,1,,POINT (-92.80522848654 40.637512401456)
2014781973,S14-798,01/27/2014,01-January,2-Monday,11:45,1100 Hours,District 3 (Northwest),SIOUX CITY,WOODBURY,I-29,I-29,Collision with:  Vehicle in traffic,On Roadway,"Sideswipe, same direction",Improper or erratic lane changing,None Indicated,,Daylight,Dry,Clear,Unknown,Non-intersection:  Crossover-related,Paved,,Property Damage Only,0,0,0,0,0,0,11000,2,5,,POINT (-96.383937831068 42.475292669484)
2014783388,2014-5861,01/27/2014,01-January,2-Monday,05:29,0500 Hours,District 6 (East Central),DAVENPORT,SCOTT,US 6,US 6/W KIMBERLY RD,Collision with fixed object:  Ditch,On Roadway,Non-collision (single vehicle),Driving too fast for conditions,None Indicated,,Dark - roadway not lighted,Snow,Snow,"Surface condition (e.g., wet, icy)",Non-intersection:  Non-junction/no special feature,Paved,,Property Damage Only,0,0,0,0,0,0,7000,1,1,,POINT (-90.638218373926 41.56742970601)