Iowa DOT Case Number,Law Enforcement Case Number,Date of Crash,Month of Crash,Day of Week,Time of Crash,Hour,DOT District,City Name,County Name,Route with System,Location Description,First Harmful Event,Location of First Harmful Event,Manner of Crash/Collision,Major Cause,Drug or Alcohol ,Environmental Conditions,Light Conditions,Surface Conditions,Weather Conditions,Roadway Contribution,Roadway Type,Roadway Surface,Work Zone,Crash Severity,Number of Fatalities,Number of Injuries,Number of Major Injuries,Number of Minor Injuries,Number of Possible Injuries,Number of Unknown Injuries,Amount of Property Damage,Number of Vehicles Involved,Total Number of Occupants,Travel Direction,Location
2014782524,,01/28/2014,01-January,3-Tuesday,16:04,1600 Hours,District 2 (Northeast),NEW HAMPTON,CHICKASAW,,E WASHINGTON ST & N LOCUST AVE,Collision with:  Vehicle in traffic,On Roadway,Broadside (front to side),FTYROW:  From yield sign,None Indicated,,Daylight,Snow,Clear,None apparent,Intersection:  Four-way intersection,Paved,,Property Damage Only,0,0,0,0,0,0,13000,2,2,,POINT (-92.31409460596 43.062953688692)
2014843242,2014006543,01/28/2014,01-January,3-Tuesday,11:45,1100 Hours,District 4 (Southwest),GRANGER,DALLAS,IA 141,IA 141/IOWA 141 & Co Rd R30/WENDOVER AVE,Collision with:  Vehicle in traffic,On Roadway,Rear-end (front to rear),Swerving/Evasive Action,None Indicated,,Daylight,Dry,Clear,None apparent,Non-intersection:  Non-junction/no special feature,Paved,,Property Damage Only,0,0,0,0,0,0,15000,2,3,,POINT (-93.843610002672 41.76824389188)
2014782149,14-2713,01/28/2014,01-January,3-Tuesday,07:00,0700 Hours,District 3 (Northwest),SIOUX CITY,WOODBURY,,W 3RD ST & GEORGE ST,Collision with:  Vehicle in traffic,On Roadway,Broadside (front to side),Ran Stop Sign,None Indicated,,Dark - roadway lighted,Dry,Clear,None apparent,Intersection:  Four-way intersection,Paved,,Possible/Unknown,0,1,0,0,1,0,2000,2,2,,POINT (-96.426896234587 42.499263354502)
2014785282,4514-006,01/28/2014,01-January,3-Tuesday,03:00,0300 Hours,District 2 (Northeast),,HOWARD,US 63,US 63 & 160TH ST,Collision with:  Animal,,,Animal,None Indicated,,,,,,,Paved,,Property Damage Only,0,0,0,0,0,0,2000,1,1,,POINT (-92.298858659515 43.284054583973)
2014782098,C14000305,01/28/2014,01-January,3-Tuesday,10:30,1000 Hours,District 6 (East Central),CORALVILLE,JOHNSON,US 6,US 6/2ND ST,Collision with:  Vehicle in traffic,On Roadway,"Angle, oncoming left turn",FTYROW:  Making left turn,None Indicated,,Daylight,Dry,Clear,None apparent,Non-intersection:  Driveway access (within),Paved,,Property Damage Only,0,0,0,0,0,0,2500,2,3,,POINT (-91.603114478077 41.685489290993)
2014782110,14-430,01/28/2014,01-January,3-Tuesday,07:40,0700 Hours,District 6 (East Central),HIAWATHA,LINN,,1ST AVE & BLAIRS FERRY RD NE,Collision with:  Vehicle in traffic,On Roadway,Rear-end (front to rear),Followed too close,None Indicated,,Daylight,Snow,Clear,None apparent,Non-intersection:  Non-junction/no special feature,Paved,,Property Damage Only,0,0,0,0,0,0,5000,2,2,,POINT (-91.671757726133 42.034769291952)
2014782380,,01/28/2014,01-January,3-Tuesday,09:45,0900 Hours,District 6 (East Central),CEDAR RAPIDS,LINN,US 30,US 30/LINCOLN FWY/SW LOOP/NW LOOP,Collision with:  Vehicle in traffic,On Roadway,"Sideswipe, same direction",Unknown,None Indicated,,Daylight,Dry,Clear,,Non-intersection:  Other non-intersection (explain in narrative),Paved,,Property Damage Only,0,0,0,0,0,0,2200,2,3,,POINT (-91.678085174116 41.927548624022)
2014782595,14-03152,01/28/2014,01-January,3-Tuesday,21:45,2100 Hours,District 5 (Southeast),BURLINGTON,DES MOINES,US 34,US 34/SW LOOP & US 61,Collision with:  Vehicle in traffic,On Roadway,"Sideswipe, opposite direction",Unknown,None Indicated,,Dark - roadway lighted,Dry,Clear,None apparent,Interchange-related:  On-ramp merge area,Paved,,Property Damage Only,0,0,0,0,0,0,1500,2,4,,POINT (-91.141421211932 40.816534232157)
2014782072,000256,01/28/2014,01-January,3-Tuesday,01:30,0100 Hours,District 6 (East Central),DYERSVILLE,DUBUQUE,US 20,US 20/NE RAMP,Collision with:  Animal,,,Animal,None Indicated,,,,,,,Paved,,Property Damage Only,0,0,0,0,0,0,1500,1,1,,POINT (-91.107908361141 42.469069166012)
2014899580,NT-14-016,01/28/2014,01-January,3-Tuesday,20:40,2000 Hours,District 1 (Central),NEVADA,STORY,,8TH ST,Collision with:  Vehicle in traffic,On Roadway,"Sideswipe, same direction",Other (explain in narrative):  Vision obstructed,None Indicated,,Dark - roadway not lighted,Dry,Clear,None apparent,Non-intersection:  Non-junction/no special feature,Paved,,Property Damage Only,0,0,0,0,0,0,6000,2,1,,POINT (-93.449567085211 42.019067334104)
2014782277,14-000427,01/28/2014,01-January,3-Tuesday,17:19,1700 Hours,District 1 (Central),ANKENY,POLK,,NE 18TH ST & NE GRANT ST,Collision with:  Vehicle in traffic,On Roadway,Broadside (front to side),FTYROW:  From stop sign,None Indicated,,Dusk,Dry,Clear,None apparent,Intersection:  Four-way intersection,Paved,,Property Damage Only,0,0,0,0,0,0,5000,2,2,,POINT (-93.597744711653 41.746358997182)
2014782350,2014006437,01/28/2014,01-January,3-Tuesday,07:25,0700 Hours,District 1 (Central),WINDSOR HEIGHTS,POLK,I-235,I-235,Collision with:  Vehicle in traffic,On Roadway,Rear-end (front to rear),Followed too close,None Indicated,,Daylight,Dry,Clear,None apparent,Non-intersection:  Non-junction/no special feature,Paved,,Property Damage Only,0,0,0,0,0,0,2500,2,2,,POINT (-93.711840726641 41.593335571004)
2014783363,2014-6045,01/28/2014,01-January,3-Tuesday,06:09,0600 Hours,District 6 (East Central),DAVENPORT,SCOTT,US 67,US 67/GAINES ST,Collision with:  Vehicle in traffic,On Roadway,Head-on (front to front),Crossed centerline (undivided),None Indicated,,Daylight,Ice/frost,Clear,"Surface condition (e.g., wet, icy)",Non-intersection:  Other non-intersection (explain in narrative),Paved,,Minor Injury,0,2,0,2,0,0,15000,2,2,,POINT (-90.58212228922 41.516151473494)
2014782139,14-003728,01/28/2014,01-January,3-Tuesday,20:05,2000 Hours,District 4 (Southwest),COUNCIL BLUFFS,POTTAWATTAMIE,US 6,US 6/KANESVILLE BLVD & NORTH AVE,Collision with:  Vehicle in traffic,On Roadway,Broadside (front to side),Ran Traffic Signal,None Indicated,,Dark - roadway lighted,Dry,Clear,None apparent,Intersection:  Four-way intersection,Paved,,Possible/Unknown,0,1,0,0,1,0,4500,2,3,,POINT (-95.830997980496 41.271304039175)
2014782458,011-14,01/28/2014,01-January,3-Tuesday,01:20,0100 Hours,District 4 (Southwest),,MADISON,IA 92,IA 92/IOWA 92,Collision with:  Animal,,,Animal,None Indicated,,,,,,,Paved,,Property Damage Only,0,0,0,0,0,0,1500,1,1,,POINT (-93.817481531622 41.348830027711)
2014781903,20140002464,01/28/2014,01-January,3-Tuesday,10:10,1000 Hours,District 1 (Central),DES MOINES,POLK,,LOCUST ST & 9TH ST,Collision with:  Vehicle in traffic,On Roadway,Broadside (front to side),Ran Traffic Signal,None Indicated,,Daylight,Dry,Clear,None apparent,Intersection:  Other intersection (explain in narrative),Paved,,Property Damage Only,0,0,0,0,0,0,5000,2,3,,POINT (-93.628644169515 41.586047337942)
2014783396,2014-6092,01/28/2014,01-January,3-Tuesday,10:39,1000 Hours,District 6 (East Central),DAVENPORT,SCOTT,,W 14TH ST,Collision with:  Vehicle in traffic,On Roadway,Rear-end (front to rear),Improper Backing,None Indicated,,Daylight,Dry,Clear,None apparent,Non-intersection:  Non-junction/no special feature,Paved,,Property Damage Only,0,0,0,0,0,0,5500,2,3,,POINT (-90.577871302181 41.534056813071)
2014785197,14-001225,01/28/2014,01-January,3-Tuesday,12:10,1200 Hours,District 6 (East Central),TIPTON,CEDAR,,3RD ST & LOCUST ST,Collision with:  Vehicle in traffic,On Roadway,Broadside (front to side),Other (explain in narrative):  Other,None Indicated,,Daylight,Dry,Clear,None apparent,Intersection:  Four-way intersection,Paved,,Property Damage Only,0,0,0,0,0,0,5000,2,3,,POINT (-91.134013163156 41.767912441349)
2014783177,,01/28/2014,01-January,3-Tuesday,15:48,1500 Hours,District 6 (East Central),CEDAR RAPIDS,LINN,,15TH AVE SW & L ST SW,Collision with fixed object:  Impact attenuator/crash cushion,On Roadway,"Angle, oncoming left turn",Unknown,None Indicated,,Daylight,Wet,Clear,,Intersection:  Four-way intersection,Paved,,Property Damage Only,0,0,0,0,0,0,6580,2,3,,POINT (-91.671494440905 41.962678923002)
2014782276,14-000426,01/28/2014,01-January,3-Tuesday,16:25,1600 Hours,District 1 (Central),ANKENY,POLK,I-35,I-35 & IA 160/SE ORALABOR RD & NE 78TH AVE,Collision with:  Vehicle in traffic,On Roadway,Rear-end (front to rear),Other (explain in narrative):  Other,None Indicated,,Daylight,Dry,Clear,None apparent,Non-intersection:  Non-junction/no special feature,Paved,,Possible/Unknown,0,1,0,0,1,0,4000,2,2,,POINT (-93.574265520642 41.702875622816)
2014782047,14-1569,01/28/2014,01-January,3-Tuesday,20:10,2000 Hours,District 2 (Northeast),,BREMER,US 63,US 63,Collision with:  Animal,,,Animal,None Indicated,,,,,,,Paved,,Property Damage Only,0,0,0,0,0,0,3000,1,1,,POINT (-92.322523932404 42.899462738818)
2014782204,W14-009200,01/28/2014,01-January,3-Tuesday,14:56,1400 Hours,District 2 (Northeast),WATERLOO,BLACK HAWK,,CAMBELL AVE,Collision with:  Vehicle in traffic,On Roadway,"Sideswipe, opposite direction",Other (explain in narrative):  No improper action,None Indicated,,Daylight,Ice/frost,Clear,None apparent,Non-intersection:  Non-junction/no special feature,Paved,,Property Damage Only,0,0,0,0,0,0,5500,2,41,,POINT (-92.378237817509 42.483885341289)
2014782512,BP14000082,01/28/2014,01-January,3-Tuesday,13:50,1300 Hours,District 2 (Northeast),BELMOND,WRIGHT,,3RD ST NE,Collision with:  Vehicle in traffic,On Roadway,"Sideswipe, same direction",Swerving/Evasive Action,None Indicated,,Daylight,Ice/frost,Clear,"Surface condition (e.g., wet, icy)",Non-intersection:  Other non-intersection (explain in narrative),Paved,,Property Damage Only,0,0,0,0,0,0,7000,2,2,,POINT (-93.613819227533 42.848761982162)
2014781834,14-1538,01/28/2014,01-January,3-Tuesday,04:30,0400 Hours,District 2 (Northeast),WAVERLY,BREMER,IA 3,IA 3/BREMER AVE & 2ND ST SW & 2ND ST NW,Collision with:  Vehicle in traffic,On Roadway,Rear-end (front to rear),Other (explain in narrative):  Other,None Indicated,,Dark - roadway lighted,Ice/frost,Clear,"Surface condition (e.g., wet, icy)",Non-intersection:  Non-junction/no special feature,Paved,,Property Damage Only,0,0,0,0,0,0,3500,2,2,,POINT (-92.473213573301 42.725767529189)
2014782610,01-14-3987,01/28/2014,01-January,3-Tuesday,07:56,0700 Hours,District 6 (East Central),DUBUQUE,DUBUQUE,US 52,US 52/KERRIGAN RD,Collision with fixed object:  Curb/island/raised median,Median,Non-collision (single vehicle),Ran off road - left,None Indicated,,Daylight,Ice/frost,Clear,"Surface condition (e.g., wet, icy)",Non-intersection:  Non-junction/no special feature,Paved,,Property Damage Only,0,0,0,0,0,0,3000,1,1,,POINT (-90.660253628422 42.48781733981)
2014782134,14-003628,01/28/2014,01-January,3-Tuesday,06:49,0600 Hours,District 4 (Southwest),COUNCIL BLUFFS,POTTAWATTAMIE,,RICHARD DOWNING BLVD & 34TH AVE & S 24TH ST,Collision with:  Vehicle in traffic,On Roadway,Broadside (front to side),Ran Traffic Signal,None Indicated,,Daylight,Dry,Clear,None apparent,Intersection:  Four-way intersection,Paved,,Property Damage Only,0,0,0,0,0,0,10000,2,3,,POINT (-95.87920943342 41.225850271265)
2014782037,14009108,01/28/2014,01-January,3-Tuesday,09:30,0900 Hours,District 2 (Northeast),CEDAR FALLS,BLACK HAWK,,UNIVERSITY AVE & COLLEGE ST,Collision with:  Vehicle in traffic,On Roadway,Rear-end (front to rear),Driving too fast for conditions,None Indicated,,Daylight,Ice/frost,Clear,"Surface condition (e.g., wet, icy)",Intersection:  Four-way intersection,Paved,,Property Damage Only,0,0,0,0,0,0,1600,2,2,,POINT (-92.45580697715 42.513044574492)
2014784047,2014006691,01/28/2014,01-January,3-Tuesday,17:11,1700 Hours,District 1 (Central),,POLK,I-80,I-80,Collision with:  Vehicle in traffic,On Roadway,"Sideswipe, same direction",Crossed centerline (undivided),None Indicated,,Daylight,Dry,Clear,None apparent,Non-intersection:  Non-junction/no special feature,Paved,,Property Damage Only,0,0,0,0,0,0,1500,2,2,,POINT (-93.549252051077 41.655998725781)
2014782459,012-14,01/28/2014,01-January,3-Tuesday,18:56,1800 Hours,District 4 (Southwest),,MADISON,,Co Rd R21/HIATT APPLE TRL,Non-collision events:  Overturn/rollover,On Roadway,Non-collision (single vehicle),Ran off road - straight,None Indicated,,Dark - roadway not lighted,"Mud, dirt",Clear,None apparent,Non-intersection:  Non-junction/no special feature,Unpaved,,Property Damage Only,0,0,0,0,0,0,2000,1,3,,POINT (-93.913021893123 41.278365871251)
2014782044,W14-009194,01/28/2014,01-January,3-Tuesday,14:38,1400 Hours,District 2 (Northeast),WATERLOO,BLACK HAWK,,W 9TH ST & RANDOLPH ST,Collision with:  Vehicle in traffic,On Roadway,Rear-end (front to rear),Followed too close,None Indicated,,Daylight,Ice/frost,Clear,None apparent,Non-intersection:  Non-junction/no special feature,Paved,,Property Damage Only,0,0,0,0,0,0,3500,2,2,,POINT (-92.339164570034 42.487746357079)
2014783394,2014-6056,01/28/2014,01-January,3-Tuesday,07:40,0700 Hours,District 6 (East Central),DAVENPORT,SCOTT,,W 46TH ST & RIPLEY ST,Collision with:  Vehicle in traffic,On Roadway,Broadside (front to side),Driving too fast for conditions,None Indicated,,Daylight,Ice/frost,Clear,"Surface condition (e.g., wet, icy)",Intersection:  Four-way intersection,Paved,,Property Damage Only,0,0,0,0,0,0,6000,2,2,,POINT (-90.577912565261 41.567300284069)
2014782137,14-003702,01/28/2014,01-January,3-Tuesday,16:15,1600 Hours,District 4 (Southwest),COUNCIL BLUFFS,POTTAWATTAMIE,,W PIERCE ST,Collision with:  Vehicle in traffic,On Roadway,"Angle, oncoming left turn",FTYROW:  Making left turn,None Indicated,,Daylight,Dry,Clear,None apparent,Unknown,Paved,,Property Damage Only,0,0,0,0,0,0,1500,2,5,,POINT (-95.844645756071 41.262033052242)
2014781906,14-0483,01/28/2014,01-January,3-Tuesday,12:27,1200 Hours,District 1 (Central),WEST DES MOINES,POLK,,ASHWORTH RD & 60TH ST,Collision with:  Vehicle in traffic,On Roadway,Rear-end (front to rear),Driver Distraction:  Manual operation of an electronic communication device,None Indicated,,Daylight,Dry,Clear,None apparent,Intersection:  Four-way intersection,Paved,,Possible/Unknown,0,1,0,0,1,0,5000,2,2,,POINT (-93.790549904522 41.584399540415)
2014782395,W14-009119,01/28/2014,01-January,3-Tuesday,10:11,1000 Hours,District 2 (Northeast),WATERLOO,BLACK HAWK,IA 934,IA 934/UNIVERSITY AVE & FALLS AVE,Collision with:  Vehicle in traffic,On Roadway,Broadside (front to side),Ran Traffic Signal,None Indicated,,Daylight,Slush,Clear,None apparent,Intersection:  Four-way intersection,Paved,,Minor Injury,0,2,0,2,0,0,13000,2,2,,POINT (-92.385214284585 42.499566131392)
2014790726,,01/28/2014,01-January,3-Tuesday,05:21,0500 Hours,District 1 (Central),TOLEDO,TAMA,US 30,US 30/US 30 NW RAMP/US 30 NW LOOP,Collision with:  Parked motor vehicle,On Roadway,"Sideswipe, same direction",Illegally Parked/Unattended,None Indicated,,Dark - roadway not lighted,Dry,Cloudy,Obstruction in roadway,Interchange-related:  On-ramp,Paved,,Possible/Unknown,0,1,0,0,1,0,24500,3,3,,POINT (-92.584545002723 41.983340431807)
2014783395,2014-6073,01/28/2014,01-January,3-Tuesday,09:10,0900 Hours,District 6 (East Central),DAVENPORT,SCOTT,,IA 461/BRADY ST & E 46TH ST,Collision with:  Vehicle in traffic,On Roadway,"Sideswipe, same direction",Improper or erratic lane changing,None Indicated,,Daylight,Dry,Clear,None apparent,Non-intersection:  Non-junction/no special feature,Paved,,Property Damage Only,0,0,0,0,0,0,4300,2,4,,POINT (-90.567958722546 41.567621432342)
2014782136,14-003687,01/28/2014,01-January,3-Tuesday,15:17,1500 Hours,District 4 (Southwest),COUNCIL BLUFFS,POTTAWATTAMIE,US 6,US 6/W BROADWAY & S 24TH ST & N 24TH ST,Collision with:  Vehicle in traffic,On Roadway,Broadside (front to side),FTYROW:  From stop sign,None Indicated,,Daylight,Dry,Clear,None apparent,Intersection:  Four-way intersection,Paved,,Property Damage Only,0,0,0,0,0,0,2500,2,4,,POINT (-95.879588119037 41.261902225316)
2014781869,N140000044,01/28/2014,01-January,3-Tuesday,10:05,1000 Hours,District 6 (East Central),NORTH LIBERTY,JOHNSON,,270TH ST & KANSAS AVE,Collision with:  Vehicle in traffic,On Roadway,"Angle, oncoming left turn",Crossed centerline (undivided),None Indicated,,Daylight,Dry,Cloudy,None apparent,Intersection:  Four-way intersection,Unpaved,,Property Damage Only,0,0,0,0,0,0,5000,2,2,,POINT (-91.636973273991 41.737847269029)
2014782130,14-0484,01/28/2014,01-January,3-Tuesday,12:50,1200 Hours,District 1 (Central),WEST DES MOINES,POLK,,GRAND AVE & 16TH ST,Collision with:  Vehicle in traffic,On Roadway,Rear-end (front to rear),Followed too close,None Indicated,,Daylight,Dry,Clear,None apparent,Non-intersection:  Non-junction/no special feature,Paved,,Minor Injury,0,1,0,1,0,0,4000,2,5,,POINT (-93.725141463798 41.578894919684)
2014783606,14001939,01/29/2014,01-January,4-Wednesday,16:28,1600 Hours,District 6 (East Central),MARION,LINN,,7TH AVE,Collision with:  Vehicle in traffic,On Roadway,"Sideswipe, same direction",FTYROW:  Other (explain in narrative),None Indicated,,Daylight,Dry,Cloudy,None apparent,Non-intersection:  Non-junction/no special feature,Paved,,Property Damage Only,0,0,0,0,0,0,2654,2,2,,POINT (-91.607413310376 42.033168934798)
2014782507,14-2834,01/29/2014,01-January,4-Wednesday,12:37,1200 Hours,District 3 (Northwest),SIOUX CITY,WOODBURY,IA 376,IA 376/SINGING HILLS BLVD/S LEWIS BLVD,Collision with:  Vehicle in traffic,On Roadway,"Sideswipe, same direction",Made improper turn,None Indicated,,Daylight,Dry,Clear,None apparent,Intersection:  Four-way intersection,Paved,,Property Damage Only,0,0,0,0,0,0,3000,2,3,,POINT (-96.369856644689 42.435277586856)
2014783952,2014-6390,01/29/2014,01-January,4-Wednesday,14:42,1400 Hours,District 6 (East Central),DAVENPORT,SCOTT,I-80,I-80 & IA 461/BRADY ST,Collision with:  Vehicle in traffic,On Roadway,"Sideswipe, same direction",FTYROW:  Other (explain in narrative),None Indicated,,Daylight,Dry,Clear,None apparent,Non-intersection:  Non-junction/no special feature,Paved,,Property Damage Only,0,0,0,0,0,0,3000,2,2,,POINT (-90.571137526095 41.591915748329)
2014782389,W14-009482,01/29/2014,01-January,4-Wednesday,09:52,0900 Hours,District 2 (Northeast),WATERLOO,BLACK HAWK,,E RIDGEWAY AVE & W 9TH ST,Collision with:  Vehicle in traffic,On Roadway,Rear-end (front to rear),FTYROW:  Other (explain in narrative),None Indicated,,Daylight,Wet,Clear,None apparent,Intersection:  Four-way intersection,Paved,,Possible/Unknown,0,1,0,0,1,0,3000,2,2,,POINT (-92.342617542867 42.469412272025)
2014782316,S14-882,01/29/2014,01-January,4-Wednesday,17:12,1700 Hours,District 3 (Northwest),SERGEANT BLUFF,WOODBURY,,Co Rd K29/OLD LAKEPORT RD & GLEN ELLEN RD,Collision with:  Vehicle in traffic,On Roadway,Head-on (front to front),Crossed centerline (undivided),None Indicated,,Daylight,Dry,Clear,None apparent,Intersection:  T-intersection,Paved,,Possible/Unknown,0,2,0,0,2,0,6000,3,3,,POINT (-96.341304611214 42.409946958833)
2014783690,14-000121,01/29/2014,01-January,4-Wednesday,11:34,1100 Hours,District 1 (Central),AMES,STORY,US 69,US 69 & Co Rd E57/280TH ST,Collision with fixed object:  Ditch,Roadside,Non-collision (single vehicle),Swerving/Evasive Action,None Indicated,,Daylight,Dry,Clear,None apparent,Non-intersection:  Non-junction/no special feature,Paved,,Minor Injury,0,1,0,1,0,0,3000,1,1,,POINT (-93.609972285529 41.948840790568)
2014784199,01-14-4167,01/29/2014,01-January,4-Wednesday,12:23,1200 Hours,District 6 (East Central),DUBUQUE,DUBUQUE,US 52,US 52/E 11TH ST/WHITE ST,Collision with:  Vehicle in traffic,On Roadway,"Sideswipe, same direction",Made improper turn,None Indicated,,Daylight,Wet,Clear,None apparent,Intersection:  Four-way intersection,Paved,,Property Damage Only,0,0,0,0,0,0,11000,2,2,,POINT (-90.665411780655 42.504186011227)
2014783469,2014006968,01/29/2014,01-January,4-Wednesday,22:45,2200 Hours,District 4 (Southwest),,MONTGOMERY,US 34,US 34/SE LOOP,Collision with fixed object:  Other fixed object (explain in narrative),Shoulder,Non-collision (single vehicle),Ran off road - left,None Indicated,,Dark - roadway not lighted,Dry,Cloudy,None apparent,Interchange-related:  Off-ramp,Paved,,Property Damage Only,0,0,0,0,0,0,8100,1,2,,POINT (-94.983456888633 40.977978630765)
2014782267,14001911,01/29/2014,01-January,4-Wednesday,07:57,0700 Hours,District 6 (East Central),MARION,LINN,,7TH AVE,Collision with:  Vehicle in traffic,On Roadway,Rear-end (front to rear),Other (explain in narrative):  Other,None Indicated,,Daylight,Dry,Clear,None apparent,Non-intersection:  Non-junction/no special feature,Paved,,Property Damage Only,0,0,0,0,0,0,6500,2,2,,POINT (-91.59549866811 42.033311937113)
2014783370,2014-6314,01/29/2014,01-January,4-Wednesday,08:10,0800 Hours,District 6 (East Central),DAVENPORT,SCOTT,US 6,US 6/W KIMBERLY RD,Collision with:  Vehicle in traffic,On Roadway,Rear-end (front to rear),Followed too close,None Indicated,,Daylight,Dry,Clear,Other (explain in narrative),Intersection:  Other intersection (explain in narrative),Paved,,Property Damage Only,0,0,0,0,0,0,3600,2,4,,POINT (-90.585855946121 41.560100209472)
2014782297,14-000199,01/29/2014,01-January,4-Wednesday,15:55,1500 Hours,District 1 (Central),ALTOONA,POLK,,1ST AVE S,Collision with:  Vehicle in traffic,On Roadway,Rear-end (front to rear),Other (explain in narrative):  Other,None Indicated,,Daylight,Dry,Clear,None apparent,Non-intersection:  Non-junction/no special feature,Paved,,Property Damage Only,0,0,0,0,0,0,3000,3,4,,POINT (-93.464637801202 41.647310692235)
2014785628,2014-6449,01/29/2014,01-January,4-Wednesday,18:06,1800 Hours,District 6 (East Central),DAVENPORT,SCOTT,,E LOCUST ST & BRIDGE AVE,Collision with:  Vehicle in traffic,On Roadway,Rear-end (front to rear),Followed too close,None Indicated,,Dark - roadway lighted,Dry,Clear,None apparent,Intersection:  Four-way intersection,Paved,,Possible/Unknown,0,1,0,0,1,0,0,2,6,,POINT (-90.557897844666 41.53830846679)
2014782539,W14-009588,01/29/2014,01-January,4-Wednesday,16:00,1600 Hours,District 2 (Northeast),WATERLOO,BLACK HAWK,,W DONALD ST,Collision with:  Vehicle in traffic,On Roadway,Rear-end (front to rear),Followed too close,None Indicated,,Daylight,Slush,Cloudy,"Surface condition (e.g., wet, icy)",Non-intersection:  Other non-intersection (explain in narrative),Paved,,Property Damage Only,0,0,0,0,0,0,2500,2,4,,POINT (-92.349702780429 42.527603336896)
2014782624,01-14-4209,01/29/2014,01-January,4-Wednesday,16:35,1600 Hours,District 6 (East Central),DUBUQUE,DUBUQUE,,W 5TH ST & WINONA ST,Collision with:  Vehicle in traffic,On Roadway,Head-on (front to front),Lost Control,None Indicated,,Daylight,Slush,Clear,"Surface condition (e.g., wet, icy)",Intersection:  T-intersection,Paved,,Property Damage Only,0,0,0,0,0,0,1700,2,5,,POINT (-90.676355393663 42.496564988006)
2014784200,01-14-4215,01/29/2014,01-January,4-Wednesday,17:23,1700 Hours,District 6 (East Central),DUBUQUE,DUBUQUE,US 20,US 20/DODGE ST,Collision with:  Vehicle in traffic,On Roadway,Rear-end (front to rear),Lost Control,None Indicated,,Dusk,Dry,Clear,None apparent,Non-intersection:  Non-junction/no special feature,Paved,,Possible/Unknown,0,3,0,0,3,0,2000,2,4,,POINT (-90.714137758122 42.49228224361)
2014782898,,01/29/2014,01-January,4-Wednesday,15:15,1500 Hours,District 6 (East Central),DE WITT,CLINTON,,10TH ST & 8TH AVE,Collision with:  Vehicle in traffic,On Roadway,"Angle, oncoming left turn",FTYROW:  Making left turn,None Indicated,,Daylight,Snow,Clear,None apparent,Intersection:  Four-way intersection,Paved,,Property Damage Only,0,0,0,0,0,0,1500,2,3,,POINT (-90.541940065374 41.825166890772)
2014782286,20140002598,01/29/2014,01-January,4-Wednesday,16:18,1600 Hours,District 1 (Central),DES MOINES,POLK,,UNIVERSITY AVE & 39TH ST,Collision with:  Vehicle in traffic,On Roadway,"Sideswipe, same direction",Unknown,None Indicated,,Dusk,Dry,Cloudy,None apparent,Intersection:  T-intersection,Paved,,Property Damage Only,0,0,0,0,0,0,7000,2,2,,POINT (-93.669618081945 41.600317644982)
2014784587,2014-01810,01/29/2014,01-January,4-Wednesday,07:50,0700 Hours,District 5 (Southeast),INDIANOLA,WARREN,IA 92,IA 92/W 2ND AVE & Y ST,Collision with:  Vehicle in traffic,On Roadway,Rear-end (front to rear),Driver Distraction:  Manual operation of an electronic communication device,None Indicated,,Daylight,Dry,Clear,None apparent,Intersection:  Four-way intersection,Paved,,Property Damage Only,0,0,0,0,0,0,8500,2,2,,POINT (-93.596779804032 41.356248241012)
2014782619,01-14-4131,01/29/2014,01-January,4-Wednesday,08:20,0800 Hours,District 6 (East Central),DUBUQUE,DUBUQUE,,LOCUST ST S & W 1ST ST CONN,Collision with:  Vehicle in traffic,On Roadway,Unknown,FTYROW:  From yield sign,None Indicated,,Daylight,Dry,Clear,None apparent,Intersection:  Four-way intersection,Paved,,Property Damage Only,0,0,0,0,0,0,3600,2,3,,POINT (-90.665031756661 42.494452631612)
2014782854,14-1708,01/29/2014,01-January,4-Wednesday,15:38,1500 Hours,District 6 (East Central),BETTENDORF,SCOTT,,MIDDLE RD,Collision with:  Vehicle in traffic,On Roadway,Rear-end (front to rear),Followed too close,None Indicated,,Daylight,Dry,Clear,None apparent,Non-intersection:  Non-junction/no special feature,Paved,,Property Damage Only,0,0,0,0,0,0,2500,2,3,,POINT (-90.501786381027 41.545775563561)
2014782637,02-14-1780,01/29/2014,01-January,4-Wednesday,17:40,1700 Hours,District 6 (East Central),,DUBUQUE,US 52,US 52 & OLDE MASSEY RD,Collision with:  Vehicle in traffic,On Roadway,Broadside (front to side),FTYROW:  Other (explain in narrative),None Indicated,,Dark - roadway lighted,Dry,Clear,None apparent,Intersection:  T-intersection,Paved,,Property Damage Only,0,0,0,0,0,0,7000,2,5,,POINT (-90.649473155264 42.446559707496)
2014782218,CL14000285,01/29/2014,01-January,4-Wednesday,11:35,1100 Hours,District 6 (East Central),CLINTON,CLINTON,US 30,US 30/CAMANCHE AVE & 23RD PL,Collision with:  Vehicle in traffic,On Roadway,"Sideswipe, same direction",Improper or erratic lane changing,None Indicated,,Daylight,Dry,Clear,None apparent,Intersection:  Four-way intersection,Paved,,Property Damage Only,0,0,0,0,0,0,3500,2,3,,POINT (-90.211347019536 41.822943047018)
2014782213,1401298281,01/29/2014,01-January,4-Wednesday,05:27,0500 Hours,District 6 (East Central),,CLINTON,US 30,US 30,Collision with fixed object:  Traffic sign support,Median,Non-collision (single vehicle),Ran off road - left,None Indicated,,Dark - roadway not lighted,Ice/frost,Clear,"Shoulders (none, low, soft, high)",Non-intersection:  Crossover-related,Paved,,Property Damage Only,0,0,0,0,0,0,2100,1,1,,POINT (-90.408231461324 41.815588604466)
2014782293,14-0203,01/29/2014,01-January,4-Wednesday,16:58,1600 Hours,District 1 (Central),URBANDALE,POLK,I-35,I-35,Collision with:  Vehicle in traffic,On Roadway,Rear-end (front to rear),Followed too close,None Indicated,,Daylight,Dry,Clear,None apparent,Non-intersection:  Non-junction/no special feature,Paved,,Property Damage Only,0,0,0,0,0,0,6000,3,3,,POINT (-93.776978474225 41.638156835336)