Iowa DOT Case Number,Law Enforcement Case Number,Date of Crash,Month of Crash,Day of Week,Time of Crash,Hour,DOT District,City Name,County Name,Route with System,Location Description,First Harmful Event,Location of First Harmful Event,Manner of Crash/Collision,Major Cause,Drug or Alcohol ,Environmental Conditions,Light Conditions,Surface Conditions,Weather Conditions,Roadway Contribution,Roadway Type,Roadway Surface,Work Zone,Crash Severity,Number of Fatalities,Number of Injuries,Number of Major Injuries,Number of Minor Injuries,Number of Possible Injuries,Number of Unknown Injuries,Amount of Property Damage,Number of Vehicles Involved,Total Number of Occupants,Travel Direction,Location
2014784895,,01/30/2014,01-January,5-Thursday,18:15,1800 Hours,District 4 (Southwest),,MILLS,,Co Rd L31/195TH ST,Collision with:  Animal,On Roadway,Non-collision (single vehicle),Animal,None Indicated,,Dark - roadway not lighted,Dry,Clear,,Non-intersection:  Non-junction/no special feature,Paved,,Property Damage Only,0,0,0,0,0,0,2736,1,1,,POINT (-95.818847841352 41.106090333947)
2014783198,14-009849,01/30/2014,01-January,5-Thursday,10:40,1000 Hours,District 2 (Northeast),EVANSDALE,BLACK HAWK,I-380,I-380,Collision with:  Vehicle in traffic,On Roadway,Rear-end (front to rear),Ran off road - right,None Indicated,,Daylight,Snow,Snow,None apparent,Interchange-related:  On-ramp merge area,Paved,,Property Damage Only,0,0,0,0,0,0,5500,2,2,,POINT (-92.301449774942 42.45766825177)
2014782667,14-001103,01/30/2014,01-January,5-Thursday,16:16,1600 Hours,District 6 (East Central),,BUCHANAN,IA 281,IA 281/100TH ST,Collision with fixed object:  Ditch,On Roadway,Non-collision (single vehicle),Ran off road - left,None Indicated,,Daylight,Ice/frost,Snow,"Surface condition (e.g., wet, icy)",Non-intersection:  Non-junction/no special feature,Paved,,Property Damage Only,0,0,0,0,0,0,4000,1,1,,POINT (-91.943772120843 42.641950932824)
2014782481,14-0529,01/30/2014,01-January,5-Thursday,16:30,1600 Hours,District 1 (Central),WEST DES MOINES,POLK,,22ND ST,Collision with:  Vehicle in traffic,On Roadway,Rear-end (front to rear),Other (explain in narrative):  Other,None Indicated,,Daylight,Dry,Clear,None apparent,Non-intersection:  Non-junction/no special feature,Paved,,Property Damage Only,0,0,0,0,0,0,4000,2,4,,POINT (-93.736044661377 41.595705179959)
2014790118,14-011,01/30/2014,01-January,5-Thursday,08:45,0800 Hours,District 3 (Northwest),SIOUX CENTER,SIOUX,,7TH ST NE & 4TH AVE SE & 4TH AVE NE,Collision with:  Vehicle in traffic,On Roadway,Broadside (front to side),FTYROW:  From stop sign,None Indicated,,Daylight,Snow,Cloudy,None apparent,Intersection:  Four-way intersection,Paved,,Property Damage Only,0,0,0,0,0,0,4000,2,3,,POINT (-96.169954892117 43.084366618961)
2014787720,20140359,01/30/2014,01-January,5-Thursday,10:40,1000 Hours,District 1 (Central),,GRUNDY,US 20,US 20,Non-collision events:  Other non-collision (explain in narrative),On Roadway,Non-collision (single vehicle),Crossed centerline (undivided),None Indicated,,Daylight,Wet,Snow,"Surface condition (e.g., wet, icy)",Non-intersection:  Non-junction/no special feature,Paved,,Property Damage Only,0,0,0,0,0,0,21000,1,1,,POINT (-92.685806826615 42.463644090341)
2014794327,SO140040,01/30/2014,01-January,5-Thursday,08:15,0800 Hours,District 4 (Southwest),CORNING,ADAMS,IA 148,IA 148/QUINCY ST,,On Roadway,Non-collision (single vehicle),Ran off road - right,None Indicated,,Daylight,Ice/frost,"Sleet, hail",None apparent,Non-intersection:  Non-junction/no special feature,Paved,,Property Damage Only,0,0,0,0,0,0,3000,1,1,,POINT (-94.738180202467 41.007592831747)
2014784060,2014007037,01/30/2014,01-January,5-Thursday,07:34,0700 Hours,District 2 (Northeast),CLEAR LAKE,CERRO GORDO,I-35,I-35,Non-collision events:  Jackknife,On Roadway,Non-collision (single vehicle),Ran off road - left,None Indicated,,Daylight,Snow,Snow,"Surface condition (e.g., wet, icy)",Non-intersection:  Other non-intersection (explain in narrative),Paved,,Property Damage Only,0,0,0,0,0,0,15000,1,2,,POINT (-93.352280709996 43.115479976726)
2014782484,14-001767,01/30/2014,01-January,5-Thursday,12:16,1200 Hours,District 6 (East Central),BETTENDORF,SCOTT,,MIDDLE RD & CROW CREEK RD,Collision with:  Vehicle in traffic,On Roadway,Head-on (front to front),Lost Control,None Indicated,,Daylight,Snow,Snow,"Surface condition (e.g., wet, icy)",Intersection:  T-intersection,Paved,,Property Damage Only,0,0,0,0,0,0,5500,2,3,,POINT (-90.464081508321 41.568185967033)
2014782401,14000531,01/30/2014,01-January,5-Thursday,06:39,0600 Hours,District 2 (Northeast),CLEAR LAKE,CERRO GORDO,I-35,I-35,Collision with fixed object:  Bridge overhead structure,On Roadway,Non-collision (single vehicle),Driving too fast for conditions,None Indicated,,Dark - roadway lighted,Ice/frost,Cloudy,"Surface condition (e.g., wet, icy)",Non-intersection:  Other non-intersection (explain in narrative),Paved,,Property Damage Only,0,0,0,0,0,0,113804,1,1,,POINT (-93.355943548346 43.140907416816)
2014786249,20140356,01/30/2014,01-January,5-Thursday,12:59,1200 Hours,District 2 (Northeast),,HANCOCK,US 18,US 18,Collision with:  Vehicle in traffic,On Roadway,"Sideswipe, opposite direction",Crossed centerline (undivided),None Indicated,,Daylight,Ice/frost,"Blowing sand, soil, dirt",None apparent,Non-intersection:  Non-junction/no special feature,Paved,,Major Injury,0,2,1,1,0,0,23000,2,2,,POINT (-93.737693705953 43.104819553098)
2014782391,W14-009791,01/30/2014,01-January,5-Thursday,05:34,0500 Hours,District 2 (Northeast),WATERLOO,BLACK HAWK,US 218,US 218 & W 9TH ST,Collision with:  Vehicle in traffic,On Roadway,Broadside (front to side),Unknown,None Indicated,,Dark - roadway lighted,Other (explain in narrative),Clear,None apparent,Interchange-related:  On-ramp,Paved,,Property Damage Only,0,0,0,0,0,0,5800,2,2,,POINT (-92.336918269717 42.489597592821)
2014782518,,01/30/2014,01-January,5-Thursday,05:53,0500 Hours,District 2 (Northeast),,HUMBOLDT,US 169,US 169/LINCOLN AVE,Collision with fixed object:  Ditch,Roadside,Non-collision (single vehicle),Crossed centerline (undivided),None Indicated,,Dark - roadway not lighted,Ice/frost,"Sleet, hail","Surface condition (e.g., wet, icy)",Non-intersection:  Non-junction/no special feature,Paved,,Minor Injury,0,1,0,1,0,0,5500,1,1,,POINT (-94.227302428775 42.832680840942)
2014784833,14S00125,01/30/2014,01-January,5-Thursday,08:24,0800 Hours,District 4 (Southwest),,UNION,,Co Rd P33/CHERRY ST RD,Non-collision events:  Overturn/rollover,Roadside,Non-collision (single vehicle),Swerving/Evasive Action,None Indicated,,Daylight,Ice/frost,"Sleet, hail","Surface condition (e.g., wet, icy)",Non-intersection:  Non-junction/no special feature,Paved,,Property Damage Only,0,0,0,0,0,0,4500,1,1,,POINT (-94.356974997227 41.104906843085)
2014810448,14-006-AC-F,01/30/2014,01-January,5-Thursday,08:00,0800 Hours,District 3 (Northwest),MILFORD,DICKINSON,US 71,US 71/OKOBOJI AVE & FRONTAGE RD & 24TH ST,Collision with:  Vehicle in traffic,On Roadway,"Sideswipe, same direction",Made improper turn,None Indicated,,Daylight,Wet,Snow,None apparent,Non-intersection:  Non-junction/no special feature,Paved,,Property Damage Only,0,0,0,0,0,0,3500,2,2,,POINT (-95.149952945639 43.337983491428)
2014783454,2014007019,01/30/2014,01-January,5-Thursday,08:58,0800 Hours,District 3 (Northwest),,PLYMOUTH,US 75,US 75 & LONE TREE RD,Non-collision events:  Overturn/rollover,Outside trafficway,Non-collision (single vehicle),Driving too fast for conditions,None Indicated,,Daylight,Ice/frost,Clear,"Surface condition (e.g., wet, icy)",Non-intersection:  Non-junction/no special feature,Paved,,Minor Injury,0,1,0,1,0,0,6000,1,1,,POINT (-96.305186857204 42.593796579264)
2014782502,13-0281,01/30/2014,01-January,5-Thursday,16:00,1600 Hours,District 1 (Central),FORT DODGE,WEBSTER,,2ND AVE S & S 18TH ST,Collision with:  Vehicle in traffic,On Roadway,Broadside (front to side),Driving too fast for conditions,None Indicated,,Daylight,Snow,Clear,"Surface condition (e.g., wet, icy)",Intersection:  Four-way intersection,Paved,,Property Damage Only,0,0,0,0,0,0,6000,2,2,,POINT (-94.173557812627 42.504103931602)
2014782511,14-2941,01/30/2014,01-January,5-Thursday,09:31,0900 Hours,District 3 (Northwest),SIOUX CITY,WOODBURY,,CHEYENNE BLVD,Collision with fixed object:  Tree,Roadside,Non-collision (single vehicle),Ran off road - left,None Indicated,,Daylight,Slush,Cloudy,"Surface condition (e.g., wet, icy)",Non-intersection:  Non-junction/no special feature,Paved,,Property Damage Only,0,0,0,0,0,0,5100,1,3,,POINT (-96.393720805817 42.541870321015)
2014782289,20140002650,01/30/2014,01-January,5-Thursday,08:10,0800 Hours,District 1 (Central),DES MOINES,POLK,,KEOSAUQUA WAY & 9TH ST,Collision with:  Vehicle in traffic,On Roadway,Rear-end (front to rear),Lost Control,None Indicated,,Daylight,Dry,Cloudy,None apparent,Intersection:  Y-intersection,Paved,,Property Damage Only,0,0,0,0,0,0,4200,2,2,,POINT (-93.629459454236 41.590933814432)
2014784254,140472,01/30/2014,01-January,5-Thursday,22:23,2200 Hours,District 1 (Central),IOWA FALLS,HARDIN,,140TH ST,Collision with fixed object:  Ditch,On Roadway,Non-collision (single vehicle),Driving too fast for conditions,None Indicated,,Dark - roadway not lighted,Ice/frost,"Blowing sand, soil, dirt","Surface condition (e.g., wet, icy)",Non-intersection:  Non-junction/no special feature,Paved,,Minor Injury,0,1,0,1,0,0,100,1,1,,POINT (-93.252261589933 42.50716050733)
2014783208,14000452,01/30/2014,01-January,5-Thursday,10:18,1000 Hours,District 3 (Northwest),,CHEROKEE,,Co Rd L36/D AVE & 550TH ST,Collision with:  Parked motor vehicle,Shoulder,Rear-end (front to rear),Driving too fast for conditions,None Indicated,,Daylight,Ice/frost,Snow,"Surface condition (e.g., wet, icy)",Intersection:  T-intersection,Paved,,Possible/Unknown,0,1,0,0,1,0,7500,2,1,,POINT (-95.800889236927 42.721129968848)
2014783175,,01/30/2014,01-January,5-Thursday,09:44,0900 Hours,District 5 (Southeast),RUSSELL,LUCAS,,Co Rd S50/280TH AVE,Non-collision events:  Overturn/rollover,Shoulder,Non-collision (single vehicle),Ran off road - left,Alcohol (Statutory),,Daylight,Dry,Severe winds,None apparent,Non-intersection:  Non-junction/no special feature,Unpaved,,Possible/Unknown,0,1,0,0,1,0,2100,1,1,,POINT (-93.212334674275 40.954321148036)
2014782469,14-0127,01/30/2014,01-January,5-Thursday,05:58,0500 Hours,District 1 (Central),CLIVE,POLK,,SWANSON BLVD & UNIVERSITY BLVD & NW 86TH ST,Collision with:  Vehicle in traffic,On Roadway,"Angle, oncoming left turn",FTYROW:  Making left turn,None Indicated,,Dark - roadway lighted,Dry,Clear,None apparent,Intersection:  Four-way intersection,Paved,,Property Damage Only,0,0,0,0,0,0,2500,2,2,,POINT (-93.73631468507 41.605737479352)
2014784039,2014006975,01/30/2014,01-January,5-Thursday,05:14,0500 Hours,District 2 (Northeast),,CERRO GORDO,US 18,US 18,Non-collision events:  Overturn/rollover,On Roadway,Non-collision (single vehicle),Ran off road - right,None Indicated,,Dark - roadway not lighted,Ice/frost,"Sleet, hail","Surface condition (e.g., wet, icy)",Non-intersection:  Non-junction/no special feature,Paved,,Property Damage Only,0,0,0,0,0,0,4000,1,1,,POINT (-93.152973853898 43.111885794428)
2014782455,201401479,01/30/2014,01-January,5-Thursday,16:26,1600 Hours,District 6 (East Central),CEDAR RAPIDS,LINN,,EDGEWOOD RD NE,Collision with:  Vehicle in traffic,On Roadway,Rear-end (front to rear),Driving too fast for conditions,None Indicated,,Daylight,Wet,Clear,None apparent,Non-intersection:  Non-junction/no special feature,Paved,,Property Damage Only,0,0,0,0,0,0,6500,2,2,,POINT (-91.702402036448 42.024924658238)
2014789956,140428,01/30/2014,01-January,5-Thursday,12:40,1200 Hours,District 1 (Central),,HARDIN,US 65,US 65,Collision with:  Vehicle in traffic,On Roadway,Rear-end (front to rear),Swerving/Evasive Action,None Indicated,,Daylight,Ice/frost,"Blowing sand, soil, dirt","Surface condition (e.g., wet, icy)",Non-intersection:  Non-junction/no special feature,Paved,,Minor Injury,0,3,0,1,1,1,6300,3,4,,POINT (-93.262451052348 42.478444883323)
2014784040,2014007047,01/30/2014,01-January,5-Thursday,10:00,1000 Hours,District 2 (Northeast),,CERRO GORDO,I-35,I-35,Collision with fixed object:  Guardrail - face,Roadside,Non-collision (single vehicle),Driving too fast for conditions,None Indicated,,Daylight,Ice/frost,Snow,"Surface condition (e.g., wet, icy)",Non-intersection:  Other non-intersection (explain in narrative),Paved,,Property Damage Only,0,0,0,0,0,0,5000,1,1,,POINT (-93.350609386303 43.111234795912)
2014782697,14-1392,01/30/2014,01-January,5-Thursday,13:40,1300 Hours,District 6 (East Central),MAQUOKETA,JACKSON,IA 64,IA 64/HWY 64,Collision with fixed object:  Utility pole/light support,On Roadway,Non-collision (single vehicle),Crossed centerline (undivided),None Indicated,,Daylight,Snow,Snow,"Surface condition (e.g., wet, icy)",Non-intersection:  Non-junction/no special feature,Paved,,Property Damage Only,0,0,0,0,0,0,8000,1,1,,POINT (-90.729755277481 42.055139089619)
2014783341,2014-6613,01/30/2014,01-January,5-Thursday,12:42,1200 Hours,District 6 (East Central),DAVENPORT,SCOTT,,W LOCUST ST,Collision with:  Vehicle in traffic,On Roadway,Rear-end (front to rear),Unknown,None Indicated,,Daylight,Wet,Snow,None apparent,Non-intersection:  Non-junction/no special feature,Paved,,Minor Injury,0,2,0,2,0,0,1000,2,5,,POINT (-90.644269293875 41.538201900863)
2014782643,01-14-4314,01/30/2014,01-January,5-Thursday,11:48,1100 Hours,District 6 (East Central),DUBUQUE,DUBUQUE,US 52,US 52/PINE ST/E 11TH ST,Collision with:  Vehicle in traffic,On Roadway,Broadside (front to side),FTYROW:  From stop sign,None Indicated,,Daylight,Snow,Snow,"Surface condition (e.g., wet, icy)",Intersection:  Four-way intersection,Paved,,Property Damage Only,0,0,0,0,0,0,6000,2,2,,POINT (-90.659689699257 42.505870285361)
2014782836,S14-000294,01/30/2014,01-January,5-Thursday,17:10,1700 Hours,District 4 (Southwest),,POTTAWATTAMIE,,240TH ST,Collision with:  Animal,,,Animal,None Indicated,,,,,,,Unpaved,,Property Damage Only,0,0,0,0,0,0,2000,1,1,,POINT (-95.727578068713 41.187159871655)
2014784606,2014007315,01/30/2014,01-January,5-Thursday,22:40,2200 Hours,District 6 (East Central),DAVENPORT,SCOTT,I-80,I-80,Collision with fixed object:  Traffic sign support,On Roadway,Non-collision (single vehicle),Ran off road - straight,None Indicated,,Dark - roadway not lighted,Dry,Clear,None apparent,"Interchange-related:  Off-ramp, diverge area",Paved,,Property Damage Only,0,0,0,0,0,0,4000,1,1,,POINT (-90.621811460034 41.599478312536)
2014785740,,01/30/2014,01-January,5-Thursday,05:45,0500 Hours,District 2 (Northeast),VENTURA,CERRO GORDO,US 18,US 18/HWY 18 E & MCINTOSH RD,Collision with:  Vehicle in traffic,On Roadway,"Sideswipe, opposite direction",Crossed centerline (undivided),None Indicated,,Dark - roadway not lighted,Ice/frost,"Sleet, hail","Surface condition (e.g., wet, icy)",Non-intersection:  Non-junction/no special feature,Paved,,Property Damage Only,0,0,0,0,0,0,2500,2,2,,POINT (-93.457968904051 43.132512215669)
2014784893,,01/30/2014,01-January,5-Thursday,06:50,0600 Hours,District 2 (Northeast),GUTTENBERG,CLAYTON,,RIVER PARK DR,Collision with:  Parked motor vehicle,On Roadway,Unknown,Unknown,None Indicated,,Unknown,Snow,Clear,None apparent,Non-intersection:  Non-junction/no special feature,Paved,,Property Damage Only,0,0,0,0,0,0,1500,2,1,,POINT (-91.097282168041 42.785914351863)
2014782271,000203,01/30/2014,01-January,5-Thursday,07:38,0700 Hours,District 2 (Northeast),,MITCHELL,IA 9,IA 9/IOWA 9,Non-collision events:  Overturn/rollover,Outside trafficway,Non-collision (single vehicle),Driving too fast for conditions,None Indicated,,Daylight,Ice/frost,"Sleet, hail","Surface condition (e.g., wet, icy)",Non-intersection:  Non-junction/no special feature,Paved,,Property Damage Only,0,0,0,0,0,0,5000,1,1,,POINT (-92.999605577634 43.284528585834)
2014783196,14-9959,01/30/2014,01-January,5-Thursday,17:08,1700 Hours,District 2 (Northeast),,BLACK HAWK,US 20,US 20,Non-collision events:  Overturn/rollover,On Roadway,Non-collision (single vehicle),Driving too fast for conditions,None Indicated,,Dark - roadway not lighted,Snow,Cloudy,"Surface condition (e.g., wet, icy)",Non-intersection:  Non-junction/no special feature,Paved,,Major Injury,0,2,2,0,0,0,10000,1,2,,POINT (-92.130948505984 42.449747891415)
2014782274,14-661,01/30/2014,01-January,5-Thursday,06:42,0600 Hours,District 1 (Central),BONDURANT,POLK,,32ND ST SW,Collision with:  Vehicle in traffic,On Roadway,Broadside (front to side),FTYROW:  From yield sign,None Indicated,,Dawn,Dry,Cloudy,None apparent,Intersection:  Four-way intersection,Unpaved,,Property Damage Only,0,0,0,0,0,0,9000,2,2,,POINT (-93.48030804886 41.673042801112)
2014784616,2014007293,01/30/2014,01-January,5-Thursday,17:25,1700 Hours,District 2 (Northeast),,CLAYTON,US 18,US 18,Non-collision events:  Overturn/rollover,On Roadway,Non-collision (single vehicle),Ran off road - right,None Indicated,,Dusk,Snow,"Blowing sand, soil, dirt","Surface condition (e.g., wet, icy)",Non-intersection:  Non-junction/no special feature,Paved,,Property Damage Only,0,0,0,0,0,0,5000,1,2,,POINT (-91.379973263605 43.031254546945)
2014784638,2014007087,01/30/2014,01-January,5-Thursday,11:05,1100 Hours,District 6 (East Central),,IOWA,I-80,I-80 & US 151/U AVE & Co Rd W21,Collision with fixed object:  Tree,Outside trafficway,Non-collision (single vehicle),Driving too fast for conditions,None Indicated,,Daylight,Snow,Snow,"Surface condition (e.g., wet, icy)",Interchange-related:  Off-ramp,Paved,,Possible/Unknown,0,1,0,0,1,0,25250,1,1,,POINT (-91.910927647009 41.686765262046)
2014784684,,01/30/2014,01-January,5-Thursday,12:50,1200 Hours,District 2 (Northeast),,WINNEBAGO,,Co Rd A16/490TH ST,Non-collision events:  Overturn/rollover,Shoulder,Non-collision (single vehicle),Ran off road - right,None Indicated,,Daylight,Ice/frost,Snow,"Surface condition (e.g., wet, icy)",Non-intersection:  Non-junction/no special feature,Paved,,Possible/Unknown,0,2,0,0,2,0,5000,1,2,,POINT (-93.71807311791 43.473088042619)
2014787722,20140365,01/30/2014,01-January,5-Thursday,15:48,1500 Hours,District 1 (Central),,GRUNDY,US 20,US 20,Non-collision events:  Overturn/rollover,On Roadway,Non-collision (single vehicle),Swerving/Evasive Action,None Indicated,,Daylight,Ice/frost,"Blowing sand, soil, dirt","Surface condition (e.g., wet, icy)",Non-intersection:  Non-junction/no special feature,Paved,,Possible/Unknown,0,1,0,0,1,0,5000,1,1,,POINT (-92.57604342999 42.463776974518)
2014782313,14-0277,01/30/2014,01-January,5-Thursday,09:05,0900 Hours,District 1 (Central),FORT DODGE,WEBSTER,,5TH AVE S,Collision with:  Vehicle in traffic,On Roadway,Rear-end (front to rear),Driving too fast for conditions,None Indicated,,Daylight,Snow,Snow,None apparent,Non-intersection:  Non-junction/no special feature,Paved,,Property Damage Only,0,0,0,0,0,0,3000,2,2,,POINT (-94.158472546713 42.501177474647)
2014835071,14-000344,01/30/2014,01-January,5-Thursday,05:25,0500 Hours,District 2 (Northeast),,HANCOCK,,Co Rd B55/170TH ST,Collision with fixed object:  Ditch,On Roadway,Non-collision (single vehicle),Driving too fast for conditions,None Indicated,,Dark - roadway not lighted,Ice/frost,"Sleet, hail","Surface condition (e.g., wet, icy)",Non-intersection:  Non-junction/no special feature,Paved,,Property Damage Only,0,0,0,0,0,0,5000,1,2,,POINT (-93.550851367547 43.009662454494)
2014782717,14-2689,01/30/2014,01-January,5-Thursday,12:05,1200 Hours,District 5 (Southeast),,LEE,US 61,US 61,Collision with:  Vehicle in traffic,On Roadway,"Sideswipe, same direction",Swerving/Evasive Action,None Indicated,,Daylight,Snow,Snow,"Surface condition (e.g., wet, icy)",Non-intersection:  Other non-intersection (explain in narrative),Paved,,Possible/Unknown,0,1,0,0,1,0,11000,2,3,,POINT (-91.424854314034 40.590125539983)
2014782601,14-144,01/30/2014,01-January,5-Thursday,21:58,2100 Hours,District 3 (Northwest),SPIRIT LAKE,DICKINSON,,CENTER LAKE DR,Collision with fixed object:  Utility pole/light support,On Roadway,Non-collision (single vehicle),Unknown,None Indicated,,Dark - roadway lighted,Snow,Cloudy,"Surface condition (e.g., wet, icy)",Non-intersection:  Non-junction/no special feature,Paved,,Property Damage Only,0,0,0,0,0,0,3000,1,1,,POINT (-95.129573773009 43.416250671679)
2014782397,14-1662,01/30/2014,01-January,5-Thursday,16:33,1600 Hours,District 2 (Northeast),,BREMER,IA 93,IA 93/IOWA 93,Non-collision events:  Overturn/rollover,On Roadway,Non-collision (single vehicle),Ran off road - right,None Indicated,,Daylight,Ice/frost,"Blowing sand, soil, dirt","Surface condition (e.g., wet, icy)",Non-intersection:  Non-junction/no special feature,Paved,,Property Damage Only,0,0,0,0,0,0,2000,1,1,,POINT (-92.126153538152 42.847405860075)
2014782690,14-461,01/30/2014,01-January,5-Thursday,04:05,0400 Hours,District 3 (Northwest),,IDA,US 20,US 20,Non-collision events:  Overturn/rollover,On Roadway,Non-collision (single vehicle),Ran off road - left,None Indicated,,Dark - roadway not lighted,Ice/frost,"Sleet, hail","Surface condition (e.g., wet, icy)",Non-intersection:  Non-junction/no special feature,Paved,,Property Damage Only,0,0,0,0,0,0,5000,1,2,,POINT (-95.595495894534 42.474806441161)
2014782540,W14-009975,01/30/2014,01-January,5-Thursday,18:00,1800 Hours,District 2 (Northeast),WATERLOO,BLACK HAWK,,PLYMOUTH AVE & OHIO ST,Collision with:  Vehicle in traffic,On Roadway,Broadside (front to side),FTYROW:  From yield sign,None Indicated,,Dark - roadway lighted,Slush,Clear,"Surface condition (e.g., wet, icy)",Intersection:  Four-way intersection,Paved,,Possible/Unknown,0,1,0,0,1,0,2000,2,3,,POINT (-92.327597501875 42.470261749295)
2014782466,14-000620,01/30/2014,01-January,5-Thursday,17:06,1700 Hours,District 3 (Northwest),ONAWA,MONONA,IA 175,IA 175/IOWA AVE,Collision with:  Vehicle in traffic,On Roadway,"Sideswipe, same direction",Improper or erratic lane changing,None Indicated,,Daylight,Dry,Cloudy,None apparent,Non-intersection:  Non-junction/no special feature,Paved,,Property Damage Only,0,0,0,0,0,0,3500,2,4,,POINT (-96.099331511328 42.026725782047)
2014782584,14000825,01/30/2014,01-January,5-Thursday,12:40,1200 Hours,District 6 (East Central),,DELAWARE,US 20,US 20,Non-collision events:  Overturn/rollover,Median,Non-collision (single vehicle),Ran off road - left,None Indicated,,Daylight,Ice/frost,Snow,"Surface condition (e.g., wet, icy)",Non-intersection:  Non-junction/no special feature,Paved,,Property Damage Only,0,0,0,0,0,0,3000,1,1,,POINT (-91.309319054208 42.470867214758)
2014782304,2014-1016,01/30/2014,01-January,5-Thursday,09:41,0900 Hours,District 3 (Northwest),,SAC,US 20,US 20/220TH ST,Collision with fixed object:  Ditch,On Roadway,Non-collision (single vehicle),Ran off road - right,None Indicated,,Daylight,Ice/frost,Cloudy,"Surface condition (e.g., wet, icy)",Non-intersection:  Non-junction/no special feature,Paved,,Property Damage Only,0,0,0,0,0,0,15000,1,2,,POINT (-95.308689141512 42.474741491537)
2014782817,14-0208,01/30/2014,01-January,5-Thursday,18:35,1800 Hours,District 1 (Central),URBANDALE,POLK,,NW 46TH AND MEREDITH,Collision with:  Animal,,,Animal,None Indicated,,,,,,,Unpaved,,Property Damage Only,0,0,0,0,0,0,5500,1,1,,POINT (-93.804077156482 41.643897156472)
2014794329,SO140038,01/30/2014,01-January,5-Thursday,07:37,0700 Hours,District 4 (Southwest),PRESCOTT,ADAMS,,6TH AVE,Collision with fixed object:  Other fixed object (explain in narrative),On Roadway,Non-collision (single vehicle),Ran off road - right,None Indicated,,Daylight,Ice/frost,"Sleet, hail","Surface condition (e.g., wet, icy)",Non-intersection:  Railroad grade crossing,Paved,,Possible/Unknown,0,1,0,0,1,0,30000,1,1,,POINT (-94.60881927113 41.022811859973)
2014784242,M32011-14,01/30/2014,01-January,5-Thursday,08:55,0800 Hours,District 3 (Northwest),,EMMET,IA 4,IA 4/IOWA 4,Non-collision events:  Overturn/rollover,On Roadway,Non-collision (single vehicle),Swerving/Evasive Action,None Indicated,,Daylight,Snow,Snow,"Surface condition (e.g., wet, icy)",Non-intersection:  Non-junction/no special feature,Paved,,Property Damage Only,0,0,0,0,0,0,3000,1,1,,POINT (-94.803934293892 43.362002229918)
2014784090,14001372,01/30/2014,01-January,5-Thursday,08:03,0800 Hours,District 5 (Southeast),CENTERVILLE,APPANOOSE,,W WATER ST & E WATER ST & S MAIN ST,Collision with:  Vehicle in traffic,On Roadway,Broadside (front to side),FTYROW:  From stop sign,None Indicated,,Daylight,Dry,Cloudy,None apparent,Intersection:  Four-way intersection,Paved,,Property Damage Only,0,0,0,0,0,0,4500,2,2,,POINT (-92.874173255805 40.731812387973)
2014782294,14-0518,01/30/2014,01-January,5-Thursday,07:30,0700 Hours,District 1 (Central),WEST DES MOINES,POLK,IA 28,IA 28/63RD ST & LINCOLN ST & TYLER AVE,Collision with:  Animal,On Roadway,Non-collision (single vehicle),Animal,None Indicated,,Dark - roadway not lighted,Dry,Clear,None apparent,Non-intersection:  Non-junction/no special feature,Paved,,Property Damage Only,0,0,0,0,0,0,1500,1,1,,POINT (-93.703316000259 41.567375111617)
2014782396,2014-0062O,01/30/2014,01-January,5-Thursday,15:35,1500 Hours,District 1 (Central),OGDEN,BOONE,,,Collision with:  Vehicle in traffic,On Roadway,Broadside (front to side),FTYROW:  From driveway,None Indicated,,Daylight,"Mud, dirt",Cloudy,None apparent,Non-intersection:  Driveway access (within),,,Property Damage Only,0,0,0,0,0,0,1500,2,2,,POINT (-96.643700149993 40.233091251414)
2014782233,14-03338,01/30/2014,01-January,5-Thursday,11:58,1100 Hours,District 5 (Southeast),BURLINGTON,DES MOINES,,WEST AVE & GERTRUDE ST,Collision with:  Vehicle in traffic,On Roadway,Rear-end (front to rear),Followed too close,None Indicated,,Daylight,Snow,Snow,"Surface condition (e.g., wet, icy)",Non-intersection:  Non-junction/no special feature,Paved,,Property Damage Only,0,0,0,0,0,0,2300,2,2,,POINT (-91.123644137487 40.800266515301)
2014782878,2014007026,01/30/2014,01-January,5-Thursday,08:30,0800 Hours,District 5 (Southeast),,CLARKE,I-35,I-35,Collision with:  Vehicle in traffic,On Roadway,"Sideswipe, same direction",Driving too fast for conditions,None Indicated,,Daylight,Ice/frost,Cloudy,"Surface condition (e.g., wet, icy)",Non-intersection:  Non-junction/no special feature,Paved,,Minor Injury,0,1,0,1,0,0,20000,2,2,,POINT (-93.79820571319 40.991749896988)
2014783344,2014-6731,01/30/2014,01-January,5-Thursday,21:10,2100 Hours,District 6 (East Central),DAVENPORT,SCOTT,,HEATHERTON DR,Collision with:  Vehicle in traffic,On Roadway,Broadside (front to side),FTYROW:  From driveway,None Indicated,,Dark - roadway not lighted,Ice/frost,Cloudy,None apparent,Non-intersection:  Driveway access (within),Paved,,Property Damage Only,0,0,0,0,0,0,1600,2,2,,POINT (-90.627472042139 41.550744606828)