Iowa DOT Case Number,Law Enforcement Case Number,Date of Crash,Month of Crash,Day of Week,Time of Crash,Hour,DOT District,City Name,County Name,Route with System,Location Description,First Harmful Event,Location of First Harmful Event,Manner of Crash/Collision,Major Cause,Drug or Alcohol ,Environmental Conditions,Light Conditions,Surface Conditions,Weather Conditions,Roadway Contribution,Roadway Type,Roadway Surface,Work Zone,Crash Severity,Number of Fatalities,Number of Injuries,Number of Major Injuries,Number of Minor Injuries,Number of Possible Injuries,Number of Unknown Injuries,Amount of Property Damage,Number of Vehicles Involved,Total Number of Occupants,Travel Direction,Location
2014782237,14-03378,01/30/2014,01-January,5-Thursday,15:57,1500 Hours,District 5 (Southeast),BURLINGTON,DES MOINES,,MARKET ST & CENTRAL AVE,Collision with:  Vehicle in traffic,On Roadway,Rear-end (front to rear),Other (explain in narrative):  Other,None Indicated,,Dusk,Wet,Cloudy,None apparent,Non-intersection:  Non-junction/no special feature,Paved,,Possible/Unknown,0,1,0,0,1,0,10250,3,5,,POINT (-91.112196896614 40.809763142268)
2014783953,2014-6536,01/30/2014,01-January,5-Thursday,02:37,0200 Hours,District 6 (East Central),DAVENPORT,SCOTT,,WARREN ST,Collision with:  Parked motor vehicle,On Roadway,Head-on (front to front),Lost Control,Refused,,Dark - roadway lighted,Ice/frost,Clear,None apparent,Non-intersection:  Non-junction/no special feature,Paved,,Possible/Unknown,0,1,0,0,0,1,5500,3,1,,POINT (-90.585662681672 41.542425592917)
2014784605,2014006978,01/30/2014,01-January,5-Thursday,06:20,0600 Hours,District 6 (East Central),,IOWA,I-80,I-80,Collision with:  Vehicle in traffic,On Roadway,Rear-end (front to rear),Lost Control,None Indicated,,Dark - roadway not lighted,Dry,Cloudy,None apparent,Non-intersection:  Non-junction/no special feature,Paved,,Property Damage Only,0,0,0,0,0,0,3600,2,2,,POINT (-92.148792608651 41.695825821078)
2014783195,14-9929,01/30/2014,01-January,5-Thursday,15:41,1500 Hours,District 2 (Northeast),,BLACK HAWK,,Co Rd V49/S RAYMOND RD,Non-collision events:  Overturn/rollover,On Roadway,Non-collision (single vehicle),Over correcting/over steering,None Indicated,,Daylight,Snow,Cloudy,"Surface condition (e.g., wet, icy)",Non-intersection:  Non-junction/no special feature,Paved,,Property Damage Only,0,0,0,0,0,0,4000,1,2,,POINT (-92.219558422112 42.455987147974)
2014782392,W14-009869,01/30/2014,01-January,5-Thursday,12:12,1200 Hours,District 2 (Northeast),WATERLOO,BLACK HAWK,,E 5TH ST & MULBERRY ST,Collision with:  Vehicle in traffic,On Roadway,"Sideswipe, same direction",Made improper turn,None Indicated,,Daylight,Slush,Cloudy,None apparent,Intersection:  Four-way intersection,Paved,,Possible/Unknown,0,1,0,0,1,0,1500,2,2,,POINT (-92.332996395934 42.499103006404)
2014782720,201401492,01/30/2014,01-January,5-Thursday,21:26,2100 Hours,District 6 (East Central),CEDAR RAPIDS,LINN,IA 922,IA 922/1ST AVE E,Collision with:  Vehicle in traffic,On Roadway,"Angle, oncoming left turn",Made improper turn,None Indicated,,Dark - roadway lighted,Ice/frost,Clear,"Surface condition (e.g., wet, icy)",Intersection:  Four-way intersection,Paved,,Property Damage Only,0,0,0,0,0,0,7500,2,2,,POINT (-91.62387670564 42.024325160631)
2014782594,14-03401,01/30/2014,01-January,5-Thursday,16:30,1600 Hours,District 5 (Southeast),BURLINGTON,DES MOINES,,WEST AVE & WELLSHIRE DR & W ROOSEVELT FRONTAGE,Collision with:  Vehicle in traffic,On Roadway,"Sideswipe, same direction",Unknown,None Indicated,,Daylight,Unknown,Unknown,Unknown,Non-intersection:  Non-junction/no special feature,Paved,,Property Damage Only,0,0,0,0,0,0,1500,2,2,,POINT (-91.1429615463 40.8004169935)
2014785034,14-000413,01/30/2014,01-January,5-Thursday,05:50,0500 Hours,District 3 (Northwest),,LYON,,Co Rd L14/KENNEDY AVE,Collision with:  Vehicle in traffic,On Roadway,"Sideswipe, opposite direction",Crossed centerline (undivided),None Indicated,,Dark - roadway not lighted,Snow,Snow,"Surface condition (e.g., wet, icy)",Non-intersection:  Non-junction/no special feature,Paved,,Property Damage Only,0,0,0,0,0,0,3000,2,2,,POINT (-95.999716055795 43.278143298415)
2014783257,2014000995,01/30/2014,01-January,5-Thursday,06:31,0600 Hours,District 6 (East Central),IOWA CITY,JOHNSON,,ROCHESTER AVE,Collision with:  Vehicle in traffic,On Roadway,Non-collision (single vehicle),Animal,None Indicated,,Dark - roadway lighted,Dry,Clear,None apparent,Non-intersection:  Non-junction/no special feature,Paved,,Property Damage Only,0,0,0,0,0,0,3000,1,1,,POINT (-91.495823380109 41.667202084622)
2014783159,2014007191,01/30/2014,01-January,5-Thursday,15:00,1500 Hours,District 1 (Central),,GRUNDY,US 20,US 20,Non-collision events:  Jackknife,Roadside,Non-collision (single vehicle),Driving too fast for conditions,None Indicated,,Daylight,Ice/frost,"Blowing sand, soil, dirt","Surface condition (e.g., wet, icy)",Non-intersection:  Non-junction/no special feature,Paved,,Property Damage Only,0,0,0,0,0,0,2000,1,1,,POINT (-92.801117922687 42.463019592211)
2014782644,01-14-4318,01/30/2014,01-January,5-Thursday,12:00,1200 Hours,District 6 (East Central),DUBUQUE,DUBUQUE,,HILLCREST RD,Collision with:  Vehicle in traffic,On Roadway,"Sideswipe, opposite direction",Swerving/Evasive Action,None Indicated,,Daylight,Snow,Snow,"Surface condition (e.g., wet, icy)",Non-intersection:  Non-junction/no special feature,Paved,,Property Damage Only,0,0,0,0,0,0,3300,2,2,,POINT (-90.722757264357 42.506907345078)
2014782365,2014006985,01/30/2014,01-January,5-Thursday,06:45,0600 Hours,District 3 (Northwest),,SIOUX,US 75,US 75,Collision with:  Vehicle in traffic,On Roadway,Head-on (front to front),Crossed centerline (undivided),None Indicated,,Dark - roadway lighted,Snow,Snow,"Surface condition (e.g., wet, icy)",Non-intersection:  Non-junction/no special feature,Paved,,Minor Injury,0,2,0,1,1,0,10000,2,3,,POINT (-96.176777345036 43.144035720138)
2014784019,2014007004,01/30/2014,01-January,5-Thursday,07:20,0700 Hours,District 2 (Northeast),,WORTH,I-35,I-35,Collision with:  Vehicle in traffic,On Roadway,Rear-end (front to rear),Driving too fast for conditions,None Indicated,,Daylight,Snow,Snow,"Surface condition (e.g., wet, icy)",Intersection:  Intersection with ramp,Paved,,Property Damage Only,0,0,0,0,0,0,9000,3,3,,POINT (-93.349006151202 43.360616063006)
2014782486,14-1787,01/30/2014,01-January,5-Thursday,15:45,1500 Hours,District 6 (East Central),BETTENDORF,SCOTT,US 67,US 67/GRANT ST & 11TH ST,Collision with:  Vehicle in traffic,On Roadway,Rear-end (front to rear),Made improper turn,None Indicated,,Daylight,Wet,Cloudy,None apparent,Intersection:  T-intersection,Paved,,Possible/Unknown,0,1,0,0,1,0,1500,2,2,,POINT (-90.517483612145 41.526238677843)
2014784963,14-03412,01/30/2014,01-January,5-Thursday,22:46,2200 Hours,District 5 (Southeast),,DES MOINES,US 61,US 61,Collision with:  Vehicle in traffic,On Roadway,Rear-end (front to rear),Crossed centerline (undivided),Alcohol (Statutory),,Dark - roadway not lighted,Dry,Clear,None apparent,Non-intersection:  Non-junction/no special feature,Paved,,Property Damage Only,0,0,0,0,0,0,3000,2,2,,POINT (-91.15216499201 40.761767833488)
2014782477,20140002702,01/30/2014,01-January,5-Thursday,18:52,1800 Hours,District 1 (Central),DES MOINES,POLK,US 6,US 6/DOUGLAS AVE/EUCLID AVE & MLK JR PKWY,Collision with:  Vehicle in traffic,On Roadway,Rear-end (front to rear),Followed too close,None Indicated,,Dark - roadway lighted,Dry,Cloudy,None apparent,Non-intersection:  Non-junction/no special feature,Paved,,Property Damage Only,0,0,0,0,0,0,6000,3,3,,POINT (-93.651438036558 41.62772293711)
2014782877,2014006981,01/30/2014,01-January,5-Thursday,06:38,0600 Hours,District 4 (Southwest),,MILLS,US 275,US 275,Collision with:  Vehicle in traffic,On Roadway,Broadside (front to side),FTYROW:  From driveway,None Indicated,,Dark - roadway not lighted,Wet,Rain,None apparent,Non-intersection:  Driveway access (within),Paved,,Minor Injury,0,2,0,2,0,0,19000,2,2,,POINT (-95.67117006399 40.977328469046)
2014782478,20140002656,01/30/2014,01-January,5-Thursday,09:42,0900 Hours,District 1 (Central),DES MOINES,POLK,IA 163,IA 163/E UNIVERSITY AVE & E 40TH ST,Collision with:  Vehicle in traffic,On Roadway,Rear-end (front to rear),Lost Control,None Indicated,,Daylight,Dry,Cloudy,None apparent,Non-intersection:  Non-junction/no special feature,Paved,,Possible/Unknown,0,1,0,0,1,0,8000,2,3,,POINT (-93.53819858307 41.600656703316)
2014782442,2014001080,01/30/2014,01-January,5-Thursday,10:55,1000 Hours,District 6 (East Central),IOWA CITY,JOHNSON,,E COURT ST & S SCOTT BLVD,Collision with:  Vehicle in traffic,On Roadway,Rear-end (front to rear),Driving too fast for conditions,None Indicated,,Daylight,Snow,Snow,None apparent,Non-intersection:  Non-junction/no special feature,Paved,,Property Damage Only,0,0,0,0,0,0,2000,2,2,,POINT (-91.481059322231 41.657046327797)
2014782706,2014001103,01/30/2014,01-January,5-Thursday,17:06,1700 Hours,District 6 (East Central),IOWA CITY,JOHNSON,IA 1,IA 1/E BURLINGTON ST & JOHNSON ST,Collision with:  Vehicle in traffic,On Roadway,"Angle, oncoming left turn",FTYROW:  Making left turn,None Indicated,,Dusk,Wet,Clear,None apparent,Intersection:  Other intersection (explain in narrative),Paved,,Property Damage Only,0,0,0,0,0,0,3800,2,2,,POINT (-91.527268284321 41.65780993653)
2014783945,2014-6590,01/30/2014,01-January,5-Thursday,09:52,0900 Hours,District 6 (East Central),DAVENPORT,SCOTT,,,Non-collision events:  Other non-collision (explain in narrative),Outside trafficway,Non-collision (single vehicle),Lost Control,None Indicated,,Daylight,Ice/frost,Cloudy,"Surface condition (e.g., wet, icy)",Non-intersection:  Driveway access (within),,,Property Damage Only,0,0,0,0,0,0,4000,1,1,,POINT (-96.643700149993 40.233091251414)
2014782583,14000823,01/30/2014,01-January,5-Thursday,11:57,1100 Hours,District 6 (East Central),RYAN,DELAWARE,IA 13,IA 13/IOWA 13,Collision with fixed object:  Ditch,On Roadway,Non-collision (single vehicle),Driving too fast for conditions,None Indicated,,Daylight,Ice/frost,Cloudy,None apparent,Non-intersection:  Non-junction/no special feature,Paved,,Property Damage Only,0,0,0,0,0,0,2500,1,1,,POINT (-91.479306721935 42.353572113934)
2014782366,2014007020,01/30/2014,01-January,5-Thursday,08:30,0800 Hours,District 2 (Northeast),HUMBOLDT,HUMBOLDT,,GOTCH PARK RD & 230TH ST & 1ST ST S,Collision with fixed object:  Tree,On Roadway,Non-collision (single vehicle),Ran off road - right,None Indicated,,Daylight,Snow,Snow,"Surface condition (e.g., wet, icy)",Non-intersection:  Non-junction/no special feature,Paved,,Major Injury,0,1,1,0,0,0,4000,1,1,,POINT (-94.207256140505 42.716023355356)
2014787721,20140364,01/30/2014,01-January,5-Thursday,15:35,1500 Hours,District 1 (Central),,GRUNDY,,Co Rd T19/F AVE,Collision with:  Vehicle in traffic,On Roadway,"Sideswipe, same direction",Driving too fast for conditions,None Indicated,,Daylight,Ice/frost,Cloudy,"Surface condition (e.g., wet, icy)",Non-intersection:  Non-junction/no special feature,Paved,,Property Damage Only,0,0,0,0,0,0,8500,2,2,,POINT (-92.925415818804 42.451784352263)
2014782880,2014007110,01/30/2014,01-January,5-Thursday,12:50,1200 Hours,District 5 (Southeast),,LEE,US 61,US 61 & Co Rd X50/GREEN BAY RD & 165 ST,Collision with fixed object:  Traffic sign support,Median,Non-collision (single vehicle),Ran off road - left,None Indicated,,Daylight,Snow,Snow,None apparent,Non-intersection:  Non-junction/no special feature,Paved,,Property Damage Only,0,0,0,0,0,0,2700,1,1,,POINT (-91.227714873842 40.717534799239)
2014782411,2014-0372,01/30/2014,01-January,5-Thursday,17:59,1700 Hours,District 4 (Southwest),WAUKEE,DALLAS,,Co Rd F64/ASHWORTH RD,Collision with:  Animal,,,Animal,None Indicated,,,,,,,Paved,,Property Damage Only,0,0,0,0,0,0,4000,1,1,,POINT (-93.867312089263 41.577712178999)
2014782402,14000542,01/30/2014,01-January,5-Thursday,14:39,1400 Hours,District 2 (Northeast),,CERRO GORDO,,Co Rd S56/THRUSH AVE,Non-collision events:  Overturn/rollover,On Roadway,Non-collision (single vehicle),Other (explain in narrative):  Other,None Indicated,,Daylight,Ice/frost,Snow,None apparent,Non-intersection:  Non-junction/no special feature,Paved,,Property Damage Only,0,0,0,0,0,0,2500,1,1,,POINT (-93.12318439606 43.199574885518)
2014782739,14-000419,01/30/2014,01-January,5-Thursday,17:44,1700 Hours,District 3 (Northwest),LARCHWOOD,LYON,IA 9,IA 9/HOLDER ST & RULLAND ST,Collision with:  Vehicle in traffic,On Roadway,Broadside (front to side),FTYROW:  From stop sign,None Indicated,,Dusk,Dry,Clear,None apparent,Intersection:  Four-way intersection,Paved,,Property Damage Only,0,0,0,0,0,0,3000,2,2,,POINT (-96.437136981125 43.452935679314)
2014782499,14-0063,01/30/2014,01-January,5-Thursday,18:00,1800 Hours,District 1 (Central),,WEBSTER,,180TH ST,Collision with:  Animal,,,Animal,None Indicated,,,,,,,Paved,,Property Damage Only,0,0,0,0,0,0,3000,1,1,,POINT (-94.218563060735 42.529624556454)
2014783582,201400288,01/30/2014,01-January,5-Thursday,11:04,1100 Hours,District 6 (East Central),,LINN,US 151,US 151/DUBUQUE RD,Non-collision events:  Overturn/rollover,Roadside,Non-collision (single vehicle),Ran off road - right,None Indicated,,Daylight,Snow,Snow,"Surface condition (e.g., wet, icy)",Non-intersection:  Non-junction/no special feature,Paved,,Property Damage Only,0,0,0,0,0,0,3500,1,2,,POINT (-91.505146675002 42.045725021315)
2014782686,2014-0431,01/30/2014,01-January,5-Thursday,15:49,1500 Hours,District 1 (Central),,HARDIN,US 65,US 65,Collision with fixed object:  Ditch,On Roadway,Non-collision (single vehicle),Driving too fast for conditions,None Indicated,,Daylight,Ice/frost,Cloudy,"Surface condition (e.g., wet, icy)",Non-intersection:  Non-junction/no special feature,Paved,,Minor Injury,0,1,0,1,0,0,10000,1,1,,POINT (-93.261224487359 42.423376309388)
2014784887,,01/30/2014,01-January,5-Thursday,15:37,1500 Hours,District 2 (Northeast),,BUTLER,IA 57,IA 57/IOWA 57,Collision with:  Vehicle in traffic,On Roadway,Rear-end (front to rear),Driving too fast for conditions,None Indicated,,Daylight,Ice/frost,"Blowing sand, soil, dirt","Surface condition (e.g., wet, icy)",Non-intersection:  Non-junction/no special feature,Paved,,Property Damage Only,0,0,0,0,0,0,11000,2,2,,POINT (-92.74670402929 42.570379018213)
2014782260,SO1400342,01/30/2014,01-January,5-Thursday,07:05,0700 Hours,District 5 (Southeast),,JEFFERSON,,Co Rd W21/PLEASANT PLAIN RD,Collision with:  Animal,,,Animal,None Indicated,,,,,,,Paved,,Property Damage Only,0,0,0,0,0,0,3000,1,1,,POINT (-91.901142436893 41.08754358444)
2014782666,14-001081,01/30/2014,01-January,5-Thursday,06:52,0600 Hours,District 2 (Northeast),SAINT LUCAS,FAYETTE,,N MAIN ST & N CANADA ST,Collision with fixed object:  Guardrail - face,On Roadway,Non-collision (single vehicle),Ran off road - right,None Indicated,,Dawn,Snow,Cloudy,"Surface condition (e.g., wet, icy)",Intersection:  Y-intersection,Paved,,Property Damage Only,0,0,0,0,0,0,2650,1,1,,POINT (-91.933196553917 43.067141542287)
2014784927,2014000489,01/30/2014,01-January,5-Thursday,10:15,1000 Hours,District 6 (East Central),NORWAY,BENTON,,JOHNSON ST,Collision with:  Vehicle in traffic,On Roadway,Broadside (front to side),FTYROW:  From driveway,None Indicated,,Daylight,Dry,Clear,None apparent,Non-intersection:  Driveway access (within),Paved,,Property Damage Only,0,0,0,0,0,0,10000,2,4,,POINT (-91.917698505999 41.905298321331)
2014784615,2014007086,01/30/2014,01-January,5-Thursday,11:19,1100 Hours,District 6 (East Central),,CEDAR,I-80,I-80,Collision with fixed object:  Guardrail - face,On Roadway,Non-collision (single vehicle),Swerving/Evasive Action,None Indicated,,Daylight,Snow,Snow,None apparent,Non-intersection:  Non-junction/no special feature,Paved,,Property Damage Only,0,0,0,0,0,0,1950,1,1,,POINT (-91.290715736943 41.663361421904)
2014782456,201401462,01/30/2014,01-January,5-Thursday,11:14,1100 Hours,District 6 (East Central),CEDAR RAPIDS,LINN,,FRUITLAND BLVD SW & C ST SW,Collision with:  Vehicle in traffic,On Roadway,Broadside (front to side),FTYROW:  From driveway,None Indicated,,Daylight,Snow,Snow,None apparent,Non-intersection:  Driveway access (within),Paved,,Property Damage Only,0,0,0,0,0,0,1500,2,4,,POINT (-91.649056619575 41.956616887875)
2014782427,000275,01/30/2014,01-January,5-Thursday,10:55,1000 Hours,District 6 (East Central),DYERSVILLE,DUBUQUE,IA 136,IA 136/9TH ST SE,Collision with:  Vehicle in traffic,On Roadway,Rear-end (front to rear),Driving too fast for conditions,None Indicated,,Daylight,Snow,Snow,None apparent,Non-intersection:  Non-junction/no special feature,Paved,,Property Damage Only,0,0,0,0,0,0,3000,2,3,,POINT (-91.114269768991 42.478395654114)
2014782480,13-0528,01/30/2014,01-January,5-Thursday,16:05,1600 Hours,District 1 (Central),WEST DES MOINES,POLK,IA 28,IA 28/63RD ST & GRAND AVE,Collision with:  Vehicle in traffic,On Roadway,Broadside (front to side),FTYROW:  From driveway,None Indicated,,Daylight,Dry,Clear,None apparent,Non-intersection:  Driveway access (within),Paved,,Possible/Unknown,0,1,0,0,1,0,9000,2,2,,POINT (-93.703422244254 41.582695800847)
2014783342,2014-6616,01/30/2014,01-January,5-Thursday,12:45,1200 Hours,District 6 (East Central),DAVENPORT,SCOTT,,W 76TH ST,Collision with fixed object:  Other fixed object (explain in narrative),Outside trafficway,Non-collision (single vehicle),Driving too fast for conditions,None Indicated,,Daylight,Snow,Snow,"Surface condition (e.g., wet, icy)",Non-intersection:  Non-junction/no special feature,Paved,,Property Damage Only,0,0,0,0,0,0,2000,1,1,,POINT (-90.592571528358 41.596239551561)
2014782570,013014-90,01/30/2014,01-January,5-Thursday,08:12,0800 Hours,District 3 (Northwest),STORM LAKE,BUENA VISTA,,TORNADO DR & ONEIDA ST,Collision with:  Vehicle in traffic,On Roadway,Broadside (front to side),Driving too fast for conditions,None Indicated,,Daylight,Snow,Snow,"Surface condition (e.g., wet, icy)",Intersection:  T-intersection,Paved,,Property Damage Only,0,0,0,0,0,0,2000,2,3,,POINT (-95.195442379892 42.647886636935)
2014782873,14-2966,01/30/2014,01-January,5-Thursday,14:23,1400 Hours,District 3 (Northwest),SIOUX CITY,WOODBURY,,12TH ST,Collision with fixed object:  Tree,Outside trafficway,Non-collision (single vehicle),Ran off road - right,None Indicated,,Daylight,Dry,Clear,None apparent,Non-intersection:  Non-junction/no special feature,Paved,,Major Injury,0,1,1,0,0,0,5000,1,1,,POINT (-96.397308020416 42.502954687614)
2014782291,20140002667,01/30/2014,01-January,5-Thursday,11:15,1100 Hours,District 1 (Central),DES MOINES,POLK,,GRAND AVE & 31ST ST,Collision with:  Vehicle in traffic,On Roadway,"Angle, oncoming left turn",FTYROW:  Making left turn,None Indicated,,Daylight,Dry,Cloudy,None apparent,Intersection:  T-intersection,Paved,,Property Damage Only,0,0,0,0,0,0,5500,2,2,,POINT (-93.659340478384 41.584425232025)
2014782428,000276,01/30/2014,01-January,5-Thursday,12:09,1200 Hours,District 6 (East Central),DYERSVILLE,DUBUQUE,,15TH AVE SE & 13TH ST SE,Collision with:  Parked motor vehicle,Roadside,"Sideswipe, same direction",Swerving/Evasive Action,None Indicated,,Daylight,Snow,Snow,"Surface condition (e.g., wet, icy)",Non-intersection:  Non-junction/no special feature,Paved,,Property Damage Only,0,0,0,0,0,0,4000,2,1,,POINT (-91.108386056643 42.471382457636)
2014784923,2014-000512,01/30/2014,01-January,5-Thursday,18:16,1800 Hours,District 6 (East Central),,BENTON,IA 150,IA 150/31 AVE,Non-collision events:  Jackknife,On Roadway,Non-collision (single vehicle),Lost Control,None Indicated,,Dark - roadway not lighted,Ice/frost,Clear,"Surface condition (e.g., wet, icy)",Non-intersection:  Non-junction/no special feature,Paved,,Property Damage Only,0,0,0,0,0,0,1700,1,1,,POINT (-91.88986492463 42.291845818116)
2014782646,01-14-4360,01/30/2014,01-January,5-Thursday,17:17,1700 Hours,District 6 (East Central),DUBUQUE,DUBUQUE,,W 5TH ST,Collision with:  Vehicle in traffic,On Roadway,Broadside (front to side),Lost Control,None Indicated,,Dark - roadway lighted,Slush,Cloudy,"Surface condition (e.g., wet, icy)",Non-intersection:  Non-junction/no special feature,Paved,,Property Damage Only,0,0,0,0,0,0,3800,3,2,,POINT (-90.680157928709 42.497065307493)
2014782399,14-1681,01/30/2014,01-January,5-Thursday,22:00,2200 Hours,District 2 (Northeast),,BREMER,US 218,US 218,Non-collision events:  Overturn/rollover,On Roadway,Non-collision (single vehicle),Crossed centerline (undivided),None Indicated,,Dark - roadway not lighted,Ice/frost,Cloudy,"Surface condition (e.g., wet, icy)",Non-intersection:  Non-junction/no special feature,Paved,,Property Damage Only,0,0,0,0,0,0,5000,1,1,,POINT (-92.534175399969 42.776426244709)
2014782445,2014001088,01/30/2014,01-January,5-Thursday,12:06,1200 Hours,District 6 (East Central),IOWA CITY,JOHNSON,,H ST & 3RD AVE,Collision with:  Vehicle in traffic,On Roadway,Broadside (front to side),Ran Stop Sign,None Indicated,,Daylight,Snow,Cloudy,"Surface condition (e.g., wet, icy)",Intersection:  Four-way intersection,Paved,,Property Damage Only,0,0,0,0,0,0,16000,2,2,,POINT (-91.504881105605 41.648477974032)
2014783691,14-000123,01/30/2014,01-January,5-Thursday,05:58,0500 Hours,District 1 (Central),,STORY,IA 210,IA 210/IOWA 210,Collision with:  Animal,,,Animal,None Indicated,,,,,,,Paved,,Property Damage Only,0,0,0,0,0,0,3500,1,1,,POINT (-93.503662410046 41.877635494749)
2014782405,1401302711,01/30/2014,01-January,5-Thursday,11:48,1100 Hours,District 6 (East Central),DE WITT,CLINTON,,Co Rd Y62/260 AVE,Collision with:  Vehicle in traffic,On Roadway,"Sideswipe, same direction",Crossed centerline (undivided),None Indicated,,Daylight,Snow,Snow,None apparent,Non-intersection:  Non-junction/no special feature,Paved,,Property Damage Only,0,0,0,0,0,0,1500,2,3,,POINT (-90.587596140301 41.82521677613)
2014784964,14-03414,01/30/2014,01-January,5-Thursday,23:41,2300 Hours,District 5 (Southeast),,DES MOINES,US 61,US 61,Collision with fixed object:  Ditch,On Roadway,Non-collision (single vehicle),Driving too fast for conditions,Under Influence of Alcohol/Drugs/Medications,,Dark - roadway not lighted,Wet,Snow,"Surface condition (e.g., wet, icy)",Non-intersection:  Non-junction/no special feature,Paved,,Property Damage Only,0,0,0,0,0,0,8000,1,1,,POINT (-91.158461650843 40.862287987883)
2014782408,1401308112,01/30/2014,01-January,5-Thursday,20:05,2000 Hours,District 6 (East Central),,CLINTON,,Co Rd Z50/442 AVE,Non-collision events:  Overturn/rollover,On Roadway,Non-collision (single vehicle),Ran off road - left,None Indicated,,Dark - roadway lighted,Ice/frost,Other (explain in narrative),"Surface condition (e.g., wet, icy)",Non-intersection:  Non-junction/no special feature,Paved,,Minor Injury,0,2,0,1,1,0,15000,1,2,,POINT (-90.223611488253 41.878148281427)
2014782443,2014001082,01/30/2014,01-January,5-Thursday,11:28,1100 Hours,District 6 (East Central),IOWA CITY,JOHNSON,,WAYNE ST & WADE ST,Collision with:  Vehicle in traffic,On Roadway,Broadside (front to side),FTYROW:  From stop sign,None Indicated,,Daylight,Snow,Cloudy,"Surface condition (e.g., wet, icy)",Intersection:  Four-way intersection,Paved,,Property Damage Only,0,0,0,0,0,0,7000,2,4,,POINT (-91.50075064052 41.6474244017)
2014784831,14S00122,01/30/2014,01-January,5-Thursday,07:50,0700 Hours,District 4 (Southwest),,UNION,US 34,US 34,Collision with:  Vehicle in traffic,On Roadway,"Sideswipe, opposite direction",Swerving/Evasive Action,None Indicated,,Daylight,Ice/frost,"Sleet, hail","Surface condition (e.g., wet, icy)",Non-intersection:  Non-junction/no special feature,Paved,,Property Damage Only,0,0,0,0,0,0,6500,2,4,,POINT (-94.457488683602 40.97889436461)
2014782933,14001508,01/30/2014,01-January,5-Thursday,17:35,1700 Hours,District 2 (Northeast),MASON CITY,CERRO GORDO,,16TH ST SW & S HARDING AVE,Collision with:  Vehicle in traffic,On Roadway,Broadside (front to side),FTYROW:  At uncontrolled intersection,None Indicated,,Dusk,Snow,Clear,"Surface condition (e.g., wet, icy)",Intersection:  Four-way intersection,Paved,,Property Damage Only,0,0,0,0,0,0,4500,2,2,,POINT (-93.24305852421 43.137718013346)
2014782881,2014007277,01/30/2014,01-January,5-Thursday,16:35,1600 Hours,District 5 (Southeast),,WARREN,I-35,I-35,Collision with fixed object:  Guardrail - face,Median,Non-collision (single vehicle),Ran off road - left,None Indicated,,Daylight,Dry,Clear,None apparent,Non-intersection:  Non-junction/no special feature,Paved,,Property Damage Only,0,0,0,0,0,0,12500,1,1,,POINT (-93.778712406945 41.278226789168)
2014782398,14-1667,01/30/2014,01-January,5-Thursday,17:21,1700 Hours,District 2 (Northeast),,BREMER,US 63,US 63,Non-collision events:  Overturn/rollover,Shoulder,Non-collision (single vehicle),Ran off road - right,None Indicated,,Dusk,Ice/frost,"Blowing sand, soil, dirt","Surface condition (e.g., wet, icy)",Non-intersection:  Non-junction/no special feature,Paved,,Property Damage Only,0,0,0,0,0,0,5000,1,1,,POINT (-92.337291001479 42.835828000623)
2014792055,14C00433,01/30/2014,01-January,5-Thursday,08:09,0800 Hours,District 4 (Southwest),CRESTON,UNION,US 34,US 34/W TAYLOR ST & IA 25/S SUMNER AVE & SUMNER ST,Collision with:  Vehicle in traffic,On Roadway,Broadside (front to side),Other (explain in narrative):  No improper action,None Indicated,,Daylight,Ice/frost,"Sleet, hail","Surface condition (e.g., wet, icy)",Non-intersection:  Non-junction/no special feature,Paved,,Property Damage Only,0,0,0,0,0,0,4500,3,3,,POINT (-94.371070624968 41.049135029414)
2014783585,201400290,01/30/2014,01-January,5-Thursday,15:55,1500 Hours,District 6 (East Central),,LINN,US 151,US 151/DUBUQUE RD & Co Rd X20/WHITTIER RD,Non-collision events:  Other non-collision (explain in narrative),On Roadway,Non-collision (single vehicle),Driving too fast for conditions,None Indicated,,Daylight,Snow,"Blowing sand, soil, dirt","Surface condition (e.g., wet, icy)",Non-intersection:  Non-junction/no special feature,Paved,,Property Damage Only,0,0,0,0,0,0,4000,1,2,,POINT (-91.51677177891 42.040994466191)
2014794588,1401301219,01/30/2014,01-January,5-Thursday,12:19,1200 Hours,District 6 (East Central),,JONES,,VIOLET RD & BUFFALO RD,Collision with:  Vehicle in traffic,On Roadway,Broadside (front to side),Unknown,None Indicated,,Daylight,Ice/frost,Cloudy,"Surface condition (e.g., wet, icy)",Intersection:  T-intersection,Paved,,Property Damage Only,0,0,0,0,0,0,2550,2,4,,POINT (-91.313020115919 42.119964676363)
2014782529,14009892,01/30/2014,01-January,5-Thursday,14:07,1400 Hours,District 2 (Northeast),CEDAR FALLS,BLACK HAWK,IA 27,IA 27,Collision with fixed object:  Curb/island/raised median,Median,Non-collision (single vehicle),Driving too fast for conditions,None Indicated,,Daylight,Snow,Cloudy,"Surface condition (e.g., wet, icy)",Non-intersection:  Non-junction/no special feature,Paved,,Property Damage Only,0,0,0,0,0,0,3650,1,1,,POINT (-92.450225271776 42.490170116538)