Iowa DOT Case Number,Law Enforcement Case Number,Date of Crash,Month of Crash,Day of Week,Time of Crash,Hour,DOT District,City Name,County Name,Route with System,Location Description,First Harmful Event,Location of First Harmful Event,Manner of Crash/Collision,Major Cause,Drug or Alcohol ,Environmental Conditions,Light Conditions,Surface Conditions,Weather Conditions,Roadway Contribution,Roadway Type,Roadway Surface,Work Zone,Crash Severity,Number of Fatalities,Number of Injuries,Number of Major Injuries,Number of Minor Injuries,Number of Possible Injuries,Number of Unknown Injuries,Amount of Property Damage,Number of Vehicles Involved,Total Number of Occupants,Travel Direction,Location
2014783584,201400303,01/31/2014,01-January,6-Friday,19:00,1900 Hours,District 6 (East Central),,LINN,IA 13,IA 13/IOWA 13,Collision with:  Animal,,,Animal,None Indicated,,,,,,,Paved,,Property Damage Only,0,0,0,0,0,0,5000,1,1,,POINT (-91.529417043611 42.223703013147)
2014785631,2014-6922,01/31/2014,01-January,6-Friday,16:00,1600 Hours,District 6 (East Central),DAVENPORT,SCOTT,,HICKORY GROVE RD,Collision with:  Vehicle in traffic,On Roadway,Broadside (front to side),FTYROW:  From stop sign,None Indicated,,Daylight,Slush,Clear,None apparent,Intersection:  Four-way intersection,Paved,,Possible/Unknown,0,1,0,0,1,0,9000,2,2,,POINT (-90.602068413472 41.539013381671)
2014782855,14-1877,01/31/2014,01-January,6-Friday,18:07,1800 Hours,District 6 (East Central),BETTENDORF,SCOTT,,MISSISSIPPI BLVD & 13TH ST,Collision with:  Vehicle in traffic,On Roadway,Broadside (front to side),Ran Stop Sign,None Indicated,,Dark - roadway lighted,Dry,Cloudy,None apparent,Intersection:  Four-way intersection,Paved,,Property Damage Only,0,0,0,0,0,0,6500,2,3,,POINT (-90.514840001418 41.528298042433)
2014782935,14001555,01/31/2014,01-January,6-Friday,16:14,1600 Hours,District 2 (Northeast),MASON CITY,CERRO GORDO,US 65,US 65/N DELAWARE AVE & 3RD ST NE,Collision with:  Vehicle in traffic,On Roadway,Broadside (front to side),Made improper turn,None Indicated,,Daylight,"Mud, dirt",Cloudy,None apparent,Intersection:  Other intersection (explain in narrative),Paved,,Property Damage Only,0,0,0,0,0,0,2800,2,2,,POINT (-93.199437175623 43.154533382063)
2014783726,14-3120,01/31/2014,01-January,6-Friday,18:20,1800 Hours,District 3 (Northwest),SIOUX CITY,WOODBURY,I-29,I-29,Collision with:  Vehicle in traffic,On Roadway,Rear-end (front to rear),Unknown,None Indicated,,Dark - roadway not lighted,Dry,Clear,None apparent,Non-intersection:  Non-junction/no special feature,Paved,,Possible/Unknown,0,1,0,0,1,0,8000,2,4,,POINT (-96.406807040016 42.489426796057)
2014782755,14001189,01/31/2014,01-January,6-Friday,16:00,1600 Hours,District 4 (Southwest),,MILLS,,GLOVER RD,Collision with fixed object:  Tree,On Roadway,Non-collision (single vehicle),Ran off road - right,None Indicated,,Daylight,"Mud, dirt",Cloudy,None apparent,Non-intersection:  Non-junction/no special feature,Unpaved,,Property Damage Only,0,0,0,0,0,0,1500,1,2,,POINT (-95.77042792271 41.083064871196)
2014800076,1400704,01/31/2014,01-January,6-Friday,10:58,1000 Hours,District 5 (Southeast),WASHINGTON,WASHINGTON,IA 92,IA 92/W MADISON ST/E MADISON ST & S IOWA AVE,Collision with:  Vehicle in traffic,On Roadway,Broadside (front to side),Ran Traffic Signal,None Indicated,,Daylight,Dry,Cloudy,None apparent,Intersection:  Four-way intersection,Paved,,Property Damage Only,0,0,0,0,0,0,8000,2,2,,POINT (-91.69175746256 41.296449903051)
2014783135,201400005225,01/31/2014,01-January,6-Friday,21:52,2100 Hours,District 5 (Southeast),OTTUMWA,WAPELLO,US 34,US 34 & ROEMER AVE,Collision with fixed object:  Utility pole/light support,Shoulder,Non-collision (single vehicle),Ran off road - right,None Indicated,,Dark - roadway lighted,Other (explain in narrative),Snow,None apparent,Non-intersection:  Non-junction/no special feature,Paved,,Property Damage Only,0,0,0,0,0,0,2500,1,1,,POINT (-92.388653149422 41.009449349793)
2014782866,14-0295,01/31/2014,01-January,6-Friday,13:30,1300 Hours,District 1 (Central),FORT DODGE,WEBSTER,,5TH AVE S & S 29TH ST,Collision with:  Vehicle in traffic,On Roadway,Broadside (front to side),Ran Traffic Signal,None Indicated,,Daylight,Dry,Cloudy,None apparent,Intersection:  Four-way intersection,Paved,,Property Damage Only,0,0,0,0,0,0,6500,2,6,,POINT (-94.158229348578 42.501188939089)
2014784924,2014-000521,01/31/2014,01-January,6-Friday,04:43,0400 Hours,District 6 (East Central),,BENTON,US 218,US 218/58 ST,Non-collision events:  Overturn/rollover,On Roadway,Non-collision (single vehicle),Crossed centerline (undivided),None Indicated,,Dark - roadway not lighted,Ice/frost,Cloudy,"Surface condition (e.g., wet, icy)",Non-intersection:  Non-junction/no special feature,Paved,,Property Damage Only,0,0,0,0,0,0,3500,1,1,,POINT (-92.066622682681 42.180987692222)
2014783268,K14-002772,01/31/2014,01-January,6-Friday,09:43,0900 Hours,District 5 (Southeast),KEOKUK,LEE,IA 136,US 136/MAIN ST,Collision with:  Vehicle in traffic,On Roadway,Rear-end (front to rear),Driving too fast for conditions,None Indicated,,Daylight,Snow,Snow,None apparent,Intersection:  Four-way intersection,Paved,,Property Damage Only,0,0,0,0,0,0,3100,2,2,,POINT (-91.383357621478 40.395807048841)
2014783709,2014-2004,01/31/2014,01-January,6-Friday,15:54,1500 Hours,District 5 (Southeast),,WARREN,US 65,US 65 & DELAWARE ST,Collision with:  Vehicle in traffic,On Roadway,"Sideswipe, same direction",Swerving/Evasive Action,None Indicated,,Daylight,Dry,Cloudy,None apparent,Non-intersection:  Non-junction/no special feature,Paved,,Property Damage Only,0,0,0,0,0,0,8500,2,2,,POINT (-93.558244866939 41.459181671014)
2014783750,,01/31/2014,01-January,6-Friday,14:52,1400 Hours,District 6 (East Central),BELLEVUE,JACKSON,,CHESTNUT ST & S 2ND ST,Collision with:  Vehicle in traffic,On Roadway,Broadside (front to side),FTYROW:  From stop sign,None Indicated,,Daylight,Slush,Cloudy,None apparent,Intersection:  Four-way intersection,Paved,,Property Damage Only,0,0,0,0,0,0,17000,2,2,,POINT (-90.423229075134 42.255861539306)
2014783485,,01/31/2014,01-January,6-Friday,16:12,1600 Hours,District 2 (Northeast),NEW HAMPTON,CHICKASAW,IA 24,IA 24/200TH,Collision with:  Vehicle in traffic,On Roadway,"Angle, oncoming left turn",FTYROW:  Making left turn,None Indicated,,Daylight,Slush,Cloudy,None apparent,Non-intersection:  Driveway access (within),Paved,,Property Damage Only,0,0,0,0,0,0,4000,2,3,,POINT (-92.32709391129 43.066911996318)
2014785634,2014-6963,01/31/2014,01-January,6-Friday,18:01,1800 Hours,District 6 (East Central),DAVENPORT,SCOTT,,E 29TH ST & EASTERN AVE,Collision with:  Vehicle in traffic,On Roadway,"Angle, oncoming left turn",FTYROW:  Making left turn,None Indicated,,Dark - roadway lighted,Dry,Clear,None apparent,Intersection:  T-intersection,Paved,,Minor Injury,0,1,0,1,0,0,27000,2,2,,POINT (-90.551442026553 41.549284982827)
2014783989,14-000440,01/31/2014,01-January,6-Friday,08:33,0800 Hours,District 1 (Central),AMES,STORY,,MORTENSON RD & SEAGRAVE BLVD,Collision with:  Vehicle in traffic,On Roadway,Rear-end (front to rear),Followed too close,None Indicated,,Daylight,Dry,Cloudy,None apparent,Intersection:  Four-way intersection,Paved,,Property Damage Only,0,0,0,0,0,0,3000,2,2,,POINT (-93.671382960055 42.01203088934)
2014782782,14-0129,01/31/2014,01-January,6-Friday,11:53,1100 Hours,District 1 (Central),CLIVE,POLK,US 6,US 6/HICKMAN RD,Collision with:  Vehicle in traffic,On Roadway,Rear-end (front to rear),FTYROW:  Other (explain in narrative),None Indicated,,Daylight,Dry,Cloudy,None apparent,Non-intersection:  Non-junction/no special feature,Paved,,Minor Injury,0,1,0,1,0,0,5000,2,5,,POINT (-93.741483229575 41.614837549258)
2014784687,,01/31/2014,01-January,6-Friday,16:02,1600 Hours,District 5 (Southeast),FORT MADISON,LEE,,AVE O & 48TH ST,Collision with:  Vehicle in traffic,On Roadway,"Sideswipe, opposite direction",FTYROW:  Making left turn,None Indicated,,Daylight,Snow,Snow,None apparent,Intersection:  Four-way intersection,Paved,,Property Damage Only,0,0,0,0,0,0,2000,2,6,,POINT (-91.373162124607 40.623982741073)
2014785277,14-00727,01/31/2014,01-January,6-Friday,18:20,1800 Hours,District 2 (Northeast),OELWEIN,FAYETTE,,CHARLES ST W & CHARLES ST E & FREDERICK AVE S & FREDERICK AVE N,Collision with:  Vehicle in traffic,On Roadway,Rear-end (front to rear),"Operating vehicle in an reckless, erratic, careless, negligent manner",None Indicated,,Dark - roadway lighted,Snow,Snow,None apparent,Intersection:  Four-way intersection,Paved,,Property Damage Only,0,0,0,0,0,0,2000,2,2,,POINT (-91.913385432461 42.678481167651)
2014783784,14-1045,01/31/2014,01-January,6-Friday,11:30,1100 Hours,District 3 (Northwest),CARROLL,CARROLL,,7TH ST,Collision with:  Vehicle in traffic,On Roadway,Broadside (front to side),Other (explain in narrative):  Other,None Indicated,,Daylight,Dry,Clear,None apparent,Intersection:  Four-way intersection,Paved,,Property Damage Only,0,0,0,0,0,0,3000,2,2,,POINT (-94.870329875877 42.067633615893)
2014784685,,01/31/2014,01-January,6-Friday,15:29,1500 Hours,District 5 (Southeast),FORT MADISON,LEE,,15TH ST & AVE E,Collision with:  Vehicle in traffic,On Roadway,Broadside (front to side),FTYROW:  From stop sign,None Indicated,,Daylight,Snow,Snow,None apparent,Intersection:  Four-way intersection,Paved,,Property Damage Only,0,0,0,0,0,0,2000,2,2,,POINT (-91.324530817309 40.633151298704)
2014782841,14-004146,01/31/2014,01-January,6-Friday,23:10,2300 Hours,District 4 (Southwest),COUNCIL BLUFFS,POTTAWATTAMIE,,VALLEY VIEW DR & VALLEY VIEW LN & MADISON AVE,Collision with:  Vehicle in traffic,On Roadway,"Sideswipe, same direction",Other (explain in narrative):  Other,None Indicated,,Dark - roadway lighted,Snow,Snow,None apparent,Intersection:  Four-way intersection,Paved,,Property Damage Only,0,0,0,0,0,0,2000,2,5,,POINT (-95.818166862559 41.242213197531)
2014783707,14010632,01/31/2014,01-January,6-Friday,15:17,1500 Hours,District 5 (Southeast),AGENCY,WAPELLO,,MAIN ST & HAZEL ST,Collision with:  Vehicle in traffic,On Roadway,Broadside (front to side),Swerving/Evasive Action,None Indicated,,Daylight,Ice/frost,Clear,"Surface condition (e.g., wet, icy)",Intersection:  Four-way intersection,Paved,,Property Damage Only,0,0,0,0,0,0,5400,2,3,,POINT (-92.306715145484 40.994914921752)
2014784725,261400192,01/31/2014,01-January,6-Friday,17:31,1700 Hours,District 5 (Southeast),,DAVIS,US 63,US 63 & 180TH ST,Collision with:  Vehicle in traffic,On Roadway,Broadside (front to side),Driving too fast for conditions,None Indicated,,Dusk,Snow,Snow,"Surface condition (e.g., wet, icy)",Intersection:  Other intersection (explain in narrative),Paved,,Property Damage Only,0,0,0,0,0,0,5000,2,2,,POINT (-92.398992136034 40.797763195607)
2014783345,2014-6818,01/31/2014,01-January,6-Friday,06:32,0600 Hours,District 6 (East Central),DAVENPORT,SCOTT,,W 4TH ST & WARREN ST,Collision with:  Vehicle in traffic,On Roadway,"Sideswipe, same direction",Unknown,None Indicated,,Dark - roadway lighted,Dry,Cloudy,None apparent,Intersection:  Other intersection (explain in narrative),Paved,,Property Damage Only,0,0,0,0,0,0,3500,2,2,,POINT (-90.585899360665 41.523499061907)
2014783759,,01/31/2014,01-January,6-Friday,07:52,0700 Hours,District 2 (Northeast),,FLOYD,US 18,US 18,,On Roadway,Non-collision (single vehicle),Driving too fast for conditions,None Indicated,,Daylight,Ice/frost,Cloudy,"Surface condition (e.g., wet, icy)",Non-intersection:  Non-junction/no special feature,Paved,,Possible/Unknown,0,2,0,0,2,0,5000,1,3,,POINT (-92.716948130535 43.072376439383)
2014782470,20140002783,01/31/2014,01-January,6-Friday,13:00,1300 Hours,District 1 (Central),DES MOINES,POLK,US 69,US 69/SE 14TH ST/PROPOSED E 15TH,Collision with:  Vehicle in traffic,On Roadway,Rear-end (front to rear),Other (explain in narrative):  Other,None Indicated,,Daylight,Dry,Cloudy,None apparent,Intersection:  T-intersection,Paved,,Possible/Unknown,0,1,0,0,1,0,12000,3,4,,POINT (-93.596900997656 41.577083152898)
2014783073,2014-2047,01/31/2014,01-January,6-Friday,06:37,0600 Hours,District 6 (East Central),,SCOTT,,Co Rd Y48/110 AVE,Collision with:  Animal,,,Animal,None Indicated,,,,,,,Paved,,Property Damage Only,0,0,0,0,0,0,2000,1,1,,POINT (-90.688056222181 41.52346473759)
2014782953,14-003450,01/31/2014,01-January,6-Friday,11:17,1100 Hours,District 5 (Southeast),WEST BURLINGTON,DES MOINES,US 34,US 34 & W BURLINGTON AVE,Collision with fixed object:  Guardrail - face,Shoulder,Non-collision (single vehicle),Ran off road - right,None Indicated,,Daylight,Snow,Snow,None apparent,Non-intersection:  Other non-intersection (explain in narrative),Paved,,Major Injury,0,1,1,0,0,0,5500,1,1,,POINT (-91.150929590271 40.81911917342)
2014786524,,01/31/2014,01-January,6-Friday,22:44,2200 Hours,District 2 (Northeast),,WINNESHIEK,,FERRIS MILL RD,Collision with fixed object:  Bridge overhead structure,On Roadway,Non-collision (single vehicle),Ran off road - right,None Indicated,,Dark - roadway not lighted,Ice/frost,Cloudy,"Surface condition (e.g., wet, icy)",Non-intersection:  Other non-intersection (explain in narrative),Unpaved,,Property Damage Only,0,0,0,0,0,0,20000,1,1,,POINT (-91.622297724625 43.376936717004)
2014783999,14-0066,01/31/2014,01-January,6-Friday,12:30,1200 Hours,District 1 (Central),,WEBSTER,,320TH ST,Non-collision events:  Other non-collision (explain in narrative),On Roadway,Non-collision (single vehicle),Ran off road - right,None Indicated,,Daylight,Snow,Cloudy,"Surface condition (e.g., wet, icy)",Non-intersection:  Non-junction/no special feature,Unpaved,,Property Damage Only,0,0,0,0,0,0,10000,1,1,,POINT (-94.025977547208 42.324042762718)
2014782944,14-03432,01/31/2014,01-January,6-Friday,04:00,0400 Hours,District 5 (Southeast),,DES MOINES,,180TH AVE,Collision with fixed object:  Ditch,On Roadway,Non-collision (single vehicle),Ran off road - right,None Indicated,,Dark - roadway not lighted,Other (explain in narrative),Cloudy,"Surface condition (e.g., wet, icy)",Non-intersection:  Non-junction/no special feature,Unpaved,,Minor Injury,0,1,0,1,0,0,10700,1,1,,POINT (-91.276096644807 40.860665578871)
2014782818,14-0212,01/31/2014,01-January,6-Friday,17:25,1700 Hours,District 1 (Central),URBANDALE,POLK,,PRAIRIE AVE & 70TH ST,Collision with:  Vehicle in traffic,On Roadway,Broadside (front to side),FTYROW:  From stop sign,None Indicated,,Dusk,Dry,Cloudy,None apparent,Intersection:  Other intersection (explain in narrative),Paved,,Possible/Unknown,0,1,0,0,1,0,3000,2,2,,POINT (-93.712225064569 41.634829321249)
2014783458,2014007493,01/31/2014,01-January,6-Friday,19:40,1900 Hours,District 1 (Central),,POLK,I-80,I-80,Collision with fixed object:  Concrete traffic barrier (median or right side),Median,Non-collision (single vehicle),Swerving/Evasive Action,None Indicated,,Dark - roadway not lighted,Dry,Cloudy,None apparent,Non-intersection:  Non-junction/no special feature,Paved,,Property Damage Only,0,0,0,0,0,0,2500,1,2,,POINT (-93.47797538276 41.663018557009)
2014783185,,01/31/2014,01-January,6-Friday,12:15,1200 Hours,District 1 (Central),ELLSWORTH,HAMILTON,IA 175,IA 175/330TH ST,Collision with:  Animal,On Roadway,Non-collision (single vehicle),Animal,None Indicated,,Dark - roadway lighted,Dry,Clear,,Non-intersection:  Non-junction/no special feature,Paved,,Property Damage Only,0,0,0,0,0,0,3500,1,1,,POINT (-93.587267358503 42.310512699715)
2014782977,14014888,01/31/2014,01-January,6-Friday,21:13,2100 Hours,District 6 (East Central),,JOHNSON,I-380,I-380,Collision with fixed object:  Utility pole/light support,Median,Non-collision (single vehicle),Swerving/Evasive Action,None Indicated,,Dark - roadway not lighted,Dry,Cloudy,None apparent,Non-intersection:  Non-junction/no special feature,Paved,,Property Damage Only,0,0,0,0,0,0,5000,1,1,,POINT (-91.659648057239 41.828190337925)
2014784607,2014007480,01/31/2014,01-January,6-Friday,18:03,1800 Hours,District 6 (East Central),CORALVILLE,JOHNSON,I-380,I-380,Collision with:  Vehicle in traffic,On Roadway,Rear-end (front to rear),Other (explain in narrative):  Other,None Indicated,,Dark - roadway lighted,Dry,Clear,None apparent,Non-intersection:  Other non-intersection (explain in narrative),Paved,,Property Damage Only,0,0,0,0,0,0,3000,3,3,,POINT (-91.639074133201 41.695855370716)
2014782689,140445,01/31/2014,01-January,6-Friday,22:45,2200 Hours,District 1 (Central),,HARDIN,,Co Rd D15/CO HWY D15,Collision with:  Animal,,,Animal,None Indicated,,,,,,,Paved,,Property Damage Only,0,0,0,0,0,0,1500,1,1,,POINT (-93.234983099111 42.5216336143)
2014788196,2014007528,01/31/2014,01-January,6-Friday,23:01,2300 Hours,District 6 (East Central),,CEDAR,I-80,I-80,Non-collision events:  Overturn/rollover,On Roadway,Non-collision (single vehicle),Ran off road - left,None Indicated,,Dark - roadway not lighted,Dry,Cloudy,None apparent,Non-intersection:  Non-junction/no special feature,Paved,,Possible/Unknown,0,1,0,0,1,0,44444,1,1,,POINT (-91.365037065185 41.665847991211)
2014782949,14-03493,01/31/2014,01-January,6-Friday,18:10,1800 Hours,District 5 (Southeast),,DES MOINES,US 61,US 61,Collision with fixed object:  Ditch,On Roadway,Non-collision (single vehicle),Swerving/Evasive Action,None Indicated,,Dark - roadway not lighted,Snow,Snow,None apparent,Non-intersection:  Non-junction/no special feature,Paved,,Property Damage Only,0,0,0,0,0,0,1500,1,1,,POINT (-91.156672802672 40.742256705676)
2014783118,14-000439,01/31/2014,01-January,6-Friday,08:21,0800 Hours,District 1 (Central),AMES,STORY,US 69,US 69/GRAND AVE & 28TH ST,Collision with:  Vehicle in traffic,On Roadway,"Angle, oncoming left turn",FTYROW:  Making left turn,None Indicated,,Daylight,Dry,Cloudy,None apparent,Intersection:  Four-way intersection,Paved,,Property Damage Only,0,0,0,0,0,0,6000,2,2,,POINT (-93.620552244228 42.049396965551)
2014783455,2014007386,01/31/2014,01-January,6-Friday,11:45,1100 Hours,District 3 (Northwest),ESTHERVILLE,EMMET,IA 9,IA 9/W CENTRAL AVE,Collision with:  Animal,,,Animal,None Indicated,,,,,,,Paved,,Property Damage Only,0,0,0,0,0,0,2000,1,1,,POINT (-94.855076324429 43.403719774807)
2014782653,01-14-4573,01/31/2014,01-January,6-Friday,22:00,2200 Hours,District 6 (East Central),DUBUQUE,DUBUQUE,US 52,US 52/WHITE ST,Collision with:  Vehicle in traffic,On Roadway,"Sideswipe, same direction",Lost Control,None Indicated,,Dark - roadway lighted,Wet,Cloudy,None apparent,Non-intersection:  Non-junction/no special feature,Paved,,Property Damage Only,0,0,0,0,0,0,4000,2,1,,POINT (-90.669444947617 42.511589377037)
2014782652,01-14-4565,01/31/2014,01-January,6-Friday,20:36,2000 Hours,District 6 (East Central),DUBUQUE,DUBUQUE,,E 16TH ST & ELM ST,Collision with:  Vehicle in traffic,On Roadway,Broadside (front to side),Unknown,None Indicated,,Dark - roadway lighted,Wet,Cloudy,None apparent,Intersection:  Four-way intersection,Paved,,Property Damage Only,0,0,0,0,0,0,12000,2,3,,POINT (-90.664691043842 42.509160204335)
2014784419,20140002782,01/31/2014,01-January,6-Friday,12:30,1200 Hours,District 1 (Central),DES MOINES,POLK,,UNIVERSITY AVE,Collision with:  Vehicle in traffic,On Roadway,"Sideswipe, same direction",FTYROW:  Other (explain in narrative),None Indicated,,Daylight,Dry,Cloudy,None apparent,Non-intersection:  Non-junction/no special feature,Paved,,Property Damage Only,0,0,0,0,0,0,6000,2,3,,POINT (-93.681186336599 41.600357770282)
2014782544,W14-010214,01/31/2014,01-January,6-Friday,12:40,1200 Hours,District 2 (Northeast),WATERLOO,BLACK HAWK,,WESTERN AVE & W 4TH ST,Collision with:  Parked motor vehicle,On Roadway,Rear-end (front to rear),Unknown,None Indicated,,Daylight,Snow,Clear,None apparent,Non-intersection:  Non-junction/no special feature,Paved,,Possible/Unknown,0,1,0,0,1,0,100,2,2,,POINT (-92.350162408722 42.48794433148)
2014782543,W14-010211,01/31/2014,01-January,6-Friday,12:29,1200 Hours,District 2 (Northeast),WATERLOO,BLACK HAWK,,MARTIN LUTHER KING JR DR,Collision with fixed object:  Utility pole/light support,Shoulder,Non-collision (single vehicle),Driving too fast for conditions,None Indicated,,Daylight,Wet,Clear,None apparent,Non-intersection:  Other non-intersection (explain in narrative),Paved,,Property Damage Only,0,0,0,0,0,0,12500,1,1,,POINT (-92.276703706596 42.505912170012)
2014810194,E14-10104,01/31/2014,01-January,6-Friday,02:12,0200 Hours,District 2 (Northeast),EVANSDALE,BLACK HAWK,,ELK RUN ST & MC COY RD,Collision with fixed object:  Tree,Roadside,Non-collision (single vehicle),Driving too fast for conditions,None Indicated,,Dark - roadway lighted,Snow,Cloudy,"Surface condition (e.g., wet, icy)",Intersection:  T-intersection,Paved,,Possible/Unknown,0,1,0,0,0,1,6500,1,1,,POINT (-92.263633663878 42.465266649385)
2014785677,2014-1083,01/31/2014,01-January,6-Friday,22:55,2200 Hours,District 2 (Northeast),FOREST CITY,WINNEBAGO,,E J ST & S 4TH ST & N 4TH ST,Collision with:  Vehicle in traffic,On Roadway,Broadside (front to side),FTYROW:  From stop sign,Alcohol (Statutory),,Dark - roadway lighted,Snow,Clear,"Surface condition (e.g., wet, icy)",Intersection:  Four-way intersection,Paved,,Property Damage Only,0,0,0,0,0,0,13600,2,3,,POINT (-93.637092361995 43.263457486904)
2014782771,14-0693,01/31/2014,01-January,6-Friday,19:08,1900 Hours,District 1 (Central),DES MOINES,POLK,,Co Rd F52/NE 46TH AVE & NE 29TH ST,Collision with:  Vehicle in traffic,On Roadway,Rear-end (front to rear),Driving too fast for conditions,Under Influence of Alcohol/Drugs/Medications,,Dark - roadway lighted,Dry,Clear,None apparent,Intersection:  Four-way intersection,Paved,,Property Damage Only,0,0,0,0,0,0,6000,2,4,,POINT (-93.561145994901 41.643988763393)
2014783347,2014-6993,01/31/2014,01-January,6-Friday,19:33,1900 Hours,District 6 (East Central),DAVENPORT,SCOTT,,E 53RD ST & UTICA RIDGE RD,Collision with:  Vehicle in traffic,On Roadway,Rear-end (front to rear),Followed too close,None Indicated,,Dark - roadway lighted,Wet,Clear,None apparent,Intersection:  Four-way intersection,Paved,,Property Damage Only,0,0,0,0,0,0,2500,2,3,,POINT (-90.513376500316 41.574919231094)
2014790321,2014007426,01/31/2014,01-January,6-Friday,13:24,1300 Hours,District 6 (East Central),,LINN,,PLEASANT CREEK REC AREA,Collision with:  Parked motor vehicle,On Roadway,Rear-end (front to rear),Improper Backing,Drug,,Daylight,Snow,Cloudy,None apparent,Non-intersection:  Non-junction/no special feature,Paved,,Major Injury,0,1,1,0,0,0,2600,2,2,,POINT (-91.817841028968 42.129204398746)
2014782648,01-14-4437,01/31/2014,01-January,6-Friday,07:50,0700 Hours,District 6 (East Central),DUBUQUE,DUBUQUE,,UNIVERSITY AVE & ALGONA ST N,Collision with:  Vehicle in traffic,On Roadway,Broadside (front to side),FTYROW:  From stop sign,None Indicated,,Daylight,Dry,Cloudy,None apparent,Intersection:  Four-way intersection,Paved,,Property Damage Only,0,0,0,0,0,0,1800,2,3,,POINT (-90.692052673583 42.49856631673)
2014782973,17-2014,01/31/2014,01-January,6-Friday,18:05,1800 Hours,District 4 (Southwest),,HARRISON,,Co Rd L34/OVERTON AVE,Collision with fixed object:  Ditch,Shoulder,Non-collision (single vehicle),Swerving/Evasive Action,None Indicated,,Dusk,Dry,Cloudy,None apparent,Non-intersection:  Non-junction/no special feature,Paved,,Property Damage Only,0,0,0,0,0,0,4000,1,2,,POINT (-95.769911186359 41.564458620228)
2014782471,20140002748,01/31/2014,01-January,6-Friday,08:47,0800 Hours,District 1 (Central),DES MOINES,POLK,,CRESTON AVE & SW 12TH ST,Collision with:  Vehicle in traffic,On Roadway,Rear-end (front to rear),Other (explain in narrative):  Other,None Indicated,,Daylight,Dry,Cloudy,"Surface condition (e.g., wet, icy)",Intersection:  Four-way intersection,Paved,,Property Damage Only,0,0,0,0,0,0,3000,2,3,,POINT (-93.630563832109 41.560158930264)
2014782897,,01/31/2014,01-January,6-Friday,09:40,0900 Hours,District 6 (East Central),CAMANCHE,CLINTON,,8TH AVE,Collision with:  Parked motor vehicle,On Roadway,Rear-end (front to rear),FTYROW:  From parked position,None Indicated,,Daylight,Snow,Cloudy,None apparent,Non-intersection:  Driveway access (within),Paved,,Property Damage Only,0,0,0,0,0,0,2000,2,2,,POINT (-90.257781994765 41.787183030509)
2014782574,1402012421,01/31/2014,01-January,6-Friday,23:30,2300 Hours,District 6 (East Central),,CLINTON,,Co Rd E50/140 ST & 442 AVE,Collision with fixed object:  Ditch,On Roadway,Non-collision (single vehicle),Driving too fast for conditions,None Indicated,,Dark - roadway not lighted,Snow,Snow,"Surface condition (e.g., wet, icy)",Intersection:  T-intersection,Paved,,Minor Injury,0,1,0,1,0,0,5000,1,1,,POINT (-90.237927888608 41.975349484485)
2014782971,14000618,01/31/2014,01-January,6-Friday,10:30,1000 Hours,District 1 (Central),WEBSTER CITY,HAMILTON,,Co Rd D20/210TH ST & DES MOINES ST,Collision with:  Vehicle in traffic,On Roadway,Rear-end (front to rear),Driving too fast for conditions,None Indicated,,Daylight,Dry,Clear,None apparent,Non-intersection:  Non-junction/no special feature,Paved,,Property Damage Only,0,0,0,0,0,0,5000,2,3,,POINT (-93.823266412288 42.485920158971)
2014782662,02-14-1941,01/31/2014,01-January,6-Friday,23:33,2300 Hours,District 6 (East Central),,DUBUQUE,,MUD LAKE RD,Collision with:  Other non-fixed object (explain in narrative),Outside trafficway,Non-collision (single vehicle),Ran off road - right,None Indicated,,Dark - roadway not lighted,Dry,Cloudy,None apparent,Non-intersection:  Non-junction/no special feature,Paved,,Possible/Unknown,0,1,0,0,0,1,4000,1,1,,POINT (-90.725649972253 42.586822820969)
2014782844,14-004194,01/31/2014,01-January,6-Friday,19:45,1900 Hours,District 4 (Southwest),COUNCIL BLUFFS,POTTAWATTAMIE,,BENNETT AVE & BONHAM AVE & WEDGEWOOD DR,Non-collision events:  Other non-collision (explain in narrative),On Roadway,Non-collision (single vehicle),Unknown,None Indicated,,Dark - roadway lighted,Unknown,Unknown,Unknown,Intersection:  Four-way intersection,Paved,,Possible/Unknown,0,1,0,0,1,0,0,1,1,,POINT (-95.818347817371 41.256132672038)
2014784160,CL14000306,01/31/2014,01-January,6-Friday,15:11,1500 Hours,District 6 (East Central),CLINTON,CLINTON,,N BLUFF BLVD,Collision with:  Vehicle in traffic,On Roadway,"Sideswipe, same direction",Made improper turn,None Indicated,,Daylight,Wet,Clear,None apparent,Non-intersection:  Non-junction/no special feature,Paved,,Property Damage Only,0,0,0,0,0,0,6000,2,2,,POINT (-90.197956204667 41.84976016858)
2014785739,,01/31/2014,01-January,6-Friday,07:38,0700 Hours,District 2 (Northeast),CLEAR LAKE,CERRO GORDO,,4TH AVE S,Collision with:  Vehicle in traffic,On Roadway,"Sideswipe, opposite direction",Crossed centerline (undivided),None Indicated,,Daylight,Ice/frost,Cloudy,"Surface condition (e.g., wet, icy)",Non-intersection:  Non-junction/no special feature,Paved,,Property Damage Only,0,0,0,0,0,0,12000,2,2,,POINT (-93.360402102472 43.133743600297)