Iowa DOT Case Number,Law Enforcement Case Number,Date of Crash,Month of Crash,Day of Week,Time of Crash,Hour,DOT District,City Name,County Name,Route with System,Location Description,First Harmful Event,Location of First Harmful Event,Manner of Crash/Collision,Major Cause,Drug or Alcohol ,Environmental Conditions,Light Conditions,Surface Conditions,Weather Conditions,Roadway Contribution,Roadway Type,Roadway Surface,Work Zone,Crash Severity,Number of Fatalities,Number of Injuries,Number of Major Injuries,Number of Minor Injuries,Number of Possible Injuries,Number of Unknown Injuries,Amount of Property Damage,Number of Vehicles Involved,Total Number of Occupants,Travel Direction,Location
2014785633,2014-6961,01/31/2014,01-January,6-Friday,17:45,1700 Hours,District 6 (East Central),DAVENPORT,SCOTT,,W 49TH ST,Collision with fixed object:  Tree,On Roadway,Non-collision (single vehicle),Driving too fast for conditions,None Indicated,,Dark - roadway not lighted,Wet,Cloudy,None apparent,Non-intersection:  Other non-intersection (explain in narrative),Paved,,Property Damage Only,0,0,0,0,0,0,3000,1,1,,POINT (-90.621727254474 41.570079728683)
2014783140,14-03950,01/31/2014,01-January,6-Friday,08:38,0800 Hours,District 3 (Northwest),SIOUX CITY,WOODBURY,,COURT ST,Collision with:  Vehicle in traffic,On Roadway,Broadside (front to side),Other (explain in narrative):  Other,None Indicated,,Daylight,Dry,Cloudy,None apparent,Intersection:  T-intersection,Paved,,Property Damage Only,0,0,0,0,0,0,1500,2,3,,POINT (-96.396045095172 42.507944624451)
2014782651,01-14-4538,01/31/2014,01-January,6-Friday,17:24,1700 Hours,District 6 (East Central),DUBUQUE,DUBUQUE,,,Collision with:  Parked motor vehicle,On Roadway,Rear-end (front to rear),Improper Backing,None Indicated,,Dusk,Snow,Clear,"Surface condition (e.g., wet, icy)",Non-intersection:  Driveway access (within),,,Property Damage Only,0,0,0,0,0,0,1600,2,1,,POINT (-96.643700149993 40.233091251414)
2014785261,14-000709,01/31/2014,01-January,6-Friday,12:22,1200 Hours,District 4 (Southwest),PERRY,DALLAS,IA 141,IA 141/141ST ST/IOWA 141 & IA 144/1ST AVE & Co Rd P58/J AVE,Collision with:  Vehicle in traffic,On Roadway,"Angle, oncoming left turn",Ran Traffic Signal,None Indicated,,Daylight,Dry,Clear,None apparent,Intersection:  Four-way intersection,Paved,,Property Damage Only,0,0,0,0,0,0,2000,2,2,,POINT (-94.10650836909 41.830375120553)
2014782816,20140002841,01/31/2014,01-January,6-Friday,22:03,2200 Hours,District 1 (Central),DES MOINES,POLK,,GRAND AVE & 56TH ST,Collision with fixed object:  Tree,On Roadway,Non-collision (single vehicle),Traveling wrong way or on wrong side of road,Alcohol (Statutory),,Dark - roadway lighted,Dry,Clear,None apparent,Non-intersection:  Non-junction/no special feature,Paved,,Property Damage Only,0,0,0,0,0,0,6000,1,1,,POINT (-93.693766511823 41.582835535944)
2014782708,2014001135,01/31/2014,01-January,6-Friday,11:07,1100 Hours,District 6 (East Central),IOWA CITY,JOHNSON,,E MARKET ST & N GILBERT ST,Collision with:  Vehicle in traffic,On Roadway,Rear-end (front to rear),Followed too close,None Indicated,,Daylight,Dry,Cloudy,None apparent,Intersection:  Four-way intersection,Paved,,Property Damage Only,0,0,0,0,0,0,1500,3,3,,POINT (-91.530115884551 41.663565745753)
2014782680,14000632,01/31/2014,01-January,6-Friday,22:20,2200 Hours,District 1 (Central),JEWELL,HAMILTON,IA 175,IA 175/EDWARDS ST,Collision with:  Animal,,,Animal,None Indicated,,,,,,,Paved,,Property Damage Only,0,0,0,0,0,0,2000,1,1,,POINT (-93.630634500956 42.306950133981)
2014783692,14-000130,01/31/2014,01-January,6-Friday,15:30,1500 Hours,District 1 (Central),MAXWELL,STORY,,660TH AVE,Collision with fixed object:  Other fixed object (explain in narrative),On Roadway,Non-collision (single vehicle),Crossed centerline (undivided),None Indicated,,Daylight,Dry,Clear,None apparent,Non-intersection:  Non-junction/no special feature,Unpaved,,Property Damage Only,0,0,0,0,0,0,3000,1,2,,POINT (-93.388125730141 41.895926593915)
2014782908,14001435,01/31/2014,01-January,6-Friday,09:15,0900 Hours,District 5 (Southeast),,APPANOOSE,,Co Rd J46/HWY J46 & 539TH ST,Non-collision events:  Other non-collision (explain in narrative),Outside trafficway,Non-collision (single vehicle),Ran off road - left,None Indicated,,Daylight,Unknown,Unknown,Unknown,Intersection:  T-intersection,Paved,,Major Injury,0,1,1,0,0,0,5000,1,1,,POINT (-92.940783536446 40.69609228507)
2014810037,SA1400715,01/31/2014,01-January,6-Friday,18:20,1800 Hours,District 5 (Southeast),WELLMAN,WASHINGTON,IA 22,IA 22/6TH ST & 8TH AVE,Collision with:  Vehicle in traffic,On Roadway,"Sideswipe, opposite direction",Crossed centerline (undivided),None Indicated,,Dark - roadway lighted,Wet,Clear,None apparent,Non-intersection:  Non-junction/no special feature,Paved,,Property Damage Only,0,0,0,0,0,0,6000,2,3,,POINT (-91.837797730231 41.467455401402)
2014826421,14-717,01/31/2014,01-January,6-Friday,08:01,0800 Hours,District 6 (East Central),LE CLAIRE,SCOTT,,EAGLE RIDGE RD,Collision with:  Animal,,Non-collision (single vehicle),Animal,None Indicated,,,,,,,Paved,,Property Damage Only,0,0,0,0,0,0,2500,1,1,,POINT (-90.359684629327 41.587368342246)
2014783990,14-000449,01/31/2014,01-January,6-Friday,16:18,1600 Hours,District 1 (Central),AMES,STORY,,MORTENSON PKWY & UNIVERSITY BLVD,Collision with:  Vehicle in traffic,On Roadway,Rear-end (front to rear),Driving too fast for conditions,None Indicated,,Daylight,Dry,Clear,None apparent,Intersection:  T-intersection,Paved,,Property Damage Only,0,0,0,0,0,0,3000,2,3,,POINT (-93.639294057972 42.008359270775)
2014782828,14-0549,01/31/2014,01-January,6-Friday,21:01,2100 Hours,District 1 (Central),WEST DES MOINES,POLK,,PRAIRIE VIEW DR,Collision with:  Parked motor vehicle,On Roadway,Rear-end (front to rear),Swerving/Evasive Action,None Indicated,,Dark - roadway lighted,Dry,Cloudy,None apparent,Non-intersection:  Non-junction/no special feature,Paved,,Property Damage Only,0,0,0,0,0,0,4000,2,1,,POINT (-93.779948531334 41.582724546472)
2014782447,N14000048,01/31/2014,01-January,6-Friday,07:33,0700 Hours,District 6 (East Central),NORTH LIBERTY,JOHNSON,,HWY 965 & N DUBUQUE ST,Collision with:  Vehicle in traffic,On Roadway,Rear-end (front to rear),Followed too close,None Indicated,,Daylight,Dry,Cloudy,None apparent,Intersection:  T-intersection,Paved,,Property Damage Only,0,0,0,0,0,0,3000,2,2,,POINT (-91.607535928436 41.757876539649)
2014783521,01312014-JG,01/31/2014,01-January,6-Friday,15:40,1500 Hours,District 5 (Southeast),OSCEOLA,CLARKE,I-35,I-35 & US 34/W MC LANE ST,Collision with:  Vehicle in traffic,On Roadway,"Sideswipe, same direction",Made improper turn,None Indicated,,Daylight,Dry,Cloudy,None apparent,Non-intersection:  Non-junction/no special feature,Paved,,Property Damage Only,0,0,0,0,0,0,6000,2,3,,POINT (-93.792210653383 41.027229131339)
2014782839,14-004095,01/31/2014,01-January,6-Friday,15:50,1500 Hours,District 4 (Southwest),COUNCIL BLUFFS,POTTAWATTAMIE,US 6,US 6/W BROADWAY,Collision with fixed object:  Other fixed object (explain in narrative),Outside trafficway,Non-collision (single vehicle),Lost Control,None Indicated,,Daylight,Dry,Clear,None apparent,Non-intersection:  Non-junction/no special feature,Paved,,Property Damage Only,0,0,0,0,0,0,3000,1,1,,POINT (-95.893221168687 41.261956437009)
2014783141,14-3116,01/31/2014,01-January,6-Friday,18:03,1800 Hours,District 3 (Northwest),SIOUX CITY,WOODBURY,,9TH ST & DOUGLAS ST,Collision with:  Vehicle in traffic,On Roadway,Broadside (front to side),FTYROW:  At uncontrolled intersection,None Indicated,,Dark - roadway lighted,Dry,Clear,None apparent,Non-intersection:  Alley,Paved,,Possible/Unknown,0,2,0,0,2,0,3000,2,2,,POINT (-96.406484390544 42.499611459983)
2014782599,14-03476,01/31/2014,01-January,6-Friday,16:06,1600 Hours,District 5 (Southeast),BURLINGTON,DES MOINES,,WEST AVE,Collision with fixed object:  Ditch,On Roadway,Non-collision (single vehicle),Driving too fast for conditions,None Indicated,,Daylight,Snow,Snow,None apparent,Non-intersection:  Non-junction/no special feature,Paved,,Property Damage Only,0,0,0,0,0,0,5000,1,1,,POINT (-91.15742881691 40.799784246517)
2014783831,2014-12-AC,01/31/2014,01-January,6-Friday,07:48,0700 Hours,District 3 (Northwest),WAHPETON,DICKINSON,IA 86,IA 86/IOWA 86,Collision with:  Animal,On Roadway,Non-collision (single vehicle),Animal,None Indicated,,Daylight,Dry,Cloudy,None apparent,Non-intersection:  Non-junction/no special feature,Paved,,Property Damage Only,0,0,0,0,0,0,4000,1,1,,POINT (-95.181185746227 43.370644171879)
2014782568,14-000868,01/31/2014,01-January,6-Friday,08:23,0800 Hours,District 6 (East Central),INDEPENDENCE,BUCHANAN,IA 150,IA 150/5TH AVE NE & 4TH ST NE,Collision with:  Vehicle in traffic,On Roadway,Rear-end (front to rear),"Operating vehicle in an reckless, erratic, careless, negligent manner",None Indicated,,Daylight,Wet,Cloudy,"Surface condition (e.g., wet, icy)",Intersection:  T-intersection,Paved,,Possible/Unknown,0,1,0,0,1,0,1600,2,2,,POINT (-91.889385668171 42.471382974488)
2014782657,01-14-4442,01/31/2014,01-January,6-Friday,08:26,0800 Hours,District 6 (East Central),DUBUQUE,DUBUQUE,,LORAS BLVD & COX ST,Collision with:  Vehicle in traffic,On Roadway,"Sideswipe, same direction",Other (explain in narrative):  Other,None Indicated,,Daylight,Wet,Cloudy,None apparent,Non-intersection:  Non-junction/no special feature,Paved,,Property Damage Only,0,0,0,0,0,0,4000,2,6,,POINT (-90.678209559394 42.503347498556)
2014782597,14-03500,01/31/2014,01-January,6-Friday,18:45,1800 Hours,District 5 (Southeast),BURLINGTON,DES MOINES,,LOUISA ST & STARR AVE,Collision with fixed object:  Tree,Roadside,Non-collision (single vehicle),Crossed centerline (undivided),None Indicated,,Dark - roadway lighted,Snow,Snow,"Surface condition (e.g., wet, icy)",Non-intersection:  Non-junction/no special feature,Paved,,Minor Injury,0,1,0,1,0,0,2000,1,1,,POINT (-91.123277728022 40.795180132382)
2014783456,2014007433,01/31/2014,01-January,6-Friday,14:30,1400 Hours,District 5 (Southeast),KALONA,WASHINGTON,IA 1,IA 1/1ST ST,Collision with:  Vehicle in traffic,On Roadway,Rear-end (front to rear),"Operating vehicle in an reckless, erratic, careless, negligent manner",None Indicated,,Daylight,Dry,Cloudy,None apparent,Non-intersection:  Non-junction/no special feature,Paved,,Property Damage Only,0,0,0,0,0,0,6000,2,2,,POINT (-91.714519652783 41.47568228491)
2014783693,14-000131,01/31/2014,01-January,6-Friday,21:54,2100 Hours,District 1 (Central),,STORY,US 69,US 69,Collision with:  Animal,,,Animal,None Indicated,,,,,,,Paved,,Property Damage Only,0,0,0,0,0,0,3500,1,1,,POINT (-93.620598940296 42.081495913547)
2014785630,2014-6911,01/31/2014,01-January,6-Friday,15:04,1500 Hours,District 6 (East Central),DAVENPORT,SCOTT,,NORTHWEST BLVD,Collision with:  Vehicle in traffic,On Roadway,Rear-end (front to rear),Followed too close,None Indicated,,Daylight,Dry,Cloudy,None apparent,Non-intersection:  Non-junction/no special feature,Paved,,Property Damage Only,0,0,0,0,0,0,3000,2,2,,POINT (-90.581908571996 41.564340282625)
2014783457,2014007436,01/31/2014,01-January,6-Friday,14:40,1400 Hours,District 1 (Central),,POLK,I-35,I-35,Non-collision events:  Overturn/rollover,Roadside,Non-collision (single vehicle),Cargo/equipment loss or shift,None Indicated,,Daylight,Dry,Cloudy,None apparent,Interchange-related:  On-ramp,Paved,,Minor Injury,0,1,0,1,0,0,20000,1,1,,POINT (-93.578866078091 41.651629041702)
2014782650,01-14-4503,01/31/2014,01-January,6-Friday,14:27,1400 Hours,District 6 (East Central),DUBUQUE,DUBUQUE,,W 3RD ST & LOCUST ST S,Collision with:  Vehicle in traffic,On Roadway,Broadside (front to side),FTYROW:  From stop sign,None Indicated,,Daylight,Dry,Cloudy,None apparent,Intersection:  Four-way intersection,Paved,,Possible/Unknown,0,1,0,0,1,0,5700,2,2,,POINT (-90.666052104438 42.496463580675)
2014784876,,01/31/2014,01-January,6-Friday,10:15,1000 Hours,District 6 (East Central),DE WITT,CLINTON,,10TH ST & 6TH AVE,Collision with:  Vehicle in traffic,On Roadway,Rear-end (front to rear),Other (explain in narrative):  Other,None Indicated,,Daylight,Dry,Cloudy,None apparent,Non-intersection:  Alley,Paved,,Property Damage Only,0,0,0,0,0,0,2500,2,2,,POINT (-90.538976376646 41.825211466713)
2014801002,3901140213,01/31/2014,01-January,6-Friday,07:04,0700 Hours,District 4 (Southwest),,GUTHRIE,IA 44,IA 44/IOWA 44,Collision with:  Animal,,,Animal,None Indicated,,,,,,,Paved,,Property Damage Only,0,0,0,0,0,0,5000,1,1,,POINT (-94.383084905446 41.689087840529)
2014783063,14-000128,01/31/2014,01-January,6-Friday,18:33,1800 Hours,District 1 (Central),JOHNSTON,POLK,,NW BEAVER DR,Collision with:  Animal,On Roadway,Non-collision (single vehicle),Animal,None Indicated,,Dark - roadway not lighted,Dry,Cloudy,None apparent,Non-intersection:  Non-junction/no special feature,Paved,,Property Damage Only,0,0,0,0,0,0,2000,1,1,,POINT (-93.715746097519 41.714277068224)
2014783169,AR-14-0002,01/31/2014,01-January,6-Friday,15:23,1500 Hours,District 6 (East Central),MONTICELLO,JONES,,W 1ST ST & N GILL ST,Collision with:  Vehicle in traffic,On Roadway,Broadside (front to side),Ran Stop Sign,None Indicated,,Daylight,Dry,Clear,None apparent,Intersection:  Four-way intersection,Paved,,Property Damage Only,0,0,0,0,0,0,4200,2,4,,POINT (-91.194646413357 42.238031828038)
2014782814,20140002791,01/31/2014,01-January,6-Friday,13:20,1300 Hours,District 1 (Central),DES MOINES,POLK,,E UNIVERSITY AVE & E 13TH ST,Collision with:  Vehicle in traffic,On Roadway,"Sideswipe, same direction","Operating vehicle in an reckless, erratic, careless, negligent manner",None Indicated,,Daylight,Dry,Cloudy,None apparent,Intersection:  Four-way intersection,Paved,,Property Damage Only,0,0,0,0,0,0,2000,2,2,,POINT (-93.603355710976 41.60039626578)
2014789503,2014007357,01/31/2014,01-January,6-Friday,09:45,0900 Hours,District 1 (Central),,POLK,I-35,I-35,Non-collision events:  Overturn/rollover,On Roadway,Non-collision (single vehicle),Swerving/Evasive Action,None Indicated,,Daylight,Dry,Clear,None apparent,Interchange-related:  On-ramp,Paved,,Possible/Unknown,0,1,0,0,1,0,20000,1,1,,POINT (-93.580941096476 41.651339350144)
2014783484,,01/31/2014,01-January,6-Friday,15:40,1500 Hours,District 2 (Northeast),DAKOTA CITY,HUMBOLDT,,1ST AVE N,Collision with fixed object:  Utility pole/light support,On Roadway,Non-collision (single vehicle),Swerving/Evasive Action,None Indicated,,Daylight,Snow,Cloudy,"Surface condition (e.g., wet, icy)",Non-intersection:  Other non-intersection (explain in narrative),Paved,,Property Damage Only,0,0,0,0,0,0,1500,1,1,,POINT (-94.220015740844 42.72213786271)
2014782815,20140002815,01/31/2014,01-January,6-Friday,17:20,1700 Hours,District 1 (Central),DES MOINES,POLK,,UNIVERSITY AVE,Collision with:  Parked motor vehicle,On Roadway,Rear-end (front to rear),"Operating vehicle in an reckless, erratic, careless, negligent manner",None Indicated,,Dark - roadway lighted,Dry,Cloudy,None apparent,Non-intersection:  Non-junction/no special feature,Paved,,Possible/Unknown,0,1,0,0,1,0,11500,3,1,,POINT (-93.665010421967 41.600344390538)
2014782472,20140002756,01/31/2014,01-January,6-Friday,09:12,0900 Hours,District 1 (Central),DES MOINES,POLK,,CRESTON AVE & SW 12TH ST,Collision with:  Parked motor vehicle,Outside trafficway,"Sideswipe, same direction",Other (explain in narrative):  Other,None Indicated,,Daylight,Dry,Cloudy,None apparent,Non-intersection:  Driveway access (within),Paved,,Property Damage Only,0,0,0,0,0,0,2000,2,3,,POINT (-93.618469266343 41.585913369634)
2014782409,CL14000302,01/31/2014,01-January,6-Friday,10:44,1000 Hours,District 6 (East Central),CLINTON,CLINTON,US 67,US 67/S 2ND ST & 5TH AVE S,Collision with:  Vehicle in traffic,On Roadway,Broadside (front to side),Unknown,None Indicated,,Daylight,Wet,Clear,None apparent,Non-intersection:  Non-junction/no special feature,Paved,,Property Damage Only,0,0,0,0,0,0,3000,2,2,,POINT (-90.188212475291 41.841227606503)
2014782856,14-1885,01/31/2014,01-January,6-Friday,19:48,1900 Hours,District 6 (East Central),BETTENDORF,SCOTT,,MIDDLE RD,Collision with:  Vehicle in traffic,On Roadway,Broadside (front to side),FTYROW:  From driveway,None Indicated,,Dark - roadway lighted,Dry,Cloudy,None apparent,Non-intersection:  Driveway access (within),Paved,,Property Damage Only,0,0,0,0,0,0,10000,2,2,,POINT (-90.48449322404 41.551180394398)
2014782475,20140002771,01/31/2014,01-January,6-Friday,11:00,1100 Hours,District 1 (Central),DES MOINES,POLK,,MAPLE ST & E 25TH ST,Collision with:  Vehicle in traffic,On Roadway,Broadside (front to side),FTYROW:  From stop sign,None Indicated,,Daylight,Dry,Cloudy,None apparent,Intersection:  Four-way intersection,Paved,,Property Damage Only,0,0,0,0,0,0,3000,2,2,,POINT (-93.570469408776 41.598276313048)
2014782473,20140002763,01/31/2014,01-January,6-Friday,08:00,0800 Hours,District 1 (Central),DES MOINES,POLK,,GRAND AVE & 56TH ST,Collision with:  Vehicle in traffic,On Roadway,Rear-end (front to rear),Improper Backing,None Indicated,,Daylight,Unknown,Cloudy,None apparent,Intersection:  Four-way intersection,Paved,,Possible/Unknown,0,1,0,0,0,1,1500,2,3,,POINT (-93.693742134937 41.582799654326)
2014783160,2014007424,01/31/2014,01-January,6-Friday,13:40,1300 Hours,District 2 (Northeast),TRIPOLI,BREMER,,4TH AVE SW & 3RD ST SW,Collision with:  Vehicle in traffic,On Roadway,Broadside (front to side),FTYROW:  At uncontrolled intersection,None Indicated,,Daylight,Ice/frost,Clear,"Surface condition (e.g., wet, icy)",Intersection:  Four-way intersection,Paved,,Property Damage Only,0,0,0,0,0,0,7000,2,2,,POINT (-92.261885535979 42.805541123174)
2014784676,,01/31/2014,01-January,6-Friday,10:23,1000 Hours,District 2 (Northeast),,BUTLER,IA 3,IA 3/IOWA 3,Collision with:  Vehicle in traffic,On Roadway,"Sideswipe, same direction",Driving too fast for conditions,None Indicated,,Daylight,Ice/frost,Cloudy,"Surface condition (e.g., wet, icy)",Non-intersection:  Non-junction/no special feature,Paved,,Property Damage Only,0,0,0,0,0,0,7500,2,2,,POINT (-92.61824176194 42.744740968453)
2014783483,,01/31/2014,01-January,6-Friday,15:37,1500 Hours,District 2 (Northeast),CHARLES CITY,FLOYD,,5TH AVE & D ST,Collision with:  Vehicle in traffic,On Roadway,Broadside (front to side),FTYROW:  From yield sign,None Indicated,,Daylight,Snow,Clear,None apparent,Intersection:  Four-way intersection,Paved,,Property Damage Only,0,0,0,0,0,0,2700,2,3,,POINT (-92.667904516015 43.067309902153)
2014784889,,01/31/2014,01-January,6-Friday,15:14,1500 Hours,District 2 (Northeast),ALLISON,BUTLER,,6TH ST & MAPLE ST,Collision with:  Vehicle in traffic,On Roadway,Broadside (front to side),Lost Control,None Indicated,,Daylight,Ice/frost,Clear,"Surface condition (e.g., wet, icy)",Intersection:  Four-way intersection,Paved,,Property Damage Only,0,0,0,0,0,0,5000,2,2,,POINT (-92.792510714567 42.755554574772)
2014782547,W14-010368,01/31/2014,01-January,6-Friday,20:40,2000 Hours,District 2 (Northeast),WATERLOO,BLACK HAWK,,INDEPENDENCE AVE,Collision with:  Vehicle in traffic,Roadside,"Sideswipe, same direction",Lost Control,None Indicated,,Dark - roadway lighted,Dry,Clear,None apparent,Non-intersection:  Non-junction/no special feature,Paved,,Property Damage Only,0,0,0,0,0,0,1550,2,3,,POINT (-92.321369517224 42.498377322831)
2014783583,201400302,01/31/2014,01-January,6-Friday,18:30,1800 Hours,District 6 (East Central),,LINN,,Co Rd E16/SAWYER RD,Collision with:  Animal,,,Animal,None Indicated,,,,,,,Paved,,Property Damage Only,0,0,0,0,0,0,4500,1,1,,POINT (-91.479289173975 42.202011198866)
2014783061,14-000122,01/31/2014,01-January,6-Friday,11:20,1100 Hours,District 1 (Central),JOHNSTON,POLK,,MERLE HAY RD,Collision with:  Vehicle in traffic,On Roadway,Rear-end (front to rear),Other (explain in narrative):  Other,None Indicated,,Daylight,Dry,Cloudy,None apparent,Non-intersection:  Non-junction/no special feature,Paved,,Property Damage Only,0,0,0,0,0,0,2000,2,2,,POINT (-93.697618821014 41.656472993879)
2014801010,A390114-0215,01/31/2014,01-January,6-Friday,15:28,1500 Hours,District 4 (Southwest),,GUTHRIE,IA 25,IA 25/IOWA 25 & Co Rd F51/MONTIETH RD,Collision with:  Animal,,,Animal,None Indicated,,,,,,,Paved,,Property Damage Only,0,0,0,0,0,0,4500,1,1,,POINT (-94.493520086629 41.628647617025)
2014783033,20140002793,01/31/2014,01-January,6-Friday,14:06,1400 Hours,District 1 (Central),DES MOINES,POLK,,WALNUT ST & 5TH AVE,Collision with:  Vehicle in traffic,On Roadway,Broadside (front to side),Ran Traffic Signal,None Indicated,,Daylight,Dry,Cloudy,None apparent,Intersection:  Four-way intersection,Paved,,Possible/Unknown,0,1,0,0,1,0,4000,2,2,,POINT (-93.623330555647 41.586166341548)
2014785149,2014007525,01/31/2014,01-January,6-Friday,22:52,2200 Hours,District 4 (Southwest),,POTTAWATTAMIE,I-80,I-80,Collision with fixed object:  Bridge overhead structure,On Roadway,Non-collision (single vehicle),Driving too fast for conditions,None Indicated,,Dark - roadway not lighted,Snow,Snow,None apparent,Non-intersection:  Other non-intersection (explain in narrative),Paved,,Property Damage Only,0,0,0,0,0,0,8657,1,1,,POINT (-95.434766453602 41.498376507847)
2014785814,PD1400955,01/31/2014,01-January,6-Friday,13:32,1300 Hours,District 5 (Southeast),FAIRFIELD,JEFFERSON,,W STONE AVE & N 18TH ST,Collision with:  Vehicle in traffic,On Roadway,Broadside (front to side),Ran off road - right,None Indicated,,Daylight,Ice/frost,Cloudy,"Surface condition (e.g., wet, icy)",Non-intersection:  Non-junction/no special feature,Paved,,Property Damage Only,0,0,0,0,0,0,7000,2,2,,POINT (-91.982671645415 41.013535256304)
2014826415,14-0728,01/31/2014,01-January,6-Friday,10:50,1000 Hours,District 6 (East Central),LE CLAIRE,SCOTT,,15TH ST,Collision with fixed object:  Other fixed object (explain in narrative),,,Unknown,None Indicated,,,,,,,Unpaved,,Property Damage Only,0,0,0,0,0,0,6000,1,1,,POINT (-90.363213063609 41.599112350656)
2014782647,01-14-4435,01/31/2014,01-January,6-Friday,07:24,0700 Hours,District 6 (East Central),DUBUQUE,DUBUQUE,US 52,US 52/SW RAMP & W 4TH ST & E 4TH ST & CENTRAL AVE,Collision with:  Vehicle in traffic,On Roadway,Broadside (front to side),Ran Stop Sign,None Indicated,,Dawn,Wet,Cloudy,None apparent,Intersection:  Four-way intersection,Paved,,Property Damage Only,0,0,0,0,0,0,6100,2,2,,POINT (-90.663334261518 42.498209214068)
2014786148,,01/31/2014,01-January,6-Friday,16:36,1600 Hours,District 2 (Northeast),CLEAR LAKE,CERRO GORDO,I-35,I-35 & US 18,Collision with:  Vehicle in traffic,On Roadway,Rear-end (front to rear),Driving too fast for conditions,None Indicated,,Daylight,Dry,Clear,None apparent,Interchange-related:  Off-ramp,Paved,,Property Damage Only,0,0,0,0,0,0,2000,2,2,,POINT (-93.347491520577 43.098907575695)
2014784222,02-14-1937,01/31/2014,01-January,6-Friday,21:51,2100 Hours,District 6 (East Central),,DUBUQUE,US 52,US 52,Collision with:  Animal,,,Animal,None Indicated,,,,,,,Paved,,Property Damage Only,0,0,0,0,0,0,2500,1,1,,POINT (-90.57551712673 42.387069497474)
2014782668,14-001113,01/31/2014,01-January,6-Friday,06:35,0600 Hours,District 2 (Northeast),,FAYETTE,,Co Rd W33/L AVE,Collision with fixed object:  Ditch,On Roadway,Non-collision (single vehicle),Ran off road - right,None Indicated,,Dark - roadway not lighted,Snow,Cloudy,"Surface condition (e.g., wet, icy)",Non-intersection:  Non-junction/no special feature,Paved,,Property Damage Only,0,0,0,0,0,0,3000,1,1,,POINT (-91.824883427671 42.672825461185)
2014899581,NT-14-017,01/31/2014,01-January,6-Friday,15:40,1500 Hours,District 1 (Central),NEVADA,STORY,,K AVE & 13TH ST,Collision with:  Vehicle in traffic,On Roadway,"Angle, oncoming left turn",FTYROW:  At uncontrolled intersection,None Indicated,,Daylight,Dry,Clear,None apparent,Intersection:  Four-way intersection,Paved,,Possible/Unknown,0,1,0,0,1,0,8000,2,2,,POINT (-93.442410814738 42.021698047469)
2014782886,14000578,01/31/2014,01-January,6-Friday,14:52,1400 Hours,District 2 (Northeast),ALGONA,KOSSUTH,US 18,US 18 & N FINN DR,Collision with:  Vehicle in traffic,On Roadway,Broadside (front to side),FTYROW:  From stop sign,None Indicated,,Daylight,Dry,Cloudy,None apparent,Intersection:  T-intersection,Paved,,Property Damage Only,0,0,0,0,0,0,4000,2,2,,POINT (-94.206952667953 43.082813257787)
2014782860,2014-0033,01/31/2014,01-January,6-Friday,20:13,2000 Hours,District 5 (Southeast),NORWALK,WARREN,IA 28,IA 28/SUNSET DR & CHERRY PKWY,Collision with:  Vehicle in traffic,On Roadway,"Angle, oncoming left turn",Unknown,None Indicated,,Dark - roadway lighted,Dry,Clear,None apparent,Intersection:  Four-way intersection,Paved,,Possible/Unknown,0,1,0,0,1,0,12500,2,2,,POINT (-93.674840309345 41.484074776761)
2014782474,20140002769,01/31/2014,01-January,6-Friday,00:01,0000 Hours,District 1 (Central),DES MOINES,POLK,,33RD ST,Collision with:  Parked motor vehicle,On Roadway,Unknown,Unknown,None Indicated,,Dark - roadway lighted,Unknown,Unknown,None apparent,Non-intersection:  Non-junction/no special feature,Paved,,Property Damage Only,0,0,0,0,0,0,1500,2,777,,POINT (-93.662040958667 41.602153966344)
2014783182,,01/31/2014,01-January,6-Friday,16:00,1600 Hours,District 3 (Northwest),LAKE CITY,CALHOUN,,HANCOCK ST,Collision with fixed object:  Tree,On Roadway,Non-collision (single vehicle),Driving too fast for conditions,None Indicated,,Daylight,Ice/frost,Cloudy,"Surface condition (e.g., wet, icy)",Non-intersection:  Other non-intersection (explain in narrative),Unpaved,,Property Damage Only,0,0,0,0,0,0,3000,1,2,,POINT (-94.726359824646 42.276271440027)
2014785226,,01/31/2014,01-January,6-Friday,22:33,2200 Hours,District 3 (Northwest),SERGEANT BLUFF,WOODBURY,,Co Rd D38/210TH ST & Co Rd K29/OLD LAKEPORT RD & 1ST ST,Collision with:  Vehicle in traffic,On Roadway,Broadside (front to side),FTYROW:  From stop sign,None Indicated,,Dark - roadway not lighted,Dry,Cloudy,None apparent,Intersection:  Four-way intersection,Paved,,Property Damage Only,0,0,0,0,0,0,9800,2,2,,POINT (-96.340884983823 42.400675432396)
2014782883,2014007459,01/31/2014,01-January,6-Friday,15:21,1500 Hours,District 5 (Southeast),,APPANOOSE,IA 2,IA 2/IOWA 2 & IA 202/IOWA 202 & 323RD AVE,Collision with:  Vehicle in traffic,On Roadway,Head-on (front to front),Crossed centerline (undivided),None Indicated,,Daylight,Slush,Cloudy,None apparent,Intersection:  Four-way intersection,Paved,,Minor Injury,0,1,0,1,0,0,3500,2,2,,POINT (-92.676503495432 40.725824280733)
2014783996,14010641,01/31/2014,01-January,6-Friday,19:30,1900 Hours,District 5 (Southeast),OTTUMWA,WAPELLO,US 63,US 63,Collision with:  Other non-fixed object (explain in narrative),On Roadway,Non-collision (single vehicle),Other (explain in narrative):  Other,None Indicated,,Dark - roadway not lighted,Snow,Cloudy,None apparent,Non-intersection:  Non-junction/no special feature,Paved,,Property Damage Only,0,0,0,0,0,0,5000,2,2,,POINT (-92.527442064147 41.102957474792)