Iowa DOT Case Number,Law Enforcement Case Number,Date of Crash,Month of Crash,Day of Week,Time of Crash,Hour,DOT District,City Name,County Name,Route with System,Location Description,First Harmful Event,Location of First Harmful Event,Manner of Crash/Collision,Major Cause,Drug or Alcohol ,Environmental Conditions,Light Conditions,Surface Conditions,Weather Conditions,Roadway Contribution,Roadway Type,Roadway Surface,Work Zone,Crash Severity,Number of Fatalities,Number of Injuries,Number of Major Injuries,Number of Minor Injuries,Number of Possible Injuries,Number of Unknown Injuries,Amount of Property Damage,Number of Vehicles Involved,Total Number of Occupants,Travel Direction,Location
2014782950,14-03637,02/01/2014,02-February,7-Saturday,23:02,2300 Hours,District 5 (Southeast),,DES MOINES,,Co Rd X40/BEAVERDALE RD,Collision with:  Animal,,,Animal,None Indicated,,,,,,,Paved,,Property Damage Only,0,0,0,0,0,0,2000,1,1,,POINT (-91.217635566912 40.866568708548)
2014784044,2014008351,02/01/2014,02-February,7-Saturday,10:05,1000 Hours,District 1 (Central),HUXLEY,STORY,I-35,I-35,Non-collision events:  Other non-collision (explain in narrative),On Roadway,Non-collision (single vehicle),Ran off road - right,None Indicated,,Daylight,Ice/frost,Cloudy,"Surface condition (e.g., wet, icy)",Non-intersection:  Non-junction/no special feature,Paved,,Possible/Unknown,0,1,0,0,1,0,3000,1,1,,POINT (-93.571080413412 41.895378661245)
2014783498,14-10543,02/01/2014,02-February,7-Saturday,09:00,0900 Hours,District 2 (Northeast),,BLACK HAWK,I-380,I-380,Collision with fixed object:  Curb/island/raised median,,,Ran off road - left,None Indicated,,,,,,,Paved,,Property Damage Only,0,0,0,0,0,0,10000,1,1,,POINT (-92.18502649228 42.423496715633)
2014783476,,02/01/2014,02-February,7-Saturday,20:00,2000 Hours,District 4 (Southwest),GREENFIELD,ADAIR,IA 25,IA 25/SE 6TH ST,Collision with fixed object:  Other fixed object (explain in narrative),Outside trafficway,Non-collision (single vehicle),Crossed centerline (undivided),None Indicated,,Dark - roadway not lighted,Snow,Snow,Unknown,Non-intersection:  Non-junction/no special feature,Paved,,Property Damage Only,0,0,0,0,0,0,5000,1,1,,POINT (-94.453187743676 41.295801003708)
2014784609,2014007578,02/01/2014,02-February,7-Saturday,09:31,0900 Hours,District 6 (East Central),,IOWA,I-80,I-80,Non-collision events:  Overturn/rollover,On Roadway,Non-collision (single vehicle),Crossed centerline (undivided),None Indicated,,Daylight,Snow,Snow,"Surface condition (e.g., wet, icy)",Non-intersection:  Non-junction/no special feature,Paved,,Major Injury,0,1,1,0,0,0,10500,1,1,,POINT (-92.083591908838 41.690307465503)
2014782783,14-0134,02/01/2014,02-February,7-Saturday,06:00,0600 Hours,District 1 (Central),CLIVE,POLK,I-35,I-35,Collision with fixed object:  Concrete traffic barrier (median or right side),On Roadway,Non-collision (single vehicle),Other (explain in narrative):  No improper action,None Indicated,,Dark - roadway not lighted,Snow,Snow,"Surface condition (e.g., wet, icy)",Non-intersection:  Non-junction/no special feature,Paved,,Property Damage Only,0,0,0,0,0,0,5000,1,1,,POINT (-93.776898333138 41.602479992839)
2014783837,14015494,02/01/2014,02-February,7-Saturday,23:37,2300 Hours,District 6 (East Central),,JOHNSON,I-380,I-380,Collision with fixed object:  Other fixed object (explain in narrative),On Roadway,Non-collision (single vehicle),Swerving/Evasive Action,None Indicated,,Dark - roadway not lighted,Other (explain in narrative),Clear,None apparent,Non-intersection:  Non-junction/no special feature,Paved,,Property Damage Only,0,0,0,0,0,0,12500,1,2,,POINT (-91.642385964062 41.73549753977)
2014789747,A14011159,02/01/2014,02-February,7-Saturday,11:55,1100 Hours,District 2 (Northeast),,FRANKLIN,,Co Rd C55/70TH ST,Collision with:  Animal,,,Animal,None Indicated,,,,,,,Paved,,Property Damage Only,0,0,0,0,0,0,1500,1,1,,POINT (-93.191776545854 42.629431911979)
2014783120,14-000473,02/01/2014,02-February,7-Saturday,11:23,1100 Hours,District 1 (Central),AMES,STORY,US 69,US 69/S DUFF AVE/LINCOLN WAY,Collision with:  Vehicle in traffic,On Roadway,"Angle, oncoming left turn",FTYROW:  Making left turn,None Indicated,,Daylight,Slush,Clear,None apparent,Intersection:  Four-way intersection,Paved,,Possible/Unknown,0,1,0,0,1,0,8500,2,2,,POINT (-93.610365512309 42.02289125554)
2014784172,CL14000321,02/01/2014,02-February,7-Saturday,16:49,1600 Hours,District 6 (East Central),CLINTON,CLINTON,US 67,US 67/N 2ND ST & 14TH AVE N,Collision with:  Vehicle in traffic,On Roadway,Rear-end (front to rear),Other (explain in narrative):  Other,None Indicated,,Daylight,Slush,Cloudy,None apparent,Non-intersection:  Non-junction/no special feature,Paved,,Property Damage Only,0,0,0,0,0,0,3000,2,5,,POINT (-90.18445799551 41.859822377304)
2014782809,20140002874,02/01/2014,02-February,7-Saturday,10:27,1000 Hours,District 1 (Central),DES MOINES,POLK,,E 30TH ST,Collision with:  Vehicle in traffic,On Roadway,"Angle, oncoming left turn",Other (explain in narrative):  No improper action,None Indicated,,Daylight,Snow,Snow,"Surface condition (e.g., wet, icy)",Non-intersection:  Driveway access (within),Paved,,Possible/Unknown,0,1,0,0,1,0,8000,2,5,,POINT (-93.558400117469 41.59713760429)
2014783353,2014-7150,02/01/2014,02-February,7-Saturday,14:22,1400 Hours,District 6 (East Central),DAVENPORT,SCOTT,,IA 461/HARRISON ST & W CENTRAL PARK AVE,Collision with:  Vehicle in traffic,On Roadway,Rear-end (front to rear),Lost Control,None Indicated,,Daylight,Wet,Cloudy,None apparent,Intersection:  Other intersection (explain in narrative),Paved,,Property Damage Only,0,0,0,0,0,0,4000,2,2,,POINT (-90.576952074095 41.545511600901)
2014782851,14-004287,02/01/2014,02-February,7-Saturday,23:00,2300 Hours,District 4 (Southwest),COUNCIL BLUFFS,POTTAWATTAMIE,,KIMBERLY DR,Collision with:  Parked motor vehicle,On Roadway,Unknown,Improper Backing,None Indicated,,Dark - roadway lighted,Dry,Clear,None apparent,Non-intersection:  Non-junction/no special feature,Paved,,Property Damage Only,0,0,0,0,0,0,2000,2,1,,POINT (-95.831316401014 41.289155810286)
2014786128,,02/01/2014,02-February,7-Saturday,07:09,0700 Hours,District 3 (Northwest),,POCAHONTAS,IA 4,IA 4/220TH AVE,Collision with fixed object:  Utility pole/light support,On Roadway,Non-collision (single vehicle),Ran off road - right,None Indicated,,Dawn,Snow,Snow,"Surface condition (e.g., wet, icy)",Non-intersection:  Non-junction/no special feature,Paved,,Property Damage Only,0,0,0,0,0,0,5500,1,1,,POINT (-94.678955078497 42.823697091182)
2014782655,01-14-4620,02/01/2014,02-February,7-Saturday,08:54,0800 Hours,District 6 (East Central),DUBUQUE,DUBUQUE,,E 32ND ST,Collision with:  Vehicle in traffic,On Roadway,"Sideswipe, opposite direction",Lost Control,None Indicated,,Daylight,Snow,Cloudy,"Surface condition (e.g., wet, icy)",Non-intersection:  Non-junction/no special feature,Paved,,Property Damage Only,0,0,0,0,0,0,2500,2,2,,POINT (-90.675047211049 42.532505222902)
2014784618,2014007566,02/01/2014,02-February,7-Saturday,08:43,0800 Hours,District 6 (East Central),,IOWA,I-80,I-80,Non-collision events:  Overturn/rollover,On Roadway,Non-collision (single vehicle),Driving too fast for conditions,None Indicated,,Daylight,Snow,Snow,"Surface condition (e.g., wet, icy)",Non-intersection:  Non-junction/no special feature,Paved,,Property Damage Only,0,0,0,0,0,0,10000,1,1,,POINT (-91.968683953131 41.686973855934)
2014784617,2014007565,02/01/2014,02-February,7-Saturday,08:25,0800 Hours,District 6 (East Central),,BENTON,I-380,I-380,Non-collision events:  Overturn/rollover,On Roadway,Non-collision (single vehicle),Swerving/Evasive Action,None Indicated,,Daylight,Snow,Snow,"Surface condition (e.g., wet, icy)",Non-intersection:  Non-junction/no special feature,Paved,,Property Damage Only,0,0,0,0,0,0,5500,1,2,,POINT (-91.839582476111 42.210689433732)
2014782824,14-0563,02/01/2014,02-February,7-Saturday,13:15,1300 Hours,District 1 (Central),WEST DES MOINES,POLK,IA 28,IA 28/63RD ST & MUSKOGEE AVE & WALNUT ST,Collision with:  Vehicle in traffic,On Roadway,"Sideswipe, same direction",FTYROW:  Other (explain in narrative),None Indicated,,Daylight,Slush,Cloudy,None apparent,Non-intersection:  Non-junction/no special feature,Paved,,Property Damage Only,0,0,0,0,0,0,3000,2,2,,POINT (-93.703335826908 41.573626029804)
2014782722,201401578,02/01/2014,02-February,7-Saturday,16:30,1600 Hours,District 6 (East Central),CEDAR RAPIDS,LINN,,JACOLYN DR SW & JACOLYN DR NW & JOHNSON AVE NW,Collision with:  Vehicle in traffic,On Roadway,Broadside (front to side),Ran Stop Sign,None Indicated,,Daylight,Snow,Snow,None apparent,Intersection:  Four-way intersection,Paved,,Property Damage Only,0,0,0,0,0,0,11000,2,4,,POINT (-91.731815472264 41.968945205001)
2014782562,14-1785,02/01/2014,02-February,7-Saturday,09:53,0900 Hours,District 2 (Northeast),,BREMER,,Co Rd C33/190TH ST,Non-collision events:  Overturn/rollover,On Roadway,Non-collision (single vehicle),Driving too fast for conditions,None Indicated,,Daylight,Snow,Cloudy,"Surface condition (e.g., wet, icy)",Non-intersection:  Non-junction/no special feature,Paved,,Property Damage Only,0,0,0,0,0,0,1600,1,1,,POINT (-92.384091576342 42.773204894968)
2014787696,14000917,02/01/2014,02-February,7-Saturday,15:54,1500 Hours,District 6 (East Central),,BUCHANAN,IA 187,IA 187/WASHBURN AVE,Collision with:  Vehicle in traffic,On Roadway,Broadside (front to side),Crossed centerline (undivided),None Indicated,,Daylight,Snow,Clear,None apparent,Non-intersection:  Driveway access (within),Paved,,Minor Injury,0,1,0,1,0,0,62900,2,2,,POINT (-91.648127244321 42.506254578449)
2014782887,ACC14-004,02/01/2014,02-February,7-Saturday,08:14,0800 Hours,District 2 (Northeast),CRESCO,HOWARD,,4TH AVE W & 3RD ST W,Collision with:  Vehicle in traffic,On Roadway,Broadside (front to side),Ran Stop Sign,None Indicated,,Daylight,Snow,Snow,"Surface condition (e.g., wet, icy)",Intersection:  Four-way intersection,Paved,,Property Damage Only,0,0,0,0,0,0,7500,2,3,,POINT (-92.120221142753 43.376583990467)
2014783146,14-3202,02/01/2014,02-February,7-Saturday,13:06,1300 Hours,District 3 (Northwest),SIOUX CITY,WOODBURY,IA 376,IA 376/LEWIS BLVD & 18TH ST,Collision with:  Vehicle in traffic,On Roadway,Rear-end (front to rear),Driving too fast for conditions,None Indicated,,Daylight,Ice/frost,Cloudy,"Surface condition (e.g., wet, icy)",Intersection:  Four-way intersection,Paved,,Property Damage Only,0,0,0,0,0,0,2000,2,2,,POINT (-96.374756002192 42.508331104795)
2014784619,2014007593,02/01/2014,02-February,7-Saturday,10:35,1000 Hours,District 6 (East Central),,BENTON,I-380,I-380,Non-collision events:  Overturn/rollover,On Roadway,Non-collision (single vehicle),Ran off road - right,None Indicated,,Daylight,Snow,Snow,"Surface condition (e.g., wet, icy)",Non-intersection:  Non-junction/no special feature,Paved,,Minor Injury,0,4,0,1,3,0,7000,1,4,,POINT (-91.902983077993 42.254470761527)
2014783695,14-000475,02/01/2014,02-February,7-Saturday,15:00,1500 Hours,District 1 (Central),AMES,STORY,,30TH ST,Collision with:  Vehicle in traffic,On Roadway,Broadside (front to side),FTYROW:  From stop sign,None Indicated,,Daylight,Wet,Cloudy,None apparent,Intersection:  T-intersection,Paved,,Property Damage Only,0,0,0,0,0,0,2200,2,4,,POINT (-93.621874904922 42.051200120008)
2014782658,01-14-4636,02/01/2014,02-February,7-Saturday,10:54,1000 Hours,District 6 (East Central),DUBUQUE,DUBUQUE,,CHANEY RD,Collision with:  Parked motor vehicle,On Roadway,Rear-end (front to rear),Improper Backing,None Indicated,,Daylight,Snow,Snow,None apparent,Non-intersection:  Non-junction/no special feature,Paved,,Property Damage Only,0,0,0,0,0,0,2500,2,1,,POINT (-90.708205827668 42.506437024354)
2014782576,1402032361,02/01/2014,02-February,7-Saturday,00:30,0000 Hours,District 6 (East Central),,CLINTON,,Co Rd Y4E/130 AVE,Non-collision events:  Overturn/rollover,On Roadway,Non-collision (single vehicle),Crossed centerline (undivided),None Indicated,,Dark - roadway not lighted,Snow,Snow,"Surface condition (e.g., wet, icy)",Non-intersection:  Non-junction/no special feature,Paved,,Minor Injury,0,1,0,1,0,0,10000,1,1,,POINT (-90.830760745974 41.787000998185)
2014782786,20140002919,02/01/2014,02-February,7-Saturday,19:15,1900 Hours,District 1 (Central),DES MOINES,POLK,US 69,US 69/SE 14TH ST & E ARMY POST RD,Collision with:  Parked motor vehicle,On Roadway,Rear-end (front to rear),Unknown,None Indicated,,Dark - roadway lighted,Snow,Clear,"Surface condition (e.g., wet, icy)",Non-intersection:  Driveway access (within),Paved,,Property Damage Only,0,0,0,0,0,0,2000,2,1,,POINT (-93.596757558354 41.526291656471)
2014782835,S14-000307,02/01/2014,02-February,7-Saturday,09:58,0900 Hours,District 4 (Southwest),,POTTAWATTAMIE,IA 92,IA 92/IOWA 92 & Co Rd M47/500TH ST,Collision with:  Vehicle in traffic,On Roadway,Rear-end (front to rear),Swerving/Evasive Action,None Indicated,,Daylight,Snow,Snow,"Surface condition (e.g., wet, icy)",Non-intersection:  Non-junction/no special feature,Paved,,Property Damage Only,0,0,0,0,0,0,2500,2,3,,POINT (-95.232117003297 41.231989299115)
2014784311,14002890,02/01/2014,02-February,7-Saturday,13:23,1300 Hours,District 5 (Southeast),,LEE,US 61,US 61,Collision with fixed object:  Other fixed object (explain in narrative),Outside trafficway,Non-collision (single vehicle),Driving too fast for conditions,None Indicated,,Daylight,Snow,Cloudy,"Surface condition (e.g., wet, icy)",Non-intersection:  Non-junction/no special feature,Paved,,Property Damage Only,0,0,0,0,0,0,1550,1,1,,POINT (-91.423572296312 40.597918282592)
2014782531,14010549,02/01/2014,02-February,7-Saturday,10:08,1000 Hours,District 2 (Northeast),CEDAR FALLS,BLACK HAWK,,RAINBOW DR & HIGHVIEW CT,Collision with:  Vehicle in traffic,On Roadway,Broadside (front to side),FTYROW:  From driveway,None Indicated,,Daylight,Snow,Snow,None apparent,Non-intersection:  Driveway access (within),Paved,,Property Damage Only,0,0,0,0,0,0,4000,2,3,,POINT (-92.431619335338 42.521104444436)
2014782683,P14-001332,02/01/2014,02-February,7-Saturday,17:23,1700 Hours,District 1 (Central),WEBSTER CITY,HAMILTON,,BROADWAY ST,Collision with:  Vehicle in traffic,On Roadway,Broadside (front to side),FTYROW:  Other (explain in narrative),None Indicated,,Dusk,Snow,Snow,None apparent,Non-intersection:  Non-junction/no special feature,Paved,,Property Damage Only,0,0,0,0,0,0,4000,2,4,,POINT (-93.826390065724 42.468093148853)
2014782947,14-03534,02/01/2014,02-February,7-Saturday,01:09,0100 Hours,District 5 (Southeast),,DES MOINES,US 61,US 61,Collision with fixed object:  Ditch,Median,Non-collision (single vehicle),Crossed centerline (undivided),Alcohol (Statutory),,Dark - roadway not lighted,Snow,Snow,"Surface condition (e.g., wet, icy)",Non-intersection:  Non-junction/no special feature,Paved,,Fatal,1,1,1,0,0,0,10000,1,2,,POINT (-91.150002657087 40.846064690139)
2014782843,14-004189,02/01/2014,02-February,7-Saturday,09:35,0900 Hours,District 4 (Southwest),COUNCIL BLUFFS,POTTAWATTAMIE,I-80,I-80,Collision with:  Vehicle in traffic,On Roadway,"Sideswipe, same direction",Crossed centerline (undivided),None Indicated,,Daylight,Wet,Cloudy,None apparent,Intersection:  Intersection with ramp,Paved,,Property Damage Only,0,0,0,0,0,0,12500,2,2,,POINT (-95.825164248996 41.239285624765)
2014789504,2014007546,02/01/2014,02-February,7-Saturday,06:40,0600 Hours,District 1 (Central),ALTOONA,POLK,I-80,I-80,Collision with:  Vehicle in traffic,Shoulder,"Sideswipe, same direction",Driving too fast for conditions,None Indicated,,Daylight,Snow,Snow,"Surface condition (e.g., wet, icy)",Non-intersection:  Non-junction/no special feature,Paved,,Property Damage Only,0,0,0,0,0,0,3500,2,2,,POINT (-93.51609456337 41.660845119994)
2014783161,2014007574,02/01/2014,02-February,7-Saturday,09:10,0900 Hours,District 1 (Central),,HAMILTON,I-35,I-35,Collision with fixed object:  Traffic sign support,On Roadway,Non-collision (single vehicle),Driving too fast for conditions,None Indicated,,Daylight,Snow,Snow,"Surface condition (e.g., wet, icy)",Interchange-related:  Off-ramp,Paved,,Property Damage Only,0,0,0,0,0,0,1700,1,2,,POINT (-93.571044890365 42.449980909584)
2014782598,14-03612,02/01/2014,02-February,7-Saturday,18:58,1800 Hours,District 5 (Southeast),BURLINGTON,DES MOINES,US 61,US 61 & MT PLEASANT ST,Collision with:  Vehicle in traffic,On Roadway,"Angle, oncoming left turn",Ran Traffic Signal,None Indicated,,Dark - roadway lighted,Slush,Cloudy,"Surface condition (e.g., wet, icy)",Intersection:  Four-way intersection,Paved,,Property Damage Only,0,0,0,0,0,0,3500,2,3,,POINT (-91.141361728144 40.825883391691)
2014782750,2014000926,02/01/2014,02-February,7-Saturday,07:00,0700 Hours,District 1 (Central),MARSHALLTOWN,MARSHALL,,E STATE ST,Collision with fixed object:  Tree,On Roadway,Non-collision (single vehicle),Driving too fast for conditions,None Indicated,,Dawn,Snow,Snow,"Surface condition (e.g., wet, icy)",Non-intersection:  Non-junction/no special feature,Paved,,Possible/Unknown,0,1,0,0,1,0,9000,1,1,,POINT (-92.896884943776 42.050415793645)
2014783460,2014007571,02/01/2014,02-February,7-Saturday,08:27,0800 Hours,District 4 (Southwest),DE SOTO,DALLAS,I-80,I-80,Collision with fixed object:  Utility pole/light support,Shoulder,Non-collision (single vehicle),Swerving/Evasive Action,None Indicated,,Daylight,Slush,Snow,"Surface condition (e.g., wet, icy)",Non-intersection:  Non-junction/no special feature,Paved,,Possible/Unknown,0,1,0,0,1,0,5600,1,2,,POINT (-94.009600992555 41.540585015337)
2014783589,201400318,02/01/2014,02-February,7-Saturday,13:45,1300 Hours,District 6 (East Central),,LINN,,PALISADES ACESS RD,Collision with:  Vehicle in traffic,On Roadway,Broadside (front to side),FTYROW:  Other (explain in narrative),None Indicated,,Daylight,Snow,Clear,"Surface condition (e.g., wet, icy)",Non-intersection:  Driveway access (within),Unpaved,,Property Damage Only,0,0,0,0,0,0,4000,2,2,,POINT (-91.534855433607 41.860458789135)
2014783252,2014001197,02/01/2014,02-February,7-Saturday,17:01,1700 Hours,District 6 (East Central),IOWA CITY,JOHNSON,,SOUTHGATE AVE & KEOKUK ST,Collision with:  Vehicle in traffic,On Roadway,Broadside (front to side),FTYROW:  From stop sign,None Indicated,,Daylight,Snow,Clear,None apparent,Intersection:  T-intersection,Paved,,Property Damage Only,0,0,0,0,0,0,2000,2,3,,POINT (-91.524933379529 41.640657938877)
2014782805,20140002862,02/01/2014,02-February,7-Saturday,06:32,0600 Hours,District 1 (Central),DES MOINES,POLK,I-235,I-235,Collision with:  Vehicle in traffic,On Roadway,"Sideswipe, same direction",Driving too fast for conditions,None Indicated,,Dark - roadway lighted,Snow,Snow,"Surface condition (e.g., wet, icy)",Non-intersection:  Non-junction/no special feature,Paved,,Property Damage Only,0,0,0,0,0,0,4000,2,2,,POINT (-93.677755508024 41.591289754389)
2014784891,,02/01/2014,02-February,7-Saturday,23:10,2300 Hours,District 2 (Northeast),GUTTENBERG,CLAYTON,,RIVER PARK DR,Collision with:  Parked motor vehicle,On Roadway,"Sideswipe, opposite direction","Operating vehicle in an reckless, erratic, careless, negligent manner",Refused,,Dark - roadway lighted,Snow,Clear,None apparent,Non-intersection:  Non-junction/no special feature,Paved,,Property Damage Only,0,0,0,0,0,0,3200,3,1,,POINT (-91.095528291891 42.782508297689)
2014782938,14001609,02/01/2014,02-February,7-Saturday,19:19,1900 Hours,District 2 (Northeast),MASON CITY,CERRO GORDO,,VILLAGE LN SW & VILLAGE GREEN DR SW,Collision with fixed object:  Tree,Roadside,Non-collision (single vehicle),Ran off road - right,None Indicated,,Dark - roadway lighted,Snow,Cloudy,"Surface condition (e.g., wet, icy)",Non-intersection:  Non-junction/no special feature,Paved,,Property Damage Only,0,0,0,0,0,0,1500,1,2,,POINT (-93.248320865453 43.146729584009)
2014786400,2014-7194,02/01/2014,02-February,7-Saturday,18:17,1800 Hours,District 6 (East Central),DAVENPORT,SCOTT,,W LOCUST ST & LILLIE AVE,Collision with:  Vehicle in traffic,On Roadway,"Sideswipe, same direction",Driving too fast for conditions,None Indicated,,Dark - roadway lighted,Snow,Cloudy,"Surface condition (e.g., wet, icy)",Non-intersection:  Non-junction/no special feature,Paved,,Property Damage Only,0,0,0,0,0,0,1500,2,4,,POINT (-90.590085520849 41.538249378937)
2014782730,14-000438,02/01/2014,02-February,7-Saturday,09:25,0900 Hours,District 3 (Northwest),ROCK RAPIDS,LYON,,S 2ND AVE & S GREEN ST,Collision with:  Vehicle in traffic,On Roadway,Broadside (front to side),FTYROW:  From stop sign,None Indicated,,Daylight,Ice/frost,Cloudy,None apparent,Intersection:  Four-way intersection,Paved,,Property Damage Only,0,0,0,0,0,0,5500,2,2,,POINT (-96.170946552375 43.430797478086)
2014782825,14-0555,02/01/2014,02-February,7-Saturday,08:01,0800 Hours,District 1 (Central),WEST DES MOINES,POLK,I-35,I-35 & MILLS CIVIC PKWY,Collision with:  Vehicle in traffic,On Roadway,"Sideswipe, same direction",Lost Control,None Indicated,,Daylight,Snow,Cloudy,"Surface condition (e.g., wet, icy)",Intersection:  Intersection with ramp,Paved,,Property Damage Only,0,0,0,0,0,0,2000,2,2,,POINT (-93.77838167789 41.559136192312)
2014782561,14-1783,02/01/2014,02-February,7-Saturday,07:35,0700 Hours,District 2 (Northeast),,BREMER,US 63,US 63/US 63 SB ENTR RAMP C/US 63 SB EXIT RAMP A & IA 3/IOWA 3,Collision with:  Vehicle in traffic,On Roadway,Rear-end (front to rear),Driving too fast for conditions,None Indicated,,Daylight,Snow,Snow,"Surface condition (e.g., wet, icy)",Interchange-related:  Off-ramp,Paved,,Property Damage Only,0,0,0,0,0,0,3500,2,2,,POINT (-92.339071679608 42.714526577308)
2014783931,14-0073,02/01/2014,02-February,7-Saturday,10:00,1000 Hours,District 1 (Central),WINDSOR HEIGHTS,POLK,,WASHINGTON AVE & 69TH ST,Collision with fixed object:  Traffic sign support,On Roadway,"Sideswipe, opposite direction",Over correcting/over steering,None Indicated,,Daylight,Snow,Cloudy,None apparent,Intersection:  T-intersection,Paved,,Property Damage Only,0,0,0,0,0,0,31500,2,2,,POINT (-93.711716627124 41.609342153346)
2014782773,14-705,02/01/2014,02-February,7-Saturday,11:20,1100 Hours,District 1 (Central),ALTOONA,POLK,,Co Rd S14/NE 70TH ST & 1ST AVE S,Collision with fixed object:  Ditch,On Roadway,Non-collision (single vehicle),Crossed centerline (undivided),None Indicated,,Daylight,Snow,Snow,"Surface condition (e.g., wet, icy)",Non-intersection:  Non-junction/no special feature,Paved,,Possible/Unknown,0,1,0,0,1,0,5100,1,1,,POINT (-93.469483140245 41.608406846055)
2014782849,14-004271,02/01/2014,02-February,7-Saturday,22:10,2200 Hours,District 4 (Southwest),COUNCIL BLUFFS,POTTAWATTAMIE,US 6,US 6/W BROADWAY,Collision with:  Vehicle in traffic,On Roadway,Rear-end (front to rear),Followed too close,None Indicated,,Dark - roadway lighted,Dry,Cloudy,None apparent,Non-intersection:  Non-junction/no special feature,Paved,,Property Damage Only,0,0,0,0,0,0,3500,2,2,,POINT (-95.885485819321 41.261934570421)
2014783017,14000542,02/01/2014,02-February,7-Saturday,12:13,1200 Hours,District 3 (Northwest),SHELDON,OBRIEN,,6TH ST & 7TH AVE,Collision with:  Vehicle in traffic,On Roadway,Broadside (front to side),FTYROW:  From yield sign,None Indicated,,Daylight,Ice/frost,Clear,None apparent,Intersection:  Four-way intersection,Paved,,Possible/Unknown,0,1,0,0,1,0,3350,2,3,,POINT (-95.847930953298 43.18333325072)
2014783131,201400005291,02/01/2014,02-February,7-Saturday,08:11,0800 Hours,District 5 (Southeast),OTTUMWA,WAPELLO,,W 2ND ST & S CALDWELL ST & N CALDWELL ST,Collision with:  Vehicle in traffic,On Roadway,Broadside (front to side),Driving too fast for conditions,Refused,,Daylight,Snow,Cloudy,"Surface condition (e.g., wet, icy)",Non-intersection:  Non-junction/no special feature,Paved,,Property Damage Only,0,0,0,0,0,0,3018,2,2,,POINT (-92.433032404908 41.0346107226)
2014782551,W14-010556,02/01/2014,02-February,7-Saturday,10:14,1000 Hours,District 2 (Northeast),WATERLOO,BLACK HAWK,IA 934,IA 934/UNIVERSITY AVE & PROGRESS AVE,Collision with:  Vehicle in traffic,On Roadway,Broadside (front to side),Driving too fast for conditions,None Indicated,,Daylight,Snow,Snow,"Surface condition (e.g., wet, icy)",Intersection:  Four-way intersection,Paved,,Property Damage Only,0,0,0,0,0,0,3500,2,6,,POINT (-92.402311996037 42.504843934524)
2014782563,14-1798,02/01/2014,02-February,7-Saturday,13:28,1300 Hours,District 2 (Northeast),JANESVILLE,BREMER,,FAIRVIEW AVE & 270TH ST,Collision with fixed object:  Ditch,Roadside,Non-collision (single vehicle),Ran off road - straight,None Indicated,,Daylight,Snow,Clear,"Surface condition (e.g., wet, icy)",Intersection:  T-intersection,Unpaved,,Property Damage Only,0,0,0,0,0,0,2000,1,2,,POINT (-92.45587310782 42.656776033849)
2014784608,2014007556,02/01/2014,02-February,7-Saturday,07:43,0700 Hours,District 6 (East Central),CORALVILLE,JOHNSON,I-80,I-80,Collision with:  Vehicle in traffic,On Roadway,"Sideswipe, same direction",Swerving/Evasive Action,None Indicated,,Daylight,Snow,Snow,"Surface condition (e.g., wet, icy)",Non-intersection:  Non-junction/no special feature,Paved,,Property Damage Only,0,0,0,0,0,0,4400,2,2,,POINT (-91.628590758195 41.694361686836)
2014782948,14-03571,02/01/2014,02-February,7-Saturday,10:50,1000 Hours,District 5 (Southeast),,DES MOINES,US 61,US 61,Collision with:  Vehicle in traffic,On Roadway,"Sideswipe, same direction",Lost Control,None Indicated,,Daylight,Snow,Cloudy,"Surface condition (e.g., wet, icy)",Non-intersection:  Non-junction/no special feature,Paved,,Property Damage Only,0,0,0,0,0,0,3500,2,4,,POINT (-91.156242172783 40.749699390608)
2014782727,14002188,02/01/2014,02-February,7-Saturday,18:55,1800 Hours,District 6 (East Central),MARION,LINN,,3RD ST & W 34TH AVE,Collision with:  Vehicle in traffic,On Roadway,Broadside (front to side),FTYROW:  From stop sign,None Indicated,,Dark - roadway lighted,Snow,Cloudy,None apparent,Intersection:  Four-way intersection,Paved,,Property Damage Only,0,0,0,0,0,0,6000,2,2,,POINT (-91.60662240418 42.054990651107)
2014782663,02-14-1958,02/01/2014,02-February,7-Saturday,12:45,1200 Hours,District 6 (East Central),,DUBUQUE,,HALES MILL RD,Collision with fixed object:  Ditch,Shoulder,Unknown,Swerving/Evasive Action,None Indicated,,Daylight,Slush,Cloudy,"Surface condition (e.g., wet, icy)",Intersection:  Y-intersection,Paved,,Property Damage Only,0,0,0,0,0,0,2000,2,2,,POINT (-90.769409625417 42.530482514335)
2014782552,W14-010585,02/01/2014,02-February,7-Saturday,12:13,1200 Hours,District 2 (Northeast),WATERLOO,BLACK HAWK,US 218,US 218/WASHINGTON ST,Non-collision events:  Overturn/rollover,On Roadway,Non-collision (single vehicle),Swerving/Evasive Action,None Indicated,,Daylight,Wet,Cloudy,"Surface condition (e.g., wet, icy)",Non-intersection:  Driveway access (within),Paved,,Minor Injury,0,1,0,1,0,0,5000,1,1,,POINT (-92.40781818238 42.537860776458)