Iowa DOT Case Number,Law Enforcement Case Number,Date of Crash,Month of Crash,Day of Week,Time of Crash,Hour,DOT District,City Name,County Name,Route with System,Location Description,First Harmful Event,Location of First Harmful Event,Manner of Crash/Collision,Major Cause,Drug or Alcohol ,Environmental Conditions,Light Conditions,Surface Conditions,Weather Conditions,Roadway Contribution,Roadway Type,Roadway Surface,Work Zone,Crash Severity,Number of Fatalities,Number of Injuries,Number of Major Injuries,Number of Minor Injuries,Number of Possible Injuries,Number of Unknown Injuries,Amount of Property Damage,Number of Vehicles Involved,Total Number of Occupants,Travel Direction,Location
2014784164,CL14000315,02/01/2014,02-February,7-Saturday,09:55,0900 Hours,District 6 (East Central),CLINTON,CLINTON,,HARRISON DR & S 14TH ST,Collision with fixed object:  Traffic sign support,On Roadway,Non-collision (single vehicle),Lost Control,None Indicated,,Daylight,Snow,Snow,"Surface condition (e.g., wet, icy)",Non-intersection:  Non-junction/no special feature,Paved,,Property Damage Only,0,0,0,0,0,0,2000,1,4,,POINT (-90.218643949496 41.827649994066)
2014782566,14-029,02/02/2014,02-February,1-Sunday,14:20,1400 Hours,District 2 (Northeast),WAVERLY,BREMER,IA 3,IA 3/HERITAGE WAY & 10TH AVE SW,Collision with:  Vehicle in traffic,On Roadway,Broadside (front to side),Ran Stop Sign,None Indicated,,Daylight,Dry,Clear,None apparent,Intersection:  Four-way intersection,Paved,,Possible/Unknown,0,1,0,0,1,0,10000,2,2,,POINT (-92.500063497795 42.716324031085)
2014782834,14-000230,02/02/2014,02-February,1-Sunday,08:46,0800 Hours,District 1 (Central),ALTOONA,POLK,,ADVENTURELAND DR,Collision with:  Vehicle in traffic,On Roadway,"Sideswipe, same direction",FTYROW:  Other (explain in narrative),None Indicated,,Daylight,Dry,Clear,None apparent,Non-intersection:  Driveway access (within),Paved,,Property Damage Only,0,0,0,0,0,0,3700,2,2,,POINT (-93.488175123384 41.658508135248)
2014782752,2014000952,02/02/2014,02-February,1-Sunday,10:56,1000 Hours,District 1 (Central),MARSHALLTOWN,MARSHALL,,E STATE ST & N 10TH AVE,Collision with:  Vehicle in traffic,On Roadway,Broadside (front to side),Ran Stop Sign,None Indicated,,Daylight,Snow,Clear,None apparent,Intersection:  Four-way intersection,Paved,,Possible/Unknown,0,2,0,0,2,0,3500,2,2,,POINT (-92.896002778315 42.050424003919)
2014782852,14-004340,02/02/2014,02-February,1-Sunday,15:39,1500 Hours,District 4 (Southwest),COUNCIL BLUFFS,POTTAWATTAMIE,,AVE L & N 25TH ST,Collision with:  Vehicle in traffic,On Roadway,Broadside (front to side),FTYROW:  From stop sign,None Indicated,,Daylight,Dry,Cloudy,None apparent,Intersection:  Four-way intersection,Paved,,Property Damage Only,0,0,0,0,0,0,4000,2,2,,POINT (-95.88177763698 41.27260094443)
2014782556,W14-010779,02/02/2014,02-February,1-Sunday,00:30,0000 Hours,District 2 (Northeast),WATERLOO,BLACK HAWK,,FRANKLIN ST,Collision with fixed object:  Guardrail - face,Shoulder,Non-collision (single vehicle),Ran off road - right,None Indicated,,Dark - roadway lighted,Snow,Clear,"Surface condition (e.g., wet, icy)",Non-intersection:  Non-junction/no special feature,Paved,,Property Damage Only,0,0,0,0,0,0,5000,1,1,,POINT (-92.325052170702 42.495436153267)
2014782660,01-14-4776,02/02/2014,02-February,1-Sunday,10:56,1000 Hours,District 6 (East Central),DUBUQUE,DUBUQUE,,HILL ST & BURCH ST,Collision with:  Vehicle in traffic,On Roadway,"Angle, oncoming left turn",FTYROW:  From stop sign,None Indicated,,Daylight,Wet,Clear,None apparent,Intersection:  T-intersection,Paved,,Possible/Unknown,0,1,0,0,1,0,19500,2,2,,POINT (-90.674350034171 42.496497275197)
2014783008,14-0242,02/02/2014,02-February,1-Sunday,16:04,1600 Hours,District 2 (Northeast),OSAGE,MITCHELL,,WALNUT ST & N 4TH ST,Collision with:  Vehicle in traffic,On Roadway,Broadside (front to side),FTYROW:  At uncontrolled intersection,None Indicated,,Daylight,Snow,Clear,"Surface condition (e.g., wet, icy)",Non-intersection:  Non-junction/no special feature,Paved,,Property Damage Only,0,0,0,0,0,0,2500,2,2,,POINT (-92.816438122369 43.287010657126)
2014784678,,02/02/2014,02-February,1-Sunday,09:55,0900 Hours,District 3 (Northwest),LAKE PARK,DICKINSON,,N MARKET ST,Collision with:  Vehicle in traffic,On Roadway,Rear-end (front to rear),Other (explain in narrative):  No improper action,None Indicated,,Daylight,Snow,Cloudy,None apparent,Non-intersection:  Driveway access (within),Paved,,Property Damage Only,0,0,0,0,0,0,3500,2,3,,POINT (-95.320541299774 43.45620258042)
2014782781,14-000487,02/02/2014,02-February,1-Sunday,16:49,1600 Hours,District 1 (Central),ANKENY,POLK,,SE 10TH ST,Collision with fixed object:  Utility pole/light support,Outside trafficway,Non-collision (single vehicle),Driving too fast for conditions,None Indicated,,Daylight,Ice/frost,Clear,"Surface condition (e.g., wet, icy)",Non-intersection:  Non-junction/no special feature,Paved,,Property Damage Only,0,0,0,0,0,0,2500,1,1,,POINT (-93.589643289489 41.720586704304)
2014783216,2014-0397,02/02/2014,02-February,1-Sunday,13:08,1300 Hours,District 4 (Southwest),WAUKEE,DALLAS,,UNIVERSITY AVE,Collision with fixed object:  Utility pole/light support,Shoulder,Non-collision (single vehicle),Unknown,Alcohol (Statutory),,Daylight,Dry,Cloudy,None apparent,Non-intersection:  Non-junction/no special feature,Paved,,Property Damage Only,0,0,0,0,0,0,5300,1,1,,POINT (-93.820480698975 41.600402791453)
2014783696,14-000490,02/02/2014,02-February,1-Sunday,09:45,0900 Hours,District 1 (Central),AMES,STORY,,5TH ST & CLARK AVE,Collision with:  Vehicle in traffic,On Roadway,Broadside (front to side),FTYROW:  From stop sign,None Indicated,,Daylight,Dry,Clear,None apparent,Intersection:  Four-way intersection,Paved,,Property Damage Only,0,0,0,0,0,0,7000,2,3,,POINT (-93.616892573337 42.025846544602)
2014782577,130263,02/02/2014,02-February,1-Sunday,19:30,1900 Hours,District 3 (Northwest),,CRAWFORD,,Co Rd M36/DONNA REED RD,Collision with fixed object:  Tree,Roadside,Non-collision (single vehicle),Swerving/Evasive Action,None Indicated,,Dark - roadway not lighted,Dry,Clear,None apparent,Non-intersection:  Non-junction/no special feature,Paved,,Minor Injury,0,1,0,1,0,0,4200,1,2,,POINT (-95.322214567152 41.985357087607)
2014784925,2014-000562,02/02/2014,02-February,1-Sunday,01:00,0100 Hours,District 6 (East Central),,BENTON,US 30,US 30/73 ST,Non-collision events:  Overturn/rollover,Median,Non-collision (single vehicle),Ran off road - left,None Indicated,,Dark - roadway not lighted,Snow,"Blowing sand, soil, dirt",None apparent,Non-intersection:  Non-junction/no special feature,Paved,,Property Damage Only,0,0,0,0,0,0,4000,1,1,,POINT (-91.9357967967 41.963262854071)
2014783167,AC-14-003,02/02/2014,02-February,1-Sunday,21:28,2100 Hours,District 6 (East Central),MONTICELLO,JONES,,BIRCH ST,Collision with:  Parked motor vehicle,On Roadway,Broadside (front to side),Other (explain in narrative):  Vision obstructed,None Indicated,,Dark - roadway not lighted,Ice/frost,Cloudy,"Surface condition (e.g., wet, icy)",Non-intersection:  Non-junction/no special feature,Paved,,Property Damage Only,0,0,0,0,0,0,3000,2,2,,POINT (-91.19969242366 42.249386487457)
2014783356,2014-7336,02/02/2014,02-February,1-Sunday,10:25,1000 Hours,District 6 (East Central),DAVENPORT,SCOTT,,E 53RD ST & ELMORE CIR,Collision with:  Vehicle in traffic,On Roadway,Broadside (front to side),Ran Traffic Signal,None Indicated,,Daylight,Wet,Clear,None apparent,Intersection:  Four-way intersection,Paved,,Property Damage Only,0,0,0,0,0,0,4000,2,3,,POINT (-90.531045423282 41.57486792232)
2014782939,14001652,02/02/2014,02-February,1-Sunday,19:05,1900 Hours,District 2 (Northeast),MASON CITY,CERRO GORDO,IA 122,IA 122/4TH ST SW & S TAFT AVE,Collision with:  Vehicle in traffic,On Roadway,Rear-end (front to rear),Other (explain in narrative):  Other,None Indicated,,Dark - roadway lighted,Dry,Cloudy,None apparent,Intersection:  Four-way intersection,Paved,,Property Damage Only,0,0,0,0,0,0,1500,2,4,,POINT (-93.240604050959 43.148339930608)
2014790646,2014-7388,02/02/2014,02-February,1-Sunday,16:59,1600 Hours,District 6 (East Central),DAVENPORT,SCOTT,,IA 461/HARRISON ST,Collision with:  Vehicle in traffic,On Roadway,"Sideswipe, same direction",Lost Control,None Indicated,,Daylight,Dry,Clear,None apparent,Non-intersection:  Non-junction/no special feature,Paved,,Property Damage Only,0,0,0,0,0,0,2250,2,4,,POINT (-90.57678051638 41.554595435114)
2014783077,2014-7399,02/02/2014,02-February,1-Sunday,18:00,1800 Hours,District 6 (East Central),DAVENPORT,SCOTT,,W 3RD ST,Collision with:  Parked motor vehicle,On Roadway,"Sideswipe, same direction",Lost Control,None Indicated,,Dark - roadway lighted,Wet,Clear,None apparent,Non-intersection:  Non-junction/no special feature,Paved,,Property Damage Only,0,0,0,0,0,0,3500,2,1,,POINT (-90.596332783323 41.522339741593)
2014782669,14-001182,02/02/2014,02-February,1-Sunday,22:54,2200 Hours,District 2 (Northeast),,FAYETTE,IA 3,IA 3/35TH ST,Collision with fixed object:  Traffic sign support,Shoulder,Non-collision (single vehicle),Ran off road - right,None Indicated,,Dark - roadway not lighted,Dry,Clear,None apparent,Non-intersection:  Non-junction/no special feature,Paved,,Property Damage Only,0,0,0,0,0,0,3700,1,1,,POINT (-91.827297599556 42.680081576609)
2014784967,14-03675,02/02/2014,02-February,1-Sunday,11:35,1100 Hours,District 5 (Southeast),,DES MOINES,,Co Rd X99/DMC 99,Non-collision events:  Overturn/rollover,Roadside,Non-collision (single vehicle),Ran off road - right,None Indicated,,Daylight,Snow,Clear,"Surface condition (e.g., wet, icy)",Non-intersection:  Non-junction/no special feature,Paved,,Minor Injury,0,1,0,1,0,0,1500,1,1,,POINT (-91.042306426809 40.963655817577)
2014826422,14-769,02/02/2014,02-February,1-Sunday,21:30,2100 Hours,District 6 (East Central),LE CLAIRE,SCOTT,,HOLLAND ST & 5TH ST & 4TH ST,Collision with:  Parked motor vehicle,On Roadway,"Angle, oncoming left turn",Unknown,None Indicated,,Dark - roadway lighted,Snow,Clear,"Surface condition (e.g., wet, icy)",Non-intersection:  Non-junction/no special feature,Paved,,Property Damage Only,0,0,0,0,0,0,3500,2,1,,POINT (-90.349393743478 41.604909522135)
2014784454,20140002932,02/02/2014,02-February,1-Sunday,00:30,0000 Hours,District 1 (Central),DES MOINES,POLK,,ALLISON AVE,Collision with fixed object:  Utility pole/light support,On Roadway,Rear-end (front to rear),Lost Control,None Indicated,,Dark - roadway lighted,Snow,Snow,Unknown,Non-intersection:  Non-junction/no special feature,Paved,,Property Damage Only,0,0,0,0,0,0,12949,2,1,,POINT (-93.642305030535 41.61227294338)
2014782557,W14-010811,02/02/2014,02-February,1-Sunday,01:26,0100 Hours,District 2 (Northeast),WATERLOO,BLACK HAWK,,LAFAYETTE ST & E 4TH ST,Collision with:  Parked motor vehicle,Outside trafficway,Unknown,Unknown,None Indicated,,Dark - roadway lighted,Dry,Clear,None apparent,Non-intersection:  Non-junction/no special feature,Paved,,Property Damage Only,0,0,0,0,0,0,2000,2,2,,POINT (-92.334993046933 42.499033558487)
2014782724,201401616,02/02/2014,02-February,1-Sunday,12:51,1200 Hours,District 6 (East Central),CEDAR RAPIDS,LINN,,12TH AVE SE,Collision with:  Vehicle in traffic,On Roadway,Broadside (front to side),FTYROW:  From driveway,None Indicated,,Daylight,Dry,Clear,None apparent,Non-intersection:  Driveway access (within),Paved,,Property Damage Only,0,0,0,0,0,0,5000,2,3,,POINT (-91.65768176604 41.970515965191)
2014782560,201400429,02/02/2014,02-February,1-Sunday,12:06,1200 Hours,District 1 (Central),,BOONE,IA 17,IA 17/S AVE & Co Rd E52/250TH ST,Collision with:  Vehicle in traffic,On Roadway,Rear-end (front to rear),Swerving/Evasive Action,None Indicated,,Daylight,Dry,Clear,None apparent,Intersection:  Four-way intersection,Paved,,Property Damage Only,0,0,0,0,0,0,8500,2,4,,POINT (-93.815388447128 41.994111870969)
2014782713,2014001233,02/02/2014,02-February,1-Sunday,10:00,1000 Hours,District 6 (East Central),IOWA CITY,JOHNSON,,ROCHESTER AVE,Collision with fixed object:  Utility pole/light support,On Roadway,Non-collision (single vehicle),Ran off road - left,None Indicated,,Daylight,Snow,Clear,None apparent,Non-intersection:  Non-junction/no special feature,Paved,,Minor Injury,0,2,0,2,0,0,8000,1,3,,POINT (-91.497608487291 41.667918961847)
2014782757,14000000576,02/02/2014,02-February,1-Sunday,10:35,1000 Hours,District 2 (Northeast),,MITCHELL,,Co Rd T28/HICKORY AVE,Non-collision events:  Overturn/rollover,On Roadway,Non-collision (single vehicle),Crossed centerline (undivided),None Indicated,,Daylight,Snow,Clear,None apparent,Non-intersection:  Non-junction/no special feature,Unpaved,,Minor Injury,0,1,0,1,0,0,3400,1,1,,POINT (-92.890485348208 43.429043827221)
2014782780,14-000486,02/02/2014,02-February,1-Sunday,15:37,1500 Hours,District 1 (Central),ANKENY,POLK,IA 160,IA 160/SE ORALABOR RD,Collision with:  Vehicle in traffic,On Roadway,"Sideswipe, same direction",Improper or erratic lane changing,None Indicated,,Daylight,Dry,Clear,None apparent,Intersection:  Four-way intersection,Paved,,Property Damage Only,0,0,0,0,0,0,2000,2,5,,POINT (-93.58120100698 41.702939832917)
2014785245,14-000826,02/02/2014,02-February,1-Sunday,04:00,0400 Hours,District 4 (Southwest),MARNE,CASS,,4TH ST,Collision with fixed object:  Bridge overhead structure,Shoulder,Non-collision (single vehicle),Swerving/Evasive Action,None Indicated,,Dark - roadway not lighted,Dry,Clear,None apparent,Non-intersection:  Other non-intersection (explain in narrative),Paved,,Property Damage Only,0,0,0,0,0,0,5500,1,1,,POINT (-95.117403514433 41.451574578085)
2014786943,2014007702,02/02/2014,02-February,1-Sunday,08:39,0800 Hours,District 1 (Central),,JASPER,IA 330,IA 330/IOWA 330 N,Non-collision events:  Other non-collision (explain in narrative),Outside trafficway,Non-collision (single vehicle),Ran off road - right,None Indicated,,Daylight,Dry,Clear,None apparent,Non-intersection:  Other non-intersection (explain in narrative),Paved,,Fatal,1,0,0,0,0,0,7000,1,1,,POINT (-93.238974153704 41.8587032072)
2014783427,14-0343,02/02/2014,02-February,1-Sunday,12:00,1200 Hours,District 1 (Central),FORT DODGE,WEBSTER,,S 8TH ST,Unknown,Outside trafficway,Rear-end (front to rear),Unknown,None Indicated,,Daylight,Unknown,Unknown,None apparent,Non-intersection:  Non-junction/no special feature,Paved,,Property Damage Only,0,0,0,0,0,0,1500,2,1,,POINT (-94.186581998168 42.501592301828)
2014783027,14-000485,02/02/2014,02-February,1-Sunday,14:15,1400 Hours,District 1 (Central),ANKENY,POLK,,SE KENSINGTON RD,Collision with:  Vehicle in traffic,On Roadway,"Sideswipe, same direction",Driving too fast for conditions,None Indicated,,Daylight,Dry,Clear,None apparent,Non-intersection:  Non-junction/no special feature,Paved,,Property Damage Only,0,0,0,0,0,0,3000,2,1,,POINT (-93.588975662603 41.714618449408)
2014785169,2014007756,02/02/2014,02-February,1-Sunday,18:05,1800 Hours,District 4 (Southwest),,POTTAWATTAMIE,I-80,I-80,Collision with:  Animal,,,Animal,None Indicated,,,,,,,Paved,,Property Damage Only,0,0,0,0,0,0,5500,1,1,,POINT (-95.490218070035 41.498935819245)
2014783075,14-1971,02/02/2014,02-February,1-Sunday,23:47,2300 Hours,District 6 (East Central),BETTENDORF,SCOTT,I-74,I-74,Collision with fixed object:  Traffic sign support,Median,Non-collision (single vehicle),Ran off road - right,None Indicated,,Dark - roadway lighted,Snow,Clear,None apparent,"Interchange-related:  Off-ramp, diverge area",Paved,,Property Damage Only,0,0,0,0,0,0,13607,1,1,,POINT (-90.51605720713 41.534385641415)
2014782976,21-2014,02/02/2014,02-February,1-Sunday,10:00,1000 Hours,District 4 (Southwest),,HARRISON,,Co Rd L20/LOESS HILLS TRL,Collision with fixed object:  Ditch,On Roadway,Non-collision (single vehicle),Crossed centerline (undivided),None Indicated,,Daylight,Dry,Clear,None apparent,Non-intersection:  Non-junction/no special feature,Paved,,Possible/Unknown,0,1,0,0,1,0,4500,1,1,,POINT (-95.888360764313 41.54502494738)
2014782575,1402028111,02/02/2014,02-February,1-Sunday,18:15,1800 Hours,District 6 (East Central),,CLINTON,,Co Rd E63/190 ST,Collision with fixed object:  Ditch,On Roadway,Non-collision (single vehicle),Ran off road - right,Under Influence of Alcohol/Drugs/Medications,,Dark - roadway lighted,Snow,Clear,None apparent,Non-intersection:  Non-junction/no special feature,Paved,,Possible/Unknown,0,1,0,0,0,1,6000,1,1,,POINT (-90.629531876233 41.901876055482)
2014782986,201401627,02/02/2014,02-February,1-Sunday,16:18,1600 Hours,District 6 (East Central),CEDAR RAPIDS,LINN,,JOHNSON AVE NW & 18TH ST NW,Collision with:  Vehicle in traffic,On Roadway,Broadside (front to side),Ran Stop Sign,None Indicated,,Daylight,Wet,Clear,None apparent,Intersection:  Four-way intersection,Paved,,Property Damage Only,0,0,0,0,0,0,6500,2,5,,POINT (-91.696667540715 41.974486769821)
2014783183,,02/02/2014,02-February,1-Sunday,12:12,1200 Hours,District 3 (Northwest),LAKE CITY,CALHOUN,IA 175,IA 175/MAIN ST & WEST ST,Collision with fixed object:  Traffic sign support,On Roadway,Non-collision (single vehicle),Driving too fast for conditions,None Indicated,,Daylight,Snow,Clear,"Surface condition (e.g., wet, icy)",Intersection:  Four-way intersection,Paved,,Property Damage Only,0,0,0,0,0,0,2100,1,1,,POINT (-94.736240764787 42.267350548219)
2014786140,,02/02/2014,02-February,1-Sunday,13:22,1300 Hours,District 2 (Northeast),CHARLES CITY,FLOYD,,5TH AVE & D ST,Collision with:  Vehicle in traffic,On Roadway,Broadside (front to side),FTYROW:  From yield sign,None Indicated,,Daylight,Snow,Clear,None apparent,Intersection:  Four-way intersection,Paved,,Property Damage Only,0,0,0,0,0,0,5000,2,4,,POINT (-92.667904516015 43.067309902153)
2014782746,14025,02/02/2014,02-February,1-Sunday,18:50,1800 Hours,District 5 (Southeast),PELLA,MARION,,E 1ST ST,Collision with:  Non-motorist (see non-motorist section - NOT a unit),On Roadway,Non-collision (single vehicle),Unknown,None Indicated,,Dark - roadway lighted,Snow,Clear,Unknown,Non-intersection:  Non-junction/no special feature,Paved,,Possible/Unknown,0,1,0,0,1,0,0,1,1,,POINT (-92.914722719204 41.403811017674)
2014782703,C14000365,02/02/2014,02-February,1-Sunday,13:04,1300 Hours,District 6 (East Central),CORALVILLE,JOHNSON,,CORAL RIDGE AVE & HEARTLAND DR & HOLIDAY RD,Collision with:  Vehicle in traffic,On Roadway,Rear-end (front to rear),Other (explain in narrative):  Other,None Indicated,,Daylight,Dry,Cloudy,None apparent,Intersection:  Four-way intersection,Paved,,Property Damage Only,0,0,0,0,0,0,2500,2,3,,POINT (-91.608377552929 41.7005225177)
2014782858,14-001193,02/02/2014,02-February,1-Sunday,11:19,1100 Hours,District 1 (Central),DYSART,TAMA,,WILSON ST & STATE ST,Collision with:  Vehicle in traffic,On Roadway,Rear-end (front to rear),Driving too fast for conditions,None Indicated,,Daylight,Snow,Clear,"Surface condition (e.g., wet, icy)",Intersection:  Four-way intersection,Paved,,Property Damage Only,0,0,0,0,0,0,1600,2,4,,POINT (-92.310353890412 42.171913291594)
2014782791,20140002927,02/02/2014,02-February,1-Sunday,00:03,0000 Hours,District 1 (Central),DES MOINES,POLK,,SE 6TH ST,Collision with fixed object:  Traffic sign support,Roadside,Non-collision (single vehicle),Ran off road - right,None Indicated,,Dark - roadway lighted,Dry,Cloudy,None apparent,Non-intersection:  Non-junction/no special feature,Paved,,Property Damage Only,0,0,0,0,0,0,2300,1,2,,POINT (-93.605305499247 41.568905640275)
2014783150,14-3304,02/02/2014,02-February,1-Sunday,16:33,1600 Hours,District 3 (Northwest),SIOUX CITY,WOODBURY,,W 3RD ST,Collision with:  Parked motor vehicle,On Roadway,Rear-end (front to rear),Improper Backing,None Indicated,,Daylight,Wet,Clear,Unknown,Intersection:  Four-way intersection,Paved,,Property Damage Only,0,0,0,0,0,0,1500,2,1,,POINT (-96.426325253355 42.499280445182)
2014783955,2014-7345,02/02/2014,02-February,1-Sunday,10:45,1000 Hours,District 6 (East Central),DAVENPORT,SCOTT,US 6,US 6/W KIMBERLY RD,Collision with:  Vehicle in traffic,On Roadway,Rear-end (front to rear),Other (explain in narrative):  Other,None Indicated,,Daylight,Wet,Cloudy,None apparent,Intersection:  T-intersection,Paved,,Property Damage Only,0,0,0,0,0,0,2000,2,2,,POINT (-90.583085466438 41.560114027915)
2014782919,W14-010879,02/02/2014,02-February,1-Sunday,08:48,0800 Hours,District 2 (Northeast),WATERLOO,BLACK HAWK,,RANDOLPH ST,Collision with:  Parked motor vehicle,On Roadway,"Sideswipe, opposite direction",Crossed centerline (undivided),Alcohol (Statutory),,Daylight,Snow,Clear,None apparent,Non-intersection:  Non-junction/no special feature,Paved,,Property Damage Only,0,0,0,0,0,0,1550,2,9,,POINT (-92.349255743574 42.494414386655)
2014789398,140507,02/02/2014,02-February,1-Sunday,20:35,2000 Hours,District 1 (Central),IOWA FALLS,HARDIN,,COLLEGE AVE,Collision with:  Parked motor vehicle,On Roadway,Broadside (front to side),Improper Backing,None Indicated,,Dark - roadway lighted,Snow,Clear,None apparent,Non-intersection:  Non-junction/no special feature,Paved,,Property Damage Only,0,0,0,0,0,0,1950,2,1,,POINT (-93.266611747831 42.524239130652)
2014783325,14-179,02/02/2014,02-February,1-Sunday,18:25,1800 Hours,District 1 (Central),POLK CITY,POLK,IA 415,IA 415/NW POLK CITY DR,Collision with:  Animal,,,Animal,None Indicated,,,,,,,Paved,,Property Damage Only,0,0,0,0,0,0,5000,1,1,,POINT (-93.714695030817 41.758273806678)
2014784076,020214-127,02/02/2014,02-February,1-Sunday,14:30,1400 Hours,District 3 (Northwest),SIOUX RAPIDS,BUENA VISTA,,1ST ST,Collision with:  Vehicle in traffic,On Roadway,"Sideswipe, same direction",Crossed centerline (undivided),None Indicated,,Daylight,Snow,Clear,None apparent,Non-intersection:  Non-junction/no special feature,Paved,,Property Damage Only,0,0,0,0,0,0,7000,2,1,,POINT (-95.151267986779 42.889607519696)
2014782926,14000601,02/02/2014,02-February,1-Sunday,11:40,1100 Hours,District 2 (Northeast),,CERRO GORDO,,WARBLER AVE & 260TH ST,Collision with:  Vehicle in traffic,On Roadway,Broadside (front to side),FTYROW:  From stop sign,None Indicated,,Daylight,Ice/frost,Clear,None apparent,Intersection:  Four-way intersection,Paved,,Possible/Unknown,0,1,0,0,1,0,7000,2,3,,POINT (-93.06318087069 43.140732224348)
2014783489,,02/02/2014,02-February,1-Sunday,09:22,0900 Hours,District 2 (Northeast),CHARLES CITY,FLOYD,,BAILEY ST & PATTON AVE,Collision with:  Vehicle in traffic,On Roadway,Broadside (front to side),FTYROW:  At uncontrolled intersection,None Indicated,,Daylight,Snow,Clear,"Surface condition (e.g., wet, icy)",Intersection:  Four-way intersection,Paved,,Property Damage Only,0,0,0,0,0,0,4000,2,2,,POINT (-92.666530641378 43.062461228677)
2014783149,14-3265,02/02/2014,02-February,1-Sunday,02:15,0200 Hours,District 3 (Northwest),SIOUX CITY,WOODBURY,,COUNTRY CLUB BLVD & W 45TH ST,Collision with:  Parked motor vehicle,On Roadway,Broadside (front to side),Unknown,None Indicated,,Dark - roadway lighted,Dry,Cloudy,None apparent,Non-intersection:  Non-junction/no special feature,Paved,,Property Damage Only,0,0,0,0,0,0,3000,2,1,,POINT (-96.412886264801 42.54833291868)
2014782759,1402021-A,02/02/2014,02-February,1-Sunday,01:30,0100 Hours,District 4 (Southwest),RED OAK,MONTGOMERY,,COOLBAUGH ST & 8TH ST,Collision with fixed object:  Other fixed object (explain in narrative),On Roadway,Non-collision (single vehicle),Ran Stop Sign,None Indicated,,Dark - roadway not lighted,"Mud, dirt",Cloudy,Unknown,Intersection:  Four-way intersection,Paved,,Property Damage Only,0,0,0,0,0,0,8530,1,1,,POINT (-95.223188147439 41.008893575185)
2014784498,S14-000314,02/02/2014,02-February,1-Sunday,06:51,0600 Hours,District 4 (Southwest),,POTTAWATTAMIE,,Co Rd L34/ROAD L34,Collision with fixed object:  Ditch,Outside trafficway,Non-collision (single vehicle),Ran off road - right,Alcohol (Statutory),,Dawn,Ice/frost,Clear,Unknown,Non-intersection:  Non-junction/no special feature,Paved,,Possible/Unknown,0,2,0,0,2,0,8000,1,2,,POINT (-95.765282467715 41.374683481942)
2014783765,,02/02/2014,02-February,1-Sunday,19:27,1900 Hours,District 6 (East Central),CEDAR RAPIDS,LINN,,,Collision with:  Parked motor vehicle,On Roadway,Rear-end (front to rear),Unknown,None Indicated,,Dark - roadway not lighted,Dry,Clear,,Non-intersection:  Non-junction/no special feature,,,Property Damage Only,0,0,0,0,0,0,6500,2,1,,POINT (-96.643700149993 40.233091251414)
2014783072,14-2162,02/02/2014,02-February,1-Sunday,00:30,0000 Hours,District 6 (East Central),,SCOTT,,Co Rd Z16/UTICA RIDGE RD,Collision with fixed object:  Mailbox,On Roadway,Non-collision (single vehicle),Ran off road - right,None Indicated,,Dark - roadway not lighted,Snow,Clear,None apparent,Non-intersection:  Non-junction/no special feature,Paved,,Minor Injury,0,1,0,1,0,0,2600,1,1,,POINT (-90.490752530766 41.710168961238)
2014784875,,02/02/2014,02-February,1-Sunday,12:20,1200 Hours,District 6 (East Central),DE WITT,CLINTON,,9TH ST & 5TH AVE,Collision with:  Vehicle in traffic,On Roadway,Broadside (front to side),FTYROW:  From stop sign,None Indicated,,Daylight,Snow,Clear,None apparent,Intersection:  Four-way intersection,Paved,,Property Damage Only,0,0,0,0,0,0,2000,2,3,,POINT (-90.537484016379 41.824251844383)
2014782831,14-0581,02/02/2014,02-February,1-Sunday,14:00,1400 Hours,District 1 (Central),WEST DES MOINES,POLK,,KINGMAN AVE & 22ND ST,Collision with:  Vehicle in traffic,On Roadway,Rear-end (front to rear),Other (explain in narrative):  Other,None Indicated,,Daylight,Dry,Clear,None apparent,Non-intersection:  Driveway access (within),Paved,,Possible/Unknown,0,1,0,0,1,0,2000,2,3,,POINT (-93.736030719523 41.59553413193)
2014782793,20140002936,02/02/2014,02-February,1-Sunday,01:55,0100 Hours,District 1 (Central),DES MOINES,POLK,,4TH ST,Collision with:  Vehicle in traffic,Outside trafficway,Broadside (front to side),Lost Control,Alcohol (Statutory),,Dark - roadway lighted,Ice/frost,Cloudy,None apparent,Non-intersection:  Non-junction/no special feature,Paved,,Property Damage Only,0,0,0,0,0,0,2000,2,1,,POINT (-93.621874127453 41.585669822452)
2014783817,14-000766,02/02/2014,02-February,1-Sunday,06:30,0600 Hours,District 2 (Northeast),MARQUETTE,CLAYTON,IA 76,IA 76/IOWA 76,Collision with fixed object:  Other fixed object (explain in narrative),Outside trafficway,Non-collision (single vehicle),Ran off road - right,Alcohol (Statutory),,Dark - roadway lighted,Ice/frost,Clear,None apparent,Non-intersection:  Non-junction/no special feature,Paved,,Property Damage Only,0,0,0,0,0,0,6000,1,1,,POINT (-91.17767968081 43.048580081113)
2014782799,20140002983,02/02/2014,02-February,1-Sunday,21:56,2100 Hours,District 1 (Central),DES MOINES,POLK,,WALKER ST & DIXON ST,Collision with:  Vehicle in traffic,On Roadway,"Angle, oncoming left turn",Unknown,None Indicated,,Dark - roadway not lighted,Snow,Clear,None apparent,Non-intersection:  Non-junction/no special feature,Paved,,Possible/Unknown,0,1,0,0,1,0,2000,2,2,,POINT (-93.588973918479 41.599741257716)