Iowa DOT Case Number,Law Enforcement Case Number,Date of Crash,Month of Crash,Day of Week,Time of Crash,Hour,DOT District,City Name,County Name,Route with System,Location Description,First Harmful Event,Location of First Harmful Event,Manner of Crash/Collision,Major Cause,Drug or Alcohol ,Environmental Conditions,Light Conditions,Surface Conditions,Weather Conditions,Roadway Contribution,Roadway Type,Roadway Surface,Work Zone,Crash Severity,Number of Fatalities,Number of Injuries,Number of Major Injuries,Number of Minor Injuries,Number of Possible Injuries,Number of Unknown Injuries,Amount of Property Damage,Number of Vehicles Involved,Total Number of Occupants,Travel Direction,Location
2014790170,,02/04/2014,02-February,3-Tuesday,17:54,1700 Hours,District 2 (Northeast),,WINNESHIEK,,Co Rd A52/OLD STAGE RD,Collision with:  Animal,On Roadway,Non-collision (single vehicle),Animal,None Indicated,,Dark - roadway not lighted,Dry,Cloudy,None apparent,Non-intersection:  Non-junction/no special feature,Paved,,Property Damage Only,0,0,0,0,0,0,1500,1,1,,POINT (-91.748136834023 43.293372787141)
2014784072,2014008208,02/04/2014,02-February,3-Tuesday,16:28,1600 Hours,District 5 (Southeast),,APPANOOSE,IA 5,IA 5/IOWA 5,Collision with:  Vehicle in traffic,On Roadway,"Sideswipe, opposite direction",Crossed centerline (undivided),None Indicated,,Daylight,Snow,Snow,None apparent,Non-intersection:  Non-junction/no special feature,Paved,,Minor Injury,0,2,0,2,0,0,9000,2,2,,POINT (-92.872290137171 40.651308407452)
2014788198,2014008090,02/04/2014,02-February,3-Tuesday,10:31,1000 Hours,District 1 (Central),ANKENY,POLK,I-35,I-35,Collision with:  Parked motor vehicle,Shoulder,"Sideswipe, same direction",Driving too fast for conditions,None Indicated,,Daylight,Ice/frost,Cloudy,"Surface condition (e.g., wet, icy)",Non-intersection:  Non-junction/no special feature,Paved,,Property Damage Only,0,0,0,0,0,0,6500,2,1,,POINT (-93.569411543849 41.760247591026)
2014787307,14000968,02/04/2014,02-February,3-Tuesday,22:54,2200 Hours,District 6 (East Central),,DELAWARE,IA 3,IA 3/IOWA 3,Collision with fixed object:  Ditch,On Roadway,Non-collision (single vehicle),Driving too fast for conditions,None Indicated,,Dark - roadway not lighted,Wet,Snow,None apparent,Non-intersection:  Non-junction/no special feature,Paved,,Property Damage Only,0,0,0,0,0,0,6000,1,1,,POINT (-91.241305879125 42.638353020266)
2014783050,20140003126,02/04/2014,02-February,3-Tuesday,09:59,0900 Hours,District 1 (Central),DES MOINES,POLK,I-235,I-235 & SCHOOL ST & 19TH ST,Collision with:  Vehicle in traffic,On Roadway,Broadside (front to side),Ran Traffic Signal,None Indicated,,Daylight,Snow,Cloudy,None apparent,Intersection:  Four-way intersection,Paved,,Property Damage Only,0,0,0,0,0,0,3500,2,2,,POINT (-93.642544796947 41.59531100366)
2014783671,14-004604,02/04/2014,02-February,3-Tuesday,14:30,1400 Hours,District 4 (Southwest),COUNCIL BLUFFS,POTTAWATTAMIE,I-29,I-29 & S 24TH ST,Collision with:  Vehicle in traffic,On Roadway,Rear-end (front to rear),Driving too fast for conditions,None Indicated,,Daylight,Ice/frost,Snow,None apparent,Non-intersection:  Non-junction/no special feature,Paved,,Property Damage Only,0,0,0,0,0,0,7500,4,4,,POINT (-95.879227327906 41.232235339376)
2014784501,S14-000343,02/04/2014,02-February,3-Tuesday,09:14,0900 Hours,District 4 (Southwest),,POTTAWATTAMIE,,WHIPPOORWILL RD & 362ND ST,Collision with fixed object:  Ditch,Shoulder,Non-collision (single vehicle),Exceeded authorized speed,Refused,,Daylight,Snow,Snow,"Surface condition (e.g., wet, icy)",Intersection:  T-intersection,Unpaved,,Minor Injury,0,2,0,2,0,0,6000,1,2,,POINT (-95.494250369607 41.491319035626)
2014783291,14-000516,02/04/2014,02-February,3-Tuesday,09:25,0900 Hours,District 1 (Central),ANKENY,POLK,IA 160,IA 160/SE ORALABOR RD & SE DELAWARE AVE,Collision with:  Vehicle in traffic,On Roadway,Rear-end (front to rear),Driving too fast for conditions,None Indicated,,Daylight,Snow,Snow,"Surface condition (e.g., wet, icy)",Non-intersection:  Non-junction/no special feature,Paved,,Property Damage Only,0,0,0,0,0,0,1500,2,2,,POINT (-93.581272792163 41.702903442953)
2014790523,,02/04/2014,02-February,3-Tuesday,07:56,0700 Hours,District 2 (Northeast),HAMPTON,FRANKLIN,US 65,US 65/4TH ST NE & 11TH AVE NE,Collision with:  Vehicle in traffic,On Roadway,Broadside (front to side),FTYROW:  From stop sign,None Indicated,,Daylight,Wet,Cloudy,None apparent,Intersection:  Four-way intersection,Paved,,Property Damage Only,0,0,0,0,0,0,5500,2,2,,POINT (-93.20244219267 42.75177230242)
2014785315,201401730,02/04/2014,02-February,3-Tuesday,16:55,1600 Hours,District 6 (East Central),CEDAR RAPIDS,LINN,,GLASS RD NE,Collision with:  Vehicle in traffic,On Roadway,Head-on (front to front),Driving too fast for conditions,None Indicated,,Dusk,Ice/frost,Snow,"Surface condition (e.g., wet, icy)",Non-intersection:  Non-junction/no special feature,Paved,,Property Damage Only,0,0,0,0,0,0,8000,2,2,,POINT (-91.693370354639 42.01826553701)
2014784620,2014008181,02/04/2014,02-February,3-Tuesday,15:32,1500 Hours,District 6 (East Central),CORALVILLE,JOHNSON,I-80,I-80,Collision with fixed object:  Concrete traffic barrier (median or right side),Median,Non-collision (single vehicle),Ran off road - left,None Indicated,,Daylight,Snow,Snow,"Surface condition (e.g., wet, icy)",Non-intersection:  Non-junction/no special feature,Paved,,Property Damage Only,0,0,0,0,0,0,2000,1,1,,POINT (-91.627977856496 41.694363377291)
2014783020,14022009,02/04/2014,02-February,3-Tuesday,11:37,1100 Hours,District 4 (Southwest),CLARINDA,PAGE,,W CLARK ST & S 20TH ST,Collision with:  Vehicle in traffic,On Roadway,Broadside (front to side),FTYROW:  From stop sign,None Indicated,,Daylight,Snow,Snow,None apparent,Intersection:  Four-way intersection,Paved,,Property Damage Only,0,0,0,0,0,0,3700,2,4,,POINT (-95.043530263159 40.73307447652)
2014784022,2014008083,02/04/2014,02-February,3-Tuesday,10:05,1000 Hours,District 1 (Central),,POLK,I-80,I-80,Non-collision events:  Overturn/rollover,On Roadway,Non-collision (single vehicle),Driving too fast for conditions,None Indicated,,Daylight,Ice/frost,Snow,"Surface condition (e.g., wet, icy)",Non-intersection:  Non-junction/no special feature,Paved,,Minor Injury,0,1,0,1,0,0,10000,1,1,,POINT (-93.388209815057 41.680434371657)
2014790322,2014008276,02/04/2014,02-February,3-Tuesday,20:15,2000 Hours,District 6 (East Central),,JOHNSON,I-80,I-80,Collision with fixed object:  Guardrail - face,On Roadway,Non-collision (single vehicle),Driving too fast for conditions,None Indicated,,Dark - roadway not lighted,Snow,Snow,"Surface condition (e.g., wet, icy)",Non-intersection:  Non-junction/no special feature,Paved,,Property Damage Only,0,0,0,0,0,0,15000,1,2,,POINT (-91.433691030098 41.66799320665)
2014783474,2014008063,02/04/2014,02-February,3-Tuesday,09:45,0900 Hours,District 4 (Southwest),,MILLS,I-29,I-29,Collision with fixed object:  Bridge overhead structure,Median,Non-collision (single vehicle),Driving too fast for conditions,None Indicated,,Daylight,Ice/frost,Snow,"Surface condition (e.g., wet, icy)",Non-intersection:  Other non-intersection (explain in narrative),Paved,,Property Damage Only,0,0,0,0,0,0,10000,1,2,,POINT (-95.804090234097 40.994831198466)
2014792057,14C00514,02/04/2014,02-February,3-Tuesday,11:05,1100 Hours,District 4 (Southwest),CRESTON,UNION,US 34,US 34/W TAYLOR ST & S OAK ST,Collision with fixed object:  Ditch,On Roadway,Non-collision (single vehicle),Swerving/Evasive Action,None Indicated,,Daylight,Snow,Snow,Other (explain in narrative),Intersection:  Other intersection (explain in narrative),Paved,,Property Damage Only,0,0,0,0,0,0,3200,1,1,,POINT (-94.364991479145 41.049189188678)
2014783864,14-0556,02/04/2014,02-February,3-Tuesday,15:23,1500 Hours,District 6 (East Central),HIAWATHA,LINN,,MILLER RD,Non-collision events:  Other non-collision (explain in narrative),On Roadway,Non-collision (single vehicle),Other (explain in narrative):  Other,None Indicated,,Daylight,Snow,Snow,"Surface condition (e.g., wet, icy)",Non-intersection:  Driveway access (within),Paved,,Property Damage Only,0,0,0,0,0,0,3000,1,1,,POINT (-91.70232644836 42.042891513688)
2014783624,14-000526,02/04/2014,02-February,3-Tuesday,12:58,1200 Hours,District 1 (Central),ANKENY,POLK,,W 1ST ST & SW SCHOOL ST & NW SCHOOL ST,Collision with:  Vehicle in traffic,On Roadway,Broadside (front to side),Driving too fast for conditions,None Indicated,,Daylight,Snow,Snow,"Surface condition (e.g., wet, icy)",Non-intersection:  Non-junction/no special feature,Paved,,Property Damage Only,0,0,0,0,0,0,6000,2,3,,POINT (-93.603225835225 41.731883090002)
2014783054,20140003145,02/04/2014,02-February,3-Tuesday,12:05,1200 Hours,District 1 (Central),DES MOINES,POLK,,12TH ST,Collision with:  Vehicle in traffic,On Roadway,Rear-end (front to rear),Other (explain in narrative):  Other,None Indicated,,Daylight,Snow,Snow,"Surface condition (e.g., wet, icy)",Non-intersection:  Non-junction/no special feature,Paved,,Minor Injury,0,1,0,1,0,0,3000,2,3,,POINT (-93.632332253242 41.585324546975)
2014787389,20141010,02/04/2014,02-February,3-Tuesday,16:15,1600 Hours,District 6 (East Central),MOUNT VERNON,LINN,IA 1,IA 1/S 1ST AVE & PALISADES RD SW & 7TH ST SE,Collision with:  Vehicle in traffic,On Roadway,"Angle, oncoming left turn",Unknown,None Indicated,,Daylight,Snow,Snow,None apparent,Non-intersection:  Non-junction/no special feature,Paved,,Property Damage Only,0,0,0,0,0,0,2525,2,2,,POINT (-91.421390000959 41.917632086028)
2014787193,2014008051,02/04/2014,02-February,3-Tuesday,08:40,0800 Hours,District 5 (Southeast),,WARREN,US 65,US 65,Collision with:  Parked motor vehicle,On Roadway,Rear-end (front to rear),Driving too fast for conditions,None Indicated,,Daylight,Ice/frost,Cloudy,"Surface condition (e.g., wet, icy)",Non-intersection:  Non-junction/no special feature,Paved,,Minor Injury,0,1,0,1,0,0,40000,2,1,,POINT (-93.558781722723 41.414294693949)
2014783052,20140003141,02/04/2014,02-February,3-Tuesday,11:45,1100 Hours,District 1 (Central),DES MOINES,POLK,I-235,I-235,Collision with:  Vehicle in traffic,On Roadway,Rear-end (front to rear),Lost Control,None Indicated,,Daylight,Ice/frost,Snow,"Surface condition (e.g., wet, icy)","Interchange-related:  Off-ramp, diverge area",Paved,,Minor Injury,0,1,0,1,0,0,6000,2,2,,POINT (-93.616197243104 41.59552729702)
2014785093,14-2166,02/04/2014,02-February,3-Tuesday,22:30,2200 Hours,District 6 (East Central),BETTENDORF,SCOTT,I-74,I-74,Collision with fixed object:  Guardrail - face,Median,Non-collision (single vehicle),Ran off road - left,Refused,,Dark - roadway not lighted,Snow,Snow,None apparent,Non-intersection:  Non-junction/no special feature,Paved,,Property Damage Only,0,0,0,0,0,0,4500,1,2,,POINT (-90.515841794583 41.533750540667)
2014783238,14-2871,02/04/2014,02-February,3-Tuesday,10:10,1000 Hours,District 1 (Central),,JASPER,IA 163,IA 163/IOWA 163 W,Non-collision events:  Overturn/rollover,Roadside,Non-collision (single vehicle),Driving too fast for conditions,None Indicated,,Daylight,Snow,Snow,None apparent,Non-intersection:  Non-junction/no special feature,Paved,,Major Injury,0,1,1,0,0,0,2500,1,1,,POINT (-93.260329211255 41.598054814252)
2014783429,14-0347,02/04/2014,02-February,3-Tuesday,23:30,2300 Hours,District 1 (Central),FORT DODGE,WEBSTER,,S 15TH ST,Collision with:  Animal,On Roadway,Non-collision (single vehicle),Animal,None Indicated,,Dark - roadway not lighted,Snow,Snow,"Surface condition (e.g., wet, icy)",Non-intersection:  Non-junction/no special feature,Paved,,Property Damage Only,0,0,0,0,0,0,1500,1,1,,POINT (-94.177502905322 42.489276075636)
2014787338,14-070204-01,02/04/2014,02-February,3-Tuesday,06:20,0600 Hours,District 6 (East Central),,IOWA,IA 212,IA 212/212 BLVD,Collision with:  Animal,,,Animal,None Indicated,,,,,,,Paved,,Property Damage Only,0,0,0,0,0,0,5000,1,1,,POINT (-92.264723346526 41.844583116656)
2014783056,14-0610,02/04/2014,02-February,3-Tuesday,07:58,0700 Hours,District 1 (Central),WEST DES MOINES,POLK,,UNIVERSITY AVE & 59TH PL,Collision with fixed object:  Utility pole/light support,On Roadway,Non-collision (single vehicle),Driving too fast for conditions,None Indicated,,Daylight,Snow,Snow,"Surface condition (e.g., wet, icy)",Non-intersection:  Non-junction/no special feature,Paved,,Minor Injury,0,1,0,1,0,0,1700,1,1,,POINT (-93.79063733016 41.600413750501)
2014784177,CL14000348,02/04/2014,02-February,3-Tuesday,15:36,1500 Hours,District 6 (East Central),CLINTON,CLINTON,,N 12TH ST,Collision with:  Vehicle in traffic,On Roadway,Head-on (front to front),Crossed centerline (undivided),None Indicated,,Daylight,Wet,Clear,None apparent,Non-intersection:  Non-junction/no special feature,Paved,,Possible/Unknown,0,2,0,0,2,0,8000,2,2,,POINT (-90.214382486304 41.853987473221)
2014783473,2014008019,02/04/2014,02-February,3-Tuesday,07:15,0700 Hours,District 4 (Southwest),COUNCIL BLUFFS,POTTAWATTAMIE,I-29,I-29,Non-collision events:  Overturn/rollover,Roadside,Non-collision (single vehicle),Driving too fast for conditions,None Indicated,,Dawn,Ice/frost,Cloudy,"Surface condition (e.g., wet, icy)",Non-intersection:  Non-junction/no special feature,Paved,,Property Damage Only,0,0,0,0,0,0,8500,1,1,,POINT (-95.823702908678 41.17678970592)
2014784023,2014008115,02/04/2014,02-February,3-Tuesday,12:45,1200 Hours,District 1 (Central),URBANDALE,POLK,I-35,I-35,Collision with:  Vehicle in traffic,On Roadway,"Sideswipe, same direction",Swerving/Evasive Action,None Indicated,,Daylight,Snow,Snow,"Surface condition (e.g., wet, icy)",Non-intersection:  Non-junction/no special feature,Paved,,Property Damage Only,0,0,0,0,0,0,27264,2,2,,POINT (-93.717213847877 41.652713511712)
2014786154,2014-000605,02/04/2014,02-February,3-Tuesday,17:19,1700 Hours,District 6 (East Central),,BENTON,US 218,US 218/24 AVE,Collision with:  Vehicle in traffic,On Roadway,Head-on (front to front),Crossed centerline (undivided),None Indicated,,Dark - roadway not lighted,Snow,Snow,"Surface condition (e.g., wet, icy)",Non-intersection:  Non-junction/no special feature,Paved,,Possible/Unknown,0,1,0,0,1,0,27000,2,2,,POINT (-92.028753544469 42.112405518224)
2014787567,14-000521,02/04/2014,02-February,3-Tuesday,11:22,1100 Hours,District 1 (Central),AMES,STORY,,ONTARIO ST,Collision with:  Vehicle in traffic,On Roadway,Rear-end (front to rear),Driving too fast for conditions,None Indicated,,Daylight,Snow,Cloudy,"Surface condition (e.g., wet, icy)",Non-intersection:  Driveway access (within),Paved,,Property Damage Only,0,0,0,0,0,0,3250,2,2,,POINT (-93.680826209435 42.034590749381)
2014783542,C14000388,02/04/2014,02-February,3-Tuesday,15:12,1500 Hours,District 6 (East Central),CORALVILLE,JOHNSON,US 6,US 6/2ND ST & 20TH AVE,Collision with:  Vehicle in traffic,On Roadway,Rear-end (front to rear),Followed too close,None Indicated,,Daylight,Snow,Snow,"Surface condition (e.g., wet, icy)",Non-intersection:  Non-junction/no special feature,Paved,,Property Damage Only,0,0,0,0,0,0,2000,2,3,,POINT (-91.591483068849 41.67945682517)
2014788225,2014008003,02/04/2014,02-February,3-Tuesday,06:15,0600 Hours,District 4 (Southwest),,CASS,I-80,I-80,Collision with fixed object:  Guardrail - face,On Roadway,Non-collision (single vehicle),Driving too fast for conditions,None Indicated,,Dawn,Ice/frost,Snow,None apparent,Non-intersection:  Crossover-related,Paved,,Property Damage Only,0,0,0,0,0,0,3200,1,1,,POINT (-94.784489569818 41.496258769604)
2014794343,140742PD,02/04/2014,02-February,3-Tuesday,07:41,0700 Hours,District 1 (Central),BOONE,BOONE,,1ST ST & S BENTON ST,Collision with:  Vehicle in traffic,On Roadway,Broadside (front to side),FTYROW:  From stop sign,None Indicated,,Daylight,Snow,Snow,None apparent,Intersection:  Four-way intersection,Paved,,Property Damage Only,0,0,0,0,0,0,3000,2,3,,POINT (-93.874921825832 42.056593077119)
2014783236,14-2922,02/04/2014,02-February,3-Tuesday,22:45,2200 Hours,District 1 (Central),KELLOGG,JASPER,I-80,I-80,Collision with fixed object:  Guardrail - face,Median,Non-collision (single vehicle),Lost Control,None Indicated,,Dark - roadway not lighted,Snow,Snow,None apparent,Non-intersection:  Non-junction/no special feature,Paved,,Property Damage Only,0,0,0,0,0,0,5000,1,1,,POINT (-92.895923659802 41.683015451949)
2014784351,14027,02/04/2014,02-February,3-Tuesday,18:37,1800 Hours,District 5 (Southeast),PELLA,MARION,,UNIVERSITY ST & BROADWAY ST,Collision with:  Vehicle in traffic,On Roadway,Broadside (front to side),Ran Stop Sign,None Indicated,,Dark - roadway lighted,Snow,Snow,None apparent,Intersection:  Four-way intersection,Paved,,Property Damage Only,0,0,0,0,0,0,10250,4,2,,POINT (-92.918316372927 41.400183558675)
2014788227,2014008166,02/04/2014,02-February,3-Tuesday,15:00,1500 Hours,District 4 (Southwest),,ADAIR,I-80,I-80,Collision with:  Vehicle in traffic,On Roadway,Rear-end (front to rear),Driving too fast for conditions,None Indicated,,Daylight,Ice/frost,Snow,"Surface condition (e.g., wet, icy)",Non-intersection:  Non-junction/no special feature,Paved,,Property Damage Only,0,0,0,0,0,0,8000,2,2,,POINT (-94.477709519944 41.496007867036)
2014788226,2014008062,02/04/2014,02-February,3-Tuesday,08:50,0800 Hours,District 1 (Central),ANKENY,POLK,I-35,I-35,Collision with:  Parked motor vehicle,Shoulder,Unknown,Driving too fast for conditions,None Indicated,,Daylight,Ice/frost,Snow,"Surface condition (e.g., wet, icy)",Non-intersection:  Non-junction/no special feature,Paved,,Possible/Unknown,0,1,0,0,1,0,5000,2,2,,POINT (-93.569423175235 41.760202498326)
2014783320,14-0612,02/04/2014,02-February,3-Tuesday,08:40,0800 Hours,District 4 (Southwest),WEST DES MOINES,DALLAS,,ASHWORTH RD,Collision with:  Vehicle in traffic,On Roadway,Rear-end (front to rear),Driving too fast for conditions,None Indicated,,Daylight,Snow,Cloudy,None apparent,Non-intersection:  Non-junction/no special feature,Paved,,Property Damage Only,0,0,0,0,0,0,2500,2,2,,POINT (-93.803971018869 41.583162554487)
2014783428,14-0344,02/04/2014,02-February,3-Tuesday,20:00,2000 Hours,District 1 (Central),FORT DODGE,WEBSTER,,1ST AVE S & S 29TH ST,Collision with:  Vehicle in traffic,On Roadway,Broadside (front to side),Ran Traffic Signal,None Indicated,,Dark - roadway lighted,Snow,Snow,"Surface condition (e.g., wet, icy)",Intersection:  Four-way intersection,Paved,,Property Damage Only,0,0,0,0,0,0,10000,2,3,,POINT (-94.158328487843 42.505240508068)
2014786525,,02/04/2014,02-February,3-Tuesday,15:26,1500 Hours,District 4 (Southwest),EXIRA,AUDUBON,US 71,US 71 & IA 44/IOWA 44,Collision with:  Vehicle in traffic,On Roadway,Broadside (front to side),FTYROW:  From stop sign,None Indicated,,Daylight,Snow,Snow,None apparent,Intersection:  T-intersection,Paved,,Property Damage Only,0,0,0,0,0,0,2200,2,3,,POINT (-94.905151931811 41.666810569305)
2014786105,2014008014,02/04/2014,02-February,3-Tuesday,07:15,0700 Hours,District 6 (East Central),,JOHNSON,I-380,I-380,Collision with:  Vehicle in traffic,On Roadway,"Sideswipe, same direction",Lost Control,None Indicated,,Daylight,Dry,Cloudy,None apparent,Non-intersection:  Non-junction/no special feature,Paved,,Property Damage Only,0,0,0,0,0,0,3500,2,2,,POINT (-91.668859195964 41.86077541542)
2014783312,14-0242,02/04/2014,02-February,3-Tuesday,15:32,1500 Hours,District 1 (Central),URBANDALE,POLK,I-35,I-35 & 86TH ST,Collision with:  Vehicle in traffic,On Roadway,"Sideswipe, same direction",Lost Control,None Indicated,,Daylight,Snow,Snow,None apparent,Non-intersection:  Non-junction/no special feature,Paved,,Property Damage Only,0,0,0,0,0,0,2000,2,2,,POINT (-93.736411192001 41.65219580615)
2014784675,,02/04/2014,02-February,3-Tuesday,13:33,1300 Hours,District 5 (Southeast),CHARITON,LUCAS,,BRADEN AVE & N 13TH ST,Collision with:  Vehicle in traffic,On Roadway,Broadside (front to side),FTYROW:  From stop sign,None Indicated,,Daylight,Snow,Snow,None apparent,Intersection:  Four-way intersection,Paved,,Property Damage Only,0,0,0,0,0,0,3500,2,2,,POINT (-93.313040682025 41.015627023029)
2014783200,W14-011688,02/04/2014,02-February,3-Tuesday,15:46,1500 Hours,District 2 (Northeast),WATERLOO,BLACK HAWK,,RANDOLPH ST,Collision with:  Vehicle in traffic,On Roadway,Rear-end (front to rear),Other (explain in narrative):  Other,None Indicated,,Daylight,Snow,Cloudy,"Surface condition (e.g., wet, icy)",Non-intersection:  Alley,Paved,,Property Damage Only,0,0,0,0,0,0,2000,2,4,,POINT (-92.339167808214 42.48165842117)
2014783035,20140003111,02/04/2014,02-February,3-Tuesday,04:08,0400 Hours,District 1 (Central),DES MOINES,POLK,,DES MOINES ST,Collision with fixed object:  Tree,Outside trafficway,Non-collision (single vehicle),Driving too fast for conditions,Alcohol (Statutory),,Dark - roadway lighted,Snow,Snow,"Surface condition (e.g., wet, icy)",Non-intersection:  Non-junction/no special feature,Paved,,Minor Injury,0,1,0,1,0,0,5050,1,1,,POINT (-93.594536366893 41.595227019502)
2014784069,2014008049,02/04/2014,02-February,3-Tuesday,08:42,0800 Hours,District 1 (Central),,POLK,I-35,I-35,Collision with fixed object:  Concrete traffic barrier (median or right side),On Roadway,Non-collision (single vehicle),Driving too fast for conditions,None Indicated,,Daylight,Ice/frost,Clear,"Surface condition (e.g., wet, icy)",Non-intersection:  Other non-intersection (explain in narrative),Paved,,Possible/Unknown,0,1,0,0,1,0,5000,1,1,,POINT (-93.666525150194 41.650730813113)
2014786423,14-000524,02/04/2014,02-February,3-Tuesday,15:54,1500 Hours,District 1 (Central),AMES,STORY,,KNAPP ST & STANTON AVE,Collision with:  Vehicle in traffic,On Roadway,Broadside (front to side),FTYROW:  From stop sign,None Indicated,,Daylight,Snow,Snow,"Surface condition (e.g., wet, icy)",Intersection:  Four-way intersection,Paved,,Property Damage Only,0,0,0,0,0,0,5000,2,3,,POINT (-93.648496806791 42.019124557762)
2014783833,14-2893,02/04/2014,02-February,3-Tuesday,16:45,1600 Hours,District 1 (Central),,JASPER,I-80,I-80,Collision with fixed object:  Guardrail - face,Shoulder,Non-collision (single vehicle),Driving too fast for conditions,None Indicated,,Daylight,Snow,Snow,"Surface condition (e.g., wet, icy)",Non-intersection:  Non-junction/no special feature,Paved,,Property Damage Only,0,0,0,0,0,0,9900,1,1,,POINT (-93.31589896347 41.68167368023)
2014786470,2014008121,02/04/2014,02-February,3-Tuesday,13:27,1300 Hours,District 1 (Central),URBANDALE,POLK,I-35,I-35,Collision with:  Vehicle in traffic,On Roadway,"Sideswipe, same direction",Driving too fast for conditions,None Indicated,,Daylight,Snow,Snow,"Surface condition (e.g., wet, icy)",Non-intersection:  Non-junction/no special feature,Paved,,Property Damage Only,0,0,0,0,0,0,7000,2,2,,POINT (-93.731332588147 41.652318302743)
2014783329,14-004599,02/04/2014,02-February,3-Tuesday,13:43,1300 Hours,District 4 (Southwest),COUNCIL BLUFFS,POTTAWATTAMIE,,GLEASON AVE & FRANKLIN AVE & LINCOLN AVE,Collision with:  Parked motor vehicle,On Roadway,"Sideswipe, same direction",Other (explain in narrative):  Other,None Indicated,,Daylight,Snow,Snow,"Surface condition (e.g., wet, icy)",Intersection:  T-intersection,Paved,,Property Damage Only,0,0,0,0,0,0,1600,2,2,,POINT (-95.831794010974 41.261278365292)
2014783303,20140003155,02/04/2014,02-February,3-Tuesday,14:35,1400 Hours,District 1 (Central),DES MOINES,POLK,I-235,I-235,Collision with fixed object:  Concrete traffic barrier (median or right side),On Roadway,Non-collision (single vehicle),Swerving/Evasive Action,None Indicated,,Daylight,Snow,Snow,"Surface condition (e.g., wet, icy)",Non-intersection:  Non-junction/no special feature,Paved,,Possible/Unknown,0,1,0,0,1,0,3000,1,1,,POINT (-93.68048185159 41.591552874388)
2014783447,14-3522,02/04/2014,02-February,3-Tuesday,17:52,1700 Hours,District 3 (Northwest),SIOUX CITY,WOODBURY,,6TH ST & JACKSON ST,Non-collision events:  Other non-collision (explain in narrative),On Roadway,Non-collision (single vehicle),Ran off road - right,None Indicated,,Dark - roadway lighted,Ice/frost,"Sleet, hail","Surface condition (e.g., wet, icy)",Intersection:  Four-way intersection,Paved,,Property Damage Only,0,0,0,0,0,0,1700,1,1,,POINT (-96.401999260344 42.496341145775)
2014783299,14-0143,02/04/2014,02-February,3-Tuesday,11:05,1100 Hours,District 1 (Central),CLIVE,POLK,,SUMMIT DR & NW 86TH ST,Collision with:  Vehicle in traffic,On Roadway,"Sideswipe, same direction",Lost Control,None Indicated,,Daylight,Snow,Snow,None apparent,Non-intersection:  Driveway access (within),Paved,,Property Damage Only,0,0,0,0,0,0,7500,2,3,,POINT (-93.736459497289 41.613194506815)
2014784026,2014008273,02/04/2014,02-February,3-Tuesday,21:25,2100 Hours,District 5 (Southeast),,WARREN,I-35,I-35,Collision with fixed object:  Traffic sign support,On Roadway,Non-collision (single vehicle),Driving too fast for conditions,None Indicated,,Dark - roadway not lighted,Snow,Snow,"Surface condition (e.g., wet, icy)",Non-intersection:  Non-junction/no special feature,Paved,,Property Damage Only,0,0,0,0,0,0,2100,1,1,,POINT (-93.780173796064 41.496721417884)
2014783220,14-000965,02/04/2014,02-February,3-Tuesday,16:50,1600 Hours,District 6 (East Central),MANCHESTER,DELAWARE,,E HOWARD ST,Collision with:  Parked motor vehicle,Shoulder,"Sideswipe, opposite direction",FTYROW:  From driveway,None Indicated,,Dusk,Slush,Cloudy,None apparent,Non-intersection:  Driveway access (within),Paved,,Property Damage Only,0,0,0,0,0,0,2000,2,1,,POINT (-91.456082342345 42.486699217892)
2014784880,,02/04/2014,02-February,3-Tuesday,06:06,0600 Hours,District 5 (Southeast),,VAN BUREN,IA 1,IA 1/IOWA 1,Collision with:  Animal,On Roadway,Non-collision (single vehicle),Animal,None Indicated,,Dark - roadway not lighted,Dry,Cloudy,,Non-intersection:  Non-junction/no special feature,Paved,,Property Damage Only,0,0,0,0,0,0,7000,1,1,,POINT (-91.934523067441 40.7750320376)
2014783258,2014001298,02/04/2014,02-February,3-Tuesday,15:45,1500 Hours,District 6 (East Central),IOWA CITY,JOHNSON,,OLD HIGHWAY 218 & MCCOLLISTER BLVD & MORMON TREK BLVD,Collision with:  Vehicle in traffic,On Roadway,Broadside (front to side),Crossed centerline (undivided),None Indicated,,Daylight,Snow,Cloudy,None apparent,Non-intersection:  Non-junction/no special feature,Paved,,Property Damage Only,0,0,0,0,0,0,3500,2,4,,POINT (-91.542300469347 41.631377259557)
2014788200,2014008022,02/04/2014,02-February,3-Tuesday,07:23,0700 Hours,District 4 (Southwest),,DALLAS,I-80,I-80,Collision with:  Vehicle in traffic,On Roadway,"Sideswipe, same direction",Driving too fast for conditions,None Indicated,,Daylight,Snow,Snow,"Surface condition (e.g., wet, icy)",Non-intersection:  Non-junction/no special feature,Paved,,Property Damage Only,0,0,0,0,0,0,6500,2,3,,POINT (-93.92561886846 41.553928872747)