Iowa DOT Case Number,Law Enforcement Case Number,Date of Crash,Month of Crash,Day of Week,Time of Crash,Hour,DOT District,City Name,County Name,Route with System,Location Description,First Harmful Event,Location of First Harmful Event,Manner of Crash/Collision,Major Cause,Drug or Alcohol ,Environmental Conditions,Light Conditions,Surface Conditions,Weather Conditions,Roadway Contribution,Roadway Type,Roadway Surface,Work Zone,Crash Severity,Number of Fatalities,Number of Injuries,Number of Major Injuries,Number of Minor Injuries,Number of Possible Injuries,Number of Unknown Injuries,Amount of Property Damage,Number of Vehicles Involved,Total Number of Occupants,Travel Direction,Location
2014783508,W14-011665,02/04/2014,02-February,3-Tuesday,14:44,1400 Hours,District 2 (Northeast),WATERLOO,BLACK HAWK,,WILLISTON AVE & VERMONT ST,Collision with:  Vehicle in traffic,On Roadway,Broadside (front to side),Ran Stop Sign,None Indicated,,Daylight,Snow,Cloudy,None apparent,Intersection:  Four-way intersection,Paved,,Property Damage Only,0,0,0,0,0,0,7000,2,4,,POINT (-92.352479312106 42.483922823216)
2014783058,14-0616,02/04/2014,02-February,3-Tuesday,13:30,1300 Hours,District 1 (Central),WEST DES MOINES,POLK,,36TH ST,Collision with fixed object:  Utility pole/light support,Outside trafficway,Non-collision (single vehicle),Ran off road - right,None Indicated,,Daylight,Slush,Snow,None apparent,Non-intersection:  Driveway access (within),Paved,,Property Damage Only,0,0,0,0,0,0,2000,1,1,,POINT (-93.754413271293 41.597612732808)
2014783289,14-000532,02/04/2014,02-February,3-Tuesday,15:15,1500 Hours,District 1 (Central),ANKENY,POLK,,NE 36TH ST,Collision with:  Vehicle in traffic,On Roadway,"Sideswipe, opposite direction",Crossed centerline (undivided),None Indicated,,Daylight,Snow,Snow,"Surface condition (e.g., wet, icy)",Non-intersection:  Non-junction/no special feature,Paved,,Property Damage Only,0,0,0,0,0,0,2500,2,2,,POINT (-93.597373958115 41.760853186938)
2014782951,14-03925,02/04/2014,02-February,3-Tuesday,13:32,1300 Hours,District 5 (Southeast),BURLINGTON,DES MOINES,US 61,US 61 & WEST AVE,Collision with:  Vehicle in traffic,On Roadway,"Angle, oncoming left turn",FTYROW:  Making left turn,None Indicated,,Daylight,Snow,Snow,"Surface condition (e.g., wet, icy)",Intersection:  Four-way intersection,Paved,,Possible/Unknown,0,1,0,0,1,0,6000,2,2,,POINT (-91.141634016804 40.800413628696)
2014783219,2014-0425,02/04/2014,02-February,3-Tuesday,14:55,1400 Hours,District 4 (Southwest),WAUKEE,DALLAS,,UNIVERSITY AVE & FLORENCE DR,Collision with:  Vehicle in traffic,On Roadway,Broadside (front to side),Driving too fast for conditions,None Indicated,,Daylight,Snow,Snow,"Surface condition (e.g., wet, icy)",Intersection:  Four-way intersection,Paved,,Minor Injury,0,1,0,1,0,0,23000,3,5,,POINT (-93.86341582546 41.600394589266)
2014783330,14-004600,02/04/2014,02-February,3-Tuesday,13:15,1300 Hours,District 4 (Southwest),COUNCIL BLUFFS,POTTAWATTAMIE,US 6,US 6/W BROADWAY,Collision with:  Vehicle in traffic,On Roadway,"Sideswipe, same direction",Unknown,None Indicated,,Daylight,Snow,Clear,"Surface condition (e.g., wet, icy)",Non-intersection:  Non-junction/no special feature,Paved,,Property Damage Only,0,0,0,0,0,0,2500,2,2,,POINT (-95.876496982907 41.26190750826)
2014784492,14-000145,02/04/2014,02-February,3-Tuesday,16:55,1600 Hours,District 1 (Central),JOHNSTON,POLK,,PIONEER PKWY & GREENDALE RD,Collision with:  Vehicle in traffic,On Roadway,Broadside (front to side),FTYROW:  From driveway,None Indicated,,Dusk,Snow,Snow,"Surface condition (e.g., wet, icy)",Non-intersection:  Driveway access (within),Paved,,Property Damage Only,0,0,0,0,0,0,6500,2,2,,POINT (-93.699864510544 41.661998724472)
2014783294,14-000510,02/04/2014,02-February,3-Tuesday,07:32,0700 Hours,District 1 (Central),ANKENY,POLK,I-35,I-35,Collision with fixed object:  Guardrail - face,Median,Non-collision (single vehicle),Lost Control,None Indicated,,Daylight,Snow,Snow,"Surface condition (e.g., wet, icy)",Intersection:  Intersection with ramp,Paved,,Property Damage Only,0,0,0,0,0,0,9000,1,1,,POINT (-93.571164823473 41.755834466507)
2014784066,2014008015,02/04/2014,02-February,3-Tuesday,06:45,0600 Hours,District 5 (Southeast),,WARREN,I-35,I-35,Collision with fixed object:  Guardrail - face,On Roadway,Rear-end (front to rear),Lost Control,None Indicated,,Dark - roadway not lighted,Snow,Snow,"Surface condition (e.g., wet, icy)",Non-intersection:  Non-junction/no special feature,Paved,,Possible/Unknown,0,1,0,0,1,0,5000,2,2,,POINT (-93.787018556083 41.20026226671)
2014784067,2014008028,02/04/2014,02-February,3-Tuesday,06:30,0600 Hours,District 4 (Southwest),,CASS,I-80,I-80,Collision with:  Vehicle in traffic,On Roadway,"Sideswipe, same direction",Ran off road - right,None Indicated,,Dark - roadway not lighted,Snow,Snow,None apparent,Non-intersection:  Other non-intersection (explain in narrative),Paved,,Minor Injury,0,3,0,2,1,0,21000,3,5,,POINT (-94.952619993737 41.497201208792)
2014784886,,02/04/2014,02-February,3-Tuesday,15:10,1500 Hours,District 2 (Northeast),GREENE,BUTLER,,E ROWLEY ST & S 4TH ST,Collision with:  Vehicle in traffic,On Roadway,Broadside (front to side),Crossed centerline (undivided),None Indicated,,Daylight,Ice/frost,Cloudy,"Surface condition (e.g., wet, icy)",Intersection:  Four-way intersection,Paved,,Property Damage Only,0,0,0,0,0,0,5500,2,3,,POINT (-92.797819490333 42.896633047896)
2014785639,2014-7844,02/04/2014,02-February,3-Tuesday,20:33,2000 Hours,District 6 (East Central),DAVENPORT,SCOTT,,IA 461/WELCOME WAY & W 37TH ST & MAIN ST,Collision with:  Vehicle in traffic,On Roadway,Broadside (front to side),Lost Control,None Indicated,,Dark - roadway lighted,Snow,"Blowing sand, soil, dirt","Surface condition (e.g., wet, icy)",Intersection:  Four-way intersection,Paved,,Property Damage Only,0,0,0,0,0,0,7000,2,4,,POINT (-90.574882896623 41.558527223219)
2014783932,14-0084,02/04/2014,02-February,3-Tuesday,09:00,0900 Hours,District 1 (Central),WINDSOR HEIGHTS,POLK,I-235,I-235 & IA 28/63RD ST,Collision with:  Vehicle in traffic,On Roadway,Broadside (front to side),Crossed centerline (undivided),None Indicated,,Daylight,Snow,Cloudy,None apparent,Intersection:  Four-way intersection,Paved,,Minor Injury,0,1,0,1,0,0,8000,2,2,,POINT (-93.703529990548 41.59262111318)
2014784025,2014008230,02/04/2014,02-February,3-Tuesday,17:45,1700 Hours,District 1 (Central),,STORY,I-35,I-35,Collision with:  Vehicle in traffic,On Roadway,"Sideswipe, same direction",Crossed centerline (undivided),None Indicated,,Dark - roadway not lighted,Ice/frost,Snow,"Surface condition (e.g., wet, icy)",Non-intersection:  Non-junction/no special feature,Paved,,Property Damage Only,0,0,0,0,0,0,3000,2,2,,POINT (-93.571279743555 41.869041776723)
2014784622,2014008261,02/04/2014,02-February,3-Tuesday,20:25,2000 Hours,District 1 (Central),,POWESHIEK,I-80,I-80,Collision with fixed object:  Guardrail - face,Median,Non-collision (single vehicle),Crossed centerline (undivided),None Indicated,,Dark - roadway not lighted,Snow,Snow,"Surface condition (e.g., wet, icy)",Non-intersection:  Non-junction/no special feature,Paved,,Property Damage Only,0,0,0,0,0,0,4500,1,1,,POINT (-92.358873379825 41.695613631059)
2014783273,14002397,02/04/2014,02-February,3-Tuesday,17:02,1700 Hours,District 6 (East Central),MARION,LINN,IA 100,IA 100/COLLINS RD SE & S 22ND ST,Collision with:  Vehicle in traffic,On Roadway,Rear-end (front to rear),Driving too fast for conditions,None Indicated,,Dusk,Snow,Snow,"Surface condition (e.g., wet, icy)",Intersection:  Four-way intersection,Paved,,Property Damage Only,0,0,0,0,0,0,11500,2,2,,POINT (-91.588857496248 42.015145731955)
2014783139,14-034,02/04/2014,02-February,3-Tuesday,07:47,0700 Hours,District 1 (Central),FORT DODGE,WEBSTER,,7TH AVE N & N 9TH ST,Collision with:  Vehicle in traffic,On Roadway,Broadside (front to side),FTYROW:  From stop sign,None Indicated,,Daylight,Wet,Cloudy,None apparent,Intersection:  Four-way intersection,Paved,,Possible/Unknown,0,3,0,0,3,0,4500,3,7,,POINT (-94.187915322516 42.512232226821)
2014784308,14-003217,02/04/2014,02-February,3-Tuesday,17:58,1700 Hours,District 5 (Southeast),FORT MADISON,LEE,US 61,US 61/US 61 NE RAMP/US 61 NW RAMP & Co Rd X32/303 AVE,Collision with:  Other non-fixed object (explain in narrative),On Roadway,"Sideswipe, opposite direction",Ran Stop Sign,None Indicated,,Dark - roadway lighted,Snow,Snow,"Surface condition (e.g., wet, icy)",Intersection:  Intersection with ramp,Paved,,Property Damage Only,0,0,0,0,0,0,6501,2,4,,POINT (-91.327278045718 40.671818275728)
2014784529,14-2126,02/04/2014,02-February,3-Tuesday,09:35,0900 Hours,District 6 (East Central),BETTENDORF,SCOTT,,FAIRLANE DR & PARKLANE CIR,Collision with fixed object:  Tree,Outside trafficway,Non-collision (single vehicle),"Operating vehicle in an reckless, erratic, careless, negligent manner",None Indicated,,Daylight,Snow,Cloudy,None apparent,Non-intersection:  Driveway access (within),Paved,,Minor Injury,0,1,0,1,0,0,3000,1,1,,POINT (-90.515892618702 41.539623786721)
2014783201,W14-011778,02/04/2014,02-February,3-Tuesday,20:28,2000 Hours,District 2 (Northeast),WATERLOO,BLACK HAWK,US 63,US 63/W 1ST ST & JEFFERSON ST,Collision with:  Vehicle in traffic,On Roadway,Broadside (front to side),Ran Traffic Signal,None Indicated,,Dark - roadway lighted,Snow,Clear,None apparent,Intersection:  Four-way intersection,Paved,,Property Damage Only,0,0,0,0,0,0,2500,2,3,,POINT (-92.345028542914 42.497173108022)
2014784768,14004712,02/04/2014,02-February,3-Tuesday,21:51,2100 Hours,District 5 (Southeast),MUSCATINE,MUSCATINE,,W 8TH ST,Non-collision events:  Other non-collision (explain in narrative),On Roadway,Non-collision (single vehicle),Driving too fast for conditions,None Indicated,,Dark - roadway not lighted,Snow,Cloudy,"Surface condition (e.g., wet, icy)",Non-intersection:  Non-junction/no special feature,Paved,,Property Damage Only,0,0,0,0,0,0,4000,1,1,,POINT (-91.059664061925 41.417941523301)
2014783599,201401735,02/04/2014,02-February,3-Tuesday,18:25,1800 Hours,District 6 (East Central),CEDAR RAPIDS,LINN,I-380,I-380,Collision with fixed object:  Bridge overhead structure,Shoulder,Non-collision (single vehicle),Ran off road - left,None Indicated,,Dark - roadway lighted,Ice/frost,Snow,"Surface condition (e.g., wet, icy)",Non-intersection:  Other non-intersection (explain in narrative),Paved,,Property Damage Only,0,0,0,0,0,0,4000,1,1,,POINT (-91.675878290234 41.974167777614)
2014784140,14001721,02/04/2014,02-February,3-Tuesday,08:55,0800 Hours,District 2 (Northeast),MASON CITY,CERRO GORDO,,12TH ST NW & N MADISON AVE,Collision with:  Vehicle in traffic,On Roadway,Rear-end (front to rear),Driving too fast for conditions,None Indicated,,Daylight,Wet,Cloudy,None apparent,Non-intersection:  Non-junction/no special feature,Paved,,Property Damage Only,0,0,0,0,0,0,7000,2,2,,POINT (-93.207767202161 43.162748979585)
2014783318,14-0608,02/04/2014,02-February,3-Tuesday,07:14,0700 Hours,District 4 (Southwest),WEST DES MOINES,DALLAS,I-80,I-80,Collision with:  Vehicle in traffic,On Roadway,"Sideswipe, same direction",Driving too fast for conditions,None Indicated,,Daylight,Ice/frost,Snow,"Surface condition (e.g., wet, icy)",Non-intersection:  Non-junction/no special feature,Paved,,Property Damage Only,0,0,0,0,0,0,6000,2,2,,POINT (-93.807092388699 41.592012784885)
2014788459,201408055,02/04/2014,02-February,3-Tuesday,09:00,0900 Hours,District 1 (Central),DES MOINES,POLK,I-35,I-35 & Co Rd R56/NW 6TH DR,Collision with fixed object:  Concrete traffic barrier (median or right side),On Roadway,Non-collision (single vehicle),Crossed centerline (undivided),None Indicated,,Daylight,Snow,Snow,"Surface condition (e.g., wet, icy)",Non-intersection:  Other non-intersection (explain in narrative),Paved,,Property Damage Only,0,0,0,0,0,0,2000,1,2,,POINT (-93.627915476481 41.649480053533)
2014784742,14-583,02/04/2014,02-February,3-Tuesday,14:53,1400 Hours,District 3 (Northwest),,IDA,,GERMAN AVE,Collision with fixed object:  Mailbox,Shoulder,Non-collision (single vehicle),Over correcting/over steering,None Indicated,,Daylight,Snow,Snow,None apparent,Non-intersection:  Non-junction/no special feature,Unpaved,,Property Damage Only,0,0,0,0,0,0,2034,1,3,,POINT (-95.536695032611 42.38056072309)
2014783040,20140003113,02/04/2014,02-February,3-Tuesday,06:42,0600 Hours,District 1 (Central),DES MOINES,POLK,I-235,I-235,Collision with:  Vehicle in traffic,On Roadway,"Sideswipe, same direction",Driving too fast for conditions,None Indicated,,Dark - roadway lighted,Snow,Snow,"Surface condition (e.g., wet, icy)",Non-intersection:  Non-junction/no special feature,Paved,,Possible/Unknown,0,1,0,0,1,0,10000,2,2,,POINT (-93.701158364715 41.592995891527)
2014783623,14-000518,02/04/2014,02-February,3-Tuesday,09:58,0900 Hours,District 1 (Central),ANKENY,POLK,US 69,US 69/S ANKENY BLVD & SE LORENZ DR & DMACC BLVD,Collision with fixed object:  Utility pole/light support,On Roadway,Non-collision (single vehicle),Driving too fast for conditions,None Indicated,,Daylight,Snow,Snow,None apparent,Intersection:  Four-way intersection,Paved,,Property Damage Only,0,0,0,0,0,0,5500,1,1,,POINT (-93.600523308737 41.708956288952)
2014790665,140204BJ01,02/04/2014,02-February,3-Tuesday,16:40,1600 Hours,District 3 (Northwest),ORANGE CITY,SIOUX,,INDUSTRIAL WAY,Collision with:  Vehicle in traffic,On Roadway,Broadside (front to side),FTYROW:  From driveway,None Indicated,,Daylight,Snow,Snow,None apparent,Non-intersection:  Driveway access (within),Paved,,Property Damage Only,0,0,0,0,0,0,2200,2,2,,POINT (-96.056977253337 42.994709865066)
2014784051,2014008163,02/04/2014,02-February,3-Tuesday,14:20,1400 Hours,District 4 (Southwest),,MILLS,I-29,I-29,Collision with:  Vehicle in traffic,On Roadway,Rear-end (front to rear),Driving too fast for conditions,None Indicated,,Daylight,Snow,Snow,"Surface condition (e.g., wet, icy)",Non-intersection:  Non-junction/no special feature,Paved,,Possible/Unknown,0,2,0,0,2,0,40000,2,2,,POINT (-95.826242975746 41.114150031334)
2014783710,2014-02243,02/04/2014,02-February,3-Tuesday,07:58,0700 Hours,District 5 (Southeast),,WARREN,IA 5,IA 5/IOWA 5,Collision with fixed object:  Ditch,Outside trafficway,Non-collision (single vehicle),Ran off road - right,None Indicated,,Daylight,Snow,Snow,"Surface condition (e.g., wet, icy)",Non-intersection:  Non-junction/no special feature,Paved,,Property Damage Only,0,0,0,0,0,0,2500,1,1,,POINT (-93.421360861461 41.46853779433)
2014783943,2014-7763,02/04/2014,02-February,3-Tuesday,11:39,1100 Hours,District 6 (East Central),DAVENPORT,SCOTT,,E 4TH ST & PERSHING AVE,Collision with:  Vehicle in traffic,On Roadway,Broadside (front to side),Ran Traffic Signal,None Indicated,,Daylight,Dry,Clear,None apparent,Intersection:  Four-way intersection,Paved,,Property Damage Only,0,0,0,0,0,0,3500,2,3,,POINT (-90.571158024954 41.523512726861)
2014783444,14-3468,02/04/2014,02-February,3-Tuesday,03:59,0300 Hours,District 3 (Northwest),SIOUX CITY,WOODBURY,,HALE ST,Collision with fixed object:  Tree,Roadside,Non-collision (single vehicle),"Operating vehicle in an reckless, erratic, careless, negligent manner",Under Influence of Alcohol/Drugs/Medications,,Dark - roadway not lighted,"Mud, dirt",Clear,None apparent,Non-intersection:  Driveway access (within),Unpaved,,Property Damage Only,0,0,0,0,0,0,5000,1,7,,POINT (-96.458168611712 42.523292146124)
2014783506,W14-011636,02/04/2014,02-February,3-Tuesday,13:00,1300 Hours,District 2 (Northeast),WATERLOO,BLACK HAWK,,FRANCIS DR & VERMONT ST,Collision with:  Vehicle in traffic,On Roadway,Broadside (front to side),FTYROW:  From stop sign,None Indicated,,Daylight,Snow,Cloudy,None apparent,Intersection:  T-intersection,Paved,,Property Damage Only,0,0,0,0,0,0,3000,2,2,,POINT (-92.352386995725 42.479896683568)
2014783051,20140003127,02/04/2014,02-February,3-Tuesday,09:30,0900 Hours,District 1 (Central),DES MOINES,POLK,,DAVIS AVE & SW 9TH ST,Collision with fixed object:  Utility pole/light support,Roadside,Non-collision (single vehicle),Ran off road - right,None Indicated,,Daylight,Slush,Snow,"Surface condition (e.g., wet, icy)",Intersection:  Four-way intersection,Paved,,Property Damage Only,0,0,0,0,0,0,4500,1,2,,POINT (-93.623519332899 41.565880945203)
2014783743,2014008200,02/04/2014,02-February,3-Tuesday,16:02,1600 Hours,District 4 (Southwest),,POTTAWATTAMIE,I-80,I-80,Non-collision events:  Jackknife,On Roadway,Non-collision (single vehicle),Swerving/Evasive Action,None Indicated,,Daylight,Snow,Snow,None apparent,Non-intersection:  Non-junction/no special feature,Paved,,Property Damage Only,0,0,0,0,0,0,20000,1,1,,POINT (-95.499167962619 41.499272954038)
2014783613,2014001049,02/04/2014,02-February,3-Tuesday,22:56,2200 Hours,District 1 (Central),MARSHALLTOWN,MARSHALL,,S 3RD AVE,Collision with fixed object:  Utility pole/light support,On Roadway,Non-collision (single vehicle),Driving too fast for conditions,None Indicated,,Dark - roadway lighted,Snow,Snow,"Surface condition (e.g., wet, icy)",Non-intersection:  Non-junction/no special feature,Paved,,Property Damage Only,0,0,0,0,0,0,4050,1,1,,POINT (-92.907449848126 42.031519940791)
2014785482,14001579,02/04/2014,02-February,3-Tuesday,06:49,0600 Hours,District 6 (East Central),,CEDAR,US 30,US 30,Non-collision events:  Overturn/rollover,,,Ran off road - left,None Indicated,,,,,,,Paved,,Property Damage Only,0,0,0,0,0,0,8000,1,1,,POINT (-91.316602030233 41.918025640511)
2014785703,2014008259,02/04/2014,02-February,3-Tuesday,20:34,2000 Hours,District 1 (Central),,POLK,I-35,I-35,Collision with fixed object:  Concrete traffic barrier (median or right side),On Roadway,Non-collision (single vehicle),Driving too fast for conditions,None Indicated,,Dark - roadway lighted,Snow,Snow,None apparent,Non-intersection:  Non-junction/no special feature,Paved,,Property Damage Only,0,0,0,0,0,0,2500,1,1,,POINT (-93.591320351575 41.650376699324)
2014783053,20140003142,02/04/2014,02-February,3-Tuesday,11:25,1100 Hours,District 1 (Central),DES MOINES,POLK,IA 163,IA 163/E UNIVERSITY AVE & HUBBELL AVE,Collision with fixed object:  Utility pole/light support,On Roadway,Non-collision (single vehicle),Ran off road - right,None Indicated,,Daylight,Slush,Snow,None apparent,Intersection:  Four-way intersection,Paved,,Property Damage Only,0,0,0,0,0,0,1750,1,1,,POINT (-93.578528969717 41.600505864068)
2014784052,2014008201,02/04/2014,02-February,3-Tuesday,16:18,1600 Hours,District 4 (Southwest),,DALLAS,I-80,I-80,Collision with:  Vehicle in traffic,On Roadway,"Sideswipe, same direction",Swerving/Evasive Action,None Indicated,,Daylight,Ice/frost,Snow,"Surface condition (e.g., wet, icy)",Non-intersection:  Non-junction/no special feature,Paved,,Possible/Unknown,0,1,0,0,1,0,4500,2,2,,POINT (-94.066835695724 41.52167550513)
2014783297,14-000522,02/04/2014,02-February,3-Tuesday,11:25,1100 Hours,District 1 (Central),ANKENY,POLK,IA 160,IA 160/SE ORALABOR RD & SE PEACHTREE DR,Collision with fixed object:  Utility pole/light support,Outside trafficway,Non-collision (single vehicle),Driving too fast for conditions,None Indicated,,Daylight,Snow,Snow,"Surface condition (e.g., wet, icy)",Non-intersection:  Non-junction/no special feature,Paved,,Property Damage Only,0,0,0,0,0,0,6000,1,1,,POINT (-93.594012648094 41.702883331787)
2014784053,2014008258,02/04/2014,02-February,3-Tuesday,07:30,0700 Hours,District 4 (Southwest),,MILLS,I-29,I-29,Collision with:  Vehicle in traffic,On Roadway,"Sideswipe, same direction",Crossed centerline (undivided),None Indicated,,Dark - roadway not lighted,Snow,Snow,"Surface condition (e.g., wet, icy)",Non-intersection:  Non-junction/no special feature,Paved,,Property Damage Only,0,0,0,0,0,0,4000,2,5,,POINT (-95.824429517127 41.119625493977)
2014801011,A390114-0239,02/04/2014,02-February,3-Tuesday,08:05,0800 Hours,District 4 (Southwest),GUTHRIE CENTER,GUTHRIE,IA 25,IA 25/S 5TH ST & SCHOOL ST,Collision with:  Vehicle in traffic,On Roadway,Broadside (front to side),Driving too fast for conditions,None Indicated,,Daylight,Snow,Snow,None apparent,Intersection:  T-intersection,Paved,,Property Damage Only,0,0,0,0,0,0,2650,2,2,,POINT (-94.50231865551 41.673567191516)
2014784394,14-0141,02/04/2014,02-February,3-Tuesday,06:50,0600 Hours,District 1 (Central),CLIVE,POLK,,NW 100TH ST,Collision with fixed object:  Utility pole/light support,Outside trafficway,Non-collision (single vehicle),Lost Control,None Indicated,,Dawn,Snow,Cloudy,"Surface condition (e.g., wet, icy)",Non-intersection:  Non-junction/no special feature,Paved,,Minor Injury,0,1,0,1,0,0,5000,1,1,,POINT (-93.753802779864 41.602894958188)
2014782952,14-3916,02/04/2014,02-February,3-Tuesday,12:03,1200 Hours,District 5 (Southeast),BURLINGTON,DES MOINES,,COLUMBUS DR,Collision with:  Vehicle in traffic,On Roadway,"Angle, oncoming left turn",FTYROW:  Making left turn,None Indicated,,Daylight,Dry,Cloudy,None apparent,Intersection:  Four-way intersection,Paved,,Possible/Unknown,0,1,0,0,1,0,6000,2,3,,POINT (-91.137527123175 40.814597787615)
2014784307,14-003201,02/04/2014,02-February,3-Tuesday,14:15,1400 Hours,District 5 (Southeast),,LEE,US 61,US 61,Collision with fixed object:  Ditch,On Roadway,Non-collision (single vehicle),Ran off road - right,None Indicated,,Daylight,Snow,Snow,None apparent,Non-intersection:  Non-junction/no special feature,Paved,,Property Damage Only,0,0,0,0,0,0,1500,1,1,,POINT (-91.413473755419 40.618652257846)
2014783214,140849,02/04/2014,02-February,3-Tuesday,08:05,0800 Hours,District 4 (Southwest),,DALLAS,I-80,I-80,Collision with:  Vehicle in traffic,On Roadway,"Sideswipe, same direction",Swerving/Evasive Action,None Indicated,,Daylight,Slush,Snow,"Surface condition (e.g., wet, icy)",Non-intersection:  Non-junction/no special feature,Paved,,Property Damage Only,0,0,0,0,0,0,4000,2,2,,POINT (-93.995944222867 41.542037181806)
2014786106,2014008212,02/04/2014,02-February,3-Tuesday,17:35,1700 Hours,District 6 (East Central),CORALVILLE,JOHNSON,I-80,I-80,Collision with:  Vehicle in traffic,On Roadway,"Sideswipe, same direction",Lost Control,None Indicated,,Dusk,Snow,Snow,"Surface condition (e.g., wet, icy)",Non-intersection:  Non-junction/no special feature,Paved,,Property Damage Only,0,0,0,0,0,0,5800,2,2,,POINT (-91.572041698658 41.686629505168)
2014784176,CL14000345,02/04/2014,02-February,3-Tuesday,11:23,1100 Hours,District 6 (East Central),CLINTON,CLINTON,US 30,US 30/LINCOLN WAY,Collision with:  Vehicle in traffic,On Roadway,Broadside (front to side),FTYROW:  At uncontrolled intersection,None Indicated,,Daylight,Dry,Cloudy,None apparent,Non-intersection:  Non-junction/no special feature,Paved,,Property Damage Only,0,0,0,0,0,0,7500,2,2,,POINT (-90.232442984611 41.815906814821)
2014783126,891400713,02/04/2014,02-February,3-Tuesday,15:05,1500 Hours,District 5 (Southeast),KEOSAUQUA,VAN BUREN,IA 1,IA 1/IOWA 1/MAIN ST & 220TH ST,Collision with:  Vehicle in traffic,On Roadway,"Sideswipe, opposite direction",Crossed centerline (undivided),None Indicated,,Daylight,Slush,Snow,"Surface condition (e.g., wet, icy)",Non-intersection:  Non-junction/no special feature,Paved,,Property Damage Only,0,0,0,0,0,0,3500,2,3,,POINT (-91.956069342652 40.725601669527)
2014783232,TC05-14,02/04/2014,02-February,3-Tuesday,14:20,1400 Hours,District 4 (Southwest),MISSOURI VALLEY,HARRISON,US 30,US 30/E ERIE ST & S 8TH ST & N 8TH ST,Collision with fixed object:  Traffic sign support,Outside trafficway,Non-collision (single vehicle),Driving too fast for conditions,None Indicated,,Daylight,Snow,Snow,"Surface condition (e.g., wet, icy)",Non-intersection:  Non-junction/no special feature,Paved,,Property Damage Only,0,0,0,0,0,0,10000,1,1,,POINT (-95.885042050785 41.556383821449)
2014786472,2014008291,02/04/2014,02-February,3-Tuesday,22:15,2200 Hours,District 1 (Central),ANKENY,POLK,I-35,I-35,Collision with:  Vehicle in traffic,On Roadway,"Sideswipe, same direction",Driving too fast for conditions,None Indicated,,Dark - roadway lighted,Snow,Snow,"Surface condition (e.g., wet, icy)",Interchange-related:  On-ramp merge area,Paved,,Property Damage Only,0,0,0,0,0,0,9000,2,2,,POINT (-93.575672370974 41.6571124254)
2014788201,2014008114,02/04/2014,02-February,3-Tuesday,12:50,1200 Hours,District 4 (Southwest),,DALLAS,I-80,I-80,Collision with fixed object:  Guardrail - face,Median,Non-collision (single vehicle),Driving too fast for conditions,None Indicated,,Daylight,Snow,Snow,"Surface condition (e.g., wet, icy)",Non-intersection:  Non-junction/no special feature,Paved,,Property Damage Only,0,0,0,0,0,0,1500,1,1,,POINT (-94.127135035711 41.517659520368)
2014783509,W14-011762,02/04/2014,02-February,3-Tuesday,19:02,1900 Hours,District 2 (Northeast),WATERLOO,BLACK HAWK,,E SAN MARNAN DR,Collision with:  Parked motor vehicle,Outside trafficway,Unknown,Swerving/Evasive Action,None Indicated,,Dark - roadway lighted,Snow,Snow,"Surface condition (e.g., wet, icy)",Non-intersection:  Non-junction/no special feature,Paved,,Property Damage Only,0,0,0,0,0,0,5800,3,1,,POINT (-92.334264668623 42.45869208933)
2014783661,14-0244,02/04/2014,02-February,3-Tuesday,18:35,1800 Hours,District 1 (Central),URBANDALE,POLK,,PATRICIA DR,Collision with:  Vehicle in traffic,On Roadway,"Sideswipe, opposite direction",Driving too fast for conditions,None Indicated,,Dark - roadway lighted,Snow,Snow,None apparent,Intersection:  T-intersection,Paved,,Property Damage Only,0,0,0,0,0,0,2000,2,5,,POINT (-93.748189825919 41.621864729802)
2014783744,2014008190,02/04/2014,02-February,3-Tuesday,15:56,1500 Hours,District 4 (Southwest),COUNCIL BLUFFS,POTTAWATTAMIE,I-29,I-29,Collision with fixed object:  Other fixed object (explain in narrative),Median,Non-collision (single vehicle),Ran off road - left,None Indicated,,Daylight,Ice/frost,Snow,"Surface condition (e.g., wet, icy)",Non-intersection:  Other non-intersection (explain in narrative),Paved,,Property Damage Only,0,0,0,0,0,0,2025,1,1,,POINT (-95.823438320736 41.210840648383)
2014785187,2014008267,02/04/2014,02-February,3-Tuesday,20:10,2000 Hours,District 4 (Southwest),,POTTAWATTAMIE,I-80,I-80,Collision with:  Vehicle in traffic,On Roadway,Rear-end (front to rear),Driving too fast for conditions,None Indicated,,Dark - roadway not lighted,Ice/frost,Snow,"Surface condition (e.g., wet, icy)",Non-intersection:  Non-junction/no special feature,Paved,,Minor Injury,0,1,0,1,0,0,45000,2,3,,POINT (-95.426695312838 41.498141891451)
2014783335,14-004659,02/04/2014,02-February,3-Tuesday,22:36,2200 Hours,District 4 (Southwest),COUNCIL BLUFFS,POTTAWATTAMIE,I-29,I-29,Collision with fixed object:  Utility pole/light support,Outside trafficway,Non-collision (single vehicle),Ran off road - right,None Indicated,,Dark - roadway lighted,Snow,Snow,None apparent,Non-intersection:  Other non-intersection (explain in narrative),Paved,,Property Damage Only,0,0,0,0,0,0,13500,1,1,,POINT (-95.851972978413 41.232112580792)