Iowa DOT Case Number,Law Enforcement Case Number,Date of Crash,Month of Crash,Day of Week,Time of Crash,Hour,DOT District,City Name,County Name,Route with System,Location Description,First Harmful Event,Location of First Harmful Event,Manner of Crash/Collision,Major Cause,Drug or Alcohol ,Environmental Conditions,Light Conditions,Surface Conditions,Weather Conditions,Roadway Contribution,Roadway Type,Roadway Surface,Work Zone,Crash Severity,Number of Fatalities,Number of Injuries,Number of Major Injuries,Number of Minor Injuries,Number of Possible Injuries,Number of Unknown Injuries,Amount of Property Damage,Number of Vehicles Involved,Total Number of Occupants,Travel Direction,Location
2014784965,14-03966,02/04/2014,02-February,3-Tuesday,18:30,1800 Hours,District 5 (Southeast),,DES MOINES,US 61,US 61,Collision with:  Animal,,,Animal,None Indicated,,,,,,,Paved,,Property Damage Only,0,0,0,0,0,0,1500,1,1,,POINT (-91.156989062406 40.859769306482)
2014783278,14002613,02/04/2014,02-February,3-Tuesday,13:40,1300 Hours,District 5 (Southeast),OSKALOOSA,MAHASKA,IA 92,IA 92/A AVE W,Collision with:  Vehicle in traffic,On Roadway,Rear-end (front to rear),Driving too fast for conditions,None Indicated,,Daylight,Snow,Snow,None apparent,Non-intersection:  Non-junction/no special feature,Paved,,Property Damage Only,0,0,0,0,0,0,2200,2,2,,POINT (-92.659452300745 41.296210451706)
2014784639,2014008124,02/04/2014,02-February,3-Tuesday,13:30,1300 Hours,District 4 (Southwest),,DALLAS,I-80,I-80,Collision with fixed object:  Guardrail - face,Median,Non-collision (single vehicle),Driving too fast for conditions,None Indicated,,Daylight,Snow,Snow,None apparent,Non-intersection:  Non-junction/no special feature,Paved,,Property Damage Only,0,0,0,0,0,0,1600,1,1,,POINT (-94.119824253796 41.517640872807)
2014783475,2014008169,02/04/2014,02-February,3-Tuesday,14:48,1400 Hours,District 4 (Southwest),NEOLA,POTTAWATTAMIE,I-80,I-80,Collision with fixed object:  Ditch,Roadside,Non-collision (single vehicle),Ran off road - right,None Indicated,,Daylight,Snow,Snow,"Surface condition (e.g., wet, icy)",Non-intersection:  Non-junction/no special feature,Paved,,Property Damage Only,0,0,0,0,0,0,2600,1,3,,POINT (-95.606989601192 41.443209242236)
2014783203,14-2003,02/04/2014,02-February,3-Tuesday,16:01,1600 Hours,District 2 (Northeast),,BREMER,,ATLAS AVE & 240TH ST,Collision with fixed object:  Ditch,Outside trafficway,Non-collision (single vehicle),Driving too fast for conditions,None Indicated,,Daylight,Ice/frost,Cloudy,"Surface condition (e.g., wet, icy)",Intersection:  T-intersection,Unpaved,,Property Damage Only,0,0,0,0,0,0,2000,1,2,,POINT (-92.539382310375 42.70059414794)
2014787194,2014008249,02/04/2014,02-February,3-Tuesday,19:00,1900 Hours,District 6 (East Central),,CEDAR,I-80,I-80,Collision with fixed object:  Guardrail - face,Median,Non-collision (single vehicle),Ran off road - left,None Indicated,,Dark - roadway not lighted,Snow,Snow,"Surface condition (e.g., wet, icy)",Non-intersection:  Non-junction/no special feature,Paved,,Property Damage Only,0,0,0,0,0,0,2250,1,1,,POINT (-90.965810405228 41.633579883559)
2014786401,2014-7843,02/04/2014,02-February,3-Tuesday,19:43,1900 Hours,District 6 (East Central),DAVENPORT,SCOTT,US 67,US 67/E RIVER DR,Non-collision events:  Other non-collision (explain in narrative),On Roadway,Non-collision (single vehicle),Lost Control,None Indicated,,Dark - roadway lighted,Snow,Cloudy,None apparent,Non-intersection:  Non-junction/no special feature,Paved,,Property Damage Only,0,0,0,0,0,0,2000,1,1,,POINT (-90.559197128547 41.526393577781)
2014783055,14-0609,02/04/2014,02-February,3-Tuesday,07:35,0700 Hours,District 4 (Southwest),WEST DES MOINES,DALLAS,I-80,I-80,Collision with:  Parked motor vehicle,Shoulder,"Sideswipe, same direction",Driving too fast for conditions,None Indicated,,Daylight,Snow,Snow,None apparent,Non-intersection:  Non-junction/no special feature,Paved,,Property Damage Only,0,0,0,0,0,0,4000,2,2,,POINT (-93.860618769726 41.565981036048)
2014785100,2014-7849,02/04/2014,02-February,3-Tuesday,21:00,2100 Hours,District 6 (East Central),DAVENPORT,SCOTT,US 67,US 67/GAINES ST,Collision with:  Vehicle in traffic,Shoulder,Rear-end (front to rear),Unknown,None Indicated,,Dark - roadway lighted,Snow,Snow,"Surface condition (e.g., wet, icy)",Non-intersection:  Non-junction/no special feature,Paved,,Property Damage Only,0,0,0,0,0,0,1500,2,7,,POINT (-90.583545310214 41.520738657824)
2014783922,14-0237,02/04/2014,02-February,3-Tuesday,10:45,1000 Hours,District 1 (Central),URBANDALE,POLK,I-35,I-35,Collision with:  Vehicle in traffic,On Roadway,"Sideswipe, same direction",Lost Control,None Indicated,,Daylight,Snow,Snow,"Surface condition (e.g., wet, icy)",Non-intersection:  Non-junction/no special feature,Paved,,Property Damage Only,0,0,0,0,0,0,3500,2,2,,POINT (-93.706763403604 41.652517040485)
2014783296,14-000519,02/04/2014,02-February,3-Tuesday,10:01,1000 Hours,District 1 (Central),ANKENY,POLK,I-35,I-35,Collision with:  Vehicle in traffic,On Roadway,"Sideswipe, same direction",Lost Control,None Indicated,,Daylight,Snow,Snow,"Surface condition (e.g., wet, icy)",Intersection:  Intersection with ramp,Paved,,Property Damage Only,0,0,0,0,0,0,4000,2,3,,POINT (-93.571164823473 41.755834466507)
2014783958,2014-7810,02/04/2014,02-February,3-Tuesday,15:52,1500 Hours,District 6 (East Central),DAVENPORT,SCOTT,,IA 461/BRADY ST & VETERANS MEMORIAL PKWY & W 65TH ST,Collision with:  Vehicle in traffic,On Roadway,"Sideswipe, same direction",Swerving/Evasive Action,None Indicated,,Daylight,Ice/frost,Snow,"Surface condition (e.g., wet, icy)",Intersection:  Four-way intersection,Paved,,Property Damage Only,0,0,0,0,0,0,6000,2,2,,POINT (-90.571325145913 41.585633288289)
2014783986,14-1295,02/04/2014,02-February,3-Tuesday,13:24,1300 Hours,District 3 (Northwest),,SIOUX,,Co Rd B40/390TH ST & FIR AVE,Collision with:  Vehicle in traffic,On Roadway,Broadside (front to side),FTYROW:  From stop sign,None Indicated,,Daylight,Dry,Cloudy,None apparent,Intersection:  Four-way intersection,Paved,,Possible/Unknown,0,1,0,0,1,0,4700,2,3,,POINT (-96.254172891415 43.084089184452)
2014783592,201400345,02/04/2014,02-February,3-Tuesday,19:20,1900 Hours,District 6 (East Central),,LINN,IA 13,IA 13/IOWA 13,Non-collision events:  Other non-collision (explain in narrative),On Roadway,Non-collision (single vehicle),Driving too fast for conditions,None Indicated,,Dark - roadway not lighted,Snow,Snow,None apparent,Non-intersection:  Non-junction/no special feature,Paved,,Possible/Unknown,0,1,0,0,1,0,7000,1,1,,POINT (-91.550280027362 42.070008608173)
2014785101,2014-7853,02/04/2014,02-February,3-Tuesday,21:23,2100 Hours,District 6 (East Central),DAVENPORT,SCOTT,,IA 461/HARRISON ST & W 35TH ST,Collision with:  Vehicle in traffic,On Roadway,Rear-end (front to rear),Other (explain in narrative):  Other,None Indicated,,Dark - roadway lighted,Snow,Snow,None apparent,Non-intersection:  Non-junction/no special feature,Paved,,Property Damage Only,0,0,0,0,0,0,3500,2,3,,POINT (-90.577050652474 41.555708916647)
2014784674,,02/04/2014,02-February,3-Tuesday,17:53,1700 Hours,District 5 (Southeast),CHARITON,LUCAS,,N GRAND ST,Collision with:  Parked motor vehicle,On Roadway,Rear-end (front to rear),Over correcting/over steering,None Indicated,,Unknown,Snow,Snow,"Surface condition (e.g., wet, icy)",Non-intersection:  Non-junction/no special feature,Paved,,Property Damage Only,0,0,0,0,0,0,5200,2,1,,POINT (-93.306855534571 41.018039835536)
2014796656,2014008222,02/04/2014,02-February,3-Tuesday,17:48,1700 Hours,District 1 (Central),ANKENY,POLK,I-35,I-35,Collision with fixed object:  Ditch,On Roadway,Non-collision (single vehicle),Driving too fast for conditions,None Indicated,,Dusk,Ice/frost,Snow,"Surface condition (e.g., wet, icy)",Non-intersection:  Other non-intersection (explain in narrative),Paved,,Property Damage Only,0,0,0,0,0,0,3000,1,1,,POINT (-93.577759132585 41.737337117657)
2014785719,14000063,02/04/2014,02-February,3-Tuesday,13:06,1300 Hours,District 5 (Southeast),ALBIA,MONROE,,B AVE E,Collision with:  Vehicle in traffic,On Roadway,Rear-end (front to rear),Driving too fast for conditions,None Indicated,,Daylight,Slush,Snow,"Surface condition (e.g., wet, icy)",Non-intersection:  Non-junction/no special feature,Paved,,Property Damage Only,0,0,0,0,0,0,3800,2,2,,POINT (-92.799832531319 41.029057292778)
2014784141,14001734,02/04/2014,02-February,3-Tuesday,14:14,1400 Hours,District 2 (Northeast),MASON CITY,CERRO GORDO,,16TH ST NW & N PRESIDENT AVE,Collision with:  Vehicle in traffic,On Roadway,Broadside (front to side),FTYROW:  From driveway,None Indicated,,Daylight,Snow,Cloudy,None apparent,Non-intersection:  Driveway access (within),Paved,,Property Damage Only,0,0,0,0,0,0,3000,2,2,,POINT (-93.203688220782 43.167961103908)
2014783304,20140003218,02/04/2014,02-February,3-Tuesday,21:07,2100 Hours,District 1 (Central),DES MOINES,POLK,US 69,US 69/SE 14TH ST,Collision with fixed object:  Utility pole/light support,On Roadway,Unknown,Lost Control,None Indicated,,Dark - roadway lighted,Unknown,Unknown,Unknown,Intersection:  Four-way intersection,Paved,,Property Damage Only,0,0,0,0,0,0,16000,2,2,,POINT (-93.596830709852 41.538162956643)
2014786108,2014008284,02/04/2014,02-February,3-Tuesday,21:30,2100 Hours,District 6 (East Central),CEDAR RAPIDS,LINN,I-380,I-380,Collision with fixed object:  Guardrail - face,Median,Non-collision (single vehicle),Driving too fast for conditions,None Indicated,,Dark - roadway lighted,Snow,Clear,None apparent,Non-intersection:  Non-junction/no special feature,Paved,,Property Damage Only,0,0,0,0,0,0,3500,1,1,,POINT (-91.669325612062 41.865590352225)
2014783740,2014008129,02/04/2014,02-February,3-Tuesday,13:15,1300 Hours,District 4 (Southwest),WEST DES MOINES,DALLAS,I-80,I-80,Collision with fixed object:  Guardrail - face,Shoulder,Non-collision (single vehicle),Driving too fast for conditions,None Indicated,,Daylight,Ice/frost,Snow,None apparent,Non-intersection:  Non-junction/no special feature,Paved,,Property Damage Only,0,0,0,0,0,0,8000,1,1,,POINT (-93.839358991514 41.576523531304)
2014783025,14-762,02/04/2014,02-February,3-Tuesday,05:50,0500 Hours,District 1 (Central),DES MOINES,POLK,I-35,I-35 & IA 415/2ND AVE,Collision with:  Vehicle in traffic,On Roadway,"Angle, oncoming left turn",FTYROW:  Making left turn,None Indicated,,Dark - roadway lighted,Snow,Snow,"Surface condition (e.g., wet, icy)",Intersection:  Intersection with ramp,Paved,,Property Damage Only,0,0,0,0,0,0,2200,2,2,,POINT (-93.619997747283 41.650333677502)
2014783700,14-000520,02/04/2014,02-February,3-Tuesday,10:45,1000 Hours,District 1 (Central),AMES,STORY,,S 16TH ST,Non-collision events:  Other non-collision (explain in narrative),Shoulder,Non-collision (single vehicle),Lost Control,None Indicated,,Daylight,Ice/frost,Cloudy,"Surface condition (e.g., wet, icy)",Non-intersection:  Non-junction/no special feature,Paved,,Property Damage Only,0,0,0,0,0,0,1700,1,1,,POINT (-93.625418427015 42.008354651622)
2014784500,S14-000341,02/04/2014,02-February,3-Tuesday,02:00,0200 Hours,District 4 (Southwest),WALNUT,POTTAWATTAMIE,I-80,I-80,Non-collision events:  Other non-collision (explain in narrative),Roadside,Non-collision (single vehicle),Ran off road - right,None Indicated,,Dark - roadway lighted,Snow,Snow,None apparent,Intersection:  Intersection with ramp,Paved,,Major Injury,0,2,1,0,1,0,20000,1,2,,POINT (-95.21797783435 41.497296758108)
2014784054,2014008292,02/04/2014,02-February,3-Tuesday,21:54,2100 Hours,District 5 (Southeast),,WAPELLO,US 63,US 63,Collision with:  Vehicle in traffic,On Roadway,"Angle, oncoming left turn",Driving too fast for conditions,None Indicated,,Dark - roadway not lighted,Snow,Snow,"Surface condition (e.g., wet, icy)",Non-intersection:  Non-junction/no special feature,Paved,,Property Damage Only,0,0,0,0,0,0,6000,2,2,,POINT (-92.396033290326 41.088047833769)
2014787249,,02/04/2014,02-February,3-Tuesday,13:00,1300 Hours,District 3 (Northwest),HINTON,PLYMOUTH,US 75,US 75/FLOYD AVE & MAIN ST,Collision with:  Vehicle in traffic,On Roadway,Broadside (front to side),FTYROW:  Other (explain in narrative),None Indicated,,Daylight,Dry,Snow,None apparent,Non-intersection:  Non-junction/no special feature,Paved,,Property Damage Only,0,0,0,0,0,0,2000,2,3,,POINT (-96.291951229804 42.626621072267)
2014784610,2014008042,02/04/2014,02-February,3-Tuesday,08:15,0800 Hours,District 1 (Central),BROOKLYN,POWESHIEK,,NORTH ST & JACKSON ST,Collision with:  Vehicle in traffic,On Roadway,Rear-end (front to rear),Swerving/Evasive Action,None Indicated,,Daylight,Wet,Cloudy,None apparent,Intersection:  Four-way intersection,Paved,,Possible/Unknown,0,1,0,0,1,0,7000,2,4,,POINT (-92.445436141016 41.738919553721)
2014783328,14-004597,02/04/2014,02-February,3-Tuesday,13:18,1300 Hours,District 4 (Southwest),COUNCIL BLUFFS,POTTAWATTAMIE,,2ND AVE & S 32ND ST,Collision with:  Vehicle in traffic,On Roadway,Broadside (front to side),Other (explain in narrative):  Other,None Indicated,,Daylight,Snow,Snow,"Surface condition (e.g., wet, icy)",Non-intersection:  Non-junction/no special feature,Paved,,Property Damage Only,0,0,0,0,0,0,4000,2,3,,POINT (-95.89584762294 41.2598098918)
2014783057,14-0615,02/04/2014,02-February,3-Tuesday,12:49,1200 Hours,District 1 (Central),WEST DES MOINES,POLK,,ASHWORTH RD & 18TH ST,Collision with:  Vehicle in traffic,On Roadway,"Sideswipe, same direction",Lost Control,None Indicated,,Daylight,Snow,Snow,"Surface condition (e.g., wet, icy)",Non-intersection:  Non-junction/no special feature,Paved,,Property Damage Only,0,0,0,0,0,0,2000,2,5,,POINT (-93.72822886114 41.584631031572)
2014784345,014-14,02/04/2014,02-February,3-Tuesday,08:50,0800 Hours,District 4 (Southwest),,MADISON,,Co Rd P53/PITZER RD,Collision with fixed object:  Tree,On Roadway,Non-collision (single vehicle),Ran off road - right,None Indicated,,Daylight,Snow,Snow,"Surface condition (e.g., wet, icy)",Non-intersection:  Non-junction/no special feature,Paved,,Property Damage Only,0,0,0,0,0,0,5500,1,1,,POINT (-94.18456315301 41.359643538044)
2014783218,2014-0422,02/04/2014,02-February,3-Tuesday,13:02,1300 Hours,District 4 (Southwest),WAUKEE,DALLAS,,UNIVERSITY AVE,Collision with fixed object:  Traffic sign support,On Roadway,Non-collision (single vehicle),Swerving/Evasive Action,None Indicated,,Daylight,Snow,Snow,"Surface condition (e.g., wet, icy)",Non-intersection:  Non-junction/no special feature,Paved,,Property Damage Only,0,0,0,0,0,0,3000,1,1,,POINT (-93.851752237231 41.600409539745)
2014783913,14-0234,02/04/2014,02-February,3-Tuesday,07:49,0700 Hours,District 1 (Central),URBANDALE,POLK,,DOUGLAS PKWY & 124TH ST,Collision with:  Vehicle in traffic,On Roadway,Broadside (front to side),FTYROW:  From stop sign,None Indicated,,Daylight,Snow,Cloudy,None apparent,Intersection:  T-intersection,Paved,,Property Damage Only,0,0,0,0,0,0,8000,2,3,,POINT (-93.789492823083 41.629568821493)
2014784679,,02/04/2014,02-February,3-Tuesday,09:18,0900 Hours,District 2 (Northeast),CHARLES CITY,FLOYD,,5TH AVE & B ST,Collision with:  Vehicle in traffic,On Roadway,Broadside (front to side),FTYROW:  At uncontrolled intersection,None Indicated,,Daylight,Ice/frost,Clear,None apparent,Intersection:  T-intersection,Paved,,Property Damage Only,0,0,0,0,0,0,3000,2,2,,POINT (-92.671282132705 43.067301643947)
2014784021,2014008027,02/04/2014,02-February,3-Tuesday,07:42,0700 Hours,District 1 (Central),,POLK,I-80,I-80,Collision with fixed object:  Guardrail - face,On Roadway,Non-collision (single vehicle),Driving too fast for conditions,None Indicated,,Daylight,Ice/frost,Snow,"Surface condition (e.g., wet, icy)",Non-intersection:  Non-junction/no special feature,Paved,,Property Damage Only,0,0,0,0,0,0,9800,1,1,,POINT (-93.411097812202 41.678526331244)
2014783282,2014001034,02/04/2014,02-February,3-Tuesday,15:17,1500 Hours,District 1 (Central),MARSHALLTOWN,MARSHALL,IA 14,IA 14/N 3RD AVE & E STATE ST,Collision with:  Vehicle in traffic,On Roadway,Rear-end (front to rear),Driving too fast for conditions,None Indicated,,Daylight,Snow,Snow,"Surface condition (e.g., wet, icy)",Intersection:  Four-way intersection,Paved,,Property Damage Only,0,0,0,0,0,0,1500,2,4,,POINT (-92.907990475038 42.050353180392)
2014783319,14-0619,02/04/2014,02-February,3-Tuesday,17:05,1700 Hours,District 1 (Central),WEST DES MOINES,POLK,IA 28,IA 28/63RD ST & WINONA AVE & MAPLE ST,Collision with:  Vehicle in traffic,On Roadway,"Angle, oncoming left turn",FTYROW:  Making left turn,None Indicated,,Dark - roadway lighted,Snow,Snow,None apparent,Intersection:  Four-way intersection,Paved,,Property Damage Only,0,0,0,0,0,0,16000,3,4,,POINT (-93.703259811693 41.571041411846)
2014792058,14C00517,02/04/2014,02-February,3-Tuesday,13:57,1300 Hours,District 4 (Southwest),CRESTON,UNION,US 34,US 34/E TAYLOR ST & S CHERRY ST,Collision with:  Vehicle in traffic,On Roadway,"Angle, oncoming left turn",FTYROW:  From stop sign,None Indicated,,Daylight,Snow,Rain,"Surface condition (e.g., wet, icy)",Intersection:  Four-way intersection,Paved,,Property Damage Only,0,0,0,0,0,0,2750,2,2,,POINT (-94.356721988569 41.049196776206)
2014783446,14-3501,02/04/2014,02-February,3-Tuesday,13:41,1300 Hours,District 3 (Northwest),SIOUX CITY,WOODBURY,IA 12,IA 12/GORDON DR & PEARL ST,Collision with:  Vehicle in traffic,On Roadway,Broadside (front to side),Ran Traffic Signal,None Indicated,,Daylight,Dry,Cloudy,None apparent,Intersection:  T-intersection,Paved,,Minor Injury,0,1,0,1,0,0,6900,2,3,,POINT (-96.408309548551 42.4899853724)
2014784024,2014008205,02/04/2014,02-February,3-Tuesday,16:20,1600 Hours,District 4 (Southwest),,GUTHRIE,,Co Rd P28/WAGON RD,Collision with:  Vehicle in traffic,On Roadway,Rear-end (front to rear),Driving too fast for conditions,None Indicated,,Daylight,Snow,Snow,"Surface condition (e.g., wet, icy)",Non-intersection:  Non-junction/no special feature,Paved,,Minor Injury,0,1,0,1,0,0,11000,2,2,,POINT (-94.318261695974 41.528921800718)
2014783215,140857,02/04/2014,02-February,3-Tuesday,11:04,1100 Hours,District 4 (Southwest),DEXTER,DALLAS,,STATE ST & MARSHALL ST,Collision with:  Vehicle in traffic,On Roadway,Broadside (front to side),FTYROW:  From stop sign,None Indicated,,Daylight,Snow,Snow,"Surface condition (e.g., wet, icy)",Intersection:  Four-way intersection,Paved,,Property Damage Only,0,0,0,0,0,0,12000,2,2,,POINT (-94.228111428478 41.518102612123)
2014785704,2014008307,02/04/2014,02-February,3-Tuesday,23:38,2300 Hours,District 1 (Central),,POLK,I-35,I-35 & I-235,Collision with fixed object:  Curb/island/raised median,Shoulder,Non-collision (single vehicle),Ran off road - left,None Indicated,,Dark - roadway lighted,Snow,Snow,"Surface condition (e.g., wet, icy)",Non-intersection:  Non-junction/no special feature,Paved,,Possible/Unknown,0,1,0,0,1,0,5000,1,1,,POINT (-93.575665713649 41.650969577461)
2014783659,20140003176,02/04/2014,02-February,3-Tuesday,19:15,1900 Hours,District 1 (Central),DES MOINES,POLK,I-235,I-235,Collision with fixed object:  Utility pole/light support,Shoulder,Non-collision (single vehicle),Driving too fast for conditions,None Indicated,,Dark - roadway lighted,Snow,Snow,"Surface condition (e.g., wet, icy)",Non-intersection:  Non-junction/no special feature,Paved,,Property Damage Only,0,0,0,0,0,0,15000,1,1,,POINT (-93.575269137949 41.632038474215)
2014785051,14-0144,02/04/2014,02-February,3-Tuesday,14:05,1400 Hours,District 1 (Central),CLIVE,POLK,,HARBACH BLVD & NW 86TH ST,Collision with:  Parked motor vehicle,Roadside,Broadside (front to side),Ran off road - right,None Indicated,,Daylight,Snow,Snow,"Surface condition (e.g., wet, icy)",Non-intersection:  Non-junction/no special feature,Paved,,Property Damage Only,0,0,0,0,0,0,6100,3,1,,POINT (-93.736318455658 41.607124562481)
2014787394,14-0013770,02/04/2014,02-February,3-Tuesday,10:27,1000 Hours,District 4 (Southwest),,MILLS,,Co Rd L63/310TH ST & RAINS AVE,Non-collision events:  Overturn/rollover,On Roadway,Non-collision (single vehicle),Swerving/Evasive Action,None Indicated,,Daylight,Snow,Snow,"Surface condition (e.g., wet, icy)",Intersection:  T-intersection,Paved,,Minor Injury,0,1,0,1,0,0,5000,1,1,,POINT (-95.59445988984 40.916176629344)
2014785702,2014007995,02/04/2014,02-February,3-Tuesday,03:20,0300 Hours,District 1 (Central),,JASPER,I-80,I-80,Collision with fixed object:  Guardrail - face,Outside trafficway,Non-collision (single vehicle),Ran off road - left,None Indicated,,Dark - roadway not lighted,Snow,Snow,"Surface condition (e.g., wet, icy)",Non-intersection:  Non-junction/no special feature,Paved,,Property Damage Only,0,0,0,0,0,0,4500,1,1,,POINT (-93.326831279534 41.681408924653)
2014783714,2014-02253,02/04/2014,02-February,3-Tuesday,09:50,0900 Hours,District 5 (Southeast),,WARREN,IA 5,IA 5/IOWA 5,Collision with fixed object:  Guardrail - face,Roadside,Non-collision (single vehicle),Driving too fast for conditions,None Indicated,,Daylight,Ice/frost,Snow,"Surface condition (e.g., wet, icy)",Non-intersection:  Other non-intersection (explain in narrative),Paved,,Property Damage Only,0,0,0,0,0,0,7500,1,1,,POINT (-93.510034966235 41.506109086956)
2014783445,14-3475,02/04/2014,02-February,3-Tuesday,08:56,0800 Hours,District 3 (Northwest),SIOUX CITY,WOODBURY,,38TH ST PL & HAMILTON BLVD,Collision with:  Vehicle in traffic,On Roadway,"Angle, oncoming left turn",FTYROW:  Making left turn,None Indicated,,Daylight,Dry,Cloudy,None apparent,Non-intersection:  Driveway access (within),Paved,,Property Damage Only,0,0,0,0,0,0,2500,2,2,,POINT (-96.40855152071 42.534928431901)
2014785153,2014008280,02/04/2014,02-February,3-Tuesday,21:45,2100 Hours,District 6 (East Central),,CEDAR,I-80,I-80,Collision with fixed object:  Other fixed object (explain in narrative),On Roadway,Non-collision (single vehicle),Ran off road - left,None Indicated,,Dark - roadway not lighted,Snow,Snow,"Surface condition (e.g., wet, icy)",Non-intersection:  Non-junction/no special feature,Paved,,Property Damage Only,0,0,0,0,0,0,3000,1,2,,POINT (-91.086163397274 41.644518970497)
2014783915,14-0238,02/04/2014,02-February,3-Tuesday,11:49,1100 Hours,District 1 (Central),URBANDALE,POLK,,DOUGLAS AVE,Collision with:  Vehicle in traffic,On Roadway,Rear-end (front to rear),Driving too fast for conditions,None Indicated,,Daylight,Snow,Cloudy,None apparent,Intersection:  Four-way intersection,Paved,,Property Damage Only,0,0,0,0,0,0,4000,2,2,,POINT (-93.756236031091 41.629369087585)
2014784027,2014008282,02/04/2014,02-February,3-Tuesday,21:45,2100 Hours,District 5 (Southeast),,HENRY,US 218,US 218,Non-collision events:  Overturn/rollover,Roadside,Non-collision (single vehicle),Ran off road - right,None Indicated,,Dark - roadway not lighted,Snow,Snow,None apparent,Non-intersection:  Non-junction/no special feature,Paved,,Property Damage Only,0,0,0,0,0,0,100000,1,1,,POINT (-91.544547166068 41.085130844144)
2014785640,2014-7852,02/04/2014,02-February,3-Tuesday,21:43,2100 Hours,District 6 (East Central),DAVENPORT,SCOTT,,E 53RD ST & JERSEY RIDGE RD,Collision with:  Vehicle in traffic,On Roadway,"Sideswipe, opposite direction",Lost Control,None Indicated,,Dark - roadway lighted,Snow,Snow,"Surface condition (e.g., wet, icy)",Intersection:  Four-way intersection,Paved,,Property Damage Only,0,0,0,0,0,0,15000,2,3,,POINT (-90.541615387236 41.574779319312)
2014785154,2014008289,02/04/2014,02-February,3-Tuesday,22:25,2200 Hours,District 6 (East Central),,CEDAR,I-80,I-80,Collision with fixed object:  Traffic sign support,Shoulder,Non-collision (single vehicle),Swerving/Evasive Action,None Indicated,,Dark - roadway not lighted,Ice/frost,Snow,"Surface condition (e.g., wet, icy)",Non-intersection:  Non-junction/no special feature,Paved,,Property Damage Only,0,0,0,0,0,0,3100,1,1,,POINT (-90.910915527733 41.633432559886)
2014783326,13-004647,02/04/2014,02-February,3-Tuesday,20:40,2000 Hours,District 4 (Southwest),COUNCIL BLUFFS,POTTAWATTAMIE,I-80,I-80 & VALLEY VIEW DR,Non-collision events:  Other non-collision (explain in narrative),Roadside,Non-collision (single vehicle),Lost Control,None Indicated,,Dark - roadway lighted,Snow,Snow,"Surface condition (e.g., wet, icy)",Non-intersection:  Other non-intersection (explain in narrative),Paved,,Property Damage Only,0,0,0,0,0,0,5000,1,1,,POINT (-95.818569775918 41.244923265957)
2014783302,20140003112,02/04/2014,02-February,3-Tuesday,06:10,0600 Hours,District 1 (Central),DES MOINES,POLK,I-235,I-235 & KEOSAUQUA WAY,Collision with fixed object:  Concrete traffic barrier (median or right side),On Roadway,Non-collision (single vehicle),Swerving/Evasive Action,None Indicated,,Daylight,Snow,Snow,None apparent,Non-intersection:  Non-junction/no special feature,Paved,,Possible/Unknown,0,1,0,0,1,0,3000,1,1,,POINT (-93.635976472818 41.596032075911)
2014784265,14-020204-1,02/04/2014,02-February,3-Tuesday,18:35,1800 Hours,District 6 (East Central),,IOWA,IA 149,IA 149/M AVE,Collision with:  Vehicle in traffic,On Roadway,"Sideswipe, opposite direction",Lost Control,None Indicated,,Dark - roadway not lighted,Snow,Snow,"Surface condition (e.g., wet, icy)",Non-intersection:  Non-junction/no special feature,Paved,,Property Damage Only,0,0,0,0,0,0,6000,2,2,,POINT (-92.065136896937 41.537217719665)
2014783423,14001253,02/04/2014,02-February,3-Tuesday,15:29,1500 Hours,District 1 (Central),,TAMA,,Co Rd E43/HWY E43 & O AVE,Non-collision events:  Overturn/rollover,Outside trafficway,Non-collision (single vehicle),Ran off road - left,None Indicated,,Daylight,Ice/frost,Snow,"Surface condition (e.g., wet, icy)",Non-intersection:  Non-junction/no special feature,Paved,,Property Damage Only,0,0,0,0,0,0,10000,1,1,,POINT (-92.489325111224 42.028592893179)
2014783213,140866,02/04/2014,02-February,3-Tuesday,05:00,0500 Hours,District 4 (Southwest),,DALLAS,,Co Rd P58/J AVE,Collision with fixed object:  Tree,On Roadway,Non-collision (single vehicle),Ran off road - left,None Indicated,,Dark - unknown roadway lighting,Snow,Snow,"Surface condition (e.g., wet, icy)",Non-intersection:  Non-junction/no special feature,Paved,,Property Damage Only,0,0,0,0,0,0,2000,1,1,,POINT (-94.106336561912 41.820397292767)
2014784578,201400005718,02/04/2014,02-February,3-Tuesday,04:27,0400 Hours,District 5 (Southeast),OTTUMWA,WAPELLO,,E MARY ST & S HANCOCK ST,Collision with fixed object:  Utility pole/light support,Roadside,Non-collision (single vehicle),Ran off road - left,None Indicated,,Dark - roadway lighted,Snow,Clear,None apparent,Non-intersection:  Non-junction/no special feature,Paved,,Property Damage Only,0,0,0,0,0,0,3000,1,1,,POINT (-92.416086406421 40.994809178939)