Iowa DOT Case Number,Law Enforcement Case Number,Date of Crash,Month of Crash,Day of Week,Time of Crash,Hour,DOT District,City Name,County Name,Route with System,Location Description,First Harmful Event,Location of First Harmful Event,Manner of Crash/Collision,Major Cause,Drug or Alcohol ,Environmental Conditions,Light Conditions,Surface Conditions,Weather Conditions,Roadway Contribution,Roadway Type,Roadway Surface,Work Zone,Crash Severity,Number of Fatalities,Number of Injuries,Number of Major Injuries,Number of Minor Injuries,Number of Possible Injuries,Number of Unknown Injuries,Amount of Property Damage,Number of Vehicles Involved,Total Number of Occupants,Travel Direction,Location
2014785016,201400350,02/05/2014,02-February,4-Wednesday,09:30,0900 Hours,District 6 (East Central),,LINN,US 30,US 30,Collision with fixed object:  Bridge overhead structure,On Roadway,Non-collision (single vehicle),Driving too fast for conditions,None Indicated,,Daylight,Snow,Snow,"Surface condition (e.g., wet, icy)",Non-intersection:  Other non-intersection (explain in narrative),Paved,,Property Damage Only,0,0,0,0,0,0,6000,1,2,,POINT (-91.5529565074 41.925913534191)
2014784625,2014008427,02/05/2014,02-February,4-Wednesday,08:50,0800 Hours,District 6 (East Central),,JOHNSON,I-80,I-80,Non-collision events:  Jackknife,Median,Non-collision (single vehicle),Ran off road - left,None Indicated,,Daylight,Ice/frost,Cloudy,"Surface condition (e.g., wet, icy)",Non-intersection:  Non-junction/no special feature,Paved,,Property Damage Only,0,0,0,0,0,0,3000,1,1,,POINT (-91.385560897074 41.667444160386)
2014785227,,02/05/2014,02-February,4-Wednesday,15:08,1500 Hours,District 3 (Northwest),SERGEANT BLUFF,WOODBURY,,1ST ST & D ST,Collision with:  Vehicle in traffic,On Roadway,Rear-end (front to rear),Driver Distraction:  Passenger,None Indicated,,Daylight,Snow,Clear,None apparent,Non-intersection:  Non-junction/no special feature,Paved,,Possible/Unknown,0,1,0,0,1,0,5000,2,7,,POINT (-96.360415256752 42.400338092756)
2014783591,201400352,02/05/2014,02-February,4-Wednesday,10:09,1000 Hours,District 6 (East Central),ROBINS,LINN,,E MAIN ST,Non-collision events:  Overturn/rollover,Roadside,Non-collision (single vehicle),Ran off road - right,None Indicated,,Daylight,Snow,Snow,"Surface condition (e.g., wet, icy)",Non-intersection:  Non-junction/no special feature,Paved,,Property Damage Only,0,0,0,0,0,0,10000,1,1,,POINT (-91.664353523045 42.071609301518)
2014796675,2014008398,02/05/2014,02-February,4-Wednesday,08:10,0800 Hours,District 1 (Central),WEST DES MOINES,POLK,I-35,I-35,Collision with fixed object:  Concrete traffic barrier (median or right side),On Roadway,Non-collision (single vehicle),Driving too fast for conditions,None Indicated,,Daylight,Ice/frost,Clear,"Surface condition (e.g., wet, icy)",Non-intersection:  Non-junction/no special feature,Paved,,Property Damage Only,0,0,0,0,0,0,2000,1,1,,POINT (-93.777426308851 41.589479028378)
2014783315,14-0628,02/05/2014,02-February,4-Wednesday,10:38,1000 Hours,District 1 (Central),WEST DES MOINES,POLK,I-35,I-35 & I-80 & I-235,Non-collision events:  Other non-collision (explain in narrative),On Roadway,Non-collision (single vehicle),Driving too fast for conditions,None Indicated,,Daylight,Ice/frost,Cloudy,"Surface condition (e.g., wet, icy)",Non-intersection:  Other non-intersection (explain in narrative),Paved,,Property Damage Only,0,0,0,0,0,0,5000,1,2,,POINT (-93.777303087662 41.592209047302)
2014783886,14-000554,02/05/2014,02-February,4-Wednesday,18:12,1800 Hours,District 1 (Central),ANKENY,POLK,,W 1ST ST & NW ASH DR & SW CHERRY ST,Collision with:  Vehicle in traffic,On Roadway,Head-on (front to front),FTYROW:  Making left turn,None Indicated,,Dark - roadway lighted,Snow,Clear,None apparent,Intersection:  Four-way intersection,Paved,,Property Damage Only,0,0,0,0,0,0,8000,2,2,,POINT (-93.607230154004 41.731907034617)
2014783728,14-3563,02/05/2014,02-February,4-Wednesday,08:35,0800 Hours,District 3 (Northwest),SIOUX CITY,WOODBURY,US 20,US 20,Non-collision events:  Overturn/rollover,Shoulder,Non-collision (single vehicle),Ran off road - right,None Indicated,,Daylight,Ice/frost,Cloudy,"Surface condition (e.g., wet, icy)",Non-intersection:  Other non-intersection (explain in narrative),Paved,,Possible/Unknown,0,2,0,0,2,0,8000,1,3,,POINT (-96.337259696085 42.446137364275)
2014784864,,02/05/2014,02-February,4-Wednesday,11:52,1100 Hours,District 6 (East Central),FARLEY,DUBUQUE,,,Non-collision events:  Overturn/rollover,On Roadway,Non-collision (single vehicle),Ran off road - right,None Indicated,,Daylight,Snow,Snow,"Surface condition (e.g., wet, icy)",Non-intersection:  Non-junction/no special feature,,,Property Damage Only,0,0,0,0,0,0,10000,1,1,,POINT (-96.643700149993 40.233091251414)
2014784471,14-0245,02/05/2014,02-February,4-Wednesday,05:53,0500 Hours,District 1 (Central),URBANDALE,POLK,,DOUGLAS AVE & 104TH ST,Collision with:  Vehicle in traffic,On Roadway,Broadside (front to side),Other (explain in narrative):  Other,None Indicated,,Dawn,Snow,Snow,"Surface condition (e.g., wet, icy)",Non-intersection:  Non-junction/no special feature,Paved,,Property Damage Only,0,0,0,0,0,0,6000,2,2,,POINT (-93.760677923827 41.629366800366)
2014783292,14-000546,02/05/2014,02-February,4-Wednesday,08:34,0800 Hours,District 1 (Central),ANKENY,POLK,,NW STATE ST,Collision with:  Vehicle in traffic,On Roadway,Broadside (front to side),FTYROW:  Making left turn,None Indicated,,Daylight,Snow,"Blowing sand, soil, dirt","Surface condition (e.g., wet, icy)",Non-intersection:  Driveway access (within),Paved,,Possible/Unknown,0,1,0,0,1,0,6000,2,4,,POINT (-93.621504526431 41.732064894946)
2014788669,14001704,02/05/2014,02-February,4-Wednesday,19:15,1900 Hours,District 6 (East Central),,CEDAR,,KING AVE,Collision with fixed object:  Utility pole/light support,Roadside,Non-collision (single vehicle),Ran off road - right,None Indicated,,Dark - roadway not lighted,Snow,Clear,None apparent,Non-intersection:  Non-junction/no special feature,Unpaved,,Property Damage Only,0,0,0,0,0,0,4500,1,1,,POINT (-91.157058525578 41.836949721372)
2014783523,1402052511,02/05/2014,02-February,4-Wednesday,06:36,0600 Hours,District 6 (East Central),,CLINTON,US 30,US 30,Non-collision events:  Overturn/rollover,On Roadway,Non-collision (single vehicle),Ran off road - left,None Indicated,,Dark - roadway not lighted,Ice/frost,Snow,"Surface condition (e.g., wet, icy)",Non-intersection:  Non-junction/no special feature,Paved,,Property Damage Only,0,0,0,0,0,0,3500,1,2,,POINT (-90.362086239374 41.81561818073)
2014783674,14-004685,02/05/2014,02-February,4-Wednesday,08:31,0800 Hours,District 4 (Southwest),COUNCIL BLUFFS,POTTAWATTAMIE,I-29,I-29 & I-80,Collision with:  Vehicle in traffic,On Roadway,"Sideswipe, same direction",Crossed centerline (undivided),None Indicated,,Daylight,Ice/frost,Snow,"Surface condition (e.g., wet, icy)",Non-intersection:  Other non-intersection (explain in narrative),Paved,,Property Damage Only,0,0,0,0,0,0,3000,2,3,,POINT (-95.839646185748 41.228193469022)
2014784220,02-14-2203,02/05/2014,02-February,4-Wednesday,17:51,1700 Hours,District 6 (East Central),,DUBUQUE,,Co Rd D41/MONASTERY RD,Non-collision events:  Other non-collision (explain in narrative),On Roadway,Non-collision (single vehicle),Driving too fast for conditions,None Indicated,,Daylight,Slush,Clear,"Surface condition (e.g., wet, icy)",Non-intersection:  Non-junction/no special feature,Paved,,Property Damage Only,0,0,0,0,0,0,2700,1,1,,POINT (-90.793967209835 42.383315491595)
2014783610,14002803,02/05/2014,02-February,4-Wednesday,11:00,1100 Hours,District 5 (Southeast),OSKALOOSA,MAHASKA,,S PARK AVE,Collision with:  Vehicle in traffic,On Roadway,Rear-end (front to rear),FTYROW:  From driveway,None Indicated,,Daylight,Snow,Clear,None apparent,Non-intersection:  Driveway access (within),Paved,,Property Damage Only,0,0,0,0,0,0,2000,2,2,,POINT (-92.625104319405 41.299868954338)
2014783677,14-004690,02/05/2014,02-February,4-Wednesday,09:12,0900 Hours,District 4 (Southwest),COUNCIL BLUFFS,POTTAWATTAMIE,I-80,I-80,Collision with:  Parked motor vehicle,Shoulder,Rear-end (front to rear),Driving too fast for conditions,None Indicated,,Daylight,Ice/frost,Clear,"Surface condition (e.g., wet, icy)",Non-intersection:  Other non-intersection (explain in narrative),Paved,,Property Damage Only,0,0,0,0,0,0,12000,2,2,,POINT (-95.905727004279 41.232019440646)
2014783301,20140003206,02/05/2014,02-February,4-Wednesday,07:30,0700 Hours,District 1 (Central),DES MOINES,POLK,,GRAND AVE & 3RD ST,Collision with:  Vehicle in traffic,On Roadway,Rear-end (front to rear),Driving too fast for conditions,None Indicated,,Daylight,Snow,Cloudy,"Surface condition (e.g., wet, icy)",Intersection:  Four-way intersection,Paved,,Possible/Unknown,0,1,0,0,1,0,3000,3,3,,POINT (-93.62149414568 41.588581219711)
2014784629,2014008669,02/05/2014,02-February,4-Wednesday,17:55,1700 Hours,District 6 (East Central),,IOWA,I-80,I-80,,On Roadway,Non-collision (single vehicle),Equipment failure,None Indicated,,Dark - roadway not lighted,Dry,Clear,None apparent,Non-intersection:  Non-junction/no special feature,Paved,,Property Damage Only,0,0,0,0,0,0,12000,1,3,,POINT (-91.947239954483 41.687454931904)
2014784274,C14000397,02/05/2014,02-February,4-Wednesday,19:17,1900 Hours,District 6 (East Central),CORALVILLE,JOHNSON,US 6,US 6/2ND ST & IA 965/CORAL RIDGE AVE,Collision with:  Vehicle in traffic,On Roadway,Rear-end (front to rear),FTYROW:  Other (explain in narrative),None Indicated,,Dark - roadway lighted,Snow,Clear,None apparent,Intersection:  Four-way intersection,Paved,,Property Damage Only,0,0,0,0,0,0,1700,2,2,,POINT (-91.608925191887 41.688496013916)
2014784572,201400006030,02/05/2014,02-February,4-Wednesday,16:01,1600 Hours,District 5 (Southeast),OTTUMWA,WAPELLO,,W WILSON ST & S SCHUYLER ST,Collision with:  Vehicle in traffic,On Roadway,Broadside (front to side),FTYROW:  From yield sign,None Indicated,,Daylight,Snow,Clear,"Surface condition (e.g., wet, icy)",Intersection:  Four-way intersection,Paved,,Property Damage Only,0,0,0,0,0,0,2200,2,2,,POINT (-92.425963118147 41.000678069816)
2014788589,2014008475,02/05/2014,02-February,4-Wednesday,10:30,1000 Hours,District 1 (Central),NEWTON,JASPER,I-80,I-80,Non-collision events:  Other non-collision (explain in narrative),On Roadway,Non-collision (single vehicle),Driving too fast for conditions,None Indicated,,Daylight,Ice/frost,Clear,"Surface condition (e.g., wet, icy)",Non-intersection:  Non-junction/no special feature,Paved,,Property Damage Only,0,0,0,0,0,0,29920,1,1,,POINT (-93.06854796733 41.683771713381)
2014784677,,02/05/2014,02-February,4-Wednesday,10:30,1000 Hours,District 3 (Northwest),MAPLETON,MONONA,,WALNUT ST & CHAMBERLAIN AVE,Collision with fixed object:  Traffic sign support,On Roadway,Non-collision (single vehicle),Ran Stop Sign,None Indicated,,Daylight,Snow,Clear,"Surface condition (e.g., wet, icy)",Intersection:  Four-way intersection,Paved,,Property Damage Only,0,0,0,0,0,0,2100,1,1,,POINT (-95.782933958963 42.161051169329)
2014787537,2014-7906,02/05/2014,02-February,4-Wednesday,03:59,0300 Hours,District 6 (East Central),DAVENPORT,SCOTT,I-280,I-280 & US 61/140 ST,Collision with fixed object:  Traffic sign support,Median,Non-collision (single vehicle),Other (explain in narrative):  No improper action,None Indicated,,Dark - roadway lighted,Snow,Snow,"Surface condition (e.g., wet, icy)",Intersection:  Four-way intersection,Paved,,Property Damage Only,0,0,0,0,0,0,1500,1,1,,POINT (-90.674249946375 41.509082006429)
2014783615,2014001071,02/05/2014,02-February,4-Wednesday,15:43,1500 Hours,District 1 (Central),MARSHALLTOWN,MARSHALL,,E SOUTHRIDGE RD & EDGEBROOK DR,Collision with:  Vehicle in traffic,On Roadway,"Sideswipe, opposite direction",Driving too fast for conditions,None Indicated,,Daylight,Snow,Clear,"Surface condition (e.g., wet, icy)",Non-intersection:  Non-junction/no special feature,Paved,,Property Damage Only,0,0,0,0,0,0,1505,2,3,,POINT (-92.901539224701 42.017915016275)
2014798141,2014-8059,02/05/2014,02-February,4-Wednesday,17:10,1700 Hours,District 6 (East Central),DAVENPORT,SCOTT,,W 13TH ST,Collision with:  Parked motor vehicle,On Roadway,Broadside (front to side),FTYROW:  Other (explain in narrative),None Indicated,,Dark - roadway lighted,Snow,Cloudy,None apparent,Non-intersection:  Non-junction/no special feature,Paved,,Property Damage Only,0,0,0,0,0,0,1500,2,1,,POINT (-90.609686685788 41.532984653427)
2014783818,14-000819,02/05/2014,02-February,4-Wednesday,07:23,0700 Hours,District 2 (Northeast),,CLAYTON,,Co Rd W68/HWY 410 & BLUEBIRD AVE,Collision with fixed object:  Ditch,On Roadway,Non-collision (single vehicle),Swerving/Evasive Action,None Indicated,,Daylight,Snow,Snow,"Surface condition (e.g., wet, icy)",Non-intersection:  Non-junction/no special feature,Paved,,Property Damage Only,0,0,0,0,0,0,2500,1,1,,POINT (-91.542153308257 42.658868279323)
2014784301,N14000053,02/05/2014,02-February,4-Wednesday,08:20,0800 Hours,District 6 (East Central),NORTH LIBERTY,JOHNSON,,PENN ST & JONES BLVD,Collision with:  Vehicle in traffic,On Roadway,Broadside (front to side),Driving too fast for conditions,None Indicated,,Daylight,Snow,Cloudy,None apparent,Intersection:  T-intersection,Paved,,Property Damage Only,0,0,0,0,0,0,3200,2,3,,POINT (-91.617362257969 41.752329982398)
2014790666,140205DH01,02/05/2014,02-February,4-Wednesday,15:25,1500 Hours,District 3 (Northwest),ORANGE CITY,SIOUX,,2ND ST NW & 2ND ST NE & CENTRAL AVE N,Collision with:  Vehicle in traffic,On Roadway,Broadside (front to side),FTYROW:  From stop sign,None Indicated,,Daylight,Snow,Clear,"Surface condition (e.g., wet, icy)",Intersection:  Four-way intersection,Paved,,Property Damage Only,0,0,0,0,0,0,2800,2,2,,POINT (-96.058247413791 43.007200714102)
2014785312,K14-003284,02/05/2014,02-February,4-Wednesday,12:08,1200 Hours,District 5 (Southeast),KEOKUK,LEE,US 218,US 218/MAIN ST,Collision with:  Vehicle in traffic,On Roadway,"Sideswipe, same direction",Crossed centerline (undivided),None Indicated,,Daylight,Snow,Snow,None apparent,Non-intersection:  Non-junction/no special feature,Paved,,Property Damage Only,0,0,0,0,0,0,2500,2,3,,POINT (-91.413956177698 40.427472727577)
2014784017,BP14000103,02/05/2014,02-February,4-Wednesday,12:20,1200 Hours,District 2 (Northeast),BELMOND,WRIGHT,,3RD ST NE & 4TH AVE NE,Collision with:  Vehicle in traffic,On Roadway,Broadside (front to side),FTYROW:  From stop sign,None Indicated,,Daylight,Ice/frost,Cloudy,"Surface condition (e.g., wet, icy)",Intersection:  Four-way intersection,Paved,,Property Damage Only,0,0,0,0,0,0,3500,2,2,,POINT (-93.611628623414 42.848773705045)
2014785442,,02/05/2014,02-February,4-Wednesday,15:15,1500 Hours,District 6 (East Central),CEDAR RAPIDS,LINN,I-380,I-380 & WRIGHT BROTHERS BLVD SW,Collision with:  Vehicle in traffic,On Roadway,Unknown,Unknown,None Indicated,,Daylight,Snow,Snow,,Intersection:  Intersection with ramp,Paved,,Property Damage Only,0,0,0,0,0,0,3000,2,2,,POINT (-91.668649466429 41.890620836137)
2014783512,W14-012013,02/05/2014,02-February,4-Wednesday,15:37,1500 Hours,District 2 (Northeast),WATERLOO,BLACK HAWK,,FRANKLIN ST & E 4TH ST,Collision with:  Vehicle in traffic,On Roadway,Rear-end (front to rear),Driving too fast for conditions,None Indicated,,Daylight,Snow,Clear,None apparent,Intersection:  Four-way intersection,Paved,,Property Damage Only,0,0,0,0,0,0,1800,2,5,,POINT (-92.333089939368 42.500607524808)
2014783310,20140003200,02/05/2014,02-February,4-Wednesday,06:55,0600 Hours,District 1 (Central),DES MOINES,POLK,,LOCUST ST & 3RD ST,Collision with:  Vehicle in traffic,On Roadway,Broadside (front to side),Unknown,None Indicated,,Dawn,Snow,Snow,"Surface condition (e.g., wet, icy)",Intersection:  Other intersection (explain in narrative),Paved,,Property Damage Only,0,0,0,0,0,0,7500,2,2,,POINT (-93.621280955902 41.587618596571)
2014784325,201401746,02/05/2014,02-February,4-Wednesday,08:00,0800 Hours,District 6 (East Central),CEDAR RAPIDS,LINN,I-380,I-380,Collision with:  Vehicle in traffic,On Roadway,"Sideswipe, same direction",Other (explain in narrative):  Other,None Indicated,,Daylight,Snow,Cloudy,None apparent,"Interchange-related:  Off-ramp, diverge area",Paved,,Property Damage Only,0,0,0,0,0,0,2500,2,2,,POINT (-91.670749677011 41.979926664905)
2014783611,14002830,02/05/2014,02-February,4-Wednesday,20:00,2000 Hours,District 5 (Southeast),OSKALOOSA,MAHASKA,,9TH AVE W,Collision with:  Parked motor vehicle,On Roadway,Rear-end (front to rear),Driving too fast for conditions,None Indicated,,Dark - roadway not lighted,Snow,Cloudy,"Surface condition (e.g., wet, icy)",Non-intersection:  Non-junction/no special feature,Paved,,Property Damage Only,0,0,0,0,0,0,4500,2,1,,POINT (-92.65289622319 41.286975931082)
2014785641,2014-8052,02/05/2014,02-February,4-Wednesday,17:02,1700 Hours,District 6 (East Central),DAVENPORT,SCOTT,,TREMONT AVE,Collision with:  Vehicle in traffic,On Roadway,Rear-end (front to rear),Improper Backing,None Indicated,,Daylight,Snow,Cloudy,None apparent,Non-intersection:  Non-junction/no special feature,Paved,,Property Damage Only,0,0,0,0,0,0,2000,2,2,,POINT (-90.561007077582 41.530214693168)
2014784624,2014008415,02/05/2014,02-February,4-Wednesday,07:57,0700 Hours,District 1 (Central),,POWESHIEK,I-80,I-80,Collision with:  Vehicle in traffic,On Roadway,Head-on (front to front),Swerving/Evasive Action,None Indicated,,Daylight,Ice/frost,Snow,"Surface condition (e.g., wet, icy)",Non-intersection:  Non-junction/no special feature,Paved,,Major Injury,0,2,2,0,0,0,305330,2,2,,POINT (-92.481362437202 41.69484460148)
2014787195,2014008336,02/05/2014,02-February,4-Wednesday,06:45,0600 Hours,District 6 (East Central),DAVENPORT,SCOTT,I-80,I-80,Collision with fixed object:  Guardrail - face,Median,Non-collision (single vehicle),Lost Control,None Indicated,,Dark - roadway lighted,Ice/frost,Snow,"Surface condition (e.g., wet, icy)",Non-intersection:  Non-junction/no special feature,Paved,,Property Damage Only,0,0,0,0,0,0,8200,1,1,,POINT (-90.610446289649 41.599872967287)
2014783608,14002430,02/05/2014,02-February,4-Wednesday,09:15,0900 Hours,District 6 (East Central),MARION,LINN,,MARION BLVD,Collision with fixed object:  Curb/island/raised median,Median,Non-collision (single vehicle),Driving too fast for conditions,None Indicated,,Daylight,Snow,Cloudy,"Surface condition (e.g., wet, icy)",Non-intersection:  Other non-intersection (explain in narrative),Paved,,Possible/Unknown,0,1,0,0,1,0,7050,1,1,,POINT (-91.609425426951 42.03286010018)
2014783430,14-0348,02/05/2014,02-February,4-Wednesday,06:49,0600 Hours,District 1 (Central),FORT DODGE,WEBSTER,,3RD AVE NW & NW 7TH ST,Collision with fixed object:  Other fixed object (explain in narrative),Roadside,Non-collision (single vehicle),Ran off road - right,Alcohol (Statutory),,Dawn,Snow,Cloudy,None apparent,Non-intersection:  Non-junction/no special feature,Paved,,Property Damage Only,0,0,0,0,0,0,9500,1,1,,POINT (-94.2098462109 42.515172775635)
2014804960,,02/05/2014,02-February,4-Wednesday,07:34,0700 Hours,District 2 (Northeast),,CHICKASAW,,Co Rd B54/240TH ST,,Roadside,Non-collision (single vehicle),Swerving/Evasive Action,None Indicated,,Daylight,Snow,Cloudy,"Surface condition (e.g., wet, icy)",Non-intersection:  Non-junction/no special feature,Paved,,Property Damage Only,0,0,0,0,0,0,3000,1,1,,POINT (-92.226131333735 43.008695972266)
2014785102,2014-7921,02/05/2014,02-February,4-Wednesday,06:45,0600 Hours,District 6 (East Central),DAVENPORT,SCOTT,I-80,I-80,Collision with fixed object:  Guardrail - face,On Roadway,Non-collision (single vehicle),Lost Control,None Indicated,,Daylight,Snow,Cloudy,"Surface condition (e.g., wet, icy)",Non-intersection:  Non-junction/no special feature,Paved,,Property Damage Only,0,0,0,0,0,0,2500,1,1,,POINT (-90.5996265843 41.599791549985)
2014783431,14-0349,02/05/2014,02-February,4-Wednesday,08:25,0800 Hours,District 1 (Central),FORT DODGE,WEBSTER,,FLORAL AVE & N 15TH ST,Collision with:  Vehicle in traffic,On Roadway,"Sideswipe, opposite direction",Other (explain in narrative):  No improper action,None Indicated,,Daylight,Snow,Cloudy,"Surface condition (e.g., wet, icy)",Non-intersection:  Non-junction/no special feature,Paved,,Property Damage Only,0,0,0,0,0,0,1500,2,2,,POINT (-94.178091984463 42.519358077133)
2014783721,14-0079,02/05/2014,02-February,4-Wednesday,18:52,1800 Hours,District 1 (Central),,WEBSTER,,Co Rd D43/CO RTE D43,Collision with:  Animal,,,Animal,None Indicated,,,,,,,Paved,,Property Damage Only,0,0,0,0,0,0,2000,1,1,,POINT (-94.086099409605 42.368392785833)
2014783527,2014-0446,02/05/2014,02-February,4-Wednesday,10:10,1000 Hours,District 4 (Southwest),WAUKEE,DALLAS,,PARK RD & ASHWORTH DR,Collision with:  Vehicle in traffic,Outside trafficway,"Sideswipe, same direction",Other (explain in narrative):  No improper action,None Indicated,,Daylight,Slush,Clear,None apparent,Non-intersection:  Non-junction/no special feature,Paved,,Property Damage Only,0,0,0,0,0,0,1500,2,2,,POINT (-93.866136143352 41.602815069456)
2014783511,W14-011959,02/05/2014,02-February,4-Wednesday,12:11,1200 Hours,District 2 (Northeast),WATERLOO,BLACK HAWK,,WILDWOOD RD & HAMMOND AVE,Collision with:  Vehicle in traffic,On Roadway,Broadside (front to side),Lost Control,None Indicated,,Daylight,Snow,Cloudy,"Surface condition (e.g., wet, icy)",Intersection:  T-intersection,Paved,,Minor Injury,0,1,0,1,0,0,4000,2,4,,POINT (-92.336932724239 42.460571774096)
2014784527,14-2360,02/05/2014,02-February,4-Wednesday,08:08,0800 Hours,District 6 (East Central),WALCOTT,SCOTT,I-80,I-80,Collision with fixed object:  Curb/island/raised median,Median,Non-collision (single vehicle),Ran off road - left,None Indicated,,Daylight,Snow,Snow,"Surface condition (e.g., wet, icy)",Non-intersection:  Non-junction/no special feature,Paved,,Property Damage Only,0,0,0,0,0,0,5000,1,1,,POINT (-90.778070635391 41.615521375309)
2014784169,CL14000355,02/05/2014,02-February,4-Wednesday,12:52,1200 Hours,District 6 (East Central),CLINTON,CLINTON,,6TH AVE S,Collision with:  Vehicle in traffic,On Roadway,Rear-end (front to rear),FTYROW:  From parked position,None Indicated,,Daylight,Snow,Cloudy,None apparent,Non-intersection:  Non-junction/no special feature,Paved,,Property Damage Only,0,0,0,0,0,0,2500,2,2,,POINT (-90.190070195588 41.840057334533)
2014785052,14-0147,02/05/2014,02-February,4-Wednesday,06:16,0600 Hours,District 1 (Central),CLIVE,POLK,I-35,I-35 & US 6/HICKMAN RD,Collision with:  Vehicle in traffic,On Roadway,Rear-end (front to rear),Followed too close,None Indicated,,Dawn,Snow,Snow,"Surface condition (e.g., wet, icy)",Intersection:  Four-way intersection,Paved,,Property Damage Only,0,0,0,0,0,0,2100,2,2,,POINT (-93.775726975844 41.614890795075)
2014784218,02-14-2188,02/05/2014,02-February,4-Wednesday,08:45,0800 Hours,District 6 (East Central),,DUBUQUE,US 20,US 20,Collision with fixed object:  Guardrail - face,Shoulder,Non-collision (single vehicle),Other (explain in narrative):  No improper action,None Indicated,,Daylight,Ice/frost,"Blowing sand, soil, dirt",None apparent,Non-intersection:  Non-junction/no special feature,Paved,,Property Damage Only,0,0,0,0,0,0,4000,1,1,,POINT (-90.774505551328 42.45791800145)
2014785014,201400348,02/05/2014,02-February,4-Wednesday,07:00,0700 Hours,District 6 (East Central),,LINN,US 30,US 30,Collision with:  Vehicle in traffic,On Roadway,Rear-end (front to rear),Driving too fast for conditions,None Indicated,,Dawn,Snow,Snow,"Surface condition (e.g., wet, icy)",Non-intersection:  Non-junction/no special feature,Paved,,Property Damage Only,0,0,0,0,0,0,9000,2,3,,POINT (-91.553729165466 41.925878238318)
2014784762,14-004830,02/05/2014,02-February,4-Wednesday,12:53,1200 Hours,District 5 (Southeast),MUSCATINE,MUSCATINE,,CEDAR ST & STONEBROOK DR,Collision with:  Vehicle in traffic,Shoulder,Rear-end (front to rear),Driving too fast for conditions,None Indicated,,Daylight,Snow,Clear,"Surface condition (e.g., wet, icy)",Non-intersection:  Non-junction/no special feature,Paved,,Minor Injury,0,1,0,1,0,0,5300,2,1,,POINT (-91.063316664848 41.435548565937)
2014784612,2014008347,02/05/2014,02-February,4-Wednesday,06:59,0600 Hours,District 6 (East Central),IOWA CITY,JOHNSON,I-80,I-80,Collision with fixed object:  Guardrail - face,Shoulder,Non-collision (single vehicle),Driving too fast for conditions,None Indicated,,Dawn,Ice/frost,Snow,"Surface condition (e.g., wet, icy)",Non-intersection:  Non-junction/no special feature,Paved,,Property Damage Only,0,0,0,0,0,0,5000,1,3,,POINT (-91.506466602482 41.686912718432)
2014785193,14-001694,02/05/2014,02-February,4-Wednesday,15:13,1500 Hours,District 6 (East Central),TIPTON,CEDAR,IA 38,IA 38/CEDAR ST & IA 130/7TH ST,Collision with:  Vehicle in traffic,On Roadway,Rear-end (front to rear),Followed too close,None Indicated,,Daylight,Wet,Snow,None apparent,Intersection:  Four-way intersection,Paved,,Property Damage Only,0,0,0,0,0,0,1500,2,2,,POINT (-91.12840505277 41.772117282354)
2014783918,14-0249,02/05/2014,02-February,4-Wednesday,11:48,1100 Hours,District 1 (Central),URBANDALE,POLK,I-35,I-35,Collision with:  Vehicle in traffic,On Roadway,Rear-end (front to rear),Other (explain in narrative):  Other,None Indicated,,Daylight,Snow,Clear,None apparent,Interchange-related:  Off-ramp,Paved,,Possible/Unknown,0,1,0,0,1,0,500,2,2,,POINT (-93.778762884 41.629795137724)
2014785159,2014008387,02/05/2014,02-February,4-Wednesday,08:15,0800 Hours,District 6 (East Central),DAVENPORT,SCOTT,US 61,US 61/BRADY ST/SW RAMP,Collision with fixed object:  Bridge overhead structure,On Roadway,Non-collision (single vehicle),Lost Control,None Indicated,,Daylight,Snow,Snow,None apparent,Interchange-related:  On-ramp merge area,Paved,,Property Damage Only,0,0,0,0,0,0,3000,1,1,,POINT (-90.564651503321 41.607746668111)
2014793726,14002781,02/05/2014,02-February,4-Wednesday,04:05,0400 Hours,District 5 (Southeast),,MAHASKA,IA 163,IA 163/IOWA 163,Collision with fixed object:  Ditch,Outside trafficway,Non-collision (single vehicle),Swerving/Evasive Action,None Indicated,,Dark - roadway not lighted,Snow,Snow,None apparent,Non-intersection:  Non-junction/no special feature,Paved,,Possible/Unknown,0,1,0,0,1,0,40000,1,1,,POINT (-92.862028991015 41.389482831446)
2014783314,14-0625,02/05/2014,02-February,4-Wednesday,09:00,0900 Hours,District 1 (Central),WEST DES MOINES,POLK,I-35,I-35,Collision with fixed object:  Curb/island/raised median,Median,Non-collision (single vehicle),Driving too fast for conditions,None Indicated,,Daylight,Snow,"Blowing sand, soil, dirt","Surface condition (e.g., wet, icy)",Non-intersection:  Non-junction/no special feature,Paved,,Possible/Unknown,0,1,0,0,1,0,6000,1,1,,POINT (-93.773615516042 41.52952538603)