Iowa DOT Case Number,Law Enforcement Case Number,Date of Crash,Month of Crash,Day of Week,Time of Crash,Hour,DOT District,City Name,County Name,Route with System,Location Description,First Harmful Event,Location of First Harmful Event,Manner of Crash/Collision,Major Cause,Drug or Alcohol ,Environmental Conditions,Light Conditions,Surface Conditions,Weather Conditions,Roadway Contribution,Roadway Type,Roadway Surface,Work Zone,Crash Severity,Number of Fatalities,Number of Injuries,Number of Major Injuries,Number of Minor Injuries,Number of Possible Injuries,Number of Unknown Injuries,Amount of Property Damage,Number of Vehicles Involved,Total Number of Occupants,Travel Direction,Location
2014783629,20140003249,02/05/2014,02-February,4-Wednesday,14:22,1400 Hours,District 1 (Central),DES MOINES,POLK,,SW 7TH ST,Collision with:  Vehicle in traffic,On Roadway,Broadside (front to side),Improper Backing,None Indicated,,Daylight,Snow,Clear,None apparent,Non-intersection:  Non-junction/no special feature,Paved,,Property Damage Only,0,0,0,0,0,0,2000,2,3,,POINT (-93.623354367807 41.554955991761)
2014783848,2014001334,02/05/2014,02-February,4-Wednesday,19:12,1900 Hours,District 6 (East Central),IOWA CITY,JOHNSON,,W BENTON ST & SUNSET ST,Collision with:  Vehicle in traffic,On Roadway,"Angle, oncoming left turn",Made improper turn,None Indicated,,Dark - roadway lighted,Snow,"Blowing sand, soil, dirt",None apparent,Intersection:  Four-way intersection,Paved,,Property Damage Only,0,0,0,0,0,0,4000,2,2,,POINT (-91.559487260077 41.650454394673)
2014784056,2014008488,02/05/2014,02-February,4-Wednesday,11:00,1100 Hours,District 1 (Central),,POLK,I-35,I-35,Collision with fixed object:  Concrete traffic barrier (median or right side),Shoulder,Non-collision (single vehicle),Driving too fast for conditions,None Indicated,,Daylight,Dry,Clear,"Surface condition (e.g., wet, icy)",Non-intersection:  Non-junction/no special feature,Paved,,Property Damage Only,0,0,0,0,0,0,9000,1,1,,POINT (-93.591080262218 41.650386942368)
2014784435,20140003300,02/05/2014,02-February,4-Wednesday,18:30,1800 Hours,District 1 (Central),DES MOINES,POLK,,7TH ST,Collision with:  Other non-fixed object (explain in narrative),On Roadway,Non-collision (single vehicle),Driving too fast for conditions,None Indicated,,Dark - roadway lighted,Snow,Cloudy,"Surface condition (e.g., wet, icy)",Intersection:  Other intersection (explain in narrative),Paved,,Minor Injury,0,1,0,1,0,0,2300,1,1,,POINT (-93.626523496816 41.587581138758)
2014783963,2014-7938,02/05/2014,02-February,4-Wednesday,08:29,0800 Hours,District 6 (East Central),DAVENPORT,SCOTT,I-280,I-280,Collision with:  Vehicle in traffic,On Roadway,"Sideswipe, same direction",Lost Control,None Indicated,,Daylight,Snow,Clear,"Surface condition (e.g., wet, icy)",Intersection:  Four-way intersection,Paved,,Property Damage Only,0,0,0,0,0,0,7000,2,2,,POINT (-90.675461660416 41.532802646073)
2014783675,14-004686,02/05/2014,02-February,4-Wednesday,08:42,0800 Hours,District 4 (Southwest),COUNCIL BLUFFS,POTTAWATTAMIE,I-80,I-80,Collision with fixed object:  Bridge overhead structure,On Roadway,Non-collision (single vehicle),Ran off road - right,None Indicated,,Daylight,Other (explain in narrative),Clear,"Surface condition (e.g., wet, icy)",Non-intersection:  Other non-intersection (explain in narrative),Paved,,Property Damage Only,0,0,0,0,0,0,5750,1,1,,POINT (-95.910246650312 41.231707064796)
2014786142,,02/05/2014,02-February,4-Wednesday,09:30,0900 Hours,District 6 (East Central),,IOWA,IA 212,IA 212/212 BLVD,Collision with:  Vehicle in traffic,On Roadway,Rear-end (front to rear),Followed too close,None Indicated,,Daylight,Snow,Clear,Unknown,Non-intersection:  Non-junction/no special feature,Paved,,Property Damage Only,0,0,0,0,0,0,1700,2,2,,POINT (-92.215357225118 41.829161026031)
2014783998,14020074,02/05/2014,02-February,4-Wednesday,00:53,0000 Hours,District 5 (Southeast),OTTUMWA,WAPELLO,US 63,US 63,Collision with:  Vehicle in traffic,On Roadway,"Sideswipe, same direction",Driving too fast for conditions,None Indicated,,Dark - unknown roadway lighting,Ice/frost,Snow,"Surface condition (e.g., wet, icy)",Non-intersection:  Non-junction/no special feature,Paved,,Property Damage Only,0,0,0,0,0,0,10500,2,3,,POINT (-92.379673025318 41.028642747075)
2014783960,2014-7920,02/05/2014,02-February,4-Wednesday,06:33,0600 Hours,District 6 (East Central),DAVENPORT,SCOTT,,IOWA ST,Collision with fixed object:  Utility pole/light support,On Roadway,Non-collision (single vehicle),Ran off road - right,None Indicated,,Dark - roadway lighted,Snow,Snow,None apparent,Non-intersection:  Non-junction/no special feature,Paved,,Possible/Unknown,0,1,0,0,1,0,3100,1,1,,POINT (-90.569702974056 41.527165595852)
2014785338,201401771,02/05/2014,02-February,4-Wednesday,19:25,1900 Hours,District 6 (East Central),CEDAR RAPIDS,LINN,,EDGEWOOD RD NW,Collision with fixed object:  Guardrail - face,On Roadway,Non-collision (single vehicle),Other (explain in narrative):  No improper action,None Indicated,,Dark - roadway lighted,Snow,Clear,"Surface condition (e.g., wet, icy)",Non-intersection:  Other non-intersection (explain in narrative),Paved,,Property Damage Only,0,0,0,0,0,0,5000,1,2,,POINT (-91.705289824564 42.009997646696)
2014783634,20140003260,02/05/2014,02-February,4-Wednesday,14:00,1400 Hours,District 1 (Central),DES MOINES,POLK,I-235,I-235,Collision with fixed object:  Utility pole/light support,On Roadway,Non-collision (single vehicle),Lost Control,None Indicated,,Daylight,Snow,Clear,"Surface condition (e.g., wet, icy)",Interchange-related:  On-ramp,Paved,,Possible/Unknown,0,1,0,0,1,0,2200,1,1,,POINT (-93.585217972579 41.601066487716)
2014784205,01-14-5229,02/05/2014,02-February,4-Wednesday,17:59,1700 Hours,District 6 (East Central),DUBUQUE,DUBUQUE,,FRONTAGE RD & CEDAR CROSS RD,Collision with:  Vehicle in traffic,On Roadway,Unknown,Other (explain in narrative):  Other,None Indicated,,Dark - roadway lighted,Wet,Cloudy,None apparent,Intersection:  T-intersection,Paved,,Property Damage Only,0,0,0,0,0,0,3000,3,4,,POINT (-90.714734186515 42.491942939231)
2014784530,14-2182,02/05/2014,02-February,4-Wednesday,07:47,0700 Hours,District 6 (East Central),BETTENDORF,SCOTT,,53RD AVE,Collision with fixed object:  Curb/island/raised median,Median,Non-collision (single vehicle),Lost Control,None Indicated,,Daylight,Snow,Snow,"Surface condition (e.g., wet, icy)",Non-intersection:  Non-junction/no special feature,Paved,,Possible/Unknown,0,1,0,0,1,0,0,1,1,,POINT (-90.498255709177 41.575140407307)
2014784034,2014008439,02/05/2014,02-February,4-Wednesday,09:50,0900 Hours,District 6 (East Central),DAVENPORT,SCOTT,I-80,I-80,Collision with fixed object:  Guardrail - face,On Roadway,Non-collision (single vehicle),Driving too fast for conditions,None Indicated,,Daylight,Ice/frost,Cloudy,"Surface condition (e.g., wet, icy)",Non-intersection:  Non-junction/no special feature,Paved,,Property Damage Only,0,0,0,0,0,0,4000,1,1,,POINT (-90.549635623303 41.595169827207)
2014792060,14C00526,02/05/2014,02-February,4-Wednesday,12:14,1200 Hours,District 4 (Southwest),CRESTON,UNION,,E MILLS ST & N BIRCH ST,Collision with:  Vehicle in traffic,On Roadway,Broadside (front to side),Ran Stop Sign,None Indicated,,Daylight,Snow,Clear,"Surface condition (e.g., wet, icy)",Intersection:  Four-way intersection,Paved,,Property Damage Only,0,0,0,0,0,0,3200,2,3,,POINT (-94.359067667755 41.059681236579)
2014783579,1402051021,02/05/2014,02-February,4-Wednesday,10:21,1000 Hours,District 6 (East Central),,JONES,,Co Rd E34/CO RD E-34,Non-collision events:  Overturn/rollover,On Roadway,Non-collision (single vehicle),Ran off road - left,None Indicated,,Daylight,Snow,Snow,"Surface condition (e.g., wet, icy)",Non-intersection:  Non-junction/no special feature,Paved,,Property Damage Only,0,0,0,0,0,0,4500,1,1,,POINT (-91.305281364408 42.08987831617)
2014784642,2014008406,02/05/2014,02-February,4-Wednesday,08:50,0800 Hours,District 1 (Central),,POLK,I-35,I-35 & US 69/NE 14TH ST,Collision with fixed object:  Concrete traffic barrier (median or right side),Shoulder,Non-collision (single vehicle),Swerving/Evasive Action,None Indicated,,Daylight,Ice/frost,Snow,"Surface condition (e.g., wet, icy)",Non-intersection:  Other non-intersection (explain in narrative),Paved,,Property Damage Only,0,0,0,0,0,0,1500,1,1,,POINT (-93.600394806442 41.649897314356)
2014783316,14-0630,02/05/2014,02-February,4-Wednesday,11:30,1100 Hours,District 1 (Central),WEST DES MOINES,POLK,,MILLS CIVIC PKWY & S 41ST ST,Collision with:  Vehicle in traffic,On Roadway,Unknown,Lost Control,None Indicated,,Daylight,Snow,Clear,"Surface condition (e.g., wet, icy)",Non-intersection:  Non-junction/no special feature,Paved,,Property Damage Only,0,0,0,0,0,0,5000,2,3,,POINT (-93.75851200914 41.567456582927)
2014784973,14-001272,02/05/2014,02-February,4-Wednesday,18:48,1800 Hours,District 2 (Northeast),,FAYETTE,,Co Rd W14/ROSE RD & SUNSET RD,Collision with:  Animal,,,Animal,None Indicated,,,,,,,Paved,,Property Damage Only,0,0,0,0,0,0,1500,1,1,,POINT (-91.948371929882 43.00849787036)
2014784528,2014-2372,02/05/2014,02-February,4-Wednesday,09:50,0900 Hours,District 6 (East Central),,SCOTT,US 61,US 61/140 ST,Non-collision events:  Overturn/rollover,Median,Non-collision (single vehicle),Driving too fast for conditions,None Indicated,,Daylight,Ice/frost,Snow,"Surface condition (e.g., wet, icy)",Non-intersection:  Non-junction/no special feature,Paved,,Property Damage Only,0,0,0,0,0,0,2200,1,2,,POINT (-90.712644118721 41.508960762332)
2014783432,14-0350,02/05/2014,02-February,4-Wednesday,08:49,0800 Hours,District 1 (Central),FORT DODGE,WEBSTER,,S 22ND ST,Collision with:  Vehicle in traffic,On Roadway,Broadside (front to side),FTYROW:  From driveway,None Indicated,,Daylight,Snow,Cloudy,None apparent,Non-intersection:  Driveway access (within),Paved,,Property Damage Only,0,0,0,0,0,0,6500,2,3,,POINT (-94.167947773355 42.494993430457)
2014783637,20140003266,02/05/2014,02-February,4-Wednesday,16:05,1600 Hours,District 1 (Central),DES MOINES,POLK,,OVID AVE & E OVID AVE & 2ND AVE,Collision with:  Vehicle in traffic,On Roadway,Head-on (front to front),FTYROW:  Making left turn,None Indicated,,Daylight,Slush,Clear,None apparent,Intersection:  Four-way intersection,Paved,,Possible/Unknown,0,1,0,0,1,0,10000,2,2,,POINT (-93.619920160668 41.625951675137)
2014790522,,02/06/2014,02-February,5-Thursday,09:37,0900 Hours,District 2 (Northeast),HAMPTON,FRANKLIN,US 65,US 65/4TH ST SE/4TH ST NE & IA 3/CENTRAL AVE E,Collision with:  Vehicle in traffic,On Roadway,"Angle, oncoming left turn",Unknown,None Indicated,,Daylight,Slush,Clear,None apparent,Intersection:  Four-way intersection,Paved,,Property Damage Only,0,0,0,0,0,0,4569,2,2,,POINT (-93.202483296186 42.741875199822)
2014784391,14-000593,02/06/2014,02-February,5-Thursday,20:05,2000 Hours,District 1 (Central),ANKENY,POLK,,SE DELAWARE AVE,Collision with:  Vehicle in traffic,On Roadway,"Angle, oncoming left turn",Other (explain in narrative):  Other,None Indicated,,Dark - roadway lighted,Slush,Clear,None apparent,Non-intersection:  Non-junction/no special feature,Paved,,Property Damage Only,0,0,0,0,0,0,2000,2,4,,POINT (-93.581236486706 41.712216940663)
2014784275,C14000399,02/06/2014,02-February,5-Thursday,07:55,0700 Hours,District 6 (East Central),CORALVILLE,JOHNSON,US 6,US 6/2ND ST,Collision with:  Vehicle in traffic,On Roadway,Rear-end (front to rear),Driving too fast for conditions,None Indicated,,Daylight,Snow,Clear,"Surface condition (e.g., wet, icy)",Non-intersection:  Non-junction/no special feature,Paved,,Property Damage Only,0,0,0,0,0,0,3000,3,3,,POINT (-91.570010978108 41.670355904299)
2014784990,2014001370,02/06/2014,02-February,5-Thursday,16:28,1600 Hours,District 6 (East Central),IOWA CITY,JOHNSON,IA 1,IA 1/IOWA 1 & MORMON TREK BLVD,Collision with:  Vehicle in traffic,On Roadway,Broadside (front to side),Ran Traffic Signal,None Indicated,,Daylight,Snow,Clear,None apparent,Intersection:  Four-way intersection,Paved,,Possible/Unknown,0,1,0,0,1,0,7500,2,2,,POINT (-91.564644881024 41.636125913439)
2014784006,14-0370,02/06/2014,02-February,5-Thursday,08:00,0800 Hours,District 1 (Central),FORT DODGE,WEBSTER,,KENYON RD,Collision with:  Vehicle in traffic,On Roadway,"Sideswipe, same direction",Swerving/Evasive Action,None Indicated,,Daylight,Ice/frost,Clear,"Surface condition (e.g., wet, icy)",Non-intersection:  Non-junction/no special feature,Paved,,Property Damage Only,0,0,0,0,0,0,1600,2,2,,POINT (-94.189328178804 42.493656818794)
2014787520,GP20140089,02/06/2014,02-February,5-Thursday,15:36,1500 Hours,District 1 (Central),GRINNELL,POWESHIEK,,14TH AVE,Collision with:  Vehicle in traffic,On Roadway,"Sideswipe, opposite direction","Operating vehicle in an reckless, erratic, careless, negligent manner",None Indicated,,Daylight,Snow,Cloudy,"Surface condition (e.g., wet, icy)",Non-intersection:  Non-junction/no special feature,Paved,,Property Damage Only,0,0,0,0,0,0,5500,2,1,,POINT (-92.734373292258 41.757226300644)
2014784098,14012271,02/06/2014,02-February,5-Thursday,08:30,0800 Hours,District 2 (Northeast),CEDAR FALLS,BLACK HAWK,,20TH ST & CLAY ST,Collision with:  Vehicle in traffic,On Roadway,Broadside (front to side),FTYROW:  From yield sign,None Indicated,,Daylight,Snow,Clear,None apparent,Intersection:  Four-way intersection,Paved,,Property Damage Only,0,0,0,0,0,0,6500,2,2,,POINT (-92.44818863299 42.519744496189)
2014783594,201401793,02/06/2014,02-February,5-Thursday,07:43,0700 Hours,District 6 (East Central),CEDAR RAPIDS,LINN,IA 922,IA 922/1ST AVE E & 7TH ST SE & 7TH ST NE,Collision with:  Vehicle in traffic,On Roadway,Broadside (front to side),Ran Traffic Signal,None Indicated,,Daylight,Slush,Clear,None apparent,Intersection:  Four-way intersection,Paved,,Possible/Unknown,0,2,0,0,2,0,10000,2,4,,POINT (-91.663139934962 41.981909766531)
2014786424,14-000565,02/06/2014,02-February,5-Thursday,10:50,1000 Hours,District 1 (Central),AMES,STORY,,NORTHRIDGE PKWY & KENT AVE,Collision with:  Vehicle in traffic,On Roadway,Broadside (front to side),Driving too fast for conditions,None Indicated,,Daylight,Snow,Clear,"Surface condition (e.g., wet, icy)",Intersection:  T-intersection,Paved,,Property Damage Only,0,0,0,0,0,0,3300,2,2,,POINT (-93.642540452852 42.048933724093)
2014783872,14002862,02/06/2014,02-February,5-Thursday,09:16,0900 Hours,District 5 (Southeast),OSKALOOSA,MAHASKA,,HIGHLAND AVE & S PARK AVE,Collision with:  Vehicle in traffic,On Roadway,Broadside (front to side),Driving too fast for conditions,None Indicated,,Daylight,Snow,Clear,"Surface condition (e.g., wet, icy)",Non-intersection:  Non-junction/no special feature,Paved,,Property Damage Only,0,0,0,0,0,0,6000,2,3,,POINT (-92.625260009661 41.299797398517)
2014784288,2014001382,02/06/2014,02-February,5-Thursday,20:27,2000 Hours,District 6 (East Central),IOWA CITY,JOHNSON,IA 1,IA 1/E BURLINGTON ST & S GILBERT ST,Collision with:  Vehicle in traffic,On Roadway,Rear-end (front to rear),Driving too fast for conditions,None Indicated,,Dark - roadway lighted,Snow,Clear,"Surface condition (e.g., wet, icy)",Intersection:  Four-way intersection,Paved,,Property Damage Only,0,0,0,0,0,0,5200,2,2,,POINT (-91.530174092462 41.657838131718)
2014783967,2014-8124,02/06/2014,02-February,5-Thursday,02:40,0200 Hours,District 6 (East Central),DAVENPORT,SCOTT,,TELEGRAPH RD & S ELSIE AVE,Collision with fixed object:  Utility pole/light support,On Roadway,Non-collision (single vehicle),Driving too fast for conditions,Alcohol (Statutory),,Dark - roadway lighted,Snow,Clear,"Surface condition (e.g., wet, icy)",Non-intersection:  Non-junction/no special feature,Paved,,Property Damage Only,0,0,0,0,0,0,5050,1,1,,POINT (-90.627609676706 41.517801834673)
2014784763,14-005111,02/06/2014,02-February,5-Thursday,13:09,1300 Hours,District 5 (Southeast),MUSCATINE,MUSCATINE,,E 6TH ST & MULBERRY AVE,Collision with:  Vehicle in traffic,On Roadway,Broadside (front to side),Ran Stop Sign,None Indicated,,Daylight,Wet,Clear,"Surface condition (e.g., wet, icy)",Intersection:  Four-way intersection,Paved,,Property Damage Only,0,0,0,0,0,0,1800,2,2,,POINT (-91.044571428141 41.426854948515)
2014787726,20140435,02/06/2014,02-February,5-Thursday,07:30,0700 Hours,District 1 (Central),,GRUNDY,IA 175,IA 175/DIAGONAL RD & Co Rd T55/U AVE,Non-collision events:  Other non-collision (explain in narrative),On Roadway,"Sideswipe, same direction",Swerving/Evasive Action,None Indicated,,Daylight,Snow,Cloudy,"Surface condition (e.g., wet, icy)",Intersection:  Four-way intersection,Paved,,Property Damage Only,0,0,0,0,0,0,4000,2,3,,POINT (-92.631182545735 42.332659847255)
2014788231,2014008864,02/06/2014,02-February,5-Thursday,12:52,1200 Hours,District 1 (Central),ALTOONA,POLK,I-80,I-80,Collision with:  Vehicle in traffic,On Roadway,"Sideswipe, same direction",Ran off road - right,None Indicated,,Daylight,Dry,Clear,None apparent,Non-intersection:  Non-junction/no special feature,Paved,,Property Damage Only,0,0,0,0,0,0,2500,2,2,,POINT (-93.508247936726 41.661942929598)
2014783972,2014-8191,02/06/2014,02-February,5-Thursday,10:43,1000 Hours,District 6 (East Central),DAVENPORT,SCOTT,,E 5TH ST,Collision with:  Vehicle in traffic,Outside trafficway,Broadside (front to side),Lost Control,None Indicated,,Daylight,Snow,Clear,None apparent,Non-intersection:  Non-junction/no special feature,Paved,,Property Damage Only,0,0,0,0,0,0,2800,2,3,,POINT (-90.571787214097 41.524633811052)
2014785891,14-000572,02/06/2014,02-February,5-Thursday,09:47,0900 Hours,District 1 (Central),ANKENY,POLK,,SW ORDNANCE RD,Collision with:  Vehicle in traffic,On Roadway,Rear-end (front to rear),Driving too fast for conditions,None Indicated,,Daylight,Snow,Clear,"Surface condition (e.g., wet, icy)",Non-intersection:  Non-junction/no special feature,Paved,,Property Damage Only,0,0,0,0,0,0,2100,2,3,,POINT (-93.622579404192 41.723835654857)
2014784289,2014001384,02/06/2014,02-February,5-Thursday,22:36,2200 Hours,District 6 (East Central),IOWA CITY,JOHNSON,,E JEFFERSON ST & GLENDALE RD & CLAPP ST,Collision with fixed object:  Utility pole/light support,Outside trafficway,Non-collision (single vehicle),Driving too fast for conditions,None Indicated,,Dark - roadway lighted,Snow,Clear,"Surface condition (e.g., wet, icy)",Intersection:  Y-intersection,Paved,,Property Damage Only,0,0,0,0,0,0,5500,1,1,,POINT (-91.519503090519 41.662294644591)
2014783530,14-04111,02/06/2014,02-February,5-Thursday,09:48,0900 Hours,District 5 (Southeast),BURLINGTON,DES MOINES,,WEST AVE & WILLOW AVE,Collision with:  Vehicle in traffic,On Roadway,Rear-end (front to rear),Followed too close,None Indicated,,Daylight,Snow,Clear,None apparent,Intersection:  T-intersection,Paved,,Possible/Unknown,0,2,0,0,2,0,2100,2,8,,POINT (-91.135590059585 40.800361135385)
2014785022,201400359,02/06/2014,02-February,5-Thursday,08:05,0800 Hours,District 6 (East Central),,LINN,I-380,I-380,Collision with:  Parked motor vehicle,Shoulder,Rear-end (front to rear),Driving too fast for conditions,None Indicated,,Daylight,Ice/frost,Cloudy,None apparent,Non-intersection:  Non-junction/no special feature,Paved,,Property Damage Only,0,0,0,0,0,0,4000,2,3,,POINT (-91.829347323224 42.201417157751)
2014784507,14-004819,02/06/2014,02-February,5-Thursday,08:26,0800 Hours,District 4 (Southwest),COUNCIL BLUFFS,POTTAWATTAMIE,,5TH AVE & S 8TH ST,Collision with:  Vehicle in traffic,On Roadway,Broadside (front to side),Ran Stop Sign,None Indicated,,Daylight,Slush,Cloudy,None apparent,Intersection:  Four-way intersection,Paved,,Property Damage Only,0,0,0,0,0,0,5000,2,4,,POINT (-95.856053175885 41.257031079985)
2014784209,01-14-5343,02/06/2014,02-February,5-Thursday,14:51,1400 Hours,District 6 (East Central),DUBUQUE,DUBUQUE,,KLEINE ST,Non-collision events:  Other non-collision (explain in narrative),Roadside,Rear-end (front to rear),Lost Control,None Indicated,,Daylight,Slush,Clear,"Surface condition (e.g., wet, icy)",Non-intersection:  Non-junction/no special feature,Paved,,Property Damage Only,0,0,0,0,0,0,6000,2,1,,POINT (-90.674514213035 42.512746017628)
2014784504,S14-000362,02/06/2014,02-February,5-Thursday,10:06,1000 Hours,District 4 (Southwest),,POTTAWATTAMIE,,MAHOGANY RD & 195TH ST,Collision with fixed object:  Ditch,Shoulder,Non-collision (single vehicle),Swerving/Evasive Action,None Indicated,,Daylight,Ice/frost,Clear,"Surface condition (e.g., wet, icy)",Intersection:  T-intersection,Unpaved,,Possible/Unknown,0,1,0,0,1,0,3000,1,1,,POINT (-95.823031420743 41.391508835522)
2014783934,14-004809,02/06/2014,02-February,5-Thursday,07:49,0700 Hours,District 4 (Southwest),COUNCIL BLUFFS,POTTAWATTAMIE,,32ND AVE & S 11TH ST,Collision with:  Vehicle in traffic,On Roadway,Head-on (front to front),Crossed centerline (undivided),None Indicated,,Dawn,Snow,Clear,None apparent,Intersection:  Four-way intersection,Paved,,Property Damage Only,0,0,0,0,0,0,1700,2,3,,POINT (-95.8605364386 41.22822538628)
2014783745,B14-011,02/06/2014,02-February,5-Thursday,10:05,1000 Hours,District 4 (Southwest),LOGAN,HARRISON,US 30,US 30/7TH ST,Collision with fixed object:  Curb/island/raised median,Outside trafficway,Non-collision (single vehicle),Driving too fast for conditions,None Indicated,,Daylight,Snow,Clear,"Surface condition (e.g., wet, icy)",Non-intersection:  Non-junction/no special feature,Paved,,Property Damage Only,0,0,0,0,0,0,1500,1,1,,POINT (-95.789101044171 41.64304916836)
2014785644,2014-8278,02/06/2014,02-February,5-Thursday,17:39,1700 Hours,District 6 (East Central),DAVENPORT,SCOTT,,W 18TH ST & N LINCOLN AVE,Collision with:  Vehicle in traffic,Outside trafficway,Broadside (front to side),FTYROW:  From parked position,None Indicated,,Dark - roadway lighted,Dry,Clear,None apparent,Non-intersection:  Non-junction/no special feature,Paved,,Property Damage Only,0,0,0,0,0,0,1500,2,4,,POINT (-90.613146843392 41.537325617342)
2014783920,14-0260,02/06/2014,02-February,5-Thursday,06:59,0600 Hours,District 1 (Central),URBANDALE,POLK,,DOUGLAS PKWY & 128TH ST,Collision with:  Vehicle in traffic,On Roadway,Rear-end (front to rear),Driving too fast for conditions,None Indicated,,Daylight,Ice/frost,Clear,"Surface condition (e.g., wet, icy)",Intersection:  Four-way intersection,Paved,,Property Damage Only,0,0,0,0,0,0,5000,2,3,,POINT (-93.793598885501 41.628612810014)
2014783900,20140003383,02/06/2014,02-February,5-Thursday,17:13,1700 Hours,District 1 (Central),DES MOINES,POLK,,URBANDALE AVE & 34TH ST,Collision with:  Vehicle in traffic,On Roadway,"Sideswipe, opposite direction",Driving too fast for conditions,None Indicated,,Daylight,Ice/frost,Cloudy,"Surface condition (e.g., wet, icy)",Non-intersection:  Non-junction/no special feature,Paved,,Property Damage Only,0,0,0,0,0,0,7000,2,3,,POINT (-93.663413813491 41.620196495189)
2014784166,CL14000380,02/06/2014,02-February,5-Thursday,16:39,1600 Hours,District 6 (East Central),CLINTON,CLINTON,,N BLUFF BLVD,Collision with:  Vehicle in traffic,On Roadway,"Sideswipe, same direction",Unknown,None Indicated,,Daylight,Snow,Cloudy,"Surface condition (e.g., wet, icy)",Non-intersection:  Non-junction/no special feature,Paved,,Property Damage Only,0,0,0,0,0,0,1500,2,3,,POINT (-90.203145204148 41.846221416968)
2014783515,W14-012306,02/06/2014,02-February,5-Thursday,02:00,0200 Hours,District 2 (Northeast),WATERLOO,BLACK HAWK,,WENNER DR,Collision with:  Vehicle in traffic,On Roadway,Rear-end (front to rear),Unknown,None Indicated,,Dark - roadway lighted,Snow,Clear,Unknown,Intersection:  T-intersection,Paved,,Property Damage Only,0,0,0,0,0,0,5000,2,1,,POINT (-92.38025345631 42.475673904)
2014784868,,02/06/2014,02-February,5-Thursday,10:09,1000 Hours,District 5 (Southeast),FORT MADISON,LEE,,AVE M,Collision with:  Parked motor vehicle,On Roadway,"Sideswipe, opposite direction",Lost Control,None Indicated,,Daylight,Ice/frost,Snow,None apparent,Non-intersection:  Non-junction/no special feature,Paved,,Property Damage Only,0,0,0,0,0,0,2000,2,1,,POINT (-91.328719178882 40.626410791054)
2014807881,CP14-0107,02/06/2014,02-February,5-Thursday,08:55,0800 Hours,District 2 (Northeast),CLARION,WRIGHT,,15TH AVE SW & S MAIN ST,Collision with:  Vehicle in traffic,On Roadway,Head-on (front to front),Driving too fast for conditions,None Indicated,,Daylight,Ice/frost,Clear,None apparent,Non-intersection:  Non-junction/no special feature,Paved,,Property Damage Only,0,0,0,0,0,0,2500,2,2,,POINT (-93.73275218674 42.717961950422)
2014784005,14-0369,02/06/2014,02-February,5-Thursday,07:45,0700 Hours,District 1 (Central),FORT DODGE,WEBSTER,,6TH AVE N & MARTIN LUTHER KING DR,Collision with:  Vehicle in traffic,Shoulder,Broadside (front to side),Ran Stop Sign,None Indicated,,Daylight,Slush,Clear,None apparent,Intersection:  Four-way intersection,Paved,,Property Damage Only,0,0,0,0,0,0,4000,2,6,,POINT (-94.16231100779 42.511945452683)
2014784213,01-14-5370,02/06/2014,02-February,5-Thursday,17:07,1700 Hours,District 6 (East Central),DUBUQUE,DUBUQUE,US 20,US 20/DODGE ST & BLUFF ST,Collision with:  Vehicle in traffic,On Roadway,Rear-end (front to rear),Lost Control,None Indicated,,Daylight,Dry,Clear,None apparent,Interchange-related:  On-ramp merge area,Paved,,Property Damage Only,0,0,0,0,0,0,5500,2,2,,POINT (-90.667114885867 42.492099685258)
2014783896,20140003368,02/06/2014,02-February,5-Thursday,14:20,1400 Hours,District 1 (Central),DES MOINES,POLK,US 6,US 6/E EUCLID AVE & US 69/E 14TH ST,Collision with:  Vehicle in traffic,On Roadway,Rear-end (front to rear),Followed too close,None Indicated,,Daylight,Dry,Clear,None apparent,Intersection:  Four-way intersection,Paved,,Possible/Unknown,0,1,0,0,1,0,2500,2,2,,POINT (-93.600513057949 41.627712019178)
2014783859,201401794,02/06/2014,02-February,5-Thursday,07:26,0700 Hours,District 6 (East Central),CEDAR RAPIDS,LINN,I-380,I-380,Collision with:  Vehicle in traffic,Median,"Sideswipe, same direction",Followed too close,None Indicated,,Daylight,Ice/frost,Clear,"Surface condition (e.g., wet, icy)",Interchange-related:  On-ramp merge area,Paved,,Property Damage Only,0,0,0,0,0,0,16500,8,12,,POINT (-91.662392880857 41.985881905481)
2014815329,,02/06/2014,02-February,5-Thursday,15:40,1500 Hours,District 3 (Northwest),WALL LAKE,SAC,,STUART ST,Collision with:  Parked motor vehicle,On Roadway,"Angle, oncoming left turn",Lost Control,None Indicated,,Daylight,Ice/frost,Clear,"Surface condition (e.g., wet, icy)",,Paved,,Property Damage Only,0,0,0,0,0,0,7000,2,46,,POINT (-95.095596337943 42.27126054804)
2014784759,14-0281,02/06/2014,02-February,5-Thursday,16:45,1600 Hours,District 2 (Northeast),OSAGE,MITCHELL,,PLEASANT ST & S 5TH ST,Collision with:  Vehicle in traffic,On Roadway,Broadside (front to side),FTYROW:  At uncontrolled intersection,None Indicated,,Daylight,Ice/frost,Clear,"Surface condition (e.g., wet, icy)",Intersection:  Four-way intersection,Paved,,Property Damage Only,0,0,0,0,0,0,3400,2,3,,POINT (-92.814591805937 43.282091147255)