Iowa DOT Case Number,Law Enforcement Case Number,Date of Crash,Month of Crash,Day of Week,Time of Crash,Hour,DOT District,City Name,County Name,Route with System,Location Description,First Harmful Event,Location of First Harmful Event,Manner of Crash/Collision,Major Cause,Drug or Alcohol ,Environmental Conditions,Light Conditions,Surface Conditions,Weather Conditions,Roadway Contribution,Roadway Type,Roadway Surface,Work Zone,Crash Severity,Number of Fatalities,Number of Injuries,Number of Major Injuries,Number of Minor Injuries,Number of Possible Injuries,Number of Unknown Injuries,Amount of Property Damage,Number of Vehicles Involved,Total Number of Occupants,Travel Direction,Location
2014783650,20140003345,02/06/2014,02-February,5-Thursday,11:13,1100 Hours,District 1 (Central),DES MOINES,POLK,,EVERGREEN AVE,Collision with:  Vehicle in traffic,On Roadway,Rear-end (front to rear),Followed too close,None Indicated,,Daylight,Slush,Clear,"Surface condition (e.g., wet, icy)",Non-intersection:  Non-junction/no special feature,Paved,,Property Damage Only,0,0,0,0,0,0,3000,2,2,,POINT (-93.577856454828 41.550653952358)
2014784898,,02/06/2014,02-February,5-Thursday,15:10,1500 Hours,District 6 (East Central),CEDAR RAPIDS,LINN,,3RD AVE SE & 8TH ST SE,Collision with:  Vehicle in traffic,On Roadway,"Sideswipe, same direction",Unknown,None Indicated,,Daylight,Slush,Clear,,Intersection:  Other intersection (explain in narrative),Paved,,Property Damage Only,0,0,0,0,0,0,1550,2,2,,POINT (-91.660314161525 41.980814061893)
2014783705,14-000561,02/06/2014,02-February,5-Thursday,08:04,0800 Hours,District 1 (Central),AMES,STORY,US 69,US 69/GRAND AVE,Collision with fixed object:  Other fixed object (explain in narrative),Shoulder,Non-collision (single vehicle),Made improper turn,None Indicated,,Daylight,Snow,Clear,None apparent,Non-intersection:  Alley,Paved,,Property Damage Only,0,0,0,0,0,0,4500,2,4,,POINT (-93.620261285814 42.030664915753)
2014784980,P14-001533,02/06/2014,02-February,5-Thursday,19:16,1900 Hours,District 1 (Central),WEBSTER CITY,HAMILTON,,CEDAR ST,Collision with:  Parked motor vehicle,On Roadway,Head-on (front to front),Crossed centerline (undivided),None Indicated,,Dark - unknown roadway lighting,Snow,Clear,None apparent,Non-intersection:  Non-junction/no special feature,Paved,,Property Damage Only,0,0,0,0,0,0,5000,2,1,,POINT (-93.820446816409 42.461957833235)
2014783899,20140003412,02/06/2014,02-February,5-Thursday,23:35,2300 Hours,District 1 (Central),DES MOINES,POLK,US 69,US 69/SE 14TH ST & BLOOMFIELD RD,Collision with:  Vehicle in traffic,On Roadway,Broadside (front to side),FTYROW:  From stop sign,None Indicated,,Dark - roadway lighted,Dry,Clear,None apparent,Non-intersection:  Driveway access (within),Paved,,Property Damage Only,0,0,0,0,0,0,5500,2,2,,POINT (-93.596766052981 41.524607237736)
2014790551,14012454,02/06/2014,02-February,5-Thursday,21:09,2100 Hours,District 2 (Northeast),CEDAR FALLS,BLACK HAWK,,UNIVERSITY AVE & ROWND ST,Collision with fixed object:  Guardrail - face,On Roadway,Non-collision (single vehicle),Over correcting/over steering,None Indicated,,Dark - roadway lighted,Ice/frost,Clear,"Surface condition (e.g., wet, icy)",Non-intersection:  Non-junction/no special feature,Paved,,Property Damage Only,0,0,0,0,0,0,1500,1,1,,POINT (-92.420998433225 42.509748977157)
2014784302,N14000055,02/06/2014,02-February,5-Thursday,17:30,1700 Hours,District 6 (East Central),NORTH LIBERTY,JOHNSON,,CHERRY ST & STEWART ST,Collision with:  Vehicle in traffic,Gore,Broadside (front to side),Driving too fast for conditions,None Indicated,,Dusk,Snow,Clear,"Surface condition (e.g., wet, icy)",Intersection:  T-intersection,Paved,,Property Damage Only,0,0,0,0,0,0,3500,2,2,,POINT (-91.602205788082 41.748516843666)
2014784390,14-000589,02/06/2014,02-February,5-Thursday,17:30,1700 Hours,District 1 (Central),ANKENY,POLK,,E 1ST ST,Collision with:  Vehicle in traffic,On Roadway,Rear-end (front to rear),Driver Distraction:  Passenger,None Indicated,,Dusk,Wet,Clear,None apparent,Intersection:  Four-way intersection,Paved,,Property Damage Only,0,0,0,0,0,0,2500,2,4,,POINT (-93.600195858443 41.731898956796)
2014786428,14-000576,02/06/2014,02-February,5-Thursday,22:23,2200 Hours,District 1 (Central),AMES,STORY,,GRAY AVE,Collision with:  Vehicle in traffic,On Roadway,"Sideswipe, opposite direction",Driving too fast for conditions,None Indicated,,Dark - roadway lighted,Snow,Clear,"Surface condition (e.g., wet, icy)",Non-intersection:  Non-junction/no special feature,Paved,,Property Damage Only,0,0,0,0,0,0,1500,2,2,,POINT (-93.640717435912 42.020231021557)
2014784283,2014001358,02/06/2014,02-February,5-Thursday,12:42,1200 Hours,District 6 (East Central),IOWA CITY,JOHNSON,US 6,US 6 & BOYRUM ST,Collision with:  Vehicle in traffic,On Roadway,Rear-end (front to rear),Followed too close,None Indicated,,Daylight,Snow,Cloudy,None apparent,Intersection:  Four-way intersection,Paved,,Property Damage Only,0,0,0,0,0,0,2000,2,2,,POINT (-91.527804228832 41.644297500586)
2014784293,2014001369,02/06/2014,02-February,5-Thursday,15:55,1500 Hours,District 6 (East Central),IOWA CITY,JOHNSON,,MORMON TREK BLVD,Collision with:  Vehicle in traffic,On Roadway,"Sideswipe, same direction",Improper or erratic lane changing,None Indicated,,Daylight,Slush,Clear,None apparent,Non-intersection:  Non-junction/no special feature,Paved,,Property Damage Only,0,0,0,0,0,0,3500,2,2,,POINT (-91.57405517883 41.649852475639)
2014783504,W14-012268,02/06/2014,02-February,5-Thursday,08:17,0800 Hours,District 2 (Northeast),WATERLOO,BLACK HAWK,,LOGAN AVE,Collision with:  Vehicle in traffic,On Roadway,Rear-end (front to rear),Driving too fast for conditions,None Indicated,,Daylight,Snow,Clear,None apparent,Non-intersection:  Non-junction/no special feature,Paved,,Property Damage Only,0,0,0,0,0,0,2000,2,20,,POINT (-92.337756320465 42.511657704001)
2014785122,14-1377,02/06/2014,02-February,5-Thursday,20:42,2000 Hours,District 3 (Northwest),,SIOUX,IA 60,IA 60/IOWA 60 & IA 450/450TH ST,Collision with fixed object:  Curb/island/raised median,Shoulder,Non-collision (single vehicle),Lost Control,None Indicated,,Dark - roadway not lighted,Dry,Clear,None apparent,Non-intersection:  Non-junction/no special feature,Paved,,Property Damage Only,0,0,0,0,0,0,1650,1,1,,POINT (-95.993957596581 42.997340644673)
2014784533,14-2238,02/06/2014,02-February,5-Thursday,09:03,0900 Hours,District 6 (East Central),BETTENDORF,SCOTT,,MAPLECREST RD,Collision with:  Parked motor vehicle,On Roadway,Rear-end (front to rear),Swerving/Evasive Action,None Indicated,,Daylight,Wet,Clear,"Surface condition (e.g., wet, icy)",Non-intersection:  Non-junction/no special feature,Paved,,Property Damage Only,0,0,0,0,0,0,5000,2,1,,POINT (-90.500153703418 41.556097339974)
2014784663,B14-009,02/06/2014,02-February,5-Thursday,08:35,0800 Hours,District 4 (Southwest),LOGAN,HARRISON,US 30,US 30/11TH ST,Collision with fixed object:  Other fixed object (explain in narrative),Outside trafficway,Non-collision (single vehicle),Swerving/Evasive Action,None Indicated,,Daylight,Wet,Clear,"Surface condition (e.g., wet, icy)",Non-intersection:  Non-junction/no special feature,Paved,,Property Damage Only,0,0,0,0,0,0,5650,1,1,,POINT (-95.79400021963 41.637787691808)
2014784568,14-000179,02/06/2014,02-February,5-Thursday,15:45,1500 Hours,District 1 (Central),AMES,STORY,,IOWA STATE UNIVERSITY,Collision with:  Vehicle in traffic,Outside trafficway,Rear-end (front to rear),Improper Backing,None Indicated,,Daylight,Snow,Clear,"Surface condition (e.g., wet, icy)",Non-intersection:  Driveway access (within),Unpaved,,Property Damage Only,0,0,0,0,0,0,3000,2,2,,POINT (-93.653796591185 42.02476863162)
2014790647,2014-8236,02/06/2014,02-February,5-Thursday,14:43,1400 Hours,District 6 (East Central),DAVENPORT,SCOTT,,IA 461/BRADY ST & W LOCUST ST & E LOCUST ST,Collision with:  Vehicle in traffic,On Roadway,"Sideswipe, same direction",Other (explain in narrative):  Other,None Indicated,,Daylight,Wet,Clear,None apparent,Intersection:  Four-way intersection,Paved,,Property Damage Only,0,0,0,0,0,0,1680,2,2,,POINT (-90.573973333197 41.538288669878)
2014785104,2014-8134,02/06/2014,02-February,5-Thursday,03:41,0300 Hours,District 6 (East Central),DAVENPORT,SCOTT,,W 10TH ST,Collision with:  Parked motor vehicle,On Roadway,Rear-end (front to rear),Unknown,None Indicated,,Dark - roadway lighted,Snow,Clear,"Surface condition (e.g., wet, icy)",Non-intersection:  Non-junction/no special feature,Paved,,Property Damage Only,0,0,0,0,0,0,20200,3,1,,POINT (-90.594365859396 41.52949473643)
2014790096,2014-8228,02/06/2014,02-February,5-Thursday,14:21,1400 Hours,District 6 (East Central),DAVENPORT,SCOTT,,IA 461/BRADY ST & DUBUQUE ST,Collision with:  Vehicle in traffic,On Roadway,"Sideswipe, same direction",FTYROW:  Other (explain in narrative),None Indicated,,Daylight,Dry,Clear,None apparent,Non-intersection:  Non-junction/no special feature,Paved,,Property Damage Only,0,0,0,0,0,0,4000,2,2,,POINT (-90.571707211732 41.546950002061)
2014788419,14-000151,02/06/2014,02-February,5-Thursday,14:50,1400 Hours,District 1 (Central),,STORY,US 30,US 30,Collision with fixed object:  Bridge overhead structure,On Roadway,Non-collision (single vehicle),Swerving/Evasive Action,None Indicated,,Daylight,Dry,Clear,None apparent,Non-intersection:  Non-junction/no special feature,Paved,,Property Damage Only,0,0,0,0,0,0,4500,1,1,,POINT (-93.517811465178 42.008899512602)
2014784270,14-170206-01,02/06/2014,02-February,5-Thursday,06:24,0600 Hours,District 6 (East Central),,IOWA,US 6,US 6 & NO NAME,Collision with:  Animal,On Roadway,Non-collision (single vehicle),Animal,None Indicated,,Dawn,Dry,Cloudy,Non-highway work,Non-intersection:  Non-junction/no special feature,Paved,,Property Damage Only,0,0,0,0,0,0,2700,1,1,,POINT (-91.862669723359 41.759866121268)
2014784327,201401814,02/06/2014,02-February,5-Thursday,15:42,1500 Hours,District 6 (East Central),CEDAR RAPIDS,LINN,IA 922,IA 922/1ST AVE E & 10TH ST SE & 10TH ST NE,Collision with:  Vehicle in traffic,On Roadway,Rear-end (front to rear),Other (explain in narrative):  Other,None Indicated,,Daylight,Wet,Clear,None apparent,Intersection:  Four-way intersection,Paved,,Property Damage Only,0,0,0,0,0,0,12250,3,4,,POINT (-91.659841160485 41.983798675724)
2014783851,2014001350,02/06/2014,02-February,5-Thursday,10:11,1000 Hours,District 6 (East Central),IOWA CITY,JOHNSON,US 6,US 6 & S GILBERT ST,Collision with:  Vehicle in traffic,On Roadway,Rear-end (front to rear),Followed too close,None Indicated,,Daylight,Ice/frost,Clear,"Surface condition (e.g., wet, icy)",Intersection:  Four-way intersection,Paved,,Property Damage Only,0,0,0,0,0,0,1500,2,2,,POINT (-91.53219599434 41.645488542544)
2014784013,14-3693,02/06/2014,02-February,5-Thursday,15:27,1500 Hours,District 3 (Northwest),SIOUX CITY,WOODBURY,,21ST ST & DOUGLAS ST,Collision with:  Vehicle in traffic,On Roadway,Broadside (front to side),Ran Stop Sign,None Indicated,,Daylight,Snow,Clear,None apparent,Intersection:  Four-way intersection,Paved,,Property Damage Only,0,0,0,0,0,0,4500,2,2,,POINT (-96.406583371368 42.512178751809)
2014783597,201401797,02/06/2014,02-February,5-Thursday,08:52,0800 Hours,District 6 (East Central),CEDAR RAPIDS,LINN,,37TH ST NE & C AVE NE,Collision with:  Vehicle in traffic,On Roadway,Broadside (front to side),FTYROW:  From stop sign,None Indicated,,Daylight,Snow,Clear,None apparent,Intersection:  Four-way intersection,Paved,,Possible/Unknown,0,1,0,0,1,0,5000,2,2,,POINT (-91.638428770094 42.015978707438)
2014785236,14012250,02/06/2014,02-February,5-Thursday,07:40,0700 Hours,District 2 (Northeast),CEDAR FALLS,BLACK HAWK,,17TH ST & WASHINGTON ST,Collision with:  Vehicle in traffic,On Roadway,Broadside (front to side),FTYROW:  From yield sign,None Indicated,,Daylight,Snow,Clear,"Surface condition (e.g., wet, icy)",Intersection:  Four-way intersection,Paved,,Property Damage Only,0,0,0,0,0,0,6500,2,3,,POINT (-92.44686866823 42.523088293386)
2014783878,2014001086,02/06/2014,02-February,5-Thursday,08:10,0800 Hours,District 1 (Central),MARSHALLTOWN,MARSHALL,,W OLIVE ST & S 6TH ST,Collision with:  Vehicle in traffic,On Roadway,Broadside (front to side),Ran Traffic Signal,None Indicated,,Daylight,Snow,Clear,None apparent,Intersection:  Four-way intersection,Paved,,Property Damage Only,0,0,0,0,0,0,9000,2,2,,POINT (-92.922216146312 42.028486660866)
2014783889,14-000571,02/06/2014,02-February,5-Thursday,08:16,0800 Hours,District 1 (Central),ANKENY,POLK,,NW 18TH ST,Collision with:  Vehicle in traffic,On Roadway,Rear-end (front to rear),Driving too fast for conditions,None Indicated,,Daylight,Snow,Clear,None apparent,Non-intersection:  Non-junction/no special feature,Paved,,Property Damage Only,0,0,0,0,0,0,4000,2,3,,POINT (-93.61691590683 41.746374752794)
2014784764,14-005173,02/06/2014,02-February,5-Thursday,16:39,1600 Hours,District 5 (Southeast),MUSCATINE,MUSCATINE,US 61,US 61 & CLEVELAND ST,Collision with:  Vehicle in traffic,On Roadway,"Angle, oncoming left turn",Unknown,None Indicated,,Daylight,Wet,Clear,None apparent,Intersection:  Other intersection (explain in narrative),Paved,,Property Damage Only,0,0,0,0,0,0,2000,2,2,,POINT (-91.02671753797 41.454867616349)
2014783849,2014001348,02/06/2014,02-February,5-Thursday,09:16,0900 Hours,District 6 (East Central),IOWA CITY,JOHNSON,,MELROSE AVE,Collision with:  Vehicle in traffic,On Roadway,Rear-end (front to rear),Driving too fast for conditions,None Indicated,,Daylight,Snow,Clear,"Surface condition (e.g., wet, icy)",Intersection:  Four-way intersection,Paved,,Property Damage Only,0,0,0,0,0,0,1800,2,3,,POINT (-91.573754767916 41.656937164375)
2014783819,14-04152,02/06/2014,02-February,5-Thursday,16:35,1600 Hours,District 5 (Southeast),BURLINGTON,DES MOINES,,DIVISION ST & MARIETTA ST,Collision with fixed object:  Traffic sign support,Roadside,Non-collision (single vehicle),Equipment failure,None Indicated,,Daylight,Snow,Clear,Work Zone (roadway-related),Non-intersection:  Non-junction/no special feature,Paved,Yes,Property Damage Only,0,0,0,0,0,0,6500,1,2,,POINT (-91.113986913717 40.807675588845)
2014784216,01-14-5329,02/06/2014,02-February,5-Thursday,13:19,1300 Hours,District 6 (East Central),DUBUQUE,DUBUQUE,,LORAS BLVD & ALTA VISTA ST,Collision with:  Vehicle in traffic,On Roadway,Rear-end (front to rear),Lost Control,None Indicated,,Daylight,Snow,Clear,None apparent,Non-intersection:  Non-junction/no special feature,Paved,,Property Damage Only,0,0,0,0,0,0,4500,2,2,,POINT (-90.681188150049 42.502444276083)
2014784669,B14-010,02/06/2014,02-February,5-Thursday,08:35,0800 Hours,District 4 (Southwest),LOGAN,HARRISON,US 30,US 30/11TH ST,Collision with:  Vehicle in traffic,On Roadway,Rear-end (front to rear),Driving too fast for conditions,None Indicated,,Daylight,Ice/frost,Clear,None apparent,Non-intersection:  Non-junction/no special feature,Paved,,Property Damage Only,0,0,0,0,0,0,3500,2,3,,POINT (-95.793585145777 41.637905859955)
2014791937,0206142017,02/06/2014,02-February,5-Thursday,20:55,2000 Hours,District 5 (Southeast),OSCEOLA,CLARKE,,E CLAY ST,Collision with:  Parked motor vehicle,On Roadway,Rear-end (front to rear),Lost Control,None Indicated,,Dark - roadway lighted,Snow,Clear,"Surface condition (e.g., wet, icy)",Non-intersection:  Non-junction/no special feature,Paved,,Property Damage Only,0,0,0,0,0,0,7000,2,1,,POINT (-93.76117891608 41.037788534869)
2014784755,2014001107,02/06/2014,02-February,5-Thursday,23:53,2300 Hours,District 1 (Central),MARSHALLTOWN,MARSHALL,IA 14,IA 14/S 3RD AVE,Collision with fixed object:  Concrete traffic barrier (median or right side),On Roadway,Non-collision (single vehicle),Driving too fast for conditions,None Indicated,,Dark - roadway lighted,Snow,Cloudy,None apparent,Non-intersection:  Other non-intersection (explain in narrative),Paved,,Property Damage Only,0,0,0,0,0,0,3000,1,1,,POINT (-92.90797708201 42.042886703627)
2014784773,14-0153,02/06/2014,02-February,5-Thursday,07:33,0700 Hours,District 1 (Central),CLIVE,POLK,I-35,I-35,Collision with:  Vehicle in traffic,On Roadway,Unknown,Unknown,None Indicated,,Daylight,Ice/frost,Clear,None apparent,Non-intersection:  Non-junction/no special feature,Paved,,Property Damage Only,0,0,0,0,0,0,1550,2,2,,POINT (-93.776796542361 41.611001479108)
2014784473,14-0263,02/06/2014,02-February,5-Thursday,12:50,1200 Hours,District 1 (Central),URBANDALE,POLK,,86TH ST,Collision with:  Vehicle in traffic,On Roadway,Rear-end (front to rear),Other (explain in narrative):  Other,None Indicated,,Daylight,Snow,Clear,None apparent,Intersection:  Four-way intersection,Paved,,Possible/Unknown,0,1,0,0,1,0,1000,2,3,,POINT (-93.736584166495 41.629424636906)
2014784099,14012456,02/06/2014,02-February,5-Thursday,21:11,2100 Hours,District 2 (Northeast),CEDAR FALLS,BLACK HAWK,,UNIVERSITY AVE,Collision with:  Vehicle in traffic,On Roadway,"Sideswipe, same direction",Ran off road - right,None Indicated,,Dark - roadway lighted,Ice/frost,Clear,"Surface condition (e.g., wet, icy)",Non-intersection:  Non-junction/no special feature,Paved,,Property Damage Only,0,0,0,0,0,0,3000,2,1,,POINT (-92.420549493244 42.509593609151)
2014784906,,02/06/2014,02-February,5-Thursday,19:30,1900 Hours,District 5 (Southeast),,MAHASKA,IA 92,IA 92/IOWA 92,Collision with:  Animal,On Roadway,Non-collision (single vehicle),Animal,None Indicated,,Dark - roadway not lighted,Dry,Clear,,Non-intersection:  Non-junction/no special feature,Paved,,Property Damage Only,0,0,0,0,0,0,2500,1,1,,POINT (-92.766831510821 41.292118268869)
2014783780,14-001057,02/06/2014,02-February,5-Thursday,14:42,1400 Hours,District 6 (East Central),INDEPENDENCE,BUCHANAN,,3RD ST NW & 13TH AVE NW,Collision with:  Vehicle in traffic,On Roadway,"Sideswipe, same direction",FTYROW:  From parked position,None Indicated,,Daylight,Snow,Clear,None apparent,Non-intersection:  Non-junction/no special feature,Paved,,Property Damage Only,0,0,0,0,0,0,2600,2,2,,POINT (-91.908952533838 42.470337130632)
2014783647,20140003318,02/06/2014,02-February,5-Thursday,07:15,0700 Hours,District 1 (Central),DES MOINES,POLK,IA 163,IA 163/E UNIVERSITY AVE,Collision with:  Vehicle in traffic,On Roadway,"Sideswipe, same direction",Lost Control,None Indicated,,Dawn,Snow,Clear,"Surface condition (e.g., wet, icy)",Non-intersection:  Non-junction/no special feature,Paved,,Property Damage Only,0,0,0,0,0,0,4000,2,2,,POINT (-93.581924784613 41.600488726248)
2014785263,14-000856,02/06/2014,02-February,5-Thursday,05:00,0500 Hours,District 4 (Southwest),PERRY,DALLAS,,NORTH ST,Collision with:  Parked motor vehicle,On Roadway,Unknown,Unknown,None Indicated,,Dark - roadway lighted,Unknown,Unknown,Unknown,Non-intersection:  Non-junction/no special feature,Paved,,Property Damage Only,0,0,0,0,0,0,3000,2,1,,POINT (-94.106002603436 41.845763494486)
2014784247,2014-0261,02/06/2014,02-February,5-Thursday,15:29,1500 Hours,District 1 (Central),JEFFERSON,GREENE,,S CHESTNUT ST,Collision with fixed object:  Tree,Outside trafficway,Non-collision (single vehicle),Swerving/Evasive Action,None Indicated,,Daylight,Ice/frost,Clear,"Surface condition (e.g., wet, icy)",Non-intersection:  Non-junction/no special feature,Paved,,Property Damage Only,0,0,0,0,0,0,8000,1,1,,POINT (-94.373439318003 42.010181290857)
2014784276,C14000400,02/06/2014,02-February,5-Thursday,09:00,0900 Hours,District 6 (East Central),CORALVILLE,JOHNSON,US 6,US 6/2ND ST,Collision with:  Vehicle in traffic,On Roadway,Head-on (front to front),Other (explain in narrative):  Other,None Indicated,,Daylight,Wet,Clear,None apparent,Non-intersection:  Non-junction/no special feature,Paved,,Property Damage Only,0,0,0,0,0,0,22500,2,3,,POINT (-91.562169079904 41.66755599572)
2014784646,2014008920,02/06/2014,02-February,5-Thursday,16:30,1600 Hours,District 1 (Central),,POLK,I-35,I-35,Collision with:  Vehicle in traffic,On Roadway,"Sideswipe, same direction",Swerving/Evasive Action,None Indicated,,Daylight,Dry,Cloudy,None apparent,Non-intersection:  Non-junction/no special feature,Paved,,Property Damage Only,0,0,0,0,0,0,5000,2,7,,POINT (-93.583351851978 41.650993875863)
2014783923,14-0266,02/06/2014,02-February,5-Thursday,15:51,1500 Hours,District 4 (Southwest),URBANDALE,DALLAS,,156TH ST & WINSTON AVE,Collision with:  Vehicle in traffic,On Roadway,Broadside (front to side),FTYROW:  Making left turn,None Indicated,,Daylight,Slush,Clear,None apparent,Intersection:  Four-way intersection,Paved,,Property Damage Only,0,0,0,0,0,0,6000,2,2,,POINT (-93.833550799274 41.636004120384)
2014785278,14-00865,02/06/2014,02-February,5-Thursday,08:04,0800 Hours,District 2 (Northeast),OELWEIN,FAYETTE,IA 150,IA 150/1ST AVE SE & 2ND ST SE,Collision with:  Vehicle in traffic,On Roadway,Head-on (front to front),Made improper turn,None Indicated,,Daylight,Wet,Clear,None apparent,Intersection:  Four-way intersection,Paved,,Property Damage Only,0,0,0,0,0,0,4000,2,2,,POINT (-91.911973697429 42.6754509345)
2014798020,140796PD,02/06/2014,02-February,5-Thursday,12:15,1200 Hours,District 1 (Central),BOONE,BOONE,,W MAMIE EISENHOWER AVE & S MAIN ST,Collision with:  Vehicle in traffic,On Roadway,"Sideswipe, same direction",Other (explain in narrative):  Other,None Indicated,,Daylight,Snow,Clear,"Surface condition (e.g., wet, icy)",Intersection:  Four-way intersection,Paved,,Property Damage Only,0,0,0,0,0,0,2500,2,3,,POINT (-93.906853658723 42.059317328394)
2014785172,2014008912,02/06/2014,02-February,5-Thursday,16:00,1600 Hours,District 6 (East Central),DE WITT,CLINTON,,9TH ST & 7TH AVE,Collision with:  Vehicle in traffic,On Roadway,Broadside (front to side),FTYROW:  From stop sign,None Indicated,,Daylight,Snow,Clear,None apparent,Intersection:  Four-way intersection,Paved,,Property Damage Only,0,0,0,0,0,0,2500,2,3,,POINT (-90.540483751782 41.824208078809)
2014784900,,02/06/2014,02-February,5-Thursday,09:00,0900 Hours,District 6 (East Central),CEDAR RAPIDS,LINN,IA 922,IA 922/1ST AVE E & 3RD ST SE & 3RD ST NE,Collision with:  Vehicle in traffic,On Roadway,"Sideswipe, same direction",Unknown,None Indicated,,Daylight,Dry,Clear,,Non-intersection:  Non-junction/no special feature,Paved,,Property Damage Only,0,0,0,0,0,0,1500,2,3,,POINT (-91.667611468172 41.97934088695)
2014784531,14-2235,02/06/2014,02-February,5-Thursday,08:02,0800 Hours,District 6 (East Central),BETTENDORF,SCOTT,I-74,I-74,Collision with:  Vehicle in traffic,On Roadway,"Sideswipe, same direction","Operating vehicle in an reckless, erratic, careless, negligent manner",None Indicated,,Daylight,Snow,Clear,None apparent,Non-intersection:  Non-junction/no special feature,Paved,,Property Damage Only,0,0,0,0,0,0,5500,3,3,,POINT (-90.514329881271 41.529412808039)
2014790169,,02/06/2014,02-February,5-Thursday,22:50,2200 Hours,District 2 (Northeast),,WINNESHIEK,IA 9,IA 9/IOWA 9,Collision with:  Vehicle in traffic,On Roadway,Head-on (front to front),Crossed centerline (undivided),None Indicated,,Dark - roadway not lighted,Dry,Clear,None apparent,Non-intersection:  Non-junction/no special feature,Paved,,Minor Injury,0,2,0,2,0,0,16500,3,3,,POINT (-91.971538948112 43.283506771553)
2014783596,201401795,02/06/2014,02-February,5-Thursday,07:50,0700 Hours,District 6 (East Central),CEDAR RAPIDS,LINN,IA 922,IA 922/1ST AVE E,Collision with:  Vehicle in traffic,On Roadway,Rear-end (front to rear),Driving too fast for conditions,None Indicated,,Daylight,Ice/frost,Clear,"Surface condition (e.g., wet, icy)",Non-intersection:  Non-junction/no special feature,Paved,,Possible/Unknown,0,1,0,0,1,0,2000,2,3,,POINT (-91.659560189136 41.983957510292)
2014784398,20140003376,02/06/2014,02-February,5-Thursday,16:40,1600 Hours,District 1 (Central),DES MOINES,POLK,,HUBBELL AVE,Collision with:  Vehicle in traffic,On Roadway,Rear-end (front to rear),Swerving/Evasive Action,None Indicated,,Dusk,Wet,Clear,None apparent,Non-intersection:  Non-junction/no special feature,Paved,,Property Damage Only,0,0,0,0,0,0,10000,2,4,,POINT (-93.563391024843 41.619117922175)
2014796115,1-14-000052,02/06/2014,02-February,5-Thursday,19:51,1900 Hours,District 4 (Southwest),,SHELBY,,Co Rd M47/ROAD M47,Collision with:  Animal,,,Animal,None Indicated,,,,,,,Paved,,Property Damage Only,0,0,0,0,0,0,5000,1,1,,POINT (-95.212194483403 41.590896338454)
2014785161,2014008886,02/06/2014,02-February,5-Thursday,13:46,1300 Hours,District 2 (Northeast),,CLAYTON,US 18,US 18,Non-collision events:  Overturn/rollover,Outside trafficway,Non-collision (single vehicle),Ran off road - right,None Indicated,,Daylight,Dry,Clear,None apparent,Non-intersection:  Non-junction/no special feature,Paved,,Property Damage Only,0,0,0,0,0,0,5000,1,1,,POINT (-91.512772853077 43.064754606373)
2014783946,2014-8187,02/06/2014,02-February,5-Thursday,10:16,1000 Hours,District 6 (East Central),DAVENPORT,SCOTT,,CALVIN ST,Collision with:  Parked motor vehicle,On Roadway,Rear-end (front to rear),Driving too fast for conditions,None Indicated,,Daylight,Snow,Clear,"Surface condition (e.g., wet, icy)",Non-intersection:  Non-junction/no special feature,Paved,,Property Damage Only,0,0,0,0,0,0,1600,2,1,,POINT (-90.636246165053 41.533038588158)
2014789276,2014-02393,02/06/2014,02-February,5-Thursday,19:29,1900 Hours,District 5 (Southeast),,WARREN,IA 92,IA 92/IOWA 92,Collision with:  Animal,On Roadway,Non-collision (single vehicle),Animal,None Indicated,,Dark - roadway not lighted,Dry,Clear,None apparent,Non-intersection:  Non-junction/no special feature,Paved,,Major Injury,0,1,1,0,0,0,5000,1,1,,POINT (-93.418049103521 41.372358263686)
2014785730,,02/06/2014,02-February,5-Thursday,22:24,2200 Hours,District 2 (Northeast),CHARLES CITY,FLOYD,US 18,US 18/BRANTINGHAM ST & CLARK ST,Collision with:  Vehicle in traffic,On Roadway,Rear-end (front to rear),Driving too fast for conditions,None Indicated,,Dark - roadway lighted,Ice/frost,Clear,None apparent,Intersection:  Four-way intersection,Paved,,Property Damage Only,0,0,0,0,0,0,4000,2,3,,POINT (-92.674694455446 43.06537532402)
2014783664,14-0638,02/06/2014,02-February,5-Thursday,08:47,0800 Hours,District 1 (Central),WEST DES MOINES,POLK,I-80,I-80,Collision with:  Vehicle in traffic,On Roadway,"Sideswipe, same direction",Driving too fast for conditions,None Indicated,,Daylight,Ice/frost,Clear,"Surface condition (e.g., wet, icy)",Non-intersection:  Non-junction/no special feature,Paved,,Property Damage Only,0,0,0,0,0,0,6000,2,2,,POINT (-93.781094346605 41.592192358755)
2014783653,20140003328,02/06/2014,02-February,5-Thursday,08:35,0800 Hours,District 1 (Central),DES MOINES,POLK,,MULBERRY ST & 8TH ST,Collision with:  Vehicle in traffic,On Roadway,Broadside (front to side),Ran Traffic Signal,None Indicated,,Daylight,Wet,Clear,None apparent,Intersection:  Other intersection (explain in narrative),Paved,,Property Damage Only,0,0,0,0,0,0,6500,2,2,,POINT (-93.626709912598 41.584526665139)