Iowa DOT Case Number,Law Enforcement Case Number,Date of Crash,Month of Crash,Day of Week,Time of Crash,Hour,DOT District,City Name,County Name,Route with System,Location Description,First Harmful Event,Location of First Harmful Event,Manner of Crash/Collision,Major Cause,Drug or Alcohol ,Environmental Conditions,Light Conditions,Surface Conditions,Weather Conditions,Roadway Contribution,Roadway Type,Roadway Surface,Work Zone,Crash Severity,Number of Fatalities,Number of Injuries,Number of Major Injuries,Number of Minor Injuries,Number of Possible Injuries,Number of Unknown Injuries,Amount of Property Damage,Number of Vehicles Involved,Total Number of Occupants,Travel Direction,Location
2014784097,14012251,02/06/2014,02-February,5-Thursday,07:40,0700 Hours,District 2 (Northeast),CEDAR FALLS,BLACK HAWK,IA 57,IA 57/1ST ST,Collision with:  Vehicle in traffic,On Roadway,Rear-end (front to rear),Unknown,None Indicated,,Daylight,Ice/frost,Clear,"Surface condition (e.g., wet, icy)",Non-intersection:  Other non-intersection (explain in narrative),Paved,,Property Damage Only,0,0,0,0,0,0,1500,2,2,,POINT (-92.442440333565 42.537773296011)
2014784007,14-0371,02/06/2014,02-February,5-Thursday,08:30,0800 Hours,District 1 (Central),FORT DODGE,WEBSTER,,2ND AVE S & S 16TH ST,Collision with:  Vehicle in traffic,On Roadway,Broadside (front to side),FTYROW:  From yield sign,None Indicated,,Daylight,Ice/frost,Clear,None apparent,Intersection:  Four-way intersection,Paved,,Property Damage Only,0,0,0,0,0,0,8000,2,2,,POINT (-94.17632044301 42.504093616474)
2014784210,01-14-5347,02/06/2014,02-February,5-Thursday,15:15,1500 Hours,District 6 (East Central),DUBUQUE,DUBUQUE,,FRONTAGE RD & CEDAR CROSS RD,Collision with:  Vehicle in traffic,On Roadway,"Angle, oncoming left turn",FTYROW:  Making left turn,None Indicated,,Daylight,Dry,Clear,None apparent,Intersection:  T-intersection,Paved,,Property Damage Only,0,0,0,0,0,0,5600,2,2,,POINT (-90.714734186515 42.491942939231)
2014784979,P14-001516,02/06/2014,02-February,5-Thursday,07:59,0700 Hours,District 1 (Central),WEBSTER CITY,HAMILTON,,OHIO ST & SUPERIOR ST,Collision with:  Vehicle in traffic,On Roadway,Head-on (front to front),FTYROW:  Making left turn,None Indicated,,Daylight,Snow,Cloudy,"Surface condition (e.g., wet, icy)",Intersection:  Four-way intersection,Paved,,Property Damage Only,0,0,0,0,0,0,10000,2,2,,POINT (-93.815869870436 42.459802081686)
2014784459,20140003386,02/06/2014,02-February,5-Thursday,16:42,1600 Hours,District 1 (Central),DES MOINES,POLK,,BELL AVE & FLEUR DR,Collision with:  Vehicle in traffic,On Roadway,Rear-end (front to rear),Followed too close,None Indicated,,Dusk,Snow,Cloudy,Unknown,Intersection:  Four-way intersection,Paved,,Property Damage Only,0,0,0,0,0,0,1700,2,2,,POINT (-93.645028402384 41.56274485456)
2014783771,14012267,02/06/2014,02-February,5-Thursday,07:40,0700 Hours,District 2 (Northeast),CEDAR FALLS,BLACK HAWK,IA 57,IA 57/1ST ST,Collision with:  Vehicle in traffic,On Roadway,"Sideswipe, same direction",Swerving/Evasive Action,None Indicated,,Daylight,Ice/frost,Clear,"Surface condition (e.g., wet, icy)",Non-intersection:  Other non-intersection (explain in narrative),Paved,,Property Damage Only,0,0,0,0,0,0,1500,2,3,,POINT (-92.442440333565 42.537773296011)
2014784991,2014001380,02/06/2014,02-February,5-Thursday,19:38,1900 Hours,District 6 (East Central),IOWA CITY,JOHNSON,,W MARKET ST & N MADISON ST,Collision with:  Vehicle in traffic,On Roadway,"Sideswipe, same direction",Driving too fast for conditions,None Indicated,,Dark - roadway lighted,Snow,Clear,"Surface condition (e.g., wet, icy)",Non-intersection:  Non-junction/no special feature,Paved,,Property Damage Only,0,0,0,0,0,0,4500,2,1,,POINT (-91.537670377246 41.663590071347)
2014783652,20140003317,02/06/2014,02-February,5-Thursday,07:00,0700 Hours,District 1 (Central),DES MOINES,POLK,,BANCROFT ST & SW 9TH ST,Collision with:  Vehicle in traffic,On Roadway,Rear-end (front to rear),Other (explain in narrative):  Other,None Indicated,,Daylight,Dry,Cloudy,"Surface condition (e.g., wet, icy)",Intersection:  Other intersection (explain in narrative),Paved,,Property Damage Only,0,0,0,0,0,0,4500,2,2,,POINT (-93.622815221836 41.569992082672)
2014784011,14-3681,02/06/2014,02-February,5-Thursday,12:16,1200 Hours,District 3 (Northwest),SIOUX CITY,WOODBURY,,LINCOLN WAY & S PAXTON ST,Collision with fixed object:  Tree,Roadside,Non-collision (single vehicle),Over correcting/over steering,None Indicated,,Daylight,Slush,Cloudy,"Surface condition (e.g., wet, icy)",Intersection:  T-intersection,Paved,,Minor Injury,0,2,0,2,0,0,10000,1,2,,POINT (-96.365818391241 42.455422516537)
2014784111,W14-012393,02/06/2014,02-February,5-Thursday,17:46,1700 Hours,District 2 (Northeast),WATERLOO,BLACK HAWK,,FLAMMANG DR & FRONTAGE RD,Collision with:  Vehicle in traffic,On Roadway,Broadside (front to side),FTYROW:  From stop sign,None Indicated,,Dark - roadway lighted,Dry,Clear,Other (explain in narrative),Intersection:  Four-way intersection,Paved,,Property Damage Only,0,0,0,0,0,0,5000,2,2,,POINT (-92.33149161529 42.460981456033)
2014784221,02-14-2246,02/06/2014,02-February,5-Thursday,08:54,0800 Hours,District 6 (East Central),,DUBUQUE,,Co Rd D53/HAXBYLANE RD,Non-collision events:  Other non-collision (explain in narrative),On Roadway,"Sideswipe, same direction",Unknown,None Indicated,,Daylight,Dry,Clear,None apparent,Non-intersection:  Non-junction/no special feature,Paved,,Property Damage Only,0,0,0,0,0,0,5000,2,3,,POINT (-90.67553526316 42.338495789894)
2014784874,,02/06/2014,02-February,5-Thursday,13:20,1300 Hours,District 6 (East Central),DE WITT,CLINTON,,3RD ST & 11TH AVE,Collision with fixed object:  Other fixed object (explain in narrative),Shoulder,Non-collision (single vehicle),Ran off road - right,None Indicated,,Daylight,Snow,Clear,"Surface condition (e.g., wet, icy)",Intersection:  T-intersection,Paved,,Property Damage Only,0,0,0,0,0,0,7000,1,1,,POINT (-90.546257413365 41.818054437026)
2014783850,2014001349,02/06/2014,02-February,5-Thursday,09:41,0900 Hours,District 6 (East Central),IOWA CITY,JOHNSON,,E MARKET ST & JOHNSON ST,Collision with:  Vehicle in traffic,On Roadway,"Sideswipe, same direction",Made improper turn,None Indicated,,Daylight,Snow,Clear,None apparent,Intersection:  T-intersection,Paved,,Property Damage Only,0,0,0,0,0,0,15000,2,3,,POINT (-91.527209818145 41.663537543644)
2014783971,2014-8171,02/06/2014,02-February,5-Thursday,08:49,0800 Hours,District 6 (East Central),DAVENPORT,SCOTT,,W LOCUST ST & N ELSIE AVE,Collision with:  Vehicle in traffic,On Roadway,Broadside (front to side),Ran off road - right,None Indicated,,Daylight,Snow,Clear,"Surface condition (e.g., wet, icy)",Intersection:  T-intersection,Paved,,Property Damage Only,0,0,0,0,0,0,1900,2,2,,POINT (-90.625211162838 41.538160947322)
2014784284,2014001364,02/06/2014,02-February,5-Thursday,15:05,1500 Hours,District 6 (East Central),IOWA CITY,JOHNSON,US 6,US 6,Collision with:  Vehicle in traffic,On Roadway,Rear-end (front to rear),Driving too fast for conditions,None Indicated,,Daylight,Slush,Clear,None apparent,Intersection:  Four-way intersection,Paved,,Property Damage Only,0,0,0,0,0,0,3000,2,3,,POINT (-91.557893967643 41.665890197435)
2014784366,02-14-033,02/06/2014,02-February,5-Thursday,15:30,1500 Hours,District 3 (Northwest),LE MARS,PLYMOUTH,,CENTRAL AVE,Collision with:  Vehicle in traffic,On Roadway,Broadside (front to side),Other (explain in narrative):  Other,None Indicated,,Daylight,Ice/frost,Cloudy,None apparent,Non-intersection:  Driveway access (within),Paved,,Property Damage Only,0,0,0,0,0,0,2500,2,5,,POINT (-96.166468707265 42.775673480115)
2014785021,201400364,02/06/2014,02-February,5-Thursday,13:19,1300 Hours,District 6 (East Central),CEDAR RAPIDS,LINN,IA 922,IA 922/1ST AVE W & 5TH ST SW,Collision with:  Vehicle in traffic,On Roadway,"Angle, oncoming left turn",Made improper turn,None Indicated,,Daylight,Wet,Clear,None apparent,Intersection:  Four-way intersection,Paved,,Possible/Unknown,0,1,0,0,1,0,6500,2,3,,POINT (-91.678207670455 41.974753024751)
2014783894,20140003400,02/06/2014,02-February,5-Thursday,20:02,2000 Hours,District 1 (Central),DES MOINES,POLK,,COLLEGE AVE & 6TH AVE,Collision with:  Vehicle in traffic,On Roadway,"Angle, oncoming left turn",Made improper turn,None Indicated,,Dark - roadway lighted,Dry,Clear,None apparent,Non-intersection:  Non-junction/no special feature,Paved,,Property Damage Only,0,0,0,0,0,0,3500,2,2,,POINT (-93.62576999703 41.607698401493)
2014783938,14-004907,02/06/2014,02-February,5-Thursday,16:50,1600 Hours,District 4 (Southwest),COUNCIL BLUFFS,POTTAWATTAMIE,,9TH AVE & BLUFF ST,Collision with:  Vehicle in traffic,On Roadway,Rear-end (front to rear),Followed too close,None Indicated,,Daylight,"Mud, dirt",Clear,None apparent,Non-intersection:  Non-junction/no special feature,Paved,,Property Damage Only,0,0,0,0,0,0,1950,3,3,,POINT (-95.849605498193 41.253399288958)
2014785643,2014-8190,02/06/2014,02-February,5-Thursday,10:24,1000 Hours,District 6 (East Central),DAVENPORT,SCOTT,,W CENTRAL PARK AVE & N MICHIGAN AVE,Collision with:  Vehicle in traffic,On Roadway,Broadside (front to side),Ran Stop Sign,None Indicated,,Daylight,Snow,Clear,None apparent,Intersection:  Four-way intersection,Paved,,Property Damage Only,0,0,0,0,0,0,7000,2,2,,POINT (-90.627331500533 41.545409895595)
2014784645,2014008735,02/06/2014,02-February,5-Thursday,07:33,0700 Hours,District 1 (Central),CLIVE,POLK,I-35,I-35,Collision with:  Vehicle in traffic,On Roadway,"Sideswipe, same direction",Swerving/Evasive Action,None Indicated,,Daylight,Ice/frost,"Blowing sand, soil, dirt","Surface condition (e.g., wet, icy)",Intersection:  Intersection with ramp,Paved,,Property Damage Only,0,0,0,0,0,0,7500,2,2,,POINT (-93.776820178495 41.6179728737)
2014785453,S14-012254,02/06/2014,02-February,5-Thursday,06:00,0600 Hours,District 2 (Northeast),,BLACK HAWK,,W GRESHAM RD,Collision with fixed object:  Ditch,,,Lost Control,None Indicated,,,,,,,Unpaved,,Property Damage Only,0,0,0,0,0,0,2000,1,1,,POINT (-92.422251823188 42.62860393472)
2014783777,W14-012355,02/06/2014,02-February,5-Thursday,15:40,1500 Hours,District 2 (Northeast),WATERLOO,BLACK HAWK,,SUMNER ST & MOBILE ST,Collision with:  Vehicle in traffic,On Roadway,Broadside (front to side),Ran Stop Sign,None Indicated,,Daylight,Snow,Rain,None apparent,Intersection:  Four-way intersection,Paved,,Property Damage Only,0,0,0,0,0,0,2300,2,4,,POINT (-92.322808408957 42.508265217902)
2014783820,14-04175,02/06/2014,02-February,5-Thursday,19:43,1900 Hours,District 5 (Southeast),BURLINGTON,DES MOINES,US 61,US 61,Collision with:  Vehicle in traffic,On Roadway,Broadside (front to side),Ran Stop Sign,Alcohol (Statutory),,Dark - roadway lighted,Snow,Clear,None apparent,Intersection:  Other intersection (explain in narrative),Paved,,Minor Injury,0,1,0,1,0,0,4000,2,2,,POINT (-91.141396469881 40.822091660242)
2014783863,14002510,02/06/2014,02-February,5-Thursday,12:07,1200 Hours,District 6 (East Central),MARION,LINN,,BOYSON RD & ALBURNETT RD,Collision with:  Vehicle in traffic,On Roadway,Broadside (front to side),Unknown,None Indicated,,Daylight,"Mud, dirt",Clear,None apparent,Intersection:  Five points or more,Paved,,Minor Injury,0,1,0,1,0,0,8000,2,2,,POINT (-91.61043398544 42.043679911472)
2014783993,14-000569,02/06/2014,02-February,5-Thursday,15:57,1500 Hours,District 1 (Central),AMES,STORY,US 69,US 69/GRAND AVE & 30TH ST & DUFF AVE,Collision with:  Vehicle in traffic,On Roadway,Rear-end (front to rear),Driving too fast for conditions,None Indicated,,Daylight,Snow,Clear,"Surface condition (e.g., wet, icy)",Intersection:  Four-way intersection,Paved,,Possible/Unknown,0,1,0,0,0,1,2800,2,2,,POINT (-93.620582036023 42.05121612507)
2014783738,14-3661,02/06/2014,02-February,5-Thursday,07:36,0700 Hours,District 3 (Northwest),SIOUX CITY,WOODBURY,,ISABELLA ST,Collision with:  Vehicle in traffic,On Roadway,Broadside (front to side),Ran Stop Sign,None Indicated,,Daylight,Dry,Clear,None apparent,Intersection:  Four-way intersection,Paved,,Property Damage Only,0,0,0,0,0,0,6500,2,2,,POINT (-96.424168445182 42.516597511393)
2014807882,CP14-0112,02/06/2014,02-February,5-Thursday,18:56,1800 Hours,District 2 (Northeast),CLARION,WRIGHT,,2ND AVE NE & 1ST ST NE,Collision with:  Vehicle in traffic,On Roadway,Broadside (front to side),FTYROW:  At uncontrolled intersection,None Indicated,,Daylight,Ice/frost,Clear,"Surface condition (e.g., wet, icy)",Intersection:  Other intersection (explain in narrative),Paved,,Property Damage Only,0,0,0,0,0,0,2000,2,4,,POINT (-93.73159148652 42.733512800993)
2014783893,20140003384,02/06/2014,02-February,5-Thursday,17:00,1700 Hours,District 1 (Central),DES MOINES,POLK,US 6,US 6/E EUCLID AVE & E 30TH ST,Collision with:  Vehicle in traffic,On Roadway,Rear-end (front to rear),Driving too fast for conditions,None Indicated,,Daylight,Slush,Clear,None apparent,Intersection:  T-intersection,Paved,,Property Damage Only,0,0,0,0,0,0,6000,2,3,,POINT (-93.556923177278 41.627715294558)
2014785276,14-000866,02/06/2014,02-February,5-Thursday,08:09,0800 Hours,District 2 (Northeast),OELWEIN,FAYETTE,,4TH ST SW & 6TH AVE SW,Collision with:  Vehicle in traffic,On Roadway,"Angle, oncoming left turn",Other (explain in narrative):  Vision obstructed,None Indicated,,Daylight,Snow,Clear,None apparent,Intersection:  Four-way intersection,Paved,,Minor Injury,0,1,0,1,0,0,5500,2,2,,POINT (-91.923394120424 42.672794170501)
2014786126,,02/06/2014,02-February,5-Thursday,15:34,1500 Hours,District 4 (Southwest),MOUNT AYR,RINGGOLD,,E JEFFERSON ST & N HAYES ST,Collision with:  Vehicle in traffic,On Roadway,Head-on (front to front),FTYROW:  From stop sign,None Indicated,,Daylight,Ice/frost,Clear,"Surface condition (e.g., wet, icy)",Intersection:  Four-way intersection,Paved,,Possible/Unknown,0,1,0,0,1,0,9000,2,7,,POINT (-94.233140477488 40.716699675894)
2014783969,2014-8160,02/06/2014,02-February,5-Thursday,07:47,0700 Hours,District 6 (East Central),DAVENPORT,SCOTT,,IA 461/BRADY ST & W 15TH ST,Collision with:  Vehicle in traffic,On Roadway,"Sideswipe, same direction",Lost Control,None Indicated,,Daylight,Dry,Clear,None apparent,Non-intersection:  Non-junction/no special feature,Paved,,Property Damage Only,0,0,0,0,0,0,3000,2,4,,POINT (-90.574040637763 41.534885668172)
2014784206,01-14-5282,02/06/2014,02-February,5-Thursday,07:36,0700 Hours,District 6 (East Central),DUBUQUE,DUBUQUE,,E 22ND ST,Collision with:  Vehicle in traffic,On Roadway,Rear-end (front to rear),Lost Control,None Indicated,,Daylight,Dry,Clear,None apparent,Non-intersection:  Non-junction/no special feature,Paved,,Property Damage Only,0,0,0,0,0,0,4500,3,5,,POINT (-90.670312715039 42.513786289841)
2014784207,01-14-5288,02/06/2014,02-February,5-Thursday,08:02,0800 Hours,District 6 (East Central),DUBUQUE,DUBUQUE,,ASBURY RD,Collision with:  Parked motor vehicle,On Roadway,Rear-end (front to rear),Lost Control,None Indicated,,Daylight,Dry,Clear,None apparent,Non-intersection:  Non-junction/no special feature,Paved,,Property Damage Only,0,0,0,0,0,0,6000,2,1,,POINT (-90.717715128241 42.511012437851)
2014783921,14-0262,02/06/2014,02-February,5-Thursday,08:20,0800 Hours,District 1 (Central),URBANDALE,POLK,,BIRCHWOOD CT & NW 86TH ST & NORTHPARK DR,Collision with:  Vehicle in traffic,On Roadway,Rear-end (front to rear),Driving too fast for conditions,None Indicated,,Daylight,Ice/frost,Clear,"Surface condition (e.g., wet, icy)",Intersection:  Four-way intersection,Paved,,Property Damage Only,0,0,0,0,0,0,8000,2,2,,POINT (-93.736436526199 41.655474236504)
2014783852,2014001359,02/06/2014,02-February,5-Thursday,12:05,1200 Hours,District 6 (East Central),IOWA CITY,JOHNSON,,WESTWINDS DR,Collision with fixed object:  Traffic sign support,Roadside,Non-collision (single vehicle),Driving too fast for conditions,None Indicated,,Daylight,Ice/frost,Cloudy,"Surface condition (e.g., wet, icy)",Intersection:  T-intersection,Paved,,Property Damage Only,0,0,0,0,0,0,1650,1,2,,POINT (-91.577573695688 41.656948469401)
2014785023,201400370,02/06/2014,02-February,5-Thursday,21:45,2100 Hours,District 6 (East Central),,LINN,,Co Rd E34/FEATHER RIDGE RD,Collision with:  Animal,,,Animal,None Indicated,,,,,,,Paved,,Property Damage Only,0,0,0,0,0,0,2500,1,1,,POINT (-91.740709280464 42.096870765131)
2014784722,1400248,02/06/2014,02-February,5-Thursday,10:03,1000 Hours,District 5 (Southeast),BLOOMFIELD,DAVIS,,ARKANSAS AVE,Collision with:  Vehicle in traffic,On Roadway,Broadside (front to side),FTYROW:  From driveway,None Indicated,,Daylight,Snow,Clear,"Surface condition (e.g., wet, icy)",Non-intersection:  Driveway access (within),Paved,,Property Damage Only,0,0,0,0,0,0,4400,2,3,,POINT (-92.411980204742 40.756562097255)
2014783897,20140003379,02/06/2014,02-February,5-Thursday,16:46,1600 Hours,District 1 (Central),DES MOINES,POLK,US 69,US 69/SE 14TH ST,Collision with:  Vehicle in traffic,On Roadway,"Sideswipe, same direction",Swerving/Evasive Action,None Indicated,,Daylight,Dry,Clear,None apparent,Non-intersection:  Non-junction/no special feature,Paved,,Property Damage Only,0,0,0,0,0,0,3500,4,6,,POINT (-93.596843362691 41.54866543317)
2014784656,2014008893,02/06/2014,02-February,5-Thursday,14:39,1400 Hours,District 1 (Central),DES MOINES,POLK,I-35,I-35,Collision with:  Vehicle in traffic,On Roadway,"Sideswipe, same direction",Improper or erratic lane changing,None Indicated,,Daylight,Dry,Clear,None apparent,Non-intersection:  Non-junction/no special feature,Paved,,Possible/Unknown,0,1,0,0,1,0,8000,2,2,,POINT (-93.626582464657 41.649478320534)
2014783898,20140003387,02/06/2014,02-February,5-Thursday,17:24,1700 Hours,District 1 (Central),DES MOINES,POLK,,E PARK AVE & INDIANOLA AVE,Collision with:  Vehicle in traffic,On Roadway,Rear-end (front to rear),Driving too fast for conditions,None Indicated,,Daylight,Wet,Cloudy,None apparent,Intersection:  Four-way intersection,Paved,,Property Damage Only,0,0,0,0,0,0,4500,2,2,,POINT (-93.598823392364 41.555338564347)
2014783892,20140003372,02/06/2014,02-February,5-Thursday,15:05,1500 Hours,District 1 (Central),DES MOINES,POLK,,HUBBELL FRONTAGE RD & E 37TH ST,Collision with:  Vehicle in traffic,On Roadway,Head-on (front to front),FTYROW:  Making left turn,None Indicated,,Daylight,Slush,Clear,None apparent,Intersection:  T-intersection,Paved,,Property Damage Only,0,0,0,0,0,0,6500,2,2,,POINT (-93.544759682926 41.628845436809)
2014784569,14-001314,02/06/2014,02-February,5-Thursday,09:38,0900 Hours,District 1 (Central),,TAMA,US 30,US 30 & Co Rd T47/HWY T47 & C AVE,Collision with:  Vehicle in traffic,Outside trafficway,Broadside (front to side),Driving too fast for conditions,None Indicated,,Daylight,Ice/frost,Clear,"Surface condition (e.g., wet, icy)",Intersection:  Four-way intersection,Paved,,Minor Injury,0,1,0,1,0,0,10000,2,4,,POINT (-92.729818778948 42.005066006903)
2014784547,2014-8280,02/06/2014,02-February,5-Thursday,17:22,1700 Hours,District 6 (East Central),DAVENPORT,SCOTT,I-80,I-80 & US 61/BRADY ST & IA 461,Collision with:  Vehicle in traffic,On Roadway,Rear-end (front to rear),Followed too close,None Indicated,,Daylight,Dry,Cloudy,None apparent,Non-intersection:  Other non-intersection (explain in narrative),Paved,,Property Damage Only,0,0,0,0,0,0,9000,3,9,,POINT (-90.570113003106 41.596199113297)
2014783786,14-1261,02/06/2014,02-February,5-Thursday,08:30,0800 Hours,District 3 (Northwest),CARROLL,CARROLL,,7TH ST & GRANT RD,Collision with:  Vehicle in traffic,On Roadway,Broadside (front to side),FTYROW:  From stop sign,None Indicated,,Daylight,Dry,Clear,None apparent,Intersection:  Four-way intersection,Paved,,Property Damage Only,0,0,0,0,0,0,2000,2,2,,POINT (-94.859274810149 42.064886333599)
2014783927,14-0650,02/06/2014,02-February,5-Thursday,17:09,1700 Hours,District 4 (Southwest),WEST DES MOINES,DALLAS,,S 68TH ST & STAGECOACH DR,Collision with:  Vehicle in traffic,On Roadway,"Sideswipe, same direction",Followed too close,None Indicated,,Daylight,Snow,Cloudy,"Surface condition (e.g., wet, icy)",Intersection:  T-intersection,Paved,,Property Damage Only,0,0,0,0,0,0,2500,2,2,,POINT (-93.799211442503 41.556165017293)
2014786139,,02/06/2014,02-February,5-Thursday,10:42,1000 Hours,District 5 (Southeast),LAMONI,DECATUR,,COLLEGE AVE,Collision with:  Parked motor vehicle,Shoulder,Rear-end (front to rear),Driving too fast for conditions,None Indicated,,Daylight,Ice/frost,Other (explain in narrative),None apparent,Non-intersection:  Non-junction/no special feature,Paved,,Property Damage Only,0,0,0,0,0,0,5500,2,1,,POINT (-93.927920227329 40.61873300693)
2014784211,01-14-5360,02/06/2014,02-February,5-Thursday,15:57,1500 Hours,District 6 (East Central),DUBUQUE,DUBUQUE,,BRUNSKILL RD,Collision with:  Vehicle in traffic,On Roadway,Rear-end (front to rear),Lost Control,None Indicated,,Daylight,Wet,Clear,None apparent,Non-intersection:  Non-junction/no special feature,Paved,,Property Damage Only,0,0,0,0,0,0,2000,2,3,,POINT (-90.711714785666 42.492323919868)
2014784186,2014-0459,02/06/2014,02-February,5-Thursday,15:32,1500 Hours,District 4 (Southwest),CLIVE,DALLAS,,V AVE & MEREDITH DR,Collision with:  Vehicle in traffic,On Roadway,Broadside (front to side),Ran Stop Sign,None Indicated,,Daylight,Snow,Clear,None apparent,Intersection:  Four-way intersection,Unpaved,,Minor Injury,0,1,0,1,0,0,20000,2,2,,POINT (-93.872219897532 41.643760546275)
2014794058,,02/06/2014,02-February,5-Thursday,11:49,1100 Hours,District 4 (Southwest),,PAGE,US 71,US 71 & Co Rd J35/210 ST & Co Rd JO35,Collision with fixed object:  Utility pole/light support,Unknown,Unknown,Unknown,None Indicated,,Unknown,Unknown,Unknown,Unknown,Unknown,Paved,,Possible/Unknown,0,1,0,0,0,1,1540,1,1,,POINT (-95.005657116418 40.739260844103)
2014785556,A14-008,02/06/2014,02-February,5-Thursday,10:30,1000 Hours,District 4 (Southwest),WINTERSET,MADISON,,W SUMMIT ST & S 8TH AVE,Collision with:  Vehicle in traffic,On Roadway,Broadside (front to side),Ran Stop Sign,None Indicated,,Daylight,Ice/frost,Clear,"Surface condition (e.g., wet, icy)",Intersection:  T-intersection,Paved,,Property Damage Only,0,0,0,0,0,0,2000,2,2,,POINT (-94.022992746634 41.330234526929)
2014783895,20140003335,02/06/2014,02-February,5-Thursday,09:38,0900 Hours,District 1 (Central),DES MOINES,POLK,,FRONTAGE RD,Collision with:  Vehicle in traffic,On Roadway,Rear-end (front to rear),Followed too close,None Indicated,,Daylight,Dry,Clear,None apparent,Intersection:  T-intersection,Paved,,Property Damage Only,0,0,0,0,0,0,6000,2,2,,POINT (-93.697385216819 41.644837190248)
2014784825,14-2258,02/06/2014,02-February,5-Thursday,08:02,0800 Hours,District 6 (East Central),BETTENDORF,SCOTT,I-74,I-74,Collision with:  Vehicle in traffic,On Roadway,Rear-end (front to rear),Driving too fast for conditions,None Indicated,,Daylight,Other (explain in narrative),Cloudy,"Surface condition (e.g., wet, icy)",Non-intersection:  Other non-intersection (explain in narrative),Paved,,Property Damage Only,0,0,0,0,0,0,11000,2,5,,POINT (-90.514501844172 41.529929889825)
2014783514,W14-012272,02/06/2014,02-February,5-Thursday,08:35,0800 Hours,District 2 (Northeast),WATERLOO,BLACK HAWK,,LAFAYETTE ST & E 5TH ST,Collision with:  Vehicle in traffic,On Roadway,"Sideswipe, same direction",Unknown,None Indicated,,Daylight,Ice/frost,Clear,None apparent,Intersection:  Four-way intersection,Paved,,Property Damage Only,0,0,0,0,0,0,4000,2,4,,POINT (-92.333965906971 42.498343150693)
2014783940,14-004972,02/06/2014,02-February,5-Thursday,21:00,2100 Hours,District 4 (Southwest),COUNCIL BLUFFS,POTTAWATTAMIE,,AVE G,Collision with:  Parked motor vehicle,On Roadway,"Sideswipe, same direction",Other (explain in narrative):  Other,Refused,,Dark - roadway lighted,Slush,Cloudy,None apparent,Non-intersection:  Non-junction/no special feature,Paved,,Property Damage Only,0,0,0,0,0,0,5500,2,2,,POINT (-95.897886089145 41.268116413276)
2014785705,2014008907,02/06/2014,02-February,5-Thursday,15:15,1500 Hours,District 3 (Northwest),,LYON,,Co Rd A10/100TH ST,Collision with:  Vehicle in traffic,On Roadway,"Sideswipe, same direction",Other (explain in narrative):  Other,None Indicated,,Daylight,Dry,Clear,None apparent,Non-intersection:  Driveway access (within),Paved,,Property Damage Only,0,0,0,0,0,0,3100,2,3,,POINT (-96.490021769634 43.500391626333)
2014784277,C14000404,02/06/2014,02-February,5-Thursday,14:49,1400 Hours,District 6 (East Central),CORALVILLE,JOHNSON,US 6,US 6/2ND ST & 12TH AVE,Collision with:  Vehicle in traffic,On Roadway,Rear-end (front to rear),Other (explain in narrative):  Other,None Indicated,,Daylight,Wet,Clear,None apparent,Intersection:  T-intersection,Paved,,Property Damage Only,0,0,0,0,0,0,15000,2,3,,POINT (-91.581775912494 41.674518764256)
2014784333,14002533,02/06/2014,02-February,5-Thursday,17:52,1700 Hours,District 6 (East Central),MARION,LINN,,10TH AVE & CENTRAL AVE & 10TH ST,Collision with:  Vehicle in traffic,On Roadway,Broadside (front to side),Ran Traffic Signal,None Indicated,,Dark - roadway lighted,Wet,Clear,None apparent,Intersection:  Four-way intersection,Paved,,Property Damage Only,0,0,0,0,0,0,2500,2,4,,POINT (-91.599311449026 42.036276588049)
2014783531,14-04126,02/06/2014,02-February,5-Thursday,12:28,1200 Hours,District 5 (Southeast),BURLINGTON,DES MOINES,,SUNRISE LN & DIVISION ST,Collision with:  Vehicle in traffic,On Roadway,Rear-end (front to rear),Driving too fast for conditions,None Indicated,,Daylight,Snow,Cloudy,None apparent,Intersection:  T-intersection,Paved,,Property Damage Only,0,0,0,0,0,0,6000,2,2,,POINT (-91.131818629469 40.807614478319)
2014783651,20140003314,02/06/2014,02-February,5-Thursday,06:16,0600 Hours,District 1 (Central),DES MOINES,POLK,I-235,I-235,Collision with fixed object:  Curb/island/raised median,On Roadway,Non-collision (single vehicle),Ran off road - straight,None Indicated,,Dark - roadway lighted,Ice/frost,Clear,"Surface condition (e.g., wet, icy)",Non-intersection:  Non-junction/no special feature,Paved,,Property Damage Only,0,0,0,0,0,0,4000,1,1,,POINT (-93.585554119823 41.601082789813)
2014785025,201400369,02/06/2014,02-February,5-Thursday,18:40,1800 Hours,District 6 (East Central),,LINN,,Co Rd W6E/ELY RD,Collision with:  Animal,,,Animal,None Indicated,,,,,,,Paved,,Property Damage Only,0,0,0,0,0,0,3000,1,1,,POINT (-91.599285905363 41.888156409757)
2014784008,14-0376,02/06/2014,02-February,5-Thursday,15:00,1500 Hours,District 1 (Central),FORT DODGE,WEBSTER,,1ST AVE S & S 16TH ST,Collision with:  Vehicle in traffic,On Roadway,Broadside (front to side),FTYROW:  From stop sign,None Indicated,,Daylight,Slush,Cloudy,None apparent,Intersection:  Four-way intersection,Paved,,Possible/Unknown,0,2,0,0,2,0,5000,2,3,,POINT (-94.176327351975 42.505111190137)