Iowa DOT Case Number,Law Enforcement Case Number,Date of Crash,Month of Crash,Day of Week,Time of Crash,Hour,DOT District,City Name,County Name,Route with System,Location Description,First Harmful Event,Location of First Harmful Event,Manner of Crash/Collision,Major Cause,Drug or Alcohol ,Environmental Conditions,Light Conditions,Surface Conditions,Weather Conditions,Roadway Contribution,Roadway Type,Roadway Surface,Work Zone,Crash Severity,Number of Fatalities,Number of Injuries,Number of Major Injuries,Number of Minor Injuries,Number of Possible Injuries,Number of Unknown Injuries,Amount of Property Damage,Number of Vehicles Involved,Total Number of Occupants,Travel Direction,Location
2014784484,14-0677,02/08/2014,02-February,7-Saturday,06:30,0600 Hours,District 1 (Central),WEST DES MOINES,POLK,,E P TRUE PKWY,Collision with:  Vehicle in traffic,On Roadway,"Angle, oncoming left turn",Crossed centerline (undivided),None Indicated,,Dark - roadway lighted,Snow,Snow,"Surface condition (e.g., wet, icy)",Intersection:  Other intersection (explain in narrative),Paved,,Possible/Unknown,0,1,0,0,1,0,10000,2,2,,POINT (-93.738967849717 41.571105690252)
2014784518,14-005191,02/08/2014,02-February,7-Saturday,09:30,0900 Hours,District 4 (Southwest),COUNCIL BLUFFS,POTTAWATTAMIE,,AVE D,Collision with:  Vehicle in traffic,On Roadway,"Sideswipe, opposite direction",Other (explain in narrative):  No improper action,None Indicated,,Daylight,Snow,Cloudy,None apparent,Non-intersection:  Non-junction/no special feature,Paved,,Property Damage Only,0,0,0,0,0,0,6200,2,2,,POINT (-95.885589933209 41.265381380404)
2014786530,,02/08/2014,02-February,7-Saturday,16:55,1600 Hours,District 2 (Northeast),GUTTENBERG,CLAYTON,,GOETHE ST & 1ST ST,Collision with:  Vehicle in traffic,On Roadway,Broadside (front to side),FTYROW:  From stop sign,None Indicated,,Daylight,Snow,Clear,None apparent,Intersection:  Four-way intersection,Paved,,Property Damage Only,0,0,0,0,0,0,14000,2,5,,POINT (-91.096859684075 42.782944671777)
2014784633,2014009212,02/08/2014,02-February,7-Saturday,09:00,0900 Hours,District 2 (Northeast),,FRANKLIN,I-35,I-35,Collision with:  Vehicle in traffic,On Roadway,Rear-end (front to rear),Driving too fast for conditions,None Indicated,,Daylight,Snow,Snow,None apparent,Non-intersection:  Non-junction/no special feature,Paved,,Minor Injury,0,2,0,1,0,1,22000,2,3,,POINT (-93.458099197047 42.670237488128)
2014785177,2014009262,02/08/2014,02-February,7-Saturday,11:45,1100 Hours,District 6 (East Central),,CEDAR,I-80,I-80,Collision with:  Vehicle in traffic,On Roadway,Rear-end (front to rear),Followed too close,None Indicated,,Daylight,Ice/frost,Snow,None apparent,Non-intersection:  Non-junction/no special feature,Paved,,Property Damage Only,0,0,0,0,0,0,15000,2,4,,POINT (-91.337851321894 41.664124965169)
2014784319,201401910,02/08/2014,02-February,7-Saturday,13:27,1300 Hours,District 6 (East Central),CEDAR RAPIDS,LINN,,GLASS RD NE & OLD ORCHARD RD NE,Collision with:  Vehicle in traffic,On Roadway,"Sideswipe, opposite direction",Lost Control,None Indicated,,Daylight,Snow,Snow,"Surface condition (e.g., wet, icy)",Non-intersection:  Non-junction/no special feature,Paved,,Minor Injury,0,1,0,1,0,0,7000,2,2,,POINT (-91.691645656735 42.018146817915)
2014785785,14001137,02/08/2014,02-February,7-Saturday,11:30,1100 Hours,District 6 (East Central),INDEPENDENCE,BUCHANAN,US 20,US 20,Collision with:  Vehicle in traffic,Outside trafficway,Rear-end (front to rear),Driving too fast for conditions,None Indicated,,Daylight,Snow,Snow,"Surface condition (e.g., wet, icy)",Non-intersection:  Non-junction/no special feature,Paved,,Property Damage Only,0,0,0,0,0,0,10000,2,5,,POINT (-91.888436284786 42.448724209853)
2014784148,1402082811,02/08/2014,02-February,7-Saturday,02:25,0200 Hours,District 6 (East Central),,CLINTON,US 67,US 67 & Co Rd Z36/380 AVE,Collision with fixed object:  Other fixed object (explain in narrative),On Roadway,Non-collision (single vehicle),Ran off road - right,Alcohol (< Statutory),,Dark - roadway not lighted,Dry,Clear,None apparent,Non-intersection:  Non-junction/no special feature,Paved,,Possible/Unknown,0,1,0,0,1,0,9500,1,1,,POINT (-90.354885171558 41.750717931504)
2014784810,14-000159,02/08/2014,02-February,7-Saturday,11:00,1100 Hours,District 1 (Central),JOHNSTON,POLK,,NW 62ND AVE & NW BEAVER DR,Collision with:  Vehicle in traffic,On Roadway,Broadside (front to side),Ran Traffic Signal,None Indicated,,Daylight,Snow,Snow,None apparent,Intersection:  T-intersection,Paved,,Minor Injury,0,2,0,2,0,0,30000,2,2,,POINT (-93.680056219343 41.673250428732)
2014813201,,02/08/2014,02-February,7-Saturday,10:00,1000 Hours,District 2 (Northeast),,CHICKASAW,,Co Rd V56/UNION AVE,Collision with fixed object:  Ditch,Outside trafficway,Non-collision (single vehicle),Crossed centerline (undivided),None Indicated,,Daylight,Snow,Cloudy,"Surface condition (e.g., wet, icy)",Non-intersection:  Non-junction/no special feature,Paved,,Property Damage Only,0,0,0,0,0,0,13000,1,5,,POINT (-92.141021308011 42.916381139393)
2014784998,2014001471,02/08/2014,02-February,7-Saturday,17:56,1700 Hours,District 6 (East Central),IOWA CITY,JOHNSON,,MORMON TREK BLVD & MELROSE AVE,Collision with:  Vehicle in traffic,On Roadway,Rear-end (front to rear),Driving too fast for conditions,None Indicated,,Dusk,Snow,Snow,"Surface condition (e.g., wet, icy)",Intersection:  Four-way intersection,Paved,,Property Damage Only,0,0,0,0,0,0,3500,2,3,,POINT (-91.573898847626 41.656938952074)
2014785648,2014-8698,02/08/2014,02-February,7-Saturday,15:18,1500 Hours,District 6 (East Central),DAVENPORT,SCOTT,,KIRKWOOD BLVD & LE CLAIRE ST,Collision with:  Vehicle in traffic,On Roadway,Broadside (front to side),FTYROW:  Making left turn,None Indicated,,Daylight,Snow,Snow,"Surface condition (e.g., wet, icy)",Intersection:  Four-way intersection,Paved,,Property Damage Only,0,0,0,0,0,0,3500,2,2,,POINT (-90.568215098247 41.536167554792)
2014787334,14-050208-01,02/08/2014,02-February,7-Saturday,08:45,0800 Hours,District 6 (East Central),,IOWA,I-80,I-80,Collision with:  Vehicle in traffic,On Roadway,"Sideswipe, same direction",Swerving/Evasive Action,None Indicated,,Daylight,Snow,Snow,"Surface condition (e.g., wet, icy)",Non-intersection:  Non-junction/no special feature,Paved,,Property Damage Only,0,0,0,0,0,0,1500,2,5,,POINT (-92.249953912141 41.696017200702)
2014785431,AC14-011,02/08/2014,02-February,7-Saturday,15:54,1500 Hours,District 1 (Central),STORY CITY,STORY,,MAPLE ST & PENNSYLVANIA AVE,Collision with:  Vehicle in traffic,On Roadway,Broadside (front to side),FTYROW:  From yield sign,None Indicated,,Daylight,Snow,Clear,"Surface condition (e.g., wet, icy)",Intersection:  Four-way intersection,Paved,,Possible/Unknown,0,1,0,0,1,0,1700,2,6,,POINT (-93.595949364081 42.191423628629)
2014784996,2014001446,02/08/2014,02-February,7-Saturday,01:54,0100 Hours,District 6 (East Central),IOWA CITY,JOHNSON,I-80,I-80 & Co Rd W66/DUBUQUE ST,Collision with fixed object:  Utility pole/light support,On Roadway,Non-collision (single vehicle),Ran off road - right,Alcohol (Statutory),,Dark - roadway lighted,Snow,Snow,"Surface condition (e.g., wet, icy)",Interchange-related:  Off-ramp,Paved,,Minor Injury,0,1,0,1,0,0,2000,1,1,,POINT (-91.540812512374 41.68773230113)
2014786574,14001852,02/08/2014,02-February,7-Saturday,10:28,1000 Hours,District 6 (East Central),TIPTON,CEDAR,IA 38,IA 38/CEDAR ST & 4TH ST,Collision with:  Vehicle in traffic,On Roadway,Broadside (front to side),FTYROW:  From stop sign,None Indicated,,Daylight,Snow,Snow,"Surface condition (e.g., wet, icy)",Intersection:  Four-way intersection,Paved,,Property Damage Only,0,0,0,0,0,0,2000,2,4,,POINT (-91.128400730077 41.768955937549)
2014786118,2014009265,02/08/2014,02-February,7-Saturday,11:39,1100 Hours,District 6 (East Central),,JOHNSON,I-80,I-80,Collision with fixed object:  Traffic sign support,On Roadway,Non-collision (single vehicle),Ran off road - right,None Indicated,,Daylight,Snow,Snow,"Surface condition (e.g., wet, icy)",Non-intersection:  Non-junction/no special feature,Paved,,Property Damage Only,0,0,0,0,0,0,3300,1,1,,POINT (-91.407861609643 41.667169875117)
2014784582,201400006634,02/08/2014,02-February,7-Saturday,23:12,2300 Hours,District 5 (Southeast),OTTUMWA,WAPELLO,US 34,US 34 & N QUINCY AVE,Collision with:  Vehicle in traffic,On Roadway,Head-on (front to front),FTYROW:  Making left turn,None Indicated,,Dark - roadway lighted,Snow,Snow,None apparent,Intersection:  Five points or more,Paved,,Property Damage Only,0,0,0,0,0,0,11500,2,5,,POINT (-92.438524131273 41.018332880247)
2014787106,14-000516,02/08/2014,02-February,7-Saturday,08:10,0800 Hours,District 3 (Northwest),ROCK RAPIDS,LYON,IA 9,IA 9/N 2ND AVE E & N SMITH ST,Collision with:  Other non-fixed object (explain in narrative),Roadside,Non-collision (single vehicle),Driving too fast for conditions,None Indicated,,Daylight,Snow,Snow,"Surface condition (e.g., wet, icy)",Intersection:  Four-way intersection,Paved,,Property Damage Only,0,0,0,0,0,0,5100,1,1,,POINT (-96.162618989848 43.432441892712)
2014784660,2014009353,02/08/2014,02-February,7-Saturday,20:55,2000 Hours,District 4 (Southwest),,DALLAS,I-80,I-80 & OLD PORTLAND RD,Collision with:  Animal,,,Animal,None Indicated,,,,,,,Paved,,Property Damage Only,0,0,0,0,0,0,5000,1,1,,POINT (-93.973777089197 41.544460836567)
2014784278,C14000421,02/08/2014,02-February,7-Saturday,09:53,0900 Hours,District 6 (East Central),CORALVILLE,JOHNSON,I-80,I-80,Collision with:  Vehicle in traffic,On Roadway,Rear-end (front to rear),Other (explain in narrative):  Other,None Indicated,,Daylight,Snow,Snow,"Surface condition (e.g., wet, icy)",Non-intersection:  Non-junction/no special feature,Paved,,Property Damage Only,0,0,0,0,0,0,7500,2,2,,POINT (-91.593321803028 41.692115950992)
2014784974,14-001373,02/08/2014,02-February,7-Saturday,22:10,2200 Hours,District 2 (Northeast),,FAYETTE,,Q AVE,Collision with fixed object:  Ditch,On Roadway,Non-collision (single vehicle),Swerving/Evasive Action,Alcohol (Statutory),,Dark - roadway not lighted,Snow,Clear,"Surface condition (e.g., wet, icy)",Non-intersection:  Non-junction/no special feature,Paved,,Property Damage Only,0,0,0,0,0,0,3500,1,2,,POINT (-91.923524899207 42.642581953084)
2014785438,,02/08/2014,02-February,7-Saturday,10:05,1000 Hours,District 2 (Northeast),,KOSSUTH,,Co Rd P60/190 AVE,Collision with:  Vehicle in traffic,On Roadway,Rear-end (front to rear),Driving too fast for conditions,None Indicated,,Daylight,Other (explain in narrative),Clear,"Surface condition (e.g., wet, icy)",Non-intersection:  Non-junction/no special feature,Paved,,Property Damage Only,0,0,0,0,0,0,4300,2,2,,POINT (-94.089569419953 43.009295569628)
2014785732,,02/08/2014,02-February,7-Saturday,10:10,1000 Hours,District 6 (East Central),CORALVILLE,JOHNSON,I-80,I-80 & IA 965/CORAL RIDGE AVE & COMMERCE DR,Non-collision events:  Other non-collision (explain in narrative),Median,Non-collision (single vehicle),Unknown,None Indicated,,Daylight,Snow,Snow,,Non-intersection:  Other non-intersection (explain in narrative),Paved,,Property Damage Only,0,0,0,0,0,0,4770,1,2,,POINT (-91.608463777811 41.695966106141)
2014785033,14-000517,02/08/2014,02-February,7-Saturday,09:30,0900 Hours,District 3 (Northwest),ROCK RAPIDS,LYON,IA 9,IA 9/1ST AVE & S ADAMS ST & N ADAMS ST,Collision with:  Vehicle in traffic,On Roadway,"Angle, oncoming left turn",Made improper turn,None Indicated,,Daylight,Snow,Cloudy,None apparent,Intersection:  Four-way intersection,Paved,,Property Damage Only,0,0,0,0,0,0,8100,2,4,,POINT (-96.173955613592 43.431875385581)
2014784776,20140003572,02/08/2014,02-February,7-Saturday,11:26,1100 Hours,District 1 (Central),DES MOINES,POLK,,HUBBELL AVE & E 29TH ST,Collision with:  Vehicle in traffic,On Roadway,Broadside (front to side),Driving too fast for conditions,None Indicated,,Daylight,Snow,Snow,None apparent,Intersection:  Four-way intersection,Paved,,Possible/Unknown,0,1,0,0,1,0,15000,2,2,,POINT (-93.561264672411 41.620299260748)
2014787197,2014009208,02/08/2014,02-February,7-Saturday,09:05,0900 Hours,District 1 (Central),MALCOM,POWESHIEK,I-80,I-80,Collision with:  Vehicle in traffic,On Roadway,Rear-end (front to rear),Driving too fast for conditions,None Indicated,,Daylight,Snow,Snow,"Surface condition (e.g., wet, icy)",Non-intersection:  Non-junction/no special feature,Paved,,Minor Injury,0,4,0,3,1,0,114000,5,11,,POINT (-92.609847229875 41.695775948843)
2014786115,2014009249,02/08/2014,02-February,7-Saturday,09:50,0900 Hours,District 6 (East Central),CORALVILLE,JOHNSON,I-80,I-80,Collision with fixed object:  Concrete traffic barrier (median or right side),On Roadway,Non-collision (single vehicle),Swerving/Evasive Action,None Indicated,,Daylight,Snow,Snow,"Surface condition (e.g., wet, icy)",Non-intersection:  Non-junction/no special feature,Paved,,Property Damage Only,0,0,0,0,0,0,4000,1,1,,POINT (-91.598413492865 41.693376079731)
2014784131,020814-117,02/08/2014,02-February,7-Saturday,16:45,1600 Hours,District 3 (Northwest),,BUENA VISTA,IA 3,IA 3/530TH ST,Non-collision events:  Overturn/rollover,On Roadway,Non-collision (single vehicle),Ran off road - left,None Indicated,,Daylight,Dry,Clear,None apparent,Non-intersection:  Non-junction/no special feature,Paved,,Property Damage Only,0,0,0,0,0,0,5000,1,1,,POINT (-94.982581187493 42.748899145707)
2014785720,14-000920,02/08/2014,02-February,7-Saturday,14:44,1400 Hours,District 5 (Southeast),COLUMBUS JUNCTION,LOUISA,IA 70,IA 70/IOWA 70,Collision with:  Vehicle in traffic,On Roadway,Broadside (front to side),Swerving/Evasive Action,None Indicated,,Daylight,Wet,Cloudy,None apparent,Intersection:  Four-way intersection,Paved,,Property Damage Only,0,0,0,0,0,0,3000,2,5,,POINT (-91.355179020474 41.27923346876)
2014784310,14-003556,02/08/2014,02-February,7-Saturday,09:45,0900 Hours,District 5 (Southeast),,LEE,US 218,US 218,Collision with fixed object:  Guardrail - face,Shoulder,Non-collision (single vehicle),Over correcting/over steering,None Indicated,,Daylight,Slush,"Blowing sand, soil, dirt","Surface condition (e.g., wet, icy)",Non-intersection:  Non-junction/no special feature,Paved,,Property Damage Only,0,0,0,0,0,0,11181,1,1,,POINT (-91.563368602212 40.729732235445)
2014786436,14-000619,02/08/2014,02-February,7-Saturday,13:25,1300 Hours,District 1 (Central),AMES,STORY,,WEST ST & CAMPUS AVE,Collision with:  Vehicle in traffic,On Roadway,"Sideswipe, same direction",Driving too fast for conditions,None Indicated,,Daylight,Snow,Snow,None apparent,Intersection:  Four-way intersection,Paved,,Property Damage Only,0,0,0,0,0,0,2500,2,2,,POINT (-93.657039594902 42.025326533701)
2014784360,2014001157,02/08/2014,02-February,7-Saturday,18:42,1800 Hours,District 1 (Central),MARSHALLTOWN,MARSHALL,,W LINCOLN ST & E LINCOLN ST & N CENTER ST,Collision with:  Vehicle in traffic,On Roadway,Broadside (front to side),FTYROW:  From stop sign,None Indicated,,Dark - roadway lighted,Snow,Clear,"Surface condition (e.g., wet, icy)",Intersection:  Four-way intersection,Paved,,Property Damage Only,0,0,0,0,0,0,2000,2,2,,POINT (-92.912903211869 42.054418983284)
2014785688,2014009226,02/08/2014,02-February,7-Saturday,10:11,1000 Hours,District 1 (Central),,BOONE,US 30,US 30/220TH ST,Collision with:  Vehicle in traffic,On Roadway,Rear-end (front to rear),Driving too fast for conditions,None Indicated,,Daylight,Snow,Snow,"Surface condition (e.g., wet, icy)",Non-intersection:  Non-junction/no special feature,Paved,,Property Damage Only,0,0,0,0,0,0,6000,2,4,,POINT (-93.800028183483 42.034362154405)
2014784146,14-001787,02/08/2014,02-February,7-Saturday,10:22,1000 Hours,District 3 (Northwest),ROSSIE,CLAY,,Co Rd B53/440TH ST & RAILWAY ST,Collision with:  Vehicle in traffic,On Roadway,"Sideswipe, same direction",Swerving/Evasive Action,None Indicated,,Daylight,Snow,Snow,"Surface condition (e.g., wet, icy)",Intersection:  Y-intersection,Paved,,Property Damage Only,0,0,0,0,0,0,7000,2,3,,POINT (-95.185600891288 43.010313163219)
2014786821,14018663,02/08/2014,02-February,7-Saturday,10:25,1000 Hours,District 6 (East Central),,JOHNSON,I-80,I-80,Collision with:  Vehicle in traffic,On Roadway,Rear-end (front to rear),Followed too close,None Indicated,,Daylight,Snow,Snow,"Surface condition (e.g., wet, icy)",Non-intersection:  Non-junction/no special feature,Paved,,Possible/Unknown,0,1,0,0,1,0,8000,2,2,,POINT (-91.415952825418 41.667362759992)
2014785048,14-000614,02/08/2014,02-February,7-Saturday,09:48,0900 Hours,District 1 (Central),ANKENY,POLK,I-35,I-35,Collision with fixed object:  Guardrail - face,Median,Unknown,Ran off road - left,None Indicated,,Daylight,Snow,Snow,"Surface condition (e.g., wet, icy)",Non-intersection:  Non-junction/no special feature,Paved,,Property Damage Only,0,0,0,0,0,0,14000,2,5,,POINT (-93.576680229833 41.725615374879)
2014785377,14-0159,02/08/2014,02-February,7-Saturday,10:18,1000 Hours,District 1 (Central),CLIVE,POLK,I-35,I-35 & US 6/HICKMAN RD,Collision with fixed object:  Bridge overhead structure,On Roadway,Non-collision (single vehicle),Driving too fast for conditions,None Indicated,,Daylight,Ice/frost,Snow,"Surface condition (e.g., wet, icy)",Non-intersection:  Other non-intersection (explain in narrative),Paved,,Property Damage Only,0,0,0,0,0,0,5000,1,1,,POINT (-93.776843224707 41.614892264627)
2014784124,W14-013127,02/08/2014,02-February,7-Saturday,12:55,1200 Hours,District 2 (Northeast),WATERLOO,BLACK HAWK,,FRANKLIN ST,Collision with:  Vehicle in traffic,On Roadway,Head-on (front to front),Crossed centerline (undivided),None Indicated,,Daylight,Snow,Snow,"Surface condition (e.g., wet, icy)",Intersection:  Four-way intersection,Paved,,Possible/Unknown,0,1,0,0,1,0,20000,2,3,,POINT (-92.315171369846 42.495359525075)
2014784846,14-3862,02/08/2014,02-February,7-Saturday,10:49,1000 Hours,District 3 (Northwest),SIOUX CITY,WOODBURY,,RIDGE AVE & MORNINGSIDE AVE,Collision with:  Vehicle in traffic,On Roadway,Rear-end (front to rear),Followed too close,None Indicated,,Daylight,Wet,Cloudy,None apparent,Intersection:  Y-intersection,Paved,,Property Damage Only,0,0,0,0,0,0,6500,2,3,,POINT (-96.361027207157 42.478128657961)
2014785447,,02/08/2014,02-February,7-Saturday,13:53,1300 Hours,District 2 (Northeast),CHARLES CITY,FLOYD,,13TH AVE & F ST,Collision with:  Vehicle in traffic,On Roadway,Rear-end (front to rear),FTYROW:  From stop sign,None Indicated,,Daylight,Ice/frost,Clear,None apparent,Intersection:  T-intersection,Paved,,Property Damage Only,0,0,0,0,0,0,6000,2,2,,POINT (-92.664689550671 43.075783205694)
2014784121,W14-013085,02/08/2014,02-February,7-Saturday,10:46,1000 Hours,District 2 (Northeast),WATERLOO,BLACK HAWK,,CROSSROADS BLVD,Collision with:  Vehicle in traffic,On Roadway,Broadside (front to side),FTYROW:  Other (explain in narrative),None Indicated,,Daylight,Snow,Snow,None apparent,Intersection:  Other intersection (explain in narrative),Paved,,Property Damage Only,0,0,0,0,0,0,4000,2,3,,POINT (-92.325460373971 42.461972790737)
2014785397,14-0278,02/08/2014,02-February,7-Saturday,09:19,0900 Hours,District 1 (Central),URBANDALE,POLK,I-35,I-35,Collision with:  Vehicle in traffic,On Roadway,"Sideswipe, same direction",Other (explain in narrative):  Other,None Indicated,,Daylight,Wet,Snow,None apparent,Non-intersection:  Non-junction/no special feature,Paved,,Possible/Unknown,0,1,0,0,1,0,3000,3,3,,POINT (-93.747672177217 41.651861898433)
2014785038,2014001135,02/08/2014,02-February,7-Saturday,00:39,0000 Hours,District 1 (Central),MARSHALLTOWN,MARSHALL,IA 14,IA 14/N 3RD AVE & E STATE ST,Collision with:  Vehicle in traffic,On Roadway,Broadside (front to side),Ran Traffic Signal,Alcohol (Statutory),,Dark - roadway lighted,Slush,Clear,None apparent,Intersection:  Four-way intersection,Paved,,Property Damage Only,0,0,0,0,0,0,14500,2,2,,POINT (-92.908038786344 42.050371232359)
2014784598,14-0397,02/08/2014,02-February,7-Saturday,10:52,1000 Hours,District 1 (Central),FORT DODGE,WEBSTER,,2ND AVE S & S 5TH ST,Collision with:  Vehicle in traffic,On Roadway,"Sideswipe, same direction",Other (explain in narrative):  Other,None Indicated,,Daylight,Snow,Snow,None apparent,Non-intersection:  Non-junction/no special feature,Paved,,Property Damage Only,0,0,0,0,0,0,7000,2,3,,POINT (-94.190883812604 42.502529298215)
2014785037,1400000101,02/08/2014,02-February,7-Saturday,10:33,1000 Hours,District 1 (Central),,MARSHALL,US 30,US 30/240TH ST,Collision with fixed object:  Bridge overhead structure,Roadside,Non-collision (single vehicle),Lost Control,None Indicated,,Daylight,Snow,Snow,"Surface condition (e.g., wet, icy)",Non-intersection:  Other non-intersection (explain in narrative),Paved,,Property Damage Only,0,0,0,0,0,0,3000,1,1,,POINT (-92.843483001671 42.006736335599)
2014784786,20140003598,02/08/2014,02-February,7-Saturday,17:00,1700 Hours,District 1 (Central),DES MOINES,POLK,,COTTAGE GROVE AVE & MLK JR PKWY & 19TH ST,Collision with:  Vehicle in traffic,On Roadway,"Sideswipe, same direction",Followed too close,None Indicated,,Daylight,Slush,Cloudy,None apparent,Intersection:  Four-way intersection,Paved,,Property Damage Only,0,0,0,0,0,0,1700,2,4,,POINT (-93.643237849053 41.593811926093)
2014786156,2014000675,02/08/2014,02-February,7-Saturday,12:55,1200 Hours,District 6 (East Central),URBANA,BENTON,I-380,I-380 & IA 150/31 AVE,Collision with:  Vehicle in traffic,On Roadway,"Sideswipe, same direction",Swerving/Evasive Action,None Indicated,,Daylight,Ice/frost,Snow,"Surface condition (e.g., wet, icy)",Non-intersection:  Other non-intersection (explain in narrative),Paved,,Property Damage Only,0,0,0,0,0,0,4000,2,3,,POINT (-91.890858015366 42.244906727764)
2014785175,2014009242,02/08/2014,02-February,7-Saturday,10:30,1000 Hours,District 6 (East Central),,CEDAR,I-80,I-80,Collision with:  Vehicle in traffic,On Roadway,Rear-end (front to rear),Driving too fast for conditions,None Indicated,,Daylight,Ice/frost,Snow,None apparent,Non-intersection:  Non-junction/no special feature,Paved,,Possible/Unknown,0,1,0,0,1,0,9000,3,5,,POINT (-91.240150699613 41.663318648774)
2014786113,2014009241,02/08/2014,02-February,7-Saturday,10:00,1000 Hours,District 6 (East Central),CORALVILLE,JOHNSON,I-80,I-80,Collision with:  Vehicle in traffic,On Roadway,Rear-end (front to rear),Driving too fast for conditions,None Indicated,,Daylight,Snow,Snow,"Surface condition (e.g., wet, icy)",Non-intersection:  Non-junction/no special feature,Paved,,Minor Injury,0,2,0,1,1,0,32500,4,8,,POINT (-91.787727886484 41.687558190066)
2014785784,14001132,02/08/2014,02-February,7-Saturday,11:30,1100 Hours,District 6 (East Central),INDEPENDENCE,BUCHANAN,US 20,US 20,Collision with:  Vehicle in traffic,Shoulder,Broadside (front to side),Driving too fast for conditions,None Indicated,,Daylight,Snow,Snow,"Surface condition (e.g., wet, icy)",Non-intersection:  Non-junction/no special feature,Paved,,Property Damage Only,0,0,0,0,0,0,11000,2,1,,POINT (-91.888351017754 42.448732387852)
2014784650,2014009235,02/08/2014,02-February,7-Saturday,10:35,1000 Hours,District 4 (Southwest),,ADAIR,I-80,I-80,Collision with fixed object:  Traffic sign support,Roadside,Non-collision (single vehicle),Swerving/Evasive Action,None Indicated,,Daylight,Ice/frost,Snow,"Surface condition (e.g., wet, icy)",Non-intersection:  Non-junction/no special feature,Paved,,Property Damage Only,0,0,0,0,0,0,1700,1,2,,POINT (-94.584340513541 41.495840139806)
2014784323,201401916,02/08/2014,02-February,7-Saturday,15:50,1500 Hours,District 6 (East Central),CEDAR RAPIDS,LINN,,Co Rd E36/BLAIRS FERRY RD,Collision with:  Vehicle in traffic,On Roadway,Broadside (front to side),Ran Stop Sign,None Indicated,,Daylight,Snow,Clear,"Surface condition (e.g., wet, icy)",Intersection:  T-intersection,Paved,,Minor Injury,0,1,0,1,0,0,7000,2,4,,POINT (-91.720902084736 42.039038188344)
2014784403,20140003599,02/08/2014,02-February,7-Saturday,17:45,1700 Hours,District 1 (Central),DES MOINES,POLK,,EVERGREEN AVE,Collision with:  Vehicle in traffic,On Roadway,Head-on (front to front),Crossed centerline (undivided),None Indicated,,Dark - roadway lighted,Slush,Cloudy,None apparent,Non-intersection:  Non-junction/no special feature,Paved,,Minor Injury,0,1,0,1,0,0,6000,2,3,,POINT (-93.592938386038 41.551712093215)
2014784315,201401896,02/08/2014,02-February,7-Saturday,02:01,0200 Hours,District 6 (East Central),CEDAR RAPIDS,LINN,,WILSON AVE SW & J ST SW,Collision with:  Vehicle in traffic,On Roadway,Rear-end (front to rear),Other (explain in narrative):  Other,None Indicated,,Dark - roadway lighted,Dry,Clear,None apparent,Non-intersection:  Non-junction/no special feature,Paved,,Property Damage Only,0,0,0,0,0,0,4500,2,2,,POINT (-91.667314058574 41.955974685861)
2014786116,2014009255,02/08/2014,02-February,7-Saturday,10:00,1000 Hours,District 6 (East Central),CORALVILLE,JOHNSON,I-80,I-80,Collision with:  Vehicle in traffic,On Roadway,Unknown,Driving too fast for conditions,None Indicated,,Daylight,Snow,Snow,"Surface condition (e.g., wet, icy)",Non-intersection:  Non-junction/no special feature,Paved,,Possible/Unknown,0,1,0,0,1,0,280000,9,12,,POINT (-91.595042514321 41.692560324124)
2014784154,CL14000399,02/08/2014,02-February,7-Saturday,11:43,1100 Hours,District 6 (East Central),CLINTON,CLINTON,US 67,US 67/WASHINGTON BLVD,Collision with fixed object:  Guardrail - face,On Roadway,Non-collision (single vehicle),Ran off road - right,None Indicated,,Daylight,Snow,Snow,"Surface condition (e.g., wet, icy)",Non-intersection:  Other non-intersection (explain in narrative),Paved,,Property Damage Only,0,0,0,0,0,0,4000,1,2,,POINT (-90.245250847995 41.808352856625)
2014785163,2014009230,02/08/2014,02-February,7-Saturday,10:15,1000 Hours,District 2 (Northeast),WATERLOO,BLACK HAWK,US 20,US 20/SE RAMP,Collision with:  Vehicle in traffic,On Roadway,Rear-end (front to rear),Crossed centerline (undivided),None Indicated,,Daylight,Snow,Snow,"Surface condition (e.g., wet, icy)",Non-intersection:  Non-junction/no special feature,Paved,,Property Damage Only,0,0,0,0,0,0,9400,3,9,,POINT (-92.400212532225 42.457065855545)
2014784818,14-0138,02/08/2014,02-February,7-Saturday,11:05,1100 Hours,District 1 (Central),PLEASANT HILL,POLK,IA 163,IA 163/E UNIVERSITY AVE & NE 60TH ST,Collision with:  Vehicle in traffic,On Roadway,Rear-end (front to rear),Driving too fast for conditions,None Indicated,,Daylight,Snow,Snow,None apparent,Intersection:  Four-way intersection,Paved,,Property Damage Only,0,0,0,0,0,0,2300,2,4,,POINT (-93.491479215708 41.598596091189)
2014784570,14-001407,02/08/2014,02-February,7-Saturday,18:21,1800 Hours,District 6 (East Central),,BENTON,,Co Rd V37/V37,Collision with:  Animal,On Roadway,Non-collision (single vehicle),Animal,None Indicated,,Dusk,Dry,Clear,None apparent,Non-intersection:  Non-junction/no special feature,Paved,,Property Damage Only,0,0,0,0,0,0,2000,1,1,,POINT (-92.298844219254 42.244911412095)