Iowa DOT Case Number,Law Enforcement Case Number,Date of Crash,Month of Crash,Day of Week,Time of Crash,Hour,DOT District,City Name,County Name,Route with System,Location Description,First Harmful Event,Location of First Harmful Event,Manner of Crash/Collision,Major Cause,Drug or Alcohol ,Environmental Conditions,Light Conditions,Surface Conditions,Weather Conditions,Roadway Contribution,Roadway Type,Roadway Surface,Work Zone,Crash Severity,Number of Fatalities,Number of Injuries,Number of Major Injuries,Number of Minor Injuries,Number of Possible Injuries,Number of Unknown Injuries,Amount of Property Damage,Number of Vehicles Involved,Total Number of Occupants,Travel Direction,Location
2014785357,2014001143,02/08/2014,02-February,7-Saturday,12:33,1200 Hours,District 1 (Central),MARSHALLTOWN,MARSHALL,,E SOUTHRIDGE RD & PLAZA DR,Collision with:  Vehicle in traffic,On Roadway,"Sideswipe, opposite direction",Driving too fast for conditions,None Indicated,,Daylight,Snow,Cloudy,"Surface condition (e.g., wet, icy)",Intersection:  T-intersection,Paved,,Property Damage Only,0,0,0,0,0,0,3000,2,4,,POINT (-92.91110505266 42.017940834884)
2014793426,2014-9067,02/08/2014,02-February,7-Saturday,20:30,2000 Hours,District 6 (East Central),DAVENPORT,SCOTT,,TELEGRAPH RD & WISCONSIN AVE,Collision with:  Vehicle in traffic,On Roadway,Unknown,Other (explain in narrative):  Other,None Indicated,,Dark - roadway lighted,Snow,Snow,None apparent,Non-intersection:  Driveway access (within),Paved,,Property Damage Only,0,0,0,0,0,0,2000,2,1,,POINT (-90.641526872846 41.51998860782)
2014785026,201400391,02/08/2014,02-February,7-Saturday,23:05,2300 Hours,District 6 (East Central),CENTRAL CITY,LINN,IA 13,IA 13/IOWA 13,Collision with:  Animal,,,Animal,None Indicated,,,,,,,Paved,,Property Damage Only,0,0,0,0,0,0,1500,1,1,,POINT (-91.531872104091 42.202984554827)
2014787198,2014009264,02/08/2014,02-February,7-Saturday,11:00,1100 Hours,District 1 (Central),BROOKLYN,POWESHIEK,I-80,I-80,Collision with fixed object:  Guardrail - face,Median,Non-collision (single vehicle),Ran off road - left,None Indicated,,Daylight,Snow,Snow,"Surface condition (e.g., wet, icy)",Non-intersection:  Non-junction/no special feature,Paved,,Property Damage Only,0,0,0,0,0,0,8000,1,2,,POINT (-92.325512544664 41.695629836773)
2014784827,14-2419,02/08/2014,02-February,7-Saturday,12:52,1200 Hours,District 6 (East Central),BETTENDORF,SCOTT,,MIDDLE RD,Collision with:  Vehicle in traffic,On Roadway,Rear-end (front to rear),Driving too fast for conditions,None Indicated,,Daylight,Snow,Snow,"Surface condition (e.g., wet, icy)",Non-intersection:  Non-junction/no special feature,Paved,,Property Damage Only,0,0,0,0,0,0,3000,3,4,,POINT (-90.518941288796 41.540148966754)
2014784766,14-005482,02/08/2014,02-February,7-Saturday,12:35,1200 Hours,District 5 (Southeast),MUSCATINE,MUSCATINE,,FULLIAM AVE & KINDLER AVE,Collision with:  Vehicle in traffic,On Roadway,Broadside (front to side),Ran Stop Sign,None Indicated,,Daylight,Snow,Snow,None apparent,Intersection:  T-intersection,Paved,,Property Damage Only,0,0,0,0,0,0,3000,2,3,,POINT (-91.071312394065 41.431080403985)
2014785458,W14-013149,02/08/2014,02-February,7-Saturday,14:37,1400 Hours,District 2 (Northeast),WATERLOO,BLACK HAWK,,W 7TH ST & JOHNSON ST,Collision with:  Vehicle in traffic,On Roadway,Broadside (front to side),FTYROW:  From stop sign,None Indicated,,Daylight,Snow,Cloudy,None apparent,Intersection:  Four-way intersection,Paved,,Property Damage Only,0,0,0,0,0,0,3000,2,4,,POINT (-92.345836873148 42.486172589047)
2014785264,14-000902,02/08/2014,02-February,7-Saturday,12:48,1200 Hours,District 4 (Southwest),PERRY,DALLAS,IA 144,IA 144/1ST AVE & ANN ST,Collision with:  Vehicle in traffic,On Roadway,Rear-end (front to rear),Followed too close,None Indicated,,Daylight,Snow,Snow,"Surface condition (e.g., wet, icy)",Non-intersection:  Non-junction/no special feature,Paved,,Property Damage Only,0,0,0,0,0,0,3000,3,5,,POINT (-94.106565354865 41.834382571643)
2014785803,14-04360,02/08/2014,02-February,7-Saturday,10:55,1000 Hours,District 5 (Southeast),BURLINGTON,DES MOINES,US 61,US 61,Collision with fixed object:  Other fixed object (explain in narrative),On Roadway,Non-collision (single vehicle),Crossed centerline (undivided),None Indicated,,Daylight,Snow,Clear,None apparent,Non-intersection:  Other non-intersection (explain in narrative),Paved,,Minor Injury,0,1,0,1,0,0,4000,1,2,,POINT (-91.154704256926 40.851040256168)
2014786114,2014009243,02/08/2014,02-February,7-Saturday,10:06,1000 Hours,District 6 (East Central),CORALVILLE,JOHNSON,I-80,I-80,Collision with:  Vehicle in traffic,On Roadway,Rear-end (front to rear),Driving too fast for conditions,None Indicated,,Daylight,Snow,Snow,"Surface condition (e.g., wet, icy)",Non-intersection:  Non-junction/no special feature,Paved,,Possible/Unknown,0,1,0,0,1,0,67000,8,11,,POINT (-91.595138034342 41.692588512293)
2014784421,20140003559,02/08/2014,02-February,7-Saturday,10:15,1000 Hours,District 1 (Central),DES MOINES,POLK,,SHAWNEE AVE & 8TH ST,Collision with:  Vehicle in traffic,On Roadway,Broadside (front to side),Other (explain in narrative):  Other,None Indicated,,Daylight,Snow,Snow,"Surface condition (e.g., wet, icy)",Intersection:  T-intersection,Paved,,Property Damage Only,0,0,0,0,0,0,2300,2,2,,POINT (-93.627210012779 41.634937331299)
2014784234,01-14-5659,02/08/2014,02-February,7-Saturday,14:58,1400 Hours,District 6 (East Central),DUBUQUE,DUBUQUE,US 20,US 20/DODGE ST,Collision with:  Vehicle in traffic,On Roadway,"Sideswipe, same direction",Lost Control,None Indicated,,Daylight,Snow,Snow,None apparent,Non-intersection:  Non-junction/no special feature,Paved,,Property Damage Only,0,0,0,0,0,0,10000,2,2,,POINT (-90.687475950213 42.491332860481)
2014784322,201401918,02/08/2014,02-February,7-Saturday,16:00,1600 Hours,District 6 (East Central),CEDAR RAPIDS,LINN,,MILLER AVE SW,Collision with:  Vehicle in traffic,On Roadway,Broadside (front to side),FTYROW:  From driveway,None Indicated,,Daylight,Snow,Snow,None apparent,Non-intersection:  Driveway access (within),Paved,,Property Damage Only,0,0,0,0,0,0,3500,2,2,,POINT (-91.65905656565 41.924517910881)
2014784362,14-000670,02/08/2014,02-February,7-Saturday,12:03,1200 Hours,District 3 (Northwest),PAULLINA,OBRIEN,,W GREENE ST & E GREENE ST & S MAIN ST,Collision with:  Vehicle in traffic,On Roadway,Broadside (front to side),FTYROW:  From stop sign,None Indicated,,Daylight,Snow,Clear,None apparent,Intersection:  Four-way intersection,Paved,,Property Damage Only,0,0,0,0,0,0,3000,2,3,,POINT (-95.687662471356 42.976558184003)
2014785301,2014001459,02/08/2014,02-February,7-Saturday,11:41,1100 Hours,District 6 (East Central),IOWA CITY,JOHNSON,IA 1,IA 1/E BURLINGTON ST & LUCAS ST,Collision with:  Vehicle in traffic,On Roadway,Rear-end (front to rear),Driving too fast for conditions,None Indicated,,Daylight,Snow,Snow,"Surface condition (e.g., wet, icy)",Non-intersection:  Non-junction/no special feature,Paved,,Property Damage Only,0,0,0,0,0,0,3200,2,5,,POINT (-91.524326254065 41.657790208608)
2014784381,14-000623,02/08/2014,02-February,7-Saturday,12:55,1200 Hours,District 1 (Central),ANKENY,POLK,IA 160,IA 160/SW ORALABOR RD & IA 415/SW STATE ST,Collision with:  Vehicle in traffic,On Roadway,Rear-end (front to rear),Other (explain in narrative):  Other,None Indicated,,Daylight,Snow,Snow,"Surface condition (e.g., wet, icy)",Intersection:  Four-way intersection,Paved,,Property Damage Only,0,0,0,0,0,0,6000,2,2,,POINT (-93.621550183463 41.703115988409)
2014784470,20140003650,02/08/2014,02-February,7-Saturday,20:00,2000 Hours,District 1 (Central),DES MOINES,POLK,,SW 8TH ST,Collision with:  Parked motor vehicle,Roadside,"Sideswipe, opposite direction",Lost Control,None Indicated,,Dark - roadway lighted,Snow,Cloudy,"Surface condition (e.g., wet, icy)",Non-intersection:  Non-junction/no special feature,Paved,,Property Damage Only,0,0,0,0,0,0,2000,2,1,,POINT (-93.624524901571 41.530801012005)
2014784188,2014-0484,02/08/2014,02-February,7-Saturday,17:59,1700 Hours,District 4 (Southwest),WAUKEE,DALLAS,US 6,US 6/HICKMAN AVE & ALICES RD,Collision with:  Vehicle in traffic,On Roadway,Rear-end (front to rear),Followed too close,None Indicated,,Dark - roadway lighted,Slush,Cloudy,"Surface condition (e.g., wet, icy)",Intersection:  Four-way intersection,Paved,,Possible/Unknown,0,1,0,0,1,0,1700,2,3,,POINT (-93.852928397525 41.615001433703)
2014785485,14000724,02/08/2014,02-February,7-Saturday,12:35,1200 Hours,District 2 (Northeast),,CERRO GORDO,,Co Rd B20/300TH ST,Collision with:  Vehicle in traffic,On Roadway,Rear-end (front to rear),Driving too fast for conditions,None Indicated,,Daylight,Snow,Snow,None apparent,Non-intersection:  Non-junction/no special feature,Paved,,Property Damage Only,0,0,0,0,0,0,2200,2,3,,POINT (-93.232896375319 43.191317862693)
2014815062,14-0130,02/08/2014,02-February,7-Saturday,13:37,1300 Hours,District 1 (Central),GRAND JUNCTION,GREENE,,PERCIVAL ST E & 16TH ST N,Collision with:  Vehicle in traffic,On Roadway,Broadside (front to side),FTYROW:  From driveway,None Indicated,,Daylight,Snow,Snow,"Surface condition (e.g., wet, icy)",Non-intersection:  Driveway access (within),Paved,,Minor Injury,0,1,0,1,0,0,7500,2,2,,POINT (-94.232021519015 42.035617442715)
2014784374,14-862,02/08/2014,02-February,7-Saturday,11:23,1100 Hours,District 1 (Central),GRIMES,POLK,IA 141,IA 141/IOWA 141 & NW TIMBERRIDGE LN,Collision with fixed object:  Traffic sign support,On Roadway,Non-collision (single vehicle),Driving too fast for conditions,None Indicated,,Daylight,Snow,Snow,"Surface condition (e.g., wet, icy)",Non-intersection:  Non-junction/no special feature,Paved,,Property Damage Only,0,0,0,0,0,0,3500,1,2,,POINT (-93.774807459353 41.717469802811)
2014785178,2014009285,02/08/2014,02-February,7-Saturday,10:15,1000 Hours,District 6 (East Central),,JOHNSON,I-80,I-80,Collision with:  Vehicle in traffic,On Roadway,"Sideswipe, same direction",Lost Control,None Indicated,,Daylight,Snow,Snow,"Surface condition (e.g., wet, icy)",Non-intersection:  Non-junction/no special feature,Paved,,Property Damage Only,0,0,0,0,0,0,2500,2,2,,POINT (-91.418401751663 41.667423513451)
2014784732,01-14-5631,02/08/2014,02-February,7-Saturday,11:57,1100 Hours,District 6 (East Central),DUBUQUE,DUBUQUE,,JOHN F KENNEDY RD,Collision with:  Vehicle in traffic,On Roadway,"Sideswipe, same direction",Lost Control,None Indicated,,Daylight,Snow,Snow,"Surface condition (e.g., wet, icy)",Non-intersection:  Non-junction/no special feature,Paved,,Property Damage Only,0,0,0,0,0,0,4000,2,2,,POINT (-90.720431078456 42.507284322374)
2014785207,,02/08/2014,02-February,7-Saturday,17:30,1700 Hours,District 2 (Northeast),HUMBOLDT,HUMBOLDT,,4TH AVE N,Collision with:  Parked motor vehicle,On Roadway,Broadside (front to side),Crossed centerline (undivided),None Indicated,,Dusk,Snow,Cloudy,"Surface condition (e.g., wet, icy)",Non-intersection:  Non-junction/no special feature,Paved,,Property Damage Only,0,0,0,0,0,0,4500,2,2,,POINT (-94.216114867584 42.72564641825)
2014787237,,02/08/2014,02-February,7-Saturday,11:30,1100 Hours,District 4 (Southwest),,MILLS,,ALLIS RD,Collision with:  Vehicle in traffic,On Roadway,"Sideswipe, opposite direction",Swerving/Evasive Action,None Indicated,,Daylight,Ice/frost,Clear,"Surface condition (e.g., wet, icy)",Non-intersection:  Non-junction/no special feature,Unpaved,,Property Damage Only,0,0,0,0,0,0,5000,2,2,,POINT (-95.851579799332 41.138491277203)
2014794032,2014009341,02/08/2014,02-February,7-Saturday,19:48,1900 Hours,District 4 (Southwest),,HARRISON,I-29,I-29,Non-collision events:  Overturn/rollover,On Roadway,Non-collision (single vehicle),Driving too fast for conditions,None Indicated,,Dark - roadway not lighted,Snow,Snow,None apparent,Non-intersection:  Non-junction/no special feature,Paved,,Property Damage Only,0,0,0,0,0,0,10500,1,3,,POINT (-95.972395190165 41.60801213895)
2014784376,14-865,02/08/2014,02-February,7-Saturday,11:40,1100 Hours,District 1 (Central),GRIMES,POLK,IA 44,IA 44/1ST ST & LITTLE BEAVER DR & N LITTLE BEAVER DR,Collision with:  Vehicle in traffic,On Roadway,"Sideswipe, same direction",Swerving/Evasive Action,None Indicated,,Daylight,Snow,Snow,None apparent,Non-intersection:  Non-junction/no special feature,Paved,,Property Damage Only,0,0,0,0,0,0,13000,2,2,,POINT (-93.784876202972 41.688371791134)
2014784657,2014009171,02/08/2014,02-February,7-Saturday,00:30,0000 Hours,District 2 (Northeast),,CHICKASAW,,Co Rd B57/220TH ST,Collision with:  Other non-fixed object (explain in narrative),On Roadway,Non-collision (single vehicle),Ran off road - right,Alcohol (Statutory),,Dark - roadway not lighted,Dry,Cloudy,Work Zone (roadway-related),Non-intersection:  Non-junction/no special feature,Paved,Yes,Minor Injury,0,1,0,1,0,0,31000,1,1,,POINT (-92.41655276332 43.037434505804)
2014784848,14-3907,02/08/2014,02-February,7-Saturday,21:10,2100 Hours,District 3 (Northwest),SIOUX CITY,WOODBURY,,16TH ST & MCDONALD ST,Collision with fixed object:  Utility pole/light support,On Roadway,Non-collision (single vehicle),Driving too fast for conditions,Refused,,Dark - roadway lighted,Dry,Clear,None apparent,Intersection:  T-intersection,Paved,,Property Damage Only,0,0,0,0,0,0,4500,1,1,,POINT (-96.411151851235 42.507117263787)
2014784185,140971,02/08/2014,02-February,7-Saturday,14:22,1400 Hours,District 4 (Southwest),,DALLAS,,130TH CT,Collision with fixed object:  Tree,Roadside,Non-collision (single vehicle),Ran off road - straight,None Indicated,,Daylight,Snow,Clear,"Surface condition (e.g., wet, icy)",Non-intersection:  Non-junction/no special feature,Unpaved,,Property Damage Only,0,0,0,0,0,0,5000,1,1,,POINT (-93.873699406478 41.849738153602)
2014786438,14-000624,02/08/2014,02-February,7-Saturday,15:49,1500 Hours,District 1 (Central),AMES,STORY,US 69,US 69/GRAND AVE & 24TH ST,Collision with:  Vehicle in traffic,On Roadway,"Angle, oncoming left turn",FTYROW:  Making left turn,None Indicated,,Daylight,Snow,Snow,None apparent,Intersection:  Four-way intersection,Paved,,Property Damage Only,0,0,0,0,0,0,4000,2,2,,POINT (-93.620492406256 42.045731628374)
2014784125,W14-013280,02/08/2014,02-February,7-Saturday,21:39,2100 Hours,District 2 (Northeast),WATERLOO,BLACK HAWK,,ARCHER AVE & NEVADA ST,Collision with fixed object:  Other fixed object (explain in narrative),On Roadway,Non-collision (single vehicle),Ran off road - left,None Indicated,,Dark - roadway lighted,Snow,Clear,"Surface condition (e.g., wet, icy)",Intersection:  Four-way intersection,Paved,,Property Damage Only,0,0,0,0,0,0,5050,1,2,,POINT (-92.314646296769 42.49329404955)
2014785537,14-3238,02/08/2014,02-February,7-Saturday,15:17,1500 Hours,District 1 (Central),REASNOR,JASPER,,S 112TH AVE E,Collision with fixed object:  Traffic sign support,Shoulder,Non-collision (single vehicle),Driving too fast for conditions,None Indicated,,Daylight,Snow,Snow,"Surface condition (e.g., wet, icy)",Non-intersection:  Non-junction/no special feature,Unpaved,,Possible/Unknown,0,1,0,0,1,0,2200,1,1,,POINT (-92.917732575992 41.54038487794)
2014784985,14-3204,02/08/2014,02-February,7-Saturday,07:59,0700 Hours,District 1 (Central),NEWTON,JASPER,I-80,I-80,Collision with fixed object:  Utility pole/light support,Shoulder,Non-collision (single vehicle),Driving too fast for conditions,None Indicated,,Daylight,Snow,Snow,None apparent,Non-intersection:  Non-junction/no special feature,Paved,,Property Damage Only,0,0,0,0,0,0,9071,1,1,,POINT (-93.161622937523 41.685191717594)
2014784448,20140003588,02/08/2014,02-February,7-Saturday,15:46,1500 Hours,District 1 (Central),DES MOINES,POLK,US 69,US 69/E 15TH ST & E WALNUT ST,Collision with:  Vehicle in traffic,On Roadway,"Sideswipe, same direction",Other (explain in narrative):  Other,None Indicated,,Daylight,Wet,Cloudy,None apparent,Non-intersection:  Non-junction/no special feature,Paved,,Possible/Unknown,0,1,0,0,1,0,2500,2,6,,POINT (-93.594517124171 41.591822377962)
2014787991,017-14,02/08/2014,02-February,7-Saturday,22:00,2200 Hours,District 4 (Southwest),,MADISON,IA 92,IA 92/IOWA 92,Collision with:  Vehicle in traffic,On Roadway,Head-on (front to front),Crossed centerline (undivided),Drug,,Dark - roadway not lighted,Snow,Snow,"Surface condition (e.g., wet, icy)",Non-intersection:  Non-junction/no special feature,Paved,,Major Injury,0,5,3,1,1,0,15000,2,5,,POINT (-94.126765804773 41.330211107582)
2014785179,2014009287,02/08/2014,02-February,7-Saturday,10:15,1000 Hours,District 6 (East Central),,JOHNSON,I-80,I-80,Collision with:  Vehicle in traffic,Roadside,"Sideswipe, same direction",Ran off road - right,None Indicated,,Daylight,Snow,Snow,"Surface condition (e.g., wet, icy)",Non-intersection:  Non-junction/no special feature,Paved,,Property Damage Only,0,0,0,0,0,0,5000,2,2,,POINT (-91.418401751663 41.667423513451)
2014784539,2014-8649,02/08/2014,02-February,7-Saturday,09:14,0900 Hours,District 6 (East Central),DAVENPORT,SCOTT,,W 49TH ST,Collision with fixed object:  Other fixed object (explain in narrative),Roadside,Non-collision (single vehicle),Ran off road - right,None Indicated,,Daylight,Snow,Snow,"Surface condition (e.g., wet, icy)",Non-intersection:  Non-junction/no special feature,Paved,,Possible/Unknown,0,1,0,0,0,1,5100,1,1,,POINT (-90.604394598272 41.570152020874)
2014785162,2014009219,02/08/2014,02-February,7-Saturday,09:46,0900 Hours,District 6 (East Central),,CEDAR,I-80,I-80,Collision with fixed object:  Ditch,On Roadway,Non-collision (single vehicle),Swerving/Evasive Action,None Indicated,,Daylight,Snow,Snow,None apparent,Non-intersection:  Non-junction/no special feature,Paved,,Property Damage Only,0,0,0,0,0,0,2500,1,3,,POINT (-91.358981450798 41.664500723566)
2014785180,2014009374,02/08/2014,02-February,7-Saturday,23:00,2300 Hours,District 5 (Southeast),,HENRY,US 218,US 218,Collision with fixed object:  Curb/island/raised median,Median,Non-collision (single vehicle),Ran off road - left,None Indicated,,Dark - roadway not lighted,Snow,Snow,"Surface condition (e.g., wet, icy)",Non-intersection:  Non-junction/no special feature,Paved,,Property Damage Only,0,0,0,0,0,0,2500,1,2,,POINT (-91.56462711648 40.834701965368)
2014829735,A390214-0273,02/08/2014,02-February,7-Saturday,01:20,0100 Hours,District 4 (Southwest),,GUTHRIE,,REDWOOD AVE,Collision with fixed object:  Utility pole/light support,Roadside,Non-collision (single vehicle),Swerving/Evasive Action,Alcohol (< Statutory),,Dark - roadway not lighted,Snow,Snow,None apparent,Non-intersection:  Driveway access (within),Unpaved,,Property Damage Only,0,0,0,0,0,0,10800,1,1,,POINT (-94.416024842817 41.659135135915)
2014784122,W14-013100,02/08/2014,02-February,7-Saturday,11:30,1100 Hours,District 2 (Northeast),WATERLOO,BLACK HAWK,US 218,US 218/WASHINGTON ST,Collision with:  Vehicle in traffic,On Roadway,"Sideswipe, same direction",Driving too fast for conditions,None Indicated,,Daylight,Snow,Snow,None apparent,Non-intersection:  Non-junction/no special feature,Paved,,Property Damage Only,0,0,0,0,0,0,2300,2,3,,POINT (-92.405966742206 42.537905228482)
2014785208,,02/08/2014,02-February,7-Saturday,18:06,1800 Hours,District 2 (Northeast),HUMBOLDT,HUMBOLDT,,6TH AVE N & 5TH ST N,Collision with:  Vehicle in traffic,On Roadway,Broadside (front to side),FTYROW:  From stop sign,None Indicated,,Dark - roadway lighted,Snow,Clear,None apparent,Intersection:  Four-way intersection,Paved,,Property Damage Only,0,0,0,0,0,0,6000,2,2,,POINT (-94.214840631136 42.727947302412)
2014784505,S14-000391,02/08/2014,02-February,7-Saturday,21:20,2100 Hours,District 4 (Southwest),,POTTAWATTAMIE,,Co Rd G30/MAGNOLIA RD & Co Rd L66/340TH ST,Collision with fixed object:  Ditch,Shoulder,Non-collision (single vehicle),Driving too fast for conditions,None Indicated,,Dark - roadway not lighted,Snow,Snow,"Surface condition (e.g., wet, icy)",Non-intersection:  Non-junction/no special feature,Paved,,Property Damage Only,0,0,0,0,0,0,2000,1,2,,POINT (-95.536472320713 41.383443584638)
2014784554,2014-8646,02/08/2014,02-February,7-Saturday,09:12,0900 Hours,District 6 (East Central),DAVENPORT,SCOTT,,W CENTRAL PARK AVE & PACIFIC ST,Collision with:  Vehicle in traffic,On Roadway,"Angle, oncoming left turn",FTYROW:  Making left turn,None Indicated,,Daylight,Wet,Snow,None apparent,Intersection:  Four-way intersection,Paved,,Property Damage Only,0,0,0,0,0,0,4000,2,4,,POINT (-90.605400372546 41.545522446987)
2014785233,14-13083,02/08/2014,02-February,7-Saturday,10:00,1000 Hours,District 2 (Northeast),,BLACK HAWK,US 20,US 20,Non-collision events:  Overturn/rollover,On Roadway,Non-collision (single vehicle),Ran off road - left,None Indicated,,Daylight,Snow,Snow,"Surface condition (e.g., wet, icy)",Non-intersection:  Non-junction/no special feature,Paved,,Property Damage Only,0,0,0,0,0,0,6000,1,1,,POINT (-92.495409469073 42.465629789053)
2014829736,A390214-0283,02/08/2014,02-February,7-Saturday,18:13,1800 Hours,District 4 (Southwest),,GUTHRIE,IA 141,IA 141/IOWA 141,Collision with:  Animal,,,Animal,None Indicated,,,,,,,Paved,,Property Damage Only,0,0,0,0,0,0,5000,1,1,,POINT (-94.66459080162 41.858317105608)
2014791901,,02/08/2014,02-February,7-Saturday,11:10,1100 Hours,District 5 (Southeast),,MUSCATINE,US 61,US 61,Non-collision events:  Overturn/rollover,On Roadway,Non-collision (single vehicle),Swerving/Evasive Action,None Indicated,,Daylight,Wet,"Blowing sand, soil, dirt","Surface condition (e.g., wet, icy)",Non-intersection:  Non-junction/no special feature,Paved,,Property Damage Only,0,0,0,0,0,0,5000,1,1,,POINT (-90.938118349659 41.502625129355)
2014784233,01-14-5654,02/08/2014,02-February,7-Saturday,14:33,1400 Hours,District 6 (East Central),DUBUQUE,DUBUQUE,,W 12TH ST & LOCUST ST S,Collision with:  Parked motor vehicle,On Roadway,"Sideswipe, same direction",Lost Control,None Indicated,,Daylight,Snow,Snow,"Surface condition (e.g., wet, icy)",Intersection:  Other intersection (explain in narrative),Paved,,Property Damage Only,0,0,0,0,0,0,5000,2,1,,POINT (-90.670039256323 42.503784947428)
2014784404,20140003604,02/08/2014,02-February,7-Saturday,19:00,1900 Hours,District 1 (Central),DES MOINES,POLK,,UNIVERSITY AVE & 13TH ST,Collision with:  Vehicle in traffic,On Roadway,"Angle, oncoming left turn",FTYROW:  Making left turn,None Indicated,,Dark - roadway lighted,Wet,Clear,None apparent,Intersection:  Four-way intersection,Paved,,Property Damage Only,0,0,0,0,0,0,3500,2,2,,POINT (-93.634255830605 41.600446118026)
2014784305,14003570,02/08/2014,02-February,7-Saturday,01:30,0100 Hours,District 5 (Southeast),,LEE,,Co Rd X23/WEST POINT RD,Collision with fixed object:  Other fixed object (explain in narrative),Outside trafficway,Non-collision (single vehicle),Ran off road - right,None Indicated,,Dark - roadway not lighted,Snow,Snow,None apparent,Non-intersection:  Non-junction/no special feature,Paved,,Property Damage Only,0,0,0,0,0,0,2000,1,1,,POINT (-91.449262207033 40.69969037706)
2014784318,201401902,02/08/2014,02-February,7-Saturday,10:10,1000 Hours,District 6 (East Central),CEDAR RAPIDS,LINN,,MILLER AVE SW & KIRKWOOD BLVD SW,Collision with:  Vehicle in traffic,On Roadway,Rear-end (front to rear),Followed too close,None Indicated,,Daylight,Snow,Snow,"Surface condition (e.g., wet, icy)",Intersection:  Four-way intersection,Paved,,Property Damage Only,0,0,0,0,0,0,4500,2,2,,POINT (-91.656706363627 41.92444540351)
2014784485,14-0682,02/08/2014,02-February,7-Saturday,12:15,1200 Hours,District 1 (Central),WEST DES MOINES,POLK,,VINE ST,Collision with:  Vehicle in traffic,On Roadway,Rear-end (front to rear),Lost Control,None Indicated,,Daylight,Snow,Snow,"Surface condition (e.g., wet, icy)",Non-intersection:  Non-junction/no special feature,Paved,,Property Damage Only,0,0,0,0,0,0,6500,2,5,,POINT (-93.72457237745 41.577349261748)
2014784346,016-14,02/08/2014,02-February,7-Saturday,12:25,1200 Hours,District 4 (Southwest),CUMMING,MADISON,,Co Rd G14/CUMMING RD & Co Rd R35/10TH AVE & CUMMING AVE,Collision with:  Vehicle in traffic,On Roadway,Broadside (front to side),Ran Stop Sign,None Indicated,,Daylight,Snow,Snow,"Surface condition (e.g., wet, icy)",Intersection:  Four-way intersection,Paved,,Possible/Unknown,0,2,0,0,2,0,13000,2,2,,POINT (-93.790586788404 41.483076214676)
2014785165,2014009327,02/08/2014,02-February,7-Saturday,17:40,1700 Hours,District 5 (Southeast),,DECATUR,I-35,I-35,Collision with:  Parked motor vehicle,On Roadway,"Sideswipe, same direction",Swerving/Evasive Action,None Indicated,,Dusk,Ice/frost,Cloudy,"Surface condition (e.g., wet, icy)",Interchange-related:  Off-ramp,Paved,,Minor Injury,0,1,0,1,0,0,15000,2,3,,POINT (-93.825854281855 40.814813154057)
2014784100,14013077,02/08/2014,02-February,7-Saturday,10:34,1000 Hours,District 2 (Northeast),CEDAR FALLS,BLACK HAWK,,4TH ST & HUDSON RD,Collision with:  Vehicle in traffic,On Roadway,Broadside (front to side),Ran Traffic Signal,None Indicated,,Daylight,Snow,Snow,"Surface condition (e.g., wet, icy)",Intersection:  Four-way intersection,Paved,,Property Damage Only,0,0,0,0,0,0,4500,2,3,,POINT (-92.465480611163 42.534920179096)
2014784449,20140003532,02/08/2014,02-February,7-Saturday,00:15,0000 Hours,District 1 (Central),DES MOINES,POLK,,AURORA AVE & 54TH ST,Collision with fixed object:  Utility pole/light support,Shoulder,Non-collision (single vehicle),Driving too fast for conditions,None Indicated,,Dark - roadway lighted,Snow,Snow,None apparent,Intersection:  Four-way intersection,Paved,,Possible/Unknown,0,1,0,0,1,0,15500,1,2,,POINT (-93.692603172712 41.636723635523)
2014796116,1-14-000056,02/08/2014,02-February,7-Saturday,23:00,2300 Hours,District 4 (Southwest),,SHELBY,US 59,US 59,Collision with fixed object:  Other fixed object (explain in narrative),On Roadway,Non-collision (single vehicle),Driving too fast for conditions,None Indicated,,Dark - roadway not lighted,Snow,Snow,None apparent,Non-intersection:  Non-junction/no special feature,Paved,,Property Damage Only,0,0,0,0,0,0,1500,1,1,,POINT (-95.33681478939 41.52887906071)
2014784602,14-0403,02/08/2014,02-February,7-Saturday,19:50,1900 Hours,District 1 (Central),FORT DODGE,WEBSTER,,2ND AVE N & N 15TH ST,Collision with:  Vehicle in traffic,On Roadway,Rear-end (front to rear),Followed too close,None Indicated,,Dark - roadway lighted,Snow,Cloudy,"Surface condition (e.g., wet, icy)",Non-intersection:  Non-junction/no special feature,Paved,,Property Damage Only,0,0,0,0,0,0,2000,2,4,,POINT (-94.177835122975 42.508274714268)
2014785232,14-13078,02/08/2014,02-February,7-Saturday,10:30,1000 Hours,District 2 (Northeast),CEDAR FALLS,BLACK HAWK,US 218,US 218 & E LONE TREE RD,Collision with fixed object:  Guardrail - face,On Roadway,Non-collision (single vehicle),Ran off road - left,None Indicated,,Daylight,Snow,Snow,"Surface condition (e.g., wet, icy)",Non-intersection:  Other non-intersection (explain in narrative),Paved,,Property Damage Only,0,0,0,0,0,0,6000,1,2,,POINT (-92.426028943974 42.561242337882)