Iowa DOT Case Number,Law Enforcement Case Number,Date of Crash,Month of Crash,Day of Week,Time of Crash,Hour,DOT District,City Name,County Name,Route with System,Location Description,First Harmful Event,Location of First Harmful Event,Manner of Crash/Collision,Major Cause,Drug or Alcohol ,Environmental Conditions,Light Conditions,Surface Conditions,Weather Conditions,Roadway Contribution,Roadway Type,Roadway Surface,Work Zone,Crash Severity,Number of Fatalities,Number of Injuries,Number of Major Injuries,Number of Minor Injuries,Number of Possible Injuries,Number of Unknown Injuries,Amount of Property Damage,Number of Vehicles Involved,Total Number of Occupants,Travel Direction,Location
2014784496,14-000277,02/08/2014,02-February,7-Saturday,11:42,1100 Hours,District 1 (Central),ALTOONA,POLK,,8TH ST SW & 36TH AVE SW,Collision with:  Vehicle in traffic,On Roadway,Rear-end (front to rear),Driving too fast for conditions,None Indicated,,Daylight,Snow,Snow,"Surface condition (e.g., wet, icy)",Intersection:  Four-way intersection,Paved,,Property Damage Only,0,0,0,0,0,0,2000,2,4,,POINT (-93.506114789931 41.644154170465)
2014785443,,02/08/2014,02-February,7-Saturday,10:05,1000 Hours,District 6 (East Central),,JOHNSON,I-80,I-80,Non-collision events:  Other non-collision (explain in narrative),On Roadway,Rear-end (front to rear),Unknown,None Indicated,,Daylight,Snow,Snow,,Non-intersection:  Non-junction/no special feature,Paved,,Property Damage Only,0,0,0,0,0,0,5100,2,7,,POINT (-91.434839870827 41.668170982285)
2014784401,20140003586,02/08/2014,02-February,7-Saturday,15:36,1500 Hours,District 1 (Central),DES MOINES,POLK,US 6,US 6/MERLE HAY RD & SHERIDAN AVE,Collision with:  Vehicle in traffic,On Roadway,Rear-end (front to rear),Followed too close,None Indicated,,Daylight,Wet,Clear,None apparent,Non-intersection:  Non-junction/no special feature,Paved,,Property Damage Only,0,0,0,0,0,0,6500,3,5,,POINT (-93.697761940672 41.618533974347)
2014785244,14-001054,02/08/2014,02-February,7-Saturday,22:52,2200 Hours,District 4 (Southwest),,CASS,IA 92,IA 92/TUCSON RD,Collision with fixed object:  Ditch,Outside trafficway,Non-collision (single vehicle),Crossed centerline (undivided),None Indicated,,Dark - roadway not lighted,Snow,Cloudy,"Surface condition (e.g., wet, icy)",Non-intersection:  Non-junction/no special feature,Paved,,Property Damage Only,0,0,0,0,0,0,1500,1,2,,POINT (-94.999256747782 41.230874401451)
2014784422,20140003562,02/08/2014,02-February,7-Saturday,10:18,1000 Hours,District 1 (Central),DES MOINES,POLK,,E 42ND ST,Collision with:  Vehicle in traffic,On Roadway,Rear-end (front to rear),Followed too close,None Indicated,,Daylight,Snow,Snow,None apparent,Non-intersection:  Non-junction/no special feature,Paved,,Possible/Unknown,0,1,0,0,1,0,5000,2,2,,POINT (-93.532118387274 41.625941277812)
2014784730,02-14-2353,02/08/2014,02-February,7-Saturday,11:45,1100 Hours,District 6 (East Central),,DUBUQUE,US 20,US 20,Collision with fixed object:  Ditch,Roadside,Non-collision (single vehicle),Ran off road - right,None Indicated,,Daylight,Ice/frost,Snow,"Surface condition (e.g., wet, icy)",Non-intersection:  Non-junction/no special feature,Paved,,Property Damage Only,0,0,0,0,0,0,5000,1,1,,POINT (-90.85775977248 42.440899846434)
2014784181,140330,02/08/2014,02-February,7-Saturday,22:50,2200 Hours,District 3 (Northwest),,CRAWFORD,,Co Rd E46/OAK BROOK DR/O AVE & 283RD ST,Non-collision events:  Other non-collision (explain in narrative),On Roadway,Non-collision (single vehicle),Swerving/Evasive Action,None Indicated,,Dark - roadway not lighted,Ice/frost,Cloudy,"Surface condition (e.g., wet, icy)",Non-intersection:  Non-junction/no special feature,Paved,,Property Damage Only,0,0,0,0,0,0,15000,1,3,,POINT (-95.319702346533 42.012893865593)
2014786945,2014009278,02/08/2014,02-February,7-Saturday,13:00,1300 Hours,District 1 (Central),MALCOM,POWESHIEK,I-80,I-80,Collision with:  Vehicle in traffic,On Roadway,Rear-end (front to rear),Followed too close,None Indicated,,Daylight,Snow,Snow,"Surface condition (e.g., wet, icy)",Non-intersection:  Non-junction/no special feature,Paved,,Property Damage Only,0,0,0,0,0,0,3900,2,6,,POINT (-92.523176556808 41.695728250892)
2014784231,01-14-5630,02/08/2014,02-February,7-Saturday,16:24,1600 Hours,District 6 (East Central),DUBUQUE,DUBUQUE,,LORAS BLVD & MAIN ST,Collision with:  Vehicle in traffic,On Roadway,Rear-end (front to rear),Lost Control,None Indicated,,Daylight,Slush,Cloudy,None apparent,Non-intersection:  Non-junction/no special feature,Paved,,Minor Injury,0,1,0,1,0,0,3000,2,2,,POINT (-90.669844423236 42.505753124734)
2014784456,20140003569,02/08/2014,02-February,7-Saturday,11:12,1100 Hours,District 1 (Central),DES MOINES,POLK,,ROLLINS AVE & 35TH ST,Collision with fixed object:  Other fixed object (explain in narrative),Shoulder,Non-collision (single vehicle),Lost Control,None Indicated,,Daylight,Snow,Snow,"Surface condition (e.g., wet, icy)",Intersection:  Four-way intersection,Paved,,Property Damage Only,0,0,0,0,0,0,1500,1,1,,POINT (-93.664187610891 41.592656972948)
2014784364,14000664,02/08/2014,02-February,7-Saturday,10:45,1000 Hours,District 3 (Northwest),SHELDON,OBRIEN,,E 6TH ST,Collision with fixed object:  Mailbox,On Roadway,Non-collision (single vehicle),Swerving/Evasive Action,None Indicated,,Daylight,Snow,Cloudy,"Surface condition (e.g., wet, icy)",Non-intersection:  Non-junction/no special feature,Paved,,Property Damage Only,0,0,0,0,0,0,1650,1,2,,POINT (-95.839237154031 43.182387976437)
2014785279,14-00923,02/08/2014,02-February,7-Saturday,11:04,1100 Hours,District 2 (Northeast),OELWEIN,FAYETTE,IA 150,IA 150/1ST AVE SE,Collision with:  Vehicle in traffic,On Roadway,"Sideswipe, same direction",Made improper turn,None Indicated,,Daylight,Snow,Snow,"Surface condition (e.g., wet, icy)",Non-intersection:  Driveway access (within),Paved,,Property Damage Only,0,0,0,0,0,0,4800,2,3,,POINT (-91.911964169829 42.677396025876)
2014784142,14001976,02/08/2014,02-February,7-Saturday,15:57,1500 Hours,District 2 (Northeast),MASON CITY,CERRO GORDO,IA 122,IA 122/IOWA 122,Collision with fixed object:  Curb/island/raised median,On Roadway,Non-collision (single vehicle),Crossed centerline (undivided),None Indicated,,Daylight,Wet,Clear,None apparent,Non-intersection:  Other non-intersection (explain in narrative),Paved,,Possible/Unknown,0,1,0,0,1,0,2750,1,2,,POINT (-93.190177537529 43.147219200814)
2014784553,2014-8638,02/08/2014,02-February,7-Saturday,08:36,0800 Hours,District 6 (East Central),DAVENPORT,SCOTT,US 6,US 6/W KIMBERLY RD,Collision with fixed object:  Tree,On Roadway,Non-collision (single vehicle),Driving too fast for conditions,None Indicated,,Daylight,Snow,Snow,"Surface condition (e.g., wet, icy)",Intersection:  T-intersection,Paved,,Minor Injury,0,1,0,1,0,0,10000,1,1,,POINT (-90.591731734609 41.560097403685)
2014784423,20140003563,02/08/2014,02-February,7-Saturday,10:12,1000 Hours,District 1 (Central),DES MOINES,POLK,,TROWBRIDGE ST & SW 9TH ST,Collision with fixed object:  Utility pole/light support,Shoulder,Non-collision (single vehicle),Driving too fast for conditions,None Indicated,,Daylight,Snow,"Sleet, hail",None apparent,Non-intersection:  Non-junction/no special feature,Paved,,Property Damage Only,0,0,0,0,0,0,6000,1,1,,POINT (-93.625745173839 41.545476323914)
2014784450,20140003539,02/08/2014,02-February,7-Saturday,02:02,0200 Hours,District 1 (Central),DES MOINES,POLK,,GRANDVIEW AVE & E 13TH ST,Collision with fixed object:  Utility pole/light support,On Roadway,Non-collision (single vehicle),Lost Control,Alcohol (Statutory),,Dark - roadway lighted,Snow,Cloudy,None apparent,Non-intersection:  Non-junction/no special feature,Paved,,Property Damage Only,0,0,0,0,0,0,1600,1,2,,POINT (-93.603566650025 41.620454238995)
2014784332,201401953,02/09/2014,02-February,1-Sunday,08:59,0800 Hours,District 6 (East Central),CEDAR RAPIDS,LINN,I-380,I-380,Collision with fixed object:  Utility pole/light support,Shoulder,Non-collision (single vehicle),Ran off road - right,None Indicated,,Daylight,Ice/frost,Clear,"Surface condition (e.g., wet, icy)",Interchange-related:  Off-ramp,Paved,,Minor Injury,0,1,0,1,0,0,12758,1,1,,POINT (-91.665519911757 41.994528443794)
2014788022,1402-012,02/09/2014,02-February,1-Sunday,11:18,1100 Hours,District 3 (Northwest),SIBLEY,OSCEOLA,,3RD ST & 4TH AVE,Collision with:  Vehicle in traffic,On Roadway,Broadside (front to side),FTYROW:  At uncontrolled intersection,None Indicated,,Daylight,Ice/frost,Clear,"Surface condition (e.g., wet, icy)",Intersection:  Four-way intersection,Paved,,Property Damage Only,0,0,0,0,0,0,1750,2,3,,POINT (-95.748360374611 43.406170122794)
2014785234,14-13480,02/09/2014,02-February,1-Sunday,13:48,1300 Hours,District 2 (Northeast),,BLACK HAWK,IA 281,IA 281/CANFIELD RD N,Collision with:  Vehicle in traffic,On Roadway,"Angle, oncoming left turn",Swerving/Evasive Action,None Indicated,,Daylight,Other (explain in narrative),Clear,None apparent,Non-intersection:  Driveway access (within),Paved,,Major Injury,0,1,1,0,0,0,18000,2,3,,POINT (-92.160750298118 42.51102946549)
2014784558,2014-8842,02/09/2014,02-February,1-Sunday,09:47,0900 Hours,District 6 (East Central),DAVENPORT,SCOTT,,ELMORE AVE,Collision with:  Vehicle in traffic,On Roadway,Rear-end (front to rear),Followed too close,None Indicated,,Daylight,Wet,Clear,None apparent,Non-intersection:  Non-junction/no special feature,Paved,,Property Damage Only,0,0,0,0,0,0,11000,2,3,,POINT (-90.528571336125 41.573697953365)
2014784451,20140003665,02/09/2014,02-February,1-Sunday,13:36,1300 Hours,District 1 (Central),DES MOINES,POLK,IA 163,IA 163/E UNIVERSITY AVE & E 25TH CT,Collision with:  Vehicle in traffic,On Roadway,Broadside (front to side),FTYROW:  Making left turn,None Indicated,,Daylight,Dry,Clear,None apparent,Intersection:  Four-way intersection,Paved,,Property Damage Only,0,0,0,0,0,0,8000,2,3,,POINT (-93.569240908905 41.600489177649)
2014787199,2014009393,02/09/2014,02-February,1-Sunday,07:07,0700 Hours,District 6 (East Central),,JACKSON,US 61,US 61,Collision with fixed object:  Ditch,Shoulder,Non-collision (single vehicle),Exceeded authorized speed,None Indicated,,Daylight,Ice/frost,Clear,"Surface condition (e.g., wet, icy)",Non-intersection:  Non-junction/no special feature,Paved,,Property Damage Only,0,0,0,0,0,0,2000,1,1,,POINT (-90.678889921921 42.107606447354)
2014784237,01-14-5795,02/09/2014,02-February,1-Sunday,16:06,1600 Hours,District 6 (East Central),DUBUQUE,DUBUQUE,US 20,US 20/DODGE ST & WACKER DR,Collision with:  Vehicle in traffic,On Roadway,Broadside (front to side),Ran Traffic Signal,None Indicated,,Daylight,Dry,Clear,None apparent,Intersection:  Four-way intersection,Paved,,Possible/Unknown,0,1,0,0,1,0,7000,2,3,,POINT (-90.720484853451 42.492075528824)
2014784444,20140003633,02/09/2014,02-February,1-Sunday,02:15,0200 Hours,District 1 (Central),DES MOINES,POLK,,BECKWITH AVE & 6TH AVE,Collision with:  Vehicle in traffic,On Roadway,Head-on (front to front),Crossed centerline (undivided),Alcohol (Statutory),,Dark - roadway lighted,Snow,Clear,"Surface condition (e.g., wet, icy)",Non-intersection:  Non-junction/no special feature,Paved,,Major Injury,0,3,1,1,1,0,10000,2,5,,POINT (-93.624765247509 41.62421407752)
2014789866,,02/09/2014,02-February,1-Sunday,01:18,0100 Hours,District 2 (Northeast),CLEAR LAKE,CERRO GORDO,,7TH AVE N,Collision with:  Parked motor vehicle,Roadside,"Sideswipe, same direction",Other (explain in narrative):  Other,Alcohol (Statutory),,Dark - roadway not lighted,Snow,Clear,None apparent,Non-intersection:  Non-junction/no special feature,Paved,,Property Damage Only,0,0,0,0,0,0,5500,2,3,,POINT (-93.380439068745 43.140954662471)
2014785544,2014001506,02/09/2014,02-February,1-Sunday,06:29,0600 Hours,District 6 (East Central),IOWA CITY,JOHNSON,,OLD HIGHWAY 218,Collision with fixed object:  Ditch,Roadside,Non-collision (single vehicle),Driving too fast for conditions,None Indicated,,Unknown,Unknown,Unknown,Unknown,Intersection:  Other intersection (explain in narrative),Paved,,Property Damage Only,0,0,0,0,0,0,3500,1,1,,POINT (-91.53915704408 41.633949347882)
2014785724,,02/09/2014,02-February,1-Sunday,17:24,1700 Hours,District 2 (Northeast),CHARLES CITY,FLOYD,,HULIN ST & N JACKSON ST,Collision with:  Vehicle in traffic,On Roadway,Broadside (front to side),Ran Stop Sign,None Indicated,,Daylight,Snow,Clear,None apparent,Intersection:  Four-way intersection,Paved,,Property Damage Only,0,0,0,0,0,0,4500,2,3,,POINT (-92.677097269011 43.070893172937)
2014784982,P14-001629,02/09/2014,02-February,1-Sunday,01:54,0100 Hours,District 1 (Central),WEBSTER CITY,HAMILTON,,DIVISION ST,Collision with fixed object:  Traffic sign support,On Roadway,Non-collision (single vehicle),Driving too fast for conditions,Alcohol (Statutory),,Dark - roadway lighted,Wet,Clear,"Surface condition (e.g., wet, icy)",Non-intersection:  Non-junction/no special feature,Paved,,Property Damage Only,0,0,0,0,0,0,6100,1,1,,POINT (-93.819704691427 42.467537765948)
2014785694,2014009409,02/09/2014,02-February,1-Sunday,11:40,1100 Hours,District 1 (Central),,POLK,I-35,I-35,Collision with:  Vehicle in traffic,On Roadway,"Sideswipe, same direction",FTYROW:  Other (explain in narrative),None Indicated,,Daylight,Dry,Clear,None apparent,Non-intersection:  Non-junction/no special feature,Paved,,Property Damage Only,0,0,0,0,0,0,4000,3,3,,POINT (-93.59124838217 41.650386076694)
2014786439,14-000634,02/09/2014,02-February,1-Sunday,08:15,0800 Hours,District 1 (Central),AMES,STORY,,RIDGEWOOD AVE,Collision with:  Vehicle in traffic,On Roadway,"Sideswipe, same direction",Other (explain in narrative):  Other,None Indicated,,Daylight,Snow,Clear,None apparent,Non-intersection:  Non-junction/no special feature,Paved,,Property Damage Only,0,0,0,0,0,0,6000,2,2,,POINT (-93.626303697975 42.032118186683)
2014787853,14-000173,02/09/2014,02-February,1-Sunday,16:37,1600 Hours,District 1 (Central),AMES,STORY,I-35,I-35,Collision with:  Vehicle in traffic,On Roadway,"Sideswipe, opposite direction",Swerving/Evasive Action,None Indicated,,Daylight,Dry,Clear,None apparent,Non-intersection:  Non-junction/no special feature,Paved,,Possible/Unknown,0,1,0,0,1,0,2000,2,2,,POINT (-93.571309302328 42.02639771086)
2014784243,32014-14,02/09/2014,02-February,1-Sunday,11:07,1100 Hours,District 3 (Northwest),RINGSTED,EMMET,,W MAPLE ST & S 2ND ST & N 2ND ST,Collision with:  Vehicle in traffic,On Roadway,"Angle, oncoming left turn",Driving too fast for conditions,None Indicated,,Daylight,Snow,Clear,None apparent,Non-intersection:  Non-junction/no special feature,Paved,,Property Damage Only,0,0,0,0,0,0,6200,3,3,,POINT (-94.511049821706 43.294600114744)
2014784541,2014-8852,02/09/2014,02-February,1-Sunday,11:45,1100 Hours,District 6 (East Central),DAVENPORT,SCOTT,,IA 461/BRADY ST & W 6TH ST & E 6TH ST,Collision with:  Vehicle in traffic,On Roadway,Rear-end (front to rear),Lost Control,None Indicated,,Daylight,Snow,Clear,None apparent,Non-intersection:  Non-junction/no special feature,Paved,,Property Damage Only,0,0,0,0,0,0,5000,2,1,,POINT (-90.574060077328 41.52570853956)
2014786750,,02/09/2014,02-February,1-Sunday,21:21,2100 Hours,District 5 (Southeast),CHARITON,LUCAS,,BRADEN AVE,Collision with:  Parked motor vehicle,On Roadway,Unknown,Unknown,None Indicated,,Unknown,Snow,Unknown,None apparent,Non-intersection:  Non-junction/no special feature,Paved,,Property Damage Only,0,0,0,0,0,0,2500,2,1,,POINT (-93.303823294461 41.015588630811)
2014789277,2014-02550,02/09/2014,02-February,1-Sunday,01:40,0100 Hours,District 5 (Southeast),,WARREN,,SUNCREST DR,Collision with:  Parked motor vehicle,On Roadway,Rear-end (front to rear),Unknown,None Indicated,,Dark - roadway lighted,Snow,Clear,None apparent,Non-intersection:  Non-junction/no special feature,Paved,,Possible/Unknown,0,2,0,0,1,1,3000,2,3,,POINT (-93.611738876501 41.510873403422)
2014786119,2014009412,02/09/2014,02-February,1-Sunday,11:35,1100 Hours,District 6 (East Central),,BENTON,,Co Rd E66/30 AVE/79 ST,Non-collision events:  Overturn/rollover,Roadside,Non-collision (single vehicle),Crossed centerline (undivided),None Indicated,,Daylight,Ice/frost,Clear,"Surface condition (e.g., wet, icy)",Non-intersection:  Non-junction/no special feature,Paved,,Minor Injury,0,1,0,1,0,0,5150,1,1,,POINT (-91.908533370853 41.877101781876)
2014784426,20140003686,02/09/2014,02-February,1-Sunday,18:15,1800 Hours,District 1 (Central),DES MOINES,POLK,,E DOUGLAS AVE & COLFAX AVE,Collision with:  Vehicle in traffic,On Roadway,Broadside (front to side),Ran Stop Sign,None Indicated,,Dark - roadway lighted,Ice/frost,Cloudy,"Surface condition (e.g., wet, icy)",Intersection:  Four-way intersection,Paved,,Property Damage Only,0,0,0,0,0,0,8000,2,3,,POINT (-93.551032405699 41.62955413022)
2014785082,14-224,02/09/2014,02-February,1-Sunday,22:15,2200 Hours,District 1 (Central),POLK CITY,POLK,IA 415,IA 415/S 3RD ST,Collision with:  Animal,,,Animal,None Indicated,,,,,,,Paved,,Property Damage Only,0,0,0,0,0,0,2000,1,1,,POINT (-93.716940429181 41.76115105183)
2014789401,140599,02/09/2014,02-February,1-Sunday,08:25,0800 Hours,District 1 (Central),IOWA FALLS,HARDIN,,WASHINGTON AVE & SCHOOL AVE,Collision with:  Vehicle in traffic,On Roadway,Rear-end (front to rear),Other (explain in narrative):  No improper action,None Indicated,,Daylight,Snow,Clear,None apparent,Non-intersection:  Non-junction/no special feature,Paved,,Property Damage Only,0,0,0,0,0,0,4000,2,3,,POINT (-93.276976959074 42.519666600174)
2014784144,14002004,02/09/2014,02-February,1-Sunday,13:03,1300 Hours,District 2 (Northeast),MASON CITY,CERRO GORDO,US 65,US 65/N DELAWARE AVE & 3RD ST NE,Collision with:  Vehicle in traffic,On Roadway,"Sideswipe, same direction",Made improper turn,None Indicated,,Daylight,Dry,Clear,None apparent,Non-intersection:  Non-junction/no special feature,Paved,,Property Damage Only,0,0,0,0,0,0,3000,2,3,,POINT (-93.199437175623 43.154533382063)
2014784192,14-4468,02/09/2014,02-February,1-Sunday,11:28,1100 Hours,District 5 (Southeast),BURLINGTON,DES MOINES,,ANGULAR ST,Collision with:  Parked motor vehicle,On Roadway,Broadside (front to side),Unknown,None Indicated,,Daylight,Snow,Clear,None apparent,Non-intersection:  Non-junction/no special feature,Paved,,Property Damage Only,0,0,0,0,0,0,3500,2,1,,POINT (-91.112867530296 40.801576999514)
2014785007,2014001521,02/09/2014,02-February,1-Sunday,21:30,2100 Hours,District 6 (East Central),IOWA CITY,JOHNSON,,N DUBUQUE ST,Collision with:  Vehicle in traffic,On Roadway,Head-on (front to front),FTYROW:  Making left turn,None Indicated,,Dark - roadway not lighted,Dry,Clear,None apparent,Non-intersection:  Driveway access (within),Paved,,Property Damage Only,0,0,0,0,0,0,2000,2,2,,POINT (-91.533076474899 41.663837753837)
2014786947,2014009488,02/09/2014,02-February,1-Sunday,21:29,2100 Hours,District 3 (Northwest),,MONONA,I-29,I-29,Non-collision events:  Other non-collision (explain in narrative),On Roadway,Non-collision (single vehicle),Other (explain in narrative):  No improper action,None Indicated,,Dark - roadway not lighted,Dry,Clear,None apparent,Non-intersection:  Non-junction/no special feature,Paved,,Property Damage Only,0,0,0,0,0,0,3500,1,1,,POINT (-96.172891807949 42.076322493177)
2014784134,020914-150,02/09/2014,02-February,1-Sunday,20:45,2000 Hours,District 3 (Northwest),,BUENA VISTA,,Co Rd C43/550TH ST & Co Rd M50/160TH AVE,Non-collision events:  Other non-collision (explain in narrative),Shoulder,Non-collision (single vehicle),Ran Stop Sign,None Indicated,,Dark - roadway not lighted,Snow,Cloudy,None apparent,Intersection:  Four-way intersection,Paved,,Property Damage Only,0,0,0,0,0,0,1500,1,1,,POINT (-95.092401177868 42.71986650541)
2014784488,14-0699,02/09/2014,02-February,1-Sunday,12:24,1200 Hours,District 1 (Central),WEST DES MOINES,POLK,,GRAND AVE & VINE ST,Collision with:  Vehicle in traffic,On Roadway,"Angle, oncoming left turn",Ran Traffic Signal,None Indicated,,Daylight,Wet,Cloudy,None apparent,Intersection:  Four-way intersection,Paved,,Property Damage Only,0,0,0,0,0,0,2000,2,2,,POINT (-93.727727390242 41.577365365163)
2014796117,1-14-000057,02/09/2014,02-February,1-Sunday,15:36,1500 Hours,District 4 (Southwest),,SHELBY,IA 44,IA 44/IOWA 44,Collision with:  Animal,On Roadway,Non-collision (single vehicle),Animal,None Indicated,,Daylight,Dry,Cloudy,None apparent,Non-intersection:  Non-junction/no special feature,Paved,,Minor Injury,0,1,0,1,0,0,20000,1,1,,POINT (-95.34543471177 41.645885850604)
2014787900,14-013406,02/09/2014,02-February,1-Sunday,06:16,0600 Hours,District 2 (Northeast),CEDAR FALLS,BLACK HAWK,,7TH ST & FRANKLIN ST,Collision with fixed object:  Utility pole/light support,On Roadway,Non-collision (single vehicle),Ran Stop Sign,None Indicated,,Dark - roadway lighted,Snow,Clear,"Surface condition (e.g., wet, icy)",Intersection:  T-intersection,Paved,,Property Damage Only,0,0,0,0,0,0,5000,1,1,,POINT (-92.449514843872 42.532313968035)
2014785319,201401964,02/09/2014,02-February,1-Sunday,15:43,1500 Hours,District 6 (East Central),CEDAR RAPIDS,LINN,IA 100,IA 100/COLLINS RD NE & ROCKWELL DR NE,Collision with:  Vehicle in traffic,On Roadway,Rear-end (front to rear),Lost Control,None Indicated,,Daylight,Ice/frost,Clear,"Surface condition (e.g., wet, icy)",Intersection:  Four-way intersection,Paved,,Possible/Unknown,0,2,0,0,1,1,1500,3,7,,POINT (-91.648975315035 42.028388030185)
2014784849,14-3945,02/09/2014,02-February,1-Sunday,06:32,0600 Hours,District 3 (Northwest),SIOUX CITY,WOODBURY,,5TH ST,Collision with:  Vehicle in traffic,On Roadway,Rear-end (front to rear),Followed too close,None Indicated,,Dark - roadway lighted,Dry,Cloudy,None apparent,Non-intersection:  Non-junction/no special feature,Paved,,Property Damage Only,0,0,0,0,0,0,2650,2,2,,POINT (-96.409020627284 42.495231819966)
2014784104,14013449,02/09/2014,02-February,1-Sunday,11:41,1100 Hours,District 2 (Northeast),CEDAR FALLS,BLACK HAWK,,22ND ST & MAIN ST,Collision with:  Vehicle in traffic,On Roadway,Rear-end (front to rear),Driving too fast for conditions,None Indicated,,Daylight,Snow,Clear,"Surface condition (e.g., wet, icy)",Intersection:  Four-way intersection,Paved,,Property Damage Only,0,0,0,0,0,0,3500,2,3,,POINT (-92.445856610039 42.517751964303)
2014784727,14-04485,02/09/2014,02-February,1-Sunday,14:41,1400 Hours,District 5 (Southeast),WEST BURLINGTON,DES MOINES,,S GEAR AVE,Collision with:  Vehicle in traffic,On Roadway,"Sideswipe, same direction",Driving too fast for conditions,None Indicated,,Daylight,Slush,Clear,None apparent,Non-intersection:  Non-junction/no special feature,Paved,,Property Damage Only,0,0,0,0,0,0,3000,2,2,,POINT (-91.170009907225 40.820333280668)
2014785181,2014009421,02/09/2014,02-February,1-Sunday,12:36,1200 Hours,District 6 (East Central),,JONES,,HARDSCRABBLE RD,Non-collision events:  Overturn/rollover,On Roadway,Non-collision (single vehicle),Crossed centerline (undivided),None Indicated,,Daylight,Snow,Cloudy,"Surface condition (e.g., wet, icy)",Non-intersection:  Non-junction/no special feature,Paved,,Property Damage Only,0,0,0,0,0,0,3500,1,1,,POINT (-91.199857646456 42.25593632449)
2014794033,2014009483,02/09/2014,02-February,1-Sunday,21:30,2100 Hours,District 3 (Northwest),,MONONA,I-29,I-29,Collision with:  Other non-fixed object (explain in narrative),On Roadway,Non-collision (single vehicle),Other (explain in narrative):  No improper action,None Indicated,,Dark - roadway not lighted,Dry,Cloudy,None apparent,Non-intersection:  Non-junction/no special feature,Paved,,Property Damage Only,0,0,0,0,0,0,1501,1,2,,POINT (-96.170611926091 42.07350392642)
2014784446,20140003698,02/09/2014,02-February,1-Sunday,21:43,2100 Hours,District 1 (Central),DES MOINES,POLK,,SW 9TH ST,Collision with fixed object:  Curb/island/raised median,On Roadway,Non-collision (single vehicle),Ran off road - right,None Indicated,,Dark - roadway lighted,Dry,Clear,None apparent,Non-intersection:  Non-junction/no special feature,Paved,,Property Damage Only,0,0,0,0,0,0,5500,1,1,,POINT (-93.625746807739 41.550619490617)
2014794325,SO140054,02/09/2014,02-February,1-Sunday,09:50,0900 Hours,District 4 (Southwest),,ADAMS,,140TH ST,Collision with:  Vehicle in traffic,On Roadway,Broadside (front to side),FTYROW:  At uncontrolled intersection,None Indicated,,Daylight,Snow,Cloudy,None apparent,Non-intersection:  Driveway access (within),Unpaved,,Property Damage Only,0,0,0,0,0,0,2700,2,4,,POINT (-94.607127346057 41.100400342197)
2014784719,140336,02/09/2014,02-February,1-Sunday,11:45,1100 Hours,District 3 (Northwest),,CRAWFORD,IA 39,IA 39/IOWA 39 & Co Rd E16/D AVE,Collision with fixed object:  Ditch,On Roadway,Non-collision (single vehicle),Ran Stop Sign,None Indicated,,Daylight,Dry,Cloudy,None apparent,Intersection:  Four-way intersection,Paved,,Property Damage Only,0,0,0,0,0,0,5450,1,2,,POINT (-95.323601143989 42.167804138383)
2014784811,14-000162,02/09/2014,02-February,1-Sunday,07:51,0700 Hours,District 1 (Central),JOHNSTON,POLK,,SAYLORVILLE RES,Collision with fixed object:  Guardrail - face,Shoulder,Non-collision (single vehicle),Other (explain in narrative):  No improper action,None Indicated,,Daylight,Slush,Clear,"Surface condition (e.g., wet, icy)",Non-intersection:  Non-junction/no special feature,Paved,,Property Damage Only,0,0,0,0,0,0,2200,1,1,,POINT (-93.689570764819 41.702502781611)
2014786121,2014009466,02/09/2014,02-February,1-Sunday,18:15,1800 Hours,District 1 (Central),,POWESHIEK,I-80,I-80,Collision with:  Animal,,,Animal,None Indicated,,,,,,,Paved,,Property Damage Only,0,0,0,0,0,0,5500,1,1,,POINT (-92.480773459503 41.694859955426)
2014784299,2014001499,02/09/2014,02-February,1-Sunday,02:49,0200 Hours,District 6 (East Central),IOWA CITY,JOHNSON,,W MARKET ST & N MADISON ST,Collision with:  Parked motor vehicle,On Roadway,Broadside (front to side),Driving too fast for conditions,Alcohol (Statutory),,Dark - roadway lighted,Snow,Cloudy,"Surface condition (e.g., wet, icy)",Non-intersection:  Non-junction/no special feature,Paved,,Possible/Unknown,0,1,0,0,0,1,10000,4,1,,POINT (-91.537669358534 41.663635092619)
2014784752,14-002975,02/09/2014,02-February,1-Sunday,19:30,1900 Hours,District 5 (Southeast),,MARION,,KEOKUK DR,Non-collision events:  Other non-collision (explain in narrative),On Roadway,Non-collision (single vehicle),Driving too fast for conditions,None Indicated,,Dark - roadway not lighted,Snow,Clear,"Surface condition (e.g., wet, icy)",Non-intersection:  Non-junction/no special feature,Unpaved,,Property Damage Only,0,0,0,0,0,0,6000,1,1,,POINT (-92.912371083425 41.346466556946)