Iowa DOT Case Number,Law Enforcement Case Number,Date of Crash,Month of Crash,Day of Week,Time of Crash,Hour,DOT District,City Name,County Name,Route with System,Location Description,First Harmful Event,Location of First Harmful Event,Manner of Crash/Collision,Major Cause,Drug or Alcohol ,Environmental Conditions,Light Conditions,Surface Conditions,Weather Conditions,Roadway Contribution,Roadway Type,Roadway Surface,Work Zone,Crash Severity,Number of Fatalities,Number of Injuries,Number of Major Injuries,Number of Minor Injuries,Number of Possible Injuries,Number of Unknown Injuries,Amount of Property Damage,Number of Vehicles Involved,Total Number of Occupants,Travel Direction,Location
2014784544,2014-8779,02/09/2014,02-February,1-Sunday,23:41,2300 Hours,District 6 (East Central),DAVENPORT,SCOTT,,E LOCUST ST,Collision with fixed object:  Other fixed object (explain in narrative),On Roadway,Non-collision (single vehicle),Crossed centerline (undivided),None Indicated,,Dark - roadway lighted,Slush,Clear,"Surface condition (e.g., wet, icy)",Non-intersection:  Non-junction/no special feature,Paved,,Property Damage Only,0,0,0,0,0,0,3600,1,1,,POINT (-90.554373060329 41.53832357979)
2014785320,201401970,02/09/2014,02-February,1-Sunday,18:06,1800 Hours,District 6 (East Central),CEDAR RAPIDS,LINN,,WESTWOOD DR NW & EDGEWOOD RD NW,Collision with:  Vehicle in traffic,On Roadway,"Angle, oncoming left turn",Made improper turn,None Indicated,,Dusk,Dry,Clear,None apparent,Non-intersection:  Non-junction/no special feature,Paved,,Property Damage Only,0,0,0,0,0,0,9500,2,4,,POINT (-91.715961571097 41.986160433688)
2014784143,14002001,02/09/2014,02-February,1-Sunday,10:16,1000 Hours,District 2 (Northeast),MASON CITY,CERRO GORDO,,,Collision with:  Vehicle in traffic,On Roadway,"Sideswipe, opposite direction",Improper Backing,None Indicated,,Daylight,Snow,Clear,None apparent,Non-intersection:  Non-junction/no special feature,,,Property Damage Only,0,0,0,0,0,0,5500,2,3,,POINT (-96.643700149993 40.233091251414)
2014789064,,02/10/2014,02-February,2-Monday,10:11,1000 Hours,District 5 (Southeast),WILTON,MUSCATINE,US 6,US 6 & W 3RD ST,Collision with:  Vehicle in traffic,On Roadway,Broadside (front to side),FTYROW:  From stop sign,None Indicated,,Daylight,,Clear,None apparent,Intersection:  Four-way intersection,Paved,,Property Damage Only,0,0,0,0,0,0,8000,2,3,,POINT (-91.038209404025 41.588589618177)
2014789331,,02/10/2014,02-February,2-Monday,17:50,1700 Hours,District 6 (East Central),CEDAR RAPIDS,LINN,,6TH ST SW & WRIGHT BROTHERS BLVD SW,Non-collision events:  Other non-collision (explain in narrative),Shoulder,Rear-end (front to rear),Unknown,None Indicated,,Dusk,Wet,Snow,,Intersection:  Four-way intersection,Paved,,Property Damage Only,0,0,0,0,0,0,14993,2,2,,POINT (-91.676024598732 41.890706114403)
2014785008,2014001547,02/10/2014,02-February,2-Monday,16:03,1600 Hours,District 6 (East Central),IOWA CITY,JOHNSON,,W MARKET ST & N MADISON ST,Collision with:  Vehicle in traffic,On Roadway,"Sideswipe, same direction",Made improper turn,None Indicated,,Daylight,Snow,Clear,None apparent,Non-intersection:  Non-junction/no special feature,Paved,,Property Damage Only,0,0,0,0,0,0,2500,2,2,,POINT (-91.537669358534 41.663635092619)
2014786068,14-4420,02/10/2014,02-February,2-Monday,19:15,1900 Hours,District 3 (Northwest),SIOUX CITY,WOODBURY,,IOWA ST,Collision with:  Parked motor vehicle,On Roadway,Rear-end (front to rear),Improper Backing,None Indicated,,Dark - roadway not lighted,Unknown,Unknown,None apparent,Non-intersection:  Non-junction/no special feature,Paved,,Property Damage Only,0,0,0,0,0,0,1620,2,2,,POINT (-96.39502525236 42.502148977179)
2014787396,14-0310,02/10/2014,02-February,2-Monday,16:36,1600 Hours,District 2 (Northeast),OSAGE,MITCHELL,,CHASE ST & N 3RD ST,Collision with:  Vehicle in traffic,On Roadway,Broadside (front to side),Other (explain in narrative):  Other,None Indicated,,Daylight,Ice/frost,Clear,None apparent,Intersection:  Four-way intersection,Paved,,Property Damage Only,0,0,0,0,0,0,5500,2,2,,POINT (-92.818132624955 43.285059358298)
2014784720,140345,02/10/2014,02-February,2-Monday,08:02,0800 Hours,District 3 (Northwest),DENISON,CRAWFORD,,2ND AVE N & AVE C,Collision with:  Vehicle in traffic,On Roadway,Head-on (front to front),Crossed centerline (undivided),None Indicated,,Daylight,Ice/frost,Clear,None apparent,Intersection:  T-intersection,Paved,,Property Damage Only,0,0,0,0,0,0,1500,2,2,,POINT (-95.356881920303 42.018377137215)
2014785109,2014-9024,02/10/2014,02-February,2-Monday,14:18,1400 Hours,District 6 (East Central),DAVENPORT,SCOTT,,IA 461/BRADY ST & W 3RD ST & E 3RD ST,Collision with:  Vehicle in traffic,On Roadway,"Sideswipe, same direction",Other (explain in narrative):  Other,None Indicated,,Daylight,Dry,Cloudy,None apparent,Non-intersection:  Non-junction/no special feature,Paved,,Property Damage Only,0,0,0,0,0,0,3200,2,2,,POINT (-90.574050441167 41.522439002911)
2014784700,14013754,02/10/2014,02-February,2-Monday,08:50,0800 Hours,District 2 (Northeast),CEDAR FALLS,BLACK HAWK,,MARYHILL DR & CARLTON DR,Collision with:  Vehicle in traffic,On Roadway,Broadside (front to side),Ran Stop Sign,None Indicated,,Daylight,Snow,Clear,None apparent,Intersection:  Four-way intersection,Paved,,Property Damage Only,0,0,0,0,0,0,2000,2,5,,POINT (-92.427144578209 42.503178591059)
2014784822,14-005495,02/10/2014,02-February,2-Monday,20:56,2000 Hours,District 4 (Southwest),COUNCIL BLUFFS,POTTAWATTAMIE,I-29,I-29 & IA 192/S EXPRESSWAY & 30TH AVE,Collision with:  Vehicle in traffic,On Roadway,"Angle, oncoming left turn",Made improper turn,None Indicated,,Dark - roadway lighted,Dry,Clear,None apparent,Intersection:  Four-way intersection,Paved,,Possible/Unknown,0,1,0,0,1,0,7000,2,2,,POINT (-95.851337557948 41.230669294291)
2014787241,,02/10/2014,02-February,2-Monday,12:30,1200 Hours,District 2 (Northeast),ALGONA,KOSSUTH,,W COLLEGE ST,Collision with fixed object:  Tree,Roadside,Non-collision (single vehicle),Equipment failure,None Indicated,,Daylight,Snow,Clear,None apparent,Non-intersection:  Other non-intersection (explain in narrative),Paved,,Property Damage Only,0,0,0,0,0,0,3000,1,0,,POINT (-94.246620897443 43.065846076969)
2014784575,201400006804,02/10/2014,02-February,2-Monday,07:59,0700 Hours,District 5 (Southeast),OTTUMWA,WAPELLO,,S JEFFERSON ST,Collision with:  Vehicle in traffic,On Roadway,Head-on (front to front),Crossed centerline (undivided),None Indicated,,Daylight,Ice/frost,Clear,"Surface condition (e.g., wet, icy)",Non-intersection:  Other non-intersection (explain in narrative),Paved,,Property Damage Only,0,0,0,0,0,0,3000,2,4,,POINT (-92.412859052501 41.012827134986)
2014808090,2014009575,02/10/2014,02-February,2-Monday,10:11,1000 Hours,District 1 (Central),,HARDIN,,B AVE,Non-collision events:  Overturn/rollover,On Roadway,Non-collision (single vehicle),Ran off road - left,None Indicated,,Daylight,Snow,Clear,None apparent,Non-intersection:  Non-junction/no special feature,Unpaved,,Property Damage Only,0,0,0,0,0,0,2000,1,1,,POINT (-93.459628282194 42.54802424598)
2014785440,,02/10/2014,02-February,2-Monday,08:55,0800 Hours,District 6 (East Central),CEDAR RAPIDS,LINN,I-380,I-380 & 42ND ST NE,Collision with:  Vehicle in traffic,On Roadway,Rear-end (front to rear),Unknown,None Indicated,,Daylight,Dry,Clear,,Non-intersection:  Other non-intersection (explain in narrative),Paved,,Property Damage Only,0,0,0,0,0,0,15000,3,3,,POINT (-91.66859062469 42.021547270201)
2014798013,14-0872PD,02/10/2014,02-February,2-Monday,16:47,1600 Hours,District 1 (Central),BOONE,BOONE,,W 7TH ST & JEFFERSON ST,Collision with:  Vehicle in traffic,On Roadway,Broadside (front to side),Driving too fast for conditions,None Indicated,,Daylight,Snow,Clear,"Surface condition (e.g., wet, icy)",Intersection:  Four-way intersection,Paved,,Property Damage Only,0,0,0,0,0,0,4500,3,4,,POINT (-93.900495979781 42.062699778781)
2014785223,,02/10/2014,02-February,2-Monday,11:07,1100 Hours,District 3 (Northwest),HARTLEY,OBRIEN,,MAPLE DR & 4TH AVE W,Collision with:  Vehicle in traffic,On Roadway,Broadside (front to side),FTYROW:  From yield sign,None Indicated,,Daylight,Ice/frost,Clear,None apparent,Unknown,Paved,,Property Damage Only,0,0,0,0,0,0,1500,2,2,,POINT (-95.482745021142 43.181167824391)
2014786758,,02/10/2014,02-February,2-Monday,08:50,0800 Hours,District 6 (East Central),CEDAR RAPIDS,LINN,I-380,I-380 & 42ND ST NE,Collision with:  Vehicle in traffic,On Roadway,Rear-end (front to rear),Unknown,None Indicated,,Daylight,Snow,Clear,,Non-intersection:  Non-junction/no special feature,Paved,,Property Damage Only,0,0,0,0,0,0,1800,2,2,,POINT (-91.66859062469 42.021547270201)
2014784714,14002044,02/10/2014,02-February,2-Monday,10:11,1000 Hours,District 2 (Northeast),MASON CITY,CERRO GORDO,US 65,US 65/S FEDERAL AVE & IA 122/6TH ST SW/6TH ST SE,Collision with:  Vehicle in traffic,On Roadway,Broadside (front to side),Ran Traffic Signal,None Indicated,,Daylight,Wet,Clear,None apparent,Intersection:  Four-way intersection,Paved,,Possible/Unknown,0,1,0,0,1,0,22000,2,2,,POINT (-93.201070328058 43.146210043319)
2014786749,,02/10/2014,02-February,2-Monday,15:25,1500 Hours,District 5 (Southeast),CHARITON,LUCAS,,BRADEN AVE,Collision with:  Vehicle in traffic,On Roadway,Broadside (front to side),FTYROW:  From driveway,None Indicated,,Daylight,Snow,Clear,None apparent,Non-intersection:  Driveway access (within),Paved,,Property Damage Only,0,0,0,0,0,0,2700,2,3,,POINT (-93.30856869429 41.015594041183)
2014786536,,02/10/2014,02-February,2-Monday,17:20,1700 Hours,District 6 (East Central),CEDAR RAPIDS,LINN,,42ND ST NE & EDGEWOOD RD NE,Collision with:  Vehicle in traffic,Shoulder,Head-on (front to front),Unknown,None Indicated,,Dusk,Ice/frost,Cloudy,,Intersection:  Four-way intersection,Paved,,Minor Injury,0,1,0,1,0,0,7000,2,2,,POINT (-91.70228498846 42.021771099603)
2014785079,14-000164,02/10/2014,02-February,2-Monday,09:10,0900 Hours,District 1 (Central),JOHNSTON,POLK,,NW 62ND AVE,Collision with:  Vehicle in traffic,On Roadway,Rear-end (front to rear),Other (explain in narrative):  Other,None Indicated,,Daylight,"Mud, dirt",Clear,None apparent,Intersection:  Other intersection (explain in narrative),Paved,,Property Damage Only,0,0,0,0,0,0,14000,2,3,,POINT (-93.729609608585 41.673099653219)
2014784747,14002865,02/10/2014,02-February,2-Monday,18:28,1800 Hours,District 6 (East Central),MARION,LINN,,31ST ST & 7TH AVE,Collision with:  Vehicle in traffic,On Roadway,"Angle, oncoming left turn",FTYROW:  Making left turn,None Indicated,,Dark - roadway lighted,Wet,Cloudy,None apparent,Intersection:  Four-way intersection,Paved,,Minor Injury,0,2,0,2,0,0,15000,2,4,,POINT (-91.579435662456 42.033663606902)
2014785250,14002053,02/10/2014,02-February,2-Monday,13:33,1300 Hours,District 2 (Northeast),MASON CITY,CERRO GORDO,,1ST ST NE,Collision with:  Vehicle in traffic,On Roadway,Broadside (front to side),Other (explain in narrative):  Other,None Indicated,,Daylight,Dry,Clear,None apparent,Non-intersection:  Non-junction/no special feature,Paved,,Property Damage Only,0,0,0,0,0,0,1600,2,2,,POINT (-93.197082158562 43.152727488891)
2014794594,1402100024,02/10/2014,02-February,2-Monday,00:46,0000 Hours,District 6 (East Central),,JONES,US 151,US 151,Collision with:  Animal,,,Animal,None Indicated,,,,,,,Paved,,Property Damage Only,0,0,0,0,0,0,5000,1,1,,POINT (-91.15903060177 42.252928538228)
2014784744,14-003399,02/10/2014,02-February,2-Monday,16:30,1600 Hours,District 1 (Central),,JASPER,,Co Rd T12/HWY T-12 N & ISLAND AVE & N 19TH AVE E,Collision with:  Vehicle in traffic,On Roadway,Rear-end (front to rear),Followed too close,None Indicated,,Daylight,Dry,Clear,None apparent,Intersection:  Four-way intersection,Paved,,Possible/Unknown,0,2,0,0,2,0,8500,2,2,,POINT (-92.999975956686 41.717307719458)
2014784584,201400006806,02/10/2014,02-February,2-Monday,08:09,0800 Hours,District 5 (Southeast),OTTUMWA,WAPELLO,,GRANT ST & E 6TH ST & N JEFFERSON ST,Collision with:  Vehicle in traffic,On Roadway,"Sideswipe, same direction",Ran off road - right,None Indicated,,Daylight,Ice/frost,Clear,None apparent,Non-intersection:  Non-junction/no special feature,Paved,,Property Damage Only,0,0,0,0,0,0,3500,2,777,,POINT (-92.405233581176 41.018373090244)
2014785441,,02/10/2014,02-February,2-Monday,08:30,0800 Hours,District 6 (East Central),CEDAR RAPIDS,LINN,I-380,I-380,Collision with:  Vehicle in traffic,On Roadway,Broadside (front to side),Unknown,None Indicated,,Daylight,Ice/frost,Clear,,Non-intersection:  Non-junction/no special feature,Paved,,Property Damage Only,0,0,0,0,0,0,8300,3,4,,POINT (-91.666867368783 42.014997639134)
2014788235,2014009700,02/10/2014,02-February,2-Monday,16:02,1600 Hours,District 1 (Central),,POLK,I-35,I-35,Collision with fixed object:  Tree,Roadside,Non-collision (single vehicle),Swerving/Evasive Action,None Indicated,,Daylight,Dry,Clear,None apparent,Interchange-related:  Off-ramp,Paved,,Possible/Unknown,0,1,0,0,1,0,10000,1,1,,POINT (-93.57705422265 41.650458212563)
2014785665,2014-02620,02/10/2014,02-February,2-Monday,17:11,1700 Hours,District 5 (Southeast),INDIANOLA,WARREN,,W SALEM AVE & S G ST & N G ST,Collision with:  Vehicle in traffic,On Roadway,Broadside (front to side),FTYROW:  From stop sign,None Indicated,,Dusk,Snow,Clear,None apparent,Intersection:  Four-way intersection,Paved,,Property Damage Only,0,0,0,0,0,0,2350,2,2,,POINT (-93.572750780355 41.360378727686)
2014786442,14-000653,02/10/2014,02-February,2-Monday,15:25,1500 Hours,District 1 (Central),AMES,STORY,US 69,US 69/GRAND AVE,Collision with:  Vehicle in traffic,On Roadway,Rear-end (front to rear),Followed too close,None Indicated,,Daylight,Dry,Clear,None apparent,Non-intersection:  Non-junction/no special feature,Paved,,Possible/Unknown,0,1,0,0,1,0,8500,4,4,,POINT (-93.620401014309 42.035095388845)
2014784830,14-2549,02/10/2014,02-February,2-Monday,15:57,1500 Hours,District 6 (East Central),BETTENDORF,SCOTT,US 67,US 67/STATE ST,Collision with:  Vehicle in traffic,On Roadway,Rear-end (front to rear),Followed too close,None Indicated,,Daylight,Dry,Clear,None apparent,Non-intersection:  Non-junction/no special feature,Paved,,Possible/Unknown,0,1,0,0,1,0,10000,2,4,,POINT (-90.483658791459 41.528186976924)
2014784819,14-0146,02/10/2014,02-February,2-Monday,12:18,1200 Hours,District 1 (Central),PLEASANT HILL,POLK,US 65,US 65,Collision with:  Vehicle in traffic,On Roadway,Rear-end (front to rear),Swerving/Evasive Action,None Indicated,,Daylight,Dry,Clear,None apparent,Non-intersection:  Non-junction/no special feature,Paved,,Property Damage Only,0,0,0,0,0,0,3500,2,2,,POINT (-93.507505536501 41.582628632793)
2014785112,2014-9075,02/10/2014,02-February,2-Monday,17:53,1700 Hours,District 6 (East Central),DAVENPORT,SCOTT,,E 53RD ST,Collision with:  Vehicle in traffic,On Roadway,Rear-end (front to rear),Followed too close,None Indicated,,Dark - roadway not lighted,Dry,Cloudy,None apparent,Intersection:  T-intersection,Paved,,Possible/Unknown,0,1,0,0,1,0,9000,2,3,,POINT (-90.558794798553 41.574668231503)
2014784457,20140003716,02/10/2014,02-February,2-Monday,07:35,0700 Hours,District 1 (Central),DES MOINES,POLK,US 6,US 6/EUCLID AVE,Collision with:  Vehicle in traffic,On Roadway,"Sideswipe, opposite direction",Lost Control,None Indicated,,Daylight,Snow,Clear,"Surface condition (e.g., wet, icy)",Non-intersection:  Non-junction/no special feature,Paved,,Property Damage Only,0,0,0,0,0,0,6000,2,2,,POINT (-93.634510707287 41.627682510805)
2014784563,2014-8972,02/10/2014,02-February,2-Monday,08:57,0800 Hours,District 6 (East Central),DAVENPORT,SCOTT,,W 65TH ST & FRONTAGE RD,Collision with:  Vehicle in traffic,On Roadway,Broadside (front to side),FTYROW:  From stop sign,None Indicated,,Daylight,Dry,Cloudy,None apparent,Intersection:  T-intersection,Paved,,Possible/Unknown,0,1,0,0,1,0,7500,2,2,,POINT (-90.572388381889 41.585430597639)
2014787358,14-3398,02/10/2014,02-February,2-Monday,16:29,1600 Hours,District 1 (Central),NEWTON,JASPER,,N 2ND AVE E & E 5TH ST N,Collision with:  Vehicle in traffic,On Roadway,Broadside (front to side),FTYROW:  From yield sign,None Indicated,,Daylight,Snow,Clear,None apparent,Intersection:  Four-way intersection,Paved,,Property Damage Only,0,0,0,0,0,0,3000,2,2,,POINT (-93.048386605972 41.700490237677)
2014785054,14-0169,02/10/2014,02-February,2-Monday,19:52,1900 Hours,District 1 (Central),CLIVE,POLK,,UNIVERSITY AVE & 25TH ST,Collision with:  Vehicle in traffic,On Roadway,Rear-end (front to rear),Followed too close,None Indicated,,Dark - roadway lighted,Dry,Cloudy,None apparent,Non-intersection:  Non-junction/no special feature,Paved,,Property Damage Only,0,0,0,0,0,0,3200,2,2,,POINT (-93.739206221832 41.6004226874)
2014785695,2014009565,02/10/2014,02-February,2-Monday,09:15,0900 Hours,District 4 (Southwest),,CASS,I-80,I-80,Collision with:  Vehicle in traffic,On Roadway,Rear-end (front to rear),Ran off road - right,None Indicated,,Daylight,Dry,Clear,None apparent,Non-intersection:  Non-junction/no special feature,Paved,,Property Damage Only,0,0,0,0,0,0,11500,2,3,,POINT (-95.006185752819 41.497305778271)
2014785114,2014-9090,02/10/2014,02-February,2-Monday,18:28,1800 Hours,District 6 (East Central),DAVENPORT,SCOTT,,W 34TH ST & N BIRCHWOOD AVE,Collision with:  Vehicle in traffic,On Roadway,Broadside (front to side),FTYROW:  From stop sign,None Indicated,,Dark - roadway lighted,Snow,Clear,"Surface condition (e.g., wet, icy)",Intersection:  Other intersection (explain in narrative),Paved,,Property Damage Only,0,0,0,0,0,0,1750,2,2,,POINT (-90.617770601674 41.554713896824)
2014784792,20140003789,02/10/2014,02-February,2-Monday,18:45,1800 Hours,District 1 (Central),DES MOINES,POLK,IA 163,IA 163/E UNIVERSITY AVE & E 26TH ST,Collision with:  Vehicle in traffic,On Roadway,Rear-end (front to rear),Unknown,None Indicated,,Dark - roadway lighted,Dry,Clear,None apparent,Non-intersection:  Non-junction/no special feature,Paved,,Property Damage Only,0,0,0,0,0,0,5000,2,2,,POINT (-93.56788482291 41.600477869285)
2014784468,20140003733,02/10/2014,02-February,2-Monday,09:16,0900 Hours,District 1 (Central),DES MOINES,POLK,,PROSPECT RD,Collision with:  Parked motor vehicle,Outside trafficway,Unknown,Downhill runaway,None Indicated,,Daylight,Snow,Clear,None apparent,Non-intersection:  Driveway access (within),Paved,,Property Damage Only,0,0,0,0,0,0,5000,3,1,,POINT (-93.647651031228 41.619980136962)
2014791225,032-022-14,02/10/2014,02-February,2-Monday,15:08,1500 Hours,District 3 (Northwest),ESTHERVILLE,EMMET,,S 6TH ST,Collision with:  Vehicle in traffic,On Roadway,Broadside (front to side),FTYROW:  From parked position,None Indicated,,Daylight,Dry,Clear,None apparent,Non-intersection:  Non-junction/no special feature,Paved,,Property Damage Only,0,0,0,0,0,0,2000,2,2,,POINT (-94.836581836331 43.401434179643)
2014784433,20140003719,02/10/2014,02-February,2-Monday,07:58,0700 Hours,District 1 (Central),DES MOINES,POLK,I-235,I-235 & E HULL AVE,Collision with:  Vehicle in traffic,On Roadway,Rear-end (front to rear),Followed too close,None Indicated,,Daylight,Dry,Cloudy,None apparent,Non-intersection:  Other non-intersection (explain in narrative),Paved,,Property Damage Only,0,0,0,0,0,0,5800,3,3,,POINT (-93.576022750114 41.622288910108)
2014792062,14C00587,02/10/2014,02-February,2-Monday,12:41,1200 Hours,District 4 (Southwest),CRESTON,UNION,,W MILLS ST & N SPRUCE ST,Collision with:  Vehicle in traffic,On Roadway,Broadside (front to side),FTYROW:  From yield sign,None Indicated,,Daylight,Ice/frost,Clear,"Surface condition (e.g., wet, icy)",Intersection:  Four-way intersection,Paved,,Property Damage Only,0,0,0,0,0,0,5000,2,6,,POINT (-94.369673162975 41.059204348894)
2014784859,14-4103,02/10/2014,02-February,2-Monday,19:00,1900 Hours,District 3 (Northwest),SIOUX CITY,WOODBURY,,SINGING HILLS BLVD,Collision with:  Vehicle in traffic,On Roadway,"Angle, oncoming left turn",Lost Control,None Indicated,,Dark - roadway lighted,Dry,Clear,None apparent,Intersection:  Four-way intersection,Paved,,Property Damage Only,0,0,0,0,0,0,14000,2,2,,POINT (-96.369482812512 42.435333611018)
2014786760,,02/10/2014,02-February,2-Monday,06:00,0600 Hours,District 5 (Southeast),MORAVIA,APPANOOSE,,Co Rd J13/420TH ST/285TH AVE,Collision with fixed object:  Ditch,Roadside,Non-collision (single vehicle),Unknown,None Indicated,,Dark - roadway not lighted,Ice/frost,Snow,,Intersection:  Y-intersection,Unpaved,,Property Damage Only,0,0,0,0,0,0,2100,1,1,,POINT (-92.759094735335 40.874144620985)
2014785725,,02/10/2014,02-February,2-Monday,16:51,1600 Hours,District 1 (Central),DYSART,TAMA,,CONNELL ST & TILFORD ST,Collision with:  Vehicle in traffic,On Roadway,Broadside (front to side),FTYROW:  From stop sign,None Indicated,,Daylight,Snow,Clear,None apparent,Intersection:  Other intersection (explain in narrative),Paved,,Property Damage Only,0,0,0,0,0,0,3000,3,3,,POINT (-92.309073637048 42.169401826453)
2014792064,14C00589,02/10/2014,02-February,2-Monday,15:13,1500 Hours,District 4 (Southwest),CRESTON,UNION,,E SUMMIT ST & N BIRCH ST,Collision with:  Vehicle in traffic,On Roadway,Broadside (front to side),FTYROW:  At uncontrolled intersection,None Indicated,,Daylight,Snow,Clear,"Surface condition (e.g., wet, icy)",Intersection:  Four-way intersection,Paved,,Property Damage Only,0,0,0,0,0,0,5000,2,4,,POINT (-94.359082592163 41.062140187939)
2014784962,14-04549,02/10/2014,02-February,2-Monday,07:50,0700 Hours,District 5 (Southeast),MEDIAPOLIS,DES MOINES,,260TH ST,Collision with:  Vehicle in traffic,On Roadway,Head-on (front to front),Swerving/Evasive Action,None Indicated,,Daylight,Snow,Clear,None apparent,Non-intersection:  Non-junction/no special feature,Unpaved,,Property Damage Only,0,0,0,0,0,0,12000,2,2,,POINT (-91.175906956141 41.05931936525)
2014784108,W14-013742,02/10/2014,02-February,2-Monday,08:03,0800 Hours,District 2 (Northeast),WATERLOO,BLACK HAWK,,KIMBALL AVE,Collision with:  Vehicle in traffic,On Roadway,Broadside (front to side),FTYROW:  From stop sign,None Indicated,,Daylight,Dry,Clear,None apparent,Intersection:  Four-way intersection,Paved,,Property Damage Only,0,0,0,0,0,0,3000,2,2,,POINT (-92.356965164394 42.467665471783)
2014784709,14-034,02/10/2014,02-February,2-Monday,19:34,1900 Hours,District 2 (Northeast),WAVERLY,BREMER,,1ST AVE NW & 7TH ST NW,Collision with fixed object:  Utility pole/light support,Outside trafficway,Non-collision (single vehicle),Driving too fast for conditions,None Indicated,,Dark - roadway lighted,Snow,Clear,"Surface condition (e.g., wet, icy)",Intersection:  T-intersection,Paved,,Property Damage Only,0,0,0,0,0,0,2000,1,2,,POINT (-92.479374033546 42.726705253019)
2014787335,14-060210-01,02/10/2014,02-February,2-Monday,08:20,0800 Hours,District 6 (East Central),NORTH ENGLISH,IOWA,,CLARK ST & MAIN ST,Collision with:  Vehicle in traffic,On Roadway,"Sideswipe, opposite direction",Driving too fast for conditions,None Indicated,,Daylight,Ice/frost,Clear,"Surface condition (e.g., wet, icy)",Intersection:  Four-way intersection,Paved,,Property Damage Only,0,0,0,0,0,0,2800,2,3,,POINT (-92.07640106933 41.513943887748)
2014784464,20140003722,02/10/2014,02-February,2-Monday,08:35,0800 Hours,District 5 (Southeast),DES MOINES,WARREN,,CO LINE RD,Collision with:  Vehicle in traffic,On Roadway,Broadside (front to side),Unknown,None Indicated,,Daylight,Ice/frost,Clear,"Surface condition (e.g., wet, icy)",Non-intersection:  Non-junction/no special feature,Paved,,Possible/Unknown,0,2,0,0,2,0,8500,2,3,,POINT (-93.640414811571 41.512077410407)
2014784771,14-000648,02/10/2014,02-February,2-Monday,15:48,1500 Hours,District 1 (Central),ANKENY,POLK,US 69,US 69/S ANKENY BLVD/N 14TH ST & IA 160/SW ORALABOR RD/SE ORALABOR RD,Collision with:  Vehicle in traffic,On Roadway,Rear-end (front to rear),Followed too close,None Indicated,,Daylight,Dry,Clear,None apparent,Non-intersection:  Non-junction/no special feature,Paved,,Property Damage Only,0,0,0,0,0,0,4000,3,3,,POINT (-93.600562715852 41.70285829484)
2014785046,14-000650,02/10/2014,02-February,2-Monday,17:17,1700 Hours,District 1 (Central),ANKENY,POLK,I-35,I-35,Collision with fixed object:  Concrete traffic barrier (median or right side),On Roadway,Non-collision (single vehicle),Over correcting/over steering,None Indicated,,Dusk,Dry,Clear,None apparent,Non-intersection:  Non-junction/no special feature,Paved,,Property Damage Only,0,0,0,0,0,0,10000,1,1,,POINT (-93.575640233071 41.660247075216)
2014786949,2014009717,02/10/2014,02-February,2-Monday,16:55,1600 Hours,District 1 (Central),,POLK,I-80,I-80,Collision with:  Vehicle in traffic,On Roadway,Rear-end (front to rear),Followed too close,None Indicated,,Daylight,Dry,Cloudy,None apparent,Non-intersection:  Non-junction/no special feature,Paved,,Property Damage Only,0,0,0,0,0,0,2500,2,2,,POINT (-93.528067508409 41.659115404304)
2014784109,W14-013755,02/10/2014,02-February,2-Monday,08:00,0800 Hours,District 2 (Northeast),WATERLOO,BLACK HAWK,,COTTAGE ST & N BARCLAY ST,Collision with:  Non-motorist (see non-motorist section - NOT a unit),On Roadway,Non-collision (single vehicle),Ran Stop Sign,None Indicated,,Daylight,Ice/frost,Clear,"Surface condition (e.g., wet, icy)",Intersection:  Four-way intersection,Paved,,Possible/Unknown,0,1,0,0,1,0,0,1,1,,POINT (-92.327860254177 42.509357643712)
2014785184,2014009725,02/10/2014,02-February,2-Monday,16:55,1600 Hours,District 6 (East Central),,DUBUQUE,US 20,US 20 & LONE PINE RD,Collision with fixed object:  Ditch,Shoulder,Non-collision (single vehicle),Swerving/Evasive Action,None Indicated,,Daylight,Dry,Clear,None apparent,Non-intersection:  Non-junction/no special feature,Paved,,Possible/Unknown,0,1,0,0,1,0,2000,1,1,,POINT (-90.897813792294 42.440759203616)
2014785123,14-1520,02/10/2014,02-February,2-Monday,16:15,1600 Hours,District 3 (Northwest),,SIOUX,,IRONWOOD AVE,Collision with:  Vehicle in traffic,On Roadway,Head-on (front to front),Crossed centerline (undivided),None Indicated,,Daylight,"Mud, dirt",Cloudy,None apparent,Non-intersection:  Non-junction/no special feature,Unpaved,,Major Injury,0,2,2,0,0,0,23000,2,2,,POINT (-96.076505028814 43.029086261182)
2014784794,20140003794,02/10/2014,02-February,2-Monday,20:19,2000 Hours,District 1 (Central),DES MOINES,POLK,,CARPENTER AVE & 30TH ST & 31ST ST,Collision with:  Vehicle in traffic,On Roadway,Rear-end (front to rear),Driver Distraction:  Manual operation of an electronic communication device,None Indicated,,Dark - roadway lighted,Dry,Clear,None apparent,Non-intersection:  Non-junction/no special feature,Paved,,Property Damage Only,0,0,0,0,0,0,4500,2,2,,POINT (-93.658381578359 41.602220016939)