Iowa DOT Case Number,Law Enforcement Case Number,Date of Crash,Month of Crash,Day of Week,Time of Crash,Hour,DOT District,City Name,County Name,Route with System,Location Description,First Harmful Event,Location of First Harmful Event,Manner of Crash/Collision,Major Cause,Drug or Alcohol ,Environmental Conditions,Light Conditions,Surface Conditions,Weather Conditions,Roadway Contribution,Roadway Type,Roadway Surface,Work Zone,Crash Severity,Number of Fatalities,Number of Injuries,Number of Major Injuries,Number of Minor Injuries,Number of Possible Injuries,Number of Unknown Injuries,Amount of Property Damage,Number of Vehicles Involved,Total Number of Occupants,Travel Direction,Location
2014789246,14-000163,02/10/2014,02-February,2-Monday,08:41,0800 Hours,District 1 (Central),JOHNSTON,POLK,,CATALINA DR & NW 100TH ST,Collision with:  Vehicle in traffic,On Roadway,Rear-end (front to rear),Driving too fast for conditions,None Indicated,,Daylight,Ice/frost,Clear,"Surface condition (e.g., wet, icy)",Intersection:  Four-way intersection,Paved,,Property Damage Only,0,0,0,0,0,0,3000,2,2,,POINT (-93.755858299485 41.676145551977)
2014785321,201401980,02/10/2014,02-February,2-Monday,07:58,0700 Hours,District 6 (East Central),CEDAR RAPIDS,LINN,I-380,I-380,Collision with fixed object:  Concrete traffic barrier (median or right side),On Roadway,Rear-end (front to rear),Lost Control,None Indicated,,Daylight,Other (explain in narrative),Clear,None apparent,"Interchange-related:  Off-ramp, diverge area",Paved,,Property Damage Only,0,0,0,0,0,0,36000,3,7,,POINT (-91.662106625663 41.986292865645)
2014784107,W14-013741,02/10/2014,02-February,2-Monday,07:57,0700 Hours,District 2 (Northeast),WATERLOO,BLACK HAWK,,EDGEWOOD DR & INGERSOLL RD,Collision with:  Vehicle in traffic,On Roadway,Broadside (front to side),FTYROW:  At uncontrolled intersection,None Indicated,,Daylight,Snow,Clear,None apparent,Intersection:  Four-way intersection,Paved,,Property Damage Only,0,0,0,0,0,0,6000,2,2,,POINT (-92.402692560075 42.492994236438)
2014785488,14-0661,02/10/2014,02-February,2-Monday,19:21,1900 Hours,District 3 (Northwest),CHEROKEE,CHEROKEE,,E RIDGEVIEW DR & E INDIAN ST,Collision with:  Vehicle in traffic,On Roadway,Broadside (front to side),FTYROW:  From stop sign,None Indicated,,Dark - roadway lighted,Dry,Clear,None apparent,Intersection:  Four-way intersection,Paved,,Property Damage Only,0,0,0,0,0,0,1600,2,4,,POINT (-95.548165804381 42.764117233675)
2014786590,14-974,02/10/2014,02-February,2-Monday,22:32,2200 Hours,District 2 (Northeast),OELWEIN,FAYETTE,,5TH ST SE & 8TH AVE SE,Collision with:  Vehicle in traffic,On Roadway,Rear-end (front to rear),Driving too fast for conditions,None Indicated,,Dark - roadway lighted,Ice/frost,Clear,None apparent,Intersection:  Four-way intersection,Paved,,Property Damage Only,0,0,0,0,0,0,2000,2,2,,POINT (-91.902706974345 42.671490181423)
2014785248,14002050,02/10/2014,02-February,2-Monday,12:04,1200 Hours,District 2 (Northeast),MASON CITY,CERRO GORDO,,19TH ST SW & S BENJAMIN AVE,Collision with:  Vehicle in traffic,On Roadway,Broadside (front to side),FTYROW:  From stop sign,None Indicated,,Daylight,Ice/frost,Clear,"Surface condition (e.g., wet, icy)",Intersection:  Four-way intersection,Paved,,Property Damage Only,0,0,0,0,0,0,2000,2,3,,POINT (-93.230797204829 43.133907327411)
2014786183,CL14000418,02/10/2014,02-February,2-Monday,12:47,1200 Hours,District 6 (East Central),CLINTON,CLINTON,,7TH ST NW,Collision with:  Vehicle in traffic,On Roadway,Broadside (front to side),Improper Backing,None Indicated,,Daylight,Snow,Clear,None apparent,Non-intersection:  Non-junction/no special feature,Paved,,Property Damage Only,0,0,0,0,0,0,3500,2,2,,POINT (-90.19490423771 41.862536742111)
2014784585,201400006826,02/10/2014,02-February,2-Monday,10:03,1000 Hours,District 5 (Southeast),OTTUMWA,WAPELLO,,ALBIA RD & N FERRY ST & WAPELLO ST,Collision with:  Vehicle in traffic,On Roadway,"Sideswipe, same direction",Lost Control,None Indicated,,Daylight,Ice/frost,Clear,"Surface condition (e.g., wet, icy)",Non-intersection:  Non-junction/no special feature,Paved,,Property Damage Only,0,0,0,0,0,0,2000,2,3,,POINT (-92.43237975013 41.008096544733)
2014784458,20140003726,02/10/2014,02-February,2-Monday,09:00,0900 Hours,District 1 (Central),DES MOINES,POLK,IA 163,IA 163/E UNIVERSITY AVE,Collision with:  Vehicle in traffic,On Roadway,"Sideswipe, same direction",FTYROW:  Other (explain in narrative),None Indicated,,Daylight,Dry,Clear,None apparent,Non-intersection:  Non-junction/no special feature,Paved,,Possible/Unknown,0,1,0,0,1,0,23500,4,5,,POINT (-93.536614579171 41.600655100601)
2014793670,14-001415,02/10/2014,02-February,2-Monday,14:58,1400 Hours,District 2 (Northeast),,FAYETTE,,30TH ST,Collision with:  Vehicle in traffic,On Roadway,"Sideswipe, opposite direction",Other (explain in narrative):  Other,None Indicated,,Daylight,Snow,Clear,None apparent,Non-intersection:  Non-junction/no special feature,Unpaved,,Property Damage Only,0,0,0,0,0,0,5000,2,2,,POINT (-91.660096670973 42.672718246154)
2014789316,,02/10/2014,02-February,2-Monday,09:50,0900 Hours,District 6 (East Central),MAQUOKETA,JACKSON,,W LOCUST ST & S 5TH ST,Collision with:  Vehicle in traffic,On Roadway,Broadside (front to side),FTYROW:  From yield sign,None Indicated,,Daylight,Snow,Clear,"Surface condition (e.g., wet, icy)",Intersection:  T-intersection,Paved,,Property Damage Only,0,0,0,0,0,0,2800,2,2,,POINT (-90.670270772631 42.064564249192)
2014784770,14-918,02/10/2014,02-February,2-Monday,16:59,1600 Hours,District 1 (Central),,POLK,,NE 64TH ST & NE 41ST AVE,Collision with:  Vehicle in traffic,On Roadway,Rear-end (front to rear),Followed too close,None Indicated,,Daylight,Dry,Clear,None apparent,Intersection:  T-intersection,Paved,,Property Damage Only,0,0,0,0,0,0,7000,2,2,,POINT (-93.483759873602 41.635054078616)
2014784858,14-4065,02/10/2014,02-February,2-Monday,14:13,1400 Hours,District 3 (Northwest),SIOUX CITY,WOODBURY,,6TH ST & NEBRASKA ST,Collision with:  Vehicle in traffic,On Roadway,"Sideswipe, same direction",FTYROW:  Other (explain in narrative),None Indicated,,Daylight,Dry,Clear,None apparent,Non-intersection:  Non-junction/no special feature,Paved,,Property Damage Only,0,0,0,0,0,0,2000,3,3,,POINT (-96.403472127326 42.496351392254)
2014784787,20140003764,02/10/2014,02-February,2-Monday,14:39,1400 Hours,District 1 (Central),DES MOINES,POLK,,WOODLAND AVE & 41ST ST,Collision with:  Vehicle in traffic,On Roadway,Broadside (front to side),Lost Control,None Indicated,,Daylight,Snow,Cloudy,"Surface condition (e.g., wet, icy)",Non-intersection:  Non-junction/no special feature,Paved,,Property Damage Only,0,0,0,0,0,0,6000,2,4,,POINT (-93.672742538633 41.588040562081)
2014788234,2014009529,02/10/2014,02-February,2-Monday,07:46,0700 Hours,District 1 (Central),,POLK,I-35,I-35,Collision with:  Vehicle in traffic,On Roadway,Rear-end (front to rear),Crossed centerline (undivided),None Indicated,,Daylight,Dry,Clear,None apparent,Non-intersection:  Non-junction/no special feature,Paved,,Property Damage Only,0,0,0,0,0,0,5000,2,2,,POINT (-93.629596728579 41.649479863034)
2014786125,,02/10/2014,02-February,2-Monday,16:07,1600 Hours,District 4 (Southwest),GREENFIELD,ADAIR,IA 92,IA 92/SE KENT ST & SE 2ND ST,Collision with:  Vehicle in traffic,On Roadway,Broadside (front to side),FTYROW:  From stop sign,None Indicated,,Daylight,Dry,Clear,None apparent,Intersection:  Four-way intersection,Paved,,Property Damage Only,0,0,0,0,0,0,6000,2,2,,POINT (-94.459551295871 41.30319661198)
2014786754,,02/10/2014,02-February,2-Monday,18:30,1800 Hours,District 6 (East Central),,JOHNSON,,MEHAFFEY BRIDGE RD,Collision with:  Animal,On Roadway,Non-collision (single vehicle),Animal,None Indicated,,Dark - roadway not lighted,Dry,Clear,,Non-intersection:  Non-junction/no special feature,Paved,,Property Damage Only,0,0,0,0,0,0,3345,1,1,,POINT (-91.542255906665 41.798236250299)
2014784775,20140003793,02/10/2014,02-February,2-Monday,20:21,2000 Hours,District 1 (Central),DES MOINES,POLK,,E WALNUT ST,Collision with:  Vehicle in traffic,On Roadway,"Sideswipe, opposite direction",Crossed centerline (undivided),Alcohol (Statutory),,Dark - roadway lighted,Dry,Cloudy,None apparent,Non-intersection:  Non-junction/no special feature,Paved,,Property Damage Only,0,0,0,0,0,0,5500,2,5,,POINT (-93.580864551075 41.593324319197)
2014785507,01-14-5873,02/10/2014,02-February,2-Monday,16:41,1600 Hours,District 6 (East Central),DUBUQUE,DUBUQUE,,CLEVELAND AVE,Collision with:  Parked motor vehicle,On Roadway,Head-on (front to front),Crossed centerline (undivided),Under Influence of Alcohol/Drugs/Medications,,Dark - roadway not lighted,Slush,Unknown,None apparent,Non-intersection:  Non-junction/no special feature,Paved,,Property Damage Only,0,0,0,0,0,0,4500,2,1,,POINT (-90.672485543631 42.488696896826)
2014784789,20140003777,02/10/2014,02-February,2-Monday,16:30,1600 Hours,District 1 (Central),DES MOINES,POLK,,E MARION ST & INDIANOLA AVE,Collision with:  Vehicle in traffic,On Roadway,Broadside (front to side),FTYROW:  From driveway,None Indicated,,Daylight,Snow,Clear,None apparent,Non-intersection:  Driveway access (within),Paved,,Property Damage Only,0,0,0,0,0,0,8000,2,3,,POINT (-93.588024127168 41.546639187029)
2014785533,00372,02/10/2014,02-February,2-Monday,06:54,0600 Hours,District 6 (East Central),DYERSVILLE,DUBUQUE,,5TH ST NW,Collision with:  Parked motor vehicle,On Roadway,Rear-end (front to rear),Lost Control,None Indicated,,Dawn,Snow,Clear,None apparent,Non-intersection:  Non-junction/no special feature,Paved,,Property Damage Only,0,0,0,0,0,0,6000,2,1,,POINT (-91.130160072655 42.485275108321)
2014784837,14-0415,02/10/2014,02-February,2-Monday,15:00,1500 Hours,District 1 (Central),FORT DODGE,WEBSTER,,1ST AVE S,Collision with:  Vehicle in traffic,On Roadway,"Sideswipe, same direction",Made improper turn,None Indicated,,Daylight,Dry,Clear,None apparent,Non-intersection:  Non-junction/no special feature,Paved,,Property Damage Only,0,0,0,0,0,0,6500,2,3,,POINT (-94.188075019663 42.503954337933)
2014785652,2014-9045,02/10/2014,02-February,2-Monday,15:54,1500 Hours,District 6 (East Central),DAVENPORT,SCOTT,,IA 461/BRADY ST & W CENTRAL PARK AVE & E CENTRAL PARK AVE,Collision with:  Vehicle in traffic,On Roadway,Head-on (front to front),Lost Control,None Indicated,,Daylight,Dry,Clear,None apparent,Intersection:  Four-way intersection,Paved,,Property Damage Only,0,0,0,0,0,0,6000,2,6,,POINT (-90.572298826143 41.545557503175)
2014784821,14-005441,02/10/2014,02-February,2-Monday,14:18,1400 Hours,District 4 (Southwest),COUNCIL BLUFFS,POTTAWATTAMIE,,2ND AVE,Collision with:  Parked motor vehicle,Shoulder,Rear-end (front to rear),Ran off road - right,None Indicated,,Daylight,Dry,Clear,None apparent,Non-intersection:  Non-junction/no special feature,Paved,,Property Damage Only,0,0,0,0,0,0,6000,2,1,,POINT (-95.888328722372 41.259818792041)
2014784736,01-14-5920,02/10/2014,02-February,2-Monday,16:42,1600 Hours,District 6 (East Central),DUBUQUE,DUBUQUE,US 52,US 52/CENTRAL AVE & LORAS BLVD & E 14TH ST,Collision with:  Vehicle in traffic,On Roadway,"Angle, oncoming left turn",FTYROW:  Making left turn,None Indicated,,Daylight,Dry,Clear,None apparent,Intersection:  Other intersection (explain in narrative),Paved,,Minor Injury,0,1,0,1,0,0,5000,2,3,,POINT (-90.667753208968 42.506349934824)
2014785723,,02/10/2014,02-February,2-Monday,08:06,0800 Hours,District 2 (Northeast),CHARLES CITY,FLOYD,,OWEN ST & PFEIFFER AVE,Collision with:  Vehicle in traffic,On Roadway,Rear-end (front to rear),Driving too fast for conditions,None Indicated,,Daylight,Ice/frost,Clear,"Surface condition (e.g., wet, icy)",Intersection:  Four-way intersection,Paved,,Property Damage Only,0,0,0,0,0,0,3000,2,3,,POINT (-92.660724548547 43.061939884344)
2014785124,14-1534,02/10/2014,02-February,2-Monday,18:45,1800 Hours,District 3 (Northwest),HULL,SIOUX,,2ND ST & OKEY ST,Collision with:  Vehicle in traffic,On Roadway,Broadside (front to side),Driver Distraction:  Manual operation of an electronic communication device,None Indicated,,Dark - roadway not lighted,Dry,Clear,None apparent,Non-intersection:  Non-junction/no special feature,Paved,,Property Damage Only,0,0,0,0,0,0,2800,2,1,,POINT (-96.122815856804 43.189759107923)
2014784777,20140003721,02/10/2014,02-February,2-Monday,09:04,0900 Hours,District 1 (Central),DES MOINES,POLK,,27TH ST,Collision with fixed object:  Tree,On Roadway,Non-collision (single vehicle),Swerving/Evasive Action,None Indicated,,Daylight,Ice/frost,Cloudy,"Surface condition (e.g., wet, icy)",Non-intersection:  Non-junction/no special feature,Paved,,Minor Injury,0,1,0,1,0,0,10000,1,1,,POINT (-93.653594316724 41.611812996874)
2014785459,W14-013813,02/10/2014,02-February,2-Monday,12:18,1200 Hours,District 2 (Northeast),WATERLOO,BLACK HAWK,IA 21,IA 21/HAWKEYE RD,Collision with:  Vehicle in traffic,On Roadway,Rear-end (front to rear),Other (explain in narrative):  Other,None Indicated,,Daylight,Dry,Clear,None apparent,Intersection:  Four-way intersection,Paved,,Property Damage Only,0,0,0,0,0,0,1800,3,3,,POINT (-92.346756225157 42.452766036077)
2014785005,2014001541,02/10/2014,02-February,2-Monday,16:41,1600 Hours,District 6 (East Central),IOWA CITY,JOHNSON,,MORMON TREK BLVD & HAWKEYE PARK RD,Collision with:  Vehicle in traffic,On Roadway,Broadside (front to side),Ran Traffic Signal,None Indicated,,Daylight,Dry,Cloudy,None apparent,Intersection:  T-intersection,Paved,,Possible/Unknown,0,1,0,0,1,0,8000,2,2,,POINT (-91.573277727645 41.663857528242)
2014784788,20140003776,02/10/2014,02-February,2-Monday,16:12,1600 Hours,District 1 (Central),DES MOINES,POLK,,IOLA AVE,Collision with:  Vehicle in traffic,On Roadway,"Sideswipe, same direction",Other (explain in narrative):  No improper action,None Indicated,,Daylight,Snow,Clear,"Surface condition (e.g., wet, icy)",Non-intersection:  Non-junction/no special feature,Paved,,Minor Injury,0,1,0,1,0,0,3000,2,4,,POINT (-93.662406740321 41.594504723714)
2014784667,14-000568,02/10/2014,02-February,2-Monday,13:28,1300 Hours,District 2 (Northeast),PARKERSBURG,BUTLER,,RAILROAD ST & 2ND ST,Collision with:  Vehicle in traffic,On Roadway,Broadside (front to side),FTYROW:  From stop sign,None Indicated,,Daylight,Snow,Clear,None apparent,Intersection:  Four-way intersection,Paved,,Property Damage Only,0,0,0,0,0,0,6000,2,2,,POINT (-92.786017030578 42.579023652127)
2014784735,01-14-5925,02/10/2014,02-February,2-Monday,17:26,1700 Hours,District 6 (East Central),DUBUQUE,DUBUQUE,US 52,US 52/WHITE ST,Collision with:  Vehicle in traffic,On Roadway,Rear-end (front to rear),Lost Control,None Indicated,,Daylight,Dry,Cloudy,None apparent,Non-intersection:  Non-junction/no special feature,Paved,,Possible/Unknown,0,1,0,0,1,0,2000,2,4,,POINT (-90.666505589175 42.506189446045)
2014788477,14013810,02/10/2014,02-February,2-Monday,12:07,1200 Hours,District 2 (Northeast),CEDAR FALLS,BLACK HAWK,,23RD ST,Collision with:  Vehicle in traffic,On Roadway,Rear-end (front to rear),Followed too close,None Indicated,,Daylight,Ice/frost,Snow,"Surface condition (e.g., wet, icy)",Non-intersection:  Non-junction/no special feature,Paved,,Property Damage Only,0,0,0,0,0,0,3000,2,2,,POINT (-92.463845677346 42.51678385728)
2014785365,02-14-071,02/10/2014,02-February,2-Monday,20:55,2000 Hours,District 3 (Northwest),LE MARS,PLYMOUTH,IA 3,IA 3/5TH AVE NE/LINCOLN ST NE & 1ST ST NE,Collision with:  Vehicle in traffic,On Roadway,Broadside (front to side),FTYROW:  From stop sign,None Indicated,,Dark - roadway lighted,Dry,Clear,None apparent,Intersection:  Four-way intersection,Paved,,Property Damage Only,0,0,0,0,0,0,11400,2,2,,POINT (-96.159153002291 42.794280632815)
2014784949,14-035,02/10/2014,02-February,2-Monday,15:46,1500 Hours,District 2 (Northeast),WAVERLY,BREMER,IA 3,IA 3/BREMER AVE & 3RD ST SE & 3RD ST NE,Collision with:  Vehicle in traffic,On Roadway,Rear-end (front to rear),Driving too fast for conditions,None Indicated,,Daylight,Ice/frost,Clear,"Surface condition (e.g., wet, icy)",Intersection:  Four-way intersection,Paved,,Property Damage Only,0,0,0,0,0,0,4000,2,2,,POINT (-92.466873825585 42.725819245021)
2014784348,13003157,02/10/2014,02-February,2-Monday,08:22,0800 Hours,District 5 (Southeast),OSKALOOSA,MAHASKA,,N D ST,Collision with:  Vehicle in traffic,On Roadway,Broadside (front to side),Ran Stop Sign,None Indicated,,Daylight,Snow,Clear,None apparent,Intersection:  Four-way intersection,Paved,,Property Damage Only,0,0,0,0,0,0,4500,2,3,,POINT (-92.649824965811 41.298532591195)
2014785727,,02/10/2014,02-February,2-Monday,16:47,1600 Hours,District 2 (Northeast),CHARLES CITY,FLOYD,,HULIN ST & MILWAUKEE ST,Collision with:  Vehicle in traffic,On Roadway,Broadside (front to side),FTYROW:  From yield sign,None Indicated,,Daylight,Snow,Clear,None apparent,Intersection:  Four-way intersection,Paved,,Property Damage Only,0,0,0,0,0,0,1600,2,4,,POINT (-92.674022255305 43.069389630546)
2014784666,14-00155,02/10/2014,02-February,2-Monday,09:00,0900 Hours,District 6 (East Central),WEST BRANCH,CEDAR,,MAIN ST,Collision with fixed object:  Tree,Roadside,Non-collision (single vehicle),Crossed centerline (undivided),None Indicated,,Daylight,Snow,Clear,None apparent,Non-intersection:  Non-junction/no special feature,Paved,,Possible/Unknown,0,1,0,0,1,0,4000,1,1,,POINT (-91.350048413125 41.671425087288)
2014784745,2014001525,02/10/2014,02-February,2-Monday,10:39,1000 Hours,District 6 (East Central),IOWA CITY,JOHNSON,,NEVADA AVE & MIAMI DR,Collision with:  Vehicle in traffic,On Roadway,Broadside (front to side),FTYROW:  From yield sign,None Indicated,,Daylight,Snow,Clear,"Surface condition (e.g., wet, icy)",Intersection:  Four-way intersection,Paved,,Minor Injury,0,2,0,1,1,0,8400,2,3,,POINT (-91.503686889084 41.634699939326)
2014784455,20140003724,02/10/2014,02-February,2-Monday,09:00,0900 Hours,District 1 (Central),DES MOINES,POLK,,FOREST AVE & 9TH ST,Collision with:  Vehicle in traffic,On Roadway,Broadside (front to side),FTYROW:  From stop sign,None Indicated,,Daylight,Dry,Clear,None apparent,Intersection:  Four-way intersection,Paved,,Property Damage Only,0,0,0,0,0,0,2500,2,2,,POINT (-93.629334631508 41.604022010391)
2014785265,14-000938,02/10/2014,02-February,2-Monday,07:26,0700 Hours,District 4 (Southwest),PERRY,DALLAS,IA 144,IA 144/1ST AVE & WILLIS AVE,Collision with:  Vehicle in traffic,On Roadway,"Angle, oncoming left turn",FTYROW:  Making left turn,None Indicated,,Daylight,Wet,"Fog, smoke, smog",None apparent,Intersection:  Four-way intersection,Paved,,Property Damage Only,0,0,0,0,0,0,5500,2,6,,POINT (-94.106588087452 41.838498431092)
2014784767,14-005762,02/10/2014,02-February,2-Monday,09:30,0900 Hours,District 5 (Southeast),MUSCATINE,MUSCATINE,,CEDAR ST & CLARABECK LN,Collision with:  Vehicle in traffic,On Roadway,Rear-end (front to rear),Followed too close,None Indicated,,Daylight,Dry,Clear,None apparent,Intersection:  T-intersection,Paved,,Property Damage Only,0,0,0,0,0,0,3000,2,2,,POINT (-91.076014715454 41.435977868008)
2014786849,14-000639,02/10/2014,02-February,2-Monday,03:09,0300 Hours,District 1 (Central),ANKENY,POLK,,SW STATE ST & SW PRAIRIE TRAIL PKWY,Collision with fixed object:  Traffic sign support,Shoulder,Non-collision (single vehicle),"Operating vehicle in an reckless, erratic, careless, negligent manner",Alcohol (Statutory),,Dark - roadway lighted,Dry,Clear,None apparent,Non-intersection:  Non-junction/no special feature,Paved,,Property Damage Only,0,0,0,0,0,0,3400,1,1,,POINT (-93.62240801974 41.709812604328)
2014784820,14-005432,02/10/2014,02-February,2-Monday,12:59,1200 Hours,District 4 (Southwest),COUNCIL BLUFFS,POTTAWATTAMIE,,E BROADWAY,Collision with:  Vehicle in traffic,On Roadway,Broadside (front to side),Ran Traffic Signal,None Indicated,,Daylight,Dry,Clear,None apparent,Intersection:  Four-way intersection,Paved,,Property Damage Only,0,0,0,0,0,0,7000,2,3,,POINT (-95.843641239012 41.263363810237)
2014784560,2014-8971,02/10/2014,02-February,2-Monday,08:20,0800 Hours,District 6 (East Central),DAVENPORT,SCOTT,,IA 461/HARRISON ST,Collision with:  Vehicle in traffic,On Roadway,"Sideswipe, same direction",Improper or erratic lane changing,None Indicated,,Daylight,Wet,Clear,"Surface condition (e.g., wet, icy)",Non-intersection:  Non-junction/no special feature,Paved,,Property Damage Only,0,0,0,0,0,0,2600,2,2,,POINT (-90.577236284724 41.53918608966)
2014785325,201402007,02/10/2014,02-February,2-Monday,15:39,1500 Hours,District 6 (East Central),CEDAR RAPIDS,LINN,IA 922,IA 922/1ST AVE E & 26TH ST DR SE,Collision with:  Vehicle in traffic,On Roadway,Rear-end (front to rear),Followed too close,None Indicated,,Daylight,Wet,Clear,None apparent,Non-intersection:  Non-junction/no special feature,Paved,,Possible/Unknown,0,1,0,0,1,0,6250,3,4,,POINT (-91.635231918536 42.002251035983)
2014785353,2014001195,02/10/2014,02-February,2-Monday,08:40,0800 Hours,District 1 (Central),MARSHALLTOWN,MARSHALL,,S 6TH ST,Collision with:  Vehicle in traffic,On Roadway,Rear-end (front to rear),Other (explain in narrative):  Vision obstructed,None Indicated,,Daylight,Dry,Cloudy,None apparent,Intersection:  T-intersection,Paved,,Property Damage Only,0,0,0,0,0,0,1700,2,3,,POINT (-92.92118976902 42.037915885043)
2014784959,141016,02/10/2014,02-February,2-Monday,22:00,2200 Hours,District 4 (Southwest),,DALLAS,,270TH ST,Collision with fixed object:  Other fixed object (explain in narrative),On Roadway,Non-collision (single vehicle),Driving too fast for conditions,None Indicated,,Dark - roadway not lighted,Snow,Clear,None apparent,Non-intersection:  Non-junction/no special feature,Unpaved,,Property Damage Only,0,0,0,0,0,0,1650,1,1,,POINT (-93.993270875726 41.643786999709)
2014784706,W14-013946,02/10/2014,02-February,2-Monday,18:19,1800 Hours,District 2 (Northeast),WATERLOO,BLACK HAWK,,W RIDGEWAY AVE & E RIDGEWAY AVE & KIMBALL AVE,Collision with:  Vehicle in traffic,On Roadway,Rear-end (front to rear),Other (explain in narrative):  Other,None Indicated,,Dark - roadway lighted,Dry,Clear,None apparent,Intersection:  Four-way intersection,Paved,,Possible/Unknown,0,2,0,0,2,0,750,2,4,,POINT (-92.356935302441 42.469394432676)
2014785138,14-4073,02/10/2014,02-February,2-Monday,15:36,1500 Hours,District 3 (Northwest),SIOUX CITY,WOODBURY,,W 27TH ST & ROSS ST,Collision with:  Vehicle in traffic,On Roadway,Rear-end (front to rear),Other (explain in narrative):  Vision obstructed,None Indicated,,Daylight,Dry,Clear,None apparent,Non-intersection:  Non-junction/no special feature,Paved,,Property Damage Only,0,0,0,0,0,0,2000,2,777,,POINT (-96.428091921066 42.5177857205)
2014788236,2014009726,02/10/2014,02-February,2-Monday,17:29,1700 Hours,District 1 (Central),ANKENY,POLK,I-35,I-35 & I-80,Collision with:  Vehicle in traffic,On Roadway,Rear-end (front to rear),Followed too close,None Indicated,,Daylight,Dry,Clear,None apparent,Non-intersection:  Non-junction/no special feature,Paved,,Property Damage Only,0,0,0,0,0,0,9000,2,2,,POINT (-93.574164692635 41.652337166292)
2014785339,201402008,02/10/2014,02-February,2-Monday,16:08,1600 Hours,District 6 (East Central),CEDAR RAPIDS,LINN,,7TH ST SE,Collision with:  Vehicle in traffic,On Roadway,"Angle, oncoming left turn",Ran Traffic Signal,None Indicated,,Daylight,Dry,Clear,None apparent,Intersection:  Other intersection (explain in narrative),Paved,,Possible/Unknown,0,1,0,0,1,0,11500,2,2,,POINT (-91.662985877506 41.981772876777)
2014785239,14-13827,02/10/2014,02-February,2-Monday,12:45,1200 Hours,District 2 (Northeast),HUDSON,BLACK HAWK,IA 58,IA 58/HWY 58/HUDSON RD & WATTERS RD,Collision with:  Animal,,Non-collision (single vehicle),Animal,None Indicated,,,,,,,Paved,,Property Damage Only,0,0,0,0,0,0,3000,1,1,,POINT (-92.464116487829 42.408038840457)
2014784983,P14-001668,02/10/2014,02-February,2-Monday,10:19,1000 Hours,District 1 (Central),WEBSTER CITY,HAMILTON,,DES MOINES ST,Collision with:  Parked motor vehicle,On Roadway,Rear-end (front to rear),Lost Control,None Indicated,,Daylight,Ice/frost,Cloudy,"Surface condition (e.g., wet, icy)",Non-intersection:  Non-junction/no special feature,Paved,,Property Damage Only,0,0,0,0,0,0,3000,2,1,,POINT (-93.821489191663 42.468191421634)
2014784836,14-0411,02/10/2014,02-February,2-Monday,09:35,0900 Hours,District 1 (Central),FORT DODGE,WEBSTER,,13TH AVE N & N 31ST ST,Collision with:  Vehicle in traffic,On Roadway,"Sideswipe, opposite direction",Other (explain in narrative):  No improper action,None Indicated,,Daylight,Ice/frost,Clear,None apparent,Non-intersection:  Non-junction/no special feature,Paved,,Property Damage Only,0,0,0,0,0,0,1500,2,3,,POINT (-94.150948584902 42.518283075672)
2014787357,14-3355,02/10/2014,02-February,2-Monday,07:29,0700 Hours,District 1 (Central),NEWTON,JASPER,,S 6TH AVE W & W 5TH ST S,Collision with:  Vehicle in traffic,On Roadway,Broadside (front to side),FTYROW:  At uncontrolled intersection,None Indicated,,Daylight,Snow,Clear,None apparent,Intersection:  Four-way intersection,Paved,,Property Damage Only,0,0,0,0,0,0,6000,2,3,,POINT (-93.059233953291 41.694621508573)
2014784718,CL14000412,02/10/2014,02-February,2-Monday,09:34,0900 Hours,District 6 (East Central),CLINTON,CLINTON,,11TH AVE S & S 7TH ST,Collision with:  Parked motor vehicle,Shoulder,"Sideswipe, same direction",Unknown,None Indicated,,Daylight,Snow,Clear,None apparent,Non-intersection:  Non-junction/no special feature,Paved,,Property Damage Only,0,0,0,0,0,0,3000,2,777,,POINT (-90.200658504173 41.834201194257)
2014785795,14-1892,02/10/2014,02-February,2-Monday,20:38,2000 Hours,District 3 (Northwest),SPENCER,CLAY,,W 11TH ST,Collision with:  Vehicle in traffic,On Roadway,Rear-end (front to rear),Lost Control,None Indicated,,Dark - unknown roadway lighting,Wet,Clear,None apparent,Non-intersection:  Non-junction/no special feature,Paved,,Property Damage Only,0,0,0,0,0,0,3000,2,1,,POINT (-95.151061722428 43.148638063905)
2014784834,14S00165,02/10/2014,02-February,2-Monday,11:13,1100 Hours,District 4 (Southwest),,UNION,IA 25,IA 25/IOWA 25,Collision with fixed object:  Culvert/pipe opening,Roadside,Non-collision (single vehicle),"Operating vehicle in an reckless, erratic, careless, negligent manner",Refused,,Daylight,Dry,Clear,None apparent,Non-intersection:  Non-junction/no special feature,Paved,,Possible/Unknown,0,1,0,0,0,1,2500,1,1,,POINT (-94.41431107065 41.125763545857)
2014784731,01-14-5859,02/10/2014,02-February,2-Monday,08:40,0800 Hours,District 6 (East Central),DUBUQUE,DUBUQUE,IA 946,IA 946/IOWA 946 & LOCUST ST,Collision with:  Vehicle in traffic,On Roadway,Rear-end (front to rear),Followed too close,None Indicated,,Daylight,Dry,Clear,None apparent,Non-intersection:  Non-junction/no special feature,Paved,,Property Damage Only,0,0,0,0,0,0,2000,2,2,,POINT (-90.66480320823 42.493727555071)
2014785249,14002051,02/10/2014,02-February,2-Monday,12:11,1200 Hours,District 2 (Northeast),MASON CITY,CERRO GORDO,IA 122,IA 122/4TH ST SW & CERRO GORDO & WINNEBAGO WAY,Collision with:  Vehicle in traffic,On Roadway,Rear-end (front to rear),Other (explain in narrative):  Other,None Indicated,,Daylight,Dry,Clear,None apparent,Intersection:  Four-way intersection,Paved,,Property Damage Only,0,0,0,0,0,0,1650,2,2,,POINT (-93.230310385296 43.148343102799)