Iowa DOT Case Number,Law Enforcement Case Number,Date of Crash,Month of Crash,Day of Week,Time of Crash,Hour,DOT District,City Name,County Name,Route with System,Location Description,First Harmful Event,Location of First Harmful Event,Manner of Crash/Collision,Major Cause,Drug or Alcohol ,Environmental Conditions,Light Conditions,Surface Conditions,Weather Conditions,Roadway Contribution,Roadway Type,Roadway Surface,Work Zone,Crash Severity,Number of Fatalities,Number of Injuries,Number of Major Injuries,Number of Minor Injuries,Number of Possible Injuries,Number of Unknown Injuries,Amount of Property Damage,Number of Vehicles Involved,Total Number of Occupants,Travel Direction,Location
2014784190,14-04547,02/10/2014,02-February,2-Monday,09:04,0900 Hours,District 5 (Southeast),BURLINGTON,DES MOINES,,BARRET ST & MADISON AVE,Collision with:  Vehicle in traffic,On Roadway,Broadside (front to side),Ran Stop Sign,None Indicated,,Daylight,Snow,Clear,None apparent,Intersection:  Four-way intersection,Paved,,Property Damage Only,0,0,0,0,0,0,7000,2,5,,POINT (-91.107448626488 40.790786912561)
2014785710,2014009763,02/10/2014,02-February,2-Monday,23:15,2300 Hours,District 3 (Northwest),,BUENA VISTA,,Co Rd M31/50TH AVE,Collision with fixed object:  Traffic sign support,Roadside,Non-collision (single vehicle),Ran off road - left,None Indicated,,Dark - roadway not lighted,Dry,Clear,None apparent,Non-intersection:  Driveway access (within),Paved,,Property Damage Only,0,0,0,0,0,0,1550,1,1,,POINT (-95.309226814808 42.838308482174)
2014784723,1400275,02/10/2014,02-February,2-Monday,15:30,1500 Hours,District 5 (Southeast),BLOOMFIELD,DAVIS,,MADISON ST,Collision with:  Vehicle in traffic,On Roadway,Rear-end (front to rear),Other (explain in narrative):  Vision obstructed,None Indicated,,Daylight,Wet,Clear,Other (explain in narrative),Non-intersection:  Other non-intersection (explain in narrative),Paved,,Property Damage Only,0,0,0,0,0,0,2000,2,2,,POINT (-92.415070335838 40.751370855459)
2014784823,GP20140099,02/10/2014,02-February,2-Monday,10:20,1000 Hours,District 1 (Central),GRINNELL,POWESHIEK,,1ST AVE,Collision with:  Vehicle in traffic,On Roadway,Broadside (front to side),"Operating vehicle in an reckless, erratic, careless, negligent manner",None Indicated,,Daylight,Snow,Clear,None apparent,Non-intersection:  Non-junction/no special feature,Paved,,Property Damage Only,0,0,0,0,0,0,1800,2,2,,POINT (-92.727714486916 41.738890368365)
2014784757,2014001192,02/10/2014,02-February,2-Monday,05:48,0500 Hours,District 1 (Central),MARSHALLTOWN,MARSHALL,,SUMMIT ST,Collision with:  Vehicle in traffic,Roadside,"Sideswipe, same direction",Unknown,None Indicated,,Dark - roadway lighted,Slush,Cloudy,None apparent,Non-intersection:  Non-junction/no special feature,Paved,,Property Damage Only,0,0,0,0,0,0,1750,2,1,,POINT (-92.928156360311 42.052781339537)
2014784734,01-14-5972,02/10/2014,02-February,2-Monday,23:09,2300 Hours,District 6 (East Central),DUBUQUE,DUBUQUE,US 52,US 52/KERRIGAN RD,Collision with:  Vehicle in traffic,On Roadway,"Sideswipe, same direction",Unknown,None Indicated,,Dark - roadway lighted,Dry,Clear,None apparent,Non-intersection:  Non-junction/no special feature,Paved,,Property Damage Only,0,0,0,0,0,0,2000,2,2,,POINT (-90.66791976026 42.472079412554)
2014784756,2014001194,02/10/2014,02-February,2-Monday,08:10,0800 Hours,District 1 (Central),MARSHALLTOWN,MARSHALL,IA 14,IA 14/S CENTER ST & W INGLEDUE ST,Collision with:  Vehicle in traffic,On Roadway,"Angle, oncoming left turn",FTYROW:  Making left turn,None Indicated,,Daylight,Wet,Clear,None apparent,Intersection:  Four-way intersection,Paved,,Minor Injury,0,3,0,2,1,0,20000,3,5,,POINT (-92.912764494966 42.032145559701)
2014793238,SA1400953,02/10/2014,02-February,2-Monday,23:49,2300 Hours,District 5 (Southeast),,WASHINGTON,,Co Rd G36/220TH ST,Collision with:  Animal,On Roadway,Non-collision (single vehicle),Animal,None Indicated,,Dark - roadway not lighted,Dry,Clear,None apparent,Non-intersection:  Non-junction/no special feature,Paved,,Minor Injury,0,1,0,1,0,0,6000,1,1,,POINT (-91.59761612675 41.337766158947)
2014785351,A14-009,02/10/2014,02-February,2-Monday,08:03,0800 Hours,District 4 (Southwest),WINTERSET,MADISON,,W GRADE ST,Collision with:  Vehicle in traffic,On Roadway,"Sideswipe, opposite direction",Crossed centerline (undivided),None Indicated,,Daylight,Snow,Cloudy,"Surface condition (e.g., wet, icy)",Non-intersection:  Non-junction/no special feature,Unpaved,,Property Damage Only,0,0,0,0,0,0,6500,2,6,,POINT (-94.015212911348 41.330978982064)
2014785006,2014001543,02/10/2014,02-February,2-Monday,17:06,1700 Hours,District 6 (East Central),IOWA CITY,JOHNSON,,E BLOOMINGTON ST & LUCAS ST,Collision with:  Vehicle in traffic,On Roadway,Broadside (front to side),Ran Stop Sign,None Indicated,,Daylight,Snow,Clear,None apparent,Intersection:  Four-way intersection,Paved,,Property Damage Only,0,0,0,0,0,0,3000,2,2,,POINT (-91.52424243943 41.664616323701)
2014785210,,02/10/2014,02-February,2-Monday,19:25,1900 Hours,District 5 (Southeast),,LUCAS,IA 14,IA 14 & 510TH LN,Collision with:  Animal,On Roadway,Non-collision (single vehicle),Animal,None Indicated,,Dark - roadway not lighted,Dry,Clear,None apparent,Non-intersection:  Non-junction/no special feature,Paved,,Property Damage Only,0,0,0,0,0,0,1500,1,1,,POINT (-93.303399233076 41.057937124825)
2014785323,201401987,02/10/2014,02-February,2-Monday,07:42,0700 Hours,District 6 (East Central),CEDAR RAPIDS,LINN,I-380,I-380,Collision with fixed object:  Bridge overhead structure,On Roadway,"Sideswipe, same direction",Lost Control,None Indicated,,Daylight,Other (explain in narrative),Clear,"Surface condition (e.g., wet, icy)",Non-intersection:  Other non-intersection (explain in narrative),Paved,,Property Damage Only,0,0,0,0,0,0,6500,2,3,,POINT (-91.671902396351 41.968600889028)
2014785324,201401990,02/10/2014,02-February,2-Monday,08:55,0800 Hours,District 6 (East Central),CEDAR RAPIDS,LINN,,MT VERNON RD SE & MOUNT VERNON RD SE & 19TH ST SE,Collision with:  Vehicle in traffic,On Roadway,Rear-end (front to rear),Lost Control,None Indicated,,Daylight,Wet,Clear,"Surface condition (e.g., wet, icy)",Intersection:  T-intersection,Paved,,Property Damage Only,0,0,0,0,0,0,12000,3,3,,POINT (-91.642176470851 41.977187496014)
2014786402,2014-9009,02/10/2014,02-February,2-Monday,11:01,1100 Hours,District 6 (East Central),DAVENPORT,SCOTT,,SUNNYSIDE AVE & S OHIO AVE,Collision with:  Parked motor vehicle,On Roadway,Broadside (front to side),"Operating vehicle in an reckless, erratic, careless, negligent manner",None Indicated,,Daylight,Snow,Clear,None apparent,Non-intersection:  Non-junction/no special feature,Paved,,Property Damage Only,0,0,0,0,0,0,2050,2,1,,POINT (-90.625785416251 41.50476781196)
2014790535,,02/10/2014,02-February,2-Monday,08:38,0800 Hours,District 2 (Northeast),HAMPTON,FRANKLIN,,2ND AVE NW & 3RD ST NW,Collision with:  Vehicle in traffic,On Roadway,Broadside (front to side),FTYROW:  At uncontrolled intersection,None Indicated,,Daylight,Snow,Clear,"Surface condition (e.g., wet, icy)",Intersection:  Four-way intersection,Paved,,Property Damage Only,0,0,0,0,0,0,4000,2,4,,POINT (-93.211151428452 42.743588601701)
2014785111,2014-9042,02/10/2014,02-February,2-Monday,15:46,1500 Hours,District 6 (East Central),DAVENPORT,SCOTT,US 6,US 6/E KIMBERLY RD & DAVENPORT AVE,Collision with:  Vehicle in traffic,On Roadway,Rear-end (front to rear),Other (explain in narrative):  Other,None Indicated,,Daylight,Snow,Snow,None apparent,Non-intersection:  Non-junction/no special feature,Paved,,Possible/Unknown,0,1,0,0,1,0,4000,2,2,,POINT (-90.563555246712 41.55874694577)
2014789262,14-000179,02/10/2014,02-February,2-Monday,15:09,1500 Hours,District 1 (Central),COLO,STORY,,WARNER ST & WEST ST,Collision with:  Vehicle in traffic,On Roadway,Broadside (front to side),FTYROW:  Making left turn,None Indicated,,Daylight,Snow,Clear,None apparent,Intersection:  T-intersection,Paved,,Property Damage Only,0,0,0,0,0,0,5500,2,2,,POINT (-93.319182598616 42.019224736445)
2014791900,,02/10/2014,02-February,2-Monday,05:11,0500 Hours,District 5 (Southeast),,MUSCATINE,,SWEETLAND RD,Collision with:  Animal,On Roadway,Non-collision (single vehicle),Animal,None Indicated,,Dark - roadway not lighted,Dry,Clear,None apparent,Non-intersection:  Non-junction/no special feature,Paved,,Property Damage Only,0,0,0,0,0,0,6000,1,2,,POINT (-90.972201149248 41.453558913224)
2014786441,14-000647,02/10/2014,02-February,2-Monday,10:10,1000 Hours,District 1 (Central),AMES,STORY,US 69,US 69/S DUFF AVE/LINCOLN WAY,Collision with:  Vehicle in traffic,On Roadway,Broadside (front to side),FTYROW:  Making left turn,None Indicated,,Daylight,Dry,Clear,None apparent,Intersection:  Four-way intersection,Paved,,Property Damage Only,0,0,0,0,0,0,6500,2,3,,POINT (-93.610365685011 42.022909268045)
2014788006,A14009,02/10/2014,02-February,2-Monday,07:51,0700 Hours,District 5 (Southeast),KNOXVILLE,MARION,,N ROCHE ST,Collision with:  Vehicle in traffic,On Roadway,Rear-end (front to rear),FTYROW:  From driveway,None Indicated,,Daylight,Snow,Clear,None apparent,Non-intersection:  Driveway access (within),Paved,,Property Damage Only,0,0,0,0,0,0,2100,2,2,,POINT (-93.099867890352 41.322270878379)
2014785735,,02/10/2014,02-February,2-Monday,13:20,1300 Hours,District 6 (East Central),CEDAR RAPIDS,LINN,I-380,I-380 & US 30/RAMP/LOOP & KIRKWOOD BLVD SW,Collision with:  Vehicle in traffic,On Roadway,Rear-end (front to rear),Unknown,None Indicated,,Daylight,Wet,Clear,,Intersection:  Four-way intersection,Paved,,Property Damage Only,0,0,0,0,0,0,4250,2,2,,POINT (-91.656738346368 41.925220338077)
2014785139,14-4078,02/10/2014,02-February,2-Monday,16:18,1600 Hours,District 3 (Northwest),SIOUX CITY,WOODBURY,IA 12,IA 12/GORDON DR & COURT ST,Collision with:  Vehicle in traffic,On Roadway,Rear-end (front to rear),Driving too fast for conditions,None Indicated,,Daylight,Dry,Clear,None apparent,Intersection:  Four-way intersection,Paved,,Property Damage Only,0,0,0,0,0,0,5000,3,3,,POINT (-96.396339279167 42.489791861142)
2014785656,2014-8969,02/10/2014,02-February,2-Monday,08:14,0800 Hours,District 6 (East Central),DAVENPORT,SCOTT,,W 53RD ST & N DIVISION ST,Collision with:  Non-motorist (see non-motorist section - NOT a unit),On Roadway,Non-collision (single vehicle),Other (explain in narrative):  No improper action,None Indicated,,Daylight,Dry,Cloudy,None apparent,Intersection:  Four-way intersection,Paved,,Minor Injury,0,1,0,1,0,0,1000,1,2,,POINT (-90.600359539166 41.574507980853)
2014785183,2014009615,02/10/2014,02-February,2-Monday,12:25,1200 Hours,District 2 (Northeast),POSTVILLE,ALLAMAKEE,US 18,US 18/LAWLER ST/MILITARY RD & ASPEN AVE,Collision with:  Vehicle in traffic,On Roadway,Head-on (front to front),Ran Stop Sign,None Indicated,,Daylight,Dry,Clear,None apparent,Intersection:  Four-way intersection,Paved,,Minor Injury,0,1,0,1,0,0,10000,2,2,,POINT (-91.568249899109 43.082589356439)
2014784664,14-000566,02/10/2014,02-February,2-Monday,07:50,0700 Hours,District 2 (Northeast),PARKERSBURG,BUTLER,IA 14,IA 14/IOWA 14 & MULLERS AVE & 2ND ST,Collision with:  Vehicle in traffic,On Roadway,"Angle, oncoming left turn",FTYROW:  Making left turn,None Indicated,,Daylight,Dry,Clear,None apparent,Intersection:  Four-way intersection,Paved,,Property Damage Only,0,0,0,0,0,0,2000,2,2,,POINT (-92.785924836458 42.57035093616)
2014784453,20140003723,02/10/2014,02-February,2-Monday,08:55,0800 Hours,District 1 (Central),DES MOINES,POLK,,FOREST AVE & 41ST ST,Collision with:  Vehicle in traffic,On Roadway,Broadside (front to side),FTYROW:  From stop sign,None Indicated,,Daylight,Slush,Clear,None apparent,Intersection:  Four-way intersection,Paved,,Property Damage Only,0,0,0,0,0,0,4000,3,4,,POINT (-93.672944201206 41.603991184151)
2014798032,14-000941,02/10/2014,02-February,2-Monday,21:21,2100 Hours,District 2 (Northeast),VOLGA CITY,CLAYTON,IA 13,IA 13/IOWA 13,Collision with:  Animal,,,Animal,None Indicated,,,,,,,Paved,,Property Damage Only,0,0,0,0,0,0,1500,1,1,,POINT (-91.460705890061 42.769747199813)
2014785398,14-0292,02/10/2014,02-February,2-Monday,08:26,0800 Hours,District 4 (Southwest),URBANDALE,DALLAS,,NORTHVIEW DR,Collision with:  Vehicle in traffic,On Roadway,Broadside (front to side),Driving too fast for conditions,None Indicated,,Daylight,Ice/frost,Clear,None apparent,Intersection:  T-intersection,Paved,,Property Damage Only,0,0,0,0,0,0,7500,2,5,,POINT (-93.827386919907 41.653477420059)
2014785003,2014001534,02/10/2014,02-February,2-Monday,13:17,1300 Hours,District 6 (East Central),IOWA CITY,JOHNSON,US 6,US 6,Collision with:  Vehicle in traffic,On Roadway,Rear-end (front to rear),Followed too close,None Indicated,,Daylight,Dry,Clear,None apparent,Intersection:  T-intersection,Paved,,Property Damage Only,0,0,0,0,0,0,4000,2,3,,POINT (-91.548396311078 41.664662773331)
2014784429,20140003747,02/10/2014,02-February,2-Monday,12:14,1200 Hours,District 1 (Central),DES MOINES,POLK,,2ND AVE,Collision with:  Vehicle in traffic,On Roadway,Broadside (front to side),Ran Traffic Signal,None Indicated,,Daylight,Ice/frost,Clear,None apparent,Intersection:  Four-way intersection,Paved,,Possible/Unknown,0,3,0,0,3,0,13000,2,3,,POINT (-93.619686343752 41.600273371197)
2014785002,2014001528,02/10/2014,02-February,2-Monday,10:25,1000 Hours,District 6 (East Central),IOWA CITY,JOHNSON,,WASHINGTON ST & S SCOTT BLVD & N SCOTT BLVD & SCOTT PARK DR,Collision with:  Vehicle in traffic,On Roadway,Broadside (front to side),FTYROW:  From stop sign,None Indicated,,Daylight,Wet,Clear,None apparent,Intersection:  Four-way intersection,Paved,,Property Damage Only,0,0,0,0,0,0,4000,2,2,,POINT (-91.481980549922 41.660264932851)
2014784737,01-14-5895,02/10/2014,02-February,2-Monday,13:30,1300 Hours,District 6 (East Central),DUBUQUE,DUBUQUE,US 52,US 52/SW RAMP & W 4TH ST & E 4TH ST & CENTRAL AVE,Collision with:  Vehicle in traffic,On Roadway,Broadside (front to side),Ran Stop Sign,None Indicated,,Daylight,Wet,Clear,None apparent,Intersection:  Four-way intersection,Paved,,Property Damage Only,0,0,0,0,0,0,6000,2,3,,POINT (-90.663334261518 42.498209214068)
2014784489,14-0710,02/10/2014,02-February,2-Monday,01:00,0100 Hours,District 4 (Southwest),WEST DES MOINES,DALLAS,,ASHWORTH RD,Collision with fixed object:  Utility pole/light support,Outside trafficway,Non-collision (single vehicle),Crossed centerline (undivided),Drug,,Dark - roadway lighted,Dry,Clear,None apparent,Non-intersection:  Non-junction/no special feature,Paved,,Property Damage Only,0,0,0,0,0,0,4100,1,1,,POINT (-93.792443373725 41.584233382514)
2014784432,20140003717,02/10/2014,02-February,2-Monday,07:53,0700 Hours,District 1 (Central),DES MOINES,POLK,,GRAND AVE & 36TH ST,Collision with:  Vehicle in traffic,On Roadway,"Angle, oncoming left turn",Made improper turn,None Indicated,,Dawn,Dry,Clear,None apparent,Intersection:  Other intersection (explain in narrative),Paved,,Property Damage Only,0,0,0,0,0,0,4000,2,2,,POINT (-93.665363299659 41.584462592023)
2014784106,W14-013740,02/10/2014,02-February,2-Monday,07:54,0700 Hours,District 2 (Northeast),WATERLOO,BLACK HAWK,US 218,US 218,Collision with fixed object:  Bridge overhead structure,On Roadway,Non-collision (single vehicle),Swerving/Evasive Action,None Indicated,,Daylight,Ice/frost,Clear,"Surface condition (e.g., wet, icy)",Non-intersection:  Other non-intersection (explain in narrative),Paved,,Possible/Unknown,0,1,0,0,1,0,3000,1,1,,POINT (-92.340215710218 42.491931123367)
2014784829,14-2525,02/10/2014,02-February,2-Monday,10:53,1000 Hours,District 6 (East Central),BETTENDORF,SCOTT,US 67,US 67/STATE ST & DEVILS GLEN RD,Collision with:  Vehicle in traffic,On Roadway,Rear-end (front to rear),Other (explain in narrative):  Other,None Indicated,,Daylight,Dry,Clear,None apparent,Intersection:  Four-way intersection,Paved,,Property Damage Only,0,0,0,0,0,0,6500,2,2,,POINT (-90.481363490086 41.529271496991)
2014787385,20141013,02/10/2014,02-February,2-Monday,10:03,1000 Hours,District 6 (East Central),MOUNT VERNON,LINN,,3RD ST SW & 12TH AVE SW,Collision with:  Vehicle in traffic,On Roadway,Rear-end (front to rear),Made improper turn,None Indicated,,Daylight,Snow,Clear,None apparent,Intersection:  T-intersection,Paved,,Minor Injury,0,2,0,1,1,0,9000,3,3,,POINT (-91.430976088713 41.924545339162)
2014784583,201400006805,02/10/2014,02-February,2-Monday,08:01,0800 Hours,District 5 (Southeast),OTTUMWA,WAPELLO,IA 149,IA 149/WAPELLO ST VIADUCT,Collision with fixed object:  Curb/island/raised median,On Roadway,Non-collision (single vehicle),Crossed centerline (undivided),None Indicated,,Daylight,Ice/frost,Clear,"Surface condition (e.g., wet, icy)",Non-intersection:  Other non-intersection (explain in narrative),Paved,,Property Damage Only,0,0,0,0,0,0,10000,1,1,,POINT (-92.419208178135 41.018417330315)
2014784975,14-001425,02/10/2014,02-February,2-Monday,19:01,1900 Hours,District 2 (Northeast),,FAYETTE,IA 150,IA 150/LINCOLN RD,Collision with:  Animal,On Roadway,Non-collision (single vehicle),Animal,None Indicated,,Dark - roadway not lighted,Dry,Clear,None apparent,Non-intersection:  Non-junction/no special feature,Paved,,Property Damage Only,0,0,0,0,0,0,4500,1,1,,POINT (-91.838804364238 43.064844846647)
2014785246,14002037,02/10/2014,02-February,2-Monday,07:54,0700 Hours,District 2 (Northeast),MASON CITY,CERRO GORDO,,BIRCH DR,Collision with:  Parked motor vehicle,On Roadway,Rear-end (front to rear),Other (explain in narrative):  Other,None Indicated,,Daylight,Ice/frost,Clear,None apparent,Non-intersection:  Non-junction/no special feature,Paved,,Property Damage Only,0,0,0,0,0,0,8000,2,3,,POINT (-93.185282671063 43.159356757436)
2014785113,2014-9078,02/10/2014,02-February,2-Monday,17:55,1700 Hours,District 6 (East Central),DAVENPORT,SCOTT,,W CENTRAL PARK AVE,Collision with:  Vehicle in traffic,On Roadway,"Sideswipe, same direction",FTYROW:  Other (explain in narrative),None Indicated,,Dark - roadway lighted,Dry,Clear,None apparent,Non-intersection:  Driveway access (within),Paved,,Possible/Unknown,0,1,0,0,1,0,4000,2,2,,POINT (-90.605773059348 41.545494186261)
2014792063,14C00588,02/10/2014,02-February,2-Monday,12:52,1200 Hours,District 4 (Southwest),CRESTON,UNION,,W DEVOE ST & N SPRUCE ST,Collision with:  Vehicle in traffic,On Roadway,Broadside (front to side),FTYROW:  Other (explain in narrative),None Indicated,,Daylight,Snow,Clear,"Surface condition (e.g., wet, icy)",Intersection:  Four-way intersection,Paved,,Property Damage Only,0,0,0,0,0,0,4000,2,2,,POINT (-94.369651040097 41.066167629073)
2014784791,20140003787,02/10/2014,02-February,2-Monday,18:53,1800 Hours,District 1 (Central),DES MOINES,POLK,,VIRGINIA AVE & SW 5TH ST,Collision with fixed object:  Other fixed object (explain in narrative),On Roadway,Non-collision (single vehicle),Ran off road - right,None Indicated,,Dark - roadway lighted,Ice/frost,Clear,"Surface condition (e.g., wet, icy)",Intersection:  Four-way intersection,Paved,,Property Damage Only,0,0,0,0,0,0,6500,1,1,,POINT (-93.620927886307 41.558274800699)
2014785129,891400831,02/10/2014,02-February,2-Monday,13:09,1300 Hours,District 5 (Southeast),FARMINGTON,VAN BUREN,IA 2,IA 2/4TH ST & STATE ST,Collision with:  Vehicle in traffic,On Roadway,Head-on (front to front),FTYROW:  Making left turn,None Indicated,,Daylight,Dry,Clear,None apparent,Intersection:  Four-way intersection,Paved,,Possible/Unknown,0,1,0,0,1,0,4500,2,3,,POINT (-91.740254551111 40.640120127069)
2014784721,2014-0498,02/10/2014,02-February,2-Monday,07:04,0700 Hours,District 4 (Southwest),WAUKEE,DALLAS,,NE DARTMOOR DR,Collision with:  Parked motor vehicle,On Roadway,Rear-end (front to rear),Lost Control,None Indicated,,Dawn,Dry,Cloudy,None apparent,Non-intersection:  Non-junction/no special feature,Paved,,Property Damage Only,0,0,0,0,0,0,4500,2,1,,POINT (-93.866086215684 41.618821163469)
2014785722,,02/10/2014,02-February,2-Monday,15:50,1500 Hours,District 1 (Central),COLFAX,JASPER,IA 117,IA 117/S WALNUT ST & W DIVISION ST & E DIVISION ST,Collision with fixed object:  Utility pole/light support,Shoulder,Non-collision (single vehicle),FTYROW:  Other (explain in narrative),None Indicated,,Daylight,Snow,Unknown,Unknown,Unknown,Paved,,Property Damage Only,0,0,0,0,0,0,2000,1,1,,POINT (-93.245173150933 41.677072517099)
2014785140,14-4079,02/10/2014,02-February,2-Monday,16:10,1600 Hours,District 3 (Northwest),SIOUX CITY,WOODBURY,IA 12,IA 12/GORDON DR,Collision with:  Vehicle in traffic,On Roadway,Rear-end (front to rear),Followed too close,None Indicated,,Daylight,Dry,Clear,None apparent,Intersection:  Four-way intersection,Paved,,Property Damage Only,0,0,0,0,0,0,12015,2,2,,POINT (-96.35229595982 42.47954624108)
2014785136,S14-1289,02/10/2014,02-February,2-Monday,14:44,1400 Hours,District 3 (Northwest),SIOUX CITY,WOODBURY,US 75,US 75,Collision with:  Vehicle in traffic,On Roadway,"Sideswipe, same direction",Crossed centerline (undivided),None Indicated,,Daylight,Dry,Clear,None apparent,Non-intersection:  Non-junction/no special feature,Paved,,Property Damage Only,0,0,0,0,0,0,13300,5,5,,POINT (-96.323366578545 42.48433367453)
2014785004,2014001540,02/10/2014,02-February,2-Monday,16:12,1600 Hours,District 6 (East Central),IOWA CITY,JOHNSON,,LOWER MUSCATINE RD & S 1ST AVE,Collision with:  Vehicle in traffic,On Roadway,"Angle, oncoming left turn",Ran Traffic Signal,None Indicated,,Daylight,Wet,Clear,None apparent,Intersection:  Four-way intersection,Paved,,Property Damage Only,0,0,0,0,0,0,11000,2,2,,POINT (-91.506485724021 41.64191482286)
2014786641,14-001630,02/10/2014,02-February,2-Monday,15:55,1500 Hours,District 4 (Southwest),GLENWOOD,MILLS,,S WALNUT ST,Collision with:  Parked motor vehicle,On Roadway,Rear-end (front to rear),Unknown,None Indicated,,Daylight,Dry,Clear,None apparent,Non-intersection:  Non-junction/no special feature,Paved,,Possible/Unknown,0,1,0,0,0,1,1500,2,777,,POINT (-95.743241345468 41.045887639474)
2014785040,14-005833,02/10/2014,02-February,2-Monday,17:19,1700 Hours,District 5 (Southeast),MUSCATINE,MUSCATINE,,,Collision with:  Vehicle in traffic,On Roadway,Broadside (front to side),FTYROW:  At uncontrolled intersection,None Indicated,,Daylight,Snow,Clear,"Surface condition (e.g., wet, icy)",Intersection:  T-intersection,,,Possible/Unknown,0,1,0,0,1,0,3500,2,3,,POINT (-96.643700149993 40.233091251414)
2014784772,14-000641,02/10/2014,02-February,2-Monday,04:28,0400 Hours,District 1 (Central),ANKENY,POLK,,SW IRVINEDALE DR,Collision with fixed object:  Curb/island/raised median,Median,Non-collision (single vehicle),Other (explain in narrative):  Other,Alcohol (Statutory),,Dark - roadway lighted,Snow,Clear,None apparent,Non-intersection:  Crossover-related,Paved,,Property Damage Only,0,0,0,0,0,0,3400,1,1,,POINT (-93.638782911432 41.722296588248)
2014784437,20140003729,02/10/2014,02-February,2-Monday,08:50,0800 Hours,District 1 (Central),DES MOINES,POLK,IA 28,IA 28/63RD ST,Collision with:  Vehicle in traffic,On Roadway,Rear-end (front to rear),Other (explain in narrative):  Other,None Indicated,,Daylight,Dry,Clear,None apparent,Non-intersection:  Non-junction/no special feature,Paved,,Property Damage Only,0,0,0,0,0,0,5500,2,4,,POINT (-93.703798540981 41.607400309936)
2014786440,14-000645,02/10/2014,02-February,2-Monday,08:24,0800 Hours,District 1 (Central),AMES,STORY,,KENT AVE,Collision with:  Vehicle in traffic,On Roadway,Rear-end (front to rear),Driving too fast for conditions,None Indicated,,Daylight,Snow,Clear,"Surface condition (e.g., wet, icy)",Intersection:  Four-way intersection,Paved,,Property Damage Only,0,0,0,0,0,0,1600,2,2,,POINT (-93.63976520855 42.045724888162)
2014784778,20140003800,02/10/2014,02-February,2-Monday,22:10,2200 Hours,District 1 (Central),DES MOINES,POLK,,E EMMA AVE,Collision with:  Parked motor vehicle,Roadside,Rear-end (front to rear),Unknown,None Indicated,,Dark - roadway not lighted,Snow,Clear,None apparent,Non-intersection:  Non-junction/no special feature,Paved,,Property Damage Only,0,0,0,0,0,0,2000,2,1,,POINT (-93.598702778288 41.543566630123)
2014785903,14-000645,02/10/2014,02-February,2-Monday,12:40,1200 Hours,District 1 (Central),ANKENY,POLK,I-35,I-35,Collision with:  Vehicle in traffic,On Roadway,Rear-end (front to rear),Followed too close,None Indicated,,Daylight,Dry,Clear,None apparent,Non-intersection:  Non-junction/no special feature,Paved,,Possible/Unknown,0,1,0,0,1,0,31300,3,6,,POINT (-93.576382617934 41.712493585882)
2014784812,14-000291,02/10/2014,02-February,2-Monday,14:25,1400 Hours,District 1 (Central),ALTOONA,POLK,,LAKE SHORE DR SE,Collision with fixed object:  Utility pole/light support,On Roadway,Non-collision (single vehicle),Driving too fast for conditions,None Indicated,,Daylight,Ice/frost,Clear,"Surface condition (e.g., wet, icy)",Non-intersection:  Non-junction/no special feature,Paved,,Property Damage Only,0,0,0,0,0,0,2000,1,1,,POINT (-93.445842870389 41.638386938795)
2014785326,201402002,02/10/2014,02-February,2-Monday,14:40,1400 Hours,District 6 (East Central),CEDAR RAPIDS,LINN,IA 922,IA 922/1ST AVE E & 16TH ST NE,Collision with:  Vehicle in traffic,On Roadway,Rear-end (front to rear),Unknown,None Indicated,,Daylight,Wet,Clear,None apparent,Non-intersection:  Non-junction/no special feature,Paved,,Property Damage Only,0,0,0,0,0,0,1550,2,2,,POINT (-91.650297870447 41.989270834288)
2014785610,2014-8959,02/10/2014,02-February,2-Monday,07:26,0700 Hours,District 6 (East Central),DAVENPORT,SCOTT,,JACKSON AVE & S CLARK ST,Collision with:  Vehicle in traffic,On Roadway,Rear-end (front to rear),Unknown,None Indicated,,Daylight,Snow,Clear,"Surface condition (e.g., wet, icy)",Intersection:  Four-way intersection,Paved,,Property Damage Only,0,0,0,0,0,0,3000,2,2,,POINT (-90.619852665568 41.513327368175)
2014784790,20140003780,02/10/2014,02-February,2-Monday,17:15,1700 Hours,District 1 (Central),DES MOINES,POLK,I-235,I-235,Collision with:  Vehicle in traffic,On Roadway,Rear-end (front to rear),Other (explain in narrative):  Other,None Indicated,,Daylight,Dry,Clear,None apparent,Non-intersection:  Non-junction/no special feature,Paved,,Property Damage Only,0,0,0,0,0,0,6000,2,4,,POINT (-93.691554061732 41.592477600913)
2014786712,2014-9124,02/10/2014,02-February,2-Monday,22:38,2200 Hours,District 6 (East Central),DAVENPORT,SCOTT,US 6,US 6/W KIMBERLY RD & NORTHWEST BLVD,Collision with:  Vehicle in traffic,On Roadway,"Angle, oncoming left turn",Ran Traffic Signal,None Indicated,,Dark - roadway lighted,Dry,Clear,None apparent,Intersection:  Four-way intersection,Paved,,Property Damage Only,0,0,0,0,0,0,5500,2,3,,POINT (-90.578397233329 41.560105395997)