Iowa DOT Case Number,Law Enforcement Case Number,Date of Crash,Month of Crash,Day of Week,Time of Crash,Hour,DOT District,City Name,County Name,Route with System,Location Description,First Harmful Event,Location of First Harmful Event,Manner of Crash/Collision,Major Cause,Drug or Alcohol ,Environmental Conditions,Light Conditions,Surface Conditions,Weather Conditions,Roadway Contribution,Roadway Type,Roadway Surface,Work Zone,Crash Severity,Number of Fatalities,Number of Injuries,Number of Major Injuries,Number of Minor Injuries,Number of Possible Injuries,Number of Unknown Injuries,Amount of Property Damage,Number of Vehicles Involved,Total Number of Occupants,Travel Direction,Location
2014785206,,02/11/2014,02-February,3-Tuesday,04:15,0400 Hours,District 4 (Southwest),,ADAIR,,235TH ST,Collision with:  Animal,On Roadway,Non-collision (single vehicle),Animal,None Indicated,,Daylight,"Mud, dirt",Cloudy,None apparent,Non-intersection:  Non-junction/no special feature,Unpaved,,Property Damage Only,0,0,0,0,0,0,4000,1,1,,POINT (-94.640639764241 41.309170340877)
2014785698,2014009973,02/11/2014,02-February,3-Tuesday,14:50,1400 Hours,District 4 (Southwest),,CASS,I-80,I-80,Collision with:  Animal,,,Animal,None Indicated,,,,,,,Paved,,Property Damage Only,0,0,0,0,0,0,8000,1,1,,POINT (-94.744631724769 41.496690304726)
2014785331,201402066,02/11/2014,02-February,3-Tuesday,18:23,1800 Hours,District 6 (East Central),CEDAR RAPIDS,LINN,,2ND AVE SW & L ST SW,Collision with:  Vehicle in traffic,On Roadway,Broadside (front to side),Ran Traffic Signal,None Indicated,,Dark - roadway lighted,Dry,Cloudy,None apparent,Intersection:  Four-way intersection,Paved,,Property Damage Only,0,0,0,0,0,0,11188,2,5,,POINT (-91.676433168783 41.97418318371)
2014785121,2014-9302,02/11/2014,02-February,3-Tuesday,16:49,1600 Hours,District 6 (East Central),DAVENPORT,SCOTT,,ROCKINGHAM RD,Collision with:  Parked motor vehicle,On Roadway,Rear-end (front to rear),Other (explain in narrative):  Other,None Indicated,,Daylight,Dry,Clear,None apparent,Non-intersection:  Driveway access (within),Paved,,Property Damage Only,0,0,0,0,0,0,4500,2,1,,POINT (-90.616093249544 41.512916222393)
2014784783,20140003835,02/11/2014,02-February,3-Tuesday,08:18,0800 Hours,District 1 (Central),DES MOINES,POLK,I-235,I-235,Collision with:  Vehicle in traffic,On Roadway,Rear-end (front to rear),Followed too close,None Indicated,,Daylight,Dry,Cloudy,None apparent,Interchange-related:  Off-ramp,Paved,,Property Damage Only,0,0,0,0,0,0,2600,2,2,,POINT (-93.595778005949 41.597157149042)
2014785304,2014001581,02/11/2014,02-February,3-Tuesday,17:23,1700 Hours,District 6 (East Central),IOWA CITY,JOHNSON,,N GILBERT ST,Collision with:  Vehicle in traffic,On Roadway,"Angle, oncoming left turn",FTYROW:  Making left turn,None Indicated,,Dusk,Wet,Cloudy,None apparent,Non-intersection:  Driveway access (within),Paved,,Property Damage Only,0,0,0,0,0,0,3250,2,3,,POINT (-91.530119366174 41.663412673827)
2014785476,14-001106,02/11/2014,02-February,3-Tuesday,08:01,0800 Hours,District 4 (Southwest),ATLANTIC,CASS,,6TH ST & OAK ST,Collision with:  Vehicle in traffic,On Roadway,Broadside (front to side),FTYROW:  From stop sign,None Indicated,,Daylight,Snow,Clear,"Surface condition (e.g., wet, icy)",Intersection:  Four-way intersection,Paved,,Property Damage Only,0,0,0,0,0,0,4000,2,6,,POINT (-95.006068047421 41.404924687519)
2014785746,14014229,02/11/2014,02-February,3-Tuesday,17:42,1700 Hours,District 2 (Northeast),CEDAR FALLS,BLACK HAWK,,MAIN ST,Collision with:  Vehicle in traffic,On Roadway,Rear-end (front to rear),Other (explain in narrative):  Other,None Indicated,,Dusk,Dry,Clear,None apparent,Non-intersection:  Non-junction/no special feature,Paved,,Property Damage Only,0,0,0,0,0,0,5000,2,2,,POINT (-92.445856929143 42.516338052955)
2014785697,2014009943,02/11/2014,02-February,3-Tuesday,11:10,1100 Hours,District 2 (Northeast),,FAYETTE,IA 3,IA 3/PALACE RD & 50TH ST,Collision with:  Vehicle in traffic,On Roadway,Broadside (front to side),FTYROW:  Making left turn,None Indicated,,Daylight,Ice/frost,Clear,None apparent,Non-intersection:  Driveway access (within),Paved,,Property Damage Only,0,0,0,0,0,0,5000,2,2,,POINT (-91.913188785631 42.700263479494)
2014785125,14-1538,02/11/2014,02-February,3-Tuesday,03:07,0300 Hours,District 3 (Northwest),,SIOUX,,Co Rd K18/CHERRY AVE,Collision with:  Animal,,,Animal,None Indicated,,,,,,,Paved,,Property Damage Only,0,0,0,0,0,0,2500,1,1,,POINT (-96.450555652863 43.043160553158)
2014785273,14-04713,02/11/2014,02-February,3-Tuesday,13:45,1300 Hours,District 5 (Southeast),WEST BURLINGTON,DES MOINES,,S GEAR AVE & DIVISION ST,Collision with:  Vehicle in traffic,On Roadway,Rear-end (front to rear),Followed too close,None Indicated,,Daylight,Dry,Clear,None apparent,Intersection:  Four-way intersection,Paved,,Possible/Unknown,0,1,0,0,1,0,5000,2,2,,POINT (-91.170261826451 40.807284898511)
2014791502,14-001412,02/11/2014,02-February,3-Tuesday,01:00,0100 Hours,District 3 (Northwest),,CARROLL,,230TH ST,Collision with fixed object:  Ditch,Outside trafficway,Non-collision (single vehicle),Ran off road - right,Alcohol (Statutory),,Dark - roadway lighted,Snow,Cloudy,None apparent,Non-intersection:  Non-junction/no special feature,Unpaved,,Possible/Unknown,0,1,0,0,1,0,12000,1,1,,POINT (-94.968707673462 42.022353345065)
2014785333,201402069,02/11/2014,02-February,3-Tuesday,21:20,2100 Hours,District 6 (East Central),CEDAR RAPIDS,LINN,,76TH AVE DR SW & C STREET RD SW & C ST RD SW,Collision with:  Vehicle in traffic,On Roadway,Rear-end (front to rear),FTYROW:  Other (explain in narrative),None Indicated,,Dark - roadway not lighted,Ice/frost,Cloudy,"Surface condition (e.g., wet, icy)",Non-intersection:  Non-junction/no special feature,Paved,,Possible/Unknown,0,1,0,0,1,0,7000,2,6,,POINT (-91.637190666941 41.904725281143)
2014785414,14-2608,02/11/2014,02-February,3-Tuesday,07:45,0700 Hours,District 6 (East Central),BETTENDORF,SCOTT,,SPRUCE HILLS DR & AVALON DR & WESTMAR DR,Collision with:  Vehicle in traffic,On Roadway,Broadside (front to side),Ran off road - right,None Indicated,,Daylight,Dry,Clear,None apparent,Intersection:  T-intersection,Paved,,Property Damage Only,0,0,0,0,0,0,4000,2,2,,POINT (-90.506806180983 41.553035608015)
2014785116,2014-9199,02/11/2014,02-February,3-Tuesday,07:22,0700 Hours,District 6 (East Central),DAVENPORT,SCOTT,US 6,US 6/W KIMBERLY RD,Collision with:  Vehicle in traffic,On Roadway,"Angle, oncoming left turn",FTYROW:  Making left turn,None Indicated,,Daylight,Dry,Clear,None apparent,Non-intersection:  Other non-intersection (explain in narrative),Paved,,Property Damage Only,0,0,0,0,0,0,5500,2,3,,POINT (-90.633219066788 41.562787618112)
2014785258,140366,02/11/2014,02-February,3-Tuesday,16:30,1600 Hours,District 3 (Northwest),,CRAWFORD,,DENISON RIDGE RD,Collision with fixed object:  Ditch,Roadside,Non-collision (single vehicle),Swerving/Evasive Action,None Indicated,,Daylight,"Mud, dirt",Cloudy,"Surface condition (e.g., wet, icy)",Non-intersection:  Non-junction/no special feature,Unpaved,,Property Damage Only,0,0,0,0,0,0,1500,1,1,,POINT (-95.316251146862 42.049212121621)
2014784802,14-720,02/11/2014,02-February,3-Tuesday,07:32,0700 Hours,District 4 (Southwest),WEST DES MOINES,DALLAS,I-80,I-80,Collision with:  Parked motor vehicle,Roadside,"Sideswipe, same direction",Illegally Parked/Unattended,None Indicated,,Daylight,Dry,Clear,None apparent,Non-intersection:  Non-junction/no special feature,Paved,,Property Damage Only,0,0,0,0,0,0,4000,2,1,,POINT (-93.798431731808 41.592181345806)
2014785563,2014001236,02/11/2014,02-February,3-Tuesday,13:27,1300 Hours,District 1 (Central),MARSHALLTOWN,MARSHALL,IA 14,IA 14/N 3RD AVE & E MARION ST,Collision with:  Vehicle in traffic,On Roadway,Rear-end (front to rear),Other (explain in narrative):  Other,None Indicated,,Daylight,Wet,Clear,None apparent,Intersection:  Four-way intersection,Paved,,Possible/Unknown,0,2,0,0,2,0,10000,2,3,,POINT (-92.908090442212 42.056450717496)
2014785142,14-4170,02/11/2014,02-February,3-Tuesday,13:43,1300 Hours,District 3 (Northwest),SIOUX CITY,WOODBURY,,WESLEY PKWY & W 14TH ST & HAMILTON BLVD,Collision with:  Vehicle in traffic,On Roadway,Broadside (front to side),Ran Traffic Signal,None Indicated,,Daylight,Dry,Cloudy,None apparent,Intersection:  Four-way intersection,Paved,,Possible/Unknown,0,1,0,0,1,0,11400,2,2,,POINT (-96.41680134804 42.505156885768)
2014787049,01-14-6067,02/11/2014,02-February,3-Tuesday,15:55,1500 Hours,District 6 (East Central),DUBUQUE,DUBUQUE,,W 9TH ST & LOCUST ST S,Collision with:  Vehicle in traffic,On Roadway,Broadside (front to side),Ran Traffic Signal,None Indicated,,Daylight,Dry,Cloudy,None apparent,Intersection:  Four-way intersection,Paved,,Property Damage Only,0,0,0,0,0,0,3075,2,2,,POINT (-90.668754695066 42.501345412936)
2014788461,14-001975,02/11/2014,02-February,3-Tuesday,05:46,0500 Hours,District 6 (East Central),,CEDAR,IA 38,IA 38/IOWA 38,Collision with:  Animal,On Roadway,Non-collision (single vehicle),Animal,None Indicated,,Dark - roadway not lighted,Snow,Cloudy,None apparent,Non-intersection:  Non-junction/no special feature,Paved,,Property Damage Only,0,0,0,0,0,0,3000,1,2,,POINT (-91.132526898767 41.690116809558)
2014784781,20140003830,02/11/2014,02-February,3-Tuesday,07:55,0700 Hours,District 1 (Central),DES MOINES,POLK,,SW 8TH ST,Collision with:  Vehicle in traffic,On Roadway,Rear-end (front to rear),Lost Control,None Indicated,,Daylight,Dry,Clear,None apparent,Non-intersection:  Other non-intersection (explain in narrative),Paved,,Property Damage Only,0,0,0,0,0,0,4000,2,2,,POINT (-93.62593396589 41.582441206843)
2014786404,2014-9266,02/11/2014,02-February,3-Tuesday,13:39,1300 Hours,District 6 (East Central),DAVENPORT,SCOTT,,MARQUETTE ST,Non-collision events:  Other non-collision (explain in narrative),On Roadway,Rear-end (front to rear),Followed too close,None Indicated,,Daylight,Wet,Clear,None apparent,Non-intersection:  Alley,Paved,,Property Damage Only,0,0,0,0,0,0,5000,2,2,,POINT (-90.590861146792 41.525107246897)
2014785666,2014-02657,02/11/2014,02-February,3-Tuesday,09:08,0900 Hours,District 5 (Southeast),INDIANOLA,WARREN,US 65,US 65/N JEFFERSON WAY & E CLINTON AVE,Collision with:  Vehicle in traffic,On Roadway,Rear-end (front to rear),Other (explain in narrative):  Other,None Indicated,,Daylight,Dry,Clear,None apparent,Non-intersection:  Non-junction/no special feature,Paved,,Property Damage Only,0,0,0,0,0,0,4000,2,2,,POINT (-93.558333879338 41.36336804313)
2014785314,201202062,02/11/2014,02-February,3-Tuesday,16:58,1600 Hours,District 6 (East Central),CEDAR RAPIDS,LINN,,BLAIRS FERRY RD NE & C AVE NE,Collision with:  Vehicle in traffic,On Roadway,Head-on (front to front),Unknown,None Indicated,,Dusk,Dry,Clear,None apparent,Non-intersection:  Non-junction/no special feature,Paved,,Minor Injury,0,1,0,1,0,0,7000,2,3,,POINT (-91.638523454523 42.034749084538)
2014802712,,02/11/2014,02-February,3-Tuesday,09:40,0900 Hours,District 1 (Central),TAMA,TAMA,,4TH ST & JACKSON ST,Collision with:  Vehicle in traffic,On Roadway,Broadside (front to side),Unknown,None Indicated,,Daylight,Snow,Clear,None apparent,Intersection:  T-intersection,Paved,,Property Damage Only,0,0,0,0,0,0,2800,2,2,,POINT (-92.567195074882 41.962407848378)
2014787164,201400006988,02/11/2014,02-February,3-Tuesday,08:32,0800 Hours,District 5 (Southeast),OTTUMWA,WAPELLO,,W WILSON ST & S RANSOM ST,Collision with fixed object:  Traffic sign support,Roadside,Non-collision (single vehicle),Ran off road - left,None Indicated,,Daylight,Snow,Clear,"Surface condition (e.g., wet, icy)",Intersection:  Other intersection (explain in narrative),Paved,,Property Damage Only,0,0,0,0,0,0,1585,1,1,,POINT (-92.422335988166 41.000741023574)
2014785066,20140003897,02/11/2014,02-February,3-Tuesday,19:39,1900 Hours,District 1 (Central),DES MOINES,POLK,,PARK AVE & SW 14TH ST,Collision with:  Vehicle in traffic,On Roadway,Broadside (front to side),FTYROW:  From stop sign,None Indicated,,Dark - roadway lighted,Dry,Cloudy,None apparent,Intersection:  Four-way intersection,Paved,,Property Damage Only,0,0,0,0,0,0,2500,2,2,,POINT (-93.635302498413 41.55543103681)
2014784939,W14-014249,02/11/2014,02-February,3-Tuesday,18:26,1800 Hours,District 2 (Northeast),WATERLOO,BLACK HAWK,,SYCAMORE ST & E 4TH ST,Collision with:  Vehicle in traffic,On Roadway,Broadside (front to side),Ran Traffic Signal,None Indicated,,Dark - roadway lighted,Ice/frost,Clear,None apparent,Intersection:  Four-way intersection,Paved,,Property Damage Only,0,0,0,0,0,0,5000,2,2,,POINT (-92.335962724675 42.498255673521)
2014785501,14-04679,02/11/2014,02-February,3-Tuesday,08:35,0800 Hours,District 5 (Southeast),BURLINGTON,DES MOINES,,MT PLEASANT ST & VINEYARD ST,Collision with:  Vehicle in traffic,On Roadway,"Sideswipe, same direction",FTYROW:  From stop sign,None Indicated,,Daylight,Wet,Clear,None apparent,Intersection:  T-intersection,Paved,,Property Damage Only,0,0,0,0,0,0,2000,2,5,,POINT (-91.127166543893 40.821275961095)
2014784761,1402111-A,02/11/2014,02-February,3-Tuesday,11:30,1100 Hours,District 4 (Southwest),RED OAK,MONTGOMERY,,1ST AVE,Collision with:  Parked motor vehicle,On Roadway,"Sideswipe, opposite direction",Improper Backing,None Indicated,,Daylight,Dry,Cloudy,None apparent,Non-intersection:  Driveway access (within),Paved,,Property Damage Only,0,0,0,0,0,0,2800,2,777,,POINT (-95.233538644816 41.006594689241)
2014785699,2014010047,02/11/2014,02-February,3-Tuesday,22:30,2200 Hours,District 4 (Southwest),,MADISON,IA 92,IA 92/IOWA 92,Collision with:  Animal,,,Animal,None Indicated,,,,,,,Paved,,Property Damage Only,0,0,0,0,0,0,1500,1,1,,POINT (-93.813480541482 41.350065393383)
2014790749,14-014071,02/11/2014,02-February,3-Tuesday,05:50,0500 Hours,District 2 (Northeast),EVANSDALE,BLACK HAWK,,EVANSDALE DR,Collision with fixed object:  Ditch,On Roadway,Non-collision (single vehicle),Crossed centerline (undivided),Alcohol (Statutory),,Dark - roadway not lighted,Other (explain in narrative),Clear,None apparent,Non-intersection:  Non-junction/no special feature,Paved,,Major Injury,0,1,1,0,0,0,5000,1,1,,POINT (-92.258153254197 42.456567657856)
2014788007,A14010,02/11/2014,02-February,3-Tuesday,07:35,0700 Hours,District 5 (Southeast),KNOXVILLE,MARION,,W ROBINSON ST & S PARK LN DR,Collision with:  Vehicle in traffic,On Roadway,Broadside (front to side),FTYROW:  From driveway,None Indicated,,Daylight,Snow,Clear,None apparent,Non-intersection:  Driveway access (within),Paved,,Property Damage Only,0,0,0,0,0,0,1700,2,2,,POINT (-93.114354206279 41.317951701395)
2014785062,20140003882,02/11/2014,02-February,3-Tuesday,16:25,1600 Hours,District 1 (Central),DES MOINES,POLK,US 6,US 6/EUCLID AVE & 12TH ST,Collision with:  Vehicle in traffic,On Roadway,"Sideswipe, same direction",Made improper turn,None Indicated,,Daylight,Dry,Cloudy,None apparent,Non-intersection:  Non-junction/no special feature,Paved,,Property Damage Only,0,0,0,0,0,0,4000,2,6,,POINT (-93.634426677752 41.627682973918)
2014785659,2014-9234,02/11/2014,02-February,3-Tuesday,10:41,1000 Hours,District 6 (East Central),DAVENPORT,SCOTT,,W CENTRAL PARK AVE & DITTMER ST,Collision with:  Vehicle in traffic,On Roadway,"Angle, oncoming left turn",FTYROW:  From stop sign,None Indicated,,Daylight,Dry,Clear,None apparent,Intersection:  T-intersection,Paved,,Property Damage Only,0,0,0,0,0,0,3500,2,2,,POINT (-90.621672257883 41.545428020184)
2014785143,14-4171,02/11/2014,02-February,3-Tuesday,14:36,1400 Hours,District 3 (Northwest),SIOUX CITY,WOODBURY,,W 14TH ST,Collision with:  Parked motor vehicle,On Roadway,"Sideswipe, same direction",Lost Control,None Indicated,,Daylight,Dry,Clear,None apparent,Non-intersection:  Non-junction/no special feature,Paved,,Property Damage Only,0,0,0,0,0,0,4500,2,1,,POINT (-96.426190253837 42.505047338268)
2014785035,14-003087,02/11/2014,02-February,3-Tuesday,19:08,1900 Hours,District 5 (Southeast),,MARION,IA 5,IA 5/IOWA 5 & 110TH PL,Collision with:  Animal,On Roadway,Non-collision (single vehicle),Animal,None Indicated,,Dark - roadway not lighted,Dry,Clear,None apparent,Non-intersection:  Other non-intersection (explain in narrative),Paved,,Possible/Unknown,0,1,0,0,1,0,2000,1,4,,POINT (-93.134362655555 41.315795249594)
2014785513,01-14-6089,02/11/2014,02-February,3-Tuesday,19:01,1900 Hours,District 6 (East Central),DUBUQUE,DUBUQUE,,UNIVERSITY AVE,Collision with:  Vehicle in traffic,On Roadway,"Sideswipe, same direction",Improper or erratic lane changing,None Indicated,,Dark - roadway lighted,Dry,Clear,None apparent,Intersection:  T-intersection,Paved,,Property Damage Only,0,0,0,0,0,0,3000,2,2,,POINT (-90.693478571994 42.499171372086)
2014785433,,02/11/2014,02-February,3-Tuesday,09:56,0900 Hours,District 4 (Southwest),RED OAK,MONTGOMERY,US 34,US 34 & IA 48/BROADWAY ST,Collision with:  Vehicle in traffic,On Roadway,Broadside (front to side),FTYROW:  From stop sign,None Indicated,,Daylight,Dry,Cloudy,None apparent,Intersection:  Four-way intersection,Paved,,Property Damage Only,0,0,0,0,0,0,7800,2,3,,POINT (-95.232911501317 41.026044497016)
2014784803,14-724,02/11/2014,02-February,3-Tuesday,09:13,0900 Hours,District 1 (Central),WEST DES MOINES,POLK,,60TH ST & WESTOWN PKWY,Collision with:  Vehicle in traffic,On Roadway,"Angle, oncoming left turn",Swerving/Evasive Action,None Indicated,,Daylight,Dry,Clear,None apparent,Intersection:  Four-way intersection,Paved,,Possible/Unknown,0,2,0,0,2,0,10000,2,2,,POINT (-93.790705551996 41.595189106855)
2014785654,2014-9296,02/11/2014,02-February,3-Tuesday,16:12,1600 Hours,District 6 (East Central),DAVENPORT,SCOTT,,E 29TH ST & EASTERN AVE,Collision with:  Vehicle in traffic,On Roadway,Rear-end (front to rear),Followed too close,None Indicated,,Daylight,Dry,Cloudy,None apparent,Non-intersection:  Non-junction/no special feature,Paved,,Minor Injury,0,1,0,1,0,0,7500,3,4,,POINT (-90.551442026553 41.549284982827)
2014785252,14002106,02/11/2014,02-February,3-Tuesday,14:21,1400 Hours,District 2 (Northeast),MASON CITY,CERRO GORDO,US 65,US 65/N DELAWARE AVE & 3RD ST NE,Collision with:  Vehicle in traffic,On Roadway,"Sideswipe, same direction",Made improper turn,None Indicated,,Daylight,Wet,Clear,None apparent,Non-intersection:  Non-junction/no special feature,Paved,,Property Damage Only,0,0,0,0,0,0,1800,2,4,,POINT (-93.199437175623 43.154533382063)
2014787336,14-060211-01,02/11/2014,02-February,3-Tuesday,19:30,1900 Hours,District 6 (East Central),,IOWA,,Co Rd F67/335TH ST & NN AVE,Collision with fixed object:  Ditch,On Roadway,Non-collision (single vehicle),Driving too fast for conditions,Alcohol (Statutory),,Dark - roadway not lighted,Ice/frost,Clear,"Surface condition (e.g., wet, icy)",Intersection:  T-intersection,Paved,,Major Injury,0,1,1,0,0,0,20700,1,1,,POINT (-92.032411881384 41.517752550858)
2014786061,14-4182,02/11/2014,02-February,3-Tuesday,16:05,1600 Hours,District 3 (Northwest),SIOUX CITY,WOODBURY,,HAMILTON BLVD,Collision with:  Vehicle in traffic,On Roadway,Rear-end (front to rear),Followed too close,None Indicated,,Daylight,Dry,Cloudy,None apparent,Non-intersection:  Driveway access (within),Paved,,Possible/Unknown,0,1,0,0,1,0,2000,2,5,,POINT (-96.417684913818 42.519348538802)
2014786320,14005913,02/11/2014,02-February,3-Tuesday,08:00,0800 Hours,District 5 (Southeast),MUSCATINE,MUSCATINE,,E 7TH ST & CEDAR ST,Collision with:  Vehicle in traffic,On Roadway,Broadside (front to side),FTYROW:  From stop sign,None Indicated,,Daylight,Snow,Cloudy,None apparent,Intersection:  Four-way intersection,Paved,,Property Damage Only,0,0,0,0,0,0,3500,2,3,,POINT (-91.047455280086 41.426462606945)
2014784784,20140003848,02/11/2014,02-February,3-Tuesday,11:42,1100 Hours,District 1 (Central),DES MOINES,POLK,,ATKINS ST,Collision with:  Vehicle in traffic,On Roadway,Rear-end (front to rear),Driving too fast for conditions,None Indicated,,Daylight,Snow,Clear,None apparent,Non-intersection:  Non-junction/no special feature,Paved,,Property Damage Only,0,0,0,0,0,0,1500,2,3,,POINT (-93.643957811136 41.597437812241)
2014784801,14-0723,02/11/2014,02-February,3-Tuesday,08:20,0800 Hours,District 1 (Central),WEST DES MOINES,POLK,I-35,I-35,Collision with:  Vehicle in traffic,On Roadway,Rear-end (front to rear),Followed too close,None Indicated,,Daylight,Dry,Clear,Other (explain in narrative),Interchange-related:  On-ramp merge area,Paved,,Property Damage Only,0,0,0,0,0,0,2500,2,2,,POINT (-93.776757719712 41.562723055749)
2014785516,01-14-5994,02/11/2014,02-February,3-Tuesday,08:10,0800 Hours,District 6 (East Central),DUBUQUE,DUBUQUE,,ASBURY RD,Collision with:  Vehicle in traffic,On Roadway,Unknown,Lost Control,None Indicated,,Daylight,Dry,Clear,None apparent,Non-intersection:  Non-junction/no special feature,Paved,,Property Damage Only,0,0,0,0,0,0,4200,2,1,,POINT (-90.716816016825 42.510634310126)
2014785330,201402063,02/11/2014,02-February,3-Tuesday,17:40,1700 Hours,District 6 (East Central),CEDAR RAPIDS,LINN,,MOUNT VERNON RD SE,Collision with:  Vehicle in traffic,On Roadway,Broadside (front to side),FTYROW:  From stop sign,None Indicated,,Dusk,Dry,Clear,None apparent,Intersection:  T-intersection,Paved,,Property Damage Only,0,0,0,0,0,0,1500,2,2,,POINT (-91.610511938299 41.976853585089)
2014784779,20140003828,02/11/2014,02-February,3-Tuesday,07:56,0700 Hours,District 1 (Central),DES MOINES,POLK,US 69,US 69/E 15TH ST & DES MOINES ST,Collision with:  Vehicle in traffic,On Roadway,Broadside (front to side),FTYROW:  From stop sign,None Indicated,,Daylight,Dry,Clear,None apparent,Intersection:  Four-way intersection,Paved,,Property Damage Only,0,0,0,0,0,0,8000,2,2,,POINT (-93.59567388986 41.594968927632)
2014785055,20140003905,02/11/2014,02-February,3-Tuesday,22:45,2200 Hours,District 1 (Central),DES MOINES,POLK,I-235,I-235 & SCHOOL ST & 2ND AVE,Collision with:  Vehicle in traffic,On Roadway,"Angle, oncoming left turn",FTYROW:  Making left turn,None Indicated,,Dark - roadway lighted,Dry,Clear,None apparent,Intersection:  Four-way intersection,Paved,,Property Damage Only,0,0,0,0,0,0,3000,2,2,,POINT (-93.619818069966 41.595228607572)
2014788008,A14011,02/11/2014,02-February,3-Tuesday,07:42,0700 Hours,District 5 (Southeast),KNOXVILLE,MARION,IA 14,IA 14/LINCOLN ST & W HOWARD ST,Collision with:  Vehicle in traffic,On Roadway,"Angle, oncoming left turn",Ran Stop Sign,None Indicated,,Daylight,Dry,Clear,None apparent,Intersection:  T-intersection,Paved,,Property Damage Only,0,0,0,0,0,0,11000,2,3,,POINT (-93.109528800807 41.311759066843)
2014785503,14-004964,02/11/2014,02-February,3-Tuesday,19:00,1900 Hours,District 5 (Southeast),WEST BURLINGTON,DES MOINES,,S RAMSEY ST,Collision with:  Parked motor vehicle,On Roadway,Unknown,Other (explain in narrative):  Other,None Indicated,,Dark - roadway lighted,Snow,Cloudy,Unknown,Non-intersection:  Non-junction/no special feature,Paved,,Property Damage Only,0,0,0,0,0,0,1500,2,1,,POINT (-91.159110971501 40.82083542589)
2014787733,14000830,02/11/2014,02-February,3-Tuesday,06:40,0600 Hours,District 1 (Central),WEBSTER CITY,HAMILTON,,Co Rd R35/KANTOR AVE & 185TH ST,Non-collision events:  Overturn/rollover,Roadside,Non-collision (single vehicle),Ran off road - left,None Indicated,,Dark - roadway not lighted,Snow,Clear,"Surface condition (e.g., wet, icy)",Non-intersection:  Non-junction/no special feature,Unpaved,,Property Damage Only,0,0,0,0,0,0,4500,1,1,,POINT (-93.779194775506 42.522143397965)
2014784938,W14-014216,02/11/2014,02-February,3-Tuesday,17:01,1700 Hours,District 2 (Northeast),WATERLOO,BLACK HAWK,,KIMBALL AVE,Collision with:  Vehicle in traffic,On Roadway,Rear-end (front to rear),Made improper turn,None Indicated,,Daylight,Dry,Clear,None apparent,Non-intersection:  Non-junction/no special feature,Paved,,Property Damage Only,0,0,0,0,0,0,2500,2,2,,POINT (-92.356662647515 42.452065570685)
2014785332,201402064,02/11/2014,02-February,3-Tuesday,17:55,1700 Hours,District 6 (East Central),CEDAR RAPIDS,LINN,,MOUNT VERNON RD SE & MEMORIAL DR SE,Collision with:  Vehicle in traffic,On Roadway,Broadside (front to side),Ran Traffic Signal,None Indicated,,Dark - roadway lighted,Dry,Clear,None apparent,Intersection:  Four-way intersection,Paved,,Property Damage Only,0,0,0,0,0,0,13000,2,4,,POINT (-91.628180914468 41.976922012677)
2014785367,02-14-072,02/11/2014,02-February,3-Tuesday,16:15,1600 Hours,District 3 (Northwest),LE MARS,PLYMOUTH,,1ST ST SE & 6TH AVE SE,Collision with:  Vehicle in traffic,On Roadway,Broadside (front to side),FTYROW:  At uncontrolled intersection,None Indicated,,Daylight,Dry,Cloudy,None apparent,Intersection:  Four-way intersection,Paved,,Property Damage Only,0,0,0,0,0,0,2500,2,3,,POINT (-96.157683677253 42.791835998596)
2014785455,14014115,02/11/2014,02-February,3-Tuesday,09:36,0900 Hours,District 2 (Northeast),CEDAR FALLS,BLACK HAWK,,4TH ST & DIVISION ST,Collision with fixed object:  Traffic sign support,Shoulder,Non-collision (single vehicle),Driving too fast for conditions,None Indicated,,Daylight,Snow,Clear,"Surface condition (e.g., wet, icy)",Intersection:  Other intersection (explain in narrative),Paved,,Property Damage Only,0,0,0,0,0,0,1530,1,1,,POINT (-92.460742634047 42.53504207341)
2014785117,2014-9226,02/11/2014,02-February,3-Tuesday,09:23,0900 Hours,District 6 (East Central),DAVENPORT,SCOTT,,E 53RD ST,Collision with:  Vehicle in traffic,On Roadway,Broadside (front to side),Ran Traffic Signal,None Indicated,,Daylight,Dry,Clear,None apparent,Intersection:  Four-way intersection,Paved,,Property Damage Only,0,0,0,0,0,0,10000,2,2,,POINT (-90.541219569803 41.574779857046)
2014784782,20140003833,02/11/2014,02-February,3-Tuesday,08:45,0800 Hours,District 1 (Central),DES MOINES,POLK,IA 163,IA 163/E UNIVERSITY AVE,Collision with:  Vehicle in traffic,On Roadway,Rear-end (front to rear),Followed too close,None Indicated,,Daylight,Dry,Clear,None apparent,Non-intersection:  Non-junction/no special feature,Paved,,Property Damage Only,0,0,0,0,0,0,3500,2,2,,POINT (-93.579393164471 41.600528534088)
2014784943,W14-014090,02/11/2014,02-February,3-Tuesday,03:00,0300 Hours,District 2 (Northeast),WATERLOO,BLACK HAWK,,JOAN DR,Collision with fixed object:  Mailbox,On Roadway,Non-collision (single vehicle),Other (explain in narrative):  Other,Alcohol (Statutory),,Unknown,Snow,Unknown,None apparent,Non-intersection:  Non-junction/no special feature,Paved,,Property Damage Only,0,0,0,0,0,0,2500,1,1,,POINT (-92.338989752198 42.461583309386)
2014784795,20140003810,02/11/2014,02-February,3-Tuesday,00:01,0000 Hours,District 1 (Central),DES MOINES,POLK,,SE 8TH ST CT,Collision with:  Vehicle in traffic,On Roadway,Rear-end (front to rear),Other (explain in narrative):  Other,None Indicated,,Dark - roadway lighted,Snow,Clear,"Surface condition (e.g., wet, icy)",Non-intersection:  Non-junction/no special feature,Paved,,Property Damage Only,0,0,0,0,0,0,3000,2,3,,POINT (-93.601605957396 41.569618618812)