Iowa DOT Case Number,Law Enforcement Case Number,Date of Crash,Month of Crash,Day of Week,Time of Crash,Hour,DOT District,City Name,County Name,Route with System,Location Description,First Harmful Event,Location of First Harmful Event,Manner of Crash/Collision,Major Cause,Drug or Alcohol ,Environmental Conditions,Light Conditions,Surface Conditions,Weather Conditions,Roadway Contribution,Roadway Type,Roadway Surface,Work Zone,Crash Severity,Number of Fatalities,Number of Injuries,Number of Major Injuries,Number of Minor Injuries,Number of Possible Injuries,Number of Unknown Injuries,Amount of Property Damage,Number of Vehicles Involved,Total Number of Occupants,Travel Direction,Location
2014791226,032-023-14,02/11/2014,02-February,3-Tuesday,08:25,0800 Hours,District 3 (Northwest),ESTHERVILLE,EMMET,,1ST AVE N,Collision with:  Vehicle in traffic,On Roadway,Broadside (front to side),FTYROW:  From driveway,None Indicated,,Daylight,Slush,Clear,Work Zone (roadway-related),Non-intersection:  Driveway access (within),Paved,Yes,Property Damage Only,0,0,0,0,0,0,3000,3,3,,POINT (-94.821354142731 43.403037427445)
2014787340,14-140211-01,02/11/2014,02-February,3-Tuesday,06:55,0600 Hours,District 6 (East Central),,IOWA,IA 220,IA 220/220TH TRL,Collision with:  Vehicle in traffic,On Roadway,Rear-end (front to rear),Followed too close,None Indicated,,Dawn,Dry,Cloudy,None apparent,Non-intersection:  Non-junction/no special feature,Paved,,Possible/Unknown,0,1,0,0,1,0,5500,2,4,,POINT (-91.897686734663 41.795721368086)
2014784955,CL14000425,02/11/2014,02-February,3-Tuesday,15:32,1500 Hours,District 6 (East Central),CLINTON,CLINTON,,8TH AVE S,Collision with:  Non-motorist (see non-motorist section - NOT a unit),On Roadway,Non-collision (single vehicle),Unknown,None Indicated,,Daylight,Snow,Clear,None apparent,Non-intersection:  Non-junction/no special feature,Paved,,Possible/Unknown,0,1,0,0,1,0,500,1,1,,POINT (-90.20083500251 41.837609663421)
2014785478,14-001118,02/11/2014,02-February,3-Tuesday,16:28,1600 Hours,District 4 (Southwest),ATLANTIC,CASS,,CHESTNUT ST,Collision with:  Vehicle in traffic,On Roadway,Rear-end (front to rear),Other (explain in narrative):  Vision obstructed,None Indicated,,Daylight,Wet,Clear,None apparent,Non-intersection:  Non-junction/no special feature,Paved,,Property Damage Only,0,0,0,0,0,0,2000,2,2,,POINT (-95.012981113179 41.4071997386)
2014786950,2014009976,02/11/2014,02-February,3-Tuesday,15:23,1500 Hours,District 3 (Northwest),,PLYMOUTH,US 75,US 75,Collision with fixed object:  Ditch,On Roadway,Non-collision (single vehicle),Ran off road - right,None Indicated,,Daylight,Dry,Cloudy,None apparent,Non-intersection:  Non-junction/no special feature,Paved,,Property Damage Only,0,0,0,0,0,0,5000,1,1,,POINT (-96.186327075276 42.816073792158)
2014785658,2014-9219,02/11/2014,02-February,3-Tuesday,09:00,0900 Hours,District 6 (East Central),DAVENPORT,SCOTT,US 6,US 6/SPRUCE HILLS DR,Collision with:  Vehicle in traffic,On Roadway,Rear-end (front to rear),Followed too close,None Indicated,,Daylight,Dry,Clear,None apparent,Non-intersection:  Non-junction/no special feature,Paved,,Property Damage Only,0,0,0,0,0,0,2500,3,3,,POINT (-90.52834805016 41.55502301546)
2014785425,14-4140,02/11/2014,02-February,3-Tuesday,04:30,0400 Hours,District 3 (Northwest),SIOUX CITY,WOODBURY,,IOWA ST,Collision with:  Vehicle in traffic,Roadside,Head-on (front to front),Ran off road - left,None Indicated,,Dark - roadway lighted,Other (explain in narrative),Clear,Unknown,Non-intersection:  Non-junction/no special feature,Paved,,Property Damage Only,0,0,0,0,0,0,16500,4,2,,POINT (-96.395051136507 42.503300782978)
2014784932,14014147,02/11/2014,02-February,3-Tuesday,12:13,1200 Hours,District 2 (Northeast),CEDAR FALLS,BLACK HAWK,,CHANCELLOR DR & W VIKING RD,Collision with:  Vehicle in traffic,On Roadway,Broadside (front to side),FTYROW:  From stop sign,None Indicated,,Daylight,Dry,Clear,None apparent,Intersection:  T-intersection,Paved,,Property Damage Only,0,0,0,0,0,0,2400,2,2,,POINT (-92.454683515556 42.484040410077)
2014784931,14V02047,02/11/2014,02-February,3-Tuesday,15:26,1500 Hours,District 6 (East Central),VINTON,BENTON,,E 3RD ST & S 2ND AVE,Collision with:  Vehicle in traffic,On Roadway,Broadside (front to side),FTYROW:  From stop sign,None Indicated,,Daylight,Snow,Clear,None apparent,Intersection:  Four-way intersection,Paved,,Property Damage Only,0,0,0,0,0,0,6000,2,2,,POINT (-92.022929513831 42.168672548447)
2014784984,TC09-14,02/11/2014,02-February,3-Tuesday,15:30,1500 Hours,District 4 (Southwest),MISSOURI VALLEY,HARRISON,,SUNNYSIDE AVE,Collision with:  Vehicle in traffic,On Roadway,Broadside (front to side),Driving too fast for conditions,None Indicated,,Daylight,Ice/frost,Cloudy,"Surface condition (e.g., wet, icy)",Non-intersection:  Non-junction/no special feature,Paved,,Property Damage Only,0,0,0,0,0,0,20000,2,3,,POINT (-95.882274401941 41.558047343679)
2014785238,W14-014279,02/11/2014,02-February,3-Tuesday,17:00,1700 Hours,District 2 (Northeast),WATERLOO,BLACK HAWK,,CEDAR BEND ST,Collision with:  Vehicle in traffic,On Roadway,Rear-end (front to rear),Followed too close,None Indicated,,Daylight,Dry,Clear,None apparent,Non-intersection:  Non-junction/no special feature,Paved,,Property Damage Only,0,0,0,0,0,0,3500,2,2,,POINT (-92.368776992208 42.53053780723)
2014786366,S79140047,02/11/2014,02-February,3-Tuesday,04:41,0400 Hours,District 1 (Central),,POWESHIEK,I-80,I-80,Collision with:  Animal,,,Animal,None Indicated,,,,,,,Paved,,Property Damage Only,0,0,0,0,0,0,2500,1,1,,POINT (-92.681293511122 41.69547387622)
2014808025,2014010043,02/11/2014,02-February,3-Tuesday,22:12,2200 Hours,District 2 (Northeast),WATERLOO,BLACK HAWK,,GUERNSEY CT,Collision with fixed object:  Other fixed object (explain in narrative),Outside trafficway,Non-collision (single vehicle),Driving too fast for conditions,Under Influence of Alcohol/Drugs/Medications,,Dark - roadway lighted,Snow,Cloudy,None apparent,Non-intersection:  Non-junction/no special feature,Paved,,Property Damage Only,0,0,0,0,0,0,2200,1,1,,POINT (-92.351358634729 42.475802206703)
2014785075,20140003954,02/11/2014,02-February,3-Tuesday,16:15,1600 Hours,District 1 (Central),DES MOINES,POLK,US 6,US 6/FREDERICK M HUBBELL AVE & E 38TH ST,Collision with:  Vehicle in traffic,On Roadway,Broadside (front to side),Exceeded authorized speed,None Indicated,,Daylight,Wet,Clear,None apparent,Non-intersection:  Non-junction/no special feature,Paved,,Property Damage Only,0,0,0,0,0,0,2000,2,2,,POINT (-93.541928378361 41.630507138552)
2014785065,20140003892,02/11/2014,02-February,3-Tuesday,18:54,1800 Hours,District 1 (Central),DES MOINES,POLK,,UNIVERSITY AVE & 7TH ST,Collision with:  Vehicle in traffic,On Roadway,Rear-end (front to rear),Followed too close,None Indicated,,Dark - roadway lighted,Dry,Clear,None apparent,Non-intersection:  Non-junction/no special feature,Paved,,Property Damage Only,0,0,0,0,0,0,5000,2,4,,POINT (-93.626951353471 41.600801437246)
2014785344,14003013,02/12/2014,02-February,4-Wednesday,20:35,2000 Hours,District 6 (East Central),MARION,LINN,,10TH ST & INDIAN CREEK RD,Collision with:  Vehicle in traffic,On Roadway,Broadside (front to side),Lost Control,None Indicated,,Dark - roadway not lighted,Slush,Cloudy,"Surface condition (e.g., wet, icy)",Intersection:  T-intersection,Paved,,Property Damage Only,0,0,0,0,0,0,3500,2,2,,POINT (-91.599347690321 42.043977435517)
2014785403,14-005695,02/12/2014,02-February,4-Wednesday,08:23,0800 Hours,District 4 (Southwest),COUNCIL BLUFFS,POTTAWATTAMIE,,MADISON AVE,Collision with:  Vehicle in traffic,On Roadway,Broadside (front to side),Ran Traffic Signal,None Indicated,,Daylight,Dry,Cloudy,None apparent,Intersection:  Four-way intersection,Paved,,Property Damage Only,0,0,0,0,0,0,3000,2,2,,POINT (-95.82618921993 41.243133207644)
2014789507,2014010200,02/12/2014,02-February,4-Wednesday,09:40,0900 Hours,District 1 (Central),ALTOONA,POLK,I-80,I-80,Collision with:  Vehicle in traffic,On Roadway,Rear-end (front to rear),Driving too fast for conditions,None Indicated,,Daylight,Snow,Snow,"Surface condition (e.g., wet, icy)",Non-intersection:  Non-junction/no special feature,Paved,,Property Damage Only,0,0,0,0,0,0,5000,2,2,,POINT (-93.480300523606 41.662333327186)
2014786635,14-003096,02/12/2014,02-February,4-Wednesday,00:25,0000 Hours,District 5 (Southeast),BUSSEY,MARION,,2ND ST & MERRELL ST,Collision with fixed object:  Other fixed object (explain in narrative),On Roadway,Non-collision (single vehicle),Ran off road - straight,None Indicated,,Dark - roadway lighted,Dry,Clear,None apparent,Intersection:  T-intersection,Paved,,Property Damage Only,0,0,0,0,0,0,6750,1,1,,POINT (-92.886649609385 41.207381645311)
2014785390,20140003984,02/12/2014,02-February,4-Wednesday,18:10,1800 Hours,District 1 (Central),DES MOINES,POLK,US 6,US 6/E EUCLID AVE & CAMBRIDGE ST,Collision with:  Non-motorist (see non-motorist section - NOT a unit),On Roadway,Non-collision (single vehicle),Unknown,None Indicated,,Dark - roadway lighted,Wet,Cloudy,None apparent,Non-intersection:  Non-junction/no special feature,Paved,,Minor Injury,0,1,0,1,0,0,0,1,1,,POINT (-93.616323088923 41.627664368735)
2014786071,2014010215,02/12/2014,02-February,4-Wednesday,10:15,1000 Hours,District 6 (East Central),CEDAR RAPIDS,LINN,I-380,I-380 & US 30/LINCOLN FWY,Collision with fixed object:  Guardrail - face,On Roadway,Non-collision (single vehicle),Driving too fast for conditions,None Indicated,,Daylight,Snow,Snow,"Surface condition (e.g., wet, icy)",Interchange-related:  On-ramp,Paved,,Property Damage Only,0,0,0,0,0,0,4500,1,1,,POINT (-91.674260295769 41.927045187032)
2014786144,,02/12/2014,02-February,4-Wednesday,09:43,0900 Hours,District 4 (Southwest),DUNLAP,HARRISON,US 30,US 30/E ERIE ST & S 6TH ST & N 6TH ST,Collision with fixed object:  Concrete traffic barrier (median or right side),Unknown,Non-collision (single vehicle),Lost Control,None Indicated,,Daylight,Snow,Snow,"Surface condition (e.g., wet, icy)",Non-intersection:  Non-junction/no special feature,Paved,,Property Damage Only,0,0,0,0,0,0,2000,1,1,,POINT (-95.887787083868 41.556368894033)
2014787612,H14-0009,02/12/2014,02-February,4-Wednesday,07:45,0700 Hours,District 1 (Central),HUXLEY,STORY,I-35,I-35,Collision with fixed object:  Other fixed object (explain in narrative),On Roadway,Non-collision (single vehicle),Driving too fast for conditions,None Indicated,,Daylight,Snow,Snow,"Surface condition (e.g., wet, icy)",Non-intersection:  Non-junction/no special feature,Paved,,Property Damage Only,0,0,0,0,0,0,2500,1,2,,POINT (-93.571115311411 41.883057195631)
2014785561,1400000111,02/12/2014,02-February,4-Wednesday,07:10,0700 Hours,District 1 (Central),,MARSHALL,IA 14,IA 14/REED AVE,Collision with:  Vehicle in traffic,On Roadway,"Sideswipe, opposite direction",Crossed centerline (undivided),None Indicated,,Daylight,Snow,Snow,"Surface condition (e.g., wet, icy)",Non-intersection:  Non-junction/no special feature,Paved,,Possible/Unknown,0,1,0,0,1,0,5500,2,3,,POINT (-92.917373134737 41.962284222363)
2014785456,14014365,02/12/2014,02-February,4-Wednesday,07:34,0700 Hours,District 2 (Northeast),CEDAR FALLS,BLACK HAWK,IA 27,IA 27,Collision with fixed object:  Concrete traffic barrier (median or right side),On Roadway,Non-collision (single vehicle),Lost Control,None Indicated,,Daylight,Snow,Snow,"Surface condition (e.g., wet, icy)",Non-intersection:  Other non-intersection (explain in narrative),Paved,,Property Damage Only,0,0,0,0,0,0,1500,1,2,,POINT (-92.432414859211 42.527367419248)
2014786163,14-2457,02/12/2014,02-February,4-Wednesday,08:05,0800 Hours,District 2 (Northeast),,BREMER,US 218,US 218,Non-collision events:  Overturn/rollover,Roadside,Non-collision (single vehicle),Driving too fast for conditions,None Indicated,,Daylight,Snow,Snow,None apparent,Intersection:  Four-way intersection,Paved,,Minor Injury,0,1,0,1,0,0,3000,1,1,,POINT (-92.47525235641 42.685297055125)
2014785409,14-005764,02/12/2014,02-February,4-Wednesday,21:34,2100 Hours,District 4 (Southwest),COUNCIL BLUFFS,POTTAWATTAMIE,US 6,US 6/W BROADWAY & S 32ND ST & N 32ND ST,Collision with fixed object:  Curb/island/raised median,Outside trafficway,Non-collision (single vehicle),Lost Control,None Indicated,,Dark - roadway lighted,Wet,Clear,None apparent,Non-intersection:  Non-junction/no special feature,Paved,,Property Damage Only,0,0,0,0,0,0,4100,1,1,,POINT (-95.89641838925 41.261921012348)
2014785463,W14-014393,02/12/2014,02-February,4-Wednesday,08:47,0800 Hours,District 2 (Northeast),WATERLOO,BLACK HAWK,,W ORANGE RD & KIMBALL AVE,Collision with:  Vehicle in traffic,On Roadway,Broadside (front to side),Driving too fast for conditions,None Indicated,,Daylight,Snow,Snow,"Surface condition (e.g., wet, icy)",Intersection:  Four-way intersection,Paved,,Property Damage Only,0,0,0,0,0,0,4000,2,2,,POINT (-92.35690351652 42.428516435714)
2014861151,14-0423,02/12/2014,02-February,4-Wednesday,08:51,0800 Hours,District 2 (Northeast),WEST UNION,FAYETTE,US 18,US 18/BRADFORD ST & IA 150/IOWA 150 S/IOWA 150 N,Collision with fixed object:  Curb/island/raised median,Median,Non-collision (single vehicle),Driving too fast for conditions,None Indicated,,Daylight,Snow,Snow,"Surface condition (e.g., wet, icy)",Intersection:  T-intersection,Paved,,Property Damage Only,0,0,0,0,0,0,12300,1,1,,POINT (-91.814374324241 42.964189341701)
2014786145,,02/12/2014,02-February,4-Wednesday,07:30,0700 Hours,District 6 (East Central),DE WITT,CLINTON,,11TH ST,Collision with:  Vehicle in traffic,On Roadway,Rear-end (front to rear),Followed too close,None Indicated,,Daylight,Dry,Cloudy,None apparent,Non-intersection:  Alley,Paved,,Possible/Unknown,0,1,0,0,1,0,8000,2,2,,POINT (-90.556295264797 41.825725534276)
2014785194,2014-0226,02/12/2014,02-February,4-Wednesday,12:34,1200 Hours,District 6 (East Central),PEOSTA,DUBUQUE,,PEOSTA ST,Collision with:  Vehicle in traffic,On Roadway,Rear-end (front to rear),Driving too fast for conditions,None Indicated,,Daylight,Slush,Snow,"Surface condition (e.g., wet, icy)",Intersection:  Other intersection (explain in narrative),Paved,,Property Damage Only,0,0,0,0,0,0,5000,2,2,,POINT (-90.850428037743 42.4451751727)
2014786220,01-14-6202,02/12/2014,02-February,4-Wednesday,14:49,1400 Hours,District 6 (East Central),DUBUQUE,DUBUQUE,US 20,US 20/DODGE ST,Collision with:  Vehicle in traffic,On Roadway,Rear-end (front to rear),Lost Control,None Indicated,,Daylight,Wet,Snow,None apparent,Non-intersection:  Non-junction/no special feature,Paved,,Property Damage Only,0,0,0,0,0,0,1600,2,2,,POINT (-90.724473021869 42.491821627098)
2014786747,,02/12/2014,02-February,4-Wednesday,07:30,0700 Hours,District 2 (Northeast),CEDAR FALLS,BLACK HAWK,,JENNINGS DR,Collision with:  Vehicle in traffic,Roadside,Head-on (front to front),Crossed centerline (undivided),None Indicated,,Daylight,Snow,Snow,"Surface condition (e.g., wet, icy)",Non-intersection:  Non-junction/no special feature,Paved,,Minor Injury,0,2,0,2,0,0,2000,2,3,,POINT (-92.447723764173 42.510322170412)
2014786445,14-000694,02/12/2014,02-February,4-Wednesday,18:16,1800 Hours,District 1 (Central),AMES,STORY,,LINCOLN WAY,Collision with:  Vehicle in traffic,On Roadway,Rear-end (front to rear),Followed too close,None Indicated,,Dark - roadway lighted,Wet,Cloudy,None apparent,Non-intersection:  Non-junction/no special feature,Paved,,Property Damage Only,0,0,0,0,0,0,2000,2,2,,POINT (-93.633665147185 42.022819031943)
2014785602,14-0148,02/12/2014,02-February,4-Wednesday,09:32,0900 Hours,District 1 (Central),PLEASANT HILL,POLK,IA 163,IA 163/E UNIVERSITY AVE & SHERRY LYNN BLVD,Collision with:  Vehicle in traffic,On Roadway,Broadside (front to side),FTYROW:  From stop sign,None Indicated,,Daylight,Snow,Snow,None apparent,Intersection:  Four-way intersection,Paved,,Property Damage Only,0,0,0,0,0,0,7000,2,2,,POINT (-93.50693947121 41.599213512225)
2014788238,2014010064,02/12/2014,02-February,4-Wednesday,07:09,0700 Hours,District 1 (Central),,POLK,I-35,I-35,Collision with fixed object:  Guardrail - face,On Roadway,Non-collision (single vehicle),Driving too fast for conditions,None Indicated,,Dawn,Snow,Snow,"Surface condition (e.g., wet, icy)",Non-intersection:  Non-junction/no special feature,Paved,,Property Damage Only,0,0,0,0,0,0,5500,1,1,,POINT (-93.571038535705 41.83244813414)
2014785486,14000802,02/12/2014,02-February,4-Wednesday,09:56,0900 Hours,District 2 (Northeast),MASON CITY,CERRO GORDO,,N MADISON AVE,Collision with:  Vehicle in traffic,On Roadway,Broadside (front to side),Driving too fast for conditions,None Indicated,,Daylight,Snow,Clear,None apparent,Intersection:  Four-way intersection,Paved,,Property Damage Only,0,0,0,0,0,0,2000,2,2,,POINT (-93.207330542734 43.157301847058)
2014785341,201402103,02/12/2014,02-February,4-Wednesday,15:04,1500 Hours,District 6 (East Central),CEDAR RAPIDS,LINN,,32ND ST NE & GLASS RD NE & CENTER POINT RD NE,Collision with:  Vehicle in traffic,On Roadway,Broadside (front to side),Ran Traffic Signal,None Indicated,,Daylight,Slush,Rain,"Surface condition (e.g., wet, icy)",Intersection:  Four-way intersection,Paved,,Property Damage Only,0,0,0,0,0,0,2900,2,2,,POINT (-91.663084696028 42.010504482488)
2014786989,,02/12/2014,02-February,4-Wednesday,13:58,1300 Hours,District 2 (Northeast),CHARLES CITY,FLOYD,,BLUNT PKWY & N JOSLIN ST,Collision with:  Vehicle in traffic,On Roadway,Broadside (front to side),FTYROW:  At uncontrolled intersection,None Indicated,,Daylight,Snow,Clear,"Surface condition (e.g., wet, icy)",Intersection:  Four-way intersection,Paved,,Property Damage Only,0,0,0,0,0,0,5100,2,2,,POINT (-92.68156814315 43.070905701503)
2014786196,141041,02/12/2014,02-February,4-Wednesday,06:15,0600 Hours,District 4 (Southwest),,DALLAS,US 169,US 169/N AVE,Collision with:  Vehicle in traffic,On Roadway,"Sideswipe, opposite direction",Unknown,None Indicated,,Dark - roadway not lighted,Snow,Snow,"Surface condition (e.g., wet, icy)",Non-intersection:  Non-junction/no special feature,Paved,,Property Damage Only,0,0,0,0,0,0,1500,2,2,,POINT (-94.028339350996 41.846124882349)
2014785538,14-3546,02/12/2014,02-February,4-Wednesday,08:02,0800 Hours,District 1 (Central),,JASPER,I-80,I-80,Collision with fixed object:  Guardrail - face,Median,Non-collision (single vehicle),Driving too fast for conditions,None Indicated,,Daylight,Snow,Snow,"Surface condition (e.g., wet, icy)",Non-intersection:  Non-junction/no special feature,Paved,,Property Damage Only,0,0,0,0,0,0,10000,1,1,,POINT (-93.190115632512 41.694551581801)
2014787432,20140004000,02/12/2014,02-February,4-Wednesday,19:52,1900 Hours,District 1 (Central),DES MOINES,POLK,,E GRAND AVE & E 20TH CT,Collision with fixed object:  Tree,Unknown,Non-collision (single vehicle),Lost Control,None Indicated,,Dark - roadway lighted,Slush,Clear,None apparent,Non-intersection:  Non-junction/no special feature,Paved,,Property Damage Only,0,0,0,0,0,0,3500,1,1,,POINT (-93.581459370226 41.595429008966)
2014785700,2014010241,02/12/2014,02-February,4-Wednesday,09:13,0900 Hours,District 1 (Central),,JASPER,I-80,I-80,Collision with:  Vehicle in traffic,On Roadway,Rear-end (front to rear),Driving too fast for conditions,None Indicated,,Daylight,Ice/frost,Snow,"Surface condition (e.g., wet, icy)",Non-intersection:  Non-junction/no special feature,Paved,,Property Damage Only,0,0,0,0,0,0,8500,2,3,,POINT (-93.291808129053 41.684169302026)
2014785464,W14-014433,02/12/2014,02-February,4-Wednesday,10:56,1000 Hours,District 2 (Northeast),WATERLOO,BLACK HAWK,US 20,US 20 & IA 21/HAWKEYE RD,Collision with:  Vehicle in traffic,On Roadway,"Angle, oncoming left turn",FTYROW:  Making left turn,None Indicated,,Daylight,Wet,Snow,None apparent,Intersection:  Four-way intersection,Paved,,Fatal,1,0,0,0,0,0,17000,2,2,,POINT (-92.346740414718 42.453117175873)
2014786767,14014381,02/12/2014,02-February,4-Wednesday,08:27,0800 Hours,District 2 (Northeast),CEDAR FALLS,BLACK HAWK,,21ST ST & MAIN ST,Collision with:  Vehicle in traffic,On Roadway,Broadside (front to side),Ran Stop Sign,None Indicated,,Daylight,Snow,Cloudy,"Surface condition (e.g., wet, icy)",Intersection:  Other intersection (explain in narrative),Paved,,Property Damage Only,0,0,0,0,0,0,6000,2,2,,POINT (-92.44585923523 42.518832675404)
2014785543,C14000463,02/12/2014,02-February,4-Wednesday,15:41,1500 Hours,District 6 (East Central),CORALVILLE,JOHNSON,US 6,US 6/2ND ST,Collision with:  Vehicle in traffic,On Roadway,Rear-end (front to rear),Driving too fast for conditions,None Indicated,,Daylight,Slush,Cloudy,"Surface condition (e.g., wet, icy)",Non-intersection:  Non-junction/no special feature,Paved,,Property Damage Only,0,0,0,0,0,0,10000,2,2,,POINT (-91.570894278524 41.67061007767)
2014785267,14-001002,02/12/2014,02-February,4-Wednesday,19:06,1900 Hours,District 4 (Southwest),PERRY,DALLAS,IA 144,IA 144/1ST AVE & WILLIS AVE,Collision with:  Vehicle in traffic,On Roadway,Head-on (front to front),FTYROW:  Making left turn,None Indicated,,Dark - roadway lighted,Wet,Clear,None apparent,Intersection:  Four-way intersection,Paved,,Property Damage Only,0,0,0,0,0,0,4000,2,4,,POINT (-94.106588087452 41.838498431092)
2014785070,20140003940,02/12/2014,02-February,4-Wednesday,11:55,1100 Hours,District 1 (Central),DES MOINES,POLK,,INDIANA AVE & OHIO ST,Collision with:  Vehicle in traffic,On Roadway,Broadside (front to side),FTYROW:  From stop sign,None Indicated,,Daylight,Snow,Clear,Unknown,Intersection:  Four-way intersection,Paved,,Property Damage Only,0,0,0,0,0,0,1500,2,2,,POINT (-93.617254724787 41.601988818453)
2014785388,20140003974,02/12/2014,02-February,4-Wednesday,16:33,1600 Hours,District 1 (Central),DES MOINES,POLK,,WALNUT ST & 3RD ST,Collision with:  Vehicle in traffic,On Roadway,Broadside (front to side),Ran Traffic Signal,None Indicated,,Daylight,Wet,Cloudy,None apparent,Intersection:  Four-way intersection,Paved,,Minor Injury,0,1,0,1,0,0,5000,2,2,,POINT (-93.620888167207 41.586692971237)
2014785091,2014-1493,02/12/2014,02-February,4-Wednesday,17:15,1700 Hours,District 3 (Northwest),,SAC,,Co Rd D36/255TH ST,Collision with:  Animal,,,Animal,None Indicated,,,,,,,Paved,,Property Damage Only,0,0,0,0,0,0,2000,1,1,,POINT (-95.028156445261 42.421975286253)
2014785240,201400540,02/12/2014,02-February,4-Wednesday,08:39,0800 Hours,District 1 (Central),,BOONE,US 30,US 30/220TH ST,Collision with fixed object:  Guardrail - face,On Roadway,Non-collision (single vehicle),Ran off road - right,None Indicated,,Daylight,Ice/frost,Snow,"Surface condition (e.g., wet, icy)",Non-intersection:  Non-junction/no special feature,Paved,,Property Damage Only,0,0,0,0,0,0,2500,1,1,,POINT (-93.924263487035 42.034743877636)
2014787166,201400007227,02/12/2014,02-February,4-Wednesday,15:11,1500 Hours,District 5 (Southeast),OTTUMWA,WAPELLO,,S COOPER AVE,Collision with:  Vehicle in traffic,On Roadway,Broadside (front to side),FTYROW:  At uncontrolled intersection,None Indicated,,Daylight,Snow,Clear,None apparent,Non-intersection:  Non-junction/no special feature,Paved,,Property Damage Only,0,0,0,0,0,0,3000,2,3,,POINT (-92.399174797667 41.011063084593)
2014787611,14000681,02/12/2014,02-February,4-Wednesday,09:01,0900 Hours,District 1 (Central),AMES,STORY,,13TH ST,Collision with:  Vehicle in traffic,On Roadway,"Sideswipe, opposite direction",Crossed centerline (undivided),None Indicated,,Daylight,Snow,Clear,"Surface condition (e.g., wet, icy)",Non-intersection:  Non-junction/no special feature,Paved,,Property Damage Only,0,0,0,0,0,0,3500,3,5,,POINT (-93.639891667919 42.035447715005)
2014786715,14-000187,02/12/2014,02-February,4-Wednesday,08:22,0800 Hours,District 1 (Central),AMES,STORY,I-35,I-35,Collision with:  Vehicle in traffic,On Roadway,Unknown,Lost Control,None Indicated,,Daylight,Ice/frost,Cloudy,"Surface condition (e.g., wet, icy)",Non-intersection:  Non-junction/no special feature,Paved,,Possible/Unknown,0,1,0,0,1,0,4000,2,2,,POINT (-93.568027258861 42.068852847417)
2014785407,14-005754,02/12/2014,02-February,4-Wednesday,19:20,1900 Hours,District 4 (Southwest),COUNCIL BLUFFS,POTTAWATTAMIE,,MADISON AVE,Collision with:  Vehicle in traffic,On Roadway,Head-on (front to front),Driving too fast for conditions,None Indicated,,Dark - roadway lighted,Wet,Clear,None apparent,Non-intersection:  Non-junction/no special feature,Paved,,Minor Injury,0,2,0,1,1,0,6500,2,4,,POINT (-95.834431262662 41.25519715528)
2014785547,2014001628,02/12/2014,02-February,4-Wednesday,20:15,2000 Hours,District 6 (East Central),IOWA CITY,JOHNSON,US 6,US 6,Collision with:  Animal,On Roadway,Non-collision (single vehicle),Animal,None Indicated,,Dark - roadway lighted,Slush,Clear,None apparent,Non-intersection:  Non-junction/no special feature,Paved,,Property Damage Only,0,0,0,0,0,0,2000,1,1,,POINT (-91.557893967643 41.665890197435)
2014785242,14-038,02/12/2014,02-February,4-Wednesday,18:26,1800 Hours,District 2 (Northeast),WAVERLY,BREMER,,12TH ST NW,Collision with:  Animal,On Roadway,Non-collision (single vehicle),Animal,None Indicated,,Unknown,Slush,Clear,None apparent,Non-intersection:  Non-junction/no special feature,Paved,,Property Damage Only,0,0,0,0,0,0,2000,1,2,,POINT (-92.487234904169 42.749596610936)
2014786714,14-000186,02/12/2014,02-February,4-Wednesday,07:19,0700 Hours,District 1 (Central),,STORY,I-35,I-35,Collision with:  Vehicle in traffic,On Roadway,Rear-end (front to rear),Driving too fast for conditions,None Indicated,,Daylight,Snow,Snow,"Surface condition (e.g., wet, icy)",Non-intersection:  Non-junction/no special feature,Paved,,Property Damage Only,0,0,0,0,0,0,8500,3,3,,POINT (-93.571267351161 41.870356833957)
2014785517,01-14-6179,02/12/2014,02-February,4-Wednesday,12:10,1200 Hours,District 6 (East Central),DUBUQUE,DUBUQUE,,HILLCREST RD,Collision with fixed object:  Other fixed object (explain in narrative),Outside trafficway,Non-collision (single vehicle),Ran off road - right,None Indicated,,Daylight,Snow,Snow,"Surface condition (e.g., wet, icy)",Non-intersection:  Non-junction/no special feature,Paved,,Property Damage Only,0,0,0,0,0,0,1500,1,1,,POINT (-90.711974031103 42.505566806983)
2014785569,14-000754,02/12/2014,02-February,4-Wednesday,07:37,0700 Hours,District 3 (Northwest),,OBRIEN,,Co Rd B40/390TH ST & Co Rd L48/REDWING AVE,Collision with:  Vehicle in traffic,On Roadway,Rear-end (front to rear),Other (explain in narrative):  Vision obstructed,None Indicated,,Dawn,Snow,Snow,"Surface condition (e.g., wet, icy)",Intersection:  Four-way intersection,Paved,,Property Damage Only,0,0,0,0,0,0,4000,2,2,,POINT (-95.68360977219 43.084525453885)