Iowa DOT Case Number,Law Enforcement Case Number,Date of Crash,Month of Crash,Day of Week,Time of Crash,Hour,DOT District,City Name,County Name,Route with System,Location Description,First Harmful Event,Location of First Harmful Event,Manner of Crash/Collision,Major Cause,Drug or Alcohol ,Environmental Conditions,Light Conditions,Surface Conditions,Weather Conditions,Roadway Contribution,Roadway Type,Roadway Surface,Work Zone,Crash Severity,Number of Fatalities,Number of Injuries,Number of Major Injuries,Number of Minor Injuries,Number of Possible Injuries,Number of Unknown Injuries,Amount of Property Damage,Number of Vehicles Involved,Total Number of Occupants,Travel Direction,Location
2014785268,14-001162,02/12/2014,02-February,4-Wednesday,08:04,0800 Hours,District 6 (East Central),MANCHESTER,DELAWARE,IA 13,IA 13/W MAIN ST & S 11TH ST,Collision with:  Vehicle in traffic,On Roadway,Rear-end (front to rear),Driving too fast for conditions,None Indicated,,Daylight,Snow,Snow,"Surface condition (e.g., wet, icy)",Intersection:  T-intersection,Paved,,Property Damage Only,0,0,0,0,0,0,10700,3,6,,POINT (-91.474828399281 42.483861338575)
2014785786,14001236,02/12/2014,02-February,4-Wednesday,08:53,0800 Hours,District 6 (East Central),,BUCHANAN,,Co Rd D47/290TH ST,Collision with fixed object:  Ditch,Outside trafficway,Non-collision (single vehicle),Crossed centerline (undivided),None Indicated,,Daylight,Snow,Snow,"Surface condition (e.g., wet, icy)",Non-intersection:  Non-junction/no special feature,Paved,,Possible/Unknown,0,1,0,0,1,0,2000,1,1,,POINT (-91.877753273131 42.370683364655)
2014785514,01-14-6147,02/12/2014,02-February,4-Wednesday,08:45,0800 Hours,District 6 (East Central),DUBUQUE,DUBUQUE,US 52,US 52/KERRIGAN RD,Collision with:  Vehicle in traffic,On Roadway,"Sideswipe, same direction",Crossed centerline (undivided),None Indicated,,Daylight,Wet,Snow,None apparent,Non-intersection:  Non-junction/no special feature,Paved,,Property Damage Only,0,0,0,0,0,0,9500,2,2,,POINT (-90.667884097951 42.480570636732)
2014787691,S14-14457,02/12/2014,02-February,4-Wednesday,12:08,1200 Hours,District 2 (Northeast),,BLACK HAWK,,WEIDEN RD,Collision with:  Vehicle in traffic,On Roadway,Broadside (front to side),FTYROW:  From driveway,None Indicated,,Daylight,Snow,Cloudy,None apparent,Non-intersection:  Driveway access (within),Unpaved,,Property Damage Only,0,0,0,0,0,0,2800,2,2,,POINT (-92.268408351636 42.446943236607)
2014785074,20140003929,02/12/2014,02-February,4-Wednesday,19:13,1900 Hours,District 1 (Central),DES MOINES,POLK,,E GRAND AVE,Collision with fixed object:  Other fixed object (explain in narrative),On Roadway,Non-collision (single vehicle),Driving too fast for conditions,None Indicated,,Daylight,Slush,Cloudy,"Surface condition (e.g., wet, icy)",Non-intersection:  Non-junction/no special feature,Paved,,Property Damage Only,0,0,0,0,0,0,2500,1,1,,POINT (-93.574452057585 41.595437213011)
2014785462,W14-014358,02/12/2014,02-February,4-Wednesday,06:46,0600 Hours,District 2 (Northeast),WATERLOO,BLACK HAWK,,MARTIN LUTHER KING JR DR,Collision with:  Vehicle in traffic,On Roadway,Head-on (front to front),Crossed centerline (undivided),None Indicated,,Dark - roadway lighted,Snow,Snow,"Surface condition (e.g., wet, icy)",Non-intersection:  Non-junction/no special feature,Paved,,Minor Injury,0,2,0,1,1,0,19682,2,2,,POINT (-92.292001377137 42.508241138455)
2014785545,2014001612,02/12/2014,02-February,4-Wednesday,14:20,1400 Hours,District 6 (East Central),IOWA CITY,JOHNSON,,GILBERT CT & BOYRUM ST,Collision with:  Vehicle in traffic,On Roadway,Broadside (front to side),FTYROW:  From driveway,None Indicated,,Daylight,Snow,Snow,None apparent,Non-intersection:  Driveway access (within),Paved,,Property Damage Only,0,0,0,0,0,0,3500,2,2,,POINT (-91.529818628497 41.64759278301)
2014784946,W14-014391,02/12/2014,02-February,4-Wednesday,08:45,0800 Hours,District 2 (Northeast),WATERLOO,BLACK HAWK,,LAFAYETTE ST & STATE ST,Collision with:  Vehicle in traffic,On Roadway,"Sideswipe, opposite direction",Lost Control,None Indicated,,Daylight,Ice/frost,Snow,"Surface condition (e.g., wet, icy)",Non-intersection:  Non-junction/no special feature,Paved,,Property Damage Only,0,0,0,0,0,0,2000,2,2,,POINT (-92.315988439789 42.490735405322)
2014786155,2014000797,02/12/2014,02-February,4-Wednesday,10:00,1000 Hours,District 6 (East Central),,BENTON,US 218,US 218/24 AVE,Collision with:  Vehicle in traffic,On Roadway,"Sideswipe, opposite direction",Swerving/Evasive Action,None Indicated,,Daylight,Ice/frost,Snow,"Surface condition (e.g., wet, icy)",Non-intersection:  Non-junction/no special feature,Paved,,Property Damage Only,0,0,0,0,0,0,20000,2,2,,POINT (-92.028976523391 42.035933922255)
2014785027,201400412,02/12/2014,02-February,4-Wednesday,11:00,1100 Hours,District 6 (East Central),CENTRAL CITY,LINN,,COMMERCIAL ST & 5TH ST N,Collision with:  Vehicle in traffic,On Roadway,Broadside (front to side),FTYROW:  From yield sign,None Indicated,,Daylight,Snow,Snow,None apparent,Intersection:  Four-way intersection,Paved,,Property Damage Only,0,0,0,0,0,0,4000,2,4,,POINT (-91.523319593199 42.205099250906)
2014788240,2014010184,02/12/2014,02-February,4-Wednesday,07:40,0700 Hours,District 1 (Central),,POLK,I-35,I-35,Collision with fixed object:  Ditch,On Roadway,Non-collision (single vehicle),Driving too fast for conditions,None Indicated,,Daylight,Snow,Snow,"Surface condition (e.g., wet, icy)",Non-intersection:  Non-junction/no special feature,Paved,,Property Damage Only,0,0,0,0,0,0,3000,1,1,,POINT (-93.570376380188 41.793118238455)
2014785366,02-14-098,02/12/2014,02-February,4-Wednesday,11:07,1100 Hours,District 3 (Northwest),LE MARS,PLYMOUTH,IA 3,IA 3/PLYMOUTH ST & 6TH AVE SW,Collision with fixed object:  Utility pole/light support,On Roadway,Non-collision (single vehicle),Ran off road - right,Drug,,Daylight,Wet,Clear,None apparent,Non-intersection:  Non-junction/no special feature,Paved,,Minor Injury,0,3,0,3,0,0,11500,1,3,,POINT (-96.175040224577 42.793183483499)
2014785361,14000755,02/12/2014,02-February,4-Wednesday,07:45,0700 Hours,District 3 (Northwest),SHELDON,OBRIEN,,Co Rd L32/NORTHWEST BLVD,Collision with fixed object:  Utility pole/light support,On Roadway,Non-collision (single vehicle),Swerving/Evasive Action,None Indicated,,Daylight,Snow,Snow,"Surface condition (e.g., wet, icy)",Non-intersection:  Non-junction/no special feature,Paved,,Property Damage Only,0,0,0,0,0,0,3000,1,1,,POINT (-95.823301637978 43.242083375012)
2014790668,140212BJ01,02/12/2014,02-February,4-Wednesday,07:45,0700 Hours,District 3 (Northwest),ORANGE CITY,SIOUX,,6TH ST SW & COLORADO AVE SW,Collision with:  Vehicle in traffic,On Roadway,Broadside (front to side),FTYROW:  At uncontrolled intersection,None Indicated,,Daylight,Snow,Cloudy,None apparent,Intersection:  Four-way intersection,Paved,,Possible/Unknown,0,1,0,0,1,0,5500,2,4,,POINT (-96.061206569283 43.000089273567)
2014785603,14-0149,02/12/2014,02-February,4-Wednesday,10:03,1000 Hours,District 1 (Central),PLEASANT HILL,POLK,IA 163,IA 163/E UNIVERSITY AVE,Collision with fixed object:  Utility pole/light support,Roadside,Non-collision (single vehicle),Swerving/Evasive Action,None Indicated,,Daylight,Snow,Cloudy,None apparent,Non-intersection:  Non-junction/no special feature,Paved,,Property Damage Only,0,0,0,0,0,0,2500,1,1,,POINT (-93.481409561378 41.598323443166)
2014808026,2014010102,02/12/2014,02-February,4-Wednesday,08:35,0800 Hours,District 2 (Northeast),,BLACK HAWK,I-380,I-380,Collision with fixed object:  Ditch,Shoulder,Non-collision (single vehicle),Ran off road - right,None Indicated,,Daylight,Snow,Snow,"Surface condition (e.g., wet, icy)",Non-intersection:  Non-junction/no special feature,Paved,,Property Damage Only,0,0,0,0,0,0,6000,1,1,,POINT (-92.209316383257 42.44936067282)
2014785334,201402090,02/12/2014,02-February,4-Wednesday,12:40,1200 Hours,District 6 (East Central),CEDAR RAPIDS,LINN,,MOUNT VERNON RD SE & 34TH ST SE,Collision with:  Vehicle in traffic,On Roadway,Broadside (front to side),Ran Traffic Signal,None Indicated,,Daylight,Snow,Snow,None apparent,Intersection:  Four-way intersection,Paved,,Minor Injury,0,2,0,1,1,0,11000,2,3,,POINT (-91.618430305704 41.9768320839)
2014785385,20140003947,02/12/2014,02-February,4-Wednesday,13:16,1300 Hours,District 1 (Central),DES MOINES,POLK,,6TH AVE,Collision with:  Parked motor vehicle,On Roadway,Rear-end (front to rear),Illegally Parked/Unattended,None Indicated,,Daylight,Wet,Clear,None apparent,Non-intersection:  Non-junction/no special feature,Paved,,Possible/Unknown,0,1,0,0,1,0,5000,2,1,,POINT (-93.624916273488 41.614989882344)
2014785309,2014001611,02/12/2014,02-February,4-Wednesday,13:32,1300 Hours,District 6 (East Central),IOWA CITY,JOHNSON,,S GILBERT ST,Collision with:  Vehicle in traffic,On Roadway,Broadside (front to side),FTYROW:  Other (explain in narrative),None Indicated,,Daylight,Snow,Snow,None apparent,Non-intersection:  Alley,Paved,,Property Damage Only,0,0,0,0,0,0,5000,2,2,,POINT (-91.530160782214 41.658423407941)
2014785378,14-0177,02/12/2014,02-February,4-Wednesday,15:29,1500 Hours,District 1 (Central),CLIVE,POLK,,UNIVERSITY AVE & NW 142ND ST,Collision with:  Vehicle in traffic,On Roadway,Rear-end (front to rear),Other (explain in narrative):  Other,None Indicated,,Daylight,Dry,Cloudy,None apparent,Non-intersection:  Non-junction/no special feature,Paved,,Minor Injury,0,1,0,1,0,0,6000,2,3,,POINT (-93.81421747858 41.600456328818)
2014785072,20140003926,02/12/2014,02-February,4-Wednesday,09:55,0900 Hours,District 1 (Central),DES MOINES,POLK,,EASTON BLVD & E 24TH ST,Collision with:  Vehicle in traffic,On Roadway,"Angle, oncoming left turn",FTYROW:  From stop sign,None Indicated,,Daylight,Snow,Snow,None apparent,Intersection:  Four-way intersection,Paved,,Property Damage Only,0,0,0,0,0,0,3500,2,3,,POINT (-93.573588445097 41.606313266167)
2014784940,W14-014332,02/12/2014,02-February,4-Wednesday,01:54,0100 Hours,District 2 (Northeast),WATERLOO,BLACK HAWK,,SKYVIEW RD,Unknown,Roadside,Non-collision (single vehicle),"Operating vehicle in an reckless, erratic, careless, negligent manner",None Indicated,,Dark - roadway lighted,Snow,Clear,None apparent,Intersection:  T-intersection,Paved,,Property Damage Only,0,0,0,0,0,0,2700,1,1,,POINT (-92.278419066625 42.494341504041)
2014787685,14-14418,02/12/2014,02-February,4-Wednesday,10:00,1000 Hours,District 2 (Northeast),,BLACK HAWK,US 63,US 63/LOGAN AVE,Collision with:  Vehicle in traffic,On Roadway,"Sideswipe, same direction",Improper or erratic lane changing,None Indicated,,Daylight,Snow,Snow,None apparent,Non-intersection:  Non-junction/no special feature,Paved,,Property Damage Only,0,0,0,0,0,0,4500,2,4,,POINT (-92.337255772878 42.596984211704)
2014793239,SA1400976,02/12/2014,02-February,4-Wednesday,06:42,0600 Hours,District 5 (Southeast),,WASHINGTON,US 218,US 218/SW RAMP CURV/SW LOOP & IA 92,Collision with:  Vehicle in traffic,On Roadway,Broadside (front to side),FTYROW:  From stop sign,None Indicated,,Dawn,Dry,Cloudy,None apparent,Intersection:  Four-way intersection,Paved,,Possible/Unknown,0,2,0,0,2,0,5000,2,2,,POINT (-91.535913280455 41.290753845605)
2014785655,2014-9441,02/12/2014,02-February,4-Wednesday,11:18,1100 Hours,District 6 (East Central),DAVENPORT,SCOTT,,W 12TH ST & RIPLEY ST,Collision with:  Vehicle in traffic,On Roadway,Unknown,Improper Backing,None Indicated,,Daylight,Dry,Clear,None apparent,Non-intersection:  Driveway access (within),Paved,,Property Damage Only,0,0,0,0,0,0,1500,2,2,,POINT (-90.57848817623 41.531980323514)
2014799800,14C00616,02/12/2014,02-February,4-Wednesday,16:41,1600 Hours,District 4 (Southwest),CRESTON,UNION,,W MONTGOMERY ST & N SPRUCE ST,Collision with:  Vehicle in traffic,On Roadway,Broadside (front to side),FTYROW:  At uncontrolled intersection,None Indicated,,Daylight,Snow,Clear,"Surface condition (e.g., wet, icy)",Intersection:  Four-way intersection,Paved,,Property Damage Only,0,0,0,0,0,0,4000,2,2,,POINT (-94.3696656284 41.05826762797)
2014786072,2014010343,02/12/2014,02-February,4-Wednesday,14:07,1400 Hours,District 6 (East Central),,IOWA,I-80,I-80,Collision with fixed object:  Other fixed object (explain in narrative),Roadside,Non-collision (single vehicle),Ran off road - right,None Indicated,,Daylight,Ice/frost,Cloudy,"Surface condition (e.g., wet, icy)",Interchange-related:  Off-ramp,Paved,,Property Damage Only,0,0,0,0,0,0,2100,1,1,,POINT (-91.913143532123 41.687182548248)
2014785523,01-14-6246,02/12/2014,02-February,4-Wednesday,19:35,1900 Hours,District 6 (East Central),DUBUQUE,DUBUQUE,,W 9TH ST & MAIN ST,Collision with:  Vehicle in traffic,On Roadway,Broadside (front to side),Ran Traffic Signal,None Indicated,,Dark - roadway lighted,Slush,Clear,None apparent,Intersection:  Four-way intersection,Paved,,Property Damage Only,0,0,0,0,0,0,3500,2,5,,POINT (-90.66764752204 42.501665071698)
2014806797,32016-14,02/12/2014,02-February,4-Wednesday,13:25,1300 Hours,District 3 (Northwest),RINGSTED,EMMET,,W MAPLE ST & RAILROAD ST,Collision with:  Vehicle in traffic,Shoulder,Broadside (front to side),Driving too fast for conditions,None Indicated,,Daylight,Ice/frost,Cloudy,"Surface condition (e.g., wet, icy)",Non-intersection:  Non-junction/no special feature,Paved,,Property Damage Only,0,0,0,0,0,0,3200,2,2,,POINT (-94.508685335706 43.295693856401)
2014785041,14-948,02/12/2014,02-February,4-Wednesday,08:00,0800 Hours,District 1 (Central),,POLK,,NW 44TH ST,Collision with fixed object:  Ditch,Shoulder,Non-collision (single vehicle),Driving too fast for conditions,None Indicated,,Daylight,Ice/frost,Snow,"Surface condition (e.g., wet, icy)",Intersection:  Four-way intersection,Paved,,Property Damage Only,0,0,0,0,0,0,4000,1,1,,POINT (-93.678352965527 41.806050761434)
2014786545,,02/12/2014,02-February,4-Wednesday,12:30,1200 Hours,District 6 (East Central),CEDAR RAPIDS,LINN,IA 922,IA 922/1ST AVE E & 29TH ST DR SE & 29TH ST NE,Collision with:  Vehicle in traffic,On Roadway,Rear-end (front to rear),Unknown,None Indicated,,Daylight,Snow,Snow,,Intersection:  Four-way intersection,Paved,,Property Damage Only,0,0,0,0,0,0,2250,3,6,,POINT (-91.634847345406 42.006119209874)
2014785148,14-4251,02/12/2014,02-February,4-Wednesday,08:55,0800 Hours,District 3 (Northwest),SIOUX CITY,WOODBURY,,S LAKEPORT ST,Collision with fixed object:  Other fixed object (explain in narrative),On Roadway,Non-collision (single vehicle),Driving too fast for conditions,None Indicated,,Daylight,Slush,Cloudy,"Surface condition (e.g., wet, icy)",Non-intersection:  Non-junction/no special feature,Paved,,Property Damage Only,0,0,0,0,0,0,1500,1,3,,POINT (-96.346434995938 42.464995267413)
2014787651,2014010083,02/12/2014,02-February,4-Wednesday,07:30,0700 Hours,District 1 (Central),,STORY,I-35,I-35,Collision with fixed object:  Guardrail - face,Median,Non-collision (single vehicle),Driving too fast for conditions,None Indicated,,Daylight,Snow,Snow,None apparent,Non-intersection:  Non-junction/no special feature,Paved,,Property Damage Only,0,0,0,0,0,0,3500,1,1,,POINT (-93.57130484583 41.866447685229)
2014785520,01-14-6205,02/12/2014,02-February,4-Wednesday,15:02,1500 Hours,District 6 (East Central),DUBUQUE,DUBUQUE,,KANE ST,Collision with:  Vehicle in traffic,On Roadway,Rear-end (front to rear),Driving too fast for conditions,None Indicated,,Daylight,Slush,Cloudy,None apparent,Non-intersection:  Non-junction/no special feature,Paved,,Property Damage Only,0,0,0,0,0,0,9000,2,3,,POINT (-90.706755748115 42.517466418173)
2014786924,14-1577,02/12/2014,02-February,4-Wednesday,06:40,0600 Hours,District 3 (Northwest),,SIOUX,,Co Rd B30/360TH ST,Collision with fixed object:  Ditch,On Roadway,Non-collision (single vehicle),Driving too fast for conditions,None Indicated,,Dawn,Snow,Snow,None apparent,Non-intersection:  Non-junction/no special feature,Paved,,Property Damage Only,0,0,0,0,0,0,2000,1,1,,POINT (-96.309883796583 43.127653286541)
2014785813,140604,02/12/2014,02-February,4-Wednesday,11:08,1100 Hours,District 1 (Central),,HARDIN,,Co Rd D15/150TH ST,Collision with fixed object:  Ditch,On Roadway,Non-collision (single vehicle),Driving too fast for conditions,None Indicated,,Daylight,Snow,Clear,"Surface condition (e.g., wet, icy)",Intersection:  Four-way intersection,Unpaved,,Property Damage Only,0,0,0,0,0,0,1500,1,1,,POINT (-96.643700149993 40.233091251414)
2014786992,,02/12/2014,02-February,4-Wednesday,10:12,1000 Hours,District 2 (Northeast),,FLOYD,US 18,US 18,Non-collision events:  Overturn/rollover,On Roadway,Non-collision (single vehicle),Swerving/Evasive Action,None Indicated,,Daylight,Wet,Cloudy,"Surface condition (e.g., wet, icy)",Non-intersection:  Non-junction/no special feature,Paved,,Possible/Unknown,0,1,0,0,1,0,3000,1,1,,POINT (-92.752224852199 43.127316270955)
2014785515,01-14-6174,02/12/2014,02-February,4-Wednesday,11:36,1100 Hours,District 6 (East Central),DUBUQUE,DUBUQUE,,W 3RD ST & MAIN ST,Collision with:  Vehicle in traffic,On Roadway,Rear-end (front to rear),Lost Control,None Indicated,,Daylight,Slush,Snow,"Surface condition (e.g., wet, icy)",Intersection:  Four-way intersection,Paved,,Property Damage Only,0,0,0,0,0,0,2400,2,5,,POINT (-90.664968991372 42.496792709533)
2014788464,EP14-000214,02/12/2014,02-February,4-Wednesday,16:51,1600 Hours,District 2 (Northeast),EAGLE GROVE,WRIGHT,,3RD ST SW & S IOWA AVE,Collision with:  Vehicle in traffic,On Roadway,Broadside (front to side),FTYROW:  From yield sign,None Indicated,,Daylight,Snow,Clear,"Surface condition (e.g., wet, icy)",Intersection:  Four-way intersection,Paved,,Property Damage Only,0,0,0,0,0,0,4500,2,2,,POINT (-93.905944674283 42.66096996585)
2014785383,20140004052,02/12/2014,02-February,4-Wednesday,08:05,0800 Hours,District 1 (Central),DES MOINES,POLK,,SE 1ST ST & INDIANOLA AVE & INDIANOLA RD,Collision with:  Vehicle in traffic,On Roadway,Rear-end (front to rear),Driving too fast for conditions,None Indicated,,Daylight,Snow,Snow,"Surface condition (e.g., wet, icy)",Intersection:  Four-way intersection,Paved,,Minor Injury,0,1,0,1,0,0,600,2,2,,POINT (-93.615365252032 41.572356074039)
2014786443,14-000689,02/12/2014,02-February,4-Wednesday,16:09,1600 Hours,District 1 (Central),AMES,STORY,,DELAWARE AVE,Collision with:  Vehicle in traffic,On Roadway,Broadside (front to side),FTYROW:  At uncontrolled intersection,None Indicated,,Daylight,Snow,Clear,None apparent,Intersection:  Four-way intersection,Paved,,Property Damage Only,0,0,0,0,0,0,5800,2,2,,POINT (-93.680197182573 42.035648244723)
2014785259,141043,02/12/2014,02-February,4-Wednesday,07:49,0700 Hours,District 4 (Southwest),WOODWARD,DALLAS,IA 141,IA 141/141ST ST,Collision with fixed object:  Bridge pier or support,On Roadway,Non-collision (single vehicle),Crossed centerline (undivided),None Indicated,,Daylight,Ice/frost,Cloudy,"Surface condition (e.g., wet, icy)",Non-intersection:  Other non-intersection (explain in narrative),Paved,,Property Damage Only,0,0,0,0,0,0,7000,1,1,,POINT (-93.923577981002 41.835153184741)
2014788241,2014010260,02/12/2014,02-February,4-Wednesday,09:13,0900 Hours,District 1 (Central),,JASPER,I-80,I-80,Collision with:  Vehicle in traffic,On Roadway,Rear-end (front to rear),Other (explain in narrative):  Other,None Indicated,,Daylight,Snow,Snow,"Surface condition (e.g., wet, icy)",Non-intersection:  Non-junction/no special feature,Paved,,Property Damage Only,0,0,0,0,0,0,9500,2,2,,POINT (-93.275836639269 41.686298402284)
2014786607,14-003912,02/12/2014,02-February,4-Wednesday,14:48,1400 Hours,District 5 (Southeast),FORT MADISON,LEE,US 61,US 61/US 61 SE RAMP/US 61 SW RAMP & IA 2/IOWA 2,Collision with:  Vehicle in traffic,On Roadway,Rear-end (front to rear),FTYROW:  Other (explain in narrative),None Indicated,,Daylight,Dry,Clear,None apparent,Intersection:  Intersection with ramp,Paved,,Possible/Unknown,0,1,0,0,1,0,700,2,3,,POINT (-91.397304823234 40.625437408989)
2014786088,2014010091,02/12/2014,02-February,4-Wednesday,07:30,0700 Hours,District 1 (Central),,JASPER,I-80,I-80,Collision with fixed object:  Guardrail - face,Median,Non-collision (single vehicle),Driving too fast for conditions,None Indicated,,Daylight,Snow,Snow,"Surface condition (e.g., wet, icy)",Non-intersection:  Non-junction/no special feature,Paved,,Property Damage Only,0,0,0,0,0,0,8500,2,2,,POINT (-93.334075259131 41.681207954668)
2014785607,S14-000426,02/12/2014,02-February,4-Wednesday,22:34,2200 Hours,District 4 (Southwest),COUNCIL BLUFFS,POTTAWATTAMIE,,Co Rd L35/WABASH AVE,Collision with fixed object:  Traffic sign support,On Roadway,Non-collision (single vehicle),Ran off road - straight,None Indicated,,Dark - roadway not lighted,Dry,Clear,None apparent,Non-intersection:  Non-junction/no special feature,Paved,,Property Damage Only,0,0,0,0,0,0,7000,1,1,,POINT (-95.791125890906 41.167280917622)
2014799799,14C00611,02/12/2014,02-February,4-Wednesday,11:19,1100 Hours,District 4 (Southwest),CRESTON,UNION,,N CHERRY ST,Collision with:  Vehicle in traffic,On Roadway,Broadside (front to side),FTYROW:  From driveway,None Indicated,,Daylight,Wet,Cloudy,None apparent,Non-intersection:  Driveway access (within),Paved,,Property Damage Only,0,0,0,0,0,0,6000,2,2,,POINT (-94.356774140083 41.070841889504)
2014785355,2014001264,02/12/2014,02-February,4-Wednesday,10:11,1000 Hours,District 1 (Central),MARSHALLTOWN,MARSHALL,,N 14TH AVE,Collision with:  Parked motor vehicle,On Roadway,Broadside (front to side),Improper Backing,None Indicated,,Daylight,Snow,Snow,None apparent,Non-intersection:  Non-junction/no special feature,Paved,,Property Damage Only,0,0,0,0,0,0,2000,2,1,,POINT (-92.891728382123 42.055517777269)
2014786716,14-000188,02/12/2014,02-February,4-Wednesday,08:43,0800 Hours,District 1 (Central),,STORY,I-35,I-35,Collision with fixed object:  Guardrail - face,Median,Non-collision (single vehicle),Driving too fast for conditions,None Indicated,,Daylight,Ice/frost,Snow,"Surface condition (e.g., wet, icy)",Non-intersection:  Non-junction/no special feature,Paved,,Property Damage Only,0,0,0,0,0,0,2500,1,1,,POINT (-93.56783694805 42.070556018957)
2014786090,2014010214,02/12/2014,02-February,4-Wednesday,09:45,0900 Hours,District 1 (Central),,JASPER,I-80,I-80,Collision with fixed object:  Guardrail - face,Median,Non-collision (single vehicle),Driving too fast for conditions,None Indicated,,Daylight,Ice/frost,Snow,"Surface condition (e.g., wet, icy)",Non-intersection:  Non-junction/no special feature,Paved,,Property Damage Only,0,0,0,0,0,0,7000,1,1,,POINT (-93.18494241387 41.692551429477)
2014785401,14-000305,02/12/2014,02-February,4-Wednesday,08:55,0800 Hours,District 1 (Central),ALTOONA,POLK,,8TH ST SW,Collision with:  Vehicle in traffic,On Roadway,"Sideswipe, same direction",Driving too fast for conditions,None Indicated,,Daylight,Snow,Cloudy,"Surface condition (e.g., wet, icy)",Non-intersection:  Non-junction/no special feature,Paved,,Property Damage Only,0,0,0,0,0,0,6200,2,4,,POINT (-93.484175998529 41.644131579684)
2014787653,2014010163,02/12/2014,02-February,4-Wednesday,09:50,0900 Hours,District 1 (Central),HUXLEY,STORY,I-35,I-35,Collision with fixed object:  Guardrail - face,On Roadway,Non-collision (single vehicle),Driving too fast for conditions,None Indicated,,Daylight,Snow,Snow,None apparent,Non-intersection:  Non-junction/no special feature,Paved,,Property Damage Only,0,0,0,0,0,0,2000,1,1,,POINT (-93.571080654116 41.895405681269)
2014791455,2014010082,02/12/2014,02-February,4-Wednesday,07:55,0700 Hours,District 2 (Northeast),WATERLOO,BLACK HAWK,US 20,US 20,Collision with fixed object:  Traffic sign support,Shoulder,Non-collision (single vehicle),Driving too fast for conditions,None Indicated,,Daylight,Snow,Snow,"Surface condition (e.g., wet, icy)",Interchange-related:  Off-ramp,Paved,,Property Damage Only,0,0,0,0,0,0,2750,1,2,,POINT (-92.315262280408 42.453545849605)
2014785306,2014001606,02/12/2014,02-February,4-Wednesday,11:58,1100 Hours,District 6 (East Central),IOWA CITY,JOHNSON,US 6,US 6,Collision with:  Vehicle in traffic,On Roadway,Rear-end (front to rear),Followed too close,None Indicated,,Daylight,Slush,Snow,None apparent,Intersection:  Other intersection (explain in narrative),Paved,,Property Damage Only,0,0,0,0,0,0,2000,2,2,,POINT (-91.548180774092 41.664633029565)
2014785604,S14-000421,02/12/2014,02-February,4-Wednesday,15:30,1500 Hours,District 4 (Southwest),,POTTAWATTAMIE,,195TH ST,Collision with:  Vehicle in traffic,On Roadway,"Sideswipe, same direction",Driving too fast for conditions,None Indicated,,Daylight,Snow,Cloudy,"Surface condition (e.g., wet, icy)",Non-intersection:  Non-junction/no special feature,Unpaved,,Property Damage Only,0,0,0,0,0,0,9500,2,2,,POINT (-95.804304138282 41.359832747135)
2014789506,2014010088,02/12/2014,02-February,4-Wednesday,07:55,0700 Hours,District 1 (Central),ALTOONA,POLK,I-80,I-80,Collision with:  Parked motor vehicle,Shoulder,Rear-end (front to rear),Driving too fast for conditions,None Indicated,,Daylight,Snow,Snow,"Surface condition (e.g., wet, icy)",Non-intersection:  Non-junction/no special feature,Paved,,Property Damage Only,0,0,0,0,0,0,8000,2,2,,POINT (-93.480300591047 41.662342334561)
2014799801,14C00617,02/12/2014,02-February,4-Wednesday,16:53,1600 Hours,District 4 (Southwest),CRESTON,UNION,,SPILLWAY RD,Collision with fixed object:  Other fixed object (explain in narrative),Shoulder,Non-collision (single vehicle),Ran off road - right,None Indicated,,Daylight,Snow,Clear,None apparent,Non-intersection:  Non-junction/no special feature,Paved,,Property Damage Only,0,0,0,0,0,0,4000,1,1,,POINT (-94.384395573968 41.055866664636)
2014786645,E201400279,02/12/2014,02-February,4-Wednesday,07:53,0700 Hours,District 3 (Northwest),EMMETSBURG,PALO ALTO,,6TH ST,Collision with:  Vehicle in traffic,On Roadway,"Sideswipe, same direction",Other (explain in narrative):  Other,None Indicated,,Daylight,Snow,Cloudy,None apparent,Non-intersection:  Non-junction/no special feature,Paved,,Property Damage Only,0,0,0,0,0,0,3500,2,3,,POINT (-94.683547464263 43.114693645922)
2014793208,S201400285,02/13/2014,02-February,5-Thursday,12:25,1200 Hours,District 3 (Northwest),,PALO ALTO,,Co Rd N28/380 AVE,Collision with:  Vehicle in traffic,On Roadway,"Sideswipe, opposite direction",Crossed centerline (undivided),None Indicated,,Daylight,Ice/frost,"Blowing sand, soil, dirt","Surface condition (e.g., wet, icy)",Non-intersection:  Non-junction/no special feature,Paved,,Property Damage Only,0,0,0,0,0,0,20000,2,2,,POINT (-94.836285351728 43.094811822397)
2014786713,2014-9575,02/13/2014,02-February,5-Thursday,00:11,0000 Hours,District 6 (East Central),DAVENPORT,SCOTT,,W LOCUST ST & HICKORY GROVE RD & N DIVISION ST,Collision with:  Vehicle in traffic,On Roadway,Rear-end (front to rear),Unknown,None Indicated,,Dark - roadway lighted,Dry,Clear,None apparent,Intersection:  Four-way intersection,Paved,,Property Damage Only,0,0,0,0,0,0,3500,2,3,,POINT (-90.601077565245 41.53825417734)