Iowa DOT Case Number,Law Enforcement Case Number,Date of Crash,Month of Crash,Day of Week,Time of Crash,Hour,DOT District,City Name,County Name,Route with System,Location Description,First Harmful Event,Location of First Harmful Event,Manner of Crash/Collision,Major Cause,Drug or Alcohol ,Environmental Conditions,Light Conditions,Surface Conditions,Weather Conditions,Roadway Contribution,Roadway Type,Roadway Surface,Work Zone,Crash Severity,Number of Fatalities,Number of Injuries,Number of Major Injuries,Number of Minor Injuries,Number of Possible Injuries,Number of Unknown Injuries,Amount of Property Damage,Number of Vehicles Involved,Total Number of Occupants,Travel Direction,Location
2014786952,2014010550,02/13/2014,02-February,5-Thursday,09:17,0900 Hours,District 6 (East Central),,BENTON,US 30,US 30/73 ST,Non-collision events:  Overturn/rollover,On Roadway,Non-collision (single vehicle),Ran off road - right,None Indicated,,Daylight,Ice/frost,Cloudy,"Surface condition (e.g., wet, icy)",Non-intersection:  Non-junction/no special feature,Paved,,Possible/Unknown,0,1,0,0,1,0,10000,1,1,,POINT (-91.861478942423 41.963594604122)
2014785599,14-0767,02/13/2014,02-February,5-Thursday,19:55,1900 Hours,District 1 (Central),WEST DES MOINES,POLK,I-35,I-35 & GRAND AVE,Collision with:  Vehicle in traffic,On Roadway,"Sideswipe, same direction",Illegally Parked/Unattended,None Indicated,,Dark - roadway not lighted,Dry,Clear,None apparent,"Interchange-related:  Off-ramp, diverge area",Paved,,Property Damage Only,0,0,0,0,0,0,1600,2,1,,POINT (-93.770637660074 41.541209832936)
2014785508,01-12-6361,02/13/2014,02-February,5-Thursday,16:33,1600 Hours,District 6 (East Central),DUBUQUE,DUBUQUE,,LORAS BLVD & MT PLEASANT ST,Collision with:  Vehicle in traffic,On Roadway,Broadside (front to side),FTYROW:  From stop sign,None Indicated,,Daylight,Wet,Cloudy,None apparent,Intersection:  Four-way intersection,Paved,,Property Damage Only,0,0,0,0,0,0,9000,2,5,,POINT (-90.685320401456 42.501276126378)
2014785428,14-000606,02/13/2014,02-February,5-Thursday,08:36,0800 Hours,District 2 (Northeast),PARKERSBURG,BUTLER,,WEMPLE ST & 3RD ST,Collision with:  Vehicle in traffic,On Roadway,Broadside (front to side),FTYROW:  From stop sign,None Indicated,,Daylight,Snow,Clear,None apparent,Intersection:  Four-way intersection,Paved,,Property Damage Only,0,0,0,0,0,0,4000,2,2,,POINT (-92.787247850258 42.575423642779)
2014844620,2014-000392,02/13/2014,02-February,5-Thursday,14:22,1400 Hours,District 2 (Northeast),,ALLAMAKEE,,Co Rd W60/OLD STAGE RD,Collision with:  Vehicle in traffic,On Roadway,Broadside (front to side),Other (explain in narrative):  No improper action,None Indicated,,Daylight,Snow,Snow,"Surface condition (e.g., wet, icy)",Non-intersection:  Non-junction/no special feature,Paved,,Possible/Unknown,0,1,0,0,1,0,7000,2,3,,POINT (-91.527639241799 43.278536574737)
2014785564,2014001294,02/13/2014,02-February,5-Thursday,08:17,0800 Hours,District 1 (Central),MARSHALLTOWN,MARSHALL,IA 14,IA 14/S CENTER ST & WESTWOOD DR,Collision with:  Vehicle in traffic,On Roadway,Rear-end (front to rear),Followed too close,None Indicated,,Daylight,Slush,Clear,"Surface condition (e.g., wet, icy)",Intersection:  T-intersection,Paved,,Property Damage Only,0,0,0,0,0,0,5000,2,3,,POINT (-92.912381029369 42.021076125671)
2014786475,2014010711,02/13/2014,02-February,5-Thursday,16:00,1600 Hours,District 1 (Central),WEST DES MOINES,POLK,I-235,I-235 & 22ND ST,Collision with:  Vehicle in traffic,On Roadway,Rear-end (front to rear),Followed too close,None Indicated,,Daylight,Dry,Clear,None apparent,Non-intersection:  Non-junction/no special feature,Paved,,Property Damage Only,0,0,0,0,0,0,4000,2,3,,POINT (-93.736096515728 41.592876582297)
2014785580,20140004089,02/13/2014,02-February,5-Thursday,17:15,1700 Hours,District 1 (Central),DES MOINES,POLK,US 6,US 6/EUCLID AVE & 9TH ST,Collision with:  Vehicle in traffic,On Roadway,"Angle, oncoming left turn",FTYROW:  Making left turn,None Indicated,,Dusk,Wet,Clear,None apparent,Intersection:  Four-way intersection,Paved,,Property Damage Only,0,0,0,0,0,0,5000,2,3,,POINT (-93.629588430796 41.627655532318)
2014793601,,02/13/2014,02-February,5-Thursday,15:18,1500 Hours,District 2 (Northeast),DECORAH,WINNESHIEK,,HEIVLY ST & JULIAN ST,Collision with:  Vehicle in traffic,On Roadway,Rear-end (front to rear),FTYROW:  Other (explain in narrative),None Indicated,,Daylight,Ice/frost,"Blowing sand, soil, dirt","Surface condition (e.g., wet, icy)",Intersection:  T-intersection,Paved,,Property Damage Only,0,0,0,0,0,0,2000,2,3,,POINT (-91.794142842324 43.305825077637)
2014787681,14-014717,02/13/2014,02-February,5-Thursday,05:27,0500 Hours,District 2 (Northeast),DUNKERTON,BLACK HAWK,,Co Rd C57/E CEDAR-WAPSI RD,Collision with:  Animal,,,Animal,None Indicated,,,,,,,Paved,,Property Damage Only,0,0,0,0,0,0,2000,1,1,,POINT (-92.143649645627 42.613342726938)
2014788107,2014-9670,02/13/2014,02-February,5-Thursday,12:06,1200 Hours,District 6 (East Central),DAVENPORT,SCOTT,,IA 461/W RIVER DR & S CONCORD ST,Collision with:  Vehicle in traffic,On Roadway,Broadside (front to side),Ran Traffic Signal,None Indicated,,Daylight,Dry,Cloudy,None apparent,Intersection:  Four-way intersection,Paved,,Minor Injury,0,2,0,2,0,0,6000,2,3,,POINT (-90.62376247866 41.501114407192)
2014785716,2014010740,02/13/2014,02-February,5-Thursday,16:30,1600 Hours,District 2 (Northeast),,WORTH,I-35,I-35,Collision with fixed object:  Ditch,Median,Non-collision (single vehicle),Over correcting/over steering,None Indicated,,Daylight,Ice/frost,"Blowing sand, soil, dirt","Surface condition (e.g., wet, icy)",Non-intersection:  Non-junction/no special feature,Paved,,Property Damage Only,0,0,0,0,0,0,5000,1,2,,POINT (-93.350984098469 43.478820007425)
2014786219,02-14-2569,02/13/2014,02-February,5-Thursday,19:23,1900 Hours,District 6 (East Central),,DUBUQUE,US 151,US 151,Collision with fixed object:  Ditch,Outside trafficway,Non-collision (single vehicle),Ran off road - right,None Indicated,,Dark - roadway not lighted,Ice/frost,"Blowing sand, soil, dirt","Surface condition (e.g., wet, icy)",Non-intersection:  Non-junction/no special feature,Paved,,Property Damage Only,0,0,0,0,0,0,20000,1,1,,POINT (-90.798307329333 42.365487106337)
2014785506,01-13-6303,02/13/2014,02-February,5-Thursday,07:47,0700 Hours,District 6 (East Central),DUBUQUE,DUBUQUE,US 20,US 20/DODGE ST & IA 946/IOWA 946,Collision with:  Vehicle in traffic,On Roadway,Rear-end (front to rear),Followed too close,None Indicated,,Dawn,Wet,Snow,None apparent,Intersection:  Other intersection (explain in narrative),Paved,,Possible/Unknown,0,1,0,0,1,0,1800,3,3,,POINT (-90.665098532681 42.492004570747)
2014786240,14-001528,02/13/2014,02-February,5-Thursday,16:51,1600 Hours,District 2 (Northeast),,FAYETTE,IA 150,IA 150/LINCOLN RD,Non-collision events:  Overturn/rollover,On Roadway,Non-collision (single vehicle),Ran off road - right,None Indicated,,Daylight,Ice/frost,"Blowing sand, soil, dirt","Surface condition (e.g., wet, icy)",Non-intersection:  Non-junction/no special feature,Paved,,Minor Injury,0,1,0,1,0,0,5500,1,1,,POINT (-91.810350141532 42.887910716732)
2014798031,14--001012,02/13/2014,02-February,5-Thursday,16:57,1600 Hours,District 2 (Northeast),,CLAYTON,US 18,US 18,Collision with fixed object:  Ditch,On Roadway,Non-collision (single vehicle),Ran off road - right,None Indicated,,Daylight,Ice/frost,Snow,"Surface condition (e.g., wet, icy)",Non-intersection:  Non-junction/no special feature,Paved,,Property Damage Only,0,0,0,0,0,0,10500,1,2,,POINT (-91.331794811056 43.009986316459)
2014785382,20140004035,02/13/2014,02-February,5-Thursday,09:03,0900 Hours,District 1 (Central),DES MOINES,POLK,US 6,US 6/DOUGLAS AVE,Collision with:  Vehicle in traffic,On Roadway,"Sideswipe, same direction",Unknown,None Indicated,,Daylight,Wet,Clear,None apparent,Non-intersection:  Non-junction/no special feature,Paved,,Property Damage Only,0,0,0,0,0,0,4418,2,4,,POINT (-93.680664382181 41.629472123356)
2014786253,4514-011,02/13/2014,02-February,5-Thursday,05:44,0500 Hours,District 2 (Northeast),,HOWARD,IA 9,IA 9/IOWA 9,Collision with:  Vehicle in traffic,On Roadway,"Sideswipe, same direction",FTYROW:  Other (explain in narrative),None Indicated,,Dark - roadway lighted,Snow,Snow,None apparent,Non-intersection:  Non-junction/no special feature,Paved,,Possible/Unknown,0,2,0,0,2,0,13500,2,3,,POINT (-92.144876020353 43.371071192769)
2014786175,14002205,02/13/2014,02-February,5-Thursday,14:54,1400 Hours,District 2 (Northeast),MASON CITY,CERRO GORDO,,S EISENHOWER AVE,Collision with:  Vehicle in traffic,On Roadway,Rear-end (front to rear),Driving too fast for conditions,None Indicated,,Daylight,Ice/frost,Clear,None apparent,Non-intersection:  Non-junction/no special feature,Paved,,Property Damage Only,0,0,0,0,0,0,3000,2,2,,POINT (-93.260650986757 43.134032318789)
2014786790,14002237,02/13/2014,02-February,5-Thursday,22:29,2200 Hours,District 2 (Northeast),MASON CITY,CERRO GORDO,IA 122,IA 122/4TH ST SE & IOWA AVE & COLLEGE DR,Collision with:  Vehicle in traffic,On Roadway,Rear-end (front to rear),Other (explain in narrative):  Other,None Indicated,,Dark - roadway lighted,Snow,Cloudy,"Surface condition (e.g., wet, icy)",Intersection:  Other intersection (explain in narrative),Paved,,Property Damage Only,0,0,0,0,0,0,1700,2,4,,POINT (-93.13240315982 43.148147096773)
2014785675,14-0447,02/13/2014,02-February,5-Thursday,21:00,2100 Hours,District 1 (Central),FORT DODGE,WEBSTER,,5TH AVE S,Collision with:  Vehicle in traffic,On Roadway,Rear-end (front to rear),Followed too close,None Indicated,,Dark - roadway lighted,Dry,Cloudy,None apparent,Non-intersection:  Non-junction/no special feature,Paved,,Property Damage Only,0,0,0,0,0,0,2000,2,2,,POINT (-94.160407789463 42.501184912535)
2014785570,SO14000321,02/13/2014,02-February,5-Thursday,01:00,0100 Hours,District 3 (Northwest),,PLYMOUTH,,Co Rd C60/C60 & ELK AVE,Collision with fixed object:  Ditch,Roadside,Non-collision (single vehicle),Ran off road - left,None Indicated,,Dark - roadway not lighted,Snow,Clear,"Surface condition (e.g., wet, icy)",Intersection:  T-intersection,Unpaved,,Property Damage Only,0,0,0,0,0,0,6000,1,1,,POINT (-96.468845754493 42.628923213575)
2014785913,14-0179,02/13/2014,02-February,5-Thursday,13:42,1300 Hours,District 1 (Central),CLIVE,POLK,,HARBACH BLVD,Collision with:  Vehicle in traffic,On Roadway,"Sideswipe, opposite direction",Improper Backing,None Indicated,,Daylight,Dry,Cloudy,Work Zone (roadway-related),Non-intersection:  Non-junction/no special feature,Paved,Yes,Property Damage Only,0,0,0,0,0,0,2500,2,2,,POINT (-93.729999930529 41.607660255544)
2014785399,14-0755,02/13/2014,02-February,5-Thursday,07:51,0700 Hours,District 1 (Central),WEST DES MOINES,POLK,,56TH ST,Collision with:  Vehicle in traffic,On Roadway,Broadside (front to side),FTYROW:  At uncontrolled intersection,None Indicated,,Daylight,Snow,Clear,"Surface condition (e.g., wet, icy)",Intersection:  T-intersection,Paved,,Property Damage Only,0,0,0,0,0,0,2800,2,3,,POINT (-93.783464674641 41.586789917647)
2014787182,S14-1406,02/13/2014,02-February,5-Thursday,08:55,0800 Hours,District 3 (Northwest),SERGEANT BLUFF,WOODBURY,I-29,I-29,Collision with fixed object:  Ditch,Shoulder,Non-collision (single vehicle),Swerving/Evasive Action,None Indicated,,Daylight,Snow,Clear,"Shoulders (none, low, soft, high)",Non-intersection:  Non-junction/no special feature,Paved,,Property Damage Only,0,0,0,0,0,0,4000,1,1,,POINT (-96.361407966961 42.385946585333)
2014786547,,02/13/2014,02-February,5-Thursday,06:28,0600 Hours,District 6 (East Central),CEDAR RAPIDS,LINN,,E AVE NE & 17TH ST NE,Collision with:  Vehicle in traffic,On Roadway,Broadside (front to side),Unknown,None Indicated,,Dawn,Snow,Cloudy,,Non-intersection:  Non-junction/no special feature,Paved,,Property Damage Only,0,0,0,0,0,0,5000,2,2,,POINT (-91.652866752257 41.994542747188)
2014785420,14-0440,02/13/2014,02-February,5-Thursday,12:42,1200 Hours,District 1 (Central),FORT DODGE,WEBSTER,,5TH AVE S,Collision with:  Vehicle in traffic,On Roadway,Broadside (front to side),Ran Traffic Signal,None Indicated,,Daylight,Dry,Clear,None apparent,Intersection:  T-intersection,Paved,,Property Damage Only,0,0,0,0,0,0,3000,2,3,,POINT (-94.143783832402 42.501234971085)
2014786456,14-001594,02/13/2014,02-February,5-Thursday,18:33,1800 Hours,District 1 (Central),DYSART,TAMA,IA 8,IA 8/IOWA 8 & X AVE,Collision with:  Vehicle in traffic,On Roadway,"Sideswipe, opposite direction",Driving too fast for conditions,None Indicated,,Dark - roadway not lighted,Dry,Clear,None apparent,Intersection:  Four-way intersection,Paved,,Property Damage Only,0,0,0,0,0,0,3500,2,3,,POINT (-92.319201400048 42.181215632718)
2014785608,S14-000436,02/13/2014,02-February,5-Thursday,15:00,1500 Hours,District 4 (Southwest),,POTTAWATTAMIE,,MEADOW LN & TIMBER DR,Collision with:  Vehicle in traffic,On Roadway,"Sideswipe, opposite direction",Unknown,None Indicated,,Daylight,Unknown,Unknown,Unknown,Unknown,Paved,,Property Damage Only,0,0,0,0,0,0,2600,2,3,,POINT (-95.800566175689 41.251136035852)
2014786575,14-000706,02/13/2014,02-February,5-Thursday,13:41,1300 Hours,District 3 (Northwest),,CHEROKEE,,Co Rd C44/580TH ST & Co Rd L56/RIVER RD,Collision with:  Vehicle in traffic,On Roadway,Broadside (front to side),Ran Stop Sign,None Indicated,,Daylight,Dry,Clear,None apparent,Intersection:  Four-way intersection,Paved,,Major Injury,0,2,1,0,1,0,38000,2,3,,POINT (-95.58214748648 42.677170733132)
2014785527,01-14-6347,02/13/2014,02-February,5-Thursday,14:51,1400 Hours,District 6 (East Central),DUBUQUE,DUBUQUE,,ASBURY RD,Collision with:  Vehicle in traffic,On Roadway,"Sideswipe, opposite direction",Other (explain in narrative):  Other,None Indicated,,Daylight,Wet,Cloudy,None apparent,Non-intersection:  Driveway access (within),Paved,,Property Damage Only,0,0,0,0,0,0,1600,2,2,,POINT (-90.696807960135 42.500634176128)
2014786075,2014010497,02/13/2014,02-February,5-Thursday,05:51,0500 Hours,District 4 (Southwest),,ADAIR,I-80,I-80,Collision with:  Parked motor vehicle,On Roadway,"Sideswipe, same direction",Other (explain in narrative):  Other,None Indicated,,Dark - roadway not lighted,Wet,Cloudy,None apparent,Non-intersection:  Non-junction/no special feature,Paved,,Property Damage Only,0,0,0,0,0,0,2000,2,3,,POINT (-94.436663203325 41.49590650895)
2014785498,141090,02/13/2014,02-February,5-Thursday,19:19,1900 Hours,District 4 (Southwest),,DALLAS,,Co Rd R22/T AVE,Collision with:  Animal,,,Animal,None Indicated,,,,,,,Paved,,Property Damage Only,0,0,0,0,0,0,4000,1,1,,POINT (-93.912125508363 41.79788438569)
2014785583,20140004017,02/13/2014,02-February,5-Thursday,02:25,0200 Hours,District 1 (Central),DES MOINES,POLK,,ROSE AVE,Collision with fixed object:  Utility pole/light support,On Roadway,Non-collision (single vehicle),Ran off road - left,None Indicated,,Dark - roadway lighted,Snow,Cloudy,Unknown,Non-intersection:  Non-junction/no special feature,Paved,,Property Damage Only,0,0,0,0,0,0,5000,1,1,,POINT (-93.618594568838 41.550009662899)
2014786474,2014010633,02/13/2014,02-February,5-Thursday,12:37,1200 Hours,District 1 (Central),,POLK,I-80,I-80,Collision with:  Vehicle in traffic,On Roadway,Rear-end (front to rear),Improper or erratic lane changing,None Indicated,,Daylight,Dry,Cloudy,None apparent,Non-intersection:  Non-junction/no special feature,Paved,,Possible/Unknown,0,1,0,0,1,0,11000,2,2,,POINT (-93.524840459871 41.659589549922)
2014786066,14-4386,02/13/2014,02-February,5-Thursday,15:06,1500 Hours,District 3 (Northwest),SIOUX CITY,WOODBURY,,46TH ST,Non-collision events:  Other non-collision (explain in narrative),On Roadway,Non-collision (single vehicle),Ran off road - left,None Indicated,,Daylight,Wet,Clear,Ruts/holes/bumps,Non-intersection:  Non-junction/no special feature,Paved,,Possible/Unknown,0,1,0,0,1,0,6000,1,1,,POINT (-96.404605427381 42.548336417096)
2014785469,14-2552,02/13/2014,02-February,5-Thursday,17:37,1700 Hours,District 2 (Northeast),,BREMER,IA 93,IA 93/IOWA 93,Non-collision events:  Overturn/rollover,On Roadway,Non-collision (single vehicle),Swerving/Evasive Action,None Indicated,,Daylight,Ice/frost,"Blowing sand, soil, dirt","Surface condition (e.g., wet, icy)",Non-intersection:  Non-junction/no special feature,Paved,,Property Damage Only,0,0,0,0,0,0,6000,1,1,,POINT (-92.127634343232 42.847408148188)
2014787070,201400429,02/13/2014,02-February,5-Thursday,21:55,2100 Hours,District 6 (East Central),,LINN,I-380,I-380,Non-collision events:  Overturn/rollover,Median,Non-collision (single vehicle),Ran off road - left,Alcohol (Statutory),,Dark - roadway not lighted,Dry,Clear,None apparent,Non-intersection:  Non-junction/no special feature,Paved,,Minor Injury,0,1,0,1,0,0,8000,1,1,,POINT (-91.729482934443 42.132204650522)
2014785791,14-2001,02/13/2014,02-February,5-Thursday,10:49,1000 Hours,District 3 (Northwest),,CLAY,,Co Rd B53/440TH ST,Collision with fixed object:  Ditch,Outside trafficway,Non-collision (single vehicle),Ran off road - right,None Indicated,,Daylight,Ice/frost,Snow,"Surface condition (e.g., wet, icy)",Non-intersection:  Non-junction/no special feature,Paved,,Property Damage Only,0,0,0,0,0,0,2000,1,2,,POINT (-95.129909215681 43.010382073406)
2014786031,14-2993,02/13/2014,02-February,5-Thursday,14:59,1400 Hours,District 6 (East Central),,SCOTT,US 61,US 61/140 ST & COONHUNTER S RD,Collision with:  Vehicle in traffic,On Roadway,"Sideswipe, opposite direction",FTYROW:  Making left turn,None Indicated,,Daylight,Dry,Cloudy,None apparent,Non-intersection:  Crossover-related,Paved,,Property Damage Only,0,0,0,0,0,0,1501,2,2,,POINT (-90.739084650151 41.509060535244)
2014785487,14000824,02/13/2014,02-February,5-Thursday,12:13,1200 Hours,District 2 (Northeast),,CERRO GORDO,,Co Rd S18/EAGLE AVE & 270TH ST,Collision with:  Vehicle in traffic,On Roadway,Head-on (front to front),Driving too fast for conditions,None Indicated,,Daylight,Snow,"Blowing sand, soil, dirt","Surface condition (e.g., wet, icy)",Non-intersection:  Non-junction/no special feature,Paved,,Minor Injury,0,2,0,2,0,0,9000,2,2,,POINT (-93.418289443419 43.15550044306)
2014786921,2014-9687,02/13/2014,02-February,5-Thursday,13:52,1300 Hours,District 6 (East Central),DAVENPORT,SCOTT,US 6,US 6/E KIMBERLY RD & IA 461/BRADY ST,Collision with:  Vehicle in traffic,On Roadway,Rear-end (front to rear),Other (explain in narrative):  Other,None Indicated,,Daylight,Dry,Clear,None apparent,Non-intersection:  Non-junction/no special feature,Paved,,Possible/Unknown,0,2,0,0,2,0,3500,2,3,,POINT (-90.568210265625 41.560277558189)
2014787728,20140500,02/13/2014,02-February,5-Thursday,09:30,0900 Hours,District 1 (Central),,GRUNDY,,WESTBROOK ST,Collision with:  Other non-fixed object (explain in narrative),On Roadway,Non-collision (single vehicle),Swerving/Evasive Action,None Indicated,,Daylight,Unknown,"Blowing sand, soil, dirt",Unknown,Unknown,Unpaved,,Minor Injury,0,2,0,2,0,0,5000,1,3,,POINT (-92.682591737349 42.555846152887)
2014786239,14-001525,02/13/2014,02-February,5-Thursday,16:33,1600 Hours,District 2 (Northeast),,FAYETTE,IA 3,IA 3/60TH ST,Collision with fixed object:  Ditch,On Roadway,Non-collision (single vehicle),Driving too fast for conditions,None Indicated,,Daylight,Ice/frost,"Blowing sand, soil, dirt","Surface condition (e.g., wet, icy)",Non-intersection:  Non-junction/no special feature,Paved,,Possible/Unknown,0,1,0,0,1,0,0,1,1,,POINT (-91.94037435292 42.714890882965)
2014786067,14-4387,02/13/2014,02-February,5-Thursday,14:45,1400 Hours,District 3 (Northwest),SIOUX CITY,WOODBURY,,MILITARY RD,Collision with:  Vehicle in traffic,On Roadway,"Sideswipe, same direction",FTYROW:  From parked position,None Indicated,,Daylight,Dry,Clear,None apparent,Non-intersection:  Non-junction/no special feature,Paved,,Property Damage Only,0,0,0,0,0,0,2500,2,2,,POINT (-96.475919829993 42.521151676491)
2014787916,14002191,02/13/2014,02-February,5-Thursday,09:40,0900 Hours,District 2 (Northeast),MASON CITY,CERRO GORDO,,11TH ST SW,Collision with:  Vehicle in traffic,On Roadway,Broadside (front to side),FTYROW:  From driveway,None Indicated,,Daylight,Snow,Clear,None apparent,Non-intersection:  Driveway access (within),Paved,,Property Damage Only,0,0,0,0,0,0,3800,2,2,,POINT (-93.201458620236 43.140869477601)
2014785714,2014010607,02/13/2014,02-February,5-Thursday,10:20,1000 Hours,District 3 (Northwest),,CLAY,US 18,US 18 & Co Rd M27/130TH AVE,Collision with:  Vehicle in traffic,On Roadway,Head-on (front to front),Lost Control,None Indicated,,Daylight,Slush,Cloudy,None apparent,Non-intersection:  Non-junction/no special feature,Paved,,Property Damage Only,0,0,0,0,0,0,18200,2,3,,POINT (-95.3285600993 43.183727328005)
2014786926,14-1617,02/13/2014,02-February,5-Thursday,11:20,1100 Hours,District 3 (Northwest),,SIOUX,,Co Rd B40/390TH ST & GOLDFINCH AVE,Collision with fixed object:  Ditch,On Roadway,Non-collision (single vehicle),Driving too fast for conditions,None Indicated,,Daylight,Snow,"Blowing sand, soil, dirt",None apparent,Non-intersection:  Non-junction/no special feature,Paved,,Property Damage Only,0,0,0,0,0,0,6000,1,1,,POINT (-96.214461065898 43.084141281705)
2014787240,,02/13/2014,02-February,5-Thursday,12:09,1200 Hours,District 5 (Southeast),CHARITON,LUCAS,,COURT AVE & S 17TH ST & N 17TH ST,Collision with:  Vehicle in traffic,On Roadway,Broadside (front to side),Equipment failure,None Indicated,,Daylight,Wet,Clear,None apparent,Intersection:  Four-way intersection,Paved,,Property Damage Only,0,0,0,0,0,0,3500,2,2,,POINT (-93.319255554394 41.014538001657)
2014785419,14-0443,02/13/2014,02-February,5-Thursday,16:10,1600 Hours,District 1 (Central),FORT DODGE,WEBSTER,,5TH AVE S,Collision with:  Vehicle in traffic,Shoulder,Broadside (front to side),Improper Backing,None Indicated,,Daylight,Dry,Clear,None apparent,Non-intersection:  Driveway access (within),Paved,,Property Damage Only,0,0,0,0,0,0,2500,2,4,,POINT (-94.16963108976 42.501082137487)
2014786546,,02/13/2014,02-February,5-Thursday,14:20,1400 Hours,District 6 (East Central),CEDAR RAPIDS,LINN,I-380,I-380 & BLAIRS FERRY RD NE,Collision with:  Vehicle in traffic,On Roadway,Rear-end (front to rear),Unknown,None Indicated,,Daylight,Wet,Clear,,Intersection:  Y-intersection,Paved,,Minor Injury,0,2,0,2,0,0,5000,2,4,,POINT (-91.675321877565 42.034756449393)
2014787687,14-14852,02/13/2014,02-February,5-Thursday,15:01,1500 Hours,District 2 (Northeast),WATERLOO,BLACK HAWK,US 218,US 218,Collision with:  Vehicle in traffic,On Roadway,Rear-end (front to rear),Followed too close,None Indicated,,Daylight,Dry,Clear,None apparent,Non-intersection:  Non-junction/no special feature,Paved,,Property Damage Only,0,0,0,0,0,0,2800,2,23,,POINT (-92.274276146084 42.418972130146)
2014787749,14-2016,02/13/2014,02-February,5-Thursday,10:22,1000 Hours,District 6 (East Central),MILES,JACKSON,US 52,US 52/GREAT RIVER RD,Collision with fixed object:  Tree,Outside trafficway,Non-collision (single vehicle),Crossed centerline (undivided),None Indicated,,Daylight,Snow,Snow,"Surface condition (e.g., wet, icy)",Non-intersection:  Non-junction/no special feature,Paved,,Property Damage Only,0,0,0,0,0,0,3000,1,2,,POINT (-90.254248214654 42.124413242354)
2014785554,14003048,02/13/2014,02-February,5-Thursday,11:08,1100 Hours,District 6 (East Central),MARION,LINN,,10TH AVE & CENTRAL AVE & 10TH ST,Collision with:  Vehicle in traffic,On Roadway,Rear-end (front to rear),Followed too close,None Indicated,,Daylight,Wet,Clear,None apparent,Intersection:  Four-way intersection,Paved,,Property Damage Only,0,0,0,0,0,0,2000,2,2,,POINT (-91.599311449026 42.036276588049)
2014785531,01-14-6313,02/13/2014,02-February,5-Thursday,08:36,0800 Hours,District 6 (East Central),DUBUQUE,DUBUQUE,,KAUFMANN AVE,Collision with:  Vehicle in traffic,On Roadway,"Sideswipe, opposite direction",Crossed centerline (undivided),None Indicated,,Daylight,Slush,Snow,None apparent,Non-intersection:  Non-junction/no special feature,Paved,,Property Damage Only,0,0,0,0,0,0,2750,2,2,,POINT (-90.693059748393 42.517173380607)
2014785494,CL14000439,02/13/2014,02-February,5-Thursday,10:42,1000 Hours,District 6 (East Central),CLINTON,CLINTON,,14TH AVE N & N 3RD ST,Collision with:  Vehicle in traffic,On Roadway,"Sideswipe, same direction",Made improper turn,None Indicated,,Daylight,Dry,Cloudy,None apparent,Intersection:  Four-way intersection,Paved,,Property Damage Only,0,0,0,0,0,0,4000,2,3,,POINT (-90.18696653984 41.860307160103)
2014787175,20140007378,02/13/2014,02-February,5-Thursday,14:38,1400 Hours,District 5 (Southeast),OTTUMWA,WAPELLO,,E COURT ST & N ASH ST,Collision with:  Parked motor vehicle,On Roadway,Rear-end (front to rear),Unknown,None Indicated,,Daylight,Snow,Clear,None apparent,Non-intersection:  Non-junction/no special feature,Paved,,Property Damage Only,0,0,0,0,0,0,3000,2,1,,POINT (-92.400293857044 41.022734457629)
2014786791,14002246,02/13/2014,02-February,5-Thursday,21:30,2100 Hours,District 2 (Northeast),MASON CITY,CERRO GORDO,,13TH ST SE,Collision with:  Vehicle in traffic,On Roadway,"Sideswipe, same direction",Unknown,None Indicated,,Dark - roadway lighted,Unknown,Unknown,None apparent,Non-intersection:  Non-junction/no special feature,Paved,,Property Damage Only,0,0,0,0,0,0,1500,2,1,,POINT (-93.197567690719 43.139273396788)
2014786221,02-14-2620,02/13/2014,02-February,5-Thursday,10:07,1000 Hours,District 6 (East Central),,DUBUQUE,US 20,US 20,Non-collision events:  Overturn/rollover,Median,Non-collision (single vehicle),Crossed centerline (undivided),None Indicated,,Daylight,Snow,Snow,"Surface condition (e.g., wet, icy)",Non-intersection:  Non-junction/no special feature,Paved,,Property Damage Only,0,0,0,0,0,0,5000,1,2,,POINT (-90.960683107902 42.440418526146)
2014799802,14C00630,02/13/2014,02-February,5-Thursday,13:35,1300 Hours,District 4 (Southwest),CRESTON,UNION,US 34,US 34/W TAYLOR ST & IA 25/S SUMNER AVE & SUMNER ST,Collision with:  Vehicle in traffic,On Roadway,"Angle, oncoming left turn",FTYROW:  Making left turn,None Indicated,,Daylight,Dry,Clear,None apparent,Intersection:  Four-way intersection,Paved,,Possible/Unknown,0,1,0,0,1,0,2500,2,4,,POINT (-94.371070624968 41.049135029414)
2014785582,20140004016,02/13/2014,02-February,5-Thursday,01:52,0100 Hours,District 1 (Central),DES MOINES,POLK,I-235,I-235 & 3RD ST,Collision with fixed object:  Concrete traffic barrier (median or right side),On Roadway,Non-collision (single vehicle),Ran off road - left,None Indicated,,Dark - roadway lighted,Wet,Cloudy,None apparent,Non-intersection:  Other non-intersection (explain in narrative),Paved,,Property Damage Only,0,0,0,0,0,0,2400,1,1,,POINT (-93.621540131158 41.595876840117)