Iowa DOT Case Number,Law Enforcement Case Number,Date of Crash,Month of Crash,Day of Week,Time of Crash,Hour,DOT District,City Name,County Name,Route with System,Location Description,First Harmful Event,Location of First Harmful Event,Manner of Crash/Collision,Major Cause,Drug or Alcohol ,Environmental Conditions,Light Conditions,Surface Conditions,Weather Conditions,Roadway Contribution,Roadway Type,Roadway Surface,Work Zone,Crash Severity,Number of Fatalities,Number of Injuries,Number of Major Injuries,Number of Minor Injuries,Number of Possible Injuries,Number of Unknown Injuries,Amount of Property Damage,Number of Vehicles Involved,Total Number of Occupants,Travel Direction,Location
2014787131,20140004072,02/13/2014,02-February,5-Thursday,13:30,1300 Hours,District 1 (Central),DES MOINES,POLK,,MCKINLEY AVE & S UNION ST & E MCKINLEY AVE,Collision with:  Vehicle in traffic,On Roadway,Rear-end (front to rear),"Operating vehicle in an reckless, erratic, careless, negligent manner",None Indicated,,Daylight,Dry,Clear,None apparent,Intersection:  Four-way intersection,Paved,,Property Damage Only,0,0,0,0,0,0,2500,2,2,,POINT (-93.616086413231 41.540943751295)
2014785568,66-00000779,02/13/2014,02-February,5-Thursday,14:33,1400 Hours,District 2 (Northeast),,MITCHELL,,Co Rd A23/465TH ST,Collision with fixed object:  Ditch,On Roadway,Non-collision (single vehicle),Crossed centerline (undivided),None Indicated,,Daylight,Ice/frost,Snow,"Surface condition (e.g., wet, icy)",Non-intersection:  Non-junction/no special feature,Paved,,Possible/Unknown,0,1,0,0,1,0,2500,1,2,,POINT (-92.923278399757 43.436526177992)
2014785683,14-4350,02/13/2014,02-February,5-Thursday,07:24,0700 Hours,District 3 (Northwest),SIOUX CITY,WOODBURY,,W 4TH ST & CENTER ST,Collision with:  Vehicle in traffic,On Roadway,"Sideswipe, same direction",Improper or erratic lane changing,Alcohol (Statutory),,Daylight,Wet,Cloudy,None apparent,Intersection:  T-intersection,Paved,,Possible/Unknown,0,1,0,0,1,0,2000,2,2,,POINT (-96.420971143479 42.500395050483)
2014787686,14-14792,02/13/2014,02-February,5-Thursday,11:42,1100 Hours,District 2 (Northeast),,BLACK HAWK,,Co Rd D35/W SCHROCK RD,Non-collision events:  Overturn/rollover,On Roadway,Non-collision (single vehicle),Driving too fast for conditions,None Indicated,,Daylight,Slush,Cloudy,"Surface condition (e.g., wet, icy)",Non-intersection:  Non-junction/no special feature,Paved,,Property Damage Only,0,0,0,0,0,0,6000,1,1,,POINT (-92.39152767773 42.399364009313)
2014786718,14-000195,02/13/2014,02-February,5-Thursday,19:39,1900 Hours,District 1 (Central),AMES,STORY,I-35,I-35,Collision with:  Vehicle in traffic,On Roadway,Rear-end (front to rear),Followed too close,None Indicated,,Dark - roadway not lighted,Dry,Clear,None apparent,Non-intersection:  Non-junction/no special feature,Paved,,Property Damage Only,0,0,0,0,0,0,1550,2,6,,POINT (-93.569148146219 42.036000447688)
2014786238,14-001519,02/13/2014,02-February,5-Thursday,14:19,1400 Hours,District 2 (Northeast),,FAYETTE,IA 187,IA 187/C AVE,Collision with:  Vehicle in traffic,Shoulder,Rear-end (front to rear),Driving too fast for conditions,None Indicated,,Daylight,Ice/frost,"Blowing sand, soil, dirt","Surface condition (e.g., wet, icy)",Non-intersection:  Non-junction/no special feature,Paved,,Property Damage Only,0,0,0,0,0,0,13000,2,2,,POINT (-91.645720166185 42.70195171016)
2014786476,2014010774,02/13/2014,02-February,5-Thursday,20:57,2000 Hours,District 6 (East Central),,BUCHANAN,US 20,US 20,Collision with:  Parked motor vehicle,Shoulder,Rear-end (front to rear),Driving too fast for conditions,None Indicated,,Dark - roadway not lighted,Ice/frost,"Blowing sand, soil, dirt","Surface condition (e.g., wet, icy)",Non-intersection:  Non-junction/no special feature,Paved,,Minor Injury,0,1,0,1,0,0,28000,2,2,,POINT (-91.655446348139 42.46345564012)
2014786063,14-4376,02/13/2014,02-February,5-Thursday,13:15,1300 Hours,District 3 (Northwest),SIOUX CITY,WOODBURY,,OUTER DR N,Collision with:  Vehicle in traffic,On Roadway,"Sideswipe, same direction",FTYROW:  Other (explain in narrative),None Indicated,,Daylight,Dry,Clear,None apparent,Non-intersection:  Other non-intersection (explain in narrative),Paved,,Property Damage Only,0,0,0,0,0,0,3500,2,2,,POINT (-96.367983052014 42.532437481534)
2014785577,20140004065,02/13/2014,02-February,5-Thursday,12:00,1200 Hours,District 1 (Central),DES MOINES,POLK,,OAK PARK AVE,Collision with:  Parked motor vehicle,On Roadway,"Sideswipe, same direction",Unknown,None Indicated,,Daylight,Dry,Clear,None apparent,Non-intersection:  Non-junction/no special feature,Paved,,Property Damage Only,0,0,0,0,0,0,1500,2,1,,POINT (-93.633312589136 41.626698326475)
2014787015,,02/13/2014,02-February,5-Thursday,08:00,0800 Hours,District 6 (East Central),CEDAR RAPIDS,LINN,,42ND ST,Non-collision events:  Other non-collision (explain in narrative),On Roadway,Rear-end (front to rear),Unknown,None Indicated,,Dawn,Ice/frost,Snow,,Intersection:  T-intersection,Paved,,Minor Injury,0,1,0,1,0,0,6000,2,2,,POINT (-91.721290138972 42.022092500028)
2014785471,14-2570,02/13/2014,02-February,5-Thursday,22:05,2200 Hours,District 2 (Northeast),,BREMER,,250TH ST,Collision with fixed object:  Ditch,Shoulder,Non-collision (single vehicle),Driving too fast for conditions,None Indicated,,Dark - roadway lighted,Snow,Cloudy,"Surface condition (e.g., wet, icy)",Intersection:  T-intersection,Paved,,Property Damage Only,0,0,0,0,0,0,3000,1,1,,POINT (-92.4824735645 42.685906264552)
2014787092,201401758,02/13/2014,02-February,5-Thursday,17:15,1700 Hours,District 6 (East Central),CEDAR RAPIDS,LINN,I-380,I-380,Collision with:  Vehicle in traffic,On Roadway,Broadside (front to side),Other (explain in narrative):  Other,None Indicated,,Daylight,Snow,Clear,None apparent,Intersection:  Other intersection (explain in narrative),Paved,,Minor Injury,0,1,0,1,0,0,4000,2,2,,POINT (-91.668651898079 41.890503778206)
2014786571,021314-171,02/13/2014,02-February,5-Thursday,16:21,1600 Hours,District 3 (Northwest),ALTA,BUENA VISTA,,S MAIN ST,Collision with:  Railway vehicle/train,On Roadway,Broadside (front to side),FTYROW:  Other (explain in narrative),None Indicated,,Daylight,Dry,Clear,None apparent,Non-intersection:  Railroad grade crossing,Paved,,Fatal,2,2,0,1,1,0,6500,2,5,,POINT (-95.304179009378 42.674953396267)
2014785865,14022013,02/13/2014,02-February,5-Thursday,11:16,1100 Hours,District 4 (Southwest),CLARINDA,PAGE,,E WASHINGTON ST & N 14TH ST,Collision with:  Vehicle in traffic,On Roadway,Broadside (front to side),FTYROW:  From stop sign,None Indicated,,Daylight,Dry,Clear,None apparent,Intersection:  Four-way intersection,Paved,,Property Damage Only,0,0,0,0,0,0,2000,2,2,,POINT (-95.035169380614 40.739266490641)
2014786993,,02/13/2014,02-February,5-Thursday,08:28,0800 Hours,District 2 (Northeast),,FLOYD,US 18,US 18,,Median,Non-collision (single vehicle),Ran off road - left,None Indicated,,Daylight,Ice/frost,Snow,None apparent,Non-intersection:  Non-junction/no special feature,Paved,,Property Damage Only,0,0,0,0,0,0,8000,1,1,,POINT (-92.786710280605 43.127169631515)
2014787573,14-000702,02/13/2014,02-February,5-Thursday,12:30,1200 Hours,District 1 (Central),AMES,STORY,,S DAYTON PL & SE 16TH ST,Collision with:  Vehicle in traffic,On Roadway,"Angle, oncoming left turn",FTYROW:  Making left turn,None Indicated,,Daylight,Dry,Clear,None apparent,Intersection:  Four-way intersection,Paved,,Property Damage Only,0,0,0,0,0,0,6000,2,2,,POINT (-93.581206745912 42.00828980632)
2014785368,14-978,02/13/2014,02-February,5-Thursday,06:30,0600 Hours,District 1 (Central),ANKENY,POLK,IA 415,IA 415/2ND AVE,Collision with:  Vehicle in traffic,On Roadway,Rear-end (front to rear),Other (explain in narrative):  Other,None Indicated,,Dark - roadway lighted,Wet,Cloudy,None apparent,Non-intersection:  Crossover-related,Paved,,Property Damage Only,0,0,0,0,0,0,14000,2,2,,POINT (-93.619920204528 41.682318416568)
2014785567,14-000318,02/13/2014,02-February,5-Thursday,16:26,1600 Hours,District 2 (Northeast),,MITCHELL,IA 9,IA 9/IOWA 9,Non-collision events:  Overturn/rollover,On Roadway,Non-collision (single vehicle),Driving too fast for conditions,None Indicated,,Daylight,Ice/frost,Snow,"Surface condition (e.g., wet, icy)",Non-intersection:  Non-junction/no special feature,Paved,,Possible/Unknown,0,1,0,0,1,0,2000,1,1,,POINT (-92.946605117872 43.284435082223)
2014790776,14-001025,02/13/2014,02-February,5-Thursday,13:57,1300 Hours,District 4 (Southwest),PERRY,DALLAS,,OTLEY AVE & 8TH ST,Collision with:  Vehicle in traffic,On Roadway,Broadside (front to side),FTYROW:  From stop sign,None Indicated,,Daylight,Dry,Cloudy,None apparent,Intersection:  Four-way intersection,Paved,,Property Damage Only,0,0,0,0,0,0,3000,2,3,,POINT (-94.096885481333 41.837375598651)
2014785343,201402148,02/13/2014,02-February,5-Thursday,11:25,1100 Hours,District 6 (East Central),CEDAR RAPIDS,LINN,I-380,I-380,Collision with fixed object:  Ditch,Outside trafficway,Non-collision (single vehicle),Ran off road - right,None Indicated,,Daylight,Dry,Clear,None apparent,Non-intersection:  Non-junction/no special feature,Paved,,Possible/Unknown,0,1,0,0,1,0,75500,1,1,,POINT (-91.67074634891 41.886574158636)
2014785559,14033,02/13/2014,02-February,5-Thursday,20:31,2000 Hours,District 5 (Southeast),PELLA,MARION,,E VERMEER RD & E 6TH ST & PROP VERMEER RD,Collision with:  Vehicle in traffic,On Roadway,Rear-end (front to rear),Followed too close,None Indicated,,Dark - roadway lighted,Wet,Clear,"Surface condition (e.g., wet, icy)",Non-intersection:  Non-junction/no special feature,Paved,,Possible/Unknown,0,2,0,0,2,0,500,2,3,,POINT (-92.907360125159 41.407273251523)
2014786953,2014010752,02/13/2014,02-February,5-Thursday,18:30,1800 Hours,District 3 (Northwest),,MONONA,I-29,I-29,Non-collision events:  Overturn/rollover,On Roadway,Non-collision (single vehicle),Swerving/Evasive Action,None Indicated,,Dark - roadway not lighted,Dry,Clear,None apparent,Interchange-related:  Off-ramp,Paved,,Property Damage Only,0,0,0,0,0,0,2500,1,1,,POINT (-96.135935285482 42.027864845374)
2014786409,2014-9734,02/13/2014,02-February,5-Thursday,16:31,1600 Hours,District 6 (East Central),DAVENPORT,SCOTT,,IA 461/HARRISON ST & W CENTRAL PARK AVE,Collision with:  Vehicle in traffic,On Roadway,Rear-end (front to rear),Other (explain in narrative):  Other,None Indicated,,Daylight,Wet,Snow,None apparent,Non-intersection:  Non-junction/no special feature,Paved,,Property Damage Only,0,0,0,0,0,0,2000,2,2,,POINT (-90.576952074095 41.545511600901)
2014785573,14-996,02/13/2014,02-February,5-Thursday,18:48,1800 Hours,District 1 (Central),,POLK,IA 415,IA 415/NW 35TH ST,Collision with:  Animal,,,Animal,None Indicated,,,,,,,Paved,,Property Damage Only,0,0,0,0,0,0,5000,1,1,,POINT (-93.663040498902 41.713737595916)
2014786141,,02/13/2014,02-February,5-Thursday,15:39,1500 Hours,District 2 (Northeast),HUMBOLDT,HUMBOLDT,IA 3,IA 3/10TH AVE N & TAFT ST N & JERRY HATCHER RD,Collision with:  Vehicle in traffic,On Roadway,"Angle, oncoming left turn",FTYROW:  Making left turn,None Indicated,,Daylight,Dry,Clear,None apparent,Intersection:  Four-way intersection,Paved,,Property Damage Only,0,0,0,0,0,0,21250,2,2,,POINT (-94.218115631295 42.731766805332)
2014785269,14-04957,02/13/2014,02-February,5-Thursday,08:50,0800 Hours,District 5 (Southeast),BURLINGTON,DES MOINES,,AGENCY ST & W ROOSEVELT FRONTAGE,Collision with:  Vehicle in traffic,On Roadway,Broadside (front to side),Ran Traffic Signal,None Indicated,,Daylight,Dry,Cloudy,None apparent,Intersection:  T-intersection,Paved,,Possible/Unknown,0,1,0,0,1,0,16000,2,2,,POINT (-91.144135201484 40.814875453026)
2014820404,2014-14-AC,02/13/2014,02-February,5-Thursday,07:40,0700 Hours,District 3 (Northwest),,DICKINSON,,300TH AVE,Collision with:  Vehicle in traffic,On Roadway,"Sideswipe, same direction",Ran off road - right,None Indicated,,Daylight,Wet,Clear,"Surface condition (e.g., wet, icy)",Intersection:  T-intersection,Unpaved,,Property Damage Only,0,0,0,0,0,0,7000,2,3,,POINT (-94.9938385485 43.430179041302)
2014786287,2014001668,02/13/2014,02-February,5-Thursday,20:15,2000 Hours,District 6 (East Central),IOWA CITY,JOHNSON,,FAIRCHILD ST & N DUBUQUE ST,Collision with:  Vehicle in traffic,On Roadway,Rear-end (front to rear),Followed too close,None Indicated,,Dark - roadway lighted,Wet,Cloudy,None apparent,Intersection:  Four-way intersection,Paved,,Property Damage Only,0,0,0,0,0,0,8000,2,4,,POINT (-91.533031190691 41.66689049673)
2014785342,201402141,02/13/2014,02-February,5-Thursday,08:05,0800 Hours,District 6 (East Central),CEDAR RAPIDS,LINN,,WACONIA AVE SW,Collision with:  Vehicle in traffic,On Roadway,Broadside (front to side),Ran Stop Sign,None Indicated,,Daylight,Ice/frost,Cloudy,None apparent,Intersection:  Other intersection (explain in narrative),Paved,,Property Damage Only,0,0,0,0,0,0,1700,2,2,,POINT (-91.684170663079 41.927213240217)
2014785797,2011-14,02/13/2014,02-February,5-Thursday,12:53,1200 Hours,District 3 (Northwest),SPENCER,CLAY,US 18,US 18/S GRAND AVE & 4TH ST SW & 4TH ST SE,Collision with:  Vehicle in traffic,On Roadway,Rear-end (front to rear),Driving too fast for conditions,None Indicated,,Daylight,Snow,"Blowing sand, soil, dirt","Surface condition (e.g., wet, icy)",Intersection:  Four-way intersection,Paved,,Property Damage Only,0,0,0,0,0,0,6300,4,4,,POINT (-95.144196639013 43.13413475019)
2014785466,W14-014869,02/13/2014,02-February,5-Thursday,15:48,1500 Hours,District 2 (Northeast),WATERLOO,BLACK HAWK,,DIXON DR & ANSBOROUGH AVE,Collision with:  Vehicle in traffic,On Roadway,Rear-end (front to rear),Followed too close,None Indicated,,Daylight,Wet,Clear,None apparent,Intersection:  T-intersection,Paved,,Possible/Unknown,0,1,0,0,1,0,7500,3,3,,POINT (-92.376210182201 42.468753468808)
2014785359,66-000307,02/13/2014,02-February,5-Thursday,07:15,0700 Hours,District 2 (Northeast),,MITCHELL,,Co Rd A46/360TH ST,Collision with fixed object:  Ditch,On Roadway,Non-collision (single vehicle),Ran off road - left,None Indicated,,Daylight,Snow,Cloudy,"Surface condition (e.g., wet, icy)",Non-intersection:  Non-junction/no special feature,Paved,,Property Damage Only,0,0,0,0,0,0,2500,1,1,,POINT (-92.625669205321 43.28440234346)
2014786076,2014010777,02/13/2014,02-February,5-Thursday,20:45,2000 Hours,District 4 (Southwest),,POTTAWATTAMIE,I-80,I-80,Collision with:  Vehicle in traffic,On Roadway,Rear-end (front to rear),Swerving/Evasive Action,Refused,,Dark - roadway not lighted,Dry,Cloudy,None apparent,Non-intersection:  Non-junction/no special feature,Paved,,Minor Injury,0,1,0,1,0,0,15000,2,2,,POINT (-95.475525109231 41.499100084483)
2014785410,14-005788,02/13/2014,02-February,5-Thursday,02:20,0200 Hours,District 4 (Southwest),COUNCIL BLUFFS,POTTAWATTAMIE,US 6,US 6/W BROADWAY & S 21ST ST & N 21ST ST,Collision with fixed object:  Utility pole/light support,Roadside,Non-collision (single vehicle),"Operating vehicle in an reckless, erratic, careless, negligent manner",Alcohol (Statutory),,Dark - roadway lighted,Wet,Clear,None apparent,Non-intersection:  Non-junction/no special feature,Paved,,Property Damage Only,0,0,0,0,0,0,12000,1,1,,POINT (-95.875314659856 41.261892034097)
2014786646,E201400284,02/13/2014,02-February,5-Thursday,14:27,1400 Hours,District 3 (Northwest),EMMETSBURG,PALO ALTO,,1ST ST & STATE ST & N STATE ST,Collision with:  Vehicle in traffic,On Roadway,Broadside (front to side),Ran Stop Sign,None Indicated,,Daylight,Wet,Cloudy,None apparent,Intersection:  Four-way intersection,Paved,,Property Damage Only,0,0,0,0,0,0,5500,2,3,,POINT (-94.687665686074 43.119189314081)
2014792512,14-000589,02/13/2014,02-February,5-Thursday,14:41,1400 Hours,District 2 (Northeast),CRYSTAL LAKE,HANCOCK,,Co Rd B14/330TH ST,Non-collision events:  Other non-collision (explain in narrative),On Roadway,Non-collision (single vehicle),Driving too fast for conditions,None Indicated,,Daylight,Ice/frost,"Blowing sand, soil, dirt","Surface condition (e.g., wet, icy)",Non-intersection:  Non-junction/no special feature,Paved,,Property Damage Only,0,0,0,0,0,0,7000,1,2,,POINT (-93.769298444372 43.241726973668)
2014785757,W14-014925,02/13/2014,02-February,5-Thursday,18:36,1800 Hours,District 2 (Northeast),WATERLOO,BLACK HAWK,US 218,US 218,Collision with fixed object:  Curb/island/raised median,On Roadway,Non-collision (single vehicle),Equipment failure,None Indicated,,Dark - roadway lighted,Dry,Clear,None apparent,Non-intersection:  Other non-intersection (explain in narrative),Paved,,Property Damage Only,0,0,0,0,0,0,1800,1,1,,POINT (-92.341120755748 42.492656797258)
2014785548,2014001647,02/13/2014,02-February,5-Thursday,08:11,0800 Hours,District 6 (East Central),IOWA CITY,JOHNSON,,MELROSE AVE,Collision with:  Vehicle in traffic,On Roadway,Rear-end (front to rear),Followed too close,None Indicated,,Daylight,Slush,Cloudy,None apparent,Non-intersection:  Non-junction/no special feature,Paved,,Property Damage Only,0,0,0,0,0,0,3500,3,3,,POINT (-91.576227555098 41.656994848368)
2014786837,1400000117,02/13/2014,02-February,5-Thursday,07:32,0700 Hours,District 1 (Central),,MARSHALL,,Co Rd T29/WALLACE AVE,Collision with:  Vehicle in traffic,On Roadway,Rear-end (front to rear),Driving too fast for conditions,None Indicated,,Daylight,Ice/frost,Cloudy,"Surface condition (e.g., wet, icy)",Intersection:  Four-way intersection,Paved,,Property Damage Only,0,0,0,0,0,0,10000,3,13,,POINT (-92.825116373281 42.107700531037)
2014810762,14-005-AC-F,02/13/2014,02-February,5-Thursday,07:50,0700 Hours,District 3 (Northwest),MILFORD,DICKINSON,US 71,US 71/OKOBOJI AVE & 10TH ST,Collision with:  Vehicle in traffic,On Roadway,Head-on (front to front),FTYROW:  Making left turn,None Indicated,,Daylight,Snow,Clear,None apparent,Intersection:  Four-way intersection,Paved,,Possible/Unknown,0,2,0,0,2,0,16000,2,2,,POINT (-95.149996609129 43.324890580761)
2014785411,14-005806,02/13/2014,02-February,5-Thursday,08:10,0800 Hours,District 4 (Southwest),COUNCIL BLUFFS,POTTAWATTAMIE,,10TH AVE,Collision with:  Vehicle in traffic,On Roadway,Broadside (front to side),Improper Backing,None Indicated,,Daylight,Dry,Clear,None apparent,Non-intersection:  Non-junction/no special feature,Unpaved,,Property Damage Only,0,0,0,0,0,0,1500,2,2,,POINT (-95.862394206598 41.252469372492)
2014787677,AC-14-0007,02/13/2014,02-February,5-Thursday,09:35,0900 Hours,District 6 (East Central),MONTICELLO,JONES,US 151,US 151,Collision with:  Vehicle in traffic,On Roadway,Rear-end (front to rear),Other (explain in narrative):  Vision obstructed,None Indicated,,Daylight,Snow,"Blowing sand, soil, dirt",None apparent,Non-intersection:  Non-junction/no special feature,Paved,,Property Damage Only,0,0,0,0,0,0,8000,2,2,,POINT (-91.189887894622 42.207345842057)
2014786408,2014-9711,02/13/2014,02-February,5-Thursday,15:48,1500 Hours,District 6 (East Central),DAVENPORT,SCOTT,US 6,US 6/W KIMBERLY RD,Collision with:  Vehicle in traffic,On Roadway,Rear-end (front to rear),Followed too close,None Indicated,,Daylight,Dry,Clear,None apparent,Non-intersection:  Non-junction/no special feature,Paved,,Possible/Unknown,0,1,0,0,1,0,2000,2,3,,POINT (-90.598700226802 41.560054089002)
2014786033,14-000207,02/13/2014,02-February,5-Thursday,12:45,1200 Hours,District 1 (Central),AMES,STORY,,IOWA STATE UNIVERSITY & MORTENSON RD & HAYWARD AVE,Collision with:  Vehicle in traffic,On Roadway,"Angle, oncoming left turn",FTYROW:  Making left turn,None Indicated,,Daylight,Dry,Cloudy,None apparent,Intersection:  T-intersection,Paved,,Property Damage Only,0,0,0,0,0,0,17500,2,2,,POINT (-93.651671744374 42.011865283273)
2014785712,2014010589,02/13/2014,02-February,5-Thursday,10:30,1000 Hours,District 3 (Northwest),,CLAY,US 71,US 71,Non-collision events:  Jackknife,On Roadway,Non-collision (single vehicle),Driving too fast for conditions,None Indicated,,Daylight,Slush,Snow,"Surface condition (e.g., wet, icy)",Non-intersection:  Non-junction/no special feature,Paved,,Property Damage Only,0,0,0,0,0,0,5000,1,1,,POINT (-95.15022928505 43.231791158052)
2014785470,14-2562,02/13/2014,02-February,5-Thursday,19:53,1900 Hours,District 2 (Northeast),,BREMER,US 63,US 63,Non-collision events:  Jackknife,On Roadway,Non-collision (single vehicle),Swerving/Evasive Action,None Indicated,,Dark - roadway not lighted,Ice/frost,"Blowing sand, soil, dirt","Surface condition (e.g., wet, icy)",Non-intersection:  Non-junction/no special feature,Paved,,Property Damage Only,0,0,0,0,0,0,2500,1,1,,POINT (-92.337405438537 42.857180197663)
2014789696,,02/13/2014,02-February,5-Thursday,01:15,0100 Hours,District 2 (Northeast),,WINNESHIEK,IA 139,IA 139/IOWA 139,Non-collision events:  Overturn/rollover,Outside trafficway,Non-collision (single vehicle),Ran off road - left,None Indicated,,Dark - roadway not lighted,Dry,Cloudy,None apparent,Non-intersection:  Non-junction/no special feature,Paved,,Possible/Unknown,0,1,0,0,1,0,5300,1,1,,POINT (-92.080302694839 43.389461398705)
2014785491,1402132771,02/13/2014,02-February,5-Thursday,02:00,0200 Hours,District 6 (East Central),,CLINTON,,Co Rd Y62/260 AVE & 238 ST,Collision with fixed object:  Ditch,Roadside,Non-collision (single vehicle),Swerving/Evasive Action,None Indicated,,Dark - roadway not lighted,Snow,Clear,"Surface condition (e.g., wet, icy)",Intersection:  T-intersection,Paved,,Possible/Unknown,0,1,0,0,1,0,2050,1,1,,POINT (-90.587594177976 41.832961929527)
2014787387,20141016,02/13/2014,02-February,5-Thursday,15:26,1500 Hours,District 6 (East Central),MOUNT VERNON,LINN,US 30,US 30 & IA 1/S 1ST AVE,Collision with:  Vehicle in traffic,On Roadway,Broadside (front to side),FTYROW:  From yield sign,None Indicated,,Daylight,Wet,Cloudy,None apparent,Intersection:  Four-way intersection,Paved,,Property Damage Only,0,0,0,0,0,0,5500,2,4,,POINT (-91.42303161786 41.916096536333)
2014786925,14-1611,02/13/2014,02-February,5-Thursday,09:50,0900 Hours,District 3 (Northwest),,SIOUX,US 18,US 18/320TH ST,Collision with:  Vehicle in traffic,On Roadway,Rear-end (front to rear),Followed too close,None Indicated,,Daylight,Ice/frost,"Blowing sand, soil, dirt","Surface condition (e.g., wet, icy)",Non-intersection:  Non-junction/no special feature,Paved,,Possible/Unknown,0,1,0,0,1,0,12500,2,2,,POINT (-95.904301120106 43.186011856618)
2014787279,021314-176,02/13/2014,02-February,5-Thursday,16:55,1600 Hours,District 3 (Northwest),STORM LAKE,BUENA VISTA,,LAKE AVE & W 9TH ST & E 9TH ST,Collision with:  Vehicle in traffic,On Roadway,Rear-end (front to rear),Other (explain in narrative):  Other,None Indicated,,Daylight,Dry,Clear,None apparent,Non-intersection:  Non-junction/no special feature,Paved,,Possible/Unknown,0,1,0,0,0,1,4100,2,2,,POINT (-95.200820807432 42.649584406098)
2014785536,P14-001775,02/13/2014,02-February,5-Thursday,08:03,0800 Hours,District 1 (Central),WEBSTER CITY,HAMILTON,,COLLINS ST & LYNX AVE,Collision with:  Vehicle in traffic,On Roadway,Broadside (front to side),FTYROW:  From stop sign,None Indicated,,Daylight,Dry,Cloudy,None apparent,Intersection:  Four-way intersection,Paved,,Property Damage Only,0,0,0,0,0,0,1500,2,2,,POINT (-93.839190423616 42.462902829812)
2014790648,2014-9623,02/13/2014,02-February,5-Thursday,07:30,0700 Hours,District 6 (East Central),DAVENPORT,SCOTT,,E PLEASANT ST & ESPLANADE AVE,Collision with:  Vehicle in traffic,On Roadway,Rear-end (front to rear),Improper Backing,None Indicated,,Daylight,Wet,Cloudy,None apparent,Non-intersection:  Driveway access (within),Paved,,Property Damage Only,0,0,0,0,0,0,1500,2,5,,POINT (-90.555620520581 41.539574987374)
2014786278,2014001660,02/13/2014,02-February,5-Thursday,16:12,1600 Hours,District 6 (East Central),IOWA CITY,JOHNSON,,S CLINTON ST,Collision with:  Vehicle in traffic,On Roadway,Broadside (front to side),Improper Backing,None Indicated,,Daylight,Wet,Clear,None apparent,Non-intersection:  Non-junction/no special feature,Paved,,Property Damage Only,0,0,0,0,0,0,3300,2,3,,POINT (-91.534656975773 41.656112024186)
2014786764,,02/13/2014,02-February,5-Thursday,16:49,1600 Hours,District 2 (Northeast),CHARLES CITY,FLOYD,US 18,US 18/SE RAMP & US 218,Collision with:  Vehicle in traffic,On Roadway,Rear-end (front to rear),Swerving/Evasive Action,None Indicated,,Daylight,Ice/frost,Snow,None apparent,Intersection:  Intersection with ramp,Paved,,Minor Injury,0,1,0,1,0,0,12000,2,3,,POINT (-92.66811973776 43.038791703392)
2014786322,14006254,02/13/2014,02-February,5-Thursday,11:22,1100 Hours,District 5 (Southeast),MUSCATINE,MUSCATINE,US 61,US 61,Collision with:  Vehicle in traffic,On Roadway,"Angle, oncoming left turn",FTYROW:  Making left turn,None Indicated,,Daylight,Dry,Cloudy,None apparent,Non-intersection:  Crossover-related,Paved,,Property Damage Only,0,0,0,0,0,0,5500,2,4,,POINT (-91.089205985774 41.398782926441)
2014785880,14-000696,02/13/2014,02-February,5-Thursday,16:00,1600 Hours,District 1 (Central),ANKENY,POLK,,W 1ST ST,Collision with:  Vehicle in traffic,On Roadway,"Sideswipe, same direction",Other (explain in narrative):  Other,None Indicated,,Daylight,Dry,Clear,None apparent,Non-intersection:  Non-junction/no special feature,Paved,,Property Damage Only,0,0,0,0,0,0,1500,2,4,,POINT (-93.606592812897 41.731901392987)
2014904360,,02/13/2014,02-February,5-Thursday,10:48,1000 Hours,District 3 (Northwest),REMSEN,PLYMOUTH,IA 3,IA 3/IOWA 3 & Co Rd L12/QUEST RD & S MARION ST,Collision with:  Vehicle in traffic,On Roadway,Head-on (front to front),FTYROW:  Making left turn,None Indicated,,Daylight,Dry,Clear,None apparent,Intersection:  Four-way intersection,Paved,,Minor Injury,0,1,0,1,0,0,8500,2,2,,POINT (-95.977063416805 42.808573532864)
2014790911,14-001281,02/13/2014,02-February,5-Thursday,17:16,1700 Hours,District 6 (East Central),INDEPENDENCE,BUCHANAN,,2ND ST SW & 2ND AVE SW,Collision with:  Vehicle in traffic,On Roadway,Rear-end (front to rear),Swerving/Evasive Action,None Indicated,,Daylight,Snow,Clear,None apparent,Intersection:  Four-way intersection,Paved,,Property Damage Only,0,0,0,0,0,0,7600,2,2,,POINT (-91.895276028523 42.467774554512)
2014786018,14-005907,02/13/2014,02-February,5-Thursday,20:15,2000 Hours,District 4 (Southwest),COUNCIL BLUFFS,POTTAWATTAMIE,I-29,I-29 & S 24TH ST,Collision with:  Vehicle in traffic,On Roadway,Rear-end (front to rear),Followed too close,None Indicated,,Dark - roadway lighted,Dry,Clear,None apparent,Intersection:  Four-way intersection,Paved,,Possible/Unknown,0,2,0,0,2,0,0,2,7,,POINT (-95.87922463031 41.233532322369)
2014786043,14-4468,02/14/2014,02-February,6-Friday,07:55,0700 Hours,District 3 (Northwest),SIOUX CITY,WOODBURY,,6TH ST & JENNINGS ST,Collision with:  Vehicle in traffic,On Roadway,"Angle, oncoming left turn",FTYROW:  Making left turn,None Indicated,,Dawn,Wet,Cloudy,"Surface condition (e.g., wet, icy)",Intersection:  Four-way intersection,Paved,,Property Damage Only,0,0,0,0,0,0,2000,2,2,,POINT (-96.399383965413 42.49635580641)