Iowa DOT Case Number,Law Enforcement Case Number,Date of Crash,Month of Crash,Day of Week,Time of Crash,Hour,DOT District,City Name,County Name,Route with System,Location Description,First Harmful Event,Location of First Harmful Event,Manner of Crash/Collision,Major Cause,Drug or Alcohol ,Environmental Conditions,Light Conditions,Surface Conditions,Weather Conditions,Roadway Contribution,Roadway Type,Roadway Surface,Work Zone,Crash Severity,Number of Fatalities,Number of Injuries,Number of Major Injuries,Number of Minor Injuries,Number of Possible Injuries,Number of Unknown Injuries,Amount of Property Damage,Number of Vehicles Involved,Total Number of Occupants,Travel Direction,Location
2014785597,14-0779,02/14/2014,02-February,6-Friday,09:58,0900 Hours,District 1 (Central),CLIVE,POLK,,NW 100TH ST & UNIVERSITY AVE & 35TH ST/VALLEY WEST DR,Collision with:  Vehicle in traffic,On Roadway,"Angle, oncoming left turn",FTYROW:  Making left turn,None Indicated,,Daylight,Snow,Snow,"Surface condition (e.g., wet, icy)",Intersection:  Four-way intersection,Paved,,Property Damage Only,0,0,0,0,0,0,5500,2,2,,POINT (-93.751962120124 41.600430032258)
2014785753,W14-015119,02/14/2014,02-February,6-Friday,09:40,0900 Hours,District 2 (Northeast),WATERLOO,BLACK HAWK,,CHARLES ST & LINN ST,Collision with:  Vehicle in traffic,On Roadway,Broadside (front to side),Ran Stop Sign,None Indicated,,Daylight,Snow,Clear,None apparent,Intersection:  Four-way intersection,Paved,,Major Injury,0,1,1,0,0,0,7000,2,2,,POINT (-92.331197090811 42.517194204188)
2014787341,14-150214-01,02/14/2014,02-February,6-Friday,15:45,1500 Hours,District 6 (East Central),,IOWA,IA 220,IA 220/220TH TRL,Collision with:  Vehicle in traffic,On Roadway,"Angle, oncoming left turn",FTYROW:  From stop sign,None Indicated,,Daylight,Snow,Clear,"Surface condition (e.g., wet, icy)",Intersection:  T-intersection,Paved,,Property Damage Only,0,0,0,0,0,0,4000,2,2,,POINT (-91.898275321977 41.795087532661)
2014792320,2014-000918,02/14/2014,02-February,6-Friday,21:54,2100 Hours,District 6 (East Central),,BENTON,IA 150,IA 150/55 ST & 29 AVE,Collision with:  Vehicle in traffic,On Roadway,Broadside (front to side),Ran Stop Sign,None Indicated,,Dark - roadway not lighted,Ice/frost,Cloudy,"Surface condition (e.g., wet, icy)",Intersection:  Four-way intersection,Paved,,Property Damage Only,0,0,0,0,0,0,13000,2,2,,POINT (-91.930138690666 42.225043085425)
2014787332,14-040214-01,02/14/2014,02-February,6-Friday,00:30,0000 Hours,District 6 (East Central),,IOWA,,Co Rd F15/F15 BLVD,Collision with:  Animal,,,Animal,None Indicated,,,,,,,Paved,,Property Damage Only,0,0,0,0,0,0,2000,1,1,,POINT (-91.982947602683 41.808829241982)
2014786263,C14000479,02/14/2014,02-February,6-Friday,07:41,0700 Hours,District 6 (East Central),CORALVILLE,JOHNSON,US 6,US 6/2ND ST & 20TH AVE,Collision with:  Vehicle in traffic,On Roadway,Rear-end (front to rear),Other (explain in narrative):  Other,None Indicated,,Daylight,Snow,Snow,"Surface condition (e.g., wet, icy)",Non-intersection:  Non-junction/no special feature,Paved,,Property Damage Only,0,0,0,0,0,0,4000,2,3,,POINT (-91.591518512395 41.679484280756)
2014786446,14-000721,02/14/2014,02-February,6-Friday,16:06,1600 Hours,District 1 (Central),AMES,STORY,,S 2ND ST & S KELLOGG AVE,Collision with:  Vehicle in traffic,On Roadway,Broadside (front to side),Ran Stop Sign,None Indicated,,Daylight,Snow,Clear,"Surface condition (e.g., wet, icy)",Intersection:  Four-way intersection,Paved,,Property Damage Only,0,0,0,0,0,0,5000,2,2,,POINT (-93.613590737222 42.021649165565)
2014785817,PD1401343,02/14/2014,02-February,6-Friday,16:19,1600 Hours,District 5 (Southeast),FAIRFIELD,JEFFERSON,,E LOWE AVE & N B ST,Collision with:  Vehicle in traffic,On Roadway,Broadside (front to side),Lost Control,None Indicated,,Daylight,Snow,Clear,"Surface condition (e.g., wet, icy)",Non-intersection:  Non-junction/no special feature,Paved,,Property Damage Only,0,0,0,0,0,0,3000,2,2,,POINT (-91.96114729022 41.011947014471)
2014788242,2014010910,02/14/2014,02-February,6-Friday,13:00,1300 Hours,District 6 (East Central),,CEDAR,IA 38,IA 38/IOWA 38,Collision with fixed object:  Traffic sign support,Outside trafficway,Non-collision (single vehicle),Swerving/Evasive Action,None Indicated,,Daylight,Slush,Cloudy,None apparent,Non-intersection:  Driveway access (within),Paved,,Property Damage Only,0,0,0,0,0,0,3200,1,2,,POINT (-91.11615727228 41.647419393025)
2014786412,2014-9867,02/14/2014,02-February,6-Friday,08:40,0800 Hours,District 6 (East Central),DAVENPORT,SCOTT,,IA 461/HARRISON ST & W 12TH ST,Collision with:  Vehicle in traffic,On Roadway,Rear-end (front to rear),Followed too close,None Indicated,,Daylight,Snow,Snow,"Surface condition (e.g., wet, icy)",Intersection:  Four-way intersection,Paved,,Property Damage Only,0,0,0,0,0,0,2500,2,2,,POINT (-90.57721832556 41.531962569081)
2014785807,14-5140,02/14/2014,02-February,6-Friday,18:03,1800 Hours,District 5 (Southeast),BURLINGTON,DES MOINES,,LOUISA ST & 7TH ST,Collision with:  Vehicle in traffic,On Roadway,Broadside (front to side),Driving too fast for conditions,None Indicated,,Dark - roadway lighted,Snow,Cloudy,None apparent,Intersection:  Four-way intersection,Paved,,Property Damage Only,0,0,0,0,0,0,1800,2,4,,POINT (-91.105237789996 40.794344744399)
2014786216,01-14-6537,02/14/2014,02-February,6-Friday,18:01,1800 Hours,District 6 (East Central),DUBUQUE,DUBUQUE,,ST JOHN DR & GRAHAM CIR,Collision with:  Vehicle in traffic,On Roadway,Broadside (front to side),FTYROW:  From yield sign,None Indicated,,Dark - roadway not lighted,Dry,Clear,None apparent,Intersection:  Four-way intersection,Paved,,Property Damage Only,0,0,0,0,0,0,12000,2,2,,POINT (-90.727371032812 42.508223688884)
2014785672,14-0455,02/14/2014,02-February,6-Friday,11:55,1100 Hours,District 1 (Central),FORT DODGE,WEBSTER,,5TH AVE S,Collision with:  Vehicle in traffic,On Roadway,Rear-end (front to rear),Other (explain in narrative):  Other,None Indicated,,Daylight,Snow,Cloudy,"Surface condition (e.g., wet, icy)",Non-intersection:  Non-junction/no special feature,Paved,,Property Damage Only,0,0,0,0,0,0,2000,2,2,,POINT (-94.129836832969 42.501256255933)
2014786164,14-2587,02/14/2014,02-February,6-Friday,09:23,0900 Hours,District 2 (Northeast),,BREMER,US 63,US 63,Non-collision events:  Overturn/rollover,Roadside,Non-collision (single vehicle),Ran off road - right,None Indicated,,Daylight,Wet,"Blowing sand, soil, dirt","Surface condition (e.g., wet, icy)",Non-intersection:  Non-junction/no special feature,Paved,,Possible/Unknown,0,1,0,0,1,0,3000,1,3,,POINT (-92.336419867037 42.886342485442)
2014793241,SA1401041,02/14/2014,02-February,6-Friday,10:55,1000 Hours,District 5 (Southeast),,WASHINGTON,US 218,US 218,Collision with fixed object:  Bridge overhead structure,On Roadway,Non-collision (single vehicle),Other (explain in narrative):  No improper action,None Indicated,,Daylight,Snow,Snow,"Surface condition (e.g., wet, icy)",Non-intersection:  Other non-intersection (explain in narrative),Paved,,Property Damage Only,0,0,0,0,0,0,8000,1,1,,POINT (-91.550674312313 41.478147709817)
2014786819,14-002382,02/14/2014,02-February,6-Friday,19:10,1900 Hours,District 5 (Southeast),,HENRY,US 218,US 218,Collision with:  Vehicle in traffic,Shoulder,Rear-end (front to rear),Separation of units,None Indicated,,Dark - roadway not lighted,Ice/frost,Cloudy,None apparent,Non-intersection:  Non-junction/no special feature,Paved,,Property Damage Only,0,0,0,0,0,0,17500,3,3,,POINT (-91.54470584942 41.090348307603)
2014785958,20140004169,02/14/2014,02-February,6-Friday,11:00,1100 Hours,District 1 (Central),DES MOINES,POLK,I-235,I-235 & 31ST ST,Collision with:  Vehicle in traffic,On Roadway,"Sideswipe, same direction",Unknown,None Indicated,,Daylight,Snow,Snow,Unknown,Unknown,Paved,,Property Damage Only,0,0,0,0,0,0,3000,2,2,,POINT (-93.659368931802 41.59311705724)
2014850885,14-001069,02/14/2014,02-February,6-Friday,09:08,0900 Hours,District 5 (Southeast),,LOUISA,US 61,US 61 & 190TH ST,Non-collision events:  Overturn/rollover,On Roadway,Non-collision (single vehicle),Driving too fast for conditions,None Indicated,,Daylight,Snow,Cloudy,"Surface condition (e.g., wet, icy)",Non-intersection:  Non-junction/no special feature,Paved,,Minor Injury,0,1,0,1,0,0,5000,1,1,,POINT (-91.200564938161 41.334836141601)
2014785917,14-0188,02/14/2014,02-February,6-Friday,15:50,1500 Hours,District 1 (Central),WEST DES MOINES,POLK,,UNIVERSITY AVE,Collision with:  Vehicle in traffic,On Roadway,Rear-end (front to rear),Driving too fast for conditions,None Indicated,,Daylight,Dry,Cloudy,None apparent,Intersection:  Four-way intersection,Paved,,Property Damage Only,0,0,0,0,0,0,3500,2,2,,POINT (-93.782177837997 41.600444596084)
2014786719,14-000211,02/14/2014,02-February,6-Friday,08:55,0800 Hours,District 1 (Central),AMES,STORY,,IOWA STATE UNIVERSITY & UNIVERSITY BLVD,Collision with:  Vehicle in traffic,On Roadway,Rear-end (front to rear),Driving too fast for conditions,None Indicated,,Daylight,Snow,Snow,"Surface condition (e.g., wet, icy)",Intersection:  T-intersection,Paved,,Property Damage Only,0,0,0,0,0,0,1600,2,2,,POINT (-93.641521249349 42.030503026012)
2014786897,2014-9923,02/14/2014,02-February,6-Friday,14:18,1400 Hours,District 6 (East Central),DAVENPORT,SCOTT,,HARRISON ST,Miscellaneous events:  Hit and run,Roadside,Unknown,Other (explain in narrative):  Other,None Indicated,,Daylight,Dry,Clear,None apparent,Non-intersection:  Non-junction/no special feature,Paved,,Property Damage Only,0,0,0,0,0,0,2000,2,3,,POINT (-90.576664095617 41.586574592342)
2014799803,14C00643,02/14/2014,02-February,6-Friday,10:15,1000 Hours,District 4 (Southwest),CRESTON,UNION,,W SENECA ST & N MAPLE ST,Collision with:  Vehicle in traffic,On Roadway,Broadside (front to side),FTYROW:  At uncontrolled intersection,None Indicated,,Daylight,Snow,Snow,"Surface condition (e.g., wet, icy)",Non-intersection:  Non-junction/no special feature,Paved,,Property Damage Only,0,0,0,0,0,0,2500,2,2,,POINT (-94.362708960013 41.068889223606)
2014786823,14021554,02/14/2014,02-February,6-Friday,10:28,1000 Hours,District 6 (East Central),,JOHNSON,IA 1,IA 1/IOWA 1,Collision with:  Vehicle in traffic,On Roadway,Head-on (front to front),Crossed centerline (undivided),None Indicated,,Daylight,Wet,Cloudy,None apparent,Non-intersection:  Non-junction/no special feature,Paved,,Possible/Unknown,0,1,0,0,1,0,15000,2,4,,POINT (-91.483572339498 41.707571621185)
2014785955,20140004137,02/14/2014,02-February,6-Friday,07:48,0700 Hours,District 1 (Central),DES MOINES,POLK,US 6,US 6/EUCLID AVE,Collision with:  Vehicle in traffic,On Roadway,"Sideswipe, same direction",FTYROW:  Other (explain in narrative),None Indicated,,Daylight,Snow,Cloudy,None apparent,Non-intersection:  Non-junction/no special feature,Paved,,Property Damage Only,0,0,0,0,0,0,5500,2,3,,POINT (-93.643790348032 41.627666943304)
2014787575,14-000709,02/14/2014,02-February,6-Friday,07:50,0700 Hours,District 1 (Central),AMES,STORY,,MORTENSON PKWY & UNIVERSITY BLVD,Collision with:  Vehicle in traffic,On Roadway,Rear-end (front to rear),Followed too close,None Indicated,,Daylight,Snow,Snow,"Surface condition (e.g., wet, icy)",Intersection:  T-intersection,Paved,,Property Damage Only,0,0,0,0,0,0,5099,2,2,,POINT (-93.63931847984 42.008386154539)
2014786958,2014010877,02/14/2014,02-February,6-Friday,09:11,0900 Hours,District 5 (Southeast),,WASHINGTON,US 218,US 218/SE RAMP CURV/SE LOOP & IA 92,Collision with:  Vehicle in traffic,On Roadway,Rear-end (front to rear),Driving too fast for conditions,None Indicated,,Daylight,Snow,Snow,"Surface condition (e.g., wet, icy)",Intersection:  T-intersection,Paved,,Property Damage Only,0,0,0,0,0,0,3000,2,2,,POINT (-91.531878520713 41.291738300268)
2014788203,2014011063,02/14/2014,02-February,6-Friday,17:28,1700 Hours,District 1 (Central),,STORY,I-35,I-35,Collision with:  Vehicle in traffic,On Roadway,Unknown,Ran off road - left,None Indicated,,Daylight,Dry,Clear,None apparent,Non-intersection:  Non-junction/no special feature,Paved,,Property Damage Only,0,0,0,0,0,0,15500,2,10,,POINT (-93.570003548084 41.96267329883)
2014786931,14-1677,02/14/2014,02-February,6-Friday,13:15,1300 Hours,District 3 (Northwest),,SIOUX,,Co Rd K52/HICKORY AVE,Collision with fixed object:  Ditch,On Roadway,Non-collision (single vehicle),Ran off road - left,None Indicated,,Daylight,Ice/frost,Cloudy,"Surface condition (e.g., wet, icy)",Non-intersection:  Non-junction/no special feature,Paved,,Property Damage Only,0,0,0,0,0,0,6000,1,1,,POINT (-96.137784672895 43.231604447634)
2014785986,20140004170,02/14/2014,02-February,6-Friday,13:01,1300 Hours,District 1 (Central),DES MOINES,POLK,,URBANDALE AVE & 38TH ST,Collision with:  Vehicle in traffic,On Roadway,Broadside (front to side),Ran Stop Sign,None Indicated,,Daylight,Snow,Cloudy,"Surface condition (e.g., wet, icy)",Intersection:  Four-way intersection,Paved,,Possible/Unknown,0,2,0,0,2,0,5000,2,3,,POINT (-93.668252622433 41.619168669063)
2014787171,201400007565,02/14/2014,02-February,6-Friday,10:29,1000 Hours,District 5 (Southeast),OTTUMWA,WAPELLO,US 34,US 34/NW RAMP,Collision with fixed object:  Traffic sign support,On Roadway,Non-collision (single vehicle),Lost Control,None Indicated,,Daylight,Snow,Snow,"Surface condition (e.g., wet, icy)",Interchange-related:  On-ramp merge area,Paved,,Property Damage Only,0,0,0,0,0,0,2600,1,1,,POINT (-92.404681339317 41.001768209916)
2014790164,,02/14/2014,02-February,6-Friday,14:57,1400 Hours,District 2 (Northeast),,WINNESHIEK,IA 9,IA 9/IOWA 9,Collision with:  Vehicle in traffic,On Roadway,"Sideswipe, same direction",FTYROW:  Other (explain in narrative),None Indicated,,Daylight,Snow,Cloudy,None apparent,Intersection:  Four-way intersection,Paved,,Property Damage Only,0,0,0,0,0,0,18000,2,3,,POINT (-91.693130754909 43.242197072686)
2014786241,14-001543,02/14/2014,02-February,6-Friday,05:51,0500 Hours,District 2 (Northeast),,FAYETTE,IA 150,IA 150/LINCOLN RD,Collision with fixed object:  Ditch,On Roadway,Non-collision (single vehicle),Driving too fast for conditions,None Indicated,,Dark - roadway not lighted,Ice/frost,Cloudy,None apparent,Non-intersection:  Non-junction/no special feature,Paved,,Property Damage Only,0,0,0,0,0,0,4500,1,1,,POINT (-91.814278123792 42.928330300956)
2014787519,GP20140102,02/14/2014,02-February,6-Friday,08:59,0800 Hours,District 1 (Central),GRINNELL,POWESHIEK,,11TH AVE,Collision with:  Vehicle in traffic,On Roadway,Broadside (front to side),FTYROW:  From driveway,None Indicated,,Daylight,Snow,Cloudy,"Surface condition (e.g., wet, icy)",Non-intersection:  Other non-intersection (explain in narrative),Paved,,Property Damage Only,0,0,0,0,0,0,3000,2,3,,POINT (-92.723383024325 41.753417409348)
2014785587,20140004147,02/14/2014,02-February,6-Friday,08:51,0800 Hours,District 1 (Central),DES MOINES,POLK,US 6,US 6/FREDERICK M HUBBELL AVE,Collision with:  Vehicle in traffic,On Roadway,Broadside (front to side),FTYROW:  Making left turn,None Indicated,,Daylight,Snow,Snow,None apparent,Intersection:  Four-way intersection,Paved,,Property Damage Only,0,0,0,0,0,0,6000,2,3,,POINT (-93.542012489597 41.630515749175)
2014787538,2014-9861,02/14/2014,02-February,6-Friday,08:22,0800 Hours,District 6 (East Central),DAVENPORT,SCOTT,I-80,I-80,Collision with:  Vehicle in traffic,On Roadway,"Sideswipe, same direction",Swerving/Evasive Action,None Indicated,,Daylight,Snow,Snow,"Surface condition (e.g., wet, icy)",Interchange-related:  On-ramp merge area,Paved,,Property Damage Only,0,0,0,0,0,0,10000,2,6,,POINT (-90.574943355802 41.596967629413)
2014785674,14-0461,02/14/2014,02-February,6-Friday,14:25,1400 Hours,District 1 (Central),FORT DODGE,WEBSTER,,8TH AVE N & N 2ND ST,Collision with:  Parked motor vehicle,On Roadway,Broadside (front to side),Improper Backing,None Indicated,,Daylight,Slush,Clear,None apparent,Non-intersection:  Non-junction/no special feature,Paved,,Property Damage Only,0,0,0,0,0,0,1700,2,1,,POINT (-94.198826688499 42.512478820117)
2014787064,2014-0320,02/14/2014,02-February,6-Friday,22:30,2200 Hours,District 1 (Central),JEFFERSON,GREENE,IA 4,IA 4/S ELM ST & SUNSET RD,Collision with fixed object:  Other fixed object (explain in narrative),On Roadway,Non-collision (single vehicle),Driving too fast for conditions,None Indicated,,Dark - roadway lighted,Snow,Cloudy,"Surface condition (e.g., wet, icy)",Non-intersection:  Non-junction/no special feature,Paved,,Property Damage Only,0,0,0,0,0,0,2000,1,2,,POINT (-94.377383919971 42.002703754159)
2014790323,2014011032,02/14/2014,02-February,6-Friday,15:18,1500 Hours,District 6 (East Central),,JOHNSON,,Co Rd X14/WAPSI AVE,Collision with:  Vehicle in traffic,On Roadway,Head-on (front to front),Crossed centerline (undivided),None Indicated,,Daylight,Snow,Snow,"Surface condition (e.g., wet, icy)",Non-intersection:  Non-junction/no special feature,Paved,,Major Injury,0,1,1,0,0,0,10000,2,3,,POINT (-91.425542407439 41.505262132648)
2014786186,CL14000448,02/14/2014,02-February,6-Friday,15:06,1500 Hours,District 6 (East Central),CLINTON,CLINTON,,11TH AVE S & S 8TH ST,Collision with:  Vehicle in traffic,On Roadway,Broadside (front to side),Ran Stop Sign,None Indicated,,Daylight,Dry,Clear,None apparent,Intersection:  Four-way intersection,Paved,,Property Damage Only,0,0,0,0,0,0,5000,2,3,,POINT (-90.204054638173 41.834193918971)
2014786459,14-0089,02/14/2014,02-February,6-Friday,15:26,1500 Hours,District 1 (Central),,WEBSTER,,Co Rd D14/170TH ST & Co Rd P63/SAMSON AVE,Collision with:  Vehicle in traffic,On Roadway,Broadside (front to side),Ran Stop Sign,None Indicated,,Daylight,Ice/frost,Clear,None apparent,Intersection:  Four-way intersection,Paved,,Possible/Unknown,0,1,0,0,1,0,13700,2,3,,POINT (-94.089878742177 42.544546405647)
2014787167,201400007581,02/14/2014,02-February,6-Friday,11:56,1100 Hours,District 5 (Southeast),OTTUMWA,WAPELLO,US 34,US 34 & IA 149/IOWA 149 & WAPELLO ST,Collision with:  Vehicle in traffic,On Roadway,"Angle, oncoming left turn",Ran Traffic Signal,None Indicated,,Daylight,Wet,Clear,None apparent,Intersection:  Four-way intersection,Paved,,Possible/Unknown,0,2,0,0,2,0,8000,3,3,,POINT (-92.423338870763 41.015276209709)
2014787201,2014010886,02/14/2014,02-February,6-Friday,09:40,0900 Hours,District 1 (Central),,POLK,I-35,I-35,Collision with:  Vehicle in traffic,On Roadway,"Sideswipe, same direction",Driving too fast for conditions,None Indicated,,Daylight,Ice/frost,Snow,"Surface condition (e.g., wet, icy)",Non-intersection:  Other non-intersection (explain in narrative),Paved,,Major Injury,0,1,1,0,0,0,22000,2,2,,POINT (-93.601042844643 41.649848891255)
2014789059,14-0008,02/14/2014,02-February,6-Friday,08:01,0800 Hours,District 6 (East Central),MONTICELLO,JONES,US 151,US 151,Non-collision events:  Overturn/rollover,On Roadway,Non-collision (single vehicle),Over correcting/over steering,None Indicated,,Daylight,Ice/frost,Cloudy,"Surface condition (e.g., wet, icy)",Non-intersection:  Non-junction/no special feature,Paved,,Property Damage Only,0,0,0,0,0,0,1500,1,1,,POINT (-91.173824018276 42.213278195794)
2014788416,2014-9977,02/14/2014,02-February,6-Friday,20:00,2000 Hours,District 6 (East Central),DAVENPORT,SCOTT,US 6,US 6/SPRUCE HILLS DR & ELMORE AVE,Collision with:  Vehicle in traffic,On Roadway,Rear-end (front to rear),Unknown,None Indicated,,Dark - roadway lighted,Dry,Clear,None apparent,Non-intersection:  Non-junction/no special feature,Paved,,Possible/Unknown,0,2,0,0,2,0,4000,3,5,,POINT (-90.5272605837 41.554927569807)
2014789320,,02/14/2014,02-February,6-Friday,11:45,1100 Hours,District 3 (Northwest),,LYON,US 18,US 18 & BIRCH AVE,Collision with fixed object:  Guardrail - face,Roadside,Non-collision (single vehicle),Unknown,None Indicated,,Daylight,Slush,Cloudy,,Intersection:  T-intersection,Paved,,Property Damage Only,0,0,0,0,0,0,10500,1,1,,POINT (-96.489404574841 43.303143615456)
2014785910,14-000705,02/14/2014,02-February,6-Friday,07:50,0700 Hours,District 1 (Central),ANKENY,POLK,I-35,I-35,Collision with fixed object:  Guardrail - face,On Roadway,Non-collision (single vehicle),Swerving/Evasive Action,None Indicated,,Daylight,Snow,Snow,None apparent,Non-intersection:  Non-junction/no special feature,Paved,,Property Damage Only,0,0,0,0,0,0,2550,1,1,,POINT (-93.570354846717 41.768961675301)
2014790242,SC14-011,02/14/2014,02-February,6-Friday,12:00,1200 Hours,District 1 (Central),STATE CENTER,MARSHALL,,2ND ST SE & 2ND AVE SE,Collision with:  Vehicle in traffic,On Roadway,Broadside (front to side),FTYROW:  From yield sign,None Indicated,,Daylight,Snow,Cloudy,None apparent,Intersection:  Four-way intersection,Paved,,Property Damage Only,0,0,0,0,0,0,3200,2,3,,POINT (-93.161842060875 42.016086856878)
2014785969,20140004155,02/14/2014,02-February,6-Friday,09:59,0900 Hours,District 1 (Central),DES MOINES,POLK,US 6,US 6/FREDERICK M HUBBELL AVE & E 43RD CT,Collision with:  Vehicle in traffic,On Roadway,Broadside (front to side),Ran Stop Sign,None Indicated,,Daylight,Snow,Snow,"Surface condition (e.g., wet, icy)",Intersection:  T-intersection,Paved,,Property Damage Only,0,0,0,0,0,0,2000,2,2,,POINT (-93.529137974656 41.637286094497)
2014798035,14-001034,02/14/2014,02-February,6-Friday,17:30,1700 Hours,District 2 (Northeast),,CLAYTON,IA 56,IA 56/IOWA 56 & Co Rd C2W/DOMINO RD,Collision with:  Vehicle in traffic,On Roadway,"Angle, oncoming left turn",FTYROW:  Making left turn,None Indicated,,Daylight,Dry,Clear,None apparent,Intersection:  T-intersection,Paved,,Minor Injury,0,3,0,2,1,0,13000,2,3,,POINT (-91.432963843763 42.855333785001)
2014786207,14-207,02/14/2014,02-February,6-Friday,15:48,1500 Hours,District 3 (Northwest),SPIRIT LAKE,DICKINSON,,PEORIA AVE & LAKE ST,Collision with:  Vehicle in traffic,On Roadway,Broadside (front to side),FTYROW:  Making left turn,None Indicated,,Daylight,Snow,Clear,None apparent,Intersection:  Four-way intersection,Paved,,Property Damage Only,0,0,0,0,0,0,2100,2,2,,POINT (-95.112088489267 43.42349922619)
2014785862,2014001353,02/14/2014,02-February,6-Friday,19:13,1900 Hours,District 1 (Central),MARSHALLTOWN,MARSHALL,IA 14,IA 14/S CENTER ST & W OLIVE ST & E OLIVE ST,Collision with:  Vehicle in traffic,On Roadway,Broadside (front to side),Ran Traffic Signal,None Indicated,,Dark - roadway lighted,Snow,Clear,None apparent,Intersection:  Four-way intersection,Paved,,Property Damage Only,0,0,0,0,0,0,2900,2,5,,POINT (-92.912636712582 42.028416723155)
2014788285,,02/14/2014,02-February,6-Friday,11:00,1100 Hours,District 6 (East Central),,JOHNSON,,,Collision with:  Animal,On Roadway,Non-collision (single vehicle),Animal,None Indicated,,,,,,,,,Property Damage Only,0,0,0,0,0,0,3500,1,1,,POINT (-96.643700149993 40.233091251414)
2014785883,14-000714,02/14/2014,02-February,6-Friday,17:00,1700 Hours,District 1 (Central),ANKENY,POLK,,NE 8TH ST,Collision with:  Parked motor vehicle,On Roadway,Broadside (front to side),Improper Backing,None Indicated,,Daylight,Snow,Clear,None apparent,Non-intersection:  Non-junction/no special feature,Paved,,Property Damage Only,0,0,0,0,0,0,2250,2,1,,POINT (-93.595910153248 41.737856895081)
2014786250,14-002371,02/14/2014,02-February,6-Friday,16:21,1600 Hours,District 5 (Southeast),,HENRY,US 218,US 218,Non-collision events:  Other non-collision (explain in narrative),On Roadway,Non-collision (single vehicle),Driving too fast for conditions,None Indicated,,Daylight,Ice/frost,"Blowing sand, soil, dirt","Surface condition (e.g., wet, icy)",Non-intersection:  Crossover-related,Paved,,Property Damage Only,0,0,0,0,0,0,2500,1,2,,POINT (-91.544383648454 41.060708844918)
2014785574,14-1000,02/14/2014,02-February,6-Friday,06:02,0600 Hours,District 1 (Central),,POLK,US 65,US 65,Collision with fixed object:  Bridge overhead structure,Roadside,Non-collision (single vehicle),Swerving/Evasive Action,None Indicated,,Dark - roadway not lighted,Snow,Snow,None apparent,Non-intersection:  Other non-intersection (explain in narrative),Paved,,Property Damage Only,0,0,0,0,0,0,3000,1,1,,POINT (-93.517081820873 41.539377879662)
2014820421,2014-15-AC,02/14/2014,02-February,6-Friday,11:19,1100 Hours,District 3 (Northwest),,DICKINSON,US 71,US 71,Collision with:  Vehicle in traffic,On Roadway,Head-on (front to front),"Operating vehicle in an reckless, erratic, careless, negligent manner",None Indicated,,Daylight,Ice/frost,Severe winds,"Surface condition (e.g., wet, icy)",Non-intersection:  Non-junction/no special feature,Paved,,Major Injury,0,2,1,1,0,0,35000,2,2,,POINT (-95.023266590698 43.430517349513)
2014785916,14-0187,02/14/2014,02-February,6-Friday,15:05,1500 Hours,District 4 (Southwest),WEST DES MOINES,DALLAS,,UNIVERSITY AVE & 60TH ST & NW 128TH ST,Collision with:  Vehicle in traffic,On Roadway,Broadside (front to side),Made improper turn,None Indicated,,Daylight,Wet,Cloudy,None apparent,Intersection:  Four-way intersection,Paved,,Property Damage Only,0,0,0,0,0,0,4500,2,3,,POINT (-93.794237520002 41.600433970365)
2014788443,2014010861,02/14/2014,02-February,6-Friday,08:25,0800 Hours,District 6 (East Central),DAVENPORT,SCOTT,I-80,I-80,Collision with:  Vehicle in traffic,On Roadway,Rear-end (front to rear),Ran off road - right,None Indicated,,Daylight,Snow,Snow,Other (explain in narrative),Non-intersection:  Non-junction/no special feature,Paved,,Property Damage Only,0,0,0,0,0,0,11500,3,3,,POINT (-90.638726564672 41.600871901275)
2014786962,2014010935,02/14/2014,02-February,6-Friday,11:18,1100 Hours,District 1 (Central),,POWESHIEK,I-80,I-80,Collision with:  Vehicle in traffic,On Roadway,Rear-end (front to rear),Followed too close,None Indicated,,Daylight,Wet,Cloudy,None apparent,Non-intersection:  Non-junction/no special feature,Paved,,Possible/Unknown,0,1,0,0,1,0,28339,2,2,,POINT (-92.357335219963 41.695605040187)
2014787578,14-000713,02/14/2014,02-February,6-Friday,10:10,1000 Hours,District 1 (Central),AMES,STORY,,ASHMORE DR & ASH AVE,Collision with fixed object:  Curb/island/raised median,On Roadway,Non-collision (single vehicle),Swerving/Evasive Action,None Indicated,,Daylight,Snow,Snow,"Surface condition (e.g., wet, icy)",Intersection:  T-intersection,Paved,,Property Damage Only,0,0,0,0,0,0,9000,1,1,,POINT (-93.644560591427 42.012076561554)
2014787074,201400433,02/14/2014,02-February,6-Friday,07:12,0700 Hours,District 6 (East Central),,LINN,IA 1,IA 1/IOWA 1,Non-collision events:  Overturn/rollover,Roadside,Non-collision (single vehicle),Ran off road - right,None Indicated,,Daylight,Snow,Snow,"Surface condition (e.g., wet, icy)",Non-intersection:  Non-junction/no special feature,Paved,,Property Damage Only,0,0,0,0,0,0,3000,1,1,,POINT (-91.443220061896 41.898125013039)