Iowa DOT Case Number,Law Enforcement Case Number,Date of Crash,Month of Crash,Day of Week,Time of Crash,Hour,DOT District,City Name,County Name,Route with System,Location Description,First Harmful Event,Location of First Harmful Event,Manner of Crash/Collision,Major Cause,Drug or Alcohol ,Environmental Conditions,Light Conditions,Surface Conditions,Weather Conditions,Roadway Contribution,Roadway Type,Roadway Surface,Work Zone,Crash Severity,Number of Fatalities,Number of Injuries,Number of Major Injuries,Number of Minor Injuries,Number of Possible Injuries,Number of Unknown Injuries,Amount of Property Damage,Number of Vehicles Involved,Total Number of Occupants,Travel Direction,Location
2014786282,2014001692,02/14/2014,02-February,6-Friday,10:34,1000 Hours,District 6 (East Central),IOWA CITY,JOHNSON,,LAURA DR,Collision with:  Vehicle in traffic,On Roadway,Head-on (front to front),Driving too fast for conditions,None Indicated,,Daylight,Snow,Clear,None apparent,Non-intersection:  Non-junction/no special feature,Paved,,Possible/Unknown,0,1,0,0,1,0,3000,2,3,,POINT (-91.537989635556 41.681328596758)
2014785586,20140004146,02/14/2014,02-February,6-Friday,08:52,0800 Hours,District 1 (Central),DES MOINES,POLK,,GRAND AVE,Collision with fixed object:  Utility pole/light support,Roadside,Non-collision (single vehicle),Driving too fast for conditions,None Indicated,,Daylight,Snow,Snow,"Surface condition (e.g., wet, icy)",Non-intersection:  Non-junction/no special feature,Paved,,Possible/Unknown,0,1,0,0,1,0,5250,1,1,,POINT (-93.700783079043 41.582702910259)
2014791232,032-025-14,02/14/2014,02-February,6-Friday,08:27,0800 Hours,District 3 (Northwest),ESTHERVILLE,EMMET,,12TH AVE N & N 6TH ST,Collision with:  Vehicle in traffic,On Roadway,Rear-end (front to rear),FTYROW:  From stop sign,None Indicated,,Daylight,Snow,Cloudy,None apparent,Intersection:  T-intersection,Paved,,Property Damage Only,0,0,0,0,0,0,2500,2,2,,POINT (-94.834915560181 43.41291425747)
2014786280,2014001689,02/14/2014,02-February,6-Friday,07:47,0700 Hours,District 6 (East Central),IOWA CITY,JOHNSON,,W MARKET ST & N MADISON ST,Collision with fixed object:  Curb/island/raised median,On Roadway,Non-collision (single vehicle),Other (explain in narrative):  No improper action,None Indicated,,Daylight,Snow,Snow,"Surface condition (e.g., wet, icy)",Intersection:  T-intersection,Paved,,Property Damage Only,0,0,0,0,0,0,2000,1,1,,POINT (-91.537670377246 41.663590071347)
2014785946,20140004195,02/14/2014,02-February,6-Friday,17:16,1700 Hours,District 1 (Central),DES MOINES,POLK,,HICKMAN RD & 24TH ST,Collision with:  Vehicle in traffic,On Roadway,Rear-end (front to rear),Lost Control,None Indicated,,Daylight,Wet,Clear,None apparent,Intersection:  T-intersection,Paved,,Minor Injury,0,2,0,2,0,0,9000,2,4,,POINT (-93.650001938878 41.615021916259)
2014786214,01-14-6515,02/14/2014,02-February,6-Friday,15:32,1500 Hours,District 6 (East Central),DUBUQUE,DUBUQUE,,E 32ND ST,Collision with:  Vehicle in traffic,On Roadway,Rear-end (front to rear),Lost Control,None Indicated,,Daylight,Dry,Clear,None apparent,Non-intersection:  Non-junction/no special feature,Paved,,Property Damage Only,0,0,0,0,0,0,2000,2,3,,POINT (-90.681870568662 42.528095908255)
2014785929,20140004125,02/14/2014,02-February,6-Friday,04:00,0400 Hours,District 1 (Central),DES MOINES,POLK,IA 163,IA 163/E UNIVERSITY AVE,Collision with:  Parked motor vehicle,Roadside,Rear-end (front to rear),Unknown,None Indicated,,Dark - roadway lighted,Dry,Cloudy,None apparent,Non-intersection:  Non-junction/no special feature,Paved,,Property Damage Only,0,0,0,0,0,0,4000,2,1,,POINT (-93.579393164471 41.600528534088)
2014785872,14-1001,02/14/2014,02-February,6-Friday,07:35,0700 Hours,District 1 (Central),POLK CITY,POLK,,Co Rd R6F/NW 106TH AVE & NW 107TH ST,Collision with:  Vehicle in traffic,On Roadway,Rear-end (front to rear),Driving too fast for conditions,None Indicated,,Daylight,Snow,Cloudy,None apparent,Non-intersection:  Non-junction/no special feature,Paved,,Property Damage Only,0,0,0,0,0,0,10000,2,2,,POINT (-93.765767317436 41.753918644569)
2014793720,14-003452,02/14/2014,02-February,6-Friday,07:21,0700 Hours,District 5 (Southeast),,MAHASKA,US 63,US 63 & 135TH ST,Collision with:  Vehicle in traffic,On Roadway,Broadside (front to side),Driving too fast for conditions,None Indicated,,Daylight,Snow,Snow,"Surface condition (e.g., wet, icy)",Intersection:  T-intersection,Paved,,Property Damage Only,0,0,0,0,0,0,10000,2,2,,POINT (-92.651454264878 41.458900255353)
2014786448,14-000728,02/14/2014,02-February,6-Friday,18:40,1800 Hours,District 1 (Central),AMES,STORY,US 69,US 69/S DUFF AVE,Collision with:  Vehicle in traffic,On Roadway,Rear-end (front to rear),Followed too close,None Indicated,,Dark - roadway lighted,Snow,Clear,None apparent,Non-intersection:  Non-junction/no special feature,Paved,,Minor Injury,0,1,0,1,0,0,100,2,2,,POINT (-93.610311362807 42.021018175048)
2014787359,14-3731,02/14/2014,02-February,6-Friday,09:59,0900 Hours,District 1 (Central),NEWTON,JASPER,,IOWA SPEEDWAY DR & S 22ND AVE E,Collision with:  Vehicle in traffic,On Roadway,Broadside (front to side),FTYROW:  From stop sign,None Indicated,,Daylight,Snow,Snow,None apparent,Intersection:  Four-way intersection,Paved,,Property Damage Only,0,0,0,0,0,0,5000,2,2,,POINT (-92.9998798533 41.679612829891)
2014820420,2014-17-AC,02/14/2014,02-February,6-Friday,19:08,1900 Hours,District 3 (Northwest),,DICKINSON,,175TH ST,Non-collision events:  Overturn/rollover,On Roadway,Non-collision (single vehicle),Crossed centerline (undivided),None Indicated,,Dark - roadway not lighted,Ice/frost,Cloudy,Debris,Non-intersection:  Non-junction/no special feature,Paved,,Property Damage Only,0,0,0,0,0,0,2500,1,2,,POINT (-95.104494334515 43.392926312796)
2014785839,201402210,02/14/2014,02-February,6-Friday,12:51,1200 Hours,District 6 (East Central),CEDAR RAPIDS,LINN,,NORTHGATE DR NE & SIERRA DR NE,Collision with:  Vehicle in traffic,On Roadway,Broadside (front to side),Ran Stop Sign,None Indicated,,Daylight,Slush,Cloudy,"Surface condition (e.g., wet, icy)",Intersection:  T-intersection,Paved,,Property Damage Only,0,0,0,0,0,0,7500,2,4,,POINT (-91.668203506947 42.00479089499)
2014785717,14-002161,02/14/2014,02-February,6-Friday,08:40,0800 Hours,District 6 (East Central),TIPTON,CEDAR,,9TH ST & MERIDAN ST,Collision with:  Vehicle in traffic,On Roadway,Broadside (front to side),Unknown,None Indicated,,Daylight,Ice/frost,Snow,"Surface condition (e.g., wet, icy)",Non-intersection:  Non-junction/no special feature,Paved,,Property Damage Only,0,0,0,0,0,0,4000,2,3,,POINT (-91.126998208457 41.774156830031)
2014806796,32015-14,02/14/2014,02-February,6-Friday,06:54,0600 Hours,District 3 (Northwest),ARMSTRONG,EMMET,IA 9,IA 9/IOWA 9,Collision with:  Vehicle in traffic,On Roadway,Rear-end (front to rear),Followed too close,None Indicated,,Daylight,Snow,Clear,"Surface condition (e.g., wet, icy)",Non-intersection:  Non-junction/no special feature,Paved,,Minor Injury,0,1,0,1,0,0,2000,2,2,,POINT (-94.512127605966 43.396191051615)
2014786264,C14000481,02/14/2014,02-February,6-Friday,09:21,0900 Hours,District 6 (East Central),CORALVILLE,JOHNSON,I-80,I-80 & 1ST AVE,Collision with:  Vehicle in traffic,On Roadway,"Sideswipe, same direction",Crossed centerline (undivided),None Indicated,,Daylight,Snow,Snow,"Surface condition (e.g., wet, icy)",Non-intersection:  Non-junction/no special feature,Paved,,Property Damage Only,0,0,0,0,0,0,15000,2,2,,POINT (-91.564648397749 41.685717768089)
2014785598,14-0784,02/14/2014,02-February,6-Friday,13:05,1300 Hours,District 1 (Central),WEST DES MOINES,POLK,,WALNUT ST,Collision with:  Vehicle in traffic,On Roadway,"Sideswipe, opposite direction",Driving too fast for conditions,None Indicated,,Daylight,Snow,Clear,"Surface condition (e.g., wet, icy)",Non-intersection:  Non-junction/no special feature,Paved,,Property Damage Only,0,0,0,0,0,0,7000,2,12,,POINT (-93.718156263053 41.574236980073)
2014787310,14001216,02/14/2014,02-February,6-Friday,06:56,0600 Hours,District 6 (East Central),,DELAWARE,,Co Rd X15/180TH AVE,Non-collision events:  Overturn/rollover,Shoulder,Non-collision (single vehicle),Swerving/Evasive Action,None Indicated,,Dawn,Ice/frost,Snow,"Surface condition (e.g., wet, icy)",Non-intersection:  Non-junction/no special feature,Paved,,Property Damage Only,0,0,0,0,0,0,3500,1,1,,POINT (-91.450597471765 42.55752591426)
2014801003,390214-0326,02/14/2014,02-February,6-Friday,13:19,1300 Hours,District 4 (Southwest),,GUTHRIE,,Co Rd P28/WAGON RD,Collision with fixed object:  Bridge overhead structure,On Roadway,Non-collision (single vehicle),Crossed centerline (undivided),None Indicated,,Daylight,Wet,Cloudy,None apparent,Non-intersection:  Other non-intersection (explain in narrative),Paved,,Property Damage Only,0,0,0,0,0,0,5250,1,2,,POINT (-94.357303107648 41.667580616748)
2014785761,W14-015190,02/14/2014,02-February,6-Friday,14:15,1400 Hours,District 2 (Northeast),WATERLOO,BLACK HAWK,US 63,US 63/NW RAMP CURV & W COMMERCIAL ST,Collision with:  Vehicle in traffic,On Roadway,"Sideswipe, same direction",Unknown,None Indicated,,Daylight,Wet,Clear,None apparent,Intersection:  Four-way intersection,Paved,,Property Damage Only,0,0,0,0,0,0,1500,2,2,,POINT (-92.354358657412 42.497577278486)
2014785534,14-0154,02/14/2014,02-February,6-Friday,08:27,0800 Hours,District 1 (Central),,GREENE,IA 144,IA 144/144 DIAGONAL,Non-collision events:  Other non-collision (explain in narrative),On Roadway,Non-collision (single vehicle),Driving too fast for conditions,None Indicated,,Daylight,Snow,Snow,None apparent,Non-intersection:  Non-junction/no special feature,Paved,,Property Damage Only,0,0,0,0,0,0,3500,1,1,,POINT (-94.189534358174 41.924205071592)
2014786217,01-14-6538,02/14/2014,02-February,6-Friday,18:11,1800 Hours,District 6 (East Central),DUBUQUE,DUBUQUE,US 20,US 20/DODGE ST,Collision with:  Vehicle in traffic,On Roadway,Rear-end (front to rear),Lost Control,None Indicated,,Dark - roadway lighted,Dry,Clear,None apparent,Non-intersection:  Non-junction/no special feature,Paved,,Possible/Unknown,0,1,0,0,1,0,2600,3,4,,POINT (-90.739968699537 42.488283144877)
2014785760,W14-015181,02/14/2014,02-February,6-Friday,13:47,1300 Hours,District 2 (Northeast),WATERLOO,BLACK HAWK,,E RIDGEWAY AVE,Collision with:  Vehicle in traffic,On Roadway,Rear-end (front to rear),Other (explain in narrative):  Other,None Indicated,,Daylight,Dry,Clear,None apparent,Non-intersection:  Other non-intersection (explain in narrative),Paved,,Possible/Unknown,0,1,0,0,1,0,10500,4,5,,POINT (-92.355669993765 42.469414344769)
2014785909,14-000704,02/14/2014,02-February,6-Friday,08:12,0800 Hours,District 1 (Central),ANKENY,POLK,,NW 16TH ST & NW 18TH ST & NW IRVINEDALE DR,Collision with:  Vehicle in traffic,On Roadway,Broadside (front to side),Ran Stop Sign,None Indicated,,Daylight,Snow,Snow,"Surface condition (e.g., wet, icy)",Intersection:  Four-way intersection,Paved,,Property Damage Only,0,0,0,0,0,0,9000,2,4,,POINT (-93.639044568239 41.746271823903)
2014785915,14-0184,02/14/2014,02-February,6-Friday,08:00,0800 Hours,District 1 (Central),CLIVE,POLK,I-35,I-35 & UNIVERSITY AVE,Collision with:  Vehicle in traffic,On Roadway,Rear-end (front to rear),Driving too fast for conditions,None Indicated,,Daylight,Slush,Snow,"Surface condition (e.g., wet, icy)",Intersection:  Intersection with ramp,Paved,,Property Damage Only,0,0,0,0,0,0,5750,2,3,,POINT (-93.77490589133 41.600439799829)
2014785759,W14-015178,02/14/2014,02-February,6-Friday,13:31,1300 Hours,District 2 (Northeast),WATERLOO,BLACK HAWK,,ALLEN ST & JOHNSON ST,Collision with:  Vehicle in traffic,On Roadway,Broadside (front to side),FTYROW:  From yield sign,None Indicated,,Daylight,Snow,Clear,"Surface condition (e.g., wet, icy)",Intersection:  Four-way intersection,Paved,,Property Damage Only,0,0,0,0,0,0,3000,2,4,,POINT (-92.344962822909 42.485978473642)
2014789007,14-4548,02/14/2014,02-February,6-Friday,19:32,1900 Hours,District 3 (Northwest),SIOUX CITY,WOODBURY,,W 17TH ST & REBECCA ST,Collision with:  Vehicle in traffic,On Roadway,Broadside (front to side),FTYROW:  From driveway,None Indicated,,Dark - roadway lighted,Dry,Clear,None apparent,Non-intersection:  Driveway access (within),Paved,,Possible/Unknown,0,1,0,0,0,1,1800,2,3,,POINT (-96.425553129876 42.508308009166)
2014785457,W14-015111,02/14/2014,02-February,6-Friday,08:53,0800 Hours,District 2 (Northeast),WATERLOO,BLACK HAWK,,W 9TH ST & SOUTH ST,Collision with:  Vehicle in traffic,On Roadway,Head-on (front to front),Crossed centerline (undivided),None Indicated,,Daylight,Snow,Clear,"Surface condition (e.g., wet, icy)",Non-intersection:  Non-junction/no special feature,Paved,,Property Damage Only,0,0,0,0,0,0,3000,2,2,,POINT (-92.338207073627 42.488542352647)
2014785861,2014001350,02/14/2014,02-February,6-Friday,16:50,1600 Hours,District 1 (Central),MARSHALLTOWN,MARSHALL,,W OLIVE ST,Collision with fixed object:  Utility pole/light support,On Roadway,Non-collision (single vehicle),Driving too fast for conditions,None Indicated,,Daylight,Ice/frost,Clear,"Surface condition (e.g., wet, icy)",Non-intersection:  Non-junction/no special feature,Paved,,Property Damage Only,0,0,0,0,0,0,18500,1,1,,POINT (-92.94209984686 42.028669538103)
2014786021,14-005984,02/14/2014,02-February,6-Friday,10:36,1000 Hours,District 4 (Southwest),COUNCIL BLUFFS,POTTAWATTAMIE,,2ND AVE & S 16TH ST,Collision with:  Vehicle in traffic,On Roadway,Broadside (front to side),Ran Stop Sign,None Indicated,,Daylight,Wet,Cloudy,None apparent,Intersection:  Four-way intersection,Paved,,Possible/Unknown,0,1,0,0,1,0,4000,2,2,,POINT (-95.867543950824 41.259699314566)
2014786957,2014010868,02/14/2014,02-February,6-Friday,09:15,0900 Hours,District 6 (East Central),,JOHNSON,I-80,I-80,Non-collision events:  Overturn/rollover,Outside trafficway,Non-collision (single vehicle),Driving too fast for conditions,None Indicated,,Daylight,Snow,Snow,"Surface condition (e.g., wet, icy)",Non-intersection:  Non-junction/no special feature,Paved,,Property Damage Only,0,0,0,0,0,0,5000,1,3,,POINT (-91.393395557328 41.666842433712)
2014786556,14V02060,02/14/2014,02-February,6-Friday,21:33,2100 Hours,District 6 (East Central),VINTON,BENTON,,E 4TH ST & S 2ND AVE,Collision with:  Vehicle in traffic,On Roadway,Broadside (front to side),FTYROW:  From stop sign,None Indicated,,Dark - roadway lighted,Snow,Clear,None apparent,Intersection:  Four-way intersection,Paved,,Property Damage Only,0,0,0,0,0,0,2000,2,2,,POINT (-92.022944758444 42.167681988999)
2014785884,14-000716,02/14/2014,02-February,6-Friday,17:04,1700 Hours,District 1 (Central),ANKENY,POLK,,E 1ST ST,Collision with:  Vehicle in traffic,On Roadway,Rear-end (front to rear),Exceeded authorized speed,None Indicated,,Daylight,Wet,Clear,None apparent,Non-intersection:  Non-junction/no special feature,Paved,,Property Damage Only,0,0,0,0,0,0,1700,2,2,,POINT (-93.59816326385 41.731846506944)
2014786965,2014011074,02/14/2014,02-February,6-Friday,18:45,1800 Hours,District 4 (Southwest),,DALLAS,I-80,I-80,Collision with:  Vehicle in traffic,On Roadway,Head-on (front to front),Traveling wrong way or on wrong side of road,None Indicated,,Dark - roadway not lighted,Dry,Clear,None apparent,Non-intersection:  Non-junction/no special feature,Paved,,Major Injury,0,8,2,0,6,0,16000,3,10,,POINT (-94.208173985276 41.504172528744)
2014787744,14-01323,02/14/2014,02-February,6-Friday,11:31,1100 Hours,District 5 (Southeast),MOUNT PLEASANT,HENRY,,E MAPLE LEAF DR,Collision with:  Vehicle in traffic,On Roadway,Rear-end (front to rear),Driving too fast for conditions,None Indicated,,Daylight,Snow,Snow,"Surface condition (e.g., wet, icy)",Non-intersection:  Non-junction/no special feature,Paved,,Property Damage Only,0,0,0,0,0,0,2000,2,2,,POINT (-91.536259387882 40.974049982069)
2014786123,2014-0036,02/14/2014,02-February,6-Friday,09:14,0900 Hours,District 5 (Southeast),CARLISLE,WARREN,,N 1ST ST,Collision with:  Other non-fixed object (explain in narrative),Outside trafficway,Non-collision (single vehicle),Ran off road - right,None Indicated,,Daylight,Snow,Snow,"Surface condition (e.g., wet, icy)",Non-intersection:  Non-junction/no special feature,Paved,,Property Damage Only,0,0,0,0,0,0,6000,1,1,,POINT (-93.486576907328 41.501788085254)
2014786863,20140004216,02/14/2014,02-February,6-Friday,22:54,2200 Hours,District 1 (Central),DES MOINES,POLK,US 6,US 6/E EUCLID AVE,Collision with:  Non-motorist (see non-motorist section - NOT a unit),On Roadway,Non-collision (single vehicle),Unknown,None Indicated,,Dark - roadway lighted,Dry,Cloudy,None apparent,Non-intersection:  Non-junction/no special feature,Paved,,Fatal,1,0,0,0,0,0,0,1,1,,POINT (-93.60579521816 41.627711326154)
2014786036,14-0463,02/14/2014,02-February,6-Friday,07:45,0700 Hours,District 1 (Central),FORT DODGE,WEBSTER,,KENYON RD,Collision with:  Vehicle in traffic,On Roadway,"Sideswipe, same direction",Lost Control,None Indicated,,Daylight,Snow,Snow,"Surface condition (e.g., wet, icy)",Non-intersection:  Other non-intersection (explain in narrative),Paved,,Property Damage Only,0,0,0,0,0,0,6000,2,2,,POINT (-94.188081300863 42.495930187766)
2014785565,2014001330,02/14/2014,02-February,6-Friday,10:28,1000 Hours,District 1 (Central),MARSHALLTOWN,MARSHALL,,W MADISON ST,Collision with:  Vehicle in traffic,On Roadway,"Sideswipe, same direction",Driving too fast for conditions,None Indicated,,Daylight,Snow,Cloudy,None apparent,Non-intersection:  Driveway access (within),Paved,,Property Damage Only,0,0,0,0,0,0,1700,2,3,,POINT (-92.926548216389 42.043053204108)
2014786037,14-0465,02/14/2014,02-February,6-Friday,17:12,1700 Hours,District 1 (Central),FORT DODGE,WEBSTER,,S 8TH ST & 2ND AVE S,Collision with:  Vehicle in traffic,On Roadway,Broadside (front to side),Ran Traffic Signal,None Indicated,,Daylight,Slush,Clear,None apparent,Intersection:  Four-way intersection,Paved,,Property Damage Only,0,0,0,0,0,0,4500,2,3,,POINT (-94.186987146379 42.503065041557)
2014786824,14021561,02/14/2014,02-February,6-Friday,10:32,1000 Hours,District 6 (East Central),,JOHNSON,,Co Rd X14/WAPSI AVE,Collision with:  Parked motor vehicle,Outside trafficway,Head-on (front to front),Driving too fast for conditions,None Indicated,,Daylight,Snow,Snow,"Surface condition (e.g., wet, icy)",Non-intersection:  Non-junction/no special feature,Paved,,Possible/Unknown,0,1,0,0,1,0,6000,2,1,,POINT (-91.425589573371 41.502326487123)
2014785758,W14-015084,02/14/2014,02-February,6-Friday,06:02,0600 Hours,District 2 (Northeast),WATERLOO,BLACK HAWK,,WILBY ST & LINDEN AVE,Collision with fixed object:  Utility pole/light support,Outside trafficway,Non-collision (single vehicle),Other (explain in narrative):  No improper action,None Indicated,,Dark - roadway lighted,Snow,Snow,"Surface condition (e.g., wet, icy)",Non-intersection:  Non-junction/no special feature,Paved,,Property Damage Only,0,0,0,0,0,0,5100,1,1,,POINT (-92.317946097661 42.500950676586)
2014785853,14003114,02/14/2014,02-February,6-Friday,08:58,0800 Hours,District 6 (East Central),MARION,LINN,,44TH ST & MC GOWAN BLVD,Collision with:  Vehicle in traffic,On Roadway,Head-on (front to front),Crossed centerline (undivided),None Indicated,,Daylight,Ice/frost,Snow,"Surface condition (e.g., wet, icy)",Non-intersection:  Non-junction/no special feature,Paved,,Possible/Unknown,0,1,0,0,1,0,9000,2,3,,POINT (-91.562999771518 42.043050693027)
2014786740,1400014,02/14/2014,02-February,6-Friday,12:40,1200 Hours,District 1 (Central),ACKLEY,HARDIN,,FRANKLIN ST,Collision with:  Vehicle in traffic,On Roadway,Rear-end (front to rear),Other (explain in narrative):  Other,None Indicated,,Daylight,Snow,Snow,"Surface condition (e.g., wet, icy)",Non-intersection:  Non-junction/no special feature,Paved,,Property Damage Only,0,0,0,0,0,0,1500,2,2,,POINT (-93.056261784737 42.551742028329)
2014786281,2014001691,02/14/2014,02-February,6-Friday,09:30,0900 Hours,District 6 (East Central),IOWA CITY,JOHNSON,,FOSTER RD,Collision with fixed object:  Tree,On Roadway,Non-collision (single vehicle),Driving too fast for conditions,None Indicated,,Daylight,Snow,Snow,None apparent,Non-intersection:  Non-junction/no special feature,Paved,,Property Damage Only,0,0,0,0,0,0,3500,1,1,,POINT (-91.546646215914 41.679988311573)
2014786825,14021722,02/14/2014,02-February,6-Friday,17:00,1700 Hours,District 6 (East Central),HILLS,JOHNSON,,BRADY ST & 4TH ST,Collision with:  Vehicle in traffic,On Roadway,Broadside (front to side),FTYROW:  At uncontrolled intersection,None Indicated,,Daylight,Snow,Clear,"Surface condition (e.g., wet, icy)",Intersection:  Four-way intersection,Paved,,Property Damage Only,0,0,0,0,0,0,2000,2,2,,POINT (-91.527758236235 41.553416878572)
2014785772,2014-00588,02/14/2014,02-February,6-Friday,14:00,1400 Hours,District 1 (Central),,BOONE,IA 17,IA 17/T AVE,Collision with fixed object:  Bridge overhead structure,Shoulder,Non-collision (single vehicle),Driving too fast for conditions,None Indicated,,Daylight,Ice/frost,Clear,None apparent,Non-intersection:  Other non-intersection (explain in narrative),Paved,,Property Damage Only,0,0,0,0,0,0,6000,1,1,,POINT (-93.795547758142 42.129339281558)
2014786812,14-05083,02/14/2014,02-February,6-Friday,08:30,0800 Hours,District 5 (Southeast),MEDIAPOLIS,DES MOINES,US 61,US 61 & 210TH ST,Collision with:  Vehicle in traffic,On Roadway,"Sideswipe, same direction",Crossed centerline (undivided),None Indicated,,Daylight,Snow,Snow,None apparent,Intersection:  Four-way intersection,Paved,,Property Damage Only,0,0,0,0,0,0,6000,2,3,,POINT (-91.169949750711 40.986128547883)
2014786014,14-000320,02/14/2014,02-February,6-Friday,06:15,0600 Hours,District 1 (Central),ALTOONA,POLK,,8TH ST SW,Collision with:  Vehicle in traffic,On Roadway,Head-on (front to front),Crossed centerline (undivided),None Indicated,,Dark - roadway lighted,Snow,Snow,"Surface condition (e.g., wet, icy)",Non-intersection:  Other non-intersection (explain in narrative),Paved,,Property Damage Only,0,0,0,0,0,0,19000,2,2,,POINT (-93.50928472109 41.64413116217)
2014787735,14000902,02/14/2014,02-February,6-Friday,07:50,0700 Hours,District 1 (Central),WEBSTER CITY,HAMILTON,,Co Rd R33/WHITE FOX RD & 187TH ST,Collision with:  Vehicle in traffic,On Roadway,"Sideswipe, opposite direction",Crossed centerline (undivided),None Indicated,,Daylight,Snow,Snow,"Surface condition (e.g., wet, icy)",Non-intersection:  Non-junction/no special feature,Paved,,Property Damage Only,0,0,0,0,0,0,12000,2,2,,POINT (-93.814137973501 42.51854131932)
2014787734,14000899,02/14/2014,02-February,6-Friday,06:03,0600 Hours,District 1 (Central),WEBSTER CITY,HAMILTON,IA 17,IA 17/STAGE COACH RD/IOWA 17 & 160TH ST,Collision with:  Vehicle in traffic,On Roadway,"Sideswipe, opposite direction",Crossed centerline (undivided),None Indicated,,Dark - roadway not lighted,Snow,Snow,"Surface condition (e.g., wet, icy)",Non-intersection:  Non-junction/no special feature,Paved,,Property Damage Only,0,0,0,0,0,0,8500,2,4,,POINT (-93.912090731008 42.557951048013)
2014786479,2014010962,02/14/2014,02-February,6-Friday,13:00,1300 Hours,District 1 (Central),,STORY,I-35,I-35,Collision with:  Vehicle in traffic,Shoulder,"Sideswipe, same direction",Other (explain in narrative):  Other,None Indicated,,Daylight,Dry,Clear,None apparent,Non-intersection:  Crossover-related,Paved,,Property Damage Only,0,0,0,0,0,0,1700,2,2,,POINT (-93.570004109531 41.962736342942)
2014789509,2014010838,02/14/2014,02-February,6-Friday,08:15,0800 Hours,District 1 (Central),,POLK,I-35,I-35,Collision with fixed object:  Concrete traffic barrier (median or right side),On Roadway,Non-collision (single vehicle),Driving too fast for conditions,None Indicated,,Daylight,Snow,Snow,"Surface condition (e.g., wet, icy)",Non-intersection:  Other non-intersection (explain in narrative),Paved,,Property Damage Only,0,0,0,0,0,0,3000,1,1,,POINT (-93.6669936657 41.650746110395)
2014786218,01-14-6540,02/14/2014,02-February,6-Friday,18:17,1800 Hours,District 6 (East Central),DUBUQUE,DUBUQUE,US 20,US 20/DODGE ST,Collision with:  Vehicle in traffic,On Roadway,Rear-end (front to rear),Lost Control,None Indicated,,Dark - roadway lighted,Dry,Cloudy,None apparent,Non-intersection:  Non-junction/no special feature,Paved,,Property Damage Only,0,0,0,0,0,0,4900,3,4,,POINT (-90.667987194205 42.491874306088)
2014786576,14-2082,02/14/2014,02-February,6-Friday,21:26,2100 Hours,District 3 (Northwest),,CLAY,,170TH AVE,Non-collision events:  Overturn/rollover,Outside trafficway,Non-collision (single vehicle),Over correcting/over steering,None Indicated,,Dark - roadway not lighted,Snow,Clear,"Surface condition (e.g., wet, icy)",Non-intersection:  Non-junction/no special feature,Unpaved,,Minor Injury,0,1,0,1,0,0,6000,1,1,,POINT (-95.250161203178 43.091083764061)
2014786286,2014001708,02/14/2014,02-February,6-Friday,17:15,1700 Hours,District 6 (East Central),IOWA CITY,JOHNSON,IA 1,IA 1/DODGE ST,Collision with:  Vehicle in traffic,On Roadway,Rear-end (front to rear),Driving too fast for conditions,None Indicated,,Daylight,Wet,Clear,None apparent,Non-intersection:  Non-junction/no special feature,Paved,,Property Damage Only,0,0,0,0,0,0,16000,3,7,,POINT (-91.51932173434 41.675973688164)
2014798036,14-001039,02/14/2014,02-February,6-Friday,20:00,2000 Hours,District 2 (Northeast),STRAWBERRY POINT,CLAYTON,IA 13,IA 13/IOWA 13,Collision with:  Animal,On Roadway,Rear-end (front to rear),Animal,None Indicated,,Dark - roadway not lighted,Dry,Clear,None apparent,Non-intersection:  Non-junction/no special feature,Paved,,Property Damage Only,0,0,0,0,0,0,2500,2,6,,POINT (-91.505032756631 42.736925131955)
2014786792,14002267,02/14/2014,02-February,6-Friday,13:08,1300 Hours,District 2 (Northeast),MASON CITY,CERRO GORDO,,VILLAGE GREEN DR SW,Collision with:  Vehicle in traffic,On Roadway,"Sideswipe, opposite direction",Crossed centerline (undivided),None Indicated,,Daylight,Ice/frost,"Blowing sand, soil, dirt","Surface condition (e.g., wet, icy)",Non-intersection:  Non-junction/no special feature,Paved,,Possible/Unknown,0,1,0,0,1,0,13000,2,2,,POINT (-93.247384727053 43.143309766803)
2014786376,14-2820,02/14/2014,02-February,6-Friday,09:54,0900 Hours,District 6 (East Central),BETTENDORF,SCOTT,US 67,US 67/GRANT ST & 14TH ST,Collision with:  Vehicle in traffic,On Roadway,Broadside (front to side),Ran Traffic Signal,None Indicated,,Daylight,Wet,Snow,None apparent,Intersection:  Four-way intersection,Paved,,Property Damage Only,0,0,0,0,0,0,8700,3,6,,POINT (-90.51303850097 41.526205621717)
2014787577,14-000711,02/14/2014,02-February,6-Friday,08:46,0800 Hours,District 1 (Central),AMES,STORY,US 30,US 30/SW RAMP CURV/SW LOOP & Co Rd R38/510TH AVE,Collision with:  Vehicle in traffic,On Roadway,"Sideswipe, opposite direction",Driving too fast for conditions,None Indicated,,Daylight,Snow,Snow,"Surface condition (e.g., wet, icy)",Intersection:  T-intersection,Paved,,Property Damage Only,0,0,0,0,0,0,5500,2,2,,POINT (-93.678660340249 42.007016457617)