Iowa DOT Case Number,Law Enforcement Case Number,Date of Crash,Month of Crash,Day of Week,Time of Crash,Hour,DOT District,City Name,County Name,Route with System,Location Description,First Harmful Event,Location of First Harmful Event,Manner of Crash/Collision,Major Cause,Drug or Alcohol ,Environmental Conditions,Light Conditions,Surface Conditions,Weather Conditions,Roadway Contribution,Roadway Type,Roadway Surface,Work Zone,Crash Severity,Number of Fatalities,Number of Injuries,Number of Major Injuries,Number of Minor Injuries,Number of Possible Injuries,Number of Unknown Injuries,Amount of Property Damage,Number of Vehicles Involved,Total Number of Occupants,Travel Direction,Location
2014786722,14S00193,02/14/2014,02-February,6-Friday,06:50,0600 Hours,District 4 (Southwest),,UNION,,Co Rd P27/HIGH AND DRY RD & 250TH ST,Collision with:  Vehicle in traffic,On Roadway,"Sideswipe, opposite direction",Crossed centerline (undivided),None Indicated,,Dark - roadway not lighted,Snow,Snow,"Surface condition (e.g., wet, icy)",Intersection:  Four-way intersection,Paved,,Property Damage Only,0,0,0,0,0,0,5000,2,2,,POINT (-94.376061502181 40.942494316553)
2014786377,14-2839,02/14/2014,02-February,6-Friday,15:11,1500 Hours,District 6 (East Central),BETTENDORF,SCOTT,US 67,US 67/STATE ST,Collision with:  Vehicle in traffic,On Roadway,Rear-end (front to rear),Followed too close,None Indicated,,Daylight,Dry,Cloudy,None apparent,Non-intersection:  Non-junction/no special feature,Paved,,Property Damage Only,0,0,0,0,0,0,3000,2,3,,POINT (-90.480263712351 41.529814790706)
2014785670,14-0453,02/14/2014,02-February,6-Friday,10:00,1000 Hours,District 1 (Central),FORT DODGE,WEBSTER,,CENTRAL AVE & S 10TH ST & N 10TH ST,Collision with:  Vehicle in traffic,On Roadway,Rear-end (front to rear),Other (explain in narrative):  Other,None Indicated,,Daylight,Snow,Cloudy,"Surface condition (e.g., wet, icy)",Non-intersection:  Non-junction/no special feature,Paved,,Property Damage Only,0,0,0,0,0,0,3000,2,3,,POINT (-94.184792361007 42.505429236669)
2014785669,14-0452,02/14/2014,02-February,6-Friday,08:40,0800 Hours,District 1 (Central),FORT DODGE,WEBSTER,,S 12TH ST,Collision with:  Vehicle in traffic,On Roadway,Rear-end (front to rear),Other (explain in narrative):  Vision obstructed,None Indicated,,Daylight,Snow,Cloudy,None apparent,Non-intersection:  Non-junction/no special feature,Paved,,Property Damage Only,0,0,0,0,0,0,2000,2,777,,POINT (-94.182662675556 42.499633551846)
2014785841,201402213,02/14/2014,02-February,6-Friday,13:58,1300 Hours,District 6 (East Central),CEDAR RAPIDS,LINN,,10TH ST NW,Collision with:  Vehicle in traffic,On Roadway,Broadside (front to side),FTYROW:  From stop sign,None Indicated,,Daylight,Wet,Clear,None apparent,Intersection:  Four-way intersection,Paved,,Property Damage Only,0,0,0,0,0,0,2800,2,2,,POINT (-91.685090488253 41.973427069586)
2014786048,14-4530,02/14/2014,02-February,6-Friday,18:34,1800 Hours,District 3 (Northwest),SIOUX CITY,WOODBURY,I-29,I-29,Collision with:  Animal,,,Animal,None Indicated,,,,,,,Paved,,Property Damage Only,0,0,0,0,0,0,4000,1,1,,POINT (-96.376733025586 42.448320703649)
2014785852,14003112,02/14/2014,02-February,6-Friday,08:50,0800 Hours,District 6 (East Central),MARION,LINN,US 151,US 151/DUBUQUE RD & IA 13/IOWA 13 & 10TH AVE,Collision with:  Vehicle in traffic,On Roadway,Rear-end (front to rear),Followed too close,None Indicated,,Daylight,Snow,Cloudy,None apparent,Intersection:  Four-way intersection,Paved,,Property Damage Only,0,0,0,0,0,0,1500,2,2,,POINT (-91.550298562772 42.035721923027)
2014785939,20140004161,02/14/2014,02-February,6-Friday,11:15,1100 Hours,District 1 (Central),DES MOINES,POLK,,PORTER AVE & FLEUR DR,Collision with:  Vehicle in traffic,On Roadway,Broadside (front to side),FTYROW:  From stop sign,None Indicated,,Daylight,Snow,Snow,"Surface condition (e.g., wet, icy)",Intersection:  Other intersection (explain in narrative),Paved,,Minor Injury,0,1,0,1,0,0,5500,2,3,,POINT (-93.645040219092 41.533777283837)
2014785762,W14-015219,02/14/2014,02-February,6-Friday,15:57,1500 Hours,District 2 (Northeast),WATERLOO,BLACK HAWK,,KIMBALL AVE,Collision with:  Vehicle in traffic,On Roadway,Broadside (front to side),FTYROW:  From driveway,None Indicated,,Daylight,Wet,Clear,None apparent,Non-intersection:  Driveway access (within),Paved,,Property Damage Only,0,0,0,0,0,0,5000,2,2,,POINT (-92.356992154434 42.47097078036)
2014786179,14-0724,02/14/2014,02-February,6-Friday,14:10,1400 Hours,District 3 (Northwest),CHEROKEE,CHEROKEE,,W CEDAR ST & N 6TH ST,Collision with:  Vehicle in traffic,On Roadway,Broadside (front to side),FTYROW:  At uncontrolled intersection,None Indicated,,Daylight,Snow,Clear,None apparent,Intersection:  Four-way intersection,Paved,,Minor Injury,0,2,0,2,0,0,22000,2,2,,POINT (-95.55649130094 42.751712109164)
2014788417,14-1670,02/14/2014,02-February,6-Friday,13:00,1300 Hours,District 3 (Northwest),,SIOUX,,GOLDFINCH AVE & 300TH ST,Collision with:  Vehicle in traffic,On Roadway,Broadside (front to side),FTYROW:  At uncontrolled intersection,None Indicated,,Daylight,Snow,Clear,None apparent,Intersection:  Four-way intersection,Unpaved,,Minor Injury,0,2,0,2,0,0,14000,2,2,,POINT (-96.216021890343 43.214897365528)
2014786095,2014011023,02/14/2014,02-February,6-Friday,15:15,1500 Hours,District 6 (East Central),,DELAWARE,US 20,US 20,Non-collision events:  Overturn/rollover,Median,Non-collision (single vehicle),Ran off road - left,None Indicated,,Daylight,Dry,Clear,None apparent,Non-intersection:  Non-junction/no special feature,Paved,,Major Injury,0,1,1,0,0,0,10000,1,1,,POINT (-91.198161869655 42.470857210797)
2014786284,2014001697,02/14/2014,02-February,6-Friday,11:56,1100 Hours,District 6 (East Central),IOWA CITY,JOHNSON,US 6,US 6 & S GILBERT ST,Collision with:  Vehicle in traffic,On Roadway,Rear-end (front to rear),Followed too close,None Indicated,,Daylight,Slush,Clear,None apparent,Intersection:  Four-way intersection,Paved,,Property Damage Only,0,0,0,0,0,0,1500,2,2,,POINT (-91.53219599434 41.645488542544)
2014785763,W14-015237,02/14/2014,02-February,6-Friday,16:53,1600 Hours,District 2 (Northeast),WATERLOO,BLACK HAWK,,E 5TH ST & FRANKLIN ST,Collision with:  Vehicle in traffic,On Roadway,Broadside (front to side),Ran Traffic Signal,None Indicated,,Daylight,Wet,Clear,None apparent,Intersection:  Four-way intersection,Paved,,Property Damage Only,0,0,0,0,0,0,3500,2,3,,POINT (-92.332099303885 42.499917311858)
2014786420,2014-9950,02/14/2014,02-February,6-Friday,17:30,1700 Hours,District 6 (East Central),DAVENPORT,SCOTT,,W 53RD ST & WARREN ST,Collision with:  Vehicle in traffic,On Roadway,"Sideswipe, same direction","Operating vehicle in an reckless, erratic, careless, negligent manner",None Indicated,,Dusk,Dry,Clear,None apparent,Non-intersection:  Non-junction/no special feature,Paved,,Property Damage Only,0,0,0,0,0,0,3000,2,4,,POINT (-90.584802213085 41.574542313361)
2014785749,14015261,02/14/2014,02-February,6-Friday,18:57,1800 Hours,District 2 (Northeast),CEDAR FALLS,BLACK HAWK,,12TH ST,Collision with:  Vehicle in traffic,On Roadway,Rear-end (front to rear),Ran off road - right,None Indicated,,Dark - roadway lighted,Snow,Cloudy,None apparent,Non-intersection:  Non-junction/no special feature,Paved,,Property Damage Only,0,0,0,0,0,0,5000,2,1,,POINT (-92.452502614501 42.527618250422)
2014786963,2014011041,02/14/2014,02-February,6-Friday,16:11,1600 Hours,District 5 (Southeast),,HENRY,,Co Rd W55/FRANKLIN AVE & 235TH ST,Collision with:  Vehicle in traffic,On Roadway,Rear-end (front to rear),Lost Control,None Indicated,,Daylight,Dry,Clear,"Surface condition (e.g., wet, icy)",Non-intersection:  Non-junction/no special feature,Paved,,Property Damage Only,0,0,0,0,0,0,4500,2,2,,POINT (-91.612386951591 40.967109656718)
2014786478,2014010849,02/14/2014,02-February,6-Friday,07:56,0700 Hours,District 4 (Southwest),,DALLAS,I-80,I-80,Collision with fixed object:  Curb/island/raised median,On Roadway,Non-collision (single vehicle),Lost Control,None Indicated,,Daylight,Snow,Snow,"Surface condition (e.g., wet, icy)",Non-intersection:  Non-junction/no special feature,Paved,,Property Damage Only,0,0,0,0,0,0,3500,1,1,,POINT (-93.912273830727 41.556566559208)
2014785472,14-2582,02/14/2014,02-February,6-Friday,07:39,0700 Hours,District 2 (Northeast),,BREMER,US 218,US 218,Non-collision events:  Overturn/rollover,Median,Non-collision (single vehicle),Ran off road - left,None Indicated,,Daylight,Ice/frost,"Blowing sand, soil, dirt","Surface condition (e.g., wet, icy)",Non-intersection:  Non-junction/no special feature,Paved,,Property Damage Only,0,0,0,0,0,0,2500,1,1,,POINT (-92.475250454946 42.682622395931)
2014787244,,02/14/2014,02-February,6-Friday,20:36,2000 Hours,District 2 (Northeast),CHARLES CITY,FLOYD,,8TH AVE & D ST,Collision with:  Vehicle in traffic,On Roadway,Broadside (front to side),FTYROW:  At uncontrolled intersection,None Indicated,,Dark - roadway lighted,Snow,Clear,None apparent,Intersection:  Four-way intersection,Paved,,Property Damage Only,0,0,0,0,0,0,15000,2,4,,POINT (-92.667926633413 43.070038472101)
2014786892,14-3082,02/14/2014,02-February,6-Friday,22:37,2200 Hours,District 6 (East Central),,SCOTT,,Co Rd Y40/70 AVE & 175 ST,Collision with fixed object:  Ditch,Outside trafficway,Non-collision (single vehicle),Ran off road - straight,None Indicated,,Dark - roadway lighted,Ice/frost,Clear,"Surface condition (e.g., wet, icy)",Intersection:  T-intersection,Paved,,Property Damage Only,0,0,0,0,0,0,2000,1,1,,POINT (-90.765180102746 41.56025974424)
2014787818,14-000186,02/14/2014,02-February,6-Friday,16:42,1600 Hours,District 1 (Central),JOHNSTON,POLK,,MERLE HAY RD,Collision with:  Vehicle in traffic,On Roadway,"Angle, oncoming left turn",FTYROW:  Making left turn,None Indicated,,Daylight,Dry,Clear,None apparent,Non-intersection:  Other non-intersection (explain in narrative),Paved,,Property Damage Only,0,0,0,0,0,0,4500,2,5,,POINT (-93.697694129501 41.657886656567)
2014787263,W14-015156,02/14/2014,02-February,6-Friday,12:21,1200 Hours,District 2 (Northeast),WATERLOO,BLACK HAWK,US 218,US 218,Collision with fixed object:  Curb/island/raised median,On Roadway,Non-collision (single vehicle),Ran off road - right,None Indicated,,Daylight,Ice/frost,Clear,"Surface condition (e.g., wet, icy)",Non-intersection:  Non-junction/no special feature,Paved,,Property Damage Only,0,0,0,0,0,0,5000,1,2,,POINT (-92.344468881083 42.49482839235)
2014786101,2014010816,02/14/2014,02-February,6-Friday,07:35,0700 Hours,District 1 (Central),,WEBSTER,US 169,US 169 & Co Rd C56/120TH ST,Collision with:  Vehicle in traffic,On Roadway,"Angle, oncoming left turn",FTYROW:  From stop sign,None Indicated,,Daylight,Snow,"Blowing sand, soil, dirt","Surface condition (e.g., wet, icy)",Intersection:  Four-way intersection,Paved,,Possible/Unknown,0,1,0,0,1,0,9000,2,4,,POINT (-94.227303342227 42.615885839983)
2014786367,S79140049,02/14/2014,02-February,6-Friday,12:28,1200 Hours,District 1 (Central),,POWESHIEK,IA 146,IA 146/IOWA 146,Collision with:  Vehicle in traffic,On Roadway,Rear-end (front to rear),Driving too fast for conditions,None Indicated,,Daylight,Snow,"Blowing sand, soil, dirt","Surface condition (e.g., wet, icy)",Non-intersection:  Driveway access (within),Paved,,Minor Injury,0,1,0,1,0,0,11500,2,2,,POINT (-92.727213357041 41.681090540789)
2014785754,W14-015330,02/14/2014,02-February,6-Friday,22:13,2200 Hours,District 2 (Northeast),WATERLOO,BLACK HAWK,US 63,US 63/SE RAMP CURV & W 7TH ST,Collision with:  Vehicle in traffic,On Roadway,Rear-end (front to rear),Followed too close,Alcohol (Statutory),,Dark - roadway lighted,Dry,Clear,None apparent,Intersection:  T-intersection,Paved,,Property Damage Only,0,0,0,0,0,0,3500,2,3,,POINT (-92.339438146631 42.490656821411)
2014786170,14000855,02/14/2014,02-February,6-Friday,12:31,1200 Hours,District 2 (Northeast),MASON CITY,CERRO GORDO,,Co Rd S36/MALLARD AVE,Collision with:  Vehicle in traffic,On Roadway,Head-on (front to front),Crossed centerline (undivided),None Indicated,,Daylight,Ice/frost,Clear,"Surface condition (e.g., wet, icy)",Non-intersection:  Non-junction/no special feature,Paved,,Possible/Unknown,0,1,0,0,1,0,12000,2,2,,POINT (-93.260707570626 43.109718981979)
2014786378,14-2842,02/14/2014,02-February,6-Friday,15:37,1500 Hours,District 6 (East Central),BETTENDORF,SCOTT,I-74,I-74,Collision with:  Vehicle in traffic,On Roadway,Rear-end (front to rear),Followed too close,None Indicated,,Daylight,Dry,Clear,None apparent,Interchange-related:  Off-ramp,Paved,,Possible/Unknown,0,1,0,0,1,0,700,2,3,,POINT (-90.515954120735 41.532068778357)
2014786375,14-2818,02/14/2014,02-February,6-Friday,09:00,0900 Hours,District 6 (East Central),BETTENDORF,SCOTT,,MIDDLE RD,Collision with fixed object:  Other fixed object (explain in narrative),Shoulder,Non-collision (single vehicle),Driving too fast for conditions,None Indicated,,Daylight,Snow,Snow,"Surface condition (e.g., wet, icy)",Non-intersection:  Non-junction/no special feature,Paved,,Property Damage Only,0,0,0,0,0,0,2500,1,1,,POINT (-90.470562867334 41.558214756277)
2014785668,14-0451,02/14/2014,02-February,6-Friday,07:42,0700 Hours,District 1 (Central),FORT DODGE,WEBSTER,,8TH AVE N & N 7TH ST,Collision with fixed object:  Utility pole/light support,On Roadway,Non-collision (single vehicle),Driving too fast for conditions,None Indicated,,Daylight,Slush,Cloudy,"Surface condition (e.g., wet, icy)",Non-intersection:  Non-junction/no special feature,Paved,,Minor Injury,0,1,0,1,0,0,4500,1,1,,POINT (-94.191486494215 42.512474326264)
2014787318,01-14-6486,02/14/2014,02-February,6-Friday,12:41,1200 Hours,District 6 (East Central),DUBUQUE,DUBUQUE,,UNIVERSITY AVE,Collision with:  Vehicle in traffic,On Roadway,Rear-end (front to rear),Lost Control,None Indicated,,Daylight,Dry,Clear,None apparent,Non-intersection:  Non-junction/no special feature,Paved,,Minor Injury,0,3,0,3,0,0,12000,3,5,,POINT (-90.711591567239 42.492699678841)
2014787580,14-000717,02/14/2014,02-February,6-Friday,13:55,1300 Hours,District 1 (Central),AMES,STORY,US 69,US 69/LINCOLN WAY & CLARK AVE & S WALNUT ST,Collision with:  Vehicle in traffic,On Roadway,Rear-end (front to rear),Followed too close,None Indicated,,Daylight,Wet,Clear,None apparent,Intersection:  Four-way intersection,Paved,,Property Damage Only,0,0,0,0,0,0,5998,2,3,,POINT (-93.616888522048 42.022928435673)
2014786046,14-4507,02/14/2014,02-February,6-Friday,15:40,1500 Hours,District 3 (Northwest),SIOUX CITY,WOODBURY,,MORNINGSIDE AVE,Collision with:  Vehicle in traffic,On Roadway,Broadside (front to side),FTYROW:  Making left turn,None Indicated,,Daylight,Dry,Clear,None apparent,Non-intersection:  Alley,Paved,,Property Damage Only,0,0,0,0,0,0,20500,3,3,,POINT (-96.366386482458 42.482338391975)
2014785468,W14-015106,02/14/2014,02-February,6-Friday,08:20,0800 Hours,District 2 (Northeast),WATERLOO,BLACK HAWK,,MORGAN RD & KIMBALL AVE,Collision with fixed object:  Traffic sign support,Outside trafficway,Non-collision (single vehicle),Ran off road - right,None Indicated,,Daylight,Snow,Cloudy,"Surface condition (e.g., wet, icy)",Intersection:  T-intersection,Paved,,Property Damage Only,0,0,0,0,0,0,2650,1,1,,POINT (-92.357040161998 42.47222286614)
2014785671,14-0454,02/14/2014,02-February,6-Friday,10:49,1000 Hours,District 1 (Central),FORT DODGE,WEBSTER,,5TH AVE S,Collision with:  Vehicle in traffic,On Roadway,"Sideswipe, same direction",Unknown,None Indicated,,Daylight,Snow,Clear,"Surface condition (e.g., wet, icy)",Non-intersection:  Non-junction/no special feature,Paved,,Property Damage Only,0,0,0,0,0,0,2000,2,3,,POINT (-94.132210145321 42.501259848349)
2014792746,14-726,02/14/2014,02-February,6-Friday,15:55,1500 Hours,District 3 (Northwest),IDA GROVE,IDA,,2ND ST & TAYLOR ST,Collision with:  Vehicle in traffic,On Roadway,Broadside (front to side),FTYROW:  From stop sign,None Indicated,,Daylight,Dry,Clear,None apparent,Intersection:  Four-way intersection,Paved,,Property Damage Only,0,0,0,0,0,0,2500,2,3,,POINT (-95.472628550145 42.345102483983)
2014785948,20140004199,02/14/2014,02-February,6-Friday,17:41,1700 Hours,District 1 (Central),DES MOINES,POLK,,E 36TH CT,Collision with fixed object:  Other fixed object (explain in narrative),Outside trafficway,Non-collision (single vehicle),Ran off road - right,None Indicated,,Dark - roadway lighted,Snow,Cloudy,"Surface condition (e.g., wet, icy)",Non-intersection:  Non-junction/no special feature,Paved,,Property Damage Only,0,0,0,0,0,0,1600,1,1,,POINT (-93.544983954703 41.60557872187)
2014786178,14-0722,02/14/2014,02-February,6-Friday,11:58,1100 Hours,District 3 (Northwest),CHEROKEE,CHEROKEE,,E MAIN ST,Collision with:  Vehicle in traffic,On Roadway,Unknown,Unknown,None Indicated,,Daylight,Snow,Clear,None apparent,Non-intersection:  Driveway access (within),Paved,,Property Damage Only,0,0,0,0,0,0,1600,2,2,,POINT (-95.548109130568 42.749620824268)
2014786929,14-1660,02/14/2014,02-February,6-Friday,08:10,0800 Hours,District 3 (Northwest),,SIOUX,US 75,US 75,Collision with:  Parked motor vehicle,Roadside,Unknown,Illegally Parked/Unattended,None Indicated,,Daylight,Snow,Cloudy,Ruts/holes/bumps,Non-intersection:  Non-junction/no special feature,Paved,,Property Damage Only,0,0,0,0,0,0,14000,2,1,,POINT (-96.17728633407 43.182540382874)
2014786447,14-000723,02/14/2014,02-February,6-Friday,17:33,1700 Hours,District 1 (Central),AMES,STORY,,MARKET ST & LINCOLN WAY ALLEY,Collision with:  Vehicle in traffic,On Roadway,Broadside (front to side),FTYROW:  Other (explain in narrative),None Indicated,,Daylight,Snow,Clear,None apparent,Non-intersection:  Alley,Paved,,Property Damage Only,0,0,0,0,0,0,4750,2,2,,POINT (-93.612834428562 42.023391475317)
2014785831,14000548,02/14/2014,02-February,6-Friday,15:49,1500 Hours,District 5 (Southeast),,KEOKUK,IA 22,IA 22/IOWA 22,Collision with fixed object:  Ditch,On Roadway,Non-collision (single vehicle),Swerving/Evasive Action,None Indicated,,Daylight,Snow,Clear,None apparent,Non-intersection:  Non-junction/no special feature,Paved,,Property Damage Only,0,0,0,0,0,0,5000,1,1,,POINT (-92.0280394403 41.460726426914)
2014787655,2014010803,02/14/2014,02-February,6-Friday,06:52,0600 Hours,District 1 (Central),GRIMES,POLK,IA 141,IA 141/IOWA 141,Collision with:  Vehicle in traffic,On Roadway,"Sideswipe, same direction",Driving too fast for conditions,None Indicated,,Daylight,Snow,Snow,"Surface condition (e.g., wet, icy)",Non-intersection:  Non-junction/no special feature,Paved,,Property Damage Only,0,0,0,0,0,0,5500,3,5,,POINT (-93.775099636063 41.654706603839)
2014785596,14-0773,02/14/2014,02-February,6-Friday,07:36,0700 Hours,District 1 (Central),WEST DES MOINES,POLK,,GRAND AVE & RAILROAD AVE & E P TRUE PKWY,Collision with:  Vehicle in traffic,On Roadway,"Angle, oncoming left turn",FTYROW:  Making left turn,None Indicated,,Daylight,Snow,Snow,None apparent,Intersection:  Four-way intersection,Paved,,Possible/Unknown,0,1,0,0,1,0,10500,2,2,,POINT (-93.731709424402 41.570944944275)
2014787576,14-000710,02/14/2014,02-February,6-Friday,08:38,0800 Hours,District 1 (Central),AMES,STORY,,E 13TH ST,Collision with fixed object:  Other fixed object (explain in narrative),On Roadway,Non-collision (single vehicle),Driving too fast for conditions,None Indicated,,Daylight,Snow,Snow,"Surface condition (e.g., wet, icy)",Non-intersection:  Non-junction/no special feature,Paved,,Property Damage Only,0,0,0,0,0,0,2250,1,1,,POINT (-93.608411229161 42.03455613147)
2014789508,2014010793,02/14/2014,02-February,6-Friday,06:00,0600 Hours,District 1 (Central),ALTOONA,POLK,I-80,I-80,Non-collision events:  Overturn/rollover,On Roadway,Non-collision (single vehicle),Swerving/Evasive Action,None Indicated,,Daylight,Snow,Snow,"Surface condition (e.g., wet, icy)",Non-intersection:  Non-junction/no special feature,Paved,,Property Damage Only,0,0,0,0,0,0,3000,1,2,,POINT (-93.484332374693 41.661803000852)
2014785944,20140004185,02/14/2014,02-February,6-Friday,14:53,1400 Hours,District 1 (Central),DES MOINES,POLK,,INDIANA AVE & MAINE ST,Collision with:  Vehicle in traffic,On Roadway,Broadside (front to side),FTYROW:  At uncontrolled intersection,None Indicated,,Daylight,Snow,Clear,"Surface condition (e.g., wet, icy)",Intersection:  Four-way intersection,Paved,,Property Damage Only,0,0,0,0,0,0,2500,2,3,,POINT (-93.618370423162 41.601955801459)
2014787656,2014010850,02/14/2014,02-February,6-Friday,07:56,0700 Hours,District 4 (Southwest),,DALLAS,I-80,I-80,Collision with fixed object:  Guardrail - face,Roadside,Non-collision (single vehicle),Driving too fast for conditions,None Indicated,,Daylight,Snow,Snow,"Surface condition (e.g., wet, icy)",Non-intersection:  Non-junction/no special feature,Paved,,Property Damage Only,0,0,0,0,0,0,3000,1,1,,POINT (-94.143471155195 41.517741431221)
2014785970,20140004144,02/14/2014,02-February,6-Friday,08:35,0800 Hours,District 1 (Central),DES MOINES,POLK,,INDIANA AVE & 4TH ST,Collision with:  Vehicle in traffic,On Roadway,Broadside (front to side),Ran Stop Sign,None Indicated,,Daylight,Snow,Snow,"Surface condition (e.g., wet, icy)",Intersection:  Four-way intersection,Paved,,Property Damage Only,0,0,0,0,0,0,5000,2,2,,POINT (-93.623377344916 41.602253021908)
2014788263,14-001073,02/14/2014,02-February,6-Friday,12:06,1200 Hours,District 5 (Southeast),COLUMBUS JUNCTION,LOUISA,,E MEADOW LN,Collision with:  Vehicle in traffic,On Roadway,Rear-end (front to rear),FTYROW:  From driveway,None Indicated,,Daylight,Wet,Cloudy,None apparent,Non-intersection:  Driveway access (within),Paved,,Property Damage Only,0,0,0,0,0,0,2643,2,2,,POINT (-91.366709057787 41.26551737295)
2014785947,20140004197,02/14/2014,02-February,6-Friday,18:00,1800 Hours,District 1 (Central),DES MOINES,POLK,US 69,US 69/SE 14TH ST,Collision with:  Vehicle in traffic,On Roadway,"Angle, oncoming left turn",FTYROW:  Making left turn,None Indicated,,Dark - roadway lighted,Wet,Clear,None apparent,Intersection:  Four-way intersection,Paved,,Property Damage Only,0,0,0,0,0,0,6500,2,3,,POINT (-93.596839831728 41.554799432495)
2014785667,14-0450,02/14/2014,02-February,6-Friday,07:40,0700 Hours,District 1 (Central),FORT DODGE,WEBSTER,,8TH AVE N & N 7TH ST,Collision with fixed object:  Other fixed object (explain in narrative),On Roadway,Non-collision (single vehicle),Driving too fast for conditions,None Indicated,,Daylight,Slush,Cloudy,"Surface condition (e.g., wet, icy)",Non-intersection:  Non-junction/no special feature,Paved,,Property Damage Only,0,0,0,0,0,0,1550,1,1,,POINT (-94.191486494215 42.512474326264)
2014785844,21402225,02/14/2014,02-February,6-Friday,17:59,1700 Hours,District 6 (East Central),CEDAR RAPIDS,LINN,IA 100,IA 100/COLLINS RD NE,Collision with:  Vehicle in traffic,On Roadway,Rear-end (front to rear),Driver Distraction:  Reaching for object(s)/fallen object(s),None Indicated,,Dark - roadway lighted,Dry,Clear,None apparent,Intersection:  Four-way intersection,Paved,,Property Damage Only,0,0,0,0,0,0,10100,3,4,,POINT (-91.634500581132 42.027973544794)
2014786020,14-005983,02/14/2014,02-February,6-Friday,10:33,1000 Hours,District 4 (Southwest),COUNCIL BLUFFS,POTTAWATTAMIE,,AVE H,Collision with:  Parked motor vehicle,On Roadway,Broadside (front to side),FTYROW:  From driveway,None Indicated,,Daylight,Wet,Cloudy,None apparent,Non-intersection:  Driveway access (within),Paved,,Property Damage Only,0,0,0,0,0,0,2000,2,777,,POINT (-95.887634833014 41.269256820687)
2014786419,2014-9944,02/14/2014,02-February,6-Friday,16:45,1600 Hours,District 6 (East Central),DAVENPORT,SCOTT,US 6,US 6/E KIMBERLY RD,Collision with:  Vehicle in traffic,On Roadway,Rear-end (front to rear),Driver Distraction:  Reaching for object(s)/fallen object(s),None Indicated,,Daylight,Dry,Cloudy,None apparent,Non-intersection:  Non-junction/no special feature,Paved,,Possible/Unknown,0,1,0,0,1,0,4400,3,5,,POINT (-90.55662360988 41.556861548699)
2014785931,20140004212,02/14/2014,02-February,6-Friday,21:49,2100 Hours,District 1 (Central),DES MOINES,POLK,,FLEUR DR,Collision with:  Vehicle in traffic,On Roadway,Broadside (front to side),FTYROW:  From driveway,None Indicated,,Dark - roadway lighted,Dry,Cloudy,None apparent,Non-intersection:  Driveway access (within),Paved,,Minor Injury,0,1,0,1,0,0,3000,2,3,,POINT (-93.645010399337 41.547666739063)
2014786012,14-0111,02/14/2014,02-February,6-Friday,12:55,1200 Hours,District 1 (Central),WINDSOR HEIGHTS,POLK,,73RD ST,Collision with:  Vehicle in traffic,On Roadway,Rear-end (front to rear),Followed too close,None Indicated,,Daylight,Wet,Clear,"Surface condition (e.g., wet, icy)",Non-intersection:  Non-junction/no special feature,Paved,,Property Damage Only,0,0,0,0,0,0,10000,3,4,,POINT (-93.714231231669 41.592501086894)
2014785816,PD1401338,02/14/2014,02-February,6-Friday,13:11,1300 Hours,District 5 (Southeast),FAIRFIELD,JEFFERSON,,W GRIMES AVE & N 16TH ST,Collision with:  Vehicle in traffic,On Roadway,Broadside (front to side),Ran Stop Sign,None Indicated,,Daylight,Snow,Snow,"Surface condition (e.g., wet, icy)",Intersection:  T-intersection,Paved,,Possible/Unknown,0,1,0,0,1,0,8000,2,2,,POINT (-91.981333684188 41.010064357921)
2014785832,201402229,02/14/2014,02-February,6-Friday,19:16,1900 Hours,District 6 (East Central),CEDAR RAPIDS,LINN,,COUNCIL ST NE,Collision with:  Vehicle in traffic,On Roadway,"Sideswipe, same direction",Made improper turn,None Indicated,,Dark - roadway lighted,Dry,Clear,None apparent,Non-intersection:  Non-junction/no special feature,Paved,,Property Damage Only,0,0,0,0,0,0,4000,2,3,,POINT (-91.658307579921 42.029218022844)
2014787285,14002243,02/14/2014,02-February,6-Friday,02:13,0200 Hours,District 2 (Northeast),MASON CITY,CERRO GORDO,US 65,US 65,Collision with fixed object:  Ditch,Outside trafficway,Non-collision (single vehicle),Crossed centerline (undivided),Alcohol (Statutory),,Dark - roadway lighted,Snow,Snow,None apparent,Non-intersection:  Non-junction/no special feature,Paved,,Property Damage Only,0,0,0,0,0,0,6000,1,1,,POINT (-93.201236552026 43.114395506019)
2014786528,,02/14/2014,02-February,6-Friday,08:12,0800 Hours,District 5 (Southeast),SEYMOUR,WAYNE,,MATKINS ST & 8TH ST,Collision with:  Vehicle in traffic,Shoulder,Broadside (front to side),Ran Stop Sign,None Indicated,,Daylight,Snow,"Sleet, hail",Other (explain in narrative),Intersection:  Four-way intersection,Unpaved,,Property Damage Only,0,0,0,0,0,0,11500,2,3,,POINT (-93.124995168626 40.686103189062)
2014785473,021414-7,02/14/2014,02-February,6-Friday,01:23,0100 Hours,District 3 (Northwest),,BUENA VISTA,,Co Rd M27/20TH AVE,Collision with fixed object:  Ditch,On Roadway,Non-collision (single vehicle),Ran off road - right,Alcohol (Statutory),,Dark - roadway not lighted,Dry,Cloudy,None apparent,Non-intersection:  Non-junction/no special feature,Paved,,Minor Injury,0,1,0,1,0,0,5000,1,1,,POINT (-95.367872224955 42.907094684499)