Iowa DOT Case Number,Law Enforcement Case Number,Date of Crash,Month of Crash,Day of Week,Time of Crash,Hour,DOT District,City Name,County Name,Route with System,Location Description,First Harmful Event,Location of First Harmful Event,Manner of Crash/Collision,Major Cause,Drug or Alcohol ,Environmental Conditions,Light Conditions,Surface Conditions,Weather Conditions,Roadway Contribution,Roadway Type,Roadway Surface,Work Zone,Crash Severity,Number of Fatalities,Number of Injuries,Number of Major Injuries,Number of Minor Injuries,Number of Possible Injuries,Number of Unknown Injuries,Amount of Property Damage,Number of Vehicles Involved,Total Number of Occupants,Travel Direction,Location
2014785968,20140004139,02/14/2014,02-February,6-Friday,07:41,0700 Hours,District 1 (Central),DES MOINES,POLK,,E WASHINGTON AVE,Collision with fixed object:  Utility pole/light support,Roadside,Non-collision (single vehicle),Swerving/Evasive Action,None Indicated,,Daylight,Snow,Snow,"Surface condition (e.g., wet, icy)",Non-intersection:  Non-junction/no special feature,Paved,,Possible/Unknown,0,1,0,0,1,0,5100,1,1,,POINT (-93.586466349561 41.607734485335)
2014786599,14-3784,02/14/2014,02-February,6-Friday,22:15,2200 Hours,District 1 (Central),NEWTON,JASPER,,Co Rd F48/HWY F-48 W,Non-collision events:  Other non-collision (explain in narrative),Shoulder,Non-collision (single vehicle),Driving too fast for conditions,None Indicated,,Dark - roadway not lighted,Snow,Cloudy,"Surface condition (e.g., wet, icy)",Non-intersection:  Non-junction/no special feature,Paved,,Property Damage Only,0,0,0,0,0,0,1500,1,3,,POINT (-93.169123930445 41.695593190499)
2014785857,2014001327,02/14/2014,02-February,6-Friday,08:55,0800 Hours,District 1 (Central),MARSHALLTOWN,MARSHALL,,E CHURCH ST,Collision with:  Vehicle in traffic,On Roadway,"Sideswipe, same direction",Made improper turn,None Indicated,,Daylight,Snow,Cloudy,None apparent,Non-intersection:  Non-junction/no special feature,Paved,,Property Damage Only,0,0,0,0,0,0,2500,2,4,,POINT (-92.910108645906 42.047923080791)
2014785956,20140004142,02/14/2014,02-February,6-Friday,08:04,0800 Hours,District 1 (Central),DES MOINES,POLK,,E 16TH ST,Collision with:  Parked motor vehicle,On Roadway,"Sideswipe, same direction",Followed too close,None Indicated,,Daylight,Snow,Snow,None apparent,Non-intersection:  Non-junction/no special feature,Paved,,Possible/Unknown,0,1,0,0,0,1,2500,2,2,,POINT (-93.5924257032 41.594039950583)
2014786629,14003116,02/14/2014,02-February,6-Friday,09:23,0900 Hours,District 6 (East Central),MARION,LINN,,31ST ST,Collision with:  Vehicle in traffic,On Roadway,Rear-end (front to rear),Lost Control,None Indicated,,Daylight,Ice/frost,Cloudy,"Surface condition (e.g., wet, icy)",Non-intersection:  Non-junction/no special feature,Paved,,Property Damage Only,0,0,0,0,0,0,5500,2,2,,POINT (-91.579532929318 42.034178171615)
2014787200,2014010867,02/14/2014,02-February,6-Friday,07:45,0700 Hours,District 1 (Central),,POLK,I-35,I-35,Collision with fixed object:  Tree,Gore,Non-collision (single vehicle),Driving too fast for conditions,None Indicated,,Daylight,Snow,Snow,"Surface condition (e.g., wet, icy)",Interchange-related:  On-ramp,Paved,,Property Damage Only,0,0,0,0,0,0,3000,1,2,,POINT (-93.578724306691 41.650548896138)
2014785575,14-1004,02/14/2014,02-February,6-Friday,10:50,1000 Hours,District 1 (Central),,POLK,IA 163,IA 163/NE UNIVERSITY AVE & Co Rd S27/NE 112TH ST,Collision with:  Vehicle in traffic,On Roadway,"Sideswipe, opposite direction",FTYROW:  Other (explain in narrative),None Indicated,,Daylight,Snow,Snow,None apparent,Intersection:  Four-way intersection,Paved,,Property Damage Only,0,0,0,0,0,0,3000,2,2,,POINT (-93.366971832398 41.600736283112)
2014785764,W14-015284,02/14/2014,02-February,6-Friday,08:01,0800 Hours,District 2 (Northeast),WATERLOO,BLACK HAWK,US 63,US 63/E MULLAN AVE,Collision with:  Vehicle in traffic,On Roadway,Broadside (front to side),Ran Stop Sign,Alcohol (Statutory),,Dark - roadway lighted,Wet,Cloudy,None apparent,Intersection:  Four-way intersection,Paved,,Property Damage Only,0,0,0,0,0,0,5500,2,4,,POINT (-92.341146111325 42.50183388505)
2014790777,14-001050,02/14/2014,02-February,6-Friday,15:26,1500 Hours,District 4 (Southwest),PERRY,DALLAS,IA 141,IA 141/IOWA 141,Collision with:  Vehicle in traffic,On Roadway,"Sideswipe, same direction",FTYROW:  Other (explain in narrative),None Indicated,,Daylight,Dry,Clear,None apparent,Non-intersection:  Non-junction/no special feature,Paved,,Property Damage Only,0,0,0,0,0,0,1800,2,2,,POINT (-94.09513701733 41.831600948023)
2014785779,14-042,02/14/2014,02-February,6-Friday,09:25,0900 Hours,District 2 (Northeast),WAVERLY,BREMER,IA 3,IA 3/BREMER AVE & 3RD ST SE & 3RD ST NE,Collision with:  Vehicle in traffic,On Roadway,Broadside (front to side),Ran Traffic Signal,None Indicated,,Daylight,Snow,Clear,"Surface condition (e.g., wet, icy)",Intersection:  Four-way intersection,Paved,,Property Damage Only,0,0,0,0,0,0,6500,2,3,,POINT (-92.466873825585 42.725819245021)
2014787579,14-000715,02/14/2014,02-February,6-Friday,12:25,1200 Hours,District 1 (Central),AMES,STORY,,LINCOLN WAY & S FRANKLIN AVE,Collision with:  Vehicle in traffic,On Roadway,Rear-end (front to rear),Driving too fast for conditions,None Indicated,,Daylight,Snow,Cloudy,"Surface condition (e.g., wet, icy)",Intersection:  Four-way intersection,Paved,,Property Damage Only,0,0,0,0,0,0,2500,2,3,,POINT (-93.66479248073 42.022805087228)
2014789263,14-000200,02/14/2014,02-February,6-Friday,17:15,1700 Hours,District 1 (Central),AMES,STORY,,LINCOLN WAY & LYNN AVE & MORRILL RD,Collision with:  Vehicle in traffic,On Roadway,Rear-end (front to rear),Unknown,None Indicated,,Daylight,Slush,Clear,None apparent,Intersection:  Four-way intersection,Paved,,Property Damage Only,0,0,0,0,0,0,1800,2,4,,POINT (-93.646420084325 42.022774927449)
2014785566,2014001333,02/14/2014,02-February,6-Friday,11:45,1100 Hours,District 1 (Central),MARSHALLTOWN,MARSHALL,,S 2ND ST,Collision with:  Vehicle in traffic,On Roadway,Head-on (front to front),Driving too fast for conditions,None Indicated,,Daylight,Snow,Clear,None apparent,Non-intersection:  Non-junction/no special feature,Paved,,Property Damage Only,0,0,0,0,0,0,10000,2,2,,POINT (-92.915643769253 42.010810999307)
2014785949,20140004200,02/14/2014,02-February,6-Friday,18:27,1800 Hours,District 1 (Central),DES MOINES,POLK,,LELAND AVE,Collision with:  Vehicle in traffic,On Roadway,Broadside (front to side),Other (explain in narrative):  Other,None Indicated,,Dark - roadway lighted,Ice/frost,Clear,"Surface condition (e.g., wet, icy)",Intersection:  Four-way intersection,Paved,,Property Damage Only,0,0,0,0,0,0,2582,2,3,,POINT (-93.619981705461 41.528276516878)
2014797990,140941PD,02/14/2014,02-February,6-Friday,10:35,1000 Hours,District 1 (Central),BOONE,BOONE,,W 6TH ST,Collision with:  Vehicle in traffic,On Roadway,Broadside (front to side),FTYROW:  At uncontrolled intersection,None Indicated,,Daylight,Snow,Cloudy,"Surface condition (e.g., wet, icy)",Intersection:  Four-way intersection,Paved,,Property Damage Only,0,0,0,0,0,0,3000,2,2,,POINT (-93.906761347822 42.062173103018)
2014786185,CL14000447,02/14/2014,02-February,6-Friday,12:02,1200 Hours,District 6 (East Central),CLINTON,CLINTON,US 30,US 30/LINCOLN WAY/CAMANCHE AVE & S 14TH ST,Collision with:  Vehicle in traffic,On Roadway,Rear-end (front to rear),FTYROW:  Other (explain in narrative),None Indicated,,Daylight,Dry,Cloudy,None apparent,Intersection:  Four-way intersection,Paved,,Property Damage Only,0,0,0,0,0,0,4000,2,3,,POINT (-90.218725497479 41.818817323624)
2014785502,14-05104,02/14/2014,02-February,6-Friday,12:36,1200 Hours,District 5 (Southeast),BURLINGTON,DES MOINES,,SUNNYSIDE AVE,Collision with:  Vehicle in traffic,On Roadway,"Sideswipe, opposite direction",Crossed centerline (undivided),None Indicated,,Daylight,Snow,Cloudy,"Surface condition (e.g., wet, icy)",Non-intersection:  Non-junction/no special feature,Paved,,Property Damage Only,0,0,0,0,0,0,3000,2,4,,POINT (-91.12730721544 40.833132513145)
2014786955,2014010842,02/14/2014,02-February,6-Friday,08:10,0800 Hours,District 6 (East Central),TIFFIN,JOHNSON,I-80,I-80,Collision with fixed object:  Guardrail - face,On Roadway,Non-collision (single vehicle),Swerving/Evasive Action,None Indicated,,Daylight,Snow,Snow,"Surface condition (e.g., wet, icy)",Non-intersection:  Non-junction/no special feature,Paved,,Property Damage Only,0,0,0,0,0,0,2500,1,1,,POINT (-91.641918061005 41.694339839564)
2014786477,2014010811,02/14/2014,02-February,6-Friday,07:19,0700 Hours,District 4 (Southwest),WEST DES MOINES,DALLAS,I-80,I-80,Collision with:  Vehicle in traffic,On Roadway,Rear-end (front to rear),Lost Control,None Indicated,,Daylight,Snow,Snow,"Surface condition (e.g., wet, icy)",Non-intersection:  Non-junction/no special feature,Paved,,Possible/Unknown,0,3,0,0,3,0,4500,2,3,,POINT (-93.861730336188 41.565693485806)
2014785673,14-0459,02/14/2014,02-February,6-Friday,14:20,1400 Hours,District 1 (Central),FORT DODGE,WEBSTER,,KENYON RD & AVE C,Collision with:  Vehicle in traffic,On Roadway,Rear-end (front to rear),Other (explain in narrative):  Other,None Indicated,,Daylight,Slush,Clear,None apparent,Non-intersection:  Non-junction/no special feature,Paved,,Property Damage Only,0,0,0,0,0,0,2500,2,3,,POINT (-94.189961958765 42.492425461273)
2014793240,SA1401033,02/14/2014,02-February,6-Friday,07:36,0700 Hours,District 5 (Southeast),,WASHINGTON,,Co Rd W55/WAYLAND RD,Collision with fixed object:  Guardrail - face,On Roadway,Non-collision (single vehicle),Other (explain in narrative):  No improper action,None Indicated,,Daylight,Snow,Snow,"Surface condition (e.g., wet, icy)",Non-intersection:  Other non-intersection (explain in narrative),Paved,,Property Damage Only,0,0,0,0,0,0,6000,1,1,,POINT (-91.662743959628 41.211130549853)
2014785851,14003108,02/14/2014,02-February,6-Friday,07:42,0700 Hours,District 6 (East Central),MARION,LINN,,W 33RD AVE & HAWTHORNE ST,Collision with:  Vehicle in traffic,On Roadway,"Sideswipe, same direction",FTYROW:  From driveway,None Indicated,,Daylight,Snow,Snow,None apparent,Non-intersection:  Driveway access (within),Paved,,Property Damage Only,0,0,0,0,0,0,2300,2,2,,POINT (-91.61091713805 42.054223146933)
2014786050,14-4555,02/14/2014,02-February,6-Friday,20:13,2000 Hours,District 3 (Northwest),SIOUX CITY,WOODBURY,I-29,I-29 & IA 12/RIVERSIDE BLVD,Collision with:  Vehicle in traffic,On Roadway,Rear-end (front to rear),Followed too close,None Indicated,,Dark - roadway lighted,Dry,Clear,None apparent,"Interchange-related:  Off-ramp, diverge area",Paved,,Property Damage Only,0,0,0,0,0,0,3000,2,3,,POINT (-96.467312697534 42.493859217517)
2014785748,14015194,02/14/2014,02-February,6-Friday,14:45,1400 Hours,District 2 (Northeast),CEDAR FALLS,BLACK HAWK,,CLAIR ST & CYPRESS AVE,Collision with:  Vehicle in traffic,On Roadway,Broadside (front to side),FTYROW:  From driveway,None Indicated,,Daylight,Snow,Clear,None apparent,Non-intersection:  Driveway access (within),Paved,,Possible/Unknown,0,1,0,0,1,0,7500,2,4,,POINT (-92.45814672824 42.553599736056)
2014785806,14-05126,02/14/2014,02-February,6-Friday,15:47,1500 Hours,District 5 (Southeast),BURLINGTON,DES MOINES,,COLUMBIA ST & CENTRAL AVE,Collision with:  Vehicle in traffic,On Roadway,"Sideswipe, same direction",Other (explain in narrative):  Other,None Indicated,,Daylight,Wet,Clear,None apparent,Non-intersection:  Non-junction/no special feature,Paved,,Property Damage Only,0,0,0,0,0,0,5000,2,3,,POINT (-91.110991659493 40.813382564949)
2014786317,14-001807,02/14/2014,02-February,6-Friday,08:24,0800 Hours,District 4 (Southwest),GLENWOOD,MILLS,,S LOCUST ST & TOWNSEND ST,Collision with:  Vehicle in traffic,On Roadway,Rear-end (front to rear),Driving too fast for conditions,None Indicated,,Daylight,Ice/frost,Cloudy,"Surface condition (e.g., wet, icy)",Intersection:  Four-way intersection,Paved,,Possible/Unknown,0,1,0,0,1,0,3000,2,3,,POINT (-95.744503713105 41.040768757374)
2014786078,2014010885,02/14/2014,02-February,6-Friday,09:34,0900 Hours,District 6 (East Central),,JOHNSON,I-80,I-80,Non-collision events:  Overturn/rollover,On Roadway,Non-collision (single vehicle),Driving too fast for conditions,None Indicated,,Daylight,Snow,Snow,"Surface condition (e.g., wet, icy)",Non-intersection:  Non-junction/no special feature,Paved,,Possible/Unknown,0,5,0,0,5,0,5000,1,5,,POINT (-91.373269008989 41.667595047036)
2014786092,2014010789,02/14/2014,02-February,6-Friday,04:00,0400 Hours,District 4 (Southwest),,MILLS,I-29,I-29,Collision with fixed object:  Tree,Outside trafficway,Non-collision (single vehicle),Crossed centerline (undivided),None Indicated,,Dark - roadway not lighted,Wet,Cloudy,None apparent,Non-intersection:  Non-junction/no special feature,Paved,,Property Damage Only,0,0,0,0,0,0,10500,1,1,,POINT (-95.829307156376 41.085956238355)
2014786093,2014010799,02/14/2014,02-February,6-Friday,06:32,0600 Hours,District 2 (Northeast),,WINNESHIEK,,Co Rd W14/CO RD W14,Collision with fixed object:  Ditch,Roadside,Non-collision (single vehicle),Ran off road - left,None Indicated,,Dark - roadway not lighted,Ice/frost,Clear,"Surface condition (e.g., wet, icy)",Non-intersection:  Non-junction/no special feature,Paved,,Property Damage Only,0,0,0,0,0,0,7000,1,1,,POINT (-91.953623709991 43.227047559139)
2014785736,,02/14/2014,02-February,6-Friday,10:15,1000 Hours,District 4 (Southwest),EXIRA,AUDUBON,,MAIN ST & EDGERTON ST,Collision with:  Parked motor vehicle,Roadside,Unknown,Other (explain in narrative):  No improper action,None Indicated,,Daylight,Ice/frost,Cloudy,"Surface condition (e.g., wet, icy)",Non-intersection:  Non-junction/no special feature,Paved,,Property Damage Only,0,0,0,0,0,0,4000,3,1,,POINT (-94.87388786125 41.590209544917)
2014787077,201400438,02/14/2014,02-February,6-Friday,13:40,1300 Hours,District 6 (East Central),ELY,LINN,,DOWS ST,Collision with:  Vehicle in traffic,On Roadway,Rear-end (front to rear),FTYROW:  From parked position,None Indicated,,Daylight,Wet,Cloudy,None apparent,Non-intersection:  Non-junction/no special feature,Paved,,Property Damage Only,0,0,0,0,0,0,2000,2,2,,POINT (-91.58584991377 41.873247986711)
2014785950,20140004204,02/14/2014,02-February,6-Friday,18:30,1800 Hours,District 5 (Southeast),DES MOINES,WARREN,,CO LINE RD,Collision with:  Animal,On Roadway,Non-collision (single vehicle),Animal,None Indicated,,Dark - roadway lighted,Wet,Cloudy,None apparent,Non-intersection:  Non-junction/no special feature,Paved,,Property Damage Only,0,0,0,0,0,0,3000,1,1,,POINT (-93.622199255737 41.512015268604)
2014786415,2014-9910,02/14/2014,02-February,6-Friday,13:19,1300 Hours,District 6 (East Central),DAVENPORT,SCOTT,US 6,US 6/E KIMBERLY RD,Collision with:  Vehicle in traffic,On Roadway,Rear-end (front to rear),Other (explain in narrative):  Other,None Indicated,,Daylight,Dry,Cloudy,None apparent,Non-intersection:  Non-junction/no special feature,Paved,,Property Damage Only,0,0,0,0,0,0,4500,2,2,,POINT (-90.558624770579 41.556895071668)
2014791690,,02/14/2014,02-February,6-Friday,08:09,0800 Hours,District 5 (Southeast),,MUSCATINE,IA 22,IA 22/IOWA 22,Non-collision events:  Overturn/rollover,On Roadway,Non-collision (single vehicle),Ran off road - right,None Indicated,,Dawn,Snow,Snow,None apparent,Non-intersection:  Non-junction/no special feature,Paved,,Possible/Unknown,0,1,0,0,1,0,5000,1,1,,POINT (-91.173876253693 41.443923307044)
2014785860,2014001341,02/14/2014,02-February,6-Friday,14:11,1400 Hours,District 1 (Central),MARSHALLTOWN,MARSHALL,IA 14,IA 14/3RD AVE,Collision with:  Vehicle in traffic,On Roadway,"Sideswipe, same direction",Made improper turn,None Indicated,,Daylight,Snow,Clear,None apparent,Non-intersection:  Non-junction/no special feature,Paved,,Property Damage Only,0,0,0,0,0,0,3000,2,4,,POINT (-92.907983343447 42.046921664687)
2014786954,2014010833,02/14/2014,02-February,6-Friday,08:15,0800 Hours,District 6 (East Central),,JOHNSON,I-380,I-380,Collision with:  Vehicle in traffic,On Roadway,"Sideswipe, same direction",Driving too fast for conditions,None Indicated,,Daylight,Snow,Snow,"Surface condition (e.g., wet, icy)",Interchange-related:  On-ramp merge area,Paved,,Property Damage Only,0,0,0,0,0,0,2000,2,2,,POINT (-91.667988530847 41.851641609572)
2014792355,14021518,02/14/2014,02-February,6-Friday,09:16,0900 Hours,District 6 (East Central),,JOHNSON,,Co Rd F62/500TH ST & BLACK HAWK AVE,Collision with:  Vehicle in traffic,On Roadway,"Angle, oncoming left turn",Swerving/Evasive Action,None Indicated,,Daylight,Snow,Snow,None apparent,Non-intersection:  Driveway access (within),Paved,,Property Damage Only,0,0,0,0,0,0,13500,2,2,,POINT (-91.803808919305 41.569167333735)
2014786414,2014-9904,02/14/2014,02-February,6-Friday,12:44,1200 Hours,District 6 (East Central),DAVENPORT,SCOTT,,W CENTRAL PARK AVE & N LINCOLN AVE,Non-collision events:  Other non-collision (explain in narrative),On Roadway,Non-collision (single vehicle),Ran Traffic Signal,None Indicated,,Daylight,Wet,Clear,None apparent,Intersection:  T-intersection,Paved,,Possible/Unknown,0,1,0,0,1,0,200,1,1,,POINT (-90.612954647018 41.545481455406)
2014785873,14-1010,02/14/2014,02-February,6-Friday,15:22,1500 Hours,District 1 (Central),GRIMES,POLK,IA 44,IA 44/1ST ST & S EWING ST & N EWING ST,Collision with:  Vehicle in traffic,On Roadway,"Angle, oncoming left turn",FTYROW:  From stop sign,None Indicated,,Daylight,Dry,Clear,None apparent,Intersection:  Four-way intersection,Paved,,Property Damage Only,0,0,0,0,0,0,15000,2,4,,POINT (-93.793588056265 41.688384019264)
2014793602,,02/14/2014,02-February,6-Friday,07:16,0700 Hours,District 2 (Northeast),DECORAH,WINNESHIEK,,W PEARL ST & S MECHANIC ST,Collision with:  Parked motor vehicle,On Roadway,"Sideswipe, same direction",Unknown,None Indicated,,Daylight,Slush,Clear,None apparent,Non-intersection:  Non-junction/no special feature,Paved,,Property Damage Only,0,0,0,0,0,0,4500,2,1,,POINT (-91.790898275448 43.298452160992)
2014787247,,02/14/2014,02-February,6-Friday,10:30,1000 Hours,District 6 (East Central),DE WITT,CLINTON,,10TH ST,Collision with:  Parked motor vehicle,On Roadway,"Sideswipe, same direction",Over correcting/over steering,None Indicated,,Daylight,Dry,Cloudy,None apparent,Non-intersection:  Non-junction/no special feature,Paved,,Property Damage Only,0,0,0,0,0,0,2500,2,1,,POINT (-90.537579091194 41.825226532078)
2014785840,201402206,02/14/2014,02-February,6-Friday,11:06,1100 Hours,District 6 (East Central),CEDAR RAPIDS,LINN,,33RD AVE SW,Collision with:  Vehicle in traffic,On Roadway,Rear-end (front to rear),Driving too fast for conditions,None Indicated,,Daylight,Snow,Cloudy,"Surface condition (e.g., wet, icy)",Intersection:  Four-way intersection,Paved,,Property Damage Only,0,0,0,0,0,0,3200,2,3,,POINT (-91.675714193072 41.94304851856)
2014786930,14-1663,02/14/2014,02-February,6-Friday,09:15,0900 Hours,District 3 (Northwest),,SIOUX,,Co Rd B40/400TH ST & IRONWOOD AVE,Collision with fixed object:  Ditch,On Roadway,Non-collision (single vehicle),Driving too fast for conditions,None Indicated,,Daylight,Ice/frost,Clear,None apparent,Non-intersection:  Non-junction/no special feature,Paved,,Property Damage Only,0,0,0,0,0,0,2500,1,1,,POINT (-96.076819432022 43.070217594368)
2014785858,2014001329,02/14/2014,02-February,6-Friday,09:43,0900 Hours,District 1 (Central),MARSHALLTOWN,MARSHALL,,S 6TH ST & S 3RD ST,Collision with:  Vehicle in traffic,On Roadway,Broadside (front to side),Other (explain in narrative):  No improper action,None Indicated,,Daylight,Snow,Cloudy,None apparent,Intersection:  T-intersection,Paved,,Property Damage Only,0,0,0,0,0,0,4000,2,2,,POINT (-92.92111732261 42.037879809069)
2014786458,14001637,02/14/2014,02-February,6-Friday,16:40,1600 Hours,District 1 (Central),,TAMA,US 63,US 63,Non-collision events:  Overturn/rollover,On Roadway,Non-collision (single vehicle),Ran off road - right,None Indicated,,Daylight,Snow,"Blowing sand, soil, dirt","Surface condition (e.g., wet, icy)",Non-intersection:  Non-junction/no special feature,Paved,,Property Damage Only,0,0,0,0,0,0,6000,1,1,,POINT (-92.465678215306 42.20501154538)
2014790912,14-001297,02/14/2014,02-February,6-Friday,08:11,0800 Hours,District 6 (East Central),INDEPENDENCE,BUCHANAN,,1ST ST E & 6TH AVE SE & 6TH AVE NE,Collision with:  Vehicle in traffic,On Roadway,Rear-end (front to rear),"Operating vehicle in an reckless, erratic, careless, negligent manner",None Indicated,,Daylight,Snow,Cloudy,None apparent,Intersection:  Four-way intersection,Paved,,Property Damage Only,0,0,0,0,0,0,1600,2,2,,POINT (-91.887900046369 42.468720870752)
2014785590,20140004163,02/14/2014,02-February,6-Friday,11:35,1100 Hours,District 1 (Central),DES MOINES,POLK,,BUCHANAN ST & E 9TH ST,Collision with fixed object:  Traffic sign support,Roadside,Non-collision (single vehicle),Ran off road - right,None Indicated,,Daylight,Snow,Cloudy,"Surface condition (e.g., wet, icy)",Intersection:  Other intersection (explain in narrative),Paved,,Property Damage Only,0,0,0,0,0,0,1500,1,1,,POINT (-93.606496700191 41.597515436915)
2014785833,201402236,02/14/2014,02-February,6-Friday,21:25,2100 Hours,District 6 (East Central),CEDAR RAPIDS,LINN,,COTTAGE GROVE AVE SE & EASTERN BLVD SE,Collision with:  Vehicle in traffic,On Roadway,Rear-end (front to rear),Driver Distraction:  Manual operation of an electronic communication device,None Indicated,,Dark - roadway lighted,Wet,Cloudy,None apparent,Non-intersection:  Non-junction/no special feature,Paved,,Property Damage Only,0,0,0,0,0,0,7000,2,2,,POINT (-91.63083127846 41.995182640751)
2014786213,01-14-6503,02/14/2014,02-February,6-Friday,07:15,0700 Hours,District 6 (East Central),DUBUQUE,DUBUQUE,IA 946,IA 946/IOWA 946,Collision with:  Vehicle in traffic,On Roadway,"Sideswipe, same direction",FTYROW:  From driveway,None Indicated,,Daylight,Dry,Clear,None apparent,Non-intersection:  Other non-intersection (explain in narrative),Paved,,Property Damage Only,0,0,0,0,0,0,6500,2,2,,POINT (-90.664591678134 42.48796890108)
2014786956,2014010846,02/14/2014,02-February,6-Friday,08:20,0800 Hours,District 4 (Southwest),,ADAIR,I-80,I-80,Collision with:  Vehicle in traffic,On Roadway,"Sideswipe, same direction",Swerving/Evasive Action,None Indicated,,Daylight,Snow,Snow,"Surface condition (e.g., wet, icy)",Non-intersection:  Non-junction/no special feature,Paved,,Property Damage Only,0,0,0,0,0,0,9500,2,2,,POINT (-94.570215019445 41.496790485425)
2014785782,14001322,02/14/2014,02-February,6-Friday,19:19,1900 Hours,District 6 (East Central),,BUCHANAN,US 20,US 20/SW RAMP,Collision with fixed object:  Traffic sign support,Roadside,Non-collision (single vehicle),Ran off road - straight,None Indicated,,Dark - roadway not lighted,Dry,Clear,None apparent,Non-intersection:  Non-junction/no special feature,Paved,,Property Damage Only,0,0,0,0,0,0,3700,1,2,,POINT (-92.060547371025 42.449165455689)
2014785788,021414-093,02/14/2014,02-February,6-Friday,15:52,1500 Hours,District 3 (Northwest),STORM LAKE,BUENA VISTA,IA 7,IA 7/W MILWAUKEE AVE & LAKE AVE,Collision with:  Vehicle in traffic,On Roadway,Rear-end (front to rear),Other (explain in narrative):  No improper action,None Indicated,,Daylight,Ice/frost,Clear,None apparent,Non-intersection:  Non-junction/no special feature,Paved,,Property Damage Only,0,0,0,0,0,0,8500,2,2,,POINT (-95.200868439971 42.647476299584)
2014786898,2014-9973,02/14/2014,02-February,6-Friday,18:22,1800 Hours,District 6 (East Central),DAVENPORT,SCOTT,,W LOCUST ST & RIPLEY ST,Collision with:  Vehicle in traffic,On Roadway,Rear-end (front to rear),Unknown,None Indicated,,Dark - roadway lighted,Dry,Clear,None apparent,Non-intersection:  Non-junction/no special feature,Paved,,Property Damage Only,0,0,0,0,0,0,1500,2,3,,POINT (-90.578455685222 41.538311148339)
2014786258,SO1400516,02/14/2014,02-February,6-Friday,20:29,2000 Hours,District 5 (Southeast),,JEFFERSON,,Co Rd W40/VETCH BLVD,Collision with:  Animal,,,Animal,None Indicated,,,,,,,Paved,,Property Damage Only,0,0,0,0,0,0,1500,1,1,,POINT (-91.775387640493 41.050640501237)
2014787280,021414-079,02/14/2014,02-February,6-Friday,13:15,1300 Hours,District 3 (Northwest),STORM LAKE,BUENA VISTA,IA 7,IA 7/FLINDT RD & RUSSELL ST,Collision with:  Vehicle in traffic,On Roadway,Rear-end (front to rear),Driving too fast for conditions,None Indicated,,Daylight,Slush,Clear,"Surface condition (e.g., wet, icy)",Non-intersection:  Non-junction/no special feature,Paved,,Property Damage Only,0,0,0,0,0,0,2500,2,2,,POINT (-95.191033382249 42.646692363823)
2014786959,2014010883,02/14/2014,02-February,6-Friday,08:40,0800 Hours,District 6 (East Central),,JOHNSON,I-380,I-380 & Co Rd W60/HWY 965 NE/HWY 965 NW,Collision with fixed object:  Guardrail - face,On Roadway,Non-collision (single vehicle),Other (explain in narrative):  No improper action,None Indicated,,Daylight,Wet,Cloudy,None apparent,Non-intersection:  Other non-intersection (explain in narrative),Paved,,Property Damage Only,0,0,0,0,0,0,3000,1,1,,POINT (-91.64644276224 41.800520066127)
2014786382,2014-9900,02/14/2014,02-February,6-Friday,12:04,1200 Hours,District 6 (East Central),DAVENPORT,SCOTT,,W LOCUST ST,Collision with:  Vehicle in traffic,On Roadway,Rear-end (front to rear),Other (explain in narrative):  Other,None Indicated,,Daylight,Dry,Cloudy,None apparent,Non-intersection:  Non-junction/no special feature,Paved,,Property Damage Only,0,0,0,0,0,0,6500,3,3,,POINT (-90.583252153174 41.538268005799)
2014786242,14-001545,02/14/2014,02-February,6-Friday,07:03,0700 Hours,District 2 (Northeast),,FAYETTE,,Co Rd V68/W AVE,Collision with fixed object:  Mailbox,On Roadway,Non-collision (single vehicle),Crossed centerline (undivided),None Indicated,,Dawn,Ice/frost,Snow,None apparent,Non-intersection:  Non-junction/no special feature,Paved,,Property Damage Only,0,0,0,0,0,0,2200,1,1,,POINT (-92.042416717079 42.943325488743)
2014786329,14-000703,02/14/2014,02-February,6-Friday,07:40,0700 Hours,District 1 (Central),ANKENY,POLK,,NE HAYES DR,Collision with:  Vehicle in traffic,On Roadway,"Sideswipe, same direction",FTYROW:  From driveway,None Indicated,,Daylight,Snow,Clear,"Surface condition (e.g., wet, icy)",Non-intersection:  Driveway access (within),Paved,,Property Damage Only,0,0,0,0,0,0,1500,2,2,,POINT (-93.584120678056 41.732044848143)
2014785945,20140004190,02/14/2014,02-February,6-Friday,16:23,1600 Hours,District 1 (Central),DES MOINES,POLK,,E DOUGLAS AVE & BOWDOIN ST,Collision with:  Vehicle in traffic,On Roadway,Broadside (front to side),FTYROW:  From stop sign,None Indicated,,Daylight,Snow,Cloudy,"Surface condition (e.g., wet, icy)",Intersection:  Four-way intersection,Paved,,Property Damage Only,0,0,0,0,0,0,3400,2,6,,POINT (-93.612679256993 41.629530322083)