Iowa DOT Case Number,Law Enforcement Case Number,Date of Crash,Month of Crash,Day of Week,Time of Crash,Hour,DOT District,City Name,County Name,Route with System,Location Description,First Harmful Event,Location of First Harmful Event,Manner of Crash/Collision,Major Cause,Drug or Alcohol ,Environmental Conditions,Light Conditions,Surface Conditions,Weather Conditions,Roadway Contribution,Roadway Type,Roadway Surface,Work Zone,Crash Severity,Number of Fatalities,Number of Injuries,Number of Major Injuries,Number of Minor Injuries,Number of Possible Injuries,Number of Unknown Injuries,Amount of Property Damage,Number of Vehicles Involved,Total Number of Occupants,Travel Direction,Location
2014785967,20140004257,02/15/2014,02-February,7-Saturday,12:25,1200 Hours,District 1 (Central),DES MOINES,POLK,US 69,US 69/SE 14TH ST & PIONEER RD,Collision with:  Vehicle in traffic,On Roadway,Rear-end (front to rear),FTYROW:  Making left turn,None Indicated,,Daylight,Snow,Snow,"Surface condition (e.g., wet, icy)",Non-intersection:  Driveway access (within),Paved,,Property Damage Only,0,0,0,0,0,0,3500,2,3,,POINT (-93.596895875552 41.566103302631)
2014785888,14-000742,02/15/2014,02-February,7-Saturday,14:59,1400 Hours,District 1 (Central),ANKENY,POLK,I-35,I-35,Collision with:  Vehicle in traffic,On Roadway,"Sideswipe, same direction",Driving too fast for conditions,None Indicated,,Daylight,Ice/frost,Clear,"Surface condition (e.g., wet, icy)",Non-intersection:  Non-junction/no special feature,Paved,,Property Damage Only,0,0,0,0,0,0,3500,2,3,,POINT (-93.575644843068 41.65806732184)
2014786198,141137,02/15/2014,02-February,7-Saturday,12:00,1200 Hours,District 4 (Southwest),,DALLAS,I-80,I-80,Collision with:  Vehicle in traffic,On Roadway,Rear-end (front to rear),Ran off road - right,None Indicated,,Daylight,Ice/frost,Snow,"Surface condition (e.g., wet, icy)",Non-intersection:  Non-junction/no special feature,Paved,,Possible/Unknown,0,1,0,0,1,0,8000,2,5,,POINT (-93.939034209357 41.551253036792)
2014804962,,02/15/2014,02-February,7-Saturday,13:36,1300 Hours,District 2 (Northeast),NEW HAMPTON,CHICKASAW,US 63,US 63,,On Roadway,Rear-end (front to rear),Followed too close,None Indicated,,Daylight,,Snow,,,Paved,,Property Damage Only,0,0,0,0,0,0,7000,2,5,,POINT (-92.298216071303 43.198353228833)
2014786455,14000756,02/15/2014,02-February,7-Saturday,22:01,2200 Hours,District 1 (Central),AMES,STORY,,7TH ST & E 7TH ST & DUFF AVE,Collision with:  Vehicle in traffic,On Roadway,"Angle, oncoming left turn",FTYROW:  Making left turn,None Indicated,,Dark - roadway lighted,Snow,Cloudy,None apparent,Intersection:  Four-way intersection,Paved,,Property Damage Only,0,0,0,0,0,0,5000,2,5,,POINT (-93.61048666259 42.027979324882)
2014785835,201402245,02/15/2014,02-February,7-Saturday,00:08,0000 Hours,District 6 (East Central),CEDAR RAPIDS,LINN,I-380,I-380,Collision with fixed object:  Concrete traffic barrier (median or right side),On Roadway,Non-collision (single vehicle),Lost Control,Alcohol (Statutory),,Dark - roadway lighted,Wet,Cloudy,None apparent,Non-intersection:  Other non-intersection (explain in narrative),Paved,,Possible/Unknown,0,1,0,0,1,0,4000,1,1,,POINT (-91.666538608633 41.982165455911)
2014787692,S14-15516,02/15/2014,02-February,7-Saturday,12:56,1200 Hours,District 2 (Northeast),,BLACK HAWK,I-380,I-380 & JUBILEE RD,Collision with fixed object:  Ditch,On Roadway,Non-collision (single vehicle),Ran off road - right,None Indicated,,Daylight,Snow,Snow,"Surface condition (e.g., wet, icy)",Non-intersection:  Non-junction/no special feature,Paved,,Minor Injury,0,3,0,1,2,0,6000,1,3,,POINT (-92.124450711462 42.384513636937)
2014788514,14022330,02/15/2014,02-February,7-Saturday,18:59,1800 Hours,District 6 (East Central),CORALVILLE,JOHNSON,,BOSTON WAY,Collision with:  Vehicle in traffic,On Roadway,Rear-end (front to rear),FTYROW:  From driveway,None Indicated,,Dusk,Snow,Snow,"Surface condition (e.g., wet, icy)",Non-intersection:  Driveway access (within),Paved,,Property Damage Only,0,0,0,0,0,0,5000,2,4,,POINT (-91.599497944287 41.687147562396)
2014786490,2014011282,02/15/2014,02-February,7-Saturday,11:50,1100 Hours,District 1 (Central),,POLK,I-35,I-35,Collision with fixed object:  Culvert/pipe opening,Outside trafficway,Non-collision (single vehicle),Driving too fast for conditions,None Indicated,,Daylight,Snow,"Blowing sand, soil, dirt","Surface condition (e.g., wet, icy)",Non-intersection:  Non-junction/no special feature,Paved,,Possible/Unknown,0,1,0,0,1,0,3000,1,1,,POINT (-93.571070605628 41.844183928337)
2014785800,1400304,02/15/2014,02-February,7-Saturday,15:52,1500 Hours,District 5 (Southeast),BLOOMFIELD,DAVIS,,ARKANSAS AVE,Collision with:  Vehicle in traffic,On Roadway,Broadside (front to side),Followed too close,None Indicated,,Daylight,Snow,Clear,"Surface condition (e.g., wet, icy)",Non-intersection:  Driveway access (within),Paved,,Property Damage Only,0,0,0,0,0,0,6000,3,3,,POINT (-92.406850767988 40.756535848004)
2014785978,20140004294,02/15/2014,02-February,7-Saturday,16:43,1600 Hours,District 1 (Central),DES MOINES,POLK,IA 28,IA 28/63RD ST & CLARK ST & SUNSET TER,Collision with:  Vehicle in traffic,On Roadway,Unknown,Driving too fast for conditions,None Indicated,,Dusk,Snow,Clear,"Surface condition (e.g., wet, icy)",Non-intersection:  Non-junction/no special feature,Paved,,Property Damage Only,0,0,0,0,0,0,3800,2,3,,POINT (-93.703769411536 41.605824227807)
2014786024,14-006195,02/15/2014,02-February,7-Saturday,18:15,1800 Hours,District 4 (Southwest),COUNCIL BLUFFS,POTTAWATTAMIE,,5TH AVE,Collision with:  Vehicle in traffic,On Roadway,Head-on (front to front),Crossed centerline (undivided),None Indicated,,Dark - roadway not lighted,Dry,Clear,None apparent,Non-intersection:  Non-junction/no special feature,Paved,,Possible/Unknown,0,1,0,0,1,0,4000,3,8,,POINT (-95.889753178223 41.257207210648)
2014798022,140973PD,02/15/2014,02-February,7-Saturday,14:30,1400 Hours,District 1 (Central),BOONE,BOONE,,UNION ST & S MARSHALL ST,Collision with:  Vehicle in traffic,On Roadway,Broadside (front to side),FTYROW:  From stop sign,None Indicated,,Daylight,Snow,Cloudy,"Surface condition (e.g., wet, icy)",Intersection:  Four-way intersection,Paved,,Property Damage Only,0,0,0,0,0,0,1700,2,2,,POINT (-93.878569008927 42.055529471269)
2014786905,2014-10138,02/15/2014,02-February,7-Saturday,16:22,1600 Hours,District 6 (East Central),DAVENPORT,SCOTT,,S CONCORD ST,Collision with fixed object:  Utility pole/light support,On Roadway,Non-collision (single vehicle),Driving too fast for conditions,None Indicated,,Daylight,Snow,Snow,None apparent,Non-intersection:  Non-junction/no special feature,Paved,,Property Damage Only,0,0,0,0,0,0,3000,1,2,,POINT (-90.62080742656 41.509834608552)
2014785876,14-1026,02/15/2014,02-February,7-Saturday,10:41,1000 Hours,District 1 (Central),GRIMES,POLK,I-35,I-35 & IA 141/IOWA 141,Collision with:  Vehicle in traffic,On Roadway,Rear-end (front to rear),Swerving/Evasive Action,None Indicated,,Daylight,Snow,Snow,None apparent,Non-intersection:  Non-junction/no special feature,Paved,,Property Damage Only,0,0,0,0,0,0,8000,2,2,,POINT (-93.774573668197 41.64990034854)
2014792281,2014-10103,02/15/2014,02-February,7-Saturday,13:48,1300 Hours,District 6 (East Central),DAVENPORT,SCOTT,,W 4TH ST & MARQUETTE ST,Collision with:  Vehicle in traffic,On Roadway,"Angle, oncoming left turn",FTYROW:  Making left turn,None Indicated,,Daylight,Dry,Cloudy,None apparent,Intersection:  Other intersection (explain in narrative),Paved,,Possible/Unknown,0,2,0,0,2,0,3500,2,3,,POINT (-90.590886009486 41.523468595414)
2014786177,14002327,02/15/2014,02-February,7-Saturday,17:49,1700 Hours,District 2 (Northeast),MASON CITY,CERRO GORDO,IA 122,IA 122/6TH ST SW,Collision with:  Vehicle in traffic,On Roadway,"Sideswipe, same direction",Improper or erratic lane changing,None Indicated,,Dark - roadway lighted,Snow,Cloudy,None apparent,Non-intersection:  Non-junction/no special feature,Paved,,Property Damage Only,0,0,0,0,0,0,1700,2,4,,POINT (-93.203075019181 43.146251527535)
2014786222,01-14-6618,02/15/2014,02-February,7-Saturday,12:00,1200 Hours,District 6 (East Central),DUBUQUE,DUBUQUE,,JOHN F KENNEDY RD,Collision with:  Vehicle in traffic,On Roadway,Rear-end (front to rear),Lost Control,None Indicated,,Daylight,Dry,Cloudy,None apparent,Non-intersection:  Driveway access (within),Paved,,Property Damage Only,0,0,0,0,0,0,3000,2,5,,POINT (-90.720426440477 42.507077108684)
2014788757,2014001723,02/15/2014,02-February,7-Saturday,00:20,0000 Hours,District 6 (East Central),IOWA CITY,JOHNSON,,BOWERY ST & JOHNSON ST,Collision with:  Vehicle in traffic,On Roadway,Broadside (front to side),Driving too fast for conditions,Alcohol (Statutory),,Dark - roadway lighted,Slush,Clear,None apparent,Intersection:  Four-way intersection,Paved,,Property Damage Only,0,0,0,0,0,0,6000,2,5,,POINT (-91.527316586847 41.654108737192)
2014785864,2014001373,02/15/2014,02-February,7-Saturday,17:07,1700 Hours,District 1 (Central),MARSHALLTOWN,MARSHALL,,LINCOLN WAY,Collision with:  Vehicle in traffic,On Roadway,Rear-end (front to rear),FTYROW:  From driveway,None Indicated,,Daylight,Slush,Clear,None apparent,Non-intersection:  Other non-intersection (explain in narrative),Paved,,Property Damage Only,0,0,0,0,0,0,7500,2,4,,POINT (-92.958790611179 42.034864289568)
2014787582,14-000744,02/15/2014,02-February,7-Saturday,14:20,1400 Hours,District 1 (Central),AMES,STORY,,LINCOLN WAY & S DAKOTA AVE & N DAKOTA AVE,Collision with:  Vehicle in traffic,On Roadway,"Angle, oncoming left turn",FTYROW:  Making left turn,None Indicated,,Daylight,Slush,Clear,None apparent,Intersection:  Four-way intersection,Paved,,Property Damage Only,0,0,0,0,0,0,4999,2,5,,POINT (-93.678745003073 42.022930578945)
2014787080,201400449,02/15/2014,02-February,7-Saturday,15:37,1500 Hours,District 6 (East Central),,LINN,US 151,US 151/DUBUQUE RD & Co Rd X28/LINN-JONES RD,Collision with fixed object:  Traffic sign support,Roadside,Non-collision (single vehicle),Driving too fast for conditions,None Indicated,,Daylight,Snow,Snow,None apparent,Intersection:  Four-way intersection,Paved,,Property Damage Only,0,0,0,0,0,0,2000,1,1,,POINT (-91.364801568847 42.070298110922)
2014785981,20140004236,02/15/2014,02-February,7-Saturday,07:25,0700 Hours,District 1 (Central),DES MOINES,POLK,US 69,US 69/SE 14TH ST & E HARTFORD AVE,Collision with:  Vehicle in traffic,On Roadway,Rear-end (front to rear),Followed too close,None Indicated,,Daylight,Dry,Cloudy,None apparent,Non-intersection:  Non-junction/no special feature,Paved,,Major Injury,0,1,1,0,0,0,11000,2,2,,POINT (-93.596941364262 41.569742010266)
2014793851,2014-03005,02/15/2014,02-February,7-Saturday,15:37,1500 Hours,District 5 (Southeast),INDIANOLA,WARREN,,W CLINTON AVE & N F ST,Collision with:  Vehicle in traffic,On Roadway,Broadside (front to side),FTYROW:  From stop sign,None Indicated,,Daylight,Snow,Snow,None apparent,Intersection:  Four-way intersection,Paved,,Property Damage Only,0,0,0,0,0,0,10000,2,2,,POINT (-93.57088847308 41.363432554909)
2014785773,201400603,02/15/2014,02-February,7-Saturday,12:15,1200 Hours,District 1 (Central),,BOONE,US 30,US 30/220TH ST,Collision with:  Vehicle in traffic,On Roadway,Rear-end (front to rear),Followed too close,None Indicated,,Daylight,Snow,Snow,None apparent,Non-intersection:  Non-junction/no special feature,Paved,,Property Damage Only,0,0,0,0,0,0,4500,2,5,,POINT (-93.799591608498 42.034230099817)
2014785847,201402280,02/15/2014,02-February,7-Saturday,16:57,1600 Hours,District 6 (East Central),CEDAR RAPIDS,LINN,,E AVE NW,Collision with:  Vehicle in traffic,On Roadway,"Sideswipe, opposite direction",Traveling wrong way or on wrong side of road,None Indicated,,Daylight,Snow,Cloudy,None apparent,Non-intersection:  Non-junction/no special feature,Paved,,Property Damage Only,0,0,0,0,0,0,3500,2,3,,POINT (-91.675498068296 41.977955105028)
2014785887,14-000741,02/15/2014,02-February,7-Saturday,13:00,1300 Hours,District 1 (Central),ANKENY,POLK,I-35,I-35,Collision with:  Vehicle in traffic,On Roadway,Rear-end (front to rear),Other (explain in narrative):  Other,None Indicated,,Daylight,Snow,Snow,"Surface condition (e.g., wet, icy)",Non-intersection:  Non-junction/no special feature,Paved,,Property Damage Only,0,0,0,0,0,0,3500,2,3,,POINT (-93.570453068713 41.767826307832)
2014806798,32017-14,02/15/2014,02-February,7-Saturday,18:15,1800 Hours,District 3 (Northwest),,EMMET,IA 15,IA 15/IOWA 15,Non-collision events:  Overturn/rollover,On Roadway,Non-collision (single vehicle),Driving too fast for conditions,Refused,,Dark - roadway not lighted,Snow,"Blowing sand, soil, dirt",None apparent,Non-intersection:  Non-junction/no special feature,Paved,,Minor Injury,0,1,0,1,0,0,10000,1,3,,POINT (-94.458967338857 43.399718090666)
2014787028,,02/15/2014,02-February,7-Saturday,07:55,0700 Hours,District 5 (Southeast),FORT MADISON,LEE,,AVE G & 23RD ST,Collision with:  Vehicle in traffic,On Roadway,Broadside (front to side),Lost Control,None Indicated,,Daylight,Snow,Snow,"Surface condition (e.g., wet, icy)",Intersection:  Four-way intersection,Paved,,Property Damage Only,0,0,0,0,0,0,2000,2,3,,POINT (-91.338140684249 40.631240074973)
2014786293,2014001757,02/15/2014,02-February,7-Saturday,18:19,1800 Hours,District 6 (East Central),IOWA CITY,JOHNSON,,LOWER MUSCATINE RD & FAIR MEADOWS BLVD,Collision with:  Vehicle in traffic,On Roadway,Broadside (front to side),FTYROW:  From yield sign,None Indicated,,Dark - roadway lighted,Snow,Snow,"Surface condition (e.g., wet, icy)",Intersection:  Other intersection (explain in narrative),Paved,,Property Damage Only,0,0,0,0,0,0,2000,2,4,,POINT (-91.502612987276 41.639081306573)
2014785836,201402272,02/15/2014,02-February,7-Saturday,13:45,1300 Hours,District 6 (East Central),CEDAR RAPIDS,LINN,,NORTHGATE DR NE & SIERRA DR NE,Collision with:  Vehicle in traffic,On Roadway,Broadside (front to side),Ran Stop Sign,None Indicated,,Daylight,Snow,Snow,None apparent,Intersection:  T-intersection,Paved,,Property Damage Only,0,0,0,0,0,0,6200,2,3,,POINT (-91.668203506947 42.00479089499)
2014786676,20140004252,02/15/2014,02-February,7-Saturday,11:30,1100 Hours,District 1 (Central),DES MOINES,POLK,,E CRESTON AVE,Collision with:  Vehicle in traffic,On Roadway,Rear-end (front to rear),Illegally Parked/Unattended,None Indicated,,Daylight,Snow,Cloudy,"Surface condition (e.g., wet, icy)",Non-intersection:  Non-junction/no special feature,Paved,,Property Damage Only,0,0,0,0,0,0,2000,3,2,,POINT (-93.610341885472 41.561141755518)
2014785896,14-000735,02/15/2014,02-February,7-Saturday,11:32,1100 Hours,District 1 (Central),ANKENY,POLK,I-35,I-35,Collision with:  Vehicle in traffic,On Roadway,"Sideswipe, same direction",Driving too fast for conditions,None Indicated,,Daylight,Snow,Cloudy,"Surface condition (e.g., wet, icy)",Non-intersection:  Non-junction/no special feature,Paved,,Property Damage Only,0,0,0,0,0,0,2500,2,2,,POINT (-93.577070393314 41.730252042648)
2014786596,14-3842,02/15/2014,02-February,7-Saturday,17:05,1700 Hours,District 1 (Central),REASNOR,JASPER,,Co Rd S74/HWY S-74 S,Collision with fixed object:  Bridge overhead structure,On Roadway,Non-collision (single vehicle),Driving too fast for conditions,None Indicated,,Daylight,Snow,Snow,"Surface condition (e.g., wet, icy)",Non-intersection:  Other non-intersection (explain in narrative),Paved,,Property Damage Only,0,0,0,0,0,0,3500,1,1,,POINT (-93.037092344621 41.601315973075)
2014786976,2014011341,02/15/2014,02-February,7-Saturday,20:15,2000 Hours,District 5 (Southeast),MOUNT PLEASANT,HENRY,US 34,US 34/E WASHINGTON ST,Non-collision events:  Overturn/rollover,Median,Non-collision (single vehicle),Ran off road - right,None Indicated,,Dark - roadway lighted,Wet,Cloudy,None apparent,Non-intersection:  Non-junction/no special feature,Paved,,Property Damage Only,0,0,0,0,0,0,50000,1,1,,POINT (-91.52100620216 40.959884074628)
2014786190,CL14000462,02/15/2014,02-February,7-Saturday,20:38,2000 Hours,District 6 (East Central),CLINTON,CLINTON,US 67,US 67/N 2ND ST & IA 136/IOWA 136 & 19TH AVE N,Collision with:  Vehicle in traffic,On Roadway,Broadside (front to side),Ran Traffic Signal,None Indicated,,Dark - roadway lighted,Snow,Cloudy,None apparent,Intersection:  Four-way intersection,Paved,,Possible/Unknown,0,2,0,0,2,0,16000,3,3,,POINT (-90.182163763851 41.866250154425)
2014787206,2014011246,02/15/2014,02-February,7-Saturday,13:30,1300 Hours,District 1 (Central),,JASPER,I-80,I-80,Collision with fixed object:  Guardrail - face,Median,Non-collision (single vehicle),Driving too fast for conditions,None Indicated,,Daylight,Ice/frost,Snow,Obstruction in roadway,Non-intersection:  Other non-intersection (explain in narrative),Paved,,Property Damage Only,0,0,0,0,0,0,10000,1,2,,POINT (-93.248689554123 41.691701589377)
2014785932,20140004243,02/15/2014,02-February,7-Saturday,09:49,0900 Hours,District 1 (Central),DES MOINES,POLK,,MLK JR PKWY & INGERSOLL AVE,Collision with:  Vehicle in traffic,On Roadway,"Sideswipe, same direction",Swerving/Evasive Action,None Indicated,,Daylight,Snow,Snow,"Surface condition (e.g., wet, icy)",Intersection:  Four-way intersection,Paved,,Property Damage Only,0,0,0,0,0,0,3500,3,5,,POINT (-93.64478917386 41.585723737841)
2014786381,2014-10064,02/15/2014,02-February,7-Saturday,06:07,0600 Hours,District 6 (East Central),DAVENPORT,SCOTT,,ROCKINGHAM RD & S PINE ST,Collision with fixed object:  Utility pole/light support,On Roadway,Non-collision (single vehicle),Lost Control,None Indicated,,Dawn,Dry,Clear,None apparent,Non-intersection:  Non-junction/no special feature,Paved,,Minor Injury,0,1,0,1,0,0,5500,1,1,,POINT (-90.607438663311 41.516906395886)
2014787011,,02/15/2014,02-February,7-Saturday,13:08,1300 Hours,District 2 (Northeast),CALMAR,WINNESHIEK,US 52,US 52/MARYVILLE ST,Collision with:  Vehicle in traffic,Shoulder,"Sideswipe, opposite direction",Crossed centerline (undivided),None Indicated,,Daylight,Snow,Snow,"Shoulders (none, low, soft, high)",Non-intersection:  Non-junction/no special feature,Paved,,Property Damage Only,0,0,0,0,0,0,4500,2,2,,POINT (-91.864097404813 43.187446565558)
2014786932,14-1708,02/15/2014,02-February,7-Saturday,10:58,1000 Hours,District 3 (Northwest),,SIOUX,US 18,US 18/320TH ST,Collision with fixed object:  Ditch,On Roadway,Non-collision (single vehicle),Lost Control,None Indicated,,Daylight,Snow,Clear,"Surface condition (e.g., wet, icy)",Non-intersection:  Non-junction/no special feature,Paved,,Property Damage Only,0,0,0,0,0,0,13000,1,1,,POINT (-96.103335928787 43.18586873887)
2014786595,14-3825,02/15/2014,02-February,7-Saturday,13:00,1300 Hours,District 1 (Central),,JASPER,I-80,I-80,Collision with:  Vehicle in traffic,On Roadway,"Sideswipe, same direction",Unknown,None Indicated,,Daylight,Snow,Snow,None apparent,Non-intersection:  Non-junction/no special feature,Paved,,Property Damage Only,0,0,0,0,0,0,6000,2,2,,POINT (-92.980463523962 41.681799911388)
2014786290,2014001742,02/15/2014,02-February,7-Saturday,08:20,0800 Hours,District 6 (East Central),IOWA CITY,JOHNSON,,BOWERY ST & VAN BUREN ST,Collision with:  Vehicle in traffic,On Roadway,Broadside (front to side),FTYROW:  From stop sign,None Indicated,,Daylight,Snow,Clear,None apparent,Intersection:  Four-way intersection,Paved,,Property Damage Only,0,0,0,0,0,0,5500,2,2,,POINT (-91.528781720772 41.654109490156)
2014786261,SO1400528,02/15/2014,02-February,7-Saturday,18:07,1800 Hours,District 5 (Southeast),,JEFFERSON,,Co Rd V63/PACKWOOD RD,Collision with:  Vehicle in traffic,On Roadway,Head-on (front to front),Crossed centerline (undivided),None Indicated,,Dark - roadway not lighted,Snow,Cloudy,"Surface condition (e.g., wet, icy)",Non-intersection:  Non-junction/no special feature,Paved,,Minor Injury,0,2,0,1,1,0,13000,2,2,,POINT (-92.090328965325 41.026956414704)
2014789266,14-000206,02/15/2014,02-February,7-Saturday,00:52,0000 Hours,District 1 (Central),,STORY,US 65,US 65,Collision with:  Non-motorist (see non-motorist section - NOT a unit),On Roadway,Non-collision (single vehicle),Other (explain in narrative):  No improper action,None Indicated,,Dark - roadway not lighted,Snow,Cloudy,None apparent,Non-intersection:  Non-junction/no special feature,Paved,,Fatal,1,0,0,0,0,0,1500,1,1,,POINT (-93.309539999352 42.115423064854)
2014787076,201400448,02/15/2014,02-February,7-Saturday,13:57,1300 Hours,District 6 (East Central),,LINN,US 151,US 151/WILLIAMS BLVD & DEAN RD SW,Collision with:  Vehicle in traffic,On Roadway,Unknown,Made improper turn,None Indicated,,Daylight,Snow,Snow,None apparent,Intersection:  T-intersection,Paved,,Property Damage Only,0,0,0,0,0,0,3500,2,3,,POINT (-91.7477734654 41.942272007368)
2014787075,201400447,02/15/2014,02-February,7-Saturday,14:05,1400 Hours,District 6 (East Central),,LINN,US 151,US 151/WILLIAMS BLVD & DEAN RD SW,Collision with:  Vehicle in traffic,On Roadway,Head-on (front to front),Crossed centerline (undivided),None Indicated,,Daylight,Snow,Snow,None apparent,Non-intersection:  Non-junction/no special feature,Paved,,Possible/Unknown,0,1,0,0,1,0,13500,2,3,,POINT (-91.7477734654 41.942272007368)
2014786608,14-004264,02/15/2014,02-February,7-Saturday,22:13,2200 Hours,District 5 (Southeast),,LEE,,162 ST,Collision with fixed object:  Ditch,On Roadway,Non-collision (single vehicle),Driving too fast for conditions,Refused,,Dark - roadway not lighted,Snow,Clear,"Surface condition (e.g., wet, icy)",Non-intersection:  Non-junction/no special feature,Unpaved,,Property Damage Only,0,0,0,0,0,0,4000,1,1,,POINT (-91.470594892761 40.725900635291)
2014786379,14-2901,02/15/2014,02-February,7-Saturday,16:10,1600 Hours,District 6 (East Central),BETTENDORF,SCOTT,US 67,US 67/STATE ST,Collision with:  Vehicle in traffic,On Roadway,Rear-end (front to rear),Driving too fast for conditions,None Indicated,,Daylight,Snow,Snow,"Surface condition (e.g., wet, icy)",Non-intersection:  Other non-intersection (explain in narrative),Paved,,Major Injury,0,4,1,1,2,0,10000,3,9,,POINT (-90.513366235267 41.525158967479)
2014786023,14-006112,02/15/2014,02-February,7-Saturday,03:37,0300 Hours,District 4 (Southwest),COUNCIL BLUFFS,POTTAWATTAMIE,I-29,I-29,Non-collision events:  Other non-collision (explain in narrative),On Roadway,Non-collision (single vehicle),Ran off road - right,Alcohol (Statutory),,Dark - roadway lighted,Dry,Clear,None apparent,Non-intersection:  Non-junction/no special feature,Paved,,Minor Injury,0,2,0,2,0,0,9000,1,2,,POINT (-95.907163964948 41.259308316844)
2014785854,14003226,02/15/2014,02-February,7-Saturday,13:47,1300 Hours,District 6 (East Central),MARION,LINN,,BLAIRS FERRY RD & LINDALE DR,Collision with:  Vehicle in traffic,On Roadway,Broadside (front to side),Ran Traffic Signal,None Indicated,,Daylight,Snow,Snow,None apparent,Intersection:  Four-way intersection,Paved,,Minor Injury,0,1,0,1,0,0,9000,2,3,,POINT (-91.623632339089 42.032292848997)
2014786197,141134,02/15/2014,02-February,7-Saturday,11:30,1100 Hours,District 4 (Southwest),,DALLAS,I-80,I-80,Collision with:  Vehicle in traffic,On Roadway,"Sideswipe, same direction",Driving too fast for conditions,None Indicated,,Daylight,Ice/frost,Snow,"Surface condition (e.g., wet, icy)",Non-intersection:  Non-junction/no special feature,Paved,,Property Damage Only,0,0,0,0,0,0,14000,4,6,,POINT (-94.104926769464 41.517586822581)
2014786975,2014011276,02/15/2014,02-February,7-Saturday,15:39,1500 Hours,District 1 (Central),,POWESHIEK,I-80,I-80,Collision with:  Parked motor vehicle,On Roadway,"Sideswipe, same direction",Swerving/Evasive Action,None Indicated,,Daylight,Snow,Cloudy,"Surface condition (e.g., wet, icy)",Non-intersection:  Non-junction/no special feature,Paved,,Property Damage Only,0,0,0,0,0,0,27600,2,2,,POINT (-92.49744329786 41.694645833499)
2014786970,2014011190,02/15/2014,02-February,7-Saturday,12:25,1200 Hours,District 1 (Central),,POLK,I-35,I-35,Collision with:  Vehicle in traffic,On Roadway,Rear-end (front to rear),Swerving/Evasive Action,None Indicated,,Daylight,Snow,Snow,"Surface condition (e.g., wet, icy)",Non-intersection:  Non-junction/no special feature,Paved,,Property Damage Only,0,0,0,0,0,0,13500,3,6,,POINT (-93.570391427418 41.792100379547)
2014786971,2014011194,02/15/2014,02-February,7-Saturday,12:09,1200 Hours,District 2 (Northeast),,FRANKLIN,I-35,I-35,Collision with:  Vehicle in traffic,On Roadway,Rear-end (front to rear),Other (explain in narrative):  No improper action,None Indicated,,Daylight,Snow,Snow,None apparent,Non-intersection:  Non-junction/no special feature,Paved,,Property Damage Only,0,0,0,0,0,0,2500,2,3,,POINT (-93.350585234198 42.880398518082)
2014787736,14000946,02/15/2014,02-February,7-Saturday,13:43,1300 Hours,District 1 (Central),WEBSTER CITY,HAMILTON,US 20,US 20,Collision with:  Vehicle in traffic,On Roadway,"Sideswipe, same direction",Crossed centerline (undivided),None Indicated,,Daylight,Snow,"Blowing sand, soil, dirt","Surface condition (e.g., wet, icy)",Non-intersection:  Non-junction/no special feature,Paved,,Property Damage Only,0,0,0,0,0,0,7000,2,2,,POINT (-93.726314370012 42.449066166711)
2014789268,14-000209,02/15/2014,02-February,7-Saturday,18:04,1800 Hours,District 1 (Central),,STORY,,640TH AVE,Collision with fixed object:  Other fixed object (explain in narrative),On Roadway,Non-collision (single vehicle),Ran off road - right,None Indicated,,Dusk,Snow,Clear,"Surface condition (e.g., wet, icy)",Non-intersection:  Non-junction/no special feature,Unpaved,,Possible/Unknown,0,1,0,0,0,1,4000,1,1,,POINT (-93.425537608648 42.105090368467)
2014786493,2014011306,02/15/2014,02-February,7-Saturday,13:00,1300 Hours,District 1 (Central),,JASPER,I-80,I-80,Collision with fixed object:  Guardrail - face,On Roadway,Non-collision (single vehicle),Driving too fast for conditions,None Indicated,,Daylight,Snow,Snow,"Surface condition (e.g., wet, icy)",Non-intersection:  Non-junction/no special feature,Paved,,Property Damage Only,0,0,0,0,0,0,12845,1,1,,POINT (-93.273182872055 41.686710062688)
2014786737,2014011154,02/15/2014,02-February,7-Saturday,10:39,1000 Hours,District 4 (Southwest),EXIRA,AUDUBON,US 71,US 71,Collision with fixed object:  Bridge overhead structure,On Roadway,Non-collision (single vehicle),Swerving/Evasive Action,None Indicated,,Daylight,Snow,Snow,"Surface condition (e.g., wet, icy)",Non-intersection:  Other non-intersection (explain in narrative),Paved,,Property Damage Only,0,0,0,0,0,0,2150,1,1,,POINT (-94.889705668064 41.588338357177)
2014786292,2014001754,02/15/2014,02-February,7-Saturday,15:12,1500 Hours,District 6 (East Central),IOWA CITY,JOHNSON,,MORMON TREK BLVD,Collision with:  Vehicle in traffic,On Roadway,Rear-end (front to rear),Followed too close,None Indicated,,Daylight,Snow,Snow,None apparent,Non-intersection:  Non-junction/no special feature,Paved,,Property Damage Only,0,0,0,0,0,0,2000,2,3,,POINT (-91.57390480806 41.656668820933)