Iowa DOT Case Number,Law Enforcement Case Number,Date of Crash,Month of Crash,Day of Week,Time of Crash,Hour,DOT District,City Name,County Name,Route with System,Location Description,First Harmful Event,Location of First Harmful Event,Manner of Crash/Collision,Major Cause,Drug or Alcohol ,Environmental Conditions,Light Conditions,Surface Conditions,Weather Conditions,Roadway Contribution,Roadway Type,Roadway Surface,Work Zone,Crash Severity,Number of Fatalities,Number of Injuries,Number of Major Injuries,Number of Minor Injuries,Number of Possible Injuries,Number of Unknown Injuries,Amount of Property Damage,Number of Vehicles Involved,Total Number of Occupants,Travel Direction,Location
2014790914,14-001371,02/16/2014,02-February,1-Sunday,14:03,1400 Hours,District 6 (East Central),INDEPENDENCE,BUCHANAN,IA 150,IA 150/1ST ST E/5TH AVE NE & 5TH AVE SE,Collision with:  Non-motorist (see non-motorist section - NOT a unit),On Roadway,Non-collision (single vehicle),Other (explain in narrative):  No improper action,None Indicated,,Daylight,Wet,Cloudy,None apparent,Intersection:  Four-way intersection,Paved,,Major Injury,0,1,1,0,0,0,0,1,1,,POINT (-91.889359818565 42.468717014393)
2014785811,14-5291,02/16/2014,02-February,1-Sunday,12:20,1200 Hours,District 5 (Southeast),WEST BURLINGTON,DES MOINES,,W AGENCY RD,Collision with:  Parked motor vehicle,On Roadway,"Sideswipe, same direction",Other (explain in narrative):  Other,None Indicated,,Daylight,Snow,Clear,None apparent,Non-intersection:  Driveway access (within),Paved,,Property Damage Only,0,0,0,0,0,0,2000,2,10,,POINT (-91.168930405207 40.819919802806)
2014786813,14-05366,02/16/2014,02-February,1-Sunday,22:00,2200 Hours,District 5 (Southeast),BURLINGTON,DES MOINES,,N PRAIRIE GROVE RD,Collision with fixed object:  Ditch,On Roadway,Non-collision (single vehicle),Ran off road - left,None Indicated,,Dark - roadway not lighted,Snow,Clear,"Surface condition (e.g., wet, icy)",Non-intersection:  Non-junction/no special feature,Unpaved,,Property Damage Only,0,0,0,0,0,0,6000,1,1,,POINT (-91.246527795079 40.890422981845)
2014786001,14-0341,02/16/2014,02-February,1-Sunday,02:43,0200 Hours,District 1 (Central),URBANDALE,POLK,,TANGLEWOOD DR,Collision with fixed object:  Traffic sign support,On Roadway,Non-collision (single vehicle),Ran off road - straight,Alcohol (Statutory),,Dark - roadway lighted,Snow,Clear,None apparent,Intersection:  T-intersection,Paved,,Property Damage Only,0,0,0,0,0,0,2050,1,2,,POINT (-93.754129001443 41.640173494896)
2014785769,W14-015730,02/16/2014,02-February,1-Sunday,01:10,0100 Hours,District 2 (Northeast),WATERLOO,BLACK HAWK,,W 9TH ST & WELLINGTON ST,Collision with:  Vehicle in traffic,On Roadway,Head-on (front to front),Driving too fast for conditions,None Indicated,,Dark - roadway lighted,Snow,Clear,"Surface condition (e.g., wet, icy)",Intersection:  Four-way intersection,Paved,,Property Damage Only,0,0,0,0,0,0,1500,2,3,,POINT (-92.340182687924 42.486968714607)
2014787819,14-000189,02/16/2014,02-February,1-Sunday,01:00,0100 Hours,District 1 (Central),JOHNSTON,POLK,,NW 62ND AVE,Collision with fixed object:  Ditch,On Roadway,Non-collision (single vehicle),Swerving/Evasive Action,None Indicated,,Dark - roadway not lighted,Snow,Cloudy,"Surface condition (e.g., wet, icy)",Non-intersection:  Non-junction/no special feature,Paved,,Property Damage Only,0,0,0,0,0,0,1600,1,2,,POINT (-93.761503157232 41.672946801367)
2014790087,2014-10280,02/16/2014,02-February,1-Sunday,11:42,1100 Hours,District 6 (East Central),DAVENPORT,SCOTT,,IA 461/HARRISON ST & W 14TH ST,Collision with:  Vehicle in traffic,On Roadway,"Angle, oncoming left turn",Improper Backing,None Indicated,,Daylight,Slush,Clear,None apparent,Non-intersection:  Non-junction/no special feature,Paved,,Possible/Unknown,0,1,0,0,1,0,1500,2,4,,POINT (-90.577229587941 41.533908191769)
2014786464,14-4720,02/16/2014,02-February,1-Sunday,14:17,1400 Hours,District 3 (Northwest),SIOUX CITY,WOODBURY,,SINGING HILLS BLVD & SOUTHGATE DR,Collision with:  Vehicle in traffic,On Roadway,Broadside (front to side),Ran Stop Sign,None Indicated,,Daylight,Dry,Cloudy,None apparent,Intersection:  Four-way intersection,Paved,,Property Damage Only,0,0,0,0,0,0,8000,2,4,,POINT (-96.36816904889 42.43554335231)
2014787079,201400455,02/16/2014,02-February,1-Sunday,10:30,1000 Hours,District 6 (East Central),,LINN,IA 13,IA 13/IOWA 13,Collision with:  Vehicle in traffic,On Roadway,"Sideswipe, same direction",Other (explain in narrative):  Other,None Indicated,,Daylight,Slush,Clear,None apparent,Non-intersection:  Non-junction/no special feature,Paved,,Property Damage Only,0,0,0,0,0,0,7500,2,4,,POINT (-91.516513141521 42.282120684267)
2014786835,1400000123,02/16/2014,02-February,1-Sunday,02:00,0200 Hours,District 1 (Central),MARSHALLTOWN,MARSHALL,,Co Rd E35/MAIN ST RD,Collision with fixed object:  Ditch,On Roadway,Non-collision (single vehicle),Crossed centerline (undivided),None Indicated,,Dark - roadway lighted,Snow,Clear,None apparent,Non-intersection:  Non-junction/no special feature,Paved,,Property Damage Only,0,0,0,0,0,0,12000,1,1,,POINT (-92.851897472249 42.049447887481)
2014787583,14-000761,02/16/2014,02-February,1-Sunday,08:50,0800 Hours,District 1 (Central),AMES,STORY,,COCONINO RD,Collision with:  Vehicle in traffic,On Roadway,"Angle, oncoming left turn",FTYROW:  Making left turn,None Indicated,,Daylight,Snow,Clear,"Surface condition (e.g., wet, icy)",Intersection:  T-intersection,Paved,,Possible/Unknown,0,1,0,0,1,0,6000,2,2,,POINT (-93.676267755014 42.01029096321)
2014786166,14-2701,02/16/2014,02-February,1-Sunday,03:18,0300 Hours,District 2 (Northeast),,BREMER,US 63,US 63,Non-collision events:  Overturn/rollover,On Roadway,Non-collision (single vehicle),Crossed centerline (undivided),None Indicated,,Dark - roadway not lighted,Ice/frost,Cloudy,"Surface condition (e.g., wet, icy)",Non-intersection:  Non-junction/no special feature,Paved,,Property Damage Only,0,0,0,0,0,0,8000,1,1,,POINT (-92.337366169583 42.699207366333)
2014786594,2014-0673,02/16/2014,02-February,1-Sunday,17:54,1700 Hours,District 1 (Central),,HARDIN,US 20,US 20/NE RAMP/NW RAMP & Co Rd S27/ST HWY 359,Collision with:  Vehicle in traffic,On Roadway,Broadside (front to side),FTYROW:  From stop sign,None Indicated,,Dark - roadway lighted,Dry,Cloudy,None apparent,Intersection:  Intersection with ramp,Paved,,Property Damage Only,0,0,0,0,0,0,4000,2,4,,POINT (-93.3858409378 42.448664579574)
2014786302,2014001795,02/16/2014,02-February,1-Sunday,15:50,1500 Hours,District 6 (East Central),IOWA CITY,JOHNSON,,E COURT ST,Collision with:  Vehicle in traffic,On Roadway,"Sideswipe, same direction",Unknown,None Indicated,,Daylight,Wet,Cloudy,None apparent,Non-intersection:  Non-junction/no special feature,Paved,,Property Damage Only,0,0,0,0,0,0,1500,2,1,,POINT (-91.535570040563 41.656628047366)
2014786279,2014-01804,02/16/2014,02-February,1-Sunday,00:12,0000 Hours,District 6 (East Central),IOWA CITY,JOHNSON,US 6,US 6,Collision with fixed object:  Guardrail - face,Shoulder,Non-collision (single vehicle),Driving too fast for conditions,None Indicated,,Dark - roadway lighted,Slush,Clear,"Surface condition (e.g., wet, icy)",Non-intersection:  Other non-intersection (explain in narrative),Paved,,Property Damage Only,0,0,0,0,0,0,3000,1,2,,POINT (-91.53392764343 41.645906947338)
2014786372,14-3141,02/16/2014,02-February,1-Sunday,01:57,0100 Hours,District 6 (East Central),,SCOTT,I-80,I-80,Collision with fixed object:  Guardrail - face,Median,Non-collision (single vehicle),Crossed centerline (undivided),None Indicated,,Dark - roadway not lighted,Wet,Clear,"Surface condition (e.g., wet, icy)",Non-intersection:  Non-junction/no special feature,Paved,,Property Damage Only,0,0,0,0,0,0,4500,1,1,,POINT (-90.859044129774 41.632991127805)
2014788244,2014011394,02/16/2014,02-February,1-Sunday,05:52,0500 Hours,District 1 (Central),,POLK,I-35,I-35,Collision with fixed object:  Guardrail - face,On Roadway,Non-collision (single vehicle),Driving too fast for conditions,None Indicated,,Dark - roadway not lighted,Ice/frost,Clear,"Surface condition (e.g., wet, icy)",Non-intersection:  Non-junction/no special feature,Paved,,Property Damage Only,0,0,0,0,0,0,5000,1,1,,POINT (-93.570881815778 41.824297679384)
2014785755,W14-015858,02/16/2014,02-February,1-Sunday,12:42,1200 Hours,District 2 (Northeast),WATERLOO,BLACK HAWK,,ONEIDA ST & BEECH ST,Collision with:  Vehicle in traffic,On Roadway,Broadside (front to side),FTYROW:  From stop sign,None Indicated,,Daylight,Snow,Clear,"Surface condition (e.g., wet, icy)",Intersection:  Four-way intersection,Paved,,Property Damage Only,0,0,0,0,0,0,4500,2,3,,POINT (-92.320080329509 42.507285442801)
2014787362,14-3896,02/16/2014,02-February,1-Sunday,02:23,0200 Hours,District 1 (Central),NEWTON,JASPER,,E 6TH ST PL S,Non-collision events:  Other non-collision (explain in narrative),Roadside,Non-collision (single vehicle),"Operating vehicle in an reckless, erratic, careless, negligent manner",Refused,,Dark - roadway lighted,Snow,Cloudy,None apparent,Non-intersection:  Non-junction/no special feature,Paved,,Property Damage Only,0,0,0,0,0,0,2300,1,2,,POINT (-93.045631039738 41.695789636297)
2014786326,02-14-113,02/16/2014,02-February,1-Sunday,13:10,1300 Hours,District 3 (Northwest),LE MARS,PLYMOUTH,,1ST ST NW & 2ND AVE NW,Collision with:  Vehicle in traffic,On Roadway,Broadside (front to side),FTYROW:  From stop sign,None Indicated,,Daylight,Dry,Clear,None apparent,Intersection:  Four-way intersection,Paved,,Property Damage Only,0,0,0,0,0,0,1700,2,2,,POINT (-96.169291012777 42.794324377216)
2014787337,14-060215-01,02/16/2014,02-February,1-Sunday,14:00,1400 Hours,District 6 (East Central),,IOWA,I-80,I-80,Collision with:  Vehicle in traffic,On Roadway,Rear-end (front to rear),Driving too fast for conditions,None Indicated,,Daylight,Snow,Snow,"Surface condition (e.g., wet, icy)",Interchange-related:  Off-ramp,Paved,,Property Damage Only,0,0,0,0,0,0,10000,2,2,,POINT (-92.160762850075 41.696688467788)
2014785893,14-000759,02/16/2014,02-February,1-Sunday,10:15,1000 Hours,District 1 (Central),ANKENY,POLK,,NW 16TH ST & NW 18TH ST & NW IRVINEDALE DR,Collision with:  Vehicle in traffic,On Roadway,Broadside (front to side),FTYROW:  From stop sign,None Indicated,,Daylight,Wet,Cloudy,None apparent,Intersection:  Four-way intersection,Paved,,Property Damage Only,0,0,0,0,0,0,10500,3,7,,POINT (-93.639020872321 41.746307983133)
2014786502,AC14-012,02/16/2014,02-February,1-Sunday,14:40,1400 Hours,District 1 (Central),STORY CITY,STORY,,WASHINGTON ST & HILLCREST DR,Non-collision events:  Other non-collision (explain in narrative),Outside trafficway,Non-collision (single vehicle),Swerving/Evasive Action,None Indicated,,Daylight,Snow,Cloudy,"Surface condition (e.g., wet, icy)",Non-intersection:  Non-junction/no special feature,Paved,,Property Damage Only,0,0,0,0,0,0,6300,1,1,,POINT (-93.589018790383 42.185875502825)
2014785771,W14-015889,02/16/2014,02-February,1-Sunday,14:21,1400 Hours,District 2 (Northeast),WATERLOO,BLACK HAWK,US 218,US 218/NE RAMP CURV/SE RAMP CURV & GREENHILL RD,Collision with fixed object:  Curb/island/raised median,Median,Non-collision (single vehicle),Driving too fast for conditions,None Indicated,,Daylight,Snow,Cloudy,"Surface condition (e.g., wet, icy)",Intersection:  Four-way intersection,Paved,,Property Damage Only,0,0,0,0,0,0,2000,1,3,,POINT (-92.388116909366 42.516413545685)
2014785926,20140004353,02/16/2014,02-February,1-Sunday,12:22,1200 Hours,District 1 (Central),DES MOINES,POLK,US 69,US 69/SE 14TH ST,Collision with:  Vehicle in traffic,On Roadway,Rear-end (front to rear),Other (explain in narrative):  Other,None Indicated,,Daylight,Wet,Cloudy,None apparent,Non-intersection:  Non-junction/no special feature,Paved,,Property Damage Only,0,0,0,0,0,0,1500,2,3,,POINT (-93.596943349628 41.562139846371)
2014786010,14-0818,02/16/2014,02-February,1-Sunday,10:30,1000 Hours,District 1 (Central),WEST DES MOINES,POLK,,MILLS CIVIC PKWY & S 60TH ST,Collision with:  Vehicle in traffic,On Roadway,Broadside (front to side),Ran Traffic Signal,None Indicated,,Daylight,Wet,Cloudy,None apparent,Intersection:  Four-way intersection,Paved,,Possible/Unknown,0,1,0,0,1,0,5500,2,2,,POINT (-93.790540835827 41.559062243867)
2014786615,201402330,02/16/2014,02-February,1-Sunday,20:33,2000 Hours,District 6 (East Central),CEDAR RAPIDS,LINN,I-380,I-380,Non-collision events:  Other non-collision (explain in narrative),On Roadway,Non-collision (single vehicle),Other (explain in narrative):  Other,Alcohol (Statutory),,Dark - roadway lighted,Dry,Cloudy,None apparent,"Interchange-related:  Off-ramp, diverge area",Paved,,Property Damage Only,0,0,0,0,0,0,9564,1,1,,POINT (-91.665907121622 41.982347252184)
2014786025,14-006272,02/16/2014,02-February,1-Sunday,02:20,0200 Hours,District 4 (Southwest),COUNCIL BLUFFS,POTTAWATTAMIE,,27TH AVE,Collision with:  Vehicle in traffic,On Roadway,Head-on (front to front),Unknown,None Indicated,,Dark - roadway lighted,Wet,Clear,None apparent,Non-intersection:  Driveway access (within),Paved,,Possible/Unknown,0,1,0,0,0,1,2000,2,2,,POINT (-95.877910910548 41.235132298681)
2014786609,14-004301,02/16/2014,02-February,1-Sunday,13:52,1300 Hours,District 5 (Southeast),,LEE,,235 AVE,Collision with:  Vehicle in traffic,On Roadway,"Sideswipe, opposite direction",Lost Control,None Indicated,,Daylight,Snow,Cloudy,None apparent,Non-intersection:  Non-junction/no special feature,Unpaved,,Property Damage Only,0,0,0,0,0,0,4000,2,2,,POINT (-91.439531595442 40.673876789306)
2014786272,C14000503,02/16/2014,02-February,1-Sunday,02:10,0200 Hours,District 6 (East Central),CORALVILLE,JOHNSON,I-80,I-80,Collision with fixed object:  Ditch,On Roadway,Non-collision (single vehicle),Swerving/Evasive Action,None Indicated,,Dark - roadway not lighted,Wet,Snow,"Surface condition (e.g., wet, icy)",Non-intersection:  Non-junction/no special feature,Paved,,Property Damage Only,0,0,0,0,0,0,5000,1,1,,POINT (-91.583513211696 41.689518575275)
2014786496,2014011510,02/16/2014,02-February,1-Sunday,22:17,2200 Hours,District 1 (Central),,POLK,I-35,I-35,Collision with fixed object:  Traffic sign support,Roadside,Non-collision (single vehicle),Ran off road - straight,None Indicated,,Dark - roadway lighted,Dry,Cloudy,None apparent,Interchange-related:  On-ramp merge area,Paved,,Property Damage Only,0,0,0,0,0,0,4500,1,2,,POINT (-93.580926579454 41.651060200913)
2014789317,,02/16/2014,02-February,1-Sunday,17:00,1700 Hours,District 3 (Northwest),LAKE CITY,CALHOUN,,MADISON ST & LINCOLN ST,Collision with:  Vehicle in traffic,On Roadway,Broadside (front to side),FTYROW:  At uncontrolled intersection,None Indicated,,Daylight,Snow,Cloudy,"Surface condition (e.g., wet, icy)",Intersection:  Four-way intersection,Paved,,Property Damage Only,0,0,0,0,0,0,2600,2,3,,POINT (-94.730167410537 42.269171478113)
2014786389,2014-10292,02/16/2014,02-February,1-Sunday,12:47,1200 Hours,District 6 (East Central),DAVENPORT,SCOTT,,ELMORE AVE,Collision with:  Vehicle in traffic,On Roadway,Rear-end (front to rear),FTYROW:  From parked position,None Indicated,,Daylight,Dry,Clear,None apparent,Non-intersection:  Driveway access (within),Paved,,Property Damage Only,0,0,0,0,0,0,2000,2,9,,POINT (-90.528608543491 41.574923612912)
2014786226,01-14-6739,02/16/2014,02-February,1-Sunday,09:55,0900 Hours,District 6 (East Central),DUBUQUE,DUBUQUE,US 52,US 52/CENTRAL AVE & W 28TH ST,Collision with:  Vehicle in traffic,On Roadway,"Sideswipe, same direction",Other (explain in narrative):  Other,None Indicated,,Daylight,Wet,Clear,None apparent,Non-intersection:  Non-junction/no special feature,Paved,,Property Damage Only,0,0,0,0,0,0,3200,2,3,,POINT (-90.678382661089 42.522667174883)
2014786303,2014001787,02/16/2014,02-February,1-Sunday,09:28,0900 Hours,District 6 (East Central),IOWA CITY,JOHNSON,,E MARKET ST & JOHNSON ST,Collision with:  Vehicle in traffic,On Roadway,"Sideswipe, same direction",Made improper turn,None Indicated,,Daylight,Snow,Clear,None apparent,Intersection:  Four-way intersection,Paved,,Property Damage Only,0,0,0,0,0,0,5000,2,6,,POINT (-91.527209818145 41.663537543644)
2014805240,14-001370,02/16/2014,02-February,1-Sunday,11:18,1100 Hours,District 6 (East Central),INDEPENDENCE,BUCHANAN,,6TH ST SW & 2ND AVE SW,Collision with:  Vehicle in traffic,On Roadway,Broadside (front to side),FTYROW:  From driveway,None Indicated,,Daylight,Snow,Cloudy,"Surface condition (e.g., wet, icy)",Non-intersection:  Driveway access (within),Paved,,Property Damage Only,0,0,0,0,0,0,3000,2,2,,POINT (-91.895212680946 42.46445981559)
2014790913,14-001368,02/16/2014,02-February,1-Sunday,05:57,0500 Hours,District 6 (East Central),INDEPENDENCE,BUCHANAN,,1ST ST W,Collision with:  Vehicle in traffic,On Roadway,"Angle, oncoming left turn",FTYROW:  From driveway,None Indicated,,Dark - roadway lighted,Snow,Clear,None apparent,Non-intersection:  Driveway access (within),Paved,,Possible/Unknown,0,1,0,0,1,0,5500,2,2,,POINT (-91.906708863114 42.468550615971)
2014788440,20140011435,02/16/2014,02-February,1-Sunday,13:50,1300 Hours,District 6 (East Central),,JONES,IA 64,IA 64/IOWA 64,,Shoulder,Non-collision (single vehicle),Swerving/Evasive Action,None Indicated,,Daylight,Wet,Clear,None apparent,Non-intersection:  Non-junction/no special feature,Paved,,Property Damage Only,0,0,0,0,0,0,4000,1,1,,POINT (-90.989045500036 42.066695813135)
2014787078,201400450,02/16/2014,02-February,1-Sunday,00:32,0000 Hours,District 6 (East Central),,LINN,,LINN BENTON RD,Collision with:  Animal,,,Animal,None Indicated,,,,,,,Unpaved,,Property Damage Only,0,0,0,0,0,0,2000,1,1,,POINT (-91.834111159245 42.087788782185)
2014787246,,02/16/2014,02-February,1-Sunday,04:30,0400 Hours,District 6 (East Central),DE WITT,CLINTON,US 30,US 30/LINCOLN WAY,Non-collision events:  Overturn/rollover,On Roadway,Non-collision (single vehicle),Crossed centerline (undivided),None Indicated,,Dark - roadway lighted,Slush,Unknown,None apparent,Non-intersection:  Non-junction/no special feature,Paved,,Property Damage Only,0,0,0,0,0,0,5000,1,1,,POINT (-90.248819635205 41.815526007919)
2014785774,201400618,02/16/2014,02-February,1-Sunday,07:35,0700 Hours,District 1 (Central),,BOONE,,Co Rd R38/110TH ST,Non-collision events:  Overturn/rollover,On Roadway,Non-collision (single vehicle),Ran off road - right,None Indicated,,Daylight,Snow,Cloudy,"Surface condition (e.g., wet, icy)",Non-intersection:  Non-junction/no special feature,Unpaved,,Property Damage Only,0,0,0,0,0,0,3500,1,1,,POINT (-93.707003567499 42.195431185484)
2014787500,S14-000465,02/16/2014,02-February,1-Sunday,14:50,1400 Hours,District 4 (Southwest),,POTTAWATTAMIE,US 6,US 6,Collision with fixed object:  Ditch,On Roadway,Non-collision (single vehicle),Ran off road - right,None Indicated,,Daylight,Dry,Clear,None apparent,Non-intersection:  Non-junction/no special feature,Paved,,Property Damage Only,0,0,0,0,0,0,3000,1,1,,POINT (-95.692586153665 41.288559966293)
2014789706,,02/16/2014,02-February,1-Sunday,03:50,0300 Hours,District 2 (Northeast),,FLOYD,US 18,US 18,,Shoulder,Non-collision (single vehicle),Over correcting/over steering,None Indicated,,Dark - roadway not lighted,Ice/frost,"Blowing sand, soil, dirt","Surface condition (e.g., wet, icy)",Non-intersection:  Non-junction/no special feature,Paved,,Property Damage Only,0,0,0,0,0,0,2000,1,1,,POINT (-92.737674100341 43.120287039529)
2014786648,SO14000348,02/16/2014,02-February,1-Sunday,20:35,2000 Hours,District 3 (Northwest),,PLYMOUTH,IA 12,IA 12/IOWA 12,Collision with:  Animal,,Non-collision (single vehicle),Animal,None Indicated,,,,,,,Paved,,Property Damage Only,0,0,0,0,0,0,2000,1,1,,POINT (-96.484157910234 42.572280106442)
2014790562,1400305,02/16/2014,02-February,1-Sunday,14:33,1400 Hours,District 5 (Southeast),BLOOMFIELD,DAVIS,,DUFFIELD ST & COLUMBIA ST,Collision with:  Vehicle in traffic,On Roadway,"Angle, oncoming left turn",Other (explain in narrative):  No improper action,None Indicated,,Daylight,Slush,Cloudy,"Surface condition (e.g., wet, icy)",Intersection:  Other intersection (explain in narrative),Paved,,Property Damage Only,0,0,0,0,0,0,8000,2,3,,POINT (-92.41653523126 40.758603130441)
2014785925,20140004347,02/16/2014,02-February,1-Sunday,05:00,0500 Hours,District 1 (Central),DES MOINES,POLK,,YORK ST,Collision with:  Parked motor vehicle,On Roadway,"Sideswipe, same direction",Unknown,None Indicated,,Dark - roadway lighted,Snow,Cloudy,Unknown,Non-intersection:  Non-junction/no special feature,Paved,,Property Damage Only,0,0,0,0,0,0,2000,2,777,,POINT (-93.60190487421 41.608267182696)
2014787312,14001325,02/16/2014,02-February,1-Sunday,21:51,2100 Hours,District 6 (East Central),,DELAWARE,,Co Rd D47/315TH ST,Collision with:  Animal,,Non-collision (single vehicle),Animal,None Indicated,,,,,,,Paved,,Property Damage Only,0,0,0,0,0,0,3000,1,777,,POINT (-91.29470076146 42.328991417876)
2014789281,2014-03074,02/16/2014,02-February,1-Sunday,12:03,1200 Hours,District 5 (Southeast),,WARREN,,Co Rd R35/10TH AVE,Collision with fixed object:  Ditch,On Roadway,Non-collision (single vehicle),Driving too fast for conditions,None Indicated,,Daylight,Snow,Cloudy,"Surface condition (e.g., wet, icy)",Intersection:  T-intersection,Unpaved,,Minor Injury,0,1,0,1,0,0,8000,1,1,,POINT (-93.790679342726 41.45422488806)
2014787660,2014011395,02/16/2014,02-February,1-Sunday,06:24,0600 Hours,District 1 (Central),,POLK,I-80,I-80,Non-collision events:  Other non-collision (explain in narrative),Roadside,Non-collision (single vehicle),Swerving/Evasive Action,None Indicated,,Dark - roadway not lighted,Ice/frost,Cloudy,"Surface condition (e.g., wet, icy)",Non-intersection:  Non-junction/no special feature,Paved,,Property Damage Only,0,0,0,0,0,0,2000,1,1,,POINT (-93.434683973159 41.673449586773)
2014791692,14015733,02/16/2014,02-February,1-Sunday,01:25,0100 Hours,District 2 (Northeast),CEDAR FALLS,BLACK HAWK,,22ND ST,Collision with:  Parked motor vehicle,On Roadway,"Sideswipe, same direction",Unknown,None Indicated,,Dark - roadway lighted,Snow,Clear,"Surface condition (e.g., wet, icy)",Non-intersection:  Non-junction/no special feature,Paved,,Property Damage Only,0,0,0,0,0,0,2500,2,777,,POINT (-92.45495041675 42.517759553384)
2014786559,W14-015884,02/16/2014,02-February,1-Sunday,13:59,1300 Hours,District 2 (Northeast),WATERLOO,BLACK HAWK,,EASTON AVE & MINNESOTA ST,Collision with:  Vehicle in traffic,On Roadway,Broadside (front to side),Ran Stop Sign,None Indicated,,Daylight,Ice/frost,Clear,"Surface condition (e.g., wet, icy)",Intersection:  Four-way intersection,Paved,,Property Damage Only,0,0,0,0,0,0,4500,2,2,,POINT (-92.330037761869 42.472995812625)
2014793210,S201400316,02/16/2014,02-February,1-Sunday,22:00,2200 Hours,District 3 (Northwest),GRAETTINGER,PALO ALTO,,WASHINGTON AVE,Collision with:  Parked motor vehicle,Outside trafficway,Rear-end (front to rear),Driving too fast for conditions,None Indicated,,Dark - roadway not lighted,Snow,Unknown,Unknown,Non-intersection:  Non-junction/no special feature,Paved,,Possible/Unknown,0,1,0,0,0,1,7000,2,1,,POINT (-94.750703546538 43.236435481429)
2014787081,201400456,02/16/2014,02-February,1-Sunday,11:07,1100 Hours,District 6 (East Central),,LINN,I-380,I-380,Non-collision events:  Overturn/rollover,On Roadway,Non-collision (single vehicle),Ran off road - left,None Indicated,,Daylight,Dry,Clear,None apparent,Non-intersection:  Non-junction/no special feature,Paved,,Minor Injury,0,2,0,2,0,0,5000,1,2,,POINT (-91.763887149331 42.161787685744)
2014785927,20140004354,02/16/2014,02-February,1-Sunday,12:20,1200 Hours,District 1 (Central),DES MOINES,POLK,US 69,US 69/SE 14TH ST,Collision with:  Vehicle in traffic,On Roadway,"Sideswipe, same direction",Improper or erratic lane changing,None Indicated,,Daylight,Wet,Cloudy,None apparent,Non-intersection:  Non-junction/no special feature,Paved,,Property Damage Only,0,0,0,0,0,0,8000,2,5,,POINT (-93.596843836956 41.547413413242)
2014786243,14-001606,02/16/2014,02-February,1-Sunday,08:50,0800 Hours,District 2 (Northeast),,FAYETTE,,50TH ST,Collision with:  Vehicle in traffic,On Roadway,"Sideswipe, opposite direction",Crossed centerline (undivided),None Indicated,,Daylight,Snow,Cloudy,None apparent,Non-intersection:  Non-junction/no special feature,Unpaved,,Property Damage Only,0,0,0,0,0,0,13000,2,2,,POINT (-92.039896257899 42.7003330891)
2014787208,2014011437,02/16/2014,02-February,1-Sunday,14:23,1400 Hours,District 6 (East Central),,CEDAR,,Co Rd Y26/YANKEE AVE,Collision with:  Vehicle in traffic,On Roadway,"Angle, oncoming left turn",Made improper turn,None Indicated,,Daylight,Wet,Clear,None apparent,Non-intersection:  Driveway access (within),Paved,,Property Damage Only,0,0,0,0,0,0,2000,2,6,,POINT (-90.919087001398 41.649225174018)
2014791505,14-001575,02/16/2014,02-February,1-Sunday,23:30,2300 Hours,District 3 (Northwest),GLIDDEN,CARROLL,,W 2ND ST & MONTANA ST,Collision with fixed object:  Utility pole/light support,On Roadway,Non-collision (single vehicle),Lost Control,None Indicated,,Dark - roadway lighted,Snow,Clear,"Surface condition (e.g., wet, icy)",Intersection:  Four-way intersection,Paved,,Property Damage Only,0,0,0,0,0,0,4025,1,1,,POINT (-94.730405816069 42.056734410954)
2014785868,14-1047,02/16/2014,02-February,1-Sunday,15:58,1500 Hours,District 1 (Central),DES MOINES,POLK,,MERLE HAY RD,Collision with:  Vehicle in traffic,On Roadway,Rear-end (front to rear),Other (explain in narrative):  Other,None Indicated,,Daylight,Dry,Clear,None apparent,Intersection:  Intersection with ramp,Paved,,Possible/Unknown,0,1,0,0,1,0,3500,2,2,,POINT (-93.697677863437 41.653040918848)
2014785975,20140004342,02/16/2014,02-February,1-Sunday,04:27,0400 Hours,District 1 (Central),DES MOINES,POLK,,COURT AVE & 3RD ST,Collision with:  Vehicle in traffic,On Roadway,"Sideswipe, same direction",Unknown,None Indicated,,Dark - roadway lighted,Snow,Cloudy,None apparent,Intersection:  Four-way intersection,Paved,,Property Damage Only,0,0,0,0,0,0,1500,2,2,,POINT (-93.620407104146 41.585317457136)
2014804961,,02/16/2014,02-February,1-Sunday,22:49,2200 Hours,District 2 (Northeast),,CHICKASAW,,,Collision with:  Vehicle in traffic,On Roadway,Broadside (front to side),Crossed centerline (undivided),None Indicated,,Dark - roadway not lighted,Snow,"Blowing sand, soil, dirt","Surface condition (e.g., wet, icy)",Non-intersection:  Non-junction/no special feature,,,Possible/Unknown,0,1,0,0,1,0,60000,2,4,,POINT (-96.643700149993 40.233091251414)
2014786636,14-003482,02/16/2014,02-February,1-Sunday,16:58,1600 Hours,District 5 (Southeast),,MARION,,165TH AVE,Non-collision events:  Jackknife,On Roadway,Non-collision (single vehicle),Swerving/Evasive Action,None Indicated,,Daylight,Snow,Clear,"Surface condition (e.g., wet, icy)",Non-intersection:  Non-junction/no special feature,Unpaved,,Property Damage Only,0,0,0,0,0,0,5000,1,1,,POINT (-93.033506445358 41.302978698013)
2014786597,14-3923,02/16/2014,02-February,1-Sunday,03:00,0300 Hours,District 1 (Central),SULLY,JASPER,,Co Rd F62/HWY F-62 E,Collision with fixed object:  Ditch,,,Unknown,None Indicated,,,,,,,Paved,,Property Damage Only,0,0,0,0,0,0,2500,1,1,,POINT (-92.950119545038 41.58052226206)