Iowa DOT Case Number,Law Enforcement Case Number,Date of Crash,Month of Crash,Day of Week,Time of Crash,Hour,DOT District,City Name,County Name,Route with System,Location Description,First Harmful Event,Location of First Harmful Event,Manner of Crash/Collision,Major Cause,Drug or Alcohol ,Environmental Conditions,Light Conditions,Surface Conditions,Weather Conditions,Roadway Contribution,Roadway Type,Roadway Surface,Work Zone,Crash Severity,Number of Fatalities,Number of Injuries,Number of Major Injuries,Number of Minor Injuries,Number of Possible Injuries,Number of Unknown Injuries,Amount of Property Damage,Number of Vehicles Involved,Total Number of Occupants,Travel Direction,Location
2014788273,,02/17/2014,02-February,2-Monday,07:33,0700 Hours,District 4 (Southwest),,MILLS,US 59,US 59 & JARRED AVE,Collision with fixed object:  Traffic sign support,On Roadway,Non-collision (single vehicle),Ran off road - straight,None Indicated,,Dawn,Snow,Cloudy,"Surface condition (e.g., wet, icy)",Intersection:  T-intersection,Paved,,Property Damage Only,0,0,0,0,0,0,3000,1,1,,POINT (-95.398671017113 41.023009531376)
2014785961,20140004436,02/17/2014,02-February,2-Monday,10:12,1000 Hours,District 1 (Central),DES MOINES,POLK,US 6,US 6/DOUGLAS AVE,Collision with:  Vehicle in traffic,On Roadway,Rear-end (front to rear),Driving too fast for conditions,None Indicated,,Daylight,Snow,Cloudy,"Surface condition (e.g., wet, icy)",Non-intersection:  Non-junction/no special feature,Paved,,Property Damage Only,0,0,0,0,0,0,6500,2,2,,POINT (-93.670256013559 41.629488247374)
2014786195,140424,02/17/2014,02-February,2-Monday,09:02,0900 Hours,District 3 (Northwest),,CRAWFORD,US 30,US 30 & Co Rd E5L/2 MILE RD,Collision with fixed object:  Ditch,On Roadway,Non-collision (single vehicle),Ran off road - straight,None Indicated,,Daylight,Snow,Cloudy,"Surface condition (e.g., wet, icy)",Intersection:  Four-way intersection,Paved,,Property Damage Only,0,0,0,0,0,0,2500,1,1,,POINT (-95.527614964374 41.918920902123)
2014786694,2014-01680,02/17/2014,02-February,2-Monday,11:54,1100 Hours,District 3 (Northwest),,SAC,US 71,US 71/370TH ST,Collision with:  Animal,On Roadway,Non-collision (single vehicle),Animal,None Indicated,,Daylight,Wet,Clear,None apparent,Non-intersection:  Non-junction/no special feature,Paved,,Minor Injury,0,2,0,2,0,0,5000,1,2,,POINT (-94.888713913505 42.253169646166)
2014786705,2014-10477,02/17/2014,02-February,2-Monday,16:19,1600 Hours,District 6 (East Central),DAVENPORT,SCOTT,,W 76TH ST & N DIVISION ST,Collision with:  Vehicle in traffic,On Roadway,"Sideswipe, opposite direction",Driving too fast for conditions,None Indicated,,Daylight,Snow,Cloudy,"Surface condition (e.g., wet, icy)",Intersection:  T-intersection,Paved,,Property Damage Only,0,0,0,0,0,0,2000,2,2,,POINT (-90.597971068845 41.596226464959)
2014791453,2013011768,02/17/2014,02-February,2-Monday,12:48,1200 Hours,District 6 (East Central),,CEDAR,I-80,I-80,Collision with:  Vehicle in traffic,On Roadway,Rear-end (front to rear),Ran off road - left,None Indicated,,Daylight,Snow,Snow,"Surface condition (e.g., wet, icy)",Non-intersection:  Non-junction/no special feature,Paved,,Minor Injury,0,1,0,1,0,0,30000,2,3,,POINT (-91.062427695681 41.642022642398)
2014790774,14-0001103,02/17/2014,02-February,2-Monday,06:19,0600 Hours,District 4 (Southwest),PERRY,DALLAS,,10TH ST,Collision with:  Vehicle in traffic,On Roadway,Rear-end (front to rear),Improper Backing,None Indicated,,Dark - roadway not lighted,Slush,"Sleet, hail",None apparent,Non-intersection:  Non-junction/no special feature,Paved,,Property Damage Only,0,0,0,0,0,0,2000,2,4,,POINT (-94.094414187128 41.832292350544)
2014787955,2014001829,02/17/2014,02-February,2-Monday,18:21,1800 Hours,District 6 (East Central),IOWA CITY,JOHNSON,,MORMON TREK BLVD,Collision with:  Vehicle in traffic,On Roadway,Broadside (front to side),FTYROW:  From driveway,None Indicated,,Dark - roadway lighted,Slush,Cloudy,None apparent,Non-intersection:  Driveway access (within),Paved,,Property Damage Only,0,0,0,0,0,0,2000,2,2,,POINT (-91.574051802467 41.650005551522)
2014785894,14-000771,02/17/2014,02-February,2-Monday,09:25,0900 Hours,District 1 (Central),ANKENY,POLK,,NW WAGNER BLVD & NW 18TH ST & NW SCHOOL ST,Collision with:  Vehicle in traffic,On Roadway,Rear-end (front to rear),Other (explain in narrative):  Other,None Indicated,,Daylight,Snow,Snow,None apparent,Intersection:  Four-way intersection,Paved,,Property Damage Only,0,0,0,0,0,0,4000,2,3,,POINT (-93.606019476237 41.746378700397)
2014786060,14-4792,02/17/2014,02-February,2-Monday,08:37,0800 Hours,District 3 (Northwest),SIOUX CITY,WOODBURY,,GOLDIE AVE & METROPOLITAN ST,Collision with:  Vehicle in traffic,On Roadway,Broadside (front to side),Ran Stop Sign,None Indicated,,Daylight,Snow,Clear,"Surface condition (e.g., wet, icy)",Intersection:  Four-way intersection,Paved,,Property Damage Only,0,0,0,0,0,0,10900,2,5,,POINT (-96.482455339609 42.517846505386)
2014788466,14-000666,02/17/2014,02-February,2-Monday,11:00,1100 Hours,District 2 (Northeast),PARKERSBURG,BUTLER,IA 14,IA 14/IOWA 14 & IA 57/IOWA 57 & NEWELL AVE,Collision with:  Vehicle in traffic,On Roadway,Broadside (front to side),FTYROW:  From stop sign,None Indicated,,Daylight,Ice/frost,"Blowing sand, soil, dirt",None apparent,Intersection:  Other intersection (explain in narrative),Paved,,Property Damage Only,0,0,0,0,0,0,2800,2,3,,POINT (-92.771145565791 42.570331377611)
2014786005,14-0829,02/17/2014,02-February,2-Monday,09:48,0900 Hours,District 1 (Central),WEST DES MOINES,POLK,,BENTLEY DR & S 50TH ST,Collision with:  Vehicle in traffic,On Roadway,Rear-end (front to rear),Driving too fast for conditions,None Indicated,,Daylight,Snow,Cloudy,"Surface condition (e.g., wet, icy)",Intersection:  T-intersection,Paved,,Possible/Unknown,0,1,0,0,1,0,1800,2,3,,POINT (-93.770904082601 41.560609716213)
2014787021,,02/17/2014,02-February,2-Monday,11:30,1100 Hours,District 6 (East Central),CEDAR RAPIDS,LINN,,50TH AVE SW,Collision with:  Vehicle in traffic,On Roadway,"Sideswipe, opposite direction",Unknown,None Indicated,,Daylight,Snow,Snow,,Non-intersection:  Non-junction/no special feature,Paved,,Property Damage Only,0,0,0,0,0,0,1717,2,3,,POINT (-91.661386127352 41.929615763676)
2014787748,4514-014,02/17/2014,02-February,2-Monday,16:20,1600 Hours,District 2 (Northeast),,HOWARD,,MAY AVE,Collision with:  Vehicle in traffic,On Roadway,Broadside (front to side),FTYROW:  From driveway,None Indicated,,Daylight,Snow,Cloudy,None apparent,Non-intersection:  Driveway access (within),Unpaved,,Property Damage Only,0,0,0,0,0,0,14000,2,2,,POINT (-92.304394214929 43.46967022802)
2014791456,2014011643,02/17/2014,02-February,2-Monday,09:55,0900 Hours,District 6 (East Central),,SCOTT,I-80,I-80,Collision with fixed object:  Guardrail - face,Median,Non-collision (single vehicle),Ran off road - left,None Indicated,,Daylight,Snow,Snow,"Surface condition (e.g., wet, icy)",Non-intersection:  Non-junction/no special feature,Paved,,Property Damage Only,0,0,0,0,0,0,3500,1,1,,POINT (-90.717074403652 41.603725116636)
2014785922,20140004453,02/17/2014,02-February,2-Monday,12:34,1200 Hours,District 1 (Central),DES MOINES,POLK,US 69,US 69/E 15TH ST,Collision with:  Vehicle in traffic,On Roadway,"Sideswipe, same direction",Unknown,None Indicated,,Daylight,Wet,Clear,None apparent,Non-intersection:  Non-junction/no special feature,Paved,,Property Damage Only,0,0,0,0,0,0,1510,2,2,,POINT (-93.594616742642 41.592218182992)
2014810030,2014-1191,02/17/2014,02-February,2-Monday,14:30,1400 Hours,District 6 (East Central),LE CLAIRE,SCOTT,I-80,I-80,Collision with fixed object:  Guardrail - face,Shoulder,Non-collision (single vehicle),Driving too fast for conditions,None Indicated,,Daylight,Snow,Clear,"Surface condition (e.g., wet, icy)",Intersection:  Intersection with ramp,Paved,,Property Damage Only,0,0,0,0,0,0,4000,1,2,,POINT (-90.37120035248 41.590334253131)
2014786172,14000910,02/17/2014,02-February,2-Monday,10:01,1000 Hours,District 2 (Northeast),,CERRO GORDO,US 65,US 65,Collision with fixed object:  Bridge overhead structure,On Roadway,Non-collision (single vehicle),Swerving/Evasive Action,None Indicated,,Daylight,Snow,Snow,None apparent,Non-intersection:  Other non-intersection (explain in narrative),Paved,,Property Damage Only,0,0,0,0,0,0,2700,1,2,,POINT (-93.201760207224 43.004290533372)
2014786314,14003668,02/17/2014,02-February,2-Monday,07:25,0700 Hours,District 5 (Southeast),OSKALOOSA,MAHASKA,US 63,US 63/N MARKET ST & IA 92/A AVE W/A AVE E,Collision with fixed object:  Utility pole/light support,On Roadway,Non-collision (single vehicle),Made improper turn,None Indicated,,Daylight,Ice/frost,Snow,None apparent,Intersection:  Four-way intersection,Paved,,Property Damage Only,0,0,0,0,0,0,5500,1,1,,POINT (-92.645083521332 41.296239109883)
2014786054,14-4771,02/17/2014,02-February,2-Monday,01:48,0100 Hours,District 3 (Northwest),SIOUX CITY,WOODBURY,I-29,I-29,Collision with fixed object:  Guardrail - face,On Roadway,Non-collision (single vehicle),Driving too fast for conditions,None Indicated,,Dark - roadway lighted,Ice/frost,"Sleet, hail","Surface condition (e.g., wet, icy)",Interchange-related:  On-ramp,Paved,,Property Damage Only,0,0,0,0,0,0,2500,1,1,,POINT (-96.403400053762 42.489420081706)
2014788582,BP14000129,02/17/2014,02-February,2-Monday,13:15,1300 Hours,District 2 (Northeast),BELMOND,WRIGHT,,3RD AVE NE,Collision with:  Vehicle in traffic,On Roadway,Unknown,FTYROW:  Other (explain in narrative),None Indicated,,Daylight,Wet,Clear,None apparent,Non-intersection:  Driveway access (within),Paved,,Property Damage Only,0,0,0,0,0,0,4500,2,2,,POINT (-93.612956622796 42.853116156539)
2014786980,2014011638,02/17/2014,02-February,2-Monday,09:35,0900 Hours,District 2 (Northeast),CLEAR LAKE,CERRO GORDO,I-35,I-35,Collision with:  Vehicle in traffic,On Roadway,Rear-end (front to rear),Followed too close,None Indicated,,Daylight,Snow,Snow,None apparent,Non-intersection:  Other non-intersection (explain in narrative),Paved,,Property Damage Only,0,0,0,0,0,0,35000,2,2,,POINT (-93.355906218697 43.142951635996)
2014786358,14-006410,02/17/2014,02-February,2-Monday,07:48,0700 Hours,District 4 (Southwest),COUNCIL BLUFFS,POTTAWATTAMIE,,BENNETT AVE,Collision with:  Vehicle in traffic,On Roadway,Rear-end (front to rear),Driving too fast for conditions,None Indicated,,Daylight,Snow,Clear,None apparent,Non-intersection:  Driveway access (within),Paved,,Property Damage Only,0,0,0,0,0,0,4300,3,3,,POINT (-95.819132354646 41.254672426923)
2014786316,14003680,02/17/2014,02-February,2-Monday,12:52,1200 Hours,District 5 (Southeast),OSKALOOSA,MAHASKA,,J AVE E & CARBONADO RD,Collision with fixed object:  Utility pole/light support,Roadside,Non-collision (single vehicle),Driving too fast for conditions,None Indicated,,Daylight,Snow,Clear,"Surface condition (e.g., wet, icy)",Non-intersection:  Non-junction/no special feature,Paved,,Property Damage Only,0,0,0,0,0,0,18000,1,1,,POINT (-92.62811784096 41.303463810011)
2014786346,14-0351,02/17/2014,02-February,2-Monday,19:07,1900 Hours,District 1 (Central),URBANDALE,POLK,,86TH ST,Collision with:  Vehicle in traffic,On Roadway,"Sideswipe, same direction",FTYROW:  Other (explain in narrative),None Indicated,,Dark - roadway lighted,Wet,Clear,None apparent,Non-intersection:  Non-junction/no special feature,Paved,,Property Damage Only,0,0,0,0,0,0,2000,2,5,,POINT (-93.736444055855 41.648754872103)
2014786333,20140004484,02/17/2014,02-February,2-Monday,18:22,1800 Hours,District 1 (Central),DES MOINES,POLK,US 6,US 6/DOUGLAS AVE,Collision with:  Vehicle in traffic,On Roadway,Rear-end (front to rear),"Operating vehicle in an reckless, erratic, careless, negligent manner",None Indicated,,Dark - roadway lighted,Wet,Cloudy,None apparent,Non-intersection:  Non-junction/no special feature,Paved,,Property Damage Only,0,0,0,0,0,0,2000,2,3,,POINT (-93.697422986755 41.629407697327)
2014791229,03202614,02/17/2014,02-February,2-Monday,11:21,1100 Hours,District 3 (Northwest),ESTHERVILLE,EMMET,,S 6TH ST & 1ST AVE S,Collision with:  Vehicle in traffic,On Roadway,Broadside (front to side),Other (explain in narrative):  Vision obstructed,None Indicated,,Daylight,Wet,Clear,None apparent,Non-intersection:  Non-junction/no special feature,Paved,,Possible/Unknown,0,1,0,0,1,0,17500,4,3,,POINT (-94.836618427453 43.401010395782)
2014788604,,02/17/2014,02-February,2-Monday,10:18,1000 Hours,District 3 (Northwest),LAURENS,POCAHONTAS,,WALNUT ST & 3RD ST,Collision with:  Vehicle in traffic,On Roadway,Broadside (front to side),Ran Traffic Signal,None Indicated,,Daylight,Snow,Clear,None apparent,Intersection:  Four-way intersection,Paved,,Property Damage Only,0,0,0,0,0,0,3000,2,2,,POINT (-94.851429334898 42.847764288341)
2014786331,20140004471,02/17/2014,02-February,2-Monday,15:45,1500 Hours,District 1 (Central),DES MOINES,POLK,,E TITUS AVE & S UNION ST,Collision with:  Vehicle in traffic,On Roadway,Rear-end (front to rear),Driving too fast for conditions,None Indicated,,Daylight,Snow,Clear,None apparent,Non-intersection:  Non-junction/no special feature,Paved,,Possible/Unknown,0,1,0,0,1,0,2600,2,4,,POINT (-93.616140815474 41.539096957551)
2014785972,20140004435,02/17/2014,02-February,2-Monday,10:16,1000 Hours,District 1 (Central),DES MOINES,POLK,,SE 6TH ST & INDIANOLA AVE & SE 5TH ST,Collision with:  Vehicle in traffic,On Roadway,Broadside (front to side),Ran Traffic Signal,None Indicated,,Daylight,Snow,Cloudy,None apparent,Intersection:  Four-way intersection,Paved,,Possible/Unknown,0,1,0,0,1,0,5300,3,6,,POINT (-93.605714956452 41.560094353377)
2014786309,14003379,02/17/2014,02-February,2-Monday,19:06,1900 Hours,District 6 (East Central),MARION,LINN,,44TH ST & 29TH AVE,Collision with:  Parked motor vehicle,On Roadway,Rear-end (front to rear),Illegally Parked/Unattended,None Indicated,,Dark - roadway lighted,Snow,Cloudy,"Surface condition (e.g., wet, icy)",Intersection:  Four-way intersection,Paved,,Property Damage Only,0,0,0,0,0,0,7500,2,1,,POINT (-91.561519418223 42.050291222171)
2014787236,,02/17/2014,02-February,2-Monday,04:52,0400 Hours,District 5 (Southeast),,DECATUR,I-35,I-35,Non-collision events:  Jackknife,On Roadway,Non-collision (single vehicle),Swerving/Evasive Action,None Indicated,,Dark - roadway lighted,Ice/frost,"Sleet, hail","Surface condition (e.g., wet, icy)",Non-intersection:  Non-junction/no special feature,Paved,,Property Damage Only,0,0,0,0,0,0,3000,1,2,,POINT (-93.798796187167 40.894799530715)
2014787187,S14-1570,02/17/2014,02-February,2-Monday,08:33,0800 Hours,District 3 (Northwest),,WOODBURY,,Co Rd D54/DEER RUN TRL,Non-collision events:  Overturn/rollover,On Roadway,Non-collision (single vehicle),Ran off road - left,None Indicated,,Daylight,Ice/frost,Clear,"Surface condition (e.g., wet, icy)",Non-intersection:  Non-junction/no special feature,Paved,,Possible/Unknown,0,1,0,0,0,1,5000,1,2,,POINT (-96.016371826176 42.321055879689)
2014786356,14-006408,02/17/2014,02-February,2-Monday,07:31,0700 Hours,District 4 (Southwest),COUNCIL BLUFFS,POTTAWATTAMIE,I-29,I-29,Collision with fixed object:  Bridge overhead structure,Shoulder,"Sideswipe, same direction",Swerving/Evasive Action,None Indicated,,Daylight,Snow,Snow,None apparent,Interchange-related:  On-ramp merge area,Paved,,Property Damage Only,0,0,0,0,0,0,10000,2,2,,POINT (-95.834717427958 41.222631954332)
2014786568,14001390,02/17/2014,02-February,2-Monday,11:20,1100 Hours,District 6 (East Central),,BUCHANAN,,NOLAN AVE,Non-collision events:  Overturn/rollover,On Roadway,Non-collision (single vehicle),Ran off road - left,None Indicated,,Daylight,Snow,Snow,"Surface condition (e.g., wet, icy)",Non-intersection:  Non-junction/no special feature,Unpaved,,Property Damage Only,0,0,0,0,0,0,4000,1,1,,POINT (-91.813568209634 42.366677858067)
2014788010,A14013,02/17/2014,02-February,2-Monday,03:58,0300 Hours,District 5 (Southeast),KNOXVILLE,MARION,IA 5,IA 5/IOWA 5,Collision with:  Vehicle in traffic,On Roadway,"Sideswipe, same direction",Other (explain in narrative):  No improper action,None Indicated,,Dark - roadway not lighted,Ice/frost,"Sleet, hail","Surface condition (e.g., wet, icy)",Non-intersection:  Non-junction/no special feature,Paved,,Property Damage Only,0,0,0,0,0,0,3000,2,2,,POINT (-93.117235904019 41.305860404927)
2014788726,31-2014,02/17/2014,02-February,2-Monday,08:00,0800 Hours,District 4 (Southwest),,HARRISON,,Co Rd F52/READING TRL,Collision with fixed object:  Ditch,On Roadway,Non-collision (single vehicle),Swerving/Evasive Action,None Indicated,,Daylight,Ice/frost,Clear,"Surface condition (e.g., wet, icy)",Non-intersection:  Non-junction/no special feature,Paved,,Property Damage Only,0,0,0,0,0,0,5000,1,1,,POINT (-95.773273986641 41.631508476287)
2014789695,,02/17/2014,02-February,2-Monday,18:28,1800 Hours,District 2 (Northeast),,WINNESHIEK,,Co Rd W34/NORTH WINN RD & 360TH ST,Collision with:  Vehicle in traffic,On Roadway,Broadside (front to side),Ran Stop Sign,None Indicated,,Dark - roadway not lighted,Snow,Cloudy,"Surface condition (e.g., wet, icy)",Intersection:  T-intersection,Paved,,Property Damage Only,0,0,0,0,0,0,2000,2,3,,POINT (-91.80971070104 43.457495764442)
2014788246,2014011560,02/17/2014,02-February,2-Monday,07:43,0700 Hours,District 5 (Southeast),,CLARKE,I-35,I-35,Non-collision events:  Other non-collision (explain in narrative),Shoulder,Non-collision (single vehicle),Ran off road - right,None Indicated,,Dawn,Ice/frost,Snow,"Surface condition (e.g., wet, icy)",Non-intersection:  Non-junction/no special feature,Paved,,Property Damage Only,0,0,0,0,0,0,1500,1,1,,POINT (-93.781898934232 41.054485866149)
2014810764,14-008-AC-C,02/17/2014,02-February,2-Monday,06:15,0600 Hours,District 3 (Northwest),MILFORD,DICKINSON,US 71,US 71/OKOBOJI AVE,Collision with:  Vehicle in traffic,On Roadway,Broadside (front to side),FTYROW:  From driveway,None Indicated,,Dark - roadway lighted,Snow,Other (explain in narrative),"Surface condition (e.g., wet, icy)",Non-intersection:  Driveway access (within),Paved,,Property Damage Only,0,0,0,0,0,0,4000,2,2,,POINT (-95.149966897374 43.320902277882)
2014793734,14036,02/17/2014,02-February,2-Monday,00:55,0000 Hours,District 5 (Southeast),PELLA,MARION,IA 163,IA 163/IOWA 163,Collision with:  Animal,,,Animal,None Indicated,,,,,,,Paved,,Property Damage Only,0,0,0,0,0,0,2000,1,1,,POINT (-92.939499926482 41.403403355818)
2014800079,1401119,02/17/2014,02-February,2-Monday,10:25,1000 Hours,District 5 (Southeast),WASHINGTON,WASHINGTON,,E 6TH ST & N 2ND AVE,Collision with:  Vehicle in traffic,On Roadway,Broadside (front to side),Ran Stop Sign,None Indicated,,Daylight,Snow,Snow,"Surface condition (e.g., wet, icy)",Intersection:  Four-way intersection,Paved,,Possible/Unknown,0,1,0,0,1,0,5100,2,3,,POINT (-91.690409146363 41.304144954844)
2014786323,14022015,02/17/2014,02-February,2-Monday,06:30,0600 Hours,District 4 (Southwest),CLARINDA,PAGE,,N 1ST ST,Collision with fixed object:  Other fixed object (explain in narrative),Roadside,Non-collision (single vehicle),Driving too fast for conditions,None Indicated,,Dark - roadway lighted,Snow,Snow,"Surface condition (e.g., wet, icy)",Non-intersection:  Driveway access (within),Paved,,Property Damage Only,0,0,0,0,0,0,3000,1,1,,POINT (-95.018261488707 40.747607467263)
2014788281,,02/17/2014,02-February,2-Monday,09:33,0900 Hours,District 4 (Southwest),,MILLS,,Co Rd H16/EASTMAN RD & Co Rd L31/195TH ST,Collision with:  Vehicle in traffic,On Roadway,Broadside (front to side),Ran Stop Sign,None Indicated,,Daylight,Snow,Cloudy,"Surface condition (e.g., wet, icy)",Intersection:  T-intersection,Paved,,Possible/Unknown,0,1,0,0,1,0,14000,2,2,,POINT (-95.818741213012 41.106381155191)
2014788784,14035,02/17/2014,02-February,2-Monday,08:59,0800 Hours,District 5 (Southeast),PELLA,MARION,,UNION ST & MAIN ST,Collision with:  Vehicle in traffic,On Roadway,Broadside (front to side),Ran Stop Sign,None Indicated,,Daylight,Snow,Snow,"Surface condition (e.g., wet, icy)",Intersection:  Four-way intersection,Paved,,Property Damage Only,0,0,0,0,0,0,8000,2,2,,POINT (-92.916504974751 41.404073544535)
2014785901,14-000772,02/17/2014,02-February,2-Monday,11:00,1100 Hours,District 1 (Central),ANKENY,POLK,US 69,US 69/N 14TH ST,Collision with:  Vehicle in traffic,On Roadway,"Sideswipe, same direction",Made improper turn,None Indicated,,Daylight,Snow,Clear,"Surface condition (e.g., wet, icy)",Non-intersection:  Non-junction/no special feature,Paved,,Property Damage Only,0,0,0,0,0,0,10500,2,3,,POINT (-93.600622756685 41.695102882726)
2014786352,14-000339,02/17/2014,02-February,2-Monday,15:35,1500 Hours,District 1 (Central),ALTOONA,POLK,,8TH ST SW,Collision with:  Vehicle in traffic,On Roadway,Broadside (front to side),Ran Traffic Signal,None Indicated,,Daylight,Wet,Clear,None apparent,Intersection:  Four-way intersection,Paved,,Possible/Unknown,0,1,0,0,1,0,7000,3,4,,POINT (-93.508888541794 41.644141924499)
2014786205,14-05426,02/17/2014,02-February,2-Monday,21:19,2100 Hours,District 5 (Southeast),BURLINGTON,DES MOINES,,E ROOSEVELT FRONTAGE & W ROOSEVELT FRONTAGE CONN,Collision with:  Vehicle in traffic,On Roadway,"Sideswipe, same direction",Unknown,None Indicated,,Dark - roadway lighted,Slush,Clear,"Surface condition (e.g., wet, icy)",Non-intersection:  Non-junction/no special feature,Paved,,Property Damage Only,0,0,0,0,0,0,2650,2,4,,POINT (-91.141113973731 40.824564256826)
2014785871,14-1056,02/17/2014,02-February,2-Monday,10:34,1000 Hours,District 1 (Central),GRIMES,POLK,IA 141,IA 141/IOWA 141,Collision with fixed object:  Bridge overhead structure,On Roadway,Non-collision (single vehicle),Ran off road - right,None Indicated,,Daylight,Snow,Snow,None apparent,Non-intersection:  Non-junction/no special feature,Paved,,Property Damage Only,0,0,0,0,0,0,5000,1,1,,POINT (-93.774716097006 41.707859924689)
2014786160,W14-016291,02/17/2014,02-February,2-Monday,16:36,1600 Hours,District 2 (Northeast),WATERLOO,BLACK HAWK,,HOWARD AVE & OREGON ST,Collision with:  Vehicle in traffic,On Roadway,"Sideswipe, same direction",Other (explain in narrative):  Other,None Indicated,,Daylight,Snow,Clear,"Surface condition (e.g., wet, icy)",Intersection:  T-intersection,Paved,,Property Damage Only,0,0,0,0,0,0,1800,2,2,,POINT (-92.33251449288 42.471173065645)
2014786807,140427,02/17/2014,02-February,2-Monday,16:20,1600 Hours,District 3 (Northwest),DENISON,CRAWFORD,US 30,US 30/4TH AVE S,Collision with:  Vehicle in traffic,On Roadway,"Sideswipe, same direction",FTYROW:  Other (explain in narrative),None Indicated,,Daylight,Dry,Clear,None apparent,Non-intersection:  Non-junction/no special feature,Paved,,Property Damage Only,0,0,0,0,0,0,4000,2,2,,POINT (-95.361769444637 42.012404818682)
2014786330,20140004462,02/17/2014,02-February,2-Monday,13:41,1300 Hours,District 1 (Central),DES MOINES,POLK,,GRAND AVE & 7TH ST,Collision with:  Vehicle in traffic,On Roadway,Broadside (front to side),Ran Traffic Signal,None Indicated,,Daylight,Wet,Clear,None apparent,Intersection:  Four-way intersection,Paved,,Possible/Unknown,0,1,0,0,1,0,10000,2,3,,POINT (-93.626522712766 41.58750007831)
2014786907,2014-10402,02/17/2014,02-February,2-Monday,03:16,0300 Hours,District 6 (East Central),DAVENPORT,SCOTT,,N DIVISION ST,Collision with fixed object:  Tree,On Roadway,Non-collision (single vehicle),Crossed centerline (undivided),Alcohol (Statutory),,Dark - roadway lighted,Dry,Clear,None apparent,Non-intersection:  Non-junction/no special feature,Paved,,Property Damage Only,0,0,0,0,0,0,8700,1,1,,POINT (-90.600824215564 41.550614703804)
2014785809,14-05395,02/17/2014,02-February,2-Monday,14:35,1400 Hours,District 5 (Southeast),BURLINGTON,DES MOINES,US 61,US 61 & AGENCY ST,Collision with:  Vehicle in traffic,On Roadway,Rear-end (front to rear),Driving too fast for conditions,None Indicated,,Daylight,Slush,Cloudy,None apparent,Intersection:  Four-way intersection,Paved,,Property Damage Only,0,0,0,0,0,0,3500,2,2,,POINT (-91.141444514185 40.814850143055)
2014786335,20140004468,02/17/2014,02-February,2-Monday,14:55,1400 Hours,District 1 (Central),DES MOINES,POLK,IA 163,IA 163/E UNIVERSITY AVE & E 17TH ST,Collision with:  Vehicle in traffic,On Roadway,"Angle, oncoming left turn",FTYROW:  Making left turn,None Indicated,,Daylight,Slush,Clear,None apparent,Intersection:  T-intersection,Paved,,Property Damage Only,0,0,0,0,0,0,6000,2,2,,POINT (-93.591503945839 41.600845165779)
2014786202,14-05403,02/17/2014,02-February,2-Monday,16:21,1600 Hours,District 5 (Southeast),BURLINGTON,DES MOINES,,SPRUCE ST & CENTRAL AVE,Collision with:  Vehicle in traffic,On Roadway,Broadside (front to side),Ran Stop Sign,None Indicated,,Daylight,Snow,Cloudy,"Surface condition (e.g., wet, icy)",Intersection:  Four-way intersection,Paved,,Property Damage Only,0,0,0,0,0,0,4000,2,2,,POINT (-91.111540845171 40.799870822718)
2014786230,01-14-6854,02/17/2014,02-February,2-Monday,10:00,1000 Hours,District 6 (East Central),DUBUQUE,DUBUQUE,IA 946,IA 946/IOWA 946,Collision with fixed object:  Other fixed object (explain in narrative),On Roadway,Non-collision (single vehicle),Lost Control,None Indicated,,Daylight,Snow,Snow,None apparent,Non-intersection:  Non-junction/no special feature,Paved,,Possible/Unknown,0,1,0,0,1,0,500,1,1,,POINT (-90.66481024278 42.493538589007)
2014786815,14-05355,02/17/2014,02-February,2-Monday,08:10,0800 Hours,District 5 (Southeast),BURLINGTON,DES MOINES,US 61,US 61,Collision with:  Vehicle in traffic,On Roadway,Rear-end (front to rear),Crossed centerline (undivided),None Indicated,,Daylight,Snow,Snow,None apparent,Non-intersection:  Other non-intersection (explain in narrative),Paved,,Property Damage Only,0,0,0,0,0,0,10000,2,2,,POINT (-91.156623768177 40.745318623173)
2014786370,S79140057,02/17/2014,02-February,2-Monday,08:10,0800 Hours,District 1 (Central),,POWESHIEK,I-80,I-80,Collision with fixed object:  Guardrail - face,Outside trafficway,"Sideswipe, same direction",Driving too fast for conditions,None Indicated,,Daylight,Snow,Snow,"Surface condition (e.g., wet, icy)",Non-intersection:  Non-junction/no special feature,Paved,,Property Damage Only,0,0,0,0,0,0,10200,2,2,,POINT (-92.402022961005 41.69619752972)
2014857295,,02/17/2014,02-February,2-Monday,13:13,1300 Hours,District 6 (East Central),WALCOTT,SCOTT,I-80,I-80 & Co Rd Y40/60 AVE,Collision with:  Vehicle in traffic,On Roadway,Rear-end (front to rear),Followed too close,None Indicated,,Daylight,Dry,Clear,None apparent,Interchange-related:  Off-ramp,Paved,,Property Damage Only,0,0,0,0,0,0,7000,2,2,,POINT (-90.783081920441 41.614978710959)
2014787702,14-1599,02/17/2014,02-February,2-Monday,06:45,0600 Hours,District 3 (Northwest),CARROLL,CARROLL,US 30,US 30/6TH ST & GRANT RD,Collision with fixed object:  Utility pole/light support,Outside trafficway,Non-collision (single vehicle),Unknown,None Indicated,,Dark - roadway lighted,Snow,Snow,"Surface condition (e.g., wet, icy)",Non-intersection:  Non-junction/no special feature,Paved,,Property Damage Only,0,0,0,0,0,0,7700,1,1,,POINT (-94.859249587253 42.06402215977)