Iowa DOT Case Number,Law Enforcement Case Number,Date of Crash,Month of Crash,Day of Week,Time of Crash,Hour,DOT District,City Name,County Name,Route with System,Location Description,First Harmful Event,Location of First Harmful Event,Manner of Crash/Collision,Major Cause,Drug or Alcohol ,Environmental Conditions,Light Conditions,Surface Conditions,Weather Conditions,Roadway Contribution,Roadway Type,Roadway Surface,Work Zone,Crash Severity,Number of Fatalities,Number of Injuries,Number of Major Injuries,Number of Minor Injuries,Number of Possible Injuries,Number of Unknown Injuries,Amount of Property Damage,Number of Vehicles Involved,Total Number of Occupants,Travel Direction,Location
2014820417,2014-19-AC,02/17/2014,02-February,2-Monday,13:54,1300 Hours,District 3 (Northwest),,DICKINSON,,Co Rd N14/310TH AVE,Non-collision events:  Overturn/rollover,Roadside,Non-collision (single vehicle),Driving too fast for conditions,None Indicated,,Daylight,Snow,Cloudy,"Surface condition (e.g., wet, icy)",Non-intersection:  Non-junction/no special feature,Paved,,Property Damage Only,0,0,0,0,0,0,2000,1,1,,POINT (-94.973581049778 43.334447015569)
2014786979,2014011592,02/17/2014,02-February,2-Monday,08:01,0800 Hours,District 1 (Central),ELLSWORTH,HAMILTON,IA 175,IA 175/330TH ST,Collision with:  Vehicle in traffic,On Roadway,Broadside (front to side),Ran Stop Sign,None Indicated,,Daylight,Snow,Snow,"Surface condition (e.g., wet, icy)",Intersection:  Four-way intersection,Paved,,Minor Injury,0,1,0,1,0,0,13500,2,3,,POINT (-93.501081211503 42.31057946001)
2014785952,20140004442,02/17/2014,02-February,2-Monday,11:00,1100 Hours,District 1 (Central),DES MOINES,POLK,,WOODLAND AVE & 35TH ST,Collision with:  Vehicle in traffic,On Roadway,Broadside (front to side),Swerving/Evasive Action,None Indicated,,Daylight,Snow,Clear,"Surface condition (e.g., wet, icy)",Intersection:  Four-way intersection,Paved,,Minor Injury,0,1,0,1,0,0,8000,2,3,,POINT (-93.664141451611 41.588153619488)
2014788245,2014011538,02/17/2014,02-February,2-Monday,06:30,0600 Hours,District 5 (Southeast),,CLARKE,I-35,I-35,Non-collision events:  Other non-collision (explain in narrative),On Roadway,Non-collision (single vehicle),Crossed centerline (undivided),None Indicated,,Dawn,Ice/frost,Snow,"Surface condition (e.g., wet, icy)",Non-intersection:  Non-junction/no special feature,Paved,,Possible/Unknown,0,1,0,0,1,0,3000,1,1,,POINT (-93.777069639729 41.102170860654)
2014786589,00435,02/17/2014,02-February,2-Monday,10:52,1000 Hours,District 6 (East Central),DYERSVILLE,DUBUQUE,US 20,US 20/SW RAMP/SW LOOP & IA 136/9TH ST SE,Collision with:  Vehicle in traffic,On Roadway,"Sideswipe, same direction",Traveling wrong way or on wrong side of road,None Indicated,,Daylight,Snow,Snow,None apparent,Interchange-related:  On-ramp merge area,Paved,,Property Damage Only,0,0,0,0,0,0,7000,2,2,,POINT (-91.114286661742 42.467301175052)
2014786315,14003678,02/17/2014,02-February,2-Monday,12:20,1200 Hours,District 5 (Southeast),OSKALOOSA,MAHASKA,,PEASLEY AVE & N 3RD ST,Collision with:  Vehicle in traffic,On Roadway,Rear-end (front to rear),Improper Backing,None Indicated,,Daylight,Snow,Clear,None apparent,Intersection:  T-intersection,Paved,,Property Damage Only,0,0,0,0,0,0,1500,2,2,,POINT (-92.641565926145 41.308253545637)
2014786591,P14-001936,02/17/2014,02-February,2-Monday,13:18,1300 Hours,District 1 (Central),WEBSTER CITY,HAMILTON,,,Collision with fixed object:  Other fixed object (explain in narrative),Shoulder,"Sideswipe, same direction",Other (explain in narrative):  Other,None Indicated,,Daylight,Slush,Clear,"Surface condition (e.g., wet, icy)",Non-intersection:  Non-junction/no special feature,,,Property Damage Only,0,0,0,0,0,0,12000,2,1,,POINT (-96.643700149993 40.233091251414)
2014786167,14-2749,02/17/2014,02-February,2-Monday,04:18,0400 Hours,District 2 (Northeast),,BREMER,IA 3,IA 3/IOWA 3,Non-collision events:  Overturn/rollover,Roadside,Non-collision (single vehicle),Ran off road - right,None Indicated,,Dark - roadway not lighted,Snow,Snow,"Surface condition (e.g., wet, icy)",Non-intersection:  Non-junction/no special feature,Paved,,Property Damage Only,0,0,0,0,0,0,2500,1,1,,POINT (-92.091673487353 42.714758906484)
2014785962,20140004443,02/17/2014,02-February,2-Monday,10:49,1000 Hours,District 1 (Central),DES MOINES,POLK,,E 46TH ST,Collision with:  Vehicle in traffic,On Roadway,Broadside (front to side),FTYROW:  From driveway,None Indicated,,Daylight,Snow,Cloudy,None apparent,Non-intersection:  Driveway access (within),Paved,,Possible/Unknown,0,1,0,0,1,0,8000,2,4,,POINT (-93.52229831646 41.639289951333)
2014787109,14-000655,02/17/2014,02-February,2-Monday,08:45,0800 Hours,District 3 (Northwest),,LYON,,Co Rd A18/140TH ST,Collision with fixed object:  Ditch,On Roadway,Non-collision (single vehicle),Ran off road - right,None Indicated,,Daylight,Ice/frost,Clear,"Surface condition (e.g., wet, icy)",Non-intersection:  Non-junction/no special feature,Paved,,Property Damage Only,0,0,0,0,0,0,3000,1,2,,POINT (-96.560698019668 43.447673726137)
2014786203,14-05398,02/17/2014,02-February,2-Monday,15:24,1500 Hours,District 5 (Southeast),BURLINGTON,DES MOINES,,MARKET ST,Collision with:  Vehicle in traffic,On Roadway,Broadside (front to side),Driving too fast for conditions,None Indicated,,Daylight,Snow,Cloudy,"Surface condition (e.g., wet, icy)",Non-intersection:  Non-junction/no special feature,Paved,,Property Damage Only,0,0,0,0,0,0,3000,3,3,,POINT (-91.138709516968 40.810896641402)
2014786392,2014-10441,02/17/2014,02-February,2-Monday,11:57,1100 Hours,District 6 (East Central),DAVENPORT,SCOTT,,W CENTRAL PARK AVE & EMERALD DR,Collision with:  Vehicle in traffic,On Roadway,Broadside (front to side),Made improper turn,None Indicated,,Daylight,Snow,Snow,"Surface condition (e.g., wet, icy)",Intersection:  T-intersection,Paved,,Property Damage Only,0,0,0,0,0,0,1500,2,2,,POINT (-90.636430519269 41.545417250812)
2014787683,14-016139,02/17/2014,02-February,2-Monday,08:35,0800 Hours,District 2 (Northeast),,BLACK HAWK,US 20,US 20,Non-collision events:  Overturn/rollover,,,Crossed centerline (undivided),None Indicated,,,,,,,Paved,,Property Damage Only,0,0,0,0,0,0,8000,1,2,,POINT (-92.088331325191 42.449353796397)
2014788248,2014011895,02/17/2014,02-February,2-Monday,21:45,2100 Hours,District 1 (Central),,JASPER,I-80,I-80,Collision with:  Animal,,,Animal,None Indicated,,,,,,,Paved,,Property Damage Only,0,0,0,0,0,0,9000,1,1,,POINT (-92.847052876135 41.695129471879)
2014786501,2014011855,02/17/2014,02-February,2-Monday,11:50,1100 Hours,District 1 (Central),,POLK,I-35,I-35,Collision with fixed object:  Ditch,Median,"Sideswipe, same direction",Driving too fast for conditions,None Indicated,,Daylight,Snow,Snow,"Surface condition (e.g., wet, icy)",Non-intersection:  Non-junction/no special feature,Paved,,Property Damage Only,0,0,0,0,0,0,3500,2,3,,POINT (-93.570385779486 41.792820963879)
2014786233,01-14-6944,02/17/2014,02-February,2-Monday,22:28,2200 Hours,District 6 (East Central),DUBUQUE,DUBUQUE,US 20,US 20/DODGE ST,,On Roadway,Non-collision (single vehicle),Crossed centerline (undivided),None Indicated,,Dark - roadway lighted,Snow,Clear,None apparent,Non-intersection:  Non-junction/no special feature,Paved,,Property Damage Only,0,0,0,0,0,0,1600,1,1,,POINT (-90.677271061704 42.489910682244)
2014787585,14-000777,02/17/2014,02-February,2-Monday,14:09,1400 Hours,District 1 (Central),AMES,STORY,,SE 16TH ST & S DAYTON AVE,Collision with:  Vehicle in traffic,On Roadway,"Angle, oncoming left turn",FTYROW:  Making left turn,None Indicated,,Daylight,Snow,Clear,None apparent,Intersection:  Four-way intersection,Paved,,Property Damage Only,0,0,0,0,0,0,9000,2,2,,POINT (-93.586628717421 42.008262224218)
2014786598,14-3974,02/17/2014,02-February,2-Monday,12:35,1200 Hours,District 1 (Central),,JASPER,I-80,I-80,Non-collision events:  Other non-collision (explain in narrative),Median,Non-collision (single vehicle),Ran off road - left,None Indicated,,Daylight,Wet,Clear,None apparent,Non-intersection:  Non-junction/no special feature,Paved,,Property Damage Only,0,0,0,0,0,0,8000,1,1,,POINT (-93.011330390474 41.682917902452)
2014787213,2014011739,02/17/2014,02-February,2-Monday,12:07,1200 Hours,District 6 (East Central),,CEDAR,I-80,I-80,Collision with:  Vehicle in traffic,On Roadway,Rear-end (front to rear),Followed too close,None Indicated,,Daylight,Snow,Snow,"Surface condition (e.g., wet, icy)",Non-intersection:  Non-junction/no special feature,Paved,,Property Damage Only,0,0,0,0,0,0,14000,2,2,,POINT (-91.027258187901 41.634200926734)
2014786056,14-4778,02/17/2014,02-February,2-Monday,04:43,0400 Hours,District 3 (Northwest),SIOUX CITY,WOODBURY,,18TH ST,Collision with fixed object:  Tree,On Roadway,Non-collision (single vehicle),Driving too fast for conditions,None Indicated,,Dark - roadway lighted,Snow,Snow,"Surface condition (e.g., wet, icy)",Non-intersection:  Non-junction/no special feature,Paved,,Possible/Unknown,0,1,0,0,1,0,20000,1,1,,POINT (-96.410596123374 42.509204849373)
2014786390,2014-10423,02/17/2014,02-February,2-Monday,08:50,0800 Hours,District 6 (East Central),DAVENPORT,SCOTT,,W LOMBARD ST & JEBENS AVE,Collision with:  Vehicle in traffic,On Roadway,Broadside (front to side),Ran Stop Sign,None Indicated,,Daylight,Snow,Snow,Non-highway work,Intersection:  Four-way intersection,Paved,,Property Damage Only,0,0,0,0,0,0,7500,2,2,,POINT (-90.615450554972 41.541831622895)
2014787127,20140004457,02/17/2014,02-February,2-Monday,13:01,1300 Hours,District 1 (Central),DES MOINES,POLK,,INDIANOLA AVE,Collision with fixed object:  Bridge pier or support,Roadside,Non-collision (single vehicle),Crossed centerline (undivided),None Indicated,,Daylight,Wet,Cloudy,None apparent,Non-intersection:  Non-junction/no special feature,Paved,,Possible/Unknown,0,1,0,0,1,0,10500,1,1,,POINT (-93.604149309805 41.559382006583)
2014790631,2014-10518,02/17/2014,02-February,2-Monday,21:47,2100 Hours,District 6 (East Central),DAVENPORT,SCOTT,,E 35TH ST & EASTERN AVE,Collision with:  Vehicle in traffic,On Roadway,"Angle, oncoming left turn",FTYROW:  Making left turn,None Indicated,,Dark - roadway lighted,Wet,Clear,None apparent,Intersection:  Other intersection (explain in narrative),Paved,,Property Damage Only,0,0,0,0,0,0,1750,2,4,,POINT (-90.551413090088 41.554814277808)
2014786324,14022016,02/17/2014,02-February,2-Monday,08:05,0800 Hours,District 4 (Southwest),CLARINDA,PAGE,,N 16TH ST,Collision with:  Parked motor vehicle,Outside trafficway,Broadside (front to side),Driving too fast for conditions,None Indicated,,Daylight,Snow,Clear,"Surface condition (e.g., wet, icy)",Intersection:  T-intersection,Paved,,Property Damage Only,0,0,0,0,0,0,4200,2,2,,POINT (-95.037398557336 40.748667307479)
2014788310,CL14000478,02/17/2014,02-February,2-Monday,17:12,1700 Hours,District 6 (East Central),CLINTON,CLINTON,,7TH AVE N & N 4TH ST,Collision with:  Vehicle in traffic,On Roadway,Broadside (front to side),Driving too fast for conditions,None Indicated,,Daylight,Snow,Snow,"Surface condition (e.g., wet, icy)",Non-intersection:  Non-junction/no special feature,Paved,,Property Damage Only,0,0,0,0,0,0,5000,2,2,,POINT (-90.192278888812 41.851782783151)
2014788011,A14014,02/17/2014,02-February,2-Monday,04:10,0400 Hours,District 5 (Southeast),KNOXVILLE,MARION,IA 5,IA 5/IOWA 5,Collision with:  Vehicle in traffic,On Roadway,"Sideswipe, same direction",Other (explain in narrative):  No improper action,None Indicated,,Dark - roadway not lighted,Ice/frost,"Sleet, hail","Surface condition (e.g., wet, icy)",Non-intersection:  Non-junction/no special feature,Paved,,Property Damage Only,0,0,0,0,0,0,1500,2,1,,POINT (-93.117235904019 41.305860404927)
2014785938,20410004415,02/17/2014,02-February,2-Monday,07:20,0700 Hours,District 1 (Central),DES MOINES,POLK,US 6,US 6/FREDERICK M HUBBELL AVE & E 38TH ST,Collision with:  Vehicle in traffic,On Roadway,Head-on (front to front),Made improper turn,None Indicated,,Daylight,Snow,Snow,None apparent,Non-intersection:  Non-junction/no special feature,Paved,,Property Damage Only,0,0,0,0,0,0,8500,2,3,,POINT (-93.541904595262 41.630534271569)
2014793852,2014-03112,02/17/2014,02-February,2-Monday,06:45,0600 Hours,District 5 (Southeast),INDIANOLA,WARREN,IA 92,IA 92/W 2ND AVE,Collision with:  Vehicle in traffic,On Roadway,Rear-end (front to rear),Followed too close,None Indicated,,Dark - roadway lighted,Ice/frost,"Sleet, hail","Surface condition (e.g., wet, icy)",Non-intersection:  Non-junction/no special feature,Paved,,Possible/Unknown,0,1,0,0,1,0,4000,2,2,,POINT (-93.590670071966 41.356162661644)
2014790166,,02/17/2014,02-February,2-Monday,08:10,0800 Hours,District 2 (Northeast),,WINNESHIEK,US 52,US 52 & BIG TIMBER RD,Collision with fixed object:  Traffic sign support,On Roadway,Non-collision (single vehicle),Ran off road - left,None Indicated,,Daylight,Ice/frost,"Sleet, hail",None apparent,Non-intersection:  Non-junction/no special feature,Paved,,Property Damage Only,0,0,0,0,0,0,2000,1,1,,POINT (-91.842736085286 43.248535976407)
2014788206,2014011875,02/17/2014,02-February,2-Monday,18:20,1800 Hours,District 6 (East Central),,JONES,US 151,US 151,Collision with:  Vehicle in traffic,On Roadway,"Sideswipe, same direction",Swerving/Evasive Action,None Indicated,,Dark - roadway not lighted,Snow,Clear,"Surface condition (e.g., wet, icy)",Non-intersection:  Non-junction/no special feature,Paved,,Property Damage Only,0,0,0,0,0,0,9500,2,2,,POINT (-91.230978135153 42.162146798579)
2014786469,2014011559,02/17/2014,02-February,2-Monday,07:00,0700 Hours,District 3 (Northwest),,CRAWFORD,US 59,US 59,Collision with:  Vehicle in traffic,On Roadway,"Sideswipe, same direction",Swerving/Evasive Action,None Indicated,,Dawn,Ice/frost,Snow,"Surface condition (e.g., wet, icy)",Non-intersection:  Non-junction/no special feature,Paved,,Property Damage Only,0,0,0,0,0,0,4500,2,3,,POINT (-95.344193975183 41.869417666677)
2014787251,,02/17/2014,02-February,2-Monday,10:07,1000 Hours,District 2 (Northeast),ALGONA,KOSSUTH,,W COLLEGE ST & E OAK ST & N GARFIELD ST,Collision with:  Vehicle in traffic,On Roadway,Broadside (front to side),FTYROW:  From yield sign,None Indicated,,Daylight,Snow,Snow,"Surface condition (e.g., wet, icy)",Intersection:  Four-way intersection,Paved,,Possible/Unknown,0,3,0,0,3,0,7000,2,3,,POINT (-94.22934075408 43.074452557121)
2014786572,021714-72,02/17/2014,02-February,2-Monday,08:16,0800 Hours,District 3 (Northwest),STORM LAKE,BUENA VISTA,,LAKE AVE & E 12TH ST,Collision with:  Vehicle in traffic,On Roadway,Broadside (front to side),Improper Backing,None Indicated,,Daylight,Snow,Cloudy,"Surface condition (e.g., wet, icy)",Intersection:  Four-way intersection,Paved,,Property Damage Only,0,0,0,0,0,0,3100,2,2,,POINT (-95.20080789689 42.654060181678)
2014789636,2014-3217,02/17/2014,02-February,2-Monday,11:24,1100 Hours,District 6 (East Central),,SCOTT,US 61,US 61/140 ST & Co Rd Y48/110 AVE,Collision with:  Vehicle in traffic,On Roadway,Broadside (front to side),Driving too fast for conditions,None Indicated,,Daylight,Snow,Snow,"Surface condition (e.g., wet, icy)",Intersection:  Four-way intersection,Paved,,Minor Injury,0,2,0,2,0,0,3500,2,3,,POINT (-90.688337943601 41.50848354221)
2014788516,14023099,02/17/2014,02-February,2-Monday,14:26,1400 Hours,District 6 (East Central),,JOHNSON,,Co Rd F28/250TH ST,Non-collision events:  Other non-collision (explain in narrative),On Roadway,Non-collision (single vehicle),Ran off road - right,None Indicated,,Daylight,Slush,Snow,None apparent,Non-intersection:  Non-junction/no special feature,Paved,,Property Damage Only,0,0,0,0,0,0,9000,1,1,,POINT (-91.668387138514 41.752770643284)
2014788247,2014011566,02/17/2014,02-February,2-Monday,07:43,0700 Hours,District 1 (Central),,POWESHIEK,I-80,I-80,Collision with:  Vehicle in traffic,On Roadway,"Sideswipe, same direction",Driving too fast for conditions,None Indicated,,Daylight,Ice/frost,Snow,"Surface condition (e.g., wet, icy)",Non-intersection:  Non-junction/no special feature,Paved,,Property Damage Only,0,0,0,0,0,0,8000,2,2,,POINT (-92.450423847468 41.695520459551)
2014786640,2014001419,02/17/2014,02-February,2-Monday,11:12,1100 Hours,District 1 (Central),MARSHALLTOWN,MARSHALL,IA 14,IA 14/3RD AVE & WEST RAMP & EAST RAMP,Unknown,On Roadway,Broadside (front to side),Other (explain in narrative):  Other,None Indicated,,Daylight,Snow,Clear,"Surface condition (e.g., wet, icy)",Non-intersection:  Other non-intersection (explain in narrative),Paved,,Property Damage Only,0,0,0,0,0,0,4000,2,2,,POINT (-92.907963037053 42.044246688887)
2014785973,20140004440,02/17/2014,02-February,2-Monday,10:30,1000 Hours,District 1 (Central),DES MOINES,POLK,,DUBUQUE AVE,Collision with:  Vehicle in traffic,On Roadway,Head-on (front to front),Lost Control,None Indicated,,Daylight,Snow,Cloudy,"Surface condition (e.g., wet, icy)",Non-intersection:  Non-junction/no special feature,Paved,,Property Damage Only,0,0,0,0,0,0,3000,2,2,,POINT (-93.54625667347 41.604230602168)
2014786465,14-4799,02/17/2014,02-February,2-Monday,05:45,0500 Hours,District 3 (Northwest),SIOUX CITY,WOODBURY,IA 12,IA 12/SIOUX RIVER RD,Collision with fixed object:  Tree,On Roadway,Non-collision (single vehicle),Swerving/Evasive Action,None Indicated,,Dark - roadway not lighted,Ice/frost,Clear,"Surface condition (e.g., wet, icy)",Non-intersection:  Non-junction/no special feature,Paved,,Property Damage Only,0,0,0,0,0,0,6000,1,1,,POINT (-96.475791186798 42.540325920821)
2014813011,,02/17/2014,02-February,2-Monday,12:05,1200 Hours,District 6 (East Central),CEDAR RAPIDS,LINN,,,Collision with:  Vehicle in traffic,On Roadway,Unknown,Unknown,None Indicated,,,,,,,,,Property Damage Only,0,0,0,0,0,0,1878,2,2,,POINT (-96.643700149993 40.233091251414)
2014786343,20140004424,02/17/2014,02-February,2-Monday,09:40,0900 Hours,District 1 (Central),DES MOINES,POLK,I-235,I-235,Collision with:  Vehicle in traffic,On Roadway,"Sideswipe, same direction",Lost Control,None Indicated,,Daylight,Snow,Snow,"Surface condition (e.g., wet, icy)",Interchange-related:  On-ramp merge area,Paved,,Property Damage Only,0,0,0,0,0,0,2000,2,5,,POINT (-93.648877157031 41.595005220338)
2014786318,14-001935,02/17/2014,02-February,2-Monday,06:11,0600 Hours,District 4 (Southwest),,MILLS,US 34,US 34 & Co Rd L66/350TH ST,Collision with fixed object:  Ditch,Outside trafficway,Non-collision (single vehicle),Over correcting/over steering,None Indicated,,Dawn,Snow,Snow,"Surface condition (e.g., wet, icy)",Non-intersection:  Non-junction/no special feature,Paved,,Property Damage Only,0,0,0,0,0,0,5800,1,1,,POINT (-95.51810958625 41.030737477706)
2014786497,2014011523,02/17/2014,02-February,2-Monday,05:30,0500 Hours,District 2 (Northeast),,CERRO GORDO,I-35,I-35,Non-collision events:  Overturn/rollover,Median,Non-collision (single vehicle),Driving too fast for conditions,None Indicated,,Dark - roadway not lighted,Snow,Snow,"Surface condition (e.g., wet, icy)",Non-intersection:  Non-junction/no special feature,Paved,,Property Damage Only,0,0,0,0,0,0,4000,1,1,,POINT (-93.348810336122 43.222854986741)
2014786057,14-4782,02/17/2014,02-February,2-Monday,05:52,0500 Hours,District 3 (Northwest),SIOUX CITY,WOODBURY,I-29,I-29,Collision with:  Vehicle in traffic,On Roadway,"Sideswipe, same direction",Driving too fast for conditions,None Indicated,,Dark - roadway not lighted,Ice/frost,"Sleet, hail","Surface condition (e.g., wet, icy)",Non-intersection:  Non-junction/no special feature,Paved,,Minor Injury,0,1,0,1,0,0,10000,2,3,,POINT (-96.380127117221 42.465068046298)
2014786201,141190,02/17/2014,02-February,2-Monday,06:49,0600 Hours,District 4 (Southwest),,DALLAS,IA 44,IA 44/240TH ST & Co Rd P46/D AVE,Non-collision events:  Overturn/rollover,Roadside,Non-collision (single vehicle),Ran off road - left,None Indicated,,Dawn,Snow,Snow,"Surface condition (e.g., wet, icy)",Non-intersection:  Non-junction/no special feature,Paved,,Property Damage Only,0,0,0,0,0,0,1500,1,1,,POINT (-94.222067721799 41.688337111379)
2014786770,14016228,02/17/2014,02-February,2-Monday,12:33,1200 Hours,District 2 (Northeast),CEDAR FALLS,BLACK HAWK,,UNIVERSITY AVE & CEDAR HEIGHTS DR,Collision with:  Vehicle in traffic,On Roadway,Rear-end (front to rear),Driving too fast for conditions,None Indicated,,Daylight,Snow,Clear,"Surface condition (e.g., wet, icy)",Intersection:  Four-way intersection,Paved,,Property Damage Only,0,0,0,0,0,0,1800,2,2,,POINT (-92.411215919042 42.506727212958)
2014797304,01-14-6878,02/17/2014,02-February,2-Monday,13:20,1300 Hours,District 6 (East Central),DUBUQUE,DUBUQUE,,PENNSYLVANIA AVE & BIES DR,Collision with:  Vehicle in traffic,On Roadway,"Angle, oncoming left turn",FTYROW:  Making left turn,None Indicated,,Daylight,Snow,Snow,None apparent,Intersection:  T-intersection,Paved,,Property Damage Only,0,0,0,0,0,0,2200,2,6,,POINT (-90.726337097903 42.500485676095)
2014787184,S14-1563,02/17/2014,02-February,2-Monday,07:53,0700 Hours,District 3 (Northwest),SIOUX CITY,WOODBURY,US 20,US 20,Collision with fixed object:  Ditch,Shoulder,Non-collision (single vehicle),Driving too fast for conditions,None Indicated,,Daylight,Slush,Snow,None apparent,Non-intersection:  Non-junction/no special feature,Paved,,Property Damage Only,0,0,0,0,0,0,2500,1,1,,POINT (-96.311318482426 42.475498116947)
2014786498,2014011563,02/17/2014,02-February,2-Monday,07:35,0700 Hours,District 1 (Central),,POLK,I-35,I-35,Non-collision events:  Other non-collision (explain in narrative),Median,Non-collision (single vehicle),Ran off road - left,None Indicated,,Daylight,Snow,Snow,"Surface condition (e.g., wet, icy)",Non-intersection:  Non-junction/no special feature,Paved,,Property Damage Only,0,0,0,0,0,0,3000,1,1,,POINT (-93.570368818193 41.803124981623)
2014786743,2014-0039,02/17/2014,02-February,2-Monday,09:45,0900 Hours,District 5 (Southeast),CARLISLE,WARREN,,ASH ST,Collision with:  Vehicle in traffic,On Roadway,Unknown,Traveling wrong way or on wrong side of road,None Indicated,,Daylight,Snow,Snow,None apparent,Non-intersection:  Non-junction/no special feature,Paved,,Property Damage Only,0,0,0,0,0,0,3000,2,2,,POINT (-93.488567555672 41.494042275476)
2014787173,201400008036,02/17/2014,02-February,2-Monday,07:30,0700 Hours,District 5 (Southeast),OTTUMWA,WAPELLO,,S BIRCH ST & N BIRCH ST,Collision with:  Vehicle in traffic,On Roadway,Broadside (front to side),Ran Stop Sign,None Indicated,,Daylight,Ice/frost,"Sleet, hail","Surface condition (e.g., wet, icy)",Intersection:  Four-way intersection,Paved,,Property Damage Only,0,0,0,0,0,0,3500,2,4,,POINT (-92.403027656784 41.012407301543)
2014786059,14-4788,02/17/2014,02-February,2-Monday,07:16,0700 Hours,District 3 (Northwest),SIOUX CITY,WOODBURY,,33RD ST,Collision with:  Vehicle in traffic,On Roadway,Broadside (front to side),Ran off road - right,None Indicated,,Daylight,Snow,Cloudy,None apparent,Non-intersection:  Non-junction/no special feature,Paved,,Property Damage Only,0,0,0,0,0,0,5000,2,1,,POINT (-96.400388372271 42.527202293252)
2014786588,00434,02/17/2014,02-February,2-Monday,10:36,1000 Hours,District 6 (East Central),DYERSVILLE,DUBUQUE,US 20,US 20,Collision with:  Vehicle in traffic,On Roadway,"Sideswipe, opposite direction",Driving too fast for conditions,None Indicated,,Daylight,Snow,Snow,None apparent,Non-intersection:  Non-junction/no special feature,Paved,,Property Damage Only,0,0,0,0,0,0,3000,2,2,,POINT (-91.121418515309 42.469606662877)
2014787044,2014-0607,02/17/2014,02-February,2-Monday,15:50,1500 Hours,District 4 (Southwest),WAUKEE,DALLAS,,BOONE DR,Collision with:  Vehicle in traffic,On Roadway,Rear-end (front to rear),Followed too close,None Indicated,,Daylight,Dry,Clear,None apparent,Non-intersection:  Non-junction/no special feature,Paved,,Possible/Unknown,0,1,0,0,1,0,4000,2,2,,POINT (-93.833603713458 41.604694878804)
2014788522,C14000515,02/17/2014,02-February,2-Monday,17:15,1700 Hours,District 6 (East Central),CORALVILLE,JOHNSON,US 6,US 6/2ND ST,Collision with:  Vehicle in traffic,On Roadway,Broadside (front to side),FTYROW:  From driveway,None Indicated,,Daylight,Wet,Clear,None apparent,Non-intersection:  Driveway access (within),Paved,,Property Damage Only,0,0,0,0,0,0,1700,2,3,,POINT (-91.599680851564 41.683700168847)
2014787584,14-000774,02/17/2014,02-February,2-Monday,09:32,0900 Hours,District 1 (Central),AMES,STORY,,MORTENSON PKWY & BEACH AVE,Collision with:  Vehicle in traffic,On Roadway,Rear-end (front to rear),Driving too fast for conditions,None Indicated,,Daylight,Snow,Snow,"Surface condition (e.g., wet, icy)",Non-intersection:  Non-junction/no special feature,Paved,,Property Damage Only,0,0,0,0,0,0,2500,2,3,,POINT (-93.640816751741 42.008467867055)
2014786638,14-003541,02/17/2014,02-February,2-Monday,17:28,1700 Hours,District 5 (Southeast),,MARION,,RUTLEDGE ST,Collision with fixed object:  Ditch,On Roadway,Non-collision (single vehicle),Driving too fast for conditions,None Indicated,,Dusk,Slush,Clear,"Surface condition (e.g., wet, icy)",Non-intersection:  Driveway access (within),Unpaved,,Property Damage Only,0,0,0,0,0,0,8000,1,1,,POINT (-93.153203022436 41.233665584414)
2014788083,2014-10476,02/17/2014,02-February,2-Monday,16:00,1600 Hours,District 6 (East Central),DAVENPORT,SCOTT,,W 14TH ST,Collision with:  Parked motor vehicle,On Roadway,Unknown,Driving too fast for conditions,None Indicated,,Daylight,Snow,Snow,None apparent,Non-intersection:  Non-junction/no special feature,Paved,,Property Damage Only,0,0,0,0,0,0,3000,2,1,,POINT (-90.595082715981 41.533760775538)
2014786616,201402361,02/17/2014,02-February,2-Monday,17:24,1700 Hours,District 6 (East Central),CEDAR RAPIDS,LINN,,1ST AVE W & EDGEWOOD RD SW & EDGEWOOD RD NW,Collision with:  Vehicle in traffic,On Roadway,Rear-end (front to rear),Driving too fast for conditions,None Indicated,,Daylight,Wet,Clear,None apparent,Intersection:  Four-way intersection,Paved,,Possible/Unknown,0,1,0,0,1,0,12500,2,3,,POINT (-91.716008957992 41.967580633151)
2014789704,,02/17/2014,02-February,2-Monday,07:58,0700 Hours,District 2 (Northeast),,FLOYD,,Co Rd B20/105TH ST & Co Rd S70/BALSAM AVE,Non-collision events:  Overturn/rollover,On Roadway,Non-collision (single vehicle),Swerving/Evasive Action,None Indicated,,Daylight,,Severe winds,,,Paved,,Possible/Unknown,0,1,0,0,1,0,1500,1,1,,POINT (-93.004246878935 43.205548252163)
2014787183,S14-1562,02/17/2014,02-February,2-Monday,07:23,0700 Hours,District 3 (Northwest),SIOUX CITY,WOODBURY,US 20,US 20/NW RAMP,Collision with:  Vehicle in traffic,On Roadway,Rear-end (front to rear),Driving too fast for conditions,None Indicated,,Daylight,Slush,Snow,None apparent,Interchange-related:  Off-ramp,Paved,,Property Damage Only,0,0,0,0,0,0,3000,2,4,,POINT (-96.326187142696 42.47603960417)