Iowa DOT Case Number,Law Enforcement Case Number,Date of Crash,Month of Crash,Day of Week,Time of Crash,Hour,DOT District,City Name,County Name,Route with System,Location Description,First Harmful Event,Location of First Harmful Event,Manner of Crash/Collision,Major Cause,Drug or Alcohol ,Environmental Conditions,Light Conditions,Surface Conditions,Weather Conditions,Roadway Contribution,Roadway Type,Roadway Surface,Work Zone,Crash Severity,Number of Fatalities,Number of Injuries,Number of Major Injuries,Number of Minor Injuries,Number of Possible Injuries,Number of Unknown Injuries,Amount of Property Damage,Number of Vehicles Involved,Total Number of Occupants,Travel Direction,Location
2014820418,2014-18-AC,02/17/2014,02-February,2-Monday,13:54,1300 Hours,District 3 (Northwest),,DICKINSON,US 71,US 71,Collision with:  Vehicle in traffic,On Roadway,"Sideswipe, same direction",Driving too fast for conditions,None Indicated,,Daylight,Snow,Snow,"Surface condition (e.g., wet, icy)",Non-intersection:  Non-junction/no special feature,Paved,,Property Damage Only,0,0,0,0,0,0,1800,2,2,,POINT (-95.022784735345 43.430516873287)
2014787191,S2014-001568,02/17/2014,02-February,2-Monday,08:55,0800 Hours,District 3 (Northwest),,WOODBURY,US 20,US 20,Non-collision events:  Overturn/rollover,Roadside,Non-collision (single vehicle),Crossed centerline (undivided),None Indicated,,Daylight,Ice/frost,Clear,"Surface condition (e.g., wet, icy)",Non-intersection:  Non-junction/no special feature,Paved,,Possible/Unknown,0,1,0,0,1,0,5000,1,4,,POINT (-96.133791692157 42.474902820502)
2014787108,14-000659,02/17/2014,02-February,2-Monday,09:45,0900 Hours,District 3 (Northwest),ROCK RAPIDS,LYON,,S TAMA ST,Collision with:  Vehicle in traffic,On Roadway,Rear-end (front to rear),Driving too fast for conditions,None Indicated,,Daylight,Snow,Clear,"Surface condition (e.g., wet, icy)",Non-intersection:  Non-junction/no special feature,Paved,,Property Damage Only,0,0,0,0,0,0,3500,2,1,,POINT (-96.166060830803 43.42145214577)
2014786058,14-4784,02/17/2014,02-February,2-Monday,06:30,0600 Hours,District 3 (Northwest),SIOUX CITY,WOODBURY,,SINGING HILLS BLVD,Collision with fixed object:  Utility pole/light support,On Roadway,Non-collision (single vehicle),Driving too fast for conditions,None Indicated,,Dark - roadway lighted,Slush,Cloudy,"Surface condition (e.g., wet, icy)",Non-intersection:  Non-junction/no special feature,Paved,,Property Damage Only,0,0,0,0,0,0,5000,1,1,,POINT (-96.359959663287 42.438422892451)
2014787214,2014011830,02/17/2014,02-February,2-Monday,15:13,1500 Hours,District 6 (East Central),DAVENPORT,SCOTT,,EASTERN AVE,Collision with:  Parked motor vehicle,Outside trafficway,"Sideswipe, opposite direction",Illegally Parked/Unattended,None Indicated,,Daylight,Snow,Cloudy,"Surface condition (e.g., wet, icy)",Non-intersection:  Non-junction/no special feature,Unpaved,,Property Damage Only,0,0,0,0,0,0,2500,2,1,,POINT (-90.551418423296 41.588317997787)
2014786204,14-05399,02/17/2014,02-February,2-Monday,15:37,1500 Hours,District 5 (Southeast),BURLINGTON,DES MOINES,,E ROOSEVELT FRONTAGE,Collision with:  Vehicle in traffic,On Roadway,"Sideswipe, opposite direction",Lost Control,None Indicated,,Daylight,Slush,Cloudy,"Surface condition (e.g., wet, icy)",Non-intersection:  Non-junction/no special feature,Paved,,Property Damage Only,0,0,0,0,0,0,2500,2,3,,POINT (-91.141182378711 40.807252314321)
2014786606,2014001830,02/17/2014,02-February,2-Monday,18:30,1800 Hours,District 6 (East Central),IOWA CITY,JOHNSON,,S GILBERT ST,Collision with:  Vehicle in traffic,On Roadway,Broadside (front to side),FTYROW:  Making left turn,None Indicated,,Dark - roadway lighted,Slush,Cloudy,"Surface condition (e.g., wet, icy)",Non-intersection:  Driveway access (within),Paved,,Property Damage Only,0,0,0,0,0,0,2700,2,2,,POINT (-91.532020051409 41.646891367335)
2014788535,14-000652,02/17/2014,02-February,2-Monday,00:15,0000 Hours,District 3 (Northwest),,LYON,,Co Rd K42/GARFIELD AVE,Non-collision events:  Overturn/rollover,Shoulder,Non-collision (single vehicle),Ran off road - left,None Indicated,,Dark - roadway not lighted,Ice/frost,"Sleet, hail","Surface condition (e.g., wet, icy)",Non-intersection:  Non-junction/no special feature,Paved,,Property Damage Only,0,0,0,0,0,0,5000,1,1,,POINT (-96.236326050054 43.260072578607)
2014785980,20140004416,02/17/2014,02-February,2-Monday,07:35,0700 Hours,District 1 (Central),DES MOINES,POLK,,GRAND AVE & 5TH AVE,Collision with:  Vehicle in traffic,On Roadway,Broadside (front to side),Driving too fast for conditions,None Indicated,,Daylight,Snow,Snow,None apparent,Intersection:  Four-way intersection,Paved,,Property Damage Only,0,0,0,0,0,0,2000,2,2,,POINT (-93.624068304755 41.588026840635)
2014786308,14003373,02/17/2014,02-February,2-Monday,17:59,1700 Hours,District 6 (East Central),MARION,LINN,,10TH AVE,Collision with:  Vehicle in traffic,On Roadway,Broadside (front to side),Lost Control,None Indicated,,Dark - roadway lighted,Snow,Cloudy,"Surface condition (e.g., wet, icy)",Intersection:  Four-way intersection,Paved,,Possible/Unknown,0,1,0,0,1,0,4700,2,2,,POINT (-91.552834862552 42.035753935258)
2014786169,14-001295,02/17/2014,02-February,2-Monday,16:52,1600 Hours,District 4 (Southwest),,CASS,,Co Rd G35/LANSING RD,Collision with:  Vehicle in traffic,On Roadway,Rear-end (front to rear),Other (explain in narrative):  Other,None Indicated,,Daylight,Dry,Clear,None apparent,Intersection:  T-intersection,Paved,,Property Damage Only,0,0,0,0,0,0,13000,2,2,,POINT (-94.984281792514 41.345874700418)
2014786852,20140004559,02/17/2014,02-February,2-Monday,18:40,1800 Hours,District 1 (Central),DES MOINES,POLK,,2ND AVE,Collision with:  Vehicle in traffic,On Roadway,"Sideswipe, same direction",Improper or erratic lane changing,None Indicated,,Dusk,Unknown,Unknown,None apparent,Non-intersection:  Non-junction/no special feature,Paved,,Property Damage Only,0,0,0,0,0,0,2300,2,2,,POINT (-93.619900283039 41.627636126717)
2014786055,14-4773,02/17/2014,02-February,2-Monday,01:55,0100 Hours,District 3 (Northwest),SIOUX CITY,WOODBURY,,11TH ST & STEUBEN ST,Collision with fixed object:  Other fixed object (explain in narrative),Shoulder,Non-collision (single vehicle),Driving too fast for conditions,None Indicated,,Dark - roadway lighted,Ice/frost,"Sleet, hail","Surface condition (e.g., wet, icy)",Intersection:  Four-way intersection,Paved,,Property Damage Only,0,0,0,0,0,0,6500,1,1,,POINT (-96.388893621681 42.501952474273)
2014786348,14-0840,02/17/2014,02-February,2-Monday,22:15,2200 Hours,District 1 (Central),WEST DES MOINES,POLK,I-35,I-35,Collision with fixed object:  Tree,Outside trafficway,Non-collision (single vehicle),Driving too fast for conditions,None Indicated,,Dark - roadway lighted,Ice/frost,Clear,"Surface condition (e.g., wet, icy)",Intersection:  Intersection with ramp,Paved,,Minor Injury,0,2,0,2,0,0,3000,1,2,,POINT (-93.776446039298 41.562734167654)
2014785974,20140004418,02/17/2014,02-February,2-Monday,07:54,0700 Hours,District 1 (Central),DES MOINES,POLK,,FOREST AVE,Collision with:  Vehicle in traffic,On Roadway,"Angle, oncoming left turn",FTYROW:  Making left turn,None Indicated,,Daylight,Snow,Snow,"Surface condition (e.g., wet, icy)",Non-intersection:  Driveway access (within),Paved,,Property Damage Only,0,0,0,0,0,0,5000,2,2,,POINT (-93.660391399805 41.603964897243)
2014786337,20140004508,02/17/2014,02-February,2-Monday,23:54,2300 Hours,District 1 (Central),DES MOINES,POLK,,E 22ND ST,Collision with fixed object:  Other fixed object (explain in narrative),On Roadway,Non-collision (single vehicle),Lost Control,None Indicated,,Dark - roadway lighted,Ice/frost,Clear,"Surface condition (e.g., wet, icy)",Non-intersection:  Non-junction/no special feature,Paved,,Property Damage Only,0,0,0,0,0,0,3500,1,1,,POINT (-93.577864883114 41.605427154936)
2014787211,2014011697,02/17/2014,02-February,2-Monday,11:23,1100 Hours,District 6 (East Central),,CEDAR,I-80,I-80,Collision with:  Vehicle in traffic,On Roadway,Rear-end (front to rear),Driving too fast for conditions,None Indicated,,Daylight,Snow,Snow,"Surface condition (e.g., wet, icy)",Non-intersection:  Non-junction/no special feature,Paved,,Possible/Unknown,0,1,0,0,1,0,15000,2,6,,POINT (-91.015998440183 41.633376607496)
2014788271,,02/17/2014,02-February,2-Monday,17:48,1700 Hours,District 2 (Northeast),MONONA,CLAYTON,,W 3RD ST & S WEST ST,Collision with:  Vehicle in traffic,On Roadway,"Angle, oncoming left turn",FTYROW:  From stop sign,None Indicated,,Dusk,Snow,Clear,"Surface condition (e.g., wet, icy)",Intersection:  T-intersection,Paved,,Property Damage Only,0,0,0,0,0,0,5500,2,2,,POINT (-91.392232592679 43.049229912613)
2014785798,2234-14,02/17/2014,02-February,2-Monday,10:08,1000 Hours,District 3 (Northwest),SPENCER,CLAY,,W 4TH ST & 2ND AVE W,Collision with:  Vehicle in traffic,On Roadway,"Angle, oncoming left turn",FTYROW:  Making left turn,None Indicated,,Daylight,Snow,Clear,None apparent,Intersection:  Four-way intersection,Paved,,Property Damage Only,0,0,0,0,0,0,2000,2,2,,POINT (-95.147494218775 43.14123141965)
2014786007,14-0826,02/17/2014,02-February,2-Monday,07:12,0700 Hours,District 1 (Central),WEST DES MOINES,POLK,,RACCOON RIVER DR,Collision with:  Vehicle in traffic,On Roadway,"Sideswipe, same direction",Crossed centerline (undivided),None Indicated,,Daylight,Slush,Snow,None apparent,Non-intersection:  Non-junction/no special feature,Paved,,Property Damage Only,0,0,0,0,0,0,7500,2,2,,POINT (-93.786886620405 41.538577747664)
2014786339,20140004404,02/17/2014,02-February,2-Monday,01:58,0100 Hours,District 1 (Central),DES MOINES,POLK,,2ND AVE,Collision with fixed object:  Curb/island/raised median,On Roadway,Non-collision (single vehicle),Crossed centerline (undivided),None Indicated,,Dark - roadway lighted,Wet,Clear,None apparent,Non-intersection:  Non-junction/no special feature,Paved,,Possible/Unknown,0,1,0,0,1,0,5000,1,1,,POINT (-93.619771982506 41.60546107334)
2014787020,,02/17/2014,02-February,2-Monday,15:15,1500 Hours,District 6 (East Central),CEDAR RAPIDS,LINN,I-380,I-380 & E AVE & 1ST ST NE & A AVE NE,Collision with:  Vehicle in traffic,On Roadway,Broadside (front to side),Unknown,None Indicated,,Daylight,Wet,Cloudy,,Non-intersection:  Other non-intersection (explain in narrative),Paved,,Property Damage Only,0,0,0,0,0,0,10000,2,3,,POINT (-91.671197407455 41.979292390269)
2014786181,201402172771,02/17/2014,02-February,2-Monday,11:20,1100 Hours,District 6 (East Central),,CLINTON,US 61,US 61,Collision with:  Vehicle in traffic,On Roadway,Rear-end (front to rear),Driving too fast for conditions,None Indicated,,Daylight,Snow,Snow,"Surface condition (e.g., wet, icy)",Non-intersection:  Non-junction/no special feature,Paved,,Property Damage Only,0,0,0,0,0,0,8000,2,2,,POINT (-90.567634962778 41.781584500065)
2014786344,20140004411,02/17/2014,02-February,2-Monday,05:38,0500 Hours,District 1 (Central),DES MOINES,POLK,US 69,US 69/E 14TH ST & OSCEOLA AVE,Collision with:  Vehicle in traffic,On Roadway,Broadside (front to side),FTYROW:  From stop sign,None Indicated,,Dark - roadway lighted,Ice/frost,"Sleet, hail",None apparent,Intersection:  T-intersection,Paved,,Property Damage Only,0,0,0,0,0,0,10000,2,2,,POINT (-93.60054347203 41.608994880533)
2014789404,140729,02/17/2014,02-February,2-Monday,11:22,1100 Hours,District 1 (Central),IOWA FALLS,HARDIN,US 65,US 65/OAK ST & RAILROAD ST,Collision with:  Vehicle in traffic,On Roadway,Broadside (front to side),FTYROW:  Other (explain in narrative),None Indicated,,Daylight,Snow,Snow,None apparent,Non-intersection:  Non-junction/no special feature,Paved,,Property Damage Only,0,0,0,0,0,0,2700,2,2,,POINT (-93.262996882504 42.518708892935)
2014790327,2014011854,02/17/2014,02-February,2-Monday,16:17,1600 Hours,District 6 (East Central),,JOHNSON,,SCALES BEND RD,Collision with:  Vehicle in traffic,On Roadway,Head-on (front to front),Crossed centerline (undivided),None Indicated,,Daylight,Slush,Clear,"Surface condition (e.g., wet, icy)",Non-intersection:  Non-junction/no special feature,Paved,,Major Injury,0,2,1,0,1,0,10000,2,3,,POINT (-91.595360881121 41.785532051745)
2014786391,2014-10429,02/17/2014,02-February,2-Monday,10:00,1000 Hours,District 6 (East Central),DAVENPORT,SCOTT,,E 53RD ST & SPRING ST,Collision with:  Vehicle in traffic,On Roadway,"Sideswipe, same direction",Made improper turn,None Indicated,,Daylight,Snow,Snow,"Surface condition (e.g., wet, icy)",Intersection:  T-intersection,Paved,,Property Damage Only,0,0,0,0,0,0,13000,2,3,,POINT (-90.54768517048 41.574755907258)
2014786006,14-0825,02/17/2014,02-February,2-Monday,07:05,0700 Hours,District 1 (Central),WEST DES MOINES,POLK,I-80,I-80,Collision with fixed object:  Guardrail - face,On Roadway,Non-collision (single vehicle),Lost Control,None Indicated,,Daylight,Slush,"Sleet, hail",None apparent,Non-intersection:  Other non-intersection (explain in narrative),Paved,,Property Damage Only,0,0,0,0,0,0,2500,1,1,,POINT (-93.779966707621 41.592209021469)
2014786235,01-14-6863,02/17/2014,02-February,2-Monday,11:09,1100 Hours,District 6 (East Central),DUBUQUE,DUBUQUE,,MADISON ST,Collision with:  Parked motor vehicle,On Roadway,Unknown,Lost Control,None Indicated,,Daylight,Snow,Snow,None apparent,Non-intersection:  Non-junction/no special feature,Paved,,Property Damage Only,0,0,0,0,0,0,5000,2,1,,POINT (-90.672381202761 42.50921767767)
2014787186,S14-1569,02/17/2014,02-February,2-Monday,09:07,0900 Hours,District 3 (Northwest),,WOODBURY,,120TH ST,Non-collision events:  Other non-collision (explain in narrative),Outside trafficway,Rear-end (front to rear),Driving too fast for conditions,None Indicated,,Daylight,Ice/frost,Clear,"Surface condition (e.g., wet, icy)",Non-intersection:  Non-junction/no special feature,Unpaved,,Property Damage Only,0,0,0,0,0,0,3000,2,2,,POINT (-96.322417676006 42.533228817017)
2014786350,14-0120,02/17/2014,02-February,2-Monday,05:37,0500 Hours,District 1 (Central),WINDSOR HEIGHTS,POLK,,UNIVERSITY AVE & 70TH ST,Collision with:  Vehicle in traffic,On Roadway,Broadside (front to side),Ran Traffic Signal,None Indicated,,Dark - roadway lighted,Ice/frost,"Sleet, hail",None apparent,Intersection:  Four-way intersection,Paved,,Property Damage Only,0,0,0,0,0,0,1800,2,2,,POINT (-93.713034032472 41.600371820803)
2014807715,2014011778,02/17/2014,02-February,2-Monday,12:50,1200 Hours,District 6 (East Central),,CEDAR,I-80,I-80,Collision with fixed object:  Tree,On Roadway,Non-collision (single vehicle),Ran off road - right,None Indicated,,Daylight,Ice/frost,Cloudy,"Surface condition (e.g., wet, icy)",Non-intersection:  Non-junction/no special feature,Paved,,Property Damage Only,0,0,0,0,0,0,3000,1,1,,POINT (-91.059893527648 41.641646638525)
2014786857,20140004456,02/17/2014,02-February,2-Monday,12:20,1200 Hours,District 1 (Central),DES MOINES,POLK,,MLK JR PKWY,Collision with:  Vehicle in traffic,On Roadway,Rear-end (front to rear),Followed too close,None Indicated,,Daylight,Wet,Clear,None apparent,Non-intersection:  Non-junction/no special feature,Paved,,Property Damage Only,0,0,0,0,0,0,3500,2,4,,POINT (-93.646872744431 41.616570790561)
2014786804,2245-14,02/17/2014,02-February,2-Monday,15:05,1500 Hours,District 3 (Northwest),SPENCER,CLAY,,GRAND AVE,Collision with:  Vehicle in traffic,On Roadway,Rear-end (front to rear),"Operating vehicle in an reckless, erratic, careless, negligent manner",None Indicated,,Daylight,Slush,Cloudy,None apparent,Non-intersection:  Non-junction/no special feature,Paved,,Property Damage Only,0,0,0,0,0,0,3000,2,3,,POINT (-95.145601468359 43.155313869051)
2014785979,20140004414,02/17/2014,02-February,2-Monday,06:42,0600 Hours,District 1 (Central),DES MOINES,POLK,,SAYLOR RD,Collision with fixed object:  Utility pole/light support,On Roadway,Non-collision (single vehicle),Driving too fast for conditions,None Indicated,,Dark - roadway lighted,Ice/frost,"Sleet, hail","Surface condition (e.g., wet, icy)",Intersection:  Four-way intersection,Paved,,Property Damage Only,0,0,0,0,0,0,5300,1,1,,POINT (-93.610938726169 41.611750358977)
2014786614,201402347,02/17/2014,02-February,2-Monday,09:36,0900 Hours,District 6 (East Central),CEDAR RAPIDS,LINN,,30TH ST DR SE,Non-collision events:  Other non-collision (explain in narrative),On Roadway,Non-collision (single vehicle),Other (explain in narrative):  Other,None Indicated,,Daylight,Snow,Snow,"Surface condition (e.g., wet, icy)",Non-intersection:  Non-junction/no special feature,Paved,,Minor Injury,0,1,0,1,0,0,100,1,1,,POINT (-91.620266640573 42.007493948649)
2014789270,14-000212,02/17/2014,02-February,2-Monday,15:31,1500 Hours,District 1 (Central),,STORY,,Co Rd E41/LINCOLN HWY & 580TH AVE,Collision with:  Vehicle in traffic,On Roadway,Rear-end (front to rear),FTYROW:  Other (explain in narrative),None Indicated,,Daylight,Wet,Clear,None apparent,Non-intersection:  Non-junction/no special feature,Paved,,Property Damage Only,0,0,0,0,0,0,9000,2,6,,POINT (-93.540888813643 42.023086564879)
2014785921,20140004434,02/17/2014,02-February,2-Monday,10:20,1000 Hours,District 1 (Central),DES MOINES,POLK,US 69,US 69/SE 14TH ST & E LACONA AVE,Collision with:  Vehicle in traffic,On Roadway,Rear-end (front to rear),Driving too fast for conditions,None Indicated,,Daylight,Slush,"Sleet, hail","Surface condition (e.g., wet, icy)",Non-intersection:  Non-junction/no special feature,Paved,,Property Damage Only,0,0,0,0,0,0,3500,2,2,,POINT (-93.596913036967 41.564058557427)
2014785998,20140004425,02/17/2014,02-February,2-Monday,08:40,0800 Hours,District 1 (Central),DES MOINES,POLK,I-235,I-235 & US 69/E 15TH ST & LYON ST,Collision with:  Vehicle in traffic,On Roadway,Broadside (front to side),Driving too fast for conditions,None Indicated,,Daylight,Snow,Snow,"Surface condition (e.g., wet, icy)",Intersection:  Four-way intersection,Paved,,Property Damage Only,0,0,0,0,0,0,2200,2,2,,POINT (-93.596103775181 41.596047569039)
2014788790,1402-014,02/17/2014,02-February,2-Monday,07:55,0700 Hours,District 3 (Northwest),,OSCEOLA,IA 9,IA 9/IOWA 9 & Co Rd M18/WHITE AVE,Collision with:  Vehicle in traffic,On Roadway,Rear-end (front to rear),Driving too fast for conditions,None Indicated,,Daylight,Ice/frost,"Blowing sand, soil, dirt","Surface condition (e.g., wet, icy)",Intersection:  Four-way intersection,Paved,,Possible/Unknown,0,1,0,0,1,0,10000,2,5,,POINT (-95.447302723577 43.43072445251)
2014785775,201400637,02/17/2014,02-February,2-Monday,11:27,1100 Hours,District 1 (Central),,BOONE,US 30,US 30/220TH ST,Collision with fixed object:  Bridge overhead structure,On Roadway,Non-collision (single vehicle),Ran off road - right,None Indicated,,Daylight,Wet,Clear,None apparent,Non-intersection:  Other non-intersection (explain in narrative),Paved,,Possible/Unknown,0,1,0,0,1,0,5600,1,1,,POINT (-93.926183769736 42.034701378993)
2014788222,2014001168,02/17/2014,02-February,2-Monday,10:55,1000 Hours,District 1 (Central),,POWESHIEK,I-80,I-80,Collision with:  Vehicle in traffic,On Roadway,"Sideswipe, same direction",Ran off road - left,None Indicated,,Daylight,Snow,Snow,"Surface condition (e.g., wet, icy)",Non-intersection:  Non-junction/no special feature,Paved,,Property Damage Only,0,0,0,0,0,0,4000,2,6,,POINT (-92.556879989251 41.696592721948)
2014786908,2014-10457,02/17/2014,02-February,2-Monday,13:48,1300 Hours,District 6 (East Central),DAVENPORT,SCOTT,,IA 461/HARRISON ST & W 5TH ST,Collision with:  Vehicle in traffic,On Roadway,Broadside (front to side),Driving too fast for conditions,None Indicated,,Daylight,Snow,Snow,"Surface condition (e.g., wet, icy)",Intersection:  Four-way intersection,Paved,,Property Damage Only,0,0,0,0,0,0,2500,2,3,,POINT (-90.577011080855 41.524672003176)
2014787084,201400470,02/17/2014,02-February,2-Monday,12:18,1200 Hours,District 6 (East Central),,LINN,IA 13,IA 13/IOWA 13,Non-collision events:  Overturn/rollover,Roadside,Non-collision (single vehicle),Driving too fast for conditions,None Indicated,,Daylight,Snow,Snow,None apparent,Non-intersection:  Non-junction/no special feature,Paved,,Property Damage Only,0,0,0,0,0,0,3500,1,1,,POINT (-91.54715537931 42.18144751182)
2014788337,14-00135,02/17/2014,02-February,2-Monday,16:00,1600 Hours,District 2 (Northeast),OELWEIN,FAYETTE,,CHARLES ST W & CHARLES ST E & FREDERICK AVE S & FREDERICK AVE N,Collision with fixed object:  Other fixed object (explain in narrative),On Roadway,Non-collision (single vehicle),Other (explain in narrative):  No improper action,None Indicated,,Daylight,Snow,Clear,None apparent,Intersection:  Four-way intersection,Paved,,Property Damage Only,0,0,0,0,0,0,2500,1,1,,POINT (-91.913385432461 42.678481167651)
2014786578,14-001347,02/17/2014,02-February,2-Monday,12:34,1200 Hours,District 6 (East Central),MANCHESTER,DELAWARE,,E MAIN ST & S BREWER ST & N BREWER ST,Collision with:  Vehicle in traffic,On Roadway,Broadside (front to side),FTYROW:  From driveway,None Indicated,,Daylight,Snow,Snow,"Surface condition (e.g., wet, icy)",Non-intersection:  Driveway access (within),Paved,,Property Damage Only,0,0,0,0,0,0,4800,2,2,,POINT (-91.454214195796 42.483999364327)
2014786008,14-0830,02/17/2014,02-February,2-Monday,09:45,0900 Hours,District 1 (Central),WEST DES MOINES,POLK,,22ND ST,Collision with:  Vehicle in traffic,On Roadway,Rear-end (front to rear),Driving too fast for conditions,None Indicated,,Daylight,Snow,Clear,"Surface condition (e.g., wet, icy)",Non-intersection:  Non-junction/no special feature,Paved,,Property Damage Only,0,0,0,0,0,0,4500,2,4,,POINT (-93.73612448336 41.598505912225)
2014793209,S201400312,02/17/2014,02-February,2-Monday,06:15,0600 Hours,District 3 (Northwest),,PALO ALTO,US 18,US 18/360 ST,Collision with:  Vehicle in traffic,On Roadway,Rear-end (front to rear),FTYROW:  From stop sign,None Indicated,,Dark - roadway not lighted,Snow,Snow,"Surface condition (e.g., wet, icy)",Intersection:  T-intersection,Paved,,Property Damage Only,0,0,0,0,0,0,8700,2,2,,POINT (-94.892135182681 43.126075052041)
2014785812,2014-0328,02/17/2014,02-February,2-Monday,08:35,0800 Hours,District 1 (Central),JEFFERSON,GREENE,,Co Rd E53/235TH,Collision with fixed object:  Mailbox,On Roadway,Non-collision (single vehicle),Driving too fast for conditions,None Indicated,,Daylight,Snow,Cloudy,"Surface condition (e.g., wet, icy)",Non-intersection:  Non-junction/no special feature,Paved,,Property Damage Only,0,0,0,0,0,0,2000,1,1,,POINT (-94.352377350635 42.015267833671)
2014787210,2014011665,02/17/2014,02-February,2-Monday,10:45,1000 Hours,District 1 (Central),,POWESHIEK,I-80,I-80 & Co Rd V18/V18 RD,Collision with fixed object:  Guardrail - face,Median,Non-collision (single vehicle),Swerving/Evasive Action,None Indicated,,Daylight,Snow,Clear,"Surface condition (e.g., wet, icy)",Non-intersection:  Non-junction/no special feature,Paved,,Property Damage Only,0,0,0,0,0,0,4000,1,1,,POINT (-92.445302363095 41.697153159755)
2014789967,14000587,02/17/2014,02-February,2-Monday,16:18,1600 Hours,District 5 (Southeast),,KEOKUK,IA 149,IA 149/IOWA 149,Collision with:  Vehicle in traffic,On Roadway,Rear-end (front to rear),Lost Control,None Indicated,,Daylight,Wet,Clear,None apparent,Non-intersection:  Non-junction/no special feature,Paved,,Property Damage Only,0,0,0,0,0,0,7000,2,2,,POINT (-92.20517137703 41.322200106857)
2014786231,01-14-6859,02/17/2014,02-February,2-Monday,10:25,1000 Hours,District 6 (East Central),DUBUQUE,DUBUQUE,IA 32,IA 32/IA32 NW ARTERIAL & PENNSYLVANIA AVE,Collision with:  Vehicle in traffic,On Roadway,Rear-end (front to rear),Lost Control,None Indicated,,Daylight,Snow,Snow,None apparent,Intersection:  Four-way intersection,Paved,,Property Damage Only,0,0,0,0,0,0,4000,2,3,,POINT (-90.740752968148 42.500969022354)
2014787368,PD1401429,02/17/2014,02-February,2-Monday,16:47,1600 Hours,District 5 (Southeast),FAIRFIELD,JEFFERSON,,E MADISON AVE & S D ST,Collision with:  Vehicle in traffic,On Roadway,Broadside (front to side),FTYROW:  From stop sign,None Indicated,,Daylight,Dry,Clear,None apparent,Intersection:  Four-way intersection,Paved,,Property Damage Only,0,0,0,0,0,0,2050,2,3,,POINT (-91.958469933448 41.002986897144)
2014786642,14-001956,02/17/2014,02-February,2-Monday,13:17,1300 Hours,District 4 (Southwest),GLENWOOD,MILLS,,N VINE ST,Collision with:  Vehicle in traffic,On Roadway,Rear-end (front to rear),Followed too close,None Indicated,,Daylight,Dry,Clear,None apparent,Non-intersection:  Non-junction/no special feature,Paved,,Property Damage Only,0,0,0,0,0,0,8500,2,3,,POINT (-95.741875552592 41.048234895071)
2014787212,2014011712,02/17/2014,02-February,2-Monday,11:15,1100 Hours,District 6 (East Central),,CEDAR,I-80,I-80,Collision with:  Vehicle in traffic,On Roadway,Rear-end (front to rear),Driving too fast for conditions,None Indicated,,Daylight,Snow,Snow,"Surface condition (e.g., wet, icy)",Non-intersection:  Non-junction/no special feature,Paved,,Property Damage Only,0,0,0,0,0,0,27000,2,2,,POINT (-91.017379412431 41.633364416049)
2014792282,2014-10418,02/17/2014,02-February,2-Monday,07:46,0700 Hours,District 6 (East Central),DAVENPORT,SCOTT,,W 67TH ST & NORTHWEST BLVD,Collision with:  Vehicle in traffic,On Roadway,Rear-end (front to rear),Driving too fast for conditions,None Indicated,,Daylight,Snow,Snow,"Surface condition (e.g., wet, icy)",Intersection:  T-intersection,Paved,,Possible/Unknown,0,1,0,0,1,0,7000,2,5,,POINT (-90.609897150032 41.589396152035)
2014787025,,02/17/2014,02-February,2-Monday,13:05,1300 Hours,District 5 (Southeast),FORT MADISON,LEE,,AVE H & 14TH ST,Collision with:  Vehicle in traffic,On Roadway,Rear-end (front to rear),Followed too close,None Indicated,,Daylight,Snow,Snow,"Surface condition (e.g., wet, icy)",Intersection:  T-intersection,Paved,,Possible/Unknown,0,2,0,0,2,0,2000,2,3,,POINT (-91.322737861367 40.630143544424)
2014785940,20140004423,02/17/2014,02-February,2-Monday,09:18,0900 Hours,District 1 (Central),DES MOINES,POLK,,JEFFERSON AVE & 16TH ST,Collision with:  Vehicle in traffic,On Roadway,Broadside (front to side),FTYROW:  From stop sign,None Indicated,,Daylight,Snow,Snow,"Surface condition (e.g., wet, icy)",Intersection:  T-intersection,Paved,,Possible/Unknown,0,1,0,0,1,0,5000,2,19,,POINT (-93.639047675377 41.610570720015)
2014790670,140217WVV01,02/17/2014,02-February,2-Monday,09:00,0900 Hours,District 3 (Northwest),ORANGE CITY,SIOUX,,5TH ST SW & COLORADO AVE SW,Collision with:  Vehicle in traffic,On Roadway,Broadside (front to side),FTYROW:  From yield sign,None Indicated,,Daylight,Snow,Clear,"Surface condition (e.g., wet, icy)",Intersection:  Four-way intersection,Paved,,Property Damage Only,0,0,0,0,0,0,6500,2,2,,POINT (-96.061185602761 43.001395440924)
2014787542,2014-10449,02/17/2014,02-February,2-Monday,12:29,1200 Hours,District 6 (East Central),DAVENPORT,SCOTT,,REDWOOD AVE,Collision with:  Vehicle in traffic,On Roadway,Broadside (front to side),FTYROW:  Other (explain in narrative),None Indicated,,Daylight,Snow,Snow,"Surface condition (e.g., wet, icy)",Non-intersection:  Alley,Paved,,Property Damage Only,0,0,0,0,0,0,3000,2,2,,POINT (-90.615654669474 41.51898649251)