Iowa DOT Case Number,Law Enforcement Case Number,Date of Crash,Month of Crash,Day of Week,Time of Crash,Hour,DOT District,City Name,County Name,Route with System,Location Description,First Harmful Event,Location of First Harmful Event,Manner of Crash/Collision,Major Cause,Drug or Alcohol ,Environmental Conditions,Light Conditions,Surface Conditions,Weather Conditions,Roadway Contribution,Roadway Type,Roadway Surface,Work Zone,Crash Severity,Number of Fatalities,Number of Injuries,Number of Major Injuries,Number of Minor Injuries,Number of Possible Injuries,Number of Unknown Injuries,Amount of Property Damage,Number of Vehicles Involved,Total Number of Occupants,Travel Direction,Location
2014786357,14-006409,02/17/2014,02-February,2-Monday,07:36,0700 Hours,District 4 (Southwest),COUNCIL BLUFFS,POTTAWATTAMIE,IA 92,IA 92/OMAHA BRIDGE RD & HARRY LANGDON BLVD,Collision with:  Vehicle in traffic,On Roadway,Rear-end (front to rear),Other (explain in narrative):  Other,None Indicated,,Dawn,Snow,Cloudy,"Surface condition (e.g., wet, icy)",Non-intersection:  Non-junction/no special feature,Paved,,Property Damage Only,0,0,0,0,0,0,8200,2,4,,POINT (-95.824455525173 41.226712048543)
2014787662,2014011606,02/17/2014,02-February,2-Monday,08:41,0800 Hours,District 1 (Central),,POLK,I-80,I-80,Collision with:  Vehicle in traffic,On Roadway,"Sideswipe, same direction",Unknown,None Indicated,,Daylight,Snow,Snow,"Surface condition (e.g., wet, icy)",Non-intersection:  Non-junction/no special feature,Paved,,Property Damage Only,0,0,0,0,0,0,4000,2,3,,POINT (-93.36481698545 41.680420934409)
2014786681,14-0349,02/17/2014,02-February,2-Monday,15:19,1500 Hours,District 1 (Central),URBANDALE,POLK,,DENNIS DR,Collision with:  Parked motor vehicle,On Roadway,"Sideswipe, same direction",Other (explain in narrative):  Other,Alcohol (Statutory),,Daylight,Wet,Clear,None apparent,Non-intersection:  Non-junction/no special feature,Paved,,Property Damage Only,0,0,0,0,0,0,2000,2,1,,POINT (-93.723576622041 41.627822910794)
2014785919,20140004413,02/17/2014,02-February,2-Monday,06:10,0600 Hours,District 1 (Central),DES MOINES,POLK,,PARK AVE,Collision with:  Vehicle in traffic,On Roadway,Rear-end (front to rear),Lost Control,None Indicated,,Dark - roadway lighted,Ice/frost,"Sleet, hail","Surface condition (e.g., wet, icy)",Non-intersection:  Non-junction/no special feature,Paved,,Possible/Unknown,0,1,0,0,1,0,3500,2,2,,POINT (-93.633264135828 41.555451288004)
2014786500,2014011849,02/17/2014,02-February,2-Monday,14:30,1400 Hours,District 4 (Southwest),,MADISON,US 169,US 169 & 290TH ST,Collision with fixed object:  Ditch,Roadside,Non-collision (single vehicle),Ran off road - right,None Indicated,,Daylight,"Mud, dirt",Clear,"Surface condition (e.g., wet, icy)",Non-intersection:  Non-junction/no special feature,Paved,,Property Damage Only,0,0,0,0,0,0,25100,1,1,,POINT (-94.042109201824 41.230186708218)
2014787209,2014011518,02/17/2014,02-February,2-Monday,00:45,0000 Hours,District 6 (East Central),,CEDAR,I-80,I-80,Non-collision events:  Overturn/rollover,Shoulder,Non-collision (single vehicle),Downhill runaway,None Indicated,,Dark - roadway not lighted,Dry,Clear,None apparent,Interchange-related:  On-ramp,Paved,,Major Injury,0,1,1,0,0,0,50500,1,1,,POINT (-91.248394028081 41.662291747813)
2014786461,14-0486,02/17/2014,02-February,2-Monday,15:30,1500 Hours,District 1 (Central),FORT DODGE,WEBSTER,,1ST AVE S & S 25TH ST,Collision with:  Vehicle in traffic,On Roadway,Broadside (front to side),FTYROW:  Making left turn,None Indicated,,Daylight,Wet,Clear,None apparent,Intersection:  Four-way intersection,Paved,,Property Damage Only,0,0,0,0,0,0,5000,2,2,,POINT (-94.163136568541 42.505263851403)
2014787069,201400419,02/17/2014,02-February,2-Monday,08:50,0800 Hours,District 6 (East Central),,LINN,US 151,US 151/DUBUQUE RD,Non-collision events:  Overturn/rollover,Median,Non-collision (single vehicle),Ran off road - left,None Indicated,,Daylight,Snow,Snow,"Surface condition (e.g., wet, icy)",Non-intersection:  Non-junction/no special feature,Paved,,Property Damage Only,0,0,0,0,0,0,2000,1,1,,POINT (-91.397388083541 42.064111327478)
2014788445,2014011673,02/17/2014,02-February,2-Monday,10:58,1000 Hours,District 2 (Northeast),,WORTH,I-35,I-35 & Co Rd A27/450TH ST,Collision with:  Vehicle in traffic,On Roadway,"Sideswipe, same direction",Ran off road - right,None Indicated,,Daylight,Snow,"Blowing sand, soil, dirt",None apparent,Non-intersection:  Non-junction/no special feature,Paved,,Property Damage Only,0,0,0,0,0,0,3000,2,2,,POINT (-93.34956557343 43.415037359494)
2014786030,14-006401,02/17/2014,02-February,2-Monday,05:58,0500 Hours,District 4 (Southwest),COUNCIL BLUFFS,POTTAWATTAMIE,US 6,US 6/W BROADWAY,Collision with:  Vehicle in traffic,On Roadway,"Sideswipe, same direction",Swerving/Evasive Action,None Indicated,,Dark - roadway lighted,Snow,Snow,"Surface condition (e.g., wet, icy)",Non-intersection:  Non-junction/no special feature,Paved,,Property Damage Only,0,0,0,0,0,0,4000,2,2,,POINT (-95.885808126109 41.2619354928)
2014788788,1402-015,02/17/2014,02-February,2-Monday,05:40,0500 Hours,District 3 (Northwest),,OSCEOLA,IA 9,IA 9/IOWA 9 & Co Rd L36/OLIVE AVE,Non-collision events:  Overturn/rollover,Shoulder,Non-collision (single vehicle),Crossed centerline (undivided),None Indicated,,Dark - roadway not lighted,Snow,Snow,"Surface condition (e.g., wet, icy)",Intersection:  Four-way intersection,Paved,,Possible/Unknown,0,1,0,0,0,1,2500,1,4,,POINT (-95.761459104308 43.432694779617)
2014786336,20140004479,02/17/2014,02-February,2-Monday,16:15,1600 Hours,District 1 (Central),DES MOINES,POLK,,MAHASKA AVE & WILLIAMS ST,Collision with:  Non-motorist (see non-motorist section - NOT a unit),On Roadway,Non-collision (single vehicle),Unknown,None Indicated,,Daylight,Slush,Clear,Unknown,Intersection:  T-intersection,Paved,,Minor Injury,0,1,0,1,0,0,0,1,1,,POINT (-93.533365483438 41.602462662017)
2014786466,14-4813,02/17/2014,02-February,2-Monday,13:05,1300 Hours,District 3 (Northwest),SIOUX CITY,WOODBURY,,TRI-VIEW AVE,Collision with:  Vehicle in traffic,On Roadway,Rear-end (front to rear),Driving too fast for conditions,None Indicated,,Daylight,Wet,Clear,None apparent,Non-intersection:  Non-junction/no special feature,Paved,,Property Damage Only,0,0,0,0,0,0,4700,2,3,,POINT (-96.412534587842 42.492056595041)
2014785971,20140004422,02/17/2014,02-February,2-Monday,11:25,1100 Hours,District 1 (Central),DES MOINES,POLK,IA 28,IA 28/MERLE HAY RD & NW MEREDITH DR,Collision with:  Vehicle in traffic,On Roadway,Broadside (front to side),Ran Traffic Signal,None Indicated,,Daylight,Wet,Clear,None apparent,Intersection:  Four-way intersection,Paved,,Property Damage Only,0,0,0,0,0,0,3000,2,2,,POINT (-93.697699600309 41.643925559359)
2014787185,S14-1566,02/17/2014,02-February,2-Monday,08:20,0800 Hours,District 3 (Northwest),SIOUX CITY,WOODBURY,US 75,US 75,Collision with fixed object:  Curb/island/raised median,Shoulder,Non-collision (single vehicle),Ran off road - right,None Indicated,,Daylight,Ice/frost,Snow,"Surface condition (e.g., wet, icy)",Non-intersection:  Non-junction/no special feature,Paved,,Property Damage Only,0,0,0,0,0,0,2300,1,1,,POINT (-96.334529961333 42.513985163078)
2014786933,14-1782,02/17/2014,02-February,2-Monday,05:35,0500 Hours,District 3 (Northwest),,SIOUX,,Co Rd K64/JACKSON AVE,Collision with:  Vehicle in traffic,On Roadway,"Sideswipe, opposite direction",Lost Control,None Indicated,,Dark - roadway not lighted,Snow,Snow,"Surface condition (e.g., wet, icy)",Non-intersection:  Non-junction/no special feature,Paved,,Property Damage Only,0,0,0,0,0,0,7000,2,2,,POINT (-96.057531017233 42.929198339251)
2014786557,14016363,02/17/2014,02-February,2-Monday,20:14,2000 Hours,District 2 (Northeast),CEDAR FALLS,BLACK HAWK,,W 27TH ST & HUDSON RD & UNIVERSITY OF NORTHERN IA,Collision with:  Vehicle in traffic,On Roadway,"Angle, oncoming left turn",FTYROW:  Making left turn,None Indicated,,Dark - unknown roadway lighting,Wet,Cloudy,None apparent,Intersection:  Four-way intersection,Paved,,Property Damage Only,0,0,0,0,0,0,1700,2,3,,POINT (-92.465556732739 42.513135486498)
2014808029,2014011574,02/17/2014,02-February,2-Monday,07:44,0700 Hours,District 2 (Northeast),,BLACK HAWK,US 63,US 63/LOGAN AVE,Collision with fixed object:  Ditch,Roadside,Non-collision (single vehicle),Ran off road - right,None Indicated,,Daylight,Snow,Snow,None apparent,Non-intersection:  Non-junction/no special feature,Paved,,Major Injury,0,1,1,0,0,0,0,1,1,,POINT (-92.337513790699 42.629000790494)
2014786618,201402369,02/17/2014,02-February,2-Monday,21:24,2100 Hours,District 6 (East Central),CEDAR RAPIDS,LINN,I-380,I-380,Collision with fixed object:  Curb/island/raised median,On Roadway,Non-collision (single vehicle),Swerving/Evasive Action,None Indicated,,Dark - roadway lighted,Slush,Clear,"Surface condition (e.g., wet, icy)",Interchange-related:  Off-ramp,Paved,,Property Damage Only,0,0,0,0,0,0,5000,1,1,,POINT (-91.67034848251 41.954532811737)
2014899584,NT-14-028,02/17/2014,02-February,2-Monday,07:25,0700 Hours,District 1 (Central),NEVADA,STORY,,W 4TH ST,Collision with:  Vehicle in traffic,On Roadway,"Sideswipe, opposite direction",Equipment failure,None Indicated,,Daylight,Snow,Snow,"Surface condition (e.g., wet, icy)",Non-intersection:  Non-junction/no special feature,Paved,,Property Damage Only,0,0,0,0,0,0,5000,2,2,,POINT (-93.462884147092 42.015006462589)
2014786194,140422,02/17/2014,02-February,2-Monday,08:07,0800 Hours,District 3 (Northwest),DENISON,CRAWFORD,US 30,US 30 & US 59,Collision with fixed object:  Ditch,On Roadway,Non-collision (single vehicle),Driving too fast for conditions,None Indicated,,Dawn,Snow,Clear,Unknown,Intersection:  Other intersection (explain in narrative),Paved,,Possible/Unknown,0,1,0,0,1,0,5000,1,1,,POINT (-95.367256590604 42.004717815207)
2014786332,20140004477,02/17/2014,02-February,2-Monday,16:48,1600 Hours,District 1 (Central),DES MOINES,POLK,IA 163,IA 163/E UNIVERSITY AVE & E 27TH ST,Collision with:  Vehicle in traffic,On Roadway,Broadside (front to side),FTYROW:  From stop sign,None Indicated,,Daylight,Wet,Clear,None apparent,Intersection:  Four-way intersection,Paved,,Possible/Unknown,0,3,0,0,3,0,2200,2,5,,POINT (-93.565328956925 41.600490465888)
2014788727,32-2014,02/18/2014,02-February,3-Tuesday,22:00,2200 Hours,District 4 (Southwest),,HARRISON,,Co Rd L20/LOESS HILLS TRL & 291ST ST,Collision with:  Animal,,,Animal,None Indicated,,,,,,,Paved,,Property Damage Only,0,0,0,0,0,0,2500,1,1,,POINT (-95.896765640411 41.586366838334)
2014786644,14022017,02/18/2014,02-February,3-Tuesday,14:48,1400 Hours,District 4 (Southwest),CLARINDA,PAGE,,E LINCOLN ST & N 10TH ST,Collision with:  Vehicle in traffic,On Roadway,Broadside (front to side),Other (explain in narrative):  No improper action,None Indicated,,Daylight,Wet,Cloudy,None apparent,Intersection:  Four-way intersection,Paved,,Property Damage Only,0,0,0,0,0,0,2000,2,3,,POINT (-95.030059039101 40.741401291563)
2014786633,14003438,02/18/2014,02-February,3-Tuesday,13:23,1300 Hours,District 6 (East Central),MARION,LINN,,44TH ST & 10TH AVE,Collision with:  Vehicle in traffic,On Roadway,Broadside (front to side),Ran Traffic Signal,None Indicated,,Daylight,Wet,Clear,None apparent,Intersection:  Four-way intersection,Paved,,Minor Injury,0,2,0,1,1,0,14000,2,3,,POINT (-91.562883076073 42.035898224293)
2014786180,1402182771,02/18/2014,02-February,3-Tuesday,10:00,1000 Hours,District 6 (East Central),,CLINTON,,150 ST,Non-collision events:  Overturn/rollover,On Roadway,Non-collision (single vehicle),Driving too fast for conditions,None Indicated,,Daylight,Snow,Clear,"Surface condition (e.g., wet, icy)",Non-intersection:  Non-junction/no special feature,Paved,,Property Damage Only,0,0,0,0,0,0,3000,1,1,,POINT (-90.341836765931 41.960603381544)
2014786894,14-3278,02/18/2014,02-February,3-Tuesday,06:24,0600 Hours,District 6 (East Central),WALCOTT,SCOTT,,JAMES ST,Collision with:  Vehicle in traffic,On Roadway,Head-on (front to front),Other (explain in narrative):  Vision obstructed,None Indicated,,Daylight,Snow,Clear,None apparent,Non-intersection:  Non-junction/no special feature,Paved,,Property Damage Only,0,0,0,0,0,0,7600,2,2,,POINT (-90.777159549387 41.588232132905)
2014787061,02-14-2918,02/18/2014,02-February,3-Tuesday,16:30,1600 Hours,District 6 (East Central),FARLEY,DUBUQUE,,OLDE CASTLE RD,Collision with fixed object:  Ditch,On Roadway,Non-collision (single vehicle),FTYROW:  From stop sign,None Indicated,,Daylight,Wet,Cloudy,None apparent,Intersection:  Four-way intersection,Paved,,Possible/Unknown,0,1,0,0,1,0,2500,2,5,,POINT (-91.020209221257 42.447388105462)
2014787085,201400483,02/18/2014,02-February,3-Tuesday,18:30,1800 Hours,District 6 (East Central),,LINN,,CEDAR RIVER RD,Collision with:  Animal,,,Animal,None Indicated,,,,,,,Paved,,Property Damage Only,0,0,0,0,0,0,1500,1,1,,POINT (-91.481603377024 41.901683250437)
2014786699,2014-10606,02/18/2014,02-February,3-Tuesday,08:55,0800 Hours,District 6 (East Central),DAVENPORT,SCOTT,,W 38TH ST & N DIVISION ST,Collision with:  Vehicle in traffic,On Roadway,Broadside (front to side),FTYROW:  Making left turn,None Indicated,,Daylight,Wet,Clear,None apparent,Intersection:  Four-way intersection,Paved,,Property Damage Only,0,0,0,0,0,0,7500,2,4,,POINT (-90.600688277936 41.558177249412)
2014786778,W14-016662,02/18/2014,02-February,3-Tuesday,15:26,1500 Hours,District 2 (Northeast),WATERLOO,BLACK HAWK,,ANSBOROUGH AVE,Collision with:  Vehicle in traffic,On Roadway,Rear-end (front to rear),Unknown,None Indicated,,Daylight,Wet,Clear,None apparent,Non-intersection:  Non-junction/no special feature,Paved,,Possible/Unknown,0,4,0,0,4,0,5250,2,4,,POINT (-92.376612140449 42.471151219315)
2014786622,201402403,02/18/2014,02-February,3-Tuesday,15:15,1500 Hours,District 6 (East Central),CEDAR RAPIDS,LINN,,42ND ST NE & NORTHWOOD DR NE,Collision with:  Vehicle in traffic,On Roadway,"Angle, oncoming left turn",Made improper turn,None Indicated,,Daylight,Wet,Cloudy,None apparent,Intersection:  Four-way intersection,Paved,,Property Damage Only,0,0,0,0,0,0,2050,2,12,,POINT (-91.674700294256 42.021645006433)
2014786689,14-006596,02/18/2014,02-February,3-Tuesday,10:25,1000 Hours,District 4 (Southwest),COUNCIL BLUFFS,POTTAWATTAMIE,IA 192,IA 192/N 16TH ST & AVE B,Collision with:  Vehicle in traffic,On Roadway,Broadside (front to side),Ran Traffic Signal,None Indicated,,Daylight,Dry,Cloudy,None apparent,Intersection:  Four-way intersection,Paved,,Possible/Unknown,0,1,0,0,1,0,4500,2,5,,POINT (-95.86754915025 41.263634956503)
2014786634,14003464,02/18/2014,02-February,3-Tuesday,17:12,1700 Hours,District 6 (East Central),MARION,LINN,,7TH AVE & 9TH ST,Collision with:  Vehicle in traffic,On Roadway,Broadside (front to side),FTYROW:  From stop sign,None Indicated,,Dusk,Wet,Clear,None apparent,Intersection:  Four-way intersection,Paved,,Property Damage Only,0,0,0,0,0,0,10000,2,5,,POINT (-91.600499900294 42.033318998728)
2014800081,1401140,02/18/2014,02-February,3-Tuesday,07:35,0700 Hours,District 5 (Southeast),WASHINGTON,WASHINGTON,IA 92,IA 92/E WASHINGTON ST & S 9TH AVE,Collision with:  Vehicle in traffic,On Roadway,Rear-end (front to rear),Followed too close,None Indicated,,Daylight,Wet,Clear,None apparent,Intersection:  Four-way intersection,Paved,,Property Damage Only,0,0,0,0,0,0,11000,2,5,,POINT (-91.682463923238 41.29829851275)
2014790088,2014-10578,02/18/2014,02-February,3-Tuesday,05:56,0500 Hours,District 6 (East Central),DAVENPORT,SCOTT,,W 76TH ST,Collision with:  Vehicle in traffic,On Roadway,Broadside (front to side),FTYROW:  From driveway,None Indicated,,Daylight,Snow,Snow,"Surface condition (e.g., wet, icy)",Non-intersection:  Driveway access (within),Paved,,Property Damage Only,0,0,0,0,0,0,5000,2,2,,POINT (-90.574712322541 41.593846561206)
2014786647,E201400316,02/18/2014,02-February,3-Tuesday,10:50,1000 Hours,District 3 (Northwest),EMMETSBURG,PALO ALTO,US 18,US 18/9TH ST OR MAIN & LAWLER ST,Collision with:  Vehicle in traffic,On Roadway,Broadside (front to side),Ran Traffic Signal,None Indicated,,Daylight,Wet,Cloudy,None apparent,Intersection:  Four-way intersection,Paved,,Property Damage Only,0,0,0,0,0,0,4500,2,2,,POINT (-94.682735296561 43.111968182224)
2014788324,CL14000496,02/18/2014,02-February,3-Tuesday,20:15,2000 Hours,District 6 (East Central),CLINTON,CLINTON,,7TH AVE S,Collision with:  Parked motor vehicle,Roadside,"Sideswipe, same direction",Unknown,None Indicated,,Dark - roadway lighted,Wet,Clear,None apparent,Non-intersection:  Non-junction/no special feature,Paved,,Property Damage Only,0,0,0,0,0,0,1500,2,1,,POINT (-90.20398280091 41.838884152743)
2014789323,,02/18/2014,02-February,3-Tuesday,14:25,1400 Hours,District 6 (East Central),CEDAR RAPIDS,LINN,IA 100,IA 100/COLLINS RD NE/COLLINS RD SE & IA 922/1ST AVE E,Collision with:  Vehicle in traffic,On Roadway,"Sideswipe, same direction",Unknown,None Indicated,,Daylight,Wet,Cloudy,,Intersection:  Four-way intersection,Paved,,Property Damage Only,0,0,0,0,0,0,2500,2,2,,POINT (-91.621272839211 42.02576194308)
2014786665,20140004575,02/18/2014,02-February,3-Tuesday,16:37,1600 Hours,District 1 (Central),DES MOINES,POLK,,MLK JR PKWY & FLEUR DR,Collision with:  Vehicle in traffic,On Roadway,Rear-end (front to rear),Unknown,None Indicated,,Daylight,Wet,Cloudy,None apparent,Intersection:  T-intersection,Paved,,Property Damage Only,0,0,0,0,0,0,2000,2,2,,POINT (-93.644852680416 41.580048811521)
2014787688,14-16572,02/18/2014,02-February,3-Tuesday,10:40,1000 Hours,District 2 (Northeast),,BLACK HAWK,,Co Rd V49/N RAYMOND RD,Collision with fixed object:  Ditch,On Roadway,Non-collision (single vehicle),Swerving/Evasive Action,None Indicated,,Daylight,Slush,Clear,None apparent,Non-intersection:  Non-junction/no special feature,Paved,,Minor Injury,0,1,0,1,0,0,6000,1,2,,POINT (-92.219142214382 42.535433586181)
2014799827,14M00120,02/18/2014,02-February,3-Tuesday,11:18,1100 Hours,District 4 (Southwest),CRESTON,UNION,,E MILLS ST & N CEDAR ST,Collision with:  Vehicle in traffic,On Roadway,Broadside (front to side),FTYROW:  From stop sign,None Indicated,,Daylight,Dry,Clear,None apparent,Intersection:  Four-way intersection,Paved,,Property Damage Only,0,0,0,0,0,0,2050,2,2,,POINT (-94.351630987919 41.059741691872)
2014786802,2294-14,02/18/2014,02-February,3-Tuesday,13:11,1300 Hours,District 3 (Northwest),SPENCER,CLAY,,W 11TH ST & 1ST AVE W,Collision with:  Vehicle in traffic,On Roadway,Broadside (front to side),FTYROW:  From yield sign,None Indicated,,Daylight,Wet,Clear,None apparent,Intersection:  Four-way intersection,Paved,,Property Damage Only,0,0,0,0,0,0,5200,2,2,,POINT (-95.146663896144 43.148774721369)
2014794595,1402180616,02/18/2014,02-February,3-Tuesday,06:16,0600 Hours,District 6 (East Central),,JONES,US 151,US 151,Non-collision events:  Overturn/rollover,On Roadway,Non-collision (single vehicle),Ran off road - left,None Indicated,,Dawn,Ice/frost,Cloudy,None apparent,Non-intersection:  Non-junction/no special feature,Paved,,Property Damage Only,0,0,0,0,0,0,3500,1,1,,POINT (-91.228084649248 42.174737508637)
2014788147,14-000231,02/18/2014,02-February,3-Tuesday,13:35,1300 Hours,District 1 (Central),AMES,STORY,,HABER RD & UNIVERSITY BLVD,Collision with:  Vehicle in traffic,On Roadway,Broadside (front to side),Ran Traffic Signal,None Indicated,,Daylight,Dry,Cloudy,None apparent,Intersection:  Four-way intersection,Paved,,Property Damage Only,0,0,0,0,0,0,2700,2,2,,POINT (-93.638785547044 42.029950869845)
2014791686,,02/18/2014,02-February,3-Tuesday,08:49,0800 Hours,District 5 (Southeast),MUSCATINE,MUSCATINE,IA 22,IA 22/IOWA 22 & RIVER RD,Collision with fixed object:  Tree,On Roadway,Non-collision (single vehicle),Ran off road - left,None Indicated,,Daylight,Ice/frost,Clear,"Surface condition (e.g., wet, icy)",Non-intersection:  Non-junction/no special feature,Paved,,Property Damage Only,0,0,0,0,0,0,2000,1,2,,POINT (-91.020823442693 41.436878690138)
2014786736,14-4939,02/18/2014,02-February,3-Tuesday,19:16,1900 Hours,District 3 (Northwest),SIOUX CITY,WOODBURY,,RIDGE AVE & MORNINGSIDE AVE,Collision with:  Vehicle in traffic,On Roadway,Broadside (front to side),Ran Traffic Signal,None Indicated,,Dark - roadway lighted,Dry,Clear,None apparent,Intersection:  T-intersection,Paved,,Property Damage Only,0,0,0,0,0,0,4000,2,5,,POINT (-96.360709608507 42.477876850534)
2014853795,,02/18/2014,02-February,3-Tuesday,07:22,0700 Hours,District 6 (East Central),WALCOTT,SCOTT,I-80,I-80,Collision with fixed object:  Other fixed object (explain in narrative),,,Crossed centerline (undivided),None Indicated,,,,,,,Paved,,Property Damage Only,0,0,0,0,0,0,7000,1,1,,POINT (-90.808344045249 41.623163864041)
2014788614,,02/18/2014,02-February,3-Tuesday,17:56,1700 Hours,District 6 (East Central),CEDAR RAPIDS,LINN,I-380,I-380 & US 30/RAMP/LOOP & KIRKWOOD BLVD SW,Collision with:  Vehicle in traffic,On Roadway,Rear-end (front to rear),Unknown,None Indicated,,Dusk,Dry,Clear,,Interchange-related:  Off-ramp,Paved,,Property Damage Only,0,0,0,0,0,0,2500,2,2,,POINT (-91.656738346368 41.925220338077)
2014790632,2014-10612,02/18/2014,02-February,3-Tuesday,07:55,0700 Hours,District 6 (East Central),DAVENPORT,SCOTT,,W CENTRAL PARK AVE & MARQUETTE ST,Collision with:  Vehicle in traffic,On Roadway,"Sideswipe, same direction",Other (explain in narrative):  Other,None Indicated,,Daylight,Wet,Cloudy,"Surface condition (e.g., wet, icy)",Intersection:  Four-way intersection,Paved,,Property Damage Only,0,0,0,0,0,0,4500,2,2,,POINT (-90.591230588295 41.545505535434)
2014786631,14003407,02/18/2014,02-February,3-Tuesday,07:39,0700 Hours,District 6 (East Central),MARION,LINN,,10TH ST,Collision with:  Vehicle in traffic,On Roadway,Rear-end (front to rear),Driving too fast for conditions,None Indicated,,Daylight,Snow,Clear,"Surface condition (e.g., wet, icy)",Non-intersection:  Non-junction/no special feature,Paved,,Possible/Unknown,0,1,0,0,1,0,8500,2,3,,POINT (-91.599372760795 42.048886181053)
2014786632,14003415,02/18/2014,02-February,3-Tuesday,08:20,0800 Hours,District 6 (East Central),MARION,LINN,,W 33RD AVE & 3RD ST,Collision with:  Vehicle in traffic,On Roadway,Broadside (front to side),FTYROW:  From stop sign,None Indicated,,Daylight,Snow,Cloudy,None apparent,Intersection:  T-intersection,Paved,,Property Damage Only,0,0,0,0,0,0,6000,2,3,,POINT (-91.606615563195 42.054198013988)
2014786678,20140004520,02/18/2014,02-February,3-Tuesday,08:12,0800 Hours,District 1 (Central),DES MOINES,POLK,,UNIVERSITY AVE & 35TH ST,Collision with:  Vehicle in traffic,On Roadway,Rear-end (front to rear),Driving too fast for conditions,None Indicated,,Daylight,Ice/frost,Cloudy,"Surface condition (e.g., wet, icy)",Intersection:  Four-way intersection,Paved,,Property Damage Only,0,0,0,0,0,0,4000,2,2,,POINT (-93.664146115889 41.600313357941)
2014787525,2014-10750,02/18/2014,02-February,3-Tuesday,23:05,2300 Hours,District 6 (East Central),DAVENPORT,SCOTT,,IA 461/HARRISON ST & W 12TH ST,Collision with:  Vehicle in traffic,On Roadway,"Sideswipe, same direction",FTYROW:  Other (explain in narrative),None Indicated,,Dark - roadway lighted,Wet,Clear,None apparent,Intersection:  Four-way intersection,Paved,,Possible/Unknown,0,2,0,0,2,0,5500,2,4,,POINT (-90.57721832556 41.531962569081)
2014787544,2014-10671,02/18/2014,02-February,3-Tuesday,13:35,1300 Hours,District 6 (East Central),DAVENPORT,SCOTT,,ELM ST & KRAFTMEYER DR,Collision with:  Vehicle in traffic,On Roadway,Rear-end (front to rear),Improper Backing,None Indicated,,Daylight,Wet,Cloudy,None apparent,Intersection:  T-intersection,Paved,,Property Damage Only,0,0,0,0,0,0,2100,2,2,,POINT (-90.540364337361 41.541690222001)
2014786560,W14-016519,02/18/2014,02-February,3-Tuesday,07:20,0700 Hours,District 2 (Northeast),WATERLOO,BLACK HAWK,,W SAN MARNAN DR & PHEASANT LN & NICKI ST,Collision with:  Vehicle in traffic,On Roadway,Rear-end (front to rear),Followed too close,None Indicated,,Daylight,Ice/frost,Clear,"Surface condition (e.g., wet, icy)",Intersection:  T-intersection,Paved,,Property Damage Only,0,0,0,0,0,0,3500,3,4,,POINT (-92.358783139832 42.457589062851)
2014791685,,02/18/2014,02-February,3-Tuesday,07:52,0700 Hours,District 5 (Southeast),,MUSCATINE,IA 22,IA 22/IOWA 22,Collision with:  Vehicle in traffic,On Roadway,Rear-end (front to rear),Driving too fast for conditions,None Indicated,,Daylight,Ice/frost,Clear,"Surface condition (e.g., wet, icy)",Non-intersection:  Non-junction/no special feature,Paved,,Property Damage Only,0,0,0,0,0,0,7281,2,4,,POINT (-91.020665192463 41.436966035596)
2014786739,2014-0296,02/18/2014,02-February,3-Tuesday,09:50,0900 Hours,District 6 (East Central),PEOSTA,DUBUQUE,,BURDS RD & ELM RIDGE ST,Collision with:  Vehicle in traffic,On Roadway,Broadside (front to side),FTYROW:  From stop sign,None Indicated,,Daylight,Wet,Clear,None apparent,Intersection:  T-intersection,Paved,,Property Damage Only,0,0,0,0,0,0,5500,2,3,,POINT (-90.843499809074 42.447584498599)
2014786563,W14-016647,02/18/2014,02-February,3-Tuesday,14:51,1400 Hours,District 2 (Northeast),WATERLOO,BLACK HAWK,,E 7TH ST & FRANKLIN ST,Collision with:  Vehicle in traffic,On Roadway,Broadside (front to side),Disregarded RR Signal,None Indicated,,Daylight,Dry,Clear,Traffic control obscured,Non-intersection:  Railroad grade crossing,Paved,,Property Damage Only,0,0,0,0,0,0,4000,2,2,,POINT (-92.330033296613 42.498500344355)
2014786342,20140004533,02/18/2014,02-February,3-Tuesday,09:53,0900 Hours,District 1 (Central),DES MOINES,POLK,US 69,US 69/SE 14TH ST & E PARK AVE,Collision with:  Vehicle in traffic,On Roadway,Head-on (front to front),FTYROW:  Making left turn,None Indicated,,Daylight,Dry,Clear,None apparent,Intersection:  Four-way intersection,Paved,,Property Damage Only,0,0,0,0,0,0,2000,2,2,,POINT (-93.596844637467 41.555321831383)
2014788341,2014001842,02/18/2014,02-February,3-Tuesday,06:31,0600 Hours,District 6 (East Central),IOWA CITY,JOHNSON,US 6,US 6,Collision with:  Vehicle in traffic,On Roadway,Rear-end (front to rear),Driving too fast for conditions,None Indicated,,Dawn,Ice/frost,Cloudy,None apparent,Non-intersection:  Non-junction/no special feature,Paved,,Property Damage Only,0,0,0,0,0,0,12000,2,2,,POINT (-91.489613522382 41.631210325516)
2014786610,14-004431,02/18/2014,02-February,3-Tuesday,07:39,0700 Hours,District 5 (Southeast),,LEE,,Co Rd X23/WEST POINT RD,Non-collision events:  Overturn/rollover,Outside trafficway,Non-collision (single vehicle),Ran off road - right,None Indicated,,Daylight,Ice/frost,Clear,None apparent,Non-intersection:  Non-junction/no special feature,Paved,,Property Damage Only,0,0,0,0,0,0,4000,1,1,,POINT (-91.425384207111 40.651110005205)