Iowa DOT Case Number,Law Enforcement Case Number,Date of Crash,Month of Crash,Day of Week,Time of Crash,Hour,DOT District,City Name,County Name,Route with System,Location Description,First Harmful Event,Location of First Harmful Event,Manner of Crash/Collision,Major Cause,Drug or Alcohol ,Environmental Conditions,Light Conditions,Surface Conditions,Weather Conditions,Roadway Contribution,Roadway Type,Roadway Surface,Work Zone,Crash Severity,Number of Fatalities,Number of Injuries,Number of Major Injuries,Number of Minor Injuries,Number of Possible Injuries,Number of Unknown Injuries,Amount of Property Damage,Number of Vehicles Involved,Total Number of Occupants,Travel Direction,Location
2014786841,SO14000373,02/18/2014,02-February,3-Tuesday,16:05,1600 Hours,District 3 (Northwest),,PLYMOUTH,US 75,US 75,Collision with:  Vehicle in traffic,On Roadway,Rear-end (front to rear),Followed too close,None Indicated,,Daylight,Dry,Cloudy,None apparent,Non-intersection:  Non-junction/no special feature,Paved,,Possible/Unknown,0,1,0,0,1,0,8500,2,2,,POINT (-96.268868679195 42.680129665345)
2014786692,14-006626,02/18/2014,02-February,3-Tuesday,15:24,1500 Hours,District 4 (Southwest),COUNCIL BLUFFS,POTTAWATTAMIE,,2ND AVE & S 27TH ST,Collision with:  Vehicle in traffic,On Roadway,Broadside (front to side),FTYROW:  Other (explain in narrative),None Indicated,,Daylight,Dry,Clear,None apparent,Non-intersection:  Non-junction/no special feature,Paved,,Property Damage Only,0,0,0,0,0,0,2000,2,3,,POINT (-95.886775267458 41.259776728341)
2014786659,20140004582,02/18/2014,02-February,3-Tuesday,17:25,1700 Hours,District 1 (Central),DES MOINES,POLK,,FREDERICK AVE & SW 9TH ST,Collision with:  Vehicle in traffic,On Roadway,Unknown,Unknown,None Indicated,,Dusk,Wet,Clear,None apparent,Intersection:  T-intersection,Paved,,Property Damage Only,0,0,0,0,0,0,1500,2,2,,POINT (-93.625741772817 41.531442925556)
2014786569,14001404,02/18/2014,02-February,3-Tuesday,07:40,0700 Hours,District 6 (East Central),,BUCHANAN,US 20,US 20,Non-collision events:  Overturn/rollover,Outside trafficway,Non-collision (single vehicle),Ran off road - right,None Indicated,,Daylight,Dry,Clear,None apparent,Non-intersection:  Non-junction/no special feature,Paved,,Major Injury,0,1,1,0,0,0,14000,1,1,,POINT (-91.874014627908 42.449375944852)
2014788290,,02/18/2014,02-February,3-Tuesday,18:05,1800 Hours,District 6 (East Central),CEDAR RAPIDS,LINN,,WILSON AVE SW & WESTDALE DR SW,Collision with:  Vehicle in traffic,On Roadway,Broadside (front to side),Unknown,None Indicated,,Dusk,Dry,Clear,,Intersection:  Four-way intersection,Paved,,Property Damage Only,0,0,0,0,0,0,8800,2,4,,POINT (-91.722794953033 41.956524321323)
2014787347,14-4099,02/18/2014,02-February,3-Tuesday,15:15,1500 Hours,District 1 (Central),NEWTON,JASPER,,Co Rd F36/W 28TH ST N,Collision with:  Vehicle in traffic,On Roadway,"Sideswipe, same direction",Made improper turn,None Indicated,,Daylight,Dry,Cloudy,None apparent,Non-intersection:  Non-junction/no special feature,Paved,,Property Damage Only,0,0,0,0,0,0,10000,2,4,,POINT (-93.087235575112 41.713140343022)
2014786858,20140004552,02/18/2014,02-February,3-Tuesday,12:39,1200 Hours,District 1 (Central),DES MOINES,POLK,,COLLEGE AVE & 16TH ST,Collision with:  Vehicle in traffic,On Roadway,Broadside (front to side),FTYROW:  From stop sign,None Indicated,,Daylight,Dry,Clear,None apparent,Intersection:  Four-way intersection,Paved,,Property Damage Only,0,0,0,0,0,0,6000,2,2,,POINT (-93.639055856401 41.607751415445)
2014787363,14-4060,02/18/2014,02-February,3-Tuesday,07:48,0700 Hours,District 1 (Central),NEWTON,JASPER,I-80,I-80 & IA 14/IOWA 14 S,Collision with:  Vehicle in traffic,On Roadway,Broadside (front to side),FTYROW:  From stop sign,None Indicated,,Daylight,Dry,Clear,None apparent,Intersection:  Intersection with ramp,Paved,,Property Damage Only,0,0,0,0,0,0,8000,2,2,,POINT (-93.077077037246 41.68219906294)
2014786657,14-000790,02/18/2014,02-February,3-Tuesday,12:01,1200 Hours,District 1 (Central),ANKENY,POLK,,SE DELAWARE AVE,Collision with:  Vehicle in traffic,On Roadway,"Sideswipe, same direction",Other (explain in narrative):  Other,None Indicated,,Daylight,Dry,Clear,None apparent,Non-intersection:  Non-junction/no special feature,Paved,,Property Damage Only,0,0,0,0,0,0,9000,2,4,,POINT (-93.581320594124 41.68285340251)
2014788321,CL14000497,02/18/2014,02-February,3-Tuesday,22:44,2200 Hours,District 6 (East Central),CLINTON,CLINTON,,S BLUFF BLVD & S 14TH ST,Collision with:  Vehicle in traffic,On Roadway,Rear-end (front to rear),Followed too close,None Indicated,,Dark - roadway lighted,Wet,Clear,None apparent,Intersection:  T-intersection,Paved,,Minor Injury,0,1,0,1,0,0,2000,2,2,,POINT (-90.218650473016 41.836115552238)
2014786604,2014001851,02/18/2014,02-February,3-Tuesday,08:30,0800 Hours,District 6 (East Central),IOWA CITY,JOHNSON,,CAMP CARDINAL BLVD,Collision with:  Vehicle in traffic,On Roadway,Unknown,Driving too fast for conditions,None Indicated,,Daylight,Slush,Cloudy,"Surface condition (e.g., wet, icy)",Non-intersection:  Non-junction/no special feature,Paved,,Property Damage Only,0,0,0,0,0,0,2900,3,5,,POINT (-91.602098206271 41.661941992808)
2014793237,1401145,02/18/2014,02-February,3-Tuesday,12:37,1200 Hours,District 5 (Southeast),,WASHINGTON,,Co Rd W21/DOGWOOD AVE & 120TH ST,Collision with:  Vehicle in traffic,On Roadway,Head-on (front to front),Crossed centerline (undivided),None Indicated,,Daylight,Other (explain in narrative),Clear,"Surface condition (e.g., wet, icy)",Intersection:  Four-way intersection,Paved,,Property Damage Only,0,0,0,0,0,0,3000,2,2,,POINT (-91.887635802189 41.482999362327)
2014788323,CL14000483,02/18/2014,02-February,3-Tuesday,07:17,0700 Hours,District 6 (East Central),CLINTON,CLINTON,,9TH AVE N & N 4TH ST,Collision with:  Vehicle in traffic,On Roadway,"Sideswipe, same direction",FTYROW:  From stop sign,None Indicated,,Daylight,Snow,Clear,None apparent,Intersection:  T-intersection,Paved,,Property Damage Only,0,0,0,0,0,0,3500,2,3,,POINT (-90.191058471781 41.854346559495)
2014787345,14-2253,02/18/2014,02-February,3-Tuesday,19:00,1900 Hours,District 6 (East Central),,JACKSON,US 52,US 52/GREAT RIVER RD,Collision with:  Animal,On Roadway,Non-collision (single vehicle),Animal,None Indicated,,Dark - roadway not lighted,Dry,Cloudy,None apparent,Non-intersection:  Non-junction/no special feature,Paved,,Possible/Unknown,0,1,0,0,1,0,4000,1,1,,POINT (-90.261711964569 42.127221320372)
2014786983,,02/18/2014,02-February,3-Tuesday,07:41,0700 Hours,District 6 (East Central),EPWORTH,DUBUQUE,,MAIN ST W & 1ST AVE SW & 1ST AVE NW,Collision with:  Vehicle in traffic,On Roadway,Broadside (front to side),FTYROW:  From stop sign,None Indicated,,Daylight,Snow,Cloudy,None apparent,Intersection:  T-intersection,Paved,,Property Damage Only,0,0,0,0,0,0,6000,2,2,,POINT (-90.933817431652 42.445475562093)
2014786306,201402391,02/18/2014,02-February,3-Tuesday,12:10,1200 Hours,District 6 (East Central),CEDAR RAPIDS,LINN,,E AVE NW & 5TH ST NW,Collision with:  Vehicle in traffic,On Roadway,Rear-end (front to rear),Lost Control,None Indicated,,Daylight,Wet,Clear,None apparent,Intersection:  Four-way intersection,Paved,,Property Damage Only,0,0,0,0,0,0,11000,2,2,,POINT (-91.679952220229 41.97794337026)
2014787083,201400476,02/18/2014,02-February,3-Tuesday,06:37,0600 Hours,District 6 (East Central),,LINN,US 151,US 151,Non-collision events:  Overturn/rollover,Roadside,Non-collision (single vehicle),Ran off road - straight,None Indicated,,Dawn,Ice/frost,Cloudy,"Surface condition (e.g., wet, icy)",Non-intersection:  Non-junction/no special feature,Paved,,Property Damage Only,0,0,0,0,0,0,5000,1,1,,POINT (-91.55015652491 42.012204612007)
2014786254,4514-012,02/18/2014,02-February,3-Tuesday,03:25,0300 Hours,District 2 (Northeast),,HOWARD,,Co Rd V58/VICTORY AVE,Collision with:  Animal,,,Animal,None Indicated,,,,,,,Paved,,Property Damage Only,0,0,0,0,0,0,6000,1,1,,POINT (-92.129556189114 43.452274178033)
2014786895,14-3281,02/18/2014,02-February,3-Tuesday,07:42,0700 Hours,District 6 (East Central),RIVERDALE,SCOTT,,SCOTT COMM COL AREA IX,Collision with:  Vehicle in traffic,On Roadway,"Sideswipe, opposite direction",Lost Control,None Indicated,,Daylight,Snow,Clear,"Surface condition (e.g., wet, icy)",Non-intersection:  Non-junction/no special feature,Paved,,Property Damage Only,0,0,0,0,0,0,7000,2,2,,POINT (-90.470080281112 41.54907174255)
2014786558,14016651,02/18/2014,02-February,3-Tuesday,15:42,1500 Hours,District 2 (Northeast),CEDAR FALLS,BLACK HAWK,,STATE ST,Collision with:  Parked motor vehicle,On Roadway,Unknown,Improper Backing,None Indicated,,Daylight,Dry,Clear,None apparent,Non-intersection:  Non-junction/no special feature,Paved,,Property Damage Only,0,0,0,0,0,0,2500,2,2,,POINT (-92.444231465343 42.528046737109)
2014788145,14000795,02/18/2014,02-February,3-Tuesday,20:38,2000 Hours,District 1 (Central),AMES,STORY,,LINCOLN WAY,Collision with:  Vehicle in traffic,On Roadway,Rear-end (front to rear),Followed too close,None Indicated,,Dark - roadway lighted,Wet,Cloudy,None apparent,Non-intersection:  Non-junction/no special feature,Paved,,Property Damage Only,0,0,0,0,0,0,6000,3,3,,POINT (-93.657290688936 42.02273120496)
2014788518,14023396,02/18/2014,02-February,3-Tuesday,06:59,0600 Hours,District 6 (East Central),NORTH LIBERTY,JOHNSON,,Co Rd W66/DUBUQUE ST,Collision with:  Vehicle in traffic,On Roadway,Rear-end (front to rear),Driving too fast for conditions,None Indicated,,Daylight,Ice/frost,Clear,None apparent,Non-intersection:  Non-junction/no special feature,Paved,,Property Damage Only,0,0,0,0,0,0,2000,2,2,,POINT (-91.568549663573 41.733556499161)
2014786620,201402401,02/18/2014,02-February,3-Tuesday,15:18,1500 Hours,District 6 (East Central),CEDAR RAPIDS,LINN,,JOHNSON AVE NW & 18TH ST NW,Collision with:  Parked motor vehicle,On Roadway,Unknown,Swerving/Evasive Action,None Indicated,,Daylight,Dry,Cloudy,None apparent,Non-intersection:  Non-junction/no special feature,Paved,,Minor Injury,0,2,0,1,1,0,20000,4,777,,POINT (-91.697584616775 41.974497178833)
2014786603,2014001846,02/18/2014,02-February,3-Tuesday,08:05,0800 Hours,District 6 (East Central),IOWA CITY,JOHNSON,,I ST & WAYNE ST & S 1ST AVE,Collision with:  Vehicle in traffic,On Roadway,Broadside (front to side),Unknown,None Indicated,,Daylight,Slush,Cloudy,None apparent,Intersection:  Four-way intersection,Paved,,Property Damage Only,0,0,0,0,0,0,7000,2,2,,POINT (-91.501975938952 41.647404352669)
2014788311,CL14000484,02/18/2014,02-February,3-Tuesday,08:30,0800 Hours,District 6 (East Central),CLINTON,CLINTON,,2ND AVE S & MILL CREEK PKWY,Non-collision events:  Other non-collision (explain in narrative),On Roadway,Non-collision (single vehicle),Swerving/Evasive Action,None Indicated,,Daylight,Ice/frost,Clear,"Surface condition (e.g., wet, icy)",Non-intersection:  Non-junction/no special feature,Paved,,Possible/Unknown,0,2,0,0,2,0,3000,1,2,,POINT (-90.236459838347 41.844533849681)
2014787943,14-001690,02/19/2014,02-February,4-Wednesday,07:47,0700 Hours,District 2 (Northeast),ELGIN,FAYETTE,,MAIN ST & MILL AVE,Collision with:  Vehicle in traffic,On Roadway,Broadside (front to side),Swerving/Evasive Action,None Indicated,,Daylight,Ice/frost,Cloudy,"Surface condition (e.g., wet, icy)",Intersection:  T-intersection,Paved,,Property Damage Only,0,0,0,0,0,0,4000,2,2,,POINT (-91.642073972224 42.956565572918)
2014787407,02-14-179,02/19/2014,02-February,4-Wednesday,16:10,1600 Hours,District 3 (Northwest),LE MARS,PLYMOUTH,,CENTRAL AVE,Collision with:  Vehicle in traffic,On Roadway,"Sideswipe, same direction",Other (explain in narrative):  Other,None Indicated,,Daylight,Dry,Clear,None apparent,Non-intersection:  Non-junction/no special feature,Paved,,Property Damage Only,0,0,0,0,0,0,2500,2,2,,POINT (-96.166463843966 42.797383101588)
2014786864,20140004618,02/19/2014,02-February,4-Wednesday,05:35,0500 Hours,District 1 (Central),DES MOINES,POLK,,E JACKSON AVE & SE 6TH ST,Collision with:  Vehicle in traffic,On Roadway,Head-on (front to front),Crossed centerline (undivided),None Indicated,,Dark - roadway lighted,Wet,Clear,None apparent,Non-intersection:  Non-junction/no special feature,Paved,,Property Damage Only,0,0,0,0,0,0,2000,2,3,,POINT (-93.605269803499 41.57407600809)
2014789314,,02/19/2014,02-February,4-Wednesday,08:35,0800 Hours,District 6 (East Central),MAQUOKETA,JACKSON,IA 64,IA 64/E PLATT ST & S OLIVE ST & N OLIVE ST,Collision with:  Vehicle in traffic,On Roadway,Rear-end (front to rear),Unknown,None Indicated,,Daylight,Wet,Clear,None apparent,Intersection:  Four-way intersection,Paved,,Property Damage Only,0,0,0,0,0,0,2000,2,3,,POINT (-90.664333521052 42.069261603238)
2014800119,14-793,02/19/2014,02-February,4-Wednesday,15:24,1500 Hours,District 3 (Northwest),,IDA,,Co Rd L51/BRADY AVE,Non-collision events:  Other non-collision (explain in narrative),On Roadway,Non-collision (single vehicle),Swerving/Evasive Action,Alcohol (Statutory),,Daylight,Dry,Clear,None apparent,Intersection:  Other intersection (explain in narrative),Paved,,Minor Injury,0,1,0,1,0,0,7600,1,1,,POINT (-95.628372093966 42.313809696113)
2014787820,14-000205,02/19/2014,02-February,4-Wednesday,07:45,0700 Hours,District 1 (Central),JOHNSTON,POLK,,NW 62ND AVE,Collision with:  Vehicle in traffic,On Roadway,Rear-end (front to rear),Swerving/Evasive Action,None Indicated,,Daylight,Ice/frost,Clear,"Surface condition (e.g., wet, icy)",Non-intersection:  Alley,Paved,,Property Damage Only,0,0,0,0,0,0,3400,2,2,,POINT (-93.736696334745 41.673000404653)
2014790804,14-000696,02/19/2014,02-February,4-Wednesday,05:47,0500 Hours,District 2 (Northeast),,HANCOCK,US 69,US 69,Collision with fixed object:  Bridge overhead structure,On Roadway,"Sideswipe, same direction",Driving too fast for conditions,None Indicated,,Dark - roadway not lighted,Ice/frost,Clear,"Surface condition (e.g., wet, icy)",Non-intersection:  Railroad grade crossing,Paved,,Minor Injury,0,2,0,1,1,0,11000,2,3,,POINT (-93.636516655063 43.241309236226)
2014786709,2014-10803,02/19/2014,02-February,4-Wednesday,08:22,0800 Hours,District 6 (East Central),DAVENPORT,SCOTT,US 6,US 6/E KIMBERLY RD & DAVENPORT AVE,Collision with:  Vehicle in traffic,On Roadway,Broadside (front to side),Ran Traffic Signal,None Indicated,,Daylight,Wet,Clear,None apparent,Intersection:  Four-way intersection,Paved,,Property Damage Only,0,0,0,0,0,0,5000,2,2,,POINT (-90.563567228441 41.558747199723)
2014789662,2014-10833,02/19/2014,02-February,4-Wednesday,11:33,1100 Hours,District 6 (East Central),DAVENPORT,SCOTT,,E 35TH ST,Collision with:  Vehicle in traffic,On Roadway,"Sideswipe, same direction",Improper or erratic lane changing,None Indicated,,Daylight,Wet,Clear,None apparent,Non-intersection:  Non-junction/no special feature,Paved,,Property Damage Only,0,0,0,0,0,0,2500,2,2,,POINT (-90.570143060825 41.55477951837)
2014798038,14-001168,02/19/2014,02-February,4-Wednesday,09:53,0900 Hours,District 2 (Northeast),FARMERSBURG,CLAYTON,US 52,US 52 & 180TH ST,Collision with:  Vehicle in traffic,On Roadway,Broadside (front to side),FTYROW:  From stop sign,None Indicated,,Daylight,Dry,Clear,None apparent,Intersection:  Four-way intersection,Paved,,Property Damage Only,0,0,0,0,0,0,6000,2,2,,POINT (-91.298245512807 42.964729286677)
2014787634,14-5045,02/19/2014,02-February,4-Wednesday,20:00,2000 Hours,District 3 (Northwest),SIOUX CITY,WOODBURY,,8TH ST & NEBRASKA ST,Collision with:  Vehicle in traffic,On Roadway,"Sideswipe, opposite direction",FTYROW:  From stop sign,None Indicated,,Dark - roadway lighted,Dry,Clear,None apparent,Intersection:  Four-way intersection,Paved,,Property Damage Only,0,0,0,0,0,0,3000,2,6,,POINT (-96.403505693528 42.498538483325)
2014786865,20140004689,02/19/2014,02-February,4-Wednesday,17:04,1700 Hours,District 1 (Central),DES MOINES,POLK,,E PARK AVE,Collision with fixed object:  Utility pole/light support,Shoulder,Non-collision (single vehicle),Ran off road - left,None Indicated,,Dusk,Wet,Cloudy,Unknown,Non-intersection:  Non-junction/no special feature,Paved,,Property Damage Only,0,0,0,0,0,0,10000,1,1,,POINT (-93.595693340385 41.555309786434)
2014787760,K14-004518,02/19/2014,02-February,4-Wednesday,07:16,0700 Hours,District 5 (Southeast),KEOKUK,LEE,,19TH ST S & PALEAN ST,Collision with:  Vehicle in traffic,On Roadway,Broadside (front to side),Ran Stop Sign,None Indicated,,Daylight,Ice/frost,Clear,"Surface condition (e.g., wet, icy)",Intersection:  Four-way intersection,Paved,,Property Damage Only,0,0,0,0,0,0,8000,2,4,,POINT (-91.401013819763 40.40303428221)
2014793603,,02/19/2014,02-February,4-Wednesday,07:48,0700 Hours,District 2 (Northeast),DECORAH,WINNESHIEK,,E WATER ST & DAY ST & RIVERSIDE AVE,Collision with:  Vehicle in traffic,On Roadway,Broadside (front to side),FTYROW:  Other (explain in narrative),None Indicated,,Daylight,Ice/frost,Clear,None apparent,Intersection:  Four-way intersection,Paved,,Property Damage Only,0,0,0,0,0,0,3501,2,2,,POINT (-91.783448847934 43.304172055658)
2014786828,14003531,02/19/2014,02-February,4-Wednesday,12:37,1200 Hours,District 6 (East Central),MARION,LINN,,17TH ST & 7TH AVE,Collision with:  Vehicle in traffic,On Roadway,Head-on (front to front),FTYROW:  Making left turn,None Indicated,,Daylight,"Mud, dirt",Clear,None apparent,Intersection:  Four-way intersection,Paved,,Possible/Unknown,0,1,0,0,1,0,10000,2,2,,POINT (-91.592273411958 42.033299437148)
2014788548,20140004623,02/19/2014,02-February,4-Wednesday,07:04,0700 Hours,District 1 (Central),DES MOINES,POLK,,VIRGINIA AVE & SW 9TH ST,Collision with:  Vehicle in traffic,On Roadway,Broadside (front to side),Driving too fast for conditions,None Indicated,,Daylight,Ice/frost,Clear,None apparent,Non-intersection:  Non-junction/no special feature,Paved,,Property Damage Only,0,0,0,0,0,0,3500,2,2,,POINT (-93.625699260203 41.558122832644)
2014787053,01-14-7124,02/19/2014,02-February,4-Wednesday,07:45,0700 Hours,District 6 (East Central),DUBUQUE,DUBUQUE,,GRANDVIEW AVE N,Collision with:  Vehicle in traffic,On Roadway,Rear-end (front to rear),Driving too fast for conditions,None Indicated,,Daylight,Ice/frost,Clear,None apparent,Intersection:  Other intersection (explain in narrative),Paved,,Property Damage Only,0,0,0,0,0,0,6700,3,4,,POINT (-90.694288574509 42.50395144658)
2014788601,,02/19/2014,02-February,4-Wednesday,05:59,0500 Hours,District 2 (Northeast),CHARLES CITY,FLOYD,,HULIN ST & MAIN ST,Collision with:  Vehicle in traffic,On Roadway,Broadside (front to side),Ran Traffic Signal,None Indicated,,Dawn,Wet,Clear,None apparent,Intersection:  Four-way intersection,Paved,,Property Damage Only,0,0,0,0,0,0,3500,2,2,,POINT (-92.676055854909 43.070394957375)
2014798037,14-001162,02/19/2014,02-February,4-Wednesday,06:47,0600 Hours,District 2 (Northeast),,CLAYTON,,Co Rd X56/GREAT RIVER RD,Collision with fixed object:  Ditch,On Roadway,Non-collision (single vehicle),Swerving/Evasive Action,None Indicated,,Daylight,Ice/frost,Clear,"Surface condition (e.g., wet, icy)",Non-intersection:  Non-junction/no special feature,Paved,,Property Damage Only,0,0,0,0,0,0,4000,1,1,,POINT (-91.178496521571 42.929594908209)
2014788931,2014-10928,02/19/2014,02-February,4-Wednesday,16:29,1600 Hours,District 6 (East Central),DAVENPORT,SCOTT,,VINE CT,Collision with:  Vehicle in traffic,On Roadway,Rear-end (front to rear),FTYROW:  From driveway,None Indicated,,Daylight,Dry,Cloudy,None apparent,Non-intersection:  Driveway access (within),Paved,,Property Damage Only,0,0,0,0,0,0,12000,2,2,,POINT (-90.586557629913 41.55703476288)
2014789318,,02/19/2014,02-February,4-Wednesday,19:31,1900 Hours,District 5 (Southeast),FORT MADISON,LEE,,AVE E,Collision with:  Parked motor vehicle,Roadside,Rear-end (front to rear),Ran off road - right,Alcohol (Statutory),,Dark - roadway not lighted,Wet,Rain,None apparent,Non-intersection:  Non-junction/no special feature,Paved,,Property Damage Only,0,0,0,0,0,0,2000,2,1,,POINT (-91.308926911941 40.632986857749)
2014786702,2014-10830,02/19/2014,02-February,4-Wednesday,11:15,1100 Hours,District 6 (East Central),DAVENPORT,SCOTT,US 67,US 67/GAINES ST/W 2ND ST,Collision with:  Vehicle in traffic,On Roadway,"Angle, oncoming left turn",FTYROW:  Making left turn,None Indicated,,Daylight,Wet,Clear,None apparent,Intersection:  Four-way intersection,Paved,,Property Damage Only,0,0,0,0,0,0,2500,2,3,,POINT (-90.583392485315 41.521302850348)
2014787036,14-046,02/19/2014,02-February,4-Wednesday,14:00,1400 Hours,District 2 (Northeast),WAVERLY,BREMER,,9TH AVE NW & 3RD ST NW,Collision with:  Parked motor vehicle,On Roadway,"Sideswipe, same direction",Unknown,None Indicated,,Daylight,Wet,Clear,None apparent,Non-intersection:  Non-junction/no special feature,Paved,,Property Damage Only,0,0,0,0,0,0,2500,2,2,,POINT (-92.474618507908 42.734419249576)
2014788028,14-000806,02/19/2014,02-February,4-Wednesday,06:20,0600 Hours,District 1 (Central),ANKENY,POLK,,SW IRVINEDALE DR & SW MAGAZINE RD,Collision with:  Parked motor vehicle,On Roadway,Unknown,Illegally Parked/Unattended,None Indicated,,Dark - roadway lighted,Ice/frost,Clear,"Surface condition (e.g., wet, icy)",Intersection:  Four-way intersection,Paved,,Property Damage Only,0,0,0,0,0,0,2000,2,1,,POINT (-93.638889949336 41.717324104689)
2014788489,14002509,02/19/2014,02-February,4-Wednesday,08:31,0800 Hours,District 2 (Northeast),MASON CITY,CERRO GORDO,IA 122,IA 122/4TH ST SE,Collision with:  Vehicle in traffic,On Roadway,Rear-end (front to rear),Followed too close,None Indicated,,Daylight,Wet,Clear,"Surface condition (e.g., wet, icy)",Non-intersection:  Non-junction/no special feature,Paved,,Possible/Unknown,0,2,0,0,2,0,5500,3,5,,POINT (-93.174573754983 43.148090527706)
2014786891,14-006760,02/19/2014,02-February,4-Wednesday,17:09,1700 Hours,District 4 (Southwest),COUNCIL BLUFFS,POTTAWATTAMIE,,16TH AVE,Collision with:  Vehicle in traffic,On Roadway,"Sideswipe, same direction",Lost Control,None Indicated,,Daylight,Dry,Cloudy,None apparent,Non-intersection:  Non-junction/no special feature,Paved,,Possible/Unknown,0,1,0,0,1,0,600,2,2,,POINT (-95.860838702739 41.246635915242)
2014790531,,02/19/2014,02-February,4-Wednesday,07:48,0700 Hours,District 2 (Northeast),HAMPTON,FRANKLIN,US 65,US 65/4TH ST SE,Collision with:  Vehicle in traffic,On Roadway,Rear-end (front to rear),Lost Control,None Indicated,,Daylight,Ice/frost,Clear,"Surface condition (e.g., wet, icy)",Non-intersection:  Driveway access (within),Paved,,Property Damage Only,0,0,0,0,0,0,7500,2,2,,POINT (-93.202465804168 42.736498949551)
2014786830,14003557,02/19/2014,02-February,4-Wednesday,19:35,1900 Hours,District 6 (East Central),MARION,LINN,,11TH ST,Collision with:  Parked motor vehicle,On Roadway,"Sideswipe, opposite direction",Driver Distraction:  Manual operation of an electronic communication device,None Indicated,,Dark - roadway not lighted,Wet,Cloudy,None apparent,Non-intersection:  Non-junction/no special feature,Paved,,Minor Injury,0,1,0,1,0,0,4000,2,1,,POINT (-91.598058725769 42.038855111698)
2014788401,14-000491,02/19/2014,02-February,4-Wednesday,09:23,0900 Hours,District 4 (Southwest),CARTER LAKE,POTTAWATTAMIE,,N 9TH ST,Collision with fixed object:  Tree,On Roadway,Non-collision (single vehicle),Crossed centerline (undivided),None Indicated,,Daylight,Dry,Clear,None apparent,Non-intersection:  Non-junction/no special feature,Paved,,Possible/Unknown,0,1,0,0,1,0,2000,2,3,,POINT (-95.917995362028 41.281946057331)
2014787615,2014-0052,02/19/2014,02-February,4-Wednesday,14:30,1400 Hours,District 5 (Southeast),NORWALK,WARREN,,MAIN ST,Collision with:  Parked motor vehicle,Roadside,Unknown,Unknown,None Indicated,,Daylight,Dry,Clear,None apparent,Non-intersection:  Non-junction/no special feature,Paved,,Property Damage Only,0,0,0,0,0,0,1500,2,777,,POINT (-93.67882687838 41.475827555963)
2014787093,201402427,02/19/2014,02-February,4-Wednesday,02:00,0200 Hours,District 6 (East Central),CEDAR RAPIDS,LINN,I-380,I-380,Collision with fixed object:  Traffic sign support,Gore,Non-collision (single vehicle),Over correcting/over steering,Alcohol (Statutory),,Dark - roadway lighted,Wet,Cloudy,None apparent,Interchange-related:  Off-ramp,Paved,,Major Injury,0,1,1,0,0,0,5100,1,3,,POINT (-91.669784412467 42.023380401844)
2014786868,20140004708,02/19/2014,02-February,4-Wednesday,20:02,2000 Hours,District 1 (Central),DES MOINES,POLK,US 69,US 69/SE 14TH ST & E PARK AVE,Collision with:  Vehicle in traffic,On Roadway,"Angle, oncoming left turn",Unknown,None Indicated,,Dark - roadway lighted,Dry,Clear,None apparent,Non-intersection:  Non-junction/no special feature,Paved,,Property Damage Only,0,0,0,0,0,0,6000,2,2,,POINT (-93.596832563054 41.555312885367)
2014787433,20140004683,02/19/2014,02-February,4-Wednesday,16:15,1600 Hours,District 1 (Central),DES MOINES,POLK,,CRESTON AVE & SW 9TH ST,Collision with:  Vehicle in traffic,On Roadway,Broadside (front to side),Unknown,None Indicated,,Daylight,Wet,Cloudy,None apparent,Non-intersection:  Non-junction/no special feature,Paved,,Possible/Unknown,0,1,0,0,1,0,2500,2,2,,POINT (-93.625706902778 41.560158439595)
2014787546,2014-10790,02/19/2014,02-February,4-Wednesday,07:07,0700 Hours,District 6 (East Central),DAVENPORT,SCOTT,,W 59TH ST,Collision with:  Vehicle in traffic,On Roadway,Rear-end (front to rear),Driving too fast for conditions,None Indicated,,Daylight,Ice/frost,Clear,"Surface condition (e.g., wet, icy)",Intersection:  Four-way intersection,Paved,,Property Damage Only,0,0,0,0,0,0,5500,3,3,,POINT (-90.571491109437 41.579926771477)
2014786771,14016890,02/19/2014,02-February,4-Wednesday,07:34,0700 Hours,District 2 (Northeast),CEDAR FALLS,BLACK HAWK,,HUDSON RD,Collision with:  Vehicle in traffic,Shoulder,Unknown,Driving too fast for conditions,None Indicated,,Daylight,Ice/frost,Clear,"Surface condition (e.g., wet, icy)",Non-intersection:  Non-junction/no special feature,Paved,,Property Damage Only,0,0,0,0,0,0,3500,2,2,,POINT (-92.465522373728 42.504309610652)
2014788606,,02/19/2014,02-February,4-Wednesday,18:06,1800 Hours,District 5 (Southeast),FORT MADISON,LEE,,AVE D & 22ND ST,Collision with:  Parked motor vehicle,On Roadway,"Sideswipe, same direction",Other (explain in narrative):  Other,None Indicated,,Unknown,Unknown,Unknown,None apparent,Intersection:  Four-way intersection,Paved,,Property Damage Only,0,0,0,0,0,0,2000,2,12,,POINT (-91.336810685801 40.63432876391)
2014787597,14-000812,02/19/2014,02-February,4-Wednesday,14:28,1400 Hours,District 1 (Central),AMES,STORY,,,Collision with:  Vehicle in traffic,On Roadway,Broadside (front to side),Other (explain in narrative):  Vision obstructed,None Indicated,,Daylight,Dry,Cloudy,None apparent,Non-intersection:  Alley,,,Property Damage Only,0,0,0,0,0,0,4000,2,2,,POINT (-96.643700149993 40.233091251414)