Iowa DOT Case Number,Law Enforcement Case Number,Date of Crash,Month of Crash,Day of Week,Time of Crash,Hour,DOT District,City Name,County Name,Route with System,Location Description,First Harmful Event,Location of First Harmful Event,Manner of Crash/Collision,Major Cause,Drug or Alcohol ,Environmental Conditions,Light Conditions,Surface Conditions,Weather Conditions,Roadway Contribution,Roadway Type,Roadway Surface,Work Zone,Crash Severity,Number of Fatalities,Number of Injuries,Number of Major Injuries,Number of Minor Injuries,Number of Possible Injuries,Number of Unknown Injuries,Amount of Property Damage,Number of Vehicles Involved,Total Number of Occupants,Travel Direction,Location
2014786663,20140004649,02/19/2014,02-February,4-Wednesday,07:55,0700 Hours,District 1 (Central),DES MOINES,POLK,,PROSPECT RD,Collision with:  Vehicle in traffic,On Roadway,Rear-end (front to rear),Lost Control,None Indicated,,Daylight,Ice/frost,Clear,"Surface condition (e.g., wet, icy)",Non-intersection:  Non-junction/no special feature,Paved,,Possible/Unknown,0,1,0,0,1,0,12000,3,3,,POINT (-93.643715273129 41.620119337195)
2014786621,201402430,02/19/2014,02-February,4-Wednesday,06:00,0600 Hours,District 6 (East Central),CEDAR RAPIDS,LINN,I-380,I-380,Collision with:  Vehicle in traffic,On Roadway,Rear-end (front to rear),Unknown,None Indicated,,Dark - roadway lighted,Ice/frost,Cloudy,"Surface condition (e.g., wet, icy)",Interchange-related:  On-ramp merge area,Paved,,Property Damage Only,0,0,0,0,0,0,6000,2,2,,POINT (-91.670515975776 41.959245137381)
2014787980,2014001896,02/19/2014,02-February,4-Wednesday,08:15,0800 Hours,District 6 (East Central),IOWA CITY,JOHNSON,,MELROSE AVE,Collision with:  Vehicle in traffic,On Roadway,Rear-end (front to rear),Followed too close,None Indicated,,Daylight,Ice/frost,Clear,None apparent,Intersection:  Intersection with ramp,Paved,,Property Damage Only,0,0,0,0,0,0,4000,2,2,,POINT (-91.59657098812 41.657064948678)
2014786918,2014-10949,02/19/2014,02-February,4-Wednesday,18:25,1800 Hours,District 6 (East Central),DAVENPORT,SCOTT,,UTICA RIDGE RD,Collision with:  Vehicle in traffic,On Roadway,Broadside (front to side),FTYROW:  Making left turn,None Indicated,,Dark - roadway lighted,Wet,Cloudy,None apparent,Intersection:  Four-way intersection,Paved,,Minor Injury,0,3,0,2,1,0,10000,2,3,,POINT (-90.515584557532 41.570508865425)
2014787063,01-14-7156,02/19/2014,02-February,4-Wednesday,13:12,1300 Hours,District 6 (East Central),DUBUQUE,DUBUQUE,,UNIVERSITY AVE & GRANDVIEW AVE N,Collision with:  Vehicle in traffic,On Roadway,Broadside (front to side),Ran Stop Sign,None Indicated,,Daylight,Dry,Clear,None apparent,Intersection:  Four-way intersection,Paved,,Possible/Unknown,0,1,0,0,1,0,6500,2,2,,POINT (-90.688118383802 42.498333891322)
2014786580,14-05614,02/19/2014,02-February,4-Wednesday,07:52,0700 Hours,District 5 (Southeast),BURLINGTON,DES MOINES,,WEST AVE & MORNINGSIDE DR,Collision with:  Vehicle in traffic,On Roadway,Rear-end (front to rear),Other (explain in narrative):  No improper action,None Indicated,,Daylight,Ice/frost,Clear,"Surface condition (e.g., wet, icy)",Non-intersection:  Non-junction/no special feature,Paved,,Property Damage Only,0,0,0,0,0,0,1500,2,3,,POINT (-91.130636173737 40.800325996473)
2014787242,,02/19/2014,02-February,4-Wednesday,17:10,1700 Hours,District 5 (Southeast),LEON,DECATUR,US 69,US 69/IOWA 2,Collision with:  Vehicle in traffic,On Roadway,"Angle, oncoming left turn",FTYROW:  Making left turn,None Indicated,,Daylight,Wet,Cloudy,None apparent,Non-intersection:  Driveway access (within),Paved,,Property Damage Only,0,0,0,0,0,0,5500,2,4,,POINT (-93.756775078921 40.739651833707)
2014787046,14-05699,02/19/2014,02-February,4-Wednesday,20:32,2000 Hours,District 5 (Southeast),BURLINGTON,DES MOINES,US 61,US 61 & DIVISION ST,Collision with:  Vehicle in traffic,On Roadway,Head-on (front to front),FTYROW:  Making left turn,None Indicated,,Dark - roadway lighted,Wet,Cloudy,None apparent,Intersection:  Four-way intersection,Paved,,Minor Injury,0,2,0,2,0,0,5000,2,3,,POINT (-91.141490761185 40.807671643824)
2014786583,14=05643,02/19/2014,02-February,4-Wednesday,12:51,1200 Hours,District 5 (Southeast),BURLINGTON,DES MOINES,,CAMBRIDGE DR,Collision with:  Vehicle in traffic,On Roadway,"Angle, oncoming left turn",FTYROW:  Making left turn,None Indicated,,Daylight,Wet,Cloudy,None apparent,Intersection:  T-intersection,Paved,,Property Damage Only,0,0,0,0,0,0,2000,2,2,,POINT (-91.130942203501 40.791953656682)
2014786827,14003497,02/19/2014,02-February,4-Wednesday,07:15,0700 Hours,District 6 (East Central),MARION,LINN,IA 100,IA 100/COLLINS RD SE & E POST RD,Collision with:  Vehicle in traffic,On Roadway,Rear-end (front to rear),Driving too fast for conditions,None Indicated,,Daylight,Ice/frost,Clear,"Surface condition (e.g., wet, icy)",Intersection:  Four-way intersection,Paved,,Property Damage Only,0,0,0,0,0,0,4700,2,3,,POINT (-91.599347790101 42.015364302084)
2014787970,2014001903,02/19/2014,02-February,4-Wednesday,12:59,1200 Hours,District 6 (East Central),IOWA CITY,JOHNSON,US 6,US 6,Collision with:  Vehicle in traffic,On Roadway,Rear-end (front to rear),Followed too close,None Indicated,,Daylight,Wet,Cloudy,"Surface condition (e.g., wet, icy)",Intersection:  Four-way intersection,Paved,,Possible/Unknown,0,1,0,0,1,0,120,2,3,,POINT (-91.530787255705 41.645128280356)
2014786915,2014-10793,02/19/2014,02-February,4-Wednesday,07:39,0700 Hours,District 6 (East Central),DAVENPORT,SCOTT,,E 6TH ST & PERRY ST,Collision with:  Vehicle in traffic,On Roadway,"Sideswipe, same direction",Lost Control,None Indicated,,Daylight,Dry,Clear,"Surface condition (e.g., wet, icy)",Intersection:  Four-way intersection,Paved,,Property Damage Only,0,0,0,0,0,0,2250,2,13,,POINT (-90.572622025565 41.525705197013)
2014787548,2014-10845,02/19/2014,02-February,4-Wednesday,12:18,1200 Hours,District 6 (East Central),DAVENPORT,SCOTT,,KIMBERLY RD,Collision with:  Vehicle in traffic,On Roadway,"Sideswipe, same direction",Unknown,None Indicated,,Daylight,Wet,Clear,None apparent,Non-intersection:  Non-junction/no special feature,Paved,,Property Damage Only,0,0,0,0,0,0,6500,2,2,,POINT (-90.526936590909 41.553362500466)
2014786627,201402452,02/19/2014,02-February,4-Wednesday,14:27,1400 Hours,District 6 (East Central),CEDAR RAPIDS,LINN,,16TH AVE SW & K ST SW,Collision with:  Vehicle in traffic,On Roadway,"Sideswipe, same direction",Made improper turn,None Indicated,,Daylight,Wet,Cloudy,None apparent,Intersection:  Other intersection (explain in narrative),Paved,,Property Damage Only,0,0,0,0,0,0,5000,2,2,,POINT (-91.668667486477 41.961673472208)
2014786899,2014-10769,02/19/2014,02-February,4-Wednesday,02:33,0200 Hours,District 6 (East Central),DAVENPORT,SCOTT,,KIRKWOOD BLVD,Collision with:  Parked motor vehicle,On Roadway,"Sideswipe, same direction",Lost Control,None Indicated,,Dark - roadway lighted,Wet,Clear,"Surface condition (e.g., wet, icy)",Intersection:  Four-way intersection,Paved,,Property Damage Only,0,0,0,0,0,0,4000,2,1,,POINT (-90.570995507951 41.536181319262)
2014788277,,02/19/2014,02-February,4-Wednesday,04:30,0400 Hours,District 5 (Southeast),,LUCAS,IA 14,IA 14,Collision with:  Animal,On Roadway,Non-collision (single vehicle),Animal,None Indicated,,Dark - roadway not lighted,Unknown,Unknown,None apparent,Non-intersection:  Non-junction/no special feature,Paved,,Property Damage Only,0,0,0,0,0,0,6500,1,2,,POINT (-93.277782526494 41.081918263874)
2014789868,,02/19/2014,02-February,4-Wednesday,07:45,0700 Hours,District 2 (Northeast),CLEAR LAKE,CERRO GORDO,,7TH AVE N & N 20TH ST,Collision with:  Vehicle in traffic,On Roadway,Broadside (front to side),Ran Stop Sign,None Indicated,,Daylight,Ice/frost,Clear,"Surface condition (e.g., wet, icy)",Intersection:  Four-way intersection,Paved,,Property Damage Only,0,0,0,0,0,0,4400,2,2,,POINT (-93.364299443108 43.144050826465)
2014787594,14-000806,02/19/2014,02-February,4-Wednesday,09:00,0900 Hours,District 1 (Central),AMES,STORY,,OAKLAND ST & HYLAND AVE & SHELDON AVE,Collision with:  Vehicle in traffic,On Roadway,Rear-end (front to rear),Driving too fast for conditions,None Indicated,,Daylight,Other (explain in narrative),Clear,"Surface condition (e.g., wet, icy)",Intersection:  Four-way intersection,Paved,,Property Damage Only,0,0,0,0,0,0,2700,2,4,,POINT (-93.655726621909 42.028036010662)
2014787501,S14-000490,02/19/2014,02-February,4-Wednesday,08:58,0800 Hours,District 4 (Southwest),,POTTAWATTAMIE,IA 92,IA 92/IOWA 92 & CONCORD LOOP,Collision with:  Vehicle in traffic,On Roadway,Rear-end (front to rear),Followed too close,None Indicated,,Daylight,Dry,Clear,None apparent,Intersection:  Four-way intersection,Paved,,Property Damage Only,0,0,0,0,0,0,5000,2,2,,POINT (-95.79464649619 41.232933862822)
2014788148,14-000240,02/19/2014,02-February,4-Wednesday,08:00,0800 Hours,District 1 (Central),AMES,STORY,,MORTENSON RD,Collision with:  Vehicle in traffic,On Roadway,Rear-end (front to rear),Driving too fast for conditions,None Indicated,,Daylight,Ice/frost,Clear,"Surface condition (e.g., wet, icy)",Non-intersection:  Non-junction/no special feature,Paved,,Possible/Unknown,0,1,0,0,1,0,6000,2,2,,POINT (-93.684096330372 42.012820456191)
2014786701,2014-10798,02/19/2014,02-February,4-Wednesday,07:54,0700 Hours,District 6 (East Central),DAVENPORT,SCOTT,,W 5TH ST & N DIVISION ST,Collision with:  Vehicle in traffic,On Roadway,Broadside (front to side),Lost Control,None Indicated,,Daylight,Ice/frost,Clear,"Surface condition (e.g., wet, icy)",Intersection:  T-intersection,Paved,,Property Damage Only,0,0,0,0,0,0,2000,2,2,,POINT (-90.601201625304 41.52452194824)
2014787229,AC14-013,02/19/2014,02-February,4-Wednesday,11:25,1100 Hours,District 1 (Central),STORY CITY,STORY,,W 1ST ST & LARSON AVE,Collision with fixed object:  Other fixed object (explain in narrative),On Roadway,Non-collision (single vehicle),Other (explain in narrative):  Other,None Indicated,,Daylight,Dry,Clear,None apparent,Non-intersection:  Non-junction/no special feature,Paved,,Property Damage Only,0,0,0,0,0,0,10000,1,1,,POINT (-93.600846150651 42.180329310818)
2014786684,14-0877,02/19/2014,02-February,4-Wednesday,08:35,0800 Hours,District 1 (Central),WEST DES MOINES,POLK,,ASHWORTH RD & 11TH ST,Collision with:  Vehicle in traffic,On Roadway,Broadside (front to side),FTYROW:  From stop sign,None Indicated,,Daylight,Wet,Clear,None apparent,Intersection:  T-intersection,Paved,,Property Damage Only,0,0,0,0,0,0,3500,2,3,,POINT (-93.7186789911 41.584601050734)
2014786782,W14-016986,02/19/2014,02-February,4-Wednesday,13:33,1300 Hours,District 2 (Northeast),WATERLOO,BLACK HAWK,,W PARK AVE & COMMERCIAL ST,Collision with:  Vehicle in traffic,On Roadway,Broadside (front to side),Ran Traffic Signal,None Indicated,,Daylight,Dry,Clear,None apparent,Intersection:  Four-way intersection,Paved,,Property Damage Only,0,0,0,0,0,0,6000,2,2,,POINT (-92.340819008657 42.495897163205)
2014793604,,02/19/2014,02-February,4-Wednesday,07:50,0700 Hours,District 2 (Northeast),DECORAH,WINNESHIEK,,RIDGEWOOD DR & MONTGOMERY ST,Collision with:  Vehicle in traffic,On Roadway,Broadside (front to side),Driving too fast for conditions,None Indicated,,Daylight,Ice/frost,,"Surface condition (e.g., wet, icy)",Intersection:  T-intersection,Paved,,Property Damage Only,0,0,0,0,0,0,10000,2,2,,POINT (-91.773298410469 43.297589403113)
2014787588,14-000797,02/19/2014,02-February,4-Wednesday,06:55,0600 Hours,District 1 (Central),AMES,STORY,,S DAYTON AVE,Collision with fixed object:  Traffic sign support,Shoulder,Non-collision (single vehicle),Driving too fast for conditions,None Indicated,,Daylight,Ice/frost,Clear,"Surface condition (e.g., wet, icy)",Non-intersection:  Non-junction/no special feature,Paved,,Property Damage Only,0,0,0,0,0,0,6199,1,1,,POINT (-93.581318354355 42.015242335389)
2014788573,14-5002,02/19/2014,02-February,4-Wednesday,14:06,1400 Hours,District 3 (Northwest),SIOUX CITY,WOODBURY,I-29,I-29 & IA 12/GORDON DR,Collision with:  Vehicle in traffic,On Roadway,Rear-end (front to rear),Followed too close,None Indicated,,Daylight,Dry,Clear,None apparent,Intersection:  Four-way intersection,Paved,,Property Damage Only,0,0,0,0,0,0,2700,2,3,,POINT (-96.401482346912 42.489729205751)
2014787894,,02/19/2014,02-February,4-Wednesday,09:39,0900 Hours,District 3 (Northwest),LE MARS,PLYMOUTH,,2ND ST SE & 3RD AVE SE,Collision with:  Vehicle in traffic,On Roadway,Broadside (front to side),FTYROW:  At uncontrolled intersection,None Indicated,,Daylight,Wet,Clear,None apparent,Non-intersection:  Non-junction/no special feature,Paved,,Possible/Unknown,0,1,0,0,1,0,7000,2,3,,POINT (-96.162144133944 42.790596253604)
2014786859,20140004624,02/19/2014,02-February,4-Wednesday,07:17,0700 Hours,District 1 (Central),DES MOINES,POLK,I-235,I-235 & KEOSAUQUA WAY,Collision with:  Vehicle in traffic,On Roadway,"Sideswipe, same direction",Lost Control,None Indicated,,Dawn,Ice/frost,Clear,"Surface condition (e.g., wet, icy)",Non-intersection:  Other non-intersection (explain in narrative),Paved,,Property Damage Only,0,0,0,0,0,0,8000,2,2,,POINT (-93.635502704166 41.595440217361)
2014786653,14-1092,02/19/2014,02-February,4-Wednesday,07:53,0700 Hours,District 1 (Central),BONDURANT,POLK,,NE 56TH ST,Collision with fixed object:  Ditch,On Roadway,Non-collision (single vehicle),Crossed centerline (undivided),None Indicated,,Daylight,Other (explain in narrative),Clear,Other (explain in narrative),Non-intersection:  Non-junction/no special feature,Paved,,Property Damage Only,0,0,0,0,0,0,10000,1,3,,POINT (-93.503214093474 41.689562946227)
2014786683,14-0875,02/19/2014,02-February,4-Wednesday,07:47,0700 Hours,District 4 (Southwest),WEST DES MOINES,DALLAS,,CENTURY DR,Collision with:  Vehicle in traffic,On Roadway,Rear-end (front to rear),Other (explain in narrative):  Vision obstructed,None Indicated,,Daylight,Wet,Clear,None apparent,Non-intersection:  Non-junction/no special feature,Paved,,Property Damage Only,0,0,0,0,0,0,10000,2,2,,POINT (-93.820870901397 41.571531906166)
2014788432,14-5014,02/19/2014,02-February,4-Wednesday,15:41,1500 Hours,District 3 (Northwest),SIOUX CITY,WOODBURY,IA 12,IA 12/RIVERSIDE BLVD/SIOUX RIVER RD & MILITARY RD,Collision with:  Vehicle in traffic,On Roadway,"Sideswipe, same direction",Crossed centerline (undivided),None Indicated,,Daylight,Dry,Clear,None apparent,Intersection:  Four-way intersection,Paved,,Property Damage Only,0,0,0,0,0,0,2000,2,2,,POINT (-96.475692112773 42.520996513029)
2014786862,20140004662,02/19/2014,02-February,4-Wednesday,13:15,1300 Hours,District 1 (Central),DES MOINES,POLK,I-235,I-235 & E 6TH ST,Collision with:  Vehicle in traffic,On Roadway,Broadside (front to side),Ran Traffic Signal,None Indicated,,Daylight,Wet,Cloudy,None apparent,Intersection:  Four-way intersection,Paved,,Major Injury,0,4,2,1,1,0,35000,2,4,,POINT (-93.609817424845 41.595912595979)
2014789273,14-000241,02/19/2014,02-February,4-Wednesday,08:10,0800 Hours,District 1 (Central),AMES,STORY,,13TH ST,Collision with:  Vehicle in traffic,On Roadway,Rear-end (front to rear),Driving too fast for conditions,None Indicated,,Daylight,Ice/frost,Clear,"Surface condition (e.g., wet, icy)",Non-intersection:  Non-junction/no special feature,Paved,,Property Damage Only,0,0,0,0,0,0,3500,3,3,,POINT (-93.64542689163 42.03564188625)
2014788019,14000900,02/19/2014,02-February,4-Wednesday,08:16,0800 Hours,District 3 (Northwest),,SIOUX,IA 60,IA 60/SW RAMP,Collision with fixed object:  Utility pole/light support,On Roadway,Non-collision (single vehicle),Driving too fast for conditions,None Indicated,,Daylight,Other (explain in narrative),Clear,"Surface condition (e.g., wet, icy)",Interchange-related:  On-ramp merge area,Paved,,Possible/Unknown,0,1,0,0,1,0,4000,1,1,,POINT (-95.864508327793 43.159472419552)
2014787188,S14-1657,02/19/2014,02-February,4-Wednesday,08:00,0800 Hours,District 3 (Northwest),,WOODBURY,,150TH ST & EASTLAND AVE,Collision with:  Vehicle in traffic,On Roadway,Broadside (front to side),Unknown,None Indicated,,Daylight,Dry,Clear,None apparent,Intersection:  Four-way intersection,Paved,,Property Damage Only,0,0,0,0,0,0,3000,2,2,,POINT (-96.19362756252 42.489746073434)
2014788728,33-2014,02/19/2014,02-February,4-Wednesday,22:00,2200 Hours,District 4 (Southwest),,HARRISON,US 30,US 30 & US 530/GILBERT ST PROPOSED US30,Collision with:  Animal,,,Animal,None Indicated,,,,,,,Paved,,Property Damage Only,0,0,0,0,0,0,4000,1,1,,POINT (-95.851006716514 41.574741089492)
2014787243,,02/19/2014,02-February,4-Wednesday,07:42,0700 Hours,District 2 (Northeast),CHARLES CITY,FLOYD,IA 14,IA 14/GILBERT ST/MAIN ST,Collision with:  Vehicle in traffic,On Roadway,Rear-end (front to rear),Lost Control,None Indicated,,Daylight,Ice/frost,Cloudy,"Surface condition (e.g., wet, icy)",Intersection:  Four-way intersection,Paved,,Property Damage Only,0,0,0,0,0,0,3500,2,2,,POINT (-92.681293642163 43.064619464833)
2014786846,14-000808,02/19/2014,02-February,4-Wednesday,08:41,0800 Hours,District 1 (Central),ANKENY,POLK,,SW STATE ST & SW PRAIRIE TRAIL PKWY,Collision with:  Vehicle in traffic,On Roadway,Broadside (front to side),FTYROW:  Making left turn,None Indicated,,Daylight,Wet,Clear,None apparent,Intersection:  Four-way intersection,Paved,,Property Damage Only,0,0,0,0,0,0,8000,2,2,,POINT (-93.622372134829 41.709830812908)
2014788447,2014012107,02/19/2014,02-February,4-Wednesday,02:03,0200 Hours,District 5 (Southeast),OSCEOLA,CLARKE,,S FILLMORE ST,Collision with fixed object:  Utility pole/light support,Outside trafficway,Non-collision (single vehicle),Crossed centerline (undivided),Under Influence of Alcohol/Drugs/Medications,,Dark - roadway lighted,Wet,Clear,None apparent,Non-intersection:  Non-junction/no special feature,Paved,,Major Injury,0,1,1,0,0,0,8750,1,2,,POINT (-93.767553414853 41.029395772356)
2014786845,14-000807,02/19/2014,02-February,4-Wednesday,06:35,0600 Hours,District 1 (Central),ANKENY,POLK,IA 415,IA 415/NW POLK CITY DR & NW 8TH ST,Non-collision events:  Overturn/rollover,On Roadway,Non-collision (single vehicle),Other (explain in narrative):  No improper action,None Indicated,,Dawn,Wet,Clear,None apparent,Non-intersection:  Non-junction/no special feature,Paved,,Property Damage Only,0,0,0,0,0,0,3000,1,1,,POINT (-93.671289068994 41.73820683396)
2014789084,,02/19/2014,02-February,4-Wednesday,12:28,1200 Hours,District 5 (Southeast),FORT MADISON,LEE,,14TH ST,Collision with:  Parked motor vehicle,On Roadway,"Sideswipe, opposite direction",Made improper turn,None Indicated,,Daylight,Wet,Clear,None apparent,Non-intersection:  Driveway access (within),Paved,,Property Damage Only,0,0,0,0,0,0,2000,2,2,,POINT (-91.322693208787 40.632872387282)
2014786981,2014012127,02/19/2014,02-February,4-Wednesday,07:55,0700 Hours,District 5 (Southeast),,MAHASKA,IA 163,IA 163/IOWA 163,Collision with:  Vehicle in traffic,On Roadway,Rear-end (front to rear),Driving too fast for conditions,None Indicated,,Daylight,Ice/frost,Clear,"Surface condition (e.g., wet, icy)",Interchange-related:  Off-ramp,Paved,,Possible/Unknown,0,1,0,0,1,0,6000,2,4,,POINT (-92.641569800894 41.25735063779)
2014786985,,02/19/2014,02-February,4-Wednesday,07:30,0700 Hours,District 3 (Northwest),WEST BEND,PALO ALTO,,2ND ST SW,Collision with:  Vehicle in traffic,On Roadway,Broadside (front to side),Other (explain in narrative):  Vision obstructed,None Indicated,,Daylight,Other (explain in narrative),Clear,"Surface condition (e.g., wet, icy)",Non-intersection:  Non-junction/no special feature,Paved,,Property Damage Only,0,0,0,0,0,0,2000,2,2,,POINT (-94.449348582991 42.95871312118)
2014786564,W14-016895,02/19/2014,02-February,4-Wednesday,08:00,0800 Hours,District 2 (Northeast),WATERLOO,BLACK HAWK,,BROADWAY ST & BURTON AVE,Collision with:  Vehicle in traffic,On Roadway,Broadside (front to side),Ran Traffic Signal,None Indicated,,Daylight,Ice/frost,Clear,None apparent,Intersection:  Four-way intersection,Paved,,Property Damage Only,0,0,0,0,0,0,6000,2,4,,POINT (-92.357510421043 42.523747871266)
2014796886,C14000548,02/19/2014,02-February,4-Wednesday,08:55,0800 Hours,District 6 (East Central),CORALVILLE,JOHNSON,,5TH ST & 1ST AVE,Collision with:  Vehicle in traffic,On Roadway,"Sideswipe, same direction",Improper or erratic lane changing,None Indicated,,Daylight,Wet,Clear,None apparent,Non-intersection:  Non-junction/no special feature,Paved,,Property Damage Only,0,0,0,0,0,0,2000,2,2,,POINT (-91.565651335165 41.673562050559)
2014789858,,02/19/2014,02-February,4-Wednesday,07:50,0700 Hours,District 2 (Northeast),CLEAR LAKE,CERRO GORDO,US 18,US 18 & N 10TH ST,Collision with:  Vehicle in traffic,On Roadway,Head-on (front to front),Driving too fast for conditions,None Indicated,,Daylight,Ice/frost,Clear,"Surface condition (e.g., wet, icy)",,Paved,,Property Damage Only,0,0,0,0,0,0,19000,4,6,,POINT (-93.376066968145 43.143868677304)
2014786853,20140004626,02/19/2014,02-February,4-Wednesday,07:20,0700 Hours,District 1 (Central),DES MOINES,POLK,,ARMY POST RD & SW 9TH ST,Collision with:  Vehicle in traffic,On Roadway,Rear-end (front to rear),Unknown,None Indicated,,Dawn,Ice/frost,Clear,"Surface condition (e.g., wet, icy)",Intersection:  Four-way intersection,Paved,,Possible/Unknown,0,1,0,0,1,0,4400,2,2,,POINT (-93.625717662933 41.526452988415)
2014786860,20140004636,02/19/2014,02-February,4-Wednesday,08:45,0800 Hours,District 1 (Central),DES MOINES,POLK,,URBANDALE AVE & 30TH ST,Collision with fixed object:  Tree,Outside trafficway,Non-collision (single vehicle),Swerving/Evasive Action,None Indicated,,Daylight,Ice/frost,Clear,"Surface condition (e.g., wet, icy)",Intersection:  T-intersection,Paved,,Minor Injury,0,1,0,1,0,0,5025,1,1,,POINT (-93.658648069427 41.624880616673)
2014787593,14-000804,02/19/2014,02-February,4-Wednesday,08:27,0800 Hours,District 1 (Central),AMES,STORY,,WELBECK DR,Collision with:  Vehicle in traffic,On Roadway,Broadside (front to side),Other (explain in narrative):  No improper action,None Indicated,,Daylight,Ice/frost,Clear,"Surface condition (e.g., wet, icy)",Non-intersection:  Driveway access (within),Paved,,Property Damage Only,0,0,0,0,0,0,3000,2,2,,POINT (-93.641966201079 42.057907436208)
2014786628,201402443,02/19/2014,02-February,4-Wednesday,12:15,1200 Hours,District 6 (East Central),CEDAR RAPIDS,LINN,,WASHINGTON AVE SE,Collision with:  Vehicle in traffic,On Roadway,Broadside (front to side),FTYROW:  From driveway,None Indicated,,Daylight,Wet,Clear,None apparent,Non-intersection:  Other non-intersection (explain in narrative),Paved,,Property Damage Only,0,0,0,0,0,0,4700,3,777,,POINT (-91.649261929915 41.985737138183)
2014787364,14-4157,02/19/2014,02-February,4-Wednesday,08:00,0800 Hours,District 1 (Central),NEWTON,JASPER,US 6,US 6/1ST AVE W,Collision with:  Vehicle in traffic,On Roadway,Rear-end (front to rear),Lost Control,None Indicated,,Daylight,Ice/frost,Clear,"Surface condition (e.g., wet, icy)",Non-intersection:  Non-junction/no special feature,Paved,,Property Damage Only,0,0,0,0,0,0,3500,2,2,,POINT (-93.070787751223 41.699217622699)
2014786655,14-1097,02/19/2014,02-February,4-Wednesday,08:07,0800 Hours,District 1 (Central),GRIMES,POLK,,S 6TH ST & S EWING ST,Collision with:  Vehicle in traffic,On Roadway,Broadside (front to side),Driving too fast for conditions,None Indicated,,Daylight,Other (explain in narrative),Clear,"Surface condition (e.g., wet, icy)",Intersection:  Four-way intersection,Paved,,Property Damage Only,0,0,0,0,0,0,4500,2,31,,POINT (-93.793543846689 41.683808736987)
2014786847,14-000811,02/19/2014,02-February,4-Wednesday,16:10,1600 Hours,District 1 (Central),ANKENY,POLK,,E 1ST ST & NE TRILEIN DR,Collision with:  Vehicle in traffic,On Roadway,Rear-end (front to rear),Other (explain in narrative):  Other,None Indicated,,Daylight,Wet,Cloudy,None apparent,Intersection:  T-intersection,Paved,,Possible/Unknown,0,1,0,0,1,0,1500,2,2,,POINT (-93.589818382546 41.731844610025)
2014796885,C14000545,02/19/2014,02-February,4-Wednesday,08:11,0800 Hours,District 6 (East Central),CORALVILLE,JOHNSON,,6TH ST & 1ST AVE,Collision with:  Vehicle in traffic,On Roadway,"Angle, oncoming left turn",Made improper turn,None Indicated,,Daylight,Dry,Clear,None apparent,Intersection:  T-intersection,Paved,,Property Damage Only,0,0,0,0,0,0,1900,2,2,,POINT (-91.566018919603 41.676484857009)
2014798705,S14-B1901,02/19/2014,02-February,4-Wednesday,17:47,1700 Hours,District 5 (Southeast),OSCEOLA,CLARKE,I-35,I-35,Collision with:  Vehicle in traffic,On Roadway,"Sideswipe, same direction",Crossed centerline (undivided),None Indicated,,Dusk,Dry,Cloudy,None apparent,Non-intersection:  Other non-intersection (explain in narrative),Paved,,Major Injury,0,1,1,0,0,0,6500,2,2,,POINT (-93.781250416287 41.068065361136)
2014786808,140444,02/19/2014,02-February,4-Wednesday,09:35,0900 Hours,District 3 (Northwest),DENISON,CRAWFORD,,S 15TH ST,Collision with:  Vehicle in traffic,On Roadway,"Sideswipe, opposite direction",FTYROW:  From driveway,None Indicated,,Daylight,Dry,Clear,None apparent,Non-intersection:  Driveway access (within),Paved,,Property Damage Only,0,0,0,0,0,0,2000,2,4,,POINT (-95.351354074366 42.005035833404)
2014786855,20140004627,02/19/2014,02-February,4-Wednesday,07:15,0700 Hours,District 1 (Central),DES MOINES,POLK,IA 163,IA 163/E UNIVERSITY AVE,Collision with:  Vehicle in traffic,On Roadway,"Sideswipe, opposite direction",Lost Control,None Indicated,,Daylight,Ice/frost,Clear,"Surface condition (e.g., wet, icy)",Non-intersection:  Non-junction/no special feature,Paved,,Property Damage Only,0,0,0,0,0,0,3000,2,2,,POINT (-93.543046588448 41.600660927189)
2014787591,14-000801,02/19/2014,02-February,4-Wednesday,08:00,0800 Hours,District 1 (Central),AMES,STORY,,BLOOMINGTON RD & STANGE RD,Collision with:  Vehicle in traffic,On Roadway,Rear-end (front to rear),Driving too fast for conditions,None Indicated,,Daylight,Ice/frost,Clear,"Surface condition (e.g., wet, icy)",Non-intersection:  Non-junction/no special feature,Paved,,Property Damage Only,0,0,0,0,0,0,2000,2,2,,POINT (-93.644910422303 42.056251742979)
2014786810,141250,02/19/2014,02-February,4-Wednesday,19:50,1900 Hours,District 4 (Southwest),,DALLAS,,Co Rd F90/360TH ST,Collision with:  Animal,,Non-collision (single vehicle),Animal,None Indicated,,,,,,,Paved,,Property Damage Only,0,0,0,0,0,0,1500,1,1,,POINT (-93.913162501069 41.519161384563)
2014787055,01-14-7183,02/19/2014,02-February,4-Wednesday,16:10,1600 Hours,District 6 (East Central),DUBUQUE,DUBUQUE,US 52,US 52/KERRIGAN RD/SE RAMP CURV,Collision with:  Vehicle in traffic,On Roadway,"Sideswipe, same direction",Improper or erratic lane changing,None Indicated,,Daylight,Dry,Cloudy,None apparent,"Interchange-related:  Off-ramp, diverge area",Paved,,Property Damage Only,0,0,0,0,0,0,4100,2,3,,POINT (-90.668014028522 42.47674605206)