Iowa DOT Case Number,Law Enforcement Case Number,Date of Crash,Month of Crash,Day of Week,Time of Crash,Hour,DOT District,City Name,County Name,Route with System,Location Description,First Harmful Event,Location of First Harmful Event,Manner of Crash/Collision,Major Cause,Drug or Alcohol ,Environmental Conditions,Light Conditions,Surface Conditions,Weather Conditions,Roadway Contribution,Roadway Type,Roadway Surface,Work Zone,Crash Severity,Number of Fatalities,Number of Injuries,Number of Major Injuries,Number of Minor Injuries,Number of Possible Injuries,Number of Unknown Injuries,Amount of Property Damage,Number of Vehicles Involved,Total Number of Occupants,Travel Direction,Location
2014786624,201402436,02/19/2014,02-February,4-Wednesday,08:11,0800 Hours,District 6 (East Central),CEDAR RAPIDS,LINN,,BLAIRS FERRY RD NE & DRY CREEK LN NE,Collision with:  Vehicle in traffic,On Roadway,Rear-end (front to rear),Other (explain in narrative):  No improper action,None Indicated,,Daylight,Ice/frost,Clear,"Surface condition (e.g., wet, icy)",Intersection:  T-intersection,Paved,,Property Damage Only,0,0,0,0,0,0,3200,2,4,,POINT (-91.655365920848 42.035244871976)
2014787703,14-1688,02/19/2014,02-February,4-Wednesday,17:37,1700 Hours,District 3 (Northwest),CARROLL,CARROLL,US 30,US 30/6TH ST & COURT ST,Collision with:  Vehicle in traffic,On Roadway,Head-on (front to front),Made improper turn,None Indicated,,Daylight,Dry,Cloudy,None apparent,Non-intersection:  Non-junction/no special feature,Paved,,Possible/Unknown,0,2,0,0,2,0,1500,2,2,,POINT (-94.865763196032 42.065231303797)
2014789069,,02/19/2014,02-February,4-Wednesday,19:01,1900 Hours,District 3 (Northwest),,WOODBURY,,Co Rd K29/OLD LAKEPORT RD,Collision with:  Animal,On Roadway,Non-collision (single vehicle),Animal,None Indicated,,Dark - roadway not lighted,Dry,Clear,None apparent,Non-intersection:  Other non-intersection (explain in narrative),Paved,,Property Damage Only,0,0,0,0,0,0,5000,1,2,,POINT (-96.341582800548 42.410380067604)
2014786890,14-006712,02/19/2014,02-February,4-Wednesday,08:32,0800 Hours,District 4 (Southwest),COUNCIL BLUFFS,POTTAWATTAMIE,,MADISON AVE,Collision with:  Vehicle in traffic,On Roadway,Rear-end (front to rear),Followed too close,None Indicated,,Daylight,Dry,Clear,Work Zone (roadway-related),Non-intersection:  Other non-intersection (explain in narrative),Paved,Yes,Major Injury,0,2,1,0,1,0,8000,2,2,,POINT (-95.823938701102 41.242134718664)
2014788086,2014-10892,02/19/2014,02-February,4-Wednesday,14:27,1400 Hours,District 6 (East Central),DAVENPORT,SCOTT,,KIRKWOOD BLVD & EASTERN AVE,Collision with:  Vehicle in traffic,On Roadway,Broadside (front to side),FTYROW:  From stop sign,None Indicated,,Daylight,Wet,Cloudy,None apparent,Intersection:  Four-way intersection,Paved,,Minor Injury,0,2,0,1,1,0,8000,2,2,,POINT (-90.551559968253 41.53440894825)
2014786884,14-0130,02/19/2014,02-February,4-Wednesday,13:52,1300 Hours,District 1 (Central),WINDSOR HEIGHTS,POLK,,COLLEGE DR & 73RD ST,Non-collision events:  Other non-collision (explain in narrative),On Roadway,Non-collision (single vehicle),Unknown,None Indicated,,Daylight,Ice/frost,Cloudy,"Surface condition (e.g., wet, icy)",Non-intersection:  Non-junction/no special feature,Paved,,Property Damage Only,0,0,0,0,0,0,2000,1,3,,POINT (-93.717933168451 41.609321513211)
2014786869,20140004622,02/19/2014,02-February,4-Wednesday,06:57,0600 Hours,District 1 (Central),DES MOINES,POLK,,SW 9TH ST,Collision with:  Vehicle in traffic,On Roadway,Rear-end (front to rear),Other (explain in narrative):  No improper action,None Indicated,,Dawn,Ice/frost,Clear,"Surface condition (e.g., wet, icy)",Intersection:  Four-way intersection,Paved,,Possible/Unknown,0,1,0,0,1,0,2600,3,5,,POINT (-93.625717403589 41.526425967609)
2014787477,14-0367,02/19/2014,02-February,4-Wednesday,07:55,0700 Hours,District 1 (Central),URBANDALE,POLK,,78TH ST,Collision with:  Vehicle in traffic,On Roadway,Rear-end (front to rear),Followed too close,None Indicated,,Daylight,Ice/frost,Clear,None apparent,Non-intersection:  Non-junction/no special feature,Paved,,Possible/Unknown,0,1,0,0,1,0,0,2,2,,POINT (-93.726655962281 41.618742269584)
2014787527,2014-10931,02/19/2014,02-February,4-Wednesday,16:25,1600 Hours,District 6 (East Central),DAVENPORT,SCOTT,,LAKEHURST DR & E 62ND ST CT,Collision with:  Parked motor vehicle,On Roadway,"Sideswipe, opposite direction",Improper Backing,None Indicated,,Daylight,Dry,Cloudy,None apparent,Intersection:  T-intersection,Paved,,Property Damage Only,0,0,0,0,0,0,6000,2,1,,POINT (-90.519949176177 41.584004541297)
2014786671,20140004658,02/19/2014,02-February,4-Wednesday,12:21,1200 Hours,District 1 (Central),DES MOINES,POLK,,MADISON AVE & 6TH AVE,Collision with:  Vehicle in traffic,On Roadway,Broadside (front to side),Ran Traffic Signal,None Indicated,,Daylight,Wet,Cloudy,None apparent,Intersection:  Four-way intersection,Paved,,Minor Injury,0,2,0,1,1,0,10000,2,3,,POINT (-93.624779311646 41.633131117497)
2014787633,14-5003,02/19/2014,02-February,4-Wednesday,14:37,1400 Hours,District 3 (Northwest),SIOUX CITY,WOODBURY,,5TH ST & NEBRASKA ST,Collision with:  Vehicle in traffic,On Roadway,Rear-end (front to rear),Followed too close,None Indicated,,Daylight,Dry,Clear,None apparent,Intersection:  Four-way intersection,Paved,,Property Damage Only,0,0,0,0,0,0,1600,2,3,,POINT (-96.403461664334 42.49526216132)
2014790209,14-000698,02/19/2014,02-February,4-Wednesday,08:08,0800 Hours,District 2 (Northeast),CORWITH,HANCOCK,,Co Rd R18/BIRCH AVE & ELM ST,Collision with fixed object:  Utility pole/light support,On Roadway,Non-collision (single vehicle),Driving too fast for conditions,None Indicated,,Daylight,Ice/frost,Clear,"Surface condition (e.g., wet, icy)",Intersection:  Y-intersection,Paved,,Possible/Unknown,0,1,0,0,1,0,56500,1,1,,POINT (-93.950908832597 42.986686442892)
2014786626,201402438,02/19/2014,02-February,4-Wednesday,09:18,0900 Hours,District 6 (East Central),CEDAR RAPIDS,LINN,,14TH AVE SE & 4TH ST SE,Collision with:  Vehicle in traffic,On Roadway,"Sideswipe, opposite direction",Crossed centerline (undivided),None Indicated,,Daylight,Wet,Clear,None apparent,Non-intersection:  Non-junction/no special feature,Paved,,Property Damage Only,0,0,0,0,0,0,1500,2,4,,POINT (-91.656079331451 41.969812723872)
2014787370,PD141468,02/19/2014,02-February,4-Wednesday,12:12,1200 Hours,District 5 (Southeast),FAIRFIELD,JEFFERSON,,W BROADWAY AVE,Collision with:  Vehicle in traffic,On Roadway,"Sideswipe, same direction",Other (explain in narrative):  Vision obstructed,None Indicated,,Daylight,Dry,Clear,None apparent,Non-intersection:  Non-junction/no special feature,Paved,,Property Damage Only,0,0,0,0,0,0,4000,2,2,,POINT (-91.964045678366 41.007604214842)
2014788612,,02/19/2014,02-February,4-Wednesday,18:35,1800 Hours,District 4 (Southwest),,MILLS,,Co Rd L35/221ST ST,Collision with:  Animal,On Roadway,Non-collision (single vehicle),Animal,None Indicated,,Dark - roadway not lighted,Dry,Other (explain in narrative),,Non-intersection:  Non-junction/no special feature,Paved,,Property Damage Only,0,0,0,0,0,0,8000,1,1,,POINT (-95.762336657572 41.086546705631)
2014786871,20140004665,02/19/2014,02-February,4-Wednesday,13:30,1300 Hours,District 1 (Central),DES MOINES,POLK,,ARMY POST RD & FLEUR DR,Collision with:  Vehicle in traffic,On Roadway,Rear-end (front to rear),Other (explain in narrative):  Other,Alcohol (Statutory),,Daylight,Dry,Cloudy,None apparent,Intersection:  Four-way intersection,Paved,,Property Damage Only,0,0,0,0,0,0,4000,2,2,,POINT (-93.645034655062 41.525976961211)
2014786870,20140004664,02/19/2014,02-February,4-Wednesday,13:56,1300 Hours,District 1 (Central),DES MOINES,POLK,,E UNIVERSITY AVE & PENNSYLVANIA AVE,Collision with:  Vehicle in traffic,On Roadway,Broadside (front to side),FTYROW:  Making left turn,None Indicated,,Daylight,Dry,Cloudy,None apparent,Intersection:  Four-way intersection,Paved,,Property Damage Only,0,0,0,0,0,0,15000,3,4,,POINT (-93.608863543303 41.600385242357)
2014788745,14-4182,02/19/2014,02-February,4-Wednesday,16:00,1600 Hours,District 1 (Central),NEWTON,JASPER,US 6,US 6/1ST AVE W,Collision with:  Vehicle in traffic,On Roadway,Broadside (front to side),FTYROW:  Other (explain in narrative),None Indicated,,Daylight,Dry,Clear,None apparent,Non-intersection:  Non-junction/no special feature,Paved,,Property Damage Only,0,0,0,0,0,0,2950,2,2,,POINT (-93.072277968222 41.699171659381)
2014788250,2014012130,02/19/2014,02-February,4-Wednesday,07:25,0700 Hours,District 1 (Central),,JASPER,,Co Rd F17/HWY F-17 W,Collision with fixed object:  Ditch,Roadside,Non-collision (single vehicle),Driving too fast for conditions,None Indicated,,Dawn,Ice/frost,Clear,"Surface condition (e.g., wet, icy)",Non-intersection:  Non-junction/no special feature,Paved,,Minor Injury,0,1,0,1,0,0,4000,1,1,,POINT (-93.182684334124 41.820202895956)
2014788425,201400008348,02/19/2014,02-February,4-Wednesday,07:27,0700 Hours,District 5 (Southeast),OTTUMWA,WAPELLO,US 63,US 63,Collision with fixed object:  Guardrail - face,Median,Non-collision (single vehicle),Driving too fast for conditions,None Indicated,,Daylight,Ice/frost,Clear,"Surface condition (e.g., wet, icy)",Non-intersection:  Non-junction/no special feature,Paved,,Possible/Unknown,0,1,0,0,1,0,4500,1,1,,POINT (-92.404755459109 41.000138114357)
2014792321,2014-001064,02/19/2014,02-February,4-Wednesday,16:06,1600 Hours,District 6 (East Central),,BENTON,,Co Rd V44/16 AVE,Collision with fixed object:  Ditch,Outside trafficway,Non-collision (single vehicle),Swerving/Evasive Action,None Indicated,,Daylight,Wet,Clear,None apparent,Non-intersection:  Non-junction/no special feature,Paved,,Possible/Unknown,0,1,0,0,1,0,16000,1,1,,POINT (-92.181689479104 41.936610807936)
2014788251,2014012270,02/19/2014,02-February,4-Wednesday,15:35,1500 Hours,District 5 (Southeast),,CLARKE,I-35,I-35,Collision with fixed object:  Ditch,Roadside,Non-collision (single vehicle),Ran off road - right,None Indicated,,Daylight,Dry,Cloudy,None apparent,Non-intersection:  Non-junction/no special feature,Paved,,Minor Injury,0,1,0,1,0,0,75000,1,1,,POINT (-93.781833475749 41.115254211519)
2014786730,14-0511,02/19/2014,02-February,4-Wednesday,14:40,1400 Hours,District 1 (Central),FORT DODGE,WEBSTER,,S 12TH ST,Collision with:  Vehicle in traffic,On Roadway,Unknown,Unknown,None Indicated,,Daylight,Dry,Cloudy,None apparent,Non-intersection:  Non-junction/no special feature,Paved,,Property Damage Only,0,0,0,0,0,0,2000,2,1,,POINT (-94.18266939592 42.501281526507)
2014787610,14-00799,02/19/2014,02-February,4-Wednesday,07:35,0700 Hours,District 1 (Central),AMES,STORY,,POE AVE & MORTENSON RD,Collision with:  Vehicle in traffic,On Roadway,Rear-end (front to rear),Driving too fast for conditions,None Indicated,,Daylight,Ice/frost,Clear,"Surface condition (e.g., wet, icy)",Non-intersection:  Non-junction/no special feature,Paved,,Property Damage Only,0,0,0,0,0,0,3000,2,4,,POINT (-93.684629618452 42.012997408405)
2014787282,14002461,02/19/2014,02-February,4-Wednesday,22:05,2200 Hours,District 6 (East Central),,CEDAR,,Co Rd X40/GARFIELD AVE,Non-collision events:  Overturn/rollover,Outside trafficway,Non-collision (single vehicle),Ran off road - right,Alcohol (Statutory),,Dark - roadway not lighted,Dry,Cloudy,None apparent,Non-intersection:  Non-junction/no special feature,Paved,,Possible/Unknown,0,1,0,0,1,0,7000,1,2,,POINT (-91.249753074834 41.726034557345)
2014786811,141251,02/19/2014,02-February,4-Wednesday,20:38,2000 Hours,District 4 (Southwest),,DALLAS,IA 141,IA 141/IOWA 141,Collision with:  Animal,,Non-collision (single vehicle),Animal,None Indicated,,,,,,,Paved,,Property Damage Only,0,0,0,0,0,0,8000,1,1,,POINT (-93.878788455224 41.788497896403)
2014787155,14-000348,02/19/2014,02-February,4-Wednesday,15:46,1500 Hours,District 1 (Central),ALTOONA,POLK,,8TH ST SW & 34TH AVE SW,Collision with:  Vehicle in traffic,On Roadway,"Angle, oncoming left turn",Unknown,None Indicated,,Daylight,Wet,Cloudy,None apparent,Intersection:  Four-way intersection,Paved,,Possible/Unknown,0,2,0,0,2,0,15000,2,3,,POINT (-93.503124339246 41.644095240873)
2014786916,2014-10919,02/19/2014,02-February,4-Wednesday,16:20,1600 Hours,District 6 (East Central),DAVENPORT,SCOTT,I-74,I-74 & E 53RD ST,Collision with:  Vehicle in traffic,On Roadway,Broadside (front to side),Ran Traffic Signal,None Indicated,,Daylight,Dry,Clear,None apparent,Intersection:  Other intersection (explain in narrative),Paved,,Possible/Unknown,0,1,0,0,1,0,5000,2,2,,POINT (-90.524031337075 41.574807066831)
2014786773,W14-016965,02/19/2014,02-February,4-Wednesday,12:39,1200 Hours,District 2 (Northeast),WATERLOO,BLACK HAWK,,W RIDGEWAY AVE & E RIDGEWAY AVE & KIMBALL AVE,Collision with:  Vehicle in traffic,On Roadway,Rear-end (front to rear),Other (explain in narrative):  Other,None Indicated,,Daylight,Dry,Cloudy,None apparent,Intersection:  Four-way intersection,Paved,,Possible/Unknown,0,1,0,0,1,0,3500,2,3,,POINT (-92.356983956971 42.469394705664)
2014786843,14-1090,02/19/2014,02-February,4-Wednesday,06:26,0600 Hours,District 1 (Central),ANKENY,POLK,,SW IRVINEDALE DR & SW MAGAZINE RD,Collision with:  Vehicle in traffic,On Roadway,"Sideswipe, same direction",Driving too fast for conditions,None Indicated,,Dark - roadway lighted,Ice/frost,Clear,"Surface condition (e.g., wet, icy)",Intersection:  Other intersection (explain in narrative),Paved,,Property Damage Only,0,0,0,0,0,0,4500,3,2,,POINT (-93.638901524802 41.717279005996)
2014786937,14-5007,02/19/2014,02-February,4-Wednesday,15:26,1500 Hours,District 3 (Northwest),SIOUX CITY,WOODBURY,,CHASE ST,Non-collision events:  Other non-collision (explain in narrative),On Roadway,Non-collision (single vehicle),Other (explain in narrative):  Other,None Indicated,,Daylight,Dry,Clear,None apparent,Non-intersection:  Non-junction/no special feature,Unpaved,,Property Damage Only,0,0,0,0,0,0,1700,1,3,,POINT (-96.382665727468 42.51417567262)
2014786623,201402433,02/19/2014,02-February,4-Wednesday,05:57,0500 Hours,District 6 (East Central),CEDAR RAPIDS,LINN,,12TH AVE SE & 3RD ST SE,Collision with:  Vehicle in traffic,On Roadway,Rear-end (front to rear),Lost Control,None Indicated,,Dark - roadway lighted,Wet,Clear,None apparent,Intersection:  Four-way intersection,Paved,,Property Damage Only,0,0,0,0,0,0,2200,2,2,,POINT (-91.658182892075 41.970215604634)
2014786886,14-129,02/19/2014,02-February,4-Wednesday,08:03,0800 Hours,District 1 (Central),WINDSOR HEIGHTS,POLK,,COLLEGE DR & 73RD ST,Collision with:  Vehicle in traffic,On Roadway,"Angle, oncoming left turn",FTYROW:  Making left turn,None Indicated,,Daylight,Ice/frost,Cloudy,"Surface condition (e.g., wet, icy)",Intersection:  Other intersection (explain in narrative),Paved,,Property Damage Only,0,0,0,0,0,0,1500,2,2,,POINT (-93.717933168451 41.609321513211)
2014786669,20140004621,02/19/2014,02-February,4-Wednesday,06:35,0600 Hours,District 1 (Central),DES MOINES,POLK,,WILLIAMS ST,Collision with:  Non-motorist (see non-motorist section - NOT a unit),On Roadway,Non-collision (single vehicle),Unknown,None Indicated,,Dark - unknown roadway lighting,Ice/frost,Clear,"Surface condition (e.g., wet, icy)",Non-intersection:  Non-junction/no special feature,Paved,,Major Injury,0,1,1,0,0,0,500,1,1,,POINT (-93.533546257868 41.599642554583)
2014788426,201400008415,02/19/2014,02-February,4-Wednesday,13:00,1300 Hours,District 5 (Southeast),OTTUMWA,WAPELLO,IA 149,IA 149/KITTERMAN AVE/WAPELLO ST & W 4TH ST,Collision with:  Vehicle in traffic,On Roadway,Broadside (front to side),Made improper turn,None Indicated,,Daylight,Wet,Clear,None apparent,Non-intersection:  Non-junction/no special feature,Paved,,Possible/Unknown,0,1,0,0,1,0,6000,2,5,,POINT (-92.414286208149 41.022220882823)
2014786936,14-4993,02/19/2014,02-February,4-Wednesday,12:48,1200 Hours,District 3 (Northwest),SIOUX CITY,WOODBURY,IA 12,IA 12/RIVERSIDE BLVD & W 19TH ST & PAUL AVE,Collision with:  Vehicle in traffic,On Roadway,"Angle, oncoming left turn",FTYROW:  Making left turn,None Indicated,,Daylight,Dry,Clear,None apparent,Intersection:  Four-way intersection,Paved,,Possible/Unknown,0,1,0,0,1,0,7300,3,3,,POINT (-96.474658982755 42.515319089934)
2014786787,14-007,02/19/2014,02-February,4-Wednesday,05:30,0500 Hours,District 3 (Northwest),KNIERIM,CALHOUN,,Co Rd P19/XAVIER AVE & 210TH ST,Non-collision events:  Other non-collision (explain in narrative),On Roadway,Non-collision (single vehicle),Ran off road - right,None Indicated,,Dark - roadway not lighted,Ice/frost,Clear,"Surface condition (e.g., wet, icy)",Non-intersection:  Non-junction/no special feature,Paved,,Property Damage Only,0,0,0,0,0,0,3000,1,1,,POINT (-94.462311390962 42.487796715475)
2014787761,K14-004522,02/19/2014,02-February,4-Wednesday,07:50,0700 Hours,District 5 (Southeast),KEOKUK,LEE,,WASHINGTON ST,Collision with:  Vehicle in traffic,On Roadway,Rear-end (front to rear),Driving too fast for conditions,None Indicated,,Daylight,Ice/frost,Clear,None apparent,Intersection:  T-intersection,Paved,,Possible/Unknown,0,1,0,0,1,0,2500,2,4,,POINT (-91.401728213999 40.414178788776)
2014787750,C14000546,02/19/2014,02-February,4-Wednesday,07:57,0700 Hours,District 6 (East Central),CORALVILLE,JOHNSON,,OAKDALE BLVD,Collision with:  Vehicle in traffic,On Roadway,"Sideswipe, opposite direction",Crossed centerline (undivided),None Indicated,,Daylight,Ice/frost,Clear,"Surface condition (e.g., wet, icy)",Non-intersection:  Non-junction/no special feature,Paved,,Property Damage Only,0,0,0,0,0,0,8000,2,2,,POINT (-91.577081723329 41.704912826165)
2014788315,CL14000505,02/19/2014,02-February,4-Wednesday,15:47,1500 Hours,District 6 (East Central),CLINTON,CLINTON,US 67,US 67/N 2ND ST,Collision with:  Vehicle in traffic,On Roadway,"Sideswipe, same direction",Improper or erratic lane changing,None Indicated,,Daylight,Dry,Cloudy,None apparent,Non-intersection:  Non-junction/no special feature,Paved,,Property Damage Only,0,0,0,0,0,0,2250,2,3,,POINT (-90.183810243535 41.861679664952)
2014793728,14003823,02/19/2014,02-February,4-Wednesday,07:30,0700 Hours,District 5 (Southeast),,MAHASKA,,170TH ST,Non-collision events:  Other non-collision (explain in narrative),On Roadway,Non-collision (single vehicle),Driving too fast for conditions,None Indicated,,Daylight,Ice/frost,Clear,"Surface condition (e.g., wet, icy)",Intersection:  T-intersection,Unpaved,,Minor Injury,0,1,0,1,0,0,10300,1,1,,POINT (-92.654896251113 41.408144148586)
2014787982,2014001895,02/19/2014,02-February,4-Wednesday,07:42,0700 Hours,District 6 (East Central),IOWA CITY,JOHNSON,,MELROSE AVE,Collision with:  Vehicle in traffic,On Roadway,Rear-end (front to rear),Followed too close,None Indicated,,Dawn,Ice/frost,Clear,"Surface condition (e.g., wet, icy)",Intersection:  Other intersection (explain in narrative),Paved,,Property Damage Only,0,0,0,0,0,0,5500,2,2,,POINT (-91.579445558522 41.657025664004)
2014787589,14-000798,02/19/2014,02-February,4-Wednesday,07:33,0700 Hours,District 1 (Central),AMES,STORY,,LINCOLN WAY & LYNN AVE & MORRILL RD,Collision with:  Vehicle in traffic,On Roadway,Rear-end (front to rear),Driving too fast for conditions,None Indicated,,Daylight,Other (explain in narrative),Clear,"Surface condition (e.g., wet, icy)",Intersection:  Four-way intersection,Paved,,Property Damage Only,0,0,0,0,0,0,4000,2,2,,POINT (-93.646420084325 42.022774927449)
2014787150,14-0364,02/19/2014,02-February,4-Wednesday,06:45,0600 Hours,District 1 (Central),URBANDALE,POLK,,128TH ST & AURORA AVE,Collision with:  Vehicle in traffic,On Roadway,Broadside (front to side),Unknown,None Indicated,,Dawn,Ice/frost,Clear,"Surface condition (e.g., wet, icy)",Non-intersection:  Non-junction/no special feature,Paved,,Property Damage Only,0,0,0,0,0,0,5000,2,2,,POINT (-93.79433516355 41.636759188869)
2014786861,20140004620,02/19/2014,02-February,4-Wednesday,06:39,0600 Hours,District 1 (Central),DES MOINES,POLK,,DENNIS DR,Collision with:  Vehicle in traffic,On Roadway,Rear-end (front to rear),Swerving/Evasive Action,None Indicated,,Dawn,Ice/frost,Clear,"Surface condition (e.g., wet, icy)",Non-intersection:  Non-junction/no special feature,Paved,,Property Damage Only,0,0,0,0,0,0,2000,2,2,,POINT (-93.723600730263 41.627831766442)
2014787529,2014-10974,02/19/2014,02-February,4-Wednesday,22:29,2200 Hours,District 6 (East Central),DAVENPORT,SCOTT,,W 16TH ST & GAINES ST,Collision with:  Vehicle in traffic,On Roadway,Broadside (front to side),Ran Stop Sign,Alcohol (Statutory),,Dark - roadway lighted,Wet,Snow,None apparent,Intersection:  Four-way intersection,Paved,,Minor Injury,0,1,0,1,0,0,11400,2,2,,POINT (-90.582778961308 41.536168566065)
2014786839,14680549,02/19/2014,02-February,4-Wednesday,18:27,1800 Hours,District 5 (Southeast),,MONROE,IA 5,IA 5/IOWA 5,Collision with:  Animal,,Non-collision (single vehicle),Animal,None Indicated,,,,,,,Paved,,Property Damage Only,0,0,0,0,0,0,2500,1,1,,POINT (-92.819550415284 40.982949728462)
2014786866,20140004695,02/19/2014,02-February,4-Wednesday,18:10,1800 Hours,District 1 (Central),DES MOINES,POLK,,BEAVER AVE,Collision with:  Vehicle in traffic,On Roadway,"Angle, oncoming left turn",FTYROW:  From driveway,None Indicated,,Dark - roadway lighted,Dry,Cloudy,None apparent,Non-intersection:  Driveway access (within),Paved,,Property Damage Only,0,0,0,0,0,0,9000,2,2,,POINT (-93.672482520106 41.610379998468)
2014790563,1400320,02/19/2014,02-February,4-Wednesday,07:40,0700 Hours,District 5 (Southeast),BLOOMFIELD,DAVIS,,GOODE ST & MADISON ST,Collision with:  Vehicle in traffic,On Roadway,Rear-end (front to rear),Driving too fast for conditions,None Indicated,,Daylight,Ice/frost,Clear,"Surface condition (e.g., wet, icy)",Intersection:  T-intersection,Paved,,Property Damage Only,0,0,0,0,0,0,3700,2,3,,POINT (-92.415062058895 40.757721843515)
2014786729,14-0509,02/19/2014,02-February,4-Wednesday,12:35,1200 Hours,District 1 (Central),FORT DODGE,WEBSTER,,1ST AVE S & S 10TH ST,Collision with:  Vehicle in traffic,On Roadway,"Sideswipe, same direction",FTYROW:  Other (explain in narrative),None Indicated,,Daylight,Dry,Cloudy,None apparent,Non-intersection:  Non-junction/no special feature,Paved,,Property Damage Only,0,0,0,0,0,0,6000,2,4,,POINT (-94.18453062142 42.504459327976)
2014788785,14038,02/19/2014,02-February,4-Wednesday,08:15,0800 Hours,District 5 (Southeast),PELLA,MARION,,E UNIVERSITY ST & E 9TH ST,Collision with:  Vehicle in traffic,On Roadway,Rear-end (front to rear),FTYROW:  From parked position,None Indicated,,Daylight,Wet,Clear,None apparent,Non-intersection:  Non-junction/no special feature,Paved,,Property Damage Only,0,0,0,0,0,0,1500,2,2,,POINT (-92.902955769875 41.400225675766)
2014787547,2014-10792,02/19/2014,02-February,4-Wednesday,07:19,0700 Hours,District 6 (East Central),DAVENPORT,SCOTT,,ELM ST & JERSEY RIDGE RD,Collision with:  Vehicle in traffic,On Roadway,Rear-end (front to rear),Lost Control,None Indicated,,Daylight,Ice/frost,Clear,"Surface condition (e.g., wet, icy)",Intersection:  Four-way intersection,Paved,,Property Damage Only,0,0,0,0,0,0,5500,2,2,,POINT (-90.541820158047 41.541550248939)
2014786809,141234,02/19/2014,02-February,4-Wednesday,09:54,0900 Hours,District 4 (Southwest),,DALLAS,,HOUSTON CT,Collision with fixed object:  Ditch,On Roadway,Non-collision (single vehicle),Improper Backing,None Indicated,,Daylight,Wet,Clear,None apparent,Non-intersection:  Non-junction/no special feature,Unpaved,,Possible/Unknown,0,1,0,0,1,0,2000,1,1,,POINT (-94.139111184389 41.577295023529)
2014788000,14-003651,02/19/2014,02-February,4-Wednesday,07:57,0700 Hours,District 5 (Southeast),,MARION,,TERRACE DR,Collision with:  Vehicle in traffic,On Roadway,Rear-end (front to rear),Other (explain in narrative):  No improper action,None Indicated,,Dawn,Dry,Clear,None apparent,Non-intersection:  Non-junction/no special feature,Paved,,Possible/Unknown,0,1,0,0,1,0,4000,2,2,,POINT (-93.051603909227 41.439672194092)
2014787032,W14-017111,02/19/2014,02-February,4-Wednesday,21:30,2100 Hours,District 2 (Northeast),WATERLOO,BLACK HAWK,,GLENWOOD ST,Collision with:  Parked motor vehicle,On Roadway,"Sideswipe, same direction",Unknown,None Indicated,,Dark - roadway lighted,Wet,Clear,None apparent,Intersection:  Four-way intersection,Paved,,Property Damage Only,0,0,0,0,0,0,2000,2,1,,POINT (-92.316351067144 42.4998964983)
2014786775,W14-016971,02/19/2014,02-February,4-Wednesday,12:58,1200 Hours,District 2 (Northeast),WATERLOO,BLACK HAWK,US 218,US 218/WASHINGTON ST & E SHAULIS RD,Collision with:  Vehicle in traffic,On Roadway,Broadside (front to side),Ran Traffic Signal,None Indicated,,Daylight,Dry,Clear,None apparent,Intersection:  Four-way intersection,Paved,,Minor Injury,0,1,0,1,0,0,9000,2,2,,POINT (-92.298836502097 42.442261216517)
2014787162,2014-3388,02/19/2014,02-February,4-Wednesday,20:22,2000 Hours,District 6 (East Central),LONG GROVE,SCOTT,,Co Rd Y64/162 AVE,Collision with:  Vehicle in traffic,On Roadway,Unknown,Swerving/Evasive Action,None Indicated,,Dark - roadway not lighted,Dry,Cloudy,None apparent,Non-intersection:  Driveway access (within),Paved,,Property Damage Only,0,0,0,0,0,0,9500,2,3,,POINT (-90.583401988794 41.683362986093)
2014786840,1402191-A,02/19/2014,02-February,4-Wednesday,11:02,1100 Hours,District 4 (Southwest),RED OAK,MONTGOMERY,IA 48,IA 48/BROADWAY ST & LINDEN ST,Collision with:  Vehicle in traffic,On Roadway,Rear-end (front to rear),Followed too close,None Indicated,,Daylight,Dry,Cloudy,None apparent,Intersection:  T-intersection,Paved,,Property Damage Only,0,0,0,0,0,0,2500,2,2,,POINT (-95.232768520942 41.017589464197)
2014786829,14003539,02/19/2014,02-February,4-Wednesday,13:46,1300 Hours,District 6 (East Central),MARION,LINN,,7TH AVE,Collision with:  Vehicle in traffic,On Roadway,"Sideswipe, same direction",Improper or erratic lane changing,None Indicated,,Daylight,Dry,Clear,None apparent,Non-intersection:  Non-junction/no special feature,Paved,,Property Damage Only,0,0,0,0,0,0,2600,2,2,,POINT (-91.599932854671 42.03328506225)
2014791234,032-029-14,02/19/2014,02-February,4-Wednesday,16:00,1600 Hours,District 3 (Northwest),ESTHERVILLE,EMMET,,S 6TH ST,Collision with:  Parked motor vehicle,Outside trafficway,"Sideswipe, same direction",Unknown,None Indicated,,Daylight,Wet,Cloudy,Unknown,Non-intersection:  Non-junction/no special feature,Paved,,Property Damage Only,0,0,0,0,0,0,1500,2,1,,POINT (-94.836608970034 43.40151478153)
2014787592,14-000802,02/19/2014,02-February,4-Wednesday,07:51,0700 Hours,District 1 (Central),AMES,STORY,,GRAY AVE,Collision with:  Vehicle in traffic,On Roadway,Head-on (front to front),Crossed centerline (undivided),None Indicated,,Daylight,Ice/frost,Clear,"Surface condition (e.g., wet, icy)",Non-intersection:  Non-junction/no special feature,Paved,,Property Damage Only,0,0,0,0,0,0,8000,2,3,,POINT (-93.641962959059 42.021575048165)