Iowa DOT Case Number,Law Enforcement Case Number,Date of Crash,Month of Crash,Day of Week,Time of Crash,Hour,DOT District,City Name,County Name,Route with System,Location Description,First Harmful Event,Location of First Harmful Event,Manner of Crash/Collision,Major Cause,Drug or Alcohol ,Environmental Conditions,Light Conditions,Surface Conditions,Weather Conditions,Roadway Contribution,Roadway Type,Roadway Surface,Work Zone,Crash Severity,Number of Fatalities,Number of Injuries,Number of Major Injuries,Number of Minor Injuries,Number of Possible Injuries,Number of Unknown Injuries,Amount of Property Damage,Number of Vehicles Involved,Total Number of Occupants,Travel Direction,Location
2014788368,14-0205,02/20/2014,02-February,5-Thursday,12:57,1200 Hours,District 1 (Central),CLIVE,POLK,,LINCOLN AVE & NW 96TH ST,Collision with:  Vehicle in traffic,On Roadway,Broadside (front to side),FTYROW:  At uncontrolled intersection,None Indicated,,Daylight,Snow,Snow,"Surface condition (e.g., wet, icy)",Intersection:  T-intersection,Paved,,Property Damage Only,0,0,0,0,0,0,4000,2,2,,POINT (-93.749333741388 41.606617126045)
2014787922,14002582,02/20/2014,02-February,5-Thursday,13:09,1300 Hours,District 2 (Northeast),MASON CITY,CERRO GORDO,,12TH ST NE & N CAROLINA AVE,Collision with:  Vehicle in traffic,On Roadway,Rear-end (front to rear),Driving too fast for conditions,None Indicated,,Daylight,Ice/frost,Snow,"Surface condition (e.g., wet, icy)",Non-intersection:  Non-junction/no special feature,Paved,,Possible/Unknown,0,2,0,0,2,0,5000,2,5,,POINT (-93.189770959942 43.162879296646)
2014787277,022014-179,02/20/2014,02-February,5-Thursday,16:12,1600 Hours,District 3 (Northwest),,BUENA VISTA,IA 7,IA 7/IOWA 7 & Co Rd M27/20TH AVE,Collision with fixed object:  Tree,Shoulder,Non-collision (single vehicle),Ran off road - right,None Indicated,,Daylight,Wet,"Blowing sand, soil, dirt",None apparent,Non-intersection:  Non-junction/no special feature,Paved,,Property Damage Only,0,0,0,0,0,0,10000,1,1,,POINT (-95.367918764761 42.695183692212)
2014788279,,02/20/2014,02-February,5-Thursday,12:59,1200 Hours,District 3 (Northwest),ARNOLDS PARK,DICKINSON,US 71,US 71/OKOBOJI GROVE RD & BROADWAY ST,Collision with:  Vehicle in traffic,On Roadway,Rear-end (front to rear),Exceeded authorized speed,None Indicated,,Daylight,Snow,Snow,"Surface condition (e.g., wet, icy)",Intersection:  Four-way intersection,Paved,,Property Damage Only,0,0,0,0,0,0,7000,3,3,,POINT (-95.128407104112 43.367776248255)
2014787971,2014001951,02/20/2014,02-February,5-Thursday,17:38,1700 Hours,District 6 (East Central),IOWA CITY,JOHNSON,,LOWER MUSCATINE RD & MALL DR,Collision with:  Vehicle in traffic,On Roadway,"Sideswipe, same direction",Unknown,None Indicated,,Dusk,Wet,Cloudy,None apparent,Non-intersection:  Non-junction/no special feature,Paved,,Property Damage Only,0,0,0,0,0,0,1500,2,5,,POINT (-91.508135478626 41.643269266263)
2014787640,14-5183,02/20/2014,02-February,5-Thursday,23:44,2300 Hours,District 3 (Northwest),SIOUX CITY,WOODBURY,,HARBOR DR,Collision with fixed object:  Traffic sign support,On Roadway,Non-collision (single vehicle),Swerving/Evasive Action,None Indicated,,Dark - roadway lighted,Dry,Clear,None apparent,Non-intersection:  Non-junction/no special feature,Paved,,Property Damage Only,0,0,0,0,0,0,2600,1,1,,POINT (-96.369862033817 42.425858641866)
2014797986,14-1077PD,02/20/2014,02-February,5-Thursday,12:08,1200 Hours,District 1 (Central),BOONE,BOONE,,INDUSTRIAL PARK RD & PROP SNEDDEN DR,Collision with:  Vehicle in traffic,On Roadway,Head-on (front to front),FTYROW:  From stop sign,None Indicated,,Daylight,Snow,Snow,"Surface condition (e.g., wet, icy)",Intersection:  Four-way intersection,Paved,,Possible/Unknown,0,1,0,0,1,0,10000,2,5,,POINT (-93.854629580454 42.063725997987)
2014789283,2014-03344,02/20/2014,02-February,5-Thursday,12:02,1200 Hours,District 5 (Southeast),,WARREN,,Co Rd G76/HWY G76,Collision with fixed object:  Ditch,Shoulder,Non-collision (single vehicle),Driving too fast for conditions,None Indicated,,Daylight,Slush,"Sleet, hail","Surface condition (e.g., wet, icy)",Non-intersection:  Non-junction/no special feature,Paved,,Minor Injury,0,1,0,1,0,0,3000,1,1,,POINT (-93.467811228245 41.182463210329)
2014787135,20140004790,02/20/2014,02-February,5-Thursday,19:55,1900 Hours,District 1 (Central),DES MOINES,POLK,,UNIVERSITY AVE & 6TH AVE,Collision with:  Vehicle in traffic,On Roadway,Rear-end (front to rear),Separation of units,None Indicated,,Dark - roadway lighted,Ice/frost,Snow,"Surface condition (e.g., wet, icy)",Non-intersection:  Non-junction/no special feature,Paved,,Property Damage Only,0,0,0,0,0,0,3000,4,10,,POINT (-93.625679079348 41.600772339695)
2014793242,SA1401190,02/20/2014,02-February,5-Thursday,18:01,1800 Hours,District 5 (Southeast),KALONA,WASHINGTON,,B AVE & 5TH ST,Collision with:  Other non-fixed object (explain in narrative),On Roadway,Non-collision (single vehicle),Other (explain in narrative):  No improper action,None Indicated,,Dark - roadway lighted,Wet,Rain,None apparent,Non-intersection:  Non-junction/no special feature,Paved,,Property Damage Only,0,0,0,0,0,0,5000,1,1,,POINT (-91.706108471948 41.483090962281)
2014787598,14-000825,02/20/2014,02-February,5-Thursday,13:09,1300 Hours,District 1 (Central),AMES,STORY,,LINCOLN WAY & LYNN AVE & MORRILL RD,Collision with:  Vehicle in traffic,On Roadway,Broadside (front to side),Lost Control,None Indicated,,Daylight,Slush,Snow,"Surface condition (e.g., wet, icy)",Non-intersection:  Non-junction/no special feature,Paved,,Property Damage Only,0,0,0,0,0,0,1900,2,3,,POINT (-93.646420084325 42.022774927449)
2014787401,14-000928,02/20/2014,02-February,5-Thursday,13:00,1300 Hours,District 3 (Northwest),,OBRIEN,,Co Rd B24/360TH ST,Collision with:  Parked motor vehicle,Roadside,Unknown,Ran off road - left,None Indicated,,Daylight,Slush,Snow,None apparent,Non-intersection:  Non-junction/no special feature,Paved,,Property Damage Only,0,0,0,0,0,0,3500,2,1,,POINT (-95.464092098076 43.127941723267)
2014787218,2014012417,02/20/2014,02-February,5-Thursday,10:05,1000 Hours,District 4 (Southwest),,POTTAWATTAMIE,I-80,I-80,Non-collision events:  Jackknife,On Roadway,Non-collision (single vehicle),Crossed centerline (undivided),None Indicated,,Daylight,Snow,Snow,"Surface condition (e.g., wet, icy)","Interchange-related:  Off-ramp, diverge area",Paved,,Property Damage Only,0,0,0,0,0,0,8000,1,1,,POINT (-95.32903215291 41.497694346238)
2014786818,14-05765,02/20/2014,02-February,5-Thursday,14:38,1400 Hours,District 5 (Southeast),BURLINGTON,DES MOINES,US 34,US 34 & W BURLINGTON AVE,Collision with fixed object:  Ditch,On Roadway,Non-collision (single vehicle),Ran off road - right,None Indicated,,Daylight,Wet,Rain,None apparent,Non-intersection:  Non-junction/no special feature,Paved,,Possible/Unknown,0,1,0,0,1,0,6000,1,1,,POINT (-91.15096539622 40.819110740759)
2014787920,14002577,02/20/2014,02-February,5-Thursday,12:39,1200 Hours,District 2 (Northeast),MASON CITY,CERRO GORDO,,12TH ST NW,Collision with fixed object:  Ditch,On Roadway,Non-collision (single vehicle),Driving too fast for conditions,None Indicated,,Daylight,Snow,Snow,"Surface condition (e.g., wet, icy)",Non-intersection:  Non-junction/no special feature,Paved,,Property Damage Only,0,0,0,0,0,0,2500,1,1,,POINT (-93.232111527159 43.162819246643)
2014788449,2014012475,02/20/2014,02-February,5-Thursday,12:50,1200 Hours,District 2 (Northeast),,WORTH,I-35,I-35,Non-collision events:  Overturn/rollover,Median,Non-collision (single vehicle),Driving too fast for conditions,None Indicated,,Daylight,Slush,Snow,None apparent,Non-intersection:  Non-junction/no special feature,Paved,,Property Damage Only,0,0,0,0,0,0,10000,1,1,,POINT (-93.351389968206 43.491244715341)
2014787843,2014-11112,02/20/2014,02-February,5-Thursday,16:52,1600 Hours,District 6 (East Central),DAVENPORT,SCOTT,,HICKORY GROVE RD,Collision with:  Vehicle in traffic,On Roadway,"Angle, oncoming left turn",Made improper turn,None Indicated,,Dusk,Wet,Rain,None apparent,Non-intersection:  Driveway access (within),Paved,,Property Damage Only,0,0,0,0,0,0,2500,2,2,,POINT (-90.61759582278 41.55033315183)
2014786881,14-0896,02/20/2014,02-February,5-Thursday,12:45,1200 Hours,District 4 (Southwest),WEST DES MOINES,DALLAS,,VISTA DR & JORDAN CREEK PKWY,Collision with:  Vehicle in traffic,On Roadway,"Sideswipe, same direction",FTYROW:  Other (explain in narrative),None Indicated,,Daylight,Slush,"Sleet, hail",None apparent,Non-intersection:  Non-junction/no special feature,Paved,,Property Damage Only,0,0,0,0,0,0,8000,2,6,,POINT (-93.809034476274 41.58899973632)
2014788450,2014012590,02/20/2014,02-February,5-Thursday,15:29,1500 Hours,District 6 (East Central),,JACKSON,US 61,US 61,Non-collision events:  Overturn/rollover,On Roadway,Non-collision (single vehicle),Lost Control,None Indicated,,Daylight,Wet,Clear,None apparent,Non-intersection:  Non-junction/no special feature,Paved,,Minor Injury,0,1,0,1,0,0,90000,1,1,,POINT (-90.670791243908 42.20414516917)
2014788149,14-000253,02/20/2014,02-February,5-Thursday,11:43,1100 Hours,District 1 (Central),AMES,STORY,,CHRISTENSEN DR,Collision with:  Vehicle in traffic,On Roadway,"Angle, oncoming left turn",FTYROW:  Making left turn,None Indicated,,Daylight,Snow,Snow,None apparent,Intersection:  T-intersection,Paved,,Property Damage Only,0,0,0,0,0,0,4800,2,3,,POINT (-93.634313650892 42.009071401567)
2014788275,,02/20/2014,02-February,5-Thursday,12:37,1200 Hours,District 2 (Northeast),DAKOTA CITY,HUMBOLDT,,MAIN ST,Collision with fixed object:  Other fixed object (explain in narrative),Roadside,Non-collision (single vehicle),Ran off road - left,None Indicated,,Daylight,Ice/frost,Snow,None apparent,Non-intersection:  Non-junction/no special feature,Paved,,Property Damage Only,0,0,0,0,0,0,2500,1,2,,POINT (-94.206588803662 42.721289526057)
2014787524,2014-3413,02/20/2014,02-February,5-Thursday,08:56,0800 Hours,District 6 (East Central),,SCOTT,IA 130,IA 130/NEW LIBERTY RD,Collision with:  Vehicle in traffic,On Roadway,Rear-end (front to rear),Followed too close,None Indicated,,Daylight,Wet,Rain,None apparent,Non-intersection:  Non-junction/no special feature,Paved,,Property Damage Only,0,0,0,0,0,0,1900,2,2,,POINT (-90.746584781184 41.6546084842)
2014787643,2014012525,02/20/2014,02-February,5-Thursday,14:00,1400 Hours,District 4 (Southwest),,CASS,I-80,I-80 & IA 148/750TH ST,Collision with fixed object:  Guardrail - face,Median,Non-collision (single vehicle),Driving too fast for conditions,None Indicated,,Daylight,Snow,Snow,"Surface condition (e.g., wet, icy)",Non-intersection:  Non-junction/no special feature,Paved,,Minor Injury,0,2,0,2,0,0,10707,1,3,,POINT (-94.758152361647 41.496952720877)
2014787287,14002596,02/20/2014,02-February,5-Thursday,15:03,1500 Hours,District 2 (Northeast),MASON CITY,CERRO GORDO,,9TH ST SE & S VIRGINIA AVE,Collision with:  Vehicle in traffic,On Roadway,Broadside (front to side),FTYROW:  From yield sign,None Indicated,,Daylight,Snow,Snow,"Surface condition (e.g., wet, icy)",Intersection:  Four-way intersection,Paved,,Property Damage Only,0,0,0,0,0,0,2700,2,2,,POINT (-93.18614223334 43.142660373209)
2014787176,14-0099,02/20/2014,02-February,5-Thursday,13:40,1300 Hours,District 1 (Central),,WEBSTER,,Co Rd P59/NELSON AVE,Collision with:  Vehicle in traffic,On Roadway,Head-on (front to front),Crossed centerline (undivided),None Indicated,,Daylight,Snow,Snow,"Surface condition (e.g., wet, icy)",Non-intersection:  Non-junction/no special feature,Paved,,Property Damage Only,0,0,0,0,0,0,8000,3,6,,POINT (-94.134544769367 42.437160710977)
2014788316,CL14000508,02/20/2014,02-February,5-Thursday,07:42,0700 Hours,District 6 (East Central),CLINTON,CLINTON,,MANUFACTURING DR & S 21ST ST,Collision with:  Vehicle in traffic,On Roadway,Rear-end (front to rear),FTYROW:  Other (explain in narrative),None Indicated,,Daylight,Wet,Rain,None apparent,Intersection:  Four-way intersection,Paved,,Property Damage Only,0,0,0,0,0,0,6000,3,3,,POINT (-90.235663305621 41.826115909288)
2014787226,2014012540,02/20/2014,02-February,5-Thursday,13:40,1300 Hours,District 4 (Southwest),,CASS,I-80,I-80,Collision with fixed object:  Ditch,Roadside,Non-collision (single vehicle),Driving too fast for conditions,None Indicated,,Daylight,Ice/frost,Snow,None apparent,Non-intersection:  Non-junction/no special feature,Paved,,Property Damage Only,0,0,0,0,0,0,10200,1,1,,POINT (-95.054426637293 41.496850170886)
2014811563,32019-14,02/20/2014,02-February,5-Thursday,14:15,1400 Hours,District 3 (Northwest),,EMMET,IA 9,IA 9/IOWA 9,Collision with fixed object:  Bridge overhead structure,On Roadway,Non-collision (single vehicle),Crossed centerline (undivided),None Indicated,,Daylight,Slush,Snow,"Surface condition (e.g., wet, icy)",Non-intersection:  Other non-intersection (explain in narrative),Paved,,Property Damage Only,0,0,0,0,0,0,1500,1,1,,POINT (-94.799286322667 43.399298961791)
2014786831,14003920,02/20/2014,02-February,5-Thursday,13:46,1300 Hours,District 5 (Southeast),OSKALOOSA,MAHASKA,US 63,US 63/N MARKET ST & C AVE W & C AVE E,Collision with:  Vehicle in traffic,On Roadway,Broadside (front to side),FTYROW:  From stop sign,None Indicated,,Daylight,Wet,Rain,None apparent,Intersection:  Four-way intersection,Paved,,Property Damage Only,0,0,0,0,0,0,6000,3,5,,POINT (-92.645071313138 41.29849101008)
2014787960,2014001937,02/20/2014,02-February,5-Thursday,14:22,1400 Hours,District 6 (East Central),IOWA CITY,JOHNSON,I-80,I-80,Collision with fixed object:  Guardrail - face,On Roadway,Non-collision (single vehicle),Lost Control,None Indicated,,Daylight,Slush,"Sleet, hail","Surface condition (e.g., wet, icy)",Non-intersection:  Non-junction/no special feature,Paved,,Property Damage Only,0,0,0,0,0,0,9000,1,1,,POINT (-91.506911043205 41.686918494627)
2014787042,141282,02/20/2014,02-February,5-Thursday,18:53,1800 Hours,District 4 (Southwest),,DALLAS,,Co Rd F51/280TH ST,Collision with fixed object:  Tree,Shoulder,Non-collision (single vehicle),Ran off road - right,None Indicated,,Dark - roadway not lighted,Wet,Cloudy,None apparent,Non-intersection:  Non-junction/no special feature,Paved,,Major Injury,0,1,1,0,0,0,8000,1,2,,POINT (-94.076595169197 41.629508131901)
2014797987,14-1080PD,02/20/2014,02-February,5-Thursday,13:10,1300 Hours,District 1 (Central),BOONE,BOONE,,INDUSTRIAL PARK RD & PROP SNEDDEN DR,Collision with:  Vehicle in traffic,On Roadway,Head-on (front to front),Lost Control,None Indicated,,Daylight,Snow,Snow,"Surface condition (e.g., wet, icy)",Intersection:  Four-way intersection,Paved,,Minor Injury,0,1,0,1,0,0,4000,2,2,,POINT (-93.854629580454 42.063725997987)
2014787421,14-000825,02/20/2014,02-February,5-Thursday,19:10,1900 Hours,District 1 (Central),ANKENY,POLK,US 69,US 69/S ANKENY BLVD,Collision with:  Vehicle in traffic,On Roadway,"Sideswipe, same direction",Made improper turn,None Indicated,,Dark - roadway lighted,Wet,Cloudy,None apparent,Non-intersection:  Driveway access (within),Paved,,Property Damage Only,0,0,0,0,0,0,4000,2,4,,POINT (-93.600371213067 41.730069613071)
2014791175,2014012457,02/20/2014,02-February,5-Thursday,11:39,1100 Hours,District 3 (Northwest),,CRAWFORD,US 59,US 59,Collision with:  Vehicle in traffic,On Roadway,"Sideswipe, opposite direction",Crossed centerline (undivided),None Indicated,,Daylight,Ice/frost,Snow,"Surface condition (e.g., wet, icy)",Non-intersection:  Non-junction/no special feature,Paved,,Property Damage Only,0,0,0,0,0,0,4000,2,4,,POINT (-95.367845999247 41.983172642726)
2014793605,,02/20/2014,02-February,5-Thursday,15:29,1500 Hours,District 2 (Northeast),DECORAH,WINNESHIEK,,VERNON ST,Collision with:  Parked motor vehicle,On Roadway,"Sideswipe, same direction",Driving too fast for conditions,None Indicated,,Daylight,Slush,Snow,"Surface condition (e.g., wet, icy)",Non-intersection:  Non-junction/no special feature,Paved,,Property Damage Only,0,0,0,0,0,0,4000,2,1,,POINT (-91.792280959997 43.299601336308)
2014788252,2014012461,02/20/2014,02-February,5-Thursday,11:35,1100 Hours,District 1 (Central),,JASPER,I-80,I-80,Collision with fixed object:  Guardrail - face,Roadside,Non-collision (single vehicle),Driving too fast for conditions,None Indicated,,Daylight,Ice/frost,"Sleet, hail","Surface condition (e.g., wet, icy)",Non-intersection:  Non-junction/no special feature,Paved,,Possible/Unknown,0,1,0,0,1,0,4500,1,1,,POINT (-93.213192299448 41.699167780108)
2014787145,20140004757,02/20/2014,02-February,5-Thursday,12:40,1200 Hours,District 1 (Central),DES MOINES,POLK,,GEORGE FLAGG PKWY,Non-collision events:  Other non-collision (explain in narrative),Shoulder,Non-collision (single vehicle),Ran off road - right,None Indicated,,Daylight,Slush,Snow,Ruts/holes/bumps,Non-intersection:  Non-junction/no special feature,Paved,,Property Damage Only,0,0,0,0,0,0,2500,1,1,,POINT (-93.657997032627 41.565535687392)
2014787138,20140004801,02/20/2014,02-February,5-Thursday,22:44,2200 Hours,District 1 (Central),DES MOINES,POLK,,COLLEGE AVE & 2ND AVE,Collision with:  Vehicle in traffic,On Roadway,Broadside (front to side),Ran Traffic Signal,None Indicated,,Dark - roadway lighted,Slush,Snow,"Surface condition (e.g., wet, icy)",Intersection:  Four-way intersection,Paved,,Property Damage Only,0,0,0,0,0,0,3000,2,3,,POINT (-93.619817102233 41.607667599561)
2014787599,14-000826,02/20/2014,02-February,5-Thursday,12:30,1200 Hours,District 1 (Central),AMES,STORY,,INDIAN GRASS CT & BEACH AVE,Collision with:  Vehicle in traffic,On Roadway,"Sideswipe, opposite direction",Driving too fast for conditions,None Indicated,,Daylight,Snow,Snow,"Surface condition (e.g., wet, icy)",Intersection:  T-intersection,Paved,,Property Damage Only,0,0,0,0,0,0,9999,2,2,,POINT (-93.639741591594 42.009635714874)
2014789070,,02/20/2014,02-February,5-Thursday,08:10,0800 Hours,District 2 (Northeast),,WORTH,,Co Rd A34/430TH ST,Non-collision events:  Overturn/rollover,On Roadway,Non-collision (single vehicle),Driving too fast for conditions,None Indicated,,Daylight,Ice/frost,Cloudy,"Surface condition (e.g., wet, icy)",Non-intersection:  Non-junction/no special feature,Paved,,Possible/Unknown,0,1,0,0,1,0,5000,1,2,,POINT (-93.428108497182 43.386370288371)
2014787635,14-5089,02/20/2014,02-February,5-Thursday,07:27,0700 Hours,District 3 (Northwest),SIOUX CITY,WOODBURY,IA 12,IA 12/SIOUX RIVER RD,Non-collision events:  Overturn/rollover,On Roadway,Non-collision (single vehicle),Swerving/Evasive Action,None Indicated,,Daylight,Dry,Cloudy,None apparent,Non-intersection:  Non-junction/no special feature,Paved,,Possible/Unknown,0,1,0,0,1,0,50000,1,1,,POINT (-96.476026924379 42.546981998638)
2014787504,S14-000500,02/20/2014,02-February,5-Thursday,11:19,1100 Hours,District 4 (Southwest),,POTTAWATTAMIE,IA 92,IA 92/IOWA 92,Collision with fixed object:  Ditch,On Roadway,Non-collision (single vehicle),Ran off road - right,None Indicated,,Daylight,Snow,Snow,None apparent,Non-intersection:  Non-junction/no special feature,Paved,,Major Injury,0,2,1,1,0,0,12000,1,2,,POINT (-95.774147540133 41.232601335186)
2014787125,20140004772,02/20/2014,02-February,5-Thursday,15:28,1500 Hours,District 1 (Central),DES MOINES,POLK,,E DOUGLAS AVE,Collision with fixed object:  Utility pole/light support,Outside trafficway,Non-collision (single vehicle),Unknown,None Indicated,,Daylight,Slush,"Sleet, hail",Unknown,Non-intersection:  Non-junction/no special feature,Paved,,Property Damage Only,0,0,0,0,0,0,3000,1,1,,POINT (-93.542545086266 41.629603508721)
2014789175,201402521,02/20/2014,02-February,5-Thursday,17:15,1700 Hours,District 6 (East Central),CEDAR RAPIDS,LINN,I-380,I-380 & COLDSTREAM AVE NE & MADISON ST NE,Collision with:  Vehicle in traffic,On Roadway,Broadside (front to side),Ran Traffic Signal,None Indicated,,Dusk,Wet,Rain,None apparent,Intersection:  Four-way intersection,Paved,,Possible/Unknown,0,1,0,0,1,0,5000,2,3,,POINT (-91.665416970665 42.006965094275)
2014787838,14-3248,02/20/2014,02-February,5-Thursday,15:12,1500 Hours,District 6 (East Central),BETTENDORF,SCOTT,,TANGLEFOOT LN & GREENBRIAR DR,Collision with:  Vehicle in traffic,On Roadway,Broadside (front to side),FTYROW:  From stop sign,None Indicated,,Daylight,Wet,Rain,None apparent,Intersection:  Four-way intersection,Paved,,Property Damage Only,0,0,0,0,0,0,4000,2,3,,POINT (-90.50767363752 41.56041259467)
2014787919,14002573,02/20/2014,02-February,5-Thursday,12:33,1200 Hours,District 2 (Northeast),MASON CITY,CERRO GORDO,IA 122,IA 122/4TH ST SE & S KENTUCKY AVE,Collision with:  Vehicle in traffic,On Roadway,Rear-end (front to rear),Driving too fast for conditions,None Indicated,,Daylight,Slush,Snow,"Surface condition (e.g., wet, icy)",Non-intersection:  Non-junction/no special feature,Paved,,Possible/Unknown,0,1,0,0,1,0,2000,2,3,,POINT (-93.181042660202 43.148098484186)
2014787117,14-1129,02/20/2014,02-February,5-Thursday,12:45,1200 Hours,District 1 (Central),,POLK,US 65,US 65,Collision with fixed object:  Guardrail - face,Roadside,Non-collision (single vehicle),Driving too fast for conditions,None Indicated,,Daylight,Slush,"Sleet, hail","Surface condition (e.g., wet, icy)",Non-intersection:  Non-junction/no special feature,Paved,,Property Damage Only,0,0,0,0,0,0,4200,1,1,,POINT (-93.51697665371 41.539720631813)
2014787613,14S00219,02/20/2014,02-February,5-Thursday,12:15,1200 Hours,District 4 (Southwest),,UNION,,Co Rd H17/REA RD,Collision with:  Vehicle in traffic,Shoulder,"Sideswipe, same direction",Ran off road - right,None Indicated,,Daylight,Snow,Snow,None apparent,Non-intersection:  Non-junction/no special feature,Paved,,Property Damage Only,0,0,0,0,0,0,6000,2,1,,POINT (-94.34757741312 41.114150993816)
2014787040,022014-202,02/20/2014,02-February,5-Thursday,20:07,2000 Hours,District 3 (Northwest),STORM LAKE,BUENA VISTA,IA 7,IA 7/W MILWAUKEE AVE & LAKE AVE,Collision with:  Vehicle in traffic,On Roadway,Broadside (front to side),Ran Traffic Signal,None Indicated,,Dark - roadway lighted,Ice/frost,Snow,None apparent,Intersection:  Four-way intersection,Paved,,Possible/Unknown,0,1,0,0,0,1,3900,3,6,,POINT (-95.200819679058 42.647477236418)
2014790671,140220BVZ01,02/20/2014,02-February,5-Thursday,10:50,1000 Hours,District 3 (Northwest),ORANGE CITY,SIOUX,,3RD ST SW & ARIZONA AVE SW,Non-collision events:  Other non-collision (explain in narrative),On Roadway,Non-collision (single vehicle),FTYROW:  From stop sign,None Indicated,,Daylight,Snow,Snow,None apparent,Intersection:  Four-way intersection,Paved,,Property Damage Only,0,0,0,0,0,0,8200,2,2,,POINT (-96.059745162086 43.004009187537)
2014788210,2014012654,02/20/2014,02-February,5-Thursday,18:20,1800 Hours,District 5 (Southeast),,LEE,,Co Rd W62/ARGYLE RD,Collision with:  Animal,,,Animal,None Indicated,,,,,,,Paved,,Property Damage Only,0,0,0,0,0,0,9000,1,1,,POINT (-91.481322560297 40.443349793917)
2014787224,2014012506,02/20/2014,02-February,5-Thursday,13:45,1300 Hours,District 4 (Southwest),,CASS,I-80,I-80,Collision with:  Vehicle in traffic,On Roadway,"Sideswipe, same direction",Ran off road - left,None Indicated,,Daylight,Snow,Snow,"Surface condition (e.g., wet, icy)",Non-intersection:  Non-junction/no special feature,Paved,,Property Damage Only,0,0,0,0,0,0,5000,2,2,,POINT (-94.976054397846 41.497251167372)
2014788211,2014013013,02/20/2014,02-February,5-Thursday,15:53,1500 Hours,District 1 (Central),ALTOONA,POLK,I-80,I-80,Collision with fixed object:  Ditch,On Roadway,Non-collision (single vehicle),Swerving/Evasive Action,None Indicated,,Daylight,Slush,Snow,Work Zone (roadway-related),Interchange-related:  On-ramp merge area,Paved,Yes,Property Damage Only,0,0,0,0,0,0,9000,1,1,,POINT (-93.490313254661 41.6617055847)
2014786878,14-0895,02/20/2014,02-February,5-Thursday,12:55,1200 Hours,District 1 (Central),WEST DES MOINES,POLK,IA 5,IA 5/IOWA 5,Collision with:  Vehicle in traffic,On Roadway,"Sideswipe, same direction",Driving too fast for conditions,None Indicated,,Daylight,Ice/frost,Snow,None apparent,Non-intersection:  Non-junction/no special feature,Paved,,Possible/Unknown,0,1,0,0,1,0,2000,2,2,,POINT (-93.705416937869 41.513507552019)
2014787959,2014001935,02/20/2014,02-February,5-Thursday,14:04,1400 Hours,District 6 (East Central),IOWA CITY,JOHNSON,,E DAVENPORT ST & N CLINTON ST,Collision with:  Non-motorist (see non-motorist section - NOT a unit),On Roadway,Non-collision (single vehicle),FTYROW:  To pedestrian,None Indicated,,Daylight,Wet,Rain,None apparent,Non-intersection:  Non-junction/no special feature,Paved,,Possible/Unknown,0,2,0,0,2,0,0,1,1,,POINT (-91.534557352922 41.665802127344)
2014787365,14-4267,02/20/2014,02-February,5-Thursday,16:35,1600 Hours,District 1 (Central),NEWTON,JASPER,,W 8TH ST N,Collision with fixed object:  Ditch,Shoulder,Non-collision (single vehicle),Ran off road - right,None Indicated,,Daylight,Slush,Snow,"Surface condition (e.g., wet, icy)",Non-intersection:  Non-junction/no special feature,Unpaved,,Possible/Unknown,0,1,0,0,1,0,6300,1,1,,POINT (-93.062817146222 41.709022016451)
2014788209,2014012495,02/20/2014,02-February,5-Thursday,12:25,1200 Hours,District 1 (Central),,JASPER,IA 163,IA 163/IOWA 163 W,Collision with fixed object:  Traffic sign support,Shoulder,Non-collision (single vehicle),Ran off road - right,None Indicated,,Daylight,Slush,"Sleet, hail","Surface condition (e.g., wet, icy)",Non-intersection:  Non-junction/no special feature,Paved,,Property Damage Only,0,0,0,0,0,0,2250,1,1,,POINT (-93.130293838345 41.522028442503)
2014829356,2014C3850220,02/20/2014,02-February,5-Thursday,13:45,1300 Hours,District 1 (Central),BOONE,BOONE,US 30,US 30/220TH ST,Collision with:  Animal,,,Animal,None Indicated,,,,,,,Paved,,Property Damage Only,0,0,0,0,0,0,2500,1,1,,POINT (-93.92533858248 42.034735214532)
2014787227,2014012572,02/20/2014,02-February,5-Thursday,14:30,1400 Hours,District 6 (East Central),,JOHNSON,I-80,I-80,Collision with:  Parked motor vehicle,Median,"Sideswipe, same direction",Illegally Parked/Unattended,None Indicated,,Daylight,Wet,Cloudy,Other (explain in narrative),Non-intersection:  Non-junction/no special feature,Paved,,Minor Injury,0,1,0,1,0,0,10000,2,2,,POINT (-91.785397451911 41.687524573634)
2014787329,P14-002038,02/20/2014,02-February,5-Thursday,12:21,1200 Hours,District 1 (Central),WEBSTER CITY,HAMILTON,,DES MOINES ST,Collision with fixed object:  Traffic sign support,On Roadway,Non-collision (single vehicle),Driving too fast for conditions,None Indicated,,Daylight,Ice/frost,Snow,"Surface condition (e.g., wet, icy)",Non-intersection:  Non-junction/no special feature,Paved,,Property Damage Only,0,0,0,0,0,0,1500,1,1,,POINT (-93.821556074043 42.477025670638)
2014787994,14-003761,02/20/2014,02-February,5-Thursday,12:34,1200 Hours,District 5 (Southeast),,MARION,,Co Rd G28/HWY G28 & Co Rd T15/HWY T15,Collision with:  Vehicle in traffic,Shoulder,"Sideswipe, opposite direction",Driving too fast for conditions,None Indicated,,Daylight,Slush,"Sleet, hail","Surface condition (e.g., wet, icy)",Non-intersection:  Non-junction/no special feature,Paved,,Property Damage Only,0,0,0,0,0,0,5000,2,2,,POINT (-92.96242001767 41.407259370431)