Iowa DOT Case Number,Law Enforcement Case Number,Date of Crash,Month of Crash,Day of Week,Time of Crash,Hour,DOT District,City Name,County Name,Route with System,Location Description,First Harmful Event,Location of First Harmful Event,Manner of Crash/Collision,Major Cause,Drug or Alcohol ,Environmental Conditions,Light Conditions,Surface Conditions,Weather Conditions,Roadway Contribution,Roadway Type,Roadway Surface,Work Zone,Crash Severity,Number of Fatalities,Number of Injuries,Number of Major Injuries,Number of Minor Injuries,Number of Possible Injuries,Number of Unknown Injuries,Amount of Property Damage,Number of Vehicles Involved,Total Number of Occupants,Travel Direction,Location
2014789677,14-045,02/20/2014,02-February,5-Thursday,11:30,1100 Hours,District 4 (Southwest),,TAYLOR,IA 2,IA 2/IOWA 2,Collision with:  Parked motor vehicle,Roadside,Broadside (front to side),Ran off road - right,None Indicated,,Daylight,Snow,"Blowing sand, soil, dirt","Surface condition (e.g., wet, icy)",Non-intersection:  Non-junction/no special feature,Paved,,Property Damage Only,0,0,0,0,0,0,2080,2,3,,POINT (-94.871887280638 40.71457490048)
2014786873,20140004750,02/20/2014,02-February,5-Thursday,11:10,1100 Hours,District 1 (Central),DES MOINES,POLK,,AURORA AVE & 55TH ST,Collision with:  Vehicle in traffic,On Roadway,Broadside (front to side),Driving too fast for conditions,None Indicated,,Daylight,Slush,"Sleet, hail","Surface condition (e.g., wet, icy)",Intersection:  Four-way intersection,Paved,,Property Damage Only,0,0,0,0,0,0,7500,2,4,,POINT (-93.693827860334 41.636725257416)
2014787475,14-0337,02/20/2014,02-February,5-Thursday,09:50,0900 Hours,District 1 (Central),URBANDALE,POLK,I-35,I-35,Collision with fixed object:  Tree,Outside trafficway,Non-collision (single vehicle),Driving too fast for conditions,None Indicated,,Daylight,Snow,Snow,None apparent,Non-intersection:  Non-junction/no special feature,Paved,,Major Injury,0,1,1,0,0,0,5000,1,1,,POINT (-93.765380023713 41.651358041089)
2014787157,14-006850,02/20/2014,02-February,5-Thursday,11:25,1100 Hours,District 4 (Southwest),COUNCIL BLUFFS,POTTAWATTAMIE,,BONHAM AVE,Collision with:  Vehicle in traffic,On Roadway,Rear-end (front to rear),Driving too fast for conditions,None Indicated,,Daylight,Snow,Snow,"Surface condition (e.g., wet, icy)",Non-intersection:  Non-junction/no special feature,Paved,,Property Damage Only,0,0,0,0,0,0,6500,3,4,,POINT (-95.818529360512 41.256191270047)
2014787665,2014012641,02/20/2014,02-February,5-Thursday,17:32,1700 Hours,District 1 (Central),ALTOONA,POLK,US 6,US 6/HUBBELL AVE & US 65,Collision with fixed object:  Bridge overhead structure,On Roadway,Non-collision (single vehicle),Crossed centerline (undivided),None Indicated,,Dusk,Slush,Snow,"Surface condition (e.g., wet, icy)",Non-intersection:  Other non-intersection (explain in narrative),Paved,,Possible/Unknown,0,1,0,0,1,0,5000,1,1,,POINT (-93.512649242454 41.647448864086)
2014787823,14-000218,02/20/2014,02-February,5-Thursday,13:45,1300 Hours,District 1 (Central),JOHNSTON,POLK,,FOXBORO RD,Collision with:  Other non-fixed object (explain in narrative),On Roadway,"Sideswipe, opposite direction",Swerving/Evasive Action,None Indicated,,Daylight,Slush,Snow,None apparent,Non-intersection:  Non-junction/no special feature,Paved,,Property Damage Only,0,0,0,0,0,0,10000,2,2,,POINT (-93.72532717173 41.665101430525)
2014787154,14-000357,02/20/2014,02-February,5-Thursday,22:56,2200 Hours,District 1 (Central),ALTOONA,POLK,US 6,US 6/FREDERICK M HUBBELL AVE & ADVENTURELAND DR,Collision with:  Vehicle in traffic,On Roadway,"Sideswipe, same direction",Driving too fast for conditions,None Indicated,,Dark - roadway lighted,Snow,Snow,"Surface condition (e.g., wet, icy)",Non-intersection:  Non-junction/no special feature,Paved,,Property Damage Only,0,0,0,0,0,0,3000,2,2,,POINT (-93.498804699966 41.658525548896)
2014788592,2014012806,02/20/2014,02-February,5-Thursday,10:00,1000 Hours,District 4 (Southwest),,POTTAWATTAMIE,I-29,I-29,Non-collision events:  Other non-collision (explain in narrative),On Roadway,Non-collision (single vehicle),Driving too fast for conditions,None Indicated,,Daylight,Slush,Snow,"Surface condition (e.g., wet, icy)",Non-intersection:  Non-junction/no special feature,Paved,,Possible/Unknown,0,2,0,0,2,0,5000,1,2,,POINT (-95.89203919928 41.342709353883)
2014787033,201400700,02/20/2014,02-February,5-Thursday,16:20,1600 Hours,District 1 (Central),,BOONE,US 169,US 169/H AVE,Collision with:  Vehicle in traffic,Roadside,Rear-end (front to rear),Illegally Parked/Unattended,None Indicated,,Daylight,Snow,Snow,"Surface condition (e.g., wet, icy)",Non-intersection:  Non-junction/no special feature,Paved,,Property Damage Only,0,0,0,0,0,0,6000,2,2,,POINT (-94.028201326582 41.872101521599)
2014787992,020-14,02/20/2014,02-February,5-Thursday,11:26,1100 Hours,District 4 (Southwest),WINTERSET,MADISON,US 169,US 169,Collision with:  Vehicle in traffic,On Roadway,Head-on (front to front),Crossed centerline (undivided),None Indicated,,Daylight,Slush,Snow,"Surface condition (e.g., wet, icy)",Non-intersection:  Non-junction/no special feature,Paved,,Major Injury,0,3,3,0,0,0,17000,2,4,,POINT (-94.036341094389 41.344572170241)
2014787961,2014001940,02/20/2014,02-February,5-Thursday,14:45,1400 Hours,District 6 (East Central),IOWA CITY,JOHNSON,,E COLLEGE ST & S 7TH AVE,Collision with:  Vehicle in traffic,On Roadway,Broadside (front to side),FTYROW:  From stop sign,None Indicated,,Daylight,Wet,Cloudy,None apparent,Intersection:  Four-way intersection,Paved,,Property Damage Only,0,0,0,0,0,0,3500,2,5,,POINT (-91.511665714591 41.658914914847)
2014787930,140458,02/20/2014,02-February,5-Thursday,12:31,1200 Hours,District 3 (Northwest),DENISON,CRAWFORD,US 59,US 59,Collision with:  Vehicle in traffic,Outside trafficway,Unknown,FTYROW:  From parked position,None Indicated,,Daylight,Snow,Snow,"Surface condition (e.g., wet, icy)",Non-intersection:  Driveway access (within),Paved,,Property Damage Only,0,0,0,0,0,0,2500,2,3,,POINT (-95.369648401648 42.021329228444)
2014787039,022014-131,02/20/2014,02-February,5-Thursday,09:47,0900 Hours,District 3 (Northwest),STORM LAKE,BUENA VISTA,,W 5TH ST & OSTEGO ST,Collision with:  Vehicle in traffic,On Roadway,Rear-end (front to rear),Other (explain in narrative):  Other,None Indicated,,Daylight,Snow,Snow,None apparent,Non-intersection:  Non-junction/no special feature,Paved,,Property Damage Only,0,0,0,0,0,0,3600,2,2,,POINT (-95.206227487728 42.644482534976)
2014792322,2014-001072,02/20/2014,02-February,5-Thursday,12:53,1200 Hours,District 6 (East Central),,BENTON,US 30,US 30/73 ST & Co Rd V44/16 AVE,Collision with:  Vehicle in traffic,On Roadway,Broadside (front to side),Ran Stop Sign,None Indicated,,Daylight,Wet,"Sleet, hail",None apparent,Intersection:  Four-way intersection,Paved,,Minor Injury,0,1,0,1,0,0,19000,2,2,,POINT (-92.182076794229 41.963876687027)
2014786883,14-0893,02/20/2014,02-February,5-Thursday,12:52,1200 Hours,District 1 (Central),WEST DES MOINES,POLK,,WESTOWN PKWY,Collision with fixed object:  Utility pole/light support,On Roadway,Non-collision (single vehicle),Driving too fast for conditions,None Indicated,,Daylight,Snow,Cloudy,"Surface condition (e.g., wet, icy)",Non-intersection:  Non-junction/no special feature,Paved,,Property Damage Only,0,0,0,0,0,0,3800,1,1,,POINT (-93.733280813799 41.59852408507)
2014788154,14-0102,02/20/2014,02-February,5-Thursday,12:00,1200 Hours,District 1 (Central),,WEBSTER,IA 7,IA 7/190TH ST & Co Rd P41/JOHNSON AVE,Collision with:  Vehicle in traffic,On Roadway,Broadside (front to side),FTYROW:  From stop sign,None Indicated,,Daylight,Snow,Snow,None apparent,Intersection:  Four-way intersection,Paved,,Property Damage Only,0,0,0,0,0,0,4500,2,4,,POINT (-94.256564574889 42.515669610467)
2014786850,20140004736,02/20/2014,02-February,5-Thursday,08:21,0800 Hours,District 1 (Central),DES MOINES,POLK,IA 163,IA 163/E UNIVERSITY AVE & E 30TH ST,Collision with:  Vehicle in traffic,On Roadway,Rear-end (front to rear),Other (explain in narrative):  Other,None Indicated,,Daylight,Wet,Rain,None apparent,Intersection:  Four-way intersection,Paved,,Property Damage Only,0,0,0,0,0,0,1600,2,2,,POINT (-93.558393312663 41.600524361461)
2014787684,14-017226,02/20/2014,02-February,5-Thursday,06:05,0600 Hours,District 2 (Northeast),WATERLOO,BLACK HAWK,US 63,US 63/LOGAN AVE & Co Rd C57/E CEDAR-WAPSI RD/W CEDAR-WAPSI RD,Collision with:  Vehicle in traffic,On Roadway,Broadside (front to side),Ran Stop Sign,None Indicated,,Dark - unknown roadway lighting,Wet,Rain,None apparent,Intersection:  Four-way intersection,Paved,,Property Damage Only,0,0,0,0,0,0,20000,2,2,,POINT (-92.337707020046 42.614223656891)
2014786766,14-002434,02/20/2014,02-February,5-Thursday,07:50,0700 Hours,District 5 (Southeast),CENTERVILLE,APPANOOSE,,W COTTAGE ST & S MAIN ST,Collision with:  Vehicle in traffic,On Roadway,Broadside (front to side),FTYROW:  From stop sign,None Indicated,,Daylight,Wet,Rain,None apparent,Intersection:  T-intersection,Paved,,Property Damage Only,0,0,0,0,0,0,3100,2,4,,POINT (-92.874186116446 40.718695784186)
2014787711,2014-0356,02/20/2014,02-February,5-Thursday,11:50,1100 Hours,District 1 (Central),JEFFERSON,GREENE,,W LINCOLN WAY,Collision with fixed object:  Utility pole/light support,On Roadway,Non-collision (single vehicle),Ran off road - straight,None Indicated,,Daylight,Slush,Snow,"Surface condition (e.g., wet, icy)",Non-intersection:  Non-junction/no special feature,Paved,,Minor Injury,0,1,0,1,0,0,1150,1,2,,POINT (-94.39674461341 42.015060677066)
2014787288,14002598,02/20/2014,02-February,5-Thursday,15:34,1500 Hours,District 2 (Northeast),MASON CITY,CERRO GORDO,IA 122,IA 122/5TH ST SE & S DELAWARE AVE,Collision with:  Vehicle in traffic,On Roadway,"Sideswipe, same direction",FTYROW:  Other (explain in narrative),None Indicated,,Daylight,Snow,Snow,"Surface condition (e.g., wet, icy)",Non-intersection:  Non-junction/no special feature,Paved,,Property Damage Only,0,0,0,0,0,0,5500,2,2,,POINT (-93.199745242833 43.147157873722)
2014789705,,02/20/2014,02-February,5-Thursday,06:57,0600 Hours,District 2 (Northeast),,FLOYD,,Co Rd B60/270TH ST,,On Roadway,Non-collision (single vehicle),Crossed centerline (undivided),None Indicated,,Daylight,,Rain,,,Paved,,Property Damage Only,0,0,0,0,0,0,2000,1,1,,POINT (-92.843809374571 42.96531562427)
2014787636,14-5099,02/20/2014,02-February,5-Thursday,09:33,0900 Hours,District 3 (Northwest),SIOUX CITY,WOODBURY,,GLENN AVE & S PATTERSON ST,Collision with:  Vehicle in traffic,On Roadway,"Sideswipe, same direction",Swerving/Evasive Action,None Indicated,,Daylight,Snow,Snow,"Surface condition (e.g., wet, icy)",Intersection:  Four-way intersection,Paved,,Major Injury,0,1,1,0,0,0,10000,3,4,,POINT (-96.353620274156 42.465406337252)
2014807883,CP14-0174,02/20/2014,02-February,5-Thursday,15:00,1500 Hours,District 2 (Northeast),CLARION,WRIGHT,IA 3,IA 3/CENTRAL AVE,Collision with:  Vehicle in traffic,Shoulder,Unknown,Other (explain in narrative):  No improper action,None Indicated,,Daylight,Snow,Snow,"Surface condition (e.g., wet, icy)",Non-intersection:  Non-junction/no special feature,Paved,,Property Damage Only,0,0,0,0,0,0,1500,2,1,,POINT (-93.712050904682 42.731807848817)
2014787220,2014012434,02/20/2014,02-February,5-Thursday,11:20,1100 Hours,District 4 (Southwest),WALNUT,POTTAWATTAMIE,I-80,I-80,Non-collision events:  Jackknife,Roadside,Non-collision (single vehicle),Ran off road - right,None Indicated,,Daylight,Snow,Snow,"Surface condition (e.g., wet, icy)",Non-intersection:  Non-junction/no special feature,Paved,,Property Damage Only,0,0,0,0,0,0,15050,1,2,,POINT (-95.156362944979 41.49829786389)
2014787842,2014-11095,02/20/2014,02-February,5-Thursday,15:12,1500 Hours,District 6 (East Central),DAVENPORT,SCOTT,US 6,US 6/E KIMBERLY RD & JERSEY RIDGE RD,Collision with:  Vehicle in traffic,On Roadway,Head-on (front to front),FTYROW:  Making left turn,None Indicated,,Daylight,Wet,Rain,None apparent,Intersection:  Four-way intersection,Paved,,Property Damage Only,0,0,0,0,0,0,9000,2,2,,POINT (-90.541695492682 41.556858405524)
2014788208,2014012485,02/20/2014,02-February,5-Thursday,12:45,1200 Hours,District 1 (Central),,POLK,I-235,I-235,Collision with fixed object:  Bridge overhead structure,On Roadway,Non-collision (single vehicle),Ran off road - right,None Indicated,,Daylight,Ice/frost,Snow,"Surface condition (e.g., wet, icy)",Non-intersection:  Non-junction/no special feature,Paved,,Property Damage Only,0,0,0,0,0,0,3000,1,1,,POINT (-93.575703645865 41.644439189859)
2014793071,2014003445,02/20/2014,02-February,5-Thursday,11:15,1100 Hours,District 6 (East Central),IOWA CITY,JOHNSON,,LAKESIDE DR,Collision with:  Vehicle in traffic,On Roadway,"Sideswipe, opposite direction",Lost Control,None Indicated,,Daylight,Snow,Snow,None apparent,Non-intersection:  Non-junction/no special feature,Paved,,Property Damage Only,0,0,0,0,0,0,2500,2,3,,POINT (-91.497980000758 41.634877688851)
2014844622,2014-000452,02/20/2014,02-February,5-Thursday,00:40,0000 Hours,District 2 (Northeast),,ALLAMAKEE,IA 76,IA 76/IOWA 76,Collision with:  Animal,On Roadway,Non-collision (single vehicle),Animal,None Indicated,,,,,,,Paved,,Property Damage Only,0,0,0,0,0,0,3000,1,1,,POINT (-91.36202493575 43.1894091297)
2014787058,01-14-7357,02/20/2014,02-February,5-Thursday,20:51,2000 Hours,District 6 (East Central),DUBUQUE,DUBUQUE,,NEVADA ST,Collision with:  Vehicle in traffic,On Roadway,Broadside (front to side),FTYROW:  Other (explain in narrative),None Indicated,,Dark - roadway lighted,Wet,Rain,None apparent,Non-intersection:  Non-junction/no special feature,Paved,,Property Damage Only,0,0,0,0,0,0,4000,2,2,,POINT (-90.680595867269 42.497398363382)
2014787913,14-008,02/20/2014,02-February,5-Thursday,12:20,1200 Hours,District 3 (Northwest),MANSON,CALHOUN,IA 7,IA 7/190TH ST,Non-collision events:  Jackknife,On Roadway,Non-collision (single vehicle),Lost Control,None Indicated,,Daylight,Slush,"Blowing sand, soil, dirt","Surface condition (e.g., wet, icy)",Non-intersection:  Other non-intersection (explain in narrative),Paved,,Property Damage Only,0,0,0,0,0,0,10000,1,1,,POINT (-94.444825106609 42.51839448842)
2014787388,20141017,02/20/2014,02-February,5-Thursday,08:45,0800 Hours,District 6 (East Central),MOUNT VERNON,LINN,,D ST SW,Collision with:  Vehicle in traffic,On Roadway,Broadside (front to side),Improper Backing,None Indicated,,Daylight,Wet,Cloudy,None apparent,Non-intersection:  Non-junction/no special feature,Paved,,Property Damage Only,0,0,0,0,0,0,1600,2,2,,POINT (-91.425520549924 41.922273079443)
2014790330,2014012330,02/20/2014,02-February,5-Thursday,06:18,0600 Hours,District 1 (Central),,POLK,I-80,I-80,Collision with:  Vehicle in traffic,On Roadway,Rear-end (front to rear),Lost Control,None Indicated,,Dark - roadway not lighted,Wet,Rain,None apparent,Non-intersection:  Non-junction/no special feature,Paved,,Possible/Unknown,0,1,0,0,1,0,8200,2,2,,POINT (-93.521469018582 41.66003723914)
2014787217,2014012394,02/20/2014,02-February,5-Thursday,09:30,0900 Hours,District 3 (Northwest),,SIOUX,US 75,US 75,Collision with fixed object:  Utility pole/light support,Roadside,Non-collision (single vehicle),Driving too fast for conditions,None Indicated,,Daylight,Snow,Snow,"Surface condition (e.g., wet, icy)",Non-intersection:  Non-junction/no special feature,Paved,,Minor Injury,0,3,0,3,0,0,3000,1,3,,POINT (-96.176042054999 43.117026246214)
2014786851,20140004738,02/20/2014,02-February,5-Thursday,08:18,0800 Hours,District 1 (Central),DES MOINES,POLK,,YORK ST,Collision with:  Vehicle in traffic,On Roadway,Broadside (front to side),FTYROW:  From driveway,None Indicated,,Dawn,Wet,Rain,None apparent,Non-intersection:  Driveway access (within),Paved,,Property Damage Only,0,0,0,0,0,0,7500,2,2,,POINT (-93.60178851103 41.613825245881)
2014789285,2014-03368,02/20/2014,02-February,5-Thursday,18:48,1800 Hours,District 5 (Southeast),,WARREN,,Co Rd G16/SCOTCH RIDGE RD,Collision with:  Animal,,,Animal,None Indicated,,,,,,,Paved,,Property Damage Only,0,0,0,0,0,0,1500,1,1,,POINT (-93.511214017644 41.479288758719)
2014787637,14-5100,02/20/2014,02-February,5-Thursday,09:24,0900 Hours,District 3 (Northwest),SIOUX CITY,WOODBURY,,VIKING DR,Collision with:  Parked motor vehicle,On Roadway,Broadside (front to side),Lost Control,None Indicated,,Daylight,Snow,Snow,"Surface condition (e.g., wet, icy)",Non-intersection:  Non-junction/no special feature,Paved,,Property Damage Only,0,0,0,0,0,0,2000,2,1,,POINT (-96.395192456682 42.529490585831)
2014787189,S14-1679,02/20/2014,02-February,5-Thursday,05:28,0500 Hours,District 3 (Northwest),,WOODBURY,US 20,US 20,Collision with:  Animal,,Non-collision (single vehicle),Animal,None Indicated,,,,,,,Paved,,Property Damage Only,0,0,0,0,0,0,5000,1,1,,POINT (-96.323672128025 42.468746905921)
2014788584,BP14000160,02/20/2014,02-February,5-Thursday,14:00,1400 Hours,District 2 (Northeast),BELMOND,WRIGHT,,4TH ST NE & 4TH AVE NE,Collision with:  Vehicle in traffic,On Roadway,Broadside (front to side),FTYROW:  At uncontrolled intersection,None Indicated,,Daylight,Snow,Snow,None apparent,Non-intersection:  Non-junction/no special feature,Paved,,Possible/Unknown,0,2,0,0,0,2,5000,2,2,,POINT (-93.611638042475 42.849728216003)
2014787281,022014-0199,02/20/2014,02-February,5-Thursday,19:38,1900 Hours,District 3 (Northwest),STORM LAKE,BUENA VISTA,IA 7,IA 7/W MILWAUKEE AVE & LAKE AVE,Collision with:  Vehicle in traffic,On Roadway,Broadside (front to side),Driving too fast for conditions,None Indicated,,Dark - roadway lighted,Ice/frost,Snow,"Surface condition (e.g., wet, icy)",Intersection:  Four-way intersection,Paved,,Possible/Unknown,0,1,0,0,1,0,1200,2,3,,POINT (-95.200807170961 42.647468470999)
2014788254,2014012607,02/20/2014,02-February,5-Thursday,16:30,1600 Hours,District 1 (Central),,JASPER,I-80,I-80,Collision with fixed object:  Guardrail - face,Shoulder,Non-collision (single vehicle),Driving too fast for conditions,None Indicated,,Daylight,Slush,Snow,None apparent,Non-intersection:  Non-junction/no special feature,Paved,,Property Damage Only,0,0,0,0,0,0,77541,1,1,,POINT (-93.319322837018 41.681592160645)
2014787600,14-000827,02/20/2014,02-February,5-Thursday,12:30,1200 Hours,District 1 (Central),AMES,STORY,,20TH ST,Collision with:  Non-motorist (see non-motorist section - NOT a unit),On Roadway,Non-collision (single vehicle),Other (explain in narrative):  No improper action,None Indicated,,Daylight,Snow,Snow,None apparent,Non-intersection:  Driveway access (within),Paved,,Minor Injury,0,1,0,1,0,0,0,1,1,,POINT (-93.613279173589 42.042014668932)
2014787503,S14-000499,02/20/2014,02-February,5-Thursday,10:25,1000 Hours,District 4 (Southwest),,POTTAWATTAMIE,US 6,US 6,Collision with fixed object:  Bridge overhead structure,On Roadway,Non-collision (single vehicle),Crossed centerline (undivided),None Indicated,,Daylight,Snow,Snow,"Surface condition (e.g., wet, icy)",Non-intersection:  Other non-intersection (explain in narrative),Paved,,Property Damage Only,0,0,0,0,0,0,5000,1,1,,POINT (-95.334962798188 41.318044468227)
2014788407,14-3398,02/20/2014,02-February,5-Thursday,00:48,0000 Hours,District 6 (East Central),,SCOTT,IA 130,IA 130/NEW LIBERTY RD,Collision with fixed object:  Utility pole/light support,Shoulder,Non-collision (single vehicle),Ran off road - right,Refused,,Dark - roadway not lighted,Wet,Rain,None apparent,Non-intersection:  Non-junction/no special feature,Paved,,Minor Injury,0,1,0,1,0,0,10000,1,1,,POINT (-90.749901953472 41.655565132998)
2014787056,01-14-7287,02/20/2014,02-February,5-Thursday,10:45,1000 Hours,District 6 (East Central),DUBUQUE,DUBUQUE,US 61,US 61,Collision with:  Vehicle in traffic,On Roadway,"Sideswipe, same direction",Improper or erratic lane changing,None Indicated,,Daylight,Wet,Rain,None apparent,Non-intersection:  Non-junction/no special feature,Paved,,Property Damage Only,0,0,0,0,0,0,2500,2,2,,POINT (-90.651185601675 42.514881515251)
2014787216,2014012386,02/20/2014,02-February,5-Thursday,09:38,0900 Hours,District 4 (Southwest),,MILLS,I-29,I-29,Collision with fixed object:  Traffic sign support,Roadside,Non-collision (single vehicle),Swerving/Evasive Action,None Indicated,,Daylight,Slush,Snow,"Surface condition (e.g., wet, icy)",Non-intersection:  Non-junction/no special feature,Paved,,Property Damage Only,0,0,0,0,0,0,5100,1,1,,POINT (-95.799253655582 40.909150228773)
2014787289,14002616,02/20/2014,02-February,5-Thursday,18:18,1800 Hours,District 2 (Northeast),MASON CITY,CERRO GORDO,,12TH ST NE & N RHODE ISLAND AVE,Collision with:  Vehicle in traffic,On Roadway,Rear-end (front to rear),Driving too fast for conditions,None Indicated,,Dark - roadway lighted,Snow,Snow,"Surface condition (e.g., wet, icy)",Intersection:  T-intersection,Paved,,Property Damage Only,0,0,0,0,0,0,2500,2,2,,POINT (-93.184100260269 43.162933584841)
2014791595,,02/20/2014,02-February,5-Thursday,12:00,1200 Hours,District 4 (Southwest),,MILLS,US 34,US 34,Collision with fixed object:  Ditch,Roadside,Non-collision (single vehicle),Unknown,None Indicated,,Daylight,Ice/frost,"Sleet, hail",,Interchange-related:  Off-ramp,Paved,,Property Damage Only,0,0,0,0,0,0,7900,1,1,,POINT (-95.751118417994 41.032504872055)
2014787841,2014-11076,02/20/2014,02-February,5-Thursday,12:00,1200 Hours,District 6 (East Central),DAVENPORT,SCOTT,,W 17TH ST,Collision with:  Parked motor vehicle,On Roadway,Rear-end (front to rear),Lost Control,None Indicated,,Daylight,Wet,Clear,None apparent,Non-intersection:  Non-junction/no special feature,Paved,,Property Damage Only,0,0,0,0,0,0,2000,2,1,,POINT (-90.588086762223 41.537198730524)
2014787638,14-5137,02/20/2014,02-February,5-Thursday,15:25,1500 Hours,District 3 (Northwest),SIOUX CITY,WOODBURY,,GLENN AVE & S ROYCE ST,Collision with:  Vehicle in traffic,On Roadway,Broadside (front to side),FTYROW:  From stop sign,None Indicated,,Daylight,Wet,Cloudy,None apparent,Intersection:  Four-way intersection,Paved,,Property Damage Only,0,0,0,0,0,0,4000,2,5,,POINT (-96.354773847727 42.465372540631)
2014787624,14-5095,02/20/2014,02-February,5-Thursday,08:42,0800 Hours,District 3 (Northwest),SIOUX CITY,WOODBURY,,MILITARY RD,Collision with fixed object:  Utility pole/light support,On Roadway,Non-collision (single vehicle),Driving too fast for conditions,None Indicated,,Daylight,Ice/frost,Snow,"Surface condition (e.g., wet, icy)",Non-intersection:  Non-junction/no special feature,Paved,,Minor Injury,0,2,0,1,1,0,2600,1,2,,POINT (-96.462801253905 42.518352740633)
2014787837,14-3247,02/20/2014,02-February,5-Thursday,14:56,1400 Hours,District 6 (East Central),BETTENDORF,SCOTT,I-74,I-74,Collision with:  Vehicle in traffic,On Roadway,Rear-end (front to rear),Followed too close,None Indicated,,Daylight,Wet,Rain,None apparent,Non-intersection:  Non-junction/no special feature,Paved,,Property Damage Only,0,0,0,0,0,0,8000,2,2,,POINT (-90.516942084403 41.537259780273)
2014789082,,02/20/2014,02-February,5-Thursday,11:54,1100 Hours,District 5 (Southeast),FORT MADISON,LEE,,AVE E,Collision with:  Parked motor vehicle,On Roadway,Broadside (front to side),Improper Backing,None Indicated,,Daylight,Snow,Clear,None apparent,Non-intersection:  Non-junction/no special feature,Paved,,Property Damage Only,0,0,0,0,0,0,2000,2,1,,POINT (-91.356449717155 40.632943479531)
2014790499,2014012589,02/20/2014,02-February,5-Thursday,15:40,1500 Hours,District 4 (Southwest),,DALLAS,I-80,I-80,Collision with fixed object:  Guardrail - face,On Roadway,Non-collision (single vehicle),Driving too fast for conditions,None Indicated,,Daylight,Snow,"Sleet, hail","Surface condition (e.g., wet, icy)",Non-intersection:  Non-junction/no special feature,Paved,,Property Damage Only,0,0,0,0,0,0,3500,1,1,,POINT (-94.062800173312 41.523352188046)
2014787034,201400683,02/20/2014,02-February,5-Thursday,11:54,1100 Hours,District 1 (Central),,BOONE,US 30,US 30/220TH ST,Collision with fixed object:  Guardrail - face,On Roadway,Non-collision (single vehicle),Ran off road - right,None Indicated,,Daylight,Snow,Snow,"Surface condition (e.g., wet, icy)",Non-intersection:  Non-junction/no special feature,Paved,,Property Damage Only,0,0,0,0,0,0,2200,1,1,,POINT (-93.959644647732 42.032841335869)
2014787300,14-2389,02/20/2014,02-February,5-Thursday,11:12,1100 Hours,District 3 (Northwest),SPENCER,CLAY,,E 16TH ST & 2ND AVE E,Collision with:  Vehicle in traffic,On Roadway,Broadside (front to side),FTYROW:  At uncontrolled intersection,None Indicated,,Daylight,Snow,Snow,None apparent,Intersection:  T-intersection,Paved,,Property Damage Only,0,0,0,0,0,0,3600,2,2,,POINT (-95.142779041664 43.153736982777)
2014787158,14-006854,02/20/2014,02-February,5-Thursday,10:50,1000 Hours,District 4 (Southwest),COUNCIL BLUFFS,POTTAWATTAMIE,,2ND AVE & 1ST AVE & S 16TH ST & S 8TH ST,Collision with:  Vehicle in traffic,On Roadway,Head-on (front to front),Crossed centerline (undivided),None Indicated,,Daylight,Snow,Snow,"Surface condition (e.g., wet, icy)",Intersection:  Four-way intersection,Paved,,Possible/Unknown,0,1,0,0,1,0,8500,2,2,,POINT (-95.856051553483 41.260552605211)
2014787119,14-000821,02/20/2014,02-February,5-Thursday,12:57,1200 Hours,District 1 (Central),ANKENY,POLK,IA 160,IA 160/SW ORALABOR RD,Collision with:  Vehicle in traffic,On Roadway,Rear-end (front to rear),Driving too fast for conditions,None Indicated,,Daylight,Slush,Snow,"Surface condition (e.g., wet, icy)",Non-intersection:  Non-junction/no special feature,Paved,,Property Damage Only,0,0,0,0,0,0,2000,2,3,,POINT (-93.616536738189 41.702953846343)
2014787156,14-006849,02/20/2014,02-February,5-Thursday,10:10,1000 Hours,District 4 (Southwest),COUNCIL BLUFFS,POTTAWATTAMIE,I-80,I-80,Collision with fixed object:  Bridge overhead structure,On Roadway,Non-collision (single vehicle),Lost Control,None Indicated,,Daylight,Snow,Snow,"Surface condition (e.g., wet, icy)",Non-intersection:  Other non-intersection (explain in narrative),Paved,,Property Damage Only,0,0,0,0,0,0,5000,1,1,,POINT (-95.908759437369 41.231798712294)
2014796183,14-001199,02/20/2014,02-February,5-Thursday,05:49,0500 Hours,District 2 (Northeast),,CLAYTON,,Co Rd C7X/GARBER RD,Collision with:  Vehicle in traffic,On Roadway,"Sideswipe, same direction",Crossed centerline (undivided),None Indicated,,Dark - roadway not lighted,Ice/frost,"Sleet, hail",None apparent,Non-intersection:  Non-junction/no special feature,Paved,,Possible/Unknown,0,2,0,0,2,0,15147,3,5,,POINT (-91.233188229816 42.765147521232)