Iowa DOT Case Number,Law Enforcement Case Number,Date of Crash,Month of Crash,Day of Week,Time of Crash,Hour,DOT District,City Name,County Name,Route with System,Location Description,First Harmful Event,Location of First Harmful Event,Manner of Crash/Collision,Major Cause,Drug or Alcohol ,Environmental Conditions,Light Conditions,Surface Conditions,Weather Conditions,Roadway Contribution,Roadway Type,Roadway Surface,Work Zone,Crash Severity,Number of Fatalities,Number of Injuries,Number of Major Injuries,Number of Minor Injuries,Number of Possible Injuries,Number of Unknown Injuries,Amount of Property Damage,Number of Vehicles Involved,Total Number of Occupants,Travel Direction,Location
2014788255,2014012741,02/21/2014,02-February,6-Friday,06:53,0600 Hours,District 1 (Central),,POLK,I-35,I-35 & IA 415/2ND AVE,Collision with:  Vehicle in traffic,On Roadway,Rear-end (front to rear),Driving too fast for conditions,None Indicated,,Daylight,Ice/frost,Clear,"Surface condition (e.g., wet, icy)","Interchange-related:  Off-ramp, diverge area",Paved,,Property Damage Only,0,0,0,0,0,0,2000,2,2,,POINT (-93.619997747283 41.650333677502)
2014788422,201400008833,02/21/2014,02-February,6-Friday,20:08,2000 Hours,District 5 (Southeast),OTTUMWA,WAPELLO,,W MARY ST,Non-collision events:  Other non-collision (explain in narrative),On Roadway,Non-collision (single vehicle),"Operating vehicle in an reckless, erratic, careless, negligent manner",None Indicated,,Dark - roadway lighted,Dry,Clear,None apparent,Non-intersection:  Non-junction/no special feature,Paved,,Property Damage Only,0,0,0,0,0,0,16000,1,3,,POINT (-92.443004799496 40.994708177227)
2014787668,2014013031,02/21/2014,02-February,6-Friday,17:40,1700 Hours,District 2 (Northeast),MASON CITY,CERRO GORDO,US 65,US 65/S FEDERAL AVE,Collision with:  Vehicle in traffic,On Roadway,Broadside (front to side),Unknown,None Indicated,,Daylight,Snow,Clear,None apparent,Intersection:  Four-way intersection,Paved,,Property Damage Only,0,0,0,0,0,0,6000,2,2,,POINT (-93.201126764446 43.133414028908)
2014788470,14-17650,02/21/2014,02-February,6-Friday,12:54,1200 Hours,District 2 (Northeast),WATERLOO,BLACK HAWK,IA 934,IA 934/UNIVERSITY AVE & PROGRESS AVE,Collision with:  Vehicle in traffic,On Roadway,Broadside (front to side),Ran Traffic Signal,None Indicated,,Daylight,Wet,Clear,Traffic control obscured,Intersection:  Four-way intersection,Paved,,Property Damage Only,0,0,0,0,0,0,8000,2,2,,POINT (-92.402300253888 42.504798844166)
2014796887,C14000560,02/21/2014,02-February,6-Friday,00:45,0000 Hours,District 6 (East Central),CORALVILLE,JOHNSON,I-80,I-80,Collision with fixed object:  Concrete traffic barrier (median or right side),On Roadway,Non-collision (single vehicle),Driving too fast for conditions,None Indicated,,Dark - roadway lighted,Ice/frost,Severe winds,None apparent,Non-intersection:  Non-junction/no special feature,Paved,,Property Damage Only,0,0,0,0,0,0,20500,1,1,,POINT (-91.5753057369 41.687363547726)
2014787644,2014012768,02/21/2014,02-February,6-Friday,01:15,0100 Hours,District 2 (Northeast),,CLAYTON,IA 13,IA 13/IOWA 13,Collision with fixed object:  Ditch,Roadside,Non-collision (single vehicle),Lost Control,None Indicated,,Dark - roadway not lighted,Ice/frost,"Sleet, hail",None apparent,Non-intersection:  Non-junction/no special feature,Paved,,Property Damage Only,0,0,0,0,0,0,24562,1,1,,POINT (-91.340920751269 42.939412862035)
2014787904,W14-017570,02/21/2014,02-February,6-Friday,08:39,0800 Hours,District 2 (Northeast),WATERLOO,BLACK HAWK,,BROADWAY ST,Collision with:  Vehicle in traffic,On Roadway,Broadside (front to side),Ran Traffic Signal,None Indicated,,Daylight,Slush,Clear,None apparent,Intersection:  Four-way intersection,Paved,,Possible/Unknown,0,1,0,0,1,0,15000,2,3,,POINT (-92.387052655216 42.538111815559)
2014787146,20140004823,02/21/2014,02-February,6-Friday,07:47,0700 Hours,District 1 (Central),DES MOINES,POLK,,COLLEGE AVE & 16TH ST,Collision with:  Vehicle in traffic,On Roadway,Broadside (front to side),Swerving/Evasive Action,None Indicated,,Dawn,Ice/frost,Clear,"Surface condition (e.g., wet, icy)",Intersection:  Four-way intersection,Paved,,Property Damage Only,0,0,0,0,0,0,2500,2,2,,POINT (-93.639019587685 41.607724595481)
2014787130,20140004836,02/21/2014,02-February,6-Friday,08:40,0800 Hours,District 1 (Central),DES MOINES,POLK,,HUBBELL AVE & GUTHRIE AVE,Collision with:  Vehicle in traffic,On Roadway,Rear-end (front to rear),Driving too fast for conditions,None Indicated,,Daylight,Ice/frost,Clear,"Surface condition (e.g., wet, icy)",Intersection:  Four-way intersection,Paved,,Property Damage Only,0,0,0,0,0,0,1700,2,2,,POINT (-93.56610391232 41.615015318289)
2014787606,14-000848,02/21/2014,02-February,6-Friday,12:32,1200 Hours,District 1 (Central),AMES,STORY,US 69,US 69/GRAND AVE & 6TH ST,Collision with:  Vehicle in traffic,On Roadway,Broadside (front to side),Ran Traffic Signal,None Indicated,,Daylight,Wet,Clear,None apparent,Intersection:  Four-way intersection,Paved,,Property Damage Only,0,0,0,0,0,0,4000,2,2,,POINT (-93.620223901884 42.026819314473)
2014787140,20140004820,02/21/2014,02-February,6-Friday,00:00,0000 Hours,District 1 (Central),DES MOINES,POLK,,60TH ST,Collision with:  Vehicle in traffic,On Roadway,"Sideswipe, same direction","Operating vehicle in an reckless, erratic, careless, negligent manner",None Indicated,,Dark - roadway lighted,Ice/frost,Cloudy,None apparent,Non-intersection:  Non-junction/no special feature,Paved,,Property Damage Only,0,0,0,0,0,0,2500,2,1,,POINT (-93.699900201351 41.610918904246)
2014787620,14-0522,02/21/2014,02-February,6-Friday,13:02,1300 Hours,District 1 (Central),FORT DODGE,WEBSTER,,5TH AVE S & S 15TH ST,Collision with:  Vehicle in traffic,On Roadway,Broadside (front to side),Ran Traffic Signal,None Indicated,,Daylight,Wet,Clear,None apparent,Intersection:  Four-way intersection,Paved,,Possible/Unknown,0,2,0,0,2,0,17000,2,6,,POINT (-94.177650548896 42.501036025754)
2014787128,20140004822,02/21/2014,02-February,6-Friday,07:35,0700 Hours,District 1 (Central),DES MOINES,POLK,,6TH AVE,Collision with:  Vehicle in traffic,On Roadway,Head-on (front to front),Lost Control,None Indicated,,Daylight,Ice/frost,Clear,"Surface condition (e.g., wet, icy)",Non-intersection:  Non-junction/no special feature,Paved,,Possible/Unknown,0,1,0,0,1,0,10500,2,4,,POINT (-93.624796214279 41.623691491911)
2014787438,20140004904,02/21/2014,02-February,6-Friday,21:24,2100 Hours,District 1 (Central),DES MOINES,POLK,IA 28,IA 28/MERLE HAY RD & NW MEREDITH DR,Collision with:  Vehicle in traffic,On Roadway,Rear-end (front to rear),Driving too fast for conditions,Refused,,Dark - roadway lighted,Wet,Clear,None apparent,Intersection:  Four-way intersection,Paved,,Property Damage Only,0,0,0,0,0,0,3000,2,2,,POINT (-93.697699600309 41.643925559359)
2014787479,14-0382,02/21/2014,02-February,6-Friday,15:55,1500 Hours,District 1 (Central),URBANDALE,POLK,,MEREDITH DR,Collision with:  Vehicle in traffic,On Roadway,"Sideswipe, same direction",Improper or erratic lane changing,None Indicated,,Daylight,Dry,Clear,None apparent,Non-intersection:  Non-junction/no special feature,Paved,,Property Damage Only,0,0,0,0,0,0,2500,2,2,,POINT (-93.69840811689 41.64393026345)
2014787494,14-000360,02/21/2014,02-February,6-Friday,18:30,1800 Hours,District 1 (Central),ALTOONA,POLK,,ADVENTURELAND DR & 17TH AVE NW,Collision with:  Vehicle in traffic,On Roadway,Rear-end (front to rear),Other (explain in narrative):  Other,None Indicated,,Dark - roadway lighted,Ice/frost,Clear,"Surface condition (e.g., wet, icy)",Intersection:  Four-way intersection,Paved,,Possible/Unknown,0,1,0,0,0,1,1600,2,2,,POINT (-93.48361087575 41.6584823953)
2014787319,01-14-7472,02/21/2014,02-February,6-Friday,14:39,1400 Hours,District 6 (East Central),DUBUQUE,DUBUQUE,,FREMONT AVE,Collision with:  Non-motorist (see non-motorist section - NOT a unit),On Roadway,Non-collision (single vehicle),FTYROW:  Other (explain in narrative),None Indicated,,Daylight,Dry,Clear,None apparent,Non-intersection:  Non-junction/no special feature,Paved,,Minor Injury,0,1,0,1,0,0,100,1,1,,POINT (-90.697941562877 42.47736938894)
2014787824,14-000223,02/21/2014,02-February,6-Friday,08:35,0800 Hours,District 1 (Central),JOHNSTON,POLK,,MERLE HAY RD,Collision with:  Other non-fixed object (explain in narrative),Outside trafficway,Rear-end (front to rear),Other (explain in narrative):  No improper action,None Indicated,,Daylight,Ice/frost,Snow,None apparent,Non-intersection:  Non-junction/no special feature,Paved,,Possible/Unknown,0,1,0,0,0,1,4000,2,2,,POINT (-93.697690838119 41.672045862752)
2014787604,14-000844,02/21/2014,02-February,6-Friday,08:40,0800 Hours,District 1 (Central),AMES,STORY,US 69,US 69/S DUFF AVE,Non-collision events:  Other non-collision (explain in narrative),Shoulder,Non-collision (single vehicle),Lost Control,None Indicated,,Daylight,Ice/frost,Clear,"Surface condition (e.g., wet, icy)",Non-intersection:  Other non-intersection (explain in narrative),Paved,,Property Damage Only,0,0,0,0,0,0,3500,1,1,,POINT (-93.610301050058 42.013623822681)
2014787047,14-05864,02/21/2014,02-February,6-Friday,08:52,0800 Hours,District 5 (Southeast),BURLINGTON,DES MOINES,,SUNNYSIDE AVE & CLIFF RD,Collision with:  Vehicle in traffic,On Roadway,"Sideswipe, opposite direction",Crossed centerline (undivided),None Indicated,,Daylight,Ice/frost,Clear,"Surface condition (e.g., wet, icy)",Non-intersection:  Non-junction/no special feature,Paved,,Property Damage Only,0,0,0,0,0,0,8157,2,2,,POINT (-91.127164965373 40.833130203692)
2014808054,2014012828,02/21/2014,02-February,6-Friday,09:45,0900 Hours,District 2 (Northeast),DENVER,BREMER,US 63,US 63,Non-collision events:  Overturn/rollover,On Roadway,Non-collision (single vehicle),Driving too fast for conditions,None Indicated,,Daylight,Ice/frost,Clear,"Surface condition (e.g., wet, icy)",Non-intersection:  Non-junction/no special feature,Paved,,Property Damage Only,0,0,0,0,0,0,1700,1,4,,POINT (-92.337244335033 42.650945898685)
2014787178,14-0518,02/21/2014,02-February,6-Friday,10:04,1000 Hours,District 1 (Central),FORT DODGE,WEBSTER,,KENYON RD & TOWER DR,Collision with:  Vehicle in traffic,On Roadway,"Sideswipe, same direction",Lost Control,None Indicated,,Daylight,Ice/frost,Clear,"Surface condition (e.g., wet, icy)",Intersection:  Four-way intersection,Paved,,Possible/Unknown,0,1,0,0,1,0,2500,2,3,,POINT (-94.202326983009 42.486154494876)
2014788485,14-049,02/21/2014,02-February,6-Friday,15:39,1500 Hours,District 2 (Northeast),WAVERLY,BREMER,,6TH AVE SW & 2ND ST SW,Collision with:  Vehicle in traffic,On Roadway,Broadside (front to side),FTYROW:  At uncontrolled intersection,None Indicated,,Daylight,Ice/frost,Clear,"Surface condition (e.g., wet, icy)",Intersection:  Four-way intersection,Paved,,Property Damage Only,0,0,0,0,0,0,4100,2,3,,POINT (-92.473079214193 42.719994388489)
2014787115,14-1147,02/21/2014,02-February,6-Friday,09:22,0900 Hours,District 1 (Central),,POLK,IA 415,IA 415/2ND AVE,Collision with fixed object:  Ditch,Median,Non-collision (single vehicle),Driving too fast for conditions,None Indicated,,Daylight,Ice/frost,Clear,"Surface condition (e.g., wet, icy)",Non-intersection:  Non-junction/no special feature,Paved,,Possible/Unknown,0,1,0,0,1,0,3000,1,1,,POINT (-93.620293468138 41.674894542675)
2014793674,B14211435,02/21/2014,02-February,6-Friday,14:35,1400 Hours,District 2 (Northeast),HAMPTON,FRANKLIN,,140TH ST & OLIVE AVE & CO RD S43,Collision with:  Vehicle in traffic,On Roadway,Broadside (front to side),Ran Stop Sign,None Indicated,,Daylight,Snow,Clear,"Surface condition (e.g., wet, icy)",Intersection:  Four-way intersection,Paved,,Possible/Unknown,0,1,0,0,1,0,15000,2,2,,POINT (-93.22216349852 42.730924049459)
2014787149,20140004839,02/21/2014,02-February,6-Friday,09:33,0900 Hours,District 1 (Central),DES MOINES,POLK,,GUTHRIE AVE & E 23RD ST,Collision with fixed object:  Traffic sign support,Shoulder,Non-collision (single vehicle),Swerving/Evasive Action,None Indicated,,Daylight,Ice/frost,Clear,"Surface condition (e.g., wet, icy)",Intersection:  T-intersection,Paved,,Property Damage Only,0,0,0,0,0,0,2100,1,1,,POINT (-93.57505760179 41.614988892402)
2014787299,2463-14,02/21/2014,02-February,6-Friday,16:39,1600 Hours,District 3 (Northwest),SPENCER,CLAY,US 71,US 71/11TH ST SW & 4TH AVE SW,Collision with:  Vehicle in traffic,On Roadway,Broadside (front to side),Ran Traffic Signal,None Indicated,,Daylight,Slush,Cloudy,None apparent,Intersection:  Four-way intersection,Paved,,Property Damage Only,0,0,0,0,0,0,2200,2,5,,POINT (-95.1507618598 43.126762887078)
2014795139,ACC14-006,02/21/2014,02-February,6-Friday,10:59,1000 Hours,District 2 (Northeast),CRESCO,HOWARD,,1ST AVE W,Collision with:  Vehicle in traffic,On Roadway,Rear-end (front to rear),Improper Backing,None Indicated,,Daylight,Snow,Cloudy,None apparent,Non-intersection:  Non-junction/no special feature,Paved,,Property Damage Only,0,0,0,0,0,0,1600,2,1,,POINT (-92.117159657517 43.372337315152)
2014787091,201402567,02/21/2014,02-February,6-Friday,13:40,1300 Hours,District 6 (East Central),CEDAR RAPIDS,LINN,,DIAGONAL DR SW & 2ND ST SW,Collision with:  Vehicle in traffic,On Roadway,Broadside (front to side),Ran Stop Sign,None Indicated,,Daylight,Dry,Clear,None apparent,Intersection:  Four-way intersection,Paved,,Property Damage Only,0,0,0,0,0,0,2200,2,2,,POINT (-91.670965181118 41.970724571288)
2014787441,20140004881,02/21/2014,02-February,6-Friday,17:09,1700 Hours,District 1 (Central),DES MOINES,POLK,,E UNIVERSITY AVE & PENNSYLVANIA AVE,Collision with:  Vehicle in traffic,On Roadway,Broadside (front to side),Unknown,None Indicated,,Daylight,Wet,Clear,None apparent,Non-intersection:  Non-junction/no special feature,Paved,,Property Damage Only,0,0,0,0,0,0,3000,2,2,,POINT (-93.608863458861 41.600376235742)
2014789030,2014012859,02/21/2014,02-February,6-Friday,09:55,0900 Hours,District 2 (Northeast),,FRANKLIN,I-35,I-35,Collision with:  Vehicle in traffic,On Roadway,Rear-end (front to rear),Driving too fast for conditions,None Indicated,,Daylight,Ice/frost,"Blowing sand, soil, dirt","Surface condition (e.g., wet, icy)",Non-intersection:  Non-junction/no special feature,Paved,,Property Damage Only,0,0,0,0,0,0,164000,4,4,,POINT (-93.40947441821 42.734405993993)
2014787143,20140004828,02/21/2014,02-February,6-Friday,00:00,0000 Hours,District 1 (Central),DES MOINES,POLK,,60TH ST,Collision with:  Vehicle in traffic,On Roadway,"Sideswipe, same direction","Operating vehicle in an reckless, erratic, careless, negligent manner",None Indicated,,Dark - roadway lighted,Ice/frost,Cloudy,None apparent,Non-intersection:  Non-junction/no special feature,Paved,,Property Damage Only,0,0,0,0,0,0,2500,3,2,,POINT (-93.699896891329 41.61061267917)
2014787787,14-000840,02/21/2014,02-February,6-Friday,08:50,0800 Hours,District 1 (Central),ANKENY,POLK,,SW ORDNANCE RD,Collision with:  Vehicle in traffic,On Roadway,Rear-end (front to rear),Driving too fast for conditions,None Indicated,,Daylight,Snow,Clear,"Surface condition (e.g., wet, icy)",Non-intersection:  Non-junction/no special feature,Paved,,Property Damage Only,0,0,0,0,0,0,1600,2,3,,POINT (-93.600816768442 41.719817269493)
2014788618,,02/21/2014,02-February,6-Friday,10:00,1000 Hours,District 1 (Central),DES MOINES,POLK,,,Collision with:  Vehicle in traffic,On Roadway,"Angle, oncoming left turn",Unknown,None Indicated,,Daylight,Ice/frost,Cloudy,,Non-intersection:  Non-junction/no special feature,,,Possible/Unknown,0,1,0,0,1,0,0,2,2,,POINT (-96.643700149993 40.233091251414)
2014787506,14-007002,02/21/2014,02-February,6-Friday,13:34,1300 Hours,District 4 (Southwest),COUNCIL BLUFFS,POTTAWATTAMIE,US 6,US 6/W BROADWAY,Collision with:  Vehicle in traffic,On Roadway,Rear-end (front to rear),Driving too fast for conditions,None Indicated,,Daylight,Wet,Clear,None apparent,Non-intersection:  Non-junction/no special feature,Paved,,Possible/Unknown,0,1,0,0,1,0,1000,2,2,,POINT (-95.879936644975 41.261956544984)
2014788129,14-000855,02/21/2014,02-February,6-Friday,18:00,1800 Hours,District 1 (Central),AMES,STORY,,E 7TH ST & CRAWFORD AVE,Collision with:  Vehicle in traffic,On Roadway,"Angle, oncoming left turn",FTYROW:  Making left turn,None Indicated,,Dusk,Wet,Clear,None apparent,Intersection:  Four-way intersection,Paved,,Property Damage Only,0,0,0,0,0,0,2800,2,3,,POINT (-93.607153022475 42.028024027739)
2014788322,CL14000528,02/21/2014,02-February,6-Friday,21:00,2100 Hours,District 6 (East Central),CLINTON,CLINTON,,ISABELL CT,Collision with:  Vehicle in traffic,On Roadway,Unknown,Unknown,None Indicated,,Unknown,Unknown,Unknown,Unknown,Non-intersection:  Non-junction/no special feature,Paved,,Property Damage Only,0,0,0,0,0,0,2500,2,777,,POINT (-90.205921032916 41.838345983264)
2014787261,14017599,02/21/2014,02-February,6-Friday,09:52,0900 Hours,District 2 (Northeast),CEDAR FALLS,BLACK HAWK,,W 12TH ST & HUDSON RD,Collision with:  Vehicle in traffic,On Roadway,Rear-end (front to rear),Driving too fast for conditions,None Indicated,,Daylight,Ice/frost,Clear,"Surface condition (e.g., wet, icy)",Non-intersection:  Non-junction/no special feature,Paved,,Property Damage Only,0,0,0,0,0,0,3000,2,3,,POINT (-92.465554444752 42.527688869082)
2014793905,GP14000021,02/21/2014,02-February,6-Friday,13:47,1300 Hours,District 2 (Northeast),GOLDFIELD,WRIGHT,,MAIN ST & BOONE ST,Collision with:  Vehicle in traffic,On Roadway,"Sideswipe, opposite direction",Crossed centerline (undivided),None Indicated,,Daylight,Ice/frost,Clear,None apparent,Intersection:  Four-way intersection,Paved,,Property Damage Only,0,0,0,0,0,0,3000,2,2,,POINT (-93.920509422859 42.733428956305)
2014787400,14-007438,02/21/2014,02-February,6-Friday,12:36,1200 Hours,District 5 (Southeast),MUSCATINE,MUSCATINE,,FILLMORE ST & WASHINGTON ST,Collision with:  Vehicle in traffic,On Roadway,Rear-end (front to rear),Followed too close,None Indicated,,Daylight,Dry,Clear,None apparent,Intersection:  T-intersection,Paved,,Property Damage Only,0,0,0,0,0,0,2550,2,3,,POINT (-91.036625204405 41.434402450482)
2014787645,2014012896,02/21/2014,02-February,6-Friday,11:40,1100 Hours,District 4 (Southwest),,POTTAWATTAMIE,I-80,I-80,Collision with:  Vehicle in traffic,On Roadway,"Sideswipe, same direction",Crossed centerline (undivided),None Indicated,,Daylight,Dry,Cloudy,None apparent,Non-intersection:  Non-junction/no special feature,Paved,,Property Damage Only,0,0,0,0,0,0,7000,2,2,,POINT (-95.501544570171 41.499392376979)
2014787100,14003640,02/21/2014,02-February,6-Friday,02:02,0200 Hours,District 6 (East Central),MARION,LINN,,4TH AVE & 26TH ST,Collision with fixed object:  Utility pole/light support,On Roadway,Non-collision (single vehicle),Driving too fast for conditions,None Indicated,,Dark - roadway lighted,Snow,Snow,"Surface condition (e.g., wet, icy)",Intersection:  T-intersection,Paved,,Property Damage Only,0,0,0,0,0,0,1501,1,2,,POINT (-91.584407826056 42.030626871442)
2014787607,14-000850,02/21/2014,02-February,6-Friday,13:09,1300 Hours,District 1 (Central),AMES,STORY,,LINCOLN WAY & S FRANKLIN AVE,Collision with:  Vehicle in traffic,On Roadway,Broadside (front to side),Ran Traffic Signal,None Indicated,,Daylight,Wet,Cloudy,None apparent,Intersection:  Four-way intersection,Paved,,Property Damage Only,0,0,0,0,0,0,3500,2,2,,POINT (-93.66479248073 42.022805087228)
2014787486,14-0915,02/21/2014,02-February,6-Friday,18:00,1800 Hours,District 4 (Southwest),WEST DES MOINES,DALLAS,,92ND ST & CHALK ST,Collision with:  Vehicle in traffic,On Roadway,Broadside (front to side),FTYROW:  From stop sign,None Indicated,,Dark - roadway lighted,Dry,Clear,None apparent,Intersection:  Four-way intersection,Paved,,Property Damage Only,0,0,0,0,0,0,12500,2,3,,POINT (-93.833201127423 41.591123968924)
2014787509,14-007069,02/21/2014,02-February,6-Friday,20:10,2000 Hours,District 4 (Southwest),COUNCIL BLUFFS,POTTAWATTAMIE,,E PIERCE ST,Collision with:  Vehicle in traffic,On Roadway,"Sideswipe, same direction",Other (explain in narrative):  Other,None Indicated,,Dark - roadway lighted,Wet,Cloudy,None apparent,Non-intersection:  Non-junction/no special feature,Paved,,Property Damage Only,0,0,0,0,0,0,3000,2,2,,POINT (-95.840752802291 41.264191707089)
2014788453,2014013020,02/21/2014,02-February,6-Friday,16:05,1600 Hours,District 1 (Central),WOODWARD,BOONE,,ASH AVE & ORCHARD RD,Collision with:  Vehicle in traffic,On Roadway,Broadside (front to side),FTYROW:  Other (explain in narrative),None Indicated,,Daylight,Wet,Cloudy,None apparent,Intersection:  Four-way intersection,Paved,,Property Damage Only,0,0,0,0,0,0,3000,2,5,,POINT (-93.91881318603 41.872497436077)
2014787419,14-000847,02/21/2014,02-February,6-Friday,11:30,1100 Hours,District 1 (Central),ANKENY,POLK,I-35,I-35 & IA 160/SE ORALABOR RD & NE 78TH AVE,Collision with:  Vehicle in traffic,On Roadway,Rear-end (front to rear),Followed too close,None Indicated,,Daylight,Wet,Clear,None apparent,Non-intersection:  Non-junction/no special feature,Paved,,Property Damage Only,0,0,0,0,0,0,2500,2,3,,POINT (-93.574265520642 41.702875622816)
2014789793,1402-017,02/21/2014,02-February,6-Friday,09:30,0900 Hours,District 3 (Northwest),,OSCEOLA,,Co Rd L30/MONROE AVE & 180TH ST,Non-collision events:  Overturn/rollover,Shoulder,Non-collision (single vehicle),Ran off road - left,None Indicated,,Daylight,Dry,Clear,None apparent,Non-intersection:  Non-junction/no special feature,Unpaved,,Possible/Unknown,0,1,0,0,0,1,6000,1,1,,POINT (-95.84104564573 43.389317138774)
2014788088,2014-11347,02/21/2014,02-February,6-Friday,22:09,2200 Hours,District 6 (East Central),DAVENPORT,SCOTT,US 6,US 6/E KIMBERLY RD & EASTERN AVE,Collision with:  Vehicle in traffic,On Roadway,"Angle, oncoming left turn",FTYROW:  Making left turn,None Indicated,,Dark - roadway lighted,Dry,Clear,None apparent,Intersection:  Four-way intersection,Paved,,Property Damage Only,0,0,0,0,0,0,8000,2,2,,POINT (-90.551394148392 41.55690335035)
2014787320,01-14-7480,02/21/2014,02-February,6-Friday,15:35,1500 Hours,District 6 (East Central),DUBUQUE,DUBUQUE,,UNIVERSITY AVE & GRANDVIEW AVE N,Collision with:  Vehicle in traffic,On Roadway,Rear-end (front to rear),Lost Control,None Indicated,,Daylight,Dry,Clear,None apparent,Intersection:  Four-way intersection,Paved,,Property Damage Only,0,0,0,0,0,0,6350,2,2,,POINT (-90.688118383802 42.498333891322)
2014787531,2014-11185,02/21/2014,02-February,6-Friday,02:04,0200 Hours,District 6 (East Central),DAVENPORT,SCOTT,I-280,I-280 & IA 22/ROCKINGHAM RD,Non-collision events:  Other non-collision (explain in narrative),On Roadway,Non-collision (single vehicle),Lost Control,None Indicated,,Dark - roadway lighted,Ice/frost,Snow,"Surface condition (e.g., wet, icy)",Non-intersection:  Other non-intersection (explain in narrative),Paved,,Property Damage Only,0,0,0,0,0,0,2000,1,1,,POINT (-90.649761438585 41.491795775257)
2014787995,14-003807,02/21/2014,02-February,6-Friday,04:43,0400 Hours,District 5 (Southeast),,MARION,,Co Rd T14/HWY T14,Collision with fixed object:  Ditch,On Roadway,Non-collision (single vehicle),Crossed centerline (undivided),None Indicated,,Dark - roadway not lighted,Ice/frost,Unknown,"Surface condition (e.g., wet, icy)",Non-intersection:  Non-junction/no special feature,Paved,,Minor Injury,0,1,0,1,0,0,8250,1,1,,POINT (-92.921071037769 41.496349918784)
2014787284,14000998,02/21/2014,02-February,6-Friday,04:22,0400 Hours,District 2 (Northeast),MASON CITY,CERRO GORDO,,2ND ST NW & 2ND ST NE & N FEDERAL AVE,Collision with:  Vehicle in traffic,On Roadway,Rear-end (front to rear),Unknown,None Indicated,,Dark - roadway lighted,Ice/frost,Snow,"Surface condition (e.g., wet, icy)",Intersection:  Four-way intersection,Paved,,Property Damage Only,0,0,0,0,0,0,2500,2,2,,POINT (-93.201045424805 43.153621077814)
2014787505,14-006970,02/21/2014,02-February,6-Friday,09:18,0900 Hours,District 4 (Southwest),COUNCIL BLUFFS,POTTAWATTAMIE,,WASHINGTON AVE & N 6TH ST,Collision with:  Vehicle in traffic,On Roadway,Broadside (front to side),Ran Stop Sign,None Indicated,,Daylight,Wet,Clear,None apparent,Intersection:  Four-way intersection,Paved,,Minor Injury,0,1,0,1,0,0,4000,2,2,,POINT (-95.851452923258 41.263215481525)
2014787366,14-4298,02/21/2014,02-February,6-Friday,04:48,0400 Hours,District 1 (Central),NEWTON,JASPER,,N 19TH AVE E & E 19TH ST N,Collision with:  Vehicle in traffic,On Roadway,Rear-end (front to rear),Swerving/Evasive Action,None Indicated,,Dark - roadway lighted,Ice/frost,Cloudy,"Surface condition (e.g., wet, icy)",Intersection:  Four-way intersection,Paved,,Property Damage Only,0,0,0,0,0,0,6500,2,2,,POINT (-93.02909237549 41.717195951764)
2014787414,14-000833,02/21/2014,02-February,6-Friday,07:30,0700 Hours,District 1 (Central),ANKENY,POLK,,SW STATE ST & SW VINTAGE PKWY,Collision with:  Vehicle in traffic,On Roadway,"Sideswipe, same direction",Crossed centerline (undivided),None Indicated,,Daylight,Ice/frost,Clear,"Surface condition (e.g., wet, icy)",Non-intersection:  Non-junction/no special feature,Paved,,Property Damage Only,0,0,0,0,0,0,1500,2,2,,POINT (-93.621330754728 41.712781756382)
2014790007,14-0208,02/21/2014,02-February,6-Friday,11:23,1100 Hours,District 1 (Central),CLIVE,POLK,US 6,US 6/HICKMAN RD & 128TH ST & NW 128TH ST,Collision with:  Vehicle in traffic,On Roadway,Rear-end (front to rear),Followed too close,None Indicated,,Daylight,Wet,Cloudy,None apparent,Non-intersection:  Non-junction/no special feature,Paved,,Property Damage Only,0,0,0,0,0,0,1500,2,2,,POINT (-93.791594930749 41.614944751655)
2014788454,2014013026,02/21/2014,02-February,6-Friday,16:28,1600 Hours,District 6 (East Central),,CEDAR,I-80,I-80 & IA 38/IOWA 38,Collision with:  Vehicle in traffic,On Roadway,"Sideswipe, same direction",Ran Stop Sign,None Indicated,,Daylight,Dry,Clear,None apparent,Intersection:  Intersection with ramp,Paved,,Possible/Unknown,0,1,0,0,1,0,6000,2,2,,POINT (-91.115159997034 41.6462051551)
2014787437,20140004809,02/21/2014,02-February,6-Friday,01:30,0100 Hours,District 1 (Central),DES MOINES,POLK,,MLK JR PKWY,Collision with fixed object:  Utility pole/light support,On Roadway,Non-collision (single vehicle),Crossed centerline (undivided),Refused,,Dark - roadway lighted,Ice/frost,Severe winds,"Surface condition (e.g., wet, icy)",Non-intersection:  Non-junction/no special feature,Paved,,Property Damage Only,0,0,0,0,0,0,6000,1,1,,POINT (-93.646735322045 41.616031131464)
2014787147,20140004824,02/21/2014,02-February,6-Friday,07:30,0700 Hours,District 1 (Central),DES MOINES,POLK,,AMOS AVE & SW 13TH ST,Collision with:  Vehicle in traffic,On Roadway,Broadside (front to side),FTYROW:  From driveway,None Indicated,,Daylight,Ice/frost,Clear,"Surface condition (e.g., wet, icy)",Non-intersection:  Driveway access (within),Paved,,Property Damage Only,0,0,0,0,0,0,3500,2,2,,POINT (-93.633858050308 41.519265579472)