Iowa DOT Case Number,Law Enforcement Case Number,Date of Crash,Month of Crash,Day of Week,Time of Crash,Hour,DOT District,City Name,County Name,Route with System,Location Description,First Harmful Event,Location of First Harmful Event,Manner of Crash/Collision,Major Cause,Drug or Alcohol ,Environmental Conditions,Light Conditions,Surface Conditions,Weather Conditions,Roadway Contribution,Roadway Type,Roadway Surface,Work Zone,Crash Severity,Number of Fatalities,Number of Injuries,Number of Major Injuries,Number of Minor Injuries,Number of Possible Injuries,Number of Unknown Injuries,Amount of Property Damage,Number of Vehicles Involved,Total Number of Occupants,Travel Direction,Location
2014808031,2014012744,02/21/2014,02-February,6-Friday,05:30,0500 Hours,District 2 (Northeast),,BLACK HAWK,US 218,US 218,Non-collision events:  Jackknife,On Roadway,Non-collision (single vehicle),Driving too fast for conditions,None Indicated,,Dark - roadway not lighted,Ice/frost,Clear,"Surface condition (e.g., wet, icy)",Non-intersection:  Non-junction/no special feature,Paved,,Property Damage Only,0,0,0,0,0,0,5000,1,1,,POINT (-92.433990617924 42.586110727763)
2014787751,C14000567,02/21/2014,02-February,6-Friday,16:05,1600 Hours,District 6 (East Central),CORALVILLE,JOHNSON,US 6,US 6/2ND ST & 20TH AVE,Collision with:  Vehicle in traffic,On Roadway,Rear-end (front to rear),Followed too close,None Indicated,,Daylight,Dry,Cloudy,None apparent,Non-intersection:  Non-junction/no special feature,Paved,,Possible/Unknown,0,1,0,0,1,0,500,2,4,,POINT (-91.591518512395 41.679484280756)
2014787314,14-5857,02/21/2014,02-February,6-Friday,07:07,0700 Hours,District 5 (Southeast),BURLINGTON,DES MOINES,,SUNNYSIDE AVE,Non-collision events:  Other non-collision (explain in narrative),Outside trafficway,Non-collision (single vehicle),Lost Control,None Indicated,,Daylight,Ice/frost,Clear,None apparent,Non-intersection:  Non-junction/no special feature,Paved,,Property Damage Only,0,0,0,0,0,0,5000,1,1,,POINT (-91.128906217746 40.833626871541)
2014793854,2014-03412,02/21/2014,02-February,6-Friday,12:51,1200 Hours,District 5 (Southeast),INDIANOLA,WARREN,US 65,US 65/N JEFFERSON WAY,Collision with:  Vehicle in traffic,On Roadway,Rear-end (front to rear),Other (explain in narrative):  Other,None Indicated,,Daylight,Dry,Clear,None apparent,Non-intersection:  Non-junction/no special feature,Paved,,Property Damage Only,0,0,0,0,0,0,2100,2,3,,POINT (-93.558373596215 41.363818231721)
2014787533,2014-11325,02/21/2014,02-February,6-Friday,19:08,1900 Hours,District 6 (East Central),DAVENPORT,SCOTT,I-74,I-74 & US 6/SPRUCE HILLS DR,Collision with:  Vehicle in traffic,On Roadway,Broadside (front to side),FTYROW:  From stop sign,None Indicated,,Dark - roadway lighted,Dry,Cloudy,None apparent,Intersection:  T-intersection,Paved,,Property Damage Only,0,0,0,0,0,0,4500,2,2,,POINT (-90.524493129476 41.554867989204)
2014787392,2014001545,02/21/2014,02-February,6-Friday,08:08,0800 Hours,District 1 (Central),MARSHALLTOWN,MARSHALL,IA 14,IA 14/S CENTER ST & W HIGH ST & E HIGH ST,Collision with fixed object:  Utility pole/light support,On Roadway,Non-collision (single vehicle),Other (explain in narrative):  No improper action,None Indicated,,Daylight,Ice/frost,Clear,"Surface condition (e.g., wet, icy)",Intersection:  Four-way intersection,Paved,,Possible/Unknown,0,1,0,0,1,0,7000,1,1,,POINT (-92.912794950729 42.036378690707)
2014787440,20140004878,02/21/2014,02-February,6-Friday,16:11,1600 Hours,District 1 (Central),DES MOINES,POLK,,E HULL AVE & E 40TH CT,Collision with:  Vehicle in traffic,On Roadway,"Angle, oncoming left turn",Other (explain in narrative):  Other,None Indicated,,Daylight,Wet,Clear,None apparent,Non-intersection:  Non-junction/no special feature,Paved,,Property Damage Only,0,0,0,0,0,0,4000,2,12,,POINT (-93.53663347703 41.623209118901)
2014787381,14-0830,02/21/2014,02-February,6-Friday,17:25,1700 Hours,District 6 (East Central),HIAWATHA,LINN,,BOYSON RD,Collision with:  Vehicle in traffic,On Roadway,Rear-end (front to rear),Driver Distraction:  Manual operation of an electronic communication device,None Indicated,,Daylight,Dry,Cloudy,None apparent,Non-intersection:  Non-junction/no special feature,Paved,,Property Damage Only,0,0,0,0,0,0,3300,2,3,,POINT (-91.671367375691 42.047706896142)
2014787435,20140004884,02/21/2014,02-February,6-Friday,16:45,1600 Hours,District 1 (Central),DES MOINES,POLK,IA 163,IA 163/E UNIVERSITY AVE & E 29TH ST,Collision with:  Vehicle in traffic,On Roadway,Rear-end (front to rear),Other (explain in narrative):  Other,None Indicated,,Daylight,Dry,Cloudy,None apparent,Non-intersection:  Non-junction/no special feature,Paved,,Property Damage Only,0,0,0,0,0,0,6500,3,3,,POINT (-93.561189170943 41.600510748872)
2014790331,2014012719,02/21/2014,02-February,6-Friday,01:50,0100 Hours,District 6 (East Central),CORALVILLE,JOHNSON,I-80,I-80 & I-380 & US 218,Collision with:  Vehicle in traffic,On Roadway,"Sideswipe, same direction",Ran off road - left,None Indicated,,Dark - roadway not lighted,Ice/frost,Snow,None apparent,Non-intersection:  Other non-intersection (explain in narrative),Paved,,Property Damage Only,0,0,0,0,0,0,10500,2,2,,POINT (-91.63824064037 41.694350358916)
2014787313,14001514,02/21/2014,02-February,6-Friday,18:56,1800 Hours,District 6 (East Central),,DELAWARE,,Co Rd D22/210TH ST & Co Rd X47/300TH AVE,Collision with fixed object:  Ditch,Outside trafficway,Non-collision (single vehicle),Ran Stop Sign,None Indicated,,Dark - roadway lighted,Dry,Clear,None apparent,Intersection:  T-intersection,Paved,,Property Damage Only,0,0,0,0,0,0,3000,1,1,,POINT (-91.208283543357 42.485316695444)
2014787113,14-1139,02/21/2014,02-February,6-Friday,06:50,0600 Hours,District 1 (Central),DES MOINES,POLK,IA 415,IA 415/2ND AVE,Non-collision events:  Overturn/rollover,On Roadway,Non-collision (single vehicle),Ran off road - right,None Indicated,,Daylight,Ice/frost,Clear,"Surface condition (e.g., wet, icy)",Non-intersection:  Non-junction/no special feature,Paved,,Property Damage Only,0,0,0,0,0,0,5000,1,1,,POINT (-93.620446184477 41.663274525564)
2014787962,2014001978,02/21/2014,02-February,6-Friday,15:17,1500 Hours,District 6 (East Central),IOWA CITY,JOHNSON,,E BLOOMINGTON ST & N CLINTON ST,Collision with:  Vehicle in traffic,On Roadway,"Sideswipe, same direction",Other (explain in narrative):  Other,None Indicated,,Daylight,Dry,Cloudy,None apparent,Intersection:  T-intersection,Paved,,Property Damage Only,0,0,0,0,0,0,4000,2,7,,POINT (-91.5345700551 41.664712460792)
2014788423,201400008836,02/21/2014,02-February,6-Friday,21:40,2100 Hours,District 5 (Southeast),OTTUMWA,WAPELLO,,RICHMOND AVE & N FERRY ST,Collision with:  Vehicle in traffic,On Roadway,Broadside (front to side),Ran Stop Sign,None Indicated,,Dark - roadway lighted,Dry,Clear,None apparent,Intersection:  Four-way intersection,Paved,,Property Damage Only,0,0,0,0,0,0,4500,2,5,,POINT (-92.432778882503 41.007314799002)
2014788039,20140004861,02/21/2014,02-February,6-Friday,13:50,1300 Hours,District 1 (Central),DES MOINES,POLK,,19TH ST,Collision with:  Vehicle in traffic,On Roadway,Broadside (front to side),Ran Traffic Signal,None Indicated,,Daylight,Wet,Clear,None apparent,Intersection:  Intersection with ramp,Paved,,Possible/Unknown,0,1,0,0,1,0,11000,2,2,,POINT (-93.642544232738 41.596463932962)
2014787114,14-1142,02/21/2014,02-February,6-Friday,08:40,0800 Hours,District 1 (Central),DES MOINES,POLK,,NE 22ND ST & NE 54TH AVE,Collision with:  Vehicle in traffic,On Roadway,Broadside (front to side),Driving too fast for conditions,None Indicated,,Daylight,Ice/frost,Snow,"Surface condition (e.g., wet, icy)",Intersection:  Four-way intersection,Paved,,Property Damage Only,0,0,0,0,0,0,4100,2,2,,POINT (-93.581271285464 41.658678512825)
2014787095,201402554,02/21/2014,02-February,6-Friday,09:35,0900 Hours,District 6 (East Central),CEDAR RAPIDS,LINN,,OAKLAND RD NE,Collision with:  Vehicle in traffic,On Roadway,Broadside (front to side),Lost Control,None Indicated,,Daylight,Ice/frost,Clear,"Surface condition (e.g., wet, icy)",Intersection:  T-intersection,Paved,,Property Damage Only,0,0,0,0,0,0,5500,2,2,,POINT (-91.655724863718 42.015345007102)
2014787410,14-1165,02/21/2014,02-February,6-Friday,16:34,1600 Hours,District 1 (Central),DES MOINES,POLK,IA 415,IA 415/2ND AVE & NW BROADWAY AVE,Collision with:  Vehicle in traffic,Outside trafficway,Broadside (front to side),FTYROW:  From parked position,None Indicated,,Daylight,Wet,Clear,None apparent,Non-intersection:  Non-junction/no special feature,Paved,,Property Damage Only,0,0,0,0,0,0,2500,2,3,,POINT (-93.619973498138 41.644046810927)
2014787142,20140004826,02/21/2014,02-February,6-Friday,00:00,0000 Hours,District 1 (Central),DES MOINES,POLK,,60TH ST,Collision with:  Parked motor vehicle,On Roadway,"Sideswipe, same direction","Operating vehicle in an reckless, erratic, careless, negligent manner",None Indicated,,Dark - roadway lighted,Ice/frost,Cloudy,None apparent,Non-intersection:  Non-junction/no special feature,Paved,,Property Damage Only,0,0,0,0,0,0,2500,2,1,,POINT (-93.699896333183 41.609450754187)
2014788520,C14000562,02/21/2014,02-February,6-Friday,08:48,0800 Hours,District 6 (East Central),CORALVILLE,JOHNSON,US 6,US 6/2ND ST,Collision with:  Vehicle in traffic,On Roadway,Rear-end (front to rear),Followed too close,None Indicated,,Daylight,Dry,Cloudy,None apparent,Non-intersection:  Non-junction/no special feature,Paved,,Possible/Unknown,0,1,0,0,1,0,3400,2,4,,POINT (-91.563680762393 41.668178359958)
2014787291,14002722,02/21/2014,02-February,6-Friday,17:21,1700 Hours,District 2 (Northeast),MASON CITY,CERRO GORDO,US 65,US 65/S FEDERAL AVE & IA 122/6TH ST SW/6TH ST SE,Collision with:  Vehicle in traffic,Roadside,Rear-end (front to rear),Followed too close,Alcohol (Statutory),,Daylight,Wet,Clear,None apparent,Intersection:  Four-way intersection,Paved,,Minor Injury,0,2,0,2,0,0,4500,2,2,,POINT (-93.201070475539 43.146255066673)
2014787348,14-4316,02/21/2014,02-February,6-Friday,06:00,0600 Hours,District 1 (Central),,JASPER,IA 14,IA 14/IOWA 14 N,Collision with fixed object:  Guardrail - face,On Roadway,Non-collision (single vehicle),Driving too fast for conditions,None Indicated,,Dark - roadway not lighted,Ice/frost,Cloudy,None apparent,Non-intersection:  Other non-intersection (explain in narrative),Paved,,Property Damage Only,0,0,0,0,0,0,5250,1,1,,POINT (-92.922456685793 41.830175582683)
2014787442,20140004897,02/21/2014,02-February,6-Friday,18:56,1800 Hours,District 1 (Central),DES MOINES,POLK,,2ND AVE,Collision with:  Vehicle in traffic,On Roadway,Rear-end (front to rear),Improper or erratic lane changing,None Indicated,,Dark - roadway lighted,Dry,Clear,None apparent,Non-intersection:  Non-junction/no special feature,Paved,,Property Damage Only,0,0,0,0,0,0,2500,2,6,,POINT (-93.619951473401 41.620448109262)
2014787805,14-0385,02/21/2014,02-February,6-Friday,17:20,1700 Hours,District 1 (Central),URBANDALE,POLK,,NW URBANDALE DR,Collision with:  Vehicle in traffic,On Roadway,Broadside (front to side),FTYROW:  Other (explain in narrative),None Indicated,,Daylight,Wet,Cloudy,None apparent,Intersection:  T-intersection,Paved,,Property Damage Only,0,0,0,0,0,0,7000,3,4,,POINT (-93.77226213146 41.647402916229)
2014787268,W14-017730,02/21/2014,02-February,6-Friday,16:54,1600 Hours,District 2 (Northeast),WATERLOO,BLACK HAWK,,E 4TH ST,Collision with fixed object:  Other fixed object (explain in narrative),On Roadway,Non-collision (single vehicle),Disregarded RR Signal,None Indicated,,Daylight,Wet,Clear,None apparent,Non-intersection:  Railroad grade crossing,Paved,,Property Damage Only,0,0,0,0,0,0,6895,1,1,,POINT (-92.332764854406 42.507143857764)
2014787608,14-000851,02/21/2014,02-February,6-Friday,13:50,1300 Hours,District 1 (Central),AMES,STORY,,LINCOLN SWING & S DAKOTA AVE,Collision with:  Vehicle in traffic,On Roadway,Rear-end (front to rear),Improper Backing,None Indicated,,Daylight,Wet,Clear,None apparent,Intersection:  Four-way intersection,Paved,,Property Damage Only,0,0,0,0,0,0,1750,2,3,,POINT (-93.678726124955 42.02229122472)
2014787646,2014012930,02/21/2014,02-February,6-Friday,13:30,1300 Hours,District 2 (Northeast),,FRANKLIN,I-35,I-35,Non-collision events:  Jackknife,On Roadway,Non-collision (single vehicle),Driving too fast for conditions,None Indicated,,Daylight,Ice/frost,Clear,"Surface condition (e.g., wet, icy)",Non-intersection:  Non-junction/no special feature,Paved,,Property Damage Only,0,0,0,0,0,0,2000,1,1,,POINT (-93.402915731903 42.74028282151)
2014787549,2014-11225,02/21/2014,02-February,6-Friday,08:55,0800 Hours,District 6 (East Central),DAVENPORT,SCOTT,,JERSEY RIDGE RD,Collision with fixed object:  Utility pole/light support,Outside trafficway,Non-collision (single vehicle),Swerving/Evasive Action,None Indicated,,Daylight,Ice/frost,Cloudy,"Surface condition (e.g., wet, icy)",Non-intersection:  Non-junction/no special feature,Paved,,Property Damage Only,0,0,0,0,0,0,2000,1,1,,POINT (-90.54222070612 41.535407457218)
2014788451,2014012809,02/21/2014,02-February,6-Friday,09:00,0900 Hours,District 1 (Central),,HAMILTON,I-35,I-35,Collision with fixed object:  Other fixed object (explain in narrative),On Roadway,Non-collision (single vehicle),Lost Control,None Indicated,,Daylight,Ice/frost,Severe winds,"Surface condition (e.g., wet, icy)",Non-intersection:  Non-junction/no special feature,Paved,,Possible/Unknown,0,1,0,0,1,0,3500,1,1,,POINT (-93.570456382553 42.258803041765)
2014787250,,02/21/2014,02-February,6-Friday,07:30,0700 Hours,District 6 (East Central),TIFFIN,JOHNSON,US 6,US 6 & ROBERTS FERRY RD,Collision with:  Vehicle in traffic,On Roadway,Rear-end (front to rear),Followed too close,None Indicated,,Daylight,Dry,Cloudy,None apparent,Intersection:  T-intersection,Paved,,Property Damage Only,0,0,0,0,0,0,4500,2,2,,POINT (-91.666623089975 41.707229764195)
2014787321,01-14-7557,02/21/2014,02-February,6-Friday,22:31,2200 Hours,District 6 (East Central),DUBUQUE,DUBUQUE,,E 16TH ST & ELM ST,Collision with:  Vehicle in traffic,On Roadway,"Angle, oncoming left turn",FTYROW:  Making left turn,None Indicated,,Dark - roadway lighted,Dry,Cloudy,None apparent,Intersection:  Four-way intersection,Paved,,Property Damage Only,0,0,0,0,0,0,3500,2,3,,POINT (-90.664691043842 42.509160204335)
2014787151,14-0906,02/21/2014,02-February,6-Friday,07:58,0700 Hours,District 1 (Central),WEST DES MOINES,POLK,I-235,I-235,Collision with:  Vehicle in traffic,On Roadway,Rear-end (front to rear),Driving too fast for conditions,None Indicated,,Daylight,Dry,Clear,None apparent,Non-intersection:  Non-junction/no special feature,Paved,,Property Damage Only,0,0,0,0,0,0,3000,2,3,,POINT (-93.734034567988 41.593033880892)
2014787626,14-5256,02/21/2014,02-February,6-Friday,17:30,1700 Hours,District 3 (Northwest),SIOUX CITY,WOODBURY,,5TH ST & COURT ST,Collision with:  Vehicle in traffic,On Roadway,Rear-end (front to rear),Ran Traffic Signal,None Indicated,,Dark - roadway lighted,Dry,Clear,None apparent,Intersection:  Other intersection (explain in narrative),Paved,,Property Damage Only,0,0,0,0,0,0,1700,3,3,,POINT (-96.396419145572 42.495309244319)
2014787508,14-007062,02/21/2014,02-February,6-Friday,19:15,1900 Hours,District 4 (Southwest),COUNCIL BLUFFS,POTTAWATTAMIE,I-29,I-29 & IA 92/OMAHA BRIDGE RD,Collision with:  Vehicle in traffic,On Roadway,"Angle, oncoming left turn",Made improper turn,None Indicated,,Dark - roadway lighted,Dry,Clear,None apparent,Non-intersection:  Non-junction/no special feature,Paved,,Property Damage Only,0,0,0,0,0,0,9000,2,4,,POINT (-95.831167784789 41.221368386758)
2014787539,2014-11243,02/21/2014,02-February,6-Friday,11:03,1100 Hours,District 6 (East Central),DAVENPORT,SCOTT,US 6,US 6/E KIMBERLY RD,Collision with:  Vehicle in traffic,On Roadway,Rear-end (front to rear),Lost Control,None Indicated,,Daylight,Dry,Clear,None apparent,Non-intersection:  Non-junction/no special feature,Paved,,Property Damage Only,0,0,0,0,0,0,2200,2,2,,POINT (-90.55213764519 41.556901177895)
2014787550,2014-11231,02/21/2014,02-February,6-Friday,09:49,0900 Hours,District 6 (East Central),DAVENPORT,SCOTT,,E LOCUST ST & IOWA ST,Collision with:  Vehicle in traffic,On Roadway,Rear-end (front to rear),Lost Control,None Indicated,,Daylight,Ice/frost,Clear,None apparent,Intersection:  Four-way intersection,Paved,,Property Damage Only,0,0,0,0,0,0,3500,2,2,,POINT (-90.569646701049 41.538269310055)
2014787122,20140004829,02/21/2014,02-February,6-Friday,08:25,0800 Hours,District 1 (Central),DES MOINES,POLK,US 69,US 69/SE 14TH ST & E THORNTON AVE,Collision with:  Vehicle in traffic,On Roadway,Broadside (front to side),Ran Stop Sign,None Indicated,,Daylight,Ice/frost,Clear,None apparent,Intersection:  T-intersection,Paved,,Property Damage Only,0,0,0,0,0,0,3500,2,2,,POINT (-93.596855065897 41.551241464175)
2014787416,14-000836,02/21/2014,02-February,6-Friday,08:20,0800 Hours,District 1 (Central),ANKENY,POLK,,SE MAGAZINE RD,Collision with:  Vehicle in traffic,On Roadway,Head-on (front to front),Crossed centerline (undivided),None Indicated,,Daylight,Ice/frost,Clear,"Surface condition (e.g., wet, icy)",Non-intersection:  Non-junction/no special feature,Paved,,Property Damage Only,0,0,0,0,0,0,5700,2,5,,POINT (-93.599134966957 41.717367125126)
2014789079,,02/21/2014,02-February,6-Friday,21:45,2100 Hours,District 4 (Southwest),ADEL,DALLAS,US 6,US 6/HWY 169,,On Roadway,Non-collision (single vehicle),Ran off road - right,None Indicated,,Dark - roadway not lighted,Other (explain in narrative),Clear,"Surface condition (e.g., wet, icy)",Non-intersection:  Non-junction/no special feature,Paved,,Possible/Unknown,0,1,0,0,1,0,3000,1,1,,POINT (-94.014583769906 41.606978020853)
2014788593,2014012865,02/21/2014,02-February,6-Friday,10:45,1000 Hours,District 2 (Northeast),,CERRO GORDO,I-35,I-35,Non-collision events:  Other non-collision (explain in narrative),On Roadway,Non-collision (single vehicle),Driving too fast for conditions,None Indicated,,Daylight,Ice/frost,"Blowing sand, soil, dirt","Surface condition (e.g., wet, icy)","Interchange-related:  Off-ramp, diverge area",Paved,,Property Damage Only,0,0,0,0,0,0,10000,1,1,,POINT (-93.342698592391 43.063559586773)
2014787944,14-001784,02/21/2014,02-February,6-Friday,13:22,1300 Hours,District 2 (Northeast),,FAYETTE,,Co Rd W33/K AVE,Collision with fixed object:  Ditch,On Roadway,Non-collision (single vehicle),Crossed centerline (undivided),None Indicated,,Daylight,Ice/frost,Cloudy,None apparent,Non-intersection:  Non-junction/no special feature,Paved,,Minor Injury,0,1,0,1,0,0,5000,1,1,,POINT (-91.804291361325 42.755723010961)
2014787518,S79140061,02/21/2014,02-February,6-Friday,05:15,0500 Hours,District 1 (Central),,POWESHIEK,US 63,US 63,Collision with:  Animal,,,Animal,None Indicated,,,,,,,Paved,,Property Damage Only,0,0,0,0,0,0,3800,1,1,,POINT (-92.55226189314 41.613825881262)
2014787374,201402584,02/21/2014,02-February,6-Friday,19:13,1900 Hours,District 6 (East Central),CEDAR RAPIDS,LINN,IA 100,IA 100/COLLINS RD NE,Collision with:  Vehicle in traffic,On Roadway,Rear-end (front to rear),Driver Distraction:  Passenger,None Indicated,,Dark - roadway lighted,Dry,Cloudy,None apparent,Non-intersection:  Non-junction/no special feature,Paved,,Property Damage Only,0,0,0,0,0,0,2000,2,6,,POINT (-91.622995889515 42.027079545075)
2014808055,2014012860,02/21/2014,02-February,6-Friday,09:56,0900 Hours,District 2 (Northeast),,BREMER,US 218,US 218,Non-collision events:  Jackknife,On Roadway,Non-collision (single vehicle),Ran off road - right,None Indicated,,Daylight,Ice/frost,Clear,"Surface condition (e.g., wet, icy)",Non-intersection:  Non-junction/no special feature,Paved,,Property Damage Only,0,0,0,0,0,0,8000,1,2,,POINT (-92.534190701041 42.759703217447)
2014787402,S14-0938,02/21/2014,02-February,6-Friday,00:05,0000 Hours,District 3 (Northwest),,OBRIEN,,Co Rd B62/500TH ST,Collision with fixed object:  Ditch,Outside trafficway,Non-collision (single vehicle),Swerving/Evasive Action,None Indicated,,Dark - roadway not lighted,Ice/frost,Snow,"Surface condition (e.g., wet, icy)",Non-intersection:  Non-junction/no special feature,Paved,,Property Damage Only,0,0,0,0,0,0,2000,1,1,,POINT (-95.600053008377 42.924709324538)
2014787605,14-000846,02/21/2014,02-February,6-Friday,09:38,0900 Hours,District 1 (Central),AMES,STORY,,ONTARIO ST & IDAHO AVE,Collision with:  Vehicle in traffic,On Roadway,Broadside (front to side),FTYROW:  From stop sign,None Indicated,,Daylight,Ice/frost,Clear,"Surface condition (e.g., wet, icy)",Intersection:  Y-intersection,Paved,,Property Damage Only,0,0,0,0,0,0,6500,2,2,,POINT (-93.684026937942 42.034517678583)
2014787148,20140004831,02/21/2014,02-February,6-Friday,08:39,0800 Hours,District 1 (Central),DES MOINES,POLK,US 6,US 6/E EUCLID AVE,Collision with:  Vehicle in traffic,On Roadway,"Sideswipe, same direction",Driving too fast for conditions,None Indicated,,Daylight,Ice/frost,Cloudy,"Surface condition (e.g., wet, icy)",Non-intersection:  Non-junction/no special feature,Paved,,Property Damage Only,0,0,0,0,0,0,2000,2,2,,POINT (-93.610849209366 41.627702594258)
2014793855,2014-03452,02/21/2014,02-February,6-Friday,19:24,1900 Hours,District 5 (Southeast),INDIANOLA,WARREN,,W IOWA AVE,Collision with:  Parked motor vehicle,On Roadway,Rear-end (front to rear),Lost Control,None Indicated,,Dark - roadway lighted,Slush,Clear,None apparent,Non-intersection:  Non-junction/no special feature,Paved,,Property Damage Only,0,0,0,0,0,0,5000,2,1,,POINT (-93.567580498867 41.369384930061)
2014844623,2014-000458,02/21/2014,02-February,6-Friday,06:00,0600 Hours,District 2 (Northeast),POSTVILLE,ALLAMAKEE,,WILLIAMS ST & WEST ST,Collision with:  Vehicle in traffic,On Roadway,"Sideswipe, same direction",FTYROW:  From stop sign,None Indicated,,Dawn,Ice/frost,Snow,"Surface condition (e.g., wet, icy)",Intersection:  T-intersection,Paved,,Property Damage Only,0,0,0,0,0,0,5000,2,2,,POINT (-91.578132820731 43.08552209169)
2014788960,14-000860,02/21/2014,02-February,6-Friday,22:27,2200 Hours,District 1 (Central),AMES,STORY,,LINCOLN WAY & S DAKOTA AVE & N DAKOTA AVE,Collision with:  Vehicle in traffic,On Roadway,Broadside (front to side),FTYROW:  Making left turn,None Indicated,,Dark - roadway lighted,Ice/frost,Clear,"Surface condition (e.g., wet, icy)",Intersection:  Four-way intersection,Paved,,Property Damage Only,0,0,0,0,0,0,4500,2,4,,POINT (-93.678721326334 42.022975750904)
2014787181,14-0527,02/21/2014,02-February,6-Friday,14:15,1400 Hours,District 1 (Central),FORT DODGE,WEBSTER,,1ST AVE S & S 15TH ST,Collision with:  Vehicle in traffic,On Roadway,"Angle, oncoming left turn",FTYROW:  Making left turn,None Indicated,,Daylight,Wet,Cloudy,None apparent,Intersection:  Four-way intersection,Paved,,Property Damage Only,0,0,0,0,0,0,4150,2,2,,POINT (-94.17770243561 42.505097065513)
2014787274,14-2994,02/21/2014,02-February,6-Friday,07:12,0700 Hours,District 2 (Northeast),,BREMER,IA 3,IA 3/IOWA 3,Collision with:  Vehicle in traffic,On Roadway,Rear-end (front to rear),Other (explain in narrative):  Other,None Indicated,,Daylight,Ice/frost,"Blowing sand, soil, dirt","Surface condition (e.g., wet, icy)",Non-intersection:  Driveway access (within),Paved,,Property Damage Only,0,0,0,0,0,0,5500,2,3,,POINT (-92.229778720232 42.714996451285)
2014787603,14-000840,02/21/2014,02-February,6-Friday,07:50,0700 Hours,District 1 (Central),AMES,STORY,US 30,US 30 & Co Rd R38/510TH AVE/SOUTH DAKOTA AVE,Collision with:  Vehicle in traffic,On Roadway,"Sideswipe, same direction",Driving too fast for conditions,None Indicated,,Daylight,Ice/frost,Clear,"Surface condition (e.g., wet, icy)",Non-intersection:  Other non-intersection (explain in narrative),Paved,,Property Damage Only,0,0,0,0,0,0,7000,2,2,,POINT (-93.678687732734 42.00845735034)
2014796138,AC14-011,02/21/2014,02-February,6-Friday,17:20,1700 Hours,District 4 (Southwest),HARLAN,SHELBY,IA 44,IA 44/CHATBURN AVE,Collision with:  Vehicle in traffic,On Roadway,"Angle, oncoming left turn",Crossed centerline (undivided),None Indicated,,Dusk,Dry,Clear,None apparent,Non-intersection:  Non-junction/no special feature,Paved,,Property Damage Only,0,0,0,0,0,0,4000,2,4,,POINT (-95.337023868656 41.646057255146)
2014787230,14-000966,02/21/2014,02-February,6-Friday,10:50,1000 Hours,District 2 (Northeast),ALGONA,KOSSUTH,,E MC GREGOR ST & S MINNESOTA ST,Collision with:  Vehicle in traffic,On Roadway,Rear-end (front to rear),Driving too fast for conditions,None Indicated,,Daylight,Ice/frost,Clear,"Surface condition (e.g., wet, icy)",Intersection:  Four-way intersection,Paved,,Property Damage Only,0,0,0,0,0,0,2000,2,3,,POINT (-94.231781225695 43.066898268471)
2014787772,2014001577,02/21/2014,02-February,6-Friday,16:00,1600 Hours,District 1 (Central),MARSHALLTOWN,MARSHALL,,E MAIN ST,Collision with:  Parked motor vehicle,On Roadway,Unknown,Unknown,None Indicated,,Daylight,Slush,Clear,None apparent,Non-intersection:  Non-junction/no special feature,Paved,,Property Damage Only,0,0,0,0,0,0,2000,2,1,,POINT (-92.912185356852 42.049158590954)
2014787461,20140004895,02/21/2014,02-February,6-Friday,18:25,1800 Hours,District 1 (Central),DES MOINES,POLK,US 69,US 69/SE 14TH ST & E DIEHL AVE,Collision with:  Vehicle in traffic,On Roadway,"Angle, oncoming left turn",Made improper turn,None Indicated,,Dark - roadway lighted,Wet,Cloudy,None apparent,Non-intersection:  Non-junction/no special feature,Paved,,Possible/Unknown,0,1,0,0,1,0,7600,2,3,,POINT (-93.596792107628 41.532659673588)
2014787672,14-0976,02/21/2014,02-February,6-Friday,15:50,1500 Hours,District 2 (Northeast),,KOSSUTH,,Co Rd P60/190 AVE,Collision with fixed object:  Ditch,On Roadway,Non-collision (single vehicle),Crossed centerline (undivided),None Indicated,,Daylight,Ice/frost,Clear,"Surface condition (e.g., wet, icy)",Non-intersection:  Non-junction/no special feature,Paved,,Minor Injury,0,3,0,1,2,0,10000,1,3,,POINT (-94.089370995559 43.041102891705)
2014787267,W14-017615,02/21/2014,02-February,6-Friday,10:37,1000 Hours,District 2 (Northeast),WATERLOO,BLACK HAWK,,DOWNING AVE & ST ANDREWS AVE,Collision with:  Vehicle in traffic,On Roadway,"Sideswipe, same direction",FTYROW:  From stop sign,None Indicated,,Daylight,Ice/frost,Clear,None apparent,Intersection:  T-intersection,Paved,,Property Damage Only,0,0,0,0,0,0,6000,3,4,,POINT (-92.393998211982 42.494839820765)
2014787408,14-1173,02/21/2014,02-February,6-Friday,22:12,2200 Hours,District 1 (Central),DES MOINES,POLK,,Co Rd R56/NW 6TH DR,Collision with fixed object:  Ditch,On Roadway,Non-collision (single vehicle),"Operating vehicle in an reckless, erratic, careless, negligent manner",Refused,,Dark - roadway lighted,Ice/frost,Clear,"Surface condition (e.g., wet, icy)",Non-intersection:  Non-junction/no special feature,Paved,,Property Damage Only,0,0,0,0,0,0,3000,1,1,,POINT (-93.628573144262 41.656601113361)