Iowa DOT Case Number,Law Enforcement Case Number,Date of Crash,Month of Crash,Day of Week,Time of Crash,Hour,DOT District,City Name,County Name,Route with System,Location Description,First Harmful Event,Location of First Harmful Event,Manner of Crash/Collision,Major Cause,Drug or Alcohol ,Environmental Conditions,Light Conditions,Surface Conditions,Weather Conditions,Roadway Contribution,Roadway Type,Roadway Surface,Work Zone,Crash Severity,Number of Fatalities,Number of Injuries,Number of Major Injuries,Number of Minor Injuries,Number of Possible Injuries,Number of Unknown Injuries,Amount of Property Damage,Number of Vehicles Involved,Total Number of Occupants,Travel Direction,Location
2014789074,,02/22/2014,02-February,7-Saturday,17:34,1700 Hours,District 3 (Northwest),,POCAHONTAS,IA 4,IA 4/220TH AVE & 410TH ST,Collision with:  Vehicle in traffic,On Roadway,Rear-end (front to rear),Followed too close,None Indicated,,Dusk,Dry,Cloudy,None apparent,Non-intersection:  Non-junction/no special feature,Paved,,Possible/Unknown,0,1,0,0,1,0,1700,2,5,,POINT (-94.678804998871 42.892686743343)
2014787431,20140004948,02/22/2014,02-February,7-Saturday,11:26,1100 Hours,District 1 (Central),DES MOINES,POLK,,WATSON POWELL JR WAY & 3RD ST,Collision with:  Vehicle in traffic,On Roadway,"Sideswipe, same direction",Made improper turn,None Indicated,,Daylight,Dry,Clear,None apparent,Intersection:  Four-way intersection,Paved,,Property Damage Only,0,0,0,0,0,0,3500,2,3,,POINT (-93.621444611699 41.58967136506)
2014788961,14-000888,02/22/2014,02-February,7-Saturday,22:59,2200 Hours,District 1 (Central),AMES,STORY,,UNIVERSITY BLVD & S 4TH ST,Collision with:  Vehicle in traffic,On Roadway,"Angle, oncoming left turn",FTYROW:  Making left turn,None Indicated,,Dark - roadway lighted,Dry,Clear,None apparent,Intersection:  Four-way intersection,Paved,,Property Damage Only,0,0,0,0,0,0,4000,2,3,,POINT (-93.632283833913 42.016287872545)
2014788118,14-2043,02/22/2014,02-February,7-Saturday,20:00,2000 Hours,District 3 (Northwest),,SIOUX,,Co Rd K22/DIPPER AVE,Collision with:  Non-motorist (see non-motorist section - NOT a unit),On Roadway,Non-collision (single vehicle),Other (explain in narrative):  No improper action,None Indicated,,Dark - roadway not lighted,Dry,Clear,None apparent,Non-intersection:  Non-junction/no special feature,Paved,,Minor Injury,0,1,0,1,0,0,0,1,1,,POINT (-96.371239336896 42.968714307799)
2014787488,14-0930,02/22/2014,02-February,7-Saturday,10:29,1000 Hours,District 1 (Central),WEST DES MOINES,POLK,,UNIVERSITY AVE,Collision with:  Vehicle in traffic,On Roadway,Rear-end (front to rear),Followed too close,None Indicated,,Daylight,Dry,Clear,None apparent,Intersection:  Four-way intersection,Paved,,Property Damage Only,0,0,0,0,0,0,2000,2,4,,POINT (-93.753150222127 41.600440269704)
2014790462,2014-11494,02/22/2014,02-February,7-Saturday,20:37,2000 Hours,District 6 (East Central),DAVENPORT,SCOTT,,JACKSON AVE & S CLARK ST,Collision with:  Vehicle in traffic,On Roadway,Broadside (front to side),Driving too fast for conditions,None Indicated,,Dark - roadway lighted,Ice/frost,Clear,"Surface condition (e.g., wet, icy)",Non-intersection:  Non-junction/no special feature,Paved,,Property Damage Only,0,0,0,0,0,0,10000,3,3,,POINT (-90.619876613149 41.513327864951)
2014787325,01-14-7661,02/22/2014,02-February,7-Saturday,18:30,1800 Hours,District 6 (East Central),DUBUQUE,DUBUQUE,IA 946,IA 946/IOWA 946,Collision with:  Vehicle in traffic,On Roadway,Rear-end (front to rear),Lost Control,None Indicated,,Dark - roadway lighted,Dry,Clear,None apparent,Non-intersection:  Non-junction/no special feature,Paved,,Property Damage Only,0,0,0,0,0,0,4000,2,3,,POINT (-90.663791752045 42.494094155565)
2014787447,20140004960,02/22/2014,02-February,7-Saturday,08:00,0800 Hours,District 1 (Central),DES MOINES,POLK,,51ST ST,Collision with:  Parked motor vehicle,Roadside,Rear-end (front to rear),Improper Backing,None Indicated,,Unknown,Wet,Cloudy,None apparent,Non-intersection:  Non-junction/no special feature,Paved,,Property Damage Only,0,0,0,0,0,0,2000,2,1,,POINT (-93.68900325315 41.636916405894)
2014790952,02-13-3116,02/22/2014,02-February,7-Saturday,00:15,0000 Hours,District 6 (East Central),DUBUQUE,DUBUQUE,,W 32ND ST,Collision with fixed object:  Ditch,On Roadway,Non-collision (single vehicle),Exceeded authorized speed,Alcohol (< Statutory),,Dark - roadway not lighted,Dry,Cloudy,None apparent,Non-intersection:  Non-junction/no special feature,Paved,,Property Damage Only,0,0,0,0,0,0,2000,1,2,,POINT (-90.706121025642 42.526161746563)
2014787966,2014002047,02/22/2014,02-February,7-Saturday,19:25,1900 Hours,District 6 (East Central),IOWA CITY,JOHNSON,,BARTLETT RD & MORMON TREK BLVD,Collision with:  Vehicle in traffic,On Roadway,Rear-end (front to rear),Other (explain in narrative):  Other,None Indicated,,Dark - roadway lighted,Dry,Clear,None apparent,Non-intersection:  Non-junction/no special feature,Paved,,Property Damage Only,0,0,0,0,0,0,2500,2,4,,POINT (-91.57400987158 41.652995317059)
2014787303,140478,02/22/2014,02-February,7-Saturday,14:35,1400 Hours,District 3 (Northwest),DENISON,CRAWFORD,,1ST AVE S & S 16TH ST,Collision with:  Vehicle in traffic,Roadside,Broadside (front to side),Other (explain in narrative):  Other,None Indicated,,Daylight,Dry,Clear,None apparent,Non-intersection:  Non-junction/no special feature,Paved,,Property Damage Only,0,0,0,0,0,0,3700,2,2,,POINT (-95.349690609269 42.015606758086)
2014787269,W14-017987,02/22/2014,02-February,7-Saturday,10:44,1000 Hours,District 2 (Northeast),WATERLOO,BLACK HAWK,,W 5TH ST & GRANT AVE & W 4TH ST,Collision with:  Vehicle in traffic,On Roadway,Broadside (front to side),Ran Traffic Signal,None Indicated,,Daylight,Dry,Clear,None apparent,Intersection:  Four-way intersection,Paved,,Property Damage Only,0,0,0,0,0,0,6000,2,4,,POINT (-92.346297932479 42.489804575364)
2014788326,CL14000529,02/22/2014,02-February,7-Saturday,10:06,1000 Hours,District 6 (East Central),CLINTON,CLINTON,,9TH AVE S,Collision with:  Parked motor vehicle,On Roadway,"Sideswipe, same direction",Over correcting/over steering,None Indicated,,Daylight,Dry,Clear,None apparent,Non-intersection:  Non-junction/no special feature,Paved,,Property Damage Only,0,0,0,0,0,0,1800,2,1,,POINT (-90.196280911363 41.836552902958)
2014788868,20140004961,02/22/2014,02-February,7-Saturday,14:03,1400 Hours,District 1 (Central),DES MOINES,POLK,I-235,I-235,Collision with fixed object:  Concrete traffic barrier (median or right side),On Roadway,Non-collision (single vehicle),Driving too fast for conditions,None Indicated,,Daylight,Wet,Clear,None apparent,"Interchange-related:  Off-ramp, diverge area",Paved,,Minor Injury,0,1,0,1,0,0,10000,1,1,,POINT (-93.633427000973 41.595451672994)
2014787430,20140004947,02/22/2014,02-February,7-Saturday,06:00,0600 Hours,District 1 (Central),DES MOINES,POLK,,GRAY ST & HIGHLAND ST,Collision with:  Parked motor vehicle,On Roadway,Broadside (front to side),Other (explain in narrative):  Other,None Indicated,,Dawn,Ice/frost,Unknown,"Surface condition (e.g., wet, icy)",Non-intersection:  Non-junction/no special feature,Paved,,Property Damage Only,0,0,0,0,0,0,2000,2,0,,POINT (-93.618598691409 41.566790238529)
2014788568,14-000882,02/22/2014,02-February,7-Saturday,15:13,1500 Hours,District 1 (Central),AMES,STORY,US 69,US 69/GRAND AVE & 30TH ST & DUFF AVE,Collision with:  Vehicle in traffic,On Roadway,"Sideswipe, same direction",Ran Traffic Signal,None Indicated,,Daylight,Dry,Clear,None apparent,Intersection:  Four-way intersection,Paved,,Property Damage Only,0,0,0,0,0,0,1600,2,4,,POINT (-93.62058186056 42.051198112449)
2014787428,20140004940,02/22/2014,02-February,7-Saturday,08:28,0800 Hours,District 1 (Central),DES MOINES,POLK,,INGERSOLL AVE,Collision with:  Vehicle in traffic,On Roadway,Rear-end (front to rear),Followed too close,None Indicated,,Daylight,Dry,Cloudy,None apparent,Non-intersection:  Non-junction/no special feature,Paved,,Property Damage Only,0,0,0,0,0,0,3500,2,2,,POINT (-93.652191527564 41.585736029757)
2014787326,01-14-7664,02/22/2014,02-February,7-Saturday,18:39,1800 Hours,District 6 (East Central),DUBUQUE,DUBUQUE,,E 7TH ST & WHITE ST,Collision with:  Vehicle in traffic,On Roadway,"Sideswipe, same direction",Made improper turn,None Indicated,,Dark - roadway lighted,Dry,Clear,None apparent,Intersection:  Four-way intersection,Paved,,Property Damage Only,0,0,0,0,0,0,2250,2,2,,POINT (-90.663695456194 42.500927151776)
2014787895,,02/22/2014,02-February,7-Saturday,13:15,1300 Hours,District 3 (Northwest),,POCAHONTAS,IA 4,IA 4/220TH AVE & Co Rd C49/570TH ST,Collision with:  Vehicle in traffic,On Roadway,Broadside (front to side),Ran Stop Sign,None Indicated,,Daylight,Dry,Clear,None apparent,Intersection:  Other intersection (explain in narrative),Paved,,Possible/Unknown,0,2,0,0,2,0,20000,2,5,,POINT (-94.678377416898 42.659676072587)
2014787270,W14-018101,02/22/2014,02-February,7-Saturday,18:18,1800 Hours,District 2 (Northeast),WATERLOO,BLACK HAWK,,E RIDGEWAY AVE & BALTIMORE ST,Collision with:  Vehicle in traffic,On Roadway,Broadside (front to side),FTYROW:  From stop sign,None Indicated,,Dark - roadway lighted,Dry,Clear,None apparent,Intersection:  Four-way intersection,Paved,,Property Damage Only,0,0,0,0,0,0,3000,2,3,,POINT (-92.349612442835 42.469380130517)
2014787467,20140004994,02/22/2014,02-February,7-Saturday,19:07,1900 Hours,District 1 (Central),DES MOINES,POLK,,E PARK AVE,Collision with:  Vehicle in traffic,On Roadway,"Sideswipe, opposite direction",Over correcting/over steering,None Indicated,,Dark - roadway lighted,Other (explain in narrative),Cloudy,"Surface condition (e.g., wet, icy)",Non-intersection:  Non-junction/no special feature,Paved,,Property Damage Only,0,0,0,0,0,0,3000,2,4,,POINT (-93.591855987964 41.555302580467)
2014788492,14002761,02/22/2014,02-February,7-Saturday,13:21,1300 Hours,District 2 (Northeast),MASON CITY,CERRO GORDO,IA 122,IA 122/4TH ST SW,Collision with:  Vehicle in traffic,On Roadway,Rear-end (front to rear),Followed too close,None Indicated,,Daylight,Slush,Clear,"Surface condition (e.g., wet, icy)",Non-intersection:  Non-junction/no special feature,Paved,,Property Damage Only,0,0,0,0,0,0,2500,2,3,,POINT (-93.219364973344 43.148364611624)
2014787671,2014013209,02/22/2014,02-February,7-Saturday,19:51,1900 Hours,District 3 (Northwest),,SIOUX,IA 60,IA 60/IOWA 60,Collision with:  Animal,,,Animal,None Indicated,,,,,,,Paved,,Property Damage Only,0,0,0,0,0,0,2500,1,1,,POINT (-95.877215084669 43.149023712662)
2014787466,20140004992,02/22/2014,02-February,7-Saturday,18:30,1800 Hours,District 1 (Central),DES MOINES,POLK,US 6,US 6/E EUCLID AVE & E 30TH ST,Collision with:  Vehicle in traffic,On Roadway,Rear-end (front to rear),Followed too close,None Indicated,,Dark - roadway lighted,Dry,Cloudy,None apparent,Non-intersection:  Non-junction/no special feature,Paved,,Minor Injury,0,1,0,1,0,0,6000,2,2,,POINT (-93.556911095746 41.627706345039)
2014787293,14002781,02/22/2014,02-February,7-Saturday,20:59,2000 Hours,District 2 (Northeast),MASON CITY,CERRO GORDO,,15TH ST SW & S MONROE AVE,Collision with fixed object:  Traffic sign support,Median,Non-collision (single vehicle),Driving too fast for conditions,None Indicated,,Dark - roadway not lighted,Snow,Cloudy,"Surface condition (e.g., wet, icy)",Intersection:  T-intersection,Paved,,Property Damage Only,0,0,0,0,0,0,2400,1,2,,POINT (-93.210816261001 43.137223658522)
2014787513,14-007157,02/22/2014,02-February,7-Saturday,16:42,1600 Hours,District 4 (Southwest),COUNCIL BLUFFS,POTTAWATTAMIE,,25TH AVE & S 18TH ST,Collision with:  Vehicle in traffic,On Roadway,Broadside (front to side),FTYROW:  At uncontrolled intersection,None Indicated,,Daylight,Dry,Clear,None apparent,Non-intersection:  Non-junction/no special feature,Paved,,Property Damage Only,0,0,0,0,0,0,2500,2,3,,POINT (-95.870606918639 41.237260144489)
2014787630,14-5335,02/22/2014,02-February,7-Saturday,12:25,1200 Hours,District 3 (Northwest),SIOUX CITY,WOODBURY,,17TH ST & COURT ST,Collision with:  Vehicle in traffic,On Roadway,"Sideswipe, same direction",FTYROW:  Other (explain in narrative),None Indicated,,Daylight,Dry,Clear,None apparent,Non-intersection:  Non-junction/no special feature,Paved,,Property Damage Only,0,0,0,0,0,0,1500,2,2,,POINT (-96.396033490645 42.508404196623)
2014787846,2014-11359,02/22/2014,02-February,7-Saturday,00:30,0000 Hours,District 6 (East Central),DAVENPORT,SCOTT,,W 2ND ST & TAYLOR ST,Collision with:  Vehicle in traffic,On Roadway,"Angle, oncoming left turn",Ran Stop Sign,None Indicated,,Dark - roadway lighted,Dry,Clear,None apparent,Intersection:  T-intersection,Paved,,Property Damage Only,0,0,0,0,0,0,8000,2,2,,POINT (-90.592033915384 41.521277065069)
2014787324,01-14-7637,02/22/2014,02-February,7-Saturday,15:17,1500 Hours,District 6 (East Central),DUBUQUE,DUBUQUE,,W 10TH ST & LOCUST ST S,Collision with:  Vehicle in traffic,On Roadway,Broadside (front to side),Ran Traffic Signal,None Indicated,,Daylight,Dry,Clear,None apparent,Intersection:  Four-way intersection,Paved,,Property Damage Only,0,0,0,0,0,0,7000,2,3,,POINT (-90.669163717464 42.502128185375)
2014787669,2014013114,02/22/2014,02-February,7-Saturday,08:38,0800 Hours,District 2 (Northeast),,WINNESHIEK,,Co Rd B16/CO RD B16,Collision with fixed object:  Ditch,On Roadway,Non-collision (single vehicle),Swerving/Evasive Action,None Indicated,,Daylight,Ice/frost,Cloudy,"Surface condition (e.g., wet, icy)",Non-intersection:  Non-junction/no special feature,Paved,,Property Damage Only,0,0,0,0,0,0,2000,1,1,,POINT (-91.943458038356 43.201047725874)
2014792357,14025591,02/22/2014,02-February,7-Saturday,10:03,1000 Hours,District 6 (East Central),,JOHNSON,,LINDER RD,Collision with:  Vehicle in traffic,On Roadway,"Sideswipe, opposite direction",Unknown,None Indicated,,Daylight,Ice/frost,Cloudy,"Surface condition (e.g., wet, icy)",Non-intersection:  Non-junction/no special feature,Paved,,Property Damage Only,0,0,0,0,0,0,5200,3,6,,POINT (-91.534195727818 41.690737419474)
2014787395,14-002170,02/22/2014,02-February,7-Saturday,17:04,1700 Hours,District 4 (Southwest),GLENWOOD,MILLS,,HICKORY RIDGE LN,Collision with:  Parked motor vehicle,On Roadway,Unknown,Other (explain in narrative):  No improper action,None Indicated,,Daylight,Dry,Clear,None apparent,Non-intersection:  Non-junction/no special feature,Paved,,Property Damage Only,0,0,0,0,0,0,1500,2,777,,POINT (-95.762335066432 41.044737709151)
2014787536,2014-11448,02/22/2014,02-February,7-Saturday,15:00,1500 Hours,District 6 (East Central),DAVENPORT,SCOTT,US 6,US 6/E KIMBERLY RD & SPRING ST,Collision with:  Vehicle in traffic,On Roadway,Rear-end (front to rear),Followed too close,None Indicated,,Daylight,Dry,Clear,None apparent,Non-intersection:  Non-junction/no special feature,Paved,,Property Damage Only,0,0,0,0,0,0,1600,2,4,,POINT (-90.547737591758 41.556888426314)
2014787769,201400527,02/22/2014,02-February,7-Saturday,14:43,1400 Hours,District 6 (East Central),,LINN,,Co Rd E44/ELLIS RD,Collision with fixed object:  Ditch,On Roadway,Non-collision (single vehicle),Exceeded authorized speed,None Indicated,,Daylight,Dry,Cloudy,None apparent,Non-intersection:  Non-junction/no special feature,Paved,,Minor Injury,0,2,0,1,1,0,7000,1,2,,POINT (-91.74207596539 42.000715808619)
2014787235,,02/22/2014,02-February,7-Saturday,02:00,0200 Hours,District 2 (Northeast),,ALLAMAKEE,,WHITE PINE RD,Collision with fixed object:  Ditch,Outside trafficway,Non-collision (single vehicle),Ran off road - right,Alcohol (Statutory),,Dark - roadway not lighted,Ice/frost,Clear,None apparent,Non-intersection:  Non-junction/no special feature,Unpaved,,Fatal,1,0,0,0,0,0,3000,1,1,,POINT (-91.284805521443 43.202954596927)
2014787629,14-5332,02/22/2014,02-February,7-Saturday,11:58,1100 Hours,District 3 (Northwest),SIOUX CITY,WOODBURY,IA 12,IA 12/GORDON DR & S FAIRMOUNT ST,Collision with:  Vehicle in traffic,On Roadway,Rear-end (front to rear),Followed too close,None Indicated,,Daylight,Dry,Clear,None apparent,Intersection:  Four-way intersection,Paved,,Possible/Unknown,0,2,0,0,2,0,1700,2,3,,POINT (-96.374455859941 42.48987172051)
2014787470,20140004923,02/22/2014,02-February,7-Saturday,01:49,0100 Hours,District 1 (Central),DES MOINES,POLK,,,Collision with:  Parked motor vehicle,Roadside,"Sideswipe, same direction",Unknown,None Indicated,,Dark - roadway lighted,Dry,Cloudy,None apparent,Non-intersection:  Railroad grade crossing,,,Property Damage Only,0,0,0,0,0,0,1500,2,1,,POINT (-96.643700149993 40.233091251414)
2014787481,14-0396,02/22/2014,02-February,7-Saturday,14:30,1400 Hours,District 4 (Southwest),URBANDALE,DALLAS,,147TH ST & MADISON AVE,Collision with fixed object:  Curb/island/raised median,Outside trafficway,Non-collision (single vehicle),Ran off road - straight,None Indicated,,Daylight,Dry,Clear,None apparent,Non-intersection:  Non-junction/no special feature,Paved,,Property Damage Only,0,0,0,0,0,0,3000,1,1,,POINT (-93.822513017784 41.630030838395)
2014788469,14-018024,02/22/2014,02-February,7-Saturday,13:25,1300 Hours,District 2 (Northeast),,BLACK HAWK,I-380,I-380,Collision with fixed object:  Ditch,On Roadway,"Sideswipe, same direction",Swerving/Evasive Action,Alcohol (< Statutory),,Daylight,Dry,Clear,None apparent,Non-intersection:  Non-junction/no special feature,Paved,,Property Damage Only,0,0,0,0,0,0,5000,2,4,,POINT (-92.137864678341 42.392315395448)
2014787731,20140635,02/22/2014,02-February,7-Saturday,15:00,1500 Hours,District 1 (Central),,GRUNDY,,Co Rd T33/M AVE,Collision with fixed object:  Ditch,On Roadway,Non-collision (single vehicle),Ran off road - left,None Indicated,,Daylight,Ice/frost,Clear,"Surface condition (e.g., wet, icy)",Non-intersection:  Non-junction/no special feature,Unpaved,,Property Damage Only,0,0,0,0,0,0,7000,1,1,,POINT (-92.790580719483 42.54438685922)
2014788621,,02/22/2014,02-February,7-Saturday,05:35,0500 Hours,District 1 (Central),,HARDIN,,Co Rd S62/CO HWY S62,Collision with:  Animal,On Roadway,Non-collision (single vehicle),Animal,None Indicated,,,Dry,Clear,,,Paved,,Property Damage Only,0,0,0,0,0,0,3500,1,1,,POINT (-93.086928472895 42.302608077032)
2014788586,2014013121,02/22/2014,02-February,7-Saturday,09:45,0900 Hours,District 2 (Northeast),,WORTH,I-35,I-35,Collision with:  Vehicle in traffic,On Roadway,"Sideswipe, same direction",Swerving/Evasive Action,None Indicated,,Daylight,Ice/frost,Clear,"Surface condition (e.g., wet, icy)",Non-intersection:  Non-junction/no special feature,Paved,,Minor Injury,0,1,0,1,0,0,5000,2,3,,POINT (-93.348762522662 43.320222426946)
2014787460,20140005113,02/22/2014,02-February,7-Saturday,08:00,0800 Hours,District 1 (Central),DES MOINES,POLK,,VANDALIA RD & SE 36TH ST,Non-collision events:  Other non-collision (explain in narrative),Outside trafficway,Non-collision (single vehicle),Unknown,None Indicated,,Unknown,"Mud, dirt",Unknown,Unknown,Non-intersection:  Non-junction/no special feature,Paved,,Property Damage Only,0,0,0,0,0,0,3050,1,1,,POINT (-93.544185760116 41.569130090012)
2014787423,14-000883,02/22/2014,02-February,7-Saturday,21:40,2100 Hours,District 1 (Central),ANKENY,POLK,,NW 36TH ST & NW ASH DR,Collision with:  Vehicle in traffic,On Roadway,Broadside (front to side),Ran Stop Sign,None Indicated,,Dark - roadway not lighted,Dry,Clear,None apparent,Intersection:  Four-way intersection,Paved,,Property Damage Only,0,0,0,0,0,0,9000,2,6,,POINT (-93.609896349815 41.760796402572)
2014788334,14-06024,02/22/2014,02-February,7-Saturday,10:06,1000 Hours,District 5 (Southeast),WEST BURLINGTON,DES MOINES,US 34,US 34/NE RAMP/NW RAMP & S GEAR AVE,Collision with:  Vehicle in traffic,On Roadway,"Sideswipe, same direction",FTYROW:  Other (explain in narrative),None Indicated,,Daylight,Dry,Cloudy,None apparent,Intersection:  Four-way intersection,Paved,,Property Damage Only,0,0,0,0,0,0,3000,2,3,,POINT (-91.170046323983 40.818577327905)
2014790123,2014-03545,02/22/2014,02-February,7-Saturday,18:47,1800 Hours,District 5 (Southeast),INDIANOLA,WARREN,US 65,US 65 & 128TH AVE,Collision with:  Vehicle in traffic,On Roadway,Rear-end (front to rear),Swerving/Evasive Action,None Indicated,,Dark - roadway not lighted,Dry,Clear,None apparent,Non-intersection:  Non-junction/no special feature,Paved,,Property Damage Only,0,0,0,0,0,0,3000,2,3,,POINT (-93.562350102008 41.303492590233)
2014787412,14-000880,02/22/2014,02-February,7-Saturday,15:38,1500 Hours,District 1 (Central),ANKENY,POLK,,SE DELAWARE AVE & SE 68TH ST,Collision with:  Vehicle in traffic,On Roadway,"Sideswipe, same direction",Other (explain in narrative):  Other,None Indicated,,Daylight,Dry,Clear,None apparent,Non-intersection:  Driveway access (within),Paved,,Property Damage Only,0,0,0,0,0,0,4800,2,2,,POINT (-93.581255733268 41.676981091555)
2014787753,C14000579,02/22/2014,02-February,7-Saturday,18:00,1800 Hours,District 6 (East Central),CORALVILLE,JOHNSON,,MUDDY CREEK LN,Collision with:  Parked motor vehicle,On Roadway,Broadside (front to side),Improper Backing,None Indicated,,Dusk,Dry,Cloudy,None apparent,Non-intersection:  Non-junction/no special feature,Paved,,Property Damage Only,0,0,0,0,0,0,2000,2,1,,POINT (-91.578190181553 41.711879800964)
2014788130,14-000878,02/22/2014,02-February,7-Saturday,12:02,1200 Hours,District 1 (Central),AMES,STORY,,LINCOLN WAY & S HYLAND AVE,Collision with:  Vehicle in traffic,On Roadway,"Angle, oncoming left turn",FTYROW:  Making left turn,None Indicated,,Daylight,Dry,Clear,None apparent,Intersection:  Four-way intersection,Paved,,Property Damage Only,0,0,0,0,0,0,10000,2,2,,POINT (-93.655587566162 42.022731938951)
2014787512,14-007141,02/22/2014,02-February,7-Saturday,14:06,1400 Hours,District 4 (Southwest),COUNCIL BLUFFS,POTTAWATTAMIE,,MID AMERICA DR,Collision with:  Vehicle in traffic,On Roadway,Broadside (front to side),Other (explain in narrative):  Other,None Indicated,,Daylight,Dry,Clear,None apparent,Non-intersection:  Non-junction/no special feature,Paved,,Property Damage Only,0,0,0,0,0,0,10000,2,8,,POINT (-95.896681374553 41.239254474821)
2014787283,14002608,02/22/2014,02-February,7-Saturday,21:00,2100 Hours,District 6 (East Central),,CEDAR,,Co Rd X64/OXFORD JCT RD,Collision with fixed object:  Bridge overhead structure,Shoulder,Non-collision (single vehicle),Traveling wrong way or on wrong side of road,Refused,,Dark - roadway not lighted,Dry,Clear,None apparent,Non-intersection:  Other non-intersection (explain in narrative),Paved,,Possible/Unknown,0,2,0,0,2,0,9000,1,2,,POINT (-91.034892940104 41.923797813168)
2014789534,,02/22/2014,02-February,7-Saturday,10:13,1000 Hours,District 2 (Northeast),CLEAR LAKE,CERRO GORDO,US 18,US 18 & N 8TH ST,Collision with:  Vehicle in traffic,On Roadway,Rear-end (front to rear),Other (explain in narrative):  Other,None Indicated,,Daylight,Ice/frost,Clear,"Surface condition (e.g., wet, icy)",Intersection:  Four-way intersection,Paved,,Property Damage Only,0,0,0,0,0,0,2000,2,3,,POINT (-93.378808119877 43.143679539052)
2014787301,1402222621,02/22/2014,02-February,7-Saturday,17:50,1700 Hours,District 6 (East Central),,CLINTON,,Co Rd F64/190 ST & Co Rd Z24/330 AVE,Collision with fixed object:  Traffic sign support,On Roadway,Non-collision (single vehicle),Ran off road - left,None Indicated,,Daylight,Dry,Clear,None apparent,Non-intersection:  Non-junction/no special feature,Paved,,Property Damage Only,0,0,0,0,0,0,1600,1,1,,POINT (-90.460955140288 41.893956526619)
2014788358,14000960,02/22/2014,02-February,7-Saturday,10:24,1000 Hours,District 3 (Northwest),SHELDON,OBRIEN,,2ND AVE & W 7TH ST,Collision with:  Vehicle in traffic,On Roadway,Broadside (front to side),FTYROW:  From stop sign,None Indicated,,Daylight,Dry,Clear,"Surface condition (e.g., wet, icy)",Intersection:  Four-way intersection,Paved,,Property Damage Only,0,0,0,0,0,0,2000,2,3,,POINT (-95.855314208482 43.183347167147)
2014788117,14-2027,02/22/2014,02-February,7-Saturday,14:49,1400 Hours,District 3 (Northwest),,SIOUX,,Co Rd K52/HICKORY AVE & 300TH ST,Collision with:  Vehicle in traffic,On Roadway,Broadside (front to side),FTYROW:  From stop sign,None Indicated,,Daylight,Dry,Clear,None apparent,Intersection:  Four-way intersection,Paved,,Minor Injury,0,4,0,4,0,0,40000,2,4,,POINT (-96.137734823066 43.214804566507)
2014789672,2014-11411,02/22/2014,02-February,7-Saturday,09:39,0900 Hours,District 6 (East Central),DAVENPORT,SCOTT,,S BIRCHWOOD AVE,Collision with:  Vehicle in traffic,On Roadway,Broadside (front to side),FTYROW:  Other (explain in narrative),None Indicated,,Daylight,Dry,Cloudy,None apparent,Non-intersection:  Alley,Paved,,Property Damage Only,0,0,0,0,0,0,6000,2,2,,POINT (-90.617120496427 41.514963979024)
2014788001,14-003933,02/22/2014,02-February,7-Saturday,18:45,1800 Hours,District 5 (Southeast),PELLA,MARION,,Co Rd T15/HWY T15,Collision with:  Animal,On Roadway,Non-collision (single vehicle),Animal,None Indicated,,Dark - roadway not lighted,Dry,Clear,None apparent,Non-intersection:  Non-junction/no special feature,Paved,,Property Damage Only,0,0,0,0,0,0,5700,1,2,,POINT (-92.962449635103 41.397378034687)
2014787463,20140004975,02/22/2014,02-February,7-Saturday,16:24,1600 Hours,District 1 (Central),DES MOINES,POLK,,KEOSAUQUA WAY,,On Roadway,Non-collision (single vehicle),Crossed centerline (undivided),None Indicated,,Daylight,Ice/frost,Clear,"Surface condition (e.g., wet, icy)",Interchange-related:  On-ramp merge area,Paved,,Minor Injury,0,1,0,1,0,0,5000,1,1,,POINT (-93.635733677128 41.595745187168)
2014787390,14-000720,02/22/2014,02-February,7-Saturday,06:00,0600 Hours,District 3 (Northwest),,LYON,,Co Rd A18/140TH ST,Collision with:  Animal,,,Animal,None Indicated,,,,,,,Paved,,Property Damage Only,0,0,0,0,0,0,1500,1,1,,POINT (-96.5764710615 43.447757082343)
2014792283,2014-11345,02/22/2014,02-February,7-Saturday,21:52,2100 Hours,District 6 (East Central),DAVENPORT,SCOTT,,W 49TH ST,Collision with fixed object:  Other fixed object (explain in narrative),Outside trafficway,Non-collision (single vehicle),Ran off road - left,None Indicated,,Dark - roadway lighted,Dry,Clear,None apparent,Non-intersection:  Non-junction/no special feature,Paved,,Property Damage Only,0,0,0,0,0,0,5600,1,1,,POINT (-90.613355515834 41.570095301883)
2014791914,,02/22/2014,02-February,7-Saturday,18:56,1800 Hours,District 5 (Southeast),NICHOLS,MUSCATINE,IA 22,IA 22/IJEM AVE,Collision with:  Parked motor vehicle,Outside trafficway,Rear-end (front to rear),Improper Backing,Alcohol (Statutory),,Dark - roadway lighted,Dry,Clear,None apparent,Non-intersection:  Non-junction/no special feature,Paved,,Property Damage Only,0,0,0,0,0,0,12000,5,1,,POINT (-91.308341835311 41.481134185232)