Iowa DOT Case Number,Law Enforcement Case Number,Date of Crash,Month of Crash,Day of Week,Time of Crash,Hour,DOT District,City Name,County Name,Route with System,Location Description,First Harmful Event,Location of First Harmful Event,Manner of Crash/Collision,Major Cause,Drug or Alcohol ,Environmental Conditions,Light Conditions,Surface Conditions,Weather Conditions,Roadway Contribution,Roadway Type,Roadway Surface,Work Zone,Crash Severity,Number of Fatalities,Number of Injuries,Number of Major Injuries,Number of Minor Injuries,Number of Possible Injuries,Number of Unknown Injuries,Amount of Property Damage,Number of Vehicles Involved,Total Number of Occupants,Travel Direction,Location
2014787511,14-007137,02/22/2014,02-February,7-Saturday,13:29,1300 Hours,District 4 (Southwest),COUNCIL BLUFFS,POTTAWATTAMIE,,RAWLINGS DR & TWIN CITY DR,Collision with:  Vehicle in traffic,On Roadway,Broadside (front to side),FTYROW:  From stop sign,None Indicated,,Daylight,Dry,Cloudy,None apparent,Intersection:  T-intersection,Paved,,Possible/Unknown,0,1,0,0,1,0,3500,2,4,,POINT (-95.891106504684 41.218355853927)
2014787469,20140004997,02/22/2014,02-February,7-Saturday,19:47,1900 Hours,District 1 (Central),DES MOINES,POLK,,MCKINLEY AVE & SW 16TH ST,Collision with:  Vehicle in traffic,On Roadway,Rear-end (front to rear),"Operating vehicle in an reckless, erratic, careless, negligent manner",None Indicated,,Dark - roadway not lighted,Unknown,Cloudy,None apparent,Non-intersection:  Non-junction/no special feature,Paved,,Possible/Unknown,0,1,0,0,1,0,3100,2,5,,POINT (-93.638194361399 41.540994319176)
2014789068,,02/22/2014,02-February,7-Saturday,00:10,0000 Hours,District 2 (Northeast),CHARLES CITY,FLOYD,,ROLFING ST,Collision with:  Parked motor vehicle,On Roadway,Head-on (front to front),Crossed centerline (undivided),None Indicated,,Dark - roadway not lighted,Snow,Clear,None apparent,Non-intersection:  Non-junction/no special feature,Paved,,Property Damage Only,0,0,0,0,0,0,8000,2,1,,POINT (-92.660215813894 43.062883897332)
2014787767,201400538,02/22/2014,02-February,7-Saturday,21:30,2100 Hours,District 6 (East Central),,LINN,,Co Rd E70/WRIGHT BROTHER S BLVD & Co Rd W54/CLUB RD,Collision with fixed object:  Other fixed object (explain in narrative),Outside trafficway,Non-collision (single vehicle),Ran off road - straight,None Indicated,,Dark - roadway lighted,Dry,Cloudy,None apparent,Non-intersection:  Non-junction/no special feature,Paved,,Property Damage Only,0,0,0,0,0,0,5000,1,1,,POINT (-91.646789947623 41.890338272421)
2014788569,14-000886,02/22/2014,02-February,7-Saturday,19:35,1900 Hours,District 1 (Central),AMES,STORY,US 69,US 69/GRAND AVE & 13TH ST,Collision with:  Vehicle in traffic,On Roadway,"Angle, oncoming left turn",FTYROW:  Making left turn,None Indicated,,Dark - roadway lighted,Dry,Cloudy,None apparent,Intersection:  Four-way intersection,Paved,,Property Damage Only,0,0,0,0,0,0,2000,2,5,,POINT (-93.620346999689 42.03451025507)
2014787827,14-0190,02/22/2014,02-February,7-Saturday,15:56,1500 Hours,District 1 (Central),PLEASANT HILL,POLK,,LITTLE FOUR MILE CREEK DR & COPPER CREEK DR,Collision with:  Vehicle in traffic,On Roadway,Broadside (front to side),Other (explain in narrative):  No improper action,None Indicated,,Daylight,Dry,Cloudy,None apparent,Intersection:  Four-way intersection,Paved,,Property Damage Only,0,0,0,0,0,0,2500,2,2,,POINT (-93.524544853619 41.600926977815)
2014798040,14-001272,02/22/2014,02-February,7-Saturday,21:32,2100 Hours,District 2 (Northeast),MCGREGOR,CLAYTON,,Co Rd X50/KIMBERLY AVE,Non-collision events:  Overturn/rollover,On Roadway,Non-collision (single vehicle),Crossed centerline (undivided),None Indicated,,Dark - roadway not lighted,Ice/frost,Clear,"Surface condition (e.g., wet, icy)",Non-intersection:  Non-junction/no special feature,Unpaved,,Property Damage Only,0,0,0,0,0,0,4700,1,1,,POINT (-91.202856152581 43.005449438725)
2014787411,14-1178,02/22/2014,02-February,7-Saturday,05:06,0500 Hours,District 1 (Central),DES MOINES,POLK,,MATTERN AVE & WILLIAMS CT & E 42ND ST,Collision with fixed object:  Other fixed object (explain in narrative),On Roadway,Non-collision (single vehicle),Lost Control,None Indicated,,Dark - roadway not lighted,Ice/frost,Clear,"Surface condition (e.g., wet, icy)",Non-intersection:  Non-junction/no special feature,Paved,,Property Damage Only,0,0,0,0,0,0,2000,1,1,,POINT (-93.532131732601 41.611502640209)
2014787752,C14000574,02/22/2014,02-February,7-Saturday,13:15,1300 Hours,District 6 (East Central),CORALVILLE,JOHNSON,US 6,US 6/2ND ST,Collision with:  Vehicle in traffic,On Roadway,"Angle, oncoming left turn",FTYROW:  From stop sign,None Indicated,,Daylight,Dry,Clear,None apparent,Non-intersection:  Driveway access (within),Paved,,Possible/Unknown,0,1,0,0,1,0,2200,2,3,,POINT (-91.592944137224 41.680222293432)
2014787487,14-0936,02/22/2014,02-February,7-Saturday,14:30,1400 Hours,District 4 (Southwest),WEST DES MOINES,DALLAS,,JORDAN CREEK PKWY,Collision with:  Vehicle in traffic,On Roadway,Rear-end (front to rear),Followed too close,None Indicated,,Daylight,Wet,Cloudy,None apparent,Non-intersection:  Non-junction/no special feature,Paved,,Property Damage Only,0,0,0,0,0,0,5000,5,13,,POINT (-93.809153372008 41.578343365802)
2014788602,,02/23/2014,02-February,1-Sunday,20:42,2000 Hours,District 2 (Northeast),CHARLES CITY,FLOYD,,CLARK ST & MAIN ST,Collision with:  Vehicle in traffic,On Roadway,Rear-end (front to rear),Driving too fast for conditions,None Indicated,,Dark - roadway lighted,Ice/frost,Clear,"Surface condition (e.g., wet, icy)",Intersection:  Four-way intersection,Paved,,Property Damage Only,0,0,0,0,0,0,4000,2,2,,POINT (-92.678786091864 43.067376981921)
2014820415,2014-21-AC,02/23/2014,02-February,1-Sunday,21:43,2100 Hours,District 3 (Northwest),,DICKINSON,IA 9,IA 9/IOWA 9 & 195TH AVE,Non-collision events:  Other non-collision (explain in narrative),On Roadway,Non-collision (single vehicle),Ran Stop Sign,None Indicated,,Dark - roadway lighted,Ice/frost,Clear,"Surface condition (e.g., wet, icy)",Intersection:  T-intersection,Paved,,Property Damage Only,0,0,0,0,0,0,6500,1,3,,POINT (-95.200372799566 43.430513736491)
2014787473,20140005052,02/23/2014,02-February,1-Sunday,12:00,1200 Hours,District 1 (Central),DES MOINES,POLK,,E 42ND ST,Collision with:  Vehicle in traffic,On Roadway,Broadside (front to side),FTYROW:  From driveway,None Indicated,,Daylight,Dry,Cloudy,None apparent,Non-intersection:  Driveway access (within),Paved,,Property Damage Only,0,0,0,0,0,0,1600,2,2,,POINT (-93.532111278164 41.625076617632)
2014787985,201402690,02/23/2014,02-February,1-Sunday,15:55,1500 Hours,District 6 (East Central),CEDAR RAPIDS,LINN,IA 922,IA 922/1ST AVE E,Collision with:  Vehicle in traffic,On Roadway,Rear-end (front to rear),Other (explain in narrative):  Vision obstructed,None Indicated,,Daylight,Dry,Cloudy,None apparent,Non-intersection:  Non-junction/no special feature,Paved,,Property Damage Only,0,0,0,0,0,0,2000,2,5,,POINT (-91.63214094417 42.019713631928)
2014787482,14-0403,02/23/2014,02-February,1-Sunday,17:32,1700 Hours,District 1 (Central),URBANDALE,POLK,I-35,I-35 & IA 141/IOWA 141,Collision with:  Vehicle in traffic,On Roadway,Rear-end (front to rear),Followed too close,None Indicated,,Dusk,Dry,Cloudy,None apparent,Interchange-related:  Off-ramp,Paved,,Property Damage Only,0,0,0,0,0,0,3000,2,5,,POINT (-93.775051156974 41.650662735493)
2014787316,14-06170,02/23/2014,02-February,1-Sunday,15:18,1500 Hours,District 5 (Southeast),BURLINGTON,DES MOINES,,LEEBRICK ST,Collision with:  Vehicle in traffic,On Roadway,"Sideswipe, same direction",Lost Control,None Indicated,,Daylight,Dry,Cloudy,None apparent,Non-intersection:  Non-junction/no special feature,Paved,,Property Damage Only,0,0,0,0,0,0,5000,2,1,,POINT (-91.120326598933 40.804833518642)
2014796704,2014013256,02/23/2014,02-February,1-Sunday,02:27,0200 Hours,District 3 (Northwest),,WOODBURY,,Co Rd D25/OLD HWY 141,Collision with fixed object:  Utility pole/light support,Roadside,Non-collision (single vehicle),Crossed centerline (undivided),Alcohol (Statutory),,Dark - roadway not lighted,Dry,Clear,None apparent,Non-intersection:  Non-junction/no special feature,Paved,,Major Injury,0,1,1,0,0,0,3500,1,1,,POINT (-96.255868405593 42.408986209417)
2014788594,2014013332,02/23/2014,02-February,1-Sunday,19:14,1900 Hours,District 2 (Northeast),CRESCO,HOWARD,,1ST AVE W & 2ND ST SW,Collision with:  Vehicle in traffic,On Roadway,Broadside (front to side),Ran Stop Sign,None Indicated,,Dark - roadway lighted,Snow,Clear,"Surface condition (e.g., wet, icy)",Intersection:  Four-way intersection,Paved,,Property Damage Only,0,0,0,0,0,0,8000,2,2,,POINT (-92.118428537715 43.372509184994)
2014787705,14-001458,02/23/2014,02-February,1-Sunday,19:23,1900 Hours,District 4 (Southwest),ATLANTIC,CASS,US 6,US 6/7TH ST & OAK ST,Collision with:  Vehicle in traffic,On Roadway,Rear-end (front to rear),Other (explain in narrative):  Other,None Indicated,,Dark - roadway lighted,Dry,Clear,None apparent,Non-intersection:  Non-junction/no special feature,Paved,,Property Damage Only,0,0,0,0,0,0,2300,2,3,,POINT (-95.006085128796 41.403924623711)
2014788408,14-3460,02/23/2014,02-February,1-Sunday,17:48,1700 Hours,District 6 (East Central),BETTENDORF,SCOTT,US 67,US 67/STATE ST,Collision with:  Vehicle in traffic,On Roadway,Rear-end (front to rear),FTYROW:  Other (explain in narrative),Refused,,Daylight,Dry,Clear,None apparent,Non-intersection:  Non-junction/no special feature,Paved,,Property Damage Only,0,0,0,0,0,0,2050,2,5,,POINT (-90.508760356109 41.525257365341)
2014787483,14-0950,02/23/2014,02-February,1-Sunday,14:19,1400 Hours,District 4 (Southwest),WEST DES MOINES,DALLAS,,60TH ST,Collision with:  Vehicle in traffic,On Roadway,"Sideswipe, same direction",Improper or erratic lane changing,None Indicated,,Daylight,Dry,Clear,None apparent,Non-intersection:  Non-junction/no special feature,Paved,,Property Damage Only,0,0,0,0,0,0,6000,2,3,,POINT (-93.790756840521 41.595458970434)
2014787275,14-3166,02/23/2014,02-February,1-Sunday,17:03,1700 Hours,District 2 (Northeast),,BREMER,,Co Rd C50/260TH ST,Collision with:  Animal,,,Animal,None Indicated,,,,,,,Paved,,Property Damage Only,0,0,0,0,0,0,2000,1,1,,POINT (-92.347510263887 42.671384452864)
2014787452,20140005026,02/23/2014,02-February,1-Sunday,00:30,0000 Hours,District 1 (Central),DES MOINES,POLK,,E 26TH ST,Collision with:  Parked motor vehicle,On Roadway,Unknown,Unknown,None Indicated,,Dark - roadway lighted,Ice/frost,Clear,Unknown,Non-intersection:  Non-junction/no special feature,Paved,,Property Damage Only,0,0,0,0,0,0,1500,2,1,,POINT (-93.566591427104 41.625461282335)
2014787942,02-14-3172,02/23/2014,02-February,1-Sunday,02:16,0200 Hours,District 6 (East Central),,DUBUQUE,US 52,US 52,Collision with fixed object:  Ditch,Shoulder,Non-collision (single vehicle),Crossed centerline (undivided),None Indicated,,Dark - roadway lighted,Dry,Clear,None apparent,Non-intersection:  Non-junction/no special feature,Paved,,Property Damage Only,0,0,0,0,0,0,7100,1,1,,POINT (-90.791862668857 42.564984319617)
2014787791,20140005075,02/23/2014,02-February,1-Sunday,20:00,2000 Hours,District 1 (Central),DES MOINES,POLK,,GRAND AVE & 36TH ST,Collision with:  Vehicle in traffic,On Roadway,Broadside (front to side),FTYROW:  From stop sign,None Indicated,,Dark - roadway lighted,Dry,Cloudy,None apparent,Intersection:  T-intersection,Paved,,Property Damage Only,0,0,0,0,0,0,2000,2,2,,POINT (-93.665375203549 41.584453515926)
2014787621,14-0536,02/23/2014,02-February,1-Sunday,05:12,0500 Hours,District 1 (Central),FORT DODGE,WEBSTER,,CENTRAL AVE,Non-collision events:  Other non-collision (explain in narrative),On Roadway,Non-collision (single vehicle),Lost Control,None Indicated,,Dark - roadway lighted,Ice/frost,Cloudy,"Surface condition (e.g., wet, icy)",Non-intersection:  Non-junction/no special feature,Paved,,Property Damage Only,0,0,0,0,0,0,5500,1,1,,POINT (-94.185472287648 42.505341153401)
2014787897,14002604,02/23/2014,02-February,1-Sunday,12:00,1200 Hours,District 5 (Southeast),,APPANOOSE,,Co Rd J3T/HWY J3T,Collision with:  Animal,Shoulder,Non-collision (single vehicle),Animal,None Indicated,,Daylight,Dry,Cloudy,None apparent,Non-intersection:  Non-junction/no special feature,Paved,,Minor Injury,0,1,0,1,0,0,2000,1,2,,POINT (-92.668961550854 40.80679906597)
2014787444,20140005070,02/23/2014,02-February,1-Sunday,18:36,1800 Hours,District 1 (Central),DES MOINES,POLK,US 6,US 6/E EUCLID AVE & US 69/E 14TH ST,Collision with:  Vehicle in traffic,On Roadway,Rear-end (front to rear),Lost Control,None Indicated,,Dark - roadway lighted,Dry,Cloudy,None apparent,Intersection:  Four-way intersection,Paved,,Minor Injury,0,1,0,1,0,0,800,2,2,,POINT (-93.600524894937 41.627693943088)
2014796118,1-14-000070,02/23/2014,02-February,1-Sunday,00:50,0000 Hours,District 4 (Southwest),,SHELBY,,Co Rd F24/STREET F24,Collision with:  Animal,On Roadway,Non-collision (single vehicle),Animal,None Indicated,,Dark - roadway not lighted,Dry,Clear,None apparent,Non-intersection:  Non-junction/no special feature,Paved,,Property Damage Only,0,0,0,0,0,0,2500,1,4,,POINT (-95.302069695023 41.792133124113)
2014787448,20140005057,02/23/2014,02-February,1-Sunday,13:34,1300 Hours,District 1 (Central),DES MOINES,POLK,,E 30TH ST,Collision with:  Vehicle in traffic,On Roadway,"Sideswipe, same direction",FTYROW:  Other (explain in narrative),None Indicated,,Daylight,Dry,Cloudy,None apparent,Non-intersection:  Non-junction/no special feature,Paved,,Property Damage Only,0,0,0,0,0,0,1800,2,4,,POINT (-93.55839864257 41.596966472725)
2014787973,2014002075,02/23/2014,02-February,1-Sunday,14:55,1400 Hours,District 6 (East Central),IOWA CITY,JOHNSON,,S 1ST AVE,Collision with:  Vehicle in traffic,On Roadway,Rear-end (front to rear),Swerving/Evasive Action,None Indicated,,Daylight,Dry,Clear,None apparent,Non-intersection:  Non-junction/no special feature,Paved,,Property Damage Only,0,0,0,0,0,0,9500,2,2,,POINT (-91.502037051161 41.657204603012)
2014787680,14001022,02/23/2014,02-February,1-Sunday,16:20,1600 Hours,District 2 (Northeast),ALGONA,KOSSUTH,,E CALL ST & N COLBY ST,Collision with:  Vehicle in traffic,On Roadway,Broadside (front to side),FTYROW:  From stop sign,None Indicated,,Daylight,Dry,Clear,None apparent,Intersection:  Four-way intersection,Paved,,Property Damage Only,0,0,0,0,0,0,5000,2,8,,POINT (-94.229310912405 43.069887427299)
2014844624,2014-000466,02/23/2014,02-February,1-Sunday,15:27,1500 Hours,District 2 (Northeast),,ALLAMAKEE,,Co Rd X16/FOREST MILLS RD,Non-collision events:  Overturn/rollover,On Roadway,Non-collision (single vehicle),Crossed centerline (undivided),None Indicated,,Daylight,Ice/frost,Clear,"Surface condition (e.g., wet, icy)",Non-intersection:  Non-junction/no special feature,Paved,,Property Damage Only,0,0,0,0,0,0,8000,1,4,,POINT (-91.462074313631 43.13843626098)
2014788428,201400009041,02/23/2014,02-February,1-Sunday,04:05,0400 Hours,District 5 (Southeast),OTTUMWA,WAPELLO,,E MAIN ST,Collision with fixed object:  Other fixed object (explain in narrative),On Roadway,Non-collision (single vehicle),Exceeded authorized speed,None Indicated,,Dark - roadway lighted,Dry,Clear,None apparent,Intersection:  Four-way intersection,Paved,,Property Damage Only,0,0,0,0,0,0,23500,1,1,,POINT (-92.395443973783 41.009395085011)
2014787346,14-004496,02/23/2014,02-February,1-Sunday,05:31,0500 Hours,District 1 (Central),NEWTON,JASPER,I-80,I-80,Collision with fixed object:  Guardrail - face,Shoulder,Non-collision (single vehicle),Ran off road - left,None Indicated,,Dark - roadway not lighted,Dry,Clear,None apparent,Non-intersection:  Non-junction/no special feature,Paved,,Possible/Unknown,0,1,0,0,0,1,10777,1,1,,POINT (-93.138632116605 41.682942936109)
2014788257,2014013254,02/23/2014,02-February,1-Sunday,01:30,0100 Hours,District 5 (Southeast),,DECATUR,,Co Rd R12/110TH AVE/205TH ST,Collision with fixed object:  Ditch,On Roadway,Non-collision (single vehicle),Ran off road - straight,None Indicated,,Dark - roadway not lighted,Dry,Clear,None apparent,Non-intersection:  Non-junction/no special feature,Unpaved,,Property Damage Only,0,0,0,0,0,0,1500,1,1,,POINT (-93.995153149989 40.746004267555)
2014789885,14002591,02/23/2014,02-February,1-Sunday,01:47,0100 Hours,District 5 (Southeast),RATHBUN,APPANOOSE,,Co Rd T24/470TH ST & MAIN ST,Collision with fixed object:  Other fixed object (explain in narrative),Outside trafficway,Non-collision (single vehicle),Ran off road - left,None Indicated,,Dark - roadway not lighted,Dry,Clear,None apparent,Non-intersection:  Non-junction/no special feature,Unpaved,,Possible/Unknown,0,1,0,0,0,1,3000,1,1,,POINT (-92.892381596708 40.801296135325)
2014791249,K14-004975,02/23/2014,02-February,1-Sunday,21:20,2100 Hours,District 5 (Southeast),KEOKUK,LEE,US 61,US 61/7TH ST,Collision with fixed object:  Tree,On Roadway,Non-collision (single vehicle),"Operating vehicle in an reckless, erratic, careless, negligent manner",None Indicated,,Dark - roadway lighted,Dry,Clear,None apparent,Non-intersection:  Non-junction/no special feature,Paved,,Major Injury,0,1,1,0,0,0,7000,1,1,,POINT (-91.43435605699 40.387545367932)
2014787849,2014-11610,02/23/2014,02-February,1-Sunday,14:56,1400 Hours,District 6 (East Central),DAVENPORT,SCOTT,,W 5TH ST & MAIN ST,Collision with:  Vehicle in traffic,On Roadway,Broadside (front to side),Ran Stop Sign,None Indicated,,Daylight,Dry,Clear,None apparent,Intersection:  Four-way intersection,Paved,,Property Damage Only,0,0,0,0,0,0,4000,2,7,,POINT (-90.575573385476 41.524659700061)
2014787492,14-0952,02/23/2014,02-February,1-Sunday,16:35,1600 Hours,District 1 (Central),WEST DES MOINES,POLK,,UNIVERSITY AVE,Collision with:  Vehicle in traffic,On Roadway,"Angle, oncoming left turn",FTYROW:  Making left turn,None Indicated,,Daylight,Dry,Clear,None apparent,Intersection:  Four-way intersection,Paved,,Possible/Unknown,0,1,0,0,1,0,1500,2,3,,POINT (-93.765270054651 41.600441296345)
2014787631,14-5426,02/23/2014,02-February,1-Sunday,10:16,1000 Hours,District 3 (Northwest),SIOUX CITY,WOODBURY,,PIERCE ST,Collision with fixed object:  Traffic sign support,Outside trafficway,Non-collision (single vehicle),Improper Backing,Alcohol (Statutory),,Daylight,Dry,Clear,None apparent,Non-intersection:  Non-junction/no special feature,Paved,,Property Damage Only,0,0,0,0,0,0,2150,1,1,,POINT (-96.404986045184 42.50092566823)
2014787457,20140005066,02/23/2014,02-February,1-Sunday,16:35,1600 Hours,District 1 (Central),DES MOINES,POLK,,MULBERRY ST & 9TH ST,Collision with:  Vehicle in traffic,On Roadway,Rear-end (front to rear),Followed too close,None Indicated,,Daylight,Dry,Clear,None apparent,Non-intersection:  Non-junction/no special feature,Paved,,Property Damage Only,0,0,0,0,0,0,6000,3,5,,POINT (-93.627990459823 41.584204423889)
2014788744,14-4514,02/23/2014,02-February,1-Sunday,00:00,0000 Hours,District 1 (Central),OAKLAND ACRES,JASPER,US 6,US 6/US 6 E & Co Rd T38/HWY T-38 N & E 140TH ST N,Unknown,On Roadway,Non-collision (single vehicle),Ran off road - right,None Indicated,,Dark - roadway not lighted,Unknown,Unknown,None apparent,Non-intersection:  Non-junction/no special feature,Paved,,Possible/Unknown,0,1,0,0,1,0,5500,1,1,,POINT (-92.805080739884 41.71732255317)
2014787449,20140005064,02/23/2014,02-February,1-Sunday,15:48,1500 Hours,District 1 (Central),DES MOINES,POLK,US 6,US 6/E EUCLID AVE & US 69/E 14TH ST,Collision with:  Vehicle in traffic,On Roadway,Rear-end (front to rear),Driving too fast for conditions,None Indicated,,Daylight,Dry,Clear,None apparent,Intersection:  Four-way intersection,Paved,,Property Damage Only,0,0,0,0,0,0,3000,2,2,,POINT (-93.600513057949 41.627712019178)
2014787458,20140005035,02/23/2014,02-February,1-Sunday,03:30,0300 Hours,District 1 (Central),DES MOINES,POLK,,E GRAND AVE,,Outside trafficway,Non-collision (single vehicle),Exceeded authorized speed,Refused,,Dark - roadway lighted,"Mud, dirt",Clear,None apparent,Intersection:  Y-intersection,Paved,,Minor Injury,0,1,0,1,0,0,8200,1,2,,POINT (-93.587603528205 41.595505858224)
2014787455,20140005060,02/23/2014,02-February,1-Sunday,14:20,1400 Hours,District 1 (Central),DES MOINES,POLK,US 69,US 69/E 14TH ST & GUTHRIE AVE,Collision with:  Vehicle in traffic,On Roadway,Head-on (front to front),Separation of units,None Indicated,,Daylight,Dry,Clear,None apparent,Intersection:  Four-way intersection,Paved,,Possible/Unknown,0,1,0,0,1,0,51000,4,2,,POINT (-93.60056327292 41.615011599141)
2014787376,201402667,02/23/2014,02-February,1-Sunday,02:49,0200 Hours,District 6 (East Central),CEDAR RAPIDS,LINN,,BLAIRS FERRY RD,Collision with:  Vehicle in traffic,On Roadway,"Sideswipe, opposite direction",Crossed centerline (undivided),Refused,,Dark - roadway lighted,Dry,Clear,None apparent,Non-intersection:  Non-junction/no special feature,Paved,,Property Damage Only,0,0,0,0,0,0,10000,2,2,,POINT (-91.687665519637 42.03490727435)
2014787807,14-0400,02/23/2014,02-February,1-Sunday,10:55,1000 Hours,District 1 (Central),URBANDALE,POLK,US 6,US 6/HICKMAN RD & 78TH ST,Collision with:  Vehicle in traffic,On Roadway,Rear-end (front to rear),Other (explain in narrative):  Other,None Indicated,,Daylight,Dry,Clear,None apparent,Non-intersection:  Non-junction/no special feature,Paved,,Possible/Unknown,0,1,0,0,1,0,14000,2,5,,POINT (-93.725543132025 41.614768122814)
2014787693,W14-018502,02/23/2014,02-February,1-Sunday,21:37,2100 Hours,District 2 (Northeast),WATERLOO,BLACK HAWK,US 63,US 63/SERGEANT RD & SOUTHLAND DR,Non-collision events:  Other non-collision (explain in narrative),Outside trafficway,Non-collision (single vehicle),Ran off road - left,Refused,,Dark - roadway not lighted,Dry,Cloudy,None apparent,Non-intersection:  Other non-intersection (explain in narrative),Paved,,Property Damage Only,0,0,0,0,0,0,1800,1,1,,POINT (-92.415364566455 42.448120217708)
2014787451,20140005018,02/23/2014,02-February,1-Sunday,00:00,0000 Hours,District 1 (Central),DES MOINES,POLK,,30TH ST,Collision with:  Vehicle in traffic,On Roadway,Broadside (front to side),Swerving/Evasive Action,None Indicated,,Dark - roadway lighted,Wet,Clear,None apparent,Non-intersection:  Non-junction/no special feature,Paved,,Property Damage Only,0,0,0,0,0,0,3000,3,2,,POINT (-93.658613063967 41.623799954251)
2014787541,2014-11597,02/23/2014,02-February,1-Sunday,13:45,1300 Hours,District 6 (East Central),DAVENPORT,SCOTT,US 6,US 6/W KIMBERLY RD & MARQUETTE ST,Collision with:  Vehicle in traffic,On Roadway,Broadside (front to side),Ran Traffic Signal,None Indicated,,Daylight,Dry,Clear,None apparent,Intersection:  Four-way intersection,Paved,,Possible/Unknown,0,1,0,0,1,0,6500,2,3,,POINT (-90.591047431533 41.56011908686)
2014787426,14-0216,02/23/2014,02-February,1-Sunday,15:45,1500 Hours,District 1 (Central),CLIVE,POLK,,UNIVERSITY AVE,Collision with:  Vehicle in traffic,On Roadway,Rear-end (front to rear),Unknown,None Indicated,,Daylight,Dry,Cloudy,None apparent,Non-intersection:  Non-junction/no special feature,Paved,,Property Damage Only,0,0,0,0,0,0,5000,3,4,,POINT (-93.769397879183 41.600431758783)
2014787801,20140005080,02/23/2014,02-February,1-Sunday,20:15,2000 Hours,District 1 (Central),DES MOINES,POLK,,GEORGE FLAGG PKWY & FLEUR DR,Collision with:  Other non-fixed object (explain in narrative),On Roadway,Non-collision (single vehicle),Cargo/equipment loss or shift,None Indicated,,Dark - roadway lighted,Dry,Cloudy,None apparent,Non-intersection:  Non-junction/no special feature,Paved,,Property Damage Only,0,0,0,0,0,0,2500,2,3,,POINT (-93.644955245406 41.568654042198)
2014787632,14-5449,02/23/2014,02-February,1-Sunday,12:00,1200 Hours,District 3 (Northwest),SIOUX CITY,WOODBURY,,S CLINTON ST,Collision with:  Parked motor vehicle,On Roadway,"Sideswipe, same direction",Unknown,None Indicated,,Daylight,Dry,Clear,None apparent,Non-intersection:  Non-junction/no special feature,Paved,,Property Damage Only,0,0,0,0,0,0,7000,3,3,,POINT (-96.348844025979 42.467293026978)
2014787271,W14-018509,02/23/2014,02-February,1-Sunday,22:04,2200 Hours,District 2 (Northeast),WATERLOO,BLACK HAWK,,FRONTAGE RD,Collision with fixed object:  Utility pole/light support,Shoulder,Non-collision (single vehicle),Ran off road - right,None Indicated,,Dark - roadway lighted,Dry,Clear,None apparent,Non-intersection:  Non-junction/no special feature,Paved,,Property Damage Only,0,0,0,0,0,0,1500,1,2,,POINT (-92.356899853415 42.460973733863)
2014788494,14002813,02/23/2014,02-February,1-Sunday,14:22,1400 Hours,District 2 (Northeast),MASON CITY,CERRO GORDO,,W STATE ST & S ADAMS AVE & N ADAMS AVE,Collision with:  Vehicle in traffic,On Roadway,Broadside (front to side),FTYROW:  From stop sign,None Indicated,,Daylight,Ice/frost,Clear,None apparent,Intersection:  Four-way intersection,Paved,,Property Damage Only,0,0,0,0,0,0,2300,2,3,,POINT (-93.204274079822 43.151796381682)
2014799807,14C00793,02/23/2014,02-February,1-Sunday,22:34,2200 Hours,District 4 (Southwest),CRESTON,UNION,,S PARK ST,Collision with fixed object:  Other fixed object (explain in narrative),On Roadway,Non-collision (single vehicle),Exceeded authorized speed,None Indicated,,Dark - roadway not lighted,Dry,Cloudy,None apparent,Non-intersection:  Non-junction/no special feature,Paved,,Property Damage Only,0,0,0,0,0,0,21500,1,1,,POINT (-94.379549992582 41.052339683296)
2014787453,20140005032,02/23/2014,02-February,1-Sunday,02:57,0200 Hours,District 1 (Central),DES MOINES,POLK,I-235,I-235,Collision with fixed object:  Ditch,On Roadway,Non-collision (single vehicle),Driving too fast for conditions,None Indicated,,Dark - roadway lighted,"Mud, dirt",Clear,"Surface condition (e.g., wet, icy)",Interchange-related:  Off-ramp,Paved,,Possible/Unknown,0,1,0,0,1,0,10000,1,1,,POINT (-93.675782013392 41.590733915368)
2014792555,20140006446,02/23/2014,02-February,1-Sunday,03:30,0300 Hours,District 1 (Central),DES MOINES,POLK,,10TH ST,Collision with:  Parked motor vehicle,On Roadway,Rear-end (front to rear),"Operating vehicle in an reckless, erratic, careless, negligent manner",None Indicated,,Unknown,Unknown,Unknown,Unknown,Unknown,Paved,,Property Damage Only,0,0,0,0,0,0,1500,2,777,,POINT (-93.630644470481 41.611598911486)
2014788212,2014013350,02/23/2014,02-February,1-Sunday,23:14,2300 Hours,District 1 (Central),WEST DES MOINES,POLK,I-235,I-235,Collision with fixed object:  Culvert/pipe opening,Roadside,Non-collision (single vehicle),"Operating vehicle in an reckless, erratic, careless, negligent manner",None Indicated,,Dark - roadway lighted,Dry,Clear,None apparent,Interchange-related:  On-ramp,Paved,,Minor Injury,0,3,0,1,2,0,2000,1,3,,POINT (-93.753749847579 41.592158714272)
2014794611,1402230348,02/23/2014,02-February,1-Sunday,03:48,0300 Hours,District 6 (East Central),,JONES,,Co Rd E23/CO HOME RD E-23,Collision with fixed object:  Ditch,Shoulder,Non-collision (single vehicle),Swerving/Evasive Action,None Indicated,,Dark - roadway not lighted,Dry,Clear,None apparent,Non-intersection:  Non-junction/no special feature,Paved,,Property Damage Only,0,0,0,0,0,0,8150,1,1,,POINT (-91.200570899696 42.135223194611)