Iowa DOT Case Number,Law Enforcement Case Number,Date of Crash,Month of Crash,Day of Week,Time of Crash,Hour,DOT District,City Name,County Name,Route with System,Location Description,First Harmful Event,Location of First Harmful Event,Manner of Crash/Collision,Major Cause,Drug or Alcohol ,Environmental Conditions,Light Conditions,Surface Conditions,Weather Conditions,Roadway Contribution,Roadway Type,Roadway Surface,Work Zone,Crash Severity,Number of Fatalities,Number of Injuries,Number of Major Injuries,Number of Minor Injuries,Number of Possible Injuries,Number of Unknown Injuries,Amount of Property Damage,Number of Vehicles Involved,Total Number of Occupants,Travel Direction,Location
2014789710,,02/23/2014,02-February,1-Sunday,02:00,0200 Hours,District 6 (East Central),MAQUOKETA,JACKSON,,17TH ST,Collision with fixed object:  Utility pole/light support,Outside trafficway,Non-collision (single vehicle),Ran off road - right,Refused,,Dark - roadway not lighted,Dry,Clear,None apparent,Non-intersection:  Non-junction/no special feature,Paved,,Property Damage Only,0,0,0,0,0,0,11000,1,1,,POINT (-90.663664347985 42.047634064364)
2014787622,14-0541,02/23/2014,02-February,1-Sunday,18:50,1800 Hours,District 1 (Central),FORT DODGE,WEBSTER,,1ST AVE S,Collision with:  Vehicle in traffic,On Roadway,Broadside (front to side),Unknown,None Indicated,,Dark - roadway lighted,Dry,Clear,None apparent,Non-intersection:  Driveway access (within),Paved,,Property Damage Only,0,0,0,0,0,0,3000,2,2,,POINT (-94.15709975221 42.505270931883)
2014787914,14-010,02/23/2014,02-February,1-Sunday,17:40,1700 Hours,District 3 (Northwest),,CALHOUN,US 20,US 20/US20 & Co Rd N65/SIGOURNEY AVE,Collision with:  Vehicle in traffic,On Roadway,Broadside (front to side),Crossed centerline (undivided),None Indicated,,Dusk,Dry,Clear,None apparent,Intersection:  Other intersection (explain in narrative),Paved,,Major Injury,0,3,3,0,0,0,34000,2,3,,POINT (-94.553341477789 42.449567711602)
2014789871,,02/23/2014,02-February,1-Sunday,14:32,1400 Hours,District 2 (Northeast),CLEAR LAKE,CERRO GORDO,I-35,I-35 & IA 122/IOWA 122,Collision with:  Vehicle in traffic,On Roadway,Broadside (front to side),Ran Traffic Signal,None Indicated,,Daylight,Dry,Clear,None apparent,Interchange-related:  Off-ramp,Paved,,Possible/Unknown,0,1,0,0,1,0,4500,2,4,,POINT (-93.354684628331 43.146485329775)
2014787848,2014-11517,02/23/2014,02-February,1-Sunday,00:07,0000 Hours,District 6 (East Central),DAVENPORT,SCOTT,,W LOCUST ST & WASHINGTON LN,Collision with fixed object:  Utility pole/light support,On Roadway,Non-collision (single vehicle),Lost Control,Refused,,Dark - roadway lighted,Dry,Clear,None apparent,Non-intersection:  Non-junction/no special feature,Paved,,Property Damage Only,0,0,0,0,0,0,3050,1,1,,POINT (-90.597493508225 41.538251364049)
2014791512,140001818,02/23/2014,02-February,1-Sunday,01:00,0100 Hours,District 3 (Northwest),BREDA,CARROLL,,N 1ST ST,Collision with fixed object:  Ditch,Gore,Non-collision (single vehicle),Crossed centerline (undivided),Under Influence of Alcohol/Drugs/Medications,,Dark - roadway not lighted,Dry,Cloudy,None apparent,Non-intersection:  Non-junction/no special feature,Paved,,Property Damage Only,0,0,0,0,0,0,3100,1,1,,POINT (-94.975415374599 42.188776126809)
2014789044,2014013293,02/23/2014,02-February,1-Sunday,14:15,1400 Hours,District 6 (East Central),DAVENPORT,SCOTT,I-80,I-80,Non-collision events:  Other non-collision (explain in narrative),Shoulder,Non-collision (single vehicle),Other (explain in narrative):  No improper action,None Indicated,,Daylight,Dry,Cloudy,None apparent,Interchange-related:  On-ramp merge area,Paved,,Property Damage Only,0,0,0,0,0,0,8000,1,1,,POINT (-90.661605456381 41.603276156333)
2014787472,20140005050,02/23/2014,02-February,1-Sunday,11:15,1100 Hours,District 1 (Central),DES MOINES,POLK,,LOCUST ST & 8TH ST,Collision with:  Vehicle in traffic,On Roadway,Broadside (front to side),Unknown,None Indicated,,Daylight,Dry,Clear,None apparent,Intersection:  Other intersection (explain in narrative),Paved,,Property Damage Only,0,0,0,0,0,0,10000,2,3,,POINT (-93.627423223398 41.586333232658)
2014788670,14002655,02/23/2014,02-February,1-Sunday,20:23,2000 Hours,District 6 (East Central),,CEDAR,IA 38,IA 38/IOWA 38,Collision with:  Animal,,,Animal,None Indicated,,,,,,,Paved,,Property Damage Only,0,0,0,0,0,0,3000,1,777,,POINT (-91.132439147983 41.693564908209)
2014788493,14002805,02/23/2014,02-February,1-Sunday,12:07,1200 Hours,District 2 (Northeast),MASON CITY,CERRO GORDO,,S ILLINOIS AVE,Collision with:  Vehicle in traffic,On Roadway,Rear-end (front to rear),Other (explain in narrative):  Other,None Indicated,,Daylight,Dry,Clear,None apparent,Non-intersection:  Driveway access (within),Paved,,Property Damage Only,0,0,0,0,0,0,4000,2,4,,POINT (-93.171141702071 43.147789547548)
2014787443,20140005044,02/23/2014,02-February,1-Sunday,10:18,1000 Hours,District 1 (Central),DES MOINES,POLK,,PARK AVE & E PARK AVE & S UNION ST,Collision with:  Vehicle in traffic,On Roadway,Broadside (front to side),Ran Stop Sign,None Indicated,,Daylight,Ice/frost,Clear,"Surface condition (e.g., wet, icy)",Intersection:  Four-way intersection,Paved,,Property Damage Only,0,0,0,0,0,0,1700,2,3,,POINT (-93.616139820882 41.555409212155)
2014789969,201400535,02/23/2014,02-February,1-Sunday,00:41,0000 Hours,District 6 (East Central),,LINN,,Co Rd E34/COUNTY HOME RD,Collision with:  Vehicle in traffic,On Roadway,"Sideswipe, opposite direction",Crossed centerline (undivided),None Indicated,,Dark - roadway not lighted,Dry,Clear,None apparent,Non-intersection:  Non-junction/no special feature,Paved,,Minor Injury,0,1,0,1,0,0,5000,2,2,,POINT (-91.574948937837 42.093859973253)
2014787899,14002615,02/23/2014,02-February,1-Sunday,20:30,2000 Hours,District 5 (Southeast),MOULTON,APPANOOSE,IA 2,IA 2/IOWA 2,Non-collision events:  Overturn/rollover,Shoulder,Non-collision (single vehicle),Ran off road - right,None Indicated,,Dark - roadway not lighted,Dry,Clear,None apparent,Non-intersection:  Non-junction/no special feature,Paved,,Minor Injury,0,1,0,1,0,0,10000,1,1,,POINT (-92.73571413528 40.739911402504)
2014787375,201402685,02/23/2014,02-February,1-Sunday,12:30,1200 Hours,District 6 (East Central),CEDAR RAPIDS,LINN,,9TH ST NW,Collision with:  Parked motor vehicle,On Roadway,Rear-end (front to rear),Improper Backing,None Indicated,,Daylight,Dry,Clear,None apparent,Non-intersection:  Non-junction/no special feature,Paved,,Property Damage Only,0,0,0,0,0,0,2500,2,1,,POINT (-91.684511633602 41.983372561307)
2014787516,14-007256,02/23/2014,02-February,1-Sunday,12:39,1200 Hours,District 4 (Southwest),COUNCIL BLUFFS,POTTAWATTAMIE,I-29,I-29 & 9TH AVE & SERVICE RD B,Collision with:  Vehicle in traffic,On Roadway,Broadside (front to side),Ran Traffic Signal,None Indicated,,Daylight,Dry,Cloudy,None apparent,Intersection:  Four-way intersection,Paved,,Property Damage Only,0,0,0,0,0,0,4000,2,3,,POINT (-95.90637761997 41.253690237537)
2014787673,14-001016,02/23/2014,02-February,1-Sunday,12:10,1200 Hours,District 2 (Northeast),ALGONA,KOSSUTH,US 169,US 169/E STATE ST/N JONES ST & S JONES ST,Collision with:  Vehicle in traffic,On Roadway,Broadside (front to side),Ran Traffic Signal,None Indicated,,Daylight,Dry,Clear,None apparent,Intersection:  Four-way intersection,Paved,,Possible/Unknown,0,2,0,0,2,0,4000,2,5,,POINT (-94.232975531598 43.068884479383)
2014803711,14-1973,02/24/2014,02-February,2-Monday,17:10,1700 Hours,District 3 (Northwest),,SAC,US 20,US 20/220TH ST,Non-collision events:  Jackknife,On Roadway,Non-collision (single vehicle),Driving too fast for conditions,None Indicated,,Daylight,Snow,Snow,"Surface condition (e.g., wet, icy)",Non-intersection:  Non-junction/no special feature,Paved,,Property Damage Only,0,0,0,0,0,0,20000,1,1,,POINT (-95.293133692213 42.474828797788)
2014788216,2014013581,02/24/2014,02-February,2-Monday,23:10,2300 Hours,District 4 (Southwest),,DALLAS,I-80,I-80,Collision with fixed object:  Bridge overhead structure,On Roadway,Non-collision (single vehicle),Other (explain in narrative):  No improper action,None Indicated,,Dark - roadway not lighted,Snow,Snow,"Surface condition (e.g., wet, icy)",Non-intersection:  Other non-intersection (explain in narrative),Paved,,Property Damage Only,0,0,0,0,0,0,7000,1,1,,POINT (-93.966128097934 41.545281966344)
2014790332,2014013378,02/24/2014,02-February,2-Monday,07:47,0700 Hours,District 6 (East Central),CEDAR RAPIDS,LINN,US 30,US 30,Collision with:  Vehicle in traffic,On Roadway,Rear-end (front to rear),Ran off road - left,None Indicated,,Daylight,Dry,Cloudy,None apparent,Non-intersection:  Non-junction/no special feature,Paved,,Property Damage Only,0,0,0,0,0,0,8200,4,4,,POINT (-91.589852452807 41.925760225592)
2014788357,14000998,02/24/2014,02-February,2-Monday,16:57,1600 Hours,District 3 (Northwest),SHELDON,OBRIEN,,WOODCOCK AVE & 2ND AVE & W 16TH ST,Collision with:  Vehicle in traffic,On Roadway,Broadside (front to side),Driving too fast for conditions,None Indicated,,Daylight,Snow,Snow,"Surface condition (e.g., wet, icy)",Intersection:  Four-way intersection,Paved,,Property Damage Only,0,0,0,0,0,0,4200,2,2,,POINT (-95.86022822447 43.171329929623)
2014788471,14018728,02/24/2014,02-February,2-Monday,15:28,1500 Hours,District 2 (Northeast),CEDAR FALLS,BLACK HAWK,,3RD ST & TREMONT ST,Collision with:  Vehicle in traffic,On Roadway,Broadside (front to side),Unknown,None Indicated,,Daylight,Ice/frost,Clear,None apparent,Non-intersection:  Non-junction/no special feature,Paved,,Major Injury,0,1,1,0,0,0,8000,2,2,,POINT (-92.45076154197 42.535949283431)
2014788040,20140005180,02/24/2014,02-February,2-Monday,19:05,1900 Hours,District 1 (Central),DES MOINES,POLK,,BROCKWAY DR & THREE LAKES PKWY,Collision with fixed object:  Curb/island/raised median,On Roadway,Non-collision (single vehicle),Other (explain in narrative):  Other,None Indicated,,Dark - roadway lighted,Snow,Snow,None apparent,Intersection:  Other intersection (explain in narrative),Paved,,Property Damage Only,0,0,0,0,0,0,1500,1,1,,POINT (-93.562087856333 41.521476259133)
2014788081,2014-3692,02/24/2014,02-February,2-Monday,09:59,0900 Hours,District 6 (East Central),DAVENPORT,SCOTT,,W LOCUST ST,Collision with:  Vehicle in traffic,On Roadway,"Sideswipe, same direction",Made improper turn,None Indicated,,Daylight,Dry,Clear,None apparent,Non-intersection:  Non-junction/no special feature,Paved,,Property Damage Only,0,0,0,0,0,0,2000,2,2,,POINT (-90.620595309236 41.538182563573)
2014787445,20140005110,02/24/2014,02-February,2-Monday,08:01,0800 Hours,District 1 (Central),DES MOINES,POLK,I-235,I-235 & E HULL AVE,Collision with:  Vehicle in traffic,On Roadway,Rear-end (front to rear),Followed too close,None Indicated,,Daylight,Dry,Cloudy,None apparent,Non-intersection:  Other non-intersection (explain in narrative),Paved,,Property Damage Only,0,0,0,0,0,0,1550,2,2,,POINT (-93.576046837518 41.622297797273)
2014787699,022414-225,02/24/2014,02-February,2-Monday,20:20,2000 Hours,District 3 (Northwest),,BUENA VISTA,,610TH ST,Non-collision events:  Overturn/rollover,On Roadway,Non-collision (single vehicle),Driving too fast for conditions,None Indicated,,Dark - roadway not lighted,Snow,Snow,None apparent,Non-intersection:  Non-junction/no special feature,Unpaved,,Property Damage Only,0,0,0,0,0,0,5000,1,3,,POINT (-94.993990720931 42.633237211063)
2014787826,14-000233,02/24/2014,02-February,2-Monday,19:24,1900 Hours,District 1 (Central),JOHNSTON,POLK,,PIONEER PKWY & GREENDALE RD,Collision with:  Vehicle in traffic,On Roadway,Rear-end (front to rear),Other (explain in narrative):  No improper action,None Indicated,,Dark - roadway lighted,Snow,Snow,"Surface condition (e.g., wet, icy)",Intersection:  Four-way intersection,Paved,,Property Damage Only,0,0,0,0,0,0,4500,2,2,,POINT (-93.699840099657 41.66196284426)
2014789516,2014013473,02/24/2014,02-February,2-Monday,13:31,1300 Hours,District 4 (Southwest),,MILLS,US 34,US 34,Collision with:  Vehicle in traffic,On Roadway,Head-on (front to front),Crossed centerline (undivided),None Indicated,,Daylight,Dry,Cloudy,None apparent,Non-intersection:  Non-junction/no special feature,Paved,,Possible/Unknown,0,1,0,0,1,0,16000,2,2,,POINT (-95.539224228221 41.030796341163)
2014790335,2014013580,02/24/2014,02-February,2-Monday,22:51,2200 Hours,District 1 (Central),,JASPER,I-80,I-80,Collision with fixed object:  Guardrail - face,On Roadway,Non-collision (single vehicle),Over correcting/over steering,None Indicated,,Dark - roadway not lighted,Snow,Snow,"Surface condition (e.g., wet, icy)",Non-intersection:  Non-junction/no special feature,Paved,,Property Damage Only,0,0,0,0,0,0,4300,1,1,,POINT (-92.787697617609 41.695341394921)
2014787833,14-007406,02/24/2014,02-February,2-Monday,14:30,1400 Hours,District 4 (Southwest),COUNCIL BLUFFS,POTTAWATTAMIE,,2ND AVE,Collision with:  Vehicle in traffic,On Roadway,Rear-end (front to rear),Improper Backing,None Indicated,,Daylight,Dry,Cloudy,None apparent,Non-intersection:  Non-junction/no special feature,Paved,,Property Damage Only,0,0,0,0,0,0,4000,2,2,,POINT (-95.894381201639 41.259846796047)
2014791182,,02/24/2014,02-February,2-Monday,20:57,2000 Hours,District 2 (Northeast),GARNER,HANCOCK,,W 8TH ST & E 8TH ST & STATE ST,Collision with:  Vehicle in traffic,On Roadway,"Angle, oncoming left turn",Other (explain in narrative):  Vision obstructed,None Indicated,,Dark - roadway lighted,Snow,Snow,"Surface condition (e.g., wet, icy)",Intersection:  Four-way intersection,Paved,,Possible/Unknown,0,1,0,0,1,0,2000,2,3,,POINT (-93.602108178365 43.09779708022)
2014787832,14-007405,02/24/2014,02-February,2-Monday,13:54,1300 Hours,District 4 (Southwest),COUNCIL BLUFFS,POTTAWATTAMIE,,AVE G & N 29TH ST,Collision with:  Vehicle in traffic,On Roadway,Rear-end (front to rear),Driving too fast for conditions,None Indicated,,Daylight,Wet,Cloudy,None apparent,Intersection:  Four-way intersection,Paved,,Minor Injury,0,1,0,1,0,0,9500,3,4,,POINT (-95.890805831147 41.268078407198)
2014790812,14000673,02/24/2014,02-February,2-Monday,14:00,1400 Hours,District 5 (Southeast),,KEOKUK,,312TH AVE,Collision with fixed object:  Ditch,Shoulder,Non-collision (single vehicle),Ran off road - right,None Indicated,,Daylight,Dry,Clear,None apparent,Non-intersection:  Non-junction/no special feature,Unpaved,,Property Damage Only,0,0,0,0,0,0,6650,1,1,,POINT (-91.999349794177 41.460732627277)
2014788571,14020484,02/24/2014,02-February,2-Monday,20:16,2000 Hours,District 5 (Southeast),,WAPELLO,US 34,US 34,Collision with fixed object:  Guardrail - face,Shoulder,Non-collision (single vehicle),Driving too fast for conditions,None Indicated,,Dark - roadway not lighted,Snow,Snow,"Surface condition (e.g., wet, icy)",Non-intersection:  Non-junction/no special feature,Paved,,Property Damage Only,0,0,0,0,0,0,4000,1,1,,POINT (-92.601412382699 41.015525094664)
2014787446,20140005146,02/24/2014,02-February,2-Monday,06:30,0600 Hours,District 1 (Central),DES MOINES,POLK,US 69,US 69/SE 14TH ST & E DIEHL AVE,Collision with:  Vehicle in traffic,On Roadway,"Sideswipe, same direction",Improper or erratic lane changing,None Indicated,,Dawn,Dry,Cloudy,None apparent,Non-intersection:  Non-junction/no special feature,Paved,,Property Damage Only,0,0,0,0,0,0,4000,2,2,,POINT (-93.596804426023 41.532695638062)
2014787825,14-000232,02/24/2014,02-February,2-Monday,19:15,1900 Hours,District 1 (Central),JOHNSTON,POLK,,NW 62ND AVE & NW 86TH ST,Collision with:  Vehicle in traffic,On Roadway,Rear-end (front to rear),Driving too fast for conditions,None Indicated,,Dark - roadway lighted,Snow,Snow,"Surface condition (e.g., wet, icy)",Intersection:  Four-way intersection,Paved,,Property Damage Only,0,0,0,0,0,0,2500,2,3,,POINT (-93.736479802583 41.672974770007)
2014788349,A14-010,02/24/2014,02-February,2-Monday,23:50,2300 Hours,District 4 (Southwest),WINTERSET,MADISON,,W SUMMIT ST & S 4TH AVE,Collision with fixed object:  Utility pole/light support,Unknown,Non-collision (single vehicle),Driving too fast for conditions,None Indicated,,Dark - roadway lighted,Snow,Snow,"Surface condition (e.g., wet, icy)",Intersection:  T-intersection,Paved,,Property Damage Only,0,0,0,0,0,0,7000,1,1,,POINT (-94.01837984611 41.330221391896)
2014788294,14018895,02/24/2014,02-February,2-Monday,23:40,2300 Hours,District 2 (Northeast),CEDAR FALLS,BLACK HAWK,IA 27,IA 27 & W VIKING RD & E VIKING RD,Collision with:  Vehicle in traffic,On Roadway,Broadside (front to side),Swerving/Evasive Action,None Indicated,,Dark - roadway lighted,Snow,Snow,"Surface condition (e.g., wet, icy)",Non-intersection:  Non-junction/no special feature,Paved,,Property Damage Only,0,0,0,0,0,0,3000,2,3,,POINT (-92.445704096001 42.484033358727)
2014787850,2014-11744,02/24/2014,02-February,2-Monday,16:33,1600 Hours,District 6 (East Central),DAVENPORT,SCOTT,,W CENTRAL PARK AVE,Collision with:  Vehicle in traffic,Shoulder,Rear-end (front to rear),Other (explain in narrative):  Other,None Indicated,,Daylight,Dry,Clear,None apparent,Intersection:  Four-way intersection,Paved,,Property Damage Only,0,0,0,0,0,0,2000,2,5,,POINT (-90.6104137005 41.545464678038)
2014788152,14020488,02/24/2014,02-February,2-Monday,22:23,2200 Hours,District 5 (Southeast),OTTUMWA,WAPELLO,US 63,US 63,Collision with fixed object:  Guardrail - face,Shoulder,Non-collision (single vehicle),Driving too fast for conditions,None Indicated,,Dark - roadway not lighted,Snow,Snow,"Surface condition (e.g., wet, icy)","Interchange-related:  Off-ramp, diverge area",Paved,,Property Damage Only,0,0,0,0,0,0,4500,1,3,,POINT (-92.378880501683 41.021837344318)
2014788102,2014-11739,02/24/2014,02-February,2-Monday,16:04,1600 Hours,District 6 (East Central),DAVENPORT,SCOTT,,ROCKINGHAM RD & S DIVISION ST,Collision with:  Vehicle in traffic,On Roadway,Rear-end (front to rear),Followed too close,None Indicated,,Daylight,Dry,Clear,None apparent,Non-intersection:  Non-junction/no special feature,Paved,,Property Damage Only,0,0,0,0,0,0,3000,2,2,,POINT (-90.601754724671 41.519282729412)
2014787903,14018880,02/24/2014,02-February,2-Monday,23:07,2300 Hours,District 2 (Northeast),CEDAR FALLS,BLACK HAWK,,19TH ST & OLIVE ST,Collision with:  Vehicle in traffic,On Roadway,Broadside (front to side),FTYROW:  From yield sign,None Indicated,,Dark - roadway lighted,Ice/frost,Snow,"Surface condition (e.g., wet, icy)",Intersection:  Four-way intersection,Paved,,Property Damage Only,0,0,0,0,0,0,3000,2,2,,POINT (-92.454676331886 42.52127952182)
2014789322,,02/24/2014,02-February,2-Monday,12:46,1200 Hours,District 6 (East Central),CEDAR RAPIDS,LINN,,29TH AVE SW & WILEY BLVD SW,Collision with:  Vehicle in traffic,Shoulder,Rear-end (front to rear),Unknown,None Indicated,,Daylight,Dry,Clear,,Non-intersection:  Driveway access (within),Paved,,Possible/Unknown,0,1,0,0,1,0,3000,2,2,,POINT (-91.721362777824 41.949096028752)
2014789093,14018816,02/24/2014,02-February,2-Monday,19:27,1900 Hours,District 2 (Northeast),CEDAR FALLS,BLACK HAWK,,UNIVERSITY AVE & UNION RD,Collision with:  Vehicle in traffic,On Roadway,Broadside (front to side),FTYROW:  From stop sign,None Indicated,,Dark - roadway lighted,Wet,Cloudy,None apparent,Intersection:  Four-way intersection,Paved,,Property Damage Only,0,0,0,0,0,0,12500,2,2,,POINT (-92.494958393527 42.49298766841)
2014787796,20140005172,02/24/2014,02-February,2-Monday,16:50,1600 Hours,District 1 (Central),DES MOINES,POLK,IA 163,IA 163/E UNIVERSITY AVE,Collision with:  Vehicle in traffic,On Roadway,Rear-end (front to rear),Driving too fast for conditions,None Indicated,,Dusk,Dry,Snow,"Surface condition (e.g., wet, icy)",Intersection:  Intersection with ramp,Paved,,Possible/Unknown,0,1,0,0,1,0,700,2,2,,POINT (-93.584096744736 41.600486718847)
2014787792,20140005155,02/24/2014,02-February,2-Monday,15:00,1500 Hours,District 1 (Central),DES MOINES,POLK,,URBANDALE AVE & 30TH ST,Collision with:  Vehicle in traffic,On Roadway,"Angle, oncoming left turn",Other (explain in narrative):  Other,None Indicated,,Daylight,Wet,Cloudy,"Surface condition (e.g., wet, icy)",Non-intersection:  Non-junction/no special feature,Paved,,Property Damage Only,0,0,0,0,0,0,5000,2,2,,POINT (-93.658648069427 41.624880616673)
2014788282,,02/24/2014,02-February,2-Monday,06:20,0600 Hours,District 5 (Southeast),CHARITON,LUCAS,US 34,US 34,Collision with:  Vehicle in traffic,On Roadway,"Sideswipe, opposite direction",Crossed centerline (undivided),None Indicated,,Dark - roadway not lighted,Dry,Clear,None apparent,Non-intersection:  Non-junction/no special feature,Paved,,Possible/Unknown,0,1,0,0,1,0,8800,2,2,,POINT (-93.312039087365 41.00500005829)
2014803712,14-1982,02/24/2014,02-February,2-Monday,20:35,2000 Hours,District 3 (Northwest),,SAC,,Co Rd D59/370TH ST & QUINCY AVE,Collision with:  Vehicle in traffic,On Roadway,"Sideswipe, opposite direction",Swerving/Evasive Action,None Indicated,,Dark - roadway not lighted,Snow,Snow,None apparent,Non-intersection:  Non-junction/no special feature,Paved,,Property Damage Only,0,0,0,0,0,0,1500,2,3,,POINT (-95.03318427272 42.253859709291)
2014787935,01-14-7917,02/24/2014,02-February,2-Monday,16:01,1600 Hours,District 6 (East Central),DUBUQUE,DUBUQUE,US 52,US 52/WHITE ST & E 19TH ST,Collision with:  Vehicle in traffic,On Roadway,Broadside (front to side),Ran Stop Sign,None Indicated,,Daylight,Dry,Cloudy,None apparent,Intersection:  Four-way intersection,Paved,,Property Damage Only,0,0,0,0,0,0,3500,2,2,,POINT (-90.668977728807 42.510733381018)
2014788370,14-0221,02/24/2014,02-February,2-Monday,19:56,1900 Hours,District 1 (Central),CLIVE,POLK,,SWANSON BLVD & NW 100TH ST & MADDOX PKWY,Collision with:  Vehicle in traffic,On Roadway,Rear-end (front to rear),Followed too close,None Indicated,,Dark - roadway lighted,Snow,Snow,None apparent,Non-intersection:  Non-junction/no special feature,Paved,,Property Damage Only,0,0,0,0,0,0,9000,2,2,,POINT (-93.7556685216 41.611610678678)
2014788041,20140005183,02/24/2014,02-February,2-Monday,18:36,1800 Hours,District 1 (Central),DES MOINES,POLK,,BELL AVE,Collision with:  Vehicle in traffic,On Roadway,Rear-end (front to rear),Driving too fast for conditions,None Indicated,,Dark - roadway lighted,Snow,Snow,"Surface condition (e.g., wet, icy)",Non-intersection:  Non-junction/no special feature,Paved,,Minor Injury,0,1,0,1,0,0,6000,3,5,,POINT (-93.645843783606 41.562731270502)
2014790336,2014013590,02/24/2014,02-February,2-Monday,23:45,2300 Hours,District 6 (East Central),,IOWA,I-80,I-80,Collision with fixed object:  Guardrail - face,Median,Non-collision (single vehicle),Driving too fast for conditions,None Indicated,,Dark - roadway lighted,Snow,Snow,None apparent,Non-intersection:  Other non-intersection (explain in narrative),Paved,,Property Damage Only,0,0,0,0,0,0,11111,2,2,,POINT (-91.907224934398 41.687585773614)
2014788072,14-0422,02/24/2014,02-February,2-Monday,20:30,2000 Hours,District 4 (Southwest),URBANDALE,DALLAS,,156TH ST,Collision with fixed object:  Other fixed object (explain in narrative),On Roadway,Non-collision (single vehicle),Driving too fast for conditions,None Indicated,,Dark - roadway lighted,Snow,Snow,None apparent,Non-intersection:  Non-junction/no special feature,Paved,,Property Damage Only,0,0,0,0,0,0,3000,1,1,,POINT (-93.833542477349 41.630698979612)
2014787780,14-1257,02/24/2014,02-February,2-Monday,20:22,2000 Hours,District 1 (Central),,POLK,US 65,US 65 & NE SANTIAGO DR & NE 94TH AVE,Collision with:  Vehicle in traffic,On Roadway,"Sideswipe, same direction",Swerving/Evasive Action,None Indicated,,Dark - roadway not lighted,Snow,Snow,None apparent,Intersection:  Other intersection (explain in narrative),Paved,,Property Damage Only,0,0,0,0,0,0,3050,2,2,,POINT (-93.407068778231 41.731214225597)
2014787906,W14-018698,02/24/2014,02-February,2-Monday,13:24,1300 Hours,District 2 (Northeast),WATERLOO,BLACK HAWK,,W 9TH ST,Collision with:  Vehicle in traffic,On Roadway,Rear-end (front to rear),Other (explain in narrative):  Other,None Indicated,,Daylight,Dry,Cloudy,None apparent,Non-intersection:  Non-junction/no special feature,Paved,,Property Damage Only,0,0,0,0,0,0,2000,2,3,,POINT (-92.342636875511 42.469889693626)
2014788456,2014013484,02/24/2014,02-February,2-Monday,14:35,1400 Hours,District 3 (Northwest),LE MARS,PLYMOUTH,US 75,US 75,Collision with:  Vehicle in traffic,On Roadway,"Sideswipe, same direction",Crossed centerline (undivided),None Indicated,,Daylight,Snow,Snow,"Surface condition (e.g., wet, icy)",Non-intersection:  Non-junction/no special feature,Paved,,Property Damage Only,0,0,0,0,0,0,4000,2,2,,POINT (-96.209277539425 42.756841095439)
2014788502,14001597,02/24/2014,02-February,2-Monday,20:00,2000 Hours,District 6 (East Central),,DELAWARE,IA 3,IA 3/IOWA 3,Collision with fixed object:  Ditch,Shoulder,Non-collision (single vehicle),Ran off road - left,None Indicated,,Dark - roadway lighted,Dry,Snow,None apparent,Non-intersection:  Non-junction/no special feature,Paved,,Property Damage Only,0,0,0,0,0,0,5000,1,1,,POINT (-91.411055988408 42.644381957077)
2014793608,,02/24/2014,02-February,2-Monday,15:45,1500 Hours,District 2 (Northeast),DECORAH,WINNESHIEK,,MONTGOMERY ST,Collision with:  Vehicle in traffic,On Roadway,Rear-end (front to rear),Driving too fast for conditions,None Indicated,,Daylight,Dry,Cloudy,None apparent,Non-intersection:  Driveway access (within),Paved,,Property Damage Only,0,0,0,0,0,0,4000,2,3,,POINT (-91.771092709802 43.294477181982)
2014787997,14-004091,02/24/2014,02-February,2-Monday,18:20,1800 Hours,District 5 (Southeast),BUSSEY,MARION,,2ND ST & MERRELL ST,Collision with fixed object:  Guardrail - face,On Roadway,Non-collision (single vehicle),Ran off road - straight,None Indicated,,Dark - roadway lighted,Ice/frost,Snow,"Surface condition (e.g., wet, icy)",Intersection:  T-intersection,Paved,,Property Damage Only,0,0,0,0,0,0,9000,1,1,,POINT (-92.886649609385 41.207381645311)
2014788042,20140005192,02/24/2014,02-February,2-Monday,21:19,2100 Hours,District 1 (Central),DES MOINES,POLK,,SCANDIA AVE & SE 6TH ST,Collision with fixed object:  Other fixed object (explain in narrative),On Roadway,Non-collision (single vehicle),Ran off road - left,None Indicated,,Dark - roadway lighted,Snow,Snow,None apparent,Intersection:  Four-way intersection,Paved,,Possible/Unknown,0,1,0,0,0,1,2000,1,1,,POINT (-93.605304722878 41.543117731618)
2014789045,2014013512,02/24/2014,02-February,2-Monday,16:34,1600 Hours,District 4 (Southwest),WEST DES MOINES,DALLAS,I-80,I-80 & ALICES RD,Collision with fixed object:  Traffic sign support,Roadside,Non-collision (single vehicle),Swerving/Evasive Action,None Indicated,,Daylight,Ice/frost,Snow,"Surface condition (e.g., wet, icy)",Non-intersection:  Other non-intersection (explain in narrative),Paved,,Property Damage Only,0,0,0,0,0,0,1700,1,1,,POINT (-93.853621061985 41.56920374431)