Iowa DOT Case Number,Law Enforcement Case Number,Date of Crash,Month of Crash,Day of Week,Time of Crash,Hour,DOT District,City Name,County Name,Route with System,Location Description,First Harmful Event,Location of First Harmful Event,Manner of Crash/Collision,Major Cause,Drug or Alcohol ,Environmental Conditions,Light Conditions,Surface Conditions,Weather Conditions,Roadway Contribution,Roadway Type,Roadway Surface,Work Zone,Crash Severity,Number of Fatalities,Number of Injuries,Number of Major Injuries,Number of Minor Injuries,Number of Possible Injuries,Number of Unknown Injuries,Amount of Property Damage,Number of Vehicles Involved,Total Number of Occupants,Travel Direction,Location
2014790158,,02/25/2014,02-February,3-Tuesday,10:57,1000 Hours,District 2 (Northeast),JACKSON JUNCTION,WINNESHIEK,IA 24,IA 24/IOWA 24 & CO RD V68 & CO RD V64,Collision with fixed object:  Ditch,On Roadway,Non-collision (single vehicle),Crossed centerline (undivided),None Indicated,,Daylight,Dry,Clear,None apparent,Intersection:  T-intersection,Paved,,Property Damage Only,0,0,0,0,0,0,5000,2,2,,POINT (-92.032348232243 43.114767181374)
2014788024,SO14000447,02/25/2014,02-February,3-Tuesday,17:40,1700 Hours,District 3 (Northwest),,PLYMOUTH,,Co Rd C16/130TH ST & Co Rd K64/OYENS AVE,Collision with:  Vehicle in traffic,On Roadway,Broadside (front to side),FTYROW:  From stop sign,None Indicated,,Daylight,Snow,Cloudy,"Surface condition (e.g., wet, icy)",Intersection:  Four-way intersection,Paved,,Property Damage Only,0,0,0,0,0,0,2000,2,2,,POINT (-96.055883519399 42.866149261926)
2014790564,1400358,02/25/2014,02-February,3-Tuesday,00:20,0000 Hours,District 5 (Southeast),BLOOMFIELD,DAVIS,,WEST ST,Collision with:  Animal,,,Animal,None Indicated,,,,,,,Paved,,Property Damage Only,0,0,0,0,0,0,2000,1,1,,POINT (-92.419150761415 40.760273896777)
2014788025,02-14-225,02/25/2014,02-February,3-Tuesday,08:00,0800 Hours,District 3 (Northwest),LE MARS,PLYMOUTH,,1ST ST NE & 1ST AVE NE,Collision with:  Vehicle in traffic,On Roadway,Broadside (front to side),FTYROW:  From stop sign,None Indicated,,Daylight,Snow,Cloudy,"Surface condition (e.g., wet, icy)",Intersection:  Four-way intersection,Paved,,Property Damage Only,0,0,0,0,0,0,4500,2,4,,POINT (-96.165119394836 42.794277792747)
2014787784,14-1265,02/25/2014,02-February,3-Tuesday,02:13,0200 Hours,District 1 (Central),,POLK,,NE 22ND ST,Collision with:  Vehicle in traffic,On Roadway,Broadside (front to side),Crossed centerline (undivided),None Indicated,,Dark - roadway lighted,Snow,Snow,None apparent,Intersection:  Other intersection (explain in narrative),Paved,,Property Damage Only,0,0,0,0,0,0,13000,2,2,,POINT (-93.581305060569 41.653084899139)
2014787987,201402761,02/25/2014,02-February,3-Tuesday,07:20,0700 Hours,District 6 (East Central),CEDAR RAPIDS,LINN,,32ND ST NE,Collision with:  Vehicle in traffic,On Roadway,Rear-end (front to rear),Lost Control,None Indicated,,Daylight,Snow,Clear,"Surface condition (e.g., wet, icy)",Non-intersection:  Non-junction/no special feature,Paved,,Property Damage Only,0,0,0,0,0,0,3600,2,3,,POINT (-91.652004568045 42.010221771791)
2014787936,01-14-8039,02/25/2014,02-February,3-Tuesday,16:38,1600 Hours,District 6 (East Central),DUBUQUE,DUBUQUE,,KAUFMANN AVE,Collision with:  Parked motor vehicle,On Roadway,"Sideswipe, same direction",Lost Control,None Indicated,,Daylight,Dry,Clear,None apparent,Non-intersection:  Non-junction/no special feature,Paved,,Property Damage Only,0,0,0,0,0,0,5400,2,1,,POINT (-90.678887877355 42.514284568387)
2014787812,14-0972,02/25/2014,02-February,3-Tuesday,01:15,0100 Hours,District 1 (Central),WEST DES MOINES,POLK,,19TH ST,Collision with fixed object:  Utility pole/light support,Shoulder,Non-collision (single vehicle),Driving too fast for conditions,None Indicated,,Dark - roadway lighted,Snow,Snow,None apparent,Non-intersection:  Non-junction/no special feature,Paved,,Property Damage Only,0,0,0,0,0,0,7000,1,1,,POINT (-93.732285648898 41.583731561793)
2014788930,2014-3524,02/25/2014,02-February,3-Tuesday,00:18,0000 Hours,District 6 (East Central),BETTENDORF,SCOTT,,SUMMIT HILLS DR & HAWTHORNE DR,Collision with fixed object:  Other fixed object (explain in narrative),Roadside,Non-collision (single vehicle),Swerving/Evasive Action,None Indicated,,Dark - roadway lighted,Snow,Clear,None apparent,Non-intersection:  Non-junction/no special feature,Paved,,Property Damage Only,0,0,0,0,0,0,10000,1,1,,POINT (-90.519362203024 41.552965085222)
2014788057,20140005254,02/25/2014,02-February,3-Tuesday,14:28,1400 Hours,District 1 (Central),DES MOINES,POLK,I-235,I-235 & 7TH ST,Collision with:  Vehicle in traffic,On Roadway,Broadside (front to side),Separation of units,None Indicated,,Daylight,Dry,Clear,None apparent,Non-intersection:  Other non-intersection (explain in narrative),Paved,,Property Damage Only,0,0,0,0,0,0,6000,2,2,,POINT (-93.626878978881 41.595802816851)
2014789873,,02/25/2014,02-February,3-Tuesday,12:05,1200 Hours,District 2 (Northeast),CLEAR LAKE,CERRO GORDO,,MAIN AVE & N 20TH ST,Collision with:  Vehicle in traffic,On Roadway,Broadside (front to side),FTYROW:  From stop sign,None Indicated,,Daylight,Snow,Clear,Unknown,Intersection:  Four-way intersection,Paved,,Property Damage Only,0,0,0,0,0,0,2000,2,2,,POINT (-93.364272072564 43.137369310037)
2014788217,2014013591,02/25/2014,02-February,3-Tuesday,00:30,0000 Hours,District 4 (Southwest),,HARRISON,I-29,I-29 & Co Rd K45/AUSTIN AVE,Collision with fixed object:  Bridge overhead structure,On Roadway,Non-collision (single vehicle),Lost Control,None Indicated,,Dark - roadway not lighted,Snow,Snow,"Surface condition (e.g., wet, icy)",Non-intersection:  Other non-intersection (explain in narrative),Paved,,Property Damage Only,0,0,0,0,0,0,5100,1,5,,POINT (-96.01342579671 41.640048252384)
2014788165,14-5631,02/25/2014,02-February,3-Tuesday,07:45,0700 Hours,District 3 (Northwest),SIOUX CITY,WOODBURY,,9TH ST & JACKSON ST,Collision with:  Vehicle in traffic,On Roadway,Broadside (front to side),FTYROW:  From stop sign,None Indicated,,Daylight,Snow,Cloudy,None apparent,Intersection:  Four-way intersection,Paved,,Property Damage Only,0,0,0,0,0,0,6000,2,4,,POINT (-96.402056342082 42.499635088376)
2014788746,14-4661,02/25/2014,02-February,3-Tuesday,07:45,0700 Hours,District 1 (Central),NEWTON,JASPER,I-80,I-80,Collision with fixed object:  Traffic sign support,On Roadway,Non-collision (single vehicle),Driving too fast for conditions,None Indicated,,Daylight,Snow,Clear,"Surface condition (e.g., wet, icy)",Interchange-related:  On-ramp merge area,Paved,,Property Damage Only,0,0,0,0,0,0,3000,1,1,,POINT (-93.079673735905 41.683359218073)
2014788733,14-002933,02/25/2014,02-February,3-Tuesday,12:57,1200 Hours,District 5 (Southeast),,HENRY,US 34,US 34,Non-collision events:  Other non-collision (explain in narrative),Shoulder,Non-collision (single vehicle),Crossed centerline (undivided),None Indicated,,Daylight,Dry,Clear,None apparent,Non-intersection:  Non-junction/no special feature,Paved,,Property Damage Only,0,0,0,0,0,0,3500,1,1,,POINT (-91.561556780234 40.988555843737)
2014787813,14-0974,02/25/2014,02-February,3-Tuesday,07:00,0700 Hours,District 1 (Central),WEST DES MOINES,POLK,,GRAND AVE & COMMERCE DR,Collision with:  Vehicle in traffic,On Roadway,"Sideswipe, opposite direction",Driving too fast for conditions,None Indicated,,Daylight,Snow,Clear,"Surface condition (e.g., wet, icy)",Non-intersection:  Non-junction/no special feature,Paved,,Property Damage Only,0,0,0,0,0,0,6000,2,2,,POINT (-93.75130735992 41.542914030591)
2014787950,140837,02/25/2014,02-February,3-Tuesday,19:57,1900 Hours,District 1 (Central),,HARDIN,US 20,US 20,Collision with fixed object:  Bridge overhead structure,On Roadway,Non-collision (single vehicle),Swerving/Evasive Action,None Indicated,,Dark - roadway not lighted,Ice/frost,Cloudy,"Surface condition (e.g., wet, icy)",Non-intersection:  Other non-intersection (explain in narrative),Paved,,Property Damage Only,0,0,0,0,0,0,4500,1,4,,POINT (-93.070036115621 42.441043106042)
2014788537,14004328,02/25/2014,02-February,3-Tuesday,14:49,1400 Hours,District 5 (Southeast),OSKALOOSA,MAHASKA,IA 92,IA 92/A AVE W,Collision with:  Vehicle in traffic,On Roadway,Broadside (front to side),FTYROW:  From driveway,None Indicated,,Daylight,Wet,Clear,None apparent,Non-intersection:  Driveway access (within),Paved,,Property Damage Only,0,0,0,0,0,0,3500,2,3,,POINT (-92.653157724835 41.296227689039)
2014788137,14-000916,02/25/2014,02-February,3-Tuesday,08:20,0800 Hours,District 1 (Central),AMES,STORY,,20TH ST & CLARK AVE,Collision with:  Other non-fixed object (explain in narrative),Roadside,Non-collision (single vehicle),Driving too fast for conditions,None Indicated,,Daylight,Snow,Clear,None apparent,Intersection:  Four-way intersection,Paved,,Property Damage Only,0,0,0,0,0,0,1500,1,1,,POINT (-93.617170267587 42.042065865102)
2014788162,14-0559,02/25/2014,02-February,3-Tuesday,17:09,1700 Hours,District 1 (Central),FORT DODGE,WEBSTER,,13TH AVE S & S 22ND ST,Collision with:  Vehicle in traffic,On Roadway,Rear-end (front to rear),Unknown,None Indicated,,Daylight,Snow,Clear,None apparent,Non-intersection:  Non-junction/no special feature,Paved,,Property Damage Only,0,0,0,0,0,0,3000,2,3,,POINT (-94.167823983061 42.490302709906)
2014788329,CL14000560,02/25/2014,02-February,3-Tuesday,12:20,1200 Hours,District 6 (East Central),CLINTON,CLINTON,,16TH ST NW & MILL CREEK PKWY,Collision with:  Vehicle in traffic,On Roadway,Broadside (front to side),FTYROW:  From stop sign,None Indicated,,Daylight,Dry,Clear,None apparent,Intersection:  Four-way intersection,Paved,,Minor Injury,0,1,0,1,0,0,8000,2,5,,POINT (-90.223511507379 41.86376375587)
2014788523,C14000598,02/25/2014,02-February,3-Tuesday,15:50,1500 Hours,District 6 (East Central),CORALVILLE,JOHNSON,,RED OAK DR & OAK LAKE PARK RD,Collision with:  Vehicle in traffic,On Roadway,"Angle, oncoming left turn",FTYROW:  Other (explain in narrative),None Indicated,,Daylight,Snow,Clear,None apparent,Intersection:  T-intersection,Paved,,Property Damage Only,0,0,0,0,0,0,5200,2,19,,POINT (-91.580027158447 41.695591183192)
2014788105,2014-11902,02/25/2014,02-February,3-Tuesday,16:34,1600 Hours,District 6 (East Central),DAVENPORT,SCOTT,,WARREN ST,Collision with:  Vehicle in traffic,On Roadway,Broadside (front to side),FTYROW:  At uncontrolled intersection,None Indicated,,Daylight,Dry,Cloudy,None apparent,Non-intersection:  Non-junction/no special feature,Paved,,Property Damage Only,0,0,0,0,0,0,3600,2,2,,POINT (-90.585918925231 41.525228709908)
2014787908,W14-018972,02/25/2014,02-February,3-Tuesday,08:19,0800 Hours,District 2 (Northeast),WATERLOO,BLACK HAWK,,LAFAYETTE ST,Collision with:  Vehicle in traffic,On Roadway,Rear-end (front to rear),Other (explain in narrative):  Other,None Indicated,,Daylight,Snow,Clear,None apparent,Non-intersection:  Other non-intersection (explain in narrative),Paved,,Property Damage Only,0,0,0,0,0,0,10050,2,3,,POINT (-92.323203238377 42.493101743596)
2014788054,20140005206,02/25/2014,02-February,3-Tuesday,00:04,0000 Hours,District 1 (Central),DES MOINES,POLK,,INDIANOLA AVE,Collision with fixed object:  Utility pole/light support,On Roadway,Non-collision (single vehicle),Ran off road - right,None Indicated,,Dark - roadway lighted,Snow,Snow,"Surface condition (e.g., wet, icy)",Non-intersection:  Non-junction/no special feature,Paved,,Possible/Unknown,0,1,0,0,1,0,5100,1,1,,POINT (-93.608220655166 41.562576148286)
2014789071,,02/25/2014,02-February,3-Tuesday,12:57,1200 Hours,District 6 (East Central),TIFFIN,JOHNSON,,IRELAND AVE,Collision with:  Vehicle in traffic,On Roadway,Rear-end (front to rear),Followed too close,None Indicated,,Daylight,Dry,Cloudy,None apparent,Intersection:  T-intersection,Paved,,Property Damage Only,0,0,0,0,0,0,3500,2,2,,POINT (-91.666575019912 41.703158111223)
2014788912,S14-000538,02/25/2014,02-February,3-Tuesday,10:15,1000 Hours,District 4 (Southwest),AVOCA,POTTAWATTAMIE,,W WOOL ST & N ELM ST,Collision with:  Vehicle in traffic,On Roadway,Broadside (front to side),Improper Backing,None Indicated,,Daylight,Ice/frost,Cloudy,None apparent,Non-intersection:  Non-junction/no special feature,Paved,,Minor Injury,0,1,0,1,0,0,5000,2,3,,POINT (-95.339376109204 41.478543548077)
2014788221,2014013610,02/25/2014,02-February,3-Tuesday,06:55,0600 Hours,District 1 (Central),JOHNSTON,POLK,I-35,I-35 & IA 28/MERLE HAY RD,Collision with fixed object:  Concrete traffic barrier (median or right side),Median,Non-collision (single vehicle),Swerving/Evasive Action,None Indicated,,Dawn,Wet,Clear,"Surface condition (e.g., wet, icy)",Non-intersection:  Other non-intersection (explain in narrative),Paved,,Property Damage Only,0,0,0,0,0,0,1500,1,1,,POINT (-93.697667852791 41.652113245127)
2014792329,2014001140,02/25/2014,02-February,3-Tuesday,11:30,1100 Hours,District 6 (East Central),,BENTON,US 30,US 30/73 ST & Co Rd V66/21 AVE,Collision with:  Vehicle in traffic,On Roadway,"Sideswipe, opposite direction",Driving too fast for conditions,None Indicated,,Daylight,Ice/frost,Cloudy,"Surface condition (e.g., wet, icy)",Intersection:  Four-way intersection,Paved,,Property Damage Only,0,0,0,0,0,0,10500,2,3,,POINT (-92.085332457741 41.963678041608)
2014796326,,02/25/2014,02-February,3-Tuesday,04:55,0400 Hours,District 6 (East Central),LE CLAIRE,SCOTT,I-80,I-80,Non-collision events:  Jackknife,On Roadway,Non-collision (single vehicle),Over correcting/over steering,None Indicated,,Dark - roadway lighted,Wet,Clear,None apparent,Non-intersection:  Non-junction/no special feature,Paved,,Property Damage Only,0,0,0,0,0,0,35878,1,1,,POINT (-90.37120035248 41.590334253131)
2014788079,14-007559,02/25/2014,02-February,3-Tuesday,18:48,1800 Hours,District 4 (Southwest),COUNCIL BLUFFS,POTTAWATTAMIE,,HARRY LANGDON BLVD,Collision with:  Animal,On Roadway,Non-collision (single vehicle),Animal,None Indicated,,Dark - roadway lighted,Dry,Clear,None apparent,Non-intersection:  Non-junction/no special feature,Paved,,Property Damage Only,0,0,0,0,0,0,1500,1,1,,POINT (-95.836662732333 41.236994272646)
2014788170,14-5678,02/25/2014,02-February,3-Tuesday,17:25,1700 Hours,District 3 (Northwest),SIOUX CITY,WOODBURY,,REBECCA ST,Collision with:  Vehicle in traffic,On Roadway,Rear-end (front to rear),Improper Backing,None Indicated,,Daylight,Dry,Clear,None apparent,Non-intersection:  Non-junction/no special feature,Paved,,Property Damage Only,0,0,0,0,0,0,1500,3,4,,POINT (-96.425445862227 42.503673926195)
2014788395,14-0425,02/25/2014,02-February,3-Tuesday,18:21,1800 Hours,District 1 (Central),URBANDALE,POLK,,MEREDITH DR & 104TH ST,Collision with:  Vehicle in traffic,On Roadway,Unknown,FTYROW:  Making left turn,None Indicated,,Dark - roadway lighted,Dry,Cloudy,None apparent,Intersection:  Four-way intersection,Paved,,Property Damage Only,0,0,0,0,0,0,3500,2,2,,POINT (-93.760189021864 41.643952603134)
2014788306,14001074,02/25/2014,02-February,3-Tuesday,18:15,1800 Hours,District 2 (Northeast),,CERRO GORDO,,Co Rd B35/255TH ST,Non-collision events:  Overturn/rollover,On Roadway,Non-collision (single vehicle),Driving too fast for conditions,None Indicated,,Dark - roadway not lighted,Ice/frost,Clear,"Surface condition (e.g., wet, icy)",Non-intersection:  Non-junction/no special feature,Paved,,Property Damage Only,0,0,0,0,0,0,4000,1,3,,POINT (-93.297854990032 43.133626350621)
2014788163,14-0560,02/25/2014,02-February,3-Tuesday,17:15,1700 Hours,District 1 (Central),FORT DODGE,WEBSTER,,KENYON RD,Collision with:  Vehicle in traffic,On Roadway,Rear-end (front to rear),Other (explain in narrative):  Other,None Indicated,,Daylight,Dry,Clear,None apparent,Non-intersection:  Non-junction/no special feature,Paved,,Property Damage Only,0,0,0,0,0,0,6000,2,5,,POINT (-94.189621932955 42.493104421186)
2014788345,2014002155,02/25/2014,02-February,3-Tuesday,22:16,2200 Hours,District 6 (East Central),IOWA CITY,JOHNSON,,E WASHINGTON ST & S GILBERT ST,Collision with:  Non-motorist (see non-motorist section - NOT a unit),On Roadway,Non-collision (single vehicle),FTYROW:  To pedestrian,None Indicated,,Dark - roadway lighted,Dry,Cloudy,None apparent,Intersection:  Four-way intersection,Paved,,Possible/Unknown,0,2,0,0,2,0,0,1,1,,POINT (-91.530159942244 41.660044630866)
2014793722,14-004346,02/25/2014,02-February,3-Tuesday,21:02,2100 Hours,District 5 (Southeast),,MAHASKA,,LINCOLN AVE,Collision with fixed object:  Ditch,Roadside,Non-collision (single vehicle),Ran off road - left,None Indicated,,Dark - roadway not lighted,Snow,"Blowing sand, soil, dirt",None apparent,Non-intersection:  Non-junction/no special feature,Unpaved,,Property Damage Only,0,0,0,0,0,0,1800,1,2,,POINT (-92.651327241862 41.328190584936)
2014788056,20140005238,02/25/2014,02-February,3-Tuesday,10:58,1000 Hours,District 1 (Central),DES MOINES,POLK,US 69,US 69/E 14TH ST,Collision with:  Vehicle in traffic,On Roadway,Rear-end (front to rear),"Operating vehicle in an reckless, erratic, careless, negligent manner",Alcohol (Statutory),,Daylight,Dry,Clear,None apparent,Intersection:  Four-way intersection,Paved,,Property Damage Only,0,0,0,0,0,0,2500,2,3,,POINT (-93.60052430937 41.62763089601)
2014787952,14-140225-01,02/25/2014,02-February,3-Tuesday,14:20,1400 Hours,District 6 (East Central),,IOWA,,190TH ST,Collision with fixed object:  Utility pole/light support,Roadside,Non-collision (single vehicle),Crossed centerline (undivided),None Indicated,,Daylight,Dry,Cloudy,None apparent,Non-intersection:  Non-junction/no special feature,Paved,,Property Damage Only,0,0,0,0,0,0,2500,1,1,,POINT (-92.285659380893 41.731732415491)
2014789076,,02/25/2014,02-February,3-Tuesday,18:17,1800 Hours,District 2 (Northeast),NORA SPRINGS,FLOYD,,E CONGRESS ST & S QUINBY AVE & N QUINBY AVE,Collision with:  Vehicle in traffic,On Roadway,"Sideswipe, opposite direction",Crossed centerline (undivided),Under Influence of Alcohol/Drugs/Medications,,Dark - roadway not lighted,Ice/frost,Clear,"Surface condition (e.g., wet, icy)",Non-intersection:  Non-junction/no special feature,Paved,,Property Damage Only,0,0,0,0,0,0,8000,2,2,,POINT (-93.000602561196 43.142730736583)
2014789274,14-000283,02/25/2014,02-February,3-Tuesday,09:59,0900 Hours,District 1 (Central),AMES,STORY,,UNIVERSITY BLVD,Collision with fixed object:  Tree,Outside trafficway,Non-collision (single vehicle),Driving too fast for conditions,None Indicated,,Daylight,Snow,Cloudy,"Surface condition (e.g., wet, icy)",Non-intersection:  Non-junction/no special feature,Paved,,Possible/Unknown,0,1,0,0,1,0,1500,1,1,,POINT (-93.635403934446 42.028825807262)
2014790337,2014013686,02/25/2014,02-February,3-Tuesday,14:10,1400 Hours,District 6 (East Central),CEDAR RAPIDS,LINN,I-380,I-380,Collision with:  Animal,On Roadway,Rear-end (front to rear),Animal,None Indicated,,Daylight,Dry,Cloudy,None apparent,Non-intersection:  Non-junction/no special feature,Paved,,Property Damage Only,0,0,0,0,0,0,16000,3,3,,POINT (-91.67142319689 41.913232400184)
2014788070,14-0419,02/25/2014,02-February,3-Tuesday,08:25,0800 Hours,District 1 (Central),URBANDALE,POLK,,111TH ST,Collision with:  Vehicle in traffic,On Roadway,"Sideswipe, same direction",Other (explain in narrative):  Other,None Indicated,,Daylight,Snow,Cloudy,None apparent,Non-intersection:  Non-junction/no special feature,Paved,,Property Damage Only,0,0,0,0,0,0,2500,2,2,,POINT (-93.771271540377 41.628782801924)
2014787778,SO14000439,02/25/2014,02-February,3-Tuesday,23:19,2300 Hours,District 3 (Northwest),KINGSLEY,PLYMOUTH,,Co Rd C70/C70,Collision with fixed object:  Ditch,Roadside,Non-collision (single vehicle),Lost Control,Alcohol (Statutory),,Dark - roadway not lighted,Snow,Snow,"Surface condition (e.g., wet, icy)",Non-intersection:  Non-junction/no special feature,Paved,,Minor Injury,0,1,0,1,0,0,10000,1,1,,POINT (-96.072286907808 42.575603324074)
2014787854,14002061,02/25/2014,02-February,3-Tuesday,09:30,0900 Hours,District 1 (Central),,TAMA,US 63,US 63,Non-collision events:  Overturn/rollover,On Roadway,Non-collision (single vehicle),Swerving/Evasive Action,None Indicated,,Daylight,Ice/frost,Clear,"Surface condition (e.g., wet, icy)",Non-intersection:  Non-junction/no special feature,Paved,,Property Damage Only,0,0,0,0,0,0,6000,1,1,,POINT (-92.561505242711 42.174048785267)
2014788062,20140005239,02/25/2014,02-February,3-Tuesday,11:20,1100 Hours,District 1 (Central),DES MOINES,POLK,,E 20TH CT,Collision with:  Vehicle in traffic,On Roadway,Broadside (front to side),Unknown,None Indicated,,Daylight,Snow,Cloudy,"Surface condition (e.g., wet, icy)",Intersection:  Other intersection (explain in narrative),Paved,,Property Damage Only,0,0,0,0,0,0,7500,2,3,,POINT (-93.581679973418 41.598616458001)
2014787951,14-002947,02/25/2014,02-February,3-Tuesday,19:44,1900 Hours,District 5 (Southeast),,HENRY,,Co Rd J20/SALEM RD,Collision with:  Animal,,,Animal,None Indicated,,,,,,,Paved,,Property Damage Only,0,0,0,0,0,0,2000,1,1,,POINT (-91.654594705881 40.835516204276)
2014788354,2014001706,02/25/2014,02-February,3-Tuesday,13:21,1300 Hours,District 1 (Central),MARSHALLTOWN,MARSHALL,,S 6TH ST & S 3RD ST,Collision with:  Vehicle in traffic,On Roadway,Rear-end (front to rear),Followed too close,None Indicated,,Daylight,Dry,Cloudy,Ruts/holes/bumps,Non-intersection:  Other non-intersection (explain in narrative),Paved,,Possible/Unknown,0,2,0,0,2,0,4500,2,4,,POINT (-92.92111732261 42.037879809069)
2014787910,W14-019091,02/25/2014,02-February,3-Tuesday,16:11,1600 Hours,District 2 (Northeast),WATERLOO,BLACK HAWK,,W 2ND ST & DENVER ST,Collision with:  Vehicle in traffic,On Roadway,Head-on (front to front),Crossed centerline (undivided),None Indicated,,Daylight,Snow,Clear,"Surface condition (e.g., wet, icy)",Intersection:  Four-way intersection,Paved,,Possible/Unknown,0,1,0,0,1,0,5500,2,3,,POINT (-92.354619123907 42.488816063658)
2014787998,14-004115,02/25/2014,02-February,3-Tuesday,08:14,0800 Hours,District 5 (Southeast),MELCHER-DALLAS,MARION,,1ST ST NW & D MAIN ST W,Collision with fixed object:  Bridge overhead structure,On Roadway,Non-collision (single vehicle),Driving too fast for conditions,None Indicated,,Daylight,Snow,Clear,"Surface condition (e.g., wet, icy)",Non-intersection:  Other non-intersection (explain in narrative),Paved,,Property Damage Only,0,0,0,0,0,0,2500,1,2,,POINT (-93.243604114763 41.233545853772)
2014788067,20140005224,02/25/2014,02-February,3-Tuesday,08:24,0800 Hours,District 1 (Central),DES MOINES,POLK,US 69,US 69/E 14TH ST,Collision with:  Vehicle in traffic,On Roadway,"Sideswipe, same direction",Lost Control,None Indicated,,Daylight,Snow,Clear,"Surface condition (e.g., wet, icy)",Non-intersection:  Non-junction/no special feature,Paved,,Minor Injury,0,2,0,2,0,0,3000,2,5,,POINT (-93.60051727208 41.607463789222)
2014788026,02-14-230,02/25/2014,02-February,3-Tuesday,12:40,1200 Hours,District 3 (Northwest),LE MARS,PLYMOUTH,,3RD AVE SW,Collision with:  Vehicle in traffic,On Roadway,Broadside (front to side),FTYROW:  From stop sign,None Indicated,,Daylight,Slush,Clear,"Surface condition (e.g., wet, icy)",Non-intersection:  Driveway access (within),Paved,,Property Damage Only,0,0,0,0,0,0,4000,2,2,,POINT (-96.170803891621 42.782297671176)
2014787789,20140005221,02/25/2014,02-February,3-Tuesday,07:30,0700 Hours,District 1 (Central),DES MOINES,POLK,,E HARTFORD AVE & INDIANOLA AVE,Collision with:  Vehicle in traffic,On Roadway,"Sideswipe, opposite direction",Ran Traffic Signal,None Indicated,,Daylight,Snow,Cloudy,None apparent,Intersection:  Four-way intersection,Paved,,Property Damage Only,0,0,0,0,0,0,3000,2,2,,POINT (-93.613601906942 41.569807431144)
2014788167,14-5647,02/25/2014,02-February,3-Tuesday,11:25,1100 Hours,District 3 (Northwest),SIOUX CITY,WOODBURY,,TRI-VIEW AVE & HAMILTON BLVD,Collision with:  Vehicle in traffic,On Roadway,Rear-end (front to rear),Driving too fast for conditions,None Indicated,,Daylight,Wet,Clear,"Surface condition (e.g., wet, icy)",Intersection:  Four-way intersection,Paved,,Property Damage Only,0,0,0,0,0,0,3000,2,2,,POINT (-96.424212516575 42.494463244258)
2014791542,A14015,02/25/2014,02-February,3-Tuesday,13:00,1300 Hours,District 5 (Southeast),KNOXVILLE,MARION,,W BELL AVE,Collision with fixed object:  Other fixed object (explain in narrative),Outside trafficway,Non-collision (single vehicle),Other (explain in narrative):  Other,None Indicated,,Daylight,Wet,Clear,None apparent,Non-intersection:  Non-junction/no special feature,Unpaved,,Property Damage Only,0,0,0,0,0,0,5000,1,2,,POINT (-93.109209013929 41.3062646414)
2014789887,14018975,02/25/2014,02-February,3-Tuesday,08:34,0800 Hours,District 2 (Northeast),CEDAR FALLS,BLACK HAWK,,11TH ST & DIVISION ST,Collision with:  Vehicle in traffic,On Roadway,"Sideswipe, same direction",Unknown,None Indicated,,Daylight,Ice/frost,Clear,None apparent,Non-intersection:  Non-junction/no special feature,Paved,,Property Damage Only,0,0,0,0,0,0,3500,2,777,,POINT (-92.460529620271 42.528664968246)
2014789791,1402-018,02/25/2014,02-February,3-Tuesday,00:01,0000 Hours,District 3 (Northwest),,OSCEOLA,,Co Rd L32/NETTLE AVE,Collision with fixed object:  Ditch,Outside trafficway,Non-collision (single vehicle),Ran off road - right,None Indicated,,Dark - roadway not lighted,Snow,Snow,Unknown,Non-intersection:  Non-junction/no special feature,Unpaved,,Fatal,1,0,0,0,0,0,2000,1,1,,POINT (-95.801380041431 43.38909890584)
2014788457,2014013723,02/25/2014,02-February,3-Tuesday,15:49,1500 Hours,District 6 (East Central),,JOHNSON,,GABLE AVE,Collision with:  Other non-fixed object (explain in narrative),On Roadway,Non-collision (single vehicle),Swerving/Evasive Action,None Indicated,,Daylight,Ice/frost,Clear,None apparent,Non-intersection:  Non-junction/no special feature,Unpaved,,Major Injury,0,1,1,0,0,0,1000,1,1,,POINT (-91.7051827302 41.527161592935)
2014787999,14-004118,02/25/2014,02-February,3-Tuesday,08:46,0800 Hours,District 5 (Southeast),,MARION,IA 5,IA 5/SPECIAL CASE,Collision with:  Other non-fixed object (explain in narrative),On Roadway,Non-collision (single vehicle),Swerving/Evasive Action,None Indicated,,Daylight,Snow,Cloudy,Obstruction in roadway,Non-intersection:  Other non-intersection (explain in narrative),Paved,,Property Damage Only,0,0,0,0,0,0,2000,1,1,,POINT (-93.13778935224 41.320394152072)
2014788123,14-2145,02/25/2014,02-February,3-Tuesday,08:10,0800 Hours,District 3 (Northwest),,SIOUX,US 75,US 75,Collision with fixed object:  Bridge overhead structure,On Roadway,Non-collision (single vehicle),Crossed centerline (undivided),None Indicated,,Daylight,Snow,Clear,"Surface condition (e.g., wet, icy)",Non-intersection:  Other non-intersection (explain in narrative),Paved,,Property Damage Only,0,0,0,0,0,0,8000,1,1,,POINT (-96.175482874576 42.999241850185)
2014788140,14-000924,02/25/2014,02-February,3-Tuesday,11:21,1100 Hours,District 1 (Central),AMES,STORY,US 69,US 69/S DUFF AVE & S 16TH ST & SE 16TH ST,Collision with:  Vehicle in traffic,On Roadway,Broadside (front to side),Ran Traffic Signal,None Indicated,,Daylight,Snow,Cloudy,None apparent,Intersection:  Four-way intersection,Paved,,Possible/Unknown,0,1,0,0,1,0,6500,2,2,,POINT (-93.610093877196 42.008374078269)