Iowa DOT Case Number,Law Enforcement Case Number,Date of Crash,Month of Crash,Day of Week,Time of Crash,Hour,DOT District,City Name,County Name,Route with System,Location Description,First Harmful Event,Location of First Harmful Event,Manner of Crash/Collision,Major Cause,Drug or Alcohol ,Environmental Conditions,Light Conditions,Surface Conditions,Weather Conditions,Roadway Contribution,Roadway Type,Roadway Surface,Work Zone,Crash Severity,Number of Fatalities,Number of Injuries,Number of Major Injuries,Number of Minor Injuries,Number of Possible Injuries,Number of Unknown Injuries,Amount of Property Damage,Number of Vehicles Involved,Total Number of Occupants,Travel Direction,Location
2014792864,2014013627,02/25/2014,02-February,3-Tuesday,08:00,0800 Hours,District 1 (Central),,POLK,I-35,I-35,Collision with:  Other non-fixed object (explain in narrative),On Roadway,Rear-end (front to rear),Followed too close,None Indicated,,Daylight,Dry,Cloudy,Debris,Non-intersection:  Non-junction/no special feature,Paved,,Property Damage Only,0,0,0,0,0,0,2000,2,4,,POINT (-93.570614809324 41.813211509262)
2014796847,,02/25/2014,02-February,3-Tuesday,05:22,0500 Hours,District 5 (Southeast),,WAPELLO,US 34,US 34,Collision with fixed object:  Guardrail - face,Roadside,Non-collision (single vehicle),Unknown,None Indicated,,,,,,Non-intersection:  Non-junction/no special feature,Paved,,Property Damage Only,0,0,0,0,0,0,3779,1,1,,POINT (-92.348818944887 41.00059237839)
2014798015,14-1188PD,02/25/2014,02-February,3-Tuesday,16:20,1600 Hours,District 1 (Central),BOONE,BOONE,,KATE SHELLEY DR & S MARSHALL ST,Collision with:  Vehicle in traffic,On Roadway,Broadside (front to side),Other (explain in narrative):  Other,None Indicated,,Daylight,Snow,Clear,"Surface condition (e.g., wet, icy)",Non-intersection:  Non-junction/no special feature,Paved,,Possible/Unknown,0,1,0,0,1,0,3000,2,3,,POINT (-93.878275863924 42.040391819388)
2014791462,2014013660,02/25/2014,02-February,3-Tuesday,12:25,1200 Hours,District 2 (Northeast),,BLACK HAWK,US 20,US 20/SE RAMP/SW RAMP & Co Rd T69/GRUNDY RD,Non-collision events:  Other non-collision (explain in narrative),On Roadway,Non-collision (single vehicle),Swerving/Evasive Action,None Indicated,,Daylight,Snow,Cloudy,None apparent,Intersection:  Intersection with ramp,Paved,,Minor Injury,0,1,0,1,0,0,0,1,1,,POINT (-92.534079783986 42.462119094418)
2014788075,14-0979,02/25/2014,02-February,3-Tuesday,13:00,1300 Hours,District 1 (Central),WEST DES MOINES,POLK,,4TH ST,Collision with:  Vehicle in traffic,On Roadway,Broadside (front to side),FTYROW:  From stop sign,None Indicated,,Daylight,Wet,Cloudy,None apparent,Intersection:  Four-way intersection,Paved,,Property Damage Only,0,0,0,0,0,0,7000,2,4,,POINT (-93.707489403422 41.577230469111)
2014788014,2014001701,02/25/2014,02-February,3-Tuesday,09:45,0900 Hours,District 1 (Central),MARSHALLTOWN,MARSHALL,,E LINN ST & S 18TH AVE,Collision with:  Vehicle in traffic,On Roadway,"Sideswipe, same direction",Improper or erratic lane changing,None Indicated,,Daylight,Snow,Clear,None apparent,Non-intersection:  Non-junction/no special feature,Paved,,Possible/Unknown,0,1,0,0,1,0,6000,2,3,,POINT (-92.883863541889 42.047431181652)
2014787828,14-310,02/25/2014,02-February,3-Tuesday,07:10,0700 Hours,District 1 (Central),POLK CITY,POLK,,N 3RD ST,Collision with fixed object:  Ditch,Roadside,Non-collision (single vehicle),Ran off road - right,None Indicated,,Daylight,Snow,Clear,"Surface condition (e.g., wet, icy)",Non-intersection:  Driveway access (within),Paved,,Minor Injury,0,1,0,1,0,0,2600,1,1,,POINT (-93.710302142415 41.77552234752)
2014790175,,02/25/2014,02-February,3-Tuesday,19:01,1900 Hours,District 2 (Northeast),,WINNESHIEK,,MADISON RD,Non-collision events:  Overturn/rollover,On Roadway,Non-collision (single vehicle),Swerving/Evasive Action,None Indicated,,Dark - roadway not lighted,Ice/frost,Clear,"Surface condition (e.g., wet, icy)",Non-intersection:  Non-junction/no special feature,Paved,,Property Damage Only,0,0,0,0,0,0,4000,1,1,,POINT (-91.848593428262 43.312905476814)
2014788036,20140005270,02/25/2014,02-February,3-Tuesday,17:30,1700 Hours,District 1 (Central),DES MOINES,POLK,,OAK PARK AVE & 14TH ST,Collision with:  Vehicle in traffic,On Roadway,Broadside (front to side),Unknown,None Indicated,,Daylight,Snow,Cloudy,"Surface condition (e.g., wet, icy)",Intersection:  Four-way intersection,Paved,,Property Damage Only,0,0,0,0,0,0,11500,2,9,,POINT (-93.636853969061 41.626696775641)
2014788097,2014-11942,02/25/2014,02-February,3-Tuesday,20:23,2000 Hours,District 6 (East Central),DAVENPORT,SCOTT,,IA 461/BRADY ST,Collision with:  Vehicle in traffic,On Roadway,Broadside (front to side),Traveling wrong way or on wrong side of road,None Indicated,,Dark - roadway lighted,Dry,Cloudy,None apparent,Non-intersection:  Non-junction/no special feature,Paved,,Property Damage Only,0,0,0,0,0,0,12000,2,2,,POINT (-90.569856344503 41.574902691466)
2014789167,14027263,02/25/2014,02-February,3-Tuesday,17:19,1700 Hours,District 6 (East Central),,JOHNSON,,Co Rd W66/SAND RD,Collision with fixed object:  Ditch,On Roadway,Non-collision (single vehicle),Swerving/Evasive Action,None Indicated,,Dusk,Ice/frost,Cloudy,"Surface condition (e.g., wet, icy)",Non-intersection:  Non-junction/no special feature,Paved,,Possible/Unknown,0,1,0,0,1,0,5300,1,1,,POINT (-91.507435952878 41.519963959974)
2014788060,20140005268,02/25/2014,02-February,3-Tuesday,16:40,1600 Hours,District 1 (Central),DES MOINES,POLK,,ARMY POST RD & CHAFFEE RD & S UNION ST,Collision with:  Vehicle in traffic,On Roadway,Rear-end (front to rear),Driver Distraction:  Inattentive/lost in thought,None Indicated,,Daylight,Dry,Cloudy,None apparent,Intersection:  Four-way intersection,Paved,,Property Damage Only,0,0,0,0,0,0,6000,2,3,,POINT (-93.616068170581 41.52638799161)
2014788050,20140005218,02/25/2014,02-February,3-Tuesday,06:33,0600 Hours,District 1 (Central),DES MOINES,POLK,,SE 22ND ST,Collision with:  Parked motor vehicle,On Roadway,Rear-end (front to rear),Driver Distraction:  Manual operation of an electronic communication device,None Indicated,,Dawn,Snow,Cloudy,"Surface condition (e.g., wet, icy)",Non-intersection:  Non-junction/no special feature,Paved,,Property Damage Only,0,0,0,0,0,0,6000,2,1,,POINT (-93.574085233077 41.56621945421)
2014787755,C14000597,02/25/2014,02-February,3-Tuesday,08:15,0800 Hours,District 6 (East Central),CORALVILLE,JOHNSON,,1ST AVE,Collision with:  Vehicle in traffic,On Roadway,Rear-end (front to rear),Driving too fast for conditions,None Indicated,,Daylight,Snow,Clear,"Surface condition (e.g., wet, icy)",Non-intersection:  Non-junction/no special feature,Paved,,Property Damage Only,0,0,0,0,0,0,1900,2,2,,POINT (-91.565484161565 41.671893696854)
2014787695,W14-018949,02/25/2014,02-February,3-Tuesday,04:28,0400 Hours,District 2 (Northeast),WATERLOO,BLACK HAWK,,W 9TH ST & W 5TH ST & JOHNSON ST & RANDOLPH ST,Collision with:  Vehicle in traffic,On Roadway,Rear-end (front to rear),Improper Backing,None Indicated,,Dark - roadway lighted,Snow,Cloudy,None apparent,Intersection:  Four-way intersection,Paved,,Possible/Unknown,0,1,0,0,1,0,5500,2,2,,POINT (-92.343442688013 42.490553750898)
2014788063,20140005245,02/25/2014,02-February,3-Tuesday,12:00,1200 Hours,District 1 (Central),DES MOINES,POLK,,BEAVER CREST DR & 45TH ST,Collision with:  Parked motor vehicle,On Roadway,"Sideswipe, same direction",Unknown,None Indicated,,Daylight,Snow,Cloudy,None apparent,Non-intersection:  Non-junction/no special feature,Paved,,Property Damage Only,0,0,0,0,0,0,4000,2,1,,POINT (-93.67915711179 41.618546317804)
2014788360,14022020,02/25/2014,02-February,3-Tuesday,02:00,0200 Hours,District 4 (Southwest),CLARINDA,PAGE,,S 12TH ST,Collision with:  Vehicle in traffic,On Roadway,Rear-end (front to rear),Illegally Parked/Unattended,None Indicated,,Dark - roadway not lighted,Dry,Clear,None apparent,Non-intersection:  Non-junction/no special feature,Paved,,Property Damage Only,0,0,0,0,0,0,2000,2,1,,POINT (-95.032516309729 40.737700863424)
2014790245,14680552,02/25/2014,02-February,3-Tuesday,11:37,1100 Hours,District 5 (Southeast),MORAVIA,MONROE,,Co Rd T55/275TH ST,Collision with:  Vehicle in traffic,On Roadway,Rear-end (front to rear),Illegally Parked/Unattended,None Indicated,,Daylight,Snow,Cloudy,Unknown,Non-intersection:  Other non-intersection (explain in narrative),Unpaved,,Property Damage Only,0,0,0,0,0,0,6248,2,2,,POINT (-92.751776856932 40.911036500592)
2014787941,02-14-3300,02/25/2014,02-February,3-Tuesday,08:31,0800 Hours,District 6 (East Central),,DUBUQUE,,Co Rd Y17/NORTH CASCADE RD & KEARNEY RD & SIMON RD,Collision with:  Vehicle in traffic,On Roadway,"Angle, oncoming left turn",FTYROW:  Making left turn,None Indicated,,Daylight,Dry,"Blowing sand, soil, dirt",None apparent,Intersection:  Four-way intersection,Paved,,Property Damage Only,0,0,0,0,0,0,5000,2,3,,POINT (-90.949025619369 42.353451376988)
2014788536,14-000761,02/25/2014,02-February,3-Tuesday,18:52,1800 Hours,District 3 (Northwest),DOON,LYON,,GERE AVE,Collision with fixed object:  Ditch,Shoulder,Non-collision (single vehicle),Driving too fast for conditions,None Indicated,,Dark - roadway lighted,Ice/frost,Clear,"Surface condition (e.g., wet, icy)",Non-intersection:  Non-junction/no special feature,Paved,,Property Damage Only,0,0,0,0,0,0,2000,1,4,,POINT (-96.236089820107 43.273972107719)
2014787986,201402772,02/25/2014,02-February,3-Tuesday,11:45,1100 Hours,District 6 (East Central),CEDAR RAPIDS,LINN,,2ND ST SW,Collision with fixed object:  Traffic sign support,Outside trafficway,Non-collision (single vehicle),Lost Control,None Indicated,,Daylight,Dry,Clear,None apparent,Non-intersection:  Driveway access (within),Paved,,Property Damage Only,0,0,0,0,0,0,7500,1,1,,POINT (-91.66938669685 41.968283547707)
2014799809,14C00803,02/25/2014,02-February,3-Tuesday,07:00,0700 Hours,District 4 (Southwest),CRESTON,UNION,,W ADAMS ST & BROAD ST,Collision with fixed object:  Curb/island/raised median,Shoulder,Rear-end (front to rear),FTYROW:  Other (explain in narrative),None Indicated,,Dawn,Snow,Clear,None apparent,Intersection:  Four-way intersection,Paved,,Property Damage Only,0,0,0,0,0,0,6000,2,1,,POINT (-94.368467430209 41.057300016496)
2014788371,14-0223,02/25/2014,02-February,3-Tuesday,06:50,0600 Hours,District 1 (Central),CLIVE,POLK,I-35,I-35,Collision with:  Vehicle in traffic,On Roadway,"Sideswipe, same direction",Lost Control,None Indicated,,Daylight,Ice/frost,Clear,"Surface condition (e.g., wet, icy)",Non-intersection:  Other non-intersection (explain in narrative),Paved,,Property Damage Only,0,0,0,0,0,0,7500,2,2,,POINT (-93.776850471416 41.614495900571)
2014788480,W14-018957,02/25/2014,02-February,3-Tuesday,06:12,0600 Hours,District 2 (Northeast),WATERLOO,BLACK HAWK,,E LOUISE ST & SHERMAN AVE,Collision with:  Vehicle in traffic,On Roadway,Broadside (front to side),FTYROW:  From yield sign,None Indicated,,Dawn,Snow,Clear,"Surface condition (e.g., wet, icy)",Intersection:  Four-way intersection,Paved,,Possible/Unknown,0,1,0,0,1,0,5000,2,2,,POINT (-92.335191075462 42.52398980044)
2014789075,,02/25/2014,02-February,3-Tuesday,12:59,1200 Hours,District 2 (Northeast),CHARLES CITY,FLOYD,,2ND AVE & F ST,Collision with:  Vehicle in traffic,On Roadway,Broadside (front to side),FTYROW:  At uncontrolled intersection,None Indicated,,Daylight,Snow,Clear,None apparent,Intersection:  Four-way intersection,Paved,,Property Damage Only,0,0,0,0,0,0,7500,2,2,,POINT (-92.66472594879 43.064599141873)
2014788138,14-000918,02/25/2014,02-February,3-Tuesday,09:11,0900 Hours,District 1 (Central),AMES,STORY,,UNIVERSITY BLVD & IOWA STATE UNIVERSITY & S 16TH ST,Collision with:  Vehicle in traffic,On Roadway,"Sideswipe, same direction",FTYROW:  Making right turn on red signal,None Indicated,,Daylight,Snow,Cloudy,"Surface condition (e.g., wet, icy)",Intersection:  Four-way intersection,Paved,,Property Damage Only,0,0,0,0,0,0,3500,2,2,,POINT (-93.633782218215 42.011497110753)
2014787929,130538,02/25/2014,02-February,3-Tuesday,05:38,0500 Hours,District 3 (Northwest),DENISON,CRAWFORD,,5TH AVE N & N 10TH ST,Collision with:  Vehicle in traffic,On Roadway,Broadside (front to side),Driving too fast for conditions,None Indicated,,Dark - roadway lighted,Snow,Clear,None apparent,Non-intersection:  Non-junction/no special feature,Paved,,Property Damage Only,0,0,0,0,0,0,2200,2,2,,POINT (-95.359461526067 42.021836386544)
2014789115,022514-144,02/25/2014,02-February,3-Tuesday,15:44,1500 Hours,District 3 (Northwest),STORM LAKE,BUENA VISTA,IA 7,IA 7/W MILWAUKEE AVE & GENESEO ST,Collision with:  Vehicle in traffic,On Roadway,Rear-end (front to rear),Driving too fast for conditions,None Indicated,,Daylight,Wet,Clear,None apparent,Non-intersection:  Non-junction/no special feature,Paved,,Possible/Unknown,0,1,0,0,1,0,14000,2,5,,POINT (-95.203295549259 42.647465643166)
2014788073,14-0424,02/25/2014,02-February,3-Tuesday,17:26,1700 Hours,District 1 (Central),URBANDALE,POLK,,DOUGLAS PKWY,Collision with:  Vehicle in traffic,On Roadway,Rear-end (front to rear),Followed too close,None Indicated,,Daylight,Dry,Clear,None apparent,Non-intersection:  Non-junction/no special feature,Paved,,Property Damage Only,0,0,0,0,0,0,2800,2,2,,POINT (-93.782541180321 41.629517277065)
2014794348,141185PD,02/25/2014,02-February,3-Tuesday,14:24,1400 Hours,District 1 (Central),BOONE,BOONE,,12TH ST & CRAWFORD ST,Collision with:  Vehicle in traffic,On Roadway,Broadside (front to side),FTYROW:  From stop sign,None Indicated,,Daylight,Snow,Clear,"Surface condition (e.g., wet, icy)",Intersection:  Four-way intersection,Paved,,Minor Injury,0,1,0,1,0,0,6500,2,2,,POINT (-93.886777775501 42.067904252981)
2014790398,14-005056,02/25/2014,02-February,3-Tuesday,02:02,0200 Hours,District 5 (Southeast),,LEE,,Co Rd W62/ARGYLE RD,Non-collision events:  Overturn/rollover,On Roadway,Non-collision (single vehicle),Swerving/Evasive Action,None Indicated,,Dark - roadway not lighted,Snow,Snow,"Surface condition (e.g., wet, icy)",Non-intersection:  Non-junction/no special feature,Paved,,Possible/Unknown,0,1,0,0,1,0,5000,1,1,,POINT (-91.4630096888 40.436162086664)
2014809993,2014-001139,02/25/2014,02-February,3-Tuesday,07:53,0700 Hours,District 6 (East Central),,BENTON,US 218,US 218/15 AVE,Non-collision events:  Overturn/rollover,Roadside,Non-collision (single vehicle),Ran off road - right,None Indicated,,Daylight,Ice/frost,Cloudy,"Surface condition (e.g., wet, icy)",Non-intersection:  Non-junction/no special feature,Paved,,Minor Injury,0,2,0,1,1,0,5000,1,2,,POINT (-92.199624540572 42.289598954335)
2014789080,,02/25/2014,02-February,3-Tuesday,23:45,2300 Hours,District 3 (Northwest),MARCUS,CHEROKEE,,E CEDAR ST,Collision with fixed object:  Tree,On Roadway,Non-collision (single vehicle),Lost Control,None Indicated,,Dark - roadway not lighted,Ice/frost,Clear,"Surface condition (e.g., wet, icy)",Non-intersection:  Non-junction/no special feature,Paved,,Property Damage Only,0,0,0,0,0,0,4050,1,2,,POINT (-95.805564821578 42.825531785653)
2014788151,891401884,02/25/2014,02-February,3-Tuesday,17:20,1700 Hours,District 5 (Southeast),,VAN BUREN,IA 1,IA 1/IOWA 1,Collision with fixed object:  Ditch,On Roadway,Non-collision (single vehicle),Crossed centerline (undivided),None Indicated,,Daylight,Dry,Clear,None apparent,Non-intersection:  Non-junction/no special feature,Paved,,Property Damage Only,0,0,0,0,0,0,11000,1,1,,POINT (-91.932889778484 40.783052394711)
2014787712,2014-0397,02/25/2014,02-February,3-Tuesday,07:54,0700 Hours,District 1 (Central),JEFFERSON,GREENE,,W MONROE ST,Collision with:  Vehicle in traffic,On Roadway,Head-on (front to front),Improper Backing,None Indicated,,Daylight,Snow,Clear,"Surface condition (e.g., wet, icy)",Non-intersection:  Non-junction/no special feature,Paved,,Property Damage Only,0,0,0,0,0,0,3200,2,4,,POINT (-94.383022595782 42.013281483276)
2014788473,14019109,02/25/2014,02-February,3-Tuesday,16:42,1600 Hours,District 2 (Northeast),CEDAR FALLS,BLACK HAWK,,8TH ST & WASHINGTON ST,Collision with:  Vehicle in traffic,On Roadway,Broadside (front to side),FTYROW:  From yield sign,None Indicated,,Daylight,Ice/frost,Clear,None apparent,Intersection:  Four-way intersection,Paved,,Property Damage Only,0,0,0,0,0,0,11000,2,2,,POINT (-92.446843954701 42.531409533061)
2014787931,141389,02/25/2014,02-February,3-Tuesday,07:43,0700 Hours,District 4 (Southwest),,DALLAS,IA 44,IA 44/240TH ST & Co Rd P58/J AVE & J CIR,Collision with:  Vehicle in traffic,On Roadway,"Angle, oncoming left turn",Lost Control,None Indicated,,Daylight,Snow,Clear,"Surface condition (e.g., wet, icy)",Intersection:  Four-way intersection,Paved,,Property Damage Only,0,0,0,0,0,0,1500,2,3,,POINT (-94.105633963545 41.688399497985)
2014788080,GP20140139,02/25/2014,02-February,3-Tuesday,15:10,1500 Hours,District 1 (Central),GRINNELL,POWESHIEK,,INDUSTRIAL AVE,Collision with:  Vehicle in traffic,On Roadway,Broadside (front to side),FTYROW:  Other (explain in narrative),None Indicated,,Daylight,Snow,Clear,None apparent,Non-intersection:  Driveway access (within),Paved,,Property Damage Only,0,0,0,0,0,0,3000,2,2,,POINT (-92.724953231629 41.720887644875)
2014788741,14-01624,02/25/2014,02-February,3-Tuesday,07:54,0700 Hours,District 5 (Southeast),MOUNT PLEASANT,HENRY,,E WASHINGTON ST & S IRIS ST,Collision with:  Vehicle in traffic,On Roadway,Rear-end (front to rear),Followed too close,None Indicated,,Daylight,Snow,Clear,"Surface condition (e.g., wet, icy)",Intersection:  Four-way intersection,Paved,,Property Damage Only,0,0,0,0,0,0,6000,2,17,,POINT (-91.525526885546 40.961248131484)
2014787912,022514-121,02/25/2014,02-February,3-Tuesday,12:03,1200 Hours,District 3 (Northwest),STORM LAKE,BUENA VISTA,,W 5TH ST & BARTON ST,Collision with:  Vehicle in traffic,On Roadway,Broadside (front to side),Ran Stop Sign,None Indicated,,Daylight,Snow,Cloudy,None apparent,Intersection:  Four-way intersection,Paved,,Property Damage Only,0,0,0,0,0,0,5500,2,2,,POINT (-95.214322578813 42.644362296326)
2014790180,14-019139,02/25/2014,02-February,3-Tuesday,18:09,1800 Hours,District 2 (Northeast),,BLACK HAWK,,Co Rd C66/E DUNKERTON RD & SCHENK RD,Collision with:  Vehicle in traffic,On Roadway,Rear-end (front to rear),Ran Stop Sign,None Indicated,,Dark - roadway not lighted,Snow,Clear,"Surface condition (e.g., wet, icy)",Intersection:  Four-way intersection,Paved,,Possible/Unknown,0,1,0,0,1,0,16000,2,3,,POINT (-92.27823710734 42.570430073591)
2014788093,2014-11891,02/25/2014,02-February,3-Tuesday,15:51,1500 Hours,District 6 (East Central),DAVENPORT,SCOTT,,E 53RD ST & WOODLAND AVE,Collision with:  Vehicle in traffic,On Roadway,"Sideswipe, same direction",Followed too close,None Indicated,,Daylight,Dry,Cloudy,None apparent,Intersection:  T-intersection,Paved,,Property Damage Only,0,0,0,0,0,0,4000,2,4,,POINT (-90.538808369096 41.574791282711)
2014846048,2014013615,02/25/2014,02-February,3-Tuesday,07:10,0700 Hours,District 1 (Central),,POLK,I-35,I-35,Collision with fixed object:  Concrete traffic barrier (median or right side),Median,Broadside (front to side),Driving too fast for conditions,None Indicated,,Daylight,Ice/frost,Cloudy,"Surface condition (e.g., wet, icy)",Non-intersection:  Other non-intersection (explain in narrative),Paved,,Property Damage Only,0,0,0,0,0,0,7900,2,2,,POINT (-93.613648962673 41.649494053196)
2014788219,2014013599,02/25/2014,02-February,3-Tuesday,05:35,0500 Hours,District 1 (Central),URBANDALE,POLK,I-35,I-35,Collision with fixed object:  Other fixed object (explain in narrative),Shoulder,Non-collision (single vehicle),Swerving/Evasive Action,None Indicated,,Dark - roadway not lighted,Wet,Clear,"Surface condition (e.g., wet, icy)",Non-intersection:  Non-junction/no special feature,Paved,,Property Damage Only,0,0,0,0,0,0,2500,1,1,,POINT (-93.720455494016 41.652630189345)
2014788059,20140005267,02/25/2014,02-February,3-Tuesday,16:57,1600 Hours,District 1 (Central),DES MOINES,POLK,US 69,US 69/E 14TH ST & E WASHINGTON AVE,Collision with:  Vehicle in traffic,On Roadway,Rear-end (front to rear),Driving too fast for conditions,None Indicated,,Daylight,Wet,Cloudy,"Surface condition (e.g., wet, icy)",Intersection:  Four-way intersection,Paved,,Property Damage Only,0,0,0,0,0,0,2100,2,3,,POINT (-93.600507526819 41.607707035262)
2014787927,14-02660,02/26/2014,02-February,4-Wednesday,04:47,0400 Hours,District 3 (Northwest),SPENCER,CLAY,,Co Rd B24/350TH ST & W 4TH ST,Collision with:  Animal,,,Animal,None Indicated,,,,,,,Paved,,Property Damage Only,0,0,0,0,0,0,1501,1,1,,POINT (-95.170459228467 43.142841907498)
2014798709,S14-B2603F,02/26/2014,02-February,4-Wednesday,18:35,1800 Hours,District 5 (Southeast),,CLARKE,,Co Rd R15/130 AVE,Collision with:  Animal,,,Animal,None Indicated,,,,,,,Paved,,Property Damage Only,0,0,0,0,0,0,3500,1,1,,POINT (-93.956997780725 40.944491488405)
2014788046,20140005326,02/26/2014,02-February,4-Wednesday,11:01,1100 Hours,District 1 (Central),DES MOINES,POLK,US 69,US 69/SE 14TH ST,Collision with:  Vehicle in traffic,On Roadway,Rear-end (front to rear),Driving too fast for conditions,None Indicated,,Daylight,Dry,Clear,None apparent,Non-intersection:  Non-junction/no special feature,Paved,,Property Damage Only,0,0,0,0,0,0,4500,3,4,,POINT (-93.596956750875 41.562292900755)
2014788481,W14-019546,02/26/2014,02-February,4-Wednesday,19:00,1900 Hours,District 2 (Northeast),WATERLOO,BLACK HAWK,,KERN ST,Collision with:  Parked motor vehicle,On Roadway,Unknown,Unknown,None Indicated,,Unknown,Ice/frost,Cloudy,None apparent,Non-intersection:  Non-junction/no special feature,Paved,,Property Damage Only,0,0,0,0,0,0,2000,2,1,,POINT (-92.338423920491 42.515299904936)
2014788399,14-000400,02/26/2014,02-February,4-Wednesday,15:38,1500 Hours,District 1 (Central),ALTOONA,POLK,,ADVENTURELAND DR,Collision with:  Vehicle in traffic,On Roadway,"Angle, oncoming left turn",FTYROW:  Making left turn,None Indicated,,Daylight,Dry,Clear,None apparent,Non-intersection:  Driveway access (within),Paved,,Property Damage Only,0,0,0,0,0,0,4000,2,2,,POINT (-93.489820600234 41.658510142051)
2014788775,14-0904,02/26/2014,02-February,4-Wednesday,17:02,1700 Hours,District 6 (East Central),HIAWATHA,LINN,,KACENA RD,Collision with:  Vehicle in traffic,On Roadway,"Sideswipe, opposite direction",Made improper turn,None Indicated,,Daylight,Dry,Clear,None apparent,Non-intersection:  Driveway access (within),Paved,,Property Damage Only,0,0,0,0,0,0,3500,2,2,,POINT (-91.681129814301 42.054177983757)
2014788385,20140005369,02/26/2014,02-February,4-Wednesday,19:26,1900 Hours,District 1 (Central),DES MOINES,POLK,,FOREST AVE & 32ND ST,Collision with:  Non-motorist (see non-motorist section - NOT a unit),On Roadway,Non-collision (single vehicle),Other (explain in narrative):  No improper action,None Indicated,,Dark - roadway lighted,Ice/frost,Cloudy,None apparent,Non-intersection:  Non-junction/no special feature,Paved,,Minor Injury,0,1,0,1,0,0,1500,1,1,,POINT (-93.66088375981 41.603998097293)
2014815063,14-0219,02/26/2014,02-February,4-Wednesday,13:56,1300 Hours,District 1 (Central),,GREENE,,U AVE,Non-collision events:  Overturn/rollover,On Roadway,Non-collision (single vehicle),Swerving/Evasive Action,None Indicated,,Daylight,Ice/frost,Clear,"Surface condition (e.g., wet, icy)",Non-intersection:  Non-junction/no special feature,Unpaved,,Property Damage Only,0,0,0,0,0,0,3000,1,3,,POINT (-94.241582546153 41.904749213452)
2014790919,14-001633,02/26/2014,02-February,4-Wednesday,16:34,1600 Hours,District 6 (East Central),INDEPENDENCE,BUCHANAN,,1ST ST E & 11TH AVE NE,Collision with:  Vehicle in traffic,On Roadway,Rear-end (front to rear),Swerving/Evasive Action,None Indicated,,Daylight,Dry,Clear,None apparent,Non-intersection:  Driveway access (within),Paved,,Property Damage Only,0,0,0,0,0,0,11000,2,2,,POINT (-91.88006509551 42.468788666608)
2014788374,14-0234,02/26/2014,02-February,4-Wednesday,17:25,1700 Hours,District 1 (Central),CLIVE,POLK,I-35,I-35,Non-collision events:  Other non-collision (explain in narrative),On Roadway,"Sideswipe, same direction",Swerving/Evasive Action,None Indicated,,Daylight,Dry,Clear,None apparent,Non-intersection:  Non-junction/no special feature,Paved,,Property Damage Only,0,0,0,0,0,0,3000,2,2,,POINT (-93.776876473444 41.605659679263)
2014788396,14-0428,02/26/2014,02-February,4-Wednesday,08:10,0800 Hours,District 1 (Central),URBANDALE,POLK,I-35,I-35,Collision with:  Vehicle in traffic,On Roadway,Rear-end (front to rear),Followed too close,None Indicated,,Daylight,Dry,Clear,None apparent,Non-intersection:  Non-junction/no special feature,Paved,,Property Damage Only,0,0,0,0,0,0,2200,2,2,,POINT (-93.715881280696 41.652757847817)
2014788333,14-06505,02/26/2014,02-February,4-Wednesday,17:21,1700 Hours,District 5 (Southeast),BURLINGTON,DES MOINES,,SUNNYSIDE AVE & GOLF LN,Collision with fixed object:  Traffic sign support,On Roadway,Non-collision (single vehicle),Ran off road - left,Alcohol (Statutory),,Daylight,Dry,Cloudy,None apparent,Intersection:  T-intersection,Paved,,Property Damage Only,0,0,0,0,0,0,2000,1,1,,POINT (-91.120119484192 40.832321975281)
2014789414,2014002186,02/26/2014,02-February,4-Wednesday,21:07,2100 Hours,District 6 (East Central),IOWA CITY,JOHNSON,,E BENTON ST & S GILBERT ST,Collision with:  Vehicle in traffic,On Roadway,Broadside (front to side),FTYROW:  From stop sign,None Indicated,,Dark - roadway lighted,Dry,Cloudy,None apparent,Intersection:  Four-way intersection,Paved,,Minor Injury,0,1,0,1,0,0,4500,2,3,,POINT (-91.53166024555 41.651101985012)
2014788373,14-0232,02/26/2014,02-February,4-Wednesday,16:55,1600 Hours,District 1 (Central),CLIVE,POLK,I-35,I-35,Collision with:  Vehicle in traffic,On Roadway,Rear-end (front to rear),Driving too fast for conditions,None Indicated,,Daylight,Dry,Clear,None apparent,Non-intersection:  Non-junction/no special feature,Paved,,Property Damage Only,0,0,0,0,0,0,3500,2,2,,POINT (-93.776876459722 41.60765927491)
2014788356,14008329,02/26/2014,02-February,4-Wednesday,23:22,2300 Hours,District 5 (Southeast),MUSCATINE,MUSCATINE,,GRANDVIEW AVE,Collision with fixed object:  Curb/island/raised median,On Roadway,Non-collision (single vehicle),Ran off road - right,None Indicated,,Dark - roadway lighted,Dry,Clear,None apparent,Non-intersection:  Non-junction/no special feature,Paved,,Minor Injury,0,1,0,1,0,0,22000,1,1,,POINT (-91.057826126078 41.413767314253)
2014790779,14-001337,02/26/2014,02-February,4-Wednesday,13:37,1300 Hours,District 4 (Southwest),PERRY,DALLAS,IA 141,IA 141/141ST ST/IOWA 141 & IA 144/1ST AVE & Co Rd P58/J AVE,Collision with:  Vehicle in traffic,On Roadway,"Angle, oncoming left turn",FTYROW:  Making left turn,None Indicated,,Daylight,Dry,Clear,None apparent,Intersection:  Four-way intersection,Paved,,Property Damage Only,0,0,0,0,0,0,14000,2,2,,POINT (-94.10650836909 41.830375120553)