Iowa DOT Case Number,Law Enforcement Case Number,Date of Crash,Month of Crash,Day of Week,Time of Crash,Hour,DOT District,City Name,County Name,Route with System,Location Description,First Harmful Event,Location of First Harmful Event,Manner of Crash/Collision,Major Cause,Drug or Alcohol ,Environmental Conditions,Light Conditions,Surface Conditions,Weather Conditions,Roadway Contribution,Roadway Type,Roadway Surface,Work Zone,Crash Severity,Number of Fatalities,Number of Injuries,Number of Major Injuries,Number of Minor Injuries,Number of Possible Injuries,Number of Unknown Injuries,Amount of Property Damage,Number of Vehicles Involved,Total Number of Occupants,Travel Direction,Location
2014789357,14002988,02/26/2014,02-February,4-Wednesday,08:08,0800 Hours,District 2 (Northeast),MASON CITY,CERRO GORDO,,12TH ST NE,Collision with:  Vehicle in traffic,On Roadway,Broadside (front to side),Improper Backing,None Indicated,,Daylight,Ice/frost,Clear,None apparent,Non-intersection:  Non-junction/no special feature,Paved,,Property Damage Only,0,0,0,0,0,0,2500,2,2,,POINT (-93.183841963386 43.162943005933)
2014788962,14-000933,02/26/2014,02-February,4-Wednesday,09:10,0900 Hours,District 1 (Central),AMES,STORY,,10TH ST & ROOSEVELT AVE,Collision with:  Vehicle in traffic,On Roadway,Broadside (front to side),FTYROW:  From stop sign,None Indicated,,Daylight,Snow,Clear,"Surface condition (e.g., wet, icy)",Intersection:  Four-way intersection,Paved,,Minor Injury,0,1,0,1,0,0,12000,2,3,,POINT (-93.622478218722 42.031301387508)
2014799810,14C00815,02/26/2014,02-February,4-Wednesday,06:46,0600 Hours,District 4 (Southwest),CRESTON,UNION,,S LINCOLN ST,Collision with:  Vehicle in traffic,On Roadway,Head-on (front to front),Improper Backing,None Indicated,,Daylight,Dry,Cloudy,None apparent,Non-intersection:  Driveway access (within),Paved,,Property Damage Only,0,0,0,0,0,0,2100,2,1,,POINT (-94.376243600728 41.053559242167)
2014788400,14-000403,02/26/2014,02-February,4-Wednesday,18:15,1800 Hours,District 1 (Central),ALTOONA,POLK,,1ST AVE S,Collision with:  Vehicle in traffic,On Roadway,Rear-end (front to rear),Driver Distraction:  Passenger,None Indicated,,Daylight,Dry,Clear,None apparent,Intersection:  Four-way intersection,Paved,,Property Damage Only,0,0,0,0,0,0,6000,2,6,,POINT (-93.464602147674 41.64234787365)
2014792343,14-000846,02/26/2014,02-February,4-Wednesday,08:15,0800 Hours,District 2 (Northeast),GARNER,HANCOCK,,W 8TH ST & E 8TH ST & STATE ST,Collision with:  Vehicle in traffic,On Roadway,Broadside (front to side),FTYROW:  From stop sign,None Indicated,,Daylight,Snow,Clear,"Surface condition (e.g., wet, icy)",Intersection:  Four-way intersection,Paved,,Property Damage Only,0,0,0,0,0,0,9500,2,2,,POINT (-93.602108178365 43.09779708022)
2014788346,2014002170,02/26/2014,02-February,4-Wednesday,11:13,1100 Hours,District 6 (East Central),IOWA CITY,JOHNSON,,LOWER MUSCATINE RD & SYCAMORE ST,Collision with:  Vehicle in traffic,On Roadway,Broadside (front to side),Ran Traffic Signal,None Indicated,,Daylight,Dry,Clear,None apparent,Intersection:  Four-way intersection,Paved,,Property Damage Only,0,0,0,0,0,0,2500,2,3,,POINT (-91.511505769622 41.646042047709)
2014789673,14-000290,02/26/2014,02-February,4-Wednesday,13:52,1300 Hours,District 1 (Central),AMES,STORY,,IOWA STATE UNIVERSITY,Collision with:  Vehicle in traffic,On Roadway,Broadside (front to side),FTYROW:  At uncontrolled intersection,None Indicated,,Daylight,Wet,Clear,None apparent,Non-intersection:  Driveway access (within),Paved,,Property Damage Only,0,0,0,0,0,0,2500,2,2,,POINT (-93.635830846949 42.01711489841)
2014788937,2014-12139,02/26/2014,02-February,4-Wednesday,20:10,2000 Hours,District 6 (East Central),DAVENPORT,SCOTT,,W 42ND ST & MARQUETTE ST,Collision with:  Vehicle in traffic,On Roadway,Rear-end (front to rear),Followed too close,None Indicated,,Dark - roadway lighted,Dry,Clear,None apparent,Non-intersection:  Non-junction/no special feature,Paved,,Property Damage Only,0,0,0,0,0,0,2000,2,2,,POINT (-90.591006843964 41.563792843045)
2014788298,W14-019383,02/26/2014,02-February,4-Wednesday,12:32,1200 Hours,District 2 (Northeast),WATERLOO,BLACK HAWK,,W SAN MARNAN DR & E SAN MARNAN DR & KIMBALL AVE,Collision with:  Vehicle in traffic,On Roadway,Broadside (front to side),FTYROW:  Making left turn,None Indicated,,Daylight,Dry,Clear,None apparent,Intersection:  Four-way intersection,Paved,,Major Injury,0,3,1,0,2,0,22000,3,4,,POINT (-92.356631295301 42.457504957763)
2014788264,1400019,02/26/2014,02-February,4-Wednesday,08:04,0800 Hours,District 1 (Central),ACKLEY,HARDIN,,4TH AVE & MITCHELL ST,Collision with:  Vehicle in traffic,On Roadway,Broadside (front to side),FTYROW:  From yield sign,None Indicated,,Daylight,Ice/frost,Clear,"Surface condition (e.g., wet, icy)",Intersection:  Four-way intersection,Paved,,Property Damage Only,0,0,0,0,0,0,8000,2,5,,POINT (-93.053093525298 42.550176530223)
2014788301,W14-019410,02/26/2014,02-February,4-Wednesday,13:56,1300 Hours,District 2 (Northeast),WATERLOO,BLACK HAWK,,RAINBOW DR,Collision with:  Vehicle in traffic,On Roadway,"Sideswipe, same direction",Other (explain in narrative):  Other,None Indicated,,Daylight,Dry,Clear,None apparent,Non-intersection:  Non-junction/no special feature,Paved,,Property Damage Only,0,0,0,0,0,0,2000,2,2,,POINT (-92.38387576793 42.510699149331)
2014788048,20140005333,02/26/2014,02-February,4-Wednesday,11:48,1100 Hours,District 1 (Central),DES MOINES,POLK,US 6,US 6/HUBBELL AVE & E 46TH ST & NE 46TH ST,Collision with:  Vehicle in traffic,On Roadway,Rear-end (front to rear),FTYROW:  Other (explain in narrative),None Indicated,,Daylight,Dry,Clear,None apparent,Non-intersection:  Non-junction/no special feature,Paved,,Property Damage Only,0,0,0,0,0,0,10000,2,4,,POINT (-93.522306964609 41.641847953686)
2014789432,14-004188,02/26/2014,02-February,4-Wednesday,07:14,0700 Hours,District 5 (Southeast),HAMILTON,MARION,IA 5,IA 5/IOWA 5,Collision with:  Animal,,,Animal,None Indicated,,,,,,,Paved,,Property Damage Only,0,0,0,0,0,0,2000,1,1,,POINT (-92.911993606783 41.164859274425)
2014824102,G39022614A,02/26/2014,02-February,4-Wednesday,05:56,0500 Hours,District 4 (Southwest),GUTHRIE CENTER,GUTHRIE,,SCHOOL ST,Collision with fixed object:  Utility pole/light support,Roadside,Non-collision (single vehicle),Crossed centerline (undivided),None Indicated,,Dawn,Snow,Clear,"Surface condition (e.g., wet, icy)",Non-intersection:  Non-junction/no special feature,Paved,,Property Damage Only,0,0,0,0,0,0,4000,1,1,,POINT (-94.496912756545 41.668900151398)
2014788607,,02/26/2014,02-February,4-Wednesday,15:41,1500 Hours,District 6 (East Central),BELLE PLAINE,BENTON,IA 21,IA 21/7TH AVE/13TH ST,Collision with:  Vehicle in traffic,On Roadway,Unknown,Made improper turn,None Indicated,,Daylight,Dry,Clear,None apparent,Intersection:  Four-way intersection,Paved,,Property Damage Only,0,0,0,0,0,0,3500,2,2,,POINT (-92.278226373482 41.897052267023)
2014788304,14-1928,02/26/2014,02-February,4-Wednesday,07:40,0700 Hours,District 3 (Northwest),CARROLL,CARROLL,US 71,US 71 & 3RD ST,Collision with:  Vehicle in traffic,On Roadway,"Angle, oncoming left turn",FTYROW:  Making left turn,None Indicated,,Daylight,Dry,Cloudy,None apparent,Intersection:  Four-way intersection,Paved,,Property Damage Only,0,0,0,0,0,0,8000,2,2,,POINT (-94.878530262965 42.064131369247)
2014788486,14-051,02/26/2014,02-February,4-Wednesday,08:20,0800 Hours,District 2 (Northeast),WAVERLY,BREMER,,6TH AVE SE,Non-collision events:  Other non-collision (explain in narrative),On Roadway,Broadside (front to side),Other (explain in narrative):  Other,None Indicated,,Daylight,Ice/frost,Clear,"Surface condition (e.g., wet, icy)",Intersection:  T-intersection,Paved,,Property Damage Only,0,0,0,0,0,0,1500,2,2,,POINT (-92.463837506203 42.719555255947)
2014792344,14-000847,02/26/2014,02-February,4-Wednesday,08:10,0800 Hours,District 2 (Northeast),GARNER,HANCOCK,,225TH ST,Non-collision events:  Overturn/rollover,On Roadway,Non-collision (single vehicle),Ran off road - right,None Indicated,,Daylight,Snow,Clear,"Surface condition (e.g., wet, icy)",Non-intersection:  Non-junction/no special feature,Unpaved,,Property Damage Only,0,0,0,0,0,0,3000,1,2,,POINT (-93.655680393527 43.090505841445)
2014788497,14003003,02/26/2014,02-February,4-Wednesday,16:53,1600 Hours,District 2 (Northeast),MASON CITY,CERRO GORDO,,TENNESSEE PL,Collision with fixed object:  Tree,On Roadway,Non-collision (single vehicle),Swerving/Evasive Action,Alcohol (< Statutory),,Daylight,Snow,Cloudy,None apparent,Non-intersection:  Non-junction/no special feature,Paved,,Possible/Unknown,0,1,0,0,1,0,3000,1,3,,POINT (-93.178782678453 43.149092571834)
2014788512,01-14-8141,02/26/2014,02-February,4-Wednesday,15:02,1500 Hours,District 6 (East Central),DUBUQUE,DUBUQUE,,ASBURY RD,Collision with:  Vehicle in traffic,On Roadway,Rear-end (front to rear),Lost Control,None Indicated,,Daylight,Dry,Clear,None apparent,Non-intersection:  Non-junction/no special feature,Paved,,Possible/Unknown,0,1,0,0,1,0,3000,2,4,,POINT (-90.734722592558 42.515294339107)
2014788527,201402819,02/26/2014,02-February,4-Wednesday,10:40,1000 Hours,District 6 (East Central),CEDAR RAPIDS,LINN,,41ST ST NE & LENNOX AVE NE,Collision with:  Parked motor vehicle,On Roadway,"Sideswipe, same direction",Unknown,None Indicated,,Daylight,Ice/frost,Clear,None apparent,Intersection:  T-intersection,Paved,,Property Damage Only,0,0,0,0,0,0,5550,2,1,,POINT (-91.642162849719 42.020418056079)
2014788414,2014-12047,02/26/2014,02-February,4-Wednesday,08:47,0800 Hours,District 6 (East Central),DAVENPORT,SCOTT,,W 8TH ST,Collision with:  Parked motor vehicle,On Roadway,Unknown,Unknown,None Indicated,,Daylight,Dry,Clear,None apparent,Non-intersection:  Non-junction/no special feature,Paved,,Property Damage Only,0,0,0,0,0,0,4000,2,1,,POINT (-90.599546301751 41.527801760751)
2014789982,14004075,02/26/2014,02-February,4-Wednesday,16:27,1600 Hours,District 6 (East Central),MARION,LINN,,W 14TH AVE,Collision with fixed object:  Mailbox,On Roadway,Non-collision (single vehicle),Crossed centerline (undivided),None Indicated,,Daylight,Dry,Cloudy,None apparent,Non-intersection:  Driveway access (within),Paved,,Property Damage Only,0,0,0,0,0,0,3100,1,1,,POINT (-91.623385719092 42.039801176879)
2014788392,20140005335,02/26/2014,02-February,4-Wednesday,12:58,1200 Hours,District 1 (Central),DES MOINES,POLK,,UNIVERSITY AVE & 9TH ST,Collision with:  Vehicle in traffic,On Roadway,Rear-end (front to rear),Improper or erratic lane changing,Drug,,Daylight,Dry,Clear,None apparent,Non-intersection:  Non-junction/no special feature,Paved,,Property Damage Only,0,0,0,0,0,0,15000,2,2,,POINT (-93.629363211566 41.600788258918)
2014788507,01-14-8178,02/26/2014,02-February,4-Wednesday,18:36,1800 Hours,District 6 (East Central),DUBUQUE,DUBUQUE,US 52,US 52/CENTRAL AVE & E 25TH ST,Collision with:  Vehicle in traffic,On Roadway,Broadside (front to side),FTYROW:  From stop sign,None Indicated,,Dark - roadway lighted,Dry,Clear,None apparent,Intersection:  T-intersection,Paved,,Property Damage Only,0,0,0,0,0,0,2000,2,4,,POINT (-90.673862567088 42.517514546512)
2014788678,14-2681,02/26/2014,02-February,4-Wednesday,13:01,1300 Hours,District 3 (Northwest),SPENCER,CLAY,US 18,US 18/N GRAND AVE,Collision with:  Vehicle in traffic,On Roadway,"Sideswipe, same direction",FTYROW:  From parked position,None Indicated,,Daylight,Dry,Clear,None apparent,Non-intersection:  Non-junction/no special feature,Paved,,Property Damage Only,0,0,0,0,0,0,3500,2,2,,POINT (-95.144654705248 43.140906514649)
2014788397,14-0429,02/26/2014,02-February,4-Wednesday,12:53,1200 Hours,District 1 (Central),URBANDALE,POLK,,HOLCOMB AVE & ROCKLYN DR,Collision with fixed object:  Traffic sign support,Outside trafficway,Non-collision (single vehicle),Driving too fast for conditions,None Indicated,,Daylight,Snow,Clear,None apparent,Intersection:  T-intersection,Paved,,Property Damage Only,0,0,0,0,0,0,3600,1,2,,POINT (-93.711283807906 41.616919881496)
2014788495,14002987,02/26/2014,02-February,4-Wednesday,08:00,0800 Hours,District 2 (Northeast),MASON CITY,CERRO GORDO,,S EISENHOWER AVE,Collision with:  Vehicle in traffic,On Roadway,Rear-end (front to rear),Driving too fast for conditions,None Indicated,,Daylight,Ice/frost,Clear,"Surface condition (e.g., wet, icy)",Non-intersection:  Non-junction/no special feature,Paved,,Property Damage Only,0,0,0,0,0,0,3400,2,2,,POINT (-93.26062974443 43.149295605925)
2014788525,201402816,02/26/2014,02-February,4-Wednesday,08:47,0800 Hours,District 6 (East Central),CEDAR RAPIDS,LINN,I-380,I-380,Collision with fixed object:  Other fixed object (explain in narrative),Median,Non-collision (single vehicle),Unknown,None Indicated,,Daylight,Dry,Clear,None apparent,Non-intersection:  Non-junction/no special feature,Paved,,Property Damage Only,0,0,0,0,0,0,3000,1,1,,POINT (-91.671201331004 41.894280044453)
2014789135,14-06512,02/26/2014,02-February,4-Wednesday,18:29,1800 Hours,District 5 (Southeast),,DES MOINES,US 61,US 61,Collision with:  Vehicle in traffic,On Roadway,"Sideswipe, opposite direction",FTYROW:  Other (explain in narrative),None Indicated,,Dark - roadway not lighted,Dry,Clear,None apparent,Non-intersection:  Non-junction/no special feature,Paved,,Possible/Unknown,0,1,0,0,1,0,3000,2,2,,POINT (-91.17006198364 40.879218109586)
2014789168,14027490,02/26/2014,02-February,4-Wednesday,07:49,0700 Hours,District 6 (East Central),,JOHNSON,IA 1,IA 1/IOWA 1,Collision with:  Vehicle in traffic,On Roadway,Broadside (front to side),Made improper turn,None Indicated,,Daylight,Dry,Clear,None apparent,Intersection:  T-intersection,Paved,,Property Damage Only,0,0,0,0,0,0,10000,2,5,,POINT (-91.483572339498 41.707571621185)
2014789088,,02/26/2014,02-February,4-Wednesday,12:21,1200 Hours,District 3 (Northwest),ARNOLDS PARK,DICKINSON,,,Collision with:  Vehicle in traffic,On Roadway,"Sideswipe, opposite direction","Operating vehicle in an reckless, erratic, careless, negligent manner",None Indicated,,Daylight,Ice/frost,"Blowing sand, soil, dirt",None apparent,Non-intersection:  Non-junction/no special feature,,,Property Damage Only,0,0,0,0,0,0,11000,2,2,,POINT (-96.643700149993 40.233091251414)
2014788065,20140005300,02/26/2014,02-February,4-Wednesday,02:36,0200 Hours,District 1 (Central),DES MOINES,POLK,I-235,I-235,Collision with fixed object:  Concrete traffic barrier (median or right side),On Roadway,Non-collision (single vehicle),Unknown,None Indicated,,Dark - roadway lighted,Dry,Clear,None apparent,"Interchange-related:  Off-ramp, diverge area",Paved,,Property Damage Only,0,0,0,0,0,0,10500,1,2,,POINT (-93.619273380805 41.595988152218)
2014788160,14-0566,02/26/2014,02-February,4-Wednesday,08:27,0800 Hours,District 1 (Central),FORT DODGE,WEBSTER,,N 18TH ST,Collision with:  Vehicle in traffic,On Roadway,Broadside (front to side),Driving too fast for conditions,None Indicated,,Daylight,Snow,Clear,"Surface condition (e.g., wet, icy)",Non-intersection:  Alley,Paved,,Property Damage Only,0,0,0,0,0,0,5000,2,2,,POINT (-94.173650200828 42.507741288741)
2014788964,14-000939,02/26/2014,02-February,4-Wednesday,11:58,1100 Hours,District 1 (Central),AMES,STORY,US 69,US 69/S DUFF AVE,Collision with:  Vehicle in traffic,On Roadway,Rear-end (front to rear),Followed too close,None Indicated,,Daylight,Dry,Clear,None apparent,Non-intersection:  Non-junction/no special feature,Paved,,Minor Injury,0,1,0,1,0,0,6000,2,2,,POINT (-93.610255225244 42.010093481045)
2014789576,CL14000569,02/26/2014,02-February,4-Wednesday,14:44,1400 Hours,District 6 (East Central),CLINTON,CLINTON,IA 136,IA 136/IOWA 136,Collision with:  Vehicle in traffic,On Roadway,Rear-end (front to rear),Other (explain in narrative):  Other,None Indicated,,Daylight,Dry,Clear,None apparent,Non-intersection:  Non-junction/no special feature,Paved,,Property Damage Only,0,0,0,0,0,0,4200,2,4,,POINT (-90.181615693387 41.86611061581)
2014790315,1400949,02/26/2014,02-February,4-Wednesday,20:18,2000 Hours,District 1 (Central),AMES,STORY,,17TH ST & DOUGLAS AVE,Collision with:  Vehicle in traffic,On Roadway,"Sideswipe, opposite direction",Lost Control,None Indicated,,Dark - roadway lighted,Snow,Cloudy,None apparent,Non-intersection:  Non-junction/no special feature,Paved,,Property Damage Only,0,0,0,0,0,0,3000,2,1,,POINT (-93.612358905388 42.039290597808)
2014794599,1402262326,02/26/2014,02-February,4-Wednesday,23:26,2300 Hours,District 6 (East Central),,JONES,,LEAD MINE RD,Collision with:  Animal,,,Animal,None Indicated,,,,,,,Unpaved,,Property Damage Only,0,0,0,0,0,0,10000,1,1,,POINT (-91.261514811038 42.083549601914)
2014789389,14-01343,02/26/2014,02-February,4-Wednesday,09:40,0900 Hours,District 2 (Northeast),OELWEIN,FAYETTE,IA 3,IA 3/1ST AVE NE/CHARLES ST E & IA 150/1ST AVE SE,Collision with:  Vehicle in traffic,On Roadway,Rear-end (front to rear),Improper Backing,None Indicated,,Daylight,Dry,Clear,None apparent,Intersection:  Four-way intersection,Paved,,Property Damage Only,0,0,0,0,0,0,1800,2,2,,POINT (-91.911932014926 42.67853941374)
2014790214,14-060226-01,02/26/2014,02-February,4-Wednesday,18:25,1800 Hours,District 6 (East Central),,IOWA,,Co Rd F15/F15 BLVD,Collision with:  Animal,,,Animal,None Indicated,,,,,,,Paved,,Property Damage Only,0,0,0,0,0,0,1500,1,1,,POINT (-92.080096154167 41.828364521776)
2014788496,140029999,02/26/2014,02-February,4-Wednesday,16:13,1600 Hours,District 2 (Northeast),MASON CITY,CERRO GORDO,,24TH ST SW & S WASHINGTON AVE,Collision with:  Vehicle in traffic,On Roadway,Broadside (front to side),FTYROW:  At uncontrolled intersection,None Indicated,,Daylight,Snow,Clear,None apparent,Non-intersection:  Non-junction/no special feature,Paved,,Property Damage Only,0,0,0,0,0,0,9000,2,2,,POINT (-93.203251524637 43.128997883405)
2014788391,20140005320,02/26/2014,02-February,4-Wednesday,09:58,0900 Hours,District 1 (Central),DES MOINES,POLK,,UNIVERSITY AVE & 41ST ST,Collision with:  Vehicle in traffic,On Roadway,Rear-end (front to rear),Other (explain in narrative):  Other,None Indicated,,Daylight,Ice/frost,Clear,None apparent,Non-intersection:  Non-junction/no special feature,Paved,,Property Damage Only,0,0,0,0,0,0,3000,2,3,,POINT (-93.672906489953 41.600361494775)
2014788463,14001074,02/26/2014,02-February,4-Wednesday,14:03,1400 Hours,District 2 (Northeast),ALGONA,KOSSUTH,US 18,US 18 & N MAIN ST,Collision with:  Vehicle in traffic,On Roadway,Broadside (front to side),FTYROW:  From stop sign,None Indicated,,Daylight,Dry,"Blowing sand, soil, dirt",None apparent,Intersection:  Y-intersection,Paved,,Possible/Unknown,0,1,0,0,1,0,2000,2,2,,POINT (-94.216694238721 43.082791128825)
2014788963,14-000937,02/26/2014,02-February,4-Wednesday,11:50,1100 Hours,District 1 (Central),AMES,STORY,,HAYWARD AVE,Collision with:  Parked motor vehicle,On Roadway,"Sideswipe, same direction",FTYROW:  Other (explain in narrative),None Indicated,,Daylight,Dry,Clear,None apparent,Non-intersection:  Non-junction/no special feature,Paved,,Property Damage Only,0,0,0,0,0,0,4000,2,2,,POINT (-93.651740336854 42.018583804804)
2014788565,14-3865,02/26/2014,02-February,4-Wednesday,16:30,1600 Hours,District 6 (East Central),,SCOTT,,Co Rd Y68/SCOTT PK RD,Collision with:  Animal,,,Animal,None Indicated,,,,,,,Paved,,Property Damage Only,0,0,0,0,0,0,7500,1,1,,POINT (-90.542620671883 41.713163775644)
2014787990,14004029,02/26/2014,02-February,4-Wednesday,01:08,0100 Hours,District 6 (East Central),MARION,LINN,,BLAIRS FERRY RD,Non-collision events:  Overturn/rollover,On Roadway,Non-collision (single vehicle),Over correcting/over steering,None Indicated,,Dark - roadway lighted,Dry,Clear,None apparent,Intersection:  Four-way intersection,Paved,,Possible/Unknown,0,1,0,0,0,1,5000,1,1,,POINT (-91.613597972065 42.030974220425)
2014788387,20140005349,02/26/2014,02-February,4-Wednesday,15:30,1500 Hours,District 1 (Central),DES MOINES,POLK,,E LOCUST ST & E 6TH ST,Collision with:  Vehicle in traffic,On Roadway,Broadside (front to side),Ran off road - right,None Indicated,,Daylight,Dry,Clear,None apparent,Intersection:  Four-way intersection,Paved,,Minor Injury,0,2,0,1,1,0,10400,2,3,,POINT (-93.609845288833 41.589949649996)
2014788421,14002095,02/26/2014,02-February,4-Wednesday,08:27,0800 Hours,District 1 (Central),,TAMA,US 63,US 63,Non-collision events:  Overturn/rollover,On Roadway,Non-collision (single vehicle),Over correcting/over steering,None Indicated,,Daylight,Dry,Clear,"Surface condition (e.g., wet, icy)",Non-intersection:  Non-junction/no special feature,Paved,,Possible/Unknown,0,1,0,0,1,0,5000,1,1,,POINT (-92.456222579549 42.269352823493)
2014788044,20140005312,02/26/2014,02-February,4-Wednesday,08:30,0800 Hours,District 1 (Central),DES MOINES,POLK,,URBANDALE AVE & 30TH ST,Collision with:  Vehicle in traffic,On Roadway,Head-on (front to front),Lost Control,None Indicated,,Daylight,Snow,Clear,"Surface condition (e.g., wet, icy)",Non-intersection:  Non-junction/no special feature,Paved,,Property Damage Only,0,0,0,0,0,0,1800,2,3,,POINT (-93.658600605209 41.624934931702)
2014820413,2014-23-AC,02/26/2014,02-February,4-Wednesday,20:45,2000 Hours,District 3 (Northwest),,DICKINSON,IA 86,IA 86/IOWA 86,Unknown,On Roadway,Non-collision (single vehicle),Ran off road - left,None Indicated,,Dark - roadway not lighted,Ice/frost,Snow,"Surface condition (e.g., wet, icy)",Non-intersection:  Non-junction/no special feature,Paved,,Minor Injury,0,1,0,1,0,0,2500,1,1,,POINT (-95.182924868515 43.414622985286)
2014788389,20140005338,02/26/2014,02-February,4-Wednesday,13:38,1300 Hours,District 1 (Central),DES MOINES,POLK,,WALNUT ST & 3RD ST,Collision with:  Vehicle in traffic,On Roadway,Broadside (front to side),Ran Traffic Signal,None Indicated,,Daylight,Dry,Clear,None apparent,Intersection:  Other intersection (explain in narrative),Paved,,Possible/Unknown,0,1,0,0,1,0,6000,2,2,,POINT (-93.620935722446 41.586647677237)
2014794598,1402261923,02/26/2014,02-February,4-Wednesday,19:20,1900 Hours,District 6 (East Central),,JONES,,Co Rd E34/CO RD E-34,Collision with:  Animal,,,Animal,None Indicated,,,,,,,Paved,,Property Damage Only,0,0,0,0,0,0,4000,1,1,,POINT (-91.295762931563 42.097653685654)
2014788540,14-000943,02/26/2014,02-February,4-Wednesday,15:36,1500 Hours,District 1 (Central),ANKENY,POLK,,SE HULSIZER DR,Collision with:  Vehicle in traffic,On Roadway,Broadside (front to side),FTYROW:  From driveway,None Indicated,,Daylight,Dry,Clear,None apparent,Non-intersection:  Driveway access (within),Paved,,Property Damage Only,0,0,0,0,0,0,3500,2,2,,POINT (-93.586057250942 41.705653322465)
2014789877,,02/26/2014,02-February,4-Wednesday,11:15,1100 Hours,District 6 (East Central),CEDAR RAPIDS,LINN,,60TH AVE SW,Collision with:  Vehicle in traffic,On Roadway,Rear-end (front to rear),Unknown,None Indicated,,Daylight,Dry,"Fog, smoke, smog",,Non-intersection:  Non-junction/no special feature,Paved,,Property Damage Only,0,0,0,0,0,0,3000,2,2,,POINT (-91.685587201111 41.919898152789)
2014788406,2014-2033,02/26/2014,02-February,4-Wednesday,12:34,1200 Hours,District 3 (Northwest),ODEBOLT,SAC,IA 39,IA 39/DES MOINES ST & IA 175/MARKET ST/330TH ST & Co Rd M43/FOX AVE,Collision with:  Vehicle in traffic,On Roadway,Rear-end (front to rear),Other (explain in narrative):  No improper action,None Indicated,,Daylight,Dry,Clear,None apparent,Intersection:  Four-way intersection,Paved,,Possible/Unknown,0,2,0,0,2,0,5000,2,3,,POINT (-95.245317156451 42.312417889139)
2014789165,4514-015,02/26/2014,02-February,4-Wednesday,11:54,1100 Hours,District 2 (Northeast),RICEVILLE,HOWARD,,2ND ST & ELM ST,Collision with:  Vehicle in traffic,On Roadway,Broadside (front to side),FTYROW:  At uncontrolled intersection,None Indicated,,Daylight,Snow,Clear,"Surface condition (e.g., wet, icy)",Intersection:  Four-way intersection,Paved,,Property Damage Only,0,0,0,0,0,0,4700,2,3,,POINT (-92.549532866238 43.362953791035)
2014788375,20140005367,02/26/2014,02-February,4-Wednesday,19:00,1900 Hours,District 1 (Central),DES MOINES,POLK,,INDIANOLA AVE,Collision with:  Vehicle in traffic,On Roadway,Head-on (front to front),Made improper turn,None Indicated,,Dark - roadway lighted,Dry,Clear,None apparent,Non-intersection:  Non-junction/no special feature,Paved,,Property Damage Only,0,0,0,0,0,0,11000,2,2,,POINT (-93.599223752913 41.555840887949)
2014788538,14004388,02/26/2014,02-February,4-Wednesday,11:30,1100 Hours,District 5 (Southeast),OSKALOOSA,MAHASKA,,COLLEGE AVE & N E ST,Unknown,On Roadway,Non-collision (single vehicle),FTYROW:  From stop sign,None Indicated,,Daylight,Snow,Clear,Other (explain in narrative),Intersection:  T-intersection,Paved,,Property Damage Only,0,0,0,0,0,0,2000,2,4,,POINT (-92.650610829404 41.303471223575)
2014788161,14-0567,02/26/2014,02-February,4-Wednesday,08:25,0800 Hours,District 1 (Central),FORT DODGE,WEBSTER,,8TH AVE S,Collision with:  Vehicle in traffic,On Roadway,Broadside (front to side),FTYROW:  From driveway,None Indicated,,Daylight,Dry,Clear,None apparent,Non-intersection:  Driveway access (within),Paved,,Possible/Unknown,0,1,0,0,0,1,6000,2,2,,POINT (-94.150728181832 42.49764421114)
2014788372,14-0229,02/26/2014,02-February,4-Wednesday,07:25,0700 Hours,District 1 (Central),CLIVE,POLK,US 6,US 6/HICKMAN RD,Collision with:  Vehicle in traffic,On Roadway,Rear-end (front to rear),Followed too close,None Indicated,,Daylight,Dry,Clear,None apparent,Non-intersection:  Non-junction/no special feature,Paved,,Property Damage Only,0,0,0,0,0,0,7000,2,2,,POINT (-93.792639170165 41.614946563891)
2014787948,14001951,02/26/2014,02-February,4-Wednesday,01:04,0100 Hours,District 2 (Northeast),,FAYETTE,,Co Rd W33/K AVE,Non-collision events:  Overturn/rollover,On Roadway,Non-collision (single vehicle),Ran off road - left,None Indicated,,Dark - roadway not lighted,Snow,Cloudy,"Surface condition (e.g., wet, icy)",Non-intersection:  Non-junction/no special feature,Paved,,Property Damage Only,0,0,0,0,0,0,2500,1,4,,POINT (-91.804628352917 42.718471406988)
2014788376,20140005364,02/26/2014,02-February,4-Wednesday,18:03,1800 Hours,District 1 (Central),DES MOINES,POLK,,FLEUR DR,Collision with fixed object:  Utility pole/light support,On Roadway,Non-collision (single vehicle),Ran off road - right,Alcohol (Statutory),,Dusk,Dry,Cloudy,None apparent,Interchange-related:  On-ramp,Paved,,Minor Injury,0,2,0,1,1,0,6600,1,2,,POINT (-93.644992847536 41.57846274782)
2014790338,2014013912,02/26/2014,02-February,4-Wednesday,15:00,1500 Hours,District 6 (East Central),,JOHNSON,IA 1,IA 1/IOWA 1,Collision with fixed object:  Tree,On Roadway,Non-collision (single vehicle),Swerving/Evasive Action,None Indicated,,Daylight,Dry,Clear,None apparent,Non-intersection:  Non-junction/no special feature,Paved,,Property Damage Only,0,0,0,0,0,0,2500,1,1,,POINT (-91.478606238875 41.760132229822)