Iowa DOT Case Number,Law Enforcement Case Number,Date of Crash,Month of Crash,Day of Week,Time of Crash,Hour,DOT District,City Name,County Name,Route with System,Location Description,First Harmful Event,Location of First Harmful Event,Manner of Crash/Collision,Major Cause,Drug or Alcohol ,Environmental Conditions,Light Conditions,Surface Conditions,Weather Conditions,Roadway Contribution,Roadway Type,Roadway Surface,Work Zone,Crash Severity,Number of Fatalities,Number of Injuries,Number of Major Injuries,Number of Minor Injuries,Number of Possible Injuries,Number of Unknown Injuries,Amount of Property Damage,Number of Vehicles Involved,Total Number of Occupants,Travel Direction,Location
2014788433,14-5740,02/26/2014,02-February,4-Wednesday,07:52,0700 Hours,District 3 (Northwest),SIOUX CITY,WOODBURY,,NEBRASKA ST,Collision with:  Parked motor vehicle,Shoulder,"Sideswipe, opposite direction",Unknown,None Indicated,,Unknown,Snow,Clear,None apparent,Non-intersection:  Non-junction/no special feature,Paved,,Property Damage Only,0,0,0,0,0,0,2500,2,1,,POINT (-96.403797113609 42.5260834775)
2014790528,,02/26/2014,02-February,4-Wednesday,14:21,1400 Hours,District 2 (Northeast),HAMPTON,FRANKLIN,,2ND AVE SW & 4TH ST SW,Collision with:  Vehicle in traffic,On Roadway,Broadside (front to side),FTYROW:  At uncontrolled intersection,None Indicated,,Daylight,Snow,Clear,"Surface condition (e.g., wet, icy)",Intersection:  Four-way intersection,Paved,,Property Damage Only,0,0,0,0,0,0,4000,2,2,,POINT (-93.212287346579 42.73990325578)
2014788542,14-000951,02/26/2014,02-February,4-Wednesday,19:40,1900 Hours,District 1 (Central),ANKENY,POLK,,SE DELAWARE AVE,Collision with:  Vehicle in traffic,Outside trafficway,"Sideswipe, same direction",Other (explain in narrative):  Other,None Indicated,,Dark - roadway lighted,Unknown,Clear,None apparent,Non-intersection:  Non-junction/no special feature,Paved,,Property Damage Only,0,0,0,0,0,0,2000,2,2,,POINT (-93.581181591557 41.711460624402)
2014790311,14000946,02/26/2014,02-February,4-Wednesday,16:44,1600 Hours,District 1 (Central),AMES,STORY,,20TH ST & E 20TH ST & DUFF AVE,Collision with:  Vehicle in traffic,On Roadway,Rear-end (front to rear),Followed too close,None Indicated,,Daylight,Dry,Clear,None apparent,Non-intersection:  Non-junction/no special feature,Paved,,Property Damage Only,0,0,0,0,0,0,6000,2,4,,POINT (-93.610705365418 42.041992368042)
2014790210,14-000870,02/26/2014,02-February,4-Wednesday,18:15,1800 Hours,District 2 (Northeast),BRITT,HANCOCK,,2ND ST SW & 2ND AVE SW,Collision with:  Vehicle in traffic,On Roadway,Broadside (front to side),Driving too fast for conditions,None Indicated,,Dark - roadway lighted,Ice/frost,Cloudy,"Surface condition (e.g., wet, icy)",Intersection:  Four-way intersection,Paved,,Property Damage Only,0,0,0,0,0,0,3500,2,2,,POINT (-93.804151287233 43.095114795291)
2014788348,14000434,02/26/2014,02-February,4-Wednesday,07:56,0700 Hours,District 6 (East Central),IOWA CITY,JOHNSON,,HAWKINS DR,Collision with:  Vehicle in traffic,On Roadway,Rear-end (front to rear),Other (explain in narrative):  Vision obstructed,None Indicated,,Daylight,Dry,Clear,None apparent,Intersection:  T-intersection,Paved,,Property Damage Only,0,0,0,0,0,0,4500,2,3,,POINT (-91.554494561462 41.662136662477)
2014788156,14-0568,02/26/2014,02-February,4-Wednesday,11:00,1100 Hours,District 1 (Central),FORT DODGE,WEBSTER,,S 25TH ST,Collision with:  Parked motor vehicle,Outside trafficway,Broadside (front to side),Other (explain in narrative):  No improper action,None Indicated,,Daylight,Wet,Clear,None apparent,Non-intersection:  Driveway access (within),Paved,,Property Damage Only,0,0,0,0,0,0,2800,2,2,,POINT (-94.163140673573 42.502859284039)
2014789177,201402849,02/26/2014,02-February,4-Wednesday,20:55,2000 Hours,District 6 (East Central),CEDAR RAPIDS,LINN,,A AVE NE & 16TH ST NE,Collision with:  Vehicle in traffic,On Roadway,Broadside (front to side),Ran Stop Sign,None Indicated,,Dark - roadway lighted,Dry,Clear,None apparent,Intersection:  Four-way intersection,Paved,,Property Damage Only,0,0,0,0,0,0,5000,2,4,,POINT (-91.651172180029 41.990172747325)
2014788364,14-000935,02/26/2014,02-February,4-Wednesday,05:56,0500 Hours,District 1 (Central),ANKENY,POLK,,SE HULSIZER DR,Collision with:  Vehicle in traffic,On Roadway,Rear-end (front to rear),Other (explain in narrative):  Other,None Indicated,,Dawn,Ice/frost,Cloudy,None apparent,Non-intersection:  Non-junction/no special feature,Paved,,Property Damage Only,0,0,0,0,0,0,1600,2,2,,POINT (-93.586044577263 41.705581331112)
2014788035,20140005317,02/26/2014,02-February,4-Wednesday,09:03,0900 Hours,District 1 (Central),DES MOINES,POLK,,CENTER ST & 8TH ST,Collision with:  Non-motorist (see non-motorist section - NOT a unit),On Roadway,Non-collision (single vehicle),Unknown,None Indicated,,Daylight,Dry,Clear,None apparent,Intersection:  T-intersection,Paved,,Major Injury,0,1,1,0,0,0,1000,1,1,,POINT (-93.628098116757 41.591598788253)
2014788340,P14-002278,02/26/2014,02-February,4-Wednesday,07:58,0700 Hours,District 1 (Central),WEBSTER CITY,HAMILTON,,BEACH ST,Collision with:  Vehicle in traffic,On Roadway,Rear-end (front to rear),Driving too fast for conditions,None Indicated,,Daylight,Ice/frost,Cloudy,"Surface condition (e.g., wet, icy)",Non-intersection:  Non-junction/no special feature,Paved,,Possible/Unknown,0,2,0,0,2,0,5000,2,33,,POINT (-93.835425562544 42.466991972148)
2014793901,EP14-000278,02/26/2014,02-February,4-Wednesday,07:55,0700 Hours,District 2 (Northeast),EAGLE GROVE,WRIGHT,,2ND ST NE & N WASHINGTON AVE,Collision with:  Vehicle in traffic,On Roadway,Broadside (front to side),FTYROW:  From stop sign,None Indicated,,Daylight,Ice/frost,Clear,"Surface condition (e.g., wet, icy)",Intersection:  Four-way intersection,Paved,,Property Damage Only,0,0,0,0,0,0,11694,2,6,,POINT (-93.894918979804 42.666396914795)
2014788393,20140005356,02/26/2014,02-February,4-Wednesday,17:17,1700 Hours,District 1 (Central),DES MOINES,POLK,,ARMY POST RD & SW 14TH ST,Collision with:  Vehicle in traffic,On Roadway,Broadside (front to side),Ran Traffic Signal,None Indicated,,Daylight,Dry,Clear,None apparent,Intersection:  Four-way intersection,Paved,,Possible/Unknown,0,1,0,0,1,0,11800,3,4,,POINT (-93.635343547649 41.5265533357)
2014788332,14-06461,02/26/2014,02-February,4-Wednesday,07:30,0700 Hours,District 5 (Southeast),BURLINGTON,DES MOINES,,VALLEY ST,Collision with:  Parked motor vehicle,Roadside,"Sideswipe, opposite direction",Illegally Parked/Unattended,None Indicated,,Daylight,Unknown,Clear,Unknown,Non-intersection:  Non-junction/no special feature,Paved,,Property Damage Only,0,0,0,0,0,0,2000,2,1,,POINT (-91.115716205741 40.811081784263)
2014788498,140511,02/26/2014,02-February,4-Wednesday,13:25,1300 Hours,District 3 (Northwest),DENISON,CRAWFORD,,N 14TH ST,Collision with:  Vehicle in traffic,On Roadway,Broadside (front to side),FTYROW:  Other (explain in narrative),None Indicated,,Daylight,Dry,Cloudy,None apparent,Non-intersection:  Alley,Paved,,Property Damage Only,0,0,0,0,0,0,7000,2,2,,POINT (-95.353823087658 42.017305201696)
2014788027,14-1288,02/26/2014,02-February,4-Wednesday,07:10,0700 Hours,District 1 (Central),ANKENY,POLK,US 69,US 69/NE 14TH ST/N ANKENY BLVD & NE 118TH AVE & NE 54TH ST,Collision with:  Vehicle in traffic,On Roadway,"Angle, oncoming left turn",FTYROW:  From stop sign,None Indicated,,Daylight,Dry,Clear,None apparent,Intersection:  Four-way intersection,Paved,,Property Damage Only,0,0,0,0,0,0,7000,2,2,,POINT (-93.600542184093 41.776806036376)
2014788530,14004103,02/27/2014,02-February,5-Thursday,07:13,0700 Hours,District 6 (East Central),MARION,LINN,,10TH ST,Collision with:  Vehicle in traffic,On Roadway,"Sideswipe, same direction",Other (explain in narrative):  Other,None Indicated,,Dawn,Dry,Clear,None apparent,Non-intersection:  Non-junction/no special feature,Paved,,Property Damage Only,0,0,0,0,0,0,3800,2,2,,POINT (-91.59931187449 42.037357352306)
2014788475,14019774,02/27/2014,02-February,5-Thursday,13:50,1300 Hours,District 2 (Northeast),CEDAR FALLS,BLACK HAWK,,20TH ST & MAIN ST,Collision with:  Vehicle in traffic,On Roadway,"Angle, oncoming left turn",FTYROW:  Making left turn,None Indicated,,Daylight,Dry,Clear,None apparent,Intersection:  Four-way intersection,Paved,,Property Damage Only,0,0,0,0,0,0,4000,2,2,,POINT (-92.445863451024 42.519733276403)
2014788578,14-5860,02/27/2014,02-February,5-Thursday,11:38,1100 Hours,District 3 (Northwest),SIOUX CITY,WOODBURY,,SERGEANT RD & S LAKEPORT ST,Collision with:  Vehicle in traffic,On Roadway,"Angle, oncoming left turn",FTYROW:  Making left turn,None Indicated,,Daylight,Dry,Clear,None apparent,Intersection:  Four-way intersection,Paved,,Property Damage Only,0,0,0,0,0,0,5000,2,2,,POINT (-96.346442249789 42.447337096361)
2014788968,14-000967,02/27/2014,02-February,5-Thursday,14:28,1400 Hours,District 1 (Central),AMES,STORY,US 69,US 69/GRAND AVE & 9TH ST,Collision with:  Vehicle in traffic,On Roadway,Rear-end (front to rear),Followed too close,None Indicated,,Daylight,Dry,Clear,None apparent,Intersection:  Four-way intersection,Paved,,Property Damage Only,0,0,0,0,0,0,4500,2,2,,POINT (-93.620293059652 42.030205409151)
2014789094,14019836,02/27/2014,02-February,5-Thursday,16:39,1600 Hours,District 2 (Northeast),CEDAR FALLS,BLACK HAWK,,12TH ST & WASHINGTON ST,Collision with:  Vehicle in traffic,On Roadway,Broadside (front to side),Traveling wrong way or on wrong side of road,None Indicated,,Daylight,Dry,Clear,None apparent,Intersection:  Four-way intersection,Paved,,Property Damage Only,0,0,0,0,0,0,5000,2,2,,POINT (-92.446840641938 42.527645093862)
2014790711,,02/27/2014,02-February,5-Thursday,19:35,1900 Hours,District 5 (Southeast),FORT MADISON,LEE,,AVE L & 37TH ST,Collision with:  Vehicle in traffic,On Roadway,"Angle, oncoming left turn",FTYROW:  From stop sign,None Indicated,,Dark - unknown roadway lighting,Dry,Clear,None apparent,Intersection:  T-intersection,Paved,,Possible/Unknown,0,1,0,0,1,0,2000,2,2,,POINT (-91.360367826413 40.62648622338)
2014815331,,02/27/2014,02-February,5-Thursday,15:15,1500 Hours,District 3 (Northwest),WALL LAKE,SAC,,4TH ST & SUMMIT ST,Collision with:  Vehicle in traffic,On Roadway,Broadside (front to side),FTYROW:  From yield sign,None Indicated,,Daylight,Dry,Clear,None apparent,Intersection:  T-intersection,Paved,,Possible/Unknown,0,1,0,0,1,0,30000,2,2,,POINT (-95.092092231746 42.27309866422)
2014798016,14-1248PD,02/27/2014,02-February,5-Thursday,16:29,1600 Hours,District 1 (Central),BOONE,BOONE,,S HARRISON ST,Collision with:  Parked motor vehicle,Outside trafficway,"Angle, oncoming left turn",Other (explain in narrative):  Other,Under Influence of Alcohol/Drugs/Medications,,Daylight,Dry,Clear,None apparent,Non-intersection:  Non-junction/no special feature,Paved,,Property Damage Only,0,0,0,0,0,0,1500,2,2,,POINT (-93.890030702661 42.057620718446)
2014798041,14-001372,02/27/2014,02-February,5-Thursday,06:28,0600 Hours,District 2 (Northeast),,CLAYTON,US 52,US 52,Collision with:  Vehicle in traffic,On Roadway,"Sideswipe, opposite direction",Crossed centerline (undivided),None Indicated,,Dark - roadway not lighted,Dry,Clear,None apparent,Non-intersection:  Non-junction/no special feature,Paved,,Possible/Unknown,0,1,0,0,1,0,8800,2,2,,POINT (-91.072504220596 42.719573691727)
2014788634,W14-019696,02/27/2014,02-February,5-Thursday,07:24,0700 Hours,District 2 (Northeast),WATERLOO,BLACK HAWK,,E SHAULIS RD,Collision with fixed object:  Utility pole/light support,On Roadway,Non-collision (single vehicle),Lost Control,None Indicated,,Daylight,Ice/frost,Clear,"Surface condition (e.g., wet, icy)",Intersection:  Other intersection (explain in narrative),Paved,,Property Damage Only,0,0,0,0,0,0,3000,1,2,,POINT (-92.308518617576 42.443058518507)
2014789394,20140686,02/27/2014,02-February,5-Thursday,03:50,0300 Hours,District 1 (Central),,GRUNDY,,Co Rd D35/215TH ST,Non-collision events:  Overturn/rollover,On Roadway,Non-collision (single vehicle),Ran off road - left,None Indicated,,Dark - roadway not lighted,Snow,Severe winds,"Surface condition (e.g., wet, icy)",Non-intersection:  Other non-intersection (explain in narrative),Paved,,Property Damage Only,0,0,0,0,0,0,10000,1,1,,POINT (-92.655416903894 42.39144588233)
2014788500,2014-0744,02/27/2014,02-February,5-Thursday,07:40,0700 Hours,District 4 (Southwest),WAUKEE,DALLAS,,UNIVERSITY AVE & ASHWORTH DR & SE LA GRANT PARKWAY,Collision with:  Vehicle in traffic,On Roadway,Rear-end (front to rear),Driving too fast for conditions,None Indicated,,Daylight,Ice/frost,Clear,"Surface condition (e.g., wet, icy)",Intersection:  Four-way intersection,Paved,,Minor Injury,0,1,0,1,0,0,2000,2,3,,POINT (-93.866163738699 41.60039193325)
2014788547,20140005445,02/27/2014,02-February,5-Thursday,17:57,1700 Hours,District 1 (Central),DES MOINES,POLK,,COTTAGE GROVE AVE & 31ST ST,Collision with:  Vehicle in traffic,On Roadway,Broadside (front to side),FTYROW:  From stop sign,None Indicated,,Dusk,Dry,Cloudy,None apparent,Intersection:  Four-way intersection,Paved,,Property Damage Only,0,0,0,0,0,0,4000,2,2,,POINT (-93.659351668944 41.598494473139)
2014788927,14-3708,02/27/2014,02-February,5-Thursday,13:10,1300 Hours,District 6 (East Central),BETTENDORF,SCOTT,,LINCOLN RD & 18TH ST,Collision with:  Vehicle in traffic,On Roadway,Broadside (front to side),Unknown,None Indicated,,Daylight,Dry,Clear,None apparent,Intersection:  Four-way intersection,Paved,,Possible/Unknown,0,1,0,0,1,0,5000,2,2,,POINT (-90.507293774729 41.536294384124)
2014789358,14003032,02/27/2014,02-February,5-Thursday,08:51,0800 Hours,District 2 (Northeast),MASON CITY,CERRO GORDO,,16TH ST NE & N RHODE ISLAND AVE,Collision with:  Vehicle in traffic,On Roadway,Broadside (front to side),Lost Control,None Indicated,,Daylight,Ice/frost,Clear,None apparent,Non-intersection:  Non-junction/no special feature,Paved,,Possible/Unknown,0,1,0,0,1,0,1500,2,2,,POINT (-93.184214795468 43.168300277639)
2014789116,022714-139,02/27/2014,02-February,5-Thursday,17:19,1700 Hours,District 3 (Northwest),STORM LAKE,BUENA VISTA,,E 7TH ST,Collision with:  Vehicle in traffic,On Roadway,Broadside (front to side),FTYROW:  From driveway,None Indicated,,Daylight,Snow,Clear,None apparent,Non-intersection:  Driveway access (within),Paved,,Property Damage Only,0,0,0,0,0,0,3500,2,3,,POINT (-95.194914885025 42.646762107263)
2014789433,14-004332,02/27/2014,02-February,5-Thursday,19:14,1900 Hours,District 5 (Southeast),,MARION,IA 5,IA 5/IOWA 5,Collision with:  Animal,,,Animal,None Indicated,,,,,,,Paved,,Property Damage Only,0,0,0,0,0,0,2500,1,1,,POINT (-93.185417802161 41.325317565204)
2014790206,14-01347,02/27/2014,02-February,5-Thursday,17:00,1700 Hours,District 2 (Northeast),OELWEIN,FAYETTE,IA 150,IA 150/1ST AVE SE,Collision with:  Vehicle in traffic,Outside trafficway,Broadside (front to side),Driving too fast for conditions,None Indicated,,Daylight,Dry,Clear,None apparent,Non-intersection:  Driveway access (within),Paved,,Property Damage Only,0,0,0,0,0,0,4500,2,2,,POINT (-91.912000722548 42.676000524778)
2014789917,14-059,02/27/2014,02-February,5-Thursday,06:45,0600 Hours,District 2 (Northeast),WAVERLY,BREMER,,4TH AVE SW,Collision with:  Vehicle in traffic,On Roadway,"Sideswipe, same direction",Driving too fast for conditions,None Indicated,,Dawn,Ice/frost,Clear,"Surface condition (e.g., wet, icy)",Non-intersection:  Non-junction/no special feature,Paved,,Property Damage Only,0,0,0,0,0,0,3500,2,1,,POINT (-92.477240740348 42.721832568012)
2014788553,20140005441,02/27/2014,02-February,5-Thursday,17:23,1700 Hours,District 1 (Central),DES MOINES,POLK,,UNIVERSITY AVE & 6TH AVE,Collision with:  Vehicle in traffic,On Roadway,Rear-end (front to rear),Ran Traffic Signal,None Indicated,,Daylight,Dry,Clear,None apparent,Intersection:  Four-way intersection,Paved,,Property Damage Only,0,0,0,0,0,0,1500,2,2,,POINT (-93.625763161524 41.600780888675)
2014788579,14-5864,02/27/2014,02-February,5-Thursday,12:20,1200 Hours,District 3 (Northwest),SIOUX CITY,WOODBURY,,11TH ST & JENNINGS ST,Collision with:  Vehicle in traffic,On Roadway,Broadside (front to side),Ran Stop Sign,None Indicated,,Daylight,Dry,Clear,None apparent,Intersection:  Four-way intersection,Paved,,Property Damage Only,0,0,0,0,0,0,5000,2,2,,POINT (-96.399426234583 42.501847284825)
2014789359,14003046,02/27/2014,02-February,5-Thursday,12:46,1200 Hours,District 2 (Northeast),MASON CITY,CERRO GORDO,IA 122,IA 122/4TH ST SW & S GARFIELD AVE & WILLOWBROOK DR,Collision with:  Vehicle in traffic,On Roadway,Rear-end (front to rear),Lost Control,None Indicated,,Daylight,Ice/frost,Clear,"Surface condition (e.g., wet, icy)",Intersection:  Four-way intersection,Paved,,Property Damage Only,0,0,0,0,0,0,1700,2,2,,POINT (-93.227309455179 43.148304080532)
2014788580,14-5866,02/27/2014,02-February,5-Thursday,12:30,1200 Hours,District 3 (Northwest),SIOUX CITY,WOODBURY,,PATTON ST,Collision with:  Vehicle in traffic,On Roadway,Rear-end (front to rear),Followed too close,None Indicated,,Daylight,Dry,Clear,None apparent,Non-intersection:  Non-junction/no special feature,Paved,,Property Damage Only,0,0,0,0,0,0,4000,2,2,,POINT (-96.381570105226 42.429313394198)
2014789377,14001646,02/27/2014,02-February,5-Thursday,11:49,1100 Hours,District 2 (Northeast),EDGEWOOD,CLAYTON,IA 3,IA 3/W UNION ST/E UNION ST & N WASHINGTON ST & S WASHINGTON ST,Collision with:  Vehicle in traffic,On Roadway,"Sideswipe, same direction",Other (explain in narrative):  Other,None Indicated,,Daylight,Dry,Cloudy,None apparent,Intersection:  Four-way intersection,Paved,,Property Damage Only,0,0,0,0,0,0,1500,2,3,,POINT (-91.401186110549 42.644442721898)
2014788597,14-1103,02/27/2014,02-February,5-Thursday,14:17,1400 Hours,District 2 (Northeast),,KOSSUTH,,460 ST & 100 AVE,Collision with:  Vehicle in traffic,On Roadway,Head-on (front to front),Swerving/Evasive Action,None Indicated,,Daylight,Ice/frost,Clear,None apparent,Intersection:  T-intersection,Unpaved,,Minor Injury,0,2,0,2,0,0,12500,2,3,,POINT (-94.265865765545 43.430409538096)
2014790092,2014-12300,02/27/2014,02-February,5-Thursday,17:50,1700 Hours,District 6 (East Central),DAVENPORT,SCOTT,,MIDDLE RD & EASTMERE DR,Non-collision events:  Other non-collision (explain in narrative),On Roadway,Non-collision (single vehicle),Lost Control,None Indicated,,Dark - roadway lighted,Dry,Cloudy,None apparent,Non-intersection:  Non-junction/no special feature,Paved,,Possible/Unknown,0,1,0,0,1,0,2000,1,12,,POINT (-90.525450008517 41.536389538392)
2014788510,01-14-8342,02/27/2014,02-February,5-Thursday,20:54,2000 Hours,District 6 (East Central),DUBUQUE,DUBUQUE,,ROSEDALE AVE,Collision with:  Vehicle in traffic,On Roadway,Rear-end (front to rear),Lost Control,None Indicated,,Dark - roadway lighted,Dry,Clear,None apparent,Non-intersection:  Non-junction/no special feature,Paved,,Minor Injury,0,1,0,1,0,0,250,2,3,,POINT (-90.691789869201 42.504054211663)
2014788482,W14-019790,02/27/2014,02-February,5-Thursday,14:21,1400 Hours,District 2 (Northeast),WATERLOO,BLACK HAWK,,WYTH ROAD,Collision with:  Vehicle in traffic,On Roadway,"Sideswipe, opposite direction",Driving too fast for conditions,None Indicated,,Daylight,Snow,Clear,"Surface condition (e.g., wet, icy)",Non-intersection:  Non-junction/no special feature,Paved,,Possible/Unknown,0,1,0,0,1,0,4000,2,3,,POINT (-92.425430817001 42.533483571547)
2014788938,2014-12238,02/27/2014,02-February,5-Thursday,10:18,1000 Hours,District 6 (East Central),DAVENPORT,SCOTT,,IA 461/BRADY ST,Collision with:  Vehicle in traffic,On Roadway,"Sideswipe, same direction",Other (explain in narrative):  Other,None Indicated,,Daylight,Dry,Clear,None apparent,Non-intersection:  Non-junction/no special feature,Paved,,Possible/Unknown,0,1,0,0,1,0,8000,2,2,,POINT (-90.568741835362 41.556335005224)
2014790793,02-14-3464,02/27/2014,02-February,5-Thursday,18:02,1800 Hours,District 6 (East Central),,DUBUQUE,,Co Rd D41/MONASTERY RD,Non-collision events:  Other non-collision (explain in narrative),On Roadway,Non-collision (single vehicle),Ran off road - straight,Alcohol (Statutory),,Daylight,Dry,Clear,None apparent,Non-intersection:  Non-junction/no special feature,Paved,,Property Damage Only,0,0,0,0,0,0,2600,1,1,,POINT (-90.816505467126 42.396471856649)
2014791302,2014014237,02/27/2014,02-February,5-Thursday,22:09,2200 Hours,District 1 (Central),DES MOINES,POLK,I-35,I-35 & IA 415/2ND AVE,Collision with:  Vehicle in traffic,On Roadway,Broadside (front to side),Ran Traffic Signal,None Indicated,,Dark - roadway lighted,Dry,Clear,None apparent,Intersection:  Four-way intersection,Paved,,Property Damage Only,0,0,0,0,0,0,7000,2,2,,POINT (-93.61999352053 41.648640355424)
2014789713,,02/27/2014,02-February,5-Thursday,18:05,1800 Hours,District 6 (East Central),CEDAR RAPIDS,LINN,IA 922,IA 922/1ST AVE W & 5TH ST SW & 5TH ST NW,Collision with:  Vehicle in traffic,On Roadway,Rear-end (front to rear),Unknown,None Indicated,,Dusk,Dry,Clear,,Intersection:  Four-way intersection,Paved,,Property Damage Only,0,0,0,0,0,0,2000,2,3,,POINT (-91.678207670455 41.974753024751)
2014790731,,02/27/2014,02-February,5-Thursday,18:15,1800 Hours,District 2 (Northeast),,WINNESHIEK,IA 9,IA 9/IOWA 9,Collision with:  Animal,On Roadway,Non-collision (single vehicle),Animal,None Indicated,,Dusk,Dry,Cloudy,,Non-intersection:  Non-junction/no special feature,Paved,,Property Damage Only,0,0,0,0,0,0,2600,1,1,,POINT (-91.711444908302 43.253354400183)
2014788556,14-0440,02/27/2014,02-February,5-Thursday,16:55,1600 Hours,District 1 (Central),URBANDALE,POLK,,PLUM DR,Collision with:  Vehicle in traffic,On Roadway,Broadside (front to side),FTYROW:  Making left turn,None Indicated,,Daylight,Dry,Clear,None apparent,Non-intersection:  Driveway access (within),Paved,,Property Damage Only,0,0,0,0,0,0,2500,2,2,,POINT (-93.769273523579 41.648539840442)
2014790093,2014-12322,02/27/2014,02-February,5-Thursday,20:45,2000 Hours,District 6 (East Central),DAVENPORT,SCOTT,,W 49TH ST,Collision with fixed object:  Curb/island/raised median,Shoulder,Non-collision (single vehicle),Ran off road - straight,None Indicated,,Dark - roadway lighted,Dry,Clear,None apparent,Intersection:  T-intersection,Paved,,Possible/Unknown,0,2,0,0,2,0,100,1,2,,POINT (-90.624002115132 41.570838292269)
2014788574,14-5849,02/27/2014,02-February,5-Thursday,10:00,1000 Hours,District 3 (Northwest),SIOUX CITY,WOODBURY,,S LAKEPORT ST,Collision with:  Vehicle in traffic,On Roadway,"Sideswipe, same direction",FTYROW:  Other (explain in narrative),None Indicated,,Daylight,Dry,Clear,None apparent,Non-intersection:  Non-junction/no special feature,Paved,,Property Damage Only,0,0,0,0,0,0,4000,2,3,,POINT (-96.346413414789 42.461168959088)
2014788378,20140005395,02/27/2014,02-February,5-Thursday,07:42,0700 Hours,District 1 (Central),DES MOINES,POLK,,BELL AVE & SW 9TH ST,Collision with:  Vehicle in traffic,On Roadway,Rear-end (front to rear),Followed too close,None Indicated,,Daylight,Dry,Cloudy,None apparent,Intersection:  Four-way intersection,Paved,,Property Damage Only,0,0,0,0,0,0,1500,2,2,,POINT (-93.625488346352 41.562366416402)
2014789159,P14-002331,02/27/2014,02-February,5-Thursday,14:07,1400 Hours,District 1 (Central),WEBSTER CITY,HAMILTON,,DIVISION ST & DES MOINES ST,Collision with:  Vehicle in traffic,On Roadway,Rear-end (front to rear),Swerving/Evasive Action,None Indicated,,Daylight,Ice/frost,Cloudy,"Surface condition (e.g., wet, icy)",Intersection:  Four-way intersection,Paved,,Property Damage Only,0,0,0,0,0,0,3000,3,4,,POINT (-93.821493229814 42.467569989295)
2014789035,2014014007,02/27/2014,02-February,5-Thursday,07:28,0700 Hours,District 1 (Central),WEST DES MOINES,POLK,I-35,I-35,Collision with:  Vehicle in traffic,On Roadway,Rear-end (front to rear),Driving too fast for conditions,None Indicated,,Daylight,Dry,Clear,None apparent,Non-intersection:  Non-junction/no special feature,Paved,,Property Damage Only,0,0,0,0,0,0,10000,2,3,,POINT (-93.776871618903 41.604254590614)
2014788778,20141019,02/27/2014,02-February,5-Thursday,07:39,0700 Hours,District 6 (East Central),MOUNT VERNON,LINN,US 30,US 30 & IA 1/S 1ST AVE,Collision with:  Vehicle in traffic,On Roadway,Rear-end (front to rear),Followed too close,None Indicated,,Daylight,Dry,Clear,None apparent,Intersection:  Other intersection (explain in narrative),Paved,,Possible/Unknown,0,1,0,0,1,0,5000,2,2,,POINT (-91.423043229506 41.91611470921)
2014788499,140517,02/27/2014,02-February,5-Thursday,09:31,0900 Hours,District 3 (Northwest),DENISON,CRAWFORD,,2ND AVE N,Collision with:  Parked motor vehicle,Shoulder,Unknown,Ran off road - right,None Indicated,,Daylight,Snow,Clear,None apparent,Non-intersection:  Non-junction/no special feature,Paved,,Property Damage Only,0,0,0,0,0,0,6500,2,1,,POINT (-95.355920471286 42.018504954613)
2014788552,20140005418,02/27/2014,02-February,5-Thursday,13:09,1300 Hours,District 1 (Central),DES MOINES,POLK,IA 163,IA 163/E UNIVERSITY AVE & E 40TH ST,Collision with:  Vehicle in traffic,On Roadway,"Sideswipe, same direction",Improper or erratic lane changing,None Indicated,,Daylight,Dry,Clear,None apparent,Non-intersection:  Non-junction/no special feature,Paved,,Property Damage Only,0,0,0,0,0,0,7500,2,2,,POINT (-93.538210208416 41.600611612628)
2014788826,20140005467,02/27/2014,02-February,5-Thursday,23:00,2300 Hours,District 1 (Central),DES MOINES,POLK,,NASH DR,Collision with:  Parked motor vehicle,On Roadway,Head-on (front to front),Unknown,None Indicated,,Dark - roadway lighted,Dry,Clear,None apparent,Non-intersection:  Non-junction/no special feature,Paved,,Property Damage Only,0,0,0,0,0,0,5500,2,2,,POINT (-93.635369193832 41.612410565616)
2014788394,20140005393,02/27/2014,02-February,5-Thursday,05:58,0500 Hours,District 1 (Central),DES MOINES,POLK,IA 28,IA 28/63RD ST,Collision with:  Animal,,,Animal,None Indicated,,,,,,,Paved,,Property Damage Only,0,0,0,0,0,0,3000,1,1,,POINT (-93.697181181817 41.526636432233)
2014788377,20140005394,02/27/2014,02-February,5-Thursday,07:17,0700 Hours,District 1 (Central),DES MOINES,POLK,,FLEUR DR,Collision with:  Vehicle in traffic,On Roadway,Rear-end (front to rear),Followed too close,None Indicated,,Dawn,Dry,Clear,None apparent,Non-intersection:  Non-junction/no special feature,Paved,,Property Damage Only,0,0,0,0,0,0,4000,2,3,,POINT (-93.644921246059 41.570059367653)
2014788577,14-5859,02/27/2014,02-February,5-Thursday,11:34,1100 Hours,District 3 (Northwest),SIOUX CITY,WOODBURY,,30TH ST & JACKSON ST,Collision with:  Vehicle in traffic,On Roadway,Broadside (front to side),FTYROW:  From stop sign,None Indicated,,Daylight,Dry,Clear,None apparent,Intersection:  Four-way intersection,Paved,,Property Damage Only,0,0,0,0,0,0,5000,3,3,,POINT (-96.402324007585 42.522048256428)