Iowa DOT Case Number,Law Enforcement Case Number,Date of Crash,Month of Crash,Day of Week,Time of Crash,Hour,DOT District,City Name,County Name,Route with System,Location Description,First Harmful Event,Location of First Harmful Event,Manner of Crash/Collision,Major Cause,Drug or Alcohol ,Environmental Conditions,Light Conditions,Surface Conditions,Weather Conditions,Roadway Contribution,Roadway Type,Roadway Surface,Work Zone,Crash Severity,Number of Fatalities,Number of Injuries,Number of Major Injuries,Number of Minor Injuries,Number of Possible Injuries,Number of Unknown Injuries,Amount of Property Damage,Number of Vehicles Involved,Total Number of Occupants,Travel Direction,Location
2014788575,14-5855,02/27/2014,02-February,5-Thursday,10:59,1000 Hours,District 3 (Northwest),SIOUX CITY,WOODBURY,,DACE AVE & FLOYD BLVD,Collision with:  Vehicle in traffic,On Roadway,"Sideswipe, same direction",Other (explain in narrative):  Other,None Indicated,,Daylight,Dry,Clear,None apparent,Intersection:  Four-way intersection,Paved,,Property Damage Only,0,0,0,0,0,0,2000,2,2,,POINT (-96.393387943375 42.488762825753)
2014788544,14-000966,02/27/2014,02-February,5-Thursday,14:24,1400 Hours,District 1 (Central),ANKENY,POLK,,NE DELAWARE AVE,Collision with:  Vehicle in traffic,On Roadway,Rear-end (front to rear),Other (explain in narrative):  Other,None Indicated,,Daylight,Dry,Clear,None apparent,Intersection:  Four-way intersection,Paved,,Property Damage Only,0,0,0,0,0,0,2000,3,3,,POINT (-93.581075249982 41.731681994577)
2014790720,,02/27/2014,02-February,5-Thursday,22:46,2200 Hours,District 5 (Southeast),FORT MADISON,LEE,,AVE L & 27TH ST,Collision with:  Parked motor vehicle,On Roadway,Head-on (front to front),Unknown,None Indicated,,Dark - roadway lighted,Dry,Clear,None apparent,Intersection:  Four-way intersection,Paved,,Possible/Unknown,0,1,0,0,1,0,3000,3,1,,POINT (-91.344619199308 40.626973155512)
2014789190,14-0914,02/27/2014,02-February,5-Thursday,14:55,1400 Hours,District 6 (East Central),HIAWATHA,LINN,,ROBINS RD & CENTER POINT RD & EMMONS ST,Collision with:  Vehicle in traffic,On Roadway,Broadside (front to side),Unknown,None Indicated,,Daylight,Dry,Clear,None apparent,Intersection:  Four-way intersection,Paved,,Property Damage Only,0,0,0,0,0,0,7000,2,2,,POINT (-91.673461938901 42.03879683197)
2014790091,2014-12281,02/27/2014,02-February,5-Thursday,16:09,1600 Hours,District 6 (East Central),DAVENPORT,SCOTT,US 6,US 6/W KIMBERLY RD,Collision with:  Vehicle in traffic,On Roadway,"Sideswipe, opposite direction",Unknown,None Indicated,,Daylight,Snow,Snow,None apparent,Non-intersection:  Non-junction/no special feature,Paved,,Property Damage Only,0,0,0,0,0,0,3000,2,2,,POINT (-90.572491109699 41.560278000462)
2014788484,14-3377,02/27/2014,02-February,5-Thursday,22:30,2200 Hours,District 2 (Northeast),JANESVILLE,BREMER,US 218,US 218/US 218 NW RAMP A,Non-collision events:  Other non-collision (explain in narrative),Shoulder,Non-collision (single vehicle),Ran off road - left,Alcohol (Statutory),,Dark - roadway not lighted,Dry,Clear,None apparent,Interchange-related:  Off-ramp,Paved,,Property Damage Only,0,0,0,0,0,0,2500,1,1,,POINT (-92.457641567894 42.652641842673)
2014788379,20140005396,02/27/2014,02-February,5-Thursday,07:35,0700 Hours,District 1 (Central),DES MOINES,POLK,US 6,US 6/DOUGLAS AVE & 38TH ST,Collision with:  Vehicle in traffic,On Roadway,"Angle, oncoming left turn",FTYROW:  Making left turn,None Indicated,,Daylight,Dry,Clear,None apparent,Intersection:  Four-way intersection,Paved,,Property Damage Only,0,0,0,0,0,0,8500,2,2,,POINT (-93.66840759662 41.62952603126)
2014788531,14004105,02/27/2014,02-February,5-Thursday,08:06,0800 Hours,District 6 (East Central),MARION,LINN,,4TH AVE & 12TH ST,Collision with:  Vehicle in traffic,On Roadway,Broadside (front to side),Unknown,None Indicated,,Daylight,Dry,Clear,None apparent,Intersection:  Four-way intersection,Paved,,Property Damage Only,0,0,0,0,0,0,4000,2,3,,POINT (-91.596909566475 42.030681333265)
2014789714,,02/27/2014,02-February,5-Thursday,11:00,1100 Hours,District 6 (East Central),CEDAR RAPIDS,LINN,,JOHNSON AVE NW & 18TH ST NW,Collision with:  Vehicle in traffic,On Roadway,Broadside (front to side),Unknown,None Indicated,,Daylight,"Mud, dirt",Severe winds,,Intersection:  Four-way intersection,Paved,,Property Damage Only,0,0,0,0,0,0,6000,2,2,,POINT (-91.696667540715 41.974486769821)
2014789361,14003054,02/27/2014,02-February,5-Thursday,15:22,1500 Hours,District 2 (Northeast),MASON CITY,CERRO GORDO,,12TH ST NE,Collision with:  Vehicle in traffic,On Roadway,Rear-end (front to rear),Lost Control,None Indicated,,Daylight,Ice/frost,Clear,"Surface condition (e.g., wet, icy)",Non-intersection:  Non-junction/no special feature,Paved,,Property Damage Only,0,0,0,0,0,0,4000,2,5,,POINT (-93.190201612311 43.162914601071)
2014789692,2014-0047,02/27/2014,02-February,5-Thursday,07:50,0700 Hours,District 5 (Southeast),CARLISLE,WARREN,IA 5,IA 5/IOWA 5,Collision with:  Vehicle in traffic,On Roadway,"Sideswipe, same direction",Crossed centerline (undivided),None Indicated,,Daylight,Dry,Clear,None apparent,Non-intersection:  Non-junction/no special feature,Paved,,Property Damage Only,0,0,0,0,0,0,1600,2,2,,POINT (-93.512609281011 41.50738569929)
2014789957,4514-016,02/27/2014,02-February,5-Thursday,07:12,0700 Hours,District 2 (Northeast),,HOWARD,,Co Rd V46/ROBIN AVE,Non-collision events:  Overturn/rollover,On Roadway,Non-collision (single vehicle),Other (explain in narrative):  No improper action,None Indicated,,Daylight,Snow,"Blowing sand, soil, dirt","Surface condition (e.g., wet, icy)",Non-intersection:  Non-junction/no special feature,Paved,,Property Damage Only,0,0,0,0,0,0,2000,1,1,,POINT (-92.218920107792 43.315448827399)
2014797997,141230PD,02/27/2014,02-February,5-Thursday,10:59,1000 Hours,District 1 (Central),BOONE,BOONE,,SE LINN ST & S JACKSON ST,Collision with fixed object:  Mailbox,On Roadway,Non-collision (single vehicle),Driving too fast for conditions,None Indicated,,Daylight,Ice/frost,Clear,"Surface condition (e.g., wet, icy)",Non-intersection:  Non-junction/no special feature,Paved,,Property Damage Only,0,0,0,0,0,0,2300,1,1,,POINT (-93.866853768647 42.049845405397)
2014789136,14-006759,02/27/2014,02-February,5-Thursday,16:32,1600 Hours,District 5 (Southeast),WEST BURLINGTON,DES MOINES,,N GEAR AVE,Collision with:  Vehicle in traffic,On Roadway,Unknown,FTYROW:  From driveway,None Indicated,,Daylight,Dry,Clear,None apparent,Non-intersection:  Driveway access (within),Paved,,Property Damage Only,0,0,0,0,0,0,1500,2,2,,POINT (-91.170271532793 40.832813282723)
2014790635,2014-12224,02/27/2014,02-February,5-Thursday,08:35,0800 Hours,District 6 (East Central),DAVENPORT,SCOTT,,N THORNWOOD AVE,Collision with:  Parked motor vehicle,On Roadway,Broadside (front to side),Improper Backing,None Indicated,,Daylight,Dry,Clear,None apparent,Non-intersection:  Driveway access (within),Paved,,Property Damage Only,0,0,0,0,0,0,2000,2,1,,POINT (-90.616580867409 41.531947982026)
2014788581,14-5912,02/27/2014,02-February,5-Thursday,21:41,2100 Hours,District 3 (Northwest),SIOUX CITY,WOODBURY,I-29,I-29,Non-collision events:  Other non-collision (explain in narrative),On Roadway,Non-collision (single vehicle),Lost Control,Alcohol (Statutory),,Dark - roadway not lighted,Dry,Clear,None apparent,Non-intersection:  Non-junction/no special feature,Paved,,Property Damage Only,0,0,0,0,0,0,5132,1,1,,POINT (-96.385490233269 42.477236770594)
2014789691,28-14,02/27/2014,02-February,5-Thursday,15:47,1500 Hours,District 3 (Northwest),ROCK VALLEY,SIOUX,US 18,US 18/10TH ST & 20TH AVE SE,Collision with:  Vehicle in traffic,On Roadway,Rear-end (front to rear),Followed too close,None Indicated,,Daylight,Dry,Clear,None apparent,Intersection:  T-intersection,Paved,,Property Damage Only,0,0,0,0,0,0,5400,3,3,,POINT (-96.287879508879 43.200049179814)
2014790153,,02/27/2014,02-February,5-Thursday,16:31,1600 Hours,District 2 (Northeast),CHARLES CITY,FLOYD,,8TH AVE & D ST,Collision with:  Vehicle in traffic,On Roadway,Broadside (front to side),FTYROW:  At uncontrolled intersection,None Indicated,,Daylight,Ice/frost,Cloudy,"Surface condition (e.g., wet, icy)",Intersection:  Four-way intersection,Paved,,Possible/Unknown,0,2,0,0,2,0,8000,2,2,,POINT (-92.667926633413 43.070038472101)
2014788487,022714-77,02/27/2014,02-February,5-Thursday,09:10,0900 Hours,District 3 (Northwest),MARATHON,BUENA VISTA,,AGORA ST & ATTICA ST,Collision with:  Vehicle in traffic,On Roadway,Broadside (front to side),FTYROW:  From stop sign,Refused,,Daylight,Dry,Clear,None apparent,Intersection:  Four-way intersection,Paved,,Property Damage Only,0,0,0,0,0,0,3500,2,3,,POINT (-94.982180390497 42.861549339539)
2014788761,2014002233,02/27/2014,02-February,5-Thursday,20:42,2000 Hours,District 6 (East Central),IOWA CITY,JOHNSON,,E JEFFERSON ST & N GILBERT ST,Collision with:  Vehicle in traffic,On Roadway,Rear-end (front to rear),Followed too close,None Indicated,,Dark - roadway lighted,Dry,Clear,None apparent,Non-intersection:  Non-junction/no special feature,Paved,,Property Damage Only,0,0,0,0,0,0,5200,2,3,,POINT (-91.530129479362 41.662440063107)
2014792140,,02/27/2014,02-February,5-Thursday,18:30,1800 Hours,District 1 (Central),BOONE,BOONE,,STORY ST,Collision with:  Parked motor vehicle,On Roadway,"Sideswipe, same direction","Operating vehicle in an reckless, erratic, careless, negligent manner",None Indicated,,Dark - roadway lighted,Dry,Clear,None apparent,Non-intersection:  Non-junction/no special feature,Paved,,Property Damage Only,0,0,0,0,0,0,6375,2,2,,POINT (-93.880010054888 42.061867986226)
2014790773,14000933,02/27/2014,02-February,5-Thursday,19:43,1900 Hours,District 3 (Northwest),,CHEROKEE,US 59,US 59 & 470TH ST,Collision with:  Animal,,,Animal,None Indicated,,,,,,,Paved,,Property Damage Only,0,0,0,0,0,0,2500,1,1,,POINT (-95.554247747558 42.836802719538)
2014788939,2014-12276,02/27/2014,02-February,5-Thursday,15:31,1500 Hours,District 6 (East Central),DAVENPORT,SCOTT,,E 53RD ST & BELLE AVE,Collision with:  Vehicle in traffic,On Roadway,Rear-end (front to rear),Followed too close,None Indicated,,Daylight,Dry,Clear,None apparent,Intersection:  T-intersection,Paved,,Property Damage Only,0,0,0,0,0,0,3200,2,2,,POINT (-90.545575614343 41.57471987349)
2014788564,14-007778,02/27/2014,02-February,5-Thursday,15:10,1500 Hours,District 4 (Southwest),COUNCIL BLUFFS,POTTAWATTAMIE,,MYNSTER ST & N 6TH ST,Collision with:  Vehicle in traffic,On Roadway,"Sideswipe, same direction",Other (explain in narrative):  Other,None Indicated,,Daylight,Dry,Clear,None apparent,Non-intersection:  Non-junction/no special feature,Paved,,Property Damage Only,0,0,0,0,0,0,2000,2,6,,POINT (-95.85166083467 41.262507832055)
2014790339,2014014018,02/27/2014,02-February,5-Thursday,08:30,0800 Hours,District 2 (Northeast),NASHUA,CHICKASAW,IA 346,IA 346/SAMPLE ST & GREELEY ST & CHESTNUT ST,Collision with:  Parked motor vehicle,On Roadway,Rear-end (front to rear),Other (explain in narrative):  Vision obstructed,None Indicated,,Daylight,Ice/frost,Clear,"Surface condition (e.g., wet, icy)",Non-intersection:  Non-junction/no special feature,Paved,,Property Damage Only,0,0,0,0,0,0,4000,2,1,,POINT (-92.54005619378 42.954403371234)
2014788509,01-14-8298,02/27/2014,02-February,5-Thursday,15:55,1500 Hours,District 6 (East Central),DUBUQUE,DUBUQUE,,W 13TH ST & LOCUST ST S,Collision with:  Vehicle in traffic,On Roadway,"Sideswipe, same direction",Lost Control,None Indicated,,Daylight,Dry,Clear,None apparent,Non-intersection:  Non-junction/no special feature,Paved,,Property Damage Only,0,0,0,0,0,0,6000,2,2,,POINT (-90.670507445583 42.504613944381)
2014788558,14-0442,02/27/2014,02-February,5-Thursday,17:08,1700 Hours,District 1 (Central),URBANDALE,POLK,,DOUGLAS AVE & 109TH ST,Collision with:  Vehicle in traffic,On Roadway,Rear-end (front to rear),Followed too close,None Indicated,,Dusk,Dry,Clear,None apparent,Non-intersection:  Non-junction/no special feature,Paved,,Property Damage Only,0,0,0,0,0,0,5100,2,2,,POINT (-93.767965671612 41.62941742118)
2014788635,W14-019776,02/27/2014,02-February,5-Thursday,13:54,1300 Hours,District 2 (Northeast),WATERLOO,BLACK HAWK,,BAYARD ST & W 4TH ST,Collision with:  Vehicle in traffic,On Roadway,"Sideswipe, same direction",Made improper turn,None Indicated,,Daylight,Dry,Clear,None apparent,Intersection:  Four-way intersection,Paved,,Possible/Unknown,0,1,0,0,1,0,3500,2,5,,POINT (-92.354629689419 42.485420918046)
2014790481,201400009806,02/27/2014,02-February,5-Thursday,16:38,1600 Hours,District 5 (Southeast),OTTUMWA,WAPELLO,US 34,US 34 & N QUINCY AVE,Collision with:  Vehicle in traffic,On Roadway,Broadside (front to side),Ran Traffic Signal,None Indicated,,Daylight,Dry,Clear,None apparent,Intersection:  Four-way intersection,Paved,,Property Damage Only,0,0,0,0,0,0,12000,2,3,,POINT (-92.438523901528 41.018359903272)
2014788546,14-0239,02/27/2014,02-February,5-Thursday,15:00,1500 Hours,District 1 (Central),CLIVE,POLK,,NW 81ST ST,Collision with:  Parked motor vehicle,On Roadway,Broadside (front to side),Improper Backing,None Indicated,,Daylight,Dry,Clear,None apparent,Non-intersection:  Non-junction/no special feature,Paved,,Property Damage Only,0,0,0,0,0,0,2300,2,2,,POINT (-93.729767085163 41.610426942649)
2014790340,2014014181,02/27/2014,02-February,5-Thursday,14:15,1400 Hours,District 6 (East Central),,LINN,US 30,US 30 & PALISADES KEPLER,Non-collision events:  Overturn/rollover,Median,Non-collision (single vehicle),Ran off road - left,None Indicated,,Daylight,Dry,Clear,None apparent,Non-intersection:  Non-junction/no special feature,Paved,,Property Damage Only,0,0,0,0,0,0,2500,1,1,,POINT (-91.494181923849 41.91893418665)
2014788731,36-2014,02/27/2014,02-February,5-Thursday,20:00,2000 Hours,District 4 (Southwest),,HARRISON,,GORDON AVE,Non-collision events:  Overturn/rollover,On Roadway,Non-collision (single vehicle),Swerving/Evasive Action,None Indicated,,Dark - roadway not lighted,"Mud, dirt",Clear,None apparent,Non-intersection:  Non-junction/no special feature,Unpaved,,Property Damage Only,0,0,0,0,0,0,8000,1,1,,POINT (-95.981736580766 41.776060089833)
2014788980,14-00959,02/27/2014,02-February,5-Thursday,09:00,0900 Hours,District 1 (Central),AMES,STORY,,,Collision with:  Vehicle in traffic,Outside trafficway,Broadside (front to side),FTYROW:  At uncontrolled intersection,None Indicated,,Daylight,Dry,Clear,None apparent,Intersection:  T-intersection,,,Property Damage Only,0,0,0,0,0,0,5998,2,2,,POINT (-96.643700149993 40.233091251414)
2014788554,20140005446,02/27/2014,02-February,5-Thursday,17:41,1700 Hours,District 1 (Central),DES MOINES,POLK,,WATSON POWELL JR WAY & 3RD ST,Collision with:  Vehicle in traffic,On Roadway,Broadside (front to side),FTYROW:  From driveway,None Indicated,,Daylight,Dry,Cloudy,None apparent,Non-intersection:  Driveway access (within),Paved,,Possible/Unknown,0,1,0,0,1,0,11000,2,5,,POINT (-93.621468433156 41.589653220897)
2014788529,201402893,02/27/2014,02-February,5-Thursday,17:25,1700 Hours,District 6 (East Central),CEDAR RAPIDS,LINN,,19TH ST SE,Collision with:  Vehicle in traffic,On Roadway,Rear-end (front to rear),Other (explain in narrative):  Other,None Indicated,,Dusk,Dry,Cloudy,None apparent,Non-intersection:  Non-junction/no special feature,Paved,,Property Damage Only,0,0,0,0,0,0,4600,3,5,,POINT (-91.642585419767 41.990323698002)
2014789592,N14000086,02/27/2014,02-February,5-Thursday,23:10,2300 Hours,District 6 (East Central),NORTH LIBERTY,JOHNSON,,FOREVERGREEN RD,Collision with fixed object:  Ditch,Shoulder,Non-collision (single vehicle),Exceeded authorized speed,Refused,,Dark - roadway not lighted,Dry,Clear,None apparent,Non-intersection:  Non-junction/no special feature,Paved,,Minor Injury,0,1,0,1,0,0,11000,1,1,,POINT (-91.626221768536 41.723227280178)
2014789465,S79140067,02/27/2014,02-February,5-Thursday,15:35,1500 Hours,District 1 (Central),MONTEZUMA,POWESHIEK,US 63,US 63/FRONT ST & JEFFERSON ST,Collision with:  Vehicle in traffic,On Roadway,Rear-end (front to rear),Followed too close,None Indicated,,Daylight,Dry,Clear,None apparent,Non-intersection:  Alley,Paved,,Possible/Unknown,0,1,0,0,1,0,5050,2,2,,POINT (-92.527250600843 41.587289443525)
2014789048,2014014009,02/27/2014,02-February,5-Thursday,07:55,0700 Hours,District 6 (East Central),,CEDAR,I-80,I-80,Collision with:  Vehicle in traffic,On Roadway,"Sideswipe, same direction",Crossed centerline (undivided),None Indicated,,Daylight,Dry,Clear,None apparent,Non-intersection:  Non-junction/no special feature,Paved,,Property Damage Only,0,0,0,0,0,0,8000,2,2,,POINT (-91.351223576649 41.663975360226)
2014789143,01-14-8320,02/27/2014,02-February,5-Thursday,18:59,1800 Hours,District 6 (East Central),DUBUQUE,DUBUQUE,US 52,US 52/KERRIGAN RD & IA 946/IOWA 946,Collision with:  Vehicle in traffic,On Roadway,"Sideswipe, same direction",FTYROW:  From yield sign,None Indicated,,Dark - roadway lighted,Dry,Clear,None apparent,Intersection:  T-intersection,Paved,,Property Damage Only,0,0,0,0,0,0,8000,2,4,,POINT (-90.663075793573 42.494367717773)
2014788637,W14-019905,02/27/2014,02-February,5-Thursday,20:05,2000 Hours,District 2 (Northeast),WATERLOO,BLACK HAWK,,W 5TH ST & WASHINGTON ST,Collision with:  Vehicle in traffic,On Roadway,Broadside (front to side),Unknown,None Indicated,,Dark - roadway lighted,Dry,Clear,None apparent,Intersection:  Four-way intersection,Paved,,Minor Injury,0,1,0,1,0,0,7000,2,2,,POINT (-92.34070618412 42.492735465959)
2014789169,14028068,02/27/2014,02-February,5-Thursday,09:56,0900 Hours,District 6 (East Central),,JOHNSON,,LINDER RD,Collision with:  Vehicle in traffic,On Roadway,"Sideswipe, opposite direction",Unknown,None Indicated,,Daylight,Ice/frost,Clear,None apparent,Non-intersection:  Non-junction/no special feature,Paved,,Property Damage Only,0,0,0,0,0,0,10000,2,2,,POINT (-91.531379429362 41.689350436644)
2014788381,20140005408,02/27/2014,02-February,5-Thursday,12:07,1200 Hours,District 1 (Central),DES MOINES,POLK,US 69,US 69/SE 14TH ST,Collision with:  Vehicle in traffic,On Roadway,Rear-end (front to rear),Unknown,None Indicated,,Daylight,Dry,Clear,None apparent,Intersection:  Four-way intersection,Paved,,Possible/Unknown,0,1,0,0,1,0,2000,2,3,,POINT (-93.596844014059 41.581316864791)
2014788508,01-14-8221,02/27/2014,02-February,5-Thursday,07:41,0700 Hours,District 6 (East Central),DUBUQUE,DUBUQUE,US 20,US 20/RAMP,Collision with:  Vehicle in traffic,On Roadway,Broadside (front to side),Ran Traffic Signal,None Indicated,,Daylight,Dry,Clear,None apparent,Intersection:  Four-way intersection,Paved,,Property Damage Only,0,0,0,0,0,0,7000,2,2,,POINT (-90.686613432097 42.491954816116)
2014788362,14-1319,02/27/2014,02-February,5-Thursday,08:00,0800 Hours,District 1 (Central),GRIMES,POLK,,SW 19TH ST,Collision with:  Vehicle in traffic,On Roadway,Rear-end (front to rear),Driving too fast for conditions,None Indicated,,Daylight,Ice/frost,Clear,"Surface condition (e.g., wet, icy)",Non-intersection:  Non-junction/no special feature,Paved,,Property Damage Only,0,0,0,0,0,0,4500,3,3,,POINT (-93.776651766321 41.672935501616)
2014792731,14-2142,02/27/2014,02-February,5-Thursday,08:00,0800 Hours,District 3 (Northwest),ARTHUR,IDA,IA 175,IA 175/IOWA 175,Collision with:  Vehicle in traffic,On Roadway,Unknown,FTYROW:  From driveway,None Indicated,,Daylight,Dry,Clear,None apparent,Non-intersection:  Driveway access (within),Paved,,Property Damage Only,0,0,0,0,0,0,1500,2,3,,POINT (-95.344574083619 42.333493381007)
2014790718,,02/27/2014,02-February,5-Thursday,01:08,0100 Hours,District 3 (Northwest),SERGEANT BLUFF,WOODBURY,,F ST,Collision with:  Parked motor vehicle,On Roadway,"Sideswipe, same direction","Operating vehicle in an reckless, erratic, careless, negligent manner",None Indicated,,Dark - roadway not lighted,Ice/frost,Clear,None apparent,Non-intersection:  Driveway access (within),Paved,,Property Damage Only,0,0,0,0,0,0,1500,2,1,,POINT (-96.357639342981 42.400455539421)
2014790482,201400009811,02/27/2014,02-February,5-Thursday,17:18,1700 Hours,District 5 (Southeast),OTTUMWA,WAPELLO,,W 4TH ST,Collision with fixed object:  Other fixed object (explain in narrative),On Roadway,Non-collision (single vehicle),Ran off road - left,None Indicated,,Daylight,Dry,Clear,None apparent,Non-intersection:  Non-junction/no special feature,Paved,,Property Damage Only,0,0,0,0,0,0,5000,1,2,,POINT (-92.419746183695 41.026230096739)
2014789087,,02/27/2014,02-February,5-Thursday,19:49,1900 Hours,District 6 (East Central),DE WITT,CLINTON,US 30,US 30,Collision with:  Animal,On Roadway,Non-collision (single vehicle),Animal,None Indicated,,Dark - roadway not lighted,Dry,Clear,None apparent,Non-intersection:  Non-junction/no special feature,Paved,,Property Damage Only,0,0,0,0,0,0,20000,1,4,,POINT (-90.568628420318 41.819908332299)
2014789158,P14-002322,02/27/2014,02-February,5-Thursday,08:27,0800 Hours,District 1 (Central),WEBSTER CITY,HAMILTON,,DIVISION ST & DES MOINES ST,Collision with:  Vehicle in traffic,On Roadway,Rear-end (front to rear),Driving too fast for conditions,None Indicated,,Daylight,Ice/frost,Cloudy,"Surface condition (e.g., wet, icy)",Non-intersection:  Non-junction/no special feature,Paved,,Possible/Unknown,0,1,0,0,1,0,6000,3,4,,POINT (-93.821493229814 42.467569989295)
2014788967,14-000958,02/27/2014,02-February,5-Thursday,07:40,0700 Hours,District 1 (Central),AMES,STORY,US 30,US 30/SE RAMP CURV/SW RAMP CURV & S DAYTON AVE,Collision with:  Vehicle in traffic,On Roadway,Rear-end (front to rear),Followed too close,None Indicated,,Daylight,Dry,Clear,None apparent,Intersection:  Intersection with ramp,Paved,,Property Damage Only,0,0,0,0,0,0,8998,2,2,,POINT (-93.586277040462 42.005471972893)
2014789360,14003051,02/27/2014,02-February,5-Thursday,14:24,1400 Hours,District 2 (Northeast),MASON CITY,CERRO GORDO,,15TH ST SW & S WILSON AVE,Collision with:  Vehicle in traffic,On Roadway,Broadside (front to side),FTYROW:  At uncontrolled intersection,None Indicated,,Daylight,Ice/frost,Clear,"Surface condition (e.g., wet, icy)",Intersection:  Four-way intersection,Paved,,Property Damage Only,0,0,0,0,0,0,4000,2,2,,POINT (-93.241870632188 43.138945192288)
2014788299,W14-019704,02/27/2014,02-February,5-Thursday,08:22,0800 Hours,District 2 (Northeast),WATERLOO,BLACK HAWK,,W 6TH ST & BLUFF ST,Collision with:  Vehicle in traffic,On Roadway,Broadside (front to side),Ran Traffic Signal,None Indicated,,Daylight,Dry,Clear,None apparent,Interchange-related:  Off-ramp,Paved,,Property Damage Only,0,0,0,0,0,0,8000,2,2,,POINT (-92.339470614059 42.492197007436)
2014788483,201400801,02/27/2014,02-February,5-Thursday,20:15,2000 Hours,District 1 (Central),,BOONE,US 30,US 30/220TH ST,Collision with:  Animal,,,Animal,None Indicated,,,,,,,Paved,,Property Damage Only,0,0,0,0,0,0,2000,1,1,,POINT (-93.895788378387 42.034753501826)
2014788555,14-0439,02/27/2014,02-February,5-Thursday,15:30,1500 Hours,District 1 (Central),URBANDALE,POLK,,NW URBANDALE DR,Collision with:  Vehicle in traffic,On Roadway,Broadside (front to side),Ran Traffic Signal,None Indicated,,Daylight,Dry,Clear,None apparent,Intersection:  T-intersection,Paved,,Possible/Unknown,0,1,0,0,1,0,2500,2,2,,POINT (-93.772336113091 41.647564546871)
2014788533,14004141,02/27/2014,02-February,5-Thursday,16:15,1600 Hours,District 6 (East Central),MARION,LINN,,MARION BLVD,Collision with:  Vehicle in traffic,On Roadway,"Sideswipe, same direction",FTYROW:  Other (explain in narrative),None Indicated,,Daylight,Dry,Clear,None apparent,Non-intersection:  Other non-intersection (explain in narrative),Paved,,Property Damage Only,0,0,0,0,0,0,2030,2,3,,POINT (-91.611719761152 42.031239717376)
2014796423,14-030227-01,02/27/2014,02-February,5-Thursday,18:14,1800 Hours,District 6 (East Central),,IOWA,US 6,US 6,Collision with:  Animal,,,Animal,None Indicated,,,,,,,Paved,,Property Damage Only,0,0,0,0,0,0,1500,1,1,,POINT (-91.91577916471 41.76916130449)
2014788572,S14-2000,02/27/2014,02-February,5-Thursday,22:31,2200 Hours,District 3 (Northwest),SIOUX CITY,WOODBURY,,5TH ST & WESLEY PKWY & W 3RD ST,Collision with:  Vehicle in traffic,On Roadway,"Angle, oncoming left turn",Ran Traffic Signal,None Indicated,,Dark - roadway lighted,Dry,Clear,None apparent,Intersection:  Four-way intersection,Paved,,Property Damage Only,0,0,0,0,0,0,6000,2,4,,POINT (-96.410625624565 42.495211025862)
2014788513,2014-0859,02/27/2014,02-February,5-Thursday,08:41,0800 Hours,District 1 (Central),STEAMBOAT ROCK,HARDIN,,2ND ST,Collision with:  Vehicle in traffic,On Roadway,Unknown,FTYROW:  From driveway,None Indicated,,Daylight,Snow,Clear,None apparent,Non-intersection:  Driveway access (within),Paved,,Property Damage Only,0,0,0,0,0,0,2000,2,5,,POINT (-93.063352722828 42.408877570821)
2014788524,C14000622,02/27/2014,02-February,5-Thursday,17:20,1700 Hours,District 6 (East Central),CORALVILLE,JOHNSON,,CORAL RIDGE AVE,Collision with:  Vehicle in traffic,On Roadway,Rear-end (front to rear),Followed too close,None Indicated,,Daylight,Dry,Clear,None apparent,Non-intersection:  Non-junction/no special feature,Paved,,Property Damage Only,0,0,0,0,0,0,4500,2,3,,POINT (-91.608298447554 41.701404229764)
2014788561,14-000406,02/27/2014,02-February,5-Thursday,07:20,0700 Hours,District 1 (Central),ALTOONA,POLK,,2ND ST NW,Collision with:  Parked motor vehicle,On Roadway,Rear-end (front to rear),Other (explain in narrative):  Vision obstructed,None Indicated,,Dawn,Dry,Clear,None apparent,Non-intersection:  Non-junction/no special feature,Paved,,Property Damage Only,0,0,0,0,0,0,5000,2,1,,POINT (-93.467598074107 41.653144348981)
2014788563,14-007757,02/27/2014,02-February,5-Thursday,12:10,1200 Hours,District 4 (Southwest),COUNCIL BLUFFS,POTTAWATTAMIE,US 275,US 275/OMAHA BRIDGE RD & DENMARK DR,Collision with:  Vehicle in traffic,On Roadway,Broadside (front to side),Ran Traffic Signal,None Indicated,,Daylight,Dry,Clear,None apparent,Intersection:  Four-way intersection,Paved,,Possible/Unknown,0,1,0,0,1,0,8000,2,2,,POINT (-95.833939728389 41.219264696645)
2014788969,14-000968,02/27/2014,02-February,5-Thursday,14:25,1400 Hours,District 1 (Central),AMES,STORY,US 69,US 69/S DUFF AVE & CHESTNUT ST,Collision with:  Vehicle in traffic,On Roadway,Rear-end (front to rear),Other (explain in narrative):  Other,None Indicated,,Daylight,Dry,Clear,None apparent,Intersection:  Four-way intersection,Paved,,Property Damage Only,0,0,0,0,0,0,6500,2,2,,POINT (-93.610292893176 42.01150731613)
2014788782,14004486,02/27/2014,02-February,5-Thursday,17:08,1700 Hours,District 5 (Southeast),OSKALOOSA,MAHASKA,,5TH AVE E,Non-collision events:  Other non-collision (explain in narrative),On Roadway,Broadside (front to side),FTYROW:  At uncontrolled intersection,None Indicated,,Daylight,Dry,Clear,None apparent,Non-intersection:  Non-junction/no special feature,Paved,,Property Damage Only,0,0,0,0,0,0,2600,2,4,,POINT (-92.637899109965 41.290857120867)