Iowa DOT Case Number,Law Enforcement Case Number,Date of Crash,Month of Crash,Day of Week,Time of Crash,Hour,DOT District,City Name,County Name,Route with System,Location Description,First Harmful Event,Location of First Harmful Event,Manner of Crash/Collision,Major Cause,Drug or Alcohol ,Environmental Conditions,Light Conditions,Surface Conditions,Weather Conditions,Roadway Contribution,Roadway Type,Roadway Surface,Work Zone,Crash Severity,Number of Fatalities,Number of Injuries,Number of Major Injuries,Number of Minor Injuries,Number of Possible Injuries,Number of Unknown Injuries,Amount of Property Damage,Number of Vehicles Involved,Total Number of Occupants,Travel Direction,Location
2014793675,B14281739,02/28/2014,02-February,6-Friday,17:39,1700 Hours,District 2 (Northeast),SHEFFIELD,FRANKLIN,,Co Rd C13/255TH ST,Collision with:  Vehicle in traffic,On Roadway,"Sideswipe, opposite direction",Crossed centerline (undivided),None Indicated,,Dusk,Snow,Snow,"Surface condition (e.g., wet, icy)",Non-intersection:  Non-junction/no special feature,Paved,,Possible/Unknown,0,2,0,0,2,0,8500,2,3,,POINT (-93.043604797066 42.898496254293)
2014788661,14-3423,02/28/2014,02-February,6-Friday,21:18,2100 Hours,District 2 (Northeast),,BREMER,US 218,US 218,Non-collision events:  Overturn/rollover,On Roadway,Non-collision (single vehicle),Swerving/Evasive Action,None Indicated,,Dark - roadway not lighted,Ice/frost,Snow,"Surface condition (e.g., wet, icy)",Non-intersection:  Non-junction/no special feature,Paved,,Major Injury,0,4,1,2,1,0,1000,1,4,,POINT (-92.546264691726 42.895264061238)
2014788707,01-14-8485,02/28/2014,02-February,6-Friday,17:15,1700 Hours,District 6 (East Central),DUBUQUE,DUBUQUE,,JOHN F KENNEDY RD & CARTER RD,Collision with:  Vehicle in traffic,On Roadway,Broadside (front to side),FTYROW:  Making left turn,None Indicated,,Dusk,Dry,Clear,None apparent,Intersection:  T-intersection,Paved,,Property Damage Only,0,0,0,0,0,0,4000,2,4,,POINT (-90.721336600991 42.50179113179)
2014789715,,02/28/2014,02-February,6-Friday,15:54,1500 Hours,District 6 (East Central),CEDAR RAPIDS,LINN,,F AVE & B AVE NE & 1ST ST,Collision with:  Vehicle in traffic,On Roadway,Rear-end (front to rear),Unknown,None Indicated,,Daylight,Dry,Clear,,Non-intersection:  Other non-intersection (explain in narrative),Paved,,Minor Injury,0,1,0,1,0,0,6000,2,2,,POINT (-91.671465789027 41.979736813505)
2014794201,,02/28/2014,02-February,6-Friday,17:14,1700 Hours,District 2 (Northeast),,WINNESHIEK,US 52,US 52,Non-collision events:  Overturn/rollover,On Roadway,Non-collision (single vehicle),Ran off road - left,None Indicated,,Daylight,Snow,Snow,"Surface condition (e.g., wet, icy)",Non-intersection:  Non-junction/no special feature,Paved,,Property Damage Only,0,0,0,0,0,0,3500,1,1,,POINT (-91.810367458109 43.341922797633)
2014899586,NT-14-033,02/28/2014,02-February,6-Friday,07:45,0700 Hours,District 1 (Central),NEVADA,STORY,,F AVE & 9TH ST,Collision with:  Vehicle in traffic,On Roadway,Broadside (front to side),FTYROW:  At uncontrolled intersection,None Indicated,,Daylight,Dry,Clear,None apparent,Intersection:  Four-way intersection,Paved,,Property Damage Only,0,0,0,0,0,0,6000,2,2,,POINT (-93.448245461329 42.016622704576)
2014789540,14-20069,02/28/2014,02-February,6-Friday,10:29,1000 Hours,District 2 (Northeast),RAYMOND,BLACK HAWK,,S 3RD ST & OLD US 20,Collision with:  Vehicle in traffic,On Roadway,"Angle, oncoming left turn",FTYROW:  Making left turn,None Indicated,,Daylight,Dry,Clear,None apparent,Intersection:  Y-intersection,Paved,,Property Damage Only,0,0,0,0,0,0,13000,2,2,,POINT (-92.21973671389 42.464156683527)
2014820412,2014-24-AC,02/28/2014,02-February,6-Friday,14:10,1400 Hours,District 3 (Northwest),TERRIL,DICKINSON,,S SCHOOLEY ST & W ROSS AVE & E ROSS AVE,Collision with:  Vehicle in traffic,On Roadway,Rear-end (front to rear),Driving too fast for conditions,None Indicated,,Daylight,Snow,Snow,None apparent,Non-intersection:  Non-junction/no special feature,Paved,,Property Damage Only,0,0,0,0,0,0,3200,2,3,,POINT (-94.973355150681 43.303854423072)
2014788768,201402918,02/28/2014,02-February,6-Friday,11:48,1100 Hours,District 6 (East Central),CEDAR RAPIDS,LINN,,BLAIRS FERRY RD NE,Collision with:  Vehicle in traffic,On Roadway,Rear-end (front to rear),Other (explain in narrative):  Other,None Indicated,,Daylight,Dry,Clear,None apparent,Non-intersection:  Non-junction/no special feature,Paved,,Property Damage Only,0,0,0,0,0,0,1800,2,2,,POINT (-91.667408692563 42.034763905037)
2014788986,14S00252,02/28/2014,02-February,6-Friday,15:48,1500 Hours,District 4 (Southwest),AFTON,UNION,,JEFFERSON ST & PIERCE ST,Collision with fixed object:  Utility pole/light support,Outside trafficway,Non-collision (single vehicle),Swerving/Evasive Action,None Indicated,,Daylight,Other (explain in narrative),Cloudy,None apparent,Non-intersection:  Non-junction/no special feature,Paved,,Property Damage Only,0,0,0,0,0,0,3000,1,1,,POINT (-94.199955222295 41.032839073909)
2014789461,14-000253,02/28/2014,02-February,6-Friday,10:58,1000 Hours,District 1 (Central),JOHNSTON,POLK,,NW BEAVER DR,Collision with:  Vehicle in traffic,On Roadway,Rear-end (front to rear),Driver Distraction:  Manual operation of an electronic communication device,None Indicated,,Daylight,Dry,Cloudy,None apparent,Non-intersection:  Non-junction/no special feature,Paved,,Property Damage Only,0,0,0,0,0,0,2700,2,2,,POINT (-93.680097348641 41.672592665981)
2014788769,201402911,02/28/2014,02-February,6-Friday,08:45,0800 Hours,District 6 (East Central),CEDAR RAPIDS,LINN,IA 922,IA 922/1ST AVE W & 10TH ST SW & 10TH ST NW,Collision with:  Vehicle in traffic,On Roadway,Rear-end (front to rear),Driving too fast for conditions,None Indicated,,Daylight,Dry,Cloudy,None apparent,Non-intersection:  Non-junction/no special feature,Paved,,Property Damage Only,0,0,0,0,0,0,2700,2,2,,POINT (-91.684517760157 41.972519862207)
2014789792,1402-019,02/28/2014,02-February,6-Friday,14:40,1400 Hours,District 3 (Northwest),,OSCEOLA,,Co Rd A22/170TH ST,Collision with fixed object:  Mailbox,On Roadway,Non-collision (single vehicle),Driving too fast for conditions,None Indicated,,Daylight,Snow,Snow,None apparent,Non-intersection:  Non-junction/no special feature,Paved,,Property Damage Only,0,0,0,0,0,0,3200,1,1,,POINT (-95.618032358383 43.403521688863)
2014788767,2014002246,02/28/2014,02-February,6-Friday,05:58,0500 Hours,District 6 (East Central),IOWA CITY,JOHNSON,I-80,I-80,Collision with:  Vehicle in traffic,On Roadway,Rear-end (front to rear),Followed too close,None Indicated,,Dark - roadway lighted,Dry,Clear,None apparent,Interchange-related:  Off-ramp,Paved,,Property Damage Only,0,0,0,0,0,0,1700,2,2,,POINT (-91.501362604108 41.685765447668)
2014808092,2014014374,02/28/2014,02-February,6-Friday,13:22,1300 Hours,District 1 (Central),,GRUNDY,US 20,US 20,Non-collision events:  Overturn/rollover,On Roadway,Non-collision (single vehicle),Swerving/Evasive Action,None Indicated,,Daylight,Dry,Cloudy,None apparent,Non-intersection:  Non-junction/no special feature,Paved,,Possible/Unknown,0,1,0,0,1,0,3000,1,1,,POINT (-92.729926269199 42.463000040068)
2014795684,SO14-0241,02/28/2014,02-February,6-Friday,03:15,0300 Hours,District 2 (Northeast),,WRIGHT,,Co Rd R38/MADISON AVE,Collision with fixed object:  Ditch,On Roadway,Non-collision (single vehicle),Crossed centerline (undivided),Alcohol (Statutory),,Dark - roadway not lighted,Ice/frost,Cloudy,Unknown,Non-intersection:  Non-junction/no special feature,Paved,,Possible/Unknown,0,1,0,0,1,0,1500,1,1,,POINT (-93.73511823372 42.663859650476)
2014788638,W14-019997,02/28/2014,02-February,6-Friday,02:04,0200 Hours,District 2 (Northeast),WATERLOO,BLACK HAWK,US 63,US 63/SE RAMP CURV & W 5TH ST,Collision with:  Vehicle in traffic,On Roadway,"Sideswipe, same direction",Ran Traffic Signal,Alcohol (Statutory),,Dark - roadway lighted,Dry,Clear,None apparent,Intersection:  Four-way intersection,Paved,,Minor Injury,0,1,0,1,0,0,9000,2,2,,POINT (-92.341516468998 42.49205568094)
2014788559,14-1022,02/28/2014,02-February,6-Friday,08:27,0800 Hours,District 1 (Central),WEST DES MOINES,POLK,IA 28,IA 28/63RD ST,Non-collision events:  Other non-collision (explain in narrative),On Roadway,Non-collision (single vehicle),Swerving/Evasive Action,None Indicated,,Daylight,Dry,Clear,None apparent,Non-intersection:  Non-junction/no special feature,Paved,,Property Damage Only,0,0,0,0,0,0,4500,3,3,,POINT (-93.70324445414 41.568519471708)
2014789716,14020275,02/28/2014,02-February,6-Friday,22:15,2200 Hours,District 2 (Northeast),CEDAR FALLS,BLACK HAWK,,GREENHILL RD & S MAIN ST RD,Collision with:  Vehicle in traffic,On Roadway,Rear-end (front to rear),Driving too fast for conditions,None Indicated,,Dark - roadway lighted,Snow,Snow,None apparent,Intersection:  Four-way intersection,Paved,,Property Damage Only,0,0,0,0,0,0,3250,2,4,,POINT (-92.44587973903 42.49859667627)
2014789032,2014014444,02/28/2014,02-February,6-Friday,18:45,1800 Hours,District 2 (Northeast),,CERRO GORDO,I-35,I-35,Collision with fixed object:  Ditch,Median,Non-collision (single vehicle),Crossed centerline (undivided),None Indicated,,Dark - roadway not lighted,Ice/frost,Cloudy,"Surface condition (e.g., wet, icy)",Non-intersection:  Non-junction/no special feature,Paved,,Property Damage Only,0,0,0,0,0,0,2000,1,2,,POINT (-93.348726625153 43.229770868276)
2014789613,20140005516,02/28/2014,02-February,6-Friday,14:49,1400 Hours,District 1 (Central),DES MOINES,POLK,,SAYLOR RD,Collision with fixed object:  Tree,Shoulder,Non-collision (single vehicle),"Operating vehicle in an reckless, erratic, careless, negligent manner",Drug,,Daylight,"Mud, dirt",Clear,None apparent,Non-intersection:  Non-junction/no special feature,Paved,,Major Injury,0,1,1,0,0,0,5100,1,1,,POINT (-93.610988517315 41.611939246925)
2014792323,2014-001190,02/28/2014,02-February,6-Friday,17:03,1700 Hours,District 6 (East Central),,BENTON,,30 AVE,Collision with:  Vehicle in traffic,On Roadway,Broadside (front to side),FTYROW:  From stop sign,None Indicated,,Daylight,Dry,Cloudy,None apparent,Intersection:  Four-way intersection,Unpaved,,Property Damage Only,0,0,0,0,0,0,11000,2,2,,POINT (-91.908652134445 41.861620407551)
2014791543,A14016,02/28/2014,02-February,6-Friday,11:05,1100 Hours,District 5 (Southeast),KNOXVILLE,MARION,IA 14,IA 14/LINCOLN ST,Collision with:  Vehicle in traffic,On Roadway,Rear-end (front to rear),Driving too fast for conditions,None Indicated,,Daylight,Dry,Cloudy,None apparent,Non-intersection:  Non-junction/no special feature,Paved,,Property Damage Only,0,0,0,0,0,0,2000,2,2,,POINT (-93.109499736602 41.322946706421)
2014789119,14-2025,02/28/2014,02-February,6-Friday,18:11,1800 Hours,District 3 (Northwest),CARROLL,CARROLL,,5TH ST & CLARK ST,Collision with:  Vehicle in traffic,On Roadway,Broadside (front to side),Ran Stop Sign,None Indicated,,Dark - roadway lighted,Snow,Snow,None apparent,Intersection:  Four-way intersection,Paved,,Property Damage Only,0,0,0,0,0,0,4000,2,2,,POINT (-94.864851751982 42.06382316381)
2014788704,01-14-8378,02/28/2014,02-February,6-Friday,07:20,0700 Hours,District 6 (East Central),DUBUQUE,DUBUQUE,,BELLEVUE RD & ROCKDALE RD,Collision with:  Vehicle in traffic,On Roadway,Rear-end (front to rear),Lost Control,None Indicated,,Daylight,Dry,Cloudy,None apparent,Non-intersection:  Non-junction/no special feature,Paved,,Property Damage Only,0,0,0,0,0,0,4550,2,2,,POINT (-90.677268297251 42.461381978041)
2014790181,14-020195,02/28/2014,02-February,6-Friday,18:14,1800 Hours,District 2 (Northeast),,BLACK HAWK,US 20,US 20,Collision with fixed object:  Ditch,Median,Non-collision (single vehicle),Over correcting/over steering,None Indicated,,Dark - roadway not lighted,Snow,Snow,"Surface condition (e.g., wet, icy)",Non-intersection:  Non-junction/no special feature,Paved,,Property Damage Only,0,0,0,0,0,0,8000,1,2,,POINT (-92.491688510532 42.465487263969)
2014789036,2014014443,02/28/2014,02-February,6-Friday,18:23,1800 Hours,District 1 (Central),,HAMILTON,I-35,I-35,Collision with fixed object:  Tree,Gore,Non-collision (single vehicle),Crossed centerline (undivided),None Indicated,,Dark - roadway not lighted,Snow,Snow,"Surface condition (e.g., wet, icy)","Interchange-related:  Off-ramp, diverge area",Paved,,Possible/Unknown,0,1,0,0,1,0,2500,1,1,,POINT (-93.56943069775 42.307828768984)
2014789434,14-004423,02/28/2014,02-February,6-Friday,18:27,1800 Hours,District 5 (Southeast),,MARION,,Co Rd G28/HWY G28 & 190TH AVE,Collision with:  Animal,On Roadway,Non-collision (single vehicle),Animal,None Indicated,,Dark - roadway not lighted,Dry,Clear,None apparent,Intersection:  Other intersection (explain in narrative),Paved,,Property Damage Only,0,0,0,0,0,0,5000,1,2,,POINT (-92.985810291166 41.40728264774)
2014797368,S201400378,02/28/2014,02-February,6-Friday,18:28,1800 Hours,District 3 (Northwest),,PALO ALTO,,Co Rd B14/280 ST & 430 AVE,Non-collision events:  Jackknife,On Roadway,Non-collision (single vehicle),Driving too fast for conditions,None Indicated,,Dark - roadway not lighted,Ice/frost,Snow,"Surface condition (e.g., wet, icy)",Intersection:  T-intersection,Paved,,Minor Injury,0,1,0,1,0,0,15000,1,1,,POINT (-94.732795571049 43.24204785715)
2014788639,W14-020073,02/28/2014,02-February,6-Friday,10:30,1000 Hours,District 2 (Northeast),WATERLOO,BLACK HAWK,,MEADOW LN & SHERIDAN RD,Collision with fixed object:  Utility pole/light support,On Roadway,Non-collision (single vehicle),Ran off road - left,None Indicated,,Daylight,Ice/frost,Cloudy,"Surface condition (e.g., wet, icy)",Intersection:  T-intersection,Paved,,Property Damage Only,0,0,0,0,0,0,2000,1,1,,POINT (-92.368501750471 42.464748668465)
2014793610,,02/28/2014,02-February,6-Friday,10:20,1000 Hours,District 2 (Northeast),DECORAH,WINNESHIEK,,PARK ST & LINDEN ST,Collision with:  Vehicle in traffic,On Roadway,Head-on (front to front),Crossed centerline (undivided),None Indicated,,Daylight,Ice/frost,Cloudy,"Surface condition (e.g., wet, icy)",Intersection:  Four-way intersection,Paved,,Property Damage Only,0,0,0,0,0,0,2000,2,2,,POINT (-91.797407383892 43.295963511673)
2014788712,01-14-8443,02/28/2014,02-February,6-Friday,12:57,1200 Hours,District 6 (East Central),DUBUQUE,DUBUQUE,,W 6TH ST & LOCUST ST S,Collision with:  Vehicle in traffic,On Roadway,Broadside (front to side),Ran Stop Sign,None Indicated,,Daylight,Dry,Cloudy,None apparent,Intersection:  Four-way intersection,Paved,,Possible/Unknown,0,1,0,0,1,0,7000,2,4,,POINT (-90.667387450872 42.498841143248)
2014789031,2014014410,02/28/2014,02-February,6-Friday,15:45,1500 Hours,District 2 (Northeast),,FLOYD,US 18,US 18 & Co Rd T24/ECHO AVE,Collision with fixed object:  Traffic sign support,Shoulder,Non-collision (single vehicle),Driving too fast for conditions,None Indicated,,Daylight,Snow,Snow,"Surface condition (e.g., wet, icy)",Intersection:  Four-way intersection,Paved,,Property Damage Only,0,0,0,0,0,0,3000,1,1,,POINT (-92.945139697205 43.11808922806)
2014789304,,02/28/2014,02-February,6-Friday,06:30,0600 Hours,District 3 (Northwest),LAKE CITY,CALHOUN,IA 175,IA 175/MAIN ST,Collision with:  Animal,On Roadway,Non-collision (single vehicle),Animal,None Indicated,,Dawn,Dry,Clear,None apparent,Non-intersection:  Non-junction/no special feature,Paved,,Property Damage Only,0,0,0,0,0,0,3000,1,1,,POINT (-94.754223121589 42.263447475333)
2014788560,14-1030,02/28/2014,02-February,6-Friday,14:18,1400 Hours,District 4 (Southwest),WEST DES MOINES,DALLAS,,VISTA DR & 60TH ST,Collision with:  Vehicle in traffic,On Roadway,Broadside (front to side),Swerving/Evasive Action,None Indicated,,Daylight,Dry,Clear,None apparent,Intersection:  Four-way intersection,Paved,,Property Damage Only,0,0,0,0,0,0,4000,2,2,,POINT (-93.79060163659 41.589623368281)
2014789061,AC 14-0010,02/28/2014,02-February,6-Friday,19:07,1900 Hours,District 6 (East Central),MONTICELLO,JONES,,W 1ST ST & N GILL ST,Collision with:  Vehicle in traffic,On Roadway,Rear-end (front to rear),Improper Backing,None Indicated,,Dark - roadway lighted,Dry,Clear,None apparent,Non-intersection:  Non-junction/no special feature,Paved,,Property Damage Only,0,0,0,0,0,0,2500,2,3,,POINT (-91.194646413357 42.238031828038)
2014789861,,02/28/2014,02-February,6-Friday,15:30,1500 Hours,District 3 (Northwest),LAKE PARK,DICKINSON,,RAILROAD ST W & RAILROAD ST E & S MARKET ST & N MARKET ST,Collision with:  Vehicle in traffic,On Roadway,"Angle, oncoming left turn",FTYROW:  From stop sign,None Indicated,,Daylight,Snow,Snow,"Surface condition (e.g., wet, icy)",Intersection:  Four-way intersection,Paved,,Property Damage Only,0,0,0,0,0,0,6300,2,3,,POINT (-95.321944763322 43.453797029465)
2014788914,14-007950,02/28/2014,02-February,6-Friday,15:54,1500 Hours,District 4 (Southwest),COUNCIL BLUFFS,POTTAWATTAMIE,,AVE G & N 17TH ST,Collision with:  Vehicle in traffic,On Roadway,Rear-end (front to rear),Followed too close,None Indicated,,Daylight,Dry,Cloudy,None apparent,Non-intersection:  Non-junction/no special feature,Paved,,Property Damage Only,0,0,0,0,0,0,4100,2,3,,POINT (-95.869029958071 41.268011139563)
2014788706,01-14-8468,02/28/2014,02-February,6-Friday,15:03,1500 Hours,District 6 (East Central),DUBUQUE,DUBUQUE,,E 8TH ST & JACKSON ST,Collision with:  Vehicle in traffic,On Roadway,Broadside (front to side),FTYROW:  At uncontrolled intersection,None Indicated,,Daylight,Dry,Cloudy,None apparent,Intersection:  Four-way intersection,Paved,,Property Damage Only,0,0,0,0,0,0,7000,2,2,,POINT (-90.66313131597 42.502023284847)
2014788700,14-06887,02/28/2014,02-February,6-Friday,17:47,1700 Hours,District 5 (Southeast),BURLINGTON,DES MOINES,,8TH ST,Collision with:  Vehicle in traffic,Shoulder,Head-on (front to front),Swerving/Evasive Action,None Indicated,,Dusk,Dry,Cloudy,None apparent,Non-intersection:  Non-junction/no special feature,Paved,,Property Damage Only,0,0,0,0,0,0,4500,2,6,,POINT (-91.106807580055 40.815845156372)
2014788705,01-14-8450,02/28/2014,02-February,6-Friday,13:21,1300 Hours,District 6 (East Central),DUBUQUE,DUBUQUE,,UNIVERSITY AVE & GRANDVIEW AVE N,Collision with:  Vehicle in traffic,On Roadway,Rear-end (front to rear),Lost Control,None Indicated,,Daylight,Dry,Cloudy,None apparent,Non-intersection:  Non-junction/no special feature,Paved,,Property Damage Only,0,0,0,0,0,0,5000,2,2,,POINT (-90.688118383802 42.498333891322)
2014791086,2014-12524,02/28/2014,02-February,6-Friday,20:20,2000 Hours,District 6 (East Central),DAVENPORT,SCOTT,,W 53RD ST & N DIVISION ST,Collision with:  Vehicle in traffic,On Roadway,"Sideswipe, opposite direction",Made improper turn,None Indicated,,Dark - roadway lighted,Dry,Clear,None apparent,Intersection:  Four-way intersection,Paved,,Property Damage Only,0,0,0,0,0,0,3000,2,2,,POINT (-90.600360205873 41.574489981333)
2014788751,C14000634,02/28/2014,02-February,6-Friday,14:14,1400 Hours,District 6 (East Central),CORALVILLE,JOHNSON,US 6,US 6/2ND ST,Collision with:  Vehicle in traffic,On Roadway,Rear-end (front to rear),Followed too close,None Indicated,,Daylight,Dry,Cloudy,None apparent,Non-intersection:  Non-junction/no special feature,Paved,,Property Damage Only,0,0,0,0,0,0,7000,2,3,,POINT (-91.603161942833 41.685516887705)
2014788812,20140005481,02/28/2014,02-February,6-Friday,07:16,0700 Hours,District 1 (Central),DES MOINES,POLK,I-235,I-235,Collision with:  Vehicle in traffic,On Roadway,Rear-end (front to rear),Followed too close,None Indicated,,Daylight,Dry,Cloudy,None apparent,Non-intersection:  Non-junction/no special feature,Paved,,Minor Injury,0,1,0,1,0,0,9800,6,6,,POINT (-93.658120885983 41.593097187325)
2014788722,02-14-3535,02/28/2014,02-February,6-Friday,19:32,1900 Hours,District 6 (East Central),SAGEVILLE,DUBUQUE,,MUD LAKE RD,Collision with:  Animal,,,Animal,None Indicated,,,,,,,Paved,,Property Damage Only,0,0,0,0,0,0,2500,1,777,,POINT (-90.725677499059 42.591091800065)
2014789395,20140705,02/28/2014,02-February,6-Friday,11:18,1100 Hours,District 1 (Central),DIKE,GRUNDY,,MAIN ST,Collision with:  Parked motor vehicle,On Roadway,"Sideswipe, same direction",Other (explain in narrative):  Other,None Indicated,,Daylight,Ice/frost,Cloudy,None apparent,Non-intersection:  Non-junction/no special feature,Paved,,Minor Injury,0,1,0,1,0,0,10000,2,1,,POINT (-92.628207549666 42.466641812497)
2014791544,A14017,02/28/2014,02-February,6-Friday,21:09,2100 Hours,District 5 (Southeast),KNOXVILLE,MARION,IA 14,IA 14/LINCOLN ST & W ROCK ISLAND ST,Collision with:  Vehicle in traffic,On Roadway,Rear-end (front to rear),Equipment failure,None Indicated,,Dark - roadway lighted,Wet,Snow,None apparent,Intersection:  T-intersection,Paved,,Property Damage Only,0,0,0,0,0,0,3000,2,2,,POINT (-93.109479863892 41.32535178816)
2014788732,37-2014,02/28/2014,02-February,6-Friday,17:50,1700 Hours,District 4 (Southwest),,HARRISON,,Co Rd L20/LOESS HILLS TRL/OLD LINCOLN HWY & YORK RD,Collision with fixed object:  Tree,Outside trafficway,Non-collision (single vehicle),Ran off road - right,None Indicated,,Dusk,Snow,Snow,"Surface condition (e.g., wet, icy)",Non-intersection:  Non-junction/no special feature,Paved,,Minor Injury,0,1,0,1,0,0,4000,1,1,,POINT (-95.890977758946 41.506908741829)
2014788959,14HPD0021,02/28/2014,02-February,6-Friday,15:55,1500 Hours,District 3 (Northwest),HAWARDEN,SIOUX,,11TH ST & AVE O,Collision with:  Vehicle in traffic,On Roadway,Broadside (front to side),FTYROW:  At uncontrolled intersection,None Indicated,,Daylight,Snow,Snow,None apparent,Intersection:  Four-way intersection,Paved,,Property Damage Only,0,0,0,0,0,0,3500,2,2,,POINT (-96.475452878746 42.997999055312)
2014791940,15-2282014,02/28/2014,02-February,6-Friday,18:10,1800 Hours,District 5 (Southeast),OSCEOLA,CLARKE,,E WASHINGTON ST & N ADAMS ST,Collision with:  Parked motor vehicle,On Roadway,"Sideswipe, same direction",Over correcting/over steering,Refused,,Dusk,Dry,Clear,None apparent,Non-intersection:  Non-junction/no special feature,Paved,,Property Damage Only,0,0,0,0,0,0,5000,2,777,,POINT (-93.761883135727 41.034892291212)
2014789038,2014014465,02/28/2014,02-February,6-Friday,20:05,2000 Hours,District 1 (Central),,HAMILTON,I-35,I-35,Non-collision events:  Overturn/rollover,Median,Non-collision (single vehicle),Swerving/Evasive Action,None Indicated,,Dark - roadway not lighted,Ice/frost,Snow,"Surface condition (e.g., wet, icy)",Interchange-related:  On-ramp merge area,Paved,,Possible/Unknown,0,1,0,0,1,0,2000,1,1,,POINT (-93.56943069775 42.307828768984)
2014788642,W14-020255,02/28/2014,02-February,6-Friday,21:16,2100 Hours,District 2 (Northeast),WATERLOO,BLACK HAWK,,MARTIN LUTHER KING JR DR,Collision with:  Vehicle in traffic,On Roadway,Head-on (front to front),Crossed centerline (undivided),None Indicated,,Dark - roadway not lighted,Snow,Snow,"Surface condition (e.g., wet, icy)",Non-intersection:  Non-junction/no special feature,Paved,,Major Injury,0,1,1,0,0,0,15000,2,2,,POINT (-92.300702192292 42.506250242192)
2014789759,PD1401716,02/28/2014,02-February,6-Friday,20:38,2000 Hours,District 5 (Southeast),FAIRFIELD,JEFFERSON,,W GRIMES AVE & N MAIN ST & E GRIMES AVE,Collision with:  Vehicle in traffic,On Roadway,Broadside (front to side),FTYROW:  From yield sign,None Indicated,,Dark - roadway lighted,Dry,Clear,None apparent,Intersection:  Four-way intersection,Paved,,Property Damage Only,0,0,0,0,0,0,3650,2,2,,POINT (-91.963745718159 41.010051698037)
2014789718,14-20228,02/28/2014,02-February,6-Friday,19:43,1900 Hours,District 2 (Northeast),EVANSDALE,BLACK HAWK,I-380,I-380,Collision with:  Vehicle in traffic,On Roadway,Rear-end (front to rear),Driving too fast for conditions,None Indicated,,Dark - roadway lighted,Snow,Snow,"Surface condition (e.g., wet, icy)",Non-intersection:  Other non-intersection (explain in narrative),Paved,,Minor Injury,0,2,0,1,1,0,205000,2,2,,POINT (-92.303537252084 42.456969489615)
2014788972,14-000994,02/28/2014,02-February,6-Friday,23:13,2300 Hours,District 1 (Central),AMES,STORY,,13TH ST & STANGE RD,Collision with:  Vehicle in traffic,On Roadway,Broadside (front to side),Driver Distraction:  Manual operation of an electronic communication device,None Indicated,,Dark - roadway lighted,Snow,Snow,"Surface condition (e.g., wet, icy)",Intersection:  Four-way intersection,Paved,,Possible/Unknown,0,2,0,0,2,0,10000,2,3,,POINT (-93.644787161094 42.035699520966)
2014790500,2014014490,02/28/2014,02-February,6-Friday,22:42,2200 Hours,District 1 (Central),,POWESHIEK,I-80,I-80,Collision with:  Vehicle in traffic,On Roadway,"Sideswipe, same direction",Unknown,None Indicated,,Dark - roadway not lighted,Snow,Snow,"Surface condition (e.g., wet, icy)",Non-intersection:  Non-junction/no special feature,Paved,,Property Damage Only,0,0,0,0,0,0,2000,2,3,,POINT (-92.508053823623 41.694754793379)
2014789248,14-000250,02/28/2014,02-February,6-Friday,07:40,0700 Hours,District 1 (Central),JOHNSTON,POLK,,PIONEER PKWY & NW 62ND AVE,Collision with:  Vehicle in traffic,On Roadway,Rear-end (front to rear),Followed too close,None Indicated,,Daylight,Dry,Clear,None apparent,Intersection:  Other intersection (explain in narrative),Paved,,Property Damage Only,0,0,0,0,0,0,6000,2,2,,POINT (-93.712112470854 41.672578901106)
2014790520,,02/28/2014,02-February,6-Friday,18:18,1800 Hours,District 3 (Northwest),COON RAPIDS,CARROLL,,MAIN ST & 4TH AVE,Collision with:  Vehicle in traffic,On Roadway,Broadside (front to side),FTYROW:  From stop sign,None Indicated,,Daylight,Snow,Snow,None apparent,Intersection:  Four-way intersection,Paved,,Property Damage Only,0,0,0,0,0,0,2000,2,2,,POINT (-94.676121827507 41.870830445044)
2014789170,14028678,02/28/2014,02-February,6-Friday,14:57,1400 Hours,District 6 (East Central),,JOHNSON,I-380,I-380,Collision with:  Vehicle in traffic,On Roadway,Rear-end (front to rear),Driving too fast for conditions,None Indicated,,Daylight,Dry,Cloudy,None apparent,Non-intersection:  Non-junction/no special feature,Paved,,Property Damage Only,0,0,0,0,0,0,6000,2,2,,POINT (-91.642297300388 41.748268109035)
2014789009,14-5986,02/28/2014,02-February,6-Friday,15:43,1500 Hours,District 3 (Northwest),SIOUX CITY,WOODBURY,,DODGE AVE & S CECELIA ST,Collision with:  Vehicle in traffic,On Roadway,Broadside (front to side),FTYROW:  From yield sign,None Indicated,,Daylight,Dry,Cloudy,None apparent,Intersection:  Four-way intersection,Paved,,Property Damage Only,0,0,0,0,0,0,7000,2,2,,POINT (-96.366911731537 42.484871224268)
2014791210,14002907,02/28/2014,02-February,6-Friday,18:38,1800 Hours,District 6 (East Central),,CEDAR,,Co Rd Y24/HOOVER HWY,Collision with:  Animal,,,Animal,None Indicated,,,,,,,Paved,,Property Damage Only,0,0,0,0,0,0,2000,1,1,,POINT (-90.899371952629 41.942417856706)
2014789010,14-6002,02/28/2014,02-February,6-Friday,17:03,1700 Hours,District 3 (Northwest),SIOUX CITY,WOODBURY,,W 26TH ST & WEST ST,Collision with:  Vehicle in traffic,On Roadway,"Angle, oncoming left turn",Made improper turn,None Indicated,,Daylight,Wet,Snow,None apparent,Non-intersection:  Non-junction/no special feature,Paved,,Possible/Unknown,0,1,0,0,1,0,4500,2,4,,POINT (-96.430454888868 42.516481320188)