Iowa DOT Case Number,Law Enforcement Case Number,Date of Crash,Month of Crash,Day of Week,Time of Crash,Hour,DOT District,City Name,County Name,Route with System,Location Description,First Harmful Event,Location of First Harmful Event,Manner of Crash/Collision,Major Cause,Drug or Alcohol ,Environmental Conditions,Light Conditions,Surface Conditions,Weather Conditions,Roadway Contribution,Roadway Type,Roadway Surface,Work Zone,Crash Severity,Number of Fatalities,Number of Injuries,Number of Major Injuries,Number of Minor Injuries,Number of Possible Injuries,Number of Unknown Injuries,Amount of Property Damage,Number of Vehicles Involved,Total Number of Occupants,Travel Direction,Location
2014789290,S14-2028,02/28/2014,02-February,6-Friday,17:30,1700 Hours,District 3 (Northwest),DANBURY,WOODBURY,IA 175,IA 175/IOWA 175,Collision with fixed object:  Ditch,On Roadway,Non-collision (single vehicle),Ran off road - right,None Indicated,,Dusk,Ice/frost,Snow,None apparent,Non-intersection:  Non-junction/no special feature,Paved,,Property Damage Only,0,0,0,0,0,0,6000,1,1,,POINT (-95.733652755322 42.228579234831)
2014790501,2014014499,02/28/2014,02-February,6-Friday,23:50,2300 Hours,District 6 (East Central),,JOHNSON,I-80,I-80,Collision with fixed object:  Guardrail - face,Median,Non-collision (single vehicle),Ran off road - left,None Indicated,,Dark - roadway not lighted,Snow,Snow,None apparent,Non-intersection:  Non-junction/no special feature,Paved,,Property Damage Only,0,0,0,0,0,0,6500,1,1,,POINT (-91.441566151281 41.670180849692)
2014788511,01-14-8367,02/28/2014,02-February,6-Friday,01:58,0100 Hours,District 6 (East Central),DUBUQUE,DUBUQUE,,W 8TH ST & MAIN ST,Collision with fixed object:  Other fixed object (explain in narrative),On Roadway,Non-collision (single vehicle),Made improper turn,Alcohol (Statutory),,Dark - roadway lighted,Dry,Clear,None apparent,Non-intersection:  Non-junction/no special feature,Paved,,Property Damage Only,0,0,0,0,0,0,3100,1,2,,POINT (-90.667191217446 42.500845310406)
2014788835,20140005542,02/28/2014,02-February,6-Friday,18:20,1800 Hours,District 1 (Central),DES MOINES,POLK,,HUBBELL AVE & E 33RD ST,Collision with:  Vehicle in traffic,On Roadway,Broadside (front to side),Ran Traffic Signal,None Indicated,,Dark - roadway lighted,Wet,Cloudy,None apparent,Intersection:  Four-way intersection,Paved,,Possible/Unknown,0,1,0,0,1,0,7000,2,2,,POINT (-93.551526072281 41.625498521029)
2014788833,20140005528,02/28/2014,02-February,6-Friday,16:35,1600 Hours,District 1 (Central),DES MOINES,POLK,,BANCROFT ST & SW 9TH ST,Collision with:  Vehicle in traffic,On Roadway,Rear-end (front to rear),Followed too close,None Indicated,,Daylight,Wet,Cloudy,None apparent,Non-intersection:  Non-junction/no special feature,Paved,,Property Damage Only,0,0,0,0,0,0,3500,2,2,,POINT (-93.622815221836 41.569992082672)
2014792634,2014014495,02/28/2014,02-February,6-Friday,23:28,2300 Hours,District 6 (East Central),,JOHNSON,I-380,I-380,Collision with fixed object:  Guardrail - face,Median,Non-collision (single vehicle),Ran off road - left,None Indicated,,Dark - roadway not lighted,Snow,Snow,None apparent,Non-intersection:  Non-junction/no special feature,Paved,,Property Damage Only,0,0,0,0,0,0,5500,1,1,,POINT (-91.646820690689 41.792283385846)
2014788701,14-06838,02/28/2014,02-February,6-Friday,12:55,1200 Hours,District 5 (Southeast),BURLINGTON,DES MOINES,US 61,US 61,Collision with:  Vehicle in traffic,On Roadway,"Angle, oncoming left turn",FTYROW:  From stop sign,None Indicated,,Daylight,"Mud, dirt",Cloudy,None apparent,Intersection:  Four-way intersection,Paved,,Major Injury,0,4,1,0,3,0,6000,2,5,,POINT (-91.141387236704 40.82327153521)
2014789160,P14-002364,02/28/2014,02-February,6-Friday,11:32,1100 Hours,District 1 (Central),WEBSTER CITY,HAMILTON,,2ND ST,Collision with:  Vehicle in traffic,On Roadway,Rear-end (front to rear),Unknown,None Indicated,,Daylight,Snow,Clear,None apparent,Non-intersection:  Non-junction/no special feature,Paved,,Property Damage Only,0,0,0,0,0,0,2500,2,1,,POINT (-93.818038315475 42.469413880894)
2014788981,14-996,02/28/2014,02-February,6-Friday,23:00,2300 Hours,District 1 (Central),AMES,STORY,US 30,US 30,Collision with fixed object:  Utility pole/light support,On Roadway,Non-collision (single vehicle),Over correcting/over steering,None Indicated,,Dark - roadway lighted,Snow,Snow,"Surface condition (e.g., wet, icy)",Non-intersection:  Non-junction/no special feature,Paved,,Property Damage Only,0,0,0,0,0,0,2500,1,1,,POINT (-93.591428714135 42.006274153305)
2014788992,14-0585,02/28/2014,02-February,6-Friday,21:30,2100 Hours,District 1 (Central),FORT DODGE,WEBSTER,,S 21ST ST,Collision with:  Vehicle in traffic,On Roadway,"Sideswipe, opposite direction",Lost Control,None Indicated,,Dark - roadway lighted,Slush,Snow,"Surface condition (e.g., wet, icy)",Non-intersection:  Non-junction/no special feature,Paved,,Property Damage Only,0,0,0,0,0,0,2200,2,2,,POINT (-94.16941055347 42.501003336163)
2014788640,W14-020196,02/28/2014,02-February,6-Friday,18:15,1800 Hours,District 2 (Northeast),WATERLOO,BLACK HAWK,,E SAN MARNAN DR & LOWES BLVD,Collision with:  Vehicle in traffic,On Roadway,"Sideswipe, same direction",Swerving/Evasive Action,None Indicated,,Dark - roadway lighted,Snow,Snow,"Surface condition (e.g., wet, icy)",Non-intersection:  Non-junction/no special feature,Paved,,Property Damage Only,0,0,0,0,0,0,2000,2,3,,POINT (-92.349250413668 42.457355219454)
2014790186,S14-020301,02/28/2014,02-February,6-Friday,23:49,2300 Hours,District 2 (Northeast),GILBERTVILLE,BLACK HAWK,I-380,I-380,Non-collision events:  Overturn/rollover,Median,Non-collision (single vehicle),Ran off road - left,None Indicated,,Dark - roadway lighted,Ice/frost,Snow,None apparent,Non-intersection:  Non-junction/no special feature,Paved,,Minor Injury,0,1,0,1,0,0,10000,1,1,,POINT (-92.123125225431 42.383737998088)
2014789828,14-2255,02/28/2014,02-February,6-Friday,11:00,1100 Hours,District 3 (Northwest),,SIOUX,IA 60,IA 60/IOWA 60,Collision with:  Vehicle in traffic,On Roadway,Rear-end (front to rear),Improper or erratic lane changing,None Indicated,,Daylight,Dry,Cloudy,None apparent,Non-intersection:  Non-junction/no special feature,Paved,,Possible/Unknown,0,1,0,0,1,0,12500,2,2,,POINT (-96.028081495284 42.958084143937)
2014788633,14020095,02/28/2014,02-February,6-Friday,11:54,1100 Hours,District 2 (Northeast),CEDAR FALLS,BLACK HAWK,,8TH ST,Collision with:  Vehicle in traffic,On Roadway,Rear-end (front to rear),Driving too fast for conditions,None Indicated,,Daylight,Ice/frost,Clear,None apparent,Non-intersection:  Non-junction/no special feature,Paved,,Minor Injury,0,1,0,1,0,0,8000,2,4,,POINT (-92.460067258203 42.531454588467)
2014789117,022814-0137,02/28/2014,02-February,6-Friday,16:22,1600 Hours,District 3 (Northwest),STORM LAKE,BUENA VISTA,,W 8TH ST & N ONTARIO ST,Collision with:  Vehicle in traffic,On Roadway,Broadside (front to side),Ran Stop Sign,None Indicated,,Daylight,Wet,Cloudy,None apparent,Intersection:  Four-way intersection,Paved,,Property Damage Only,0,0,0,0,0,0,8300,2,2,,POINT (-95.204766306974 42.648698045483)
2014789386,14-002034,02/28/2014,02-February,6-Friday,10:19,1000 Hours,District 2 (Northeast),,FAYETTE,,N AVE,Non-collision events:  Overturn/rollover,On Roadway,Non-collision (single vehicle),Swerving/Evasive Action,None Indicated,,Daylight,Ice/frost,Cloudy,"Surface condition (e.g., wet, icy)",Non-intersection:  Non-junction/no special feature,Unpaved,,Minor Injury,0,1,0,1,0,0,3500,1,1,,POINT (-91.863483439442 42.723753403416)
2014788676,14-2796,02/28/2014,02-February,6-Friday,16:35,1600 Hours,District 3 (Northwest),,CLAY,US 18,US 18,Collision with:  Vehicle in traffic,On Roadway,"Sideswipe, opposite direction",Crossed centerline (undivided),None Indicated,,Daylight,Snow,Snow,None apparent,Non-intersection:  Driveway access (within),Paved,,Property Damage Only,0,0,0,0,0,0,3000,2,3,,POINT (-95.378481710088 43.184077491931)
2014790182,14-020220,02/28/2014,02-February,6-Friday,19:31,1900 Hours,District 2 (Northeast),,BLACK HAWK,US 218,US 218,Collision with fixed object:  Ditch,On Roadway,Non-collision (single vehicle),Driving too fast for conditions,None Indicated,,Dark - roadway not lighted,Snow,Snow,"Surface condition (e.g., wet, icy)",Non-intersection:  Non-junction/no special feature,Paved,,Property Damage Only,0,0,0,0,0,0,9000,1,1,,POINT (-92.433069246592 42.581540278436)
2014796126,1-14-00074,02/28/2014,02-February,6-Friday,00:00,0000 Hours,District 4 (Southwest),,SHELBY,IA 191,IA 191/IOWA 191 & DOGWOOD RD,Collision with fixed object:  Culvert/pipe opening,On Roadway,Non-collision (single vehicle),Ran off road - right,None Indicated,,Dark - roadway not lighted,Snow,Snow,"Surface condition (e.g., wet, icy)",Non-intersection:  Non-junction/no special feature,Paved,,Property Damage Only,0,0,0,0,0,0,5000,1,1,,POINT (-95.500385805977 41.672554415083)
2014788539,14-1349,02/28/2014,02-February,6-Friday,07:50,0700 Hours,District 1 (Central),GRIMES,POLK,IA 141,IA 141/IOWA 141,Collision with:  Vehicle in traffic,On Roadway,Rear-end (front to rear),Followed too close,None Indicated,,Daylight,Dry,Clear,None apparent,Non-intersection:  Non-junction/no special feature,Paved,,Property Damage Only,0,0,0,0,0,0,3500,2,2,,POINT (-93.775037963529 41.659579865453)
2014790577,20140711,02/28/2014,02-February,6-Friday,17:35,1700 Hours,District 1 (Central),,GRUNDY,IA 14,IA 14/G AVE & Co Rd D67/330TH ST,Collision with:  Vehicle in traffic,On Roadway,Broadside (front to side),FTYROW:  From stop sign,None Indicated,,Dusk,Snow,Snow,None apparent,Intersection:  Four-way intersection,Paved,,Property Damage Only,0,0,0,0,0,0,7000,2,2,,POINT (-92.90456356671 42.224309968022)
2014789287,2014-03904,02/28/2014,02-February,6-Friday,10:15,1000 Hours,District 5 (Southeast),,WARREN,US 65,US 65 & DELAWARE ST,Collision with:  Vehicle in traffic,On Roadway,"Sideswipe, same direction",Crossed centerline (undivided),None Indicated,,Daylight,Dry,Clear,None apparent,Non-intersection:  Non-junction/no special feature,Paved,,Property Damage Only,0,0,0,0,0,0,2000,2,2,,POINT (-93.558244866939 41.459181671014)
2014789303,PD140138,02/28/2014,02-February,6-Friday,20:00,2000 Hours,District 1 (Central),GRUNDY CENTER,GRUNDY,,C AVE,Unknown,On Roadway,Rear-end (front to rear),Unknown,None Indicated,,Dark - roadway lighted,Snow,Snow,None apparent,Non-intersection:  Non-junction/no special feature,Paved,,Property Damage Only,0,0,0,0,0,0,3000,2,1,,POINT (-92.770276084429 42.36527375373)
2014788682,1402288111,02/28/2014,02-February,6-Friday,14:00,1400 Hours,District 6 (East Central),,CLINTON,,170 ST,Collision with fixed object:  Ditch,Shoulder,Non-collision (single vehicle),Crossed centerline (undivided),None Indicated,,Daylight,Dry,Clear,None apparent,Non-intersection:  Non-junction/no special feature,Paved,,Property Damage Only,0,0,0,0,0,0,1500,1,1,,POINT (-90.20575087554 41.931793679591)
2014790674,14-000261,02/28/2014,02-February,6-Friday,22:51,2200 Hours,District 1 (Central),,STORY,I-35,I-35,Collision with:  Vehicle in traffic,On Roadway,"Sideswipe, same direction",Unknown,None Indicated,,Dark - roadway not lighted,Snow,Snow,"Surface condition (e.g., wet, icy)",Non-intersection:  Non-junction/no special feature,Paved,,Property Damage Only,0,0,0,0,0,0,2500,2,5,,POINT (-93.565321904296 42.09226508076)
2014788683,CL14000595,02/28/2014,02-February,6-Friday,17:46,1700 Hours,District 6 (East Central),CLINTON,CLINTON,US 67,US 67/N 2ND ST,Collision with:  Vehicle in traffic,On Roadway,"Sideswipe, same direction",Improper or erratic lane changing,None Indicated,,Dusk,Dry,Clear,None apparent,Non-intersection:  Non-junction/no special feature,Paved,,Property Damage Only,0,0,0,0,0,0,2000,2,2,,POINT (-90.183936326779 41.861277503179)
2014791093,2014-12504,02/28/2014,02-February,6-Friday,18:44,1800 Hours,District 6 (East Central),DAVENPORT,SCOTT,,IA 461/BRADY ST & E 42ND ST,Collision with:  Vehicle in traffic,On Roadway,"Sideswipe, same direction",FTYROW:  Other (explain in narrative),None Indicated,,Dark - roadway lighted,Dry,Clear,None apparent,Non-intersection:  Non-junction/no special feature,Paved,,Property Damage Only,0,0,0,0,0,0,6500,2,3,,POINT (-90.567759467502 41.563663419146)
2014789612,14-000985,02/28/2014,02-February,6-Friday,21:09,2100 Hours,District 1 (Central),ANKENY,POLK,,NE 28TH ST,Collision with:  Vehicle in traffic,On Roadway,Broadside (front to side),Unknown,None Indicated,,Dark - roadway lighted,Snow,Clear,"Surface condition (e.g., wet, icy)",Non-intersection:  Non-junction/no special feature,Paved,,Possible/Unknown,0,1,0,0,1,0,2000,2,2,,POINT (-93.598361591743 41.754507123971)
2014788721,02-14-3491,02/28/2014,02-February,6-Friday,05:22,0500 Hours,District 6 (East Central),DUBUQUE,DUBUQUE,US 52,US 52,Collision with:  Vehicle in traffic,On Roadway,"Angle, oncoming left turn",FTYROW:  From stop sign,None Indicated,,Dark - roadway lighted,Dry,Clear,None apparent,Intersection:  T-intersection,Paved,,Property Damage Only,0,0,0,0,0,0,6000,2,2,,POINT (-90.671848740952 42.458957612248)
2014789302,2014014445,02/28/2014,02-February,6-Friday,06:50,0600 Hours,District 3 (Northwest),CARROLL,CARROLL,US 30,US 30/6TH ST,Collision with:  Vehicle in traffic,On Roadway,"Angle, oncoming left turn",Crossed centerline (undivided),None Indicated,,Dark - roadway lighted,Snow,"Blowing sand, soil, dirt","Surface condition (e.g., wet, icy)",Intersection:  Four-way intersection,Paved,,Minor Injury,0,2,0,2,0,0,5300,2,5,,POINT (-94.859490934903 42.064009242927)
2014789711,,02/28/2014,02-February,6-Friday,19:01,1900 Hours,District 6 (East Central),IOWA CITY,JOHNSON,,WOODBERRY CT,Collision with:  Parked motor vehicle,On Roadway,Rear-end (front to rear),FTYROW:  From driveway,None Indicated,,Dusk,Dry,Cloudy,None apparent,Non-intersection:  Driveway access (within),Paved,,Property Damage Only,0,0,0,0,0,0,2500,2,1,,POINT (-91.566173235841 41.644629489447)
2014790811,14000702,02/28/2014,02-February,6-Friday,07:39,0700 Hours,District 5 (Southeast),,KEOKUK,IA 92,IA 92/IOWA 92,Collision with fixed object:  Ditch,Shoulder,Non-collision (single vehicle),Swerving/Evasive Action,None Indicated,,Daylight,Dry,Clear,None apparent,Non-intersection:  Non-junction/no special feature,Paved,,Major Injury,0,1,1,0,0,0,4000,1,1,,POINT (-92.233832711737 41.336770622738)
2014789037,2014014460,02/28/2014,02-February,6-Friday,20:00,2000 Hours,District 1 (Central),,HAMILTON,US 20,US 20 & Co Rd R77/XIRCUS AVE,Collision with fixed object:  Ditch,On Roadway,Non-collision (single vehicle),Driving too fast for conditions,None Indicated,,Dark - roadway not lighted,Snow,Snow,"Surface condition (e.g., wet, icy)",Non-intersection:  Non-junction/no special feature,Paved,,Minor Injury,0,1,0,1,0,0,5000,1,1,,POINT (-93.521084918618 42.448066502176)
2014792131,,02/28/2014,02-February,6-Friday,16:17,1600 Hours,District 2 (Northeast),,FLOYD,US 18,US 18 & Co Rd T38/LANCER AVE,Collision with:  Vehicle in traffic,On Roadway,Rear-end (front to rear),Driving too fast for conditions,None Indicated,,Daylight,,Snow,,,Paved,,Possible/Unknown,0,2,0,0,2,0,4500,2,2,,POINT (-92.810254086289 43.126949951985)
2014789033,2014014468,02/28/2014,02-February,6-Friday,20:55,2000 Hours,District 2 (Northeast),,FRANKLIN,I-35,I-35,Non-collision events:  Overturn/rollover,Shoulder,Non-collision (single vehicle),Ran off road - right,None Indicated,,Dark - roadway not lighted,Snow,Snow,"Surface condition (e.g., wet, icy)",Non-intersection:  Non-junction/no special feature,Paved,,Property Damage Only,0,0,0,0,0,0,6000,1,1,,POINT (-93.34992786468 42.850737102973)
2014790428,20140005520,02/28/2014,02-February,6-Friday,15:04,1500 Hours,District 1 (Central),DES MOINES,POLK,I-235,I-235,Collision with fixed object:  Concrete traffic barrier (median or right side),Shoulder,Non-collision (single vehicle),Lost Control,None Indicated,,Daylight,Dry,Cloudy,None apparent,Non-intersection:  Non-junction/no special feature,Paved,,Possible/Unknown,0,1,0,0,1,0,7000,1,1,,POINT (-93.652463908323 41.593723907966)
2014790228,C14000630,02/28/2014,02-February,6-Friday,12:48,1200 Hours,District 6 (East Central),CORALVILLE,JOHNSON,,1ST AVE,Collision with:  Vehicle in traffic,On Roadway,Rear-end (front to rear),Followed too close,None Indicated,,Daylight,Dry,Clear,None apparent,Non-intersection:  Non-junction/no special feature,Paved,,Property Damage Only,0,0,0,0,0,0,1750,2,2,,POINT (-91.565676442381 41.669185033053)
2014788641,W14-020254,02/28/2014,02-February,6-Friday,21:08,2100 Hours,District 2 (Northeast),WATERLOO,BLACK HAWK,,MULBERRY ST,Collision with:  Vehicle in traffic,On Roadway,Rear-end (front to rear),Driving too fast for conditions,None Indicated,,Dark - roadway lighted,Snow,Snow,None apparent,Non-intersection:  Other non-intersection (explain in narrative),Paved,,Possible/Unknown,0,1,0,0,1,0,3000,2,4,,POINT (-92.315791781438 42.494264518335)
2014790173,,02/28/2014,02-February,6-Friday,16:19,1600 Hours,District 2 (Northeast),,WINNESHIEK,US 52,US 52,Non-collision events:  Overturn/rollover,Shoulder,Non-collision (single vehicle),Lost Control,None Indicated,,Daylight,Snow,Snow,"Surface condition (e.g., wet, icy)",Non-intersection:  Non-junction/no special feature,Paved,,Property Damage Only,0,0,0,0,0,0,5000,1,2,,POINT (-91.811897083323 43.338769137187)
2014788834,20140005539,02/28/2014,02-February,6-Friday,18:00,1800 Hours,District 1 (Central),DES MOINES,POLK,,INDIANOLA AVE & SE 5TH ST,Collision with:  Vehicle in traffic,On Roadway,Rear-end (front to rear),Followed too close,None Indicated,,Dark - roadway lighted,Dry,Cloudy,None apparent,Non-intersection:  Non-junction/no special feature,Paved,,Property Damage Only,0,0,0,0,0,0,4500,2,4,,POINT (-93.605798898805 41.560093911121)
2014788917,14-007989,02/28/2014,02-February,6-Friday,19:30,1900 Hours,District 4 (Southwest),COUNCIL BLUFFS,POTTAWATTAMIE,,23RD AVE & S 24TH ST,Collision with:  Vehicle in traffic,On Roadway,Broadside (front to side),Driving too fast for conditions,None Indicated,,Dark - roadway lighted,Snow,Snow,None apparent,Non-intersection:  Non-junction/no special feature,Paved,,Property Damage Only,0,0,0,0,0,0,1600,2,6,,POINT (-95.879492657138 41.239091545222)
2014788827,20140005548,02/28/2014,02-February,6-Friday,21:54,2100 Hours,District 1 (Central),DES MOINES,POLK,US 6,US 6/DOUGLAS AVE & 36TH ST,Collision with:  Vehicle in traffic,On Roadway,"Sideswipe, opposite direction",Crossed centerline (undivided),None Indicated,,Dark - roadway lighted,Snow,Snow,None apparent,Intersection:  T-intersection,Paved,,Property Damage Only,0,0,0,0,0,0,3500,3,5,,POINT (-93.666546803186 41.629527829557)
2014792240,2014-12465,02/28/2014,02-February,6-Friday,15:30,1500 Hours,District 6 (East Central),DAVENPORT,SCOTT,,IA 461/WELCOME WAY,Collision with:  Vehicle in traffic,On Roadway,"Sideswipe, same direction",Followed too close,None Indicated,,Daylight,Dry,Clear,None apparent,Non-intersection:  Non-junction/no special feature,Paved,,Property Damage Only,0,0,0,0,0,0,8000,2,4,,POINT (-90.571245859617 41.569510238491)
2014789011,14-6027,02/28/2014,02-February,6-Friday,21:55,2100 Hours,District 3 (Northwest),SIOUX CITY,WOODBURY,,TRI-VIEW AVE,Collision with fixed object:  Other fixed object (explain in narrative),On Roadway,Non-collision (single vehicle),Swerving/Evasive Action,Alcohol (Statutory),,Dark - roadway lighted,Dry,Clear,None apparent,Non-intersection:  Non-junction/no special feature,Paved,,Property Damage Only,0,0,0,0,0,0,2500,1,1,,POINT (-96.41691995209 42.492376006144)
2014790548,,02/28/2014,02-February,6-Friday,13:30,1300 Hours,District 4 (Southwest),,MILLS,US 34,US 34,Collision with:  Animal,On Roadway,Non-collision (single vehicle),Animal,None Indicated,,Daylight,,Clear,,Non-intersection:  Non-junction/no special feature,Paved,,Possible/Unknown,0,1,0,0,1,0,0,1,1,,POINT (-95.745417929288 41.03071345923)
2014788836,20140005544,02/28/2014,02-February,6-Friday,19:10,1900 Hours,District 1 (Central),DES MOINES,POLK,,E 25TH ST,Collision with:  Parked motor vehicle,On Roadway,Rear-end (front to rear),Unknown,None Indicated,,Dark - roadway not lighted,Dry,Cloudy,None apparent,Non-intersection:  Non-junction/no special feature,Paved,,Property Damage Only,0,0,0,0,0,0,1500,3,777,,POINT (-93.570454067684 41.593808794138)
2014788810,14-0250,02/28/2014,02-February,6-Friday,19:54,1900 Hours,District 1 (Central),CLIVE,POLK,US 6,US 6/HICKMAN RD,Collision with:  Vehicle in traffic,On Roadway,Rear-end (front to rear),Followed too close,None Indicated,,Dark - roadway lighted,Wet,Snow,None apparent,Non-intersection:  Non-junction/no special feature,Paved,,Property Damage Only,0,0,0,0,0,0,4500,2,2,,POINT (-93.755538343746 41.614854118818)
2014788915,14-007955,02/28/2014,02-February,6-Friday,16:29,1600 Hours,District 4 (Southwest),COUNCIL BLUFFS,POTTAWATTAMIE,US 6,US 6/KANESVILLE BLVD & N BROADWAY,Collision with:  Vehicle in traffic,On Roadway,Broadside (front to side),Other (explain in narrative):  Other,None Indicated,,Daylight,Dry,Cloudy,None apparent,Intersection:  Four-way intersection,Paved,,Property Damage Only,0,0,0,0,0,0,5728,3,3,,POINT (-95.836662188987 41.268957947011)
2014790400,14-5390,02/28/2014,02-February,6-Friday,19:18,1900 Hours,District 5 (Southeast),,LEE,US 61,US 61,Collision with:  Animal,,,Animal,None Indicated,,,,,,,Paved,,Property Damage Only,0,0,0,0,0,0,2500,1,1,,POINT (-91.339070857813 40.670502213399)
2014789364,14003130,02/28/2014,02-February,6-Friday,21:26,2100 Hours,District 2 (Northeast),MASON CITY,CERRO GORDO,IA 122,IA 122/4TH ST SW & S PIERCE AVE,Collision with:  Vehicle in traffic,On Roadway,Broadside (front to side),Ran Traffic Signal,None Indicated,,Dark - roadway lighted,Snow,Cloudy,None apparent,Intersection:  Four-way intersection,Paved,,Property Damage Only,0,0,0,0,0,0,3000,2,3,,POINT (-93.220988403538 43.148379497274)
2014790082,14-3769,02/28/2014,02-February,6-Friday,07:51,0700 Hours,District 6 (East Central),DAVENPORT,SCOTT,US 6,US 6/SPRUCE HILLS DR,Collision with:  Vehicle in traffic,On Roadway,Rear-end (front to rear),Equipment failure,None Indicated,,Daylight,Dry,Clear,None apparent,Non-intersection:  Non-junction/no special feature,Paved,,Property Damage Only,0,0,0,0,0,0,9000,2,2,,POINT (-90.522455104636 41.554860094288)
2014788918,14-008009,02/28/2014,02-February,6-Friday,21:59,2100 Hours,District 4 (Southwest),COUNCIL BLUFFS,POTTAWATTAMIE,US 275,US 275/VETERANS MEMORIAL HWY,Collision with fixed object:  Bridge overhead structure,On Roadway,Non-collision (single vehicle),Lost Control,Alcohol (Statutory),,Dark - roadway lighted,Wet,Clear,None apparent,Non-intersection:  Other non-intersection (explain in narrative),Paved,,Minor Injury,0,1,0,1,0,0,5000,1,1,,POINT (-95.925083439703 41.211012528466)
2014788889,14-0449,02/28/2014,02-February,6-Friday,15:40,1500 Hours,District 1 (Central),URBANDALE,POLK,,MEREDITH DR & 84TH ST,Collision with:  Vehicle in traffic,On Roadway,"Sideswipe, same direction",Unknown,None Indicated,,Daylight,Dry,Cloudy,None apparent,Non-intersection:  Non-junction/no special feature,Paved,,Property Damage Only,0,0,0,0,0,0,2000,2,2,,POINT (-93.733278138706 41.643848209324)
2014788828,20140005550,02/28/2014,02-February,6-Friday,23:00,2300 Hours,District 1 (Central),DES MOINES,POLK,IA 163,IA 163/E UNIVERSITY AVE & E 37TH ST,Collision with:  Vehicle in traffic,On Roadway,"Angle, oncoming left turn",FTYROW:  From stop sign,None Indicated,,Dark - roadway lighted,Snow,Rain,None apparent,Intersection:  T-intersection,Paved,,Possible/Unknown,0,1,0,0,1,0,10000,2,3,,POINT (-93.543826476223 41.600648233854)
2014790737,,02/28/2014,02-February,6-Friday,15:30,1500 Hours,District 2 (Northeast),CORALVILLE,HUMBOLDT,,12TH AVE N & 10TH ST N,Collision with:  Vehicle in traffic,On Roadway,"Angle, oncoming left turn",Unknown,None Indicated,,Daylight,Dry,Clear,,Non-intersection:  Non-junction/no special feature,Paved,,Property Damage Only,0,0,0,0,0,0,8000,2,2,,POINT (-91.581483919445 41.686719435992)
2014789193,021-14,02/28/2014,02-February,6-Friday,21:10,2100 Hours,District 4 (Southwest),,MADISON,IA 92,IA 92/IOWA 92,Collision with:  Vehicle in traffic,On Roadway,Head-on (front to front),Crossed centerline (undivided),None Indicated,,Dark - roadway not lighted,Snow,Snow,"Surface condition (e.g., wet, icy)",Non-intersection:  Non-junction/no special feature,Paved,,Minor Injury,0,1,0,1,0,0,20000,2,4,,POINT (-93.90597857495 41.356130036491)
2014788696,141461,02/28/2014,02-February,6-Friday,16:14,1600 Hours,District 4 (Southwest),,DALLAS,,Co Rd F60/OLD HWY 6,Collision with:  Vehicle in traffic,On Roadway,Head-on (front to front),Crossed centerline (undivided),None Indicated,,Daylight,Dry,Clear,None apparent,Non-intersection:  Non-junction/no special feature,Paved,,Minor Injury,0,1,0,1,0,0,14000,2,2,,POINT (-94.053027503115 41.606533211544)
2014788792,14-1374,02/28/2014,02-February,6-Friday,15:56,1500 Hours,District 1 (Central),ALLEMAN,POLK,,NE134TH AVE,Collision with fixed object:  Other fixed object (explain in narrative),Shoulder,Non-collision (single vehicle),Ran off road - left,None Indicated,,Daylight,Dry,Cloudy,None apparent,Non-intersection:  Non-junction/no special feature,Paved,,Property Damage Only,0,0,0,0,0,0,3500,1,1,,POINT (-93.608757786733 41.805774146512)
2014788888,14-0448,02/28/2014,02-February,6-Friday,09:15,0900 Hours,District 1 (Central),URBANDALE,POLK,,DOUGLAS AVE & 86TH ST,Collision with:  Vehicle in traffic,On Roadway,Broadside (front to side),Ran Traffic Signal,None Indicated,,Daylight,Dry,Cloudy,None apparent,Intersection:  Four-way intersection,Paved,,Property Damage Only,0,0,0,0,0,0,11000,2,3,,POINT (-93.736545898174 41.629226724627)
2014789738,01-14-8372,02/28/2014,02-February,6-Friday,01:30,0100 Hours,District 6 (East Central),DUBUQUE,DUBUQUE,,DIANE CT & VICTORIA ST,Non-collision events:  Other non-collision (explain in narrative),On Roadway,Non-collision (single vehicle),Lost Control,Alcohol (Statutory),,Dark - roadway lighted,Dry,Cloudy,None apparent,Non-intersection:  Non-junction/no special feature,Paved,,Property Damage Only,0,0,0,0,0,0,5500,1,1,,POINT (-90.678002587732 42.479677546794)
2014790730,,02/28/2014,02-February,6-Friday,18:21,1800 Hours,District 4 (Southwest),STUART,ADAIR,I-80,I-80,Non-collision events:  Overturn/rollover,Shoulder,Non-collision (single vehicle),Crossed centerline (undivided),None Indicated,,Dark - roadway not lighted,Dry,Cloudy,None apparent,Non-intersection:  Non-junction/no special feature,Paved,,Possible/Unknown,0,2,0,0,2,0,4400,1,2,,POINT (-94.338989329302 41.49303205934)