Iowa DOT Case Number,Law Enforcement Case Number,Date of Crash,Month of Crash,Day of Week,Time of Crash,Hour,DOT District,City Name,County Name,Route with System,Location Description,First Harmful Event,Location of First Harmful Event,Manner of Crash/Collision,Major Cause,Drug or Alcohol ,Environmental Conditions,Light Conditions,Surface Conditions,Weather Conditions,Roadway Contribution,Roadway Type,Roadway Surface,Work Zone,Crash Severity,Number of Fatalities,Number of Injuries,Number of Major Injuries,Number of Minor Injuries,Number of Possible Injuries,Number of Unknown Injuries,Amount of Property Damage,Number of Vehicles Involved,Total Number of Occupants,Travel Direction,Location
2014788651,W14-020515,03/01/2014,03-March,7-Saturday,16:55,1600 Hours,District 2 (Northeast),WATERLOO,BLACK HAWK,,W 3RD ST & DENVER ST,Collision with:  Vehicle in traffic,On Roadway,Unknown,Unknown,None Indicated,,Daylight,Snow,Cloudy,None apparent,Non-intersection:  Driveway access (within),Paved,,Property Damage Only,0,0,0,0,0,0,3500,2,1,,POINT (-92.353739331434 42.487991573623)
2014788646,W14-020455,03/01/2014,03-March,7-Saturday,13:23,1300 Hours,District 2 (Northeast),WATERLOO,BLACK HAWK,,FRONTAGE RD & NO NAME ST,Collision with:  Vehicle in traffic,Median,"Sideswipe, opposite direction",Crossed centerline (undivided),None Indicated,,Daylight,Snow,Snow,"Surface condition (e.g., wet, icy)",Non-intersection:  Non-junction/no special feature,Paved,,Major Injury,0,1,1,0,0,0,4000,2,5,,POINT (-92.334173908304 42.459222908742)
2014790463,2014-12602,03/01/2014,03-March,7-Saturday,08:12,0800 Hours,District 6 (East Central),DAVENPORT,SCOTT,,E 3RD ST,Collision with:  Vehicle in traffic,On Roadway,"Sideswipe, same direction",Other (explain in narrative):  Other,None Indicated,,Daylight,Dry,Clear,None apparent,Non-intersection:  Non-junction/no special feature,Paved,,Property Damage Only,0,0,0,0,0,0,3000,2,2,,POINT (-90.571378725726 41.522418606746)
2014790220,C14000643,03/01/2014,03-March,7-Saturday,11:30,1100 Hours,District 6 (East Central),CORALVILLE,JOHNSON,,S RIDGE DR,Collision with:  Vehicle in traffic,On Roadway,Broadside (front to side),FTYROW:  From driveway,None Indicated,,Daylight,Snow,Cloudy,None apparent,Non-intersection:  Driveway access (within),Paved,,Property Damage Only,0,0,0,0,0,0,2000,2,3,,POINT (-91.589982825304 41.696992754446)
2014788805,14-001000,03/01/2014,03-March,7-Saturday,16:56,1600 Hours,District 1 (Central),ANKENY,POLK,IA 160,IA 160/SW ORALABOR RD & IA 415/SW STATE ST,Collision with:  Vehicle in traffic,On Roadway,Rear-end (front to rear),Driving too fast for conditions,None Indicated,,Daylight,Ice/frost,Snow,"Surface condition (e.g., wet, icy)",Non-intersection:  Non-junction/no special feature,Paved,,Property Damage Only,0,0,0,0,0,0,2500,2,3,,POINT (-93.621550183463 41.703115988409)
2014788839,20140005638,03/01/2014,03-March,7-Saturday,22:43,2200 Hours,District 1 (Central),DES MOINES,POLK,,WALNUT ST & 5TH AVE,Collision with:  Vehicle in traffic,On Roadway,Head-on (front to front),Traveling wrong way or on wrong side of road,Alcohol (Statutory),,Dark - roadway lighted,Snow,Snow,None apparent,Non-intersection:  Non-junction/no special feature,Paved,,Property Damage Only,0,0,0,0,0,0,3000,2,2,,POINT (-93.623306734729 41.586184485464)
2014788743,14-5032,03/01/2014,03-March,7-Saturday,19:48,1900 Hours,District 1 (Central),OAKLAND ACRES,JASPER,I-80,I-80,Collision with fixed object:  Guardrail - face,Median,Non-collision (single vehicle),Ran off road - left,None Indicated,,Dark - roadway not lighted,Snow,Snow,None apparent,Non-intersection:  Non-junction/no special feature,Paved,,Property Damage Only,0,0,0,0,0,0,5000,1,1,,POINT (-92.83647735143 41.695168953129)
2014789006,14-0591,03/01/2014,03-March,7-Saturday,16:00,1600 Hours,District 1 (Central),FORT DODGE,WEBSTER,,S 7TH ST,Collision with:  Vehicle in traffic,On Roadway,"Sideswipe, opposite direction",Other (explain in narrative):  Other,None Indicated,,Daylight,Snow,Snow,"Surface condition (e.g., wet, icy)",Non-intersection:  Non-junction/no special feature,Paved,,Property Damage Only,0,0,0,0,0,0,18000,2,2,,POINT (-94.187346589274 42.499549092534)
2014788813,20140005579,03/01/2014,03-March,7-Saturday,09:58,0900 Hours,District 1 (Central),DES MOINES,POLK,,E UNIVERSITY AVE & PENNSYLVANIA AVE,Collision with:  Vehicle in traffic,On Roadway,Broadside (front to side),Ran Traffic Signal,None Indicated,,Daylight,Dry,Cloudy,None apparent,Intersection:  Four-way intersection,Paved,,Possible/Unknown,0,1,0,0,1,0,3500,2,3,,POINT (-93.608863543303 41.600385242357)
2014789180,201403000,03/01/2014,03-March,7-Saturday,16:53,1600 Hours,District 6 (East Central),CEDAR RAPIDS,LINN,I-380,I-380,Collision with:  Vehicle in traffic,On Roadway,"Sideswipe, same direction",Ran off road - left,None Indicated,,Daylight,Snow,Snow,"Surface condition (e.g., wet, icy)",Non-intersection:  Non-junction/no special feature,Paved,,Minor Injury,0,2,0,2,0,0,9700,2,4,,POINT (-91.670703308828 41.964164837898)
2014788808,14-001010,03/01/2014,03-March,7-Saturday,21:45,2100 Hours,District 1 (Central),ANKENY,POLK,I-35,I-35,Collision with fixed object:  Traffic sign support,Gore,Non-collision (single vehicle),Ran off road - right,None Indicated,,Dark - roadway lighted,Snow,Clear,None apparent,Interchange-related:  On-ramp merge area,Paved,,Property Damage Only,0,0,0,0,0,0,1550,1,1,,POINT (-93.577549361391 41.676306227955)
2014789024,14-6142,03/01/2014,03-March,7-Saturday,22:04,2200 Hours,District 3 (Northwest),SIOUX CITY,WOODBURY,,11TH ST,Collision with fixed object:  Utility pole/light support,On Roadway,Non-collision (single vehicle),Driving too fast for conditions,Refused,,Dark - roadway lighted,Snow,Clear,"Surface condition (e.g., wet, icy)",Non-intersection:  Non-junction/no special feature,Paved,,Property Damage Only,0,0,0,0,0,0,6500,1,2,,POINT (-96.382081147045 42.501766754369)
2014788645,W14-020454,03/01/2014,03-March,7-Saturday,13:00,1300 Hours,District 2 (Northeast),WATERLOO,BLACK HAWK,,COLUMBIA ST,Collision with fixed object:  Traffic sign support,On Roadway,Broadside (front to side),Unknown,None Indicated,,Daylight,Snow,Snow,None apparent,Intersection:  Four-way intersection,Paved,,Property Damage Only,0,0,0,0,0,0,3000,2,2,,POINT (-92.342626506302 42.510388907931)
2014788948,2014-12699,03/01/2014,03-March,7-Saturday,22:09,2200 Hours,District 6 (East Central),DAVENPORT,SCOTT,,N DIVISION ST,Collision with:  Vehicle in traffic,On Roadway,"Sideswipe, opposite direction",Lost Control,None Indicated,,Dark - roadway lighted,Snow,Snow,"Surface condition (e.g., wet, icy)",Non-intersection:  Non-junction/no special feature,Paved,,Minor Injury,0,1,0,1,0,0,4500,2,4,,POINT (-90.601138444432 41.528177245618)
2014788822,20140005639,03/01/2014,03-March,7-Saturday,22:35,2200 Hours,District 1 (Central),DES MOINES,POLK,,UNIVERSITY AVE & 12TH ST,Collision with:  Vehicle in traffic,On Roadway,"Sideswipe, opposite direction",Crossed centerline (undivided),None Indicated,,Dark - roadway lighted,Snow,Cloudy,None apparent,Intersection:  T-intersection,Paved,,Property Damage Only,0,0,0,0,0,0,5500,2,3,,POINT (-93.632983738525 41.600435114698)
2014789181,201403006,03/01/2014,03-March,7-Saturday,20:06,2000 Hours,District 6 (East Central),CEDAR RAPIDS,LINN,IA 922,IA 922/WILLIAMS BLVD & 12TH AVE SW,Collision with:  Vehicle in traffic,On Roadway,Rear-end (front to rear),FTYROW:  From stop sign,None Indicated,,Dark - roadway lighted,Snow,Snow,"Surface condition (e.g., wet, icy)",Intersection:  T-intersection,Paved,,Property Damage Only,0,0,0,0,0,0,5500,2,2,,POINT (-91.705674165794 41.965411090644)
2014788896,14-1057,03/01/2014,03-March,7-Saturday,19:19,1900 Hours,District 1 (Central),WEST DES MOINES,POLK,I-235,I-235 & 50TH ST,Collision with:  Vehicle in traffic,On Roadway,Rear-end (front to rear),Followed too close,Alcohol (Statutory),,Dark - roadway lighted,Snow,Snow,"Surface condition (e.g., wet, icy)",Intersection:  T-intersection,Paved,,Minor Injury,0,1,0,1,0,0,6500,2,2,,POINT (-93.771178883534 41.592790723058)
2014788711,01-14-8607,03/01/2014,03-March,7-Saturday,13:45,1300 Hours,District 6 (East Central),DUBUQUE,DUBUQUE,US 20,US 20/DODGE ST,Collision with:  Vehicle in traffic,On Roadway,Rear-end (front to rear),Lost Control,None Indicated,,Daylight,Snow,Cloudy,None apparent,Non-intersection:  Non-junction/no special feature,Paved,,Property Damage Only,0,0,0,0,0,0,3000,2,2,,POINT (-90.75596489627 42.482266899614)
2014788752,C14000641,03/01/2014,03-March,7-Saturday,10:32,1000 Hours,District 6 (East Central),CORALVILLE,JOHNSON,,BOSTON WAY,Collision with:  Parked motor vehicle,On Roadway,Unknown,Swerving/Evasive Action,None Indicated,,Daylight,Ice/frost,Cloudy,"Surface condition (e.g., wet, icy)",Non-intersection:  Non-junction/no special feature,Paved,,Property Damage Only,0,0,0,0,0,0,5000,2,3,,POINT (-91.60153604645 41.686803104871)
2014789016,14-6095,03/01/2014,03-March,7-Saturday,12:52,1200 Hours,District 3 (Northwest),SIOUX CITY,WOODBURY,,6TH ST & NEBRASKA ST,Collision with:  Vehicle in traffic,On Roadway,Broadside (front to side),Ran Traffic Signal,None Indicated,,Daylight,Snow,Snow,None apparent,Intersection:  Other intersection (explain in narrative),Paved,,Property Damage Only,0,0,0,0,0,0,7450,2,5,,POINT (-96.403472127326 42.496351392254)
2014789529,,03/01/2014,03-March,7-Saturday,15:43,1500 Hours,District 2 (Northeast),DENVER,BREMER,,FAYETTE ST & STATE ST,Collision with fixed object:  Utility pole/light support,Roadside,Non-collision (single vehicle),Driving too fast for conditions,None Indicated,,Daylight,Snow,Snow,"Surface condition (e.g., wet, icy)",Intersection:  Four-way intersection,Paved,,Property Damage Only,0,0,0,0,0,0,2000,2,5,,POINT (-92.337259426663 42.671352620051)
2014789237,14-0457,03/01/2014,03-March,7-Saturday,20:52,2000 Hours,District 1 (Central),URBANDALE,POLK,,,Collision with:  Vehicle in traffic,On Roadway,"Sideswipe, opposite direction",Lost Control,None Indicated,,Dark - roadway not lighted,Snow,Snow,"Surface condition (e.g., wet, icy)",Non-intersection:  Non-junction/no special feature,,,Property Damage Only,0,0,0,0,0,0,5000,2,2,,POINT (-96.643700149993 40.233091251414)
2014788632,1420382,03/01/2014,03-March,7-Saturday,08:33,0800 Hours,District 2 (Northeast),CEDAR FALLS,BLACK HAWK,US 218,US 218,Non-collision events:  Overturn/rollover,On Roadway,Non-collision (single vehicle),Lost Control,None Indicated,,Daylight,Ice/frost,Snow,"Surface condition (e.g., wet, icy)",Non-intersection:  Non-junction/no special feature,Paved,,Property Damage Only,0,0,0,0,0,0,5000,1,5,,POINT (-92.424527705836 42.544312991864)
2014790526,,03/01/2014,03-March,7-Saturday,15:25,1500 Hours,District 3 (Northwest),HINTON,PLYMOUTH,US 75,US 75/FLOYD AVE & MAIN ST,Collision with:  Vehicle in traffic,On Roadway,Rear-end (front to rear),Driving too fast for conditions,None Indicated,,Daylight,Snow,Snow,"Surface condition (e.g., wet, icy)",Intersection:  Four-way intersection,Paved,,Property Damage Only,0,0,0,0,0,0,4000,2,8,,POINT (-96.291951229804 42.626621072267)
2014791250,K14-005508,03/01/2014,03-March,7-Saturday,20:07,2000 Hours,District 5 (Southeast),KEOKUK,LEE,,MORGAN ST & 10TH ST N,Collision with fixed object:  Traffic sign support,Median,Non-collision (single vehicle),Crossed centerline (undivided),None Indicated,,Dark - roadway lighted,Snow,Snow,"Surface condition (e.g., wet, icy)",Non-intersection:  Non-junction/no special feature,Paved,,Property Damage Only,0,0,0,0,0,0,1900,1,1,,POINT (-91.433841575747 40.388394221317)
2014789130,100536,03/01/2014,03-March,7-Saturday,16:29,1600 Hours,District 3 (Northwest),,CRAWFORD,IA 39,IA 39/IOWA 39,Non-collision events:  Other non-collision (explain in narrative),On Roadway,Non-collision (single vehicle),Ran off road - right,None Indicated,,Daylight,Ice/frost,"Blowing sand, soil, dirt","Surface condition (e.g., wet, icy)",Non-intersection:  Non-junction/no special feature,Paved,,Possible/Unknown,0,1,0,0,1,0,7500,1,1,,POINT (-95.323888429417 42.122076426618)
2014791179,2014014587,03/01/2014,03-March,7-Saturday,13:26,1300 Hours,District 3 (Northwest),,MONONA,I-29,I-29,Collision with:  Vehicle in traffic,On Roadway,Rear-end (front to rear),Swerving/Evasive Action,None Indicated,,Daylight,Snow,Snow,"Surface condition (e.g., wet, icy)",Non-intersection:  Other non-intersection (explain in narrative),Paved,,Property Damage Only,0,0,0,0,0,0,5000,2,3,,POINT (-96.236493538356 42.185495314288)
2014791305,2014014702,03/01/2014,03-March,7-Saturday,22:17,2200 Hours,District 1 (Central),,POLK,I-80,I-80,Collision with fixed object:  Guardrail - face,On Roadway,Non-collision (single vehicle),Driving too fast for conditions,None Indicated,,Dark - roadway not lighted,Ice/frost,Snow,"Surface condition (e.g., wet, icy)",Interchange-related:  On-ramp merge area,Paved,,Property Damage Only,0,0,0,0,0,0,3200,1,1,,POINT (-93.369214001341 41.68035284968)
2014789387,14002059,03/01/2014,03-March,7-Saturday,02:30,0200 Hours,District 2 (Northeast),,FAYETTE,,Co Rd C50/40TH ST,Collision with fixed object:  Bridge overhead structure,On Roadway,Non-collision (single vehicle),Ran off road - right,None Indicated,,Dark - roadway not lighted,Snow,Cloudy,None apparent,Non-intersection:  Other non-intersection (explain in narrative),Paved,,Possible/Unknown,0,1,0,0,1,0,38000,1,1,,POINT (-91.973922787057 42.685883640106)
2014789054,201414517,03/01/2014,03-March,7-Saturday,04:30,0400 Hours,District 6 (East Central),,CEDAR,I-80,I-80,Collision with:  Vehicle in traffic,On Roadway,"Sideswipe, same direction",Unknown,None Indicated,,Dark - roadway not lighted,Slush,Clear,"Surface condition (e.g., wet, icy)",Non-intersection:  Non-junction/no special feature,Paved,,Property Damage Only,0,0,0,0,0,0,3000,2,4,,POINT (-91.119933491696 41.645157525888)
2014788921,14-008103,03/01/2014,03-March,7-Saturday,19:32,1900 Hours,District 4 (Southwest),COUNCIL BLUFFS,POTTAWATTAMIE,I-29,I-29,Non-collision events:  Other non-collision (explain in narrative),On Roadway,Non-collision (single vehicle),Ran off road - right,None Indicated,,Dark - roadway lighted,Snow,Snow,"Surface condition (e.g., wet, icy)",Non-intersection:  Non-junction/no special feature,Paved,,Property Damage Only,0,0,0,0,0,0,1500,1,1,,POINT (-95.905351833186 41.270116626164)
2014789943,14-293,03/01/2014,03-March,7-Saturday,11:30,1100 Hours,District 3 (Northwest),SPIRIT LAKE,DICKINSON,,20TH ST & KEOKUK AVE,Collision with:  Vehicle in traffic,On Roadway,Broadside (front to side),Ran Stop Sign,None Indicated,,Daylight,Ice/frost,Cloudy,None apparent,Intersection:  Four-way intersection,Paved,,Property Damage Only,0,0,0,0,0,0,5000,2,3,,POINT (-95.106263432798 43.420815445201)
2014810765,14-009-AC-Y,03/01/2014,03-March,7-Saturday,11:23,1100 Hours,District 3 (Northwest),MILFORD,DICKINSON,US 71,US 71/OKOBOJI AVE & 6TH ST,Collision with:  Vehicle in traffic,On Roadway,Broadside (front to side),Ran Traffic Signal,None Indicated,,Daylight,Snow,Clear,None apparent,Intersection:  Four-way intersection,Paved,,Major Injury,0,1,1,0,0,0,8000,2,2,,POINT (-95.149972237701 43.320704085292)
2014790286,10-001041,03/01/2014,03-March,7-Saturday,17:00,1700 Hours,District 1 (Central),AMES,STORY,,RIDGEWOOD AVE,Collision with:  Parked motor vehicle,On Roadway,"Sideswipe, same direction",Unknown,None Indicated,,Daylight,Snow,Unknown,Unknown,Non-intersection:  Non-junction/no special feature,Paved,,Property Damage Only,0,0,0,0,0,0,6000,2,1,,POINT (-93.625655906497 42.028888363125)
2014788919,14-008069,03/01/2014,03-March,7-Saturday,13:50,1300 Hours,District 4 (Southwest),COUNCIL BLUFFS,POTTAWATTAMIE,,N BROADWAY,Collision with:  Vehicle in traffic,On Roadway,Broadside (front to side),Ran Traffic Signal,None Indicated,,Daylight,Snow,Snow,None apparent,Intersection:  Four-way intersection,Paved,,Possible/Unknown,0,2,0,0,0,2,5500,2,3,,POINT (-95.836595942614 41.268806471383)
2014790347,2014014704,03/01/2014,03-March,7-Saturday,22:54,2200 Hours,District 1 (Central),,JASPER,I-80,I-80,Collision with fixed object:  Guardrail - face,Median,Non-collision (single vehicle),Driving too fast for conditions,None Indicated,,Dark - roadway not lighted,Ice/frost,Snow,"Surface condition (e.g., wet, icy)",Non-intersection:  Non-junction/no special feature,Paved,,Property Damage Only,0,0,0,0,0,0,6600,1,1,,POINT (-93.126626937723 41.681956995968)
2014790572,14-01438,03/01/2014,03-March,7-Saturday,14:28,1400 Hours,District 2 (Northeast),OELWEIN,FAYETTE,IA 3,IA 3/1ST AVE NE,Collision with:  Vehicle in traffic,On Roadway,"Sideswipe, opposite direction",Crossed centerline (undivided),None Indicated,,Daylight,Snow,Cloudy,None apparent,Non-intersection:  Non-junction/no special feature,Paved,,Property Damage Only,0,0,0,0,0,0,4500,2,2,,POINT (-91.912151835146 42.680630769619)
2014789039,2014014612,03/01/2014,03-March,7-Saturday,15:10,1500 Hours,District 1 (Central),ELLSWORTH,HAMILTON,I-35,I-35,Non-collision events:  Other non-collision (explain in narrative),Gore,Non-collision (single vehicle),Ran off road - left,None Indicated,,Daylight,Ice/frost,Snow,"Surface condition (e.g., wet, icy)",Interchange-related:  Off-ramp,Paved,,Property Damage Only,0,0,0,0,0,0,5929,1,2,,POINT (-93.571492052782 42.309025336333)
2014792655,14-001074,03/01/2014,03-March,7-Saturday,02:00,0200 Hours,District 5 (Southeast),COLUMBUS JUNCTION,LOUISA,,MAIN ST,Collision with:  Parked motor vehicle,On Roadway,Rear-end (front to rear),Other (explain in narrative):  Other,Under Influence of Alcohol/Drugs/Medications,,Dark - roadway lighted,Wet,Clear,None apparent,Non-intersection:  Non-junction/no special feature,Paved,,Property Damage Only,0,0,0,0,0,0,4500,2,1,,POINT (-91.360541447873 41.279183877212)
2014789002,14-0592,03/01/2014,03-March,7-Saturday,17:18,1700 Hours,District 1 (Central),FORT DODGE,WEBSTER,,7TH AVE N & N 7TH ST,Collision with fixed object:  Guardrail - face,On Roadway,Non-collision (single vehicle),Lost Control,None Indicated,,Daylight,Snow,Snow,"Surface condition (e.g., wet, icy)",Non-intersection:  Non-junction/no special feature,Paved,,Property Damage Only,0,0,0,0,0,0,6000,1,1,,POINT (-94.19095018016 42.511795469974)
2014796718,,03/01/2014,03-March,7-Saturday,20:06,2000 Hours,District 5 (Southeast),,MUSCATINE,IA 22,IA 22/IOWA 22,,On Roadway,Non-collision (single vehicle),Crossed centerline (undivided),None Indicated,,Dark - roadway not lighted,Snow,Snow,"Surface condition (e.g., wet, icy)",Non-intersection:  Non-junction/no special feature,Paved,,Property Damage Only,0,0,0,0,0,0,5000,1,3,,POINT (-90.898711048846 41.439305727351)
2014790483,201400010100,03/01/2014,03-March,7-Saturday,10:50,1000 Hours,District 5 (Southeast),OTTUMWA,WAPELLO,,N WAPELLO ST,Collision with:  Vehicle in traffic,On Roadway,Head-on (front to front),Crossed centerline (undivided),None Indicated,,Daylight,Snow,Cloudy,"Surface condition (e.g., wet, icy)",Non-intersection:  Non-junction/no special feature,Paved,,Property Damage Only,0,0,0,0,0,0,2100,2,3,,POINT (-92.41234620736 41.023697350948)
2014789019,14-6109,03/01/2014,03-March,7-Saturday,15:34,1500 Hours,District 3 (Northwest),SIOUX CITY,WOODBURY,IA 12,IA 12/GORDON DR & STONE AVE,Collision with:  Vehicle in traffic,On Roadway,Broadside (front to side),FTYROW:  Making right turn on red signal,None Indicated,,Daylight,Snow,Snow,None apparent,Intersection:  Four-way intersection,Paved,,Property Damage Only,0,0,0,0,0,0,3000,2,3,,POINT (-96.352010500174 42.479212427748)
2014788672,14000959,03/01/2014,03-March,7-Saturday,14:46,1400 Hours,District 3 (Northwest),,CHEROKEE,IA 3,IA 3/IOWA 3,Non-collision events:  Other non-collision (explain in narrative),On Roadway,Non-collision (single vehicle),Ran off road - right,None Indicated,,Daylight,Snow,Snow,"Surface condition (e.g., wet, icy)",Non-intersection:  Non-junction/no special feature,Paved,,Property Damage Only,0,0,0,0,0,0,4000,1,1,,POINT (-95.513423979433 42.749982549997)
2014788754,C14000652,03/01/2014,03-March,7-Saturday,20:47,2000 Hours,District 6 (East Central),CORALVILLE,JOHNSON,,HOLIDAY RD,Collision with:  Vehicle in traffic,On Roadway,"Sideswipe, opposite direction",Driving too fast for conditions,None Indicated,,Dark - roadway lighted,Snow,Snow,None apparent,Non-intersection:  Non-junction/no special feature,Paved,,Property Damage Only,0,0,0,0,0,0,3500,2,3,,POINT (-91.601166723951 41.696084660076)
2014788929,14-3930,03/01/2014,03-March,7-Saturday,20:05,2000 Hours,District 6 (East Central),BETTENDORF,SCOTT,I-74,I-74,Collision with fixed object:  Utility pole/light support,On Roadway,Non-collision (single vehicle),Driving too fast for conditions,Alcohol (Statutory),,Dark - roadway lighted,Snow,Snow,"Surface condition (e.g., wet, icy)",Non-intersection:  Non-junction/no special feature,Paved,,Property Damage Only,0,0,0,0,0,0,7470,2,2,,POINT (-90.516410063442 41.535501050333)
2014788716,01-14-8645,03/01/2014,03-March,7-Saturday,18:30,1800 Hours,District 6 (East Central),DUBUQUE,DUBUQUE,,UNIVERSITY AVE,Collision with:  Vehicle in traffic,On Roadway,"Sideswipe, same direction",Improper or erratic lane changing,None Indicated,,Dark - roadway lighted,Snow,Snow,None apparent,Non-intersection:  Non-junction/no special feature,Paved,,Property Damage Only,0,0,0,0,0,0,4000,2,3,,POINT (-90.693970864018 42.499352384187)
2014788717,01-14-8655,03/01/2014,03-March,7-Saturday,20:54,2000 Hours,District 6 (East Central),DUBUQUE,DUBUQUE,,W 9TH ST,Collision with:  Vehicle in traffic,On Roadway,"Sideswipe, same direction",Made improper turn,None Indicated,,Dark - roadway lighted,Snow,Snow,None apparent,Non-intersection:  Non-junction/no special feature,Paved,,Property Damage Only,0,0,0,0,0,0,2500,2,2,,POINT (-90.671348188424 42.500326545864)
2014789201,2014001849,03/01/2014,03-March,7-Saturday,19:50,1900 Hours,District 1 (Central),MARSHALLTOWN,MARSHALL,,E NEVADA ST,Collision with:  Vehicle in traffic,On Roadway,"Sideswipe, same direction",Crossed centerline (undivided),None Indicated,,Dark - unknown roadway lighting,Snow,Snow,None apparent,Non-intersection:  Non-junction/no special feature,Paved,,Property Damage Only,0,0,0,0,0,0,2000,2,5,,POINT (-92.893342298956 42.044360126245)
2014792636,2014014680,03/01/2014,03-March,7-Saturday,20:45,2000 Hours,District 6 (East Central),CORALVILLE,JOHNSON,I-80,I-80,Collision with:  Vehicle in traffic,On Roadway,"Sideswipe, same direction",Unknown,None Indicated,,Dark - roadway not lighted,Snow,Snow,"Surface condition (e.g., wet, icy)",Non-intersection:  Non-junction/no special feature,Paved,,Property Damage Only,0,0,0,0,0,0,3500,2,3,,POINT (-91.602332393292 41.693865150316)
2014789862,,03/01/2014,03-March,7-Saturday,12:45,1200 Hours,District 2 (Northeast),NEW HAMPTON,CHICKASAW,,RIGLER ST & INDUSTRIAL AVE,Collision with fixed object:  Ditch,On Roadway,Non-collision (single vehicle),Ran off road - straight,None Indicated,,Daylight,Snow,Clear,"Surface condition (e.g., wet, icy)",Non-intersection:  Non-junction/no special feature,Paved,,Property Damage Only,0,0,0,0,0,0,5000,1,2,,POINT (-92.332984584705 43.061678589795)
2014789693,14-020425,03/01/2014,03-March,7-Saturday,11:15,1100 Hours,District 2 (Northeast),LA PORTE CITY,BLACK HAWK,,CHESTNUT ST,Collision with:  Vehicle in traffic,On Roadway,Rear-end (front to rear),FTYROW:  Other (explain in narrative),None Indicated,,Daylight,Snow,Snow,"Surface condition (e.g., wet, icy)",Non-intersection:  Alley,Paved,,Property Damage Only,0,0,0,0,0,0,7000,2,2,,POINT (-92.191354854793 42.31402854157)
2014788862,20140005630,03/01/2014,03-March,7-Saturday,21:10,2100 Hours,District 1 (Central),DES MOINES,POLK,,FOREST AVE & 47TH ST,Collision with:  Vehicle in traffic,On Roadway,Broadside (front to side),FTYROW:  From stop sign,None Indicated,,Dark - roadway lighted,Snow,Snow,"Surface condition (e.g., wet, icy)",Intersection:  Four-way intersection,Paved,,Property Damage Only,0,0,0,0,0,0,5500,2,5,,POINT (-93.681393076855 41.60404049613)
2014789012,14-6071,03/01/2014,03-March,7-Saturday,09:05,0900 Hours,District 3 (Northwest),SIOUX CITY,WOODBURY,,34TH ST & JACKSON ST,Collision with:  Vehicle in traffic,On Roadway,Broadside (front to side),Other (explain in narrative):  Other,None Indicated,,Daylight,Snow,Snow,"Surface condition (e.g., wet, icy)",Intersection:  Four-way intersection,Paved,,Property Damage Only,0,0,0,0,0,0,7700,3,777,,POINT (-96.402373332123 42.528782120249)
2014788644,W14-020438,03/01/2014,03-March,7-Saturday,12:10,1200 Hours,District 2 (Northeast),WATERLOO,BLACK HAWK,,E SAN MARNAN DR & LA PORTE RD,Collision with:  Vehicle in traffic,On Roadway,Rear-end (front to rear),Lost Control,None Indicated,,Daylight,Snow,Snow,"Surface condition (e.g., wet, icy)",Non-intersection:  Non-junction/no special feature,Paved,,Property Damage Only,0,0,0,0,0,0,2350,2,4,,POINT (-92.320901849908 42.467358405763)
2014789295,14-6111,03/01/2014,03-March,7-Saturday,16:07,1600 Hours,District 3 (Northwest),SIOUX CITY,WOODBURY,I-29,I-29,Collision with fixed object:  Bridge overhead structure,On Roadway,Non-collision (single vehicle),Driving too fast for conditions,None Indicated,,Daylight,Snow,Snow,"Surface condition (e.g., wet, icy)",Non-intersection:  Other non-intersection (explain in narrative),Paved,,Property Damage Only,0,0,0,0,0,0,4000,1,4,,POINT (-96.402307663659 42.488795226185)
2014792637,2014014683,03/01/2014,03-March,7-Saturday,20:40,2000 Hours,District 6 (East Central),,JOHNSON,I-80,I-80,Collision with fixed object:  Traffic sign support,Outside trafficway,Non-collision (single vehicle),Driving too fast for conditions,None Indicated,,Dark - roadway not lighted,Snow,Snow,"Surface condition (e.g., wet, icy)",Non-intersection:  Non-junction/no special feature,Paved,,Property Damage Only,0,0,0,0,0,0,1700,1,1,,POINT (-91.46946751476 41.680463347282)
2014795244,14-016,03/01/2014,03-March,7-Saturday,13:23,1300 Hours,District 3 (Northwest),SIOUX CENTER,SIOUX,US 75,US 75/MAIN AVE & 16TH ST SE,Collision with:  Vehicle in traffic,On Roadway,Broadside (front to side),Ran Traffic Signal,None Indicated,,Daylight,Snow,Snow,"Surface condition (e.g., wet, icy)",Intersection:  Four-way intersection,Paved,,Property Damage Only,0,0,0,0,0,0,4500,2,2,,POINT (-96.175336899982 43.060392590136)
2014789770,201402972,03/01/2014,03-March,7-Saturday,04:00,0400 Hours,District 6 (East Central),CEDAR RAPIDS,LINN,I-380,I-380,Collision with fixed object:  Traffic sign support,Roadside,Non-collision (single vehicle),Ran off road - right,None Indicated,,Dark - roadway lighted,Snow,Snow,None apparent,Interchange-related:  Off-ramp,Paved,,Property Damage Only,0,0,0,0,0,0,2000,1,2,,POINT (-91.67176454904 41.893277825806)