Iowa DOT Case Number,Law Enforcement Case Number,Date of Crash,Month of Crash,Day of Week,Time of Crash,Hour,DOT District,City Name,County Name,Route with System,Location Description,First Harmful Event,Location of First Harmful Event,Manner of Crash/Collision,Major Cause,Drug or Alcohol ,Environmental Conditions,Light Conditions,Surface Conditions,Weather Conditions,Roadway Contribution,Roadway Type,Roadway Surface,Work Zone,Crash Severity,Number of Fatalities,Number of Injuries,Number of Major Injuries,Number of Minor Injuries,Number of Possible Injuries,Number of Unknown Injuries,Amount of Property Damage,Number of Vehicles Involved,Total Number of Occupants,Travel Direction,Location
2014789897,1420429,03/01/2014,03-March,7-Saturday,11:46,1100 Hours,District 2 (Northeast),CEDAR FALLS,BLACK HAWK,,RAINBOW DR & CEDAR HEIGHTS DR,Collision with fixed object:  Curb/island/raised median,On Roadway,Non-collision (single vehicle),Driving too fast for conditions,None Indicated,,Daylight,Snow,Snow,"Surface condition (e.g., wet, icy)",Non-intersection:  Non-junction/no special feature,Paved,,Property Damage Only,0,0,0,0,0,0,3000,1,1,,POINT (-92.411206961109 42.516759649781)
2014789466,S79140068,03/01/2014,03-March,7-Saturday,17:00,1700 Hours,District 1 (Central),,POWESHIEK,,Co Rd V13/BARNES CITY RD,Collision with fixed object:  Ditch,On Roadway,Non-collision (single vehicle),Ran off road - right,None Indicated,,Daylight,Ice/frost,Snow,None apparent,Non-intersection:  Non-junction/no special feature,Paved,,Possible/Unknown,0,1,0,0,1,0,3250,1,1,,POINT (-92.489344975715 41.572778727896)
2014789680,2014-0060,03/01/2014,03-March,7-Saturday,03:28,0300 Hours,District 5 (Southeast),NORWALK,WARREN,IA 28,IA 28/IOWA 28,Collision with fixed object:  Guardrail - face,On Roadway,Non-collision (single vehicle),Driving too fast for conditions,None Indicated,,Dark - roadway not lighted,Ice/frost,Snow,"Surface condition (e.g., wet, icy)",Non-intersection:  Driveway access (within),Paved,,Property Damage Only,0,0,0,0,0,0,10000,1,1,,POINT (-93.674606665669 41.508891485643)
2014789985,A14-012,03/01/2014,03-March,7-Saturday,14:08,1400 Hours,District 4 (Southwest),WINTERSET,MADISON,,W JEFFERSON ST & N 5TH AVE,Collision with:  Vehicle in traffic,On Roadway,Broadside (front to side),FTYROW:  From yield sign,None Indicated,,Daylight,Snow,Cloudy,"Surface condition (e.g., wet, icy)",Intersection:  Four-way intersection,Paved,,Property Damage Only,0,0,0,0,0,0,3000,2,2,,POINT (-94.019393114399 41.335427782686)
2014788897,14-1040,03/01/2014,03-March,7-Saturday,09:32,0900 Hours,District 1 (Central),WEST DES MOINES,POLK,I-235,I-235,Collision with fixed object:  Guardrail - face,On Roadway,Non-collision (single vehicle),Ran off road - left,None Indicated,,Daylight,Dry,Cloudy,None apparent,Non-intersection:  Non-junction/no special feature,Paved,,Property Damage Only,0,0,0,0,0,0,3000,1,1,,POINT (-93.744992890459 41.592314873835)
2014789567,CL14000610,03/01/2014,03-March,7-Saturday,18:24,1800 Hours,District 6 (East Central),CLINTON,CLINTON,,2ND AVE S & S 11TH ST,Collision with:  Vehicle in traffic,On Roadway,Rear-end (front to rear),Driving too fast for conditions,None Indicated,,Dark - roadway not lighted,Snow,Snow,"Surface condition (e.g., wet, icy)",Non-intersection:  Non-junction/no special feature,Paved,,Property Damage Only,0,0,0,0,0,0,2000,2,3,,POINT (-90.211351965637 41.844728043539)
2014788892,14-0453,03/01/2014,03-March,7-Saturday,15:39,1500 Hours,District 1 (Central),URBANDALE,POLK,,70TH ST,Collision with:  Vehicle in traffic,On Roadway,"Sideswipe, opposite direction",Driving too fast for conditions,None Indicated,,Daylight,Snow,Snow,"Surface condition (e.g., wet, icy)",Intersection:  Y-intersection,Paved,,Minor Injury,0,1,0,1,0,0,5000,2,3,,POINT (-93.712232896868 41.62354329191)
2014788941,2014-12582,03/01/2014,03-March,7-Saturday,03:17,0300 Hours,District 6 (East Central),DAVENPORT,SCOTT,,WAVERLY RD,Non-collision events:  Other non-collision (explain in narrative),Shoulder,Non-collision (single vehicle),Ran off road - left,None Indicated,,Dark - roadway lighted,Wet,Cloudy,Unknown,Intersection:  Other intersection (explain in narrative),Paved,,Property Damage Only,0,0,0,0,0,0,3000,1,1,,POINT (-90.620881522233 41.526453081189)
2014794202,,03/01/2014,03-March,7-Saturday,15:30,1500 Hours,District 2 (Northeast),,WINNESHIEK,IA 9,IA 9/IOWA 9,Non-collision events:  Overturn/rollover,On Roadway,Non-collision (single vehicle),Ran off road - left,None Indicated,,Daylight,Snow,Snow,"Surface condition (e.g., wet, icy)",Non-intersection:  Non-junction/no special feature,Paved,,Property Damage Only,0,0,0,0,0,0,5000,1,2,,POINT (-92.035683986587 43.333185252688)
2014790310,14-1010,03/01/2014,03-March,7-Saturday,13:00,1300 Hours,District 1 (Central),AMES,STORY,,MORTENSON PKWY & BEACH AVE,Collision with fixed object:  Tree,On Roadway,Non-collision (single vehicle),Driving too fast for conditions,None Indicated,,Daylight,Snow,Cloudy,None apparent,Non-intersection:  Non-junction/no special feature,Paved,,Property Damage Only,0,0,0,0,0,0,5000,1,1,,POINT (-93.640865145287 42.008476603408)
2014792635,2014014626,03/01/2014,03-March,7-Saturday,16:30,1600 Hours,District 6 (East Central),IOWA CITY,JOHNSON,I-80,I-80,Non-collision events:  Overturn/rollover,Shoulder,Non-collision (single vehicle),Ran off road - right,None Indicated,,Daylight,Snow,Snow,"Surface condition (e.g., wet, icy)","Interchange-related:  Off-ramp, diverge area",Paved,,Property Damage Only,0,0,0,0,0,0,3000,1,1,,POINT (-91.536914452929 41.687421535707)
2014788755,C14000655,03/01/2014,03-March,7-Saturday,21:51,2100 Hours,District 6 (East Central),CORALVILLE,JOHNSON,,12TH AVE,Collision with:  Vehicle in traffic,On Roadway,Unknown,FTYROW:  At uncontrolled intersection,None Indicated,,Dark - roadway lighted,Snow,Snow,None apparent,Non-intersection:  Driveway access (within),Paved,,Property Damage Only,0,0,0,0,0,0,2500,2,3,,POINT (-91.581158203955 41.675294735485)
2014788647,W14-020460,03/01/2014,03-March,7-Saturday,13:30,1300 Hours,District 2 (Northeast),WATERLOO,BLACK HAWK,,E 5TH ST,Collision with:  Vehicle in traffic,On Roadway,"Sideswipe, same direction",Driving too fast for conditions,None Indicated,,Daylight,Snow,Snow,"Surface condition (e.g., wet, icy)",Intersection:  Four-way intersection,Paved,,Property Damage Only,0,0,0,0,0,0,9800,2,4,,POINT (-92.334813130573 42.497636610312)
2014788654,W14-020550,03/01/2014,03-March,7-Saturday,19:30,1900 Hours,District 2 (Northeast),WATERLOO,BLACK HAWK,,E SAN MARNAN DR,Collision with:  Vehicle in traffic,On Roadway,Unknown,Swerving/Evasive Action,None Indicated,,Dark - roadway lighted,Snow,Snow,Ruts/holes/bumps,Non-intersection:  Other non-intersection (explain in narrative),Paved,,Property Damage Only,0,0,0,0,0,0,4500,2,4,,POINT (-92.335880283519 42.457728824879)
2014792306,14-002927,03/01/2014,03-March,7-Saturday,00:20,0000 Hours,District 6 (East Central),TIPTON,CEDAR,,SOUTH ST,Collision with:  Vehicle in traffic,On Roadway,"Sideswipe, opposite direction",Crossed centerline (undivided),None Indicated,,Dark - roadway not lighted,Snow,Snow,None apparent,Non-intersection:  Other non-intersection (explain in narrative),Paved,,Property Damage Only,0,0,0,0,0,0,5000,2,2,,POINT (-91.139408442349 41.764802665729)
2014788794,14-1380,03/01/2014,03-March,7-Saturday,11:50,1100 Hours,District 1 (Central),BONDURANT,POLK,,GRANT ST S & 10TH ST SE,Collision with:  Vehicle in traffic,On Roadway,Broadside (front to side),FTYROW:  From driveway,None Indicated,,Daylight,Snow,Cloudy,None apparent,Non-intersection:  Driveway access (within),Paved,,Property Damage Only,0,0,0,0,0,0,5000,2,2,,POINT (-93.46373171448 41.691746636417)
2014788823,20140005648,03/01/2014,03-March,7-Saturday,23:29,2300 Hours,District 1 (Central),DES MOINES,POLK,US 6,US 6/E EUCLID AVE & US 69/E 14TH ST,Collision with:  Vehicle in traffic,On Roadway,Rear-end (front to rear),Ran Traffic Signal,None Indicated,,Dark - roadway lighted,Snow,Clear,None apparent,Intersection:  Four-way intersection,Paved,,Property Damage Only,0,0,0,0,0,0,5000,3,4,,POINT (-93.600513057949 41.627712019178)
2014789846,2014014695,03/01/2014,03-March,7-Saturday,22:00,2200 Hours,District 5 (Southeast),,HENRY,US 218,US 218,Non-collision events:  Jackknife,Roadside,Non-collision (single vehicle),Ran off road - right,None Indicated,,Dark - roadway not lighted,Snow,Snow,"Surface condition (e.g., wet, icy)",Non-intersection:  Non-junction/no special feature,Paved,,Property Damage Only,0,0,0,0,0,0,10000,1,1,,POINT (-91.558742015876 40.890631555585)
2014790185,14020481,03/01/2014,03-March,7-Saturday,15:07,1500 Hours,District 2 (Northeast),GILBERTVILLE,BLACK HAWK,I-380,I-380,Non-collision events:  Overturn/rollover,Shoulder,Non-collision (single vehicle),Ran off road - right,None Indicated,,Daylight,Snow,Snow,None apparent,Non-intersection:  Non-junction/no special feature,Paved,,Property Damage Only,0,0,0,0,0,0,6500,1,1,,POINT (-92.173522793638 42.414588547056)
2014788905,14-0163,03/01/2014,03-March,7-Saturday,23:39,2300 Hours,District 1 (Central),WINDSOR HEIGHTS,POLK,I-235,I-235,Collision with fixed object:  Tree,On Roadway,Non-collision (single vehicle),Lost Control,None Indicated,,Dark - roadway lighted,Snow,Snow,None apparent,"Interchange-related:  Off-ramp, diverge area",Paved,,Possible/Unknown,0,1,0,0,1,0,400,1,1,,POINT (-93.719135923481 41.593344213648)
2014788946,2014-12653,03/01/2014,03-March,7-Saturday,15:50,1500 Hours,District 6 (East Central),DAVENPORT,SCOTT,,BRIDGE AVE,Collision with fixed object:  Utility pole/light support,On Roadway,Non-collision (single vehicle),Driving too fast for conditions,None Indicated,,Daylight,Wet,Clear,None apparent,Non-intersection:  Non-junction/no special feature,Paved,,Property Damage Only,0,0,0,0,0,0,3000,1,1,,POINT (-90.557852047812 41.529652344138)
2014789783,14004665,03/01/2014,03-March,7-Saturday,14:59,1400 Hours,District 5 (Southeast),OSKALOOSA,MAHASKA,IA 92,IA 92/A AVE W & N A ST,Collision with:  Vehicle in traffic,On Roadway,Rear-end (front to rear),Followed too close,None Indicated,,Daylight,Dry,Cloudy,None apparent,Non-intersection:  Non-junction/no special feature,Paved,,Possible/Unknown,0,2,0,0,2,0,1000,2,5,,POINT (-92.646289893945 41.296233814481)
2014790217,14-140301-01,03/01/2014,03-March,7-Saturday,14:19,1400 Hours,District 6 (East Central),,IOWA,IA 212,IA 212/212 BLVD,Non-collision events:  Overturn/rollover,Roadside,Non-collision (single vehicle),Driving too fast for conditions,None Indicated,,Daylight,Snow,Snow,"Surface condition (e.g., wet, icy)",Non-intersection:  Non-junction/no special feature,Paved,,Property Damage Only,0,0,0,0,0,0,8500,1,1,,POINT (-92.194081550925 41.811612480645)
2014788920,14-008078,03/01/2014,03-March,7-Saturday,13:52,1300 Hours,District 4 (Southwest),COUNCIL BLUFFS,POTTAWATTAMIE,I-480,I-480,Collision with:  Vehicle in traffic,On Roadway,Rear-end (front to rear),Unknown,None Indicated,,Daylight,Dry,Clear,None apparent,Non-intersection:  Non-junction/no special feature,Paved,,Property Damage Only,0,0,0,0,0,0,2500,2,2,,POINT (-95.917084610467 41.260435142885)
2014788688,CL14000606,03/01/2014,03-March,7-Saturday,13:06,1300 Hours,District 6 (East Central),CLINTON,CLINTON,,HARRISON DR & S 14TH ST,Collision with:  Vehicle in traffic,On Roadway,Broadside (front to side),FTYROW:  From stop sign,None Indicated,,Daylight,Snow,Cloudy,None apparent,Intersection:  Four-way intersection,Paved,,Property Damage Only,0,0,0,0,0,0,3000,2,3,,POINT (-90.218631921144 41.827649701947)
2014789471,14-001007,03/01/2014,03-March,7-Saturday,11:45,1100 Hours,District 1 (Central),AMES,STORY,US 69,US 69/GRAND AVE & 30TH ST & DUFF AVE,Collision with:  Vehicle in traffic,On Roadway,Broadside (front to side),Ran Traffic Signal,None Indicated,,Daylight,Snow,Snow,"Surface condition (e.g., wet, icy)",Intersection:  Four-way intersection,Paved,,Property Damage Only,0,0,0,0,0,0,6500,2,3,,POINT (-93.620606028003 42.051197981358)
2014788624,14020428,03/01/2014,03-March,7-Saturday,11:27,1100 Hours,District 2 (Northeast),CEDAR FALLS,BLACK HAWK,IA 27,IA 27 & GREENHILL RD,Collision with:  Vehicle in traffic,On Roadway,"Angle, oncoming left turn",FTYROW:  Making left turn,None Indicated,,Daylight,Snow,Cloudy,None apparent,Intersection:  Other intersection (explain in narrative),Paved,,Minor Injury,0,1,0,1,0,0,8000,2,3,,POINT (-92.452779056454 42.498728891586)
2014789161,P14-002411,03/01/2014,03-March,7-Saturday,16:32,1600 Hours,District 1 (Central),WEBSTER CITY,HAMILTON,,BLUFF ST,Collision with:  Parked motor vehicle,On Roadway,Rear-end (front to rear),Driving too fast for conditions,None Indicated,,Daylight,Snow,Snow,None apparent,Non-intersection:  Non-junction/no special feature,Paved,,Property Damage Only,0,0,0,0,0,0,2000,2,1,,POINT (-93.807926671059 42.466342566108)
2014788715,01-14-8641,03/01/2014,03-March,7-Saturday,17:52,1700 Hours,District 6 (East Central),DUBUQUE,DUBUQUE,,KIRKWOOD ST & COX ST,Collision with fixed object:  Other fixed object (explain in narrative),On Roadway,Non-collision (single vehicle),Lost Control,None Indicated,,Dusk,Snow,Snow,"Surface condition (e.g., wet, icy)",Intersection:  T-intersection,Paved,,Property Damage Only,0,0,0,0,0,0,4000,1,1,,POINT (-90.680709622797 42.508143895399)
2014789864,,03/01/2014,03-March,7-Saturday,02:27,0200 Hours,District 2 (Northeast),NEW HAMPTON,CHICKASAW,,S CHESTNUT AVE,Collision with:  Vehicle in traffic,On Roadway,Head-on (front to front),FTYROW:  Other (explain in narrative),Alcohol (Statutory),,Dark - roadway lighted,Snow,Snow,None apparent,Non-intersection:  Non-junction/no special feature,Paved,,Property Damage Only,0,0,0,0,0,0,3000,2,2,,POINT (-92.315328083754 43.059160987094)
2014789717,14020612,03/01/2014,03-March,7-Saturday,23:25,2300 Hours,District 2 (Northeast),CEDAR FALLS,BLACK HAWK,,MELROSE DR,Collision with:  Parked motor vehicle,On Roadway,Unknown,Ran off road - left,None Indicated,,Dark - roadway lighted,Snow,Cloudy,None apparent,Non-intersection:  Non-junction/no special feature,Paved,,Property Damage Only,0,0,0,0,0,0,3500,2,1,,POINT (-92.435521053509 42.517746550633)
2014788649,W14-020493,03/01/2014,03-March,7-Saturday,15:46,1500 Hours,District 2 (Northeast),WATERLOO,BLACK HAWK,,E SAN MARNAN DR,Collision with:  Vehicle in traffic,On Roadway,"Sideswipe, same direction",Lost Control,None Indicated,,Daylight,Snow,Snow,"Surface condition (e.g., wet, icy)",Non-intersection:  Non-junction/no special feature,Paved,,Property Damage Only,0,0,0,0,0,0,3500,2,5,,POINT (-92.352521093312 42.457445789319)
2014789918,14-060,03/01/2014,03-March,7-Saturday,13:20,1300 Hours,District 2 (Northeast),WAVERLY,BREMER,IA 116,IA 116/4TH ST SW & 8TH AVE SW,Collision with:  Vehicle in traffic,On Roadway,Broadside (front to side),Driving too fast for conditions,None Indicated,,Daylight,Snow,Snow,None apparent,Intersection:  Four-way intersection,Paved,,Property Damage Only,0,0,0,0,0,0,6500,2,4,,POINT (-92.475630098975 42.717295438719)
2014789296,14-6116,03/01/2014,03-March,7-Saturday,16:37,1600 Hours,District 3 (Northwest),SIOUX CITY,WOODBURY,I-29,I-29,Collision with fixed object:  Concrete traffic barrier (median or right side),On Roadway,Non-collision (single vehicle),Driving too fast for conditions,None Indicated,,Daylight,Snow,Snow,"Surface condition (e.g., wet, icy)",Non-intersection:  Other non-intersection (explain in narrative),Paved,,Property Damage Only,0,0,0,0,0,0,3500,1,1,,POINT (-96.380807716049 42.467317091844)
2014791205,14-020346,03/01/2014,03-March,7-Saturday,02:16,0200 Hours,District 2 (Northeast),JANESVILLE,BLACK HAWK,US 218,US 218,Non-collision events:  Overturn/rollover,Shoulder,Non-collision (single vehicle),Ran off road - right,Alcohol (Statutory),,Dark - roadway not lighted,Snow,Snow,"Surface condition (e.g., wet, icy)",Non-intersection:  Non-junction/no special feature,Paved,,Property Damage Only,0,0,0,0,0,0,5000,1,1,,POINT (-92.444615423307 42.616574915436)
2014788802,14-000995,03/01/2014,03-March,7-Saturday,14:53,1400 Hours,District 1 (Central),ANKENY,POLK,,SE MILL POND CT & SE DELAWARE AVE & SE 8TH ST,Collision with:  Vehicle in traffic,On Roadway,Broadside (front to side),FTYROW:  Making left turn,None Indicated,,Daylight,Snow,Snow,None apparent,Intersection:  Four-way intersection,Paved,,Possible/Unknown,0,1,0,0,1,0,7800,3,4,,POINT (-93.581103825099 41.724178983067)
2014788763,2014002320,03/01/2014,03-March,7-Saturday,07:40,0700 Hours,District 6 (East Central),IOWA CITY,JOHNSON,,S GILBERT ST,Collision with fixed object:  Utility pole/light support,On Roadway,Non-collision (single vehicle),Swerving/Evasive Action,None Indicated,,Daylight,Snow,Cloudy,None apparent,Non-intersection:  Alley,Paved,,Property Damage Only,0,0,0,0,0,0,11000,2,3,,POINT (-91.530160782214 41.658423407941)
2014789198,1400000165,03/01/2014,03-March,7-Saturday,12:13,1200 Hours,District 1 (Central),,MARSHALL,IA 14,IA 14/REED AVE,Collision with:  Animal,On Roadway,Non-collision (single vehicle),Animal,None Indicated,,,,,,,Paved,,Property Damage Only,0,0,0,0,0,0,2500,1,1,,POINT (-92.91682638127 41.974415875145)
2014788801,14-000999,03/01/2014,03-March,7-Saturday,15:45,1500 Hours,District 1 (Central),ANKENY,POLK,,SE DELAWARE AVE,Collision with:  Vehicle in traffic,On Roadway,"Sideswipe, same direction",Improper or erratic lane changing,None Indicated,,Daylight,Snow,Snow,"Surface condition (e.g., wet, icy)",Non-intersection:  Non-junction/no special feature,Paved,,Property Damage Only,0,0,0,0,0,0,2500,2,2,,POINT (-93.58117231726 41.71309995681)
2014788811,14-0256,03/01/2014,03-March,7-Saturday,10:25,1000 Hours,District 1 (Central),CLIVE,POLK,,UNIVERSITY AVE,Collision with:  Vehicle in traffic,On Roadway,"Sideswipe, opposite direction",Ran Traffic Signal,None Indicated,,Daylight,Wet,Cloudy,None apparent,Intersection:  Four-way intersection,Paved,,Property Damage Only,0,0,0,0,0,0,3800,2,3,,POINT (-93.769397879183 41.600431758783)
2014788742,14-5027,03/01/2014,03-March,7-Saturday,18:37,1800 Hours,District 1 (Central),OAKLAND ACRES,JASPER,I-80,I-80,Collision with fixed object:  Guardrail - face,Median,Non-collision (single vehicle),Ran off road - left,None Indicated,,Dark - roadway not lighted,Snow,Snow,None apparent,Non-intersection:  Non-junction/no special feature,Paved,,Property Damage Only,0,0,0,0,0,0,3500,1,1,,POINT (-92.779177005556 41.695388388588)
2014788815,20140005588,03/01/2014,03-March,7-Saturday,13:00,1300 Hours,District 1 (Central),DES MOINES,POLK,,FLEUR DR,Collision with:  Vehicle in traffic,On Roadway,Rear-end (front to rear),Other (explain in narrative):  Other,None Indicated,,Daylight,Dry,Cloudy,None apparent,Intersection:  Four-way intersection,Paved,,Property Damage Only,0,0,0,0,0,0,3000,2,3,,POINT (-93.645040247592 41.541019174052)
2014789179,201402998,03/01/2014,03-March,7-Saturday,16:16,1600 Hours,District 6 (East Central),CEDAR RAPIDS,LINN,I-380,I-380,Collision with fixed object:  Guardrail - face,On Roadway,Non-collision (single vehicle),Ran off road - right,None Indicated,,Daylight,Snow,Snow,"Surface condition (e.g., wet, icy)",Non-intersection:  Non-junction/no special feature,Paved,,Property Damage Only,0,0,0,0,0,0,4800,1,1,,POINT (-91.670718283676 41.963444493111)
2014788987,14-0112,03/01/2014,03-March,7-Saturday,11:45,1100 Hours,District 1 (Central),LEHIGH,WEBSTER,,TAYLOR RD,Non-collision events:  Other non-collision (explain in narrative),On Roadway,"Sideswipe, opposite direction",Unknown,None Indicated,,Daylight,Ice/frost,Snow,"Surface condition (e.g., wet, icy)",Non-intersection:  Non-junction/no special feature,Paved,,Possible/Unknown,0,1,0,0,1,0,8000,2,2,,POINT (-94.061978867835 42.357523431311)
2014798304,1400000176,03/01/2014,03-March,7-Saturday,16:14,1600 Hours,District 1 (Central),,MARSHALL,IA 14,IA 14/SANFORD AVE & IA 96/120TH ST,Collision with:  Vehicle in traffic,On Roadway,Rear-end (front to rear),Followed too close,None Indicated,,Daylight,Snow,Snow,None apparent,Intersection:  T-intersection,Paved,,Possible/Unknown,0,4,0,0,4,0,9500,2,6,,POINT (-92.904228798425 42.18121431713)
2014788911,14-0211,03/01/2014,03-March,7-Saturday,23:32,2300 Hours,District 1 (Central),PLEASANT HILL,POLK,IA 163,IA 163/E UNIVERSITY AVE & NE 64TH ST,Collision with:  Vehicle in traffic,On Roadway,Rear-end (front to rear),Driving too fast for conditions,None Indicated,,Dark - roadway lighted,Snow,Cloudy,"Surface condition (e.g., wet, icy)",Non-intersection:  Non-junction/no special feature,Paved,,Property Damage Only,0,0,0,0,0,0,6000,2,2,,POINT (-93.481961589392 41.598330136724)
2014788662,14-3434,03/01/2014,03-March,7-Saturday,01:19,0100 Hours,District 2 (Northeast),,BREMER,US 218,US 218,Non-collision events:  Overturn/rollover,On Roadway,Non-collision (single vehicle),Ran off road - left,Alcohol (< Statutory),,Dark - roadway not lighted,Ice/frost,Snow,"Surface condition (e.g., wet, icy)",Non-intersection:  Non-junction/no special feature,Paved,,Property Damage Only,0,0,0,0,0,0,8000,1,1,,POINT (-92.545386768918 42.88472444465)
2014789437,14043,03/01/2014,03-March,7-Saturday,21:35,2100 Hours,District 5 (Southeast),PELLA,MARION,,WASHINGTON ST & E 1ST ST,Collision with:  Vehicle in traffic,On Roadway,Broadside (front to side),FTYROW:  From stop sign,None Indicated,,Dark - roadway lighted,Snow,"Fog, smoke, smog",None apparent,Intersection:  Four-way intersection,Paved,,Property Damage Only,0,0,0,0,0,0,8500,2,2,,POINT (-92.914705183865 41.408071599324)
2014789720,E14-20479,03/01/2014,03-March,7-Saturday,14:58,1400 Hours,District 2 (Northeast),EVANSDALE,BLACK HAWK,,DUBUQUE RD,Collision with fixed object:  Other fixed object (explain in narrative),Median,Rear-end (front to rear),Lost Control,None Indicated,,Daylight,Snow,Snow,None apparent,Intersection:  Other intersection (explain in narrative),Paved,,Minor Injury,0,1,0,1,0,0,0,2,2,,POINT (-92.291730677956 42.482617892566)
2014789113,201400834,03/01/2014,03-March,7-Saturday,11:33,1100 Hours,District 1 (Central),,BOONE,US 169,US 169/D AVE,Collision with:  Vehicle in traffic,On Roadway,"Sideswipe, opposite direction",Swerving/Evasive Action,None Indicated,,Daylight,Snow,Snow,"Surface condition (e.g., wet, icy)",Non-intersection:  Non-junction/no special feature,Paved,,Property Damage Only,0,0,0,0,0,0,4000,2,3,,POINT (-94.105875017333 42.082591779877)
2014789052,2014014712,03/01/2014,03-March,7-Saturday,23:29,2300 Hours,District 6 (East Central),,CEDAR,I-80,I-80,Collision with:  Parked motor vehicle,On Roadway,Head-on (front to front),Illegally Parked/Unattended,None Indicated,,Dark - roadway not lighted,Snow,Snow,None apparent,"Interchange-related:  Off-ramp, diverge area",Paved,,Property Damage Only,0,0,0,0,0,0,35000,2,2,,POINT (-91.339641478259 41.664105812209)
2014808033,2014014586,03/01/2014,03-March,7-Saturday,13:45,1300 Hours,District 2 (Northeast),,BLACK HAWK,US 63,US 63/LOGAN AVE,Collision with:  Vehicle in traffic,On Roadway,Rear-end (front to rear),Other (explain in narrative):  Vision obstructed,None Indicated,,Daylight,Snow,Snow,"Surface condition (e.g., wet, icy)",Non-intersection:  Non-junction/no special feature,Paved,,Property Damage Only,0,0,0,0,0,0,11000,2,2,,POINT (-92.337511785592 42.629189896968)
2014788803,14-001005,03/01/2014,03-March,7-Saturday,19:28,1900 Hours,District 1 (Central),ANKENY,POLK,,SE PDI PL,Collision with:  Vehicle in traffic,On Roadway,"Sideswipe, same direction",Unknown,None Indicated,,Dark - unknown roadway lighting,Ice/frost,Snow,"Surface condition (e.g., wet, icy)",Non-intersection:  Non-junction/no special feature,Paved,,Property Damage Only,0,0,0,0,0,0,3000,2,2,,POINT (-93.584452192261 41.702283842427)
2014789051,2014014649,03/01/2014,03-March,7-Saturday,17:20,1700 Hours,District 2 (Northeast),,FLOYD,US 218,US 218,Collision with:  Vehicle in traffic,On Roadway,"Sideswipe, same direction",Driving too fast for conditions,None Indicated,,Daylight,Snow,Snow,"Surface condition (e.g., wet, icy)",Non-intersection:  Non-junction/no special feature,Paved,,Minor Injury,0,1,0,1,0,0,1500,2,2,,POINT (-92.564814433558 42.97614849915)
2014788973,14-001006,03/01/2014,03-March,7-Saturday,10:01,1000 Hours,District 1 (Central),AMES,STORY,,UNIVERSITY BLVD & IOWA STATE UNIVERSITY & S 16TH ST,Collision with:  Vehicle in traffic,On Roadway,Broadside (front to side),Lost Control,None Indicated,,Daylight,Snow,Snow,"Surface condition (e.g., wet, icy)",Non-intersection:  Non-junction/no special feature,Paved,,Property Damage Only,0,0,0,0,0,0,2800,2,3,,POINT (-93.633782218215 42.011497110753)
2014788771,14004295,03/01/2014,03-March,7-Saturday,03:52,0300 Hours,District 6 (East Central),MARION,LINN,,W 8TH AVE,Collision with fixed object:  Other fixed object (explain in narrative),On Roadway,Non-collision (single vehicle),Driving too fast for conditions,None Indicated,,Dark - roadway not lighted,Snow,Cloudy,"Surface condition (e.g., wet, icy)",Non-intersection:  Non-junction/no special feature,Paved,,Property Damage Only,0,0,0,0,0,0,1500,1,1,,POINT (-91.619170900989 42.034697985508)
2014789025,14-6147,03/01/2014,03-March,7-Saturday,21:53,2100 Hours,District 3 (Northwest),SIOUX CITY,WOODBURY,,DAVIS AVE & S ST AUBIN ST,Collision with:  Parked motor vehicle,On Roadway,Head-on (front to front),Unknown,None Indicated,,Dark - roadway lighted,Snow,Snow,"Surface condition (e.g., wet, icy)",Intersection:  T-intersection,Paved,,Property Damage Only,0,0,0,0,0,0,1500,2,1,,POINT (-96.355912628471 42.473704391347)
2014808093,2014014627,03/01/2014,03-March,7-Saturday,16:22,1600 Hours,District 1 (Central),,HAMILTON,I-35,I-35,Collision with:  Vehicle in traffic,On Roadway,Rear-end (front to rear),Crossed centerline (undivided),None Indicated,,Daylight,Snow,Snow,"Surface condition (e.g., wet, icy)",Non-intersection:  Non-junction/no special feature,Paved,,Possible/Unknown,0,1,0,0,1,0,7000,2,2,,POINT (-93.570350918789 42.409664727553)
2014789015,14-6087,03/01/2014,03-March,7-Saturday,10:30,1000 Hours,District 3 (Northwest),SIOUX CITY,WOODBURY,IA 12,IA 12/GORDON DR,Collision with fixed object:  Bridge overhead structure,On Roadway,Non-collision (single vehicle),Unknown,None Indicated,,Daylight,Snow,Snow,"Surface condition (e.g., wet, icy)",Non-intersection:  Other non-intersection (explain in narrative),Paved,,Property Damage Only,0,0,0,0,0,0,5900,1,1,,POINT (-96.39498851926 42.489786904749)
2014801013,A390314-0469,03/01/2014,03-March,7-Saturday,22:45,2200 Hours,District 4 (Southwest),,GUTHRIE,,Co Rd P28/WAGON RD,Collision with fixed object:  Guardrail - face,On Roadway,Non-collision (single vehicle),Driving too fast for conditions,None Indicated,,Dark - roadway not lighted,Snow,Snow,"Surface condition (e.g., wet, icy)",Non-intersection:  Non-junction/no special feature,Paved,,Property Damage Only,0,0,0,0,0,0,4000,1,1,,POINT (-94.356652281953 41.645161098249)