Iowa DOT Case Number,Law Enforcement Case Number,Date of Crash,Month of Crash,Day of Week,Time of Crash,Hour,DOT District,City Name,County Name,Route with System,Location Description,First Harmful Event,Location of First Harmful Event,Manner of Crash/Collision,Major Cause,Drug or Alcohol ,Environmental Conditions,Light Conditions,Surface Conditions,Weather Conditions,Roadway Contribution,Roadway Type,Roadway Surface,Work Zone,Crash Severity,Number of Fatalities,Number of Injuries,Number of Major Injuries,Number of Minor Injuries,Number of Possible Injuries,Number of Unknown Injuries,Amount of Property Damage,Number of Vehicles Involved,Total Number of Occupants,Travel Direction,Location
2014789091,14-020347,03/01/2014,03-March,7-Saturday,02:18,0200 Hours,District 2 (Northeast),GILBERTVILLE,BLACK HAWK,I-380,I-380,Non-collision events:  Overturn/rollover,On Roadway,Non-collision (single vehicle),Swerving/Evasive Action,None Indicated,,Dark - roadway not lighted,Snow,Snow,"Surface condition (e.g., wet, icy)",Non-intersection:  Other non-intersection (explain in narrative),Paved,,Possible/Unknown,0,2,0,0,2,0,10000,1,2,,POINT (-92.172438762179 42.413842239872)
2014789829,14-2288,03/01/2014,03-March,7-Saturday,09:35,0900 Hours,District 3 (Northwest),,SIOUX,US 18,US 18/310TH ST & Co Rd K42/GARFIELD AVE,Collision with:  Vehicle in traffic,On Roadway,"Angle, oncoming left turn",FTYROW:  Making left turn,None Indicated,,Daylight,Snow,Snow,None apparent,Intersection:  Four-way intersection,Paved,,Minor Injury,0,3,0,3,0,0,17900,2,4,,POINT (-96.235792281668 43.200239273865)
2014789972,201400591,03/01/2014,03-March,7-Saturday,16:33,1600 Hours,District 6 (East Central),CEDAR RAPIDS,LINN,,Co Rd E70/WRIGHT BROTHER S BLVD,Collision with:  Vehicle in traffic,On Roadway,"Sideswipe, opposite direction",Crossed centerline (undivided),None Indicated,,Daylight,Snow,Snow,None apparent,Non-intersection:  Non-junction/no special feature,Paved,,Possible/Unknown,0,1,0,0,1,0,5000,2,2,,POINT (-91.65691123094 41.890520156755)
2014789719,E14-20415,03/01/2014,03-March,7-Saturday,10:29,1000 Hours,District 2 (Northeast),EVANSDALE,BLACK HAWK,I-380,I-380,Collision with:  Vehicle in traffic,On Roadway,"Sideswipe, same direction",Driving too fast for conditions,None Indicated,,Daylight,Ice/frost,Snow,None apparent,Non-intersection:  Other non-intersection (explain in narrative),Paved,,Property Damage Only,0,0,0,0,0,0,15000,2,2,,POINT (-92.28023144621 42.460445869561)
2014791094,2014-12652,03/01/2014,03-March,7-Saturday,15:46,1500 Hours,District 6 (East Central),DAVENPORT,SCOTT,,IA 461/BRADY ST & E 29TH ST,Collision with:  Vehicle in traffic,On Roadway,"Sideswipe, same direction",FTYROW:  Other (explain in narrative),None Indicated,,Daylight,Snow,Snow,None apparent,Non-intersection:  Non-junction/no special feature,Paved,,Property Damage Only,0,0,0,0,0,0,3000,2,2,,POINT (-90.57069195756 41.549729532955)
2014790502,2014014516,03/01/2014,03-March,7-Saturday,02:05,0200 Hours,District 6 (East Central),,IOWA,US 6,US 6,Collision with fixed object:  Traffic sign support,Outside trafficway,Non-collision (single vehicle),Ran off road - right,None Indicated,,Dark - roadway not lighted,Snow,Cloudy,None apparent,Non-intersection:  Non-junction/no special feature,Paved,,Property Damage Only,0,0,0,0,0,0,2500,1,1,,POINT (-91.884925316201 41.763263711317)
2014788684,CL14000598,03/01/2014,03-March,7-Saturday,01:59,0100 Hours,District 6 (East Central),CLINTON,CLINTON,US 67,US 67/WASHINGTON BLVD,Collision with:  Other non-fixed object (explain in narrative),Shoulder,Non-collision (single vehicle),Other (explain in narrative):  Other,Alcohol (Statutory),,Dark - roadway not lighted,Snow,Snow,"Surface condition (e.g., wet, icy)",Non-intersection:  Non-junction/no special feature,Paved,,Possible/Unknown,0,1,0,0,1,0,6000,1,1,,POINT (-90.245182239052 41.808549336907)
2014789126,CL14000600,03/01/2014,03-March,7-Saturday,04:33,0400 Hours,District 6 (East Central),CLINTON,CLINTON,,MILL CREEK PKWY,Non-collision events:  Other non-collision (explain in narrative),Shoulder,Non-collision (single vehicle),Driving too fast for conditions,Alcohol (Statutory),,Dark - roadway not lighted,Snow,Snow,"Surface condition (e.g., wet, icy)",Non-intersection:  Non-junction/no special feature,Paved,,Property Damage Only,0,0,0,0,0,0,3000,1,1,,POINT (-90.226068023632 41.863150150461)
2014790342,2014014641,03/01/2014,03-March,7-Saturday,17:15,1700 Hours,District 1 (Central),,POLK,I-80,I-80,Non-collision events:  Other non-collision (explain in narrative),On Roadway,Non-collision (single vehicle),Driving too fast for conditions,None Indicated,,Daylight,Ice/frost,Snow,"Surface condition (e.g., wet, icy)",Non-intersection:  Non-junction/no special feature,Paved,,Property Damage Only,0,0,0,0,0,0,5000,1,2,,POINT (-93.453559383341 41.670350247436)
2014789378,14001690,03/01/2014,03-March,7-Saturday,13:09,1300 Hours,District 6 (East Central),,DELAWARE,IA 38,IA 38/IOWA 38,Collision with:  Vehicle in traffic,On Roadway,"Sideswipe, same direction",Driving too fast for conditions,None Indicated,,Daylight,Snow,Snow,None apparent,Non-intersection:  Non-junction/no special feature,Paved,,Property Damage Only,0,0,0,0,0,0,3400,2,2,,POINT (-91.344718211911 42.460217110452)
2014791304,2014014662,03/01/2014,03-March,7-Saturday,19:30,1900 Hours,District 1 (Central),,POLK,I-35,I-35,Collision with fixed object:  Concrete traffic barrier (median or right side),On Roadway,Non-collision (single vehicle),Driving too fast for conditions,None Indicated,,Dark - roadway lighted,Snow,Snow,"Surface condition (e.g., wet, icy)",Non-intersection:  Non-junction/no special feature,Paved,,Property Damage Only,0,0,0,0,0,0,2500,1,2,,POINT (-93.627014764626 41.649475963145)
2014789014,14-6086,03/01/2014,03-March,7-Saturday,11:26,1100 Hours,District 3 (Northwest),SIOUX CITY,WOODBURY,I-29,I-29 & FLOYD BLVD,Collision with fixed object:  Guardrail - face,On Roadway,Non-collision (single vehicle),Lost Control,None Indicated,,Daylight,Ice/frost,Snow,"Surface condition (e.g., wet, icy)",Non-intersection:  Other non-intersection (explain in narrative),Paved,,Property Damage Only,0,0,0,0,0,0,3000,1,2,,POINT (-96.395019268907 42.486085146191)
2014789784,14-004470,03/01/2014,03-March,7-Saturday,09:07,0900 Hours,District 5 (Southeast),,MARION,,OLD HWY 92,Collision with fixed object:  Utility pole/light support,Shoulder,Non-collision (single vehicle),Ran off road - right,None Indicated,,Daylight,Ice/frost,Cloudy,"Shoulders (none, low, soft, high)",Non-intersection:  Non-junction/no special feature,Paved,,Property Damage Only,0,0,0,0,0,0,4500,1,1,,POINT (-92.923525709503 41.293400927226)
2014789063,AC-14-0012,03/01/2014,03-March,7-Saturday,16:05,1600 Hours,District 6 (East Central),MONTICELLO,JONES,,E 4TH ST & N MAPLE ST,Collision with:  Vehicle in traffic,On Roadway,"Angle, oncoming left turn",Other (explain in narrative):  Vision obstructed,None Indicated,,Daylight,Ice/frost,Snow,"Surface condition (e.g., wet, icy)",Intersection:  T-intersection,Paved,,Property Damage Only,0,0,0,0,0,0,2500,2,4,,POINT (-91.188210625833 42.241856866679)
2014790341,2014014597,03/01/2014,03-March,7-Saturday,15:00,1500 Hours,District 1 (Central),ANKENY,POLK,I-35,I-35,Collision with fixed object:  Traffic sign support,On Roadway,Non-collision (single vehicle),Driving too fast for conditions,None Indicated,,Daylight,Snow,Clear,"Surface condition (e.g., wet, icy)",Interchange-related:  On-ramp,Paved,,Property Damage Only,0,0,0,0,0,0,1500,1,1,,POINT (-93.572808636261 41.655163173155)
2014791158,2014014713,03/01/2014,03-March,7-Saturday,23:29,2300 Hours,District 6 (East Central),,CEDAR,I-80,I-80,Collision with fixed object:  Guardrail - face,On Roadway,Non-collision (single vehicle),Swerving/Evasive Action,None Indicated,,Dark - roadway not lighted,Snow,Snow,"Surface condition (e.g., wet, icy)","Interchange-related:  Off-ramp, diverge area",Paved,,Property Damage Only,0,0,0,0,0,0,17804,1,1,,POINT (-91.339641478259 41.664105812209)
2014788975,14-001012,03/01/2014,03-March,7-Saturday,13:50,1300 Hours,District 1 (Central),AMES,STORY,,SE 16TH ST & S DAYTON AVE,Collision with:  Vehicle in traffic,On Roadway,Broadside (front to side),Driving too fast for conditions,None Indicated,,Daylight,Snow,Snow,"Surface condition (e.g., wet, icy)",Intersection:  Four-way intersection,Paved,,Property Damage Only,0,0,0,0,0,0,6899,2,5,,POINT (-93.586628717421 42.008262224218)
2014789178,201402997,03/01/2014,03-March,7-Saturday,16:00,1600 Hours,District 6 (East Central),CEDAR RAPIDS,LINN,,18TH AVE SW,Collision with fixed object:  Utility pole/light support,Shoulder,Non-collision (single vehicle),Driving too fast for conditions,None Indicated,,Daylight,Snow,Snow,"Surface condition (e.g., wet, icy)",Intersection:  T-intersection,Paved,,Property Damage Only,0,0,0,0,0,0,3500,1,1,,POINT (-91.740131911671 41.962146819936)
2014789519,2014014676,03/01/2014,03-March,7-Saturday,19:24,1900 Hours,District 4 (Southwest),,DALLAS,I-80,I-80,Collision with fixed object:  Guardrail - face,On Roadway,Non-collision (single vehicle),Ran off road - left,None Indicated,,Dark - roadway not lighted,Snow,Snow,"Surface condition (e.g., wet, icy)",Non-intersection:  Non-junction/no special feature,Paved,,Property Damage Only,0,0,0,0,0,0,4000,1,2,,POINT (-94.142380452195 41.517734258414)
2014790013,20140005591,03/01/2014,03-March,7-Saturday,13:40,1300 Hours,District 1 (Central),DES MOINES,POLK,,GUTHRIE AVE & E 11TH ST,Collision with:  Parked motor vehicle,On Roadway,Rear-end (front to rear),Unknown,None Indicated,,Daylight,Snow,Cloudy,Unknown,Intersection:  T-intersection,Paved,,Property Damage Only,0,0,0,0,0,0,6000,2,1,,POINT (-93.605388070344 41.614986291907)
2014788902,14-1058,03/01/2014,03-March,7-Saturday,21:22,2100 Hours,District 4 (Southwest),WEST DES MOINES,DALLAS,,MILLS CIVIC PKWY,Collision with:  Vehicle in traffic,On Roadway,Rear-end (front to rear),Driving too fast for conditions,None Indicated,,Dark - roadway lighted,Snow,Snow,None apparent,Intersection:  Four-way intersection,Paved,,Property Damage Only,0,0,0,0,0,0,8000,2,8,,POINT (-93.796904686847 41.561666446519)
2014788878,20140005596,03/01/2014,03-March,7-Saturday,14:42,1400 Hours,District 1 (Central),DES MOINES,POLK,,DUBUQUE AVE,Collision with:  Vehicle in traffic,On Roadway,Broadside (front to side),FTYROW:  From driveway,None Indicated,,Daylight,Snow,Snow,None apparent,Non-intersection:  Driveway access (within),Paved,,Property Damage Only,0,0,0,0,0,0,6200,2,4,,POINT (-93.549271601921 41.604558513504)
2014788680,1403018111,03/01/2014,03-March,7-Saturday,16:25,1600 Hours,District 6 (East Central),,CLINTON,US 61,US 61,Collision with:  Vehicle in traffic,On Roadway,Rear-end (front to rear),Driving too fast for conditions,None Indicated,,Daylight,Snow,Snow,None apparent,Non-intersection:  Non-junction/no special feature,Paved,,Property Damage Only,0,0,0,0,0,0,5500,2,4,,POINT (-90.65662649514 42.015249650361)
2014789062,AC-14-0011,03/01/2014,03-March,7-Saturday,13:48,1300 Hours,District 6 (East Central),MONTICELLO,JONES,IA 38,IA 38/IOWA 38,Collision with fixed object:  Ditch,On Roadway,Non-collision (single vehicle),Ran off road - left,None Indicated,,Daylight,Ice/frost,Snow,"Surface condition (e.g., wet, icy)",Non-intersection:  Driveway access (within),Paved,,Possible/Unknown,0,1,0,0,1,0,3400,1,1,,POINT (-91.175025289626 42.230876772669)
2014788851,20140005597,03/01/2014,03-March,7-Saturday,14:33,1400 Hours,District 1 (Central),DES MOINES,POLK,US 69,US 69/E 15TH ST & E GRAND AVE,Collision with:  Vehicle in traffic,On Roadway,Rear-end (front to rear),Followed too close,None Indicated,,Daylight,Snow,Snow,"Surface condition (e.g., wet, icy)",Non-intersection:  Non-junction/no special feature,Paved,,Property Damage Only,0,0,0,0,0,0,2000,2,6,,POINT (-93.595316753075 41.593970973309)
2014788904,14-1061,03/01/2014,03-March,7-Saturday,22:10,2200 Hours,District 4 (Southwest),WEST DES MOINES,DALLAS,,JORDAN CREEK PKWY,Collision with:  Vehicle in traffic,Shoulder,Broadside (front to side),Unknown,None Indicated,,Dark - roadway lighted,Snow,Snow,None apparent,Intersection:  Four-way intersection,Paved,,Property Damage Only,0,0,0,0,0,0,1500,2,5,,POINT (-93.80903245255 41.588837621338)
2014789157,14-001347,03/01/2014,03-March,7-Saturday,16:45,1600 Hours,District 1 (Central),STANHOPE,HAMILTON,IA 17,IA 17/PARKER ST,Collision with:  Vehicle in traffic,On Roadway,Rear-end (front to rear),Other (explain in narrative):  No improper action,None Indicated,,Daylight,Snow,Snow,"Surface condition (e.g., wet, icy)",Non-intersection:  Non-junction/no special feature,Paved,,Property Damage Only,0,0,0,0,0,0,5000,2,3,,POINT (-93.796012762964 42.291844827683)
2014794204,,03/01/2014,03-March,7-Saturday,13:49,1300 Hours,District 2 (Northeast),DECORAH,WINNESHIEK,,W MAIN ST & MILL ST,Collision with:  Vehicle in traffic,On Roadway,Broadside (front to side),FTYROW:  From stop sign,None Indicated,,Daylight,Snow,Cloudy,None apparent,Intersection:  Four-way intersection,Paved,,Property Damage Only,0,0,0,0,0,0,7000,2,3,,POINT (-91.792134281955 43.303273621082)
2014788846,20140005610,03/01/2014,03-March,7-Saturday,16:20,1600 Hours,District 1 (Central),DES MOINES,POLK,,THOMAS BECK RD,Collision with:  Vehicle in traffic,On Roadway,"Sideswipe, opposite direction",Driving too fast for conditions,None Indicated,,Daylight,Snow,Snow,"Surface condition (e.g., wet, icy)",Non-intersection:  Non-junction/no special feature,Paved,,Property Damage Only,0,0,0,0,0,0,1900,2,3,,POINT (-93.635511890204 41.565788264516)
2014788677,14-2858,03/01/2014,03-March,7-Saturday,10:07,1000 Hours,District 3 (Northwest),SPENCER,CLAY,,W 15TH ST & 3RD AVE W,Collision with:  Vehicle in traffic,On Roadway,Broadside (front to side),FTYROW:  At uncontrolled intersection,None Indicated,,Daylight,Snow,Snow,None apparent,Intersection:  Four-way intersection,Paved,,Possible/Unknown,0,1,0,0,1,0,8500,2,2,,POINT (-95.149123547981 43.152636452504)
2014788928,14-3912,03/01/2014,03-March,7-Saturday,11:40,1100 Hours,District 6 (East Central),BETTENDORF,SCOTT,US 67,US 67/GRANT ST & 14TH ST,Collision with:  Vehicle in traffic,On Roadway,Broadside (front to side),Ran Traffic Signal,None Indicated,,Daylight,Dry,Cloudy,None apparent,Intersection:  Four-way intersection,Paved,,Possible/Unknown,0,1,0,0,1,0,5000,2,2,,POINT (-90.51303850097 41.526205621717)
2014788891,14-0452,03/01/2014,03-March,7-Saturday,14:39,1400 Hours,District 1 (Central),URBANDALE,POLK,,82ND ST,Collision with:  Vehicle in traffic,On Roadway,Rear-end (front to rear),FTYROW:  Other (explain in narrative),None Indicated,,Daylight,Snow,Cloudy,None apparent,Non-intersection:  Non-junction/no special feature,Paved,,Property Damage Only,0,0,0,0,0,0,2500,2,2,,POINT (-93.731107273516 41.637701150238)
2014789005,14-0589,03/01/2014,03-March,7-Saturday,12:40,1200 Hours,District 1 (Central),FORT DODGE,WEBSTER,,N 22ND ST,Collision with:  Vehicle in traffic,On Roadway,Rear-end (front to rear),Other (explain in narrative):  Other,None Indicated,,Daylight,Snow,Snow,"Surface condition (e.g., wet, icy)",Non-intersection:  Non-junction/no special feature,Paved,,Property Damage Only,0,0,0,0,0,0,2000,3,3,,POINT (-94.168090466449 42.511157223211)
2014791157,2014014670,03/01/2014,03-March,7-Saturday,20:00,2000 Hours,District 6 (East Central),,CEDAR,I-80,I-80,Collision with fixed object:  Guardrail - face,On Roadway,Non-collision (single vehicle),Ran off road - left,None Indicated,,Dark - roadway not lighted,Snow,Snow,None apparent,Non-intersection:  Non-junction/no special feature,Paved,,Property Damage Only,0,0,0,0,0,0,7000,1,2,,POINT (-91.026077148947 41.633955480444)
2014788770,201403010,03/01/2014,03-March,7-Saturday,22:10,2200 Hours,District 6 (East Central),CEDAR RAPIDS,LINN,I-380,I-380,Non-collision events:  Other non-collision (explain in narrative),Shoulder,Non-collision (single vehicle),Lost Control,None Indicated,,Dark - roadway lighted,Snow,Snow,"Surface condition (e.g., wet, icy)",Interchange-related:  Off-ramp,Paved,,Property Damage Only,0,0,0,0,0,0,5500,1,1,,POINT (-91.669478206139 42.021845768289)
2014789305,,03/01/2014,03-March,7-Saturday,20:10,2000 Hours,District 4 (Southwest),ADEL,DALLAS,US 6,US 6,Collision with fixed object:  Ditch,Median,Non-collision (single vehicle),Ran off road - left,None Indicated,,Dark - roadway not lighted,Snow,Snow,"Surface condition (e.g., wet, icy)",Non-intersection:  Crossover-related,Paved,,Property Damage Only,0,0,0,0,0,0,6500,1,1,,POINT (-93.962193534549 41.61464318266)
2014794051,B14-517,03/01/2014,03-March,7-Saturday,18:00,1800 Hours,District 3 (Northwest),SERGEANT BLUFF,WOODBURY,,CARRIAGE LN & SERGEANT SQUARE DR,Collision with fixed object:  Curb/island/raised median,On Roadway,Non-collision (single vehicle),Ran off road - left,None Indicated,,Unknown,Unknown,Unknown,Unknown,Intersection:  T-intersection,Paved,,Possible/Unknown,0,1,0,0,0,1,2765,1,1,,POINT (-96.363298333967 42.393590035225)
2014788977,14-001015,03/01/2014,03-March,7-Saturday,16:27,1600 Hours,District 1 (Central),AMES,STORY,,S DAYTON AVE,Collision with fixed object:  Mailbox,On Roadway,Non-collision (single vehicle),Driving too fast for conditions,None Indicated,,Daylight,Snow,Snow,"Surface condition (e.g., wet, icy)",Non-intersection:  Non-junction/no special feature,Paved,,Property Damage Only,0,0,0,0,0,0,2150,1,3,,POINT (-93.581293769666 42.016521396699)
2014789676,14-057,03/01/2014,03-March,7-Saturday,00:24,0000 Hours,District 4 (Southwest),,TAYLOR,IA 148,IA 148/IOWA 148,Collision with fixed object:  Tree,Roadside,Non-collision (single vehicle),Ran off road - right,None Indicated,,Dark - roadway not lighted,Ice/frost,"Sleet, hail","Surface condition (e.g., wet, icy)",Non-intersection:  Non-junction/no special feature,Paved,,Possible/Unknown,0,1,0,0,1,0,1501,1,1,,POINT (-94.787409121374 40.582143765509)
2014788713,01-14-8621,03/01/2014,03-March,7-Saturday,15:20,1500 Hours,District 6 (East Central),DUBUQUE,DUBUQUE,,UNIVERSITY AVE & PENNSYLVANIA AVE,Collision with:  Vehicle in traffic,On Roadway,Broadside (front to side),Ran Traffic Signal,Alcohol (Statutory),,Daylight,Snow,Snow,None apparent,Intersection:  T-intersection,Paved,,Property Damage Only,0,0,0,0,0,0,4000,2,3,,POINT (-90.698705037645 42.498682147902)
2014794203,,03/01/2014,03-March,7-Saturday,14:27,1400 Hours,District 2 (Northeast),,WINNESHIEK,,Co Rd W4B/FRANKVILLE RD,Collision with:  Vehicle in traffic,On Roadway,Rear-end (front to rear),Other (explain in narrative):  Other,None Indicated,,Daylight,Snow,Cloudy,"Surface condition (e.g., wet, icy)",Non-intersection:  Non-junction/no special feature,Paved,,Property Damage Only,0,0,0,0,0,0,3500,2,3,,POINT (-91.615103480255 43.187773689685)
2014789294,14-6110,03/01/2014,03-March,7-Saturday,15:21,1500 Hours,District 3 (Northwest),SIOUX CITY,WOODBURY,I-29,I-29,Collision with fixed object:  Bridge overhead structure,On Roadway,Non-collision (single vehicle),Driving too fast for conditions,None Indicated,,Daylight,Snow,Snow,"Surface condition (e.g., wet, icy)",Non-intersection:  Other non-intersection (explain in narrative),Paved,,Possible/Unknown,0,1,0,0,1,0,5500,1,1,,POINT (-96.39441778913 42.486211035129)
2014788943,2014-12612,03/01/2014,03-March,7-Saturday,10:02,1000 Hours,District 6 (East Central),DAVENPORT,SCOTT,US 6,US 6/E KIMBERLY RD & SPRING ST,Collision with:  Vehicle in traffic,On Roadway,Rear-end (front to rear),Followed too close,None Indicated,,Daylight,Dry,Clear,None apparent,Intersection:  Four-way intersection,Paved,,Possible/Unknown,0,1,0,0,1,0,11000,2,4,,POINT (-90.547713289455 41.556896914658)
2014788675,14-0958,03/01/2014,03-March,7-Saturday,10:35,1000 Hours,District 3 (Northwest),CHEROKEE,CHEROKEE,,W MAIN ST,Collision with:  Vehicle in traffic,On Roadway,"Sideswipe, opposite direction",FTYROW:  From parked position,None Indicated,,Daylight,Snow,Snow,"Surface condition (e.g., wet, icy)",Non-intersection:  Non-junction/no special feature,Paved,,Property Damage Only,0,0,0,0,0,0,1650,2,5,,POINT (-95.552547677102 42.749702017523)
2014788652,W14-020535,03/01/2014,03-March,7-Saturday,18:22,1800 Hours,District 2 (Northeast),WATERLOO,BLACK HAWK,,E SAN MARNAN DR,Collision with:  Vehicle in traffic,On Roadway,"Sideswipe, same direction",Lost Control,None Indicated,,Dark - roadway lighted,Snow,Snow,"Surface condition (e.g., wet, icy)",Non-intersection:  Non-junction/no special feature,Paved,,Property Damage Only,0,0,0,0,0,0,5000,2,6,,POINT (-92.334264573784 42.458701094872)
2014789416,2014002334,03/01/2014,03-March,7-Saturday,19:47,1900 Hours,District 6 (East Central),IOWA CITY,JOHNSON,I-80,I-80,Collision with:  Vehicle in traffic,On Roadway,Rear-end (front to rear),Driving too fast for conditions,None Indicated,,Dark - roadway lighted,Snow,Snow,"Surface condition (e.g., wet, icy)",Interchange-related:  Off-ramp,Paved,,Property Damage Only,0,0,0,0,0,0,4500,2,5,,POINT (-91.501648794063 41.685859247885)
2014789196,14-004515,03/01/2014,03-March,7-Saturday,20:42,2000 Hours,District 5 (Southeast),,MARION,,HEMPSTEAD DR & 205TH PL,Collision with:  Parked motor vehicle,On Roadway,Rear-end (front to rear),Other (explain in narrative):  Vision obstructed,None Indicated,,Dark - roadway not lighted,Snow,Snow,"Surface condition (e.g., wet, icy)",Non-intersection:  Non-junction/no special feature,Paved,,Property Damage Only,0,0,0,0,0,0,1750,2,2,,POINT (-92.964550475673 41.383759170856)
2014792638,2014014701,03/01/2014,03-March,7-Saturday,22:25,2200 Hours,District 6 (East Central),IOWA CITY,JOHNSON,US 218,US 218/SW RAMP CURV/NW RAMP CURV & MELROSE AVE,Collision with:  Vehicle in traffic,Gore,"Sideswipe, same direction",Swerving/Evasive Action,None Indicated,,Dark - roadway not lighted,Snow,Snow,"Surface condition (e.g., wet, icy)","Interchange-related:  Off-ramp, diverge area",Paved,,Property Damage Only,0,0,0,0,0,0,5500,2,3,,POINT (-91.599957506261 41.657079235076)
2014788829,20140005553,03/01/2014,03-March,7-Saturday,00:29,0000 Hours,District 1 (Central),DES MOINES,POLK,,6TH AVE,Collision with fixed object:  Other fixed object (explain in narrative),On Roadway,Non-collision (single vehicle),Ran off road - left,None Indicated,,Dark - roadway lighted,Ice/frost,Clear,"Surface condition (e.g., wet, icy)",Intersection:  Four-way intersection,Paved,,Possible/Unknown,0,1,0,0,1,0,6000,1,1,,POINT (-93.624776217668 41.621619945614)
2014788679,1403012381,03/01/2014,03-March,7-Saturday,18:00,1800 Hours,District 6 (East Central),,CLINTON,US 30,US 30,Collision with fixed object:  Other fixed object (explain in narrative),Roadside,Non-collision (single vehicle),Ran off road - right,None Indicated,,Dusk,Snow,Snow,"Surface condition (e.g., wet, icy)",Non-intersection:  Non-junction/no special feature,Paved,,Property Damage Only,0,0,0,0,0,0,2100,1,1,,POINT (-90.878306681257 41.838756715121)
2014790675,14-000265,03/01/2014,03-March,7-Saturday,18:33,1800 Hours,District 1 (Central),,STORY,US 65,US 65,Collision with:  Vehicle in traffic,On Roadway,Rear-end (front to rear),Ran off road - right,None Indicated,,Dark - roadway not lighted,Snow,Snow,None apparent,Non-intersection:  Non-junction/no special feature,Paved,,Property Damage Only,0,0,0,0,0,0,7000,2,2,,POINT (-93.309371929301 42.133094189987)
2014789013,14-6074,03/01/2014,03-March,7-Saturday,09:00,0900 Hours,District 3 (Northwest),SIOUX CITY,WOODBURY,,TRANSIT AVE,Collision with:  Parked motor vehicle,On Roadway,"Sideswipe, opposite direction",Driving too fast for conditions,None Indicated,,Daylight,Ice/frost,Snow,"Surface condition (e.g., wet, icy)",Non-intersection:  Non-junction/no special feature,Paved,,Property Damage Only,0,0,0,0,0,0,2050,2,1,,POINT (-96.364970139067 42.47044902476)
2014790344,2014014661,03/01/2014,03-March,7-Saturday,18:55,1800 Hours,District 1 (Central),,JASPER,I-80,I-80,Collision with fixed object:  Guardrail - face,Median,Non-collision (single vehicle),Driving too fast for conditions,None Indicated,,Dark - roadway not lighted,Ice/frost,Snow,"Surface condition (e.g., wet, icy)",Non-intersection:  Non-junction/no special feature,Paved,,Property Damage Only,0,0,0,0,0,0,8600,1,3,,POINT (-92.834157929237 41.695183644163)
2014789004,14-0588,03/01/2014,03-March,7-Saturday,12:33,1200 Hours,District 1 (Central),FORT DODGE,WEBSTER,,8TH AVE N,Collision with fixed object:  Utility pole/light support,Outside trafficway,Non-collision (single vehicle),Driving too fast for conditions,None Indicated,,Daylight,Slush,Snow,None apparent,Non-intersection:  Non-junction/no special feature,Paved,,Property Damage Only,0,0,0,0,0,0,6100,1,1,,POINT (-94.191160804484 42.512630808632)
2014789056,14001146,03/01/2014,03-March,7-Saturday,11:13,1100 Hours,District 2 (Northeast),ALGONA,KOSSUTH,,E CALL ST,Collision with:  Parked motor vehicle,On Roadway,Rear-end (front to rear),Driving too fast for conditions,None Indicated,,Daylight,Snow,Snow,None apparent,Non-intersection:  Non-junction/no special feature,Paved,,Property Damage Only,0,0,0,0,0,0,4800,3,1,,POINT (-94.236348117722 43.06985663007)
2014789259,14-3956,03/02/2014,03-March,1-Sunday,09:13,0900 Hours,District 6 (East Central),BETTENDORF,SCOTT,,TANGLEFOOT LN & 18TH ST,Collision with:  Vehicle in traffic,On Roadway,"Angle, oncoming left turn",FTYROW:  Making left turn,None Indicated,,Daylight,Wet,Cloudy,None apparent,Intersection:  Four-way intersection,Paved,,Property Damage Only,0,0,0,0,0,0,6500,2,2,,POINT (-90.498639011932 41.560549527494)
2014789986,A14-013,03/02/2014,03-March,1-Sunday,09:03,0900 Hours,District 4 (Southwest),WINTERSET,MADISON,,W SHORT ST & S 4TH AVE,Collision with:  Vehicle in traffic,On Roadway,Broadside (front to side),FTYROW:  From stop sign,None Indicated,,Daylight,Snow,Cloudy,"Surface condition (e.g., wet, icy)",Intersection:  T-intersection,Paved,,Property Damage Only,0,0,0,0,0,0,8700,2,2,,POINT (-94.018398350843 41.327573012906)
2014789000,14-0606,03/02/2014,03-March,1-Sunday,15:50,1500 Hours,District 1 (Central),FORT DODGE,WEBSTER,,2ND AVE N & N 17TH ST,Collision with fixed object:  Utility pole/light support,Outside trafficway,Non-collision (single vehicle),Ran off road - left,None Indicated,,Daylight,Slush,Clear,None apparent,Non-intersection:  Non-junction/no special feature,Paved,,Possible/Unknown,0,1,0,0,1,0,10500,1,1,,POINT (-94.174987628006 42.508312953578)
2014788924,14-008206,03/02/2014,03-March,1-Sunday,20:39,2000 Hours,District 4 (Southwest),COUNCIL BLUFFS,POTTAWATTAMIE,,MANAWA CENTRE DR,Collision with:  Non-motorist (see non-motorist section - NOT a unit),On Roadway,Non-collision (single vehicle),Other (explain in narrative):  No improper action,None Indicated,,Dark - roadway lighted,Dry,Clear,None apparent,Non-intersection:  Non-junction/no special feature,Paved,,Minor Injury,0,1,0,1,0,0,5000,1,1,,POINT (-95.847484787652 41.225739136749)