Iowa DOT Case Number,Law Enforcement Case Number,Date of Crash,Month of Crash,Day of Week,Time of Crash,Hour,DOT District,City Name,County Name,Route with System,Location Description,First Harmful Event,Location of First Harmful Event,Manner of Crash/Collision,Major Cause,Drug or Alcohol ,Environmental Conditions,Light Conditions,Surface Conditions,Weather Conditions,Roadway Contribution,Roadway Type,Roadway Surface,Work Zone,Crash Severity,Number of Fatalities,Number of Injuries,Number of Major Injuries,Number of Minor Injuries,Number of Possible Injuries,Number of Unknown Injuries,Amount of Property Damage,Number of Vehicles Involved,Total Number of Occupants,Travel Direction,Location
2014789405,38-2014,03/02/2014,03-March,1-Sunday,16:40,1600 Hours,District 4 (Southwest),,HARRISON,,Co Rd L23/LAREDO AVE,Collision with fixed object:  Ditch,Shoulder,Non-collision (single vehicle),Ran off road - right,None Indicated,,Daylight,Snow,Clear,"Surface condition (e.g., wet, icy)",Non-intersection:  Non-junction/no special feature,Paved,,Property Damage Only,0,0,0,0,0,0,3200,1,1,,POINT (-95.884913048466 41.689359188428)
2014789406,39-2014,03/02/2014,03-March,1-Sunday,07:50,0700 Hours,District 4 (Southwest),,HARRISON,IA 183,IA 183/IOWA 183,Collision with fixed object:  Ditch,On Roadway,Non-collision (single vehicle),Driving too fast for conditions,None Indicated,,Daylight,Ice/frost,Clear,"Surface condition (e.g., wet, icy)",Non-intersection:  Non-junction/no special feature,Paved,,Minor Injury,0,1,0,1,0,0,3520,1,1,,POINT (-95.964833875664 41.713395086167)
2014788764,2014002361,03/02/2014,03-March,1-Sunday,11:14,1100 Hours,District 6 (East Central),IOWA CITY,JOHNSON,IA 1,IA 1/E BURLINGTON ST & S LINN ST,Collision with:  Vehicle in traffic,On Roadway,Broadside (front to side),Ran Traffic Signal,None Indicated,,Daylight,Snow,Clear,None apparent,Intersection:  Four-way intersection,Paved,,Possible/Unknown,0,1,0,0,1,0,9000,2,3,,POINT (-91.531675127737 41.657848314581)
2014788693,140543,03/02/2014,03-March,1-Sunday,15:37,1500 Hours,District 3 (Northwest),DENISON,CRAWFORD,,20TH ST,Collision with:  Vehicle in traffic,On Roadway,Rear-end (front to rear),Followed too close,None Indicated,,Daylight,Snow,Clear,None apparent,Non-intersection:  Non-junction/no special feature,Paved,,Property Damage Only,0,0,0,0,0,0,5500,2,5,,POINT (-95.343871245671 42.015977961156)
2014789397,20140735,03/02/2014,03-March,1-Sunday,02:00,0200 Hours,District 1 (Central),,GRUNDY,,Co Rd D19/160TH ST,Non-collision events:  Overturn/rollover,On Roadway,Non-collision (single vehicle),Swerving/Evasive Action,None Indicated,,Dark - roadway not lighted,Snow,Cloudy,"Surface condition (e.g., wet, icy)",Intersection:  T-intersection,Paved,,Property Damage Only,0,0,0,0,0,0,3000,1,2,,POINT (-92.600697861824 42.469647309592)
2014790291,14-001058,03/02/2014,03-March,1-Sunday,22:17,2200 Hours,District 1 (Central),AMES,STORY,,LINCOLN WAY & BEACH AVE,Collision with:  Vehicle in traffic,On Roadway,"Angle, oncoming left turn",FTYROW:  Making left turn,None Indicated,,Dark - roadway lighted,Snow,Clear,"Surface condition (e.g., wet, icy)",Intersection:  Four-way intersection,Paved,,Property Damage Only,0,0,0,0,0,0,4000,2,4,,POINT (-93.639498420319 42.022732640742)
2014789417,2014002328,03/02/2014,03-March,1-Sunday,16:59,1600 Hours,District 6 (East Central),IOWA CITY,JOHNSON,US 6,US 6,Collision with fixed object:  Curb/island/raised median,On Roadway,Non-collision (single vehicle),Driving too fast for conditions,None Indicated,,Daylight,Snow,Snow,None apparent,Non-intersection:  Non-junction/no special feature,Paved,,Property Damage Only,0,0,0,0,0,0,3000,1,2,,POINT (-91.543378971293 41.663977812095)
2014796657,2014014774,03/02/2014,03-March,1-Sunday,10:40,1000 Hours,District 1 (Central),,POLK,I-80,I-80 & Co Rd S27/NE 112TH ST,Collision with fixed object:  Guardrail - face,Shoulder,Non-collision (single vehicle),Swerving/Evasive Action,None Indicated,,Daylight,Wet,Clear,None apparent,Non-intersection:  Non-junction/no special feature,Paved,,Property Damage Only,0,0,0,0,0,0,4000,1,1,,POINT (-93.367772256312 41.680357473318)
2014789306,,03/02/2014,03-March,1-Sunday,13:05,1300 Hours,District 4 (Southwest),ADEL,DALLAS,,S 6TH ST,Collision with fixed object:  Other fixed object (explain in narrative),Outside trafficway,Non-collision (single vehicle),Driving too fast for conditions,None Indicated,,Daylight,Snow,"Blowing sand, soil, dirt","Surface condition (e.g., wet, icy)",Intersection:  Four-way intersection,Paved,,Property Damage Only,0,0,0,0,0,0,2000,1,2,,POINT (-94.015059097898 41.615863842073)
2014789837,14-6187,03/02/2014,03-March,1-Sunday,11:35,1100 Hours,District 3 (Northwest),SIOUX CITY,WOODBURY,,SERGEANT RD & S LAKEPORT ST,Collision with:  Vehicle in traffic,On Roadway,"Sideswipe, same direction",Other (explain in narrative):  Other,None Indicated,,Daylight,Snow,Cloudy,"Surface condition (e.g., wet, icy)",Intersection:  Four-way intersection,Paved,,Property Damage Only,0,0,0,0,0,0,2000,2,2,,POINT (-96.346430110158 42.447337451988)
2014790519,,03/02/2014,03-March,1-Sunday,00:30,0000 Hours,District 3 (Northwest),COON RAPIDS,CARROLL,,5TH AVE,Collision with:  Other non-fixed object (explain in narrative),On Roadway,Non-collision (single vehicle),Driving too fast for conditions,None Indicated,,Dark - roadway lighted,Snow,Snow,"Surface condition (e.g., wet, icy)",Non-intersection:  Non-junction/no special feature,Paved,,Property Damage Only,0,0,0,0,0,0,9000,1,2,,POINT (-94.67725576961 41.864887643742)
2014789698,,03/02/2014,03-March,1-Sunday,12:05,1200 Hours,District 1 (Central),MONROE,JASPER,IA 163,IA 163/IOWA 163 W,Collision with fixed object:  Other fixed object (explain in narrative),On Roadway,Non-collision (single vehicle),Equipment failure,None Indicated,,Daylight,Snow,Clear,"Surface condition (e.g., wet, icy)",Intersection:  Intersection with ramp,Paved,,Property Damage Only,0,0,0,0,0,0,10000,1,1,,POINT (-93.106784867038 41.511387881713)
2014788865,20140005695,03/02/2014,03-March,1-Sunday,13:48,1300 Hours,District 1 (Central),DES MOINES,POLK,,HICKMAN RD,Collision with:  Vehicle in traffic,On Roadway,Rear-end (front to rear),Followed too close,None Indicated,,Daylight,Ice/frost,Cloudy,None apparent,Non-intersection:  Non-junction/no special feature,Paved,,Possible/Unknown,0,1,0,0,1,0,1400,2,3,,POINT (-93.674137724699 41.614891919473)
2014789520,2014014755,03/02/2014,03-March,1-Sunday,08:30,0800 Hours,District 1 (Central),,STORY,I-35,I-35,Collision with:  Vehicle in traffic,On Roadway,"Sideswipe, same direction",Swerving/Evasive Action,None Indicated,,Daylight,Dry,Clear,None apparent,Non-intersection:  Non-junction/no special feature,Paved,,Property Damage Only,0,0,0,0,0,0,3500,2,3,,POINT (-93.566826082912 42.079216267326)
2014790727,,03/02/2014,03-March,1-Sunday,19:00,1900 Hours,District 4 (Southwest),WOODBINE,HARRISON,US 18,US 18/S GRAND AVE & 1ST ST & PARK ST,Collision with:  Vehicle in traffic,On Roadway,Broadside (front to side),Driving too fast for conditions,None Indicated,,Dark - roadway lighted,Ice/frost,Clear,"Surface condition (e.g., wet, icy)",Non-intersection:  Non-junction/no special feature,Paved,,Property Damage Only,0,0,0,0,0,0,3000,2,4,,POINT (-95.709893680733 41.732825554242)
2014788854,20140005705,03/02/2014,03-March,1-Sunday,16:50,1600 Hours,District 1 (Central),DES MOINES,POLK,,MCKINLEY AVE & SW 9TH ST,Collision with:  Vehicle in traffic,On Roadway,Rear-end (front to rear),Ran off road - right,None Indicated,,Daylight,Wet,Clear,"Surface condition (e.g., wet, icy)",Intersection:  Four-way intersection,Paved,,Property Damage Only,0,0,0,0,0,0,8000,2,3,,POINT (-93.62571331228 41.540927800088)
2014788857,20140005721,03/02/2014,03-March,1-Sunday,19:10,1900 Hours,District 1 (Central),DES MOINES,POLK,,E CRESTON AVE,Collision with fixed object:  Utility pole/light support,Outside trafficway,Non-collision (single vehicle),Lost Control,None Indicated,,Dark - roadway lighted,Snow,Snow,None apparent,Non-intersection:  Non-junction/no special feature,Paved,,Property Damage Only,0,0,0,0,0,0,5000,1,1,,POINT (-93.610797666438 41.561148342579)
2014791251,K14-005550,03/02/2014,03-March,1-Sunday,09:37,0900 Hours,District 5 (Southeast),KEOKUK,LEE,,11TH ST S & TIMEA ST,Collision with:  Vehicle in traffic,On Roadway,Broadside (front to side),Ran Stop Sign,None Indicated,,Daylight,Snow,Clear,None apparent,Intersection:  Four-way intersection,Paved,,Property Damage Only,0,0,0,0,0,0,4500,2,3,,POINT (-91.392390859887 40.397959955873)
2014792372,J14000167,03/02/2014,03-March,1-Sunday,01:41,0100 Hours,District 6 (East Central),,JOHNSON,I-380,I-380,Collision with fixed object:  Guardrail - face,Median,Non-collision (single vehicle),Driving too fast for conditions,Alcohol (Statutory),,Dark - roadway not lighted,Snow,Snow,"Surface condition (e.g., wet, icy)",Non-intersection:  Non-junction/no special feature,Paved,,Property Damage Only,0,0,0,0,0,0,9500,1,1,,POINT (-91.655201813288 41.820266535202)
2014788894,14-0463,03/02/2014,03-March,1-Sunday,15:29,1500 Hours,District 1 (Central),URBANDALE,POLK,,NEW YORK AVE,Collision with fixed object:  Curb/island/raised median,On Roadway,Non-collision (single vehicle),Lost Control,None Indicated,,Daylight,Snow,Clear,"Surface condition (e.g., wet, icy)",Intersection:  Four-way intersection,Paved,,Property Damage Only,0,0,0,0,0,0,1500,1,1,,POINT (-93.734681366513 41.620438650895)
2014789367,14003218,03/02/2014,03-March,1-Sunday,18:17,1800 Hours,District 2 (Northeast),MASON CITY,CERRO GORDO,,2ND ST SE & S INDIANA AVE,Collision with:  Vehicle in traffic,On Roadway,Broadside (front to side),FTYROW:  At uncontrolled intersection,None Indicated,,Dusk,Snow,Clear,"Surface condition (e.g., wet, icy)",Intersection:  Four-way intersection,Paved,,Property Damage Only,0,0,0,0,0,0,7500,2,5,,POINT (-93.174247355763 43.150081097562)
2014792325,2014-001220,03/02/2014,03-March,1-Sunday,07:05,0700 Hours,District 6 (East Central),,BENTON,US 218,US 218/24 AVE & Co Rd E22/61 ST,Collision with:  Vehicle in traffic,On Roadway,Rear-end (front to rear),Followed too close,None Indicated,,Daylight,Snow,Snow,"Surface condition (e.g., wet, icy)",Intersection:  T-intersection,Paved,,Property Damage Only,0,0,0,0,0,0,4000,2,2,,POINT (-92.028027147664 42.144894215734)
2014788719,01-14-8791,03/02/2014,03-March,1-Sunday,17:00,1700 Hours,District 6 (East Central),DUBUQUE,DUBUQUE,,W 2ND ST & BLUFF ST,Collision with:  Vehicle in traffic,On Roadway,Rear-end (front to rear),Driver Distraction:  Manual operation of an electronic communication device,None Indicated,,Daylight,Slush,Clear,None apparent,Intersection:  T-intersection,Paved,,Property Damage Only,0,0,0,0,0,0,4500,2,3,,POINT (-90.666705272424 42.495261182173)
2014789408,2014002364,03/02/2014,03-March,1-Sunday,12:03,1200 Hours,District 6 (East Central),IOWA CITY,JOHNSON,,E WASHINGTON ST & JOHNSON ST,Collision with:  Vehicle in traffic,On Roadway,Broadside (front to side),FTYROW:  From stop sign,None Indicated,,Daylight,Snow,Clear,"Surface condition (e.g., wet, icy)",Intersection:  Four-way intersection,Paved,,Property Damage Only,0,0,0,0,0,0,4000,2,2,,POINT (-91.527229404113 41.660043138182)
2014789240,14-0464,03/02/2014,03-March,1-Sunday,16:20,1600 Hours,District 4 (Southwest),URBANDALE,DALLAS,,156TH ST & AURORA AVE,Collision with:  Vehicle in traffic,On Roadway,Broadside (front to side),Driving too fast for conditions,None Indicated,,Daylight,Ice/frost,Clear,None apparent,Non-intersection:  Non-junction/no special feature,Paved,,Property Damage Only,0,0,0,0,0,0,13000,2,3,,POINT (-93.833586647444 41.636922586513)
2014789855,14-020789,03/02/2014,03-March,1-Sunday,13:13,1300 Hours,District 2 (Northeast),LA PORTE CITY,BLACK HAWK,,MAIN ST & WALNUT ST,Collision with:  Vehicle in traffic,On Roadway,"Angle, oncoming left turn",FTYROW:  Making left turn,None Indicated,,Daylight,Snow,Clear,None apparent,Intersection:  Four-way intersection,Paved,,Property Damage Only,0,0,0,0,0,0,3000,2,3,,POINT (-92.189202054072 42.3134729736)
2014788690,CL14000622,03/02/2014,03-March,1-Sunday,20:45,2000 Hours,District 6 (East Central),CLINTON,CLINTON,,RIVERVIEW DR,Collision with:  Parked motor vehicle,Outside trafficway,Broadside (front to side),Other (explain in narrative):  No improper action,None Indicated,,Dark - roadway lighted,Snow,Clear,"Surface condition (e.g., wet, icy)",Non-intersection:  Non-junction/no special feature,Paved,,Property Damage Only,0,0,0,0,0,0,3000,2,2,,POINT (-90.183347046977 41.846989026007)
2014789531,,03/02/2014,03-March,1-Sunday,06:15,0600 Hours,District 2 (Northeast),,CLAYTON,IA 128,IA 128/IOWA 128,Non-collision events:  Other non-collision (explain in narrative),On Roadway,Non-collision (single vehicle),Ran off road - right,None Indicated,,Dawn,Snow,Clear,"Surface condition (e.g., wet, icy)",Non-intersection:  Driveway access (within),Paved,,Possible/Unknown,0,1,0,0,1,0,5000,1,1,,POINT (-91.266221901447 42.884690250193)
2014788989,14-0115,03/02/2014,03-March,1-Sunday,11:15,1100 Hours,District 1 (Central),FORT DODGE,WEBSTER,US 169,US 169,Collision with:  Vehicle in traffic,On Roadway,"Sideswipe, same direction",Made improper turn,None Indicated,,Daylight,Snow,Clear,None apparent,Non-intersection:  Non-junction/no special feature,Paved,,Possible/Unknown,0,1,0,0,1,0,8000,2,4,,POINT (-94.225952438657 42.522080043962)
2014789297,14-6224,03/02/2014,03-March,1-Sunday,19:03,1900 Hours,District 3 (Northwest),SIOUX CITY,WOODBURY,I-29,I-29,Collision with:  Vehicle in traffic,On Roadway,Rear-end (front to rear),Lost Control,None Indicated,,Dark - roadway lighted,Dry,Clear,None apparent,Non-intersection:  Non-junction/no special feature,Paved,,Property Damage Only,0,0,0,0,0,0,4500,2,3,,POINT (-96.476332048911 42.495017367848)
2014788951,2014-12818,03/02/2014,03-March,1-Sunday,16:49,1600 Hours,District 6 (East Central),DAVENPORT,SCOTT,,W 3RD ST & TELEGRAPH RD,Non-collision events:  Other non-collision (explain in narrative),On Roadway,Non-collision (single vehicle),Lost Control,None Indicated,,Daylight,Dry,Clear,None apparent,Non-intersection:  Non-junction/no special feature,Paved,,Property Damage Only,0,0,0,0,0,0,4500,1,2,,POINT (-90.615976771222 41.522289538842)
2014790484,201400010220,03/02/2014,03-March,1-Sunday,02:35,0200 Hours,District 5 (Southeast),OTTUMWA,WAPELLO,IA 149,IA 149/IOWA 149,Collision with fixed object:  Ditch,Roadside,Non-collision (single vehicle),Ran off road - right,Alcohol (Statutory),,Dark - roadway not lighted,Snow,Snow,"Surface condition (e.g., wet, icy)",Non-intersection:  Non-junction/no special feature,Paved,,Property Damage Only,0,0,0,0,0,0,5000,1,1,,POINT (-92.415296835863 41.035711182394)
2014788867,20140005716,03/02/2014,03-March,1-Sunday,18:51,1800 Hours,District 1 (Central),DES MOINES,POLK,US 6,US 6/MERLE HAY RD/DOUGLAS AVE & IA 28,Collision with:  Vehicle in traffic,On Roadway,Rear-end (front to rear),Driving too fast for conditions,None Indicated,,Dark - roadway lighted,Ice/frost,Cloudy,"Surface condition (e.g., wet, icy)",Intersection:  Four-way intersection,Paved,,Possible/Unknown,0,1,0,0,1,0,3000,2,2,,POINT (-93.697759207997 41.629414663073)
2014789973,201400597,03/02/2014,03-March,1-Sunday,13:51,1300 Hours,District 6 (East Central),,LINN,US 151,US 151 & IA 100/COLLINS RD SE & SECRIST RD,Collision with:  Vehicle in traffic,On Roadway,Broadside (front to side),Ran Traffic Signal,None Indicated,,Daylight,Wet,Cloudy,None apparent,Intersection:  Four-way intersection,Paved,,Possible/Unknown,0,1,0,0,1,0,11000,2,4,,POINT (-91.550211048314 42.019905720092)
2014788996,14-0599,03/02/2014,03-March,1-Sunday,10:25,1000 Hours,District 1 (Central),FORT DODGE,WEBSTER,,6TH AVE N,Collision with:  Vehicle in traffic,On Roadway,Rear-end (front to rear),Other (explain in narrative):  Other,None Indicated,,Daylight,Snow,Cloudy,None apparent,Non-intersection:  Non-junction/no special feature,Paved,,Property Damage Only,0,0,0,0,0,0,5000,2,4,,POINT (-94.16540375972 42.511995091172)
2014788847,20140005696,03/02/2014,03-March,1-Sunday,14:39,1400 Hours,District 1 (Central),DES MOINES,POLK,,LAUREL ST & 6TH AVE,Collision with:  Vehicle in traffic,On Roadway,Broadside (front to side),Ran Traffic Signal,None Indicated,,Daylight,Snow,Clear,"Surface condition (e.g., wet, icy)",Intersection:  Intersection with ramp,Paved,,Property Damage Only,0,0,0,0,0,0,6000,2,3,,POINT (-93.625658542132 41.597403746126)
2014789836,14-6152,03/02/2014,03-March,1-Sunday,01:20,0100 Hours,District 3 (Northwest),SIOUX CITY,WOODBURY,,CHEYENNE BLVD,Collision with:  Parked motor vehicle,On Roadway,Head-on (front to front),Crossed centerline (undivided),None Indicated,,Dark - roadway lighted,Snow,Clear,None apparent,Non-intersection:  Non-junction/no special feature,Paved,,Property Damage Only,0,0,0,0,0,0,8500,2,1,,POINT (-96.393127271841 42.526427276959)
2014789375,1403022621,03/02/2014,03-March,1-Sunday,19:20,1900 Hours,District 6 (East Central),,CLINTON,,292 ST,Non-collision events:  Overturn/rollover,On Roadway,Non-collision (single vehicle),Ran off road - left,None Indicated,,Dark - roadway not lighted,Ice/frost,Clear,"Surface condition (e.g., wet, icy)",Non-intersection:  Non-junction/no special feature,Paved,,Property Damage Only,0,0,0,0,0,0,3000,1,1,,POINT (-90.388309987001 41.750339313463)
2014789027,14-6188,03/02/2014,03-March,1-Sunday,11:44,1100 Hours,District 3 (Northwest),SIOUX CITY,WOODBURY,,11TH ST & PIERCE ST,Collision with:  Vehicle in traffic,On Roadway,"Sideswipe, same direction",Made improper turn,None Indicated,,Daylight,Slush,Cloudy,None apparent,Intersection:  Four-way intersection,Paved,,Possible/Unknown,0,1,0,0,1,0,6500,2,7,,POINT (-96.405011560864 42.501843365008)
2014788898,14-1068,03/02/2014,03-March,1-Sunday,09:03,0900 Hours,District 1 (Central),WEST DES MOINES,POLK,,35TH ST/VALLEY WEST DR,Collision with:  Vehicle in traffic,On Roadway,Rear-end (front to rear),Driving too fast for conditions,None Indicated,,Daylight,Snow,Clear,"Surface condition (e.g., wet, icy)",Intersection:  Four-way intersection,Paved,,Property Damage Only,0,0,0,0,0,0,4000,2,4,,POINT (-93.751948343831 41.600276999769)
2014791307,2014014898,03/02/2014,03-March,1-Sunday,19:44,1900 Hours,District 4 (Southwest),WEST DES MOINES,DALLAS,I-80,I-80,Collision with:  Vehicle in traffic,On Roadway,Rear-end (front to rear),Swerving/Evasive Action,None Indicated,,Dark - roadway not lighted,Dry,Cloudy,None apparent,Non-intersection:  Non-junction/no special feature,Paved,,Property Damage Only,0,0,0,0,0,0,7500,2,2,,POINT (-93.856135019563 41.56793304855)
2014788872,20140005661,03/02/2014,03-March,1-Sunday,05:11,0500 Hours,District 1 (Central),DES MOINES,POLK,,CASADY DR,Collision with:  Vehicle in traffic,On Roadway,"Sideswipe, same direction",Other (explain in narrative):  Other,None Indicated,,Dark - roadway lighted,Snow,Clear,"Surface condition (e.g., wet, icy)",Non-intersection:  Non-junction/no special feature,Paved,,Property Damage Only,0,0,0,0,0,0,5000,2,1,,POINT (-93.642041048978 41.561419488537)
2014789183,201403040,03/02/2014,03-March,1-Sunday,12:14,1200 Hours,District 6 (East Central),CEDAR RAPIDS,LINN,I-380,I-380,Collision with fixed object:  Guardrail - face,Shoulder,Non-collision (single vehicle),Lost Control,None Indicated,,Daylight,Wet,Clear,None apparent,"Interchange-related:  Off-ramp, diverge area",Paved,,Property Damage Only,0,0,0,0,0,0,12576,1,1,,POINT (-91.666317437436 41.982352021168)
2014789239,14-0461,03/02/2014,03-March,1-Sunday,10:44,1000 Hours,District 1 (Central),URBANDALE,POLK,IA 141,IA 141/IOWA 141,Collision with:  Vehicle in traffic,On Roadway,Rear-end (front to rear),Other (explain in narrative):  Other,None Indicated,,Daylight,Dry,Clear,None apparent,Non-intersection:  Non-junction/no special feature,Paved,,Property Damage Only,0,0,0,0,0,0,4000,2,5,,POINT (-93.775002476123 41.650609021029)
2014789912,W14-020745,03/02/2014,03-March,1-Sunday,10:45,1000 Hours,District 2 (Northeast),WATERLOO,BLACK HAWK,,CROSSROADS BLVD & GRIMM ST,Collision with:  Vehicle in traffic,On Roadway,"Sideswipe, same direction",Made improper turn,None Indicated,,Daylight,Snow,Clear,None apparent,Intersection:  Other intersection (explain in narrative),Paved,,Property Damage Only,0,0,0,0,0,0,4450,3,7,,POINT (-92.318243037889 42.461281665263)
2014790142,BP14000176,03/02/2014,03-March,1-Sunday,13:23,1300 Hours,District 2 (Northeast),BELMOND,WRIGHT,,MAIN ST W,Non-collision events:  Other non-collision (explain in narrative),On Roadway,Non-collision (single vehicle),Driving too fast for conditions,None Indicated,,Daylight,Snow,Clear,"Surface condition (e.g., wet, icy)",Non-intersection:  Non-junction/no special feature,Paved,,Property Damage Only,0,0,0,0,0,0,4000,1,2,,POINT (-93.620423650372 42.845871708233)
2014794206,,03/02/2014,03-March,1-Sunday,21:19,2100 Hours,District 2 (Northeast),,WINNESHIEK,,370TH ST,Non-collision events:  Overturn/rollover,On Roadway,Non-collision (single vehicle),Ran off road - left,None Indicated,,Dark - roadway not lighted,Ice/frost,Cloudy,"Surface condition (e.g., wet, icy)",Non-intersection:  Non-junction/no special feature,Unpaved,,Property Damage Only,0,0,0,0,0,0,4500,1,3,,POINT (-92.00861583079 43.472026420854)
2014789103,W14-020829,03/02/2014,03-March,1-Sunday,15:35,1500 Hours,District 2 (Northeast),WATERLOO,BLACK HAWK,,ANSBOROUGH AVE,Collision with:  Vehicle in traffic,On Roadway,Broadside (front to side),Other (explain in narrative):  No improper action,None Indicated,,Daylight,Snow,Cloudy,"Surface condition (e.g., wet, icy)",Non-intersection:  Driveway access (within),Paved,,Property Damage Only,0,0,0,0,0,0,2200,2,2,,POINT (-92.376205082555 42.46804197664)
2014789462,S14-000585,03/02/2014,03-March,1-Sunday,10:45,1000 Hours,District 4 (Southwest),,POTTAWATTAMIE,,310TH ST & ELMTREE RD,Collision with fixed object:  Ditch,On Roadway,Non-collision (single vehicle),Crossed centerline (undivided),None Indicated,,Daylight,"Mud, dirt",Clear,None apparent,Non-intersection:  Non-junction/no special feature,Unpaved,,Major Injury,0,1,1,0,0,0,20000,1,1,,POINT (-95.594430247187 41.274972929384)
2014789847,2014014881,03/02/2014,03-March,1-Sunday,17:54,1700 Hours,District 5 (Southeast),,WARREN,I-35,I-35,Collision with fixed object:  Ditch,Roadside,Non-collision (single vehicle),Ran off road - right,None Indicated,,Daylight,Dry,Clear,None apparent,Non-intersection:  Non-junction/no special feature,Paved,,Property Damage Only,0,0,0,0,0,0,1500,1,2,,POINT (-93.780132519285 41.325264164184)
2014790660,140302DH01,03/02/2014,03-March,1-Sunday,12:00,1200 Hours,District 3 (Northwest),ORANGE CITY,SIOUX,,5TH ST NE & DOVER AVE NE,Collision with:  Vehicle in traffic,On Roadway,Broadside (front to side),FTYROW:  At uncontrolled intersection,None Indicated,,Daylight,Snow,Clear,"Surface condition (e.g., wet, icy)",Intersection:  Four-way intersection,Paved,,Possible/Unknown,0,1,0,0,1,0,5500,2,5,,POINT (-96.052532603267 43.01046885953)
2014788686,CL14000617,03/02/2014,03-March,1-Sunday,11:53,1100 Hours,District 6 (East Central),CLINTON,CLINTON,US 30,US 30/CAMANCHE AVE/11TH AVE S/S 4TH ST/LIBERTY AVE,Collision with:  Vehicle in traffic,On Roadway,Rear-end (front to rear),Lost Control,None Indicated,,Daylight,Snow,Clear,"Surface condition (e.g., wet, icy)",Intersection:  Four-way intersection,Paved,,Property Damage Only,0,0,0,0,0,0,3500,2,4,,POINT (-90.193203865151 41.834217257981)
2014790251,14-001009,03/02/2014,03-March,1-Sunday,02:30,0200 Hours,District 1 (Central),ANKENY,POLK,I-35,I-35,Non-collision events:  Overturn/rollover,On Roadway,Non-collision (single vehicle),Driving too fast for conditions,None Indicated,,Dark - roadway lighted,Snow,"Blowing sand, soil, dirt","Surface condition (e.g., wet, icy)",Interchange-related:  Off-ramp,Paved,,Possible/Unknown,0,2,0,0,2,0,7000,1,2,,POINT (-93.569469540117 41.76000411445)
2014789174,14029790,03/02/2014,03-March,1-Sunday,11:17,1100 Hours,District 6 (East Central),,JOHNSON,I-380,I-380,Collision with fixed object:  Curb/island/raised median,Median,Unknown,Illegally Parked/Unattended,None Indicated,,Daylight,Dry,Clear,None apparent,Non-intersection:  Non-junction/no special feature,Paved,,Property Damage Only,0,0,0,0,0,0,3000,2,1,,POINT (-91.655665798276 41.821109586707)
2014794600,1403022019,03/02/2014,03-March,1-Sunday,20:19,2000 Hours,District 6 (East Central),,JONES,,Co Rd E34/FAIRVIEW RD & Co Rd X28/CO RD X-28,Non-collision events:  Other non-collision (explain in narrative),On Roadway,Non-collision (single vehicle),Swerving/Evasive Action,Alcohol (Statutory),,Dark - roadway not lighted,Ice/frost,Clear,None apparent,Non-intersection:  Non-junction/no special feature,Paved,,Property Damage Only,0,0,0,0,0,0,5000,1,1,,POINT (-91.35413496966 42.085474078931)
2014788702,14-07133,03/02/2014,03-March,1-Sunday,19:15,1900 Hours,District 5 (Southeast),BURLINGTON,DES MOINES,,8TH ST,Collision with:  Vehicle in traffic,On Roadway,Rear-end (front to rear),Lost Control,None Indicated,,Unknown,Snow,Clear,"Surface condition (e.g., wet, icy)",Non-intersection:  Non-junction/no special feature,Paved,,Property Damage Only,0,0,0,0,0,0,2500,2,1,,POINT (-91.106869907797 40.815738085316)
2014788883,20140005687,03/02/2014,03-March,1-Sunday,12:05,1200 Hours,District 1 (Central),DES MOINES,POLK,,KINSEY AVE & E 33RD ST,Collision with:  Vehicle in traffic,On Roadway,Broadside (front to side),Lost Control,None Indicated,,Daylight,Snow,Cloudy,"Surface condition (e.g., wet, icy)",Non-intersection:  Non-junction/no special feature,Paved,,Property Damage Only,0,0,0,0,0,0,2800,2,3,,POINT (-93.551487571499 41.606889785776)
2014788818,20140005686,03/02/2014,03-March,1-Sunday,11:53,1100 Hours,District 1 (Central),DES MOINES,POLK,US 69,US 69/SE 14TH ST & INDIANOLA AVE,Collision with:  Vehicle in traffic,On Roadway,Broadside (front to side),Ran Traffic Signal,None Indicated,,Daylight,Snow,Cloudy,None apparent,Intersection:  Four-way intersection,Paved,,Major Injury,0,3,1,0,2,0,12000,3,5,,POINT (-93.596826574121 41.553358331362)
2014788978,14-001037,03/02/2014,03-March,1-Sunday,10:25,1000 Hours,District 1 (Central),AMES,STORY,,LINCOLN WAY & S HYLAND AVE,Collision with:  Vehicle in traffic,On Roadway,Rear-end (front to rear),Driving too fast for conditions,None Indicated,,Daylight,Snow,Cloudy,"Surface condition (e.g., wet, icy)",Intersection:  Four-way intersection,Paved,,Property Damage Only,0,0,0,0,0,0,3300,2,2,,POINT (-93.655587566162 42.022731938951)
2014789368,14003232,03/02/2014,03-March,1-Sunday,22:30,2200 Hours,District 2 (Northeast),MASON CITY,CERRO GORDO,,OAK DR,Collision with:  Other non-fixed object (explain in narrative),On Roadway,Non-collision (single vehicle),Lost Control,None Indicated,,Dark - roadway not lighted,Ice/frost,Cloudy,None apparent,Non-intersection:  Non-junction/no special feature,Paved,,Property Damage Only,0,0,0,0,0,0,2100,1,1,,POINT (-93.213619124208 43.15116698569)