Iowa DOT Case Number,Law Enforcement Case Number,Date of Crash,Month of Crash,Day of Week,Time of Crash,Hour,DOT District,City Name,County Name,Route with System,Location Description,First Harmful Event,Location of First Harmful Event,Manner of Crash/Collision,Major Cause,Drug or Alcohol ,Environmental Conditions,Light Conditions,Surface Conditions,Weather Conditions,Roadway Contribution,Roadway Type,Roadway Surface,Work Zone,Crash Severity,Number of Fatalities,Number of Injuries,Number of Major Injuries,Number of Minor Injuries,Number of Possible Injuries,Number of Unknown Injuries,Amount of Property Damage,Number of Vehicles Involved,Total Number of Occupants,Travel Direction,Location
2014788880,20140005665,03/02/2014,03-March,1-Sunday,06:56,0600 Hours,District 1 (Central),DES MOINES,POLK,,SW 1ST ST & INDIANOLA RD,Collision with:  Vehicle in traffic,On Roadway,Rear-end (front to rear),Driving too fast for conditions,None Indicated,,Daylight,Snow,Clear,None apparent,Non-intersection:  Non-junction/no special feature,Paved,,Property Damage Only,0,0,0,0,0,0,9000,2,1,,POINT (-93.617775714212 41.572307119324)
2014790222,C14000659,03/02/2014,03-March,1-Sunday,12:55,1200 Hours,District 6 (East Central),CORALVILLE,JOHNSON,,1ST AVE,Collision with:  Vehicle in traffic,On Roadway,"Sideswipe, same direction",FTYROW:  Other (explain in narrative),None Indicated,,Daylight,Snow,Clear,None apparent,Non-intersection:  Non-junction/no special feature,Paved,,Property Damage Only,0,0,0,0,0,0,4000,2,4,,POINT (-91.566030897515 41.675404184771)
2014789238,14-0459,03/02/2014,03-March,1-Sunday,00:08,0000 Hours,District 1 (Central),URBANDALE,POLK,I-35,I-35,Collision with:  Vehicle in traffic,On Roadway,Rear-end (front to rear),Followed too close,None Indicated,,Dark - roadway lighted,Snow,Cloudy,None apparent,Non-intersection:  Non-junction/no special feature,Paved,,Property Damage Only,0,0,0,0,0,0,5850,3,3,,POINT (-93.716469608127 41.65274517539)
2014790556,14002980,03/02/2014,03-March,1-Sunday,13:30,1300 Hours,District 6 (East Central),,CEDAR,IA 38,IA 38/IOWA 38 & LOGAN AVE,Collision with:  Vehicle in traffic,On Roadway,"Sideswipe, same direction",Lost Control,None Indicated,,Daylight,Snow,Clear,"Surface condition (e.g., wet, icy)",Intersection:  T-intersection,Paved,,Minor Injury,0,1,0,1,0,0,7000,2,3,,POINT (-91.132557161526 41.752577733083)
2014788922,14-008152,03/02/2014,03-March,1-Sunday,08:55,0800 Hours,District 4 (Southwest),COUNCIL BLUFFS,POTTAWATTAMIE,,WASHINGTON AVE & SCOTT ST,Collision with fixed object:  Curb/island/raised median,On Roadway,"Sideswipe, opposite direction",Crossed centerline (undivided),None Indicated,,Daylight,Snow,Cloudy,"Surface condition (e.g., wet, icy)",Non-intersection:  Non-junction/no special feature,Paved,,Property Damage Only,0,0,0,0,0,0,7000,3,1,,POINT (-95.850323137188 41.26303633286)
2014791508,14-002090,03/02/2014,03-March,1-Sunday,20:35,2000 Hours,District 3 (Northwest),,CARROLL,,Co Rd N41/TIMBER AVE,Collision with fixed object:  Traffic sign support,Roadside,Non-collision (single vehicle),Driving too fast for conditions,None Indicated,,Dark - roadway not lighted,Ice/frost,Clear,"Surface condition (e.g., wet, icy)",Non-intersection:  Other non-intersection (explain in narrative),Paved,,Property Damage Only,0,0,0,0,0,0,2850,1,1,,POINT (-94.726149170161 42.200976356018)
2014899587,NT-14-034,03/02/2014,03-March,1-Sunday,09:20,0900 Hours,District 1 (Central),NEVADA,STORY,,J AVE & 4TH ST,Collision with:  Vehicle in traffic,On Roadway,Broadside (front to side),FTYROW:  At uncontrolled intersection,None Indicated,,Daylight,Snow,Clear,"Surface condition (e.g., wet, icy)",Intersection:  Four-way intersection,Paved,,Property Damage Only,0,0,0,0,0,0,6000,2,3,,POINT (-93.45495339385 42.020676306811)
2014789482,14030016,03/02/2014,03-March,1-Sunday,06:30,0600 Hours,District 5 (Southeast),,WAPELLO,US 34,US 34,Non-collision events:  Overturn/rollover,Median,Non-collision (single vehicle),Ran off road - left,None Indicated,,Daylight,Snow,Severe winds,None apparent,Non-intersection:  Non-junction/no special feature,Paved,,Property Damage Only,0,0,0,0,0,0,15000,1,4,,POINT (-92.258685607423 41.002038752962)
2014789133,140548,03/02/2014,03-March,1-Sunday,19:29,1900 Hours,District 3 (Northwest),DENISON,CRAWFORD,US 59,US 59,Collision with fixed object:  Bridge overhead structure,On Roadway,Non-collision (single vehicle),Lost Control,Alcohol (Statutory),,Dark - roadway not lighted,Snow,Clear,None apparent,Non-intersection:  Non-junction/no special feature,Paved,,Property Damage Only,0,0,0,0,0,0,5000,1,1,,POINT (-95.367561785856 42.019778279038)
2014788984,14-002239,03/02/2014,03-March,1-Sunday,17:03,1700 Hours,District 1 (Central),DYSART,TAMA,,SHERMAN ST,Non-collision events:  Other non-collision (explain in narrative),On Roadway,Non-collision (single vehicle),Driving too fast for conditions,None Indicated,,Dusk,Ice/frost,Clear,"Surface condition (e.g., wet, icy)",Non-intersection:  Non-junction/no special feature,Paved,,Property Damage Only,0,0,0,0,0,0,5000,1,1,,POINT (-92.301996132566 42.166747146929)
2014797369,S201400388,03/02/2014,03-March,1-Sunday,19:13,1900 Hours,District 3 (Northwest),,PALO ALTO,IA 4,IA 4/420 AVE,Collision with fixed object:  Bridge overhead structure,Shoulder,Non-collision (single vehicle),Swerving/Evasive Action,None Indicated,,Dark - roadway not lighted,Ice/frost,Clear,"Surface condition (e.g., wet, icy)",Non-intersection:  Non-junction/no special feature,Paved,,Property Damage Only,0,0,0,0,0,0,5567,1,1,,POINT (-94.757589282333 43.163177292217)
2014788766,2014002369,03/02/2014,03-March,1-Sunday,14:56,1400 Hours,District 6 (East Central),IOWA CITY,JOHNSON,,N MT VERNON DR,Collision with:  Vehicle in traffic,On Roadway,"Angle, oncoming left turn",FTYROW:  Making left turn,None Indicated,,Daylight,Snow,Clear,None apparent,Non-intersection:  Driveway access (within),Paved,,Property Damage Only,0,0,0,0,0,0,8300,2,2,,POINT (-91.495752319754 41.66664273096)
2014788994,14-0597,03/02/2014,03-March,1-Sunday,00:30,0000 Hours,District 1 (Central),FORT DODGE,WEBSTER,,N 7TH ST,Non-collision events:  Other non-collision (explain in narrative),On Roadway,Non-collision (single vehicle),Swerving/Evasive Action,None Indicated,,Dark - roadway not lighted,Ice/frost,Cloudy,"Surface condition (e.g., wet, icy)",Non-intersection:  Non-junction/no special feature,Paved,,Property Damage Only,0,0,0,0,0,0,1500,1,2,,POINT (-94.193241947807 42.527324430529)
2014789923,14001165,03/02/2014,03-March,1-Sunday,03:24,0300 Hours,District 2 (Northeast),MASON CITY,CERRO GORDO,,9TH ST NE,Collision with:  Parked motor vehicle,On Roadway,Rear-end (front to rear),Improper Backing,None Indicated,,Dark - roadway lighted,Snow,Snow,None apparent,Non-intersection:  Non-junction/no special feature,Paved,,Property Damage Only,0,0,0,0,0,0,2500,2,1,,POINT (-93.195076778252 43.160267977376)
2014788893,14-0462,03/02/2014,03-March,1-Sunday,15:19,1500 Hours,District 1 (Central),URBANDALE,POLK,,ALPINE DR,Collision with fixed object:  Utility pole/light support,On Roadway,Non-collision (single vehicle),Driving too fast for conditions,None Indicated,,Daylight,Snow,Cloudy,"Surface condition (e.g., wet, icy)",Intersection:  Four-way intersection,Paved,,Property Damage Only,0,0,0,0,0,0,3700,1,1,,POINT (-93.729025271583 41.641533403594)
2014789241,14-0465,03/02/2014,03-March,1-Sunday,17:47,1700 Hours,District 1 (Central),URBANDALE,POLK,,DOUGLAS AVE,Collision with:  Vehicle in traffic,On Roadway,Head-on (front to front),Crossed centerline (undivided),None Indicated,,Dusk,Snow,Clear,"Surface condition (e.g., wet, icy)",Non-intersection:  Non-junction/no special feature,Paved,,Major Injury,0,1,1,0,0,0,6000,2,2,,POINT (-93.709991895757 41.629357773624)
2014791306,2014014717,03/02/2014,03-March,1-Sunday,01:45,0100 Hours,District 1 (Central),,POLK,I-80,I-80,Non-collision events:  Jackknife,On Roadway,Non-collision (single vehicle),Ran off road - left,None Indicated,,Dark - roadway not lighted,Snow,Cloudy,"Surface condition (e.g., wet, icy)",Non-intersection:  Non-junction/no special feature,Paved,,Property Damage Only,0,0,0,0,0,0,5000,1,1,,POINT (-93.43655565067 41.673091214978)
2014797994,14-1318PD,03/02/2014,03-March,1-Sunday,13:54,1300 Hours,District 1 (Central),BOONE,BOONE,,MAMIE EISENHOWER AVE,Collision with:  Vehicle in traffic,On Roadway,Broadside (front to side),FTYROW:  At uncontrolled intersection,None Indicated,,Daylight,Snow,Clear,"Surface condition (e.g., wet, icy)",Intersection:  Four-way intersection,Paved,,Property Damage Only,0,0,0,0,0,0,2500,2,2,,POINT (-93.8793869468 42.059630155241)
2014788765,2014002366,03/02/2014,03-March,1-Sunday,13:12,1300 Hours,District 6 (East Central),IOWA CITY,JOHNSON,,OLD HIGHWAY 218,Collision with fixed object:  Guardrail - face,Roadside,Non-collision (single vehicle),Swerving/Evasive Action,None Indicated,,Daylight,Snow,Cloudy,"Surface condition (e.g., wet, icy)",Non-intersection:  Non-junction/no special feature,Paved,,Property Damage Only,0,0,0,0,0,0,2000,1,2,,POINT (-91.540905457643 41.632548467813)
2014789468,14-3970,03/02/2014,03-March,1-Sunday,16:28,1600 Hours,District 6 (East Central),BETTENDORF,SCOTT,,MIDDLE RD,Collision with:  Vehicle in traffic,On Roadway,"Sideswipe, opposite direction",Crossed centerline (undivided),None Indicated,,Daylight,Snow,Cloudy,"Surface condition (e.g., wet, icy)",Non-intersection:  Non-junction/no special feature,Paved,,Property Damage Only,0,0,0,0,0,0,3700,2,2,,POINT (-90.461008001853 41.588166037239)
2014788665,14-056,03/02/2014,03-March,1-Sunday,00:00,0000 Hours,District 2 (Northeast),WAVERLY,BREMER,,4TH AVE NW,Collision with:  Parked motor vehicle,On Roadway,Head-on (front to front),Lost Control,None Indicated,,Dark - unknown roadway lighting,Snow,Clear,None apparent,Non-intersection:  Non-junction/no special feature,Paved,,Property Damage Only,0,0,0,0,0,0,2800,2,1,,POINT (-92.479643314287 42.729561216545)
2014788723,01-14-8857,03/03/2014,03-March,2-Monday,07:30,0700 Hours,District 6 (East Central),DUBUQUE,DUBUQUE,US 61,US 61,Non-collision events:  Other non-collision (explain in narrative),On Roadway,Non-collision (single vehicle),Ran off road - right,None Indicated,,Daylight,Dry,Clear,None apparent,Non-intersection:  Other non-intersection (explain in narrative),Paved,,Property Damage Only,0,0,0,0,0,0,2000,1,1,,POINT (-90.659964111984 42.50634416244)
2014788873,20140005754,03/03/2014,03-March,2-Monday,08:39,0800 Hours,District 1 (Central),DES MOINES,POLK,,55TH ST,Collision with:  Vehicle in traffic,On Roadway,Rear-end (front to rear),Driving too fast for conditions,None Indicated,,Daylight,Ice/frost,Clear,"Surface condition (e.g., wet, icy)",Non-intersection:  Non-junction/no special feature,Paved,,Property Damage Only,0,0,0,0,0,0,8000,2,2,,POINT (-93.69302902536 41.600250961443)
2014792640,2014015049,03/03/2014,03-March,2-Monday,12:31,1200 Hours,District 6 (East Central),CORALVILLE,JOHNSON,I-80,I-80 & US 218,Collision with:  Vehicle in traffic,On Roadway,"Sideswipe, same direction",Other (explain in narrative):  Other,None Indicated,,Daylight,Dry,Cloudy,None apparent,Interchange-related:  On-ramp merge area,Paved,,Possible/Unknown,0,1,0,0,1,0,5000,2,2,,POINT (-91.637338335758 41.692691407651)
2014790604,14-0538,03/03/2014,03-March,2-Monday,15:32,1500 Hours,District 2 (Northeast),OSAGE,MITCHELL,,ASH ST & N 10TH ST,Collision with:  Vehicle in traffic,On Roadway,Broadside (front to side),FTYROW:  At uncontrolled intersection,None Indicated,,Daylight,Snow,Cloudy,None apparent,Non-intersection:  Non-junction/no special feature,Paved,,Possible/Unknown,0,1,0,0,1,0,3000,2,3,,POINT (-92.806019243054 43.288028996606)
2014790156,,03/03/2014,03-March,2-Monday,18:41,1800 Hours,District 2 (Northeast),NEW HAMPTON,CHICKASAW,,RIGLER ST & INDUSTRIAL AVE,Collision with fixed object:  Mailbox,On Roadway,Non-collision (single vehicle),Lost Control,None Indicated,,Daylight,Snow,Clear,None apparent,Non-intersection:  Non-junction/no special feature,Paved,,Property Damage Only,0,0,0,0,0,0,3000,1,1,,POINT (-92.332984584705 43.061678589795)
2014789424,201403081,03/03/2014,03-March,2-Monday,11:10,1100 Hours,District 6 (East Central),CEDAR RAPIDS,LINN,,BLAKE BLVD SE,Collision with:  Parked motor vehicle,On Roadway,"Sideswipe, same direction",Lost Control,None Indicated,,Daylight,Snow,Clear,"Surface condition (e.g., wet, icy)",Non-intersection:  Non-junction/no special feature,Paved,,Property Damage Only,0,0,0,0,0,0,4000,2,1,,POINT (-91.642076744919 41.988696526631)
2014790447,14-0218,03/03/2014,03-March,2-Monday,08:15,0800 Hours,District 1 (Central),PLEASANT HILL,POLK,,NE 12TH AVE & NE 56TH ST,Collision with:  Vehicle in traffic,On Roadway,Head-on (front to front),Swerving/Evasive Action,None Indicated,,Daylight,Ice/frost,Clear,"Surface condition (e.g., wet, icy)",Intersection:  Four-way intersection,Paved,,Property Damage Only,0,0,0,0,0,0,6000,2,2,,POINT (-93.50324247725 41.600616870935)
2014788876,20140005775,03/03/2014,03-March,2-Monday,11:19,1100 Hours,District 1 (Central),DES MOINES,POLK,,URBANDALE AVE & 38TH ST,Collision with fixed object:  Other fixed object (explain in narrative),Outside trafficway,Non-collision (single vehicle),Swerving/Evasive Action,None Indicated,,Daylight,Ice/frost,Cloudy,"Surface condition (e.g., wet, icy)",Intersection:  Four-way intersection,Paved,,Property Damage Only,0,0,0,0,0,0,2000,1,2,,POINT (-93.668264531803 41.619159593767)
2014789555,W14-021028,03/03/2014,03-March,2-Monday,08:51,0800 Hours,District 2 (Northeast),WATERLOO,BLACK HAWK,,MILWAUKEE AVE,Collision with:  Vehicle in traffic,On Roadway,Broadside (front to side),FTYROW:  From yield sign,None Indicated,,Daylight,Snow,Clear,None apparent,Intersection:  Four-way intersection,Paved,,Property Damage Only,0,0,0,0,0,0,9200,2,2,,POINT (-92.289182821372 42.488428897047)
2014789216,SO14000508,03/03/2014,03-March,2-Monday,20:35,2000 Hours,District 3 (Northwest),,PLYMOUTH,IA 12,IA 12/IOWA 12,Collision with:  Animal,,,Animal,None Indicated,,,,,,,Paved,,Property Damage Only,0,0,0,0,0,0,3000,1,1,,POINT (-96.516709088843 42.631793247291)
2014790575,20130754,03/03/2014,03-March,2-Monday,15:45,1500 Hours,District 1 (Central),,GRUNDY,IA 14,IA 14/G AVE,Collision with fixed object:  Guardrail - face,On Roadway,Non-collision (single vehicle),Ran off road - right,None Indicated,,Daylight,Dry,Cloudy,None apparent,Non-intersection:  Non-junction/no special feature,Paved,,Property Damage Only,0,0,0,0,0,0,2500,1,1,,POINT (-92.904952397855 42.312382348521)
2014789227,20140005743,03/03/2014,03-March,2-Monday,07:31,0700 Hours,District 1 (Central),DES MOINES,POLK,US 6,US 6/DOUGLAS AVE & BEAVER AVE,Collision with:  Vehicle in traffic,On Roadway,"Angle, oncoming left turn",FTYROW:  Making left turn,None Indicated,,Daylight,Ice/frost,Clear,"Surface condition (e.g., wet, icy)",Intersection:  Four-way intersection,Paved,,Property Damage Only,0,0,0,0,0,0,13500,2,2,,POINT (-93.678047310248 41.629478582552)
2014789410,2014002400,03/03/2014,03-March,2-Monday,14:19,1400 Hours,District 6 (East Central),IOWA CITY,JOHNSON,US 6,US 6 & SYCAMORE ST,Collision with:  Vehicle in traffic,On Roadway,Rear-end (front to rear),Driving too fast for conditions,None Indicated,,Daylight,Snow,Clear,None apparent,Intersection:  Four-way intersection,Paved,,Property Damage Only,0,0,0,0,0,0,3500,2,2,,POINT (-91.511630523247 41.641143928478)
2014790183,14-021118,03/03/2014,03-March,2-Monday,14:21,1400 Hours,District 2 (Northeast),,BLACK HAWK,US 218,US 218 & Co Rd C57/W CEDAR-WAPSI RD,Collision with:  Vehicle in traffic,On Roadway,Rear-end (front to rear),Crossed centerline (undivided),None Indicated,,Daylight,Snow,Clear,None apparent,Non-intersection:  Crossover-related,Paved,,Property Damage Only,0,0,0,0,0,0,5000,2,2,,POINT (-92.443579843538 42.613742112718)
2014809299,,03/03/2014,03-March,2-Monday,08:00,0800 Hours,District 1 (Central),GRUNDY CENTER,GRUNDY,,H AVE & 9TH ST,Collision with:  Vehicle in traffic,On Roadway,"Angle, oncoming left turn",Unknown,None Indicated,,,,,,,Paved,,Property Damage Only,0,0,0,0,0,0,1561,2,3,,POINT (-92.775320813959 42.36051952825)
2014789140,01-14-8854,03/03/2014,03-March,2-Monday,06:35,0600 Hours,District 6 (East Central),DUBUQUE,DUBUQUE,,E 8TH ST & CENTRAL AVE,Collision with fixed object:  Tree,On Roadway,Non-collision (single vehicle),Ran off road - right,None Indicated,,Daylight,Snow,Clear,None apparent,Non-intersection:  Non-junction/no special feature,Paved,,Property Damage Only,0,0,0,0,0,0,5050,1,2,,POINT (-90.665099811837 42.501451073771)
2014789121,14-2106,03/03/2014,03-March,2-Monday,07:50,0700 Hours,District 3 (Northwest),CARROLL,CARROLL,,APPLEWOOD RD & CARROLL ST,Collision with:  Vehicle in traffic,On Roadway,Broadside (front to side),Other (explain in narrative):  No improper action,None Indicated,,Daylight,Ice/frost,Clear,"Surface condition (e.g., wet, icy)",Intersection:  Four-way intersection,Paved,,Property Damage Only,0,0,0,0,0,0,2400,2,2,,POINT (-94.867366000704 42.079912117678)
2014789685,14-6396,03/03/2014,03-March,2-Monday,19:00,1900 Hours,District 3 (Northwest),SIOUX CITY,WOODBURY,,18TH ST & ILLINOIS AVE & STEUBEN ST,Collision with:  Vehicle in traffic,On Roadway,Rear-end (front to rear),FTYROW:  Other (explain in narrative),None Indicated,,Dark - roadway lighted,Dry,Clear,None apparent,Intersection:  Four-way intersection,Paved,,Possible/Unknown,0,1,0,0,1,0,2500,2,3,,POINT (-96.388892739468 42.508462742155)
2014789109,W14-021238,03/03/2014,03-March,2-Monday,00:30,0000 Hours,District 2 (Northeast),WATERLOO,BLACK HAWK,,WALNUT ST,Collision with:  Parked motor vehicle,On Roadway,Rear-end (front to rear),Unknown,None Indicated,,Dark - roadway lighted,Snow,Clear,Unknown,Non-intersection:  Other non-intersection (explain in narrative),Paved,,Property Damage Only,0,0,0,0,0,0,1500,2,1,,POINT (-92.335831570307 42.503748465722)
2014789421,201403071,03/03/2014,03-March,2-Monday,06:51,0600 Hours,District 6 (East Central),CEDAR RAPIDS,LINN,I-380,I-380,Collision with:  Vehicle in traffic,On Roadway,"Sideswipe, same direction",Lost Control,None Indicated,,Daylight,Other (explain in narrative),Clear,None apparent,Interchange-related:  On-ramp merge area,Paved,,Property Damage Only,0,0,0,0,0,0,20000,3,3,,POINT (-91.666317437436 41.982352021168)
2014790716,,03/03/2014,03-March,2-Monday,15:40,1500 Hours,District 3 (Northwest),SERGEANT BLUFF,WOODBURY,,GOLDEN DR & SILVER LN,Collision with fixed object:  Utility pole/light support,On Roadway,Non-collision (single vehicle),Followed too close,None Indicated,,Daylight,Snow,Cloudy,"Surface condition (e.g., wet, icy)",Intersection:  T-intersection,Paved,,Property Damage Only,0,0,0,0,0,0,1900,1,1,,POINT (-96.35713058039 42.393653957075)
2014789090,14V03007,03/03/2014,03-March,2-Monday,15:38,1500 Hours,District 6 (East Central),VINTON,BENTON,,S 2ND AVE,Collision with:  Vehicle in traffic,On Roadway,Rear-end (front to rear),Driving too fast for conditions,None Indicated,,Daylight,Ice/frost,Cloudy,"Surface condition (e.g., wet, icy)",Non-intersection:  Non-junction/no special feature,Paved,,Property Damage Only,0,0,0,0,0,0,4300,2,2,,POINT (-92.023061304746 42.156172954085)
2014790738,,03/03/2014,03-March,2-Monday,14:30,1400 Hours,District 6 (East Central),CEDAR RAPIDS,LINN,I-380,I-380 & WRIGHT BROTHERS BLVD SW,Collision with:  Vehicle in traffic,On Roadway,Rear-end (front to rear),Unknown,None Indicated,,Daylight,Dry,Cloudy,,Intersection:  Intersection with ramp,Paved,,Property Damage Only,0,0,0,0,0,0,5000,2,2,,POINT (-91.668649466429 41.890620836137)
2014789438,14045,03/03/2014,03-March,2-Monday,12:34,1200 Hours,District 5 (Southeast),PELLA,MARION,,LIBERTY ST & MAIN ST,Collision with:  Vehicle in traffic,On Roadway,Broadside (front to side),Ran Traffic Signal,None Indicated,,Daylight,Snow,Clear,None apparent,Intersection:  Four-way intersection,Paved,,Possible/Unknown,0,2,0,0,2,0,14000,3,4,,POINT (-92.916491339381 41.405379637737)
2014789252,14-008277,03/03/2014,03-March,2-Monday,12:10,1200 Hours,District 4 (Southwest),COUNCIL BLUFFS,POTTAWATTAMIE,,VALLEY VIEW DR & MALL DR,Collision with:  Vehicle in traffic,On Roadway,"Angle, oncoming left turn",Made improper turn,None Indicated,,Daylight,Dry,Clear,None apparent,Non-intersection:  Non-junction/no special feature,Paved,,Possible/Unknown,0,1,0,0,1,0,2000,2,3,,POINT (-95.816786716042 41.246471004649)
2014788817,20140005730,03/03/2014,03-March,2-Monday,00:13,0000 Hours,District 1 (Central),DES MOINES,POLK,,E AURORA AVE & E 29TH ST,Collision with fixed object:  Ditch,On Roadway,Non-collision (single vehicle),Traveling wrong way or on wrong side of road,Refused,,Dark - roadway lighted,Snow,Clear,None apparent,Non-intersection:  Non-junction/no special feature,Paved,,Property Damage Only,0,0,0,0,0,0,3000,1,1,,POINT (-93.561155290578 41.636755951227)
2014789441,2014001920,03/03/2014,03-March,2-Monday,10:12,1000 Hours,District 1 (Central),MARSHALLTOWN,MARSHALL,IA 14,IA 14/S CENTER ST,Collision with:  Vehicle in traffic,On Roadway,Rear-end (front to rear),Unknown,None Indicated,,Daylight,Snow,Cloudy,None apparent,Non-intersection:  Non-junction/no special feature,Paved,,Property Damage Only,0,0,0,0,0,0,7000,2,3,,POINT (-92.912706272795 42.030551344783)
2014796127,AC13-018,03/03/2014,03-March,2-Monday,09:45,0900 Hours,District 4 (Southwest),HARLAN,SHELBY,IA 44,IA 44/CHATBURN AVE & COLLEGE PL,Collision with:  Vehicle in traffic,On Roadway,"Angle, oncoming left turn",FTYROW:  From stop sign,None Indicated,,Daylight,Wet,Unknown,None apparent,Intersection:  Four-way intersection,Paved,,Property Damage Only,0,0,0,0,0,0,5500,2,6,,POINT (-95.331139765924 41.646041705591)
2014789222,14-001027,03/03/2014,03-March,2-Monday,14:35,1400 Hours,District 1 (Central),ANKENY,POLK,IA 160,IA 160/SE ORALABOR RD,Collision with:  Vehicle in traffic,On Roadway,Rear-end (front to rear),Driver Distraction:  Inattentive/lost in thought,None Indicated,,Daylight,Dry,Clear,None apparent,Non-intersection:  Non-junction/no special feature,Paved,,Property Damage Only,0,0,0,0,0,0,5500,2,2,,POINT (-93.583760917697 41.702926858029)
2014789235,20140005832,03/03/2014,03-March,2-Monday,20:21,2000 Hours,District 1 (Central),DES MOINES,POLK,,RITTENHOUSE ST & FLEUR DR,Collision with:  Vehicle in traffic,On Roadway,Broadside (front to side),FTYROW:  From stop sign,None Indicated,,Dark - roadway lighted,Dry,Clear,None apparent,Intersection:  T-intersection,Paved,,Minor Injury,0,1,0,1,0,0,6000,2,3,,POINT (-93.644941009085 41.52137473238)
2014789249,14-000260,03/03/2014,03-March,2-Monday,07:50,0700 Hours,District 1 (Central),JOHNSTON,POLK,,NW 62ND AVE,Collision with:  Vehicle in traffic,On Roadway,Rear-end (front to rear),Followed too close,None Indicated,,Daylight,Snow,Clear,None apparent,Non-intersection:  Non-junction/no special feature,Paved,,Property Damage Only,0,0,0,0,0,0,6000,2,3,,POINT (-93.711874008279 41.672742506065)
2014789244,14-1087,03/03/2014,03-March,2-Monday,17:25,1700 Hours,District 1 (Central),WEST DES MOINES,POLK,,8TH ST,Collision with:  Vehicle in traffic,On Roadway,Rear-end (front to rear),Followed too close,None Indicated,,Daylight,Dry,Cloudy,None apparent,Non-intersection:  Non-junction/no special feature,Paved,,Property Damage Only,0,0,0,0,0,0,1600,2,2,,POINT (-93.713251697926 41.590714729524)
2014789192,20141021,03/03/2014,03-March,2-Monday,15:17,1500 Hours,District 6 (East Central),MOUNT VERNON,LINN,IA 1,IA 1/S 1ST AVE/N 1ST AVE & 1ST ST,Collision with:  Vehicle in traffic,On Roadway,Rear-end (front to rear),Followed too close,None Indicated,,Daylight,Wet,Clear,None apparent,Intersection:  Four-way intersection,Paved,,Property Damage Only,0,0,0,0,0,0,6500,2,2,,POINT (-91.417031279687 41.922246397566)
2014789987,14004772,03/03/2014,03-March,2-Monday,13:05,1300 Hours,District 5 (Southeast),OSKALOOSA,MAHASKA,,18TH AVE E,Collision with fixed object:  Traffic sign support,Roadside,Non-collision (single vehicle),Unknown,None Indicated,,Daylight,Snow,Clear,"Surface condition (e.g., wet, icy)",Non-intersection:  Non-junction/no special feature,Paved,,Possible/Unknown,0,1,0,0,0,1,3100,1,1,,POINT (-92.644069293552 41.278472664378)
2014844626,2014-000518,03/03/2014,03-March,2-Monday,02:37,0200 Hours,District 2 (Northeast),,ALLAMAKEE,,Co Rd A26/IOWA RIVER DR,Collision with fixed object:  Ditch,,,Unknown,None Indicated,,,,,,,Paved,,Property Damage Only,0,0,0,0,0,0,2500,1,1,,POINT (-91.365673998345 43.436217209241)
2014789712,,03/03/2014,03-March,2-Monday,14:27,1400 Hours,District 5 (Southeast),,DECATUR,I-35,I-35,Collision with:  Vehicle in traffic,On Roadway,Rear-end (front to rear),Followed too close,None Indicated,,Daylight,Dry,Clear,None apparent,Non-intersection:  Non-junction/no special feature,Paved,,Minor Injury,0,1,0,1,0,0,7000,2,4,,POINT (-93.835380151673 40.781143189746)
2014789104,W14-020994,03/03/2014,03-March,2-Monday,06:55,0600 Hours,District 2 (Northeast),WATERLOO,BLACK HAWK,US 218,US 218,Collision with:  Vehicle in traffic,On Roadway,Unknown,Driving too fast for conditions,None Indicated,,Daylight,Ice/frost,Clear,None apparent,Non-intersection:  Other non-intersection (explain in narrative),Paved,,Property Damage Only,0,0,0,0,0,0,2000,3,3,,POINT (-92.347796081557 42.496693571292)
2014789129,CL14000631,03/03/2014,03-March,2-Monday,12:05,1200 Hours,District 6 (East Central),CLINTON,CLINTON,,4TH AVE S & S 6TH ST,Collision with:  Vehicle in traffic,On Roadway,Broadside (front to side),Lost Control,None Indicated,,Daylight,Snow,Clear,None apparent,Intersection:  Four-way intersection,Paved,,Property Damage Only,0,0,0,0,0,0,4000,2,6,,POINT (-90.198957140861 41.842282845457)
2014788907,14-000433,03/03/2014,03-March,2-Monday,07:54,0700 Hours,District 1 (Central),ALTOONA,POLK,,2ND ST NW,Collision with:  Vehicle in traffic,On Roadway,Rear-end (front to rear),Driving too fast for conditions,None Indicated,,Daylight,Snow,Clear,None apparent,Non-intersection:  Non-junction/no special feature,Paved,,Property Damage Only,0,0,0,0,0,0,2600,2,2,,POINT (-93.46490766039 41.653110226254)
2014789155,2014-0451,03/03/2014,03-March,2-Monday,13:17,1300 Hours,District 1 (Central),JEFFERSON,GREENE,,E REED ST & N WILSON AVE,Collision with:  Vehicle in traffic,On Roadway,Broadside (front to side),FTYROW:  At uncontrolled intersection,None Indicated,,Daylight,Snow,Clear,"Surface condition (e.g., wet, icy)",Non-intersection:  Non-junction/no special feature,Paved,,Property Damage Only,0,0,0,0,0,0,2000,2,2,,POINT (-94.374771811702 42.01934282868)
2014789139,14-305,03/03/2014,03-March,2-Monday,15:52,1500 Hours,District 3 (Northwest),SPIRIT LAKE,DICKINSON,US 71,US 71 & 23RD ST & ENTERPRISE AVE,Collision with:  Vehicle in traffic,On Roadway,Broadside (front to side),Ran Traffic Signal,None Indicated,,Daylight,Dry,Cloudy,None apparent,Intersection:  Four-way intersection,Paved,,Major Injury,0,4,1,2,1,0,12500,2,6,,POINT (-95.126423848342 43.418362241638)