Iowa DOT Case Number,Law Enforcement Case Number,Date of Crash,Month of Crash,Day of Week,Time of Crash,Hour,DOT District,City Name,County Name,Route with System,Location Description,First Harmful Event,Location of First Harmful Event,Manner of Crash/Collision,Major Cause,Drug or Alcohol ,Environmental Conditions,Light Conditions,Surface Conditions,Weather Conditions,Roadway Contribution,Roadway Type,Roadway Surface,Work Zone,Crash Severity,Number of Fatalities,Number of Injuries,Number of Major Injuries,Number of Minor Injuries,Number of Possible Injuries,Number of Unknown Injuries,Amount of Property Damage,Number of Vehicles Involved,Total Number of Occupants,Travel Direction,Location
2014790603,14-0529,03/03/2014,03-March,2-Monday,08:26,0800 Hours,District 2 (Northeast),OSAGE,MITCHELL,,ASH ST & N 8TH ST,Collision with:  Vehicle in traffic,On Roadway,Broadside (front to side),FTYROW:  From yield sign,None Indicated,,Daylight,Snow,Cloudy,None apparent,Intersection:  Four-way intersection,Paved,,Possible/Unknown,0,1,0,0,1,0,5000,2,3,,POINT (-92.809458405614 43.2879987578)
2014790717,,03/03/2014,03-March,2-Monday,08:00,0800 Hours,District 3 (Northwest),SERGEANT BLUFF,WOODBURY,,1ST ST & PORT NEAL RD & FRONT ST,Collision with fixed object:  Utility pole/light support,Roadside,Non-collision (single vehicle),Ran off road - right,None Indicated,,Daylight,Ice/frost,Cloudy,"Surface condition (e.g., wet, icy)",Non-intersection:  Railroad grade crossing,Paved,,Property Damage Only,0,0,0,0,0,0,1746,1,1,,POINT (-96.355585961148 42.400452696323)
2014794566,14-01804,03/03/2014,03-March,2-Monday,16:10,1600 Hours,District 5 (Southeast),MOUNT PLEASANT,HENRY,,W HENRY ST & N WHITE ST,Collision with:  Vehicle in traffic,On Roadway,Broadside (front to side),FTYROW:  From stop sign,None Indicated,,Daylight,Wet,Clear,None apparent,Intersection:  Four-way intersection,Paved,,Property Damage Only,0,0,0,0,0,0,2000,2,4,,POINT (-91.556953686931 40.969041312003)
2014789548,W14-021090,03/03/2014,03-March,2-Monday,12:32,1200 Hours,District 2 (Northeast),WATERLOO,BLACK HAWK,,KERN ST & FAIRVIEW AVE,Collision with:  Vehicle in traffic,On Roadway,Broadside (front to side),FTYROW:  At uncontrolled intersection,None Indicated,,Daylight,Snow,Cloudy,None apparent,Intersection:  Four-way intersection,Paved,,Possible/Unknown,0,1,0,0,1,0,5500,2,3,,POINT (-92.347654993326 42.51494756329)
2014789371,14003263,03/03/2014,03-March,2-Monday,16:50,1600 Hours,District 2 (Northeast),MASON CITY,CERRO GORDO,IA 122,IA 122/4TH ST SW,Collision with:  Vehicle in traffic,On Roadway,Rear-end (front to rear),Followed too close,None Indicated,,Daylight,Dry,Cloudy,None apparent,Non-intersection:  Non-junction/no special feature,Paved,,Property Damage Only,0,0,0,0,0,0,3500,2,2,,POINT (-93.214125740813 43.14832050589)
2014789112,W14-021047,03/03/2014,03-March,2-Monday,09:40,0900 Hours,District 2 (Northeast),WATERLOO,BLACK HAWK,,LA PORTE RD,Collision with:  Vehicle in traffic,On Roadway,Rear-end (front to rear),Followed too close,None Indicated,,Daylight,Ice/frost,Clear,"Surface condition (e.g., wet, icy)",Non-intersection:  Non-junction/no special feature,Paved,,Minor Injury,0,1,0,1,0,0,500,2,2,,POINT (-92.322702389787 42.47071924342)
2014789128,CL14000629,03/03/2014,03-March,2-Monday,08:37,0800 Hours,District 6 (East Central),CLINTON,CLINTON,,S BLUFF BLVD & 7TH AVE S,Collision with:  Vehicle in traffic,On Roadway,Rear-end (front to rear),Other (explain in narrative):  No improper action,None Indicated,,Daylight,Snow,Clear,"Surface condition (e.g., wet, icy)",Non-intersection:  Non-junction/no special feature,Paved,,Property Damage Only,0,0,0,0,0,0,1750,2,3,,POINT (-90.213625544937 41.838965562205)
2014789475,14-001060,03/03/2014,03-March,2-Monday,07:31,0700 Hours,District 1 (Central),AMES,STORY,,RIDGEWOOD AVE,Collision with:  Vehicle in traffic,On Roadway,Rear-end (front to rear),Driving too fast for conditions,None Indicated,,Daylight,Snow,Clear,"Surface condition (e.g., wet, icy)",Non-intersection:  Non-junction/no special feature,Paved,,Property Damage Only,0,0,0,0,0,0,10500,2,16,,POINT (-93.62547937746 42.02813277373)
2014792733,14-2215,03/03/2014,03-March,2-Monday,14:15,1400 Hours,District 3 (Northwest),HOLSTEIN,IDA,,E MAPLE ST & S ALTONA ST,Collision with:  Vehicle in traffic,On Roadway,Broadside (front to side),FTYROW:  From stop sign,None Indicated,,Daylight,Snow,Cloudy,None apparent,Intersection:  Four-way intersection,Paved,,Property Damage Only,0,0,0,0,0,0,3500,2,2,,POINT (-95.541776729365 42.487402597524)
2014789225,14-0264,03/03/2014,03-March,2-Monday,15:01,1500 Hours,District 4 (Southwest),WEST DES MOINES,DALLAS,,UNIVERSITY AVE,Collision with:  Vehicle in traffic,On Roadway,Rear-end (front to rear),Lost Control,None Indicated,,Daylight,Dry,Clear,None apparent,Intersection:  Four-way intersection,Paved,,Property Damage Only,0,0,0,0,0,0,4100,2,3,,POINT (-93.807641600697 41.600457677733)
2014793403,2014-13035,03/03/2014,03-March,2-Monday,17:01,1700 Hours,District 6 (East Central),DAVENPORT,SCOTT,,E LOCUST ST & BRIDGE AVE,Collision with:  Vehicle in traffic,On Roadway,"Angle, oncoming left turn",Unknown,None Indicated,,Daylight,Dry,Clear,None apparent,Non-intersection:  Non-junction/no special feature,Paved,,Property Damage Only,0,0,0,0,0,0,2500,2,2,,POINT (-90.55814971179 41.538304812984)
2014791509,14-002125,03/03/2014,03-March,2-Monday,19:15,1900 Hours,District 3 (Northwest),,CARROLL,,KITTYHAWK AVE & 180TH ST,Collision with fixed object:  Ditch,Outside trafficway,Non-collision (single vehicle),Driving too fast for conditions,None Indicated,,Dark - roadway not lighted,Ice/frost,Cloudy,"Surface condition (e.g., wet, icy)",Intersection:  T-intersection,Unpaved,,Property Damage Only,0,0,0,0,0,0,6000,1,2,,POINT (-94.899141013865 42.093034627256)
2014789542,W14-021135,03/03/2014,03-March,2-Monday,15:15,1500 Hours,District 2 (Northeast),WATERLOO,BLACK HAWK,,GLENNY AVE & W 9TH ST,Collision with:  Vehicle in traffic,On Roadway,"Angle, oncoming left turn",FTYROW:  From stop sign,None Indicated,,Daylight,Slush,Clear,None apparent,Intersection:  T-intersection,Paved,,Property Damage Only,0,0,0,0,0,0,3700,2,3,,POINT (-92.342574308704 42.479354501042)
2014788699,14-7211,03/03/2014,03-March,2-Monday,12:10,1200 Hours,District 5 (Southeast),BURLINGTON,DES MOINES,,DIVISION ST & GARFIELD AVE,Collision with:  Vehicle in traffic,On Roadway,Rear-end (front to rear),Followed too close,None Indicated,,Daylight,Wet,Clear,None apparent,Intersection:  Four-way intersection,Paved,,Property Damage Only,0,0,0,0,0,0,4000,2,2,,POINT (-91.118870721765 40.807692288175)
2014788908,14-000436,03/03/2014,03-March,2-Monday,11:04,1100 Hours,District 1 (Central),ALTOONA,POLK,,ADVENTURELAND DR,Collision with:  Vehicle in traffic,On Roadway,"Sideswipe, opposite direction",FTYROW:  Making left turn,None Indicated,,Daylight,Snow,Cloudy,None apparent,Non-intersection:  Driveway access (within),Paved,,Property Damage Only,0,0,0,0,0,0,1800,2,5,,POINT (-93.500906706729 41.658543428317)
2014789298,14-6265,03/03/2014,03-March,2-Monday,08:14,0800 Hours,District 3 (Northwest),SIOUX CITY,WOODBURY,US 20,US 20/RAMP,Collision with:  Vehicle in traffic,On Roadway,Rear-end (front to rear),Other (explain in narrative):  Other,None Indicated,,Daylight,Snow,Cloudy,"Surface condition (e.g., wet, icy)",Intersection:  Intersection with ramp,Paved,,Property Damage Only,0,0,0,0,0,0,4000,3,5,,POINT (-96.335137526006 42.45127778599)
2014789483,14030051,03/03/2014,03-March,2-Monday,17:12,1700 Hours,District 5 (Southeast),,WAPELLO,,EDDYVILLE RD,Collision with fixed object:  Ditch,On Roadway,Non-collision (single vehicle),Swerving/Evasive Action,None Indicated,,Daylight,Dry,Cloudy,None apparent,Non-intersection:  Non-junction/no special feature,Paved,,Property Damage Only,0,0,0,0,0,0,10000,1,2,,POINT (-92.495804408155 41.077483726368)
2014789426,14004434,03/03/2014,03-March,2-Monday,06:37,0600 Hours,District 6 (East Central),MARION,LINN,US 151,US 151/DUBUQUE RD & IA 13/IOWA 13 & 10TH AVE,Collision with:  Vehicle in traffic,On Roadway,Rear-end (front to rear),Followed too close,None Indicated,,Dawn,Ice/frost,Clear,None apparent,Intersection:  Four-way intersection,Paved,,Property Damage Only,0,0,0,0,0,0,6000,2,2,,POINT (-91.550298562772 42.035721923027)
2014789614,20140005793,03/03/2014,03-March,2-Monday,14:20,1400 Hours,District 1 (Central),DES MOINES,POLK,,HICKMAN RD & 16TH ST,Collision with fixed object:  Tree,Outside trafficway,Non-collision (single vehicle),Ran off road - right,None Indicated,,Daylight,Wet,Cloudy,None apparent,Non-intersection:  Non-junction/no special feature,Paved,,Property Damage Only,0,0,0,0,0,0,2500,1,1,,POINT (-93.639079501856 41.615011096581)
2014791159,2014014961,03/03/2014,03-March,2-Monday,06:50,0600 Hours,District 6 (East Central),CORALVILLE,JOHNSON,I-80,I-80,Collision with fixed object:  Traffic sign support,On Roadway,Non-collision (single vehicle),Driving too fast for conditions,None Indicated,,Daylight,Dry,Clear,None apparent,Interchange-related:  Off-ramp,Paved,,Property Damage Only,0,0,0,0,0,0,2500,1,1,,POINT (-91.635263207711 41.692513663721)
2014788858,20140005741,03/03/2014,03-March,2-Monday,07:30,0700 Hours,District 1 (Central),DES MOINES,POLK,,COLLEGE AVE & 6TH AVE,Collision with:  Vehicle in traffic,On Roadway,Rear-end (front to rear),Driving too fast for conditions,None Indicated,,Daylight,Snow,Clear,"Surface condition (e.g., wet, icy)",Non-intersection:  Non-junction/no special feature,Paved,,Possible/Unknown,0,1,0,0,1,0,5000,2,2,,POINT (-93.625817912493 41.607689133541)
2014789142,01-14-8861,03/03/2014,03-March,2-Monday,07:40,0700 Hours,District 6 (East Central),DUBUQUE,DUBUQUE,,KEY WAY & WOODLAND DR,Collision with:  Vehicle in traffic,On Roadway,Broadside (front to side),Other (explain in narrative):  Other,None Indicated,,Daylight,Snow,Clear,None apparent,Intersection:  Four-way intersection,Paved,,Property Damage Only,0,0,0,0,0,0,2000,2,2,,POINT (-90.722136425616 42.510596153073)
2014790544,,03/03/2014,03-March,2-Monday,10:47,1000 Hours,District 6 (East Central),CEDAR RAPIDS,LINN,,WILEY BLVD NW & JOHNSON AVE NW,Collision with:  Vehicle in traffic,On Roadway,"Angle, oncoming left turn",Unknown,None Indicated,,Daylight,Slush,Clear,,Intersection:  Four-way intersection,Paved,,Possible/Unknown,0,1,0,0,1,0,3800,2,2,,POINT (-91.725771708565 41.971237971471)
2014790401,14005651,03/03/2014,03-March,2-Monday,12:19,1200 Hours,District 5 (Southeast),,LEE,US 61,US 61,Collision with:  Animal,,,Animal,None Indicated,,,,,,,Paved,,Property Damage Only,0,0,0,0,0,0,1500,1,1,,POINT (-91.212940726917 40.725017815914)
2014789647,2014-12953,03/03/2014,03-March,2-Monday,10:38,1000 Hours,District 6 (East Central),DAVENPORT,SCOTT,US 67,US 67/E RIVER DR & FOREST RD,Collision with fixed object:  Concrete traffic barrier (median or right side),On Roadway,Non-collision (single vehicle),Swerving/Evasive Action,None Indicated,,Daylight,Ice/frost,Clear,None apparent,Non-intersection:  Non-junction/no special feature,Paved,,Property Damage Only,0,0,0,0,0,0,5000,1,1,,POINT (-90.533997233362 41.526909404247)
2014789569,CL14000641,03/03/2014,03-March,2-Monday,22:31,2200 Hours,District 6 (East Central),CLINTON,CLINTON,,PERSHING BLVD,Collision with:  Parked motor vehicle,On Roadway,Unknown,Other (explain in narrative):  Other,None Indicated,,Dark - roadway lighted,Ice/frost,Cloudy,Unknown,Non-intersection:  Non-junction/no special feature,Paved,,Property Damage Only,0,0,0,0,0,0,3000,2,1,,POINT (-90.187478631654 41.854673145968)
2014788859,20140005742,03/03/2014,03-March,2-Monday,07:35,0700 Hours,District 1 (Central),DES MOINES,POLK,,SE 8TH ST,Collision with:  Vehicle in traffic,On Roadway,Rear-end (front to rear),Other (explain in narrative):  Other,None Indicated,,Daylight,Snow,Clear,"Surface condition (e.g., wet, icy)",Non-intersection:  Driveway access (within),Paved,,Property Damage Only,0,0,0,0,0,0,5000,2,2,,POINT (-93.60285609054 41.562172049303)
2014790293,14-001078,03/03/2014,03-March,2-Monday,16:13,1600 Hours,District 1 (Central),AMES,STORY,,10TH ST & BURNETT AVE,Collision with:  Vehicle in traffic,On Roadway,Broadside (front to side),FTYROW:  From yield sign,None Indicated,,Daylight,Snow,Clear,None apparent,Intersection:  Other intersection (explain in narrative),Paved,,Property Damage Only,0,0,0,0,0,0,4500,2,2,,POINT (-93.615531295079 42.031239780081)
2014790673,14-000272,03/03/2014,03-March,2-Monday,08:45,0800 Hours,District 1 (Central),MAXWELL,STORY,IA 210,IA 210/5TH ST,Collision with:  Vehicle in traffic,On Roadway,Broadside (front to side),FTYROW:  From stop sign,None Indicated,,Daylight,Snow,Clear,None apparent,Intersection:  Four-way intersection,Paved,,Possible/Unknown,0,2,0,0,2,0,12500,2,3,,POINT (-93.394395017352 41.892113366462)
2014788698,14-07212,03/03/2014,03-March,2-Monday,12:19,1200 Hours,District 5 (Southeast),BURLINGTON,DES MOINES,,CENTRAL AVE,Collision with:  Vehicle in traffic,On Roadway,Broadside (front to side),FTYROW:  From driveway,None Indicated,,Daylight,Snow,Clear,None apparent,Non-intersection:  Driveway access (within),Paved,,Possible/Unknown,0,2,0,0,0,2,6000,2,2,,POINT (-91.108550158723 40.820864067467)
2014790350,2014014977,03/03/2014,03-March,2-Monday,07:53,0700 Hours,District 1 (Central),,POLK,I-35,I-35 & IA 415/2ND AVE,Collision with:  Vehicle in traffic,On Roadway,Rear-end (front to rear),FTYROW:  Other (explain in narrative),None Indicated,,Daylight,Wet,Clear,None apparent,Intersection:  Intersection with ramp,Paved,,Property Damage Only,0,0,0,0,0,0,2800,2,2,,POINT (-93.619997747283 41.650333677502)
2014790957,14-2731,03/03/2014,03-March,2-Monday,11:19,1100 Hours,District 6 (East Central),PRESTON,JACKSON,,Co Rd Z34/418 AVE/16 ST,Collision with:  Vehicle in traffic,Shoulder,Broadside (front to side),Ran off road - right,None Indicated,,Daylight,Snow,Clear,None apparent,Intersection:  T-intersection,Paved,,Possible/Unknown,0,2,0,0,2,0,5000,2,4,,POINT (-90.408611994124 42.046478294102)
2014789242,14-1086,03/03/2014,03-March,2-Monday,16:55,1600 Hours,District 1 (Central),WEST DES MOINES,POLK,,UNIVERSITY AVE,Collision with:  Vehicle in traffic,On Roadway,Rear-end (front to rear),Followed too close,None Indicated,,Daylight,Dry,Cloudy,None apparent,Non-intersection:  Non-junction/no special feature,Paved,,Property Damage Only,0,0,0,0,0,0,1700,2,2,,POINT (-93.783965881277 41.60045043087)
2014789645,2014-12919,03/03/2014,03-March,2-Monday,07:26,0700 Hours,District 6 (East Central),DAVENPORT,SCOTT,,FLORENCE LN,Collision with:  Vehicle in traffic,On Roadway,Broadside (front to side),Swerving/Evasive Action,None Indicated,,Daylight,Snow,Clear,"Surface condition (e.g., wet, icy)",Non-intersection:  Alley,Paved,,Property Damage Only,0,0,0,0,0,0,1500,2,7,,POINT (-90.600392088835 41.542851157581)
2014793043,14001797,03/03/2014,03-March,2-Monday,23:33,2300 Hours,District 6 (East Central),,BUCHANAN,US 20,US 20,Non-collision events:  Other non-collision (explain in narrative),On Roadway,Non-collision (single vehicle),Ran off road - right,None Indicated,,Dark - roadway not lighted,Snow,Snow,None apparent,Non-intersection:  Non-junction/no special feature,Paved,,Property Damage Only,0,0,0,0,0,0,5000,1,5,,POINT (-92.042203055214 42.449580997545)
2014789440,2014001919,03/03/2014,03-March,2-Monday,09:58,0900 Hours,District 1 (Central),MARSHALLTOWN,MARSHALL,,E CHURCH ST & S 2ND AVE,Collision with:  Vehicle in traffic,On Roadway,Broadside (front to side),FTYROW:  Making left turn,None Indicated,,Daylight,Snow,Clear,"Surface condition (e.g., wet, icy)",Intersection:  Four-way intersection,Paved,,Possible/Unknown,0,2,0,0,2,0,3000,2,4,,POINT (-92.909637377985 42.047922709881)
2014790649,2014-12942,03/03/2014,03-March,2-Monday,09:45,0900 Hours,District 6 (East Central),DAVENPORT,SCOTT,,W 4TH ST & GAINES ST,Collision with:  Vehicle in traffic,On Roadway,Broadside (front to side),Ran Traffic Signal,None Indicated,,Daylight,Dry,Clear,None apparent,Intersection:  Four-way intersection,Paved,,Property Damage Only,0,0,0,0,0,0,8000,3,5,,POINT (-90.582962457993 41.523518397837)
2014789610,14-001021,03/03/2014,03-March,2-Monday,08:25,0800 Hours,District 1 (Central),ANKENY,POLK,,W 1ST ST & SW PLEASANT ST,Collision with:  Vehicle in traffic,On Roadway,"Angle, oncoming left turn",FTYROW:  Making left turn,None Indicated,,Daylight,Snow,Clear,None apparent,Intersection:  T-intersection,Paved,,Property Damage Only,0,0,0,0,0,0,2000,2,3,,POINT (-93.604560551131 41.731885082249)
2014789212,14001114,03/03/2014,03-March,2-Monday,09:14,0900 Hours,District 3 (Northwest),SHELDON,OBRIEN,US 18,US 18/SW RAMP/PARK ST/NW RAMP,Collision with:  Vehicle in traffic,On Roadway,"Angle, oncoming left turn",FTYROW:  Making left turn,None Indicated,,Daylight,Snow,Cloudy,None apparent,Intersection:  Intersection with ramp,Paved,,Property Damage Only,0,0,0,0,0,0,11000,2,2,,POINT (-95.814120116686 43.186043406563)
2014788631,14021042,03/03/2014,03-March,2-Monday,09:18,0900 Hours,District 2 (Northeast),CEDAR FALLS,BLACK HAWK,,CENTER ST,Collision with:  Vehicle in traffic,On Roadway,Rear-end (front to rear),Driving too fast for conditions,None Indicated,,Daylight,Ice/frost,Clear,"Surface condition (e.g., wet, icy)",Intersection:  Four-way intersection,Paved,,Possible/Unknown,0,1,0,0,1,0,2000,2,2,,POINT (-92.449562431428 42.537987843842)
2014788674,14000987,03/03/2014,03-March,2-Monday,09:45,0900 Hours,District 3 (Northwest),MARCUS,CHEROKEE,,E SPRUCE ST & OAK ST,Collision with:  Vehicle in traffic,On Roadway,Broadside (front to side),FTYROW:  From yield sign,None Indicated,,Daylight,Snow,Clear,None apparent,Intersection:  Four-way intersection,Paved,,Property Damage Only,0,0,0,0,0,0,4500,2,2,,POINT (-95.8053722299 42.823438451873)
2014789493,14-6305,03/03/2014,03-March,2-Monday,12:34,1200 Hours,District 3 (Northwest),SIOUX CITY,WOODBURY,,STONE PARK BLVD & HAMILTON BLVD,Collision with:  Vehicle in traffic,On Roadway,Rear-end (front to rear),Driving too fast for conditions,None Indicated,,Daylight,Ice/frost,Clear,"Surface condition (e.g., wet, icy)",Intersection:  Four-way intersection,Paved,,Property Damage Only,0,0,0,0,0,0,2500,2,2,,POINT (-96.41533498212 42.525586723051)
2014789224,14-0261,03/03/2014,03-March,2-Monday,09:22,0900 Hours,District 1 (Central),CLIVE,POLK,,UNIVERSITY AVE,Collision with:  Vehicle in traffic,On Roadway,Rear-end (front to rear),Swerving/Evasive Action,None Indicated,,Daylight,Wet,Cloudy,None apparent,Intersection:  Intersection with ramp,Paved,,Property Damage Only,0,0,0,0,0,0,10500,3,3,,POINT (-93.774401939959 41.600443195914)
2014789439,14046,03/03/2014,03-March,2-Monday,07:25,0700 Hours,District 5 (Southeast),PELLA,MARION,,VERMEER RD & 240TH PL,Collision with:  Vehicle in traffic,On Roadway,Rear-end (front to rear),Lost Control,None Indicated,,Daylight,Dry,Clear,None apparent,Non-intersection:  Driveway access (within),Paved,,Property Damage Only,0,0,0,0,0,0,5000,2,2,,POINT (-92.890250829483 41.407447364426)
2014788900,14-1080,03/03/2014,03-March,2-Monday,07:45,0700 Hours,District 1 (Central),WEST DES MOINES,POLK,,19TH ST,Collision with fixed object:  Utility pole/light support,On Roadway,Non-collision (single vehicle),Lost Control,None Indicated,,Daylight,Snow,Clear,"Surface condition (e.g., wet, icy)",Non-intersection:  Non-junction/no special feature,Paved,,Property Damage Only,0,0,0,0,0,0,1500,1,1,,POINT (-93.731375681409 41.588141889859)
2014789494,14-6337,03/03/2014,03-March,2-Monday,15:27,1500 Hours,District 3 (Northwest),SIOUX CITY,WOODBURY,,13TH ST,Collision with:  Parked motor vehicle,Shoulder,Rear-end (front to rear),Lost Control,None Indicated,,Daylight,Snow,Cloudy,"Surface condition (e.g., wet, icy)",Non-intersection:  Non-junction/no special feature,Paved,,Property Damage Only,0,0,0,0,0,0,2500,2,1,,POINT (-96.395448285175 42.504117415379)
2014788843,20140005746,03/03/2014,03-March,2-Monday,07:50,0700 Hours,District 1 (Central),DES MOINES,POLK,,HICKMAN RD,Collision with:  Vehicle in traffic,On Roadway,Rear-end (front to rear),Lost Control,None Indicated,,Dawn,Snow,Clear,"Surface condition (e.g., wet, icy)",Non-intersection:  Non-junction/no special feature,Paved,,Property Damage Only,0,0,0,0,0,0,7000,2,2,,POINT (-93.658247218712 41.6149749996)
2014789478,14-001070,03/03/2014,03-March,2-Monday,13:05,1300 Hours,District 1 (Central),AMES,STORY,US 69,US 69/GRAND AVE,Collision with:  Vehicle in traffic,On Roadway,"Sideswipe, same direction",Lost Control,None Indicated,,Daylight,Snow,Clear,"Surface condition (e.g., wet, icy)",Non-intersection:  Non-junction/no special feature,Paved,,Property Damage Only,0,0,0,0,0,0,1800,2,2,,POINT (-93.620426443908 42.041435863525)
2014789254,14-008288,03/03/2014,03-March,2-Monday,15:01,1500 Hours,District 4 (Southwest),COUNCIL BLUFFS,POTTAWATTAMIE,,5TH AVE & S 29TH ST,Collision with:  Vehicle in traffic,On Roadway,Broadside (front to side),FTYROW:  Other (explain in narrative),None Indicated,,Daylight,Dry,Clear,None apparent,Non-intersection:  Non-junction/no special feature,Paved,,Property Damage Only,0,0,0,0,0,0,9000,2,4,,POINT (-95.890781619844 41.257253422129)
2014788628,14020996,03/03/2014,03-March,2-Monday,07:08,0700 Hours,District 2 (Northeast),CEDAR FALLS,BLACK HAWK,,W VIKING RD & HUDSON RD,Collision with:  Vehicle in traffic,On Roadway,Unknown,Driving too fast for conditions,None Indicated,,Daylight,Ice/frost,Clear,"Surface condition (e.g., wet, icy)",Intersection:  Four-way intersection,Paved,,Property Damage Only,0,0,0,0,0,0,3400,2,3,,POINT (-92.465329572047 42.484081564546)
2014790292,14-001073,03/03/2014,03-March,2-Monday,14:05,1400 Hours,District 1 (Central),AMES,STORY,US 69,US 69/LINCOLN WAY & SHERMAN AVE,Collision with:  Vehicle in traffic,On Roadway,Broadside (front to side),FTYROW:  From stop sign,None Indicated,,Daylight,Wet,Clear,None apparent,Intersection:  Four-way intersection,Paved,,Property Damage Only,0,0,0,0,0,0,16998,3,3,,POINT (-93.612020420796 42.022900456697)
2014808035,2014014979,03/03/2014,03-March,2-Monday,08:00,0800 Hours,District 2 (Northeast),WATERLOO,BLACK HAWK,US 20,US 20,Collision with fixed object:  Ditch,Median,Non-collision (single vehicle),Crossed centerline (undivided),None Indicated,,Daylight,Dry,Clear,None apparent,Non-intersection:  Non-junction/no special feature,Paved,,Property Damage Only,0,0,0,0,0,0,5000,2,2,,POINT (-92.322994063709 42.452682183023)
2014788660,2014-0156O,03/03/2014,03-March,2-Monday,12:36,1200 Hours,District 1 (Central),OGDEN,BOONE,,E MAPLE ST & NE 2ND ST,Collision with:  Vehicle in traffic,On Roadway,Broadside (front to side),Other (explain in narrative):  No improper action,None Indicated,,Daylight,Snow,Cloudy,None apparent,Intersection:  Four-way intersection,Paved,,Property Damage Only,0,0,0,0,0,0,5500,2,3,,POINT (-94.026683992341 42.042051231987)
2014789469,14-4009,03/03/2014,03-March,2-Monday,07:54,0700 Hours,District 6 (East Central),BETTENDORF,SCOTT,,MIDDLE RD & BELMONT RD,Collision with:  Vehicle in traffic,On Roadway,"Angle, oncoming left turn",FTYROW:  Making left turn,None Indicated,,Daylight,Dry,Clear,None apparent,Intersection:  Four-way intersection,Paved,,Minor Injury,0,3,0,2,1,0,5000,2,3,,POINT (-90.477664961468 41.554732317074)
2014789208,2014001937,03/03/2014,03-March,2-Monday,16:32,1600 Hours,District 1 (Central),MARSHALLTOWN,MARSHALL,IA 14,IA 14/3RD AVE/N 3RD AVE & E MAIN ST,Collision with:  Vehicle in traffic,On Roadway,"Angle, oncoming left turn",FTYROW:  Making left turn,None Indicated,,Daylight,Snow,Cloudy,None apparent,Intersection:  Four-way intersection,Paved,,Property Damage Only,0,0,0,0,0,0,28000,4,5,,POINT (-92.908040514006 42.049173358413)
2014791351,14-001620,03/03/2014,03-March,2-Monday,11:24,1100 Hours,District 4 (Southwest),ATLANTIC,CASS,US 6,US 6/7TH ST,Collision with:  Vehicle in traffic,On Roadway,Rear-end (front to rear),Driving too fast for conditions,None Indicated,,Daylight,Wet,Clear,"Surface condition (e.g., wet, icy)",Non-intersection:  Non-junction/no special feature,Paved,,Property Damage Only,0,0,0,0,0,0,5000,2,3,,POINT (-95.011768837691 41.403969459231)
2014789423,201403077,03/03/2014,03-March,2-Monday,10:00,1000 Hours,District 6 (East Central),CEDAR RAPIDS,LINN,,4TH AVE SE & 14TH ST SE,Collision with:  Parked motor vehicle,On Roadway,Rear-end (front to rear),Ran off road - left,None Indicated,,Daylight,Snow,Clear,"Surface condition (e.g., wet, icy)",Non-intersection:  Non-junction/no special feature,Paved,,Property Damage Only,0,0,0,0,0,0,2000,2,1,,POINT (-91.652756672433 41.98373375201)
2014789233,20140005791,03/03/2014,03-March,2-Monday,13:54,1300 Hours,District 1 (Central),DES MOINES,POLK,,MLK JR PKWY,Collision with:  Vehicle in traffic,On Roadway,"Sideswipe, same direction",FTYROW:  Other (explain in narrative),None Indicated,,Daylight,Wet,Clear,None apparent,Non-intersection:  Non-junction/no special feature,Paved,,Property Damage Only,0,0,0,0,0,0,2000,2,4,,POINT (-93.64388894449 41.603788292865)
2014788861,20140005733,03/03/2014,03-March,2-Monday,00:51,0000 Hours,District 1 (Central),DES MOINES,POLK,,E DIEHL AVE,Collision with:  Vehicle in traffic,On Roadway,Rear-end (front to rear),Lost Control,None Indicated,,Dark - roadway lighted,Snow,Clear,None apparent,Non-intersection:  Non-junction/no special feature,Paved,,Property Damage Only,0,0,0,0,0,0,6400,2,1,,POINT (-93.599885191261 41.532697622924)
2014790252,20140005761,03/03/2014,03-March,2-Monday,10:12,1000 Hours,District 1 (Central),DES MOINES,POLK,US 69,US 69/SE 14TH ST & E HARTFORD AVE,Collision with:  Vehicle in traffic,On Roadway,Rear-end (front to rear),Followed too close,None Indicated,,Daylight,Wet,Clear,None apparent,Non-intersection:  Non-junction/no special feature,Paved,,Possible/Unknown,0,1,0,0,1,0,2000,2,3,,POINT (-93.59692928767 41.569733066246)
2014789674,14-000315,03/03/2014,03-March,2-Monday,09:50,0900 Hours,District 1 (Central),AMES,STORY,,CESSNA ST & BEACH AVE & S 4TH ST,Collision with:  Vehicle in traffic,On Roadway,Rear-end (front to rear),Driving too fast for conditions,None Indicated,,Daylight,Ice/frost,Cloudy,"Surface condition (e.g., wet, icy)",Intersection:  Four-way intersection,Paved,,Property Damage Only,0,0,0,0,0,0,5500,2,2,,POINT (-93.639421013547 42.016212310113)
2014789152,01-14-8862,03/03/2014,03-March,2-Monday,07:45,0700 Hours,District 6 (East Central),DUBUQUE,DUBUQUE,US 20,US 20/DODGE ST,Collision with fixed object:  Bridge overhead structure,Roadside,Non-collision (single vehicle),Ran off road - right,None Indicated,,Daylight,Ice/frost,Clear,"Surface condition (e.g., wet, icy)",Non-intersection:  Other non-intersection (explain in narrative),Paved,,Property Damage Only,0,0,0,0,0,0,2700,1,1,,POINT (-90.660001922478 42.491630413462)