Iowa DOT Case Number,Law Enforcement Case Number,Date of Crash,Month of Crash,Day of Week,Time of Crash,Hour,DOT District,City Name,County Name,Route with System,Location Description,First Harmful Event,Location of First Harmful Event,Manner of Crash/Collision,Major Cause,Drug or Alcohol ,Environmental Conditions,Light Conditions,Surface Conditions,Weather Conditions,Roadway Contribution,Roadway Type,Roadway Surface,Work Zone,Crash Severity,Number of Fatalities,Number of Injuries,Number of Major Injuries,Number of Minor Injuries,Number of Possible Injuries,Number of Unknown Injuries,Amount of Property Damage,Number of Vehicles Involved,Total Number of Occupants,Travel Direction,Location
2014789310,,03/03/2014,03-March,2-Monday,08:19,0800 Hours,District 2 (Northeast),DAKOTA CITY,HUMBOLDT,,2ND AVE S & 4TH ST S,Collision with:  Vehicle in traffic,On Roadway,Broadside (front to side),Driving too fast for conditions,None Indicated,,Daylight,Ice/frost,Cloudy,"Surface condition (e.g., wet, icy)",Intersection:  Four-way intersection,Paved,,Possible/Unknown,0,1,0,0,1,0,7000,2,4,,POINT (-94.202637482969 42.719061735041)
2014794473,,03/03/2014,03-March,2-Monday,07:15,0700 Hours,District 4 (Southwest),,FREMONT,,200 ST,Collision with:  Vehicle in traffic,On Roadway,"Sideswipe, opposite direction",Crossed centerline (undivided),None Indicated,,Daylight,"Mud, dirt",Clear,None apparent,Non-intersection:  Non-junction/no special feature,Unpaved,,Property Damage Only,0,0,0,0,0,0,1500,2,2,,POINT (-95.672791006591 40.757762749608)
2014789253,14-008279,03/03/2014,03-March,2-Monday,12:25,1200 Hours,District 4 (Southwest),COUNCIL BLUFFS,POTTAWATTAMIE,,HARRY LANGDON BLVD,Collision with:  Vehicle in traffic,On Roadway,Rear-end (front to rear),Other (explain in narrative):  Other,None Indicated,,Daylight,Dry,Clear,None apparent,Non-intersection:  Non-junction/no special feature,Paved,,Property Damage Only,0,0,0,0,0,0,5000,2,2,,POINT (-95.847421255315 41.245428687631)
2014789839,14-6309,03/03/2014,03-March,2-Monday,13:00,1300 Hours,District 3 (Northwest),SIOUX CITY,WOODBURY,,S ST AUBIN ST,Collision with:  Vehicle in traffic,On Roadway,Broadside (front to side),FTYROW:  From driveway,None Indicated,,Daylight,Wet,Clear,None apparent,Non-intersection:  Driveway access (within),Paved,,Property Damage Only,0,0,0,0,0,0,5000,2,2,,POINT (-96.356030702874 42.464768418651)
2014789771,201403076,03/03/2014,03-March,2-Monday,09:19,0900 Hours,District 6 (East Central),CEDAR RAPIDS,LINN,,WENIG RD NE & WHITE PINE DR NE,Collision with:  Vehicle in traffic,On Roadway,Rear-end (front to rear),Lost Control,None Indicated,,Daylight,Snow,Cloudy,"Surface condition (e.g., wet, icy)",Intersection:  Other intersection (explain in narrative),Paved,,Property Damage Only,0,0,0,0,0,0,3000,2,2,,POINT (-91.679424313596 42.023915030522)
2014789156,14001382,03/03/2014,03-March,2-Monday,12:30,1200 Hours,District 1 (Central),WEBSTER CITY,HAMILTON,,KANTOR AVE & 250TH ST,Collision with:  Vehicle in traffic,On Roadway,"Sideswipe, opposite direction",Other (explain in narrative):  Other,None Indicated,,Daylight,Snow,Clear,Obstruction in roadway,Non-intersection:  Non-junction/no special feature,Unpaved,,Property Damage Only,0,0,0,0,0,0,12500,2,2,,POINT (-93.77725283979 42.427271000757)
2014789127,CL14000628,03/03/2014,03-March,2-Monday,06:38,0600 Hours,District 6 (East Central),CLINTON,CLINTON,,4TH AVE S & S 8TH ST,Collision with:  Parked motor vehicle,On Roadway,"Sideswipe, same direction",Lost Control,None Indicated,,Dawn,Snow,Clear,None apparent,Intersection:  Four-way intersection,Paved,,Property Damage Only,0,0,0,0,0,0,3000,2,1,,POINT (-90.204751720749 41.842244006055)
2014791252,K14-005666,03/03/2014,03-March,2-Monday,15:07,1500 Hours,District 5 (Southeast),KEOKUK,LEE,,BOULEVARD RD & ARMORY RD,Collision with:  Vehicle in traffic,On Roadway,Broadside (front to side),FTYROW:  From driveway,None Indicated,,Daylight,Wet,Cloudy,None apparent,Non-intersection:  Driveway access (within),Paved,,Property Damage Only,0,0,0,0,0,0,6000,2,4,,POINT (-91.401870694887 40.416126613997)
2014789890,14021039,03/03/2014,03-March,2-Monday,09:13,0900 Hours,District 2 (Northeast),CEDAR FALLS,BLACK HAWK,,11TH ST & TREMONT ST,Collision with:  Vehicle in traffic,On Roadway,Broadside (front to side),FTYROW:  From yield sign,None Indicated,,Daylight,Ice/frost,Clear,None apparent,Intersection:  Four-way intersection,Paved,,Property Damage Only,0,0,0,0,0,0,7000,2,2,,POINT (-92.450849645859 42.528673025907)
2014789226,20140005827,03/03/2014,03-March,2-Monday,19:41,1900 Hours,District 1 (Central),DES MOINES,POLK,US 6,US 6/E EUCLID AVE,Collision with:  Vehicle in traffic,On Roadway,Broadside (front to side),FTYROW:  From stop sign,Refused,,Dark - roadway lighted,Snow,Clear,None apparent,Intersection:  Other intersection (explain in narrative),Paved,,Possible/Unknown,0,1,0,0,1,0,10000,2,4,,POINT (-93.608940521848 41.62771272162)
2014790154,,03/03/2014,03-March,2-Monday,11:48,1100 Hours,District 2 (Northeast),CHARLES CITY,FLOYD,US 18,US 18 & COMMERCIAL ST,Collision with:  Vehicle in traffic,On Roadway,Broadside (front to side),FTYROW:  From stop sign,None Indicated,,Daylight,Ice/frost,Clear,None apparent,Intersection:  T-intersection,Paved,,Possible/Unknown,0,2,0,0,2,0,9000,2,3,,POINT (-92.64880584511 43.067315920046)
2014789210,14-008942,03/03/2014,03-March,2-Monday,07:44,0700 Hours,District 5 (Southeast),MUSCATINE,MUSCATINE,,W 8TH ST & E 8TH ST & IOWA AVE,Collision with:  Vehicle in traffic,On Roadway,Broadside (front to side),Ran Stop Sign,None Indicated,,Daylight,Wet,Clear,None apparent,Intersection:  Four-way intersection,Paved,,Property Damage Only,0,0,0,0,0,0,3700,2,5,,POINT (-91.050374713198 41.426079803273)
2014790424,20140005747,03/03/2014,03-March,2-Monday,08:00,0800 Hours,District 1 (Central),DES MOINES,POLK,,E TIFFIN AVE & E 29TH ST,Collision with:  Vehicle in traffic,On Roadway,Rear-end (front to rear),Driving too fast for conditions,None Indicated,,Daylight,Ice/frost,Clear,"Surface condition (e.g., wet, icy)",Non-intersection:  Non-junction/no special feature,Paved,,Property Damage Only,0,0,0,0,0,0,4700,2,2,,POINT (-93.56127331398 41.62406423356)
2014789892,14021001,03/03/2014,03-March,2-Monday,07:27,0700 Hours,District 2 (Northeast),CEDAR FALLS,BLACK HAWK,,ORCHARD DR & ROWND ST,Collision with:  Vehicle in traffic,On Roadway,Broadside (front to side),FTYROW:  From stop sign,None Indicated,,Daylight,Ice/frost,Clear,"Surface condition (e.g., wet, icy)",Intersection:  Four-way intersection,Paved,,Minor Injury,0,2,0,2,0,0,10040,2,2,,POINT (-92.421059093087 42.505813737814)
2014789893,14021029,03/03/2014,03-March,2-Monday,08:51,0800 Hours,District 2 (Northeast),CEDAR FALLS,BLACK HAWK,,VALLEY HIGH DR & ROWND ST,Collision with:  Vehicle in traffic,On Roadway,Rear-end (front to rear),Driving too fast for conditions,None Indicated,,Daylight,Ice/frost,Clear,"Surface condition (e.g., wet, icy)",Non-intersection:  Non-junction/no special feature,Paved,,Property Damage Only,0,0,0,0,0,0,5000,2,3,,POINT (-92.421114385201 42.50113998892)
2014789490,14-6277,03/03/2014,03-March,2-Monday,09:56,0900 Hours,District 3 (Northwest),SIOUX CITY,WOODBURY,,S LAKEPORT ST & GLENN AVE,Collision with:  Vehicle in traffic,On Roadway,"Angle, oncoming left turn",FTYROW:  Making left turn,None Indicated,,Daylight,Wet,Cloudy,None apparent,Intersection:  Four-way intersection,Paved,,Minor Injury,0,1,0,1,0,0,10400,2,4,,POINT (-96.346464238885 42.465543690645)
2014789145,01-14-8973,03/03/2014,03-March,2-Monday,21:19,2100 Hours,District 6 (East Central),DUBUQUE,DUBUQUE,,Co Rd D29/NORTH CASCADE RD,Collision with:  Animal,On Roadway,Non-collision (single vehicle),Animal,None Indicated,,Dark - roadway not lighted,Dry,Clear,None apparent,Non-intersection:  Non-junction/no special feature,Paved,,Minor Injury,0,1,0,1,0,0,4750,1,1,,POINT (-90.733841963395 42.463190445292)
2014789489,14-6272,03/03/2014,03-March,2-Monday,09:10,0900 Hours,District 3 (Northwest),SIOUX CITY,WOODBURY,IA 376,IA 376/SINGING HILLS BLVD & S YORK ST,Collision with:  Vehicle in traffic,On Roadway,Broadside (front to side),Ran Traffic Signal,None Indicated,,Daylight,Wet,Cloudy,None apparent,Intersection:  Four-way intersection,Paved,,Property Damage Only,0,0,0,0,0,0,8000,2,3,,POINT (-96.372374907982 42.434861269889)
2014789722,2O1400872,03/03/2014,03-March,2-Monday,19:20,1900 Hours,District 1 (Central),,BOONE,,Co Rd E18/130TH ST,Collision with:  Animal,,,Animal,None Indicated,,,,,,,Paved,,Property Damage Only,0,0,0,0,0,0,2700,1,1,,POINT (-93.960626907031 42.166884079229)
2014790312,14001076,03/03/2014,03-March,2-Monday,15:07,1500 Hours,District 1 (Central),AMES,STORY,US 69,US 69/GRAND AVE & 13TH ST,Collision with:  Vehicle in traffic,On Roadway,Broadside (front to side),Ran Traffic Signal,None Indicated,,Daylight,Wet,Clear,None apparent,Intersection:  Four-way intersection,Paved,,Property Damage Only,0,0,0,0,0,0,6000,2,2,,POINT (-93.620359342766 42.034537208013)
2014789197,14-004646,03/03/2014,03-March,2-Monday,19:00,1900 Hours,District 5 (Southeast),,MARION,,Co Rd G28/HWY G28,Collision with:  Animal,,,Animal,None Indicated,,,,,,,Paved,,Property Damage Only,0,0,0,0,0,0,2000,1,1,,POINT (-92.986300835248 41.407255683746)
2014790409,A14-015,03/03/2014,03-March,2-Monday,11:10,1100 Hours,District 4 (Southwest),WINTERSET,MADISON,,W MILLS ST,Collision with fixed object:  Mailbox,Shoulder,Non-collision (single vehicle),Over correcting/over steering,None Indicated,,Daylight,Snow,Cloudy,"Surface condition (e.g., wet, icy)",Intersection:  T-intersection,Paved,,Property Damage Only,0,0,0,0,0,0,2500,1,1,,POINT (-94.02274084881 41.342396925026)
2014899588,NT-14-035,03/03/2014,03-March,2-Monday,10:00,1000 Hours,District 1 (Central),NEVADA,STORY,,M AVE & 4TH ST,Collision with:  Vehicle in traffic,On Roadway,Broadside (front to side),FTYROW:  At uncontrolled intersection,None Indicated,,Daylight,Snow,Clear,"Surface condition (e.g., wet, icy)",Intersection:  Four-way intersection,Paved,,Property Damage Only,0,0,0,0,0,0,4500,2,2,,POINT (-93.455059647166 42.023720117185)
2014788791,14-1399,03/03/2014,03-March,2-Monday,08:10,0800 Hours,District 1 (Central),DES MOINES,POLK,IA 415,IA 415/2ND AVE & NW 43RD AVE,Collision with:  Vehicle in traffic,On Roadway,Rear-end (front to rear),Followed too close,None Indicated,,Daylight,Wet,Clear,None apparent,Non-intersection:  Non-junction/no special feature,Paved,,Property Damage Only,0,0,0,0,0,0,5500,2,2,,POINT (-93.61995677043 41.638543520807)
2014797999,141345PD,03/03/2014,03-March,2-Monday,14:15,1400 Hours,District 1 (Central),BOONE,BOONE,,HANCOCK DR,Collision with:  Vehicle in traffic,On Roadway,Rear-end (front to rear),Driving too fast for conditions,None Indicated,,Daylight,Snow,Cloudy,"Surface condition (e.g., wet, icy)",Non-intersection:  Non-junction/no special feature,Paved,,Possible/Unknown,0,1,0,0,1,0,500,2,3,,POINT (-93.878046872489 42.045698393558)
2014791096,2014-12999,03/03/2014,03-March,2-Monday,13:41,1300 Hours,District 6 (East Central),DAVENPORT,SCOTT,,HAYES CT & MARQUETTE ST,Collision with:  Vehicle in traffic,On Roadway,Rear-end (front to rear),Swerving/Evasive Action,None Indicated,,Daylight,Dry,Clear,None apparent,Non-intersection:  Non-junction/no special feature,Paved,,Property Damage Only,0,0,0,0,0,0,16000,2,2,,POINT (-90.591220017841 41.54708143607)
2014788795,14-1398,03/03/2014,03-March,2-Monday,07:38,0700 Hours,District 1 (Central),,POLK,,Co Rd R6F/NW 66TH AVE,Collision with:  Vehicle in traffic,On Roadway,"Sideswipe, same direction",FTYROW:  Other (explain in narrative),None Indicated,,Daylight,Dry,Clear,None apparent,Non-intersection:  Driveway access (within),Paved,,Property Damage Only,0,0,0,0,0,0,8600,2,2,,POINT (-93.634258686641 41.680330674148)
2014793402,2014-13006,03/03/2014,03-March,2-Monday,14:42,1400 Hours,District 6 (East Central),DAVENPORT,SCOTT,US 67,US 67/E RIVER DR & BRIDGE AVE,Collision with:  Vehicle in traffic,On Roadway,"Sideswipe, same direction",Made improper turn,None Indicated,,Daylight,Dry,Clear,None apparent,Non-intersection:  Non-junction/no special feature,Paved,,Property Damage Only,0,0,0,0,0,0,2500,2,2,,POINT (-90.557806880384 41.527030519479)
2014788748,14-5130,03/03/2014,03-March,2-Monday,10:01,1000 Hours,District 1 (Central),NEWTON,JASPER,,N 3RD AVE W & W 16TH ST N,Collision with:  Vehicle in traffic,On Roadway,Head-on (front to front),FTYROW:  Other (explain in narrative),None Indicated,,Daylight,Snow,Clear,None apparent,Non-intersection:  Non-junction/no special feature,Paved,,Property Damage Only,0,0,0,0,0,0,3000,2,2,,POINT (-93.072796927881 41.701098859931)
2014789687,2014014960,03/03/2014,03-March,2-Monday,04:45,0400 Hours,District 6 (East Central),EARLVILLE,DELAWARE,,SOUTH SIDE RD & S WILLIAM ST,Collision with:  Other non-fixed object (explain in narrative),On Roadway,Broadside (front to side),FTYROW:  Other (explain in narrative),None Indicated,,Dark - roadway lighted,Snow,Clear,None apparent,Non-intersection:  Railroad grade crossing,Paved,,Fatal,1,0,0,0,0,0,15000,2,2,,POINT (-91.271028168379 42.480940401666)
2014789425,201403084,03/03/2014,03-March,2-Monday,11:39,1100 Hours,District 6 (East Central),CEDAR RAPIDS,LINN,,20TH AVE SW & 12TH ST SW,Collision with:  Vehicle in traffic,On Roadway,Broadside (front to side),Separation of units,None Indicated,,Daylight,Snow,Clear,"Surface condition (e.g., wet, icy)",Non-intersection:  Non-junction/no special feature,Paved,,Property Damage Only,0,0,0,0,0,0,3000,2,2,,POINT (-91.685765541691 41.958790286788)
2014789166,SO1400694,03/03/2014,03-March,2-Monday,18:33,1800 Hours,District 5 (Southeast),,JEFFERSON,,Co Rd H33/BROOKVILLE RD,Collision with:  Animal,,,Animal,None Indicated,,,,,,,Paved,,Property Damage Only,0,0,0,0,0,0,1500,1,1,,POINT (-92.05717230445 41.044832076207)
2014789476,14-001062,03/03/2014,03-March,2-Monday,08:16,0800 Hours,District 1 (Central),AMES,STORY,,E 14TH ST & CARROLL AVE,Collision with:  Vehicle in traffic,On Roadway,Broadside (front to side),FTYROW:  At uncontrolled intersection,None Indicated,,Daylight,Ice/frost,Clear,"Surface condition (e.g., wet, icy)",Non-intersection:  Non-junction/no special feature,Paved,,Property Damage Only,0,0,0,0,0,0,10500,3,2,,POINT (-93.608978113581 42.035723977897)
2014790543,,03/03/2014,03-March,2-Monday,08:00,0800 Hours,District 6 (East Central),CEDAR RAPIDS,LINN,,66TH AVE SW & 6TH ST SW,Collision with:  Vehicle in traffic,On Roadway,Rear-end (front to rear),Unknown,None Indicated,,Daylight,Wet,Clear,,Intersection:  Four-way intersection,Paved,,Minor Injury,0,1,0,1,0,0,13567,2,2,,POINT (-91.67634216776 41.914433048019)
2014789409,2014002387,03/03/2014,03-March,2-Monday,08:42,0800 Hours,District 6 (East Central),IOWA CITY,JOHNSON,US 6,US 6 & SYCAMORE ST,Collision with:  Vehicle in traffic,On Roadway,Rear-end (front to rear),Driving too fast for conditions,None Indicated,,Daylight,Ice/frost,Clear,"Surface condition (e.g., wet, icy)",Intersection:  Four-way intersection,Paved,,Property Damage Only,0,0,0,0,0,0,4500,2,2,,POINT (-91.511630523247 41.641143928478)
2014789105,W14-020999,03/03/2014,03-March,2-Monday,07:25,0700 Hours,District 2 (Northeast),WATERLOO,BLACK HAWK,,E 2ND ST & FRANKLIN ST,Collision with:  Vehicle in traffic,On Roadway,Rear-end (front to rear),Driving too fast for conditions,None Indicated,,Daylight,Ice/frost,Clear,"Surface condition (e.g., wet, icy)",Non-intersection:  Non-junction/no special feature,Paved,,Property Damage Only,0,0,0,0,0,0,2600,3,3,,POINT (-92.336329529982 42.502697669845)
2014789495,14-6339,03/03/2014,03-March,2-Monday,15:45,1500 Hours,District 3 (Northwest),SIOUX CITY,WOODBURY,,TRANSIT AVE & S PAXTON ST,Collision with:  Vehicle in traffic,On Roadway,"Angle, oncoming left turn",Crossed centerline (undivided),None Indicated,,Daylight,Dry,Cloudy,None apparent,Intersection:  Four-way intersection,Paved,,Property Damage Only,0,0,0,0,0,0,4000,2,3,,POINT (-96.365761409306 42.470461784178)
2014789141,01-14-8856,03/03/2014,03-March,2-Monday,07:05,0700 Hours,District 6 (East Central),DUBUQUE,DUBUQUE,US 20,US 20/DODGE ST,Collision with fixed object:  Bridge overhead structure,On Roadway,Non-collision (single vehicle),Ran off road - right,None Indicated,,Daylight,Ice/frost,Clear,"Surface condition (e.g., wet, icy)",Non-intersection:  Non-junction/no special feature,Paved,,Property Damage Only,0,0,0,0,0,0,2700,1,1,,POINT (-90.659965445982 42.491629669161)
2014789939,14-07168,03/03/2014,03-March,2-Monday,05:32,0500 Hours,District 5 (Southeast),,DES MOINES,US 61,US 61,Non-collision events:  Other non-collision (explain in narrative),Shoulder,Non-collision (single vehicle),Crossed centerline (undivided),None Indicated,,Dawn,Other (explain in narrative),"Blowing sand, soil, dirt","Surface condition (e.g., wet, icy)",Non-intersection:  Non-junction/no special feature,Paved,,Property Damage Only,0,0,0,0,0,0,1500,1,1,,POINT (-91.158506844591 40.862369778613)
2014789721,W14-022501,03/03/2014,03-March,2-Monday,06:50,0600 Hours,District 2 (Northeast),WATERLOO,BLACK HAWK,US 218,US 218,Collision with fixed object:  Curb/island/raised median,On Roadway,Non-collision (single vehicle),Swerving/Evasive Action,None Indicated,,Daylight,Ice/frost,Clear,"Surface condition (e.g., wet, icy)",Non-intersection:  Other non-intersection (explain in narrative),Paved,,Property Damage Only,0,0,0,0,0,0,1800,1,1,,POINT (-92.343356618293 42.494128576245)
2014789598,14-001474,03/03/2014,03-March,2-Monday,12:31,1200 Hours,District 5 (Southeast),,LOUISA,,Co Rd W66/90TH ST,Collision with:  Vehicle in traffic,On Roadway,Rear-end (front to rear),Followed too close,None Indicated,,Daylight,Dry,Cloudy,None apparent,Non-intersection:  Non-junction/no special feature,Paved,,Possible/Unknown,0,1,0,0,1,0,11500,2,3,,POINT (-91.460576241853 41.191265593069)
2014789200,2014001918,03/03/2014,03-March,2-Monday,09:13,0900 Hours,District 1 (Central),MARSHALLTOWN,MARSHALL,IA 14,IA 14/E ANSON ST/S 3RD AVE,Collision with:  Vehicle in traffic,On Roadway,Broadside (front to side),Ran Traffic Signal,None Indicated,,Daylight,Snow,Cloudy,None apparent,Intersection:  Four-way intersection,Paved,,Possible/Unknown,0,1,0,0,1,0,11000,2,4,,POINT (-92.907875153588 42.038167163245)
2014795140,ACC14-007,03/03/2014,03-March,2-Monday,07:20,0700 Hours,District 2 (Northeast),CRESCO,HOWARD,,8TH ST E,Collision with:  Vehicle in traffic,On Roadway,Broadside (front to side),FTYROW:  From driveway,None Indicated,,Daylight,Snow,Clear,None apparent,Non-intersection:  Driveway access (within),Paved,,Property Damage Only,0,0,0,0,0,0,2700,2,2,,POINT (-92.105217806988 43.376089396713)
2014789700,,03/03/2014,03-March,2-Monday,10:10,1000 Hours,District 5 (Southeast),NEW SHARON,MAHASKA,,S MULBERRY ST,Collision with fixed object:  Utility pole/light support,Shoulder,Non-collision (single vehicle),Lost Control,None Indicated,,Daylight,Snow,Clear,"Surface condition (e.g., wet, icy)",Intersection:  Four-way intersection,Paved,,Possible/Unknown,0,1,0,0,1,0,1500,1,2,,POINT (-92.649161720839 41.466594692819)
2014788697,14-7195,03/03/2014,03-March,2-Monday,10:15,1000 Hours,District 5 (Southeast),BURLINGTON,DES MOINES,,DIVISION ST & CENTRAL AVE,Collision with:  Vehicle in traffic,On Roadway,Rear-end (front to rear),Other (explain in narrative):  Other,None Indicated,,Daylight,Wet,Clear,None apparent,Intersection:  Four-way intersection,Paved,,Property Damage Only,0,0,0,0,0,0,3750,2,3,,POINT (-91.1128965002 40.807666761724)
2014789110,W14-021024,03/03/2014,03-March,2-Monday,08:30,0800 Hours,District 2 (Northeast),WATERLOO,BLACK HAWK,US 63,US 63/E 1ST ST & MULBERRY ST,Collision with:  Vehicle in traffic,On Roadway,Broadside (front to side),Ran Traffic Signal,None Indicated,,Daylight,Snow,Clear,None apparent,Intersection:  Four-way intersection,Paved,,Property Damage Only,0,0,0,0,0,0,18000,2,3,,POINT (-92.338326672809 42.502592142083)
2014789144,01-14-8883,03/03/2014,03-March,2-Monday,10:01,1000 Hours,District 6 (East Central),DUBUQUE,DUBUQUE,US 52,US 52/CENTRAL AVE & W 15TH ST & E 15TH ST,Collision with:  Vehicle in traffic,On Roadway,"Sideswipe, same direction",Made improper turn,None Indicated,,Daylight,Wet,Clear,None apparent,Non-intersection:  Non-junction/no special feature,Paved,,Property Damage Only,0,0,0,0,0,0,7000,2,2,,POINT (-90.66819773137 42.507160447911)
2014789338,W14-020992,03/03/2014,03-March,2-Monday,06:38,0600 Hours,District 2 (Northeast),WATERLOO,BLACK HAWK,US 218,US 218 & W 4TH ST,Collision with:  Vehicle in traffic,On Roadway,Rear-end (front to rear),Driving too fast for conditions,None Indicated,,Daylight,Ice/frost,Clear,None apparent,Non-intersection:  Non-junction/no special feature,Paved,,Property Damage Only,0,0,0,0,0,0,11020,2,3,,POINT (-92.342051574639 42.493247524164)
2014789889,14021038,03/03/2014,03-March,2-Monday,09:11,0900 Hours,District 2 (Northeast),CEDAR FALLS,BLACK HAWK,,ORCHARD DR,Collision with:  Vehicle in traffic,On Roadway,Broadside (front to side),Driving too fast for conditions,None Indicated,,Daylight,Ice/frost,Clear,"Surface condition (e.g., wet, icy)",Intersection:  Four-way intersection,Paved,,Minor Injury,0,1,0,1,0,0,4000,2,4,,POINT (-92.421168631721 42.50581429117)
2014789563,2965-14,03/03/2014,03-March,2-Monday,16:58,1600 Hours,District 3 (Northwest),SPENCER,CLAY,,W 9TH ST & 2ND AVE W,Collision with:  Vehicle in traffic,On Roadway,Broadside (front to side),Ran Stop Sign,None Indicated,,Daylight,Snow,Cloudy,None apparent,Intersection:  Four-way intersection,Paved,,Property Damage Only,0,0,0,0,0,0,6800,2,2,,POINT (-95.147879611595 43.146617844905)
2014788842,20140005744,03/03/2014,03-March,2-Monday,07:35,0700 Hours,District 1 (Central),DES MOINES,POLK,I-235,I-235 & 3RD ST,Collision with:  Vehicle in traffic,On Roadway,Rear-end (front to rear),Unknown,None Indicated,,Daylight,Snow,Clear,"Surface condition (e.g., wet, icy)",Non-intersection:  Non-junction/no special feature,Paved,,Property Damage Only,0,0,0,0,0,0,6000,5,6,,POINT (-93.621598999757 41.595759426479)
2014793593,,03/03/2014,03-March,2-Monday,18:43,1800 Hours,District 2 (Northeast),DECORAH,WINNESHIEK,,,Collision with:  Vehicle in traffic,On Roadway,"Sideswipe, same direction",Made improper turn,None Indicated,,Dark - roadway not lighted,Dry,Cloudy,None apparent,Non-intersection:  Non-junction/no special feature,,,Property Damage Only,0,0,0,0,0,0,2800,2,2,,POINT (-96.643700149993 40.233091251414)
2014789255,14-008301,03/03/2014,03-March,2-Monday,16:46,1600 Hours,District 4 (Southwest),COUNCIL BLUFFS,POTTAWATTAMIE,,WILLOW AVE & PEARL ST,Collision with:  Vehicle in traffic,On Roadway,"Sideswipe, same direction",FTYROW:  From parked position,None Indicated,,Daylight,Dry,Cloudy,None apparent,Non-intersection:  Non-junction/no special feature,Paved,,Property Damage Only,0,0,0,0,0,0,1800,2,2,,POINT (-95.851029976547 41.25843458066)
2014789250,14-008246,03/03/2014,03-March,2-Monday,07:44,0700 Hours,District 4 (Southwest),COUNCIL BLUFFS,POTTAWATTAMIE,,AVE E & N 24TH ST,Collision with:  Vehicle in traffic,On Roadway,Rear-end (front to rear),Crossed centerline (undivided),None Indicated,,Daylight,Snow,Clear,None apparent,Non-intersection:  Non-junction/no special feature,Paved,,Property Damage Only,0,0,0,0,0,0,3300,2,2,,POINT (-95.879600719256 41.266260971386)
2014789229,20140005836,03/03/2014,03-March,2-Monday,21:30,2100 Hours,District 1 (Central),DES MOINES,POLK,,E GRAND AVE & E 26TH ST,Collision with:  Vehicle in traffic,On Roadway,Broadside (front to side),Ran Stop Sign,None Indicated,,Dark - roadway lighted,Snow,Cloudy,None apparent,Intersection:  Four-way intersection,Paved,,Possible/Unknown,0,1,0,0,1,0,2000,2,2,,POINT (-93.567973459724 41.595532453661)
2014789637,2014-4217,03/03/2014,03-March,2-Monday,15:05,1500 Hours,District 6 (East Central),,SCOTT,US 67,US 67/GREAT RIVER RD,Collision with fixed object:  Ditch,Shoulder,Non-collision (single vehicle),Swerving/Evasive Action,None Indicated,,Daylight,Dry,Clear,"Surface condition (e.g., wet, icy)",Non-intersection:  Non-junction/no special feature,Paved,,Property Damage Only,0,0,0,0,0,0,12000,1,1,,POINT (-90.346142666781 41.614840274359)
2014790485,201400010425,03/03/2014,03-March,2-Monday,13:30,1300 Hours,District 5 (Southeast),OTTUMWA,WAPELLO,,BARDELL ST,Collision with:  Vehicle in traffic,On Roadway,Broadside (front to side),FTYROW:  From driveway,None Indicated,,Daylight,Snow,Clear,"Surface condition (e.g., wet, icy)",Non-intersection:  Driveway access (within),Paved,,Property Damage Only,0,0,0,0,0,0,4500,2,2,,POINT (-92.416668937899 41.009648583434)
2014789189,14004452,03/03/2014,03-March,2-Monday,15:37,1500 Hours,District 6 (East Central),MARION,LINN,,10TH ST,Collision with:  Vehicle in traffic,On Roadway,Broadside (front to side),FTYROW:  From stop sign,None Indicated,,Daylight,"Mud, dirt",Clear,None apparent,Non-intersection:  Driveway access (within),Paved,,Property Damage Only,0,0,0,0,0,0,4500,2,2,,POINT (-91.599428750878 42.055137239346)
2014789608,14-001019,03/03/2014,03-March,2-Monday,07:15,0700 Hours,District 1 (Central),ANKENY,POLK,,NW 13TH ST & NW BOULDER RIDGE LN,Collision with:  Parked motor vehicle,On Roadway,Rear-end (front to rear),Other (explain in narrative):  Vision obstructed,None Indicated,,Daylight,Snow,Clear,None apparent,Non-intersection:  Non-junction/no special feature,Paved,,Property Damage Only,0,0,0,0,0,0,2200,2,1,,POINT (-93.642058064012 41.742120807961)
2014789223,14-001028,03/03/2014,03-March,2-Monday,17:35,1700 Hours,District 1 (Central),ANKENY,POLK,,SE HULSIZER DR,Collision with:  Vehicle in traffic,On Roadway,Rear-end (front to rear),Exceeded authorized speed,None Indicated,,Dusk,Dry,Clear,None apparent,Non-intersection:  Driveway access (within),Paved,,Property Damage Only,0,0,0,0,0,0,1500,2,2,,POINT (-93.585994391914 41.71064356126)
2014788879,20140005745,03/03/2014,03-March,2-Monday,07:55,0700 Hours,District 1 (Central),DES MOINES,POLK,IA 163,IA 163/E UNIVERSITY AVE,Collision with:  Vehicle in traffic,On Roadway,Rear-end (front to rear),Followed too close,None Indicated,,Daylight,Wet,Clear,None apparent,Non-intersection:  Non-junction/no special feature,Paved,,Minor Injury,0,1,0,1,0,0,5000,3,4,,POINT (-93.588875424563 41.600786601273)
2014789825,14-4104,03/04/2014,03-March,3-Tuesday,10:19,1000 Hours,District 6 (East Central),BETTENDORF,SCOTT,I-74,I-74,Collision with:  Vehicle in traffic,On Roadway,Rear-end (front to rear),Other (explain in narrative):  Other,None Indicated,,Daylight,Dry,Clear,None apparent,Non-intersection:  Other non-intersection (explain in narrative),Paved,,Possible/Unknown,0,1,0,0,1,0,16000,3,4,,POINT (-90.513559717916 41.525739562023)
2014789428,14004522,03/04/2014,03-March,3-Tuesday,17:48,1700 Hours,District 6 (East Central),MARION,LINN,,31ST ST & 7TH AVE,Collision with:  Vehicle in traffic,On Roadway,Broadside (front to side),Ran Traffic Signal,None Indicated,,Daylight,Wet,Clear,None apparent,Intersection:  Four-way intersection,Paved,,Property Damage Only,0,0,0,0,0,0,16100,3,4,,POINT (-91.579387152667 42.033672012386)