Iowa DOT Case Number,Law Enforcement Case Number,Date of Crash,Month of Crash,Day of Week,Time of Crash,Hour,DOT District,City Name,County Name,Route with System,Location Description,First Harmful Event,Location of First Harmful Event,Manner of Crash/Collision,Major Cause,Drug or Alcohol ,Environmental Conditions,Light Conditions,Surface Conditions,Weather Conditions,Roadway Contribution,Roadway Type,Roadway Surface,Work Zone,Crash Severity,Number of Fatalities,Number of Injuries,Number of Major Injuries,Number of Minor Injuries,Number of Possible Injuries,Number of Unknown Injuries,Amount of Property Damage,Number of Vehicles Involved,Total Number of Occupants,Travel Direction,Location
2014789744,02-14-3729,03/04/2014,03-March,3-Tuesday,08:15,0800 Hours,District 6 (East Central),,DUBUQUE,,Co Rd Y17/NORTH CASCADE RD,Collision with fixed object:  Ditch,Roadside,Non-collision (single vehicle),Ran off road - right,None Indicated,,Daylight,Snow,Cloudy,"Surface condition (e.g., wet, icy)",Non-intersection:  Non-junction/no special feature,Paved,,Possible/Unknown,0,1,0,0,1,0,3000,1,1,,POINT (-90.96827443076 42.338232561322)
2014790211,40-2014,03/04/2014,03-March,3-Tuesday,22:30,2200 Hours,District 4 (Southwest),,HARRISON,,Co Rd F50/260TH ST & Co Rd L23/LAREDO AVE,Collision with fixed object:  Ditch,On Roadway,Non-collision (single vehicle),Driving too fast for conditions,None Indicated,,Dark - roadway not lighted,Dry,Cloudy,None apparent,Intersection:  T-intersection,Paved,,Possible/Unknown,0,1,0,0,0,1,5000,1,1,,POINT (-95.895286278407 41.631865952545)
2014789896,14021370,03/04/2014,03-March,3-Tuesday,08:16,0800 Hours,District 2 (Northeast),CEDAR FALLS,BLACK HAWK,IA 27,IA 27,Collision with fixed object:  Concrete traffic barrier (median or right side),On Roadway,Rear-end (front to rear),Driving too fast for conditions,None Indicated,,Daylight,Ice/frost,Clear,"Surface condition (e.g., wet, icy)","Interchange-related:  Off-ramp, diverge area",Paved,,Minor Injury,0,1,0,1,0,0,10500,3,3,,POINT (-92.426846979471 42.533085402738)
2014790920,14-001803,03/04/2014,03-March,3-Tuesday,10:20,1000 Hours,District 6 (East Central),INDEPENDENCE,BUCHANAN,,2ND ST NW & 7TH AVE NW,Collision with:  Vehicle in traffic,On Roadway,Broadside (front to side),FTYROW:  At uncontrolled intersection,None Indicated,,Daylight,Snow,Clear,None apparent,Intersection:  Four-way intersection,Paved,,Possible/Unknown,0,1,0,0,1,0,8500,2,8,,POINT (-91.901448874043 42.46953598265)
2014790587,C14000681,03/04/2014,03-March,3-Tuesday,11:05,1100 Hours,District 6 (East Central),CORALVILLE,JOHNSON,,9TH ST & 12TH AVE,Collision with:  Vehicle in traffic,On Roadway,Broadside (front to side),FTYROW:  From stop sign,None Indicated,,Daylight,Wet,Clear,None apparent,Intersection:  Four-way intersection,Paved,,Property Damage Only,0,0,0,0,0,0,5500,2,5,,POINT (-91.580998380146 41.684209540166)
2014789164,2014-0948,03/04/2014,03-March,3-Tuesday,07:37,0700 Hours,District 1 (Central),ALDEN,HARDIN,,ST HWY 359 & GRAND AVE & MAIN ST,Non-collision events:  Overturn/rollover,On Roadway,Non-collision (single vehicle),Swerving/Evasive Action,None Indicated,,Daylight,Snow,Clear,None apparent,Intersection:  Four-way intersection,Paved,,Property Damage Only,0,0,0,0,0,0,3200,1,1,,POINT (-93.380924234659 42.514216893357)
2014789460,14-0484,03/04/2014,03-March,3-Tuesday,11:25,1100 Hours,District 1 (Central),URBANDALE,POLK,,ROSELAND DR & 72ND ST,Collision with:  Vehicle in traffic,On Roadway,Rear-end (front to rear),Other (explain in narrative):  Other,None Indicated,,Daylight,Dry,Clear,None apparent,Non-intersection:  Non-junction/no special feature,Paved,,Property Damage Only,0,0,0,0,0,0,13000,2,2,,POINT (-93.717107076975 41.625755774775)
2014789230,20140005856,03/04/2014,03-March,3-Tuesday,06:58,0600 Hours,District 1 (Central),DES MOINES,POLK,,LOOMIS AVE & SW 12TH ST,Collision with fixed object:  Utility pole/light support,Shoulder,Non-collision (single vehicle),Ran off road - right,None Indicated,,Daylight,Ice/frost,Clear,"Surface condition (e.g., wet, icy)",Intersection:  T-intersection,Paved,,Minor Injury,0,1,0,1,0,0,8000,1,3,,POINT (-93.630598410982 41.561248622508)
2014790068,S14-000604,03/04/2014,03-March,3-Tuesday,16:32,1600 Hours,District 4 (Southwest),,POTTAWATTAMIE,,LIME KILN RD,Collision with:  Vehicle in traffic,On Roadway,"Sideswipe, same direction",Traveling wrong way or on wrong side of road,None Indicated,,Daylight,Snow,Cloudy,None apparent,Non-intersection:  Non-junction/no special feature,Unpaved,,Property Damage Only,0,0,0,0,0,0,4000,2,3,,POINT (-95.86281871101 41.33531686014)
2014789549,W14-021430,03/04/2014,03-March,3-Tuesday,10:14,1000 Hours,District 2 (Northeast),WATERLOO,BLACK HAWK,,E RIDGEWAY AVE & W 9TH ST,Collision with:  Vehicle in traffic,On Roadway,Rear-end (front to rear),Followed too close,None Indicated,,Daylight,Snow,Clear,"Surface condition (e.g., wet, icy)",Intersection:  Four-way intersection,Paved,,Possible/Unknown,0,2,0,0,2,0,3000,2,2,,POINT (-92.342617919553 42.469376250328)
2014789218,14-1434,03/04/2014,03-March,3-Tuesday,09:22,0900 Hours,District 1 (Central),,POLK,,NE 3RD ST & NE 54TH AVE,Collision with:  Vehicle in traffic,On Roadway,Broadside (front to side),FTYROW:  From stop sign,None Indicated,,Daylight,Dry,Clear,None apparent,Intersection:  Four-way intersection,Paved,,Property Damage Only,0,0,0,0,0,0,2000,2,2,,POINT (-93.615140487349 41.658583302742)
2014789342,14-057,03/04/2014,03-March,3-Tuesday,07:08,0700 Hours,District 2 (Northeast),WAVERLY,BREMER,IA 116,IA 116/4TH ST SW & 8TH AVE SW,Non-collision events:  Other non-collision (explain in narrative),On Roadway,Rear-end (front to rear),Followed too close,None Indicated,,Daylight,Snow,Cloudy,None apparent,Intersection:  Other intersection (explain in narrative),Paved,,Property Damage Only,0,0,0,0,0,0,4000,2,2,,POINT (-92.475630098975 42.717295438719)
2014789650,2014-13241,03/04/2014,03-March,3-Tuesday,15:52,1500 Hours,District 6 (East Central),DAVENPORT,SCOTT,,E 53RD ST,Collision with:  Vehicle in traffic,On Roadway,Rear-end (front to rear),Followed too close,None Indicated,,Daylight,Dry,Clear,None apparent,Non-intersection:  Non-junction/no special feature,Paved,,Possible/Unknown,0,4,0,0,4,0,8500,4,6,,POINT (-90.532090093126 41.574836325393)
2014789886,S14-21489,03/04/2014,03-March,3-Tuesday,13:33,1300 Hours,District 2 (Northeast),ELK RUN HEIGHTS,BLACK HAWK,,GILBERTVILLE RD,Collision with:  Vehicle in traffic,On Roadway,Rear-end (front to rear),Improper Backing,None Indicated,,Daylight,Wet,Cloudy,None apparent,Intersection:  Four-way intersection,Paved,,Property Damage Only,0,0,0,0,0,0,3000,2,2,,POINT (-92.258468337295 42.472122830357)
2014789859,,03/04/2014,03-March,3-Tuesday,14:35,1400 Hours,District 2 (Northeast),HUMBOLDT,HUMBOLDT,,3RD AVE N,Collision with:  Vehicle in traffic,On Roadway,Unknown,Improper Backing,None Indicated,,Daylight,Dry,Cloudy,None apparent,Non-intersection:  Non-junction/no special feature,Paved,,Property Damage Only,0,0,0,0,0,0,3200,2,3,,POINT (-94.221024731918 42.724387455288)
2014789343,14-058,03/04/2014,03-March,3-Tuesday,11:18,1100 Hours,District 2 (Northeast),WAVERLY,BREMER,,3RD AVE NW,Collision with:  Vehicle in traffic,On Roadway,"Sideswipe, same direction",Improper Backing,None Indicated,,Daylight,Snow,Clear,None apparent,Non-intersection:  Non-junction/no special feature,Paved,,Property Damage Only,0,0,0,0,0,0,3200,2,3,,POINT (-92.49778237844 42.728111257963)
2014803028,2014-13288,03/04/2014,03-March,3-Tuesday,21:10,2100 Hours,District 6 (East Central),DAVENPORT,SCOTT,I-80,I-80,Collision with:  Vehicle in traffic,On Roadway,"Sideswipe, same direction",FTYROW:  Other (explain in narrative),None Indicated,,Dark - roadway lighted,Dry,Cloudy,None apparent,Non-intersection:  Other non-intersection (explain in narrative),Paved,,Property Damage Only,0,0,0,0,0,0,2000,2,2,,POINT (-90.526837647926 41.596176424121)
2014789429,14004524,03/04/2014,03-March,3-Tuesday,17:52,1700 Hours,District 6 (East Central),MARION,LINN,,7TH AVE,Collision with:  Vehicle in traffic,On Roadway,Rear-end (front to rear),Followed too close,None Indicated,,Dusk,Dry,Clear,None apparent,Non-intersection:  Non-junction/no special feature,Paved,,Property Damage Only,0,0,0,0,0,0,4500,2,2,,POINT (-91.601055462573 42.033325772417)
2014789449,20140005884,03/04/2014,03-March,3-Tuesday,12:35,1200 Hours,District 1 (Central),DES MOINES,POLK,,FOREST AVE & 43RD ST,Collision with:  Vehicle in traffic,On Roadway,Head-on (front to front),Crossed centerline (undivided),Under Influence of Alcohol/Drugs/Medications,,Daylight,Slush,Clear,None apparent,Intersection:  Four-way intersection,Paved,,Property Damage Only,0,0,0,0,0,0,6500,2,2,,POINT (-93.676460228271 41.603979555387)
2014789453,20140005916,03/04/2014,03-March,3-Tuesday,17:00,1700 Hours,District 1 (Central),DES MOINES,POLK,I-235,I-235 & 56TH ST,Collision with:  Vehicle in traffic,On Roadway,Rear-end (front to rear),Followed too close,None Indicated,,Daylight,Dry,Cloudy,None apparent,Non-intersection:  Non-junction/no special feature,Paved,,Property Damage Only,0,0,0,0,0,0,6500,4,5,,POINT (-93.693678889364 41.592581894213)
2014790904,14-074,03/04/2014,03-March,3-Tuesday,08:14,0800 Hours,District 2 (Northeast),WAVERLY,BREMER,,23RD ST NW,Collision with:  Vehicle in traffic,On Roadway,"Sideswipe, same direction",Driving too fast for conditions,None Indicated,,Daylight,Dry,Clear,None apparent,Non-intersection:  Non-junction/no special feature,Paved,,Property Damage Only,0,0,0,0,0,0,3000,2,3,,POINT (-92.499743643475 42.727255314949)
2014790713,,03/04/2014,03-March,3-Tuesday,14:24,1400 Hours,District 2 (Northeast),CHARLES CITY,FLOYD,US 18,US 18/S GRAND AVE,Collision with:  Vehicle in traffic,On Roadway,Head-on (front to front),FTYROW:  Making left turn,None Indicated,,Daylight,Ice/frost,Clear,None apparent,Non-intersection:  Driveway access (within),Paved,,Possible/Unknown,0,2,0,0,2,0,12000,2,3,,POINT (-92.672572430693 43.05563488499)
2014789921,14001799,03/04/2014,03-March,3-Tuesday,08:00,0800 Hours,District 6 (East Central),,BUCHANAN,,Co Rd W35/QUASQUETON AVE,Non-collision events:  Overturn/rollover,Outside trafficway,Non-collision (single vehicle),Driving too fast for conditions,None Indicated,,Daylight,Snow,Clear,"Surface condition (e.g., wet, icy)",Non-intersection:  Non-junction/no special feature,Paved,,Property Damage Only,0,0,0,0,0,0,9000,1,1,,POINT (-91.774362992481 42.367454185255)
2014789498,14-6429,03/04/2014,03-March,3-Tuesday,14:39,1400 Hours,District 3 (Northwest),SIOUX CITY,WOODBURY,I-29,I-29 & US 77 & WESLEY PKWY,Collision with:  Vehicle in traffic,On Roadway,Rear-end (front to rear),Followed too close,None Indicated,,Daylight,Dry,Clear,None apparent,Intersection:  Four-way intersection,Paved,,Possible/Unknown,0,1,0,0,1,0,600,2,2,,POINT (-96.412778916013 42.491851212461)
2014789407,41-2014,03/04/2014,03-March,3-Tuesday,19:00,1900 Hours,District 4 (Southwest),,HARRISON,IA 183,IA 183/IOWA 183,Collision with:  Animal,,,Animal,None Indicated,,,,,,,Paved,,Property Damage Only,0,0,0,0,0,0,2000,1,1,,POINT (-95.944309251506 41.787896040874)
2014790959,14-2754,03/04/2014,03-March,3-Tuesday,07:58,0700 Hours,District 6 (East Central),ANDREW,JACKSON,,E EMMET ST & N MARION ST,Collision with:  Vehicle in traffic,On Roadway,Broadside (front to side),FTYROW:  From stop sign,None Indicated,,Daylight,Snow,Cloudy,None apparent,Intersection:  Other intersection (explain in narrative),Paved,,Possible/Unknown,0,2,0,0,0,2,6000,2,2,,POINT (-90.591299793202 42.153692366858)
2014790810,14000739,03/04/2014,03-March,3-Tuesday,17:15,1700 Hours,District 5 (Southeast),,KEOKUK,IA 92,IA 92/IOWA 92,Collision with:  Vehicle in traffic,On Roadway,"Angle, oncoming left turn",FTYROW:  From stop sign,None Indicated,,Daylight,Dry,Clear,None apparent,Intersection:  Four-way intersection,Paved,,Property Damage Only,0,0,0,0,0,0,3500,2,2,,POINT (-91.966208426154 41.337542217581)
2014790225,C14000687,03/04/2014,03-March,3-Tuesday,17:13,1700 Hours,District 6 (East Central),CORALVILLE,JOHNSON,,12TH AVE & OZARK RDG,Collision with:  Vehicle in traffic,On Roadway,Rear-end (front to rear),Followed too close,None Indicated,,Daylight,Dry,Clear,None apparent,Non-intersection:  Non-junction/no special feature,Paved,,Property Damage Only,0,0,0,0,0,0,1900,2,4,,POINT (-91.582497272176 41.691460528911)
2014789459,14-0478,03/04/2014,03-March,3-Tuesday,07:43,0700 Hours,District 1 (Central),URBANDALE,POLK,I-35,I-35,Collision with:  Vehicle in traffic,On Roadway,Rear-end (front to rear),Followed too close,None Indicated,,Daylight,Dry,Clear,None apparent,Non-intersection:  Non-junction/no special feature,Paved,,Possible/Unknown,0,1,0,0,1,0,5000,2,2,,POINT (-93.704937002082 41.652429177431)
2014790733,,03/04/2014,03-March,3-Tuesday,15:39,1500 Hours,District 6 (East Central),CEDAR RAPIDS,LINN,,MILLER AVE SW & KIRKWOOD BLVD SW,Collision with:  Vehicle in traffic,On Roadway,Rear-end (front to rear),Unknown,None Indicated,,Daylight,Wet,Clear,,Intersection:  Four-way intersection,Paved,,Property Damage Only,0,0,0,0,0,0,4500,2,2,,POINT (-91.656706363627 41.92444540351)
2014790226,C14000688,03/04/2014,03-March,3-Tuesday,18:35,1800 Hours,District 6 (East Central),CORALVILLE,JOHNSON,US 6,US 6/2ND ST & 2ND AVE,Collision with:  Vehicle in traffic,On Roadway,Rear-end (front to rear),Other (explain in narrative):  Other,None Indicated,,Dark - roadway lighted,Ice/frost,Clear,None apparent,Non-intersection:  Non-junction/no special feature,Paved,,Property Damage Only,0,0,0,0,0,0,5500,2,2,,POINT (-91.567432971167 41.669603246653)
2014789431,14-004712,03/04/2014,03-March,3-Tuesday,16:28,1600 Hours,District 5 (Southeast),,MARION,IA 5,IA 5/IOWA 5,Collision with:  Animal,,,Animal,None Indicated,,,,,,,Paved,,Property Damage Only,0,0,0,0,0,0,1500,1,1,,POINT (-93.129488018161 41.309747631919)
2014789649,2014-13214,03/04/2014,03-March,3-Tuesday,12:49,1200 Hours,District 6 (East Central),DAVENPORT,SCOTT,,E 53RD ST & ELMORE AVE,Collision with:  Vehicle in traffic,On Roadway,Rear-end (front to rear),Other (explain in narrative):  Other,None Indicated,,Daylight,Dry,Clear,None apparent,Intersection:  Four-way intersection,Paved,,Property Damage Only,0,0,0,0,0,0,8000,2,2,,POINT (-90.528586977681 41.574860104089)
2014789154,00570,03/04/2014,03-March,3-Tuesday,01:38,0100 Hours,District 6 (East Central),DYERSVILLE,DUBUQUE,,1ST AVE W,Collision with:  Vehicle in traffic,On Roadway,"Sideswipe, same direction",Other (explain in narrative):  No improper action,None Indicated,,Dark - roadway lighted,Snow,Snow,None apparent,Non-intersection:  Non-junction/no special feature,Paved,,Property Damage Only,0,0,0,0,0,0,2000,2,1,,POINT (-91.12930620271 42.484531726028)
2014789585,14-7364,03/04/2014,03-March,3-Tuesday,15:19,1500 Hours,District 5 (Southeast),WEST BURLINGTON,DES MOINES,US 34,US 34,Collision with fixed object:  Ditch,On Roadway,Non-collision (single vehicle),Crossed centerline (undivided),None Indicated,,Daylight,Dry,Clear,None apparent,Non-intersection:  Non-junction/no special feature,Paved,,Property Damage Only,0,0,0,0,0,0,2000,1,2,,POINT (-91.176202395172 40.818494678149)
2014789470,14-4105,03/04/2014,03-March,3-Tuesday,10:39,1000 Hours,District 6 (East Central),BETTENDORF,SCOTT,I-74,I-74 & BROWN ST,Collision with:  Vehicle in traffic,On Roadway,Rear-end (front to rear),Followed too close,None Indicated,,Daylight,Dry,Clear,None apparent,Non-intersection:  Other non-intersection (explain in narrative),Paved,,Property Damage Only,0,0,0,0,0,0,5500,2,2,,POINT (-90.513777916857 41.527239339854)
2014790299,14-001091,03/04/2014,03-March,3-Tuesday,15:19,1500 Hours,District 1 (Central),AMES,STORY,,25TH ST & NORTHWESTERN AVE,Collision with:  Vehicle in traffic,On Roadway,Rear-end (front to rear),Other (explain in narrative):  Other,None Indicated,,Daylight,Dry,Clear,None apparent,Non-intersection:  Non-junction/no special feature,Paved,,Possible/Unknown,0,1,0,0,1,0,4500,2,5,,POINT (-93.625888875785 42.046476888993)
2014789452,20140005899,03/04/2014,03-March,3-Tuesday,15:38,1500 Hours,District 1 (Central),DES MOINES,POLK,US 6,US 6/HICKMAN RD & 60TH ST,Collision with:  Vehicle in traffic,On Roadway,Rear-end (front to rear),FTYROW:  Other (explain in narrative),None Indicated,,Daylight,Dry,Cloudy,None apparent,Non-intersection:  Non-junction/no special feature,Paved,,Property Damage Only,0,0,0,0,0,0,8000,2,2,,POINT (-93.700135167504 41.614889646918)
2014789448,20140005897,03/04/2014,03-March,3-Tuesday,15:28,1500 Hours,District 1 (Central),DES MOINES,POLK,,SW 7TH ST,Collision with:  Vehicle in traffic,On Roadway,"Sideswipe, same direction",Swerving/Evasive Action,None Indicated,,Daylight,Dry,Clear,None apparent,Non-intersection:  Non-junction/no special feature,Paved,,Property Damage Only,0,0,0,0,0,0,3000,2,2,,POINT (-93.62271616699 41.57716240943)
2014789824,14-4097,03/04/2014,03-March,3-Tuesday,09:21,0900 Hours,District 6 (East Central),BETTENDORF,SCOTT,I-74,I-74 & US 67/STATE ST,Collision with fixed object:  Other fixed object (explain in narrative),On Roadway,Non-collision (single vehicle),Other (explain in narrative):  Other,None Indicated,,Daylight,Dry,Clear,None apparent,Intersection:  Intersection with ramp,Paved,,Property Damage Only,0,0,0,0,0,0,7000,1,3,,POINT (-90.515249713025 41.525109638373)
2014791851,2014-13298,03/04/2014,03-March,3-Tuesday,22:10,2200 Hours,District 6 (East Central),DAVENPORT,SCOTT,US 6,US 6/E KIMBERLY RD & IA 461/BRADY ST,Collision with:  Vehicle in traffic,On Roadway,Broadside (front to side),Ran Traffic Signal,None Indicated,,Dark - roadway lighted,Dry,Clear,None apparent,Intersection:  Four-way intersection,Paved,,Property Damage Only,0,0,0,0,0,0,15000,2,2,,POINT (-90.568210265625 41.560277558189)
2014789444,14002611,03/04/2014,03-March,3-Tuesday,16:00,1600 Hours,District 4 (Southwest),,MILLS,,189TH ST,Collision with:  Vehicle in traffic,On Roadway,Broadside (front to side),FTYROW:  Making left turn,None Indicated,,Daylight,Dry,Cloudy,None apparent,Non-intersection:  Driveway access (within),Paved,,Property Damage Only,0,0,0,0,0,0,6000,2,2,,POINT (-95.823651894319 41.157571084847)
2014789856,,03/04/2014,03-March,3-Tuesday,10:07,1000 Hours,District 6 (East Central),CAMANCHE,CLINTON,,7TH AVE,Collision with fixed object:  Ditch,On Roadway,Non-collision (single vehicle),Ran off road - left,None Indicated,,Daylight,Dry,Clear,None apparent,Non-intersection:  Non-junction/no special feature,Paved,,Property Damage Only,0,0,0,0,0,0,5000,1,1,,POINT (-90.25769808145 41.801563326474)
2014790296,14-001086,03/04/2014,03-March,3-Tuesday,07:50,0700 Hours,District 1 (Central),AMES,STORY,,KILDEE ST & BEACH AVE,Collision with:  Vehicle in traffic,On Roadway,Broadside (front to side),Driving too fast for conditions,None Indicated,,Daylight,Snow,Clear,"Surface condition (e.g., wet, icy)",Intersection:  T-intersection,Paved,,Property Damage Only,0,0,0,0,0,0,8000,2,2,,POINT (-93.639434997643 42.017608252218)
2014790298,14-001090,03/04/2014,03-March,3-Tuesday,15:03,1500 Hours,District 1 (Central),AMES,STORY,,LINCOLN WAY & S HYLAND AVE,Collision with:  Vehicle in traffic,On Roadway,"Angle, oncoming left turn",FTYROW:  Making left turn,None Indicated,,Daylight,Wet,Clear,None apparent,Intersection:  Four-way intersection,Paved,,Property Damage Only,0,0,0,0,0,0,8000,2,5,,POINT (-93.655587566162 42.022731938951)
2014789337,14021384,03/04/2014,03-March,3-Tuesday,08:11,0800 Hours,District 2 (Northeast),CEDAR FALLS,BLACK HAWK,,GREENHILL RD & HUDSON RD,Collision with:  Vehicle in traffic,On Roadway,Unknown,Unknown,None Indicated,,Daylight,Snow,Cloudy,None apparent,Intersection:  Four-way intersection,Paved,,Property Damage Only,0,0,0,0,0,0,14000,2,5,,POINT (-92.465435524876 42.498788624961)
2014790112,2014-13252,03/04/2014,03-March,3-Tuesday,16:53,1600 Hours,District 6 (East Central),DAVENPORT,SCOTT,,W LOCUST ST,Collision with:  Vehicle in traffic,On Roadway,Rear-end (front to rear),Followed too close,None Indicated,,Daylight,Wet,Cloudy,None apparent,Non-intersection:  Non-junction/no special feature,Paved,,Property Damage Only,0,0,0,0,0,0,2200,2,2,,POINT (-90.578217138227 41.538279103031)
2014790760,14003288,03/04/2014,03-March,3-Tuesday,09:20,0900 Hours,District 2 (Northeast),MASON CITY,CERRO GORDO,,14TH ST NW & N ADAMS AVE,Collision with:  Vehicle in traffic,On Roadway,Broadside (front to side),FTYROW:  At uncontrolled intersection,None Indicated,,Daylight,Snow,Clear,None apparent,Non-intersection:  Non-junction/no special feature,Paved,,Property Damage Only,0,0,0,0,0,0,4000,2,2,,POINT (-93.205054648026 43.164545834811)
2014789562,14-001638,03/04/2014,03-March,3-Tuesday,07:50,0700 Hours,District 4 (Southwest),ATLANTIC,CASS,,18TH ST,Collision with:  Parked motor vehicle,On Roadway,Rear-end (front to rear),"Operating vehicle in an reckless, erratic, careless, negligent manner",None Indicated,,Daylight,Dry,Clear,None apparent,Non-intersection:  Non-junction/no special feature,Paved,,Property Damage Only,0,0,0,0,0,0,4500,2,777,,POINT (-95.012517916059 41.392580631989)
2014794567,14-01836,03/04/2014,03-March,3-Tuesday,15:55,1500 Hours,District 5 (Southeast),MOUNT PLEASANT,HENRY,,N BRAZELTON ST,Collision with:  Vehicle in traffic,On Roadway,Broadside (front to side),FTYROW:  From driveway,None Indicated,,Daylight,Snow,Clear,None apparent,Non-intersection:  Driveway access (within),Paved,,Property Damage Only,0,0,0,0,0,0,1700,2,2,,POINT (-91.536324975745 40.966781464844)
2014789850,2014015380,03/04/2014,03-March,3-Tuesday,13:57,1300 Hours,District 5 (Southeast),,WARREN,US 65,US 65,Collision with:  Vehicle in traffic,On Roadway,"Sideswipe, opposite direction",Crossed centerline (undivided),None Indicated,,Daylight,Dry,Clear,None apparent,Non-intersection:  Non-junction/no special feature,Paved,,Fatal,1,1,0,1,0,0,5500,2,3,,POINT (-93.525599004461 41.284714003145)
2014789149,01-14-9011,03/04/2014,03-March,3-Tuesday,08:10,0800 Hours,District 6 (East Central),DUBUQUE,DUBUQUE,US 20,US 20/DODGE ST & BLUFF ST,Collision with:  Vehicle in traffic,On Roadway,Rear-end (front to rear),Lost Control,None Indicated,,Daylight,Snow,Cloudy,"Surface condition (e.g., wet, icy)",Non-intersection:  Non-junction/no special feature,Paved,,Property Damage Only,0,0,0,0,0,0,3000,2,2,,POINT (-90.667114885867 42.492099685258)
2014790110,2014-13143,03/04/2014,03-March,3-Tuesday,04:57,0400 Hours,District 6 (East Central),DAVENPORT,SCOTT,,W 4TH ST,Collision with:  Parked motor vehicle,On Roadway,Rear-end (front to rear),Other (explain in narrative):  Other,None Indicated,,Dark - roadway lighted,Dry,Cloudy,None apparent,Non-intersection:  Non-junction/no special feature,Paved,,Possible/Unknown,0,1,0,0,1,0,12500,3,1,,POINT (-90.608911652554 41.523439710537)
2014790580,TC01514,03/04/2014,03-March,3-Tuesday,22:26,2200 Hours,District 4 (Southwest),MISSOURI VALLEY,HARRISON,US 30,US 30/E ERIE ST/E LINCOLN WAY & S 9TH ST & N 9TH ST,Collision with fixed object:  Other fixed object (explain in narrative),Outside trafficway,Non-collision (single vehicle),Exceeded authorized speed,Alcohol (Statutory),,Dark - roadway lighted,Dry,Clear,None apparent,Non-intersection:  Non-junction/no special feature,Paved,,Minor Injury,0,1,0,1,0,0,15000,1,1,,POINT (-95.883053538567 41.556424730629)
2014791740,14-5248,03/04/2014,03-March,3-Tuesday,12:57,1200 Hours,District 1 (Central),NEWTON,JASPER,,S 2ND AVE W & W 7TH ST S,Collision with:  Vehicle in traffic,On Roadway,Broadside (front to side),FTYROW:  At uncontrolled intersection,None Indicated,,Daylight,Snow,Cloudy,None apparent,Intersection:  Four-way intersection,Paved,,Property Damage Only,0,0,0,0,0,0,3500,2,2,,POINT (-93.0613887827 41.698520470569)
2014790111,2014-13235,03/04/2014,03-March,3-Tuesday,14:47,1400 Hours,District 6 (East Central),DAVENPORT,SCOTT,,W LOCUST ST & RIPLEY ST,Collision with:  Vehicle in traffic,On Roadway,"Sideswipe, opposite direction",FTYROW:  Making left turn,None Indicated,,Daylight,Wet,Cloudy,None apparent,Intersection:  T-intersection,Paved,,Property Damage Only,0,0,0,0,0,0,1800,2,3,,POINT (-90.578517253596 41.538267414003)
2014789640,14-4119,03/04/2014,03-March,3-Tuesday,15:31,1500 Hours,District 6 (East Central),BETTENDORF,SCOTT,,SPRUCE HILLS DR & WOODLAND LN,Collision with:  Vehicle in traffic,On Roadway,"Angle, oncoming left turn",FTYROW:  Making left turn,None Indicated,,Daylight,Dry,Cloudy,None apparent,Intersection:  T-intersection,Paved,,Property Damage Only,0,0,0,0,0,0,7000,2,4,,POINT (-90.512630455603 41.553107780171)
2014789593,201403142,03/04/2014,03-March,3-Tuesday,15:10,1500 Hours,District 6 (East Central),CEDAR RAPIDS,LINN,,42ND ST NE & CENTER POINT RD NE,Collision with:  Vehicle in traffic,On Roadway,Broadside (front to side),Other (explain in narrative):  Other,None Indicated,,Daylight,Wet,Cloudy,None apparent,Non-intersection:  Non-junction/no special feature,Paved,,Property Damage Only,0,0,0,0,0,0,2500,2,4,,POINT (-91.665439478448 42.021483651345)
2014791463,2014015181,03/04/2014,03-March,3-Tuesday,08:20,0800 Hours,District 6 (East Central),,JOHNSON,I-380,I-380,Collision with:  Vehicle in traffic,On Roadway,Rear-end (front to rear),Followed too close,None Indicated,,Daylight,Dry,Clear,None apparent,Non-intersection:  Non-junction/no special feature,Paved,,Property Damage Only,0,0,0,0,0,0,4800,3,3,,POINT (-91.659949991831 41.828725252883)
2014789762,2014002437,03/04/2014,03-March,3-Tuesday,16:09,1600 Hours,District 6 (East Central),IOWA CITY,JOHNSON,IA 1,IA 1/W BURLINGTON ST/E BURLINGTON ST & S MADISON ST,Collision with:  Vehicle in traffic,On Roadway,Rear-end (front to rear),"Operating vehicle in an reckless, erratic, careless, negligent manner",None Indicated,,Daylight,Dry,Cloudy,None apparent,Intersection:  Four-way intersection,Paved,,Possible/Unknown,0,1,0,0,1,0,5500,2,3,,POINT (-91.537727509424 41.657880453378)
2014790706,,03/04/2014,03-March,3-Tuesday,08:20,0800 Hours,District 3 (Northwest),ARMSTRONG,EMMET,IA 9,IA 9/4TH AVE S & IA 15/6TH ST & 6TH AVE S,Collision with:  Vehicle in traffic,On Roadway,"Angle, oncoming left turn",FTYROW:  Making left turn,None Indicated,,Daylight,Dry,Cloudy,None apparent,Intersection:  Four-way intersection,Paved,,Property Damage Only,0,0,0,0,0,0,16353,2,2,,POINT (-94.480260211184 43.392763224639)
2014789336,14021376,03/04/2014,03-March,3-Tuesday,08:00,0800 Hours,District 2 (Northeast),CEDAR FALLS,BLACK HAWK,,CENTER ST,Collision with:  Vehicle in traffic,On Roadway,"Sideswipe, opposite direction",Crossed centerline (undivided),None Indicated,,Daylight,Ice/frost,Clear,"Surface condition (e.g., wet, icy)",Non-intersection:  Non-junction/no special feature,Paved,,Property Damage Only,0,0,0,0,0,0,3600,2,2,,POINT (-92.456065183034 42.556246571555)