Iowa DOT Case Number,Law Enforcement Case Number,Date of Crash,Month of Crash,Day of Week,Time of Crash,Hour,DOT District,City Name,County Name,Route with System,Location Description,First Harmful Event,Location of First Harmful Event,Manner of Crash/Collision,Major Cause,Drug or Alcohol ,Environmental Conditions,Light Conditions,Surface Conditions,Weather Conditions,Roadway Contribution,Roadway Type,Roadway Surface,Work Zone,Crash Severity,Number of Fatalities,Number of Injuries,Number of Major Injuries,Number of Minor Injuries,Number of Possible Injuries,Number of Unknown Injuries,Amount of Property Damage,Number of Vehicles Involved,Total Number of Occupants,Travel Direction,Location
2014789151,01-14-9032,03/04/2014,03-March,3-Tuesday,10:24,1000 Hours,District 6 (East Central),DUBUQUE,DUBUQUE,US 20,US 20/RAMP,Non-collision events:  Other non-collision (explain in narrative),On Roadway,"Sideswipe, same direction",Crossed centerline (undivided),None Indicated,,Daylight,Wet,Clear,"Surface condition (e.g., wet, icy)",Non-intersection:  Non-junction/no special feature,Paved,,Property Damage Only,0,0,0,0,0,0,9000,2,2,,POINT (-90.687441576381 42.490944941275)
2014793447,AC-14-0012,03/04/2014,03-March,3-Tuesday,09:10,0900 Hours,District 6 (East Central),MONTICELLO,JONES,,N MAIN ST,Collision with:  Vehicle in traffic,On Roadway,"Sideswipe, opposite direction",Swerving/Evasive Action,None Indicated,,Daylight,Snow,Clear,"Surface condition (e.g., wet, icy)",Non-intersection:  Non-junction/no special feature,Paved,,Property Damage Only,0,0,0,0,0,0,4500,2,3,,POINT (-91.180139769632 42.24350320606)
2014791211,14003111,03/04/2014,03-March,3-Tuesday,18:48,1800 Hours,District 6 (East Central),,CEDAR,,Co Rd F36/CEDAR VALLEY RD,Collision with:  Animal,,,Animal,None Indicated,,,,,,,Paved,,Property Damage Only,0,0,0,0,0,0,1500,1,1,,POINT (-91.199220285069 41.739006565131)
2014789148,01-14-9007,03/04/2014,03-March,3-Tuesday,07:55,0700 Hours,District 6 (East Central),DUBUQUE,DUBUQUE,US 52,US 52/CENTRAL AVE,Collision with:  Vehicle in traffic,On Roadway,Rear-end (front to rear),Lost Control,None Indicated,,Daylight,Snow,Cloudy,"Surface condition (e.g., wet, icy)",Non-intersection:  Non-junction/no special feature,Paved,,Property Damage Only,0,0,0,0,0,0,4200,3,4,,POINT (-90.669393443631 42.509373049027)
2014790958,14-2752,03/04/2014,03-March,3-Tuesday,07:23,0700 Hours,District 6 (East Central),ZWINGLE,JACKSON,,Co Rd D61/BELLEVUE-CASCADE RD,Collision with fixed object:  Tree,Roadside,Non-collision (single vehicle),Ran off road - left,None Indicated,,Daylight,Snow,Cloudy,"Surface condition (e.g., wet, icy)",Non-intersection:  Non-junction/no special feature,Paved,,Property Damage Only,0,0,0,0,0,0,3650,1,1,,POINT (-90.801082735376 42.260427702502)
2014850935,14-001498,03/04/2014,03-March,3-Tuesday,18:30,1800 Hours,District 5 (Southeast),,LOUISA,,,Collision with:  Animal,,,Animal,None Indicated,,,,,,,,,Property Damage Only,0,0,0,0,0,0,1501,1,777,,POINT (-96.643700149993 40.233091251414)
2014790761,14003299,03/04/2014,03-March,3-Tuesday,11:01,1100 Hours,District 2 (Northeast),MASON CITY,CERRO GORDO,,6TH ST SW,Collision with:  Vehicle in traffic,On Roadway,Rear-end (front to rear),Driving too fast for conditions,None Indicated,,Daylight,Snow,Cloudy,"Surface condition (e.g., wet, icy)",Non-intersection:  Non-junction/no special feature,Paved,,Property Damage Only,0,0,0,0,0,0,7100,3,3,,POINT (-93.222162086121 43.146459190678)
2014789958,4514-017,03/04/2014,03-March,3-Tuesday,07:25,0700 Hours,District 2 (Northeast),,HOWARD,,Co Rd V58/WILLOW AVE,Collision with:  Vehicle in traffic,On Roadway,"Sideswipe, same direction",FTYROW:  From stop sign,None Indicated,,Daylight,Dry,Clear,None apparent,Interchange-related:  On-ramp merge area,Paved,,Property Damage Only,0,0,0,0,0,0,3800,2,2,,POINT (-92.120891781937 43.229995125834)
2014789487,14-0621,03/04/2014,03-March,3-Tuesday,14:00,1400 Hours,District 1 (Central),FORT DODGE,WEBSTER,,2ND AVE S & S 18TH ST,Collision with:  Vehicle in traffic,On Roadway,Broadside (front to side),FTYROW:  From yield sign,None Indicated,,Daylight,Snow,Cloudy,"Surface condition (e.g., wet, icy)",Intersection:  Four-way intersection,Paved,,Property Damage Only,0,0,0,0,0,0,10000,2,2,,POINT (-94.173557980948 42.504112934667)
2014789603,03-14-031,03/04/2014,03-March,3-Tuesday,18:35,1800 Hours,District 3 (Northwest),LE MARS,PLYMOUTH,,4TH ST SW & 6TH AVE SW,Collision with:  Vehicle in traffic,On Roadway,Broadside (front to side),FTYROW:  From stop sign,None Indicated,,Dark - roadway lighted,Snow,Cloudy,None apparent,Intersection:  Four-way intersection,Paved,,Property Damage Only,0,0,0,0,0,0,5000,2,2,,POINT (-96.175236598903 42.788180626126)
2014789560,030414-103,03/04/2014,03-March,3-Tuesday,11:16,1100 Hours,District 3 (Northwest),STORM LAKE,BUENA VISTA,IA 7,IA 7/W MILWAUKEE AVE & LAKE AVE,Collision with:  Vehicle in traffic,On Roadway,Rear-end (front to rear),Followed too close,None Indicated,,Daylight,Dry,Clear,None apparent,Intersection:  Four-way intersection,Paved,,Property Damage Only,0,0,0,0,0,0,2300,2,2,,POINT (-95.200819679058 42.647477236418)
2014789451,20140005895,03/04/2014,03-March,3-Tuesday,15:09,1500 Hours,District 1 (Central),DES MOINES,POLK,,SE 5TH ST & E MCKINLEY AVE,Collision with:  Vehicle in traffic,On Roadway,Broadside (front to side),Unknown,None Indicated,,Daylight,Dry,Clear,None apparent,Non-intersection:  Non-junction/no special feature,Paved,,Possible/Unknown,0,1,0,0,1,0,10000,2,3,,POINT (-93.606482886617 41.540895721181)
2014789500,14-6439,03/04/2014,03-March,3-Tuesday,16:45,1600 Hours,District 3 (Northwest),SIOUX CITY,WOODBURY,,W 7TH ST & HAMILTON BLVD,Collision with:  Vehicle in traffic,On Roadway,Rear-end (front to rear),Other (explain in narrative):  Other,None Indicated,,Daylight,Dry,Clear,None apparent,Intersection:  Four-way intersection,Paved,,Property Damage Only,0,0,0,0,0,0,2000,2,2,,POINT (-96.418536419015 42.503277176981)
2014789150,01-14-9017,03/04/2014,03-March,3-Tuesday,08:32,0800 Hours,District 6 (East Central),DUBUQUE,DUBUQUE,,MINERAL ST & GILLIAM ST,Collision with:  Vehicle in traffic,On Roadway,Head-on (front to front),Crossed centerline (undivided),None Indicated,,Daylight,Snow,Clear,"Surface condition (e.g., wet, icy)",Non-intersection:  Non-junction/no special feature,Paved,,Property Damage Only,0,0,0,0,0,0,1500,2,2,,POINT (-90.698155524644 42.496743984728)
2014789450,20140005891,03/04/2014,03-March,3-Tuesday,14:15,1400 Hours,District 1 (Central),DES MOINES,POLK,US 69,US 69/SE 14TH ST,Collision with:  Vehicle in traffic,On Roadway,"Sideswipe, same direction",FTYROW:  Other (explain in narrative),None Indicated,,Daylight,Dry,Clear,None apparent,Non-intersection:  Non-junction/no special feature,Paved,,Property Damage Only,0,0,0,0,0,0,1500,2,2,,POINT (-93.596847893209 41.556979157798)
2014789463,14-008406,03/04/2014,03-March,3-Tuesday,13:40,1300 Hours,District 4 (Southwest),COUNCIL BLUFFS,POTTAWATTAMIE,US 6,US 6/W BROADWAY,Collision with:  Vehicle in traffic,On Roadway,Broadside (front to side),FTYROW:  From driveway,None Indicated,,Daylight,Dry,Cloudy,None apparent,Non-intersection:  Driveway access (within),Paved,,Possible/Unknown,0,1,0,0,1,0,16900,2,3,,POINT (-95.903292092853 41.261891840802)
2014789550,W14-021446,03/04/2014,03-March,3-Tuesday,11:03,1100 Hours,District 2 (Northeast),WATERLOO,BLACK HAWK,,EASTON AVE & WISCONSIN ST,Collision with:  Vehicle in traffic,On Roadway,Broadside (front to side),FTYROW:  From stop sign,None Indicated,,Daylight,Snow,Clear,"Surface condition (e.g., wet, icy)",Intersection:  Four-way intersection,Paved,,Property Damage Only,0,0,0,0,0,0,2500,2,2,,POINT (-92.325159841874 42.472967193799)
2014789480,14S00265,03/04/2014,03-March,3-Tuesday,19:08,1900 Hours,District 4 (Southwest),THAYER,UNION,,Co Rd P64/WILLOW AVE,Collision with:  Animal,On Roadway,Non-collision (single vehicle),Animal,None Indicated,,Dark - roadway not lighted,Dry,Clear,None apparent,Non-intersection:  Non-junction/no special feature,Paved,,Property Damage Only,0,0,0,0,0,0,4300,1,1,,POINT (-94.043022394355 41.00261308226)
2014791253,K14-005731,03/04/2014,03-March,3-Tuesday,08:17,0800 Hours,District 5 (Southeast),KEOKUK,LEE,US 61,US 61 & HILTON RD,Collision with fixed object:  Ditch,Roadside,Non-collision (single vehicle),Made improper turn,None Indicated,,Daylight,Ice/frost,Clear,"Surface condition (e.g., wet, icy)",Intersection:  Four-way intersection,Paved,,Possible/Unknown,0,3,0,0,3,0,5000,1,3,,POINT (-91.426514377548 40.399996948273)
2014789446,20140005854,03/04/2014,03-March,3-Tuesday,03:45,0300 Hours,District 1 (Central),DES MOINES,POLK,,E 26TH ST,Collision with fixed object:  Mailbox,On Roadway,Non-collision (single vehicle),Ran off road - left,None Indicated,,Dark - roadway lighted,Snow,Clear,None apparent,Non-intersection:  Non-junction/no special feature,Paved,,Property Damage Only,0,0,0,0,0,0,5500,1,1,,POINT (-93.568158414868 41.631659509016)
2014789678,14030076,03/04/2014,03-March,3-Tuesday,18:52,1800 Hours,District 5 (Southeast),,WAPELLO,,Co Rd H41/BLUEGRASS RD,Collision with:  Animal,,,Animal,None Indicated,,,,,,,Paved,,Property Damage Only,0,0,0,0,0,0,1500,1,1,,POINT (-92.506013677456 40.987383474511)
2014789412,2014002422,03/04/2014,03-March,3-Tuesday,07:10,0700 Hours,District 6 (East Central),IOWA CITY,JOHNSON,I-80,I-80,Collision with:  Vehicle in traffic,On Roadway,Rear-end (front to rear),Followed too close,None Indicated,,Daylight,Dry,Clear,None apparent,Intersection:  Intersection with ramp,Paved,,Possible/Unknown,0,1,0,0,1,0,1300,2,2,,POINT (-91.539390615913 41.685255374961)
2014789584,14-07362,03/04/2014,03-March,3-Tuesday,14:58,1400 Hours,District 5 (Southeast),BURLINGTON,DES MOINES,,HEDGE AVE & GREENBRIER DR,Collision with fixed object:  Other fixed object (explain in narrative),On Roadway,Non-collision (single vehicle),Traveling wrong way or on wrong side of road,None Indicated,,Daylight,Dry,Cloudy,None apparent,Non-intersection:  Non-junction/no special feature,Paved,,Property Damage Only,0,0,0,0,0,0,3750,1,1,,POINT (-91.120098524767 40.78855263623)
2014789413,2014002424,03/04/2014,03-March,3-Tuesday,09:05,0900 Hours,District 6 (East Central),IOWA CITY,JOHNSON,US 6,US 6,Collision with:  Vehicle in traffic,On Roadway,Rear-end (front to rear),Followed too close,None Indicated,,Daylight,Dry,Clear,None apparent,Non-intersection:  Non-junction/no special feature,Paved,,Property Damage Only,0,0,0,0,0,0,3000,2,2,,POINT (-91.556926325168 41.66565287935)
2014789686,14-6443,03/04/2014,03-March,3-Tuesday,16:38,1600 Hours,District 3 (Northwest),SIOUX CITY,WOODBURY,,TRANSIT AVE & MORNINGSIDE AVE & S ST AUBIN ST,Collision with:  Vehicle in traffic,On Roadway,Head-on (front to front),FTYROW:  Other (explain in narrative),None Indicated,,Daylight,Wet,Cloudy,None apparent,Intersection:  Four-way intersection,Paved,,Property Damage Only,0,0,0,0,0,0,2000,2,2,,POINT (-96.356022559691 42.470756682676)
2014789522,2014015234,03/04/2014,03-March,3-Tuesday,10:42,1000 Hours,District 3 (Northwest),,PALO ALTO,IA 4,IA 4/460 AVE,Collision with:  Vehicle in traffic,On Roadway,Head-on (front to front),Crossed centerline (undivided),None Indicated,,Daylight,Dry,Clear,None apparent,Non-intersection:  Non-junction/no special feature,Paved,,Fatal,1,1,0,1,0,0,18500,2,2,,POINT (-94.678735194653 43.043834345805)
2014789236,20140005863,03/04/2014,03-March,3-Tuesday,09:00,0900 Hours,District 1 (Central),DES MOINES,POLK,,WEDGEWOOD RD,Collision with:  Vehicle in traffic,On Roadway,Broadside (front to side),FTYROW:  From driveway,None Indicated,,Daylight,Ice/frost,Clear,"Surface condition (e.g., wet, icy)",Non-intersection:  Driveway access (within),Paved,,Property Damage Only,0,0,0,0,0,0,1700,2,3,,POINT (-93.565723638303 41.626438334237)
2014789243,14-1093,03/04/2014,03-March,3-Tuesday,07:49,0700 Hours,District 4 (Southwest),WEST DES MOINES,DALLAS,,JORDAN CREEK PKWY & E P TRUE PKWY,Collision with:  Vehicle in traffic,On Roadway,Rear-end (front to rear),Other (explain in narrative):  Other,None Indicated,,Daylight,Dry,Cloudy,None apparent,Intersection:  Four-way intersection,Paved,,Possible/Unknown,0,1,0,0,1,0,1500,2,2,,POINT (-93.809235246776 41.573370800353)
2014790067,S14-000595,03/04/2014,03-March,3-Tuesday,07:10,0700 Hours,District 4 (Southwest),NEOLA,POTTAWATTAMIE,,BARDSLEY AVE & 3RD ST,Collision with:  Vehicle in traffic,On Roadway,Broadside (front to side),Driving too fast for conditions,None Indicated,,Daylight,Ice/frost,Cloudy,"Surface condition (e.g., wet, icy)",Intersection:  Four-way intersection,Paved,,Property Damage Only,0,0,0,0,0,0,4500,2,3,,POINT (-95.618239775789 41.455679557599)
2014789456,20140005861,03/04/2014,03-March,3-Tuesday,08:02,0800 Hours,District 1 (Central),DES MOINES,POLK,,COLLEGE AVE & WASHINGTON AVE & 57TH PL,Non-collision events:  Other non-collision (explain in narrative),On Roadway,Non-collision (single vehicle),Swerving/Evasive Action,None Indicated,,Daylight,Ice/frost,Clear,None apparent,Non-intersection:  Non-junction/no special feature,Paved,,Property Damage Only,0,0,0,0,0,0,5000,1,1,,POINT (-93.696636273333 41.607624079003)
2014789484,14-0624,03/04/2014,03-March,3-Tuesday,18:05,1800 Hours,District 1 (Central),FORT DODGE,WEBSTER,,2ND AVE N,Collision with:  Vehicle in traffic,On Roadway,"Angle, oncoming left turn",Exceeded authorized speed,None Indicated,,Daylight,Wet,Clear,None apparent,Intersection:  T-intersection,Paved,,Possible/Unknown,0,1,0,0,1,0,2000,2,2,,POINT (-94.186579424495 42.507247908585)
2014789372,14003320,03/04/2014,03-March,3-Tuesday,16:31,1600 Hours,District 2 (Northeast),MASON CITY,CERRO GORDO,IA 122,IA 122/IOWA 122/5TH ST SW & S MONROE AVE,Collision with:  Vehicle in traffic,On Roadway,Rear-end (front to rear),Followed too close,None Indicated,,Daylight,Wet,Cloudy,None apparent,Non-intersection:  Non-junction/no special feature,Paved,,Property Damage Only,0,0,0,0,0,0,2000,2,2,,POINT (-93.208637517474 43.14738513562)
2014899589,NT-14-038,03/04/2014,03-March,3-Tuesday,07:00,0700 Hours,District 1 (Central),NEVADA,STORY,,M AVE & 2ND ST,Collision with:  Vehicle in traffic,On Roadway,Broadside (front to side),FTYROW:  Making left turn,None Indicated,,Daylight,Snow,Clear,None apparent,Intersection:  T-intersection,Paved,,Property Damage Only,0,0,0,0,0,0,3500,2,3,,POINT (-93.457716988687 42.023709552091)
2014789383,01-14-9050,03/04/2014,03-March,3-Tuesday,13:50,1300 Hours,District 6 (East Central),DUBUQUE,DUBUQUE,,KAUFMANN AVE & GRANDVIEW AVE N,Collision with:  Vehicle in traffic,On Roadway,Broadside (front to side),Ran Stop Sign,None Indicated,,Daylight,Dry,Cloudy,None apparent,Intersection:  Four-way intersection,Paved,,Property Damage Only,0,0,0,0,0,0,4283,2,2,,POINT (-90.694237496526 42.516593746479)
2014789219,14-1437,03/04/2014,03-March,3-Tuesday,10:00,1000 Hours,District 1 (Central),,POLK,IA 415,IA 415/2ND AVE & NW BROADWAY AVE,Collision with:  Vehicle in traffic,On Roadway,"Sideswipe, same direction",Crossed centerline (undivided),None Indicated,,Daylight,Dry,Clear,None apparent,Intersection:  T-intersection,Paved,,Property Damage Only,0,0,0,0,0,0,4500,2,2,,POINT (-93.619973498138 41.644046810927)
2014789147,01-14-9005,03/04/2014,03-March,3-Tuesday,07:46,0700 Hours,District 6 (East Central),DUBUQUE,DUBUQUE,US 61,US 61,Collision with:  Vehicle in traffic,On Roadway,Rear-end (front to rear),Lost Control,None Indicated,,Daylight,Ice/frost,Cloudy,"Surface condition (e.g., wet, icy)",Intersection:  Four-way intersection,Paved,,Property Damage Only,0,0,0,0,0,0,3500,2,2,,POINT (-90.678046351003 42.454481696753)
2014789665,2014-13153,03/04/2014,03-March,3-Tuesday,07:21,0700 Hours,District 6 (East Central),DAVENPORT,SCOTT,,W 35TH ST & N DIVISION ST,Collision with:  Vehicle in traffic,On Roadway,Rear-end (front to rear),Followed too close,None Indicated,,Daylight,Dry,Clear,None apparent,Non-intersection:  Non-junction/no special feature,Paved,,Possible/Unknown,0,1,0,0,1,0,10400,2,2,,POINT (-90.600723947903 41.555593154835)
2014793681,140998,03/04/2014,03-March,3-Tuesday,00:16,0000 Hours,District 1 (Central),IOWA FALLS,HARDIN,,RIVER OAKS RD & WASHINGTON AVE,Collision with:  Animal,On Roadway,Non-collision (single vehicle),Animal,None Indicated,,Dark - roadway lighted,Snow,Cloudy,None apparent,Non-intersection:  Non-junction/no special feature,Paved,,Property Damage Only,0,0,0,0,0,0,1800,1,1,,POINT (-93.295891509908 42.518763771112)
2014789588,2014002432,03/04/2014,03-March,3-Tuesday,12:58,1200 Hours,District 6 (East Central),IOWA CITY,JOHNSON,,E BENTON ST & S CLINTON ST,Collision with:  Vehicle in traffic,On Roadway,"Sideswipe, same direction",Made improper turn,None Indicated,,Daylight,Dry,Clear,None apparent,Intersection:  Four-way intersection,Paved,,Property Damage Only,0,0,0,0,0,0,6000,2,2,,POINT (-91.534734445607 41.651105196108)
2014789527,,03/04/2014,03-March,3-Tuesday,08:10,0800 Hours,District 6 (East Central),MARENGO,IOWA,,RANDOLPH ST & CLINTON AVE,Collision with:  Vehicle in traffic,On Roadway,Broadside (front to side),FTYROW:  At uncontrolled intersection,None Indicated,,Daylight,Other (explain in narrative),Clear,"Surface condition (e.g., wet, icy)",Intersection:  Four-way intersection,Paved,,Property Damage Only,0,0,0,0,0,0,3900,2,4,,POINT (-92.067379791831 41.795981498174)
2014789651,2014-13253,03/04/2014,03-March,3-Tuesday,16:47,1600 Hours,District 6 (East Central),DAVENPORT,SCOTT,US 6,US 6/W KIMBERLY RD & MAIN ST,Collision with:  Vehicle in traffic,On Roadway,Rear-end (front to rear),Followed too close,None Indicated,,Daylight,Dry,Clear,None apparent,Intersection:  Four-way intersection,Paved,,Possible/Unknown,0,1,0,0,1,0,10500,2,4,,POINT (-90.575300225046 41.56019320313)
2014789220,14-1440,03/04/2014,03-March,3-Tuesday,11:39,1100 Hours,District 1 (Central),GRIMES,POLK,,NW BEISSER DR,Collision with:  Parked motor vehicle,Outside trafficway,Unknown,Improper Backing,None Indicated,,Daylight,Dry,Clear,None apparent,Non-intersection:  Driveway access (within),Paved,,Property Damage Only,0,0,0,0,0,0,3600,2,1,,POINT (-93.7836302116 41.656981602022)
2014796120,1-14-000079,03/04/2014,03-March,3-Tuesday,07:00,0700 Hours,District 4 (Southwest),,SHELBY,US 59,US 59,Collision with:  Vehicle in traffic,On Roadway,Head-on (front to front),Made improper turn,None Indicated,,Daylight,Dry,Clear,None apparent,Intersection:  T-intersection,Paved,,Property Damage Only,0,0,0,0,0,0,2000,2,5,,POINT (-95.335072229362 41.613295777894)
2014790546,,03/04/2014,03-March,3-Tuesday,14:45,1400 Hours,District 6 (East Central),CEDAR RAPIDS,LINN,,EDGEWOOD RD NE,Collision with:  Vehicle in traffic,On Roadway,Rear-end (front to rear),Unknown,None Indicated,,Daylight,Dry,Cloudy,,Non-intersection:  Non-junction/no special feature,Paved,,Property Damage Only,0,0,0,0,0,0,2815,2,3,,POINT (-91.701794625859 42.029249858355)
2014790300,14-001095,03/04/2014,03-March,3-Tuesday,16:55,1600 Hours,District 1 (Central),AMES,STORY,,S BELL AVE,Collision with:  Vehicle in traffic,On Roadway,"Sideswipe, same direction",Crossed centerline (undivided),None Indicated,,Daylight,Dry,Cloudy,None apparent,Non-intersection:  Non-junction/no special feature,Paved,,Property Damage Only,0,0,0,0,0,0,3500,2,2,,POINT (-93.57524306464 42.008508985848)
2014793594,,03/04/2014,03-March,3-Tuesday,08:12,0800 Hours,District 2 (Northeast),DECORAH,WINNESHIEK,,MAPLE AVE,Collision with:  Vehicle in traffic,On Roadway,Unknown,FTYROW:  From driveway,None Indicated,,Daylight,Snow,Clear,None apparent,Non-intersection:  Driveway access (within),Paved,,Property Damage Only,0,0,0,0,0,0,1600,2,3,,POINT (-91.788573158721 43.299445064487)
2014790388,14-005801,03/04/2014,03-March,3-Tuesday,18:56,1800 Hours,District 5 (Southeast),HOUGHTON,LEE,,Co Rd W46/100 AVE & 185 ST,Collision with:  Animal,,,Animal,None Indicated,,,,,,,Paved,,Property Damage Only,0,0,0,0,0,0,1500,1,1,,POINT (-91.718614099176 40.689518389824)
2014789351,14-2136,03/04/2014,03-March,3-Tuesday,08:04,0800 Hours,District 3 (Northwest),CARROLL,CARROLL,,10TH ST & WEST ST,Collision with:  Vehicle in traffic,On Roadway,Broadside (front to side),Ran Stop Sign,None Indicated,,Daylight,Ice/frost,Clear,"Surface condition (e.g., wet, icy)",Intersection:  Four-way intersection,Paved,,Property Damage Only,0,0,0,0,0,0,1800,2,2,,POINT (-94.869558593468 42.071005447385)
2014789123,14001200,03/04/2014,03-March,3-Tuesday,07:40,0700 Hours,District 2 (Northeast),,CERRO GORDO,,Co Rd S25/GROUSE AVE & 230TH ST,Collision with:  Vehicle in traffic,On Roadway,Rear-end (front to rear),Driving too fast for conditions,None Indicated,,Daylight,Snow,"Blowing sand, soil, dirt","Surface condition (e.g., wet, icy)",Intersection:  Four-way intersection,Paved,,Possible/Unknown,0,1,0,0,1,0,17600,3,3,,POINT (-93.378645788219 43.097430976872)
2014789684,14-6395,03/04/2014,03-March,3-Tuesday,08:55,0800 Hours,District 3 (Northwest),SIOUX CITY,WOODBURY,,43RD ST & TYLER ST,Collision with:  Vehicle in traffic,On Roadway,Broadside (front to side),FTYROW:  From stop sign,None Indicated,,Daylight,Snow,Clear,"Surface condition (e.g., wet, icy)",Intersection:  Four-way intersection,Paved,,Property Damage Only,0,0,0,0,0,0,3000,2,2,,POINT (-96.360263576126 42.543541757672)
2014791773,730312144A,03/04/2014,03-March,3-Tuesday,15:50,1500 Hours,District 4 (Southwest),,PAGE,,Co Rd J28/170 ST & Co Rd M41/E AVE,Collision with:  Vehicle in traffic,On Roadway,Broadside (front to side),Ran Stop Sign,None Indicated,,Daylight,Dry,Clear,None apparent,Intersection:  Four-way intersection,Paved,,Minor Injury,0,3,0,3,0,0,11000,2,3,,POINT (-95.289696298435 40.800511980662)
2014798000,141364PD,03/04/2014,03-March,3-Tuesday,08:39,0800 Hours,District 1 (Central),BOONE,BOONE,,6TH ST & BENTON ST,Collision with fixed object:  Tree,On Roadway,Non-collision (single vehicle),Driving too fast for conditions,None Indicated,,Daylight,Snow,Cloudy,"Surface condition (e.g., wet, icy)",Non-intersection:  Non-junction/no special feature,Paved,,Property Damage Only,0,0,0,0,0,0,4000,1,1,,POINT (-93.87497984184 42.06169930109)
2014794208,,03/04/2014,03-March,3-Tuesday,07:29,0700 Hours,District 2 (Northeast),,WINNESHIEK,,Co Rd W38/LOCUST RD,Collision with:  Vehicle in traffic,On Roadway,"Sideswipe, same direction",FTYROW:  Other (explain in narrative),None Indicated,,Daylight,Snow,Cloudy,"Surface condition (e.g., wet, icy)",Non-intersection:  Non-junction/no special feature,Paved,,Possible/Unknown,0,1,0,0,1,0,4500,2,2,,POINT (-91.716932058648 43.466252828193)
2014790865,14001096,03/04/2014,03-March,3-Tuesday,17:34,1700 Hours,District 1 (Central),AMES,STORY,,6TH ST & N HAZEL AVE & BROOKRIDGE AVE,Collision with:  Vehicle in traffic,On Roadway,Broadside (front to side),Ran Traffic Signal,None Indicated,,Daylight,Snow,Cloudy,None apparent,Intersection:  Four-way intersection,Paved,,Property Damage Only,0,0,0,0,0,0,4000,2,2,,POINT (-93.626698022408 42.026757128025)
2014789535,,03/04/2014,03-March,3-Tuesday,14:28,1400 Hours,District 2 (Northeast),,HANCOCK,IA 17,IA 17/AMES/IOWA 17 & Co Rd C12/100TH ST,Collision with:  Vehicle in traffic,On Roadway,Broadside (front to side),FTYROW:  From stop sign,None Indicated,,Daylight,Dry,Cloudy,None apparent,Intersection:  T-intersection,Paved,,Property Damage Only,0,0,0,0,0,0,6500,2,2,,POINT (-93.971242910182 42.907766277406)
2014790368,14-07360,03/04/2014,03-March,3-Tuesday,14:49,1400 Hours,District 5 (Southeast),,DES MOINES,US 61,US 61,Collision with:  Vehicle in traffic,On Roadway,Rear-end (front to rear),Other (explain in narrative):  Other,None Indicated,,Daylight,Dry,Clear,None apparent,Non-intersection:  Non-junction/no special feature,Paved,,Possible/Unknown,0,1,0,0,1,0,5000,2,2,,POINT (-91.182280594104 40.731736301118)
2014794047,B14-0400,03/04/2014,03-March,3-Tuesday,13:42,1300 Hours,District 3 (Northwest),SERGEANT BLUFF,WOODBURY,I-29,I-29 & 1ST ST,Collision with:  Vehicle in traffic,On Roadway,Rear-end (front to rear),Followed too close,None Indicated,,Daylight,Dry,Cloudy,None apparent,Intersection:  Intersection with ramp,Paved,,Property Damage Only,0,0,0,0,0,0,1500,2,3,,POINT (-96.368366112426 42.400662778216)
2014789146,01-14-8998,03/04/2014,03-March,3-Tuesday,05:45,0500 Hours,District 6 (East Central),DUBUQUE,DUBUQUE,US 52,US 52/CENTRAL AVE & W 32ND ST & E 32ND ST,Collision with:  Vehicle in traffic,On Roadway,"Angle, oncoming left turn",FTYROW:  Making left turn,None Indicated,,Dark - roadway lighted,Snow,Cloudy,"Surface condition (e.g., wet, icy)",Intersection:  Four-way intersection,Paved,,Property Damage Only,0,0,0,0,0,0,8200,2,2,,POINT (-90.682830306456 42.527493970575)
2014790218,14-150304-01,03/04/2014,03-March,3-Tuesday,19:10,1900 Hours,District 6 (East Central),,IOWA,IA 220,IA 220/220TH TRL,Collision with:  Animal,,,Animal,None Indicated,,,,,,,Paved,,Property Damage Only,0,0,0,0,0,0,2000,1,1,,POINT (-91.9093092682 41.795264886182)
2014789539,14-21450,03/04/2014,03-March,3-Tuesday,12:03,1200 Hours,District 2 (Northeast),,BLACK HAWK,US 63,US 63/HUDSON RD,Collision with:  Vehicle in traffic,On Roadway,"Sideswipe, same direction",Crossed centerline (undivided),None Indicated,,Daylight,Wet,Clear,None apparent,Non-intersection:  Non-junction/no special feature,Paved,,Property Damage Only,0,0,0,0,0,0,12000,2,2,,POINT (-92.456047932236 42.371364366464)
2014790858,14000280,03/04/2014,03-March,3-Tuesday,16:07,1600 Hours,District 1 (Central),,STORY,US 69,US 69,Collision with:  Vehicle in traffic,On Roadway,Rear-end (front to rear),Followed too close,None Indicated,,Daylight,Dry,Clear,None apparent,Non-intersection:  Non-junction/no special feature,Paved,,Property Damage Only,0,0,0,0,0,0,5000,2,3,,POINT (-93.620447046927 42.147766068478)
2014789638,2014-4256,03/04/2014,03-March,3-Tuesday,06:01,0600 Hours,District 6 (East Central),BUFFALO,SCOTT,IA 22,IA 22/IOWA 22,Collision with:  Animal,On Roadway,Non-collision (single vehicle),Animal,None Indicated,,Dawn,Dry,Clear,None apparent,Non-intersection:  Non-junction/no special feature,Paved,,Minor Injury,0,1,0,1,0,0,5100,1,1,,POINT (-90.76160116235 41.456461160357)
2014789341,W14-021401,03/04/2014,03-March,3-Tuesday,08:59,0800 Hours,District 2 (Northeast),WATERLOO,BLACK HAWK,,WESTERN AVE & W 4TH ST,Collision with:  Vehicle in traffic,On Roadway,"Sideswipe, same direction",FTYROW:  Other (explain in narrative),None Indicated,,Daylight,Snow,Clear,None apparent,Intersection:  Four-way intersection,Paved,,Property Damage Only,0,0,0,0,0,0,3000,2,4,,POINT (-92.350162594605 42.487926319898)
2014790224,C14000683,03/04/2014,03-March,3-Tuesday,12:20,1200 Hours,District 6 (East Central),CORALVILLE,JOHNSON,US 6,US 6/2ND ST,Collision with:  Vehicle in traffic,On Roadway,Rear-end (front to rear),Followed too close,None Indicated,,Daylight,Dry,Cloudy,None apparent,Non-intersection:  Non-junction/no special feature,Paved,,Property Damage Only,0,0,0,0,0,0,3000,2,4,,POINT (-91.563597501547 41.668141291324)