Iowa DOT Case Number,Law Enforcement Case Number,Date of Crash,Month of Crash,Day of Week,Time of Crash,Hour,DOT District,City Name,County Name,Route with System,Location Description,First Harmful Event,Location of First Harmful Event,Manner of Crash/Collision,Major Cause,Drug or Alcohol ,Environmental Conditions,Light Conditions,Surface Conditions,Weather Conditions,Roadway Contribution,Roadway Type,Roadway Surface,Work Zone,Crash Severity,Number of Fatalities,Number of Injuries,Number of Major Injuries,Number of Minor Injuries,Number of Possible Injuries,Number of Unknown Injuries,Amount of Property Damage,Number of Vehicles Involved,Total Number of Occupants,Travel Direction,Location
2014790690,2014015658,03/05/2014,03-March,4-Wednesday,22:57,2200 Hours,District 4 (Southwest),,CASS,,710TH ST,Collision with fixed object:  Ditch,On Roadway,Non-collision (single vehicle),Swerving/Evasive Action,None Indicated,,Dark - roadway not lighted,"Mud, dirt",Cloudy,"Surface condition (e.g., wet, icy)",Non-intersection:  Non-junction/no special feature,Unpaved,,Possible/Unknown,0,1,0,0,1,0,11000,1,1,,POINT (-94.835033447062 41.468262363379)
2014790204,14001824,03/05/2014,03-March,4-Wednesday,09:45,0900 Hours,District 6 (East Central),MANCHESTER,DELAWARE,IA 13,IA 13/N FRANKLIN ST,Collision with:  Vehicle in traffic,On Roadway,Rear-end (front to rear),Followed too close,None Indicated,,Daylight,Wet,Clear,None apparent,Non-intersection:  Non-junction/no special feature,Paved,,Property Damage Only,0,0,0,0,0,0,5000,2,3,,POINT (-91.457931601432 42.495621653462)
2014790083,14-4156,03/05/2014,03-March,4-Wednesday,06:09,0600 Hours,District 6 (East Central),BETTENDORF,SCOTT,,MIDDLE RD & 18TH ST,Collision with:  Vehicle in traffic,On Roadway,Rear-end (front to rear),Followed too close,None Indicated,,Dawn,Wet,Snow,None apparent,Intersection:  Four-way intersection,Paved,,Possible/Unknown,0,1,0,0,1,0,17000,2,2,,POINT (-90.506876824609 41.544337016429)
2014789657,2014-13373,03/05/2014,03-March,4-Wednesday,08:45,0800 Hours,District 6 (East Central),DAVENPORT,SCOTT,,E LOCUST ST & BELLE AVE,Collision with:  Non-motorist (see non-motorist section - NOT a unit),On Roadway,Non-collision (single vehicle),Other (explain in narrative):  No improper action,None Indicated,,Daylight,Snow,Snow,None apparent,Non-intersection:  Non-junction/no special feature,Paved,,Minor Injury,0,1,0,1,0,0,0,1,1,,POINT (-90.544240871555 41.538404735605)
2014790663,140305BVZ01,03/05/2014,03-March,4-Wednesday,17:10,1700 Hours,District 3 (Northwest),ALTON,SIOUX,,FAIRWAY CT & MINNESOTA ST,Collision with:  Vehicle in traffic,On Roadway,Rear-end (front to rear),FTYROW:  From driveway,None Indicated,,Daylight,Ice/frost,Cloudy,None apparent,Non-intersection:  Driveway access (within),Paved,,Property Damage Only,0,0,0,0,0,0,5800,2,2,,POINT (-96.013105874949 42.995325003449)
2014789823,14-4160,03/05/2014,03-March,4-Wednesday,08:14,0800 Hours,District 6 (East Central),BETTENDORF,SCOTT,,MIDDLE RD,Collision with:  Vehicle in traffic,On Roadway,Rear-end (front to rear),Lost Control,None Indicated,,Daylight,Snow,Snow,"Surface condition (e.g., wet, icy)",Intersection:  Four-way intersection,Paved,,Possible/Unknown,0,1,0,0,1,0,5500,2,3,,POINT (-90.483821795326 41.551489922601)
2014790488,201400010861,03/05/2014,03-March,4-Wednesday,15:42,1500 Hours,District 5 (Southeast),OTTUMWA,WAPELLO,,LINCOLN AVE,Collision with:  Vehicle in traffic,On Roadway,Head-on (front to front),Unknown,None Indicated,,Daylight,Snow,Snow,None apparent,Non-intersection:  Non-junction/no special feature,Paved,,Property Damage Only,0,0,0,0,0,0,6000,2,5,,POINT (-92.403916683533 41.02328473137)
2014789582,14-07499,03/05/2014,03-March,4-Wednesday,18:41,1800 Hours,District 5 (Southeast),BURLINGTON,DES MOINES,,W BURLINGTON AVE,Collision with fixed object:  Curb/island/raised median,On Roadway,Non-collision (single vehicle),Ran off road - left,None Indicated,,Dark - roadway lighted,Snow,Snow,"Surface condition (e.g., wet, icy)",Non-intersection:  Non-junction/no special feature,Paved,,Property Damage Only,0,0,0,0,0,0,2000,1,1,,POINT (-91.151543148256 40.80983291996)
2014808036,2014015545,03/05/2014,03-March,4-Wednesday,11:20,1100 Hours,District 1 (Central),,HARDIN,US 65,US 65,Collision with:  Vehicle in traffic,On Roadway,Head-on (front to front),Crossed centerline (undivided),None Indicated,,Daylight,Ice/frost,Cloudy,"Surface condition (e.g., wet, icy)",Non-intersection:  Non-junction/no special feature,Paved,,Minor Injury,0,1,0,1,0,0,25000,2,2,,POINT (-93.262449452426 42.483884450919)
2014810025,14-1638,03/05/2014,03-March,4-Wednesday,07:30,0700 Hours,District 6 (East Central),LE CLAIRE,SCOTT,,CANAL SHORE DR SW & EAGLE RIDGE RD,Collision with fixed object:  Guardrail - face,On Roadway,Non-collision (single vehicle),Other (explain in narrative):  No improper action,None Indicated,,Daylight,Snow,Snow,"Surface condition (e.g., wet, icy)",Intersection:  T-intersection,Paved,,Property Damage Only,0,0,0,0,0,0,1500,1,1,,POINT (-90.356681503324 41.586587803119)
2014789577,140567,03/05/2014,03-March,4-Wednesday,11:46,1100 Hours,District 3 (Northwest),DENISON,CRAWFORD,US 30,US 30/4TH AVE S,Collision with:  Vehicle in traffic,On Roadway,"Sideswipe, same direction",Made improper turn,None Indicated,,Daylight,Wet,Cloudy,None apparent,Non-intersection:  Non-junction/no special feature,Paved,,Property Damage Only,0,0,0,0,0,0,5500,2,3,,POINT (-95.3619145787 42.012410836462)
2014789736,01-14-9244,03/05/2014,03-March,4-Wednesday,19:18,1900 Hours,District 6 (East Central),DUBUQUE,DUBUQUE,,CARTER RD,Collision with:  Vehicle in traffic,On Roadway,Broadside (front to side),Other (explain in narrative):  Other,None Indicated,,Dark - roadway lighted,Dry,Cloudy,None apparent,Intersection:  Four-way intersection,Paved,,Property Damage Only,0,0,0,0,0,0,4000,2,2,,POINT (-90.712150693921 42.509064365223)
2014791596,14V03016,03/05/2014,03-March,4-Wednesday,20:07,2000 Hours,District 6 (East Central),VINTON,BENTON,US 218,US 218/S C AVE & IA 150,Collision with fixed object:  Curb/island/raised median,Median,Non-collision (single vehicle),Ran off road - straight,None Indicated,,Dark - roadway lighted,Dry,Clear,None apparent,Intersection:  Other intersection (explain in narrative),Paved,,Property Damage Only,0,0,0,0,0,0,3150,1,2,,POINT (-92.02795187594 42.151396129657)
2014796174,2014015477,03/05/2014,03-March,4-Wednesday,08:42,0800 Hours,District 6 (East Central),,CEDAR,I-80,I-80,Collision with fixed object:  Guardrail - face,Shoulder,Non-collision (single vehicle),Ran off road - left,None Indicated,,Daylight,Ice/frost,Snow,"Surface condition (e.g., wet, icy)",Non-intersection:  Non-junction/no special feature,Paved,,Property Damage Only,0,0,0,0,0,0,5000,1,2,,POINT (-90.935767191963 41.634151900901)
2014790069,S14-000629,03/05/2014,03-March,4-Wednesday,15:05,1500 Hours,District 4 (Southwest),COUNCIL BLUFFS,POTTAWATTAMIE,,MADISON AVE,Collision with:  Vehicle in traffic,On Roadway,Rear-end (front to rear),Followed too close,None Indicated,,Daylight,Dry,Cloudy,None apparent,Non-intersection:  Non-junction/no special feature,Paved,,Property Damage Only,0,0,0,0,0,0,3700,3,3,,POINT (-95.830255318187 41.248040811655)
2014790489,201400010877,03/05/2014,03-March,4-Wednesday,17:14,1700 Hours,District 5 (Southeast),OTTUMWA,WAPELLO,,WILDWOOD DR & VENTURE DR,Collision with:  Vehicle in traffic,On Roadway,Rear-end (front to rear),Driving too fast for conditions,None Indicated,,Dusk,Snow,"Blowing sand, soil, dirt",None apparent,Non-intersection:  Non-junction/no special feature,Paved,,Property Damage Only,0,0,0,0,0,0,7440,2,4,,POINT (-92.448032067686 41.016315937804)
2014789501,14-6489,03/05/2014,03-March,4-Wednesday,06:01,0600 Hours,District 3 (Northwest),SIOUX CITY,WOODBURY,,INDIAN HILLS DR,Collision with:  Vehicle in traffic,On Roadway,"Angle, oncoming left turn",FTYROW:  Making left turn,None Indicated,,Dark - roadway lighted,Dry,Cloudy,None apparent,Non-intersection:  Driveway access (within),Paved,,Possible/Unknown,0,1,0,0,1,0,5000,2,2,,POINT (-96.387007439746 42.534820590223)
2014789606,14-001052,03/05/2014,03-March,4-Wednesday,16:35,1600 Hours,District 1 (Central),ANKENY,POLK,US 69,US 69/N ANKENY BLVD,Collision with:  Vehicle in traffic,On Roadway,Broadside (front to side),Other (explain in narrative):  Other,None Indicated,,Daylight,Dry,Clear,None apparent,Non-intersection:  Non-junction/no special feature,Paved,,Property Damage Only,0,0,0,0,0,0,4000,2,2,,POINT (-93.600384182269 41.732753640382)
2014789990,14-004787,03/05/2014,03-March,4-Wednesday,18:30,1800 Hours,District 5 (Southeast),,MARION,IA 92,IA 92/IOWA 92,Collision with:  Animal,,,Animal,None Indicated,,,,,,,Paved,,Property Damage Only,0,0,0,0,0,0,2000,1,1,,POINT (-93.040254007597 41.300526423295)
2014789655,2014-13366,03/05/2014,03-March,4-Wednesday,08:10,0800 Hours,District 6 (East Central),DAVENPORT,SCOTT,,GAINES ST,Collision with:  Vehicle in traffic,On Roadway,Rear-end (front to rear),Driving too fast for conditions,None Indicated,,Daylight,Snow,Snow,None apparent,Non-intersection:  Non-junction/no special feature,Paved,,Property Damage Only,0,0,0,0,0,0,2750,2,2,,POINT (-90.582972916606 41.524203106628)
2014789554,W14-021841,03/05/2014,03-March,4-Wednesday,12:52,1200 Hours,District 2 (Northeast),WATERLOO,BLACK HAWK,,FRONTAGE RD,Collision with:  Vehicle in traffic,On Roadway,Broadside (front to side),FTYROW:  Other (explain in narrative),None Indicated,,Daylight,Ice/frost,Cloudy,None apparent,Intersection:  T-intersection,Paved,,Property Damage Only,0,0,0,0,0,0,4000,2,2,,POINT (-92.35722511054 42.467225641624)
2014791545,A14018,03/05/2014,03-March,4-Wednesday,13:55,1300 Hours,District 5 (Southeast),KNOXVILLE,MARION,,S 2ND ST & E SOUTH ST,Collision with:  Vehicle in traffic,On Roadway,Broadside (front to side),FTYROW:  From driveway,None Indicated,,Daylight,Snow,Cloudy,"Surface condition (e.g., wet, icy)",Non-intersection:  Driveway access (within),Paved,,Possible/Unknown,0,1,0,0,1,0,3000,2,4,,POINT (-93.097622960212 41.315228753846)
2014794195,,03/05/2014,03-March,4-Wednesday,21:47,2100 Hours,District 2 (Northeast),CLEAR LAKE,CERRO GORDO,,S 8TH ST,Non-collision events:  Overturn/rollover,On Roadway,Non-collision (single vehicle),Over correcting/over steering,None Indicated,,Dark - roadway not lighted,Ice/frost,"Blowing sand, soil, dirt","Surface condition (e.g., wet, icy)",Non-intersection:  Non-junction/no special feature,Paved,,Property Damage Only,0,0,0,0,0,0,2250,1,1,,POINT (-93.378667080986 43.11683648302)
2014789570,CL14000648,03/05/2014,03-March,4-Wednesday,07:52,0700 Hours,District 6 (East Central),CLINTON,CLINTON,,5TH AVE S & S 8TH ST,Collision with:  Vehicle in traffic,On Roadway,Broadside (front to side),FTYROW:  From stop sign,None Indicated,,Daylight,Snow,Snow,"Surface condition (e.g., wet, icy)",Intersection:  Four-way intersection,Paved,,Property Damage Only,0,0,0,0,0,0,4000,2,2,,POINT (-90.204717270695 41.841099439941)
2014789852,2014015498,03/05/2014,03-March,4-Wednesday,09:45,0900 Hours,District 5 (Southeast),,WARREN,I-35,I-35,Collision with fixed object:  Ditch,Roadside,Non-collision (single vehicle),Ran off road - right,None Indicated,,Daylight,Snow,Cloudy,"Surface condition (e.g., wet, icy)",Non-intersection:  Non-junction/no special feature,Paved,,Property Damage Only,0,0,0,0,0,0,2500,1,1,,POINT (-93.778985206612 41.282089242656)
2014789633,14-008600,03/05/2014,03-March,4-Wednesday,17:42,1700 Hours,District 4 (Southwest),COUNCIL BLUFFS,POTTAWATTAMIE,,9TH AVE,Collision with:  Vehicle in traffic,On Roadway,"Sideswipe, opposite direction",Crossed centerline (undivided),None Indicated,,Daylight,Dry,Cloudy,None apparent,Non-intersection:  Non-junction/no special feature,Paved,,Property Damage Only,0,0,0,0,0,0,2000,2,2,,POINT (-95.905350429029 41.253671152182)
2014789733,01-14-9138,03/05/2014,03-March,4-Wednesday,08:13,0800 Hours,District 6 (East Central),DUBUQUE,DUBUQUE,,LORAS BLVD,Collision with fixed object:  Other fixed object (explain in narrative),Roadside,Non-collision (single vehicle),Ran off road - right,None Indicated,,Daylight,Snow,Cloudy,"Surface condition (e.g., wet, icy)",Non-intersection:  Non-junction/no special feature,Paved,,Property Damage Only,0,0,0,0,0,0,2300,1,1,,POINT (-90.68691855883 42.500840137821)
2014791635,1403-023,03/05/2014,03-March,4-Wednesday,11:30,1100 Hours,District 3 (Northwest),,OSCEOLA,IA 9,IA 9/IOWA 9 & Co Rd L44/RED WING AVE,Collision with:  Vehicle in traffic,On Roadway,Rear-end (front to rear),Followed too close,None Indicated,,Daylight,Dry,Clear,None apparent,Non-intersection:  Non-junction/no special feature,Paved,,Possible/Unknown,0,2,0,0,1,1,7500,2,2,,POINT (-95.682956800487 43.432719116981)
2014791464,2014015491,03/05/2014,03-March,4-Wednesday,09:24,0900 Hours,District 6 (East Central),,CEDAR,I-80,I-80,Collision with fixed object:  Guardrail - face,Median,Non-collision (single vehicle),Ran off road - left,None Indicated,,Daylight,Ice/frost,Cloudy,"Surface condition (e.g., wet, icy)",Non-intersection:  Non-junction/no special feature,Paved,,Property Damage Only,0,0,0,0,0,0,1500,1,1,,POINT (-90.973890227604 41.633569524745)
2014789826,14-4180,03/05/2014,03-March,4-Wednesday,13:19,1300 Hours,District 6 (East Central),BETTENDORF,SCOTT,,MIDDLE RD & SAN JOSE CT,Collision with:  Vehicle in traffic,On Roadway,Rear-end (front to rear),Unknown,None Indicated,,Daylight,Wet,Cloudy,None apparent,Intersection:  T-intersection,Paved,,Property Damage Only,0,0,0,0,0,0,6000,2,3,,POINT (-90.511988834024 41.543267970776)
2014791519,CL14000658,03/05/2014,03-March,4-Wednesday,17:22,1700 Hours,District 6 (East Central),CLINTON,CLINTON,,VIRGINIA AVE,Collision with:  Vehicle in traffic,Outside trafficway,Rear-end (front to rear),FTYROW:  From parked position,None Indicated,,Daylight,Dry,Clear,None apparent,Non-intersection:  Driveway access (within),Paved,,Property Damage Only,0,0,0,0,0,0,3000,2,2,,POINT (-90.243337909627 41.816466178221)
2014789381,14-07482,03/05/2014,03-March,4-Wednesday,16:29,1600 Hours,District 5 (Southeast),BURLINGTON,DES MOINES,,MARKET ST & PLANE ST,Collision with fixed object:  Other fixed object (explain in narrative),On Roadway,Non-collision (single vehicle),Ran off road - right,None Indicated,,Daylight,Snow,Snow,"Surface condition (e.g., wet, icy)",Non-intersection:  Non-junction/no special feature,Paved,,Property Damage Only,0,0,0,0,0,0,8200,1,1,,POINT (-91.124819911775 40.809869968592)
2014789618,20140006001,03/05/2014,03-March,4-Wednesday,16:31,1600 Hours,District 1 (Central),DES MOINES,POLK,,ATKINS ST,Collision with:  Parked motor vehicle,On Roadway,Broadside (front to side),Other (explain in narrative):  Other,None Indicated,,Daylight,Dry,Cloudy,None apparent,Non-intersection:  Non-junction/no special feature,Paved,,Property Damage Only,0,0,0,0,0,0,3000,2,1,,POINT (-93.643573586149 41.59741294134)
2014789840,14-6565,03/05/2014,03-March,4-Wednesday,16:26,1600 Hours,District 3 (Northwest),SIOUX CITY,WOODBURY,IA 376,IA 376/S LEWIS BLVD & LEECH AVE,Collision with:  Vehicle in traffic,On Roadway,Rear-end (front to rear),Followed too close,None Indicated,,Daylight,Dry,Clear,None apparent,Intersection:  Four-way intersection,Paved,,Property Damage Only,0,0,0,0,0,0,3000,2,4,,POINT (-96.380363609791 42.487743450437)
2014789785,14-004745,03/05/2014,03-March,4-Wednesday,07:44,0700 Hours,District 5 (Southeast),,MARION,,Co Rd T15/HWY T15,Collision with fixed object:  Ditch,On Roadway,Non-collision (single vehicle),Driving too fast for conditions,None Indicated,,Daylight,Ice/frost,Cloudy,"Surface condition (e.g., wet, icy)",Non-intersection:  Non-junction/no special feature,Paved,,Property Damage Only,0,0,0,0,0,0,6250,1,1,,POINT (-92.995505890717 41.342185140583)
2014844627,2014-000537,03/05/2014,03-March,4-Wednesday,09:54,0900 Hours,District 2 (Northeast),,ALLAMAKEE,,WHALEN HILL RD,Collision with:  Vehicle in traffic,On Roadway,Broadside (front to side),FTYROW:  Making left turn,None Indicated,,Daylight,Snow,Snow,None apparent,Non-intersection:  Driveway access (within),Paved,,Property Damage Only,0,0,0,0,0,0,2750,2,5,,POINT (-91.191322951087 43.335544778372)
2014789602,14-009231,03/05/2014,03-March,4-Wednesday,08:02,0800 Hours,District 5 (Southeast),MUSCATINE,MUSCATINE,,ROSCOE AVE,Collision with:  Vehicle in traffic,On Roadway,"Sideswipe, same direction",FTYROW:  From parked position,None Indicated,,Daylight,Snow,Snow,None apparent,Non-intersection:  Non-junction/no special feature,Paved,,Property Damage Only,0,0,0,0,0,0,1800,2,4,,POINT (-91.05429090507 41.423975456661)
2014790743,,03/05/2014,03-March,4-Wednesday,19:00,1900 Hours,District 5 (Southeast),,WASHINGTON,,Co Rd G36/220TH ST,Collision with:  Animal,On Roadway,Non-collision (single vehicle),Animal,None Indicated,,,Ice/frost,Snow,,,Paved,,Property Damage Only,0,0,0,0,0,0,3800,1,1,,POINT (-91.486562994684 41.336881592619)
2014789486,14-0626,03/05/2014,03-March,4-Wednesday,08:00,0800 Hours,District 1 (Central),FORT DODGE,WEBSTER,,14TH AVE N,Collision with:  Parked motor vehicle,On Roadway,Rear-end (front to rear),Unknown,None Indicated,,Daylight,Snow,Clear,"Surface condition (e.g., wet, icy)",Non-intersection:  Non-junction/no special feature,Paved,,Property Damage Only,0,0,0,0,0,0,2000,2,1,,POINT (-94.179356966871 42.518651627159)
2014790361,14003083,03/05/2014,03-March,4-Wednesday,18:12,1800 Hours,District 5 (Southeast),,APPANOOSE,IA 5,IA 5/IOWA 5 & 555TH ST,Collision with fixed object:  Tree,On Roadway,Non-collision (single vehicle),Swerving/Evasive Action,None Indicated,,Dark - roadway not lighted,Ice/frost,Snow,"Surface condition (e.g., wet, icy)",Non-intersection:  Non-junction/no special feature,Paved,,Major Injury,0,1,1,0,0,0,7000,1,1,,POINT (-92.867572128166 40.674491650652)
2014790189,14021958,03/05/2014,03-March,4-Wednesday,18:55,1800 Hours,District 2 (Northeast),,BLACK HAWK,,Co Rd D35/ELDORA RD,Non-collision events:  Overturn/rollover,On Roadway,Non-collision (single vehicle),Lost Control,None Indicated,,Dark - roadway not lighted,Ice/frost,"Blowing sand, soil, dirt","Surface condition (e.g., wet, icy)",Non-intersection:  Non-junction/no special feature,Paved,,Property Damage Only,0,0,0,0,0,0,2500,1,1,,POINT (-92.467782213454 42.398491549045)
2014790351,2014015621,03/05/2014,03-March,4-Wednesday,17:44,1700 Hours,District 1 (Central),,POLK,I-35,I-35,Collision with:  Vehicle in traffic,On Roadway,"Sideswipe, same direction",Other (explain in narrative):  Other,None Indicated,,Daylight,Dry,Clear,None apparent,Non-intersection:  Non-junction/no special feature,Paved,,Possible/Unknown,0,1,0,0,1,0,10500,2,4,,POINT (-93.601210795712 41.649829998719)
2014789581,14-07520,03/05/2014,03-March,4-Wednesday,21:28,2100 Hours,District 5 (Southeast),BURLINGTON,DES MOINES,,Co Rd D16/E DONALD ST & MT PLEASANT ST & DEHN ST,Collision with:  Vehicle in traffic,On Roadway,Broadside (front to side),Driving too fast for conditions,None Indicated,,Dark - roadway lighted,Snow,Clear,"Surface condition (e.g., wet, icy)",Non-intersection:  Non-junction/no special feature,Paved,,Property Damage Only,0,0,0,0,0,0,2710,2,2,,POINT (-92.268663789204 42.527366967918)
2014794946,SO14-0269,03/05/2014,03-March,4-Wednesday,15:30,1500 Hours,District 2 (Northeast),,WRIGHT,,Co Rd R35/JACKSON AVE,Unknown,,Unknown,Unknown,None Indicated,,,,,,,Paved,,Property Damage Only,0,0,0,0,0,0,5000,1,1,,POINT (-93.793127931204 42.88417651713)
2014790452,S79140074,03/05/2014,03-March,4-Wednesday,11:31,1100 Hours,District 1 (Central),BROOKLYN,POWESHIEK,,W PERSHING DR & E PERSHING DR & JACKSON ST,Collision with:  Vehicle in traffic,On Roadway,Broadside (front to side),FTYROW:  From stop sign,None Indicated,,Daylight,Wet,Cloudy,None apparent,Intersection:  Four-way intersection,Paved,,Property Damage Only,0,0,0,0,0,0,3000,2,2,,POINT (-92.44545780499 41.733605508238)
2014790509,2014015569,03/05/2014,03-March,4-Wednesday,13:15,1300 Hours,District 4 (Southwest),,FREMONT,IA 2,IA 2/IOWA 2,Collision with:  Vehicle in traffic,On Roadway,Rear-end (front to rear),Followed too close,None Indicated,,Daylight,Dry,Cloudy,None apparent,Intersection:  Four-way intersection,Paved,,Property Damage Only,0,0,0,0,0,0,6500,2,2,,POINT (-95.792406787935 40.689357072375)
2014789525,14001227,03/05/2014,03-March,4-Wednesday,06:57,0600 Hours,District 2 (Northeast),ALGONA,KOSSUTH,,S MOORE ST & E COLLEGE ST,Collision with:  Vehicle in traffic,On Roadway,Broadside (front to side),FTYROW:  At uncontrolled intersection,None Indicated,,Daylight,Snow,Clear,None apparent,Non-intersection:  Non-junction/no special feature,Paved,,Property Damage Only,0,0,0,0,0,0,6150,2,2,,POINT (-94.2354579034 43.065895111413)
2014793615,,03/05/2014,03-March,4-Wednesday,20:56,2000 Hours,District 2 (Northeast),HAMPTON,FRANKLIN,,3RD AVE NW & 3RD AVE NE & FEDERAL ST N,Collision with:  Vehicle in traffic,On Roadway,Broadside (front to side),Ran Stop Sign,None Indicated,,Dark - roadway lighted,Snow,Cloudy,"Surface condition (e.g., wet, icy)",Intersection:  Four-way intersection,Paved,,Possible/Unknown,0,3,0,0,3,0,10000,2,3,,POINT (-93.207428205483 42.744567999132)
2014789656,2014-13370,03/05/2014,03-March,4-Wednesday,08:41,0800 Hours,District 6 (East Central),DAVENPORT,SCOTT,,N DIVISION ST,Collision with:  Vehicle in traffic,On Roadway,"Sideswipe, opposite direction",Crossed centerline (undivided),None Indicated,,Daylight,Snow,Snow,None apparent,Non-intersection:  Non-junction/no special feature,Paved,,Property Damage Only,0,0,0,0,0,0,2500,2,2,,POINT (-90.601198677168 41.534329900284)
2014790125,2014-04293,03/05/2014,03-March,4-Wednesday,18:37,1800 Hours,District 5 (Southeast),,WARREN,,Co Rd R63/98TH AVE,Collision with:  Animal,,,Animal,None Indicated,,,,,,,Paved,,Property Damage Only,0,0,0,0,0,0,3000,1,1,,POINT (-93.621444529997 41.445589615819)
2014789541,W14-021826,03/05/2014,03-March,4-Wednesday,12:07,1200 Hours,District 2 (Northeast),WATERLOO,BLACK HAWK,,W 5TH ST & WASHINGTON ST,Collision with:  Vehicle in traffic,On Roadway,Broadside (front to side),Ran Traffic Signal,None Indicated,,Daylight,Dry,Cloudy,None apparent,Intersection:  Four-way intersection,Paved,,Property Damage Only,0,0,0,0,0,0,8000,2,2,,POINT (-92.340682226657 42.492699305273)
2014790191,14-066,03/05/2014,03-March,4-Wednesday,16:36,1600 Hours,District 2 (Northeast),WAVERLY,BREMER,,5TH AVE NW & 8TH ST NW,Collision with:  Parked motor vehicle,Shoulder,"Sideswipe, same direction",Unknown,None Indicated,,Daylight,Snow,Cloudy,None apparent,Non-intersection:  Non-junction/no special feature,Paved,,Property Damage Only,0,0,0,0,0,0,2000,2,1,,POINT (-92.480673828433 42.730493460027)
2014789571,CL14000649,03/05/2014,03-March,4-Wednesday,08:09,0800 Hours,District 6 (East Central),CLINTON,CLINTON,,7TH AVE S,Collision with:  Vehicle in traffic,On Roadway,Rear-end (front to rear),Driving too fast for conditions,None Indicated,,Daylight,Snow,"Fog, smoke, smog","Surface condition (e.g., wet, icy)",Non-intersection:  Non-junction/no special feature,Paved,,Property Damage Only,0,0,0,0,0,0,5000,2,2,,POINT (-90.210329685696 41.838876495235)
2014789485,14-0628,03/05/2014,03-March,4-Wednesday,12:40,1200 Hours,District 1 (Central),FORT DODGE,WEBSTER,,5TH AVE S & S 16TH ST,Collision with:  Vehicle in traffic,On Roadway,Broadside (front to side),FTYROW:  From stop sign,None Indicated,,Daylight,Wet,Cloudy,None apparent,Intersection:  Four-way intersection,Paved,,Property Damage Only,0,0,0,0,0,0,6500,2,5,,POINT (-94.176299552665 42.501031890441)
2014789735,01-14-9155,03/05/2014,03-March,4-Wednesday,09:48,0900 Hours,District 6 (East Central),DUBUQUE,DUBUQUE,US 20,US 20/DODGE ST & US 52/KERRIGAN RD,Collision with:  Vehicle in traffic,On Roadway,Rear-end (front to rear),Driving too fast for conditions,None Indicated,,Daylight,Slush,Cloudy,"Surface condition (e.g., wet, icy)",Non-intersection:  Other non-intersection (explain in narrative),Paved,,Property Damage Only,0,0,0,0,0,0,3000,2,3,,POINT (-90.661193808792 42.491645750779)
2014789620,20140006013,03/05/2014,03-March,4-Wednesday,18:20,1800 Hours,District 1 (Central),DES MOINES,POLK,,S UNION ST,Collision with:  Vehicle in traffic,On Roadway,"Angle, oncoming left turn",FTYROW:  Making left turn,None Indicated,,Dark - roadway lighted,Dry,Clear,None apparent,Non-intersection:  Other non-intersection (explain in narrative),Paved,,Minor Injury,0,1,0,1,0,0,3000,2,2,,POINT (-93.61612058254 41.540754413466)
2014797667,14-021986,03/05/2014,03-March,4-Wednesday,20:40,2000 Hours,District 2 (Northeast),DUNKERTON,BLACK HAWK,,Co Rd V51/S CANFIELD RD,Non-collision events:  Overturn/rollover,Shoulder,Non-collision (single vehicle),Ran off road - left,None Indicated,,Dark - roadway not lighted,Ice/frost,"Blowing sand, soil, dirt","Surface condition (e.g., wet, icy)",Non-intersection:  Non-junction/no special feature,Paved,,Property Damage Only,0,0,0,0,0,0,7500,1,1,,POINT (-92.161297626192 42.453675397529)
2014790507,2014015485,03/05/2014,03-March,4-Wednesday,09:38,0900 Hours,District 6 (East Central),,CEDAR,I-80,I-80,Collision with fixed object:  Guardrail - face,On Roadway,Non-collision (single vehicle),Ran off road - left,None Indicated,,Daylight,Ice/frost,Snow,"Surface condition (e.g., wet, icy)",Non-intersection:  Non-junction/no special feature,Paved,,Property Damage Only,0,0,0,0,0,0,5000,1,2,,POINT (-90.960443960518 41.633583828656)
2014790585,4514-018,03/05/2014,03-March,4-Wednesday,04:52,0400 Hours,District 2 (Northeast),,HOWARD,US 63,US 63,Collision with:  Vehicle in traffic,On Roadway,Head-on (front to front),Swerving/Evasive Action,None Indicated,,Dark - roadway not lighted,Snow,"Blowing sand, soil, dirt",None apparent,Non-intersection:  Non-junction/no special feature,Paved,,Minor Injury,0,1,0,1,0,0,32500,2,2,,POINT (-92.298864282205 43.285711464397)
2014789667,2014-13363,03/05/2014,03-March,4-Wednesday,08:07,0800 Hours,District 6 (East Central),DAVENPORT,SCOTT,US 67,US 67/W RIVER DR & IA 461/HARRISON ST,Collision with:  Vehicle in traffic,On Roadway,Rear-end (front to rear),Other (explain in narrative):  No improper action,None Indicated,,Daylight,Slush,Snow,"Surface condition (e.g., wet, icy)",Non-intersection:  Non-junction/no special feature,Paved,,Property Damage Only,0,0,0,0,0,0,4000,2,2,,POINT (-90.577033319436 41.520223295718)
2014792259,2014-13435,03/05/2014,03-March,4-Wednesday,15:49,1500 Hours,District 6 (East Central),DAVENPORT,SCOTT,,IA 461/HARRISON ST & W LOCUST ST,Collision with:  Vehicle in traffic,On Roadway,Rear-end (front to rear),Followed too close,None Indicated,,Daylight,Wet,Cloudy,None apparent,Non-intersection:  Non-junction/no special feature,Paved,,Possible/Unknown,0,1,0,0,1,0,5500,2,3,,POINT (-90.577233957256 41.538285400634)