Iowa DOT Case Number,Law Enforcement Case Number,Date of Crash,Month of Crash,Day of Week,Time of Crash,Hour,DOT District,City Name,County Name,Route with System,Location Description,First Harmful Event,Location of First Harmful Event,Manner of Crash/Collision,Major Cause,Drug or Alcohol ,Environmental Conditions,Light Conditions,Surface Conditions,Weather Conditions,Roadway Contribution,Roadway Type,Roadway Surface,Work Zone,Crash Severity,Number of Fatalities,Number of Injuries,Number of Major Injuries,Number of Minor Injuries,Number of Possible Injuries,Number of Unknown Injuries,Amount of Property Damage,Number of Vehicles Involved,Total Number of Occupants,Travel Direction,Location
2014789899,W14-022259,03/06/2014,03-March,5-Thursday,16:52,1600 Hours,District 2 (Northeast),WATERLOO,BLACK HAWK,,FLAMMANG DR,Collision with:  Vehicle in traffic,On Roadway,Broadside (front to side),FTYROW:  From stop sign,None Indicated,,Daylight,Dry,Clear,None apparent,Intersection:  Four-way intersection,Paved,,Property Damage Only,0,0,0,0,0,0,4000,2,2,,POINT (-92.325869080543 42.460156006634)
2014792603,1401486,03/06/2014,03-March,5-Thursday,13:17,1300 Hours,District 5 (Southeast),WASHINGTON,WASHINGTON,IA 92,IA 92/S 2ND AVE/E WASHINGTON ST,Collision with fixed object:  Other fixed object (explain in narrative),On Roadway,Non-collision (single vehicle),Unknown,None Indicated,,Daylight,Slush,Cloudy,None apparent,Unknown,Paved,,Property Damage Only,0,0,0,0,0,0,3050,1,1,,POINT (-91.690404864767 41.298389139604)
2014791321,2014015911,03/06/2014,03-March,5-Thursday,22:30,2200 Hours,District 6 (East Central),IOWA CITY,JOHNSON,US 218,US 218,Collision with:  Animal,,,Animal,None Indicated,,,,,,,Paved,,Property Damage Only,0,0,0,0,0,0,7000,1,1,,POINT (-91.593066061133 41.653662523774)
2014792362,14031737,03/06/2014,03-March,5-Thursday,04:42,0400 Hours,District 6 (East Central),,JOHNSON,US 218,US 218,Collision with fixed object:  Guardrail - face,Shoulder,Non-collision (single vehicle),Swerving/Evasive Action,None Indicated,,Dark - roadway not lighted,Ice/frost,Clear,"Surface condition (e.g., wet, icy)",Non-intersection:  Non-junction/no special feature,Paved,,Property Damage Only,0,0,0,0,0,0,16000,1,1,,POINT (-91.545499297467 41.583590952623)
2014795412,ACC14-008,03/06/2014,03-March,5-Thursday,13:25,1300 Hours,District 2 (Northeast),CRESCO,HOWARD,,5TH AVE W & 5TH AVE E & N ELM ST,Collision with:  Vehicle in traffic,On Roadway,Broadside (front to side),FTYROW:  From stop sign,None Indicated,,Daylight,Ice/frost,Clear,"Surface condition (e.g., wet, icy)",Intersection:  Four-way intersection,Paved,,Property Damage Only,0,0,0,0,0,0,9000,2,3,,POINT (-92.115461024118 43.377105545428)
2014790273,14-000467,03/06/2014,03-March,5-Thursday,22:12,2200 Hours,District 1 (Central),ALTOONA,POLK,,8TH ST SW,Collision with:  Vehicle in traffic,On Roadway,Rear-end (front to rear),Other (explain in narrative):  Other,None Indicated,,Dark - roadway lighted,Wet,Cloudy,None apparent,Non-intersection:  Non-junction/no special feature,Paved,,Possible/Unknown,0,1,0,0,0,1,4000,2,2,,POINT (-93.505994644102 41.644145691945)
2014789775,201403247,03/06/2014,03-March,5-Thursday,15:06,1500 Hours,District 6 (East Central),CEDAR RAPIDS,LINN,I-380,I-380,Collision with:  Vehicle in traffic,On Roadway,Rear-end (front to rear),Other (explain in narrative):  Other,None Indicated,,Daylight,Dry,Clear,None apparent,Non-intersection:  Non-junction/no special feature,Paved,,Major Injury,0,1,1,0,0,0,8000,3,7,,POINT (-91.673146022953 41.970317491317)
2014790764,14003447,03/06/2014,03-March,5-Thursday,11:24,1100 Hours,District 2 (Northeast),MASON CITY,CERRO GORDO,,CAROLINA TER & S CAROLINA AVE,Collision with:  Vehicle in traffic,On Roadway,Rear-end (front to rear),FTYROW:  Other (explain in narrative),None Indicated,,Daylight,Wet,Cloudy,None apparent,Intersection:  T-intersection,Paved,,Property Damage Only,0,0,0,0,0,0,2000,2,3,,POINT (-93.191163240071 43.132026347926)
2014790372,14-07563,03/06/2014,03-March,5-Thursday,10:11,1000 Hours,District 5 (Southeast),BURLINGTON,DES MOINES,,CENTRAL AVE,Collision with:  Parked motor vehicle,Roadside,Unknown,Driving too fast for conditions,None Indicated,,Daylight,Slush,Clear,None apparent,Non-intersection:  Non-junction/no special feature,Paved,,Property Damage Only,0,0,0,0,0,0,1900,2,1,,POINT (-91.111727915062 40.811250762684)
2014789768,2014002503,03/06/2014,03-March,5-Thursday,14:45,1400 Hours,District 6 (East Central),IOWA CITY,JOHNSON,I-80,I-80,Collision with:  Vehicle in traffic,On Roadway,"Sideswipe, same direction",Other (explain in narrative):  Other,None Indicated,,Daylight,Dry,Clear,None apparent,Intersection:  Intersection with ramp,Paved,,Property Damage Only,0,0,0,0,0,0,6000,2,2,,POINT (-91.500492443979 41.685465876125)
2014790524,,03/06/2014,03-March,5-Thursday,15:50,1500 Hours,District 2 (Northeast),HINTON,WINNEBAGO,US 75,US 75/FLOYD AVE & IA 9/430TH ST & MAIN ST,Non-collision events:  Overturn/rollover,On Roadway,Non-collision (single vehicle),Driving too fast for conditions,None Indicated,,Daylight,Ice/frost,Snow,"Surface condition (e.g., wet, icy)",Non-intersection:  Non-junction/no special feature,Paved,,Property Damage Only,0,0,0,0,0,0,2000,1,3,,POINT (-93.902121493998 43.385711492224)
2014815488,,03/06/2014,03-March,5-Thursday,04:32,0400 Hours,District 3 (Northwest),LAKE VIEW,SAC,,6TH ST,Collision with:  Vehicle in traffic,On Roadway,,Ran off road - right,Alcohol (Statutory),,Dark - roadway lighted,Dry,Clear,None apparent,,Paved,,Property Damage Only,0,0,0,0,0,0,5000,2,1,,POINT (-95.05438491313 42.308677501731)
2014789727,CL14000670,03/06/2014,03-March,5-Thursday,11:08,1100 Hours,District 6 (East Central),CLINTON,CLINTON,,ROOSEVELT ST,Collision with:  Parked motor vehicle,On Roadway,Rear-end (front to rear),Other (explain in narrative):  Other,None Indicated,,Daylight,Ice/frost,Cloudy,"Surface condition (e.g., wet, icy)",Non-intersection:  Non-junction/no special feature,Paved,,Property Damage Only,0,0,0,0,0,0,1600,2,1,,POINT (-90.177381382538 41.875813713313)
2014790490,201400010951,03/06/2014,03-March,5-Thursday,07:51,0700 Hours,District 5 (Southeast),OTTUMWA,WAPELLO,,TRAXLER DR,Collision with:  Non-motorist (see non-motorist section - NOT a unit),On Roadway,Non-collision (single vehicle),Swerving/Evasive Action,None Indicated,,Daylight,Snow,Clear,"Surface condition (e.g., wet, icy)",Non-intersection:  Driveway access (within),Paved,,Minor Injury,0,1,0,1,0,0,0,1,2,,POINT (-92.435258333029 40.994075945972)
2014790514,2014015916,03/06/2014,03-March,5-Thursday,19:58,1900 Hours,District 1 (Central),,WEBSTER,,Co Rd D20/200TH ST,Collision with:  Parked motor vehicle,On Roadway,Rear-end (front to rear),Driving too fast for conditions,None Indicated,,Dark - roadway not lighted,Ice/frost,"Blowing sand, soil, dirt","Surface condition (e.g., wet, icy)",Non-intersection:  Non-junction/no special feature,Paved,,Property Damage Only,0,0,0,0,0,0,3000,2,1,,POINT (-94.09961741689 42.501253029351)
2014789739,01-14-9342,03/06/2014,03-March,5-Thursday,13:51,1300 Hours,District 6 (East Central),DUBUQUE,DUBUQUE,,PENNSYLVANIA AVE,Collision with:  Vehicle in traffic,On Roadway,Rear-end (front to rear),Lost Control,None Indicated,,Daylight,Dry,Clear,None apparent,Non-intersection:  Non-junction/no special feature,Paved,,Possible/Unknown,0,2,0,0,2,0,18000,3,3,,POINT (-90.73429456538 42.501201672419)
2014790467,2014-13606,03/06/2014,03-March,5-Thursday,14:23,1400 Hours,District 6 (East Central),DAVENPORT,SCOTT,,S CONCORD ST & ROCKINGHAM RD,Collision with:  Vehicle in traffic,On Roadway,Broadside (front to side),Ran Traffic Signal,None Indicated,,Daylight,Dry,Clear,None apparent,Intersection:  Four-way intersection,Paved,,Property Damage Only,0,0,0,0,0,0,7000,2,3,,POINT (-90.62095460739 41.510396056167)
2014791626,AP03061401,03/06/2014,03-March,5-Thursday,06:45,0600 Hours,District 5 (Southeast),RICHLAND,KEOKUK,,OAK ST,Collision with:  Parked motor vehicle,On Roadway,Unknown,Crossed centerline (undivided),None Indicated,,Dawn,Ice/frost,Clear,"Surface condition (e.g., wet, icy)",Non-intersection:  Non-junction/no special feature,Paved,,Property Damage Only,0,0,0,0,0,0,5000,2,1,,POINT (-91.993693087359 41.180683427858)
2014791510,14-002224,03/06/2014,03-March,5-Thursday,16:10,1600 Hours,District 3 (Northwest),,CARROLL,US 71,US 71,Collision with:  Vehicle in traffic,On Roadway,"Sideswipe, opposite direction",Crossed centerline (undivided),None Indicated,,Daylight,Dry,Cloudy,None apparent,Non-intersection:  Non-junction/no special feature,Paved,,Property Damage Only,0,0,0,0,0,0,2000,2,3,,POINT (-94.878967628557 42.006809369074)
2014820410,2014-06-CS,03/06/2014,03-March,5-Thursday,23:08,2300 Hours,District 3 (Northwest),,DICKINSON,,Co Rd M56/260TH AVE,Collision with:  Animal,,,Animal,None Indicated,,,,,,,Paved,,Property Damage Only,0,0,0,0,0,0,3000,1,1,,POINT (-95.067488299448 43.392881263569)
2014789919,14-064,03/06/2014,03-March,5-Thursday,17:14,1700 Hours,District 2 (Northeast),WAVERLY,BREMER,,4TH ST NW,Collision with:  Vehicle in traffic,On Roadway,Rear-end (front to rear),Followed too close,None Indicated,,Daylight,Slush,Clear,"Surface condition (e.g., wet, icy)",Non-intersection:  Non-junction/no special feature,Paved,,Property Damage Only,0,0,0,0,0,0,5000,2,2,,POINT (-92.475689827846 42.726157122345)
2014789945,14-317,03/06/2014,03-March,5-Thursday,08:58,0800 Hours,District 3 (Northwest),SPIRIT LAKE,DICKINSON,US 71,US 71/18TH ST & GARY AVE,Collision with:  Vehicle in traffic,On Roadway,Broadside (front to side),Ran Traffic Signal,None Indicated,,Daylight,Wet,Rain,None apparent,Intersection:  Four-way intersection,Paved,,Property Damage Only,0,0,0,0,0,0,11000,2,3,,POINT (-95.100717945677 43.42262826876)
2014794193,,03/06/2014,03-March,5-Thursday,17:47,1700 Hours,District 2 (Northeast),CLEAR LAKE,CERRO GORDO,,3RD AVE N & N SHORE DR,Collision with:  Vehicle in traffic,On Roadway,Broadside (front to side),FTYROW:  From stop sign,None Indicated,,Daylight,Snow,Cloudy,None apparent,Intersection:  Four-way intersection,Paved,,Property Damage Only,0,0,0,0,0,0,8000,2,2,,POINT (-93.385435133864 43.137606144956)
2014790081,14-4466,03/06/2014,03-March,5-Thursday,18:37,1800 Hours,District 6 (East Central),,SCOTT,,Co Rd F33/290 ST,Collision with:  Animal,On Roadway,Non-collision (single vehicle),Animal,None Indicated,,,,,,,Paved,,Property Damage Only,0,0,0,0,0,0,1501,1,1,,POINT (-90.546081524176 41.727710659561)
2014789853,AC14-017,03/06/2014,03-March,5-Thursday,07:00,0700 Hours,District 1 (Central),STORY CITY,STORY,,CEDAR ST & PARK AVE,Collision with:  Vehicle in traffic,On Roadway,Broadside (front to side),FTYROW:  At uncontrolled intersection,None Indicated,,Daylight,Snow,Cloudy,"Surface condition (e.g., wet, icy)",Non-intersection:  Non-junction/no special feature,Paved,,Property Damage Only,0,0,0,0,0,0,3000,2,3,,POINT (-93.597784321091 42.183083231554)
2014808108,,03/06/2014,03-March,5-Thursday,21:30,2100 Hours,District 2 (Northeast),,FLOYD,IA 14,IA 14/IOWA 14,Collision with fixed object:  Traffic sign support,Unknown,Non-collision (single vehicle),Unknown,None Indicated,,,,,,,Paved,,Possible/Unknown,0,1,0,0,0,1,2718,1,1,,POINT (-92.808337448075 43.059571798604)
2014792650,2014015673,03/06/2014,03-March,5-Thursday,07:30,0700 Hours,District 1 (Central),CLIVE,POLK,I-35,I-35,Collision with fixed object:  Concrete traffic barrier (median or right side),Shoulder,Non-collision (single vehicle),Swerving/Evasive Action,None Indicated,,Daylight,Dry,Cloudy,None apparent,Non-intersection:  Non-junction/no special feature,Paved,,Property Damage Only,0,0,0,0,0,0,4500,1,1,,POINT (-93.776873542286 41.607416099619)
2014789772,201403232,03/06/2014,03-March,5-Thursday,08:18,0800 Hours,District 6 (East Central),CEDAR RAPIDS,LINN,,HOLLYWOOD BLVD NE,Collision with:  Vehicle in traffic,On Roadway,"Sideswipe, same direction",FTYROW:  From parked position,None Indicated,,Daylight,Dry,Clear,None apparent,Non-intersection:  Non-junction/no special feature,Paved,,Property Damage Only,0,0,0,0,0,0,3500,2,2,,POINT (-91.663737332165 42.016825560178)
2014789731,14-07550,03/06/2014,03-March,5-Thursday,07:15,0700 Hours,District 5 (Southeast),BURLINGTON,DES MOINES,,HARRISON AVE & MASON RD,Collision with:  Vehicle in traffic,On Roadway,"Sideswipe, opposite direction",Crossed centerline (undivided),None Indicated,,Daylight,Ice/frost,Clear,"Surface condition (e.g., wet, icy)",Non-intersection:  Non-junction/no special feature,Paved,,Property Damage Only,0,0,0,0,0,0,6000,2,5,,POINT (-91.122149711813 40.789784089622)
2014789813,20140006109,03/06/2014,03-March,5-Thursday,17:59,1700 Hours,District 1 (Central),DES MOINES,POLK,,INDIANOLA AVE,Collision with:  Vehicle in traffic,On Roadway,Broadside (front to side),FTYROW:  From driveway,None Indicated,,Dusk,Dry,Cloudy,None apparent,Non-intersection:  Driveway access (within),Paved,,Property Damage Only,0,0,0,0,0,0,9587,2,2,,POINT (-93.596245480801 41.55275785621)
2014790055,14-0505,03/06/2014,03-March,5-Thursday,19:57,1900 Hours,District 1 (Central),URBANDALE,POLK,I-35,I-35 & IA 141/IOWA 141,Collision with:  Vehicle in traffic,On Roadway,Rear-end (front to rear),Followed too close,None Indicated,,Dark - roadway lighted,Dry,Clear,None apparent,Non-intersection:  Non-junction/no special feature,Paved,,Property Damage Only,0,0,0,0,0,0,3000,2,5,,POINT (-93.775015348285 41.650680990317)
2014793364,20140006133,03/06/2014,03-March,5-Thursday,22:29,2200 Hours,District 1 (Central),DES MOINES,POLK,US 69,US 69/E 14TH ST,Collision with:  Vehicle in traffic,On Roadway,Broadside (front to side),Ran Traffic Signal,Alcohol (Statutory),,Dark - roadway lighted,Dry,Clear,None apparent,Intersection:  Four-way intersection,Paved,,Minor Injury,0,2,0,1,1,0,20000,2,2,,POINT (-93.600404806667 41.600510793158)
2014789815,14-1128,03/06/2014,03-March,5-Thursday,14:49,1400 Hours,District 4 (Southwest),WEST DES MOINES,DALLAS,,STAGECOACH DR & MILLS CIVIC PKWY,Collision with:  Vehicle in traffic,On Roadway,Rear-end (front to rear),Followed too close,None Indicated,,Daylight,Dry,Clear,None apparent,Intersection:  Four-way intersection,Paved,,Property Damage Only,0,0,0,0,0,0,1900,2,2,,POINT (-93.794256905826 41.559919345932)
2014790177,14-022302,03/06/2014,03-March,5-Thursday,18:04,1800 Hours,District 2 (Northeast),,BLACK HAWK,,Co Rd V51/S CANFIELD RD,Collision with:  Vehicle in traffic,On Roadway,Rear-end (front to rear),Followed too close,None Indicated,,Dusk,Dry,Clear,None apparent,Non-intersection:  Railroad grade crossing,Paved,,Property Damage Only,0,0,0,0,0,0,5000,2,2,,POINT (-92.159851909913 42.472667153445)
2014791896,2014-0053,03/06/2014,03-March,5-Thursday,15:34,1500 Hours,District 5 (Southeast),CARLISLE,WARREN,,S 1ST ST,Collision with:  Vehicle in traffic,On Roadway,Rear-end (front to rear),Followed too close,None Indicated,,Daylight,Dry,Clear,None apparent,Non-intersection:  Non-junction/no special feature,Paved,,Property Damage Only,0,0,0,0,0,0,3500,2,4,,POINT (-93.486668869503 41.498067633833)
2014789842,14-6607,03/06/2014,03-March,5-Thursday,02:36,0200 Hours,District 3 (Northwest),SIOUX CITY,WOODBURY,,W 2ND ST,Collision with fixed object:  Utility pole/light support,On Roadway,Non-collision (single vehicle),Ran off road - right,None Indicated,,Dark - roadway lighted,Ice/frost,Clear,"Surface condition (e.g., wet, icy)",Non-intersection:  Non-junction/no special feature,Paved,,Property Damage Only,0,0,0,0,0,0,10050,1,2,,POINT (-96.433246772057 42.49812759675)
2014808037,2014015671,03/06/2014,03-March,5-Thursday,05:45,0500 Hours,District 2 (Northeast),,BLACK HAWK,,Co Rd C57/E CEDAR-WAPSI RD,Collision with fixed object:  Mailbox,Roadside,Non-collision (single vehicle),Ran off road - right,None Indicated,,Dark - roadway not lighted,Dry,Cloudy,None apparent,Non-intersection:  Non-junction/no special feature,Paved,,Minor Injury,0,1,0,1,0,0,2250,1,1,,POINT (-92.30139944099 42.61404403809)
2014789845,14-6680,03/06/2014,03-March,5-Thursday,18:36,1800 Hours,District 3 (Northwest),SIOUX CITY,WOODBURY,,FLOYD BLVD & OUTER DR N,Collision with:  Vehicle in traffic,On Roadway,"Angle, oncoming left turn",FTYROW:  Making left turn,None Indicated,,Dark - roadway lighted,Dry,Clear,None apparent,Intersection:  Four-way intersection,Paved,,Property Damage Only,0,0,0,0,0,0,5000,2,2,,POINT (-96.370246023019 42.533991678794)
2014789769,2014002512,03/06/2014,03-March,5-Thursday,17:30,1700 Hours,District 6 (East Central),IOWA CITY,JOHNSON,,E WASHINGTON ST,Collision with:  Vehicle in traffic,On Roadway,Broadside (front to side),Made improper turn,None Indicated,,Daylight,Dry,Clear,None apparent,Non-intersection:  Non-junction/no special feature,Paved,,Property Damage Only,0,0,0,0,0,0,2001,2,2,,POINT (-91.5317200402 41.660100601878)
2014790009,14-0274,03/06/2014,03-March,5-Thursday,13:25,1300 Hours,District 1 (Central),CLIVE,POLK,,NW 118TH ST & UNIVERSITY AVE,Collision with:  Vehicle in traffic,On Roadway,Rear-end (front to rear),Other (explain in narrative):  Other,None Indicated,,Daylight,Dry,Cloudy,None apparent,Intersection:  Four-way intersection,Paved,,Property Damage Only,0,0,0,0,0,0,4500,2,2,,POINT (-93.781613783831 41.600439424671)
2014789806,20140006071,03/06/2014,03-March,5-Thursday,11:58,1100 Hours,District 1 (Central),DES MOINES,POLK,US 6,US 6/DOUGLAS AVE,Collision with:  Vehicle in traffic,On Roadway,"Sideswipe, same direction",Equipment failure,None Indicated,,Daylight,Dry,Cloudy,None apparent,Non-intersection:  Non-junction/no special feature,Paved,,Property Damage Only,0,0,0,0,0,0,11000,3,5,,POINT (-93.652688111581 41.627877975388)
2014806802,32022-14,03/06/2014,03-March,5-Thursday,14:30,1400 Hours,District 3 (Northwest),,EMMET,IA 9,IA 9/IOWA 9,Collision with fixed object:  Guardrail - face,On Roadway,Non-collision (single vehicle),Crossed centerline (undivided),None Indicated,,Daylight,Snow,Snow,None apparent,Non-intersection:  Other non-intersection (explain in narrative),Paved,,Possible/Unknown,0,1,0,0,1,0,5300,1,1,,POINT (-94.519648452396 43.399684047607)
2014789811,20140006045,03/06/2014,03-March,5-Thursday,07:53,0700 Hours,District 1 (Central),DES MOINES,POLK,,FLEUR DR,Collision with:  Vehicle in traffic,On Roadway,Rear-end (front to rear),Followed too close,None Indicated,,Daylight,Dry,Cloudy,None apparent,Non-intersection:  Non-junction/no special feature,Paved,,Property Damage Only,0,0,0,0,0,0,1600,2,2,,POINT (-93.644975848424 41.559871824703)
2014789797,14-001070,03/06/2014,03-March,5-Thursday,18:45,1800 Hours,District 1 (Central),ANKENY,POLK,US 69,US 69/N ANKNEY BLVD & NW AUTUMN CREST DR,Collision with:  Vehicle in traffic,On Roadway,"Sideswipe, same direction",Unknown,None Indicated,,Dark - roadway lighted,Dry,Clear,None apparent,Non-intersection:  Non-junction/no special feature,Paved,,Property Damage Only,0,0,0,0,0,0,2000,2,4,,POINT (-93.600277821493 41.762648455716)
2014789761,SO1400733,03/06/2014,03-March,5-Thursday,01:45,0100 Hours,District 5 (Southeast),,JEFFERSON,,Co Rd H43/LIBERTYVILLE RD & KEY BLVD,Collision with fixed object:  Tree,Outside trafficway,Non-collision (single vehicle),Driving too fast for conditions,Alcohol (Statutory),,Unknown,Snow,Cloudy,"Surface condition (e.g., wet, icy)",Intersection:  T-intersection,Paved,,Property Damage Only,0,0,0,0,0,0,11000,1,1,,POINT (-91.980403771607 40.987842311172)
2014793587,,03/06/2014,03-March,5-Thursday,12:22,1200 Hours,District 2 (Northeast),HAMPTON,FRANKLIN,IA 3,IA 3/CENTRAL AVE W,Collision with:  Vehicle in traffic,On Roadway,Broadside (front to side),FTYROW:  From driveway,None Indicated,,Daylight,Snow,Clear,None apparent,Non-intersection:  Driveway access (within),Paved,,Property Damage Only,0,0,0,0,0,0,2050,2,2,,POINT (-93.213222240363 42.74176565653)
2014790677,14-0124,03/06/2014,03-March,5-Thursday,18:15,1800 Hours,District 1 (Central),,WEBSTER,,Co Rd P73/UNION AVE,Collision with fixed object:  Ditch,On Roadway,Non-collision (single vehicle),Driving too fast for conditions,None Indicated,,Dusk,Ice/frost,"Blowing sand, soil, dirt","Surface condition (e.g., wet, icy)",Non-intersection:  Non-junction/no special feature,Paved,,Property Damage Only,0,0,0,0,0,0,4500,1,1,,POINT (-94.010212594818 42.460406285983)
2014808038,2014015872,03/06/2014,03-March,5-Thursday,17:00,1700 Hours,District 2 (Northeast),CEDAR FALLS,BLACK HAWK,,Co Rd D18/UNIVERSITY AVE,Non-collision events:  Overturn/rollover,On Roadway,Non-collision (single vehicle),Driving too fast for conditions,None Indicated,,Daylight,Ice/frost,Cloudy,"Surface condition (e.g., wet, icy)",Non-intersection:  Non-junction/no special feature,Paved,,Minor Injury,0,1,0,1,0,0,5000,1,1,,POINT (-92.527228265222 42.480391022768)
2014789682,14-0644,03/06/2014,03-March,5-Thursday,15:50,1500 Hours,District 1 (Central),FORT DODGE,WEBSTER,,10TH AVE N,Collision with:  Vehicle in traffic,On Roadway,Rear-end (front to rear),Other (explain in narrative):  Other,None Indicated,,Daylight,Dry,Clear,None apparent,Non-intersection:  Non-junction/no special feature,Paved,,Minor Injury,0,1,0,1,0,0,6000,3,3,,POINT (-94.163158535157 42.515638193087)
2014789832,14-2471,03/06/2014,03-March,5-Thursday,12:45,1200 Hours,District 3 (Northwest),,SIOUX,,Co Rd B44/400TH ST,Non-collision events:  Overturn/rollover,Shoulder,Non-collision (single vehicle),Driving too fast for conditions,None Indicated,,Daylight,Snow,Clear,"Surface condition (e.g., wet, icy)",Non-intersection:  Non-junction/no special feature,Paved,,Property Damage Only,0,0,0,0,0,0,8500,1,3,,POINT (-96.204057287532 43.069792834606)
2014790513,2014015906,03/06/2014,03-March,5-Thursday,21:01,2100 Hours,District 4 (Southwest),,POTTAWATTAMIE,I-80,I-80,Collision with:  Other non-fixed object (explain in narrative),On Roadway,Non-collision (single vehicle),Ran off road - left,None Indicated,,Dark - roadway not lighted,Dry,Cloudy,None apparent,Non-intersection:  Non-junction/no special feature,Paved,,Property Damage Only,0,0,0,0,0,0,4500,1,4,,POINT (-95.317097909898 41.497962538313)
2014844628,2014-000552,03/06/2014,03-March,5-Thursday,23:14,2300 Hours,District 2 (Northeast),,ALLAMAKEE,,Co Rd A52/ELON DR,Collision with:  Parked motor vehicle,On Roadway,Rear-end (front to rear),Driving too fast for conditions,None Indicated,,Dark - roadway not lighted,Ice/frost,"Blowing sand, soil, dirt","Surface condition (e.g., wet, icy)",Non-intersection:  Non-junction/no special feature,Paved,,Property Damage Only,0,0,0,0,0,0,7500,2,3,,POINT (-91.401807017808 43.264484219815)
2014789924,14001224,03/06/2014,03-March,5-Thursday,00:21,0000 Hours,District 2 (Northeast),,CERRO GORDO,I-35,I-35,Non-collision events:  Overturn/rollover,Median,Non-collision (single vehicle),Ran off road - left,Alcohol (Statutory),,Dark - roadway not lighted,Ice/frost,Clear,"Surface condition (e.g., wet, icy)",Non-intersection:  Non-junction/no special feature,Paved,,Major Injury,0,1,1,0,0,0,5000,1,2,,POINT (-93.348832732065 43.215984306286)
2014789802,20140006087,03/06/2014,03-March,5-Thursday,14:36,1400 Hours,District 1 (Central),DES MOINES,POLK,,HICKMAN RD,Collision with:  Vehicle in traffic,On Roadway,Rear-end (front to rear),Improper Backing,None Indicated,,Daylight,Dry,Cloudy,None apparent,Non-intersection:  Non-junction/no special feature,Paved,,Property Damage Only,0,0,0,0,0,0,4500,2,2,,POINT (-93.680955022053 41.614878760007)
2014793245,SA1401477,03/06/2014,03-March,5-Thursday,00:31,0000 Hours,District 5 (Southeast),,WASHINGTON,,Co Rd G26/190TH ST,Non-collision events:  Overturn/rollover,Outside trafficway,Non-collision (single vehicle),Driving too fast for conditions,None Indicated,,Dark - roadway not lighted,Ice/frost,Cloudy,"Surface condition (e.g., wet, icy)",Non-intersection:  Non-junction/no special feature,Paved,,Major Injury,0,2,1,1,0,0,5000,1,2,,POINT (-91.937831556479 41.381195258059)
2014790928,CL14000674,03/06/2014,03-March,5-Thursday,22:04,2200 Hours,District 6 (East Central),CLINTON,CLINTON,,GARFIELD ST,Collision with:  Non-motorist (see non-motorist section - NOT a unit),On Roadway,Non-collision (single vehicle),Other (explain in narrative):  Other,Refused,,Dark - roadway lighted,Ice/frost,Clear,Unknown,Non-intersection:  Non-junction/no special feature,Paved,,Possible/Unknown,0,1,0,0,1,0,0,1,3,,POINT (-90.177221099825 41.872612762055)
2014790744,,03/06/2014,03-March,5-Thursday,11:50,1100 Hours,District 6 (East Central),CEDAR RAPIDS,LINN,,COUNCIL ST NE,Collision with:  Vehicle in traffic,On Roadway,Rear-end (front to rear),Unknown,None Indicated,,Daylight,Dry,Clear,,Non-intersection:  Non-junction/no special feature,Paved,,Property Damage Only,0,0,0,0,0,0,7000,2,3,,POINT (-91.658347499682 42.035360824596)
2014794194,,03/06/2014,03-March,5-Thursday,13:40,1300 Hours,District 2 (Northeast),CLEAR LAKE,CERRO GORDO,,4TH AVE S,Collision with:  Vehicle in traffic,On Roadway,"Sideswipe, opposite direction",Crossed centerline (undivided),None Indicated,,Daylight,Ice/frost,"Blowing sand, soil, dirt","Surface condition (e.g., wet, icy)",Non-intersection:  Non-junction/no special feature,Paved,,Minor Injury,0,1,0,1,0,0,20500,3,3,,POINT (-93.32052743209 43.133592100389)
2014790510,2014015809,03/06/2014,03-March,5-Thursday,13:00,1300 Hours,District 3 (Northwest),,SAC,,YANKEE AVE,Collision with fixed object:  Traffic sign support,On Roadway,Non-collision (single vehicle),Driving too fast for conditions,None Indicated,,Daylight,Slush,"Blowing sand, soil, dirt","Surface condition (e.g., wet, icy)",Non-intersection:  Non-junction/no special feature,Unpaved,,Property Damage Only,0,0,0,0,0,0,2100,1,1,,POINT (-94.876232980628 42.450031148669)
2014791126,891401345,03/06/2014,03-March,5-Thursday,05:41,0500 Hours,District 5 (Southeast),,VAN BUREN,,Co Rd J40/RTE J40,Non-collision events:  Overturn/rollover,Outside trafficway,Non-collision (single vehicle),Driving too fast for conditions,None Indicated,,Dark - roadway not lighted,Ice/frost,Cloudy,None apparent,Non-intersection:  Non-junction/no special feature,Paved,,Property Damage Only,0,0,0,0,0,0,5000,1,1,,POINT (-91.985957635473 40.745794800335)
2014789726,CL14000665,03/06/2014,03-March,5-Thursday,02:14,0200 Hours,District 6 (East Central),CLINTON,CLINTON,,S 4TH ST,Collision with:  Parked motor vehicle,On Roadway,Rear-end (front to rear),Ran off road - right,Alcohol (Statutory),,Dark - roadway lighted,Snow,Cloudy,None apparent,Non-intersection:  Non-junction/no special feature,Paved,,Property Damage Only,0,0,0,0,0,0,5000,2,777,,POINT (-90.193249276021 41.845295395564)
2014789808,20140006136,03/06/2014,03-March,5-Thursday,23:20,2300 Hours,District 1 (Central),DES MOINES,POLK,,E HULL AVE & COLUMBIA ST,Collision with:  Vehicle in traffic,On Roadway,Rear-end (front to rear),Followed too close,Alcohol (Statutory),,Dark - roadway lighted,Wet,Cloudy,None apparent,Intersection:  Four-way intersection,Paved,,Property Damage Only,0,0,0,0,0,0,3000,2,5,,POINT (-93.613882884871 41.622264102492)