Iowa DOT Case Number,Law Enforcement Case Number,Date of Crash,Month of Crash,Day of Week,Time of Crash,Hour,DOT District,City Name,County Name,Route with System,Location Description,First Harmful Event,Location of First Harmful Event,Manner of Crash/Collision,Major Cause,Drug or Alcohol ,Environmental Conditions,Light Conditions,Surface Conditions,Weather Conditions,Roadway Contribution,Roadway Type,Roadway Surface,Work Zone,Crash Severity,Number of Fatalities,Number of Injuries,Number of Major Injuries,Number of Minor Injuries,Number of Possible Injuries,Number of Unknown Injuries,Amount of Property Damage,Number of Vehicles Involved,Total Number of Occupants,Travel Direction,Location
2014790357,2014016196,03/07/2014,03-March,6-Friday,17:38,1700 Hours,District 2 (Northeast),,WRIGHT,I-35,I-35,Non-collision events:  Jackknife,Median,Non-collision (single vehicle),Ran off road - left,None Indicated,,Daylight,Ice/frost,"Sleet, hail","Surface condition (e.g., wet, icy)",Non-intersection:  Non-junction/no special feature,Paved,,Property Damage Only,0,0,0,0,0,0,5000,1,2,,POINT (-93.529422906295 42.588915290008)
2014790729,,03/07/2014,03-March,6-Friday,05:48,0500 Hours,District 5 (Southeast),CHARITON,LUCAS,US 34,US 34,Collision with:  Vehicle in traffic,On Roadway,"Sideswipe, opposite direction",Crossed centerline (undivided),None Indicated,,Dawn,Dry,Cloudy,None apparent,Non-intersection:  Non-junction/no special feature,Paved,,Property Damage Only,0,0,0,0,0,0,11000,2,2,,POINT (-93.319058285795 41.008160741761)
2014789905,W14-022614,03/07/2014,03-March,6-Friday,15:20,1500 Hours,District 2 (Northeast),WATERLOO,BLACK HAWK,,FAIRVIEW AVE & LAFAYETTE ST,Collision with:  Vehicle in traffic,On Roadway,"Sideswipe, opposite direction",Driver Distraction:  Manual operation of an electronic communication device,None Indicated,,Daylight,Wet,Clear,None apparent,Non-intersection:  Non-junction/no special feature,Paved,,Property Damage Only,0,0,0,0,0,0,3500,2,2,,POINT (-92.347440897777 42.506273748045)
2014789938,140586,03/07/2014,03-March,6-Friday,14:33,1400 Hours,District 3 (Northwest),DENISON,CRAWFORD,US 30,US 30/4TH AVE S & S 12TH ST,Collision with:  Vehicle in traffic,On Roadway,Rear-end (front to rear),Followed too close,None Indicated,,Daylight,Dry,Cloudy,None apparent,Intersection:  Four-way intersection,Paved,,Property Damage Only,0,0,0,0,0,0,6000,3,13,,POINT (-95.356865993061 42.012388581001)
2014790458,2014-13906,03/07/2014,03-March,6-Friday,17:23,1700 Hours,District 6 (East Central),DAVENPORT,SCOTT,,E LOCUST ST & GRAND AVE,Collision with:  Non-motorist (see non-motorist section - NOT a unit),On Roadway,Non-collision (single vehicle),Other (explain in narrative):  No improper action,None Indicated,,Daylight,Wet,Clear,None apparent,Intersection:  Four-way intersection,Paved,,Possible/Unknown,0,1,0,0,1,0,500,1,1,,POINT (-90.56486391783 41.538267142319)
2014789959,14-005537,03/07/2014,03-March,6-Friday,00:00,0000 Hours,District 1 (Central),,JASPER,,N 87TH AVE E & E 140TH ST N,Collision with fixed object:  Other fixed object (explain in narrative),On Roadway,Non-collision (single vehicle),Ran off road - left,None Indicated,,Dark - roadway not lighted,Snow,Clear,None apparent,Intersection:  Four-way intersection,Unpaved,,Property Damage Only,0,0,0,0,0,0,5000,1,1,,POINT (-92.804937534167 41.812301461125)
2014790285,14-2531,03/07/2014,03-March,6-Friday,11:20,1100 Hours,District 3 (Northwest),,SIOUX,,Co Rd B40/400TH ST & KENNEDY AVE,Non-collision events:  Overturn/rollover,Outside trafficway,Non-collision (single vehicle),Ran off road - right,None Indicated,,Daylight,Slush,"Blowing sand, soil, dirt","Surface condition (e.g., wet, icy)",Non-intersection:  Non-junction/no special feature,Paved,,Minor Injury,0,1,0,1,0,0,7000,1,1,,POINT (-95.997687334312 43.070167761117)
2014790280,14-4330,03/07/2014,03-March,6-Friday,22:03,2200 Hours,District 6 (East Central),BETTENDORF,SCOTT,,18TH ST,Collision with:  Parked motor vehicle,On Roadway,Rear-end (front to rear),Ran off road - right,Alcohol (Statutory),,Dark - roadway not lighted,Dry,Clear,None apparent,Non-intersection:  Non-junction/no special feature,Paved,,Property Damage Only,0,0,0,0,0,0,6000,2,1,,POINT (-90.507349112904 41.533917907419)
2014790000,14009509,03/07/2014,03-March,6-Friday,08:31,0800 Hours,District 5 (Southeast),MUSCATINE,MUSCATINE,,E 2ND ST,Collision with fixed object:  Bridge overhead structure,On Roadway,Non-collision (single vehicle),Other (explain in narrative):  Other,None Indicated,,Daylight,Dry,Cloudy,None apparent,Non-intersection:  Other non-intersection (explain in narrative),Paved,,Possible/Unknown,0,1,0,0,1,0,20000,1,1,,POINT (-91.039658798232 41.424672707751)
2014790121,14030134,03/07/2014,03-March,6-Friday,19:45,1900 Hours,District 5 (Southeast),OTTUMWA,WAPELLO,US 63,US 63 & 100TH ST,Collision with:  Animal,,,Animal,None Indicated,,,,,,,Paved,,Property Damage Only,0,0,0,0,0,0,10000,1,1,,POINT (-92.380016219149 41.027563619323)
2014814283,2014-0262,03/07/2014,03-March,6-Friday,13:51,1300 Hours,District 1 (Central),JEFFERSON,GREENE,,Co Rd E53/235TH,Collision with fixed object:  Ditch,On Roadway,Non-collision (single vehicle),Ran off road - right,None Indicated,,Daylight,Slush,Cloudy,"Surface condition (e.g., wet, icy)",Non-intersection:  Non-junction/no special feature,Paved,,Property Damage Only,0,0,0,0,0,0,4000,1,1,,POINT (-94.294980918353 42.016200004372)
2014790015,20140006207,03/07/2014,03-March,6-Friday,16:30,1600 Hours,District 1 (Central),DES MOINES,POLK,,E HULL AVE,Collision with:  Vehicle in traffic,On Roadway,"Sideswipe, opposite direction",Crossed centerline (undivided),None Indicated,,Daylight,Dry,Cloudy,None apparent,Non-intersection:  Driveway access (within),Paved,,Property Damage Only,0,0,0,0,0,0,11500,2,2,,POINT (-93.591987970242 41.622288868306)
2014790049,20140006194,03/07/2014,03-March,6-Friday,15:13,1500 Hours,District 1 (Central),DES MOINES,POLK,US 6,US 6/E EUCLID AVE & N UNION ST,Collision with:  Vehicle in traffic,On Roadway,"Sideswipe, same direction",Crossed centerline (undivided),None Indicated,,Daylight,Dry,Cloudy,None apparent,Non-intersection:  Non-junction/no special feature,Paved,,Property Damage Only,0,0,0,0,0,0,1500,2,2,,POINT (-93.610285176018 41.627723604736)
2014794463,,03/07/2014,03-March,6-Friday,18:40,1800 Hours,District 2 (Northeast),,WINNESHIEK,,Co Rd W20/POLE LINE RD,Collision with:  Animal,On Roadway,Non-collision (single vehicle),Animal,None Indicated,,Dusk,Unknown,Unknown,None apparent,Non-intersection:  Non-junction/no special feature,Paved,,Property Damage Only,0,0,0,0,0,0,4500,1,1,,POINT (-91.823789126784 43.321531477639)
2014790100,2014-13934,03/07/2014,03-March,6-Friday,19:46,1900 Hours,District 6 (East Central),DAVENPORT,SCOTT,,N DIVISION ST,Collision with:  Vehicle in traffic,On Roadway,Broadside (front to side),Ran Traffic Signal,None Indicated,,Dark - roadway lighted,Dry,Clear,None apparent,Intersection:  Four-way intersection,Paved,,Property Damage Only,0,0,0,0,0,0,4500,2,5,,POINT (-90.601191637138 41.523495004993)
2014789980,14004781,03/07/2014,03-March,6-Friday,17:05,1700 Hours,District 6 (East Central),MARION,LINN,,7TH AVE & 7TH ST,Collision with:  Vehicle in traffic,On Roadway,Rear-end (front to rear),Other (explain in narrative):  Other,None Indicated,,Daylight,Wet,Rain,None apparent,Intersection:  Four-way intersection,Paved,,Property Damage Only,0,0,0,0,0,0,1800,2,2,,POINT (-91.602783126714 42.033319800987)
2014789776,201403273,03/07/2014,03-March,6-Friday,02:13,0200 Hours,District 6 (East Central),CEDAR RAPIDS,LINN,,32ND ST NE,Collision with:  Parked motor vehicle,On Roadway,Rear-end (front to rear),Other (explain in narrative):  Other,Alcohol (Statutory),,Dark - roadway lighted,Dry,Cloudy,None apparent,Non-intersection:  Non-junction/no special feature,Paved,,Property Damage Only,0,0,0,0,0,0,19000,2,2,,POINT (-91.656916896412 42.01035141317)
2014814256,,03/07/2014,03-March,6-Friday,16:04,1600 Hours,District 1 (Central),WEST DES MOINES,POLK,,,Unknown,Unknown,Unknown,Unknown,None Indicated,,Unknown,Unknown,Unknown,Unknown,Unknown,,,Property Damage Only,0,0,0,0,0,0,2100,1,2,,POINT (-96.643700149993 40.233091251414)
2014799811,14C00964,03/07/2014,03-March,6-Friday,13:44,1300 Hours,District 4 (Southwest),CRESTON,UNION,US 34,US 34/W TAYLOR ST & WYOMING AVE,Collision with:  Vehicle in traffic,On Roadway,"Angle, oncoming left turn",FTYROW:  Making left turn,None Indicated,,Daylight,Dry,Cloudy,None apparent,Non-intersection:  Driveway access (within),Paved,,Possible/Unknown,0,1,0,0,1,0,2300,2,3,,POINT (-94.368941645705 41.049178358566)
2014790012,20140006178,03/07/2014,03-March,6-Friday,13:40,1300 Hours,District 1 (Central),DES MOINES,POLK,,MCKINLEY AVE & SW 5TH ST,Collision with:  Vehicle in traffic,On Roadway,Rear-end (front to rear),Followed too close,None Indicated,,Daylight,"Mud, dirt",Cloudy,None apparent,Non-intersection:  Non-junction/no special feature,Paved,,Property Damage Only,0,0,0,0,0,0,4000,2,2,,POINT (-93.620941822703 41.540935649084)
2014806189,14HPD0024,03/07/2014,03-March,6-Friday,08:05,0800 Hours,District 3 (Northwest),HAWARDEN,SIOUX,,15TH ST & AVE H,Collision with:  Vehicle in traffic,On Roadway,Broadside (front to side),FTYROW:  At uncontrolled intersection,None Indicated,,Daylight,Ice/frost,Cloudy,"Surface condition (e.g., wet, icy)",Non-intersection:  Non-junction/no special feature,Paved,,Property Damage Only,0,0,0,0,0,0,5500,2,4,,POINT (-96.483646678152 43.002980928675)
2014790698,2014-0055,03/07/2014,03-March,6-Friday,15:49,1500 Hours,District 5 (Southeast),CARLISLE,WARREN,,S 5TH ST,Collision with:  Parked motor vehicle,On Roadway,"Sideswipe, opposite direction",Unknown,None Indicated,,Daylight,Unknown,Unknown,None apparent,Non-intersection:  Non-junction/no special feature,Paved,,Property Damage Only,0,0,0,0,0,0,5000,2,1,,POINT (-93.491238603845 41.486041308628)
2014790284,14-2511,03/07/2014,03-March,6-Friday,05:45,0500 Hours,District 3 (Northwest),,SIOUX,,Co Rd B40/390TH ST & GOLDFINCH AVE,Non-collision events:  Overturn/rollover,On Roadway,Non-collision (single vehicle),Driving too fast for conditions,None Indicated,,Dark - roadway lighted,Ice/frost,Cloudy,"Surface condition (e.g., wet, icy)",Non-intersection:  Non-junction/no special feature,Paved,,Possible/Unknown,0,2,0,0,2,0,6000,1,2,,POINT (-96.214461065898 43.084141281705)
2014791330,,03/07/2014,03-March,6-Friday,18:00,1800 Hours,District 2 (Northeast),NEW HAMPTON,CHICKASAW,,N MAPLE AVE,Collision with:  Parked motor vehicle,On Roadway,"Angle, oncoming left turn",Lost Control,None Indicated,,Dusk,Unknown,Clear,None apparent,Non-intersection:  Non-junction/no special feature,Paved,,Property Damage Only,0,0,0,0,0,0,4000,3,2,,POINT (-92.320389409412 43.062333884685)
2014790023,20140006171,03/07/2014,03-March,6-Friday,12:20,1200 Hours,District 1 (Central),DES MOINES,POLK,I-235,I-235,Collision with fixed object:  Utility pole/light support,Shoulder,Non-collision (single vehicle),Ran off road - right,None Indicated,,Daylight,Dry,Cloudy,None apparent,Non-intersection:  Non-junction/no special feature,Paved,,Property Damage Only,0,0,0,0,0,0,4000,1,1,,POINT (-93.662224866555 41.593145678909)
2014790014,20140006190,03/07/2014,03-March,6-Friday,14:50,1400 Hours,District 1 (Central),DES MOINES,POLK,,E THORNTON AVE & SE 3RD ST,Collision with:  Vehicle in traffic,On Roadway,Broadside (front to side),FTYROW:  From stop sign,None Indicated,,Daylight,Wet,Clear,None apparent,Intersection:  Four-way intersection,Paved,,Property Damage Only,0,0,0,0,0,0,7000,2,2,,POINT (-93.611338429871 41.551084309964)
2014790539,,03/07/2014,03-March,6-Friday,05:48,0500 Hours,District 2 (Northeast),,HUMBOLDT,US 169,US 169/LINCOLN AVE,Non-collision events:  Overturn/rollover,Roadside,Non-collision (single vehicle),Ran off road - right,None Indicated,,Dark - roadway not lighted,Ice/frost,Cloudy,"Surface condition (e.g., wet, icy)",Non-intersection:  Non-junction/no special feature,Paved,,Possible/Unknown,0,1,0,0,1,0,10000,1,1,,POINT (-94.227287103583 42.844270679766)
2014789948,01-14-9494,03/07/2014,03-March,6-Friday,14:44,1400 Hours,District 6 (East Central),DUBUQUE,DUBUQUE,,ASBURY RD,Collision with:  Vehicle in traffic,On Roadway,"Angle, oncoming left turn",FTYROW:  Making left turn,None Indicated,,Daylight,Dry,Cloudy,None apparent,Non-intersection:  Driveway access (within),Paved,,Property Damage Only,0,0,0,0,0,0,8000,2,2,,POINT (-90.721490209379 42.512636493128)
2014790039,20140006162,03/07/2014,03-March,6-Friday,00:00,0000 Hours,District 1 (Central),DES MOINES,POLK,,MONDAMIN AVE,Collision with:  Parked motor vehicle,On Roadway,Rear-end (front to rear),Lost Control,None Indicated,,Unknown,Wet,Cloudy,None apparent,Non-intersection:  Non-junction/no special feature,Paved,,Property Damage Only,0,0,0,0,0,0,2000,2,777,,POINT (-93.635427905068 41.608609197673)
2014790961,2014002540,03/07/2014,03-March,6-Friday,08:01,0800 Hours,District 6 (East Central),IOWA CITY,JOHNSON,,BRADFORD ST & WADE ST,Collision with:  Vehicle in traffic,On Roadway,Broadside (front to side),Other (explain in narrative):  Other,None Indicated,,Daylight,Dry,Cloudy,None apparent,Intersection:  Four-way intersection,Paved,,Property Damage Only,0,0,0,0,0,0,3000,2,2,,POINT (-91.500740725837 41.646298415617)
2014791088,2014-13827,03/07/2014,03-March,6-Friday,12:34,1200 Hours,District 6 (East Central),DAVENPORT,SCOTT,,W 49TH ST & FAIRMOUNT ST,Collision with:  Vehicle in traffic,On Roadway,Broadside (front to side),Ran Stop Sign,None Indicated,,Daylight,Dry,Cloudy,None apparent,Intersection:  Four-way intersection,Paved,,Property Damage Only,0,0,0,0,0,0,2500,2,2,,POINT (-90.62946953039 41.570879153739)
2014789927,1403072621,03/07/2014,03-March,6-Friday,20:50,2000 Hours,District 6 (East Central),,CLINTON,,Co Rd Z30/350 AVE & 275 ST,Collision with:  Animal,,,Animal,None Indicated,,,,,,,Paved,,Property Damage Only,0,0,0,0,0,0,2000,1,1,,POINT (-90.413112386476 41.779269640858)
2014789810,20140006155,03/07/2014,03-March,6-Friday,10:30,1000 Hours,District 1 (Central),DES MOINES,POLK,,E GRAND AVE & E 9TH ST & FINKBINE DR,Collision with:  Vehicle in traffic,On Roadway,Head-on (front to front),FTYROW:  Making left turn,None Indicated,,Daylight,Dry,Cloudy,None apparent,Intersection:  Four-way intersection,Paved,,Property Damage Only,0,0,0,0,0,0,2000,2,2,,POINT (-93.606035325596 41.591807276244)
2014790133,14-6775,03/07/2014,03-March,6-Friday,18:45,1800 Hours,District 3 (Northwest),SIOUX CITY,WOODBURY,,WESLEY PKWY & W 14TH ST & HAMILTON BLVD,Collision with fixed object:  Traffic sign support,On Roadway,Non-collision (single vehicle),Driving too fast for conditions,None Indicated,,Dark - roadway lighted,Dry,Clear,None apparent,Intersection:  Four-way intersection,Paved,,Property Damage Only,0,0,0,0,0,0,2150,1,1,,POINT (-96.416838287865 42.505164787603)
2014789981,14004788,03/07/2014,03-March,6-Friday,19:06,1900 Hours,District 6 (East Central),MARION,LINN,,BLAIRS FERRY RD,Collision with:  Vehicle in traffic,On Roadway,Broadside (front to side),FTYROW:  Making left turn,None Indicated,,Dark - roadway lighted,Wet,Cloudy,None apparent,Non-intersection:  Driveway access (within),Paved,,Property Damage Only,0,0,0,0,0,0,11000,2,3,,POINT (-91.624668660709 42.032413349461)
2014790382,2014002526,03/07/2014,03-March,6-Friday,00:51,0000 Hours,District 6 (East Central),IOWA CITY,JOHNSON,,E JEFFERSON ST & N DUBUQUE ST,Collision with:  Vehicle in traffic,On Roadway,Broadside (front to side),Ran Traffic Signal,None Indicated,,Dark - roadway lighted,Dry,Clear,None apparent,Intersection:  Four-way intersection,Paved,,Property Damage Only,0,0,0,0,0,0,7000,2,4,,POINT (-91.533083529189 41.662468802298)
2014790653,2014-14383,03/07/2014,03-March,6-Friday,17:00,1700 Hours,District 6 (East Central),DAVENPORT,SCOTT,,E 12TH ST,Collision with:  Parked motor vehicle,On Roadway,"Sideswipe, same direction",Ran off road - right,None Indicated,,Daylight,Wet,Clear,None apparent,Non-intersection:  Non-junction/no special feature,Paved,,Property Damage Only,0,0,0,0,0,0,3000,2,1,,POINT (-90.542968563453 41.532118103805)
2014789930,CL14000681,03/07/2014,03-March,6-Friday,13:44,1300 Hours,District 6 (East Central),CLINTON,CLINTON,,12TH AVE N,Collision with:  Parked motor vehicle,On Roadway,Broadside (front to side),Improper Backing,None Indicated,,Daylight,Dry,Cloudy,None apparent,Non-intersection:  Driveway access (within),Paved,,Property Damage Only,0,0,0,0,0,0,3000,2,1,,POINT (-90.186953723621 41.857578124353)
2014790097,2014-13771,03/07/2014,03-March,6-Friday,08:43,0800 Hours,District 6 (East Central),DAVENPORT,SCOTT,,E LOCUST ST & ESPLANADE AVE,Collision with:  Vehicle in traffic,On Roadway,Rear-end (front to rear),Lost Control,None Indicated,,Daylight,Dry,Clear,None apparent,Intersection:  T-intersection,Paved,,Property Damage Only,0,0,0,0,0,0,6500,2,2,,POINT (-90.555667310927 41.538333100672)
2014790652,2014-13966,03/07/2014,03-March,6-Friday,21:35,2100 Hours,District 6 (East Central),DAVENPORT,SCOTT,,ELM ST,Collision with:  Parked motor vehicle,On Roadway,"Sideswipe, same direction",Unknown,None Indicated,,Dark - roadway lighted,Wet,Cloudy,"Surface condition (e.g., wet, icy)",Non-intersection:  Non-junction/no special feature,Paved,,Property Damage Only,0,0,0,0,0,0,2000,2,1,,POINT (-90.552492523049 41.54146280225)
2014792854,201400011129,03/07/2014,03-March,6-Friday,07:05,0700 Hours,District 5 (Southeast),OTTUMWA,WAPELLO,IA 149,IA 149/IOWA 149 & N COURT RD CONNECTOR,Collision with:  Vehicle in traffic,On Roadway,Broadside (front to side),FTYROW:  Making left turn,None Indicated,,Daylight,Dry,Clear,None apparent,Intersection:  Four-way intersection,Paved,,Possible/Unknown,0,1,0,0,1,0,13500,2,2,,POINT (-92.409872062621 41.063662675281)
2014789978,201403306,03/07/2014,03-March,6-Friday,17:12,1700 Hours,District 6 (East Central),CEDAR RAPIDS,LINN,,WEST POST RD SW & 20TH AVE SW,Collision with:  Vehicle in traffic,On Roadway,"Angle, oncoming left turn",Made improper turn,None Indicated,,Daylight,Dry,Cloudy,None apparent,Intersection:  T-intersection,Paved,,Property Damage Only,0,0,0,0,0,0,2500,2,4,,POINT (-91.740432097782 41.960384841051)
2014789966,14000503,03/07/2014,03-March,6-Friday,07:50,0700 Hours,District 6 (East Central),IOWA CITY,JOHNSON,,UNIVERSITY OF IOWA & HAWKINS DR,Collision with:  Vehicle in traffic,On Roadway,Rear-end (front to rear),Followed too close,None Indicated,,Daylight,Wet,Clear,None apparent,Intersection:  T-intersection,Paved,,Property Damage Only,0,0,0,0,0,0,1600,2,2,,POINT (-91.54995117181 41.657999313837)
2014808074,2014015924,03/07/2014,03-March,6-Friday,02:01,0200 Hours,District 2 (Northeast),,FRANKLIN,I-35,I-35,Non-collision events:  Overturn/rollover,Median,Non-collision (single vehicle),Driving too fast for conditions,None Indicated,,Dark - roadway not lighted,Dry,Clear,None apparent,Non-intersection:  Non-junction/no special feature,Paved,,Major Injury,0,2,1,1,0,0,5000,1,2,,POINT (-93.366119714774 42.794682162636)
2014820409,2014-29-AC,03/07/2014,03-March,6-Friday,20:01,2000 Hours,District 3 (Northwest),,DICKINSON,,175TH ST,Non-collision events:  Overturn/rollover,On Roadway,Non-collision (single vehicle),Crossed centerline (undivided),None Indicated,,Dark - roadway not lighted,Ice/frost,Snow,"Surface condition (e.g., wet, icy)",Non-intersection:  Non-junction/no special feature,Paved,,Possible/Unknown,0,2,0,0,2,0,1500,1,4,,POINT (-95.110803140143 43.392909040142)
2014794209,,03/07/2014,03-March,6-Friday,17:50,1700 Hours,District 2 (Northeast),,WINNESHIEK,US 52,US 52,Collision with:  Vehicle in traffic,On Roadway,Head-on (front to front),Crossed centerline (undivided),None Indicated,,Daylight,Snow,Snow,"Surface condition (e.g., wet, icy)",Non-intersection:  Non-junction/no special feature,Paved,,Property Damage Only,0,0,0,0,0,0,8000,2,3,,POINT (-91.813405207407 43.174937749259)
2014790146,14-1269,03/07/2014,03-March,6-Friday,11:03,1100 Hours,District 2 (Northeast),,KOSSUTH,,Co Rd B40/210 ST,Non-collision events:  Overturn/rollover,On Roadway,Non-collision (single vehicle),Driving too fast for conditions,None Indicated,,Daylight,Slush,Cloudy,"Surface condition (e.g., wet, icy)",Non-intersection:  Non-junction/no special feature,Paved,,Possible/Unknown,0,1,0,0,1,0,1500,1,1,,POINT (-94.315330094147 43.067274043832)
2014790574,14-01580,03/07/2014,03-March,6-Friday,12:30,1200 Hours,District 2 (Northeast),OELWEIN,FAYETTE,,FREDERICK AVE S,Collision with:  Vehicle in traffic,On Roadway,"Sideswipe, same direction",Other (explain in narrative):  Other,None Indicated,,Daylight,Wet,Cloudy,None apparent,Non-intersection:  Non-junction/no special feature,Paved,,Property Damage Only,0,0,0,0,0,0,3500,2,2,,POINT (-91.913405480613 42.678031085007)
2014789915,14-3738,03/07/2014,03-March,6-Friday,06:20,0600 Hours,District 2 (Northeast),,BREMER,IA 93,IA 93/IOWA 93,Collision with:  Animal,,,Animal,None Indicated,,,,,,,Paved,,Property Damage Only,0,0,0,0,0,0,3000,1,1,,POINT (-92.229639450663 42.847527565552)
2014790355,2014015937,03/07/2014,03-March,6-Friday,07:30,0700 Hours,District 1 (Central),,HAMILTON,US 20,US 20,Non-collision events:  Overturn/rollover,On Roadway,Non-collision (single vehicle),Swerving/Evasive Action,None Indicated,,Daylight,Ice/frost,Cloudy,"Surface condition (e.g., wet, icy)",Non-intersection:  Non-junction/no special feature,Paved,,Possible/Unknown,0,4,0,0,4,0,5000,1,4,,POINT (-93.485213478122 42.448277998379)
2014790135,14-6786,03/07/2014,03-March,6-Friday,20:00,2000 Hours,District 3 (Northwest),SIOUX CITY,WOODBURY,,W 3RD ST & ROSS ST,Collision with:  Parked motor vehicle,On Roadway,"Sideswipe, same direction",Unknown,None Indicated,,Dark - roadway lighted,Dry,Cloudy,None apparent,Non-intersection:  Non-junction/no special feature,Paved,,Property Damage Only,0,0,0,0,0,0,2500,2,1,,POINT (-96.428357004676 42.499273640523)
2014789779,201403274,03/07/2014,03-March,6-Friday,06:31,0600 Hours,District 6 (East Central),CEDAR RAPIDS,LINN,,8TH AVE SE & 2ND ST SE,Collision with:  Vehicle in traffic,On Roadway,"Angle, oncoming left turn",FTYROW:  Making left turn,None Indicated,,Daylight,Wet,Clear,None apparent,Intersection:  Four-way intersection,Paved,,Property Damage Only,0,0,0,0,0,0,3200,2,2,,POINT (-91.662666698158 41.972798742775)
2014790074,14-008967,03/07/2014,03-March,6-Friday,20:35,2000 Hours,District 4 (Southwest),COUNCIL BLUFFS,POTTAWATTAMIE,,4TH AVE & S 20TH ST,Collision with:  Vehicle in traffic,On Roadway,Broadside (front to side),FTYROW:  At uncontrolled intersection,None Indicated,,Dark - roadway lighted,Dry,Cloudy,None apparent,Intersection:  Four-way intersection,Paved,,Property Damage Only,0,0,0,0,0,0,16145,3,2,,POINT (-95.873434878664 41.257949194831)
2014790314,14001150,03/07/2014,03-March,6-Friday,20:17,2000 Hours,District 1 (Central),AMES,STORY,,13TH ST,Collision with:  Vehicle in traffic,On Roadway,"Sideswipe, same direction",FTYROW:  Other (explain in narrative),None Indicated,,Dark - roadway lighted,Dry,Clear,None apparent,Non-intersection:  Non-junction/no special feature,Paved,,Property Damage Only,0,0,0,0,0,0,2500,2,3,,POINT (-93.620963633057 42.03456095966)
2014789931,CL14000683,03/07/2014,03-March,6-Friday,17:10,1700 Hours,District 6 (East Central),CLINTON,CLINTON,,13TH AVE N & N 11TH ST & 11TH ST NW,Collision with:  Vehicle in traffic,On Roadway,Rear-end (front to rear),Followed too close,None Indicated,,Daylight,Dry,Cloudy,None apparent,Intersection:  Four-way intersection,Paved,,Property Damage Only,0,0,0,0,0,0,2000,2,2,,POINT (-90.211366263335 41.859362677417)
2014806803,32023-14,03/07/2014,03-March,6-Friday,15:35,1500 Hours,District 3 (Northwest),,EMMET,IA 4,IA 4/IOWA 4,Non-collision events:  Overturn/rollover,On Roadway,Non-collision (single vehicle),Swerving/Evasive Action,None Indicated,,Daylight,Ice/frost,Severe winds,"Surface condition (e.g., wet, icy)",Non-intersection:  Non-junction/no special feature,Paved,,Possible/Unknown,0,1,0,0,1,0,2500,1,2,,POINT (-94.811833844063 43.488754993441)
2014790995,14049,03/07/2014,03-March,6-Friday,15:40,1500 Hours,District 5 (Southeast),PELLA,MARION,,OSKALOOSA ST,Collision with:  Vehicle in traffic,On Roadway,Broadside (front to side),FTYROW:  From driveway,None Indicated,,Daylight,Dry,Clear,None apparent,Non-intersection:  Driveway access (within),Paved,,Property Damage Only,0,0,0,0,0,0,6000,2,2,,POINT (-92.913054993915 41.398414211523)
2014792012,1403-025,03/07/2014,03-March,6-Friday,13:25,1300 Hours,District 3 (Northwest),,OSCEOLA,IA 9,IA 9/IOWA 9,Collision with fixed object:  Ditch,Outside trafficway,Non-collision (single vehicle),Ran off road - left,None Indicated,,Daylight,Ice/frost,Cloudy,"Surface condition (e.g., wet, icy)",Non-intersection:  Non-junction/no special feature,Paved,,Possible/Unknown,0,1,0,0,1,0,3500,1,1,,POINT (-95.643597669541 43.432808067595)
2014789954,2014-0480,03/07/2014,03-March,6-Friday,07:04,0700 Hours,District 1 (Central),JEFFERSON,GREENE,,E CENTRAL AVE & N MULBERRY ST,Collision with fixed object:  Utility pole/light support,On Roadway,Non-collision (single vehicle),Equipment failure,None Indicated,,Daylight,Wet,Clear,None apparent,Non-intersection:  Non-junction/no special feature,Paved,,Property Damage Only,0,0,0,0,0,0,1500,1,1,,POINT (-94.367923846381 42.026116381462)
2014789977,201403295,03/07/2014,03-March,6-Friday,12:33,1200 Hours,District 6 (East Central),CEDAR RAPIDS,LINN,,6TH ST SW,Collision with:  Vehicle in traffic,On Roadway,"Sideswipe, same direction",FTYROW:  From stop sign,None Indicated,,Daylight,Dry,Cloudy,None apparent,Intersection:  Four-way intersection,Paved,,Property Damage Only,0,0,0,0,0,0,3000,2,2,,POINT (-91.676033599964 41.892021178104)
2014790691,2014015929,03/07/2014,03-March,6-Friday,05:15,0500 Hours,District 4 (Southwest),,ADAIR,I-80,I-80,Collision with:  Vehicle in traffic,On Roadway,Rear-end (front to rear),Ran off road - right,None Indicated,,Dark - roadway not lighted,Dry,Cloudy,None apparent,Non-intersection:  Non-junction/no special feature,Paved,,Possible/Unknown,0,1,0,0,1,0,40000,3,3,,POINT (-94.50506346051 41.496148493035)
2014790249,14001171,03/07/2014,03-March,6-Friday,09:00,0900 Hours,District 3 (Northwest),SHELDON,OBRIEN,,WESTERN AVE,Collision with:  Vehicle in traffic,On Roadway,Rear-end (front to rear),FTYROW:  From driveway,None Indicated,,Daylight,Wet,Cloudy,None apparent,Non-intersection:  Driveway access (within),Paved,,Property Damage Only,0,0,0,0,0,0,2500,2,2,,POINT (-95.86162295819 43.173798162214)
2014791614,14-002279,03/07/2014,03-March,6-Friday,06:28,0600 Hours,District 2 (Northeast),,FAYETTE,,Co Rd W42/JUNIPER RD & 258TH ST,Collision with:  Vehicle in traffic,On Roadway,"Sideswipe, opposite direction",Separation of units,None Indicated,,Dawn,Snow,Cloudy,"Surface condition (e.g., wet, icy)",Intersection:  Y-intersection,Paved,,Property Damage Only,0,0,0,0,0,0,7000,2,2,,POINT (-91.794773907733 43.006596139354)