Iowa DOT Case Number,Law Enforcement Case Number,Date of Crash,Month of Crash,Day of Week,Time of Crash,Hour,DOT District,City Name,County Name,Route with System,Location Description,First Harmful Event,Location of First Harmful Event,Manner of Crash/Collision,Major Cause,Drug or Alcohol ,Environmental Conditions,Light Conditions,Surface Conditions,Weather Conditions,Roadway Contribution,Roadway Type,Roadway Surface,Work Zone,Crash Severity,Number of Fatalities,Number of Injuries,Number of Major Injuries,Number of Minor Injuries,Number of Possible Injuries,Number of Unknown Injuries,Amount of Property Damage,Number of Vehicles Involved,Total Number of Occupants,Travel Direction,Location
2014789929,CL14000680,03/07/2014,03-March,6-Friday,12:30,1200 Hours,District 6 (East Central),CLINTON,CLINTON,US 67,US 67/N 2ND ST,Collision with:  Vehicle in traffic,Outside trafficway,Rear-end (front to rear),Unknown,None Indicated,,Daylight,Dry,Cloudy,None apparent,Non-intersection:  Non-junction/no special feature,Paved,,Property Damage Only,0,0,0,0,0,0,1500,2,1,,POINT (-90.186252679114 41.853238206708)
2014793246,SA1401516,03/07/2014,03-March,6-Friday,11:31,1100 Hours,District 5 (Southeast),KALONA,WASHINGTON,IA 1,IA 1/1ST ST & B AVE,Collision with:  Vehicle in traffic,On Roadway,Broadside (front to side),FTYROW:  From stop sign,None Indicated,,Daylight,Dry,Clear,None apparent,Non-intersection:  Driveway access (within),Paved,,Possible/Unknown,0,1,0,0,1,0,16000,2,3,,POINT (-91.714441103937 41.483292494768)
2014791368,14001898,03/08/2014,03-March,7-Saturday,19:45,1900 Hours,District 6 (East Central),,DELAWARE,IA 38,IA 38/IOWA 38,Collision with:  Animal,,,Animal,None Indicated,,,,,,,Paved,,Property Damage Only,0,0,0,0,0,0,3100,1,777,,POINT (-91.24168688619 42.342923910976)
2014794192,,03/08/2014,03-March,7-Saturday,00:08,0000 Hours,District 2 (Northeast),CLEAR LAKE,CERRO GORDO,,N SHORE DR & 18TH ST W,Collision with:  Vehicle in traffic,On Roadway,Broadside (front to side),Unknown,None Indicated,,Dark - roadway lighted,Snow,Unknown,None apparent,Intersection:  T-intersection,Paved,,Property Damage Only,0,0,0,0,0,0,2000,2,2,,POINT (-93.410251231187 43.13797910683)
2014790230,C14000729,03/08/2014,03-March,7-Saturday,20:25,2000 Hours,District 6 (East Central),CORALVILLE,JOHNSON,IA 965,IA 965/CORAL RIDGE AVE,Collision with:  Vehicle in traffic,On Roadway,Rear-end (front to rear),Other (explain in narrative):  Other,None Indicated,,Dark - roadway lighted,Dry,Clear,None apparent,Non-intersection:  Non-junction/no special feature,Paved,,Property Damage Only,0,0,0,0,0,0,4500,2,2,,POINT (-91.608559705217 41.690401040478)
2014790235,201400652,03/08/2014,03-March,7-Saturday,12:00,1200 Hours,District 6 (East Central),CENTER POINT,LINN,,MAIN ST,Collision with:  Vehicle in traffic,On Roadway,Broadside (front to side),FTYROW:  From parked position,None Indicated,,Daylight,Wet,Cloudy,None apparent,Non-intersection:  Non-junction/no special feature,Paved,,Property Damage Only,0,0,0,0,0,0,4000,2,1,,POINT (-91.785022086176 42.190283902089)
2014790427,20140006309,03/08/2014,03-March,7-Saturday,21:40,2100 Hours,District 1 (Central),DES MOINES,POLK,,WALNUT ST & 8TH ST,Collision with:  Vehicle in traffic,On Roadway,"Sideswipe, same direction",Unknown,None Indicated,,Dark - roadway lighted,Dry,Clear,None apparent,Non-intersection:  Non-junction/no special feature,Paved,,Property Damage Only,0,0,0,0,0,0,3000,2,4,,POINT (-93.627101985763 41.585371208772)
2014790035,20140006308,03/08/2014,03-March,7-Saturday,21:40,2100 Hours,District 1 (Central),DES MOINES,POLK,,EASTON BLVD & E 33RD ST,Collision with:  Vehicle in traffic,On Roadway,Broadside (front to side),Lost Control,Alcohol (Statutory),,Dark - roadway lighted,Ice/frost,Clear,None apparent,Intersection:  Four-way intersection,Paved,,Property Damage Only,0,0,0,0,0,0,1500,2,3,,POINT (-93.551498668298 41.612420173977)
2014790042,20140006256,03/08/2014,03-March,7-Saturday,10:03,1000 Hours,District 1 (Central),DES MOINES,POLK,IA 163,IA 163/E UNIVERSITY AVE & E 35TH ST,Collision with:  Vehicle in traffic,On Roadway,"Sideswipe, same direction",Made improper turn,None Indicated,,Daylight,Dry,Cloudy,None apparent,Non-intersection:  Non-junction/no special feature,Paved,,Property Damage Only,0,0,0,0,0,0,1600,2,4,,POINT (-93.54856602638 41.600598694599)
2014791195,,03/08/2014,03-March,7-Saturday,02:06,0200 Hours,District 3 (Northwest),FONDA,POCAHONTAS,,3RD ST & KING ST,Collision with fixed object:  Utility pole/light support,On Roadway,Non-collision (single vehicle),Unknown,Under Influence of Alcohol/Drugs/Medications,,Dark - roadway lighted,Dry,Cloudy,,Non-intersection:  Non-junction/no special feature,Paved,,Property Damage Only,0,0,0,0,0,0,3500,1,1,,POINT (-94.843541480276 42.582347416325)
2014790410,1400000191,03/08/2014,03-March,7-Saturday,18:37,1800 Hours,District 1 (Central),,MARSHALL,,Co Rd T37/ZELLER AVE,Collision with:  Animal,,,Animal,None Indicated,,,,,,,Paved,,Property Damage Only,0,0,0,0,0,0,4000,1,1,,POINT (-92.785663108932 42.046308089711)
2014790064,14-0179,03/08/2014,03-March,7-Saturday,00:29,0000 Hours,District 1 (Central),WINDSOR HEIGHTS,POLK,,FRANKLIN AVE & 73RD ST,Collision with:  Vehicle in traffic,On Roadway,"Sideswipe, opposite direction",Crossed centerline (undivided),Refused,,Dark - roadway not lighted,Wet,"Sleet, hail",None apparent,Non-intersection:  Non-junction/no special feature,Paved,,Property Damage Only,0,0,0,0,0,0,3000,2,3,,POINT (-93.718058153482 41.610851956188)
2014790043,20140006263,03/08/2014,03-March,7-Saturday,11:06,1100 Hours,District 1 (Central),DES MOINES,POLK,,,Collision with fixed object:  Tree,On Roadway,Non-collision (single vehicle),Driving too fast for conditions,None Indicated,,Daylight,Ice/frost,Cloudy,None apparent,Non-intersection:  Non-junction/no special feature,,,Property Damage Only,0,0,0,0,0,0,5000,1,1,,POINT (-96.643700149993 40.233091251414)
2014789952,02-14-3962,03/08/2014,03-March,7-Saturday,18:19,1800 Hours,District 6 (East Central),,DUBUQUE,US 52,US 52 & OLDE MASSEY RD,Collision with fixed object:  Ditch,Shoulder,Non-collision (single vehicle),Ran off road - right,None Indicated,,Dark - roadway not lighted,Dry,Clear,None apparent,Non-intersection:  Non-junction/no special feature,Paved,,Minor Injury,0,1,0,1,0,0,21000,1,2,,POINT (-90.649473155264 42.446559707496)
2014790205,14-07878,03/08/2014,03-March,7-Saturday,19:15,1900 Hours,District 5 (Southeast),BURLINGTON,DES MOINES,,DIVISION ST,Collision with:  Vehicle in traffic,On Roadway,Rear-end (front to rear),Followed too close,Refused,,Dark - roadway lighted,Dry,Clear,None apparent,Non-intersection:  Non-junction/no special feature,Paved,,Property Damage Only,0,0,0,0,0,0,1500,2,2,,POINT (-91.151415726096 40.806308809174)
2014790101,2014-14080,03/08/2014,03-March,7-Saturday,10:08,1000 Hours,District 6 (East Central),DAVENPORT,SCOTT,,E 53RD ST,Collision with:  Vehicle in traffic,On Roadway,Rear-end (front to rear),Followed too close,None Indicated,,Daylight,Wet,Cloudy,None apparent,Intersection:  Four-way intersection,Paved,,Property Damage Only,0,0,0,0,0,0,1750,2,4,,POINT (-90.528825972643 41.5748832581)
2014861152,14-0565,03/08/2014,03-March,7-Saturday,21:24,2100 Hours,District 2 (Northeast),WEST UNION,FAYETTE,IA 150,IA 150/IOWA 150 S,Collision with:  Vehicle in traffic,On Roadway,Rear-end (front to rear),Driver Distraction:  Inattentive/lost in thought,None Indicated,,Dark - roadway lighted,Dry,Clear,None apparent,Intersection:  Four-way intersection,Paved,,Minor Injury,0,2,0,1,0,1,6700,2,4,,POINT (-91.814352226583 42.964063043994)
2014790391,14-006166,03/08/2014,03-March,7-Saturday,13:38,1300 Hours,District 5 (Southeast),,LEE,,Co Rd J40/CO RD 103,Collision with:  Vehicle in traffic,On Roadway,Rear-end (front to rear),Followed too close,None Indicated,,Daylight,Dry,Cloudy,None apparent,Non-intersection:  Non-junction/no special feature,Paved,,Property Damage Only,0,0,0,0,0,0,4500,2,3,,POINT (-91.411084814649 40.709395403238)
2014801468,,03/08/2014,03-March,7-Saturday,15:28,1500 Hours,District 6 (East Central),BELLEVUE,JACKSON,,,Collision with:  Vehicle in traffic,On Roadway,Broadside (front to side),FTYROW:  From stop sign,None Indicated,,Daylight,Dry,"Blowing sand, soil, dirt",Non-highway work,Intersection:  Four-way intersection,,,Property Damage Only,0,0,0,0,0,0,7200,2,2,,POINT (-96.643700149993 40.233091251414)
2014791262,SO14000551,03/08/2014,03-March,7-Saturday,02:24,0200 Hours,District 3 (Northwest),HINTON,PLYMOUTH,US 75,US 75,Collision with fixed object:  Guardrail - face,Median,Non-collision (single vehicle),Lost Control,None Indicated,,Dark - roadway not lighted,Dry,Clear,None apparent,Non-intersection:  Non-junction/no special feature,Paved,,Possible/Unknown,0,1,0,0,0,1,23337,1,1,,POINT (-96.288226372934 42.640856105472)
2014797306,01-14-9698,03/08/2014,03-March,7-Saturday,19:48,1900 Hours,District 6 (East Central),DUBUQUE,DUBUQUE,US 20,US 20/DODGE ST & CRESCENT RDG & N CRESCENT RIDGE,Collision with:  Vehicle in traffic,On Roadway,Broadside (front to side),Ran Traffic Signal,None Indicated,,Dark - roadway lighted,Dry,Cloudy,None apparent,Intersection:  Four-way intersection,Paved,,Property Damage Only,0,0,0,0,0,0,7000,2,4,,POINT (-90.732326985166 42.490320405447)
2014790102,2014-14160,03/08/2014,03-March,7-Saturday,22:17,2200 Hours,District 6 (East Central),DAVENPORT,SCOTT,,W CENTRAL PARK AVE,Collision with:  Vehicle in traffic,On Roadway,Rear-end (front to rear),Lost Control,Alcohol (Statutory),,Dark - roadway not lighted,Dry,Clear,None apparent,Non-intersection:  Non-junction/no special feature,Paved,,Minor Injury,0,2,0,2,0,0,4500,2,3,,POINT (-90.596612251274 41.545537145477)
2014790655,2014-14142,03/08/2014,03-March,7-Saturday,19:55,1900 Hours,District 6 (East Central),DAVENPORT,SCOTT,US 6,US 6/E KIMBERLY RD & BRIDGE AVE,Collision with:  Vehicle in traffic,On Roadway,Broadside (front to side),Ran Traffic Signal,None Indicated,,Dark - roadway lighted,Dry,Cloudy,None apparent,Intersection:  Four-way intersection,Paved,,Property Damage Only,0,0,0,0,0,0,4500,2,2,,POINT (-90.557090189382 41.556889480335)
2014790041,20140006247,03/08/2014,03-March,7-Saturday,03:45,0300 Hours,District 1 (Central),DES MOINES,POLK,US 69,US 69/SE 14TH ST & E ARMY POST RD,Collision with fixed object:  Utility pole/light support,Shoulder,Non-collision (single vehicle),Ran off road - right,Alcohol (Statutory),,Dark - roadway lighted,Dry,Clear,None apparent,Non-intersection:  Non-junction/no special feature,Paved,,Property Damage Only,0,0,0,0,0,0,7000,1,1,,POINT (-93.596781446152 41.526282526236)
2014794951,SO14-0292,03/08/2014,03-March,7-Saturday,02:30,0200 Hours,District 2 (Northeast),,WRIGHT,,Co Rd R38/MADISON AVE,Collision with fixed object:  Ditch,Outside trafficway,Non-collision (single vehicle),Ran off road - left,Alcohol (Statutory),,Dark - roadway not lighted,Dry,Clear,None apparent,Non-intersection:  Non-junction/no special feature,Paved,,Property Damage Only,0,0,0,0,0,0,8000,1,1,,POINT (-93.735066868456 42.607683027372)
2014790496,S14-2331,03/08/2014,03-March,7-Saturday,12:05,1200 Hours,District 3 (Northwest),,WOODBURY,,Co Rd D51/250TH ST & CHARLES AVE,Collision with:  Vehicle in traffic,On Roadway,Broadside (front to side),Ran Stop Sign,None Indicated,,Daylight,Dry,Clear,None apparent,Intersection:  Four-way intersection,Paved,,Possible/Unknown,0,1,0,0,1,0,21000,2,2,,POINT (-96.252015565655 42.344306654975)
2014790127,14-0656,03/08/2014,03-March,7-Saturday,12:38,1200 Hours,District 1 (Central),FORT DODGE,WEBSTER,,2ND AVE S & S 9TH ST,Collision with:  Vehicle in traffic,On Roadway,Broadside (front to side),Ran Traffic Signal,None Indicated,,Daylight,Dry,Cloudy,None apparent,Intersection:  Four-way intersection,Paved,,Property Damage Only,0,0,0,0,0,0,10000,2,4,,POINT (-94.185639681672 42.503250099538)
2014789995,2014002092,03/08/2014,03-March,7-Saturday,17:43,1700 Hours,District 1 (Central),MARSHALLTOWN,MARSHALL,,N 7TH AVE,Collision with:  Vehicle in traffic,On Roadway,Broadside (front to side),FTYROW:  From driveway,None Indicated,,Dusk,Dry,Clear,None apparent,Non-intersection:  Driveway access (within),Paved,,Property Damage Only,0,0,0,0,0,0,3000,2,3,,POINT (-92.901569516521 42.053085855531)
2014791615,14-002363,03/08/2014,03-March,7-Saturday,21:05,2100 Hours,District 2 (Northeast),,FAYETTE,,Co Rd V68/W AVE & 78TH ST,Collision with:  Animal,,,Animal,None Indicated,,,,,,,Paved,,Property Damage Only,0,0,0,0,0,0,2500,1,1,,POINT (-92.04085251627 42.740514321763)
2014790692,2014016252,03/08/2014,03-March,7-Saturday,03:59,0300 Hours,District 5 (Southeast),,LUCAS,US 34,US 34,Collision with fixed object:  Ditch,Outside trafficway,Non-collision (single vehicle),Crossed centerline (undivided),Alcohol (Statutory),,Dark - roadway not lighted,Dry,Clear,None apparent,Non-intersection:  Other non-intersection (explain in narrative),Paved,,Property Damage Only,0,0,0,0,0,0,3000,1,1,,POINT (-93.430366659146 41.032057912127)
2014790411,1400000192,03/08/2014,03-March,7-Saturday,19:51,1900 Hours,District 1 (Central),,MARSHALL,,SMITH AVE,Collision with:  Animal,,,Animal,None Indicated,,,,,,,Paved,,Property Damage Only,0,0,0,0,0,0,2500,1,1,,POINT (-92.893171377248 41.994895527484)
2014789926,14001273,03/08/2014,03-March,7-Saturday,06:17,0600 Hours,District 2 (Northeast),,CERRO GORDO,,SOUTHSHORE DR & MAPLE ST,Collision with:  Animal,,,Animal,None Indicated,,,,,,,Paved,,Property Damage Only,0,0,0,0,0,0,3000,1,1,,POINT (-93.406394939248 43.110834153302)
2014790365,14001100,03/08/2014,03-March,7-Saturday,19:00,1900 Hours,District 3 (Northwest),,CHEROKEE,,Co Rd C44/580TH ST,Collision with:  Animal,,,Animal,None Indicated,,,,,,,Paved,,Property Damage Only,0,0,0,0,0,0,1500,1,1,,POINT (-95.56647579406 42.677126946727)
2014790063,14-1161,03/08/2014,03-March,7-Saturday,21:13,2100 Hours,District 4 (Southwest),WEST DES MOINES,DALLAS,,MILLS CIVIC PKWY,Collision with:  Vehicle in traffic,On Roadway,Broadside (front to side),Ran Traffic Signal,None Indicated,,Dark - roadway lighted,Dry,Clear,None apparent,Intersection:  Four-way intersection,Paved,,Property Damage Only,0,0,0,0,0,0,11500,2,5,,POINT (-93.804792697731 41.561413346205)
2014792886,14-23005,03/08/2014,03-March,7-Saturday,16:04,1600 Hours,District 2 (Northeast),EVANSDALE,BLACK HAWK,I-380,I-380 & MCCOY RD,Collision with fixed object:  Guardrail - face,On Roadway,Non-collision (single vehicle),Lost Control,Alcohol (Statutory),,Daylight,Dry,Clear,None apparent,Non-intersection:  Non-junction/no special feature,Paved,,Property Damage Only,0,0,0,0,0,0,3000,1,1,,POINT (-92.263558558275 42.460258901913)
2014791180,14-003316,03/08/2014,03-March,7-Saturday,10:05,1000 Hours,District 6 (East Central),WEST BRANCH,CEDAR,,NORTHRIDGE DR & 4TH ST,Collision with:  Vehicle in traffic,On Roadway,Broadside (front to side),FTYROW:  From stop sign,None Indicated,,Daylight,Dry,Cloudy,None apparent,Intersection:  T-intersection,Paved,,Property Damage Only,0,0,0,0,0,0,4000,2,2,,POINT (-91.341816266459 41.677178977564)
2014790046,20140006282,03/08/2014,03-March,7-Saturday,14:58,1400 Hours,District 1 (Central),DES MOINES,POLK,,URBANDALE AVE & MLK JR PKWY,Collision with:  Vehicle in traffic,On Roadway,Broadside (front to side),Other (explain in narrative):  Other,None Indicated,,Daylight,Dry,Clear,None apparent,Non-intersection:  Non-junction/no special feature,Paved,,Property Damage Only,0,0,0,0,0,0,3000,2,3,,POINT (-93.64996785729 41.624776902232)
2014789992,1400000185,03/08/2014,03-March,7-Saturday,00:02,0000 Hours,District 1 (Central),,MARSHALL,IA 14,IA 14/REED AVE,Collision with:  Animal,,,Animal,None Indicated,,,,,,,Paved,,Property Damage Only,0,0,0,0,0,0,3500,1,1,,POINT (-92.922101539293 41.914443597795)
2014790136,14-6823,03/08/2014,03-March,7-Saturday,08:37,0800 Hours,District 3 (Northwest),SIOUX CITY,WOODBURY,,VINE AVE & S RUSTIN ST,Collision with:  Vehicle in traffic,On Roadway,Broadside (front to side),Ran Stop Sign,None Indicated,,Daylight,Dry,Clear,None apparent,Intersection:  Four-way intersection,Paved,,Property Damage Only,0,0,0,0,0,0,6500,2,2,,POINT (-96.371631512603 42.477393632728)
2014790236,201400660,03/08/2014,03-March,7-Saturday,20:00,2000 Hours,District 6 (East Central),,LINN,,SHULTZ RD,Collision with fixed object:  Ditch,Roadside,Non-collision (single vehicle),Ran off road - straight,None Indicated,,Dark - roadway not lighted,"Mud, dirt",Clear,None apparent,Intersection:  Other intersection (explain in narrative),Unpaved,,Property Damage Only,0,0,0,0,0,0,8000,1,1,,POINT (-91.735601764265 42.165216971744)
2014790070,S14-000673,03/08/2014,03-March,7-Saturday,22:00,2200 Hours,District 4 (Southwest),,POTTAWATTAMIE,,Co Rd G30/MAGNOLIA RD,Collision with fixed object:  Ditch,On Roadway,Non-collision (single vehicle),Crossed centerline (undivided),None Indicated,,Dark - roadway not lighted,Dry,Clear,None apparent,Non-intersection:  Non-junction/no special feature,Paved,,Possible/Unknown,0,1,0,0,1,0,10000,1,1,,POINT (-95.573481058857 41.37610064457)
2014790048,20140006295,03/08/2014,03-March,7-Saturday,17:25,1700 Hours,District 1 (Central),DES MOINES,POLK,,EASTON BLVD,Collision with fixed object:  Bridge overhead structure,Roadside,Non-collision (single vehicle),Crossed centerline (undivided),Drug,,Daylight,Dry,Clear,None apparent,Non-intersection:  Other non-intersection (explain in narrative),Paved,,Property Damage Only,0,0,0,0,0,0,3500,1,1,,POINT (-93.545150625516 41.613972673377)
2014790076,14-009002,03/08/2014,03-March,7-Saturday,03:17,0300 Hours,District 4 (Southwest),COUNCIL BLUFFS,POTTAWATTAMIE,,BIG LAKE RD,Collision with fixed object:  Curb/island/raised median,On Roadway,Non-collision (single vehicle),Driving too fast for conditions,None Indicated,,Dark - roadway not lighted,Snow,Snow,"Surface condition (e.g., wet, icy)",Non-intersection:  Non-junction/no special feature,Paved,,Property Damage Only,0,0,0,0,0,0,2000,1,1,,POINT (-95.863217058233 41.284943768459)
2014795362,14-000661,03/08/2014,03-March,7-Saturday,02:35,0200 Hours,District 4 (Southwest),CARTER LAKE,POTTAWATTAMIE,,3RD DR,Collision with fixed object:  Utility pole/light support,,,Unknown,None Indicated,,,,,,,Paved,,Property Damage Only,0,0,0,0,0,0,3500,1,1,,POINT (-95.916957456409 41.299642660455)
2014790120,14S00284,03/08/2014,03-March,7-Saturday,17:55,1700 Hours,District 4 (Southwest),,UNION,US 34,US 34 & Co Rd P64/WILLOW AVE,Collision with:  Vehicle in traffic,On Roadway,Broadside (front to side),FTYROW:  From stop sign,None Indicated,,Dusk,Dry,Clear,None apparent,Intersection:  Four-way intersection,Paved,,Minor Injury,0,1,0,1,0,0,28000,2,4,,POINT (-94.050121464669 41.025852328235)
2014790759,14-001757,03/08/2014,03-March,7-Saturday,16:58,1600 Hours,District 4 (Southwest),ATLANTIC,CASS,,CHESTNUT ST,Collision with:  Vehicle in traffic,On Roadway,"Sideswipe, same direction",FTYROW:  From parked position,None Indicated,,Daylight,Dry,Clear,None apparent,Non-intersection:  Non-junction/no special feature,Paved,,Possible/Unknown,0,1,0,0,1,0,10000,2,2,,POINT (-95.013089345259 41.401793706252)
2014791589,,03/08/2014,03-March,7-Saturday,01:15,0100 Hours,District 2 (Northeast),NORTHWOOD,WORTH,,8TH AVE N & 10TH ST N,Collision with:  Parked motor vehicle,Roadside,"Sideswipe, opposite direction",Crossed centerline (undivided),None Indicated,,Dark - roadway lighted,Ice/frost,Cloudy,"Surface condition (e.g., wet, icy)",Intersection:  T-intersection,Paved,,Property Damage Only,0,0,0,0,0,0,4700,2,1,,POINT (-93.218385842046 43.452821411675)
2014790045,20140006279,03/08/2014,03-March,7-Saturday,14:13,1400 Hours,District 1 (Central),DES MOINES,POLK,,E ARMY POST RD,Collision with:  Vehicle in traffic,On Roadway,Broadside (front to side),Ran Traffic Signal,None Indicated,,Daylight,Dry,Clear,None apparent,Intersection:  Four-way intersection,Paved,,Possible/Unknown,0,2,0,0,2,0,3000,2,6,,POINT (-93.599538129801 41.526268186634)
2014820408,2014-26-AC,03/08/2014,03-March,7-Saturday,06:00,0600 Hours,District 3 (Northwest),LAKE PARK,DICKINSON,,E 9TH ST,Non-collision events:  Overturn/rollover,On Roadway,Non-collision (single vehicle),Ran off road - left,None Indicated,,Dark - roadway not lighted,Ice/frost,Cloudy,"Surface condition (e.g., wet, icy)",Non-intersection:  Non-junction/no special feature,Paved,,Property Damage Only,0,0,0,0,0,0,10000,1,1,,POINT (-95.30905981885 43.446161592966)
2014789950,01-14-9669,03/08/2014,03-March,7-Saturday,16:50,1600 Hours,District 6 (East Central),DUBUQUE,DUBUQUE,US 52,US 52/E 11TH ST/WHITE ST,Collision with:  Vehicle in traffic,On Roadway,Broadside (front to side),Ran Traffic Signal,None Indicated,,Daylight,Dry,Clear,None apparent,Intersection:  Four-way intersection,Paved,,Minor Injury,0,3,0,2,1,0,5500,2,4,,POINT (-90.665411780655 42.504186011227)
2014790139,14-6860,03/08/2014,03-March,7-Saturday,15:34,1500 Hours,District 3 (Northwest),SIOUX CITY,WOODBURY,,46TH ST & CENTRAL ST,Collision with:  Vehicle in traffic,On Roadway,"Sideswipe, same direction",Made improper turn,None Indicated,,Daylight,Dry,Clear,None apparent,Intersection:  Four-way intersection,Paved,,Possible/Unknown,0,1,0,0,1,0,4000,2,3,,POINT (-96.361470316083 42.548098601736)
2014792364,14033115,03/08/2014,03-March,7-Saturday,12:27,1200 Hours,District 6 (East Central),TIFFIN,JOHNSON,US 6,US 6,Collision with:  Vehicle in traffic,On Roadway,Rear-end (front to rear),Followed too close,None Indicated,,Daylight,Dry,Cloudy,None apparent,Non-intersection:  Non-junction/no special feature,Paved,,Property Damage Only,0,0,0,0,0,0,3500,2,2,,POINT (-91.645617929102 41.705858230848)
2014790281,2014-4386,03/08/2014,03-March,7-Saturday,15:50,1500 Hours,District 6 (East Central),BETTENDORF,SCOTT,I-74,I-74 & US 6/SPRUCE HILLS DR,Collision with:  Vehicle in traffic,On Roadway,Broadside (front to side),Ran Traffic Signal,None Indicated,,Daylight,Dry,Cloudy,None apparent,Intersection:  Intersection with ramp,Paved,,Property Damage Only,0,0,0,0,0,0,11000,2,3,,POINT (-90.519795486087 41.554802725122)
2014820407,2014-27-AC,03/08/2014,03-March,7-Saturday,11:40,1100 Hours,District 3 (Northwest),,DICKINSON,,Co Rd A34/220TH ST,Collision with:  Vehicle in traffic,On Roadway,"Sideswipe, same direction",FTYROW:  From parked position,None Indicated,,Daylight,Wet,Clear,None apparent,Intersection:  Four-way intersection,Paved,,Property Damage Only,0,0,0,0,0,0,2000,2,2,,POINT (-95.329135293046 43.327729153224)
2014790075,14-009000,03/08/2014,03-March,7-Saturday,02:57,0200 Hours,District 4 (Southwest),COUNCIL BLUFFS,POTTAWATTAMIE,I-29,I-29 & S 24TH ST,Non-collision events:  Other non-collision (explain in narrative),On Roadway,Non-collision (single vehicle),Swerving/Evasive Action,None Indicated,,Dark - roadway lighted,Dry,Clear,None apparent,Interchange-related:  On-ramp merge area,Paved,,Property Damage Only,0,0,0,0,0,0,15000,1,1,,POINT (-95.879241878907 41.2312082483)
2014790454,14-4599,03/08/2014,03-March,7-Saturday,03:59,0300 Hours,District 6 (East Central),DAVENPORT,SCOTT,,IA 461/W RIVER DR,Collision with:  Animal,,,Animal,None Indicated,,,,,,,Paved,,Property Damage Only,0,0,0,0,0,0,3000,1,1,,POINT (-90.658024126556 41.509148853076)
2014791590,,03/08/2014,03-March,7-Saturday,21:42,2100 Hours,District 2 (Northeast),,WORTH,,Co Rd A39/390TH ST,Non-collision events:  Overturn/rollover,On Roadway,Non-collision (single vehicle),Crossed centerline (undivided),Alcohol (< Statutory),,Dark - roadway not lighted,Wet,Cloudy,None apparent,Non-intersection:  Non-junction/no special feature,Paved,,Property Damage Only,0,0,0,0,0,0,10000,1,4,,POINT (-93.270320980685 43.327611354414)
2014790077,14-009046,03/08/2014,03-March,7-Saturday,13:02,1300 Hours,District 4 (Southwest),COUNCIL BLUFFS,POTTAWATTAMIE,,COLLEGE RD,Collision with fixed object:  Curb/island/raised median,On Roadway,Non-collision (single vehicle),Ran off road - right,None Indicated,,Daylight,Ice/frost,Clear,"Surface condition (e.g., wet, icy)",Non-intersection:  Non-junction/no special feature,Paved,,Property Damage Only,0,0,0,0,0,0,6000,1,3,,POINT (-95.820843979728 41.273633948492)
2014790392,14-006189,03/08/2014,03-March,7-Saturday,18:58,1800 Hours,District 5 (Southeast),MONTROSE,LEE,US 218,US 218,Collision with:  Animal,,,Animal,None Indicated,,,,,,,Paved,,Property Damage Only,0,0,0,0,0,0,8500,1,1,,POINT (-91.468572188194 40.533834375539)
2014790040,20140006241,03/08/2014,03-March,7-Saturday,02:19,0200 Hours,District 1 (Central),DES MOINES,POLK,I-235,I-235,Collision with fixed object:  Utility pole/light support,On Roadway,Non-collision (single vehicle),Lost Control,None Indicated,,Unknown,Unknown,Unknown,Unknown,"Interchange-related:  Off-ramp, diverge area",Paved,,Minor Injury,0,1,0,1,0,0,1500,1,1,,POINT (-93.573106363301 41.626419779928)
2014797372,S201400427,03/08/2014,03-March,7-Saturday,13:50,1300 Hours,District 3 (Northwest),,PALO ALTO,US 18,US 18/360 ST,Collision with:  Vehicle in traffic,On Roadway,"Sideswipe, opposite direction",Ran off road - right,None Indicated,,Daylight,Dry,Cloudy,None apparent,Non-intersection:  Non-junction/no special feature,Paved,,Property Damage Only,0,0,0,0,0,0,8300,2,3,,POINT (-94.761175019855 43.126563544118)
2014793009,2014016245,03/08/2014,03-March,7-Saturday,01:41,0100 Hours,District 1 (Central),URBANDALE,POLK,I-35,I-35,Collision with fixed object:  Concrete traffic barrier (median or right side),Shoulder,Non-collision (single vehicle),Ran off road - left,Alcohol (Statutory),,Dark - roadway not lighted,Dry,Cloudy,None apparent,Non-intersection:  Non-junction/no special feature,Paved,,Property Damage Only,0,0,0,0,0,0,5000,1,1,,POINT (-93.766064284007 41.651335467987)
2014790061,14-1153,03/08/2014,03-March,7-Saturday,10:15,1000 Hours,District 1 (Central),WEST DES MOINES,POLK,,E P TRUE PKWY,Collision with:  Animal,On Roadway,Non-collision (single vehicle),Animal,None Indicated,,Daylight,Dry,Cloudy,None apparent,Non-intersection:  Non-junction/no special feature,Paved,,Property Damage Only,0,0,0,0,0,0,5000,1,1,,POINT (-93.750627200256 41.57013844617)
2014790794,02-14-3936,03/08/2014,03-March,7-Saturday,05:03,0500 Hours,District 6 (East Central),DUBUQUE,DUBUQUE,,Co Rd Y13/FARLEY RD,Non-collision events:  Overturn/rollover,On Roadway,Non-collision (single vehicle),Ran off road - right,None Indicated,,Dark - roadway not lighted,Dry,Clear,None apparent,Non-intersection:  Non-junction/no special feature,Paved,,Property Damage Only,0,0,0,0,0,0,2000,1,1,,POINT (-91.028741517854 42.37030376368)
2014789907,W14-022915,03/08/2014,03-March,7-Saturday,09:56,0900 Hours,District 2 (Northeast),WATERLOO,BLACK HAWK,,W 6TH ST & COMMERCIAL ST,Collision with:  Vehicle in traffic,On Roadway,"Sideswipe, same direction",Other (explain in narrative):  Other,None Indicated,,Daylight,Dry,Clear,None apparent,Non-intersection:  Other non-intersection (explain in narrative),Paved,,Property Damage Only,0,0,0,0,0,0,6000,2,3,,POINT (-92.337616785511 42.493744316954)