Iowa DOT Case Number,Law Enforcement Case Number,Date of Crash,Month of Crash,Day of Week,Time of Crash,Hour,DOT District,City Name,County Name,Route with System,Location Description,First Harmful Event,Location of First Harmful Event,Manner of Crash/Collision,Major Cause,Drug or Alcohol ,Environmental Conditions,Light Conditions,Surface Conditions,Weather Conditions,Roadway Contribution,Roadway Type,Roadway Surface,Work Zone,Crash Severity,Number of Fatalities,Number of Injuries,Number of Major Injuries,Number of Minor Injuries,Number of Possible Injuries,Number of Unknown Injuries,Amount of Property Damage,Number of Vehicles Involved,Total Number of Occupants,Travel Direction,Location
2014790024,20140006325,03/09/2014,03-March,1-Sunday,03:39,0300 Hours,District 1 (Central),DES MOINES,POLK,,E 37TH ST,Collision with:  Parked motor vehicle,On Roadway,Head-on (front to front),Crossed centerline (undivided),None Indicated,,Dark - roadway lighted,Dry,Clear,None apparent,Non-intersection:  Non-junction/no special feature,Paved,,Property Damage Only,0,0,0,0,0,0,10000,2,1,,POINT (-93.544009612144 41.62387701153)
2014790240,022-14,03/09/2014,03-March,1-Sunday,18:45,1800 Hours,District 4 (Southwest),,MADISON,IA 92,IA 92/IOWA 92,Collision with:  Animal,,,Animal,None Indicated,,,,,,,Paved,,Property Damage Only,0,0,0,0,0,0,5000,1,1,,POINT (-93.84348477038 41.349173825718)
2014790025,20140006326,03/09/2014,03-March,1-Sunday,03:00,0300 Hours,District 1 (Central),DES MOINES,POLK,,E PARK AVE & SE 22ND ST,Collision with:  Vehicle in traffic,On Roadway,Rear-end (front to rear),Followed too close,None Indicated,,Dark - roadway lighted,Wet,Clear,None apparent,Non-intersection:  Non-junction/no special feature,Paved,,Property Damage Only,0,0,0,0,0,0,10000,2,2,,POINT (-93.57748879145 41.555150449097)
2014793858,2014-04593,03/09/2014,03-March,1-Sunday,15:07,1500 Hours,District 5 (Southeast),INDIANOLA,WARREN,IA 92,IA 92/W 2ND AVE & S D ST,Non-collision events:  Other non-collision (explain in narrative),On Roadway,Non-collision (single vehicle),FTYROW:  Other (explain in narrative),None Indicated,,Daylight,Dry,Clear,None apparent,Intersection:  Four-way intersection,Paved,,Property Damage Only,0,0,0,0,0,0,1881,1,1,,POINT (-93.56636103259 41.358374630059)
2014815064,14-0272,03/09/2014,03-March,1-Sunday,22:38,2200 Hours,District 1 (Central),,GREENE,US 30,US 30/220TH,Collision with:  Animal,On Roadway,Non-collision (single vehicle),Animal,None Indicated,,Dark - roadway lighted,Dry,Cloudy,None apparent,Non-intersection:  Non-junction/no special feature,Paved,,Property Damage Only,0,0,0,0,0,0,5500,1,2,,POINT (-94.287935967919 42.034562246118)
2014790053,20140006348,03/09/2014,03-March,1-Sunday,11:42,1100 Hours,District 1 (Central),DES MOINES,POLK,,2ND AVE,Collision with fixed object:  Bridge pier or support,On Roadway,Non-collision (single vehicle),Other (explain in narrative):  Other,None Indicated,,Daylight,Dry,Cloudy,None apparent,Non-intersection:  Other non-intersection (explain in narrative),Paved,,Property Damage Only,0,0,0,0,0,0,5000,1,2,,POINT (-93.619854057419 41.614035502607)
2014789963,2014002649,03/09/2014,03-March,1-Sunday,00:01,0000 Hours,District 6 (East Central),IOWA CITY,JOHNSON,,LUCAS ST,Collision with:  Parked motor vehicle,On Roadway,Unknown,Unknown,None Indicated,,Unknown,Unknown,Unknown,Unknown,Unknown,Paved,,Property Damage Only,0,0,0,0,0,0,2000,2,1,,POINT (-91.524232522007 41.666102324513)
2014790446,14-0235,03/09/2014,03-March,1-Sunday,18:16,1800 Hours,District 1 (Central),PLEASANT HILL,POLK,IA 163,IA 163/E UNIVERSITY AVE & NE 64TH ST,Collision with:  Vehicle in traffic,On Roadway,"Angle, oncoming left turn",FTYROW:  Making left turn,None Indicated,,Dusk,Wet,Clear,None apparent,Intersection:  Four-way intersection,Paved,,Property Damage Only,0,0,0,0,0,0,5000,2,3,,POINT (-93.481961589392 41.598330136724)
2014791111,14-2611,03/09/2014,03-March,1-Sunday,03:00,0300 Hours,District 3 (Northwest),,SIOUX,US 18,US 18/CHESTNUT AVE,Collision with fixed object:  Other fixed object (explain in narrative),Roadside,Non-collision (single vehicle),Ran Stop Sign,None Indicated,,Dark - roadway not lighted,Dry,Cloudy,None apparent,Intersection:  T-intersection,Paved,,Property Damage Only,0,0,0,0,0,0,4200,1,1,,POINT (-96.433062948049 43.228652477992)
2014789911,W14-023271,03/09/2014,03-March,1-Sunday,09:40,0900 Hours,District 2 (Northeast),WATERLOO,BLACK HAWK,,OHIO ST,Collision with:  Parked motor vehicle,On Roadway,"Sideswipe, same direction",Unknown,None Indicated,,Daylight,Dry,Clear,None apparent,Non-intersection:  Non-junction/no special feature,Paved,,Property Damage Only,0,0,0,0,0,0,2000,2,1,,POINT (-92.328354793607 42.482487143338)
2014789989,14-005132,03/09/2014,03-March,1-Sunday,19:33,1900 Hours,District 5 (Southeast),,MARION,,160TH AVE & LISBON DR,Collision with:  Animal,,,Animal,None Indicated,,,,,,,Paved,,Property Damage Only,0,0,0,0,0,0,3000,1,1,,POINT (-93.042831414172 41.332944356523)
2014789895,14-23317,03/09/2014,03-March,1-Sunday,12:13,1200 Hours,District 2 (Northeast),CEDAR FALLS,BLACK HAWK,,UNIVERSITY AVE & CEDAR HEIGHTS DR,Collision with:  Vehicle in traffic,On Roadway,Broadside (front to side),Ran Traffic Signal,None Indicated,,Daylight,Dry,Clear,None apparent,Intersection:  Four-way intersection,Paved,,Property Damage Only,0,0,0,0,0,0,4000,2,3,,POINT (-92.411215919042 42.506727212958)
2014790929,CL14000707,03/09/2014,03-March,1-Sunday,16:13,1600 Hours,District 6 (East Central),CLINTON,CLINTON,,MELROSE CT & 7TH AVE S,Collision with:  Parked motor vehicle,Shoulder,Unknown,Unknown,None Indicated,,Daylight,Dry,Clear,None apparent,Non-intersection:  Non-junction/no special feature,Paved,,Property Damage Only,0,0,0,0,0,0,4000,2,1,,POINT (-90.211366227156 41.838856655392)
2014790103,2014-14202,03/09/2014,03-March,1-Sunday,03:37,0300 Hours,District 6 (East Central),DAVENPORT,SCOTT,,E RUSHOLME ST & EASTERN AVE,Collision with fixed object:  Other fixed object (explain in narrative),Outside trafficway,Non-collision (single vehicle),Ran off road - right,None Indicated,,Dark - roadway lighted,Dry,Clear,None apparent,Intersection:  T-intersection,Paved,,Property Damage Only,0,0,0,0,0,0,4500,1,3,,POINT (-90.551504905883 41.542855767283)
2014790141,14-6986,03/09/2014,03-March,1-Sunday,13:19,1300 Hours,District 3 (Northwest),SIOUX CITY,WOODBURY,,LAUREL AVE & S PALMETTO ST,Collision with:  Vehicle in traffic,On Roadway,"Sideswipe, same direction",Made improper turn,None Indicated,,Daylight,Dry,Cloudy,None apparent,Intersection:  Four-way intersection,Paved,,Property Damage Only,0,0,0,0,0,0,2600,2,2,,POINT (-96.345723985768 42.474470830447)
2014790234,201400664,03/09/2014,03-March,1-Sunday,14:15,1400 Hours,District 6 (East Central),,LINN,US 30,US 30/SE LOOP,Non-collision events:  Overturn/rollover,On Roadway,Non-collision (single vehicle),Other (explain in narrative):  Other,None Indicated,,Daylight,Dry,Cloudy,None apparent,Interchange-related:  Off-ramp,Paved,,Property Damage Only,0,0,0,0,0,0,5000,1,1,,POINT (-91.538870351339 41.924843476738)
2014790037,20140006317,03/09/2014,03-March,1-Sunday,00:19,0000 Hours,District 1 (Central),DES MOINES,POLK,US 6,US 6/E EUCLID AVE,Non-collision events:  Other non-collision (explain in narrative),On Roadway,Non-collision (single vehicle),Ran off road - right,Drug,,Dark - roadway lighted,Dry,Clear,None apparent,Non-intersection:  Non-junction/no special feature,Paved,,Property Damage Only,0,0,0,0,0,0,7000,1,1,,POINT (-93.58531511992 41.627745372574)
2014790821,14-005125,03/09/2014,03-March,1-Sunday,18:02,1800 Hours,District 5 (Southeast),,MARION,,Co Rd S45/HWY 181,Collision with:  Animal,On Roadway,Non-collision (single vehicle),Animal,None Indicated,,Dusk,Dry,Clear,None apparent,Non-intersection:  Non-junction/no special feature,Paved,,Property Damage Only,0,0,0,0,0,0,2000,1,1,,POINT (-93.238393268186 41.260832502924)
2014790370,14-07932,03/09/2014,03-March,1-Sunday,04:45,0400 Hours,District 5 (Southeast),,DES MOINES,,MADISON AVE & GLENMARK DR,Collision with fixed object:  Ditch,On Roadway,Non-collision (single vehicle),Unknown,None Indicated,,Dark - roadway lighted,Unknown,Cloudy,None apparent,Intersection:  T-intersection,Paved,,Property Damage Only,0,0,0,0,0,0,1500,1,1,,POINT (-91.112194128837 40.763841092261)
2014792365,14033565,03/09/2014,03-March,1-Sunday,01:54,0100 Hours,District 6 (East Central),,JOHNSON,I-380,I-380 & Co Rd W60/HWY 965 NE/HWY 965 NW,Collision with fixed object:  Bridge overhead structure,Shoulder,Non-collision (single vehicle),Lost Control,Alcohol (Statutory),,Dark - roadway not lighted,Dry,Clear,None apparent,Non-intersection:  Other non-intersection (explain in narrative),Paved,,Property Damage Only,0,0,0,0,0,0,12000,1,3,,POINT (-91.64644276224 41.800520066127)
2014789951,01-14-9746,03/09/2014,03-March,1-Sunday,03:00,0300 Hours,District 6 (East Central),DUBUQUE,DUBUQUE,US 20,US 20/DODGE ST & IA 946/IOWA 946,Collision with:  Vehicle in traffic,On Roadway,"Sideswipe, same direction",Other (explain in narrative):  Other,Alcohol (Statutory),,Dark - roadway lighted,Dry,Cloudy,None apparent,Non-intersection:  Other non-intersection (explain in narrative),Paved,,Property Damage Only,0,0,0,0,0,0,1700,2,5,,POINT (-90.665098532681 42.492004570747)
2014789936,CL14000704,03/09/2014,03-March,1-Sunday,09:40,0900 Hours,District 6 (East Central),CLINTON,CLINTON,,8TH AVE S & S 5TH ST,Collision with fixed object:  Traffic sign support,On Roadway,Non-collision (single vehicle),Other (explain in narrative):  Other,None Indicated,,Daylight,Dry,Clear,None apparent,Non-intersection:  Non-junction/no special feature,Paved,,Property Damage Only,0,0,0,0,0,0,2200,1,1,,POINT (-90.195708618074 41.837799721061)
2014790359,2014016738,03/09/2014,03-March,1-Sunday,07:26,0700 Hours,District 5 (Southeast),,WARREN,I-35,I-35,Collision with fixed object:  Bridge overhead structure,On Roadway,Non-collision (single vehicle),Swerving/Evasive Action,None Indicated,,Dawn,Dry,Clear,None apparent,Non-intersection:  Other non-intersection (explain in narrative),Paved,,Property Damage Only,0,0,0,0,0,0,8000,1,2,,POINT (-93.779916727312 41.357260604751)
2014790079,14-009187,03/09/2014,03-March,1-Sunday,16:37,1600 Hours,District 4 (Southwest),COUNCIL BLUFFS,POTTAWATTAMIE,I-29,I-29,Collision with:  Vehicle in traffic,On Roadway,Rear-end (front to rear),Followed too close,None Indicated,,Daylight,Dry,Clear,None apparent,"Interchange-related:  Off-ramp, diverge area",Paved,,Property Damage Only,0,0,0,0,0,0,5300,4,10,,POINT (-95.882017601314 41.231931311941)
2014790962,2014002653,03/09/2014,03-March,1-Sunday,12:00,1200 Hours,District 6 (East Central),IOWA CITY,JOHNSON,,WEST SIDE DR,Collision with:  Parked motor vehicle,On Roadway,Rear-end (front to rear),Unknown,None Indicated,,Daylight,Unknown,Cloudy,None apparent,Non-intersection:  Non-junction/no special feature,Paved,,Property Damage Only,0,0,0,0,0,0,7550,3,1,,POINT (-91.565888827268 41.637420422087)
2014796716,,03/09/2014,03-March,1-Sunday,16:39,1600 Hours,District 5 (Southeast),,MUSCATINE,,LINDLE AVE,Non-collision events:  Overturn/rollover,On Roadway,Non-collision (single vehicle),"Operating vehicle in an reckless, erratic, careless, negligent manner",None Indicated,,Daylight,Unknown,Clear,None apparent,Non-intersection:  Non-junction/no special feature,Unpaved,,Property Damage Only,0,0,0,0,0,0,7500,1,3,,POINT (-91.111275219854 41.470617494125)
2014790215,14-060309-01,03/09/2014,03-March,1-Sunday,16:34,1600 Hours,District 6 (East Central),,IOWA,,Co Rd V77/P AVE,Collision with fixed object:  Guardrail - face,On Roadway,Non-collision (single vehicle),Ran off road - right,None Indicated,,Daylight,Dry,Clear,None apparent,Non-intersection:  Non-junction/no special feature,Paved,,Possible/Unknown,0,1,0,0,1,0,8000,1,1,,POINT (-92.009572971375 41.721478979016)
2014790105,2014-14250,03/09/2014,03-March,1-Sunday,14:02,1400 Hours,District 6 (East Central),DAVENPORT,SCOTT,,W CENTRAL PARK AVE,Collision with:  Vehicle in traffic,On Roadway,"Sideswipe, same direction",Driver Distraction:  Passenger,None Indicated,,Daylight,Dry,Clear,None apparent,Non-intersection:  Non-junction/no special feature,Paved,,Property Damage Only,0,0,0,0,0,0,4000,2,6,,POINT (-90.610376767817 41.54549092844)
2014790266,14-0531,03/10/2014,03-March,2-Monday,06:55,0600 Hours,District 1 (Central),URBANDALE,POLK,,AURORA AVE & 70TH ST,Collision with:  Vehicle in traffic,On Roadway,Broadside (front to side),FTYROW:  From stop sign,None Indicated,,Daylight,Dry,Cloudy,None apparent,Intersection:  Four-way intersection,Paved,,Major Injury,0,1,1,0,0,0,6000,3,5,,POINT (-93.712221183241 41.636657798928)
2014790455,2014-4743,03/10/2014,03-March,2-Monday,07:51,0700 Hours,District 6 (East Central),,SCOTT,US 61,US 61/140 ST & FRONTAGE RD,Collision with:  Vehicle in traffic,On Roadway,"Angle, oncoming left turn",FTYROW:  Making left turn,None Indicated,,Daylight,Dry,Cloudy,None apparent,Intersection:  Four-way intersection,Paved,,Property Damage Only,0,0,0,0,0,0,10000,2,2,,POINT (-90.684155461323 41.508507434014)
2014790791,01-14-9934,03/10/2014,03-March,2-Monday,16:28,1600 Hours,District 6 (East Central),DUBUQUE,DUBUQUE,,E 8TH ST & WHITE ST,Collision with:  Vehicle in traffic,On Roadway,"Angle, oncoming left turn",Made improper turn,None Indicated,,Daylight,Dry,Clear,None apparent,Intersection:  Four-way intersection,Paved,,Property Damage Only,0,0,0,0,0,0,3200,2,2,,POINT (-90.664116573846 42.501710188159)
2014790018,20140006416,03/10/2014,03-March,2-Monday,09:40,0900 Hours,District 1 (Central),DES MOINES,POLK,,HICKMAN RD,Collision with:  Vehicle in traffic,On Roadway,"Sideswipe, opposite direction",Other (explain in narrative):  Other,None Indicated,,Daylight,Dry,Clear,None apparent,Non-intersection:  Non-junction/no special feature,Paved,,Property Damage Only,0,0,0,0,0,0,3000,2,5,,POINT (-93.649053609846 41.615009259363)
2014850887,14-001643,03/10/2014,03-March,2-Monday,17:55,1700 Hours,District 5 (Southeast),COLUMBUS JUNCTION,LOUISA,IA 92,IA 92/IOWA 92,Collision with:  Vehicle in traffic,On Roadway,"Angle, oncoming left turn",FTYROW:  Making left turn,Refused,,Dusk,Dry,Clear,None apparent,Non-intersection:  Driveway access (within),Paved,,Property Damage Only,0,0,0,0,0,0,13000,3,2,,POINT (-91.381727142496 41.280969912636)
2014790472,2014-14439,03/10/2014,03-March,2-Monday,13:20,1300 Hours,District 6 (East Central),DAVENPORT,SCOTT,,MARQUETTE ST,Collision with:  Vehicle in traffic,On Roadway,Rear-end (front to rear),Exceeded authorized speed,None Indicated,,Daylight,Dry,Cloudy,None apparent,Non-intersection:  Non-junction/no special feature,Paved,,Property Damage Only,0,0,0,0,0,0,3000,2,2,,POINT (-90.591383085848 41.538492732265)
2014790190,201400970,03/10/2014,03-March,2-Monday,13:07,1300 Hours,District 1 (Central),,BOONE,,Co Rd E41/216TH DR,Collision with fixed object:  Culvert/pipe opening,On Roadway,Non-collision (single vehicle),Swerving/Evasive Action,None Indicated,,Daylight,Dry,Clear,None apparent,Non-intersection:  Non-junction/no special feature,Paved,,Property Damage Only,0,0,0,0,0,0,2000,1,1,,POINT (-93.957630876416 42.036307638152)
2014790272,14-1191,03/10/2014,03-March,2-Monday,17:00,1700 Hours,District 4 (Southwest),WEST DES MOINES,DALLAS,,JORDAN CREEK PKWY & MILLS CIVIC PKWY & S JORDAN CREEK PKWY,Collision with:  Vehicle in traffic,On Roadway,"Angle, oncoming left turn",Unknown,None Indicated,,Daylight,Dry,Clear,None apparent,Intersection:  Four-way intersection,Paved,,Property Damage Only,0,0,0,0,0,0,3000,2,5,,POINT (-93.809357087366 41.561030024355)
2014790552,14023655,03/10/2014,03-March,2-Monday,14:35,1400 Hours,District 2 (Northeast),CEDAR FALLS,BLACK HAWK,,W 27TH ST & HUDSON RD & UNIVERSITY OF NORTHERN IA,Collision with:  Vehicle in traffic,On Roadway,"Angle, oncoming left turn",FTYROW:  Making left turn,None Indicated,,Daylight,Dry,Clear,None apparent,Intersection:  Four-way intersection,Paved,,Minor Injury,0,1,0,1,0,0,12000,2,2,,POINT (-92.465556732739 42.513135486498)
2014790250,14-1591,03/10/2014,03-March,2-Monday,15:40,1500 Hours,District 1 (Central),DES MOINES,POLK,,NE 22ND ST & NE 58TH AVE,Collision with:  Vehicle in traffic,On Roadway,"Angle, oncoming left turn",FTYROW:  From stop sign,None Indicated,,Daylight,Dry,Clear,None apparent,Intersection:  T-intersection,Paved,,Property Damage Only,0,0,0,0,0,0,3000,2,3,,POINT (-93.581265074467 41.66600135267)
2014790264,20140006494,03/10/2014,03-March,2-Monday,21:30,2100 Hours,District 1 (Central),DES MOINES,POLK,,WALNUT ST & 5TH AVE,Collision with:  Non-motorist (see non-motorist section - NOT a unit),On Roadway,Non-collision (single vehicle),FTYROW:  To pedestrian,None Indicated,,Dark - roadway lighted,Wet,Clear,None apparent,Non-intersection:  Non-junction/no special feature,Paved,,Minor Injury,0,1,0,1,0,0,0,1,1,,POINT (-93.623330555647 41.586166341548)
2014790238,14004991,03/10/2014,03-March,2-Monday,12:38,1200 Hours,District 6 (East Central),MARION,LINN,,7TH AVE & 10TH AVE & 35TH ST,Collision with:  Vehicle in traffic,On Roadway,Broadside (front to side),Ran Traffic Signal,None Indicated,,Daylight,"Mud, dirt",Clear,None apparent,Intersection:  Four-way intersection,Paved,,Property Damage Only,0,0,0,0,0,0,4000,2,3,,POINT (-91.574322520288 42.035959853676)
2014804953,,03/10/2014,03-March,2-Monday,07:20,0700 Hours,District 2 (Northeast),,CHICKASAW,,ADDISON AVE & 300TH ST,Collision with:  Vehicle in traffic,On Roadway,Broadside (front to side),FTYROW:  From stop sign,None Indicated,,Daylight,,Cloudy,,Intersection:  Intersection with ramp,Unpaved,,Minor Injury,0,2,0,1,1,0,11500,2,3,,POINT (-92.554219528532 42.921635565418)
2014850936,14-001631,03/10/2014,03-March,2-Monday,09:08,0900 Hours,District 5 (Southeast),,LOUISA,,Co Rd X37/COUNTY RD X 37 & 65TH ST,Collision with:  Animal,,,Animal,None Indicated,,,,,,,Paved,,Property Damage Only,0,0,0,0,0,0,3000,1,777,,POINT (-91.284109332577 41.155164337875)
2014790241,023-14,03/10/2014,03-March,2-Monday,20:00,2000 Hours,District 4 (Southwest),,MADISON,,Co Rd G68/PERU RD,Collision with:  Animal,,,Animal,None Indicated,,,,,,,Paved,,Property Damage Only,0,0,0,0,0,0,4000,1,1,,POINT (-94.018513084525 41.243567081341)
2014790768,14003688,03/10/2014,03-March,2-Monday,15:33,1500 Hours,District 2 (Northeast),MASON CITY,CERRO GORDO,,15TH ST SW & S MONROE AVE,Collision with:  Vehicle in traffic,On Roadway,Rear-end (front to rear),Other (explain in narrative):  Other,None Indicated,,Daylight,Dry,Cloudy,None apparent,Non-intersection:  Non-junction/no special feature,Paved,,Property Damage Only,0,0,0,0,0,0,1900,2,3,,POINT (-93.210816384923 43.137259677943)
2014790419,14-001109,03/10/2014,03-March,2-Monday,08:30,0800 Hours,District 1 (Central),ANKENY,POLK,,NW 18TH ST,Collision with:  Vehicle in traffic,On Roadway,Rear-end (front to rear),Followed too close,None Indicated,,Daylight,Dry,Clear,None apparent,Non-intersection:  Non-junction/no special feature,Paved,,Property Damage Only,0,0,0,0,0,0,1800,2,2,,POINT (-93.6020743901 41.746354404462)
2014794372,01-14-9870,03/10/2014,03-March,2-Monday,06:40,0600 Hours,District 6 (East Central),DUBUQUE,DUBUQUE,US 52,US 52/E 9TH ST/WHITE ST,Collision with:  Vehicle in traffic,On Roadway,"Sideswipe, same direction",Ran Traffic Signal,None Indicated,,Dark - roadway lighted,Dry,Clear,None apparent,Intersection:  Four-way intersection,Paved,,Property Damage Only,0,0,0,0,0,0,7550,2,2,,POINT (-90.664559342288 42.502565706656)
2014790269,14-1188,03/10/2014,03-March,2-Monday,16:00,1600 Hours,District 1 (Central),WEST DES MOINES,POLK,I-35,I-35,Collision with:  Vehicle in traffic,On Roadway,Rear-end (front to rear),Other (explain in narrative):  Other,None Indicated,,Daylight,Dry,Clear,None apparent,Interchange-related:  Off-ramp,Paved,,Property Damage Only,0,0,0,0,0,0,3500,2,2,,POINT (-93.774962006975 41.600115161574)
2014791127,2014-0072,03/10/2014,03-March,2-Monday,15:26,1500 Hours,District 5 (Southeast),NORWALK,WARREN,,BEARDSLEY ST & HAPPY HOLLOW DR,Collision with:  Vehicle in traffic,On Roadway,Head-on (front to front),Other (explain in narrative):  Vision obstructed,None Indicated,,Daylight,Dry,Cloudy,Unknown,Non-intersection:  Non-junction/no special feature,Paved,,Property Damage Only,0,0,0,0,0,0,3000,2,4,,POINT (-93.68374741023 41.497290056941)
2014790246,1403101-A,03/10/2014,03-March,2-Monday,17:15,1700 Hours,District 4 (Southwest),RED OAK,MONTGOMERY,,HAMMOND ST,Collision with:  Vehicle in traffic,On Roadway,"Sideswipe, same direction",Unknown,None Indicated,,Daylight,Dry,Clear,None apparent,Non-intersection:  Non-junction/no special feature,Paved,,Property Damage Only,0,0,0,0,0,0,3500,2,1,,POINT (-95.226168958101 41.010547397697)
2014790769,14003690,03/10/2014,03-March,2-Monday,16:22,1600 Hours,District 2 (Northeast),MASON CITY,CERRO GORDO,,S HAMPSHIRE AVE,Collision with:  Vehicle in traffic,On Roadway,Rear-end (front to rear),Other (explain in narrative):  Vision obstructed,None Indicated,,Daylight,Dry,Clear,None apparent,Non-intersection:  Non-junction/no special feature,Paved,,Property Damage Only,0,0,0,0,0,0,2000,2,1,,POINT (-93.188129405541 43.137029080799)
2014790767,14003668,03/10/2014,03-March,2-Monday,08:18,0800 Hours,District 2 (Northeast),MASON CITY,CERRO GORDO,IA 122,IA 122/4TH ST SW & CERRO GORDO & WINNEBAGO WAY,Collision with:  Vehicle in traffic,On Roadway,Rear-end (front to rear),Driver Distraction:  Manual operation of an electronic communication device,None Indicated,,Daylight,Wet,Clear,None apparent,Non-intersection:  Non-junction/no special feature,Paved,,Property Damage Only,0,0,0,0,0,0,2500,2,5,,POINT (-93.230310385296 43.148343102799)
2014790373,14-08053,03/10/2014,03-March,2-Monday,10:04,1000 Hours,District 5 (Southeast),BURLINGTON,DES MOINES,,MAPLE ST & 9TH ST,Collision with:  Vehicle in traffic,On Roadway,Broadside (front to side),FTYROW:  From stop sign,None Indicated,,Daylight,Dry,Cloudy,None apparent,Intersection:  Four-way intersection,Paved,,Property Damage Only,0,0,0,0,0,0,6500,2,2,,POINT (-91.11048029637 40.804663631993)
2014790380,14-003630,03/10/2014,03-March,2-Monday,20:39,2000 Hours,District 5 (Southeast),,HENRY,US 218,US 218,Collision with:  Animal,,,Animal,None Indicated,,,,,,,Paved,,Property Damage Only,0,0,0,0,0,0,2200,1,1,,POINT (-91.549182407132 41.005866937312)
2014790435,14-0539,03/10/2014,03-March,2-Monday,18:14,1800 Hours,District 1 (Central),URBANDALE,POLK,,ROSELAND DR,Collision with:  Vehicle in traffic,On Roadway,Rear-end (front to rear),Followed too close,None Indicated,,Daylight,Dry,Clear,None apparent,Non-intersection:  Non-junction/no special feature,Paved,,Property Damage Only,0,0,0,0,0,0,4000,2,3,,POINT (-93.713241486057 41.625743795421)
2014790260,20140006457,03/10/2014,03-March,2-Monday,15:23,1500 Hours,District 1 (Central),DES MOINES,POLK,,SE 6TH ST & INDIANOLA AVE & SE 5TH ST,Collision with:  Vehicle in traffic,On Roadway,Head-on (front to front),FTYROW:  Making left turn,None Indicated,,Daylight,Dry,Cloudy,None apparent,Intersection:  Four-way intersection,Paved,,Minor Injury,0,2,0,2,0,0,8000,2,4,,POINT (-93.605739192436 41.56012124689)
2014798043,14-001646,03/10/2014,03-March,2-Monday,20:05,2000 Hours,District 2 (Northeast),MCGREGOR,CLAYTON,US 18,US 18,Collision with:  Animal,,,Animal,None Indicated,,,,,,,Paved,,Property Damage Only,0,0,0,0,0,0,1500,1,1,,POINT (-91.211404772286 43.020774416434)
2014790623,S14-000698,03/10/2014,03-March,2-Monday,19:53,1900 Hours,District 4 (Southwest),,POTTAWATTAMIE,,Co Rd L35/WABASH AVE,Collision with:  Animal,,,Animal,None Indicated,,,,,,,Paved,,Property Damage Only,0,0,0,0,0,0,5000,1,1,,POINT (-95.807481756438 41.214770608116)
2014791100,2014-14479,03/10/2014,03-March,2-Monday,15:53,1500 Hours,District 6 (East Central),DAVENPORT,SCOTT,,ELMORE AVE,Collision with:  Vehicle in traffic,On Roadway,"Angle, oncoming left turn",Made improper turn,None Indicated,,Daylight,Dry,Cloudy,None apparent,Non-intersection:  Non-junction/no special feature,Paved,,Property Damage Only,0,0,0,0,0,0,5500,2,5,,POINT (-90.528565500692 41.573850934436)
2014791465,2014016561,03/10/2014,03-March,2-Monday,11:40,1100 Hours,District 3 (Northwest),SIOUX CITY,WOODBURY,IA 376,IA 376/SINGING HILLS BLVD & S YORK ST,Collision with:  Vehicle in traffic,On Roadway,"Angle, oncoming left turn",FTYROW:  Making left turn,None Indicated,,Daylight,Dry,Cloudy,None apparent,Intersection:  Four-way intersection,Paved,,Minor Injury,0,1,0,1,0,0,15000,2,2,,POINT (-96.372374907982 42.434861269889)
2014791452,BP14000207,03/10/2014,03-March,2-Monday,21:35,2100 Hours,District 2 (Northeast),BELMOND,WRIGHT,US 69,US 69/RIVER AVE S,Collision with:  Animal,On Roadway,Non-collision (single vehicle),Animal,None Indicated,,Dark - roadway not lighted,Dry,"Fog, smoke, smog",None apparent,Non-intersection:  Non-junction/no special feature,Paved,,Property Damage Only,0,0,0,0,0,0,1800,1,5,,POINT (-93.61688000658 42.831653467753)
2014790021,20140006427,03/10/2014,03-March,2-Monday,11:37,1100 Hours,District 1 (Central),DES MOINES,POLK,,GUTHRIE AVE & E 24TH ST,Collision with:  Vehicle in traffic,On Roadway,Broadside (front to side),FTYROW:  From stop sign,None Indicated,,Daylight,Wet,Cloudy,None apparent,Intersection:  Four-way intersection,Paved,,Minor Injury,0,1,0,1,0,0,6500,2,2,,POINT (-93.573653282911 41.614986901437)
2014790309,14-001196,03/10/2014,03-March,2-Monday,13:52,1300 Hours,District 1 (Central),AMES,STORY,US 69,US 69/GRAND AVE & 30TH ST & DUFF AVE,Collision with:  Vehicle in traffic,On Roadway,"Angle, oncoming left turn",FTYROW:  Making left turn,None Indicated,,Daylight,Dry,Clear,None apparent,Intersection:  Four-way intersection,Paved,,Property Damage Only,0,0,0,0,0,0,4400,2,2,,POINT (-93.620569951751 42.051216188989)
2014791407,14-001118,03/10/2014,03-March,2-Monday,16:12,1600 Hours,District 1 (Central),ANKENY,POLK,IA 415,IA 415/SW ORALABOR RD & SW IRVINEDALE DR,Collision with:  Vehicle in traffic,On Roadway,"Sideswipe, same direction",Ran Traffic Signal,None Indicated,,Daylight,Dry,Clear,None apparent,Intersection:  Four-way intersection,Paved,,Property Damage Only,0,0,0,0,0,0,2100,2,3,,POINT (-93.637416099282 41.703209221347)
2014790851,2014-14436,03/10/2014,03-March,2-Monday,13:06,1300 Hours,District 6 (East Central),DAVENPORT,SCOTT,I-80,I-80,Collision with:  Vehicle in traffic,On Roadway,Rear-end (front to rear),Followed too close,None Indicated,,Daylight,Dry,Clear,Work Zone (roadway-related),Non-intersection:  Non-junction/no special feature,Paved,Yes,Possible/Unknown,0,1,0,0,1,0,50000,6,6,,POINT (-90.626436525971 41.599979231451)
2014790362,14003284,03/10/2014,03-March,2-Monday,05:52,0500 Hours,District 5 (Southeast),,APPANOOSE,,Co Rd J3T/HWY J3T & Co Rd T4J/450TH ST,Non-collision events:  Overturn/rollover,On Roadway,Non-collision (single vehicle),Crossed centerline (undivided),None Indicated,,Dark - roadway not lighted,"Mud, dirt",Clear,"Surface condition (e.g., wet, icy)",Intersection:  Y-intersection,Paved,,Property Damage Only,0,0,0,0,0,0,5000,1,1,,POINT (-92.711802648118 40.819102546274)