Iowa DOT Case Number,Law Enforcement Case Number,Date of Crash,Month of Crash,Day of Week,Time of Crash,Hour,DOT District,City Name,County Name,Route with System,Location Description,First Harmful Event,Location of First Harmful Event,Manner of Crash/Collision,Major Cause,Drug or Alcohol ,Environmental Conditions,Light Conditions,Surface Conditions,Weather Conditions,Roadway Contribution,Roadway Type,Roadway Surface,Work Zone,Crash Severity,Number of Fatalities,Number of Injuries,Number of Major Injuries,Number of Minor Injuries,Number of Possible Injuries,Number of Unknown Injuries,Amount of Property Damage,Number of Vehicles Involved,Total Number of Occupants,Travel Direction,Location
2014790847,S14-000722,03/13/2014,03-March,5-Thursday,04:48,0400 Hours,District 4 (Southwest),OAKLAND,POTTAWATTAMIE,US 6,US 6,Collision with:  Animal,On Roadway,Non-collision (single vehicle),Animal,None Indicated,,,,,,,Paved,,Property Damage Only,0,0,0,0,0,0,1500,1,1,,POINT (-95.561388450497 41.289421359031)
2014790846,14-1243,03/13/2014,03-March,5-Thursday,15:47,1500 Hours,District 1 (Central),WEST DES MOINES,POLK,,GRAND AVE & RAILROAD AVE & E P TRUE PKWY,Collision with:  Vehicle in traffic,On Roadway,"Sideswipe, same direction",FTYROW:  Other (explain in narrative),None Indicated,,Daylight,Dry,Clear,None apparent,Non-intersection:  Non-junction/no special feature,Paved,,Property Damage Only,0,0,0,0,0,0,2500,2,2,,POINT (-93.731733004078 41.570908766039)
2014801015,A390314-0588,03/13/2014,03-March,5-Thursday,00:03,0000 Hours,District 4 (Southwest),,GUTHRIE,,Co Rd F65/WHITE POLE RD,Collision with:  Animal,,,Animal,None Indicated,,,,,,,Paved,,Property Damage Only,0,0,0,0,0,0,1500,1,2,,POINT (-94.538190643753 41.510914035104)
2014790855,2014-15165,03/13/2014,03-March,5-Thursday,14:51,1400 Hours,District 6 (East Central),DAVENPORT,SCOTT,,W CENTRAL PARK AVE & FAIR AVE,Collision with:  Vehicle in traffic,On Roadway,Rear-end (front to rear),Followed too close,None Indicated,,Daylight,Dry,Clear,None apparent,Non-intersection:  Non-junction/no special feature,Paved,,Possible/Unknown,0,2,0,0,2,0,4000,2,4,,POINT (-90.573295105157 41.545524505731)
2014790799,02-14-4254,03/13/2014,03-March,5-Thursday,16:29,1600 Hours,District 6 (East Central),,DUBUQUE,,Co Rd Y35/JOHN DEERE RD S & BREINER DR,Collision with:  Vehicle in traffic,On Roadway,Rear-end (front to rear),Followed too close,None Indicated,,Daylight,Dry,Clear,None apparent,Non-intersection:  Non-junction/no special feature,Paved,,Property Damage Only,0,0,0,0,0,0,6000,2,2,,POINT (-90.691667712808 42.548024125615)
2014790614,14-001163,03/13/2014,03-March,5-Thursday,07:37,0700 Hours,District 1 (Central),ANKENY,POLK,,SW STATE ST & SW PRAIRIE TRAIL PKWY,Collision with:  Vehicle in traffic,On Roadway,Broadside (front to side),FTYROW:  From stop sign,None Indicated,,Daylight,Dry,Clear,None apparent,Intersection:  Four-way intersection,Paved,,Possible/Unknown,0,2,0,0,2,0,22000,2,2,,POINT (-93.622372134829 41.709830812908)
2014792091,2014017369,03/13/2014,03-March,5-Thursday,22:08,2200 Hours,District 3 (Northwest),,CLAY,US 18,US 18,Collision with:  Animal,,,Animal,None Indicated,,,,,,,Paved,,Property Damage Only,0,0,0,0,0,0,3500,1,1,,POINT (-95.054283372893 43.127140736632)
2014790814,201400708,03/13/2014,03-March,5-Thursday,06:40,0600 Hours,District 6 (East Central),,LINN,,Co Rd E34/FEATHER RIDGE RD & TOWER TERRACE RD,Collision with:  Animal,,,Animal,None Indicated,,,,,,,Paved,,Property Damage Only,0,0,0,0,0,0,1500,1,1,,POINT (-91.740909204955 42.073312456495)
2014790869,2014-04952,03/13/2014,03-March,5-Thursday,20:53,2000 Hours,District 5 (Southeast),,WARREN,,Co Rd G76/HWY G76,Collision with:  Animal,,,Animal,None Indicated,,,,,,,Paved,,Property Damage Only,0,0,0,0,0,0,3000,1,1,,POINT (-93.586163976884 41.190758410498)
2014790997,14052,03/13/2014,03-March,5-Thursday,17:14,1700 Hours,District 5 (Southeast),PELLA,MARION,,MAIN ST,Collision with:  Vehicle in traffic,On Roadway,Broadside (front to side),Improper Backing,None Indicated,,Daylight,Dry,Clear,None apparent,Intersection:  Four-way intersection,Paved,,Possible/Unknown,0,1,0,0,1,0,2250,2,2,,POINT (-92.916478048874 41.406415502368)
2014790824,14-005423,03/13/2014,03-March,5-Thursday,07:00,0700 Hours,District 5 (Southeast),,MARION,,Co Rd S45/HWY 181,Collision with:  Animal,,,Animal,None Indicated,,,,,,,Paved,,Property Damage Only,0,0,0,0,0,0,2500,1,1,,POINT (-93.258947482917 41.296513004361)
2014791002,2014002289,03/13/2014,03-March,5-Thursday,18:07,1800 Hours,District 1 (Central),MARSHALLTOWN,MARSHALL,,W MAIN ST,Collision with:  Parked motor vehicle,Outside trafficway,Rear-end (front to rear),Other (explain in narrative):  Other,None Indicated,,Daylight,Dry,Clear,None apparent,Non-intersection:  Non-junction/no special feature,Paved,,Property Damage Only,0,0,0,0,0,0,2030,2,2,,POINT (-92.915315116587 42.049160943016)
2014790558,1403132711,03/13/2014,03-March,5-Thursday,07:10,0700 Hours,District 6 (East Central),,CLINTON,US 61,US 61,Collision with:  Animal,,,Animal,None Indicated,,,,,,,Paved,,Property Damage Only,0,0,0,0,0,0,3000,1,1,,POINT (-90.567629063204 41.782376910492)
2014790681,S14-2487,03/13/2014,03-March,5-Thursday,01:25,0100 Hours,District 3 (Northwest),SERGEANT BLUFF,WOODBURY,,Co Rd K25/PORT NEAL RD,Collision with:  Animal,On Roadway,Non-collision (single vehicle),Animal,None Indicated,,Dark - roadway not lighted,Dry,Clear,Non-highway work,Non-intersection:  Non-junction/no special feature,Paved,,Possible/Unknown,0,1,0,0,0,1,4000,1,1,,POINT (-96.348908925755 42.314671582061)
2014790798,02-14-4266,03/13/2014,03-March,5-Thursday,19:51,1900 Hours,District 6 (East Central),,DUBUQUE,US 151,US 151,Collision with:  Vehicle in traffic,On Roadway,Rear-end (front to rear),Followed too close,None Indicated,,Dark - roadway not lighted,Dry,Clear,None apparent,Non-intersection:  Non-junction/no special feature,Paved,,Property Damage Only,0,0,0,0,0,0,3500,2,4,,POINT (-90.761582286994 42.393250824783)
2014791039,20140006743,03/13/2014,03-March,5-Thursday,09:40,0900 Hours,District 1 (Central),DES MOINES,POLK,,W MLK JR PKWY & SW 2ND ST,Collision with:  Vehicle in traffic,On Roadway,Broadside (front to side),Ran Traffic Signal,None Indicated,,Daylight,Dry,Clear,None apparent,Intersection:  Four-way intersection,Paved,,Property Damage Only,0,0,0,0,0,0,2000,2,2,,POINT (-93.618050675765 41.582276688903)
2014790599,201403550,03/13/2014,03-March,5-Thursday,08:40,0800 Hours,District 6 (East Central),CEDAR RAPIDS,LINN,,2ND AVE SE,Collision with:  Vehicle in traffic,On Roadway,Broadside (front to side),Improper Backing,None Indicated,,Daylight,Dry,Clear,None apparent,Non-intersection:  Non-junction/no special feature,Paved,,Property Damage Only,0,0,0,0,0,0,2000,2,2,,POINT (-91.656082740715 41.984574316653)
2014791323,2014017303,03/13/2014,03-March,5-Thursday,16:19,1600 Hours,District 6 (East Central),CEDAR RAPIDS,LINN,I-380,I-380,Collision with:  Vehicle in traffic,On Roadway,Rear-end (front to rear),Other (explain in narrative):  No improper action,None Indicated,,Daylight,Dry,Clear,None apparent,Non-intersection:  Non-junction/no special feature,Paved,,Property Damage Only,0,0,0,0,0,0,9000,4,5,,POINT (-91.670753358217 41.886817416868)
2014795154,,03/13/2014,03-March,5-Thursday,12:54,1200 Hours,District 3 (Northwest),SIOUX CITY,WOODBURY,,3RD ST & PIERCE ST,Collision with:  Vehicle in traffic,On Roadway,"Sideswipe, same direction",FTYROW:  Other (explain in narrative),None Indicated,,Daylight,Dry,Clear,None apparent,Intersection:  Four-way intersection,Paved,,Property Damage Only,0,0,0,0,0,0,3941,2,2,,POINT (-96.404913045546 42.493084939081)
2014791354,14003841,03/13/2014,03-March,5-Thursday,16:16,1600 Hours,District 2 (Northeast),MASON CITY,CERRO GORDO,,14TH PL & N WASHINGTON AVE,Collision with:  Vehicle in traffic,On Roadway,Rear-end (front to rear),Improper Backing,None Indicated,,Daylight,Dry,Clear,None apparent,Non-intersection:  Non-junction/no special feature,Paved,,Property Damage Only,0,0,0,0,0,0,2000,2,1,,POINT (-93.20227742496 43.165433250637)
2014790783,14-8423,03/13/2014,03-March,5-Thursday,14:37,1400 Hours,District 5 (Southeast),BURLINGTON,DES MOINES,,WEST AVE & W BURLINGTON AVE,Collision with:  Vehicle in traffic,On Roadway,Rear-end (front to rear),FTYROW:  Other (explain in narrative),None Indicated,,Daylight,Dry,Clear,None apparent,Intersection:  Four-way intersection,Paved,,Property Damage Only,0,0,0,0,0,0,1500,2,2,,POINT (-91.152656123299 40.800482584865)
2014791026,20140006824,03/13/2014,03-March,5-Thursday,23:07,2300 Hours,District 1 (Central),DES MOINES,POLK,US 69,US 69/E 14TH ST & E WALNUT ST,Collision with:  Vehicle in traffic,On Roadway,Rear-end (front to rear),Followed too close,None Indicated,,Dark - roadway lighted,Dry,Clear,None apparent,Non-intersection:  Non-junction/no special feature,Paved,,Possible/Unknown,0,1,0,0,1,0,7000,2,5,,POINT (-93.597259698722 41.591276735262)
2014792186,027-14,03/13/2014,03-March,5-Thursday,08:57,0800 Hours,District 4 (Southwest),,MADISON,,Co Rd G14/CUMMING RD,Collision with:  Vehicle in traffic,On Roadway,Rear-end (front to rear),FTYROW:  Other (explain in narrative),None Indicated,,Daylight,Dry,Clear,None apparent,Non-intersection:  Non-junction/no special feature,Paved,,Possible/Unknown,0,1,0,0,1,0,14000,2,3,,POINT (-93.796102837913 41.482596805071)
2014790942,14-8431,03/13/2014,03-March,5-Thursday,14:30,1400 Hours,District 5 (Southeast),BURLINGTON,DES MOINES,,DIVISION ST & 8TH ST,Collision with:  Vehicle in traffic,On Roadway,Rear-end (front to rear),FTYROW:  From stop sign,None Indicated,,Daylight,Dry,Clear,None apparent,Intersection:  Four-way intersection,Paved,,Possible/Unknown,0,1,0,0,1,0,100,2,5,,POINT (-91.109664899786 40.807496742056)
2014791038,20140006730,03/13/2014,03-March,5-Thursday,06:38,0600 Hours,District 1 (Central),DES MOINES,POLK,,17TH ST,Collision with:  Vehicle in traffic,On Roadway,"Angle, oncoming left turn",FTYROW:  From parked position,None Indicated,,Dark - roadway not lighted,Dry,Clear,None apparent,Non-intersection:  Non-junction/no special feature,Paved,,Property Damage Only,0,0,0,0,0,0,5000,2,2,,POINT (-93.640154354958 41.592613158515)
2014790857,14-000300,03/13/2014,03-March,5-Thursday,06:24,0600 Hours,District 1 (Central),,STORY,,Co Rd E41/LINCOLN HWY & 580TH AVE,Collision with:  Vehicle in traffic,On Roadway,Broadside (front to side),Ran Stop Sign,None Indicated,,Dark - unknown roadway lighting,Dry,Clear,None apparent,Intersection:  Four-way intersection,Paved,,Major Injury,0,2,2,0,0,0,10000,2,3,,POINT (-93.540888813643 42.023086564879)
2014791193,,03/13/2014,03-March,5-Thursday,05:30,0500 Hours,District 5 (Southeast),,LUCAS,IA 14,IA 14,Collision with:  Animal,On Roadway,Non-collision (single vehicle),Animal,None Indicated,,Dark - roadway not lighted,Dry,Cloudy,None apparent,Non-intersection:  Non-junction/no special feature,Paved,,Property Damage Only,0,0,0,0,0,0,2000,1,1,,POINT (-93.273922479305 41.086981044587)
2014792303,2014017314,03/13/2014,03-March,5-Thursday,16:53,1600 Hours,District 5 (Southeast),,MUSCATINE,,Co Rd F58/HWY 927 & Co Rd Y14/TAYLOR AVE,Collision with:  Vehicle in traffic,On Roadway,Broadside (front to side),Ran Stop Sign,None Indicated,,Daylight,Dry,Clear,None apparent,Intersection:  Four-way intersection,Paved,,Minor Injury,0,1,0,1,0,0,13000,2,2,,POINT (-90.996590873057 41.591735527442)
2014790817,14005217,03/13/2014,03-March,5-Thursday,17:19,1700 Hours,District 6 (East Central),MARION,LINN,IA 13,IA 13/IOWA 13,Collision with:  Vehicle in traffic,On Roadway,Broadside (front to side),FTYROW:  Other (explain in narrative),None Indicated,,Daylight,Dry,Clear,None apparent,Non-intersection:  Crossover-related,Paved,,Property Damage Only,0,0,0,0,0,0,6000,2,3,,POINT (-91.550264587568 42.03721654098)
2014790921,031314-133,03/13/2014,03-March,5-Thursday,10:35,1000 Hours,District 3 (Northwest),STORM LAKE,BUENA VISTA,,ERIE ST,Collision with:  Vehicle in traffic,Outside trafficway,Broadside (front to side),Other (explain in narrative):  Other,None Indicated,,Daylight,Dry,Clear,None apparent,Non-intersection:  Non-junction/no special feature,Paved,,Property Damage Only,0,0,0,0,0,0,6500,2,3,,POINT (-95.199699681571 42.643734628286)
2014790840,20140006807,03/13/2014,03-March,5-Thursday,18:21,1800 Hours,District 1 (Central),DES MOINES,POLK,,UNIVERSITY AVE & 3RD ST,Collision with:  Vehicle in traffic,On Roadway,Broadside (front to side),FTYROW:  Other (explain in narrative),None Indicated,,Daylight,Dry,Cloudy,None apparent,Non-intersection:  Non-junction/no special feature,Paved,,Property Damage Only,0,0,0,0,0,0,2150,2,4,,POINT (-93.621499001882 41.600344650894)
2014790815,201400713,03/13/2014,03-March,5-Thursday,16:08,1600 Hours,District 6 (East Central),,LINN,US 151,US 151/DUBUQUE RD,Collision with:  Vehicle in traffic,On Roadway,Rear-end (front to rear),Driving too fast for conditions,None Indicated,,Daylight,Dry,Clear,None apparent,Non-intersection:  Other non-intersection (explain in narrative),Paved,,Possible/Unknown,0,3,0,0,3,0,16000,2,3,,POINT (-91.462710310881 42.050279906258)
2014791258,14005643,03/13/2014,03-March,5-Thursday,19:21,1900 Hours,District 5 (Southeast),OSKALOOSA,MAHASKA,US 63,US 63/N MARKET ST & C AVE W & C AVE E,Collision with fixed object:  Utility pole/light support,Shoulder,Non-collision (single vehicle),Ran off road - left,Alcohol (Statutory),,Dusk,Dry,Clear,None apparent,Intersection:  Four-way intersection,Paved,,Possible/Unknown,0,1,0,0,1,0,5000,1,1,,POINT (-92.645119090979 41.298491157138)
2014791576,2014-15215,03/13/2014,03-March,5-Thursday,17:24,1700 Hours,District 6 (East Central),DAVENPORT,SCOTT,,IA 461/WELCOME WAY & W 46TH ST & E 46TH ST,Collision with:  Vehicle in traffic,On Roadway,Rear-end (front to rear),Followed too close,None Indicated,,Daylight,Dry,Clear,None apparent,Non-intersection:  Non-junction/no special feature,Paved,,Property Damage Only,0,0,0,0,0,0,8000,4,4,,POINT (-90.570270941351 41.567364126847)
2014791169,2014017357,03/13/2014,03-March,5-Thursday,19:20,1900 Hours,District 4 (Southwest),,SHELBY,,2400TH ST,Collision with fixed object:  Ditch,Shoulder,Non-collision (single vehicle),Ran off road - right,Alcohol (< Statutory),,Daylight,"Mud, dirt",Clear,None apparent,Non-intersection:  Non-junction/no special feature,Unpaved,,Possible/Unknown,0,1,0,0,1,0,10100,1,3,,POINT (-95.22068542482 41.849763437958)
2014790816,201403552,03/13/2014,03-March,5-Thursday,08:40,0800 Hours,District 6 (East Central),CEDAR RAPIDS,LINN,,8TH AVE SE & 8TH ST SE,Collision with:  Vehicle in traffic,On Roadway,Broadside (front to side),Ran Traffic Signal,None Indicated,,Daylight,Dry,Clear,None apparent,Intersection:  Four-way intersection,Paved,,Property Damage Only,0,0,0,0,0,0,7500,2,4,,POINT (-91.656008222857 41.976638776137)
2014791336,,03/13/2014,03-March,5-Thursday,13:57,1300 Hours,District 6 (East Central),CEDAR RAPIDS,LINN,,42ND ST NE,Collision with:  Vehicle in traffic,On Roadway,Rear-end (front to rear),Unknown,None Indicated,,Daylight,Dry,Clear,,Non-intersection:  Driveway access (within),Paved,,Property Damage Only,0,0,0,0,0,0,6000,2,2,,POINT (-91.690871790232 42.021722535464)
2014791125,14002647,03/13/2014,03-March,5-Thursday,16:44,1600 Hours,District 1 (Central),,TAMA,US 30,US 30 & E AVE,Collision with:  Vehicle in traffic,On Roadway,Broadside (front to side),FTYROW:  From stop sign,None Indicated,,Daylight,Dry,Clear,None apparent,Intersection:  Four-way intersection,Paved,,Property Damage Only,0,0,0,0,0,0,12000,2,4,,POINT (-92.698494783234 41.999890242548)
2014794103,TC18-14,03/13/2014,03-March,5-Thursday,14:00,1400 Hours,District 4 (Southwest),MISSOURI VALLEY,HARRISON,,W SUPERIOR ST & N MORTON ST,Collision with:  Parked motor vehicle,Shoulder,Rear-end (front to rear),Improper Backing,None Indicated,,Daylight,Dry,Clear,None apparent,Non-intersection:  Non-junction/no special feature,Unpaved,,Property Damage Only,0,0,0,0,0,0,3000,2,1,,POINT (-95.898667668403 41.558373407062)
2014790834,20140006744,03/13/2014,03-March,5-Thursday,11:44,1100 Hours,District 1 (Central),DES MOINES,POLK,I-235,I-235,Collision with:  Vehicle in traffic,On Roadway,"Sideswipe, same direction",Swerving/Evasive Action,None Indicated,,Daylight,Dry,Clear,None apparent,Non-intersection:  Non-junction/no special feature,Paved,,Property Damage Only,0,0,0,0,0,0,15000,2,2,,POINT (-93.669647583697 41.592724379467)
2014790754,W14-024838,03/13/2014,03-March,5-Thursday,20:46,2000 Hours,District 2 (Northeast),WATERLOO,BLACK HAWK,IA 934,IA 934/UNIVERSITY AVE & ANSBOROUGH AVE,Collision with:  Vehicle in traffic,On Roadway,Broadside (front to side),Ran Traffic Signal,None Indicated,,Dark - roadway lighted,Dry,Clear,None apparent,Intersection:  Four-way intersection,Paved,,Possible/Unknown,0,2,0,0,2,0,16000,4,4,,POINT (-92.376912040356 42.496099076428)
2014790808,C14000787,03/13/2014,03-March,5-Thursday,17:41,1700 Hours,District 6 (East Central),CORALVILLE,JOHNSON,,CORAL RIDGE AVE,Collision with:  Vehicle in traffic,On Roadway,Rear-end (front to rear),Other (explain in narrative):  Other,None Indicated,,Daylight,Dry,Clear,None apparent,Non-intersection:  Non-junction/no special feature,Paved,,Property Damage Only,0,0,0,0,0,0,3500,2,4,,POINT (-91.608327914744 41.701152395551)
2014791216,2014-0928,03/13/2014,03-March,5-Thursday,11:55,1100 Hours,District 4 (Southwest),WAUKEE,DALLAS,,PARK RD & ASHWORTH DR,Collision with:  Vehicle in traffic,On Roadway,Broadside (front to side),FTYROW:  From stop sign,None Indicated,,Daylight,Dry,Clear,None apparent,Non-intersection:  Driveway access (within),Paved,,Property Damage Only,0,0,0,0,0,0,5000,2,4,,POINT (-93.866136143352 41.602815069456)
2014790676,14-000366,03/13/2014,03-March,5-Thursday,01:10,0100 Hours,District 1 (Central),AMES,STORY,,DUFF AVE,Collision with:  Vehicle in traffic,On Roadway,Head-on (front to front),Crossed centerline (undivided),Alcohol (Statutory),,Dark - roadway lighted,Dry,Clear,"Surface condition (e.g., wet, icy)",Non-intersection:  Non-junction/no special feature,Paved,,Possible/Unknown,0,1,0,0,1,0,5000,2,2,,POINT (-93.61045959087 42.026412326393)
2014791166,2014017315,03/13/2014,03-March,5-Thursday,15:45,1500 Hours,District 3 (Northwest),,PLYMOUTH,US 75,US 75 & Co Rd C16/140TH ST,Collision with:  Vehicle in traffic,On Roadway,Rear-end (front to rear),Driving too fast for conditions,None Indicated,,Daylight,Dry,Clear,None apparent,Intersection:  Four-way intersection,Paved,,Property Damage Only,0,0,0,0,0,0,2250,2,2,,POINT (-96.174724731353 42.851504116019)
2014790845,14-1250,03/13/2014,03-March,5-Thursday,22:32,2200 Hours,District 4 (Southwest),WEST DES MOINES,DALLAS,,JORDAN CREEK PKWY & E P TRUE PKWY,Collision with:  Vehicle in traffic,On Roadway,Broadside (front to side),Ran Traffic Signal,None Indicated,,Dark - roadway lighted,Dry,Cloudy,None apparent,Intersection:  Four-way intersection,Paved,,Major Injury,0,3,2,0,1,0,25000,2,4,,POINT (-93.809235583981 41.573397820411)
2014790839,20140006796,03/13/2014,03-March,5-Thursday,17:30,1700 Hours,District 1 (Central),DES MOINES,POLK,US 6,US 6/E EUCLID AVE & CORNELL ST,Collision with:  Vehicle in traffic,On Roadway,"Angle, oncoming left turn",FTYROW:  Making left turn,None Indicated,,Daylight,Dry,Cloudy,None apparent,Intersection:  Four-way intersection,Paved,,Possible/Unknown,0,1,0,0,1,0,4000,2,2,,POINT (-93.615110654434 41.627670863348)
2014790629,14-009744,03/13/2014,03-March,5-Thursday,07:42,0700 Hours,District 4 (Southwest),COUNCIL BLUFFS,POTTAWATTAMIE,,2ND AVE & S 25TH ST,Collision with:  Vehicle in traffic,On Roadway,"Angle, oncoming left turn",FTYROW:  From stop sign,None Indicated,,Daylight,Dry,Clear,None apparent,Intersection:  Four-way intersection,Paved,,Property Damage Only,0,0,0,0,0,0,6000,2,2,,POINT (-95.881882005271 41.259782333351)
2014791137,14-7538,03/13/2014,03-March,5-Thursday,15:30,1500 Hours,District 3 (Northwest),SIOUX CITY,WOODBURY,,BUSHNELL AVE & S LAKEPORT ST,Collision with:  Vehicle in traffic,On Roadway,Broadside (front to side),FTYROW:  From stop sign,None Indicated,,Daylight,Dry,Clear,None apparent,Intersection:  T-intersection,Paved,,Property Damage Only,0,0,0,0,0,0,1500,2,3,,POINT (-96.346441700963 42.463752441922)
2014791112,14-2768,03/13/2014,03-March,5-Thursday,11:00,1100 Hours,District 3 (Northwest),,SIOUX,,Co Rd B58/470TH ST,Collision with fixed object:  Utility pole/light support,Roadside,Non-collision (single vehicle),Exceeded authorized speed,None Indicated,,Daylight,Dry,Cloudy,None apparent,Non-intersection:  Other non-intersection (explain in narrative),Paved,,Property Damage Only,0,0,0,0,0,0,2000,1,1,,POINT (-96.020201774525 42.967909042609)
2014791676,,03/13/2014,03-March,5-Thursday,07:45,0700 Hours,District 4 (Southwest),,ADAIR,,YORK AVE,Collision with:  Animal,On Roadway,Non-collision (single vehicle),Animal,None Indicated,,Dusk,"Mud, dirt",Clear,,Non-intersection:  Other non-intersection (explain in narrative),Unpaved,,Property Damage Only,0,0,0,0,0,0,7705,1,1,,POINT (-94.26066534084 41.420670397589)
2014790554,14-4081,03/13/2014,03-March,5-Thursday,01:10,0100 Hours,District 2 (Northeast),,BREMER,IA 3,IA 3/IOWA 3,Collision with:  Animal,,,Animal,None Indicated,,,,,,,Paved,,Property Damage Only,0,0,0,0,0,0,1500,1,1,,POINT (-92.187123731706 42.714800717796)
2014791247,14-6688,03/13/2014,03-March,5-Thursday,07:25,0700 Hours,District 5 (Southeast),,LEE,,255 ST,Collision with:  Vehicle in traffic,On Roadway,Broadside (front to side),FTYROW:  Making left turn,None Indicated,,Dawn,Dry,Clear,None apparent,Non-intersection:  Driveway access (within),Unpaved,,Property Damage Only,0,0,0,0,0,0,3500,2,4,,POINT (-91.670236590065 40.591094639692)
2014790971,2014002817,03/13/2014,03-March,5-Thursday,07:45,0700 Hours,District 6 (East Central),IOWA CITY,JOHNSON,I-80,I-80 & IA 1/N DODGE ST,Collision with:  Vehicle in traffic,On Roadway,"Angle, oncoming left turn",Ran Traffic Signal,None Indicated,,Daylight,Dry,Cloudy,None apparent,Intersection:  Intersection with ramp,Paved,,Property Damage Only,0,0,0,0,0,0,2500,2,3,,POINT (-91.498607216078 41.68799919053)
2014791167,2014017350,03/13/2014,03-March,5-Thursday,20:15,2000 Hours,District 5 (Southeast),,HENRY,US 218,US 218,Collision with:  Animal,,,Animal,None Indicated,,,,,,,Paved,,Property Damage Only,0,0,0,0,0,0,4500,1,1,,POINT (-91.564690915842 40.838342023966)
2014791025,20140006779,03/13/2014,03-March,5-Thursday,14:55,1400 Hours,District 1 (Central),DES MOINES,POLK,,6TH AVE,Collision with:  Vehicle in traffic,On Roadway,"Angle, oncoming left turn",Made improper turn,None Indicated,,Daylight,Dry,Clear,None apparent,Non-intersection:  Non-junction/no special feature,Paved,,Property Damage Only,0,0,0,0,0,0,5500,2,2,,POINT (-93.625781600456 41.601447324382)
2014791771,0313141A,03/13/2014,03-March,5-Thursday,07:40,0700 Hours,District 4 (Southwest),,PAGE,,VINE AVE & 250 ST,Collision with:  Vehicle in traffic,On Roadway,Head-on (front to front),Ran Stop Sign,None Indicated,,Daylight,Dry,Clear,None apparent,Intersection:  Y-intersection,Unpaved,,Property Damage Only,0,0,0,0,0,0,7000,2,4,,POINT (-94.961420273841 40.679839600346)
2014795245,14-020,03/13/2014,03-March,5-Thursday,23:04,2300 Hours,District 3 (Northwest),SIOUX CENTER,SIOUX,,3RD ST SW,Collision with fixed object:  Other fixed object (explain in narrative),On Roadway,Non-collision (single vehicle),Unknown,Under Influence of Alcohol/Drugs/Medications,,Dark - roadway lighted,Dry,Cloudy,None apparent,Non-intersection:  Non-junction/no special feature,Paved,,Minor Injury,0,1,0,1,0,0,5000,1,2,,POINT (-96.176164401117 43.075217257493)
2014874088,NT-14-042,03/13/2014,03-March,5-Thursday,09:30,0900 Hours,District 1 (Central),NEVADA,STORY,,Co Rd S14/W 4TH ST,Collision with:  Vehicle in traffic,On Roadway,Non-collision (single vehicle),Other (explain in narrative):  Other,None Indicated,,Daylight,Dry,Clear,None apparent,Non-intersection:  Other non-intersection (explain in narrative),Paved,,Possible/Unknown,0,1,0,0,0,1,3000,1,1,,POINT (-93.46281869739 42.025967763529)
2014790827,14-1671,03/13/2014,03-March,5-Thursday,17:53,1700 Hours,District 1 (Central),BONDURANT,POLK,,2ND ST SE & MAIN ST SE,Collision with:  Parked motor vehicle,Outside trafficway,Rear-end (front to rear),Driver Distraction:  Manual operation of an electronic communication device,None Indicated,,Daylight,Dry,Clear,None apparent,Intersection:  Four-way intersection,Paved,,Property Damage Only,0,0,0,0,0,0,6500,2,2,,POINT (-93.461973486014 41.699616925324)
2014790966,2014002832,03/13/2014,03-March,5-Thursday,12:58,1200 Hours,District 6 (East Central),IOWA CITY,JOHNSON,,MCCOLLISTER BLVD,Collision with:  Vehicle in traffic,On Roadway,Head-on (front to front),Traveling wrong way or on wrong side of road,None Indicated,,Daylight,Dry,Clear,None apparent,Non-intersection:  Other non-intersection (explain in narrative),Paved,,Minor Injury,0,1,0,1,0,0,18000,2,2,,POINT (-91.534945136833 41.629086050653)
2014791466,2014017153,03/13/2014,03-March,5-Thursday,06:50,0600 Hours,District 5 (Southeast),,DECATUR,,Co Rd J20/COUNTY HWY J20,Collision with:  Animal,,,Animal,None Indicated,,,,,,,Paved,,Property Damage Only,0,0,0,0,0,0,6000,1,1,,POINT (-93.786034543363 40.812496898427)
2014790967,2014002856,03/14/2014,03-March,6-Friday,07:45,0700 Hours,District 6 (East Central),IOWA CITY,JOHNSON,,S MADISON ST & W COURT ST,Collision with:  Vehicle in traffic,On Roadway,"Angle, oncoming left turn",FTYROW:  Making left turn,None Indicated,,Daylight,Dry,Clear,None apparent,Intersection:  Four-way intersection,Paved,,Property Damage Only,0,0,0,0,0,0,6000,2,2,,POINT (-91.537743615386 41.656637710985)
2014792350,14-040314-01,03/14/2014,03-March,6-Friday,23:00,2300 Hours,District 6 (East Central),,IOWA,,Co Rd V66/L AVE,Collision with:  Animal,,,Animal,None Indicated,,,,,,,Paved,,Property Damage Only,0,0,0,0,0,0,1500,1,1,,POINT (-92.084346225013 41.848699793256)
2014790925,1403142621,03/14/2014,03-March,6-Friday,15:13,1500 Hours,District 6 (East Central),,CLINTON,IA 136,IA 136/IOWA 136,Collision with fixed object:  Ditch,Shoulder,Non-collision (single vehicle),Ran off road - right,None Indicated,,Daylight,Dry,Clear,None apparent,Non-intersection:  Non-junction/no special feature,Paved,,Property Damage Only,0,0,0,0,0,0,1500,1,3,,POINT (-90.257274380289 41.883343559292)
2014791218,2014-0953,03/14/2014,03-March,6-Friday,19:12,1900 Hours,District 4 (Southwest),WAUKEE,DALLAS,,Co Rd F64/ASHWORTH RD,Collision with fixed object:  Mailbox,Shoulder,Non-collision (single vehicle),Ran off road - right,None Indicated,,Dusk,Dry,Clear,None apparent,Non-intersection:  Non-junction/no special feature,Unpaved,,Property Damage Only,0,0,0,0,0,0,2400,1,1,,POINT (-93.88222897314 41.576418739157)