Iowa DOT Case Number,Law Enforcement Case Number,Date of Crash,Month of Crash,Day of Week,Time of Crash,Hour,DOT District,City Name,County Name,Route with System,Location Description,First Harmful Event,Location of First Harmful Event,Manner of Crash/Collision,Major Cause,Drug or Alcohol ,Environmental Conditions,Light Conditions,Surface Conditions,Weather Conditions,Roadway Contribution,Roadway Type,Roadway Surface,Work Zone,Crash Severity,Number of Fatalities,Number of Injuries,Number of Major Injuries,Number of Minor Injuries,Number of Possible Injuries,Number of Unknown Injuries,Amount of Property Damage,Number of Vehicles Involved,Total Number of Occupants,Travel Direction,Location
2014790977,201403680,03/15/2014,03-March,7-Saturday,13:10,1300 Hours,District 6 (East Central),CEDAR RAPIDS,LINN,IA 100,IA 100/COLLINS RD NE,Collision with:  Vehicle in traffic,On Roadway,Rear-end (front to rear),Lost Control,None Indicated,,Daylight,Dry,Cloudy,None apparent,Intersection:  Four-way intersection,Paved,,Property Damage Only,0,0,0,0,0,0,6000,4,14,,POINT (-91.632605331603 42.027914953308)
2014791489,14-025598,03/15/2014,03-March,7-Saturday,18:28,1800 Hours,District 2 (Northeast),,BLACK HAWK,IA 281,IA 281/N CANFIELD RD,Collision with fixed object:  Ditch,Outside trafficway,Non-collision (single vehicle),Over correcting/over steering,None Indicated,,Daylight,Snow,Snow,None apparent,Non-intersection:  Non-junction/no special feature,Paved,,Property Damage Only,0,0,0,0,0,0,3800,1,3,,POINT (-92.160767599333 42.58338155286)
2014794191,,03/15/2014,03-March,7-Saturday,13:48,1300 Hours,District 2 (Northeast),CLEAR LAKE,CERRO GORDO,US 18,US 18,Collision with:  Vehicle in traffic,On Roadway,Rear-end (front to rear),Other (explain in narrative):  Other,None Indicated,,Daylight,Dry,Cloudy,None apparent,Non-intersection:  Driveway access (within),Paved,,Minor Injury,0,4,0,2,2,0,11500,2,5,,POINT (-93.389760424894 43.142949381278)
2014791071,14-1275,03/15/2014,03-March,7-Saturday,16:25,1600 Hours,District 1 (Central),WEST DES MOINES,POLK,I-35,I-35,Collision with:  Vehicle in traffic,On Roadway,Rear-end (front to rear),Followed too close,None Indicated,,Daylight,Dry,Cloudy,None apparent,Interchange-related:  On-ramp merge area,Paved,,Property Damage Only,0,0,0,0,0,0,3000,2,4,,POINT (-93.775901406035 41.560314891944)
2014807717,2014017616,03/15/2014,03-March,7-Saturday,11:30,1100 Hours,District 6 (East Central),DAVENPORT,SCOTT,US 6,US 6/W KIMBERLY RD & N DIVISION ST,Collision with:  Vehicle in traffic,On Roadway,Rear-end (front to rear),Lost Control,None Indicated,,Daylight,Dry,Clear,None apparent,Non-intersection:  Driveway access (within),Paved,,Property Damage Only,0,0,0,0,0,0,5000,2,2,,POINT (-90.600667262592 41.560041134558)
2014791436,2014-05195,03/15/2014,03-March,7-Saturday,19:05,1900 Hours,District 5 (Southeast),,WARREN,,140TH AVE,Collision with fixed object:  Utility pole/light support,On Roadway,Non-collision (single vehicle),Swerving/Evasive Action,None Indicated,,Dusk,"Mud, dirt",Clear,None apparent,Non-intersection:  Non-junction/no special feature,Unpaved,,Property Damage Only,0,0,0,0,0,0,15000,1,1,,POINT (-93.539914849388 41.468069453832)
2014791495,14-4279,03/15/2014,03-March,7-Saturday,20:47,2000 Hours,District 2 (Northeast),,BREMER,US 218,US 218,Collision with:  Vehicle in traffic,On Roadway,Rear-end (front to rear),Driving too fast for conditions,None Indicated,,Dark - roadway not lighted,Ice/frost,Snow,"Surface condition (e.g., wet, icy)",Non-intersection:  Non-junction/no special feature,Paved,,Possible/Unknown,0,1,0,0,1,0,9500,2,4,,POINT (-92.533485271879 42.733179245948)
2014791308,2014017695,03/15/2014,03-March,7-Saturday,20:20,2000 Hours,District 4 (Southwest),,PAGE,US 71,US 71 & 170 ST,Collision with:  Animal,,,Animal,None Indicated,,,,,,,Paved,,Property Damage Only,0,0,0,0,0,0,4000,1,1,,POINT (-94.985819634372 40.800100322965)
2014791370,14002120,03/15/2014,03-March,7-Saturday,11:50,1100 Hours,District 6 (East Central),,DELAWARE,,120TH AVE,Collision with:  Other non-fixed object (explain in narrative),On Roadway,Non-collision (single vehicle),Other (explain in narrative):  No improper action,None Indicated,,Daylight,Dry,Cloudy,Ruts/holes/bumps,Non-intersection:  Non-junction/no special feature,Unpaved,,Property Damage Only,0,0,0,0,0,0,2500,1,1,,POINT (-91.568886336623 42.568871653214)
2014800648,0316148A,03/15/2014,03-March,7-Saturday,22:15,2200 Hours,District 4 (Southwest),,PAGE,,Co Rd J40/230 ST & JUNIPER AVE,Non-collision events:  Overturn/rollover,Shoulder,Non-collision (single vehicle),Crossed centerline (undivided),Under Influence of Alcohol/Drugs/Medications,,Dark - roadway not lighted,Dry,Rain,None apparent,Non-intersection:  Non-junction/no special feature,Unpaved,,Major Injury,0,3,1,2,0,0,3000,1,3,,POINT (-95.190627934675 40.711846510534)
2014791212,14001253,03/15/2014,03-March,7-Saturday,06:00,0600 Hours,District 3 (Northwest),,CHEROKEE,,B AVE,Collision with fixed object:  Ditch,On Roadway,Non-collision (single vehicle),Ran off road - left,Under Influence of Alcohol/Drugs/Medications,,Unknown,"Mud, dirt",Unknown,None apparent,Non-intersection:  Non-junction/no special feature,Unpaved,,Possible/Unknown,0,1,0,0,1,0,3100,1,1,,POINT (-95.839999347465 42.746405591414)
2014791207,W14-025444,03/15/2014,03-March,7-Saturday,02:00,0200 Hours,District 2 (Northeast),WATERLOO,BLACK HAWK,,COMMERCIAL ST,Collision with:  Vehicle in traffic,On Roadway,"Sideswipe, same direction",Unknown,None Indicated,,Dark - unknown roadway lighting,Dry,Clear,None apparent,Non-intersection:  Non-junction/no special feature,Paved,,Property Damage Only,0,0,0,0,0,0,4000,2,1,,POINT (-92.328736073737 42.487793822166)
2014791150,14-7714,03/15/2014,03-March,7-Saturday,16:20,1600 Hours,District 3 (Northwest),SIOUX CITY,WOODBURY,,CORRECTIONVILLE RD & S LOGAN ST & GREEN AVE,Collision with:  Vehicle in traffic,On Roadway,Broadside (front to side),FTYROW:  From stop sign,None Indicated,,Daylight,Dry,Clear,None apparent,Intersection:  Four-way intersection,Paved,,Property Damage Only,0,0,0,0,0,0,3000,2,3,,POINT (-96.366416671758 42.490153427672)
2014792069,201400012619,03/15/2014,03-March,7-Saturday,14:54,1400 Hours,District 5 (Southeast),OTTUMWA,WAPELLO,,ALBIA RD & OVERMAN AVE,Collision with:  Vehicle in traffic,On Roadway,Rear-end (front to rear),Other (explain in narrative):  Other,None Indicated,,Daylight,Dry,Clear,None apparent,Non-intersection:  Non-junction/no special feature,Paved,,Property Damage Only,0,0,0,0,0,0,3500,2,2,,POINT (-92.444464480131 41.009191359867)
2014791059,20140007009,03/15/2014,03-March,7-Saturday,20:29,2000 Hours,District 1 (Central),DES MOINES,POLK,,ARMY POST RD & FLEUR DR,Collision with:  Vehicle in traffic,On Roadway,Rear-end (front to rear),Followed too close,None Indicated,,Dark - roadway lighted,Dry,Cloudy,None apparent,Non-intersection:  Non-junction/no special feature,Paved,,Possible/Unknown,0,1,0,0,1,0,1500,2,2,,POINT (-93.644974905912 41.52599531044)
2014791108,2014-15681,03/15/2014,03-March,7-Saturday,17:34,1700 Hours,District 6 (East Central),DAVENPORT,SCOTT,,E 53RD ST,Collision with:  Vehicle in traffic,On Roadway,"Angle, oncoming left turn",FTYROW:  Other (explain in narrative),None Indicated,,Daylight,Dry,Clear,None apparent,Non-intersection:  Non-junction/no special feature,Paved,,Property Damage Only,0,0,0,0,0,0,3000,2,4,,POINT (-90.543761573975 41.574798194865)
2014791130,14-0141,03/15/2014,03-March,7-Saturday,18:22,1800 Hours,District 1 (Central),,WEBSTER,,Co Rd D20/OLD HWY 20 & Co Rd D26/230TH ST,Non-collision events:  Overturn/rollover,On Roadway,Non-collision (single vehicle),Crossed centerline (undivided),None Indicated,,Dusk,Wet,Snow,None apparent,Non-intersection:  Non-junction/no special feature,Paved,,Possible/Unknown,0,1,0,0,1,0,25000,1,1,,POINT (-94.268666941693 42.456170651097)
2014791240,C14000811,03/15/2014,03-March,7-Saturday,13:00,1300 Hours,District 6 (East Central),CORALVILLE,JOHNSON,US 6,US 6/2ND ST,Collision with:  Vehicle in traffic,On Roadway,"Sideswipe, same direction",Swerving/Evasive Action,None Indicated,,Daylight,Dry,Clear,None apparent,Non-intersection:  Non-junction/no special feature,Paved,,Property Damage Only,0,0,0,0,0,0,8000,3,3,,POINT (-91.601783935744 41.684788587365)
2014791392,2014002898,03/15/2014,03-March,7-Saturday,01:23,0100 Hours,District 6 (East Central),IOWA CITY,JOHNSON,,IOWA AVE,Non-collision events:  Other non-collision (explain in narrative),Outside trafficway,Non-collision (single vehicle),Driver Distraction:  Passenger,Alcohol (Statutory),,Dark - roadway lighted,Dry,Clear,None apparent,Non-intersection:  Driveway access (within),Paved,,Property Damage Only,0,0,0,0,0,0,1500,1,3,,POINT (-91.530372849097 41.66124526458)
2014791172,2014017734,03/15/2014,03-March,7-Saturday,23:25,2300 Hours,District 3 (Northwest),DENISON,CRAWFORD,US 59,US 59,Non-collision events:  Overturn/rollover,On Roadway,Non-collision (single vehicle),Crossed centerline (undivided),Alcohol (Statutory),,Dark - roadway not lighted,Wet,Cloudy,None apparent,Non-intersection:  Non-junction/no special feature,Paved,,Major Injury,0,1,1,0,0,0,12000,1,1,,POINT (-95.367975096428 41.991212218675)
2014790899,W14-025658,03/15/2014,03-March,7-Saturday,21:14,2100 Hours,District 2 (Northeast),WATERLOO,BLACK HAWK,IA 934,IA 934/UNIVERSITY AVE & PROGRESS AVE,Collision with:  Vehicle in traffic,On Roadway,Rear-end (front to rear),Other (explain in narrative):  Other,None Indicated,,Dark - roadway lighted,Snow,Snow,"Surface condition (e.g., wet, icy)",Intersection:  Four-way intersection,Paved,,Property Damage Only,0,0,0,0,0,0,5000,2,3,,POINT (-92.402300253888 42.504798844166)
2014790924,14-001993,03/15/2014,03-March,7-Saturday,20:55,2000 Hours,District 4 (Southwest),,CASS,IA 83,IA 83/WHITE POLE RD,Collision with:  Animal,,,Animal,None Indicated,,,,,,,Paved,,Property Damage Only,0,0,0,0,0,0,4000,1,3,,POINT (-94.84922261826 41.415542522052)
2014791023,20140006984,03/15/2014,03-March,7-Saturday,14:10,1400 Hours,District 1 (Central),DES MOINES,POLK,,RACCOON ST & SE 30TH ST,Collision with:  Vehicle in traffic,On Roadway,Unknown,Driver Distraction:  Manual operation of an electronic communication device,None Indicated,,Daylight,Dry,Cloudy,None apparent,Non-intersection:  Non-junction/no special feature,Paved,,Property Damage Only,0,0,0,0,0,0,6000,2,2,,POINT (-93.558348679824 41.585599554266)
2014791260,14005795,03/15/2014,03-March,7-Saturday,12:46,1200 Hours,District 5 (Southeast),OSKALOOSA,MAHASKA,US 63,US 63/N MARKET ST & IA 92/A AVE W/A AVE E,Collision with:  Vehicle in traffic,On Roadway,Rear-end (front to rear),Driver Distraction:  Manual operation of an electronic communication device,None Indicated,,Daylight,Dry,Cloudy,None apparent,Intersection:  Four-way intersection,Paved,,Property Damage Only,0,0,0,0,0,0,2850,3,4,,POINT (-92.645095465242 41.296239146548)
2014791309,2014017718,03/15/2014,03-March,7-Saturday,21:45,2100 Hours,District 4 (Southwest),,CASS,I-80,I-80,Collision with:  Animal,,,Animal,None Indicated,,,,,,,Paved,,Property Damage Only,0,0,0,0,0,0,5000,1,1,,POINT (-94.925999005859 41.497154857441)
2014795318,201400749,03/15/2014,03-March,7-Saturday,14:39,1400 Hours,District 6 (East Central),,LINN,,Co Rd E44/SQUAW RIDGE RD,Non-collision events:  Other non-collision (explain in narrative),Unknown,Non-collision (single vehicle),"Operating vehicle in an reckless, erratic, careless, negligent manner",Alcohol (Statutory),,Daylight,Dry,Cloudy,None apparent,Non-intersection:  Non-junction/no special feature,Paved,,Possible/Unknown,0,1,0,0,1,0,18000,1,1,,POINT (-91.571133673753 42.004109800417)
2014797751,E201400487,03/15/2014,03-March,7-Saturday,16:26,1600 Hours,District 3 (Northwest),EMMETSBURG,PALO ALTO,,N STATE ST,Collision with:  Vehicle in traffic,On Roadway,Rear-end (front to rear),Ran off road - right,None Indicated,,Daylight,Ice/frost,Snow,"Surface condition (e.g., wet, icy)",Non-intersection:  Non-junction/no special feature,Paved,,Minor Injury,0,2,0,2,0,0,7100,2,2,,POINT (-94.687679403685 43.122817980825)
2014791134,S14-2564,03/15/2014,03-March,7-Saturday,05:30,0500 Hours,District 3 (Northwest),ANTHON,WOODBURY,IA 31,IA 31/HWY 31,Collision with:  Animal,,,Animal,None Indicated,,,,,,,Paved,,Property Damage Only,0,0,0,0,0,0,1500,1,1,,POINT (-95.883892529627 42.359361781908)
2014791053,20140006964,03/15/2014,03-March,7-Saturday,06:00,0600 Hours,District 5 (Southeast),DES MOINES,WARREN,,Co Rd R57/BORDER ST & FLEUR DR,Collision with fixed object:  Ditch,Roadside,Non-collision (single vehicle),Ran Traffic Signal,None Indicated,,Dark - roadway not lighted,Dry,Clear,None apparent,Intersection:  T-intersection,Paved,,Property Damage Only,0,0,0,0,0,0,8000,1,1,,POINT (-93.645076081523 41.497558491342)
2014792260,2014-15575,03/15/2014,03-March,7-Saturday,01:36,0100 Hours,District 6 (East Central),DAVENPORT,SCOTT,,E LOCUST ST & WOODLAND AVE,Collision with:  Vehicle in traffic,On Roadway,"Sideswipe, opposite direction",Crossed centerline (undivided),Refused,,Dark - roadway lighted,Dry,Clear,None apparent,Non-intersection:  Non-junction/no special feature,Paved,,Property Damage Only,0,0,0,0,0,0,4000,2,2,,POINT (-90.538078339885 41.538435004221)
2014792980,14030298,03/15/2014,03-March,7-Saturday,15:47,1500 Hours,District 5 (Southeast),,WAPELLO,US 34,US 34/SE RAMP/SW RAMP & Co Rd V37/AGENCY HEDRICK RD,Collision with:  Other non-fixed object (explain in narrative),On Roadway,Non-collision (single vehicle),"Operating vehicle in an reckless, erratic, careless, negligent manner",None Indicated,,Daylight,Dry,Clear,None apparent,Interchange-related:  Off-ramp,Paved,,Major Injury,0,1,1,0,0,0,500,1,1,,POINT (-92.304835835796 41.002911845777)
2014791173,2014017771,03/15/2014,03-March,7-Saturday,21:30,2100 Hours,District 3 (Northwest),IDA GROVE,IDA,,Co Rd D54/330TH ST & Co Rd L51/DODGE AVE,Collision with fixed object:  Guardrail - face,On Roadway,Non-collision (single vehicle),Ran off road - left,None Indicated,,Dark - roadway not lighted,Snow,Snow,None apparent,Non-intersection:  Non-junction/no special feature,Paved,,Property Damage Only,0,0,0,0,0,0,1501,1,1,,POINT (-95.594131136831 42.225436976429)
2014791616,14002604,03/15/2014,03-March,7-Saturday,19:45,1900 Hours,District 2 (Northeast),,FAYETTE,,Co Rd W33/K AVE,Non-collision events:  Other non-collision (explain in narrative),Shoulder,Non-collision (single vehicle),Driving too fast for conditions,None Indicated,,Dark - roadway not lighted,Ice/frost,Snow,"Surface condition (e.g., wet, icy)",Non-intersection:  Non-junction/no special feature,Paved,,Property Damage Only,0,0,0,0,0,0,1500,1,1,,POINT (-91.804953032717 42.699005142283)
2014791326,2014017631,03/15/2014,03-March,7-Saturday,14:05,1400 Hours,District 2 (Northeast),,CLAYTON,IA 76,IA 76/IOWA 76,Collision with:  Other non-fixed object (explain in narrative),On Roadway,Non-collision (single vehicle),Other (explain in narrative):  No improper action,None Indicated,,Daylight,Dry,Cloudy,None apparent,Non-intersection:  Non-junction/no special feature,Paved,,Minor Injury,0,1,0,1,0,0,4000,1,3,,POINT (-91.180313206331 43.070377309905)
2014791482,,03/15/2014,03-March,7-Saturday,21:17,2100 Hours,District 5 (Southeast),CHARITON,LUCAS,,N MAIN ST,Collision with:  Parked motor vehicle,On Roadway,Broadside (front to side),Lost Control,None Indicated,,Dark - roadway lighted,Dry,Clear,None apparent,Non-intersection:  Non-junction/no special feature,Paved,,Property Damage Only,0,0,0,0,0,0,1900,2,1,,POINT (-93.308378191038 41.018098828227)
2014791930,14001419,03/15/2014,03-March,7-Saturday,21:00,2100 Hours,District 2 (Northeast),,CERRO GORDO,,Co Rd B15/330TH ST,Collision with:  Other non-fixed object (explain in narrative),Shoulder,Non-collision (single vehicle),Swerving/Evasive Action,None Indicated,,Dark - roadway not lighted,Ice/frost,Clear,None apparent,Non-intersection:  Non-junction/no special feature,Paved,,Minor Injury,0,1,0,1,0,0,500,1,1,,POINT (-93.215931147832 43.241876760737)
2014808039,2014017696,03/15/2014,03-March,7-Saturday,20:19,2000 Hours,District 2 (Northeast),CEDAR FALLS,BLACK HAWK,US 218,US 218/SPECIAL CASE,Collision with fixed object:  Guardrail - face,Roadside,Non-collision (single vehicle),Driving too fast for conditions,None Indicated,,Dark - roadway not lighted,Snow,Snow,"Surface condition (e.g., wet, icy)",Non-intersection:  Other non-intersection (explain in narrative),Paved,,Property Damage Only,0,0,0,0,0,0,2000,1,1,,POINT (-92.428666170441 42.536561714828)
2014791358,14003936,03/15/2014,03-March,7-Saturday,12:20,1200 Hours,District 2 (Northeast),MASON CITY,CERRO GORDO,,S TAFT AVE,Collision with:  Animal,On Roadway,Non-collision (single vehicle),Animal,None Indicated,,Daylight,Dry,Cloudy,None apparent,Non-intersection:  Non-junction/no special feature,Paved,,Property Damage Only,0,0,0,0,0,0,1800,1,3,,POINT (-93.240550501285 43.140956059916)
2014790898,W14-025584,03/15/2014,03-March,7-Saturday,17:50,1700 Hours,District 2 (Northeast),WATERLOO,BLACK HAWK,,CALHOUN ST & BISHOP AVE,Collision with:  Vehicle in traffic,On Roadway,Broadside (front to side),Ran Stop Sign,None Indicated,,Daylight,Wet,Snow,None apparent,Intersection:  Four-way intersection,Paved,,Property Damage Only,0,0,0,0,0,0,7500,2,2,,POINT (-92.293079192097 42.489281533804)
2014791076,14-010098,03/15/2014,03-March,7-Saturday,10:22,1000 Hours,District 4 (Southwest),COUNCIL BLUFFS,POTTAWATTAMIE,IA 192,IA 192/S 6TH ST & W BROADWAY & BROADWAY KANESVILLE CONN,Collision with:  Vehicle in traffic,On Roadway,Broadside (front to side),Ran Traffic Signal,None Indicated,,Daylight,Dry,Clear,None apparent,Intersection:  Other intersection (explain in narrative),Paved,,Property Damage Only,0,0,0,0,0,0,3250,2,2,,POINT (-95.852022907719 41.261228959596)
2014791970,02-14-4369,03/15/2014,03-March,7-Saturday,19:13,1900 Hours,District 6 (East Central),FARLEY,DUBUQUE,US 20,US 20 & 1ST AVE W,Collision with fixed object:  Ditch,On Roadway,Non-collision (single vehicle),Followed too close,None Indicated,,Dusk,Snow,Snow,"Surface condition (e.g., wet, icy)",Non-intersection:  Non-junction/no special feature,Paved,,Possible/Unknown,0,1,0,0,1,0,2500,1,1,,POINT (-91.018181374844 42.447299016393)
2014790975,201400748,03/15/2014,03-March,7-Saturday,13:15,1300 Hours,District 6 (East Central),ELY,LINN,,STATE ST,Collision with:  Vehicle in traffic,On Roadway,Rear-end (front to rear),Followed too close,None Indicated,,Daylight,Dry,Cloudy,None apparent,Non-intersection:  Non-junction/no special feature,Paved,,Possible/Unknown,0,1,0,0,1,0,8500,2,2,,POINT (-91.594544586446 41.880659060765)
2014791048,20140006956,03/15/2014,03-March,7-Saturday,04:13,0400 Hours,District 1 (Central),DES MOINES,POLK,,E WALL AVE & SE 5TH ST,Collision with:  Parked motor vehicle,On Roadway,Broadside (front to side),Unknown,None Indicated,,Dark - roadway lighted,Dry,Cloudy,None apparent,Non-intersection:  Driveway access (within),Paved,,Property Damage Only,0,0,0,0,0,0,1600,2,2,,POINT (-93.606470081357 41.531825402086)
2014791488,,03/15/2014,03-March,7-Saturday,06:50,0600 Hours,District 5 (Southeast),,DAVIS,,280TH ST,Collision with:  Animal,On Roadway,Non-collision (single vehicle),Animal,None Indicated,,Daylight,Dry,Clear,,Non-intersection:  Non-junction/no special feature,Unpaved,,Property Damage Only,0,0,0,0,0,0,2100,1,1,,POINT (-92.495203283122 40.653203513615)
2014790940,14-08632,03/15/2014,03-March,7-Saturday,02:52,0200 Hours,District 5 (Southeast),BURLINGTON,DES MOINES,,LEEBRICK ST,Collision with fixed object:  Curb/island/raised median,On Roadway,Non-collision (single vehicle),"Operating vehicle in an reckless, erratic, careless, negligent manner",Refused,,Dark - roadway lighted,Dry,Cloudy,None apparent,Intersection:  Four-way intersection,Paved,,Property Damage Only,0,0,0,0,0,0,2000,1,5,,POINT (-91.120376950425 40.805149613391)
2014791484,,03/15/2014,03-March,7-Saturday,21:00,2100 Hours,District 6 (East Central),CAMANCHE,CLINTON,,9TH ST,Collision with:  Parked motor vehicle,On Roadway,Rear-end (front to rear),Unknown,None Indicated,,Dark - roadway lighted,Dry,Clear,None apparent,Non-intersection:  Non-junction/no special feature,Paved,,Property Damage Only,0,0,0,0,0,0,1500,2,1,,POINT (-90.255159293539 41.789425841971)
2014792453,2014017698,03/15/2014,03-March,7-Saturday,20:15,2000 Hours,District 5 (Southeast),,LEE,US 218,US 218,Collision with:  Animal,,,Animal,None Indicated,,,,,,,Paved,,Property Damage Only,0,0,0,0,0,0,3500,1,1,,POINT (-91.454922965679 40.522031708548)
2014791401,2014002363,03/15/2014,03-March,7-Saturday,13:45,1300 Hours,District 1 (Central),MARSHALLTOWN,MARSHALL,,EDGEWOOD ST,Collision with:  Vehicle in traffic,On Roadway,Broadside (front to side),FTYROW:  From driveway,None Indicated,,Daylight,Dry,Cloudy,None apparent,Non-intersection:  Driveway access (within),Paved,,Property Damage Only,0,0,0,0,0,0,3500,2,3,,POINT (-92.907177664187 42.060827177811)
2014791065,14-0576,03/15/2014,03-March,7-Saturday,11:45,1100 Hours,District 1 (Central),URBANDALE,POLK,I-35,I-35 & IA 141/IOWA 141,Collision with:  Vehicle in traffic,On Roadway,Rear-end (front to rear),Followed too close,None Indicated,,Daylight,Dry,Clear,None apparent,Intersection:  Intersection with ramp,Paved,,Property Damage Only,0,0,0,0,0,0,3000,2,7,,POINT (-93.775051156974 41.650662735493)
2014791013,14-1709,03/15/2014,03-March,7-Saturday,12:25,1200 Hours,District 1 (Central),CARLISLE,POLK,US 65,US 65/SW RAMP & IA 5/IOWA 5,Collision with fixed object:  Utility pole/light support,On Roadway,Non-collision (single vehicle),Ran off road - right,None Indicated,,Daylight,Dry,Clear,None apparent,Intersection:  Intersection with ramp,Paved,,Possible/Unknown,0,1,0,0,1,0,8500,1,1,,POINT (-93.522393103949 41.511106767033)
2014791062,20140006952,03/15/2014,03-March,7-Saturday,02:22,0200 Hours,District 1 (Central),DES MOINES,POLK,,THOMPSON AVE,Collision with:  Parked motor vehicle,On Roadway,Head-on (front to front),Crossed centerline (undivided),Alcohol (Statutory),,Dark - roadway lighted,Dry,Clear,None apparent,Non-intersection:  Non-junction/no special feature,Paved,,Possible/Unknown,0,1,0,0,1,0,8000,2,1,,POINT (-93.530276393535 41.613573869545)
2014791109,2014-15743,03/15/2014,03-March,7-Saturday,22:01,2200 Hours,District 6 (East Central),DAVENPORT,SCOTT,,WAVERLY RD,Collision with:  Vehicle in traffic,On Roadway,Head-on (front to front),Crossed centerline (undivided),Alcohol (Statutory),,Dark - roadway lighted,Dry,Clear,None apparent,Non-intersection:  Non-junction/no special feature,Paved,,Possible/Unknown,0,1,0,0,1,0,9000,2,3,,POINT (-90.6254294517 41.530230772217)
2014790900,W14-025680,03/15/2014,03-March,7-Saturday,22:15,2200 Hours,District 2 (Northeast),WATERLOO,BLACK HAWK,,BROADWAY ST,Collision with fixed object:  Other fixed object (explain in narrative),On Roadway,Non-collision (single vehicle),Driving too fast for conditions,None Indicated,,Dark - roadway lighted,Slush,Cloudy,"Surface condition (e.g., wet, icy)",Intersection:  Four-way intersection,Paved,,Property Damage Only,0,0,0,0,0,0,2000,1,1,,POINT (-92.346493787579 42.51657099702)
2014791104,2014-15620,03/15/2014,03-March,7-Saturday,10:06,1000 Hours,District 6 (East Central),DAVENPORT,SCOTT,,W 3RD ST & WILKES AVE,Collision with:  Vehicle in traffic,On Roadway,Broadside (front to side),Ran Stop Sign,None Indicated,,Daylight,Dry,Clear,None apparent,Intersection:  T-intersection,Paved,,Property Damage Only,0,0,0,0,0,0,3000,2,3,,POINT (-90.603176480771 41.522320541186)
2014791219,2014-0976,03/15/2014,03-March,7-Saturday,23:00,2300 Hours,District 4 (Southwest),,DALLAS,I-80,I-80,Collision with fixed object:  Guardrail - face,On Roadway,Non-collision (single vehicle),Ran off road - right,None Indicated,,Dark - roadway not lighted,Ice/frost,Snow,"Surface condition (e.g., wet, icy)",Non-intersection:  Non-junction/no special feature,Paved,,Property Damage Only,0,0,0,0,0,0,2300,1,1,,POINT (-93.886849045275 41.561647390705)
2014791981,14001659,03/15/2014,03-March,7-Saturday,21:15,2100 Hours,District 1 (Central),,HAMILTON,IA 17,IA 17/BRIGGS WOOD RD,Collision with:  Vehicle in traffic,On Roadway,Head-on (front to front),Crossed centerline (undivided),None Indicated,,Dark - roadway not lighted,Snow,Snow,"Surface condition (e.g., wet, icy)",Non-intersection:  Non-junction/no special feature,Paved,,Minor Injury,0,2,0,2,0,0,19000,2,2,,POINT (-93.796864162856 42.416968657484)
2014791135,S14-2588,03/15/2014,03-March,7-Saturday,15:57,1500 Hours,District 3 (Northwest),SIOUX CITY,WOODBURY,,CHRISTY RD,Collision with fixed object:  Other fixed object (explain in narrative),Shoulder,Non-collision (single vehicle),Driving too fast for conditions,None Indicated,,Daylight,Dry,Cloudy,None apparent,Intersection:  T-intersection,Paved,,Possible/Unknown,0,1,0,0,1,0,7000,1,1,,POINT (-96.317270371649 42.444962348262)
2014794482,,03/15/2014,03-March,7-Saturday,04:35,0400 Hours,District 4 (Southwest),,FREMONT,US 275,US 275 & Co Rd J64/310 ST,Collision with fixed object:  Tree,Roadside,Non-collision (single vehicle),Swerving/Evasive Action,None Indicated,,Dark - roadway lighted,Dry,Clear,None apparent,Intersection:  T-intersection,Paved,,Property Damage Only,0,0,0,0,0,0,3500,1,1,,POINT (-95.639481462134 40.600073673303)
2014791171,2014017582,03/15/2014,03-March,7-Saturday,07:10,0700 Hours,District 4 (Southwest),,UNION,US 169,US 169 & 270TH ST,Collision with:  Animal,,,Animal,None Indicated,,,,,,,Paved,,Property Damage Only,0,0,0,0,0,0,7000,1,1,,POINT (-94.223921136942 40.912357389501)
2014792122,,03/15/2014,03-March,7-Saturday,19:34,1900 Hours,District 6 (East Central),,JONES,IA 64,IA 64/IOWA 64,Collision with:  Animal,On Roadway,Non-collision (single vehicle),Animal,None Indicated,,Daylight,Dry,Clear,,Non-intersection:  Other non-intersection (explain in narrative),Paved,,Property Damage Only,0,0,0,0,0,0,3500,1,1,,POINT (-91.246388938915 42.096324193647)
2014792262,2014-15714,03/15/2014,03-March,7-Saturday,20:40,2000 Hours,District 6 (East Central),DAVENPORT,SCOTT,,FAIRMOUNT ST,Collision with:  Vehicle in traffic,On Roadway,Rear-end (front to rear),Followed too close,None Indicated,,Dark - roadway lighted,Dry,Clear,None apparent,Non-intersection:  Non-junction/no special feature,Paved,,Property Damage Only,0,0,0,0,0,0,1500,2,3,,POINT (-90.629525684415 41.561801845633)
2014790983,14005361,03/15/2014,03-March,7-Saturday,13:39,1300 Hours,District 6 (East Central),MARION,LINN,,14TH AVE & 11TH ST,Collision with:  Vehicle in traffic,On Roadway,Broadside (front to side),FTYROW:  At uncontrolled intersection,None Indicated,,Daylight,Dry,Clear,None apparent,Intersection:  Four-way intersection,Paved,,Possible/Unknown,0,2,0,0,2,0,12500,2,2,,POINT (-91.598038531776 42.039224124289)