Iowa DOT Case Number,Law Enforcement Case Number,Date of Crash,Month of Crash,Day of Week,Time of Crash,Hour,DOT District,City Name,County Name,Route with System,Location Description,First Harmful Event,Location of First Harmful Event,Manner of Crash/Collision,Major Cause,Drug or Alcohol ,Environmental Conditions,Light Conditions,Surface Conditions,Weather Conditions,Roadway Contribution,Roadway Type,Roadway Surface,Work Zone,Crash Severity,Number of Fatalities,Number of Injuries,Number of Major Injuries,Number of Minor Injuries,Number of Possible Injuries,Number of Unknown Injuries,Amount of Property Damage,Number of Vehicles Involved,Total Number of Occupants,Travel Direction,Location
2014791429,14-000315,03/15/2014,03-March,7-Saturday,20:05,2000 Hours,District 1 (Central),,STORY,US 30,US 30 & SAND HILL TRL,Collision with:  Animal,,,Animal,None Indicated,,,,,,,Paved,,Property Damage Only,0,0,0,0,0,0,5000,1,1,,POINT (-93.555730056769 42.008767232794)
2014793738,14061,03/15/2014,03-March,7-Saturday,20:39,2000 Hours,District 5 (Southeast),PELLA,MARION,IA 163,IA 163/IOWA 163,Collision with:  Animal,On Roadway,Non-collision (single vehicle),Animal,None Indicated,,,,,,,Paved,,Property Damage Only,0,0,0,0,0,0,5000,1,1,,POINT (-92.939499926482 41.403403355818)
2014791124,14-002783,03/15/2014,03-March,7-Saturday,21:51,2100 Hours,District 1 (Central),DYSART,TAMA,IA 8,IA 8/IOWA 8,Non-collision events:  Other non-collision (explain in narrative),On Roadway,Non-collision (single vehicle),Driving too fast for conditions,None Indicated,,Dark - roadway not lighted,Ice/frost,Snow,"Surface condition (e.g., wet, icy)",Non-intersection:  Non-junction/no special feature,Paved,,Minor Injury,0,1,0,1,0,0,5000,1,3,,POINT (-92.308557645827 42.181206010834)
2014790944,14-08678,03/15/2014,03-March,7-Saturday,15:13,1500 Hours,District 5 (Southeast),BURLINGTON,DES MOINES,,4TH ST,Collision with:  Parked motor vehicle,Roadside,Broadside (front to side),Ran off road - right,None Indicated,,Daylight,Dry,Clear,None apparent,Non-intersection:  Non-junction/no special feature,Paved,,Property Damage Only,0,0,0,0,0,0,6000,2,1,,POINT (-91.102765607582 40.813310600388)
2014792263,2014-15760,03/15/2014,03-March,7-Saturday,22:30,2200 Hours,District 6 (East Central),DAVENPORT,SCOTT,,WESTERN AVE,Collision with:  Parked motor vehicle,On Roadway,Broadside (front to side),Unknown,None Indicated,,Unknown,Dry,Clear,None apparent,Non-intersection:  Non-junction/no special feature,Paved,,Property Damage Only,0,0,0,0,0,0,1500,2,1,,POINT (-90.58145441889 41.524108118763)
2014792264,2014-15773,03/15/2014,03-March,7-Saturday,23:37,2300 Hours,District 6 (East Central),DAVENPORT,SCOTT,,MIDDLE RD & BROADLAWN AVE,Collision with fixed object:  Curb/island/raised median,On Roadway,Non-collision (single vehicle),Exceeded authorized speed,None Indicated,,Dark - roadway lighted,Wet,Cloudy,None apparent,Non-intersection:  Non-junction/no special feature,Paved,,Property Damage Only,0,0,0,0,0,0,5500,1,1,,POINT (-90.524085630217 41.536648356438)
2014791011,14-1717,03/15/2014,03-March,7-Saturday,19:29,1900 Hours,District 1 (Central),DES MOINES,POLK,,Co Rd F38/NE 78TH AVE & NE 38TH ST,Non-collision events:  Other non-collision (explain in narrative),On Roadway,Non-collision (single vehicle),"Operating vehicle in an reckless, erratic, careless, negligent manner",Drug,,Dark - roadway not lighted,Dry,Clear,None apparent,Intersection:  T-intersection,Paved,,Minor Injury,0,1,0,1,0,0,3150,1,1,,POINT (-93.541694169398 41.702862635641)
2014791020,14-0307,03/15/2014,03-March,7-Saturday,10:40,1000 Hours,District 1 (Central),CLIVE,POLK,,NW 131ST ST,Collision with:  Parked motor vehicle,On Roadway,Broadside (front to side),Improper Backing,None Indicated,,Daylight,Dry,Cloudy,None apparent,Non-intersection:  Non-junction/no special feature,Paved,,Property Damage Only,0,0,0,0,0,0,2500,2,1,,POINT (-93.79853772304 41.604673588596)
2014791357,14003935,03/15/2014,03-March,7-Saturday,12:10,1200 Hours,District 2 (Northeast),MASON CITY,CERRO GORDO,IA 122,IA 122/6TH ST SE & S PENNSYLVANIA AVE,Collision with:  Vehicle in traffic,On Roadway,"Sideswipe, same direction",Unknown,None Indicated,,Daylight,Dry,Cloudy,None apparent,Non-intersection:  Non-junction/no special feature,Paved,,Property Damage Only,0,0,0,0,0,0,4000,2,2,,POINT (-93.198426269925 43.146205654507)
2014791103,2014-15605,03/15/2014,03-March,7-Saturday,07:56,0700 Hours,District 6 (East Central),DAVENPORT,SCOTT,,E 29TH PL & FARNAM ST,Collision with:  Vehicle in traffic,On Roadway,Broadside (front to side),FTYROW:  From stop sign,None Indicated,,Daylight,Dry,Cloudy,None apparent,Intersection:  T-intersection,Paved,,Property Damage Only,0,0,0,0,0,0,4500,2,3,,POINT (-90.567033909049 41.5500844563)
2014806925,AC14-024,03/15/2014,03-March,7-Saturday,07:50,0700 Hours,District 4 (Southwest),HARLAN,SHELBY,,8TH ST & ELM ST,Collision with:  Vehicle in traffic,On Roadway,"Angle, oncoming left turn",Made improper turn,None Indicated,,Daylight,Dry,Clear,None apparent,Non-intersection:  Non-junction/no special feature,Paved,,Property Damage Only,0,0,0,0,0,0,3000,2,2,,POINT (-95.320023512348 41.649454974911)
2014791106,2014-15653,03/15/2014,03-March,7-Saturday,14:20,1400 Hours,District 6 (East Central),DAVENPORT,SCOTT,,E 53RD ST & CORPORATE PARK DR,Collision with:  Vehicle in traffic,On Roadway,Rear-end (front to rear),Followed too close,None Indicated,,Daylight,Dry,Clear,None apparent,Non-intersection:  Non-junction/no special feature,Paved,,Property Damage Only,0,0,0,0,0,0,2500,2,3,,POINT (-90.517191182673 41.574902648406)
2014792869,2014017737,03/15/2014,03-March,7-Saturday,23:50,2300 Hours,District 1 (Central),,POLK,I-80,I-80,Collision with fixed object:  Concrete traffic barrier (median or right side),Median,Non-collision (single vehicle),Driving too fast for conditions,None Indicated,,Dark - roadway not lighted,Slush,Snow,"Surface condition (e.g., wet, icy)",Non-intersection:  Non-junction/no special feature,Paved,,Property Damage Only,0,0,0,0,0,0,5000,1,3,,POINT (-93.533081952677 41.658380692169)
2014790989,14-1214,03/15/2014,03-March,7-Saturday,22:16,2200 Hours,District 6 (East Central),HIAWATHA,LINN,,1ST AVE & BLAIRS FERRY RD NE,Collision with:  Vehicle in traffic,On Roadway,"Sideswipe, same direction",Swerving/Evasive Action,None Indicated,,Dark - roadway lighted,Ice/frost,Snow,"Surface condition (e.g., wet, icy)",Non-intersection:  Non-junction/no special feature,Paved,,Property Damage Only,0,0,0,0,0,0,2500,2,5,,POINT (-91.671769241839 42.034796443498)
2014791107,2014-15675,03/15/2014,03-March,7-Saturday,17:00,1700 Hours,District 6 (East Central),DAVENPORT,SCOTT,,W LOCUST ST,Collision with:  Vehicle in traffic,On Roadway,"Sideswipe, same direction",Lost Control,None Indicated,,Daylight,Dry,Clear,None apparent,Non-intersection:  Non-junction/no special feature,Paved,,Property Damage Only,0,0,0,0,0,0,2000,2,3,,POINT (-90.600945807771 41.538251427238)
2014792979,14030293,03/15/2014,03-March,7-Saturday,12:30,1200 Hours,District 5 (Southeast),,WAPELLO,,CHILLICOTHE RD,Collision with fixed object:  Ditch,Shoulder,Non-collision (single vehicle),Ran off road - right,None Indicated,,Daylight,Dry,Clear,None apparent,Non-intersection:  Non-junction/no special feature,Paved,,Possible/Unknown,0,1,0,0,1,0,2500,1,1,,POINT (-92.516490168156 41.094255308454)
2014791009,14-1720,03/15/2014,03-March,7-Saturday,22:40,2200 Hours,District 1 (Central),,POLK,,Co Rd F22/NE 134TH AVE & NE 88TH ST,Collision with:  Vehicle in traffic,On Roadway,"Sideswipe, opposite direction",Crossed centerline (undivided),None Indicated,,Dark - roadway not lighted,Snow,Snow,None apparent,Non-intersection:  Non-junction/no special feature,Paved,,Property Damage Only,0,0,0,0,0,0,11000,2,4,,POINT (-93.42531971345 41.805618029097)
2014791067,14-1270,03/15/2014,03-March,7-Saturday,02:55,0200 Hours,District 1 (Central),WEST DES MOINES,POLK,I-235,I-235 & 50TH ST,Collision with fixed object:  Guardrail - face,Shoulder,Non-collision (single vehicle),Ran off road - left,None Indicated,,Dark - roadway lighted,Dry,Clear,None apparent,"Interchange-related:  Off-ramp, diverge area",Paved,,Property Damage Only,0,0,0,0,0,0,5278,1,1,,POINT (-93.771172130269 41.592223314468)
2014791467,2014017690,03/15/2014,03-March,7-Saturday,19:17,1900 Hours,District 2 (Northeast),,FRANKLIN,I-35,I-35,Collision with:  Vehicle in traffic,On Roadway,"Sideswipe, same direction",Driving too fast for conditions,None Indicated,,Daylight,Ice/frost,Snow,"Surface condition (e.g., wet, icy)",Non-intersection:  Non-junction/no special feature,Paved,,Possible/Unknown,0,1,0,0,1,0,15000,2,4,,POINT (-93.350566259601 42.879209881138)
2014790941,14-08665,03/15/2014,03-March,7-Saturday,13:13,1300 Hours,District 5 (Southeast),BURLINGTON,DES MOINES,,WASHINGTON ST & AGENCY ST,Collision with:  Vehicle in traffic,On Roadway,Broadside (front to side),Driving too fast for conditions,None Indicated,,Daylight,Ice/frost,Cloudy,Debris,Intersection:  Y-intersection,Paved,,Property Damage Only,0,0,0,0,0,0,3500,2,2,,POINT (-91.113714760478 40.812679483086)
2014805199,2014017735,03/15/2014,03-March,7-Saturday,23:30,2300 Hours,District 4 (Southwest),WEST DES MOINES,DALLAS,I-80,I-80,Collision with:  Animal,,,Animal,None Indicated,,,,,,,Paved,,Property Damage Only,0,0,0,0,0,0,6000,1,1,,POINT (-93.832506714998 41.58003212393)
2014791058,20140007007,03/15/2014,03-March,7-Saturday,19:20,1900 Hours,District 1 (Central),DES MOINES,POLK,,HICKMAN RD & 24TH ST,Collision with:  Vehicle in traffic,On Roadway,Broadside (front to side),FTYROW:  From stop sign,None Indicated,,Dark - roadway lighted,Dry,Cloudy,None apparent,Intersection:  Four-way intersection,Paved,,Possible/Unknown,0,1,0,0,1,0,3500,2,2,,POINT (-93.650001847856 41.615012908816)
2014791313,2014017716,03/15/2014,03-March,7-Saturday,21:40,2100 Hours,District 1 (Central),,HAMILTON,I-35,I-35,Collision with fixed object:  Ditch,Roadside,Non-collision (single vehicle),Driving too fast for conditions,None Indicated,,Dark - roadway not lighted,Snow,Snow,"Surface condition (e.g., wet, icy)",Interchange-related:  Off-ramp,Paved,,Property Damage Only,0,0,0,0,0,0,2500,1,1,,POINT (-93.566801763046 42.447390252977)
2014791587,,03/15/2014,03-March,7-Saturday,14:30,1400 Hours,District 6 (East Central),CAMANCHE,CLINTON,,WASHINGTON BLVD & 9TH AVE,Collision with:  Vehicle in traffic,On Roadway,"Sideswipe, same direction",Unknown,None Indicated,,Daylight,Dry,Cloudy,None apparent,Intersection:  Four-way intersection,Paved,,Property Damage Only,0,0,0,0,0,0,4000,2,4,,POINT (-90.258796090402 41.786540818114)
2014791377,P14-002944,03/15/2014,03-March,7-Saturday,21:29,2100 Hours,District 1 (Central),WEBSTER CITY,HAMILTON,,WILLOW ST & MAPLE AVE,Collision with fixed object:  Utility pole/light support,Shoulder,Non-collision (single vehicle),Driving too fast for conditions,None Indicated,,Dark - roadway lighted,Ice/frost,Clear,None apparent,Intersection:  T-intersection,Paved,,Possible/Unknown,0,1,0,0,0,1,6500,1,3,,POINT (-93.806015776695 42.471939645752)
2014791105,2014-15639,03/15/2014,03-March,7-Saturday,12:55,1200 Hours,District 6 (East Central),DAVENPORT,SCOTT,US 6,US 6/W KIMBERLY RD & MAIN ST,Collision with:  Vehicle in traffic,On Roadway,"Angle, oncoming left turn",FTYROW:  Making left turn,None Indicated,,Daylight,Dry,Cloudy,None apparent,Intersection:  Four-way intersection,Paved,,Property Damage Only,0,0,0,0,0,0,3000,2,4,,POINT (-90.575287906651 41.560201949491)
2014790956,14-003947,03/15/2014,03-March,7-Saturday,19:50,1900 Hours,District 5 (Southeast),,HENRY,,235TH ST,Collision with:  Animal,,,Animal,None Indicated,,,,,,,Paved,,Property Damage Only,0,0,0,0,0,0,5000,1,1,,POINT (-91.604861748444 40.967235013092)
2014791327,2014017649,03/15/2014,03-March,7-Saturday,15:46,1500 Hours,District 6 (East Central),CEDAR RAPIDS,LINN,,A AVE NE,Collision with:  Vehicle in traffic,On Roadway,Rear-end (front to rear),Followed too close,None Indicated,,Daylight,Dry,Cloudy,None apparent,Intersection:  Other intersection (explain in narrative),Paved,,Major Injury,0,5,3,0,2,0,17000,2,7,,POINT (-91.661375347457 41.984320938021)
2014791005,1403151-A,03/15/2014,03-March,7-Saturday,15:51,1500 Hours,District 4 (Southwest),RED OAK,MONTGOMERY,,REED ST & 2ND ST,Collision with:  Vehicle in traffic,On Roadway,Broadside (front to side),Ran Stop Sign,None Indicated,,Daylight,Dry,Clear,None apparent,Intersection:  Four-way intersection,Paved,,Possible/Unknown,0,1,0,0,1,0,3300,2,2,,POINT (-95.230362614501 41.009727693349)
2014791133,14-0717,03/15/2014,03-March,7-Saturday,11:30,1100 Hours,District 1 (Central),FORT DODGE,WEBSTER,,CENTRAL AVE,Collision with:  Non-motorist (see non-motorist section - NOT a unit),On Roadway,Non-collision (single vehicle),Other (explain in narrative):  Other,None Indicated,,Daylight,Dry,Cloudy,None apparent,Non-intersection:  Non-junction/no special feature,Paved,,Minor Injury,0,1,0,1,0,0,0,1,2,,POINT (-94.192864980511 42.504309831765)
2014791266,14-001216,03/15/2014,03-March,7-Saturday,22:30,2200 Hours,District 1 (Central),ANKENY,POLK,,SW GOODWIN ST,Collision with:  Parked motor vehicle,On Roadway,"Sideswipe, same direction",Other (explain in narrative):  Other,None Indicated,,Dark - roadway lighted,Unknown,Unknown,Unknown,Non-intersection:  Non-junction/no special feature,Paved,,Property Damage Only,0,0,0,0,0,0,2500,2,1,,POINT (-93.614613535851 41.695362172503)
2014792738,14-2497,03/15/2014,03-March,7-Saturday,21:09,2100 Hours,District 3 (Northwest),,IDA,US 20,US 20,Collision with fixed object:  Ditch,On Roadway,Non-collision (single vehicle),Driving too fast for conditions,None Indicated,,Dark - roadway not lighted,Snow,Snow,"Surface condition (e.g., wet, icy)",Non-intersection:  Non-junction/no special feature,Paved,,Minor Injury,0,1,0,1,0,0,6000,1,2,,POINT (-95.438503333883 42.473627569907)
2014791149,14-7690,03/15/2014,03-March,7-Saturday,12:57,1200 Hours,District 3 (Northwest),SIOUX CITY,WOODBURY,,PIERCE ST,Collision with:  Vehicle in traffic,On Roadway,"Sideswipe, same direction",Swerving/Evasive Action,None Indicated,,Daylight,Dry,Clear,None apparent,Non-intersection:  Non-junction/no special feature,Paved,,Property Damage Only,0,0,0,0,0,0,2000,3,3,,POINT (-96.404934134351 42.495713620087)
2014790897,W14-025574,03/15/2014,03-March,7-Saturday,17:23,1700 Hours,District 2 (Northeast),WATERLOO,BLACK HAWK,US 218,US 218/WASHINGTON ST,Collision with:  Vehicle in traffic,On Roadway,Rear-end (front to rear),Followed too close,None Indicated,,Daylight,Dry,Cloudy,None apparent,Non-intersection:  Non-junction/no special feature,Paved,,Property Damage Only,0,0,0,0,0,0,4000,2,6,,POINT (-92.326729733914 42.483126029714)
2014791078,14-010131,03/15/2014,03-March,7-Saturday,15:20,1500 Hours,District 4 (Southwest),COUNCIL BLUFFS,POTTAWATTAMIE,IA 192,IA 192/N 16TH ST & AVE A,Collision with:  Vehicle in traffic,On Roadway,Broadside (front to side),FTYROW:  From stop sign,None Indicated,,Daylight,Dry,Clear,None apparent,Intersection:  Four-way intersection,Paved,,Possible/Unknown,0,1,0,0,0,1,8000,2,2,,POINT (-95.867499808711 41.26278058512)
2014791242,2014002916,03/15/2014,03-March,7-Saturday,17:03,1700 Hours,District 6 (East Central),IOWA CITY,JOHNSON,I-80,I-80,Collision with:  Vehicle in traffic,On Roadway,Non-collision (single vehicle),Animal,None Indicated,,Daylight,Dry,Cloudy,None apparent,Non-intersection:  Non-junction/no special feature,Paved,,Property Damage Only,0,0,0,0,0,0,2000,1,1,,POINT (-91.557069847811 41.685577816083)
2014850938,14-001818,03/15/2014,03-March,7-Saturday,20:33,2000 Hours,District 5 (Southeast),,LOUISA,,Co Rd H16/M AVE/25TH ST,Collision with:  Animal,,,Animal,None Indicated,,,,,,,Paved,,Property Damage Only,0,0,0,0,0,0,150100,1,777,,POINT (-91.235931161852 41.09584285607)
2014791024,20140007017,03/15/2014,03-March,7-Saturday,22:18,2200 Hours,District 1 (Central),DES MOINES,POLK,US 69,US 69/SE 14TH ST & MAURY ST,Collision with:  Vehicle in traffic,On Roadway,Broadside (front to side),Ran Traffic Signal,None Indicated,,Dark - roadway lighted,Wet,Snow,None apparent,Intersection:  Four-way intersection,Paved,,Property Damage Only,0,0,0,0,0,0,2500,2,4,,POINT (-93.596867424874 41.581253693225)
2014791243,14-006952,03/15/2014,03-March,7-Saturday,11:07,1100 Hours,District 5 (Southeast),,LEE,IA 16,IA 16/IOWA 16 & 345 AVE,Collision with:  Animal,,,Animal,None Indicated,,,,,,,Paved,,Property Damage Only,0,0,0,0,0,0,1500,1,1,,POINT (-91.247636073482 40.728972957168)
2014791347,14002170,03/15/2014,03-March,7-Saturday,19:35,1900 Hours,District 6 (East Central),,BUCHANAN,IA 187,IA 187/WASHBURN AVE,Collision with fixed object:  Ditch,Roadside,Non-collision (single vehicle),Ran off road - left,None Indicated,,Dark - roadway not lighted,Ice/frost,Snow,"Surface condition (e.g., wet, icy)",Non-intersection:  Non-junction/no special feature,Paved,,Property Damage Only,0,0,0,0,0,0,2500,1,1,,POINT (-91.64841307733 42.548332189597)
2014794190,,03/15/2014,03-March,7-Saturday,22:03,2200 Hours,District 2 (Northeast),CLEAR LAKE,CERRO GORDO,,S SHORE DR,Collision with:  Parked motor vehicle,Roadside,"Sideswipe, same direction",Other (explain in narrative):  Vision obstructed,Refused,,Dark - roadway lighted,Dry,Clear,None apparent,Non-intersection:  Non-junction/no special feature,Paved,,Property Damage Only,0,0,0,0,0,0,6500,2,1,,POINT (-93.381526514386 43.133900235725)
2014791460,2014017755,03/16/2014,03-March,1-Sunday,02:55,0200 Hours,District 4 (Southwest),,FREMONT,I-29,I-29,Collision with:  Parked motor vehicle,On Roadway,Rear-end (front to rear),Illegally Parked/Unattended,Under Influence of Alcohol/Drugs/Medications,,Dark - roadway not lighted,Wet,Cloudy,None apparent,Non-intersection:  Non-junction/no special feature,Paved,,Major Injury,0,1,1,0,0,0,62500,2,2,,POINT (-95.805013690037 40.858364599903)
2014791055,20140007091,03/16/2014,03-March,1-Sunday,21:34,2100 Hours,District 1 (Central),DES MOINES,POLK,,E 38TH ST & SAGE ST,Unknown,Unknown,Non-collision (single vehicle),Ran off road - right,None Indicated,,Dark - roadway not lighted,Dry,Cloudy,None apparent,Non-intersection:  Non-junction/no special feature,Paved,,Minor Injury,0,1,0,1,0,0,6000,1,1,,POINT (-93.542257637997 41.655464485457)
2014791208,W14-025876,03/16/2014,03-March,1-Sunday,14:13,1400 Hours,District 2 (Northeast),WATERLOO,BLACK HAWK,,GLENCOE AVE,Collision with:  Vehicle in traffic,On Roadway,Broadside (front to side),FTYROW:  From yield sign,None Indicated,,Daylight,Dry,Clear,None apparent,Intersection:  Four-way intersection,Paved,,Property Damage Only,0,0,0,0,0,0,2500,2,2,,POINT (-92.362242634547 42.467839052731)
2014791468,2014017757,03/16/2014,03-March,1-Sunday,05:54,0500 Hours,District 5 (Southeast),,WARREN,I-35,I-35,Collision with fixed object:  Guardrail - face,Median,Non-collision (single vehicle),Ran off road - left,None Indicated,,Dark - roadway not lighted,Wet,Clear,None apparent,Non-intersection:  Non-junction/no special feature,Paved,,Property Damage Only,0,0,0,0,0,0,9500,1,1,,POINT (-93.780432106668 41.259199872961)
2014792739,14-2499,03/16/2014,03-March,1-Sunday,08:03,0800 Hours,District 3 (Northwest),IDA GROVE,IDA,,Co Rd D42/230TH ST,Collision with fixed object:  Tree,On Roadway,Non-collision (single vehicle),Ran off road - left,Alcohol (Statutory),,Daylight,Dry,Clear,None apparent,Non-intersection:  Non-junction/no special feature,Unpaved,,Minor Injury,0,1,0,1,0,0,10000,1,1,,POINT (-95.333591007036 42.369937314585)
2014791437,2014-05246,03/16/2014,03-March,1-Sunday,10:30,1000 Hours,District 5 (Southeast),,WARREN,I-35,I-35,Non-collision events:  Overturn/rollover,On Roadway,Non-collision (single vehicle),Ran off road - right,None Indicated,,Daylight,Dry,Clear,None apparent,Non-intersection:  Non-junction/no special feature,Paved,,Possible/Unknown,0,1,0,0,1,0,4200,1,1,,POINT (-93.780310340077 41.400205877378)
2014790901,W14-025786,03/16/2014,03-March,1-Sunday,03:06,0300 Hours,District 2 (Northeast),WATERLOO,BLACK HAWK,,CENTER ST,Collision with:  Parked motor vehicle,On Roadway,Head-on (front to front),Driving too fast for conditions,Alcohol (Statutory),,Dark - roadway not lighted,Ice/frost,Clear,None apparent,Non-intersection:  Other non-intersection (explain in narrative),Paved,,Property Damage Only,0,0,0,0,0,0,5000,2,1,,POINT (-92.342192376689 42.511160915694)
2014791520,CL14000768,03/16/2014,03-March,1-Sunday,11:42,1100 Hours,District 6 (East Central),CLINTON,CLINTON,IA 136,IA 136/IOWA 136 & ROOSEVELT ST,Collision with:  Vehicle in traffic,On Roadway,"Angle, oncoming left turn",FTYROW:  From stop sign,None Indicated,,Daylight,Dry,Clear,None apparent,Intersection:  Other intersection (explain in narrative),Paved,,Property Damage Only,0,0,0,0,0,0,4000,2,2,,POINT (-90.180934450309 41.865985814609)
2014791153,14-7836,03/16/2014,03-March,1-Sunday,17:25,1700 Hours,District 3 (Northwest),SIOUX CITY,WOODBURY,,S PALMETTO ST,Collision with:  Animal,On Roadway,Non-collision (single vehicle),Animal,None Indicated,,Daylight,Dry,Clear,None apparent,Non-intersection:  Non-junction/no special feature,Paved,,Property Damage Only,0,0,0,0,0,0,3500,1,1,,POINT (-96.345742998746 42.473686879165)
2014810972,14-01822,03/16/2014,03-March,1-Sunday,12:57,1200 Hours,District 2 (Northeast),OELWEIN,FAYETTE,IA 3,IA 3/CHARLES ST E,Collision with:  Animal,,,Animal,None Indicated,,,,,,,Paved,,Property Damage Only,0,0,0,0,0,0,3500,1,1,,POINT (-91.905911500299 42.678734215567)
2014791244,14-007079,03/16/2014,03-March,1-Sunday,08:42,0800 Hours,District 5 (Southeast),,LEE,,180 ST,Collision with fixed object:  Ditch,On Roadway,Non-collision (single vehicle),Followed too close,None Indicated,,Daylight,Snow,Snow,None apparent,Non-intersection:  Non-junction/no special feature,Unpaved,,Property Damage Only,0,0,0,0,0,0,2500,1,1,,POINT (-91.234160067804 40.695852134487)
2014791245,14-007116,03/16/2014,03-March,1-Sunday,20:00,2000 Hours,District 5 (Southeast),FORT MADISON,LEE,,Co Rd X38/330 AVE,Collision with:  Animal,,,Animal,None Indicated,,,,,,,Paved,,Property Damage Only,0,0,0,0,0,0,6500,1,1,,POINT (-91.295210752227 40.6789790251)
2014791021,20140007023,03/16/2014,03-March,1-Sunday,00:15,0000 Hours,District 1 (Central),DES MOINES,POLK,,10TH ST,Collision with:  Vehicle in traffic,Outside trafficway,Rear-end (front to rear),Ran off road - left,Refused,,Dark - roadway lighted,Slush,Cloudy,None apparent,Non-intersection:  Non-junction/no special feature,Paved,,Property Damage Only,0,0,0,0,0,0,8300,3,1,,POINT (-93.630611362106 41.611896331033)
2014791474,,03/16/2014,03-March,1-Sunday,06:23,0600 Hours,District 5 (Southeast),FORT MADISON,LEE,,AVE L,Collision with:  Non-motorist (see non-motorist section - NOT a unit),On Roadway,Non-collision (single vehicle),Other (explain in narrative):  No improper action,None Indicated,,Dark - roadway not lighted,Snow,Snow,None apparent,Non-intersection:  Non-junction/no special feature,Paved,,Possible/Unknown,0,1,0,0,1,0,500,1,1,,POINT (-91.36091216303 40.626466927223)
2014792367,14037435,03/16/2014,03-March,1-Sunday,04:06,0400 Hours,District 6 (East Central),,JOHNSON,,Co Rd W64/OAK CREST HILL RD SE,Collision with fixed object:  Guardrail - face,On Roadway,Non-collision (single vehicle),Ran off road - left,None Indicated,,Dark - roadway not lighted,Slush,Snow,"Surface condition (e.g., wet, icy)",Non-intersection:  Non-junction/no special feature,Paved,,Property Damage Only,0,0,0,0,0,0,5500,1,3,,POINT (-91.543848532393 41.535310511678)
2014791344,W14-025965,03/16/2014,03-March,1-Sunday,21:21,2100 Hours,District 2 (Northeast),WATERLOO,BLACK HAWK,US 20,US 20,Collision with:  Vehicle in traffic,On Roadway,Rear-end (front to rear),Other (explain in narrative):  Other,None Indicated,,Dark - roadway not lighted,Dry,Clear,None apparent,Non-intersection:  Non-junction/no special feature,Paved,,Property Damage Only,0,0,0,0,0,0,2000,2,2,,POINT (-92.396550401702 42.455938907157)
2014791080,14-010267,03/16/2014,03-March,1-Sunday,17:24,1700 Hours,District 4 (Southwest),COUNCIL BLUFFS,POTTAWATTAMIE,US 6,US 6/KANESVILLE BLVD & NORTH AVE,Collision with:  Vehicle in traffic,On Roadway,Rear-end (front to rear),Followed too close,None Indicated,,Daylight,Dry,Clear,None apparent,Intersection:  Four-way intersection,Paved,,Possible/Unknown,0,1,0,0,1,0,3000,2,4,,POINT (-95.830997202465 41.271286045668)
2014791583,14-7784,03/16/2014,03-March,1-Sunday,09:07,0900 Hours,District 3 (Northwest),SIOUX CITY,WOODBURY,,W VILLA AVE,Non-collision events:  Overturn/rollover,On Roadway,Head-on (front to front),Lost Control,None Indicated,,Daylight,Dry,Clear,None apparent,Non-intersection:  Non-junction/no special feature,Paved,,Property Damage Only,0,0,0,0,0,0,11500,3,2,,POINT (-96.426223697217 42.504100869293)
2014791721,1400523,03/16/2014,03-March,1-Sunday,16:29,1600 Hours,District 5 (Southeast),BLOOMFIELD,DAVIS,US 63,US 63/WASHINGTON ST & IA 2/IOWA 2 & SMITH ST,Collision with:  Vehicle in traffic,On Roadway,Rear-end (front to rear),Followed too close,None Indicated,,Daylight,Dry,Clear,None apparent,Intersection:  Four-way intersection,Paved,,Property Damage Only,0,0,0,0,0,0,2000,2,5,,POINT (-92.412731708202 40.739819004851)
2014791359,14003998,03/16/2014,03-March,1-Sunday,19:05,1900 Hours,District 2 (Northeast),MASON CITY,CERRO GORDO,,19TH ST SW & S TAFT AVE,Collision with:  Vehicle in traffic,On Roadway,Rear-end (front to rear),Other (explain in narrative):  Vision obstructed,None Indicated,,Dusk,Dry,Cloudy,None apparent,Non-intersection:  Non-junction/no special feature,Paved,,Property Damage Only,0,0,0,0,0,0,3000,2,3,,POINT (-93.240583952906 43.133806124399)
2014791004,14680578,03/16/2014,03-March,1-Sunday,06:00,0600 Hours,District 5 (Southeast),,MONROE,,645TH AVE,Collision with fixed object:  Traffic sign support,Shoulder,Non-collision (single vehicle),Ran off road - left,None Indicated,,Dark - roadway not lighted,Snow,Cloudy,"Surface condition (e.g., wet, icy)",Non-intersection:  Non-junction/no special feature,Paved,,Property Damage Only,0,0,0,0,0,0,4100,1,1,,POINT (-92.822089529418 40.9626039805)
2014790933,CL14000764,03/16/2014,03-March,1-Sunday,03:08,0300 Hours,District 6 (East Central),CLINTON,CLINTON,US 67,US 67/N 2ND ST,Collision with:  Vehicle in traffic,On Roadway,Rear-end (front to rear),Unknown,Alcohol (Statutory),,Dark - roadway not lighted,Wet,Clear,None apparent,Non-intersection:  Non-junction/no special feature,Paved,,Possible/Unknown,0,2,0,0,2,0,12000,2,3,,POINT (-90.184329154393 41.860287511879)
2014791472,,03/16/2014,03-March,1-Sunday,07:42,0700 Hours,District 2 (Northeast),,BUTLER,,Co Rd C45/BUTLER CENTER RD,Collision with fixed object:  Guardrail - face,On Roadway,Non-collision (single vehicle),Crossed centerline (undivided),None Indicated,,Dark - roadway not lighted,Ice/frost,Snow,"Surface condition (e.g., wet, icy)",Non-intersection:  Non-junction/no special feature,Paved,,Property Damage Only,0,0,0,0,0,0,4000,1,2,,POINT (-92.648048403696 42.700385222223)