Iowa DOT Case Number,Law Enforcement Case Number,Date of Crash,Month of Crash,Day of Week,Time of Crash,Hour,DOT District,City Name,County Name,Route with System,Location Description,First Harmful Event,Location of First Harmful Event,Manner of Crash/Collision,Major Cause,Drug or Alcohol ,Environmental Conditions,Light Conditions,Surface Conditions,Weather Conditions,Roadway Contribution,Roadway Type,Roadway Surface,Work Zone,Crash Severity,Number of Fatalities,Number of Injuries,Number of Major Injuries,Number of Minor Injuries,Number of Possible Injuries,Number of Unknown Injuries,Amount of Property Damage,Number of Vehicles Involved,Total Number of Occupants,Travel Direction,Location
2014796715,,03/16/2014,03-March,1-Sunday,04:01,0400 Hours,District 5 (Southeast),,MUSCATINE,,Co Rd F70/155TH ST,Non-collision events:  Overturn/rollover,Shoulder,Non-collision (single vehicle),Ran off road - straight,None Indicated,,Dark - roadway not lighted,Snow,Snow,"Surface condition (e.g., wet, icy)",Non-intersection:  Non-junction/no special feature,Paved,,Property Damage Only,0,0,0,0,0,0,4000,1,1,,POINT (-91.082699848508 41.508477718002)
2014790934,CL14000765,03/16/2014,03-March,1-Sunday,03:37,0300 Hours,District 6 (East Central),CLINTON,CLINTON,,FLORENCE AVE,Collision with:  Parked motor vehicle,On Roadway,Rear-end (front to rear),"Operating vehicle in an reckless, erratic, careless, negligent manner",Alcohol (Statutory),,Dark - roadway lighted,Wet,Snow,None apparent,Non-intersection:  Non-junction/no special feature,Paved,,Property Damage Only,0,0,0,0,0,0,33000,2,1,,POINT (-90.216996470279 41.840101022279)
2014791612,14-08743,03/16/2014,03-March,1-Sunday,05:46,0500 Hours,District 5 (Southeast),BURLINGTON,DES MOINES,,Co Rd X62/SUMMER ST,Non-collision events:  Other non-collision (explain in narrative),Shoulder,Non-collision (single vehicle),Ran off road - left,None Indicated,,Dark - roadway lighted,Snow,Snow,"Surface condition (e.g., wet, icy)",Non-intersection:  Non-junction/no special feature,Paved,,Possible/Unknown,0,1,0,0,1,0,900,1,1,,POINT (-91.13643436903 40.746426560068)
2014791081,14-010268,03/16/2014,03-March,1-Sunday,17:27,1700 Hours,District 4 (Southwest),COUNCIL BLUFFS,POTTAWATTAMIE,I-29,I-29 & S 24TH ST,Collision with:  Vehicle in traffic,On Roadway,Rear-end (front to rear),Followed too close,None Indicated,,Daylight,Dry,Clear,None apparent,Intersection:  Intersection with ramp,Paved,,Possible/Unknown,0,2,0,0,2,0,2600,2,3,,POINT (-95.87923733799 41.233550017868)
2014792144,14025823,03/16/2014,03-March,1-Sunday,09:36,0900 Hours,District 2 (Northeast),CEDAR FALLS,BLACK HAWK,,UNIVERSITY AVE & HUDSON RD,Collision with:  Vehicle in traffic,On Roadway,Rear-end (front to rear),Driving too fast for conditions,None Indicated,,Daylight,Ice/frost,Clear,"Surface condition (e.g., wet, icy)",Intersection:  Four-way intersection,Paved,,Property Damage Only,0,0,0,0,0,0,7000,2,2,,POINT (-92.465573383709 42.506894524386)
2014792849,14-000391,03/16/2014,03-March,1-Sunday,01:01,0100 Hours,District 1 (Central),AMES,STORY,,SHELDON AVE & SHELDON AVE EXT,Collision with:  Vehicle in traffic,Roadside,"Sideswipe, same direction",Ran off road - right,Alcohol (Statutory),,Dark - roadway lighted,Wet,Clear,None apparent,Non-intersection:  Non-junction/no special feature,Paved,,Property Damage Only,0,0,0,0,0,0,9500,3,1,,POINT (-93.654476271104 42.027439708186)
2014791068,14-1291,03/16/2014,03-March,1-Sunday,20:47,2000 Hours,District 4 (Southwest),WEST DES MOINES,DALLAS,,RACCOON RIVER DR,Collision with:  Animal,On Roadway,Non-collision (single vehicle),Animal,None Indicated,,Dark - roadway lighted,Dry,Clear,None apparent,Non-intersection:  Non-junction/no special feature,Paved,,Property Damage Only,0,0,0,0,0,0,2000,1,3,,POINT (-93.796991672198 41.537508345768)
2014791051,20140007062,03/16/2014,03-March,1-Sunday,15:10,1500 Hours,District 1 (Central),DES MOINES,POLK,,CENTER ST & 3RD ST,Collision with:  Parked motor vehicle,On Roadway,Rear-end (front to rear),"Operating vehicle in an reckless, erratic, careless, negligent manner",None Indicated,,Daylight,Dry,Clear,Unknown,Non-intersection:  Non-junction/no special feature,Paved,,Property Damage Only,0,0,0,0,0,0,7000,2,777,,POINT (-93.621486834269 41.591571665912)
2014791079,14-010202,03/16/2014,03-March,1-Sunday,02:03,0200 Hours,District 4 (Southwest),COUNCIL BLUFFS,POTTAWATTAMIE,,4TH AVE,Collision with fixed object:  Curb/island/raised median,Roadside,Non-collision (single vehicle),Crossed centerline (undivided),Alcohol (Statutory),,Dark - roadway not lighted,Wet,Snow,None apparent,Non-intersection:  Non-junction/no special feature,Paved,,Possible/Unknown,0,1,0,0,1,0,5000,1,1,,POINT (-95.866450630852 41.257898273927)
2014793044,14002224,03/16/2014,03-March,1-Sunday,20:23,2000 Hours,District 6 (East Central),,BUCHANAN,,Co Rd W45/SLATER AVE,Non-collision events:  Other non-collision (explain in narrative),Shoulder,Non-collision (single vehicle),Ran off road - right,None Indicated,,Dark - roadway not lighted,Dry,Clear,None apparent,Non-intersection:  Non-junction/no special feature,Paved,,Property Damage Only,0,0,0,0,0,0,3000,1,2,,POINT (-91.727182853113 42.501936697258)
2014791132,14-0733,03/16/2014,03-March,1-Sunday,18:20,1800 Hours,District 1 (Central),FORT DODGE,WEBSTER,,S 25TH ST,Collision with:  Vehicle in traffic,On Roadway,Rear-end (front to rear),Improper Backing,None Indicated,,Daylight,Dry,Clear,None apparent,Non-intersection:  Non-junction/no special feature,Paved,,Property Damage Only,0,0,0,0,0,0,2500,2,1,,POINT (-94.163753527009 42.49062329557)
2014850888,14-001844,03/16/2014,03-March,1-Sunday,04:30,0400 Hours,District 5 (Southeast),,LOUISA,US 61,US 61,Non-collision events:  Overturn/rollover,On Roadway,Non-collision (single vehicle),Driving too fast for conditions,None Indicated,,Dark - roadway not lighted,Ice/frost,Snow,"Surface condition (e.g., wet, icy)",Non-intersection:  Non-junction/no special feature,Paved,,Property Damage Only,0,0,0,0,0,0,2000,1,1,,POINT (-91.183519224163 41.08150802036)
2014791014,14-1726,03/16/2014,03-March,1-Sunday,10:20,1000 Hours,District 1 (Central),,POLK,,NE 56TH AVE,Collision with fixed object:  Other fixed object (explain in narrative),Outside trafficway,Broadside (front to side),Lost Control,None Indicated,,Daylight,Snow,Clear,"Surface condition (e.g., wet, icy)",Non-intersection:  Driveway access (within),Paved,,Property Damage Only,0,0,0,0,0,0,8000,3,1,,POINT (-93.613496181633 41.662501190287)
2014792457,2014017740,03/16/2014,03-March,1-Sunday,00:10,0000 Hours,District 1 (Central),ALTOONA,POLK,I-80,I-80 & 34TH AVE NW,Collision with fixed object:  Concrete traffic barrier (median or right side),On Roadway,Non-collision (single vehicle),Driving too fast for conditions,None Indicated,,Dark - roadway not lighted,Snow,Snow,"Surface condition (e.g., wet, icy)",Non-intersection:  Other non-intersection (explain in narrative),Paved,,Property Damage Only,0,0,0,0,0,0,10000,1,4,,POINT (-93.503083812538 41.662037705436)
2014791440,14-0144,03/16/2014,03-March,1-Sunday,02:30,0200 Hours,District 1 (Central),GOWRIE,WEBSTER,,JOHNSON AVE & 370TH ST,Collision with fixed object:  Ditch,On Roadway,Non-collision (single vehicle),Driving too fast for conditions,None Indicated,,Dark - roadway not lighted,Ice/frost,Clear,"Surface condition (e.g., wet, icy)",Non-intersection:  Non-junction/no special feature,Unpaved,,Possible/Unknown,0,1,0,0,1,0,5000,1,1,,POINT (-94.223267353769 42.25334668139)
2014793287,C14-0000824,03/16/2014,03-March,1-Sunday,08:45,0800 Hours,District 2 (Northeast),MARQUETTE,CLAYTON,US 18,US 18,Collision with:  Animal,,,Animal,None Indicated,,,,,,,Paved,,Property Damage Only,0,0,0,0,0,0,2500,1,777,,POINT (-91.186267580406 43.044223203647)
2014791310,2014017877,03/16/2014,03-March,1-Sunday,20:20,2000 Hours,District 4 (Southwest),,POTTAWATTAMIE,I-80,I-80,Collision with:  Animal,,,Animal,None Indicated,,,,,,,Paved,,Property Damage Only,0,0,0,0,0,0,2000,1,1,,POINT (-95.538348943226 41.498837677856)
2014792266,2014-15829,03/16/2014,03-March,1-Sunday,05:53,0500 Hours,District 6 (East Central),DAVENPORT,SCOTT,,W 16TH ST,Collision with:  Parked motor vehicle,On Roadway,Rear-end (front to rear),Unknown,None Indicated,,Dark - roadway lighted,Snow,Clear,None apparent,Non-intersection:  Non-junction/no special feature,Paved,,Property Damage Only,0,0,0,0,0,0,5000,3,777,,POINT (-90.592838089045 41.535785263991)
2014795780,20140010591,03/16/2014,03-March,1-Sunday,22:30,2200 Hours,District 1 (Central),DES MOINES,POLK,,3RD ST,Collision with:  Vehicle in traffic,On Roadway,"Sideswipe, same direction",FTYROW:  Other (explain in narrative),None Indicated,,Dark - roadway lighted,Unknown,Unknown,None apparent,Non-intersection:  Non-junction/no special feature,Paved,,Property Damage Only,0,0,0,0,0,0,2900,2,2,,POINT (-93.620677840046 41.586027569189)
2014790902,201401085,03/16/2014,03-March,1-Sunday,01:18,0100 Hours,District 1 (Central),,BOONE,,Co Rd E41/216TH DR,Collision with fixed object:  Guardrail - face,On Roadway,Non-collision (single vehicle),Ran off road - right,Alcohol (Statutory),,Dark - roadway not lighted,Ice/frost,"Blowing sand, soil, dirt","Surface condition (e.g., wet, icy)",Non-intersection:  Non-junction/no special feature,Paved,,Property Damage Only,0,0,0,0,0,0,5500,1,1,,POINT (-93.917736058641 42.057159333853)
2014790938,140653,03/16/2014,03-March,1-Sunday,01:00,0100 Hours,District 3 (Northwest),DENISON,CRAWFORD,,S 9TH ST,Collision with:  Vehicle in traffic,On Roadway,Unknown,Lost Control,Alcohol (Statutory),,Dark - roadway lighted,Dry,Clear,None apparent,Non-intersection:  Non-junction/no special feature,Paved,,Property Damage Only,0,0,0,0,0,0,13000,2,1,,POINT (-95.361266680861 42.015134930387)
2014792351,14-040316-01,03/16/2014,03-March,1-Sunday,19:00,1900 Hours,District 6 (East Central),,IOWA,,Y AVE,Non-collision events:  Overturn/rollover,Roadside,Non-collision (single vehicle),Swerving/Evasive Action,None Indicated,,Dark - roadway not lighted,"Mud, dirt",Cloudy,None apparent,Non-intersection:  Non-junction/no special feature,Unpaved,,Property Damage Only,0,0,0,0,0,0,1500,1,1,,POINT (-91.852392051279 41.834331061406)
2014791485,,03/16/2014,03-March,1-Sunday,09:57,0900 Hours,District 2 (Northeast),ALLISON,BUTLER,,9TH ST & ELM ST,Collision with:  Vehicle in traffic,On Roadway,"Angle, oncoming left turn",FTYROW:  From stop sign,None Indicated,,Daylight,Ice/frost,Clear,None apparent,Intersection:  Four-way intersection,Paved,,Property Damage Only,0,0,0,0,0,0,1500,2,5,,POINT (-92.793821458211 42.758285598966)
2014791154,14-7848,03/16/2014,03-March,1-Sunday,20:05,2000 Hours,District 3 (Northwest),SIOUX CITY,WOODBURY,,OUTER DR N,Collision with:  Animal,On Roadway,Non-collision (single vehicle),Animal,None Indicated,,Dark - roadway lighted,Dry,Clear,None apparent,Non-intersection:  Non-junction/no special feature,Paved,,Minor Injury,0,1,0,1,0,0,1200,1,4,,POINT (-96.375709731851 42.537549520538)
2014790949,01-14-10831,03/16/2014,03-March,1-Sunday,14:41,1400 Hours,District 6 (East Central),DUBUQUE,DUBUQUE,,DUGGAN DR & FREMONT AVE & BARBARALEE DR,Collision with:  Vehicle in traffic,On Roadway,"Sideswipe, same direction",Other (explain in narrative):  Other,None Indicated,,Daylight,Dry,Clear,None apparent,Non-intersection:  Non-junction/no special feature,Paved,,Property Damage Only,0,0,0,0,0,0,7000,2,3,,POINT (-90.702788460699 42.47556657636)
2014792643,2014017876,03/16/2014,03-March,1-Sunday,20:05,2000 Hours,District 5 (Southeast),,LOUISA,,Co Rd X37/COUNTY RD X 37 & R AVE,Collision with:  Animal,On Roadway,Non-collision (single vehicle),Animal,None Indicated,,Dark - unknown roadway lighting,Dry,Cloudy,None apparent,Non-intersection:  Non-junction/no special feature,Paved,,Property Damage Only,0,0,0,0,0,0,1500,1,1,,POINT (-91.345771103877 41.252238786756)
2014796121,1-14-000089,03/16/2014,03-March,1-Sunday,05:48,0500 Hours,District 4 (Southwest),,SHELBY,US 59,US 59,Collision with:  Animal,On Roadway,Non-collision (single vehicle),Animal,None Indicated,,Dark - roadway not lighted,Snow,Clear,"Surface condition (e.g., wet, icy)",Non-intersection:  Other non-intersection (explain in narrative),Paved,,Possible/Unknown,0,1,0,0,1,0,5500,1,1,,POINT (-95.334957869065 41.564204142614)
2014792368,14037586,03/16/2014,03-March,1-Sunday,15:17,1500 Hours,District 6 (East Central),,JOHNSON,,LINDER RD,Collision with:  Vehicle in traffic,On Roadway,Head-on (front to front),Swerving/Evasive Action,None Indicated,,Daylight,Ice/frost,Clear,"Surface condition (e.g., wet, icy)",Non-intersection:  Non-junction/no special feature,Paved,,Possible/Unknown,0,2,0,0,2,0,5500,2,3,,POINT (-91.53185221712 41.689167335345)
2014791152,14-7822,03/16/2014,03-March,1-Sunday,15:31,1500 Hours,District 3 (Northwest),SIOUX CITY,WOODBURY,,ATHLONE AVE,Collision with fixed object:  Traffic sign support,On Roadway,Non-collision (single vehicle),Lost Control,Drug,,Daylight,Dry,Clear,None apparent,Non-intersection:  Non-junction/no special feature,Paved,,Property Damage Only,0,0,0,0,0,0,1600,1,1,,POINT (-96.363308591874 42.506605978825)
2014791315,2014017764,03/16/2014,03-March,1-Sunday,07:46,0700 Hours,District 6 (East Central),BETTENDORF,SCOTT,I-80,I-80,Collision with fixed object:  Guardrail - face,On Roadway,Non-collision (single vehicle),Driving too fast for conditions,None Indicated,,Daylight,Ice/frost,Clear,None apparent,Non-intersection:  Non-junction/no special feature,Paved,,Property Damage Only,0,0,0,0,0,0,9400,1,1,,POINT (-90.501404954515 41.596418733151)
2014791288,14-000314,03/16/2014,03-March,1-Sunday,18:47,1800 Hours,District 1 (Central),JOHNSTON,POLK,,NW 70TH AVE & MERLE HAY RD,Collision with:  Vehicle in traffic,On Roadway,"Sideswipe, same direction",Other (explain in narrative):  Other,None Indicated,,Dusk,Dry,Cloudy,None apparent,Intersection:  Four-way intersection,Paved,,Property Damage Only,0,0,0,0,0,0,2500,2,5,,POINT (-93.697699607451 41.688429711039)
2014791461,2014017788,03/16/2014,03-March,1-Sunday,04:45,0400 Hours,District 4 (Southwest),,ADAIR,I-80,I-80,Collision with:  Vehicle in traffic,On Roadway,"Sideswipe, same direction",Crossed centerline (undivided),None Indicated,,Dark - roadway not lighted,Snow,Snow,None apparent,Non-intersection:  Non-junction/no special feature,Paved,,Property Damage Only,0,0,0,0,0,0,4000,2,2,,POINT (-94.340343080666 41.493034302927)
2014791131,14-0143,03/16/2014,03-March,1-Sunday,00:15,0000 Hours,District 1 (Central),,WEBSTER,,Co Rd D14/170TH ST,Non-collision events:  Overturn/rollover,Roadside,Non-collision (single vehicle),Driving too fast for conditions,None Indicated,,Dark - roadway not lighted,Ice/frost,Clear,"Surface condition (e.g., wet, icy)",Non-intersection:  Non-junction/no special feature,Paved,,Property Damage Only,0,0,0,0,0,0,5000,1,1,,POINT (-94.204837823568 42.542773855556)
2014791070,14-1282,03/16/2014,03-March,1-Sunday,10:09,1000 Hours,District 1 (Central),WEST DES MOINES,POLK,I-35,I-35 & MILLS CIVIC PKWY,Collision with fixed object:  Curb/island/raised median,On Roadway,Non-collision (single vehicle),Driving too fast for conditions,None Indicated,,Daylight,Wet,Cloudy,"Surface condition (e.g., wet, icy)","Interchange-related:  Off-ramp, diverge area",Paved,,Possible/Unknown,0,1,0,0,1,0,1500,1,1,,POINT (-93.778286180912 41.559172867835)
2014792458,2014017748,03/16/2014,03-March,1-Sunday,01:55,0100 Hours,District 1 (Central),,POLK,I-35,I-35,Collision with fixed object:  Concrete traffic barrier (median or right side),On Roadway,Non-collision (single vehicle),Driving too fast for conditions,None Indicated,,Dark - roadway lighted,Wet,Cloudy,None apparent,Interchange-related:  On-ramp merge area,Paved,,Property Damage Only,0,0,0,0,0,0,10000,1,1,,POINT (-93.599494505814 41.649938042613)
2014791040,20140007021,03/16/2014,03-March,1-Sunday,23:45,2300 Hours,District 1 (Central),DES MOINES,POLK,,8TH ST,Non-collision events:  Other non-collision (explain in narrative),On Roadway,Non-collision (single vehicle),Ran off road - straight,None Indicated,,Dark - roadway lighted,Snow,Snow,"Surface condition (e.g., wet, icy)",Non-intersection:  Non-junction/no special feature,Paved,,Property Damage Only,0,0,0,0,0,0,1500,1,1,,POINT (-93.628108348343 41.595129571155)
2014791405,14032023,03/16/2014,03-March,1-Sunday,15:14,1500 Hours,District 4 (Southwest),CLARINDA,PAGE,,W STATE ST & E STATE ST & N 16TH ST,Collision with:  Vehicle in traffic,On Roadway,Broadside (front to side),FTYROW:  From stop sign,None Indicated,,Daylight,Dry,Clear,None apparent,Intersection:  Four-way intersection,Paved,,Property Damage Only,0,0,0,0,0,0,5000,2,3,,POINT (-95.03786298261 40.742155485014)
2014792429,GP20140191,03/16/2014,03-March,1-Sunday,04:43,0400 Hours,District 1 (Central),GRINNELL,POWESHIEK,IA 146,IA 146/WEST ST,Collision with:  Animal,On Roadway,Non-collision (single vehicle),Animal,None Indicated,,Dark - roadway not lighted,Wet,Cloudy,None apparent,Non-intersection:  Non-junction/no special feature,Paved,,Property Damage Only,0,0,0,0,0,0,1600,1,1,,POINT (-92.727190941357 41.709147713831)
2014791712,CL14000765,03/16/2014,03-March,1-Sunday,02:51,0200 Hours,District 6 (East Central),CLINTON,CLINTON,,N 10TH ST,Collision with:  Parked motor vehicle,On Roadway,Head-on (front to front),"Operating vehicle in an reckless, erratic, careless, negligent manner",Alcohol (Statutory),,Dark - roadway not lighted,Dry,Cloudy,None apparent,Non-intersection:  Non-junction/no special feature,Paved,,Property Damage Only,0,0,0,0,0,0,14100,3,1,,POINT (-90.208908052958 41.848027769066)
2014791707,14002229,03/16/2014,03-March,1-Sunday,23:40,2300 Hours,District 6 (East Central),,BUCHANAN,I-380,I-380,Collision with:  Animal,,,Animal,None Indicated,,,,,,,Paved,,Property Damage Only,0,0,0,0,0,0,2500,1,1,,POINT (-91.978778244768 42.313638225123)
2014790976,201400758,03/16/2014,03-March,1-Sunday,01:30,0100 Hours,District 6 (East Central),,LINN,US 30,US 30,Collision with:  Animal,,,Animal,None Indicated,,,,,,,Paved,,Property Damage Only,0,0,0,0,0,0,5000,1,1,,POINT (-91.515492232296 41.925606313281)
2014791378,P14-002959,03/16/2014,03-March,1-Sunday,06:30,0600 Hours,District 1 (Central),WEBSTER CITY,HAMILTON,US 20,US 20,Collision with:  Animal,On Roadway,Non-collision (single vehicle),Animal,None Indicated,,,,,,,Paved,,Property Damage Only,0,0,0,0,0,0,2000,1,1,,POINT (-93.834251947941 42.449141900866)
2014791592,,03/16/2014,03-March,1-Sunday,18:50,1800 Hours,District 3 (Northwest),,POCAHONTAS,,450TH ST,Collision with fixed object:  Ditch,Outside trafficway,Non-collision (single vehicle),Swerving/Evasive Action,None Indicated,,Daylight,"Mud, dirt",Clear,"Surface condition (e.g., wet, icy)",Non-intersection:  Non-junction/no special feature,Unpaved,,Possible/Unknown,0,1,0,0,1,0,2500,1,3,,POINT (-94.863852107565 42.835595062151)
2014791343,W14-025918,03/16/2014,03-March,1-Sunday,17:44,1700 Hours,District 2 (Northeast),WATERLOO,BLACK HAWK,US 69,US 69/E 14TH ST & E RIDGEWAY AVE & CLEVELAND AVE,Collision with:  Vehicle in traffic,On Roadway,Broadside (front to side),Crossed centerline (undivided),None Indicated,,Daylight,Dry,Clear,None apparent,Non-intersection:  Driveway access (within),Paved,,Property Damage Only,0,0,0,0,0,0,1750,2,5,,POINT (-93.600507223615 41.60508593362)
2014791316,2014017786,03/16/2014,03-March,1-Sunday,09:46,0900 Hours,District 6 (East Central),,SCOTT,I-80,I-80,Collision with:  Vehicle in traffic,On Roadway,"Sideswipe, same direction",Crossed centerline (undivided),None Indicated,,Daylight,Dry,Cloudy,None apparent,Non-intersection:  Non-junction/no special feature,Paved,,Possible/Unknown,0,3,0,0,3,0,34200,3,4,,POINT (-90.809708579787 41.623631200919)
2014791438,2014-5229,03/16/2014,03-March,1-Sunday,23:39,2300 Hours,District 5 (Southeast),DES MOINES,WARREN,,Co Rd R57/BORDER ST,Collision with fixed object:  Ditch,On Roadway,Non-collision (single vehicle),Ran off road - left,None Indicated,,Dark - roadway not lighted,Slush,Snow,"Surface condition (e.g., wet, icy)",Non-intersection:  Non-junction/no special feature,Paved,,Possible/Unknown,0,1,0,0,1,0,7000,1,2,,POINT (-93.653055414735 41.497567505717)
2014791738,141134,03/16/2014,03-March,1-Sunday,21:30,2100 Hours,District 1 (Central),,HARDIN,,Co Rd S33/135TH ST,Collision with fixed object:  Ditch,On Roadway,Non-collision (single vehicle),Swerving/Evasive Action,None Indicated,,Dark - roadway not lighted,"Mud, dirt",Cloudy,None apparent,Non-intersection:  Non-junction/no special feature,Unpaved,,Property Damage Only,0,0,0,0,0,0,1650,1,1,,POINT (-93.292427304272 42.514702022028)
2014791922,1425940,03/16/2014,03-March,1-Sunday,19:35,1900 Hours,District 2 (Northeast),CEDAR FALLS,BLACK HAWK,,CLAY ST,Collision with:  Parked motor vehicle,On Roadway,Rear-end (front to rear),Driver Distraction:  Manual operation of an electronic communication device,None Indicated,,Daylight,Dry,Clear,None apparent,Non-intersection:  Non-junction/no special feature,Paved,,Property Damage Only,0,0,0,0,0,0,5500,2,1,,POINT (-92.448183373265 42.521725749148)
2014791056,20140007098,03/16/2014,03-March,1-Sunday,23:33,2300 Hours,District 1 (Central),DES MOINES,POLK,,SE 30TH ST,Non-collision events:  Overturn/rollover,Roadside,Non-collision (single vehicle),Ran off road - right,Alcohol (Statutory),,Dark - roadway lighted,Dry,Clear,None apparent,Non-intersection:  Non-junction/no special feature,Paved,,Possible/Unknown,0,1,0,0,1,0,10200,1,1,,POINT (-93.557806284129 41.574153938957)
2014796122,1-14-000090,03/16/2014,03-March,1-Sunday,03:00,0300 Hours,District 4 (Southwest),,SHELBY,US 59,US 59,Unknown,On Roadway,Non-collision (single vehicle),Ran off road - right,None Indicated,,Dark - roadway not lighted,Unknown,Clear,None apparent,Non-intersection:  Non-junction/no special feature,Paved,,Property Damage Only,0,0,0,0,0,0,2000,1,1,,POINT (-95.344189451806 41.862041809781)
2014791314,2014017752,03/16/2014,03-March,1-Sunday,02:35,0200 Hours,District 6 (East Central),,CEDAR,I-80,I-80,Collision with fixed object:  Guardrail - face,Median,Non-collision (single vehicle),Ran off road - left,None Indicated,,Dark - roadway lighted,Wet,Snow,None apparent,Non-intersection:  Non-junction/no special feature,Paved,,Possible/Unknown,0,1,0,0,1,0,10000,1,1,,POINT (-91.241747979759 41.663325088605)
2014791372,14002173,03/16/2014,03-March,1-Sunday,12:15,1200 Hours,District 6 (East Central),,DELAWARE,,Co Rd X49/330TH AVE,Non-collision events:  Overturn/rollover,Outside trafficway,Non-collision (single vehicle),Crossed centerline (undivided),None Indicated,,Daylight,Wet,Clear,None apparent,Non-intersection:  Non-junction/no special feature,Paved,,Property Damage Only,0,0,0,0,0,0,8075,1,3,,POINT (-91.158825055667 42.571912250173)
2014791151,14-7794,03/16/2014,03-March,1-Sunday,10:57,1000 Hours,District 3 (Northwest),SIOUX CITY,WOODBURY,,S PATTERSON ST,Collision with:  Vehicle in traffic,On Roadway,"Sideswipe, same direction",Other (explain in narrative):  No improper action,None Indicated,,Daylight,Dry,Clear,None apparent,Non-intersection:  Non-junction/no special feature,Paved,,Property Damage Only,0,0,0,0,0,0,4500,2,1,,POINT (-96.353710281687 42.473462772251)
2014791371,14002164,03/16/2014,03-March,1-Sunday,02:32,0200 Hours,District 6 (East Central),,DELAWARE,IA 13,IA 13/IOWA 13,Collision with fixed object:  Ditch,On Roadway,Non-collision (single vehicle),Driving too fast for conditions,None Indicated,,Dark - roadway lighted,Ice/frost,Snow,None apparent,Non-intersection:  Non-junction/no special feature,Paved,,Possible/Unknown,0,2,0,0,2,0,10000,1,2,,POINT (-91.470477321145 42.552038531597)
2014791317,2014017791,03/16/2014,03-March,1-Sunday,10:50,1000 Hours,District 6 (East Central),DIXON,SCOTT,,Co Rd Y40/60 AVE & 270 ST,Collision with fixed object:  Tree,On Roadway,Non-collision (single vehicle),Ran off road - right,None Indicated,,Daylight,Wet,Clear,None apparent,Non-intersection:  Non-junction/no special feature,Paved,,Possible/Unknown,0,1,0,0,1,0,10500,1,3,,POINT (-90.782493080903 41.69828565501)
2014791296,14-4918,03/16/2014,03-March,1-Sunday,08:51,0800 Hours,District 6 (East Central),BETTENDORF,SCOTT,I-74,I-74 & MIDDLE RD,Collision with:  Vehicle in traffic,On Roadway,"Angle, oncoming left turn",FTYROW:  Making left turn,None Indicated,,Daylight,Snow,Cloudy,None apparent,Intersection:  Intersection with ramp,Paved,,Property Damage Only,0,0,0,0,0,0,4500,2,2,,POINT (-90.517176841114 41.541461815282)
2014791311,2014017884,03/16/2014,03-March,1-Sunday,21:15,2100 Hours,District 4 (Southwest),,POTTAWATTAMIE,I-80,I-80,Collision with:  Other non-fixed object (explain in narrative),On Roadway,Non-collision (single vehicle),Other (explain in narrative):  No improper action,None Indicated,,Dark - roadway not lighted,Dry,Cloudy,Debris,Non-intersection:  Non-junction/no special feature,Paved,,Property Damage Only,0,0,0,0,0,0,2000,1,1,,POINT (-95.49512167675 41.49903662765)
2014791397,14005883,03/16/2014,03-March,1-Sunday,15:05,1500 Hours,District 5 (Southeast),OSKALOOSA,MAHASKA,IA 92,IA 92/A AVE W & GATEWAY DR & CORNERSTONE DR,Collision with:  Vehicle in traffic,On Roadway,Head-on (front to front),Ran Traffic Signal,None Indicated,,Daylight,Dry,Clear,None apparent,Intersection:  Four-way intersection,Paved,,Property Damage Only,0,0,0,0,0,0,3500,2,3,,POINT (-92.669664448562 41.296204177967)
2014791041,20140007095,03/16/2014,03-March,1-Sunday,22:00,2200 Hours,District 1 (Central),DES MOINES,POLK,,HICKMAN RD & 26TH ST,Collision with:  Vehicle in traffic,On Roadway,Broadside (front to side),FTYROW:  From stop sign,None Indicated,,Dark - roadway lighted,Dry,Clear,None apparent,Intersection:  Four-way intersection,Paved,,Property Damage Only,0,0,0,0,0,0,6000,2,3,,POINT (-93.651742029438 41.614994048696)
2014792265,2014-15828,03/16/2014,03-March,1-Sunday,05:38,0500 Hours,District 6 (East Central),DAVENPORT,SCOTT,,W 6TH ST,Collision with:  Parked motor vehicle,On Roadway,Unknown,Lost Control,None Indicated,,Dark - roadway lighted,Wet,Snow,None apparent,Non-intersection:  Non-junction/no special feature,Paved,,Property Damage Only,0,0,0,0,0,0,1500,2,1,,POINT (-90.587951668966 41.525676675175)
2014791213,14-1276,03/16/2014,03-March,1-Sunday,07:30,0700 Hours,District 3 (Northwest),CHEROKEE,CHEROKEE,,N 1ST ST,Collision with:  Parked motor vehicle,Shoulder,Broadside (front to side),"Operating vehicle in an reckless, erratic, careless, negligent manner",Alcohol (Statutory),,Dawn,Dry,Clear,None apparent,Non-intersection:  Non-junction/no special feature,Paved,,Property Damage Only,0,0,0,0,0,0,8000,2,2,,POINT (-95.549515912381 42.760386211691)