Iowa DOT Case Number,Law Enforcement Case Number,Date of Crash,Month of Crash,Day of Week,Time of Crash,Hour,DOT District,City Name,County Name,Route with System,Location Description,First Harmful Event,Location of First Harmful Event,Manner of Crash/Collision,Major Cause,Drug or Alcohol ,Environmental Conditions,Light Conditions,Surface Conditions,Weather Conditions,Roadway Contribution,Roadway Type,Roadway Surface,Work Zone,Crash Severity,Number of Fatalities,Number of Injuries,Number of Major Injuries,Number of Minor Injuries,Number of Possible Injuries,Number of Unknown Injuries,Amount of Property Damage,Number of Vehicles Involved,Total Number of Occupants,Travel Direction,Location
2014791282,20140007189,03/17/2014,03-March,2-Monday,19:26,1900 Hours,District 1 (Central),DES MOINES,POLK,,WALNUT ST & 2ND AVE,Collision with:  Vehicle in traffic,On Roadway,"Sideswipe, same direction",Crossed centerline (undivided),None Indicated,,Dark - roadway lighted,Dry,Cloudy,None apparent,Non-intersection:  Non-junction/no special feature,Paved,,Property Damage Only,0,0,0,0,0,0,5000,2,5,,POINT (-93.619690651107 41.58692461247)
2014791382,14-060317-01,03/17/2014,03-March,2-Monday,22:15,2200 Hours,District 6 (East Central),,IOWA,,KK AVE,Collision with fixed object:  Ditch,On Roadway,Non-collision (single vehicle),Swerving/Evasive Action,None Indicated,,Dark - roadway not lighted,"Mud, dirt",Cloudy,None apparent,Non-intersection:  Non-junction/no special feature,Unpaved,,Property Damage Only,0,0,0,0,0,0,5000,1,3,,POINT (-92.092017651656 41.520679597033)
2014791289,14-000557,03/17/2014,03-March,2-Monday,10:27,1000 Hours,District 1 (Central),ALTOONA,POLK,US 6,US 6/FREDERICK M HUBBELL AVE & 34TH AVE SW & 34TH AVE NW,Collision with:  Vehicle in traffic,On Roadway,Broadside (front to side),FTYROW:  Making left turn,None Indicated,,Daylight,Dry,Cloudy,None apparent,Intersection:  Five points or more,Paved,,Possible/Unknown,0,3,0,0,3,0,13000,2,5,,POINT (-93.503113628453 41.655066031256)
2014792267,2014-15999,03/17/2014,03-March,2-Monday,10:20,1000 Hours,District 6 (East Central),DAVENPORT,SCOTT,,E 13TH ST,Collision with:  Vehicle in traffic,On Roadway,"Sideswipe, same direction",Unknown,None Indicated,,Daylight,Dry,Clear,None apparent,Non-intersection:  Non-junction/no special feature,Paved,,Property Damage Only,0,0,0,0,0,0,1600,2,1,,POINT (-90.56149313613 41.532908914693)
2014791299,14-0746,03/17/2014,03-March,2-Monday,18:50,1800 Hours,District 1 (Central),FORT DODGE,WEBSTER,,4TH AVE S & S 15TH ST,Collision with:  Vehicle in traffic,On Roadway,"Sideswipe, same direction",FTYROW:  Other (explain in narrative),None Indicated,,Daylight,Dry,Clear,None apparent,Non-intersection:  Non-junction/no special feature,Paved,,Property Damage Only,0,0,0,0,0,0,4500,2,4,,POINT (-94.177657308741 42.502044595702)
2014791277,20140007175,03/17/2014,03-March,2-Monday,13:20,1300 Hours,District 1 (Central),DES MOINES,POLK,,CHAFFEE RD & FORT DES MOINES,Collision with fixed object:  Other fixed object (explain in narrative),Roadside,Non-collision (single vehicle),Exceeded authorized speed,Alcohol (Statutory),,Daylight,Dry,Clear,None apparent,Non-intersection:  Non-junction/no special feature,Paved,,Property Damage Only,0,0,0,0,0,0,6000,1,2,,POINT (-93.6160202524 41.525127219828)
2014791346,14-4445,03/17/2014,03-March,2-Monday,21:29,2100 Hours,District 2 (Northeast),,BREMER,IA 3,IA 3/IOWA 3,Collision with:  Animal,,,Animal,None Indicated,,,,,,,Paved,,Property Damage Only,0,0,0,0,0,0,2000,1,1,,POINT (-92.16255289076 42.714785793447)
2014791444,14-7921,03/17/2014,03-March,2-Monday,12:17,1200 Hours,District 3 (Northwest),SIOUX CITY,WOODBURY,,SERGEANT RD & S LAKEPORT ST,Collision with:  Vehicle in traffic,On Roadway,Rear-end (front to rear),FTYROW:  From parked position,None Indicated,,Daylight,Dry,Clear,None apparent,Intersection:  Four-way intersection,Paved,,Possible/Unknown,0,2,0,0,2,0,800,2,3,,POINT (-96.346454868648 42.447345732133)
2014791860,14000322,03/17/2014,03-March,2-Monday,20:53,2000 Hours,District 1 (Central),,STORY,,Co Rd E57/280TH ST,Collision with:  Animal,,,Animal,None Indicated,,,,,,,Paved,,Property Damage Only,0,0,0,0,0,0,3000,1,1,,POINT (-93.637326576999 41.95034943336)
2014791057,20140007100,03/17/2014,03-March,2-Monday,00:31,0000 Hours,District 1 (Central),DES MOINES,POLK,US 6,US 6/E EUCLID AVE,Collision with fixed object:  Curb/island/raised median,Roadside,Non-collision (single vehicle),Over correcting/over steering,None Indicated,,Dark - roadway lighted,Dry,Cloudy,None apparent,Non-intersection:  Non-junction/no special feature,Paved,,Property Damage Only,0,0,0,0,0,0,1500,1,2,,POINT (-93.577980354245 41.627773478891)
2014791445,14-7962,03/17/2014,03-March,2-Monday,18:25,1800 Hours,District 3 (Northwest),SIOUX CITY,WOODBURY,US 20,US 20/RAMP,Collision with:  Vehicle in traffic,On Roadway,Rear-end (front to rear),"Operating vehicle in an reckless, erratic, careless, negligent manner",Drug,,Daylight,Dry,Cloudy,None apparent,Intersection:  Intersection with ramp,Paved,,Possible/Unknown,0,1,0,0,1,0,14000,2,2,,POINT (-96.32678131104 42.45925582686)
2014791010,14-1745,03/17/2014,03-March,2-Monday,07:00,0700 Hours,District 1 (Central),POLK CITY,POLK,IA 415,IA 415/NW POLK CITY DR,Collision with:  Animal,,,Animal,None Indicated,,,,,,,Paved,,Property Damage Only,0,0,0,0,0,0,2000,1,1,,POINT (-93.682486659494 41.750876761681)
2014791864,14-002861,03/17/2014,03-March,2-Monday,14:50,1400 Hours,District 1 (Central),,TAMA,,Co Rd E66/HWY E66,Collision with:  Vehicle in traffic,On Roadway,"Angle, oncoming left turn",FTYROW:  From driveway,None Indicated,,Daylight,Dry,Clear,None apparent,Non-intersection:  Driveway access (within),Paved,,Property Damage Only,0,0,0,0,0,0,8000,2,2,,POINT (-92.345901032734 41.911553259707)
2014850889,14-001889,03/17/2014,03-March,2-Monday,21:53,2100 Hours,District 5 (Southeast),,LOUISA,,Co Rd G62/COUNTY RD G62,,On Roadway,Non-collision (single vehicle),Swerving/Evasive Action,None Indicated,,Dark - roadway not lighted,Dry,Clear,None apparent,Non-intersection:  Non-junction/no special feature,Paved,,Minor Injury,0,1,0,1,0,0,0,1,1,,POINT (-91.212815854311 41.182435189277)
2014791442,14-0742,03/17/2014,03-March,2-Monday,14:31,1400 Hours,District 1 (Central),FORT DODGE,WEBSTER,,S 14TH ST,Collision with:  Parked motor vehicle,On Roadway,Unknown,Unknown,None Indicated,,Daylight,Unknown,Unknown,None apparent,Non-intersection:  Non-junction/no special feature,Paved,,Property Damage Only,0,0,0,0,0,0,2000,2,1,,POINT (-94.179446910801 42.502719629652)
2014791451,BP14000219,03/17/2014,03-March,2-Monday,17:19,1700 Hours,District 2 (Northeast),BELMOND,WRIGHT,,5TH AVE NE,Non-collision events:  Other non-collision (explain in narrative),On Roadway,Broadside (front to side),Lost Control,None Indicated,,Daylight,Dry,Clear,None apparent,Non-intersection:  Non-junction/no special feature,Paved,,Property Damage Only,0,0,0,0,0,0,1500,2,1,,POINT (-93.610334054274 42.849050771452)
2014792070,201400012878,03/17/2014,03-March,2-Monday,10:54,1000 Hours,District 5 (Southeast),OTTUMWA,WAPELLO,,S JEFFERSON ST,Collision with:  Vehicle in traffic,On Roadway,Rear-end (front to rear),Driving too fast for conditions,None Indicated,,Daylight,Dry,Cloudy,None apparent,Non-intersection:  Other non-intersection (explain in narrative),Paved,,Possible/Unknown,0,1,0,0,1,0,1500,3,5,,POINT (-92.409245279368 41.015312936138)
2014790982,201403739,03/17/2014,03-March,2-Monday,08:44,0800 Hours,District 6 (East Central),CEDAR RAPIDS,LINN,,30TH ST DR SE,Collision with:  Vehicle in traffic,On Roadway,Head-on (front to front),Crossed centerline (undivided),None Indicated,,Daylight,Dry,Clear,None apparent,Non-intersection:  Non-junction/no special feature,Paved,,Property Damage Only,0,0,0,0,0,0,10000,2,2,,POINT (-91.622776360978 42.007028742323)
2014791278,20140007176,03/17/2014,03-March,2-Monday,17:17,1700 Hours,District 1 (Central),DES MOINES,POLK,,AURORA AVE & 50TH ST,Collision with:  Vehicle in traffic,On Roadway,Broadside (front to side),FTYROW:  From stop sign,None Indicated,,Daylight,Dry,Cloudy,None apparent,Intersection:  Four-way intersection,Paved,,Property Damage Only,0,0,0,0,0,0,4000,2,2,,POINT (-93.687788651834 41.636734530629)
2014792381,201403766,03/17/2014,03-March,2-Monday,19:03,1900 Hours,District 6 (East Central),CEDAR RAPIDS,LINN,,4TH ST NE,Collision with fixed object:  Curb/island/raised median,Shoulder,Non-collision (single vehicle),Lost Control,Under Influence of Alcohol/Drugs/Medications,,Dark - roadway lighted,Dry,Clear,None apparent,Intersection:  T-intersection,Paved,,Minor Injury,0,1,0,1,0,0,11000,1,1,,POINT (-91.668607190679 41.982531712207)
2014791530,201403761,03/17/2014,03-March,2-Monday,18:25,1800 Hours,District 6 (East Central),CEDAR RAPIDS,LINN,,WILEY BLVD SW,Collision with:  Vehicle in traffic,On Roadway,"Sideswipe, same direction",Lost Control,None Indicated,,Daylight,Dry,Clear,None apparent,Non-intersection:  Non-junction/no special feature,Paved,,Property Damage Only,0,0,0,0,0,0,2000,2,3,,POINT (-91.725861105309 41.954640010347)
2014791257,14005528,03/17/2014,03-March,2-Monday,15:46,1500 Hours,District 6 (East Central),MARION,LINN,,8TH AVE & 15TH ST,Collision with:  Vehicle in traffic,On Roadway,Broadside (front to side),Ran Stop Sign,None Indicated,,Daylight,Dry,Cloudy,None apparent,Intersection:  Four-way intersection,Paved,,Property Damage Only,0,0,0,0,0,0,3500,2,3,,POINT (-91.59395647286 42.034220704003)
2014794467,,03/17/2014,03-March,2-Monday,19:42,1900 Hours,District 2 (Northeast),,WINNESHIEK,,Co Rd B16/CO RD B16,Collision with:  Animal,On Roadway,Non-collision (single vehicle),Animal,None Indicated,,Dark - roadway not lighted,Dry,Clear,None apparent,Non-intersection:  Non-junction/no special feature,Paved,,Property Damage Only,0,0,0,0,0,0,1500,1,1,,POINT (-91.921764896479 43.202736292841)
2014791926,14-2621,03/17/2014,03-March,2-Monday,14:22,1400 Hours,District 3 (Northwest),CARROLL,CARROLL,US 30,US 30,Non-collision events:  Other non-collision (explain in narrative),Shoulder,Non-collision (single vehicle),Lost Control,None Indicated,,Daylight,Dry,Clear,None apparent,Non-intersection:  Non-junction/no special feature,Paved,,Property Damage Only,0,0,0,0,0,0,10000,1,1,,POINT (-94.887074411912 42.078382816727)
2014791091,2014-16005,03/17/2014,03-March,2-Monday,11:31,1100 Hours,District 6 (East Central),DAVENPORT,SCOTT,US 6,US 6/SPRUCE HILLS DR,Collision with:  Vehicle in traffic,On Roadway,Rear-end (front to rear),Followed too close,None Indicated,,Daylight,Dry,Clear,None apparent,Non-intersection:  Non-junction/no special feature,Paved,,Property Damage Only,0,0,0,0,0,0,3000,2,4,,POINT (-90.526481518894 41.554919811142)
2014791379,P14-003018,03/17/2014,03-March,2-Monday,14:32,1400 Hours,District 1 (Central),WEBSTER CITY,HAMILTON,,BREWER ST,Collision with:  Parked motor vehicle,Shoulder,Unknown,Unknown,None Indicated,,Daylight,Dry,Clear,None apparent,Non-intersection:  Non-junction/no special feature,Paved,,Property Damage Only,0,0,0,0,0,0,1500,2,1,,POINT (-93.820359651754 42.456212718303)
2014791291,14-010391,03/17/2014,03-March,2-Monday,14:00,1400 Hours,District 4 (Southwest),COUNCIL BLUFFS,POTTAWATTAMIE,I-29,I-29 & IA 192/S EXPRESSWAY & 30TH AVE,Collision with:  Vehicle in traffic,On Roadway,"Sideswipe, same direction",Other (explain in narrative):  Other,None Indicated,,Daylight,Dry,Clear,None apparent,Non-intersection:  Non-junction/no special feature,Paved,,Property Damage Only,0,0,0,0,0,0,4000,2,4,,POINT (-95.851337557948 41.230669294291)
2014791591,,03/17/2014,03-March,2-Monday,08:00,0800 Hours,District 6 (East Central),CAMANCHE,CLINTON,,MIDDLE RD & HIAWATHA LN,Collision with:  Vehicle in traffic,On Roadway,Head-on (front to front),Crossed centerline (undivided),None Indicated,,Daylight,Dry,Clear,None apparent,Intersection:  Four-way intersection,Paved,,Property Damage Only,0,0,0,0,0,0,2000,2,2,,POINT (-90.261648501873 41.794155782018)
2014791279,20140007190,03/17/2014,03-March,2-Monday,19:35,1900 Hours,District 1 (Central),DES MOINES,POLK,,ARMY POST RD & SW 7TH ST,Collision with:  Vehicle in traffic,On Roadway,Broadside (front to side),Other (explain in narrative):  Other,None Indicated,,Dark - roadway lighted,Dry,Clear,None apparent,Non-intersection:  Non-junction/no special feature,Paved,,Possible/Unknown,0,1,0,0,1,0,6500,2,2,,POINT (-93.623619931724 41.526437361607)
2014792673,,03/17/2014,03-March,2-Monday,22:03,2200 Hours,District 5 (Southeast),FORT MADISON,LEE,US 61,US 61,Collision with:  Animal,On Roadway,Non-collision (single vehicle),Animal,None Indicated,,Dark - unknown roadway lighting,Dry,Clear,None apparent,Non-intersection:  Non-junction/no special feature,Paved,,Property Damage Only,0,0,0,0,0,0,1500,1,1,,POINT (-91.362377376456 40.653593505295)
2014791364,CL14000778,03/17/2014,03-March,2-Monday,14:14,1400 Hours,District 6 (East Central),CLINTON,CLINTON,US 67,US 67/N 2ND ST,Collision with:  Vehicle in traffic,On Roadway,Rear-end (front to rear),Followed too close,None Indicated,,Daylight,Dry,Clear,None apparent,Non-intersection:  Non-junction/no special feature,Paved,,Property Damage Only,0,0,0,0,0,0,2500,2,2,,POINT (-90.183698958575 41.862019149793)
2014791365,140661,03/17/2014,03-March,2-Monday,15:30,1500 Hours,District 3 (Northwest),DENISON,CRAWFORD,,N 36TH ST,Collision with:  Vehicle in traffic,Outside trafficway,Broadside (front to side),FTYROW:  Other (explain in narrative),None Indicated,,Daylight,Dry,Clear,None apparent,Non-intersection:  Driveway access (within),Paved,,Property Damage Only,0,0,0,0,0,0,2000,2,2,,POINT (-95.319218636878 42.018523303604)
2014791318,2014017925,03/17/2014,03-March,2-Monday,08:22,0800 Hours,District 6 (East Central),,CEDAR,I-80,I-80,Collision with:  Vehicle in traffic,On Roadway,"Sideswipe, same direction",Other (explain in narrative):  Other,None Indicated,,Daylight,Dry,Clear,None apparent,Non-intersection:  Non-junction/no special feature,Paved,,Property Damage Only,0,0,0,0,0,0,7500,2,2,,POINT (-91.074202137925 41.643778728071)
2014791273,20140007147,03/17/2014,03-March,2-Monday,13:00,1300 Hours,District 1 (Central),DES MOINES,POLK,,ARMY POST RD & SW 9TH ST,Collision with:  Vehicle in traffic,On Roadway,Rear-end (front to rear),Followed too close,Under Influence of Alcohol/Drugs/Medications,,Daylight,Dry,Clear,None apparent,Intersection:  Four-way intersection,Paved,,Property Damage Only,0,0,0,0,0,0,3000,2,3,,POINT (-93.625717923377 41.526480009209)
2014791393,2014002983,03/17/2014,03-March,2-Monday,21:11,2100 Hours,District 6 (East Central),IOWA CITY,JOHNSON,US 6,US 6 & BOYRUM ST,Collision with:  Vehicle in traffic,On Roadway,Broadside (front to side),Driver Distraction:  Passenger,None Indicated,,Dark - roadway lighted,Dry,Cloudy,None apparent,Intersection:  Four-way intersection,Paved,,Property Damage Only,0,0,0,0,0,0,5000,2,3,,POINT (-91.527804228832 41.644297500586)
2014791297,14-4980,03/17/2014,03-March,2-Monday,10:22,1000 Hours,District 6 (East Central),BETTENDORF,SCOTT,,SPRUCE HILLS DR,Collision with:  Vehicle in traffic,On Roadway,Rear-end (front to rear),Followed too close,None Indicated,,Daylight,Dry,Clear,None apparent,Non-intersection:  Driveway access (within),Paved,,Property Damage Only,0,0,0,0,0,0,3200,3,3,,POINT (-90.502680895584 41.54963170411)
2014791268,20140007209,03/17/2014,03-March,2-Monday,22:45,2200 Hours,District 1 (Central),DES MOINES,POLK,,2ND AVE,Collision with:  Parked motor vehicle,On Roadway,Rear-end (front to rear),Lost Control,None Indicated,,Dark - roadway lighted,Dry,Clear,None apparent,Non-intersection:  Non-junction/no special feature,Paved,,Property Damage Only,0,0,0,0,0,0,6500,2,1,,POINT (-93.619506136249 41.586448222951)
2014791535,201403787,03/17/2014,03-March,2-Monday,23:25,2300 Hours,District 6 (East Central),CEDAR RAPIDS,LINN,,COLDSTREAM AVE NE,Collision with fixed object:  Utility pole/light support,Roadside,Non-collision (single vehicle),Ran off road - left,None Indicated,,Dark - roadway lighted,Dry,Clear,None apparent,Non-intersection:  Non-junction/no special feature,Paved,,Property Damage Only,0,0,0,0,0,0,8100,1,1,,POINT (-91.672036585476 42.008023575124)
2014794135,20140007188,03/17/2014,03-March,2-Monday,19:03,1900 Hours,District 1 (Central),DES MOINES,POLK,,LOCUST ST & 7TH ST,Collision with:  Parked motor vehicle,On Roadway,"Sideswipe, same direction",Improper or erratic lane changing,None Indicated,,Dusk,Dry,Cloudy,None apparent,Intersection:  Four-way intersection,Paved,,Property Damage Only,0,0,0,0,0,0,1700,2,1,,POINT (-93.626189921067 41.586583152241)
2014791383,14-060317-02,03/17/2014,03-March,2-Monday,23:50,2300 Hours,District 6 (East Central),,IOWA,IA 220,IA 220/220TH TRL,Collision with:  Animal,,,Animal,None Indicated,,,,,,,Paved,,Property Damage Only,0,0,0,0,0,0,3500,1,1,,POINT (-91.91968077158 41.797623604846)
2014791446,14-7968,03/17/2014,03-March,2-Monday,19:05,1900 Hours,District 3 (Northwest),SIOUX CITY,WOODBURY,,JAY AVE,Collision with fixed object:  Other fixed object (explain in narrative),On Roadway,Non-collision (single vehicle),Ran off road - left,None Indicated,,Dusk,Dry,Clear,None apparent,Non-intersection:  Non-junction/no special feature,Paved,,Property Damage Only,0,0,0,0,0,0,6500,1,1,,POINT (-96.369186116806 42.483048431365)
2014791300,14-0743,03/17/2014,03-March,2-Monday,13:55,1300 Hours,District 1 (Central),FORT DODGE,WEBSTER,,9TH AVE S,Collision with:  Vehicle in traffic,On Roadway,"Sideswipe, same direction",Swerving/Evasive Action,None Indicated,,Daylight,Dry,Clear,None apparent,Non-intersection:  Non-junction/no special feature,Paved,,Property Damage Only,0,0,0,0,0,0,9000,2,4,,POINT (-94.170102418542 42.495682902569)
2014791292,14-010408,03/17/2014,03-March,2-Monday,16:09,1600 Hours,District 4 (Southwest),COUNCIL BLUFFS,POTTAWATTAMIE,,5TH AVE & S 28TH ST,Collision with:  Vehicle in traffic,On Roadway,Broadside (front to side),FTYROW:  From stop sign,None Indicated,,Daylight,Dry,Clear,None apparent,Intersection:  Four-way intersection,Paved,,Property Damage Only,0,0,0,0,0,0,17500,2,2,,POINT (-95.889085959824 41.257232975148)
2014793035,14003629,03/17/2014,03-March,2-Monday,12:05,1200 Hours,District 5 (Southeast),CENTERVILLE,APPANOOSE,,S 12TH ST,Collision with:  Vehicle in traffic,On Roadway,Unknown,FTYROW:  From driveway,None Indicated,,Daylight,Dry,Clear,None apparent,Non-intersection:  Driveway access (within),Paved,,Property Damage Only,0,0,0,0,0,0,1500,2,2,,POINT (-92.875032521459 40.728281926871)
2014791043,20140007140,03/17/2014,03-March,2-Monday,12:20,1200 Hours,District 1 (Central),DES MOINES,POLK,,WOODLAND AVE & 31ST ST,Collision with:  Vehicle in traffic,On Roadway,Broadside (front to side),Other (explain in narrative):  Other,None Indicated,,Daylight,Dry,Clear,None apparent,Non-intersection:  Non-junction/no special feature,Paved,,Property Damage Only,0,0,0,0,0,0,6000,2,2,,POINT (-93.659317516636 41.588064290395)
2014790926,1403172711,03/17/2014,03-March,2-Monday,06:07,0600 Hours,District 6 (East Central),DE WITT,CLINTON,US 61,US 61,Collision with fixed object:  Concrete traffic barrier (median or right side),Shoulder,Non-collision (single vehicle),Swerving/Evasive Action,Alcohol (< Statutory),,Dark - roadway not lighted,Dry,Clear,None apparent,Non-intersection:  Other non-intersection (explain in narrative),Paved,,Property Damage Only,0,0,0,0,0,0,7000,1,1,,POINT (-90.5687894032 41.840463493935)
2014791287,14-0202,03/17/2014,03-March,2-Monday,16:45,1600 Hours,District 1 (Central),WINDSOR HEIGHTS,POLK,IA 28,IA 28/63RD ST & UNIVERSITY AVE,Collision with:  Vehicle in traffic,On Roadway,Rear-end (front to rear),Followed too close,None Indicated,,Daylight,Dry,Clear,None apparent,Non-intersection:  Non-junction/no special feature,Paved,,Possible/Unknown,0,1,0,0,1,0,3000,3,7,,POINT (-93.703662600052 41.600411548357)
2014791320,2014018084,03/17/2014,03-March,2-Monday,20:30,2000 Hours,District 1 (Central),,WEBSTER,US 20,US 20/235TH ST,Collision with:  Animal,,,Animal,None Indicated,,,,,,,Paved,,Property Damage Only,0,0,0,0,0,0,2000,1,1,,POINT (-94.103688968954 42.449709899099)
2014794555,20140917,03/17/2014,03-March,2-Monday,14:15,1400 Hours,District 1 (Central),,GRUNDY,US 20,US 20,Collision with:  Vehicle in traffic,On Roadway,"Sideswipe, same direction",Crossed centerline (undivided),None Indicated,,Daylight,Dry,Clear,None apparent,Non-intersection:  Non-junction/no special feature,Paved,,Property Damage Only,0,0,0,0,0,0,3100,2,3,,POINT (-92.898216621625 42.46357022136)
2014792644,2014017992,03/17/2014,03-March,2-Monday,13:50,1300 Hours,District 6 (East Central),,IOWA,I-80,I-80,Collision with fixed object:  Guardrail - face,Shoulder,Non-collision (single vehicle),Swerving/Evasive Action,None Indicated,,Daylight,Dry,Clear,Other (explain in narrative),Non-intersection:  Non-junction/no special feature,Paved,,Property Damage Only,0,0,0,0,0,0,8400,1,5,,POINT (-91.896592932723 41.68746616442)
2014791280,20140007193,03/17/2014,03-March,2-Monday,20:08,2000 Hours,District 1 (Central),DES MOINES,POLK,,INDIANOLA RD & SW 7TH ST,Collision with:  Vehicle in traffic,On Roadway,Rear-end (front to rear),Other (explain in narrative):  Other,Alcohol (Statutory),,Dark - roadway lighted,Dry,Cloudy,None apparent,Intersection:  T-intersection,Paved,,Minor Injury,0,1,0,1,0,0,9000,2,2,,POINT (-93.621249585609 41.57308104219)
2014791944,ED3172014,03/17/2014,03-March,2-Monday,08:15,0800 Hours,District 5 (Southeast),OSCEOLA,CLARKE,,E FAYETTE ST,Collision with:  Parked motor vehicle,On Roadway,Rear-end (front to rear),Other (explain in narrative):  Vision obstructed,None Indicated,,Daylight,Dry,Clear,None apparent,Non-intersection:  Non-junction/no special feature,Paved,,Property Damage Only,0,0,0,0,0,0,10000,2,3,,POINT (-93.761002079999 41.026565638765)
2014791411,20140007129,03/17/2014,03-March,2-Monday,10:30,1000 Hours,District 1 (Central),DES MOINES,POLK,,MADISON AVE & 54TH ST,Collision with:  Vehicle in traffic,On Roadway,"Sideswipe, opposite direction",FTYROW:  Making left turn,None Indicated,,Daylight,Dry,Cloudy,None apparent,Intersection:  Four-way intersection,Paved,,Property Damage Only,0,0,0,0,0,0,4500,2,2,,POINT (-93.692588036121 41.633066818899)
2014791155,14-7884,03/17/2014,03-March,2-Monday,03:11,0300 Hours,District 3 (Northwest),SIOUX CITY,WOODBURY,,16TH ST & INGLESIDE AVE,Collision with:  Parked motor vehicle,On Roadway,Rear-end (front to rear),Lost Control,Drug,,Dark - roadway lighted,Dry,Clear,None apparent,Non-intersection:  Non-junction/no special feature,Paved,,Property Damage Only,0,0,0,0,0,0,2000,2,1,,POINT (-96.399316480465 42.507676439597)
2014791281,20140007196,03/17/2014,03-March,2-Monday,20:48,2000 Hours,District 1 (Central),DES MOINES,POLK,,6TH AVE,Collision with fixed object:  Utility pole/light support,On Roadway,Non-collision (single vehicle),"Operating vehicle in an reckless, erratic, careless, negligent manner",Alcohol (Statutory),,Dark - roadway lighted,Dry,Cloudy,None apparent,Non-intersection:  Non-junction/no special feature,Paved,,Minor Injury,0,2,0,2,0,0,4500,1,2,,POINT (-93.625364582918 41.58808284754)
2014790943,14-8853,03/17/2014,03-March,2-Monday,09:52,0900 Hours,District 5 (Southeast),BURLINGTON,DES MOINES,,VALLEY ST & 5TH ST,Collision with:  Vehicle in traffic,On Roadway,Broadside (front to side),FTYROW:  From stop sign,None Indicated,,Daylight,Dry,Clear,None apparent,Intersection:  Four-way intersection,Paved,,Property Damage Only,0,0,0,0,0,0,5000,2,2,,POINT (-91.105302570229 40.809569024852)
2014791328,2014017950,03/17/2014,03-March,2-Monday,10:58,1000 Hours,District 6 (East Central),,IOWA,I-80,I-80,Collision with fixed object:  Guardrail - face,On Roadway,Non-collision (single vehicle),Equipment failure,None Indicated,,Daylight,Dry,Cloudy,None apparent,Non-intersection:  Non-junction/no special feature,Paved,,Property Damage Only,0,0,0,0,0,0,14300,1,2,,POINT (-91.988028517026 41.687028741007)
2014791403,14003251,03/17/2014,03-March,2-Monday,15:10,1500 Hours,District 4 (Southwest),MALVERN,MILLS,,MAIN ST,Collision with fixed object:  Culvert/pipe opening,On Roadway,Non-collision (single vehicle),Swerving/Evasive Action,None Indicated,,Daylight,Dry,Clear,None apparent,Non-intersection:  Driveway access (within),Paved,,Minor Injury,0,1,0,1,0,0,7000,1,1,,POINT (-95.58517034865 41.013435720115)
2014792332,14-26050,03/17/2014,03-March,2-Monday,07:49,0700 Hours,District 2 (Northeast),,BLACK HAWK,US 63,US 63/HUDSON RD & Co Rd D52/W TAMA RD,Collision with:  Vehicle in traffic,On Roadway,Broadside (front to side),FTYROW:  Making left turn,None Indicated,,Daylight,Dry,Clear,None apparent,Intersection:  Four-way intersection,Paved,,Minor Injury,0,3,0,3,0,0,19000,3,4,,POINT (-92.455639508004 42.311733097384)
2014791360,14004051,03/17/2014,03-March,2-Monday,17:06,1700 Hours,District 2 (Northeast),MASON CITY,CERRO GORDO,US 65,US 65/S FEDERAL AVE & IA 122/6TH ST SW/6TH ST SE,Collision with:  Vehicle in traffic,On Roadway,Broadside (front to side),Ran Traffic Signal,None Indicated,,Daylight,Dry,Clear,None apparent,Intersection:  Four-way intersection,Paved,,Property Damage Only,0,0,0,0,0,0,3000,2,2,,POINT (-93.201070328058 43.146210043319)
2014791319,2014017990,03/17/2014,03-March,2-Monday,13:15,1300 Hours,District 2 (Northeast),,FRANKLIN,I-35,I-35,Collision with:  Vehicle in traffic,On Roadway,Rear-end (front to rear),Swerving/Evasive Action,None Indicated,,Daylight,Dry,Cloudy,None apparent,Non-intersection:  Non-junction/no special feature,Paved,,Property Damage Only,0,0,0,0,0,0,20000,2,2,,POINT (-93.469102525204 42.653433536541)
2014791042,20140007112,03/17/2014,03-March,2-Monday,07:45,0700 Hours,District 1 (Central),DES MOINES,POLK,,LELAND AVE,Collision with:  Parked motor vehicle,On Roadway,Rear-end (front to rear),FTYROW:  Other (explain in narrative),None Indicated,,Daylight,Dry,Clear,None apparent,Non-intersection:  Non-junction/no special feature,Paved,,Property Damage Only,0,0,0,0,0,0,2750,2,1,,POINT (-93.626490565543 41.528295286577)
2014790950,01-14-10905,03/17/2014,03-March,2-Monday,03:14,0300 Hours,District 6 (East Central),DUBUQUE,DUBUQUE,US 52,US 52/KERRIGAN RD,Collision with fixed object:  Curb/island/raised median,On Roadway,Non-collision (single vehicle),Crossed centerline (undivided),Refused,,Dark - roadway lighted,Dry,Clear,None apparent,Intersection:  T-intersection,Paved,,Possible/Unknown,0,1,0,0,1,0,7500,1,1,,POINT (-90.662582964221 42.494204573665)
2014791012,14-1744,03/17/2014,03-March,2-Monday,02:40,0200 Hours,District 1 (Central),DES MOINES,POLK,,NE BROADWAY AVE & NE BROADWAY AND NE 46TH,Collision with fixed object:  Ditch,Shoulder,Non-collision (single vehicle),Ran off road - left,None Indicated,,Dark - roadway lighted,Dry,Cloudy,None apparent,Non-intersection:  Non-junction/no special feature,Paved,,Property Damage Only,0,0,0,0,0,0,3200,1,1,,POINT (-93.607773436268 41.644048916123)