Iowa DOT Case Number,Law Enforcement Case Number,Date of Crash,Month of Crash,Day of Week,Time of Crash,Hour,DOT District,City Name,County Name,Route with System,Location Description,First Harmful Event,Location of First Harmful Event,Manner of Crash/Collision,Major Cause,Drug or Alcohol ,Environmental Conditions,Light Conditions,Surface Conditions,Weather Conditions,Roadway Contribution,Roadway Type,Roadway Surface,Work Zone,Crash Severity,Number of Fatalities,Number of Injuries,Number of Major Injuries,Number of Minor Injuries,Number of Possible Injuries,Number of Unknown Injuries,Amount of Property Damage,Number of Vehicles Involved,Total Number of Occupants,Travel Direction,Location
2014791286,14-1315,03/18/2014,03-March,3-Tuesday,12:55,1200 Hours,District 1 (Central),WEST DES MOINES,POLK,,S 50TH ST,Collision with:  Vehicle in traffic,On Roadway,Broadside (front to side),FTYROW:  From driveway,None Indicated,,Daylight,Dry,Cloudy,None apparent,Non-intersection:  Driveway access (within),Paved,,Property Damage Only,0,0,0,0,0,0,5500,2,2,,POINT (-93.77088803038 41.558249921686)
2014792269,2014-16260,03/18/2014,03-March,3-Tuesday,14:15,1400 Hours,District 6 (East Central),DAVENPORT,SCOTT,,,Collision with:  Parked motor vehicle,On Roadway,Head-on (front to front),Illegally Parked/Unattended,None Indicated,,Daylight,Dry,Clear,None apparent,Non-intersection:  Non-junction/no special feature,,,Property Damage Only,0,0,0,0,0,0,3000,2,1,,POINT (-96.643700149993 40.233091251414)
2014794954,SO14-0340,03/19/2014,03-March,4-Wednesday,17:55,1700 Hours,District 2 (Northeast),,WRIGHT,IA 3,IA 3/IOWA 3,Collision with:  Animal,,,Animal,None Indicated,,,,,,,Paved,,Property Damage Only,0,0,0,0,0,0,2500,1,1,,POINT (-93.812315944033 42.731761963192)
2014792744,14-2576,03/19/2014,03-March,4-Wednesday,13:29,1300 Hours,District 3 (Northwest),IDA GROVE,IDA,,BURNS ST,Collision with:  Vehicle in traffic,On Roadway,Broadside (front to side),FTYROW:  From parked position,None Indicated,,Daylight,Dry,Clear,None apparent,Non-intersection:  Alley,Paved,,Property Damage Only,0,0,0,0,0,0,2500,2,2,,POINT (-95.469950045259 42.344592912848)
2014791558,14-1843,03/19/2014,03-March,4-Wednesday,17:30,1700 Hours,District 1 (Central),GRIMES,POLK,,SE 37TH ST & NW 114TH ST,Collision with:  Vehicle in traffic,On Roadway,Broadside (front to side),FTYROW:  From stop sign,None Indicated,,Daylight,Dry,Clear,None apparent,Intersection:  T-intersection,Paved,,Possible/Unknown,0,1,0,0,1,0,5000,2,3,,POINT (-93.774292525225 41.658513044334)
2014791605,14004138,03/19/2014,03-March,4-Wednesday,08:00,0800 Hours,District 2 (Northeast),MASON CITY,CERRO GORDO,,12TH ST NW,Collision with fixed object:  Ditch,On Roadway,Non-collision (single vehicle),Driving too fast for conditions,None Indicated,,Daylight,Ice/frost,Cloudy,"Surface condition (e.g., wet, icy)",Non-intersection:  Non-junction/no special feature,Paved,,Property Damage Only,0,0,0,0,0,0,5000,1,1,,POINT (-93.225788753896 43.162831897967)
2014791494,201401131,03/19/2014,03-March,4-Wednesday,06:01,0600 Hours,District 1 (Central),,BOONE,,Co Rd E41/216TH DR,Non-collision events:  Overturn/rollover,On Roadway,Non-collision (single vehicle),Ran off road - left,None Indicated,,Dark - roadway not lighted,Ice/frost,Snow,"Surface condition (e.g., wet, icy)",Non-intersection:  Non-junction/no special feature,Paved,,Major Injury,0,1,1,0,0,0,8200,1,1,,POINT (-93.991342718505 42.038164937423)
2014791566,14-0207,03/19/2014,03-March,4-Wednesday,17:04,1700 Hours,District 1 (Central),WINDSOR HEIGHTS,POLK,,UNIVERSITY AVE & 66TH ST,Collision with:  Vehicle in traffic,On Roadway,"Angle, oncoming left turn",Unknown,None Indicated,,Daylight,Dry,Clear,None apparent,Intersection:  Four-way intersection,Paved,,Property Damage Only,0,0,0,0,0,0,26000,2,2,,POINT (-93.708654392357 41.600398900484)
2014791737,141182,03/19/2014,03-March,4-Wednesday,23:00,2300 Hours,District 1 (Central),,HARDIN,,120TH ST,Collision with fixed object:  Ditch,Shoulder,Non-collision (single vehicle),Exceeded authorized speed,None Indicated,,Dark - roadway not lighted,"Mud, dirt",Clear,None apparent,Non-intersection:  Non-junction/no special feature,Unpaved,,Minor Injury,0,1,0,1,0,0,25000,1,1,,POINT (-93.409815710577 42.529805367635)
2014791538,201403850,03/19/2014,03-March,4-Wednesday,08:56,0800 Hours,District 6 (East Central),CEDAR RAPIDS,LINN,IA 922,IA 922/1ST AVE E & 8TH ST SE & 8TH ST NE,Collision with:  Vehicle in traffic,On Roadway,Broadside (front to side),Traveling wrong way or on wrong side of road,None Indicated,,Daylight,Wet,Cloudy,None apparent,Intersection:  Four-way intersection,Paved,,Possible/Unknown,0,2,0,0,2,0,14500,3,4,,POINT (-91.662040617253 41.982527407866)
2014794050,B14-510,03/19/2014,03-March,4-Wednesday,20:36,2000 Hours,District 3 (Northwest),SERGEANT BLUFF,WOODBURY,,S LEWIS BLVD,Collision with fixed object:  Other fixed object (explain in narrative),On Roadway,Non-collision (single vehicle),Over correcting/over steering,None Indicated,,Dark - roadway lighted,Dry,Cloudy,None apparent,Intersection:  Four-way intersection,Paved,,Minor Injury,0,1,0,1,0,0,1600,1,1,,POINT (-96.354785214829 42.400701273176)
2014791525,14-376,03/19/2014,03-March,4-Wednesday,16:30,1600 Hours,District 3 (Northwest),SPIRIT LAKE,DICKINSON,US 71,US 71 & 22ND ST,Collision with:  Vehicle in traffic,On Roadway,"Angle, oncoming left turn",FTYROW:  Making left turn,None Indicated,,Daylight,Dry,Clear,None apparent,Intersection:  Four-way intersection,Paved,,Major Injury,0,2,1,1,0,0,25500,2,2,,POINT (-95.126404340796 43.419569151551)
2014793066,2014003033,03/19/2014,03-March,4-Wednesday,15:04,1500 Hours,District 6 (East Central),IOWA CITY,JOHNSON,US 6,US 6,Collision with:  Animal,On Roadway,Broadside (front to side),Animal,None Indicated,,Daylight,Dry,Cloudy,None apparent,Non-intersection:  Non-junction/no special feature,Paved,,Property Damage Only,0,0,0,0,0,0,2000,2,2,,POINT (-91.496363681875 41.634685422174)
2014796195,14-012,03/19/2014,03-March,4-Wednesday,01:00,0100 Hours,District 3 (Northwest),,CALHOUN,US 20,US 20/US20,Collision with:  Vehicle in traffic,On Roadway,"Sideswipe, same direction",Crossed centerline (undivided),None Indicated,,Dark - roadway not lighted,Snow,Snow,"Surface condition (e.g., wet, icy)",Non-intersection:  Non-junction/no special feature,Paved,,Property Damage Only,0,0,0,0,0,0,3050,2,5,,POINT (-94.577615933891 42.449668378543)
2014791582,S14-2742,03/19/2014,03-March,4-Wednesday,15:21,1500 Hours,District 3 (Northwest),,WOODBURY,I-29,I-29,Collision with:  Vehicle in traffic,On Roadway,"Sideswipe, opposite direction",Crossed centerline (undivided),None Indicated,,Daylight,Dry,Clear,None apparent,Non-intersection:  Non-junction/no special feature,Paved,,Major Injury,0,2,2,0,0,0,40300,4,6,,POINT (-96.341492533674 42.359263321042)
2014791601,14-002300,03/19/2014,03-March,4-Wednesday,07:54,0700 Hours,District 6 (East Central),INDEPENDENCE,BUCHANAN,IA 150,IA 150/3RD AVE SE & ENTERPRISE DR,Collision with:  Vehicle in traffic,On Roadway,Rear-end (front to rear),"Operating vehicle in an reckless, erratic, careless, negligent manner",None Indicated,,Daylight,Wet,Rain,None apparent,Intersection:  Four-way intersection,Paved,,Property Damage Only,0,0,0,0,0,0,2500,2,2,,POINT (-91.890239032589 42.45130833435)
2014792133,,03/19/2014,03-March,4-Wednesday,07:03,0700 Hours,District 2 (Northeast),FLOYD,FLOYD,US 18,US 18,,On Roadway,Non-collision (single vehicle),Swerving/Evasive Action,None Indicated,,Dawn,,Cloudy,,,Paved,,Property Damage Only,0,0,0,0,0,0,3000,1,4,,POINT (-92.741399054273 43.123141063434)
2014791693,14026971,03/19/2014,03-March,4-Wednesday,20:55,2000 Hours,District 2 (Northeast),CEDAR FALLS,BLACK HAWK,,UNIVERSITY AVE,Non-collision events:  Other non-collision (explain in narrative),On Roadway,Non-collision (single vehicle),Ran off road - right,None Indicated,,Dark - roadway lighted,Dry,Clear,"Surface condition (e.g., wet, icy)",Non-intersection:  Non-junction/no special feature,Paved,,Possible/Unknown,0,1,0,0,1,0,4000,1,1,,POINT (-92.419081469843 42.509072845767)
2014792663,,03/19/2014,03-March,4-Wednesday,07:05,0700 Hours,District 4 (Southwest),,MILLS,,Co Rd L35/221ST ST,Collision with:  Animal,On Roadway,Non-collision (single vehicle),Animal,None Indicated,,Dawn,Dry,Clear,,Non-intersection:  Non-junction/no special feature,Paved,,Property Damage Only,0,0,0,0,0,0,5700,1,1,,POINT (-95.771505705308 41.118029706213)
2014792099,2014018515,03/19/2014,03-March,4-Wednesday,17:55,1700 Hours,District 3 (Northwest),MANSON,CALHOUN,,15TH ST,Collision with:  Railway vehicle/train,On Roadway,Broadside (front to side),Disregarded RR Signal,None Indicated,,Daylight,Dry,Clear,None apparent,Non-intersection:  Railroad grade crossing,Paved,,Possible/Unknown,0,1,0,0,1,0,20000,2,2,,POINT (-94.53036887868 42.526847751903)
2014791529,20140,03/19/2014,03-March,4-Wednesday,20:07,2000 Hours,District 6 (East Central),CEDAR RAPIDS,LINN,,16TH AVE SW & WEST POST RD SW,Collision with:  Vehicle in traffic,On Roadway,Broadside (front to side),Unknown,None Indicated,,Dark - roadway lighted,Dry,Clear,None apparent,Intersection:  Four-way intersection,Paved,,Possible/Unknown,0,1,0,0,1,0,3000,2,6,,POINT (-91.740411181679 41.96389714525)
2014792096,2014018319,03/19/2014,03-March,4-Wednesday,06:30,0600 Hours,District 1 (Central),WILLIAMS,HAMILTON,I-35,I-35,Collision with fixed object:  Tree,On Roadway,Non-collision (single vehicle),Driving too fast for conditions,None Indicated,,Daylight,Ice/frost,"Fog, smoke, smog",None apparent,Non-intersection:  Non-junction/no special feature,Paved,,Property Damage Only,0,0,0,0,0,0,5000,1,2,,POINT (-93.570335851818 42.416050039783)
2014792743,14-2556,03/19/2014,03-March,4-Wednesday,23:57,2300 Hours,District 3 (Northwest),,IDA,,Co Rd M15/JASPER AVE,Collision with fixed object:  Ditch,On Roadway,Non-collision (single vehicle),Lost Control,None Indicated,,Dark - roadway not lighted,Slush,Snow,"Surface condition (e.g., wet, icy)",Non-intersection:  Non-junction/no special feature,Paved,,Property Damage Only,0,0,0,0,0,0,5000,1,1,,POINT (-95.4783727895 42.286749679584)
2014791713,CL14000805,03/19/2014,03-March,4-Wednesday,22:00,2200 Hours,District 6 (East Central),CLINTON,CLINTON,US 67,US 67/N 3RD ST,Collision with:  Animal,On Roadway,Non-collision (single vehicle),Animal,None Indicated,,Dark - roadway not lighted,Dry,Cloudy,None apparent,Non-intersection:  Non-junction/no special feature,Paved,,Property Damage Only,0,0,0,0,0,0,1500,1,2,,POINT (-90.183668007706 41.899743085422)
2014791579,14-0150,03/19/2014,03-March,4-Wednesday,06:20,0600 Hours,District 1 (Central),FORT DODGE,WEBSTER,US 20,US 20/235TH ST,Collision with fixed object:  Other fixed object (explain in narrative),On Roadway,Non-collision (single vehicle),Driving too fast for conditions,None Indicated,,Dark - roadway not lighted,Ice/frost,Clear,None apparent,Non-intersection:  Non-junction/no special feature,Paved,,Property Damage Only,0,0,0,0,0,0,7000,1,1,,POINT (-94.149244267413 42.445164518516)
2014791632,2014002530,03/19/2014,03-March,4-Wednesday,21:11,2100 Hours,District 1 (Central),MARSHALLTOWN,MARSHALL,IA 14,IA 14/S CENTER ST & WESTWOOD DR,Collision with:  Vehicle in traffic,On Roadway,Rear-end (front to rear),Driver Distraction:  Manual operation of an electronic communication device,None Indicated,,Dark - roadway lighted,Dry,Clear,None apparent,Intersection:  T-intersection,Paved,,Property Damage Only,0,0,0,0,0,0,3500,2,4,,POINT (-92.91245352622 42.021058168438)
2014791553,14001443,03/19/2014,03-March,4-Wednesday,08:07,0800 Hours,District 3 (Northwest),SHELDON,OBRIEN,,2ND AVE & W 7TH ST,Collision with:  Vehicle in traffic,On Roadway,Broadside (front to side),FTYROW:  From stop sign,None Indicated,,Daylight,Ice/frost,Clear,None apparent,Intersection:  Four-way intersection,Paved,,Possible/Unknown,0,1,0,0,1,0,3000,2,2,,POINT (-95.855314208482 43.183347167147)
2014792965,2014-16475,03/19/2014,03-March,4-Wednesday,12:57,1200 Hours,District 6 (East Central),DAVENPORT,SCOTT,,DIXWELL ST,Collision with:  Parked motor vehicle,On Roadway,Rear-end (front to rear),Exceeded authorized speed,None Indicated,,Daylight,Dry,Cloudy,None apparent,Non-intersection:  Non-junction/no special feature,Paved,,Property Damage Only,0,0,0,0,0,0,6800,2,2,,POINT (-90.6086717414 41.517589527992)
2014791554,03-14-185,03/19/2014,03-March,4-Wednesday,13:34,1300 Hours,District 3 (Northwest),LE MARS,PLYMOUTH,,12TH ST SE & 2ND AVE SE,Collision with:  Vehicle in traffic,On Roadway,"Angle, oncoming left turn",FTYROW:  Making left turn,None Indicated,,Daylight,Dry,Cloudy,None apparent,Intersection:  T-intersection,Paved,,Property Damage Only,0,0,0,0,0,0,7000,2,23,,POINT (-96.163496632472 42.778754155342)
2014793448,AC-14-0016,03/19/2014,03-March,4-Wednesday,15:30,1500 Hours,District 6 (East Central),MONTICELLO,JONES,,S MAIN ST & OAK ST,Collision with:  Vehicle in traffic,On Roadway,Rear-end (front to rear),Swerving/Evasive Action,None Indicated,,Daylight,Dry,Cloudy,None apparent,Intersection:  T-intersection,Paved,,Property Damage Only,0,0,0,0,0,0,1600,2,2,,POINT (-91.18552600753 42.234033361291)
2014791470,2014018310,03/19/2014,03-March,4-Wednesday,02:45,0200 Hours,District 2 (Northeast),,WORTH,I-35,I-35 & Co Rd A15/MARKS HILL RD,Collision with fixed object:  Guardrail - face,Median,Non-collision (single vehicle),Ran off road - left,None Indicated,,Dark - roadway not lighted,Snow,Snow,"Surface condition (e.g., wet, icy)",Non-intersection:  Non-junction/no special feature,Paved,,Property Damage Only,0,0,0,0,0,0,5000,1,3,,POINT (-93.351009882812 43.476865989241)
2014791856,2014-16579,03/19/2014,03-March,4-Wednesday,21:39,2100 Hours,District 6 (East Central),DAVENPORT,SCOTT,,W LOCUST ST & GAINES ST,Collision with:  Vehicle in traffic,On Roadway,Broadside (front to side),Ran Traffic Signal,None Indicated,,Dark - roadway lighted,Dry,Clear,None apparent,Intersection:  Four-way intersection,Paved,,Property Damage Only,0,0,0,0,0,0,2000,2,2,,POINT (-90.582783679328 41.538294179511)
2014794953,SO14-0338,03/19/2014,03-March,4-Wednesday,06:00,0600 Hours,District 2 (Northeast),,WRIGHT,IA 3,IA 3/IOWA 3,Collision with fixed object:  Ditch,On Roadway,Non-collision (single vehicle),Crossed centerline (undivided),None Indicated,,Dawn,Ice/frost,Snow,"Surface condition (e.g., wet, icy)",Non-intersection:  Non-junction/no special feature,Paved,,Property Damage Only,0,0,0,0,0,0,3500,1,1,,POINT (-93.805511788583 42.731755988968)
2014792097,2014018351,03/19/2014,03-March,4-Wednesday,09:14,0900 Hours,District 6 (East Central),,IOWA,I-80,I-80,Collision with fixed object:  Guardrail - face,On Roadway,Non-collision (single vehicle),Ran off road - left,None Indicated,,Daylight,Dry,Cloudy,None apparent,Non-intersection:  Non-junction/no special feature,Paved,,Possible/Unknown,0,1,0,0,1,0,39200,1,1,,POINT (-91.957437363777 41.686962443578)
2014792270,2014-16470,03/19/2014,03-March,4-Wednesday,12:55,1200 Hours,District 6 (East Central),DAVENPORT,SCOTT,,S HOWELL ST,Collision with:  Parked motor vehicle,Roadside,Rear-end (front to rear),Made improper turn,None Indicated,,Daylight,Dry,Clear,None apparent,Intersection:  Four-way intersection,Paved,,Property Damage Only,0,0,0,0,0,0,3000,2,1,,POINT (-90.604952142055 41.518043463926)
2014791710,14-002131,03/19/2014,03-March,4-Wednesday,16:20,1600 Hours,District 4 (Southwest),ATLANTIC,CASS,US 6,US 6/7TH ST & PLUM ST,Collision with:  Vehicle in traffic,On Roadway,Rear-end (front to rear),Followed too close,None Indicated,,Daylight,Dry,Cloudy,None apparent,Non-intersection:  Non-junction/no special feature,Paved,,Possible/Unknown,0,1,0,0,0,1,4000,2,2,,POINT (-94.996380747315 41.403841280539)
2014791648,20140007369,03/19/2014,03-March,4-Wednesday,17:09,1700 Hours,District 1 (Central),DES MOINES,POLK,,BANCROFT ST & SW 9TH ST,Collision with:  Vehicle in traffic,On Roadway,Rear-end (front to rear),Followed too close,None Indicated,,Daylight,Dry,Cloudy,None apparent,Non-intersection:  Non-junction/no special feature,Paved,,Property Damage Only,0,0,0,0,0,0,4500,2,2,,POINT (-93.622802189572 41.569884065997)
2014791523,14-09226,03/19/2014,03-March,4-Wednesday,15:30,1500 Hours,District 5 (Southeast),BURLINGTON,DES MOINES,,LEEBRICK ST,Collision with:  Non-motorist (see non-motorist section - NOT a unit),On Roadway,Non-collision (single vehicle),Swerving/Evasive Action,None Indicated,,Daylight,Dry,Cloudy,Unknown,Non-intersection:  Non-junction/no special feature,Paved,,Possible/Unknown,0,1,0,0,1,0,0,1,2,,POINT (-91.120333779863 40.805419143738)
2014791618,P14-003088,03/19/2014,03-March,4-Wednesday,06:27,0600 Hours,District 1 (Central),WEBSTER CITY,HAMILTON,US 20,US 20,Collision with fixed object:  Ditch,On Roadway,Non-collision (single vehicle),Driving too fast for conditions,None Indicated,,Dawn,Ice/frost,Cloudy,"Surface condition (e.g., wet, icy)",Non-intersection:  Non-junction/no special feature,Paved,,Possible/Unknown,0,2,0,0,2,0,3000,1,2,,POINT (-93.833839008574 42.449180929239)
2014791500,031914-59,03/19/2014,03-March,4-Wednesday,05:42,0500 Hours,District 3 (Northwest),STORM LAKE,BUENA VISTA,IA 7,IA 7/FLINDT RD & E 4TH ST,Collision with:  Vehicle in traffic,On Roadway,Broadside (front to side),FTYROW:  From stop sign,None Indicated,,Dark - roadway lighted,Ice/frost,Cloudy,None apparent,Intersection:  Four-way intersection,Paved,,Possible/Unknown,0,1,0,0,1,0,14050,3,3,,POINT (-95.186433598408 42.642484853137)
2014791580,14-0151,03/19/2014,03-March,4-Wednesday,01:48,0100 Hours,District 1 (Central),,WEBSTER,IA 175,IA 175/IOWA 175 & RIVER RD,Unknown,Unknown,Non-collision (single vehicle),Unknown,None Indicated,,Unknown,Unknown,Unknown,Unknown,Non-intersection:  Other non-intersection (explain in narrative),Paved,,Property Damage Only,0,0,0,0,0,0,1500,1,1,,POINT (-93.998445516086 42.252183125572)
2014792345,45-2014,03/19/2014,03-March,4-Wednesday,21:35,2100 Hours,District 4 (Southwest),,HARRISON,US 30,US 30,Collision with:  Animal,On Roadway,Non-collision (single vehicle),Animal,None Indicated,,,,,,,Paved,,Property Damage Only,0,0,0,0,0,0,1700,1,1,,POINT (-95.702852660967 41.723760422791)
2014791568,14-010749,03/19/2014,03-March,4-Wednesday,18:05,1800 Hours,District 4 (Southwest),COUNCIL BLUFFS,POTTAWATTAMIE,,AVE A,Collision with:  Vehicle in traffic,On Roadway,"Sideswipe, same direction",Improper or erratic lane changing,None Indicated,,Daylight,Dry,Clear,None apparent,Non-intersection:  Non-junction/no special feature,Paved,,Property Damage Only,0,0,0,0,0,0,1500,2,2,,POINT (-95.874053376194 41.262797166916)
2014791516,140001347,03/19/2014,03-March,4-Wednesday,09:20,0900 Hours,District 3 (Northwest),CHEROKEE,CHEROKEE,,E WILLOW ST & N ROOSEVELT AVE,Collision with:  Vehicle in traffic,On Roadway,Broadside (front to side),Ran Stop Sign,None Indicated,,Daylight,Wet,Clear,None apparent,Intersection:  Four-way intersection,Paved,,Property Damage Only,0,0,0,0,0,0,25000,2,2,,POINT (-95.544705449934 42.750344894033)
2014791664,14-000399,03/19/2014,03-March,4-Wednesday,16:02,1600 Hours,District 1 (Central),AMES,STORY,,HABER RD & UNIVERSITY BLVD,Collision with:  Vehicle in traffic,On Roadway,Rear-end (front to rear),FTYROW:  Other (explain in narrative),None Indicated,,Daylight,Dry,Cloudy,None apparent,Non-intersection:  Non-junction/no special feature,Paved,,Property Damage Only,0,0,0,0,0,0,2500,2,2,,POINT (-93.638785547044 42.029950869845)
2014812283,2014-2501,03/19/2014,03-March,4-Wednesday,19:37,1900 Hours,District 6 (East Central),ELDRIDGE,SCOTT,,LECLAIRE RD & S 6TH AVE & N 6TH AVE,Collision with:  Vehicle in traffic,On Roadway,Broadside (front to side),FTYROW:  From stop sign,None Indicated,,Dark - roadway lighted,Dry,Clear,None apparent,Intersection:  Other intersection (explain in narrative),Paved,,Property Damage Only,0,0,0,0,0,0,3500,2,2,,POINT (-90.576055710176 41.65471245011)
2014792544,14-1285,03/19/2014,03-March,4-Wednesday,13:30,1300 Hours,District 6 (East Central),HIAWATHA,LINN,,BLAIRS FERRY RD NE & CENTER POINT RD NE,Collision with:  Vehicle in traffic,On Roadway,"Angle, oncoming left turn",FTYROW:  Making left turn,None Indicated,,Daylight,Dry,Cloudy,None apparent,Intersection:  Four-way intersection,Paved,,Property Damage Only,0,0,0,0,0,0,3000,2,2,,POINT (-91.668302466931 42.034774280173)
2014791352,14001534,03/19/2014,03-March,4-Wednesday,07:25,0700 Hours,District 2 (Northeast),,CERRO GORDO,,Co Rd B20/300TH ST,Collision with fixed object:  Ditch,On Roadway,Non-collision (single vehicle),Swerving/Evasive Action,None Indicated,,Daylight,Ice/frost,Cloudy,"Surface condition (e.g., wet, icy)",Non-intersection:  Non-junction/no special feature,Paved,,Property Damage Only,0,0,0,0,0,0,8000,1,1,,POINT (-93.24207528184 43.193910195858)
2014791992,201400814,03/19/2014,03-March,4-Wednesday,21:25,2100 Hours,District 6 (East Central),FAIRFAX,LINN,US 151,US 151/WILLIAMS BLVD & Co Rd W42/80TH ST SW,Collision with fixed object:  Traffic sign support,Roadside,Non-collision (single vehicle),Ran off road - right,Alcohol (Statutory),,Dark - roadway lighted,Dry,Cloudy,None apparent,Non-intersection:  Non-junction/no special feature,Paved,,Property Damage Only,0,0,0,0,0,0,2100,1,1,,POINT (-91.774442991028 41.931085478357)
2014792123,,03/19/2014,03-March,4-Wednesday,06:25,0600 Hours,District 2 (Northeast),WATERLOO,BLACK HAWK,,6TH ST & JEFFERSON ST,Collision with:  Vehicle in traffic,On Roadway,"Sideswipe, same direction",Unknown,None Indicated,,Dawn,Wet,Snow,,Intersection:  Four-way intersection,Paved,,Property Damage Only,0,0,0,0,0,0,2500,2,2,,POINT (-92.455431534654 42.407556618858)
2014793581,,03/19/2014,03-March,4-Wednesday,23:30,2300 Hours,District 1 (Central),GRIMES,POLK,,,Collision with:  Vehicle in traffic,Outside trafficway,Rear-end (front to rear),Unknown,None Indicated,,Dark - unknown roadway lighting,Dry,Cloudy,,Unknown,,,Major Injury,0,3,2,0,1,0,2330,2,4,,POINT (-96.643700149993 40.233091251414)
2014792271,2014-16528,03/19/2014,03-March,4-Wednesday,17:49,1700 Hours,District 6 (East Central),DAVENPORT,SCOTT,,W 13TH ST & FILLMORE ST,Collision with:  Vehicle in traffic,On Roadway,Broadside (front to side),Other (explain in narrative):  Other,None Indicated,,Daylight,Dry,Cloudy,None apparent,Non-intersection:  Non-junction/no special feature,Paved,,Property Damage Only,0,0,0,0,0,0,5000,2,3,,POINT (-90.593875479817 41.532699768285)
2014791567,14-010742,03/19/2014,03-March,4-Wednesday,17:17,1700 Hours,District 4 (Southwest),COUNCIL BLUFFS,POTTAWATTAMIE,,2ND AVE,Collision with fixed object:  Utility pole/light support,On Roadway,Non-collision (single vehicle),Ran off road - right,None Indicated,,Daylight,Dry,Clear,None apparent,Non-intersection:  Non-junction/no special feature,Paved,,Property Damage Only,0,0,0,0,0,0,4000,1,1,,POINT (-95.878837870613 41.259768488374)
2014791624,14-6638,03/19/2014,03-March,4-Wednesday,11:53,1100 Hours,District 1 (Central),NEWTON,JASPER,,E 8TH ST S,Collision with:  Vehicle in traffic,On Roadway,"Sideswipe, same direction",Ran off road - right,None Indicated,,Daylight,Dry,Cloudy,None apparent,Non-intersection:  Non-junction/no special feature,Paved,,Property Damage Only,0,0,0,0,0,0,2000,2,2,,POINT (-93.043516606019 41.696790248776)
2014791675,,03/19/2014,03-March,4-Wednesday,23:30,2300 Hours,District 1 (Central),MARSHALLTOWN,MARSHALL,,E ANSON ST & GOVERNOR RD,Collision with:  Vehicle in traffic,On Roadway,"Sideswipe, same direction",Ran Stop Sign,Refused,,Dark - roadway lighted,Dry,Clear,None apparent,Intersection:  Four-way intersection,Paved,,Property Damage Only,0,0,0,0,0,0,21002,3,3,,POINT (-92.893436979545 42.038316785762)
2014791515,14-1368,03/19/2014,03-March,4-Wednesday,20:56,2000 Hours,District 3 (Northwest),CHEROKEE,CHEROKEE,US 59,US 59 & VICTORY DR,Collision with:  Vehicle in traffic,On Roadway,Broadside (front to side),FTYROW:  From stop sign,None Indicated,,Dark - roadway lighted,Dry,Clear,None apparent,Intersection:  Four-way intersection,Paved,,Property Damage Only,0,0,0,0,0,0,3300,2,2,,POINT (-95.553348580784 42.76830599434)
2014792311,,03/19/2014,03-March,4-Wednesday,11:35,1100 Hours,District 6 (East Central),CEDAR RAPIDS,LINN,,,Collision with:  Vehicle in traffic,On Roadway,Unknown,Unknown,None Indicated,,Daylight,Dry,Cloudy,,Non-intersection:  Non-junction/no special feature,,,Property Damage Only,0,0,0,0,0,0,9000,2,2,,POINT (-96.643700149993 40.233091251414)
2014792516,C14000862,03/19/2014,03-March,4-Wednesday,06:00,0600 Hours,District 6 (East Central),CORALVILLE,JOHNSON,I-80,I-80 & IA 965/CORAL RIDGE AVE & COMMERCE DR,Collision with:  Vehicle in traffic,On Roadway,"Sideswipe, same direction",Made improper turn,None Indicated,,Dark - roadway lighted,Wet,Cloudy,None apparent,Non-intersection:  Non-junction/no special feature,Paved,,Property Damage Only,0,0,0,0,0,0,3000,2,2,,POINT (-91.608463777811 41.695966106141)
2014792098,2014018487,03/19/2014,03-March,4-Wednesday,14:20,1400 Hours,District 2 (Northeast),,WINNEBAGO,,Co Rd R34/90TH AVE,Non-collision events:  Other non-collision (explain in narrative),Outside trafficway,Non-collision (single vehicle),Ran off road - straight,None Indicated,,Daylight,Dry,Cloudy,None apparent,Non-intersection:  Other non-intersection (explain in narrative),Paved,,Minor Injury,0,1,0,1,0,0,30500,1,1,,POINT (-93.793415126194 43.327078817914)
2014804955,,03/19/2014,03-March,4-Wednesday,07:38,0700 Hours,District 2 (Northeast),,CHICKASAW,IA 346,IA 346/270TH,,Outside trafficway,Non-collision (single vehicle),Ran off road - left,None Indicated,,Daylight,,Cloudy,,,Paved,,Minor Injury,0,1,0,1,0,0,9000,1,1,,POINT (-92.327552429309 42.965320042891)
2014802949,A14022,03/19/2014,03-March,4-Wednesday,15:30,1500 Hours,District 5 (Southeast),KNOXVILLE,MARION,,E DOUGLAS ST,Collision with:  Vehicle in traffic,On Roadway,"Sideswipe, same direction",Crossed centerline (undivided),None Indicated,,Daylight,Dry,Clear,None apparent,Non-intersection:  Non-junction/no special feature,Paved,,Property Damage Only,0,0,0,0,0,0,3500,2,3,,POINT (-93.09737120275 41.322678365692)
2014795218,20140007315,03/19/2014,03-March,4-Wednesday,01:44,0100 Hours,District 1 (Central),DES MOINES,POLK,,GRAND AVE,Collision with:  Parked motor vehicle,On Roadway,Rear-end (front to rear),Driver Distraction:  Inattentive/lost in thought,Drug,,Dark - roadway lighted,Wet,Clear,None apparent,Non-intersection:  Non-junction/no special feature,Paved,,Property Damage Only,0,0,0,0,0,0,20800,2,1,,POINT (-93.623589640443 41.588155539911)
2014791739,14-6636,03/19/2014,03-March,4-Wednesday,11:36,1100 Hours,District 1 (Central),COLFAX,JASPER,IA 117,IA 117/IOWA 117 N,Non-collision events:  Overturn/rollover,On Roadway,Non-collision (single vehicle),Ran off road - right,None Indicated,,Daylight,Dry,Cloudy,None apparent,Non-intersection:  Non-junction/no special feature,Paved,,Possible/Unknown,0,1,0,0,1,0,20000,1,1,,POINT (-93.24632959534 41.709378659353)