Iowa DOT Case Number,Law Enforcement Case Number,Date of Crash,Month of Crash,Day of Week,Time of Crash,Hour,DOT District,City Name,County Name,Route with System,Location Description,First Harmful Event,Location of First Harmful Event,Manner of Crash/Collision,Major Cause,Drug or Alcohol ,Environmental Conditions,Light Conditions,Surface Conditions,Weather Conditions,Roadway Contribution,Roadway Type,Roadway Surface,Work Zone,Crash Severity,Number of Fatalities,Number of Injuries,Number of Major Injuries,Number of Minor Injuries,Number of Possible Injuries,Number of Unknown Injuries,Amount of Property Damage,Number of Vehicles Involved,Total Number of Occupants,Travel Direction,Location
2014791971,02-14-4527,03/19/2014,03-March,4-Wednesday,05:30,0500 Hours,District 6 (East Central),DUBUQUE,DUBUQUE,US 52,US 52,Collision with:  Animal,,,Animal,None Indicated,,,,,,,Paved,,Property Damage Only,0,0,0,0,0,0,3500,1,1,,POINT (-90.693341845937 42.541258949198)
2014791571,14-2772,03/19/2014,03-March,4-Wednesday,23:46,2300 Hours,District 3 (Northwest),,SAC,,Co Rd M64/NEEDHAM AVE,Non-collision events:  Other non-collision (explain in narrative),On Roadway,Non-collision (single vehicle),Driving too fast for conditions,None Indicated,,Dark - roadway not lighted,Slush,"Sleet, hail","Surface condition (e.g., wet, icy)",Non-intersection:  Non-junction/no special feature,Paved,,Property Damage Only,0,0,0,0,0,0,8000,1,1,,POINT (-95.090824444821 42.214188508804)
2014793288,C14-0000851,03/19/2014,03-March,4-Wednesday,17:10,1700 Hours,District 2 (Northeast),MARQUETTE,CLAYTON,IA 76,IA 76/IOWA 76,Collision with:  Animal,,,Animal,None Indicated,,,,,,,Paved,,Property Damage Only,0,0,0,0,0,0,2500,1,1,,POINT (-91.176045033735 43.03745123303)
2014791557,14-1840,03/19/2014,03-March,4-Wednesday,16:16,1600 Hours,District 1 (Central),BONDURANT,POLK,,NE 78TH AVE,Collision with:  Animal,,,Animal,None Indicated,,,,,,,Paved,,Property Damage Only,0,0,0,0,0,0,2000,1,1,,POINT (-93.410976416817 41.702873031199)
2014791654,14-0610,03/19/2014,03-March,4-Wednesday,19:50,1900 Hours,District 1 (Central),URBANDALE,POLK,,AIRLINE AVE & 72ND ST,Collision with:  Vehicle in traffic,On Roadway,"Sideswipe, opposite direction",Made improper turn,None Indicated,,Dark - roadway lighted,Dry,Cloudy,None apparent,Intersection:  T-intersection,Paved,,Property Damage Only,0,0,0,0,0,0,2500,2,3,,POINT (-93.717043072011 41.632979921855)
2014792247,2014-16494,03/19/2014,03-March,4-Wednesday,14:51,1400 Hours,District 6 (East Central),DAVENPORT,SCOTT,,W LOCUST ST,Collision with:  Vehicle in traffic,On Roadway,Rear-end (front to rear),Other (explain in narrative):  Other,None Indicated,,Daylight,Dry,Cloudy,None apparent,Non-intersection:  Non-junction/no special feature,Paved,,Property Damage Only,0,0,0,0,0,0,4500,2,3,,POINT (-90.584222687864 41.53827940304)
2014793012,2014018349,03/19/2014,03-March,4-Wednesday,09:20,0900 Hours,District 2 (Northeast),,FLOYD,US 18,US 18,Collision with:  Vehicle in traffic,On Roadway,"Sideswipe, same direction",Crossed centerline (undivided),None Indicated,,Daylight,Wet,Cloudy,"Surface condition (e.g., wet, icy)",Non-intersection:  Non-junction/no special feature,Paved,,Property Damage Only,0,0,0,0,0,0,8000,2,3,,POINT (-92.917332705069 43.119522306287)
2014792465,,03/19/2014,03-March,4-Wednesday,14:20,1400 Hours,District 5 (Southeast),CHARITON,LUCAS,US 34,US 34/NE RAMP CURV/NW RAMP CURV & IA 14/S MAIN ST,Collision with:  Vehicle in traffic,On Roadway,"Sideswipe, opposite direction",Unknown,None Indicated,,Daylight,Dry,Cloudy,None apparent,Intersection:  Four-way intersection,Paved,,Property Damage Only,0,0,0,0,0,0,6000,2,2,,POINT (-93.308151992577 41.005289768968)
2014791469,2014018307,03/19/2014,03-March,4-Wednesday,00:40,0000 Hours,District 2 (Northeast),,WORTH,I-35,I-35,Non-collision events:  Overturn/rollover,On Roadway,Non-collision (single vehicle),Lost Control,None Indicated,,Dark - roadway not lighted,Snow,Snow,"Surface condition (e.g., wet, icy)",Non-intersection:  Non-junction/no special feature,Paved,,Property Damage Only,0,0,0,0,0,0,7000,1,2,,POINT (-93.350686655453 43.461595620291)
2014791912,,03/19/2014,03-March,4-Wednesday,14:26,1400 Hours,District 4 (Southwest),,MILLS,,ELLINGTON AVE & GLOVER RD,Non-collision events:  Overturn/rollover,On Roadway,Non-collision (single vehicle),Ran off road - right,None Indicated,,Daylight,"Mud, dirt",Cloudy,None apparent,Non-intersection:  Non-junction/no special feature,Unpaved,,Possible/Unknown,0,1,0,0,1,0,15100,1,1,,POINT (-95.770400689227 41.087514812858)
2014791537,201403848,03/19/2014,03-March,4-Wednesday,07:45,0700 Hours,District 6 (East Central),CEDAR RAPIDS,LINN,,BLAIRS FERRY RD NE & CENTER POINT RD NE,Collision with:  Vehicle in traffic,On Roadway,Rear-end (front to rear),Other (explain in narrative):  Other,None Indicated,,Daylight,Wet,Cloudy,None apparent,Intersection:  Four-way intersection,Paved,,Property Damage Only,0,0,0,0,0,0,4000,2,2,,POINT (-91.668243017144 42.034728558674)
2014793013,2014018471,03/19/2014,03-March,4-Wednesday,13:36,1300 Hours,District 1 (Central),,STORY,I-35,I-35 & Co Rd E29/190TH ST,Collision with:  Vehicle in traffic,On Roadway,Broadside (front to side),FTYROW:  From stop sign,None Indicated,,Daylight,Dry,Clear,None apparent,Intersection:  Intersection with ramp,Paved,,Minor Injury,0,2,0,1,1,0,10000,2,2,,POINT (-93.564953091165 42.077955586389)
2014794161,140319JP01,03/19/2014,03-March,4-Wednesday,08:20,0800 Hours,District 3 (Northwest),ORANGE CITY,SIOUX,IA 10,IA 10/8TH ST SW & MICHIGAN AVE SW,Collision with:  Vehicle in traffic,On Roadway,Rear-end (front to rear),Followed too close,None Indicated,,Daylight,Wet,Cloudy,None apparent,Non-intersection:  Non-junction/no special feature,Paved,,Property Damage Only,0,0,0,0,0,0,13000,2,2,,POINT (-96.07167091047 42.998863217939)
2014791513,14002702,03/19/2014,03-March,4-Wednesday,15:30,1500 Hours,District 3 (Northwest),GLIDDEN,CARROLL,US 30,US 30/E 9TH ST,Collision with:  Vehicle in traffic,On Roadway,"Angle, oncoming left turn",FTYROW:  Making left turn,None Indicated,,Daylight,Dry,Clear,None apparent,Non-intersection:  Driveway access (within),Paved,,Possible/Unknown,0,1,0,0,1,0,9000,2,3,,POINT (-94.729565117111 42.064051069884)
2014791910,,03/19/2014,03-March,4-Wednesday,19:48,1900 Hours,District 4 (Southwest),DUNLAP,HARRISON,,8TH ST & COURT ST,Collision with:  Vehicle in traffic,On Roadway,Broadside (front to side),Other (explain in narrative):  Vision obstructed,None Indicated,,Daylight,Other (explain in narrative),Clear,"Surface condition (e.g., wet, icy)",Intersection:  Four-way intersection,Paved,,Possible/Unknown,0,1,0,0,1,0,12000,2,6,,POINT (-95.599085529845 41.850924402793)
2014797041,14C01208,03/19/2014,03-March,4-Wednesday,14:15,1400 Hours,District 4 (Southwest),CRESTON,UNION,,LEVY ST,Collision with:  Vehicle in traffic,On Roadway,Rear-end (front to rear),Improper Backing,None Indicated,,Daylight,Dry,Cloudy,None apparent,Non-intersection:  Non-junction/no special feature,Paved,,Property Damage Only,0,0,0,0,0,0,1500,2,3,,POINT (-94.366644167647 41.063500999125)
2014791514,14001340,03/19/2014,03-March,4-Wednesday,00:04,0000 Hours,District 3 (Northwest),LARRABEE,CHEROKEE,,Co Rd M12/U AVE,Non-collision events:  Overturn/rollover,On Roadway,Non-collision (single vehicle),Ran off road - right,None Indicated,,Dark - roadway not lighted,Snow,Snow,"Surface condition (e.g., wet, icy)",Non-intersection:  Non-junction/no special feature,Paved,,Property Damage Only,0,0,0,0,0,0,3000,1,1,,POINT (-95.466914256085 42.902624895323)
2014791766,14003325,03/19/2014,03-March,4-Wednesday,01:09,0100 Hours,District 4 (Southwest),,MILLS,I-29,I-29,Collision with:  Animal,On Roadway,Non-collision (single vehicle),Animal,None Indicated,,Dark - roadway not lighted,Wet,Snow,None apparent,Non-intersection:  Non-junction/no special feature,Paved,,Property Damage Only,0,0,0,0,0,0,3500,1,1,,POINT (-95.826327719171 41.113904773628)
2014791499,031914-170,03/19/2014,03-March,4-Wednesday,14:44,1400 Hours,District 3 (Northwest),STORM LAKE,BUENA VISTA,,LAKE AVE,Collision with:  Vehicle in traffic,On Roadway,Broadside (front to side),Other (explain in narrative):  Other,None Indicated,,Daylight,Wet,Clear,None apparent,Non-intersection:  Driveway access (within),Paved,,Property Damage Only,0,0,0,0,0,0,2000,2,4,,POINT (-95.200782285808 42.647108746797)
2014793290,C14-0000942,03/19/2014,03-March,4-Wednesday,14:42,1400 Hours,District 2 (Northeast),MARQUETTE,CLAYTON,,BROWN ST & 2ND ST & ANTI MONOPOLY,Collision with:  Vehicle in traffic,On Roadway,"Angle, oncoming left turn",Crossed centerline (undivided),None Indicated,,Daylight,Dry,Clear,None apparent,Intersection:  Four-way intersection,Paved,,Property Damage Only,0,0,0,0,0,0,3500,2,2,,POINT (-91.180214836294 43.039660753302)
2014792151,14001344,03/19/2014,03-March,4-Wednesday,06:50,0600 Hours,District 3 (Northwest),,CHEROKEE,IA 3,IA 3/IOWA 3,Collision with fixed object:  Ditch,On Roadway,Non-collision (single vehicle),Other (explain in narrative):  No improper action,None Indicated,,Dark - roadway not lighted,Ice/frost,Snow,"Surface condition (e.g., wet, icy)",Non-intersection:  Non-junction/no special feature,Paved,,Property Damage Only,0,0,0,0,0,0,2200,1,1,,POINT (-95.456326991455 42.74872779365)
2014791526,201403874,03/19/2014,03-March,4-Wednesday,17:52,1700 Hours,District 6 (East Central),CEDAR RAPIDS,LINN,,BOWLING ST SW,Collision with:  Vehicle in traffic,On Roadway,"Angle, oncoming left turn",FTYROW:  Making left turn,None Indicated,,Daylight,Dry,Cloudy,None apparent,Non-intersection:  Driveway access (within),Paved,,Property Damage Only,0,0,0,0,0,0,7500,2,2,,POINT (-91.657543254739 41.956995651107)
2014791412,20140007350,03/19/2014,03-March,4-Wednesday,12:40,1200 Hours,District 1 (Central),DES MOINES,POLK,,E PINE AVE,Collision with fixed object:  Ditch,Shoulder,Non-collision (single vehicle),Ran off road - right,None Indicated,,Daylight,Dry,Cloudy,None apparent,Non-intersection:  Non-junction/no special feature,Paved,,Property Damage Only,0,0,0,0,0,0,3000,1,1,,POINT (-93.560315392108 41.518854756727)
2014791581,14-0771,03/19/2014,03-March,4-Wednesday,18:12,1800 Hours,District 1 (Central),FORT DODGE,WEBSTER,,5TH AVE S & S 25TH ST,Collision with:  Vehicle in traffic,On Roadway,Broadside (front to side),Other (explain in narrative):  Other,None Indicated,,Daylight,Dry,Clear,None apparent,Non-intersection:  Non-junction/no special feature,Paved,,Property Damage Only,0,0,0,0,0,0,2000,2,3,,POINT (-94.163120960965 42.501139394294)
2014792116,,03/19/2014,03-March,4-Wednesday,14:30,1400 Hours,District 6 (East Central),CEDAR RAPIDS,LINN,,EDGEWOOD RD NE,Collision with:  Vehicle in traffic,On Roadway,"Sideswipe, same direction",Unknown,None Indicated,,Daylight,Dry,Cloudy,,Non-intersection:  Non-junction/no special feature,Paved,,Property Damage Only,0,0,0,0,0,0,1500,2,3,,POINT (-91.701635771445 42.029932545738)
2014791555,LMPD,03/19/2014,03-March,4-Wednesday,15:33,1500 Hours,District 3 (Northwest),LE MARS,PLYMOUTH,,2ND ST SE,Collision with:  Parked motor vehicle,On Roadway,Rear-end (front to rear),Swerving/Evasive Action,None Indicated,,Daylight,Dry,Cloudy,None apparent,Non-intersection:  Non-junction/no special feature,Paved,,Property Damage Only,0,0,0,0,0,0,12500,3,1,,POINT (-96.149063028406 42.790605910168)
2014791789,20140007485,03/20/2014,03-March,5-Thursday,20:53,2000 Hours,District 1 (Central),DES MOINES,POLK,,E WASHINGTON AVE,Collision with:  Parked motor vehicle,Roadside,Rear-end (front to rear),Unknown,None Indicated,,Dark - roadway lighted,Dry,Clear,None apparent,Non-intersection:  Non-junction/no special feature,Paved,,Property Damage Only,0,0,0,0,0,0,2500,2,1,,POINT (-93.601155310056 41.607676628113)
2014792135,,03/20/2014,03-March,5-Thursday,10:00,1000 Hours,District 2 (Northeast),,FLOYD,,Co Rd S70/BALSAM AVE,Non-collision events:  Overturn/rollover,Outside trafficway,Non-collision (single vehicle),Ran off road - right,None Indicated,,Daylight,Slush,Snow,None apparent,Non-intersection:  Non-junction/no special feature,Paved,,Property Damage Only,0,0,0,0,0,0,2000,1,1,,POINT (-93.004527429199 43.170717700798)
2014792229,14-011110,03/20/2014,03-March,5-Thursday,15:30,1500 Hours,District 4 (Southwest),COUNCIL BLUFFS,POTTAWATTAMIE,,HARRIER HOLLOW,Collision with:  Non-motorist (see non-motorist section - NOT a unit),Outside trafficway,Non-collision (single vehicle),FTYROW:  To pedestrian,None Indicated,,Daylight,Dry,Clear,None apparent,Non-intersection:  Driveway access (within),Paved,,Minor Injury,0,1,0,1,0,0,0,1,1,,POINT (-95.837766013633 41.201553807688)
2014792101,2014018561,03/20/2014,03-March,5-Thursday,08:00,0800 Hours,District 1 (Central),,WEBSTER,,Co Rd P61/PARAGON AVE & 330TH ST,Non-collision events:  Overturn/rollover,On Roadway,Non-collision (single vehicle),Crossed centerline (undivided),None Indicated,,Daylight,Other (explain in narrative),Clear,"Surface condition (e.g., wet, icy)",Non-intersection:  Non-junction/no special feature,Paved,,Possible/Unknown,0,1,0,0,1,0,4000,1,2,,POINT (-94.106496968525 42.310604521675)
2014791996,201400821,03/20/2014,03-March,5-Thursday,16:00,1600 Hours,District 6 (East Central),,LINN,US 30,US 30,Collision with fixed object:  Ditch,On Roadway,Non-collision (single vehicle),Over correcting/over steering,None Indicated,,Daylight,Dry,Cloudy,None apparent,Non-intersection:  Non-junction/no special feature,Paved,,Property Damage Only,0,0,0,0,0,0,1500,1,2,,POINT (-91.522132540069 41.92581807977)
2014791872,14-144,03/20/2014,03-March,5-Thursday,14:19,1400 Hours,District 5 (Southeast),,WAYNE,,Co Rd J60/CEDAR,Non-collision events:  Overturn/rollover,On Roadway,Non-collision (single vehicle),Ran off road - right,None Indicated,,Daylight,"Mud, dirt",Clear,"Surface condition (e.g., wet, icy)",Non-intersection:  Non-junction/no special feature,Unpaved,,Possible/Unknown,0,1,0,0,1,0,7500,1,1,,POINT (-93.101020419968 40.608849260279)
2014791603,14-2728,03/20/2014,03-March,5-Thursday,07:34,0700 Hours,District 3 (Northwest),CARROLL,CARROLL,,ALTA VISTA DR,Collision with:  Parked motor vehicle,On Roadway,"Sideswipe, same direction",Lost Control,None Indicated,,Daylight,Dry,Cloudy,None apparent,Non-intersection:  Non-junction/no special feature,Paved,,Property Damage Only,0,0,0,0,0,0,4300,2,1,,POINT (-94.854223801081 42.07281236428)
2014794052,B14-518,03/20/2014,03-March,5-Thursday,13:50,1300 Hours,District 3 (Northwest),SERGEANT BLUFF,WOODBURY,,WINFIELD CIR,Collision with:  Vehicle in traffic,On Roadway,Broadside (front to side),Swerving/Evasive Action,None Indicated,,Daylight,Dry,Clear,None apparent,Non-intersection:  Other non-intersection (explain in narrative),Paved,,Property Damage Only,0,0,0,0,0,0,4000,2,8,,POINT (-96.35913986835 42.388966657226)
2014802843,,03/20/2014,03-March,5-Thursday,13:30,1300 Hours,District 1 (Central),TAMA,TAMA,US 63,US 63/13TH ST & MC CLELLAN ST,Collision with:  Vehicle in traffic,On Roadway,Broadside (front to side),Unknown,None Indicated,,Daylight,Dry,Clear,None apparent,Intersection:  Four-way intersection,Paved,,Property Damage Only,0,0,0,0,0,0,5000,2,3,,POINT (-92.578070519774 41.971166811471)
2014791883,14-8283,03/20/2014,03-March,5-Thursday,15:05,1500 Hours,District 3 (Northwest),SIOUX CITY,WOODBURY,,WESLEY PKWY,Collision with:  Vehicle in traffic,On Roadway,Rear-end (front to rear),Followed too close,None Indicated,,Daylight,Dry,Clear,None apparent,Intersection:  Four-way intersection,Paved,,Property Damage Only,0,0,0,0,0,0,3000,2,5,,POINT (-96.409717288753 42.499092000003)
2014791650,20140007462,03/20/2014,03-March,5-Thursday,17:20,1700 Hours,District 1 (Central),DES MOINES,POLK,IA 28,IA 28/63RD ST & CENTER ST,Collision with:  Vehicle in traffic,On Roadway,"Sideswipe, same direction",Swerving/Evasive Action,None Indicated,,Daylight,Dry,Clear,None apparent,Intersection:  T-intersection,Paved,,Property Damage Only,0,0,0,0,0,0,5500,2,2,,POINT (-93.703497488018 41.591837683884)
2014792124,,03/20/2014,03-March,5-Thursday,22:35,2200 Hours,District 5 (Southeast),,LUCAS,US 34,US 34,Non-collision events:  Overturn/rollover,On Roadway,Non-collision (single vehicle),Swerving/Evasive Action,None Indicated,,Dark - unknown roadway lighting,Dry,Clear,None apparent,Non-intersection:  Non-junction/no special feature,Paved,,Property Damage Only,0,0,0,0,0,0,15000,1,1,,POINT (-93.264109473719 41.00006622695)
2014791694,14027095,03/20/2014,03-March,5-Thursday,08:49,0800 Hours,District 2 (Northeast),CEDAR FALLS,BLACK HAWK,,ORCHARD DR & ROWND ST,Collision with:  Vehicle in traffic,On Roadway,Broadside (front to side),Ran Stop Sign,None Indicated,,Daylight,Dry,Clear,None apparent,Intersection:  Four-way intersection,Paved,,Minor Injury,0,1,0,1,0,0,5200,2,3,,POINT (-92.421059093087 42.505813737814)
2014791625,PD1402250,03/20/2014,03-March,5-Thursday,22:01,2200 Hours,District 5 (Southeast),FAIRFIELD,JEFFERSON,,MINT BLVD,Collision with fixed object:  Utility pole/light support,On Roadway,Non-collision (single vehicle),Driving too fast for conditions,None Indicated,,Dark - roadway lighted,Dry,Clear,None apparent,Intersection:  T-intersection,Unpaved,,Property Damage Only,0,0,0,0,0,0,10200,1,2,,POINT (-91.948406535637 40.995004490688)
2014791643,20140007495,03/20/2014,03-March,5-Thursday,23:54,2300 Hours,District 1 (Central),DES MOINES,POLK,,CLARK ST & 6TH AVE,Collision with:  Vehicle in traffic,On Roadway,Broadside (front to side),FTYROW:  From stop sign,None Indicated,,Dark - roadway lighted,Dry,Clear,None apparent,Intersection:  Four-way intersection,Paved,,Property Damage Only,0,0,0,0,0,0,6500,2,2,,POINT (-93.62577633031 41.605869900691)
2014791531,201403903,03/20/2014,03-March,5-Thursday,08:02,0800 Hours,District 6 (East Central),CEDAR RAPIDS,LINN,,J AVE NE & 12TH ST NE,Non-collision events:  Jackknife,On Roadway,Rear-end (front to rear),Lost Control,None Indicated,,Daylight,Dry,Clear,None apparent,Non-intersection:  Non-junction/no special feature,Paved,,Minor Injury,0,1,0,1,0,0,8000,2,777,,POINT (-91.664000690875 41.999626411593)
2014791607,14004204,03/20/2014,03-March,5-Thursday,08:32,0800 Hours,District 2 (Northeast),MASON CITY,CERRO GORDO,IA 122,IA 122/IOWA 122/5TH ST SE,Collision with:  Other non-fixed object (explain in narrative),On Roadway,Unknown,Cargo/equipment loss or shift,None Indicated,,Daylight,Wet,"Fog, smoke, smog",None apparent,Non-intersection:  Non-junction/no special feature,Paved,,Property Damage Only,0,0,0,0,0,0,3000,2,2,,POINT (-93.193362467657 43.147132818979)
2014791649,20140007442,03/20/2014,03-March,5-Thursday,15:02,1500 Hours,District 1 (Central),DES MOINES,POLK,,E KIRKWOOD AVE,Collision with fixed object:  Curb/island/raised median,Outside trafficway,Non-collision (single vehicle),Other (explain in narrative):  Other,None Indicated,,Daylight,Dry,Clear,None apparent,Non-intersection:  Non-junction/no special feature,Paved,,Minor Injury,0,1,0,1,0,0,2200,1,1,,POINT (-93.613655749939 41.565357544126)
2014791772,0320141A,03/20/2014,03-March,5-Thursday,11:50,1100 Hours,District 4 (Southwest),,PAGE,,Co Rd M41/E AVE,Collision with:  Vehicle in traffic,On Roadway,"Sideswipe, opposite direction",Crossed centerline (undivided),None Indicated,,Daylight,Dry,Clear,None apparent,Non-intersection:  Non-junction/no special feature,Paved,,Property Damage Only,0,0,0,0,0,0,5000,2,2,,POINT (-95.289869802575 40.748994519869)
2014791599,W14-027212,03/20/2014,03-March,5-Thursday,15:49,1500 Hours,District 2 (Northeast),WATERLOO,BLACK HAWK,US 63,US 63/E MULLAN AVE & DANE ST,Collision with:  Vehicle in traffic,On Roadway,Broadside (front to side),FTYROW:  Making left turn,None Indicated,,Daylight,Dry,Clear,None apparent,Intersection:  Four-way intersection,Paved,,Property Damage Only,0,0,0,0,0,0,1600,3,6,,POINT (-92.336629719372 42.507688631197)
2014791993,201400818,03/20/2014,03-March,5-Thursday,09:17,0900 Hours,District 6 (East Central),,LINN,IA 100,IA 100/COLLINS RD SE & 44TH ST,Collision with:  Vehicle in traffic,On Roadway,Rear-end (front to rear),Other (explain in narrative):  Other,None Indicated,,Daylight,Dry,Cloudy,None apparent,Non-intersection:  Non-junction/no special feature,Paved,,Property Damage Only,0,0,0,0,0,0,5000,2,2,,POINT (-91.561541643643 42.020381532716)
2014791982,14001757,03/20/2014,03-March,5-Thursday,04:25,0400 Hours,District 1 (Central),,HAMILTON,US 69,US 69/LITTLE WALL LAKE RD,Collision with:  Animal,,,Animal,None Indicated,,,,,,,Paved,,Property Damage Only,0,0,0,0,0,0,3000,1,1,,POINT (-93.639920045676 42.278556331947)
2014791604,14001557,03/20/2014,03-March,5-Thursday,09:09,0900 Hours,District 2 (Northeast),NORA SPRINGS,CERRO GORDO,,Co Rd B20/300TH ST,Collision with fixed object:  Ditch,On Roadway,Non-collision (single vehicle),Driving too fast for conditions,None Indicated,,Daylight,Ice/frost,"Fog, smoke, smog","Surface condition (e.g., wet, icy)",Non-intersection:  Railroad grade crossing,Paved,,Property Damage Only,0,0,0,0,0,0,45200,1,1,,POINT (-93.232379488185 43.191318913228)
2014791829,14-0615,03/20/2014,03-March,5-Thursday,14:02,1400 Hours,District 1 (Central),URBANDALE,POLK,,100TH ST,Collision with:  Vehicle in traffic,On Roadway,Broadside (front to side),FTYROW:  Making left turn,None Indicated,,Daylight,Dry,Clear,None apparent,Non-intersection:  Driveway access (within),Paved,,Property Damage Only,0,0,0,0,0,0,10000,2,3,,POINT (-93.755832046356 41.616365395381)
2014792829,2014-16877,03/20/2014,03-March,5-Thursday,23:57,2300 Hours,District 6 (East Central),DAVENPORT,SCOTT,,IOWA ST,Collision with:  Parked motor vehicle,On Roadway,Rear-end (front to rear),Lost Control,Alcohol (Statutory),,Dark - roadway not lighted,Dry,Clear,None apparent,Non-intersection:  Non-junction/no special feature,Paved,,Property Damage Only,0,0,0,0,0,0,3000,2,1,,POINT (-90.569418809466 41.545631725175)
2014791617,14002767,03/20/2014,03-March,5-Thursday,04:52,0400 Hours,District 2 (Northeast),,FAYETTE,US 18,US 18/HARDING RD,Collision with fixed object:  Ditch,On Roadway,Non-collision (single vehicle),Ran off road - right,None Indicated,,Dark - roadway not lighted,Ice/frost,Snow,"Surface condition (e.g., wet, icy)",Non-intersection:  Non-junction/no special feature,Paved,,Property Damage Only,0,0,0,0,0,0,3000,1,1,,POINT (-91.781088067238 42.976437663742)
2014791606,14004195,03/20/2014,03-March,5-Thursday,06:02,0600 Hours,District 2 (Northeast),MASON CITY,CERRO GORDO,,S EISENHOWER AVE,Non-collision events:  Overturn/rollover,Outside trafficway,Non-collision (single vehicle),Crossed centerline (undivided),None Indicated,,Dawn,Ice/frost,Snow,"Surface condition (e.g., wet, icy)",Non-intersection:  Non-junction/no special feature,Paved,,Property Damage Only,0,0,0,0,0,0,9050,1,1,,POINT (-93.260627121956 43.134203466081)
2014791839,14-000327,03/20/2014,03-March,5-Thursday,08:20,0800 Hours,District 1 (Central),JOHNSTON,POLK,,NW 62ND AVE & NW 106TH ST,Collision with:  Vehicle in traffic,On Roadway,Broadside (front to side),FTYROW:  From stop sign,None Indicated,,Daylight,Dry,Clear,None apparent,Intersection:  Four-way intersection,Paved,,Minor Injury,0,1,0,1,0,0,20000,2,2,,POINT (-93.764253769145 41.672910528365)
2014791564,14-1335,03/20/2014,03-March,5-Thursday,06:50,0600 Hours,District 1 (Central),WEST DES MOINES,POLK,I-35,I-35,Collision with:  Vehicle in traffic,On Roadway,"Sideswipe, same direction",Unknown,None Indicated,,Dawn,Dry,Clear,None apparent,Interchange-related:  On-ramp,Paved,,Property Damage Only,0,0,0,0,0,0,3000,2,2,,POINT (-93.773783998959 41.527569666172)
2014791527,201403923,03/20/2014,03-March,5-Thursday,12:45,1200 Hours,District 6 (East Central),CEDAR RAPIDS,LINN,,5TH AVE SE & 8TH ST SE,Collision with:  Vehicle in traffic,On Roadway,Broadside (front to side),Ran Stop Sign,None Indicated,,Daylight,Dry,Clear,None apparent,Intersection:  Four-way intersection,Paved,,Possible/Unknown,0,1,0,0,1,0,9000,2,4,,POINT (-91.658575164822 41.979127561034)
2014791705,14-4564,03/20/2014,03-March,5-Thursday,07:56,0700 Hours,District 2 (Northeast),,BREMER,US 63,US 63,Collision with:  Vehicle in traffic,On Roadway,Rear-end (front to rear),Driving too fast for conditions,None Indicated,,Daylight,Wet,"Fog, smoke, smog","Surface condition (e.g., wet, icy)",Non-intersection:  Non-junction/no special feature,Paved,,Property Damage Only,0,0,0,0,0,0,2500,2,4,,POINT (-92.337284300856 42.831874632673)
2014792468,,03/20/2014,03-March,5-Thursday,16:24,1600 Hours,District 2 (Northeast),CHARLES CITY,FLOYD,IA 14,IA 14/GILBERT ST/MAIN ST,Collision with:  Vehicle in traffic,On Roadway,Rear-end (front to rear),Followed too close,None Indicated,,Daylight,Dry,Clear,None apparent,Intersection:  Four-way intersection,Paved,,Minor Injury,0,1,0,1,0,0,1400,2,2,,POINT (-92.681293642163 43.064619464833)
2014792073,201400013366,03/20/2014,03-March,5-Thursday,07:40,0700 Hours,District 5 (Southeast),OTTUMWA,WAPELLO,,W KEOTA ST & S MILNER ST,Collision with:  Vehicle in traffic,On Roadway,Rear-end (front to rear),Other (explain in narrative):  Vision obstructed,None Indicated,,Daylight,Dry,Clear,None apparent,Non-intersection:  Non-junction/no special feature,Paved,,Property Damage Only,0,0,0,0,0,0,3000,2,1,,POINT (-92.428895359282 40.997089363469)
2014791598,W14-027087,03/20/2014,03-March,5-Thursday,08:12,0800 Hours,District 2 (Northeast),WATERLOO,BLACK HAWK,,W LOUISE ST & ACKERMANT ST,Collision with:  Vehicle in traffic,On Roadway,Rear-end (front to rear),Illegally Parked/Unattended,None Indicated,,Daylight,Dry,Clear,None apparent,Non-intersection:  Driveway access (within),Paved,,Minor Injury,0,1,0,1,0,0,7000,2,2,,POINT (-92.34405463624 42.523977837085)
2014791695,14027223,03/20/2014,03-March,5-Thursday,16:32,1600 Hours,District 2 (Northeast),CEDAR FALLS,BLACK HAWK,US 20,US 20/NE RAMP,Collision with fixed object:  Traffic sign support,On Roadway,Non-collision (single vehicle),Ran off road - right,None Indicated,,Daylight,Dry,Clear,None apparent,Interchange-related:  Off-ramp,Paved,,Property Damage Only,0,0,0,0,0,0,3200,1,2,,POINT (-92.460856901682 42.465085213864)
2014791667,14-0794,03/20/2014,03-March,5-Thursday,20:15,2000 Hours,District 1 (Central),FORT DODGE,WEBSTER,,S 16TH ST,Collision with:  Vehicle in traffic,On Roadway,Broadside (front to side),Improper Backing,None Indicated,,Dark - roadway lighted,Dry,Clear,None apparent,Non-intersection:  Non-junction/no special feature,Paved,,Property Damage Only,0,0,0,0,0,0,2000,2,2,,POINT (-94.17635391271 42.49614123081)
2014793876,2014-3029,03/20/2014,03-March,5-Thursday,05:05,0500 Hours,District 2 (Northeast),FOREST CITY,WINNEBAGO,,W L ST,Collision with:  Parked motor vehicle,On Roadway,Rear-end (front to rear),Swerving/Evasive Action,None Indicated,,Dark - roadway lighted,Wet,"Fog, smoke, smog",None apparent,Non-intersection:  Non-junction/no special feature,Paved,,Property Damage Only,0,0,0,0,0,0,3100,2,1,,POINT (-93.641193568232 43.265631704062)