Iowa DOT Case Number,Law Enforcement Case Number,Date of Crash,Month of Crash,Day of Week,Time of Crash,Hour,DOT District,City Name,County Name,Route with System,Location Description,First Harmful Event,Location of First Harmful Event,Manner of Crash/Collision,Major Cause,Drug or Alcohol ,Environmental Conditions,Light Conditions,Surface Conditions,Weather Conditions,Roadway Contribution,Roadway Type,Roadway Surface,Work Zone,Crash Severity,Number of Fatalities,Number of Injuries,Number of Major Injuries,Number of Minor Injuries,Number of Possible Injuries,Number of Unknown Injuries,Amount of Property Damage,Number of Vehicles Involved,Total Number of Occupants,Travel Direction,Location
2014793861,2014-05579,03/20/2014,03-March,5-Thursday,20:01,2000 Hours,District 5 (Southeast),INDIANOLA,WARREN,IA 92,IA 92/E 2ND AVE,Non-collision events:  Other non-collision (explain in narrative),On Roadway,Head-on (front to front),Crossed centerline (undivided),None Indicated,,Dark - roadway lighted,Dry,Clear,None apparent,Non-intersection:  Non-junction/no special feature,Paved,,Possible/Unknown,0,1,0,0,1,0,10000,2,4,,POINT (-93.560239323713 41.358305509345)
2014794603,1403200223,03/20/2014,03-March,5-Thursday,02:23,0200 Hours,District 6 (East Central),ANAMOSA,JONES,,LANDIS RD,Non-collision events:  Overturn/rollover,Roadside,Non-collision (single vehicle),Crossed centerline (undivided),None Indicated,,Dark - roadway not lighted,"Mud, dirt",Clear,None apparent,Non-intersection:  Non-junction/no special feature,Unpaved,,Property Damage Only,0,0,0,0,0,0,10000,1,1,,POINT (-91.229198549219 42.083541679137)
2014792714,CL14000810,03/20/2014,03-March,5-Thursday,12:41,1200 Hours,District 6 (East Central),CLINTON,CLINTON,,13TH AVE N,Collision with:  Vehicle in traffic,On Roadway,"Angle, oncoming left turn",FTYROW:  From driveway,Refused,,Daylight,Dry,Clear,None apparent,Non-intersection:  Driveway access (within),Paved,,Possible/Unknown,0,1,0,0,1,0,3500,2,2,,POINT (-90.210124812341 41.859377533024)
2014791609,14004233,03/20/2014,03-March,5-Thursday,16:05,1600 Hours,District 2 (Northeast),MASON CITY,CERRO GORDO,US 65,US 65/N FEDERAL AVE,Collision with:  Vehicle in traffic,On Roadway,"Sideswipe, same direction",Improper or erratic lane changing,None Indicated,,Daylight,Dry,Clear,None apparent,Non-intersection:  Non-junction/no special feature,Paved,,Property Damage Only,0,0,0,0,0,0,8500,2,6,,POINT (-93.201037888052 43.158825889367)
2014791496,14-4566,03/20/2014,03-March,5-Thursday,08:08,0800 Hours,District 2 (Northeast),,BREMER,IA 3,IA 3/IOWA 3,Collision with:  Vehicle in traffic,On Roadway,Rear-end (front to rear),Other (explain in narrative):  No improper action,None Indicated,,Daylight,Ice/frost,"Fog, smoke, smog","Surface condition (e.g., wet, icy)",Non-intersection:  Non-junction/no special feature,Paved,,Property Damage Only,0,0,0,0,0,0,8500,2,2,,POINT (-92.121838166184 42.714724001616)
2014793449,AC-14-0017,03/20/2014,03-March,5-Thursday,12:29,1200 Hours,District 6 (East Central),MONTICELLO,JONES,,,Collision with:  Vehicle in traffic,On Roadway,"Angle, oncoming left turn",FTYROW:  Making left turn,None Indicated,,Daylight,Dry,Clear,None apparent,Non-intersection:  Driveway access (within),,,Property Damage Only,0,0,0,0,0,0,3500,2,2,,POINT (-96.643700149993 40.233091251414)
2014791561,20140007402,03/20/2014,03-March,5-Thursday,02:30,0200 Hours,District 1 (Central),DES MOINES,POLK,,SHERIDAN AVE,Collision with:  Parked motor vehicle,On Roadway,"Sideswipe, opposite direction",Crossed centerline (undivided),Alcohol (Statutory),,Dark - roadway lighted,Dry,Clear,None apparent,Non-intersection:  Non-junction/no special feature,Paved,,Property Damage Only,0,0,0,0,0,0,5000,2,1,,POINT (-93.677134630925 41.619125701418)
2014791736,00739,03/20/2014,03-March,5-Thursday,04:01,0400 Hours,District 6 (East Central),DYERSVILLE,DUBUQUE,US 20,US 20,Collision with fixed object:  Ditch,On Roadway,Non-collision (single vehicle),Ran off road - right,None Indicated,,Dark - roadway not lighted,Ice/frost,Snow,"Surface condition (e.g., wet, icy)",Non-intersection:  Non-junction/no special feature,Paved,,Minor Injury,0,2,0,2,0,0,5000,1,2,,POINT (-91.129910860345 42.471177457724)
2014792722,14002271,03/20/2014,03-March,5-Thursday,08:12,0800 Hours,District 6 (East Central),MANCHESTER,DELAWARE,,NEW ST,Collision with:  Vehicle in traffic,On Roadway,Broadside (front to side),FTYROW:  Making left turn,None Indicated,,Daylight,Dry,Cloudy,None apparent,Non-intersection:  Driveway access (within),Paved,,Property Damage Only,0,0,0,0,0,0,3606,2,2,,POINT (-91.453827313277 42.488839162447)
2014791803,20140007451,03/20/2014,03-March,5-Thursday,16:05,1600 Hours,District 1 (Central),DES MOINES,POLK,,HICKMAN RD & ARLINGTON AVE & 6TH AVE,Collision with:  Vehicle in traffic,On Roadway,Rear-end (front to rear),Lost Control,None Indicated,,Daylight,Dry,Clear,None apparent,Intersection:  Four-way intersection,Paved,,Property Damage Only,0,0,0,0,0,0,2500,2,4,,POINT (-93.625568104196 41.612887657151)
2014792051,14-000336,03/20/2014,03-March,5-Thursday,20:07,2000 Hours,District 1 (Central),,STORY,,Co Rd S27/653RD AVE,Collision with:  Animal,On Roadway,Non-collision (single vehicle),Animal,None Indicated,,Dark - roadway not lighted,Dry,Clear,None apparent,Non-intersection:  Non-junction/no special feature,Paved,,Property Damage Only,0,0,0,0,0,0,2000,1,1,,POINT (-93.401133986823 41.907617749516)
2014791627,201403928,03/20/2014,03-March,5-Thursday,15:50,1500 Hours,District 6 (East Central),CEDAR RAPIDS,LINN,,WILSON AVE SW & 29TH ST SW,Collision with:  Vehicle in traffic,On Roadway,"Angle, oncoming left turn",FTYROW:  Making left turn,None Indicated,,Daylight,Dry,Clear,None apparent,Intersection:  Four-way intersection,Paved,,Possible/Unknown,0,1,0,0,1,0,6500,2,5,,POINT (-91.710030714737 41.956435634252)
2014798714,S14-C2001,03/20/2014,03-March,5-Thursday,05:50,0500 Hours,District 5 (Southeast),,CLARKE,,Co Rd H50/MORMON TRL,Non-collision events:  Overturn/rollover,Shoulder,Non-collision (single vehicle),Ran off road - right,None Indicated,,Dark - roadway not lighted,"Mud, dirt",Clear,None apparent,Non-intersection:  Non-junction/no special feature,Unpaved,,Minor Injury,0,1,0,1,0,0,12000,1,1,,POINT (-93.742092075021 40.918653909284)
2014791972,02-14-4572,03/20/2014,03-March,5-Thursday,07:35,0700 Hours,District 6 (East Central),,DUBUQUE,,Co Rd Y21/SUNDOWN RD,Non-collision events:  Overturn/rollover,Shoulder,Non-collision (single vehicle),Driving too fast for conditions,None Indicated,,Dawn,Ice/frost,"Fog, smoke, smog","Surface condition (e.g., wet, icy)",Non-intersection:  Non-junction/no special feature,Paved,,Possible/Unknown,0,1,0,0,1,0,3000,1,2,,POINT (-90.850273700103 42.405593464121)
2014791671,14-8279,03/20/2014,03-March,5-Thursday,14:16,1400 Hours,District 3 (Northwest),SIOUX CITY,WOODBURY,I-29,I-29,Collision with:  Vehicle in traffic,On Roadway,Rear-end (front to rear),"Operating vehicle in an reckless, erratic, careless, negligent manner",None Indicated,,Daylight,Dry,Clear,None apparent,Non-intersection:  Non-junction/no special feature,Paved,,Property Damage Only,0,0,0,0,0,0,3500,2,3,,POINT (-96.405975193708 42.48934349546)
2014793014,2014018623,03/20/2014,03-March,5-Thursday,07:42,0700 Hours,District 6 (East Central),FARLEY,DUBUQUE,,1ST AVE W & 7TH ST SW & 7TH ST NW,Collision with:  Vehicle in traffic,On Roadway,Broadside (front to side),FTYROW:  From stop sign,None Indicated,,Daylight,Ice/frost,"Fog, smoke, smog","Surface condition (e.g., wet, icy)",Intersection:  Four-way intersection,Paved,,Minor Injury,0,1,0,1,0,0,5000,2,4,,POINT (-91.013796725027 42.44290947236)
2014791913,,03/20/2014,03-March,5-Thursday,10:45,1000 Hours,District 4 (Southwest),GREENFIELD,ADAIR,IA 25,IA 25/NE 6TH ST & NE DODGE ST,Collision with:  Vehicle in traffic,On Roadway,Rear-end (front to rear),Followed too close,None Indicated,,Daylight,Dry,Clear,Other (explain in narrative),Intersection:  T-intersection,Paved,,Property Damage Only,0,0,0,0,0,0,4500,2,3,,POINT (-94.453261842627 41.309896625054)
2014791651,20140007474,03/20/2014,03-March,5-Thursday,19:12,1900 Hours,District 1 (Central),DES MOINES,POLK,,HOLCOMB AVE & 33RD ST,Collision with:  Parked motor vehicle,Roadside,"Sideswipe, same direction",Unknown,None Indicated,,Dusk,Dry,Clear,None apparent,Intersection:  T-intersection,Paved,,Property Damage Only,0,0,0,0,0,0,4500,2,1,,POINT (-93.661733980349 41.616738406054)
2014791532,201403907,03/20/2014,03-March,5-Thursday,09:03,0900 Hours,District 6 (East Central),CEDAR RAPIDS,LINN,IA 922,IA 922/1ST AVE W & MURRAY DR SW,Collision with:  Vehicle in traffic,On Roadway,Rear-end (front to rear),Lost Control,None Indicated,,Daylight,Dry,Clear,None apparent,Non-intersection:  Non-junction/no special feature,Paved,,Possible/Unknown,0,1,0,0,1,0,10000,2,5,,POINT (-91.689259091695 41.970844860256)
2014792712,1403202421,03/20/2014,03-March,5-Thursday,07:35,0700 Hours,District 6 (East Central),,CLINTON,US 30,US 30,Collision with:  Vehicle in traffic,On Roadway,"Sideswipe, same direction",Crossed centerline (undivided),None Indicated,,Daylight,Dry,Cloudy,None apparent,Non-intersection:  Non-junction/no special feature,Paved,,Property Damage Only,0,0,0,0,0,0,3500,2,5,,POINT (-90.822549696871 41.829048810846)
2014792072,201400013361,03/20/2014,03-March,5-Thursday,06:29,0600 Hours,District 5 (Southeast),OTTUMWA,WAPELLO,IA 149,IA 149/IOWA 149,,On Roadway,Non-collision (single vehicle),Animal,None Indicated,,Dawn,Dry,Clear,None apparent,Non-intersection:  Non-junction/no special feature,Paved,,Property Damage Only,0,0,0,0,0,0,3500,1,1,,POINT (-92.40984019392 41.059239545531)
2014791915,14003804,03/20/2014,03-March,5-Thursday,20:06,2000 Hours,District 5 (Southeast),,APPANOOSE,IA 5,IA 5/IOWA 5,Collision with:  Animal,,,Animal,None Indicated,,,,,,,Paved,,Property Damage Only,0,0,0,0,0,0,1500,1,1,,POINT (-92.881611227396 40.644381573169)
2014792527,14-007648,03/20/2014,03-March,5-Thursday,20:42,2000 Hours,District 5 (Southeast),MONTROSE,LEE,US 61,US 61,Collision with:  Animal,,,Animal,None Indicated,,,,,,,Paved,,Property Damage Only,0,0,0,0,0,0,4500,1,1,,POINT (-91.4418415756 40.511397182069)
2014796424,14-030320-01,03/20/2014,03-March,5-Thursday,18:03,1800 Hours,District 6 (East Central),,IOWA,US 6,US 6,Collision with:  Animal,,,Animal,None Indicated,,,,,,,Paved,,Property Damage Only,0,0,0,0,0,0,1500,1,1,,POINT (-91.983238463495 41.775200299906)
2014791961,01-14-11445,03/20/2014,03-March,5-Thursday,16:44,1600 Hours,District 6 (East Central),DUBUQUE,DUBUQUE,US 20,US 20/DODGE ST,Collision with:  Vehicle in traffic,On Roadway,Rear-end (front to rear),Lost Control,None Indicated,,Daylight,Dry,Clear,None apparent,Non-intersection:  Non-junction/no special feature,Paved,,Minor Injury,0,2,0,1,1,0,10000,3,3,,POINT (-90.669390679695 42.491434598356)
2014792119,,03/20/2014,03-March,5-Thursday,06:45,0600 Hours,District 4 (Southwest),,MILLS,,Co Rd L55/287TH ST,Collision with:  Animal,On Roadway,Non-collision (single vehicle),Animal,None Indicated,,Dawn,Dry,Clear,,Non-intersection:  Non-junction/no special feature,Paved,,Property Damage Only,0,0,0,0,0,0,3500,1,1,,POINT (-95.642633261406 41.033784232558)
2014792469,,03/20/2014,03-March,5-Thursday,06:40,0600 Hours,District 2 (Northeast),,WINNEBAGO,,Co Rd R74/225TH AVE,Non-collision events:  Overturn/rollover,On Roadway,Non-collision (single vehicle),Driving too fast for conditions,None Indicated,,Dawn,Ice/frost,Rain,"Surface condition (e.g., wet, icy)",Non-intersection:  Non-junction/no special feature,Paved,,Property Damage Only,0,0,0,0,0,0,6000,1,1,,POINT (-93.523424492066 43.366578125745)
2014792316,,03/20/2014,03-March,5-Thursday,07:50,0700 Hours,District 6 (East Central),CEDAR RAPIDS,LINN,,,Collision with:  Vehicle in traffic,On Roadway,"Sideswipe, opposite direction",Unknown,None Indicated,,Daylight,Dry,Clear,,,,,Property Damage Only,0,0,0,0,0,0,4500,2,5,,POINT (-96.643700149993 40.233091251414)
2014791983,14001759,03/20/2014,03-March,5-Thursday,08:15,0800 Hours,District 1 (Central),WEBSTER CITY,HAMILTON,,Co Rd R27/FISHER AVE & 198TH ST & BLUEBERRY HILL DR,Non-collision events:  Overturn/rollover,Roadside,Non-collision (single vehicle),Crossed centerline (undivided),None Indicated,,Daylight,Other (explain in narrative),Clear,"Surface condition (e.g., wet, icy)",Non-intersection:  Non-junction/no special feature,Paved,,Property Damage Only,0,0,0,0,0,0,4500,1,1,,POINT (-93.855685655219 42.504117561292)
2014791718,140683,03/20/2014,03-March,5-Thursday,10:34,1000 Hours,District 3 (Northwest),DENISON,CRAWFORD,,BROADWAY,Collision with:  Vehicle in traffic,On Roadway,Broadside (front to side),Traveling wrong way or on wrong side of road,None Indicated,,Daylight,Dry,Cloudy,None apparent,Non-intersection:  Non-junction/no special feature,Paved,,Property Damage Only,0,0,0,0,0,0,3000,2,2,,POINT (-95.35283509603 42.016713070855)
2014792982,14030393,03/20/2014,03-March,5-Thursday,05:40,0500 Hours,District 5 (Southeast),,WAPELLO,US 63,US 63,Collision with:  Animal,,Non-collision (single vehicle),Animal,None Indicated,,,,,,,Paved,,Property Damage Only,0,0,0,0,0,0,4000,1,1,,POINT (-92.409513426795 40.914593336232)
2014792234,14-5413,03/20/2014,03-March,5-Thursday,00:28,0000 Hours,District 6 (East Central),,SCOTT,,Co Rd Y4E/ALLENS GROVE RD,Collision with fixed object:  Ditch,Shoulder,Non-collision (single vehicle),Exceeded authorized speed,None Indicated,,Dark - roadway not lighted,Dry,Clear,None apparent,Non-intersection:  Non-junction/no special feature,Paved,,Possible/Unknown,0,1,0,0,0,1,15000,1,2,,POINT (-90.738294536246 41.708906947137)
2014792000,201400826,03/20/2014,03-March,5-Thursday,18:42,1800 Hours,District 6 (East Central),,LINN,I-380,I-380,Collision with fixed object:  Curb/island/raised median,Median,Non-collision (single vehicle),Crossed centerline (undivided),None Indicated,,Daylight,Dry,Clear,None apparent,Non-intersection:  Non-junction/no special feature,Paved,,Property Damage Only,0,0,0,0,0,0,3000,1,2,,POINT (-91.830991343254 42.202910935511)
2014792646,2014018574,03/20/2014,03-March,5-Thursday,09:29,0900 Hours,District 6 (East Central),DAVENPORT,SCOTT,,E 47TH ST & JERSEY RIDGE RD,Collision with:  Animal,,Non-collision (single vehicle),Animal,None Indicated,,,,,,,Paved,,Property Damage Only,0,0,0,0,0,0,2000,1,1,,POINT (-90.541601451401 41.569456276331)
2014792115,,03/20/2014,03-March,5-Thursday,07:42,0700 Hours,District 2 (Northeast),CHARLES CITY,FLOYD,,13TH AVE & PROSPECT LN,Collision with:  Vehicle in traffic,On Roadway,"Angle, oncoming left turn",FTYROW:  Making left turn,None Indicated,,Daylight,Ice/frost,"Fog, smoke, smog","Surface condition (e.g., wet, icy)",Intersection:  T-intersection,Paved,,Property Damage Only,0,0,0,0,0,0,7000,2,2,,POINT (-92.649345491128 43.078222587353)
2014798045,14-001951,03/20/2014,03-March,5-Thursday,06:31,0600 Hours,District 2 (Northeast),,CLAYTON,,Co Rd C17/CLAYTON RD,Collision with fixed object:  Ditch,On Roadway,Non-collision (single vehicle),Swerving/Evasive Action,None Indicated,,Dark - roadway not lighted,Snow,"Fog, smoke, smog","Surface condition (e.g., wet, icy)",Non-intersection:  Non-junction/no special feature,Paved,,Property Damage Only,0,0,0,0,0,0,6000,1,1,,POINT (-91.199595227541 42.874152357918)
2014791630,14-006143,03/20/2014,03-March,5-Thursday,16:05,1600 Hours,District 5 (Southeast),KNOXVILLE,MARION,,W ROBINSON ST & E ROBINSON ST & S ROCHE ST,Collision with:  Vehicle in traffic,On Roadway,Broadside (front to side),Ran Stop Sign,None Indicated,,Daylight,Dry,Clear,None apparent,Intersection:  Four-way intersection,Paved,,Possible/Unknown,0,2,0,0,2,0,2500,2,3,,POINT (-93.0998972446 41.318019202522)
2014791666,14-0792,03/20/2014,03-March,5-Thursday,15:00,1500 Hours,District 1 (Central),FORT DODGE,WEBSTER,,CENTRAL AVE & S 14TH ST & N 14TH ST,Collision with:  Vehicle in traffic,On Roadway,Rear-end (front to rear),Followed too close,None Indicated,,Daylight,Dry,Clear,None apparent,Intersection:  Four-way intersection,Paved,,Property Damage Only,0,0,0,0,0,0,4500,2,3,,POINT (-94.179473881639 42.5060964908)
2014791845,14-5429,03/20/2014,03-March,5-Thursday,05:39,0500 Hours,District 6 (East Central),,SCOTT,,267 ST,Collision with:  Animal,,,Animal,None Indicated,,,,,,,Paved,,Property Damage Only,0,0,0,0,0,0,1500,1,1,,POINT (-90.55599056957 41.694977397805)
2014791585,14-8237,03/20/2014,03-March,5-Thursday,05:38,0500 Hours,District 3 (Northwest),SIOUX CITY,WOODBURY,,S CEDAR ST,Collision with:  Parked motor vehicle,On Roadway,"Sideswipe, same direction",Lost Control,None Indicated,,Dark - roadway lighted,Dry,Clear,None apparent,Non-intersection:  Non-junction/no special feature,Paved,,Property Damage Only,0,0,0,0,0,0,2800,2,1,,POINT (-96.343645852003 42.467886180226)
2014791954,01-14-11362,03/20/2014,03-March,5-Thursday,06:00,0600 Hours,District 6 (East Central),DUBUQUE,DUBUQUE,US 52,US 52/KERRIGAN RD,Collision with fixed object:  Concrete traffic barrier (median or right side),On Roadway,Non-collision (single vehicle),Lost Control,None Indicated,,Daylight,Snow,Clear,"Surface condition (e.g., wet, icy)",Non-intersection:  Non-junction/no special feature,Paved,,Property Damage Only,0,0,0,0,0,0,2000,1,1,,POINT (-90.663230806679 42.484978426377)
2014791665,14-0152,03/20/2014,03-March,5-Thursday,06:30,0600 Hours,District 1 (Central),OTHO,WEBSTER,US 169,US 169/LAINSON AVE,Collision with:  Vehicle in traffic,On Roadway,Rear-end (front to rear),Ran off road - right,None Indicated,,Dark - roadway not lighted,Dry,Clear,None apparent,Non-intersection:  Non-junction/no special feature,Paved,,Possible/Unknown,0,1,0,0,1,0,17000,3,3,,POINT (-94.184055897097 42.388892942768)
2014791957,01-14-11395,03/20/2014,03-March,5-Thursday,11:56,1100 Hours,District 6 (East Central),DUBUQUE,DUBUQUE,,W 10TH ST & LOCUST ST S,Collision with:  Vehicle in traffic,On Roadway,Broadside (front to side),Ran Traffic Signal,None Indicated,,Daylight,Dry,Clear,None apparent,Intersection:  Four-way intersection,Paved,,Property Damage Only,0,0,0,0,0,0,3500,2,3,,POINT (-90.669163717464 42.502128185375)
2014798715,S14-C2002,03/20/2014,03-March,5-Thursday,05:30,0500 Hours,District 5 (Southeast),,CLARKE,,Co Rd R59/LIBERTY HWY,Collision with:  Animal,,,Animal,None Indicated,,,,,,,Paved,,Property Damage Only,0,0,0,0,0,0,3500,1,1,,POINT (-93.653347456023 41.042954328701)
2014793488,4514-020,03/20/2014,03-March,5-Thursday,07:39,0700 Hours,District 2 (Northeast),,HOWARD,,Co Rd A46/150TH ST,Collision with:  Vehicle in traffic,On Roadway,Rear-end (front to rear),Driving too fast for conditions,None Indicated,,Daylight,Ice/frost,"Fog, smoke, smog",None apparent,Non-intersection:  Non-junction/no special feature,Paved,,Property Damage Only,0,0,0,0,0,0,5000,2,2,,POINT (-92.398685279438 43.298877213414)
2014792001,201400828,03/20/2014,03-March,5-Thursday,19:57,1900 Hours,District 6 (East Central),,LINN,,Co Rd E48/WEST MT VERNON RD & HORN RD,Collision with:  Animal,,,Animal,None Indicated,,,,,,,Paved,,Property Damage Only,0,0,0,0,0,0,8000,1,1,,POINT (-91.482297724747 41.962422794998)
2014791608,14004231,03/20/2014,03-March,5-Thursday,16:10,1600 Hours,District 2 (Northeast),MASON CITY,CERRO GORDO,IA 122,IA 122/4TH ST SW,Collision with:  Vehicle in traffic,On Roadway,Broadside (front to side),FTYROW:  Making left turn,None Indicated,,Daylight,Dry,Clear,None apparent,Intersection:  Four-way intersection,Paved,,Property Damage Only,0,0,0,0,0,0,1500,2,2,,POINT (-93.267697140125 43.148324775334)
2014791759,14006191,03/20/2014,03-March,5-Thursday,07:42,0700 Hours,District 5 (Southeast),OSKALOOSA,MAHASKA,,3RD AVE W,Collision with:  Parked motor vehicle,On Roadway,Rear-end (front to rear),Other (explain in narrative):  Other,None Indicated,,Daylight,Dry,Clear,None apparent,Non-intersection:  Non-junction/no special feature,Paved,,Minor Injury,0,1,0,1,0,0,10000,2,2,,POINT (-92.656402168889 41.292499199643)
2014792129,,03/20/2014,03-March,5-Thursday,18:50,1800 Hours,District 3 (Northwest),MAPLETON,MONONA,IA 141,IA 141/N 4TH ST/S 4TH ST & IA 175/MAIN ST,Collision with:  Vehicle in traffic,On Roadway,Rear-end (front to rear),Followed too close,None Indicated,,Dusk,Dry,Clear,None apparent,Intersection:  Y-intersection,Paved,,Property Damage Only,0,0,0,0,0,0,2500,2,2,,POINT (-95.79327818172 42.165896614492)
2014850972,14001943,03/20/2014,03-March,5-Thursday,06:21,0600 Hours,District 5 (Southeast),,LOUISA,US 61,US 61,Collision with:  Animal,,,Animal,None Indicated,,,,,,,Paved,,Property Damage Only,0,0,0,0,0,0,2500,1,777,,POINT (-91.182641355635 41.093492132357)
2014792449,2014018680,03/20/2014,03-March,5-Thursday,20:15,2000 Hours,District 4 (Southwest),,MILLS,,Co Rd L35/221ST ST,Non-collision events:  Overturn/rollover,Roadside,Non-collision (single vehicle),Exceeded authorized speed,None Indicated,,Dark - roadway not lighted,Dry,Clear,None apparent,Non-intersection:  Non-junction/no special feature,Paved,,Fatal,1,0,0,0,0,0,15000,1,1,,POINT (-95.772154514937 41.112790248054)
2014791669,14-8261,03/20/2014,03-March,5-Thursday,11:56,1100 Hours,District 3 (Northwest),SIOUX CITY,WOODBURY,,9TH ST,Collision with:  Parked motor vehicle,Roadside,"Sideswipe, opposite direction",Unknown,None Indicated,,Daylight,Dry,Clear,None apparent,Non-intersection:  Non-junction/no special feature,Paved,,Property Damage Only,0,0,0,0,0,0,1500,2,1,,POINT (-96.399051168234 42.499643319564)
2014793086,14-0694,03/20/2014,03-March,5-Thursday,10:05,1000 Hours,District 2 (Northeast),OSAGE,MITCHELL,,ASH ST & N 4TH ST,Collision with:  Vehicle in traffic,On Roadway,Broadside (front to side),FTYROW:  At uncontrolled intersection,None Indicated,,Daylight,Snow,Cloudy,None apparent,Non-intersection:  Non-junction/no special feature,Paved,,Property Damage Only,0,0,0,0,0,0,5500,2,3,,POINT (-92.816447632429 43.287947154714)
2014791619,14-004239,03/20/2014,03-March,5-Thursday,05:47,0500 Hours,District 5 (Southeast),,HENRY,US 218,US 218,Collision with:  Animal,,,Animal,None Indicated,,,,,,,Paved,,Property Damage Only,0,0,0,0,0,0,2000,1,1,,POINT (-91.561347407083 40.885979929135)
2014795935,201400825,03/20/2014,03-March,5-Thursday,16:30,1600 Hours,District 6 (East Central),,LINN,,BANNER DR,Collision with:  Vehicle in traffic,On Roadway,Head-on (front to front),Swerving/Evasive Action,None Indicated,,Daylight,Dry,Cloudy,None apparent,Non-intersection:  Non-junction/no special feature,Paved,,Property Damage Only,0,0,0,0,0,0,1500,2,2,,POINT (-91.556148455077 42.019593300879)
2014791755,14005777,03/20/2014,03-March,5-Thursday,23:27,2300 Hours,District 6 (East Central),MARION,LINN,,BLAIRS FERRY RD NE,Collision with:  Vehicle in traffic,On Roadway,"Sideswipe, same direction","Operating vehicle in an reckless, erratic, careless, negligent manner",None Indicated,,Dark - roadway lighted,Dry,Clear,None apparent,Non-intersection:  Non-junction/no special feature,Paved,,Property Damage Only,0,0,0,0,0,0,1500,2,7,,POINT (-91.634640548669 42.034414749907)
2014791565,14-1338,03/20/2014,03-March,5-Thursday,13:33,1300 Hours,District 4 (Southwest),WEST DES MOINES,DALLAS,,JORDAN CREEK PKWY,Collision with:  Vehicle in traffic,On Roadway,Rear-end (front to rear),Followed too close,None Indicated,,Daylight,Dry,Clear,None apparent,Non-intersection:  Non-junction/no special feature,Paved,,Property Damage Only,0,0,0,0,0,0,9000,2,2,,POINT (-93.808946395428 41.596359238759)
2014793569,2014018564,03/20/2014,03-March,5-Thursday,07:30,0700 Hours,District 6 (East Central),,DELAWARE,,Co Rd X49/FLOYD RD/332ND AVE,Collision with:  Vehicle in traffic,On Roadway,Broadside (front to side),Swerving/Evasive Action,None Indicated,,Daylight,Ice/frost,Cloudy,"Surface condition (e.g., wet, icy)",Intersection:  T-intersection,Paved,,Property Damage Only,0,0,0,0,0,0,3700,2,2,,POINT (-91.14900621193 42.51499296439)
2014792132,,03/20/2014,03-March,5-Thursday,06:29,0600 Hours,District 2 (Northeast),,FLOYD,US 18,US 18,Non-collision events:  Overturn/rollover,On Roadway,Non-collision (single vehicle),Crossed centerline (undivided),None Indicated,,Dawn,,Rain,,,Paved,,Possible/Unknown,0,1,0,0,1,0,3000,1,2,,POINT (-92.763621240455 43.127376400672)
2014791714,CL14000818,03/20/2014,03-March,5-Thursday,20:40,2000 Hours,District 6 (East Central),CLINTON,CLINTON,IA 136,IA 136/MAIN AVE,Collision with:  Non-motorist (see non-motorist section - NOT a unit),On Roadway,Non-collision (single vehicle),Other (explain in narrative):  Other,None Indicated,,Dark - roadway lighted,Dry,Clear,None apparent,Non-intersection:  Driveway access (within),Paved,,Possible/Unknown,0,1,0,0,1,0,0,1,1,,POINT (-90.197482309915 41.87383882101)
2014791640,20140007413,03/20/2014,03-March,5-Thursday,08:40,0800 Hours,District 1 (Central),DES MOINES,POLK,US 69,US 69/SE 14TH ST & E LACONA AVE,Collision with:  Vehicle in traffic,On Roadway,"Sideswipe, same direction",FTYROW:  From stop sign,None Indicated,,Daylight,Dry,Cloudy,None apparent,Intersection:  Four-way intersection,Paved,,Property Damage Only,0,0,0,0,0,0,3000,2,2,,POINT (-93.596913036967 41.564058557427)
2014791668,14-8241,03/20/2014,03-March,5-Thursday,07:59,0700 Hours,District 3 (Northwest),SIOUX CITY,WOODBURY,US 20,US 20/NW RAMP,Collision with:  Vehicle in traffic,On Roadway,Rear-end (front to rear),Followed too close,None Indicated,,Daylight,Dry,Clear,None apparent,Intersection:  Intersection with ramp,Paved,,Property Damage Only,0,0,0,0,0,0,3000,2,2,,POINT (-96.326221652511 42.475543350544)
2014792524,N14000116,03/20/2014,03-March,5-Thursday,06:10,0600 Hours,District 6 (East Central),NORTH LIBERTY,JOHNSON,,PROGRESS ST,Collision with:  Parked motor vehicle,Outside trafficway,Broadside (front to side),"Operating vehicle in an reckless, erratic, careless, negligent manner",None Indicated,,Dawn,Dry,Clear,None apparent,Non-intersection:  Non-junction/no special feature,Unpaved,,Possible/Unknown,0,1,0,0,1,0,15500,3,1,,POINT (-91.613785857245 41.761464757639)
2014791956,01-14-11385,03/20/2014,03-March,5-Thursday,10:53,1000 Hours,District 6 (East Central),DUBUQUE,DUBUQUE,US 20,US 20/RAMP,Collision with:  Vehicle in traffic,On Roadway,Rear-end (front to rear),FTYROW:  Other (explain in narrative),None Indicated,,Daylight,Wet,Clear,None apparent,Intersection:  T-intersection,Paved,,Property Damage Only,0,0,0,0,0,0,3750,2,5,,POINT (-90.679554221245 42.490686379437)
2014791955,01-14-11372,03/20/2014,03-March,5-Thursday,08:35,0800 Hours,District 6 (East Central),DUBUQUE,DUBUQUE,US 20,US 20/DODGE ST & IA 946/IOWA 946,Collision with:  Vehicle in traffic,On Roadway,Rear-end (front to rear),Lost Control,None Indicated,,Daylight,Wet,Cloudy,None apparent,Intersection:  Four-way intersection,Paved,,Property Damage Only,0,0,0,0,0,0,2500,2,3,,POINT (-90.665098532681 42.492004570747)