Iowa DOT Case Number,Law Enforcement Case Number,Date of Crash,Month of Crash,Day of Week,Time of Crash,Hour,DOT District,City Name,County Name,Route with System,Location Description,First Harmful Event,Location of First Harmful Event,Manner of Crash/Collision,Major Cause,Drug or Alcohol ,Environmental Conditions,Light Conditions,Surface Conditions,Weather Conditions,Roadway Contribution,Roadway Type,Roadway Surface,Work Zone,Crash Severity,Number of Fatalities,Number of Injuries,Number of Major Injuries,Number of Minor Injuries,Number of Possible Injuries,Number of Unknown Injuries,Amount of Property Damage,Number of Vehicles Involved,Total Number of Occupants,Travel Direction,Location
2014791672,14-8282,03/20/2014,03-March,5-Thursday,14:58,1400 Hours,District 3 (Northwest),SIOUX CITY,WOODBURY,,DOUGLAS ST & 6TH ST,Collision with:  Non-motorist (see non-motorist section - NOT a unit),On Roadway,Non-collision (single vehicle),Other (explain in narrative):  No improper action,None Indicated,,Daylight,Dry,Clear,None apparent,Non-intersection:  Non-junction/no special feature,Paved,,Minor Injury,0,1,0,1,0,0,1000,1,1,,POINT (-96.406429029888 42.496353486741)
2014794484,,03/20/2014,03-March,5-Thursday,16:10,1600 Hours,District 4 (Southwest),,FREMONT,,305 ST,Collision with fixed object:  Tree,Roadside,Non-collision (single vehicle),Swerving/Evasive Action,None Indicated,,Daylight,"Mud, dirt",Clear,None apparent,Non-intersection:  Other non-intersection (explain in narrative),Unpaved,,Property Damage Only,0,0,0,0,0,0,4000,1,1,,POINT (-95.621636893422 40.607316968218)
2014792125,,03/20/2014,03-March,5-Thursday,07:45,0700 Hours,District 2 (Northeast),,FLOYD,,Co Rd T47/PACKARD AVE & 220TH ST,Collision with:  Vehicle in traffic,On Roadway,Head-on (front to front),Traveling wrong way or on wrong side of road,None Indicated,,Dawn,Snow,Snow,"Surface condition (e.g., wet, icy)",Intersection:  T-intersection,Paved,,Possible/Unknown,0,1,0,0,1,0,7000,2,11,,POINT (-92.732205081343 43.03820317643)
2014791600,W14-027229,03/20/2014,03-March,5-Thursday,16:30,1600 Hours,District 2 (Northeast),WATERLOO,BLACK HAWK,US 63,US 63/E MULLAN AVE & CONGER ST & NEWELL ST,Collision with:  Vehicle in traffic,On Roadway,"Sideswipe, same direction",Improper or erratic lane changing,None Indicated,,Daylight,Dry,Clear,None apparent,Intersection:  Four-way intersection,Paved,,Property Damage Only,0,0,0,0,0,0,12500,2,2,,POINT (-92.336693729276 42.513146521963)
2014791655,14-010860,03/20/2014,03-March,5-Thursday,14:45,1400 Hours,District 4 (Southwest),COUNCIL BLUFFS,POTTAWATTAMIE,US 6,US 6/W BROADWAY & S 32ND ST & N 32ND ST,Collision with:  Vehicle in traffic,On Roadway,Rear-end (front to rear),Followed too close,None Indicated,,Daylight,Dry,Clear,None apparent,Intersection:  Four-way intersection,Paved,,Possible/Unknown,0,1,0,0,1,0,2200,2,3,,POINT (-95.896419980368 41.261956997108)
2014800124,PD1402221,03/20/2014,03-March,5-Thursday,02:32,0200 Hours,District 5 (Southeast),FAIRFIELD,JEFFERSON,,W KIRKWOOD AVE,Collision with:  Parked motor vehicle,On Roadway,"Sideswipe, same direction",Separation of units,None Indicated,,Dark - roadway not lighted,Dry,Cloudy,None apparent,Non-intersection:  Non-junction/no special feature,Paved,,Property Damage Only,0,0,0,0,0,0,3600,2,1,,POINT (-91.969504097872 41.012931844392)
2014791933,14004203,03/20/2014,03-March,5-Thursday,08:20,0800 Hours,District 2 (Northeast),MASON CITY,CERRO GORDO,US 65,US 65/N FEDERAL AVE,Collision with:  Vehicle in traffic,On Roadway,Rear-end (front to rear),Driving too fast for conditions,None Indicated,,Daylight,Dry,"Fog, smoke, smog",None apparent,Non-intersection:  Driveway access (within),Paved,,Minor Injury,0,1,0,1,0,0,10000,2,2,,POINT (-93.20098843849 43.177510981182)
2014791642,20140007429,03/20/2014,03-March,5-Thursday,12:52,1200 Hours,District 1 (Central),DES MOINES,POLK,,FLEUR DR,Collision with:  Vehicle in traffic,On Roadway,"Angle, oncoming left turn",FTYROW:  Making left turn,None Indicated,,Daylight,Dry,Clear,None apparent,Non-intersection:  Driveway access (within),Paved,,Property Damage Only,0,0,0,0,0,0,2250,2,2,,POINT (-93.645013966502 41.54561305201)
2014791959,01-14-11408,03/20/2014,03-March,5-Thursday,14:10,1400 Hours,District 6 (East Central),DUBUQUE,DUBUQUE,US 52,US 52/WHITE ST & E 20TH ST,Collision with:  Vehicle in traffic,On Roadway,Broadside (front to side),Ran Traffic Signal,None Indicated,,Daylight,Dry,Clear,None apparent,Intersection:  Four-way intersection,Paved,,Property Damage Only,0,0,0,0,0,0,3000,2,5,,POINT (-90.669354337519 42.511407429549)
2014791656,14-010884,03/20/2014,03-March,5-Thursday,18:05,1800 Hours,District 4 (Southwest),COUNCIL BLUFFS,POTTAWATTAMIE,US 6,US 6/W BROADWAY & S 25TH ST & N 25TH ST,Collision with:  Vehicle in traffic,On Roadway,Rear-end (front to rear),Followed too close,None Indicated,,Daylight,Dry,Clear,None apparent,Intersection:  Four-way intersection,Paved,,Possible/Unknown,0,2,0,0,2,0,800,2,4,,POINT (-95.88190427947 41.261916274682)
2014792989,2014018580,03/20/2014,03-March,5-Thursday,08:08,0800 Hours,District 2 (Northeast),RUDD,FLOYD,US 18,US 18 & 6TH ST & GLASS AVE,Collision with:  Vehicle in traffic,On Roadway,Broadside (front to side),FTYROW:  From yield sign,None Indicated,,Daylight,Wet,"Fog, smoke, smog",None apparent,Intersection:  Four-way intersection,Paved,,Minor Injury,0,2,0,2,0,0,9000,2,2,,POINT (-92.905544870898 43.119062938834)
2014791670,14-8271,03/20/2014,03-March,5-Thursday,13:19,1300 Hours,District 3 (Northwest),SIOUX CITY,WOODBURY,,MILITARY RD,Collision with fixed object:  Traffic sign support,On Roadway,Non-collision (single vehicle),Ran off road - left,None Indicated,,Daylight,Dry,Clear,None apparent,Non-intersection:  Driveway access (within),Paved,,Possible/Unknown,0,1,0,0,1,0,15150,1,1,,POINT (-96.442788058111 42.515210596072)
2014792335,14-4572,03/20/2014,03-March,5-Thursday,08:04,0800 Hours,District 2 (Northeast),,BREMER,,Co Rd V56/VIKING AVE,Non-collision events:  Overturn/rollover,Roadside,Non-collision (single vehicle),Driving too fast for conditions,None Indicated,,Daylight,Ice/frost,"Fog, smoke, smog","Surface condition (e.g., wet, icy)",Non-intersection:  Driveway access (within),Paved,,Property Damage Only,0,0,0,0,0,0,3500,1,1,,POINT (-92.140901073923 42.889751956372)
2014791859,14-3125,03/20/2014,03-March,5-Thursday,14:00,1400 Hours,District 3 (Northwest),HOSPERS,SIOUX,,WALNUT ST,Collision with:  Parked motor vehicle,On Roadway,Rear-end (front to rear),Other (explain in narrative):  Vision obstructed,None Indicated,,Daylight,Dry,Clear,None apparent,Non-intersection:  Non-junction/no special feature,Paved,,Property Damage Only,0,0,0,0,0,0,4000,2,1,,POINT (-95.90206820572 43.074435526391)
2014791960,01-14-11415,03/20/2014,03-March,5-Thursday,14:38,1400 Hours,District 6 (East Central),DUBUQUE,DUBUQUE,US 61,US 61/RAMP,Non-collision events:  Other non-collision (explain in narrative),On Roadway,Non-collision (single vehicle),Ran off road - left,None Indicated,,Daylight,Dry,Clear,None apparent,Interchange-related:  Off-ramp,Paved,,Property Damage Only,0,0,0,0,0,0,2500,1,1,,POINT (-90.694704098508 42.41940920357)
2014791556,14-1861,03/20/2014,03-March,5-Thursday,12:27,1200 Hours,District 1 (Central),,POLK,IA 415,IA 415/2ND AVE,Collision with:  Vehicle in traffic,On Roadway,Rear-end (front to rear),Other (explain in narrative):  Other,None Indicated,,Daylight,Dry,Clear,None apparent,Non-intersection:  Non-junction/no special feature,Paved,,Possible/Unknown,0,2,0,0,2,0,1000,2,5,,POINT (-93.620221510254 41.658637061765)
2014791586,14-1526,03/20/2014,03-March,5-Thursday,07:30,0700 Hours,District 2 (Northeast),,KOSSUTH,US 169,US 169 & Co Rd P50/150 AVE,Collision with fixed object:  Utility pole/light support,Roadside,Non-collision (single vehicle),Driving too fast for conditions,None Indicated,,Daylight,Ice/frost,"Fog, smoke, smog","Surface condition (e.g., wet, icy)",Intersection:  Four-way intersection,Paved,,Possible/Unknown,0,3,0,0,3,0,10000,1,3,,POINT (-94.168178204072 43.385653251581)
2014793407,2014-16692,03/20/2014,03-March,5-Thursday,08:12,0800 Hours,District 6 (East Central),DAVENPORT,SCOTT,,W PLEASANT ST,Collision with:  Parked motor vehicle,On Roadway,Broadside (front to side),FTYROW:  From driveway,None Indicated,,Daylight,Dry,Clear,None apparent,Non-intersection:  Driveway access (within),Paved,,Property Damage Only,0,0,0,0,0,0,2000,2,1,,POINT (-90.59660938374 41.539466758566)
2014792100,2014018546,03/20/2014,03-March,5-Thursday,06:47,0600 Hours,District 1 (Central),,STORY,I-35,I-35,Collision with:  Vehicle in traffic,Outside trafficway,Rear-end (front to rear),Improper Backing,None Indicated,,Dark - roadway lighted,Dry,Cloudy,None apparent,Non-intersection:  Non-junction/no special feature,Paved,,Property Damage Only,0,0,0,0,0,0,1500,2,2,,POINT (-93.570162530261 41.922286422023)
2014792784,14-001272,03/20/2014,03-March,5-Thursday,00:00,0000 Hours,District 1 (Central),ANKENY,POLK,,SW TOWNPARK DR,Collision with:  Parked motor vehicle,On Roadway,Unknown,Illegally Parked/Unattended,None Indicated,,Dark - roadway lighted,Dry,Clear,Unknown,Non-intersection:  Non-junction/no special feature,Paved,,Property Damage Only,0,0,0,0,0,0,1500,2,1,,POINT (-93.636223045137 41.698009744917)
2014793294,14-001869,03/20/2014,03-March,5-Thursday,19:41,1900 Hours,District 4 (Southwest),PERRY,DALLAS,,WILLIS AVE,Collision with:  Vehicle in traffic,On Roadway,Rear-end (front to rear),Followed too close,None Indicated,,Dark - roadway lighted,Dry,Clear,None apparent,Non-intersection:  Non-junction/no special feature,Paved,,Possible/Unknown,0,1,0,0,0,1,2100,2,6,,POINT (-94.104853874547 41.83850612092)
2014798046,14-001968,03/20/2014,03-March,5-Thursday,20:04,2000 Hours,District 2 (Northeast),,CLAYTON,,Co Rd X47/OSTERDOCK RD & 370TH ST,Collision with:  Animal,,,Animal,None Indicated,,,,,,,Paved,,Property Damage Only,0,0,0,0,0,0,5000,1,1,,POINT (-91.201444018943 42.68921698982)
2014793906,,03/21/2014,03-March,6-Friday,17:00,1700 Hours,District 2 (Northeast),KLEMME,HANCOCK,,TAFT AVE,Non-collision events:  Other non-collision (explain in narrative),Shoulder,Non-collision (single vehicle),Other (explain in narrative):  No improper action,None Indicated,,Daylight,"Mud, dirt",Clear,"Surface condition (e.g., wet, icy)",Non-intersection:  Other non-intersection (explain in narrative),Unpaved,,Property Damage Only,0,0,0,0,0,0,3300,1,1,,POINT (-93.596638577618 42.978554556962)
2014791753,14005794,03/21/2014,03-March,6-Friday,04:49,0400 Hours,District 6 (East Central),MARION,LINN,,BOYSON RD & ALBURNETT RD,Collision with:  Animal,On Roadway,Non-collision (single vehicle),Animal,None Indicated,,Dark - roadway lighted,Dry,Cloudy,None apparent,Non-intersection:  Non-junction/no special feature,Paved,,Property Damage Only,0,0,0,0,0,0,1500,1,1,,POINT (-91.61043398544 42.043679911472)
2014791696,W14-027474,03/21/2014,03-March,6-Friday,09:42,0900 Hours,District 2 (Northeast),WATERLOO,BLACK HAWK,I-380,I-380,Collision with:  Vehicle in traffic,On Roadway,"Sideswipe, same direction",Unknown,None Indicated,,Daylight,Dry,Clear,None apparent,Non-intersection:  Non-junction/no special feature,Paved,,Property Damage Only,0,0,0,0,0,0,4000,2,2,,POINT (-92.322158886559 42.475993467496)
2014792228,14-011014,03/21/2014,03-March,6-Friday,11:58,1100 Hours,District 4 (Southwest),COUNCIL BLUFFS,POTTAWATTAMIE,,AVE A & N 35TH ST,Collision with:  Vehicle in traffic,On Roadway,Broadside (front to side),Ran Stop Sign,None Indicated,,Daylight,Dry,Clear,None apparent,Intersection:  Four-way intersection,Paved,,Property Damage Only,0,0,0,0,0,0,4000,2,3,,POINT (-95.902055456919 41.262805661613)
2014792651,2014018851,03/21/2014,03-March,6-Friday,22:45,2200 Hours,District 6 (East Central),DAVENPORT,SCOTT,I-80,I-80 & IA 130/NEW LIBERTY RD,Collision with:  Vehicle in traffic,On Roadway,"Angle, oncoming left turn",Ran Traffic Signal,None Indicated,,Dark - roadway lighted,Dry,Cloudy,None apparent,Intersection:  Four-way intersection,Paved,,Property Damage Only,0,0,0,0,0,0,6000,2,6,,POINT (-90.617830845392 41.598747398221)
2014791881,14-0816,03/21/2014,03-March,6-Friday,21:45,2100 Hours,District 1 (Central),FORT DODGE,WEBSTER,,5TH AVE S & S 21ST ST,Collision with:  Vehicle in traffic,On Roadway,Rear-end (front to rear),Followed too close,None Indicated,,Dark - roadway lighted,Dry,Clear,None apparent,Intersection:  Four-way intersection,Paved,,Property Damage Only,0,0,0,0,0,0,2000,2,3,,POINT (-94.169424232162 42.501084248787)
2014792082,14-8410,03/21/2014,03-March,6-Friday,17:24,1700 Hours,District 3 (Northwest),SIOUX CITY,WOODBURY,,4TH ST & FLOYD BLVD,Collision with:  Vehicle in traffic,On Roadway,"Sideswipe, same direction",Ran Traffic Signal,None Indicated,,Daylight,Dry,Clear,None apparent,Intersection:  Four-way intersection,Paved,,Possible/Unknown,0,1,0,0,1,0,6000,2,3,,POINT (-96.393454421671 42.494262601259)
2014792170,201403948,03/21/2014,03-March,6-Friday,01:50,0100 Hours,District 6 (East Central),CEDAR RAPIDS,LINN,,2ND AVE SW & 3RD ST SW,Collision with fixed object:  Utility pole/light support,Outside trafficway,Non-collision (single vehicle),Traveling wrong way or on wrong side of road,Refused,,Dark - roadway lighted,Dry,Clear,None apparent,Intersection:  Four-way intersection,Paved,,Minor Injury,0,1,0,1,0,0,10250,1,1,,POINT (-91.675083508751 41.974662968575)
2014792120,,03/21/2014,03-March,6-Friday,08:02,0800 Hours,District 3 (Northwest),LE MARS,PLYMOUTH,IA 3,IA 3/PLYMOUTH ST & IA 404/5TH AVE NW & 5TH AVE SW,Collision with:  Vehicle in traffic,On Roadway,Broadside (front to side),Ran Traffic Signal,None Indicated,,Daylight,Dry,Clear,None apparent,Intersection:  Four-way intersection,Paved,,Property Damage Only,0,0,0,0,0,0,1800,2,2,,POINT (-96.173799301568 42.793064844681)
2014791962,01-14-11602,03/21/2014,03-March,6-Friday,15:51,1500 Hours,District 6 (East Central),DUBUQUE,DUBUQUE,US 52,US 52/CENTRAL AVE & LORAS BLVD & E 14TH ST,Collision with:  Vehicle in traffic,On Roadway,Rear-end (front to rear),Driving too fast for conditions,None Indicated,,Daylight,Dry,Clear,None apparent,Non-intersection:  Non-junction/no special feature,Paved,,Property Damage Only,0,0,0,0,0,0,2500,2,2,,POINT (-90.667753208968 42.506349934824)
2014792134,,03/21/2014,03-March,6-Friday,03:42,0300 Hours,District 2 (Northeast),,FLOYD,,Co Rd B30/RUDD PARK RD,,Outside trafficway,Non-collision (single vehicle),"Operating vehicle in an reckless, erratic, careless, negligent manner",Alcohol (Statutory),,Dark - roadway lighted,Dry,Clear,None apparent,Intersection:  T-intersection,Paved,,Minor Injury,0,1,0,1,0,0,2000,1,2,,POINT (-92.877183281476 43.126672163769)
2014791806,20140007553,03/21/2014,03-March,6-Friday,16:02,1600 Hours,District 1 (Central),DES MOINES,POLK,,UNIVERSITY AVE,Collision with:  Vehicle in traffic,On Roadway,Rear-end (front to rear),FTYROW:  Other (explain in narrative),None Indicated,,Daylight,Dry,Cloudy,None apparent,Non-intersection:  Non-junction/no special feature,Paved,,Property Damage Only,0,0,0,0,0,0,3000,2,2,,POINT (-93.624259169893 41.600365725234)
2014791875,14-0807,03/21/2014,03-March,6-Friday,15:15,1500 Hours,District 1 (Central),FORT DODGE,WEBSTER,,N 14TH ST,Collision with:  Vehicle in traffic,On Roadway,Broadside (front to side),Other (explain in narrative):  Other,None Indicated,,Daylight,Dry,Clear,None apparent,Non-intersection:  Non-junction/no special feature,Paved,,Property Damage Only,0,0,0,0,0,0,4000,2,3,,POINT (-94.184029620386 42.526276275187)
2014792172,201403959,03/21/2014,03-March,6-Friday,08:58,0800 Hours,District 6 (East Central),CEDAR RAPIDS,LINN,,C ST RD SW & 41ST AVE DR SW,Collision with:  Vehicle in traffic,On Roadway,"Angle, oncoming left turn",Made improper turn,None Indicated,,Daylight,Dry,Clear,None apparent,Intersection:  T-intersection,Paved,,Property Damage Only,0,0,0,0,0,0,5000,2,2,,POINT (-91.637730683066 41.937722549953)
2014791916,14003872,03/21/2014,03-March,6-Friday,20:38,2000 Hours,District 5 (Southeast),,APPANOOSE,IA 2,IA 2/IOWA 2,Collision with:  Animal,,,Animal,None Indicated,,,,,,,Paved,,Property Damage Only,0,0,0,0,0,0,2500,1,1,,POINT (-92.998306322814 40.739556329121)
2014791644,20140007507,03/21/2014,03-March,6-Friday,06:45,0600 Hours,District 1 (Central),DES MOINES,POLK,I-235,I-235 & E 6TH ST,Collision with:  Vehicle in traffic,On Roadway,"Sideswipe, same direction",Other (explain in narrative):  Other,None Indicated,,Dawn,Dry,Clear,None apparent,Non-intersection:  Non-junction/no special feature,Paved,,Property Damage Only,0,0,0,0,0,0,3000,2,2,,POINT (-93.610302657099 41.595198448788)
2014791645,20140007512,03/21/2014,03-March,6-Friday,09:10,0900 Hours,District 1 (Central),DES MOINES,POLK,,10TH ST,Collision with:  Vehicle in traffic,Roadside,Rear-end (front to rear),Lost Control,None Indicated,,Daylight,Dry,Clear,None apparent,Non-intersection:  Non-junction/no special feature,Paved,,Property Damage Only,0,0,0,0,0,0,9000,2,1,,POINT (-93.630557941833 41.597782304161)
2014792227,14-010977,03/21/2014,03-March,6-Friday,08:29,0800 Hours,District 4 (Southwest),COUNCIL BLUFFS,POTTAWATTAMIE,,6TH AVE,Collision with:  Vehicle in traffic,On Roadway,"Sideswipe, same direction",FTYROW:  From parked position,None Indicated,,Daylight,Dry,Cloudy,None apparent,Non-intersection:  Non-junction/no special feature,Paved,,Possible/Unknown,0,1,0,0,1,0,1500,2,2,,POINT (-95.898286645977 41.25639811897)
2014791974,02-14-4660,03/21/2014,03-March,6-Friday,16:57,1600 Hours,District 6 (East Central),HOLY CROSS,DUBUQUE,US 52,US 52 & Co Rd Y13/TOLLGATE RD/HOLY CROSS RD,Collision with:  Vehicle in traffic,On Roadway,Broadside (front to side),FTYROW:  Other (explain in narrative),None Indicated,,Daylight,Dry,Clear,None apparent,Non-intersection:  Non-junction/no special feature,Paved,,Property Damage Only,0,0,0,0,0,0,20000,2,2,,POINT (-90.98650469772 42.595137017093)
2014791708,14002370,03/21/2014,03-March,6-Friday,20:41,2000 Hours,District 6 (East Central),,BUCHANAN,,Co Rd W45/SLATER AVE,Collision with:  Animal,,,Animal,None Indicated,,,,,,,Paved,,Property Damage Only,0,0,0,0,0,0,8000,1,1,,POINT (-91.727202525139 42.50456657451)
2014791819,20140007540,03/21/2014,03-March,6-Friday,14:28,1400 Hours,District 1 (Central),DES MOINES,POLK,,CENTER ST & 2ND AVE,Collision with:  Vehicle in traffic,On Roadway,"Sideswipe, same direction",Other (explain in narrative):  Other,None Indicated,,Daylight,Dry,Cloudy,None apparent,Intersection:  Four-way intersection,Paved,,Possible/Unknown,0,2,0,0,0,2,5500,2,4,,POINT (-93.620310896578 41.59156000251)
2014791927,14-2768,03/21/2014,03-March,6-Friday,11:10,1100 Hours,District 3 (Northwest),CARROLL,CARROLL,US 30,US 30/6TH ST & GRANT RD,Collision with:  Vehicle in traffic,On Roadway,"Sideswipe, opposite direction",Made improper turn,None Indicated,,Daylight,Dry,Cloudy,None apparent,Intersection:  Four-way intersection,Paved,,Possible/Unknown,0,1,0,0,0,1,2500,2,4,,POINT (-94.859225163744 42.064013549909)
2014791805,20140007539,03/21/2014,03-March,6-Friday,14:26,1400 Hours,District 1 (Central),DES MOINES,POLK,I-235,I-235 & SCHOOL ST & MLK JR PKWY,Collision with:  Vehicle in traffic,On Roadway,Broadside (front to side),Unknown,None Indicated,,Daylight,Dry,Cloudy,None apparent,Intersection:  Four-way intersection,Paved,,Possible/Unknown,0,1,0,0,1,0,4000,2,3,,POINT (-93.644284721363 41.595319280291)
2014792081,14-8399,03/21/2014,03-March,6-Friday,16:53,1600 Hours,District 3 (Northwest),SIOUX CITY,WOODBURY,,7TH ST & PIERCE ST,Collision with:  Vehicle in traffic,On Roadway,"Sideswipe, same direction",Other (explain in narrative):  No improper action,None Indicated,,Daylight,Dry,Cloudy,None apparent,Intersection:  Other intersection (explain in narrative),Paved,,Property Damage Only,0,0,0,0,0,0,5000,2,2,,POINT (-96.404966166455 42.497423519094)
2014791831,14-0628,03/21/2014,03-March,6-Friday,18:50,1800 Hours,District 1 (Central),URBANDALE,POLK,,MEREDITH DR & 75TH ST,Collision with:  Non-motorist (see non-motorist section - NOT a unit),On Roadway,Non-collision (single vehicle),FTYROW:  Making left turn,None Indicated,,Daylight,Dry,Cloudy,None apparent,Intersection:  T-intersection,Paved,,Minor Injury,0,1,0,1,0,0,300,1,1,,POINT (-93.72141438252 41.643851224526)
2014791728,14-09418,03/21/2014,03-March,6-Friday,23:15,2300 Hours,District 5 (Southeast),BURLINGTON,DES MOINES,,FRONT ST,Collision with fixed object:  Utility pole/light support,On Roadway,Non-collision (single vehicle),Ran off road - left,Alcohol (Statutory),,Dark - roadway lighted,Dry,Clear,None apparent,Non-intersection:  Non-junction/no special feature,Paved,,Minor Injury,0,1,0,1,0,0,5000,1,1,,POINT (-91.099389198251 40.812390262657)
2014791744,2014003107,03/21/2014,03-March,6-Friday,17:14,1700 Hours,District 6 (East Central),IOWA CITY,JOHNSON,IA 1,IA 1/GOVERNOR ST,Collision with:  Vehicle in traffic,On Roadway,Rear-end (front to rear),Other (explain in narrative):  Other,None Indicated,,Daylight,Dry,Cloudy,None apparent,Non-intersection:  Non-junction/no special feature,Paved,,Property Damage Only,0,0,0,0,0,0,6000,2,2,,POINT (-91.522804309267 41.663949352533)
2014791840,14-0279,03/21/2014,03-March,6-Friday,13:50,1300 Hours,District 1 (Central),PLEASANT HILL,POLK,,N HICKORY BLVD & N HICKORY BLVD CONN,Collision with:  Vehicle in traffic,On Roadway,Broadside (front to side),Unknown,None Indicated,,Daylight,Dry,Cloudy,None apparent,Intersection:  Four-way intersection,Paved,,Possible/Unknown,0,2,0,0,2,0,18000,2,3,,POINT (-93.517027674133 41.600276478638)
2014792080,14-8365,03/21/2014,03-March,6-Friday,09:42,0900 Hours,District 3 (Northwest),SIOUX CITY,WOODBURY,US 20,US 20,Collision with:  Vehicle in traffic,On Roadway,Rear-end (front to rear),FTYROW:  Other (explain in narrative),None Indicated,,Daylight,Dry,Clear,None apparent,Non-intersection:  Other non-intersection (explain in narrative),Paved,,Property Damage Only,0,0,0,0,0,0,8500,3,7,,POINT (-96.374894735534 42.446240825964)
2014791743,2014003101,03/21/2014,03-March,6-Friday,15:22,1500 Hours,District 6 (East Central),IOWA CITY,JOHNSON,,E COLLEGE ST,Collision with:  Vehicle in traffic,On Roadway,"Sideswipe, same direction",Other (explain in narrative):  Other,None Indicated,,Daylight,Dry,Cloudy,Unknown,Non-intersection:  Non-junction/no special feature,Paved,,Property Damage Only,0,0,0,0,0,0,1500,2,1,,POINT (-91.530425062034 41.658949184852)
2014904359,,03/21/2014,03-March,6-Friday,17:00,1700 Hours,District 3 (Northwest),REMSEN,PLYMOUTH,,W 3RD ST & E 3RD ST & S WASHINGTON ST,Collision with:  Vehicle in traffic,On Roadway,Broadside (front to side),Ran Stop Sign,None Indicated,,Daylight,Dry,Cloudy,None apparent,Non-intersection:  Non-junction/no special feature,Paved,,Property Damage Only,0,0,0,0,0,0,4000,2,2,,POINT (-95.973367984927 42.813631084008)
2014792049,GP20140204,03/21/2014,03-March,6-Friday,12:31,1200 Hours,District 1 (Central),GRINNELL,POWESHIEK,,4TH AVE,Collision with:  Vehicle in traffic,On Roadway,Broadside (front to side),FTYROW:  From driveway,None Indicated,,Daylight,Dry,Clear,None apparent,Non-intersection:  Driveway access (within),Paved,,Property Damage Only,0,0,0,0,0,0,3500,2,2,,POINT (-92.708670301572 41.743221094384)
2014792647,2014018814,03/21/2014,03-March,6-Friday,17:27,1700 Hours,District 6 (East Central),,JOHNSON,I-80,I-80 & Co Rd F44/HOOVER HWY NE,Collision with:  Vehicle in traffic,On Roadway,Rear-end (front to rear),Other (explain in narrative):  Other,None Indicated,,Daylight,Dry,Cloudy,None apparent,Intersection:  Intersection with ramp,Paved,,Major Injury,0,1,1,0,0,0,6000,2,2,,POINT (-91.444177082376 41.671999575314)
2014792221,14-011039,03/21/2014,03-March,6-Friday,15:25,1500 Hours,District 4 (Southwest),COUNCIL BLUFFS,POTTAWATTAMIE,,BIG LAKE RD,Collision with fixed object:  Bridge overhead structure,On Roadway,Non-collision (single vehicle),Other (explain in narrative):  Other,None Indicated,,Daylight,Dry,Clear,None apparent,Non-intersection:  Other non-intersection (explain in narrative),Paved,,Property Damage Only,0,0,0,0,0,0,3000,1,1,,POINT (-95.863708662709 41.284445189447)
2014791629,14005802,03/21/2014,03-March,6-Friday,08:42,0800 Hours,District 6 (East Central),MARION,LINN,,BROCKMAN AVE,Collision with:  Parked motor vehicle,On Roadway,"Sideswipe, opposite direction",Lost Control,None Indicated,,Daylight,Dry,Clear,None apparent,Non-intersection:  Non-junction/no special feature,Paved,,Property Damage Only,0,0,0,0,0,0,3000,2,1,,POINT (-91.596533611871 42.04227688426)
2014793463,14-002774,03/21/2014,03-March,6-Friday,16:30,1600 Hours,District 3 (Northwest),ARCADIA,CARROLL,,DIVISION ST,Collision with:  Vehicle in traffic,On Roadway,Broadside (front to side),FTYROW:  From driveway,None Indicated,,Daylight,Dry,Clear,None apparent,Non-intersection:  Driveway access (within),Paved,,Property Damage Only,0,0,0,0,0,0,1500,2,2,,POINT (-95.043246902921 42.080543748722)
2014792672,,03/21/2014,03-March,6-Friday,14:04,1400 Hours,District 5 (Southeast),FORT MADISON,LEE,,AVE O & 48TH ST,Collision with:  Vehicle in traffic,On Roadway,"Angle, oncoming left turn",FTYROW:  Making left turn,None Indicated,,Daylight,Dry,Cloudy,None apparent,Intersection:  Four-way intersection,Paved,,Possible/Unknown,0,1,0,0,1,0,2000,2,4,,POINT (-91.373162124607 40.623982741073)
2014792102,2014018831,03/21/2014,03-March,6-Friday,20:30,2000 Hours,District 6 (East Central),,IOWA,US 6,US 6,Collision with:  Animal,On Roadway,Non-collision (single vehicle),Animal,None Indicated,,Dark - roadway not lighted,Dry,Clear,None apparent,Non-intersection:  Non-junction/no special feature,Paved,,Property Damage Only,0,0,0,0,0,0,4000,1,1,,POINT (-92.112901453346 41.778463402781)
2014792103,2014018849,03/21/2014,03-March,6-Friday,22:12,2200 Hours,District 5 (Southeast),,WARREN,I-35,I-35,Collision with fixed object:  Ditch,Roadside,Non-collision (single vehicle),Separation of units,None Indicated,,Dark - roadway not lighted,Dry,Clear,None apparent,Non-intersection:  Non-junction/no special feature,Paved,,Minor Injury,0,2,0,2,0,0,80000,1,2,,POINT (-93.779843410232 41.35612614853)
2014794162,140321DW01,03/21/2014,03-March,6-Friday,18:30,1800 Hours,District 3 (Northwest),ORANGE CITY,SIOUX,IA 10,IA 10/8TH ST SE,Collision with:  Vehicle in traffic,On Roadway,Rear-end (front to rear),Followed too close,None Indicated,,Daylight,Dry,Clear,None apparent,Non-intersection:  Driveway access (within),Paved,,Property Damage Only,0,0,0,0,0,0,2000,2,4,,POINT (-96.051436347736 42.997505088582)
2014791832,14-0630,03/21/2014,03-March,6-Friday,22:13,2200 Hours,District 1 (Central),URBANDALE,POLK,US 6,US 6/HICKMAN RD,Collision with:  Vehicle in traffic,On Roadway,Rear-end (front to rear),Swerving/Evasive Action,None Indicated,,Dark - roadway lighted,Dry,Clear,None apparent,Non-intersection:  Non-junction/no special feature,Paved,,Property Damage Only,0,0,0,0,0,0,12500,2,6,,POINT (-93.792639170165 41.614946563891)