Iowa DOT Case Number,Law Enforcement Case Number,Date of Crash,Month of Crash,Day of Week,Time of Crash,Hour,DOT District,City Name,County Name,Route with System,Location Description,First Harmful Event,Location of First Harmful Event,Manner of Crash/Collision,Major Cause,Drug or Alcohol ,Environmental Conditions,Light Conditions,Surface Conditions,Weather Conditions,Roadway Contribution,Roadway Type,Roadway Surface,Work Zone,Crash Severity,Number of Fatalities,Number of Injuries,Number of Major Injuries,Number of Minor Injuries,Number of Possible Injuries,Number of Unknown Injuries,Amount of Property Damage,Number of Vehicles Involved,Total Number of Occupants,Travel Direction,Location
2014791888,14-8616,03/23/2014,03-March,1-Sunday,12:25,1200 Hours,District 3 (Northwest),SIOUX CITY,WOODBURY,,POLK ST,Collision with:  Vehicle in traffic,On Roadway,Rear-end (front to rear),FTYROW:  From parked position,None Indicated,,Daylight,Dry,Clear,None apparent,Non-intersection:  Non-junction/no special feature,Paved,,Property Damage Only,0,0,0,0,0,0,2400,2,3,,POINT (-96.358706106641 42.541975668533)
2014793055,14-09540,03/23/2014,03-March,1-Sunday,00:30,0000 Hours,District 5 (Southeast),,DES MOINES,,PLANK RD,Collision with fixed object:  Ditch,Roadside,Non-collision (single vehicle),Ran off road - right,None Indicated,,Dark - roadway not lighted,Dry,Clear,None apparent,Non-intersection:  Non-junction/no special feature,Paved,,Property Damage Only,0,0,0,0,0,0,2000,1,1,,POINT (-91.158830267715 40.842981172684)
2014792684,14-028200,03/23/2014,03-March,1-Sunday,03:01,0300 Hours,District 2 (Northeast),WATERLOO,BLACK HAWK,I-380,I-380,Collision with:  Vehicle in traffic,On Roadway,"Sideswipe, same direction",Swerving/Evasive Action,None Indicated,,Dark - roadway lighted,Dry,Severe winds,None apparent,Non-intersection:  Non-junction/no special feature,Paved,,Property Damage Only,0,0,0,0,0,0,3000,2,3,,POINT (-92.322140987695 42.476524707184)
2014792106,2014019075,03/23/2014,03-March,1-Sunday,19:20,1900 Hours,District 4 (Southwest),AFTON,UNION,,KANSAS ST,Collision with:  Vehicle in traffic,On Roadway,Broadside (front to side),FTYROW:  From stop sign,None Indicated,,Daylight,Dry,Clear,None apparent,Intersection:  Four-way intersection,Paved,,Possible/Unknown,0,1,0,0,1,0,4500,2,3,,POINT (-94.201159523482 41.0284126495)
2014791978,14-002931,03/23/2014,03-March,1-Sunday,20:38,2000 Hours,District 2 (Northeast),,FAYETTE,,Co Rd W42/JUNIPER RD,Collision with:  Animal,,,Animal,None Indicated,,,,,,,Paved,,Property Damage Only,0,0,0,0,0,0,1500,1,1,,POINT (-91.794388289009 43.021918462329)
2014791723,14-09564,03/23/2014,03-March,1-Sunday,13:02,1300 Hours,District 5 (Southeast),BURLINGTON,DES MOINES,,WEST AVE & E ROOSEVELT FRONTAGE,Collision with:  Vehicle in traffic,On Roadway,Rear-end (front to rear),Other (explain in narrative):  No improper action,None Indicated,,Daylight,Dry,Clear,None apparent,Non-intersection:  Non-junction/no special feature,Paved,,Possible/Unknown,0,1,0,0,1,0,1500,2,3,,POINT (-91.140768828558 40.800408694602)
2014792230,14-011246,03/23/2014,03-March,1-Sunday,07:45,0700 Hours,District 4 (Southwest),COUNCIL BLUFFS,POTTAWATTAMIE,,24TH AVE,Collision with:  Parked motor vehicle,On Roadway,Rear-end (front to rear),Other (explain in narrative):  Vision obstructed,None Indicated,,Dawn,Dry,Clear,None apparent,Non-intersection:  Non-junction/no special feature,Paved,,Property Damage Only,0,0,0,0,0,0,3500,2,1,,POINT (-95.85969647599 41.238234347678)
2014850940,14-002053,03/24/2014,03-March,2-Monday,06:26,0600 Hours,District 5 (Southeast),,LOUISA,,Co Rd X37/COUNTY RD X 37 & 115TH ST,Collision with:  Animal,,,Animal,None Indicated,,,,,,,Paved,,Property Damage Only,0,0,0,0,0,0,3000,1,1,,POINT (-91.309014480681 41.226619235545)
2014792029,20140007774,03/24/2014,03-March,2-Monday,11:00,1100 Hours,District 1 (Central),DES MOINES,POLK,,LOCUST ST,Collision with:  Vehicle in traffic,On Roadway,Rear-end (front to rear),Followed too close,None Indicated,,Daylight,Dry,Cloudy,None apparent,Non-intersection:  Non-junction/no special feature,Paved,,Property Damage Only,0,0,0,0,0,0,8000,2,2,,POINT (-93.625662937746 41.586676093015)
2014791842,14-0293,03/24/2014,03-March,2-Monday,07:50,0700 Hours,District 1 (Central),PLEASANT HILL,POLK,IA 163,IA 163/E UNIVERSITY AVE,Collision with:  Vehicle in traffic,On Roadway,"Sideswipe, same direction",Swerving/Evasive Action,None Indicated,,Daylight,Ice/frost,Cloudy,"Surface condition (e.g., wet, icy)",Intersection:  Intersection with ramp,Paved,,Property Damage Only,0,0,0,0,0,0,1700,2,2,,POINT (-93.495404318912 41.598759389559)
2014791768,14001559,03/24/2014,03-March,2-Monday,08:27,0800 Hours,District 3 (Northwest),SHELDON,OBRIEN,,ELM CT,Collision with:  Parked motor vehicle,On Roadway,Broadside (front to side),Unknown,None Indicated,,Daylight,Snow,Cloudy,None apparent,Non-intersection:  Driveway access (within),Paved,,Property Damage Only,0,0,0,0,0,0,4000,2,1,,POINT (-95.840495392516 43.180600922933)
2014792181,201404145,03/24/2014,03-March,2-Monday,22:30,2200 Hours,District 6 (East Central),CEDAR RAPIDS,LINN,I-380,I-380 & H AVE NE,Collision with fixed object:  Bridge overhead structure,On Roadway,Non-collision (single vehicle),Driving too fast for conditions,None Indicated,,Dark - roadway not lighted,Ice/frost,Cloudy,"Surface condition (e.g., wet, icy)",Non-intersection:  Other non-intersection (explain in narrative),Paved,,Property Damage Only,0,0,0,0,0,0,4000,1,2,,POINT (-91.666618964103 41.995667019475)
2014792328,2014-001597,03/24/2014,03-March,2-Monday,22:19,2200 Hours,District 6 (East Central),,BENTON,,Co Rd W26/32 AVE,Collision with:  Vehicle in traffic,On Roadway,"Sideswipe, opposite direction",Crossed centerline (undivided),None Indicated,,Dark - roadway not lighted,Ice/frost,Cloudy,"Surface condition (e.g., wet, icy)",Non-intersection:  Driveway access (within),Paved,,Minor Injury,0,2,0,1,1,0,14000,2,2,,POINT (-91.873377221022 42.107247443712)
2014791780,14-1937,03/24/2014,03-March,2-Monday,07:09,0700 Hours,District 1 (Central),PLEASANT HILL,POLK,,Co Rd S14/SE 64TH ST/SE 6TH AVE,Collision with:  Vehicle in traffic,On Roadway,Rear-end (front to rear),Driving too fast for conditions,None Indicated,,Daylight,Ice/frost,Cloudy,"Surface condition (e.g., wet, icy)",Intersection:  T-intersection,Paved,,Property Damage Only,0,0,0,0,0,0,5500,2,2,,POINT (-93.48183478954 41.581279897947)
2014797376,S201400538,03/24/2014,03-March,2-Monday,20:11,2000 Hours,District 3 (Northwest),,PALO ALTO,,Co Rd N40/460 AVE,Collision with:  Animal,,Non-collision (single vehicle),Animal,None Indicated,,,,,,,Paved,,Property Damage Only,0,0,0,0,0,0,2500,1,1,,POINT (-94.678771017603 43.186746586186)
2014792166,2014003200,03/24/2014,03-March,2-Monday,22:21,2200 Hours,District 6 (East Central),IOWA CITY,JOHNSON,,S CAPITOL ST,Collision with:  Vehicle in traffic,On Roadway,Rear-end (front to rear),Other (explain in narrative):  Vision obstructed,None Indicated,,Dark - roadway not lighted,Slush,Snow,None apparent,Non-intersection:  Non-junction/no special feature,Paved,,Property Damage Only,0,0,0,0,0,0,1500,2,1,,POINT (-91.536254553081 41.653448338485)
2014792633,2014019469,03/24/2014,03-March,2-Monday,23:20,2300 Hours,District 6 (East Central),,JOHNSON,I-380,I-380,Collision with fixed object:  Guardrail - face,Roadside,Non-collision (single vehicle),Ran off road - left,None Indicated,,Dark - roadway not lighted,Ice/frost,Cloudy,"Surface condition (e.g., wet, icy)",Non-intersection:  Non-junction/no special feature,Paved,,Property Damage Only,0,0,0,0,0,0,3500,1,1,,POINT (-91.642360343122 41.744134744378)
2014792013,14032025,03/24/2014,03-March,2-Monday,16:01,1600 Hours,District 4 (Southwest),CLARINDA,PAGE,,E MAIN ST,Collision with:  Vehicle in traffic,On Roadway,Rear-end (front to rear),FTYROW:  From parked position,None Indicated,,Daylight,Wet,Cloudy,None apparent,Non-intersection:  Non-junction/no special feature,Paved,,Property Damage Only,0,0,0,0,0,0,4000,2,2,,POINT (-95.036819922547 40.738246506825)
2014792112,2014-0070,03/24/2014,03-March,2-Monday,07:02,0700 Hours,District 1 (Central),,POLK,US 65,US 65,Collision with:  Vehicle in traffic,On Roadway,Rear-end (front to rear),Driving too fast for conditions,None Indicated,,Daylight,Ice/frost,Snow,None apparent,Non-intersection:  Non-junction/no special feature,Paved,,Property Damage Only,0,0,0,0,0,0,11000,2,2,,POINT (-93.519425176409 41.525090656757)
2014792475,W14-028524,03/24/2014,03-March,2-Monday,07:44,0700 Hours,District 2 (Northeast),WATERLOO,BLACK HAWK,,KIMBALL AVE,Collision with fixed object:  Other fixed object (explain in narrative),On Roadway,Non-collision (single vehicle),Lost Control,None Indicated,,Daylight,Ice/frost,Clear,"Surface condition (e.g., wet, icy)",Intersection:  Other intersection (explain in narrative),Paved,,Property Damage Only,0,0,0,0,0,0,3500,1,1,,POINT (-92.356659514056 42.452371753334)
2014791782,14-1929,03/24/2014,03-March,2-Monday,05:25,0500 Hours,District 1 (Central),,POLK,I-35,I-35,Collision with fixed object:  Curb/island/raised median,Median,Non-collision (single vehicle),Driving too fast for conditions,None Indicated,,Dark - roadway not lighted,Ice/frost,Snow,"Surface condition (e.g., wet, icy)",Non-intersection:  Non-junction/no special feature,Paved,,Property Damage Only,0,0,0,0,0,0,3000,1,1,,POINT (-93.648094727922 41.649899466465)
2014793570,2014019301,03/24/2014,03-March,2-Monday,20:05,2000 Hours,District 4 (Southwest),,RINGGOLD,,Co Rd J23/CO HWY J23,Collision with:  Animal,,,Animal,None Indicated,,,,,,,Paved,,Property Damage Only,0,0,0,0,0,0,2000,1,1,,POINT (-94.325734805167 40.826294415234)
2014792707,14-002467,03/24/2014,03-March,2-Monday,13:35,1300 Hours,District 6 (East Central),INDEPENDENCE,BUCHANAN,,1ST ST W & 9TH AVE SW,Collision with:  Vehicle in traffic,On Roadway,Rear-end (front to rear),Unknown,None Indicated,,Daylight,Dry,Clear,None apparent,Non-intersection:  Non-junction/no special feature,Paved,,Property Damage Only,0,0,0,0,0,0,2000,2,2,,POINT (-91.903886145836 42.468586694352)
2014791778,14-1931,03/24/2014,03-March,2-Monday,06:22,0600 Hours,District 1 (Central),DES MOINES,POLK,,NE 7TH ST & NE AURORA AVE & N UNION ST,Collision with:  Vehicle in traffic,On Roadway,Broadside (front to side),Driving too fast for conditions,None Indicated,,Dark - roadway lighted,Slush,Snow,None apparent,Non-intersection:  Non-junction/no special feature,Paved,,Minor Injury,0,2,0,2,0,0,7000,2,2,,POINT (-93.610298441306 41.636766748391)
2014792664,,03/24/2014,03-March,2-Monday,23:20,2300 Hours,District 6 (East Central),CEDAR RAPIDS,LINN,I-380,I-380 & US 30/LINCOLN FWY,Collision with:  Vehicle in traffic,On Roadway,Rear-end (front to rear),Unknown,None Indicated,,Dark - unknown roadway lighting,Ice/frost,Snow,,Non-intersection:  Non-junction/no special feature,Paved,,Property Damage Only,0,0,0,0,0,0,8700,2,2,,POINT (-91.673343536635 41.927052609634)
2014792191,14-001323,03/24/2014,03-March,2-Monday,07:40,0700 Hours,District 1 (Central),ANKENY,POLK,,NW 10TH ST & NW STATE ST,Collision with:  Vehicle in traffic,On Roadway,Rear-end (front to rear),Driving too fast for conditions,None Indicated,,Daylight,Ice/frost,Cloudy,"Surface condition (e.g., wet, icy)",Intersection:  T-intersection,Paved,,Property Damage Only,0,0,0,0,0,0,2000,2,2,,POINT (-93.621366226234 41.740171963975)
2014792871,2014019102,03/24/2014,03-March,2-Monday,06:30,0600 Hours,District 1 (Central),,JASPER,I-80,I-80,Collision with:  Vehicle in traffic,On Roadway,"Sideswipe, same direction",Lost Control,None Indicated,,Dark - roadway not lighted,Snow,Snow,"Surface condition (e.g., wet, icy)",Non-intersection:  Non-junction/no special feature,Paved,,Property Damage Only,0,0,0,0,0,0,3000,2,2,,POINT (-93.275284337111 41.686398805486)
2014792025,14-001327,03/24/2014,03-March,2-Monday,07:55,0700 Hours,District 1 (Central),ANKENY,POLK,,SE DELAWARE AVE & SE 54TH ST,Collision with:  Vehicle in traffic,On Roadway,Rear-end (front to rear),Other (explain in narrative):  Other,None Indicated,,Daylight,Wet,Cloudy,"Surface condition (e.g., wet, icy)",Intersection:  T-intersection,Paved,,Possible/Unknown,0,1,0,0,1,0,6000,2,2,,POINT (-93.581274251701 41.688384001655)
2014791987,2014003180,03/24/2014,03-March,2-Monday,08:03,0800 Hours,District 6 (East Central),IOWA CITY,JOHNSON,,CHURCH ST & N DUBUQUE ST,Collision with:  Vehicle in traffic,On Roadway,"Angle, oncoming left turn",FTYROW:  Making left turn,None Indicated,,Daylight,Dry,Clear,None apparent,Intersection:  Four-way intersection,Paved,,Property Damage Only,0,0,0,0,0,0,10000,3,3,,POINT (-91.533018256567 41.667989166995)
2014792024,14-001324,03/24/2014,03-March,2-Monday,08:05,0800 Hours,District 1 (Central),ANKENY,POLK,,SE MAGAZINE RD & SE DELAWARE AVE,Collision with:  Vehicle in traffic,On Roadway,Rear-end (front to rear),Driving too fast for conditions,None Indicated,,Daylight,Ice/frost,Cloudy,"Surface condition (e.g., wet, icy)",Intersection:  Four-way intersection,Paved,,Property Damage Only,0,0,0,0,0,0,4700,2,2,,POINT (-93.581150915932 41.717396434034)
2014792957,S79140090,03/24/2014,03-March,2-Monday,22:00,2200 Hours,District 1 (Central),,POWESHIEK,I-80,I-80,Collision with:  Vehicle in traffic,On Roadway,"Sideswipe, same direction",Driving too fast for conditions,None Indicated,,Dark - roadway not lighted,Ice/frost,Snow,"Surface condition (e.g., wet, icy)",Non-intersection:  Non-junction/no special feature,Paved,,Property Damage Only,0,0,0,0,0,0,10000,2,2,,POINT (-92.470365282222 41.694992601468)
2014792312,,03/24/2014,03-March,2-Monday,06:30,0600 Hours,District 5 (Southeast),,MONROE,IA 5,IA 5/IOWA 5,Collision with:  Animal,On Roadway,Non-collision (single vehicle),Animal,None Indicated,,Dark - roadway not lighted,Snow,Snow,,Non-intersection:  Non-junction/no special feature,Paved,,Property Damage Only,0,0,0,0,0,0,3700,1,1,,POINT (-92.832462842162 40.930144535594)
2014794956,SO14-0359,03/24/2014,03-March,2-Monday,20:38,2000 Hours,District 2 (Northeast),,WRIGHT,IA 3,IA 3/IOWA 3,Non-collision events:  Overturn/rollover,On Roadway,Non-collision (single vehicle),Driving too fast for conditions,None Indicated,,Dark - roadway not lighted,Ice/frost,Snow,None apparent,Non-intersection:  Non-junction/no special feature,Paved,,Property Damage Only,0,0,0,0,0,0,10000,1,1,,POINT (-93.798841641337 42.731721658293)
2014791785,14-1936,03/24/2014,03-March,2-Monday,06:50,0600 Hours,District 1 (Central),,POLK,IA 163,IA 163/NE UNIVERSITY AVE,Collision with:  Vehicle in traffic,On Roadway,"Sideswipe, same direction",Lost Control,None Indicated,,Dawn,Ice/frost,Snow,"Surface condition (e.g., wet, icy)",Non-intersection:  Non-junction/no special feature,Paved,,Property Damage Only,0,0,0,0,0,0,6000,3,3,,POINT (-93.363275905391 41.600748021133)
2014804956,,03/24/2014,03-March,2-Monday,06:43,0600 Hours,District 2 (Northeast),,CHICKASAW,,Co Rd V18/GILMORE AVE,,Roadside,Non-collision (single vehicle),Swerving/Evasive Action,None Indicated,,Daylight,,Cloudy,,,Paved,,Minor Injury,0,1,0,1,0,0,1500,1,1,,POINT (-92.417219675237 43.163983761245)
2014792551,14-001333,03/24/2014,03-March,2-Monday,16:06,1600 Hours,District 1 (Central),ANKENY,POLK,IA 415,IA 415/SW STATE ST,Collision with:  Vehicle in traffic,On Roadway,Rear-end (front to rear),Driving too fast for conditions,None Indicated,,Daylight,Dry,Clear,None apparent,Intersection:  Four-way intersection,Paved,,Major Injury,0,1,1,0,0,0,6600,3,4,,POINT (-93.621556650524 41.702539500927)
2014791834,14-1395,03/24/2014,03-March,2-Monday,14:02,1400 Hours,District 1 (Central),WEST DES MOINES,POLK,,60TH ST,Collision with:  Vehicle in traffic,On Roadway,Rear-end (front to rear),Followed too close,None Indicated,,Daylight,Dry,Snow,None apparent,Non-intersection:  Non-junction/no special feature,Paved,,Property Damage Only,0,0,0,0,0,0,11500,2,2,,POINT (-93.790567443162 41.587804147344)
2014791985,P14-003312,03/24/2014,03-March,2-Monday,12:36,1200 Hours,District 1 (Central),WEBSTER CITY,HAMILTON,,DIVISION ST & SENECA ST,Collision with:  Vehicle in traffic,On Roadway,Broadside (front to side),Ran Stop Sign,None Indicated,,Daylight,Wet,Snow,None apparent,Intersection:  Four-way intersection,Paved,,Property Damage Only,0,0,0,0,0,0,11000,2,2,,POINT (-93.81712568109 42.467520157794)
2014809994,2014-001593,03/24/2014,03-March,2-Monday,17:29,1700 Hours,District 6 (East Central),,BENTON,,Co Rd E40/68 ST,Collision with fixed object:  Ditch,Outside trafficway,Non-collision (single vehicle),Ran off road - right,None Indicated,,Daylight,Wet,Clear,None apparent,Non-intersection:  Driveway access (within),Unpaved,,Minor Injury,0,1,0,1,0,0,5000,1,1,,POINT (-92.136615172985 42.036397842882)
2014793023,,03/24/2014,03-March,2-Monday,23:00,2300 Hours,District 6 (East Central),NORTH LIBERTY,JOHNSON,I-380,I-380,Collision with:  Vehicle in traffic,On Roadway,Rear-end (front to rear),Unknown,None Indicated,,Dark - unknown roadway lighting,Ice/frost,Snow,,Non-intersection:  Non-junction/no special feature,Paved,,Property Damage Only,0,0,0,0,0,0,7500,2,2,,POINT (-91.642360067316 41.734443438832)
2014793739,14062,03/24/2014,03-March,2-Monday,15:25,1500 Hours,District 5 (Southeast),PELLA,MARION,IA 163,IA 163/IOWA 163 & S CLARK ST,Collision with:  Vehicle in traffic,On Roadway,Rear-end (front to rear),Followed too close,None Indicated,,Daylight,Wet,Snow,None apparent,Intersection:  Other intersection (explain in narrative),Paved,,Property Damage Only,0,0,0,0,0,0,4500,2,2,,POINT (-92.913473946918 41.389199731861)
2014792046,S79140092,03/24/2014,03-March,2-Monday,22:55,2200 Hours,District 1 (Central),,POWESHIEK,I-80,I-80,Non-collision events:  Overturn/rollover,On Roadway,Non-collision (single vehicle),Ran off road - right,None Indicated,,Dark - roadway not lighted,Ice/frost,Snow,"Surface condition (e.g., wet, icy)",Non-intersection:  Other non-intersection (explain in narrative),Paved,,Property Damage Only,0,0,0,0,0,0,19000,1,1,,POINT (-92.725647303547 41.696200802843)
2014792614,2014019112,03/24/2014,03-March,2-Monday,05:40,0500 Hours,District 5 (Southeast),,WAPELLO,US 34,US 34 & Co Rd V47/WASHINGTON RD & 20TH AVE,Collision with:  Vehicle in traffic,On Roadway,Rear-end (front to rear),Exceeded authorized speed,None Indicated,,Dark - roadway not lighted,Dry,Clear,None apparent,Non-intersection:  Non-junction/no special feature,Paved,,Major Injury,0,2,1,0,1,0,25000,2,2,,POINT (-92.198484355649 40.995095968919)
2014792838,14-001392,03/24/2014,03-March,2-Monday,07:45,0700 Hours,District 1 (Central),AMES,STORY,,BILLY SUNDAY RD,Collision with:  Vehicle in traffic,On Roadway,Head-on (front to front),Traveling wrong way or on wrong side of road,None Indicated,,Daylight,Snow,Snow,"Surface condition (e.g., wet, icy)",Non-intersection:  Non-junction/no special feature,Paved,,Property Damage Only,0,0,0,0,0,0,19998,2,2,,POINT (-93.609171332507 42.002812895868)
2014791786,14-1949,03/24/2014,03-March,2-Monday,12:21,1200 Hours,District 1 (Central),,POLK,US 69,US 69/NE 14TH ST & NE 54TH AVE,Collision with:  Vehicle in traffic,On Roadway,Broadside (front to side),Ran Traffic Signal,None Indicated,,Daylight,Dry,Cloudy,None apparent,Intersection:  Four-way intersection,Paved,,Property Damage Only,0,0,0,0,0,0,4500,2,3,,POINT (-93.600511808392 41.65861562797)
2014808056,2014019103,03/24/2014,03-March,2-Monday,06:20,0600 Hours,District 1 (Central),,POLK,I-35,I-35,Collision with fixed object:  Concrete traffic barrier (median or right side),On Roadway,Non-collision (single vehicle),Driving too fast for conditions,None Indicated,,Dark - roadway not lighted,Ice/frost,Cloudy,"Surface condition (e.g., wet, icy)",Non-intersection:  Non-junction/no special feature,Paved,,Property Damage Only,0,0,0,0,0,0,5000,1,1,,POINT (-93.635012919475 41.64949510448)
2014798047,14-002066,03/24/2014,03-March,2-Monday,23:40,2300 Hours,District 2 (Northeast),GARNAVILLO,CLAYTON,,Co Rd C17/CLAYTON RD,Non-collision events:  Other non-collision (explain in narrative),On Roadway,Non-collision (single vehicle),Crossed centerline (undivided),None Indicated,,Dark - unknown roadway lighting,Ice/frost,Other (explain in narrative),"Surface condition (e.g., wet, icy)",Non-intersection:  Non-junction/no special feature,Paved,,Property Damage Only,0,0,0,0,0,0,2700,1,1,,POINT (-91.197392794654 42.88335676531)
2014794556,20141008,03/24/2014,03-March,2-Monday,09:05,0900 Hours,District 1 (Central),,GRUNDY,,Co Rd D17/130TH ST & Co Rd T19/F AVE,Collision with:  Vehicle in traffic,On Roadway,"Sideswipe, same direction",Improper Backing,None Indicated,,Daylight,Ice/frost,Clear,None apparent,Intersection:  Four-way intersection,Paved,,Property Damage Only,0,0,0,0,0,0,2600,2,3,,POINT (-92.928044229341 42.514088890502)
2014792214,14-0292,03/24/2014,03-March,2-Monday,07:45,0700 Hours,District 1 (Central),PLEASANT HILL,POLK,,Co Rd S14/NE 64TH ST & NE RISING SUN DR,Collision with:  Vehicle in traffic,On Roadway,Broadside (front to side),Other (explain in narrative):  Other,None Indicated,,Daylight,Snow,Cloudy,None apparent,Intersection:  Other intersection (explain in narrative),Paved,,Property Damage Only,0,0,0,0,0,0,2000,2,2,,POINT (-93.481931101829 41.594231960407)
2014792315,,03/24/2014,03-March,2-Monday,12:20,1200 Hours,District 6 (East Central),CEDAR RAPIDS,LINN,,4TH AVE SE & 7TH ST SE,Collision with:  Vehicle in traffic,On Roadway,Rear-end (front to rear),Unknown,None Indicated,,Daylight,Wet,Cloudy,,Intersection:  Four-way intersection,Paved,,Property Damage Only,0,0,0,0,0,0,2500,2,2,,POINT (-91.660538577504 41.979321612028)
2014794468,,03/24/2014,03-March,2-Monday,09:15,0900 Hours,District 2 (Northeast),DECORAH,WINNESHIEK,IA 9,IA 9/IOWA 9,Collision with:  Animal,On Roadway,Non-collision (single vehicle),Animal,None Indicated,,Daylight,Dry,Clear,None apparent,Non-intersection:  Non-junction/no special feature,Paved,,Property Damage Only,0,0,0,0,0,0,1900,1,1,,POINT (-91.747021492054 43.284653220657)
2014792050,14-2955,03/24/2014,03-March,2-Monday,14:10,1400 Hours,District 3 (Northwest),,SAC,,250TH ST,Non-collision events:  Overturn/rollover,On Roadway,Non-collision (single vehicle),Swerving/Evasive Action,None Indicated,,Daylight,"Mud, dirt",Cloudy,None apparent,Non-intersection:  Non-junction/no special feature,Unpaved,,Property Damage Only,0,0,0,0,0,0,3000,1,2,,POINT (-95.194348049945 42.428990192138)
2014792164,14001863,03/24/2014,03-March,2-Monday,08:50,0800 Hours,District 1 (Central),KAMRAR,HAMILTON,,Co Rd D41/265TH ST,Non-collision events:  Overturn/rollover,Roadside,Non-collision (single vehicle),Driving too fast for conditions,None Indicated,,Daylight,Ice/frost,Snow,"Surface condition (e.g., wet, icy)",Non-intersection:  Non-junction/no special feature,Paved,,Property Damage Only,0,0,0,0,0,0,3000,1,1,,POINT (-93.750186794922 42.405341747989)
2014791998,201400884,03/24/2014,03-March,2-Monday,16:00,1600 Hours,District 6 (East Central),,LINN,US 151,US 151/WILLIAMS BLVD,Collision with:  Vehicle in traffic,On Roadway,Rear-end (front to rear),Followed too close,None Indicated,,Daylight,Dry,Cloudy,None apparent,Intersection:  Four-way intersection,Paved,,Possible/Unknown,0,1,0,0,1,0,13200,4,4,,POINT (-91.756299957264 41.938672018258)
2014792190,14-001320,03/24/2014,03-March,2-Monday,07:30,0700 Hours,District 1 (Central),ANKENY,POLK,,SW STATE ST,Collision with:  Vehicle in traffic,On Roadway,Rear-end (front to rear),Driving too fast for conditions,None Indicated,,Daylight,Ice/frost,Clear,None apparent,Non-intersection:  Non-junction/no special feature,Paved,,Property Damage Only,0,0,0,0,0,0,2200,2,2,,POINT (-93.620849804046 41.714018322521)
2014792623,2014019338,03/24/2014,03-March,2-Monday,22:33,2200 Hours,District 6 (East Central),,IOWA,I-80,I-80,Non-collision events:  Overturn/rollover,Median,Non-collision (single vehicle),Swerving/Evasive Action,None Indicated,,Dark - roadway not lighted,Ice/frost,Snow,"Surface condition (e.g., wet, icy)",Non-intersection:  Non-junction/no special feature,Paved,,Property Damage Only,0,0,0,0,0,0,10000,1,1,,POINT (-92.14720669015 41.695796048733)
2014792875,,03/24/2014,03-March,2-Monday,22:20,2200 Hours,District 6 (East Central),CEDAR RAPIDS,LINN,I-380,I-380 & US 30/LINCOLN FWY,Collision with:  Vehicle in traffic,On Roadway,Broadside (front to side),Unknown,None Indicated,,Dark - roadway lighted,Ice/frost,Snow,,"Interchange-related:  Off-ramp, diverge area",Paved,,Property Damage Only,0,0,0,0,0,0,5645,2,4,,POINT (-91.674260295769 41.927045187032)
2014791925,032414-109,03/24/2014,03-March,2-Monday,09:09,0900 Hours,District 3 (Northwest),STORM LAKE,BUENA VISTA,IA 7,IA 7/FLINDT RD & E 5TH ST,Collision with:  Vehicle in traffic,On Roadway,Broadside (front to side),FTYROW:  From parked position,None Indicated,,Daylight,Dry,Clear,None apparent,Non-intersection:  Non-junction/no special feature,Paved,,Property Damage Only,0,0,0,0,0,0,1700,2,3,,POINT (-95.187688511532 42.644532057184)
2014791841,14-0290,03/24/2014,03-March,2-Monday,05:30,0500 Hours,District 1 (Central),PLEASANT HILL,POLK,US 65,US 65,Collision with fixed object:  Other fixed object (explain in narrative),On Roadway,Non-collision (single vehicle),Driving too fast for conditions,None Indicated,,Dark - roadway lighted,Snow,Snow,"Surface condition (e.g., wet, icy)",Non-intersection:  Non-junction/no special feature,Paved,,Property Damage Only,0,0,0,0,0,0,1500,1,1,,POINT (-93.513011554545 41.578028496473)
2014791873,14-0157,03/24/2014,03-March,2-Monday,01:00,0100 Hours,District 1 (Central),,WEBSTER,US 20,US 20/235TH ST,Collision with:  Animal,,,Animal,None Indicated,,,,,,,Paved,,Property Damage Only,0,0,0,0,0,0,2000,1,1,,POINT (-94.09634225993 42.449609299785)
2014794955,SO14-0357,03/24/2014,03-March,2-Monday,09:33,0900 Hours,District 2 (Northeast),,WRIGHT,IA 3,IA 3/IOWA 3,Collision with fixed object:  Ditch,On Roadway,Non-collision (single vehicle),Crossed centerline (undivided),None Indicated,,Daylight,Ice/frost,Snow,"Surface condition (e.g., wet, icy)",Non-intersection:  Non-junction/no special feature,Paved,,Minor Injury,0,1,0,1,0,0,8000,1,1,,POINT (-93.764331987366 42.731668993307)
2014792687,14028514,03/24/2014,03-March,2-Monday,06:59,0600 Hours,District 2 (Northeast),CEDAR FALLS,BLACK HAWK,,W RIDGEWAY AVE & W RIDGEWAY AVE CONN,Collision with:  Vehicle in traffic,On Roadway,"Sideswipe, same direction",Lost Control,None Indicated,,Daylight,Ice/frost,Cloudy,"Surface condition (e.g., wet, icy)",Intersection:  Four-way intersection,Paved,,Property Damage Only,0,0,0,0,0,0,2000,2,2,,POINT (-92.454736482943 42.469532191048)
2014792876,,03/24/2014,03-March,2-Monday,06:45,0600 Hours,District 6 (East Central),CEDAR RAPIDS,LINN,I-380,I-380 & IA 100/COLLINS RD NE,Collision with:  Parked motor vehicle,On Roadway,Rear-end (front to rear),Unknown,None Indicated,,Dawn,Wet,Snow,,Intersection:  Intersection with ramp,Paved,,Possible/Unknown,0,1,0,0,1,0,15155,2,2,,POINT (-91.66497950801 42.028458238777)