Iowa DOT Case Number,Law Enforcement Case Number,Date of Crash,Month of Crash,Day of Week,Time of Crash,Hour,DOT District,City Name,County Name,Route with System,Location Description,First Harmful Event,Location of First Harmful Event,Manner of Crash/Collision,Major Cause,Drug or Alcohol ,Environmental Conditions,Light Conditions,Surface Conditions,Weather Conditions,Roadway Contribution,Roadway Type,Roadway Surface,Work Zone,Crash Severity,Number of Fatalities,Number of Injuries,Number of Major Injuries,Number of Minor Injuries,Number of Possible Injuries,Number of Unknown Injuries,Amount of Property Damage,Number of Vehicles Involved,Total Number of Occupants,Travel Direction,Location
2014792136,,03/24/2014,03-March,2-Monday,22:00,2200 Hours,District 2 (Northeast),,HUMBOLDT,,Co Rd P19/ARIZONA AVE,Non-collision events:  Overturn/rollover,Outside trafficway,Non-collision (single vehicle),Swerving/Evasive Action,None Indicated,,Dark - roadway not lighted,Dry,Clear,None apparent,Non-intersection:  Non-junction/no special feature,Paved,,Property Damage Only,0,0,0,0,0,0,6000,1,1,,POINT (-94.443004962167 42.794576847042)
2014792035,20140007753,03/24/2014,03-March,2-Monday,17:16,1700 Hours,District 1 (Central),DES MOINES,POLK,,E ARMY POST RD,Collision with:  Vehicle in traffic,Shoulder,Unknown,Driving too fast for conditions,None Indicated,,Daylight,Ice/frost,Cloudy,"Surface condition (e.g., wet, icy)",Non-intersection:  Non-junction/no special feature,Paved,,Minor Injury,0,4,0,4,0,0,7000,2,4,,POINT (-93.532085486701 41.525474137946)
2014792534,2014000890,03/24/2014,03-March,2-Monday,22:33,2200 Hours,District 6 (East Central),,LINN,IA 1,IA 1/IOWA 1,Collision with fixed object:  Ditch,Roadside,Non-collision (single vehicle),Driving too fast for conditions,None Indicated,,Dark - roadway not lighted,Ice/frost,Snow,"Surface condition (e.g., wet, icy)",Non-intersection:  Non-junction/no special feature,Paved,,Property Damage Only,0,0,0,0,0,0,1500,1,1,,POINT (-91.459508097617 41.886519211462)
2014791923,W14-028609,03/24/2014,03-March,2-Monday,14:40,1400 Hours,District 2 (Northeast),WATERLOO,BLACK HAWK,,INDEPENDENCE AVE,Collision with fixed object:  Curb/island/raised median,On Roadway,Non-collision (single vehicle),"Operating vehicle in an reckless, erratic, careless, negligent manner",None Indicated,,Daylight,Wet,Snow,None apparent,Intersection:  T-intersection,Paved,,Property Damage Only,0,0,0,0,0,0,2500,1,1,,POINT (-92.327308330883 42.49839432482)
2014791984,14001854,03/24/2014,03-March,2-Monday,05:50,0500 Hours,District 1 (Central),,HAMILTON,,Co Rd D25/220TH ST,Non-collision events:  Overturn/rollover,Outside trafficway,Non-collision (single vehicle),Crossed centerline (undivided),None Indicated,,Dark - roadway not lighted,Snow,Snow,"Surface condition (e.g., wet, icy)",Non-intersection:  Non-junction/no special feature,Paved,,Fatal,1,0,0,0,0,0,3000,1,1,,POINT (-93.679662479377 42.471173549336)
2014792149,14001683,03/24/2014,03-March,2-Monday,14:33,1400 Hours,District 2 (Northeast),,CERRO GORDO,,Co Rd B20/300TH ST,Collision with fixed object:  Bridge overhead structure,On Roadway,Non-collision (single vehicle),Other (explain in narrative):  No improper action,None Indicated,,Daylight,Wet,Cloudy,None apparent,Non-intersection:  Other non-intersection (explain in narrative),Paved,,Property Damage Only,0,0,0,0,0,0,14000,1,1,,POINT (-93.209398649414 43.197405489157)
2014792616,2014019304,03/24/2014,03-March,2-Monday,21:40,2100 Hours,District 6 (East Central),,BENTON,I-380,I-380,Non-collision events:  Other non-collision (explain in narrative),On Roadway,Non-collision (single vehicle),Ran off road - right,None Indicated,,Dark - roadway not lighted,Ice/frost,Cloudy,"Surface condition (e.g., wet, icy)",Non-intersection:  Non-junction/no special feature,Paved,,Property Damage Only,0,0,0,0,0,0,2050,1,1,,POINT (-91.898905457472 42.251234516175)
2014792111,PD140223,03/24/2014,03-March,2-Monday,09:17,0900 Hours,District 1 (Central),GRUNDY CENTER,GRUNDY,,M AVE,Collision with:  Vehicle in traffic,On Roadway,"Sideswipe, same direction",Driving too fast for conditions,None Indicated,,Daylight,Snow,Snow,None apparent,Intersection:  T-intersection,Paved,,Property Damage Only,0,0,0,0,0,0,2500,2,1,,POINT (-92.777838759226 42.355868282362)
2014792180,201404141,03/24/2014,03-March,2-Monday,22:47,2200 Hours,District 6 (East Central),CEDAR RAPIDS,LINN,I-380,I-380,Collision with:  Vehicle in traffic,On Roadway,Rear-end (front to rear),Swerving/Evasive Action,None Indicated,,Dark - roadway not lighted,Ice/frost,Snow,None apparent,Non-intersection:  Other non-intersection (explain in narrative),Paved,,Property Damage Only,0,0,0,0,0,0,3000,2,2,,POINT (-91.669844266878 41.927714628099)
2014791796,20140007757,03/24/2014,03-March,2-Monday,08:15,0800 Hours,District 1 (Central),DES MOINES,POLK,,E COURT AVE & E 32ND ST,Collision with:  Vehicle in traffic,On Roadway,Broadside (front to side),Lost Control,None Indicated,,Daylight,Ice/frost,Cloudy,"Surface condition (e.g., wet, icy)",Intersection:  Other intersection (explain in narrative),Paved,,Property Damage Only,0,0,0,0,0,0,3000,2,4,,POINT (-93.553846280747 41.589404383906)
2014792030,20140007801,03/24/2014,03-March,2-Monday,15:01,1500 Hours,District 1 (Central),DES MOINES,POLK,,BELL AVE & FLEUR DR,Collision with:  Vehicle in traffic,On Roadway,"Angle, oncoming left turn",FTYROW:  Making left turn,None Indicated,,Daylight,Dry,Clear,None apparent,Intersection:  Four-way intersection,Paved,,Property Damage Only,0,0,0,0,0,0,3500,2,2,,POINT (-93.645028402384 41.56274485456)
2014792037,20140007751,03/24/2014,03-March,2-Monday,11:52,1100 Hours,District 1 (Central),DES MOINES,POLK,,JOHNSON ST,Collision with fixed object:  Other fixed object (explain in narrative),Outside trafficway,Rear-end (front to rear),Downhill runaway,None Indicated,,Daylight,Dry,Cloudy,None apparent,Non-intersection:  Other non-intersection (explain in narrative),Paved,,Property Damage Only,0,0,0,0,0,0,10470,2,777,,POINT (-93.631036429604 41.521199663232)
2014791783,14-1933,03/24/2014,03-March,2-Monday,06:30,0600 Hours,District 1 (Central),,POLK,US 65,US 65,Collision with:  Vehicle in traffic,On Roadway,"Sideswipe, same direction",Driving too fast for conditions,None Indicated,,Dark - roadway not lighted,Ice/frost,Snow,"Surface condition (e.g., wet, icy)",Non-intersection:  Non-junction/no special feature,Paved,,Minor Injury,0,1,0,1,0,0,8000,2,2,,POINT (-93.402725460574 41.7346522144)
2014792665,,03/24/2014,03-March,2-Monday,14:55,1400 Hours,District 6 (East Central),CEDAR RAPIDS,LINN,,1ST AVE & 7TH ST,Collision with:  Vehicle in traffic,On Roadway,Broadside (front to side),Unknown,None Indicated,,Daylight,Dry,Cloudy,,Intersection:  T-intersection,Paved,,Property Damage Only,0,0,0,0,0,0,4819,2,2,,POINT (-91.602846837794 42.028204976209)
2014794376,14-3761,03/24/2014,03-March,2-Monday,23:42,2300 Hours,District 6 (East Central),,JACKSON,,Co Rd E23Y/IRON BRIDGE RD,Non-collision events:  Other non-collision (explain in narrative),Outside trafficway,Non-collision (single vehicle),Ran off road - right,None Indicated,,Dark - roadway not lighted,Snow,Clear,None apparent,Non-intersection:  Non-junction/no special feature,Paved,,Possible/Unknown,0,1,0,0,1,0,4000,1,1,,POINT (-90.51888582836 42.101716930143)
2014792085,14-8731,03/24/2014,03-March,2-Monday,14:43,1400 Hours,District 3 (Northwest),SIOUX CITY,WOODBURY,I-29,I-29 & IA 12/GORDON DR & NEBRASKA ST,Collision with:  Vehicle in traffic,On Roadway,Rear-end (front to rear),Driving too fast for conditions,None Indicated,,Daylight,Dry,Clear,Work Zone (roadway-related),Intersection:  Four-way intersection,Paved,Yes,Property Damage Only,0,0,0,0,0,0,5500,2,2,,POINT (-96.40344142538 42.489734009726)
2014792084,14-8716,03/24/2014,03-March,2-Monday,12:13,1200 Hours,District 3 (Northwest),SIOUX CITY,WOODBURY,,FIELDCREST DR & W 4TH ST,Collision with:  Vehicle in traffic,On Roadway,Rear-end (front to rear),Driver Distraction:  Reaching for object(s)/fallen object(s),None Indicated,,Daylight,Dry,Cloudy,None apparent,Intersection:  T-intersection,Paved,,Property Damage Only,0,0,0,0,0,0,2200,2,2,,POINT (-96.45488851577 42.499133283639)
2014792299,2014019292,03/24/2014,03-March,2-Monday,20:15,2000 Hours,District 4 (Southwest),,UNION,US 34,US 34 & 2 LAKES DR & OLD HWY 34,Collision with:  Animal,,,Animal,None Indicated,,,,,,,Paved,,Property Damage Only,0,0,0,0,0,0,1500,1,1,,POINT (-94.228308920218 41.04722320396)
2014792202,20140007756,03/24/2014,03-March,2-Monday,08:20,0800 Hours,District 1 (Central),DES MOINES,POLK,,INDIANAPOLIS AVE & E 29TH ST,Collision with:  Vehicle in traffic,On Roadway,Broadside (front to side),Ran Stop Sign,None Indicated,,Daylight,Ice/frost,Cloudy,"Surface condition (e.g., wet, icy)",Intersection:  T-intersection,Paved,,Property Damage Only,0,0,0,0,0,0,6000,2,3,,POINT (-93.561140384832 41.605960366186)
2014792836,14-000347,03/24/2014,03-March,2-Monday,05:33,0500 Hours,District 1 (Central),HUXLEY,STORY,I-35,I-35,Collision with fixed object:  Guardrail - face,Shoulder,Non-collision (single vehicle),Lost Control,None Indicated,,Dark - roadway not lighted,Ice/frost,Snow,"Surface condition (e.g., wet, icy)",Non-intersection:  Non-junction/no special feature,Paved,,Property Damage Only,0,0,0,0,0,0,5000,1,1,,POINT (-93.571101871222 41.88966825194)
2014791936,14004464,03/24/2014,03-March,2-Monday,14:50,1400 Hours,District 2 (Northeast),MASON CITY,CERRO GORDO,,S EISENHOWER AVE,Collision with fixed object:  Curb/island/raised median,On Roadway,Non-collision (single vehicle),Ran off road - right,None Indicated,,Daylight,Dry,Cloudy,None apparent,Non-intersection:  Non-junction/no special feature,Paved,,Possible/Unknown,0,2,0,0,2,0,5000,1,2,,POINT (-93.260555636159 43.14053405033)
2014792277,2014-17662,03/24/2014,03-March,2-Monday,17:40,1700 Hours,District 6 (East Central),DAVENPORT,SCOTT,,W 59TH ST,Collision with:  Parked motor vehicle,On Roadway,"Sideswipe, same direction",Unknown,None Indicated,,Daylight,Dry,Cloudy,None apparent,Non-intersection:  Non-junction/no special feature,Paved,,Property Damage Only,0,0,0,0,0,0,1500,2,777,,POINT (-90.601311457844 41.581192573477)
2014792770,2014002712,03/24/2014,03-March,2-Monday,16:54,1600 Hours,District 1 (Central),MARSHALLTOWN,MARSHALL,,E STATE ST,Collision with:  Vehicle in traffic,On Roadway,Broadside (front to side),Other (explain in narrative):  Other,None Indicated,,Daylight,Dry,Clear,None apparent,Non-intersection:  Alley,Paved,,Property Damage Only,0,0,0,0,0,0,7000,2,2,,POINT (-92.902347039009 42.050411564736)
2014793045,14002473,03/24/2014,03-March,2-Monday,20:52,2000 Hours,District 6 (East Central),,BUCHANAN,IA 150,IA 150/JAMESTOWN AVE,Non-collision events:  Overturn/rollover,Shoulder,Non-collision (single vehicle),Ran off road - right,None Indicated,,Dark - roadway not lighted,Ice/frost,Clear,None apparent,Non-intersection:  Non-junction/no special feature,Paved,,Property Damage Only,0,0,0,0,0,0,10000,1,1,,POINT (-91.889840418903 42.522026623854)
2014792175,201404098,03/24/2014,03-March,2-Monday,06:24,0600 Hours,District 6 (East Central),CEDAR RAPIDS,LINN,,4TH AVE SE & 10TH ST SE,Collision with:  Vehicle in traffic,On Roadway,Broadside (front to side),Unknown,None Indicated,,Dark - roadway lighted,Snow,Cloudy,None apparent,Intersection:  Other intersection (explain in narrative),Paved,,Major Injury,0,2,1,1,0,0,13000,2,2,,POINT (-91.657202903245 41.981246040538)
2014792176,201404114,03/24/2014,03-March,2-Monday,13:55,1300 Hours,District 6 (East Central),CEDAR RAPIDS,LINN,I-380,I-380 & 15TH AVE SW,Collision with:  Vehicle in traffic,On Roadway,Rear-end (front to rear),Followed too close,None Indicated,,Daylight,Dry,Cloudy,None apparent,Non-intersection:  Non-junction/no special feature,Paved,,Minor Injury,0,2,0,2,0,0,14500,4,5,,POINT (-91.670746447051 41.962670263542)
2014792489,14004480,03/24/2014,03-March,2-Monday,17:33,1700 Hours,District 2 (Northeast),MASON CITY,CERRO GORDO,US 65,US 65/N FEDERAL AVE & 7TH ST NW,Collision with:  Vehicle in traffic,On Roadway,Rear-end (front to rear),Driving too fast for conditions,None Indicated,,Daylight,Wet,Cloudy,None apparent,Intersection:  T-intersection,Paved,,Property Damage Only,0,0,0,0,0,0,3500,2,2,,POINT (-93.201048002857 43.158159514395)
2014791895,14-8686,03/24/2014,03-March,2-Monday,01:29,0100 Hours,District 3 (Northwest),SIOUX CITY,WOODBURY,,19TH ST & JACKSON ST,Collision with:  Parked motor vehicle,On Roadway,Rear-end (front to rear),Other (explain in narrative):  Other,None Indicated,,Dark - roadway lighted,Dry,Clear,None apparent,Intersection:  Other intersection (explain in narrative),Paved,,Property Damage Only,0,0,0,0,0,0,6000,3,1,,POINT (-96.402165139449 42.510158084166)
2014791794,20140007751,03/24/2014,03-March,2-Monday,06:25,0600 Hours,District 5 (Southeast),DES MOINES,WARREN,IA 5,IA 5/IOWA 5,Non-collision events:  Overturn/rollover,On Roadway,Non-collision (single vehicle),Crossed centerline (undivided),None Indicated,,Dawn,Ice/frost,Cloudy,"Surface condition (e.g., wet, icy)",Non-intersection:  Non-junction/no special feature,Paved,,Major Injury,0,1,1,0,0,0,15000,1,1,,POINT (-93.58695419497 41.503886732463)
2014792298,2014019110,03/24/2014,03-March,2-Monday,06:44,0600 Hours,District 5 (Southeast),,MARION,,Co Rd G46/HWY G46 & Co Rd T15/HWY T15,Collision with:  Vehicle in traffic,On Roadway,"Sideswipe, opposite direction",Swerving/Evasive Action,None Indicated,,Daylight,Ice/frost,Snow,"Surface condition (e.g., wet, icy)",Non-intersection:  Non-junction/no special feature,Paved,,Possible/Unknown,0,1,0,0,1,0,2500,2,2,,POINT (-92.993533739942 41.34219405387)
2014796139,14-000348,03/24/2014,03-March,2-Monday,06:43,0600 Hours,District 1 (Central),,STORY,I-35,I-35,Non-collision events:  Overturn/rollover,Roadside,Non-collision (single vehicle),Driving too fast for conditions,None Indicated,,Dawn,Snow,Snow,"Surface condition (e.g., wet, icy)",Non-intersection:  Non-junction/no special feature,Paved,,Minor Injury,0,1,0,1,0,0,3000,1,1,,POINT (-93.57019978261 41.921052313152)
2014795247,14-022,03/24/2014,03-March,2-Monday,13:45,1300 Hours,District 3 (Northwest),SIOUX CENTER,SIOUX,US 75,US 75/MAIN AVE & 3RD ST NW & 3RD ST NE,Collision with:  Vehicle in traffic,On Roadway,"Sideswipe, same direction",FTYROW:  Other (explain in narrative),None Indicated,,Daylight,Dry,Cloudy,None apparent,Intersection:  Four-way intersection,Paved,,Property Damage Only,0,0,0,0,0,0,3500,2,4,,POINT (-96.175551898585 43.079763297088)
2014792020,14-001317,03/24/2014,03-March,2-Monday,07:04,0700 Hours,District 1 (Central),ANKENY,POLK,IA 160,IA 160/SW ORALABOR RD & IA 415/SW STATE ST,Collision with:  Vehicle in traffic,On Roadway,Rear-end (front to rear),Followed too close,None Indicated,,Dawn,Ice/frost,Snow,"Surface condition (e.g., wet, icy)",Non-intersection:  Non-junction/no special feature,Paved,,Property Damage Only,0,0,0,0,0,0,1800,2,2,,POINT (-93.621550183463 41.703115988409)
2014792016,14-1968,03/24/2014,03-March,2-Monday,20:30,2000 Hours,District 1 (Central),,POLK,,NE 46TH ST & NE 108TH AVE,Collision with fixed object:  Ditch,On Roadway,Non-collision (single vehicle),Ran off road - left,None Indicated,,Dark - roadway not lighted,Dry,Cloudy,None apparent,Non-intersection:  Non-junction/no special feature,Paved,,Property Damage Only,0,0,0,0,0,0,3000,1,1,,POINT (-93.522216117086 41.756878002498)
2014791931,14001679,03/24/2014,03-March,2-Monday,09:06,0900 Hours,District 2 (Northeast),PLYMOUTH,CERRO GORDO,,Co Rd S56/THRUSH AVE,Collision with fixed object:  Ditch,On Roadway,Non-collision (single vehicle),Ran off road - right,None Indicated,,Daylight,Wet,Snow,"Surface condition (e.g., wet, icy)",Non-intersection:  Non-junction/no special feature,Paved,,Possible/Unknown,0,1,0,0,0,1,3000,1,1,,POINT (-93.123256732808 43.253828312544)
2014792222,14-011412,03/24/2014,03-March,2-Monday,14:10,1400 Hours,District 4 (Southwest),COUNCIL BLUFFS,POTTAWATTAMIE,US 6,US 6/W BROADWAY & S 8TH ST & N 8TH ST,Collision with:  Vehicle in traffic,On Roadway,"Angle, oncoming left turn",FTYROW:  Making left turn,None Indicated,,Daylight,Dry,Cloudy,None apparent,Intersection:  Four-way intersection,Paved,,Property Damage Only,0,0,0,0,0,0,3500,2,3,,POINT (-95.856049604318 41.261876587954)
2014792837,14-001391,03/24/2014,03-March,2-Monday,06:59,0600 Hours,District 1 (Central),AMES,STORY,,E 13TH ST,Collision with:  Vehicle in traffic,On Roadway,Broadside (front to side),FTYROW:  From driveway,None Indicated,,Dawn,Snow,Snow,"Surface condition (e.g., wet, icy)",Non-intersection:  Driveway access (within),Paved,,Property Damage Only,0,0,0,0,0,0,3500,2,2,,POINT (-93.577567423098 42.034499326068)
2014797375,S201400531,03/24/2014,03-March,2-Monday,05:44,0500 Hours,District 3 (Northwest),,PALO ALTO,US 18,US 18/390 ST,Non-collision events:  Overturn/rollover,On Roadway,Non-collision (single vehicle),Crossed centerline (undivided),None Indicated,,Dark - roadway not lighted,Snow,Snow,"Surface condition (e.g., wet, icy)",Non-intersection:  Non-junction/no special feature,Paved,,Property Damage Only,0,0,0,0,0,0,7000,1,2,,POINT (-94.480431279834 43.082942321628)
2014792619,2014019322,03/24/2014,03-March,2-Monday,22:30,2200 Hours,District 6 (East Central),SHUEYVILLE,JOHNSON,I-380,I-380,Collision with fixed object:  Guardrail - face,Shoulder,Non-collision (single vehicle),Driving too fast for conditions,None Indicated,,Dark - roadway not lighted,Ice/frost,Clear,None apparent,Non-intersection:  Non-junction/no special feature,Paved,,Property Damage Only,0,0,0,0,0,0,6000,1,1,,POINT (-91.66451315275 41.839190098957)
2014791897,14-0136,03/24/2014,03-March,2-Monday,08:04,0800 Hours,District 5 (Southeast),DAVIS CITY,DECATUR,,OLD 69 HIGHWAY,Collision with:  Animal,On Roadway,Non-collision (single vehicle),Animal,None Indicated,,Daylight,Dry,Cloudy,None apparent,Non-intersection:  Non-junction/no special feature,Paved,,Property Damage Only,0,0,0,0,0,0,3000,1,1,,POINT (-93.799047065179 40.646668560179)
2014792451,2014019113,03/24/2014,03-March,2-Monday,07:00,0700 Hours,District 1 (Central),,POLK,US 65,US 65,Collision with fixed object:  Guardrail - face,On Roadway,Non-collision (single vehicle),Driving too fast for conditions,None Indicated,,Dawn,Snow,Snow,"Surface condition (e.g., wet, icy)",Non-intersection:  Non-junction/no special feature,Paved,,Property Damage Only,0,0,0,0,0,0,1500,1,1,,POINT (-93.519843734625 41.518981765334)
2014792289,14-000414,03/24/2014,03-March,2-Monday,17:05,1700 Hours,District 1 (Central),AMES,STORY,,STANGE RD & PAMMEL DR & UNIVERSITY BLVD,Collision with:  Vehicle in traffic,On Roadway,Rear-end (front to rear),Other (explain in narrative):  Other,None Indicated,,Daylight,Dry,Clear,None apparent,Intersection:  Four-way intersection,Paved,,Property Damage Only,0,0,0,0,0,0,2500,2,3,,POINT (-93.644662252824 42.030512446397)
2014797362,2014001794,03/24/2014,03-March,2-Monday,05:03,0500 Hours,District 3 (Northwest),,MONONA,I-29,I-29 & 190TH ST,Non-collision events:  Overturn/rollover,On Roadway,Non-collision (single vehicle),Swerving/Evasive Action,None Indicated,,Dark - roadway not lighted,Dry,Clear,None apparent,Non-intersection:  Non-junction/no special feature,Paved,,Minor Injury,0,2,0,1,1,0,12000,1,2,,POINT (-96.177562627981 42.083928524584)
2014791795,20140007755,03/24/2014,03-March,2-Monday,07:47,0700 Hours,District 1 (Central),DES MOINES,POLK,US 6,US 6/FREDERICK M HUBBELL AVE,Collision with:  Vehicle in traffic,On Roadway,Broadside (front to side),FTYROW:  From driveway,None Indicated,,Daylight,Snow,Snow,"Surface condition (e.g., wet, icy)",Non-intersection:  Driveway access (within),Paved,,Possible/Unknown,0,1,0,0,1,0,9000,4,4,,POINT (-93.533082971389 41.635196212752)
2014792108,2014019158,03/24/2014,03-March,2-Monday,08:58,0800 Hours,District 1 (Central),,WEBSTER,,Co Rd C56/120TH ST,Collision with fixed object:  Ditch,Roadside,Non-collision (single vehicle),Ran off road - right,None Indicated,,Daylight,Snow,Snow,None apparent,Non-intersection:  Non-junction/no special feature,Paved,,Property Damage Only,0,0,0,0,0,0,3000,1,1,,POINT (-94.099501533454 42.616058077276)
2014792018,14-001316,03/24/2014,03-March,2-Monday,06:25,0600 Hours,District 1 (Central),ANKENY,POLK,I-35,I-35,Collision with fixed object:  Guardrail - face,Median,Non-collision (single vehicle),Driving too fast for conditions,None Indicated,,Dark - roadway not lighted,Ice/frost,Cloudy,"Surface condition (e.g., wet, icy)",Non-intersection:  Non-junction/no special feature,Paved,,Property Damage Only,0,0,0,0,0,0,7000,1,1,,POINT (-93.573231619713 41.751536840376)
2014791725,14-09641,03/24/2014,03-March,2-Monday,13:11,1300 Hours,District 5 (Southeast),BURLINGTON,DES MOINES,,AGENCY ST & COLUMBUS DR,Collision with:  Vehicle in traffic,On Roadway,"Angle, oncoming left turn",FTYROW:  Making left turn,None Indicated,,Daylight,Dry,Cloudy,None apparent,Intersection:  Four-way intersection,Paved,,Property Damage Only,0,0,0,0,0,0,4500,3,5,,POINT (-91.137559905327 40.814697403701)
2014794604,1403242145,03/24/2014,03-March,2-Monday,21:45,2100 Hours,District 6 (East Central),,JONES,US 151,US 151,Non-collision events:  Overturn/rollover,On Roadway,Non-collision (single vehicle),Driving too fast for conditions,None Indicated,,Dark - roadway not lighted,Snow,Snow,"Surface condition (e.g., wet, icy)",Non-intersection:  Non-junction/no special feature,Paved,,Property Damage Only,0,0,0,0,0,0,25000,1,2,,POINT (-91.25087839895 42.136226512129)
2014791781,14-1939,03/24/2014,03-March,2-Monday,07:47,0700 Hours,District 1 (Central),PLEASANT HILL,POLK,,Co Rd F70/SE VANDALIA DR,Collision with fixed object:  Ditch,Roadside,Non-collision (single vehicle),Ran off road - right,None Indicated,,Daylight,Ice/frost,Cloudy,"Surface condition (e.g., wet, icy)",Non-intersection:  Non-junction/no special feature,Paved,,Property Damage Only,0,0,0,0,0,0,2200,1,2,,POINT (-93.497680299701 41.563873351115)
2014793252,2014019216,03/24/2014,03-March,2-Monday,22:00,2200 Hours,District 1 (Central),,JASPER,I-80,I-80,Collision with fixed object:  Guardrail - face,On Roadway,Non-collision (single vehicle),Swerving/Evasive Action,None Indicated,,Dark - roadway not lighted,Ice/frost,Snow,"Surface condition (e.g., wet, icy)",Non-intersection:  Non-junction/no special feature,Paved,,Property Damage Only,0,0,0,0,0,0,3000,1,1,,POINT (-92.911689199938 41.681920765715)
2014795197,201400889,03/24/2014,03-March,2-Monday,21:39,2100 Hours,District 6 (East Central),,LINN,US 30,US 30/SW RAMP,Non-collision events:  Overturn/rollover,On Roadway,Non-collision (single vehicle),Ran off road - right,None Indicated,,Dark - roadway not lighted,Snow,Snow,"Surface condition (e.g., wet, icy)",Interchange-related:  On-ramp merge area,Paved,,Minor Injury,0,2,0,1,1,0,20000,1,2,,POINT (-91.788403908217 41.962630436479)
2014792300,2014019331,03/24/2014,03-March,2-Monday,23:23,2300 Hours,District 5 (Southeast),,MAHASKA,IA 163,IA 163/IOWA 163 & HIGHLAND AVE,Non-collision events:  Overturn/rollover,Median,Non-collision (single vehicle),Ran off road - left,None Indicated,,Dark - roadway not lighted,Ice/frost,Snow,"Surface condition (e.g., wet, icy)",Non-intersection:  Non-junction/no special feature,Paved,,Possible/Unknown,0,4,0,0,4,0,5000,1,7,,POINT (-92.733227327283 41.337984733845)
2014792195,20140007748,03/24/2014,03-March,2-Monday,05:43,0500 Hours,District 1 (Central),DES MOINES,POLK,I-235,I-235 & E 6TH ST,Collision with fixed object:  Concrete traffic barrier (median or right side),On Roadway,Non-collision (single vehicle),Driving too fast for conditions,None Indicated,,Dark - roadway lighted,Snow,Snow,"Surface condition (e.g., wet, icy)",Non-intersection:  Non-junction/no special feature,Paved,,Minor Injury,0,1,0,1,0,0,15000,1,1,,POINT (-93.610302742641 41.595207455304)
2014792352,14-060324-01,03/24/2014,03-March,2-Monday,22:08,2200 Hours,District 6 (East Central),,IOWA,I-80,I-80,Collision with fixed object:  Guardrail - face,On Roadway,Non-collision (single vehicle),Driving too fast for conditions,None Indicated,,Dark - roadway not lighted,Ice/frost,Clear,"Surface condition (e.g., wet, icy)",Non-intersection:  Non-junction/no special feature,Paved,,Property Damage Only,0,0,0,0,0,0,3000,1,1,,POINT (-92.049629457379 41.687311499238)
2014791779,14-1932,03/24/2014,03-March,2-Monday,06:10,0600 Hours,District 1 (Central),,POLK,I-35,I-35,Collision with fixed object:  Utility pole/light support,Shoulder,Non-collision (single vehicle),Driving too fast for conditions,None Indicated,,Dark - roadway lighted,Snow,Snow,"Surface condition (e.g., wet, icy)",Interchange-related:  Off-ramp,Paved,,Major Injury,0,1,1,0,0,0,9000,1,2,,POINT (-93.604950267205 41.649044769895)
2014793254,2014019319,03/24/2014,03-March,2-Monday,22:35,2200 Hours,District 6 (East Central),,IOWA,I-80,I-80,Collision with fixed object:  Guardrail - face,Shoulder,Non-collision (single vehicle),Driving too fast for conditions,None Indicated,,Dark - roadway not lighted,Ice/frost,Cloudy,"Surface condition (e.g., wet, icy)",Non-intersection:  Non-junction/no special feature,Paved,,Property Damage Only,0,0,0,0,0,0,2500,1,2,,POINT (-91.923322323743 41.687818784893)
2014808058,2014019132,03/24/2014,03-March,2-Monday,07:50,0700 Hours,District 2 (Northeast),GILBERTVILLE,BLACK HAWK,I-380,I-380,Non-collision events:  Other non-collision (explain in narrative),On Roadway,Non-collision (single vehicle),Driving too fast for conditions,None Indicated,,Daylight,Ice/frost,Cloudy,"Surface condition (e.g., wet, icy)",Non-intersection:  Other non-intersection (explain in narrative),Paved,,Property Damage Only,0,0,0,0,0,0,5000,1,1,,POINT (-92.194139409571 42.449408072767)
2014791988,2014003190,03/24/2014,03-March,2-Monday,15:59,1500 Hours,District 6 (East Central),IOWA CITY,JOHNSON,,JOHNSON ST,Collision with:  Vehicle in traffic,On Roadway,"Sideswipe, same direction",Unknown,None Indicated,,Daylight,Dry,Cloudy,None apparent,Non-intersection:  Non-junction/no special feature,Paved,,Property Damage Only,0,0,0,0,0,0,1500,2,1,,POINT (-91.527272691456 41.657089444687)
2014792993,2014019109,03/24/2014,03-March,2-Monday,06:45,0600 Hours,District 1 (Central),,POLK,US 65,US 65,Collision with fixed object:  Bridge overhead structure,On Roadway,Non-collision (single vehicle),Driving too fast for conditions,None Indicated,,Daylight,Slush,Snow,None apparent,Non-intersection:  Other non-intersection (explain in narrative),Paved,,Property Damage Only,0,0,0,0,0,0,1500,1,1,,POINT (-93.517035446649 41.53957625015)
2014792110,2014019133,03/24/2014,03-March,2-Monday,07:40,0700 Hours,District 1 (Central),DES MOINES,POLK,I-35,I-35,Collision with fixed object:  Utility pole/light support,On Roadway,Non-collision (single vehicle),Driving too fast for conditions,None Indicated,,Daylight,Ice/frost,Cloudy,None apparent,Interchange-related:  On-ramp merge area,Paved,,Property Damage Only,0,0,0,0,0,0,9000,1,2,,POINT (-93.596645588048 41.649637615636)