Iowa DOT Case Number,Law Enforcement Case Number,Date of Crash,Month of Crash,Day of Week,Time of Crash,Hour,DOT District,City Name,County Name,Route with System,Location Description,First Harmful Event,Location of First Harmful Event,Manner of Crash/Collision,Major Cause,Drug or Alcohol ,Environmental Conditions,Light Conditions,Surface Conditions,Weather Conditions,Roadway Contribution,Roadway Type,Roadway Surface,Work Zone,Crash Severity,Number of Fatalities,Number of Injuries,Number of Major Injuries,Number of Minor Injuries,Number of Possible Injuries,Number of Unknown Injuries,Amount of Property Damage,Number of Vehicles Involved,Total Number of Occupants,Travel Direction,Location
2014792423,14-011682,03/26/2014,03-March,4-Wednesday,12:21,1200 Hours,District 4 (Southwest),COUNCIL BLUFFS,POTTAWATTAMIE,,2ND AVE,Collision with:  Vehicle in traffic,On Roadway,Rear-end (front to rear),Other (explain in narrative):  Other,None Indicated,,Daylight,Dry,Clear,None apparent,Non-intersection:  Non-junction/no special feature,Paved,,Minor Injury,0,1,0,1,0,0,14000,2,2,,POINT (-95.86975274275 41.259716287056)
2014799453,14-002372,03/26/2014,03-March,4-Wednesday,23:42,2300 Hours,District 4 (Southwest),ATLANTIC,CASS,US 6,US 6/7TH ST & 8TH ST,Collision with fixed object:  Other fixed object (explain in narrative),On Roadway,Non-collision (single vehicle),Ran off road - right,Alcohol (Statutory),,Dark - roadway lighted,Wet,Rain,None apparent,Non-intersection:  Driveway access (within),Paved,,Property Damage Only,0,0,0,0,0,0,6246,1,1,,POINT (-94.994490804134 41.403847049584)
2014792388,14006150,03/26/2014,03-March,4-Wednesday,16:46,1600 Hours,District 6 (East Central),MARION,LINN,,7TH AVE,Collision with:  Vehicle in traffic,On Roadway,Broadside (front to side),FTYROW:  From driveway,None Indicated,,Daylight,Dry,Cloudy,None apparent,Non-intersection:  Driveway access (within),Paved,,Minor Injury,0,2,0,2,0,0,15000,2,2,,POINT (-91.60669877524 42.033250325112)
2014792845,14-001432,03/27/2014,03-March,5-Thursday,12:22,1200 Hours,District 1 (Central),AMES,STORY,US 69,US 69/S DUFF AVE,Collision with:  Vehicle in traffic,On Roadway,Rear-end (front to rear),Other (explain in narrative):  Other,None Indicated,,Daylight,Wet,Rain,"Surface condition (e.g., wet, icy)",Non-intersection:  Non-junction/no special feature,Paved,,Property Damage Only,0,0,0,0,0,0,3500,2,3,,POINT (-93.610271777511 42.010561736678)
2014792997,2014019741,03/27/2014,03-March,5-Thursday,08:57,0800 Hours,District 4 (Southwest),COUNCIL BLUFFS,POTTAWATTAMIE,I-29,I-29,Collision with:  Vehicle in traffic,On Roadway,"Sideswipe, opposite direction",Crossed centerline (undivided),None Indicated,,Daylight,Dry,Cloudy,None apparent,Non-intersection:  Non-junction/no special feature,Paved,,Possible/Unknown,0,1,0,0,1,0,28000,2,2,,POINT (-95.823438320736 41.210840648383)
2014792549,14-2044,03/27/2014,03-March,5-Thursday,14:56,1400 Hours,District 1 (Central),ANKENY,POLK,I-35,I-35,Collision with fixed object:  Ditch,Roadside,Non-collision (single vehicle),Ran off road - right,None Indicated,,Daylight,Wet,Rain,None apparent,Non-intersection:  Non-junction/no special feature,Paved,,Property Damage Only,0,0,0,0,0,0,2000,1,1,,POINT (-93.576446132194 41.66576441593)
2014792405,20140008055,03/27/2014,03-March,5-Thursday,08:57,0800 Hours,District 1 (Central),DES MOINES,POLK,,KEOSAUQUA WAY,Collision with:  Vehicle in traffic,On Roadway,Broadside (front to side),Unknown,None Indicated,,Daylight,Wet,Rain,None apparent,Non-intersection:  Non-junction/no special feature,Paved,,Property Damage Only,0,0,0,0,0,0,5000,2,3,,POINT (-93.636608178074 41.596821215198)
2014792609,14-9031,03/27/2014,03-March,5-Thursday,12:50,1200 Hours,District 3 (Northwest),SIOUX CITY,WOODBURY,,MURRAY ST & HARBOR DR,Collision with:  Vehicle in traffic,On Roadway,Unknown,Unknown,None Indicated,,Daylight,Wet,Cloudy,None apparent,Intersection:  T-intersection,Paved,,Property Damage Only,0,0,0,0,0,0,4000,2,2,,POINT (-96.371042436764 42.427471733489)
2014792525,14000991,03/27/2014,03-March,5-Thursday,02:13,0200 Hours,District 5 (Southeast),,KEOKUK,IA 149,IA 149/IOWA 149,Non-collision events:  Overturn/rollover,Outside trafficway,Non-collision (single vehicle),Crossed centerline (undivided),None Indicated,,Dark - roadway not lighted,Wet,Rain,None apparent,Non-intersection:  Non-junction/no special feature,Paved,,Fatal,1,0,0,0,0,0,107000,1,1,,POINT (-92.181171395594 41.382868978457)
2014792518,C14000943,03/27/2014,03-March,5-Thursday,16:43,1600 Hours,District 6 (East Central),CORALVILLE,JOHNSON,,CORAL RIDGE AVE,Collision with:  Vehicle in traffic,On Roadway,Rear-end (front to rear),Driving too fast for conditions,None Indicated,,Daylight,Wet,Rain,None apparent,Non-intersection:  Non-junction/no special feature,Paved,,Property Damage Only,0,0,0,0,0,0,6500,2,3,,POINT (-91.608128360359 41.708175299365)
2014798516,2014019838,03/27/2014,03-March,5-Thursday,12:17,1200 Hours,District 1 (Central),,HAMILTON,I-35,I-35,Collision with:  Vehicle in traffic,On Roadway,Rear-end (front to rear),Made improper turn,None Indicated,,Daylight,Wet,Rain,None apparent,"Interchange-related:  Off-ramp, diverge area",Paved,,Minor Injury,0,1,0,1,0,0,15500,3,4,,POINT (-93.56903675052 42.449801770966)
2014792984,14030558,03/27/2014,03-March,5-Thursday,21:45,2100 Hours,District 5 (Southeast),AGENCY,WAPELLO,,ASHLAND RD,Non-collision events:  Overturn/rollover,On Roadway,Non-collision (single vehicle),Swerving/Evasive Action,None Indicated,,Dark - roadway not lighted,"Mud, dirt",Rain,Unknown,Non-intersection:  Non-junction/no special feature,Unpaved,,Possible/Unknown,0,1,0,0,0,1,8000,1,1,,POINT (-92.277726339642 40.974450547501)
2014792883,,03/27/2014,03-March,5-Thursday,12:42,1200 Hours,District 3 (Northwest),CHEROKEE,CHEROKEE,US 59,US 59/N 2ND ST & W CEDAR ST & E CEDAR ST,Collision with:  Vehicle in traffic,On Roadway,"Sideswipe, same direction",Unknown,None Indicated,,Daylight,Wet,Rain,,Intersection:  Four-way intersection,Paved,,Property Damage Only,0,0,0,0,0,0,1800,2,2,,POINT (-95.551208084175 42.751595872148)
2014792498,CL14000902,03/27/2014,03-March,5-Thursday,17:50,1700 Hours,District 6 (East Central),CLINTON,CLINTON,US 30,US 30/8TH AVE S/S 4TH ST & US 67,Collision with:  Vehicle in traffic,On Roadway,"Angle, oncoming left turn",Crossed centerline (undivided),None Indicated,,Daylight,Wet,Cloudy,None apparent,Non-intersection:  Non-junction/no special feature,Paved,,Property Damage Only,0,0,0,0,0,0,2025,2,2,,POINT (-90.193228923027 41.837775129281)
2014795035,2014003274,03/27/2014,03-March,5-Thursday,06:40,0600 Hours,District 6 (East Central),IOWA CITY,JOHNSON,,SOUTHGATE AVE,Collision with:  Vehicle in traffic,On Roadway,Head-on (front to front),Crossed centerline (undivided),None Indicated,,Dawn,Wet,Clear,None apparent,Non-intersection:  Non-junction/no special feature,Paved,,Minor Injury,0,1,0,1,0,0,10000,2,2,,POINT (-91.529183006272 41.64069438944)
2014793046,14002523,03/27/2014,03-March,5-Thursday,11:25,1100 Hours,District 6 (East Central),,BUCHANAN,I-380,I-380 & Co Rd D48/330TH ST,Collision with:  Vehicle in traffic,On Roadway,"Angle, oncoming left turn",FTYROW:  From stop sign,None Indicated,,Daylight,Wet,Rain,None apparent,Intersection:  Four-way intersection,Paved,,Property Damage Only,0,0,0,0,0,0,6000,2,2,,POINT (-91.976134626922 42.312038593886)
2014792679,,03/27/2014,03-March,5-Thursday,13:42,1300 Hours,District 5 (Southeast),CHARITON,LUCAS,US 34,US 34 & 4TH ST & S 4TH ST,Collision with:  Vehicle in traffic,On Roadway,Broadside (front to side),FTYROW:  From stop sign,None Indicated,,Daylight,Dry,Cloudy,None apparent,Intersection:  Four-way intersection,Paved,,Property Damage Only,0,0,0,0,0,0,21530,2,2,,POINT (-93.298469852955 41.004711695633)
2014792386,201404240,03/27/2014,03-March,5-Thursday,09:52,0900 Hours,District 6 (East Central),CEDAR RAPIDS,LINN,,ELY RD & MUIRFIELD DR SW,Collision with:  Vehicle in traffic,On Roadway,"Sideswipe, same direction",Other (explain in narrative):  Other,None Indicated,,Daylight,Wet,Rain,None apparent,Intersection:  Other intersection (explain in narrative),Paved,,Property Damage Only,0,0,0,0,0,0,13000,2,5,,POINT (-91.635293074067 41.923058037212)
2014792771,2014002793,03/27/2014,03-March,5-Thursday,15:00,1500 Hours,District 1 (Central),MARSHALLTOWN,MARSHALL,,W BOONE ST & S 10TH ST,Collision with:  Vehicle in traffic,On Roadway,Broadside (front to side),Made improper turn,None Indicated,,Daylight,Wet,Rain,None apparent,Non-intersection:  Driveway access (within),Paved,,Property Damage Only,0,0,0,0,0,0,4500,2,2,,POINT (-92.92896208013 42.045486503855)
2014793411,2014-18336,03/27/2014,03-March,5-Thursday,16:59,1600 Hours,District 6 (East Central),DAVENPORT,SCOTT,US 6,US 6/E KIMBERLY RD,Collision with:  Vehicle in traffic,On Roadway,Rear-end (front to rear),Followed too close,None Indicated,,Daylight,Wet,Rain,"Surface condition (e.g., wet, icy)",Non-intersection:  Non-junction/no special feature,Paved,,Property Damage Only,0,0,0,0,0,0,1500,2,2,,POINT (-90.549643915606 41.556893064559)
2014792598,2014-0093,03/27/2014,03-March,5-Thursday,12:24,1200 Hours,District 5 (Southeast),NORWALK,WARREN,IA 28,IA 28/SUNSET DR & NORTH AVE,Collision with:  Vehicle in traffic,On Roadway,Broadside (front to side),Ran Traffic Signal,None Indicated,,Daylight,Wet,Rain,None apparent,Intersection:  Four-way intersection,Paved,,Property Damage Only,0,0,0,0,0,0,4500,2,2,,POINT (-93.682486931975 41.475364533768)
2014795248,14-023,03/27/2014,03-March,5-Thursday,09:00,0900 Hours,District 3 (Northwest),SIOUX CENTER,SIOUX,US 75,US 75/MAIN AVE & 16TH ST SE,Collision with:  Vehicle in traffic,On Roadway,Rear-end (front to rear),Followed too close,None Indicated,,Daylight,Wet,Cloudy,None apparent,Intersection:  Four-way intersection,Paved,,Property Damage Only,0,0,0,0,0,0,2250,2,3,,POINT (-96.175336899982 43.060392590136)
2014792404,20140008044,03/27/2014,03-March,5-Thursday,07:10,0700 Hours,District 1 (Central),DES MOINES,POLK,,ROLLINS AVE & 42ND ST,Collision with:  Vehicle in traffic,On Roadway,Rear-end (front to rear),Unknown,None Indicated,,Daylight,Wet,Rain,None apparent,Non-intersection:  Non-junction/no special feature,Paved,,Property Damage Only,0,0,0,0,0,0,7500,4,4,,POINT (-93.674378049797 41.593020989647)
2014792387,14006176,03/27/2014,03-March,5-Thursday,08:01,0800 Hours,District 6 (East Central),MARION,LINN,,29TH AVE & 3RD ST & GEODE ST,Collision with:  Vehicle in traffic,On Roadway,Rear-end (front to rear),Driving too fast for conditions,None Indicated,,Daylight,Wet,Rain,None apparent,Intersection:  Four-way intersection,Paved,,Possible/Unknown,0,1,0,0,1,0,4000,2,3,,POINT (-91.606661078247 42.051010334685)
2014792695,W14-029701,03/27/2014,03-March,5-Thursday,11:07,1100 Hours,District 2 (Northeast),WATERLOO,BLACK HAWK,,E SAN MARNAN DR & FLAMMANG DR,Collision with:  Vehicle in traffic,On Roadway,Rear-end (front to rear),Followed too close,None Indicated,,Daylight,Wet,Rain,None apparent,Non-intersection:  Non-junction/no special feature,Paved,,Possible/Unknown,0,1,0,0,1,0,8000,3,6,,POINT (-92.331215051076 42.460682648964)
2014792487,14001747,03/27/2014,03-March,5-Thursday,21:20,2100 Hours,District 2 (Northeast),,FRANKLIN,,CERRO GORDO ST,Collision with fixed object:  Ditch,On Roadway,Non-collision (single vehicle),Other (explain in narrative):  Other,None Indicated,,Dark - roadway not lighted,"Mud, dirt",Cloudy,"Shoulders (none, low, soft, high)",Non-intersection:  Non-junction/no special feature,Unpaved,,Property Damage Only,0,0,0,0,0,0,5000,1,1,,POINT (-93.4304935089 42.908258306382)
2014792397,14-2023,03/27/2014,03-March,5-Thursday,07:09,0700 Hours,District 1 (Central),DES MOINES,POLK,,Co Rd R6F/NW 66TH AVE,Collision with:  Vehicle in traffic,On Roadway,Rear-end (front to rear),Driving too fast for conditions,None Indicated,,Dawn,Wet,Rain,"Surface condition (e.g., wet, icy)",Non-intersection:  Non-junction/no special feature,Paved,,Property Damage Only,0,0,0,0,0,0,7000,2,2,,POINT (-93.666856164891 41.680488423658)
2014792926,201404251,03/27/2014,03-March,5-Thursday,15:49,1500 Hours,District 6 (East Central),CEDAR RAPIDS,LINN,IA 922,IA 922/1ST AVE E & 12TH ST SE & 12TH ST NE,Collision with:  Vehicle in traffic,On Roadway,Broadside (front to side),Ran Traffic Signal,None Indicated,,Daylight,Wet,Rain,None apparent,Intersection:  Four-way intersection,Paved,,Possible/Unknown,0,1,0,0,1,0,3500,2,3,,POINT (-91.657837363073 41.984946097347)
2014792653,14-001707,03/27/2014,03-March,5-Thursday,15:57,1500 Hours,District 2 (Northeast),ALGONA,KOSSUTH,US 169,US 169/E STATE ST & N MINNESOTA ST,Collision with:  Vehicle in traffic,On Roadway,"Sideswipe, same direction",Improper or erratic lane changing,None Indicated,,Daylight,Wet,"Sleet, hail",None apparent,Non-intersection:  Non-junction/no special feature,Paved,,Property Damage Only,0,0,0,0,0,0,4000,2,4,,POINT (-94.231723376369 43.068915975643)
2014792416,20140008043,03/27/2014,03-March,5-Thursday,07:00,0700 Hours,District 1 (Central),DES MOINES,POLK,US 69,US 69/SE 14TH ST & HARRIET ST,Collision with:  Vehicle in traffic,On Roadway,"Sideswipe, same direction",Swerving/Evasive Action,None Indicated,,Daylight,Wet,Rain,None apparent,Non-intersection:  Non-junction/no special feature,Paved,,Property Damage Only,0,0,0,0,0,0,5000,2,2,,POINT (-93.596885798004 41.578038002066)
2014793464,14-003036,03/27/2014,03-March,5-Thursday,10:55,1000 Hours,District 3 (Northwest),GLIDDEN,CARROLL,,Co Rd N44/TIMBER AVE & 210TH ST & S COLORADO ST,Collision with fixed object:  Ditch,Roadside,Non-collision (single vehicle),Ran Stop Sign,None Indicated,,Daylight,Wet,Rain,None apparent,Intersection:  Four-way intersection,Paved,,Property Damage Only,0,0,0,0,0,0,3000,2,4,,POINT (-94.726006930515 42.049595742098)
2014794469,,03/27/2014,03-March,5-Thursday,23:54,2300 Hours,District 2 (Northeast),,WINNESHIEK,,Co Rd W38/MIDDLE CALMAR RD,Collision with:  Animal,On Roadway,Non-collision (single vehicle),Animal,None Indicated,,Dark - roadway not lighted,Wet,Rain,None apparent,Non-intersection:  Non-junction/no special feature,Paved,,Property Damage Only,0,0,0,0,0,0,3000,1,3,,POINT (-91.796614200129 43.273668985249)
2014792697,W14-029800,03/27/2014,03-March,5-Thursday,16:55,1600 Hours,District 2 (Northeast),WATERLOO,BLACK HAWK,US 218,US 218/WASHINGTON ST & W 11TH ST,Collision with:  Vehicle in traffic,On Roadway,Rear-end (front to rear),Followed too close,None Indicated,,Daylight,Wet,Rain,None apparent,Intersection:  Four-way intersection,Paved,,Property Damage Only,0,0,0,0,0,0,3500,2,4,,POINT (-92.334742506688 42.488225101236)
2014792400,20140008032,03/27/2014,03-March,5-Thursday,00:10,0000 Hours,District 1 (Central),DES MOINES,POLK,,EASTON BLVD & E 21ST ST & DELAWARE AVE,Collision with fixed object:  Traffic sign support,Outside trafficway,Non-collision (single vehicle),Ran off road - left,None Indicated,,Dark - roadway lighted,Dry,Rain,None apparent,Intersection:  Four-way intersection,Paved,,Property Damage Only,0,0,0,0,0,0,2000,1,1,,POINT (-93.581269758485 41.60371663117)
2014792777,03-14-267,03/27/2014,03-March,5-Thursday,15:45,1500 Hours,District 3 (Northwest),LE MARS,PLYMOUTH,,12TH ST SW & LINCOLN ST W,Collision with:  Vehicle in traffic,On Roadway,Broadside (front to side),Other (explain in narrative):  Other,None Indicated,,Daylight,Wet,Rain,None apparent,Intersection:  Four-way intersection,Paved,,Minor Injury,0,2,0,1,1,0,10000,2,2,,POINT (-96.184776445676 42.778731016213)
2014792570,20140008096,03/27/2014,03-March,5-Thursday,16:30,1600 Hours,District 1 (Central),DES MOINES,POLK,,NEW YORK AVE & 2ND AVE,Collision with:  Vehicle in traffic,On Roadway,Rear-end (front to rear),Followed too close,None Indicated,,Daylight,Wet,Rain,"Surface condition (e.g., wet, icy)",Intersection:  Four-way intersection,Paved,,Property Damage Only,0,0,0,0,0,0,3500,2,3,,POINT (-93.619948195202 41.620105852524)
2014792582,14-1437,03/27/2014,03-March,5-Thursday,16:32,1600 Hours,District 4 (Southwest),WEST DES MOINES,DALLAS,,JORDAN CREEK PKWY,Collision with fixed object:  Utility pole/light support,On Roadway,Non-collision (single vehicle),Ran off road - straight,None Indicated,,Daylight,Wet,Rain,"Surface condition (e.g., wet, icy)",Non-intersection:  Non-junction/no special feature,Paved,,Property Damage Only,0,0,0,0,0,0,1500,1,3,,POINT (-93.808974781405 41.593828017609)
2014792419,14-1429,03/27/2014,03-March,5-Thursday,07:10,0700 Hours,District 1 (Central),WEST DES MOINES,POLK,I-235,I-235,Collision with fixed object:  Utility pole/light support,Outside trafficway,Non-collision (single vehicle),Swerving/Evasive Action,None Indicated,,Daylight,Wet,Rain,None apparent,Non-intersection:  Non-junction/no special feature,Paved,,Property Damage Only,0,0,0,0,0,0,4000,1,1,,POINT (-93.735760788492 41.592896746291)
2014792412,20140008030,03/27/2014,03-March,5-Thursday,00:11,0000 Hours,District 1 (Central),DES MOINES,POLK,,EASTON BLVD & E 21ST ST & DELAWARE AVE,Collision with:  Vehicle in traffic,On Roadway,Broadside (front to side),Unknown,None Indicated,,Dark - roadway lighted,Dry,Clear,None apparent,Non-intersection:  Non-junction/no special feature,Paved,,Property Damage Only,0,0,0,0,0,0,18000,2,2,,POINT (-93.581269758485 41.60371663117)
2014792556,20140008100,03/27/2014,03-March,5-Thursday,17:02,1700 Hours,District 1 (Central),DES MOINES,POLK,I-235,I-235 & KEOSAUQUA WAY,Collision with:  Vehicle in traffic,On Roadway,Head-on (front to front),Ran Traffic Signal,None Indicated,,Daylight,Wet,Rain,"Surface condition (e.g., wet, icy)",Intersection:  T-intersection,Paved,,Property Damage Only,0,0,0,0,0,0,3000,2,2,,POINT (-93.635988382749 41.596023002667)
2014792571,20140008097,03/27/2014,03-March,5-Thursday,17:27,1700 Hours,District 1 (Central),DES MOINES,POLK,,GRAND AVE & 7TH ST,Collision with:  Non-motorist (see non-motorist section - NOT a unit),On Roadway,Non-collision (single vehicle),Other (explain in narrative):  No improper action,None Indicated,,Daylight,Wet,Rain,None apparent,Intersection:  Other intersection (explain in narrative),Paved,,Minor Injury,0,1,0,1,0,0,200,1,2,,POINT (-93.626462815573 41.587509412319)
2014792970,2014-18221,03/27/2014,03-March,5-Thursday,07:58,0700 Hours,District 6 (East Central),DAVENPORT,SCOTT,,IA 461/HARRISON ST & W 3RD ST,Collision with:  Vehicle in traffic,On Roadway,Broadside (front to side),Ran Traffic Signal,None Indicated,,Daylight,Wet,Clear,Work Zone (roadway-related),Intersection:  Four-way intersection,Paved,Yes,Possible/Unknown,0,1,0,0,1,0,4000,2,2,,POINT (-90.577021866231 41.522456649943)
2014792998,2014019897,03/27/2014,03-March,5-Thursday,17:10,1700 Hours,District 6 (East Central),CORALVILLE,JOHNSON,,CORAL RIDGE AVE & HEARTLAND DR & HOLIDAY RD,Collision with:  Vehicle in traffic,On Roadway,Rear-end (front to rear),Followed too close,None Indicated,,Daylight,Wet,Rain,None apparent,Intersection:  Four-way intersection,Paved,,Property Damage Only,0,0,0,0,0,0,6000,2,2,,POINT (-91.608377552929 41.7005225177)
2014800082,1402026,03/27/2014,03-March,5-Thursday,12:40,1200 Hours,District 5 (Southeast),WASHINGTON,WASHINGTON,IA 92,IA 92 & 247TH ST & WILEY AVE,Collision with:  Vehicle in traffic,On Roadway,Rear-end (front to rear),Followed too close,None Indicated,,Daylight,Dry,Cloudy,None apparent,Non-intersection:  Non-junction/no special feature,Paved,,Property Damage Only,0,0,0,0,0,0,3500,2,2,,POINT (-91.66342400469 41.29777272981)
2014793998,14-001437,03/27/2014,03-March,5-Thursday,20:34,2000 Hours,District 1 (Central),AMES,STORY,,LINCOLN WAY,Collision with:  Vehicle in traffic,On Roadway,Rear-end (front to rear),Followed too close,None Indicated,,Dark - roadway lighted,Wet,Rain,"Surface condition (e.g., wet, icy)",Non-intersection:  Non-junction/no special feature,Paved,,Property Damage Only,0,0,0,0,0,0,6500,2,3,,POINT (-93.63463114262 42.022786675524)
2014792418,14-1434,03/27/2014,03-March,5-Thursday,13:28,1300 Hours,District 1 (Central),WEST DES MOINES,POLK,,MILLS CIVIC PKWY,Collision with:  Vehicle in traffic,On Roadway,"Sideswipe, same direction",Made improper turn,None Indicated,,Daylight,Wet,Rain,None apparent,Non-intersection:  Driveway access (within),Paved,,Property Damage Only,0,0,0,0,0,0,3500,2,3,,POINT (-93.780120509034 41.559133414799)
2014792856,201400014540,03/27/2014,03-March,5-Thursday,14:05,1400 Hours,District 5 (Southeast),OTTUMWA,WAPELLO,,S JEFFERSON ST,Collision with:  Vehicle in traffic,On Roadway,Rear-end (front to rear),Other (explain in narrative):  Other,None Indicated,,Daylight,Dry,Cloudy,None apparent,Non-intersection:  Non-junction/no special feature,Paved,,Property Damage Only,0,0,0,0,0,0,2300,2,4,,POINT (-92.411125237662 41.013881252549)
2014792610,14-9034,03/27/2014,03-March,5-Thursday,13:22,1300 Hours,District 3 (Northwest),SIOUX CITY,WOODBURY,,W 14TH ST & CENTER ST,Collision with:  Vehicle in traffic,On Roadway,Broadside (front to side),FTYROW:  From stop sign,None Indicated,,Daylight,Wet,Rain,None apparent,Intersection:  Four-way intersection,Paved,,Property Damage Only,0,0,0,0,0,0,3000,2,2,,POINT (-96.421057685287 42.505101795543)
2014793064,C14000935,03/27/2014,03-March,5-Thursday,03:04,0300 Hours,District 6 (East Central),CORALVILLE,JOHNSON,,CORAL RIDGE AVE & HEARTLAND DR & HOLIDAY RD,Collision with fixed object:  Curb/island/raised median,On Roadway,Non-collision (single vehicle),Swerving/Evasive Action,None Indicated,,Dark - roadway lighted,Wet,Rain,None apparent,Intersection:  Four-way intersection,Paved,,Property Damage Only,0,0,0,0,0,0,3500,1,1,,POINT (-91.608377552929 41.7005225177)
2014792480,14-002374,03/27/2014,03-March,5-Thursday,07:28,0700 Hours,District 4 (Southwest),ATLANTIC,CASS,US 71,US 71/WHITNEY ST & 22ND ST,Collision with:  Vehicle in traffic,On Roadway,Rear-end (front to rear),Other (explain in narrative):  Other,None Indicated,,Daylight,Wet,Rain,None apparent,Non-intersection:  Non-junction/no special feature,Paved,,Possible/Unknown,0,2,0,0,2,0,9000,2,4,,POINT (-94.984062039173 41.389391158531)
2014792504,14-10061,03/27/2014,03-March,5-Thursday,14:57,1400 Hours,District 5 (Southeast),BURLINGTON,DES MOINES,,MT PLEASANT ST & DEHN ST,Collision with:  Vehicle in traffic,On Roadway,Rear-end (front to rear),Followed too close,None Indicated,,Daylight,Dry,Cloudy,None apparent,Non-intersection:  Non-junction/no special feature,Paved,,Property Damage Only,0,0,0,0,0,0,5000,2,2,,POINT (-91.131898131248 40.82421718107)
2014792540,201404259,03/27/2014,03-March,5-Thursday,17:54,1700 Hours,District 6 (East Central),CEDAR RAPIDS,LINN,IA 100,IA 100/SE RAMP B,Collision with:  Vehicle in traffic,On Roadway,Rear-end (front to rear),Followed too close,None Indicated,,Daylight,Wet,Rain,None apparent,Interchange-related:  On-ramp merge area,Paved,,Property Damage Only,0,0,0,0,0,0,4500,2,2,,POINT (-91.699898031956 42.028066565879)
2014792873,2014019904,03/27/2014,03-March,5-Thursday,17:25,1700 Hours,District 3 (Northwest),,BUENA VISTA,US 71,US 71/130TH AVE,Collision with:  Vehicle in traffic,On Roadway,Rear-end (front to rear),Driver Distraction:  Passenger,None Indicated,,Daylight,Wet,Rain,None apparent,Non-intersection:  Non-junction/no special feature,Paved,,Minor Injury,0,2,0,2,0,0,18000,2,4,,POINT (-95.151067369238 42.870800262382)
2014792539,201404253,03/27/2014,03-March,5-Thursday,16:07,1600 Hours,District 6 (East Central),CEDAR RAPIDS,LINN,IA 922,IA 922/1ST AVE E & 10TH ST SE & 10TH ST NE,Collision with:  Vehicle in traffic,On Roadway,Rear-end (front to rear),Followed too close,None Indicated,,Daylight,Wet,Cloudy,None apparent,Intersection:  Four-way intersection,Paved,,Property Damage Only,0,0,0,0,0,0,4750,2,4,,POINT (-91.659841160485 41.983798675724)
2014793032,,03/27/2014,03-March,5-Thursday,21:45,2100 Hours,District 6 (East Central),,JOHNSON,,Co Rd W66/SAND RD,Collision with:  Animal,On Roadway,Non-collision (single vehicle),Animal,None Indicated,,Dark - roadway not lighted,Wet,Rain,,Non-intersection:  Non-junction/no special feature,Paved,,Property Damage Only,0,0,0,0,0,0,2500,1,1,,POINT (-91.517698830514 41.605302839123)
2014792428,14-011779,03/27/2014,03-March,5-Thursday,00:20,0000 Hours,District 4 (Southwest),COUNCIL BLUFFS,POTTAWATTAMIE,,8TH AVE & S 13TH ST,Collision with fixed object:  Other fixed object (explain in narrative),On Roadway,Non-collision (single vehicle),Lost Control,None Indicated,,Dark - roadway lighted,Dry,Clear,None apparent,Intersection:  Four-way intersection,Paved,,Property Damage Only,0,0,0,0,0,0,15000,1,1,,POINT (-95.863275484367 41.25433877659)
2014792709,14001739,03/27/2014,03-March,5-Thursday,14:26,1400 Hours,District 2 (Northeast),,CERRO GORDO,,Co Rd S36/MALLARD AVE,Collision with fixed object:  Ditch,Shoulder,Non-collision (single vehicle),Crossed centerline (undivided),Refused,,Daylight,Wet,Rain,None apparent,Non-intersection:  Non-junction/no special feature,Paved,,Property Damage Only,0,0,0,0,0,0,15000,1,2,,POINT (-93.26069186821 43.120497885235)
2014792710,14004627,03/27/2014,03-March,5-Thursday,17:50,1700 Hours,District 2 (Northeast),MASON CITY,CERRO GORDO,,15TH ST SW & S BENJAMIN AVE,Collision with:  Vehicle in traffic,On Roadway,"Angle, oncoming left turn",FTYROW:  Making left turn,None Indicated,,Daylight,Wet,Rain,None apparent,Intersection:  T-intersection,Paved,,Property Damage Only,0,0,0,0,0,0,1600,2,2,,POINT (-93.230773727696 43.137473303823)
2014792574,20140008107,03/27/2014,03-March,5-Thursday,18:15,1800 Hours,District 1 (Central),DES MOINES,POLK,,THORNTON DR & FLEUR DR,Collision with:  Vehicle in traffic,On Roadway,Broadside (front to side),Other (explain in narrative):  Other,None Indicated,,Daylight,Wet,Rain,None apparent,Intersection:  Four-way intersection,Paved,,Possible/Unknown,0,2,0,0,2,0,8500,2,7,,POINT (-93.644986164452 41.550053811115)
2014793077,201404257,03/27/2014,03-March,5-Thursday,17:17,1700 Hours,District 6 (East Central),CEDAR RAPIDS,LINN,,29TH ST NE,Collision with:  Vehicle in traffic,On Roadway,"Sideswipe, same direction",Improper or erratic lane changing,None Indicated,,Daylight,Wet,Rain,None apparent,Non-intersection:  Non-junction/no special feature,Paved,,Property Damage Only,0,0,0,0,0,0,1500,2,3,,POINT (-91.662181662724 42.006918422272)
2014793088,14-0760,03/27/2014,03-March,5-Thursday,08:08,0800 Hours,District 2 (Northeast),OSAGE,MITCHELL,,N 8TH ST,Collision with:  Vehicle in traffic,On Roadway,Broadside (front to side),Other (explain in narrative):  Vision obstructed,None Indicated,,Daylight,Wet,Rain,None apparent,Non-intersection:  Non-junction/no special feature,Paved,,Property Damage Only,0,0,0,0,0,0,3250,2,2,,POINT (-92.809346082764 43.284495767701)
2014792545,14-1402,03/27/2014,03-March,5-Thursday,06:45,0600 Hours,District 6 (East Central),HIAWATHA,LINN,,BOYSON RD,Collision with:  Vehicle in traffic,On Roadway,"Sideswipe, same direction",Crossed centerline (undivided),None Indicated,,Dark - roadway lighted,Wet,Rain,None apparent,Non-intersection:  Other non-intersection (explain in narrative),Paved,,Property Damage Only,0,0,0,0,0,0,1500,2,2,,POINT (-91.685657850779 42.044980423269)