Iowa DOT Case Number,Law Enforcement Case Number,Date of Crash,Month of Crash,Day of Week,Time of Crash,Hour,DOT District,City Name,County Name,Route with System,Location Description,First Harmful Event,Location of First Harmful Event,Manner of Crash/Collision,Major Cause,Drug or Alcohol ,Environmental Conditions,Light Conditions,Surface Conditions,Weather Conditions,Roadway Contribution,Roadway Type,Roadway Surface,Work Zone,Crash Severity,Number of Fatalities,Number of Injuries,Number of Major Injuries,Number of Minor Injuries,Number of Possible Injuries,Number of Unknown Injuries,Amount of Property Damage,Number of Vehicles Involved,Total Number of Occupants,Travel Direction,Location
2014793582,,03/27/2014,03-March,5-Thursday,22:28,2200 Hours,District 2 (Northeast),CHARLES CITY,FLOYD,US 18,US 18/5TH AVE & BUNGE AVE & M ST,Collision with:  Animal,On Roadway,Non-collision (single vehicle),Animal,None Indicated,,Dark - roadway not lighted,Dry,Clear,None apparent,Non-intersection:  Non-junction/no special feature,Paved,,Property Damage Only,0,0,0,0,0,0,8000,1,3,,POINT (-92.654860606367 43.067370361189)
2014794242,14-2776,03/27/2014,03-March,5-Thursday,20:03,2000 Hours,District 3 (Northwest),,IDA,US 20,US 20,Collision with fixed object:  Other fixed object (explain in narrative),On Roadway,Non-collision (single vehicle),Crossed centerline (undivided),None Indicated,,Dark - roadway not lighted,Wet,Rain,Unknown,Non-intersection:  Crossover-related,Paved,,Property Damage Only,0,0,0,0,0,0,2000,1,1,,POINT (-95.526903334053 42.474881378252)
2014792500,14-10095,03/27/2014,03-March,5-Thursday,21:37,2100 Hours,District 5 (Southeast),BURLINGTON,DES MOINES,US 61,US 61 & SUNNYSIDE AVE,Collision with:  Vehicle in traffic,On Roadway,Broadside (front to side),Ran Traffic Signal,None Indicated,,Dark - roadway lighted,Wet,Cloudy,None apparent,Intersection:  Four-way intersection,Paved,,Property Damage Only,0,0,0,0,0,0,2800,2,2,,POINT (-91.141383488057 40.833171060442)
2014792406,20140008067,03/27/2014,03-March,5-Thursday,11:30,1100 Hours,District 1 (Central),DES MOINES,POLK,,CARPENTER AVE & 24TH ST,Collision with:  Vehicle in traffic,On Roadway,Broadside (front to side),FTYROW:  From stop sign,None Indicated,,Daylight,Wet,Cloudy,None apparent,Intersection:  Four-way intersection,Paved,,Property Damage Only,0,0,0,0,0,0,11000,2,2,,POINT (-93.649712608324 41.601737910547)
2014792606,14-0888,03/27/2014,03-March,5-Thursday,18:10,1800 Hours,District 1 (Central),FORT DODGE,WEBSTER,,11TH AVE S & S 24TH ST,Collision with:  Vehicle in traffic,On Roadway,Broadside (front to side),FTYROW:  At uncontrolled intersection,None Indicated,,Daylight,Wet,Rain,None apparent,Intersection:  Four-way intersection,Paved,,Property Damage Only,0,0,0,0,0,0,11000,2,2,,POINT (-94.165193248875 42.4927970571)
2014792696,W14-029715,03/27/2014,03-March,5-Thursday,12:24,1200 Hours,District 2 (Northeast),WATERLOO,BLACK HAWK,,ST FRANCIS DR,Collision with:  Vehicle in traffic,On Roadway,Rear-end (front to rear),Followed too close,None Indicated,,Daylight,Wet,Rain,None apparent,Intersection:  Four-way intersection,Paved,,Property Damage Only,0,0,0,0,0,0,6300,2,3,,POINT (-92.34469777878 42.463570362928)
2014792523,2014003286,03/27/2014,03-March,5-Thursday,17:12,1700 Hours,District 6 (East Central),IOWA CITY,JOHNSON,,IOWA AVE & S GILBERT ST & N GILBERT ST,Collision with:  Vehicle in traffic,On Roadway,"Angle, oncoming left turn",Ran Traffic Signal,None Indicated,,Daylight,Wet,Rain,"Surface condition (e.g., wet, icy)",Intersection:  Four-way intersection,Paved,,Property Damage Only,0,0,0,0,0,0,4000,2,2,,POINT (-91.530144711353 41.661242346867)
2014792927,2014 04258,03/27/2014,03-March,5-Thursday,17:22,1700 Hours,District 6 (East Central),CEDAR RAPIDS,LINN,,3RD AVE SW & 1ST ST SW,Collision with:  Vehicle in traffic,On Roadway,Broadside (front to side),Ran Traffic Signal,None Indicated,,Daylight,Wet,Rain,None apparent,Intersection:  Four-way intersection,Paved,,Property Damage Only,0,0,0,0,0,0,19049,2,2,,POINT (-91.671885085793 41.974662031056)
2014794085,CL14000899,03/27/2014,03-March,5-Thursday,14:28,1400 Hours,District 6 (East Central),CLINTON,CLINTON,US 30,US 30/S 4TH ST,Collision with:  Vehicle in traffic,On Roadway,Broadside (front to side),Ran Traffic Signal,None Indicated,,Daylight,Dry,Cloudy,None apparent,Intersection:  Four-way intersection,Paved,,Property Damage Only,0,0,0,0,0,0,9000,2,2,,POINT (-90.193241904289 41.837478258409)
2014792996,2014019725,03/27/2014,03-March,5-Thursday,06:47,0600 Hours,District 4 (Southwest),,POTTAWATTAMIE,,Co Rd H10/BUNGE AVE & ATTICA LN,Collision with:  Vehicle in traffic,On Roadway,Rear-end (front to rear),Followed too close,None Indicated,,Dark - roadway not lighted,Wet,Rain,None apparent,Non-intersection:  Non-junction/no special feature,Paved,,Minor Injury,0,3,0,3,0,0,13000,2,4,,POINT (-95.799950697577 41.16376117286)
2014793072,14043269,03/27/2014,03-March,5-Thursday,18:50,1800 Hours,District 6 (East Central),NORTH LIBERTY,JOHNSON,I-380,I-380 & Co Rd F28/250TH ST,Collision with:  Vehicle in traffic,On Roadway,Rear-end (front to rear),Unknown,None Indicated,,Daylight,Wet,Rain,None apparent,Intersection:  Intersection with ramp,Paved,,Property Damage Only,0,0,0,0,0,0,2900,2,2,,POINT (-91.644313401934 41.752480067005)
2014793324,14-008441,03/27/2014,03-March,5-Thursday,21:12,2100 Hours,District 5 (Southeast),FORT MADISON,LEE,IA 2,IA 2/IOWA 2,Collision with:  Vehicle in traffic,On Roadway,"Angle, oncoming left turn","Operating vehicle in an reckless, erratic, careless, negligent manner",Refused,,Dark - roadway not lighted,Dry,Clear,None apparent,Non-intersection:  Non-junction/no special feature,Paved,,Property Damage Only,0,0,0,0,0,0,13000,2,2,,POINT (-91.407924014685 40.629827225984)
2014792608,14-9015,03/27/2014,03-March,5-Thursday,09:50,0900 Hours,District 3 (Northwest),SIOUX CITY,WOODBURY,,MORNINGSIDE AVE,Collision with:  Vehicle in traffic,On Roadway,Rear-end (front to rear),Driver Distraction:  Manual operation of an electronic communication device,None Indicated,,Daylight,Wet,"Fog, smoke, smog",None apparent,Non-intersection:  Non-junction/no special feature,Paved,,Possible/Unknown,0,1,0,0,1,0,4500,2,2,,POINT (-96.357864169624 42.474259478523)
2014792479,W14-029787,03/27/2014,03-March,5-Thursday,16:29,1600 Hours,District 2 (Northeast),WATERLOO,BLACK HAWK,,ANSBOROUGH AVE,Collision with:  Vehicle in traffic,On Roadway,Rear-end (front to rear),Followed too close,None Indicated,,Daylight,Wet,Rain,"Surface condition (e.g., wet, icy)",Non-intersection:  Driveway access (within),Paved,,Property Damage Only,0,0,0,0,0,0,6000,2,4,,POINT (-92.376931182736 42.495396725629)
2014792769,1400000251,03/27/2014,03-March,5-Thursday,07:27,0700 Hours,District 1 (Central),,MARSHALL,US 30,US 30/240TH ST & JESSUP AVE,Collision with:  Vehicle in traffic,On Roadway,Rear-end (front to rear),Other (explain in narrative):  Other,None Indicated,,Dawn,Wet,Rain,None apparent,Intersection:  Four-way intersection,Paved,,Property Damage Only,0,0,0,0,0,0,1500,2,2,,POINT (-93.058690454443 42.007935855649)
2014792765,14-001216,03/27/2014,03-March,5-Thursday,15:25,1500 Hours,District 3 (Northwest),DOON,LYON,,Co Rd K30/ELMWOOD AVE,Collision with fixed object:  Ditch,Shoulder,Non-collision (single vehicle),Ran off road - right,None Indicated,,Daylight,Wet,"Sleet, hail","Surface condition (e.g., wet, icy)",Non-intersection:  Non-junction/no special feature,Paved,,Property Damage Only,0,0,0,0,0,0,5000,1,3,,POINT (-96.295311286451 43.294959988154)
2014795689,BP14000244,03/27/2014,03-March,5-Thursday,16:15,1600 Hours,District 2 (Northeast),BELMOND,WRIGHT,,MAIN ST E & 2ND AVE SE & 2ND AVE NE,Collision with:  Vehicle in traffic,On Roadway,"Angle, oncoming left turn",FTYROW:  Making left turn,None Indicated,,Daylight,Wet,Rain,None apparent,Intersection:  Four-way intersection,Paved,,Property Damage Only,0,0,0,0,0,0,4500,2,3,,POINT (-93.614194888252 42.845914295372)
2014792568,20140008086,03/27/2014,03-March,5-Thursday,15:25,1500 Hours,District 1 (Central),DES MOINES,POLK,US 69,US 69/SE 14TH ST,Collision with:  Vehicle in traffic,On Roadway,Rear-end (front to rear),Driving too fast for conditions,None Indicated,,Daylight,Wet,Rain,None apparent,Non-intersection:  Other non-intersection (explain in narrative),Paved,,Property Damage Only,0,0,0,0,0,0,5500,2,3,,POINT (-93.596884044583 41.584361113285)
2014794858,14072,03/27/2014,03-March,5-Thursday,17:10,1700 Hours,District 5 (Southeast),PELLA,MARION,,WASHINGTON ST & W 16TH ST,Collision with:  Vehicle in traffic,On Roadway,Rear-end (front to rear),Followed too close,None Indicated,,Daylight,Wet,Cloudy,None apparent,Intersection:  Four-way intersection,Paved,,Minor Injury,0,2,0,1,0,1,1000,2,3,,POINT (-92.951961048071 41.410164933344)
2014792573,20140008105,03/27/2014,03-March,5-Thursday,18:09,1800 Hours,District 1 (Central),DES MOINES,POLK,IA 163,IA 163/E UNIVERSITY AVE & WINEGARDNER RD,Collision with:  Vehicle in traffic,On Roadway,Rear-end (front to rear),Followed too close,None Indicated,,Daylight,Wet,Rain,None apparent,Intersection:  Other intersection (explain in narrative),Paved,,Property Damage Only,0,0,0,0,0,0,6500,2,3,,POINT (-93.531106379501 41.600626635623)
2014792434,2014-18230,03/27/2014,03-March,5-Thursday,08:40,0800 Hours,District 6 (East Central),DAVENPORT,SCOTT,,JEBENS AVE,Collision with:  Vehicle in traffic,On Roadway,Rear-end (front to rear),Unknown,None Indicated,,Daylight,Wet,Cloudy,None apparent,Intersection:  Four-way intersection,Paved,,Possible/Unknown,0,1,0,0,1,0,1600,2,3,,POINT (-90.61459082161 41.590943712217)
2014793750,14-003736,03/27/2014,03-March,5-Thursday,23:34,2300 Hours,District 4 (Southwest),,MILLS,US 34,US 34,Collision with:  Vehicle in traffic,On Roadway,Head-on (front to front),Crossed centerline (undivided),Alcohol (Statutory),,Dark - roadway not lighted,Dry,Cloudy,None apparent,Non-intersection:  Non-junction/no special feature,Paved,,Minor Injury,0,3,0,3,0,0,23000,2,3,,POINT (-95.637439196302 41.030904009048)
2014798048,14-002111,03/27/2014,03-March,5-Thursday,07:41,0700 Hours,District 2 (Northeast),,CLAYTON,,Co Rd B60/GUNDER RD,Collision with:  Animal,,,Animal,None Indicated,,,,,,,Paved,,Property Damage Only,0,0,0,0,0,0,4000,1,1,,POINT (-91.452933202266 42.950581124501)
2014792508,01-14-12679,03/27/2014,03-March,5-Thursday,22:40,2200 Hours,District 6 (East Central),DUBUQUE,DUBUQUE,IA 32,IA 32/IA32 NW ARTERIAL & PENNSYLVANIA AVE,Collision with:  Vehicle in traffic,On Roadway,Rear-end (front to rear),Followed too close,None Indicated,,Dark - roadway not lighted,Wet,Rain,None apparent,Intersection:  Four-way intersection,Paved,,Property Damage Only,0,0,0,0,0,0,2000,2,2,,POINT (-90.740752968148 42.500969022354)
2014792579,14-0663,03/27/2014,03-March,5-Thursday,08:45,0800 Hours,District 1 (Central),URBANDALE,POLK,,86TH ST & PLUM DR,Collision with:  Vehicle in traffic,On Roadway,Rear-end (front to rear),Driving too fast for conditions,None Indicated,,Daylight,Wet,Rain,None apparent,Intersection:  Four-way intersection,Paved,,Property Damage Only,0,0,0,0,0,0,4000,2,2,,POINT (-93.736464071645 41.648403464606)
2014800649,0327145A,03/27/2014,03-March,5-Thursday,20:20,2000 Hours,District 4 (Southwest),,PAGE,IA 2,IA 2/IOWA 2,Collision with:  Animal,On Roadway,Non-collision (single vehicle),Animal,None Indicated,,Dark - roadway not lighted,Wet,Cloudy,None apparent,Non-intersection:  Non-junction/no special feature,Paved,,Possible/Unknown,0,1,0,0,1,0,500,1,1,,POINT (-94.978710820975 40.727538498092)
2014792588,14-011861,03/27/2014,03-March,5-Thursday,15:50,1500 Hours,District 4 (Southwest),COUNCIL BLUFFS,POTTAWATTAMIE,,S 24TH ST,Collision with:  Vehicle in traffic,On Roadway,Rear-end (front to rear),Driving too fast for conditions,None Indicated,,Daylight,Wet,Rain,None apparent,Non-intersection:  Non-junction/no special feature,Paved,,Minor Injury,0,1,0,1,0,0,3200,2,2,,POINT (-95.879240166605 41.231712647876)
2014793997,14-001434,03/27/2014,03-March,5-Thursday,17:42,1700 Hours,District 1 (Central),AMES,STORY,US 69,US 69/S DUFF AVE & CHESTNUT ST,Collision with:  Vehicle in traffic,On Roadway,Rear-end (front to rear),Followed too close,None Indicated,,Daylight,Wet,Rain,None apparent,Intersection:  Four-way intersection,Paved,,Major Injury,0,1,1,0,0,0,14000,2,4,,POINT (-93.610292893176 42.01150731613)
2014792766,14006774,03/27/2014,03-March,5-Thursday,15:54,1500 Hours,District 5 (Southeast),OSKALOOSA,MAHASKA,IA 92,IA 92/A AVE E,Collision with:  Vehicle in traffic,On Roadway,Rear-end (front to rear),Other (explain in narrative):  Other,None Indicated,,Daylight,Dry,Cloudy,None apparent,Non-intersection:  Non-junction/no special feature,Paved,,Property Damage Only,0,0,0,0,0,0,1900,2,2,,POINT (-92.642002022463 41.296229567873)
2014792572,20140008104,03/27/2014,03-March,5-Thursday,17:30,1700 Hours,District 1 (Central),DES MOINES,POLK,,MAPLE ST & E 22ND ST,Collision with:  Parked motor vehicle,On Roadway,"Sideswipe, same direction",Unknown,None Indicated,,Daylight,Wet,Rain,None apparent,Intersection:  Four-way intersection,Paved,,Property Damage Only,0,0,0,0,0,0,3000,2,1,,POINT (-93.577548222597 41.598177918892)
2014807242,2014019865,03/27/2014,03-March,5-Thursday,13:47,1300 Hours,District 1 (Central),DES MOINES,POLK,I-35,I-35,Collision with fixed object:  Concrete traffic barrier (median or right side),On Roadway,Non-collision (single vehicle),Swerving/Evasive Action,None Indicated,,Daylight,Wet,Rain,None apparent,Non-intersection:  Non-junction/no special feature,Paved,,Property Damage Only,0,0,0,0,0,0,30000,1,1,,POINT (-93.629152333917 41.64947328908)
2014810019,2014001632,03/27/2014,03-March,5-Thursday,06:15,0600 Hours,District 6 (East Central),,BENTON,,Co Rd W26/32 AVE & 58 ST DR,Collision with:  Vehicle in traffic,On Roadway,Head-on (front to front),Illegally Parked/Unattended,None Indicated,,Dark - roadway not lighted,Wet,Clear,None apparent,Intersection:  T-intersection,Paved,,Major Injury,0,2,2,0,0,0,10000,2,777,,POINT (-91.87254127734 42.174849290545)
2014792999,2014019899,03/27/2014,03-March,5-Thursday,17:35,1700 Hours,District 6 (East Central),CORALVILLE,JOHNSON,,CORAL RIDGE AVE,Collision with:  Vehicle in traffic,On Roadway,Rear-end (front to rear),Followed too close,None Indicated,,Daylight,Wet,Rain,None apparent,Non-intersection:  Non-junction/no special feature,Paved,,Property Damage Only,0,0,0,0,0,0,2000,2,2,,POINT (-91.608238152318 41.701970928977)
2014792589,14-011868,03/27/2014,03-March,5-Thursday,16:50,1600 Hours,District 4 (Southwest),COUNCIL BLUFFS,POTTAWATTAMIE,,19TH AVE & S 12TH ST,Collision with:  Vehicle in traffic,On Roadway,Broadside (front to side),FTYROW:  At uncontrolled intersection,None Indicated,,Daylight,Wet,Rain,None apparent,Intersection:  Four-way intersection,Paved,,Possible/Unknown,0,1,0,0,1,0,9000,2,3,,POINT (-95.861917697052 41.24374505403)
2014793479,140739,03/27/2014,03-March,5-Thursday,14:55,1400 Hours,District 3 (Northwest),DENISON,CRAWFORD,,1ST AVE N & N MAIN ST,Collision with:  Vehicle in traffic,On Roadway,Unknown,Improper Backing,None Indicated,,Daylight,Wet,Rain,None apparent,Non-intersection:  Non-junction/no special feature,Paved,,Property Damage Only,0,0,0,0,0,0,1600,2,2,,POINT (-95.355303888359 42.017833171688)
2014792604,1402023,03/27/2014,03-March,5-Thursday,07:58,0700 Hours,District 5 (Southeast),WASHINGTON,WASHINGTON,,E 7TH ST & N 2ND AVE,Collision with:  Vehicle in traffic,On Roadway,Broadside (front to side),Ran Stop Sign,None Indicated,,Daylight,Wet,Rain,None apparent,Intersection:  Four-way intersection,Paved,,Possible/Unknown,0,1,0,0,1,0,5000,2,2,,POINT (-91.690391125215 41.30504549628)
2014792443,14-0876,03/27/2014,03-March,5-Thursday,11:45,1100 Hours,District 1 (Central),FORT DODGE,WEBSTER,,11TH AVE S,Collision with:  Vehicle in traffic,On Roadway,"Sideswipe, same direction",Driver Distraction:  Passenger,None Indicated,,Daylight,Wet,Rain,None apparent,Non-intersection:  Non-junction/no special feature,Paved,,Possible/Unknown,0,1,0,0,0,1,6000,2,2,,POINT (-94.164621587753 42.492811874624)
2014792611,14-9056,03/27/2014,03-March,5-Thursday,16:09,1600 Hours,District 3 (Northwest),SIOUX CITY,WOODBURY,,W 8TH ST & HAMILTON BLVD,Collision with:  Vehicle in traffic,On Roadway,Rear-end (front to rear),Followed too close,None Indicated,,Daylight,Wet,Rain,None apparent,Intersection:  Four-way intersection,Paved,,Property Damage Only,0,0,0,0,0,0,3000,2,2,,POINT (-96.417733022284 42.504165595223)
2014794054,B14-569,03/27/2014,03-March,5-Thursday,17:34,1700 Hours,District 3 (Northwest),SERGEANT BLUFF,WOODBURY,,WARRIOR RD,Collision with:  Vehicle in traffic,On Roadway,"Angle, oncoming left turn",FTYROW:  From stop sign,None Indicated,,Daylight,Wet,Rain,None apparent,Intersection:  Other intersection (explain in narrative),Paved,,Property Damage Only,0,0,0,0,0,0,5500,2,2,,POINT (-96.35194651769 42.393256535517)
2014792576,20140008113,03/27/2014,03-March,5-Thursday,20:14,2000 Hours,District 1 (Central),DES MOINES,POLK,,LEADO AVE & 30TH ST,Collision with:  Vehicle in traffic,On Roadway,Head-on (front to front),Crossed centerline (undivided),None Indicated,,Dark - unknown roadway lighting,Wet,Rain,None apparent,Non-intersection:  Non-junction/no special feature,Paved,,Possible/Unknown,0,2,0,0,1,1,9000,2,2,,POINT (-93.658578513032 41.620404442383)
2014793410,2014-18322,03/27/2014,03-March,5-Thursday,15:37,1500 Hours,District 6 (East Central),DAVENPORT,SCOTT,,E LOCUST ST & OAK LN,Collision with:  Vehicle in traffic,On Roadway,Rear-end (front to rear),Driving too fast for conditions,None Indicated,,Daylight,Wet,Cloudy,None apparent,Intersection:  T-intersection,Paved,,Possible/Unknown,0,1,0,0,1,0,6000,2,7,,POINT (-90.563016326622 41.538309038482)
2014797735,K14-008428,03/27/2014,03-March,5-Thursday,17:36,1700 Hours,District 5 (Southeast),KEOKUK,LEE,,13TH ST N & CONCERT ST,Collision with:  Vehicle in traffic,On Roadway,Rear-end (front to rear),Followed too close,None Indicated,,Daylight,Wet,Rain,None apparent,Non-intersection:  Non-junction/no special feature,Paved,,Possible/Unknown,0,1,0,0,1,0,2000,2,3,,POINT (-91.387784134741 40.403373030364)
2014793263,,03/27/2014,03-March,5-Thursday,16:23,1600 Hours,District 6 (East Central),IOWA CITY,JOHNSON,,E COURT ST & 4TH AVE,Non-collision events:  Overturn/rollover,On Roadway,Broadside (front to side),FTYROW:  From stop sign,None Indicated,,Daylight,Dry,Cloudy,None apparent,Intersection:  Four-way intersection,Paved,,Property Damage Only,0,0,0,0,0,0,4000,2,3,,POINT (-91.506334568124 41.656774171406)
2014792607,14-9000,03/27/2014,03-March,5-Thursday,07:59,0700 Hours,District 3 (Northwest),SIOUX CITY,WOODBURY,,NEBRASKA ST,Collision with:  Vehicle in traffic,On Roadway,"Sideswipe, same direction",FTYROW:  Other (explain in narrative),None Indicated,,Daylight,Wet,Rain,None apparent,Non-intersection:  Non-junction/no special feature,Paved,,Property Damage Only,0,0,0,0,0,0,2400,2,4,,POINT (-96.403487257336 42.496630081937)
2014792575,20140008112,03/27/2014,03-March,5-Thursday,19:36,1900 Hours,District 1 (Central),DES MOINES,POLK,,HICKMAN RD & MLK JR PKWY,Collision with:  Vehicle in traffic,On Roadway,Broadside (front to side),FTYROW:  Making left turn,Refused,,Dark - roadway lighted,Wet,Rain,None apparent,Intersection:  Four-way intersection,Paved,,Minor Injury,0,1,0,1,0,0,13000,2,2,,POINT (-93.646461562326 41.615059893901)
2014793264,,03/27/2014,03-March,5-Thursday,07:52,0700 Hours,District 6 (East Central),IOWA CITY,JOHNSON,,MORNINGSIDE DR,Collision with fixed object:  Tree,Outside trafficway,Non-collision (single vehicle),Ran off road - straight,None Indicated,,Daylight,Wet,Rain,None apparent,Non-intersection:  Driveway access (within),Paved,,Property Damage Only,0,0,0,0,0,0,10001,1,2,,POINT (-91.508659091041 41.658569702407)
2014792564,20140008099,03/27/2014,03-March,5-Thursday,16:28,1600 Hours,District 1 (Central),DES MOINES,POLK,IA 163,IA 163/E UNIVERSITY AVE & E 41ST ST,Collision with:  Vehicle in traffic,On Roadway,Broadside (front to side),Swerving/Evasive Action,None Indicated,,Daylight,Wet,Rain,None apparent,Intersection:  T-intersection,Paved,,Property Damage Only,0,0,0,0,0,0,1500,2,2,,POINT (-93.535390485335 41.600642792682)
2014792478,W14-029665,03/27/2014,03-March,5-Thursday,09:01,0900 Hours,District 2 (Northeast),WATERLOO,BLACK HAWK,,E RIDGEWAY AVE & EDGEMONT AVE,Collision with:  Vehicle in traffic,On Roadway,Rear-end (front to rear),Other (explain in narrative):  Other,None Indicated,,Daylight,Wet,Rain,None apparent,Intersection:  Other intersection (explain in narrative),Paved,,Property Damage Only,0,0,0,0,0,0,3000,2,5,,POINT (-92.353553591701 42.469393421567)
2014792433,2014-18263,03/27/2014,03-March,5-Thursday,10:51,1000 Hours,District 6 (East Central),DAVENPORT,SCOTT,US 6,US 6/SPRUCE HILLS DR & ELMORE AVE,Collision with:  Vehicle in traffic,On Roadway,Rear-end (front to rear),Lost Control,None Indicated,,Daylight,Wet,Cloudy,None apparent,Intersection:  Four-way intersection,Paved,,Property Damage Only,0,0,0,0,0,0,6000,3,4,,POINT (-90.527307818173 41.554946599302)
2014792569,20140008092,03/27/2014,03-March,5-Thursday,14:55,1400 Hours,District 1 (Central),DES MOINES,POLK,,E PARK AVE & SE 17TH ST,Collision with:  Vehicle in traffic,On Roadway,Rear-end (front to rear),Driving too fast for conditions,None Indicated,,Daylight,Wet,Cloudy,None apparent,Non-intersection:  Non-junction/no special feature,Paved,,Minor Injury,0,1,0,1,0,0,5500,3,4,,POINT (-93.590621001269 41.555317936487)
2014794488,,03/27/2014,03-March,5-Thursday,16:11,1600 Hours,District 6 (East Central),IOWA CITY,JOHNSON,IA 1,IA 1/DODGE ST & E COLLEGE ST,Collision with:  Vehicle in traffic,On Roadway,Rear-end (front to rear),Followed too close,None Indicated,,Daylight,Wet,Rain,None apparent,Non-intersection:  Non-junction/no special feature,Paved,,Possible/Unknown,0,1,0,0,1,0,2000,2,2,,POINT (-91.525790016712 41.65890783145)
2014792587,14-011843,03/27/2014,03-March,5-Thursday,14:05,1400 Hours,District 4 (Southwest),COUNCIL BLUFFS,POTTAWATTAMIE,US 6,US 6/KANESVILLE BLVD & S 1ST ST & HARRISON ST,Collision with:  Vehicle in traffic,On Roadway,Rear-end (front to rear),Other (explain in narrative):  Other,None Indicated,,Daylight,Wet,Rain,None apparent,Non-intersection:  Non-junction/no special feature,Paved,,Minor Injury,0,2,0,2,0,0,100,2,4,,POINT (-95.844083916994 41.265037056629)
2014793073,201404254,03/27/2014,03-March,5-Thursday,16:15,1600 Hours,District 6 (East Central),CEDAR RAPIDS,LINN,US 30,US 30/NE RAMP,Collision with:  Vehicle in traffic,On Roadway,Rear-end (front to rear),"Operating vehicle in an reckless, erratic, careless, negligent manner",None Indicated,,Daylight,Wet,Rain,None apparent,Intersection:  Intersection with ramp,Paved,,Property Damage Only,0,0,0,0,0,0,9397,3,4,,POINT (-91.715839904847 41.940541242652)
2014792596,14-3384,03/27/2014,03-March,5-Thursday,16:50,1600 Hours,District 3 (Northwest),,SIOUX,IA 60,IA 60/IOWA 60,Collision with fixed object:  Ditch,Median,Non-collision (single vehicle),Ran off road - left,None Indicated,,Daylight,Wet,Rain,None apparent,Non-intersection:  Crossover-related,Paved,,Property Damage Only,0,0,0,0,0,0,4150,1,1,,POINT (-96.021994932229 42.971724489045)
2014793580,141333,03/27/2014,03-March,5-Thursday,20:21,2000 Hours,District 1 (Central),ELDORA,HARDIN,IA 175,IA 175/EDGINGTON AVE & 24TH ST,Collision with:  Vehicle in traffic,On Roadway,Broadside (front to side),Unknown,None Indicated,,Dark - roadway lighted,Wet,Rain,None apparent,Non-intersection:  Non-junction/no special feature,Paved,,Property Damage Only,0,0,0,0,0,0,5500,2,2,,POINT (-93.114136985491 42.360592795525)
2014792612,14-9081,03/27/2014,03-March,5-Thursday,19:28,1900 Hours,District 3 (Northwest),SIOUX CITY,WOODBURY,,12TH ST & JONES ST,Collision with:  Vehicle in traffic,On Roadway,Broadside (front to side),FTYROW:  From stop sign,None Indicated,,Dark - roadway lighted,Wet,Clear,None apparent,Intersection:  Four-way intersection,Paved,,Property Damage Only,0,0,0,0,0,0,1700,2,2,,POINT (-96.400894583129 42.502893212806)
2014794471,,03/27/2014,03-March,5-Thursday,10:35,1000 Hours,District 4 (Southwest),,FREMONT,,210 AVE,Collision with:  Vehicle in traffic,On Roadway,"Sideswipe, same direction",Followed too close,None Indicated,,Daylight,Dry,Cloudy,None apparent,Intersection:  Other intersection (explain in narrative),Paved,,Property Damage Only,0,0,0,0,0,0,1500,2,3,,POINT (-95.791554824933 40.690773792078)
2014792486,14001729,03/27/2014,03-March,5-Thursday,07:00,0700 Hours,District 2 (Northeast),MASON CITY,CERRO GORDO,,Co Rd B35/255TH ST,Collision with:  Animal,,,Animal,None Indicated,,,,,,,Paved,,Property Damage Only,0,0,0,0,0,0,5000,1,1,,POINT (-93.312511029112 43.13362328131)
2014792581,14-1436,03/27/2014,03-March,5-Thursday,16:12,1600 Hours,District 1 (Central),WEST DES MOINES,POLK,I-35,I-35,Collision with:  Vehicle in traffic,On Roadway,Rear-end (front to rear),Other (explain in narrative):  Other,None Indicated,,Daylight,Wet,Rain,None apparent,Interchange-related:  On-ramp,Paved,,Possible/Unknown,0,1,0,0,1,0,3000,3,6,,POINT (-93.772574345384 41.593096607099)
2014792872,2014019957,03/27/2014,03-March,5-Thursday,15:00,1500 Hours,District 5 (Southeast),MOUNT PLEASANT,HENRY,,E BELL DR & S SMITH ST,Collision with:  Vehicle in traffic,On Roadway,"Sideswipe, same direction",Other (explain in narrative):  No improper action,None Indicated,,Daylight,Dry,Cloudy,None apparent,Non-intersection:  Non-junction/no special feature,Paved,,Property Damage Only,0,0,0,0,0,0,2500,2,1,,POINT (-91.541806586181 40.955302833057)
2014792441,14-0872,03/27/2014,03-March,5-Thursday,07:56,0700 Hours,District 1 (Central),FORT DODGE,WEBSTER,,8TH AVE S & S 17TH ST,Collision with:  Vehicle in traffic,On Roadway,Broadside (front to side),FTYROW:  From stop sign,None Indicated,,Daylight,Wet,Cloudy,None apparent,Intersection:  Four-way intersection,Paved,,Property Damage Only,0,0,0,0,0,0,8000,2,4,,POINT (-94.17482078995 42.497453780964)
2014792474,14029657,03/27/2014,03-March,5-Thursday,08:25,0800 Hours,District 2 (Northeast),CEDAR FALLS,BLACK HAWK,IA 57,IA 57/1ST ST & ELLEN ST & N ELLEN ST,Collision with:  Vehicle in traffic,On Roadway,Rear-end (front to rear),Other (explain in narrative):  Other,None Indicated,,Daylight,Wet,Cloudy,None apparent,Non-intersection:  Non-junction/no special feature,Paved,,Property Damage Only,0,0,0,0,0,0,6000,2,2,,POINT (-92.463202853911 42.537836412691)
2014792502,14-10002,03/27/2014,03-March,5-Thursday,06:15,0600 Hours,District 5 (Southeast),BURLINGTON,DES MOINES,,BLUFF RD & CASH ST & DES MOINES AVE,Collision with:  Vehicle in traffic,On Roadway,"Sideswipe, same direction",Improper or erratic lane changing,None Indicated,,Dawn,Wet,Rain,None apparent,Intersection:  Four-way intersection,Paved,,Property Damage Only,0,0,0,0,0,0,4000,2,2,,POINT (-91.107768321784 40.827093642418)