Iowa DOT Case Number,Law Enforcement Case Number,Date of Crash,Month of Crash,Day of Week,Time of Crash,Hour,DOT District,City Name,County Name,Route with System,Location Description,First Harmful Event,Location of First Harmful Event,Manner of Crash/Collision,Major Cause,Drug or Alcohol ,Environmental Conditions,Light Conditions,Surface Conditions,Weather Conditions,Roadway Contribution,Roadway Type,Roadway Surface,Work Zone,Crash Severity,Number of Fatalities,Number of Injuries,Number of Major Injuries,Number of Minor Injuries,Number of Possible Injuries,Number of Unknown Injuries,Amount of Property Damage,Number of Vehicles Involved,Total Number of Occupants,Travel Direction,Location
2014793921,14-30268,03/29/2014,03-March,7-Saturday,01:45,0100 Hours,District 2 (Northeast),ELK RUN HEIGHTS,BLACK HAWK,,GILBERTVILLE RD & PLAZA DR & EVANSDALE DR,Collision with:  Vehicle in traffic,On Roadway,Broadside (front to side),Unknown,None Indicated,,Dark - roadway lighted,Dry,Clear,None apparent,Intersection:  Four-way intersection,Paved,,Property Damage Only,0,0,0,0,0,0,4000,2,4,,POINT (-92.248746322333 42.461117394519)
2014794001,14-001471,03/29/2014,03-March,7-Saturday,19:46,1900 Hours,District 1 (Central),AMES,STORY,,HARRISON RD & EISENHOWER AVE,Collision with fixed object:  Curb/island/raised median,On Roadway,Non-collision (single vehicle),Swerving/Evasive Action,Alcohol (Statutory),,Daylight,Dry,Clear,None apparent,Non-intersection:  Non-junction/no special feature,Paved,,Property Damage Only,0,0,0,0,0,0,2000,1,2,,POINT (-93.638077636893 42.061828941728)
2014792802,20140008281,03/29/2014,03-March,7-Saturday,14:56,1400 Hours,District 1 (Central),DES MOINES,POLK,,E ARMY POST RD & SE 3RD ST,Collision with:  Vehicle in traffic,On Roadway,"Sideswipe, same direction",Lost Control,None Indicated,,Daylight,Dry,Clear,None apparent,Non-intersection:  Non-junction/no special feature,Paved,,Property Damage Only,0,0,0,0,0,0,5000,2,5,,POINT (-93.611297997441 41.526422454345)
2014792818,14-0676,03/29/2014,03-March,7-Saturday,14:14,1400 Hours,District 1 (Central),URBANDALE,POLK,I-35,I-35 & 86TH ST,Collision with:  Vehicle in traffic,On Roadway,Broadside (front to side),Ran Traffic Signal,None Indicated,,Daylight,Dry,Clear,None apparent,Intersection:  Four-way intersection,Paved,,Property Damage Only,0,0,0,0,0,0,4000,2,2,,POINT (-93.736451333287 41.650448165782)
2014792701,W14-030409,03/29/2014,03-March,7-Saturday,13:45,1300 Hours,District 2 (Northeast),WATERLOO,BLACK HAWK,,KIMBALL AVE & RACHAEL ST,Collision with:  Non-motorist (see non-motorist section - NOT a unit),On Roadway,Non-collision (single vehicle),Unknown,None Indicated,,Daylight,Dry,Clear,None apparent,Non-intersection:  Non-junction/no special feature,Paved,,Possible/Unknown,0,1,0,0,1,0,200,1,1,,POINT (-92.356809182456 42.462702354961)
2014794038,2014020278,03/29/2014,03-March,7-Saturday,21:01,2100 Hours,District 4 (Southwest),,DALLAS,I-80,I-80,Collision with:  Animal,On Roadway,Non-collision (single vehicle),Animal,None Indicated,,Dark - roadway not lighted,Dry,Clear,None apparent,Non-intersection:  Non-junction/no special feature,Paved,,Property Damage Only,0,0,0,0,0,0,3500,1,2,,POINT (-93.989169814229 41.542780207961)
2014792750,SO1401054,03/29/2014,03-March,7-Saturday,04:01,0400 Hours,District 5 (Southeast),,JEFFERSON,,JUNIPER AVE,Collision with fixed object:  Ditch,Gore,Non-collision (single vehicle),Ran off road - left,None Indicated,,Dark - roadway not lighted,Dry,Clear,None apparent,Non-intersection:  Non-junction/no special feature,Unpaved,,Property Damage Only,0,0,0,0,0,0,3000,1,1,,POINT (-92.006325207979 40.935173080818)
2014792810,20140008320,03/29/2014,03-March,7-Saturday,23:18,2300 Hours,District 1 (Central),DES MOINES,POLK,,JOHN LYNDE RD & SW 42ND ST,Collision with:  Vehicle in traffic,On Roadway,Broadside (front to side),Ran Stop Sign,Alcohol (Statutory),,Dark - roadway lighted,Dry,Clear,None apparent,Intersection:  T-intersection,Paved,,Property Damage Only,0,0,0,0,0,0,10000,2,4,,POINT (-93.674310108685 41.577267716362)
2014792774,14-013040,03/29/2014,03-March,7-Saturday,23:22,2300 Hours,District 5 (Southeast),MUSCATINE,MUSCATINE,US 61,US 61/GRANDVIEW AVE,Collision with:  Non-motorist (see non-motorist section - NOT a unit),On Roadway,Non-collision (single vehicle),Other (explain in narrative):  No improper action,None Indicated,,Dark - roadway not lighted,Dry,Clear,None apparent,Non-intersection:  Non-junction/no special feature,Paved,,Fatal,1,2,0,0,2,0,2500,1,2,,POINT (-91.10911341788 41.380944786125)
2014793865,2014-06311,03/29/2014,03-March,7-Saturday,20:16,2000 Hours,District 5 (Southeast),INDIANOLA,WARREN,US 65,US 65,Collision with:  Animal,On Roadway,Non-collision (single vehicle),Animal,None Indicated,,Dark - roadway lighted,Dry,Clear,None apparent,Non-intersection:  Non-junction/no special feature,Paved,,Possible/Unknown,0,1,0,0,1,0,3000,1,1,,POINT (-93.558665902888 41.385408021332)
2014794174,2014020245,03/29/2014,03-March,7-Saturday,23:13,2300 Hours,District 6 (East Central),,BUCHANAN,,Co Rd W45/SLATER AVE & 160TH ST,Collision with:  Animal,,,Animal,None Indicated,,,,,,,Paved,,Property Damage Only,0,0,0,0,0,0,5000,1,777,,POINT (-91.727501403034 42.555811967323)
2014793079,201404388,03/29/2014,03-March,7-Saturday,16:57,1600 Hours,District 6 (East Central),CEDAR RAPIDS,LINN,,COLDSTREAM AVE NE & 29TH ST NE & CENTER POINT RD NE,Collision with:  Vehicle in traffic,On Roadway,Rear-end (front to rear),Followed too close,None Indicated,,Daylight,Dry,Clear,None apparent,Non-intersection:  Non-junction/no special feature,Paved,,Property Damage Only,0,0,0,0,0,0,1500,2,5,,POINT (-91.662857546835 42.006935304659)
2014792694,14030464,03/29/2014,03-March,7-Saturday,18:31,1800 Hours,District 2 (Northeast),CEDAR FALLS,BLACK HAWK,,CRESCENT DR & PARKGATE RD,Collision with:  Vehicle in traffic,On Roadway,"Angle, oncoming left turn",FTYROW:  Making left turn,None Indicated,,Daylight,Dry,Clear,None apparent,Intersection:  T-intersection,Paved,,Possible/Unknown,0,1,0,0,1,0,7000,2,2,,POINT (-92.477160587201 42.537594748856)
2014806926,AC14-026,03/29/2014,03-March,7-Saturday,16:05,1600 Hours,District 4 (Southwest),HARLAN,SHELBY,,WALNUT ST & 5TH ST,Collision with:  Vehicle in traffic,On Roadway,Broadside (front to side),FTYROW:  From stop sign,None Indicated,,Daylight,Dry,Clear,None apparent,Intersection:  T-intersection,Paved,,Property Damage Only,0,0,0,0,0,0,4500,2,3,,POINT (-95.316432979485 41.650455082134)
2014792859,14-0906,03/29/2014,03-March,7-Saturday,17:50,1700 Hours,District 1 (Central),FORT DODGE,WEBSTER,,8TH AVE N,Collision with fixed object:  Curb/island/raised median,On Roadway,Non-collision (single vehicle),Exceeded authorized speed,None Indicated,,Daylight,Dry,Clear,None apparent,Non-intersection:  Non-junction/no special feature,Paved,,Property Damage Only,0,0,0,0,0,0,3000,1,1,,POINT (-94.197637101715 42.512653361106)
2014792906,14-10342,03/29/2014,03-March,7-Saturday,18:30,1800 Hours,District 5 (Southeast),WEST BURLINGTON,DES MOINES,US 34,US 34 & S GEAR AVE,Collision with:  Vehicle in traffic,On Roadway,Rear-end (front to rear),Driving too fast for conditions,None Indicated,,Daylight,Dry,Clear,None apparent,Non-intersection:  Other non-intersection (explain in narrative),Paved,,Property Damage Only,0,0,0,0,0,0,2000,2,2,,POINT (-91.170081469805 40.817298771947)
2014792819,14-1476,03/29/2014,03-March,7-Saturday,09:01,0900 Hours,District 4 (Southwest),WEST DES MOINES,DALLAS,,JORDAN CREEK PKWY,Collision with:  Vehicle in traffic,On Roadway,"Sideswipe, same direction",FTYROW:  Making right turn on red signal,None Indicated,,Daylight,Dry,Clear,None apparent,Intersection:  Four-way intersection,Paved,,Property Damage Only,0,0,0,0,0,0,5500,2,3,,POINT (-93.808977417017 41.589234325524)
2014792806,20140008298,03/29/2014,03-March,7-Saturday,18:13,1800 Hours,District 1 (Central),DES MOINES,POLK,,E 21ST ST,Non-collision events:  Other non-collision (explain in narrative),On Roadway,Non-collision (single vehicle),Lost Control,Alcohol (Statutory),,Daylight,Dry,Cloudy,None apparent,Non-intersection:  Non-junction/no special feature,Paved,,Property Damage Only,0,0,0,0,0,0,12000,1,1,,POINT (-93.580674623509 41.601584922976)
2014793054,142171,03/29/2014,03-March,7-Saturday,14:30,1400 Hours,District 4 (Southwest),,DALLAS,,Co Rd R16/R AVE,Collision with fixed object:  Guardrail - face,On Roadway,Non-collision (single vehicle),Ran off road - right,None Indicated,,Daylight,Dry,Clear,None apparent,Non-intersection:  Non-junction/no special feature,Paved,,Major Injury,0,2,1,1,0,0,5100,1,2,,POINT (-93.954502074555 41.556953342424)
2014792721,14-002519,03/29/2014,03-March,7-Saturday,23:20,2300 Hours,District 6 (East Central),,DELAWARE,,Co Rd D5X/JEFFERSON RD,Collision with:  Animal,,Non-collision (single vehicle),Animal,None Indicated,,,,,,,Paved,,Property Damage Only,0,0,0,0,0,0,3000,1,1,,POINT (-91.422099786814 42.462443468082)
2014793003,2014020271,03/29/2014,03-March,7-Saturday,20:19,2000 Hours,District 4 (Southwest),COUNCIL BLUFFS,POTTAWATTAMIE,I-29,I-29,Non-collision events:  Overturn/rollover,On Roadway,Non-collision (single vehicle),Exceeded authorized speed,Alcohol (Statutory),,Dark - roadway not lighted,Dry,Clear,None apparent,Non-intersection:  Non-junction/no special feature,Paved,,Major Injury,0,1,1,0,0,0,10000,1,1,,POINT (-95.823471941758 41.19887024425)
2014797327,14-008647,03/29/2014,03-March,7-Saturday,22:12,2200 Hours,District 5 (Southeast),,LEE,US 61,US 61,Collision with:  Animal,,Non-collision (single vehicle),Animal,None Indicated,,,,,,,Paved,,Property Damage Only,0,0,0,0,0,0,5000,1,1,,POINT (-91.425538664272 40.582612893329)
2014793332,201400954,03/29/2014,03-March,7-Saturday,10:16,1000 Hours,District 6 (East Central),,LINN,US 151,US 151/WILLIAMS BLVD & DEAN RD SW,Collision with:  Vehicle in traffic,On Roadway,Broadside (front to side),FTYROW:  From stop sign,None Indicated,,Daylight,Dry,Clear,None apparent,Intersection:  T-intersection,Paved,,Minor Injury,0,2,0,2,0,0,20000,2,4,,POINT (-91.7477734654 41.942272007368)
2014792816,20140008300,03/29/2014,03-March,7-Saturday,18:15,1800 Hours,District 1 (Central),DES MOINES,POLK,,COLLEGE AVE,Collision with:  Vehicle in traffic,On Roadway,Broadside (front to side),FTYROW:  At uncontrolled intersection,None Indicated,,Daylight,Dry,Clear,None apparent,Intersection:  T-intersection,Paved,,Possible/Unknown,0,1,0,0,1,0,3400,2,3,,POINT (-93.640627660865 41.607715646059)
2014793383,14-012141,03/29/2014,03-March,7-Saturday,19:04,1900 Hours,District 4 (Southwest),COUNCIL BLUFFS,POTTAWATTAMIE,,9TH AVE & S 35TH ST,Collision with:  Vehicle in traffic,On Roadway,Broadside (front to side),Lost Control,None Indicated,,Dusk,Dry,Clear,None apparent,Non-intersection:  Non-junction/no special feature,Paved,,Minor Injury,0,1,0,1,0,0,200,2,2,,POINT (-95.9019982595 41.253701723941)
2014792808,20140008305,03/29/2014,03-March,7-Saturday,18:30,1800 Hours,District 1 (Central),DES MOINES,POLK,US 69,US 69/SE 14TH ST,Collision with:  Vehicle in traffic,On Roadway,Rear-end (front to rear),Unknown,None Indicated,,Daylight,Dry,Clear,None apparent,Intersection:  Four-way intersection,Paved,,Property Damage Only,0,0,0,0,0,0,3500,3,5,,POINT (-93.596788780066 41.553160365864)
2014792913,02-14-5080,03/29/2014,03-March,7-Saturday,20:29,2000 Hours,District 6 (East Central),,DUBUQUE,US 20,US 20,Collision with:  Animal,,Non-collision (single vehicle),Animal,None Indicated,,,,,,,Paved,,Property Damage Only,0,0,0,0,0,0,3500,1,1,,POINT (-90.821342222744 42.440303203756)
2014793576,2014020275,03/29/2014,03-March,7-Saturday,20:40,2000 Hours,District 4 (Southwest),,MADISON,,Co Rd G4R/CUMMING RD,Non-collision events:  Overturn/rollover,On Roadway,Non-collision (single vehicle),Swerving/Evasive Action,None Indicated,,Dark - roadway not lighted,Dry,Clear,None apparent,Non-intersection:  Non-junction/no special feature,Paved,,Minor Injury,0,2,0,2,0,0,3500,1,2,,POINT (-93.838091039006 41.451385168699)
2014844649,ACSO 14-796,03/29/2014,03-March,7-Saturday,11:54,1100 Hours,District 2 (Northeast),POSTVILLE,ALLAMAKEE,,WILLIAMS ST,Collision with:  Vehicle in traffic,On Roadway,Rear-end (front to rear),Crossed centerline (undivided),None Indicated,,Daylight,Dry,Clear,None apparent,Non-intersection:  Non-junction/no special feature,Paved,,Property Damage Only,0,0,0,0,0,0,2500,2,2,,POINT (-91.568166952965 43.085622925686)
2014793549,14-9256,03/29/2014,03-March,7-Saturday,09:10,0900 Hours,District 3 (Northwest),SIOUX CITY,WOODBURY,,S WESCOTT ST,Collision with:  Vehicle in traffic,On Roadway,Rear-end (front to rear),Lost Control,None Indicated,,Daylight,Dry,Clear,None apparent,Intersection:  Four-way intersection,Paved,,Property Damage Only,0,0,0,0,0,0,1800,2,2,,POINT (-96.377419767431 42.490009429765)
2014794331,SO140114,03/29/2014,03-March,7-Saturday,20:26,2000 Hours,District 4 (Southwest),,ADAMS,US 34,US 34,Collision with:  Animal,On Roadway,Non-collision (single vehicle),Animal,None Indicated,,Dark - roadway not lighted,Dry,Clear,None apparent,Non-intersection:  Non-junction/no special feature,Paved,,Property Damage Only,0,0,0,0,0,0,2000,1,2,,POINT (-94.849332569221 40.979803655424)
2014794039,2014020294,03/29/2014,03-March,7-Saturday,22:37,2200 Hours,District 1 (Central),,POLK,I-35,I-35 & NW BEAVER DR,Collision with fixed object:  Bridge overhead structure,Shoulder,Non-collision (single vehicle),Ran off road - right,Alcohol (Statutory),,Dark - roadway not lighted,Dry,Clear,None apparent,Non-intersection:  Other non-intersection (explain in narrative),Paved,,Possible/Unknown,0,3,0,0,3,0,5500,1,3,,POINT (-93.680810674779 41.651358650694)
2014793004,2014020292,03/29/2014,03-March,7-Saturday,23:02,2300 Hours,District 2 (Northeast),OELWEIN,FAYETTE,IA 150,IA 150/PALACE RD,Collision with:  Animal,On Roadway,Non-collision (single vehicle),Animal,None Indicated,,Dark - roadway not lighted,Dry,Clear,None apparent,Non-intersection:  Non-junction/no special feature,Paved,,Property Damage Only,0,0,0,0,0,0,2500,1,2,,POINT (-91.908871740844 42.643469941898)
2014792895,14004727,03/29/2014,03-March,7-Saturday,09:42,0900 Hours,District 2 (Northeast),MASON CITY,CERRO GORDO,US 65,US 65/N FEDERAL AVE & 9TH ST NW & 9TH ST NE,Collision with:  Vehicle in traffic,On Roadway,Rear-end (front to rear),Unknown,None Indicated,,Daylight,Dry,Clear,None apparent,Intersection:  Four-way intersection,Paved,,Property Damage Only,0,0,0,0,0,0,1500,2,2,,POINT (-93.201066237826 43.159969454078)
2014792834,2014-18768,03/29/2014,03-March,7-Saturday,14:06,1400 Hours,District 6 (East Central),DAVENPORT,SCOTT,US 6,US 6/E KIMBERLY RD & DAVENPORT AVE,Collision with:  Vehicle in traffic,On Roadway,Rear-end (front to rear),Lost Control,None Indicated,,Daylight,Dry,Clear,None apparent,Intersection:  Four-way intersection,Paved,,Possible/Unknown,0,1,0,0,1,0,4500,2,3,,POINT (-90.56356790503 41.558729201138)
2014792778,14-2089,03/29/2014,03-March,7-Saturday,20:55,2000 Hours,District 1 (Central),POLK CITY,POLK,,Co Rd R38/NW SHELDAHL DR & NW 126TH AVE,Collision with fixed object:  Ditch,Outside trafficway,Non-collision (single vehicle),Ran Stop Sign,None Indicated,,Dark - roadway not lighted,Dry,Clear,None apparent,Intersection:  T-intersection,Paved,,Minor Injury,0,1,0,1,0,0,1000,1,1,,POINT (-93.7078665045 41.791470639519)
2014793686,49-2014,03/29/2014,03-March,7-Saturday,00:30,0000 Hours,District 4 (Southwest),,HARRISON,,Co Rd F58/288TH ST/YALE AVE,Non-collision events:  Overturn/rollover,On Roadway,Non-collision (single vehicle),Swerving/Evasive Action,None Indicated,,Dark - roadway not lighted,"Mud, dirt",Clear,None apparent,Intersection:  Y-intersection,Unpaved,,Property Damage Only,0,0,0,0,0,0,10000,1,1,,POINT (-95.517217142602 41.585655059263)
2014793740,14064,03/29/2014,03-March,7-Saturday,15:34,1500 Hours,District 5 (Southeast),PELLA,MARION,,BROADWAY ST,Collision with:  Vehicle in traffic,On Roadway,Rear-end (front to rear),FTYROW:  From driveway,None Indicated,,Daylight,Dry,Clear,None apparent,Non-intersection:  Driveway access (within),Paved,,Property Damage Only,0,0,0,0,0,0,2700,2,3,,POINT (-92.918336292776 41.412938334163)
2014793693,2014003373,03/29/2014,03-March,7-Saturday,16:35,1600 Hours,District 6 (East Central),IOWA CITY,JOHNSON,,FAIRCHILD ST,Collision with:  Vehicle in traffic,Outside trafficway,Rear-end (front to rear),"Operating vehicle in an reckless, erratic, careless, negligent manner",None Indicated,,Daylight,Dry,Clear,None apparent,Non-intersection:  Non-junction/no special feature,Paved,,Property Damage Only,0,0,0,0,0,0,1500,2,3,,POINT (-91.533979849248 41.666902602783)
2014794760,2014-06308,03/29/2014,03-March,7-Saturday,18:53,1800 Hours,District 5 (Southeast),INDIANOLA,WARREN,,W 4TH AVE & S P ST,Collision with:  Vehicle in traffic,On Roadway,Rear-end (front to rear),FTYROW:  From driveway,None Indicated,,Dusk,Dry,Clear,None apparent,Non-intersection:  Driveway access (within),Paved,,Property Damage Only,0,0,0,0,0,0,1500,2,3,,POINT (-93.583292521712 41.354668995003)
2014793999,14-001452,03/29/2014,03-March,7-Saturday,01:12,0100 Hours,District 1 (Central),AMES,STORY,,KELLOGG AVE,Collision with:  Parked motor vehicle,On Roadway,Head-on (front to front),Unknown,None Indicated,,Dark - roadway lighted,Dry,Clear,None apparent,Non-intersection:  Non-junction/no special feature,Paved,,Property Damage Only,0,0,0,0,0,0,11000,2,1,,POINT (-93.613972737779 42.03749867967)
2014792713,1403292381,03/29/2014,03-March,7-Saturday,10:40,1000 Hours,District 6 (East Central),,CLINTON,,Co Rd E55/145 ST,Collision with fixed object:  Ditch,Roadside,Non-collision (single vehicle),Ran off road - right,None Indicated,,Daylight,Dry,Clear,None apparent,Non-intersection:  Driveway access (within),Unpaved,,Possible/Unknown,0,1,0,0,1,0,2500,1,1,,POINT (-90.502388246787 41.965192381954)
2014793640,14-002444,03/29/2014,03-March,7-Saturday,11:40,1100 Hours,District 4 (Southwest),GRISWOLD,CASS,,570TH ST,Non-collision events:  Overturn/rollover,On Roadway,Non-collision (single vehicle),Ran off road - left,None Indicated,,Daylight,Dry,Clear,None apparent,Non-intersection:  Non-junction/no special feature,Unpaved,,Fatal,1,0,0,0,0,0,7000,1,1,,POINT (-95.098788211598 41.22795867357)
2014792820,14-1490,03/29/2014,03-March,7-Saturday,21:41,2100 Hours,District 4 (Southwest),WEST DES MOINES,DALLAS,,68TH ST & CODY DR,,On Roadway,Non-collision (single vehicle),"Operating vehicle in an reckless, erratic, careless, negligent manner",Alcohol (Statutory),,Dark - roadway lighted,Dry,Clear,None apparent,Intersection:  T-intersection,Paved,,Property Damage Only,0,0,0,0,0,0,5000,1,1,,POINT (-93.801107005634 41.576625288538)
2014792780,14-2088,03/29/2014,03-March,7-Saturday,17:40,1700 Hours,District 1 (Central),ANKENY,POLK,,Co Rd R56/NW 16TH ST & NW 118TH AVE,Collision with:  Vehicle in traffic,On Roadway,Broadside (front to side),Ran Traffic Signal,None Indicated,,Daylight,Dry,Clear,None apparent,Intersection:  Four-way intersection,Paved,,Minor Injury,0,1,0,1,0,0,10000,2,2,,POINT (-93.639492054139 41.776811998316)
2014801721,14-02699,03/29/2014,03-March,7-Saturday,02:22,0200 Hours,District 5 (Southeast),MOUNT PLEASANT,HENRY,,E MADISON ST & N CHERRY ST,Collision with:  Parked motor vehicle,On Roadway,Rear-end (front to rear),Ran off road - right,Alcohol (Statutory),,Dark - roadway lighted,Dry,Cloudy,Non-highway work,Intersection:  Four-way intersection,Paved,,Property Damage Only,0,0,0,0,0,0,16900,3,2,,POINT (-91.541086323634 40.966427464068)
2014792724,14-10364,03/29/2014,03-March,7-Saturday,22:01,2200 Hours,District 5 (Southeast),BURLINGTON,DES MOINES,,SUNNYSIDE AVE & CLIFF RD,Collision with fixed object:  Other fixed object (explain in narrative),Outside trafficway,Non-collision (single vehicle),Crossed centerline (undivided),None Indicated,,Dark - roadway not lighted,Dry,Clear,None apparent,Non-intersection:  Non-junction/no special feature,Paved,,Minor Injury,0,1,0,1,0,0,3000,1,1,,POINT (-91.127164965373 40.833130203692)
2014794474,,03/29/2014,03-March,7-Saturday,01:58,0100 Hours,District 2 (Northeast),,BUTLER,,CEDAR AVE,Collision with fixed object:  Bridge overhead structure,Shoulder,Non-collision (single vehicle),Ran off road - left,Alcohol (Statutory),,,,,,Non-intersection:  Other non-intersection (explain in narrative),Unpaved,,Fatal,1,0,0,0,0,0,9000,1,1,,POINT (-92.986694437031 42.572657485507)
2014792805,20140008291,03/29/2014,03-March,7-Saturday,16:23,1600 Hours,District 1 (Central),DES MOINES,POLK,US 6,US 6/DOUGLAS AVE & 50TH ST,Collision with:  Vehicle in traffic,On Roadway,"Angle, oncoming left turn",FTYROW:  Making left turn,None Indicated,,Daylight,Dry,Clear,None apparent,Intersection:  Four-way intersection,Paved,,Property Damage Only,0,0,0,0,0,0,5000,2,2,,POINT (-93.687747211113 41.629447979128)
2014793311,14044106,03/29/2014,03-March,7-Saturday,01:57,0100 Hours,District 6 (East Central),,JOHNSON,IA 1,IA 1/IOWA 1,Non-collision events:  Overturn/rollover,Outside trafficway,Non-collision (single vehicle),Swerving/Evasive Action,None Indicated,,Dark - roadway not lighted,Dry,Clear,None apparent,Non-intersection:  Non-junction/no special feature,Paved,,Minor Injury,0,1,0,1,0,0,10000,1,1,,POINT (-91.501528954177 41.842988317624)
2014792800,20140008275,03/29/2014,03-March,7-Saturday,13:33,1300 Hours,District 1 (Central),DES MOINES,POLK,,CENTER ST & 6TH AVE,Collision with:  Vehicle in traffic,On Roadway,"Angle, oncoming left turn",Made improper turn,None Indicated,,Daylight,Dry,Clear,None apparent,Intersection:  Four-way intersection,Paved,,Property Damage Only,0,0,0,0,0,0,3500,2,2,,POINT (-93.625674341589 41.591584981868)
2014792910,01-14-12962,03/29/2014,03-March,7-Saturday,18:04,1800 Hours,District 6 (East Central),DUBUQUE,DUBUQUE,,GRANDVIEW AVE N,Collision with:  Vehicle in traffic,On Roadway,Rear-end (front to rear),Lost Control,Alcohol (Statutory),,Daylight,Dry,Clear,None apparent,Non-intersection:  Non-junction/no special feature,Paved,,Property Damage Only,0,0,0,0,0,0,2000,2,2,,POINT (-90.687687160127 42.495506548357)
2014794096,14-10303,03/29/2014,03-March,7-Saturday,05:00,0500 Hours,District 5 (Southeast),,DES MOINES,,60TH ST,Collision with fixed object:  Ditch,On Roadway,Non-collision (single vehicle),Swerving/Evasive Action,None Indicated,,Dark - roadway not lighted,"Mud, dirt",Cloudy,"Surface condition (e.g., wet, icy)",Non-intersection:  Non-junction/no special feature,Unpaved,,Property Damage Only,0,0,0,0,0,0,2000,1,1,,POINT (-91.135290768825 40.773783097919)
2014793677,141380,03/29/2014,03-March,7-Saturday,21:47,2100 Hours,District 1 (Central),,HARDIN,,Co Rd S55/CO HWY S55,Collision with:  Animal,On Roadway,Non-collision (single vehicle),Animal,None Indicated,,Dark - roadway not lighted,Dry,Clear,None apparent,Non-intersection:  Non-junction/no special feature,Paved,,Property Damage Only,0,0,0,0,0,0,1800,1,2,,POINT (-93.171498538953 42.314283862801)
2014792809,20140008307,03/29/2014,03-March,7-Saturday,19:51,1900 Hours,District 1 (Central),DES MOINES,POLK,,HICKMAN RD & 26TH ST,Collision with:  Vehicle in traffic,On Roadway,Rear-end (front to rear),Swerving/Evasive Action,None Indicated,,Dark - roadway lighted,Dry,Clear,None apparent,Intersection:  Four-way intersection,Paved,,Possible/Unknown,0,1,0,0,1,0,6000,2,3,,POINT (-93.651729846463 41.614976103496)
2014793899,14000149,03/29/2014,03-March,7-Saturday,20:28,2000 Hours,District 5 (Southeast),ALBIA,MONROE,US 34,US 34,Collision with:  Animal,,,Animal,None Indicated,,,,,,,Paved,,Property Damage Only,0,0,0,0,0,0,2000,1,1,,POINT (-92.799410154275 41.015364098663)
2014794759,2014-06275,03/29/2014,03-March,7-Saturday,13:17,1300 Hours,District 5 (Southeast),INDIANOLA,WARREN,US 65,US 65/N JEFFERSON WAY & E BOSTON AVE,Collision with:  Vehicle in traffic,On Roadway,"Sideswipe, same direction",Improper Backing,None Indicated,,Daylight,Dry,Clear,None apparent,Non-intersection:  Non-junction/no special feature,Paved,,Property Damage Only,0,0,0,0,0,0,3000,2,3,,POINT (-93.558336980457 41.362332153404)
2014793038,14-030511,03/29/2014,03-March,7-Saturday,20:57,2000 Hours,District 2 (Northeast),,BLACK HAWK,I-380,I-380,Collision with:  Animal,,Non-collision (single vehicle),Animal,None Indicated,,,,,,,Paved,,Property Damage Only,0,0,0,0,0,0,5000,1,1,,POINT (-92.222177593992 42.449736860538)
2014793002,2014020212,03/29/2014,03-March,7-Saturday,11:29,1100 Hours,District 1 (Central),,POWESHIEK,IA 146,IA 146/IOWA 146 & Co Rd F46/EWART RD & 440TH AVE,Collision with:  Vehicle in traffic,On Roadway,"Angle, oncoming left turn",Crossed centerline (undivided),None Indicated,,Daylight,Dry,Clear,None apparent,Intersection:  Other intersection (explain in narrative),Paved,,Minor Injury,0,1,0,1,0,0,7000,2,3,,POINT (-92.727147967099 41.65959026022)
2014792773,14-001929,03/29/2014,03-March,7-Saturday,22:25,2200 Hours,District 3 (Northwest),,MONONA,,PLUM AVE,Collision with:  Animal,On Roadway,Non-collision (single vehicle),Animal,None Indicated,,Dark - roadway not lighted,Dry,Clear,None apparent,Non-intersection:  Non-junction/no special feature,Unpaved,,Property Damage Only,0,0,0,0,0,0,5000,1,1,,POINT (-95.826640941364 42.194463101534)
2014792748,SO1401043,03/29/2014,03-March,7-Saturday,16:58,1600 Hours,District 5 (Southeast),,JEFFERSON,,218TH BLVD,Collision with fixed object:  Ditch,Roadside,Non-collision (single vehicle),Driving too fast for conditions,None Indicated,,Daylight,Other (explain in narrative),Cloudy,Ruts/holes/bumps,Non-intersection:  Non-junction/no special feature,Paved,,Minor Injury,0,1,0,1,0,0,3000,1,1,,POINT (-91.722755877082 40.990418863416)
2014792749,SO1401049,03/29/2014,03-March,7-Saturday,20:06,2000 Hours,District 5 (Southeast),,JEFFERSON,,Co Rd W21/PLEASANT PLAIN RD,Collision with:  Animal,,,Animal,None Indicated,,,,,,,Paved,,Property Damage Only,0,0,0,0,0,0,1500,1,1,,POINT (-91.859904479844 41.135505874991)
2014792823,14-1474,03/29/2014,03-March,7-Saturday,04:20,0400 Hours,District 1 (Central),WEST DES MOINES,POLK,,PLEASANT ST,Unknown,Shoulder,Non-collision (single vehicle),Crossed centerline (undivided),None Indicated,,Dark - roadway lighted,Dry,Cloudy,None apparent,Non-intersection:  Non-junction/no special feature,Paved,,Property Damage Only,0,0,0,0,0,0,2000,1,1,,POINT (-93.726120964663 41.591372762806)
2014792804,20140008290,03/29/2014,03-March,7-Saturday,16:03,1600 Hours,District 1 (Central),DES MOINES,POLK,US 69,US 69/SE 14TH ST,Collision with:  Vehicle in traffic,On Roadway,"Angle, oncoming left turn",FTYROW:  Making left turn,None Indicated,,Daylight,Dry,Clear,None apparent,Intersection:  Four-way intersection,Paved,,Property Damage Only,0,0,0,0,0,0,3000,2,2,,POINT (-93.596840494594 41.554871487378)