Iowa DOT Case Number,Law Enforcement Case Number,Date of Crash,Month of Crash,Day of Week,Time of Crash,Hour,DOT District,City Name,County Name,Route with System,Location Description,First Harmful Event,Location of First Harmful Event,Manner of Crash/Collision,Major Cause,Drug or Alcohol ,Environmental Conditions,Light Conditions,Surface Conditions,Weather Conditions,Roadway Contribution,Roadway Type,Roadway Surface,Work Zone,Crash Severity,Number of Fatalities,Number of Injuries,Number of Major Injuries,Number of Minor Injuries,Number of Possible Injuries,Number of Unknown Injuries,Amount of Property Damage,Number of Vehicles Involved,Total Number of Occupants,Travel Direction,Location
2014792975,2014-19004,03/30/2014,03-March,1-Sunday,14:05,1400 Hours,District 6 (East Central),DAVENPORT,SCOTT,,E 6TH ST & IOWA ST,Collision with:  Vehicle in traffic,On Roadway,Broadside (front to side),Ran Stop Sign,None Indicated,,Daylight,Dry,Clear,None apparent,Intersection:  Four-way intersection,Paved,,Property Damage Only,0,0,0,0,0,0,6000,2,4,,POINT (-90.569745923656 41.525698456921)
2014792931,2014002907,03/30/2014,03-March,1-Sunday,13:12,1300 Hours,District 1 (Central),MARSHALLTOWN,MARSHALL,,E NEVADA ST & S 16TH AVE,Collision with:  Vehicle in traffic,On Roadway,"Sideswipe, same direction",FTYROW:  From stop sign,None Indicated,,Daylight,Dry,Cloudy,None apparent,Intersection:  T-intersection,Paved,,Possible/Unknown,0,1,0,0,1,0,2200,2,5,,POINT (-92.886382402809 42.044371461541)
2014794378,14-4057,03/30/2014,03-March,1-Sunday,22:02,2200 Hours,District 6 (East Central),,JACKSON,US 52,US 52/GREAT RIVER RD,Collision with:  Animal,On Roadway,Non-collision (single vehicle),Animal,None Indicated,,Dark - roadway not lighted,Dry,Clear,None apparent,Non-intersection:  Non-junction/no special feature,Paved,,Property Damage Only,0,0,0,0,0,0,6000,2,2,,POINT (-90.198736733951 42.098863931824)
2014792817,20140008328,03/30/2014,03-March,1-Sunday,01:49,0100 Hours,District 1 (Central),DES MOINES,POLK,,KINSEY AVE & E 30TH ST,Collision with:  Parked motor vehicle,On Roadway,Head-on (front to front),"Operating vehicle in an reckless, erratic, careless, negligent manner",Alcohol (Statutory),,Dark - roadway lighted,Dry,Clear,None apparent,Non-intersection:  Non-junction/no special feature,Paved,,Property Damage Only,0,0,0,0,0,0,32000,3,1,,POINT (-93.558387903795 41.606856478149)
2014792959,GP20140224,03/30/2014,03-March,1-Sunday,16:35,1600 Hours,District 1 (Central),GRINNELL,POWESHIEK,,4TH AVE,Collision with:  Vehicle in traffic,On Roadway,Broadside (front to side),Improper Backing,None Indicated,,Daylight,Dry,Cloudy,None apparent,Non-intersection:  Driveway access (within),Paved,,Property Damage Only,0,0,0,0,0,0,3300,2,4,,POINT (-92.712590929662 41.743221960451)
2014792911,01-14-13079,03/30/2014,03-March,1-Sunday,16:05,1600 Hours,District 6 (East Central),DUBUQUE,DUBUQUE,US 20,US 20/DODGE ST,Collision with:  Vehicle in traffic,On Roadway,Rear-end (front to rear),Followed too close,None Indicated,,Daylight,Dry,Clear,None apparent,Non-intersection:  Other non-intersection (explain in narrative),Paved,,Possible/Unknown,0,1,0,0,1,0,3000,2,3,,POINT (-90.655606262504 42.491711633759)
2014793312,14044975,03/30/2014,03-March,1-Sunday,17:36,1700 Hours,District 6 (East Central),TIFFIN,JOHNSON,,JASPER AVE & KANSAS AVE & 340TH ST,Non-collision events:  Overturn/rollover,On Roadway,Non-collision (single vehicle),Exceeded authorized speed,None Indicated,,Daylight,Dry,Cloudy,None apparent,Intersection:  T-intersection,Unpaved,,Property Damage Only,0,0,0,0,0,0,1500,1,4,,POINT (-91.646641596199 41.693152625945)
2014809995,2014-001700,03/30/2014,03-March,1-Sunday,20:08,2000 Hours,District 6 (East Central),,BENTON,,Co Rd V37/V37,Collision with:  Animal,,,Animal,None Indicated,,,,,,,Paved,,Property Damage Only,0,0,0,0,0,0,1500,1,1,,POINT (-92.298719016561 42.264967455479)
2014792793,20140008358,03/30/2014,03-March,1-Sunday,14:12,1400 Hours,District 1 (Central),DES MOINES,POLK,,GRANDVIEW AVE & N UNION ST,Collision with:  Vehicle in traffic,On Roadway,Broadside (front to side),FTYROW:  From stop sign,None Indicated,,Daylight,Dry,Clear,None apparent,Intersection:  Four-way intersection,Paved,,Minor Injury,0,1,0,1,0,0,6500,2,5,,POINT (-93.610216640559 41.620455160406)
2014793552,14-9423,03/30/2014,03-March,1-Sunday,15:49,1500 Hours,District 3 (Northwest),SIOUX CITY,WOODBURY,,W 2ND ST & REBECCA ST,Collision with:  Vehicle in traffic,On Roadway,Broadside (front to side),FTYROW:  From stop sign,None Indicated,,Daylight,Dry,Clear,None apparent,Intersection:  Four-way intersection,Paved,,Possible/Unknown,0,1,0,0,1,0,3500,2,6,,POINT (-96.425390135328 42.498200883243)
2014793361,20140008331,03/30/2014,03-March,1-Sunday,02:10,0200 Hours,District 1 (Central),DES MOINES,POLK,US 69,US 69/SE 14TH ST,Collision with:  Vehicle in traffic,Median,"Sideswipe, opposite direction",Crossed centerline (undivided),Alcohol (Statutory),,Dark - roadway lighted,Dry,Clear,None apparent,Non-intersection:  Crossover-related,Paved,,Property Damage Only,0,0,0,0,0,0,12500,2,3,,POINT (-93.596875791738 41.549584010759)
2014793442,14-9434,03/30/2014,03-March,1-Sunday,15:30,1500 Hours,District 3 (Northwest),SIOUX CITY,WOODBURY,,W 16TH ST & CENTER ST,Collision with:  Vehicle in traffic,On Roadway,Broadside (front to side),FTYROW:  From stop sign,None Indicated,,Daylight,Dry,Clear,None apparent,Intersection:  Four-way intersection,Paved,,Property Damage Only,0,0,0,0,0,0,2000,2,4,,POINT (-96.421090908804 42.507270876067)
2014792925,201404438,03/30/2014,03-March,1-Sunday,12:20,1200 Hours,District 6 (East Central),CEDAR RAPIDS,LINN,,C AVE NE,Collision with:  Vehicle in traffic,On Roadway,Rear-end (front to rear),Lost Control,None Indicated,,Daylight,Dry,Clear,None apparent,Intersection:  Shared use path or trail,Paved,,Property Damage Only,0,0,0,0,0,0,5000,3,3,,POINT (-91.638526973988 42.053257136925)
2014793443,14-9458,03/30/2014,03-March,1-Sunday,19:58,1900 Hours,District 3 (Northwest),SIOUX CITY,WOODBURY,,W 7TH ST & HAMILTON BLVD,Collision with:  Vehicle in traffic,On Roadway,Rear-end (front to rear),Other (explain in narrative):  Other,None Indicated,,Dark - roadway lighted,Dry,Clear,None apparent,Intersection:  Four-way intersection,Paved,,Possible/Unknown,0,2,0,0,2,0,1000,2,5,,POINT (-96.418497519067 42.503233315946)
2014793285,14-3164,03/30/2014,03-March,1-Sunday,04:00,0400 Hours,District 3 (Northwest),CARROLL,CARROLL,,,Collision with:  Parked motor vehicle,Outside trafficway,"Sideswipe, same direction",Lost Control,Alcohol (Statutory),,Dark - unknown roadway lighting,"Mud, dirt",Clear,None apparent,Non-intersection:  Alley,,,Property Damage Only,0,0,0,0,0,0,6300,2,1,,POINT (-96.643700149993 40.233091251414)
2014794371,02-14-5107,03/30/2014,03-March,1-Sunday,12:00,1200 Hours,District 6 (East Central),,DUBUQUE,,DERBY GRANGE RD,Collision with fixed object:  Ditch,Roadside,Non-collision (single vehicle),Ran off road - left,None Indicated,,Daylight,Dry,Cloudy,None apparent,Non-intersection:  Non-junction/no special feature,Paved,,Minor Injury,0,2,0,2,0,0,15000,1,2,,POINT (-90.775010974296 42.530123186693)
2014793417,2014-19072,03/30/2014,03-March,1-Sunday,20:51,2000 Hours,District 6 (East Central),DAVENPORT,SCOTT,,IA 461/BRADY ST,Collision with:  Vehicle in traffic,On Roadway,"Sideswipe, same direction",Made improper turn,None Indicated,,Dark - roadway lighted,Dry,Clear,None apparent,Non-intersection:  Non-junction/no special feature,Paved,,Property Damage Only,0,0,0,0,0,0,3500,2,3,,POINT (-90.574001389649 41.538820640108)
2014793687,50-2014,03/30/2014,03-March,1-Sunday,21:08,2100 Hours,District 4 (Southwest),,HARRISON,I-29,I-29,Collision with:  Other non-fixed object (explain in narrative),On Roadway,Rear-end (front to rear),Swerving/Evasive Action,None Indicated,,Dark - roadway not lighted,Dry,Clear,None apparent,Non-intersection:  Non-junction/no special feature,Paved,,Property Damage Only,0,0,0,0,0,0,2000,2,2,,POINT (-96.052617972819 41.787894379857)
2014793539,2014-20197,03/30/2014,03-March,1-Sunday,15:00,1500 Hours,District 6 (East Central),DAVENPORT,SCOTT,,FARNAM ST,Collision with:  Parked motor vehicle,On Roadway,Unknown,Unknown,None Indicated,,Daylight,Dry,Clear,None apparent,Non-intersection:  Non-junction/no special feature,Paved,,Property Damage Only,0,0,0,0,0,0,1500,2,1,,POINT (-90.566759798965 41.534380504134)
2014792760,14006416,03/30/2014,03-March,1-Sunday,11:31,1100 Hours,District 6 (East Central),MARION,LINN,,7TH AVE,Collision with:  Animal,On Roadway,Non-collision (single vehicle),Animal,None Indicated,,Daylight,Dry,Clear,None apparent,Non-intersection:  Non-junction/no special feature,Paved,,Property Damage Only,0,0,0,0,0,0,4000,1,1,,POINT (-91.588432014244 42.033288275809)
2014793480,140763,03/30/2014,03-March,1-Sunday,21:31,2100 Hours,District 3 (Northwest),DENISON,CRAWFORD,,N 16TH ST,Collision with:  Animal,On Roadway,Non-collision (single vehicle),Animal,None Indicated,,Dark - roadway lighted,Dry,Clear,None apparent,Non-intersection:  Non-junction/no special feature,Paved,,Minor Injury,0,1,0,1,0,0,500,1,1,,POINT (-95.349716310833 42.018271961174)
2014793440,14-9345,03/30/2014,03-March,1-Sunday,23:24,2300 Hours,District 3 (Northwest),SIOUX CITY,WOODBURY,,45TH ST & POLK ST,Collision with:  Vehicle in traffic,On Roadway,Rear-end (front to rear),Followed too close,Alcohol (Statutory),,Dark - roadway lighted,Dry,Clear,None apparent,Intersection:  Four-way intersection,Paved,,Property Damage Only,0,0,0,0,0,0,6000,2,2,,POINT (-96.359023676231 42.546531615837)
2014792932,2014002904,03/30/2014,03-March,1-Sunday,10:10,1000 Hours,District 1 (Central),MARSHALLTOWN,MARSHALL,,W CHURCH ST & E CHURCH ST & S CENTER ST,Collision with:  Vehicle in traffic,On Roadway,"Sideswipe, same direction",Made improper turn,None Indicated,,Daylight,Dry,Cloudy,None apparent,Intersection:  Four-way intersection,Paved,,Property Damage Only,0,0,0,0,0,0,8000,2,5,,POINT (-92.912984586051 42.047925296916)
2014792794,20140008375,03/30/2014,03-March,1-Sunday,17:28,1700 Hours,District 1 (Central),DES MOINES,POLK,US 6,US 6/FREDERICK M HUBBELL AVE & E 38TH ST,Collision with:  Vehicle in traffic,On Roadway,Broadside (front to side),FTYROW:  Other (explain in narrative),None Indicated,,Daylight,Dry,Cloudy,None apparent,Intersection:  Four-way intersection,Paved,,Property Damage Only,0,0,0,0,0,0,2500,2,3,,POINT (-93.54189251483 41.630525321216)
2014795487,14-7669,03/30/2014,03-March,1-Sunday,17:45,1700 Hours,District 1 (Central),NEWTON,JASPER,,S 5TH AVE W & W 3RD ST S,Collision with:  Vehicle in traffic,On Roadway,Broadside (front to side),Exceeded authorized speed,None Indicated,,Daylight,Dry,Clear,None apparent,Non-intersection:  Non-junction/no special feature,Paved,,Major Injury,0,1,1,0,0,0,8500,2,2,,POINT (-93.056110329454 41.69566790365)
2014808041,2014020321,03/30/2014,03-March,1-Sunday,09:40,0900 Hours,District 2 (Northeast),,BLACK HAWK,US 218,US 218 & Co Rd C57/W CEDAR-WAPSI RD,Collision with:  Vehicle in traffic,On Roadway,Broadside (front to side),FTYROW:  From stop sign,None Indicated,,Daylight,Dry,Clear,None apparent,Intersection:  Four-way intersection,Paved,,Property Damage Only,0,0,0,0,0,0,19000,2,6,,POINT (-92.443579843538 42.613742112718)
2014792907,14-10382,03/30/2014,03-March,1-Sunday,00:24,0000 Hours,District 5 (Southeast),WEST BURLINGTON,DES MOINES,,S GEAR AVE,Collision with:  Vehicle in traffic,On Roadway,Broadside (front to side),Ran Traffic Signal,None Indicated,,Dark - roadway lighted,Dry,Clear,None apparent,Intersection:  Four-way intersection,Paved,,Property Damage Only,0,0,0,0,0,0,6000,2,3,,POINT (-91.170100499784 40.817037846)
2014794243,14-040330-01,03/30/2014,03-March,1-Sunday,02:10,0200 Hours,District 6 (East Central),,IOWA,,Co Rd W22/U AVE/27TH AVE & 126TH ST,Collision with fixed object:  Other fixed object (explain in narrative),Outside trafficway,Non-collision (single vehicle),Ran off road - straight,None Indicated,,Dark - roadway not lighted,"Mud, dirt",Cloudy,None apparent,Non-intersection:  Driveway access (within),Paved,,Possible/Unknown,0,1,0,0,0,1,2630,1,1,,POINT (-91.911161264903 41.824500460489)
2014792939,14-001418,03/30/2014,03-March,1-Sunday,16:12,1600 Hours,District 1 (Central),ANKENY,POLK,,W 1ST ST & NW ASH DR & SW CHERRY ST,Non-collision events:  Other non-collision (explain in narrative),On Roadway,Non-collision (single vehicle),Other (explain in narrative):  No improper action,None Indicated,,Daylight,Dry,Clear,None apparent,Intersection:  Four-way intersection,Paved,,Possible/Unknown,0,1,0,0,1,0,1500,1,1,,POINT (-93.607230154004 41.731907034617)
2014793049,03301416,03/30/2014,03-March,1-Sunday,02:00,0200 Hours,District 5 (Southeast),OSCEOLA,CLARKE,,WEST CLAY ST,Collision with fixed object:  Traffic sign support,Roadside,Non-collision (single vehicle),Ran off road - left,None Indicated,,Dark - roadway lighted,Dry,Clear,None apparent,Non-intersection:  Non-junction/no special feature,Paved,,Property Damage Only,0,0,0,0,0,0,2600,1,1,,POINT (-93.785663504161 41.040831087678)
2014793888,2014020342,03/30/2014,03-March,1-Sunday,13:58,1300 Hours,District 1 (Central),,POLK,I-35,I-35,Collision with fixed object:  Other fixed object (explain in narrative),On Roadway,Non-collision (single vehicle),Swerving/Evasive Action,None Indicated,,Daylight,Dry,Cloudy,None apparent,Non-intersection:  Non-junction/no special feature,Paved,,Property Damage Only,0,0,0,0,0,0,16000,1,1,,POINT (-93.570762738563 41.779686953735)
2014793314,14055011,03/30/2014,03-March,1-Sunday,19:05,1900 Hours,District 6 (East Central),,JOHNSON,,Co Rd F16/HWY 382 NE & Co Rd W6E/ELY RD,Non-collision events:  Overturn/rollover,On Roadway,Non-collision (single vehicle),Ran off road - left,Alcohol (Statutory),,Daylight,Dry,Cloudy,None apparent,Intersection:  T-intersection,Paved,,Minor Injury,0,1,0,1,0,0,8000,1,1,,POINT (-91.539520329384 41.821168421956)
2014792904,14-10532,03/30/2014,03-March,1-Sunday,14:30,1400 Hours,District 5 (Southeast),BURLINGTON,DES MOINES,,E ROOSEVELT FRONTAGE,Collision with:  Vehicle in traffic,On Roadway,Broadside (front to side),FTYROW:  From driveway,None Indicated,,Daylight,Dry,Cloudy,None apparent,Non-intersection:  Driveway access (within),Paved,,Property Damage Only,0,0,0,0,0,0,4000,2,3,,POINT (-91.141013288848 40.808213426939)
2014793235,14003365,03/30/2014,03-March,1-Sunday,05:20,0500 Hours,District 1 (Central),,TAMA,,R AVE,Collision with fixed object:  Ditch,On Roadway,Non-collision (single vehicle),Swerving/Evasive Action,Refused,,Dark - roadway not lighted,"Mud, dirt",Cloudy,None apparent,Non-intersection:  Non-junction/no special feature,Unpaved,,Property Damage Only,0,0,0,0,0,0,7500,1,1,,POINT (-92.43472582024 41.996921960976)
2014797254,201401325,03/30/2014,03-March,1-Sunday,20:18,2000 Hours,District 1 (Central),,BOONE,,198TH RD,Collision with fixed object:  Ditch,On Roadway,Non-collision (single vehicle),Equipment failure,None Indicated,,Dark - roadway not lighted,Dry,Cloudy,None apparent,Non-intersection:  Non-junction/no special feature,Paved,,Major Injury,0,2,2,0,0,0,20100,1,2,,POINT (-93.93403106475 42.068970412755)
2014793691,PD1402523,03/30/2014,03-March,1-Sunday,18:48,1800 Hours,District 5 (Southeast),FAIRFIELD,JEFFERSON,IA 1,IA 1/S MAIN ST,Collision with:  Parked motor vehicle,Shoulder,Head-on (front to front),"Operating vehicle in an reckless, erratic, careless, negligent manner",Alcohol (Statutory),,Dusk,Dry,Clear,None apparent,Non-intersection:  Non-junction/no special feature,Paved,,Property Damage Only,0,0,0,0,0,0,3900,2,1,,POINT (-91.963125159625 40.995777404519)
2014794559,20141073,03/30/2014,03-March,1-Sunday,20:25,2000 Hours,District 1 (Central),,GRUNDY,,Co Rd D53/270TH ST & J AVE,Non-collision events:  Other non-collision (explain in narrative),On Roadway,Non-collision (single vehicle),Ran Stop Sign,Alcohol (Statutory),,Dark - roadway not lighted,Dry,Clear,None apparent,Intersection:  T-intersection,Unpaved,,Property Damage Only,0,0,0,0,0,0,5000,1,1,,POINT (-92.846080549081 42.310931490359)
2014793082,201404443,03/30/2014,03-March,1-Sunday,14:10,1400 Hours,District 6 (East Central),CEDAR RAPIDS,LINN,I-380,I-380 & CENTER POINT RD NE,Collision with:  Vehicle in traffic,On Roadway,Broadside (front to side),Ran Traffic Signal,None Indicated,,Daylight,Dry,Clear,None apparent,Intersection:  Four-way intersection,Paved,,Minor Injury,0,1,0,1,0,0,12000,2,3,,POINT (-91.66799829641 42.027934921354)
2014792768,14-007080,03/30/2014,03-March,1-Sunday,11:12,1100 Hours,District 5 (Southeast),,MARION,,UTAH DR,Collision with fixed object:  Ditch,On Roadway,Non-collision (single vehicle),Swerving/Evasive Action,None Indicated,,Daylight,Dry,Cloudy,Work Zone (roadway-related),Non-intersection:  Non-junction/no special feature,Unpaved,Yes,Property Damage Only,0,0,0,0,0,0,4500,1,1,,POINT (-92.909951752155 41.193539029584)
2014792935,SO14000740,03/30/2014,03-March,1-Sunday,20:37,2000 Hours,District 3 (Northwest),,PLYMOUTH,,Co Rd C66/310TH ST & QUORN RD,Collision with:  Animal,On Roadway,Non-collision (single vehicle),Animal,None Indicated,,Dark - roadway not lighted,Dry,Clear,None apparent,Non-intersection:  Non-junction/no special feature,Paved,,Property Damage Only,0,0,0,0,0,0,2000,1,4,,POINT (-95.992563970394 42.604513099766)
2014792726,14-10478,03/30/2014,03-March,1-Sunday,22:15,2200 Hours,District 5 (Southeast),BURLINGTON,DES MOINES,,,Collision with:  Vehicle in traffic,Roadside,Unknown,Separation of units,None Indicated,,Dark - roadway not lighted,Dry,Clear,None apparent,Non-intersection:  Non-junction/no special feature,,,Property Damage Only,0,0,0,0,0,0,2500,2,1,,POINT (-96.643700149993 40.233091251414)
2014792811,20140008332,03/30/2014,03-March,1-Sunday,02:29,0200 Hours,District 1 (Central),DES MOINES,POLK,,HICKMAN RD & 23RD ST,Collision with:  Vehicle in traffic,On Roadway,Rear-end (front to rear),Unknown,None Indicated,,Dark - roadway lighted,Dry,Clear,None apparent,Non-intersection:  Non-junction/no special feature,Paved,,Property Damage Only,0,0,0,0,0,0,1500,2,2,,POINT (-93.648153828983 41.615050365467)
2014794558,20141072,03/30/2014,03-March,1-Sunday,19:13,1900 Hours,District 1 (Central),DIKE,GRUNDY,,CEDAR ST & 1ST ST,Collision with:  Vehicle in traffic,On Roadway,Broadside (front to side),FTYROW:  From stop sign,None Indicated,,Daylight,Dry,Cloudy,None apparent,Intersection:  Four-way intersection,Paved,,Property Damage Only,0,0,0,0,0,0,12000,2,3,,POINT (-92.631902268238 42.467176080428)
2014793385,14-012223,03/30/2014,03-March,1-Sunday,13:39,1300 Hours,District 4 (Southwest),COUNCIL BLUFFS,POTTAWATTAMIE,IA 192,IA 192/S 6TH ST & W BROADWAY & BROADWAY KANESVILLE CONN,Collision with:  Non-motorist (see non-motorist section - NOT a unit),On Roadway,Non-collision (single vehicle),Other (explain in narrative):  No improper action,None Indicated,,Daylight,Dry,Cloudy,None apparent,Non-intersection:  Non-junction/no special feature,Paved,,Minor Injury,0,1,0,1,0,0,3000,1,2,,POINT (-95.852022907719 41.261228959596)
2014793716,14-1485,03/30/2014,03-March,1-Sunday,17:28,1700 Hours,District 6 (East Central),HIAWATHA,LINN,,BLAIRS FERRY RD & 12TH AVE,Collision with:  Vehicle in traffic,On Roadway,Rear-end (front to rear),Other (explain in narrative):  Vision obstructed,None Indicated,,Daylight,Dry,Clear,None apparent,Non-intersection:  Non-junction/no special feature,Paved,,Property Damage Only,0,0,0,0,0,0,4000,2,3,,POINT (-91.688148831249 42.034903792904)
2014793470,14001872,03/30/2014,03-March,1-Sunday,20:30,2000 Hours,District 2 (Northeast),,CERRO GORDO,,Co Rd B35/235TH ST & CARDINAL AVE,Collision with:  Animal,,,Animal,None Indicated,,,,,,,Paved,,Property Damage Only,0,0,0,0,0,0,2500,1,1,,POINT (-93.457787022627 43.10482292529)
2014793688,51-2014,03/30/2014,03-March,1-Sunday,21:30,2100 Hours,District 4 (Southwest),,HARRISON,I-29,I-29,Collision with:  Animal,On Roadway,Non-collision (single vehicle),Animal,None Indicated,,Dark - roadway not lighted,Dry,Clear,None apparent,Non-intersection:  Non-junction/no special feature,Paved,,Property Damage Only,0,0,0,0,0,0,3000,1,1,,POINT (-96.051360871488 41.792844838766)
2014793922,14-30881,03/30/2014,03-March,1-Sunday,20:11,2000 Hours,District 2 (Northeast),,BLACK HAWK,US 218,US 218,Collision with:  Animal,,,Animal,None Indicated,,,,,,,Paved,,Property Damage Only,0,0,0,0,0,0,2500,1,1,,POINT (-92.227057422009 42.349470471509)
2014792922,14-7728,03/31/2014,03-March,2-Monday,10:57,1000 Hours,District 1 (Central),NEWTON,JASPER,US 6,US 6/1ST AVE E,Collision with:  Vehicle in traffic,On Roadway,Rear-end (front to rear),Driver Distraction:  Manual operation of an electronic communication device,None Indicated,,Daylight,Dry,Cloudy,None apparent,Intersection:  Four-way intersection,Paved,,Property Damage Only,0,0,0,0,0,0,2750,2,3,,POINT (-93.050140583565 41.699552743026)
2014845512,,03/31/2014,03-March,2-Monday,13:54,1300 Hours,District 1 (Central),AMES,STORY,,IOWA STATE UNIVERSITY & MORTENSON RD & HAYWARD AVE,Collision with:  Vehicle in traffic,On Roadway,Rear-end (front to rear),Followed too close,None Indicated,,Daylight,Wet,Clear,None apparent,Intersection:  T-intersection,Paved,,Property Damage Only,0,0,0,0,0,0,2642,2,2,,POINT (-93.651671744374 42.011865283273)
2014793453,,03/31/2014,03-March,2-Monday,11:00,1100 Hours,District 4 (Southwest),DUNLAP,HARRISON,,JEROLEMAN ST,Unknown,On Roadway,Non-collision (single vehicle),FTYROW:  From parked position,None Indicated,,Daylight,Dry,Clear,Non-highway work,Non-intersection:  Non-junction/no special feature,Paved,,Property Damage Only,0,0,0,0,0,0,2300,1,1,,POINT (-95.601846202822 41.855139642403)
2014793387,14-012367,03/31/2014,03-March,2-Monday,13:14,1300 Hours,District 4 (Southwest),COUNCIL BLUFFS,POTTAWATTAMIE,I-29,I-29 & NEBRASKA AVE,Collision with:  Vehicle in traffic,On Roadway,"Sideswipe, opposite direction",Equipment failure,None Indicated,,Daylight,Dry,Clear,None apparent,Intersection:  Four-way intersection,Paved,,Property Damage Only,0,0,0,0,0,0,5100,2,2,,POINT (-95.904754113577 41.242104082118)
2014793553,14-9498,03/31/2014,03-March,2-Monday,07:00,0700 Hours,District 3 (Northwest),SIOUX CITY,WOODBURY,,MURRAY ST & HARBOR DR,Collision with:  Vehicle in traffic,On Roadway,Rear-end (front to rear),Improper Backing,None Indicated,,Dawn,Dry,Cloudy,None apparent,Intersection:  T-intersection,Paved,,Property Damage Only,0,0,0,0,0,0,4000,2,2,,POINT (-96.371005067073 42.427454825152)
2014793016,43-14,03/31/2014,03-March,2-Monday,14:40,1400 Hours,District 3 (Northwest),ROCK VALLEY,SIOUX,US 18,US 18/10TH ST & 16TH ST & 16TH AVE,Collision with:  Vehicle in traffic,On Roadway,Rear-end (front to rear),Followed too close,None Indicated,,Daylight,Dry,Clear,None apparent,Non-intersection:  Driveway access (within),Paved,,Possible/Unknown,0,1,0,0,1,0,3500,2,2,,POINT (-96.294864605442 43.199947047529)
2014792725,14-10520,03/31/2014,03-March,2-Monday,11:24,1100 Hours,District 5 (Southeast),BURLINGTON,DES MOINES,,AGENCY ST,Collision with fixed object:  Traffic sign support,On Roadway,Non-collision (single vehicle),Other (explain in narrative):  Other,None Indicated,,Daylight,Dry,Cloudy,None apparent,Non-intersection:  Non-junction/no special feature,Paved,,Property Damage Only,0,0,0,0,0,0,2300,1,2,,POINT (-91.139265438371 40.81476096176)
2014794198,,03/31/2014,03-March,2-Monday,16:49,1600 Hours,District 2 (Northeast),FLOYD,FLOYD,US 18,US 18 & US 218 & Co Rd T44/QUARRY AVE,Collision with:  Vehicle in traffic,On Roadway,Broadside (front to side),FTYROW:  From stop sign,None Indicated,,Daylight,Dry,Cloudy,None apparent,Intersection:  Other intersection (explain in narrative),Paved,,Minor Injury,0,1,0,1,0,0,9500,2,4,,POINT (-92.738690971436 43.121090801251)
2014795025,14-003167,03/31/2014,03-March,2-Monday,10:20,1000 Hours,District 2 (Northeast),,FAYETTE,,Co Rd B44/WHITE TAIL RD,Collision with fixed object:  Ditch,Shoulder,Non-collision (single vehicle),Downhill runaway,None Indicated,,Daylight,Dry,Cloudy,None apparent,Non-intersection:  Non-junction/no special feature,Paved,,Possible/Unknown,0,1,0,0,1,0,4500,1,2,,POINT (-92.046087269846 43.060322062383)
2014793224,20140008553,03/31/2014,03-March,2-Monday,19:10,1900 Hours,District 1 (Central),DES MOINES,POLK,,MULBERRY ST & 9TH ST,Collision with:  Parked motor vehicle,On Roadway,Unknown,Other (explain in narrative):  Other,None Indicated,,Dark - roadway lighted,Dry,Clear,Unknown,Intersection:  Four-way intersection,Paved,,Property Damage Only,0,0,0,0,0,0,1600,2,777,,POINT (-93.627990459823 41.584204423889)
2014793277,W14-031174,03/31/2014,03-March,2-Monday,17:50,1700 Hours,District 2 (Northeast),WATERLOO,BLACK HAWK,,DYSART RD,Non-collision events:  Other non-collision (explain in narrative),Shoulder,Non-collision (single vehicle),Unknown,None Indicated,,Daylight,Dry,Clear,None apparent,Non-intersection:  Non-junction/no special feature,Paved,,Possible/Unknown,0,1,0,0,1,0,0,1,1,,POINT (-92.297934800029 42.438076953684)
2014792914,02-14-5151,03/31/2014,03-March,2-Monday,06:45,0600 Hours,District 6 (East Central),,DUBUQUE,US 52,US 52,Collision with:  Animal,,Non-collision (single vehicle),Animal,None Indicated,,,,,,,Paved,,Property Damage Only,0,0,0,0,0,0,3000,1,1,,POINT (-90.740513973186 42.556895727097)
2014792915,01-14-13183,03/31/2014,03-March,2-Monday,08:54,0800 Hours,District 6 (East Central),DUBUQUE,DUBUQUE,US 20,US 20/DODGE ST & SEIPPEL RD & PROP RD,Collision with:  Vehicle in traffic,On Roadway,Rear-end (front to rear),Other (explain in narrative):  Other,None Indicated,,Daylight,Dry,Clear,None apparent,Non-intersection:  Non-junction/no special feature,Paved,,Property Damage Only,0,0,0,0,0,0,2100,2,3,,POINT (-90.760432012464 42.476410822978)
2014793334,201400974,03/31/2014,03-March,2-Monday,06:48,0600 Hours,District 6 (East Central),,LINN,I-380,I-380,Collision with:  Other non-fixed object (explain in narrative),On Roadway,Non-collision (single vehicle),Other (explain in narrative):  No improper action,None Indicated,,Dawn,Dry,Cloudy,Debris,Non-intersection:  Non-junction/no special feature,Paved,,Property Damage Only,0,0,0,0,0,0,2000,1,1,,POINT (-91.706329589426 42.108169417524)
2014793015,14-1788,03/31/2014,03-March,2-Monday,16:11,1600 Hours,District 2 (Northeast),,KOSSUTH,,100 AVE,Collision with fixed object:  Ditch,On Roadway,Non-collision (single vehicle),Ran off road - right,None Indicated,,Daylight,"Mud, dirt",Severe winds,"Surface condition (e.g., wet, icy)",Non-intersection:  Non-junction/no special feature,Unpaved,,Property Damage Only,0,0,0,0,0,0,2500,1,2,,POINT (-94.266124398555 43.119534624393)