Iowa DOT Case Number,Law Enforcement Case Number,Date of Crash,Month of Crash,Day of Week,Time of Crash,Hour,DOT District,City Name,County Name,Route with System,Location Description,First Harmful Event,Location of First Harmful Event,Manner of Crash/Collision,Major Cause,Drug or Alcohol ,Environmental Conditions,Light Conditions,Surface Conditions,Weather Conditions,Roadway Contribution,Roadway Type,Roadway Surface,Work Zone,Crash Severity,Number of Fatalities,Number of Injuries,Number of Major Injuries,Number of Minor Injuries,Number of Possible Injuries,Number of Unknown Injuries,Amount of Property Damage,Number of Vehicles Involved,Total Number of Occupants,Travel Direction,Location
2014793485,14-10737,04/01/2014,04-April,3-Tuesday,17:14,1700 Hours,District 5 (Southeast),BURLINGTON,DES MOINES,,MT PLEASANT ST & DEER RUN DR,Collision with:  Vehicle in traffic,Roadside,Rear-end (front to rear),Lost Control,None Indicated,,Daylight,Dry,Cloudy,None apparent,Non-intersection:  Non-junction/no special feature,Paved,,Property Damage Only,0,0,0,0,0,0,4000,2,1,,POINT (-91.135181045946 40.825549418879)
2014802951,A14024,04/01/2014,04-April,3-Tuesday,15:15,1500 Hours,District 5 (Southeast),KNOXVILLE,MARION,,W ROCK ISLAND ST & N ROCHE ST,Collision with:  Vehicle in traffic,On Roadway,Broadside (front to side),FTYROW:  From stop sign,None Indicated,,Daylight,Dry,Cloudy,None apparent,Intersection:  Four-way intersection,Paved,,Possible/Unknown,0,1,0,0,1,0,2500,2,2,,POINT (-93.09986064472 41.325351527508)
2014794121,14007168,04/01/2014,04-April,3-Tuesday,14:47,1400 Hours,District 5 (Southeast),OSKALOOSA,MAHASKA,,5TH AVE W,Collision with:  Vehicle in traffic,On Roadway,Broadside (front to side),FTYROW:  Other (explain in narrative),None Indicated,,Daylight,Dry,Cloudy,Work Zone (roadway-related),Intersection:  Other intersection (explain in narrative),Paved,Yes,Property Damage Only,0,0,0,0,0,0,8000,2,2,,POINT (-92.64572189759 41.290836422404)
2014793221,20140008579,04/01/2014,04-April,3-Tuesday,15:33,1500 Hours,District 1 (Central),DES MOINES,POLK,,WATSON POWELL JR WAY & 6TH AVE,Collision with:  Vehicle in traffic,On Roadway,"Sideswipe, same direction",Made improper turn,None Indicated,,Daylight,Dry,Clear,None apparent,Non-intersection:  Non-junction/no special feature,Paved,,Property Damage Only,0,0,0,0,0,0,2500,2,2,,POINT (-93.625643211438 41.589603556347)
2014793561,14-9616,04/01/2014,04-April,3-Tuesday,09:10,0900 Hours,District 3 (Northwest),SIOUX CITY,WOODBURY,,32ND ST & DOUGLAS ST,Collision with:  Vehicle in traffic,On Roadway,Broadside (front to side),Ran Stop Sign,None Indicated,,Daylight,Dry,Clear,None apparent,Intersection:  Four-way intersection,Paved,,Property Damage Only,0,0,0,0,0,0,6300,2,2,,POINT (-96.406727818422 42.524906752112)
2014793299,14-004982,04/01/2014,04-April,3-Tuesday,20:41,2000 Hours,District 5 (Southeast),,HENRY,,Co Rd J20/SALEM RD & HICKORY AVE,Collision with:  Animal,,Non-collision (single vehicle),Animal,None Indicated,,,,,,,Paved,,Property Damage Only,0,0,0,0,0,0,1800,1,1,,POINT (-91.58410184891 40.848625949642)
2014796146,14-000385,04/01/2014,04-April,3-Tuesday,15:20,1500 Hours,District 1 (Central),,STORY,,505TH AVE,Non-collision events:  Overturn/rollover,On Roadway,Non-collision (single vehicle),Swerving/Evasive Action,None Indicated,,Daylight,Dry,Cloudy,None apparent,Non-intersection:  Non-junction/no special feature,Unpaved,,Property Damage Only,0,0,0,0,0,0,2000,1,1,,POINT (-93.688388403387 42.077056378342)
2014792894,201401343,04/01/2014,04-April,3-Tuesday,13:55,1300 Hours,District 1 (Central),,BOONE,US 30,US 30/230TH ST,Non-collision events:  Other non-collision (explain in narrative),On Roadway,Non-collision (single vehicle),Swerving/Evasive Action,None Indicated,,Daylight,Dry,Cloudy,None apparent,Non-intersection:  Non-junction/no special feature,Paved,,Minor Injury,0,1,0,1,0,0,3000,1,1,,POINT (-93.698969752544 42.01452315742)
2014793056,01-14-13414,04/01/2014,04-April,3-Tuesday,17:31,1700 Hours,District 6 (East Central),DUBUQUE,DUBUQUE,,GRAHAM CIR,Collision with:  Vehicle in traffic,On Roadway,"Sideswipe, same direction",Other (explain in narrative):  Other,None Indicated,,Daylight,Dry,Cloudy,None apparent,Non-intersection:  Non-junction/no special feature,Paved,,Property Damage Only,0,0,0,0,0,0,2500,2,3,,POINT (-90.726323935159 42.512597464321)
2014793217,14-001438,04/01/2014,04-April,3-Tuesday,07:44,0700 Hours,District 1 (Central),ANKENY,POLK,,W 1ST ST & SW STATE ST & NW STATE ST,Collision with:  Vehicle in traffic,On Roadway,Broadside (front to side),FTYROW:  From driveway,None Indicated,,Daylight,Dry,Clear,None apparent,Non-intersection:  Driveway access (within),Paved,,Property Damage Only,0,0,0,0,0,0,8000,2,2,,POINT (-93.621502529566 41.731857745616)
2014793458,14031434,04/01/2014,04-April,3-Tuesday,14:57,1400 Hours,District 2 (Northeast),CEDAR FALLS,BLACK HAWK,,8TH ST,Collision with:  Vehicle in traffic,On Roadway,Rear-end (front to rear),Driver Distraction:  Manual operation of an electronic communication device,None Indicated,,Daylight,Dry,Cloudy,None apparent,Non-intersection:  Non-junction/no special feature,Paved,,Property Damage Only,0,0,0,0,0,0,8000,2,4,,POINT (-92.46022539163 42.531473344659)
2014793423,2014-19698,04/01/2014,04-April,3-Tuesday,21:48,2100 Hours,District 6 (East Central),DAVENPORT,SCOTT,,IA 461/HARRISON ST & W 14TH ST,Collision with:  Parked motor vehicle,On Roadway,"Sideswipe, same direction",Lost Control,None Indicated,,Dark - roadway lighted,Dry,Clear,None apparent,Non-intersection:  Non-junction/no special feature,Paved,,Property Damage Only,0,0,0,0,0,0,4000,2,3,,POINT (-90.57722387479 41.534061180026)
2014793218,20140008629,04/01/2014,04-April,3-Tuesday,22:25,2200 Hours,District 1 (Central),DES MOINES,POLK,,E PARK AVE,Collision with:  Vehicle in traffic,On Roadway,Rear-end (front to rear),Separation of units,None Indicated,,Dark - roadway lighted,Dry,Clear,Non-highway work,Non-intersection:  Non-junction/no special feature,Paved,,Property Damage Only,0,0,0,0,0,0,3000,2,2,,POINT (-93.597780013737 41.555325979034)
2014793557,14-9604,04/01/2014,04-April,3-Tuesday,07:18,0700 Hours,District 3 (Northwest),SIOUX CITY,WOODBURY,,STONE PARK BLVD,Collision with fixed object:  Mailbox,Shoulder,Non-collision (single vehicle),Crossed centerline (undivided),Under Influence of Alcohol/Drugs/Medications,,Dark - unknown roadway lighting,Dry,Clear,None apparent,Non-intersection:  Non-junction/no special feature,Paved,,Property Damage Only,0,0,0,0,0,0,1800,1,1,,POINT (-96.429131294981 42.536546829303)
2014792952,14-0695,04/01/2014,04-April,3-Tuesday,04:55,0400 Hours,District 1 (Central),URBANDALE,POLK,IA 141,IA 141/IOWA 141,Collision with fixed object:  Traffic sign support,On Roadway,Non-collision (single vehicle),Ran off road - right,Under Influence of Alcohol/Drugs/Medications,,Dark - roadway lighted,Dry,Clear,None apparent,Non-intersection:  Non-junction/no special feature,Paved,,Possible/Unknown,0,1,0,0,1,0,5150,1,1,,POINT (-93.775103184588 41.650995647752)
2014793918,14-031468,04/01/2014,04-April,3-Tuesday,16:47,1600 Hours,District 2 (Northeast),,BLACK HAWK,,Co Rd C55/WINSLOW RD,Collision with fixed object:  Ditch,Shoulder,Non-collision (single vehicle),Ran off road - right,Under Influence of Alcohol/Drugs/Medications,,Daylight,Dry,Cloudy,None apparent,Non-intersection:  Non-junction/no special feature,Paved,,Property Damage Only,0,0,0,0,0,0,6150,1,1,,POINT (-92.491619658147 42.631580416553)
2014793422,2014-19671,04/01/2014,04-April,3-Tuesday,20:15,2000 Hours,District 6 (East Central),DAVENPORT,SCOTT,,TELEGRAPH RD & N PINE ST,Collision with fixed object:  Utility pole/light support,On Roadway,Non-collision (single vehicle),"Operating vehicle in an reckless, erratic, careless, negligent manner",None Indicated,,Dark - roadway lighted,Dry,Clear,None apparent,Intersection:  T-intersection,Paved,,Minor Injury,0,1,0,1,0,0,3000,1,1,,POINT (-90.611197152723 41.524838201792)
2014793562,14-9622,04/01/2014,04-April,3-Tuesday,11:04,1100 Hours,District 3 (Northwest),SIOUX CITY,WOODBURY,,3RD ST & PIERCE ST,Collision with:  Vehicle in traffic,On Roadway,Broadside (front to side),Ran Traffic Signal,None Indicated,,Daylight,Dry,Clear,None apparent,Intersection:  Four-way intersection,Paved,,Possible/Unknown,0,1,0,0,1,0,3500,2,2,,POINT (-96.404877578981 42.493104002346)
2014793222,20140008554,04/01/2014,04-April,3-Tuesday,12:05,1200 Hours,District 1 (Central),DES MOINES,POLK,,MCKINLEY AVE,Collision with:  Vehicle in traffic,On Roadway,"Angle, oncoming left turn",FTYROW:  From driveway,None Indicated,,Daylight,Dry,Cloudy,None apparent,Non-intersection:  Driveway access (within),Paved,,Property Damage Only,0,0,0,0,0,0,6000,2,3,,POINT (-93.644440480138 41.54098650752)
2014793340,201404524,04/01/2014,04-April,3-Tuesday,13:00,1300 Hours,District 6 (East Central),CEDAR RAPIDS,LINN,,LINDALE DR,Collision with:  Vehicle in traffic,On Roadway,Broadside (front to side),FTYROW:  From stop sign,None Indicated,,Daylight,Dry,Clear,None apparent,Non-intersection:  Driveway access (within),Paved,,Possible/Unknown,0,2,0,0,2,0,8000,2,2,,POINT (-91.626131586665 42.028432054632)
2014794002,14-001516,04/01/2014,04-April,3-Tuesday,23:00,2300 Hours,District 1 (Central),AMES,STORY,US 69,US 69/S DUFF AVE & S 5TH ST & SE 5TH ST,Collision with:  Vehicle in traffic,On Roadway,Broadside (front to side),Driver Distraction:  Reaching for object(s)/fallen object(s),None Indicated,,Dark - roadway lighted,Dry,Clear,None apparent,Intersection:  Four-way intersection,Paved,,Property Damage Only,0,0,0,0,0,0,1500,2,2,,POINT (-93.610349293384 42.017406333567)
2014793472,14004951,04/01/2014,04-April,3-Tuesday,16:21,1600 Hours,District 2 (Northeast),MASON CITY,CERRO GORDO,IA 122,IA 122/4TH ST SW & S POLK AVE,Collision with:  Vehicle in traffic,On Roadway,Rear-end (front to rear),Other (explain in narrative):  Other,None Indicated,,Daylight,Dry,Cloudy,None apparent,Non-intersection:  Non-junction/no special feature,Paved,,Property Damage Only,0,0,0,0,0,0,2500,2,2,,POINT (-93.216081283378 43.148352850153)
2014794460,,04/01/2014,04-April,3-Tuesday,09:37,0900 Hours,District 2 (Northeast),,WORTH,,495TH ST,Collision with fixed object:  Bridge overhead structure,On Roadway,Non-collision (single vehicle),Ran off road - right,None Indicated,,Daylight,Dry,Clear,None apparent,Non-intersection:  Other non-intersection (explain in narrative),Paved,,Property Damage Only,0,0,0,0,0,0,5100,1,1,,POINT (-93.257399751035 43.480527668237)
2014792955,14-1527,04/01/2014,04-April,3-Tuesday,12:52,1200 Hours,District 1 (Central),WEST DES MOINES,POLK,,NW 118TH ST & UNIVERSITY AVE,Collision with:  Vehicle in traffic,On Roadway,Broadside (front to side),Ran Traffic Signal,None Indicated,,Daylight,Dry,Clear,None apparent,Intersection:  Four-way intersection,Paved,,Property Damage Only,0,0,0,0,0,0,7000,2,7,,POINT (-93.781613783831 41.600439424671)
2014801685,,04/01/2014,04-April,3-Tuesday,09:27,0900 Hours,District 5 (Southeast),,MUSCATINE,IA 38,IA 38/IOWA 38 & Co Rd F70/155TH ST,Non-collision events:  Overturn/rollover,On Roadway,Non-collision (single vehicle),Unknown,None Indicated,,Daylight,Dry,Severe winds,None apparent,Intersection:  Four-way intersection,Paved,,Property Damage Only,0,0,0,0,0,0,8000,1,1,,POINT (-91.038932450766 41.507973671509)
2014792905,14-10726,04/01/2014,04-April,3-Tuesday,15:45,1500 Hours,District 5 (Southeast),BURLINGTON,DES MOINES,,PINE ST & 10TH ST,Collision with:  Vehicle in traffic,On Roadway,Broadside (front to side),FTYROW:  At uncontrolled intersection,None Indicated,,Daylight,Dry,Cloudy,None apparent,Intersection:  Four-way intersection,Paved,,Possible/Unknown,0,1,0,0,1,0,5500,2,3,,POINT (-91.109399954359 40.797619826053)
2014792945,20140008527,04/01/2014,04-April,3-Tuesday,07:15,0700 Hours,District 1 (Central),DES MOINES,POLK,,LOCUST ST & 10TH ST,Collision with:  Vehicle in traffic,On Roadway,"Sideswipe, same direction",FTYROW:  Making right turn on red signal,None Indicated,,Daylight,Dry,Clear,None apparent,Intersection:  Four-way intersection,Paved,,Property Damage Only,0,0,0,0,0,0,2000,2,2,,POINT (-93.629853721109 41.585824543908)
2014793249,14-0933,04/01/2014,04-April,3-Tuesday,13:51,1300 Hours,District 1 (Central),FORT DODGE,WEBSTER,,1ST AVE S & S 6TH ST,Collision with:  Parked motor vehicle,On Roadway,Rear-end (front to rear),Illegally Parked/Unattended,None Indicated,,Daylight,Dry,Clear,None apparent,Non-intersection:  Non-junction/no special feature,Paved,,Property Damage Only,0,0,0,0,0,0,1700,2,1,,POINT (-94.189798521213 42.503702307047)
2014792943,20140008531,04/01/2014,04-April,3-Tuesday,08:28,0800 Hours,District 1 (Central),DES MOINES,POLK,,DRAKE PARK AVE & 24TH ST,Collision with:  Parked motor vehicle,On Roadway,Broadside (front to side),Equipment failure,None Indicated,,Daylight,Dry,Clear,None apparent,Non-intersection:  Non-junction/no special feature,Paved,,Property Damage Only,0,0,0,0,0,0,2900,2,0,,POINT (-93.649699747144 41.598063034354)
2014794040,2014020651,04/01/2014,04-April,3-Tuesday,14:20,1400 Hours,District 4 (Southwest),,ADAIR,I-80,I-80,Non-collision events:  Overturn/rollover,On Roadway,Non-collision (single vehicle),Ran off road - right,None Indicated,,Daylight,Dry,Cloudy,None apparent,Non-intersection:  Non-junction/no special feature,Paved,,Minor Injury,0,1,0,1,0,0,80200,1,1,,POINT (-94.422382976285 41.495912892813)
2014794126,14-001987,04/01/2014,04-April,3-Tuesday,16:55,1600 Hours,District 3 (Northwest),,MONONA,,Co Rd K64/K64,Non-collision events:  Overturn/rollover,Outside trafficway,Non-collision (single vehicle),Crossed centerline (undivided),None Indicated,,Daylight,Dry,Cloudy,None apparent,Non-intersection:  Non-junction/no special feature,Paved,,Possible/Unknown,0,1,0,0,1,0,9500,1,1,,POINT (-96.097222275912 42.172036055752)
2014793559,14-9611,04/01/2014,04-April,3-Tuesday,08:39,0800 Hours,District 3 (Northwest),SIOUX CITY,WOODBURY,,LEECH AVE & S RUSTIN ST,Collision with:  Vehicle in traffic,On Roadway,"Angle, oncoming left turn",FTYROW:  From yield sign,None Indicated,,Daylight,Dry,Clear,None apparent,Intersection:  Four-way intersection,Paved,,Property Damage Only,0,0,0,0,0,0,5500,2,3,,POINT (-96.371539667209 42.487679501174)
2014793251,S14-3147,04/01/2014,04-April,3-Tuesday,06:26,0600 Hours,District 3 (Northwest),,WOODBURY,US 20,US 20 & TAYLOR AVE,Collision with:  Animal,,,Animal,None Indicated,,,,,,,Paved,,Property Damage Only,0,0,0,0,0,0,1800,1,777,,POINT (-95.708285907478 42.474842452047)
2014793767,14-0354,04/01/2014,04-April,3-Tuesday,10:00,1000 Hours,District 1 (Central),CLIVE,POLK,US 6,US 6/HICKMAN RD & 128TH ST & NW 128TH ST,Collision with:  Vehicle in traffic,On Roadway,Rear-end (front to rear),Lost Control,None Indicated,,Daylight,Dry,Clear,None apparent,Intersection:  Four-way intersection,Paved,,Property Damage Only,0,0,0,0,0,0,9500,3,4,,POINT (-93.791594930749 41.614944751655)
2014793890,2014020709,04/01/2014,04-April,3-Tuesday,20:00,2000 Hours,District 5 (Southeast),,HENRY,,Co Rd W66/OASIS AVE,Collision with:  Animal,,Non-collision (single vehicle),Animal,None Indicated,,,,,,,Paved,,Property Damage Only,0,0,0,0,0,0,10000,1,1,,POINT (-91.437913761101 41.137833976925)
2014793578,2014020701,04/01/2014,04-April,3-Tuesday,18:17,1800 Hours,District 6 (East Central),,JACKSON,IA 64,IA 64/HWY 64 & Co Rd Y46/142 AVE,Collision with fixed object:  Ditch,Roadside,Non-collision (single vehicle),Made improper turn,Refused,,Daylight,Dry,Cloudy,None apparent,Intersection:  T-intersection,Paved,,Property Damage Only,0,0,0,0,0,0,1500,1,1,,POINT (-90.73289101793 42.055651396491)
2014795489,14-7837,04/01/2014,04-April,3-Tuesday,17:28,1700 Hours,District 1 (Central),NEWTON,JASPER,,S 7TH AVE E,Collision with:  Vehicle in traffic,On Roadway,Rear-end (front to rear),"Operating vehicle in an reckless, erratic, careless, negligent manner",None Indicated,,Daylight,Dry,Clear,None apparent,Non-intersection:  Non-junction/no special feature,Paved,,Property Damage Only,0,0,0,0,0,0,1800,2,2,,POINT (-93.028444722734 41.693363244969)
2014793469,14001867,04/01/2014,04-April,3-Tuesday,07:12,0700 Hours,District 2 (Northeast),,CERRO GORDO,,Co Rd S14/BALSAM AVE & 242ND ST,Collision with fixed object:  Ditch,On Roadway,Non-collision (single vehicle),Ran off road - left,None Indicated,,Daylight,Dry,Cloudy,None apparent,Non-intersection:  Non-junction/no special feature,Paved,,Possible/Unknown,0,1,0,0,1,0,13000,1,1,,POINT (-93.477522530212 43.115692223018)
2014792938,14-2129,04/01/2014,04-April,3-Tuesday,12:35,1200 Hours,District 1 (Central),GRIMES,POLK,,SE 37TH ST & SE MIEHE DR,Collision with:  Vehicle in traffic,On Roadway,"Sideswipe, same direction",FTYROW:  Other (explain in narrative),None Indicated,,Daylight,Dry,Cloudy,None apparent,Intersection:  T-intersection,Paved,,Property Damage Only,0,0,0,0,0,0,5750,2,2,,POINT (-93.766809878574 41.658509167526)
2014793919,14-031547,04/01/2014,04-April,3-Tuesday,21:32,2100 Hours,District 2 (Northeast),,BLACK HAWK,US 218,US 218,Collision with:  Animal,,,Animal,None Indicated,,,,,,,Paved,,Property Damage Only,0,0,0,0,0,0,3000,1,1,,POINT (-92.433944886871 42.585777291376)
2014793336,201404534,04/01/2014,04-April,3-Tuesday,18:37,1800 Hours,District 6 (East Central),CEDAR RAPIDS,LINN,,12TH ST SW,Collision with:  Animal,On Roadway,Non-collision (single vehicle),Animal,None Indicated,,Daylight,Dry,Cloudy,None apparent,Non-intersection:  Alley,Paved,,Major Injury,0,1,1,0,0,0,2000,1,1,,POINT (-91.685769165338 41.960375467761)
2014792937,14-2128,04/01/2014,04-April,3-Tuesday,13:30,1300 Hours,District 1 (Central),BONDURANT,POLK,,2ND ST SE & MAIN ST SE,Collision with:  Vehicle in traffic,On Roadway,Broadside (front to side),FTYROW:  From stop sign,None Indicated,,Daylight,Dry,Clear,None apparent,Intersection:  Four-way intersection,Paved,,Property Damage Only,0,0,0,0,0,0,11000,2,2,,POINT (-93.461961467544 41.699616973633)
2014793532,2014-19442,04/01/2014,04-April,3-Tuesday,00:52,0000 Hours,District 6 (East Central),DAVENPORT,SCOTT,,IA 461/HARRISON ST,Non-collision events:  Other non-collision (explain in narrative),On Roadway,Non-collision (single vehicle),Ran off road - right,None Indicated,,Dark - roadway lighted,Dry,Clear,None apparent,Non-intersection:  Non-junction/no special feature,Paved,,Possible/Unknown,0,1,0,0,1,0,10000,1,1,,POINT (-90.576660170968 41.549153037115)
2014793259,2014020680,04/01/2014,04-April,3-Tuesday,15:50,1500 Hours,District 6 (East Central),,IOWA,US 151,US 151/W AVE & Co Rd F12/110TH ST,Collision with:  Vehicle in traffic,On Roadway,Rear-end (front to rear),Crossed centerline (undivided),None Indicated,,Daylight,Dry,Cloudy,None apparent,Intersection:  Four-way intersection,Paved,,Major Injury,0,3,2,1,0,0,16500,3,4,,POINT (-91.869999096627 41.846664721451)
2014793057,01-14-13415,04/01/2014,04-April,3-Tuesday,17:38,1700 Hours,District 6 (East Central),DUBUQUE,DUBUQUE,,GRANDVIEW AVE S,Collision with:  Vehicle in traffic,On Roadway,Broadside (front to side),FTYROW:  From driveway,None Indicated,,Daylight,Dry,Cloudy,None apparent,Non-intersection:  Driveway access (within),Paved,,Property Damage Only,0,0,0,0,0,0,3000,2,2,,POINT (-90.675270565556 42.478550511262)
2014794078,14-4364,04/01/2014,04-April,3-Tuesday,15:25,1500 Hours,District 3 (Northwest),SPENCER,CLAY,,2ND AVE SW,Collision with:  Vehicle in traffic,On Roadway,"Sideswipe, same direction",Driver Distraction:  Reaching for object(s)/fallen object(s),None Indicated,,Daylight,Dry,Cloudy,None apparent,Non-intersection:  Non-junction/no special feature,Paved,,Property Damage Only,0,0,0,0,0,0,5800,2,2,,POINT (-95.146702290027 43.129495472682)
2014793907,,04/01/2014,04-April,3-Tuesday,16:00,1600 Hours,District 6 (East Central),CEDAR RAPIDS,LINN,,,Collision with:  Vehicle in traffic,On Roadway,Rear-end (front to rear),Unknown,None Indicated,,Daylight,Dry,Cloudy,,Intersection:  Four-way intersection,,,Property Damage Only,0,0,0,0,0,0,3500,2,3,,POINT (-96.643700149993 40.233091251414)
2014798721,S14-D0202,04/02/2014,04-April,4-Wednesday,13:25,1300 Hours,District 5 (Southeast),,CLARKE,US 69,US 69 & Co Rd R50/PACIFIC ST,Collision with:  Vehicle in traffic,On Roadway,Unknown,FTYROW:  From stop sign,None Indicated,,Daylight,Dry,Clear,Non-highway work,Intersection:  Other intersection (explain in narrative),Paved,,Property Damage Only,0,0,0,0,0,0,3000,2,2,,POINT (-93.689901004809 41.121777669103)
2014793371,14-000377,04/02/2014,04-April,4-Wednesday,16:14,1600 Hours,District 1 (Central),JOHNSTON,POLK,,CRESCENT CHASE & NW 62ND AVE,Collision with:  Vehicle in traffic,On Roadway,Broadside (front to side),FTYROW:  From stop sign,None Indicated,,Daylight,Dry,Cloudy,None apparent,Intersection:  Four-way intersection,Paved,,Property Damage Only,0,0,0,0,0,0,2500,2,2,,POINT (-93.738714523616 41.672996456635)
2014793832,14-6018,04/02/2014,04-April,4-Wednesday,17:09,1700 Hours,District 6 (East Central),BETTENDORF,SCOTT,,MIDDLE RD & DEVILS GLEN RD,Collision with:  Vehicle in traffic,On Roadway,"Angle, oncoming left turn",Unknown,None Indicated,,Daylight,Dry,Clear,None apparent,Intersection:  Four-way intersection,Paved,,Property Damage Only,0,0,0,0,0,0,2000,2,2,,POINT (-90.48363896317 41.551566975965)
2014793355,20140008685,04/02/2014,04-April,4-Wednesday,14:06,1400 Hours,District 1 (Central),DES MOINES,POLK,,COURT AVE & 4TH ST,Collision with:  Vehicle in traffic,On Roadway,"Angle, oncoming left turn",FTYROW:  Making left turn,None Indicated,,Daylight,Dry,Clear,None apparent,Intersection:  Four-way intersection,Paved,,Possible/Unknown,0,1,0,0,1,0,1300,2,2,,POINT (-93.621675875782 41.585013364078)
2014793664,01-14-13486,04/02/2014,04-April,4-Wednesday,09:00,0900 Hours,District 6 (East Central),DUBUQUE,DUBUQUE,US 20,US 20/DODGE ST & CENTURY DR,Collision with:  Vehicle in traffic,On Roadway,Rear-end (front to rear),Followed too close,None Indicated,,Daylight,Dry,Clear,Work Zone (roadway-related),Intersection:  Other intersection (explain in narrative),Paved,Yes,Property Damage Only,0,0,0,0,0,0,8000,2,2,,POINT (-90.723763866541 42.491915600964)
2014793476,14005019,04/02/2014,04-April,4-Wednesday,20:18,2000 Hours,District 2 (Northeast),MASON CITY,CERRO GORDO,,S TAFT AVE & FRONTAGE RD N,Collision with:  Vehicle in traffic,On Roadway,Broadside (front to side),FTYROW:  From stop sign,None Indicated,,Dark - roadway lighted,Dry,Cloudy,None apparent,Intersection:  T-intersection,Paved,,Property Damage Only,0,0,0,0,0,0,2700,2,2,,POINT (-93.240617903991 43.148736115011)
2014793537,2014-19855,04/02/2014,04-April,4-Wednesday,13:41,1300 Hours,District 6 (East Central),DAVENPORT,SCOTT,,E 10TH ST & LE CLAIRE ST,Collision with:  Vehicle in traffic,On Roadway,Broadside (front to side),Ran Stop Sign,None Indicated,,Daylight,Dry,Clear,None apparent,Intersection:  Four-way intersection,Paved,,Property Damage Only,0,0,0,0,0,0,6900,2,3,,POINT (-90.568198987883 41.529880740447)
2014796150,14-000392,04/02/2014,04-April,4-Wednesday,20:01,2000 Hours,District 1 (Central),,STORY,,Co Rd S27/650TH AVE,Collision with:  Animal,On Roadway,Non-collision (single vehicle),Animal,None Indicated,,Dark - roadway not lighted,Dry,Rain,None apparent,Non-intersection:  Non-junction/no special feature,Paved,,Property Damage Only,0,0,0,0,0,0,3000,1,2,,POINT (-93.405824496983 41.972341699267)
2014793226,20140008654,04/02/2014,04-April,4-Wednesday,09:35,0900 Hours,District 1 (Central),DES MOINES,POLK,,BOYD ST & E 42ND ST,Collision with:  Vehicle in traffic,On Roadway,Broadside (front to side),FTYROW:  From stop sign,None Indicated,,Daylight,Dry,Clear,None apparent,Intersection:  Four-way intersection,Paved,,Minor Injury,0,1,0,1,0,0,5800,2,2,,POINT (-93.532104250756 41.622761797157)
2014806805,32025-14,04/02/2014,04-April,4-Wednesday,17:20,1700 Hours,District 3 (Northwest),,EMMET,IA 9,IA 9/IOWA 9 & Co Rd N22/340 AVE,Collision with fixed object:  Other fixed object (explain in narrative),On Roadway,Non-collision (single vehicle),Other (explain in narrative):  No improper action,None Indicated,,Daylight,Dry,Clear,None apparent,Non-intersection:  Railroad grade crossing,Paved,,Property Damage Only,0,0,0,0,0,0,12500,1,1,,POINT (-94.914396569836 43.422325835612)
2014793667,02-14-5308,04/02/2014,04-April,4-Wednesday,19:50,1900 Hours,District 6 (East Central),DUBUQUE,DUBUQUE,US 52,US 52,Collision with:  Animal,,,Animal,None Indicated,,,,,,,Paved,,Property Damage Only,0,0,0,0,0,0,2000,1,1,,POINT (-90.629955836199 42.430164228049)
2014793394,14-012629,04/02/2014,04-April,4-Wednesday,08:28,0800 Hours,District 4 (Southwest),COUNCIL BLUFFS,POTTAWATTAMIE,US 6,US 6/W BROADWAY,Collision with:  Vehicle in traffic,On Roadway,Broadside (front to side),FTYROW:  From driveway,None Indicated,,Daylight,Dry,Cloudy,None apparent,Non-intersection:  Driveway access (within),Paved,,Property Damage Only,0,0,0,0,0,0,3000,2,2,,POINT (-95.897134534144 41.261920990909)
2014793586,,04/02/2014,04-April,4-Wednesday,09:17,0900 Hours,District 4 (Southwest),,MILLS,,BUNGE AVE,Collision with:  Vehicle in traffic,On Roadway,Rear-end (front to rear),Driver Distraction:  Inattentive/lost in thought,None Indicated,,Daylight,Dry,Cloudy,None apparent,Non-intersection:  Non-junction/no special feature,Paved,,Minor Injury,0,1,0,1,0,0,11000,2,2,,POINT (-95.82987337519 41.149285406615)
2014794386,201401017,04/02/2014,04-April,4-Wednesday,16:37,1600 Hours,District 6 (East Central),,LINN,US 151,US 151,Non-collision events:  Other non-collision (explain in narrative),On Roadway,Non-collision (single vehicle),Ran off road - left,None Indicated,,Daylight,Dry,Cloudy,None apparent,Non-intersection:  Non-junction/no special feature,Paved,,Possible/Unknown,0,1,0,0,1,0,3500,1,1,,POINT (-91.553897553521 41.955790778051)
2014793770,20140008726,04/02/2014,04-April,4-Wednesday,19:59,1900 Hours,District 1 (Central),DES MOINES,POLK,,E 13TH ST,Collision with fixed object:  Utility pole/light support,Roadside,Non-collision (single vehicle),Ran off road - right,Alcohol (Statutory),,Dusk,Dry,Cloudy,None apparent,Non-intersection:  Non-junction/no special feature,Paved,,Possible/Unknown,0,1,0,0,0,1,5001,1,1,,POINT (-93.6033225549 41.608430887874)
2014793424,2014-19874,04/02/2014,04-April,4-Wednesday,14:50,1400 Hours,District 6 (East Central),DAVENPORT,SCOTT,US 67,US 67/NW LOOP & IA 461/W RIVER DR,Collision with:  Vehicle in traffic,On Roadway,Broadside (front to side),FTYROW:  From stop sign,None Indicated,,Daylight,Dry,Cloudy,None apparent,Intersection:  Other intersection (explain in narrative),Paved,,Property Damage Only,0,0,0,0,0,0,9500,2,4,,POINT (-90.584500754937 41.520182328339)
2014793296,14-10485,04/02/2014,04-April,4-Wednesday,16:30,1600 Hours,District 5 (Southeast),BURLINGTON,DES MOINES,,WEST AVE & HAGEMANN AVE,Collision with:  Vehicle in traffic,On Roadway,Rear-end (front to rear),Unknown,None Indicated,,Daylight,Wet,Rain,None apparent,Intersection:  Four-way intersection,Paved,,Property Damage Only,0,0,0,0,0,0,5500,2,2,,POINT (-91.125943217106 40.800285876553)