Iowa DOT Case Number,Law Enforcement Case Number,Date of Crash,Month of Crash,Day of Week,Time of Crash,Hour,DOT District,City Name,County Name,Route with System,Location Description,First Harmful Event,Location of First Harmful Event,Manner of Crash/Collision,Major Cause,Drug or Alcohol ,Environmental Conditions,Light Conditions,Surface Conditions,Weather Conditions,Roadway Contribution,Roadway Type,Roadway Surface,Work Zone,Crash Severity,Number of Fatalities,Number of Injuries,Number of Major Injuries,Number of Minor Injuries,Number of Possible Injuries,Number of Unknown Injuries,Amount of Property Damage,Number of Vehicles Involved,Total Number of Occupants,Travel Direction,Location
2014795298,01-14-13473,04/02/2014,04-April,4-Wednesday,07:38,0700 Hours,District 6 (East Central),DUBUQUE,DUBUQUE,US 52,US 52/CENTRAL AVE & W 13TH ST & E 13TH ST,Collision with:  Vehicle in traffic,On Roadway,Broadside (front to side),FTYROW:  From stop sign,None Indicated,,Daylight,Dry,Clear,None apparent,Intersection:  Four-way intersection,Paved,,Property Damage Only,0,0,0,0,0,0,3500,2,5,,POINT (-90.667309033607 42.505530420091)
2014793326,14-008994,04/02/2014,04-April,4-Wednesday,00:15,0000 Hours,District 5 (Southeast),,LEE,,Co Rd J48/180 ST & 308 AVE,Collision with:  Animal,,,Animal,Refused,,,,,,,Paved,,Property Damage Only,0,0,0,0,0,0,10000,1,777,,POINT (-91.316963667936 40.696179504785)
2014800752,,04/02/2014,04-April,4-Wednesday,19:55,1900 Hours,District 2 (Northeast),DECORAH,WINNESHIEK,IA 9,IA 9/IOWA 9,Collision with:  Animal,On Roadway,Non-collision (single vehicle),Animal,None Indicated,,Dark - roadway not lighted,Dry,Rain,None apparent,Non-intersection:  Non-junction/no special feature,Paved,,Property Damage Only,0,0,0,0,0,0,2000,1,2,,POINT (-91.786556237507 43.289896919384)
2014793351,14-001448,04/02/2014,04-April,4-Wednesday,11:42,1100 Hours,District 1 (Central),ANKENY,POLK,US 69,US 69/S ANKENY BLVD & SE PETERSON DR,Collision with:  Vehicle in traffic,On Roadway,Broadside (front to side),FTYROW:  From stop sign,None Indicated,,Daylight,Dry,Cloudy,None apparent,Intersection:  T-intersection,Paved,,Property Damage Only,0,0,0,0,0,0,4335,2,2,,POINT (-93.6003898713 41.726908045655)
2014850973,14002311,04/02/2014,04-April,4-Wednesday,05:50,0500 Hours,District 5 (Southeast),,LOUISA,US 61,US 61,Collision with:  Animal,,,Animal,None Indicated,,,,,,,Paved,,Property Damage Only,0,0,0,0,0,0,4840,1,1,,POINT (-91.200894890286 41.324149818163)
2014793533,2014-19812,04/02/2014,04-April,4-Wednesday,10:33,1000 Hours,District 6 (East Central),DAVENPORT,SCOTT,US 6,US 6/E KIMBERLY RD & DAVENPORT AVE,Collision with:  Vehicle in traffic,On Roadway,Rear-end (front to rear),Other (explain in narrative):  Other,None Indicated,,Daylight,Dry,Cloudy,None apparent,Intersection:  Four-way intersection,Paved,,Property Damage Only,0,0,0,0,0,0,5000,2,2,,POINT (-90.563555246712 41.55874694577)
2014794293,2014-6343,04/02/2014,04-April,4-Wednesday,09:13,0900 Hours,District 6 (East Central),,SCOTT,,SLOPERTOWN RD & 130 AVE,Collision with:  Vehicle in traffic,On Roadway,Broadside (front to side),Ran Stop Sign,None Indicated,,Daylight,Dry,Clear,None apparent,Intersection:  Four-way intersection,Paved,,Property Damage Only,0,0,0,0,0,0,4500,2,2,,POINT (-90.646656139638 41.628305853789)
2014793363,20140008708,04/02/2014,04-April,4-Wednesday,17:32,1700 Hours,District 1 (Central),DES MOINES,POLK,,MLK JR PKWY,Collision with:  Vehicle in traffic,On Roadway,Rear-end (front to rear),Followed too close,None Indicated,,Daylight,Dry,Cloudy,None apparent,Non-intersection:  Non-junction/no special feature,Paved,,Property Damage Only,0,0,0,0,0,0,4000,2,2,,POINT (-93.644822159413 41.580598424865)
2014793373,14-000676,04/02/2014,04-April,4-Wednesday,09:00,0900 Hours,District 1 (Central),ALTOONA,POLK,,5TH AVE NW,Collision with:  Vehicle in traffic,On Roadway,Broadside (front to side),FTYROW:  From stop sign,None Indicated,,Daylight,Dry,Cloudy,None apparent,Intersection:  Four-way intersection,Paved,,Property Damage Only,0,0,0,0,0,0,6500,2,4,,POINT (-93.470506635741 41.660049987967)
2014797231,,04/02/2014,04-April,4-Wednesday,11:32,1100 Hours,District 2 (Northeast),HAMPTON,FRANKLIN,US 65,US 65/4TH ST SE/4TH ST NE & IA 3/CENTRAL AVE E,Collision with:  Vehicle in traffic,On Roadway,Broadside (front to side),Improper Backing,None Indicated,,Daylight,Dry,Cloudy,None apparent,Intersection:  Four-way intersection,Paved,,Property Damage Only,0,0,0,0,0,0,1768,2,2,,POINT (-93.202483296186 42.741875199822)
2014793482,142661,04/02/2014,04-April,4-Wednesday,21:00,2100 Hours,District 4 (Southwest),,DALLAS,I-80,I-80,Collision with:  Other non-fixed object (explain in narrative),On Roadway,Non-collision (single vehicle),Swerving/Evasive Action,None Indicated,,Dark - roadway not lighted,Dry,Cloudy,Obstruction in roadway,Non-intersection:  Non-junction/no special feature,Paved,,Property Damage Only,0,0,0,0,0,0,5000,2,3,,POINT (-94.025969841572 41.538584641133)
2014797580,C14001015,04/02/2014,04-April,4-Wednesday,19:55,1900 Hours,District 6 (East Central),CORALVILLE,JOHNSON,IA 965,IA 965/CORAL RIDGE AVE,Collision with:  Vehicle in traffic,On Roadway,"Sideswipe, same direction",Other (explain in narrative):  Other,None Indicated,,Dark - roadway lighted,Dry,Cloudy,None apparent,Intersection:  Four-way intersection,Paved,,Property Damage Only,0,0,0,0,0,0,2500,2,2,,POINT (-91.608467466137 41.695795021145)
2014793567,14-9764,04/02/2014,04-April,4-Wednesday,17:45,1700 Hours,District 3 (Northwest),SIOUX CITY,WOODBURY,,18TH ST & 19TH ST & FLOYD BLVD,Collision with:  Vehicle in traffic,On Roadway,"Sideswipe, same direction",FTYROW:  Other (explain in narrative),None Indicated,,Daylight,Dry,Cloudy,None apparent,Intersection:  Four-way intersection,Paved,,Property Damage Only,0,0,0,0,0,0,4000,2,2,,POINT (-96.391510125587 42.510276166132)
2014795186,14-4176,04/02/2014,04-April,4-Wednesday,12:52,1200 Hours,District 6 (East Central),BELLEVUE,JACKSON,US 52,US 52/GREAT RIVER RD,Collision with fixed object:  Ditch,Roadside,Non-collision (single vehicle),Ran off road - right,None Indicated,,Daylight,Dry,Clear,None apparent,Non-intersection:  Non-junction/no special feature,Paved,,Possible/Unknown,0,1,0,0,1,0,4000,1,1,,POINT (-90.461757251305 42.309213533022)
2014795125,2014020806,04/02/2014,04-April,4-Wednesday,12:53,1200 Hours,District 4 (Southwest),,POTTAWATTAMIE,IA 92,IA 92/IOWA 92 & CONCORD LOOP,Collision with:  Vehicle in traffic,On Roadway,Broadside (front to side),FTYROW:  From stop sign,None Indicated,,Daylight,Dry,Cloudy,None apparent,Intersection:  Other intersection (explain in narrative),Paved,,Major Injury,0,3,1,2,0,0,12000,2,3,,POINT (-95.79464649619 41.232933862822)
2014793342,14006617,04/02/2014,04-April,4-Wednesday,14:40,1400 Hours,District 6 (East Central),MARION,LINN,,10TH AVE,Collision with:  Vehicle in traffic,On Roadway,"Sideswipe, same direction",Other (explain in narrative):  No improper action,None Indicated,,Daylight,Dry,Cloudy,None apparent,Non-intersection:  Non-junction/no special feature,Paved,,Property Damage Only,0,0,0,0,0,0,2000,2,2,,POINT (-91.569767183987 42.035993234066)
2014801847,,04/02/2014,04-April,4-Wednesday,02:47,0200 Hours,District 5 (Southeast),,MUSCATINE,US 6,US 6,Collision with fixed object:  Ditch,On Roadway,Non-collision (single vehicle),Swerving/Evasive Action,None Indicated,,Dark - roadway not lighted,,Clear,,,Paved,,Property Damage Only,0,0,0,0,0,0,5000,1,1,,POINT (-91.348493725116 41.58745032884)
2014797717,14046280,04/02/2014,04-April,4-Wednesday,07:23,0700 Hours,District 6 (East Central),,JOHNSON,,,Collision with:  Vehicle in traffic,On Roadway,Broadside (front to side),Driver Distraction:  Manual operation of an electronic communication device,None Indicated,,Daylight,Dry,Cloudy,None apparent,Non-intersection:  Driveway access (within),,,Property Damage Only,0,0,0,0,0,0,6750,2,3,,POINT (-96.643700149993 40.233091251414)
2014793316,C14001006,04/02/2014,04-April,4-Wednesday,07:25,0700 Hours,District 6 (East Central),CORALVILLE,JOHNSON,,1ST AVE,Collision with:  Vehicle in traffic,On Roadway,Rear-end (front to rear),Followed too close,None Indicated,,Daylight,Dry,Cloudy,None apparent,Non-intersection:  Non-junction/no special feature,Paved,,Property Damage Only,0,0,0,0,0,0,4000,2,4,,POINT (-91.565286804168 41.68348303901)
2014793357,20140008695,04/02/2014,04-April,4-Wednesday,15:45,1500 Hours,District 1 (Central),DES MOINES,POLK,,FOREST AVE & 31ST ST,Collision with:  Vehicle in traffic,On Roadway,Rear-end (front to rear),Unknown,None Indicated,,Daylight,Dry,Cloudy,None apparent,Non-intersection:  Non-junction/no special feature,Paved,,Property Damage Only,0,0,0,0,0,0,5800,2,7,,POINT (-93.659731685819 41.603995707509)
2014793325,14-008984,04/02/2014,04-April,4-Wednesday,23:02,2300 Hours,District 5 (Southeast),,LEE,,Co Rd J40/CO RD 103,Collision with:  Animal,On Roadway,Head-on (front to front),Animal,None Indicated,,Dark - roadway not lighted,Dry,Clear,None apparent,Non-intersection:  Non-junction/no special feature,Paved,,Property Damage Only,0,0,0,0,0,0,5000,2,2,,POINT (-91.340322917641 40.657701571528)
2014793374,14-000679,04/02/2014,04-April,4-Wednesday,11:25,1100 Hours,District 1 (Central),ALTOONA,POLK,,8TH ST SW,Collision with:  Vehicle in traffic,On Roadway,"Angle, oncoming left turn",FTYROW:  Making left turn,None Indicated,,Daylight,Dry,Cloudy,None apparent,Intersection:  Four-way intersection,Paved,,Property Damage Only,0,0,0,0,0,0,5000,2,2,,POINT (-93.503052294203 41.644095556367)
2014793338,201404566,04/02/2014,04-April,4-Wednesday,13:20,1300 Hours,District 6 (East Central),CEDAR RAPIDS,LINN,,30TH ST DR SE,Collision with:  Vehicle in traffic,On Roadway,"Sideswipe, same direction",FTYROW:  From parked position,None Indicated,,Daylight,Dry,Cloudy,None apparent,Non-intersection:  Non-junction/no special feature,Paved,,Property Damage Only,0,0,0,0,0,0,3500,2,6,,POINT (-91.629775947703 42.007229604507)
2014796032,14-004613,04/02/2014,04-April,4-Wednesday,05:36,0500 Hours,District 6 (East Central),,CEDAR,,Co Rd F36/CEDAR VALLEY RD,Collision with:  Animal,,,Animal,None Indicated,,,,,,,Paved,,Property Damage Only,0,0,0,0,0,0,3500,1,1,,POINT (-91.241334738828 41.734939608398)
2014793304,14-007888,04/02/2014,04-April,4-Wednesday,09:00,0900 Hours,District 1 (Central),,JASPER,,Co Rd F58/S 68TH AVE W,Non-collision events:  Overturn/rollover,On Roadway,Non-collision (single vehicle),Swerving/Evasive Action,None Indicated,,Daylight,Dry,Cloudy,None apparent,Non-intersection:  Non-junction/no special feature,Unpaved,,Property Damage Only,0,0,0,0,0,0,5000,1,1,,POINT (-93.11295790446 41.615570028353)
2014793564,14-9699,04/02/2014,04-April,4-Wednesday,07:39,0700 Hours,District 3 (Northwest),SIOUX CITY,WOODBURY,,S LAKEPORT ST,Collision with:  Vehicle in traffic,On Roadway,"Sideswipe, same direction",FTYROW:  Other (explain in narrative),None Indicated,,Daylight,Dry,Clear,None apparent,Intersection:  Four-way intersection,Paved,,Property Damage Only,0,0,0,0,0,0,3500,2,5,,POINT (-96.346434517293 42.464986277339)
2014793341,201404559,04/02/2014,04-April,4-Wednesday,10:49,1000 Hours,District 6 (East Central),CEDAR RAPIDS,LINN,,21ST AVE SW,Collision with fixed object:  Utility pole/light support,Shoulder,Non-collision (single vehicle),Ran off road - right,None Indicated,,Daylight,Dry,Clear,None apparent,Non-intersection:  Non-junction/no special feature,Paved,,Possible/Unknown,0,1,0,0,1,0,6000,1,1,,POINT (-91.656349257542 41.963286204672)
2014793566,14-9761,04/02/2014,04-April,4-Wednesday,17:19,1700 Hours,District 3 (Northwest),SIOUX CITY,WOODBURY,,5TH ST & PIERCE ST,Collision with:  Vehicle in traffic,On Roadway,Rear-end (front to rear),Driver Distraction:  Manual operation of an electronic communication device,None Indicated,,Daylight,Dry,Cloudy,None apparent,Intersection:  Four-way intersection,Paved,,Property Damage Only,0,0,0,0,0,0,2000,2,2,,POINT (-96.404934016469 42.495263400012)
2014794110,14046604,04/02/2014,04-April,4-Wednesday,17:52,1700 Hours,District 6 (East Central),TIFFIN,JOHNSON,US 6,US 6 & ROBERTS FERRY RD,Collision with:  Vehicle in traffic,On Roadway,"Angle, oncoming left turn",FTYROW:  Making left turn,None Indicated,,Daylight,Wet,Rain,None apparent,Intersection:  T-intersection,Paved,,Property Damage Only,0,0,0,0,0,0,5000,2,2,,POINT (-91.666623089975 41.707229764195)
2014794958,2014020863,04/02/2014,04-April,4-Wednesday,18:18,1800 Hours,District 1 (Central),URBANDALE,POLK,I-35,I-35 & IA 141/IOWA 141,Collision with:  Vehicle in traffic,On Roadway,Rear-end (front to rear),Other (explain in narrative):  Other,None Indicated,,Daylight,Dry,Cloudy,None apparent,Intersection:  T-intersection,Paved,,Property Damage Only,0,0,0,0,0,0,2100,2,2,,POINT (-93.775051156974 41.650662735493)
2014793395,14-012670,04/02/2014,04-April,4-Wednesday,13:25,1300 Hours,District 4 (Southwest),COUNCIL BLUFFS,POTTAWATTAMIE,,BIG LAKE RD,Collision with fixed object:  Bridge overhead structure,On Roadway,Non-collision (single vehicle),Other (explain in narrative):  Disregarded Warning Sign,None Indicated,,Daylight,Dry,Cloudy,None apparent,Non-intersection:  Other non-intersection (explain in narrative),Paved,,Property Damage Only,0,0,0,0,0,0,6000,1,3,,POINT (-95.863721770072 41.284471881764)
2014793236,14003488,04/02/2014,04-April,4-Wednesday,08:25,0800 Hours,District 1 (Central),,TAMA,US 30,US 30,Collision with:  Animal,,,Animal,None Indicated,,,,,,,Paved,,Property Damage Only,0,0,0,0,0,0,3000,1,777,,POINT (-92.669334462459 41.999882002931)
2014793291,1404022791,04/02/2014,04-April,4-Wednesday,06:30,0600 Hours,District 6 (East Central),,CLINTON,IA 136,IA 136/IOWA 136,Collision with:  Animal,,Non-collision (single vehicle),Animal,None Indicated,,,,,,,Paved,,Property Damage Only,0,0,0,0,0,0,2500,1,777,,POINT (-90.531982638515 41.991895586237)
2014793927,14031683,04/02/2014,04-April,4-Wednesday,09:19,0900 Hours,District 2 (Northeast),CEDAR FALLS,BLACK HAWK,IA 27,IA 27 & GREENHILL RD,Collision with:  Vehicle in traffic,On Roadway,Rear-end (front to rear),Other (explain in narrative):  Other,None Indicated,,Daylight,Dry,Clear,None apparent,Intersection:  Four-way intersection,Paved,,Property Damage Only,0,0,0,0,0,0,2500,2,2,,POINT (-92.452778978593 42.498737897842)
2014793496,2014003007,04/02/2014,04-April,4-Wednesday,11:20,1100 Hours,District 1 (Central),MARSHALLTOWN,MARSHALL,IA 14,IA 14/S CENTER ST & IOWA AVE W (OLD US 30) & IOWA AVE E (OLD US 30),Collision with:  Vehicle in traffic,On Roadway,Broadside (front to side),FTYROW:  Making right turn on red signal,None Indicated,,Daylight,Dry,Clear,None apparent,Non-intersection:  Non-junction/no special feature,Paved,,Property Damage Only,0,0,0,0,0,0,3000,2,2,,POINT (-92.912364170058 42.006962700734)
2014793360,20140008733,04/02/2014,04-April,4-Wednesday,21:03,2100 Hours,District 1 (Central),DES MOINES,POLK,US 6,US 6/DOUGLAS AVE,Collision with:  Vehicle in traffic,On Roadway,Broadside (front to side),Made improper turn,None Indicated,,Dark - roadway lighted,Dry,Clear,None apparent,Non-intersection:  Non-junction/no special feature,Paved,,Property Damage Only,0,0,0,0,0,0,3500,2,2,,POINT (-93.654952568445 41.628621698741)
2014794041,2014020815,04/02/2014,04-April,4-Wednesday,13:52,1300 Hours,District 1 (Central),,JASPER,I-80,I-80,Non-collision events:  Other non-collision (explain in narrative),Roadside,Non-collision (single vehicle),Swerving/Evasive Action,None Indicated,,Daylight,Dry,Cloudy,None apparent,Non-intersection:  Non-junction/no special feature,Paved,,Property Damage Only,0,0,0,0,0,0,3000,1,2,,POINT (-93.33181676598 41.68126853946)
2014794479,,04/02/2014,04-April,4-Wednesday,15:55,1500 Hours,District 3 (Northwest),HINTON,PLYMOUTH,,,Collision with:  Vehicle in traffic,On Roadway,Broadside (front to side),FTYROW:  At uncontrolled intersection,None Indicated,,Daylight,Dry,Cloudy,None apparent,Non-intersection:  Alley,,,Property Damage Only,0,0,0,0,0,0,4500,2,2,,POINT (-96.643700149993 40.233091251414)
2014793321,2014003504,04/02/2014,04-April,4-Wednesday,11:51,1100 Hours,District 6 (East Central),IOWA CITY,JOHNSON,US 218,US 218/SW RAMP CURV/NW RAMP CURV & IA 1/IOWA 1,Collision with:  Vehicle in traffic,On Roadway,Broadside (front to side),Ran Traffic Signal,None Indicated,,Daylight,Dry,Cloudy,None apparent,Intersection:  Intersection with ramp,Paved,,Property Damage Only,0,0,0,0,0,0,8000,2,2,,POINT (-91.56911141055 41.632858059742)
2014804950,,04/02/2014,04-April,4-Wednesday,18:22,1800 Hours,District 2 (Northeast),NASHUA,CHICKASAW,IA 346,IA 346/SAMPLE ST,Collision with:  Vehicle in traffic,On Roadway,Rear-end (front to rear),FTYROW:  From driveway,None Indicated,,Daylight,Dry,Cloudy,None apparent,Non-intersection:  Driveway access (within),Paved,,Property Damage Only,0,0,0,0,0,0,1500,2,3,,POINT (-92.537407999893 42.954419715778)
2014793660,01-14-13530,04/02/2014,04-April,4-Wednesday,13:10,1300 Hours,District 6 (East Central),DUBUQUE,DUBUQUE,,VIZALEEA DR,Collision with:  Vehicle in traffic,On Roadway,"Sideswipe, same direction",FTYROW:  Other (explain in narrative),None Indicated,,Daylight,Dry,Cloudy,None apparent,Non-intersection:  Driveway access (within),Paved,,Property Damage Only,0,0,0,0,0,0,3000,2,3,,POINT (-90.729801031575 42.503634174289)
2014793229,14-1538,04/02/2014,04-April,4-Wednesday,13:50,1300 Hours,District 4 (Southwest),WEST DES MOINES,DALLAS,,WESTOWN PKWY,Non-collision events:  Other non-collision (explain in narrative),Unknown,"Sideswipe, opposite direction",Driver Distraction:  Inattentive/lost in thought,None Indicated,,Daylight,Dry,Cloudy,None apparent,Non-intersection:  Non-junction/no special feature,Paved,,Minor Injury,0,1,0,1,0,0,51900,2,1,,POINT (-93.802005591221 41.594957709734)
2014795124,2014020779,04/02/2014,04-April,4-Wednesday,09:45,0900 Hours,District 1 (Central),ANKENY,POLK,I-35,I-35 & I-80,Collision with:  Other non-fixed object (explain in narrative),On Roadway,Non-collision (single vehicle),Swerving/Evasive Action,None Indicated,,Daylight,Dry,Cloudy,Obstruction in roadway,Non-intersection:  Non-junction/no special feature,Paved,,Minor Injury,0,1,0,1,0,0,2556,2,3,,POINT (-93.572269267126 41.652571798031)
2014793926,14031658,04/02/2014,04-April,4-Wednesday,07:26,0700 Hours,District 2 (Northeast),CEDAR FALLS,BLACK HAWK,,22ND ST & WALNUT ST,Collision with:  Vehicle in traffic,On Roadway,Broadside (front to side),FTYROW:  From stop sign,None Indicated,,Daylight,Dry,Clear,None apparent,Intersection:  Four-way intersection,Paved,,Property Damage Only,0,0,0,0,0,0,2000,2,2,,POINT (-92.453416653042 42.517743242866)
2014796077,14001751,04/02/2014,04-April,4-Wednesday,12:05,1200 Hours,District 3 (Northwest),,OBRIEN,,Co Rd B40/400TH ST & Co Rd M12/VINE AVE,Non-collision events:  Overturn/rollover,On Roadway,Non-collision (single vehicle),Lost Control,None Indicated,,Daylight,Dry,Clear,None apparent,Intersection:  Four-way intersection,Paved,,Possible/Unknown,0,1,0,0,1,0,15000,1,1,,POINT (-95.487100095748 43.068645160659)
2014794008,14001529,04/02/2014,04-April,4-Wednesday,14:50,1400 Hours,District 1 (Central),AMES,STORY,,LINCOLN WAY,Collision with:  Vehicle in traffic,On Roadway,Rear-end (front to rear),Other (explain in narrative):  Other,None Indicated,,Daylight,Dry,Cloudy,None apparent,Non-intersection:  Non-junction/no special feature,Paved,,Property Damage Only,0,0,0,0,0,0,5000,3,4,,POINT (-93.666012851139 42.022843045395)
2014793293,CL14000959,04/02/2014,04-April,4-Wednesday,23:20,2300 Hours,District 6 (East Central),CLINTON,CLINTON,,10TH AVE S & S 5TH ST,Collision with:  Vehicle in traffic,On Roadway,Broadside (front to side),Ran Stop Sign,None Indicated,,Dark - roadway lighted,Dry,Clear,None apparent,Intersection:  Four-way intersection,Paved,,Property Damage Only,0,0,0,0,0,0,2000,2,2,,POINT (-90.195648682501 41.835312678418)
2014793358,20140008704,04/02/2014,04-April,4-Wednesday,16:46,1600 Hours,District 1 (Central),DES MOINES,POLK,,58TH DR & 56TH ST,Collision with:  Vehicle in traffic,On Roadway,Head-on (front to front),Improper Backing,None Indicated,,Daylight,Dry,Cloudy,None apparent,Intersection:  T-intersection,Paved,,Property Damage Only,0,0,0,0,0,0,2250,2,2,,POINT (-93.693748900262 41.577827612047)
2014793366,14-0701,04/02/2014,04-April,4-Wednesday,07:55,0700 Hours,District 1 (Central),URBANDALE,POLK,US 6,US 6/HICKMAN RD & 73RD ST,Collision with:  Vehicle in traffic,On Roadway,Rear-end (front to rear),Followed too close,None Indicated,,Daylight,Dry,Cloudy,None apparent,Intersection:  Four-way intersection,Paved,,Property Damage Only,0,0,0,0,0,0,1600,2,2,,POINT (-93.718521064376 41.614713149091)
2014793396,14-012689,04/02/2014,04-April,4-Wednesday,17:22,1700 Hours,District 4 (Southwest),COUNCIL BLUFFS,POTTAWATTAMIE,,1ST AVE & S 8TH ST,Collision with:  Vehicle in traffic,On Roadway,Broadside (front to side),FTYROW:  From stop sign,None Indicated,,Daylight,Wet,Rain,None apparent,Intersection:  Four-way intersection,Paved,,Minor Injury,0,1,0,1,0,0,7500,2,2,,POINT (-95.856051553483 41.260552605211)
2014793329,14009004,04/02/2014,04-April,4-Wednesday,08:19,0800 Hours,District 5 (Southeast),FORT MADISON,LEE,,Co Rd J40/CO RD 103,Collision with:  Animal,,,Animal,None Indicated,,,,,,,Paved,,Property Damage Only,0,0,0,0,0,0,1500,1,1,,POINT (-91.359450809575 40.670694566296)
2014793742,14068,04/02/2014,04-April,4-Wednesday,08:02,0800 Hours,District 5 (Southeast),PELLA,MARION,,E UNIVERSITY ST & E 10TH ST,Collision with:  Vehicle in traffic,On Roadway,"Angle, oncoming left turn",Unknown,None Indicated,,Daylight,Dry,Clear,None apparent,Intersection:  Other intersection (explain in narrative),Paved,,Property Damage Only,0,0,0,0,0,0,4500,2,2,,POINT (-92.901807333208 41.400215693708)
2014793375,14-0337,04/02/2014,04-April,4-Wednesday,07:52,0700 Hours,District 1 (Central),PLEASANT HILL,POLK,US 65,US 65/SE RAMP,Collision with:  Vehicle in traffic,On Roadway,Rear-end (front to rear),Unknown,None Indicated,,Daylight,Dry,Cloudy,None apparent,"Interchange-related:  Off-ramp, diverge area",Paved,,Property Damage Only,0,0,0,0,0,0,2300,2,3,,POINT (-93.495451557787 41.598660106814)
2014797657,,04/02/2014,04-April,4-Wednesday,17:38,1700 Hours,District 2 (Northeast),,WINNEBAGO,,Co Rd R74/225TH AVE,Non-collision events:  Overturn/rollover,Shoulder,Non-collision (single vehicle),Swerving/Evasive Action,None Indicated,,Daylight,Dry,Clear,None apparent,Non-intersection:  Non-junction/no special feature,Paved,,Possible/Unknown,0,1,0,0,1,0,1500,1,1,,POINT (-93.522573579016 43.365222338321)
2014794332,SO140115,04/02/2014,04-April,4-Wednesday,10:18,1000 Hours,District 4 (Southwest),CORNING,ADAMS,,DAVIS AVE,Collision with:  Vehicle in traffic,On Roadway,Rear-end (front to rear),FTYROW:  From parked position,None Indicated,,Daylight,Dry,Cloudy,None apparent,Non-intersection:  Non-junction/no special feature,Paved,,Property Damage Only,0,0,0,0,0,0,27500,2,2,,POINT (-94.73441647691 40.989219871039)
2014793891,2014020851,04/02/2014,04-April,4-Wednesday,00:20,0000 Hours,District 5 (Southeast),,WAPELLO,,Co Rd V43/COMPETINE RD,Collision with:  Animal,,,Animal,None Indicated,,,,,,,Paved,,Property Damage Only,0,0,0,0,0,0,1590,1,1,,POINT (-92.227653107472 41.117840424898)
2014793280,W14-031682,04/02/2014,04-April,4-Wednesday,08:15,0800 Hours,District 2 (Northeast),WATERLOO,BLACK HAWK,,Co Rd D16/E DONALD ST,Collision with fixed object:  Ditch,Roadside,Non-collision (single vehicle),Ran off road - left,None Indicated,,Daylight,Dry,Clear,None apparent,Non-intersection:  Non-junction/no special feature,Paved,,Possible/Unknown,0,1,0,0,1,0,7500,1,1,,POINT (-92.287620085042 42.527477372503)
2014793359,20140008710,04/02/2014,04-April,4-Wednesday,17:27,1700 Hours,District 1 (Central),DES MOINES,POLK,,34TH ST,Collision with:  Vehicle in traffic,Shoulder,"Sideswipe, same direction",Other (explain in narrative):  Other,None Indicated,,Daylight,Dry,Cloudy,None apparent,Non-intersection:  Non-junction/no special feature,Paved,,Property Damage Only,0,0,0,0,0,0,3000,2,1,,POINT (-93.663317825786 41.612000497446)
2014793431,14-0944,04/02/2014,04-April,4-Wednesday,18:12,1800 Hours,District 1 (Central),FORT DODGE,WEBSTER,,AVE C,Non-collision events:  Overturn/rollover,On Roadway,Non-collision (single vehicle),Swerving/Evasive Action,None Indicated,,Daylight,Dry,Cloudy,None apparent,Non-intersection:  Non-junction/no special feature,Paved,,Property Damage Only,0,0,0,0,0,0,3000,1,1,,POINT (-94.199585539571 42.498692163162)
2014793504,14-001457,04/02/2014,04-April,4-Wednesday,21:39,2100 Hours,District 1 (Central),ANKENY,POLK,I-35,I-35 & CORPORATE WOODS DR,Non-collision events:  Overturn/rollover,On Roadway,Non-collision (single vehicle),Other (explain in narrative):  No improper action,None Indicated,,Dark - roadway lighted,Dry,Cloudy,None apparent,Intersection:  Four-way intersection,Paved,,Property Damage Only,0,0,0,0,0,0,3000,1,1,,POINT (-93.578776214223 41.680488365909)
2014793369,14-1539,04/02/2014,04-April,4-Wednesday,14:55,1400 Hours,District 4 (Southwest),WEST DES MOINES,DALLAS,,ASHWORTH RD,Collision with:  Vehicle in traffic,Outside trafficway,Head-on (front to front),Lost Control,None Indicated,,Daylight,Dry,Cloudy,None apparent,Non-intersection:  Non-junction/no special feature,Paved,,Property Damage Only,0,0,0,0,0,0,33000,5,1,,POINT (-93.797931678227 41.583727047681)
2014809956,142105PD,04/02/2014,04-April,4-Wednesday,08:55,0800 Hours,District 1 (Central),BOONE,BOONE,,UNION ST & S MARSHALL ST,Collision with:  Vehicle in traffic,On Roadway,Broadside (front to side),FTYROW:  From stop sign,None Indicated,,Daylight,Dry,Clear,None apparent,Intersection:  Four-way intersection,Paved,,Property Damage Only,0,0,0,0,0,0,2800,2,2,,POINT (-93.878544965946 42.055538661182)
2014793339,201404575,04/02/2014,04-April,4-Wednesday,17:32,1700 Hours,District 6 (East Central),CEDAR RAPIDS,LINN,,CENTER POINT RD NE,Collision with:  Vehicle in traffic,On Roadway,Rear-end (front to rear),Lost Control,None Indicated,,Daylight,Dry,Cloudy,None apparent,Non-intersection:  Non-junction/no special feature,Paved,,Property Damage Only,0,0,0,0,0,0,7200,3,4,,POINT (-91.662854156211 42.007673789944)
2014793297,14-10844,04/02/2014,04-April,4-Wednesday,16:28,1600 Hours,District 5 (Southeast),BURLINGTON,DES MOINES,,MAPLE ST & SUMMER ST,Collision with fixed object:  Concrete traffic barrier (median or right side),On Roadway,Non-collision (single vehicle),Swerving/Evasive Action,None Indicated,,Daylight,Wet,Cloudy,None apparent,Non-intersection:  Non-junction/no special feature,Paved,,Property Damage Only,0,0,0,0,0,0,1700,1,1,,POINT (-91.113472878241 40.804478413954)
2014793495,2014003011,04/02/2014,04-April,4-Wednesday,12:20,1200 Hours,District 1 (Central),MARSHALLTOWN,MARSHALL,IA 14,IA 14/S CENTER ST & IOWA AVE W (OLD US 30) & IOWA AVE E (OLD US 30),Collision with:  Vehicle in traffic,On Roadway,"Sideswipe, same direction","Operating vehicle in an reckless, erratic, careless, negligent manner",None Indicated,,Daylight,Dry,Clear,None apparent,Non-intersection:  Non-junction/no special feature,Paved,,Property Damage Only,0,0,0,0,0,0,9000,2,4,,POINT (-92.912364170058 42.006962700734)