Iowa DOT Case Number,Law Enforcement Case Number,Date of Crash,Month of Crash,Day of Week,Time of Crash,Hour,DOT District,City Name,County Name,Route with System,Location Description,First Harmful Event,Location of First Harmful Event,Manner of Crash/Collision,Major Cause,Drug or Alcohol ,Environmental Conditions,Light Conditions,Surface Conditions,Weather Conditions,Roadway Contribution,Roadway Type,Roadway Surface,Work Zone,Crash Severity,Number of Fatalities,Number of Injuries,Number of Major Injuries,Number of Minor Injuries,Number of Possible Injuries,Number of Unknown Injuries,Amount of Property Damage,Number of Vehicles Involved,Total Number of Occupants,Travel Direction,Location
2014794825,14002767,04/02/2014,04-April,4-Wednesday,17:44,1700 Hours,District 6 (East Central),,BUCHANAN,,310TH ST,Non-collision events:  Other non-collision (explain in narrative),Roadside,Non-collision (single vehicle),Crossed centerline (undivided),None Indicated,,Daylight,Dry,Clear,None apparent,Non-intersection:  Non-junction/no special feature,Unpaved,,Property Damage Only,0,0,0,0,0,0,3000,1,1,,POINT (-91.626478519823 42.340146978442)
2014793523,14-0255,04/02/2014,04-April,4-Wednesday,20:29,2000 Hours,District 1 (Central),WINDSOR HEIGHTS,POLK,IA 28,IA 28/63RD ST & WASHINGTON AVE,Collision with:  Vehicle in traffic,On Roadway,Rear-end (front to rear),Exceeded authorized speed,None Indicated,,Dark - unknown roadway lighting,Dry,Cloudy,None apparent,Non-intersection:  Non-junction/no special feature,Paved,,Property Damage Only,0,0,0,0,0,0,3700,2,1,,POINT (-93.703735779532 41.609355257371)
2014793425,2014-19951,04/02/2014,04-April,4-Wednesday,19:08,1900 Hours,District 6 (East Central),DAVENPORT,SCOTT,,W 4TH ST & WILKES AVE,Collision with:  Parked motor vehicle,On Roadway,"Sideswipe, same direction",Improper Backing,None Indicated,,Daylight,Dry,Cloudy,None apparent,Non-intersection:  Non-junction/no special feature,Paved,,Property Damage Only,0,0,0,0,0,0,2000,2,1,,POINT (-90.60317087068 41.523446230013)
2014793372,14-000380,04/02/2014,04-April,4-Wednesday,20:18,2000 Hours,District 1 (Central),JOHNSTON,POLK,,NW 100TH ST & WINDSOR PKWY,Collision with:  Vehicle in traffic,On Roadway,Broadside (front to side),FTYROW:  From stop sign,None Indicated,,Dark - roadway lighted,Wet,Rain,None apparent,Intersection:  Four-way intersection,Paved,,Property Damage Only,0,0,0,0,0,0,9500,3,4,,POINT (-93.75587779661 41.667543650995)
2014794055,B14-612,04/02/2014,04-April,4-Wednesday,16:05,1600 Hours,District 3 (Northwest),SERGEANT BLUFF,WOODBURY,I-29,I-29 & 1ST ST,Collision with:  Vehicle in traffic,On Roadway,"Angle, oncoming left turn",FTYROW:  From stop sign,None Indicated,,Daylight,Dry,Cloudy,None apparent,Intersection:  Four-way intersection,Paved,,Possible/Unknown,0,1,0,0,1,0,4000,2,2,,POINT (-96.368366112426 42.400662778216)
2014798720,S14-D0201,04/02/2014,04-April,4-Wednesday,22:05,2200 Hours,District 5 (Southeast),OSCEOLA,CLARKE,US 34,US 34,Collision with:  Animal,,,Animal,None Indicated,,,,,,,Paved,,Property Damage Only,0,0,0,0,0,0,2500,1,1,,POINT (-93.745584396871 41.030629965476)
2014793444,14-9767,04/02/2014,04-April,4-Wednesday,17:50,1700 Hours,District 3 (Northwest),SIOUX CITY,WOODBURY,,S IRENE ST & LEECH AVE,Collision with:  Vehicle in traffic,On Roadway,"Angle, oncoming left turn",Other (explain in narrative):  Other,None Indicated,,Daylight,Wet,Rain,None apparent,Intersection:  Four-way intersection,Paved,,Property Damage Only,0,0,0,0,0,0,6000,2,3,,POINT (-96.372963762858 42.487691578626)
2014793430,2014-06599,04/02/2014,04-April,4-Wednesday,06:36,0600 Hours,District 5 (Southeast),,WARREN,,KENNEDY ST,Collision with:  Animal,On Roadway,Non-collision (single vehicle),Animal,None Indicated,,Dawn,Dry,Clear,None apparent,Non-intersection:  Non-junction/no special feature,Unpaved,,Property Damage Only,0,0,0,0,0,0,8000,1,1,,POINT (-93.491755177893 41.349809049566)
2014793668,02-14-5344,04/03/2014,04-April,5-Thursday,16:00,1600 Hours,District 6 (East Central),,DUBUQUE,,Co Rd Y21/SUNDOWN RD,Collision with fixed object:  Culvert/pipe opening,Shoulder,Non-collision (single vehicle),Ran off road - right,None Indicated,,Daylight,Dry,Cloudy,None apparent,Non-intersection:  Non-junction/no special feature,Paved,,Property Damage Only,0,0,0,0,0,0,3000,1,2,,POINT (-90.866876404417 42.366027469491)
2014793883,14-9870,04/03/2014,04-April,5-Thursday,17:00,1700 Hours,District 3 (Northwest),SIOUX CITY,WOODBURY,,32ND ST & PIERCE ST,Collision with:  Vehicle in traffic,On Roadway,Rear-end (front to rear),Improper Backing,None Indicated,,Daylight,Wet,"Sleet, hail",None apparent,Intersection:  Four-way intersection,Paved,,Property Damage Only,0,0,0,0,0,0,2000,2,2,,POINT (-96.405241638475 42.524887943434)
2014793886,14-9910,04/03/2014,04-April,5-Thursday,22:10,2200 Hours,District 3 (Northwest),SIOUX CITY,WOODBURY,,HAMILTON BLVD,Collision with:  Vehicle in traffic,On Roadway,Broadside (front to side),Ran Traffic Signal,None Indicated,,Dark - roadway lighted,Snow,Snow,"Surface condition (e.g., wet, icy)",Intersection:  T-intersection,Paved,,Possible/Unknown,0,1,0,0,1,0,1500,2,3,,POINT (-96.417505472825 42.523198794035)
2014793949,14-448,04/03/2014,04-April,5-Thursday,12:55,1200 Hours,District 3 (Northwest),SPIRIT LAKE,DICKINSON,,LAKE ST & ITHACA AVE,Collision with:  Vehicle in traffic,On Roadway,Broadside (front to side),FTYROW:  From stop sign,None Indicated,,Daylight,Wet,Rain,None apparent,Intersection:  Four-way intersection,Paved,,Property Damage Only,0,0,0,0,0,0,3000,2,3,,POINT (-95.103637617854 43.423465978185)
2014796457,14-009193,04/03/2014,04-April,5-Thursday,20:20,2000 Hours,District 5 (Southeast),FORT MADISON,LEE,,BUS US 61,Collision with:  Animal,,,Animal,None Indicated,,,,,,,Paved,,Property Damage Only,0,0,0,0,0,0,1500,1,1,,POINT (-91.271619571709 40.666971664573)
2014793753,14-013796,04/03/2014,04-April,5-Thursday,21:10,2100 Hours,District 5 (Southeast),MUSCATINE,MUSCATINE,US 61,US 61,Collision with:  Animal,On Roadway,Non-collision (single vehicle),Animal,None Indicated,,Dark - roadway not lighted,Wet,Rain,None apparent,Non-intersection:  Non-junction/no special feature,Paved,,Property Damage Only,0,0,0,0,0,0,2300,1,3,,POINT (-91.069813718619 41.452572751801)
2014795264,2014020989,04/03/2014,04-April,5-Thursday,12:42,1200 Hours,District 6 (East Central),,JOHNSON,I-80,I-80,Collision with fixed object:  Ditch,On Roadway,Non-collision (single vehicle),Swerving/Evasive Action,None Indicated,,Daylight,Dry,Cloudy,None apparent,Non-intersection:  Non-junction/no special feature,Paved,,Major Injury,0,3,1,1,1,0,10000,1,3,,POINT (-91.399015543622 41.666902857551)
2014793584,,04/03/2014,04-April,5-Thursday,13:17,1300 Hours,District 2 (Northeast),CHARLES CITY,FLOYD,,MAIN ST,Collision with:  Vehicle in traffic,On Roadway,"Sideswipe, same direction",FTYROW:  From parked position,None Indicated,,Daylight,Wet,Cloudy,None apparent,Non-intersection:  Non-junction/no special feature,Paved,,Property Damage Only,0,0,0,0,0,0,2000,2,2,,POINT (-92.676488300182 43.069909911401)
2014793579,14-00035,04/03/2014,04-April,5-Thursday,08:55,0800 Hours,District 1 (Central),ACKLEY,HARDIN,,5TH AVE,Collision with:  Parked motor vehicle,On Roadway,Unknown,Unknown,None Indicated,,Daylight,Wet,Rain,None apparent,Non-intersection:  Non-junction/no special feature,Paved,,Property Damage Only,0,0,0,0,0,0,2510,2,1,,POINT (-93.047002666948 42.549170540963)
2014793544,S14-3237,04/03/2014,04-April,5-Thursday,18:12,1800 Hours,District 3 (Northwest),MOVILLE,WOODBURY,,Co Rd D22/WOOD TRL,Collision with fixed object:  Ditch,On Roadway,Non-collision (single vehicle),Swerving/Evasive Action,None Indicated,,Daylight,Ice/frost,Snow,"Surface condition (e.g., wet, icy)",Non-intersection:  Non-junction/no special feature,Paved,,Property Damage Only,0,0,0,0,0,0,2600,1,3,,POINT (-96.012851875539 42.476572963693)
2014793520,14-0708,04/03/2014,04-April,5-Thursday,17:45,1700 Hours,District 1 (Central),URBANDALE,POLK,,DOUGLAS AVE,Collision with:  Vehicle in traffic,On Roadway,Rear-end (front to rear),Other (explain in narrative):  Other,None Indicated,,Dusk,Wet,Rain,None apparent,Intersection:  Four-way intersection,Paved,,Minor Injury,0,2,0,2,0,0,2000,2,3,,POINT (-93.737470741292 41.629265829936)
2014819359,1404-032,04/03/2014,04-April,5-Thursday,19:30,1900 Hours,District 3 (Northwest),OCHEYEDAN,OSCEOLA,,TANAGER AVE & 160TH ST,Collision with fixed object:  Utility pole/light support,Outside trafficway,Non-collision (single vehicle),Other (explain in narrative):  No improper action,None Indicated,,Daylight,Snow,Snow,None apparent,Intersection:  Four-way intersection,Paved,,Property Damage Only,0,0,0,0,0,0,1500,1,1,,POINT (-95.544707249417 43.41628875262)
2014793295,14-10971,04/03/2014,04-April,5-Thursday,15:05,1500 Hours,District 5 (Southeast),BURLINGTON,DES MOINES,,MAIN ST & HIGH ST,Collision with:  Vehicle in traffic,On Roadway,"Sideswipe, same direction",FTYROW:  Other (explain in narrative),None Indicated,,Daylight,Wet,Rain,None apparent,Non-intersection:  Non-junction/no special feature,Paved,,Property Damage Only,0,0,0,0,0,0,6000,2,3,,POINT (-91.10040347701 40.812992479627)
2014793494,2014003042,04/03/2014,04-April,5-Thursday,10:45,1000 Hours,District 1 (Central),MARSHALLTOWN,MARSHALL,,E SOUTH ST,Collision with fixed object:  Traffic sign support,On Roadway,Non-collision (single vehicle),Swerving/Evasive Action,None Indicated,,Daylight,Wet,Rain,None apparent,Non-intersection:  Non-junction/no special feature,Paved,,Property Damage Only,0,0,0,0,0,0,3100,1,1,,POINT (-92.908278818119 42.034717955093)
2014794006,14-001545,04/03/2014,04-April,5-Thursday,16:45,1600 Hours,District 1 (Central),AMES,STORY,,GRAND AVE,Collision with:  Vehicle in traffic,On Roadway,Broadside (front to side),FTYROW:  Other (explain in narrative),None Indicated,,Daylight,Wet,Rain,"Surface condition (e.g., wet, icy)",Intersection:  Four-way intersection,Paved,,Property Damage Only,0,0,0,0,0,0,1600,2,3,,POINT (-93.620221709838 42.021622533026)
2014793462,040314-163,04/03/2014,04-April,5-Thursday,16:29,1600 Hours,District 3 (Northwest),STORM LAKE,BUENA VISTA,,IOWA ST & GRAND AVE,Collision with:  Vehicle in traffic,On Roadway,Broadside (front to side),FTYROW:  From stop sign,None Indicated,,Daylight,Wet,Rain,None apparent,Intersection:  Four-way intersection,Paved,,Possible/Unknown,0,1,0,0,1,0,3000,2,3,,POINT (-95.209912783961 42.643492949199)
2014797205,,04/03/2014,04-April,5-Thursday,22:33,2200 Hours,District 3 (Northwest),,CHEROKEE,,Co Rd C38/HWY 977,Collision with fixed object:  Ditch,On Roadway,Non-collision (single vehicle),Swerving/Evasive Action,None Indicated,,Dark - roadway not lighted,Snow,Snow,None apparent,Non-intersection:  Non-junction/no special feature,Paved,,Property Damage Only,0,0,0,0,0,0,5000,1,2,,POINT (-95.523007906402 42.747691580463)
2014794172,14-9853,04/03/2014,04-April,5-Thursday,14:57,1400 Hours,District 3 (Northwest),SIOUX CITY,WOODBURY,,CENTRAL ST,Non-collision events:  Other non-collision (explain in narrative),On Roadway,Non-collision (single vehicle),Other (explain in narrative):  Other,None Indicated,,Daylight,Wet,Cloudy,None apparent,Non-intersection:  Non-junction/no special feature,Paved,,Minor Injury,0,1,0,1,0,0,0,1,4,,POINT (-96.361546163537 42.541802253711)
2014793541,14-0954,04/03/2014,04-April,5-Thursday,16:00,1600 Hours,District 1 (Central),FORT DODGE,WEBSTER,,FLORAL AVE & N 15TH ST,Collision with:  Vehicle in traffic,On Roadway,Broadside (front to side),Made improper turn,None Indicated,,Daylight,Wet,Rain,None apparent,Non-intersection:  Non-junction/no special feature,Paved,,Property Damage Only,0,0,0,0,0,0,10000,2,2,,POINT (-94.178067641017 42.519358327276)
2014793524,14-000685,04/03/2014,04-April,5-Thursday,09:43,0900 Hours,District 1 (Central),ALTOONA,POLK,,10TH AVE NW,Collision with:  Vehicle in traffic,On Roadway,Rear-end (front to rear),"Operating vehicle in an reckless, erratic, careless, negligent manner",None Indicated,,Daylight,Dry,Cloudy,None apparent,Non-intersection:  Non-junction/no special feature,Paved,,Possible/Unknown,0,1,0,0,1,0,6500,2,2,,POINT (-93.47512299707 41.657346862373)
2014795039,201401025,04/03/2014,04-April,5-Thursday,16:20,1600 Hours,District 6 (East Central),,LINN,,Co Rd E44/SQUAW RIDGE RD/COTTAGE GROVE PKWY,Collision with:  Vehicle in traffic,On Roadway,Rear-end (front to rear),FTYROW:  At uncontrolled intersection,None Indicated,,Daylight,Dry,Clear,None apparent,Intersection:  T-intersection,Paved,,Property Damage Only,0,0,0,0,0,0,8000,2,2,,POINT (-91.563675069522 41.991056533555)
2014793590,,04/03/2014,04-April,5-Thursday,07:22,0700 Hours,District 2 (Northeast),HUMBOLDT,HUMBOLDT,,4TH AVE S & 5TH ST S,Collision with:  Vehicle in traffic,On Roadway,Broadside (front to side),Unknown,None Indicated,,Daylight,Wet,"Sleet, hail",None apparent,Intersection:  Four-way intersection,Paved,,Property Damage Only,0,0,0,0,0,0,7000,2,4,,POINT (-94.214318079114 42.716813208238)
2014809928,142139PD,04/03/2014,04-April,5-Thursday,13:21,1300 Hours,District 1 (Central),BOONE,BOONE,,MAMIE EISENHOWER AVE & S CLINTON ST,Collision with fixed object:  Tree,On Roadway,Non-collision (single vehicle),Crossed centerline (undivided),None Indicated,,Daylight,Dry,Cloudy,Other (explain in narrative),Non-intersection:  Non-junction/no special feature,Paved,,Property Damage Only,0,0,0,0,0,0,6100,2,2,,POINT (-93.86988795078 42.059666522545)
2014794044,2014021295,04/03/2014,04-April,5-Thursday,16:25,1600 Hours,District 3 (Northwest),,WOODBURY,I-29,I-29,Collision with fixed object:  Tree,On Roadway,Non-collision (single vehicle),Crossed centerline (undivided),None Indicated,,Daylight,Slush,"Sleet, hail",None apparent,Non-intersection:  Non-junction/no special feature,Paved,,Possible/Unknown,0,1,0,0,1,0,10000,1,2,,POINT (-96.280735834763 42.284812522978)
2014793500,14-2189,04/03/2014,04-April,5-Thursday,16:51,1600 Hours,District 1 (Central),DES MOINES,POLK,IA 415,IA 415/2ND AVE & NW 47TH PL & NW 48TH PL,Collision with:  Vehicle in traffic,On Roadway,Rear-end (front to rear),Followed too close,None Indicated,,Daylight,Wet,Rain,None apparent,Intersection:  Four-way intersection,Paved,,Property Damage Only,0,0,0,0,0,0,1600,2,3,,POINT (-93.619989293238 41.646947031848)
2014793837,2014-20158,04/03/2014,04-April,5-Thursday,15:54,1500 Hours,District 6 (East Central),DAVENPORT,SCOTT,,W 3RD ST & N DIVISION ST,Collision with:  Vehicle in traffic,On Roadway,Rear-end (front to rear),Followed too close,None Indicated,,Daylight,Dry,Cloudy,None apparent,Intersection:  Four-way intersection,Paved,,Property Damage Only,0,0,0,0,0,0,3500,2,5,,POINT (-90.601162022445 41.52235056858)
2014794175,2014020903,04/03/2014,04-April,5-Thursday,06:00,0600 Hours,District 4 (Southwest),,POTTAWATTAMIE,I-680,I-680,Collision with:  Other non-fixed object (explain in narrative),On Roadway,Non-collision (single vehicle),Other (explain in narrative):  No improper action,None Indicated,,Dark - roadway not lighted,Wet,Rain,Debris,Non-intersection:  Non-junction/no special feature,Paved,,Property Damage Only,0,0,0,0,0,0,5000,1,1,,POINT (-95.679276450918 41.498232779669)
2014796621,14-024,04/03/2014,04-April,5-Thursday,19:16,1900 Hours,District 3 (Northwest),SIOUX CENTER,SIOUX,,HARRISON AVE,Collision with fixed object:  Other fixed object (explain in narrative),On Roadway,Non-collision (single vehicle),Driving too fast for conditions,None Indicated,,Dusk,Snow,Snow,None apparent,Non-intersection:  Non-junction/no special feature,Paved,,Property Damage Only,0,0,0,0,0,0,3000,1,2,,POINT (-96.155789400397 43.081463058432)
2014793368,14-1556,04/03/2014,04-April,5-Thursday,12:23,1200 Hours,District 1 (Central),WEST DES MOINES,POLK,,GRAND AVE & RAILROAD AVE & E P TRUE PKWY,Collision with:  Vehicle in traffic,On Roadway,"Sideswipe, same direction",FTYROW:  Making right turn on red signal,None Indicated,,Daylight,Dry,Cloudy,None apparent,Intersection:  Four-way intersection,Paved,,Property Damage Only,0,0,0,0,0,0,2100,2,3,,POINT (-93.731745099848 41.570917696353)
2014825465,14-007447,04/03/2014,04-April,5-Thursday,06:11,0600 Hours,District 5 (Southeast),,MARION,IA 5,IA 5/IOWA 5,Collision with:  Animal,,,Animal,None Indicated,,,,,,,Paved,,Property Damage Only,0,0,0,0,0,0,1500,1,1,,POINT (-93.190533113895 41.325660511506)
2014829737,A390414-0779,04/03/2014,04-April,5-Thursday,10:35,1000 Hours,District 4 (Southwest),,GUTHRIE,,Co Rd F32/190TH RD,Collision with fixed object:  Ditch,Roadside,Non-collision (single vehicle),Swerving/Evasive Action,None Indicated,,Daylight,Wet,Rain,None apparent,Non-intersection:  Non-junction/no special feature,Paved,,Property Damage Only,0,0,0,0,0,0,6500,1,1,,POINT (-94.617355575718 41.731603056834)
2014793882,14-9868,04/03/2014,04-April,5-Thursday,16:57,1600 Hours,District 3 (Northwest),SIOUX CITY,WOODBURY,I-29,I-29,Collision with fixed object:  Concrete traffic barrier (median or right side),On Roadway,Non-collision (single vehicle),Lost Control,None Indicated,,Daylight,Wet,"Sleet, hail","Surface condition (e.g., wet, icy)",Non-intersection:  Non-junction/no special feature,Paved,,Property Damage Only,0,0,0,0,0,0,2000,1,2,,POINT (-96.379964015752 42.464523585539)
2014793503,14-001464,04/03/2014,04-April,5-Thursday,06:47,0600 Hours,District 1 (Central),ANKENY,POLK,IA 415,IA 415/SW STATE ST & SW POLK CITY DR,Collision with:  Vehicle in traffic,On Roadway,Rear-end (front to rear),Followed too close,None Indicated,,Dawn,Wet,Rain,None apparent,Non-intersection:  Non-junction/no special feature,Paved,,Possible/Unknown,0,1,0,0,1,0,850,2,2,,POINT (-93.621196211398 41.696308551958)
2014793639,040314-115,04/03/2014,04-April,5-Thursday,11:50,1100 Hours,District 3 (Northwest),STORM LAKE,BUENA VISTA,IA 7,IA 7/W MILWAUKEE AVE & VESTAL ST,Collision with:  Vehicle in traffic,On Roadway,Broadside (front to side),FTYROW:  From stop sign,None Indicated,,Daylight,Wet,"Fog, smoke, smog",None apparent,Intersection:  Four-way intersection,Paved,,Possible/Unknown,0,1,0,0,1,0,8500,2,2,,POINT (-95.21065063615 42.64744995051)
2014793517,20140008827,04/03/2014,04-April,5-Thursday,16:56,1600 Hours,District 1 (Central),DES MOINES,POLK,,E TITUS AVE & SE 5TH ST,Collision with fixed object:  Bridge overhead structure,On Roadway,Non-collision (single vehicle),Swerving/Evasive Action,None Indicated,,Daylight,Wet,Rain,None apparent,Non-intersection:  Other non-intersection (explain in narrative),Paved,,Property Damage Only,0,0,0,0,0,0,1700,1,2,,POINT (-93.606528521191 41.539364234061)
2014793636,040314-60,04/03/2014,04-April,5-Thursday,01:30,0100 Hours,District 3 (Northwest),NEWELL,BUENA VISTA,,W 3RD ST & S HARRISON ST,Collision with fixed object:  Utility pole/light support,Shoulder,Non-collision (single vehicle),Lost Control,Under Influence of Alcohol/Drugs/Medications,,Dark - roadway lighted,Dry,Cloudy,None apparent,Non-intersection:  Non-junction/no special feature,Paved,,Property Damage Only,0,0,0,0,0,0,6500,1,1,,POINT (-95.005028084076 42.604371861073)
2014793502,14-2203,04/03/2014,04-April,5-Thursday,22:30,2200 Hours,District 1 (Central),ELKHART,POLK,,Co Rd F22/NE 126TH AVE & NE 64TH ST,Collision with:  Animal,On Roadway,Non-collision (single vehicle),Animal,None Indicated,,Dark - roadway lighted,Wet,Cloudy,None apparent,Non-intersection:  Non-junction/no special feature,Paved,,Property Damage Only,0,0,0,0,0,0,140000,1,1,,POINT (-93.483259328193 41.791220969302)
2014793880,14-9860,04/03/2014,04-April,5-Thursday,15:18,1500 Hours,District 3 (Northwest),SIOUX CITY,WOODBURY,,W 19TH ST,Collision with:  Vehicle in traffic,On Roadway,Rear-end (front to rear),Other (explain in narrative):  Other,None Indicated,,Daylight,Wet,"Sleet, hail",None apparent,Non-intersection:  Non-junction/no special feature,Paved,,Property Damage Only,0,0,0,0,0,0,2000,2,2,,POINT (-96.438453987868 42.510091285361)
2014794923,201400015918,04/03/2014,04-April,5-Thursday,20:44,2000 Hours,District 5 (Southeast),OTTUMWA,WAPELLO,,E 4TH ST & N JEFFERSON ST,Collision with:  Vehicle in traffic,On Roadway,Broadside (front to side),FTYROW:  From stop sign,None Indicated,,Dark - roadway lighted,Unknown,Rain,None apparent,Intersection:  Four-way intersection,Paved,,Property Damage Only,0,0,0,0,0,0,4000,2,3,,POINT (-92.407101416817 41.016986451396)
2014793663,01-14-13727,04/03/2014,04-April,5-Thursday,15:30,1500 Hours,District 6 (East Central),DUBUQUE,DUBUQUE,US 52,US 52/CENTRAL AVE & W 32ND ST & E 32ND ST,Collision with:  Vehicle in traffic,On Roadway,"Angle, oncoming left turn",FTYROW:  Making left turn,None Indicated,,Daylight,Dry,Cloudy,None apparent,Intersection:  Four-way intersection,Paved,,Property Damage Only,0,0,0,0,0,0,5000,2,2,,POINT (-90.682830306456 42.527493970575)
2014793521,14-1562,04/03/2014,04-April,5-Thursday,19:56,1900 Hours,District 1 (Central),WEST DES MOINES,POLK,IA 28,IA 28/63RD ST & GRAND AVE,Collision with:  Vehicle in traffic,On Roadway,"Angle, oncoming left turn",FTYROW:  Making left turn,None Indicated,,Dark - roadway lighted,Wet,Rain,None apparent,Intersection:  Four-way intersection,Paved,,Property Damage Only,0,0,0,0,0,0,16000,3,4,,POINT (-93.703422244254 41.582695800847)
2014795696,2014020967,04/03/2014,04-April,5-Thursday,10:30,1000 Hours,District 6 (East Central),TIFFIN,JOHNSON,I-80,I-80 & IRELAND AVE,Collision with fixed object:  Utility pole/light support,On Roadway,Non-collision (single vehicle),Ran off road - right,None Indicated,,Daylight,Dry,Cloudy,None apparent,Intersection:  Intersection with ramp,Paved,,Property Damage Only,0,0,0,0,0,0,2700,1,1,,POINT (-91.666521925885 41.692349265195)
2014793484,2014-1268,04/03/2014,04-April,5-Thursday,07:55,0700 Hours,District 4 (Southwest),WAUKEE,DALLAS,,ALICES RD & WESTBROOK DR,Collision with:  Vehicle in traffic,On Roadway,Rear-end (front to rear),Swerving/Evasive Action,None Indicated,,Dawn,Wet,Rain,Non-highway work,Non-intersection:  Non-junction/no special feature,Paved,,Property Damage Only,0,0,0,0,0,0,3000,2,2,,POINT (-93.852922570311 41.609092781013)
2014795688,BP14000271,04/03/2014,04-April,5-Thursday,16:35,1600 Hours,District 2 (Northeast),BELMOND,WRIGHT,US 69,US 69/RIVER AVE S/RIVER AVE N & MAIN ST W & MAIN ST E,Collision with:  Vehicle in traffic,On Roadway,"Angle, oncoming left turn",FTYROW:  Making left turn,None Indicated,,Daylight,Wet,Rain,None apparent,Intersection:  Four-way intersection,Paved,,Minor Injury,0,2,0,2,0,0,11500,2,2,,POINT (-93.616801462653 42.845900283778)
2014793542,S14-3233,04/03/2014,04-April,5-Thursday,15:58,1500 Hours,District 3 (Northwest),SIOUX CITY,WOODBURY,US 20,US 20/RAMP,Collision with:  Vehicle in traffic,On Roadway,Rear-end (front to rear),Lost Control,None Indicated,,Daylight,Wet,"Sleet, hail","Surface condition (e.g., wet, icy)",Non-intersection:  Non-junction/no special feature,Paved,,Property Damage Only,0,0,0,0,0,0,5500,2,3,,POINT (-96.324396459963 42.4631340351)
2014793649,14-004492,04/03/2014,04-April,5-Thursday,18:51,1800 Hours,District 3 (Northwest),PETERSON,CLAY,,4TH ST & ELM ST,Non-collision events:  Other non-collision (explain in narrative),On Roadway,Non-collision (single vehicle),Driving too fast for conditions,None Indicated,,Daylight,Ice/frost,"Sleet, hail","Surface condition (e.g., wet, icy)",Non-intersection:  Non-junction/no special feature,Paved,,Property Damage Only,0,0,0,0,0,0,1500,1,1,,POINT (-95.34510685903 42.920503248971)
2014794456,AC-14-0019,04/03/2014,04-April,5-Thursday,21:22,2100 Hours,District 6 (East Central),MONTICELLO,JONES,IA 38,IA 38/S MAIN ST,Collision with:  Animal,,,Animal,None Indicated,,,,,,,Paved,,Property Damage Only,0,0,0,0,0,0,9000,1,1,,POINT (-91.185220059467 42.234983140706)
2014793817,S14-001043,04/03/2014,04-April,5-Thursday,06:50,0600 Hours,District 4 (Southwest),,POTTAWATTAMIE,,Co Rd L35/WABASH AVE,Collision with:  Animal,On Roadway,Non-collision (single vehicle),Animal,None Indicated,,,,,,,Paved,,Property Damage Only,0,0,0,0,0,0,3000,1,1,,POINT (-95.776865525594 41.186044229612)
2014904358,,04/03/2014,04-April,5-Thursday,20:58,2000 Hours,District 3 (Northwest),REMSEN,PLYMOUTH,,BECK AVE,Collision with:  Parked motor vehicle,Outside trafficway,"Sideswipe, same direction",Lost Control,None Indicated,,Dark - roadway lighted,Snow,Snow,"Surface condition (e.g., wet, icy)",Non-intersection:  Driveway access (within),Paved,,Possible/Unknown,0,1,0,0,1,0,4000,3,1,,POINT (-95.962076422227 42.815364697859)
2014797566,2014-1448,04/03/2014,04-April,5-Thursday,15:59,1500 Hours,District 1 (Central),,HARDIN,,RR AVE,Collision with fixed object:  Ditch,On Roadway,Non-collision (single vehicle),Ran off road - right,None Indicated,,Daylight,Wet,Rain,"Surface condition (e.g., wet, icy)",Non-intersection:  Driveway access (within),Unpaved,,Minor Injury,0,1,0,1,0,0,12200,1,1,,POINT (-93.134306740033 42.479900486667)
2014794654,14-001474,04/03/2014,04-April,5-Thursday,19:56,1900 Hours,District 1 (Central),ANKENY,POLK,IA 160,IA 160/SE ORALABOR RD,Collision with:  Vehicle in traffic,On Roadway,Broadside (front to side),Made improper turn,None Indicated,,Dark - roadway lighted,Wet,Rain,None apparent,Non-intersection:  Driveway access (within),Paved,,Minor Injury,0,2,0,1,1,0,9000,2,2,,POINT (-93.597774467246 41.702872832659)
2014793432,14-0948,04/03/2014,04-April,5-Thursday,10:40,1000 Hours,District 1 (Central),FORT DODGE,WEBSTER,,S 21ST ST,Collision with:  Vehicle in traffic,On Roadway,Broadside (front to side),FTYROW:  From driveway,None Indicated,,Daylight,Wet,Rain,None apparent,Non-intersection:  Driveway access (within),Paved,,Property Damage Only,0,0,0,0,0,0,3300,2,2,,POINT (-94.16942003667 42.500859148587)
2014793662,01-14-13724,04/03/2014,04-April,5-Thursday,15:22,1500 Hours,District 6 (East Central),DUBUQUE,DUBUQUE,,W 17TH ST & MAIN ST & MADISON ST,Collision with:  Vehicle in traffic,On Roadway,Broadside (front to side),FTYROW:  From stop sign,None Indicated,,Daylight,Dry,Cloudy,None apparent,Intersection:  Four-way intersection,Paved,,Property Damage Only,0,0,0,0,0,0,2250,2,6,,POINT (-90.671115611184 42.50822839444)
2014793661,01-14-13690,04/03/2014,04-April,5-Thursday,12:18,1200 Hours,District 6 (East Central),DUBUQUE,DUBUQUE,,KIRKWOOD ST,Collision with:  Parked motor vehicle,On Roadway,"Sideswipe, opposite direction",Lost Control,None Indicated,,Daylight,Dry,Cloudy,None apparent,Non-intersection:  Non-junction/no special feature,Paved,,Possible/Unknown,0,1,0,0,1,0,30500,3,1,,POINT (-90.681498308964 42.507880701523)