Iowa DOT Case Number,Law Enforcement Case Number,Date of Crash,Month of Crash,Day of Week,Time of Crash,Hour,DOT District,City Name,County Name,Route with System,Location Description,First Harmful Event,Location of First Harmful Event,Manner of Crash/Collision,Major Cause,Drug or Alcohol ,Environmental Conditions,Light Conditions,Surface Conditions,Weather Conditions,Roadway Contribution,Roadway Type,Roadway Surface,Work Zone,Crash Severity,Number of Fatalities,Number of Injuries,Number of Major Injuries,Number of Minor Injuries,Number of Possible Injuries,Number of Unknown Injuries,Amount of Property Damage,Number of Vehicles Involved,Total Number of Occupants,Travel Direction,Location
2014793543,S14-3236,04/03/2014,04-April,5-Thursday,18:03,1800 Hours,District 3 (Northwest),,WOODBURY,US 20,US 20 & Co Rd L25/MINNESOTA AVE,Non-collision events:  Overturn/rollover,On Roadway,Non-collision (single vehicle),Crossed centerline (undivided),None Indicated,,Daylight,Ice/frost,Snow,None apparent,Intersection:  Four-way intersection,Paved,,Possible/Unknown,0,1,0,0,1,0,6000,1,1,,POINT (-95.859444272762 42.482154187978)
2014793733,14-007509,04/03/2014,04-April,5-Thursday,17:36,1700 Hours,District 5 (Southeast),PELLA,MARION,IA 163,IA 163/IOWA 163,Collision with:  Vehicle in traffic,On Roadway,"Sideswipe, same direction",Crossed centerline (undivided),None Indicated,,Dusk,Wet,Rain,None apparent,Non-intersection:  Non-junction/no special feature,Paved,,Minor Injury,0,1,0,1,0,0,17400,2,2,,POINT (-92.87963479013 41.389970991156)
2014794087,CL14000965,04/03/2014,04-April,5-Thursday,15:52,1500 Hours,District 6 (East Central),CLINTON,CLINTON,US 30,US 30/LINCOLN WAY & CENTRAL STEEL RD & MILL CREEK PKWY,Collision with:  Vehicle in traffic,On Roadway,Rear-end (front to rear),Other (explain in narrative):  Other,None Indicated,,Daylight,Dry,Cloudy,None apparent,Non-intersection:  Non-junction/no special feature,Paved,,Property Damage Only,0,0,0,0,0,0,4500,3,5,,POINT (-90.257503947432 41.815418623848)
2014793506,20140008759,04/03/2014,04-April,5-Thursday,07:26,0700 Hours,District 1 (Central),DES MOINES,POLK,I-235,I-235,Collision with:  Vehicle in traffic,On Roadway,"Sideswipe, same direction",Improper or erratic lane changing,None Indicated,,Daylight,Wet,Cloudy,None apparent,Non-intersection:  Non-junction/no special feature,Paved,,Property Damage Only,0,0,0,0,0,0,6000,2,2,,POINT (-93.650861886061 41.594300444523)
2014793510,20140008809,04/03/2014,04-April,5-Thursday,15:30,1500 Hours,District 1 (Central),DES MOINES,POLK,,INDIANOLA AVE,Collision with:  Vehicle in traffic,On Roadway,Unknown,Unknown,None Indicated,,Daylight,Wet,Rain,None apparent,Non-intersection:  Non-junction/no special feature,Paved,,Property Damage Only,0,0,0,0,0,0,1500,2,3,,POINT (-93.595385809423 41.551852571129)
2014794183,14-1842,04/03/2014,04-April,5-Thursday,23:30,2300 Hours,District 2 (Northeast),,KOSSUTH,,Co Rd R14/240 AVE,Collision with fixed object:  Ditch,Roadside,Non-collision (single vehicle),"Operating vehicle in an reckless, erratic, careless, negligent manner",Alcohol (Statutory),,Dark - roadway not lighted,Wet,Rain,None apparent,Non-intersection:  Non-junction/no special feature,Paved,,Minor Injury,0,1,0,1,0,0,2000,1,1,,POINT (-93.990620665256 43.064215461629)
2014793477,20140403EEP,04/03/2014,04-April,5-Thursday,09:40,0900 Hours,District 5 (Southeast),OSCEOLA,CLARKE,US 34,US 34/W MC LANE ST & S GUSTIN ST,Collision with:  Vehicle in traffic,On Roadway,Head-on (front to front),FTYROW:  Making left turn,None Indicated,,Daylight,Wet,"Fog, smoke, smog",None apparent,Non-intersection:  Driveway access (within),Paved,,Property Damage Only,0,0,0,0,0,0,1900,2,3,,POINT (-93.776964435309 41.030548803114)
2014793434,14-0951,04/03/2014,04-April,5-Thursday,12:59,1200 Hours,District 1 (Central),FORT DODGE,WEBSTER,,10TH AVE N,Collision with:  Vehicle in traffic,On Roadway,Broadside (front to side),FTYROW:  From driveway,None Indicated,,Daylight,Wet,Cloudy,None apparent,Non-intersection:  Driveway access (within),Paved,,Property Damage Only,0,0,0,0,0,0,3050,2,2,,POINT (-94.167954232197 42.515607423117)
2014793881,14-9864,04/03/2014,04-April,5-Thursday,15:35,1500 Hours,District 3 (Northwest),SIOUX CITY,WOODBURY,US 20,US 20,Collision with:  Vehicle in traffic,On Roadway,"Sideswipe, same direction",Unknown,None Indicated,,Daylight,Slush,"Sleet, hail",None apparent,Non-intersection:  Non-junction/no special feature,Paved,,Property Damage Only,0,0,0,0,0,0,3500,2,2,,POINT (-96.361351432409 42.444667232775)
2014793879,14-9858,04/03/2014,04-April,5-Thursday,15:30,1500 Hours,District 3 (Northwest),SIOUX CITY,WOODBURY,US 20,US 20 & US 75 & IA 12/IOWA 12,Collision with:  Vehicle in traffic,On Roadway,"Sideswipe, same direction",Lost Control,None Indicated,,Daylight,Wet,Rain,"Surface condition (e.g., wet, icy)",Interchange-related:  Off-ramp,Paved,,Possible/Unknown,0,2,0,0,2,0,9000,2,2,,POINT (-96.323831188064 42.47542367921)
2014794042,2014021069,04/03/2014,04-April,5-Thursday,16:25,1600 Hours,District 3 (Northwest),,WOODBURY,I-29,I-29,Collision with:  Vehicle in traffic,On Roadway,"Sideswipe, opposite direction",Crossed centerline (undivided),None Indicated,,Daylight,Slush,Snow,None apparent,Non-intersection:  Non-junction/no special feature,Paved,,Fatal,1,3,0,3,0,0,33000,3,4,,POINT (-96.280735834763 42.284812522978)
2014793540,14-3721,04/03/2014,04-April,5-Thursday,19:02,1900 Hours,District 3 (Northwest),,SIOUX,US 18,US 18/320TH ST,Non-collision events:  Other non-collision (explain in narrative),On Roadway,Non-collision (single vehicle),Swerving/Evasive Action,None Indicated,,Daylight,Slush,Cloudy,"Surface condition (e.g., wet, icy)",Non-intersection:  Non-junction/no special feature,Paved,,Possible/Unknown,0,1,0,0,1,0,8000,1,1,,POINT (-96.094566518951 43.185944427478)
2014793986,GP20140231,04/03/2014,04-April,5-Thursday,11:01,1100 Hours,District 1 (Central),GRINNELL,POWESHIEK,,MAIN ST,Collision with fixed object:  Other fixed object (explain in narrative),On Roadway,Non-collision (single vehicle),Lost Control,None Indicated,,Daylight,Dry,Cloudy,None apparent,Non-intersection:  Driveway access (within),Paved,,Possible/Unknown,0,1,0,0,1,0,2500,1,1,,POINT (-92.725778360313 41.744542198092)
2014793884,14-9884,04/03/2014,04-April,5-Thursday,19:05,1900 Hours,District 3 (Northwest),SIOUX CITY,WOODBURY,,SUNNYBROOK DR & KNOLLWOOD CT,Collision with fixed object:  Tree,Roadside,Non-collision (single vehicle),Driving too fast for conditions,None Indicated,,Daylight,Slush,"Sleet, hail","Surface condition (e.g., wet, icy)",Non-intersection:  Non-junction/no special feature,Paved,,Property Damage Only,0,0,0,0,0,0,4000,1,1,,POINT (-96.33800704405 42.455165182482)
2014794098,14-001563,04/04/2014,04-April,6-Friday,09:46,0900 Hours,District 2 (Northeast),GARNER,HANCOCK,US 18,US 18,Collision with:  Vehicle in traffic,On Roadway,"Sideswipe, opposite direction",Crossed centerline (undivided),None Indicated,,Daylight,Snow,"Blowing sand, soil, dirt","Surface condition (e.g., wet, icy)",Non-intersection:  Non-junction/no special feature,Paved,,Property Damage Only,0,0,0,0,0,0,5500,2,2,,POINT (-93.643040146747 43.10485933888)
2014793790,20140009009,04/04/2014,04-April,6-Friday,12:30,1200 Hours,District 1 (Central),DES MOINES,POLK,,E 34TH ST,Collision with:  Vehicle in traffic,On Roadway,Broadside (front to side),FTYROW:  From driveway,None Indicated,,Daylight,Dry,Clear,None apparent,Non-intersection:  Driveway access (within),Paved,,Property Damage Only,0,0,0,0,0,0,2500,2,2,,POINT (-93.549423028144 41.601189080265)
2014793778,20140008901,04/04/2014,04-April,6-Friday,13:35,1300 Hours,District 1 (Central),DES MOINES,POLK,,CLARK ST & MLK JR PKWY,Collision with:  Vehicle in traffic,On Roadway,Broadside (front to side),Driver Distraction:  Manual operation of an electronic communication device,None Indicated,,Daylight,Dry,Cloudy,None apparent,Non-intersection:  Non-junction/no special feature,Paved,,Property Damage Only,0,0,0,0,0,0,6000,2,2,,POINT (-93.643861897991 41.605896134363)
2014793835,2014-6137,04/04/2014,04-April,6-Friday,16:49,1600 Hours,District 6 (East Central),BETTENDORF,SCOTT,,MIDDLE RD & WOODFIELD DR,Collision with:  Vehicle in traffic,On Roadway,"Angle, oncoming left turn",Made improper turn,None Indicated,,Daylight,Dry,Cloudy,None apparent,Non-intersection:  Non-junction/no special feature,Paved,,Property Damage Only,0,0,0,0,0,0,7500,2,2,,POINT (-90.473834988999 41.556710631327)
2014793786,20140008895,04/04/2014,04-April,6-Friday,11:46,1100 Hours,District 1 (Central),DES MOINES,POLK,,E HARTFORD AVE,Collision with fixed object:  Utility pole/light support,On Roadway,Non-collision (single vehicle),Swerving/Evasive Action,None Indicated,,Daylight,Dry,Cloudy,None apparent,Non-intersection:  Non-junction/no special feature,Paved,,Major Injury,0,1,1,0,0,0,8000,1,1,,POINT (-93.585100919649 41.570829703216)
2014795265,2014021133,04/04/2014,04-April,6-Friday,06:20,0600 Hours,District 1 (Central),,POWESHIEK,I-80,I-80 & Co Rd T60/100TH ST,Collision with fixed object:  Guardrail - face,Median,Non-collision (single vehicle),Ran off road - left,None Indicated,,Dark - roadway not lighted,Wet,Rain,None apparent,Non-intersection:  Other non-intersection (explain in narrative),Paved,,Property Damage Only,0,0,0,0,0,0,33297,1,1,,POINT (-92.590799152243 41.695799775494)
2014796622,14-025,04/04/2014,04-April,6-Friday,05:22,0500 Hours,District 3 (Northwest),SIOUX CENTER,SIOUX,US 75,US 75/N MAIN AVE,Collision with:  Vehicle in traffic,On Roadway,Broadside (front to side),FTYROW:  From driveway,None Indicated,,Dark - roadway lighted,Snow,Snow,None apparent,Non-intersection:  Driveway access (within),Paved,,Property Damage Only,0,0,0,0,0,0,1700,2,2,,POINT (-96.175735832794 43.087834791637)
2014794517,14-003355,04/04/2014,04-April,6-Friday,14:29,1400 Hours,District 3 (Northwest),,CARROLL,,Co Rd N20/IVY AVE,Collision with:  Vehicle in traffic,On Roadway,"Sideswipe, same direction",Other (explain in narrative):  Other,None Indicated,,Daylight,Dry,Cloudy,None apparent,Non-intersection:  Driveway access (within),Paved,,Property Damage Only,0,0,0,0,0,0,6000,2,2,,POINT (-94.936520631647 42.176948399277)
2014794028,14-9984,04/04/2014,04-April,6-Friday,17:27,1700 Hours,District 3 (Northwest),SIOUX CITY,WOODBURY,,TRI-VIEW AVE & HAMILTON BLVD,Collision with:  Vehicle in traffic,On Roadway,Rear-end (front to rear),Other (explain in narrative):  Other,None Indicated,,Daylight,Dry,Clear,None apparent,Intersection:  Four-way intersection,Paved,,Property Damage Only,0,0,0,0,0,0,3000,2,3,,POINT (-96.424223681915 42.494444901847)
2014794024,14-9946,04/04/2014,04-April,6-Friday,11:30,1100 Hours,District 3 (Northwest),SIOUX CITY,WOODBURY,,14TH ST,Collision with:  Vehicle in traffic,On Roadway,"Angle, oncoming left turn",FTYROW:  Making left turn,None Indicated,,Daylight,Wet,Clear,None apparent,Non-intersection:  Alley,Paved,,Property Damage Only,0,0,0,0,0,0,3000,2,3,,POINT (-96.407301964374 42.505025828353)
2014800094,P-IN-14-0069,04/04/2014,04-April,6-Friday,22:34,2200 Hours,District 5 (Southeast),WASHINGTON,WASHINGTON,,S B AVE,Non-collision events:  Other non-collision (explain in narrative),On Roadway,Non-collision (single vehicle),Swerving/Evasive Action,Alcohol (< Statutory),,Dark - roadway lighted,Dry,Clear,None apparent,Non-intersection:  Non-junction/no special feature,Paved,,Minor Injury,0,1,0,1,0,0,400,1,1,,POINT (-91.694444816256 41.293453907389)
2014796197,14-014,04/04/2014,04-April,6-Friday,11:12,1100 Hours,District 3 (Northwest),KNIERIM,CALHOUN,,Co Rd D26/230TH ST & ZEARING AVE,Non-collision events:  Overturn/rollover,Roadside,Non-collision (single vehicle),Ran off road - right,None Indicated,,Daylight,Slush,Severe winds,"Surface condition (e.g., wet, icy)",Non-intersection:  Non-junction/no special feature,Paved,,Possible/Unknown,0,1,0,0,1,0,5000,1,1,,POINT (-94.417126664018 42.456268197457)
2014793568,14-9929,04/04/2014,04-April,6-Friday,07:55,0700 Hours,District 3 (Northwest),SIOUX CITY,WOODBURY,I-29,I-29,Collision with:  Vehicle in traffic,On Roadway,Rear-end (front to rear),Lost Control,None Indicated,,Daylight,Wet,Cloudy,Debris,Non-intersection:  Other non-intersection (explain in narrative),Paved,,Property Damage Only,0,0,0,0,0,0,3250,2,2,,POINT (-96.392245450703 42.484735656809)
2014795105,2014-20495,04/04/2014,04-April,6-Friday,22:10,2200 Hours,District 6 (East Central),DAVENPORT,SCOTT,,W 35TH ST & WASHINGTON ST,Collision with:  Parked motor vehicle,On Roadway,"Sideswipe, same direction",Lost Control,None Indicated,,Dark - roadway lighted,Dry,Clear,None apparent,Non-intersection:  Non-junction/no special feature,Paved,,Property Damage Only,0,0,0,0,0,0,5000,2,1,,POINT (-90.596250665673 41.555616762139)
2014793820,S14-001057,04/04/2014,04-April,6-Friday,07:39,0700 Hours,District 4 (Southwest),,POTTAWATTAMIE,,Co Rd G36/BADGER AVE/205TH ST,Non-collision events:  Overturn/rollover,On Roadway,Non-collision (single vehicle),Swerving/Evasive Action,None Indicated,,Daylight,Ice/frost,Clear,"Surface condition (e.g., wet, icy)",Intersection:  T-intersection,Paved,,Possible/Unknown,0,1,0,0,1,0,2500,1,1,,POINT (-95.794345135083 41.35086173136)
2014793794,20140008874,04/04/2014,04-April,6-Friday,00:00,0000 Hours,District 1 (Central),DES MOINES,POLK,,E 25TH ST,Collision with:  Vehicle in traffic,On Roadway,"Sideswipe, opposite direction",Improper Backing,None Indicated,,Dark - roadway lighted,Dry,Cloudy,None apparent,Non-intersection:  Non-junction/no special feature,Paved,,Property Damage Only,0,0,0,0,0,0,3500,2,1,,POINT (-93.570730227814 41.603364110583)
2014793839,2014-20415,04/04/2014,04-April,6-Friday,15:02,1500 Hours,District 6 (East Central),DAVENPORT,SCOTT,,N PINE ST,Collision with fixed object:  Traffic sign support,Shoulder,Non-collision (single vehicle),Ran off road - right,None Indicated,,Daylight,Dry,Cloudy,None apparent,Non-intersection:  Non-junction/no special feature,Paved,,Property Damage Only,0,0,0,0,0,0,4500,1,1,,POINT (-90.610895793816 41.561992468671)
2014793656,14-002663,04/04/2014,04-April,6-Friday,21:25,2100 Hours,District 6 (East Central),,DELAWARE,US 20,US 20,Collision with:  Animal,,,Animal,None Indicated,,,,,,,Paved,,Property Damage Only,0,0,0,0,0,0,2000,1,1,,POINT (-91.247151393894 42.470716557185)
2014844629,2014-000862,04/04/2014,04-April,6-Friday,08:15,0800 Hours,District 2 (Northeast),,ALLAMAKEE,,Co Rd A52/OLD HIGHWAY 9 & Co Rd W60/OLD STAGE RD,Collision with:  Vehicle in traffic,On Roadway,Rear-end (front to rear),Driving too fast for conditions,None Indicated,,Daylight,Snow,Snow,"Surface condition (e.g., wet, icy)",Intersection:  Four-way intersection,Paved,,Property Damage Only,0,0,0,0,0,0,3700,2,2,,POINT (-91.527687950093 43.26936164236)
2014793920,14-032618,04/04/2014,04-April,6-Friday,20:55,2000 Hours,District 2 (Northeast),RAYMOND,BLACK HAWK,US 20,US 20,Collision with:  Animal,,,Animal,None Indicated,,,,,,,Paved,,Property Damage Only,0,0,0,0,0,0,3000,1,1,,POINT (-92.088125142542 42.449316132348)
2014794011,S14-3264,04/04/2014,04-April,6-Friday,07:30,0700 Hours,District 3 (Northwest),,WOODBURY,,Co Rd K29/OLD LAKEPORT RD,Collision with fixed object:  Curb/island/raised median,On Roadway,Non-collision (single vehicle),Ran off road - right,None Indicated,,Daylight,Slush,Snow,"Surface condition (e.g., wet, icy)",Non-intersection:  Non-junction/no special feature,Paved,,Property Damage Only,0,0,0,0,0,0,2600,1,1,,POINT (-96.344216828295 42.426547487492)
2014795266,2014021268,04/04/2014,04-April,6-Friday,12:50,1200 Hours,District 6 (East Central),IOWA CITY,JOHNSON,I-80,I-80,Collision with:  Animal,,Non-collision (single vehicle),Animal,None Indicated,,,,,,,Paved,,Property Damage Only,0,0,0,0,0,0,3000,1,1,,POINT (-91.502459324023 41.686140017188)
2014794061,,04/04/2014,04-April,6-Friday,20:34,2000 Hours,District 2 (Northeast),HUMBOLDT,HUMBOLDT,IA 3,IA 3/10TH AVE N/220TH ST & 1ST ST N & MONTANA AVE,Collision with:  Animal,On Roadway,Non-collision (single vehicle),Animal,None Indicated,,Dark - roadway not lighted,Dry,Clear,None apparent,Non-intersection:  Non-junction/no special feature,Paved,,Property Damage Only,0,0,0,0,0,0,1500,1,1,,POINT (-94.20754793835 42.731698617993)
2014795135,2014021331,04/04/2014,04-April,6-Friday,16:45,1600 Hours,District 6 (East Central),,JOHNSON,,Co Rd W60/HWY 965 NW,Collision with:  Vehicle in traffic,On Roadway,Rear-end (front to rear),Followed too close,None Indicated,,Daylight,Dry,Cloudy,None apparent,Non-intersection:  Non-junction/no special feature,Paved,,Possible/Unknown,0,4,0,0,4,0,13000,2,4,,POINT (-91.673989454048 41.828221717044)
2014795655,2014-06774,04/04/2014,04-April,6-Friday,19:35,1900 Hours,District 5 (Southeast),,WARREN,,Co Rd S31/240TH AVE & POLK ST,Collision with:  Vehicle in traffic,On Roadway,Rear-end (front to rear),Ran Stop Sign,Alcohol (Statutory),,Dusk,"Mud, dirt",Clear,None apparent,Intersection:  T-intersection,Unpaved,,Property Damage Only,0,0,0,0,0,0,2500,2,2,,POINT (-93.347393738868 41.262834191038)
2014795895,,04/04/2014,04-April,6-Friday,08:03,0800 Hours,District 5 (Southeast),FORT MADISON,LEE,,AVE E & 17TH ST,Collision with:  Vehicle in traffic,On Roadway,"Angle, oncoming left turn",FTYROW:  Making left turn,None Indicated,,Daylight,Wet,Cloudy,None apparent,Intersection:  Four-way intersection,Paved,,Property Damage Only,0,0,0,0,0,0,1500,2,2,,POINT (-91.328278212101 40.633187603229)
2014793713,14006751,04/04/2014,04-April,6-Friday,15:51,1500 Hours,District 6 (East Central),MARION,LINN,,10TH AVE,Collision with:  Vehicle in traffic,On Roadway,Broadside (front to side),Ran Traffic Signal,None Indicated,,Daylight,Dry,Cloudy,None apparent,Intersection:  Four-way intersection,Paved,,Minor Injury,0,1,0,1,0,0,15000,2,5,,POINT (-91.553185317915 42.035749347419)
2014796041,14-002101,04/04/2014,04-April,6-Friday,05:50,0500 Hours,District 1 (Central),,HAMILTON,US 20,US 20,Non-collision events:  Overturn/rollover,Median,Non-collision (single vehicle),Driving too fast for conditions,None Indicated,,Dark - roadway not lighted,Ice/frost,Snow,"Surface condition (e.g., wet, icy)",Non-intersection:  Non-junction/no special feature,Paved,,Possible/Unknown,0,1,0,0,0,1,3500,1,3,,POINT (-93.726071282078 42.449076712635)
2014793699,2014003570,04/04/2014,04-April,6-Friday,12:01,1200 Hours,District 6 (East Central),IOWA CITY,JOHNSON,,S GILBERT ST,Collision with:  Vehicle in traffic,On Roadway,Rear-end (front to rear),"Operating vehicle in an reckless, erratic, careless, negligent manner",None Indicated,,Daylight,Dry,Cloudy,None apparent,Intersection:  Four-way intersection,Paved,,Property Damage Only,0,0,0,0,0,0,2000,2,3,,POINT (-91.531990086373 41.649268798419)
2014793637,040414-75,04/04/2014,04-April,6-Friday,09:30,0900 Hours,District 3 (Northwest),,BUENA VISTA,,Co Rd M31/50TH AVE & 560TH ST,Non-collision events:  Other non-collision (explain in narrative),On Roadway,Non-collision (single vehicle),Crossed centerline (undivided),None Indicated,,Daylight,Snow,Cloudy,"Surface condition (e.g., wet, icy)",Non-intersection:  Non-junction/no special feature,Paved,,Possible/Unknown,0,1,0,0,1,0,5050,1,1,,POINT (-95.309232474216 42.705612589395)
2014809957,142154PD,04/04/2014,04-April,6-Friday,09:48,0900 Hours,District 1 (Central),BOONE,BOONE,,8TH ST & CRAWFORD ST,Collision with:  Vehicle in traffic,On Roadway,"Sideswipe, same direction",FTYROW:  Other (explain in narrative),None Indicated,,Daylight,Wet,Cloudy,None apparent,Non-intersection:  Driveway access (within),Paved,,Property Damage Only,0,0,0,0,0,0,2500,2,2,,POINT (-93.886695577788 42.06373490096)
2014793781,20140008943,04/04/2014,04-April,6-Friday,19:48,1900 Hours,District 1 (Central),DES MOINES,POLK,,MONDAMIN AVE & 21ST ST,Collision with:  Non-motorist (see non-motorist section - NOT a unit),On Roadway,Non-collision (single vehicle),Other (explain in narrative):  Other,None Indicated,,Dark - roadway lighted,Dry,Clear,None apparent,Non-intersection:  Non-junction/no special feature,Paved,,Possible/Unknown,0,1,0,0,1,0,0,1,1,,POINT (-93.645877644792 41.608262732211)
2014793779,20140008918,04/04/2014,04-April,6-Friday,15:25,1500 Hours,District 1 (Central),DES MOINES,POLK,,UNIVERSITY AVE & 7TH ST,Collision with:  Vehicle in traffic,On Roadway,"Angle, oncoming left turn",FTYROW:  Making left turn,None Indicated,,Daylight,Dry,Cloudy,Other (explain in narrative),Intersection:  T-intersection,Paved,,Property Damage Only,0,0,0,0,0,0,1700,2,2,,POINT (-93.626951527812 41.60081945118)
2014794238,52-2014,04/04/2014,04-April,6-Friday,10:10,1000 Hours,District 4 (Southwest),,HARRISON,,Co Rd F32/194TH ST,Collision with fixed object:  Ditch,On Roadway,Non-collision (single vehicle),Driving too fast for conditions,None Indicated,,Daylight,Slush,Cloudy,"Surface condition (e.g., wet, icy)",Non-intersection:  Non-junction/no special feature,Paved,,Property Damage Only,0,0,0,0,0,0,10000,1,1,,POINT (-95.735944810273 41.733045322713)
2014794306,14-0963,04/04/2014,04-April,6-Friday,15:45,1500 Hours,District 1 (Central),FORT DODGE,WEBSTER,,5TH AVE S,Collision with:  Vehicle in traffic,On Roadway,Rear-end (front to rear),Other (explain in narrative):  Other,None Indicated,,Daylight,Dry,Cloudy,None apparent,Non-intersection:  Non-junction/no special feature,Paved,,Property Damage Only,0,0,0,0,0,0,2000,2,2,,POINT (-94.157912476957 42.501165124533)
2014793757,2014040403,04/04/2014,04-April,6-Friday,14:15,1400 Hours,District 4 (Southwest),SHENANDOAH,PAGE,,W SHERIDAN AVE & N BLOSSOM ST,Collision with:  Vehicle in traffic,On Roadway,Broadside (front to side),FTYROW:  From stop sign,None Indicated,,Daylight,Dry,Cloudy,None apparent,Intersection:  Four-way intersection,Paved,,Property Damage Only,0,0,0,0,0,0,3500,2,2,,POINT (-95.372505162672 40.765951994443)
2014793814,14-1578,04/04/2014,04-April,6-Friday,14:45,1400 Hours,District 1 (Central),WEST DES MOINES,POLK,,WESTOWN PKWY & 35TH ST/VALLEY WEST DR,Collision with:  Vehicle in traffic,On Roadway,Broadside (front to side),Ran Traffic Signal,None Indicated,,Daylight,Dry,Cloudy,None apparent,Intersection:  Four-way intersection,Paved,,Property Damage Only,0,0,0,0,0,0,1500,2,3,,POINT (-93.751845756921 41.594540080136)
2014793789,20140008934,04/04/2014,04-April,6-Friday,17:59,1700 Hours,District 1 (Central),DES MOINES,POLK,,RACCOON ST & SE 30TH ST,Collision with fixed object:  Utility pole/light support,On Roadway,Non-collision (single vehicle),Lost Control,Alcohol (Statutory),,Daylight,Dry,Clear,None apparent,Intersection:  Other intersection (explain in narrative),Paved,,Property Damage Only,0,0,0,0,0,0,4500,1,1,,POINT (-93.558348524662 41.585581540603)
2014795957,14-0842,04/04/2014,04-April,6-Friday,06:36,0600 Hours,District 2 (Northeast),OSAGE,MITCHELL,,N 2ND ST,Collision with fixed object:  Tree,Outside trafficway,Non-collision (single vehicle),Ran off road - left,None Indicated,,Dawn,Ice/frost,Snow,"Surface condition (e.g., wet, icy)",Non-intersection:  Non-junction/no special feature,Paved,,Possible/Unknown,0,1,0,0,1,0,3620,1,1,,POINT (-92.81999735676 43.292220990296)
2014794012,14-10002,04/04/2014,04-April,6-Friday,17:00,1700 Hours,District 3 (Northwest),SIOUX CITY,WOODBURY,IA 77,US 77,Collision with:  Vehicle in traffic,On Roadway,Rear-end (front to rear),Other (explain in narrative):  Other,None Indicated,,Daylight,Dry,Cloudy,None apparent,Intersection:  Four-way intersection,Paved,,Property Damage Only,0,0,0,0,0,0,2000,2,2,,POINT (-96.412881880147 42.491731084331)
2014793780,20140008931,04/04/2014,04-April,6-Friday,17:05,1700 Hours,District 1 (Central),DES MOINES,POLK,,INDIANOLA AVE,Collision with:  Vehicle in traffic,On Roadway,Broadside (front to side),FTYROW:  From driveway,None Indicated,,Daylight,Dry,Cloudy,None apparent,Non-intersection:  Driveway access (within),Paved,,Property Damage Only,0,0,0,0,0,0,2600,2,2,,POINT (-93.602183377168 41.558176333683)
2014802952,A14025,04/04/2014,04-April,6-Friday,14:20,1400 Hours,District 5 (Southeast),KNOXVILLE,MARION,,W MAIN ST & S BROBST ST & N BROBST ST,Collision with:  Parked motor vehicle,On Roadway,"Sideswipe, same direction",Swerving/Evasive Action,None Indicated,,Daylight,Dry,Clear,None apparent,Non-intersection:  Non-junction/no special feature,Paved,,Property Damage Only,0,0,0,0,0,0,4500,2,5,,POINT (-93.103172454763 41.318944110215)
2014794089,CL14000976,04/04/2014,04-April,6-Friday,15:23,1500 Hours,District 6 (East Central),CLINTON,CLINTON,,N 13TH ST,Collision with:  Parked motor vehicle,Shoulder,Rear-end (front to rear),Driver Distraction:  Passenger,None Indicated,,Daylight,Dry,Cloudy,None apparent,Non-intersection:  Non-junction/no special feature,Paved,,Property Damage Only,0,0,0,0,0,0,4000,2,3,,POINT (-90.216579886447 41.855535736662)
2014794125,000637,04/04/2014,04-April,6-Friday,03:06,0300 Hours,District 2 (Northeast),SAINT ANSGAR,MITCHELL,,Co Rd T26/FOOTHILL AVE,Non-collision events:  Overturn/rollover,Outside trafficway,Non-collision (single vehicle),Ran off road - left,None Indicated,,Dark - roadway not lighted,Snow,Snow,"Surface condition (e.g., wet, icy)",Non-intersection:  Non-junction/no special feature,Paved,,Property Damage Only,0,0,0,0,0,0,2500,1,2,,POINT (-92.924997375168 43.335235917796)
2014794984,,04/04/2014,04-April,6-Friday,06:37,0600 Hours,District 2 (Northeast),,BUTLER,IA 14,IA 14/IOWA 14 & Co Rd C33/180 ST,Collision with fixed object:  Ditch,On Roadway,Rear-end (front to rear),Driving too fast for conditions,None Indicated,,Dawn,Snow,Snow,None apparent,Non-intersection:  Non-junction/no special feature,Paved,,Possible/Unknown,0,1,0,0,1,0,4000,2,3,,POINT (-92.810007778276 42.788355758788)
2014793797,20140008936,04/04/2014,04-April,6-Friday,18:16,1800 Hours,District 1 (Central),DES MOINES,POLK,,E PORTER AVE & SE 5TH ST,Collision with:  Vehicle in traffic,On Roadway,Broadside (front to side),Crossed centerline (undivided),None Indicated,,Daylight,Dry,Clear,None apparent,Intersection:  Four-way intersection,Paved,,Possible/Unknown,0,1,0,0,1,0,4500,2,3,,POINT (-93.606474920537 41.533626845322)
2014793646,14005092,04/04/2014,04-April,6-Friday,07:31,0700 Hours,District 2 (Northeast),MASON CITY,CERRO GORDO,,14TH ST NW & N WASHINGTON AVE,Collision with:  Vehicle in traffic,On Roadway,Broadside (front to side),Driving too fast for conditions,None Indicated,,Daylight,Ice/frost,Snow,"Surface condition (e.g., wet, icy)",Intersection:  Four-way intersection,Paved,,Property Damage Only,0,0,0,0,0,0,3900,2,56,,POINT (-93.202286665817 43.16450573751)
2014808758,,04/04/2014,04-April,6-Friday,19:11,1900 Hours,District 3 (Northwest),POCAHONTAS,POCAHONTAS,,3RD AVE NW & NW 2ND ST & SW COURT SQUARE,Collision with:  Vehicle in traffic,On Roadway,Broadside (front to side),FTYROW:  From stop sign,None Indicated,,Dusk,Dry,Cloudy,None apparent,Intersection:  Five points or more,Paved,,Property Damage Only,0,0,0,0,0,0,1559,2,4,,POINT (-94.671635761375 42.735418805175)