Iowa DOT Case Number,Law Enforcement Case Number,Date of Crash,Month of Crash,Day of Week,Time of Crash,Hour,DOT District,City Name,County Name,Route with System,Location Description,First Harmful Event,Location of First Harmful Event,Manner of Crash/Collision,Major Cause,Drug or Alcohol ,Environmental Conditions,Light Conditions,Surface Conditions,Weather Conditions,Roadway Contribution,Roadway Type,Roadway Surface,Work Zone,Crash Severity,Number of Fatalities,Number of Injuries,Number of Major Injuries,Number of Minor Injuries,Number of Possible Injuries,Number of Unknown Injuries,Amount of Property Damage,Number of Vehicles Involved,Total Number of Occupants,Travel Direction,Location
2014793679,2014-1456,04/04/2014,04-April,6-Friday,06:24,0600 Hours,District 1 (Central),,HARDIN,US 20,US 20,Collision with fixed object:  Ditch,On Roadway,Non-collision (single vehicle),Ran off road - right,None Indicated,,Dawn,Snow,Cloudy,None apparent,Non-intersection:  Non-junction/no special feature,Paved,,Property Damage Only,0,0,0,0,0,0,5000,1,2,,POINT (-93.412980649574 42.448281820402)
2014799905,,04/04/2014,04-April,6-Friday,06:47,0600 Hours,District 2 (Northeast),CLEAR LAKE,CERRO GORDO,,S 24TH ST & 4TH AVE S,Unknown,On Roadway,Broadside (front to side),FTYROW:  From stop sign,None Indicated,,Dawn,Snow,Snow,"Surface condition (e.g., wet, icy)",Intersection:  Four-way intersection,Paved,,Property Damage Only,0,0,0,0,0,0,2500,2,2,,POINT (-93.359541442521 43.1337463079)
2014794026,14-9955,04/04/2014,04-April,6-Friday,13:50,1300 Hours,District 3 (Northwest),SIOUX CITY,WOODBURY,,JONES ST,Collision with:  Vehicle in traffic,On Roadway,"Sideswipe, same direction",FTYROW:  From parked position,None Indicated,,Daylight,Slush,Cloudy,None apparent,Non-intersection:  Non-junction/no special feature,Paved,,Property Damage Only,0,0,0,0,0,0,5300,2,3,,POINT (-96.400865793607 42.499895576218)
2014797523,2014021169,04/04/2014,04-April,6-Friday,06:45,0600 Hours,District 3 (Northwest),BRONSON,WOODBURY,,Co Rd D25/OLD HWY 141,Collision with fixed object:  Ditch,On Roadway,Non-collision (single vehicle),Ran off road - left,None Indicated,,Dawn,Slush,Clear,"Surface condition (e.g., wet, icy)",Non-intersection:  Non-junction/no special feature,Paved,,Property Damage Only,0,0,0,0,0,0,1600,1,1,,POINT (-96.225248407463 42.387908156241)
2014793847,14-000646,04/04/2014,04-April,6-Friday,19:30,1900 Hours,District 1 (Central),AMES,STORY,,IOWA STATE UNIVERSITY,Collision with:  Vehicle in traffic,On Roadway,Broadside (front to side),Other (explain in narrative):  No improper action,None Indicated,,Dusk,Dry,Clear,None apparent,Non-intersection:  Non-junction/no special feature,Paved,,Property Damage Only,0,0,0,0,0,0,2700,2,4,,POINT (-93.633797568649 42.020341492052)
2014795711,,04/04/2014,04-April,6-Friday,08:12,0800 Hours,District 2 (Northeast),NEW HAMPTON,CHICKASAW,,W PROSPECT ST & N MAPLE AVE,Collision with:  Vehicle in traffic,On Roadway,Broadside (front to side),FTYROW:  From yield sign,None Indicated,,Daylight,Slush,Cloudy,None apparent,Intersection:  Four-way intersection,Paved,,Property Damage Only,0,0,0,0,0,0,3000,2,5,,POINT (-92.32041327857 43.060172837993)
2014793929,201401386,04/04/2014,04-April,6-Friday,21:04,2100 Hours,District 1 (Central),,BOONE,US 30,US 30/220TH ST,Collision with:  Animal,,,Animal,None Indicated,,,,,,,Paved,,Property Damage Only,0,0,0,0,0,0,2800,1,1,,POINT (-93.907278055113 42.034789341747)
2014798051,14-002312,04/04/2014,04-April,6-Friday,15:14,1500 Hours,District 2 (Northeast),GARNAVILLO,CLAYTON,,Co Rd X56/GREAT RIVER RD,Collision with fixed object:  Ditch,On Roadway,Non-collision (single vehicle),Swerving/Evasive Action,None Indicated,,Daylight,Dry,Clear,None apparent,Non-intersection:  Non-junction/no special feature,Paved,,Major Injury,0,3,1,1,1,0,3000,1,3,,POINT (-91.161980862391 42.891987576006)
2014794127,14-002034,04/04/2014,04-April,6-Friday,00:30,0000 Hours,District 3 (Northwest),,MONONA,I-29,I-29 & Co Rd E24/160TH ST,Collision with fixed object:  Guardrail - face,Roadside,Non-collision (single vehicle),Crossed centerline (undivided),None Indicated,,Dark - roadway not lighted,Ice/frost,Snow,"Surface condition (e.g., wet, icy)",Non-intersection:  Non-junction/no special feature,Paved,,Property Damage Only,0,0,0,0,0,0,4500,1,1,,POINT (-96.204263518982 42.127769407388)
2014794451,2014021341,04/04/2014,04-April,6-Friday,16:45,1600 Hours,District 1 (Central),,POLK,I-80,I-80,Collision with:  Vehicle in traffic,On Roadway,Rear-end (front to rear),FTYROW:  Other (explain in narrative),None Indicated,,Daylight,Dry,Cloudy,None apparent,Non-intersection:  Non-junction/no special feature,Paved,,Property Damage Only,0,0,0,0,0,0,4000,2,3,,POINT (-93.547632724275 41.656240638437)
2014793913,,04/04/2014,04-April,6-Friday,08:30,0800 Hours,District 6 (East Central),,JOHNSON,IA 1,IA 1/IOWA 1,Collision with:  Vehicle in traffic,On Roadway,Rear-end (front to rear),Unknown,None Indicated,,Daylight,Dry,Rain,,Non-intersection:  Non-junction/no special feature,Paved,,Possible/Unknown,0,1,0,0,1,0,6000,2,3,,POINT (-91.483482092903 41.707831626555)
2014793799,20140008942,04/04/2014,04-April,6-Friday,19:56,1900 Hours,District 1 (Central),DES MOINES,POLK,IA 28,IA 28/63RD ST & WINONA AVE & MAPLE ST,Collision with:  Vehicle in traffic,On Roadway,"Angle, oncoming left turn",FTYROW:  From stop sign,None Indicated,,Dark - unknown roadway lighting,Dry,Clear,None apparent,Intersection:  T-intersection,Paved,,Property Damage Only,0,0,0,0,0,0,4492,2,2,,POINT (-93.703259811693 41.571041411846)
2014822104,32027-14,04/04/2014,04-April,6-Friday,14:59,1400 Hours,District 3 (Northwest),ARMSTRONG,EMMET,,Co Rd A33/210 ST,Collision with fixed object:  Mailbox,On Roadway,Non-collision (single vehicle),Driving too fast for conditions,None Indicated,,Daylight,Dry,Cloudy,None apparent,Non-intersection:  Non-junction/no special feature,Paved,,Property Damage Only,0,0,0,0,0,0,2200,1,1,,POINT (-94.56055967522 43.341919590852)
2014793705,201404671,04/04/2014,04-April,6-Friday,11:20,1100 Hours,District 6 (East Central),CEDAR RAPIDS,LINN,IA 922,IA 922/1ST AVE E & 32ND ST NE & 32ND ST DR SE,Collision with:  Vehicle in traffic,On Roadway,Rear-end (front to rear),Improper or erratic lane changing,None Indicated,,Daylight,Dry,Cloudy,None apparent,Intersection:  Four-way intersection,Paved,,Property Damage Only,0,0,0,0,0,0,2750,2,2,,POINT (-91.634962148168 42.009786173281)
2014795187,14-4265,04/04/2014,04-April,6-Friday,15:20,1500 Hours,District 6 (East Central),BALDWIN,JACKSON,,80 ST,Non-collision events:  Overturn/rollover,On Roadway,Non-collision (single vehicle),Swerving/Evasive Action,None Indicated,,Daylight,"Mud, dirt",Cloudy,None apparent,Non-intersection:  Non-junction/no special feature,Unpaved,,Minor Injury,0,1,0,1,0,0,300,1,1,,POINT (-90.82426759381 42.102135025192)
2014813346,142282,04/04/2014,04-April,6-Friday,04:25,0400 Hours,District 4 (Southwest),,DALLAS,,Co Rd F90/360TH ST,Collision with fixed object:  Utility pole/light support,On Roadway,Non-collision (single vehicle),Other (explain in narrative):  No improper action,None Indicated,,Dark - roadway not lighted,Wet,Snow,Obstruction in roadway,Non-intersection:  Non-junction/no special feature,Paved,,Possible/Unknown,0,1,0,0,1,0,3000,1,1,,POINT (-93.898379777278 41.520493802136)
2014793519,20140008871,04/04/2014,04-April,6-Friday,07:13,0700 Hours,District 1 (Central),DES MOINES,POLK,,CHAMBERLAIN DR & 42ND ST,Collision with:  Non-motorist (see non-motorist section - NOT a unit),On Roadway,Non-collision (single vehicle),Swerving/Evasive Action,None Indicated,,Daylight,Dry,Cloudy,None apparent,Non-intersection:  Non-junction/no special feature,Paved,,Possible/Unknown,0,1,0,0,1,0,5000,1,1,,POINT (-93.674396234326 41.593615359795)
2014794766,14-0180,04/04/2014,04-April,6-Friday,20:30,2000 Hours,District 1 (Central),,WEBSTER,,Co Rd D22/PARKER DR,Collision with:  Animal,,,Animal,None Indicated,,,,,,,Paved,,Property Damage Only,0,0,0,0,0,0,3500,1,1,,POINT (-94.253297963536 42.494136781481)
2014798881,032-038-14,04/04/2014,04-April,6-Friday,08:03,0800 Hours,District 3 (Northwest),ESTHERVILLE,EMMET,,8TH AVE N,Collision with:  Vehicle in traffic,On Roadway,Rear-end (front to rear),Driving too fast for conditions,None Indicated,,Daylight,Snow,Snow,"Surface condition (e.g., wet, icy)",Non-intersection:  Non-junction/no special feature,Paved,,Property Damage Only,0,0,0,0,0,0,7000,2,3,,POINT (-94.832823559124 43.409076019484)
2014793989,2014-20451,04/04/2014,04-April,6-Friday,18:01,1800 Hours,District 6 (East Central),DAVENPORT,SCOTT,,W 15TH ST & GAINES ST,Collision with:  Vehicle in traffic,On Roadway,Broadside (front to side),Ran Stop Sign,None Indicated,,Daylight,Dry,Cloudy,None apparent,Intersection:  Four-way intersection,Paved,,Property Damage Only,0,0,0,0,0,0,2700,2,5,,POINT (-90.582830164291 41.535115892085)
2014793962,14-004038,04/04/2014,04-April,6-Friday,08:29,0800 Hours,District 4 (Southwest),GLENWOOD,MILLS,,LOUISE AVE,Collision with:  Vehicle in traffic,On Roadway,Rear-end (front to rear),Improper Backing,None Indicated,,Daylight,Wet,Cloudy,Work Zone (roadway-related),Intersection:  Y-intersection,Paved,Yes,Property Damage Only,0,0,0,0,0,0,1800,2,2,,POINT (-95.743343909875 41.056369021128)
2014794075,14-002634,04/04/2014,04-April,6-Friday,20:49,2000 Hours,District 4 (Southwest),,CASS,US 71,US 71/630TH ST & JASPER RD,Collision with:  Animal,,Non-collision (single vehicle),Animal,None Indicated,,,,,,,Paved,,Property Damage Only,0,0,0,0,0,0,2000,1,1,,POINT (-94.984278428211 41.374877231126)
2014793798,20140008940,04/04/2014,04-April,6-Friday,19:00,1900 Hours,District 1 (Central),DES MOINES,POLK,IA 163,IA 163/E UNIVERSITY AVE,Collision with:  Vehicle in traffic,On Roadway,Rear-end (front to rear),Unknown,None Indicated,,Dusk,Dry,Clear,None apparent,Non-intersection:  Non-junction/no special feature,Paved,,Possible/Unknown,0,1,0,0,1,0,200,2,2,,POINT (-93.560805346783 41.600530635365)
2014795841,14-1555,04/04/2014,04-April,6-Friday,06:36,0600 Hours,District 1 (Central),AMES,STORY,I-35,I-35 & Co Rd E41/LINCOLN HWY,Collision with fixed object:  Bridge overhead structure,On Roadway,Non-collision (single vehicle),Other (explain in narrative):  No improper action,None Indicated,,Dawn,Ice/frost,Cloudy,"Surface condition (e.g., wet, icy)",Non-intersection:  Other non-intersection (explain in narrative),Paved,,Property Damage Only,0,0,0,0,0,0,1500,1,2,,POINT (-93.571337603863 42.022812951201)
2014794025,14-9954,04/04/2014,04-April,6-Friday,13:31,1300 Hours,District 3 (Northwest),SIOUX CITY,WOODBURY,,HAMILTON BLVD,Collision with:  Vehicle in traffic,On Roadway,"Sideswipe, same direction",Made improper turn,None Indicated,,Daylight,Wet,Cloudy,None apparent,Intersection:  T-intersection,Paved,,Possible/Unknown,0,1,0,0,1,0,1850,2,4,,POINT (-96.41778453833 42.520282027669)
2014796151,14-000404,04/04/2014,04-April,6-Friday,06:22,0600 Hours,District 1 (Central),,STORY,,Co Rd E29/190TH ST & 580TH AVE,Non-collision events:  Overturn/rollover,Shoulder,Non-collision (single vehicle),Driving too fast for conditions,None Indicated,,Dawn,Ice/frost,Cloudy,"Surface condition (e.g., wet, icy)",Non-intersection:  Non-junction/no special feature,Paved,,Minor Injury,0,1,0,1,0,0,7000,1,2,,POINT (-93.541016533528 42.078016888465)
2014793937,4-4-14 100,04/04/2014,04-April,6-Friday,13:04,1300 Hours,District 3 (Northwest),STORM LAKE,BUENA VISTA,IA 7,IA 7/W MILWAUKEE AVE,Collision with:  Vehicle in traffic,Outside trafficway,Rear-end (front to rear),Other (explain in narrative):  No improper action,None Indicated,,Daylight,Wet,Cloudy,None apparent,Non-intersection:  Non-junction/no special feature,Paved,,Property Damage Only,0,0,0,0,0,0,4500,2,2,,POINT (-95.218031609344 42.64816269562)
2014793818,S14-001055,04/04/2014,04-April,6-Friday,04:57,0400 Hours,District 4 (Southwest),,POTTAWATTAMIE,US 6,US 6,Non-collision events:  Overturn/rollover,Shoulder,Non-collision (single vehicle),Driving too fast for conditions,None Indicated,,Dark - roadway not lighted,Wet,"Sleet, hail",None apparent,Non-intersection:  Non-junction/no special feature,Paved,,Property Damage Only,0,0,0,0,0,0,5000,1,1,,POINT (-95.606944603726 41.289433804423)
2014793748,2014003069,04/04/2014,04-April,6-Friday,05:53,0500 Hours,District 1 (Central),MARSHALLTOWN,MARSHALL,IA 14,IA 14/E ANSON ST/S 3RD AVE,Collision with:  Vehicle in traffic,On Roadway,Broadside (front to side),FTYROW:  From stop sign,None Indicated,,Dark - roadway lighted,Wet,Rain,None apparent,Intersection:  Four-way intersection,Paved,,Property Damage Only,0,0,0,0,0,0,3500,2,2,,POINT (-92.907875153588 42.038167163245)
2014793819,S14-001056,04/04/2014,04-April,6-Friday,04:50,0400 Hours,District 4 (Southwest),,POTTAWATTAMIE,US 6,US 6 & Co Rd L66/340TH ST,Non-collision events:  Overturn/rollover,On Roadway,Non-collision (single vehicle),Ran off road - right,None Indicated,,Dark - roadway not lighted,Snow,Snow,None apparent,Non-intersection:  Non-junction/no special feature,Paved,,Major Injury,0,1,1,0,0,0,6000,1,2,,POINT (-95.536785496329 41.289318016833)
2014796152,14-000406,04/04/2014,04-April,6-Friday,07:45,0700 Hours,District 1 (Central),,STORY,,190TH ST,Collision with fixed object:  Ditch,On Roadway,Non-collision (single vehicle),Crossed centerline (undivided),None Indicated,,Dawn,Ice/frost,Cloudy,"Surface condition (e.g., wet, icy)",Non-intersection:  Non-junction/no special feature,Paved,,Property Damage Only,0,0,0,0,0,0,4500,1,1,,POINT (-93.66250215672 42.077911244239)
2014793897,2014021126,04/04/2014,04-April,6-Friday,06:17,0600 Hours,District 2 (Northeast),,CERRO GORDO,US 18,US 18/NE RAMP/SE RAMP,Collision with:  Vehicle in traffic,On Roadway,"Sideswipe, same direction",Swerving/Evasive Action,None Indicated,,Dark - roadway not lighted,Snow,Snow,"Surface condition (e.g., wet, icy)",Interchange-related:  On-ramp merge area,Paved,,Property Damage Only,0,0,0,0,0,0,6350,2,2,,POINT (-93.255822402821 43.105371628302)
2014793869,14-0958,04/04/2014,04-April,6-Friday,08:05,0800 Hours,District 1 (Central),FORT DODGE,WEBSTER,,Co Rd P56/NELSON AVE & N 15TH ST,Collision with:  Animal,On Roadway,Non-collision (single vehicle),Animal,None Indicated,,Daylight,Ice/frost,Clear,"Surface condition (e.g., wet, icy)",Non-intersection:  Non-junction/no special feature,Paved,,Property Damage Only,0,0,0,0,0,0,4000,1,2,,POINT (-94.178177851861 42.538179038509)
2014793950,P14-003844,04/04/2014,04-April,6-Friday,08:00,0800 Hours,District 1 (Central),WEBSTER CITY,HAMILTON,,ELM ST & BEACH ST,Collision with:  Vehicle in traffic,On Roadway,"Sideswipe, opposite direction",Driving too fast for conditions,None Indicated,,Daylight,Ice/frost,Clear,"Surface condition (e.g., wet, icy)",Non-intersection:  Non-junction/no special feature,Paved,,Property Damage Only,0,0,0,0,0,0,2500,2,4,,POINT (-93.835496518694 42.465010168376)
2014793507,20140008878,04/04/2014,04-April,6-Friday,08:08,0800 Hours,District 1 (Central),DES MOINES,POLK,,BEAVER CREST DR,Collision with:  Vehicle in traffic,On Roadway,Broadside (front to side),FTYROW:  From stop sign,None Indicated,,Daylight,Dry,Cloudy,None apparent,Intersection:  T-intersection,Paved,,Property Damage Only,0,0,0,0,0,0,5000,2,3,,POINT (-93.673210923635 41.618103911959)
2014793871,14-0965,04/04/2014,04-April,6-Friday,18:57,1800 Hours,District 1 (Central),FORT DODGE,WEBSTER,,200TH ST & 5TH AVE S & OLD US 20 & S 42ND ST,Collision with:  Vehicle in traffic,On Roadway,"Angle, oncoming left turn",Ran Traffic Signal,None Indicated,,Daylight,Dry,Clear,None apparent,Intersection:  Four-way intersection,Paved,,Possible/Unknown,0,1,0,0,1,0,4000,2,5,,POINT (-94.128838867413 42.501257085423)
2014822103,32026-14,04/04/2014,04-April,6-Friday,09:58,0900 Hours,District 3 (Northwest),WALLINGFORD,EMMET,IA 4,IA 4/IOWA 4 & WINFIELD ST,Collision with:  Vehicle in traffic,On Roadway,Broadside (front to side),Unknown,None Indicated,,Daylight,Wet,Cloudy,None apparent,Non-intersection:  Non-junction/no special feature,Paved,,Property Damage Only,0,0,0,0,0,0,2800,2,3,,POINT (-94.797022843956 43.32184389775)
2014794736,2014-6468,04/04/2014,04-April,6-Friday,09:15,0900 Hours,District 6 (East Central),DIXON,SCOTT,,WALCOTT ST,Collision with:  Vehicle in traffic,On Roadway,Broadside (front to side),Other (explain in narrative):  Vision obstructed,None Indicated,,Daylight,Dry,Cloudy,None apparent,Non-intersection:  Alley,Paved,,Property Damage Only,0,0,0,0,0,0,4000,2,3,,POINT (-90.782383223142 41.742369496449)
2014795126,2014021362,04/04/2014,04-April,6-Friday,21:00,2100 Hours,District 6 (East Central),,JOHNSON,I-380,I-380,Collision with:  Vehicle in traffic,On Roadway,"Sideswipe, same direction",FTYROW:  Other (explain in narrative),None Indicated,,Dark - roadway lighted,Dry,Cloudy,None apparent,Non-intersection:  Non-junction/no special feature,Paved,,Property Damage Only,0,0,0,0,0,0,3863,2,5,,POINT (-91.642294125809 41.747277326074)
2014793669,01-14-13957,04/04/2014,04-April,6-Friday,21:14,2100 Hours,District 6 (East Central),DUBUQUE,DUBUQUE,,MAIN ST,Collision with:  Vehicle in traffic,On Roadway,Rear-end (front to rear),Lost Control,None Indicated,,Dark - roadway lighted,Dry,Cloudy,None apparent,Non-intersection:  Non-junction/no special feature,Paved,,Property Damage Only,0,0,0,0,0,0,1500,2,2,,POINT (-90.664377896187 42.495673016599)
2014793620,14-32380,04/04/2014,04-April,6-Friday,07:53,0700 Hours,District 2 (Northeast),CEDAR FALLS,BLACK HAWK,,4TH ST,Collision with:  Vehicle in traffic,On Roadway,Rear-end (front to rear),Followed too close,None Indicated,,Daylight,Wet,Rain,None apparent,Non-intersection:  Non-junction/no special feature,Paved,,Property Damage Only,0,0,0,0,0,0,5000,2,2,,POINT (-92.466150024372 42.534959323238)
2014797569,141497,04/04/2014,04-April,6-Friday,07:55,0700 Hours,District 1 (Central),IOWA FALLS,HARDIN,,WASHINGTON AVE,Collision with:  Vehicle in traffic,On Roadway,Rear-end (front to rear),Other (explain in narrative):  No improper action,None Indicated,,Daylight,Ice/frost,Snow,None apparent,Non-intersection:  Other non-intersection (explain in narrative),Paved,,Property Damage Only,0,0,0,0,0,0,6000,3,3,,POINT (-93.2703905919 42.519646306815)
2014793807,14-0718,04/04/2014,04-April,6-Friday,15:32,1500 Hours,District 1 (Central),URBANDALE,POLK,US 6,US 6/HICKMAN RD & 104TH ST,Collision with:  Vehicle in traffic,On Roadway,Broadside (front to side),FTYROW:  Making right turn on red signal,None Indicated,,Daylight,Dry,Cloudy,None apparent,Intersection:  Four-way intersection,Paved,,Property Damage Only,0,0,0,0,0,0,6000,2,2,,POINT (-93.760807560536 41.614864403976)
2014795806,14-001556,04/04/2014,04-April,6-Friday,07:33,0700 Hours,District 1 (Central),AMES,STORY,,24TH ST,Collision with:  Vehicle in traffic,On Roadway,Rear-end (front to rear),Other (explain in narrative):  Other,None Indicated,,Daylight,Wet,Cloudy,None apparent,Non-intersection:  Non-junction/no special feature,Paved,,Property Damage Only,0,0,0,0,0,0,4800,2,2,,POINT (-93.621156776862 42.045710020954)
2014794045,2014021353,04/04/2014,04-April,6-Friday,20:15,2000 Hours,District 2 (Northeast),,WRIGHT,,Co Rd C54/270TH ST,Collision with:  Animal,,,Animal,None Indicated,,,,,,,Paved,,Property Damage Only,0,0,0,0,0,0,2000,1,1,,POINT (-93.955181824632 42.662785328542)
2014794176,2014021117,04/04/2014,04-April,6-Friday,03:45,0300 Hours,District 4 (Southwest),,CASS,I-80,I-80,Non-collision events:  Jackknife,On Roadway,Non-collision (single vehicle),Ran off road - left,None Indicated,,Dark - roadway not lighted,Ice/frost,Snow,"Surface condition (e.g., wet, icy)",Non-intersection:  Other non-intersection (explain in narrative),Paved,,Property Damage Only,0,0,0,0,0,0,15000,1,2,,POINT (-94.944042070247 41.497193452218)
2014793611,,04/04/2014,04-April,6-Friday,06:15,0600 Hours,District 4 (Southwest),,ADAIR,,Co Rd G61/310TH ST,Non-collision events:  Overturn/rollover,On Roadway,Non-collision (single vehicle),Ran off road - left,None Indicated,,Dark - roadway not lighted,Ice/frost,Snow,None apparent,Non-intersection:  Non-junction/no special feature,Paved,,Property Damage Only,0,0,0,0,0,0,15150,1,1,,POINT (-94.388955011461 41.201105601802)
2014793961,14-001327,04/04/2014,04-April,6-Friday,11:55,1100 Hours,District 3 (Northwest),,LYON,,Co Rd A22/170TH ST,Collision with:  Vehicle in traffic,On Roadway,"Sideswipe, same direction",FTYROW:  Other (explain in narrative),None Indicated,,Daylight,Wet,Cloudy,None apparent,Non-intersection:  Driveway access (within),Paved,,Property Damage Only,0,0,0,0,0,0,2500,2,3,,POINT (-95.864972745387 43.403468006513)
2014793498,66-000638,04/04/2014,04-April,6-Friday,06:42,0600 Hours,District 2 (Northeast),OSAGE,MITCHELL,US 218,US 218 & MARCH AVE,Collision with:  Vehicle in traffic,On Roadway,Broadside (front to side),Ran Stop Sign,None Indicated,,Daylight,Snow,Snow,"Surface condition (e.g., wet, icy)",Intersection:  Four-way intersection,Paved,,Property Damage Only,0,0,0,0,0,0,4300,2,2,,POINT (-92.7912284638 43.284157978698)
2014794076,14005116,04/04/2014,04-April,6-Friday,14:53,1400 Hours,District 2 (Northeast),MASON CITY,CERRO GORDO,US 65,US 65/S DELAWARE AVE & 1ST ST SE,Collision with:  Vehicle in traffic,Shoulder,Broadside (front to side),Driver Distraction:  Reaching for object(s)/fallen object(s),None Indicated,,Daylight,Dry,Cloudy,None apparent,Intersection:  Other intersection (explain in narrative),Paved,,Possible/Unknown,0,1,0,0,1,0,2500,2,2,,POINT (-93.199400690345 43.150877478871)
2014794461,,04/04/2014,04-April,6-Friday,10:20,1000 Hours,District 2 (Northeast),HANLONTOWN,WORTH,IA 9,IA 9/IOWA 9 & W SUNDOWN DR,Collision with fixed object:  Guardrail - face,Shoulder,Non-collision (single vehicle),Ran off road - left,None Indicated,,Daylight,Snow,"Blowing sand, soil, dirt",None apparent,Non-intersection:  Railroad grade crossing,Paved,,Property Damage Only,0,0,0,0,0,0,55500,1,1,,POINT (-93.383021394562 43.284562671587)
2014793647,14005094,04/04/2014,04-April,6-Friday,08:15,0800 Hours,District 2 (Northeast),MASON CITY,CERRO GORDO,,S PENNSYLVANIA AVE,Collision with:  Vehicle in traffic,On Roadway,Broadside (front to side),FTYROW:  At uncontrolled intersection,None Indicated,,Daylight,Ice/frost,Cloudy,"Surface condition (e.g., wet, icy)",Intersection:  T-intersection,Unpaved,,Possible/Unknown,0,1,0,0,0,1,5000,2,5,,POINT (-93.198420948238 43.14075772259)
2014795656,2014-06796,04/04/2014,04-April,6-Friday,23:03,2300 Hours,District 5 (Southeast),,WARREN,IA 5,IA 5/IOWA 5,Collision with:  Animal,,Non-collision (single vehicle),Animal,None Indicated,,,,,,,Paved,,Property Damage Only,0,0,0,0,0,0,1500,1,1,,POINT (-93.421276683884 41.468484058931)
2014793787,20140008958,04/04/2014,04-April,6-Friday,23:19,2300 Hours,District 1 (Central),DES MOINES,POLK,,GRATIS AVE & SE 8TH ST CT,Collision with fixed object:  Traffic sign support,Shoulder,Non-collision (single vehicle),Ran off road - straight,None Indicated,,Dark - roadway lighted,Dry,Clear,Unknown,Non-intersection:  Non-junction/no special feature,Paved,,Property Damage Only,0,0,0,0,0,0,9300,1,2,,POINT (-93.601555560943 41.569357670464)
2014793965,14013845,04/04/2014,04-April,6-Friday,08:09,0800 Hours,District 5 (Southeast),MUSCATINE,MUSCATINE,,HERSHEY AVE & HOUSER ST,Collision with:  Vehicle in traffic,On Roadway,Rear-end (front to rear),Followed too close,None Indicated,,Daylight,Wet,Cloudy,None apparent,Intersection:  Four-way intersection,Paved,,Property Damage Only,0,0,0,0,0,0,2500,2,2,,POINT (-91.079664030274 41.416935160497)
2014794059,,04/04/2014,04-April,6-Friday,18:20,1800 Hours,District 5 (Southeast),,MUSCATINE,,Co Rd Y36/ZACHARY AVE & ZALE AVE,Non-collision events:  Overturn/rollover,Shoulder,Non-collision (single vehicle),Over correcting/over steering,Alcohol (Statutory),,Daylight,Dry,Clear,None apparent,Intersection:  Y-intersection,Paved,,Property Damage Only,0,0,0,0,0,0,5000,1,1,,POINT (-90.794989856581 41.504193108451)
2014793838,2014-20398,04/04/2014,04-April,6-Friday,14:06,1400 Hours,District 6 (East Central),DAVENPORT,SCOTT,US 6,US 6/E KIMBERLY RD & EASTERN AVE,Collision with:  Vehicle in traffic,On Roadway,"Sideswipe, same direction",FTYROW:  At uncontrolled intersection,None Indicated,,Daylight,Dry,Clear,None apparent,Non-intersection:  Non-junction/no special feature,Paved,,Property Damage Only,0,0,0,0,0,0,3500,2,3,,POINT (-90.551394148392 41.55690335035)
2014810149,14-2153PD,04/04/2014,04-April,6-Friday,13:50,1300 Hours,District 1 (Central),BOONE,BOONE,,8TH ST & CRAWFORD ST,Collision with:  Parked motor vehicle,On Roadway,Rear-end (front to rear),Swerving/Evasive Action,None Indicated,,Daylight,Ice/frost,Cloudy,"Surface condition (e.g., wet, icy)",Non-intersection:  Non-junction/no special feature,Paved,,Property Damage Only,0,0,0,0,0,0,4500,2,1,,POINT (-93.886719998534 42.063752726043)
2014793933,14-086,04/04/2014,04-April,6-Friday,08:07,0800 Hours,District 2 (Northeast),WAVERLY,BREMER,,1ST AVE SW & 5TH ST SW,Collision with:  Vehicle in traffic,On Roadway,"Angle, oncoming left turn",FTYROW:  Making left turn,None Indicated,,Daylight,Wet,Cloudy,None apparent,Intersection:  T-intersection,Paved,,Property Damage Only,0,0,0,0,0,0,3100,2,3,,POINT (-92.476752270992 42.724730107356)
2014793821,S14-001059,04/04/2014,04-April,6-Friday,07:50,0700 Hours,District 4 (Southwest),,POTTAWATTAMIE,,Co Rd L52/270TH ST,Non-collision events:  Overturn/rollover,On Roadway,Non-collision (single vehicle),Ran off road - right,None Indicated,,Daylight,Ice/frost,Clear,"Surface condition (e.g., wet, icy)",Non-intersection:  Non-junction/no special feature,Paved,,Possible/Unknown,0,1,0,0,1,0,1000,1,1,,POINT (-95.66999832179 41.326994730578)
2014793846,14-3745,04/04/2014,04-April,6-Friday,07:45,0700 Hours,District 3 (Northwest),,SIOUX,US 18,US 18/320TH ST,Collision with:  Vehicle in traffic,On Roadway,"Sideswipe, opposite direction",Crossed centerline (undivided),Refused,,Dark - roadway not lighted,Ice/frost,"Blowing sand, soil, dirt","Surface condition (e.g., wet, icy)",Non-intersection:  Non-junction/no special feature,Paved,,Minor Injury,0,1,0,1,0,0,7500,2,2,,POINT (-95.981416067981 43.186277583066)
2014794240,55-2014,04/04/2014,04-April,6-Friday,14:22,1400 Hours,District 4 (Southwest),,HARRISON,US 30,US 30,Collision with fixed object:  Ditch,On Roadway,Non-collision (single vehicle),Crossed centerline (undivided),None Indicated,,Daylight,Dry,Cloudy,None apparent,Non-intersection:  Non-junction/no special feature,Paved,,Major Injury,0,3,1,2,0,0,8500,1,3,,POINT (-95.673267837419 41.774444938183)
2014793873,14-0959,04/04/2014,04-April,6-Friday,08:10,0800 Hours,District 1 (Central),FORT DODGE,WEBSTER,,28TH AVE N & N 15TH ST,Collision with:  Vehicle in traffic,On Roadway,Rear-end (front to rear),FTYROW:  From stop sign,None Indicated,,Daylight,Ice/frost,Cloudy,"Surface condition (e.g., wet, icy)",Intersection:  Four-way intersection,Paved,,Possible/Unknown,0,1,0,0,1,0,5000,2,2,,POINT (-94.178150197292 42.533469364451)