Iowa DOT Case Number,Law Enforcement Case Number,Date of Crash,Month of Crash,Day of Week,Time of Crash,Hour,DOT District,City Name,County Name,Route with System,Location Description,First Harmful Event,Location of First Harmful Event,Manner of Crash/Collision,Major Cause,Drug or Alcohol ,Environmental Conditions,Light Conditions,Surface Conditions,Weather Conditions,Roadway Contribution,Roadway Type,Roadway Surface,Work Zone,Crash Severity,Number of Fatalities,Number of Injuries,Number of Major Injuries,Number of Minor Injuries,Number of Possible Injuries,Number of Unknown Injuries,Amount of Property Damage,Number of Vehicles Involved,Total Number of Occupants,Travel Direction,Location
2014795807,14-001558,04/04/2014,04-April,6-Friday,11:55,1100 Hours,District 1 (Central),AMES,STORY,US 69,US 69/S DUFF AVE,Collision with:  Vehicle in traffic,On Roadway,Rear-end (front to rear),Followed too close,None Indicated,,Daylight,Dry,Cloudy,None apparent,Non-intersection:  Non-junction/no special feature,Paved,,Property Damage Only,0,0,0,0,0,0,13998,2,2,,POINT (-93.610060259453 42.007383530798)
2014798992,14-4513,04/04/2014,04-April,6-Friday,07:58,0700 Hours,District 3 (Northwest),SPENCER,CLAY,US 71,US 71/11TH ST SW & 4TH AVE SW,Collision with:  Vehicle in traffic,On Roadway,Broadside (front to side),Ran Traffic Signal,None Indicated,,Daylight,Ice/frost,Cloudy,"Surface condition (e.g., wet, icy)",Intersection:  Four-way intersection,Paved,,Property Damage Only,0,0,0,0,0,0,9500,2,2,,POINT (-95.1507618598 43.126762887078)
2014793655,14-002639,04/04/2014,04-April,6-Friday,00:35,0000 Hours,District 6 (East Central),,DELAWARE,,165TH ST & 162ND AVE,Collision with fixed object:  Ditch,On Roadway,Non-collision (single vehicle),Ran off road - right,None Indicated,,Dark - roadway not lighted,Wet,Rain,None apparent,Non-intersection:  Non-junction/no special feature,Paved,,Property Damage Only,0,0,0,0,0,0,2000,1,3,,POINT (-91.4852061548 42.54939748434)
2014797736,K14-009297,04/04/2014,04-April,6-Friday,23:38,2300 Hours,District 5 (Southeast),KEOKUK,LEE,IA 136,US 136/MAIN ST,Collision with:  Vehicle in traffic,On Roadway,Rear-end (front to rear),"Operating vehicle in an reckless, erratic, careless, negligent manner",None Indicated,,Dark - roadway lighted,Dry,Clear,None apparent,Non-intersection:  Non-junction/no special feature,Paved,,Property Damage Only,0,0,0,0,0,0,1600,2,5,,POINT (-91.384600234285 40.397058598345)
2014794813,14-032270,04/04/2014,04-April,6-Friday,00:02,0000 Hours,District 2 (Northeast),,BLACK HAWK,I-380,I-380,Collision with:  Animal,On Roadway,Non-collision (single vehicle),Animal,None Indicated,,,,,,,Paved,,Property Damage Only,0,0,0,0,0,0,3000,1,1,,POINT (-92.227472879667 42.45028600888)
2014793623,W14-032401,04/04/2014,04-April,6-Friday,09:24,0900 Hours,District 2 (Northeast),WATERLOO,BLACK HAWK,,KINGSLEY AVE & DREXEL AVE,Collision with:  Vehicle in traffic,On Roadway,Broadside (front to side),FTYROW:  At uncontrolled intersection,None Indicated,,Daylight,Dry,Cloudy,None apparent,Intersection:  Four-way intersection,Paved,,Property Damage Only,0,0,0,0,0,0,4000,2,2,,POINT (-92.368580098655 42.484787161082)
2014794090,CL14000980,04/04/2014,04-April,6-Friday,18:37,1800 Hours,District 6 (East Central),CLINTON,CLINTON,,MANUFACTURING DR,Collision with:  Vehicle in traffic,On Roadway,Rear-end (front to rear),Followed too close,None Indicated,,Daylight,Dry,Cloudy,None apparent,Non-intersection:  Non-junction/no special feature,Paved,,Property Damage Only,0,0,0,0,0,0,4000,2,4,,POINT (-90.23022587954 41.829911336039)
2014793624,W14-032515,04/04/2014,04-April,6-Friday,16:00,1600 Hours,District 2 (Northeast),WATERLOO,BLACK HAWK,,BUTLER AVE,Collision with fixed object:  Utility pole/light support,Outside trafficway,Non-collision (single vehicle),"Operating vehicle in an reckless, erratic, careless, negligent manner",Alcohol (Statutory),,Daylight,Dry,Clear,None apparent,Non-intersection:  Non-junction/no special feature,Paved,,Property Damage Only,0,0,0,0,0,0,6000,1,1,,POINT (-92.313366604314 42.492358789479)
2014796008,2014021354,04/04/2014,04-April,6-Friday,20:24,2000 Hours,District 5 (Southeast),,LEE,US 218,US 218 & 150 ST,Collision with:  Animal,,Non-collision (single vehicle),Animal,None Indicated,,,,,,,Paved,,Property Damage Only,0,0,0,0,0,0,4000,1,1,,POINT (-91.563894978025 40.744350128689)
2014793698,2014003561,04/04/2014,04-April,6-Friday,08:29,0800 Hours,District 6 (East Central),IOWA CITY,JOHNSON,,W BENTON ST & ESTRON DR,Collision with fixed object:  Curb/island/raised median,Shoulder,Non-collision (single vehicle),Ran off road - right,None Indicated,,Daylight,Wet,Cloudy,None apparent,Intersection:  T-intersection,Paved,,Property Damage Only,0,0,0,0,0,0,7450,1,1,,POINT (-91.564897293133 41.649639406811)
2014794516,14-003353,04/04/2014,04-April,6-Friday,10:15,1000 Hours,District 3 (Northwest),,CARROLL,US 30,US 30,Non-collision events:  Jackknife,On Roadway,Non-collision (single vehicle),Driving too fast for conditions,None Indicated,,Daylight,Slush,"Blowing sand, soil, dirt","Surface condition (e.g., wet, icy)",Non-intersection:  Non-junction/no special feature,Paved,,Property Damage Only,0,0,0,0,0,0,2500,1,1,,POINT (-94.765511832632 42.063692687105)
2014793589,,04/04/2014,04-April,6-Friday,10:30,1000 Hours,District 3 (Northwest),,POCAHONTAS,,140TH AVE,Collision with fixed object:  Ditch,On Roadway,Non-collision (single vehicle),Ran off road - right,None Indicated,,Daylight,Slush,Cloudy,"Surface condition (e.g., wet, icy)",Non-intersection:  Non-junction/no special feature,Unpaved,,Property Damage Only,0,0,0,0,0,0,2000,1,1,,POINT (-94.836344622773 42.828097258867)
2014793848,891402067,04/04/2014,04-April,6-Friday,18:49,1800 Hours,District 5 (Southeast),,VAN BUREN,,Co Rd V64/RTE V64,Collision with:  Animal,,Non-collision (single vehicle),Animal,None Indicated,,,,,,,Paved,,Property Damage Only,0,0,0,0,0,0,1500,1,1,,POINT (-92.083282648553 40.822738940409)
2014794738,14-6152,04/04/2014,04-April,6-Friday,20:36,2000 Hours,District 6 (East Central),BETTENDORF,SCOTT,US 67,US 67/STATE ST & 13TH ST,Collision with:  Vehicle in traffic,On Roadway,"Sideswipe, same direction",Made improper turn,None Indicated,,Dark - roadway lighted,Dry,Cloudy,None apparent,Intersection:  T-intersection,Paved,,Property Damage Only,0,0,0,0,0,0,2500,2,3,,POINT (-90.514853858852 41.525119093055)
2014794322,,04/04/2014,04-April,6-Friday,15:30,1500 Hours,District 5 (Southeast),,MUSCATINE,,Co Rd G14/180TH ST,Non-collision events:  Other non-collision (explain in narrative),Shoulder,Non-collision (single vehicle),Unknown,None Indicated,,Daylight,Dry,Cloudy,,Non-intersection:  Driveway access (within),Paved,,Property Damage Only,0,0,0,0,0,0,10000,1,13,,POINT (-91.034145378294 41.478871981944)
2014793700,2014003586,04/04/2014,04-April,6-Friday,16:02,1600 Hours,District 6 (East Central),IOWA CITY,JOHNSON,,MUSCATINE AVE & S SCOTT BLVD,Collision with:  Vehicle in traffic,On Roadway,Broadside (front to side),Ran Stop Sign,None Indicated,,Daylight,Dry,Cloudy,None apparent,Intersection:  Four-way intersection,Paved,,Minor Injury,0,1,0,1,0,0,12000,2,2,,POINT (-91.482874938917 41.649792786365)
2014793815,14-1584,04/04/2014,04-April,6-Friday,17:25,1700 Hours,District 1 (Central),WEST DES MOINES,POLK,,FULLER RD & RAILROAD AVE & 14TH ST,Collision with:  Vehicle in traffic,On Roadway,Broadside (front to side),Unknown,None Indicated,,Daylight,Dry,Cloudy,None apparent,Non-intersection:  Non-junction/no special feature,Paved,,Possible/Unknown,0,1,0,0,1,0,10000,2,4,,POINT (-93.72249864644 41.569949344387)
2014794030,14-9998,04/04/2014,04-April,6-Friday,19:47,1900 Hours,District 3 (Northwest),SIOUX CITY,WOODBURY,,W 4TH ST & MYRTLE ST,Collision with fixed object:  Tree,Median,Non-collision (single vehicle),Unknown,None Indicated,,Dusk,Wet,Clear,Unknown,Intersection:  Four-way intersection,Paved,,Property Damage Only,0,0,0,0,0,0,10200,1,1,,POINT (-96.422492197845 42.500394605415)
2014795273,14-002389,04/04/2014,04-April,6-Friday,19:12,1900 Hours,District 5 (Southeast),COLUMBUS JUNCTION,LOUISA,,WALNUT ST & MAIN ST,Collision with:  Parked motor vehicle,On Roadway,Rear-end (front to rear),Over correcting/over steering,None Indicated,,Dusk,Dry,Cloudy,None apparent,Non-intersection:  Non-junction/no special feature,Paved,,Property Damage Only,0,0,0,0,0,0,5000,2,1,,POINT (-91.360543006652 41.280075623516)
2014796042,14-002112,04/04/2014,04-April,6-Friday,11:30,1100 Hours,District 1 (Central),,HAMILTON,US 69,US 69/LITTLE WALL LAKE RD,Collision with fixed object:  Ditch,Roadside,Non-collision (single vehicle),Driving too fast for conditions,None Indicated,,Daylight,Slush,Cloudy,"Surface condition (e.g., wet, icy)",Non-intersection:  Non-junction/no special feature,Paved,,Possible/Unknown,0,1,0,0,0,1,10000,1,1,,POINT (-93.636834902903 42.507623018881)
2014793892,2014021164,04/04/2014,04-April,6-Friday,07:15,0700 Hours,District 2 (Northeast),,WRIGHT,I-35,I-35,Non-collision events:  Overturn/rollover,On Roadway,Non-collision (single vehicle),Driving too fast for conditions,None Indicated,,Daylight,Ice/frost,Snow,"Surface condition (e.g., wet, icy)",Non-intersection:  Non-junction/no special feature,Paved,,Major Injury,0,3,1,0,2,0,6000,1,3,,POINT (-93.513784014106 42.602017729632)
2014794043,2014021170,04/04/2014,04-April,6-Friday,08:48,0800 Hours,District 2 (Northeast),,FLOYD,US 18,US 18 & INDIGO AVE,Collision with:  Vehicle in traffic,On Roadway,"Sideswipe, same direction",Swerving/Evasive Action,None Indicated,,Daylight,Ice/frost,"Blowing sand, soil, dirt","Surface condition (e.g., wet, icy)",Non-intersection:  Non-junction/no special feature,Paved,,Property Damage Only,0,0,0,0,0,0,5500,2,3,,POINT (-92.86934057398 43.126276266577)
2014795697,2014021144,04/04/2014,04-April,6-Friday,07:08,0700 Hours,District 6 (East Central),,JOHNSON,IA 1,IA 1/IOWA 1 & BUCHMAYER BND,Collision with:  Vehicle in traffic,On Roadway,Head-on (front to front),Crossed centerline (undivided),None Indicated,,Daylight,Wet,Rain,None apparent,Non-intersection:  Non-junction/no special feature,Paved,,Major Injury,0,2,1,1,0,0,18000,2,2,,POINT (-91.483404071503 41.70808278584)
2014793943,140796,04/04/2014,04-April,6-Friday,02:50,0200 Hours,District 3 (Northwest),,CRAWFORD,US 59,US 59,Collision with:  Vehicle in traffic,On Roadway,"Sideswipe, same direction",Swerving/Evasive Action,None Indicated,,Dark - roadway not lighted,Snow,Snow,"Surface condition (e.g., wet, icy)",Non-intersection:  Non-junction/no special feature,Paved,,Property Damage Only,0,0,0,0,0,0,5500,2,3,,POINT (-95.345927894204 41.957253587212)
2014794177,2014021120,04/04/2014,04-April,6-Friday,03:30,0300 Hours,District 4 (Southwest),ADAIR,ADAIR,I-80,I-80,Collision with fixed object:  Bridge overhead structure,On Roadway,Non-collision (single vehicle),Other (explain in narrative):  No improper action,None Indicated,,Dark - roadway not lighted,Ice/frost,Snow,"Surface condition (e.g., wet, icy)",Non-intersection:  Other non-intersection (explain in narrative),Paved,,Property Damage Only,0,0,0,0,0,0,5000,1,5,,POINT (-94.652067787074 41.493175702553)
2014793642,14001931,04/04/2014,04-April,6-Friday,12:30,1200 Hours,District 2 (Northeast),ROCKWELL,CERRO GORDO,US 65,US 65,Collision with fixed object:  Bridge overhead structure,On Roadway,Non-collision (single vehicle),Driving too fast for conditions,None Indicated,,Daylight,Unknown,Unknown,Unknown,Non-intersection:  Other non-intersection (explain in narrative),Paved,,Property Damage Only,0,0,0,0,0,0,4000,1,1,,POINT (-93.202199052117 42.969737163863)
2014793591,,04/04/2014,04-April,6-Friday,06:25,0600 Hours,District 2 (Northeast),HUMBOLDT,HUMBOLDT,,SUMNER AVE & 3RD ST S & 3RD ST N,Collision with:  Vehicle in traffic,On Roadway,Broadside (front to side),FTYROW:  From stop sign,None Indicated,,Dark - roadway lighted,Snow,Rain,None apparent,Intersection:  Five points or more,Paved,,Possible/Unknown,0,2,0,0,2,0,16000,2,2,,POINT (-94.211447863079 42.721193200784)
2014793641,14-002611,04/04/2014,04-April,6-Friday,03:18,0300 Hours,District 4 (Southwest),,CASS,I-80,I-80,Non-collision events:  Jackknife,Median,Non-collision (single vehicle),Swerving/Evasive Action,None Indicated,,Dark - roadway not lighted,Ice/frost,Snow,"Surface condition (e.g., wet, icy)",Non-intersection:  Other non-intersection (explain in narrative),Paved,,Property Damage Only,0,0,0,0,0,0,6000,1,1,,POINT (-94.725681539047 41.496778118693)
2014793762,14-001484,04/04/2014,04-April,6-Friday,16:11,1600 Hours,District 1 (Central),ANKENY,POLK,US 69,US 69/N 14TH ST & SW 30TH ST & SE 30TH ST,Collision with:  Vehicle in traffic,On Roadway,"Angle, oncoming left turn",Made improper turn,None Indicated,,Daylight,Dry,Cloudy,None apparent,Intersection:  Four-way intersection,Paved,,Minor Injury,0,1,0,1,0,0,4000,2,2,,POINT (-93.600613235127 41.699246191539)
2014794101,14-001565,04/04/2014,04-April,6-Friday,11:09,1100 Hours,District 2 (Northeast),,HANCOCK,US 18,US 18,Collision with:  Vehicle in traffic,On Roadway,Rear-end (front to rear),Driving too fast for conditions,None Indicated,,Daylight,Ice/frost,"Blowing sand, soil, dirt","Surface condition (e.g., wet, icy)",Non-intersection:  Non-junction/no special feature,Paved,,Property Damage Only,0,0,0,0,0,0,6000,2,2,,POINT (-93.571417432426 43.111551844867)
2014814872,14-498,04/04/2014,04-April,6-Friday,16:45,1600 Hours,District 5 (Southeast),CORYDON,WAYNE,IA 2,IA 2/JEFFERSON ST,Collision with:  Vehicle in traffic,On Roadway,"Angle, oncoming left turn",FTYROW:  Making left turn,None Indicated,,Daylight,Dry,Clear,None apparent,Non-intersection:  Alley,Paved,,Possible/Unknown,0,1,0,0,1,0,2200,2,2,,POINT (-93.316575777471 40.757175460306)
2014794154,14-0349,04/04/2014,04-April,6-Friday,17:29,1700 Hours,District 1 (Central),PLEASANT HILL,POLK,IA 163,IA 163/E UNIVERSITY AVE & NE 60TH ST,Collision with:  Vehicle in traffic,On Roadway,Rear-end (front to rear),FTYROW:  Other (explain in narrative),None Indicated,,Daylight,Dry,Cloudy,None apparent,Intersection:  Four-way intersection,Paved,,Property Damage Only,0,0,0,0,0,0,5500,2,3,,POINT (-93.491442944252 41.598560217086)
2014794060,,04/04/2014,04-April,6-Friday,12:22,1200 Hours,District 2 (Northeast),CHARLES CITY,FLOYD,,13TH AVE & E ST,Collision with:  Vehicle in traffic,On Roadway,"Angle, oncoming left turn",Other (explain in narrative):  Other,None Indicated,,Daylight,Slush,Cloudy,None apparent,Non-intersection:  Non-junction/no special feature,Paved,,Property Damage Only,0,0,0,0,0,0,3000,2,2,,POINT (-92.66641140022 43.075392020388)
2014793676,D14041000,04/04/2014,04-April,6-Friday,09:55,0900 Hours,District 2 (Northeast),,FRANKLIN,US 65,US 65,Collision with:  Vehicle in traffic,On Roadway,"Sideswipe, opposite direction",Crossed centerline (undivided),None Indicated,,Daylight,Ice/frost,Snow,"Surface condition (e.g., wet, icy)",Non-intersection:  Non-junction/no special feature,Paved,,Property Damage Only,0,0,0,0,0,0,3000,2,4,,POINT (-93.202263179342 42.813180643798)
2014793826,14-012965,04/04/2014,04-April,6-Friday,18:45,1800 Hours,District 4 (Southwest),COUNCIL BLUFFS,POTTAWATTAMIE,US 6,US 6/W BROADWAY,Collision with:  Vehicle in traffic,On Roadway,Rear-end (front to rear),Improper Backing,None Indicated,,Daylight,Dry,Clear,None apparent,Non-intersection:  Non-junction/no special feature,Paved,,Property Damage Only,0,0,0,0,0,0,2300,2,2,,POINT (-95.89708644598 41.261913196752)
2014793653,140807,04/04/2014,04-April,6-Friday,13:01,1300 Hours,District 3 (Northwest),DENISON,CRAWFORD,US 30,US 30/4TH AVE S,Collision with:  Vehicle in traffic,On Roadway,Rear-end (front to rear),Lost Control,None Indicated,,Daylight,Wet,Cloudy,None apparent,Non-intersection:  Non-junction/no special feature,Paved,,Property Damage Only,0,0,0,0,0,0,15000,2,2,,POINT (-95.359148285211 42.012386701766)
2014794219,140805,04/04/2014,04-April,6-Friday,10:12,1000 Hours,District 3 (Northwest),DENISON,CRAWFORD,IA 141,IA 141/IOWA 141,Non-collision events:  Other non-collision (explain in narrative),Shoulder,Non-collision (single vehicle),Crossed centerline (undivided),None Indicated,,Daylight,Wet,Severe winds,None apparent,Non-intersection:  Non-junction/no special feature,Paved,,Property Damage Only,0,0,0,0,0,0,13000,1,1,,POINT (-95.255907222837 41.907328082579)
2014793872,14-0957,04/04/2014,04-April,6-Friday,08:15,0800 Hours,District 1 (Central),FORT DODGE,WEBSTER,,10TH AVE N,Collision with:  Vehicle in traffic,On Roadway,Rear-end (front to rear),Driving too fast for conditions,None Indicated,,Daylight,Snow,Snow,"Surface condition (e.g., wet, icy)",Non-intersection:  Non-junction/no special feature,Paved,,Possible/Unknown,0,1,0,0,0,1,4500,2,2,,POINT (-94.163012149337 42.515621667415)
2014793701,2014003588,04/04/2014,04-April,6-Friday,16:55,1600 Hours,District 6 (East Central),IOWA CITY,JOHNSON,US 6,US 6 & TAYLOR DR,Collision with:  Vehicle in traffic,On Roadway,Broadside (front to side),FTYROW:  From stop sign,None Indicated,,Daylight,Dry,Cloudy,None apparent,Intersection:  Other intersection (explain in narrative),Paved,,Property Damage Only,0,0,0,0,0,0,2000,2,2,,POINT (-91.517785410141 41.641349570072)
2014793708,201404719,04/05/2014,04-April,7-Saturday,11:25,1100 Hours,District 6 (East Central),CEDAR RAPIDS,LINN,IA 922,IA 922/1ST AVE E,Collision with:  Vehicle in traffic,On Roadway,Rear-end (front to rear),Followed too close,None Indicated,,Daylight,Dry,Clear,None apparent,Non-intersection:  Non-junction/no special feature,Paved,,Possible/Unknown,0,1,0,0,1,0,4500,2,5,,POINT (-91.636821422843 41.99849624515)
2014793822,S14-001068,04/05/2014,04-April,7-Saturday,11:10,1100 Hours,District 4 (Southwest),COUNCIL BLUFFS,POTTAWATTAMIE,,VALLEY VIEW DR,Collision with:  Vehicle in traffic,On Roadway,Rear-end (front to rear),Ran off road - right,None Indicated,,Daylight,Dry,Clear,None apparent,Non-intersection:  Non-junction/no special feature,Paved,,Possible/Unknown,0,1,0,0,1,0,6000,2,2,,POINT (-95.818159259443 41.233432123119)
2014793626,W14-032844,04/05/2014,04-April,7-Saturday,04:30,0400 Hours,District 2 (Northeast),WATERLOO,BLACK HAWK,,N BARCLAY ST,Collision with:  Other non-fixed object (explain in narrative),Shoulder,Non-collision (single vehicle),Ran off road - right,None Indicated,,Dark - roadway not lighted,Dry,Clear,None apparent,Intersection:  Four-way intersection,Paved,,Property Damage Only,0,0,0,0,0,0,2250,1,1,,POINT (-92.327878201281 42.515634795074)
2014793828,14-013051,04/05/2014,04-April,7-Saturday,08:54,0800 Hours,District 4 (Southwest),COUNCIL BLUFFS,POTTAWATTAMIE,I-29,I-29 & S 24TH ST,Collision with:  Vehicle in traffic,On Roadway,"Angle, oncoming left turn",Exceeded authorized speed,None Indicated,,Daylight,Dry,Clear,None apparent,Non-intersection:  Non-junction/no special feature,Paved,,Possible/Unknown,0,1,0,0,1,0,6000,2,2,,POINT (-95.879241878907 41.2312082483)
2014794070,W14-033044,04/05/2014,04-April,7-Saturday,21:18,2100 Hours,District 2 (Northeast),WATERLOO,BLACK HAWK,US 63,US 63/SE RAMP CURV & W 6TH ST,Collision with:  Vehicle in traffic,On Roadway,Broadside (front to side),Exceeded authorized speed,None Indicated,,Dark - roadway lighted,Dry,Clear,None apparent,Intersection:  Other intersection (explain in narrative),Paved,,Possible/Unknown,0,2,0,0,1,1,9600,2,2,,POINT (-92.340501820671 42.491338384791)
2014809998,2014-001813,04/05/2014,04-April,7-Saturday,20:23,2000 Hours,District 6 (East Central),,BENTON,IA 21,IA 21/IOWA 21,Collision with:  Animal,,,Animal,None Indicated,,,,,,,Paved,,Property Damage Only,0,0,0,0,0,0,5000,1,1,,POINT (-92.297761947819 42.003118889927)
2014795046,14-001348,04/05/2014,04-April,7-Saturday,21:45,2100 Hours,District 3 (Northwest),,LYON,IA 182,IA 182/IOWA 182 & Co Rd A34/200TH ST,Collision with:  Animal,On Roadway,Non-collision (single vehicle),Animal,None Indicated,,Dark - roadway not lighted,Dry,Clear,None apparent,Intersection:  Four-way intersection,Paved,,Property Damage Only,0,0,0,0,0,0,4300,1,1,,POINT (-96.428601553787 43.360725913292)
2014793893,2014021499,04/05/2014,04-April,7-Saturday,20:40,2000 Hours,District 2 (Northeast),,WORTH,I-35,I-35,Collision with:  Animal,On Roadway,Non-collision (single vehicle),Animal,None Indicated,,Dark - roadway not lighted,Dry,Clear,None apparent,Non-intersection:  Non-junction/no special feature,Paved,,Property Damage Only,0,0,0,0,0,0,5000,1,2,,POINT (-93.349403177071 43.388933967758)
2014794187,,04/05/2014,04-April,7-Saturday,20:42,2000 Hours,District 5 (Southeast),,LUCAS,IA 14,IA 14,Non-collision events:  Overturn/rollover,On Roadway,Non-collision (single vehicle),Crossed centerline (undivided),None Indicated,,Dark - roadway not lighted,Dry,Clear,None apparent,Non-intersection:  Non-junction/no special feature,Paved,,Major Injury,0,1,1,0,0,0,8000,1,1,,POINT (-93.316815548263 40.89980618831)
2014794658,14-0377,04/05/2014,04-April,7-Saturday,11:05,1100 Hours,District 1 (Central),CLIVE,POLK,US 6,US 6/HICKMAN RD,Collision with:  Vehicle in traffic,On Roadway,Rear-end (front to rear),FTYROW:  Other (explain in narrative),None Indicated,,Daylight,Dry,Cloudy,None apparent,Intersection:  Four-way intersection,Paved,,Possible/Unknown,0,1,0,0,1,0,4000,2,3,,POINT (-93.791907410013 41.614978628973)
2014794095,261400533,04/05/2014,04-April,7-Saturday,00:16,0000 Hours,District 5 (Southeast),DRAKESVILLE,DAVIS,,MAIN ST,Collision with fixed object:  Other fixed object (explain in narrative),Median,Non-collision (single vehicle),Ran off road - left,None Indicated,,Dark - roadway lighted,Dry,Clear,None apparent,Non-intersection:  Non-junction/no special feature,Paved,,Possible/Unknown,0,1,0,0,1,0,20750,1,1,,POINT (-92.482983759768 40.798647561665)
2014793618,,04/05/2014,04-April,7-Saturday,16:40,1600 Hours,District 6 (East Central),MARENGO,IOWA,,PINE ST & LAFAYETTE AVE,Collision with:  Vehicle in traffic,On Roadway,Broadside (front to side),Exceeded authorized speed,None Indicated,,Daylight,Dry,Clear,None apparent,Intersection:  Four-way intersection,Paved,,Minor Injury,0,1,0,1,0,0,3000,2,2,,POINT (-92.072870445742 41.794161524464)
2014794165,140405PM01,04/05/2014,04-April,7-Saturday,00:50,0000 Hours,District 3 (Northwest),ORANGE CITY,SIOUX,,7TH ST SW & DELAWARE AVE SW,Collision with:  Vehicle in traffic,On Roadway,Broadside (front to side),FTYROW:  At uncontrolled intersection,None Indicated,,Dark - roadway lighted,Dry,Clear,None apparent,Intersection:  Four-way intersection,Paved,,Minor Injury,0,3,0,3,0,0,13000,2,4,,POINT (-96.062674482483 42.998771373244)
2014795899,,04/05/2014,04-April,7-Saturday,22:38,2200 Hours,District 5 (Southeast),FORT MADISON,LEE,,AVE L & 23RD ST,Collision with:  Vehicle in traffic,On Roadway,"Angle, oncoming left turn",FTYROW:  Making left turn,None Indicated,,Dark - roadway lighted,Dry,Clear,None apparent,Intersection:  Four-way intersection,Paved,,Possible/Unknown,0,2,0,0,2,0,3000,2,2,,POINT (-91.338206153692 40.627169295034)
2014794118,A14-021,04/05/2014,04-April,7-Saturday,08:55,0800 Hours,District 4 (Southwest),WINTERSET,MADISON,,W FILMORE ST & N 1ST AVE,Collision with:  Vehicle in traffic,On Roadway,Broadside (front to side),FTYROW:  From yield sign,None Indicated,,Daylight,Dry,Clear,None apparent,Intersection:  Four-way intersection,Paved,,Possible/Unknown,0,1,0,0,1,0,2000,2,2,,POINT (-94.014549737119 41.338298945802)
2014794442,GP20140237,04/05/2014,04-April,7-Saturday,11:40,1100 Hours,District 1 (Central),GRINNELL,POWESHIEK,IA 146,IA 146/WEST ST & MARVIN AVE,Collision with:  Vehicle in traffic,On Roadway,"Angle, oncoming left turn",FTYROW:  Making left turn,None Indicated,,Daylight,Dry,Clear,Unknown,Unknown,Paved,,Minor Injury,0,1,0,1,0,0,8000,2,2,,POINT (-92.727342254639 41.73307091745)
2014794062,,04/05/2014,04-April,7-Saturday,02:25,0200 Hours,District 2 (Northeast),HUMBOLDT,HUMBOLDT,,1ST AVE N,Collision with:  Parked motor vehicle,On Roadway,Rear-end (front to rear),Other (explain in narrative):  Vision obstructed,None Indicated,,Dark - roadway lighted,Dry,Clear,None apparent,Non-intersection:  Non-junction/no special feature,Paved,,Property Damage Only,0,0,0,0,0,0,6000,2,1,,POINT (-94.214827456871 42.722265059975)
2014794007,14-001593,04/05/2014,04-April,7-Saturday,17:08,1700 Hours,District 1 (Central),AMES,STORY,US 69,US 69/GRAND AVE,Collision with:  Vehicle in traffic,On Roadway,Rear-end (front to rear),Followed too close,None Indicated,,Daylight,Dry,Clear,None apparent,Non-intersection:  Non-junction/no special feature,Paved,,Property Damage Only,0,0,0,0,0,0,4500,2,2,,POINT (-93.620387176054 42.033672427767)
2014796623,14-026,04/05/2014,04-April,7-Saturday,19:32,1900 Hours,District 3 (Northwest),SIOUX CENTER,SIOUX,,4TH AVE SE,Collision with fixed object:  Tree,On Roadway,Non-collision (single vehicle),Ran off road - right,None Indicated,,Daylight,Dry,Cloudy,None apparent,Non-intersection:  Non-junction/no special feature,Paved,,Property Damage Only,0,0,0,0,0,0,2400,1,2,,POINT (-96.169886759102 43.08185638627)
2014793746,1400000278,04/05/2014,04-April,7-Saturday,12:14,1200 Hours,District 1 (Central),,MARSHALL,US 30,US 30/240TH ST,Collision with fixed object:  Other fixed object (explain in narrative),Outside trafficway,Non-collision (single vehicle),Ran off road - right,None Indicated,,Daylight,Dry,Clear,None apparent,Non-intersection:  Non-junction/no special feature,Paved,,Property Damage Only,0,0,0,0,0,0,2500,1,3,,POINT (-92.990665146849 42.007464119331)
2014793652,1404052811,04/05/2014,04-April,7-Saturday,23:30,2300 Hours,District 6 (East Central),,CLINTON,US 61,US 61,Collision with:  Animal,,,Animal,None Indicated,,,,,,,Paved,,Property Damage Only,0,0,0,0,0,0,4000,1,1,,POINT (-90.567645516231 41.796895057168)
2014793747,1400000279,04/05/2014,04-April,7-Saturday,12:21,1200 Hours,District 1 (Central),,MARSHALL,,Co Rd T37/ZELLER AVE,Collision with fixed object:  Ditch,On Roadway,Non-collision (single vehicle),Ran off road - right,None Indicated,,Daylight,Dry,Clear,None apparent,Non-intersection:  Non-junction/no special feature,Unpaved,,Property Damage Only,0,0,0,0,0,0,6800,1,1,,POINT (-92.785960888613 42.07638156543)
2014793785,20140008991,04/05/2014,04-April,7-Saturday,11:12,1100 Hours,District 1 (Central),DES MOINES,POLK,,INDIANOLA AVE,Collision with:  Vehicle in traffic,On Roadway,Broadside (front to side),FTYROW:  From driveway,None Indicated,,Daylight,Dry,Cloudy,None apparent,Non-intersection:  Driveway access (within),Paved,,Property Damage Only,0,0,0,0,0,0,8000,2,2,,POINT (-93.597250141501 41.55377947609)
2014793630,W14-032918,04/05/2014,04-April,7-Saturday,04:00,0400 Hours,District 2 (Northeast),WATERLOO,BLACK HAWK,,HAWVER CT,Collision with fixed object:  Mailbox,Shoulder,Non-collision (single vehicle),Ran off road - right,None Indicated,,Dark - roadway not lighted,Dry,Clear,None apparent,Non-intersection:  Non-junction/no special feature,Paved,,Property Damage Only,0,0,0,0,0,0,1590,1,1,,POINT (-92.33406928067 42.514977490934)