Iowa DOT Case Number,Law Enforcement Case Number,Date of Crash,Month of Crash,Day of Week,Time of Crash,Hour,DOT District,City Name,County Name,Route with System,Location Description,First Harmful Event,Location of First Harmful Event,Manner of Crash/Collision,Major Cause,Drug or Alcohol ,Environmental Conditions,Light Conditions,Surface Conditions,Weather Conditions,Roadway Contribution,Roadway Type,Roadway Surface,Work Zone,Crash Severity,Number of Fatalities,Number of Injuries,Number of Major Injuries,Number of Minor Injuries,Number of Possible Injuries,Number of Unknown Injuries,Amount of Property Damage,Number of Vehicles Involved,Total Number of Occupants,Travel Direction,Location
2014795106,2014-20681,04/05/2014,04-April,7-Saturday,20:20,2000 Hours,District 6 (East Central),DAVENPORT,SCOTT,,W 18TH ST & N CLARK ST,Collision with fixed object:  Utility pole/light support,On Roadway,Non-collision (single vehicle),Lost Control,None Indicated,,Dark - roadway lighted,Dry,Clear,None apparent,Non-intersection:  Non-junction/no special feature,Paved,,Property Damage Only,0,0,0,0,0,0,2700,1,1,,POINT (-90.62270929007 41.536758257858)
2014793784,20140008987,04/05/2014,04-April,7-Saturday,09:40,0900 Hours,District 1 (Central),DES MOINES,POLK,,SW 3RD ST & W MLK JR PKWY,Collision with:  Vehicle in traffic,On Roadway,Broadside (front to side),Ran Traffic Signal,None Indicated,,Daylight,Dry,Clear,None apparent,Intersection:  Four-way intersection,Paved,,Property Damage Only,0,0,0,0,0,0,5500,2,2,,POINT (-93.619369965037 41.582242567599)
2014796154,14-000412,04/05/2014,04-April,7-Saturday,22:21,2200 Hours,District 1 (Central),,STORY,,Co Rd S27/650TH AVE,Collision with:  Animal,,Non-collision (single vehicle),Animal,None Indicated,,,,,,,Paved,,Property Damage Only,0,0,0,0,0,0,4000,1,3,,POINT (-93.405782126909 41.986581403768)
2014793788,20140008965,04/05/2014,04-April,7-Saturday,00:21,0000 Hours,District 1 (Central),DES MOINES,POLK,,7TH ST & ASCENSION ST,Collision with fixed object:  Utility pole/light support,Roadside,Non-collision (single vehicle),Lost Control,Refused,,Dark - roadway lighted,Dry,Clear,None apparent,Unknown,Paved,,Property Damage Only,0,0,0,0,0,0,5000,1,1,,POINT (-93.626924590974 41.598036363293)
2014794014,14-10072,04/05/2014,04-April,7-Saturday,10:43,1000 Hours,District 3 (Northwest),SIOUX CITY,WOODBURY,IA 12,IA 12/GORDON DR & S LAKEPORT ST,Collision with:  Vehicle in traffic,On Roadway,Rear-end (front to rear),Followed too close,None Indicated,,Daylight,Dry,Clear,None apparent,Intersection:  T-intersection,Paved,,Possible/Unknown,0,1,0,0,1,0,2000,2,3,,POINT (-96.346962147019 42.476019439811)
2014793643,14001957,04/05/2014,04-April,7-Saturday,13:33,1300 Hours,District 2 (Northeast),PLYMOUTH,CERRO GORDO,,Co Rd S52/RAVEN AVE & 320TH ST,Collision with:  Vehicle in traffic,On Roadway,Broadside (front to side),FTYROW:  At uncontrolled intersection,None Indicated,,Daylight,"Mud, dirt",Clear,None apparent,Non-intersection:  Non-junction/no special feature,Unpaved,,Possible/Unknown,0,1,0,0,1,0,36000,2,4,,POINT (-93.161365440028 43.227514169872)
2014793650,1404052621,04/05/2014,04-April,7-Saturday,15:30,1500 Hours,District 6 (East Central),,CLINTON,IA 136,IA 136/IOWA 136,Collision with fixed object:  Ditch,Shoulder,Non-collision (single vehicle),Ran off road - right,None Indicated,,Daylight,Dry,Clear,None apparent,Non-intersection:  Non-junction/no special feature,Paved,,Property Damage Only,0,0,0,0,0,0,3500,1,1,,POINT (-90.263140519456 41.892156115827)
2014793634,201401393,04/05/2014,04-April,7-Saturday,01:00,0100 Hours,District 1 (Central),BOONE,BOONE,IA 17,IA 17/T AVE & 160TH ST,Collision with:  Animal,On Roadway,Non-collision (single vehicle),Animal,None Indicated,,Dark - roadway not lighted,Dry,Clear,None apparent,Non-intersection:  Non-junction/no special feature,Paved,,Property Damage Only,0,0,0,0,0,0,2000,1,1,,POINT (-93.795699067583 42.123060784895)
2014794010,14001591,04/05/2014,04-April,7-Saturday,14:42,1400 Hours,District 1 (Central),AMES,STORY,US 69,US 69/S DUFF AVE,Collision with:  Vehicle in traffic,On Roadway,"Sideswipe, same direction",FTYROW:  Other (explain in narrative),None Indicated,,Daylight,Dry,Clear,None apparent,Intersection:  Four-way intersection,Paved,,Property Damage Only,0,0,0,0,0,0,3000,2,3,,POINT (-93.610313794479 42.020009425004)
2014794250,201404754,04/05/2014,04-April,7-Saturday,22:10,2200 Hours,District 6 (East Central),CEDAR RAPIDS,LINN,,7TH ST SW,Collision with:  Parked motor vehicle,On Roadway,Rear-end (front to rear),Lost Control,Under Influence of Alcohol/Drugs/Medications,,Dark - roadway not lighted,Dry,Clear,None apparent,Non-intersection:  Non-junction/no special feature,Paved,,Property Damage Only,0,0,0,0,0,0,4250,3,1,,POINT (-91.6803273798 41.973219297781)
2014794960,2014021454,04/05/2014,04-April,7-Saturday,14:25,1400 Hours,District 6 (East Central),DE WITT,CLINTON,,11TH ST,Collision with:  Animal,On Roadway,Non-collision (single vehicle),Animal,None Indicated,,Daylight,Dry,Clear,None apparent,Non-intersection:  Non-junction/no special feature,Paved,,Property Damage Only,0,0,0,0,0,0,4500,1,3,,POINT (-90.56614720595 41.825655641944)
2014793706,201404723,04/05/2014,04-April,7-Saturday,12:11,1200 Hours,District 6 (East Central),CEDAR RAPIDS,LINN,I-380,I-380 & 33RD AVE SW,Collision with:  Vehicle in traffic,On Roadway,"Sideswipe, same direction",FTYROW:  Other (explain in narrative),None Indicated,,Daylight,Dry,Clear,None apparent,Non-intersection:  Other non-intersection (explain in narrative),Paved,,Property Damage Only,0,0,0,0,0,0,4000,2,2,,POINT (-91.670472426349 41.945086444111)
2014794013,14-10068,04/05/2014,04-April,7-Saturday,10:08,1000 Hours,District 3 (Northwest),SIOUX CITY,WOODBURY,,21ST ST & COURT ST,Collision with:  Non-motorist (see non-motorist section - NOT a unit),On Roadway,Non-collision (single vehicle),Unknown,None Indicated,,Daylight,Dry,Clear,None apparent,Intersection:  Four-way intersection,Paved,,Possible/Unknown,0,1,0,0,1,0,0,1,1,,POINT (-96.396036407004 42.512050920589)
2014793712,14006899,04/06/2014,04-April,1-Sunday,14:26,1400 Hours,District 6 (East Central),MARION,LINN,,44TH ST & REC DR,Collision with:  Vehicle in traffic,On Roadway,Broadside (front to side),FTYROW:  At uncontrolled intersection,None Indicated,,Daylight,Dry,Cloudy,None apparent,Intersection:  Four-way intersection,Paved,,Property Damage Only,0,0,0,0,0,0,2500,2,2,,POINT (-91.561779659352 42.053752898419)
2014800651,0406145A,04/06/2014,04-April,1-Sunday,09:44,0900 Hours,District 4 (Southwest),,PAGE,,Co Rd J56/290 ST & Co Rd M60/KIWI AVE,Collision with fixed object:  Ditch,Roadside,Non-collision (single vehicle),Ran off road - right,None Indicated,,Daylight,Dry,Clear,None apparent,Intersection:  Four-way intersection,Unpaved,,Property Damage Only,0,0,0,0,0,0,5000,1,1,,POINT (-95.173529020829 40.624641376043)
2014793782,20140009082,04/06/2014,04-April,1-Sunday,21:30,2100 Hours,District 1 (Central),DES MOINES,POLK,,SW 13TH ST,Collision with:  Vehicle in traffic,On Roadway,Broadside (front to side),Driving too fast for conditions,None Indicated,,Dark - roadway lighted,Dry,Clear,None apparent,Non-intersection:  Non-junction/no special feature,Paved,,Property Damage Only,0,0,0,0,0,0,2000,2,1,,POINT (-93.632963701333 41.554155891292)
2014794961,2014021624,04/06/2014,04-April,1-Sunday,21:15,2100 Hours,District 1 (Central),ANKENY,POLK,I-35,I-35,Collision with:  Vehicle in traffic,On Roadway,Broadside (front to side),Swerving/Evasive Action,None Indicated,,Dark - roadway not lighted,Dry,Cloudy,None apparent,Non-intersection:  Other non-intersection (explain in narrative),Paved,,Property Damage Only,0,0,0,0,0,0,12500,2,5,,POINT (-93.575635099985 41.659670643501)
2014793709,201404766,04/06/2014,04-April,1-Sunday,01:48,0100 Hours,District 6 (East Central),CEDAR RAPIDS,LINN,IA 922,IA 922/1ST AVE E & 19TH ST SE & 19TH ST NE,Collision with fixed object:  Utility pole/light support,Median,Non-collision (single vehicle),Ran off road - right,Alcohol (Statutory),,Dark - roadway lighted,Dry,Clear,None apparent,Intersection:  Four-way intersection,Paved,,Property Damage Only,0,0,0,0,0,0,9500,1,1,,POINT (-91.644272978847 41.992721336289)
2014794234,02-14-5509,04/06/2014,04-April,1-Sunday,02:56,0200 Hours,District 6 (East Central),FARLEY,DUBUQUE,US 20,US 20/SE RAMP CURV,Collision with:  Non-motorist (see non-motorist section - NOT a unit),On Roadway,Non-collision (single vehicle),Other (explain in narrative):  No improper action,Alcohol (Statutory),,Dark - roadway not lighted,Dry,Cloudy,None apparent,Interchange-related:  On-ramp merge area,Paved,,Fatal,1,0,0,0,0,0,3000,1,3,,POINT (-91.00213584697 42.438339090189)
2014794178,2014021607,04/06/2014,04-April,1-Sunday,18:09,1800 Hours,District 5 (Southeast),OSCEOLA,CLARKE,I-35,I-35,Collision with:  Animal,,,Animal,None Indicated,,,,,,,Paved,,Property Damage Only,0,0,0,0,0,0,4500,1,1,,POINT (-93.794055046431 41.019361391651)
2014793633,W14-033147,04/06/2014,04-April,1-Sunday,01:43,0100 Hours,District 2 (Northeast),WATERLOO,BLACK HAWK,US 218,US 218 & W 9TH ST,Collision with:  Vehicle in traffic,On Roadway,Rear-end (front to rear),Driver Distraction:  Inattentive/lost in thought,None Indicated,,Dark - roadway lighted,Dry,Clear,None apparent,Interchange-related:  On-ramp merge area,Paved,,Minor Injury,0,3,0,1,2,0,3000,3,6,,POINT (-92.336893649388 42.48962446715)
2014797378,S201400632,04/06/2014,04-April,1-Sunday,20:10,2000 Hours,District 3 (Northwest),,PALO ALTO,US 18,US 18/525 AVE,Collision with:  Animal,,Non-collision (single vehicle),Animal,None Indicated,,,,,,,Paved,,Property Damage Only,0,0,0,0,0,0,3000,1,1,,POINT (-94.551258709346 43.108928013955)
2014794547,01-14-14202,04/06/2014,04-April,1-Sunday,14:45,1400 Hours,District 6 (East Central),DUBUQUE,DUBUQUE,US 20,US 20/DODGE ST,Collision with fixed object:  Traffic sign support,On Roadway,Non-collision (single vehicle),Lost Control,None Indicated,,Daylight,Dry,Clear,None apparent,Non-intersection:  Non-junction/no special feature,Paved,,Property Damage Only,0,0,0,0,0,0,2000,1,1,,POINT (-90.706836973716 42.491947213006)
2014795364,S14-001087,04/06/2014,04-April,1-Sunday,10:50,1000 Hours,District 4 (Southwest),,POTTAWATTAMIE,,Co Rd L35/WABASH AVE,Collision with fixed object:  Ditch,Roadside,Non-collision (single vehicle),Ran off road - right,None Indicated,,Daylight,Dry,Cloudy,None apparent,Non-intersection:  Non-junction/no special feature,Paved,,Property Damage Only,0,0,0,0,0,0,10000,1,1,,POINT (-95.814895254102 41.21770572254)
2014793877,2014-3667,04/06/2014,04-April,1-Sunday,12:15,1200 Hours,District 2 (Northeast),FOREST CITY,WINNEBAGO,US 69,US 69/170TH AVE,Collision with:  Vehicle in traffic,On Roadway,Rear-end (front to rear),Lost Control,None Indicated,,Daylight,Dry,Cloudy,None apparent,Intersection:  Other intersection (explain in narrative),Paved,,Possible/Unknown,0,1,0,0,1,0,3500,2,3,,POINT (-93.63256774738 43.265580678498)
2014793666,01-14-14220,04/06/2014,04-April,1-Sunday,16:42,1600 Hours,District 6 (East Central),DUBUQUE,DUBUQUE,US 52,US 52/WHITE ST & E 20TH ST,Collision with:  Vehicle in traffic,On Roadway,Rear-end (front to rear),Lost Control,Refused,,Daylight,Dry,Clear,None apparent,Non-intersection:  Non-junction/no special feature,Paved,,Property Damage Only,0,0,0,0,0,0,7000,2,2,,POINT (-90.669354337519 42.511407429549)
2014793813,14-1613,04/06/2014,04-April,1-Sunday,12:55,1200 Hours,District 1 (Central),WEST DES MOINES,POLK,,ASHWORTH RD & 35TH ST,Collision with:  Vehicle in traffic,On Roadway,"Sideswipe, same direction",Made improper turn,None Indicated,,Daylight,Wet,Rain,None apparent,Intersection:  Four-way intersection,Paved,,Property Damage Only,0,0,0,0,0,0,2000,2,2,,POINT (-93.751768784956 41.584803778844)
2014793804,20140009104,04/06/2014,04-April,1-Sunday,13:39,1300 Hours,District 1 (Central),DES MOINES,POLK,,FRANKLIN AVE & 44TH ST,Collision with:  Vehicle in traffic,On Roadway,"Sideswipe, same direction",Followed too close,None Indicated,,Daylight,Wet,Rain,None apparent,Non-intersection:  Non-junction/no special feature,Paved,,Property Damage Only,0,0,0,0,0,0,4000,2,2,,POINT (-93.677856376029 41.611249157991)
2014795842,14001608,04/06/2014,04-April,1-Sunday,12:10,1200 Hours,District 1 (Central),AMES,STORY,US 69,US 69/GRAND AVE & 13TH ST,Collision with:  Vehicle in traffic,On Roadway,Rear-end (front to rear),Followed too close,None Indicated,,Daylight,Dry,Cloudy,None apparent,Non-intersection:  Non-junction/no special feature,Paved,,Property Damage Only,0,0,0,0,0,0,2000,2,4,,POINT (-93.620395584061 42.034537011718)
2014819354,1404-027,04/06/2014,04-April,1-Sunday,17:00,1700 Hours,District 3 (Northwest),,OSCEOLA,IA 9,IA 9/IOWA 9,Collision with:  Animal,,,Animal,None Indicated,,,,,,,Paved,,Property Damage Only,0,0,0,0,0,0,2000,1,1,,POINT (-95.56988709535 43.431923345052)
2014793791,20140009097,04/06/2014,04-April,1-Sunday,13:02,1300 Hours,District 1 (Central),DES MOINES,POLK,US 69,US 69/SE 14TH ST & E RAILROAD AVE,Collision with:  Vehicle in traffic,On Roadway,Rear-end (front to rear),"Operating vehicle in an reckless, erratic, careless, negligent manner",None Indicated,,Daylight,Wet,Rain,None apparent,Intersection:  T-intersection,Paved,,Property Damage Only,0,0,0,0,0,0,5000,3,4,,POINT (-93.596911312045 41.579506055541)
2014793704,201401073,04/06/2014,04-April,1-Sunday,05:23,0500 Hours,District 6 (East Central),,LINN,US 151,US 151 & Co Rd E48/MT VERNON RD/WEST MT VERNON RD,Collision with:  Animal,,,Animal,None Indicated,,,,,,,Paved,,Property Damage Only,0,0,0,0,0,0,5000,1,1,,POINT (-91.551494734499 41.976105967101)
2014803347,14-02953,04/06/2014,04-April,1-Sunday,00:49,0000 Hours,District 5 (Southeast),MOUNT PLEASANT,HENRY,,N WHITE ST,Collision with fixed object:  Tree,On Roadway,Non-collision (single vehicle),Exceeded authorized speed,Alcohol (Statutory),,Dark - roadway not lighted,Dry,Clear,None apparent,Non-intersection:  Non-junction/no special feature,Paved,,Possible/Unknown,0,2,0,0,2,0,30000,1,2,,POINT (-91.556779922909 40.971561342897)
2014794452,2014021572,04/06/2014,04-April,1-Sunday,14:35,1400 Hours,District 5 (Southeast),,HENRY,US 34,US 34,Collision with:  Animal,,,Animal,None Indicated,,,,,,,Paved,,Property Damage Only,0,0,0,0,0,0,3000,1,1,,POINT (-91.596176728389 40.986190268104)
2014795835,14-001862,04/06/2014,04-April,1-Sunday,00:30,0000 Hours,District 1 (Central),AMES,STORY,,LINCOLN WAY & S SHELDON AVE,Collision with:  Vehicle in traffic,On Roadway,Rear-end (front to rear),Followed too close,None Indicated,,Dark - roadway lighted,Dry,Clear,None apparent,Non-intersection:  Non-junction/no special feature,Paved,,Property Damage Only,0,0,0,0,0,0,4000,2,3,,POINT (-93.654234895471 42.022748663569)
2014793914,,04/06/2014,04-April,1-Sunday,11:00,1100 Hours,District 2 (Northeast),,ALLAMAKEE,IA 76,IA 76/IOWA 76 & MOODY RIDGE RD,Collision with:  Animal,On Roadway,Non-collision (single vehicle),Animal,None Indicated,,Daylight,Dry,Clear,,Non-intersection:  Non-junction/no special feature,Paved,,Property Damage Only,0,0,0,0,0,0,2861,1,1,,POINT (-91.231743431907 43.133405846038)
2014798537,,04/06/2014,04-April,1-Sunday,07:10,0700 Hours,District 2 (Northeast),,WINNESHIEK,IA 9,IA 9/IOWA 9,Collision with:  Animal,On Roadway,Non-collision (single vehicle),Animal,None Indicated,,Daylight,,Cloudy,None apparent,Non-intersection:  Non-junction/no special feature,Paved,,Property Damage Only,0,0,0,0,0,0,2000,1,2,,POINT (-91.697942044726 43.244728197635)
2014802499,,04/06/2014,04-April,1-Sunday,02:00,0200 Hours,District 2 (Northeast),,WINNESHIEK,,Co Rd A52/OLD STAGE RD,Collision with fixed object:  Ditch,On Roadway,Non-collision (single vehicle),Ran off road - left,None Indicated,,Dark - roadway not lighted,Dry,Cloudy,None apparent,Non-intersection:  Non-junction/no special feature,Paved,,Property Damage Only,0,0,0,0,0,0,2500,1,2,,POINT (-91.669111509394 43.284664582292)
2014794631,14-001362,04/06/2014,04-April,1-Sunday,15:52,1500 Hours,District 3 (Northwest),LARCHWOOD,LYON,,PARK DR & FELL ST,Collision with:  Non-motorist (see non-motorist section - NOT a unit),On Roadway,Non-collision (single vehicle),Swerving/Evasive Action,None Indicated,,Daylight,Dry,Cloudy,None apparent,Intersection:  T-intersection,Paved,,Minor Injury,0,1,0,1,0,0,1000,1,2,,POINT (-96.444769535801 43.454803543495)
2014795819,14-001694,04/06/2014,04-April,1-Sunday,21:30,2100 Hours,District 1 (Central),AMES,STORY,,DIAMOND CT & DIAMOND ST,Collision with:  Parked motor vehicle,On Roadway,Rear-end (front to rear),Unknown,None Indicated,,Dark - roadway lighted,Dry,Clear,None apparent,Non-intersection:  Non-junction/no special feature,Paved,,Property Damage Only,0,0,0,0,0,0,8999,2,1,,POINT (-93.60158230096 41.994503785197)
2014794046,2014021551,04/06/2014,04-April,1-Sunday,09:20,0900 Hours,District 1 (Central),,JASPER,I-80,I-80,Collision with:  Vehicle in traffic,On Roadway,"Sideswipe, same direction",Improper Backing,None Indicated,,Daylight,Dry,Cloudy,None apparent,Non-intersection:  Crossover-related,Paved,,Possible/Unknown,0,1,0,0,1,0,11500,2,2,,POINT (-92.814473057685 41.695234615706)
2014797043,14C01507,04/06/2014,04-April,1-Sunday,17:50,1700 Hours,District 4 (Southwest),CRESTON,UNION,,KIRBY ST & S PARK ST,Non-collision events:  Other non-collision (explain in narrative),On Roadway,Non-collision (single vehicle),FTYROW:  From stop sign,None Indicated,,Daylight,Dry,Clear,None apparent,Intersection:  Four-way intersection,Paved,,Possible/Unknown,0,1,0,0,1,0,200,2,3,,POINT (-94.379522582557 41.052736354439)
2014793824,13-013318,04/06/2014,04-April,1-Sunday,23:26,2300 Hours,District 4 (Southwest),COUNCIL BLUFFS,POTTAWATTAMIE,,S 4TH ST,Collision with:  Parked motor vehicle,On Roadway,Rear-end (front to rear),Driver Distraction:  Manual operation of an electronic communication device,None Indicated,,Dark - roadway lighted,Dry,Cloudy,None apparent,Non-intersection:  Non-junction/no special feature,Paved,,Possible/Unknown,0,1,0,0,1,0,6500,2,1,,POINT (-95.849893922976 41.256463316211)
2014794607,1404061306,04/06/2014,04-April,1-Sunday,13:06,1300 Hours,District 6 (East Central),,JONES,US 151,US 151,Collision with:  Animal,,,Animal,None Indicated,,,,,,,Paved,,Property Damage Only,0,0,0,0,0,0,3000,1,1,,POINT (-91.203552473589 42.203481042667)
2014794394,1400000282,04/06/2014,04-April,1-Sunday,05:45,0500 Hours,District 1 (Central),,MARSHALL,,Co Rd E29/SUMMIT RD,Collision with fixed object:  Ditch,On Roadway,Non-collision (single vehicle),"Operating vehicle in an reckless, erratic, careless, negligent manner",Refused,,Dark - roadway not lighted,Dry,Cloudy,None apparent,Non-intersection:  Non-junction/no special feature,Paved,,Minor Injury,0,1,0,1,0,0,7500,1,2,,POINT (-92.973712876504 42.059726875072)
2014793776,20140009075,04/06/2014,04-April,1-Sunday,03:40,0300 Hours,District 1 (Central),DES MOINES,POLK,,GUTHRIE AVE,Collision with:  Parked motor vehicle,On Roadway,Rear-end (front to rear),Lost Control,None Indicated,,Dark - roadway lighted,Dry,Clear,None apparent,Non-intersection:  Non-junction/no special feature,Paved,,Property Damage Only,0,0,0,0,0,0,4000,2,777,,POINT (-93.564039163925 41.61498043137)
2014793764,14-001510,04/06/2014,04-April,1-Sunday,12:40,1200 Hours,District 1 (Central),ANKENY,POLK,US 69,US 69/S ANKENY BLVD/N 14TH ST & IA 160/SW ORALABOR RD/SE ORALABOR RD,Collision with:  Vehicle in traffic,On Roadway,Rear-end (front to rear),Other (explain in narrative):  Other,None Indicated,,Daylight,Wet,Cloudy,None apparent,Non-intersection:  Non-junction/no special feature,Paved,,Property Damage Only,0,0,0,0,0,0,2100,2,4,,POINT (-93.600562715852 41.70285829484)
2014794179,2014021608,04/06/2014,04-April,1-Sunday,18:00,1800 Hours,District 5 (Southeast),,CLARKE,I-35,I-35,Collision with:  Animal,,,Animal,None Indicated,,,,,,,Paved,,Property Damage Only,0,0,0,0,0,0,4500,1,1,,POINT (-93.794399478298 41.017341205507)
2014794838,14-3007,04/06/2014,04-April,1-Sunday,23:45,2300 Hours,District 3 (Northwest),,IDA,,Co Rd D15/125TH ST,Collision with:  Vehicle in traffic,On Roadway,"Sideswipe, same direction",Crossed centerline (undivided),None Indicated,,Dark - roadway not lighted,Dry,Clear,None apparent,Non-intersection:  Non-junction/no special feature,Paved,,Minor Injury,0,1,0,1,0,0,1500,2,1,,POINT (-95.6678384794 42.525454392408)
2014793715,14-1608,04/06/2014,04-April,1-Sunday,11:30,1100 Hours,District 6 (East Central),HIAWATHA,LINN,I-380,I-380,Collision with:  Vehicle in traffic,On Roadway,Rear-end (front to rear),Other (explain in narrative):  Other,None Indicated,,Daylight,Dry,Cloudy,None apparent,Interchange-related:  On-ramp merge area,Paved,,Property Damage Only,0,0,0,0,0,0,2000,2,2,,POINT (-91.676865564715 42.035467747071)
2014794166,14-10247,04/06/2014,04-April,1-Sunday,21:10,2100 Hours,District 3 (Northwest),SIOUX CITY,WOODBURY,,18TH ST & GRANDVIEW BLVD,Collision with:  Vehicle in traffic,On Roadway,Broadside (front to side),Crossed centerline (undivided),None Indicated,,Dark - roadway lighted,Wet,Rain,None apparent,Intersection:  Four-way intersection,Paved,,Property Damage Only,0,0,0,0,0,0,4000,2,5,,POINT (-96.408048810137 42.509136645829)
2014795808,14-001602,04/06/2014,04-April,1-Sunday,00:01,0000 Hours,District 1 (Central),AMES,STORY,,MORTENSON PKWY,Collision with fixed object:  Curb/island/raised median,On Roadway,Non-collision (single vehicle),Crossed centerline (undivided),Alcohol (Statutory),,Dark - roadway lighted,Dry,Clear,None apparent,Non-intersection:  Non-junction/no special feature,Paved,,Possible/Unknown,0,1,0,0,0,1,21000,1,4,,POINT (-93.645436626471 42.009135489532)
2014793803,20140009083,04/06/2014,04-April,1-Sunday,05:00,0500 Hours,District 1 (Central),DES MOINES,POLK,,AMHERST ST,Collision with:  Parked motor vehicle,On Roadway,"Sideswipe, same direction",Unknown,None Indicated,,Dark - roadway lighted,Dry,Clear,None apparent,Non-intersection:  Non-junction/no special feature,Paved,,Property Damage Only,0,0,0,0,0,0,2500,2,777,,POINT (-93.611478711032 41.628257693539)
2014793792,20140009126,04/06/2014,04-April,1-Sunday,18:35,1800 Hours,District 1 (Central),DES MOINES,POLK,,CLARK ST & 2ND AVE,Collision with:  Vehicle in traffic,On Roadway,Head-on (front to front),Other (explain in narrative):  Other,None Indicated,,Daylight,Dry,Cloudy,None apparent,Intersection:  Four-way intersection,Paved,,Property Damage Only,0,0,0,0,0,0,3000,2,3,,POINT (-93.619787774867 41.605857306364)
2014793659,14-11377,04/06/2014,04-April,1-Sunday,22:12,2200 Hours,District 5 (Southeast),BURLINGTON,DES MOINES,,AGENCY ST & CAMERON ST,Collision with:  Vehicle in traffic,On Roadway,"Sideswipe, same direction",Other (explain in narrative):  Other,None Indicated,,Dark - roadway lighted,Dry,Clear,None apparent,Non-intersection:  Non-junction/no special feature,Paved,,Property Damage Only,0,0,0,0,0,0,2300,2,2,,POINT (-91.120995991862 40.815140364417)
2014793760,14-2234,04/06/2014,04-April,1-Sunday,05:25,0500 Hours,District 1 (Central),,POLK,IA 141,IA 141/IOWA 141,Collision with:  Animal,,Non-collision (single vehicle),Animal,None Indicated,,,,,,,Paved,,Property Damage Only,0,0,0,0,0,0,7000,1,1,,POINT (-93.775358319513 41.727292734044)
2014793845,2014-20794,04/06/2014,04-April,1-Sunday,09:45,0900 Hours,District 6 (East Central),DAVENPORT,SCOTT,,W 6TH ST & N DIVISION ST,Collision with:  Vehicle in traffic,On Roadway,Broadside (front to side),Ran Stop Sign,Alcohol (Statutory),,Daylight,Dry,Clear,None apparent,Intersection:  Four-way intersection,Paved,,Possible/Unknown,0,1,0,0,1,0,9500,2,2,,POINT (-90.601181343029 41.525719382394)
2014793948,14-11349,04/06/2014,04-April,1-Sunday,17:13,1700 Hours,District 5 (Southeast),WEST BURLINGTON,DES MOINES,,W AGENCY RD,Collision with:  Vehicle in traffic,On Roadway,Broadside (front to side),FTYROW:  From driveway,None Indicated,,Daylight,Dry,Clear,None apparent,Non-intersection:  Driveway access (within),Paved,,Property Damage Only,0,0,0,0,0,0,3500,2,4,,POINT (-91.158626384012 40.813062931973)
2014794317,EP14000505,04/06/2014,04-April,1-Sunday,18:15,1800 Hours,District 2 (Northeast),EAGLE GROVE,WRIGHT,,10TH ST SW & S BRADEN AVE & 10TH ST SE,Collision with fixed object:  Other fixed object (explain in narrative),On Roadway,Non-collision (single vehicle),Other (explain in narrative):  Other,None Indicated,,Daylight,Wet,Rain,None apparent,Non-intersection:  Non-junction/no special feature,Paved,,Property Damage Only,0,0,0,0,0,0,5000,1,1,,POINT (-93.902363683302 42.65381181174)
2014800929,2014021562,04/06/2014,04-April,1-Sunday,11:57,1100 Hours,District 2 (Northeast),WATERLOO,BLACK HAWK,,LA PORTE RD & HESS RD,Collision with fixed object:  Other fixed object (explain in narrative),Outside trafficway,Non-collision (single vehicle),Exceeded authorized speed,None Indicated,,Daylight,Dry,Clear,None apparent,Non-intersection:  Non-junction/no special feature,Paved,,Fatal,1,0,0,0,0,0,10000,1,1,,POINT (-92.315273033983 42.461489107133)
2014793761,14-2239,04/06/2014,04-April,1-Sunday,13:52,1300 Hours,District 1 (Central),,POLK,,NE 34TH ST,Collision with fixed object:  Other fixed object (explain in narrative),On Roadway,Non-collision (single vehicle),Lost Control,None Indicated,,Daylight,Wet,Cloudy,None apparent,Non-intersection:  Non-junction/no special feature,Paved,,Property Damage Only,0,0,0,0,0,0,5500,1,2,,POINT (-93.550297434789 41.639123291437)
2014798143,2014-20804,04/06/2014,04-April,1-Sunday,12:45,1200 Hours,District 6 (East Central),DAVENPORT,SCOTT,,E 12TH ST & IOWA ST,Collision with:  Vehicle in traffic,On Roadway,Broadside (front to side),Ran Stop Sign,None Indicated,,Daylight,Dry,Clear,None apparent,Intersection:  Four-way intersection,Paved,,Property Damage Only,0,0,0,0,0,0,1500,2,4,,POINT (-90.569666390616 41.531983254474)
2014793772,20140009064,04/06/2014,04-April,1-Sunday,01:28,0100 Hours,District 1 (Central),DES MOINES,POLK,,GEORGE FLAGG PKWY,Collision with fixed object:  Other fixed object (explain in narrative),Shoulder,Non-collision (single vehicle),Ran off road - right,Refused,,Dark - roadway lighted,Dry,Clear,None apparent,Non-intersection:  Non-junction/no special feature,Paved,,Property Damage Only,0,0,0,0,0,0,9000,1,1,,POINT (-93.654769289984 41.567760895664)
2014794575,2014003679,04/06/2014,04-April,1-Sunday,12:36,1200 Hours,District 6 (East Central),IOWA CITY,JOHNSON,,KEOKUK ST,Collision with:  Vehicle in traffic,On Roadway,"Sideswipe, same direction",Made improper turn,None Indicated,,Daylight,Dry,Clear,None apparent,Intersection:  T-intersection,Paved,,Property Damage Only,0,0,0,0,0,0,4500,2,5,,POINT (-91.524935548018 41.640036491622)