Iowa DOT Case Number,Law Enforcement Case Number,Date of Crash,Month of Crash,Day of Week,Time of Crash,Hour,DOT District,City Name,County Name,Route with System,Location Description,First Harmful Event,Location of First Harmful Event,Manner of Crash/Collision,Major Cause,Drug or Alcohol ,Environmental Conditions,Light Conditions,Surface Conditions,Weather Conditions,Roadway Contribution,Roadway Type,Roadway Surface,Work Zone,Crash Severity,Number of Fatalities,Number of Injuries,Number of Major Injuries,Number of Minor Injuries,Number of Possible Injuries,Number of Unknown Injuries,Amount of Property Damage,Number of Vehicles Involved,Total Number of Occupants,Travel Direction,Location
2014797176,14-001609,04/06/2014,04-April,1-Sunday,13:01,1300 Hours,District 1 (Central),AMES,STORY,US 30,US 30,Collision with:  Vehicle in traffic,On Roadway,Rear-end (front to rear),Driver Distraction:  Manual operation of an electronic communication device,None Indicated,,Daylight,Dry,Cloudy,None apparent,Non-intersection:  Other non-intersection (explain in narrative),Paved,,Possible/Unknown,0,2,0,0,2,0,8000,2,2,,POINT (-93.585587667384 42.006673370903)
2014795861,2014021597,04/06/2014,04-April,1-Sunday,16:43,1600 Hours,District 4 (Southwest),,MADISON,I-80,I-80,Non-collision events:  Overturn/rollover,Shoulder,Non-collision (single vehicle),Swerving/Evasive Action,None Indicated,,Daylight,Wet,Rain,None apparent,Non-intersection:  Non-junction/no special feature,Paved,,Major Injury,0,1,1,0,0,0,30000,1,1,,POINT (-94.22055763703 41.494944485936)
2014794122,14007581,04/06/2014,04-April,1-Sunday,19:30,1900 Hours,District 5 (Southeast),OSKALOOSA,MAHASKA,US 63,US 63/N MARKET ST,Collision with:  Vehicle in traffic,On Roadway,Broadside (front to side),FTYROW:  From stop sign,None Indicated,,Dark - roadway lighted,Dry,Clear,None apparent,Non-intersection:  Driveway access (within),Paved,,Property Damage Only,0,0,0,0,0,0,5000,2,3,,POINT (-92.645566752881 41.310670998503)
2014795198,201401074,04/06/2014,04-April,1-Sunday,07:12,0700 Hours,District 6 (East Central),,LINN,,OTTER VIEW RD,Non-collision events:  Overturn/rollover,Roadside,Non-collision (single vehicle),"Operating vehicle in an reckless, erratic, careless, negligent manner",Alcohol (Statutory),,Daylight,"Mud, dirt",Cloudy,None apparent,Non-intersection:  Non-junction/no special feature,Unpaved,,Minor Injury,0,2,0,2,0,0,10000,1,3,,POINT (-91.72149142486 42.093379944498)
2014795490,14-8284,04/06/2014,04-April,1-Sunday,15:40,1500 Hours,District 1 (Central),NEWTON,JASPER,,E 19TH ST S,Non-collision events:  Other non-collision (explain in narrative),On Roadway,Non-collision (single vehicle),Lost Control,None Indicated,,Daylight,Dry,Clear,None apparent,Non-intersection:  Non-junction/no special feature,Paved,,Minor Injury,0,1,0,1,0,0,200,1,2,,POINT (-93.02898719519 41.697146111269)
2014795091,2014-20834,04/06/2014,04-April,1-Sunday,16:59,1600 Hours,District 6 (East Central),DAVENPORT,SCOTT,,N DIVISION ST,Collision with:  Vehicle in traffic,On Roadway,Rear-end (front to rear),"Operating vehicle in an reckless, erratic, careless, negligent manner",None Indicated,,Daylight,Dry,Clear,None apparent,Non-intersection:  Non-junction/no special feature,Paved,,Property Damage Only,0,0,0,0,0,0,10400,3,5,,POINT (-90.600779249899 41.552802324237)
2014795951,14007573,04/06/2014,04-April,1-Sunday,17:10,1700 Hours,District 5 (Southeast),OSKALOOSA,MAHASKA,,CORNERSTONE DR,Collision with:  Vehicle in traffic,On Roadway,Rear-end (front to rear),Other (explain in narrative):  Other,None Indicated,,Daylight,Dry,Clear,None apparent,Non-intersection:  Non-junction/no special feature,Paved,,Possible/Unknown,0,2,0,0,2,0,2500,2,3,,POINT (-92.669640151739 41.296285177974)
2014794356,2014-1335,04/06/2014,04-April,1-Sunday,17:35,1700 Hours,District 4 (Southwest),WAUKEE,DALLAS,,UNIVERSITY AVE & ALICES RD & GRAND PRAIRIE PKWY,Collision with:  Vehicle in traffic,On Roadway,Rear-end (front to rear),Followed too close,None Indicated,,Daylight,Wet,Rain,None apparent,Intersection:  Four-way intersection,Paved,,Property Damage Only,0,0,0,0,0,0,5800,2,3,,POINT (-93.853504390098 41.600423566055)
2014793990,2014-20810,04/06/2014,04-April,1-Sunday,14:23,1400 Hours,District 6 (East Central),DAVENPORT,SCOTT,,IA 461/BRADY ST & W LOCUST ST & E LOCUST ST,Collision with:  Vehicle in traffic,On Roadway,Rear-end (front to rear),Followed too close,None Indicated,,Daylight,Dry,Cloudy,None apparent,Non-intersection:  Non-junction/no special feature,Paved,,Property Damage Only,0,0,0,0,0,0,1600,2,4,,POINT (-90.573997624563 41.538280176233)
2014794018,14-10203,04/06/2014,04-April,1-Sunday,14:00,1400 Hours,District 3 (Northwest),SIOUX CITY,WOODBURY,,W 20TH ST & HAMILTON BLVD,Collision with:  Vehicle in traffic,On Roadway,"Angle, oncoming left turn",FTYROW:  Making left turn,None Indicated,,Daylight,Dry,Clear,None apparent,Intersection:  Four-way intersection,Paved,,Property Damage Only,0,0,0,0,0,0,5500,2,5,,POINT (-96.41679172888 42.51167639987)
2014793632,W14-033115,04/06/2014,04-April,1-Sunday,00:18,0000 Hours,District 2 (Northeast),WATERLOO,BLACK HAWK,US 218,US 218/NW RAMP & ANSBOROUGH AVE,Collision with:  Vehicle in traffic,On Roadway,Rear-end (front to rear),Other (explain in narrative):  Other,Alcohol (Statutory),,Dark - roadway lighted,Dry,Clear,None apparent,Interchange-related:  Off-ramp,Paved,,Minor Injury,0,2,0,1,1,0,11000,4,6,,POINT (-92.375783238997 42.508034663153)
2014793710,201404779,04/06/2014,04-April,1-Sunday,13:03,1300 Hours,District 6 (East Central),CEDAR RAPIDS,LINN,,F AVE & B AVE NE & 1ST ST,Collision with:  Vehicle in traffic,On Roadway,Rear-end (front to rear),Lost Control,None Indicated,,Daylight,Dry,Clear,None apparent,Intersection:  Four-way intersection,Paved,,Possible/Unknown,0,1,0,0,1,0,6000,2,2,,POINT (-91.671465789027 41.979736813505)
2014795194,14001110,04/06/2014,04-April,1-Sunday,01:00,0100 Hours,District 5 (Southeast),,KEOKUK,IA 22,IA 22/IOWA 22,Non-collision events:  Overturn/rollover,On Roadway,Non-collision (single vehicle),Ran off road - left,None Indicated,,Dark - roadway not lighted,Dry,Clear,None apparent,Non-intersection:  Non-junction/no special feature,Paved,,Minor Injury,0,1,0,1,0,0,10000,1,1,,POINT (-91.955535425707 41.468305594101)
2014793802,20140009078,04/06/2014,04-April,1-Sunday,07:23,0700 Hours,District 1 (Central),DES MOINES,POLK,,E JEFFERSON AVE,Collision with fixed object:  Utility pole/light support,On Roadway,Non-collision (single vehicle),Ran off road - right,None Indicated,,Dawn,Dry,Cloudy,None apparent,Non-intersection:  Non-junction/no special feature,Paved,,Property Damage Only,0,0,0,0,0,0,3000,1,1,,POINT (-93.605432372582 41.609455627669)
2014796141,14-000453,04/06/2014,04-April,1-Sunday,22:36,2200 Hours,District 1 (Central),,STORY,,645TH AVE,Collision with fixed object:  Ditch,Outside trafficway,Non-collision (single vehicle),Other (explain in narrative):  Disregarded Warning Sign,None Indicated,,Dark - roadway not lighted,Dry,Cloudy,None apparent,Non-intersection:  Other non-intersection (explain in narrative),Unpaved,,Major Injury,0,2,2,0,0,0,5000,1,2,,POINT (-93.415617480716 41.902459390616)
2014795108,2014-20844,04/06/2014,04-April,1-Sunday,18:07,1800 Hours,District 6 (East Central),DAVENPORT,SCOTT,,JUDSON ST,Collision with:  Parked motor vehicle,On Roadway,"Sideswipe, same direction",Lost Control,None Indicated,,Daylight,Dry,Clear,None apparent,Non-intersection:  Non-junction/no special feature,Paved,,Possible/Unknown,0,2,0,0,2,0,7700,2,4,,POINT (-90.550174910736 41.5361717049)
2014800307,14001771,04/06/2014,04-April,1-Sunday,20:26,2000 Hours,District 3 (Northwest),,CHEROKEE,US 59,US 59,Collision with:  Animal,,,Animal,None Indicated,,,,,,,Paved,,Property Damage Only,0,0,0,0,0,0,3000,1,1,,POINT (-95.554526345918 42.683931750168)
2014793654,142346,04/06/2014,04-April,1-Sunday,04:15,0400 Hours,District 4 (Southwest),,DALLAS,IA 141,IA 141/IOWA 141,Collision with:  Animal,On Roadway,Non-collision (single vehicle),Animal,None Indicated,,Dark - roadway not lighted,Dry,Clear,None apparent,Non-intersection:  Non-junction/no special feature,Paved,,Possible/Unknown,0,1,0,0,1,0,3000,1,1,,POINT (-93.876028762018 41.786456398865)
2014793765,14-001512,04/06/2014,04-April,1-Sunday,13:30,1300 Hours,District 1 (Central),ANKENY,POLK,,SE DELAWARE AVE,Collision with:  Vehicle in traffic,On Roadway,"Sideswipe, same direction",Other (explain in narrative):  No improper action,None Indicated,,Daylight,Wet,Rain,None apparent,Non-intersection:  Non-junction/no special feature,Paved,,Property Damage Only,0,0,0,0,0,0,2400,2,3,,POINT (-93.581272536121 41.704209470321)
2014794241,56-2014,04/06/2014,04-April,1-Sunday,20:20,2000 Hours,District 4 (Southwest),,HARRISON,IA 44,IA 44/IOWA 44,Collision with:  Vehicle in traffic,On Roadway,Rear-end (front to rear),Swerving/Evasive Action,None Indicated,,Dark - roadway not lighted,Dry,Cloudy,None apparent,Non-intersection:  Non-junction/no special feature,Paved,,Possible/Unknown,0,1,0,0,1,0,4000,2,5,,POINT (-95.578652946263 41.646012087212)
2014796807,2014-20718,04/06/2014,04-April,1-Sunday,00:08,0000 Hours,District 6 (East Central),DAVENPORT,SCOTT,,IA 461/BRADY ST & W PLEASANT ST,Collision with:  Vehicle in traffic,On Roadway,Head-on (front to front),Traveling wrong way or on wrong side of road,None Indicated,,Dark - roadway lighted,Dry,Clear,None apparent,Intersection:  Other intersection (explain in narrative),Paved,,Property Damage Only,0,0,0,0,0,0,9638,2,2,,POINT (-90.574013093956 41.539469348572)
2014796289,2014-20796,04/06/2014,04-April,1-Sunday,01:00,0100 Hours,District 6 (East Central),DAVENPORT,SCOTT,,IA 461/BRADY ST,Collision with:  Vehicle in traffic,Outside trafficway,"Sideswipe, same direction",Unknown,None Indicated,,Dark - unknown roadway lighting,Dry,Clear,None apparent,Non-intersection:  Driveway access (within),Paved,,Property Damage Only,0,0,0,0,0,0,2000,2,1,,POINT (-90.574057971901 41.521916789065)
2014794019,14-10231,04/06/2014,04-April,1-Sunday,19:20,1900 Hours,District 3 (Northwest),SIOUX CITY,WOODBURY,,6TH ST & COURT ST,Collision with:  Vehicle in traffic,On Roadway,"Sideswipe, same direction",Other (explain in narrative):  Other,None Indicated,,Daylight,Dry,Clear,None apparent,Intersection:  Four-way intersection,Paved,,Property Damage Only,0,0,0,0,0,0,3500,2,4,,POINT (-96.396468366489 42.496442349568)
2014820441,2014-31-AC,04/06/2014,04-April,1-Sunday,16:26,1600 Hours,District 3 (Northwest),,DICKINSON,,Co Rd A15/260TH AVE,Non-collision events:  Other non-collision (explain in narrative),On Roadway,Non-collision (single vehicle),Driving too fast for conditions,None Indicated,,Daylight,Dry,Cloudy,None apparent,Non-intersection:  Non-junction/no special feature,Paved,,Possible/Unknown,0,2,0,0,2,0,2500,1,2,,POINT (-95.063055335562 43.467407102901)
2014793939,14-1755,04/06/2014,04-April,1-Sunday,01:15,0100 Hours,District 3 (Northwest),CHEROKEE,CHEROKEE,,E CHERRY ST,Collision with fixed object:  Utility pole/light support,Shoulder,Non-collision (single vehicle),Ran off road - right,Alcohol (Statutory),,Dark - roadway lighted,Dry,Clear,None apparent,Non-intersection:  Non-junction/no special feature,Paved,,Property Damage Only,0,0,0,0,0,0,8000,1,2,,POINT (-95.550396379779 42.752658515783)
2014793934,14-087,04/06/2014,04-April,1-Sunday,17:10,1700 Hours,District 2 (Northeast),WAVERLY,BREMER,IA 3,IA 3/BREMER AVE,Collision with:  Parked motor vehicle,Shoulder,"Sideswipe, same direction",Unknown,None Indicated,,Daylight,Dry,Cloudy,None apparent,Non-intersection:  Non-junction/no special feature,Paved,,Property Damage Only,0,0,0,0,0,0,1750,2,1,,POINT (-92.468803865607 42.725801195347)
2014798477,P-IN-14-0071,04/06/2014,04-April,1-Sunday,23:31,2300 Hours,District 5 (Southeast),WASHINGTON,WASHINGTON,,W MAIN ST,Collision with:  Vehicle in traffic,On Roadway,Unknown,"Operating vehicle in an reckless, erratic, careless, negligent manner",None Indicated,,Dark - roadway lighted,Dry,Cloudy,None apparent,Non-intersection:  Non-junction/no special feature,Paved,,Property Damage Only,0,0,0,0,0,0,6000,3,1,,POINT (-91.691911575935 41.299496177159)
2014794387,201401076,04/06/2014,04-April,1-Sunday,11:04,1100 Hours,District 6 (East Central),,LINN,,OLD RIVER RD,Collision with fixed object:  Tree,Roadside,Non-collision (single vehicle),Swerving/Evasive Action,None Indicated,,Daylight,Dry,Cloudy,None apparent,Non-intersection:  Non-junction/no special feature,Unpaved,,Property Damage Only,0,0,0,0,0,0,1500,1,1,,POINT (-91.582211089341 41.954396727557)
2014794107,14-8405,04/07/2014,04-April,2-Monday,19:00,1900 Hours,District 1 (Central),MINGO,JASPER,IA 117,IA 117/IOWA 117 N,Non-collision events:  Overturn/rollover,On Roadway,Non-collision (single vehicle),Ran off road - right,None Indicated,,Dusk,Dry,Clear,None apparent,Non-intersection:  Non-junction/no special feature,Paved,,Possible/Unknown,0,1,0,0,1,0,65250,1,1,,POINT (-93.308802374167 41.785499468567)
2014794200,,04/07/2014,04-April,2-Monday,00:20,0000 Hours,District 2 (Northeast),,FLOYD,,Co Rd T38/LANCER AVE,Non-collision events:  Overturn/rollover,Outside trafficway,Non-collision (single vehicle),Ran off road - left,None Indicated,,Dark - roadway not lighted,Dry,Clear,None apparent,Non-intersection:  Non-junction/no special feature,Paved,,Minor Injury,0,1,0,1,0,0,5000,1,1,,POINT (-92.809985354373 43.094603862184)
2014793938,14001985,04/07/2014,04-April,2-Monday,06:15,0600 Hours,District 2 (Northeast),,CERRO GORDO,,Co Rd S36/MALLARD AVE,Collision with:  Animal,,,Animal,None Indicated,,,,,,,Paved,,Property Damage Only,0,0,0,0,0,0,3500,1,1,,POINT (-93.260437033209 43.190790236929)
2014794924,201400016532,04/07/2014,04-April,2-Monday,14:01,1400 Hours,District 5 (Southeast),OTTUMWA,WAPELLO,IA 149,IA 149/IOWA 149 & E ROCHESTER ST,Collision with:  Vehicle in traffic,On Roadway,"Angle, oncoming left turn",FTYROW:  Making left turn,None Indicated,,Daylight,Dry,Clear,None apparent,Intersection:  Four-way intersection,Paved,,Possible/Unknown,0,3,0,0,2,1,9000,2,3,,POINT (-92.409821207263 41.060032160174)
2014794167,14-10273,04/07/2014,04-April,2-Monday,08:03,0800 Hours,District 3 (Northwest),SIOUX CITY,WOODBURY,,ORLEANS AVE & S PAXTON ST,Collision with:  Vehicle in traffic,On Roadway,Broadside (front to side),FTYROW:  From stop sign,None Indicated,,Daylight,Dry,Cloudy,None apparent,Intersection:  Four-way intersection,Paved,,Property Damage Only,0,0,0,0,0,0,2200,2,2,,POINT (-96.36576491561 42.471434170276)
2014795810,14-001617,04/07/2014,04-April,2-Monday,08:59,0800 Hours,District 1 (Central),AMES,STORY,,AIRPORT RD,Collision with:  Vehicle in traffic,On Roadway,Rear-end (front to rear),Driver Distraction:  Manual operation of an electronic communication device,None Indicated,,Daylight,Dry,Cloudy,None apparent,Non-intersection:  Non-junction/no special feature,Paved,,Property Damage Only,0,0,0,0,0,0,7000,2,2,,POINT (-93.619116165749 42.001039427266)
2014794764,14-168,04/07/2014,04-April,2-Monday,14:42,1400 Hours,District 5 (Southeast),,WAYNE,,Co Rd S16/80TH,Non-collision events:  Overturn/rollover,On Roadway,Non-collision (single vehicle),Crossed centerline (undivided),None Indicated,,Daylight,"Mud, dirt",Clear,None apparent,Non-intersection:  Non-junction/no special feature,Unpaved,,Possible/Unknown,0,1,0,0,1,0,10000,1,1,,POINT (-93.422230745808 40.714658945872)
2014794022,14-10283,04/07/2014,04-April,2-Monday,09:43,0900 Hours,District 3 (Northwest),SIOUX CITY,WOODBURY,,FLOYD BLVD,Collision with:  Vehicle in traffic,On Roadway,Rear-end (front to rear),Other (explain in narrative):  Other,None Indicated,,Daylight,Dry,Clear,None apparent,Intersection:  Four-way intersection,Paved,,Possible/Unknown,0,1,0,0,0,1,3500,2,2,,POINT (-96.393436921411 42.494164069861)
2014794761,2014-07012,04/07/2014,04-April,2-Monday,19:22,1900 Hours,District 5 (Southeast),INDIANOLA,WARREN,US 65,US 65/N JEFFERSON WAY & E BOSTON AVE,Collision with:  Vehicle in traffic,On Roadway,Broadside (front to side),FTYROW:  From stop sign,None Indicated,,Dusk,Dry,Clear,None apparent,Intersection:  Four-way intersection,Paved,,Property Damage Only,0,0,0,0,0,0,2000,2,3,,POINT (-93.558336980457 41.362332153404)
2014794225,14-11485,04/07/2014,04-April,2-Monday,17:40,1700 Hours,District 5 (Southeast),BURLINGTON,DES MOINES,,WEST AVE & WELLSHIRE DR & W ROOSEVELT FRONTAGE,Collision with:  Vehicle in traffic,On Roadway,"Angle, oncoming left turn",FTYROW:  Making left turn,None Indicated,,Daylight,Dry,Cloudy,None apparent,Intersection:  Four-way intersection,Paved,,Property Damage Only,0,0,0,0,0,0,3000,2,4,,POINT (-91.1429615463 40.8004169935)
2014793923,14-33439,04/07/2014,04-April,2-Monday,06:27,0600 Hours,District 2 (Northeast),,BLACK HAWK,,GILBERTVILLE RD,Collision with fixed object:  Ditch,Shoulder,Non-collision (single vehicle),Ran off road - right,None Indicated,,Dawn,Dry,Cloudy,None apparent,Non-intersection:  Non-junction/no special feature,Paved,,Minor Injury,0,1,0,1,0,0,2000,1,1,,POINT (-92.229799565593 42.428120131822)
2014793942,1404072621,04/07/2014,04-April,2-Monday,18:10,1800 Hours,District 6 (East Central),DELMAR,CLINTON,,Co Rd Y60/250 AVE & 130 ST & MAIN ST,Collision with:  Animal,On Roadway,Non-collision (single vehicle),Animal,None Indicated,,Daylight,Dry,Clear,None apparent,Non-intersection:  Non-junction/no special feature,Paved,,Minor Injury,0,1,0,1,0,0,1500,1,1,,POINT (-90.606883519916 41.98915957547)
2014793928,14033457,04/07/2014,04-April,2-Monday,08:38,0800 Hours,District 2 (Northeast),CEDAR FALLS,BLACK HAWK,,3RD ST & CEDAR CREST DR,Collision with:  Vehicle in traffic,On Roadway,Broadside (front to side),FTYROW:  At uncontrolled intersection,None Indicated,,Daylight,Dry,Cloudy,None apparent,Intersection:  Other intersection (explain in narrative),Paved,,Minor Injury,0,1,0,1,0,0,6000,2,3,,POINT (-92.473508549565 42.53599300878)
2014795238,2014-21030,04/07/2014,04-April,2-Monday,13:02,1300 Hours,District 6 (East Central),DAVENPORT,SCOTT,,W 2ND ST & MAIN ST,Collision with:  Vehicle in traffic,On Roadway,Rear-end (front to rear),Followed too close,None Indicated,,Daylight,Dry,Cloudy,None apparent,Intersection:  Four-way intersection,Paved,,Property Damage Only,0,0,0,0,0,0,8500,2,2,,POINT (-90.575566021963 41.521327166407)
2014794068,14004817,04/07/2014,04-April,2-Monday,06:21,0600 Hours,District 5 (Southeast),CENTERVILLE,APPANOOSE,,DEWEY RD & INDUSTRIAL PARK RD,Collision with:  Vehicle in traffic,On Roadway,"Angle, oncoming left turn",FTYROW:  Making left turn,None Indicated,,Daylight,Dry,Clear,None apparent,Intersection:  T-intersection,Paved,,Minor Injury,0,1,0,1,0,0,7500,2,2,,POINT (-92.857768961625 40.710695030825)
2014794395,1400000294,04/07/2014,04-April,2-Monday,19:00,1900 Hours,District 1 (Central),,MARSHALL,IA 330,IA 330/MARSHALLTOWN BLVD,Collision with:  Animal,,,Animal,None Indicated,,,,,,,Paved,,Property Damage Only,0,0,0,0,0,0,3500,1,1,,POINT (-93.140951413259 41.924777349884)
2014793985,14-013386,04/07/2014,04-April,2-Monday,12:40,1200 Hours,District 4 (Southwest),COUNCIL BLUFFS,POTTAWATTAMIE,,AVE A & N 26TH ST,Collision with:  Vehicle in traffic,On Roadway,Broadside (front to side),FTYROW:  From stop sign,None Indicated,,Daylight,Dry,Cloudy,None apparent,Intersection:  Four-way intersection,Paved,,Property Damage Only,0,0,0,0,0,0,7600,2,2,,POINT (-95.884368150941 41.262845219174)
2014794168,14-10303,04/07/2014,04-April,2-Monday,12:30,1200 Hours,District 3 (Northwest),SIOUX CITY,WOODBURY,,MAYHEW AVE & S LAKEPORT ST,Collision with fixed object:  Curb/island/raised median,Shoulder,Non-collision (single vehicle),Lost Control,None Indicated,,Daylight,Dry,Cloudy,None apparent,Intersection:  T-intersection,Paved,,Property Damage Only,0,0,0,0,0,0,2000,1,1,,POINT (-96.344829630213 42.451301208919)
2014795142,14000171,04/07/2014,04-April,2-Monday,17:25,1700 Hours,District 5 (Southeast),ALBIA,MONROE,IA 5,IA 5/N MAIN ST & C AVE W,Collision with:  Vehicle in traffic,On Roadway,Rear-end (front to rear),Other (explain in narrative):  Other,None Indicated,,Daylight,Dry,Clear,None apparent,Intersection:  T-intersection,Paved,,Possible/Unknown,0,1,0,0,1,0,2500,2,4,,POINT (-92.807152724613 41.031628097433)
2014794120,A14-024,04/07/2014,04-April,2-Monday,16:54,1600 Hours,District 4 (Southwest),WINTERSET,MADISON,US 169,US 169,Collision with:  Vehicle in traffic,On Roadway,"Sideswipe, opposite direction",FTYROW:  Making left turn,None Indicated,,Daylight,Dry,Cloudy,None apparent,Non-intersection:  Driveway access (within),Paved,,Possible/Unknown,0,3,0,0,3,0,32000,2,5,,POINT (-94.013504699371 41.351062796645)
2014796624,14-027,04/07/2014,04-April,2-Monday,14:35,1400 Hours,District 3 (Northwest),SIOUX CENTER,SIOUX,,4TH ST SW & 1ST AVE SW,Collision with:  Vehicle in traffic,On Roadway,Broadside (front to side),FTYROW:  At uncontrolled intersection,None Indicated,,Daylight,Wet,Cloudy,None apparent,Intersection:  Four-way intersection,Paved,,Property Damage Only,0,0,0,0,0,0,4000,2,3,,POINT (-96.176865594766 43.074288367744)
2014793979,20140009257,04/07/2014,04-April,2-Monday,21:30,2100 Hours,District 1 (Central),DES MOINES,POLK,,19TH ST,Collision with:  Vehicle in traffic,On Roadway,"Sideswipe, same direction",Made improper turn,None Indicated,,Dark - roadway lighted,Dry,Clear,None apparent,Intersection:  Intersection with ramp,Paved,,Property Damage Only,0,0,0,0,0,0,5500,2,7,,POINT (-93.642495881951 41.596428173307)
2014796658,2014021678,04/07/2014,04-April,2-Monday,10:00,1000 Hours,District 1 (Central),,JASPER,IA 163,IA 163/IOWA 163 W,Non-collision events:  Overturn/rollover,On Roadway,Non-collision (single vehicle),Lost Control,None Indicated,,Daylight,Dry,Cloudy,None apparent,Non-intersection:  Non-junction/no special feature,Paved,,Possible/Unknown,0,1,0,0,1,0,9000,1,1,,POINT (-93.089707932967 41.511051179095)
2014794130,14001872,04/07/2014,04-April,2-Monday,11:37,1100 Hours,District 3 (Northwest),SHELDON,OBRIEN,US 18,US 18/PARK ST & C ST,Collision with:  Vehicle in traffic,On Roadway,Unknown,FTYROW:  Other (explain in narrative),None Indicated,,Daylight,Dry,Clear,None apparent,Non-intersection:  Driveway access (within),Paved,,Property Damage Only,0,0,0,0,0,0,5000,2,2,,POINT (-95.857202765046 43.185848134336)
2014793930,201401424,04/07/2014,04-April,2-Monday,02:40,0200 Hours,District 1 (Central),BEAVER,BOONE,US 30,US 30/220TH ST,Collision with fixed object:  Ditch,Outside trafficway,Non-collision (single vehicle),Crossed centerline (undivided),None Indicated,,Dark - roadway not lighted,Dry,Clear,None apparent,Non-intersection:  Non-junction/no special feature,Paved,,Property Damage Only,0,0,0,0,0,0,12150,1,1,,POINT (-94.110467213398 42.034615377779)
2014797719,14049286,04/07/2014,04-April,2-Monday,11:30,1100 Hours,District 6 (East Central),TIFFIN,JOHNSON,,ROBERTS FERRY RD,Collision with fixed object:  Mailbox,Shoulder,Non-collision (single vehicle),Ran off road - right,None Indicated,,Daylight,Dry,Clear,None apparent,Non-intersection:  Non-junction/no special feature,Paved,,Property Damage Only,0,0,0,0,0,0,1600,1,1,,POINT (-91.666831261809 41.709952246141)
2014794080,14-4700,04/07/2014,04-April,2-Monday,16:34,1600 Hours,District 3 (Northwest),SPENCER,CLAY,US 18,US 18/S GRAND AVE & 4TH ST SW & 4TH ST SE,Collision with fixed object:  Other fixed object (explain in narrative),On Roadway,Non-collision (single vehicle),Other (explain in narrative):  Other,None Indicated,,Daylight,Dry,Clear,None apparent,Intersection:  Other intersection (explain in narrative),Paved,,Property Damage Only,0,0,0,0,0,0,2000,1,2,,POINT (-95.144196639013 43.13413475019)
2014793991,2014-20993,04/07/2014,04-April,2-Monday,10:32,1000 Hours,District 6 (East Central),DAVENPORT,SCOTT,,IA 461/HARRISON ST & W LOCUST ST,Collision with:  Vehicle in traffic,On Roadway,Rear-end (front to rear),Lost Control,None Indicated,,Daylight,Dry,Clear,None apparent,Non-intersection:  Non-junction/no special feature,Paved,,Property Damage Only,0,0,0,0,0,0,3000,2,2,,POINT (-90.577233957256 41.538285400634)
2014794315,2014021791,04/07/2014,04-April,2-Monday,20:56,2000 Hours,District 5 (Southeast),MOUNT PLEASANT,HENRY,US 34,US 34 & Co Rd H38/220TH ST,Collision with fixed object:  Ditch,Gore,Non-collision (single vehicle),Ran Stop Sign,None Indicated,,Dark - roadway lighted,Dry,Clear,None apparent,Intersection:  Intersection with ramp,Paved,,Possible/Unknown,0,1,0,0,1,0,2500,1,1,,POINT (-91.516569361886 40.98131079902)
2014793984,14-013374,04/07/2014,04-April,2-Monday,11:20,1100 Hours,District 4 (Southwest),COUNCIL BLUFFS,POTTAWATTAMIE,,9TH AVE,Collision with:  Vehicle in traffic,On Roadway,"Sideswipe, same direction",Unknown,None Indicated,,Daylight,Wet,Clear,None apparent,Non-intersection:  Non-junction/no special feature,Paved,,Possible/Unknown,0,1,0,0,1,0,2500,2,2,,POINT (-95.887922729813 41.25358759926)
2014794388,201401088,04/07/2014,04-April,2-Monday,07:20,0700 Hours,District 6 (East Central),,LINN,US 30,US 30,Non-collision events:  Overturn/rollover,Median,Non-collision (single vehicle),Swerving/Evasive Action,None Indicated,,Daylight,Dry,Cloudy,None apparent,Non-intersection:  Non-junction/no special feature,Paved,,Minor Injury,0,1,0,1,0,0,5000,1,1,,POINT (-91.538969071719 41.926330800294)
2014794962,2014021649,04/07/2014,04-April,2-Monday,04:04,0400 Hours,District 1 (Central),ANKENY,POLK,I-80,I-80,Collision with fixed object:  Ditch,Gore,Non-collision (single vehicle),"Operating vehicle in an reckless, erratic, careless, negligent manner",Refused,,Dark - roadway lighted,Dry,Clear,None apparent,Non-intersection:  Non-junction/no special feature,Paved,,Property Damage Only,0,0,0,0,0,0,2000,1,1,,POINT (-93.569667038999 41.653008060719)
2014794765,14-169,04/07/2014,04-April,2-Monday,16:30,1600 Hours,District 5 (Southeast),,WAYNE,,FILLMORE,Collision with:  Other non-fixed object (explain in narrative),On Roadway,Non-collision (single vehicle),Swerving/Evasive Action,None Indicated,,Daylight,"Mud, dirt",Cloudy,None apparent,Non-intersection:  Non-junction/no special feature,Unpaved,,Minor Injury,0,1,0,1,0,0,10000,1,1,,POINT (-93.172985434993 40.650132370321)
2014793749,14004174,04/07/2014,04-April,2-Monday,10:53,1000 Hours,District 4 (Southwest),,MILLS,,Co Rd L35/221ST ST,Collision with fixed object:  Ditch,Shoulder,Non-collision (single vehicle),Swerving/Evasive Action,None Indicated,,Daylight,Wet,Rain,None apparent,Non-intersection:  Non-junction/no special feature,Paved,,Property Damage Only,0,0,0,0,0,0,1500,1,1,,POINT (-95.77457400413 41.138833090371)
2014794237,02-14-5547,04/07/2014,04-April,2-Monday,08:35,0800 Hours,District 6 (East Central),,DUBUQUE,US 151,US 151,Collision with fixed object:  Ditch,Shoulder,Non-collision (single vehicle),Ran off road - right,None Indicated,,Daylight,Dry,Cloudy,None apparent,Non-intersection:  Non-junction/no special feature,Paved,,Possible/Unknown,0,1,0,0,0,1,2100,1,1,,POINT (-90.986116615524 42.310891161624)