Iowa DOT Case Number,Law Enforcement Case Number,Date of Crash,Month of Crash,Day of Week,Time of Crash,Hour,DOT District,City Name,County Name,Route with System,Location Description,First Harmful Event,Location of First Harmful Event,Manner of Crash/Collision,Major Cause,Drug or Alcohol ,Environmental Conditions,Light Conditions,Surface Conditions,Weather Conditions,Roadway Contribution,Roadway Type,Roadway Surface,Work Zone,Crash Severity,Number of Fatalities,Number of Injuries,Number of Major Injuries,Number of Minor Injuries,Number of Possible Injuries,Number of Unknown Injuries,Amount of Property Damage,Number of Vehicles Involved,Total Number of Occupants,Travel Direction,Location
2014794799,2014021663,04/07/2014,04-April,2-Monday,07:45,0700 Hours,District 4 (Southwest),COUNCIL BLUFFS,POTTAWATTAMIE,I-29,I-29,Collision with:  Vehicle in traffic,On Roadway,Rear-end (front to rear),Followed too close,None Indicated,,Daylight,Dry,Clear,None apparent,Interchange-related:  On-ramp merge area,Paved,,Property Damage Only,0,0,0,0,0,0,3000,2,2,,POINT (-95.836817864421 41.226515993938)
2014794111,2014003732,04/07/2014,04-April,2-Monday,22:06,2200 Hours,District 6 (East Central),IOWA CITY,JOHNSON,US 6,US 6 & SYCAMORE ST,Collision with:  Vehicle in traffic,On Roadway,Broadside (front to side),Ran Traffic Signal,None Indicated,,Dark - roadway lighted,Dry,Clear,None apparent,Intersection:  Four-way intersection,Paved,,Minor Injury,0,2,0,2,0,0,8000,2,2,,POINT (-91.511605687457 41.641179633842)
2014794133,14-001527,04/07/2014,04-April,2-Monday,20:17,2000 Hours,District 1 (Central),ANKENY,POLK,US 69,US 69/N ANKENY BLVD & NW 9TH ST & NE 9TH ST,Collision with:  Vehicle in traffic,On Roadway,Broadside (front to side),Ran Traffic Signal,None Indicated,,Dark - roadway lighted,Dry,Clear,None apparent,Intersection:  Four-way intersection,Paved,,Possible/Unknown,0,2,0,0,2,0,10000,2,5,,POINT (-93.600331153483 41.738680542033)
2014794020,14-10265,04/07/2014,04-April,2-Monday,01:57,0100 Hours,District 3 (Northwest),SIOUX CITY,WOODBURY,I-29,I-29,Non-collision events:  Overturn/rollover,On Roadway,Non-collision (single vehicle),Swerving/Evasive Action,Alcohol (Statutory),,Dark - roadway lighted,Wet,Clear,None apparent,Interchange-related:  On-ramp merge area,Paved,,Property Damage Only,0,0,0,0,0,0,10000,1,1,,POINT (-96.396473145369 42.487770883103)
2014798029,14-003478,04/07/2014,04-April,2-Monday,07:06,0700 Hours,District 3 (Northwest),MANNING,CARROLL,,FALCON AVE,Collision with fixed object:  Ditch,On Roadway,Non-collision (single vehicle),Driving too fast for conditions,None Indicated,,Dawn,Wet,Cloudy,"Surface condition (e.g., wet, icy)",Non-intersection:  Non-junction/no special feature,Unpaved,,Property Damage Only,0,0,0,0,0,0,25000,1,8,,POINT (-94.995885155688 41.945521015649)
2014793774,20140009204,04/07/2014,04-April,2-Monday,12:50,1200 Hours,District 1 (Central),DES MOINES,POLK,,MCKINLEY AVE & SW 9TH ST,Collision with:  Vehicle in traffic,On Roadway,"Sideswipe, opposite direction",Crossed centerline (undivided),Alcohol (Statutory),,Daylight,Dry,Cloudy,None apparent,Non-intersection:  Non-junction/no special feature,Paved,,Property Damage Only,0,0,0,0,0,0,3000,2,2,,POINT (-93.62573728836 41.540927669581)
2014795699,2014021665,04/07/2014,04-April,2-Monday,07:40,0700 Hours,District 6 (East Central),,JOHNSON,I-380,I-380,Collision with:  Vehicle in traffic,On Roadway,Rear-end (front to rear),Followed too close,None Indicated,,Daylight,Dry,Clear,None apparent,Non-intersection:  Non-junction/no special feature,Paved,,Possible/Unknown,0,1,0,0,1,0,3000,2,2,,POINT (-91.642309034856 41.732299218871)
2014795111,2014-21117,04/07/2014,04-April,2-Monday,12:00,1200 Hours,District 6 (East Central),DAVENPORT,SCOTT,,E 54TH ST,Collision with:  Parked motor vehicle,On Roadway,Broadside (front to side),Unknown,None Indicated,,Daylight,Dry,Cloudy,None apparent,Non-intersection:  Non-junction/no special feature,Paved,,Property Damage Only,0,0,0,0,0,0,4000,2,1,,POINT (-90.550483053607 41.576571818768)
2014797300,01-14-14366,04/07/2014,04-April,2-Monday,17:23,1700 Hours,District 6 (East Central),DUBUQUE,DUBUQUE,,LORAS BLVD & MT PLEASANT ST,Collision with:  Vehicle in traffic,On Roadway,Rear-end (front to rear),Lost Control,None Indicated,,Daylight,Dry,Cloudy,None apparent,Intersection:  Four-way intersection,Paved,,Property Damage Only,0,0,0,0,0,0,2900,2,2,,POINT (-90.685320401456 42.501276126378)
2014795093,2014-21129,04/07/2014,04-April,2-Monday,19:32,1900 Hours,District 6 (East Central),DAVENPORT,SCOTT,,IA 461/HARRISON ST,Non-collision events:  Other non-collision (explain in narrative),On Roadway,Non-collision (single vehicle),Lost Control,None Indicated,,Dark - roadway lighted,Dry,Cloudy,None apparent,Non-intersection:  Non-junction/no special feature,Paved,,Possible/Unknown,0,1,0,0,1,0,2000,1,2,,POINT (-90.577236284724 41.53918608966)
2014795495,PD1402782,04/07/2014,04-April,2-Monday,15:22,1500 Hours,District 5 (Southeast),FAIRFIELD,JEFFERSON,IA 1,IA 1/S MAIN ST & W FILLMORE AVE & E FILLMORE AVE,Collision with:  Vehicle in traffic,On Roadway,"Angle, oncoming left turn",Made improper turn,None Indicated,,Daylight,Dry,Cloudy,None apparent,Non-intersection:  Non-junction/no special feature,Paved,,Property Damage Only,0,0,0,0,0,0,4000,2,2,,POINT (-91.963127699836 40.995615282243)
2014794113,201404837,04/07/2014,04-April,2-Monday,15:42,1500 Hours,District 6 (East Central),CEDAR RAPIDS,LINN,IA 922,IA 922/WILLIAMS BLVD & WILSON AVE SW,Collision with:  Vehicle in traffic,On Roadway,Broadside (front to side),Ran Traffic Signal,None Indicated,,Daylight,Dry,Cloudy,None apparent,Intersection:  Four-way intersection,Paved,,Property Damage Only,0,0,0,0,0,0,28000,2,2,,POINT (-91.717891218017 41.956766871862)
2014794826,14002939,04/07/2014,04-April,2-Monday,18:18,1800 Hours,District 6 (East Central),,BUCHANAN,IA 187,IA 187/WASHBURN AVE,Collision with:  Vehicle in traffic,On Roadway,Rear-end (front to rear),Other (explain in narrative):  Vision obstructed,None Indicated,,Daylight,Dry,"Fog, smoke, smog",None apparent,Non-intersection:  Non-junction/no special feature,Paved,,Property Damage Only,0,0,0,0,0,0,2500,2,2,,POINT (-91.648087611864 42.494537752324)
2014794091,CL14001012,04/07/2014,04-April,2-Monday,18:36,1800 Hours,District 6 (East Central),CLINTON,CLINTON,,7TH AVE N & N 3RD ST,Collision with:  Vehicle in traffic,On Roadway,"Angle, oncoming left turn",Made improper turn,None Indicated,,Daylight,Dry,Cloudy,None apparent,Non-intersection:  Non-junction/no special feature,Paved,,Property Damage Only,0,0,0,0,0,0,3000,2,4,,POINT (-90.189717375456 41.851413894195)
2014793971,04-14-053,04/07/2014,04-April,2-Monday,11:32,1100 Hours,District 3 (Northwest),LE MARS,PLYMOUTH,,4TH ST SW,Collision with:  Vehicle in traffic,On Roadway,Rear-end (front to rear),Unknown,None Indicated,,Daylight,Dry,Clear,None apparent,Non-intersection:  Non-junction/no special feature,Paved,,Property Damage Only,0,0,0,0,0,0,3000,2,2,,POINT (-96.167092744704 42.788145245519)
2014793983,14-013354,04/07/2014,04-April,2-Monday,08:10,0800 Hours,District 4 (Southwest),COUNCIL BLUFFS,POTTAWATTAMIE,I-29,I-29 & IA 192/S EXPRESSWAY,Collision with:  Vehicle in traffic,On Roadway,Rear-end (front to rear),Followed too close,None Indicated,,Daylight,Dry,Cloudy,None apparent,Interchange-related:  On-ramp,Paved,,Possible/Unknown,0,1,0,0,1,0,600,2,4,,POINT (-95.851386792049 41.230704100474)
2014794134,14-0387,04/07/2014,04-April,2-Monday,07:02,0700 Hours,District 1 (Central),CLIVE,POLK,US 6,US 6/HICKMAN RD,Collision with:  Vehicle in traffic,On Roadway,Rear-end (front to rear),Swerving/Evasive Action,None Indicated,,Daylight,Dry,Cloudy,None apparent,Non-intersection:  Non-junction/no special feature,Paved,,Property Damage Only,0,0,0,0,0,0,11000,3,3,,POINT (-93.781308114291 41.614889027532)
2014795811,14-001632,04/07/2014,04-April,2-Monday,20:58,2000 Hours,District 1 (Central),AMES,STORY,,Co Rd R63/N DAYTON AVE,Collision with:  Animal,On Roadway,Non-collision (single vehicle),Animal,None Indicated,,Dark - roadway not lighted,Dry,Clear,None apparent,Non-intersection:  Non-junction/no special feature,Paved,,Property Damage Only,0,0,0,0,0,0,1700,1,1,,POINT (-93.581495785323 42.053267154421)
2014794529,CL14001007,04/07/2014,04-April,2-Monday,12:57,1200 Hours,District 6 (East Central),CLINTON,CLINTON,,22ND AVE N & N 3RD ST,Collision with:  Vehicle in traffic,On Roadway,Broadside (front to side),FTYROW:  From stop sign,None Indicated,,Daylight,Dry,Clear,None apparent,Intersection:  Other intersection (explain in narrative),Paved,,Possible/Unknown,0,1,0,0,1,0,7000,2,3,,POINT (-90.183736550869 41.870215235931)
2014794119,A14-023,04/07/2014,04-April,2-Monday,12:13,1200 Hours,District 4 (Southwest),WINTERSET,MADISON,,E COURT ST & S 7TH ST & N 7TH ST,Collision with:  Vehicle in traffic,On Roadway,Broadside (front to side),FTYROW:  From yield sign,None Indicated,,Daylight,Dry,Clear,None apparent,Intersection:  Four-way intersection,Paved,,Possible/Unknown,0,1,0,0,1,0,6000,2,2,,POINT (-94.006638497441 41.334459148136)
2014793973,14-2252,04/07/2014,04-April,2-Monday,07:45,0700 Hours,District 1 (Central),,POLK,IA 415,IA 415/2ND AVE,Collision with:  Vehicle in traffic,On Roadway,Rear-end (front to rear),Followed too close,None Indicated,,Daylight,Dry,Clear,None apparent,Non-intersection:  Non-junction/no special feature,Paved,,Property Damage Only,0,0,0,0,0,0,6000,2,2,,POINT (-93.620173554771 41.657394335213)
2014793980,20140009238,04/07/2014,04-April,2-Monday,17:56,1700 Hours,District 1 (Central),DES MOINES,POLK,,EMMA AVE,Collision with:  Vehicle in traffic,On Roadway,Broadside (front to side),FTYROW:  From stop sign,None Indicated,,Daylight,Wet,Cloudy,None apparent,Intersection:  Four-way intersection,Paved,,Minor Injury,0,2,0,2,0,0,14176,2,2,,POINT (-93.635026908512 41.543200633693)
2014795110,2014-21051,04/07/2014,04-April,2-Monday,13:50,1300 Hours,District 6 (East Central),DAVENPORT,SCOTT,,ROCKINGHAM RD & SCHMIT RD,Collision with fixed object:  Other fixed object (explain in narrative),On Roadway,Non-collision (single vehicle),Other (explain in narrative):  Other,None Indicated,,Daylight,Dry,Cloudy,None apparent,Intersection:  T-intersection,Paved,,Property Damage Only,0,0,0,0,0,0,2000,1,1,,POINT (-90.608438435468 41.516440853004)
2014793972,04-14-054,04/07/2014,04-April,2-Monday,14:35,1400 Hours,District 3 (Northwest),LE MARS,PLYMOUTH,,CENTRAL AVE,Collision with:  Vehicle in traffic,On Roadway,Broadside (front to side),FTYROW:  From parked position,None Indicated,,Daylight,Dry,Cloudy,None apparent,Non-intersection:  Non-junction/no special feature,Paved,,Property Damage Only,0,0,0,0,0,0,3500,2,2,,POINT (-96.166510988517 42.793275817979)
2014794808,,04/07/2014,04-April,2-Monday,12:33,1200 Hours,District 2 (Northeast),GREENE,BUTLER,,E DOW ST & N 2ND ST,Collision with:  Parked motor vehicle,On Roadway,Rear-end (front to rear),Separation of units,None Indicated,,Daylight,Dry,Clear,None apparent,Non-intersection:  Non-junction/no special feature,Paved,,Property Damage Only,0,0,0,0,0,0,2050,3,1,,POINT (-92.802055805188 42.897117728529)
2014793945,142389,04/07/2014,04-April,2-Monday,20:27,2000 Hours,District 4 (Southwest),,DALLAS,,Co Rd R30/W AVE,Collision with:  Animal,,,Animal,None Indicated,,,,,,,Paved,,Property Damage Only,0,0,0,0,0,0,3000,1,1,,POINT (-93.853486675456 41.738222864056)
2014795109,2014-20902,04/07/2014,04-April,2-Monday,00:10,0000 Hours,District 6 (East Central),DAVENPORT,SCOTT,,N DIVISION ST & W 12TH ST,Collision with:  Vehicle in traffic,On Roadway,Broadside (front to side),Ran Stop Sign,Refused,,Dark - roadway lighted,Dry,Clear,None apparent,Intersection:  Four-way intersection,Paved,,Possible/Unknown,0,1,0,0,1,0,4200,2,4,,POINT (-90.601230610569 41.532169022939)
2014794084,14-004675,04/07/2014,04-April,2-Monday,07:48,0700 Hours,District 3 (Northwest),SPENCER,CLAY,US 18,US 18/HIGHWAY BLVD,Collision with:  Vehicle in traffic,On Roadway,Rear-end (front to rear),Driver Distraction:  Manual operation of an electronic communication device,None Indicated,,Daylight,Dry,Clear,None apparent,Non-intersection:  Non-junction/no special feature,Paved,,Property Damage Only,0,0,0,0,0,0,3000,2,2,,POINT (-95.146523924227 43.156016912579)
2014799722,14-030407-01,04/07/2014,04-April,2-Monday,21:00,2100 Hours,District 6 (East Central),,IOWA,IA 212,IA 212/212 BLVD,Collision with:  Animal,,,Animal,None Indicated,,,,,,,Paved,,Property Damage Only,0,0,0,0,0,0,2000,1,1,,POINT (-92.215800669049 41.829335184767)
2014793936,040714-0120,04/07/2014,04-April,2-Monday,13:45,1300 Hours,District 3 (Northwest),STORM LAKE,BUENA VISTA,,W 6TH ST & GENESEO ST,Collision with:  Vehicle in traffic,On Roadway,Broadside (front to side),FTYROW:  From parked position,None Indicated,,Daylight,Dry,Cloudy,None apparent,Non-intersection:  Non-junction/no special feature,Paved,,Possible/Unknown,0,1,0,0,1,0,3000,2,2,,POINT (-95.203335674622 42.645492755121)
2014794160,14-6366,04/07/2014,04-April,2-Monday,15:21,1500 Hours,District 6 (East Central),BETTENDORF,SCOTT,,SPRUCE HILLS DR & GREENBRIAR DR,Collision with:  Vehicle in traffic,On Roadway,Rear-end (front to rear),Swerving/Evasive Action,None Indicated,,Daylight,Dry,Cloudy,None apparent,Intersection:  T-intersection,Paved,,Minor Injury,0,2,0,2,0,0,7300,3,3,,POINT (-90.50779704731 41.553147163022)
2014793870,14-0992,04/07/2014,04-April,2-Monday,05:40,0500 Hours,District 1 (Central),FORT DODGE,WEBSTER,,5TH AVE S,Collision with:  Animal,On Roadway,Non-collision (single vehicle),Animal,None Indicated,,Dark - roadway lighted,Dry,Cloudy,None apparent,Non-intersection:  Non-junction/no special feature,Paved,,Property Damage Only,0,0,0,0,0,0,1500,1,1,,POINT (-94.139877158248 42.501237874683)
2014793952,14-8385,04/07/2014,04-April,2-Monday,15:21,1500 Hours,District 1 (Central),PRAIRIE CITY,JASPER,IA 163,IA 163/IOWA 163 W,Collision with:  Vehicle in traffic,On Roadway,Rear-end (front to rear),FTYROW:  Other (explain in narrative),None Indicated,,Daylight,Dry,Rain,None apparent,Non-intersection:  Driveway access (within),Paved,,Possible/Unknown,0,1,0,0,0,1,23000,2,2,,POINT (-93.31697063265 41.601290337795)
2014794073,040714-199,04/07/2014,04-April,2-Monday,21:30,2100 Hours,District 3 (Northwest),,CLAY,US 71,US 71,Collision with:  Animal,,,Animal,None Indicated,,,,,,,Paved,,Property Damage Only,0,0,0,0,0,0,2000,1,1,,POINT (-95.161173540107 42.9123470143)
2014797299,01-14-14334,04/07/2014,04-April,2-Monday,15:03,1500 Hours,District 6 (East Central),DUBUQUE,DUBUQUE,US 20,US 20/RAMP,Collision with:  Vehicle in traffic,On Roadway,Rear-end (front to rear),Other (explain in narrative):  Other,None Indicated,,Daylight,Dry,Cloudy,None apparent,Non-intersection:  Non-junction/no special feature,Paved,,Property Damage Only,0,0,0,0,0,0,2900,2,3,,POINT (-90.687085986293 42.49101880827)
2014795353,14-0737,04/07/2014,04-April,2-Monday,13:29,1300 Hours,District 1 (Central),URBANDALE,POLK,,86TH ST,Collision with:  Vehicle in traffic,On Roadway,"Sideswipe, same direction",Made improper turn,None Indicated,,Daylight,Dry,Cloudy,Work Zone (roadway-related),Intersection:  Four-way intersection,Paved,Yes,Property Damage Only,0,0,0,0,0,0,2000,2,2,,POINT (-93.73651369777 41.627452519541)
2014794521,14005287,04/07/2014,04-April,2-Monday,13:55,1300 Hours,District 2 (Northeast),MASON CITY,CERRO GORDO,,3RD ST NW & N MONROE AVE,Collision with:  Vehicle in traffic,On Roadway,Broadside (front to side),FTYROW:  From stop sign,None Indicated,,Daylight,Dry,Cloudy,None apparent,Intersection:  T-intersection,Paved,,Property Damage Only,0,0,0,0,0,0,2100,2,2,,POINT (-93.208661746856 43.154507926364)
2014794155,S14-001101,04/07/2014,04-April,2-Monday,17:00,1700 Hours,District 4 (Southwest),,POTTAWATTAMIE,,RIVERROAD N,Non-collision events:  Overturn/rollover,On Roadway,Non-collision (single vehicle),Swerving/Evasive Action,None Indicated,,Daylight,Dry,Clear,None apparent,Non-intersection:  Non-junction/no special feature,Unpaved,,Property Damage Only,0,0,0,0,0,0,11000,1,2,,POINT (-95.870320234679 41.291179230426)
2014793960,14-001373,04/07/2014,04-April,2-Monday,09:16,0900 Hours,District 3 (Northwest),ROCK RAPIDS,LYON,,S 3RD AVE & S TAMA ST,Collision with:  Vehicle in traffic,On Roadway,Broadside (front to side),FTYROW:  From yield sign,None Indicated,,Daylight,Dry,Clear,None apparent,Intersection:  Four-way intersection,Paved,,Possible/Unknown,0,1,0,0,1,0,25000,2,2,,POINT (-96.165701921935 43.429727440849)
2014795352,14-0735,04/07/2014,04-April,2-Monday,09:41,0900 Hours,District 1 (Central),URBANDALE,POLK,,62ND ST,Collision with:  Parked motor vehicle,On Roadway,Unknown,Unknown,None Indicated,,Daylight,Unknown,Unknown,None apparent,Non-intersection:  Non-junction/no special feature,Paved,,Property Damage Only,0,0,0,0,0,0,1500,2,1,,POINT (-93.703175013448 41.637280944903)
2014793974,14-001526,04/07/2014,04-April,2-Monday,19:40,1900 Hours,District 1 (Central),ANKENY,POLK,,NW 18TH ST & NW BRIARGATE DR,Collision with:  Vehicle in traffic,On Roadway,Broadside (front to side),FTYROW:  From stop sign,None Indicated,,Dusk,Dry,Clear,None apparent,Intersection:  Other intersection (explain in narrative),Paved,,Property Damage Only,0,0,0,0,0,0,5500,2,2,,POINT (-93.60272390156 41.746360006368)
2014794224,14-11433,04/07/2014,04-April,2-Monday,11:36,1100 Hours,District 5 (Southeast),BURLINGTON,DES MOINES,,JEFFERSON ST,Collision with fixed object:  Other fixed object (explain in narrative),Outside trafficway,Non-collision (single vehicle),Other (explain in narrative):  Other,None Indicated,,Daylight,Dry,Clear,None apparent,Non-intersection:  Non-junction/no special feature,Paved,,Property Damage Only,0,0,0,0,0,0,7000,1,1,,POINT (-91.104216090142 40.810253781901)
2014793975,20140009191,04/07/2014,04-April,2-Monday,10:53,1000 Hours,District 1 (Central),DES MOINES,POLK,,FLEUR DR & GRAND AVE & LOCUST ST,Collision with:  Vehicle in traffic,On Roadway,"Sideswipe, same direction",FTYROW:  Other (explain in narrative),None Indicated,,Daylight,Dry,Cloudy,Traffic control obscured,Intersection:  Y-intersection,Paved,,Property Damage Only,0,0,0,0,0,0,2000,2,2,,POINT (-93.640704917956 41.583981148999)
2014794978,14-001528,04/07/2014,04-April,2-Monday,17:45,1700 Hours,District 2 (Northeast),PARKERSBURG,BUTLER,IA 14,IA 14/IOWA 14 & S JOHNSON ST,Collision with:  Vehicle in traffic,On Roadway,Rear-end (front to rear),Other (explain in narrative):  Vision obstructed,None Indicated,,Daylight,Wet,"Sleet, hail",Debris,Non-intersection:  Non-junction/no special feature,Paved,,Property Damage Only,0,0,0,0,0,0,3500,2,2,,POINT (-92.781051187099 42.57035073225)
2014794067,14004838,04/07/2014,04-April,2-Monday,17:39,1700 Hours,District 5 (Southeast),,APPANOOSE,,296TH AVE,Non-collision events:  Overturn/rollover,On Roadway,Non-collision (single vehicle),Driving too fast for conditions,None Indicated,,Daylight,Dry,Cloudy,None apparent,Non-intersection:  Railroad grade crossing,Unpaved,,Possible/Unknown,0,1,0,0,1,0,10000,1,1,,POINT (-92.724219141269 40.747190505359)
2014794180,2014021734,04/07/2014,04-April,2-Monday,14:10,1400 Hours,District 1 (Central),,HAMILTON,US 69,US 69/LITTLE WALL LAKE RD & 350TH ST,Collision with fixed object:  Traffic sign support,On Roadway,Non-collision (single vehicle),Swerving/Evasive Action,None Indicated,,Daylight,Dry,Cloudy,None apparent,Intersection:  Four-way intersection,Paved,,Property Damage Only,0,0,0,0,0,0,5500,1,2,,POINT (-93.63991637763 42.281789567893)
2014793976,20140009259,04/07/2014,04-April,2-Monday,21:55,2100 Hours,District 1 (Central),DES MOINES,POLK,,UNIVERSITY AVE & 31ST ST,Collision with:  Vehicle in traffic,On Roadway,"Angle, oncoming left turn",FTYROW:  Making left turn,None Indicated,,Dark - roadway lighted,Dry,Clear,None apparent,Intersection:  Four-way intersection,Paved,,Property Damage Only,0,0,0,0,0,0,2000,2,2,,POINT (-93.659358647012 41.600358929781)
2014793967,14-014433,04/07/2014,04-April,2-Monday,20:38,2000 Hours,District 5 (Southeast),MUSCATINE,MUSCATINE,,CEDAR ST & CEDAR PLAZA DR,Collision with:  Vehicle in traffic,On Roadway,"Sideswipe, same direction",Other (explain in narrative):  Other,None Indicated,,Dark - roadway lighted,Dry,Clear,None apparent,Intersection:  T-intersection,Paved,,Property Damage Only,0,0,0,0,0,0,1500,2,6,,POINT (-91.081854454527 41.436012366953)
2014793978,20140009147,04/07/2014,04-April,2-Monday,00:20,0000 Hours,District 1 (Central),DES MOINES,POLK,US 69,US 69/E 15TH ST & E GRAND AVE,Collision with:  Vehicle in traffic,On Roadway,"Angle, oncoming left turn",FTYROW:  Other (explain in narrative),Alcohol (Statutory),,Dark - roadway lighted,Dry,Clear,None apparent,Non-intersection:  Non-junction/no special feature,Paved,,Property Damage Only,0,0,0,0,0,0,5500,2,4,,POINT (-93.59528059346 41.593953145691)
2014793940,14-1778,04/07/2014,04-April,2-Monday,02:05,0200 Hours,District 3 (Northwest),CHEROKEE,CHEROKEE,US 59,US 59/S 2ND ST & W LOCUST ST & E LOCUST ST,Collision with:  Animal,,,Animal,None Indicated,,,,,,,Paved,,Property Damage Only,0,0,0,0,0,0,1600,1,1,,POINT (-95.551391904366 42.747143417848)
2014794064,,04/07/2014,04-April,2-Monday,15:15,1500 Hours,District 5 (Southeast),NEW SHARON,MAHASKA,US 63,US 63/MAIN ST & W CHERRY ST & E CHERRY ST,Collision with:  Vehicle in traffic,On Roadway,Broadside (front to side),FTYROW:  From stop sign,None Indicated,,Daylight,Dry,Clear,None apparent,Intersection:  Other intersection (explain in narrative),Paved,,Property Damage Only,0,0,0,0,0,0,5000,2,3,,POINT (-92.651501733475 41.467925906162)
2014801016,A390414-0841,04/07/2014,04-April,2-Monday,19:00,1900 Hours,District 4 (Southwest),MENLO,GUTHRIE,,7TH ST & SHERIDAN ST,Collision with:  Vehicle in traffic,On Roadway,Broadside (front to side),FTYROW:  From driveway,None Indicated,,Daylight,Dry,Clear,None apparent,Non-intersection:  Driveway access (within),Paved,,Property Damage Only,0,0,0,0,0,0,3000,2,3,,POINT (-94.407806980689 41.518213715053)
2014796440,2014003717,04/07/2014,04-April,2-Monday,11:45,1100 Hours,District 6 (East Central),IOWA CITY,JOHNSON,,S CLINTON ST,Collision with:  Non-motorist (see non-motorist section - NOT a unit),On Roadway,Non-collision (single vehicle),Unknown,None Indicated,,Daylight,Dry,Cloudy,Unknown,Non-intersection:  Non-junction/no special feature,Paved,,Minor Injury,0,1,0,1,0,0,0,1,1,,POINT (-91.534658201187 41.656057998831)
2014794097,14-11474,04/07/2014,04-April,2-Monday,16:56,1600 Hours,District 5 (Southeast),MEDIAPOLIS,DES MOINES,,CEDAR ST,Collision with:  Vehicle in traffic,On Roadway,Broadside (front to side),FTYROW:  From driveway,None Indicated,,Daylight,Dry,Cloudy,None apparent,Non-intersection:  Driveway access (within),Paved,,Property Damage Only,0,0,0,0,0,0,3000,2,2,,POINT (-91.161684730871 41.004651725614)
2014794304,14-000476,04/07/2014,04-April,2-Monday,12:42,1200 Hours,District 1 (Central),AMES,STORY,,STANGE RD & PAMMEL DR & UNIVERSITY BLVD,Collision with:  Vehicle in traffic,Shoulder,Head-on (front to front),FTYROW:  Other (explain in narrative),None Indicated,,Daylight,Dry,Cloudy,None apparent,Intersection:  Four-way intersection,Paved,,Possible/Unknown,0,1,0,0,1,0,4650,2,2,,POINT (-93.644662252824 42.030512446397)
2014794169,14-10330,04/07/2014,04-April,2-Monday,14:36,1400 Hours,District 3 (Northwest),SIOUX CITY,WOODBURY,,PIERCE ST,Non-collision events:  Other non-collision (explain in narrative),On Roadway,Non-collision (single vehicle),Exceeded authorized speed,None Indicated,,Daylight,Dry,Cloudy,None apparent,Non-intersection:  Non-junction/no special feature,Paved,,Minor Injury,0,1,0,1,0,0,1000,2,2,,POINT (-96.40607964534 42.53380442427)
2014794021,14-10272,04/07/2014,04-April,2-Monday,07:57,0700 Hours,District 3 (Northwest),SIOUX CITY,WOODBURY,,MYRTLE ST,Collision with fixed object:  Tree,On Roadway,Non-collision (single vehicle),Ran off road - left,None Indicated,,Daylight,Dry,Clear,None apparent,Non-intersection:  Driveway access (within),Paved,,Possible/Unknown,0,1,0,0,1,0,3000,1,1,,POINT (-96.422628260473 42.511799181821)
2014795418,14-033435,04/07/2014,04-April,2-Monday,05:45,0500 Hours,District 2 (Northeast),,BLACK HAWK,US 63,US 63/LOGAN AVE,Collision with fixed object:  Ditch,Shoulder,Non-collision (single vehicle),Ran off road - right,Under Influence of Alcohol/Drugs/Medications,,Dawn,Dry,Clear,None apparent,Intersection:  Other intersection (explain in narrative),Paved,,Possible/Unknown,0,1,0,0,1,0,10000,1,1,,POINT (-92.337266275329 42.591391745541)
2014795092,2014-21009,04/07/2014,04-April,2-Monday,11:55,1100 Hours,District 6 (East Central),DAVENPORT,SCOTT,IA 130,IA 130/NEW LIBERTY RD & FAIRMOUNT ST,Collision with:  Vehicle in traffic,On Roadway,Broadside (front to side),FTYROW:  From driveway,None Indicated,,Daylight,Dry,Clear,None apparent,Non-intersection:  Driveway access (within),Paved,,Minor Injury,0,1,0,1,0,0,6500,2,2,,POINT (-90.628366611515 41.606575720216)
2014793944,140842,04/07/2014,04-April,2-Monday,20:55,2000 Hours,District 3 (Northwest),DENISON,CRAWFORD,,6TH AVE N & N 16TH ST,Non-collision events:  Other non-collision (explain in narrative),On Roadway,Non-collision (single vehicle),Lost Control,None Indicated,,Dark - roadway lighted,Dry,Clear,None apparent,Non-intersection:  Non-junction/no special feature,Paved,,Possible/Unknown,0,1,0,0,1,0,100,1,1,,POINT (-95.349663891194 42.023406360793)
2014794817,W14-033678,04/07/2014,04-April,2-Monday,18:40,1800 Hours,District 2 (Northeast),WATERLOO,BLACK HAWK,,DYSART RD,Non-collision events:  Overturn/rollover,On Roadway,Non-collision (single vehicle),Lost Control,Alcohol (Statutory),,Daylight,Wet,Rain,None apparent,Non-intersection:  Non-junction/no special feature,Paved,,Possible/Unknown,0,1,0,0,1,0,7000,1,1,,POINT (-92.297651186488 42.435166304835)
2014794159,14-6349,04/07/2014,04-April,2-Monday,12:17,1200 Hours,District 6 (East Central),BETTENDORF,SCOTT,,MAPLECREST RD & 18TH ST,Collision with:  Vehicle in traffic,On Roadway,Rear-end (front to rear),Lost Control,None Indicated,,Daylight,Dry,Clear,Non-highway work,Intersection:  Four-way intersection,Paved,,Property Damage Only,0,0,0,0,0,0,2200,3,5,,POINT (-90.499242674435 41.555780309137)
2014793968,SO14000808,04/07/2014,04-April,2-Monday,10:15,1000 Hours,District 3 (Northwest),,PLYMOUTH,US 75,US 75,Collision with:  Animal,,,Animal,None Indicated,,,,,,,Paved,,Property Damage Only,0,0,0,0,0,0,3000,1,1,,POINT (-96.289676672373 42.635285708427)
2014795809,14-001616,04/07/2014,04-April,2-Monday,02:47,0200 Hours,District 1 (Central),AMES,STORY,US 30,US 30,Collision with:  Animal,,,Animal,None Indicated,,,,,,,Paved,,Property Damage Only,0,0,0,0,0,0,2000,1,1,,POINT (-93.662658416081 42.006893792506)
2014794235,01-14-14287,04/07/2014,04-April,2-Monday,07:33,0700 Hours,District 6 (East Central),DUBUQUE,DUBUQUE,,PENNSYLVANIA AVE,Collision with:  Vehicle in traffic,On Roadway,Rear-end (front to rear),Lost Control,None Indicated,,Daylight,Wet,Cloudy,None apparent,Non-intersection:  Non-junction/no special feature,Paved,,Property Damage Only,0,0,0,0,0,0,7000,2,2,,POINT (-90.720921890102 42.500477120407)