Iowa DOT Case Number,Law Enforcement Case Number,Date of Crash,Month of Crash,Day of Week,Time of Crash,Hour,DOT District,City Name,County Name,Route with System,Location Description,First Harmful Event,Location of First Harmful Event,Manner of Crash/Collision,Major Cause,Drug or Alcohol ,Environmental Conditions,Light Conditions,Surface Conditions,Weather Conditions,Roadway Contribution,Roadway Type,Roadway Surface,Work Zone,Crash Severity,Number of Fatalities,Number of Injuries,Number of Major Injuries,Number of Minor Injuries,Number of Possible Injuries,Number of Unknown Injuries,Amount of Property Damage,Number of Vehicles Involved,Total Number of Occupants,Travel Direction,Location
2014797571,141654,04/10/2014,04-April,5-Thursday,19:07,1900 Hours,District 1 (Central),IOWA FALLS,HARDIN,,STEVENS ST,Collision with:  Vehicle in traffic,On Roadway,"Sideswipe, opposite direction",Other (explain in narrative):  No improper action,None Indicated,,Daylight,Dry,Clear,None apparent,Non-intersection:  Non-junction/no special feature,Paved,,Property Damage Only,0,0,0,0,0,0,4500,2,2,,POINT (-93.264097168506 42.528477692075)
2014795822,14-001698,04/10/2014,04-April,5-Thursday,13:04,1300 Hours,District 1 (Central),AMES,STORY,,S 16TH ST,Collision with:  Vehicle in traffic,On Roadway,Rear-end (front to rear),Followed too close,None Indicated,,Daylight,Dry,Cloudy,None apparent,Non-intersection:  Driveway access (within),Paved,,Property Damage Only,0,0,0,0,0,0,2750,2,3,,POINT (-93.612050127611 42.008363663797)
2014794419,20140009575,04/10/2014,04-April,5-Thursday,20:30,2000 Hours,District 1 (Central),DES MOINES,POLK,,HIGH ST & 15TH ST,Collision with:  Vehicle in traffic,On Roadway,Rear-end (front to rear),Swerving/Evasive Action,None Indicated,,Dark - roadway lighted,Dry,Clear,None apparent,Intersection:  Four-way intersection,Paved,,Property Damage Only,0,0,0,0,0,0,2500,2,2,,POINT (-93.637100717922 41.587117687949)
2014794968,2014022213,04/10/2014,04-April,5-Thursday,08:06,0800 Hours,District 1 (Central),,JASPER,I-80,I-80,Collision with fixed object:  Ditch,On Roadway,Non-collision (single vehicle),Ran off road - right,None Indicated,,Daylight,Dry,Clear,None apparent,Non-intersection:  Non-junction/no special feature,Paved,,Minor Injury,0,3,0,3,0,0,7000,1,3,,POINT (-93.282286260107 41.685634227594)
2014794804,14-2001,04/10/2014,04-April,5-Thursday,20:45,2000 Hours,District 2 (Northeast),,KOSSUTH,US 169,US 169,Collision with:  Animal,On Roadway,Non-collision (single vehicle),Animal,None Indicated,,Dark - roadway not lighted,Dry,Cloudy,None apparent,Non-intersection:  Non-junction/no special feature,Paved,,Possible/Unknown,0,1,0,0,1,0,5000,1,1,,POINT (-94.227284938397 42.996006017856)
2014794802,2014022385,04/10/2014,04-April,5-Thursday,15:50,1500 Hours,District 4 (Southwest),,CASS,I-80,I-80,Collision with:  Vehicle in traffic,On Roadway,"Sideswipe, same direction",Lost Control,None Indicated,,Daylight,Dry,Clear,None apparent,Non-intersection:  Non-junction/no special feature,Paved,,Property Damage Only,0,0,0,0,0,0,5000,2,2,,POINT (-95.129816932763 41.498351391851)
2014796061,N14000149,04/10/2014,04-April,5-Thursday,15:53,1500 Hours,District 6 (East Central),NORTH LIBERTY,JOHNSON,,HWY 965,Collision with:  Vehicle in traffic,On Roadway,Rear-end (front to rear),Followed too close,None Indicated,,Daylight,Dry,Cloudy,None apparent,Non-intersection:  Non-junction/no special feature,Paved,,Property Damage Only,0,0,0,0,0,0,13000,2,3,,POINT (-91.607785517432 41.724617571339)
2014794860,1400000308,04/10/2014,04-April,5-Thursday,21:10,2100 Hours,District 1 (Central),,MARSHALL,,Co Rd E29/SUMMIT RD,Collision with:  Animal,,,Animal,None Indicated,,,,,,,Paved,,Property Damage Only,0,0,0,0,0,0,2000,1,1,,POINT (-92.961339397676 42.055409223875)
2014810975,14-02422,04/10/2014,04-April,5-Thursday,08:00,0800 Hours,District 2 (Northeast),OELWEIN,FAYETTE,IA 3,IA 3/1ST AVE NE/CHARLES ST E & IA 150/1ST AVE SE,Collision with:  Vehicle in traffic,On Roadway,Broadside (front to side),Ran Traffic Signal,None Indicated,,Daylight,Dry,Clear,None apparent,Intersection:  Four-way intersection,Paved,,Property Damage Only,0,0,0,0,0,0,2000,2,2,,POINT (-91.911956892397 42.678512634031)
2014794432,14-0371,04/10/2014,04-April,5-Thursday,07:45,0700 Hours,District 1 (Central),PLEASANT HILL,POLK,IA 163,IA 163/NE UNIVERSITY AVE,Collision with:  Vehicle in traffic,On Roadway,Rear-end (front to rear),Other (explain in narrative):  Other,None Indicated,,Daylight,Dry,Cloudy,None apparent,Intersection:  Four-way intersection,Paved,,Possible/Unknown,0,1,0,0,1,0,1800,2,2,,POINT (-93.443194038856 41.600503746383)
2014794698,14-0761,04/10/2014,04-April,5-Thursday,14:40,1400 Hours,District 1 (Central),URBANDALE,POLK,,DOUGLAS AVE & 83RD ST,Collision with:  Vehicle in traffic,On Roadway,"Angle, oncoming left turn",FTYROW:  Making left turn,None Indicated,,Daylight,Dry,Cloudy,None apparent,Intersection:  Four-way intersection,Paved,,Property Damage Only,0,0,0,0,0,0,6000,2,2,,POINT (-93.732068598633 41.629282346604)
2014794856,14-008188,04/10/2014,04-April,5-Thursday,20:12,2000 Hours,District 5 (Southeast),,MARION,IA 5,IA 5/IOWA 5,Collision with:  Animal,,,Animal,None Indicated,,,,,,,Paved,,Property Damage Only,0,0,0,0,0,0,2500,1,1,,POINT (-93.064371590788 41.289408876158)
2014794501,W14-034692,04/10/2014,04-April,5-Thursday,16:34,1600 Hours,District 2 (Northeast),WATERLOO,BLACK HAWK,,Co Rd D16/E DONALD ST & Co Rd V43/N ELK RUN RD,Collision with:  Vehicle in traffic,On Roadway,Broadside (front to side),FTYROW:  From stop sign,None Indicated,,Daylight,Dry,Clear,None apparent,Intersection:  Four-way intersection,Paved,,Possible/Unknown,0,1,0,0,1,0,3500,2,2,,POINT (-92.258449057832 42.527310328302)
2014795821,14-001697,04/10/2014,04-April,5-Thursday,12:50,1200 Hours,District 1 (Central),AMES,STORY,US 69,US 69/LINCOLN WAY & S KELLOGG AVE,Collision with:  Vehicle in traffic,On Roadway,Broadside (front to side),Ran Traffic Signal,None Indicated,,Daylight,Dry,Cloudy,None apparent,Intersection:  Four-way intersection,Paved,,Possible/Unknown,0,1,0,0,1,0,18998,2,2,,POINT (-93.613663252174 42.022909698161)
2014794412,20140009548,04/10/2014,04-April,5-Thursday,12:00,1200 Hours,District 1 (Central),DES MOINES,POLK,,MULBERRY ST & 10TH ST,Collision with:  Parked motor vehicle,On Roadway,Rear-end (front to rear),"Operating vehicle in an reckless, erratic, careless, negligent manner",None Indicated,,Daylight,Dry,Clear,Unknown,Non-intersection:  Non-junction/no special feature,Paved,,Property Damage Only,0,0,0,0,0,0,1500,2,1,,POINT (-93.629247614334 41.583945347169)
2014794282,20140009515,04/10/2014,04-April,5-Thursday,10:37,1000 Hours,District 1 (Central),DES MOINES,POLK,,WELBECK RD & MLK JR PKWY,Collision with:  Vehicle in traffic,On Roadway,Rear-end (front to rear),Swerving/Evasive Action,None Indicated,,Daylight,Dry,Cloudy,None apparent,Non-intersection:  Non-junction/no special feature,Paved,,Property Damage Only,0,0,0,0,0,0,4500,2,2,,POINT (-93.649322354383 41.623852809051)
2014795118,14-003864,04/10/2014,04-April,5-Thursday,21:58,2100 Hours,District 1 (Central),,TAMA,,E AVE,Collision with fixed object:  Ditch,On Roadway,Non-collision (single vehicle),Swerving/Evasive Action,Alcohol (Statutory),,Dark - roadway not lighted,"Mud, dirt",Cloudy,None apparent,Non-intersection:  Non-junction/no special feature,Unpaved,,Property Damage Only,0,0,0,0,0,0,12000,1,2,,POINT (-92.689274772657 42.159929675299)
2014799909,,04/10/2014,04-April,5-Thursday,18:24,1800 Hours,District 2 (Northeast),VENTURA,CERRO GORDO,US 18,US 18/HWY 18 W/HWY 18 E & N MAIN ST,Collision with:  Vehicle in traffic,On Roadway,"Angle, oncoming left turn",FTYROW:  Making left turn,None Indicated,,Daylight,Dry,Clear,None apparent,Intersection:  Four-way intersection,Paved,,Fatal,1,0,0,0,0,0,7500,2,2,,POINT (-93.477705350308 43.129712051142)
2014794453,2014022302,04/10/2014,04-April,5-Thursday,10:40,1000 Hours,District 1 (Central),,WEBSTER,,Co Rd P59/QUAIL AVE,Collision with:  Vehicle in traffic,On Roadway,Rear-end (front to rear),Driver Distraction:  Manual operation of an electronic communication device,None Indicated,,Daylight,Dry,Cloudy,None apparent,Non-intersection:  Railroad grade crossing,Paved,,Property Damage Only,0,0,0,0,0,0,12500,2,2,,POINT (-94.128851031725 42.476221003898)
2014794391,201404995,04/10/2014,04-April,5-Thursday,15:09,1500 Hours,District 6 (East Central),CEDAR RAPIDS,LINN,,42ND ST NE,Collision with:  Vehicle in traffic,On Roadway,Broadside (front to side),FTYROW:  From stop sign,None Indicated,,Daylight,Dry,Clear,None apparent,Intersection:  T-intersection,Paved,,Property Damage Only,0,0,0,0,0,0,4000,2,2,,POINT (-91.722550897928 42.022466796262)
2014794439,14-013907,04/10/2014,04-April,5-Thursday,17:50,1700 Hours,District 4 (Southwest),COUNCIL BLUFFS,POTTAWATTAMIE,US 6,US 6/KANESVILLE BLVD,Collision with:  Vehicle in traffic,On Roadway,Rear-end (front to rear),Followed too close,None Indicated,,Daylight,Dry,Clear,None apparent,Non-intersection:  Non-junction/no special feature,Paved,,Property Damage Only,0,0,0,0,0,0,2900,3,6,,POINT (-95.845522766528 41.264362024658)
2014794353,SO1404101,04/10/2014,04-April,5-Thursday,16:28,1600 Hours,District 6 (East Central),DE WITT,CLINTON,US 30,US 30 & Co Rd Z30/350 AVE,Collision with:  Vehicle in traffic,On Roadway,Rear-end (front to rear),FTYROW:  From yield sign,None Indicated,,Daylight,Dry,Cloudy,None apparent,Intersection:  Other intersection (explain in narrative),Paved,,Possible/Unknown,0,1,0,0,1,0,2300,2,3,,POINT (-90.413097542669 41.815527253024)
2014796034,14005063,04/10/2014,04-April,5-Thursday,02:00,0200 Hours,District 6 (East Central),,CEDAR,,Co Rd X40/GREEN RD/GARFIELD AVE & 225TH,Collision with fixed object:  Ditch,Roadside,Non-collision (single vehicle),Exceeded authorized speed,Alcohol (Statutory),,Dark - roadway not lighted,Dry,Cloudy,None apparent,Non-intersection:  Alley,Paved,,Property Damage Only,0,0,0,0,0,0,9100,1,1,,POINT (-91.248184995437 41.765144259361)
2014794796,14-10703,04/10/2014,04-April,5-Thursday,14:15,1400 Hours,District 3 (Northwest),SIOUX CITY,WOODBURY,,VIRGINIA ST,Collision with:  Non-motorist (see non-motorist section - NOT a unit),On Roadway,Non-collision (single vehicle),Other (explain in narrative):  No improper action,None Indicated,,Daylight,Dry,Clear,None apparent,Non-intersection:  Non-junction/no special feature,Paved,,Minor Injury,0,1,0,1,0,0,0,1,3,,POINT (-96.397389252596 42.506698139472)
2014794540,14-11886,04/10/2014,04-April,5-Thursday,18:19,1800 Hours,District 5 (Southeast),BURLINGTON,DES MOINES,,HARRISON AVE & SUMMER ST,Collision with:  Vehicle in traffic,Shoulder,Broadside (front to side),Ran Traffic Signal,None Indicated,,Daylight,Dry,Clear,None apparent,Intersection:  Four-way intersection,Paved,,Property Damage Only,0,0,0,0,0,0,5000,2,2,,POINT (-91.116049187142 40.78925223931)
2014794267,14-2346,04/10/2014,04-April,5-Thursday,10:25,1000 Hours,District 1 (Central),URBANDALE,POLK,IA 28,IA 28/MERLE HAY RD,Collision with:  Vehicle in traffic,On Roadway,Rear-end (front to rear),Other (explain in narrative):  Other,None Indicated,,Daylight,Dry,Clear,None apparent,Non-intersection:  Non-junction/no special feature,Paved,,Property Damage Only,0,0,0,0,0,0,4500,2,2,,POINT (-93.697661396689 41.650401928363)
2014794379,14-4649,04/10/2014,04-April,5-Thursday,22:17,2200 Hours,District 6 (East Central),MAQUOKETA,JACKSON,,234 AVE,Collision with fixed object:  Bridge overhead structure,On Roadway,Non-collision (single vehicle),Swerving/Evasive Action,None Indicated,,Dark - roadway not lighted,"Mud, dirt",Clear,None apparent,Non-intersection:  Other non-intersection (explain in narrative),Unpaved,,Property Damage Only,0,0,0,0,0,0,9500,1,1,,POINT (-90.636238610199 42.143262401081)
2014794418,20140009569,04/10/2014,04-April,5-Thursday,19:35,1900 Hours,District 1 (Central),DES MOINES,POLK,I-235,I-235 & 42ND ST,Collision with:  Vehicle in traffic,On Roadway,Rear-end (front to rear),Other (explain in narrative):  Other,None Indicated,,Daylight,Dry,Clear,None apparent,Non-intersection:  Non-junction/no special feature,Paved,,Property Damage Only,0,0,0,0,0,0,4200,2,3,,POINT (-93.674370265199 41.589967582052)
2014794287,14-1674,04/10/2014,04-April,5-Thursday,13:23,1300 Hours,District 1 (Central),WEST DES MOINES,POLK,,MILLS CIVIC PKWY,Collision with:  Vehicle in traffic,On Roadway,"Angle, oncoming left turn",FTYROW:  Making left turn,None Indicated,,Daylight,Dry,Cloudy,None apparent,Intersection:  Four-way intersection,Paved,,Property Damage Only,0,0,0,0,0,0,4000,2,2,,POINT (-93.77930500061 41.559129938181)
2014794827,14002999,04/10/2014,04-April,5-Thursday,03:54,0300 Hours,District 6 (East Central),,BUCHANAN,IA 150,IA 150/JACKSON AVE,Collision with:  Animal,,,Animal,None Indicated,,,,,,,Paved,,Property Damage Only,0,0,0,0,0,0,3500,1,1,,POINT (-91.903100792172 42.606032815129)
2014794380,SO1401239,04/10/2014,04-April,5-Thursday,16:16,1600 Hours,District 5 (Southeast),,JEFFERSON,,VELVETLEAF AVE,Collision with:  Vehicle in traffic,On Roadway,Unknown,Other (explain in narrative):  Vision obstructed,None Indicated,,Daylight,Other (explain in narrative),Cloudy,"Slippery, loose, or worn surface",Non-intersection:  Other non-intersection (explain in narrative),Unpaved,,Property Damage Only,0,0,0,0,0,0,5500,2,2,,POINT (-91.775651930172 40.995280668856)
2014794980,,04/10/2014,04-April,5-Thursday,14:40,1400 Hours,District 4 (Southwest),AUDUBON,AUDUBON,US 71,US 71/MARKET ST,Collision with fixed object:  Utility pole/light support,Outside trafficway,Non-collision (single vehicle),Other (explain in narrative):  No improper action,None Indicated,,Daylight,Dry,Clear,None apparent,Non-intersection:  Driveway access (within),Paved,,Property Damage Only,0,0,0,0,0,0,2100,1,1,,POINT (-94.934398222526 41.720478282557)
2014799723,14-030410-01,04/10/2014,04-April,5-Thursday,20:30,2000 Hours,District 6 (East Central),,IOWA,IA 212,IA 212/212 BLVD,Collision with:  Animal,,,Animal,None Indicated,,,,,,,Paved,,Property Damage Only,0,0,0,0,0,0,2000,1,1,,POINT (-92.215800669049 41.829335184767)
2014794637,2014003322,04/10/2014,04-April,5-Thursday,20:53,2000 Hours,District 1 (Central),MARSHALLTOWN,MARSHALL,,LINCOLN WAY,Non-collision events:  Overturn/rollover,On Roadway,Non-collision (single vehicle),Over correcting/over steering,None Indicated,,Dusk,Dry,Clear,None apparent,Non-intersection:  Non-junction/no special feature,Paved,,Possible/Unknown,0,1,0,0,1,0,8000,1,2,,POINT (-92.939696145647 42.041187490543)
2014797380,S201400671,04/10/2014,04-April,5-Thursday,20:40,2000 Hours,District 3 (Northwest),,PALO ALTO,US 18,US 18/360 ST,Collision with:  Animal,,Non-collision (single vehicle),Animal,None Indicated,,,,,,,Paved,,Property Damage Only,0,0,0,0,0,0,3500,1,1,,POINT (-94.701514024887 43.125665607166)
2014795659,2014-07297,04/10/2014,04-April,5-Thursday,20:43,2000 Hours,District 5 (Southeast),,WARREN,US 69,US 69 & Co Rd R73/128TH AVE,Collision with:  Animal,,Non-collision (single vehicle),Animal,None Indicated,,,,,,,Paved,,Property Damage Only,0,0,0,0,0,0,1500,1,1,,POINT (-93.56280018624 41.258568784839)
2014794907,2014-21890,04/10/2014,04-April,5-Thursday,15:52,1500 Hours,District 6 (East Central),DAVENPORT,SCOTT,US 6,US 6/E KIMBERLY RD,Collision with:  Vehicle in traffic,On Roadway,Rear-end (front to rear),Other (explain in narrative):  Other,None Indicated,,Daylight,Dry,Cloudy,None apparent,Non-intersection:  Non-junction/no special feature,Paved,,Property Damage Only,0,0,0,0,0,0,3000,2,4,,POINT (-90.549152698236 41.556882588818)
2014797226,,04/11/2014,04-April,6-Friday,05:40,0500 Hours,District 6 (East Central),MAQUOKETA,JACKSON,,THOMAS AVE & JONES AVE,Collision with:  Parked motor vehicle,On Roadway,"Sideswipe, same direction",Driver Distraction:  Reaching for object(s)/fallen object(s),None Indicated,,Dark - roadway not lighted,Dry,Cloudy,None apparent,Intersection:  T-intersection,Paved,,Property Damage Only,0,0,0,0,0,0,3500,2,1,,POINT (-90.675648098679 42.062602006775)
2014794582,2014003879,04/11/2014,04-April,6-Friday,09:17,0900 Hours,District 6 (East Central),IOWA CITY,JOHNSON,,MUSCATINE AVE & 3RD AVE & THIRD AVE,Collision with:  Vehicle in traffic,On Roadway,Broadside (front to side),FTYROW:  From stop sign,None Indicated,,Daylight,Dry,Clear,None apparent,Intersection:  Four-way intersection,Paved,,Possible/Unknown,0,1,0,0,1,0,700,2,2,,POINT (-91.5049332807 41.64985670203)
2014794554,10-0466,04/11/2014,04-April,6-Friday,17:41,1700 Hours,District 1 (Central),,GREENE,US 30,US 30/220TH & IA 25/E AVE & Co Rd N65,Collision with:  Vehicle in traffic,On Roadway,Broadside (front to side),Made improper turn,None Indicated,,Daylight,Dry,Clear,None apparent,Intersection:  Four-way intersection,Paved,,Property Damage Only,0,0,0,0,0,0,14000,2,2,,POINT (-94.551832635997 42.034647430483)
2014794420,20140009614,04/11/2014,04-April,6-Friday,07:42,0700 Hours,District 1 (Central),DES MOINES,POLK,,GRAND AVE & 42ND ST,Collision with:  Vehicle in traffic,On Roadway,"Angle, oncoming left turn",Lost Control,None Indicated,,Daylight,Dry,Cloudy,None apparent,Non-intersection:  Non-junction/no special feature,Paved,,Property Damage Only,0,0,0,0,0,0,2300,2,4,,POINT (-93.674325277614 41.584491443076)
2014795709,,04/11/2014,04-April,6-Friday,18:20,1800 Hours,District 6 (East Central),DE WITT,CLINTON,,11TH ST & 17TH AVE,Collision with:  Vehicle in traffic,On Roadway,Broadside (front to side),FTYROW:  From stop sign,None Indicated,,Daylight,Dry,Cloudy,None apparent,Intersection:  T-intersection,Paved,,Property Damage Only,0,0,0,0,0,0,2900,2,8,,POINT (-90.554717842022 41.825727969767)
2014794630,20141030,04/11/2014,04-April,6-Friday,18:50,1800 Hours,District 6 (East Central),MOUNT VERNON,LINN,IA 1,IA 1/S 1ST AVE/N 1ST AVE & 1ST ST,Collision with:  Vehicle in traffic,On Roadway,Head-on (front to front),FTYROW:  Making left turn,None Indicated,,Daylight,Dry,Cloudy,None apparent,Intersection:  Four-way intersection,Paved,,Possible/Unknown,0,1,0,0,1,0,5000,2,2,,POINT (-91.417018556106 41.922273241411)
2014796339,W14-034970,04/11/2014,04-April,6-Friday,11:45,1100 Hours,District 2 (Northeast),WATERLOO,BLACK HAWK,,BROADWAY ST & CONGER ST,Collision with:  Non-motorist (see non-motorist section - NOT a unit),On Roadway,Non-collision (single vehicle),FTYROW:  To pedestrian,None Indicated,,Daylight,Dry,Clear,None apparent,Intersection:  Four-way intersection,Paved,,Possible/Unknown,0,1,0,0,1,0,0,1,1,,POINT (-92.345127806641 42.51215035499)
2014794995,,04/11/2014,04-April,6-Friday,18:00,1800 Hours,District 4 (Southwest),COUNCIL BLUFFS,POTTAWATTAMIE,US 6,US 6/KANESVILLE BLVD,Collision with:  Vehicle in traffic,On Roadway,"Sideswipe, same direction",Unknown,None Indicated,,Daylight,Dry,Clear,,Non-intersection:  Non-junction/no special feature,Paved,,Property Damage Only,0,0,0,0,0,0,1682,2,2,,POINT (-95.846580628176 41.263984604648)
2014794427,20140009656,04/11/2014,04-April,6-Friday,12:48,1200 Hours,District 1 (Central),DES MOINES,POLK,,HIGH ST & MLK JR PKWY,Collision with:  Vehicle in traffic,On Roadway,Rear-end (front to rear),Exceeded authorized speed,None Indicated,,Daylight,Dry,Clear,None apparent,Intersection:  Four-way intersection,Paved,,Property Damage Only,0,0,0,0,0,0,4500,2,2,,POINT (-93.644718906897 41.587102241054)
2014807762,,04/11/2014,04-April,6-Friday,12:03,1200 Hours,District 5 (Southeast),KEOKUK,LEE,US 218,US 218/MAIN ST,Collision with:  Vehicle in traffic,On Roadway,"Sideswipe, same direction",Unknown,None Indicated,,,,,,,Paved,,Property Damage Only,0,0,0,0,0,0,1924,2,3,,POINT (-91.393552330997 40.405606388046)
2014797177,14-001729,04/11/2014,04-April,6-Friday,20:55,2000 Hours,District 1 (Central),AMES,STORY,,KNAPP ST,Collision with:  Vehicle in traffic,On Roadway,Rear-end (front to rear),Improper Backing,None Indicated,,Dark - roadway lighted,Dry,Clear,None apparent,Non-intersection:  Non-junction/no special feature,Paved,,Property Damage Only,0,0,0,0,0,0,2500,2,4,,POINT (-93.647289141323 42.019140379883)
2014798998,4900-14,04/11/2014,04-April,6-Friday,11:16,1100 Hours,District 3 (Northwest),SPENCER,CLAY,,W 17TH ST,Collision with:  Vehicle in traffic,On Roadway,"Sideswipe, opposite direction",Other (explain in narrative):  Other,None Indicated,,Daylight,Dry,Clear,None apparent,Intersection:  Four-way intersection,Paved,,Property Damage Only,0,0,0,0,0,0,2100,2,2,,POINT (-95.14690873312 43.154713052757)
2014798722,S14-D1101,04/11/2014,04-April,6-Friday,05:35,0500 Hours,District 5 (Southeast),,CLARKE,,KANSAS ST,Collision with:  Animal,On Roadway,Non-collision (single vehicle),Animal,None Indicated,,Dark - roadway not lighted,"Mud, dirt",Clear,None apparent,Non-intersection:  Non-junction/no special feature,Unpaved,,Property Damage Only,0,0,0,0,0,0,6000,1,1,,POINT (-93.9405042285 41.041256869007)
2014795027,14-003583,04/11/2014,04-April,6-Friday,15:15,1500 Hours,District 2 (Northeast),,FAYETTE,IA 3,IA 3/40TH ST,Collision with:  Other non-fixed object (explain in narrative),On Roadway,Unknown,Cargo/equipment loss or shift,None Indicated,,Daylight,Dry,Clear,None apparent,Non-intersection:  Non-junction/no special feature,Paved,,Property Damage Only,0,0,0,0,0,0,3000,2,4,,POINT (-91.812915680419 42.687344889162)
2014799131,2014022719,04/11/2014,04-April,6-Friday,18:56,1800 Hours,District 6 (East Central),VAN HORNE,BENTON,,Co Rd E44/70 ST,Collision with:  Vehicle in traffic,On Roadway,Head-on (front to front),Crossed centerline (undivided),None Indicated,,Daylight,Dry,Clear,None apparent,Non-intersection:  Non-junction/no special feature,Paved,,Fatal,2,1,1,0,0,0,70000,2,3,,POINT (-92.103163616987 42.007032261157)
2014794686,20140009684,04/11/2014,04-April,6-Friday,16:43,1600 Hours,District 1 (Central),DES MOINES,POLK,,UNIVERSITY AVE,Collision with:  Vehicle in traffic,On Roadway,"Angle, oncoming left turn",FTYROW:  Making left turn,None Indicated,,Daylight,Dry,Clear,None apparent,Non-intersection:  Driveway access (within),Paved,,Property Damage Only,0,0,0,0,0,0,6000,2,2,,POINT (-93.659790616919 41.600356450888)
2014794433,14-602,04/11/2014,04-April,6-Friday,08:07,0800 Hours,District 1 (Central),POLK CITY,POLK,,N 3RD ST,Collision with:  Vehicle in traffic,On Roadway,"Angle, oncoming left turn",FTYROW:  Other (explain in narrative),None Indicated,,Daylight,Dry,Cloudy,None apparent,Non-intersection:  Non-junction/no special feature,Paved,,Property Damage Only,0,0,0,0,0,0,1700,2,4,,POINT (-93.713620021453 41.771989076817)
2014794545,01-14-14891,04/11/2014,04-April,6-Friday,07:49,0700 Hours,District 6 (East Central),DUBUQUE,DUBUQUE,,CEDAR CROSS RD,Collision with:  Vehicle in traffic,On Roadway,Rear-end (front to rear),Followed too close,None Indicated,,Daylight,Dry,Clear,None apparent,Non-intersection:  Non-junction/no special feature,Paved,,Minor Injury,0,1,0,1,0,0,5100,2,3,,POINT (-90.714664540221 42.492184691118)
2014794535,CL14001058,04/11/2014,04-April,6-Friday,14:41,1400 Hours,District 6 (East Central),CLINTON,CLINTON,US 67,US 67/7TH AVE S/S 4TH ST,Collision with:  Vehicle in traffic,On Roadway,Head-on (front to front),FTYROW:  Making left turn,None Indicated,,Daylight,Dry,Clear,Other (explain in narrative),Intersection:  Four-way intersection,Paved,,Property Damage Only,0,0,0,0,0,0,2500,2,2,,POINT (-90.193225899208 41.838945798786)
2014794659,20140009661,04/11/2014,04-April,6-Friday,13:55,1300 Hours,District 1 (Central),DES MOINES,POLK,,PARK AVE,Collision with:  Vehicle in traffic,On Roadway,Rear-end (front to rear),Driver Distraction:  Manual operation of an electronic communication device,None Indicated,,Daylight,Dry,Clear,None apparent,Intersection:  Four-way intersection,Paved,,Property Damage Only,0,0,0,0,0,0,3000,2,3,,POINT (-93.679384759929 41.555566343953)
2014795460,14-002500,04/11/2014,04-April,6-Friday,13:00,1300 Hours,District 4 (Southwest),PERRY,DALLAS,IA 144,IA 144/1ST AVE,Collision with:  Vehicle in traffic,On Roadway,Broadside (front to side),FTYROW:  From stop sign,None Indicated,,Daylight,Dry,Clear,None apparent,Intersection:  Four-way intersection,Paved,,Possible/Unknown,0,1,0,0,1,0,7700,3,3,,POINT (-94.106633208818 41.842514998631)
2014804966,SO140128,04/11/2014,04-April,6-Friday,13:53,1300 Hours,District 4 (Southwest),,ADAMS,,Co Rd H33/180TH ST & VANILLA AVE,Collision with:  Vehicle in traffic,On Roadway,Rear-end (front to rear),Swerving/Evasive Action,None Indicated,,Daylight,"Mud, dirt",Cloudy,"Surface condition (e.g., wet, icy)",Intersection:  Four-way intersection,Paved,,Property Damage Only,0,0,0,0,0,0,5000,2,3,,POINT (-94.509147584272 41.043599029746)
2014794492,,04/11/2014,04-April,6-Friday,14:07,1400 Hours,District 5 (Southeast),,DECATUR,I-35,I-35 & US 69,Collision with:  Vehicle in traffic,On Roadway,Rear-end (front to rear),FTYROW:  Other (explain in narrative),None Indicated,,Daylight,Dry,Clear,None apparent,Interchange-related:  On-ramp,Paved,,Property Damage Only,0,0,0,0,0,0,5000,2,3,,POINT (-93.892826176596 40.623649113161)
2014794662,20140009687,04/11/2014,04-April,6-Friday,16:58,1600 Hours,District 1 (Central),DES MOINES,POLK,US 69,US 69/E 15TH ST & CAPITOL AVE,Collision with:  Vehicle in traffic,On Roadway,Rear-end (front to rear),Followed too close,None Indicated,,Daylight,Dry,Clear,None apparent,Non-intersection:  Non-junction/no special feature,Paved,,Property Damage Only,0,0,0,0,0,0,4600,5,5,,POINT (-93.59493579645 41.592991154999)
2014794663,20140009700,04/11/2014,04-April,6-Friday,18:48,1800 Hours,District 1 (Central),DES MOINES,POLK,,MADISON AVE & 54TH ST,Collision with:  Vehicle in traffic,On Roadway,Broadside (front to side),FTYROW:  From stop sign,None Indicated,,Daylight,Dry,Cloudy,None apparent,Intersection:  Other intersection (explain in narrative),Paved,,Possible/Unknown,0,1,0,0,1,0,15500,3,5,,POINT (-93.692600041432 41.63306674637)
2014795156,14005091,04/11/2014,04-April,6-Friday,19:02,1900 Hours,District 5 (Southeast),,APPANOOSE,,Co Rd J3T/HWY J3T,Non-collision events:  Overturn/rollover,Shoulder,Non-collision (single vehicle),Crossed centerline (undivided),None Indicated,,Daylight,Dry,Clear,None apparent,Non-intersection:  Non-junction/no special feature,Paved,,Major Injury,0,2,2,0,0,0,5000,1,2,,POINT (-92.774950593908 40.870510216592)
2014794997,14034907,04/11/2014,04-April,6-Friday,07:49,0700 Hours,District 2 (Northeast),CEDAR FALLS,BLACK HAWK,,3RD ST & ANGIE DR,Collision with:  Vehicle in traffic,On Roadway,Broadside (front to side),FTYROW:  From stop sign,None Indicated,,Daylight,Dry,Clear,None apparent,Intersection:  Four-way intersection,Paved,,Property Damage Only,0,0,0,0,0,0,2300,2,3,,POINT (-92.471048809469 42.535981682031)
2014794918,201400017276,04/11/2014,04-April,6-Friday,14:04,1400 Hours,District 5 (Southeast),OTTUMWA,WAPELLO,US 34,US 34 & IA 149/IOWA 149 & WAPELLO ST,Collision with:  Vehicle in traffic,On Roadway,"Angle, oncoming left turn",Ran Traffic Signal,None Indicated,,Daylight,Dry,Clear,None apparent,Intersection:  Four-way intersection,Paved,,Possible/Unknown,0,2,0,0,2,0,11500,3,3,,POINT (-92.423303272055 41.015267024281)