Iowa DOT Case Number,Law Enforcement Case Number,Date of Crash,Month of Crash,Day of Week,Time of Crash,Hour,DOT District,City Name,County Name,Route with System,Location Description,First Harmful Event,Location of First Harmful Event,Manner of Crash/Collision,Major Cause,Drug or Alcohol ,Environmental Conditions,Light Conditions,Surface Conditions,Weather Conditions,Roadway Contribution,Roadway Type,Roadway Surface,Work Zone,Crash Severity,Number of Fatalities,Number of Injuries,Number of Major Injuries,Number of Minor Injuries,Number of Possible Injuries,Number of Unknown Injuries,Amount of Property Damage,Number of Vehicles Involved,Total Number of Occupants,Travel Direction,Location
2014794990,,04/11/2014,04-April,6-Friday,09:45,0900 Hours,District 6 (East Central),CEDAR RAPIDS,LINN,IA 922,IA 922/1ST AVE E & 12TH ST SE & 12TH ST NE,Collision with:  Vehicle in traffic,On Roadway,Rear-end (front to rear),Unknown,None Indicated,,Daylight,Dry,Clear,,Non-intersection:  Non-junction/no special feature,Paved,,Property Damage Only,0,0,0,0,0,0,3000,2,2,,POINT (-91.657837363073 41.984946097347)
2014798539,,04/11/2014,04-April,6-Friday,17:28,1700 Hours,District 2 (Northeast),,WINNESHIEK,US 52,US 52,Collision with:  Vehicle in traffic,On Roadway,Rear-end (front to rear),"Operating vehicle in an reckless, erratic, careless, negligent manner",None Indicated,,Daylight,Dry,Cloudy,None apparent,Non-intersection:  Driveway access (within),Paved,,Property Damage Only,0,0,0,0,0,0,9000,2,2,,POINT (-91.774717214591 43.146921499838)
2014795309,C14001118,04/11/2014,04-April,6-Friday,18:36,1800 Hours,District 6 (East Central),CORALVILLE,JOHNSON,,1ST AVE & AUBURN HILLS DR & AUBURN EAST LN,Collision with:  Vehicle in traffic,On Roadway,Rear-end (front to rear),Followed too close,None Indicated,,Daylight,Dry,Clear,None apparent,Intersection:  Four-way intersection,Paved,,Property Damage Only,0,0,0,0,0,0,2500,2,2,,POINT (-91.564422648333 41.709916253091)
2014794772,14-1039,04/11/2014,04-April,6-Friday,16:00,1600 Hours,District 1 (Central),FORT DODGE,WEBSTER,,5TH AVE S,Collision with:  Vehicle in traffic,On Roadway,Rear-end (front to rear),"Operating vehicle in an reckless, erratic, careless, negligent manner",None Indicated,,Daylight,Dry,Clear,None apparent,Non-intersection:  Non-junction/no special feature,Paved,,Property Damage Only,0,0,0,0,0,0,3500,2,2,,POINT (-94.156939186573 42.501183961363)
2014801081,2014-22183,04/11/2014,04-April,6-Friday,18:52,1800 Hours,District 6 (East Central),DAVENPORT,SCOTT,,IA 461/BRADY ST & E 36TH ST,Collision with:  Vehicle in traffic,On Roadway,Broadside (front to side),FTYROW:  From stop sign,None Indicated,,Dusk,Dry,Clear,None apparent,Intersection:  T-intersection,Paved,,Property Damage Only,0,0,0,0,0,0,3000,2,2,,POINT (-90.56868108778 41.556675962766)
2014794777,14-10838,04/11/2014,04-April,6-Friday,15:06,1500 Hours,District 3 (Northwest),SIOUX CITY,WOODBURY,I-29,I-29,Collision with:  Vehicle in traffic,On Roadway,"Sideswipe, same direction",FTYROW:  Other (explain in narrative),None Indicated,,Daylight,Dry,Cloudy,Work Zone (roadway-related),Non-intersection:  Non-junction/no special feature,Paved,Yes,Minor Injury,0,1,0,1,0,0,14200,2,3,,POINT (-96.389668994299 42.482083608045)
2014794778,14-10868,04/11/2014,04-April,6-Friday,18:15,1800 Hours,District 3 (Northwest),SIOUX CITY,WOODBURY,IA 12,IA 12/GORDON DR & JENNINGS ST,Collision with:  Vehicle in traffic,On Roadway,Rear-end (front to rear),Driving too fast for conditions,None Indicated,,Daylight,Dry,Clear,None apparent,Non-intersection:  Non-junction/no special feature,Paved,,Property Damage Only,0,0,0,0,0,0,8000,2,2,,POINT (-96.399343984791 42.489783718811)
2014796625,14-028,04/11/2014,04-April,6-Friday,14:20,1400 Hours,District 3 (Northwest),SIOUX CENTER,SIOUX,US 75,US 75/N MAIN AVE & 8TH ST NE,Collision with:  Vehicle in traffic,On Roadway,Broadside (front to side),FTYROW:  Making left turn,None Indicated,,Daylight,Dry,Cloudy,None apparent,Intersection:  T-intersection,Paved,,Minor Injury,0,4,0,3,1,0,7000,2,5,,POINT (-96.17572767645 43.085538994799)
2014794623,14007301,04/11/2014,04-April,6-Friday,17:23,1700 Hours,District 6 (East Central),MARION,LINN,,ALBURNETT RD & 29TH AVE,Collision with:  Vehicle in traffic,On Roadway,"Sideswipe, opposite direction",Crossed centerline (undivided),None Indicated,,Daylight,Dry,Clear,None apparent,Non-intersection:  Non-junction/no special feature,Paved,,Property Damage Only,0,0,0,0,0,0,16100,2,3,,POINT (-91.613984213636 42.050999949993)
2014799732,14-170411-01,04/11/2014,04-April,6-Friday,06:13,0600 Hours,District 6 (East Central),,IOWA,,Co Rd F15/F15 BLVD,Collision with:  Animal,,,Animal,None Indicated,,,,,,,Paved,,Property Damage Only,0,0,0,0,0,0,2000,1,1,,POINT (-92.001182968143 41.810574456307)
2014794402,14-2378,04/11/2014,04-April,6-Friday,06:47,0600 Hours,District 1 (Central),,POLK,IA 415,IA 415/2ND AVE,Collision with:  Vehicle in traffic,On Roadway,Rear-end (front to rear),Other (explain in narrative):  Other,None Indicated,,Dawn,Dry,Clear,None apparent,Non-intersection:  Crossover-related,Paved,,Property Damage Only,0,0,0,0,0,0,3250,2,2,,POINT (-93.619843450786 41.684336421094)
2014794848,201401142,04/11/2014,04-April,6-Friday,20:13,2000 Hours,District 6 (East Central),,LINN,US 151,US 151/DUBUQUE RD,Collision with:  Animal,,,Animal,None Indicated,,,,,,,Paved,,Property Damage Only,0,0,0,0,0,0,4000,1,1,,POINT (-91.488940240444 42.047899415571)
2014795225,20140009697,04/11/2014,04-April,6-Friday,18:27,1800 Hours,District 1 (Central),DES MOINES,POLK,,ARTHUR AVE,Collision with fixed object:  Utility pole/light support,On Roadway,Non-collision (single vehicle),Ran off road - right,None Indicated,,Daylight,Dry,Clear,None apparent,Non-intersection:  Non-junction/no special feature,Paved,,Property Damage Only,0,0,0,0,0,0,11000,1,1,,POINT (-93.601512866847 41.617744826375)
2014794661,20140009682,04/11/2014,04-April,6-Friday,16:11,1600 Hours,District 1 (Central),DES MOINES,POLK,I-235,I-235 & US 6/E EUCLID AVE,Collision with:  Vehicle in traffic,On Roadway,Rear-end (front to rear),Followed too close,None Indicated,,Daylight,Dry,Clear,None apparent,Non-intersection:  Other non-intersection (explain in narrative),Paved,,Possible/Unknown,0,1,0,0,1,0,9000,4,4,,POINT (-93.575111380647 41.627796875394)
2014794700,14-1694,04/11/2014,04-April,6-Friday,21:20,2100 Hours,District 1 (Central),WEST DES MOINES,POLK,I-235,I-235 & 35TH ST/VALLEY WEST DR,Collision with:  Vehicle in traffic,On Roadway,"Sideswipe, same direction",Made improper turn,None Indicated,,Dark - roadway lighted,Dry,Cloudy,None apparent,Non-intersection:  Other non-intersection (explain in narrative),Paved,,Property Damage Only,0,0,0,0,0,0,3000,2,57,,POINT (-93.751863668407 41.592981714339)
2014794393,14007264,04/11/2014,04-April,6-Friday,09:29,0900 Hours,District 6 (East Central),MARION,LINN,US 151,US 151/DUBUQUE RD & IA 13/IOWA 13 & 10TH AVE,Collision with:  Vehicle in traffic,On Roadway,"Angle, oncoming left turn",Ran Traffic Signal,None Indicated,,Daylight,Dry,Clear,None apparent,Intersection:  Five points or more,Paved,,Property Damage Only,0,0,0,0,0,0,2000,2,3,,POINT (-91.550250457068 42.035712308358)
2014794425,20140009613,04/11/2014,04-April,6-Friday,07:13,0700 Hours,District 1 (Central),DES MOINES,POLK,,GRAND AVE,Collision with:  Vehicle in traffic,On Roadway,Rear-end (front to rear),Other (explain in narrative):  Other,None Indicated,,Daylight,Dry,Clear,None apparent,Non-intersection:  Driveway access (within),Paved,,Minor Injury,0,2,0,2,0,0,5500,2,2,,POINT (-93.672538129685 41.584528933438)
2014794527,14005572,04/11/2014,04-April,6-Friday,21:48,2100 Hours,District 2 (Northeast),MASON CITY,CERRO GORDO,US 65,US 65/S FEDERAL AVE/S DELAWARE AVE/4TH ST SW,Collision with:  Vehicle in traffic,On Roadway,"Sideswipe, same direction",Crossed centerline (undivided),None Indicated,,Dark - roadway lighted,Dry,Clear,None apparent,Non-intersection:  Non-junction/no special feature,Paved,,Property Damage Only,0,0,0,0,0,0,2800,2,4,,POINT (-93.201050838052 43.147767917697)
2014826611,14-008028,04/11/2014,04-April,6-Friday,15:49,1500 Hours,District 5 (Southeast),,MAHASKA,,MERINO AVE,Collision with fixed object:  Ditch,Shoulder,Non-collision (single vehicle),Ran off road - left,None Indicated,,Daylight,"Mud, dirt",Clear,None apparent,Non-intersection:  Non-junction/no special feature,Unpaved,,Possible/Unknown,0,1,0,0,1,0,12000,1,2,,POINT (-92.631450614222 41.237645598434)
2014794704,14-1693,04/11/2014,04-April,6-Friday,18:55,1800 Hours,District 1 (Central),WEST DES MOINES,POLK,I-235,I-235,Collision with:  Vehicle in traffic,On Roadway,Rear-end (front to rear),Followed too close,None Indicated,,Daylight,Dry,Clear,None apparent,Non-intersection:  Non-junction/no special feature,Paved,,Property Damage Only,0,0,0,0,0,0,5400,2,5,,POINT (-93.718607625363 41.593311487466)
2014794458,AC-14-0021,04/11/2014,04-April,6-Friday,13:48,1300 Hours,District 6 (East Central),MONTICELLO,JONES,,BUSINESS HWY 151,Non-collision events:  Overturn/rollover,On Roadway,Non-collision (single vehicle),Swerving/Evasive Action,None Indicated,,Daylight,Dry,Clear,None apparent,Non-intersection:  Non-junction/no special feature,Paved,,Property Damage Only,0,0,0,0,0,0,1500,1,1,,POINT (-91.188376649679 42.221227063721)
2014794648,14-2390,04/11/2014,04-April,6-Friday,16:26,1600 Hours,District 1 (Central),URBANDALE,POLK,I-35,I-35 & IA 141/IOWA 141,Collision with:  Vehicle in traffic,On Roadway,"Angle, oncoming left turn",FTYROW:  Making left turn,None Indicated,,Daylight,Dry,Clear,None apparent,Intersection:  Intersection with ramp,Paved,,Property Damage Only,0,0,0,0,0,0,8000,2,2,,POINT (-93.775051156974 41.650662735493)
2014794513,041114-167,04/11/2014,04-April,6-Friday,15:30,1500 Hours,District 3 (Northwest),STORM LAKE,BUENA VISTA,,E 5TH ST,Collision with:  Vehicle in traffic,On Roadway,Broadside (front to side),FTYROW:  From parked position,None Indicated,,Daylight,Dry,Clear,None apparent,Non-intersection:  Non-junction/no special feature,Paved,,Property Damage Only,0,0,0,0,0,0,1550,2,2,,POINT (-95.188226750654 42.644575804453)
2014794620,201405065,04/11/2014,04-April,6-Friday,21:44,2100 Hours,District 6 (East Central),CEDAR RAPIDS,LINN,,BEVER AVE SE & 21ST ST SE,Collision with:  Vehicle in traffic,On Roadway,"Sideswipe, same direction",Lost Control,Alcohol (Statutory),,Dark - roadway lighted,Other (explain in narrative),Cloudy,None apparent,Non-intersection:  Non-junction/no special feature,Paved,,Property Damage Only,0,0,0,0,0,0,9000,3,2,,POINT (-91.638004443885 41.984352214002)
2014795188,14-4713,04/11/2014,04-April,6-Friday,22:39,2200 Hours,District 6 (East Central),ZWINGLE,JACKSON,US 61,US 61,Collision with:  Animal,On Roadway,Non-collision (single vehicle),Animal,None Indicated,,Dark - roadway not lighted,Dry,Clear,None apparent,Non-intersection:  Non-junction/no special feature,Paved,,Possible/Unknown,0,1,0,0,1,0,11000,1,1,,POINT (-90.680065474167 42.250558866883)
2014797734,J14000266,04/11/2014,04-April,6-Friday,02:54,0200 Hours,District 6 (East Central),,JOHNSON,,Co Rd F28/250TH ST,Collision with fixed object:  Ditch,On Roadway,Non-collision (single vehicle),"Operating vehicle in an reckless, erratic, careless, negligent manner",Refused,,Dark - roadway not lighted,Dry,Clear,None apparent,Non-intersection:  Non-junction/no special feature,Paved,,Property Damage Only,0,0,0,0,0,0,8000,1,1,,POINT (-91.654101846952 41.752586155986)
2014794426,20140009628,04/11/2014,04-April,6-Friday,09:48,0900 Hours,District 1 (Central),DES MOINES,POLK,,MULBERRY ST & 9TH ST,Collision with:  Vehicle in traffic,On Roadway,Broadside (front to side),Ran Traffic Signal,None Indicated,,Daylight,Dry,Clear,None apparent,Intersection:  Four-way intersection,Paved,,Property Damage Only,0,0,0,0,0,0,6000,2,2,,POINT (-93.628062001001 41.584158996496)
2014795173,142517,04/11/2014,04-April,6-Friday,21:46,2100 Hours,District 4 (Southwest),,DALLAS,IA 141,IA 141/141ST ST,Collision with:  Animal,,,Animal,None Indicated,,,,,,,Paved,,Property Damage Only,0,0,0,0,0,0,6000,1,1,,POINT (-93.99320995378 41.83492340774)
2014794687,20140009688,04/11/2014,04-April,6-Friday,17:30,1700 Hours,District 1 (Central),DES MOINES,POLK,US 69,US 69/SE 14TH ST & MAURY ST,Collision with:  Vehicle in traffic,On Roadway,"Angle, oncoming left turn",FTYROW:  Making left turn,None Indicated,,Daylight,Dry,Clear,None apparent,Non-intersection:  Driveway access (within),Paved,,Property Damage Only,0,0,0,0,0,0,3000,2,2,,POINT (-93.596867424874 41.581253693225)
2014794424,20140009611,04/11/2014,04-April,6-Friday,03:50,0300 Hours,District 1 (Central),DES MOINES,POLK,,CHAMBERLAIN DR & CALIFORNIA DR,Collision with:  Parked motor vehicle,On Roadway,Rear-end (front to rear),Unknown,None Indicated,,Dark - roadway lighted,Dry,Clear,Unknown,Non-intersection:  Non-junction/no special feature,Paved,,Property Damage Only,0,0,0,0,0,0,8000,2,1,,POINT (-93.677192203907 41.593643960719)
2014797085,B14-684,04/11/2014,04-April,6-Friday,12:15,1200 Hours,District 3 (Northwest),SERGEANT BLUFF,WOODBURY,,WARRIOR RD,Collision with fixed object:  Other fixed object (explain in narrative),On Roadway,Non-collision (single vehicle),Other (explain in narrative):  No improper action,None Indicated,,Daylight,Dry,Clear,None apparent,Non-intersection:  Railroad grade crossing,Unpaved,,Minor Injury,0,1,0,1,0,0,2000,1,1,,POINT (-96.349907886464 42.393298179693)
2014795871,2014022749,04/11/2014,04-April,6-Friday,22:58,2200 Hours,District 5 (Southeast),,JEFFERSON,US 34,US 34,Collision with:  Animal,,,Animal,None Indicated,,,,,,,Paved,,Property Damage Only,0,0,0,0,0,0,3000,1,1,,POINT (-92.078004587893 41.010833165964)
2014795291,C14-0001077,04/11/2014,04-April,6-Friday,14:27,1400 Hours,District 2 (Northeast),MCGREGOR,CLAYTON,IA 76,IA 76/RIVER ST,Collision with:  Vehicle in traffic,On Roadway,Rear-end (front to rear),Swerving/Evasive Action,None Indicated,,Daylight,Dry,Clear,None apparent,Non-intersection:  Railroad grade crossing,Paved,,Possible/Unknown,0,2,0,0,1,1,24500,4,5,,POINT (-91.175486487141 43.03558735638)
2014794713,14-000753,04/11/2014,04-April,6-Friday,23:45,2300 Hours,District 1 (Central),ALTOONA,POLK,I-80,I-80,Non-collision events:  Other non-collision (explain in narrative),Outside trafficway,Non-collision (single vehicle),Other (explain in narrative):  Other,None Indicated,,Dark - roadway not lighted,Dry,Cloudy,Work Zone (roadway-related),Interchange-related:  On-ramp,Paved,Yes,Minor Injury,0,1,0,1,0,0,9000,1,1,,POINT (-93.495591482003 41.662394513441)
2014811215,2014-22889,04/11/2014,04-April,6-Friday,15:30,1500 Hours,District 6 (East Central),DAVENPORT,SCOTT,,W 10TH ST,Collision with:  Non-motorist (see non-motorist section - NOT a unit),On Roadway,Non-collision (single vehicle),Unknown,None Indicated,,Daylight,Dry,Clear,None apparent,Non-intersection:  Non-junction/no special feature,Paved,,Possible/Unknown,0,1,0,0,1,0,0,1,1,,POINT (-90.590035707245 41.529908383693)
2014794779,14-10881,04/11/2014,04-April,6-Friday,18:00,1800 Hours,District 3 (Northwest),SIOUX CITY,WOODBURY,,JENNINGS ST,Collision with:  Vehicle in traffic,On Roadway,Rear-end (front to rear),Driver Distraction:  Reaching for object(s)/fallen object(s),None Indicated,,Daylight,Dry,Clear,None apparent,Non-intersection:  Non-junction/no special feature,Paved,,Property Damage Only,0,0,0,0,0,0,9000,2,777,,POINT (-96.399487799678 42.531019917483)
2014794537,140893,04/11/2014,04-April,6-Friday,17:45,1700 Hours,District 3 (Northwest),DENISON,CRAWFORD,US 30,US 30/4TH AVE S & S 17TH ST,Collision with:  Vehicle in traffic,On Roadway,"Sideswipe, same direction",Made improper turn,None Indicated,,Daylight,Dry,Clear,None apparent,Intersection:  Four-way intersection,Paved,,Property Damage Only,0,0,0,0,0,0,4800,2,2,,POINT (-95.3481454231 42.012342254744)
2014794363,14-11949,04/11/2014,04-April,6-Friday,07:26,0700 Hours,District 5 (Southeast),BURLINGTON,DES MOINES,,SUMMER ST,Collision with:  Parked motor vehicle,On Roadway,"Sideswipe, same direction",Ran off road - right,None Indicated,,Daylight,Dry,Clear,None apparent,Non-intersection:  Non-junction/no special feature,Paved,,Property Damage Only,0,0,0,0,0,0,3000,2,1,,POINT (-91.11368223493 40.80336486776)
2014795172,142486,04/11/2014,04-April,6-Friday,06:23,0600 Hours,District 4 (Southwest),DALLAS CENTER,DALLAS,US 169,US 169/N AVE,Collision with:  Animal,,,Animal,None Indicated,,,,,,,Paved,,Property Damage Only,0,0,0,0,0,0,3500,1,1,,POINT (-94.024611075004 41.696049824821)
2014794868,S14-1968,04/11/2014,04-April,6-Friday,14:20,1400 Hours,District 3 (Northwest),,OBRIEN,,REDWOOD AVE,Collision with fixed object:  Bridge overhead structure,Shoulder,Non-collision (single vehicle),Swerving/Evasive Action,None Indicated,,Daylight,"Mud, dirt",Clear,None apparent,Non-intersection:  Non-junction/no special feature,Unpaved,,Minor Injury,0,1,0,1,0,0,4000,1,1,,POINT (-95.66380391704 43.155239690383)
2014795468,01-14-14985,04/11/2014,04-April,6-Friday,17:25,1700 Hours,District 6 (East Central),DUBUQUE,DUBUQUE,,CHAVENELLE RD,Collision with:  Vehicle in traffic,On Roadway,Rear-end (front to rear),Lost Control,None Indicated,,Daylight,Dry,Clear,None apparent,Intersection:  Four-way intersection,Paved,,Property Damage Only,0,0,0,0,0,0,1500,2,4,,POINT (-90.741057720396 42.497237850414)
2014795553,14-0400,04/11/2014,04-April,6-Friday,07:00,0700 Hours,District 1 (Central),CLIVE,POLK,,SWANSON BLVD & UNIVERSITY BLVD & NW 86TH ST,Collision with fixed object:  Utility pole/light support,Shoulder,Non-collision (single vehicle),Ran off road - right,None Indicated,,Daylight,Dry,Clear,None apparent,Intersection:  Four-way intersection,Paved,,Property Damage Only,0,0,0,0,0,0,2200,1,1,,POINT (-93.736302991722 41.605764575639)
2014794745,14-6660,04/11/2014,04-April,6-Friday,16:22,1600 Hours,District 6 (East Central),BETTENDORF,SCOTT,,MIDDLE RD & 14TH ST,Collision with:  Vehicle in traffic,On Roadway,Rear-end (front to rear),Followed too close,None Indicated,,Daylight,Dry,Clear,None apparent,Intersection:  T-intersection,Paved,,Possible/Unknown,0,1,0,0,1,0,7000,2,2,,POINT (-90.51310693391 41.543184094972)
2014794497,14005103,04/11/2014,04-April,6-Friday,23:18,2300 Hours,District 5 (Southeast),CENTERVILLE,APPANOOSE,IA 2,IA 2/E MAPLE ST & IA 5/N 18TH ST/S 18TH ST,Collision with fixed object:  Utility pole/light support,Outside trafficway,Non-collision (single vehicle),Equipment failure,None Indicated,,Dark - roadway lighted,Dry,Clear,None apparent,Intersection:  Four-way intersection,Paved,,Property Damage Only,0,0,0,0,0,0,7342,1,1,,POINT (-92.86795456079 40.732508116329)
2014795164,14-003039,04/11/2014,04-April,6-Friday,12:59,1200 Hours,District 6 (East Central),INDEPENDENCE,BUCHANAN,IA 150,IA 150/1ST ST E/5TH AVE NE & 5TH AVE SE,Collision with:  Vehicle in traffic,On Roadway,Broadside (front to side),FTYROW:  From driveway,None Indicated,,Daylight,Dry,Clear,None apparent,Non-intersection:  Driveway access (within),Paved,,Property Damage Only,0,0,0,0,0,0,2500,2,3,,POINT (-91.889359818565 42.468717014393)
2014794660,20140009677,04/11/2014,04-April,6-Friday,16:10,1600 Hours,District 1 (Central),DES MOINES,POLK,US 6,US 6/E EUCLID AVE/FREDERICK M HUBBELL AVE,Collision with:  Vehicle in traffic,On Roadway,Broadside (front to side),FTYROW:  From driveway,None Indicated,,Daylight,Dry,Clear,None apparent,Non-intersection:  Driveway access (within),Paved,,Property Damage Only,0,0,0,0,0,0,2400,2,5,,POINT (-93.547235509267 41.627752813497)
2014796158,14-000433,04/11/2014,04-April,6-Friday,14:13,1400 Hours,District 1 (Central),,STORY,,Co Rd E41/LINCOLN HWY & Co Rd S27/650TH AVE,Collision with fixed object:  Other fixed object (explain in narrative),On Roadway,Non-collision (single vehicle),Disregarded RR Signal,None Indicated,,Daylight,Dry,Clear,None apparent,Non-intersection:  Railroad grade crossing,Paved,,Property Damage Only,0,0,0,0,0,0,4000,1,1,,POINT (-93.405684873208 42.022590279783)
2014834972,,04/11/2014,04-April,6-Friday,16:15,1600 Hours,District 5 (Southeast),PLEASANTVILLE,MARION,IA 5,IA 5/IOWA 5,Collision with:  Vehicle in traffic,On Roadway,"Sideswipe, same direction",FTYROW:  Other (explain in narrative),None Indicated,,Daylight,Dry,Cloudy,None apparent,Non-intersection:  Non-junction/no special feature,Paved,,Property Damage Only,0,0,0,0,0,0,3039,2,4,,POINT (-93.280988927569 41.3921319336)
2014794472,,04/11/2014,04-April,6-Friday,07:15,0700 Hours,District 6 (East Central),BELLEVUE,JACKSON,,VINE ST & S 2ND ST,Collision with:  Vehicle in traffic,On Roadway,Broadside (front to side),FTYROW:  Other (explain in narrative),None Indicated,,Daylight,Dry,Clear,,Intersection:  Other intersection (explain in narrative),Paved,,Property Damage Only,0,0,0,0,0,0,3000,2,2,,POINT (-90.422506008092 42.254269339778)
2014794748,2014-22151,04/11/2014,04-April,6-Friday,16:27,1600 Hours,District 6 (East Central),DAVENPORT,SCOTT,,E 53RD ST,Collision with:  Vehicle in traffic,On Roadway,Rear-end (front to rear),Other (explain in narrative):  Other,None Indicated,,Daylight,Dry,Clear,None apparent,Non-intersection:  Non-junction/no special feature,Paved,,Property Damage Only,0,0,0,0,0,0,2500,2,2,,POINT (-90.552520248337 41.574714888703)
2014794986,,04/11/2014,04-April,6-Friday,20:02,2000 Hours,District 4 (Southwest),,AUDUBON,,Co Rd F58/LITTLEFIELD DR,Collision with:  Animal,On Roadway,Non-collision (single vehicle),Animal,None Indicated,,Dark - roadway not lighted,Dry,Cloudy,Obstruction in roadway,Non-intersection:  Non-junction/no special feature,Paved,,Property Damage Only,0,0,0,0,0,0,5000,1,4,,POINT (-94.758117267905 41.540366530338)
2014801723,14-03194,04/11/2014,04-April,6-Friday,15:25,1500 Hours,District 5 (Southeast),MOUNT PLEASANT,HENRY,,S ADAMS ST,Collision with:  Vehicle in traffic,On Roadway,"Sideswipe, same direction",Improper Backing,None Indicated,,Daylight,Dry,Clear,Non-highway work,Intersection:  Four-way intersection,Paved,,Property Damage Only,0,0,0,0,0,0,4500,2,1,,POINT (-91.553180695297 40.95678832652)
2014794781,14-10897,04/11/2014,04-April,6-Friday,21:25,2100 Hours,District 3 (Northwest),SIOUX CITY,WOODBURY,,W 26TH ST & WEST ST,Collision with fixed object:  Concrete traffic barrier (median or right side),On Roadway,Non-collision (single vehicle),Ran off road - straight,None Indicated,,Dark - roadway lighted,Dry,Clear,None apparent,Non-intersection:  Non-junction/no special feature,Paved,,Property Damage Only,0,0,0,0,0,0,3000,1,5,,POINT (-96.430502512087 42.516461884168)
2014795147,,04/11/2014,04-April,6-Friday,17:23,1700 Hours,District 5 (Southeast),WILTON,MUSCATINE,,E 5TH ST & WALNUT ST,Collision with:  Vehicle in traffic,On Roadway,Rear-end (front to rear),FTYROW:  Other (explain in narrative),None Indicated,,Daylight,Dry,Cloudy,None apparent,Non-intersection:  Non-junction/no special feature,Paved,,Possible/Unknown,0,2,0,0,2,0,18000,2,3,,POINT (-91.0140812575 41.589841464113)
2014794581,2014003874,04/11/2014,04-April,6-Friday,07:55,0700 Hours,District 6 (East Central),IOWA CITY,JOHNSON,US 6,US 6/S RIVERSIDE DR & MYRTLE AVE,Collision with:  Vehicle in traffic,On Roadway,"Sideswipe, same direction",Other (explain in narrative):  Other,None Indicated,,Daylight,Dry,Clear,None apparent,Intersection:  T-intersection,Paved,,Property Damage Only,0,0,0,0,0,0,2500,2,2,,POINT (-91.540452745457 41.653672864593)
2014794655,14-001599,04/11/2014,04-April,6-Friday,23:15,2300 Hours,District 1 (Central),ANKENY,POLK,,SE BELMONT DR,Collision with:  Parked motor vehicle,On Roadway,Unknown,Improper Backing,None Indicated,,Dark - roadway lighted,Dry,Clear,None apparent,Non-intersection:  Non-junction/no special feature,Paved,,Property Damage Only,0,0,0,0,0,0,1500,2,2,,POINT (-93.597746701399 41.719337892116)
2014850934,041120140125,04/11/2014,04-April,6-Friday,01:25,0100 Hours,District 5 (Southeast),,LOUISA,,Co Rd X37/COUNTY RD X 37 & P AVE,Collision with:  Animal,,,Animal,None Indicated,,,,,,,Paved,,Property Damage Only,0,0,0,0,0,0,1501,1,1,,POINT (-91.30315352998 41.221660013261)
2014795279,,04/11/2014,04-April,6-Friday,13:23,1300 Hours,District 2 (Northeast),CHARLES CITY,FLOYD,,FERGUSON ST & MILWAUKEE ST,Collision with:  Vehicle in traffic,On Roadway,Broadside (front to side),FTYROW:  From stop sign,None Indicated,,Daylight,Dry,Clear,None apparent,Intersection:  Four-way intersection,Paved,,Property Damage Only,0,0,0,0,0,0,4500,2,5,,POINT (-92.67470173454 43.068644151279)
2014794780,14-10882,04/11/2014,04-April,6-Friday,18:50,1800 Hours,District 3 (Northwest),SIOUX CITY,WOODBURY,,14TH ST & JACKSON ST,Collision with:  Vehicle in traffic,On Roadway,Broadside (front to side),Ran Traffic Signal,None Indicated,,Daylight,Dry,Clear,None apparent,Intersection:  Four-way intersection,Paved,,Property Damage Only,0,0,0,0,0,0,2800,2,4,,POINT (-96.402081348417 42.505028026838)
2014794421,20140009635,04/11/2014,04-April,6-Friday,10:55,1000 Hours,District 1 (Central),DES MOINES,POLK,,SCHOOL ST & 6TH AVE,Collision with:  Vehicle in traffic,On Roadway,Rear-end (front to rear),Other (explain in narrative):  Other,None Indicated,,Daylight,Dry,Clear,None apparent,Intersection:  Other intersection (explain in narrative),Paved,,Property Damage Only,0,0,0,0,0,0,3000,2,2,,POINT (-93.625685137946 41.59518782098)
2014850903,14-002625,04/11/2014,04-April,6-Friday,17:35,1700 Hours,District 5 (Southeast),,LOUISA,,L AVE,Non-collision events:  Overturn/rollover,Roadside,Non-collision (single vehicle),Ran off road - right,None Indicated,,Daylight,"Mud, dirt",Clear,None apparent,Non-intersection:  Non-junction/no special feature,Unpaved,,Minor Injury,0,1,0,1,0,0,5200,1,2,,POINT (-91.218570166273 41.295061395673)
2014794441,14-013952,04/11/2014,04-April,6-Friday,02:39,0200 Hours,District 4 (Southwest),COUNCIL BLUFFS,POTTAWATTAMIE,I-80,I-80,Collision with fixed object:  Bridge overhead structure,On Roadway,Non-collision (single vehicle),Lost Control,Alcohol (Statutory),,Dark - roadway lighted,Dry,Clear,None apparent,Non-intersection:  Other non-intersection (explain in narrative),Paved,,Possible/Unknown,0,1,0,0,1,0,15000,1,1,,POINT (-95.82503401412 41.239586033539)
2014795312,2014003891,04/11/2014,04-April,6-Friday,17:08,1700 Hours,District 6 (East Central),IOWA CITY,JOHNSON,IA 1,IA 1/DODGE ST,Collision with:  Vehicle in traffic,On Roadway,"Sideswipe, same direction",Unknown,None Indicated,,Daylight,Dry,Cloudy,None apparent,Intersection:  Four-way intersection,Paved,,Property Damage Only,0,0,0,0,0,0,2000,2,4,,POINT (-91.525712514539 41.665463822324)
2014794912,14-4096,04/11/2014,04-April,6-Friday,21:30,2100 Hours,District 3 (Northwest),,SIOUX,US 18,US 18/310TH ST,Collision with:  Animal,,,Animal,None Indicated,,,,,,,Paved,,Property Damage Only,0,0,0,0,0,0,4000,1,1,,POINT (-96.382634487655 43.199615706009)
2014794931,S14-3487,04/11/2014,04-April,6-Friday,06:49,0600 Hours,District 3 (Northwest),MOVILLE,WOODBURY,US 20,US 20,Collision with:  Animal,,,Animal,None Indicated,,,,,,,Paved,,Property Damage Only,0,0,0,0,0,0,5000,1,1,,POINT (-96.140119546942 42.474954577938)