Iowa DOT Case Number,Law Enforcement Case Number,Date of Crash,Month of Crash,Day of Week,Time of Crash,Hour,DOT District,City Name,County Name,Route with System,Location Description,First Harmful Event,Location of First Harmful Event,Manner of Crash/Collision,Major Cause,Drug or Alcohol ,Environmental Conditions,Light Conditions,Surface Conditions,Weather Conditions,Roadway Contribution,Roadway Type,Roadway Surface,Work Zone,Crash Severity,Number of Fatalities,Number of Injuries,Number of Major Injuries,Number of Minor Injuries,Number of Possible Injuries,Number of Unknown Injuries,Amount of Property Damage,Number of Vehicles Involved,Total Number of Occupants,Travel Direction,Location
2014795363,14-001236,04/13/2014,04-April,1-Sunday,12:25,1200 Hours,District 4 (Southwest),CARTER LAKE,POTTAWATTAMIE,,FRONTAGE RD,Collision with fixed object:  Utility pole/light support,On Roadway,Non-collision (single vehicle),Other (explain in narrative):  No improper action,None Indicated,,Daylight,Wet,Rain,None apparent,Non-intersection:  Non-junction/no special feature,Paved,,Possible/Unknown,0,1,0,0,1,0,10000,1,4,,POINT (-95.91678151898 41.276140780551)
2014795713,,04/13/2014,04-April,1-Sunday,17:30,1700 Hours,District 3 (Northwest),LAURENS,POCAHONTAS,,SECTION LINE RD & 1ST ST & N 1ST ST,Collision with:  Vehicle in traffic,On Roadway,Broadside (front to side),Ran Stop Sign,None Indicated,,Daylight,Wet,Snow,None apparent,Intersection:  Four-way intersection,Paved,,Property Damage Only,0,0,0,0,0,0,3000,2,2,,POINT (-94.848592342402 42.849890289659)
2014794551,01-14-15352,04/13/2014,04-April,1-Sunday,19:53,1900 Hours,District 6 (East Central),DUBUQUE,DUBUQUE,US 52,US 52/CENTRAL AVE,Collision with:  Vehicle in traffic,On Roadway,Head-on (front to front),Lost Control,Alcohol (Statutory),,Dark - roadway lighted,Wet,Rain,"Surface condition (e.g., wet, icy)",Non-intersection:  Non-junction/no special feature,Paved,,Minor Injury,0,1,0,1,0,0,19000,3,1,,POINT (-90.681414845256 42.525934443551)
2014794627,14007434,04/13/2014,04-April,1-Sunday,09:44,0900 Hours,District 6 (East Central),MARION,LINN,,7TH AVE,Collision with:  Vehicle in traffic,On Roadway,Broadside (front to side),Other (explain in narrative):  Vision obstructed,None Indicated,,Daylight,Wet,Cloudy,None apparent,Non-intersection:  Non-junction/no special feature,Paved,,Possible/Unknown,0,1,0,0,1,0,10000,2,3,,POINT (-91.578628724881 42.034094925081)
2014795183,14-12271,04/13/2014,04-April,1-Sunday,18:01,1800 Hours,District 5 (Southeast),BURLINGTON,DES MOINES,,BARRET ST & MAIN ST,Collision with:  Vehicle in traffic,On Roadway,Broadside (front to side),Other (explain in narrative):  Vision obstructed,None Indicated,,Daylight,Wet,Rain,None apparent,Non-intersection:  Non-junction/no special feature,Paved,,Property Damage Only,0,0,0,0,0,0,5000,2,3,,POINT (-91.098616071937 40.790884870755)
2014795181,14-12251,04/13/2014,04-April,1-Sunday,12:05,1200 Hours,District 5 (Southeast),,DES MOINES,US 61,US 61 & FLINT BOTTOM RD & UPPER FLINT RD,Collision with:  Vehicle in traffic,On Roadway,Broadside (front to side),FTYROW:  From stop sign,None Indicated,,Daylight,Wet,Cloudy,None apparent,Intersection:  Four-way intersection,Paved,,Possible/Unknown,0,3,0,0,3,0,8000,2,4,,POINT (-91.156879201366 40.855173581212)
2014794646,SO14000866,04/13/2014,04-April,1-Sunday,18:43,1800 Hours,District 3 (Northwest),,PLYMOUTH,,Co Rd C38/C38,Non-collision events:  Overturn/rollover,Outside trafficway,Non-collision (single vehicle),Ran off road - right,None Indicated,,Daylight,Slush,Cloudy,"Surface condition (e.g., wet, icy)",Non-intersection:  Non-junction/no special feature,Paved,,Minor Injury,0,1,0,1,0,0,5000,1,1,,POINT (-96.326106768047 42.749596251786)
2014796445,2014003979,04/13/2014,04-April,1-Sunday,11:12,1100 Hours,District 6 (East Central),IOWA CITY,JOHNSON,,,Collision with:  Vehicle in traffic,On Roadway,Broadside (front to side),Unknown,None Indicated,,Daylight,Wet,Rain,None apparent,Intersection:  Four-way intersection,,,Property Damage Only,0,0,0,0,0,0,6200,2,3,,POINT (-96.643700149993 40.233091251414)
2014794859,14074,04/13/2014,04-April,1-Sunday,09:25,0900 Hours,District 5 (Southeast),PELLA,MARION,,FRANKLIN ST & E 3RD ST,Collision with:  Vehicle in traffic,On Roadway,Broadside (front to side),Ran Stop Sign,None Indicated,,Daylight,Wet,Rain,None apparent,Intersection:  Four-way intersection,Paved,,Property Damage Only,0,0,0,0,0,0,12500,2,2,,POINT (-92.911261278604 41.406699840466)
2014794832,14005063,04/13/2014,04-April,1-Sunday,18:00,1800 Hours,District 3 (Northwest),,CLAY,,Co Rd M54/350TH ST,Non-collision events:  Overturn/rollover,Shoulder,Non-collision (single vehicle),Ran off road - right,None Indicated,,Daylight,Ice/frost,Snow,"Surface condition (e.g., wet, icy)",Non-intersection:  Non-junction/no special feature,Paved,,Property Damage Only,0,0,0,0,0,0,5000,1,2,,POINT (-95.038960334175 43.141038727015)
2014794971,2014022955,04/13/2014,04-April,1-Sunday,12:35,1200 Hours,District 1 (Central),,POLK,I-35,I-35,Collision with fixed object:  Traffic sign support,Roadside,Non-collision (single vehicle),Driving too fast for conditions,None Indicated,,Daylight,Wet,Rain,None apparent,"Interchange-related:  Off-ramp, diverge area",Paved,,Property Damage Only,0,0,0,0,0,0,1700,1,2,,POINT (-93.576129437676 41.655840126847)
2014794669,20140009859,04/13/2014,04-April,1-Sunday,15:12,1500 Hours,District 1 (Central),DES MOINES,POLK,US 69,US 69/E 14TH ST,Collision with:  Vehicle in traffic,On Roadway,Rear-end (front to rear),Followed too close,None Indicated,,Daylight,Wet,Rain,None apparent,Intersection:  Four-way intersection,Paved,,Possible/Unknown,0,1,0,0,1,0,1250,2,6,,POINT (-93.600425321965 41.601429425425)
2014794699,14-0778,04/13/2014,04-April,1-Sunday,17:44,1700 Hours,District 1 (Central),URBANDALE,POLK,I-35,I-35,Collision with fixed object:  Curb/island/raised median,On Roadway,Non-collision (single vehicle),Driving too fast for conditions,None Indicated,,Daylight,Wet,Rain,"Surface condition (e.g., wet, icy)",Non-intersection:  Non-junction/no special feature,Paved,,Property Damage Only,0,0,0,0,0,0,5000,1,2,,POINT (-93.777009751879 41.643759061404)
2014794996,,04/13/2014,04-April,1-Sunday,22:30,2200 Hours,District 6 (East Central),DURANGO,DUBUQUE,,HALES MILL RD & CEDAR RIDGE RD,Collision with:  Other non-fixed object (explain in narrative),On Roadway,Non-collision (single vehicle),Other (explain in narrative):  No improper action,None Indicated,,Dark - roadway not lighted,Wet,Rain,Debris,Non-intersection:  Non-junction/no special feature,Paved,,Property Damage Only,0,0,0,0,0,0,1500,1,1,,POINT (-90.776959708215 42.544173159864)
2014795832,14-001850,04/13/2014,04-April,1-Sunday,22:40,2200 Hours,District 1 (Central),AMES,STORY,,24TH ST,Collision with:  Vehicle in traffic,On Roadway,Rear-end (front to rear),Ran off road - left,None Indicated,,Dark - roadway lighted,Wet,"Sleet, hail",None apparent,Non-intersection:  Non-junction/no special feature,Paved,,Property Damage Only,0,0,0,0,0,0,2700,2,1,,POINT (-93.631848760148 42.045534572646)
2014794864,14-002310,04/13/2014,04-April,1-Sunday,15:40,1500 Hours,District 3 (Northwest),,MONONA,,Co Rd E24/160TH ST,Collision with:  Vehicle in traffic,Unknown,Rear-end (front to rear),Ran off road - right,None Indicated,,Daylight,Slush,Snow,None apparent,Non-intersection:  Non-junction/no special feature,Paved,,Possible/Unknown,0,1,0,0,1,0,10000,2,3,,POINT (-96.196507975062 42.127742811197)
2014794536,140912,04/13/2014,04-April,1-Sunday,16:20,1600 Hours,District 3 (Northwest),DENISON,CRAWFORD,US 30,US 30,Collision with fixed object:  Ditch,On Roadway,Non-collision (single vehicle),Lost Control,None Indicated,,Daylight,Wet,Rain,None apparent,Interchange-related:  On-ramp merge area,Paved,,Property Damage Only,0,0,0,0,0,0,5000,1,3,,POINT (-95.367882984033 42.004677870201)
2014795132,2014022989,04/13/2014,04-April,1-Sunday,15:54,1500 Hours,District 5 (Southeast),,WARREN,I-35,I-35,Collision with fixed object:  Other fixed object (explain in narrative),Median,Non-collision (single vehicle),Driving too fast for conditions,None Indicated,,Daylight,Wet,Rain,None apparent,Non-intersection:  Non-junction/no special feature,Paved,,Property Damage Only,0,0,0,0,0,0,3700,1,3,,POINT (-93.780830387551 41.235506816123)
2014794509,W14-035808,04/13/2014,04-April,1-Sunday,00:05,0000 Hours,District 2 (Northeast),WATERLOO,BLACK HAWK,,REBER AVE,Collision with:  Parked motor vehicle,Roadside,Rear-end (front to rear),Other (explain in narrative):  Other,Refused,,Dark - roadway not lighted,Wet,Rain,None apparent,Non-intersection:  Non-junction/no special feature,Paved,,Property Damage Only,0,0,0,0,0,0,6000,2,1,,POINT (-92.364390529747 42.487582835465)
2014794862,1400000312,04/13/2014,04-April,1-Sunday,18:07,1800 Hours,District 1 (Central),,MARSHALL,IA 146,IA 146/ZELLER AVE,Non-collision events:  Overturn/rollover,On Roadway,Non-collision (single vehicle),Driving too fast for conditions,None Indicated,,Daylight,Wet,Rain,None apparent,Non-intersection:  Non-junction/no special feature,Paved,,Possible/Unknown,0,1,0,0,1,0,5000,1,1,,POINT (-92.785295586455 41.900452857976)
2014794619,201405144,04/13/2014,04-April,1-Sunday,01:42,0100 Hours,District 6 (East Central),CEDAR RAPIDS,LINN,IA 922,IA 922/1ST AVE W & 3RD AVE SW CONN,Collision with fixed object:  Utility pole/light support,On Roadway,Non-collision (single vehicle),Lost Control,Alcohol (Statutory),,Dark - roadway lighted,Wet,Rain,None apparent,Non-intersection:  Non-junction/no special feature,Paved,,Property Damage Only,0,0,0,0,0,0,11000,1,1,,POINT (-91.688286970805 41.971166994504)
2014798184,2014023012,04/13/2014,04-April,1-Sunday,17:46,1700 Hours,District 1 (Central),,JASPER,I-80,I-80,Collision with fixed object:  Guardrail - face,Shoulder,Non-collision (single vehicle),Driving too fast for conditions,None Indicated,,Daylight,Wet,Rain,"Surface condition (e.g., wet, icy)",Non-intersection:  Non-junction/no special feature,Paved,,Property Damage Only,0,0,0,0,0,0,10400,1,2,,POINT (-92.783623598771 41.695360817793)
2014794732,14-014338,04/13/2014,04-April,1-Sunday,18:09,1800 Hours,District 4 (Southwest),COUNCIL BLUFFS,POTTAWATTAMIE,I-29,I-29,Collision with fixed object:  Guardrail - face,Shoulder,Non-collision (single vehicle),Exceeded authorized speed,None Indicated,,Daylight,Wet,Rain,Work Zone (roadway-related),Non-intersection:  Non-junction/no special feature,Paved,Yes,Property Damage Only,0,0,0,0,0,0,15000,1,1,,POINT (-95.890088211893 41.232602481069)
2014794542,14-12273,04/13/2014,04-April,1-Sunday,18:04,1800 Hours,District 5 (Southeast),BURLINGTON,DES MOINES,,MAIN ST & JEFFERSON ST,Collision with:  Vehicle in traffic,On Roadway,"Sideswipe, same direction",Made improper turn,None Indicated,,Daylight,Wet,Rain,None apparent,Non-intersection:  Non-junction/no special feature,Paved,,Property Damage Only,0,0,0,0,0,0,2000,2,2,,POINT (-91.101539760325 40.809732347502)
2014795160,14-035954,04/13/2014,04-April,1-Sunday,14:05,1400 Hours,District 2 (Northeast),,BLACK HAWK,,Co Rd C57/W CEDAR-WAPSI RD & BURTON AVE,Collision with fixed object:  Ditch,Shoulder,Non-collision (single vehicle),Crossed centerline (undivided),None Indicated,,Daylight,Wet,Rain,None apparent,Non-intersection:  Non-junction/no special feature,Paved,,Property Damage Only,0,0,0,0,0,0,4500,1,5,,POINT (-92.357336163015 42.614317437346)
2014794973,2014023005,04/13/2014,04-April,1-Sunday,16:15,1600 Hours,District 3 (Northwest),,PLYMOUTH,,Co Rd C38/C38,Collision with fixed object:  Ditch,On Roadway,Non-collision (single vehicle),Driving too fast for conditions,None Indicated,,Daylight,Snow,Snow,"Surface condition (e.g., wet, icy)",Non-intersection:  Non-junction/no special feature,Paved,,Property Damage Only,0,0,0,0,0,0,2000,1,1,,POINT (-96.185879171008 42.74971527668)
2014794793,14-11109,04/13/2014,04-April,1-Sunday,17:38,1700 Hours,District 3 (Northwest),SIOUX CITY,WOODBURY,,SINGING HILLS BLVD,Collision with fixed object:  Utility pole/light support,On Roadway,Non-collision (single vehicle),Ran off road - left,None Indicated,,Daylight,Snow,Snow,"Surface condition (e.g., wet, icy)",Non-intersection:  Non-junction/no special feature,Paved,,Property Damage Only,0,0,0,0,0,0,12000,1,1,,POINT (-96.359423087149 42.438618727357)
2014794695,20140009836,04/13/2014,04-April,1-Sunday,08:13,0800 Hours,District 1 (Central),DES MOINES,POLK,,VANDALIA RD,Collision with:  Parked motor vehicle,Outside trafficway,"Sideswipe, same direction","Operating vehicle in an reckless, erratic, careless, negligent manner",Alcohol (Statutory),,Daylight,Wet,Rain,None apparent,Non-intersection:  Driveway access (within),Paved,,Property Damage Only,0,0,0,0,0,0,21000,3,1,,POINT (-93.543921825182 41.569122331406)
2014794795,14-11114,04/13/2014,04-April,1-Sunday,18:28,1800 Hours,District 3 (Northwest),SIOUX CITY,WOODBURY,,W 24TH ST & HAMILTON BLVD,Collision with:  Vehicle in traffic,On Roadway,Broadside (front to side),Ran Traffic Signal,None Indicated,,Daylight,Wet,Snow,None apparent,Intersection:  Four-way intersection,Paved,,Property Damage Only,0,0,0,0,0,0,3500,2,5,,POINT (-96.416828398379 42.515250072249)
2014794691,20140009824,04/13/2014,04-April,1-Sunday,02:32,0200 Hours,District 1 (Central),DES MOINES,POLK,,SW 9TH ST,Collision with fixed object:  Utility pole/light support,On Roadway,Non-collision (single vehicle),Ran off road - right,Alcohol (Statutory),,Dark - roadway lighted,Wet,Clear,None apparent,Non-intersection:  Non-junction/no special feature,Paved,,Property Damage Only,0,0,0,0,0,0,8500,1,1,,POINT (-93.624457905149 41.574919160128)
2014794790,14-11096,04/13/2014,04-April,1-Sunday,15:36,1500 Hours,District 3 (Northwest),SIOUX CITY,WOODBURY,US 20,US 20,Non-collision events:  Jackknife,On Roadway,Non-collision (single vehicle),Ran off road - right,None Indicated,,Daylight,Snow,Snow,"Surface condition (e.g., wet, icy)",Non-intersection:  Non-junction/no special feature,Paved,,Possible/Unknown,0,1,0,0,1,0,10000,1,1,,POINT (-96.335991179929 42.448578554945)
2014826612,14-008220,04/13/2014,04-April,1-Sunday,12:53,1200 Hours,District 5 (Southeast),,MAHASKA,IA 92,IA 92/IOWA 92,Collision with fixed object:  Ditch,On Roadway,Non-collision (single vehicle),Crossed centerline (undivided),None Indicated,,Daylight,Wet,Rain,None apparent,Non-intersection:  Non-junction/no special feature,Paved,,Possible/Unknown,0,1,0,0,1,0,3000,1,4,,POINT (-92.738219314791 41.288165403449)
2014794633,14008188,04/13/2014,04-April,1-Sunday,00:19,0000 Hours,District 5 (Southeast),OSKALOOSA,MAHASKA,US 63,US 63 & LYNN AVE,Collision with:  Vehicle in traffic,On Roadway,"Sideswipe, same direction",Other (explain in narrative):  Other,None Indicated,,Dark - roadway not lighted,Wet,Rain,None apparent,Intersection:  Other intersection (explain in narrative),Paved,,Property Damage Only,0,0,0,0,0,0,30020,2,4,,POINT (-92.640883941239 41.24962880018)
2014795663,2014-07604,04/13/2014,04-April,1-Sunday,15:59,1500 Hours,District 5 (Southeast),,WARREN,I-35,I-35,Collision with fixed object:  Other fixed object (explain in narrative),On Roadway,Non-collision (single vehicle),Driving too fast for conditions,None Indicated,,Daylight,Wet,Rain,None apparent,Non-intersection:  Non-junction/no special feature,Paved,,Possible/Unknown,0,1,0,0,0,1,6000,1,2,,POINT (-93.780791660303 41.233255139574)
2014795136,2014023056,04/13/2014,04-April,1-Sunday,22:50,2200 Hours,District 4 (Southwest),,POTTAWATTAMIE,I-29,I-29,Collision with:  Vehicle in traffic,On Roadway,"Sideswipe, same direction",Lost Control,None Indicated,,Dark - roadway not lighted,Slush,Snow,"Surface condition (e.g., wet, icy)",Non-intersection:  Other non-intersection (explain in narrative),Paved,,Property Damage Only,0,0,0,0,0,0,7000,2,5,,POINT (-95.900251278616 41.423963314486)
2014796699,2014022972,04/13/2014,04-April,1-Sunday,14:33,1400 Hours,District 1 (Central),DES MOINES,POLK,I-235,I-235,Collision with fixed object:  Concrete traffic barrier (median or right side),On Roadway,Non-collision (single vehicle),Ran off road - left,None Indicated,,Daylight,Wet,Rain,None apparent,Non-intersection:  Non-junction/no special feature,Paved,,Property Damage Only,0,0,0,0,0,0,2000,1,1,,POINT (-93.62294307768 41.595779173794)
2014794707,14-1717,04/13/2014,04-April,1-Sunday,18:26,1800 Hours,District 1 (Central),WEST DES MOINES,POLK,I-235,I-235,Collision with:  Vehicle in traffic,On Roadway,Rear-end (front to rear),Other (explain in narrative):  No improper action,None Indicated,,Daylight,Wet,Rain,None apparent,Non-intersection:  Non-junction/no special feature,Paved,,Property Damage Only,0,0,0,0,0,0,1600,2,3,,POINT (-93.724067473168 41.593358296449)
2014794712,14-000759,04/13/2014,04-April,1-Sunday,14:00,1400 Hours,District 1 (Central),ALTOONA,POLK,,5TH AVE SW,Collision with:  Vehicle in traffic,On Roadway,Rear-end (front to rear),Unknown,None Indicated,,Daylight,Wet,Rain,"Surface condition (e.g., wet, icy)",Intersection:  T-intersection,Paved,,Property Damage Only,0,0,0,0,0,0,1500,2,2,,POINT (-93.469300220907 41.649390425058)
2014795440,CL14001078,04/13/2014,04-April,1-Sunday,13:30,1300 Hours,District 6 (East Central),CLINTON,CLINTON,US 67,US 67/N 3RD ST,Collision with:  Vehicle in traffic,On Roadway,"Angle, oncoming left turn",Made improper turn,None Indicated,,Daylight,Wet,Rain,None apparent,Intersection:  Four-way intersection,Paved,,Possible/Unknown,0,1,0,0,1,0,500,2,2,,POINT (-90.183436222735 41.873485926971)
2014794689,20140009812,04/13/2014,04-April,1-Sunday,00:10,0000 Hours,District 1 (Central),DES MOINES,POLK,,1ST ST,Collision with:  Vehicle in traffic,On Roadway,"Angle, oncoming left turn",FTYROW:  Making left turn,None Indicated,,Dark - roadway lighted,Wet,Rain,None apparent,Non-intersection:  Driveway access (within),Paved,,Property Damage Only,0,0,0,0,0,0,1500,2,6,,POINT (-93.618736865505 41.622724467536)
2014794842,2014003996,04/13/2014,04-April,1-Sunday,21:14,2100 Hours,District 6 (East Central),IOWA CITY,JOHNSON,,IOWA AVE & S MADISON ST & N MADISON ST,Collision with:  Vehicle in traffic,On Roadway,Broadside (front to side),Ran Traffic Signal,None Indicated,,Dark - roadway lighted,Wet,Rain,None apparent,Intersection:  T-intersection,Paved,,Property Damage Only,0,0,0,0,0,0,4000,2,2,,POINT (-91.537698932083 41.661266666778)
2014794794,14-11113,04/13/2014,04-April,1-Sunday,18:09,1800 Hours,District 3 (Northwest),SIOUX CITY,WOODBURY,I-29,I-29,Collision with fixed object:  Guardrail - face,On Roadway,Non-collision (single vehicle),Ran off road - right,None Indicated,,Daylight,Slush,Snow,"Surface condition (e.g., wet, icy)",Non-intersection:  Non-junction/no special feature,Paved,,Property Damage Only,0,0,0,0,0,0,3500,1,3,,POINT (-96.379969380199 42.464397364169)
2014795102,2014-22623,04/13/2014,04-April,1-Sunday,15:41,1500 Hours,District 6 (East Central),DAVENPORT,SCOTT,,W 17TH ST & MARQUETTE ST,Collision with:  Vehicle in traffic,On Roadway,"Angle, oncoming left turn",Other (explain in narrative):  Other,None Indicated,,Daylight,Wet,Rain,None apparent,Non-intersection:  Non-junction/no special feature,Paved,,Possible/Unknown,0,1,0,0,1,0,6000,3,6,,POINT (-90.591407573496 41.537187314215)
2014794624,14007467,04/13/2014,04-April,1-Sunday,19:04,1900 Hours,District 6 (East Central),MARION,LINN,IA 100,IA 100/COLLINS RD SE & E POST RD,Collision with fixed object:  Utility pole/light support,Outside trafficway,Non-collision (single vehicle),"Operating vehicle in an reckless, erratic, careless, negligent manner",None Indicated,,Dusk,Wet,Rain,None apparent,Intersection:  Four-way intersection,Paved,,Major Injury,0,1,1,0,0,0,7000,1,1,,POINT (-91.599347790101 42.015364302084)
2014795703,2014022945,04/13/2014,04-April,1-Sunday,07:13,0700 Hours,District 6 (East Central),,IOWA,I-80,I-80,Collision with fixed object:  Guardrail - face,On Roadway,Non-collision (single vehicle),Ran off road - left,None Indicated,,Daylight,Wet,Cloudy,None apparent,Intersection:  Intersection with ramp,Paved,,Property Damage Only,0,0,0,0,0,0,9100,1,1,,POINT (-92.235475677413 41.695768673807)
2014794638,14-002306,04/13/2014,04-April,1-Sunday,15:40,1500 Hours,District 3 (Northwest),,MONONA,I-29,I-29,Collision with:  Vehicle in traffic,On Roadway,"Sideswipe, same direction",Lost Control,None Indicated,,Daylight,Slush,Snow,None apparent,Non-intersection:  Non-junction/no special feature,Paved,,Property Damage Only,0,0,0,0,0,0,4000,2,5,,POINT (-96.103655980489 41.942571494357)
2014794803,2014-0082,04/13/2014,04-April,1-Sunday,14:35,1400 Hours,District 5 (Southeast),CARLISLE,WARREN,,165TH PL & S 5TH ST,Non-collision events:  Other non-collision (explain in narrative),On Roadway,Non-collision (single vehicle),Over correcting/over steering,None Indicated,,Daylight,Wet,Rain,"Surface condition (e.g., wet, icy)",Non-intersection:  Non-junction/no special feature,Paved,,Minor Injury,0,2,0,2,0,0,3000,1,2,,POINT (-93.491231471155 41.48192493929)
2014795672,2014-07591,04/13/2014,04-April,1-Sunday,09:34,0900 Hours,District 5 (Southeast),INDIANOLA,WARREN,US 65,US 65/N JEFFERSON WAY,Collision with:  Vehicle in traffic,On Roadway,Broadside (front to side),FTYROW:  From driveway,None Indicated,,Daylight,Wet,Rain,None apparent,Non-intersection:  Driveway access (within),Paved,,Property Damage Only,0,0,0,0,0,0,3500,2,4,,POINT (-93.558427931039 41.372969695583)
2014794645,SO14000864,04/13/2014,04-April,1-Sunday,16:36,1600 Hours,District 3 (Northwest),,PLYMOUTH,,Co Rd C38/C38,Non-collision events:  Overturn/rollover,Outside trafficway,Non-collision (single vehicle),Ran off road - right,None Indicated,,Daylight,Slush,Snow,"Surface condition (e.g., wet, icy)",Non-intersection:  Non-junction/no special feature,Paved,,Major Injury,0,1,1,0,0,0,2000,1,4,,POINT (-96.026041467021 42.749867174166)
2014794671,20140009873,04/13/2014,04-April,1-Sunday,18:00,1800 Hours,District 1 (Central),DES MOINES,POLK,,SE 5TH ST,Non-collision events:  Other non-collision (explain in narrative),On Roadway,Non-collision (single vehicle),Ran off road - right,Under Influence of Alcohol/Drugs/Medications,,Daylight,Wet,Rain,None apparent,Non-intersection:  Non-junction/no special feature,Paved,,Minor Injury,0,1,0,1,0,0,7000,1,1,,POINT (-93.606382760441 41.51348688411)
2014810001,2014-001955,04/13/2014,04-April,1-Sunday,01:15,0100 Hours,District 6 (East Central),,BENTON,IA 150,IA 150/31 AVE,Collision with fixed object:  Ditch,Shoulder,Non-collision (single vehicle),Ran off road - right,Alcohol (Statutory),,Dark - roadway not lighted,Unknown,Unknown,Unknown,Non-intersection:  Non-junction/no special feature,Paved,,Possible/Unknown,0,1,0,0,1,0,4000,1,1,,POINT (-91.889629644336 42.29764342938)
2014794819,W14-036011,04/13/2014,04-April,1-Sunday,19:43,1900 Hours,District 2 (Northeast),WATERLOO,BLACK HAWK,,E SAN MARNAN DR & LA PORTE RD,Collision with:  Vehicle in traffic,On Roadway,"Sideswipe, opposite direction",Crossed centerline (undivided),Drug/Alcohol (Statutory),,Dusk,Wet,Rain,None apparent,Intersection:  Four-way intersection,Paved,,Possible/Unknown,0,1,0,0,1,0,3000,2,4,,POINT (-92.320901849908 42.467358405763)
2014794621,201405166,04/13/2014,04-April,1-Sunday,13:25,1300 Hours,District 6 (East Central),CEDAR RAPIDS,LINN,I-380,I-380,Collision with:  Vehicle in traffic,On Roadway,"Sideswipe, same direction",Lost Control,None Indicated,,Daylight,Wet,Cloudy,None apparent,Non-intersection:  Non-junction/no special feature,Paved,,Possible/Unknown,0,1,0,0,1,0,2000,2,4,,POINT (-91.666509317446 42.00323112828)
2014794769,14-0198,04/13/2014,04-April,1-Sunday,01:34,0100 Hours,District 1 (Central),HARCOURT,WEBSTER,US 169,US 169/360TH ST/LAINSON AVE & IA 175 & Co Rd P46,Collision with:  Vehicle in traffic,On Roadway,"Sideswipe, same direction","Operating vehicle in an reckless, erratic, careless, negligent manner",None Indicated,,Dark - roadway lighted,Wet,Rain,None apparent,Non-intersection:  Non-junction/no special feature,Paved,,Property Damage Only,0,0,0,0,0,0,5500,2,2,,POINT (-94.184345674518 42.26782272731)
2014795425,W14-036042,04/13/2014,04-April,1-Sunday,20:51,2000 Hours,District 2 (Northeast),WATERLOO,BLACK HAWK,,W 5TH ST & COMMERCIAL ST,Collision with:  Vehicle in traffic,On Roadway,"Sideswipe, same direction",Made improper turn,None Indicated,,Dark - roadway lighted,Wet,Rain,None apparent,Intersection:  Four-way intersection,Paved,,Property Damage Only,0,0,0,0,0,0,2500,2,2,,POINT (-92.338704544215 42.494453054483)
2014796700,2014023049,04/13/2014,04-April,1-Sunday,21:36,2100 Hours,District 1 (Central),,STORY,I-35,I-35,Collision with:  Parked motor vehicle,Outside trafficway,"Sideswipe, same direction",Other (explain in narrative):  Other,None Indicated,,Dark - roadway not lighted,Wet,Rain,None apparent,Non-intersection:  Non-junction/no special feature,Paved,,Property Damage Only,0,0,0,0,0,0,3600,2,2,,POINT (-93.570133888242 41.923133198242)
2014794878,20140009856,04/13/2014,04-April,1-Sunday,14:14,1400 Hours,District 1 (Central),DES MOINES,POLK,,PARK ST & 7TH ST,Collision with:  Vehicle in traffic,On Roadway,Broadside (front to side),Unknown,None Indicated,,Daylight,Wet,Rain,None apparent,Intersection:  Four-way intersection,Paved,,Property Damage Only,0,0,0,0,0,0,4000,2,5,,POINT (-93.626863905892 41.59052465502)
2014794974,2014023062,04/13/2014,04-April,1-Sunday,23:15,2300 Hours,District 3 (Northwest),,BUENA VISTA,IA 10,IA 10/460TH ST,Non-collision events:  Overturn/rollover,On Roadway,Non-collision (single vehicle),Driving too fast for conditions,None Indicated,,Dark - roadway not lighted,Snow,"Blowing sand, soil, dirt",None apparent,Non-intersection:  Non-junction/no special feature,Paved,,Property Damage Only,0,0,0,0,0,0,5000,1,2,,POINT (-95.116981385189 42.851012897208)
2014794867,14-002019,04/13/2014,04-April,1-Sunday,17:20,1700 Hours,District 3 (Northwest),,OBRIEN,US 59,US 59/470TH ST,Collision with:  Vehicle in traffic,On Roadway,"Sideswipe, opposite direction",Crossed centerline (undivided),None Indicated,,Daylight,Slush,Snow,None apparent,Non-intersection:  Non-junction/no special feature,Paved,,Major Injury,0,3,1,0,2,0,21000,3,7,,POINT (-95.591537196067 42.968214206872)
2014794647,14-2422,04/13/2014,04-April,1-Sunday,03:20,0300 Hours,District 1 (Central),,POLK,I-35,I-35,Collision with fixed object:  Guardrail - face,Shoulder,Non-collision (single vehicle),Ran off road - right,None Indicated,,Dark - unknown roadway lighting,Wet,Rain,None apparent,Interchange-related:  Off-ramp,Paved,,Property Damage Only,0,0,0,0,0,0,20931,1,1,,POINT (-93.619697707575 41.650353309792)
2014794734,14-014364,04/13/2014,04-April,1-Sunday,23:45,2300 Hours,District 4 (Southwest),COUNCIL BLUFFS,POTTAWATTAMIE,I-29,I-29,Non-collision events:  Other non-collision (explain in narrative),Shoulder,Non-collision (single vehicle),Ran off road - right,None Indicated,,Dark - roadway lighted,Snow,Snow,None apparent,Non-intersection:  Non-junction/no special feature,Paved,,Minor Injury,0,1,0,1,0,0,6000,1,1,,POINT (-95.906855360433 41.25423655813)