Iowa DOT Case Number,Law Enforcement Case Number,Date of Crash,Month of Crash,Day of Week,Time of Crash,Hour,DOT District,City Name,County Name,Route with System,Location Description,First Harmful Event,Location of First Harmful Event,Manner of Crash/Collision,Major Cause,Drug or Alcohol ,Environmental Conditions,Light Conditions,Surface Conditions,Weather Conditions,Roadway Contribution,Roadway Type,Roadway Surface,Work Zone,Crash Severity,Number of Fatalities,Number of Injuries,Number of Major Injuries,Number of Minor Injuries,Number of Possible Injuries,Number of Unknown Injuries,Amount of Property Damage,Number of Vehicles Involved,Total Number of Occupants,Travel Direction,Location
2014795833,14-001851,04/14/2014,04-April,2-Monday,07:57,0700 Hours,District 1 (Central),AMES,STORY,US 69,US 69/GRAND AVE & 20TH ST,Collision with:  Vehicle in traffic,On Roadway,Broadside (front to side),Ran Traffic Signal,None Indicated,,Daylight,Slush,Cloudy,None apparent,Intersection:  Four-way intersection,Paved,,Possible/Unknown,0,2,0,0,2,0,10000,2,2,,POINT (-93.620445009503 42.042102248167)
2014795008,14005698,04/14/2014,04-April,2-Monday,08:51,0800 Hours,District 2 (Northeast),MASON CITY,CERRO GORDO,,12TH ST NE,Non-collision events:  Overturn/rollover,On Roadway,Non-collision (single vehicle),Driving too fast for conditions,None Indicated,,Daylight,Ice/frost,Clear,"Surface condition (e.g., wet, icy)",Non-intersection:  Non-junction/no special feature,Paved,,Possible/Unknown,0,1,0,0,1,0,6000,1,1,,POINT (-93.132409919665 43.162671902068)
2014794888,14-000762,04/14/2014,04-April,2-Monday,07:43,0700 Hours,District 1 (Central),ALTOONA,POLK,,34TH AVE NW,Non-collision events:  Other non-collision (explain in narrative),On Roadway,Non-collision (single vehicle),Ran off road - right,None Indicated,,Daylight,Ice/frost,Cloudy,"Surface condition (e.g., wet, icy)",Non-intersection:  Other non-intersection (explain in narrative),Paved,,Major Injury,0,1,1,0,0,0,10000,1,1,,POINT (-93.503060632568 41.662145893948)
2014794754,2014-22817,04/14/2014,04-April,2-Monday,12:29,1200 Hours,District 6 (East Central),DAVENPORT,SCOTT,US 6,US 6/SPRUCE HILLS DR,Collision with:  Vehicle in traffic,On Roadway,Rear-end (front to rear),Followed too close,None Indicated,,Daylight,Wet,Snow,None apparent,Non-intersection:  Non-junction/no special feature,Paved,,Possible/Unknown,0,1,0,0,1,0,5200,3,3,,POINT (-90.526481518894 41.554919811142)
2014794894,14-014400,04/14/2014,04-April,2-Monday,07:15,0700 Hours,District 4 (Southwest),COUNCIL BLUFFS,POTTAWATTAMIE,,23RD AVE,Collision with:  Vehicle in traffic,On Roadway,"Sideswipe, opposite direction",Driving too fast for conditions,None Indicated,,Daylight,Ice/frost,Cloudy,"Surface condition (e.g., wet, icy)",Non-intersection:  Non-junction/no special feature,Paved,,Property Damage Only,0,0,0,0,0,0,5500,2,2,,POINT (-95.883749354587 41.240110722282)
2014795119,14-004027,04/14/2014,04-April,2-Monday,08:00,0800 Hours,District 1 (Central),,TAMA,US 63,US 63 & 385TH ST,Non-collision events:  Overturn/rollover,Shoulder,Non-collision (single vehicle),Ran off road - right,None Indicated,,Daylight,"Mud, dirt",Cloudy,"Shoulders (none, low, soft, high)",Non-intersection:  Non-junction/no special feature,Paved,,Property Damage Only,0,0,0,0,0,0,6000,1,1,,POINT (-92.581501234308 41.883966953799)
2014794680,20140009935,04/14/2014,04-April,2-Monday,12:15,1200 Hours,District 1 (Central),DES MOINES,POLK,I-235,I-235,Collision with fixed object:  Concrete traffic barrier (median or right side),On Roadway,Non-collision (single vehicle),Swerving/Evasive Action,None Indicated,,Daylight,Dry,Cloudy,None apparent,Non-intersection:  Non-junction/no special feature,Paved,,Property Damage Only,0,0,0,0,0,0,3500,1,1,,POINT (-93.657077169634 41.59311216368)
2014820440,2014-33-AC,04/14/2014,04-April,2-Monday,07:48,0700 Hours,District 3 (Northwest),WEST OKOBOJI,DICKINSON,IA 86,IA 86/IOWA 86,Collision with:  Vehicle in traffic,On Roadway,Rear-end (front to rear),Followed too close,None Indicated,,Daylight,Dry,Cloudy,None apparent,Non-intersection:  Non-junction/no special feature,Paved,,Property Damage Only,0,0,0,0,0,0,30000,2,4,,POINT (-95.179898747302 43.353668911971)
2014795087,2014-6866,04/14/2014,04-April,2-Monday,16:07,1600 Hours,District 6 (East Central),BETTENDORF,SCOTT,,KIMBERLY RD & SHADY LN,Collision with:  Vehicle in traffic,On Roadway,Broadside (front to side),FTYROW:  From stop sign,None Indicated,,Daylight,Dry,Cloudy,None apparent,Non-intersection:  Driveway access (within),Paved,,Property Damage Only,0,0,0,0,0,0,2100,2,2,,POINT (-90.522577068587 41.539741056177)
2014796846,,04/14/2014,04-April,2-Monday,00:06,0000 Hours,District 4 (Southwest),CRESTON,UNION,,W DEVOE ST & N SPRUCE ST,Collision with:  Parked motor vehicle,On Roadway,Head-on (front to front),Other (explain in narrative):  Other,None Indicated,,Dark - roadway lighted,Wet,"Sleet, hail",None apparent,Non-intersection:  Non-junction/no special feature,Paved,,Property Damage Only,0,0,0,0,0,0,6527,2,1,,POINT (-94.369686736945 41.066167203703)
2014794891,14-014391,04/14/2014,04-April,2-Monday,05:46,0500 Hours,District 4 (Southwest),COUNCIL BLUFFS,POTTAWATTAMIE,I-29,I-29 & IA 192/S EXPRESSWAY,Non-collision events:  Overturn/rollover,On Roadway,Non-collision (single vehicle),Driving too fast for conditions,Alcohol (Statutory),,Dark - roadway lighted,Ice/frost,Cloudy,"Surface condition (e.g., wet, icy)",Non-intersection:  Other non-intersection (explain in narrative),Paved,,Minor Injury,0,2,0,2,0,0,6676,1,1,,POINT (-95.851316731227 41.232110833706)
2014795720,E14-36437,04/14/2014,04-April,2-Monday,21:57,2100 Hours,District 2 (Northeast),EVANSDALE,BLACK HAWK,I-380,I-380,Collision with:  Vehicle in traffic,On Roadway,"Sideswipe, same direction",Swerving/Evasive Action,None Indicated,,Dark - roadway not lighted,Dry,Clear,None apparent,Non-intersection:  Non-junction/no special feature,Paved,,Property Damage Only,0,0,0,0,0,0,4000,2,2,,POINT (-92.28832519894 42.459956058541)
2014794851,14007517,04/14/2014,04-April,2-Monday,12:02,1200 Hours,District 6 (East Central),MARION,LINN,,7TH AVE & 10TH AVE & 35TH ST,Collision with:  Vehicle in traffic,On Roadway,"Angle, oncoming left turn",Made improper turn,None Indicated,,Daylight,Dry,Cloudy,None apparent,Intersection:  Four-way intersection,Paved,,Property Damage Only,0,0,0,0,0,0,4300,2,5,,POINT (-91.574322520288 42.035959853676)
2014794882,14-0779,04/14/2014,04-April,2-Monday,04:20,0400 Hours,District 1 (Central),URBANDALE,POLK,I-35,I-35,Non-collision events:  Jackknife,Median,Non-collision (single vehicle),Other (explain in narrative):  No improper action,None Indicated,,Dark - roadway lighted,Ice/frost,"Sleet, hail","Surface condition (e.g., wet, icy)",Interchange-related:  On-ramp merge area,Paved,,Possible/Unknown,0,1,0,0,1,0,36798,1,1,,POINT (-93.77217367505 41.650051604048)
2014794855,14008294,04/14/2014,04-April,2-Monday,14:25,1400 Hours,District 5 (Southeast),OSKALOOSA,MAHASKA,US 63,US 63/N MARKET ST & IA 92/A AVE W/A AVE E,Collision with:  Vehicle in traffic,On Roadway,Rear-end (front to rear),Followed too close,None Indicated,,Daylight,Dry,Cloudy,None apparent,Intersection:  Four-way intersection,Paved,,Possible/Unknown,0,2,0,0,2,0,550,2,2,,POINT (-92.645095465242 41.296239146548)
2014809960,142447PD,04/14/2014,04-April,2-Monday,18:10,1800 Hours,District 1 (Central),BOONE,BOONE,,GREENE ST,Collision with:  Parked motor vehicle,On Roadway,Rear-end (front to rear),Unknown,None Indicated,,Daylight,Dry,Clear,None apparent,Non-intersection:  Non-junction/no special feature,Paved,,Property Damage Only,0,0,0,0,0,0,7500,2,1,,POINT (-93.883477548606 42.073108414093)
2014795193,14001224,04/14/2014,04-April,2-Monday,18:00,1800 Hours,District 5 (Southeast),,WAPELLO,,Co Rd V41/180TH AVE/FARSON RD & WAPELLO-KEOKUK RD,Collision with:  Vehicle in traffic,On Roadway,Broadside (front to side),Ran Stop Sign,None Indicated,,Daylight,Dry,Clear,None apparent,Intersection:  Four-way intersection,Paved,,Possible/Unknown,0,3,0,0,3,0,10000,2,3,,POINT (-92.256654646192 41.162422214077)
2014796801,2014-22945,04/14/2014,04-April,2-Monday,21:42,2100 Hours,District 6 (East Central),DAVENPORT,SCOTT,,W 53RD ST & NORTHWEST BLVD,Collision with:  Vehicle in traffic,On Roadway,"Angle, oncoming left turn",FTYROW:  Making left turn,None Indicated,,Dark - roadway lighted,Dry,Clear,None apparent,Intersection:  Four-way intersection,Paved,,Property Damage Only,0,0,0,0,0,0,3500,2,3,,POINT (-90.593844232886 41.574578889903)
2014795834,14-001856,04/14/2014,04-April,2-Monday,11:28,1100 Hours,District 1 (Central),AMES,STORY,,LINCOLN WAY & S SHELDON AVE,Collision with:  Non-motorist (see non-motorist section - NOT a unit),On Roadway,Non-collision (single vehicle),FTYROW:  To pedestrian,None Indicated,,Daylight,Dry,Cloudy,Work Zone (roadway-related),Intersection:  Four-way intersection,Paved,Yes,Minor Injury,0,1,0,1,0,0,500,1,1,,POINT (-93.654246790019 42.022730583)
2014796665,2014023237,04/14/2014,04-April,2-Monday,14:19,1400 Hours,District 1 (Central),,POLK,I-35,I-35,Collision with fixed object:  Guardrail - face,Shoulder,Non-collision (single vehicle),Ran off road - left,None Indicated,,Daylight,Dry,Cloudy,None apparent,Non-intersection:  Non-junction/no special feature,Paved,,Property Damage Only,0,0,0,0,0,0,4000,1,1,,POINT (-93.570807339041 41.81862370328)
2014799070,E201400702,04/14/2014,04-April,2-Monday,17:35,1700 Hours,District 3 (Northwest),EMMETSBURG,PALO ALTO,,PALMER ST,Collision with:  Parked motor vehicle,On Roadway,Rear-end (front to rear),Improper Backing,None Indicated,,Daylight,Dry,Clear,None apparent,Non-intersection:  Non-junction/no special feature,Paved,,Property Damage Only,0,0,0,0,0,0,1500,2,1,,POINT (-94.681469130915 43.106124769185)
2014794822,14-6240,04/14/2014,04-April,2-Monday,08:02,0800 Hours,District 2 (Northeast),,BREMER,US 218,US 218/SW RAMP CURV/NW RAMP CURV & 210TH ST,Collision with:  Vehicle in traffic,On Roadway,Rear-end (front to rear),Driving too fast for conditions,None Indicated,,Daylight,Ice/frost,Cloudy,"Surface condition (e.g., wet, icy)",Non-intersection:  Non-junction/no special feature,Paved,,Property Damage Only,0,0,0,0,0,0,6300,2,2,,POINT (-92.536026355458 42.744626526301)
2014794564,14-005851,04/14/2014,04-April,2-Monday,00:16,0000 Hours,District 5 (Southeast),,HENRY,,235TH ST,Collision with:  Animal,,,Animal,None Indicated,,,,,,,Paved,,Property Damage Only,0,0,0,0,0,0,1500,1,1,,POINT (-91.5882374679 40.967167726651)
2014800652,0414143B,04/14/2014,04-April,2-Monday,09:15,0900 Hours,District 4 (Southwest),,PAGE,,Co Rd M32/C AVE,Non-collision events:  Other non-collision (explain in narrative),On Roadway,Non-collision (single vehicle),Driving too fast for conditions,None Indicated,,Daylight,Ice/frost,Cloudy,None apparent,Non-intersection:  Non-junction/no special feature,Paved,,Property Damage Only,0,0,0,0,0,0,5250,1,1,,POINT (-95.330799661152 40.727871803896)
2014794982,,04/14/2014,04-April,2-Monday,08:29,0800 Hours,District 3 (Northwest),LAKE PARK,DICKINSON,,AVE C W & AVE C E & N MARKET ST,Collision with:  Vehicle in traffic,On Roadway,Broadside (front to side),FTYROW:  From stop sign,None Indicated,,Daylight,Dry,Clear,None apparent,Intersection:  Four-way intersection,Paved,,Property Damage Only,0,0,0,0,0,0,1800,2,3,,POINT (-95.320250782724 43.45668568911)
2014795003,W14-036347,04/14/2014,04-April,2-Monday,16:57,1600 Hours,District 2 (Northeast),WATERLOO,BLACK HAWK,,E RIDGEWAY AVE,Collision with:  Vehicle in traffic,On Roadway,"Sideswipe, same direction",Followed too close,None Indicated,,Daylight,Dry,Clear,None apparent,Intersection:  T-intersection,Paved,,Property Damage Only,0,0,0,0,0,0,4000,2,2,,POINT (-92.33094056873 42.469326690437)
2014795033,PD1403006,04/14/2014,04-April,2-Monday,15:46,1500 Hours,District 5 (Southeast),FAIRFIELD,JEFFERSON,,W HARRISON AVE & S 5TH ST,Collision with:  Vehicle in traffic,On Roadway,"Sideswipe, same direction",Other (explain in narrative):  Vision obstructed,None Indicated,,Daylight,Dry,Clear,None apparent,Non-intersection:  Non-junction/no special feature,Paved,,Property Damage Only,0,0,0,0,0,0,2500,2,2,,POINT (-91.969182112928 40.999254785379)
2014794880,20140009927,04/14/2014,04-April,2-Monday,10:20,1000 Hours,District 1 (Central),DES MOINES,POLK,,PARK AVE & E PARK AVE & S UNION ST,Collision with fixed object:  Other fixed object (explain in narrative),Shoulder,Non-collision (single vehicle),Ran Stop Sign,None Indicated,,Daylight,Dry,Clear,None apparent,Intersection:  Four-way intersection,Paved,,Property Damage Only,0,0,0,0,0,0,3501,1,3,,POINT (-93.616139820882 41.555409212155)
2014795017,01-14-15502,04/14/2014,04-April,2-Monday,16:38,1600 Hours,District 6 (East Central),DUBUQUE,DUBUQUE,IA 946,IA 946/IOWA 946,Collision with:  Vehicle in traffic,On Roadway,"Sideswipe, same direction",Improper or erratic lane changing,None Indicated,,Daylight,Dry,Cloudy,None apparent,Non-intersection:  Non-junction/no special feature,Paved,,Property Damage Only,0,0,0,0,0,0,1800,2,4,,POINT (-90.665008834373 42.49245300469)
2014794650,14-2439,04/14/2014,04-April,2-Monday,07:42,0700 Hours,District 1 (Central),ANKENY,POLK,,NE 78TH AVE & NE 29TH ST & SE FOUR MILE DR,Collision with:  Vehicle in traffic,On Roadway,Broadside (front to side),FTYROW:  From stop sign,None Indicated,,Daylight,"Mud, dirt",Cloudy,None apparent,Intersection:  Four-way intersection,Paved,,Possible/Unknown,0,1,0,0,1,0,21000,2,3,,POINT (-93.560864232922 41.702851738206)
2014795253,14S0476,04/14/2014,04-April,2-Monday,06:40,0600 Hours,District 4 (Southwest),,UNION,,Co Rd H17/REA RD,Collision with fixed object:  Ditch,On Roadway,Non-collision (single vehicle),Ran off road - left,None Indicated,,Dawn,Ice/frost,Cloudy,"Surface condition (e.g., wet, icy)",Non-intersection:  Non-junction/no special feature,Paved,,Property Damage Only,0,0,0,0,0,0,5000,1,1,,POINT (-94.263194209127 41.114305548244)
2014794936,14-11172,04/14/2014,04-April,2-Monday,10:32,1000 Hours,District 3 (Northwest),SIOUX CITY,WOODBURY,,5TH ST & WESLEY PKWY & W 3RD ST,Collision with:  Vehicle in traffic,On Roadway,Broadside (front to side),Ran Traffic Signal,None Indicated,,Daylight,Dry,Cloudy,None apparent,Intersection:  Four-way intersection,Paved,,Property Damage Only,0,0,0,0,0,0,3200,2,2,,POINT (-96.410613476692 42.495211387692)
2014795075,14-000422,04/14/2014,04-April,2-Monday,07:20,0700 Hours,District 1 (Central),JOHNSTON,POLK,,Co Rd R42/NW 70TH AVE,Collision with fixed object:  Guardrail - face,On Roadway,Non-collision (single vehicle),Lost Control,None Indicated,,Daylight,Ice/frost,Cloudy,"Surface condition (e.g., wet, icy)",Non-intersection:  Non-junction/no special feature,Paved,,Property Damage Only,0,0,0,0,0,0,6000,1,1,,POINT (-93.735513775908 41.688365054497)
2014794844,2014004013,04/14/2014,04-April,2-Monday,12:30,1200 Hours,District 6 (East Central),IOWA CITY,JOHNSON,,E BENTON ST & S GILBERT ST,Collision with:  Vehicle in traffic,On Roadway,Broadside (front to side),FTYROW:  From stop sign,None Indicated,,Daylight,Dry,Cloudy,None apparent,Intersection:  Four-way intersection,Paved,,Property Damage Only,0,0,0,0,0,0,12000,2,2,,POINT (-91.53166024555 41.651101985012)
2014794854,031-14,04/14/2014,04-April,2-Monday,07:35,0700 Hours,District 4 (Southwest),,MADISON,,Co Rd G4R/CUMMING RD & 185TH ST,Collision with:  Vehicle in traffic,On Roadway,Unknown,Lost Control,None Indicated,,Daylight,Ice/frost,Cloudy,"Surface condition (e.g., wet, icy)",Intersection:  T-intersection,Paved,,Property Damage Only,0,0,0,0,0,0,3000,2,3,,POINT (-93.96566688946 41.38107280798)
2014795735,14002967,04/14/2014,04-April,2-Monday,05:41,0500 Hours,District 4 (Southwest),,CASS,I-80,I-80,Non-collision events:  Overturn/rollover,On Roadway,Non-collision (single vehicle),Ran off road - right,None Indicated,,Dark - roadway not lighted,Ice/frost,Clear,"Surface condition (e.g., wet, icy)",Non-intersection:  Non-junction/no special feature,Paved,,Property Damage Only,0,0,0,0,0,0,6000,1,1,,POINT (-95.050330412258 41.496878261494)
2014794701,14-1719,04/14/2014,04-April,2-Monday,02:32,0200 Hours,District 1 (Central),WEST DES MOINES,POLK,I-235,I-235,Non-collision events:  Jackknife,On Roadway,Non-collision (single vehicle),Driving too fast for conditions,None Indicated,,Dark - roadway lighted,Wet,"Sleet, hail","Surface condition (e.g., wet, icy)",Non-intersection:  Non-junction/no special feature,Paved,,Minor Injury,0,1,0,1,0,0,10000,1,1,,POINT (-93.7765354755 41.592232249629)
2014794998,14036206,04/14/2014,04-April,2-Monday,09:44,0900 Hours,District 2 (Northeast),CEDAR FALLS,BLACK HAWK,,SEERLEY BLVD & WALNUT ST,Collision with:  Vehicle in traffic,On Roadway,Broadside (front to side),FTYROW:  From stop sign,None Indicated,,Daylight,Wet,Cloudy,None apparent,Intersection:  Four-way intersection,Paved,,Property Damage Only,0,0,0,0,0,0,4000,2,2,,POINT (-92.453420489432 42.515906073826)
2014794927,14-0199,04/14/2014,04-April,2-Monday,07:00,0700 Hours,District 1 (Central),FORT DODGE,WEBSTER,,Co Rd D14/170TH ST & Co Rd P59/PARAGON AVE,Collision with:  Vehicle in traffic,On Roadway,Broadside (front to side),FTYROW:  From stop sign,None Indicated,,Daylight,Ice/frost,"Fog, smoke, smog","Surface condition (e.g., wet, icy)",Intersection:  Four-way intersection,Paved,,Property Damage Only,0,0,0,0,0,0,10000,2,2,,POINT (-94.148717232012 42.544665066112)
2014794900,14-014495,04/14/2014,04-April,2-Monday,21:41,2100 Hours,District 4 (Southwest),COUNCIL BLUFFS,POTTAWATTAMIE,US 6,US 6/KANESVILLE BLVD,Collision with:  Animal,,,Animal,None Indicated,,,,,,,Paved,,Property Damage Only,0,0,0,0,0,0,1500,1,1,,POINT (-95.808520698308 41.279402348634)
2014794895,14-014402,04/14/2014,04-April,2-Monday,07:16,0700 Hours,District 4 (Southwest),COUNCIL BLUFFS,POTTAWATTAMIE,,8TH AVE & S 34TH ST,Collision with:  Vehicle in traffic,On Roadway,Broadside (front to side),FTYROW:  From stop sign,None Indicated,,Daylight,Ice/frost,Cloudy,None apparent,Intersection:  Four-way intersection,Paved,,Property Damage Only,0,0,0,0,0,0,2600,2,2,,POINT (-95.89942300329 41.254568220559)
2014794915,14004028,04/14/2014,04-April,2-Monday,08:11,0800 Hours,District 6 (East Central),,BENTON,,Co Rd V37/V37,Collision with fixed object:  Bridge overhead structure,On Roadway,Non-collision (single vehicle),Crossed centerline (undivided),None Indicated,,Daylight,Ice/frost,Cloudy,"Surface condition (e.g., wet, icy)",Non-intersection:  Other non-intersection (explain in narrative),Paved,,Minor Injury,0,1,0,1,0,0,2000,1,1,,POINT (-92.29886150019 42.252107480841)
2014794981,,04/14/2014,04-April,2-Monday,06:37,0600 Hours,District 2 (Northeast),JANESVILLE,BREMER,US 218,US 218 & N MAPLE ST,Collision with:  Vehicle in traffic,On Roadway,Head-on (front to front),Swerving/Evasive Action,None Indicated,,Daylight,Slush,Clear,"Surface condition (e.g., wet, icy)",Intersection:  Four-way intersection,Paved,,Possible/Unknown,0,1,0,0,1,0,8000,2,3,,POINT (-92.46973386647 42.655283063998)
2014794940,14-11217,04/14/2014,04-April,2-Monday,18:48,1800 Hours,District 3 (Northwest),SIOUX CITY,WOODBURY,,36TH ST & INDIAN HILLS DR & CHEYENNE BLVD,Collision with:  Vehicle in traffic,On Roadway,Broadside (front to side),FTYROW:  From stop sign,None Indicated,,Daylight,Dry,Clear,None apparent,Intersection:  Four-way intersection,Paved,,Property Damage Only,0,0,0,0,0,0,4500,2,5,,POINT (-96.395359078694 42.53188983257)
2014795229,14-1725,04/14/2014,04-April,2-Monday,11:55,1100 Hours,District 1 (Central),WEST DES MOINES,POLK,,ASHWORTH RD & 28TH ST,Collision with:  Vehicle in traffic,On Roadway,Head-on (front to front),FTYROW:  Making left turn,None Indicated,,Daylight,Dry,Clear,None apparent,Intersection:  T-intersection,Paved,,Major Injury,0,2,1,0,1,0,7500,2,3,,POINT (-93.741954169589 41.584705404734)
2014795103,2014-22951,04/14/2014,04-April,2-Monday,22:30,2200 Hours,District 6 (East Central),DAVENPORT,SCOTT,I-80,I-80,Collision with fixed object:  Concrete traffic barrier (median or right side),On Roadway,Non-collision (single vehicle),Lost Control,None Indicated,,Dark - roadway lighted,Dry,Clear,None apparent,Non-intersection:  Non-junction/no special feature,Paved,,Property Damage Only,0,0,0,0,0,0,8700,1,1,,POINT (-90.563124095957 41.595087427261)
2014797086,B14-709,04/14/2014,04-April,2-Monday,16:24,1600 Hours,District 3 (Northwest),SERGEANT BLUFF,WOODBURY,,3RD ST,Collision with:  Parked motor vehicle,On Roadway,Unknown,Illegally Parked/Unattended,None Indicated,,Daylight,Dry,Cloudy,None apparent,Non-intersection:  Non-junction/no special feature,Paved,,Property Damage Only,0,0,0,0,0,0,2000,2,1,,POINT (-96.360404299192 42.402634590324)
2014795161,14-36154,04/14/2014,04-April,2-Monday,06:48,0600 Hours,District 2 (Northeast),,BLACK HAWK,US 20,US 20,Collision with fixed object:  Bridge overhead structure,On Roadway,Non-collision (single vehicle),Swerving/Evasive Action,None Indicated,,Daylight,Ice/frost,Cloudy,"Surface condition (e.g., wet, icy)",Non-intersection:  Other non-intersection (explain in narrative),Paved,,Property Damage Only,0,0,0,0,0,0,3718,1,1,,POINT (-92.182278456241 42.449747342816)
2014795021,02-14-5914,04/14/2014,04-April,2-Monday,05:22,0500 Hours,District 6 (East Central),DUBUQUE,DUBUQUE,US 52,US 52 & US 61 & BELLEVUE RD,Collision with:  Vehicle in traffic,On Roadway,Rear-end (front to rear),Followed too close,None Indicated,,Dark - roadway lighted,Wet,Rain,None apparent,Intersection:  Four-way intersection,Paved,,Property Damage Only,0,0,0,0,0,0,5500,2,3,,POINT (-90.672989556402 42.459350006179)
2014795141,ACC14-010,04/14/2014,04-April,2-Monday,12:37,1200 Hours,District 2 (Northeast),CRESCO,HOWARD,,4TH ST SE & 4TH ST E & 1ST AVE E,Collision with fixed object:  Tree,On Roadway,Non-collision (single vehicle),Other (explain in narrative):  Other,None Indicated,,Daylight,Dry,Cloudy,None apparent,Non-intersection:  Non-junction/no special feature,Paved,,Property Damage Only,0,0,0,0,0,0,18000,1,1,,POINT (-92.111419068107 43.371554491643)
2014795368,S14-001213,04/14/2014,04-April,2-Monday,05:30,0500 Hours,District 4 (Southwest),,POTTAWATTAMIE,I-80,I-80,Collision with fixed object:  Ditch,On Roadway,Non-collision (single vehicle),Crossed centerline (undivided),None Indicated,,Dark - roadway not lighted,Ice/frost,Snow,None apparent,Non-intersection:  Non-junction/no special feature,Paved,,Major Injury,0,5,2,3,0,0,10000,1,5,,POINT (-95.202917149306 41.497235083005)
2014795372,S14-001236,04/14/2014,04-April,2-Monday,05:30,0500 Hours,District 4 (Southwest),COUNCIL BLUFFS,POTTAWATTAMIE,I-29,I-29,Collision with fixed object:  Ditch,On Roadway,Non-collision (single vehicle),Ran off road - right,None Indicated,,Dark - roadway not lighted,Ice/frost,Snow,None apparent,Non-intersection:  Other non-intersection (explain in narrative),Paved,,Minor Injury,0,1,0,1,0,0,3000,1,1,,POINT (-95.823336772279 41.20931204457)
2014795320,201405222,04/14/2014,04-April,2-Monday,18:46,1800 Hours,District 6 (East Central),CEDAR RAPIDS,LINN,I-380,I-380 & US 30/RAMP/LOOP & KIRKWOOD BLVD SW,Collision with fixed object:  Curb/island/raised median,On Roadway,Non-collision (single vehicle),Ran Traffic Signal,Alcohol (Statutory),,Daylight,Dry,Cloudy,None apparent,Intersection:  Four-way intersection,Paved,,Possible/Unknown,0,1,0,0,1,0,6000,1,1,,POINT (-91.656738346368 41.925220338077)
2014795232,14-014689,04/14/2014,04-April,2-Monday,06:09,0600 Hours,District 4 (Southwest),COUNCIL BLUFFS,POTTAWATTAMIE,I-29,I-29 & I-80,Collision with fixed object:  Concrete traffic barrier (median or right side),On Roadway,Non-collision (single vehicle),Driving too fast for conditions,None Indicated,,Dark - roadway lighted,Ice/frost,Snow,"Surface condition (e.g., wet, icy)",Intersection:  Intersection with ramp,Paved,Yes,Property Damage Only,0,0,0,0,0,0,28353,1,1,,POINT (-95.901979154939 41.232519319721)
2014794820,W14-036164,04/14/2014,04-April,2-Monday,07:42,0700 Hours,District 2 (Northeast),WATERLOO,BLACK HAWK,US 63,US 63/LOGAN AVE & W AIRLINE HWY & E AIRLINE HWY,Collision with:  Vehicle in traffic,On Roadway,"Angle, oncoming left turn",FTYROW:  Making left turn,None Indicated,,Daylight,Ice/frost,Cloudy,None apparent,Intersection:  Four-way intersection,Paved,,Property Damage Only,0,0,0,0,0,0,5500,2,2,,POINT (-92.33753157934 42.54214999098)
2014794928,14-0200,04/14/2014,04-April,2-Monday,07:35,0700 Hours,District 1 (Central),,WEBSTER,,Co Rd D20/XAVIER AVE,Non-collision events:  Overturn/rollover,On Roadway,Non-collision (single vehicle),Ran off road - right,None Indicated,,Daylight,Ice/frost,Snow,"Surface condition (e.g., wet, icy)",Non-intersection:  Non-junction/no special feature,Paved,,Property Damage Only,0,0,0,0,0,0,5000,1,1,,POINT (-93.991166909917 42.488220379618)
2014794910,2014-22861,04/14/2014,04-April,2-Monday,14:55,1400 Hours,District 6 (East Central),DAVENPORT,SCOTT,US 6,US 6/W KIMBERLY RD & N PINE ST,Collision with:  Vehicle in traffic,On Roadway,Head-on (front to front),FTYROW:  Making left turn,None Indicated,,Daylight,Dry,Cloudy,None apparent,Intersection:  Four-way intersection,Paved,,Property Damage Only,0,0,0,0,0,0,3000,2,3,,POINT (-90.610293119347 41.560124617184)
2014795719,14-036168,04/14/2014,04-April,2-Monday,07:55,0700 Hours,District 2 (Northeast),EVANSDALE,BLACK HAWK,,PARK DR & GILBERT DR & RIVER FOREST RD,Collision with:  Vehicle in traffic,On Roadway,"Angle, oncoming left turn",Made improper turn,None Indicated,,Daylight,Wet,Cloudy,None apparent,Intersection:  Four-way intersection,Paved,,Property Damage Only,0,0,0,0,0,0,2000,2,2,,POINT (-92.297783113924 42.462545046255)
2014795366,S14-001209,04/14/2014,04-April,2-Monday,00:50,0000 Hours,District 4 (Southwest),,POTTAWATTAMIE,I-29,I-29,Non-collision events:  Overturn/rollover,On Roadway,Non-collision (single vehicle),Swerving/Evasive Action,None Indicated,,Dark - roadway not lighted,Ice/frost,Snow,"Surface condition (e.g., wet, icy)",Non-intersection:  Non-junction/no special feature,Paved,,Property Damage Only,0,0,0,0,0,0,8000,1,5,,POINT (-95.899704797631 41.427813706701)
2014795155,,04/14/2014,04-April,2-Monday,10:35,1000 Hours,District 2 (Northeast),THOMPSON,WINNEBAGO,,DOWS AVE,Collision with:  Vehicle in traffic,On Roadway,Unknown,Unknown,None Indicated,,Daylight,"Mud, dirt",Cloudy,None apparent,Non-intersection:  Driveway access (within),Paved,,Property Damage Only,0,0,0,0,0,0,1500,2,2,,POINT (-93.773528901313 43.372471605422)
2014795057,14-2437,04/14/2014,04-April,2-Monday,05:59,0500 Hours,District 1 (Central),ALTOONA,POLK,US 65,US 65 & NE BROADWAY AVE & 8TH ST SW,Collision with:  Vehicle in traffic,Shoulder,Rear-end (front to rear),Driving too fast for conditions,None Indicated,,Dawn,Ice/frost,"Sleet, hail","Surface condition (e.g., wet, icy)",Non-intersection:  Other non-intersection (explain in narrative),Paved,,Possible/Unknown,0,2,0,0,2,0,17000,3,3,,POINT (-93.510305436211 41.644135642552)