Iowa DOT Case Number,Law Enforcement Case Number,Date of Crash,Month of Crash,Day of Week,Time of Crash,Hour,DOT District,City Name,County Name,Route with System,Location Description,First Harmful Event,Location of First Harmful Event,Manner of Crash/Collision,Major Cause,Drug or Alcohol ,Environmental Conditions,Light Conditions,Surface Conditions,Weather Conditions,Roadway Contribution,Roadway Type,Roadway Surface,Work Zone,Crash Severity,Number of Fatalities,Number of Injuries,Number of Major Injuries,Number of Minor Injuries,Number of Possible Injuries,Number of Unknown Injuries,Amount of Property Damage,Number of Vehicles Involved,Total Number of Occupants,Travel Direction,Location
2014795082,S79140118,04/14/2014,04-April,2-Monday,19:30,1900 Hours,District 1 (Central),,POWESHIEK,,Co Rd V16/150TH ST & 330TH AVE,Collision with fixed object:  Ditch,On Roadway,Non-collision (single vehicle),Ran Stop Sign,None Indicated,,Daylight,"Mud, dirt",Cloudy,None apparent,Intersection:  T-intersection,Unpaved,,Possible/Unknown,0,1,0,0,1,0,12100,1,2,,POINT (-92.493979245206 41.819071483248)
2014828298,14040349,04/14/2014,04-April,2-Monday,01:51,0100 Hours,District 5 (Southeast),,WAPELLO,US 34,US 34,Non-collision events:  Jackknife,Roadside,Non-collision (single vehicle),Ran off road - right,None Indicated,,Dark - roadway not lighted,Wet,"Sleet, hail",None apparent,Non-intersection:  Non-junction/no special feature,Paved,,Property Damage Only,0,0,0,0,0,0,80000,1,2,,POINT (-92.225522579289 40.994938495179)
2014794857,14-008259,04/14/2014,04-April,2-Monday,14:31,1400 Hours,District 5 (Southeast),,MARION,IA 14,IA 14/IOWA 14 & 130TH PL,Collision with:  Vehicle in traffic,On Roadway,"Angle, oncoming left turn",Crossed centerline (undivided),None Indicated,,Daylight,"Mud, dirt",Cloudy,None apparent,Intersection:  T-intersection,Paved,,Property Damage Only,0,0,0,0,0,0,4500,2,2,,POINT (-93.109010471114 41.265936962969)
2014794676,20140009906,04/14/2014,04-April,2-Monday,07:06,0700 Hours,District 1 (Central),DES MOINES,POLK,I-235,I-235,Collision with:  Vehicle in traffic,On Roadway,"Sideswipe, same direction",Lost Control,None Indicated,,Daylight,Dry,Clear,None apparent,Non-intersection:  Non-junction/no special feature,Paved,,Property Damage Only,0,0,0,0,0,0,5600,3,3,,POINT (-93.656129068684 41.593090557585)
2014794815,14-036178,04/14/2014,04-April,2-Monday,08:38,0800 Hours,District 2 (Northeast),,BLACK HAWK,,Co Rd C57/W CEDAR-WAPSI RD,Non-collision events:  Overturn/rollover,On Roadway,Non-collision (single vehicle),Swerving/Evasive Action,None Indicated,,Daylight,Ice/frost,Cloudy,"Surface condition (e.g., wet, icy)",Non-intersection:  Non-junction/no special feature,Paved,,Possible/Unknown,0,1,0,0,1,0,2000,1,1,,POINT (-92.343449203315 42.614274720344)
2014797515,2014023121,04/14/2014,04-April,2-Monday,08:15,0800 Hours,District 2 (Northeast),,FAYETTE,,Co Rd C2W/BELL RD & C AVE,Collision with:  Vehicle in traffic,On Roadway,Broadside (front to side),FTYROW:  From stop sign,None Indicated,,Daylight,Ice/frost,Cloudy,None apparent,Intersection:  Four-way intersection,Paved,,Minor Injury,0,1,0,1,0,0,12500,2,3,,POINT (-91.646816773159 42.759922861571)
2014795041,201405196,04/14/2014,04-April,2-Monday,09:24,0900 Hours,District 6 (East Central),CEDAR RAPIDS,LINN,I-380,I-380 & CENTER POINT RD NE,Collision with:  Vehicle in traffic,On Roadway,Broadside (front to side),Ran Traffic Signal,None Indicated,,Daylight,Dry,Cloudy,None apparent,Intersection:  Four-way intersection,Paved,,Property Damage Only,0,0,0,0,0,0,3500,2,3,,POINT (-91.668017419049 42.028754722625)
2014795216,14-0424,04/14/2014,04-April,2-Monday,10:23,1000 Hours,District 1 (Central),CLIVE,POLK,,UNIVERSITY AVE,Collision with:  Vehicle in traffic,On Roadway,Broadside (front to side),Unknown,None Indicated,,Daylight,Dry,Cloudy,None apparent,Intersection:  Four-way intersection,Paved,,Possible/Unknown,0,1,0,0,1,0,5500,2,3,,POINT (-93.756402450241 41.600463953289)
2014798054,14-002652,04/14/2014,04-April,2-Monday,06:50,0600 Hours,District 2 (Northeast),MONONA,CLAYTON,US 18,US 18,Non-collision events:  Overturn/rollover,On Roadway,Non-collision (single vehicle),Swerving/Evasive Action,None Indicated,,Daylight,Slush,Snow,"Surface condition (e.g., wet, icy)",Non-intersection:  Non-junction/no special feature,Paved,,Property Damage Only,0,0,0,0,0,0,10000,1,1,,POINT (-91.408852946396 43.050344720196)
2014795685,SO14-0445,04/14/2014,04-April,2-Monday,00:15,0000 Hours,District 2 (Northeast),,WRIGHT,IA 3,IA 3/IOWA 3,Non-collision events:  Overturn/rollover,Shoulder,Non-collision (single vehicle),Ran off road - right,None Indicated,,Dark - roadway not lighted,Snow,"Blowing sand, soil, dirt","Surface condition (e.g., wet, icy)",Non-intersection:  Non-junction/no special feature,Paved,,Possible/Unknown,0,1,0,0,1,0,8150,1,1,,POINT (-93.891715385403 42.731639557473)
2014796742,14-003716,04/14/2014,04-April,2-Monday,11:55,1100 Hours,District 2 (Northeast),,FAYETTE,,Co Rd B44/SCENIC RD & UPPER RD,Collision with:  Vehicle in traffic,On Roadway,Broadside (front to side),FTYROW:  From stop sign,None Indicated,,Daylight,Dry,Clear,None apparent,Intersection:  T-intersection,Paved,,Property Damage Only,0,0,0,0,0,0,6500,2,2,,POINT (-92.007933173136 43.059457352061)
2014795629,2014-22843,04/14/2014,04-April,2-Monday,14:12,1400 Hours,District 6 (East Central),DAVENPORT,SCOTT,US 6,US 6/W KIMBERLY RD,Collision with:  Vehicle in traffic,On Roadway,Rear-end (front to rear),Followed too close,None Indicated,,Daylight,Wet,Snow,None apparent,Non-intersection:  Non-junction/no special feature,Paved,,Property Damage Only,0,0,0,0,0,0,2000,2,2,,POINT (-90.572491109699 41.560278000462)
2014794893,14-014398,04/14/2014,04-April,2-Monday,06:52,0600 Hours,District 4 (Southwest),COUNCIL BLUFFS,POTTAWATTAMIE,IA 192,IA 192/S EXPRESSWAY/SE RAMP & 19TH AVE,Collision with:  Vehicle in traffic,On Roadway,"Sideswipe, opposite direction",Crossed centerline (undivided),None Indicated,,Dawn,Ice/frost,Cloudy,"Surface condition (e.g., wet, icy)",Non-intersection:  Non-junction/no special feature,Paved,,Property Damage Only,0,0,0,0,0,0,2500,2,2,,POINT (-95.853784998873 41.243866015561)
2014794753,2014-22788,04/14/2014,04-April,2-Monday,09:04,0900 Hours,District 6 (East Central),DAVENPORT,SCOTT,,W 73RD ST,Collision with:  Vehicle in traffic,On Roadway,Rear-end (front to rear),Improper Backing,None Indicated,,Daylight,Dry,Cloudy,None apparent,Non-intersection:  Non-junction/no special feature,Paved,,Property Damage Only,0,0,0,0,0,0,2500,2,4,,POINT (-90.618116419618 41.594898593301)
2014795201,201405193,04/14/2014,04-April,2-Monday,08:35,0800 Hours,District 6 (East Central),CEDAR RAPIDS,LINN,,15TH AVE SW & 8TH ST SW,Collision with:  Vehicle in traffic,On Roadway,"Sideswipe, same direction",FTYROW:  Other (explain in narrative),None Indicated,,Daylight,Dry,Cloudy,None apparent,Non-intersection:  Non-junction/no special feature,Paved,,Property Damage Only,0,0,0,0,0,0,5000,2,4,,POINT (-91.67970791784 41.962890770659)
2014796199,14-017,04/14/2014,04-April,2-Monday,01:00,0100 Hours,District 3 (Northwest),MANSON,CALHOUN,,Co Rd D26/220TH ST & Co Rd N65/SIGOURNEY AVE,Collision with:  Other non-fixed object (explain in narrative),Roadside,Non-collision (single vehicle),Ran off road - right,None Indicated,,Dark - roadway not lighted,Ice/frost,Snow,"Surface condition (e.g., wet, icy)",Non-intersection:  Non-junction/no special feature,Paved,,Property Damage Only,0,0,0,0,0,0,4000,1,1,,POINT (-94.553351730239 42.47359462456)
2014794892,14-014392,04/14/2014,04-April,2-Monday,06:26,0600 Hours,District 4 (Southwest),COUNCIL BLUFFS,POTTAWATTAMIE,I-29,I-29,Non-collision events:  Overturn/rollover,Shoulder,Non-collision (single vehicle),Ran off road - left,None Indicated,,Daylight,Slush,Cloudy,"Surface condition (e.g., wet, icy)",Non-intersection:  Non-junction/no special feature,Paved,Yes,Minor Injury,0,1,0,1,0,0,6000,1,1,,POINT (-95.896944260614 41.235753395632)
2014795037,14000884,04/14/2014,04-April,2-Monday,14:32,1400 Hours,District 6 (East Central),IOWA CITY,JOHNSON,,S SCOTT BLVD & WINTERGREEN DR,Collision with:  Non-motorist (see non-motorist section - NOT a unit),On Roadway,Non-collision (single vehicle),FTYROW:  From stop sign,None Indicated,,Daylight,Dry,Cloudy,None apparent,Intersection:  T-intersection,Paved,,Possible/Unknown,0,2,0,0,2,0,500,1,1,,POINT (-91.482856653508 41.640848742558)
2014795162,14-36491,04/14/2014,04-April,2-Monday,21:30,2100 Hours,District 2 (Northeast),,BLACK HAWK,,Co Rd V37/DYSART RD,Collision with fixed object:  Ditch,Shoulder,Non-collision (single vehicle),Ran off road - right,None Indicated,,Dark - roadway not lighted,Dry,Clear,None apparent,Non-intersection:  Non-junction/no special feature,Paved,,Property Damage Only,0,0,0,0,0,0,2000,1,1,,POINT (-92.298069763906 42.410726749463)
2014802080,2014001175,04/14/2014,04-April,2-Monday,20:10,2000 Hours,District 6 (East Central),LISBON,LINN,,WILLOW LN & SHADE TREE CT,Collision with:  Animal,,,Animal,None Indicated,,,,,,,Paved,,Property Damage Only,0,0,0,0,0,0,2500,1,1,,POINT (-91.401103686393 41.916810951981)
2014795276,,04/14/2014,04-April,2-Monday,07:36,0700 Hours,District 4 (Southwest),,MILLS,,Co Rd L35/221ST ST,Collision with fixed object:  Ditch,On Roadway,Non-collision (single vehicle),Ran off road - left,None Indicated,,Dawn,Ice/frost,Cloudy,"Surface condition (e.g., wet, icy)",Non-intersection:  Non-junction/no special feature,Paved,,Property Damage Only,0,0,0,0,0,0,3000,1,1,,POINT (-95.771691765785 41.116791321198)
2014795167,14041481611,04/14/2014,04-April,2-Monday,23:42,2300 Hours,District 6 (East Central),DE WITT,CLINTON,IA 136,IA 136/IOWA 136 & Co Rd E55/145 ST,Collision with:  Animal,,,Animal,None Indicated,,,,,,,Paved,,Property Damage Only,0,0,0,0,0,0,1500,1,1,,POINT (-90.479307151876 41.963895113324)
2014794916,14004025,04/14/2014,04-April,2-Monday,07:00,0700 Hours,District 1 (Central),,TAMA,US 63,US 63,Collision with:  Vehicle in traffic,On Roadway,"Sideswipe, same direction",Swerving/Evasive Action,None Indicated,,Dawn,Wet,Cloudy,"Surface condition (e.g., wet, icy)",Non-intersection:  Non-junction/no special feature,Paved,,Property Damage Only,0,0,0,0,0,0,1501,2,3,,POINT (-92.465362394758 42.251068138219)
2014794929,14-1075,04/14/2014,04-April,2-Monday,12:50,1200 Hours,District 1 (Central),FORT DODGE,WEBSTER,US 169,US 169 & IOWA CENTRL COM COL AREA,Collision with:  Vehicle in traffic,On Roadway,Broadside (front to side),Ran Traffic Signal,None Indicated,,Daylight,Dry,Cloudy,None apparent,Intersection:  Four-way intersection,Paved,,Possible/Unknown,0,3,0,0,3,0,7000,2,3,,POINT (-94.207127326787 42.490913084946)
2014794735,14-014394,04/14/2014,04-April,2-Monday,06:31,0600 Hours,District 4 (Southwest),COUNCIL BLUFFS,POTTAWATTAMIE,,23RD AVE,Non-collision events:  Other non-collision (explain in narrative),Outside trafficway,Non-collision (single vehicle),Lost Control,None Indicated,,Dawn,Ice/frost,"Sleet, hail",None apparent,Non-intersection:  Non-junction/no special feature,Paved,,Property Damage Only,0,0,0,0,0,0,3500,1,1,,POINT (-95.890686760512 41.24022482761)
2014794649,14-2438,04/14/2014,04-April,2-Monday,07:15,0700 Hours,District 1 (Central),DES MOINES,POLK,,NE OAKHILL DR,Collision with:  Other non-fixed object (explain in narrative),Outside trafficway,Non-collision (single vehicle),Ran off road - right,None Indicated,,Daylight,Dry,Cloudy,None apparent,Intersection:  Y-intersection,Paved,,Property Damage Only,0,0,0,0,0,0,3000,1,1,,POINT (-93.505517828073 41.615396780522)
2014795058,14-001631,04/14/2014,04-April,2-Monday,19:00,1900 Hours,District 1 (Central),ANKENY,POLK,IA 415,IA 415/2ND AVE & NW 72ND PL,Collision with:  Animal,,,Animal,None Indicated,,,,,,,Paved,,Property Damage Only,0,0,0,0,0,0,5000,1,1,,POINT (-93.620271124297 41.692584613388)
2014794833,1404142791,04/14/2014,04-April,2-Monday,17:10,1700 Hours,District 6 (East Central),,CLINTON,IA 136,IA 136/IOWA 136,Collision with fixed object:  Utility pole/light support,Roadside,Non-collision (single vehicle),Ran off road - right,None Indicated,,Daylight,Dry,Cloudy,None apparent,Non-intersection:  Non-junction/no special feature,Paved,,Possible/Unknown,0,1,0,0,1,0,6000,1,1,,POINT (-90.251859876474 41.880053016196)
2014797310,20141265,04/14/2014,04-April,2-Monday,23:15,2300 Hours,District 1 (Central),,GRUNDY,,Co Rd D35/215TH ST,Collision with:  Animal,,Non-collision (single vehicle),Animal,None Indicated,,,,,,,Paved,,Property Damage Only,0,0,0,0,0,0,2500,1,1,,POINT (-92.56987143924 42.391625160215)
2014795669,2014-07643,04/14/2014,04-April,2-Monday,09:45,0900 Hours,District 5 (Southeast),INDIANOLA,WARREN,US 65,US 65/N JEFFERSON WAY & E EUCLID AVE,Collision with:  Vehicle in traffic,On Roadway,Broadside (front to side),Ran Traffic Signal,None Indicated,,Daylight,Dry,Cloudy,None apparent,Intersection:  Four-way intersection,Paved,,Property Damage Only,0,0,0,0,0,0,7500,2,4,,POINT (-93.558341479692 41.365655939653)
2014794979,PD140253,04/14/2014,04-April,2-Monday,10:25,1000 Hours,District 1 (Central),GRUNDY CENTER,GRUNDY,IA 14,IA 14/G AVE,Collision with:  Vehicle in traffic,On Roadway,"Sideswipe, same direction",FTYROW:  From parked position,None Indicated,,Daylight,Dry,Cloudy,None apparent,Intersection:  Four-way intersection,Paved,,Property Damage Only,0,0,0,0,0,0,3200,2,3,,POINT (-92.773823523491 42.361534272985)
2014794510,W14-036132,04/14/2014,04-April,2-Monday,03:03,0300 Hours,District 2 (Northeast),WATERLOO,BLACK HAWK,,W 11TH ST,Collision with fixed object:  Other fixed object (explain in narrative),Outside trafficway,Non-collision (single vehicle),Driving too fast for conditions,Alcohol (Statutory),,Dark - roadway lighted,Slush,Snow,"Surface condition (e.g., wet, icy)",Non-intersection:  Non-junction/no special feature,Paved,,Property Damage Only,0,0,0,0,0,0,4500,1,2,,POINT (-92.335180934874 42.484742382179)
2014796900,14-2467,04/14/2014,04-April,2-Monday,18:38,1800 Hours,District 1 (Central),,POLK,,Co Rd F70/SE VANDALIA DR,Non-collision events:  Overturn/rollover,Shoulder,Non-collision (single vehicle),Ran off road - right,Refused,,Daylight,Dry,Cloudy,None apparent,Non-intersection:  Driveway access (within),Paved,,Property Damage Only,0,0,0,0,0,0,11500,1,1,,POINT (-93.475170290204 41.557474299022)
2014794885,14-0788,04/14/2014,04-April,2-Monday,16:11,1600 Hours,District 1 (Central),URBANDALE,POLK,,86TH ST,Collision with:  Vehicle in traffic,On Roadway,Rear-end (front to rear),Followed too close,None Indicated,,Daylight,Dry,Clear,None apparent,Non-intersection:  Non-junction/no special feature,Paved,,Property Damage Only,0,0,0,0,0,0,14000,3,3,,POINT (-93.736539121328 41.629686133436)
2014809871,14001776,04/14/2014,04-April,2-Monday,09:30,0900 Hours,District 2 (Northeast),,HANCOCK,,Co Rd R70/YALE AVE,Non-collision events:  Overturn/rollover,Roadside,Non-collision (single vehicle),Driving too fast for conditions,None Indicated,,Daylight,Ice/frost,Cloudy,"Surface condition (e.g., wet, icy)",Non-intersection:  Non-junction/no special feature,Paved,,Minor Injury,0,1,0,1,0,0,3000,1,1,,POINT (-93.517476519252 43.095959870685)
2014795378,14-6865,04/14/2014,04-April,2-Monday,16:35,1600 Hours,District 6 (East Central),BETTENDORF,SCOTT,I-74,I-74 & US 6/SPRUCE HILLS DR,Collision with:  Vehicle in traffic,On Roadway,Rear-end (front to rear),Swerving/Evasive Action,None Indicated,,Daylight,Dry,Clear,None apparent,Intersection:  Intersection with ramp,Paved,,Possible/Unknown,0,1,0,0,1,0,1800,2,2,,POINT (-90.519795486087 41.554802725122)
2014797787,14-089,04/14/2014,04-April,2-Monday,17:54,1700 Hours,District 4 (Southwest),,TAYLOR,,Co Rd N44/LAKE RD & 210TH ST,Non-collision events:  Overturn/rollover,On Roadway,Non-collision (single vehicle),Crossed centerline (undivided),Refused,,Daylight,Dry,Clear,None apparent,Non-intersection:  Non-junction/no special feature,Paved,,Minor Injury,0,1,0,1,0,0,4000,1,2,,POINT (-94.671045053274 40.737754987834)
2014796045,14-002348,04/14/2014,04-April,2-Monday,05:30,0500 Hours,District 1 (Central),,HAMILTON,,Co Rd D18/190TH ST,Collision with fixed object:  Ditch,Roadside,Non-collision (single vehicle),Ran off road - left,None Indicated,,Dawn,Ice/frost,Snow,"Surface condition (e.g., wet, icy)",Non-intersection:  Non-junction/no special feature,Paved,,Possible/Unknown,0,1,0,0,0,1,2500,1,3,,POINT (-93.966200305841 42.515234740722)
2014794884,14-0783,04/14/2014,04-April,2-Monday,13:00,1300 Hours,District 1 (Central),URBANDALE,POLK,,100TH ST &  NW URBANDALE DR,Collision with:  Vehicle in traffic,On Roadway,Rear-end (front to rear),Followed too close,None Indicated,,Daylight,Dry,Cloudy,None apparent,Intersection:  Four-way intersection,Paved,,Property Damage Only,0,0,0,0,0,0,2000,2,3,,POINT (-93.7566061678 41.632275963259)
2014795369,S14-001215,04/14/2014,04-April,2-Monday,08:00,0800 Hours,District 4 (Southwest),,POTTAWATTAMIE,,Co Rd L35/WABASH AVE,Non-collision events:  Overturn/rollover,Shoulder,Non-collision (single vehicle),Ran off road - left,None Indicated,,Daylight,Ice/frost,Clear,"Surface condition (e.g., wet, icy)",Non-intersection:  Non-junction/no special feature,Paved,,Property Damage Only,0,0,0,0,0,0,15000,1,2,,POINT (-95.777238264476 41.182171435103)
2014794896,14-014403,04/14/2014,04-April,2-Monday,07:20,0700 Hours,District 4 (Southwest),COUNCIL BLUFFS,POTTAWATTAMIE,I-29,I-29,Collision with:  Vehicle in traffic,On Roadway,Rear-end (front to rear),Other (explain in narrative):  Other,None Indicated,,Daylight,Dry,Cloudy,None apparent,Non-intersection:  Non-junction/no special feature,Paved,,Property Damage Only,0,0,0,0,0,0,4000,2,2,,POINT (-95.845396052195 41.231762056928)
2014795049,2014003469,04/14/2014,04-April,2-Monday,12:53,1200 Hours,District 1 (Central),MARSHALLTOWN,MARSHALL,,NEWCASTLE RD,Collision with:  Parked motor vehicle,On Roadway,Rear-end (front to rear),"Operating vehicle in an reckless, erratic, careless, negligent manner",None Indicated,,Daylight,Dry,Clear,None apparent,Non-intersection:  Non-junction/no special feature,Paved,,Property Damage Only,0,0,0,0,0,0,13000,2,1,,POINT (-92.905243202208 42.020611117665)
2014794914,14-4204,04/14/2014,04-April,2-Monday,09:00,0900 Hours,District 3 (Northwest),,SIOUX,,Co Rd K18/CHESTNUT AVE,Collision with fixed object:  Other fixed object (explain in narrative),Outside trafficway,Non-collision (single vehicle),Ran off road - right,None Indicated,,Daylight,Dry,Cloudy,None apparent,Non-intersection:  Non-junction/no special feature,Paved,,Property Damage Only,0,0,0,0,0,0,6200,1,1,,POINT (-96.432314933353 43.135035826112)
2014794843,2014004004,04/14/2014,04-April,2-Monday,08:00,0800 Hours,District 6 (East Central),IOWA CITY,JOHNSON,US 6,US 6,Collision with:  Vehicle in traffic,On Roadway,"Sideswipe, same direction",Improper or erratic lane changing,None Indicated,,Daylight,Dry,Cloudy,None apparent,Non-intersection:  Non-junction/no special feature,Paved,,Property Damage Only,0,0,0,0,0,0,1500,2,3,,POINT (-91.530380747198 41.645051027223)
2014798228,14-003742,04/14/2014,04-April,2-Monday,08:15,0800 Hours,District 3 (Northwest),,CARROLL,IA 141,IA 141/IOWA 141 & SYCAMORE AVE,Non-collision events:  Other non-collision (explain in narrative),Roadside,Non-collision (single vehicle),Driving too fast for conditions,None Indicated,,Daylight,Ice/frost,Cloudy,"Surface condition (e.g., wet, icy)",Non-intersection:  Non-junction/no special feature,Paved,,Property Damage Only,0,0,0,0,0,0,2000,1,1,,POINT (-94.744959498546 41.876928953403)
2014802954,A14027,04/14/2014,04-April,2-Monday,08:41,0800 Hours,District 5 (Southeast),KNOXVILLE,MARION,,Co Rd T15/OLD HWY 92 & GODFREY LN,Collision with:  Vehicle in traffic,On Roadway,Rear-end (front to rear),FTYROW:  Other (explain in narrative),None Indicated,,Daylight,Wet,Snow,None apparent,Non-intersection:  Non-junction/no special feature,Paved,,Property Damage Only,0,0,0,0,0,0,2000,2,2,,POINT (-93.062508883808 41.314811799244)
2014796198,14-016,04/14/2014,04-April,2-Monday,08:01,0800 Hours,District 3 (Northwest),KNIERIM,CALHOUN,,Co Rd D36/270TH ST,Non-collision events:  Overturn/rollover,Roadside,Non-collision (single vehicle),Swerving/Evasive Action,None Indicated,,Daylight,Ice/frost,Severe winds,"Surface condition (e.g., wet, icy)",Non-intersection:  Non-junction/no special feature,Paved,,Property Damage Only,0,0,0,0,0,0,100000,1,1,,POINT (-94.442809789135 42.398401091566)
2014794890,14-014388,04/14/2014,04-April,2-Monday,06:02,0600 Hours,District 4 (Southwest),COUNCIL BLUFFS,POTTAWATTAMIE,I-29,I-29,Collision with fixed object:  Bridge overhead structure,On Roadway,Non-collision (single vehicle),Other (explain in narrative):  No improper action,None Indicated,,Daylight,Ice/frost,Snow,"Surface condition (e.g., wet, icy)",Non-intersection:  Other non-intersection (explain in narrative),Paved,,Possible/Unknown,0,1,0,0,1,0,500,1,1,,POINT (-95.825691895184 41.213874540973)
2014795002,W14-036143,04/14/2014,04-April,2-Monday,05:53,0500 Hours,District 2 (Northeast),WATERLOO,BLACK HAWK,US 218,US 218/WASHINGTON ST,Collision with fixed object:  Curb/island/raised median,On Roadway,Non-collision (single vehicle),Ran off road - left,None Indicated,,Dark - roadway not lighted,Ice/frost,Snow,Other (explain in narrative),Non-intersection:  Non-junction/no special feature,Paved,,Property Damage Only,0,0,0,0,0,0,6000,1,1,,POINT (-92.405381811417 42.53794722378)
2014795252,14S00477,04/14/2014,04-April,2-Monday,09:30,0900 Hours,District 4 (Southwest),,UNION,,Co Rd P33/CHERRY ST RD,Non-collision events:  Overturn/rollover,On Roadway,Non-collision (single vehicle),Ran off road - left,None Indicated,,Daylight,Ice/frost,Cloudy,"Surface condition (e.g., wet, icy)",Non-intersection:  Non-junction/no special feature,Paved,,Minor Injury,0,1,0,1,0,0,4500,1,1,,POINT (-94.357110853153 41.121911807983)
2014808042,2014023092,04/14/2014,04-April,2-Monday,07:15,0700 Hours,District 2 (Northeast),,BLACK HAWK,I-380,I-380,Collision with:  Parked motor vehicle,Shoulder,Rear-end (front to rear),Driving too fast for conditions,None Indicated,,Daylight,Ice/frost,Cloudy,"Surface condition (e.g., wet, icy)",Non-intersection:  Other non-intersection (explain in narrative),Paved,,Possible/Unknown,0,1,0,0,1,0,3000,2,1,,POINT (-92.192326378618 42.449494375015)
2014802711,,04/14/2014,04-April,2-Monday,14:30,1400 Hours,District 1 (Central),TAMA,TAMA,,STATE ST,Collision with fixed object:  Utility pole/light support,Shoulder,Non-collision (single vehicle),Ran off road - right,None Indicated,,Daylight,,,None apparent,Non-intersection:  Non-junction/no special feature,Paved,,Property Damage Only,0,0,0,0,0,0,1500,1,1,,POINT (-92.310360836657 42.171273883713)
2014795134,2014023089,04/14/2014,04-April,2-Monday,06:25,0600 Hours,District 5 (Southeast),,WAYNE,IA 2,IA 2/IOWA 2,Collision with:  Animal,,,Animal,None Indicated,,,,,,,Paved,,Property Damage Only,0,0,0,0,0,0,5000,1,1,,POINT (-93.276482594523 40.753602961207)
2014795022,01-14-15385,04/14/2014,04-April,2-Monday,06:41,0600 Hours,District 6 (East Central),DUBUQUE,DUBUQUE,,JACKSON ST,Non-collision events:  Other non-collision (explain in narrative),On Roadway,Non-collision (single vehicle),Other (explain in narrative):  Other,None Indicated,,Daylight,Wet,Cloudy,None apparent,Non-intersection:  Non-junction/no special feature,Paved,,Property Damage Only,0,0,0,0,0,0,2500,1,1,,POINT (-90.669975739885 42.514337757896)
2014796140,14-000449,04/14/2014,04-April,2-Monday,07:43,0700 Hours,District 1 (Central),NEVADA,STORY,,Co Rd S27/650TH AVE & 272ND ST,Collision with fixed object:  Ditch,On Roadway,Non-collision (single vehicle),Crossed centerline (undivided),None Indicated,,Daylight,Ice/frost,Cloudy,"Surface condition (e.g., wet, icy)",Non-intersection:  Non-junction/no special feature,Paved,,Property Damage Only,0,0,0,0,0,0,2000,1,1,,POINT (-93.405861199944 41.96101114657)
2014796044,14-002346,04/14/2014,04-April,2-Monday,00:00,0000 Hours,District 1 (Central),,HAMILTON,I-35,I-35,Non-collision events:  Overturn/rollover,On Roadway,Non-collision (single vehicle),Ran off road - right,None Indicated,,Dark - roadway not lighted,Snow,Snow,"Surface condition (e.g., wet, icy)",Non-intersection:  Non-junction/no special feature,Paved,,Property Damage Only,0,0,0,0,0,0,6000,1,1,,POINT (-93.570453675659 42.296151714083)
2014795133,2014023069,04/14/2014,04-April,2-Monday,03:20,0300 Hours,District 1 (Central),ALTOONA,POLK,I-80,I-80,Collision with fixed object:  Bridge overhead structure,Shoulder,Non-collision (single vehicle),Ran off road - right,None Indicated,,Dark - roadway not lighted,Snow,"Sleet, hail",Work Zone (roadway-related),Non-intersection:  Other non-intersection (explain in narrative),Paved,Yes,Property Damage Only,0,0,0,0,0,0,3000,1,1,,POINT (-93.498434267172 41.661886827071)
2014794938,14-11195,04/14/2014,04-April,2-Monday,15:10,1500 Hours,District 3 (Northwest),SIOUX CITY,WOODBURY,I-29,I-29,Collision with:  Vehicle in traffic,On Roadway,"Sideswipe, same direction",Lost Control,None Indicated,,Daylight,Dry,Cloudy,None apparent,Interchange-related:  On-ramp merge area,Paved,,Property Damage Only,0,0,0,0,0,0,2550,2,2,,POINT (-96.415864507831 42.492209406219)
2014795042,201405212,04/14/2014,04-April,2-Monday,15:00,1500 Hours,District 6 (East Central),CEDAR RAPIDS,LINN,,WILSON AVE SW & EDGEWOOD RD SW,Collision with:  Vehicle in traffic,On Roadway,Broadside (front to side),Ran Traffic Signal,None Indicated,,Daylight,Dry,Cloudy,None apparent,Intersection:  Four-way intersection,Paved,,Major Injury,0,1,1,0,0,0,13000,2,3,,POINT (-91.716267883224 41.956487540699)
2014794939,14-11212,04/14/2014,04-April,2-Monday,17:26,1700 Hours,District 3 (Northwest),SIOUX CITY,WOODBURY,,1ST ST & S FAIRMOUNT ST,Collision with:  Vehicle in traffic,On Roadway,"Angle, oncoming left turn",FTYROW:  Making left turn,None Indicated,,Daylight,Dry,Clear,None apparent,Intersection:  Four-way intersection,Paved,,Property Damage Only,0,0,0,0,0,0,6000,2,5,,POINT (-96.374473069057 42.491095827083)
2014804951,,04/14/2014,04-April,2-Monday,04:34,0400 Hours,District 2 (Northeast),,CHICKASAW,,,Collision with fixed object:  Guardrail - face,Shoulder,Non-collision (single vehicle),Ran off road - left,None Indicated,,Dark - roadway not lighted,Snow,Snow,"Surface condition (e.g., wet, icy)",Non-intersection:  Non-junction/no special feature,,,Property Damage Only,0,0,0,0,0,0,3000,1,1,,POINT (-96.643700149993 40.233091251414)
2014795419,14-036137,04/14/2014,04-April,2-Monday,04:33,0400 Hours,District 2 (Northeast),,BLACK HAWK,,Co Rd C57/W CEDAR-WAPSI RD,Non-collision events:  Overturn/rollover,Shoulder,Non-collision (single vehicle),Crossed centerline (undivided),None Indicated,,Dark - roadway not lighted,Slush,"Sleet, hail",None apparent,Non-intersection:  Non-junction/no special feature,Paved,,Possible/Unknown,0,1,0,0,1,0,4500,1,1,,POINT (-92.438811881646 42.613817919832)