Iowa DOT Case Number,Law Enforcement Case Number,Date of Crash,Month of Crash,Day of Week,Time of Crash,Hour,DOT District,City Name,County Name,Route with System,Location Description,First Harmful Event,Location of First Harmful Event,Manner of Crash/Collision,Major Cause,Drug or Alcohol ,Environmental Conditions,Light Conditions,Surface Conditions,Weather Conditions,Roadway Contribution,Roadway Type,Roadway Surface,Work Zone,Crash Severity,Number of Fatalities,Number of Injuries,Number of Major Injuries,Number of Minor Injuries,Number of Possible Injuries,Number of Unknown Injuries,Amount of Property Damage,Number of Vehicles Involved,Total Number of Occupants,Travel Direction,Location
2014795088,14-6824,04/14/2014,04-April,2-Monday,09:20,0900 Hours,District 6 (East Central),BETTENDORF,SCOTT,,MIDDLE RD & DEVILS GLEN RD,Collision with:  Vehicle in traffic,On Roadway,Rear-end (front to rear),Followed too close,None Indicated,,Daylight,Wet,Cloudy,None apparent,Intersection:  Four-way intersection,Paved,,Property Damage Only,0,0,0,0,0,0,2500,2,2,,POINT (-90.48363896317 41.551566975965)
2014795367,S14-001210,04/14/2014,04-April,2-Monday,23:21,2300 Hours,District 4 (Southwest),,POTTAWATTAMIE,I-29,I-29,Collision with fixed object:  Ditch,On Roadway,Non-collision (single vehicle),Ran off road - right,None Indicated,,Dark - roadway not lighted,Ice/frost,Snow,"Surface condition (e.g., wet, icy)",Non-intersection:  Other non-intersection (explain in narrative),Paved,,Property Damage Only,0,0,0,0,0,0,3000,1,1,,POINT (-95.894394778911 41.34678394309)
2014794677,20140009907,04/14/2014,04-April,2-Monday,07:10,0700 Hours,District 1 (Central),DES MOINES,POLK,,CLARK ST & 9TH ST,Collision with:  Vehicle in traffic,On Roadway,Broadside (front to side),Unknown,None Indicated,,Daylight,Dry,Cloudy,None apparent,Non-intersection:  Non-junction/no special feature,Paved,,Property Damage Only,0,0,0,0,0,0,4000,2,5,,POINT (-93.629376487813 41.605859255378)
2014794679,20140009916,04/14/2014,04-April,2-Monday,08:51,0800 Hours,District 1 (Central),DES MOINES,POLK,,E DOUGLAS AVE & E 26TH ST,Collision with:  Vehicle in traffic,On Roadway,Rear-end (front to rear),Followed too close,None Indicated,,Daylight,Dry,Cloudy,None apparent,Non-intersection:  Non-junction/no special feature,Paved,,Property Damage Only,0,0,0,0,0,0,7000,2,3,,POINT (-93.568295971036 41.629551145084)
2014796834,,04/14/2014,04-April,2-Monday,06:51,0600 Hours,District 2 (Northeast),,FLOYD,US 18,US 18,Collision with fixed object:  Ditch,Roadside,Non-collision (single vehicle),Driving too fast for conditions,None Indicated,,Dawn,Ice/frost,Cloudy,"Surface condition (e.g., wet, icy)",Non-intersection:  Non-junction/no special feature,Paved,,Property Damage Only,0,0,0,0,0,0,1500,1,1,,POINT (-92.794394292129 43.12710265162)
2014808864,14-000448,04/14/2014,04-April,2-Monday,05:15,0500 Hours,District 1 (Central),,STORY,IA 210,IA 210/IOWA 210,Collision with fixed object:  Ditch,Shoulder,Non-collision (single vehicle),Crossed centerline (undivided),Alcohol (< Statutory),,Dark - roadway not lighted,Slush,Snow,None apparent,Non-intersection:  Non-junction/no special feature,Paved,,Property Damage Only,0,0,0,0,0,0,2000,1,1,,POINT (-93.472111140116 41.87761641605)
2014794921,201400017709,04/14/2014,04-April,2-Monday,07:44,0700 Hours,District 5 (Southeast),OTTUMWA,WAPELLO,,E 2ND ST & S COOPER AVE & N COOPER AVE,Collision with:  Vehicle in traffic,On Roadway,Broadside (front to side),Other (explain in narrative):  Other,None Indicated,,Dawn,Wet,Cloudy,None apparent,Intersection:  Four-way intersection,Paved,,Property Damage Only,0,0,0,0,0,0,2500,2,2,,POINT (-92.399177278679 41.012099035679)
2014794831,14-3757,04/14/2014,04-April,2-Monday,18:12,1800 Hours,District 3 (Northwest),CARROLL,CARROLL,,5TH ST & CLARK ST,Collision with:  Vehicle in traffic,On Roadway,Broadside (front to side),Ran Stop Sign,None Indicated,,Daylight,Dry,Clear,None apparent,Intersection:  Four-way intersection,Paved,,Property Damage Only,0,0,0,0,0,0,27700,2,3,,POINT (-94.864851751982 42.06382316381)
2014794563,2014-1770,04/14/2014,04-April,2-Monday,07:07,0700 Hours,District 1 (Central),,HARDIN,US 20,US 20,Collision with fixed object:  Ditch,On Roadway,Non-collision (single vehicle),Swerving/Evasive Action,None Indicated,,Daylight,Ice/frost,Cloudy,None apparent,Non-intersection:  Non-junction/no special feature,Paved,,Major Injury,0,4,2,1,1,0,10000,1,4,,POINT (-93.016140589736 42.462596604811)
2014794899,14-014452,04/14/2014,04-April,2-Monday,14:25,1400 Hours,District 4 (Southwest),COUNCIL BLUFFS,POTTAWATTAMIE,,9TH AVE & S 7TH ST,Collision with:  Vehicle in traffic,On Roadway,Broadside (front to side),Other (explain in narrative):  Other,None Indicated,,Daylight,Dry,Clear,None apparent,Non-intersection:  Alley,Paved,,Property Damage Only,0,0,0,0,0,0,6000,2,3,,POINT (-95.854737184553 41.253398152911)
2014794678,20140009910,04/14/2014,04-April,2-Monday,07:52,0700 Hours,District 1 (Central),DES MOINES,POLK,,DOUGLAS AVE & 6TH AVE,Collision with:  Vehicle in traffic,On Roadway,Broadside (front to side),FTYROW:  From stop sign,None Indicated,,Daylight,Dry,Cloudy,None apparent,Intersection:  Four-way intersection,Paved,,Possible/Unknown,0,1,0,0,1,0,7500,2,2,,POINT (-93.624792890557 41.629564199109)
2014794829,14-003132,04/14/2014,04-April,2-Monday,08:19,0800 Hours,District 6 (East Central),INDEPENDENCE,BUCHANAN,IA 150,IA 150/5TH AVE NE & 6TH ST NE,Collision with:  Parked motor vehicle,On Roadway,Unknown,Unknown,None Indicated,,Daylight,Snow,Snow,None apparent,Non-intersection:  Non-junction/no special feature,Paved,,Property Damage Only,0,0,0,0,0,0,2000,2,1,,POINT (-91.88940795279 42.473562587107)
2014795261,2014023556,04/15/2014,04-April,3-Tuesday,21:22,2100 Hours,District 5 (Southeast),,MARION,,Co Rd G28/HWY G28 & 167TH PL,Collision with:  Vehicle in traffic,On Roadway,Rear-end (front to rear),Crossed centerline (undivided),None Indicated,,Dark - roadway not lighted,Dry,Clear,None apparent,Non-intersection:  Non-junction/no special feature,Paved,,Possible/Unknown,0,1,0,0,0,1,9000,2,2,,POINT (-93.024601568859 41.414928338755)
2014797051,14C01656,04/15/2014,04-April,3-Tuesday,10:29,1000 Hours,District 4 (Southwest),CRESTON,UNION,IA 25,IA 25/W TOWNLINE ST & LINCOLN ST & N LINCOLN ST,Collision with:  Vehicle in traffic,On Roadway,"Angle, oncoming left turn",FTYROW:  Making left turn,None Indicated,,Daylight,Dry,Clear,None apparent,Intersection:  Four-way intersection,Paved,,Property Damage Only,0,0,0,0,0,0,3500,2,2,,POINT (-94.375812326612 41.0711205576)
2014795018,01-14-15576,04/15/2014,04-April,3-Tuesday,07:17,0700 Hours,District 6 (East Central),DUBUQUE,DUBUQUE,,SPRING VALLEY RD & JOHN F KENNEDY RD,Collision with:  Vehicle in traffic,On Roadway,Broadside (front to side),FTYROW:  From stop sign,None Indicated,,Daylight,Dry,Clear,None apparent,Intersection:  T-intersection,Paved,,Property Damage Only,0,0,0,0,0,0,6000,2,2,,POINT (-90.721446551952 42.521874985089)
2014795123,14-1098,04/15/2014,04-April,3-Tuesday,15:22,1500 Hours,District 1 (Central),FORT DODGE,WEBSTER,,3RD AVE S & S 17TH ST,Collision with:  Vehicle in traffic,On Roadway,Broadside (front to side),Driver Distraction:  Manual operation of an electronic communication device,None Indicated,,Daylight,Dry,Clear,None apparent,Non-intersection:  Non-junction/no special feature,Paved,,Possible/Unknown,0,1,0,0,1,0,3500,2,2,,POINT (-94.174901821469 42.503081520018)
2014795458,140926,04/15/2014,04-April,3-Tuesday,05:51,0500 Hours,District 3 (Northwest),DENISON,CRAWFORD,,6TH AVE N & N 9TH ST,Collision with:  Other non-fixed object (explain in narrative),On Roadway,Non-collision (single vehicle),Other (explain in narrative):  Other,None Indicated,,Dawn,Dry,Clear,None apparent,Non-intersection:  Non-junction/no special feature,Paved,,Possible/Unknown,0,1,0,0,1,0,20000,1,1,,POINT (-95.360253401073 42.02299986041)
2014795011,CL14001103,04/15/2014,04-April,3-Tuesday,20:48,2000 Hours,District 6 (East Central),CLINTON,CLINTON,,Co Rd F14/230 ST,Collision with:  Animal,On Roadway,Non-collision (single vehicle),Animal,None Indicated,,Dark - roadway not lighted,Dry,Clear,None apparent,Non-intersection:  Non-junction/no special feature,Unpaved,,Property Damage Only,0,0,0,0,0,0,4500,1,1,,POINT (-90.324913284009 41.844756358946)
2014795386,14-11290,04/15/2014,04-April,3-Tuesday,10:00,1000 Hours,District 3 (Northwest),SIOUX CITY,WOODBURY,,SINGING HILLS BLVD & HARBOR DR,Collision with:  Vehicle in traffic,On Roadway,Rear-end (front to rear),Lost Control,None Indicated,,Daylight,Dry,Clear,None apparent,Intersection:  Four-way intersection,Paved,,Property Damage Only,0,0,0,0,0,0,2600,2,2,,POINT (-96.378646831344 42.433946998241)
2014794812,14005223,04/15/2014,04-April,3-Tuesday,08:49,0800 Hours,District 5 (Southeast),CENTERVILLE,APPANOOSE,,N 9TH ST,Collision with:  Vehicle in traffic,On Roadway,Rear-end (front to rear),Unknown,None Indicated,,Daylight,Dry,Clear,None apparent,Intersection:  Four-way intersection,Paved,,Property Damage Only,0,0,0,0,0,0,3000,2,1,,POINT (-92.877394911914 40.737995789101)
2014795073,14-1749,04/15/2014,04-April,3-Tuesday,18:09,1800 Hours,District 1 (Central),WEST DES MOINES,POLK,,UNIVERSITY AVE,Collision with:  Vehicle in traffic,On Roadway,Rear-end (front to rear),Unknown,None Indicated,,Daylight,Dry,Clear,None apparent,Non-intersection:  Non-junction/no special feature,Paved,,Possible/Unknown,0,1,0,0,1,0,16000,3,4,,POINT (-93.782177837997 41.600444596084)
2014795240,2014-23116,04/15/2014,04-April,3-Tuesday,15:44,1500 Hours,District 6 (East Central),DAVENPORT,SCOTT,US 6,US 6/E KIMBERLY RD & BELLE AVE,Collision with:  Vehicle in traffic,On Roadway,"Angle, oncoming left turn",FTYROW:  Making left turn,None Indicated,,Daylight,Dry,Clear,None apparent,Intersection:  Four-way intersection,Paved,,Possible/Unknown,0,2,0,0,2,0,7000,2,2,,POINT (-90.544920043746 41.556882306541)
2014795000,W14-036521,04/15/2014,04-April,3-Tuesday,07:59,0700 Hours,District 2 (Northeast),WATERLOO,BLACK HAWK,,WILLISTON AVE & W 9TH ST,Collision with:  Vehicle in traffic,On Roadway,Rear-end (front to rear),Driver Distraction:  Manual operation of an electronic communication device,None Indicated,,Daylight,Dry,Clear,None apparent,Non-intersection:  Non-junction/no special feature,Paved,,Property Damage Only,0,0,0,0,0,0,5200,2,2,,POINT (-92.342903858384 42.483904347901)
2014795387,14-11294,04/15/2014,04-April,3-Tuesday,10:17,1000 Hours,District 3 (Northwest),SIOUX CITY,WOODBURY,,S LANCELOT LN & SINGING HILLS BLVD,Collision with:  Vehicle in traffic,On Roadway,"Sideswipe, same direction",Made improper turn,None Indicated,,Daylight,Dry,Clear,None apparent,Intersection:  Four-way intersection,Paved,,Property Damage Only,0,0,0,0,0,0,2000,2,2,,POINT (-96.350104793716 42.438045319683)
2014795001,W14-036639,04/15/2014,04-April,3-Tuesday,13:58,1300 Hours,District 2 (Northeast),WATERLOO,BLACK HAWK,,LAFAYETTE ST & E 4TH ST,Collision with:  Vehicle in traffic,On Roadway,Broadside (front to side),Ran Traffic Signal,None Indicated,,Daylight,Dry,Clear,None apparent,Intersection:  Four-way intersection,Paved,,Possible/Unknown,0,1,0,0,1,0,18000,2,3,,POINT (-92.335004931082 42.499060644628)
2014794889,14-0398,04/15/2014,04-April,3-Tuesday,08:08,0800 Hours,District 1 (Central),PLEASANT HILL,POLK,IA 163,IA 163/E UNIVERSITY AVE & NE 60TH ST,Collision with:  Vehicle in traffic,On Roadway,Broadside (front to side),Other (explain in narrative):  No improper action,None Indicated,,Daylight,Dry,Clear,None apparent,Intersection:  Four-way intersection,Paved,,Property Damage Only,0,0,0,0,0,0,5500,2,2,,POINT (-93.491479215708 41.598596091189)
2014795483,14-005956,04/15/2014,04-April,3-Tuesday,23:24,2300 Hours,District 5 (Southeast),,HENRY,US 218,US 218,Collision with:  Animal,,,Animal,None Indicated,,,,,,,Paved,,Property Damage Only,0,0,0,0,0,0,100000,1,1,,POINT (-91.546053908475 41.038904140483)
2014795371,S14-001229,04/15/2014,04-April,3-Tuesday,07:20,0700 Hours,District 4 (Southwest),,POTTAWATTAMIE,IA 92,IA 92/IOWA 92 & CONCORD LOOP,Collision with:  Vehicle in traffic,On Roadway,"Sideswipe, same direction",Crossed centerline (undivided),None Indicated,,Daylight,Dry,Clear,None apparent,Non-intersection:  Non-junction/no special feature,Paved,,Property Damage Only,0,0,0,0,0,0,8000,2,2,,POINT (-95.79464649619 41.232933862822)
2014796840,,04/15/2014,04-April,3-Tuesday,15:49,1500 Hours,District 6 (East Central),CEDAR RAPIDS,LINN,US 30,US 30/SW RAMP/SW LOOP & WACONIA AVE SW,Collision with:  Vehicle in traffic,On Roadway,Rear-end (front to rear),Unknown,None Indicated,,Daylight,Dry,Clear,,Intersection:  T-intersection,Paved,,Property Damage Only,0,0,0,0,0,0,1948,2,3,,POINT (-91.679479640812 41.926600975099)
2014795227,20140010066,04/15/2014,04-April,3-Tuesday,17:52,1700 Hours,District 1 (Central),DES MOINES,POLK,,E KENYON AVE & SE 5TH ST,Collision with:  Vehicle in traffic,On Roadway,Broadside (front to side),FTYROW:  From stop sign,None Indicated,,Daylight,Dry,Cloudy,None apparent,Intersection:  Four-way intersection,Paved,,Property Damage Only,0,0,0,0,0,0,4000,2,2,,POINT (-93.6064799286 41.535446300905)
2014795060,14-0428,04/15/2014,04-April,3-Tuesday,17:14,1700 Hours,District 1 (Central),CLIVE,POLK,I-35,I-35,Collision with:  Vehicle in traffic,On Roadway,"Sideswipe, same direction",Swerving/Evasive Action,None Indicated,,Daylight,Dry,Clear,None apparent,Non-intersection:  Non-junction/no special feature,Paved,,Property Damage Only,0,0,0,0,0,0,6500,2,2,,POINT (-93.776871692363 41.609262585389)
2014795664,2014-07730,04/15/2014,04-April,3-Tuesday,16:00,1600 Hours,District 5 (Southeast),,WARREN,,Co Rd G72/200TH AVE,Non-collision events:  Overturn/rollover,On Roadway,Non-collision (single vehicle),Swerving/Evasive Action,None Indicated,,Daylight,Dry,Clear,None apparent,Non-intersection:  Non-junction/no special feature,Unpaved,,Property Damage Only,0,0,0,0,0,0,5000,1,2,,POINT (-93.423678544494 41.200244467746)
2014795389,14-11321,04/15/2014,04-April,3-Tuesday,15:40,1500 Hours,District 3 (Northwest),SIOUX CITY,WOODBURY,,FLOYD BLVD & OUTER DR N,Collision with:  Vehicle in traffic,On Roadway,Rear-end (front to rear),Followed too close,None Indicated,,Daylight,Dry,Clear,None apparent,Intersection:  Four-way intersection,Paved,,Property Damage Only,0,0,0,0,0,0,2000,2,2,,POINT (-96.370232414508 42.533965067165)
2014795390,14-11323,04/15/2014,04-April,3-Tuesday,15:43,1500 Hours,District 3 (Northwest),SIOUX CITY,WOODBURY,IA 376,IA 376/LEWIS BLVD,Collision with:  Vehicle in traffic,On Roadway,Rear-end (front to rear),Followed too close,None Indicated,,Daylight,Dry,Cloudy,None apparent,Non-intersection:  Non-junction/no special feature,Paved,,Property Damage Only,0,0,0,0,0,0,4000,2,2,,POINT (-96.372294816774 42.511897378261)
2014795634,2014-23160,04/15/2014,04-April,3-Tuesday,18:52,1800 Hours,District 6 (East Central),DAVENPORT,SCOTT,US 6,US 6/E KIMBERLY RD & JERSEY RIDGE RD,Collision with:  Vehicle in traffic,On Roadway,Rear-end (front to rear),Followed too close,None Indicated,,Dusk,Dry,Clear,None apparent,Intersection:  Four-way intersection,Paved,,Property Damage Only,0,0,0,0,0,0,2000,2,2,,POINT (-90.541695833166 41.556849407205)
2014795373,S14-001240,04/15/2014,04-April,3-Tuesday,23:32,2300 Hours,District 4 (Southwest),TREYNOR,POTTAWATTAMIE,IA 92,IA 92/IOWA 92,Collision with fixed object:  Guardrail - face,On Roadway,Non-collision (single vehicle),Ran off road - right,None Indicated,,Unknown,Unknown,Clear,None apparent,Non-intersection:  Other non-intersection (explain in narrative),Paved,,Property Damage Only,0,0,0,0,0,0,5500,1,1,,POINT (-95.674567131182 41.232716480352)
2014796026,W14-036634,04/15/2014,04-April,3-Tuesday,13:49,1300 Hours,District 2 (Northeast),WATERLOO,BLACK HAWK,,WILLOW ST & LINDEN AVE,Collision with:  Vehicle in traffic,On Roadway,Broadside (front to side),FTYROW:  From stop sign,None Indicated,,Daylight,Dry,Clear,None apparent,Intersection:  Four-way intersection,Paved,,Property Damage Only,0,0,0,0,0,0,2500,2,2,,POINT (-92.317859172587 42.505588156249)
2014795122,14-1093,04/15/2014,04-April,3-Tuesday,11:30,1100 Hours,District 1 (Central),FORT DODGE,WEBSTER,,1ST AVE S & S 15TH ST,Collision with:  Vehicle in traffic,On Roadway,Rear-end (front to rear),Followed too close,None Indicated,,Daylight,Dry,Cloudy,None apparent,Non-intersection:  Non-junction/no special feature,Paved,,Property Damage Only,0,0,0,0,0,0,4000,2,2,,POINT (-94.17770243561 42.505097065513)
2014795065,20140010053,04/15/2014,04-April,3-Tuesday,15:11,1500 Hours,District 1 (Central),DES MOINES,POLK,IA 28,IA 28/63RD ST,Collision with:  Vehicle in traffic,On Roadway,Rear-end (front to rear),Followed too close,None Indicated,,Daylight,Dry,Clear,None apparent,Non-intersection:  Non-junction/no special feature,Paved,,Possible/Unknown,0,1,0,0,1,0,800,2,2,,POINT (-93.703420706855 41.583659585018)
2014795199,201401178,04/15/2014,04-April,3-Tuesday,06:37,0600 Hours,District 6 (East Central),,LINN,,Co Rd D62/COGGON RD,Collision with:  Animal,,Non-collision (single vehicle),Animal,None Indicated,,,,,,,Paved,,Property Damage Only,0,0,0,0,0,0,3000,1,1,,POINT (-91.629108761642 42.282189270874)
2014796184,,04/15/2014,04-April,3-Tuesday,10:00,1000 Hours,District 5 (Southeast),FORT MADISON,LEE,,16TH ST & AVE E,Collision with:  Vehicle in traffic,On Roadway,Rear-end (front to rear),Followed too close,None Indicated,,Daylight,Dry,Cloudy,None apparent,Intersection:  Four-way intersection,Paved,,Property Damage Only,0,0,0,0,0,0,2000,2,4,,POINT (-91.326387008966 40.633160204763)
2014795906,14-090,04/15/2014,04-April,3-Tuesday,12:04,1200 Hours,District 2 (Northeast),WAVERLY,BREMER,IA 3,IA 3/BREMER AVE & 1ST ST SW & 1ST ST NW,Collision with:  Vehicle in traffic,On Roadway,"Angle, oncoming left turn",FTYROW:  Making left turn,None Indicated,,Daylight,Dry,Clear,None apparent,Intersection:  Four-way intersection,Paved,,Property Damage Only,0,0,0,0,0,0,5000,2,3,,POINT (-92.47200431229 42.725770967292)
2014795072,14-0799,04/15/2014,04-April,3-Tuesday,17:06,1700 Hours,District 1 (Central),URBANDALE,POLK,,DOUGLAS PKWY,Collision with:  Vehicle in traffic,On Roadway,Unknown,Unknown,None Indicated,,Daylight,Dry,Clear,None apparent,Non-intersection:  Non-junction/no special feature,Paved,,Property Damage Only,0,0,0,0,0,0,3200,2,3,,POINT (-93.779299497441 41.629494263545)
2014795019,01-14-15660,04/15/2014,04-April,3-Tuesday,16:07,1600 Hours,District 6 (East Central),DUBUQUE,DUBUQUE,,WACKER DR,Collision with:  Vehicle in traffic,On Roadway,Rear-end (front to rear),Lost Control,None Indicated,,Daylight,Dry,Clear,None apparent,Non-intersection:  Non-junction/no special feature,Paved,,Property Damage Only,0,0,0,0,0,0,3300,2,3,,POINT (-90.72047596352 42.491985299355)
2014794852,14007577,04/15/2014,04-April,3-Tuesday,08:00,0800 Hours,District 6 (East Central),MARION,LINN,,26TH AVE,Collision with:  Vehicle in traffic,On Roadway,Head-on (front to front),Unknown,None Indicated,,Daylight,Dry,Clear,None apparent,Non-intersection:  Non-junction/no special feature,Paved,,Property Damage Only,0,0,0,0,0,0,1500,2,1,,POINT (-91.578486722637 42.048052949441)
2014794836,14-005896,04/15/2014,04-April,3-Tuesday,04:06,0400 Hours,District 5 (Southeast),,HENRY,,Co Rd H46/OAKLAND MILLS RD,Collision with:  Animal,,,Animal,None Indicated,,,,,,,Paved,,Property Damage Only,0,0,0,0,0,0,1500,1,1,,POINT (-91.571815527056 40.945040179031)
2014795050,2014003499,04/15/2014,04-April,3-Tuesday,08:00,0800 Hours,District 1 (Central),MARSHALLTOWN,MARSHALL,IA 14,IA 14/S CENTER ST & W INGLEDUE ST & E INGLEDUE ST,Collision with:  Vehicle in traffic,On Roadway,"Angle, oncoming left turn",FTYROW:  Making left turn,None Indicated,,Daylight,Dry,Clear,None apparent,Intersection:  Four-way intersection,Paved,,Property Damage Only,0,0,0,0,0,0,3000,2,2,,POINT (-92.91271620888 42.032118503122)
2014799894,2014-000500,04/15/2014,04-April,3-Tuesday,08:35,0800 Hours,District 6 (East Central),BELLE PLAINE,BENTON,,8TH AVE,Collision with:  Other non-fixed object (explain in narrative),Roadside,Non-collision (single vehicle),Ran off road - left,None Indicated,,Daylight,Dry,Clear,None apparent,Non-intersection:  Non-junction/no special feature,Paved,,Possible/Unknown,0,1,0,0,1,0,5000,1,1,,POINT (-92.276629731028 41.899663184108)
2014795062,20140010013,04/15/2014,04-April,3-Tuesday,07:13,0700 Hours,District 1 (Central),DES MOINES,POLK,,E UNIVERSITY AVE & E 13TH ST,Collision with:  Vehicle in traffic,On Roadway,Rear-end (front to rear),Other (explain in narrative):  Other,None Indicated,,Daylight,Dry,Cloudy,None apparent,Intersection:  Four-way intersection,Paved,,Property Damage Only,0,0,0,0,0,0,1700,2,2,,POINT (-93.603391959952 41.600423097002)
2014797516,2014023535,04/15/2014,04-April,3-Tuesday,17:30,1700 Hours,District 1 (Central),,POLK,I-35,I-35,Collision with:  Vehicle in traffic,On Roadway,Rear-end (front to rear),Driving too fast for conditions,None Indicated,,Daylight,Dry,Clear,None apparent,Non-intersection:  Non-junction/no special feature,Paved,,Property Damage Only,0,0,0,0,0,0,2500,2,3,,POINT (-93.637210261497 41.649464929265)
2014795024,00963,04/15/2014,04-April,3-Tuesday,20:50,2000 Hours,District 6 (East Central),DYERSVILLE,DUBUQUE,US 20,US 20 & SAND STONE DR,Collision with:  Animal,,,Animal,None Indicated,,,,,,,Paved,,Property Damage Only,0,0,0,0,0,0,1500,1,1,,POINT (-91.097535487584 42.469374692845)
2014795670,2014-07732,04/15/2014,04-April,3-Tuesday,16:46,1600 Hours,District 5 (Southeast),INDIANOLA,WARREN,US 65,US 65/N JEFFERSON WAY,Collision with:  Vehicle in traffic,On Roadway,"Sideswipe, same direction",Crossed centerline (undivided),None Indicated,,Daylight,Dry,Clear,None apparent,Non-intersection:  Non-junction/no special feature,Paved,,Property Damage Only,0,0,0,0,0,0,3000,2,2,,POINT (-93.558640087844 41.380994431508)
2014795736,14003000,04/15/2014,04-April,3-Tuesday,05:00,0500 Hours,District 4 (Southwest),,CASS,I-80,I-80,Collision with:  Vehicle in traffic,On Roadway,Rear-end (front to rear),Followed too close,None Indicated,,Dark - roadway not lighted,Dry,Clear,None apparent,Non-intersection:  Non-junction/no special feature,Paved,,Property Damage Only,0,0,0,0,0,0,7000,2,2,,POINT (-95.033036293041 41.497032262929)
2014795215,14-001650,04/15/2014,04-April,3-Tuesday,23:08,2300 Hours,District 1 (Central),ANKENY,POLK,,NE 78TH AVE,Collision with:  Parked motor vehicle,On Roadway,Unknown,Downhill runaway,None Indicated,,Dark - roadway lighted,Dry,Clear,None apparent,Non-intersection:  Non-junction/no special feature,Paved,,Minor Injury,0,1,0,1,0,0,45000,4,1,,POINT (-93.573844798317 41.702868717427)
2014795493,14-9125,04/15/2014,04-April,3-Tuesday,08:19,0800 Hours,District 1 (Central),NEWTON,JASPER,,S 5TH AVE W,Collision with:  Parked motor vehicle,On Roadway,Rear-end (front to rear),Lost Control,None Indicated,,Daylight,Dry,Clear,None apparent,Non-intersection:  Non-junction/no special feature,Paved,,Property Damage Only,0,0,0,0,0,0,7000,2,777,,POINT (-93.062371425243 41.69557460615)
2014795927,02-14-5996,04/15/2014,04-April,3-Tuesday,20:23,2000 Hours,District 6 (East Central),,DUBUQUE,US 52,US 52,Collision with:  Animal,,,Animal,None Indicated,,,,,,,Paved,,Property Damage Only,0,0,0,0,0,0,7000,1,1,,POINT (-90.60318351806 42.406688805534)
2014795322,201405255,04/15/2014,04-April,3-Tuesday,17:53,1700 Hours,District 6 (East Central),CEDAR RAPIDS,LINN,,32ND ST NE & GLASS RD NE & CENTER POINT RD NE,Collision with:  Vehicle in traffic,On Roadway,"Sideswipe, opposite direction","Operating vehicle in an reckless, erratic, careless, negligent manner",None Indicated,,Daylight,Dry,Clear,None apparent,Intersection:  Other intersection (explain in narrative),Paved,,Possible/Unknown,0,1,0,0,1,0,8000,2,2,,POINT (-91.663084696028 42.010504482488)
2014795084,S79140120,04/15/2014,04-April,3-Tuesday,15:00,1500 Hours,District 1 (Central),,POWESHIEK,,Co Rd T45/50TH ST,Collision with fixed object:  Ditch,Unknown,Non-collision (single vehicle),Ran off road - left,None Indicated,,Daylight,Dry,Clear,None apparent,Non-intersection:  Non-junction/no special feature,Unpaved,,Property Damage Only,0,0,0,0,0,0,5000,1,2,,POINT (-92.688473753834 41.691791632261)
2014798517,2014023513,04/15/2014,04-April,3-Tuesday,15:16,1500 Hours,District 1 (Central),,POLK,I-35,I-35,Non-collision events:  Other non-collision (explain in narrative),Median,Non-collision (single vehicle),Ran off road - left,None Indicated,,Daylight,Dry,Clear,None apparent,Non-intersection:  Non-junction/no special feature,Paved,,Property Damage Only,0,0,0,0,0,0,1500,1,1,,POINT (-93.637186244835 41.649465062003)
2014795284,W14-036687,04/15/2014,04-April,3-Tuesday,16:20,1600 Hours,District 2 (Northeast),WATERLOO,BLACK HAWK,US 63,US 63/LOGAN AVE & ESTHER ST,Collision with:  Vehicle in traffic,On Roadway,Rear-end (front to rear),Other (explain in narrative):  Other,None Indicated,,Daylight,Dry,Clear,Work Zone (roadway-related),Intersection:  Four-way intersection,Paved,Yes,Possible/Unknown,0,1,0,0,1,0,14500,3,3,,POINT (-92.337715723014 42.521266658822)
2014795528,1400000325,04/15/2014,04-April,3-Tuesday,14:25,1400 Hours,District 1 (Central),,MARSHALL,,Co Rd E41/235TH ST,Collision with:  Vehicle in traffic,On Roadway,"Sideswipe, opposite direction",Crossed centerline (undivided),None Indicated,,Daylight,Dry,Clear,None apparent,Non-intersection:  Non-junction/no special feature,Paved,,Property Damage Only,0,0,0,0,0,0,3000,2,2,,POINT (-93.071270613789 42.01582756383)
2014795420,14-036710,04/15/2014,04-April,3-Tuesday,17:09,1700 Hours,District 2 (Northeast),DUNKERTON,BLACK HAWK,IA 281,IA 281/CANFIELD RD,Collision with fixed object:  Ditch,On Roadway,Non-collision (single vehicle),Crossed centerline (undivided),None Indicated,,Daylight,Dry,Clear,None apparent,Non-intersection:  Non-junction/no special feature,Paved,,Property Damage Only,0,0,0,0,0,0,2166,1,1,,POINT (-92.160762155947 42.565613309363)
2014796294,2014-23040,04/15/2014,04-April,3-Tuesday,07:48,0700 Hours,District 6 (East Central),DAVENPORT,SCOTT,,W CENTRAL PARK AVE & MYRTLE ST,Collision with:  Vehicle in traffic,On Roadway,"Sideswipe, same direction",FTYROW:  Other (explain in narrative),None Indicated,,Daylight,Dry,Clear,None apparent,Intersection:  T-intersection,Paved,,Property Damage Only,0,0,0,0,0,0,1500,2,2,,POINT (-90.58876154428 41.545489785201)
2014795633,2014-23153,04/15/2014,04-April,3-Tuesday,18:04,1800 Hours,District 6 (East Central),DAVENPORT,SCOTT,,N LINCOLN AVE,Collision with:  Vehicle in traffic,On Roadway,Rear-end (front to rear),Other (explain in narrative):  Other,None Indicated,,Daylight,Dry,Clear,None apparent,Intersection:  Four-way intersection,Paved,,Property Damage Only,0,0,0,0,0,0,3000,2,2,,POINT (-90.613149278904 41.537911086628)