Iowa DOT Case Number,Law Enforcement Case Number,Date of Crash,Month of Crash,Day of Week,Time of Crash,Hour,DOT District,City Name,County Name,Route with System,Location Description,First Harmful Event,Location of First Harmful Event,Manner of Crash/Collision,Major Cause,Drug or Alcohol ,Environmental Conditions,Light Conditions,Surface Conditions,Weather Conditions,Roadway Contribution,Roadway Type,Roadway Surface,Work Zone,Crash Severity,Number of Fatalities,Number of Injuries,Number of Major Injuries,Number of Minor Injuries,Number of Possible Injuries,Number of Unknown Injuries,Amount of Property Damage,Number of Vehicles Involved,Total Number of Occupants,Travel Direction,Location
2014795165,041514-167,04/15/2014,04-April,3-Tuesday,19:00,1900 Hours,District 3 (Northwest),STORM LAKE,BUENA VISTA,,W 7TH ST,Collision with:  Vehicle in traffic,On Roadway,Broadside (front to side),FTYROW:  From parked position,None Indicated,,Daylight,Dry,Clear,None apparent,Non-intersection:  Non-junction/no special feature,Paved,,Possible/Unknown,0,1,0,0,1,0,6000,2,3,,POINT (-95.205543827801 42.646882053336)
2014795051,2014003506,04/15/2014,04-April,3-Tuesday,15:44,1500 Hours,District 1 (Central),MARSHALLTOWN,MARSHALL,IA 14,IA 14/S CENTER ST & W OLIVE ST & E OLIVE ST,Collision with:  Vehicle in traffic,On Roadway,"Angle, oncoming left turn",FTYROW:  Making left turn,None Indicated,,Daylight,Dry,Clear,None apparent,Intersection:  Four-way intersection,Paved,,Property Damage Only,0,0,0,0,0,0,7000,2,2,,POINT (-92.912636712582 42.028416723155)
2014796470,14-010573,04/15/2014,04-April,3-Tuesday,06:04,0600 Hours,District 5 (Southeast),,LEE,,Co Rd W62/ARGYLE RD,Collision with:  Animal,,,Animal,None Indicated,,,,,,,Paved,,Property Damage Only,0,0,0,0,0,0,2000,1,1,,POINT (-91.523015799904 40.472429386074)
2014794850,14007562,04/15/2014,04-April,3-Tuesday,08:22,0800 Hours,District 6 (East Central),MARION,LINN,,3RD AVE & 15TH ST,Collision with:  Vehicle in traffic,On Roadway,Rear-end (front to rear),Other (explain in narrative):  Other,None Indicated,,Daylight,Dry,Clear,None apparent,Intersection:  T-intersection,Paved,,Property Damage Only,0,0,0,0,0,0,2000,2,3,,POINT (-91.593944834332 42.029816464307)
2014795630,2014-23055,04/15/2014,04-April,3-Tuesday,09:18,0900 Hours,District 6 (East Central),DAVENPORT,SCOTT,,W 3RD ST,Collision with:  Vehicle in traffic,On Roadway,Broadside (front to side),Ran Traffic Signal,None Indicated,,Daylight,Dry,Clear,None apparent,Intersection:  Four-way intersection,Paved,,Property Damage Only,0,0,0,0,0,0,6000,3,4,,POINT (-90.583159681631 41.522405747378)
2014795043,201405250,04/15/2014,04-April,3-Tuesday,14:56,1400 Hours,District 6 (East Central),CEDAR RAPIDS,LINN,IA 922,IA 922/1ST AVE E & 2ND ST SE & 2ND ST NE,Collision with:  Vehicle in traffic,On Roadway,"Angle, oncoming left turn",Other (explain in narrative):  Other,None Indicated,,Daylight,Dry,Clear,None apparent,Non-intersection:  Non-junction/no special feature,Paved,,Property Damage Only,0,0,0,0,0,0,4000,2,2,,POINT (-91.668711241505 41.978696176969)
2014795086,14-6927,04/15/2014,04-April,3-Tuesday,16:11,1600 Hours,District 6 (East Central),BETTENDORF,SCOTT,US 67,US 67/GRANT ST,Collision with:  Vehicle in traffic,On Roadway,"Sideswipe, same direction",Made improper turn,None Indicated,,Daylight,Dry,Clear,None apparent,Non-intersection:  Driveway access (within),Paved,,Property Damage Only,0,0,0,0,0,0,5500,2,2,,POINT (-90.507462926553 41.526273973126)
2014795627,GP20140270,04/15/2014,04-April,3-Tuesday,12:30,1200 Hours,District 1 (Central),GRINNELL,POWESHIEK,IA 146,IA 146/WEST ST,Collision with:  Vehicle in traffic,On Roadway,Rear-end (front to rear),Driver Distraction:  Passenger,None Indicated,,Daylight,Dry,Clear,None apparent,Non-intersection:  Non-junction/no special feature,Paved,,Minor Injury,0,1,0,1,0,0,2000,2,5,,POINT (-92.727365414869 41.744654060561)
2014796668,2014023505,04/15/2014,04-April,3-Tuesday,14:47,1400 Hours,District 6 (East Central),WILLIAMSBURG,IOWA,IA 149,IA 149/P AVE,Collision with:  Vehicle in traffic,On Roadway,Broadside (front to side),Ran Traffic Signal,None Indicated,,Daylight,Dry,Clear,None apparent,Intersection:  Four-way intersection,Paved,,Property Damage Only,0,0,0,0,0,0,10000,2,5,,POINT (-92.008206821553 41.688348549285)
2014795054,SO14000888,04/15/2014,04-April,3-Tuesday,20:55,2000 Hours,District 3 (Northwest),,PLYMOUTH,IA 3,IA 3/IOWA 3 & FAWN AVE,Collision with:  Animal,,,Animal,None Indicated,,,,,,,Paved,,Property Damage Only,0,0,0,0,0,0,3000,1,1,,POINT (-96.429552544774 42.808004267047)
2014795715,,04/15/2014,04-April,3-Tuesday,12:50,1200 Hours,District 6 (East Central),DE WITT,CLINTON,,9TH ST & 8TH AVE,Collision with:  Vehicle in traffic,On Roadway,"Sideswipe, same direction",FTYROW:  From stop sign,None Indicated,,Daylight,Dry,,None apparent,Intersection:  Four-way intersection,Paved,,Property Damage Only,0,0,0,0,0,0,5500,2,2,,POINT (-90.541929482321 41.82418500785)
2014795013,14-12531,04/15/2014,04-April,3-Tuesday,18:35,1800 Hours,District 5 (Southeast),BURLINGTON,DES MOINES,US 61,US 61 & WEST AVE,Collision with:  Vehicle in traffic,On Roadway,Head-on (front to front),FTYROW:  Making left turn,None Indicated,,Daylight,Dry,Clear,None apparent,Intersection:  Four-way intersection,Paved,,Property Damage Only,0,0,0,0,0,0,4500,2,4,,POINT (-91.141645613111 40.800422823684)
2014795256,14-0203,04/15/2014,04-April,3-Tuesday,21:23,2100 Hours,District 1 (Central),,WEBSTER,US 169,US 169,Collision with:  Animal,,Non-collision (single vehicle),Animal,None Indicated,,,,,,,Paved,,Property Damage Only,0,0,0,0,0,0,3500,1,1,,POINT (-94.227138147391 42.55217320671)
2014795083,S79140119,04/15/2014,04-April,3-Tuesday,08:15,0800 Hours,District 1 (Central),,POWESHIEK,IA 146,IA 146/IOWA 146 & 320TH AVE,Collision with:  Vehicle in traffic,On Roadway,"Sideswipe, opposite direction",Swerving/Evasive Action,None Indicated,,Daylight,Dry,Clear,None apparent,Non-intersection:  Non-junction/no special feature,Paved,,Property Damage Only,0,0,0,0,0,0,1500,2,3,,POINT (-92.727527307363 41.834291984323)
2014795157,14005250,04/15/2014,04-April,3-Tuesday,20:21,2000 Hours,District 5 (Southeast),,APPANOOSE,,Co Rd J18/HWY J18,Collision with:  Animal,,,Animal,None Indicated,,,,,,,Paved,,Property Damage Only,0,0,0,0,0,0,8000,1,1,,POINT (-92.887438624538 40.892141907101)
2014795192,2014004046,04/15/2014,04-April,3-Tuesday,10:57,1000 Hours,District 6 (East Central),IOWA CITY,JOHNSON,,IOWA AVE,Collision with:  Parked motor vehicle,On Roadway,"Sideswipe, same direction",Other (explain in narrative):  Other,None Indicated,,Daylight,Dry,Clear,None apparent,Non-intersection:  Non-junction/no special feature,Paved,,Property Damage Only,0,0,0,0,0,0,2300,2,0,,POINT (-91.521834260902 41.661198798962)
2014796667,2014023470,04/15/2014,04-April,3-Tuesday,12:16,1200 Hours,District 1 (Central),,POWESHIEK,I-80,I-80,Collision with:  Vehicle in traffic,On Roadway,"Sideswipe, same direction",Crossed centerline (undivided),None Indicated,,Daylight,Dry,Clear,None apparent,Non-intersection:  Non-junction/no special feature,Paved,,Property Damage Only,0,0,0,0,0,0,40388,2,2,,POINT (-92.756932720617 41.695325480229)
2014795321,201405244,04/15/2014,04-April,3-Tuesday,11:55,1100 Hours,District 6 (East Central),CEDAR RAPIDS,LINN,,6TH ST SE,Collision with:  Vehicle in traffic,On Roadway,Broadside (front to side),Ran Stop Sign,None Indicated,,Daylight,Dry,Clear,None apparent,Intersection:  Four-way intersection,Paved,,Property Damage Only,0,0,0,0,0,0,2500,2,6,,POINT (-91.654858559675 41.972194140276)
2014794876,20140010011,04/15/2014,04-April,3-Tuesday,07:18,0700 Hours,District 1 (Central),DES MOINES,POLK,,PARK ST,Collision with:  Vehicle in traffic,On Roadway,Broadside (front to side),FTYROW:  Other (explain in narrative),None Indicated,,Dawn,Dry,Cloudy,None apparent,Non-intersection:  Non-junction/no special feature,Paved,,Property Damage Only,0,0,0,0,0,0,2000,2,2,,POINT (-93.625220001543 41.590506584515)
2014795009,14005766,04/15/2014,04-April,3-Tuesday,12:18,1200 Hours,District 2 (Northeast),MASON CITY,CERRO GORDO,US 65,US 65/S FEDERAL AVE & 19TH ST SE & 19TH ST SW,Collision with:  Vehicle in traffic,On Roadway,"Angle, oncoming left turn",FTYROW:  Making left turn,None Indicated,,Daylight,Dry,Clear,None apparent,Intersection:  Four-way intersection,Paved,,Property Damage Only,0,0,0,0,0,0,5000,2,4,,POINT (-93.201090557153 43.13362120428)
2014796669,2014023525,04/15/2014,04-April,3-Tuesday,16:30,1600 Hours,District 1 (Central),,JASPER,I-80,I-80,Collision with fixed object:  Guardrail - face,Shoulder,Non-collision (single vehicle),Ran off road - left,None Indicated,,Daylight,Dry,Clear,None apparent,Non-intersection:  Non-junction/no special feature,Paved,,Property Damage Only,0,0,0,0,0,0,7500,1,1,,POINT (-93.221154686705 41.697495421589)
2014795174,142596,04/15/2014,04-April,3-Tuesday,13:00,1300 Hours,District 4 (Southwest),,DALLAS,,290TH ST,Collision with fixed object:  Ditch,On Roadway,Non-collision (single vehicle),Driving too fast for conditions,None Indicated,,Daylight,"Mud, dirt",Clear,None apparent,Non-intersection:  Non-junction/no special feature,Unpaved,,Property Damage Only,0,0,0,0,0,0,5000,1,2,,POINT (-94.119131226911 41.615050843429)
2014795179,14003013,04/15/2014,04-April,3-Tuesday,20:57,2000 Hours,District 6 (East Central),,DELAWARE,US 20,US 20,Collision with:  Animal,,,Animal,None Indicated,,,,,,,Paved,,Property Damage Only,0,0,0,0,0,0,5000,1,1,,POINT (-91.367431597945 42.469332427806)
2014795314,2014004058,04/15/2014,04-April,3-Tuesday,18:10,1800 Hours,District 6 (East Central),IOWA CITY,JOHNSON,,LAKESIDE DR,Collision with:  Vehicle in traffic,On Roadway,Broadside (front to side),FTYROW:  From stop sign,None Indicated,,Daylight,Dry,Clear,None apparent,Intersection:  Four-way intersection,Paved,,Property Damage Only,0,0,0,0,0,0,7500,2,4,,POINT (-91.497648831439 41.635179594322)
2014795076,14-000770,04/15/2014,04-April,3-Tuesday,16:22,1600 Hours,District 1 (Central),ALTOONA,POLK,,8TH ST SE & 3RD AVE SE,Collision with:  Vehicle in traffic,On Roadway,Broadside (front to side),FTYROW:  Other (explain in narrative),None Indicated,,Daylight,Dry,Clear,None apparent,Intersection:  Four-way intersection,Paved,,Property Damage Only,0,0,0,0,0,0,3000,2,3,,POINT (-93.462200646728 41.64403289327)
2014795012,14-12517,04/15/2014,04-April,3-Tuesday,17:16,1700 Hours,District 5 (Southeast),BURLINGTON,DES MOINES,,5TH ST,Collision with:  Vehicle in traffic,On Roadway,"Sideswipe, opposite direction",Made improper turn,None Indicated,,Daylight,Dry,Clear,None apparent,Non-intersection:  Non-junction/no special feature,Paved,,Property Damage Only,0,0,0,0,0,0,3000,2,1,,POINT (-91.104964494123 40.810617384461)
2014795950,A14-025,04/15/2014,04-April,3-Tuesday,20:05,2000 Hours,District 4 (Southwest),WINTERSET,MADISON,,W JEFFERSON ST & N 5TH AVE,Collision with:  Vehicle in traffic,On Roadway,Broadside (front to side),FTYROW:  From yield sign,None Indicated,,Dark - roadway lighted,Dry,Clear,None apparent,Intersection:  Four-way intersection,Paved,,Possible/Unknown,0,1,0,0,1,0,7000,2,2,,POINT (-94.019393536023 41.335454802014)
2014795426,W14-036516,04/15/2014,04-April,3-Tuesday,07:47,0700 Hours,District 2 (Northeast),WATERLOO,BLACK HAWK,,CAMPBELL AVE & MARSH ST,Collision with:  Vehicle in traffic,On Roadway,Broadside (front to side),FTYROW:  From stop sign,None Indicated,,Daylight,Dry,Clear,None apparent,Intersection:  Four-way intersection,Paved,,Property Damage Only,0,0,0,0,0,0,10000,2,2,,POINT (-92.358611544275 42.483930287816)
2014795056,04-14-240,04/15/2014,04-April,3-Tuesday,04:30,0400 Hours,District 3 (Northwest),LE MARS,PLYMOUTH,,CENTRAL AVE,Collision with:  Parked motor vehicle,On Roadway,Rear-end (front to rear),Lost Control,None Indicated,,Dark - roadway lighted,Dry,Clear,None apparent,Non-intersection:  Non-junction/no special feature,Paved,,Property Damage Only,0,0,0,0,0,0,8000,2,1,,POINT (-96.166434448574 42.799202791721)
2014795632,2014-23102,04/15/2014,04-April,3-Tuesday,13:51,1300 Hours,District 6 (East Central),DAVENPORT,SCOTT,,IA 461/BRADY ST & W CENTRAL PARK AVE & E CENTRAL PARK AVE,Collision with:  Vehicle in traffic,On Roadway,Rear-end (front to rear),Lost Control,None Indicated,,Daylight,Dry,Clear,None apparent,Intersection:  Four-way intersection,Paved,,Possible/Unknown,0,1,0,0,1,0,3000,2,4,,POINT (-90.572299499992 41.545539503792)
2014795443,CL14001100,04/15/2014,04-April,3-Tuesday,07:30,0700 Hours,District 6 (East Central),CLINTON,CLINTON,US 67,US 67/N 3RD ST & 39TH AVE N,Collision with:  Vehicle in traffic,On Roadway,Rear-end (front to rear),Other (explain in narrative):  Other,None Indicated,,Daylight,Dry,Clear,None apparent,Intersection:  T-intersection,Paved,,Property Damage Only,0,0,0,0,0,0,10000,2,2,,POINT (-90.180971758578 41.891986061425)
2014795028,14003781,04/15/2014,04-April,3-Tuesday,21:00,2100 Hours,District 2 (Northeast),,FAYETTE,,NEON RD,Collision with fixed object:  Ditch,On Roadway,Non-collision (single vehicle),Ran off road - left,None Indicated,,Dark - roadway not lighted,"Mud, dirt",Clear,None apparent,Non-intersection:  Non-junction/no special feature,Unpaved,,Minor Injury,0,1,0,1,0,0,3000,1,6,,POINT (-91.87831923314 42.741604234859)
2014798820,14-030,04/15/2014,04-April,3-Tuesday,12:57,1200 Hours,District 3 (Northwest),SIOUX CENTER,SIOUX,US 75,US 75/MAIN AVE,Collision with:  Vehicle in traffic,On Roadway,Rear-end (front to rear),Followed too close,None Indicated,,Daylight,Dry,Clear,None apparent,Intersection:  Four-way intersection,Paved,,Property Damage Only,0,0,0,0,0,0,3200,2,2,,POINT (-96.175705612794 43.084161993018)
2014800653,0415143A,04/15/2014,04-April,3-Tuesday,12:33,1200 Hours,District 4 (Southwest),,PAGE,,SYCAMORE AVE & 150 ST,Collision with fixed object:  Ditch,On Roadway,Non-collision (single vehicle),Crossed centerline (undivided),None Indicated,,Daylight,"Mud, dirt",Clear,None apparent,Non-intersection:  Other non-intersection (explain in narrative),Unpaved,,Possible/Unknown,0,1,0,0,1,0,2500,1,1,,POINT (-95.010238994253 40.828402908556)
2014795635,2014-23178,04/15/2014,04-April,3-Tuesday,20:19,2000 Hours,District 6 (East Central),DAVENPORT,SCOTT,,E 53RD ST,Collision with:  Vehicle in traffic,On Roadway,Rear-end (front to rear),"Operating vehicle in an reckless, erratic, careless, negligent manner",None Indicated,,Dark - roadway lighted,Dry,Clear,None apparent,Non-intersection:  Non-junction/no special feature,Paved,,Property Damage Only,0,0,0,0,0,0,3500,2,3,,POINT (-90.514492385091 41.574907348511)
2014804967,SO140131,04/15/2014,04-April,3-Tuesday,01:15,0100 Hours,District 4 (Southwest),,ADAMS,US 34,US 34,Collision with:  Animal,,,Animal,None Indicated,,,,,,,Paved,,Property Damage Only,0,0,0,0,0,0,3000,1,1,,POINT (-94.745573293956 40.979539322751)
2014797201,EP14-000582,04/15/2014,04-April,3-Tuesday,21:35,2100 Hours,District 2 (Northeast),EAGLE GROVE,WRIGHT,,2ND ST NW,Collision with:  Parked motor vehicle,On Roadway,Head-on (front to front),Crossed centerline (undivided),Refused,,Dark - roadway not lighted,Dry,Clear,None apparent,Non-intersection:  Non-junction/no special feature,Paved,,Property Damage Only,0,0,0,0,0,0,4000,2,1,,POINT (-93.911011891295 42.666225026832)
2014795066,20140010061,04/15/2014,04-April,3-Tuesday,17:32,1700 Hours,District 1 (Central),DES MOINES,POLK,,UNIVERSITY AVE & 6TH AVE,Collision with:  Vehicle in traffic,On Roadway,"Sideswipe, same direction",Crossed centerline (undivided),None Indicated,,Daylight,Dry,Clear,None apparent,Non-intersection:  Non-junction/no special feature,Paved,,Property Damage Only,0,0,0,0,0,0,3000,2,4,,POINT (-93.625739250145 41.600790026847)
2014795636,2014-23179,04/15/2014,04-April,3-Tuesday,20:21,2000 Hours,District 6 (East Central),DAVENPORT,SCOTT,,IA 461/BRADY ST & W 55TH ST,Collision with:  Vehicle in traffic,On Roadway,Broadside (front to side),Ran Stop Sign,None Indicated,,Dark - roadway lighted,Dry,Clear,None apparent,Intersection:  Four-way intersection,Paved,,Possible/Unknown,0,1,0,0,1,0,35000,2,3,,POINT (-90.570642954304 41.576315308137)
2014796707,2014023529,04/15/2014,04-April,3-Tuesday,16:43,1600 Hours,District 2 (Northeast),,WINNESHIEK,IA 150,IA 150/IOWA 150 & LEGAL NOT OPEN,Collision with fixed object:  Ditch,On Roadway,Non-collision (single vehicle),Lost Control,None Indicated,,Daylight,Dry,Clear,None apparent,Non-intersection:  Non-junction/no special feature,Paved,,Fatal,1,0,0,0,0,0,15000,1,1,,POINT (-91.869188665907 43.126940221215)
2014797561,14-002993,04/15/2014,04-April,3-Tuesday,08:18,0800 Hours,District 6 (East Central),MANCHESTER,DELAWARE,IA 13,IA 13/IOWA 13/W MAIN ST & N 13TH ST,Collision with:  Vehicle in traffic,On Roadway,"Sideswipe, same direction",Other (explain in narrative):  Other,None Indicated,,Daylight,Dry,Clear,None apparent,Non-intersection:  Non-junction/no special feature,Paved,,Property Damage Only,0,0,0,0,0,0,7000,2,3,,POINT (-91.479464695798 42.483832898171)
2014807895,CP14-0302,04/15/2014,04-April,3-Tuesday,15:10,1500 Hours,District 2 (Northeast),CLARION,WRIGHT,IA 3,IA 3/CENTRAL AVE & S MAIN ST & N MAIN ST,Non-collision events:  Other non-collision (explain in narrative),On Roadway,Non-collision (single vehicle),FTYROW:  To pedestrian,None Indicated,,Daylight,Dry,Clear,None apparent,Intersection:  Four-way intersection,Paved,,Possible/Unknown,0,1,0,0,1,0,0,1,2,,POINT (-93.73285254046 42.73167663166)
2014795631,2014-23095,04/15/2014,04-April,3-Tuesday,13:03,1300 Hours,District 6 (East Central),DAVENPORT,SCOTT,,W LOCUST ST,Collision with:  Vehicle in traffic,On Roadway,Broadside (front to side),FTYROW:  From driveway,None Indicated,,Daylight,Dry,Clear,None apparent,Non-intersection:  Driveway access (within),Paved,,Minor Injury,0,2,0,1,1,0,7500,2,3,,POINT (-90.594340659541 41.538257465061)
2014803884,2014-23136,04/15/2014,04-April,3-Tuesday,16:53,1600 Hours,District 6 (East Central),DAVENPORT,SCOTT,,JACKSON AVE & S CLARK ST,Collision with:  Vehicle in traffic,On Roadway,Broadside (front to side),FTYROW:  From yield sign,None Indicated,,Daylight,Dry,Clear,None apparent,Intersection:  Four-way intersection,Paved,,Property Damage Only,0,0,0,0,0,0,3000,2,3,,POINT (-90.619852006519 41.513345368719)
2014795260,2014023543,04/15/2014,04-April,3-Tuesday,18:15,1800 Hours,District 6 (East Central),,JACKSON,,Co Rd D57/300 ST & 216 AVE,Collision with fixed object:  Ditch,On Roadway,Non-collision (single vehicle),Crossed centerline (undivided),Alcohol (Statutory),,Daylight,Dry,Clear,None apparent,Non-intersection:  Non-junction/no special feature,Paved,,Property Damage Only,0,0,0,0,0,0,1500,1,1,,POINT (-90.65166303397 42.294683884914)
2014795152,,04/15/2014,04-April,3-Tuesday,15:04,1500 Hours,District 1 (Central),COLFAX,JASPER,,W STATE ST & HASTINGS ST,Collision with fixed object:  Utility pole/light support,Shoulder,Non-collision (single vehicle),Ran off road - right,None Indicated,,Daylight,Dry,Clear,,Intersection:  T-intersection,Paved,,Property Damage Only,0,0,0,0,0,0,27000,1,1,,POINT (-93.255491561387 41.673591290965)
2014795064,20140010050,04/15/2014,04-April,3-Tuesday,15:05,1500 Hours,District 1 (Central),DES MOINES,POLK,US 69,US 69/E 14TH ST,Collision with fixed object:  Bridge overhead structure,On Roadway,"Sideswipe, same direction",FTYROW:  From parked position,None Indicated,,Daylight,Dry,Clear,None apparent,Non-intersection:  Other non-intersection (explain in narrative),Paved,,Property Damage Only,0,0,0,0,0,0,5200,2,2,,POINT (-93.598874590945 41.595943097232)
2014796743,14-003774,04/15/2014,04-April,3-Tuesday,21:24,2100 Hours,District 2 (Northeast),,FAYETTE,US 18,US 18/HARDING RD,Collision with:  Animal,,,Animal,None Indicated,,,,,,,Paved,,Property Damage Only,0,0,0,0,0,0,5000,1,1,,POINT (-91.628898033114 43.023729272365)
2014797311,20141268,04/15/2014,04-April,3-Tuesday,08:21,0800 Hours,District 1 (Central),,GRUNDY,,Co Rd T29/K AVE,Collision with:  Vehicle in traffic,On Roadway,"Sideswipe, same direction",Swerving/Evasive Action,None Indicated,,Daylight,Dry,Clear,None apparent,Non-intersection:  Non-junction/no special feature,Paved,,Property Damage Only,0,0,0,0,0,0,12500,2,3,,POINT (-92.826455137198 42.308255653388)
2014795178,14002996,04/15/2014,04-April,3-Tuesday,11:05,1100 Hours,District 6 (East Central),,DELAWARE,US 20,US 20,Collision with fixed object:  Ditch,Shoulder,Non-collision (single vehicle),Swerving/Evasive Action,None Indicated,,Daylight,Dry,Cloudy,None apparent,Non-intersection:  Non-junction/no special feature,Paved,,Property Damage Only,0,0,0,0,0,0,4000,1,2,,POINT (-91.212235819184 42.470861530904)
2014795449,CL14001135,04/15/2014,04-April,3-Tuesday,16:18,1600 Hours,District 6 (East Central),CLINTON,CLINTON,,2ND AVE S & S 11TH ST,Collision with:  Vehicle in traffic,On Roadway,Broadside (front to side),FTYROW:  From stop sign,None Indicated,,Daylight,Dry,Clear,None apparent,Intersection:  T-intersection,Paved,,Possible/Unknown,0,1,0,0,1,0,4500,2,2,,POINT (-90.211340716417 41.844709758451)
2014797227,,04/15/2014,04-April,3-Tuesday,10:54,1000 Hours,District 6 (East Central),MAQUOKETA,JACKSON,IA 64,IA 64/W PLATT ST,Collision with:  Vehicle in traffic,On Roadway,Rear-end (front to rear),Followed too close,None Indicated,,Daylight,Dry,Cloudy,None apparent,Non-intersection:  Non-junction/no special feature,Paved,,Property Damage Only,0,0,0,0,0,0,6000,2,3,,POINT (-90.679162637685 42.068968221389)
2014795210,14042028,04/15/2014,04-April,3-Tuesday,07:53,0700 Hours,District 4 (Southwest),CLARINDA,PAGE,,E LINCOLN ST & N 10TH ST,Collision with:  Vehicle in traffic,On Roadway,Broadside (front to side),FTYROW:  At uncontrolled intersection,None Indicated,,Daylight,Dry,Clear,None apparent,Intersection:  Four-way intersection,Paved,,Property Damage Only,0,0,0,0,0,0,5400,2,3,,POINT (-95.030070054221 40.741374074645)
2014795523,14-1794,04/15/2014,04-April,3-Tuesday,15:45,1500 Hours,District 6 (East Central),HIAWATHA,LINN,,NORTHWOOD DR & NIXON DR & NORTHBROOK DR NE,Collision with:  Parked motor vehicle,On Roadway,"Sideswipe, same direction",Ran off road - right,None Indicated,,Daylight,Dry,Clear,None apparent,Non-intersection:  Driveway access (within),Paved,,Property Damage Only,0,0,0,0,0,0,3500,2,4,,POINT (-91.66821007709 42.043248183586)
2014795121,14-1088,04/15/2014,04-April,3-Tuesday,07:50,0700 Hours,District 1 (Central),FORT DODGE,WEBSTER,,5TH AVE S,Collision with:  Vehicle in traffic,On Roadway,Broadside (front to side),FTYROW:  Making left turn,None Indicated,,Daylight,Dry,Clear,None apparent,Non-intersection:  Driveway access (within),Paved,,Property Damage Only,0,0,0,0,0,0,5000,2,2,,POINT (-94.14270085588 42.501245775805)
2014809923,14-2466PD,04/15/2014,04-April,3-Tuesday,16:02,1600 Hours,District 1 (Central),BOONE,BOONE,,12TH ST & LINN ST,Collision with:  Vehicle in traffic,On Roadway,Head-on (front to front),"Operating vehicle in an reckless, erratic, careless, negligent manner",Under Influence of Alcohol/Drugs/Medications,,Daylight,Dry,Clear,None apparent,Intersection:  Four-way intersection,Paved,,Major Injury,0,1,1,0,0,0,6500,2,1,,POINT (-93.873772445036 42.067958981192)
2014796035,14005408,04/15/2014,04-April,3-Tuesday,23:45,2300 Hours,District 6 (East Central),,CEDAR,IA 38,IA 38/IOWA 38,Collision with:  Animal,,Non-collision (single vehicle),Animal,None Indicated,,,,,,,Paved,,Property Damage Only,0,0,0,0,0,0,1500,1,1,,POINT (-91.132549667533 41.730016271765)
2014796706,2014023372,04/15/2014,04-April,3-Tuesday,08:15,0800 Hours,District 1 (Central),ANKENY,POLK,I-35,I-35 & NE 54TH AVE & SE 90TH ST,Collision with:  Vehicle in traffic,On Roadway,"Sideswipe, same direction",FTYROW:  Other (explain in narrative),None Indicated,,Daylight,Dry,Clear,None apparent,Non-intersection:  Non-junction/no special feature,Paved,,Property Damage Only,0,0,0,0,0,0,4500,2,3,,POINT (-93.57563788584 41.658634806725)
2014795884,,04/15/2014,04-April,3-Tuesday,16:40,1600 Hours,District 6 (East Central),CEDAR RAPIDS,LINN,,32ND ST NE & GLASS RD NE & CENTER POINT RD NE,Collision with:  Parked motor vehicle,On Roadway,Rear-end (front to rear),Unknown,None Indicated,,Daylight,Dry,Clear,,Intersection:  Four-way intersection,Paved,,Possible/Unknown,0,1,0,0,1,0,4000,2,2,,POINT (-91.663084696028 42.010504482488)
2014795004,W14-036601,04/15/2014,04-April,3-Tuesday,12:29,1200 Hours,District 2 (Northeast),WATERLOO,BLACK HAWK,,SYCAMORE ST,Collision with:  Vehicle in traffic,On Roadway,Broadside (front to side),FTYROW:  From parked position,None Indicated,,Daylight,Dry,Clear,None apparent,Intersection:  Four-way intersection,Paved,,Property Damage Only,0,0,0,0,0,0,4000,2,3,,POINT (-92.335515416395 42.497973899347)
2014795061,20140010005,04/15/2014,04-April,3-Tuesday,03:05,0300 Hours,District 1 (Central),DES MOINES,POLK,,WOODLAND AVE & MLK JR PKWY,Collision with:  Vehicle in traffic,On Roadway,Rear-end (front to rear),Unknown,None Indicated,,Dark - roadway lighted,Dry,Clear,None apparent,Non-intersection:  Non-junction/no special feature,Paved,,Property Damage Only,0,0,0,0,0,0,7500,2,2,,POINT (-93.644728316615 41.588047950173)
2014795074,14-1745,04/15/2014,04-April,3-Tuesday,14:04,1400 Hours,District 1 (Central),WEST DES MOINES,POLK,,WALNUT ST & 12TH ST,Collision with fixed object:  Utility pole/light support,Shoulder,Non-collision (single vehicle),Ran off road - straight,None Indicated,,Daylight,Dry,Clear,None apparent,Intersection:  T-intersection,Paved,,Possible/Unknown,0,2,0,0,2,0,7779,1,3,,POINT (-93.719156873002 41.574690095184)
2014795385,14-11288,04/15/2014,04-April,3-Tuesday,09:57,0900 Hours,District 3 (Northwest),SIOUX CITY,WOODBURY,,FLOYD BLVD,Collision with:  Vehicle in traffic,On Roadway,"Sideswipe, same direction",Made improper turn,None Indicated,,Daylight,Dry,Clear,None apparent,Non-intersection:  Non-junction/no special feature,Paved,,Property Damage Only,0,0,0,0,0,0,4500,2,2,,POINT (-96.369688665098 42.534494330518)
2014795209,14-015652,04/15/2014,04-April,3-Tuesday,21:15,2100 Hours,District 5 (Southeast),MUSCATINE,MUSCATINE,,DICK DRAKE WAY,Collision with:  Vehicle in traffic,On Roadway,Rear-end (front to rear),Followed too close,Alcohol (Statutory),,Dark - roadway not lighted,Dry,Clear,None apparent,Non-intersection:  Driveway access (within),Paved,,Property Damage Only,0,0,0,0,0,0,12000,2,2,,POINT (-91.07391274651 41.392096877852)
2014795323,201405286,04/15/2014,04-April,3-Tuesday,18:28,1800 Hours,District 6 (East Central),CEDAR RAPIDS,LINN,,16TH AVE SW,Collision with fixed object:  Concrete traffic barrier (median or right side),On Roadway,Non-collision (single vehicle),Ran off road - right,None Indicated,,Daylight,Dry,Clear,None apparent,Non-intersection:  Non-junction/no special feature,Paved,,Minor Injury,0,1,0,1,0,0,3000,1,1,,POINT (-91.734898026587 41.963809497027)