Iowa DOT Case Number,Law Enforcement Case Number,Date of Crash,Month of Crash,Day of Week,Time of Crash,Hour,DOT District,City Name,County Name,Route with System,Location Description,First Harmful Event,Location of First Harmful Event,Manner of Crash/Collision,Major Cause,Drug or Alcohol ,Environmental Conditions,Light Conditions,Surface Conditions,Weather Conditions,Roadway Contribution,Roadway Type,Roadway Surface,Work Zone,Crash Severity,Number of Fatalities,Number of Injuries,Number of Major Injuries,Number of Minor Injuries,Number of Possible Injuries,Number of Unknown Injuries,Amount of Property Damage,Number of Vehicles Involved,Total Number of Occupants,Travel Direction,Location
2014795204,14008472,04/16/2014,04-April,4-Wednesday,13:59,1300 Hours,District 5 (Southeast),OSKALOOSA,MAHASKA,,,Collision with fixed object:  Culvert/pipe opening,Outside trafficway,Non-collision (single vehicle),Ran off road - right,None Indicated,,Daylight,Dry,Cloudy,None apparent,Non-intersection:  Non-junction/no special feature,,,Property Damage Only,0,0,0,0,0,0,3500,1,1,,POINT (-96.643700149993 40.233091251414)
2014795226,20140010153,04/16/2014,04-April,4-Wednesday,16:00,1600 Hours,District 1 (Central),DES MOINES,POLK,,E PORTER AVE,Collision with:  Parked motor vehicle,On Roadway,Unknown,Unknown,None Indicated,,Daylight,Unknown,Unknown,Unknown,Non-intersection:  Non-junction/no special feature,Paved,,Property Damage Only,0,0,0,0,0,0,1500,2,2,,POINT (-93.567769510803 41.533887508622)
2014795255,2014-0110,04/16/2014,04-April,4-Wednesday,15:57,1500 Hours,District 5 (Southeast),NORWALK,WARREN,,LEXINGTON DR,Collision with:  Vehicle in traffic,On Roadway,"Angle, oncoming left turn",FTYROW:  Making left turn,None Indicated,,Daylight,Dry,Clear,None apparent,Intersection:  T-intersection,Paved,,Property Damage Only,0,0,0,0,0,0,9000,2,2,,POINT (-93.679504175428 41.490217385238)
2014795271,53-14,04/16/2014,04-April,4-Wednesday,20:43,2000 Hours,District 3 (Northwest),ROCK VALLEY,SIOUX,,Co Rd K30/ELMWOOD AVE & 300TH ST,Collision with:  Animal,,,Animal,None Indicated,,,,,,,Paved,,Property Damage Only,0,0,0,0,0,0,1600,1,1,,POINT (-96.295051148965 43.217571137386)
2014795068,20140010101,04/16/2014,04-April,4-Wednesday,10:06,1000 Hours,District 1 (Central),DES MOINES,POLK,US 6,US 6/EUCLID AVE & 9TH ST,Collision with:  Vehicle in traffic,On Roadway,Rear-end (front to rear),FTYROW:  Other (explain in narrative),None Indicated,,Daylight,Dry,Cloudy,None apparent,Non-intersection:  Non-junction/no special feature,Paved,,Minor Injury,0,1,0,1,0,0,7000,2,2,,POINT (-93.629588430796 41.627655532318)
2014795721,W14-036988,04/16/2014,04-April,4-Wednesday,14:16,1400 Hours,District 2 (Northeast),WATERLOO,BLACK HAWK,,UPLAND DR & ANSBOROUGH AVE,Collision with:  Vehicle in traffic,On Roadway,Rear-end (front to rear),Crossed centerline (undivided),None Indicated,,Daylight,Dry,Cloudy,None apparent,Intersection:  T-intersection,Paved,,Possible/Unknown,0,2,0,0,2,0,20000,3,3,,POINT (-92.376703354754 42.479121911632)
2014797739,K14-010694,04/16/2014,04-April,4-Wednesday,07:40,0700 Hours,District 5 (Southeast),KEOKUK,LEE,US 218,US 218/MAIN ST & 18TH ST S & 18TH ST N,Collision with:  Vehicle in traffic,On Roadway,Broadside (front to side),Ran Traffic Signal,None Indicated,,Daylight,Dry,Clear,None apparent,Intersection:  Four-way intersection,Paved,,Possible/Unknown,0,2,0,0,1,1,10000,2,4,,POINT (-91.393967009547 40.406008528533)
2014795241,2014-23299,04/16/2014,04-April,4-Wednesday,08:23,0800 Hours,District 6 (East Central),DAVENPORT,SCOTT,US 6,US 6/W KIMBERLY RD & NORTHWEST BLVD,Collision with:  Vehicle in traffic,On Roadway,"Sideswipe, same direction",Unknown,None Indicated,,Daylight,Wet,Cloudy,None apparent,Non-intersection:  Non-junction/no special feature,Paved,,Property Damage Only,0,0,0,0,0,0,3000,2,3,,POINT (-90.578314034444 41.560085629974)
2014795231,14-000777,04/16/2014,04-April,4-Wednesday,17:38,1700 Hours,District 1 (Central),ALTOONA,POLK,,8TH ST SW & 2ND AVE SW,Collision with:  Vehicle in traffic,On Roadway,"Angle, oncoming left turn",FTYROW:  Making left turn,None Indicated,,Dusk,Dry,Cloudy,None apparent,Non-intersection:  Driveway access (within),Paved,,Property Damage Only,0,0,0,0,0,0,3500,2,2,,POINT (-93.465803068098 41.644036365301)
2014798711,S14-D1601,04/16/2014,04-April,4-Wednesday,05:00,0500 Hours,District 5 (Southeast),,CLARKE,US 34,US 34,Collision with:  Animal,,,Animal,None Indicated,,,,,,,Paved,,Property Damage Only,0,0,0,0,0,0,5000,1,1,,POINT (-93.733500165795 41.030797588175)
2014795893,,04/16/2014,04-April,4-Wednesday,21:25,2100 Hours,District 5 (Southeast),NEW LONDON,HENRY,,W MAIN ST & S MAPLE ST & N MAPLE ST,,Outside trafficway,Non-collision (single vehicle),Ran off road - right,None Indicated,,Dark - roadway lighted,Dry,Clear,None apparent,Non-intersection:  Non-junction/no special feature,Paved,,Property Damage Only,0,0,0,0,0,0,6500,1,3,,POINT (-91.404234224137 40.925916492779)
2014795712,,04/16/2014,04-April,4-Wednesday,20:43,2000 Hours,District 2 (Northeast),NEW HAMPTON,CHICKASAW,,S LINN AVE,Collision with:  Animal,On Roadway,Non-collision (single vehicle),Animal,None Indicated,,Dark - roadway not lighted,Dry,Cloudy,None apparent,Non-intersection:  Non-junction/no special feature,Paved,,Property Damage Only,0,0,0,0,0,0,3000,1,1,,POINT (-92.317819202947 43.042705782011)
2014795202,201405302,04/16/2014,04-April,4-Wednesday,18:39,1800 Hours,District 6 (East Central),CEDAR RAPIDS,LINN,I-380,I-380 & E AVE & 1ST ST NE & A AVE NE,Collision with:  Vehicle in traffic,On Roadway,Rear-end (front to rear),Followed too close,None Indicated,,Dusk,Dry,Clear,None apparent,Intersection:  Four-way intersection,Paved,,Property Damage Only,0,0,0,0,0,0,2000,2,3,,POINT (-91.671234171816 41.97926579746)
2014815487,,04/16/2014,04-April,4-Wednesday,13:39,1300 Hours,District 3 (Northwest),LAKE VIEW,SAC,,1ST ST & HIGH ST,Collision with:  Vehicle in traffic,On Roadway,,FTYROW:  From driveway,None Indicated,,Daylight,Dry,Clear,None apparent,Non-intersection:  Driveway access (within),Paved,,Property Damage Only,0,0,0,0,0,0,3000,2,2,,POINT (-95.052462455361 42.304029012206)
2014795023,01-14-15789,04/16/2014,04-April,4-Wednesday,11:28,1100 Hours,District 6 (East Central),DUBUQUE,DUBUQUE,,DELHI ST,Collision with:  Parked motor vehicle,On Roadway,"Sideswipe, same direction",Lost Control,None Indicated,,Daylight,Dry,Clear,None apparent,Non-intersection:  Non-junction/no special feature,Paved,,Property Damage Only,0,0,0,0,0,0,6000,2,1,,POINT (-90.689534481009 42.497551991859)
2014795732,14-003058,04/16/2014,04-April,4-Wednesday,16:06,1600 Hours,District 4 (Southwest),ATLANTIC,CASS,US 6,US 6/7TH ST,Collision with:  Vehicle in traffic,On Roadway,Rear-end (front to rear),Followed too close,None Indicated,,Daylight,Dry,Clear,None apparent,Non-intersection:  Non-junction/no special feature,Paved,,Property Damage Only,0,0,0,0,0,0,2800,2,2,,POINT (-95.001562569706 41.403904339531)
2014795315,2014004096,04/16/2014,04-April,4-Wednesday,17:37,1700 Hours,District 6 (East Central),IOWA CITY,JOHNSON,,S 1ST AVE,Collision with:  Vehicle in traffic,On Roadway,Broadside (front to side),Other (explain in narrative):  Vision obstructed,None Indicated,,Daylight,Dry,Cloudy,None apparent,Non-intersection:  Non-junction/no special feature,Paved,,Property Damage Only,0,0,0,0,0,0,10000,2,2,,POINT (-91.502036527533 41.649972095752)
2014801080,2014-23462,04/16/2014,04-April,4-Wednesday,18:29,1800 Hours,District 6 (East Central),DAVENPORT,SCOTT,,IA 461/BRADY ST & W LOMBARD ST,Collision with:  Vehicle in traffic,On Roadway,"Angle, oncoming left turn",FTYROW:  Other (explain in narrative),None Indicated,,Daylight,Dry,Clear,None apparent,Non-intersection:  Non-junction/no special feature,Paved,,Property Damage Only,0,0,0,0,0,0,2500,2,2,,POINT (-90.573706281243 41.541903607699)
2014795354,14-0805,04/16/2014,04-April,4-Wednesday,08:26,0800 Hours,District 1 (Central),URBANDALE,POLK,,DOUGLAS AVE,Collision with fixed object:  Traffic sign support,Median,Non-collision (single vehicle),Other (explain in narrative):  Other,None Indicated,,Daylight,Dry,Clear,None apparent,Intersection:  Intersection with ramp,Paved,,Property Damage Only,0,0,0,0,0,0,2200,1,2,,POINT (-93.775337237828 41.629449001212)
2014796163,201400018120,04/16/2014,04-April,4-Wednesday,12:07,1200 Hours,District 5 (Southeast),OTTUMWA,WAPELLO,,ELMDALE AVE & N COURT ST & CLEARVIEW ST,Collision with:  Vehicle in traffic,On Roadway,Rear-end (front to rear),Followed too close,None Indicated,,Daylight,Dry,Clear,None apparent,Non-intersection:  Non-junction/no special feature,Paved,,Property Damage Only,0,0,0,0,0,0,3800,2,2,,POINT (-92.408227995969 41.050565499606)
2014795237,14-6975,04/16/2014,04-April,4-Wednesday,09:09,0900 Hours,District 6 (East Central),BETTENDORF,SCOTT,,MIDDLE RD,Collision with:  Vehicle in traffic,On Roadway,Rear-end (front to rear),Followed too close,None Indicated,,Daylight,Dry,Cloudy,None apparent,Intersection:  Four-way intersection,Paved,,Property Damage Only,0,0,0,0,0,0,2300,2,2,,POINT (-90.507107523427 41.544260964351)
2014795200,201401188,04/16/2014,04-April,4-Wednesday,13:01,1300 Hours,District 6 (East Central),,LINN,,POOL RD,Non-collision events:  Overturn/rollover,Roadside,Non-collision (single vehicle),Swerving/Evasive Action,None Indicated,,Daylight,"Mud, dirt",Cloudy,Debris,Non-intersection:  Non-junction/no special feature,Unpaved,,Minor Injury,0,1,0,1,0,0,10200,1,1,,POINT (-91.577915531963 42.266570851293)
2014795213,14-001658,04/16/2014,04-April,4-Wednesday,14:45,1400 Hours,District 1 (Central),ANKENY,POLK,,SE DELAWARE AVE,Collision with:  Vehicle in traffic,On Roadway,Rear-end (front to rear),Followed too close,None Indicated,,Daylight,Dry,Cloudy,None apparent,Non-intersection:  Non-junction/no special feature,Paved,,Minor Injury,0,1,0,1,0,0,6000,2,2,,POINT (-93.581221988885 41.707938655824)
2014808107,2104023581,04/16/2014,04-April,4-Wednesday,01:00,0100 Hours,District 1 (Central),,HAMILTON,I-35,I-35,Collision with:  Animal,,Non-collision (single vehicle),Animal,None Indicated,,,,,,,Paved,,Property Damage Only,0,0,0,0,0,0,3000,1,1,,POINT (-93.570757613696 42.239771376895)
2014795217,14-0429,04/16/2014,04-April,4-Wednesday,08:55,0800 Hours,District 4 (Southwest),CLIVE,DALLAS,US 6,US 6/HICKMAN AVE,Collision with:  Vehicle in traffic,On Roadway,Rear-end (front to rear),Followed too close,None Indicated,,Daylight,Dry,Cloudy,None apparent,Non-intersection:  Non-junction/no special feature,Paved,,Possible/Unknown,0,1,0,0,1,0,1750,2,2,,POINT (-93.815551165354 41.61488537683)
2014795391,14-11375,04/16/2014,04-April,4-Wednesday,04:16,0400 Hours,District 3 (Northwest),SIOUX CITY,WOODBURY,I-29,I-29,Collision with:  Animal,,,Animal,None Indicated,,,,,,,Paved,,Property Damage Only,0,0,0,0,0,0,1800,1,1,,POINT (-96.421699596348 42.49211618277)
2014795379,14-6985,04/16/2014,04-April,4-Wednesday,12:24,1200 Hours,District 6 (East Central),BETTENDORF,SCOTT,,MIDDLE RD & AAA CT,Collision with:  Vehicle in traffic,On Roadway,Rear-end (front to rear),Followed too close,None Indicated,,Daylight,Dry,Clear,None apparent,Intersection:  T-intersection,Paved,,Property Damage Only,0,0,0,0,0,0,2800,2,3,,POINT (-90.488421214541 41.550059462536)
2014795267,2014023690,04/16/2014,04-April,4-Wednesday,12:59,1200 Hours,District 5 (Southeast),,WASHINGTON,IA 1,IA 1 & IA 92 & Co Rd G36/220TH ST,Collision with:  Vehicle in traffic,On Roadway,Broadside (front to side),Ran Stop Sign,None Indicated,,Daylight,Dry,Clear,None apparent,Intersection:  Four-way intersection,Paved,,Fatal,1,0,0,0,0,0,10000,2,2,,POINT (-91.715729227958 41.337181330076)
2014798712,S14-D1602,04/16/2014,04-April,4-Wednesday,15:30,1500 Hours,District 5 (Southeast),,CLARKE,,SCOTT ST,Non-collision events:  Overturn/rollover,On Roadway,Non-collision (single vehicle),Ran off road - left,None Indicated,,Daylight,"Mud, dirt","Blowing sand, soil, dirt",None apparent,Non-intersection:  Non-junction/no special feature,Unpaved,,Property Damage Only,0,0,0,0,0,0,30950,1,1,,POINT (-93.620035976662 41.147108894422)
2014795329,14007640,04/16/2014,04-April,4-Wednesday,17:47,1700 Hours,District 6 (East Central),MARION,LINN,US 151,US 151/DUBUQUE RD & IA 13/IOWA 13 & 10TH AVE,Collision with fixed object:  Utility pole/light support,On Roadway,Non-collision (single vehicle),Other (explain in narrative):  Other,None Indicated,,Daylight,Dry,Cloudy,None apparent,Intersection:  Four-way intersection,Paved,,Property Damage Only,0,0,0,0,0,0,1500,1,1,,POINT (-91.550298562772 42.035721923027)
2014799694,W-14-00686,04/16/2014,04-April,4-Wednesday,15:10,1500 Hours,District 2 (Northeast),WAUKON,ALLAMAKEE,IA 9,IA 9/ALLAMAKEE ST,Collision with:  Parked motor vehicle,Roadside,"Sideswipe, same direction",Ran off road - right,None Indicated,,Daylight,Dry,Clear,None apparent,Non-intersection:  Non-junction/no special feature,Paved,,Property Damage Only,0,0,0,0,0,0,3500,2,1,,POINT (-91.475556586249 43.269669131063)
2014795637,2014-23459,04/16/2014,04-April,4-Wednesday,18:21,1800 Hours,District 6 (East Central),DAVENPORT,SCOTT,,W 53RD ST & MARQUETTE ST,Collision with:  Vehicle in traffic,On Roadway,Rear-end (front to rear),Driver Distraction:  Manual operation of an electronic communication device,None Indicated,,Daylight,Dry,Clear,None apparent,Intersection:  Four-way intersection,Paved,,Property Damage Only,0,0,0,0,0,0,3500,2,3,,POINT (-90.590823459119 41.574533610372)
2014797119,2014004147,04/16/2014,04-April,4-Wednesday,10:00,1000 Hours,District 6 (East Central),IOWA CITY,JOHNSON,,WESTGATE ST,Collision with:  Parked motor vehicle,On Roadway,Unknown,Other (explain in narrative):  Vision obstructed,None Indicated,,Daylight,Dry,Unknown,None apparent,Non-intersection:  Non-junction/no special feature,Paved,,Property Damage Only,0,0,0,0,0,0,2000,2,1,,POINT (-91.566703642665 41.652661240601)
2014795067,20140010013,04/16/2014,04-April,4-Wednesday,12:05,1200 Hours,District 1 (Central),DES MOINES,POLK,US 6,US 6/SW RAMP/SPEC CASE & NE BROADWAY AVE,Collision with:  Vehicle in traffic,On Roadway,Rear-end (front to rear),Followed too close,None Indicated,,Daylight,Dry,Cloudy,None apparent,Non-intersection:  Non-junction/no special feature,Paved,,Property Damage Only,0,0,0,0,0,0,5000,2,2,,POINT (-93.511590388392 41.644147944639)
2014795851,14-11517,04/16/2014,04-April,4-Wednesday,22:30,2200 Hours,District 3 (Northwest),SIOUX CITY,WOODBURY,,17TH ST,Collision with:  Parked motor vehicle,On Roadway,"Sideswipe, same direction",Unknown,None Indicated,,Unknown,Dry,Unknown,None apparent,Non-intersection:  Non-junction/no special feature,Paved,,Property Damage Only,0,0,0,0,0,0,1500,2,1,,POINT (-96.403198933995 42.508128362054)
2014795214,14-001661,04/16/2014,04-April,4-Wednesday,15:57,1500 Hours,District 1 (Central),ANKENY,POLK,US 69,US 69/S ANKENY BLVD,Collision with:  Vehicle in traffic,On Roadway,"Sideswipe, same direction",Improper or erratic lane changing,None Indicated,,Daylight,Dry,Cloudy,None apparent,Intersection:  Four-way intersection,Paved,,Property Damage Only,0,0,0,0,0,0,1800,2,3,,POINT (-93.600340541821 41.729358217846)
2014795399,14-11441,04/16/2014,04-April,4-Wednesday,17:35,1700 Hours,District 3 (Northwest),SIOUX CITY,WOODBURY,,20TH ST & VIRGINIA ST,Collision with:  Vehicle in traffic,On Roadway,Broadside (front to side),FTYROW:  From stop sign,None Indicated,,Daylight,Wet,Cloudy,"Surface condition (e.g., wet, icy)",Intersection:  Four-way intersection,Paved,,Property Damage Only,0,0,0,0,0,0,16000,2,6,,POINT (-96.398382927798 42.511107847575)
2014797726,14054204,04/16/2014,04-April,4-Wednesday,12:28,1200 Hours,District 6 (East Central),,JOHNSON,,Co Rd F46/IWV RD,Collision with fixed object:  Traffic sign support,Shoulder,Non-collision (single vehicle),Over correcting/over steering,None Indicated,,Daylight,Dry,Cloudy,None apparent,Non-intersection:  Non-junction/no special feature,Paved,,Property Damage Only,0,0,0,0,0,0,4200,1,2,,POINT (-91.646321944225 41.657382529278)
2014799908,,04/16/2014,04-April,4-Wednesday,17:30,1700 Hours,District 2 (Northeast),CLEAR LAKE,CERRO GORDO,US 18,US 18,Collision with:  Other non-fixed object (explain in narrative),On Roadway,Non-collision (single vehicle),Cargo/equipment loss or shift,None Indicated,,Daylight,Dry,Cloudy,None apparent,Non-intersection:  Non-junction/no special feature,Paved,,Property Damage Only,0,0,0,0,0,0,9000,2,3,,POINT (-93.410717570546 43.141516341779)
2014796471,14-010702,04/16/2014,04-April,4-Wednesday,09:27,0900 Hours,District 5 (Southeast),,LEE,US 218,US 218,Collision with:  Animal,,,Animal,None Indicated,,,,,,,Paved,,Property Damage Only,0,0,0,0,0,0,2000,1,1,,POINT (-91.563529651974 40.72444640379)
2014810988,14-02551,04/16/2014,04-April,4-Wednesday,12:16,1200 Hours,District 2 (Northeast),OELWEIN,FAYETTE,IA 150,IA 150/1ST AVE SE & 1ST ST SE,Collision with:  Vehicle in traffic,On Roadway,Rear-end (front to rear),Improper Backing,None Indicated,,Daylight,Dry,Cloudy,None apparent,Intersection:  Four-way intersection,Paved,,Property Damage Only,0,0,0,0,0,0,1500,2,2,,POINT (-91.912030839466 42.67707246138)
2014795901,,04/16/2014,04-April,4-Wednesday,20:23,2000 Hours,District 5 (Southeast),,MUSCATINE,IA 22,IA 22/IOWA 22,Collision with:  Animal,On Roadway,Non-collision (single vehicle),Animal,None Indicated,,Dark - roadway not lighted,Dry,Clear,None apparent,Non-intersection:  Non-junction/no special feature,Paved,,Property Damage Only,0,0,0,0,0,0,5000,1,1,,POINT (-91.251401830984 41.47980506736)
2014795168,SO14168091,04/16/2014,04-April,4-Wednesday,15:10,1500 Hours,District 6 (East Central),GOOSE LAKE,CLINTON,IA 136,IA 136/IOWA 136,Collision with:  Vehicle in traffic,On Roadway,Broadside (front to side),FTYROW:  From stop sign,None Indicated,,Daylight,Dry,Cloudy,None apparent,Intersection:  T-intersection,Paved,,Property Damage Only,0,0,0,0,0,0,6000,2,2,,POINT (-90.374866269469 41.964885118283)
2014796301,2014-23484,04/16/2014,04-April,4-Wednesday,20:57,2000 Hours,District 6 (East Central),DAVENPORT,SCOTT,,Co Rd F65/160 ST & W LAKE BLVD,Collision with:  Vehicle in traffic,On Roadway,Broadside (front to side),FTYROW:  Making left turn,None Indicated,,Dark - roadway lighted,Dry,Clear,None apparent,Intersection:  T-intersection,Paved,,Possible/Unknown,0,1,0,0,1,0,3000,2,2,,POINT (-90.683264358769 41.538183952788)
2014795497,2014004103,04/16/2014,04-April,4-Wednesday,19:44,1900 Hours,District 6 (East Central),IOWA CITY,JOHNSON,,MUSCATINE AVE,Collision with:  Vehicle in traffic,On Roadway,Rear-end (front to rear),Other (explain in narrative):  Other,Alcohol (Statutory),,Dark - roadway lighted,Dry,Cloudy,None apparent,Non-intersection:  Non-junction/no special feature,Paved,,Possible/Unknown,0,1,0,0,1,0,3000,2,2,,POINT (-91.502190391986 41.64955077985)
2014795045,14007615,04/16/2014,04-April,4-Wednesday,08:03,0800 Hours,District 6 (East Central),MARION,LINN,,10TH ST,Collision with:  Vehicle in traffic,On Roadway,Broadside (front to side),FTYROW:  From driveway,None Indicated,,Daylight,Dry,Cloudy,None apparent,Non-intersection:  Driveway access (within),Paved,,Property Damage Only,0,0,0,0,0,0,7000,2,3,,POINT (-91.599306245759 42.034313144591)
2014796701,2014023720,04/16/2014,04-April,4-Wednesday,15:18,1500 Hours,District 1 (Central),WEST DES MOINES,POLK,I-235,I-235,Collision with:  Vehicle in traffic,On Roadway,Rear-end (front to rear),Followed too close,None Indicated,,Daylight,Dry,Clear,None apparent,Non-intersection:  Non-junction/no special feature,Paved,,Property Damage Only,0,0,0,0,0,0,6500,2,3,,POINT (-93.734705819621 41.592975549596)
2014795166,14005825,04/16/2014,04-April,4-Wednesday,09:36,0900 Hours,District 2 (Northeast),MASON CITY,CERRO GORDO,US 65,US 65/N WASHINGTON AVE & 2ND ST NW,Collision with:  Vehicle in traffic,On Roadway,"Angle, oncoming left turn",FTYROW:  Making left turn,None Indicated,,Daylight,Dry,Cloudy,None apparent,Non-intersection:  Driveway access (within),Paved,,Property Damage Only,0,0,0,0,0,0,4000,2,2,,POINT (-93.202681200253 43.153609187351)
2014797779,S79140122,04/16/2014,04-April,4-Wednesday,21:25,2100 Hours,District 1 (Central),,POWESHIEK,US 6,US 6,Collision with:  Animal,On Roadway,Non-collision (single vehicle),Animal,None Indicated,,Dark - roadway not lighted,Dry,Cloudy,None apparent,Non-intersection:  Non-junction/no special feature,Paved,,Property Damage Only,0,0,0,0,0,0,2000,1,1,,POINT (-92.377239361248 41.746334215656)
2014795258,S14-3656,04/16/2014,04-April,4-Wednesday,13:15,1300 Hours,District 3 (Northwest),,WOODBURY,US 20,US 20 & Co Rd K42/DALLAS AVE,Collision with:  Vehicle in traffic,Shoulder,"Angle, oncoming left turn",FTYROW:  Making left turn,None Indicated,,Daylight,Dry,Cloudy,None apparent,Non-intersection:  Crossover-related,Paved,,Possible/Unknown,0,1,0,0,0,1,8000,2,2,,POINT (-96.233623573445 42.475188533139)
2014810002,2014-002017,04/16/2014,04-April,4-Wednesday,14:48,1400 Hours,District 6 (East Central),NORWAY,BENTON,,LINCOLN ST,Collision with:  Vehicle in traffic,On Roadway,Head-on (front to front),Other (explain in narrative):  Other,None Indicated,,Daylight,Dry,Clear,None apparent,Non-intersection:  Alley,Paved,,Property Damage Only,0,0,0,0,0,0,1600,2,2,,POINT (-91.923701943652 41.902472626317)
2014795424,14036926,04/16/2014,04-April,4-Wednesday,10:52,1000 Hours,District 2 (Northeast),CEDAR FALLS,BLACK HAWK,,RAINBOW DR & CEDAR HEIGHTS DR,Collision with:  Vehicle in traffic,On Roadway,Rear-end (front to rear),Followed too close,None Indicated,,Daylight,Dry,Clear,None apparent,Non-intersection:  Non-junction/no special feature,Paved,,Possible/Unknown,0,1,0,0,1,0,3500,2,2,,POINT (-92.411206961109 42.516759649781)
2014795910,14002193,04/16/2014,04-April,4-Wednesday,20:37,2000 Hours,District 2 (Northeast),,CERRO GORDO,US 65,US 65,Collision with:  Animal,,Non-collision (single vehicle),Animal,None Indicated,,,,,,,Paved,,Property Damage Only,0,0,0,0,0,0,3000,1,1,,POINT (-93.210580882544 43.222643647886)
2014798821,14-031,04/16/2014,04-April,4-Wednesday,17:13,1700 Hours,District 3 (Northwest),SIOUX CENTER,SIOUX,US 75,US 75/MAIN AVE,Collision with:  Vehicle in traffic,On Roadway,Rear-end (front to rear),Followed too close,None Indicated,,Daylight,Wet,Rain,None apparent,Non-intersection:  Driveway access (within),Paved,,Minor Injury,0,1,0,1,0,0,300,2,2,,POINT (-96.175384474961 43.065829709169)
2014795396,14-11391,04/16/2014,04-April,4-Wednesday,09:50,0900 Hours,District 3 (Northwest),SIOUX CITY,WOODBURY,,14TH ST & MCDONALD ST,Collision with:  Parked motor vehicle,On Roadway,"Sideswipe, opposite direction",Ran Stop Sign,None Indicated,,Daylight,Dry,Cloudy,None apparent,Intersection:  Four-way intersection,Paved,,Possible/Unknown,0,1,0,0,1,0,10400,2,1,,POINT (-96.411172465213 42.505036617881)
2014799441,,04/16/2014,04-April,4-Wednesday,15:26,1500 Hours,District 4 (Southwest),,FREMONT,I-29,I-29,Collision with fixed object:  Utility pole/light support,On Roadway,Non-collision (single vehicle),Swerving/Evasive Action,None Indicated,,Daylight,Dry,Severe winds,None apparent,Interchange-related:  On-ramp,Paved,,Property Damage Only,0,0,0,0,0,0,2500,1,3,,POINT (-95.784129715623 40.688647408677)
2014795235,14-014750,04/16/2014,04-April,4-Wednesday,23:40,2300 Hours,District 4 (Southwest),COUNCIL BLUFFS,POTTAWATTAMIE,,AVE G & N 31ST ST,Collision with:  Vehicle in traffic,On Roadway,Broadside (front to side),Ran Stop Sign,Refused,,Dark - roadway lighted,Dry,Clear,None apparent,Intersection:  Four-way intersection,Paved,,Minor Injury,0,2,0,1,1,0,14000,2,2,,POINT (-95.894138093965 41.268120707476)
2014795228,14-1765,04/16/2014,04-April,4-Wednesday,15:15,1500 Hours,District 1 (Central),WEST DES MOINES,POLK,I-235,I-235,Collision with:  Vehicle in traffic,On Roadway,Rear-end (front to rear),Other (explain in narrative):  Other,None Indicated,,Daylight,Dry,Cloudy,None apparent,Non-intersection:  Non-junction/no special feature,Paved,,Possible/Unknown,0,2,0,0,0,2,1600,2,2,,POINT (-93.730773659926 41.593270828402)
2014795952,14-008748,04/16/2014,04-April,4-Wednesday,20:46,2000 Hours,District 5 (Southeast),,MARION,,Co Rd G28/HWY G28,Collision with:  Animal,On Roadway,Non-collision (single vehicle),Animal,None Indicated,,Dark - roadway not lighted,Dry,Clear,None apparent,Non-intersection:  Non-junction/no special feature,Paved,,Property Damage Only,0,0,0,0,0,0,2000,1,1,,POINT (-93.037407708981 41.419797991785)
2014795865,2014023657,04/16/2014,04-April,4-Wednesday,11:39,1100 Hours,District 4 (Southwest),,CASS,I-80,I-80,Non-collision events:  Overturn/rollover,On Roadway,Non-collision (single vehicle),Lost Control,None Indicated,,Daylight,Dry,Severe winds,None apparent,Non-intersection:  Non-junction/no special feature,Paved,,Property Damage Only,0,0,0,0,0,0,10000,1,1,,POINT (-95.075588166111 41.497010482216)
2014795206,1404161-A,04/16/2014,04-April,4-Wednesday,14:03,1400 Hours,District 4 (Southwest),RED OAK,MONTGOMERY,,SENATE AVE & 8TH ST,Collision with:  Vehicle in traffic,On Roadway,Broadside (front to side),Ran Stop Sign,None Indicated,,Daylight,Dry,Clear,None apparent,Intersection:  Four-way intersection,Paved,,Minor Injury,0,1,0,1,0,0,6000,2,2,,POINT (-95.223379170479 41.02623786974)
2014795566,20140010128,04/16/2014,04-April,4-Wednesday,14:03,1400 Hours,District 1 (Central),DES MOINES,POLK,,E 25TH CT,Collision with:  Vehicle in traffic,On Roadway,Broadside (front to side),Unknown,None Indicated,,Daylight,Dry,Cloudy,None apparent,Non-intersection:  Driveway access (within),Paved,,Minor Injury,0,1,0,1,0,0,1500,2,3,,POINT (-93.56942279253 41.603433644417)
2014795692,2014023798,04/16/2014,04-April,4-Wednesday,21:45,2100 Hours,District 5 (Southeast),,MUSCATINE,IA 22,IA 22/IOWA 22,Non-collision events:  Overturn/rollover,On Roadway,Non-collision (single vehicle),Ran off road - right,None Indicated,,Dark - roadway not lighted,Dry,Clear,None apparent,Non-intersection:  Non-junction/no special feature,Paved,,Minor Injury,0,1,0,1,0,0,7500,1,1,,POINT (-90.971794015131 41.443572167524)
2014795398,14-11419,04/16/2014,04-April,4-Wednesday,15:17,1500 Hours,District 3 (Northwest),SIOUX CITY,WOODBURY,I-29,I-29,Non-collision events:  Other non-collision (explain in narrative),On Roadway,Non-collision (single vehicle),Other (explain in narrative):  Other,None Indicated,,Daylight,Dry,Cloudy,Work Zone (roadway-related),Non-intersection:  Other non-intersection (explain in narrative),Paved,Yes,Property Damage Only,0,0,0,0,0,0,1500,2,2,,POINT (-96.375336627265 42.446092731276)
2014799071,E201400715,04/16/2014,04-April,4-Wednesday,14:02,1400 Hours,District 3 (Northwest),EMMETSBURG,PALO ALTO,,COLLEGE DR,Collision with:  Vehicle in traffic,On Roadway,Broadside (front to side),FTYROW:  From driveway,None Indicated,,Daylight,Dry,Cloudy,None apparent,Non-intersection:  Driveway access (within),Paved,,Property Damage Only,0,0,0,0,0,0,3500,2,2,,POINT (-94.680453165075 43.126481192789)