Iowa DOT Case Number,Law Enforcement Case Number,Date of Crash,Month of Crash,Day of Week,Time of Crash,Hour,DOT District,City Name,County Name,Route with System,Location Description,First Harmful Event,Location of First Harmful Event,Manner of Crash/Collision,Major Cause,Drug or Alcohol ,Environmental Conditions,Light Conditions,Surface Conditions,Weather Conditions,Roadway Contribution,Roadway Type,Roadway Surface,Work Zone,Crash Severity,Number of Fatalities,Number of Injuries,Number of Major Injuries,Number of Minor Injuries,Number of Possible Injuries,Number of Unknown Injuries,Amount of Property Damage,Number of Vehicles Involved,Total Number of Occupants,Travel Direction,Location
2014795236,14-3865,04/17/2014,04-April,5-Thursday,05:10,0500 Hours,District 3 (Northwest),,SAC,US 20,US 20/220TH ST & Co Rd M35/CORY AVE,Non-collision events:  Other non-collision (explain in narrative),On Roadway,Non-collision (single vehicle),Other (explain in narrative):  No improper action,None Indicated,,Dark - roadway not lighted,Dry,Clear,None apparent,Non-intersection:  Non-junction/no special feature,Paved,,Property Damage Only,0,0,0,0,0,0,7500,1,1,,POINT (-95.303361970135 42.474767680321)
2014795510,14001259,04/17/2014,04-April,5-Thursday,15:43,1500 Hours,District 5 (Southeast),HEDRICK,KEOKUK,,Co Rd V37/160TH AVE/AGENCY HEDRICK RD & WAPELLO-KEOKUK RD,Collision with:  Vehicle in traffic,On Roadway,Broadside (front to side),Ran Stop Sign,None Indicated,,Daylight,Dry,Clear,None apparent,Intersection:  Four-way intersection,Paved,,Minor Injury,0,2,0,2,0,0,7000,2,2,,POINT (-92.295931229622 41.162272650378)
2014795325,201405323,04/17/2014,04-April,5-Thursday,07:59,0700 Hours,District 6 (East Central),CEDAR RAPIDS,LINN,,BRENTWOOD DR NE & C AVE NE,Collision with:  Vehicle in traffic,On Roadway,"Angle, oncoming left turn",Ran Traffic Signal,None Indicated,,Daylight,Dry,Cloudy,None apparent,Intersection:  Four-way intersection,Paved,,Possible/Unknown,0,3,0,0,3,0,7500,2,3,,POINT (-91.63858042386 42.041135255719)
2014795327,201405349,04/17/2014,04-April,5-Thursday,16:00,1600 Hours,District 6 (East Central),CEDAR RAPIDS,LINN,,BLAIRS FERRY RD NE,Collision with:  Vehicle in traffic,On Roadway,Broadside (front to side),FTYROW:  From driveway,None Indicated,,Daylight,Dry,Clear,None apparent,Non-intersection:  Driveway access (within),Paved,,Possible/Unknown,0,2,0,0,2,0,8600,4,7,,POINT (-91.670114549353 42.034777281082)
2014797366,2014041701,04/17/2014,04-April,5-Thursday,15:45,1500 Hours,District 4 (Southwest),SHENANDOAH,PAGE,,W SHERIDAN AVE & N GRASS ST,Collision with:  Vehicle in traffic,On Roadway,Rear-end (front to rear),Followed too close,None Indicated,,Daylight,Dry,Clear,None apparent,Intersection:  Four-way intersection,Paved,,Property Damage Only,0,0,0,0,0,0,3500,2,2,,POINT (-95.379671863775 40.765930462158)
2014795427,W14-037298,04/17/2014,04-April,5-Thursday,10:25,1000 Hours,District 2 (Northeast),WATERLOO,BLACK HAWK,,DANE ST & IOWA ST,Collision with:  Parked motor vehicle,On Roadway,Head-on (front to front),Driving too fast for conditions,None Indicated,,Daylight,Dry,Clear,None apparent,Non-intersection:  Driveway access (within),Paved,,Property Damage Only,0,0,0,0,0,0,6000,3,777,,POINT (-92.334377963608 42.507684580807)
2014799747,14008569,04/17/2014,04-April,5-Thursday,15:19,1500 Hours,District 5 (Southeast),OSKALOOSA,MAHASKA,IA 92,IA 92/A AVE W & N H ST,Collision with:  Vehicle in traffic,On Roadway,"Angle, oncoming left turn",FTYROW:  Making left turn,None Indicated,,Daylight,Dry,Clear,None apparent,Intersection:  Four-way intersection,Paved,,Property Damage Only,0,0,0,0,0,0,11000,2,5,,POINT (-92.654495525421 41.296213696916)
2014795303,01-14-16014,04/17/2014,04-April,5-Thursday,15:27,1500 Hours,District 6 (East Central),DUBUQUE,DUBUQUE,,E 12TH ST & ELM ST,Collision with:  Vehicle in traffic,On Roadway,Broadside (front to side),FTYROW:  From stop sign,None Indicated,,Daylight,Dry,Clear,None apparent,Intersection:  Four-way intersection,Paved,,Property Damage Only,0,0,0,0,0,0,3000,2,4,,POINT (-90.662938818571 42.50588259251)
2014795887,,04/17/2014,04-April,5-Thursday,15:25,1500 Hours,District 6 (East Central),CEDAR RAPIDS,LINN,,51ST ST NE,Collision with:  Vehicle in traffic,On Roadway,Rear-end (front to rear),Unknown,None Indicated,,Daylight,Dry,Clear,,Non-intersection:  Driveway access (within),Paved,,Property Damage Only,0,0,0,0,0,0,1800,2,2,,POINT (-91.659781315933 42.029793637018)
2014795342,20140010216,04/17/2014,04-April,5-Thursday,15:15,1500 Hours,District 1 (Central),DES MOINES,POLK,,DUBUQUE AVE & E 33RD ST,Collision with:  Vehicle in traffic,On Roadway,Rear-end (front to rear),Followed too close,None Indicated,,Daylight,Dry,Clear,None apparent,Intersection:  T-intersection,Paved,,Property Damage Only,0,0,0,0,0,0,2000,2,3,,POINT (-93.551479553878 41.604538936131)
2014795219,20140010200,04/17/2014,04-April,5-Thursday,12:52,1200 Hours,District 1 (Central),DES MOINES,POLK,US 69,US 69/E 15TH ST & E WALNUT ST,Collision with:  Vehicle in traffic,On Roadway,"Sideswipe, same direction",Improper or erratic lane changing,None Indicated,,Daylight,Dry,Cloudy,None apparent,Non-intersection:  Non-junction/no special feature,Paved,,Property Damage Only,0,0,0,0,0,0,4000,2,2,,POINT (-93.594481130698 41.591822564953)
2014796459,14-010784,04/17/2014,04-April,5-Thursday,03:44,0300 Hours,District 5 (Southeast),,LEE,US 61,US 61,Collision with:  Animal,,,Animal,None Indicated,,,,,,,Paved,,Property Damage Only,0,0,0,0,0,0,1500,1,1,,POINT (-91.361068236552 40.660204972397)
2014795653,14-004120,04/17/2014,04-April,5-Thursday,02:35,0200 Hours,District 1 (Central),,TAMA,US 30,US 30,Collision with:  Vehicle in traffic,On Roadway,Rear-end (front to rear),Followed too close,None Indicated,,Dark - roadway lighted,Dry,Cloudy,None apparent,Non-intersection:  Non-junction/no special feature,Paved,,Property Damage Only,0,0,0,0,0,0,12500,2,2,,POINT (-92.670070821087 41.999920148751)
2014797105,261400599,04/17/2014,04-April,5-Thursday,05:33,0500 Hours,District 5 (Southeast),FLORIS,DAVIS,,Co Rd J15/FLORIS RD,Collision with:  Animal,On Roadway,Non-collision (single vehicle),Animal,None Indicated,,Dark - roadway not lighted,Dry,Clear,None apparent,Non-intersection:  Non-junction/no special feature,Paved,,Property Damage Only,0,0,0,0,0,0,3500,1,1,,POINT (-92.395370481801 40.851975081422)
2014795376,14-3888,04/17/2014,04-April,5-Thursday,05:00,0500 Hours,District 3 (Northwest),,SAC,US 20,US 20/220TH ST & CORY AVE,Non-collision events:  Other non-collision (explain in narrative),On Roadway,Non-collision (single vehicle),Other (explain in narrative):  No improper action,None Indicated,,Dark - roadway not lighted,Dry,Clear,None apparent,Non-intersection:  Non-junction/no special feature,Paved,,Property Damage Only,0,0,0,0,0,0,6500,1,1,,POINT (-95.308410222409 42.474765122865)
2014795292,140945,04/17/2014,04-April,5-Thursday,13:04,1300 Hours,District 3 (Northwest),DENISON,CRAWFORD,US 30,US 30/4TH AVE S & S MAIN ST,Collision with:  Vehicle in traffic,On Roadway,"Sideswipe, same direction",Improper or erratic lane changing,None Indicated,,Daylight,Dry,Clear,None apparent,Intersection:  Four-way intersection,Paved,,Property Damage Only,0,0,0,0,0,0,5000,2,2,,POINT (-95.355283576485 42.012376050457)
2014799435,,04/17/2014,04-April,5-Thursday,11:20,1100 Hours,District 5 (Southeast),CHARITON,LUCAS,,,Collision with:  Vehicle in traffic,On Roadway,Rear-end (front to rear),FTYROW:  Other (explain in narrative),None Indicated,,Daylight,Dry,Clear,None apparent,Non-intersection:  Non-junction/no special feature,,,Possible/Unknown,0,1,0,0,1,0,50,2,2,,POINT (-96.643700149993 40.233091251414)
2014795534,2014003564,04/17/2014,04-April,5-Thursday,15:44,1500 Hours,District 1 (Central),MARSHALLTOWN,MARSHALL,,MERLE HIBBS BLVD & S CENTER ST,Collision with:  Vehicle in traffic,On Roadway,Broadside (front to side),Unknown,None Indicated,,Daylight,Dry,Clear,None apparent,Intersection:  Other intersection (explain in narrative),Paved,,Property Damage Only,0,0,0,0,0,0,4000,2,2,,POINT (-92.912669979959 42.012934343166)
2014795423,SO14-037347,04/17/2014,04-April,5-Thursday,15:45,1500 Hours,District 2 (Northeast),,BLACK HAWK,,Co Rd C55/WINSLOW RD & Co Rd T75/N UNION RD,Collision with:  Vehicle in traffic,On Roadway,"Angle, oncoming left turn",FTYROW:  From stop sign,None Indicated,,Daylight,Dry,Cloudy,None apparent,Intersection:  T-intersection,Paved,,Property Damage Only,0,0,0,0,0,0,10000,2,3,,POINT (-92.5090358669 42.628441362304)
2014795524,14-1840,04/17/2014,04-April,5-Thursday,15:25,1500 Hours,District 6 (East Central),HIAWATHA,LINN,I-380,I-380,Collision with:  Vehicle in traffic,On Roadway,"Sideswipe, same direction",Unknown,None Indicated,,Daylight,Dry,Clear,None apparent,Interchange-related:  On-ramp merge area,Paved,,Property Damage Only,0,0,0,0,0,0,11000,2,16,,POINT (-91.678943266435 42.04189520179)
2014795222,20140010185,04/17/2014,04-April,5-Thursday,09:31,0900 Hours,District 1 (Central),DES MOINES,POLK,,PORTER AVE & SW 9TH ST,Collision with:  Vehicle in traffic,On Roadway,Rear-end (front to rear),Other (explain in narrative):  Other,None Indicated,,Daylight,Dry,Cloudy,None apparent,Intersection:  Four-way intersection,Paved,,Possible/Unknown,0,1,0,0,1,0,2500,2,2,,POINT (-93.625787794475 41.53373053797)
2014796849,14037422,04/17/2014,04-April,5-Thursday,20:15,2000 Hours,District 2 (Northeast),CEDAR FALLS,BLACK HAWK,,15TH ST,Collision with:  Vehicle in traffic,On Roadway,"Sideswipe, opposite direction",Lost Control,None Indicated,,Dark - roadway lighted,Dry,Clear,None apparent,Non-intersection:  Non-junction/no special feature,Paved,,Property Damage Only,0,0,0,0,0,0,5600,2,1,,POINT (-92.451333081371 42.524910916565)
2014795716,,04/17/2014,04-April,5-Thursday,16:09,1600 Hours,District 4 (Southwest),ADEL,DALLAS,US 6,US 6 & R AVE,Collision with:  Vehicle in traffic,On Roadway,Broadside (front to side),FTYROW:  From stop sign,None Indicated,,Daylight,Dry,Clear,None apparent,Intersection:  T-intersection,Paved,,Possible/Unknown,0,1,0,0,1,0,13000,2,3,,POINT (-93.959997104339 41.614643531895)
2014799812,14C01686,04/17/2014,04-April,5-Thursday,06:14,0600 Hours,District 4 (Southwest),CRESTON,UNION,,W CLARK ST & S MAPLE ST,Collision with fixed object:  Other fixed object (explain in narrative),Outside trafficway,Non-collision (single vehicle),"Operating vehicle in an reckless, erratic, careless, negligent manner",None Indicated,,Dark - unknown roadway lighting,Dry,Cloudy,None apparent,Intersection:  Four-way intersection,Paved,,Property Damage Only,0,0,0,0,0,0,12000,1,1,,POINT (-94.362682175597 41.054909453815)
2014795308,P14-004455,04/17/2014,04-April,5-Thursday,15:58,1500 Hours,District 1 (Central),WEBSTER CITY,HAMILTON,,,Collision with:  Vehicle in traffic,On Roadway,Broadside (front to side),FTYROW:  From driveway,None Indicated,,Daylight,Dry,Clear,None apparent,Non-intersection:  Driveway access (within),,,Property Damage Only,0,0,0,0,0,0,2000,2,2,,POINT (-96.643700149993 40.233091251414)
2014795499,2014004139,04/17/2014,04-April,5-Thursday,17:43,1700 Hours,District 6 (East Central),IOWA CITY,JOHNSON,,HIGHLAND AVE & KEOKUK ST,Collision with:  Vehicle in traffic,On Roadway,Broadside (front to side),FTYROW:  From stop sign,None Indicated,,Daylight,Dry,Clear,None apparent,Intersection:  Four-way intersection,Paved,,Possible/Unknown,0,1,0,0,1,0,5500,2,4,,POINT (-91.523480934667 41.645899301622)
2014795965,20140010888,04/17/2014,04-April,5-Thursday,16:15,1600 Hours,District 1 (Central),DES MOINES,POLK,I-235,I-235 & 42ND ST,Collision with:  Vehicle in traffic,On Roadway,Rear-end (front to rear),Followed too close,None Indicated,,Daylight,Unknown,Clear,None apparent,Non-intersection:  Other non-intersection (explain in narrative),Paved,,Property Damage Only,0,0,0,0,0,0,2000,2,6,,POINT (-93.674396229947 41.591309507993)
2014799813,14C01691,04/17/2014,04-April,5-Thursday,12:04,1200 Hours,District 4 (Southwest),CRESTON,UNION,IA 25,IA 25/N SUMNER AVE/S SUMNER AVE & W ADAMS ST,Collision with fixed object:  Utility pole/light support,On Roadway,Non-collision (single vehicle),Ran off road - left,None Indicated,,Daylight,Dry,Clear,None apparent,Non-intersection:  Non-junction/no special feature,Paved,,Property Damage Only,0,0,0,0,0,0,5500,1,1,,POINT (-94.372644313356 41.057295372346)
2014796202,14005889,04/17/2014,04-April,5-Thursday,16:08,1600 Hours,District 2 (Northeast),MASON CITY,CERRO GORDO,IA 122,IA 122/IOWA 122 & SEDARS DR,Collision with:  Vehicle in traffic,On Roadway,"Angle, oncoming left turn",Made improper turn,None Indicated,,Daylight,Dry,Clear,None apparent,Non-intersection:  Non-junction/no special feature,Paved,,Property Damage Only,0,0,0,0,0,0,3000,2,5,,POINT (-93.270513618985 43.14836317514)
2014795207,14-015832,04/17/2014,04-April,5-Thursday,11:10,1100 Hours,District 5 (Southeast),MUSCATINE,MUSCATINE,,E 2ND ST,Collision with:  Vehicle in traffic,On Roadway,Rear-end (front to rear),Crossed centerline (undivided),None Indicated,,Daylight,Dry,Cloudy,None apparent,Intersection:  Four-way intersection,Paved,,Property Damage Only,0,0,0,0,0,0,2000,2,2,,POINT (-91.039780570281 41.424602727968)
2014795650,2014-23598,04/17/2014,04-April,5-Thursday,07:53,0700 Hours,District 6 (East Central),DAVENPORT,SCOTT,,E 29TH ST & WITTENMYER LN,Collision with:  Vehicle in traffic,On Roadway,Rear-end (front to rear),Other (explain in narrative):  Other,None Indicated,,Daylight,Dry,Cloudy,None apparent,Non-intersection:  Non-junction/no special feature,Paved,,Possible/Unknown,0,1,0,0,1,0,1500,2,2,,POINT (-90.553469622941 41.549247107645)
2014795421,14-37306,04/17/2014,04-April,5-Thursday,12:42,1200 Hours,District 2 (Northeast),,BLACK HAWK,IA 21,IA 21/HAWKEYE RD,Non-collision events:  Overturn/rollover,Shoulder,Non-collision (single vehicle),Made improper turn,None Indicated,,Daylight,Dry,Cloudy,None apparent,Intersection:  Four-way intersection,Paved,,Minor Injury,0,1,0,1,0,0,10500,1,1,,POINT (-92.347058569335 42.400218086217)
2014795405,14-002155,04/17/2014,04-April,5-Thursday,11:47,1100 Hours,District 2 (Northeast),ALGONA,KOSSUTH,,E ELM ST & N WOOSTER ST,Collision with:  Vehicle in traffic,On Roadway,Broadside (front to side),FTYROW:  At uncontrolled intersection,None Indicated,,Daylight,Dry,Clear,None apparent,Intersection:  Four-way intersection,Paved,,Minor Injury,0,2,0,2,0,0,12200,2,3,,POINT (-94.230550626417 43.073530064372)
2014800654,0417145A,04/17/2014,04-April,5-Thursday,19:50,1900 Hours,District 4 (Southwest),,PAGE,,Co Rd M48/HACKBERRY AVE,Non-collision events:  Other non-collision (explain in narrative),Shoulder,Non-collision (single vehicle),Swerving/Evasive Action,None Indicated,,Daylight,Dry,Clear,None apparent,Non-intersection:  Non-junction/no special feature,Paved,,Possible/Unknown,0,2,0,0,2,0,8000,1,2,,POINT (-95.229456436218 40.638392555292)
2014796845,,04/17/2014,04-April,5-Thursday,17:45,1700 Hours,District 5 (Southeast),OSCEOLA,CLARKE,I-35,I-35,Non-collision events:  Other non-collision (explain in narrative),On Roadway,Non-collision (single vehicle),Unknown,None Indicated,,Daylight,Dry,Clear,,Non-intersection:  Non-junction/no special feature,Paved,,Property Damage Only,0,0,0,0,0,0,3000,2,3,,POINT (-93.797224665606 40.899368591219)
2014795348,20140010238,04/17/2014,04-April,5-Thursday,17:38,1700 Hours,District 1 (Central),DES MOINES,POLK,I-235,I-235,Collision with:  Vehicle in traffic,On Roadway,Rear-end (front to rear),Followed too close,None Indicated,,Daylight,Dry,Clear,None apparent,Interchange-related:  Off-ramp,Paved,,Possible/Unknown,0,1,0,0,1,0,5500,2,2,,POINT (-93.588340308502 41.598681646655)
2014796434,14-9331,04/17/2014,04-April,5-Thursday,15:24,1500 Hours,District 1 (Central),NEWTON,JASPER,US 6,US 6/1ST AVE E & E 20TH ST N,Collision with:  Vehicle in traffic,On Roadway,"Sideswipe, opposite direction",FTYROW:  Making left turn,None Indicated,,Daylight,Dry,Clear,None apparent,Intersection:  Four-way intersection,Paved,,Minor Injury,0,1,0,1,0,0,10000,2,2,,POINT (-93.027185355336 41.699155144651)
2014795343,20140010219,04/17/2014,04-April,5-Thursday,15:27,1500 Hours,District 1 (Central),DES MOINES,POLK,,GRAND AVE & 7TH ST,Collision with:  Vehicle in traffic,On Roadway,Rear-end (front to rear),Followed too close,None Indicated,,Daylight,Dry,Clear,None apparent,Non-intersection:  Non-junction/no special feature,Paved,,Possible/Unknown,0,1,0,0,1,0,2500,2,2,,POINT (-93.626510890578 41.587518157451)
2014795361,14-0409,04/17/2014,04-April,5-Thursday,17:20,1700 Hours,District 1 (Central),PLEASANT HILL,POLK,US 65,US 65 & VANDALIA RD,Collision with:  Vehicle in traffic,On Roadway,Rear-end (front to rear),Followed too close,None Indicated,,Daylight,Dry,Clear,Work Zone (roadway-related),Non-intersection:  Other non-intersection (explain in narrative),Paved,Yes,Possible/Unknown,0,1,0,0,1,0,3500,2,2,,POINT (-93.512282246323 41.567709386364)
2014795728,14003231,04/17/2014,04-April,5-Thursday,13:47,1300 Hours,District 6 (East Central),,BUCHANAN,IA 150,IA 150/JAMESTOWN AVE & Co Rd D16/OTTERVILLE BLVD & 200TH ST,Collision with:  Vehicle in traffic,On Roadway,Broadside (front to side),Traveling wrong way or on wrong side of road,None Indicated,,Daylight,Dry,Clear,None apparent,Intersection:  Four-way intersection,Paved,,Property Damage Only,0,0,0,0,0,0,5500,2,3,,POINT (-91.8894899575 42.497815868766)
2014795535,2014003567,04/17/2014,04-April,5-Thursday,17:27,1700 Hours,District 1 (Central),MARSHALLTOWN,MARSHALL,,S CENTER ST,Collision with:  Vehicle in traffic,On Roadway,"Angle, oncoming left turn",FTYROW:  Making left turn,None Indicated,,Daylight,Dry,Clear,None apparent,Non-intersection:  Driveway access (within),Paved,,Minor Injury,0,2,0,2,0,0,8000,2,2,,POINT (-92.912624075082 42.011178013098)
2014795349,20140010239,04/17/2014,04-April,5-Thursday,18:02,1800 Hours,District 1 (Central),DES MOINES,POLK,,PARK ST & 2ND AVE,Collision with:  Vehicle in traffic,On Roadway,Unknown,Made improper turn,None Indicated,,Daylight,Dry,Clear,None apparent,Non-intersection:  Non-junction/no special feature,Paved,,Property Damage Only,0,0,0,0,0,0,13000,2,4,,POINT (-93.620300549827 41.590479187782)
2014795324,201405322,04/17/2014,04-April,5-Thursday,07:49,0700 Hours,District 6 (East Central),CEDAR RAPIDS,LINN,,BLAIRS FERRY RD & EDGEWOOD RD NE & PROP EDGEWOOD RD,Collision with:  Vehicle in traffic,On Roadway,"Angle, oncoming left turn",FTYROW:  Making left turn,None Indicated,,Daylight,Dry,Cloudy,None apparent,Intersection:  Four-way intersection,Paved,,Property Damage Only,0,0,0,0,0,0,10000,2,3,,POINT (-91.701321221834 42.034702364918)
2014795402,14-11520,04/17/2014,04-April,5-Thursday,13:15,1300 Hours,District 3 (Northwest),SIOUX CITY,WOODBURY,,DOUGLAS ST & 6TH ST,Collision with:  Vehicle in traffic,On Roadway,Rear-end (front to rear),Driver Distraction:  Passenger,None Indicated,,Daylight,Dry,Clear,None apparent,Non-intersection:  Non-junction/no special feature,Paved,,Property Damage Only,0,0,0,0,0,0,4500,2,3,,POINT (-96.406428053397 42.496335506691)
2014795347,20140010230,04/17/2014,04-April,5-Thursday,16:29,1600 Hours,District 1 (Central),DES MOINES,POLK,US 69,US 69/E 14TH ST,Collision with:  Vehicle in traffic,On Roadway,Rear-end (front to rear),Driver Distraction:  Manual operation of an electronic communication device,None Indicated,,Daylight,Dry,Clear,None apparent,Non-intersection:  Driveway access (within),Paved,,Property Damage Only,0,0,0,0,0,0,2000,2,2,,POINT (-93.600511161403 41.635269059796)
2014796017,,04/17/2014,04-April,5-Thursday,22:30,2200 Hours,District 2 (Northeast),,ALLAMAKEE,IA 76,IA 76/IOWA 76,Collision with:  Animal,On Roadway,Non-collision (single vehicle),Animal,None Indicated,,Dark - roadway not lighted,,,,,Paved,,Property Damage Only,0,0,0,0,0,0,2700,1,1,,POINT (-91.403452735901 43.203375657859)
2014796015,,04/17/2014,04-April,5-Thursday,17:15,1700 Hours,District 6 (East Central),CEDAR RAPIDS,LINN,US 30,US 30/RAMP/SPECIAL CASE RAMP & BOWLING ST SW,Collision with:  Vehicle in traffic,On Roadway,Rear-end (front to rear),Unknown,None Indicated,,Daylight,Dry,Clear,,Intersection:  Y-intersection,Paved,,Minor Injury,0,1,0,1,0,0,0,2,3,,POINT (-91.656852336581 41.928409977434)
2014795289,W14-037346,04/17/2014,04-April,5-Thursday,15:44,1500 Hours,District 2 (Northeast),WATERLOO,BLACK HAWK,I-380,I-380,Collision with:  Vehicle in traffic,On Roadway,Rear-end (front to rear),Other (explain in narrative):  Other,None Indicated,,Daylight,Dry,Cloudy,None apparent,Non-intersection:  Other non-intersection (explain in narrative),Paved,,Property Damage Only,0,0,0,0,0,0,2200,2,2,,POINT (-92.316021814088 42.465330083199)
2014795359,14-000783,04/17/2014,04-April,5-Thursday,16:15,1600 Hours,District 1 (Central),ALTOONA,POLK,I-80,I-80 & US 6/FREDERICK M HUBBELL AVE,Collision with:  Vehicle in traffic,On Roadway,Rear-end (front to rear),Driver Distraction:  Passenger,None Indicated,,Daylight,Dry,Clear,None apparent,Intersection:  Intersection with ramp,Paved,,Property Damage Only,0,0,0,0,0,0,2000,2,6,,POINT (-93.495963531697 41.660789633812)
2014795301,01-14-15996,04/17/2014,04-April,5-Thursday,13:01,1300 Hours,District 6 (East Central),DUBUQUE,DUBUQUE,US 20,US 20/DODGE ST & CRESCENT RDG & N CRESCENT RIDGE,Collision with:  Vehicle in traffic,On Roadway,"Sideswipe, same direction",FTYROW:  Other (explain in narrative),None Indicated,,Daylight,Dry,Cloudy,None apparent,Non-intersection:  Non-junction/no special feature,Paved,,Property Damage Only,0,0,0,0,0,0,3000,2,3,,POINT (-90.732326985166 42.490320405447)
2014795344,20140010221,04/17/2014,04-April,5-Thursday,15:33,1500 Hours,District 1 (Central),DES MOINES,POLK,US 69,US 69/E 15TH ST & DES MOINES ST,Collision with:  Vehicle in traffic,On Roadway,Broadside (front to side),Other (explain in narrative):  Other,None Indicated,,Daylight,Dry,Clear,None apparent,Non-intersection:  Non-junction/no special feature,Paved,,Property Damage Only,0,0,0,0,0,0,7000,2,4,,POINT (-93.595686384797 41.595022906602)
2014795640,2014-23757,04/17/2014,04-April,5-Thursday,20:13,2000 Hours,District 6 (East Central),DAVENPORT,SCOTT,,N PINE ST & NORTHWEST BLVD,Collision with:  Vehicle in traffic,On Roadway,Rear-end (front to rear),"Operating vehicle in an reckless, erratic, careless, negligent manner",Refused,,Dark - roadway not lighted,Dry,Clear,None apparent,Intersection:  T-intersection,Paved,,Property Damage Only,0,0,0,0,0,0,6500,2,2,,POINT (-90.609337195957 41.587015828725)
2014796984,14-0438,04/17/2014,04-April,5-Thursday,15:53,1500 Hours,District 1 (Central),CLIVE,POLK,,NW 114TH ST & FOREST AVE,Collision with:  Vehicle in traffic,On Roadway,"Angle, oncoming left turn",Ran Traffic Signal,None Indicated,,Daylight,Dry,Clear,None apparent,Intersection:  Four-way intersection,Paved,,Property Damage Only,0,0,0,0,0,0,3000,2,2,,POINT (-93.771318997475 41.601535776821)
2014795346,20140010229,04/17/2014,04-April,5-Thursday,16:45,1600 Hours,District 1 (Central),DES MOINES,POLK,,SE 8TH ST & INDIANOLA AVE,Collision with:  Vehicle in traffic,On Roadway,Unknown,Made improper turn,None Indicated,,Daylight,Dry,Clear,None apparent,Non-intersection:  Non-junction/no special feature,Paved,,Possible/Unknown,0,1,0,0,1,0,4500,2,2,,POINT (-93.602605170308 41.558399305557)
2014795404,14-11566,04/17/2014,04-April,5-Thursday,20:58,2000 Hours,District 3 (Northwest),SIOUX CITY,WOODBURY,,JACKSON ST,Collision with:  Parked motor vehicle,On Roadway,Broadside (front to side),Improper Backing,None Indicated,,Dark - roadway lighted,Dry,Cloudy,None apparent,Non-intersection:  Non-junction/no special feature,Paved,,Possible/Unknown,0,1,0,0,1,0,2000,2,1,,POINT (-96.402273764654 42.521347400951)
2014795743,14-9380,04/17/2014,04-April,5-Thursday,21:14,2100 Hours,District 1 (Central),NEWTON,JASPER,US 6,US 6/US 6/IOWA 14 & S 12TH AVE W,Collision with:  Vehicle in traffic,On Roadway,"Angle, oncoming left turn",Ran Traffic Signal,Alcohol (Statutory),,Dark - roadway lighted,Dry,Clear,None apparent,Intersection:  Other intersection (explain in narrative),Paved,,Possible/Unknown,0,2,0,0,1,1,7000,2,4,,POINT (-93.077432840055 41.688341709471)
2014795293,2014-1552,04/17/2014,04-April,5-Thursday,17:55,1700 Hours,District 1 (Central),CLIVE,POLK,I-35,I-35 & US 6/HICKMAN RD,Collision with:  Vehicle in traffic,On Roadway,Rear-end (front to rear),Swerving/Evasive Action,None Indicated,,Daylight,Dry,Clear,None apparent,Non-intersection:  Non-junction/no special feature,Paved,,Property Damage Only,0,0,0,0,0,0,5000,2,2,,POINT (-93.778211506253 41.614892017443)
2014795326,201405343,04/17/2014,04-April,5-Thursday,15:11,1500 Hours,District 6 (East Central),CEDAR RAPIDS,LINN,I-380,I-380 & IA 922/1ST AVE W & L ST SW & 3RD ST NW,Collision with:  Vehicle in traffic,On Roadway,"Angle, oncoming left turn",FTYROW:  Making left turn,None Indicated,,Daylight,Dry,Clear,None apparent,Intersection:  Intersection with ramp,Paved,,Property Damage Only,0,0,0,0,0,0,6000,2,2,,POINT (-91.676967358255 41.975198064592)
2014797068,2014023858,04/17/2014,04-April,5-Thursday,10:43,1000 Hours,District 1 (Central),,POLK,IA 415,IA 415/2ND AVE & NW 47TH PL & NW 48TH PL,Collision with:  Vehicle in traffic,On Roadway,Broadside (front to side),Ran Traffic Signal,None Indicated,,Daylight,Dry,Cloudy,None apparent,Intersection:  Four-way intersection,Paved,,Property Damage Only,0,0,0,0,0,0,4500,2,2,,POINT (-93.619989293238 41.646947031848)
2014795360,14-000785,04/17/2014,04-April,5-Thursday,17:30,1700 Hours,District 1 (Central),ALTOONA,POLK,US 6,US 6/FREDERICK M HUBBELL AVE,Collision with:  Vehicle in traffic,On Roadway,Rear-end (front to rear),Followed too close,None Indicated,,Daylight,Dry,Clear,None apparent,Non-intersection:  Non-junction/no special feature,Paved,,Property Damage Only,0,0,0,0,0,0,4500,2,3,,POINT (-93.510035930127 41.649550154235)
2014795482,00971,04/17/2014,04-April,5-Thursday,17:03,1700 Hours,District 6 (East Central),DYERSVILLE,DUBUQUE,,2ND ST NE,Collision with:  Vehicle in traffic,On Roadway,Broadside (front to side),FTYROW:  From parked position,None Indicated,,Daylight,Dry,Clear,None apparent,Non-intersection:  Non-junction/no special feature,Paved,,Property Damage Only,0,0,0,0,0,0,3500,2,2,,POINT (-91.122805673873 42.485866280159)
2014796013,,04/17/2014,04-April,5-Thursday,16:10,1600 Hours,District 1 (Central),DES MOINES,POLK,I-235,I-235 & DAY ST & 7TH ST,Collision with fixed object:  Bridge overhead structure,On Roadway,"Sideswipe, same direction",Unknown,None Indicated,,Daylight,Dry,Clear,,Intersection:  Intersection with ramp,Paved,,Property Damage Only,0,0,0,0,0,0,4200,2,2,,POINT (-93.626883423857 41.596262161577)
2014795257,14-1118,04/17/2014,04-April,5-Thursday,13:09,1300 Hours,District 1 (Central),FORT DODGE,WEBSTER,,S 29TH ST,Collision with:  Vehicle in traffic,On Roadway,Broadside (front to side),FTYROW:  From driveway,None Indicated,,Daylight,Dry,Clear,None apparent,Non-intersection:  Driveway access (within),Paved,,Property Damage Only,0,0,0,0,0,0,2000,2,4,,POINT (-94.158275157515 42.504988886574)