Iowa DOT Case Number,Law Enforcement Case Number,Date of Crash,Month of Crash,Day of Week,Time of Crash,Hour,DOT District,City Name,County Name,Route with System,Location Description,First Harmful Event,Location of First Harmful Event,Manner of Crash/Collision,Major Cause,Drug or Alcohol ,Environmental Conditions,Light Conditions,Surface Conditions,Weather Conditions,Roadway Contribution,Roadway Type,Roadway Surface,Work Zone,Crash Severity,Number of Fatalities,Number of Injuries,Number of Major Injuries,Number of Minor Injuries,Number of Possible Injuries,Number of Unknown Injuries,Amount of Property Damage,Number of Vehicles Involved,Total Number of Occupants,Travel Direction,Location
2014796432,14-170417-01,04/17/2014,04-April,5-Thursday,05:05,0500 Hours,District 6 (East Central),,IOWA,US 6,US 6,Collision with:  Animal,,,Animal,None Indicated,,,,,,,Paved,,Property Damage Only,0,0,0,0,0,0,5000,1,1,,POINT (-91.842927745433 41.759299699442)
2014795501,2014004145,04/17/2014,04-April,5-Thursday,19:06,1900 Hours,District 6 (East Central),IOWA CITY,JOHNSON,,E JEFFERSON ST & N DUBUQUE ST,Collision with:  Vehicle in traffic,On Roadway,Rear-end (front to rear),Other (explain in narrative):  Other,None Indicated,,Daylight,Dry,Clear,None apparent,Non-intersection:  Non-junction/no special feature,Paved,,Property Damage Only,0,0,0,0,0,0,3000,2,2,,POINT (-91.533083529189 41.662468802298)
2014798999,5246-14,04/17/2014,04-April,5-Thursday,09:41,0900 Hours,District 3 (Northwest),SPENCER,CLAY,,W 18TH ST & 23RD AVE W,Collision with:  Vehicle in traffic,On Roadway,Broadside (front to side),FTYROW:  Making left turn,None Indicated,,Daylight,Dry,Clear,None apparent,Intersection:  T-intersection,Paved,,Property Damage Only,0,0,0,0,0,0,3000,2,4,,POINT (-95.176190471222 43.155690364278)
2014795639,2014-23689,04/17/2014,04-April,5-Thursday,15:50,1500 Hours,District 6 (East Central),DAVENPORT,SCOTT,,E DOVER CT,Collision with:  Vehicle in traffic,On Roadway,"Sideswipe, same direction",Lost Control,None Indicated,,Daylight,Dry,Clear,None apparent,Non-intersection:  Non-junction/no special feature,Paved,,Property Damage Only,0,0,0,0,0,0,4000,2,2,,POINT (-90.558987954979 41.544699143297)
2014797312,20141305,04/17/2014,04-April,5-Thursday,20:30,2000 Hours,District 1 (Central),,GRUNDY,US 20,US 20,Collision with:  Animal,,Non-collision (single vehicle),Animal,None Indicated,,,,,,,Paved,,Property Damage Only,0,0,0,0,0,0,2000,1,1,,POINT (-92.666284570768 42.463642950526)
2014795907,14-091,04/17/2014,04-April,5-Thursday,03:43,0300 Hours,District 2 (Northeast),WAVERLY,BREMER,,MEADOWVIEW LN,Collision with:  Parked motor vehicle,Roadside,Rear-end (front to rear),Other (explain in narrative):  Other,Alcohol (Statutory),,Dark - roadway lighted,Dry,Clear,None apparent,Non-intersection:  Non-junction/no special feature,Paved,,Property Damage Only,0,0,0,0,0,0,4500,2,1,,POINT (-92.488110228084 42.717459960998)
2014796796,GP20140277,04/17/2014,04-April,5-Thursday,11:30,1100 Hours,District 1 (Central),GRINNELL,POWESHIEK,,3RD AVE & ELM ST,Collision with:  Vehicle in traffic,On Roadway,Rear-end (front to rear),Other (explain in narrative):  Other,None Indicated,,Daylight,Dry,Cloudy,None apparent,Non-intersection:  Non-junction/no special feature,Paved,,Possible/Unknown,0,1,0,0,0,1,5000,2,1,,POINT (-92.716121075705 41.741771592445)
2014795665,2014-07831,04/17/2014,04-April,5-Thursday,05:36,0500 Hours,District 5 (Southeast),BEVINGTON,WARREN,IA 92,IA 92/IOWA 92,Collision with:  Animal,On Roadway,Non-collision (single vehicle),Animal,None Indicated,,Dark - roadway lighted,Dry,Clear,None apparent,Non-intersection:  Non-junction/no special feature,Paved,,Property Damage Only,0,0,0,0,0,0,4000,1,1,,POINT (-93.78638950564 41.361657286651)
2014796182,,04/17/2014,04-April,5-Thursday,14:26,1400 Hours,District 5 (Southeast),FORT MADISON,LEE,,AVE L & 24TH ST,Collision with:  Vehicle in traffic,On Roadway,"Angle, oncoming left turn",FTYROW:  Making left turn,None Indicated,,Daylight,Dry,Clear,None apparent,Intersection:  Four-way intersection,Paved,,Property Damage Only,0,0,0,0,0,0,2000,2,2,,POINT (-91.339898059562 40.627121568632)
2014795208,14-015813,04/17/2014,04-April,5-Thursday,08:48,0800 Hours,District 5 (Southeast),MUSCATINE,MUSCATINE,US 61,US 61,Collision with:  Vehicle in traffic,On Roadway,"Sideswipe, same direction",FTYROW:  Other (explain in narrative),None Indicated,,Daylight,Dry,Cloudy,None apparent,Intersection:  Four-way intersection,Paved,,Property Damage Only,0,0,0,0,0,0,3500,2,2,,POINT (-91.088322305933 41.39220215445)
2014795710,,04/17/2014,04-April,5-Thursday,12:30,1200 Hours,District 6 (East Central),DE WITT,CLINTON,,6TH AVE,Collision with:  Parked motor vehicle,On Roadway,"Sideswipe, same direction",Ran off road - right,None Indicated,,Daylight,Dry,Clear,None apparent,Non-intersection:  Non-junction/no special feature,Paved,,Property Damage Only,0,0,0,0,0,0,3000,2,1,,POINT (-90.538955523043 41.821356445374)
2014795345,20140010224,04/17/2014,04-April,5-Thursday,16:12,1600 Hours,District 1 (Central),DES MOINES,POLK,,LOWER BEAVER RD,Collision with:  Vehicle in traffic,On Roadway,Rear-end (front to rear),FTYROW:  Other (explain in narrative),None Indicated,,Daylight,Dry,Clear,None apparent,Non-intersection:  Non-junction/no special feature,Paved,,Property Damage Only,0,0,0,0,0,0,3500,2,4,,POINT (-93.664130696397 41.632739361471)
2014795351,20140010175,04/17/2014,04-April,5-Thursday,02:30,0200 Hours,District 1 (Central),DES MOINES,POLK,,E BROAD ST & SE 5TH ST,Collision with fixed object:  Utility pole/light support,On Roadway,Non-collision (single vehicle),Ran off road - right,None Indicated,,Dark - roadway lighted,Dry,Clear,None apparent,Non-intersection:  Non-junction/no special feature,Paved,,Property Damage Only,0,0,0,0,0,0,20100,1,1,,POINT (-93.60652214569 41.55920738326)
2014795693,2014023916,04/17/2014,04-April,5-Thursday,14:45,1400 Hours,District 6 (East Central),,IOWA,US 151,US 151/42ND AVE,Collision with:  Vehicle in traffic,On Roadway,"Sideswipe, opposite direction",Crossed centerline (undivided),None Indicated,,Daylight,Dry,Clear,None apparent,Non-intersection:  Non-junction/no special feature,Paved,,Property Damage Only,0,0,0,0,0,0,15000,2,2,,POINT (-91.872780136881 41.806251766918)
2014795866,2014023894,04/17/2014,04-April,5-Thursday,13:35,1300 Hours,District 4 (Southwest),,POTTAWATTAMIE,I-80,I-80,Collision with:  Vehicle in traffic,On Roadway,"Sideswipe, same direction",Lost Control,None Indicated,,Daylight,Dry,Clear,None apparent,Non-intersection:  Non-junction/no special feature,Paved,,Property Damage Only,0,0,0,0,0,0,4000,2,4,,POINT (-95.357086225069 41.497626896)
2014796071,14-001566,04/17/2014,04-April,5-Thursday,16:56,1600 Hours,District 3 (Northwest),,LYON,IA 182,IA 182/IOWA 182 & Co Rd A26/180TH ST,Collision with:  Vehicle in traffic,On Roadway,Broadside (front to side),FTYROW:  From stop sign,None Indicated,,Daylight,Dry,Clear,None apparent,Intersection:  Four-way intersection,Paved,,Possible/Unknown,0,2,0,0,2,0,13000,2,2,,POINT (-96.428825241659 43.389854743708)
2014807887,CP14-0310,04/17/2014,04-April,5-Thursday,15:35,1500 Hours,District 2 (Northeast),CLARION,WRIGHT,IA 3,IA 3/CENTRAL AVE,Collision with:  Vehicle in traffic,On Roadway,Rear-end (front to rear),Other (explain in narrative):  Other,None Indicated,,Daylight,Dry,Clear,None apparent,Non-intersection:  Non-junction/no special feature,Paved,,Property Damage Only,0,0,0,0,0,0,2500,2,3,,POINT (-93.715813456904 42.731820416273)
2014796111,GP20140280,04/17/2014,04-April,5-Thursday,18:45,1800 Hours,District 1 (Central),GRINNELL,POWESHIEK,US 6,US 6/6TH AVE & BROAD ST,Collision with:  Vehicle in traffic,On Roadway,Broadside (front to side),Ran Traffic Signal,None Indicated,,Daylight,Dry,Clear,None apparent,Intersection:  Four-way intersection,Paved,,Property Damage Only,0,0,0,0,0,0,11000,2,4,,POINT (-92.724147829251 41.746159566218)
2014795654,14-004153,04/17/2014,04-April,5-Thursday,21:17,2100 Hours,District 1 (Central),,TAMA,,360TH ST,Collision with fixed object:  Ditch,Shoulder,Non-collision (single vehicle),Ran off road - left,None Indicated,,Dark - roadway not lighted,"Mud, dirt",Cloudy,None apparent,Non-intersection:  Non-junction/no special feature,Unpaved,,Major Injury,0,1,1,0,0,0,9500,1,1,,POINT (-92.407796678532 41.920454574936)
2014796472,14-010866,04/17/2014,04-April,5-Thursday,18:26,1800 Hours,District 5 (Southeast),FORT MADISON,LEE,,Co Rd X32/303 AVE & TIMBERLANE DR,Collision with:  Animal,,,Animal,None Indicated,,,,,,,Paved,,Property Damage Only,0,0,0,0,0,0,3500,1,1,,POINT (-91.31955921518 40.641853041853)
2014795446,CL14001131,04/18/2014,04-April,6-Friday,02:43,0200 Hours,District 6 (East Central),CLINTON,CLINTON,,S 9TH ST,Collision with:  Parked motor vehicle,On Roadway,Broadside (front to side),Unknown,None Indicated,,Dark - roadway not lighted,Dry,Cloudy,None apparent,Non-intersection:  Non-junction/no special feature,Paved,,Property Damage Only,0,0,0,0,0,0,7000,2,1,,POINT (-90.206829807353 41.832406308962)
2014796177,,04/18/2014,04-April,6-Friday,20:00,2000 Hours,District 2 (Northeast),,ALLAMAKEE,IA 9,IA 9/IOWA 9,Collision with:  Animal,On Roadway,Non-collision (single vehicle),Animal,None Indicated,,Dusk,Dry,Clear,,Non-intersection:  Non-junction/no special feature,Paved,,Property Damage Only,0,0,0,0,0,0,1500,1,2,,POINT (-91.308816544835 43.358782208926)
2014795333,14-2539,04/18/2014,04-April,6-Friday,02:20,0200 Hours,District 1 (Central),,POLK,IA 163,IA 163/NE UNIVERSITY AVE,Collision with:  Animal,,,Animal,None Indicated,,,,,,,Paved,,Property Damage Only,0,0,0,0,0,0,5000,1,1,,POINT (-93.368051810344 41.600732831286)
2014795356,14-1788,04/18/2014,04-April,6-Friday,11:22,1100 Hours,District 1 (Central),WEST DES MOINES,POLK,I-235,I-235,Collision with:  Vehicle in traffic,On Roadway,Rear-end (front to rear),Driver Distraction:  Passenger,None Indicated,,Daylight,Dry,Clear,None apparent,Non-intersection:  Non-junction/no special feature,Paved,,Minor Injury,0,2,0,2,0,0,26000,2,3,,POINT (-93.762809548583 41.592243075983)
2014796850,14037866,04/18/2014,04-April,6-Friday,22:15,2200 Hours,District 2 (Northeast),CEDAR FALLS,BLACK HAWK,,S FRONTAGE RD & VALLEY PARK DR,Collision with:  Vehicle in traffic,On Roadway,Broadside (front to side),Unknown,None Indicated,,Dark - roadway lighted,Dry,Clear,None apparent,Non-intersection:  Non-junction/no special feature,Paved,,Property Damage Only,0,0,0,0,0,0,5000,2,3,,POINT (-92.436819462318 42.512790732844)
2014795554,14-0443,04/18/2014,04-April,6-Friday,16:58,1600 Hours,District 4 (Southwest),CLIVE,DALLAS,,UNIVERSITY AVE,Collision with:  Vehicle in traffic,On Roadway,Rear-end (front to rear),Followed too close,None Indicated,,Daylight,Dry,Clear,None apparent,Non-intersection:  Non-junction/no special feature,Paved,,Possible/Unknown,0,1,0,0,1,0,6200,4,4,,POINT (-93.812418005675 41.600496080519)
2014795874,2014024018,04/18/2014,04-April,6-Friday,05:40,0500 Hours,District 4 (Southwest),,FREMONT,I-29,I-29,Collision with:  Non-motorist (see non-motorist section - NOT a unit),On Roadway,Non-collision (single vehicle),Other (explain in narrative):  No improper action,None Indicated,,Dark - roadway not lighted,Dry,Clear,None apparent,Non-intersection:  Non-junction/no special feature,Paved,,Fatal,1,0,0,0,0,0,6000,1,1,,POINT (-95.806180012386 40.816021738274)
2014796227,14-001276,04/18/2014,04-April,6-Friday,22:45,2200 Hours,District 5 (Southeast),,KEOKUK,IA 92,IA 92/IOWA 92,Collision with:  Animal,On Roadway,Non-collision (single vehicle),Animal,None Indicated,,Dark - roadway not lighted,Dry,Clear,None apparent,Non-intersection:  Other non-intersection (explain in narrative),Paved,,Property Damage Only,0,0,0,0,0,0,7590,1,1,,POINT (-92.309033278662 41.336490028106)
2014798994,14-5317,04/18/2014,04-April,6-Friday,15:09,1500 Hours,District 3 (Northwest),SPENCER,CLAY,US 18,US 18/N GRAND AVE & W 1ST ST & E 1ST ST,Collision with:  Non-motorist (see non-motorist section - NOT a unit),On Roadway,Non-collision (single vehicle),FTYROW:  To pedestrian,None Indicated,,Daylight,Dry,Clear,None apparent,Non-intersection:  Non-junction/no special feature,Paved,,Minor Injury,0,1,0,1,0,0,0,1,1,,POINT (-95.144512716703 43.138604038415)
2014795666,2014-07923,04/18/2014,04-April,6-Friday,06:40,0600 Hours,District 5 (Southeast),,WARREN,US 65,US 65,Collision with fixed object:  Ditch,On Roadway,Non-collision (single vehicle),Swerving/Evasive Action,None Indicated,,Dawn,Dry,Clear,None apparent,Non-intersection:  Non-junction/no special feature,Paved,,Possible/Unknown,0,1,0,0,1,0,4000,1,1,,POINT (-93.558518208312 41.321986023704)
2014795581,20140010314,04/18/2014,04-April,6-Friday,13:45,1300 Hours,District 1 (Central),DES MOINES,POLK,US 69,US 69/E 14TH ST,Collision with:  Vehicle in traffic,On Roadway,Broadside (front to side),Ran Traffic Signal,None Indicated,,Daylight,Dry,Clear,None apparent,Intersection:  Four-way intersection,Paved,,Property Damage Only,0,0,0,0,0,0,8500,2,8,,POINT (-93.59873794659 41.595439403434)
2014795484,14-9458,04/18/2014,04-April,6-Friday,16:55,1600 Hours,District 1 (Central),NEWTON,JASPER,,Co Rd F48/HWY F-48 W,Non-collision events:  Overturn/rollover,On Roadway,Non-collision (single vehicle),"Operating vehicle in an reckless, erratic, careless, negligent manner",Refused,,Daylight,Dry,Clear,None apparent,Non-intersection:  Non-junction/no special feature,Paved,,Possible/Unknown,0,1,0,0,1,0,5000,1,1,,POINT (-93.129802271171 41.695581278964)
2014795674,14-1130,04/18/2014,04-April,6-Friday,19:00,1900 Hours,District 1 (Central),FORT DODGE,WEBSTER,,2ND AVE N & N 15TH ST,Collision with fixed object:  Utility pole/light support,Roadside,Non-collision (single vehicle),Other (explain in narrative):  Other,None Indicated,,Daylight,Dry,Clear,None apparent,Non-intersection:  Non-junction/no special feature,Paved,,Property Damage Only,0,0,0,0,0,0,3000,1,1,,POINT (-94.177835122975 42.508274714268)
2014795295,14-12848,04/18/2014,04-April,6-Friday,12:42,1200 Hours,District 5 (Southeast),BURLINGTON,DES MOINES,US 61,US 61 & MT PLEASANT ST,Collision with:  Vehicle in traffic,On Roadway,Broadside (front to side),FTYROW:  Making left turn,None Indicated,,Daylight,Dry,Clear,None apparent,Non-intersection:  Driveway access (within),Paved,,Property Damage Only,0,0,0,0,0,0,3500,2,4,,POINT (-91.141326168378 40.825882817893)
2014795593,14-0823,04/18/2014,04-April,6-Friday,09:11,0900 Hours,District 1 (Central),URBANDALE,POLK,,DOUGLAS AVE & 80TH ST,Collision with:  Vehicle in traffic,On Roadway,"Sideswipe, same direction",Driver Distraction:  Inattentive/lost in thought,None Indicated,,Daylight,Dry,Clear,None apparent,Non-intersection:  Non-junction/no special feature,Paved,,Property Damage Only,0,0,0,0,0,0,2500,2,2,,POINT (-93.727950406983 41.629245450255)
2014795437,1404182511,04/18/2014,04-April,6-Friday,21:43,2100 Hours,District 6 (East Central),,CLINTON,US 61,US 61,Non-collision events:  Overturn/rollover,On Roadway,Non-collision (single vehicle),Swerving/Evasive Action,None Indicated,,Dark - roadway not lighted,Dry,Clear,None apparent,Non-intersection:  Non-junction/no special feature,Paved,,Property Damage Only,0,0,0,0,0,0,5000,1,1,,POINT (-90.651983703579 41.974033911273)
2014795547,14-2556,04/18/2014,04-April,6-Friday,16:51,1600 Hours,District 1 (Central),GRIMES,POLK,I-35,I-35 & IA 141/IOWA 141,Collision with:  Vehicle in traffic,On Roadway,Rear-end (front to rear),Followed too close,None Indicated,,Daylight,Dry,Clear,None apparent,Intersection:  T-intersection,Paved,,Property Damage Only,0,0,0,0,0,0,1600,2,3,,POINT (-93.774573668197 41.64990034854)
2014810020,2014002051,04/18/2014,04-April,6-Friday,06:11,0600 Hours,District 6 (East Central),,BENTON,,Co Rd W26/32 AVE,Collision with:  Animal,On Roadway,Non-collision (single vehicle),Animal,None Indicated,,Dark - roadway lighted,Dry,Clear,None apparent,Non-intersection:  Non-junction/no special feature,Paved,,Property Damage Only,0,0,0,0,0,0,2500,1,1,,POINT (-91.869135851504 42.061417419678)
2014795336,20140010283,04/18/2014,04-April,6-Friday,07:50,0700 Hours,District 1 (Central),DES MOINES,POLK,,PARK AVE & SW 9TH ST,Collision with:  Vehicle in traffic,On Roadway,Rear-end (front to rear),Other (explain in narrative):  Other,None Indicated,,Daylight,Dry,Clear,None apparent,Intersection:  Four-way intersection,Paved,,Minor Injury,0,1,0,1,0,0,7921,2,3,,POINT (-93.625769473963 41.55545629068)
2014796000,14-4349,04/18/2014,04-April,6-Friday,02:00,0200 Hours,District 3 (Northwest),,SIOUX,,Co Rd K30/EAGLE AVE,Collision with fixed object:  Ditch,Shoulder,Non-collision (single vehicle),Ran off road - right,None Indicated,,Dark - roadway not lighted,Dry,Unknown,None apparent,Non-intersection:  Driveway access (within),Paved,,Minor Injury,0,1,0,1,0,0,5000,1,1,,POINT (-96.313390735235 43.036413825397)
2014795469,01-14-16166,04/18/2014,04-April,6-Friday,13:22,1300 Hours,District 6 (East Central),DUBUQUE,DUBUQUE,,FRONTAGE RD & CEDAR CROSS RD,Collision with:  Vehicle in traffic,On Roadway,Rear-end (front to rear),Followed too close,None Indicated,,Daylight,Dry,Clear,None apparent,Non-intersection:  Driveway access (within),Paved,,Property Damage Only,0,0,0,0,0,0,1600,2,4,,POINT (-90.714734186515 42.491942939231)
2014795642,2014-23894,04/18/2014,04-April,6-Friday,11:52,1100 Hours,District 6 (East Central),DAVENPORT,SCOTT,,W LOCUST ST & HICKORY GROVE RD & N DIVISION ST,Collision with:  Vehicle in traffic,On Roadway,Rear-end (front to rear),FTYROW:  From parked position,None Indicated,,Daylight,Dry,Clear,None apparent,Non-intersection:  Other non-intersection (explain in narrative),Paved,,Property Damage Only,0,0,0,0,0,0,2500,2,2,,POINT (-90.601077565245 41.53825417734)
2014795694,2014024108,04/18/2014,04-April,6-Friday,12:35,1200 Hours,District 6 (East Central),,LINN,I-380,I-380,Collision with fixed object:  Traffic sign support,Median,Non-collision (single vehicle),Crossed centerline (undivided),None Indicated,,Daylight,"Mud, dirt",Clear,None apparent,Non-intersection:  Crossover-related,Paved,,Property Damage Only,0,0,0,0,0,0,3000,1,1,,POINT (-91.741147501948 42.143167731928)
2014795616,14-014948,04/18/2014,04-April,6-Friday,13:33,1300 Hours,District 4 (Southwest),COUNCIL BLUFFS,POTTAWATTAMIE,US 275,US 275/VETERANS MEMORIAL HWY,Collision with fixed object:  Curb/island/raised median,On Roadway,Non-collision (single vehicle),Equipment failure,None Indicated,,Daylight,Dry,Clear,None apparent,Non-intersection:  Non-junction/no special feature,Paved,,Property Damage Only,0,0,0,0,0,0,2050,1,3,,POINT (-95.862179331378 41.219673488518)
2014795592,14-0821,04/18/2014,04-April,6-Friday,08:00,0800 Hours,District 4 (Southwest),URBANDALE,DALLAS,,BROOKVIEW DR & 150TH ST,Collision with:  Parked motor vehicle,On Roadway,Rear-end (front to rear),Made improper turn,None Indicated,,Daylight,Dry,Clear,None apparent,Intersection:  Four-way intersection,Paved,,Property Damage Only,0,0,0,0,0,0,6000,2,1,,POINT (-93.824739066527 41.653028081376)
2014796295,2014-23856,04/18/2014,04-April,6-Friday,07:51,0700 Hours,District 6 (East Central),DAVENPORT,SCOTT,,GEORGE WASHINGTON BLVD & N DIVISION ST,Collision with:  Vehicle in traffic,On Roadway,"Sideswipe, same direction",FTYROW:  Other (explain in narrative),None Indicated,,Daylight,Dry,Clear,None apparent,Non-intersection:  Non-junction/no special feature,Paved,,Property Damage Only,0,0,0,0,0,0,1500,2,2,,POINT (-90.600797902113 41.551974123834)
2014795611,14-0416,04/18/2014,04-April,6-Friday,11:58,1100 Hours,District 1 (Central),PLEASANT HILL,POLK,IA 163,IA 163/E UNIVERSITY AVE,Collision with:  Vehicle in traffic,On Roadway,"Sideswipe, same direction",Unknown,None Indicated,,Daylight,Dry,Cloudy,None apparent,Non-intersection:  Non-junction/no special feature,Paved,,Property Damage Only,0,0,0,0,0,0,2500,2,3,,POINT (-93.509183684741 41.599248630714)
2014796670,2014024124,04/18/2014,04-April,6-Friday,13:04,1300 Hours,District 1 (Central),,POLK,I-35,I-35,Collision with:  Vehicle in traffic,On Roadway,"Sideswipe, same direction",Driving too fast for conditions,None Indicated,,Daylight,Dry,Clear,None apparent,Non-intersection:  Non-junction/no special feature,Paved,,Property Damage Only,0,0,0,0,0,0,13000,2,2,,POINT (-93.570368044024 41.804394961157)
2014795915,140963,04/18/2014,04-April,6-Friday,12:21,1200 Hours,District 3 (Northwest),DENISON,CRAWFORD,US 30,US 30/4TH AVE S,Collision with:  Vehicle in traffic,Outside trafficway,Broadside (front to side),FTYROW:  From parked position,None Indicated,,Daylight,Dry,Clear,None apparent,Non-intersection:  Driveway access (within),Paved,,Property Damage Only,0,0,0,0,0,0,4000,2,3,,POINT (-95.358786613529 42.012403143538)
2014796460,14-010919,04/18/2014,04-April,6-Friday,10:17,1000 Hours,District 5 (Southeast),,LEE,,Co Rd J92/JOHNSON ST RD,Collision with:  Animal,,,Animal,None Indicated,,,,,,,Paved,,Property Damage Only,0,0,0,0,0,0,1500,1,1,,POINT (-91.443557522274 40.41106504993)
2014796069,14007727,04/18/2014,04-April,6-Friday,03:57,0300 Hours,District 6 (East Central),MARION,LINN,,35TH ST,Collision with fixed object:  Tree,On Roadway,Non-collision (single vehicle),Ran off road - right,Under Influence of Alcohol/Drugs/Medications,,Dark - roadway lighted,Dry,Cloudy,None apparent,Non-intersection:  Non-junction/no special feature,Paved,,Possible/Unknown,0,2,0,0,2,0,6000,1,2,,POINT (-91.574538737725 42.041420367014)
2014795357,14-1791,04/18/2014,04-April,6-Friday,13:41,1300 Hours,District 1 (Central),WEST DES MOINES,POLK,,BENTLEY DR & S 50TH ST,Collision with:  Vehicle in traffic,On Roadway,Broadside (front to side),FTYROW:  From driveway,None Indicated,,Daylight,Dry,Clear,None apparent,Non-intersection:  Driveway access (within),Paved,,Property Damage Only,0,0,0,0,0,0,10500,3,3,,POINT (-93.770891663347 41.560573770137)
2014795294,14-12795,04/18/2014,04-April,6-Friday,00:50,0000 Hours,District 5 (Southeast),BURLINGTON,DES MOINES,,LINDEN ST & 8TH ST,Collision with:  Vehicle in traffic,On Roadway,"Sideswipe, same direction",Driver Distraction:  Manual operation of an electronic communication device,Alcohol (Statutory),,Dark - roadway not lighted,Dry,Clear,None apparent,Non-intersection:  Non-junction/no special feature,Paved,,Minor Injury,0,1,0,1,0,0,6500,2,2,,POINT (-91.105446574818 40.821173440095)
2014796021,,04/18/2014,04-April,6-Friday,23:00,2300 Hours,District 4 (Southwest),,MILLS,US 275,US 275,Collision with:  Animal,On Roadway,Non-collision (single vehicle),Animal,None Indicated,,Dark - roadway not lighted,Dry,Cloudy,,Non-intersection:  Non-junction/no special feature,Paved,,Property Damage Only,0,0,0,0,0,0,1500,1,1,,POINT (-95.671163660529 40.97658104578)
2014795467,01-14-16150,04/18/2014,04-April,6-Friday,11:17,1100 Hours,District 6 (East Central),DUBUQUE,DUBUQUE,US 20,US 20/DODGE ST,Collision with:  Vehicle in traffic,On Roadway,Rear-end (front to rear),Lost Control,None Indicated,,Daylight,Dry,Clear,None apparent,Non-intersection:  Non-junction/no special feature,Paved,,Property Damage Only,0,0,0,0,0,0,6000,2,2,,POINT (-90.733811879917 42.489971570233)
2014795733,14-003124,04/18/2014,04-April,6-Friday,08:41,0800 Hours,District 4 (Southwest),MASSENA,CASS,IA 148,IA 148/750TH ST & PELLA RD,Collision with:  Vehicle in traffic,On Roadway,"Sideswipe, same direction",FTYROW:  Other (explain in narrative),None Indicated,,Daylight,Dry,Clear,None apparent,Intersection:  Four-way intersection,Paved,,Property Damage Only,0,0,0,0,0,0,11000,2,2,,POINT (-94.757864144105 41.287425355783)
2014795513,201405402,04/18/2014,04-April,6-Friday,16:49,1600 Hours,District 6 (East Central),CEDAR RAPIDS,LINN,,WILEY BLVD SW & COYOTE RD SW,Collision with:  Vehicle in traffic,On Roadway,Broadside (front to side),FTYROW:  From stop sign,None Indicated,,Daylight,Dry,Clear,None apparent,Intersection:  T-intersection,Paved,,Property Damage Only,0,0,0,0,0,0,6500,2,3,,POINT (-91.718958743224 41.945637748025)
2014795690,2014024199,04/18/2014,04-April,6-Friday,20:30,2000 Hours,District 1 (Central),,JASPER,US 65,US 65/W US 65 N & IA 117/IOWA 117 N & IA 330/IOWA 330 N,Collision with:  Animal,On Roadway,Non-collision (single vehicle),Animal,None Indicated,,Dark - roadway not lighted,Dry,Clear,None apparent,Non-intersection:  Non-junction/no special feature,Paved,,Property Damage Only,0,0,0,0,0,0,3000,1,1,,POINT (-93.308582571464 41.809926966509)
2014795507,2014004188,04/18/2014,04-April,6-Friday,15:31,1500 Hours,District 6 (East Central),IOWA CITY,JOHNSON,US 6,US 6 & S GILBERT ST,Collision with:  Non-motorist (see non-motorist section - NOT a unit),On Roadway,Non-collision (single vehicle),Followed too close,None Indicated,,Daylight,Dry,Clear,None apparent,Non-intersection:  Non-junction/no special feature,Paved,,Minor Injury,0,2,0,2,0,0,10001,1,1,,POINT (-91.53219599434 41.645488542544)
2014796025,14037680,04/18/2014,04-April,6-Friday,12:58,1200 Hours,District 2 (Northeast),CEDAR FALLS,BLACK HAWK,,FRANKLIN ST,Collision with:  Vehicle in traffic,On Roadway,"Sideswipe, same direction",FTYROW:  From parked position,None Indicated,,Daylight,Dry,Clear,None apparent,Non-intersection:  Non-junction/no special feature,Paved,,Property Damage Only,0,0,0,0,0,0,5500,2,3,,POINT (-92.44950202379 42.536546628095)
2014795453,CL14001142,04/18/2014,04-April,6-Friday,20:22,2000 Hours,District 6 (East Central),CLINTON,CLINTON,US 67,US 67/N 3RD ST,Collision with:  Animal,,,Animal,None Indicated,,,,,,,Paved,,Property Damage Only,0,0,0,0,0,0,1500,1,1,,POINT (-90.18348039283 41.896334349764)
2014795867,2014024159,04/18/2014,04-April,6-Friday,15:20,1500 Hours,District 4 (Southwest),,DALLAS,I-80,I-80,Collision with:  Vehicle in traffic,On Roadway,Rear-end (front to rear),Swerving/Evasive Action,None Indicated,,Daylight,Dry,Clear,Work Zone (roadway-related),Non-intersection:  Non-junction/no special feature,Paved,Yes,Property Damage Only,0,0,0,0,0,0,2000,2,2,,POINT (-94.0051959042 41.541019925865)
2014795856,14-11669,04/18/2014,04-April,6-Friday,18:34,1800 Hours,District 3 (Northwest),SIOUX CITY,WOODBURY,,4TH ST,Collision with:  Vehicle in traffic,On Roadway,Rear-end (front to rear),"Operating vehicle in an reckless, erratic, careless, negligent manner",None Indicated,,Daylight,Dry,Clear,None apparent,Non-intersection:  Other non-intersection (explain in narrative),Paved,,Possible/Unknown,0,1,0,0,1,0,2500,2,2,,POINT (-96.393381047009 42.494255772192)
2014798723,S14-D1801,04/18/2014,04-April,6-Friday,01:30,0100 Hours,District 5 (Southeast),,CLARKE,US 34,US 34,Collision with:  Animal,On Roadway,Non-collision (single vehicle),Animal,None Indicated,,Dark - roadway not lighted,Dry,Clear,None apparent,Non-intersection:  Non-junction/no special feature,Paved,,Possible/Unknown,0,1,0,0,0,1,3000,1,1,,POINT (-93.656008278606 41.030535060212)