Iowa DOT Case Number,Law Enforcement Case Number,Date of Crash,Month of Crash,Day of Week,Time of Crash,Hour,DOT District,City Name,County Name,Route with System,Location Description,First Harmful Event,Location of First Harmful Event,Manner of Crash/Collision,Major Cause,Drug or Alcohol ,Environmental Conditions,Light Conditions,Surface Conditions,Weather Conditions,Roadway Contribution,Roadway Type,Roadway Surface,Work Zone,Crash Severity,Number of Fatalities,Number of Injuries,Number of Major Injuries,Number of Minor Injuries,Number of Possible Injuries,Number of Unknown Injuries,Amount of Property Damage,Number of Vehicles Involved,Total Number of Occupants,Travel Direction,Location
2014796671,2014024129,04/18/2014,04-April,6-Friday,13:45,1300 Hours,District 1 (Central),,POLK,I-35,I-35,Collision with:  Vehicle in traffic,On Roadway,Rear-end (front to rear),Swerving/Evasive Action,None Indicated,,Daylight,Dry,Clear,None apparent,Non-intersection:  Non-junction/no special feature,Paved,,Property Damage Only,0,0,0,0,0,0,21000,4,4,,POINT (-93.570382984872 41.792505734169)
2014798203,14037876,04/18/2014,04-April,6-Friday,22:35,2200 Hours,District 2 (Northeast),CEDAR FALLS,BLACK HAWK,,UNIVERSITY AVE & VALLEY PARK DR,Collision with:  Vehicle in traffic,On Roadway,"Sideswipe, same direction",Lost Control,None Indicated,,Dark - roadway lighted,Dry,Clear,None apparent,Non-intersection:  Non-junction/no special feature,Paved,,Property Damage Only,0,0,0,0,0,0,2000,2,3,,POINT (-92.436804702414 42.513078847323)
2014796302,2014-23947,04/18/2014,04-April,6-Friday,17:05,1700 Hours,District 6 (East Central),DAVENPORT,SCOTT,US 67,US 67/E RIVER DR,Collision with:  Vehicle in traffic,On Roadway,Head-on (front to front),Crossed centerline (undivided),None Indicated,,Daylight,Dry,Cloudy,None apparent,Non-intersection:  Non-junction/no special feature,Paved,,Possible/Unknown,0,1,0,0,1,0,4000,3,3,,POINT (-90.53576514405 41.527379630396)
2014798883,032-040-14,04/18/2014,04-April,6-Friday,11:59,1100 Hours,District 3 (Northwest),ESTHERVILLE,EMMET,IA 9,IA 9/CENTRAL AVE & 3RD AVE N,Collision with:  Vehicle in traffic,On Roadway,"Angle, oncoming left turn",FTYROW:  From stop sign,None Indicated,,Daylight,Dry,Clear,None apparent,Intersection:  Four-way intersection,Paved,,Property Damage Only,0,0,0,0,0,0,7400,2,2,,POINT (-94.812167088647 43.39975282212)
2014795350,20140010282,04/18/2014,04-April,6-Friday,07:45,0700 Hours,District 1 (Central),DES MOINES,POLK,,GRAND AVE & E GRAND AVE & 2ND AVE,Collision with:  Vehicle in traffic,On Roadway,"Sideswipe, same direction",Unknown,None Indicated,,Daylight,Dry,Clear,None apparent,Non-intersection:  Non-junction/no special feature,Paved,,Property Damage Only,0,0,0,0,0,0,4500,2,3,,POINT (-93.620272515855 41.588803991098)
2014796461,14-010973,04/18/2014,04-April,6-Friday,20:32,2000 Hours,District 5 (Southeast),FORT MADISON,LEE,US 61,US 61,Collision with:  Animal,,,Animal,None Indicated,,,,,,,Paved,,Property Damage Only,0,0,0,0,0,0,3500,1,1,,POINT (-91.313170687911 40.670595059932)
2014795503,2014004175,04/18/2014,04-April,6-Friday,10:35,1000 Hours,District 6 (East Central),IOWA CITY,JOHNSON,,E COLLEGE ST,Collision with:  Vehicle in traffic,On Roadway,Head-on (front to front),Crossed centerline (undivided),None Indicated,,Daylight,Dry,Clear,None apparent,Non-intersection:  Non-junction/no special feature,Paved,,Property Damage Only,0,0,0,0,0,0,4300,3,2,,POINT (-91.524000796257 41.658893871936)
2014795854,14-11613,04/18/2014,04-April,6-Friday,10:44,1000 Hours,District 3 (Northwest),SIOUX CITY,WOODBURY,IA 376,IA 376/LEWIS BLVD & 7TH ST,Collision with:  Vehicle in traffic,On Roadway,Broadside (front to side),FTYROW:  From stop sign,None Indicated,,Daylight,Dry,Clear,None apparent,Intersection:  Four-way intersection,Paved,,Property Damage Only,0,0,0,0,0,0,3500,2,3,,POINT (-96.378253744386 42.497584623826)
2014800083,1402690,04/18/2014,04-April,6-Friday,11:31,1100 Hours,District 5 (Southeast),WASHINGTON,WASHINGTON,,E POLK ST & S 3RD AVE,Collision with:  Vehicle in traffic,On Roadway,Broadside (front to side),FTYROW:  From stop sign,None Indicated,,Daylight,Dry,Clear,None apparent,Intersection:  Four-way intersection,Paved,,Minor Injury,0,2,0,1,1,0,15600,2,2,,POINT (-91.689587962046 41.288480633439)
2014796209,140967,04/18/2014,04-April,6-Friday,16:34,1600 Hours,District 3 (Northwest),DENISON,CRAWFORD,,AIRPORT ST,Collision with:  Vehicle in traffic,Roadside,"Sideswipe, opposite direction",Swerving/Evasive Action,Alcohol (< Statutory),,Daylight,Dry,Clear,None apparent,Non-intersection:  Driveway access (within),Paved,,Property Damage Only,0,0,0,0,0,0,7000,2,1,,POINT (-95.377749252506 41.998556976058)
2014796430,14-150418-02,04/18/2014,04-April,6-Friday,18:30,1800 Hours,District 6 (East Central),,IOWA,,W AVE,Non-collision events:  Overturn/rollover,On Roadway,Non-collision (single vehicle),Lost Control,None Indicated,,Dark - roadway not lighted,Dry,Clear,None apparent,Non-intersection:  Non-junction/no special feature,Unpaved,,Possible/Unknown,0,1,0,0,1,0,8000,1,1,,POINT (-91.871836327385 41.609234053264)
2014795337,20140010287,04/18/2014,04-April,6-Friday,09:30,0900 Hours,District 1 (Central),DES MOINES,POLK,,FLEUR DR,Collision with:  Vehicle in traffic,On Roadway,Broadside (front to side),FTYROW:  From driveway,None Indicated,,Daylight,Dry,Clear,None apparent,Non-intersection:  Driveway access (within),Paved,,Property Damage Only,0,0,0,0,0,0,6000,2,2,,POINT (-93.645010399337 41.547666739063)
2014795889,,04/18/2014,04-April,6-Friday,13:10,1300 Hours,District 1 (Central),DES MOINES,POLK,,MAURY ST & SE 30TH ST,Collision with:  Vehicle in traffic,On Roadway,Broadside (front to side),Ran Stop Sign,Alcohol (Statutory),,Daylight,Dry,Clear,None apparent,Intersection:  T-intersection,Paved,,Property Damage Only,0,0,0,0,0,0,3500,2,2,,POINT (-93.55831738079 41.580573649598)
2014795609,14-0305,04/18/2014,04-April,6-Friday,16:01,1600 Hours,District 1 (Central),WINDSOR HEIGHTS,POLK,I-235,I-235,Collision with:  Vehicle in traffic,On Roadway,Rear-end (front to rear),Followed too close,None Indicated,,Daylight,Dry,Clear,None apparent,Non-intersection:  Non-junction/no special feature,Paved,,Property Damage Only,0,0,0,0,0,0,4500,2,3,,POINT (-93.712020692362 41.593334456072)
2014795853,14-11598,04/18/2014,04-April,6-Friday,06:29,0600 Hours,District 3 (Northwest),SIOUX CITY,WOODBURY,,5TH ST & WESLEY PKWY & W 3RD ST,Collision with:  Vehicle in traffic,On Roadway,Broadside (front to side),Ran Traffic Signal,None Indicated,,Dawn,Dry,Cloudy,None apparent,Intersection:  Four-way intersection,Paved,,Possible/Unknown,0,1,0,0,1,0,5000,2,2,,POINT (-96.410602306411 42.495229729481)
2014795686,SO14-0477,04/18/2014,04-April,6-Friday,13:30,1300 Hours,District 2 (Northeast),,WRIGHT,US 69,US 69 & IA 3/IOWA 3 & REED AVE,Collision with:  Vehicle in traffic,On Roadway,Broadside (front to side),Unknown,None Indicated,,Daylight,Dry,Clear,None apparent,Non-intersection:  Non-junction/no special feature,Paved,,Property Damage Only,0,0,0,0,0,0,3200,2,3,,POINT (-93.636971788501 42.731619636759)
2014795868,2014024163,04/18/2014,04-April,6-Friday,16:38,1600 Hours,District 4 (Southwest),,DALLAS,I-80,I-80,Collision with:  Vehicle in traffic,On Roadway,Rear-end (front to rear),Swerving/Evasive Action,None Indicated,,Daylight,Dry,Clear,Work Zone (roadway-related),Non-intersection:  Non-junction/no special feature,Paved,Yes,Possible/Unknown,0,2,0,0,2,0,11000,2,2,,POINT (-93.940791925154 41.550914408762)
2014795526,14008645,04/18/2014,04-April,6-Friday,17:49,1700 Hours,District 5 (Southeast),OSKALOOSA,MAHASKA,US 63,US 63/N MARKET ST & IA 92/A AVE W/A AVE E,Collision with:  Vehicle in traffic,On Roadway,"Angle, oncoming left turn","Operating vehicle in an reckless, erratic, careless, negligent manner",None Indicated,,Daylight,Dry,Clear,None apparent,Non-intersection:  Non-junction/no special feature,Paved,,Property Damage Only,0,0,0,0,0,0,3500,2,2,,POINT (-92.645095465242 41.296239146548)
2014795355,14-1785,04/18/2014,04-April,6-Friday,08:26,0800 Hours,District 1 (Central),WEST DES MOINES,POLK,I-35,I-35,Collision with:  Vehicle in traffic,On Roadway,Rear-end (front to rear),Other (explain in narrative):  Other,None Indicated,,Daylight,Dry,Clear,Work Zone (roadway-related),Intersection:  Intersection with ramp,Paved,Yes,Property Damage Only,0,0,0,0,0,0,5000,2,2,,POINT (-93.776721851802 41.562732304331)
2014796371,04181417,04/18/2014,04-April,6-Friday,16:25,1600 Hours,District 5 (Southeast),OSCEOLA,CLARKE,US 34,US 34 & E EDDY SAYLOR PKWY,Collision with:  Vehicle in traffic,On Roadway,"Angle, oncoming left turn",FTYROW:  From stop sign,None Indicated,,Daylight,Dry,Clear,None apparent,Intersection:  T-intersection,Paved,,Property Damage Only,0,0,0,0,0,0,4100,2,2,,POINT (-93.798617161218 41.02583370509)
2014801684,,04/18/2014,04-April,6-Friday,14:24,1400 Hours,District 5 (Southeast),,MUSCATINE,IA 70,IA 70/IOWA 70 & Co Rd G28/230TH ST,Collision with:  Vehicle in traffic,On Roadway,Broadside (front to side),Ran Stop Sign,None Indicated,,Daylight,Dry,Clear,None apparent,Intersection:  Four-way intersection,Paved,,Property Damage Only,0,0,0,0,0,0,11500,2,2,,POINT (-91.348864094849 41.408783910676)
2014796429,14-150418-01,04/18/2014,04-April,6-Friday,18:11,1800 Hours,District 6 (East Central),,IOWA,,Co Rd W22/27TH AVE,Collision with fixed object:  Other fixed object (explain in narrative),On Roadway,Non-collision (single vehicle),Downhill runaway,None Indicated,,Daylight,Dry,Clear,None apparent,Intersection:  Other intersection (explain in narrative),Paved,,Property Damage Only,0,0,0,0,0,0,27000,1,1,,POINT (-91.900552160298 41.814681095092)
2014802617,2014-23916,04/18/2014,04-April,6-Friday,14:06,1400 Hours,District 6 (East Central),DAVENPORT,SCOTT,,IA 461/BRADY ST & E 38TH ST,Collision with:  Vehicle in traffic,On Roadway,Broadside (front to side),"Operating vehicle in an reckless, erratic, careless, negligent manner",None Indicated,,Daylight,Dry,Clear,None apparent,Non-intersection:  Non-junction/no special feature,Paved,,Property Damage Only,0,0,0,0,0,0,7000,2,4,,POINT (-90.568473866117 41.558364777785)
2014795938,201401214,04/18/2014,04-April,6-Friday,13:45,1300 Hours,District 6 (East Central),,LINN,,MAIN ST,Collision with fixed object:  Ditch,On Roadway,Non-collision (single vehicle),Ran off road - right,None Indicated,,Daylight,Dry,Clear,"Surface condition (e.g., wet, icy)",Non-intersection:  Non-junction/no special feature,Paved,,Possible/Unknown,0,1,0,0,1,0,2000,1,1,,POINT (-91.79969429866 42.200192051932)
2014795717,14005392,04/18/2014,04-April,6-Friday,17:13,1700 Hours,District 5 (Southeast),,APPANOOSE,,310TH AVE & 567TH ST,Collision with fixed object:  Ditch,On Roadway,Non-collision (single vehicle),Swerving/Evasive Action,None Indicated,,Daylight,Dry,Clear,None apparent,Intersection:  Y-intersection,Unpaved,,Possible/Unknown,0,3,0,0,3,0,5200,1,3,,POINT (-92.695122806796 40.659904242241)
2014796672,2014024198,04/18/2014,04-April,6-Friday,20:32,2000 Hours,District 1 (Central),URBANDALE,POLK,IA 141,IA 141/IOWA 141 & PROPOSED NW 50TH AVE,Collision with:  Vehicle in traffic,On Roadway,Rear-end (front to rear),Ran off road - right,Alcohol (Statutory),,Dark - roadway lighted,Dry,Clear,None apparent,Non-intersection:  Non-junction/no special feature,Paved,,Property Damage Only,0,0,0,0,0,0,3500,2,2,,POINT (-93.775082406668 41.65126600137)
2014795504,2014004177,04/18/2014,04-April,6-Friday,10:26,1000 Hours,District 6 (East Central),IOWA CITY,JOHNSON,,N DUBUQUE ST,Collision with:  Vehicle in traffic,On Roadway,Rear-end (front to rear),Followed too close,None Indicated,,Daylight,Dry,Clear,None apparent,Non-intersection:  Non-junction/no special feature,Paved,,Property Damage Only,0,0,0,0,0,0,6000,2,2,,POINT (-91.53269041481 41.675019320173)
2014795783,14-0828,04/18/2014,04-April,6-Friday,17:27,1700 Hours,District 1 (Central),URBANDALE,POLK,I-35,I-35,Collision with:  Vehicle in traffic,On Roadway,"Sideswipe, same direction",Followed too close,None Indicated,,Daylight,Dry,Cloudy,None apparent,Non-intersection:  Non-junction/no special feature,Paved,,Property Damage Only,0,0,0,0,0,0,2500,2,2,,POINT (-93.722988719536 41.652560239878)
2014796001,14-4353,04/18/2014,04-April,6-Friday,10:19,1000 Hours,District 3 (Northwest),,SIOUX,IA 10,IA 10/450TH ST & Co Rd K22/DIPPER AVE,Collision with:  Vehicle in traffic,On Roadway,"Sideswipe, same direction",FTYROW:  From stop sign,None Indicated,,Daylight,Dry,Cloudy,None apparent,Intersection:  Four-way intersection,Paved,,Property Damage Only,0,0,0,0,0,0,6000,2,2,,POINT (-96.3713861542 42.996955538406)
2014795798,2014-7624,04/18/2014,04-April,6-Friday,20:31,2000 Hours,District 6 (East Central),,SCOTT,US 61,US 61/140 ST,Collision with:  Animal,,,Animal,None Indicated,,,,,,,Paved,,Property Damage Only,0,0,0,0,0,0,1501,1,1,,POINT (-90.720060148916 41.508981999516)
2014796204,14005996,04/19/2014,04-April,7-Saturday,02:15,0200 Hours,District 2 (Northeast),MASON CITY,CERRO GORDO,,15TH ST SW,Collision with fixed object:  Curb/island/raised median,On Roadway,Non-collision (single vehicle),Crossed centerline (undivided),None Indicated,,Dark - roadway lighted,Dry,Clear,None apparent,Non-intersection:  Non-junction/no special feature,Paved,,Property Damage Only,0,0,0,0,0,0,3150,1,1,,POINT (-93.220088600195 43.137530374022)
2014797018,14-7156,04/19/2014,04-April,7-Saturday,09:45,0900 Hours,District 6 (East Central),BETTENDORF,SCOTT,US 67,US 67/GRANT ST,Collision with:  Vehicle in traffic,On Roadway,Broadside (front to side),Ran Traffic Signal,None Indicated,,Daylight,Dry,Cloudy,None apparent,Intersection:  Other intersection (explain in narrative),Paved,,Property Damage Only,0,0,0,0,0,0,9000,2,2,,POINT (-90.507954242603 41.52627562078)
2014796006,2014024303,04/19/2014,04-April,7-Saturday,16:30,1600 Hours,District 4 (Southwest),,MILLS,I-29,I-29 & Co Rd H10/BUNGE AVE,Collision with:  Vehicle in traffic,On Roadway,Head-on (front to front),Crossed centerline (undivided),None Indicated,,Daylight,Dry,Cloudy,None apparent,Intersection:  Intersection with ramp,Paved,,Major Injury,0,1,1,0,0,0,8000,2,2,,POINT (-95.820245859874 41.149287538619)
2014795605,14-1817,04/19/2014,04-April,7-Saturday,15:45,1500 Hours,District 1 (Central),WEST DES MOINES,POLK,,MILLS CIVIC PKWY & S 51ST ST,Non-collision events:  Other non-collision (explain in narrative),On Roadway,Non-collision (single vehicle),Other (explain in narrative):  No improper action,None Indicated,,Daylight,Dry,Clear,None apparent,Intersection:  Four-way intersection,Paved,,Possible/Unknown,0,1,0,0,1,0,0,1,1,,POINT (-93.772781891069 41.559182971085)
2014796038,14-13015,04/19/2014,04-April,7-Saturday,15:36,1500 Hours,District 5 (Southeast),,DES MOINES,,Co Rd H50/STONY HOLLOW RD & 92ND AVE,Non-collision events:  Overturn/rollover,Shoulder,Non-collision (single vehicle),Ran off road - right,None Indicated,,Daylight,"Mud, dirt",Clear,None apparent,Intersection:  T-intersection,Unpaved,,Property Damage Only,0,0,0,0,0,0,4000,1,2,,POINT (-91.106210717978 40.912587433079)
2014795541,14-016253,04/19/2014,04-April,7-Saturday,14:25,1400 Hours,District 5 (Southeast),MUSCATINE,MUSCATINE,,BIDWELL RD,Collision with fixed object:  Ditch,Outside trafficway,Non-collision (single vehicle),Crossed centerline (undivided),None Indicated,,Daylight,Dry,Clear,None apparent,Non-intersection:  Non-junction/no special feature,Paved,,Property Damage Only,0,0,0,0,0,0,3000,1,1,,POINT (-91.055879494847 41.449735035456)
2014797069,2014024264,04/19/2014,04-April,7-Saturday,12:40,1200 Hours,District 6 (East Central),,CEDAR,I-80,I-80 & US 6,Collision with:  Vehicle in traffic,On Roadway,Rear-end (front to rear),FTYROW:  From stop sign,None Indicated,,Daylight,Dry,Clear,None apparent,Intersection:  Intersection with ramp,Paved,,Property Damage Only,0,0,0,0,0,0,2800,2,2,,POINT (-91.035690227819 41.635246040557)
2014795695,2014024315,04/19/2014,04-April,7-Saturday,18:03,1800 Hours,District 6 (East Central),,IOWA,I-80,I-80,Collision with fixed object:  Guardrail - face,Median,Non-collision (single vehicle),Ran off road - left,None Indicated,,Daylight,Dry,Cloudy,None apparent,Non-intersection:  Non-junction/no special feature,Paved,,Property Damage Only,0,0,0,0,0,0,5500,1,1,,POINT (-92.213746489984 41.695892273122)
2014796052,145181,04/19/2014,04-April,7-Saturday,10:53,1000 Hours,District 6 (East Central),,JACKSON,US 52,US 52/GREAT RIVER RD & 580 AVE,Collision with fixed object:  Other fixed object (explain in narrative),Shoulder,Non-collision (single vehicle),Ran off road - right,None Indicated,,Daylight,Dry,Clear,None apparent,Non-intersection:  Non-junction/no special feature,Paved,,Property Damage Only,0,0,0,0,0,0,2500,1,1,,POINT (-90.222827823309 42.117325696968)
2014796496,SO14000920,04/19/2014,04-April,7-Saturday,23:20,2300 Hours,District 3 (Northwest),,PLYMOUTH,IA 140,IA 140/IOWA 140,Collision with:  Animal,,,Animal,None Indicated,,,,,,,Paved,,Property Damage Only,0,0,0,0,0,0,4000,1,1,,POINT (-95.957212469889 42.6080701927)
2014796627,14-001936,04/19/2014,04-April,7-Saturday,16:13,1600 Hours,District 1 (Central),AMES,STORY,,30TH ST,Collision with:  Vehicle in traffic,On Roadway,"Sideswipe, same direction",FTYROW:  Other (explain in narrative),None Indicated,,Daylight,Dry,Cloudy,None apparent,Non-intersection:  Non-junction/no special feature,Paved,,Property Damage Only,0,0,0,0,0,0,2300,2,5,,POINT (-93.626973426987 42.051091321484)
2014795954,14-009130,04/19/2014,04-April,7-Saturday,20:16,2000 Hours,District 5 (Southeast),,MARION,IA 14,IA 14/IOWA 14,Collision with:  Animal,On Roadway,Non-collision (single vehicle),Animal,None Indicated,,Dark - roadway not lighted,Dry,Clear,None apparent,Non-intersection:  Non-junction/no special feature,Paved,,Property Damage Only,0,0,0,0,0,0,1800,1,2,,POINT (-93.109551220848 41.375065147633)
2014796214,14-12948,04/19/2014,04-April,7-Saturday,03:47,0300 Hours,District 5 (Southeast),MEDIAPOLIS,DES MOINES,,85TH AVE,Non-collision events:  Overturn/rollover,On Roadway,Non-collision (single vehicle),Swerving/Evasive Action,None Indicated,,Dark - roadway not lighted,"Mud, dirt",Clear,None apparent,Non-intersection:  Non-junction/no special feature,Unpaved,,Property Damage Only,0,0,0,0,0,0,8000,1,4,,POINT (-91.090240610431 40.985952131903)
2014795765,20140010422,04/19/2014,04-April,7-Saturday,09:30,0900 Hours,District 1 (Central),DES MOINES,POLK,US 6,US 6/MERLE HAY RD,Collision with:  Vehicle in traffic,On Roadway,"Sideswipe, same direction",Ran off road - right,None Indicated,,Daylight,Dry,Cloudy,None apparent,Non-intersection:  Non-junction/no special feature,Paved,,Property Damage Only,0,0,0,0,0,0,1700,2,3,,POINT (-93.69774988436 41.628550032268)
2014800750,,04/19/2014,04-April,7-Saturday,12:17,1200 Hours,District 2 (Northeast),DECORAH,WINNESHIEK,,FRANCES ST & S MILL ST,Non-collision events:  Other non-collision (explain in narrative),On Roadway,Non-collision (single vehicle),Lost Control,None Indicated,,Daylight,Dry,Clear,None apparent,Intersection:  Four-way intersection,Paved,,Possible/Unknown,0,1,0,0,1,0,800,1,1,,POINT (-91.79218401882 43.297025027579)
2014795977,20140010475,04/19/2014,04-April,7-Saturday,18:37,1800 Hours,District 1 (Central),DES MOINES,POLK,I-235,I-235,Collision with fixed object:  Guardrail - face,On Roadway,Non-collision (single vehicle),Exceeded authorized speed,None Indicated,,Daylight,Dry,Clear,None apparent,"Interchange-related:  Off-ramp, diverge area",Paved,,Possible/Unknown,0,1,0,0,1,0,5100,1,1,,POINT (-93.618526211559 41.595649898446)
2014795463,14-12952,04/19/2014,04-April,7-Saturday,04:45,0400 Hours,District 5 (Southeast),BURLINGTON,DES MOINES,US 34,US 34/NE RAMP,Collision with:  Animal,On Roadway,Non-collision (single vehicle),Animal,None Indicated,,Dark - roadway lighted,Dry,Clear,None apparent,"Interchange-related:  Off-ramp, diverge area",Paved,,Property Damage Only,0,0,0,0,0,0,1500,1,1,,POINT (-91.122300695009 40.817224402455)
2014802717,,04/19/2014,04-April,7-Saturday,10:16,1000 Hours,District 6 (East Central),MAQUOKETA,JACKSON,,S 2ND ST,Collision with:  Vehicle in traffic,On Roadway,"Sideswipe, opposite direction",Unknown,None Indicated,,Daylight,Dry,Clear,None apparent,Non-intersection:  Non-junction/no special feature,Paved,,Property Damage Only,0,0,0,0,0,0,2500,2,1,,POINT (-90.666827893762 42.063530651922)
2014795651,2014-24078,04/19/2014,04-April,7-Saturday,03:16,0300 Hours,District 6 (East Central),DAVENPORT,SCOTT,,E 14TH ST & PERRY ST,Collision with:  Vehicle in traffic,On Roadway,Broadside (front to side),Ran Stop Sign,None Indicated,,Dark - roadway lighted,Dry,Clear,None apparent,Intersection:  Four-way intersection,Paved,,Property Damage Only,0,0,0,0,0,0,4000,2,5,,POINT (-90.572608390172 41.534080875616)
2014796050,14-5156,04/19/2014,04-April,7-Saturday,05:00,0500 Hours,District 6 (East Central),,JACKSON,IA 64,IA 64/HWY 64,Collision with fixed object:  Traffic sign support,On Roadway,Non-collision (single vehicle),Ran off road - left,None Indicated,,Dark - roadway not lighted,Dry,Clear,None apparent,Non-intersection:  Non-junction/no special feature,Paved,,Property Damage Only,0,0,0,0,0,0,7600,1,1,,POINT (-90.251405330805 42.069573972863)
2014800766,C14-0001149,04/19/2014,04-April,7-Saturday,12:30,1200 Hours,District 2 (Northeast),MARQUETTE,CLAYTON,US 18,US 18 & PLEASANT RIDGE RD,Collision with fixed object:  Ditch,Outside trafficway,Non-collision (single vehicle),Ran off road - right,None Indicated,,Daylight,Dry,Clear,None apparent,Intersection:  T-intersection,Paved,,Property Damage Only,0,0,0,0,0,0,10000,1,2,,POINT (-91.186414040764 43.044252539175)
2014795454,CL14001150,04/19/2014,04-April,7-Saturday,12:46,1200 Hours,District 6 (East Central),CLINTON,CLINTON,US 67,US 67/N 2ND ST & 16TH AVE N,Collision with:  Vehicle in traffic,On Roadway,Broadside (front to side),FTYROW:  From stop sign,None Indicated,,Daylight,Dry,Clear,None apparent,Intersection:  Four-way intersection,Paved,,Possible/Unknown,0,1,0,0,1,0,4000,2,3,,POINT (-90.18356478863 41.862331056138)
2014809961,142578PD,04/19/2014,04-April,7-Saturday,13:30,1300 Hours,District 1 (Central),BOONE,BOONE,,STORY ST,Collision with:  Vehicle in traffic,On Roadway,"Sideswipe, same direction",FTYROW:  Making left turn,None Indicated,,Daylight,Dry,Cloudy,None apparent,Intersection:  Four-way intersection,Paved,,Possible/Unknown,0,1,0,0,1,0,1000,2,2,,POINT (-93.880006120379 42.059832557318)
2014798995,14-5397,04/19/2014,04-April,7-Saturday,16:28,1600 Hours,District 3 (Northwest),SPENCER,CLAY,US 71,US 71/11TH ST SW,Collision with:  Vehicle in traffic,On Roadway,Broadside (front to side),FTYROW:  Making left turn,None Indicated,,Daylight,Dry,Cloudy,None apparent,Non-intersection:  Driveway access (within),Paved,,Possible/Unknown,0,1,0,0,1,0,25000,2,4,,POINT (-95.157088193109 43.126976910171)
2014795517,201405453,04/19/2014,04-April,7-Saturday,17:50,1700 Hours,District 6 (East Central),CEDAR RAPIDS,LINN,,8TH AVE SW,Collision with:  Vehicle in traffic,On Roadway,"Sideswipe, opposite direction",Crossed centerline (undivided),None Indicated,,Daylight,Dry,Cloudy,None apparent,Non-intersection:  Non-junction/no special feature,Paved,,Minor Injury,0,1,0,1,0,0,3500,2,8,,POINT (-91.685293166237 41.968854110888)
2014795525,033-14,04/19/2014,04-April,7-Saturday,16:38,1600 Hours,District 4 (Southwest),,MADISON,,Co Rd G4R/CUMMING RD & Co Rd R16/QUAIL RIDGE AVE,Collision with fixed object:  Ditch,Outside trafficway,Non-collision (single vehicle),Driving too fast for conditions,None Indicated,,Daylight,Dry,Clear,None apparent,Non-intersection:  Non-junction/no special feature,Paved,,Property Damage Only,0,0,0,0,0,0,1500,1,1,,POINT (-93.913071532948 41.419657807825)
2014795744,C14001203,04/19/2014,04-April,7-Saturday,14:53,1400 Hours,District 6 (East Central),CORALVILLE,JOHNSON,US 6,US 6/2ND ST & 12TH AVE,Collision with:  Vehicle in traffic,On Roadway,Rear-end (front to rear),Other (explain in narrative):  Other,None Indicated,,Daylight,Dry,Clear,None apparent,Non-intersection:  Non-junction/no special feature,Paved,,Property Damage Only,0,0,0,0,0,0,4500,2,7,,POINT (-91.581775912494 41.674518764256)
2014796682,2014024325,04/19/2014,04-April,7-Saturday,20:25,2000 Hours,District 5 (Southeast),,CLARKE,I-35,I-35,Collision with:  Animal,,Non-collision (single vehicle),Animal,None Indicated,,,,,,,Paved,,Property Damage Only,0,0,0,0,0,0,3000,1,1,,POINT (-93.797117429219 40.909224371198)
2014798058,14-002857B,04/19/2014,04-April,7-Saturday,21:00,2100 Hours,District 2 (Northeast),,CLAYTON,,Co Rd C9Y/GREAT RIVER RD,Collision with:  Animal,,,Animal,None Indicated,,,,,,,Paved,,Property Damage Only,0,0,0,0,0,0,2500,1,1,,POINT (-91.023042234283 42.687662656669)
2014795941,201401234,04/19/2014,04-April,7-Saturday,21:18,2100 Hours,District 6 (East Central),,LINN,US 30,US 30 & VISLISEL RD,Collision with:  Animal,,,Animal,None Indicated,,,,,,,Paved,,Property Damage Only,0,0,0,0,0,0,2500,1,1,,POINT (-91.509308972046 41.924931763915)
2014796267,20140010442,04/19/2014,04-April,7-Saturday,08:00,0800 Hours,District 1 (Central),DES MOINES,POLK,,INGERSOLL AVE & 31ST ST,Collision with:  Parked motor vehicle,Outside trafficway,Unknown,Unknown,None Indicated,,Daylight,Dry,Clear,None apparent,Non-intersection:  Driveway access (within),Paved,,Property Damage Only,0,0,0,0,0,0,2000,2,1,,POINT (-93.659334171424 41.586163666083)
2014795577,20140010500,04/19/2014,04-April,7-Saturday,19:00,1900 Hours,District 1 (Central),DES MOINES,POLK,,E 13TH ST,Collision with:  Non-motorist (see non-motorist section - NOT a unit),On Roadway,Non-collision (single vehicle),Unknown,None Indicated,,Dark - roadway lighted,Dry,Clear,Unknown,Non-intersection:  Non-junction/no special feature,Paved,,Possible/Unknown,0,1,0,0,1,0,0,1,1,,POINT (-93.60334496452 41.60439553359)
2014801842,,04/19/2014,04-April,7-Saturday,05:04,0500 Hours,District 6 (East Central),,SCOTT,,155 ST,Collision with fixed object:  Ditch,Outside trafficway,Non-collision (single vehicle),Ran off road - left,None Indicated,,Dark - roadway not lighted,"Mud, dirt",Cloudy,None apparent,Non-intersection:  Non-junction/no special feature,Unpaved,,Property Damage Only,0,0,0,0,0,0,9000,1,1,,POINT (-90.782403208793 41.531051844608)
2014795515,201405439,04/19/2014,04-April,7-Saturday,12:10,1200 Hours,District 6 (East Central),CEDAR RAPIDS,LINN,IA 922,IA 922/1ST AVE W & 3RD AVE SW CONN,Collision with:  Vehicle in traffic,On Roadway,"Sideswipe, same direction",FTYROW:  Other (explain in narrative),None Indicated,,Daylight,Dry,Clear,None apparent,Intersection:  T-intersection,Paved,,Property Damage Only,0,0,0,0,0,0,8000,2,2,,POINT (-91.68831202758 41.971122249249)