Iowa DOT Case Number,Law Enforcement Case Number,Date of Crash,Month of Crash,Day of Week,Time of Crash,Hour,DOT District,City Name,County Name,Route with System,Location Description,First Harmful Event,Location of First Harmful Event,Manner of Crash/Collision,Major Cause,Drug or Alcohol ,Environmental Conditions,Light Conditions,Surface Conditions,Weather Conditions,Roadway Contribution,Roadway Type,Roadway Surface,Work Zone,Crash Severity,Number of Fatalities,Number of Injuries,Number of Major Injuries,Number of Minor Injuries,Number of Possible Injuries,Number of Unknown Injuries,Amount of Property Damage,Number of Vehicles Involved,Total Number of Occupants,Travel Direction,Location
2014795878,2014024313,04/19/2014,04-April,7-Saturday,16:14,1600 Hours,District 5 (Southeast),,JEFFERSON,IA 78,IA 78/IOWA 78,Collision with fixed object:  Other fixed object (explain in narrative),On Roadway,Non-collision (single vehicle),Ran off road - right,Drug/Alcohol (< Statutory),,Daylight,Dry,Clear,None apparent,Non-intersection:  Non-junction/no special feature,Paved,,Major Injury,0,1,1,0,0,0,8000,1,1,,POINT (-91.752857020836 41.162329510505)
2014795543,04-14-100,04/19/2014,04-April,7-Saturday,10:58,1000 Hours,District 3 (Northwest),LE MARS,PLYMOUTH,,HAWKEYE AVE & 12TH ST SW,Collision with:  Vehicle in traffic,On Roadway,Broadside (front to side),Ran Traffic Signal,None Indicated,,Daylight,Dry,Cloudy,None apparent,Intersection:  Four-way intersection,Paved,,Minor Injury,0,3,0,3,0,0,6000,2,3,,POINT (-96.18525826541 42.77906877261)
2014795606,14-1818,04/19/2014,04-April,7-Saturday,17:13,1700 Hours,District 4 (Southwest),WEST DES MOINES,DALLAS,,STAGECOACH DR & MILLS CIVIC PKWY,Collision with:  Vehicle in traffic,On Roadway,"Sideswipe, same direction",Swerving/Evasive Action,None Indicated,,Daylight,Dry,Clear,None apparent,Intersection:  Four-way intersection,Paved,,Property Damage Only,0,0,0,0,0,0,3800,3,7,,POINT (-93.794256905826 41.559919345932)
2014795847,14-0211,04/19/2014,04-April,7-Saturday,13:35,1300 Hours,District 1 (Central),,WEBSTER,,Co Rd D43/290TH ST,Collision with fixed object:  Traffic sign support,Shoulder,Non-collision (single vehicle),Crossed centerline (undivided),Alcohol (Statutory),,Daylight,Dry,Clear,None apparent,Non-intersection:  Non-junction/no special feature,Paved,,Property Damage Only,0,0,0,0,0,0,3650,1,1,,POINT (-94.278268703904 42.36850945779)
2014795562,20140010401,04/19/2014,04-April,7-Saturday,01:55,0100 Hours,District 1 (Central),DES MOINES,POLK,,CENTER ST & 3RD ST,Collision with:  Vehicle in traffic,On Roadway,"Angle, oncoming left turn",FTYROW:  At uncontrolled intersection,None Indicated,,Dark - roadway lighted,Dry,Clear,None apparent,Intersection:  T-intersection,Paved,,Property Damage Only,0,0,0,0,0,0,3000,2,4,,POINT (-93.621510483564 41.591535508232)
2014797711,SO1401391,04/19/2014,04-April,7-Saturday,00:07,0000 Hours,District 5 (Southeast),,JEFFERSON,IA 1,IA 1/IOWA 1,Non-collision events:  Overturn/rollover,Roadside,Non-collision (single vehicle),Ran off road - right,None Indicated,,Dark - roadway not lighted,Dry,Cloudy,None apparent,Non-intersection:  Non-junction/no special feature,Paved,,Possible/Unknown,0,1,0,0,0,1,6000,1,2,,POINT (-91.948779560183 40.929573186158)
2014795539,14-002442,04/19/2014,04-April,7-Saturday,14:15,1400 Hours,District 3 (Northwest),,MONONA,,TULIP AVE,Collision with fixed object:  Ditch,On Roadway,Non-collision (single vehicle),Ran off road - straight,None Indicated,,Daylight,"Mud, dirt",Cloudy,None apparent,Non-intersection:  Non-junction/no special feature,Unpaved,,Property Damage Only,0,0,0,0,0,0,11500,1,2,,POINT (-95.700693425524 42.038733370466)
2014795522,14007853,04/19/2014,04-April,7-Saturday,16:41,1600 Hours,District 6 (East Central),MARION,LINN,,10TH AVE & 50TH ST,Collision with:  Vehicle in traffic,On Roadway,Broadside (front to side),FTYROW:  From stop sign,None Indicated,,Daylight,Dry,Cloudy,None apparent,Intersection:  Four-way intersection,Paved,,Possible/Unknown,0,1,0,0,1,0,8000,2,2,,POINT (-91.556941262175 42.035805646332)
2014795618,14-015028,04/19/2014,04-April,7-Saturday,02:30,0200 Hours,District 4 (Southwest),COUNCIL BLUFFS,POTTAWATTAMIE,,23RD AVE,Collision with:  Vehicle in traffic,On Roadway,"Angle, oncoming left turn",Ran Traffic Signal,None Indicated,,Dark - roadway lighted,Dry,Clear,None apparent,Intersection:  T-intersection,Paved,,Property Damage Only,0,0,0,0,0,0,1500,2,3,,POINT (-95.887938737634 41.240140733075)
2014800091,CFS#1402746,04/19/2014,04-April,7-Saturday,16:32,1600 Hours,District 5 (Southeast),WASHINGTON,WASHINGTON,,E 2ND ST & N 10TH AVE,Collision with:  Vehicle in traffic,On Roadway,Broadside (front to side),FTYROW:  From yield sign,None Indicated,,Daylight,Dry,Clear,None apparent,Intersection:  Four-way intersection,Paved,,Property Damage Only,0,0,0,0,0,0,3500,2,3,,POINT (-91.681301172433 41.300284851579)
2014796511,14-0449,04/19/2014,04-April,7-Saturday,11:10,1100 Hours,District 1 (Central),CLIVE,POLK,I-35,I-35,Non-collision events:  Overturn/rollover,Shoulder,Non-collision (single vehicle),Swerving/Evasive Action,None Indicated,,Daylight,Dry,Clear,None apparent,"Interchange-related:  Off-ramp, diverge area",Paved,,Minor Injury,0,1,0,1,0,0,6000,1,1,,POINT (-93.776878802573 41.613856199411)
2014796002,14-4413,04/19/2014,04-April,7-Saturday,16:33,1600 Hours,District 3 (Northwest),,SIOUX,,Co Rd B46/420TH ST & DIPPER AVE,Collision with fixed object:  Ditch,Outside trafficway,"Sideswipe, opposite direction",Crossed centerline (undivided),None Indicated,,Daylight,Dry,Cloudy,None apparent,Non-intersection:  Non-junction/no special feature,Paved,,Minor Injury,0,2,0,2,0,0,1000,2,4,,POINT (-96.371794104166 43.040693780585)
2014798055,14-002827,04/19/2014,04-April,7-Saturday,11:19,1100 Hours,District 2 (Northeast),GARNAVILLO,CLAYTON,,VAN BUREN ST,Collision with:  Vehicle in traffic,On Roadway,"Sideswipe, opposite direction",Crossed centerline (undivided),None Indicated,,Daylight,Dry,Clear,None apparent,Non-intersection:  Non-junction/no special feature,Paved,,Property Damage Only,0,0,0,0,0,0,7000,2,2,,POINT (-91.235621232658 42.866626916844)
2014796427,14-070419-01,04/19/2014,04-April,7-Saturday,00:30,0000 Hours,District 6 (East Central),,IOWA,US 6,US 6,Collision with:  Animal,,,Animal,None Indicated,,,,,,,Paved,,Property Damage Only,0,0,0,0,0,0,3000,1,1,,POINT (-91.979068001887 41.774902114222)
2014832124,261400617,04/19/2014,04-April,7-Saturday,11:35,1100 Hours,District 5 (Southeast),,DAVIS,US 63,US 63 & MULBERRY TRL,Collision with fixed object:  Ditch,Outside trafficway,Non-collision (single vehicle),Ran off road - right,None Indicated,,Daylight,Dry,Clear,None apparent,Non-intersection:  Non-junction/no special feature,Paved,,Possible/Unknown,0,1,0,0,1,0,2450,1,2,,POINT (-92.399294231289 40.84969843991)
2014799016,14-3319,04/19/2014,04-April,7-Saturday,20:38,2000 Hours,District 3 (Northwest),,IDA,IA 175,IA 175/IOWA 175,Collision with:  Animal,,,Animal,None Indicated,,,,,,,Paved,,Property Damage Only,0,0,0,0,0,0,2000,1,1,,POINT (-95.357485900788 42.335704989789)
2014795621,14-015119,04/19/2014,04-April,7-Saturday,18:12,1800 Hours,District 4 (Southwest),COUNCIL BLUFFS,POTTAWATTAMIE,,MID AMERICA DR & 27TH AVE & S 24TH ST,Collision with:  Vehicle in traffic,On Roadway,"Angle, oncoming left turn",Made improper turn,None Indicated,,Daylight,Dry,Cloudy,None apparent,Non-intersection:  Non-junction/no special feature,Paved,,Property Damage Only,0,0,0,0,0,0,5000,2,4,,POINT (-95.879164256112 41.235145973221)
2014795509,2014004215,04/19/2014,04-April,7-Saturday,05:06,0500 Hours,District 6 (East Central),IOWA CITY,JOHNSON,,N 7TH AVE,Collision with:  Parked motor vehicle,Outside trafficway,Broadside (front to side),"Operating vehicle in an reckless, erratic, careless, negligent manner",Refused,,Dark - roadway not lighted,Dry,Clear,None apparent,Non-intersection:  Non-junction/no special feature,Paved,,Minor Injury,0,2,0,2,0,0,18000,3,2,,POINT (-91.510771604118 41.666964451496)
2014795900,,04/19/2014,04-April,7-Saturday,00:30,0000 Hours,District 3 (Northwest),DENISON,CRAWFORD,US 59,US 59,Collision with fixed object:  Bridge overhead structure,On Roadway,Non-collision (single vehicle),Ran off road - left,None Indicated,,Dark - roadway lighted,Unknown,Unknown,Unknown,Non-intersection:  Other non-intersection (explain in narrative),Paved,,Minor Injury,0,1,0,1,0,0,8100,1,1,,POINT (-95.368521438152 42.020578000464)
2014798057,14-002857A,04/19/2014,04-April,7-Saturday,21:00,2100 Hours,District 2 (Northeast),,CLAYTON,,Co Rd C9Y/GREAT RIVER RD,Collision with:  Animal,,,Animal,None Indicated,,,,,,,Paved,,Property Damage Only,0,0,0,0,0,0,2500,1,1,,POINT (-91.023474574834 42.687886243252)
2014795718,14005456,04/19/2014,04-April,7-Saturday,20:59,2000 Hours,District 5 (Southeast),,APPANOOSE,IA 2,IA 2/IOWA 2,Collision with:  Animal,,,Animal,None Indicated,,,,,,,Paved,,Property Damage Only,0,0,0,0,0,0,3000,1,1,,POINT (-92.678014966278 40.726702345548)
2014795587,20140010408,04/19/2014,04-April,7-Saturday,06:33,0600 Hours,District 1 (Central),DES MOINES,POLK,IA 5,IA 5/IOWA 5,Collision with:  Animal,On Roadway,Non-collision (single vehicle),Animal,None Indicated,,Daylight,Dry,Clear,None apparent,Non-intersection:  Non-junction/no special feature,Paved,,Property Damage Only,0,0,0,0,0,0,6000,1,1,,POINT (-93.689326540831 41.513866334673)
2014836674,1404192337,04/19/2014,04-April,7-Saturday,22:30,2200 Hours,District 6 (East Central),ONSLOW,JONES,,Co Rd E17/CO RD E-17 & 60 AVE,Collision with:  Animal,On Roadway,Non-collision (single vehicle),Animal,None Indicated,,Dark - roadway not lighted,Dry,Clear,None apparent,Non-intersection:  Non-junction/no special feature,Paved,,Property Damage Only,0,0,0,0,0,0,2500,1,3,,POINT (-90.994766894964 42.168959099964)
2014798513,2014024310,04/19/2014,04-April,7-Saturday,16:22,1600 Hours,District 3 (Northwest),,LYON,,JEFFERSON AVE & 220TH ST,Non-collision events:  Overturn/rollover,Roadside,Non-collision (single vehicle),Ran off road - right,Alcohol (Statutory),,Daylight,Dry,Cloudy,None apparent,Non-intersection:  Other non-intersection (explain in narrative),Paved,,Major Injury,0,1,1,0,0,0,500,1,1,,POINT (-96.021595128208 43.330968783297)
2014808097,2014024346,04/19/2014,04-April,7-Saturday,22:00,2200 Hours,District 1 (Central),,HARDIN,,Co Rd S25/CO HWY S25,Collision with:  Animal,,,Animal,None Indicated,,,,,,,Paved,,Property Damage Only,0,0,0,0,0,0,6500,1,1,,POINT (-93.376033369604 42.526859219316)
2014795682,14-11796,04/19/2014,04-April,7-Saturday,19:49,1900 Hours,District 3 (Northwest),SIOUX CITY,WOODBURY,,JOHN ST,Collision with fixed object:  Ditch,On Roadway,Non-collision (single vehicle),Lost Control,None Indicated,,Dusk,Dry,Cloudy,None apparent,Non-intersection:  Non-junction/no special feature,Paved,,Possible/Unknown,0,1,0,0,1,0,5000,1,2,,POINT (-96.435266727511 42.508341071227)
2014795943,201401240,04/20/2014,04-April,1-Sunday,03:38,0300 Hours,District 6 (East Central),CENTER POINT,LINN,,MAIN ST,Non-collision events:  Overturn/rollover,On Roadway,Non-collision (single vehicle),Driving too fast for conditions,None Indicated,,Dark - roadway lighted,Dry,Cloudy,None apparent,Non-intersection:  Non-junction/no special feature,Paved,,Property Damage Only,0,0,0,0,0,0,6000,1,1,,POINT (-91.792508366333 42.197180621057)
2014796685,2014024453,04/20/2014,04-April,1-Sunday,18:35,1800 Hours,District 5 (Southeast),,WARREN,I-35,I-35,Collision with:  Animal,,Non-collision (single vehicle),Animal,None Indicated,,,,,,,Paved,,Property Damage Only,0,0,0,0,0,0,1500,1,1,,POINT (-93.77992593199 41.264815111081)
2014797313,20141342,04/20/2014,04-April,1-Sunday,20:40,2000 Hours,District 1 (Central),,GRUNDY,,Co Rd D53/270TH ST & Co Rd T29/K AVE,Collision with:  Animal,,,Animal,None Indicated,,,,,,,Paved,,Property Damage Only,0,0,0,0,0,0,5000,1,1,,POINT (-92.826508408866 42.310948580523)
2014795759,20140010555,04/20/2014,04-April,1-Sunday,16:29,1600 Hours,District 1 (Central),DES MOINES,POLK,US 69,US 69/SE 14TH ST,Collision with:  Vehicle in traffic,On Roadway,Rear-end (front to rear),Followed too close,None Indicated,,Daylight,Dry,Clear,None apparent,Non-intersection:  Non-junction/no special feature,Paved,,Possible/Unknown,0,1,0,0,1,0,6000,2,2,,POINT (-93.596872838122 41.579236036672)
2014797381,S201400718,04/20/2014,04-April,1-Sunday,01:00,0100 Hours,District 3 (Northwest),,PALO ALTO,,270 ST,Non-collision events:  Overturn/rollover,On Roadway,Non-collision (single vehicle),Swerving/Evasive Action,None Indicated,,Dark - roadway not lighted,Dry,Cloudy,None apparent,Non-intersection:  Non-junction/no special feature,Unpaved,,Minor Injury,0,1,0,1,0,0,8150,1,1,,POINT (-94.701792448906 43.255254694382)
2014796824,2014024355,04/20/2014,04-April,1-Sunday,20:09,2000 Hours,District 1 (Central),,STORY,US 65,US 65,Collision with fixed object:  Ditch,Outside trafficway,Non-collision (single vehicle),Exceeded authorized speed,Alcohol (Statutory),,Dark - roadway not lighted,Dry,Clear,None apparent,Non-intersection:  Non-junction/no special feature,Paved,,Minor Injury,0,1,0,1,0,0,10000,1,1,,POINT (-93.309238869629 41.976155101663)
2014795540,14-016388,04/20/2014,04-April,1-Sunday,11:17,1100 Hours,District 5 (Southeast),MUSCATINE,MUSCATINE,,LIBERTY ST,Collision with:  Non-motorist (see non-motorist section - NOT a unit),On Roadway,Non-collision (single vehicle),Unknown,None Indicated,,Daylight,Dry,Clear,None apparent,Non-intersection:  Non-junction/no special feature,Paved,,Minor Injury,0,1,0,1,0,0,0,1,1,,POINT (-91.060744053592 41.412609620667)
2014795485,14-9605,04/20/2014,04-April,1-Sunday,06:30,0600 Hours,District 1 (Central),,JASPER,,CONE ST,Collision with fixed object:  Ditch,Outside trafficway,Non-collision (single vehicle),Driving too fast for conditions,None Indicated,,Dawn,Dry,Cloudy,None apparent,Non-intersection:  Non-junction/no special feature,Unpaved,,Major Injury,0,1,1,0,0,0,5100,1,1,,POINT (-93.014332543265 41.783616805818)
2014795626,14-015285,04/20/2014,04-April,1-Sunday,18:06,1800 Hours,District 4 (Southwest),COUNCIL BLUFFS,POTTAWATTAMIE,I-29,I-29 & IA 192/S EXPRESSWAY & 30TH AVE,Collision with:  Vehicle in traffic,On Roadway,Broadside (front to side),Ran Traffic Signal,None Indicated,,Daylight,Wet,Rain,None apparent,Intersection:  Four-way intersection,Paved,,Minor Injury,0,1,0,1,0,0,12000,2,2,,POINT (-95.851337557948 41.230669294291)
2014795538,2014003684,04/20/2014,04-April,1-Sunday,13:57,1300 Hours,District 1 (Central),MARSHALLTOWN,MARSHALL,IA 14,IA 14/S CENTER ST & IOWA AVE W (OLD US 30) & IOWA AVE E (OLD US 30),Non-collision events:  Other non-collision (explain in narrative),On Roadway,Non-collision (single vehicle),Improper or erratic lane changing,None Indicated,,Daylight,Dry,Clear,None apparent,Non-intersection:  Non-junction/no special feature,Paved,,Possible/Unknown,0,1,0,0,1,0,4500,2,2,,POINT (-92.912364170058 42.006962700734)
2014795521,14007910,04/20/2014,04-April,1-Sunday,16:32,1600 Hours,District 6 (East Central),MARION,LINN,IA 13,IA 13/IOWA 13,Non-collision events:  Other non-collision (explain in narrative),On Roadway,Non-collision (single vehicle),Other (explain in narrative):  Other,None Indicated,,Daylight,Dry,Clear,None apparent,Non-intersection:  Non-junction/no special feature,Paved,,Property Damage Only,0,0,0,0,0,0,1500,1,1,,POINT (-91.550272174761 42.045385349874)
2014795568,20140010550,04/20/2014,04-April,1-Sunday,15:47,1500 Hours,District 1 (Central),DES MOINES,POLK,,MLK JR PKWY,Collision with:  Vehicle in traffic,On Roadway,"Sideswipe, same direction",FTYROW:  Making left turn,None Indicated,,Daylight,Dry,Cloudy,None apparent,Non-intersection:  Driveway access (within),Paved,,Property Damage Only,0,0,0,0,0,0,4500,2,4,,POINT (-93.643692492864 41.598511157604)
2014795734,14-003218,04/20/2014,04-April,1-Sunday,20:01,2000 Hours,District 4 (Southwest),,CASS,I-80,I-80,Non-collision events:  Other non-collision (explain in narrative),On Roadway,Non-collision (single vehicle),Other (explain in narrative):  No improper action,None Indicated,,Dusk,Wet,Rain,None apparent,Non-intersection:  Non-junction/no special feature,Paved,,Property Damage Only,0,0,0,0,0,0,3700,1,4,,POINT (-95.145454388411 41.498456924087)
2014795675,14-1143,04/20/2014,04-April,1-Sunday,19:00,1900 Hours,District 1 (Central),FORT DODGE,WEBSTER,,4TH AVE S,Collision with:  Vehicle in traffic,On Roadway,Rear-end (front to rear),Improper Backing,None Indicated,,Daylight,Dry,Cloudy,None apparent,Non-intersection:  Non-junction/no special feature,Paved,,Property Damage Only,0,0,0,0,0,0,2000,2,1,,POINT (-94.178326732932 42.502046720315)
2014795902,W14-038518,04/20/2014,04-April,1-Sunday,18:11,1800 Hours,District 2 (Northeast),WATERLOO,BLACK HAWK,,E LOUISE ST & HOPE AVE,Collision with:  Vehicle in traffic,On Roadway,Broadside (front to side),Ran Stop Sign,None Indicated,,Daylight,Dry,Clear,None apparent,Intersection:  Four-way intersection,Paved,,Possible/Unknown,0,1,0,0,1,0,9000,2,2,,POINT (-92.336481836756 42.523970264517)
2014895488,034-14,04/20/2014,04-April,1-Sunday,15:00,1500 Hours,District 4 (Southwest),,MADISON,,180TH ST,Collision with fixed object:  Ditch,Outside trafficway,Non-collision (single vehicle),Driving too fast for conditions,None Indicated,,Daylight,Dry,Clear,Unknown,Non-intersection:  Non-junction/no special feature,Unpaved,,Possible/Unknown,0,1,0,0,0,1,2550,1,1,,POINT (-94.194042588305 41.388351233584)
2014795435,042014-111,04/20/2014,04-April,1-Sunday,15:20,1500 Hours,District 3 (Northwest),LAKESIDE,BUENA VISTA,,DAPHNE ST,Collision with:  Parked motor vehicle,On Roadway,Broadside (front to side),Improper Backing,None Indicated,,Daylight,Dry,Cloudy,None apparent,Non-intersection:  Non-junction/no special feature,Paved,,Property Damage Only,0,0,0,0,0,0,2000,2,1,,POINT (-95.17381402485 42.61705149706)
2014796435,14-9617,04/20/2014,04-April,1-Sunday,12:08,1200 Hours,District 1 (Central),NEWTON,JASPER,,N 5TH AVE W & 1ST ST N,Collision with fixed object:  Utility pole/light support,Unknown,Non-collision (single vehicle),Crossed centerline (undivided),None Indicated,,Daylight,Dry,Clear,None apparent,Intersection:  Other intersection (explain in narrative),Paved,,Property Damage Only,0,0,0,0,0,0,2000,1,1,,POINT (-93.053677034367 41.703226056797)
2014795574,20140010580,04/20/2014,04-April,1-Sunday,20:35,2000 Hours,District 1 (Central),DES MOINES,POLK,,SW 3RD ST & W MLK JR PKWY,Collision with:  Vehicle in traffic,On Roadway,Rear-end (front to rear),Followed too close,None Indicated,,Dark - roadway lighted,Dry,Clear,None apparent,Non-intersection:  Non-junction/no special feature,Paved,,Minor Injury,0,1,0,1,0,0,1500,2,3,,POINT (-93.619285477676 41.582188978623)
2014796281,S14-001302,04/20/2014,04-April,1-Sunday,14:53,1400 Hours,District 4 (Southwest),COUNCIL BLUFFS,POTTAWATTAMIE,,MONUMENT RD,Collision with fixed object:  Ditch,Shoulder,Non-collision (single vehicle),Swerving/Evasive Action,None Indicated,,Daylight,Dry,Clear,None apparent,Non-intersection:  Non-junction/no special feature,Unpaved,,Minor Injury,0,2,0,2,0,0,3000,1,2,,POINT (-95.864931471909 41.310190780951)
2014795596,14-0842,04/20/2014,04-April,1-Sunday,13:20,1300 Hours,District 1 (Central),URBANDALE,POLK,,121ST ST & DOUGLAS PKWY,Collision with:  Vehicle in traffic,On Roadway,"Sideswipe, same direction",Driving too fast for conditions,Alcohol (Statutory),,Daylight,Dry,Clear,None apparent,Intersection:  Four-way intersection,Paved,,Property Damage Only,0,0,0,0,0,0,6000,2,2,,POINT (-93.783777724133 41.629517859835)
2014795942,201401238,04/20/2014,04-April,1-Sunday,02:31,0200 Hours,District 6 (East Central),,LINN,I-380,I-380,Collision with:  Animal,,Non-collision (single vehicle),Animal,None Indicated,,,,,,,Paved,,Property Damage Only,0,0,0,0,0,0,2000,1,1,,POINT (-91.746571930866 42.148540797328)
2014795601,14-1831,04/20/2014,04-April,1-Sunday,18:45,1800 Hours,District 1 (Central),WEST DES MOINES,POLK,,VINE ST,Collision with:  Parked motor vehicle,On Roadway,"Sideswipe, same direction",Other (explain in narrative):  Other,None Indicated,,Daylight,Dry,Clear,None apparent,Non-intersection:  Non-junction/no special feature,Paved,,Property Damage Only,0,0,0,0,0,0,1500,2,1,,POINT (-93.741783904751 41.580310974562)
2014795473,01-14-16479,04/20/2014,04-April,1-Sunday,16:06,1600 Hours,District 6 (East Central),DUBUQUE,DUBUQUE,US 20,US 20/DODGE ST & IA 946/IOWA 946,Collision with:  Vehicle in traffic,On Roadway,Rear-end (front to rear),Lost Control,None Indicated,,Daylight,Dry,Clear,None apparent,Intersection:  Four-way intersection,Paved,,Property Damage Only,0,0,0,0,0,0,3000,2,3,,POINT (-90.665098532681 42.492004570747)
2014796297,2014-24373,04/20/2014,04-April,1-Sunday,14:02,1400 Hours,District 6 (East Central),DAVENPORT,SCOTT,,KIRKWOOD BLVD,Collision with:  Parked motor vehicle,On Roadway,"Sideswipe, same direction",Lost Control,None Indicated,,Daylight,Dry,Clear,Unknown,Non-intersection:  Non-junction/no special feature,Paved,,Property Damage Only,0,0,0,0,0,0,3000,2,1,,POINT (-90.567016363267 41.536169203438)
2014795624,14-015229,04/20/2014,04-April,1-Sunday,10:08,1000 Hours,District 4 (Southwest),COUNCIL BLUFFS,POTTAWATTAMIE,,23RD AVE,Collision with:  Vehicle in traffic,On Roadway,Broadside (front to side),FTYROW:  From driveway,None Indicated,,Daylight,Dry,Clear,None apparent,Non-intersection:  Driveway access (within),Paved,,Property Damage Only,0,0,0,0,0,0,5000,2,2,,POINT (-95.851999644947 41.239308025437)
2014795683,14-11917,04/20/2014,04-April,1-Sunday,18:48,1800 Hours,District 3 (Northwest),SIOUX CITY,WOODBURY,,GOLDIE AVE,Collision with:  Vehicle in traffic,On Roadway,"Sideswipe, opposite direction",Improper Backing,None Indicated,,Daylight,Dry,Cloudy,None apparent,Non-intersection:  Non-junction/no special feature,Paved,,Property Damage Only,0,0,0,0,0,0,2600,2,2,,POINT (-96.47895422871 42.517925958339)
2014795784,14-0843,04/20/2014,04-April,1-Sunday,15:17,1500 Hours,District 1 (Central),URBANDALE,POLK,,DOUGLAS AVE & MARY LYNN DR,Collision with:  Vehicle in traffic,On Roadway,Rear-end (front to rear),Followed too close,None Indicated,,Daylight,Dry,Cloudy,None apparent,Intersection:  Four-way intersection,Paved,,Property Damage Only,0,0,0,0,0,0,3000,2,2,,POINT (-93.747459132719 41.629273373131)
2014795479,02-14-6215,04/20/2014,04-April,1-Sunday,00:13,0000 Hours,District 6 (East Central),,DUBUQUE,,MASSEY STATION RD,Collision with fixed object:  Guardrail - face,On Roadway,Non-collision (single vehicle),Swerving/Evasive Action,None Indicated,,Dark - roadway not lighted,Dry,Clear,None apparent,Non-intersection:  Non-junction/no special feature,Paved,,Property Damage Only,0,0,0,0,0,0,8000,1,1,,POINT (-90.616498430094 42.41703449885)
2014797034,1-14-000140,04/20/2014,04-April,1-Sunday,00:02,0000 Hours,District 4 (Southwest),,SHELBY,,Co Rd M36/ROAD M36,Collision with fixed object:  Ditch,Shoulder,Non-collision (single vehicle),Lost Control,None Indicated,,Dark - roadway not lighted,"Mud, dirt",Clear,None apparent,Non-intersection:  Non-junction/no special feature,Unpaved,,Property Damage Only,0,0,0,0,0,0,6000,1,1,,POINT (-95.282612595533 41.703305733903)
2014796825,2014024399,04/20/2014,04-April,1-Sunday,13:30,1300 Hours,District 1 (Central),,JASPER,US 6,US 6/US 6 E & E 156TH ST,Non-collision events:  Overturn/rollover,Shoulder,Non-collision (single vehicle),Ran off road - right,None Indicated,,Daylight,Dry,Clear,None apparent,Intersection:  T-intersection,Paved,,Minor Injury,0,1,0,1,0,0,10000,1,1,,POINT (-92.766350472958 41.736264297171)
2014795472,01-14-16415,04/20/2014,04-April,1-Sunday,01:12,0100 Hours,District 6 (East Central),DUBUQUE,DUBUQUE,US 20,US 20/DODGE ST,Collision with fixed object:  Ditch,On Roadway,Non-collision (single vehicle),Ran off road - left,None Indicated,,Dark - roadway lighted,Dry,Cloudy,None apparent,Non-intersection:  Non-junction/no special feature,Paved,,Major Injury,0,1,1,0,0,0,4400,1,4,,POINT (-90.767081195929 42.4676613832)
2014796112,14-7717,04/20/2014,04-April,1-Sunday,00:04,0000 Hours,District 6 (East Central),,SCOTT,,PARK VIEW DR & S PARK VIEW DR,Collision with:  Non-motorist (see non-motorist section - NOT a unit),On Roadway,Non-collision (single vehicle),FTYROW:  To pedestrian,None Indicated,,Dark - roadway not lighted,Dry,Clear,None apparent,Non-intersection:  Non-junction/no special feature,Paved,,Minor Injury,0,1,0,1,0,0,500,1,1,,POINT (-90.54596716334 41.690287600143)
2014820439,2014-35-AC,04/20/2014,04-April,1-Sunday,09:20,0900 Hours,District 3 (Northwest),,DICKINSON,,Co Rd A34/220TH ST & Co Rd N14/310TH AVE,Collision with:  Vehicle in traffic,On Roadway,Rear-end (front to rear),Unknown,None Indicated,,Daylight,Dry,Clear,None apparent,Non-intersection:  Non-junction/no special feature,Paved,,Property Damage Only,0,0,0,0,0,0,6000,2,2,,POINT (-94.973667403501 43.32759329258)
2014796355,14003333,04/20/2014,04-April,1-Sunday,02:57,0200 Hours,District 6 (East Central),,BUCHANAN,,Co Rd D47/290TH ST & Co Rd V71/DUGAN AVE,Collision with fixed object:  Ditch,Roadside,Non-collision (single vehicle),Ran Stop Sign,Alcohol (Statutory),,Dark - roadway not lighted,Dry,Clear,None apparent,Intersection:  T-intersection,Paved,,Property Damage Only,0,0,0,0,0,0,4000,1,1,,POINT (-92.006401583418 42.370330532444)
2014795945,201401249,04/20/2014,04-April,1-Sunday,20:22,2000 Hours,District 6 (East Central),,LINN,US 30,US 30,Collision with fixed object:  Ditch,Shoulder,Non-collision (single vehicle),Downhill runaway,None Indicated,,Dusk,Dry,Cloudy,None apparent,Non-intersection:  Non-junction/no special feature,Paved,,Minor Injury,0,1,0,1,0,0,7500,1,2,,POINT (-91.574619222036 41.925265881655)
2014795586,20140010541,04/20/2014,04-April,1-Sunday,12:41,1200 Hours,District 1 (Central),DES MOINES,POLK,US 6,US 6/E EUCLID AVE,Unknown,On Roadway,Non-collision (single vehicle),Other (explain in narrative):  No improper action,None Indicated,,Daylight,Dry,Clear,None apparent,Non-intersection:  Non-junction/no special feature,Paved,,Property Damage Only,0,0,0,0,0,0,1500,1,1,,POINT (-93.598508248405 41.627713468345)
2014795544,14-2586,04/20/2014,04-April,1-Sunday,11:45,1100 Hours,District 1 (Central),,POLK,,Co Rd S27/NE 112TH ST,Collision with:  Vehicle in traffic,On Roadway,"Sideswipe, same direction",Swerving/Evasive Action,None Indicated,,Daylight,Dry,Cloudy,None apparent,Non-intersection:  Non-junction/no special feature,Paved,,Property Damage Only,0,0,0,0,0,0,1500,2,4,,POINT (-93.36772430523 41.602229085198)
2014806806,32032-14,04/20/2014,04-April,1-Sunday,05:30,0500 Hours,District 3 (Northwest),,EMMET,IA 4,IA 4/IOWA 4,Collision with:  Animal,,,Animal,None Indicated,,,,,,,Paved,,Property Damage Only,0,0,0,0,0,0,3182,1,1,,POINT (-94.769393060725 43.263467281363)