Iowa DOT Case Number,Law Enforcement Case Number,Date of Crash,Month of Crash,Day of Week,Time of Crash,Hour,DOT District,City Name,County Name,Route with System,Location Description,First Harmful Event,Location of First Harmful Event,Manner of Crash/Collision,Major Cause,Drug or Alcohol ,Environmental Conditions,Light Conditions,Surface Conditions,Weather Conditions,Roadway Contribution,Roadway Type,Roadway Surface,Work Zone,Crash Severity,Number of Fatalities,Number of Injuries,Number of Major Injuries,Number of Minor Injuries,Number of Possible Injuries,Number of Unknown Injuries,Amount of Property Damage,Number of Vehicles Involved,Total Number of Occupants,Travel Direction,Location
2014795436,04202014JG,04/20/2014,04-April,1-Sunday,16:00,1600 Hours,District 5 (Southeast),OSCEOLA,CLARKE,,WARREN CT,Collision with:  Parked motor vehicle,On Roadway,Unknown,Other (explain in narrative):  Other,None Indicated,,Daylight,Unknown,Unknown,None apparent,Non-intersection:  Non-junction/no special feature,Paved,,Property Damage Only,0,0,0,0,0,0,5000,2,1,,POINT (-93.78830082219 41.031525766593)
2014796220,2014004277,04/20/2014,04-April,1-Sunday,19:37,1900 Hours,District 6 (East Central),IOWA CITY,JOHNSON,,ABER AVE,Collision with:  Vehicle in traffic,On Roadway,"Sideswipe, same direction",FTYROW:  From parked position,None Indicated,,Daylight,Dry,Clear,None apparent,Non-intersection:  Non-junction/no special feature,Paved,,Property Damage Only,0,0,0,0,0,0,2500,2,3,,POINT (-91.562555134513 41.643179216948)
2014796306,2014-24331,04/20/2014,04-April,1-Sunday,08:38,0800 Hours,District 6 (East Central),DAVENPORT,SCOTT,,W 4TH ST & GAINES ST,Collision with:  Vehicle in traffic,On Roadway,"Sideswipe, same direction",Made improper turn,None Indicated,,Daylight,Dry,Clear,None apparent,Intersection:  Four-way intersection,Paved,,Property Damage Only,0,0,0,0,0,0,3500,2,4,,POINT (-90.582998383485 41.523519152745)
2014795536,2014003671,04/20/2014,04-April,1-Sunday,02:30,0200 Hours,District 1 (Central),MARSHALLTOWN,MARSHALL,,N 9TH ST,Collision with:  Vehicle in traffic,Shoulder,Rear-end (front to rear),Other (explain in narrative):  Other,None Indicated,,Dark - roadway lighted,Dry,Cloudy,None apparent,Intersection:  T-intersection,Paved,,Property Damage Only,0,0,0,0,0,0,20000,2,1,,POINT (-92.927541238044 42.051727182761)
2014795762,20140010524,04/20/2014,04-April,1-Sunday,08:20,0800 Hours,District 1 (Central),DES MOINES,POLK,,E 12TH ST,Collision with:  Vehicle in traffic,On Roadway,Head-on (front to front),FTYROW:  Making left turn,None Indicated,,Daylight,Dry,Cloudy,None apparent,Non-intersection:  Driveway access (within),Paved,,Property Damage Only,0,0,0,0,0,0,9500,4,3,,POINT (-93.604803781065 41.601262358517)
2014795434,201401711,04/20/2014,04-April,1-Sunday,17:30,1700 Hours,District 1 (Central),,BOONE,US 30,US 30/220TH ST,Non-collision events:  Overturn/rollover,Shoulder,Non-collision (single vehicle),Ran off road - right,None Indicated,,Daylight,Dry,Severe winds,None apparent,Non-intersection:  Non-junction/no special feature,Paved,,Major Injury,0,1,1,0,0,0,3000,1,1,,POINT (-93.804744169841 42.034707459832)
2014795474,01-14-16483,04/20/2014,04-April,1-Sunday,16:59,1600 Hours,District 6 (East Central),DUBUQUE,DUBUQUE,,SPRING VALLEY RD,Collision with:  Vehicle in traffic,On Roadway,Rear-end (front to rear),Followed too close,None Indicated,,Daylight,Dry,Cloudy,None apparent,Intersection:  Other intersection (explain in narrative),Paved,,Property Damage Only,0,0,0,0,0,0,2500,2,3,,POINT (-90.721286770364 42.521916833575)
2014795604,14-1822,04/20/2014,04-April,1-Sunday,02:11,0200 Hours,District 1 (Central),WEST DES MOINES,POLK,I-35,I-35,Collision with fixed object:  Ditch,On Roadway,Non-collision (single vehicle),"Operating vehicle in an reckless, erratic, careless, negligent manner",Under Influence of Alcohol/Drugs/Medications,,Dark - roadway lighted,Dry,Clear,None apparent,Interchange-related:  On-ramp,Paved,,Minor Injury,0,3,0,2,0,1,10000,1,3,,POINT (-93.776695771935 41.55955291939)
2014795549,14-2580,04/20/2014,04-April,1-Sunday,01:33,0100 Hours,District 1 (Central),,POLK,IA 415,IA 415/2ND AVE,Collision with fixed object:  Ditch,Median,Non-collision (single vehicle),Ran off road - right,Under Influence of Alcohol/Drugs/Medications,,Dark - roadway not lighted,Dry,Cloudy,None apparent,Non-intersection:  Non-junction/no special feature,Paved,,Property Damage Only,0,0,0,0,0,0,5000,1,1,,POINT (-93.620418586389 41.67166031092)
2014796147,14-000486,04/20/2014,04-April,1-Sunday,02:30,0200 Hours,District 1 (Central),,STORY,US 65,US 65,Non-collision events:  Overturn/rollover,Shoulder,Non-collision (single vehicle),Crossed centerline (undivided),Alcohol (Statutory),,Dark - roadway not lighted,Dry,Clear,None apparent,Non-intersection:  Non-junction/no special feature,Paved,,Property Damage Only,0,0,0,0,0,0,8100,1,1,,POINT (-93.309535180991 42.042290054698)
2014826443,2014-2886,04/20/2014,04-April,1-Sunday,21:17,2100 Hours,District 6 (East Central),LE CLAIRE,SCOTT,US 67,US 67/CODY RD,Collision with:  Vehicle in traffic,On Roadway,"Sideswipe, same direction",Unknown,Alcohol (Statutory),,Dark - roadway lighted,Dry,Clear,None apparent,Non-intersection:  Non-junction/no special feature,Paved,,Property Damage Only,0,0,0,0,0,0,7500,2,2,,POINT (-90.36668327354 41.584295744892)
2014795564,20140010542,04/20/2014,04-April,1-Sunday,12:43,1200 Hours,District 1 (Central),DES MOINES,POLK,,INGERSOLL AVE & 42ND ST,Collision with:  Vehicle in traffic,On Roadway,Broadside (front to side),Ran Traffic Signal,None Indicated,,Daylight,Dry,Cloudy,None apparent,Intersection:  Four-way intersection,Paved,,Property Damage Only,0,0,0,0,0,0,11000,2,2,,POINT (-93.674345052184 41.586391855799)
2014795646,2014-24379,04/20/2014,04-April,1-Sunday,14:29,1400 Hours,District 6 (East Central),DAVENPORT,SCOTT,,FILLMORE LN,Collision with:  Parked motor vehicle,On Roadway,Rear-end (front to rear),Improper Backing,None Indicated,,Daylight,Dry,Clear,None apparent,Non-intersection:  Driveway access (within),Paved,,Property Damage Only,0,0,0,0,0,0,3000,2,2,,POINT (-90.593824213773 41.549918968422)
2014795652,2014-24363,04/20/2014,04-April,1-Sunday,13:08,1300 Hours,District 6 (East Central),DAVENPORT,SCOTT,,JERSEY RIDGE RD,Collision with:  Vehicle in traffic,Outside trafficway,Unknown,Other (explain in narrative):  No improper action,None Indicated,,Daylight,Dry,Clear,None apparent,Non-intersection:  Non-junction/no special feature,Paved,,Property Damage Only,0,0,0,0,0,0,2200,2,3,,POINT (-90.54102982044 41.537732650115)
2014795622,14-015217,04/20/2014,04-April,1-Sunday,06:05,0600 Hours,District 4 (Southwest),COUNCIL BLUFFS,POTTAWATTAMIE,,BIG LAKE RD,Unknown,On Roadway,Non-collision (single vehicle),Unknown,None Indicated,,Dawn,Dry,Clear,None apparent,Non-intersection:  Non-junction/no special feature,Paved,,Property Damage Only,0,0,0,0,0,0,4000,1,1,,POINT (-95.863189148183 41.285124589061)
2014795582,20140010527,04/20/2014,04-April,1-Sunday,10:15,1000 Hours,District 1 (Central),DES MOINES,POLK,,W MLK JR PKWY & SW 2ND ST,Collision with:  Vehicle in traffic,On Roadway,Broadside (front to side),Ran Traffic Signal,None Indicated,,Daylight,Dry,Clear,None apparent,Intersection:  Other intersection (explain in narrative),Paved,,Property Damage Only,0,0,0,0,0,0,10000,2,2,,POINT (-93.618014773853 41.582285889145)
2014798164,14001947,04/20/2014,04-April,1-Sunday,23:00,2300 Hours,District 1 (Central),AMES,STORY,,LINCOLN WAY & STATE AVE,Collision with fixed object:  Curb/island/raised median,On Roadway,Non-collision (single vehicle),Ran off road - left,Alcohol (Statutory),,Dark - roadway lighted,Dry,Clear,None apparent,Intersection:  T-intersection,Paved,,Property Damage Only,0,0,0,0,0,0,1500,1,1,,POINT (-93.659150828801 42.022729544352)
2014797273,CL14001158,04/20/2014,04-April,1-Sunday,00:47,0000 Hours,District 6 (East Central),CLINTON,CLINTON,,7TH AVE N & N 3RD ST,Collision with:  Vehicle in traffic,On Roadway,Broadside (front to side),Ran Traffic Signal,None Indicated,,Dark - roadway lighted,Dry,Clear,None apparent,Intersection:  Four-way intersection,Paved,,Property Damage Only,0,0,0,0,0,0,7500,2,3,,POINT (-90.189705737489 41.851404602503)
2014797104,1400834,04/20/2014,04-April,1-Sunday,12:50,1200 Hours,District 5 (Southeast),BLOOMFIELD,DAVIS,US 63,US 63 & Co Rd V20/LILAC AVE,Collision with:  Vehicle in traffic,On Roadway,Rear-end (front to rear),Followed too close,None Indicated,,Daylight,Dry,Clear,None apparent,Non-intersection:  Non-junction/no special feature,Paved,,Minor Injury,0,1,0,1,0,0,4500,2,3,,POINT (-92.419174633874 40.739833590921)
2014796224,14001301,04/20/2014,04-April,1-Sunday,05:06,0500 Hours,District 5 (Southeast),,KEOKUK,IA 21,IA 21/IOWA 21,Non-collision events:  Other non-collision (explain in narrative),On Roadway,Non-collision (single vehicle),Downhill runaway,None Indicated,,Dark - roadway not lighted,Dry,Clear,None apparent,Non-intersection:  Non-junction/no special feature,Paved,,Property Damage Only,0,0,0,0,0,0,7500,1,1,,POINT (-92.330768631589 41.303010895895)
2014795546,14-2588,04/20/2014,04-April,1-Sunday,12:45,1200 Hours,District 1 (Central),,POLK,IA 141,IA 141/IOWA 141,Collision with:  Vehicle in traffic,On Roadway,"Sideswipe, same direction",Crossed centerline (undivided),None Indicated,,Daylight,Dry,Cloudy,None apparent,Non-intersection:  Non-junction/no special feature,Paved,,Property Damage Only,0,0,0,0,0,0,3000,2,2,,POINT (-93.778367074787 41.741476413829)
2014795583,20140010531,04/20/2014,04-April,1-Sunday,10:00,1000 Hours,District 1 (Central),DES MOINES,POLK,,DEAN AVE,Collision with:  Parked motor vehicle,On Roadway,Unknown,"Operating vehicle in an reckless, erratic, careless, negligent manner",Under Influence of Alcohol/Drugs/Medications,,Daylight,Dry,Clear,None apparent,Non-intersection:  Non-junction/no special feature,Paved,,Property Damage Only,0,0,0,0,0,0,1900,2,1,,POINT (-93.59177777904 41.591413170468)
2014795591,20140010505,04/20/2014,04-April,1-Sunday,00:15,0000 Hours,District 1 (Central),DES MOINES,POLK,US 6,US 6/EUCLID AVE & 6TH AVE,Collision with:  Vehicle in traffic,On Roadway,Broadside (front to side),Unknown,None Indicated,,Dark - roadway lighted,Dry,Cloudy,None apparent,Intersection:  Four-way intersection,Paved,,Property Damage Only,0,0,0,0,0,0,21880,2,2,,POINT (-93.624762711677 41.627681860805)
2014796962,14-030420-01,04/20/2014,04-April,1-Sunday,17:30,1700 Hours,District 6 (East Central),,IOWA,I-80,I-80,Collision with:  Vehicle in traffic,On Roadway,Rear-end (front to rear),Driving too fast for conditions,None Indicated,,Daylight,Dry,Cloudy,None apparent,Non-intersection:  Non-junction/no special feature,Paved,,Minor Injury,0,1,0,1,0,0,1000,2,3,,POINT (-91.860549086323 41.6872585327)
2014796683,2014024422,04/20/2014,04-April,1-Sunday,16:35,1600 Hours,District 6 (East Central),DE WITT,CLINTON,US 30,US 30/RAMP,Collision with fixed object:  Ditch,Shoulder,Non-collision (single vehicle),Ran off road - right,None Indicated,,Daylight,Dry,Clear,None apparent,Interchange-related:  On-ramp,Paved,,Major Injury,0,2,1,1,0,0,4000,1,2,,POINT (-90.56890790253 41.805522584941)
2014819355,1404-028,04/20/2014,04-April,1-Sunday,17:15,1700 Hours,District 3 (Northwest),,OSCEOLA,IA 60,IA 60/IOWA 60,Non-collision events:  Overturn/rollover,On Roadway,Non-collision (single vehicle),Swerving/Evasive Action,None Indicated,,Daylight,Dry,Clear,None apparent,Non-intersection:  Non-junction/no special feature,Paved,,Major Injury,0,1,1,0,0,0,12000,1,2,,POINT (-95.717389256589 43.395160732006)
2014795645,2014-24352,04/20/2014,04-April,1-Sunday,11:46,1100 Hours,District 6 (East Central),DAVENPORT,SCOTT,,W 53RD ST,Collision with:  Vehicle in traffic,On Roadway,Rear-end (front to rear),Followed too close,None Indicated,,Daylight,Dry,Clear,None apparent,Non-intersection:  Non-junction/no special feature,Paved,,Possible/Unknown,0,1,0,0,1,0,3500,3,4,,POINT (-90.582631011251 41.574550697255)
2014796686,2014024473,04/20/2014,04-April,1-Sunday,20:15,2000 Hours,District 1 (Central),,POWESHIEK,US 6,US 6,Non-collision events:  Overturn/rollover,Shoulder,Non-collision (single vehicle),Swerving/Evasive Action,None Indicated,,Dark - roadway not lighted,Dry,Clear,None apparent,Non-intersection:  Non-junction/no special feature,Paved,,Property Damage Only,0,0,0,0,0,0,4000,1,1,,POINT (-92.583975241425 41.74580059563)
2014795944,201401242,04/20/2014,04-April,1-Sunday,07:25,0700 Hours,District 6 (East Central),,LINN,,Co Rd X20/WHITTIER RD,Collision with fixed object:  Other fixed object (explain in narrative),On Roadway,Non-collision (single vehicle),Other (explain in narrative):  Other,None Indicated,,Daylight,Dry,Clear,None apparent,Intersection:  Four-way intersection,Paved,,Property Damage Only,0,0,0,0,0,0,2000,1,1,,POINT (-91.462967942697 42.093197985896)
2014796437,14-9639,04/20/2014,04-April,1-Sunday,17:49,1700 Hours,District 1 (Central),NEWTON,JASPER,,E 19TH ST S,Collision with fixed object:  Utility pole/light support,On Roadway,Non-collision (single vehicle),"Operating vehicle in an reckless, erratic, careless, negligent manner",Alcohol (Statutory),,Daylight,Dry,Clear,None apparent,Non-intersection:  Non-junction/no special feature,Paved,,Property Damage Only,0,0,0,0,0,0,7500,1,1,,POINT (-93.02896193115 41.694407944691)
2014795438,1404208161,04/20/2014,04-April,1-Sunday,20:35,2000 Hours,District 6 (East Central),DE WITT,CLINTON,,160 AVE,Collision with fixed object:  Ditch,On Roadway,Non-collision (single vehicle),Swerving/Evasive Action,None Indicated,,Dark - roadway not lighted,"Mud, dirt",Clear,None apparent,Non-intersection:  Non-junction/no special feature,Unpaved,,Property Damage Only,0,0,0,0,0,0,3000,1,1,,POINT (-90.78204952511 41.774056132505)
2014795880,2014024481,04/20/2014,04-April,1-Sunday,20:30,2000 Hours,District 6 (East Central),,CEDAR,I-80,I-80,Non-collision events:  Overturn/rollover,On Roadway,Non-collision (single vehicle),Ran off road - left,None Indicated,,Dark - roadway lighted,Dry,Clear,None apparent,Interchange-related:  Off-ramp,Paved,,Property Damage Only,0,0,0,0,0,0,12000,1,1,,POINT (-91.251817704248 41.662713163053)
2014796436,14-9635,04/20/2014,04-April,1-Sunday,16:45,1600 Hours,District 1 (Central),NEWTON,JASPER,,S 2ND AVE W & W 8TH ST S,Collision with:  Vehicle in traffic,On Roadway,"Sideswipe, opposite direction",Crossed centerline (undivided),None Indicated,,Daylight,Dry,Clear,None apparent,Non-intersection:  Non-junction/no special feature,Paved,,Property Damage Only,0,0,0,0,0,0,2500,2,1,,POINT (-93.062830953194 41.69851068469)
2014795746,C14001218,04/20/2014,04-April,1-Sunday,21:45,2100 Hours,District 6 (East Central),CORALVILLE,JOHNSON,US 6,US 6/2ND ST,Collision with:  Vehicle in traffic,On Roadway,"Sideswipe, same direction",Downhill runaway,None Indicated,,Dark - roadway lighted,Dry,Cloudy,None apparent,Non-intersection:  Non-junction/no special feature,Paved,,Property Damage Only,0,0,0,0,0,0,3000,2,4,,POINT (-91.601391830218 41.684585665753)
2014796463,14-011224,04/20/2014,04-April,1-Sunday,23:42,2300 Hours,District 5 (Southeast),,LEE,,Co Rd J72/300 ST,Collision with:  Animal,,,Animal,None Indicated,,,,,,,Paved,,Property Damage Only,0,0,0,0,0,0,2000,1,1,,POINT (-91.479142703735 40.523767417698)
2014795879,2014024470,04/20/2014,04-April,1-Sunday,20:00,2000 Hours,District 2 (Northeast),,CERRO GORDO,US 18,US 18 & Co Rd B35/CLAYBANKS DR,Collision with fixed object:  Bridge overhead structure,On Roadway,Non-collision (single vehicle),Swerving/Evasive Action,None Indicated,,Dark - roadway not lighted,Wet,Rain,"Surface condition (e.g., wet, icy)",Non-intersection:  Other non-intersection (explain in narrative),Paved,,Property Damage Only,0,0,0,0,0,0,3000,1,1,,POINT (-93.11119225436 43.116202349369)
2014797902,2014-24423,04/20/2014,04-April,1-Sunday,18:16,1800 Hours,District 6 (East Central),DAVENPORT,SCOTT,,TELEGRAPH RD,Collision with:  Vehicle in traffic,On Roadway,"Sideswipe, opposite direction",Crossed centerline (undivided),Refused,,Daylight,Dry,Clear,None apparent,Non-intersection:  Non-junction/no special feature,Paved,,Minor Injury,0,2,0,2,0,0,10000,2,3,,POINT (-90.64549247208 41.522330536901)
2014796602,2014-24401,04/20/2014,04-April,1-Sunday,16:28,1600 Hours,District 6 (East Central),DAVENPORT,SCOTT,,ARLINGTON AVE,Collision with:  Vehicle in traffic,On Roadway,"Sideswipe, same direction",Lost Control,None Indicated,,Daylight,Dry,Clear,None apparent,Non-intersection:  Non-junction/no special feature,Paved,,Property Damage Only,0,0,0,0,0,0,4300,2,1,,POINT (-90.562191690304 41.548450757551)
2014801724,14-03501,04/20/2014,04-April,1-Sunday,20:00,2000 Hours,District 5 (Southeast),MOUNT PLEASANT,HENRY,,E WASHINGTON ST & S WALNUT ST,Collision with fixed object:  Utility pole/light support,Outside trafficway,Non-collision (single vehicle),Made improper turn,None Indicated,,Dusk,Dry,Cloudy,None apparent,Intersection:  Four-way intersection,Paved,,Property Damage Only,0,0,0,0,0,0,5000,1,1,,POINT (-91.544715793187 40.964581689214)
2014795787,14-000448,04/20/2014,04-April,1-Sunday,11:00,1100 Hours,District 1 (Central),JOHNSTON,POLK,,NW 62ND AVE & MERLE HAY RD,Collision with:  Vehicle in traffic,On Roadway,Rear-end (front to rear),Other (explain in narrative):  Other,None Indicated,,Daylight,Dry,Clear,None apparent,Intersection:  Four-way intersection,Paved,,Property Damage Only,0,0,0,0,0,0,2500,2,2,,POINT (-93.697700758305 41.672964527704)
2014795480,02-14-6246,04/20/2014,04-April,1-Sunday,21:19,2100 Hours,District 6 (East Central),,DUBUQUE,US 151,US 151,Collision with:  Animal,,,Animal,None Indicated,,,,,,,Paved,,Property Damage Only,0,0,0,0,0,0,4000,1,1,,POINT (-90.767048232833 42.388485537541)
2014795584,20140010533,04/20/2014,04-April,1-Sunday,10:30,1000 Hours,District 1 (Central),DES MOINES,POLK,,E DOUGLAS AVE,Collision with:  Vehicle in traffic,On Roadway,Rear-end (front to rear),Followed too close,None Indicated,,Daylight,Dry,Clear,None apparent,Non-intersection:  Non-junction/no special feature,Paved,,Possible/Unknown,0,1,0,0,1,0,5750,2,4,,POINT (-93.554633687197 41.629518797096)
2014803616,,04/20/2014,04-April,1-Sunday,02:31,0200 Hours,District 4 (Southwest),,DALLAS,IA 141,IA 141/IOWA 141,Non-collision events:  Overturn/rollover,Shoulder,Non-collision (single vehicle),Exceeded authorized speed,Alcohol (Statutory),,Dark - roadway not lighted,Dry,Cloudy,None apparent,Non-intersection:  Non-junction/no special feature,Paved,,Fatal,1,1,1,0,0,0,10000,1,2,,POINT (-93.908314000585 41.810956501903)
2014795625,14-015235,04/20/2014,04-April,1-Sunday,08:30,0800 Hours,District 4 (Southwest),COUNCIL BLUFFS,POTTAWATTAMIE,,AVE A,Collision with:  Parked motor vehicle,Shoulder,"Sideswipe, same direction",Unknown,None Indicated,,Daylight,Dry,Clear,None apparent,Non-intersection:  Other non-intersection (explain in narrative),Paved,,Property Damage Only,0,0,0,0,0,0,2000,2,1,,POINT (-95.87491300809 41.262802706538)
2014850944,14-002919,04/20/2014,04-April,1-Sunday,20:39,2000 Hours,District 5 (Southeast),,LOUISA,IA 92,IA 92/IOWA 92,Collision with:  Animal,,,Animal,None Indicated,,,,,,,Paved,,Property Damage Only,0,0,0,0,0,0,2500,1,1,,POINT (-91.33741557866 41.278617948863)
2014796684,2014024444,04/20/2014,04-April,1-Sunday,17:40,1700 Hours,District 6 (East Central),,IOWA,I-80,I-80,Collision with:  Vehicle in traffic,On Roadway,Rear-end (front to rear),Followed too close,None Indicated,,Daylight,Dry,Clear,None apparent,Non-intersection:  Non-junction/no special feature,Paved,,Property Damage Only,0,0,0,0,0,0,10200,2,3,,POINT (-91.877178760914 41.687269103994)
2014798724,S14-D2002,04/20/2014,04-April,1-Sunday,04:00,0400 Hours,District 5 (Southeast),,CLARKE,,170 AVE,Collision with fixed object:  Ditch,Roadside,Non-collision (single vehicle),Ran off road - straight,None Indicated,,Unknown,"Mud, dirt",Unknown,None apparent,Non-intersection:  Non-junction/no special feature,Unpaved,,Property Damage Only,0,0,0,0,0,0,4000,1,1,,POINT (-93.874128213843 41.07097439636)
2014795567,20140010549,04/20/2014,04-April,1-Sunday,09:30,0900 Hours,District 1 (Central),DES MOINES,POLK,,38TH ST,Collision with:  Vehicle in traffic,On Roadway,Broadside (front to side),"Operating vehicle in an reckless, erratic, careless, negligent manner",None Indicated,,Daylight,Dry,Clear,None apparent,Non-intersection:  Driveway access (within),Paved,,Property Damage Only,0,0,0,0,0,0,1600,2,1,,POINT (-93.668454124905 41.630543572329)
2014815302,66-758,04/20/2014,04-April,1-Sunday,00:50,0000 Hours,District 2 (Northeast),SAINT ANSGAR,MITCHELL,,E 6TH ST & TRAIN LN,Collision with:  Vehicle in traffic,On Roadway,Broadside (front to side),Unknown,None Indicated,,Dark - roadway lighted,Dry,Clear,None apparent,Intersection:  T-intersection,Paved,,Property Damage Only,0,0,0,0,0,0,17000,2,5,,POINT (-92.917243390027 43.376714429149)
2014795848,14-0212,04/20/2014,04-April,1-Sunday,07:30,0700 Hours,District 1 (Central),BADGER,WEBSTER,,2ND AVE SE,Collision with:  Parked motor vehicle,Roadside,Unknown,Unknown,None Indicated,,Daylight,Wet,Rain,None apparent,Non-intersection:  Non-junction/no special feature,Paved,,Property Damage Only,0,0,0,0,0,0,1500,2,1,,POINT (-94.145622323137 42.613805021824)
2014796601,2014-24368,04/20/2014,04-April,1-Sunday,13:30,1300 Hours,District 6 (East Central),DAVENPORT,SCOTT,,W 6TH ST & MAIN ST,Collision with:  Non-motorist (see non-motorist section - NOT a unit),On Roadway,Non-collision (single vehicle),Unknown,None Indicated,,Daylight,Dry,Clear,None apparent,Non-intersection:  Non-junction/no special feature,Paved,,Possible/Unknown,0,1,0,0,1,0,100,1,2,,POINT (-90.575581959065 41.525713631983)
2014796603,2014-24712,04/21/2014,04-April,2-Monday,18:56,1800 Hours,District 6 (East Central),DAVENPORT,SCOTT,US 6,US 6/W KIMBERLY RD & N DIVISION ST,Collision with:  Vehicle in traffic,On Roadway,"Sideswipe, same direction",Unknown,None Indicated,,Daylight,Dry,Clear,None apparent,Non-intersection:  Non-junction/no special feature,Paved,,Possible/Unknown,0,1,0,0,1,0,1000,2,2,,POINT (-90.600667262592 41.560041134558)
2014799836,201400018981,04/21/2014,04-April,2-Monday,12:52,1200 Hours,District 5 (Southeast),OTTUMWA,WAPELLO,US 34,US 34 & WILDWOOD DR,Collision with:  Vehicle in traffic,On Roadway,Rear-end (front to rear),Followed too close,None Indicated,,Daylight,Dry,Clear,None apparent,Intersection:  Four-way intersection,Paved,,Possible/Unknown,0,1,0,0,1,0,0,2,5,,POINT (-92.448052858227 41.018099651053)
2014795768,20140010667,04/21/2014,04-April,2-Monday,15:50,1500 Hours,District 1 (Central),DES MOINES,POLK,,FOREST AVE & 34TH ST,Collision with:  Vehicle in traffic,On Roadway,Broadside (front to side),FTYROW:  From stop sign,None Indicated,,Daylight,Dry,Clear,None apparent,Intersection:  Four-way intersection,Paved,,Property Damage Only,0,0,0,0,0,0,7500,2,4,,POINT (-93.663271628126 41.603975338297)
2014795924,01-14-16580,04/21/2014,04-April,2-Monday,10:06,1000 Hours,District 6 (East Central),DUBUQUE,DUBUQUE,,W 28TH ST & BROADWAY ST,Collision with fixed object:  Utility pole/light support,Outside trafficway,Non-collision (single vehicle),Lost Control,None Indicated,,Daylight,Dry,Cloudy,None apparent,Non-intersection:  Non-junction/no special feature,Paved,,Possible/Unknown,0,1,0,0,1,0,7850,1,1,,POINT (-90.680803603779 42.521725648529)
2014795860,14-12070,04/21/2014,04-April,2-Monday,20:27,2000 Hours,District 3 (Northwest),SIOUX CITY,WOODBURY,,FLOYD BLVD & OUTER DR N,Collision with:  Vehicle in traffic,On Roadway,"Angle, oncoming left turn",FTYROW:  Making left turn,None Indicated,,Dusk,Dry,Clear,None apparent,Intersection:  Four-way intersection,Paved,,Property Damage Only,0,0,0,0,0,0,7000,2,2,,POINT (-96.370232414508 42.533965067165)
2014795576,20140010615,04/21/2014,04-April,2-Monday,08:00,0800 Hours,District 1 (Central),DES MOINES,POLK,,WEDGEWOOD RD & E 29TH ST,Collision with:  Vehicle in traffic,On Roadway,Rear-end (front to rear),Followed too close,None Indicated,,Daylight,Dry,Clear,None apparent,Non-intersection:  Non-junction/no special feature,Paved,,Property Damage Only,0,0,0,0,0,0,6000,2,2,,POINT (-93.561236493159 41.626739552996)
2014796628,14-001954,04/21/2014,04-April,2-Monday,15:08,1500 Hours,District 1 (Central),AMES,STORY,,LINCOLN WAY & N HAZEL AVE,Collision with:  Vehicle in traffic,On Roadway,Rear-end (front to rear),Followed too close,None Indicated,,Daylight,Dry,Clear,None apparent,Intersection:  Four-way intersection,Paved,,Property Damage Only,0,0,0,0,0,0,1500,2,2,,POINT (-93.626829264496 42.022901599197)
2014795931,2014004321,04/21/2014,04-April,2-Monday,17:55,1700 Hours,District 6 (East Central),IOWA CITY,JOHNSON,,BRADFORD ST & ARTHUR ST,Collision with fixed object:  Curb/island/raised median,On Roadway,Non-collision (single vehicle),Ran off road - left,Alcohol (Statutory),,Daylight,Wet,Cloudy,None apparent,Non-intersection:  Non-junction/no special feature,Paved,,Property Damage Only,0,0,0,0,0,0,4000,1,4,,POINT (-91.497703841729 41.646249750518)
2014795789,14-0438,04/21/2014,04-April,2-Monday,18:30,1800 Hours,District 1 (Central),PLEASANT HILL,POLK,IA 163,IA 163/E UNIVERSITY AVE & NE 60TH ST,Collision with:  Vehicle in traffic,On Roadway,Rear-end (front to rear),Followed too close,None Indicated,,Daylight,Dry,Clear,None apparent,Non-intersection:  Non-junction/no special feature,Paved,,Property Damage Only,0,0,0,0,0,0,4000,2,2,,POINT (-93.491479215708 41.598596091189)
2014796629,14-001956,04/21/2014,04-April,2-Monday,17:20,1700 Hours,District 1 (Central),AMES,STORY,US 69,US 69/LINCOLN WAY & CLARK AVE & S WALNUT ST,Collision with:  Vehicle in traffic,On Roadway,Rear-end (front to rear),Other (explain in narrative):  Other,None Indicated,,Daylight,Dry,Cloudy,None apparent,Intersection:  Four-way intersection,Paved,,Property Damage Only,0,0,0,0,0,0,2300,2,2,,POINT (-93.616876617618 42.02294651375)
2014796033,14-005699,04/21/2014,04-April,2-Monday,21:00,2100 Hours,District 6 (East Central),,CEDAR,,Co Rd X64/OXFORD JCT RD,Collision with:  Animal,On Roadway,Non-collision (single vehicle),Animal,None Indicated,,Dark - roadway not lighted,Dry,Clear,None apparent,Non-intersection:  Non-junction/no special feature,Paved,,Property Damage Only,0,0,0,0,0,0,3000,1,1,,POINT (-91.019922754958 41.943426203812)
2014795760,20140010651,04/21/2014,04-April,2-Monday,13:59,1300 Hours,District 1 (Central),DES MOINES,POLK,,FLEUR DR,Collision with:  Vehicle in traffic,On Roadway,Broadside (front to side),FTYROW:  From driveway,None Indicated,,Daylight,Dry,Clear,None apparent,Non-intersection:  Driveway access (within),Paved,,Property Damage Only,0,0,0,0,0,0,1700,2,2,,POINT (-93.644961117019 41.551152843538)