Iowa DOT Case Number,Law Enforcement Case Number,Date of Crash,Month of Crash,Day of Week,Time of Crash,Hour,DOT District,City Name,County Name,Route with System,Location Description,First Harmful Event,Location of First Harmful Event,Manner of Crash/Collision,Major Cause,Drug or Alcohol ,Environmental Conditions,Light Conditions,Surface Conditions,Weather Conditions,Roadway Contribution,Roadway Type,Roadway Surface,Work Zone,Crash Severity,Number of Fatalities,Number of Injuries,Number of Major Injuries,Number of Minor Injuries,Number of Possible Injuries,Number of Unknown Injuries,Amount of Property Damage,Number of Vehicles Involved,Total Number of Occupants,Travel Direction,Location
2014795777,20140010701,04/21/2014,04-April,2-Monday,19:20,1900 Hours,District 1 (Central),DES MOINES,POLK,,LALLY ST & S UNION ST,Collision with fixed object:  Mailbox,On Roadway,Non-collision (single vehicle),Equipment failure,None Indicated,,Daylight,Dry,Clear,None apparent,Non-intersection:  Non-junction/no special feature,Paved,,Property Damage Only,0,0,0,0,0,0,1800,1,1,,POINT (-93.616088615159 41.52727960989)
2014795738,CL14001175,04/21/2014,04-April,2-Monday,18:01,1800 Hours,District 6 (East Central),CLINTON,CLINTON,US 67,US 67/S 3RD ST/7TH AVE S,Collision with:  Vehicle in traffic,On Roadway,Broadside (front to side),Ran Traffic Signal,None Indicated,,Daylight,Dry,Clear,None apparent,Intersection:  Four-way intersection,Paved,,Minor Injury,0,1,0,1,0,0,9500,2,3,,POINT (-90.190706530021 41.839001232922)
2014796814,14-000632,04/21/2014,04-April,2-Monday,16:00,1600 Hours,District 1 (Central),AMES,STORY,,IOWA STATE UNIVERSITY,Collision with:  Vehicle in traffic,On Roadway,Head-on (front to front),Driver Distraction:  Inattentive/lost in thought,None Indicated,,Daylight,Dry,Clear,None apparent,Non-intersection:  Non-junction/no special feature,Paved,,Property Damage Only,0,0,0,0,0,0,1500,2,1,,POINT (-93.642897940002 42.035250784577)
2014796019,,04/21/2014,04-April,2-Monday,16:45,1600 Hours,District 5 (Southeast),,KEOKUK,,335TH ST,Collision with:  Vehicle in traffic,On Roadway,"Sideswipe, opposite direction",Crossed centerline (undivided),None Indicated,,Daylight,Dry,Clear,None apparent,Non-intersection:  Non-junction/no special feature,Unpaved,,Property Damage Only,0,0,0,0,0,0,8500,2,4,,POINT (-92.094590959241 41.168900910878)
2014795881,2014024548,04/21/2014,04-April,2-Monday,11:04,1100 Hours,District 1 (Central),,HAMILTON,I-35,I-35,Collision with fixed object:  Ditch,Median,Non-collision (single vehicle),Ran off road - left,None Indicated,,Daylight,Dry,Cloudy,None apparent,Non-intersection:  Non-junction/no special feature,Paved,,Property Damage Only,0,0,0,0,0,0,1500,1,1,,POINT (-93.567226183578 42.524028044667)
2014797778,S20140129,04/21/2014,04-April,2-Monday,18:45,1800 Hours,District 1 (Central),,POWESHIEK,IA 146,IA 146/IOWA 146,Collision with fixed object:  Ditch,On Roadway,Non-collision (single vehicle),Crossed centerline (undivided),None Indicated,,Daylight,Dry,Cloudy,None apparent,Non-intersection:  Non-junction/no special feature,Paved,,Minor Injury,0,1,0,1,0,0,12050,1,1,,POINT (-92.721200861114 41.590319281473)
2014795790,14-015361,04/21/2014,04-April,2-Monday,09:41,0900 Hours,District 4 (Southwest),COUNCIL BLUFFS,POTTAWATTAMIE,,9TH AVE,Collision with:  Vehicle in traffic,On Roadway,Rear-end (front to rear),Swerving/Evasive Action,None Indicated,,Daylight,Dry,Clear,None apparent,Non-intersection:  Non-junction/no special feature,Paved,,Property Damage Only,0,0,0,0,0,0,6000,2,2,,POINT (-95.871591677051 41.253474033337)
2014795911,14002275,04/21/2014,04-April,2-Monday,01:13,0100 Hours,District 2 (Northeast),,CERRO GORDO,,Co Rd B35/255TH ST,Collision with:  Animal,,,Animal,None Indicated,,,,,,,Paved,,Property Damage Only,0,0,0,0,0,0,3000,1,1,,POINT (-93.314318465335 43.133627335315)
2014796308,2014-24604,04/21/2014,04-April,2-Monday,11:21,1100 Hours,District 6 (East Central),DAVENPORT,SCOTT,US 6,US 6/W KIMBERLY RD & MARQUETTE ST,Collision with:  Vehicle in traffic,On Roadway,Broadside (front to side),Other (explain in narrative):  Other,None Indicated,,Daylight,Dry,Cloudy,None apparent,Intersection:  Four-way intersection,Paved,,Property Damage Only,0,0,0,0,0,0,6647,2,3,,POINT (-90.591048099902 41.560101088658)
2014795788,14-0431,04/21/2014,04-April,2-Monday,07:00,0700 Hours,District 1 (Central),PLEASANT HILL,POLK,,VANDALIA RD,Collision with:  Vehicle in traffic,On Roadway,Broadside (front to side),FTYROW:  From stop sign,None Indicated,,Daylight,Dry,Cloudy,None apparent,Intersection:  Other intersection (explain in narrative),Paved,,Property Damage Only,0,0,0,0,0,0,45000,2,2,,POINT (-93.519535857678 41.568874812033)
2014796053,C14001224,04/21/2014,04-April,2-Monday,16:21,1600 Hours,District 6 (East Central),CORALVILLE,JOHNSON,US 6,US 6/2ND ST,Collision with:  Vehicle in traffic,On Roadway,"Sideswipe, opposite direction",Crossed centerline (undivided),None Indicated,,Daylight,Wet,Rain,"Surface condition (e.g., wet, icy)",Non-intersection:  Non-junction/no special feature,Paved,,Property Damage Only,0,0,0,0,0,0,10000,2,3,,POINT (-91.632030436141 41.702166586529)
2014802285,2014004296,04/21/2014,04-April,2-Monday,09:57,0900 Hours,District 6 (East Central),IOWA CITY,JOHNSON,,BROWN ST & LUCAS ST,Collision with:  Vehicle in traffic,On Roadway,"Sideswipe, opposite direction",Unknown,None Indicated,,Daylight,Unknown,Unknown,Unknown,Intersection:  T-intersection,Paved,,Property Damage Only,0,0,0,0,0,0,1500,2,1,,POINT (-91.524188823438 41.670118813211)
2014795946,201401252,04/21/2014,04-April,2-Monday,01:44,0100 Hours,District 6 (East Central),,LINN,,Co Rd E16/CENTRAL CITY RD,Collision with:  Animal,,Non-collision (single vehicle),Animal,None Indicated,,,,,,,Paved,,Property Damage Only,0,0,0,0,0,0,1500,1,1,,POINT (-91.772814162947 42.197818180018)
2014795785,14-0853,04/21/2014,04-April,2-Monday,18:22,1800 Hours,District 1 (Central),URBANDALE,POLK,,DOUGLAS AVE,Collision with:  Vehicle in traffic,On Roadway,Head-on (front to front),FTYROW:  Making left turn,None Indicated,,Daylight,Dry,Clear,None apparent,Non-intersection:  Driveway access (within),Paved,,Property Damage Only,0,0,0,0,0,0,11000,2,2,,POINT (-93.72035226562 41.629347359223)
2014799132,2014024613,04/21/2014,04-April,2-Monday,15:29,1500 Hours,District 6 (East Central),CORALVILLE,JOHNSON,I-80,I-80,Collision with fixed object:  Concrete traffic barrier (median or right side),On Roadway,Non-collision (single vehicle),Swerving/Evasive Action,None Indicated,,Daylight,Wet,Rain,None apparent,Non-intersection:  Non-junction/no special feature,Paved,,Property Damage Only,0,0,0,0,0,0,4800,1,1,,POINT (-91.552468676252 41.685546965372)
2014796336,14038876,04/21/2014,04-April,2-Monday,20:39,2000 Hours,District 2 (Northeast),CEDAR FALLS,BLACK HAWK,US 218,US 218,Collision with:  Animal,,,Animal,None Indicated,,,,,,,Paved,,Property Damage Only,0,0,0,0,0,0,2500,1,1,,POINT (-92.426180787441 42.561954552326)
2014795602,14-1833,04/21/2014,04-April,2-Monday,08:00,0800 Hours,District 1 (Central),WEST DES MOINES,POLK,,E P TRUE PKWY & 50TH ST,Collision with:  Vehicle in traffic,On Roadway,"Angle, oncoming left turn",Made improper turn,None Indicated,,Daylight,Dry,Clear,None apparent,Intersection:  Four-way intersection,Paved,,Minor Injury,0,2,0,2,0,0,4000,2,2,,POINT (-93.770927519736 41.571661456644)
2014795571,20140010617,04/21/2014,04-April,2-Monday,08:00,0800 Hours,District 1 (Central),DES MOINES,POLK,,COLLEGE AVE,Collision with:  Other non-fixed object (explain in narrative),On Roadway,Non-collision (single vehicle),Lost Control,None Indicated,,Daylight,Dry,Cloudy,None apparent,Non-intersection:  Non-junction/no special feature,Paved,,Property Damage Only,0,0,0,0,0,0,4000,1,1,,POINT (-93.640747666871 41.607714977001)
2014796012,,04/21/2014,04-April,2-Monday,15:02,1500 Hours,District 5 (Southeast),LAMONI,DECATUR,US 69,US 69/E MAIN ST & 163RD AVE,Collision with:  Vehicle in traffic,On Roadway,"Angle, oncoming left turn",Made improper turn,None Indicated,,Daylight,Dry,Clear,None apparent,Intersection:  Four-way intersection,Paved,,Major Injury,0,2,2,0,0,0,20000,2,3,,POINT (-93.895959233193 40.623642865048)
2014796422,TC24-14,04/21/2014,04-April,2-Monday,16:50,1600 Hours,District 4 (Southwest),MISSOURI VALLEY,HARRISON,,GROVE ST & LONGVIEW RD,Collision with:  Vehicle in traffic,On Roadway,Broadside (front to side),FTYROW:  From driveway,None Indicated,,Daylight,Dry,Clear,None apparent,Non-intersection:  Driveway access (within),Paved,,Property Damage Only,0,0,0,0,0,0,7500,2,3,,POINT (-95.884319880194 41.566290512242)
2014795757,14-2619,04/21/2014,04-April,2-Monday,13:05,1300 Hours,District 1 (Central),,POLK,,NE 70TH AVE,Non-collision events:  Overturn/rollover,Shoulder,Non-collision (single vehicle),Ran Stop Sign,None Indicated,,Daylight,Dry,Cloudy,None apparent,Intersection:  Four-way intersection,Paved,,Property Damage Only,0,0,0,0,0,0,6200,1,1,,POINT (-93.348579925708 41.688379599685)
2014796307,2014-24519,04/21/2014,04-April,2-Monday,02:56,0200 Hours,District 6 (East Central),DAVENPORT,SCOTT,,S CONCORD ST,Non-collision events:  Other non-collision (explain in narrative),Shoulder,Non-collision (single vehicle),Ran off road - right,Alcohol (Statutory),,Dark - roadway lighted,Dry,Clear,None apparent,Non-intersection:  Non-junction/no special feature,Paved,,Property Damage Only,0,0,0,0,0,0,2500,1,1,,POINT (-90.62447821125 41.50578555749)
2014796709,2014024666,04/21/2014,04-April,2-Monday,22:10,2200 Hours,District 3 (Northwest),,CRAWFORD,US 30,US 30,Collision with:  Animal,,,Animal,None Indicated,,,,,,,Paved,,Property Damage Only,0,0,0,0,0,0,3500,1,1,,POINT (-95.229004015154 42.039322996732)
2014795519,14007944,04/21/2014,04-April,2-Monday,10:06,1000 Hours,District 6 (East Central),MARION,LINN,,3RD AVE & 15TH ST,Collision with:  Vehicle in traffic,On Roadway,Rear-end (front to rear),Other (explain in narrative):  Other,None Indicated,,Daylight,Wet,Clear,None apparent,Intersection:  T-intersection,Paved,,Property Damage Only,0,0,0,0,0,0,1600,2,2,,POINT (-91.593980865646 42.029825912485)
2014795770,20140010680,04/21/2014,04-April,2-Monday,17:20,1700 Hours,District 1 (Central),DES MOINES,POLK,,E HULL AVE & DELAWARE AVE,Collision with:  Vehicle in traffic,On Roadway,Rear-end (front to rear),Followed too close,None Indicated,,Daylight,Dry,Clear,None apparent,Intersection:  Four-way intersection,Paved,,Minor Injury,0,1,0,1,0,0,10000,2,3,,POINT (-93.581316727596 41.6223163044)
2014795795,14-015430,04/21/2014,04-April,2-Monday,17:35,1700 Hours,District 4 (Southwest),COUNCIL BLUFFS,POTTAWATTAMIE,,S 24TH ST,Collision with:  Vehicle in traffic,On Roadway,Rear-end (front to rear),Followed too close,None Indicated,,Daylight,Dry,Clear,None apparent,Non-intersection:  Other non-intersection (explain in narrative),Paved,,Property Damage Only,0,0,0,0,0,0,3500,4,4,,POINT (-95.879193755124 41.228210332579)
2014798059,14-002901,04/21/2014,04-April,2-Monday,05:00,0500 Hours,District 2 (Northeast),MARQUETTE,CLAYTON,US 18,US 18,Non-collision events:  Other non-collision (explain in narrative),On Roadway,Non-collision (single vehicle),Equipment failure,None Indicated,,Dark - roadway lighted,Dry,"Fog, smoke, smog",None apparent,Non-intersection:  Non-junction/no special feature,Paved,,Property Damage Only,0,0,0,0,0,0,1750,1,1,,POINT (-91.191958425832 43.044835552575)
2014801852,,04/21/2014,04-April,2-Monday,11:30,1100 Hours,District 5 (Southeast),,MUSCATINE,US 61,US 61 & IA 22/IOWA 22,Collision with:  Vehicle in traffic,On Roadway,Head-on (front to front),Unknown,None Indicated,,Daylight,Dry,Cloudy,None apparent,Intersection:  Four-way intersection,Paved,,Minor Injury,0,2,0,1,1,0,17000,2,3,,POINT (-91.091916082477 41.436152721549)
2014795859,14-12037,04/21/2014,04-April,2-Monday,16:01,1600 Hours,District 3 (Northwest),SIOUX CITY,WOODBURY,IA 12,IA 12/SE RAMP,Collision with:  Vehicle in traffic,On Roadway,Rear-end (front to rear),Followed too close,None Indicated,,Daylight,Dry,Clear,None apparent,Interchange-related:  On-ramp merge area,Paved,,Property Damage Only,0,0,0,0,0,0,3000,2,4,,POINT (-96.378639383412 42.489838373349)
2014795439,1404218021,04/21/2014,04-April,2-Monday,01:05,0100 Hours,District 6 (East Central),,CLINTON,US 67,US 67 & 150 ST,Collision with:  Animal,,,Animal,None Indicated,,,,,,,Paved,,Property Damage Only,0,0,0,0,0,0,3500,1,1,,POINT (-90.198503279438 41.958210452327)
2014795845,2014-0120,04/21/2014,04-April,2-Monday,17:22,1700 Hours,District 1 (Central),DES MOINES,POLK,IA 5,IA 5/SE RAMP/SW RAMP & IA 28/IOWA 28,Collision with:  Vehicle in traffic,On Roadway,Rear-end (front to rear),Swerving/Evasive Action,None Indicated,,Daylight,Dry,Clear,None apparent,Interchange-related:  Off-ramp,Paved,,Property Damage Only,0,0,0,0,0,0,6000,2,2,,POINT (-93.679930959091 41.512697265816)
2014796309,2014-24742,04/21/2014,04-April,2-Monday,21:23,2100 Hours,District 6 (East Central),DAVENPORT,SCOTT,,IA 461/WELCOME WAY & W 50TH ST & E 50TH ST,Collision with:  Vehicle in traffic,On Roadway,"Angle, oncoming left turn",Made improper turn,None Indicated,,Dark - roadway lighted,Dry,Clear,None apparent,Non-intersection:  Non-junction/no special feature,Paved,,Property Damage Only,0,0,0,0,0,0,4000,2,4,,POINT (-90.571601701907 41.570895732133)
2014795726,W14-038827,04/21/2014,04-April,2-Monday,18:14,1800 Hours,District 2 (Northeast),WATERLOO,BLACK HAWK,,W 6TH ST,Collision with:  Vehicle in traffic,On Roadway,Head-on (front to front),Other (explain in narrative):  Other,None Indicated,,Daylight,Dry,Clear,None apparent,Non-intersection:  Non-junction/no special feature,Paved,,Possible/Unknown,0,1,0,0,1,0,5000,2,2,,POINT (-92.347242376343 42.476211118496)
2014899593,NT-14-056,04/21/2014,04-April,2-Monday,12:15,1200 Hours,District 1 (Central),NEVADA,STORY,,,Collision with:  Parked motor vehicle,On Roadway,Non-collision (single vehicle),Improper Backing,None Indicated,,Daylight,Dry,Clear,None apparent,Non-intersection:  Non-junction/no special feature,,,Property Damage Only,0,0,0,0,0,0,3600,2,1,,POINT (-93.456119778722 42.0047299655)
2014795769,20140010673,04/21/2014,04-April,2-Monday,15:43,1500 Hours,District 1 (Central),DES MOINES,POLK,IA 415,IA 415/2ND AVE,Collision with:  Vehicle in traffic,On Roadway,Rear-end (front to rear),Driving too fast for conditions,None Indicated,,Daylight,Dry,Clear,None apparent,Non-intersection:  Non-junction/no special feature,Paved,,Possible/Unknown,0,2,0,0,2,0,8600,3,4,,POINT (-93.619907616391 41.628401699591)
2014795772,20140010684,04/21/2014,04-April,2-Monday,18:08,1800 Hours,District 1 (Central),DES MOINES,POLK,US 69,US 69/SE 14TH ST,Collision with:  Vehicle in traffic,On Roadway,Rear-end (front to rear),Followed too close,None Indicated,,Daylight,Dry,Clear,None apparent,Non-intersection:  Other non-intersection (explain in narrative),Paved,,Property Damage Only,0,0,0,0,0,0,6000,2,2,,POINT (-93.596796593724 41.527930792221)
2014795930,2014004308,04/21/2014,04-April,2-Monday,14:03,1400 Hours,District 6 (East Central),IOWA CITY,JOHNSON,,BOWERY ST & SUMMIT ST,Collision with:  Vehicle in traffic,On Roadway,Broadside (front to side),Ran Stop Sign,None Indicated,,Daylight,Dry,Cloudy,None apparent,Intersection:  Four-way intersection,Paved,,Possible/Unknown,0,1,0,0,1,0,4000,2,2,,POINT (-91.521168327116 41.654083825067)
2014796688,2014024655,04/21/2014,04-April,2-Monday,20:45,2000 Hours,District 5 (Southeast),,WARREN,I-35,I-35,Collision with:  Animal,,,Animal,None Indicated,,,,,,,Paved,,Property Damage Only,0,0,0,0,0,0,2000,1,1,,POINT (-93.779658453448 41.450733172536)
2014795750,1400000338,04/21/2014,04-April,2-Monday,17:30,1700 Hours,District 1 (Central),,MARSHALL,,233RD ST,Collision with fixed object:  Ditch,On Roadway,Non-collision (single vehicle),Ran off road - right,None Indicated,,Daylight,"Mud, dirt",Cloudy,None apparent,Non-intersection:  Non-junction/no special feature,Unpaved,,Property Damage Only,0,0,0,0,0,0,3000,1,4,,POINT (-92.961602620943 42.019671089834)
2014796063,201405532,04/21/2014,04-April,2-Monday,13:14,1300 Hours,District 6 (East Central),CEDAR RAPIDS,LINN,IA 922,IA 922/WILLIAMS BLVD & EDGEWOOD RD SW,Collision with:  Vehicle in traffic,On Roadway,Broadside (front to side),Ran Traffic Signal,None Indicated,,Daylight,Dry,Cloudy,None apparent,Intersection:  Four-way intersection,Paved,,Property Damage Only,0,0,0,0,0,0,6000,2,3,,POINT (-91.716434333635 41.957813356326)
2014795725,W14-038808,04/21/2014,04-April,2-Monday,17:19,1700 Hours,District 2 (Northeast),WATERLOO,BLACK HAWK,US 218,US 218/WASHINGTON ST & MEMORY LN,Collision with:  Vehicle in traffic,On Roadway,Rear-end (front to rear),Other (explain in narrative):  Other,None Indicated,,Daylight,Dry,Cloudy,None apparent,Intersection:  T-intersection,Paved,,Property Damage Only,0,0,0,0,0,0,3000,2,3,,POINT (-92.287001034286 42.431939474504)
2014795966,20140010666,04/21/2014,04-April,2-Monday,16:16,1600 Hours,District 1 (Central),DES MOINES,POLK,US 69,US 69/SE 14TH ST & MAURY ST,Collision with:  Vehicle in traffic,On Roadway,Rear-end (front to rear),Followed too close,None Indicated,,Daylight,Dry,Clear,None apparent,Non-intersection:  Non-junction/no special feature,Paved,,Property Damage Only,0,0,0,0,0,0,4000,2,3,,POINT (-93.596867424874 41.581253693225)
2014797903,2014-24706,04/21/2014,04-April,2-Monday,17:55,1700 Hours,District 6 (East Central),DAVENPORT,SCOTT,,W 36TH ST & N DIVISION ST,Collision with:  Vehicle in traffic,On Roadway,"Sideswipe, same direction",Swerving/Evasive Action,None Indicated,,Daylight,Wet,Clear,None apparent,Non-intersection:  Non-junction/no special feature,Paved,,Property Damage Only,0,0,0,0,0,0,3500,2,3,,POINT (-90.600706957549 41.556376358363)
2014796817,2014-08222,04/21/2014,04-April,2-Monday,14:15,1400 Hours,District 5 (Southeast),INDIANOLA,WARREN,US 65,US 65/N JEFFERSON WAY & E DETROIT AVE,Collision with:  Vehicle in traffic,On Roadway,"Sideswipe, same direction",Improper or erratic lane changing,None Indicated,,Daylight,Dry,Clear,None apparent,Non-intersection:  Non-junction/no special feature,Paved,,Property Damage Only,0,0,0,0,0,0,10000,2,2,,POINT (-93.558342733089 41.364403876049)
2014796441,2014004299,04/21/2014,04-April,2-Monday,10:22,1000 Hours,District 6 (East Central),IOWA CITY,JOHNSON,IA 1,IA 1/DODGE ST & E JEFFERSON ST,Collision with:  Vehicle in traffic,On Roadway,Broadside (front to side),Ran Traffic Signal,None Indicated,,Daylight,Wet,Clear,None apparent,Intersection:  Four-way intersection,Paved,,Possible/Unknown,0,2,0,0,2,0,4500,2,2,,POINT (-91.525746133921 41.662410932748)
2014797114,C14001220,04/21/2014,04-April,2-Monday,06:56,0600 Hours,District 6 (East Central),CORALVILLE,JOHNSON,US 6,US 6/2ND ST,Collision with:  Vehicle in traffic,On Roadway,Rear-end (front to rear),Followed too close,None Indicated,,Daylight,Wet,Rain,None apparent,Non-intersection:  Non-junction/no special feature,Paved,,Property Damage Only,0,0,0,0,0,0,1600,2,2,,POINT (-91.561966536779 41.667481406765)
2014795774,20140010691,04/21/2014,04-April,2-Monday,18:40,1800 Hours,District 1 (Central),DES MOINES,POLK,,WATROUS AVE & SW 14TH ST,Collision with:  Vehicle in traffic,On Roadway,Broadside (front to side),FTYROW:  From stop sign,None Indicated,,Daylight,Dry,Cloudy,None apparent,Intersection:  Four-way intersection,Paved,,Property Damage Only,0,0,0,0,0,0,4000,2,3,,POINT (-93.635411707546 41.548215581972)
2014795959,SO14000929,04/21/2014,04-April,2-Monday,07:40,0700 Hours,District 3 (Northwest),,PLYMOUTH,,Co Rd C38/C38,Non-collision events:  Overturn/rollover,On Roadway,Non-collision (single vehicle),Ran off road - left,None Indicated,,Daylight,Dry,Clear,None apparent,Non-intersection:  Non-junction/no special feature,Paved,,Property Damage Only,0,0,0,0,0,0,3500,1,1,,POINT (-96.264654170876 42.749862680517)
2014795771,20140010681,04/21/2014,04-April,2-Monday,16:52,1600 Hours,District 1 (Central),DES MOINES,POLK,I-235,I-235,Collision with:  Vehicle in traffic,On Roadway,Rear-end (front to rear),Followed too close,None Indicated,,Daylight,Dry,Clear,None apparent,Non-intersection:  Non-junction/no special feature,Paved,,Property Damage Only,0,0,0,0,0,0,3300,2,5,,POINT (-93.677755508024 41.591289754389)
2014796205,14006168,04/21/2014,04-April,2-Monday,17:08,1700 Hours,District 2 (Northeast),MASON CITY,CERRO GORDO,IA 122,IA 122/4TH ST SW & FRONTAGE RD N,Collision with:  Vehicle in traffic,On Roadway,Broadside (front to side),Other (explain in narrative):  Other,None Indicated,,Daylight,Dry,Clear,None apparent,Non-intersection:  Non-junction/no special feature,Paved,,Possible/Unknown,0,1,0,0,1,0,3000,2,2,,POINT (-93.255607879607 43.148316400854)
2014796048,14-3339,04/21/2014,04-April,2-Monday,07:41,0700 Hours,District 3 (Northwest),IDA GROVE,IDA,US 59,US 59 & INDIAN AVE,Collision with:  Vehicle in traffic,On Roadway,Rear-end (front to rear),Other (explain in narrative):  Other,None Indicated,,Daylight,Wet,Clear,None apparent,Non-intersection:  Driveway access (within),Paved,,Minor Injury,0,1,0,1,0,0,10500,2,3,,POINT (-95.490168544813 42.349981774278)
2014795758,14-2620,04/21/2014,04-April,2-Monday,13:24,1300 Hours,District 1 (Central),DES MOINES,POLK,IA 415,IA 415/2ND AVE & NW AURORA AVE,Collision with:  Vehicle in traffic,On Roadway,Broadside (front to side),FTYROW:  From driveway,None Indicated,,Daylight,Dry,Clear,None apparent,Non-intersection:  Driveway access (within),Paved,,Property Damage Only,0,0,0,0,0,0,1500,2,5,,POINT (-93.619939594192 41.636751184728)
2014796802,2014-24665,04/21/2014,04-April,2-Monday,15:31,1500 Hours,District 6 (East Central),DAVENPORT,SCOTT,,W 4TH ST & N DIVISION ST,Collision with:  Vehicle in traffic,On Roadway,Broadside (front to side),Ran Traffic Signal,None Indicated,,Daylight,Wet,Rain,"Surface condition (e.g., wet, icy)",Intersection:  Four-way intersection,Paved,,Property Damage Only,0,0,0,0,0,0,14000,2,3,,POINT (-90.601193965728 41.523432008422)
2014796999,14-0850,04/21/2014,04-April,2-Monday,15:00,1500 Hours,District 1 (Central),URBANDALE,POLK,IA 141,IA 141/IOWA 141,Collision with:  Vehicle in traffic,On Roadway,Rear-end (front to rear),Other (explain in narrative):  Other,None Indicated,,Daylight,Dry,Cloudy,None apparent,Non-intersection:  Non-junction/no special feature,Paved,,Minor Injury,0,1,0,1,0,0,200,2,3,,POINT (-93.772687777406 41.64785041197)
2014796327,,04/21/2014,04-April,2-Monday,06:00,0600 Hours,District 5 (Southeast),MOUNT PLEASANT,HENRY,,IOWA AVE,Collision with:  Animal,On Roadway,Non-collision (single vehicle),Animal,None Indicated,,Daylight,Dry,Clear,,Non-intersection:  Non-junction/no special feature,Paved,,Property Damage Only,0,0,0,0,0,0,3757,1,1,,POINT (-91.554497554559 40.926376093685)
2014795947,201401253,04/21/2014,04-April,2-Monday,02:10,0200 Hours,District 6 (East Central),,LINN,I-380,I-380,Collision with:  Animal,,Non-collision (single vehicle),Animal,None Indicated,,,,,,,Paved,,Property Damage Only,0,0,0,0,0,0,5500,1,1,,POINT (-91.706353407065 42.108187697919)
2014795791,14-015363,04/21/2014,04-April,2-Monday,10:34,1000 Hours,District 4 (Southwest),COUNCIL BLUFFS,POTTAWATTAMIE,,5TH AVE & S 13TH ST,Collision with fixed object:  Other fixed object (explain in narrative),Outside trafficway,Non-collision (single vehicle),Other (explain in narrative):  Other,None Indicated,,Daylight,"Mud, dirt",Cloudy,None apparent,Non-intersection:  Non-junction/no special feature,Paved,,Minor Injury,0,1,0,1,0,0,0,1,1,,POINT (-95.863228503196 41.257086885483)
2014795775,20140010692,04/21/2014,04-April,2-Monday,18:40,1800 Hours,District 1 (Central),DES MOINES,POLK,I-235,I-235,Collision with:  Vehicle in traffic,On Roadway,"Sideswipe, same direction",Lost Control,None Indicated,,Daylight,Dry,Clear,None apparent,Non-intersection:  Non-junction/no special feature,Paved,,Property Damage Only,0,0,0,0,0,0,3537,2,4,,POINT (-93.66145700821 41.593150099264)
2014798830,14-000630,04/21/2014,04-April,2-Monday,11:04,1100 Hours,District 1 (Central),AMES,STORY,,WALLACE RD & BEACH AVE,Collision with:  Vehicle in traffic,On Roadway,Rear-end (front to rear),Driving too fast for conditions,None Indicated,,Daylight,Dry,Cloudy,None apparent,Intersection:  T-intersection,Paved,,Property Damage Only,0,0,0,0,0,0,1910,2,12,,POINT (-93.641512899463 42.027269717112)
2014796178,,04/21/2014,04-April,2-Monday,08:55,0800 Hours,District 6 (East Central),CEDAR RAPIDS,LINN,IA 922,IA 922/1ST AVE E & 35TH ST NE & 35TH ST DR SE,Collision with:  Vehicle in traffic,On Roadway,Rear-end (front to rear),Unknown,None Indicated,,Daylight,Wet,Rain,,Intersection:  Four-way intersection,Paved,,Property Damage Only,0,0,0,0,0,0,3900,2,3,,POINT (-91.635029241653 42.013425548352)
2014795764,20140010686,04/21/2014,04-April,2-Monday,17:34,1700 Hours,District 1 (Central),DES MOINES,POLK,,E VIRGINIA AVE,Collision with:  Vehicle in traffic,On Roadway,"Angle, oncoming left turn",FTYROW:  Other (explain in narrative),None Indicated,,Daylight,Dry,Clear,None apparent,Non-intersection:  Non-junction/no special feature,Paved,,Minor Injury,0,1,0,1,0,0,3200,2,4,,POINT (-93.594252637648 41.557740206377)
2014797533,AC-14-0023,04/21/2014,04-April,2-Monday,14:00,1400 Hours,District 6 (East Central),MONTICELLO,JONES,US 151,US 151,Collision with fixed object:  Bridge overhead structure,On Roadway,Non-collision (single vehicle),Ran off road - right,None Indicated,,Daylight,Wet,Rain,None apparent,Non-intersection:  Other non-intersection (explain in narrative),Paved,,Minor Injury,0,1,0,1,0,0,7000,1,1,,POINT (-91.163401468714 42.247261926251)
2014795912,14-2161,04/21/2014,04-April,2-Monday,21:00,2100 Hours,District 3 (Northwest),CHEROKEE,CHEROKEE,,LINN ST,Collision with:  Vehicle in traffic,On Roadway,Broadside (front to side),Unknown,None Indicated,,Dark - roadway not lighted,Dry,Clear,None apparent,Non-intersection:  Non-junction/no special feature,Paved,,Property Damage Only,0,0,0,0,0,0,2400,2,1,,POINT (-95.550013030963 42.753738625143)
2014795730,042114-134,04/21/2014,04-April,2-Monday,15:59,1500 Hours,District 3 (Northwest),,BUENA VISTA,IA 110,IA 110/60TH AVE/DEAN AVE & 160TH ST,Collision with:  Vehicle in traffic,On Roadway,Rear-end (front to rear),Driving too fast for conditions,None Indicated,,Daylight,Dry,Clear,Work Zone (roadway-related),Intersection:  Four-way intersection,Paved,Yes,Minor Injury,0,1,0,1,0,0,15000,2,2,,POINT (-95.289288355611 42.560788471419)
2014795723,W14-038711,04/21/2014,04-April,2-Monday,10:10,1000 Hours,District 2 (Northeast),WATERLOO,BLACK HAWK,,SYCAMORE ST & E 5TH ST,Collision with:  Vehicle in traffic,On Roadway,Broadside (front to side),Ran Traffic Signal,None Indicated,,Daylight,Wet,Clear,None apparent,Intersection:  Four-way intersection,Paved,,Property Damage Only,0,0,0,0,0,0,7000,2,2,,POINT (-92.334923608441 42.497547192541)
2014797036,1-14-000152,04/21/2014,04-April,2-Monday,15:30,1500 Hours,District 4 (Southwest),,SHELBY,,Co Rd F16/LINDEN RD,Collision with:  Vehicle in traffic,On Roadway,"Sideswipe, same direction",FTYROW:  From driveway,None Indicated,,Daylight,"Mud, dirt",Clear,None apparent,Non-intersection:  Driveway access (within),Unpaved,,Property Damage Only,0,0,0,0,0,0,2200,2,4,,POINT (-95.324974033354 41.859397569862)