Iowa DOT Case Number,Law Enforcement Case Number,Date of Crash,Month of Crash,Day of Week,Time of Crash,Hour,DOT District,City Name,County Name,Route with System,Location Description,First Harmful Event,Location of First Harmful Event,Manner of Crash/Collision,Major Cause,Drug or Alcohol ,Environmental Conditions,Light Conditions,Surface Conditions,Weather Conditions,Roadway Contribution,Roadway Type,Roadway Surface,Work Zone,Crash Severity,Number of Fatalities,Number of Injuries,Number of Major Injuries,Number of Minor Injuries,Number of Possible Injuries,Number of Unknown Injuries,Amount of Property Damage,Number of Vehicles Involved,Total Number of Occupants,Travel Direction,Location
2014796101,14-0878,04/23/2014,04-April,4-Wednesday,16:51,1600 Hours,District 1 (Central),URBANDALE,POLK,US 6,US 6/HICKMAN RD,Collision with:  Vehicle in traffic,On Roadway,Rear-end (front to rear),Other (explain in narrative):  Other,None Indicated,,Daylight,Wet,Rain,None apparent,Non-intersection:  Non-junction/no special feature,Paved,,Property Damage Only,0,0,0,0,0,0,1500,2,2,,POINT (-93.776050908874 41.614879602366)
2014797307,01-14-16937,04/23/2014,04-April,4-Wednesday,10:25,1000 Hours,District 6 (East Central),DUBUQUE,DUBUQUE,,FREMONT AVE,Collision with fixed object:  Traffic sign support,Outside trafficway,Non-collision (single vehicle),Ran off road - right,None Indicated,,Daylight,Dry,Cloudy,None apparent,Non-intersection:  Non-junction/no special feature,Paved,,Property Damage Only,0,0,0,0,0,0,10100,1,1,,POINT (-90.689612312169 42.489160679062)
2014801841,,04/23/2014,04-April,4-Wednesday,11:08,1100 Hours,District 5 (Southeast),,MUSCATINE,,Co Rd Y26/VAIL AVE,Collision with:  Vehicle in traffic,On Roadway,Rear-end (front to rear),Unknown,None Indicated,,Daylight,Dry,Clear,None apparent,Non-intersection:  Non-junction/no special feature,Paved,,Property Damage Only,0,0,0,0,0,0,15000,2,2,,POINT (-90.900694258578 41.516952995019)
2014796212,2014-1667,04/23/2014,04-April,4-Wednesday,06:40,0600 Hours,District 4 (Southwest),WAUKEE,DALLAS,US 6,US 6/HICKMAN AVE,Collision with fixed object:  Other fixed object (explain in narrative),On Roadway,Non-collision (single vehicle),Other (explain in narrative):  Other,None Indicated,,Daylight,Dry,Cloudy,None apparent,Non-intersection:  Non-junction/no special feature,Paved,,Property Damage Only,0,0,0,0,0,0,2500,1,1,,POINT (-93.891335674494 41.61495323974)
2014795961,14-2669,04/23/2014,04-April,4-Wednesday,09:29,0900 Hours,District 1 (Central),,POLK,,Co Rd F70/SE 56TH AVE & SE 104TH ST,Collision with fixed object:  Ditch,Shoulder,Non-collision (single vehicle),Ran off road - right,None Indicated,,Daylight,Dry,Cloudy,None apparent,Intersection:  Four-way intersection,Paved,,Minor Injury,0,2,0,2,0,0,1500,1,2,,POINT (-93.386860079903 41.529071836018)
2014796356,14003450,04/23/2014,04-April,4-Wednesday,20:12,2000 Hours,District 6 (East Central),,BUCHANAN,IA 150,IA 150/JAMESTOWN AVE,Collision with:  Animal,,,Animal,None Indicated,,,,,,,Paved,,Property Damage Only,0,0,0,0,0,0,3500,1,1,,POINT (-91.889276185996 42.361888721246)
2014796113,14-7437,04/23/2014,04-April,4-Wednesday,13:51,1300 Hours,District 6 (East Central),BETTENDORF,SCOTT,,UTICA RIDGE RD,Collision with:  Vehicle in traffic,On Roadway,"Angle, oncoming left turn",FTYROW:  Making left turn,None Indicated,,Daylight,Dry,Cloudy,Work Zone (roadway-related),Intersection:  Four-way intersection,Paved,Yes,Minor Injury,0,1,0,1,0,0,2400,2,2,,POINT (-90.517726962163 41.554965209036)
2014796692,2014024970,04/23/2014,04-April,4-Wednesday,10:05,1000 Hours,District 6 (East Central),,IOWA,US 151,US 151/42ND AVE,Collision with:  Vehicle in traffic,On Roadway,"Sideswipe, opposite direction",Traveling wrong way or on wrong side of road,None Indicated,,Daylight,Dry,Cloudy,Work Zone (roadway-related),Non-intersection:  Non-junction/no special feature,Paved,Yes,Property Damage Only,0,0,0,0,0,0,3000,2,3,,POINT (-91.86506262936 41.781758359277)
2014796087,14-0459,04/23/2014,04-April,4-Wednesday,17:33,1700 Hours,District 1 (Central),CLIVE,POLK,US 6,US 6/HICKMAN RD,Collision with:  Vehicle in traffic,On Roadway,Rear-end (front to rear),Driving too fast for conditions,None Indicated,,Daylight,Wet,Rain,None apparent,Non-intersection:  Non-junction/no special feature,Paved,,Possible/Unknown,0,1,0,0,1,0,6000,2,2,,POINT (-93.739827212972 41.614866233424)
2014796176,14-002329,04/23/2014,04-April,4-Wednesday,15:15,1500 Hours,District 2 (Northeast),ALGONA,KOSSUTH,,S DODGE ST & E MC GREGOR ST,Collision with:  Vehicle in traffic,On Roadway,Broadside (front to side),FTYROW:  From stop sign,None Indicated,,Daylight,Dry,Cloudy,None apparent,Intersection:  Four-way intersection,Paved,,Property Damage Only,0,0,0,0,0,0,3500,2,2,,POINT (-94.236706071457 43.066890170044)
2014796064,201405606,04/23/2014,04-April,4-Wednesday,12:16,1200 Hours,District 6 (East Central),CEDAR RAPIDS,LINN,I-380,I-380 & E AVE & 1ST ST NE & A AVE NE,Collision with:  Vehicle in traffic,On Roadway,Broadside (front to side),Ran Traffic Signal,None Indicated,,Daylight,Dry,Cloudy,None apparent,Intersection:  Intersection with ramp,Paved,,Minor Injury,0,1,0,1,0,0,10000,2,3,,POINT (-91.671197407455 41.979292390269)
2014796695,2014025123,04/23/2014,04-April,4-Wednesday,19:35,1900 Hours,District 1 (Central),HUXLEY,STORY,I-35,I-35,Collision with:  Animal,,Non-collision (single vehicle),Animal,None Indicated,,,,,,,Paved,,Property Damage Only,0,0,0,0,0,0,2500,1,1,,POINT (-93.570903156246 41.903899953789)
2014796340,W14-039471,04/23/2014,04-April,4-Wednesday,16:50,1600 Hours,District 2 (Northeast),WATERLOO,BLACK HAWK,,W DONALD ST & LONGFELLOW AVE,Collision with:  Vehicle in traffic,On Roadway,"Sideswipe, same direction",Ran Stop Sign,None Indicated,,Daylight,Wet,Rain,None apparent,Intersection:  T-intersection,Paved,,Property Damage Only,0,0,0,0,0,0,6000,2,2,,POINT (-92.362196037742 42.527511447503)
2014796099,20140010936,04/23/2014,04-April,4-Wednesday,21:00,2100 Hours,District 1 (Central),DES MOINES,POLK,,12TH ST,Collision with fixed object:  Utility pole/light support,Outside trafficway,Non-collision (single vehicle),"Operating vehicle in an reckless, erratic, careless, negligent manner",None Indicated,,Dark - roadway lighted,Wet,Rain,None apparent,Non-intersection:  Non-junction/no special feature,Paved,,Property Damage Only,0,0,0,0,0,0,1500,1,1,,POINT (-93.633023418683 41.609406089852)
2014796455,14000964,04/23/2014,04-April,4-Wednesday,20:13,2000 Hours,District 6 (East Central),IOWA CITY,JOHNSON,,UNIVERSITY OF IOWA,Collision with:  Vehicle in traffic,Outside trafficway,Broadside (front to side),Driving too fast for conditions,None Indicated,,Dark - roadway lighted,Wet,Rain,None apparent,Intersection:  Other intersection (explain in narrative),Paved,,Property Damage Only,0,0,0,0,0,0,11000,2,3,,POINT (-91.583092697173 41.662681974101)
2014796081,14-2684,04/23/2014,04-April,4-Wednesday,17:05,1700 Hours,District 1 (Central),,POLK,IA 17,IA 17 & NW 146TH AVE,Collision with:  Vehicle in traffic,On Roadway,"Sideswipe, same direction",Followed too close,None Indicated,,Daylight,Wet,Rain,None apparent,Intersection:  Four-way intersection,Paved,,Property Damage Only,0,0,0,0,0,0,4500,2,3,,POINT (-93.815282164775 41.827533558657)
2014796191,W14-039389,04/23/2014,04-April,4-Wednesday,12:38,1200 Hours,District 2 (Northeast),WATERLOO,BLACK HAWK,,RUTH ST & HALLOWELL RD,Collision with:  Vehicle in traffic,On Roadway,Broadside (front to side),Improper Backing,None Indicated,,Daylight,Wet,Rain,None apparent,Non-intersection:  Non-junction/no special feature,Paved,,Property Damage Only,0,0,0,0,0,0,2250,2,2,,POINT (-92.301267482292 42.50030084722)
2014795981,20140010849,04/23/2014,04-April,4-Wednesday,00:04,0000 Hours,District 1 (Central),DES MOINES,POLK,,FRAZIER AVE,Collision with fixed object:  Utility pole/light support,Roadside,Non-collision (single vehicle),Over correcting/over steering,None Indicated,,Dark - roadway lighted,Dry,Clear,None apparent,Non-intersection:  Driveway access (within),Paved,,Property Damage Only,0,0,0,0,0,0,1525,1,2,,POINT (-93.63688172341 41.536732124979)
2014796037,1404238091,04/23/2014,04-April,4-Wednesday,10:25,1000 Hours,District 6 (East Central),LOW MOOR,CLINTON,,3RD ST,Collision with:  Vehicle in traffic,On Roadway,Rear-end (front to rear),Driver Distraction:  Reaching for object(s)/fallen object(s),None Indicated,,Daylight,Dry,Cloudy,None apparent,Non-intersection:  Railroad grade crossing,Paved,,Property Damage Only,0,0,0,0,0,0,6000,2,2,,POINT (-90.354906309163 41.802871738005)
2014796633,14-001994,04/23/2014,04-April,4-Wednesday,16:57,1600 Hours,District 1 (Central),AMES,STORY,,LINCOLN WAY,Collision with:  Vehicle in traffic,On Roadway,Rear-end (front to rear),Followed too close,None Indicated,,Daylight,Wet,Rain,None apparent,Non-intersection:  Non-junction/no special feature,Paved,,Property Damage Only,0,0,0,0,0,0,1500,2,4,,POINT (-93.649415767314 42.022785037723)
2014796365,14006310,04/23/2014,04-April,4-Wednesday,18:37,1800 Hours,District 2 (Northeast),MASON CITY,CERRO GORDO,IA 122,IA 122/6TH ST SW & S PRESIDENT AVE,Collision with:  Vehicle in traffic,On Roadway,"Sideswipe, same direction",Crossed centerline (undivided),None Indicated,,Daylight,Dry,Clear,None apparent,Non-intersection:  Non-junction/no special feature,Paved,,Property Damage Only,0,0,0,0,0,0,1500,2,2,,POINT (-93.203517740461 43.146250741063)
2014796221,14058358,04/23/2014,04-April,4-Wednesday,19:23,1900 Hours,District 6 (East Central),NORTH LIBERTY,JOHNSON,,PENN ST,Collision with:  Vehicle in traffic,On Roadway,Rear-end (front to rear),Followed too close,None Indicated,,Dusk,Wet,Rain,"Surface condition (e.g., wet, icy)",Non-intersection:  Non-junction/no special feature,Unpaved,,Property Damage Only,0,0,0,0,0,0,5500,2,3,,POINT (-91.606035627331 41.752166080034)
2014796102,14-1876,04/23/2014,04-April,4-Wednesday,16:28,1600 Hours,District 1 (Central),WEST DES MOINES,POLK,,MILLS CIVIC PKWY,Collision with:  Vehicle in traffic,On Roadway,Rear-end (front to rear),Other (explain in narrative):  Other,None Indicated,,Daylight,Wet,Rain,None apparent,Intersection:  Four-way intersection,Paved,,Property Damage Only,0,0,0,0,0,0,3600,3,5,,POINT (-93.780743726222 41.559102162182)
2014796036,14005797,04/23/2014,04-April,4-Wednesday,16:25,1600 Hours,District 6 (East Central),,CEDAR,,Co Rd X40/GARFIELD AVE & 330TH,Collision with:  Vehicle in traffic,On Roadway,Rear-end (front to rear),Lost Control,None Indicated,,Daylight,Wet,Rain,None apparent,Intersection:  Four-way intersection,Paved,,Property Damage Only,0,0,0,0,0,0,8500,2,2,,POINT (-91.249764501158 41.612559410609)
2014796100,14-0874,04/23/2014,04-April,4-Wednesday,11:48,1100 Hours,District 1 (Central),URBANDALE,POLK,US 6,US 6/HICKMAN RD,Collision with:  Vehicle in traffic,On Roadway,Rear-end (front to rear),Driving too fast for conditions,None Indicated,,Daylight,Wet,Rain,None apparent,Intersection:  Four-way intersection,Paved,,Property Damage Only,0,0,0,0,0,0,3500,2,2,,POINT (-93.813918746528 41.614878932156)
2014796092,20140010943,04/23/2014,04-April,4-Wednesday,22:27,2200 Hours,District 1 (Central),DES MOINES,POLK,,SE 6TH ST,Collision with:  Other non-fixed object (explain in narrative),On Roadway,Non-collision (single vehicle),Downhill runaway,None Indicated,,Dark - roadway lighted,Wet,Cloudy,None apparent,Non-intersection:  Non-junction/no special feature,Paved,,Property Damage Only,0,0,0,0,0,0,3300,1,3,,POINT (-93.605270256385 41.556133482205)
2014826636,14009080,04/24/2014,04-April,5-Thursday,06:46,0600 Hours,District 5 (Southeast),,MAHASKA,IA 23,IA 23/IOWA 23 & Co Rd T67/RUTLEDGE AVE,Collision with:  Vehicle in traffic,On Roadway,Broadside (front to side),FTYROW:  From stop sign,None Indicated,,Daylight,Wet,Rain,None apparent,Intersection:  Four-way intersection,Paved,,Property Damage Only,0,0,0,0,0,0,5500,2,2,,POINT (-92.525880041147 41.214046088483)
2014796232,201405683,04/24/2014,04-April,5-Thursday,17:21,1700 Hours,District 6 (East Central),CEDAR RAPIDS,LINN,,COUNCIL ST NE & AHEARN DR NE,Collision with:  Vehicle in traffic,On Roadway,Broadside (front to side),FTYROW:  From stop sign,None Indicated,,Daylight,Wet,Rain,None apparent,Intersection:  T-intersection,Paved,,Possible/Unknown,0,1,0,0,1,0,3000,2,2,,POINT (-91.658268087825 42.042006580541)
2014796039,14-13691,04/24/2014,04-April,5-Thursday,15:48,1500 Hours,District 5 (Southeast),BURLINGTON,DES MOINES,US 34,US 34/SW RAMP & US 61,Collision with:  Vehicle in traffic,On Roadway,Broadside (front to side),Ran Traffic Signal,None Indicated,,Daylight,Wet,Rain,None apparent,Intersection:  Four-way intersection,Paved,,Property Damage Only,0,0,0,0,0,0,4000,2,2,,POINT (-91.141424191868 40.816002818149)
2014798260,14-030424-01,04/24/2014,04-April,5-Thursday,18:14,1800 Hours,District 6 (East Central),,IOWA,,Co Rd V52/G AVE & A DIAGONAL,Collision with:  Vehicle in traffic,On Roadway,Broadside (front to side),FTYROW:  From stop sign,None Indicated,,Daylight,Wet,Rain,None apparent,Intersection:  Four-way intersection,Paved,,Property Damage Only,0,0,0,0,0,0,4000,2,4,,POINT (-92.182354696798 41.738726696814)
2014796559,14-0883,04/24/2014,04-April,5-Thursday,12:08,1200 Hours,District 1 (Central),URBANDALE,POLK,,86TH ST,Collision with:  Vehicle in traffic,On Roadway,Rear-end (front to rear),Followed too close,None Indicated,,Daylight,Wet,Rain,None apparent,Non-intersection:  Non-junction/no special feature,Paved,,Property Damage Only,0,0,0,0,0,0,3000,2,3,,POINT (-93.736515436931 41.640260683002)
2014796219,C14001253,04/24/2014,04-April,5-Thursday,17:23,1700 Hours,District 6 (East Central),CORALVILLE,JOHNSON,,CORAL RIDGE AVE,Collision with:  Vehicle in traffic,On Roadway,Rear-end (front to rear),Followed too close,None Indicated,,Daylight,Wet,Rain,None apparent,Non-intersection:  Non-junction/no special feature,Paved,,Property Damage Only,0,0,0,0,0,0,5000,2,4,,POINT (-91.60805997622 41.711344869793)
2014797604,14-001779,04/24/2014,04-April,5-Thursday,13:43,1300 Hours,District 1 (Central),ANKENY,POLK,US 69,US 69/S ANKENY BLVD/N ANKENY BLVD & W 1ST ST & E 1ST ST,Collision with:  Vehicle in traffic,On Roadway,Broadside (front to side),Ran Traffic Signal,None Indicated,,Daylight,Dry,Clear,None apparent,Intersection:  Four-way intersection,Paved,,Minor Injury,0,2,0,2,0,0,8000,2,3,,POINT (-93.600412284783 41.731897826261)
2014796107,14-0322,04/24/2014,04-April,5-Thursday,12:55,1200 Hours,District 1 (Central),WINDSOR HEIGHTS,POLK,I-235,I-235,Collision with:  Vehicle in traffic,On Roadway,"Sideswipe, same direction",Crossed centerline (undivided),None Indicated,,Daylight,Wet,Rain,None apparent,Non-intersection:  Non-junction/no special feature,Paved,,Property Damage Only,0,0,0,0,0,0,3000,2,2,,POINT (-93.716592213588 41.593342080981)
2014796342,W14-039712,04/24/2014,04-April,5-Thursday,14:49,1400 Hours,District 2 (Northeast),WATERLOO,BLACK HAWK,,SYCAMORE ST & E 11TH ST,Collision with:  Vehicle in traffic,On Roadway,Broadside (front to side),Ran Traffic Signal,None Indicated,,Daylight,Wet,Rain,None apparent,Intersection:  Four-way intersection,Paved,,Property Damage Only,0,0,0,0,0,0,9000,2,6,,POINT (-92.328504276706 42.493538188766)
2014796190,14039620,04/24/2014,04-April,5-Thursday,07:45,0700 Hours,District 2 (Northeast),CEDAR FALLS,BLACK HAWK,,HUDSON RD,Collision with:  Vehicle in traffic,On Roadway,Rear-end (front to rear),Separation of units,None Indicated,,Daylight,Wet,Cloudy,None apparent,Non-intersection:  Non-junction/no special feature,Paved,,Property Damage Only,0,0,0,0,0,0,8000,3,5,,POINT (-92.465602430913 42.513486926196)
2014796493,2014003803,04/24/2014,04-April,5-Thursday,08:55,0800 Hours,District 1 (Central),MARSHALLTOWN,MARSHALL,IA 14,IA 14/E ANSON ST & S 1ST AVE,Collision with:  Vehicle in traffic,On Roadway,"Sideswipe, opposite direction",Traveling wrong way or on wrong side of road,None Indicated,,Daylight,Wet,Rain,None apparent,Intersection:  Four-way intersection,Paved,,Property Damage Only,0,0,0,0,0,0,2300,2,2,,POINT (-92.911064759514 42.038187692069)
2014812285,2014-3675,04/24/2014,04-April,5-Thursday,15:31,1500 Hours,District 6 (East Central),ELDRIDGE,SCOTT,US 61,US 61/SW RAMP,Collision with:  Animal,,,Animal,None Indicated,,,,,,,Paved,,Property Damage Only,0,0,0,0,0,0,2000,1,1,,POINT (-90.569094518412 41.653970940544)
2014798293,035-14,04/24/2014,04-April,5-Thursday,05:05,0500 Hours,District 4 (Southwest),,MADISON,,Co Rd G6R/190TH ST,Non-collision events:  Other non-collision (explain in narrative),On Roadway,Non-collision (single vehicle),Ran off road - right,None Indicated,,Dark - roadway not lighted,"Mud, dirt",Clear,None apparent,Non-intersection:  Non-junction/no special feature,Unpaved,,Minor Injury,0,1,0,1,0,0,4000,1,1,,POINT (-93.795626885996 41.383860437256)
2014796089,20140010959,04/24/2014,04-April,5-Thursday,08:50,0800 Hours,District 1 (Central),DES MOINES,POLK,,TUTTLE ST & SW 7TH ST,Collision with:  Vehicle in traffic,On Roadway,Broadside (front to side),Ran Traffic Signal,None Indicated,,Daylight,Wet,Rain,None apparent,Intersection:  Four-way intersection,Paved,,Property Damage Only,0,0,0,0,0,0,6000,2,3,,POINT (-93.623591807269 41.579652676786)
2014796106,14-0321,04/24/2014,04-April,5-Thursday,09:27,0900 Hours,District 1 (Central),WINDSOR HEIGHTS,POLK,IA 28,IA 28/63RD ST & UNIVERSITY AVE,Collision with:  Vehicle in traffic,On Roadway,"Angle, oncoming left turn",FTYROW:  Making left turn,None Indicated,,Daylight,Wet,Rain,None apparent,Intersection:  Four-way intersection,Paved,,Property Damage Only,0,0,0,0,0,0,2200,2,3,,POINT (-93.703662600052 41.600411548357)
2014796916,14-688,04/24/2014,04-April,5-Thursday,22:25,2200 Hours,District 1 (Central),POLK CITY,POLK,,PARKER BLVD,Collision with fixed object:  Utility pole/light support,On Roadway,Non-collision (single vehicle),"Operating vehicle in an reckless, erratic, careless, negligent manner",Alcohol (< Statutory),,Dark - roadway lighted,Dry,Clear,None apparent,Non-intersection:  Non-junction/no special feature,Paved,,Property Damage Only,0,0,0,0,0,0,11000,1,4,,POINT (-93.725453241275 41.766114490719)
2014796076,14-002561,04/24/2014,04-April,5-Thursday,09:40,0900 Hours,District 3 (Northwest),,MONONA,IA 175,IA 175/IOWA 175,Collision with fixed object:  Utility pole/light support,On Roadway,Non-collision (single vehicle),Swerving/Evasive Action,None Indicated,,Daylight,Dry,Cloudy,None apparent,Non-intersection:  Non-junction/no special feature,Paved,,Minor Injury,0,1,0,1,0,0,5000,1,1,,POINT (-95.918652528122 42.046955834101)
2014796268,20140010995,04/24/2014,04-April,5-Thursday,12:54,1200 Hours,District 1 (Central),DES MOINES,POLK,,FLEUR DR,Collision with:  Vehicle in traffic,On Roadway,Rear-end (front to rear),Driver Distraction:  Manual operation of an electronic communication device,None Indicated,,Daylight,Wet,Cloudy,None apparent,Non-intersection:  Non-junction/no special feature,Paved,,Property Damage Only,0,0,0,0,0,0,1900,2,2,,POINT (-93.645013697838 41.545586031425)
2014796091,20140010978,04/24/2014,04-April,5-Thursday,11:05,1100 Hours,District 1 (Central),DES MOINES,POLK,US 69,US 69/E 14TH ST,Collision with:  Vehicle in traffic,On Roadway,Rear-end (front to rear),Other (explain in narrative):  Other,None Indicated,,Daylight,Wet,Cloudy,None apparent,Intersection:  Other intersection (explain in narrative),Paved,,Property Damage Only,0,0,0,0,0,0,1600,2,2,,POINT (-93.60056172236 41.620019615956)
2014796540,20140011011,04/24/2014,04-April,5-Thursday,15:55,1500 Hours,District 1 (Central),DES MOINES,POLK,US 69,US 69/SE 14TH ST,Collision with:  Vehicle in traffic,On Roadway,Rear-end (front to rear),Followed too close,None Indicated,,Daylight,Wet,Rain,None apparent,Non-intersection:  Non-junction/no special feature,Paved,,Property Damage Only,0,0,0,0,0,0,7600,3,5,,POINT (-93.596834973347 41.541234434935)
2014796251,14-001785,04/24/2014,04-April,5-Thursday,21:42,2100 Hours,District 1 (Central),ANKENY,POLK,IA 415,IA 415/NW POLK CITY DR & NW 8TH ST,Collision with:  Animal,On Roadway,Non-collision (single vehicle),Animal,None Indicated,,Dark - roadway not lighted,Dry,Clear,None apparent,Non-intersection:  Non-junction/no special feature,Paved,,Property Damage Only,0,0,0,0,0,0,5000,1,1,,POINT (-93.671289068994 41.73820683396)
2014796366,14006357,04/24/2014,04-April,5-Thursday,14:51,1400 Hours,District 2 (Northeast),MASON CITY,CERRO GORDO,IA 122,IA 122/6TH ST SW & S JEFFERSON AVE,Collision with:  Vehicle in traffic,On Roadway,Rear-end (front to rear),Lost Control,None Indicated,,Daylight,Dry,Cloudy,None apparent,Non-intersection:  Non-junction/no special feature,Paved,,Property Damage Only,0,0,0,0,0,0,3000,2,2,,POINT (-93.205952857489 43.146291407189)
2014796288,14-7477,04/24/2014,04-April,5-Thursday,09:47,0900 Hours,District 6 (East Central),BETTENDORF,SCOTT,,SPRUCE HILLS DR & 18TH ST,Collision with:  Vehicle in traffic,On Roadway,Rear-end (front to rear),Lost Control,None Indicated,,Daylight,Wet,Cloudy,None apparent,Intersection:  Four-way intersection,Paved,,Property Damage Only,0,0,0,0,0,0,13500,2,3,,POINT (-90.503389250962 41.54991728485)
2014820893,,04/24/2014,04-April,5-Thursday,15:30,1500 Hours,District 1 (Central),MARSHALLTOWN,MARSHALL,,NICHOLAS DR & S 6TH ST,Collision with:  Vehicle in traffic,On Roadway,Broadside (front to side),Unknown,None Indicated,,Daylight,Dry,Clear,,Intersection:  T-intersection,Paved,,Property Damage Only,0,0,0,0,0,0,1884,2,2,,POINT (-92.922075788929 42.014823503703)
2014798885,032-043-14,04/24/2014,04-April,5-Thursday,10:59,1000 Hours,District 3 (Northwest),ESTHERVILLE,EMMET,,1ST AVE N,Collision with:  Vehicle in traffic,On Roadway,Rear-end (front to rear),Improper Backing,None Indicated,,Daylight,Wet,Cloudy,None apparent,Non-intersection:  Non-junction/no special feature,Paved,,Minor Injury,0,1,0,1,0,0,100,2,1,,POINT (-94.836082787224 43.402900874922)
2014796328,,04/24/2014,04-April,5-Thursday,19:50,1900 Hours,District 2 (Northeast),ELKADER,CLAYTON,,Co Rd X16/GUNDER RD,Collision with:  Animal,On Roadway,Non-collision (single vehicle),Animal,None Indicated,,Dusk,Wet,Rain,None apparent,Non-intersection:  Non-junction/no special feature,Paved,,Property Damage Only,0,0,0,0,0,0,2000,1,1,,POINT (-91.407408327768 42.875296455754)
2014796254,14-0462,04/24/2014,04-April,5-Thursday,17:00,1700 Hours,District 1 (Central),CLIVE,POLK,,UNIVERSITY AVE,Collision with:  Vehicle in traffic,On Roadway,Rear-end (front to rear),Followed too close,None Indicated,,Daylight,Wet,Cloudy,"Surface condition (e.g., wet, icy)",Non-intersection:  Non-junction/no special feature,Paved,,Property Damage Only,0,0,0,0,0,0,1500,2,3,,POINT (-93.769397879183 41.600431758783)
2014796264,20140011016,04/24/2014,04-April,5-Thursday,16:09,1600 Hours,District 1 (Central),DES MOINES,POLK,US 6,US 6/DOUGLAS AVE & 38TH ST,Collision with:  Vehicle in traffic,On Roadway,Rear-end (front to rear),"Operating vehicle in an reckless, erratic, careless, negligent manner",None Indicated,,Daylight,Wet,Rain,None apparent,Intersection:  Four-way intersection,Paved,,Property Damage Only,0,0,0,0,0,0,2500,2,3,,POINT (-93.668432071646 41.629570925919)
2014796927,2014-08453,04/24/2014,04-April,5-Thursday,15:25,1500 Hours,District 5 (Southeast),INDIANOLA,WARREN,IA 92,IA 92/W 2ND AVE & S BUXTON ST,Collision with:  Vehicle in traffic,On Roadway,Rear-end (front to rear),Followed too close,None Indicated,,Daylight,Wet,Rain,None apparent,Non-intersection:  Non-junction/no special feature,Paved,,Property Damage Only,0,0,0,0,0,0,3750,3,4,,POINT (-93.562307735236 41.35832244425)
2014797794,2014025168,04/24/2014,04-April,5-Thursday,07:50,0700 Hours,District 1 (Central),,POLK,US 65,US 65,Collision with:  Vehicle in traffic,On Roadway,Rear-end (front to rear),Followed too close,None Indicated,,Daylight,Wet,Cloudy,None apparent,Non-intersection:  Non-junction/no special feature,Paved,,Property Damage Only,0,0,0,0,0,0,2000,2,2,,POINT (-93.5176286182 41.654425121422)
2014796263,20140011010,04/24/2014,04-April,5-Thursday,15:31,1500 Hours,District 1 (Central),DES MOINES,POLK,,HENDERSON AVE & E 15TH ST,Collision with:  Vehicle in traffic,On Roadway,Broadside (front to side),Ran Stop Sign,None Indicated,,Daylight,Wet,Rain,None apparent,Intersection:  Four-way intersection,Paved,,Property Damage Only,0,0,0,0,0,0,7000,3,2,,POINT (-93.597967010707 41.625005118132)
2014796222,14058518,04/24/2014,04-April,5-Thursday,06:45,0600 Hours,District 6 (East Central),NORTH LIBERTY,JOHNSON,,N DUBUQUE ST,Collision with:  Vehicle in traffic,On Roadway,Broadside (front to side),FTYROW:  Making left turn,None Indicated,,Daylight,Dry,Cloudy,None apparent,Intersection:  T-intersection,Paved,,Possible/Unknown,0,1,0,0,1,0,4500,2,2,,POINT (-91.602537080763 41.753204383992)
2014796315,2014-08460,04/24/2014,04-April,5-Thursday,15:48,1500 Hours,District 5 (Southeast),INDIANOLA,WARREN,US 65,US 65 & Co Rd G24/SUMMERSET RD,Collision with:  Vehicle in traffic,On Roadway,Rear-end (front to rear),Swerving/Evasive Action,None Indicated,,Daylight,Wet,Rain,"Surface condition (e.g., wet, icy)",Intersection:  Other intersection (explain in narrative),Paved,,Possible/Unknown,0,4,0,0,4,0,4500,2,5,,POINT (-93.558675035184 41.431166299562)
2014796792,14-000465,04/24/2014,04-April,5-Thursday,07:20,0700 Hours,District 1 (Central),JOHNSTON,POLK,,MERLE HAY RD,Collision with:  Vehicle in traffic,On Roadway,Rear-end (front to rear),Other (explain in narrative):  Other,None Indicated,,Daylight,Wet,Cloudy,None apparent,Non-intersection:  Non-junction/no special feature,Paved,,Property Damage Only,0,0,0,0,0,0,8000,3,4,,POINT (-93.697695068151 41.67355002356)
2014796933,,04/24/2014,04-April,5-Thursday,16:39,1600 Hours,District 3 (Northwest),CHEROKEE,CHEROKEE,,RIVERVIEW DR,Collision with:  Vehicle in traffic,On Roadway,Broadside (front to side),Driving too fast for conditions,Alcohol (< Statutory),,Daylight,"Mud, dirt",Clear,None apparent,Intersection:  T-intersection,Paved,,Property Damage Only,0,0,0,0,0,0,4000,2,3,,POINT (-95.533957070819 42.770817075947)
2014801683,,04/24/2014,04-April,5-Thursday,06:50,0600 Hours,District 5 (Southeast),,MUSCATINE,,Co Rd X54/N MULBERRY RD & SAULSBURY RD,Collision with:  Vehicle in traffic,On Roadway,Broadside (front to side),FTYROW:  From stop sign,None Indicated,,Daylight,Dry,Clear,None apparent,Intersection:  T-intersection,Paved,,Possible/Unknown,0,1,0,0,1,0,11900,2,2,,POINT (-91.100253039361 41.487188704694)
2014796400,01-14-17104,04/24/2014,04-April,5-Thursday,15:35,1500 Hours,District 6 (East Central),DUBUQUE,DUBUQUE,US 52,US 52/CENTRAL AVE,Collision with:  Vehicle in traffic,On Roadway,Rear-end (front to rear),Unknown,None Indicated,,Daylight,Wet,Rain,None apparent,Non-intersection:  Non-junction/no special feature,Paved,,Property Damage Only,0,0,0,0,0,0,2775,2,2,,POINT (-90.672342150391 42.515187333658)