Iowa DOT Case Number,Law Enforcement Case Number,Date of Crash,Month of Crash,Day of Week,Time of Crash,Hour,DOT District,City Name,County Name,Route with System,Location Description,First Harmful Event,Location of First Harmful Event,Manner of Crash/Collision,Major Cause,Drug or Alcohol ,Environmental Conditions,Light Conditions,Surface Conditions,Weather Conditions,Roadway Contribution,Roadway Type,Roadway Surface,Work Zone,Crash Severity,Number of Fatalities,Number of Injuries,Number of Major Injuries,Number of Minor Injuries,Number of Possible Injuries,Number of Unknown Injuries,Amount of Property Damage,Number of Vehicles Involved,Total Number of Occupants,Travel Direction,Location
2014796650,14-12402,04/24/2014,04-April,5-Thursday,15:18,1500 Hours,District 3 (Northwest),SIOUX CITY,WOODBURY,,S LAKEPORT ST,Collision with:  Vehicle in traffic,On Roadway,Rear-end (front to rear),Other (explain in narrative):  Other,None Indicated,,Daylight,Dry,Cloudy,None apparent,Non-intersection:  Non-junction/no special feature,Paved,,Possible/Unknown,0,3,0,0,3,0,11500,3,4,,POINT (-96.346412784239 42.464122474072)
2014796588,GP20140299,04/24/2014,04-April,5-Thursday,11:04,1100 Hours,District 1 (Central),GRINNELL,POWESHIEK,IA 146,IA 146/WEST ST,Collision with:  Vehicle in traffic,On Roadway,"Angle, oncoming left turn",FTYROW:  Making left turn,None Indicated,,Daylight,Wet,Rain,None apparent,Non-intersection:  Driveway access (within),Paved,,Property Damage Only,0,0,0,0,0,0,2200,2,2,,POINT (-92.727369543481 41.740835076257)
2014796352,14-6869,04/24/2014,04-April,5-Thursday,16:28,1600 Hours,District 2 (Northeast),,BREMER,,DUSTY AVE,Collision with fixed object:  Tree,Roadside,Non-collision (single vehicle),Followed too close,None Indicated,,Daylight,Wet,Rain,None apparent,Non-intersection:  Non-junction/no special feature,Unpaved,,Property Damage Only,0,0,0,0,0,0,5000,1,1,,POINT (-92.490502376872 42.704214504423)
2014796446,2014004433,04/24/2014,04-April,5-Thursday,20:43,2000 Hours,District 6 (East Central),IOWA CITY,JOHNSON,,E BLOOMINGTON ST & N DUBUQUE ST,Collision with:  Vehicle in traffic,On Roadway,Broadside (front to side),FTYROW:  From stop sign,None Indicated,,Dark - roadway lighted,Wet,Rain,None apparent,Intersection:  Four-way intersection,Paved,,Property Damage Only,0,0,0,0,0,0,9000,2,2,,POINT (-91.533057259598 41.664684153103)
2014799144,,04/24/2014,04-April,5-Thursday,14:00,1400 Hours,District 3 (Northwest),OKOBOJI,DICKINSON,US 71,US 71,Collision with:  Vehicle in traffic,On Roadway,Rear-end (front to rear),Followed too close,None Indicated,,Daylight,Dry,Cloudy,None apparent,Intersection:  T-intersection,Paved,,Property Damage Only,0,0,0,0,0,0,6000,2,3,,POINT (-95.128645283225 43.381638184003)
2014796323,S14-3956,04/24/2014,04-April,5-Thursday,08:45,0800 Hours,District 3 (Northwest),SIOUX CITY,WOODBURY,,Co Rd D25/OLD HWY 141,Collision with fixed object:  Traffic sign support,Shoulder,Non-collision (single vehicle),Ran off road - left,None Indicated,,Daylight,Wet,Rain,None apparent,Intersection:  T-intersection,Paved,,Property Damage Only,0,0,0,0,0,0,2000,1,1,,POINT (-96.256190822043 42.409346234344)
2014796234,201405692,04/24/2014,04-April,5-Thursday,19:35,1900 Hours,District 6 (East Central),CEDAR RAPIDS,LINN,IA 100,IA 100/PROPOSED IA100 & EDGEWOOD RD NE,Collision with:  Vehicle in traffic,On Roadway,Broadside (front to side),Ran Traffic Signal,Alcohol (Statutory),,Daylight,Wet,Rain,None apparent,Intersection:  T-intersection,Paved,,Possible/Unknown,0,2,0,0,2,0,4500,2,7,,POINT (-91.701886861639 42.028872633028)
2014796244,2014003819,04/24/2014,04-April,5-Thursday,15:30,1500 Hours,District 1 (Central),MARSHALLTOWN,MARSHALL,IA 14,IA 14/S CENTER ST & W SOUTHRIDGE RD & E SOUTHRIDGE RD,Collision with:  Vehicle in traffic,On Roadway,Rear-end (front to rear),Driving too fast for conditions,None Indicated,,Daylight,Wet,Rain,"Surface condition (e.g., wet, icy)",Intersection:  Four-way intersection,Paved,,Property Damage Only,0,0,0,0,0,0,7500,2,6,,POINT (-92.912337007855 42.017950789924)
2014796888,C14001251,04/24/2014,04-April,5-Thursday,15:23,1500 Hours,District 6 (East Central),CORALVILLE,JOHNSON,,9TH ST & 20TH AVE,Collision with:  Vehicle in traffic,On Roadway,Broadside (front to side),FTYROW:  From stop sign,None Indicated,,Daylight,Dry,Clear,None apparent,Intersection:  Four-way intersection,Paved,,Property Damage Only,0,0,0,0,0,0,4000,2,2,,POINT (-91.589717584331 41.683830512496)
2014804449,1404241036,04/24/2014,04-April,5-Thursday,10:36,1000 Hours,District 6 (East Central),MONTICELLO,JONES,IA 38,IA 38/N CEDAR ST & W 7TH ST & E 7TH ST,Collision with:  Vehicle in traffic,On Roadway,Broadside (front to side),FTYROW:  From stop sign,None Indicated,,Daylight,Dry,Cloudy,None apparent,Intersection:  Four-way intersection,Paved,,Property Damage Only,0,0,0,0,0,0,9500,2,2,,POINT (-91.191852244898 42.245480665241)
2014796271,14-0882,04/24/2014,04-April,5-Thursday,07:44,0700 Hours,District 1 (Central),URBANDALE,POLK,,128TH ST,Collision with:  Vehicle in traffic,On Roadway,"Sideswipe, same direction",Improper or erratic lane changing,None Indicated,,Daylight,Dry,Cloudy,None apparent,Non-intersection:  Driveway access (within),Paved,,Property Damage Only,0,0,0,0,0,0,3000,2,3,,POINT (-93.791203280849 41.616289516613)
2014796286,14-015872,04/24/2014,04-April,5-Thursday,14:00,1400 Hours,District 4 (Southwest),COUNCIL BLUFFS,POTTAWATTAMIE,I-29,I-29,Collision with:  Animal,On Roadway,Non-collision (single vehicle),Animal,None Indicated,,Daylight,Dry,Cloudy,None apparent,Non-intersection:  Other non-intersection (explain in narrative),Paved,,Property Damage Only,0,0,0,0,0,0,2000,1,1,,POINT (-95.837718708417 41.22610650297)
2014796283,S14-001350,04/24/2014,04-April,5-Thursday,07:20,0700 Hours,District 4 (Southwest),,POTTAWATTAMIE,,Co Rd L35/WABASH AVE & OVERLAND TRL,Collision with:  Vehicle in traffic,On Roadway,Rear-end (front to rear),Followed too close,None Indicated,,Daylight,Wet,Rain,None apparent,Intersection:  Other intersection (explain in narrative),Paved,,Possible/Unknown,0,1,0,0,1,0,11000,2,2,,POINT (-95.7989543215 41.211988201348)
2014796363,14-003323,04/24/2014,04-April,5-Thursday,10:29,1000 Hours,District 4 (Southwest),ATLANTIC,CASS,US 6,US 6/7TH ST & OLIVE ST,Collision with:  Vehicle in traffic,On Roadway,Rear-end (front to rear),Other (explain in narrative):  Other,None Indicated,,Daylight,Dry,Cloudy,None apparent,Intersection:  Four-way intersection,Paved,,Property Damage Only,0,0,0,0,0,0,3600,2,3,,POINT (-95.003308756121 41.403891952604)
2014796194,W14-039754,04/24/2014,04-April,5-Thursday,17:23,1700 Hours,District 2 (Northeast),WATERLOO,BLACK HAWK,,CROSSROADS BLVD,Collision with:  Vehicle in traffic,On Roadway,"Sideswipe, opposite direction",Made improper turn,None Indicated,,Daylight,Wet,Cloudy,None apparent,Non-intersection:  Crossover-related,Paved,,Property Damage Only,0,0,0,0,0,0,3000,2,2,,POINT (-92.325457666516 42.462224939628)
2014796415,02-14-6453,04/24/2014,04-April,5-Thursday,16:00,1600 Hours,District 6 (East Central),FARLEY,DUBUQUE,,OLD HIGHWAY RD & THIRD AVE NE,Collision with:  Vehicle in traffic,On Roadway,"Angle, oncoming left turn",FTYROW:  From stop sign,None Indicated,,Daylight,Wet,Rain,None apparent,Intersection:  T-intersection,Paved,,Property Damage Only,0,0,0,0,0,0,3000,2,2,,POINT (-90.99279067152 42.444299487764)
2014796648,14-12374,04/24/2014,04-April,5-Thursday,11:04,1100 Hours,District 3 (Northwest),SIOUX CITY,WOODBURY,,DACE AVE & FLOYD BLVD,Collision with:  Vehicle in traffic,On Roadway,Head-on (front to front),Crossed centerline (undivided),None Indicated,,Daylight,Dry,Cloudy,None apparent,Intersection:  Four-way intersection,Paved,,Property Damage Only,0,0,0,0,0,0,16000,3,4,,POINT (-96.393374823391 42.488745206597)
2014796579,14-015859,04/24/2014,04-April,5-Thursday,11:52,1100 Hours,District 4 (Southwest),COUNCIL BLUFFS,POTTAWATTAMIE,US 6,US 6/KANESVILLE BLVD & S 1ST ST & HARRISON ST,Collision with fixed object:  Utility pole/light support,Roadside,Non-collision (single vehicle),Other (explain in narrative):  Other,None Indicated,,Daylight,Dry,Cloudy,None apparent,Intersection:  Four-way intersection,Paved,,Property Damage Only,0,0,0,0,0,0,1800,1,1,,POINT (-95.844035441183 41.265020243375)
2014796367,14006372,04/24/2014,04-April,5-Thursday,19:17,1900 Hours,District 2 (Northeast),MASON CITY,CERRO GORDO,,S PENNSYLVANIA AVE,Collision with:  Vehicle in traffic,On Roadway,Head-on (front to front),Lost Control,None Indicated,,Daylight,Dry,Cloudy,None apparent,Non-intersection:  Non-junction/no special feature,Paved,,Possible/Unknown,0,1,0,0,1,0,900,2,1,,POINT (-93.198490705294 43.143314983117)
2014796476,201401286,04/24/2014,04-April,5-Thursday,01:50,0100 Hours,District 6 (East Central),,LINN,,Co Rd E48/MT VERNON RD,Collision with fixed object:  Utility pole/light support,Shoulder,Non-collision (single vehicle),Crossed centerline (undivided),Alcohol (Statutory),,Dark - roadway not lighted,Dry,Cloudy,None apparent,Non-intersection:  Non-junction/no special feature,Paved,,Minor Injury,0,1,0,1,0,0,6000,1,1,,POINT (-91.596981362056 41.976860114944)
2014796226,14001353,04/24/2014,04-April,5-Thursday,20:35,2000 Hours,District 5 (Southeast),SIGOURNEY,KEOKUK,IA 149,IA 149/IOWA 149,Collision with:  Animal,,,Animal,None Indicated,,,,,,,Paved,,Property Damage Only,0,0,0,0,0,0,5000,1,1,,POINT (-92.204572524107 41.292831052482)
2014804450,1404242337,04/24/2014,04-April,5-Thursday,23:37,2300 Hours,District 6 (East Central),,JONES,IA 64,IA 64/IOWA 64,Collision with:  Animal,,,Animal,None Indicated,,,,,,,Paved,,Property Damage Only,0,0,0,0,0,0,5500,1,1,,POINT (-91.168472336232 42.080967188104)
2014796230,201405678,04/24/2014,04-April,5-Thursday,16:47,1600 Hours,District 6 (East Central),CEDAR RAPIDS,LINN,,SUSAN DR NW & EDGEWOOD RD NW,Collision with:  Vehicle in traffic,On Roadway,Rear-end (front to rear),Driving too fast for conditions,None Indicated,,Daylight,Wet,Cloudy,None apparent,Intersection:  T-intersection,Paved,,Possible/Unknown,0,1,0,0,1,0,3400,2,2,,POINT (-91.715992915069 41.971984618146)
2014796378,CL14001219,04/24/2014,04-April,5-Thursday,15:30,1500 Hours,District 6 (East Central),CLINTON,CLINTON,,44TH AVE N,Collision with fixed object:  Ditch,On Roadway,Non-collision (single vehicle),Ran off road - right,None Indicated,,Daylight,Wet,Cloudy,None apparent,Non-intersection:  Non-junction/no special feature,Unpaved,,Possible/Unknown,0,1,0,0,1,0,6550,1,1,,POINT (-90.208464837671 41.90303271191)
2014796647,14-12367,04/24/2014,04-April,5-Thursday,09:41,0900 Hours,District 3 (Northwest),SIOUX CITY,WOODBURY,,CHAMBERS ST & 6TH ST,Collision with:  Vehicle in traffic,On Roadway,"Angle, oncoming left turn",FTYROW:  Making left turn,None Indicated,,Daylight,Dry,Cloudy,None apparent,Intersection:  Four-way intersection,Paved,,Property Damage Only,0,0,0,0,0,0,6500,2,2,,POINT (-96.385919634981 42.496457692163)
2014797712,SO1401485,04/24/2014,04-April,5-Thursday,05:50,0500 Hours,District 5 (Southeast),,JEFFERSON,,Co Rd H43/240TH ST,Collision with:  Animal,On Roadway,Non-collision (single vehicle),Animal,None Indicated,,Dawn,Dry,Cloudy,None apparent,Non-intersection:  Non-junction/no special feature,Paved,,Major Injury,0,1,1,0,0,0,10000,1,1,,POINT (-92.126497588414 40.957918866482)
2014796649,14-12399,04/24/2014,04-April,5-Thursday,15:18,1500 Hours,District 3 (Northwest),SIOUX CITY,WOODBURY,,BUSHNELL AVE & S LAKEPORT ST,Collision with:  Vehicle in traffic,On Roadway,"Sideswipe, same direction",Improper or erratic lane changing,None Indicated,,Daylight,Dry,Clear,None apparent,Non-intersection:  Non-junction/no special feature,Paved,,Property Damage Only,0,0,0,0,0,0,2000,2,4,,POINT (-96.346417416177 42.463753152178)
2014796697,2014025345,04/24/2014,04-April,5-Thursday,17:05,1700 Hours,District 6 (East Central),NORTH LIBERTY,JOHNSON,,PENN ST & JONES BLVD,Collision with:  Vehicle in traffic,On Roadway,Rear-end (front to rear),Other (explain in narrative):  Other,None Indicated,,Daylight,Wet,Rain,"Surface condition (e.g., wet, icy)",Intersection:  T-intersection,Paved,,Property Damage Only,0,0,0,0,0,0,5500,2,2,,POINT (-91.617362257969 41.752329982398)
2014796729,14039799,04/24/2014,04-April,5-Thursday,20:04,2000 Hours,District 2 (Northeast),CEDAR FALLS,BLACK HAWK,,S FRONTAGE RD & VALLEY PARK DR,Collision with:  Vehicle in traffic,On Roadway,Broadside (front to side),FTYROW:  Other (explain in narrative),None Indicated,,Dusk,Dry,Clear,None apparent,Intersection:  Four-way intersection,Paved,,Possible/Unknown,0,1,0,0,1,0,1850,2,6,,POINT (-92.436819462318 42.512790732844)
2014796343,W14-039739,04/24/2014,04-April,5-Thursday,16:26,1600 Hours,District 2 (Northeast),WATERLOO,BLACK HAWK,US 63,US 63/LOGAN AVE & W LOUISE ST & E LOUISE ST,Collision with:  Vehicle in traffic,On Roadway,Rear-end (front to rear),Followed too close,None Indicated,,Daylight,Wet,Rain,None apparent,Intersection:  Four-way intersection,Paved,,Property Damage Only,0,0,0,0,0,0,6000,2,2,,POINT (-92.337674728598 42.523995176379)
2014796216,14-565,04/24/2014,04-April,5-Thursday,14:57,1400 Hours,District 3 (Northwest),SPIRIT LAKE,DICKINSON,US 71,US 71/18TH ST & PEORIA AVE,Collision with:  Vehicle in traffic,On Roadway,Rear-end (front to rear),Improper Backing,None Indicated,,Daylight,Dry,Cloudy,None apparent,Non-intersection:  Non-junction/no special feature,Paved,,Property Damage Only,0,0,0,0,0,0,2000,2,2,,POINT (-95.111873892593 43.42265680824)
2014796560,14-0884,04/24/2014,04-April,5-Thursday,13:35,1300 Hours,District 1 (Central),URBANDALE,POLK,IA 28,IA 28/MERLE HAY RD & NW MEREDITH DR,Collision with:  Vehicle in traffic,On Roadway,"Angle, oncoming left turn",FTYROW:  Making left turn,None Indicated,,Daylight,Wet,Rain,None apparent,Intersection:  Four-way intersection,Paved,,Property Damage Only,0,0,0,0,0,0,7500,2,2,,POINT (-93.697699600309 41.643925559359)
2014796409,01-14-17145,04/24/2014,04-April,5-Thursday,20:28,2000 Hours,District 6 (East Central),DUBUQUE,DUBUQUE,,UNIVERSITY AVE,Collision with:  Parked motor vehicle,On Roadway,Rear-end (front to rear),Other (explain in narrative):  No improper action,None Indicated,,Dark - roadway lighted,Wet,Rain,None apparent,Non-intersection:  Non-junction/no special feature,Paved,,Property Damage Only,0,0,0,0,0,0,6750,2,0,,POINT (-90.675290365323 42.500019394739)
2014796525,20140010994,04/24/2014,04-April,5-Thursday,12:38,1200 Hours,District 1 (Central),DES MOINES,POLK,I-235,I-235,Collision with fixed object:  Curb/island/raised median,Roadside,Non-collision (single vehicle),Driving too fast for conditions,None Indicated,,Daylight,Wet,Cloudy,None apparent,Non-intersection:  Non-junction/no special feature,Paved,,Possible/Unknown,0,2,0,0,2,0,5000,1,2,,POINT (-93.663797131046 41.593190655077)
2014796193,W14-039583,04/24/2014,04-April,5-Thursday,01:16,0100 Hours,District 2 (Northeast),WATERLOO,BLACK HAWK,,BALTIMORE ST,Collision with:  Parked motor vehicle,On Roadway,Rear-end (front to rear),Swerving/Evasive Action,None Indicated,,Dark - roadway lighted,Dry,Clear,None apparent,Non-intersection:  Other non-intersection (explain in narrative),Paved,,Property Damage Only,0,0,0,0,0,0,3500,2,1,,POINT (-92.355023337263 42.490925706352)
2014796229,201405661,04/24/2014,04-April,5-Thursday,13:30,1300 Hours,District 6 (East Central),CEDAR RAPIDS,LINN,,COUNCIL ST NE,Collision with:  Vehicle in traffic,On Roadway,Broadside (front to side),FTYROW:  From stop sign,None Indicated,,Daylight,Wet,Rain,None apparent,Intersection:  T-intersection,Paved,,Property Damage Only,0,0,0,0,0,0,1500,2,5,,POINT (-91.658324553835 42.031857085236)
2014796246,14004932,04/24/2014,04-April,5-Thursday,11:24,1100 Hours,District 4 (Southwest),GLENWOOD,MILLS,,N MYRTLE ST,Collision with:  Other non-fixed object (explain in narrative),On Roadway,Rear-end (front to rear),Improper Backing,None Indicated,,Daylight,Dry,Cloudy,None apparent,Non-intersection:  Non-junction/no special feature,Paved,,Property Damage Only,0,0,0,0,0,0,4000,2,1,,POINT (-95.747533886708 41.046406770407)
2014796322,S14-3949,04/24/2014,04-April,5-Thursday,08:01,0800 Hours,District 3 (Northwest),SIOUX CITY,WOODBURY,US 20,US 20/NE RAMP/NE LOOP,Collision with:  Vehicle in traffic,On Roadway,Rear-end (front to rear),Driver Distraction:  Manual operation of an electronic communication device,None Indicated,,Daylight,Wet,Cloudy,None apparent,Intersection:  Intersection with ramp,Paved,,Property Damage Only,0,0,0,0,0,0,5000,2,2,,POINT (-96.321086369364 42.475503334099)
2014796364,14-003334,04/24/2014,04-April,5-Thursday,15:39,1500 Hours,District 4 (Southwest),ATLANTIC,CASS,,14TH ST,Collision with:  Vehicle in traffic,On Roadway,Broadside (front to side),Improper Backing,None Indicated,,Daylight,Dry,Cloudy,None apparent,Non-intersection:  Non-junction/no special feature,Paved,,Possible/Unknown,0,2,0,0,2,0,7500,2,5,,POINT (-95.004113997834 41.396618354107)
2014796265,20140011021,04/24/2014,04-April,5-Thursday,16:43,1600 Hours,District 1 (Central),DES MOINES,POLK,,INDIANOLA AVE,Collision with:  Vehicle in traffic,On Roadway,Rear-end (front to rear),"Operating vehicle in an reckless, erratic, careless, negligent manner",None Indicated,,Daylight,Dry,Cloudy,None apparent,Non-intersection:  Non-junction/no special feature,Paved,,Property Damage Only,0,0,0,0,0,0,5500,2,2,,POINT (-93.60845188691 41.562935215537)
2014796236,14008170,04/24/2014,04-April,5-Thursday,11:20,1100 Hours,District 6 (East Central),MARION,LINN,,7TH AVE & 19TH ST,Collision with:  Vehicle in traffic,On Roadway,Rear-end (front to rear),Driving too fast for conditions,None Indicated,,Daylight,Wet,Clear,None apparent,Non-intersection:  Driveway access (within),Paved,,Property Damage Only,0,0,0,0,0,0,8200,2,4,,POINT (-91.591077354273 42.033302771674)
2014796591,2014-8051,04/24/2014,04-April,5-Thursday,11:37,1100 Hours,District 6 (East Central),,SCOTT,,50 AVE,Collision with:  Vehicle in traffic,On Roadway,Broadside (front to side),FTYROW:  From driveway,None Indicated,,Daylight,Dry,Cloudy,None apparent,Non-intersection:  Driveway access (within),Unpaved,,Property Damage Only,0,0,0,0,0,0,4000,2,2,,POINT (-90.802460257218 41.612982244851)
2014796287,14-015904,04/24/2014,04-April,5-Thursday,17:29,1700 Hours,District 4 (Southwest),COUNCIL BLUFFS,POTTAWATTAMIE,I-29,I-29,Collision with fixed object:  Utility pole/light support,On Roadway,Non-collision (single vehicle),Other (explain in narrative):  No improper action,None Indicated,,Daylight,Dry,Clear,None apparent,Interchange-related:  On-ramp,Paved,,Property Damage Only,0,0,0,0,0,0,10000,1,1,,POINT (-95.884189252193 41.275044258181)
2014797185,14002009,04/24/2014,04-April,5-Thursday,20:18,2000 Hours,District 1 (Central),AMES,STORY,,S HAZEL AVE,Collision with:  Vehicle in traffic,On Roadway,"Sideswipe, same direction",Lost Control,None Indicated,,Dark - roadway lighted,Dry,Clear,None apparent,Non-intersection:  Non-junction/no special feature,Paved,,Property Damage Only,0,0,0,0,0,0,5000,2,1,,POINT (-93.62677450423 42.019785622802)
2014804821,TC25-14,04/24/2014,04-April,5-Thursday,12:00,1200 Hours,District 4 (Southwest),MISSOURI VALLEY,HARRISON,US 30,US 30/W ERIE ST,Collision with:  Vehicle in traffic,Shoulder,"Sideswipe, same direction",Swerving/Evasive Action,None Indicated,,Daylight,Dry,Cloudy,None apparent,Non-intersection:  Non-junction/no special feature,Paved,,Property Damage Only,0,0,0,0,0,0,2100,2,2,,POINT (-95.895004960533 41.556367366934)
2014796082,14-2687,04/24/2014,04-April,5-Thursday,03:02,0300 Hours,District 1 (Central),,POLK,IA 163,IA 163/NE UNIVERSITY AVE,Collision with:  Animal,,,Animal,None Indicated,,,,,,,Paved,,Property Damage Only,0,0,0,0,0,0,20000,1,1,,POINT (-93.388115476591 41.600684864481)
2014796240,14-1984,04/24/2014,04-April,5-Thursday,18:17,1800 Hours,District 6 (East Central),HIAWATHA,LINN,,BLAIRS FERRY RD NE & C AVE,Collision with:  Vehicle in traffic,On Roadway,"Angle, oncoming left turn",FTYROW:  Making left turn,None Indicated,,Daylight,Wet,Rain,None apparent,Intersection:  T-intersection,Paved,,Property Damage Only,0,0,0,0,0,0,2500,2,2,,POINT (-91.666985397687 42.034786008116)
2014796698,2014025350,04/24/2014,04-April,5-Thursday,17:30,1700 Hours,District 5 (Southeast),,WARREN,I-35,I-35,Collision with:  Other non-fixed object (explain in narrative),On Roadway,Head-on (front to front),Other (explain in narrative):  Other,None Indicated,,Daylight,Dry,Cloudy,None apparent,Non-intersection:  Non-junction/no special feature,Paved,,Property Damage Only,0,0,0,0,0,0,7200,2,4,,POINT (-93.780422375084 41.365562152622)
2014796341,W14-039695,04/24/2014,04-April,5-Thursday,13:42,1300 Hours,District 2 (Northeast),WATERLOO,BLACK HAWK,,CLAY ST,Collision with:  Vehicle in traffic,On Roadway,Broadside (front to side),FTYROW:  From driveway,None Indicated,,Daylight,Wet,Rain,None apparent,Non-intersection:  Driveway access (within),Paved,,Property Damage Only,0,0,0,0,0,0,2200,2,3,,POINT (-92.335973679473 42.505271273837)
2014796696,2014025155,04/24/2014,04-April,5-Thursday,06:35,0600 Hours,District 6 (East Central),,IOWA,US 151,US 151/W AVE,Collision with:  Vehicle in traffic,On Roadway,Rear-end (front to rear),Followed too close,None Indicated,,Dawn,Dry,Cloudy,None apparent,Intersection:  Four-way intersection,Paved,,Property Damage Only,0,0,0,0,0,0,12000,2,2,,POINT (-91.870009710941 41.848114905726)
2014798552,,04/24/2014,04-April,5-Thursday,08:47,0800 Hours,District 1 (Central),,POLK,US 65,US 65,Collision with:  Vehicle in traffic,On Roadway,"Sideswipe, opposite direction",Crossed centerline (undivided),None Indicated,,Daylight,Wet,Rain,Work Zone (roadway-related),Non-intersection:  Non-junction/no special feature,Paved,Yes,Fatal,1,1,1,0,0,0,22000,2,2,,POINT (-93.51300723731 41.548673690334)
2014796231,201405682,04/24/2014,04-April,5-Thursday,17:10,1700 Hours,District 6 (East Central),CEDAR RAPIDS,LINN,,WILEY BLVD SW,Collision with:  Vehicle in traffic,On Roadway,"Sideswipe, same direction",Equipment failure,None Indicated,,Daylight,Wet,Rain,None apparent,Non-intersection:  Non-junction/no special feature,Paved,,Property Damage Only,0,0,0,0,0,0,1500,2,2,,POINT (-91.721044119342 41.947534352182)
2014796105,14-1887,04/24/2014,04-April,5-Thursday,13:30,1300 Hours,District 1 (Central),WEST DES MOINES,POLK,,FULLER RD & MILLS CIVIC PKWY,Collision with:  Vehicle in traffic,On Roadway,Rear-end (front to rear),Driving too fast for conditions,None Indicated,,Daylight,Wet,Rain,"Surface condition (e.g., wet, icy)",Non-intersection:  Non-junction/no special feature,Paved,,Property Damage Only,0,0,0,0,0,0,5500,2,4,,POINT (-93.765608283179 41.560005584883)
2014796389,2014-1692,04/24/2014,04-April,5-Thursday,09:49,0900 Hours,District 4 (Southwest),WAUKEE,DALLAS,US 6,US 6/HICKMAN AVE,Non-collision events:  Other non-collision (explain in narrative),On Roadway,Non-collision (single vehicle),Lost Control,None Indicated,,Daylight,Wet,Rain,None apparent,Non-intersection:  Non-junction/no special feature,Paved,,Possible/Unknown,0,1,0,0,1,0,800,1,1,,POINT (-93.881421328276 41.614930607982)
2014796474,14-011597,04/24/2014,04-April,5-Thursday,15:41,1500 Hours,District 5 (Southeast),,LEE,US 61,US 61 & Co Rd J62/255 ST,Collision with:  Vehicle in traffic,On Roadway,Broadside (front to side),FTYROW:  From yield sign,None Indicated,,Daylight,Wet,Rain,None apparent,Intersection:  Four-way intersection,Paved,,Property Damage Only,0,0,0,0,0,0,2000,2,4,,POINT (-91.424323383605 40.593613536074)
2014804451,1404251702,04/24/2014,04-April,5-Thursday,17:02,1700 Hours,District 6 (East Central),,JONES,,130 ST,Non-collision events:  Overturn/rollover,On Roadway,Non-collision (single vehicle),Driving too fast for conditions,None Indicated,,Daylight,Wet,Clear,Ruts/holes/bumps,Non-intersection:  Non-junction/no special feature,Unpaved,,Major Injury,0,1,1,0,0,0,4500,1,1,,POINT (-91.117672122768 42.12104121381)
2014796889,C14001252,04/24/2014,04-April,5-Thursday,16:10,1600 Hours,District 6 (East Central),CORALVILLE,JOHNSON,,CAMP CARDINAL BLVD,Collision with:  Vehicle in traffic,On Roadway,Rear-end (front to rear),Followed too close,None Indicated,,Daylight,Dry,Clear,None apparent,Non-intersection:  Railroad grade crossing,Paved,,Property Damage Only,0,0,0,0,0,0,7000,2,2,,POINT (-91.596033293467 41.681259838974)
2014796710,2014025340,04/24/2014,04-April,5-Thursday,17:16,1700 Hours,District 3 (Northwest),,SIOUX,,Co Rd B40/400TH ST & KIWI AVE,Collision with:  Vehicle in traffic,On Roadway,Rear-end (front to rear),Followed too close,None Indicated,,Daylight,Dry,Cloudy,None apparent,Non-intersection:  Non-junction/no special feature,Paved,,Property Damage Only,0,0,0,0,0,0,4000,2,2,,POINT (-95.958853574144 43.06966661453)
2014796357,14-003468,04/24/2014,04-April,5-Thursday,18:38,1800 Hours,District 6 (East Central),INDEPENDENCE,BUCHANAN,,THREE ELMS PARK RD SE,Collision with:  Vehicle in traffic,On Roadway,Broadside (front to side),Made improper turn,None Indicated,,Daylight,Wet,Rain,None apparent,Non-intersection:  Driveway access (within),Paved,,Property Damage Only,0,0,0,0,0,0,11500,2,2,,POINT (-91.889233082313 42.456621015775)
2014796311,2014-25415,04/24/2014,04-April,5-Thursday,04:28,0400 Hours,District 6 (East Central),DAVENPORT,SCOTT,,E LOCUST ST & GRAND AVE,Collision with:  Animal,On Roadway,Non-collision (single vehicle),Animal,None Indicated,,Dark - roadway lighted,Wet,Cloudy,None apparent,Intersection:  Four-way intersection,Paved,,Property Damage Only,0,0,0,0,0,0,10500,1,1,,POINT (-90.56486391783 41.538267142319)
2014796233,201405691,04/24/2014,04-April,5-Thursday,19:19,1900 Hours,District 6 (East Central),CEDAR RAPIDS,LINN,,3RD AVE SE & 3RD ST SE,Collision with:  Vehicle in traffic,On Roadway,"Sideswipe, same direction",Improper or erratic lane changing,None Indicated,,Dusk,Wet,Rain,None apparent,Non-intersection:  Non-junction/no special feature,Paved,,Property Damage Only,0,0,0,0,0,0,2000,2,3,,POINT (-91.665836301432 41.977645068467)
2014796235,201405693,04/24/2014,04-April,5-Thursday,20:25,2000 Hours,District 6 (East Central),CEDAR RAPIDS,LINN,IA 922,IA 922/1ST AVE W & 6TH ST SW & 6TH ST NW,Collision with:  Vehicle in traffic,On Roadway,Broadside (front to side),Ran Traffic Signal,None Indicated,,Dark - roadway lighted,Wet,Rain,None apparent,Intersection:  Four-way intersection,Paved,,Property Damage Only,0,0,0,0,0,0,4000,2,3,,POINT (-91.679471727373 41.97432625792)
2014796272,14-0885,04/24/2014,04-April,5-Thursday,17:05,1700 Hours,District 1 (Central),URBANDALE,POLK,,62ND ST,Collision with:  Vehicle in traffic,On Roadway,"Sideswipe, same direction",Other (explain in narrative):  Other,None Indicated,,Daylight,Wet,Cloudy,None apparent,Non-intersection:  Non-junction/no special feature,Paved,,Property Damage Only,0,0,0,0,0,0,3500,2,2,,POINT (-93.703175209191 41.637298957646)
2014796541,20140011037,04/24/2014,04-April,5-Thursday,20:33,2000 Hours,District 1 (Central),DES MOINES,POLK,IA 163,IA 163/E UNIVERSITY AVE & E 30TH ST,Collision with:  Vehicle in traffic,On Roadway,Broadside (front to side),Unknown,None Indicated,,Dark - roadway lighted,Dry,Cloudy,None apparent,Intersection:  Four-way intersection,Paved,,Property Damage Only,0,0,0,0,0,0,2000,2,3,,POINT (-93.558393312663 41.600524361461)