Iowa DOT Case Number,Law Enforcement Case Number,Date of Crash,Month of Crash,Day of Week,Time of Crash,Hour,DOT District,City Name,County Name,Route with System,Location Description,First Harmful Event,Location of First Harmful Event,Manner of Crash/Collision,Major Cause,Drug or Alcohol ,Environmental Conditions,Light Conditions,Surface Conditions,Weather Conditions,Roadway Contribution,Roadway Type,Roadway Surface,Work Zone,Crash Severity,Number of Fatalities,Number of Injuries,Number of Major Injuries,Number of Minor Injuries,Number of Possible Injuries,Number of Unknown Injuries,Amount of Property Damage,Number of Vehicles Involved,Total Number of Occupants,Travel Direction,Location
2014796499,14-2736,04/25/2014,04-April,6-Friday,16:52,1600 Hours,District 1 (Central),,POLK,IA 415,IA 415/NW 35TH ST,Collision with:  Animal,,,Animal,None Indicated,,,,,,,Paved,,Property Damage Only,0,0,0,0,0,0,4000,1,1,,POINT (-93.663026865171 41.718259209623)
2014796258,20140011077,04/25/2014,04-April,6-Friday,08:25,0800 Hours,District 1 (Central),DES MOINES,POLK,IA 163,IA 163/E UNIVERSITY AVE,Collision with:  Vehicle in traffic,On Roadway,Rear-end (front to rear),Lost Control,None Indicated,,Daylight,Dry,Clear,None apparent,Non-intersection:  Non-junction/no special feature,Paved,,Property Damage Only,0,0,0,0,0,0,4500,3,4,,POINT (-93.583124799287 41.600491652456)
2014826637,14009205,04/25/2014,04-April,6-Friday,14:05,1400 Hours,District 5 (Southeast),,MAHASKA,US 63,US 63,Collision with:  Vehicle in traffic,On Roadway,Rear-end (front to rear),Unknown,None Indicated,,Daylight,Dry,Clear,None apparent,Non-intersection:  Non-junction/no special feature,Paved,,Property Damage Only,0,0,0,0,0,0,4500,2,2,,POINT (-92.655969547637 41.402004191684)
2014796228,201405709,04/25/2014,04-April,6-Friday,01:44,0100 Hours,District 6 (East Central),CEDAR RAPIDS,LINN,,22ND AVE SW & WESTDALE DR SW,Collision with:  Parked motor vehicle,On Roadway,Broadside (front to side),Crossed centerline (undivided),Refused,,Dark - roadway lighted,Dry,Cloudy,None apparent,Intersection:  T-intersection,Paved,,Property Damage Only,0,0,0,0,0,0,11000,4,2,,POINT (-91.722731428376 41.957892600973)
2014796420,TC02614,04/25/2014,04-April,6-Friday,17:40,1700 Hours,District 4 (Southwest),MISSOURI VALLEY,HARRISON,,E HURON ST & N 3RD ST,Collision with:  Vehicle in traffic,On Roadway,Broadside (front to side),Other (explain in narrative):  Other,None Indicated,,Daylight,Dry,Clear,None apparent,Intersection:  Four-way intersection,Paved,,Property Damage Only,0,0,0,0,0,0,4500,2,4,,POINT (-95.891861356547 41.557392162771)
2014796391,14-003288,04/25/2014,04-April,6-Friday,14:09,1400 Hours,District 6 (East Central),MANCHESTER,DELAWARE,IA 13,IA 13/N FRANKLIN ST & W FAYETTE ST & E FAYETTE ST,Collision with:  Vehicle in traffic,On Roadway,Rear-end (front to rear),Followed too close,None Indicated,,Daylight,Dry,Clear,None apparent,Non-intersection:  Non-junction/no special feature,Paved,,Property Damage Only,0,0,0,0,0,0,4800,3,7,,POINT (-91.457916373282 42.484850747371)
2014796279,14-1907,04/25/2014,04-April,6-Friday,14:46,1400 Hours,District 1 (Central),WEST DES MOINES,POLK,,WOODLAND AVE & 32ND ST,Collision with:  Vehicle in traffic,On Roadway,Broadside (front to side),Unknown,None Indicated,,Daylight,Dry,Clear,None apparent,Non-intersection:  Driveway access (within),Paved,,Possible/Unknown,0,1,0,0,1,0,2000,2,2,,POINT (-93.747546509017 41.589019669427)
2014797023,2014-25749,04/25/2014,04-April,6-Friday,09:39,0900 Hours,District 6 (East Central),DAVENPORT,SCOTT,US 6,US 6/SPRUCE HILLS DR & ELMORE AVE,Collision with:  Vehicle in traffic,On Roadway,Rear-end (front to rear),Followed too close,None Indicated,,Daylight,Dry,Clear,None apparent,Intersection:  Four-way intersection,Paved,,Possible/Unknown,0,3,0,0,3,0,3200,4,5,,POINT (-90.527307818173 41.554946599302)
2014836675,1404252027,04/25/2014,04-April,6-Friday,20:27,2000 Hours,District 6 (East Central),,JONES,IA 136,IA 136/IOWA 136 & Co Rd E45/CO RD E-45 & 42 ST,Collision with:  Animal,,,Animal,None Indicated,,,,,,,Paved,,Property Damage Only,0,0,0,0,0,0,7000,1,1,,POINT (-90.955667267697 41.993814565036)
2014797522,201014025604,04/25/2014,04-April,6-Friday,21:29,2100 Hours,District 2 (Northeast),,WINNESHIEK,IA 9,IA 9/IOWA 9 & CENTENNIAL RD,Collision with:  Animal,On Roadway,Non-collision (single vehicle),Animal,None Indicated,,Dark - roadway not lighted,Dry,Clear,None apparent,Intersection:  T-intersection,Paved,,Property Damage Only,0,0,0,0,0,0,8000,1,1,,POINT (-91.712530046193 43.254474179197)
2014796948,14005906,04/25/2014,04-April,6-Friday,15:29,1500 Hours,District 6 (East Central),,CEDAR,US 30,US 30 & IA 38/IOWA 38 & MONROE AVE,Collision with:  Vehicle in traffic,On Roadway,"Angle, oncoming left turn",FTYROW:  From stop sign,None Indicated,,Daylight,Dry,Clear,None apparent,Intersection:  Four-way intersection,Paved,,Property Damage Only,0,0,0,0,0,0,3000,2,3,,POINT (-91.132304135867 41.888453349123)
2014797087,B14-781,04/25/2014,04-April,6-Friday,06:57,0600 Hours,District 3 (Northwest),SERGEANT BLUFF,WOODBURY,I-29,I-29 & 1ST ST,Collision with:  Vehicle in traffic,On Roadway,Rear-end (front to rear),Followed too close,None Indicated,,Daylight,Dry,Clear,None apparent,Intersection:  Intersection with ramp,Paved,,Property Damage Only,0,0,0,0,0,0,3700,2,2,,POINT (-96.368366112426 42.400662778216)
2014798850,2014025612,04/25/2014,04-April,6-Friday,21:00,2100 Hours,District 6 (East Central),,BENTON,,75 ST,Non-collision events:  Overturn/rollover,On Roadway,Non-collision (single vehicle),Ran off road - left,None Indicated,,Dark - roadway not lighted,Dry,Clear,None apparent,Non-intersection:  Non-junction/no special feature,Unpaved,,Property Damage Only,0,0,0,0,0,0,4000,1,1,,POINT (-91.878561327582 41.934302291389)
2014796749,2014004442,04/25/2014,04-April,6-Friday,00:36,0000 Hours,District 6 (East Central),IOWA CITY,JOHNSON,,W BENTON ST & ORCHARD ST & ORCHARD CT,Collision with:  Vehicle in traffic,On Roadway,Broadside (front to side),FTYROW:  From stop sign,None Indicated,,Dark - roadway lighted,Dry,Cloudy,None apparent,Intersection:  Four-way intersection,Paved,,Property Damage Only,0,0,0,0,0,0,6500,2,3,,POINT (-91.54151341598 41.650308755727)
2014800245,2014025567,04/25/2014,04-April,6-Friday,16:55,1600 Hours,District 1 (Central),,POLK,I-80,I-80,Collision with:  Vehicle in traffic,On Roadway,Rear-end (front to rear),Swerving/Evasive Action,None Indicated,,Daylight,Dry,Clear,None apparent,Non-intersection:  Non-junction/no special feature,Paved,,Possible/Unknown,0,1,0,0,1,0,9000,2,3,,POINT (-93.55984357974 41.654443430469)
2014796448,2014004469,04/25/2014,04-April,6-Friday,16:39,1600 Hours,District 6 (East Central),IOWA CITY,JOHNSON,,SANDUSKY AVE & TAYLOR DR,Collision with:  Non-motorist (see non-motorist section - NOT a unit),On Roadway,Non-collision (single vehicle),Other (explain in narrative):  Other,None Indicated,,Daylight,Dry,Clear,None apparent,Intersection:  Four-way intersection,Paved,,Minor Injury,0,1,0,1,0,0,1200,1,1,,POINT (-91.518353598399 41.636988561342)
2014796250,14-2723,04/25/2014,04-April,6-Friday,10:10,1000 Hours,District 1 (Central),BONDURANT,POLK,,32ND ST SW,Collision with:  Vehicle in traffic,On Roadway,"Sideswipe, opposite direction",FTYROW:  From stop sign,None Indicated,,Daylight,Dry,Clear,None apparent,Intersection:  Four-way intersection,Unpaved,,Property Damage Only,0,0,0,0,0,0,2500,2,2,,POINT (-93.48023623848 41.673079130152)
2014796730,14-39927,04/25/2014,04-April,6-Friday,07:07,0700 Hours,District 2 (Northeast),EVANSDALE,BLACK HAWK,,LAFAYETTE AVE & RIVER FOREST RD,Collision with:  Vehicle in traffic,On Roadway,Broadside (front to side),FTYROW:  From stop sign,None Indicated,,Daylight,Dry,Clear,None apparent,Intersection:  T-intersection,Paved,,Property Damage Only,0,0,0,0,0,0,10000,2,2,,POINT (-92.292092783345 42.478558492088)
2014796275,14-1896,04/25/2014,04-April,6-Friday,06:38,0600 Hours,District 4 (Southwest),WEST DES MOINES,DALLAS,,JORDAN CREEK PKWY & MILLS CIVIC PKWY & S JORDAN CREEK PKWY,Collision with:  Vehicle in traffic,On Roadway,Broadside (front to side),Ran Traffic Signal,None Indicated,,Daylight,Dry,Clear,None apparent,Intersection:  Four-way intersection,Paved,,Minor Injury,0,1,0,1,0,0,20000,2,2,,POINT (-93.809357200307 41.561039031536)
2014796652,14-12488,04/25/2014,04-April,6-Friday,08:42,0800 Hours,District 3 (Northwest),SIOUX CITY,WOODBURY,I-29,I-29,Collision with:  Vehicle in traffic,On Roadway,"Sideswipe, same direction",Swerving/Evasive Action,None Indicated,,Daylight,Dry,Clear,None apparent,Interchange-related:  On-ramp merge area,Paved,,Property Damage Only,0,0,0,0,0,0,3000,2,2,,POINT (-96.420266225864 42.49215901824)
2014796800,2014-25892,04/25/2014,04-April,6-Friday,17:35,1700 Hours,District 6 (East Central),DAVENPORT,SCOTT,,E 53RD ST & ELMORE CIR,Collision with:  Vehicle in traffic,On Roadway,"Sideswipe, same direction",Unknown,None Indicated,,Daylight,Dry,Clear,None apparent,Intersection:  Four-way intersection,Paved,,Property Damage Only,0,0,0,0,0,0,2000,2,2,,POINT (-90.531045423282 41.57486792232)
2014797088,042512-1,04/25/2014,04-April,6-Friday,09:25,0900 Hours,District 6 (East Central),WILLIAMSBURG,IOWA,,STATE ST & LONG ST,Collision with:  Vehicle in traffic,On Roadway,Broadside (front to side),FTYROW:  From stop sign,None Indicated,,Daylight,Dry,Clear,None apparent,Intersection:  Four-way intersection,Paved,,Property Damage Only,0,0,0,0,0,0,5500,2,3,,POINT (-92.014259384722 41.661811898541)
2014796379,CL14001229,04/25/2014,04-April,6-Friday,09:41,0900 Hours,District 6 (East Central),CLINTON,CLINTON,,5TH AVE S,Collision with fixed object:  Utility pole/light support,Unknown,Non-collision (single vehicle),Unknown,None Indicated,,Daylight,Unknown,Unknown,Unknown,Unknown,Paved,,Property Damage Only,0,0,0,0,0,0,3000,1,1,,POINT (-90.19958525097 41.841136435355)
2014796797,GP20140304,04/25/2014,04-April,6-Friday,15:52,1500 Hours,District 1 (Central),GRINNELL,POWESHIEK,IA 146,IA 146/WEST ST & MARVIN AVE,Collision with:  Vehicle in traffic,On Roadway,Rear-end (front to rear),Other (explain in narrative):  Other,Alcohol (Statutory),,Daylight,Dry,Clear,None apparent,Intersection:  Four-way intersection,Paved,,Property Damage Only,0,0,0,0,0,0,7000,2,2,,POINT (-92.727342254639 41.73307091745)
2014797099,14002349,04/25/2014,04-April,6-Friday,14:35,1400 Hours,District 2 (Northeast),MASON CITY,CERRO GORDO,,S DELAWARE AVE,Collision with:  Parked motor vehicle,On Roadway,"Sideswipe, same direction",Other (explain in narrative):  Other,None Indicated,,Daylight,Dry,Clear,None apparent,Non-intersection:  Non-junction/no special feature,Paved,,Property Damage Only,0,0,0,0,0,0,1600,2,1,,POINT (-93.199754957956 43.138810350839)
2014796324,14000194,04/25/2014,04-April,6-Friday,10:21,1000 Hours,District 5 (Southeast),ALBIA,MONROE,,2ND AVE E,Collision with:  Vehicle in traffic,On Roadway,Unknown,Unknown,None Indicated,,Daylight,Dry,Clear,None apparent,Non-intersection:  Non-junction/no special feature,Paved,,Minor Injury,0,1,0,1,0,0,3500,2,2,,POINT (-92.806814537745 41.025231717489)
2014796544,20140011112,04/25/2014,04-April,6-Friday,14:10,1400 Hours,District 1 (Central),DES MOINES,POLK,US 6,US 6/EUCLID AVE & 6TH AVE,Collision with:  Vehicle in traffic,On Roadway,"Angle, oncoming left turn",FTYROW:  Making left turn,None Indicated,,Daylight,Dry,Clear,None apparent,Intersection:  Four-way intersection,Paved,,Property Damage Only,0,0,0,0,0,0,6000,2,3,,POINT (-93.624750620286 41.62767291949)
2014796955,14003325,04/25/2014,04-April,6-Friday,23:00,2300 Hours,District 6 (East Central),,DELAWARE,,150TH AVE & FIREFLY RD,Collision with:  Animal,On Roadway,Non-collision (single vehicle),Animal,None Indicated,,Dark - roadway not lighted,"Mud, dirt",Clear,None apparent,Intersection:  T-intersection,Unpaved,,Property Damage Only,0,0,0,0,0,0,3000,1,2,,POINT (-91.51022804661 42.553291781683)
2014798947,2014025560,04/25/2014,04-April,6-Friday,16:34,1600 Hours,District 6 (East Central),,JOHNSON,I-80,I-80 & Co Rd F44/HOOVER HWY NE/HERBERT HOOVER HWY,Collision with:  Vehicle in traffic,On Roadway,Broadside (front to side),FTYROW:  From stop sign,None Indicated,,Daylight,Dry,Clear,None apparent,Interchange-related:  Off-ramp,Paved,,Property Damage Only,0,0,0,0,0,0,4500,2,2,,POINT (-91.447162304035 41.671247358317)
2014796575,14-000855,04/25/2014,04-April,6-Friday,07:00,0700 Hours,District 1 (Central),ALTOONA,POLK,,8TH ST SW & SCENIC VIEW BLVD,Collision with:  Vehicle in traffic,On Roadway,Rear-end (front to rear),Other (explain in narrative):  Vision obstructed,None Indicated,,Daylight,Dry,Clear,None apparent,Intersection:  Four-way intersection,Paved,,Property Damage Only,0,0,0,0,0,0,9000,2,3,,POINT (-93.49039601162 41.644114219893)
2014799411,2014025622,04/25/2014,04-April,6-Friday,23:38,2300 Hours,District 2 (Northeast),VENTURA,CERRO GORDO,,MARFLOW ST & S MAIN ST,Collision with fixed object:  Other fixed object (explain in narrative),Shoulder,Non-collision (single vehicle),Swerving/Evasive Action,Alcohol (Statutory),,Dark - roadway not lighted,Dry,Clear,Work Zone (roadway-related),Non-intersection:  Non-junction/no special feature,Paved,Yes,Major Injury,0,1,1,0,0,0,4000,1,1,,POINT (-93.477690277319 43.124615358172)
2014801019,A390414-1023,04/25/2014,04-April,6-Friday,19:45,1900 Hours,District 4 (Southwest),,GUTHRIE,,MAPLE AVE & 255TH ST,Collision with fixed object:  Ditch,On Roadway,Non-collision (single vehicle),Swerving/Evasive Action,None Indicated,,Daylight,"Mud, dirt",Clear,None apparent,Non-intersection:  Non-junction/no special feature,Unpaved,,Minor Injury,0,1,0,1,0,0,8010,1,2,,POINT (-94.517408239198 41.637809934041)
2014796359,042514-135,04/25/2014,04-April,6-Friday,15:40,1500 Hours,District 3 (Northwest),STORM LAKE,BUENA VISTA,IA 7,IA 7/MILWAUKEE AVE,Collision with:  Vehicle in traffic,On Roadway,"Sideswipe, same direction",Other (explain in narrative):  Other,None Indicated,,Daylight,Dry,Clear,None apparent,Intersection:  Four-way intersection,Paved,,Property Damage Only,0,0,0,0,0,0,3000,2,2,,POINT (-95.195854789612 42.647473499569)
2014796447,2014004466,04/25/2014,04-April,6-Friday,16:05,1600 Hours,District 6 (East Central),IOWA CITY,JOHNSON,,N CLINTON ST & E MARKET ST,Collision with:  Vehicle in traffic,On Roadway,"Sideswipe, same direction",Made improper turn,None Indicated,,Daylight,Dry,Clear,None apparent,Non-intersection:  Other non-intersection (explain in narrative),Paved,,Property Damage Only,0,0,0,0,0,0,5000,2,2,,POINT (-91.534571156076 41.663604632789)
2014796610,2014-25835,04/25/2014,04-April,6-Friday,15:00,1500 Hours,District 6 (East Central),DAVENPORT,SCOTT,,W PLEASANT ST & N DIVISION ST,Collision with fixed object:  Other fixed object (explain in narrative),Shoulder,Non-collision (single vehicle),Other (explain in narrative):  Other,None Indicated,,Daylight,Dry,Clear,None apparent,Non-intersection:  Non-junction/no special feature,Paved,,Property Damage Only,0,0,0,0,0,0,2000,1,1,,POINT (-90.601008686 41.539468606171)
2014796495,14004986,04/25/2014,04-April,6-Friday,11:13,1100 Hours,District 4 (Southwest),,MILLS,,Co Rd H20/GASTON AVE & Co Rd L55/287TH ST,Collision with:  Vehicle in traffic,On Roadway,"Sideswipe, same direction",Swerving/Evasive Action,None Indicated,,Daylight,Dry,Clear,None apparent,Intersection:  Four-way intersection,Paved,,Property Damage Only,0,0,0,0,0,0,2000,2,3,,POINT (-95.642300133063 41.073304811542)
2014796362,14-4259,04/25/2014,04-April,6-Friday,12:15,1200 Hours,District 3 (Northwest),CARROLL,CARROLL,,MAIN ST,Collision with:  Vehicle in traffic,On Roadway,Broadside (front to side),FTYROW:  From parked position,None Indicated,,Daylight,Dry,Cloudy,None apparent,Non-intersection:  Other non-intersection (explain in narrative),Paved,,Property Damage Only,0,0,0,0,0,0,6500,2,2,,POINT (-94.867394610946 42.065222774295)
2014796552,20140011145,04/25/2014,04-April,6-Friday,18:38,1800 Hours,District 1 (Central),DES MOINES,POLK,,ASCENSION ST & 6TH AVE,Collision with:  Vehicle in traffic,On Roadway,Rear-end (front to rear),Followed too close,None Indicated,,Daylight,Dry,Clear,None apparent,Non-intersection:  Non-junction/no special feature,Paved,,Property Damage Only,0,0,0,0,0,0,7000,3,5,,POINT (-93.625725241929 41.599339938213)
2014796248,1404251-A,04/25/2014,04-April,6-Friday,08:00,0800 Hours,District 4 (Southwest),RED OAK,MONTGOMERY,,SUMMIT ST,Collision with:  Vehicle in traffic,On Roadway,Broadside (front to side),FTYROW:  From driveway,None Indicated,,Daylight,Dry,Clear,None apparent,Non-intersection:  Driveway access (within),Paved,,Property Damage Only,0,0,0,0,0,0,5500,2,6,,POINT (-95.212445278612 41.016189098524)
2014796609,2014-25794,04/25/2014,04-April,6-Friday,12:22,1200 Hours,District 6 (East Central),DAVENPORT,SCOTT,,E 53RD ST,Collision with:  Vehicle in traffic,On Roadway,Rear-end (front to rear),Other (explain in narrative):  Other,None Indicated,,Daylight,Dry,Clear,None apparent,Non-intersection:  Non-junction/no special feature,Paved,,Possible/Unknown,0,1,0,0,1,0,6000,2,2,,POINT (-90.531237511095 41.574863042127)
2014797795,2014025461,04/25/2014,04-April,6-Friday,10:00,1000 Hours,District 1 (Central),,POLK,I-80,I-80,Collision with fixed object:  Guardrail - face,Median,Non-collision (single vehicle),Lost Control,None Indicated,,Daylight,Dry,Clear,None apparent,Non-intersection:  Non-junction/no special feature,Paved,,Property Damage Only,0,0,0,0,0,0,4000,1,2,,POINT (-93.422483367382 41.676062119862)
2014797193,14-12533,04/25/2014,04-April,6-Friday,15:13,1500 Hours,District 3 (Northwest),SIOUX CITY,WOODBURY,,CASTLES GATE DR,Collision with:  Parked motor vehicle,On Roadway,"Sideswipe, same direction",Other (explain in narrative):  Other,None Indicated,,Daylight,Dry,Cloudy,None apparent,Non-intersection:  Non-junction/no special feature,Paved,,Property Damage Only,0,0,0,0,0,0,1700,2,1,,POINT (-96.320813449615 42.461842304166)
2014796276,14-1898,04/25/2014,04-April,6-Friday,07:44,0700 Hours,District 1 (Central),WEST DES MOINES,POLK,,ASHWORTH RD & 16TH ST,Collision with:  Vehicle in traffic,On Roadway,Broadside (front to side),Unknown,None Indicated,,Daylight,Dry,Clear,None apparent,Intersection:  Four-way intersection,Paved,,Possible/Unknown,0,1,0,0,1,0,2700,2,2,,POINT (-93.725349706935 41.584640224927)
2014797710,PD143429,04/25/2014,04-April,6-Friday,16:44,1600 Hours,District 5 (Southeast),FAIRFIELD,JEFFERSON,,BUS US 34,Collision with:  Vehicle in traffic,On Roadway,Rear-end (front to rear),Lost Control,None Indicated,,Daylight,Dry,Clear,None apparent,Non-intersection:  Non-junction/no special feature,Paved,,Possible/Unknown,0,2,0,0,2,0,6000,2,2,,POINT (-91.990332557547 41.006387192306)
2014796835,,04/25/2014,04-April,6-Friday,15:40,1500 Hours,District 6 (East Central),ASBURY,DUBUQUE,,HEACOCK RD & CARVER DR,Collision with:  Vehicle in traffic,On Roadway,Head-on (front to front),FTYROW:  Making left turn,None Indicated,,Daylight,Dry,Cloudy,None apparent,Intersection:  T-intersection,Paved,,Minor Injury,0,2,0,1,1,0,17000,2,2,,POINT (-90.759925611342 42.507298035838)
2014812926,NT-14-055,04/25/2014,04-April,6-Friday,12:40,1200 Hours,District 1 (Central),NEVADA,STORY,,LINCOLN HWY,Collision with:  Vehicle in traffic,On Roadway,Rear-end (front to rear),Followed too close,Alcohol (< Statutory),,Daylight,Dry,Clear,None apparent,Non-intersection:  Non-junction/no special feature,Paved,,Possible/Unknown,0,1,0,0,0,1,9500,2,2,,POINT (-93.48457577295 42.023013877171)
2014796444,2014004456,04/25/2014,04-April,6-Friday,12:05,1200 Hours,District 6 (East Central),IOWA CITY,JOHNSON,US 218,US 218,Collision with:  Vehicle in traffic,On Roadway,"Sideswipe, same direction",Improper or erratic lane changing,None Indicated,,Daylight,Dry,Clear,None apparent,Non-intersection:  Non-junction/no special feature,Paved,,Property Damage Only,0,0,0,0,0,0,2500,2,3,,POINT (-91.593101098955 41.653707987041)
2014796569,14-1917,04/25/2014,04-April,6-Friday,21:00,2100 Hours,District 1 (Central),WEST DES MOINES,POLK,,GRAND AVE & RAILROAD AVE & E P TRUE PKWY,Collision with:  Vehicle in traffic,On Roadway,"Angle, oncoming left turn",FTYROW:  Making left turn,None Indicated,,Dark - roadway lighted,Dry,Clear,None apparent,Intersection:  Four-way intersection,Paved,,Property Damage Only,0,0,0,0,0,0,2300,2,3,,POINT (-93.731745099848 41.570917696353)
2014796443,2014004451,04/25/2014,04-April,6-Friday,07:10,0700 Hours,District 6 (East Central),IOWA CITY,JOHNSON,,F ST & 2ND AVE,Collision with:  Vehicle in traffic,On Roadway,Head-on (front to front),Crossed centerline (undivided),None Indicated,,Daylight,Dry,Clear,None apparent,Intersection:  Four-way intersection,Paved,,Property Damage Only,0,0,0,0,0,0,1500,2,2,,POINT (-91.503437696514 41.650656859773)
2014796360,042514-70,04/25/2014,04-April,6-Friday,09:56,0900 Hours,District 3 (Northwest),STORM LAKE,BUENA VISTA,,TULIP LN,Collision with:  Vehicle in traffic,On Roadway,"Sideswipe, same direction",FTYROW:  Other (explain in narrative),None Indicated,,Daylight,Dry,Clear,None apparent,Non-intersection:  Non-junction/no special feature,Paved,,Property Damage Only,0,0,0,0,0,0,2900,3,2,,POINT (-95.177309587058 42.643874395582)
2014796810,2014-25846,04/25/2014,04-April,6-Friday,14:39,1400 Hours,District 6 (East Central),DAVENPORT,SCOTT,,W 15TH ST & N DIVISION ST,Collision with:  Vehicle in traffic,On Roadway,Unknown,Unknown,None Indicated,,Daylight,Dry,Cloudy,None apparent,Non-intersection:  Non-junction/no special feature,Paved,,Property Damage Only,0,0,0,0,0,0,1500,2,1,,POINT (-90.601193687183 41.534789124892)
2014798955,2014025603,04/25/2014,04-April,6-Friday,21:09,2100 Hours,District 5 (Southeast),,LEE,US 61,US 61,Collision with:  Animal,On Roadway,Non-collision (single vehicle),Animal,Alcohol (< Statutory),,Dark - roadway not lighted,Dry,Clear,None apparent,Non-intersection:  Non-junction/no special feature,Paved,,Fatal,1,1,1,0,0,0,10000,1,2,,POINT (-91.361091988929 40.663583385798)
2014796277,14-1899,04/25/2014,04-April,6-Friday,07:45,0700 Hours,District 1 (Central),WEST DES MOINES,POLK,,VINE ST & 5TH ST,Collision with:  Vehicle in traffic,On Roadway,Broadside (front to side),Ran Stop Sign,None Indicated,,Daylight,Dry,Clear,None apparent,Intersection:  Four-way intersection,Paved,,Property Damage Only,0,0,0,0,0,0,15000,2,2,,POINT (-93.70890547049 41.577284797197)
2014796531,20140011107,04/25/2014,04-April,6-Friday,13:06,1300 Hours,District 1 (Central),DES MOINES,POLK,,UNIVERSITY AVE & 24TH ST,Collision with:  Vehicle in traffic,On Roadway,Broadside (front to side),Ran Traffic Signal,None Indicated,,Daylight,Dry,Clear,None apparent,Intersection:  Four-way intersection,Paved,,Possible/Unknown,0,1,0,0,1,0,6500,3,4,,POINT (-93.649723326258 41.600413786574)
2014796548,20140011126,04/25/2014,04-April,6-Friday,15:50,1500 Hours,District 1 (Central),DES MOINES,POLK,,SHERIDAN AVE & BEAVER AVE,Collision with:  Vehicle in traffic,On Roadway,Rear-end (front to rear),Followed too close,None Indicated,,Daylight,Dry,Clear,None apparent,Intersection:  T-intersection,Paved,,Possible/Unknown,0,1,0,0,1,0,2500,2,3,,POINT (-93.673095489245 41.618545941526)
2014797195,14-12540,04/25/2014,04-April,6-Friday,16:02,1600 Hours,District 3 (Northwest),SIOUX CITY,WOODBURY,,FLOYD BLVD,Collision with:  Vehicle in traffic,On Roadway,Broadside (front to side),FTYROW:  From parked position,None Indicated,,Daylight,Dry,Clear,None apparent,Non-intersection:  Non-junction/no special feature,Paved,,Minor Injury,0,1,0,1,0,0,3500,2,3,,POINT (-96.385789711529 42.515451994521)
2014796358,042514-103,04/25/2014,04-April,6-Friday,13:10,1300 Hours,District 3 (Northwest),STORM LAKE,BUENA VISTA,,LAKE AVE & E 12TH ST,Collision with:  Vehicle in traffic,On Roadway,"Sideswipe, same direction",Improper or erratic lane changing,None Indicated,,Daylight,Dry,Clear,None apparent,Non-intersection:  Non-junction/no special feature,Paved,,Property Damage Only,0,0,0,0,0,0,3000,2,3,,POINT (-95.200795705718 42.654060415556)
2014796354,14-6932,04/25/2014,04-April,6-Friday,17:30,1700 Hours,District 2 (Northeast),,BREMER,,DAKOTA AVE,Non-collision events:  Overturn/rollover,On Roadway,Non-collision (single vehicle),Driving too fast for conditions,None Indicated,,Daylight,"Mud, dirt",Clear,None apparent,Non-intersection:  Non-junction/no special feature,Unpaved,,Minor Injury,0,1,0,1,0,0,1800,1,1,,POINT (-92.494980014157 42.748316228967)
2014796938,14-093,04/25/2014,04-April,6-Friday,07:40,0700 Hours,District 2 (Northeast),WAVERLY,BREMER,IA 116,IA 116/4TH ST SW & 10TH AVE SW & PROP 10TH AVE SOUTH,Collision with fixed object:  Traffic sign support,Median,Non-collision (single vehicle),Crossed centerline (undivided),None Indicated,,Daylight,Dry,Clear,None apparent,Non-intersection:  Non-junction/no special feature,Paved,,Property Damage Only,0,0,0,0,0,0,2800,1,4,,POINT (-92.475467696036 42.714827184964)
2014799838,201400019729,04/25/2014,04-April,6-Friday,17:08,1700 Hours,District 5 (Southeast),OTTUMWA,WAPELLO,IA 149,IA 149/WAPELLO ST VIADUCT,Collision with:  Vehicle in traffic,On Roadway,Rear-end (front to rear),"Operating vehicle in an reckless, erratic, careless, negligent manner",None Indicated,,Daylight,Dry,Clear,None apparent,Non-intersection:  Other non-intersection (explain in narrative),Paved,,Possible/Unknown,0,1,0,0,1,0,7500,2,4,,POINT (-92.419004571337 41.018578451241)
2014797194,14-12549,04/25/2014,04-April,6-Friday,16:45,1600 Hours,District 3 (Northwest),SIOUX CITY,WOODBURY,,14TH ST & DOUGLAS ST,Collision with:  Vehicle in traffic,On Roadway,"Sideswipe, same direction",Made improper turn,None Indicated,,Daylight,Dry,Clear,None apparent,Intersection:  Other intersection (explain in narrative),Paved,,Property Damage Only,0,0,0,0,0,0,3500,2,3,,POINT (-96.406582677779 42.505002213719)
2014796238,14008223,04/25/2014,04-April,6-Friday,07:07,0700 Hours,District 6 (East Central),MARION,LINN,,5TH AVE & 11TH ST,Collision with:  Vehicle in traffic,On Roadway,Broadside (front to side),FTYROW:  From stop sign,None Indicated,,Daylight,Dry,Clear,None apparent,Intersection:  Four-way intersection,Paved,,Property Damage Only,0,0,0,0,0,0,5300,2,2,,POINT (-91.598099249737 42.031515448764)
2014796256,20140011073,04/25/2014,04-April,6-Friday,07:15,0700 Hours,District 1 (Central),DES MOINES,POLK,,E HULL AVE,Collision with:  Vehicle in traffic,On Roadway,Rear-end (front to rear),Lost Control,None Indicated,,Daylight,Dry,Clear,None apparent,Intersection:  Four-way intersection,Paved,,Possible/Unknown,0,1,0,0,1,0,4000,2,2,,POINT (-93.600678306504 41.622234779754)
2014796543,20140011110,04/25/2014,04-April,6-Friday,14:06,1400 Hours,District 1 (Central),DES MOINES,POLK,,MCKINLEY AVE & FLEUR DR,Collision with:  Vehicle in traffic,On Roadway,Broadside (front to side),Ran Traffic Signal,None Indicated,,Daylight,Dry,Clear,None apparent,Intersection:  Four-way intersection,Paved,,Property Damage Only,0,0,0,0,0,0,2000,2,2,,POINT (-93.645039710826 41.540965132698)