Iowa DOT Case Number,Law Enforcement Case Number,Date of Crash,Month of Crash,Day of Week,Time of Crash,Hour,DOT District,City Name,County Name,Route with System,Location Description,First Harmful Event,Location of First Harmful Event,Manner of Crash/Collision,Major Cause,Drug or Alcohol ,Environmental Conditions,Light Conditions,Surface Conditions,Weather Conditions,Roadway Contribution,Roadway Type,Roadway Surface,Work Zone,Crash Severity,Number of Fatalities,Number of Injuries,Number of Major Injuries,Number of Minor Injuries,Number of Possible Injuries,Number of Unknown Injuries,Amount of Property Damage,Number of Vehicles Involved,Total Number of Occupants,Travel Direction,Location
2014796863,CL14001278,04/29/2014,04-April,3-Tuesday,07:44,0700 Hours,District 6 (East Central),CLINTON,CLINTON,,S 14TH ST,Collision with:  Vehicle in traffic,On Roadway,Broadside (front to side),FTYROW:  From driveway,None Indicated,,Daylight,Wet,Cloudy,None apparent,Non-intersection:  Driveway access (within),Paved,,Property Damage Only,0,0,0,0,0,0,4500,2,2,,POINT (-90.218647409739 41.835908346206)
2014796880,02-14-6707,04/29/2014,04-April,3-Tuesday,18:12,1800 Hours,District 6 (East Central),,DUBUQUE,,Co Rd D35/MILITARY RD,Collision with:  Animal,,,Animal,None Indicated,,,,,,,Paved,,Property Damage Only,0,0,0,0,0,0,2500,1,1,,POINT (-90.690661506467 42.445758406566)
2014804170,01-14-17853,04/29/2014,04-April,3-Tuesday,09:35,0900 Hours,District 6 (East Central),DUBUQUE,DUBUQUE,,W 11TH ST & MAIN ST,Collision with:  Vehicle in traffic,On Roadway,Broadside (front to side),Ran Stop Sign,None Indicated,,Daylight,Wet,Rain,None apparent,Intersection:  Four-way intersection,Paved,,Possible/Unknown,0,1,0,0,1,0,5500,2,3,,POINT (-90.668536178683 42.503295096821)
2014796833,14-0194,04/29/2014,04-April,3-Tuesday,06:21,0600 Hours,District 5 (Southeast),,DECATUR,,Co Rd R46/PLEASANTON RD,Collision with:  Animal,On Roadway,Non-collision (single vehicle),Animal,None Indicated,,Dawn,Dry,Clear,None apparent,Non-intersection:  Non-junction/no special feature,Paved,,Property Damage Only,0,0,0,0,0,0,3000,1,2,,POINT (-93.733986863089 40.707242063666)
2014798886,032-046-14,04/29/2014,04-April,3-Tuesday,12:53,1200 Hours,District 3 (Northwest),ESTHERVILLE,EMMET,IA 9,IA 9/CENTRAL AVE &  S 13TH ST & N 13TH ST,Collision with:  Vehicle in traffic,On Roadway,Broadside (front to side),Ran Traffic Signal,None Indicated,,Daylight,Wet,Rain,None apparent,Intersection:  Four-way intersection,Paved,,Property Damage Only,0,0,0,0,0,0,3800,2,2,,POINT (-94.827723677841 43.402125396577)
2014798996,14-5909,04/29/2014,04-April,3-Tuesday,17:34,1700 Hours,District 3 (Northwest),SPENCER,CLAY,,E 5TH ST & 4TH AVE E,Collision with:  Vehicle in traffic,On Roadway,Broadside (front to side),FTYROW:  From stop sign,None Indicated,,Daylight,Wet,Rain,None apparent,Intersection:  Four-way intersection,Paved,,Property Damage Only,0,0,0,0,0,0,2000,2,2,,POINT (-95.13903372654 43.142623578465)
2014796853,W14-041577,04/29/2014,04-April,3-Tuesday,16:53,1600 Hours,District 2 (Northeast),WATERLOO,BLACK HAWK,,FLAMMANG DR & SARAH DR,Collision with:  Vehicle in traffic,On Roadway,Broadside (front to side),Ran Traffic Signal,None Indicated,,Daylight,Wet,Rain,None apparent,Intersection:  Four-way intersection,Paved,,Property Damage Only,0,0,0,0,0,0,3000,2,3,,POINT (-92.328984356157 42.460003174591)
2014796975,14-010065,04/29/2014,04-April,3-Tuesday,17:57,1700 Hours,District 5 (Southeast),,MARION,,Co Rd G46/HWY G46,Collision with:  Animal,,Non-collision (single vehicle),Animal,None Indicated,,,,,,,Paved,,Property Damage Only,0,0,0,0,0,0,1500,1,1,,POINT (-92.983099289792 41.342147956069)
2014797064,14-12981,04/29/2014,04-April,3-Tuesday,10:15,1000 Hours,District 3 (Northwest),SIOUX CITY,WOODBURY,,37TH ST & JONES ST,Collision with:  Vehicle in traffic,On Roadway,Broadside (front to side),FTYROW:  From stop sign,None Indicated,,Daylight,Wet,Clear,None apparent,Intersection:  Four-way intersection,Paved,,Property Damage Only,0,0,0,0,0,0,5000,2,3,,POINT (-96.400950452029 42.533740833629)
2014797742,K14-012228,04/29/2014,04-April,3-Tuesday,15:17,1500 Hours,District 5 (Southeast),KEOKUK,LEE,US 218,US 218/MAIN ST,Collision with:  Vehicle in traffic,On Roadway,Rear-end (front to rear),Followed too close,None Indicated,,Daylight,Wet,Rain,None apparent,Non-intersection:  Non-junction/no special feature,Paved,,Possible/Unknown,0,1,0,0,1,0,4000,2,2,,POINT (-91.401722553467 40.413421988408)
2014796795,14-016636,04/29/2014,04-April,3-Tuesday,00:33,0000 Hours,District 4 (Southwest),COUNCIL BLUFFS,POTTAWATTAMIE,,STUART RD,Collision with fixed object:  Utility pole/light support,Roadside,Non-collision (single vehicle),Ran off road - right,None Indicated,,Dark - roadway lighted,Dry,Clear,None apparent,Non-intersection:  Non-junction/no special feature,Paved,,Property Damage Only,0,0,0,0,0,0,6500,1,1,,POINT (-95.907132605615 41.212593266782)
2014796965,2014004700,04/29/2014,04-April,3-Tuesday,17:00,1700 Hours,District 6 (East Central),IOWA CITY,JOHNSON,,E COLLEGE ST,Collision with:  Parked motor vehicle,Outside trafficway,Unknown,Unknown,None Indicated,,Daylight,Unknown,Unknown,Unknown,Non-intersection:  Non-junction/no special feature,Paved,,Property Damage Only,0,0,0,0,0,0,1500,2,1,,POINT (-91.527482978036 41.658929537564)
2014796861,14006632,04/29/2014,04-April,3-Tuesday,18:12,1800 Hours,District 2 (Northeast),MASON CITY,CERRO GORDO,US 65,US 65/N FEDERAL AVE & 12TH ST NW & 12TH PL,Collision with:  Vehicle in traffic,On Roadway,Broadside (front to side),Lost Control,None Indicated,,Daylight,Wet,Rain,None apparent,Intersection:  Four-way intersection,Paved,,Property Damage Only,0,0,0,0,0,0,2500,2,2,,POINT (-93.201062884505 43.162697924265)
2014797130,201405913,04/29/2014,04-April,3-Tuesday,05:30,0500 Hours,District 6 (East Central),CEDAR RAPIDS,LINN,,5TH AVE SW & 6TH ST SW,Collision with:  Vehicle in traffic,On Roadway,Broadside (front to side),Ran Traffic Signal,None Indicated,,Dawn,Wet,Cloudy,None apparent,Intersection:  Four-way intersection,Paved,,Property Damage Only,0,0,0,0,0,0,7000,2,2,,POINT (-91.677170440324 41.970634133163)
2014796876,01-14-17922,04/29/2014,04-April,3-Tuesday,15:31,1500 Hours,District 6 (East Central),DUBUQUE,DUBUQUE,,GREEN ST & ASBURY RD,Collision with:  Vehicle in traffic,On Roadway,Broadside (front to side),FTYROW:  From stop sign,None Indicated,,Daylight,Wet,Rain,None apparent,Intersection:  Four-way intersection,Paved,,Property Damage Only,0,0,0,0,0,0,1700,2,5,,POINT (-90.697677343356 42.50214652151)
2014899594,NT-14-057,04/29/2014,04-April,3-Tuesday,17:00,1700 Hours,District 1 (Central),NEVADA,STORY,,6TH ST & N AVE,Collision with:  Vehicle in traffic,On Roadway,Broadside (front to side),Ran Stop Sign,None Indicated,,Daylight,Wet,Cloudy,None apparent,Intersection:  Four-way intersection,Paved,,Property Damage Only,0,0,0,0,0,0,5000,2,2,,POINT (-93.452288345615 42.024694776475)
2014799842,201400020416,04/29/2014,04-April,3-Tuesday,13:36,1300 Hours,District 5 (Southeast),OTTUMWA,WAPELLO,,W 2ND ST & S CASS ST & N CASS ST,Collision with:  Vehicle in traffic,On Roadway,"Sideswipe, same direction",FTYROW:  Other (explain in narrative),None Indicated,,Daylight,Dry,Cloudy,None apparent,Non-intersection:  Non-junction/no special feature,Paved,,Property Damage Only,0,0,0,0,0,0,4500,2,3,,POINT (-92.416654020633 41.022124794372)
2014796877,01-14-17982,04/29/2014,04-April,3-Tuesday,22:39,2200 Hours,District 6 (East Central),DUBUQUE,DUBUQUE,,LORAS BLVD & LOCUST ST S,Collision with:  Vehicle in traffic,On Roadway,Broadside (front to side),Ran Traffic Signal,None Indicated,,Dark - roadway lighted,Wet,Cloudy,None apparent,Intersection:  Four-way intersection,Paved,,Minor Injury,0,1,0,1,0,0,6000,2,2,,POINT (-90.670927001154 42.505441950543)
2014797821,14-003509,04/29/2014,04-April,3-Tuesday,16:00,1600 Hours,District 4 (Southwest),ATLANTIC,CASS,US 6,US 6/7TH ST & HOSPITAL DR,Collision with:  Vehicle in traffic,On Roadway,"Angle, oncoming left turn",Ran Traffic Signal,None Indicated,,Daylight,Dry,Cloudy,None apparent,Non-intersection:  Driveway access (within),Paved,,Property Damage Only,0,0,0,0,0,0,4500,2,3,,POINT (-94.99027992822 41.403847936249)
2014797025,2014-26771,04/29/2014,04-April,3-Tuesday,08:49,0800 Hours,District 6 (East Central),DAVENPORT,SCOTT,,E 53RD ST & TREMONT AVE,Collision with:  Vehicle in traffic,On Roadway,Broadside (front to side),Ran Traffic Signal,None Indicated,,Daylight,Wet,Rain,None apparent,Intersection:  Four-way intersection,Paved,,Possible/Unknown,0,2,0,0,2,0,10000,2,3,,POINT (-90.560821158568 41.574684242881)
2014796919,14-016699,04/29/2014,04-April,3-Tuesday,12:40,1200 Hours,District 4 (Southwest),COUNCIL BLUFFS,POTTAWATTAMIE,US 6,US 6/W BROADWAY/KANESVILLE BLVD,Collision with:  Vehicle in traffic,On Roadway,"Sideswipe, same direction",Unknown,None Indicated,,Daylight,Wet,Cloudy,None apparent,Non-intersection:  Non-junction/no special feature,Paved,,Property Damage Only,0,0,0,0,0,0,2000,2,5,,POINT (-95.855692309071 41.261894464955)
2014796782,20140011530,04/29/2014,04-April,3-Tuesday,10:58,1000 Hours,District 1 (Central),DES MOINES,POLK,,UNIVERSITY AVE & 41ST ST,Collision with:  Vehicle in traffic,On Roadway,Broadside (front to side),FTYROW:  From driveway,None Indicated,,Daylight,Wet,Rain,None apparent,Non-intersection:  Driveway access (within),Paved,,Property Damage Only,0,0,0,0,0,0,4500,2,3,,POINT (-93.6728943037 41.600343552071)
2014797664,,04/29/2014,04-April,3-Tuesday,11:05,1100 Hours,District 6 (East Central),MARION,LINN,IA 100,IA 100/COLLINS RD SE,Collision with:  Vehicle in traffic,On Roadway,Rear-end (front to rear),Unknown,None Indicated,,Daylight,Wet,Cloudy,,Non-intersection:  Driveway access (within),Paved,,Property Damage Only,0,0,0,0,0,0,1900,2,15,,POINT (-91.619652507419 42.023607960611)
2014796898,14-017634,04/29/2014,04-April,3-Tuesday,06:41,0600 Hours,District 5 (Southeast),MUSCATINE,MUSCATINE,,GRANDVIEW AVE & WARREN ST,Collision with:  Vehicle in traffic,On Roadway,"Angle, oncoming left turn",Ran Traffic Signal,None Indicated,,Daylight,Wet,Rain,None apparent,Intersection:  Four-way intersection,Paved,,Minor Injury,0,1,0,1,0,0,4500,2,4,,POINT (-91.063693734665 41.408768317567)
2014797132,201405927,04/29/2014,04-April,3-Tuesday,12:23,1200 Hours,District 6 (East Central),CEDAR RAPIDS,LINN,,AMANDA CT NW & IRIS AVE NW & EDGEWOOD RD NW,Collision with:  Vehicle in traffic,On Roadway,Rear-end (front to rear),Lost Control,None Indicated,,Daylight,Dry,Cloudy,None apparent,Non-intersection:  Non-junction/no special feature,Paved,,Minor Injury,0,1,0,1,0,0,7000,2,2,,POINT (-91.715964979261 41.982386768981)
2014796952,14-005913,04/29/2014,04-April,3-Tuesday,21:22,2100 Hours,District 3 (Northwest),,CLAY,US 18,US 18/HIGHWAY BLVD & US 71 & Co Rd B19/320TH ST,Collision with:  Animal,,,Animal,None Indicated,,,,,,,Paved,,Property Damage Only,0,0,0,0,0,0,2000,1,1,,POINT (-95.150189737034 43.184077819357)
2014797131,201405915,04/29/2014,04-April,3-Tuesday,06:04,0600 Hours,District 6 (East Central),CEDAR RAPIDS,LINN,,A AVE NE & 7TH ST NE,Collision with:  Vehicle in traffic,On Roadway,Broadside (front to side),Ran Traffic Signal,None Indicated,,Daylight,Dry,Cloudy,None apparent,Intersection:  Four-way intersection,Paved,,Property Damage Only,0,0,0,0,0,0,4000,2,2,,POINT (-91.664075989459 41.982749257675)
2014801689,,04/29/2014,04-April,3-Tuesday,14:05,1400 Hours,District 5 (Southeast),,MUSCATINE,IA 70,IA 70/IOWA 70,Collision with fixed object:  Other fixed object (explain in narrative),On Roadway,Non-collision (single vehicle),Driving too fast for conditions,None Indicated,,Daylight,Wet,Rain,None apparent,Non-intersection:  Non-junction/no special feature,Paved,,Property Damage Only,0,0,0,0,0,0,8000,1,2,,POINT (-91.251584031534 41.54960241647)
2014797924,2014-26812,04/29/2014,04-April,3-Tuesday,11:55,1100 Hours,District 6 (East Central),DAVENPORT,SCOTT,,E 53RD ST & GRAND AVE,Collision with:  Vehicle in traffic,On Roadway,Rear-end (front to rear),Followed too close,None Indicated,,Daylight,Dry,Cloudy,None apparent,Intersection:  T-intersection,Paved,,Possible/Unknown,0,1,0,0,1,0,1000,2,4,,POINT (-90.565237813068 41.574606787219)
2014797144,14009653,04/29/2014,04-April,3-Tuesday,14:13,1400 Hours,District 5 (Southeast),OSKALOOSA,MAHASKA,,1ST AVE E & S 7TH ST,Collision with:  Vehicle in traffic,On Roadway,Broadside (front to side),Ran Stop Sign,None Indicated,,Daylight,Wet,Cloudy,None apparent,Intersection:  Four-way intersection,Paved,,Property Damage Only,0,0,0,0,0,0,8500,2,2,,POINT (-92.636816317665 41.294438796693)
2014798090,201401341,04/29/2014,04-April,3-Tuesday,11:01,1100 Hours,District 6 (East Central),,LINN,US 151,US 151 & IA 100/COLLINS RD SE & SECRIST RD,Collision with:  Vehicle in traffic,On Roadway,Rear-end (front to rear),Followed too close,None Indicated,,Daylight,Dry,Cloudy,None apparent,Intersection:  Four-way intersection,Paved,,Possible/Unknown,0,1,0,0,1,0,4500,2,3,,POINT (-91.550211048314 42.019905720092)
2014797914,2014-26814,04/29/2014,04-April,3-Tuesday,12:10,1200 Hours,District 6 (East Central),DAVENPORT,SCOTT,,W LOCUST ST & N LINCOLN AVE,Collision with fixed object:  Utility pole/light support,On Roadway,Non-collision (single vehicle),Other (explain in narrative):  Other,None Indicated,,Daylight,Dry,Cloudy,None apparent,Intersection:  Four-way intersection,Paved,,Property Damage Only,0,0,0,0,0,0,3001,1,1,,POINT (-90.613150000992 41.53821732005)
2014797315,20141457,04/29/2014,04-April,3-Tuesday,05:40,0500 Hours,District 1 (Central),,GRUNDY,US 20,US 20,Collision with:  Animal,,Non-collision (single vehicle),Animal,None Indicated,,,,,,,Paved,,Property Damage Only,0,0,0,0,0,0,6300,1,1,,POINT (-92.618107124871 42.46134914842)
2014810768,14-018-AC-C,04/29/2014,04-April,3-Tuesday,06:10,0600 Hours,District 3 (Northwest),MILFORD,DICKINSON,US 71,US 71,Collision with:  Animal,,,Animal,None Indicated,,,,,,,Paved,,Property Damage Only,0,0,0,0,0,0,4500,1,1,,POINT (-95.146502167054 43.346827404404)
2014796774,20140011512,04/29/2014,04-April,3-Tuesday,08:01,0800 Hours,District 1 (Central),DES MOINES,POLK,,MAPLE ST & E 28TH ST,Collision with:  Vehicle in traffic,On Roadway,Broadside (front to side),Ran Stop Sign,None Indicated,,Daylight,Wet,Rain,None apparent,Intersection:  Four-way intersection,Paved,,Possible/Unknown,0,2,0,0,2,0,11000,2,7,,POINT (-93.563258580359 41.598374917403)
2014797153,14-001873,04/29/2014,04-April,3-Tuesday,17:50,1700 Hours,District 1 (Central),ANKENY,POLK,,NW STATE ST,Collision with:  Vehicle in traffic,On Roadway,"Sideswipe, same direction",FTYROW:  Other (explain in narrative),None Indicated,,Daylight,Wet,Rain,None apparent,Non-intersection:  Non-junction/no special feature,Paved,,Property Damage Only,0,0,0,0,0,0,3500,2,4,,POINT (-93.621503570759 41.731965823277)
2014796908,20140011574,04/29/2014,04-April,3-Tuesday,17:19,1700 Hours,District 1 (Central),DES MOINES,POLK,,GUTHRIE AVE & E 12TH ST,Collision with:  Vehicle in traffic,On Roadway,Broadside (front to side),Ran Stop Sign,None Indicated,,Daylight,Wet,Rain,None apparent,Intersection:  Four-way intersection,Paved,,Property Damage Only,0,0,0,0,0,0,6000,2,2,,POINT (-93.604175786637 41.614983663121)
2014797594,14009641,04/29/2014,04-April,3-Tuesday,12:24,1200 Hours,District 5 (Southeast),OSKALOOSA,MAHASKA,IA 92,IA 92/A AVE W,Collision with:  Vehicle in traffic,On Roadway,Rear-end (front to rear),Driving too fast for conditions,None Indicated,,Daylight,Wet,Rain,None apparent,Non-intersection:  Non-junction/no special feature,Paved,,Property Damage Only,0,0,0,0,0,0,2300,2,2,,POINT (-92.652381281942 41.296243363088)
2014797329,14-12221,04/29/2014,04-April,3-Tuesday,13:00,1300 Hours,District 5 (Southeast),,LEE,US 61,US 61,Collision with:  Vehicle in traffic,On Roadway,Rear-end (front to rear),Followed too close,None Indicated,,Daylight,Dry,Cloudy,None apparent,Non-intersection:  Non-junction/no special feature,Paved,,Possible/Unknown,0,1,0,0,1,0,2600,2,2,,POINT (-91.426630636568 40.544576327139)
2014796860,14006627,04/29/2014,04-April,3-Tuesday,15:45,1500 Hours,District 2 (Northeast),MASON CITY,CERRO GORDO,,19TH ST SW,Collision with:  Vehicle in traffic,On Roadway,"Sideswipe, same direction",FTYROW:  Other (explain in narrative),None Indicated,,Daylight,Wet,Rain,None apparent,Non-intersection:  Non-junction/no special feature,Paved,,Property Damage Only,0,0,0,0,0,0,2500,2,3,,POINT (-93.241383147004 43.133804441101)
2014797540,,04/29/2014,04-April,3-Tuesday,16:32,1600 Hours,District 1 (Central),TAMA,TAMA,US 63,US 63/HARDING ST & 17TH ST,Collision with:  Vehicle in traffic,On Roadway,"Sideswipe, same direction",FTYROW:  From driveway,None Indicated,,,,,,Non-intersection:  Driveway access (within),Paved,,Property Damage Only,0,0,0,0,0,0,9000,3,4,,POINT (-92.581686584756 41.975575305403)
2014798149,14-002094,04/29/2014,04-April,3-Tuesday,15:24,1500 Hours,District 1 (Central),AMES,STORY,,6TH ST & N HAZEL AVE & BROOKRIDGE AVE,Collision with:  Vehicle in traffic,On Roadway,Rear-end (front to rear),Followed too close,None Indicated,,Daylight,Wet,Cloudy,None apparent,Intersection:  Four-way intersection,Paved,,Property Damage Only,0,0,0,0,0,0,8600,2,2,,POINT (-93.62666160895 42.026739313729)
2014805213,2014026086,04/29/2014,04-April,3-Tuesday,06:10,0600 Hours,District 4 (Southwest),CASEY,GUTHRIE,,Co Rd F63/310TH RD,Collision with:  Animal,,,Animal,None Indicated,,,,,,,Paved,,Property Damage Only,0,0,0,0,0,0,8000,1,1,,POINT (-94.561768548047 41.561548733952)
2014797154,14-001876,04/29/2014,04-April,3-Tuesday,21:45,2100 Hours,District 1 (Central),ANKENY,POLK,US 69,US 69/S ANKENY BLVD & SE SHURFINE DR,Collision with:  Vehicle in traffic,On Roadway,"Angle, oncoming left turn",Ran Traffic Signal,Alcohol (Statutory),,Dark - roadway lighted,Wet,Rain,None apparent,Intersection:  Four-way intersection,Paved,,Property Damage Only,0,0,0,0,0,0,3500,2,3,,POINT (-93.600514995592 41.711937671887)
2014796918,14-016663,04/29/2014,04-April,3-Tuesday,07:25,0700 Hours,District 4 (Southwest),COUNCIL BLUFFS,POTTAWATTAMIE,,AVE G & N 28TH ST,Collision with:  Vehicle in traffic,On Roadway,Broadside (front to side),FTYROW:  From stop sign,None Indicated,,Dawn,Wet,Rain,None apparent,Intersection:  Four-way intersection,Paved,,Property Damage Only,0,0,0,0,0,0,6000,2,4,,POINT (-95.889136118313 41.268111349262)
2014798152,14-002115,04/29/2014,04-April,3-Tuesday,19:00,1900 Hours,District 1 (Central),AMES,STORY,,REAGAN DR,Collision with:  Parked motor vehicle,On Roadway,Unknown,Unknown,None Indicated,,Dusk,Wet,Cloudy,None apparent,Non-intersection:  Non-junction/no special feature,Paved,,Property Damage Only,0,0,0,0,0,0,2000,2,1,,POINT (-93.631715041988 42.051551673712)
2014796912,20140011539,04/29/2014,04-April,3-Tuesday,12:45,1200 Hours,District 1 (Central),DES MOINES,POLK,US 69,US 69/SE 14TH ST,Collision with:  Vehicle in traffic,On Roadway,Rear-end (front to rear),Followed too close,None Indicated,,Daylight,Wet,Cloudy,"Surface condition (e.g., wet, icy)",Non-intersection:  Non-junction/no special feature,Paved,,Minor Injury,0,1,0,1,0,0,1550,3,4,,POINT (-93.596869912444 41.581523898473)
2014797925,2014-26961,04/29/2014,04-April,3-Tuesday,20:57,2000 Hours,District 6 (East Central),DAVENPORT,SCOTT,,W 53RD ST & NORTHWEST BLVD,Collision with:  Vehicle in traffic,On Roadway,Broadside (front to side),Unknown,None Indicated,,Dark - roadway lighted,Wet,Rain,None apparent,Intersection:  Four-way intersection,Paved,,Possible/Unknown,0,1,0,0,1,0,3000,2,4,,POINT (-90.593843899521 41.574587888627)
2014796771,14-2817,04/29/2014,04-April,3-Tuesday,00:33,0000 Hours,District 1 (Central),,POLK,,NE 54TH AVE,Collision with fixed object:  Other fixed object (explain in narrative),On Roadway,Non-collision (single vehicle),Ran off road - right,None Indicated,,Dark - roadway not lighted,Dry,Clear,None apparent,Non-intersection:  Non-junction/no special feature,Paved,,Property Damage Only,0,0,0,0,0,0,4000,1,1,,POINT (-93.441982972343 41.658640998365)
2014796901,14-2835,04/29/2014,04-April,3-Tuesday,16:35,1600 Hours,District 1 (Central),ANKENY,POLK,,NE 22ND ST & NE 66TH AVE & SE DELAWARE AVE & CORPORATE WOODS DR,Collision with:  Vehicle in traffic,On Roadway,Broadside (front to side),FTYROW:  Making left turn,None Indicated,,Daylight,Wet,Rain,None apparent,Intersection:  Four-way intersection,Paved,,Possible/Unknown,0,1,0,0,1,0,8000,2,2,,POINT (-93.581311937734 41.680556633538)
2014796852,14041637,04/29/2014,04-April,3-Tuesday,20:35,2000 Hours,District 2 (Northeast),CEDAR FALLS,BLACK HAWK,,HUDSON RD,Collision with:  Animal,On Roadway,Non-collision (single vehicle),Animal,None Indicated,,Dark - roadway not lighted,Wet,Rain,None apparent,Non-intersection:  Non-junction/no special feature,Paved,,Property Damage Only,0,0,0,0,0,0,2000,1,3,,POINT (-92.465451806841 42.486873952963)
2014797783,S79140139,04/29/2014,04-April,3-Tuesday,09:10,0900 Hours,District 1 (Central),SEARSBORO,POWESHIEK,IA 146,IA 146/IOWA 146 & Co Rd F62/CO RD F62,Collision with fixed object:  Ditch,Outside trafficway,Non-collision (single vehicle),Ran off road - straight,None Indicated,,Daylight,Dry,Clear,None apparent,Intersection:  Y-intersection,Paved,,Property Damage Only,0,0,0,0,0,0,3000,1,1,,POINT (-92.70351786249 41.574115926572)
2014797324,N14000178,04/29/2014,04-April,3-Tuesday,21:42,2100 Hours,District 6 (East Central),NORTH LIBERTY,JOHNSON,,KANSAS AVE,Collision with:  Parked motor vehicle,On Roadway,Broadside (front to side),Ran off road - right,Alcohol (Statutory),,Dark - roadway lighted,Wet,Cloudy,None apparent,Non-intersection:  Non-junction/no special feature,Unpaved,,Property Damage Only,0,0,0,0,0,0,6250,2,1,,POINT (-91.636190982504 41.747538286317)
2014797286,14-595,04/29/2014,04-April,3-Tuesday,11:31,1100 Hours,District 3 (Northwest),SPIRIT LAKE,DICKINSON,US 71,US 71/18TH ST & PEORIA AVE,Collision with:  Vehicle in traffic,On Roadway,Rear-end (front to rear),Followed too close,None Indicated,,Daylight,Dry,Rain,None apparent,Intersection:  Four-way intersection,Paved,,Property Damage Only,0,0,0,0,0,0,4000,2,2,,POINT (-95.111874517641 43.422674805538)
2014797065,14-12987,04/29/2014,04-April,3-Tuesday,12:17,1200 Hours,District 3 (Northwest),SIOUX CITY,WOODBURY,,41ST ST & OUTER DR N & DIVISION ST,Collision with:  Vehicle in traffic,On Roadway,Rear-end (front to rear),Driver Distraction:  Inattentive/lost in thought,None Indicated,,Daylight,Wet,Rain,None apparent,Intersection:  Four-way intersection,Paved,,Possible/Unknown,0,2,0,0,2,0,1800,2,5,,POINT (-96.380871135446 42.54068381301)
2014796907,20140011572,04/29/2014,04-April,3-Tuesday,17:37,1700 Hours,District 1 (Central),DES MOINES,POLK,,AURORA AVE & BEAVER AVE,Collision with:  Vehicle in traffic,On Roadway,Rear-end (front to rear),Driving too fast for conditions,None Indicated,,Daylight,Wet,Rain,None apparent,Intersection:  T-intersection,Paved,,Property Damage Only,0,0,0,0,0,0,3000,2,3,,POINT (-93.678136153764 41.636809895253)
2014796971,201401348,04/29/2014,04-April,3-Tuesday,22:50,2200 Hours,District 6 (East Central),,LINN,,OLD RIVER RD,Collision with fixed object:  Ditch,Outside trafficway,Non-collision (single vehicle),Driving too fast for conditions,None Indicated,,Dark - roadway not lighted,Wet,Rain,None apparent,Non-intersection:  Other non-intersection (explain in narrative),Unpaved,,Property Damage Only,0,0,0,0,0,0,5000,1,3,,POINT (-91.574914952211 41.954234328126)
2014796879,02-14-6702,04/29/2014,04-April,3-Tuesday,16:33,1600 Hours,District 6 (East Central),DYERSVILLE,DUBUQUE,US 20,US 20,Collision with:  Vehicle in traffic,On Roadway,"Sideswipe, same direction",Other (explain in narrative):  No improper action,None Indicated,,Daylight,Wet,Rain,None apparent,Non-intersection:  Non-junction/no special feature,Paved,,Property Damage Only,0,0,0,0,0,0,6000,2,2,,POINT (-91.097535487584 42.469374692845)
2014797466,14-8413,04/29/2014,04-April,3-Tuesday,01:50,0100 Hours,District 6 (East Central),,SCOTT,,Co Rd F51/TERRITORIAL RD,Collision with fixed object:  Utility pole/light support,Roadside,Non-collision (single vehicle),Crossed centerline (undivided),None Indicated,,Dark - roadway not lighted,Wet,Rain,None apparent,Non-intersection:  Non-junction/no special feature,Paved,,Minor Injury,0,1,0,1,0,0,16000,1,1,,POINT (-90.413264805629 41.614542979067)
2014797332,14-012233,04/29/2014,04-April,3-Tuesday,15:50,1500 Hours,District 5 (Southeast),MONTROSE,LEE,US 61,US 61 & US 218,Collision with:  Vehicle in traffic,On Roadway,Rear-end (front to rear),Unknown,None Indicated,,Daylight,Dry,Clear,None apparent,Intersection:  T-intersection,Paved,,Property Damage Only,0,0,0,0,0,0,2001,2,2,,POINT (-91.441695849929 40.512593345003)
2014797004,14-1971,04/29/2014,04-April,3-Tuesday,18:05,1800 Hours,District 1 (Central),WEST DES MOINES,POLK,,STONEBRIDGE RD & 50TH ST,Collision with:  Vehicle in traffic,On Roadway,"Angle, oncoming left turn",FTYROW:  From stop sign,None Indicated,,Daylight,Wet,Rain,None apparent,Intersection:  Four-way intersection,Paved,,Property Damage Only,0,0,0,0,0,0,4000,2,3,,POINT (-93.770923668569 41.576381274846)
2014797702,14-5811,04/29/2014,04-April,3-Tuesday,09:28,0900 Hours,District 6 (East Central),,JACKSON,US 52,US 52/GREAT RIVER RD,Collision with:  Vehicle in traffic,On Roadway,"Sideswipe, opposite direction",Crossed centerline (undivided),None Indicated,,Daylight,Wet,Rain,None apparent,Non-intersection:  Non-junction/no special feature,Paved,,Property Damage Only,0,0,0,0,0,0,10200,2,2,,POINT (-90.466238680558 42.313635264984)
2014799843,201400020475,04/29/2014,04-April,3-Tuesday,17:55,1700 Hours,District 5 (Southeast),OTTUMWA,WAPELLO,,W VINE ST & N WARD ST,Collision with:  Vehicle in traffic,On Roadway,Broadside (front to side),Ran Stop Sign,None Indicated,,Daylight,Wet,Rain,None apparent,Intersection:  Four-way intersection,Paved,,Minor Injury,0,2,0,2,0,0,9200,2,3,,POINT (-92.423524229992 41.004926763578)
2014797215,,04/29/2014,04-April,3-Tuesday,16:15,1600 Hours,District 3 (Northwest),ARNOLDS PARK,DICKINSON,US 71,US 71/OKOBOJI GROVE RD & BROADWAY ST,Collision with:  Vehicle in traffic,On Roadway,Rear-end (front to rear),Followed too close,None Indicated,,Daylight,Wet,Rain,None apparent,Intersection:  Four-way intersection,Paved,,Property Damage Only,0,0,0,0,0,0,4700,3,8,,POINT (-95.128407104112 43.367776248255)
2014796903,20140011570,04/29/2014,04-April,3-Tuesday,17:00,1700 Hours,District 1 (Central),DES MOINES,POLK,,UNIVERSITY AVE & 2ND AVE,Collision with:  Vehicle in traffic,On Roadway,"Angle, oncoming left turn",FTYROW:  Making left turn,None Indicated,,Daylight,Wet,Rain,None apparent,Non-intersection:  Driveway access (within),Paved,,Property Damage Only,0,0,0,0,0,0,10000,2,5,,POINT (-93.619746770592 41.60031808164)