Iowa DOT Case Number,Law Enforcement Case Number,Date of Crash,Month of Crash,Day of Week,Time of Crash,Hour,DOT District,City Name,County Name,Route with System,Location Description,First Harmful Event,Location of First Harmful Event,Manner of Crash/Collision,Major Cause,Drug or Alcohol ,Environmental Conditions,Light Conditions,Surface Conditions,Weather Conditions,Roadway Contribution,Roadway Type,Roadway Surface,Work Zone,Crash Severity,Number of Fatalities,Number of Injuries,Number of Major Injuries,Number of Minor Injuries,Number of Possible Injuries,Number of Unknown Injuries,Amount of Property Damage,Number of Vehicles Involved,Total Number of Occupants,Travel Direction,Location
2014796917,S14-001438,04/29/2014,04-April,3-Tuesday,07:02,0700 Hours,District 4 (Southwest),,POTTAWATTAMIE,,245TH ST & HICKORY RD,Non-collision events:  Overturn/rollover,Shoulder,Non-collision (single vehicle),Ran off road - right,Alcohol (Statutory),,Daylight,Wet,Rain,None apparent,Non-intersection:  Other non-intersection (explain in narrative),Unpaved,,Possible/Unknown,0,2,0,0,2,0,16000,1,4,,POINT (-95.718016142923 41.303984407576)
2014801366,2014-26854,04/29/2014,04-April,3-Tuesday,14:56,1400 Hours,District 6 (East Central),DAVENPORT,SCOTT,,E 53RD ST,Collision with:  Vehicle in traffic,Shoulder,"Sideswipe, same direction",Swerving/Evasive Action,None Indicated,,Daylight,Wet,Cloudy,None apparent,Non-intersection:  Non-junction/no special feature,Paved,,Property Damage Only,0,0,0,0,0,0,8000,2,3,,POINT (-90.56382332562 41.574585814395)
2014798026,14-019,04/29/2014,04-April,3-Tuesday,21:47,2100 Hours,District 3 (Northwest),,CALHOUN,IA 7,IA 7/190TH ST,Collision with:  Animal,,,Animal,None Indicated,,,,,,,Paved,,Property Damage Only,0,0,0,0,0,0,3500,1,1,,POINT (-94.589137297296 42.517177238035)
2014796909,20140011578,04/29/2014,04-April,3-Tuesday,18:28,1800 Hours,District 1 (Central),DES MOINES,POLK,,CENTER ST,Collision with:  Vehicle in traffic,On Roadway,Broadside (front to side),FTYROW:  From driveway,None Indicated,,Daylight,Wet,Rain,None apparent,Non-intersection:  Driveway access (within),Paved,,Possible/Unknown,0,2,0,0,2,0,1700,2,5,,POINT (-93.632994009615 41.591662008736)
2014797078,2014026151,04/29/2014,04-April,3-Tuesday,10:00,1000 Hours,District 1 (Central),,WEBSTER,US 20,US 20/235TH ST & RACINE AVE,Collision with fixed object:  Ditch,Shoulder,Non-collision (single vehicle),Ran off road - right,None Indicated,,Daylight,Dry,Cloudy,None apparent,Non-intersection:  Non-junction/no special feature,Paved,,Property Damage Only,0,0,0,0,0,0,10000,1,1,,POINT (-94.067686297328 42.449267433272)
2014796874,01-14-17864,04/29/2014,04-April,3-Tuesday,10:55,1000 Hours,District 6 (East Central),DUBUQUE,DUBUQUE,,PENNSYLVANIA AVE,Collision with:  Vehicle in traffic,On Roadway,Rear-end (front to rear),Lost Control,None Indicated,,Daylight,Wet,Rain,None apparent,Non-intersection:  Non-junction/no special feature,Paved,,Possible/Unknown,0,1,0,0,1,0,2100,2,2,,POINT (-90.740029947144 42.501107850364)
2014797322,14-006835,04/29/2014,04-April,3-Tuesday,16:59,1600 Hours,District 5 (Southeast),,HENRY,,Co Rd H46/OAKLAND MILLS RD,Collision with fixed object:  Ditch,Roadside,Non-collision (single vehicle),Ran off road - right,Drug,,Daylight,Dry,Cloudy,None apparent,Non-intersection:  Non-junction/no special feature,Paved,,Possible/Unknown,0,1,0,0,1,0,6342,1,1,,POINT (-91.581629486653 40.938882812337)
2014796906,20140011561,04/29/2014,04-April,3-Tuesday,16:19,1600 Hours,District 1 (Central),DES MOINES,POLK,IA 163,IA 163/E UNIVERSITY AVE & E 37TH ST,Collision with:  Vehicle in traffic,On Roadway,"Sideswipe, same direction",FTYROW:  Other (explain in narrative),None Indicated,,Daylight,Wet,Rain,None apparent,Intersection:  Other intersection (explain in narrative),Paved,,Property Damage Only,0,0,0,0,0,0,7500,3,5,,POINT (-93.543826551884 41.600657240835)
2014798545,,04/29/2014,04-April,3-Tuesday,17:12,1700 Hours,District 2 (Northeast),CHARLES CITY,FLOYD,US 18,US 18/S GRAND AVE & OLD HWY RD,Collision with:  Vehicle in traffic,On Roadway,"Angle, oncoming left turn",FTYROW:  Making left turn,None Indicated,,Daylight,Dry,Clear,None apparent,Intersection:  T-intersection,Paved,,Property Damage Only,0,0,0,0,0,0,16800,2,2,,POINT (-92.672572351731 43.051033331258)
2014796781,20140011508,04/29/2014,04-April,3-Tuesday,07:17,0700 Hours,District 1 (Central),DES MOINES,POLK,IA 28,IA 28/63RD ST & PLEASANT DR,Collision with:  Vehicle in traffic,On Roadway,Rear-end (front to rear),Lost Control,None Indicated,,Daylight,Wet,Rain,None apparent,Non-intersection:  Non-junction/no special feature,Paved,,Property Damage Only,0,0,0,0,0,0,7000,2,2,,POINT (-93.703516788861 41.59140521851)
2014797219,,04/29/2014,04-April,3-Tuesday,15:40,1500 Hours,District 1 (Central),TAMA,TAMA,US 63,US 63/13TH ST/HARDING ST,Collision with:  Vehicle in traffic,On Roadway,Rear-end (front to rear),Driving too fast for conditions,None Indicated,,,,,,,Paved,,Property Damage Only,0,0,0,0,0,0,6000,2,3,,POINT (-92.581739657942 41.971153217424)
2014800246,2014026149,04/29/2014,04-April,3-Tuesday,10:02,1000 Hours,District 1 (Central),,MARSHALL,IA 330,IA 330/MARSHALLTOWN BLVD,Collision with:  Vehicle in traffic,On Roadway,Rear-end (front to rear),FTYROW:  From driveway,None Indicated,,Daylight,Wet,Rain,None apparent,Non-intersection:  Driveway access (within),Paved,,Possible/Unknown,0,1,0,0,1,0,15000,2,5,,POINT (-93.213262851513 41.876632460976)
2014799412,2014026119,04/29/2014,04-April,3-Tuesday,07:59,0700 Hours,District 6 (East Central),DAVENPORT,SCOTT,I-80,I-80,Collision with fixed object:  Guardrail - face,Shoulder,Non-collision (single vehicle),Ran off road - right,None Indicated,,Daylight,Wet,Rain,None apparent,Non-intersection:  Non-junction/no special feature,Paved,,Property Damage Only,0,0,0,0,0,0,23485,1,1,,POINT (-90.562575354384 41.595003737215)
2014796910,20140011580,04/29/2014,04-April,3-Tuesday,18:52,1800 Hours,District 1 (Central),DES MOINES,POLK,,SCHOOL ST,Collision with:  Vehicle in traffic,On Roadway,Broadside (front to side),FTYROW:  From driveway,None Indicated,,Daylight,Wet,Rain,None apparent,Non-intersection:  Driveway access (within),Paved,,Property Damage Only,0,0,0,0,0,0,6000,2,4,,POINT (-93.660052484807 41.595437001023)
2014796788,20140011537,04/29/2014,04-April,3-Tuesday,12:26,1200 Hours,District 1 (Central),DES MOINES,POLK,,ELDER LN & SW 9TH ST,Collision with fixed object:  Curb/island/raised median,On Roadway,"Sideswipe, same direction",Swerving/Evasive Action,None Indicated,,Daylight,Wet,Rain,None apparent,Non-intersection:  Non-junction/no special feature,Paved,,Property Damage Only,0,0,0,0,0,0,6000,2,2,,POINT (-93.625743264155 41.545278173407)
2014797525,2014026244,04/29/2014,04-April,3-Tuesday,16:50,1600 Hours,District 4 (Southwest),,GUTHRIE,,160TH ST & HICKORY AVE,Collision with:  Vehicle in traffic,On Roadway,Broadside (front to side),FTYROW:  From yield sign,None Indicated,,Daylight,"Mud, dirt",Rain,None apparent,Intersection:  Four-way intersection,Unpaved,,Minor Injury,0,1,0,1,0,0,9000,2,2,,POINT (-94.608908531352 41.776610795821)
2014796737,CL14001277,04/29/2014,04-April,3-Tuesday,01:53,0100 Hours,District 6 (East Central),CLINTON,CLINTON,US 67,US 67/N 2ND ST,Collision with:  Parked motor vehicle,On Roadway,"Sideswipe, same direction",Separation of units,Refused,,Dark - roadway lighted,Dry,Cloudy,None apparent,Non-intersection:  Non-junction/no special feature,Paved,,Property Damage Only,0,0,0,0,0,0,5000,2,1,,POINT (-90.1871750308 41.851432662139)
2014796870,14-14319,04/29/2014,04-April,3-Tuesday,23:08,2300 Hours,District 5 (Southeast),WEST BURLINGTON,DES MOINES,US 34,US 34/SE RAMP/SE LOOP & S GEAR AVE & SE COMM COLL BURLINGTON,Collision with fixed object:  Traffic sign support,Outside trafficway,Non-collision (single vehicle),Unknown,None Indicated,,Dark - roadway lighted,Dry,Cloudy,None apparent,Non-intersection:  Driveway access (within),Paved,,Property Damage Only,0,0,0,0,0,0,150000,1,1,,POINT (-91.170123077187 40.815353736896)
2014796854,W14-041602,04/29/2014,04-April,3-Tuesday,17:59,1700 Hours,District 2 (Northeast),WATERLOO,BLACK HAWK,,HENRY CT & HAMMOND AVE,Collision with fixed object:  Utility pole/light support,On Roadway,Non-collision (single vehicle),Ran off road - right,None Indicated,,Daylight,Wet,Rain,None apparent,Non-intersection:  Non-junction/no special feature,Paved,,Property Damage Only,0,0,0,0,0,0,2000,1,1,,POINT (-92.337617134776 42.4867918106)
2014801725,14-03815,04/29/2014,04-April,3-Tuesday,15:45,1500 Hours,District 5 (Southeast),MOUNT PLEASANT,HENRY,,E HARVEY PL,Collision with:  Vehicle in traffic,On Roadway,Rear-end (front to rear),Improper Backing,None Indicated,,Daylight,Dry,Cloudy,None apparent,Non-intersection:  Non-junction/no special feature,Paved,,Property Damage Only,0,0,0,0,0,0,5800,2,3,,POINT (-91.531530136236 40.96810769286)
2014797356,2014004022,04/29/2014,04-April,3-Tuesday,21:01,2100 Hours,District 1 (Central),MARSHALLTOWN,MARSHALL,,E ANSON ST & S 7TH AVE,Collision with:  Vehicle in traffic,On Roadway,Broadside (front to side),Ran Stop Sign,Alcohol (Statutory),,Dark - roadway lighted,Wet,Rain,None apparent,Intersection:  Four-way intersection,Paved,,Possible/Unknown,0,3,0,0,3,0,13000,2,5,,POINT (-92.901314526359 42.038251775944)
2014796775,20140011526,04/29/2014,04-April,3-Tuesday,09:53,0900 Hours,District 1 (Central),DES MOINES,POLK,,E BELL AVE & SE 6TH ST,Collision with:  Vehicle in traffic,On Roadway,Broadside (front to side),FTYROW:  From stop sign,None Indicated,,Daylight,Wet,Cloudy,None apparent,Intersection:  Four-way intersection,Paved,,Possible/Unknown,0,1,0,0,1,0,4000,2,2,,POINT (-93.605247244197 41.562663895854)
2014799657,2014-26912,04/29/2014,04-April,3-Tuesday,17:33,1700 Hours,District 6 (East Central),DAVENPORT,SCOTT,I-74,I-74 & E 53RD ST,Collision with:  Vehicle in traffic,On Roadway,Rear-end (front to rear),Lost Control,None Indicated,,Daylight,Dry,Cloudy,None apparent,Intersection:  Four-way intersection,Paved,,Property Damage Only,0,0,0,0,0,0,2500,2,2,,POINT (-90.524031337075 41.574807066831)
2014797026,2014-26779,04/29/2014,04-April,3-Tuesday,09:10,0900 Hours,District 6 (East Central),DAVENPORT,SCOTT,,GRAND AVE,Collision with fixed object:  Other fixed object (explain in narrative),Outside trafficway,Non-collision (single vehicle),Lost Control,None Indicated,,Daylight,Wet,Cloudy,None apparent,Non-intersection:  Alley,Paved,,Property Damage Only,0,0,0,0,0,0,12000,1,1,,POINT (-90.564873891735 41.533529985759)
2014798150,14-002098,04/29/2014,04-April,3-Tuesday,17:26,1700 Hours,District 1 (Central),AMES,STORY,US 69,US 69/S DUFF AVE,Collision with:  Vehicle in traffic,On Roadway,Rear-end (front to rear),Driving too fast for conditions,None Indicated,,Daylight,Wet,Rain,None apparent,Non-intersection:  Non-junction/no special feature,Paved,,Property Damage Only,0,0,0,0,0,0,2000,2,4,,POINT (-93.61002254436 42.004699762504)
2014797797,2014026257,04/29/2014,04-April,3-Tuesday,18:34,1800 Hours,District 1 (Central),,JASPER,I-80,I-80,Collision with fixed object:  Culvert/pipe opening,Shoulder,Non-collision (single vehicle),Downhill runaway,None Indicated,,Daylight,Wet,Rain,None apparent,Non-intersection:  Non-junction/no special feature,Paved,,Possible/Unknown,0,1,0,0,1,0,19000,1,1,,POINT (-93.307273197998 41.681886215154)
2014797328,14-012193,04/29/2014,04-April,3-Tuesday,06:42,0600 Hours,District 5 (Southeast),,LEE,US 61,US 61,Collision with:  Animal,,Non-collision (single vehicle),Animal,None Indicated,,,,,,,Paved,,Property Damage Only,0,0,0,0,0,0,4000,1,1,,POINT (-91.26361097691 40.673337322897)
2014797079,2014026184,04/29/2014,04-April,3-Tuesday,11:40,1100 Hours,District 5 (Southeast),,MAHASKA,IA 163,IA 163/IOWA 163,Collision with fixed object:  Tree,Outside trafficway,Non-collision (single vehicle),Swerving/Evasive Action,None Indicated,,Daylight,Wet,Rain,None apparent,Non-intersection:  Non-junction/no special feature,Paved,,Property Damage Only,0,0,0,0,0,0,2500,1,2,,POINT (-92.791078390754 41.366289310606)
2014797321,14-006810,04/29/2014,04-April,3-Tuesday,10:42,1000 Hours,District 5 (Southeast),,HENRY,US 218,US 218,Collision with:  Other non-fixed object (explain in narrative),On Roadway,"Sideswipe, opposite direction",Cargo/equipment loss or shift,None Indicated,,Daylight,Dry,Cloudy,Obstruction in roadway,Non-intersection:  Non-junction/no special feature,Paved,,Minor Injury,0,1,0,1,0,0,12500,2,2,,POINT (-91.540093329422 41.1523706579)
2014796891,201405930,04/29/2014,04-April,3-Tuesday,13:36,1300 Hours,District 6 (East Central),CEDAR RAPIDS,LINN,IA 922,IA 922/1ST AVE E & 10TH ST SE & 10TH ST NE,Collision with:  Non-motorist (see non-motorist section - NOT a unit),On Roadway,Non-collision (single vehicle),FTYROW:  To pedestrian,None Indicated,,Daylight,Dry,Cloudy,None apparent,Intersection:  Four-way intersection,Paved,,Possible/Unknown,0,1,0,0,1,0,0,1,1,,POINT (-91.659841160485 41.983798675724)
2014796976,2014004026,04/30/2014,04-April,4-Wednesday,08:04,0800 Hours,District 1 (Central),MARSHALLTOWN,MARSHALL,IA 14,IA 14/S CENTER ST & W INGLEDUE ST & E INGLEDUE ST,Collision with:  Vehicle in traffic,On Roadway,Broadside (front to side),FTYROW:  From stop sign,None Indicated,,Daylight,Dry,Cloudy,None apparent,Intersection:  Four-way intersection,Paved,,Property Damage Only,0,0,0,0,0,0,3000,2,2,,POINT (-92.912680015825 42.032082449112)
2014797081,2014026501,04/30/2014,04-April,4-Wednesday,14:55,1400 Hours,District 2 (Northeast),,CERRO GORDO,,Co Rd B30/260TH ST & Co Rd S14/BALSAM AVE,Collision with:  Vehicle in traffic,On Roadway,Broadside (front to side),Ran Stop Sign,None Indicated,,Daylight,Wet,Rain,None apparent,Intersection:  Four-way intersection,Paved,,Major Injury,0,4,2,2,0,0,20000,2,4,,POINT (-93.477793393875 43.141021783217)
2014797577,14-10482,04/30/2014,04-April,4-Wednesday,10:51,1000 Hours,District 1 (Central),NEWTON,JASPER,,N 4TH AVE E & E 12TH ST N,Collision with:  Vehicle in traffic,On Roadway,Broadside (front to side),Ran Stop Sign,None Indicated,,Daylight,Wet,Rain,None apparent,Intersection:  Four-way intersection,Paved,,Major Injury,0,1,1,0,0,0,4500,2,3,,POINT (-93.038676973546 41.702727685183)
2014796913,20140011613,04/30/2014,04-April,4-Wednesday,07:04,0700 Hours,District 1 (Central),DES MOINES,POLK,,DIXON ST,Collision with:  Vehicle in traffic,On Roadway,"Sideswipe, opposite direction",FTYROW:  Other (explain in narrative),None Indicated,,Daylight,Wet,Rain,Work Zone (roadway-related),Non-intersection:  Non-junction/no special feature,Paved,Yes,Property Damage Only,0,0,0,0,0,0,5500,2,2,,POINT (-93.590764613294 41.628978503738)
2014797556,14006671,04/30/2014,04-April,4-Wednesday,13:11,1300 Hours,District 2 (Northeast),MASON CITY,CERRO GORDO,,1ST ST NE,Collision with:  Vehicle in traffic,On Roadway,Broadside (front to side),FTYROW:  Other (explain in narrative),None Indicated,,Daylight,Wet,Rain,"Surface condition (e.g., wet, icy)",Non-intersection:  Alley,Paved,,Property Damage Only,0,0,0,0,0,0,1700,2,3,,POINT (-93.197045262058 43.152727552903)
2014797094,W14-041702,04/30/2014,04-April,4-Wednesday,00:53,0000 Hours,District 2 (Northeast),WATERLOO,BLACK HAWK,US 218,US 218/WASHINGTON ST & MARIGOLD DR,Collision with:  Vehicle in traffic,On Roadway,"Angle, oncoming left turn",Swerving/Evasive Action,None Indicated,,Dark - roadway not lighted,Wet,Rain,None apparent,Intersection:  T-intersection,Paved,,Property Damage Only,0,0,0,0,0,0,1502,2,2,,POINT (-92.290690384009 42.435744850472)
2014796997,20140011678,04/30/2014,04-April,4-Wednesday,18:46,1800 Hours,District 1 (Central),DES MOINES,POLK,I-235,I-235 & SCHOOL ST & 7TH ST,Collision with:  Vehicle in traffic,On Roadway,Broadside (front to side),Ran Traffic Signal,None Indicated,,Daylight,Wet,Rain,None apparent,Intersection:  Four-way intersection,Paved,,Property Damage Only,0,0,0,0,0,0,4200,2,4,,POINT (-93.626837579842 41.595244592539)
2014797731,14062178,04/30/2014,04-April,4-Wednesday,16:45,1600 Hours,District 6 (East Central),,JOHNSON,IA 22,IA 22/IOWA 22,Collision with:  Vehicle in traffic,On Roadway,Rear-end (front to rear),Swerving/Evasive Action,None Indicated,,Daylight,Dry,Clear,Work Zone (roadway-related),Non-intersection:  Non-junction/no special feature,Paved,Yes,Possible/Unknown,0,1,0,0,1,0,4000,2,2,,POINT (-91.423224864746 41.496088240212)
2014797183,14-002107,04/30/2014,04-April,4-Wednesday,11:05,1100 Hours,District 1 (Central),AMES,STORY,,KELLOGG AVE,Collision with:  Vehicle in traffic,On Roadway,Rear-end (front to rear),Driving too fast for conditions,None Indicated,,Daylight,Wet,Rain,None apparent,Non-intersection:  Railroad grade crossing,Paved,,Property Damage Only,0,0,0,0,0,0,3700,2,2,,POINT (-93.613683084842 42.024972097839)
2014796996,20140011677,04/30/2014,04-April,4-Wednesday,18:17,1800 Hours,District 1 (Central),DES MOINES,POLK,,UNIVERSITY CT & 9TH ST,Collision with:  Vehicle in traffic,On Roadway,"Sideswipe, same direction",Swerving/Evasive Action,None Indicated,,Daylight,Wet,Rain,None apparent,Non-intersection:  Non-junction/no special feature,Paved,,Property Damage Only,0,0,0,0,0,0,2500,2,2,,POINT (-93.629408145431 41.600472759794)
2014797172,14-0473,04/30/2014,04-April,4-Wednesday,15:46,1500 Hours,District 1 (Central),PLEASANT HILL,POLK,IA 163,IA 163/E UNIVERSITY AVE,Collision with:  Vehicle in traffic,On Roadway,Rear-end (front to rear),Other (explain in narrative):  Other,None Indicated,,Daylight,Wet,Rain,None apparent,Non-intersection:  Non-junction/no special feature,Paved,,Possible/Unknown,0,2,0,0,2,0,18000,2,2,,POINT (-93.50438243847 41.599071634988)
2014797057,14-1248,04/30/2014,04-April,4-Wednesday,20:13,2000 Hours,District 1 (Central),FORT DODGE,WEBSTER,,2ND AVE N & N 22ND ST,Collision with:  Vehicle in traffic,On Roadway,Broadside (front to side),Other (explain in narrative):  Other,None Indicated,,Dark - roadway lighted,Wet,Rain,None apparent,Intersection:  Four-way intersection,Paved,,Possible/Unknown,0,1,0,0,1,0,4000,2,4,,POINT (-94.168013646883 42.508339222477)
2014797001,14-0939,04/30/2014,04-April,4-Wednesday,14:00,1400 Hours,District 1 (Central),URBANDALE,POLK,,86TH ST,Collision with:  Vehicle in traffic,On Roadway,Broadside (front to side),Ran Traffic Signal,None Indicated,,Daylight,Wet,Rain,None apparent,Intersection:  Four-way intersection,Paved,,Property Damage Only,0,0,0,0,0,0,7000,2,2,,POINT (-93.736548553526 41.630514731187)
2014806994,201406017,04/30/2014,04-April,4-Wednesday,19:15,1900 Hours,District 6 (East Central),CEDAR RAPIDS,LINN,,EDGEWOOD RD NE,Collision with:  Vehicle in traffic,On Roadway,"Sideswipe, same direction",Crossed centerline (undivided),Under Influence of Alcohol/Drugs/Medications,,Dusk,Wet,Rain,None apparent,Non-intersection:  Non-junction/no special feature,Paved,,Property Damage Only,0,0,0,0,0,0,2000,2,2,,POINT (-91.70228670514 42.017529107531)
2014797092,14041808,04/30/2014,04-April,4-Wednesday,11:02,1100 Hours,District 2 (Northeast),CEDAR FALLS,BLACK HAWK,,HUDSON RD,Collision with:  Vehicle in traffic,On Roadway,Rear-end (front to rear),Other (explain in narrative):  Other,None Indicated,,Daylight,Wet,Rain,None apparent,Non-intersection:  Non-junction/no special feature,Paved,,Property Damage Only,0,0,0,0,0,0,7000,2,2,,POINT (-92.465564712541 42.512198917856)
2014797030,2014-27190,04/30/2014,04-April,4-Wednesday,13:21,1300 Hours,District 6 (East Central),DAVENPORT,SCOTT,,IA 461/BRADY ST/WELCOME WAY & W 59TH ST & E 59TH ST,Collision with:  Vehicle in traffic,On Roadway,Broadside (front to side),Ran Traffic Signal,None Indicated,,Daylight,Dry,Cloudy,None apparent,Intersection:  Four-way intersection,Paved,,Minor Injury,0,2,0,1,1,0,5500,3,3,,POINT (-90.571430508257 41.579943503395)
2014796964,2014004682,04/30/2014,04-April,4-Wednesday,07:47,0700 Hours,District 6 (East Central),IOWA CITY,JOHNSON,US 6,US 6,Collision with:  Vehicle in traffic,On Roadway,Rear-end (front to rear),Followed too close,None Indicated,,Daylight,Dry,Cloudy,None apparent,Non-intersection:  Non-junction/no special feature,Paved,,Possible/Unknown,0,1,0,0,1,0,8000,2,2,,POINT (-91.557261147734 41.665720131778)
2014810699,140430JD01,04/30/2014,04-April,4-Wednesday,18:01,1800 Hours,District 3 (Northwest),ORANGE CITY,SIOUX,IA 10,IA 10/8TH ST SE,Collision with:  Vehicle in traffic,On Roadway,Rear-end (front to rear),Followed too close,None Indicated,,Daylight,Dry,Cloudy,None apparent,Non-intersection:  Non-junction/no special feature,Paved,,Property Damage Only,0,0,0,0,0,0,4500,3,3,,POINT (-96.055731236206 42.997534466085)
2014797353,14086,04/30/2014,04-April,4-Wednesday,11:30,1100 Hours,District 5 (Southeast),PELLA,MARION,,LIBERTY ST & MAIN ST,Collision with:  Vehicle in traffic,On Roadway,Rear-end (front to rear),FTYROW:  From parked position,None Indicated,,Daylight,Wet,Rain,None apparent,Non-intersection:  Non-junction/no special feature,Paved,,Property Damage Only,0,0,0,0,0,0,1900,2,3,,POINT (-92.916491339381 41.405379637737)
2014797217,,04/30/2014,04-April,4-Wednesday,15:00,1500 Hours,District 4 (Southwest),AUDUBON,AUDUBON,,BROADWAY,Collision with:  Vehicle in traffic,On Roadway,Broadside (front to side),FTYROW:  From parked position,None Indicated,,Daylight,Wet,Rain,None apparent,Non-intersection:  Non-junction/no special feature,Paved,,Property Damage Only,0,0,0,0,0,0,2500,2,4,,POINT (-94.932959612595 41.720610576609)
2014800247,2014026284,04/30/2014,04-April,4-Wednesday,06:19,0600 Hours,District 1 (Central),,POLK,I-80,I-80,Collision with:  Vehicle in traffic,On Roadway,Rear-end (front to rear),Driving too fast for conditions,None Indicated,,Daylight,Wet,Rain,Work Zone (roadway-related),Non-intersection:  Non-junction/no special feature,Paved,Yes,Property Damage Only,0,0,0,0,0,0,5000,2,2,,POINT (-93.459124689947 41.669130198707)
2014797264,14-4460,04/30/2014,04-April,4-Wednesday,15:01,1500 Hours,District 3 (Northwest),CARROLL,CARROLL,,3RD ST & CLARK ST,Collision with:  Vehicle in traffic,On Roadway,Broadside (front to side),FTYROW:  From stop sign,None Indicated,,Daylight,Wet,Rain,None apparent,Intersection:  Other intersection (explain in narrative),Paved,,Possible/Unknown,0,1,0,0,0,1,3500,2,3,,POINT (-94.865727106058 42.061935669053)
2014797773,14-016884,04/30/2014,04-April,4-Wednesday,17:31,1700 Hours,District 4 (Southwest),COUNCIL BLUFFS,POTTAWATTAMIE,,GLEASON AVE & BONHAM AVE,Collision with:  Vehicle in traffic,On Roadway,Broadside (front to side),Ran Stop Sign,None Indicated,,Daylight,Wet,Cloudy,None apparent,Intersection:  T-intersection,Paved,,Minor Injury,0,1,0,1,0,0,3000,2,3,,POINT (-95.82736344258 41.260946026393)
2014796890,201405972,04/30/2014,04-April,4-Wednesday,07:17,0700 Hours,District 6 (East Central),CEDAR RAPIDS,LINN,,3RD AVE SE,Collision with:  Vehicle in traffic,On Roadway,Rear-end (front to rear),Other (explain in narrative):  Other,None Indicated,,Daylight,Wet,Cloudy,None apparent,Non-intersection:  Non-junction/no special feature,Paved,,Property Damage Only,0,0,0,0,0,0,1500,2,4,,POINT (-91.658443972073 41.981927028484)
2014798825,14-036,04/30/2014,04-April,4-Wednesday,16:26,1600 Hours,District 3 (Northwest),SIOUX CENTER,SIOUX,US 75,US 75/MAIN AVE & 20TH ST SW & 20TH ST SE,Collision with:  Vehicle in traffic,On Roadway,"Angle, oncoming left turn",FTYROW:  Making left turn,None Indicated,,Daylight,Wet,Cloudy,None apparent,Intersection:  Four-way intersection,Paved,,Major Injury,0,1,1,0,0,0,8500,2,3,,POINT (-96.175289175343 43.055189577112)
2014797136,201406009,04/30/2014,04-April,4-Wednesday,18:19,1800 Hours,District 6 (East Central),CEDAR RAPIDS,LINN,,32ND ST NE & OAKLAND RD NE,Collision with:  Vehicle in traffic,On Roadway,Broadside (front to side),Ran Traffic Signal,None Indicated,,Daylight,Wet,Rain,None apparent,Intersection:  Four-way intersection,Paved,,Possible/Unknown,0,1,0,0,0,1,6000,2,2,,POINT (-91.658413235587 42.010404940284)
2014797330,14012277,04/30/2014,04-April,4-Wednesday,06:11,0600 Hours,District 5 (Southeast),,LEE,IA 16,IA 16/IOWA 16,Collision with:  Animal,,Non-collision (single vehicle),Animal,None Indicated,,,,,,,Paved,,Property Damage Only,0,0,0,0,0,0,2500,1,1,,POINT (-91.280515642675 40.739682700451)
2014797118,C14001325,04/30/2014,04-April,4-Wednesday,17:38,1700 Hours,District 6 (East Central),CORALVILLE,JOHNSON,,12TH AVE & DEMPSTER DR,Collision with:  Vehicle in traffic,On Roadway,Rear-end (front to rear),Followed too close,None Indicated,,Daylight,Wet,Rain,None apparent,Intersection:  T-intersection,Paved,,Minor Injury,0,1,0,1,0,0,17300,3,3,,POINT (-91.590721530084 41.718194841708)
2014797019,2014-7963,04/30/2014,04-April,4-Wednesday,17:04,1700 Hours,District 6 (East Central),BETTENDORF,SCOTT,I-74,I-74,Collision with:  Vehicle in traffic,On Roadway,Rear-end (front to rear),Followed too close,None Indicated,,Daylight,Dry,Cloudy,None apparent,Non-intersection:  Non-junction/no special feature,Paved,,Property Damage Only,0,0,0,0,0,0,5500,2,2,,POINT (-90.521798999474 41.552576348458)
2014797012,14-016863,04/30/2014,04-April,4-Wednesday,15:45,1500 Hours,District 4 (Southwest),COUNCIL BLUFFS,POTTAWATTAMIE,US 6,US 6/KANESVILLE BLVD & NORTH AVE,Collision with:  Vehicle in traffic,On Roadway,Rear-end (front to rear),Driving too fast for conditions,None Indicated,,Daylight,Wet,Rain,None apparent,Intersection:  Four-way intersection,Paved,,Property Damage Only,0,0,0,0,0,0,4500,2,3,,POINT (-95.830971797547 41.271250645428)
2014797145,14-010121,04/30/2014,04-April,4-Wednesday,13:05,1300 Hours,District 5 (Southeast),,MARION,,Co Rd G28/HWY G28,Collision with:  Vehicle in traffic,On Roadway,"Sideswipe, same direction",Followed too close,None Indicated,,Daylight,Wet,Rain,None apparent,Non-intersection:  Non-junction/no special feature,Paved,,Property Damage Only,0,0,0,0,0,0,2500,2,5,,POINT (-93.05142103485 41.420297006327)
2014798554,14006072,04/30/2014,04-April,4-Wednesday,15:10,1500 Hours,District 5 (Southeast),,APPANOOSE,IA 5,IA 5/IOWA 5,Collision with fixed object:  Other fixed object (explain in narrative),On Roadway,Non-collision (single vehicle),Crossed centerline (undivided),None Indicated,,Daylight,Dry,Cloudy,None apparent,Non-intersection:  Non-junction/no special feature,Paved,,Minor Injury,0,1,0,1,0,0,5200,1,1,,POINT (-92.974246370186 40.598791635379)
2014797229,,04/30/2014,04-April,4-Wednesday,21:35,2100 Hours,District 6 (East Central),CAMANCHE,CLINTON,,9TH AVE,Collision with:  Animal,On Roadway,Non-collision (single vehicle),Animal,None Indicated,,Dark - roadway not lighted,Wet,Rain,None apparent,Non-intersection:  Non-junction/no special feature,Paved,,Property Damage Only,0,0,0,0,0,0,1500,1,1,,POINT (-90.276297932992 41.800322067709)