Iowa DOT Case Number,Law Enforcement Case Number,Date of Crash,Month of Crash,Day of Week,Time of Crash,Hour,DOT District,City Name,County Name,Route with System,Location Description,First Harmful Event,Location of First Harmful Event,Manner of Crash/Collision,Major Cause,Drug or Alcohol ,Environmental Conditions,Light Conditions,Surface Conditions,Weather Conditions,Roadway Contribution,Roadway Type,Roadway Surface,Work Zone,Crash Severity,Number of Fatalities,Number of Injuries,Number of Major Injuries,Number of Minor Injuries,Number of Possible Injuries,Number of Unknown Injuries,Amount of Property Damage,Number of Vehicles Involved,Total Number of Occupants,Travel Direction,Location
2014797137,201406016,04/30/2014,04-April,4-Wednesday,20:30,2000 Hours,District 6 (East Central),CEDAR RAPIDS,LINN,IA 922,IA 922/1ST AVE W & 5TH ST NW,Collision with:  Vehicle in traffic,On Roadway,Broadside (front to side),Ran Traffic Signal,None Indicated,,Dark - roadway lighted,Wet,Rain,None apparent,Intersection:  Four-way intersection,Paved,,Property Damage Only,0,0,0,0,0,0,1600,2,4,,POINT (-91.678280070804 41.974753857919)
2014797582,C14001324,04/30/2014,04-April,4-Wednesday,17:25,1700 Hours,District 6 (East Central),CORALVILLE,JOHNSON,US 6,US 6/2ND ST,Collision with:  Vehicle in traffic,On Roadway,Rear-end (front to rear),Other (explain in narrative):  Other,None Indicated,,Daylight,Dry,Cloudy,None apparent,Intersection:  Four-way intersection,Paved,,Property Damage Only,0,0,0,0,0,0,3500,3,5,,POINT (-91.594940261877 41.681246479708)
2014797066,14-13103,04/30/2014,04-April,4-Wednesday,13:01,1300 Hours,District 3 (Northwest),SIOUX CITY,WOODBURY,IA 12,IA 12/GORDON DR & COURT ST,Collision with:  Vehicle in traffic,On Roadway,Rear-end (front to rear),Followed too close,None Indicated,,Daylight,Wet,Rain,None apparent,Intersection:  Four-way intersection,Paved,,Property Damage Only,0,0,0,0,0,0,2000,2,2,,POINT (-96.396339279167 42.489791861142)
2014797013,14-016891,04/30/2014,04-April,4-Wednesday,17:55,1700 Hours,District 4 (Southwest),COUNCIL BLUFFS,POTTAWATTAMIE,,32ND AVE,Collision with:  Vehicle in traffic,On Roadway,Broadside (front to side),Unknown,None Indicated,,Daylight,Wet,Cloudy,None apparent,Non-intersection:  Non-junction/no special feature,Paved,,Property Damage Only,0,0,0,0,0,0,3000,2,2,,POINT (-95.851433741397 41.228217170793)
2014800875,2014-27243,04/30/2014,04-April,4-Wednesday,18:23,1800 Hours,District 6 (East Central),DAVENPORT,SCOTT,,W LOCUST ST & HICKORY GROVE RD & N DIVISION ST,Collision with:  Vehicle in traffic,On Roadway,"Sideswipe, same direction",Other (explain in narrative):  Other,None Indicated,,Daylight,Dry,Clear,None apparent,Intersection:  Four-way intersection,Paved,,Property Damage Only,0,0,0,0,0,0,3500,2,3,,POINT (-90.601077565245 41.53825417734)
2014797503,14-13117,04/30/2014,04-April,4-Wednesday,14:29,1400 Hours,District 3 (Northwest),SIOUX CITY,WOODBURY,,5TH ST & DOUGLAS ST,Collision with:  Vehicle in traffic,On Roadway,Broadside (front to side),Ran Traffic Signal,None Indicated,,Daylight,Wet,Rain,None apparent,Intersection:  Four-way intersection,Paved,,Property Damage Only,0,0,0,0,0,0,5000,2,2,,POINT (-96.406382560824 42.495274332704)
2014797730,14061934,04/30/2014,04-April,4-Wednesday,07:32,0700 Hours,District 6 (East Central),,JOHNSON,IA 22,IA 22/IOWA 22 & Co Rd X14/WAPSI AVE SE,Collision with:  Vehicle in traffic,On Roadway,Broadside (front to side),FTYROW:  From stop sign,None Indicated,,Daylight,Dry,Cloudy,None apparent,Intersection:  Four-way intersection,Paved,,Possible/Unknown,0,1,0,0,0,1,20000,2,4,,POINT (-91.425656019305 41.496121551167)
2014797096,W14-041898,04/30/2014,04-April,4-Wednesday,16:41,1600 Hours,District 2 (Northeast),WATERLOO,BLACK HAWK,,E RIDGEWAY AVE & BALTIMORE ST,Collision with:  Vehicle in traffic,On Roadway,"Angle, oncoming left turn",Ran Stop Sign,None Indicated,,Daylight,Wet,Rain,None apparent,Intersection:  Four-way intersection,Paved,,Property Damage Only,0,0,0,0,0,0,8500,2,3,,POINT (-92.34962479303 42.46936218923)
2014797135,201405982,04/30/2014,04-April,4-Wednesday,11:30,1100 Hours,District 6 (East Central),CEDAR RAPIDS,LINN,,42ND ST NE & EDGEWOOD RD NE,Collision with:  Vehicle in traffic,Shoulder,Rear-end (front to rear),Other (explain in narrative):  Other,None Indicated,,Daylight,Dry,Cloudy,None apparent,Intersection:  Four-way intersection,Paved,,Possible/Unknown,0,1,0,0,1,0,10000,2,2,,POINT (-91.70228498846 42.021771099603)
2014797354,14087,04/30/2014,04-April,4-Wednesday,13:51,1300 Hours,District 5 (Southeast),PELLA,MARION,,TRUMAN ST & S CLARK ST,Collision with:  Vehicle in traffic,On Roadway,Broadside (front to side),Lost Control,None Indicated,,Daylight,Wet,Rain,None apparent,Intersection:  Four-way intersection,Paved,,Property Damage Only,0,0,0,0,0,0,2100,2,2,,POINT (-92.912067990837 41.39403576015)
2014808043,2014026292,04/30/2014,04-April,4-Wednesday,06:20,0600 Hours,District 2 (Northeast),,BLACK HAWK,IA 281,IA 281/FAIRBANK RD,Collision with fixed object:  Culvert/pipe opening,Roadside,Non-collision (single vehicle),Swerving/Evasive Action,None Indicated,,Dark - roadway not lighted,Wet,Rain,None apparent,Non-intersection:  Non-junction/no special feature,Paved,,Property Damage Only,0,0,0,0,0,0,1500,1,1,,POINT (-92.125863404908 42.634956907279)
2014797277,142960,04/30/2014,04-April,4-Wednesday,16:01,1600 Hours,District 4 (Southwest),,DALLAS,,Co Rd P30/AMARILLO AVE,Collision with:  Vehicle in traffic,On Roadway,"Angle, oncoming left turn",FTYROW:  From driveway,None Indicated,,Daylight,Wet,Rain,None apparent,Non-intersection:  Driveway access (within),Paved,,Property Damage Only,0,0,0,0,0,0,3500,2,2,,POINT (-94.270378913816 41.686867448117)
2014797056,14-1247,04/30/2014,04-April,4-Wednesday,17:15,1700 Hours,District 1 (Central),FORT DODGE,WEBSTER,,10TH AVE N & N 4TH ST,Collision with:  Vehicle in traffic,On Roadway,Broadside (front to side),Other (explain in narrative):  Other,None Indicated,,Daylight,Wet,Rain,None apparent,Non-intersection:  Non-junction/no special feature,Paved,,Property Damage Only,0,0,0,0,0,0,4600,2,2,,POINT (-94.194786376247 42.515087638153)
2014797113,01-14-18052,04/30/2014,04-April,4-Wednesday,13:25,1300 Hours,District 6 (East Central),DUBUQUE,DUBUQUE,US 52,US 52/SE RAMP & E 4TH ST & WHITE ST,Collision with:  Vehicle in traffic,On Roadway,"Angle, oncoming left turn",FTYROW:  From stop sign,None Indicated,,Daylight,Dry,Cloudy,None apparent,Intersection:  Four-way intersection,Paved,,Property Damage Only,0,0,0,0,0,0,3500,2,2,,POINT (-90.662546969648 42.498436292104)
2014819360,1404-033,04/30/2014,04-April,4-Wednesday,13:30,1300 Hours,District 3 (Northwest),ASHTON,OSCEOLA,,NORTHWEST BLVD & E 3RD ST,Collision with:  Vehicle in traffic,On Roadway,Rear-end (front to rear),Improper Backing,None Indicated,,Daylight,Wet,Rain,None apparent,Intersection:  Four-way intersection,Paved,,Property Damage Only,0,0,0,0,0,0,1500,2,2,,POINT (-95.785816225808 43.310217953956)
2014798826,14-037,04/30/2014,04-April,4-Wednesday,16:49,1600 Hours,District 3 (Northwest),SIOUX CENTER,SIOUX,US 75,US 75/MAIN AVE & 20TH ST SW & 20TH ST SE,Collision with:  Vehicle in traffic,On Roadway,Rear-end (front to rear),Followed too close,None Indicated,,Daylight,Wet,Cloudy,None apparent,Non-intersection:  Non-junction/no special feature,Paved,,Possible/Unknown,0,1,0,0,1,0,13000,2,3,,POINT (-96.175289175343 43.055189577112)
2014796930,14-1245,04/30/2014,04-April,4-Wednesday,13:46,1300 Hours,District 1 (Central),FORT DODGE,WEBSTER,,KENYON RD,Collision with:  Vehicle in traffic,On Roadway,Rear-end (front to rear),Driver Distraction:  Reaching for object(s)/fallen object(s),None Indicated,,Daylight,Wet,Rain,None apparent,Non-intersection:  Non-junction/no special feature,Paved,,Property Damage Only,0,0,0,0,0,0,4500,2,3,,POINT (-94.195533559754 42.487864611164)
2014797134,201405979,04/30/2014,04-April,4-Wednesday,10:30,1000 Hours,District 6 (East Central),CEDAR RAPIDS,LINN,IA 922,IA 922/1ST AVE E,Collision with:  Vehicle in traffic,On Roadway,Rear-end (front to rear),Followed too close,None Indicated,,Daylight,Dry,Cloudy,None apparent,Non-intersection:  Non-junction/no special feature,Paved,,Possible/Unknown,0,2,0,0,2,0,1500,2,3,,POINT (-91.63456968134 42.016842503072)
2014797544,,04/30/2014,04-April,4-Wednesday,01:45,0100 Hours,District 6 (East Central),CEDAR RAPIDS,LINN,,CENTER POINT RD NE,Collision with:  Vehicle in traffic,On Roadway,Broadside (front to side),Unknown,None Indicated,,Daylight,Dry,Cloudy,,Non-intersection:  Non-junction/no special feature,Paved,,Property Damage Only,0,0,0,0,0,0,6000,2,2,,POINT (-91.664981700618 42.020271473288)
2014797083,2014026429,04/30/2014,04-April,4-Wednesday,12:51,1200 Hours,District 6 (East Central),CORALVILLE,JOHNSON,I-80,I-80,Collision with:  Vehicle in traffic,On Roadway,Rear-end (front to rear),Followed too close,None Indicated,,Daylight,Dry,Cloudy,None apparent,Non-intersection:  Non-junction/no special feature,Paved,,Property Damage Only,0,0,0,0,0,0,8000,2,2,,POINT (-91.617887721408 41.694170397687)
2014804952,,04/30/2014,04-April,4-Wednesday,12:45,1200 Hours,District 2 (Northeast),NORTH WASHINGTON,CHICKASAW,,GILMORE AVE & PINE ST,Collision with:  Vehicle in traffic,On Roadway,"Angle, oncoming left turn",Made improper turn,None Indicated,,Daylight,Wet,Rain,None apparent,Intersection:  T-intersection,Paved,,Property Damage Only,0,0,0,0,0,0,5000,2,2,,POINT (-92.416830872053 43.118192185623)
2014796993,20140011645,04/30/2014,04-April,4-Wednesday,12:51,1200 Hours,District 1 (Central),DES MOINES,POLK,,MLK JR PKWY & INGERSOLL AVE,Collision with:  Vehicle in traffic,On Roadway,Rear-end (front to rear),Followed too close,None Indicated,,Daylight,Wet,Cloudy,None apparent,Non-intersection:  Non-junction/no special feature,Paved,,Minor Injury,0,2,0,1,1,0,14500,3,5,,POINT (-93.644777356589 41.585741818722)
2014796950,14002348,04/30/2014,04-April,4-Wednesday,15:06,1500 Hours,District 3 (Northwest),CHEROKEE,CHEROKEE,,W BLUFF ST,Collision with:  Vehicle in traffic,On Roadway,Rear-end (front to rear),Followed too close,None Indicated,,Daylight,Wet,Rain,None apparent,Non-intersection:  Non-junction/no special feature,Paved,,Property Damage Only,0,0,0,0,0,0,2000,2,2,,POINT (-95.55330761051 42.755114941566)
2014797825,14006656,04/30/2014,04-April,4-Wednesday,10:34,1000 Hours,District 2 (Northeast),MASON CITY,CERRO GORDO,IA 122,IA 122/4TH ST SW & VILLAGE GREEN DR & N ROOSEVELT AVE,Collision with:  Vehicle in traffic,On Roadway,Rear-end (front to rear),Lost Control,None Indicated,,Daylight,Wet,Rain,None apparent,Non-intersection:  Non-junction/no special feature,Paved,,Minor Injury,0,2,0,1,1,0,1400,3,6,,POINT (-93.250381078412 43.148309948869)
2014797146,2014004014,04/30/2014,04-April,4-Wednesday,15:13,1500 Hours,District 1 (Central),MARSHALLTOWN,MARSHALL,IA 14,IA 14/S CENTER ST & WESTWOOD DR,Collision with:  Vehicle in traffic,On Roadway,Rear-end (front to rear),Other (explain in narrative):  Other,None Indicated,,Daylight,Wet,Rain,None apparent,Non-intersection:  Non-junction/no special feature,Paved,,Property Damage Only,0,0,0,0,0,0,1550,2,2,,POINT (-92.912417265724 42.021076153767)
2014797120,2014004680,04/30/2014,04-April,4-Wednesday,05:25,0500 Hours,District 6 (East Central),IOWA CITY,JOHNSON,US 218,US 218/SW RAMP CURV/NW RAMP CURV & IA 1/IOWA 1,Collision with:  Animal,On Roadway,Non-collision (single vehicle),Animal,None Indicated,,Dawn,Dry,Cloudy,None apparent,"Interchange-related:  Off-ramp, diverge area",Paved,,Property Damage Only,0,0,0,0,0,0,1500,1,1,,POINT (-91.569075204874 41.632866616372)
2014801368,2014-27239,04/30/2014,04-April,4-Wednesday,18:25,1800 Hours,District 6 (East Central),DAVENPORT,SCOTT,,W LOCUST ST & EMERALD DR,Collision with:  Vehicle in traffic,On Roadway,Rear-end (front to rear),Followed too close,None Indicated,,Daylight,Dry,Clear,None apparent,Non-intersection:  Non-junction/no special feature,Paved,,Property Damage Only,0,0,0,0,0,0,2500,2,3,,POINT (-90.637665021817 41.538183429928)
2014797007,14-016817,04/30/2014,04-April,4-Wednesday,08:40,0800 Hours,District 4 (Southwest),COUNCIL BLUFFS,POTTAWATTAMIE,,16TH AVE & S MAIN ST,Collision with:  Vehicle in traffic,On Roadway,Head-on (front to front),Disregarded RR Signal,None Indicated,,Daylight,Dry,Clear,None apparent,Non-intersection:  Railroad grade crossing,Paved,,Possible/Unknown,0,1,0,0,0,1,3000,2,2,,POINT (-95.851745368653 41.246627510367)
2014797108,01-14-18061,04/30/2014,04-April,4-Wednesday,14:29,1400 Hours,District 6 (East Central),DUBUQUE,DUBUQUE,,W 3RD ST,Collision with:  Vehicle in traffic,On Roadway,Rear-end (front to rear),Lost Control,None Indicated,,Daylight,Dry,Cloudy,None apparent,Non-intersection:  Non-junction/no special feature,Paved,,Property Damage Only,0,0,0,0,0,0,2000,2,3,,POINT (-90.687686059152 42.494876160525)
2014796977,2014004045,04/30/2014,04-April,4-Wednesday,16:35,1600 Hours,District 1 (Central),MARSHALLTOWN,MARSHALL,IA 14,IA 14/3RD AVE & E CHURCH ST,Collision with:  Vehicle in traffic,On Roadway,Rear-end (front to rear),Followed too close,None Indicated,,Daylight,Wet,Rain,None apparent,Non-intersection:  Non-junction/no special feature,Paved,,Property Damage Only,0,0,0,0,0,0,1600,2,2,,POINT (-92.907993932541 42.047957431244)
2014796992,20140011634,04/30/2014,04-April,4-Wednesday,11:00,1100 Hours,District 1 (Central),DES MOINES,POLK,,E OVID AVE & E 42ND ST,Collision with:  Vehicle in traffic,On Roadway,Broadside (front to side),FTYROW:  From stop sign,None Indicated,,Daylight,Wet,Rain,None apparent,Intersection:  Four-way intersection,Paved,,Property Damage Only,0,0,0,0,0,0,4000,2,2,,POINT (-93.532115425416 41.625581003042)
2014796978,14-005303,04/30/2014,04-April,4-Wednesday,15:25,1500 Hours,District 4 (Southwest),GLENWOOD,MILLS,,S LOCUST ST,Collision with:  Vehicle in traffic,Outside trafficway,Broadside (front to side),FTYROW:  Making left turn,None Indicated,,Daylight,Wet,Rain,None apparent,Intersection:  Four-way intersection,Paved,,Property Damage Only,0,0,0,0,0,0,4000,2,4,,POINT (-95.747693805917 41.037387218616)
2014796935,W14-041817,04/30/2014,04-April,4-Wednesday,11:51,1100 Hours,District 2 (Northeast),WATERLOO,BLACK HAWK,US 218,US 218/WASHINGTON ST & W 15TH ST,Collision with:  Vehicle in traffic,On Roadway,Rear-end (front to rear),Other (explain in narrative):  Other,None Indicated,,Daylight,Wet,Rain,None apparent,Non-intersection:  Non-junction/no special feature,Paved,,Property Damage Only,0,0,0,0,0,0,4000,2,2,,POINT (-92.330586416261 42.485436106871)
2014797527,2014026481,04/30/2014,04-April,4-Wednesday,13:43,1300 Hours,District 5 (Southeast),,CLARKE,US 69,US 69,Collision with:  Vehicle in traffic,On Roadway,Broadside (front to side),FTYROW:  From driveway,None Indicated,,Daylight,Wet,Rain,None apparent,Non-intersection:  Driveway access (within),Paved,,Major Injury,0,1,1,0,0,0,2550,2,3,,POINT (-93.767825910215 40.900117579527)
2014797095,W14-041879,04/30/2014,04-April,4-Wednesday,15:52,1500 Hours,District 2 (Northeast),WATERLOO,BLACK HAWK,US 218,US 218/WASHINGTON ST & HAWTHORNE AVE,Collision with:  Vehicle in traffic,On Roadway,Rear-end (front to rear),Followed too close,None Indicated,,Daylight,Wet,Rain,None apparent,Intersection:  Four-way intersection,Paved,,Property Damage Only,0,0,0,0,0,0,5500,2,2,,POINT (-92.323719905086 42.481289127115)
2014803803,PD1403577,04/30/2014,04-April,4-Wednesday,15:39,1500 Hours,District 5 (Southeast),FAIRFIELD,JEFFERSON,,SCHOOL PL & S 6TH ST,Collision with:  Vehicle in traffic,On Roadway,Broadside (front to side),Improper Backing,None Indicated,,Daylight,Wet,Rain,None apparent,Non-intersection:  Non-junction/no special feature,Paved,,Property Damage Only,0,0,0,0,0,0,3000,2,2,,POINT (-91.970437560617 40.998040913345)
2014796922,14-016798,04/30/2014,04-April,4-Wednesday,01:26,0100 Hours,District 4 (Southwest),COUNCIL BLUFFS,POTTAWATTAMIE,,N 25TH ST,Collision with fixed object:  Utility pole/light support,Shoulder,Non-collision (single vehicle),Ran off road - left,Alcohol (Statutory),,Dark - roadway not lighted,Dry,Cloudy,None apparent,Non-intersection:  Non-junction/no special feature,Paved,,Property Damage Only,0,0,0,0,0,0,13000,1,2,,POINT (-95.881803689987 41.266683141036)
2014797545,14-041919,04/30/2014,04-April,4-Wednesday,17:49,1700 Hours,District 2 (Northeast),ELK RUN HEIGHTS,BLACK HAWK,,DUBUQUE RD & OLD US 20 & PLAZA DR,Collision with:  Vehicle in traffic,On Roadway,"Sideswipe, same direction",Made improper turn,None Indicated,,Daylight,Wet,Rain,None apparent,Non-intersection:  Non-junction/no special feature,Paved,,Property Damage Only,0,0,0,0,0,0,3000,2,2,,POINT (-92.244186667156 42.46706731213)
2014797080,2014026297,04/30/2014,04-April,4-Wednesday,07:45,0700 Hours,District 1 (Central),,WEBSTER,,MINING BLVD,Collision with fixed object:  Tree,Roadside,Non-collision (single vehicle),Ran off road - right,None Indicated,,Daylight,Wet,Rain,None apparent,Non-intersection:  Non-junction/no special feature,Unpaved,,Property Damage Only,0,0,0,0,0,0,10000,1,1,,POINT (-94.142825730687 42.439239836034)
2014796982,04-14-175,04/30/2014,04-April,4-Wednesday,10:00,1000 Hours,District 3 (Northwest),LE MARS,PLYMOUTH,IA 3,IA 3/PLYMOUTH ST/5TH AVE NE & 5TH AVE SE,Collision with fixed object:  Utility pole/light support,Roadside,Non-collision (single vehicle),Oversized Load/Vehicle,None Indicated,,Daylight,Wet,Rain,None apparent,Intersection:  Four-way intersection,Paved,,Property Damage Only,0,0,0,0,0,0,2250,1,1,,POINT (-96.159178036025 42.793091367767)
2014796989,20140011694,04/30/2014,04-April,4-Wednesday,22:15,2200 Hours,District 1 (Central),DES MOINES,POLK,US 69,US 69/SE 14TH ST & E PARK AVE,Collision with:  Vehicle in traffic,On Roadway,"Angle, oncoming left turn",FTYROW:  Making left turn,None Indicated,,Dark - roadway lighted,Wet,Rain,None apparent,Intersection:  Four-way intersection,Paved,,Property Damage Only,0,0,0,0,0,0,3000,2,3,,POINT (-93.59683289478 41.555348913978)
2014797002,14-0942,04/30/2014,04-April,4-Wednesday,15:52,1500 Hours,District 1 (Central),URBANDALE,POLK,,111TH ST & FRONTAGE RD,Collision with:  Vehicle in traffic,On Roadway,Broadside (front to side),FTYROW:  From stop sign,None Indicated,,Daylight,Wet,Rain,None apparent,Non-intersection:  Driveway access (within),Paved,,Property Damage Only,0,0,0,0,0,0,3000,2,2,,POINT (-93.771100783173 41.627549966192)
2014797010,14-016838,04/30/2014,04-April,4-Wednesday,11:59,1100 Hours,District 4 (Southwest),COUNCIL BLUFFS,POTTAWATTAMIE,I-480,I-480,Collision with:  Vehicle in traffic,On Roadway,"Sideswipe, same direction",Unknown,None Indicated,,Daylight,Wet,Rain,None apparent,Non-intersection:  Other non-intersection (explain in narrative),Paved,,Possible/Unknown,0,1,0,0,1,0,4500,2,2,,POINT (-95.920533046763 41.259879318149)
2014796893,20141033,04/30/2014,04-April,4-Wednesday,12:03,1200 Hours,District 6 (East Central),MOUNT VERNON,LINN,IA 1,IA 1/N 1ST AVE,Collision with:  Vehicle in traffic,On Roadway,Rear-end (front to rear),Followed too close,None Indicated,,Daylight,Dry,Cloudy,Work Zone (roadway-related),Non-intersection:  Non-junction/no special feature,Paved,Yes,Property Damage Only,0,0,0,0,0,0,5200,2,2,,POINT (-91.411191429829 41.928200016005)
2014797536,AR-14-0028,04/30/2014,04-April,4-Wednesday,21:15,2100 Hours,District 6 (East Central),MONTICELLO,JONES,,BUSINESS HWY 151,Collision with:  Animal,,,Animal,None Indicated,,,,,,,Paved,,Property Damage Only,0,0,0,0,0,0,4500,1,1,,POINT (-91.188377165065 42.22120906039)
2014797228,,04/30/2014,04-April,4-Wednesday,15:22,1500 Hours,District 2 (Northeast),NEW HAMPTON,CHICKASAW,,E SPRING ST & S WATER AVE,Collision with:  Vehicle in traffic,On Roadway,Broadside (front to side),FTYROW:  From driveway,None Indicated,,Daylight,Wet,Rain,None apparent,Non-intersection:  Driveway access (within),Paved,,Minor Injury,0,1,0,1,0,0,1200,2,2,,POINT (-92.312892389919 43.058434996948)
2014796946,14-003548,04/30/2014,04-April,4-Wednesday,20:55,2000 Hours,District 4 (Southwest),,CASS,US 6,US 6/650TH ST,Collision with:  Animal,,,Animal,None Indicated,,,,,,,Paved,,Property Damage Only,0,0,0,0,0,0,3000,1,1,,POINT (-94.945968783808 41.494323710663)
2014895489,037-14,04/30/2014,04-April,4-Wednesday,16:42,1600 Hours,District 4 (Southwest),,MADISON,,Co Rd R21/SETTLERS AVE,Collision with:  Vehicle in traffic,On Roadway,Broadside (front to side),FTYROW:  From driveway,None Indicated,,Daylight,"Mud, dirt",Rain,None apparent,Non-intersection:  Driveway access (within),Unpaved,,Property Damage Only,0,0,0,0,0,0,2000,2,4,,POINT (-93.898821429406 41.178825076402)
2014797230,,04/30/2014,04-April,4-Wednesday,17:02,1700 Hours,District 2 (Northeast),CHARLES CITY,FLOYD,,HULIN ST & N GRAND AVE,Collision with:  Vehicle in traffic,On Roadway,Broadside (front to side),Ran Stop Sign,None Indicated,,Daylight,Wet,Rain,None apparent,Intersection:  Four-way intersection,Paved,,Minor Injury,0,1,0,1,0,0,7500,2,3,,POINT (-92.672527695849 43.068655961331)
2014797709,PD1403562,04/30/2014,04-April,4-Wednesday,09:35,0900 Hours,District 5 (Southeast),FAIRFIELD,JEFFERSON,,W BROADWAY AVE & E BROADWAY AVE & N MAIN ST,Collision with:  Vehicle in traffic,On Roadway,Broadside (front to side),Other (explain in narrative):  Vision obstructed,None Indicated,,Daylight,Wet,Rain,None apparent,Non-intersection:  Non-junction/no special feature,Paved,,Property Damage Only,0,0,0,0,0,0,3000,2,2,,POINT (-91.963772213092 41.007601756749)
2014796986,14-0487,04/30/2014,04-April,4-Wednesday,16:46,1600 Hours,District 1 (Central),CLIVE,POLK,,SWANSON BLVD & UNIVERSITY BLVD & NW 86TH ST,Collision with:  Vehicle in traffic,On Roadway,"Angle, oncoming left turn",FTYROW:  Making left turn,None Indicated,,Daylight,Wet,Rain,None apparent,Intersection:  Four-way intersection,Paved,,Property Damage Only,0,0,0,0,0,0,4500,2,2,,POINT (-93.73631478759 41.605746485622)
2014796995,20140011657,04/30/2014,04-April,4-Wednesday,14:14,1400 Hours,District 1 (Central),DES MOINES,POLK,,E PARK AVE & SE 22ND ST,Collision with:  Vehicle in traffic,On Roadway,Broadside (front to side),Ran Stop Sign,Alcohol (Statutory),,Daylight,Wet,Rain,None apparent,Intersection:  Four-way intersection,Paved,,Possible/Unknown,0,1,0,0,1,0,7000,2,3,,POINT (-93.57747680094 41.555150509816)
2014797351,14-2083,04/30/2014,04-April,4-Wednesday,18:33,1800 Hours,District 6 (East Central),HIAWATHA,LINN,,BOYSON RD & ROBINS RD,Collision with:  Vehicle in traffic,On Roadway,Rear-end (front to rear),Followed too close,None Indicated,,Daylight,Wet,Rain,"Surface condition (e.g., wet, icy)",Non-intersection:  Non-junction/no special feature,Paved,,Property Damage Only,0,0,0,0,0,0,2000,2,2,,POINT (-91.672940277289 42.04760801353)
2014796936,W14-041837,04/30/2014,04-April,4-Wednesday,13:21,1300 Hours,District 2 (Northeast),WATERLOO,BLACK HAWK,,INDEPENDENCE AVE & VINTON ST,Collision with:  Vehicle in traffic,On Roadway,Broadside (front to side),FTYROW:  From stop sign,None Indicated,,Daylight,Wet,Rain,None apparent,Intersection:  Four-way intersection,Paved,,Minor Injury,0,2,0,1,1,0,9000,2,2,,POINT (-92.320821703902 42.49839209012)
2014798130,14-000905,04/30/2014,04-April,4-Wednesday,20:10,2000 Hours,District 1 (Central),ALTOONA,POLK,,8TH ST SW & 34TH AVE SW,Collision with:  Vehicle in traffic,On Roadway,"Sideswipe, same direction",FTYROW:  Making left turn,None Indicated,,Dark - roadway lighted,Wet,Cloudy,None apparent,Intersection:  Four-way intersection,Paved,,Minor Injury,0,1,0,1,0,0,15000,2,2,,POINT (-93.50312454925 41.644122262055)
2014796929,14-1242,04/30/2014,04-April,4-Wednesday,10:05,1000 Hours,District 1 (Central),FORT DODGE,WEBSTER,,1ST AVE N,Collision with:  Non-motorist (see non-motorist section - NOT a unit),Outside trafficway,Non-collision (single vehicle),Other (explain in narrative):  Vision obstructed,None Indicated,,Daylight,Wet,Rain,None apparent,Non-intersection:  Driveway access (within),Paved,,Minor Injury,0,1,0,1,0,0,500,1,1,,POINT (-94.187336954752 42.506114350413)
2014797265,14-4463,04/30/2014,04-April,4-Wednesday,17:19,1700 Hours,District 3 (Northwest),CARROLL,CARROLL,,4TH ST & MAIN ST,Collision with:  Vehicle in traffic,On Roadway,Broadside (front to side),FTYROW:  From stop sign,None Indicated,,Daylight,Wet,Cloudy,None apparent,Intersection:  Four-way intersection,Paved,,Property Damage Only,0,0,0,0,0,0,7000,2,2,,POINT (-94.868009745811 42.063942904361)
2014796881,01-14-17998,04/30/2014,04-April,4-Wednesday,05:05,0500 Hours,District 6 (East Central),DUBUQUE,DUBUQUE,,PENNSYLVANIA AVE,Non-collision events:  Other non-collision (explain in narrative),On Roadway,Non-collision (single vehicle),Ran off road - right,None Indicated,,Dark - roadway lighted,Wet,Rain,"Surface condition (e.g., wet, icy)",Non-intersection:  Non-junction/no special feature,Paved,,Property Damage Only,0,0,0,0,0,0,1600,1,1,,POINT (-90.702238329769 42.499896743272)
2014796941,14-098,04/30/2014,04-April,4-Wednesday,14:19,1400 Hours,District 2 (Northeast),WAVERLY,BREMER,,4TH AVE SW & 16TH ST SW,Collision with:  Vehicle in traffic,On Roadway,Head-on (front to front),Unknown,None Indicated,,Daylight,Wet,Rain,None apparent,Intersection:  Four-way intersection,Paved,,Property Damage Only,0,0,0,0,0,0,4500,2,4,,POINT (-92.489662784346 42.721744503481)
2014797067,14-13124,04/30/2014,04-April,4-Wednesday,16:00,1600 Hours,District 3 (Northwest),SIOUX CITY,WOODBURY,,SERGEANT RD & S LAKEPORT ST,Collision with:  Vehicle in traffic,On Roadway,"Angle, oncoming left turn",FTYROW:  Making left turn,None Indicated,,Daylight,Wet,Cloudy,None apparent,Intersection:  Four-way intersection,Paved,,Possible/Unknown,0,2,0,0,2,0,4000,2,4,,POINT (-96.346441770043 42.447328106568)
2014797133,201405978,04/30/2014,04-April,4-Wednesday,09:31,0900 Hours,District 6 (East Central),CEDAR RAPIDS,LINN,,17TH ST SE,Collision with:  Parked motor vehicle,On Roadway,"Sideswipe, opposite direction",Lost Control,None Indicated,,Daylight,Dry,Cloudy,None apparent,Non-intersection:  Non-junction/no special feature,Paved,,Property Damage Only,0,0,0,0,0,0,5700,2,777,,POINT (-91.647476815592 41.990228331864)
2014796985,14-0485,04/30/2014,04-April,4-Wednesday,10:00,1000 Hours,District 1 (Central),CLIVE,POLK,,NW 86TH ST,Collision with:  Vehicle in traffic,On Roadway,Rear-end (front to rear),Driving too fast for conditions,None Indicated,,Daylight,Wet,Rain,None apparent,Non-intersection:  Non-junction/no special feature,Paved,,Possible/Unknown,0,1,0,0,1,0,1000,2,4,,POINT (-93.736242418502 41.60360323532)
2014797542,,04/30/2014,04-April,4-Wednesday,23:00,2300 Hours,District 5 (Southeast),,JEFFERSON,US 34,US 34,Collision with:  Animal,On Roadway,Non-collision (single vehicle),Animal,None Indicated,,Dark - roadway not lighted,Wet,Rain,,Non-intersection:  Non-junction/no special feature,Paved,,Property Damage Only,0,0,0,0,0,0,2500,1,1,,POINT (-91.812016980791 40.996823244938)