Iowa DOT Case Number,Law Enforcement Case Number,Date of Crash,Month of Crash,Day of Week,Time of Crash,Hour,DOT District,City Name,County Name,Route with System,Location Description,First Harmful Event,Location of First Harmful Event,Manner of Crash/Collision,Major Cause,Drug or Alcohol ,Environmental Conditions,Light Conditions,Surface Conditions,Weather Conditions,Roadway Contribution,Roadway Type,Roadway Surface,Work Zone,Crash Severity,Number of Fatalities,Number of Injuries,Number of Major Injuries,Number of Minor Injuries,Number of Possible Injuries,Number of Unknown Injuries,Amount of Property Damage,Number of Vehicles Involved,Total Number of Occupants,Travel Direction,Location
2014798787,20140013157,05/01/2014,05-May,5-Thursday,01:20,0100 Hours,District 1 (Central),DES MOINES,POLK,,COURT AVE,Collision with:  Vehicle in traffic,On Roadway,Rear-end (front to rear),Unknown,None Indicated,,Dark - roadway lighted,Unknown,Clear,Unknown,Non-intersection:  Non-junction/no special feature,Paved,,Property Damage Only,0,0,0,0,0,0,1600,2,2,,POINT (-93.622059154418 41.584948240754)
2014797258,14-100,05/01/2014,05-May,5-Thursday,12:15,1200 Hours,District 2 (Northeast),WAVERLY,BREMER,,2ND ST NE,Collision with:  Parked motor vehicle,On Roadway,"Sideswipe, same direction",Unknown,None Indicated,,Daylight,Dry,Cloudy,Unknown,Non-intersection:  Non-junction/no special feature,Paved,,Property Damage Only,0,0,0,0,0,0,2500,2,1,,POINT (-92.468115190498 42.726347335032)
2014797474,2014-27452,05/01/2014,05-May,5-Thursday,13:27,1300 Hours,District 6 (East Central),DAVENPORT,SCOTT,US 6,US 6/W KIMBERLY RD & N ELSIE AVE,Collision with:  Vehicle in traffic,On Roadway,"Angle, oncoming left turn",FTYROW:  Making left turn,None Indicated,,Daylight,Dry,Cloudy,None apparent,Non-intersection:  Driveway access (within),Paved,,Property Damage Only,0,0,0,0,0,0,6500,2,2,,POINT (-90.623912067019 41.560208864869)
2014797054,14-1260,05/01/2014,05-May,5-Thursday,14:31,1400 Hours,District 1 (Central),FORT DODGE,WEBSTER,,KENYON RD,Collision with:  Vehicle in traffic,On Roadway,Rear-end (front to rear),Unknown,None Indicated,,Daylight,Dry,Cloudy,None apparent,Intersection:  Four-way intersection,Paved,,Property Damage Only,0,0,0,0,0,0,1500,2,4,,POINT (-94.207150379017 42.484518779863)
2014797243,W14-042202,05/01/2014,05-May,5-Thursday,13:58,1300 Hours,District 2 (Northeast),WATERLOO,BLACK HAWK,,SYCAMORE ST & E 4TH ST,Collision with:  Vehicle in traffic,On Roadway,Broadside (front to side),Ran Traffic Signal,None Indicated,,Daylight,Dry,Cloudy,None apparent,Intersection:  Four-way intersection,Paved,,Property Damage Only,0,0,0,0,0,0,7000,2,2,,POINT (-92.335950078956 42.498300629526)
2014797162,20140011794,05/01/2014,05-May,5-Thursday,23:46,2300 Hours,District 1 (Central),DES MOINES,POLK,,LOCUST ST & 3RD ST,Collision with:  Vehicle in traffic,On Roadway,Broadside (front to side),Ran Traffic Signal,None Indicated,,Dark - roadway lighted,Dry,Cloudy,None apparent,Intersection:  Four-way intersection,Paved,,Possible/Unknown,0,1,0,0,1,0,3000,2,3,,POINT (-93.621268700029 41.587591640698)
2014797106,14-14445,05/01/2014,05-May,5-Thursday,07:50,0700 Hours,District 5 (Southeast),DANVILLE,DES MOINES,,140TH ST,Non-collision events:  Other non-collision (explain in narrative),On Roadway,Non-collision (single vehicle),Swerving/Evasive Action,None Indicated,,Daylight,"Mud, dirt",Cloudy,"Surface condition (e.g., wet, icy)",Non-intersection:  Non-junction/no special feature,Unpaved,,Minor Injury,0,1,0,1,0,0,2000,1,1,,POINT (-91.311235755484 40.885569817917)
2014796981,14-017896,05/01/2014,05-May,5-Thursday,07:43,0700 Hours,District 5 (Southeast),MUSCATINE,MUSCATINE,,W 4TH ST & E 4TH ST & IOWA AVE,Collision with:  Vehicle in traffic,On Roadway,Rear-end (front to rear),Followed too close,None Indicated,,Daylight,Wet,Rain,None apparent,Intersection:  Four-way intersection,Paved,,Possible/Unknown,0,1,0,0,1,0,3500,2,2,,POINT (-91.047238645965 41.422910205571)
2014799593,65-2014,05/01/2014,05-May,5-Thursday,23:40,2300 Hours,District 4 (Southwest),,HARRISON,,Co Rd F66/335TH ST,Non-collision events:  Overturn/rollover,Shoulder,Non-collision (single vehicle),Ran off road - left,Alcohol (Statutory),,Dark - roadway not lighted,Dry,Cloudy,None apparent,Non-intersection:  Non-junction/no special feature,Paved,,Property Damage Only,0,0,0,0,0,0,5000,1,1,,POINT (-95.846232096219 41.5392136686)
2014797395,14-0490,05/01/2014,05-May,5-Thursday,11:40,1100 Hours,District 4 (Southwest),CLIVE,DALLAS,US 6,US 6/HICKMAN RD/HICKMAN AVE & NW 142ND ST,Collision with:  Vehicle in traffic,On Roadway,Rear-end (front to rear),Other (explain in narrative):  Other,None Indicated,,Daylight,Dry,Cloudy,None apparent,Non-intersection:  Non-junction/no special feature,Paved,,Property Damage Only,0,0,0,0,0,0,6000,3,5,,POINT (-93.814267013661 41.614894479793)
2014797648,,05/01/2014,05-May,5-Thursday,12:00,1200 Hours,District 6 (East Central),CEDAR RAPIDS,LINN,,3RD AVE SW & ROCKFORD RD SW,Collision with:  Vehicle in traffic,On Roadway,Rear-end (front to rear),Unknown,None Indicated,,Daylight,Dry,Cloudy,,Intersection:  T-intersection,Paved,,Property Damage Only,0,0,0,0,0,0,4215,2,3,,POINT (-91.683468694161 41.970715549709)
2014798518,2014026584,05/01/2014,05-May,5-Thursday,09:50,0900 Hours,District 1 (Central),ALTOONA,POLK,I-80,I-80,Non-collision events:  Overturn/rollover,Shoulder,Non-collision (single vehicle),Swerving/Evasive Action,None Indicated,,Daylight,Wet,Rain,Work Zone (roadway-related),Non-intersection:  Non-junction/no special feature,Paved,Yes,Possible/Unknown,0,1,0,0,1,0,7000,1,1,,POINT (-93.509556199919 41.661820044563)
2014797055,14-1262,05/01/2014,05-May,5-Thursday,15:35,1500 Hours,District 1 (Central),FORT DODGE,WEBSTER,,KENYON RD & AVE C,Collision with:  Vehicle in traffic,On Roadway,Rear-end (front to rear),Driver Distraction:  Inattentive/lost in thought,None Indicated,,Daylight,Dry,Cloudy,None apparent,Intersection:  Four-way intersection,Paved,,Property Damage Only,0,0,0,0,0,0,7500,3,3,,POINT (-94.189961958765 42.492425461273)
2014797112,01-14-18227,05/01/2014,05-May,5-Thursday,16:50,1600 Hours,District 6 (East Central),DUBUQUE,DUBUQUE,US 52,US 52/WHITE ST,Collision with:  Vehicle in traffic,On Roadway,Rear-end (front to rear),Lost Control,None Indicated,,Daylight,Dry,Cloudy,None apparent,Non-intersection:  Non-junction/no special feature,Paved,,Property Damage Only,0,0,0,0,0,0,2000,2,2,,POINT (-90.667907757128 42.508739461209)
2014798951,2014026549,05/01/2014,05-May,5-Thursday,07:01,0700 Hours,District 1 (Central),,POWESHIEK,,Co Rd V18/V18 RD & 420TH AVE,Collision with fixed object:  Ditch,Roadside,Non-collision (single vehicle),Crossed centerline (undivided),None Indicated,,Daylight,Wet,Rain,"Shoulders (none, low, soft, high)",Non-intersection:  Non-junction/no special feature,Paved,,Minor Injury,0,1,0,1,0,0,7000,1,1,,POINT (-92.446439945846 41.689223388304)
2014799258,14088,05/01/2014,05-May,5-Thursday,12:20,1200 Hours,District 5 (Southeast),PELLA,MARION,,BRENTWOOD DR & W 3RD ST,Collision with:  Vehicle in traffic,On Roadway,"Sideswipe, same direction",Other (explain in narrative):  Other,None Indicated,,Daylight,Dry,Cloudy,None apparent,Non-intersection:  Driveway access (within),Paved,,Property Damage Only,0,0,0,0,0,0,5500,2,2,,POINT (-92.922404358815 41.423128724308)
2014797122,2014004744,05/01/2014,05-May,5-Thursday,01:00,0100 Hours,District 6 (East Central),IOWA CITY,JOHNSON,,IOWA AVE,Collision with:  Vehicle in traffic,Shoulder,"Sideswipe, same direction",Unknown,None Indicated,,Dark - roadway lighted,Unknown,Unknown,Unknown,Non-intersection:  Non-junction/no special feature,Paved,,Property Damage Only,0,0,0,0,0,0,1500,2,1,,POINT (-91.522339181623 41.661178272101)
2014797139,201406032,05/01/2014,05-May,5-Thursday,05:12,0500 Hours,District 6 (East Central),CEDAR RAPIDS,LINN,IA 922,IA 922/1ST AVE W & 6TH ST SW & 6TH ST NW,Collision with:  Vehicle in traffic,On Roadway,Broadside (front to side),Ran Traffic Signal,None Indicated,,Dark - roadway lighted,Wet,Rain,None apparent,Intersection:  Four-way intersection,Paved,,Property Damage Only,0,0,0,0,0,0,1500,2,2,,POINT (-91.679471727373 41.97432625792)
2014796956,14003467,05/01/2014,05-May,5-Thursday,05:33,0500 Hours,District 6 (East Central),,DELAWARE,IA 38,IA 38/IOWA 38,Collision with:  Animal,,,Animal,None Indicated,,,,,,,Paved,,Property Damage Only,0,0,0,0,0,0,3500,1,1,,POINT (-91.258481936021 42.358535063413)
2014797391,14-001891,05/01/2014,05-May,5-Thursday,17:18,1700 Hours,District 1 (Central),ANKENY,POLK,,NW 5TH ST & NW SCHOOL ST,Collision with:  Vehicle in traffic,On Roadway,Broadside (front to side),FTYROW:  From stop sign,None Indicated,,Daylight,Dry,Clear,None apparent,Intersection:  Four-way intersection,Paved,,Possible/Unknown,0,1,0,0,1,0,14000,2,3,,POINT (-93.603764147245 41.735438039971)
2014797109,01-14-18150,05/01/2014,05-May,5-Thursday,07:50,0700 Hours,District 6 (East Central),DUBUQUE,DUBUQUE,US 20,US 20/DODGE ST,Collision with:  Vehicle in traffic,On Roadway,Rear-end (front to rear),Lost Control,None Indicated,,Daylight,Dry,Cloudy,None apparent,Non-intersection:  Non-junction/no special feature,Paved,,Property Damage Only,0,0,0,0,0,0,3500,2,2,,POINT (-90.742877507915 42.487584051654)
2014797316,20141483,05/01/2014,05-May,5-Thursday,17:10,1700 Hours,District 1 (Central),,GRUNDY,IA 14,IA 14/N AVE & Co Rd D17/130TH ST,Collision with:  Vehicle in traffic,On Roadway,Rear-end (front to rear),Swerving/Evasive Action,None Indicated,,Daylight,Dry,Cloudy,None apparent,Intersection:  Four-way intersection,Paved,,Property Damage Only,0,0,0,0,0,0,4500,2,2,,POINT (-92.770172755152 42.513358692289)
2014797449,S14-001472,05/01/2014,05-May,5-Thursday,10:45,1000 Hours,District 4 (Southwest),AVOCA,POTTAWATTAMIE,,W HIGH ST & S PINE ST & N PINE ST,Collision with:  Vehicle in traffic,On Roadway,Broadside (front to side),FTYROW:  From stop sign,None Indicated,,Daylight,Wet,Rain,None apparent,Intersection:  Four-way intersection,Paved,,Property Damage Only,0,0,0,0,0,0,20000,2,2,,POINT (-95.342361333603 41.47663642045)
2014797511,14-13213,05/01/2014,05-May,5-Thursday,10:37,1000 Hours,District 3 (Northwest),SIOUX CITY,WOODBURY,,3RD ST & NEBRASKA ST,Collision with:  Vehicle in traffic,On Roadway,Broadside (front to side),Ran Traffic Signal,None Indicated,,Daylight,Dry,Cloudy,None apparent,Intersection:  Four-way intersection,Paved,,Property Damage Only,0,0,0,0,0,0,10000,2,3,,POINT (-96.403465528123 42.493091965566)
2014796937,W14-042079,05/01/2014,05-May,5-Thursday,01:55,0100 Hours,District 2 (Northeast),WATERLOO,BLACK HAWK,,JANNEY AVE & HOWREY AVE,Collision with:  Vehicle in traffic,On Roadway,"Sideswipe, opposite direction",Crossed centerline (undivided),None Indicated,,Dark - roadway lighted,Wet,Rain,None apparent,Non-intersection:  Other non-intersection (explain in narrative),Paved,,Property Damage Only,0,0,0,0,0,0,2000,2,2,,POINT (-92.368390703475 42.497565411958)
2014797191,S14-4214,05/01/2014,05-May,5-Thursday,18:08,1800 Hours,District 3 (Northwest),,WOODBURY,,170TH ST,Collision with fixed object:  Ditch,Outside trafficway,Non-collision (single vehicle),Ran off road - right,None Indicated,,Daylight,"Mud, dirt",Cloudy,None apparent,Intersection:  T-intersection,Unpaved,,Property Damage Only,0,0,0,0,0,0,4000,1,1,,POINT (-96.165564155202 42.45899098397)
2014797504,14-13229,05/01/2014,05-May,5-Thursday,13:59,1300 Hours,District 3 (Northwest),SIOUX CITY,WOODBURY,,SINGING HILLS BLVD,Collision with:  Vehicle in traffic,On Roadway,Rear-end (front to rear),Other (explain in narrative):  Other,None Indicated,,Daylight,Dry,Cloudy,Work Zone (roadway-related),Non-intersection:  Non-junction/no special feature,Paved,Yes,Property Damage Only,0,0,0,0,0,0,1500,2,2,,POINT (-96.3796575446 42.433980200365)
2014797175,14-017073,05/01/2014,05-May,5-Thursday,20:41,2000 Hours,District 4 (Southwest),COUNCIL BLUFFS,POTTAWATTAMIE,IA 192,IA 192/S 6TH ST & W BROADWAY & BROADWAY KANESVILLE CONN,Collision with:  Vehicle in traffic,On Roadway,Rear-end (front to rear),Other (explain in narrative):  Other,None Indicated,,Dark - roadway lighted,Dry,Clear,None apparent,Non-intersection:  Non-junction/no special feature,Paved,,Property Damage Only,0,0,0,0,0,0,3500,2,2,,POINT (-95.852022907719 41.261228959596)
2014797102,CL14001303,05/01/2014,05-May,5-Thursday,08:47,0800 Hours,District 6 (East Central),CLINTON,CLINTON,,7TH AVE S & S 6TH ST,Collision with:  Vehicle in traffic,On Roadway,Broadside (front to side),FTYROW:  From stop sign,None Indicated,,Daylight,Wet,Cloudy,None apparent,Intersection:  Four-way intersection,Paved,,Property Damage Only,0,0,0,0,0,0,2000,2,2,,POINT (-90.198897509592 41.838958280516)
2014797163,20140011752,05/01/2014,05-May,5-Thursday,11:45,1100 Hours,District 1 (Central),DES MOINES,POLK,,56TH ST,Collision with:  Vehicle in traffic,On Roadway,"Sideswipe, same direction",Other (explain in narrative):  Other,None Indicated,,Daylight,Dry,Clear,None apparent,Non-intersection:  Non-junction/no special feature,Paved,,Possible/Unknown,0,1,0,0,1,0,3000,2,2,,POINT (-93.694246993719 41.605287651994)
2014798547,,05/01/2014,05-May,5-Thursday,11:15,1100 Hours,District 1 (Central),DAYTON,WEBSTER,IA 175,IA 175/SKILLET ST/S MAIN ST & N MAIN ST,Collision with:  Vehicle in traffic,On Roadway,Head-on (front to front),Crossed centerline (undivided),None Indicated,,Daylight,Dry,Clear,None apparent,Intersection:  Four-way intersection,Paved,,Possible/Unknown,0,1,0,0,1,0,1500,2,2,,POINT (-94.068477192003 42.261512806789)
2014797110,01-14-18184,05/01/2014,05-May,5-Thursday,12:13,1200 Hours,District 6 (East Central),DUBUQUE,DUBUQUE,US 52,US 52/CENTRAL AVE & W 13TH ST & E 13TH ST,Collision with:  Vehicle in traffic,On Roadway,"Sideswipe, same direction",Made improper turn,None Indicated,,Daylight,Dry,Cloudy,None apparent,Non-intersection:  Non-junction/no special feature,Paved,,Property Damage Only,0,0,0,0,0,0,2000,2,3,,POINT (-90.667309033607 42.505530420091)
2014809449,2014026620,05/01/2014,05-May,5-Thursday,12:06,1200 Hours,District 1 (Central),,JASPER,I-80,I-80,Collision with fixed object:  Guardrail - face,Roadside,Non-collision (single vehicle),Ran off road - left,None Indicated,,Daylight,Wet,Rain,None apparent,Non-intersection:  Non-junction/no special feature,Paved,,Property Damage Only,0,0,0,0,0,0,5500,1,1,,POINT (-93.249133827625 41.691610555974)
2014836753,1405012048,05/01/2014,05-May,5-Thursday,20:48,2000 Hours,District 6 (East Central),OLIN,JONES,IA 38,IA 38/IOWA 38 & Co Rd E45/CO RD E-45,Collision with:  Animal,,,Animal,None Indicated,,,,,,,Paved,,Property Damage Only,0,0,0,0,0,0,1500,1,1,,POINT (-91.136719101086 42.019601704553)
2014797111,01-14-18202,05/01/2014,05-May,5-Thursday,14:30,1400 Hours,District 6 (East Central),DUBUQUE,DUBUQUE,IA 32,IA 32/IA32 NW ARTERIAL,Collision with:  Vehicle in traffic,On Roadway,Rear-end (front to rear),Unknown,None Indicated,,Daylight,Dry,Cloudy,None apparent,Non-intersection:  Non-junction/no special feature,Paved,,Property Damage Only,0,0,0,0,0,0,5000,2,2,,POINT (-90.740701994887 42.497654082658)
2014797259,14-101,05/01/2014,05-May,5-Thursday,14:30,1400 Hours,District 2 (Northeast),WAVERLY,BREMER,IA 116,IA 116/4TH ST SW & 2ND AVE SW,Collision with:  Vehicle in traffic,On Roadway,"Angle, oncoming left turn",Made improper turn,None Indicated,,Daylight,Dry,Cloudy,None apparent,Intersection:  Four-way intersection,Paved,,Property Damage Only,0,0,0,0,0,0,6000,2,2,,POINT (-92.47564870405 42.723788489306)
2014797507,14-13230,05/01/2014,05-May,5-Thursday,14:56,1400 Hours,District 3 (Northwest),SIOUX CITY,WOODBURY,,22ND ST & PIERCE ST,Collision with:  Vehicle in traffic,On Roadway,Broadside (front to side),Ran Stop Sign,None Indicated,,Daylight,Dry,Cloudy,None apparent,Intersection:  Four-way intersection,Paved,,Possible/Unknown,0,1,0,0,1,0,6500,2,3,,POINT (-96.40514104075 42.513185143857)
2014798562,14-4503,05/01/2014,05-May,5-Thursday,22:13,2200 Hours,District 3 (Northwest),CARROLL,CARROLL,,5TH ST,Collision with:  Parked motor vehicle,On Roadway,Broadside (front to side),Other (explain in narrative):  Other,None Indicated,,Dark - roadway lighted,Dry,Clear,None apparent,Non-intersection:  Non-junction/no special feature,Paved,,Property Damage Only,0,0,0,0,0,0,2000,2,1,,POINT (-94.859349363064 42.062471498248)
2014797097,W14-042142,05/01/2014,05-May,5-Thursday,10:09,1000 Hours,District 2 (Northeast),WATERLOO,BLACK HAWK,US 63,US 63/LOGAN AVE,Collision with:  Vehicle in traffic,On Roadway,Rear-end (front to rear),Other (explain in narrative):  Other,None Indicated,,Daylight,Wet,Rain,Work Zone (roadway-related),Non-intersection:  Non-junction/no special feature,Paved,Yes,Property Damage Only,0,0,0,0,0,0,8500,3,3,,POINT (-92.337623073291 42.527732278591)
2014798145,2014-27393,05/01/2014,05-May,5-Thursday,07:55,0700 Hours,District 6 (East Central),DAVENPORT,SCOTT,,W LOCUST ST & DAVIE ST,Collision with:  Vehicle in traffic,On Roadway,Broadside (front to side),FTYROW:  Other (explain in narrative),None Indicated,,Daylight,Dry,Cloudy,None apparent,Non-intersection:  Driveway access (within),Paved,,Property Damage Only,0,0,0,0,0,0,1500,2,4,,POINT (-90.602346892849 41.538289670444)
2014799845,201400020802,05/01/2014,05-May,5-Thursday,12:41,1200 Hours,District 5 (Southeast),OTTUMWA,WAPELLO,IA 149,IA 149/IOWA 149,Collision with:  Vehicle in traffic,On Roadway,"Angle, oncoming left turn",FTYROW:  Making left turn,None Indicated,,Daylight,Dry,Clear,None apparent,Intersection:  Four-way intersection,Paved,,Property Damage Only,0,0,0,0,0,0,3000,2,2,,POINT (-92.413095121246 41.029106046903)
2014803263,,05/01/2014,05-May,5-Thursday,18:30,1800 Hours,District 2 (Northeast),HAMPTON,FRANKLIN,,3RD AVE SW & 1ST ST SW,Collision with:  Vehicle in traffic,On Roadway,Broadside (front to side),FTYROW:  From stop sign,None Indicated,,Daylight,Dry,Cloudy,None apparent,Intersection:  Four-way intersection,Paved,,Property Damage Only,0,0,0,0,0,0,2200,2,3,,POINT (-93.208668158537 42.739045379064)
2014797279,2014-1818,05/01/2014,05-May,5-Thursday,07:50,0700 Hours,District 4 (Southwest),WAUKEE,DALLAS,,Co Rd R22/UTE AVE,Collision with:  Vehicle in traffic,On Roadway,Rear-end (front to rear),Followed too close,None Indicated,,Daylight,Dry,Cloudy,None apparent,Non-intersection:  Non-junction/no special feature,Paved,,Possible/Unknown,0,1,0,0,1,0,2500,2,2,,POINT (-93.885395485716 41.591328322548)
2014797433,14-0954,05/01/2014,05-May,5-Thursday,18:43,1800 Hours,District 1 (Central),URBANDALE,POLK,,100TH ST,Collision with:  Vehicle in traffic,On Roadway,Rear-end (front to rear),Followed too close,None Indicated,,Daylight,Dry,Clear,None apparent,Non-intersection:  Non-junction/no special feature,Paved,,Property Damage Only,0,0,0,0,0,0,4000,2,4,,POINT (-93.755860471814 41.624967056181)
2014798952,2014026550,05/01/2014,05-May,5-Thursday,07:30,0700 Hours,District 6 (East Central),,BENTON,,Co Rd V42/15 AVE,Collision with:  Vehicle in traffic,On Roadway,Broadside (front to side),Crossed centerline (undivided),None Indicated,,Daylight,Wet,Cloudy,Work Zone (roadway-related),Intersection:  Four-way intersection,Paved,Yes,Major Injury,0,2,1,1,0,0,8500,2,2,,POINT (-92.201657245927 41.964320746142)
2014805382,,05/01/2014,05-May,5-Thursday,05:33,0500 Hours,District 2 (Northeast),DECORAH,WINNESHIEK,,WASHINGTON ST,Collision with:  Parked motor vehicle,On Roadway,"Sideswipe, opposite direction",FTYROW:  Other (explain in narrative),None Indicated,,Dark - roadway lighted,Wet,Snow,None apparent,Non-intersection:  Alley,Paved,,Property Damage Only,0,0,0,0,0,0,2200,2,1,,POINT (-91.785923903363 43.303712114177)
2014799592,64-2014,05/01/2014,05-May,5-Thursday,04:05,0400 Hours,District 4 (Southwest),,HARRISON,I-29,I-29,Non-collision events:  Overturn/rollover,Median,Non-collision (single vehicle),Swerving/Evasive Action,None Indicated,,Dark - roadway not lighted,Wet,Rain,None apparent,Non-intersection:  Non-junction/no special feature,Paved,,Property Damage Only,0,0,0,0,0,0,5000,1,2,,POINT (-96.039982307537 41.679351723537)
2014797485,14-004759,05/01/2014,05-May,5-Thursday,20:52,2000 Hours,District 1 (Central),,TAMA,US 63,US 63,Collision with:  Animal,,,Animal,None Indicated,,,,,,,Paved,,Property Damage Only,0,0,0,0,0,0,1501,1,1,,POINT (-92.465814152933 42.214756993431)
2014797238,W14-042271,05/01/2014,05-May,5-Thursday,17:08,1700 Hours,District 2 (Northeast),WATERLOO,BLACK HAWK,,FRANKLIN ST & VINTON ST,Collision with:  Vehicle in traffic,On Roadway,"Angle, oncoming left turn",Ran Traffic Signal,None Indicated,,Daylight,Dry,Cloudy,None apparent,Intersection:  Four-way intersection,Paved,,Possible/Unknown,0,1,0,0,1,0,10000,2,2,,POINT (-92.320841889114 42.495402273823)
2014797164,20140011754,05/01/2014,05-May,5-Thursday,14:40,1400 Hours,District 1 (Central),DES MOINES,POLK,US 6,US 6/MERLE HAY RD/HICKMAN RD & MERKLIN WAY,Collision with:  Vehicle in traffic,On Roadway,Rear-end (front to rear),Other (explain in narrative):  Other,None Indicated,,Daylight,Dry,Cloudy,None apparent,Non-intersection:  Non-junction/no special feature,Paved,,Property Damage Only,0,0,0,0,0,0,4500,2,2,,POINT (-93.697758630111 41.614886081896)
2014797003,14-1989,05/01/2014,05-May,5-Thursday,08:00,0800 Hours,District 1 (Central),WEST DES MOINES,POLK,,WESTOWN PKWY,Collision with:  Vehicle in traffic,On Roadway,"Angle, oncoming left turn",FTYROW:  Making left turn,None Indicated,,Daylight,Dry,Cloudy,None apparent,Non-intersection:  Driveway access (within),Paved,,Property Damage Only,0,0,0,0,0,0,1800,2,5,,POINT (-93.772805482827 41.595373876492)
2014798156,14-002139,05/01/2014,05-May,5-Thursday,21:01,2100 Hours,District 1 (Central),AMES,STORY,US 69,US 69,Collision with:  Animal,,,Animal,None Indicated,,,,,,,Paved,,Property Damage Only,0,0,0,0,0,0,1500,1,1,,POINT (-93.622274807645 42.06245610579)
2014799152,,05/01/2014,05-May,5-Thursday,20:20,2000 Hours,District 5 (Southeast),,WASHINGTON,US 218,US 218,Collision with:  Animal,On Roadway,Non-collision (single vehicle),Animal,None Indicated,,Dusk,Dry,Cloudy,,Unknown,Paved,,Property Damage Only,0,0,0,0,0,0,5500,1,1,,POINT (-91.551598557243 41.364983719555)
2014797167,20140011751,05/01/2014,05-May,5-Thursday,14:00,1400 Hours,District 1 (Central),DES MOINES,POLK,,MAURY ST,Collision with:  Vehicle in traffic,On Roadway,Broadside (front to side),FTYROW:  Making left turn,None Indicated,,Daylight,Dry,Cloudy,None apparent,Non-intersection:  Driveway access (within),Paved,,Property Damage Only,0,0,0,0,0,0,8000,2,2,,POINT (-93.596603435097 41.581246055834)
2014797124,2014004750,05/01/2014,05-May,5-Thursday,16:51,1600 Hours,District 6 (East Central),IOWA CITY,JOHNSON,,MELROSE AVE & FINKBINE LN,Collision with:  Non-motorist (see non-motorist section - NOT a unit),On Roadway,Non-collision (single vehicle),Other (explain in narrative):  No improper action,None Indicated,,Daylight,Dry,Cloudy,None apparent,Intersection:  T-intersection,Paved,,Possible/Unknown,0,1,0,0,1,0,0,1,1,,POINT (-91.572197676756 41.656746699187)
2014809941,14-2903PD,05/01/2014,05-May,5-Thursday,22:29,2200 Hours,District 1 (Central),BOONE,BOONE,,S LINN ST,Collision with:  Parked motor vehicle,On Roadway,Rear-end (front to rear),Swerving/Evasive Action,None Indicated,,Dark - roadway lighted,Dry,Clear,None apparent,Non-intersection:  Non-junction/no special feature,Paved,,Property Damage Only,0,0,0,0,0,0,8500,2,1,,POINT (-93.873850567855 42.042803312542)
2014798121,20140011730,05/01/2014,05-May,5-Thursday,10:35,1000 Hours,District 1 (Central),DES MOINES,POLK,US 6,US 6/MERLE HAY RD,Collision with:  Vehicle in traffic,On Roadway,"Sideswipe, same direction",FTYROW:  Other (explain in narrative),None Indicated,,Daylight,Dry,Cloudy,None apparent,Non-intersection:  Non-junction/no special feature,Paved,,Property Damage Only,0,0,0,0,0,0,2000,2,3,,POINT (-93.69774988436 41.628550032268)
2014798446,2014-27509,05/01/2014,05-May,5-Thursday,16:41,1600 Hours,District 6 (East Central),DAVENPORT,SCOTT,,W LOCUST ST & MAIN ST,Collision with:  Vehicle in traffic,On Roadway,"Angle, oncoming left turn",FTYROW:  Making left turn,None Indicated,,Daylight,Dry,Clear,None apparent,Intersection:  Four-way intersection,Paved,,Property Damage Only,0,0,0,0,0,0,5000,2,5,,POINT (-90.575543756545 41.538285783952)
2014797143,201406073,05/01/2014,05-May,5-Thursday,20:33,2000 Hours,District 6 (East Central),CEDAR RAPIDS,LINN,,FOREST DR SE & WASHINGTON AVE SE CONN,Non-collision events:  Other non-collision (explain in narrative),On Roadway,Non-collision (single vehicle),Ran off road - right,None Indicated,,Dark - roadway lighted,Dry,Clear,None apparent,Intersection:  Y-intersection,Paved,,Possible/Unknown,0,1,0,0,1,0,5000,1,1,,POINT (-91.63451254312 41.985634669735)
2014797471,2014-008002,05/01/2014,05-May,5-Thursday,09:36,0900 Hours,District 6 (East Central),BETTENDORF,SCOTT,US 67,US 67/GRANT ST & 11TH ST,Collision with:  Vehicle in traffic,On Roadway,Rear-end (front to rear),Made improper turn,None Indicated,,Daylight,Dry,Cloudy,None apparent,Intersection:  T-intersection,Paved,,Possible/Unknown,0,1,0,0,1,0,1150,2,3,,POINT (-90.517519536537 41.526239453652)
2014799547,,05/01/2014,05-May,5-Thursday,17:30,1700 Hours,District 6 (East Central),VINTON,BENTON,IA 150,IA 150/S C AVE,Collision with:  Vehicle in traffic,On Roadway,Rear-end (front to rear),Unknown,None Indicated,,Daylight,Dry,Cloudy,,Non-intersection:  Non-junction/no special feature,Paved,,Property Damage Only,0,0,0,0,0,0,2200,2,2,,POINT (-92.027877819749 42.161770747394)
2014802287,2014004789,05/02/2014,05-May,6-Friday,13:18,1300 Hours,District 6 (East Central),IOWA CITY,JOHNSON,,E COURT ST & S 7TH AVE,Collision with:  Non-motorist (see non-motorist section - NOT a unit),On Roadway,Non-collision (single vehicle),Ran Stop Sign,None Indicated,,Daylight,Dry,Cloudy,None apparent,Intersection:  Four-way intersection,Paved,,Minor Injury,0,1,0,1,0,0,0,1,1,,POINT (-91.511595414166 41.65675236134)
2014797530,2014026828,05/02/2014,05-May,6-Friday,14:20,1400 Hours,District 2 (Northeast),,HANCOCK,,Co Rd R35/JAMES AVE,Collision with:  Vehicle in traffic,Shoulder,"Sideswipe, same direction",Exceeded authorized speed,Refused,,Daylight,Dry,Clear,None apparent,Non-intersection:  Non-junction/no special feature,Paved,,Property Damage Only,0,0,0,0,0,0,6000,2,3,,POINT (-93.802695114003 43.072054470622)
2014804968,SO140167,05/02/2014,05-May,6-Friday,08:13,0800 Hours,District 4 (Southwest),CORNING,ADAMS,,LOOMIS ST,Collision with:  Vehicle in traffic,On Roadway,Head-on (front to front),Ran off road - left,None Indicated,,Daylight,Dry,Cloudy,None apparent,Intersection:  Four-way intersection,Paved,,Property Damage Only,0,0,0,0,0,0,5000,2,777,,POINT (-94.740733123595 40.99028662308)
2014797916,2014-27737,05/02/2014,05-May,6-Friday,12:00,1200 Hours,District 6 (East Central),DAVENPORT,SCOTT,,GAINES ST,Collision with:  Vehicle in traffic,On Roadway,"Sideswipe, same direction",Followed too close,None Indicated,,Daylight,Dry,Cloudy,None apparent,Non-intersection:  Non-junction/no special feature,Paved,,Property Damage Only,0,0,0,0,0,0,2500,2,3,,POINT (-90.5829772722 41.524086114406)