Iowa DOT Case Number,Law Enforcement Case Number,Date of Crash,Month of Crash,Day of Week,Time of Crash,Hour,DOT District,City Name,County Name,Route with System,Location Description,First Harmful Event,Location of First Harmful Event,Manner of Crash/Collision,Major Cause,Drug or Alcohol ,Environmental Conditions,Light Conditions,Surface Conditions,Weather Conditions,Roadway Contribution,Roadway Type,Roadway Surface,Work Zone,Crash Severity,Number of Fatalities,Number of Injuries,Number of Major Injuries,Number of Minor Injuries,Number of Possible Injuries,Number of Unknown Injuries,Amount of Property Damage,Number of Vehicles Involved,Total Number of Occupants,Travel Direction,Location
2014797529,2014026714,05/02/2014,05-May,6-Friday,03:15,0300 Hours,District 2 (Northeast),,WORTH,I-35,I-35,Collision with:  Animal,,,Animal,None Indicated,,,,,,,Paved,,Property Damage Only,0,0,0,0,0,0,2500,1,1,,POINT (-93.349460795574 43.302184104472)
2014798276,201401376,05/02/2014,05-May,6-Friday,03:14,0300 Hours,District 6 (East Central),,LINN,,Co Rd D62/COGGON RD,Collision with fixed object:  Ditch,Outside trafficway,Non-collision (single vehicle),Ran off road - left,None Indicated,,Dark - roadway not lighted,Dry,Clear,None apparent,Non-intersection:  Driveway access (within),Paved,,Property Damage Only,0,0,0,0,0,0,10000,1,1,,POINT (-91.622027396089 42.282122400557)
2014797384,14-2894,05/02/2014,05-May,6-Friday,13:30,1300 Hours,District 1 (Central),DES MOINES,POLK,US 69,US 69/NE 14TH ST & NE 52ND AVE,Collision with:  Vehicle in traffic,On Roadway,"Sideswipe, same direction",Other (explain in narrative):  Other,None Indicated,,Daylight,Dry,Clear,None apparent,Non-intersection:  Non-junction/no special feature,Paved,,Property Damage Only,0,0,0,0,0,0,1500,2,2,,POINT (-93.600522615147 41.654607389993)
2014797792,14-13418,05/02/2014,05-May,6-Friday,21:47,2100 Hours,District 3 (Northwest),SIOUX CITY,WOODBURY,US 20,US 20/RAMP,Non-collision events:  Overturn/rollover,Roadside,Non-collision (single vehicle),"Operating vehicle in an reckless, erratic, careless, negligent manner",Alcohol (Statutory),,Dark - roadway not lighted,Dry,Clear,None apparent,Interchange-related:  On-ramp,Paved,,Minor Injury,0,1,0,1,0,0,6000,1,1,,POINT (-96.34636422127 42.442449889522)
2014797396,14-0496,05/02/2014,05-May,6-Friday,16:35,1600 Hours,District 1 (Central),CLIVE,POLK,US 6,US 6/HICKMAN RD,Collision with:  Vehicle in traffic,On Roadway,Rear-end (front to rear),Driving too fast for conditions,None Indicated,,Daylight,Other (explain in narrative),Rain,None apparent,Non-intersection:  Non-junction/no special feature,Paved,,Property Damage Only,0,0,0,0,0,0,4000,2,2,,POINT (-93.735422717326 41.614903502012)
2014797695,01-14-18333,05/02/2014,05-May,6-Friday,12:02,1200 Hours,District 6 (East Central),DUBUQUE,DUBUQUE,,KAUFMANN AVE & JOHN F KENNEDY RD,Collision with:  Vehicle in traffic,On Roadway,Broadside (front to side),Ran Stop Sign,None Indicated,,Daylight,Dry,Clear,None apparent,Intersection:  Four-way intersection,Paved,,Minor Injury,0,1,0,1,0,0,13000,2,2,,POINT (-90.720531677259 42.514895744767)
2014797945,14-13369,05/02/2014,05-May,6-Friday,14:47,1400 Hours,District 3 (Northwest),SIOUX CITY,WOODBURY,I-29,I-29,Collision with fixed object:  Ditch,On Roadway,Non-collision (single vehicle),Ran off road - right,Drug,,Daylight,Dry,Cloudy,None apparent,Interchange-related:  On-ramp,Paved,,Property Damage Only,0,0,0,0,0,0,2200,1,1,,POINT (-96.39401496019 42.485511623572)
2014797528,2014026713,05/02/2014,05-May,6-Friday,03:06,0300 Hours,District 1 (Central),,JASPER,I-80,I-80,Collision with fixed object:  Other fixed object (explain in narrative),Median,Non-collision (single vehicle),Swerving/Evasive Action,None Indicated,,Dark - roadway not lighted,Dry,Clear,None apparent,Non-intersection:  Non-junction/no special feature,Paved,,Property Damage Only,0,0,0,0,0,0,1500,1,5,,POINT (-93.306840705025 41.681896377022)
2014798177,2014-09021,05/02/2014,05-May,6-Friday,10:25,1000 Hours,District 5 (Southeast),INDIANOLA,WARREN,IA 92,IA 92/W 2ND AVE & S B ST,Collision with:  Vehicle in traffic,On Roadway,Rear-end (front to rear),Other (explain in narrative):  Other,None Indicated,,Daylight,Dry,Clear,None apparent,Non-intersection:  Non-junction/no special feature,Paved,,Property Damage Only,0,0,0,0,0,0,3500,2,4,,POINT (-93.563658859746 41.358342857076)
2014797518,2014026750,05/02/2014,05-May,6-Friday,09:13,0900 Hours,District 1 (Central),,STORY,I-35,I-35,Collision with fixed object:  Guardrail - face,On Roadway,Non-collision (single vehicle),Swerving/Evasive Action,None Indicated,,Daylight,Dry,Cloudy,None apparent,Non-intersection:  Non-junction/no special feature,Paved,,Property Damage Only,0,0,0,0,0,0,6000,1,1,,POINT (-93.569990838764 41.962601307358)
2014797948,14-13419,05/02/2014,05-May,6-Friday,21:39,2100 Hours,District 3 (Northwest),SIOUX CITY,WOODBURY,US 20,US 20/NW RAMP & IA 12/IOWA 12,Collision with:  Vehicle in traffic,On Roadway,Rear-end (front to rear),"Operating vehicle in an reckless, erratic, careless, negligent manner",Alcohol (Statutory),,Dark - roadway lighted,Dry,Clear,None apparent,Intersection:  Four-way intersection,Paved,,Property Damage Only,0,0,0,0,0,0,3000,2,3,,POINT (-96.326281424681 42.475523604568)
2014797444,14-2011,05/02/2014,05-May,6-Friday,17:28,1700 Hours,District 1 (Central),WEST DES MOINES,POLK,,S 51ST ST,Collision with:  Vehicle in traffic,On Roadway,Rear-end (front to rear),FTYROW:  From stop sign,None Indicated,,Daylight,Dry,Cloudy,None apparent,Intersection:  Four-way intersection,Paved,,Property Damage Only,0,0,0,0,0,0,2100,2,2,,POINT (-93.772928604752 41.560424986584)
2014797365,14-018119,05/02/2014,05-May,6-Friday,16:17,1600 Hours,District 5 (Southeast),MUSCATINE,MUSCATINE,,MISSISSIPPI DR & CEDAR ST,Collision with:  Vehicle in traffic,On Roadway,Broadside (front to side),Unknown,None Indicated,,Daylight,Dry,Clear,None apparent,Intersection:  Four-way intersection,Paved,,Property Damage Only,0,0,0,0,0,0,2600,2,5,,POINT (-91.042718037679 41.421626434899)
2014797342,14008716,05/02/2014,05-May,6-Friday,16:23,1600 Hours,District 6 (East Central),MARION,LINN,IA 13,IA 13/IOWA 13 & PRAIRIE RIDGE AVE,Collision with:  Vehicle in traffic,On Roadway,Broadside (front to side),FTYROW:  From yield sign,None Indicated,,Daylight,Dry,Cloudy,None apparent,Intersection:  Four-way intersection,Paved,,Property Damage Only,0,0,0,0,0,0,5000,2,5,,POINT (-91.550308004313 42.046997930018)
2014810769,14-020-AC-H,05/02/2014,05-May,6-Friday,04:20,0400 Hours,District 3 (Northwest),MILFORD,DICKINSON,IA 86,IA 86/IOWA 86,Collision with fixed object:  Utility pole/light support,On Roadway,Non-collision (single vehicle),Ran off road - left,None Indicated,,Dark - roadway lighted,Dry,Clear,None apparent,Non-intersection:  Non-junction/no special feature,Paved,,Property Damage Only,0,0,0,0,0,0,9000,1,1,,POINT (-95.158388461161 43.342443682072)
2014798851,2014026719,05/02/2014,05-May,6-Friday,05:49,0500 Hours,District 4 (Southwest),WAUKEE,DALLAS,,Co Rd R22/UTE AVE,Collision with:  Animal,,Non-collision (single vehicle),Animal,None Indicated,,,,,,,Paved,,Property Damage Only,0,0,0,0,0,0,2500,1,1,,POINT (-93.885402572346 41.594480780015)
2014797244,W14-042594,05/02/2014,05-May,6-Friday,12:38,1200 Hours,District 2 (Northeast),WATERLOO,BLACK HAWK,,LOCUST ST,Non-collision events:  Other non-collision (explain in narrative),Roadside,Non-collision (single vehicle),Ran off road - right,None Indicated,,Daylight,Dry,Cloudy,None apparent,Non-intersection:  Non-junction/no special feature,Paved,,Property Damage Only,0,0,0,0,0,0,2650,1,1,,POINT (-92.351698982944 42.491150108106)
2014799018,14-3614,05/02/2014,05-May,6-Friday,08:10,0800 Hours,District 3 (Northwest),BATTLE CREEK,IDA,IA 175,IA 175/1ST ST & CHESTNUT ST,Collision with:  Vehicle in traffic,On Roadway,Broadside (front to side),FTYROW:  From stop sign,None Indicated,,Daylight,Dry,Clear,None apparent,Intersection:  Four-way intersection,Paved,,Possible/Unknown,0,3,0,0,2,1,6000,2,3,,POINT (-95.594181313422 42.31796578906)
2014797513,14-13310,05/02/2014,05-May,6-Friday,07:18,0700 Hours,District 3 (Northwest),SIOUX CITY,WOODBURY,,24TH ST & DOUGLAS ST,Collision with:  Vehicle in traffic,On Roadway,Rear-end (front to rear),Improper Backing,None Indicated,,Daylight,Dry,Cloudy,None apparent,Non-intersection:  Non-junction/no special feature,Paved,,Property Damage Only,0,0,0,0,0,0,1750,2,15,,POINT (-96.406636293772 42.515166657332)
2014798159,14-002149,05/02/2014,05-May,6-Friday,12:05,1200 Hours,District 1 (Central),AMES,STORY,,GRAND AVE,Collision with:  Vehicle in traffic,On Roadway,Broadside (front to side),Ran Traffic Signal,None Indicated,,Daylight,Dry,Cloudy,None apparent,Intersection:  Four-way intersection,Paved,,Property Damage Only,0,0,0,0,0,0,6000,2,2,,POINT (-93.620266870685 42.021298052501)
2014798997,14-6032,05/02/2014,05-May,6-Friday,15:12,1500 Hours,District 3 (Northwest),SPENCER,CLAY,,W 4TH ST & 1ST AVE W,Collision with:  Vehicle in traffic,On Roadway,"Sideswipe, same direction",FTYROW:  From parked position,None Indicated,,Daylight,Dry,Clear,None apparent,Non-intersection:  Non-junction/no special feature,Paved,,Property Damage Only,0,0,0,0,0,0,3500,2,2,,POINT (-95.146131483697 43.141293017139)
2014809962,142912PD,05/02/2014,05-May,6-Friday,14:00,1400 Hours,District 1 (Central),BOONE,BOONE,,2ND ST & S CARROLL ST,Collision with:  Vehicle in traffic,On Roadway,Broadside (front to side),FTYROW:  At uncontrolled intersection,None Indicated,,Daylight,Dry,Cloudy,None apparent,Non-intersection:  Non-junction/no special feature,Paved,,Property Damage Only,0,0,0,0,0,0,2500,2,3,,POINT (-93.885002681143 42.057587550911)
2014797451,14-017129,05/02/2014,05-May,6-Friday,08:32,0800 Hours,District 4 (Southwest),COUNCIL BLUFFS,POTTAWATTAMIE,,BIG LAKE RD,Collision with fixed object:  Bridge pier or support,On Roadway,Non-collision (single vehicle),Other (explain in narrative):  Disregarded Warning Sign,None Indicated,,Daylight,Dry,Clear,None apparent,Non-intersection:  Other non-intersection (explain in narrative),Paved,,Property Damage Only,0,0,0,0,0,0,15100,1,1,,POINT (-95.863756370347 41.284444001642)
2014797808,14-42477,05/02/2014,05-May,6-Friday,06:50,0600 Hours,District 2 (Northeast),,BLACK HAWK,,Co Rd V49/N RAYMOND RD & NEWELL ST,Collision with:  Vehicle in traffic,On Roadway,Broadside (front to side),Ran Stop Sign,None Indicated,,Daylight,Dry,Clear,None apparent,Intersection:  Four-way intersection,Paved,,Property Damage Only,0,0,0,0,0,0,17500,2,2,,POINT (-92.219464094066 42.512516098986)
2014797407,20140011851,05/02/2014,05-May,6-Friday,02:30,0200 Hours,District 1 (Central),DES MOINES,POLK,,10TH ST,Collision with:  Parked motor vehicle,On Roadway,"Sideswipe, same direction",Unknown,None Indicated,,Dark - roadway lighted,Dry,Clear,Unknown,Non-intersection:  Non-junction/no special feature,Paved,,Property Damage Only,0,0,0,0,0,0,5100,2,1,,POINT (-93.629014267305 41.583388173552)
2014797387,14-2900,05/02/2014,05-May,6-Friday,18:58,1800 Hours,District 1 (Central),DES MOINES,POLK,US 69,US 69/NE 14TH ST & Co Rd F52/NE 46TH AVE & NE BROADWAY AND NE 46TH,Collision with:  Vehicle in traffic,On Roadway,Broadside (front to side),Ran Traffic Signal,None Indicated,,Daylight,Dry,Clear,None apparent,Intersection:  Four-way intersection,Paved,,Property Damage Only,0,0,0,0,0,0,7500,2,4,,POINT (-93.600496717863 41.644060138592)
2014797361,14002758,05/02/2014,05-May,6-Friday,11:15,1100 Hours,District 3 (Northwest),UTE,MONONA,,E REED ST,Collision with:  Parked motor vehicle,On Roadway,"Sideswipe, same direction",Improper Backing,None Indicated,,Daylight,Dry,Clear,None apparent,Non-intersection:  Non-junction/no special feature,Paved,,Property Damage Only,0,0,0,0,0,0,1800,2,1,,POINT (-95.703907240014 42.053831997192)
2014797323,14-007040,05/02/2014,05-May,6-Friday,17:20,1700 Hours,District 5 (Southeast),,HENRY,,LOGAN AVE,Collision with fixed object:  Ditch,On Roadway,Non-collision (single vehicle),Ran off road - left,None Indicated,,Daylight,"Mud, dirt",Cloudy,None apparent,Non-intersection:  Non-junction/no special feature,Unpaved,,Property Damage Only,0,0,0,0,0,0,3000,1,2,,POINT (-91.506526911979 40.920089675154)
2014797358,14-005387,05/02/2014,05-May,6-Friday,16:22,1600 Hours,District 4 (Southwest),,MILLS,I-29,I-29 & Co Rd H10/BUNGE AVE,Collision with:  Vehicle in traffic,On Roadway,Broadside (front to side),FTYROW:  From stop sign,None Indicated,,Daylight,Dry,Cloudy,None apparent,Intersection:  Intersection with ramp,Paved,,Property Damage Only,0,0,0,0,0,0,11000,2,2,,POINT (-95.820245859874 41.149287538619)
2014797339,201406099,05/02/2014,05-May,6-Friday,15:06,1500 Hours,District 6 (East Central),CEDAR RAPIDS,LINN,,8TH AVE SW & 3RD ST SW,Collision with:  Non-motorist (see non-motorist section - NOT a unit),On Roadway,Non-collision (single vehicle),FTYROW:  From stop sign,None Indicated,,Daylight,Dry,Clear,None apparent,Intersection:  Four-way intersection,Paved,,Property Damage Only,0,0,0,0,0,0,2000,1,1,,POINT (-91.671458305993 41.969064085215)
2014798158,14-002144,05/02/2014,05-May,6-Friday,07:51,0700 Hours,District 1 (Central),AMES,STORY,,DAYTON AVE,Collision with:  Vehicle in traffic,On Roadway,Rear-end (front to rear),Driving too fast for conditions,None Indicated,,Daylight,Dry,Clear,None apparent,Non-intersection:  Non-junction/no special feature,Paved,,Property Damage Only,0,0,0,0,0,0,5500,2,2,,POINT (-93.581498605179 42.029724009039)
2014797171,14-000915,05/02/2014,05-May,6-Friday,08:50,0800 Hours,District 1 (Central),ALTOONA,POLK,I-80,I-80 & US 6/FREDERICK M HUBBELL AVE,Collision with:  Vehicle in traffic,On Roadway,"Sideswipe, same direction",Other (explain in narrative):  Other,None Indicated,,Daylight,Dry,Clear,None apparent,Intersection:  Intersection with ramp,Paved,,Property Damage Only,0,0,0,0,0,0,3000,2,5,,POINT (-93.495915627216 41.660807855045)
2014797463,2014-8694,05/02/2014,05-May,6-Friday,20:29,2000 Hours,District 6 (East Central),,SCOTT,IA 130,IA 130/NEW LIBERTY RD,Collision with:  Animal,,,Animal,None Indicated,,,,,,,Paved,,Property Damage Only,0,0,0,0,0,0,1501,1,1,,POINT (-90.895420351751 41.729888134733)
2014797476,2014-27672,05/02/2014,05-May,6-Friday,06:47,0600 Hours,District 6 (East Central),DAVENPORT,SCOTT,,IA 461/W RIVER DR & VERMONT AVE,Collision with:  Vehicle in traffic,On Roadway,"Sideswipe, opposite direction",Crossed centerline (undivided),None Indicated,,Daylight,Dry,Cloudy,None apparent,Non-intersection:  Non-junction/no special feature,Paved,,Possible/Unknown,0,1,0,0,1,0,25000,2,3,,POINT (-90.659330162062 41.509148434688)
2014797888,14-8146,05/02/2014,05-May,6-Friday,22:46,2200 Hours,District 6 (East Central),BETTENDORF,SCOTT,,53RD AVE & MIDDLE RD,Collision with:  Vehicle in traffic,On Roadway,"Sideswipe, same direction",FTYROW:  From yield sign,None Indicated,,Dark - roadway lighted,Dry,Clear,None apparent,Intersection:  Other intersection (explain in narrative),Paved,,Property Damage Only,0,0,0,0,0,0,3000,2,3,,POINT (-90.464000316699 41.575470249844)
2014802270,2014004792,05/02/2014,05-May,6-Friday,15:09,1500 Hours,District 6 (East Central),IOWA CITY,JOHNSON,,WAYNE ST & ARTHUR ST,Non-collision events:  Other non-collision (explain in narrative),On Roadway,Non-collision (single vehicle),FTYROW:  Making left turn,None Indicated,,Daylight,Dry,Clear,None apparent,Intersection:  T-intersection,Paved,,Minor Injury,0,1,0,1,0,0,400,2,5,,POINT (-91.497087374504 41.64745761462)
2014797291,01-14-18370,05/02/2014,05-May,6-Friday,16:30,1600 Hours,District 6 (East Central),DUBUQUE,DUBUQUE,,E 19TH ST & ELM ST,Collision with:  Vehicle in traffic,On Roadway,Rear-end (front to rear),Lost Control,None Indicated,,Daylight,Dry,Cloudy,None apparent,Non-intersection:  Non-junction/no special feature,Paved,,Property Damage Only,0,0,0,0,0,0,2000,2,2,,POINT (-90.666047897426 42.511619265466)
2014804171,01-14-18403,05/02/2014,05-May,6-Friday,20:02,2000 Hours,District 6 (East Central),DUBUQUE,DUBUQUE,US 20,US 20/DODGE ST,Collision with:  Vehicle in traffic,On Roadway,Rear-end (front to rear),Lost Control,None Indicated,,Dusk,Wet,Rain,None apparent,Non-intersection:  Non-junction/no special feature,Paved,,Property Damage Only,0,0,0,0,0,0,1650,3,3,,POINT (-90.714527510399 42.492272009811)
2014799915,,05/02/2014,05-May,6-Friday,16:15,1600 Hours,District 6 (East Central),,JOHNSON,,Co Rd W60/HWY 965 NW,Collision with:  Animal,On Roadway,Non-collision (single vehicle),Animal,None Indicated,,Daylight,Dry,Clear,,Non-intersection:  Non-junction/no special feature,Paved,,Property Damage Only,0,0,0,0,0,0,7500,1,1,,POINT (-91.664963331867 41.813472295327)
2014797489,13-236,05/02/2014,05-May,6-Friday,20:42,2000 Hours,District 5 (Southeast),,WAYNE,IA 14,IA 14/IOWA 14,Collision with:  Animal,,,Animal,None Indicated,,,,,,,Paved,,Property Damage Only,0,0,0,0,0,0,10000,1,1,,POINT (-93.317598948384 40.867490897798)
2014797262,14-105,05/02/2014,05-May,6-Friday,14:28,1400 Hours,District 2 (Northeast),WAVERLY,BREMER,,2ND AVE NE & 8TH ST NE,Collision with fixed object:  Utility pole/light support,On Roadway,Non-collision (single vehicle),"Operating vehicle in an reckless, erratic, careless, negligent manner",Refused,,Daylight,Dry,Cloudy,None apparent,Non-intersection:  Non-junction/no special feature,Paved,,Property Damage Only,0,0,0,0,0,0,3550,1,1,,POINT (-92.460712646531 42.727816635304)
2014798254,01-14-18375,05/02/2014,05-May,6-Friday,16:40,1600 Hours,District 6 (East Central),DUBUQUE,DUBUQUE,,E 30TH ST & WASHINGTON ST,Collision with:  Vehicle in traffic,On Roadway,Head-on (front to front),Lost Control,None Indicated,,Daylight,Dry,Clear,None apparent,Intersection:  T-intersection,Paved,,Property Damage Only,0,0,0,0,0,0,2446,2,4,,POINT (-90.678691106063 42.526500632509)
2014797170,14-0346,05/02/2014,05-May,6-Friday,07:00,0700 Hours,District 1 (Central),WINDSOR HEIGHTS,POLK,,NORTHWEST DR,Collision with:  Vehicle in traffic,On Roadway,Broadside (front to side),FTYROW:  From driveway,None Indicated,,Daylight,Dry,Clear,None apparent,Non-intersection:  Driveway access (within),Paved,,Property Damage Only,0,0,0,0,0,0,2000,2,2,,POINT (-93.706002415844 41.61030512974)
2014797454,14-017194,05/02/2014,05-May,6-Friday,16:42,1600 Hours,District 4 (Southwest),COUNCIL BLUFFS,POTTAWATTAMIE,,S 35TH ST,Collision with:  Vehicle in traffic,On Roadway,Broadside (front to side),FTYROW:  At uncontrolled intersection,None Indicated,,Daylight,Dry,Cloudy,None apparent,Intersection:  Four-way intersection,Paved,,Property Damage Only,0,0,0,0,0,0,2900,2,3,,POINT (-95.902011574127 41.252116276777)
2014797498,14-1267,05/02/2014,05-May,6-Friday,04:00,0400 Hours,District 1 (Central),FORT DODGE,WEBSTER,,MERIWEATHER DR,Collision with fixed object:  Culvert/pipe opening,Outside trafficway,Non-collision (single vehicle),Lost Control,None Indicated,,Dark - roadway not lighted,Other (explain in narrative),Cloudy,None apparent,Non-intersection:  Other non-intersection (explain in narrative),Paved,,Property Damage Only,0,0,0,0,0,0,3000,1,1,,POINT (-94.187588036726 42.498159710146)
2014797246,W14-042680,05/02/2014,05-May,6-Friday,16:55,1600 Hours,District 2 (Northeast),WATERLOO,BLACK HAWK,,CENTER ST & LOGAN AVE,Collision with:  Vehicle in traffic,On Roadway,Broadside (front to side),Other (explain in narrative):  Other,None Indicated,,Daylight,Dry,Cloudy,None apparent,Intersection:  Four-way intersection,Paved,,Property Damage Only,0,0,0,0,0,0,11000,2,3,,POINT (-92.337737111183 42.511171278972)
2014797280,2014-1840,05/02/2014,05-May,6-Friday,13:42,1300 Hours,District 4 (Southwest),WAUKEE,DALLAS,,UNIVERSITY AVE,Collision with:  Vehicle in traffic,On Roadway,Broadside (front to side),FTYROW:  Making left turn,None Indicated,,Daylight,Dry,Cloudy,None apparent,Non-intersection:  Driveway access (within),Paved,,Property Damage Only,0,0,0,0,0,0,5400,2,2,,POINT (-93.815200921073 41.600413329832)
2014797917,2014-27818,05/02/2014,05-May,6-Friday,16:18,1600 Hours,District 6 (East Central),DAVENPORT,SCOTT,,E 53RD ST & JERSEY RIDGE RD,Collision with:  Vehicle in traffic,On Roadway,Rear-end (front to rear),Followed too close,None Indicated,,Daylight,Dry,Cloudy,None apparent,Intersection:  Four-way intersection,Paved,,Property Damage Only,0,0,0,0,0,0,17000,3,6,,POINT (-90.541615387236 41.574779319312)
2014797419,20140011888,05/02/2014,05-May,6-Friday,16:45,1600 Hours,District 1 (Central),DES MOINES,POLK,,MLK JR PKWY,Collision with:  Vehicle in traffic,On Roadway,"Sideswipe, same direction",Improper or erratic lane changing,None Indicated,,Daylight,Dry,Cloudy,None apparent,Non-intersection:  Non-junction/no special feature,Paved,,Property Damage Only,0,0,0,0,0,0,2000,2,2,,POINT (-93.64473743465 41.586552694958)
2014802500,,05/02/2014,05-May,6-Friday,21:55,2100 Hours,District 2 (Northeast),,WINNESHIEK,US 52,US 52 & 365TH ST,Collision with:  Animal,On Roadway,Non-collision (single vehicle),Animal,None Indicated,,Dark - unknown roadway lighting,Dry,Clear,None apparent,Non-intersection:  Non-junction/no special feature,Paved,,Property Damage Only,0,0,0,0,0,0,2500,1,2,,POINT (-91.869795430608 43.464813661355)
2014797340,201406100,05/02/2014,05-May,6-Friday,15:17,1500 Hours,District 6 (East Central),CEDAR RAPIDS,LINN,,8TH AVE,Collision with:  Vehicle in traffic,On Roadway,Head-on (front to front),Other (explain in narrative):  Other,None Indicated,,Daylight,Dry,Clear,None apparent,Non-intersection:  Non-junction/no special feature,Paved,,Minor Injury,0,1,0,1,0,0,9000,2,3,,POINT (-91.680249549203 42.034822229998)
2014797295,01-14-18395,05/02/2014,05-May,6-Friday,18:56,1800 Hours,District 6 (East Central),DUBUQUE,DUBUQUE,US 52,US 52/CENTRAL AVE,Collision with:  Vehicle in traffic,On Roadway,"Sideswipe, same direction",FTYROW:  From parked position,None Indicated,,Daylight,Wet,Rain,None apparent,Non-intersection:  Non-junction/no special feature,Paved,,Property Damage Only,0,0,0,0,0,0,5500,2,6,,POINT (-90.666159426907 42.503390777836)
2014797345,14008744,05/02/2014,05-May,6-Friday,19:32,1900 Hours,District 6 (East Central),MARION,LINN,IA 13,IA 13/IOWA 13,Collision with:  Vehicle in traffic,On Roadway,"Angle, oncoming left turn",FTYROW:  From yield sign,None Indicated,,Dusk,Dry,Cloudy,None apparent,Intersection:  Four-way intersection,Paved,,Minor Injury,0,2,0,2,0,0,9000,2,2,,POINT (-91.55028874239 42.037216845185)
2014797947,14-13392,05/02/2014,05-May,6-Friday,17:58,1700 Hours,District 3 (Northwest),SIOUX CITY,WOODBURY,,SINGING HILLS BLVD & STADIUM DR,Collision with:  Vehicle in traffic,On Roadway,Broadside (front to side),Ran Traffic Signal,None Indicated,,Daylight,Dry,Cloudy,None apparent,Intersection:  Four-way intersection,Paved,,Property Damage Only,0,0,0,0,0,0,2500,2,3,,POINT (-96.364372861924 42.43615921762)
2014828299,14050029,05/02/2014,05-May,6-Friday,15:28,1500 Hours,District 5 (Southeast),,WAPELLO,US 34,US 34,Collision with:  Vehicle in traffic,On Roadway,"Sideswipe, opposite direction",Crossed centerline (undivided),None Indicated,,Daylight,Dry,Clear,None apparent,Non-intersection:  Non-junction/no special feature,Paved,,Property Damage Only,0,0,0,0,0,0,6500,2,3,,POINT (-92.504263311989 41.009977519416)
2014804945,,05/02/2014,05-May,6-Friday,22:24,2200 Hours,District 5 (Southeast),,MUSCATINE,,BAYFIELD RD,Collision with fixed object:  Ditch,Shoulder,Non-collision (single vehicle),Exceeded authorized speed,None Indicated,,Dark - roadway not lighted,Other (explain in narrative),Clear,None apparent,Non-intersection:  Non-junction/no special feature,Unpaved,,Property Damage Only,0,0,0,0,0,0,10000,1,2,,POINT (-91.10600639949 41.46526180006)
2014797292,01-14-18383,05/02/2014,05-May,6-Friday,17:26,1700 Hours,District 6 (East Central),DUBUQUE,DUBUQUE,US 61,US 61,Collision with:  Vehicle in traffic,On Roadway,Broadside (front to side),FTYROW:  From driveway,None Indicated,,Daylight,Dry,Clear,None apparent,Non-intersection:  Driveway access (within),Paved,,Property Damage Only,0,0,0,0,0,0,4000,2,2,,POINT (-90.679310821326 42.452183954487)
2014797294,01-14-18393,05/02/2014,05-May,6-Friday,18:41,1800 Hours,District 6 (East Central),DUBUQUE,DUBUQUE,,CRESCENT RDG,Collision with:  Vehicle in traffic,On Roadway,Rear-end (front to rear),Equipment failure,None Indicated,,Daylight,Wet,Rain,None apparent,Intersection:  Four-way intersection,Paved,,Property Damage Only,0,0,0,0,0,0,1550,2,3,,POINT (-90.732280950348 42.490247451755)
2014798443,2014-8125,05/02/2014,05-May,6-Friday,16:17,1600 Hours,District 6 (East Central),BETTENDORF,SCOTT,,MIDDLE RD & CROW CREEK RD,Collision with:  Non-motorist (see non-motorist section - NOT a unit),On Roadway,Non-collision (single vehicle),Other (explain in narrative):  No improper action,None Indicated,,Daylight,Dry,Cloudy,None apparent,Intersection:  T-intersection,Paved,,Minor Injury,0,1,0,1,0,0,0,1,3,,POINT (-90.464081508321 41.568185967033)
2014797290,01-14-18330,05/02/2014,05-May,6-Friday,11:48,1100 Hours,District 6 (East Central),DUBUQUE,DUBUQUE,US 20,US 20/DODGE ST,Collision with:  Vehicle in traffic,On Roadway,Rear-end (front to rear),Lost Control,None Indicated,,Daylight,Dry,Cloudy,None apparent,Non-intersection:  Non-junction/no special feature,Paved,,Property Damage Only,0,0,0,0,0,0,1600,2,2,,POINT (-90.720302136975 42.492080898235)
2014797750,1400000372,05/02/2014,05-May,6-Friday,20:25,2000 Hours,District 1 (Central),,MARSHALL,IA 330,IA 330/MARSHALLTOWN BLVD,Collision with:  Animal,,,Animal,None Indicated,,,,,,,Paved,,Property Damage Only,0,0,0,0,0,0,3500,1,1,,POINT (-93.060331203415 41.980653782768)
2014803885,2014-27805,05/02/2014,05-May,6-Friday,15:58,1500 Hours,District 6 (East Central),DAVENPORT,SCOTT,,KEOTA AVE & S MICHIGAN AVE,Collision with:  Vehicle in traffic,On Roadway,Broadside (front to side),FTYROW:  From driveway,None Indicated,,Daylight,Dry,Clear,None apparent,Non-intersection:  Driveway access (within),Paved,,Property Damage Only,0,0,0,0,0,0,2000,2,3,,POINT (-90.627006477509 41.503811317745)
2014797406,20140011915,05/02/2014,05-May,6-Friday,21:21,2100 Hours,District 1 (Central),DES MOINES,POLK,,FRANKLIN AVE & 44TH ST,Collision with:  Vehicle in traffic,On Roadway,Broadside (front to side),Unknown,None Indicated,,Dark - roadway lighted,Dry,Clear,None apparent,Intersection:  Four-way intersection,Paved,,Property Damage Only,0,0,0,0,0,0,6000,2,2,,POINT (-93.677856376029 41.611249157991)
2014798546,,05/02/2014,05-May,6-Friday,20:06,2000 Hours,District 5 (Southeast),,DECATUR,,Co Rd R34/195TH AVE,Collision with:  Animal,On Roadway,Non-collision (single vehicle),Animal,None Indicated,,Dark - roadway lighted,Dry,Clear,None apparent,Intersection:  Four-way intersection,Unpaved,,Property Damage Only,0,0,0,0,0,0,2000,1,1,,POINT (-93.833418984779 40.764563800208)