Iowa DOT Case Number,Law Enforcement Case Number,Date of Crash,Month of Crash,Day of Week,Time of Crash,Hour,DOT District,City Name,County Name,Route with System,Location Description,First Harmful Event,Location of First Harmful Event,Manner of Crash/Collision,Major Cause,Drug or Alcohol ,Environmental Conditions,Light Conditions,Surface Conditions,Weather Conditions,Roadway Contribution,Roadway Type,Roadway Surface,Work Zone,Crash Severity,Number of Fatalities,Number of Injuries,Number of Major Injuries,Number of Minor Injuries,Number of Possible Injuries,Number of Unknown Injuries,Amount of Property Damage,Number of Vehicles Involved,Total Number of Occupants,Travel Direction,Location
2014797156,20140011815,05/02/2014,05-May,6-Friday,07:50,0700 Hours,District 1 (Central),DES MOINES,POLK,,GRAND AVE & 56TH ST,Collision with:  Vehicle in traffic,On Roadway,Rear-end (front to rear),Other (explain in narrative):  Other,None Indicated,,Daylight,Dry,Clear,None apparent,Intersection:  Four-way intersection,Paved,,Property Damage Only,0,0,0,0,0,0,6000,2,2,,POINT (-93.693766511823 41.582835535944)
2014798185,2014026809,05/02/2014,05-May,6-Friday,13:19,1300 Hours,District 1 (Central),ALTOONA,POLK,I-80,I-80,Collision with:  Vehicle in traffic,On Roadway,"Sideswipe, same direction",Crossed centerline (undivided),None Indicated,,Daylight,Dry,Clear,Work Zone (roadway-related),Non-intersection:  Non-junction/no special feature,Paved,Yes,Property Damage Only,0,0,0,0,0,0,8000,2,4,,POINT (-93.51609456337 41.660845119994)
2014797426,20140011799,05/02/2014,05-May,6-Friday,01:17,0100 Hours,District 1 (Central),DES MOINES,POLK,,CENTER ST,Collision with fixed object:  Other fixed object (explain in narrative),On Roadway,Non-collision (single vehicle),Exceeded authorized speed,Alcohol (Statutory),,Dark - roadway lighted,Dry,Clear,None apparent,Non-intersection:  Non-junction/no special feature,Paved,,Property Damage Only,0,0,0,0,0,0,3600,1,1,,POINT (-93.637973449523 41.591679521236)
2014797420,20140011889,05/02/2014,05-May,6-Friday,16:54,1600 Hours,District 1 (Central),DES MOINES,POLK,US 6,US 6/E EUCLID AVE/FREDERICK M HUBBELL AVE,Collision with:  Vehicle in traffic,On Roadway,Rear-end (front to rear),Followed too close,None Indicated,,Daylight,Wet,Rain,None apparent,Intersection:  T-intersection,Paved,,Possible/Unknown,0,1,0,0,1,0,5400,2,4,,POINT (-93.547259823091 41.627788726294)
2014797386,14-2902,05/02/2014,05-May,6-Friday,23:30,2300 Hours,District 1 (Central),POLK CITY,POLK,IA 415,IA 415/NW POLK CITY DR & SAYLORVILLE RES,Collision with:  Animal,,,Animal,None Indicated,,,,,,,Paved,,Property Damage Only,0,0,0,0,0,0,2000,1,1,,POINT (-93.712965902736 41.757464914855)
2014797913,2014-27653,05/02/2014,05-May,6-Friday,02:36,0200 Hours,District 6 (East Central),DAVENPORT,SCOTT,,MIDDLE RD,Collision with:  Parked motor vehicle,On Roadway,Rear-end (front to rear),Lost Control,None Indicated,,Dark - roadway lighted,Dry,Clear,None apparent,Non-intersection:  Non-junction/no special feature,Paved,,Property Damage Only,0,0,0,0,0,0,6500,2,1,,POINT (-90.527570950957 41.53640816579)
2014797602,14-2893,05/02/2014,05-May,6-Friday,13:12,1300 Hours,District 1 (Central),DES MOINES,POLK,IA 415,IA 415/2ND AVE,Collision with:  Vehicle in traffic,On Roadway,Rear-end (front to rear),Followed too close,None Indicated,,Daylight,Dry,Cloudy,None apparent,Non-intersection:  Non-junction/no special feature,Paved,,Property Damage Only,0,0,0,0,0,0,7000,2,2,,POINT (-93.620310597214 41.66041098802)
2014797422,20140011902,05/02/2014,05-May,6-Friday,19:27,1900 Hours,District 1 (Central),DES MOINES,POLK,,SNYDER AVE & 49TH ST,Collision with fixed object:  Utility pole/light support,Outside trafficway,Non-collision (single vehicle),"Operating vehicle in an reckless, erratic, careless, negligent manner",None Indicated,,Dusk,Dry,Clear,None apparent,Intersection:  T-intersection,Paved,,Property Damage Only,0,0,0,0,0,0,2000,1,1,,POINT (-93.685230467679 41.620789094801)
2014798157,14-002143,05/02/2014,05-May,6-Friday,07:33,0700 Hours,District 1 (Central),AMES,STORY,US 69,US 69/S DUFF AVE,Collision with:  Vehicle in traffic,On Roadway,"Sideswipe, same direction",FTYROW:  Other (explain in narrative),None Indicated,,Daylight,Dry,Clear,None apparent,Non-intersection:  Non-junction/no special feature,Paved,,Property Damage Only,0,0,0,0,0,0,5500,2,2,,POINT (-93.610146568777 42.008833135224)
2014797428,20140011800,05/02/2014,05-May,6-Friday,01:50,0100 Hours,District 1 (Central),DES MOINES,POLK,,SW 9TH ST,Non-collision events:  Other non-collision (explain in narrative),On Roadway,Non-collision (single vehicle),Other (explain in narrative):  No improper action,None Indicated,,Dark - roadway lighted,Dry,Cloudy,None apparent,Non-intersection:  Non-junction/no special feature,Paved,,Possible/Unknown,0,1,0,0,1,0,1500,1,1,,POINT (-93.623320476483 41.566404446637)
2014799413,2014026722,05/02/2014,05-May,6-Friday,06:30,0600 Hours,District 5 (Southeast),,WARREN,I-35,I-35,Collision with:  Animal,,,Animal,None Indicated,,,,,,,Paved,,Property Damage Only,0,0,0,0,0,0,4500,1,1,,POINT (-93.778941574383 41.305527492314)
2014797149,14-2877,05/02/2014,05-May,6-Friday,07:35,0700 Hours,District 1 (Central),DES MOINES,POLK,US 69,US 69/NE 14TH ST & NE 54TH AVE,Collision with:  Vehicle in traffic,On Roadway,Head-on (front to front),Ran Traffic Signal,None Indicated,,Daylight,Dry,Clear,None apparent,Intersection:  Four-way intersection,Paved,,Property Damage Only,0,0,0,0,0,0,10000,2,2,,POINT (-93.600511808392 41.65861562797)
2014797202,EP14-000738,05/02/2014,05-May,6-Friday,12:11,1200 Hours,District 2 (Northeast),EAGLE GROVE,WRIGHT,IA 17,IA 17/N COMMERCIAL AVE,Collision with:  Vehicle in traffic,On Roadway,"Sideswipe, same direction",Crossed centerline (undivided),None Indicated,,Daylight,Dry,Cloudy,None apparent,Intersection:  Four-way intersection,Paved,,Property Damage Only,0,0,0,0,0,0,4189,2,2,,POINT (-93.904504546154 42.665997425374)
2014798653,14004814,05/02/2014,05-May,6-Friday,21:32,2100 Hours,District 1 (Central),,TAMA,US 30,US 30 & P AVE,Collision with:  Vehicle in traffic,On Roadway,Rear-end (front to rear),Followed too close,None Indicated,,Dark - roadway not lighted,Dry,Clear,None apparent,Intersection:  Other intersection (explain in narrative),Paved,,Possible/Unknown,0,1,0,0,1,0,15000,2,3,,POINT (-92.488382461363 41.963821980073)
2014797480,2014-27762,05/02/2014,05-May,6-Friday,13:28,1300 Hours,District 6 (East Central),DAVENPORT,SCOTT,US 6,US 6/E KIMBERLY RD & JERSEY RIDGE RD,Collision with:  Vehicle in traffic,On Roadway,Rear-end (front to rear),Other (explain in narrative):  Other,None Indicated,,Daylight,Dry,Cloudy,None apparent,Intersection:  Four-way intersection,Paved,,Property Damage Only,0,0,0,0,0,0,3000,2,5,,POINT (-90.541683510953 41.556858149918)
2014797364,1405021-A,05/02/2014,05-May,6-Friday,17:32,1700 Hours,District 4 (Southwest),RED OAK,MONTGOMERY,,CORNING ST & 3RD ST,Collision with:  Vehicle in traffic,On Roadway,Broadside (front to side),Ran Stop Sign,None Indicated,,Daylight,Dry,Cloudy,None apparent,Intersection:  Four-way intersection,Paved,,Possible/Unknown,0,2,0,0,2,0,10000,2,4,,POINT (-95.229133872804 41.011372781823)
2014797159,20140011834,05/02/2014,05-May,6-Friday,11:02,1100 Hours,District 1 (Central),DES MOINES,POLK,US 6,US 6/E EUCLID AVE & US 69/E 14TH ST,Collision with:  Vehicle in traffic,On Roadway,Rear-end (front to rear),Followed too close,None Indicated,,Daylight,Dry,Cloudy,Traffic control obscured,Intersection:  Four-way intersection,Paved,Yes,Property Damage Only,0,0,0,0,0,0,2500,2,3,,POINT (-93.600488882263 41.627694131201)
2014797662,,05/02/2014,05-May,6-Friday,11:28,1100 Hours,District 6 (East Central),ASBURY,DUBUQUE,,SARATOGA RD & CAMELOT DR & RADFORD RD,Collision with:  Vehicle in traffic,On Roadway,Broadside (front to side),FTYROW:  From stop sign,None Indicated,,Daylight,Dry,Cloudy,None apparent,Intersection:  Four-way intersection,Paved,,Minor Injury,0,1,0,1,0,0,16000,3,3,,POINT (-90.750136309377 42.508420946907)
2014797452,14-017150,05/02/2014,05-May,6-Friday,12:15,1200 Hours,District 4 (Southwest),COUNCIL BLUFFS,POTTAWATTAMIE,US 6,US 6/W BROADWAY & S 19TH ST & N 19TH ST,Collision with:  Non-motorist (see non-motorist section - NOT a unit),On Roadway,Non-collision (single vehicle),Made improper turn,None Indicated,,Daylight,Dry,Clear,None apparent,Non-intersection:  Non-junction/no special feature,Paved,,Possible/Unknown,0,1,0,0,1,0,0,1,1,,POINT (-95.872162326019 41.261862705927)
2014797421,20140011890,05/02/2014,05-May,6-Friday,17:18,1700 Hours,District 1 (Central),DES MOINES,POLK,,2ND AVE,Collision with:  Vehicle in traffic,On Roadway,Rear-end (front to rear),Driver Distraction:  Manual operation of an electronic communication device,None Indicated,,Daylight,Dry,Cloudy,None apparent,Non-intersection:  Non-junction/no special feature,Paved,,Possible/Unknown,0,1,0,0,1,0,6500,2,3,,POINT (-93.620319703728 41.591226686488)
2014798081,90-14-000139,05/02/2014,05-May,6-Friday,20:30,2000 Hours,District 2 (Northeast),,HUMBOLDT,US 169,US 169/LINCOLN AVE,Collision with:  Animal,,,Animal,None Indicated,,,,,,,Paved,,Property Damage Only,0,0,0,0,0,0,4000,1,1,,POINT (-94.226531385969 42.682120346429)
2014797352,14009879,05/02/2014,05-May,6-Friday,08:12,0800 Hours,District 5 (Southeast),OSKALOOSA,MAHASKA,US 63,US 63/N MARKET ST,Collision with:  Vehicle in traffic,On Roadway,Broadside (front to side),FTYROW:  From driveway,None Indicated,,Daylight,Dry,Clear,None apparent,Non-intersection:  Driveway access (within),Paved,,Property Damage Only,0,0,0,0,0,0,4000,2,3,,POINT (-92.645579827366 41.30825696694)
2014797484,14-000712,05/02/2014,05-May,6-Friday,11:00,1100 Hours,District 1 (Central),AMES,STORY,,WINLOCK RD & IOWA STATE UNIVERSITY,Collision with:  Vehicle in traffic,On Roadway,"Angle, oncoming left turn",FTYROW:  Making left turn,None Indicated,,Daylight,Dry,Cloudy,None apparent,Non-intersection:  Driveway access (within),Paved,,Property Damage Only,0,0,0,0,0,0,2500,2,3,,POINT (-93.645916311718 42.031478105455)
2014797944,14-13359,05/02/2014,05-May,6-Friday,15:03,1500 Hours,District 3 (Northwest),SIOUX CITY,WOODBURY,IA 12,IA 12/GORDON DR,Collision with:  Vehicle in traffic,On Roadway,Rear-end (front to rear),Followed too close,None Indicated,,Daylight,Dry,Clear,Work Zone (roadway-related),Non-intersection:  Other non-intersection (explain in narrative),Paved,Yes,Property Damage Only,0,0,0,0,0,0,3000,2,2,,POINT (-96.38119952165 42.489933871992)
2014797282,14-14629,05/02/2014,05-May,6-Friday,17:13,1700 Hours,District 5 (Southeast),,DES MOINES,US 34,US 34,Non-collision events:  Other non-collision (explain in narrative),On Roadway,Non-collision (single vehicle),Swerving/Evasive Action,None Indicated,,Daylight,Dry,Clear,None apparent,Non-intersection:  Non-junction/no special feature,Paved,,Possible/Unknown,0,2,0,0,2,0,10000,1,2,,POINT (-91.284181783367 40.830114296313)
2014797964,14006144,05/02/2014,05-May,6-Friday,01:19,0100 Hours,District 5 (Southeast),,APPANOOSE,,Co Rd S70/HWY S70,Non-collision events:  Overturn/rollover,On Roadway,Non-collision (single vehicle),Swerving/Evasive Action,Alcohol (Statutory),,Dark - roadway not lighted,Dry,Cloudy,None apparent,Non-intersection:  Non-junction/no special feature,Paved,,Property Damage Only,0,0,0,0,0,0,3000,1,1,,POINT (-93.045284622528 40.852217500079)
2014797453,14-017170,05/02/2014,05-May,6-Friday,14:34,1400 Hours,District 4 (Southwest),COUNCIL BLUFFS,POTTAWATTAMIE,,AVE F & N 25TH ST,Collision with:  Vehicle in traffic,On Roadway,"Angle, oncoming left turn",Made improper turn,None Indicated,,Daylight,Dry,Cloudy,None apparent,Intersection:  Four-way intersection,Paved,,Possible/Unknown,0,2,0,0,0,2,4000,2,2,,POINT (-95.88180240863 41.267196533248)
2014797620,14-0957,05/02/2014,05-May,6-Friday,08:31,0800 Hours,District 1 (Central),URBANDALE,POLK,,76TH ST,Collision with:  Vehicle in traffic,On Roadway,Broadside (front to side),Improper Backing,None Indicated,,Daylight,Dry,Clear,None apparent,Non-intersection:  Non-junction/no special feature,Paved,,Property Damage Only,0,0,0,0,0,0,2500,2,2,,POINT (-93.722540531266 41.646843528665)
2014797537,AR-14-0029,05/02/2014,05-May,6-Friday,17:46,1700 Hours,District 6 (East Central),MONTICELLO,JONES,US 151,US 151,Non-collision events:  Overturn/rollover,On Roadway,Non-collision (single vehicle),Swerving/Evasive Action,None Indicated,,Daylight,Dry,Clear,None apparent,Non-intersection:  Other non-intersection (explain in narrative),Paved,,Property Damage Only,0,0,0,0,0,0,25000,1,1,,POINT (-91.16459838337 42.24569606558)
2014797260,14-102,05/02/2014,05-May,6-Friday,15:45,1500 Hours,District 2 (Northeast),WAVERLY,BREMER,,4TH AVE SW & 5TH ST SW,Collision with:  Vehicle in traffic,On Roadway,Broadside (front to side),FTYROW:  At uncontrolled intersection,None Indicated,,Daylight,Dry,Clear,None apparent,Intersection:  Four-way intersection,Paved,,Property Damage Only,0,0,0,0,0,0,6500,2,2,,POINT (-92.476886480957 42.721839956629)
2014797158,20140011830,05/02/2014,05-May,6-Friday,10:34,1000 Hours,District 1 (Central),DES MOINES,POLK,,E ARMY POST RD & SE 16TH CT,Collision with:  Vehicle in traffic,On Roadway,Broadside (front to side),FTYROW:  Making left turn,None Indicated,,Daylight,Dry,Clear,None apparent,Intersection:  T-intersection,Paved,,Possible/Unknown,0,1,0,0,1,0,7000,2,2,,POINT (-93.590237147487 41.526298286493)
2014797150,14-2878,05/02/2014,05-May,6-Friday,07:55,0700 Hours,District 1 (Central),GRIMES,POLK,IA 44,IA 44/1ST ST,Collision with:  Vehicle in traffic,On Roadway,Rear-end (front to rear),"Operating vehicle in an reckless, erratic, careless, negligent manner",None Indicated,,Daylight,Dry,Clear,None apparent,Non-intersection:  Non-junction/no special feature,Paved,,Property Damage Only,0,0,0,0,0,0,7700,3,4,,POINT (-93.791329432073 41.68841760781)
2014797283,14-14635,05/02/2014,05-May,6-Friday,17:34,1700 Hours,District 5 (Southeast),,DES MOINES,US 34,US 34,Non-collision events:  Overturn/rollover,Outside trafficway,Non-collision (single vehicle),Over correcting/over steering,None Indicated,,Daylight,Dry,Cloudy,None apparent,Non-intersection:  Non-junction/no special feature,Paved,,Minor Injury,0,1,0,1,0,0,10000,1,1,,POINT (-91.273964329223 40.829457399321)
2014810096,14-10694,05/02/2014,05-May,6-Friday,18:41,1800 Hours,District 1 (Central),NEWTON,JASPER,,S 12TH AVE W,Collision with:  Vehicle in traffic,On Roadway,Broadside (front to side),FTYROW:  From stop sign,None Indicated,,Daylight,Dry,Clear,None apparent,Intersection:  T-intersection,Paved,,Property Damage Only,0,0,0,0,0,0,1800,2,2,,POINT (-93.076219198229 41.688342521)
2014798225,14-003716,05/02/2014,05-May,6-Friday,15:37,1500 Hours,District 6 (East Central),INDEPENDENCE,BUCHANAN,IA 150,IA 150/3RD AVE SE,Collision with:  Vehicle in traffic,On Roadway,Rear-end (front to rear),Swerving/Evasive Action,None Indicated,,Daylight,Dry,Cloudy,None apparent,Non-intersection:  Non-junction/no special feature,Paved,,Possible/Unknown,0,3,0,0,3,0,1000,2,4,,POINT (-91.890265570844 42.452560397099)
2014797943,14-13349,05/02/2014,05-May,6-Friday,14:09,1400 Hours,District 3 (Northwest),SIOUX CITY,WOODBURY,I-29,I-29,Collision with:  Vehicle in traffic,On Roadway,Rear-end (front to rear),Driving too fast for conditions,None Indicated,,Daylight,Dry,Cloudy,Work Zone (roadway-related),Non-intersection:  Non-junction/no special feature,Paved,Yes,Property Damage Only,0,0,0,0,0,0,8000,2,7,,POINT (-96.389512073149 42.481881151409)
2014797583,C14001339,05/02/2014,05-May,6-Friday,15:29,1500 Hours,District 6 (East Central),CORALVILLE,JOHNSON,I-80,I-80,Collision with:  Vehicle in traffic,On Roadway,Rear-end (front to rear),Other (explain in narrative):  No improper action,None Indicated,,Daylight,Dry,Cloudy,None apparent,Non-intersection:  Non-junction/no special feature,Paved,,Property Damage Only,0,0,0,0,0,0,2000,2,3,,POINT (-91.56323637101 41.686537756213)
2014797160,20140011839,05/02/2014,05-May,6-Friday,11:02,1100 Hours,District 1 (Central),DES MOINES,POLK,US 69,US 69/E 14TH ST & E OVID AVE,Collision with:  Vehicle in traffic,On Roadway,Broadside (front to side),FTYROW:  From stop sign,None Indicated,,Daylight,Dry,Cloudy,None apparent,Intersection:  Four-way intersection,Paved,,Property Damage Only,0,0,0,0,0,0,7200,2,2,,POINT (-93.600544190839 41.6258924039)
2014797514,14-13318,05/02/2014,05-May,6-Friday,04:00,0400 Hours,District 3 (Northwest),SIOUX CITY,WOODBURY,,S HELEN ST,Collision with:  Vehicle in traffic,On Roadway,"Sideswipe, same direction",Unknown,None Indicated,,Dark - roadway lighted,Dry,Cloudy,None apparent,Non-intersection:  Non-junction/no special feature,Paved,,Property Damage Only,0,0,0,0,0,0,2500,2,1,,POINT (-96.370313592408 42.468031708129)
2014799063,14-02763,05/02/2014,05-May,6-Friday,01:30,0100 Hours,District 3 (Northwest),EMMETSBURG,PALO ALTO,,MADISON ST,Collision with fixed object:  Other fixed object (explain in narrative),Outside trafficway,Non-collision (single vehicle),Ran off road - straight,None Indicated,,Unknown,Unknown,Clear,Unknown,Unknown,Paved,,Fatal,1,0,0,0,0,0,5000,1,1,,POINT (-94.683712472114 43.121606783527)
2014798075,01-14-18328,05/02/2014,05-May,6-Friday,11:37,1100 Hours,District 6 (East Central),DUBUQUE,DUBUQUE,,JOHN F KENNEDY RD,Collision with:  Vehicle in traffic,On Roadway,Rear-end (front to rear),Lost Control,None Indicated,,Daylight,Dry,Cloudy,None apparent,Non-intersection:  Non-junction/no special feature,Paved,,Possible/Unknown,0,3,0,0,3,0,4000,3,5,,POINT (-90.721125626279 42.498554050579)
2014798407,S14-001488,05/02/2014,05-May,6-Friday,14:15,1400 Hours,District 4 (Southwest),,POTTAWATTAMIE,IA 83,IA 83/IOWA 83,Non-collision events:  Overturn/rollover,Roadside,Non-collision (single vehicle),Other (explain in narrative):  No improper action,None Indicated,,Daylight,Dry,Cloudy,"Shoulders (none, low, soft, high)",Non-intersection:  Non-junction/no special feature,Paved,,Property Damage Only,0,0,0,0,0,0,30000,1,1,,POINT (-95.221031748831 41.447476031969)
2014797568,2014-2242,05/02/2014,05-May,6-Friday,20:45,2000 Hours,District 1 (Central),,HARDIN,IA 175,IA 175/IOWA 175,Collision with:  Animal,,,Animal,None Indicated,,,,,,,Paved,,Property Damage Only,0,0,0,0,0,0,2500,1,1,,POINT (-93.176701093226 42.360837665604)
2014797663,,05/02/2014,05-May,6-Friday,11:30,1100 Hours,District 5 (Southeast),,VAN BUREN,,,Collision with:  Animal,On Roadway,Non-collision (single vehicle),Animal,None Indicated,,,,,,,,,Property Damage Only,0,0,0,0,0,0,2000,1,1,,POINT (-96.643700149993 40.233091251414)
2014798466,14002154,05/02/2014,05-May,6-Friday,17:24,1700 Hours,District 1 (Central),AMES,STORY,US 69,US 69/LINCOLN WAY & CLARK AVE & S WALNUT ST,Collision with:  Vehicle in traffic,On Roadway,"Angle, oncoming left turn",FTYROW:  Making left turn,None Indicated,,Daylight,Dry,Clear,None apparent,Intersection:  Four-way intersection,Paved,,Property Damage Only,0,0,0,0,0,0,5500,2,2,,POINT (-93.616852286232 42.022928630369)
2014797713,SO1401593,05/02/2014,05-May,6-Friday,20:52,2000 Hours,District 5 (Southeast),,JEFFERSON,US 34,US 34,Collision with:  Animal,,,Animal,None Indicated,,,,,,,Paved,,Property Damage Only,0,0,0,0,0,0,2500,1,1,,POINT (-92.077909210975 41.010850418931)
2014797360,14-005412,05/02/2014,05-May,6-Friday,21:44,2100 Hours,District 4 (Southwest),,MILLS,,190TH ST,Non-collision events:  Other non-collision (explain in narrative),On Roadway,Non-collision (single vehicle),Lost Control,None Indicated,,Dark - roadway not lighted,"Mud, dirt",Cloudy,None apparent,Intersection:  Four-way intersection,Paved,,Property Damage Only,0,0,0,0,0,0,5500,1,1,,POINT (-95.82294744933 41.041952871204)
2014797359,14-005396,05/02/2014,05-May,6-Friday,17:35,1700 Hours,District 4 (Southwest),,MILLS,,HAWLEY RD,Collision with fixed object:  Ditch,On Roadway,Non-collision (single vehicle),"Operating vehicle in an reckless, erratic, careless, negligent manner",None Indicated,,Daylight,Dry,Cloudy,None apparent,Non-intersection:  Non-junction/no special feature,Paved,,Possible/Unknown,0,2,0,0,2,0,800,1,2,,POINT (-95.784564301423 41.049687424084)
2014798887,032-047-14,05/02/2014,05-May,6-Friday,06:13,0600 Hours,District 3 (Northwest),ESTHERVILLE,EMMET,IA 9,IA 9/W CENTRAL AVE,Non-collision events:  Other non-collision (explain in narrative),On Roadway,Non-collision (single vehicle),Animal,None Indicated,,Dawn,Dry,Clear,None apparent,Non-intersection:  Non-junction/no special feature,Paved,,Property Damage Only,0,0,0,0,0,0,1500,1,1,,POINT (-94.853594288432 43.403311613118)
2014797298,01-14-18306,05/02/2014,05-May,6-Friday,08:22,0800 Hours,District 6 (East Central),DUBUQUE,DUBUQUE,,JOHN F KENNEDY RD & CARTER RD,Collision with:  Vehicle in traffic,On Roadway,Broadside (front to side),Ran Stop Sign,None Indicated,,Daylight,Dry,Cloudy,None apparent,Intersection:  T-intersection,Paved,,Possible/Unknown,0,1,0,0,1,0,17500,2,3,,POINT (-90.721336600991 42.50179113179)
2014797798,2014026788,05/02/2014,05-May,6-Friday,11:18,1100 Hours,District 5 (Southeast),,MARION,IA 163,IA 163/IOWA 163 & 198TH AVE,Collision with fixed object:  Ditch,Shoulder,Non-collision (single vehicle),Swerving/Evasive Action,None Indicated,,Daylight,Dry,Clear,None apparent,Non-intersection:  Non-junction/no special feature,Paved,,Possible/Unknown,0,1,0,0,1,0,3500,1,1,,POINT (-92.972019807697 41.424907965874)
2014797382,SO14001022,05/02/2014,05-May,6-Friday,15:05,1500 Hours,District 3 (Northwest),,PLYMOUTH,IA 12,IA 12/IOWA 12,Collision with fixed object:  Other fixed object (explain in narrative),Outside trafficway,Non-collision (single vehicle),Over correcting/over steering,Under Influence of Alcohol/Drugs/Medications,,Daylight,"Mud, dirt",Cloudy,"Surface condition (e.g., wet, icy)",Intersection:  Other intersection (explain in narrative),Paved,,Possible/Unknown,0,1,0,0,1,0,1500,1,2,,POINT (-96.538831953199 42.854080361186)
2014797467,14-8630,05/02/2014,05-May,6-Friday,05:06,0500 Hours,District 6 (East Central),,SCOTT,IA 130,IA 130/NEW LIBERTY RD,Collision with:  Animal,On Roadway,Non-collision (single vehicle),Animal,None Indicated,,Dark - roadway not lighted,Dry,Clear,None apparent,Non-intersection:  Non-junction/no special feature,Paved,,Property Damage Only,0,0,0,0,0,0,6000,1,1,,POINT (-90.843868326683 41.694212365475)
2014797252,201401931,05/02/2014,05-May,6-Friday,21:50,2100 Hours,District 1 (Central),,BOONE,IA 210,IA 210/330TH ST,Collision with:  Animal,,Non-collision (single vehicle),Animal,None Indicated,,,,,,,Paved,,Property Damage Only,0,0,0,0,0,0,1800,1,1,,POINT (-93.750434557576 41.877972360096)
2014798160,14-002153,05/02/2014,05-May,6-Friday,16:14,1600 Hours,District 1 (Central),AMES,STORY,US 69,US 69/S DUFF AVE & AIRPORT RD & BILLY SUNDAY RD,Collision with:  Vehicle in traffic,On Roadway,"Angle, oncoming left turn",FTYROW:  Making left turn,None Indicated,,Daylight,Dry,Clear,None apparent,Intersection:  Four-way intersection,Paved,,Possible/Unknown,0,1,0,0,1,0,13000,3,3,,POINT (-93.610048762949 42.001124000145)
2014797343,14008732,05/02/2014,05-May,6-Friday,17:39,1700 Hours,District 6 (East Central),MARION,LINN,,BLAIRS FERRY RD & LINDALE DR,Collision with:  Vehicle in traffic,On Roadway,Rear-end (front to rear),Other (explain in narrative):  Other,None Indicated,,Daylight,Dry,Cloudy,None apparent,Intersection:  Four-way intersection,Paved,,Possible/Unknown,0,2,0,0,2,0,4500,2,3,,POINT (-91.623668765729 42.032284280023)
2014797478,2014-27721,05/02/2014,05-May,6-Friday,10:48,1000 Hours,District 6 (East Central),DAVENPORT,SCOTT,,W 17TH ST,Collision with:  Vehicle in traffic,On Roadway,"Sideswipe, same direction",FTYROW:  Other (explain in narrative),None Indicated,,Daylight,Dry,Cloudy,None apparent,Non-intersection:  Non-junction/no special feature,Paved,,Property Damage Only,0,0,0,0,0,0,3500,2,2,,POINT (-90.593601524356 41.536855002192)
2014797251,201401916,05/02/2014,05-May,6-Friday,12:25,1200 Hours,District 1 (Central),,BOONE,US 169,US 169/H AVE,Collision with:  Vehicle in traffic,On Roadway,"Angle, oncoming left turn",Crossed centerline (undivided),None Indicated,,Daylight,Dry,Cloudy,None apparent,Non-intersection:  Driveway access (within),Paved,,Property Damage Only,0,0,0,0,0,0,4000,2,3,,POINT (-94.02801009136 42.026124944327)
2014797293,01-14-18392,05/02/2014,05-May,6-Friday,18:24,1800 Hours,District 6 (East Central),DUBUQUE,DUBUQUE,US 20,US 20/DODGE ST,Collision with:  Vehicle in traffic,On Roadway,Rear-end (front to rear),Lost Control,None Indicated,,Daylight,Dry,Cloudy,None apparent,Non-intersection:  Non-junction/no special feature,Paved,,Property Damage Only,0,0,0,0,0,0,8000,2,2,,POINT (-90.703346677791 42.491562104634)
2014797481,2014-27763,05/02/2014,05-May,6-Friday,13:30,1300 Hours,District 6 (East Central),DAVENPORT,SCOTT,,ROCKINGHAM RD & FAIRMOUNT ST,Collision with fixed object:  Utility pole/light support,On Roadway,Non-collision (single vehicle),Ran off road - right,None Indicated,,Daylight,Dry,Cloudy,None apparent,Non-intersection:  Non-junction/no special feature,Paved,,Property Damage Only,0,0,0,0,0,0,2000,1,1,,POINT (-90.629563924776 41.509240960894)
2014797656,,05/02/2014,05-May,6-Friday,15:50,1500 Hours,District 4 (Southwest),ADEL,DALLAS,US 169,US 169/S 8TH ST & PRAIRIE ST,Collision with:  Vehicle in traffic,On Roadway,"Angle, oncoming left turn",FTYROW:  From stop sign,None Indicated,,Daylight,Dry,Clear,None apparent,Intersection:  Four-way intersection,Paved,,Property Damage Only,0,0,0,0,0,0,4500,2,5,,POINT (-94.017490502457 41.616301708434)
2014797107,14-14625,05/02/2014,05-May,6-Friday,16:58,1600 Hours,District 5 (Southeast),BURLINGTON,DES MOINES,,7TH ST,Collision with:  Parked motor vehicle,On Roadway,Rear-end (front to rear),FTYROW:  Other (explain in narrative),None Indicated,,Daylight,Dry,Clear,None apparent,Non-intersection:  Non-junction/no special feature,Paved,,Property Damage Only,0,0,0,0,0,0,1600,2,1,,POINT (-91.108049385794 40.803020392917)
2014798140,2014-27845,05/02/2014,05-May,6-Friday,16:04,1600 Hours,District 6 (East Central),DAVENPORT,SCOTT,,W CENTRAL PARK AVE & N LINCOLN AVE,Collision with:  Vehicle in traffic,On Roadway,"Sideswipe, same direction",Unknown,None Indicated,,Daylight,Dry,Clear,None apparent,Non-intersection:  Railroad grade crossing,Paved,,Property Damage Only,0,0,0,0,0,0,2000,2,4,,POINT (-90.612942335764 41.545490206228)
2014797436,14-0963,05/02/2014,05-May,6-Friday,16:48,1600 Hours,District 1 (Central),URBANDALE,POLK,I-35,I-35,Collision with:  Vehicle in traffic,On Roadway,"Sideswipe, same direction",Followed too close,None Indicated,,Daylight,Dry,Clear,None apparent,Non-intersection:  Non-junction/no special feature,Paved,,Property Damage Only,0,0,0,0,0,0,6000,3,4,,POINT (-93.776844375561 41.623989495896)