Iowa DOT Case Number,Law Enforcement Case Number,Date of Crash,Month of Crash,Day of Week,Time of Crash,Hour,DOT District,City Name,County Name,Route with System,Location Description,First Harmful Event,Location of First Harmful Event,Manner of Crash/Collision,Major Cause,Drug or Alcohol ,Environmental Conditions,Light Conditions,Surface Conditions,Weather Conditions,Roadway Contribution,Roadway Type,Roadway Surface,Work Zone,Crash Severity,Number of Fatalities,Number of Injuries,Number of Major Injuries,Number of Minor Injuries,Number of Possible Injuries,Number of Unknown Injuries,Amount of Property Damage,Number of Vehicles Involved,Total Number of Occupants,Travel Direction,Location
2014797553,201401940,05/03/2014,05-May,7-Saturday,14:08,1400 Hours,District 1 (Central),,BOONE,IA 930,IA 930/W LINCOLN WAY,Collision with:  Vehicle in traffic,On Roadway,Rear-end (front to rear),Followed too close,None Indicated,,Daylight,Dry,Cloudy,None apparent,Non-intersection:  Non-junction/no special feature,Paved,,Property Damage Only,0,0,0,0,0,0,5500,2,4,,POINT (-93.713860312011 42.023086825157)
2014798190,2014027044,05/03/2014,05-May,7-Saturday,20:05,2000 Hours,District 1 (Central),,POLK,I-35,I-35,Collision with:  Animal,,,Animal,None Indicated,,,,,,,Paved,,Property Damage Only,0,0,0,0,0,0,1500,1,1,,POINT (-93.649079956198 41.649947950175)
2014798802,2014-28086,05/03/2014,05-May,7-Saturday,18:03,1800 Hours,District 6 (East Central),DAVENPORT,SCOTT,,W 53RD ST & SHERIDAN ST,Collision with:  Vehicle in traffic,On Roadway,"Sideswipe, same direction",FTYROW:  Other (explain in narrative),None Indicated,,Daylight,Dry,Clear,None apparent,Non-intersection:  Non-junction/no special feature,Paved,,Property Damage Only,0,0,0,0,0,0,2000,2,3,,POINT (-90.574919309541 41.574541319942)
2014802273,2014004847,05/03/2014,05-May,7-Saturday,10:50,1000 Hours,District 6 (East Central),IOWA CITY,JOHNSON,US 6,US 6 & S GILBERT ST,Collision with:  Vehicle in traffic,On Roadway,Rear-end (front to rear),Followed too close,None Indicated,,Daylight,Dry,Clear,None apparent,Intersection:  Four-way intersection,Paved,,Property Damage Only,0,0,0,0,0,0,3000,2,4,,POINT (-91.532160389613 41.645470074022)
2014797446,14-000923,05/03/2014,05-May,7-Saturday,08:54,0800 Hours,District 1 (Central),ALTOONA,POLK,,3RD AVE SW,Collision with:  Vehicle in traffic,On Roadway,Broadside (front to side),FTYROW:  From stop sign,None Indicated,,Daylight,Dry,Clear,None apparent,Intersection:  Four-way intersection,Paved,,Property Damage Only,0,0,0,0,0,0,15000,2,3,,POINT (-93.467790864268 41.633309724142)
2014797390,14-2920,05/03/2014,05-May,7-Saturday,21:16,2100 Hours,District 1 (Central),,POLK,IA 141,IA 141/IOWA 141 & NW TIMBERRIDGE LN,Collision with:  Animal,,Non-collision (single vehicle),Animal,None Indicated,,,,,,,Paved,,Property Damage Only,0,0,0,0,0,0,2000,1,1,,POINT (-93.774807459353 41.717469802811)
2014798543,,05/03/2014,05-May,7-Saturday,15:35,1500 Hours,District 6 (East Central),DE WITT,CLINTON,,5TH ST & 5TH AVE,Collision with:  Vehicle in traffic,On Roadway,Broadside (front to side),FTYROW:  From stop sign,None Indicated,,Daylight,Dry,Clear,None apparent,Intersection:  Four-way intersection,Paved,,Property Damage Only,0,0,0,0,0,0,3500,2,3,,POINT (-90.537431301217 41.82028806753)
2014797410,20140011942,05/03/2014,05-May,7-Saturday,02:27,0200 Hours,District 1 (Central),DES MOINES,POLK,,6TH AVE,Collision with fixed object:  Utility pole/light support,Shoulder,Non-collision (single vehicle),"Operating vehicle in an reckless, erratic, careless, negligent manner",None Indicated,,Dark - roadway lighted,Dry,Clear,None apparent,Non-intersection:  Non-junction/no special feature,Paved,,Property Damage Only,0,0,0,0,0,0,4300,1,4,,POINT (-93.625744711094 41.610049423387)
2014797519,2014026977,05/03/2014,05-May,7-Saturday,10:11,1000 Hours,District 1 (Central),,HARDIN,US 20,US 20/NW RAMP & US 65,Collision with:  Vehicle in traffic,On Roadway,Broadside (front to side),FTYROW:  From stop sign,None Indicated,,Daylight,Dry,Clear,None apparent,Intersection:  Four-way intersection,Paved,,Minor Injury,0,1,0,1,0,0,123000,2,3,,POINT (-93.261114353277 42.449556919383)
2014797430,20140011978,05/03/2014,05-May,7-Saturday,15:33,1500 Hours,District 1 (Central),DES MOINES,POLK,,ARMY POST RD & S UNION ST,Collision with:  Vehicle in traffic,On Roadway,Broadside (front to side),FTYROW:  Making left turn,None Indicated,,Daylight,Dry,Cloudy,None apparent,Intersection:  Four-way intersection,Paved,,Possible/Unknown,0,1,0,0,1,0,2700,2,5,,POINT (-93.616104468919 41.526423826579)
2014798188,2014027000,05/03/2014,05-May,7-Saturday,11:44,1100 Hours,District 2 (Northeast),OSAGE,MITCHELL,,CHASE ST,Collision with:  Non-motorist (see non-motorist section - NOT a unit),On Roadway,"Sideswipe, opposite direction",Crossed centerline (undivided),None Indicated,,Daylight,Dry,Cloudy,None apparent,Non-intersection:  Non-junction/no special feature,Paved,,Fatal,1,1,0,0,1,0,2500,2,4,,POINT (-92.814915521823 43.285081211312)
2014797409,20140011935,05/03/2014,05-May,7-Saturday,01:33,0100 Hours,District 1 (Central),DES MOINES,POLK,,UNIVERSITY AVE & 6TH AVE,Collision with:  Vehicle in traffic,On Roadway,Broadside (front to side),Crossed centerline (undivided),Refused,,Dark - roadway lighted,Dry,Clear,None apparent,Intersection:  Four-way intersection,Paved,,Property Damage Only,0,0,0,0,0,0,9000,2,2,,POINT (-93.625739250145 41.600790026847)
2014797248,W14-043082,05/03/2014,05-May,7-Saturday,16:27,1600 Hours,District 2 (Northeast),WATERLOO,BLACK HAWK,,BROADWAY ST,Collision with:  Vehicle in traffic,On Roadway,Rear-end (front to rear),Followed too close,None Indicated,,Daylight,Dry,Clear,None apparent,Non-intersection:  Other non-intersection (explain in narrative),Paved,,Property Damage Only,0,0,0,0,0,0,4000,2,2,,POINT (-92.385472626429 42.53779715763)
2014802274,2014004852,05/03/2014,05-May,7-Saturday,12:55,1200 Hours,District 6 (East Central),IOWA CITY,JOHNSON,,KIRKWOOD AVE & SUMMIT ST,Collision with:  Vehicle in traffic,On Roadway,Broadside (front to side),Ran Stop Sign,None Indicated,,Daylight,Dry,Clear,None apparent,Intersection:  T-intersection,Paved,,Property Damage Only,0,0,0,0,0,0,3000,2,3,,POINT (-91.520974278618 41.649442794292)
2014804970,SO140174,05/03/2014,05-May,7-Saturday,22:10,2200 Hours,District 4 (Southwest),,ADAMS,,Co Rd N53/CORNING/CARL RD,Collision with fixed object:  Ditch,On Roadway,Non-collision (single vehicle),Crossed centerline (undivided),Alcohol (Statutory),,Dark - roadway not lighted,Dry,Clear,None apparent,Non-intersection:  Non-junction/no special feature,Paved,,Possible/Unknown,0,1,0,0,1,0,5000,1,1,,POINT (-94.71717081868 41.000800770799)
2014803253,,05/03/2014,05-May,7-Saturday,10:30,1000 Hours,District 4 (Southwest),,FREMONT,I-29,I-29,Collision with:  Vehicle in traffic,On Roadway,Rear-end (front to rear),Unknown,None Indicated,,Daylight,Dry,Clear,None apparent,Non-intersection:  Non-junction/no special feature,Paved,,Minor Injury,0,1,0,1,0,0,9000,2,2,,POINT (-95.817644270495 40.75130630588)
2014797255,14-7423,05/03/2014,05-May,7-Saturday,19:23,1900 Hours,District 2 (Northeast),,BREMER,,Co Rd C28/165TH ST,Non-collision events:  Overturn/rollover,On Roadway,Non-collision (single vehicle),Driving too fast for conditions,None Indicated,,Daylight,"Mud, dirt",Clear,None apparent,Non-intersection:  Non-junction/no special feature,Unpaved,,Minor Injury,0,3,0,3,0,0,3500,1,3,,POINT (-92.215853381471 42.809260527786)
2014800134,14093,05/03/2014,05-May,7-Saturday,17:30,1700 Hours,District 5 (Southeast),PELLA,MARION,,WASHINGTON ST & W 3RD ST,Collision with:  Vehicle in traffic,On Roadway,"Angle, oncoming left turn",Traveling wrong way or on wrong side of road,None Indicated,,Daylight,Dry,Clear,None apparent,Intersection:  Four-way intersection,Paved,,Property Damage Only,0,0,0,0,0,0,1500,2,8,,POINT (-92.923522991088 41.40808680563)
2014797348,14008799,05/03/2014,05-May,7-Saturday,11:29,1100 Hours,District 6 (East Central),MARION,LINN,,MEADOWVIEW DR & S 12TH ST,Collision with fixed object:  Curb/island/raised median,Shoulder,Non-collision (single vehicle),Other (explain in narrative):  Other,None Indicated,,Daylight,Dry,Clear,None apparent,Intersection:  T-intersection,Paved,,Property Damage Only,0,0,0,0,0,0,2000,1,1,,POINT (-91.596796006128 42.018818591003)
2014798313,14052030,05/03/2014,05-May,7-Saturday,04:30,0400 Hours,District 4 (Southwest),CLARINDA,PAGE,,E STATE ST,Collision with:  Parked motor vehicle,Roadside,Rear-end (front to rear),Improper Backing,None Indicated,,Dark - roadway lighted,Dry,Clear,None apparent,Non-intersection:  Non-junction/no special feature,Paved,,Property Damage Only,0,0,0,0,0,0,16000,2,1,,POINT (-95.029477537317 40.742141154087)
2014797411,10140011968,05/03/2014,05-May,7-Saturday,14:42,1400 Hours,District 1 (Central),DES MOINES,POLK,,VIRGINIA AVE & SW 9TH ST,Collision with:  Vehicle in traffic,On Roadway,"Sideswipe, same direction",Improper or erratic lane changing,None Indicated,,Daylight,Dry,Cloudy,None apparent,Intersection:  Four-way intersection,Paved,,Property Damage Only,0,0,0,0,0,0,1500,2,3,,POINT (-93.625699260203 41.558122832644)
2014798456,14-002171,05/03/2014,05-May,7-Saturday,15:55,1500 Hours,District 1 (Central),AMES,STORY,,LINCOLN WAY,Collision with:  Vehicle in traffic,On Roadway,"Sideswipe, same direction",Crossed centerline (undivided),None Indicated,,Daylight,Dry,Cloudy,None apparent,Non-intersection:  Non-junction/no special feature,Paved,,Property Damage Only,0,0,0,0,0,0,2500,2,7,,POINT (-93.58341561186 42.022707163371)
2014797394,14-001928,05/03/2014,05-May,7-Saturday,16:44,1600 Hours,District 1 (Central),ANKENY,POLK,,NE 9TH ST & NE GRANT ST,Collision with:  Vehicle in traffic,On Roadway,Broadside (front to side),Ran Stop Sign,None Indicated,,Daylight,Wet,Rain,None apparent,Intersection:  Four-way intersection,Paved,,Property Damage Only,0,0,0,0,0,0,2000,2,4,,POINT (-93.598491162089 41.738672126707)
2014797363,14680640,05/03/2014,05-May,7-Saturday,17:07,1700 Hours,District 5 (Southeast),,MONROE,IA 137,IA 137/IOWA 137,Collision with fixed object:  Other fixed object (explain in narrative),On Roadway,Non-collision (single vehicle),Ran off road - right,None Indicated,,Daylight,Dry,Clear,None apparent,Non-intersection:  Non-junction/no special feature,Paved,,Property Damage Only,0,0,0,0,0,0,3500,2,2,,POINT (-92.798166435012 41.091579864512)
2014797383,SO14001039,05/03/2014,05-May,7-Saturday,08:05,0800 Hours,District 3 (Northwest),,PLYMOUTH,IA 140,IA 140/IOWA 140,Collision with fixed object:  Utility pole/light support,Roadside,Non-collision (single vehicle),Swerving/Evasive Action,None Indicated,,Daylight,Dry,Clear,None apparent,Non-intersection:  Non-junction/no special feature,Paved,,Property Damage Only,0,0,0,0,0,0,3050,1,1,,POINT (-95.957354718855 42.621114305534)
2014797338,201406156,05/03/2014,05-May,7-Saturday,13:19,1300 Hours,District 6 (East Central),CEDAR RAPIDS,LINN,,BLAIRS FERRY RD NE,Collision with:  Vehicle in traffic,On Roadway,"Sideswipe, opposite direction",Crossed centerline (undivided),None Indicated,,Daylight,Dry,Clear,None apparent,Non-intersection:  Non-junction/no special feature,Paved,,Possible/Unknown,0,1,0,0,1,0,31000,2,4,,POINT (-91.649096656679 42.035207269413)
2014797431,20140011979,05/03/2014,05-May,7-Saturday,15:41,1500 Hours,District 1 (Central),DES MOINES,POLK,US 69,US 69/SE 14TH ST,Collision with:  Vehicle in traffic,On Roadway,Rear-end (front to rear),Followed too close,None Indicated,,Daylight,Dry,Cloudy,None apparent,Non-intersection:  Non-junction/no special feature,Paved,,Property Damage Only,0,0,0,0,0,0,6119,3,5,,POINT (-93.596889613553 41.578452317406)
2014797274,CL14001337,05/03/2014,05-May,7-Saturday,21:33,2100 Hours,District 6 (East Central),CLINTON,CLINTON,US 30,US 30/LINCOLN WAY & US 67/WASHINGTON BLVD & VALLEY WEST CT,Collision with:  Vehicle in traffic,On Roadway,Broadside (front to side),Ran Traffic Signal,None Indicated,,Dark - roadway lighted,Dry,Clear,None apparent,Intersection:  Four-way intersection,Paved,,Minor Injury,0,1,0,1,0,0,8000,2,2,,POINT (-90.242340733039 41.815577669784)
2014799259,14091,05/03/2014,05-May,7-Saturday,09:29,0900 Hours,District 5 (Southeast),PELLA,MARION,IA 163,IA 163/SW RAMP CURV/SW LOOP & WASHINGTON ST & W 15TH ST,Collision with:  Vehicle in traffic,On Roadway,Rear-end (front to rear),Followed too close,None Indicated,,Daylight,Dry,Clear,None apparent,Intersection:  Four-way intersection,Paved,,Possible/Unknown,0,1,0,0,1,0,3500,3,6,,POINT (-92.950620594334 41.410677798221)
2014801703,14-003742,05/03/2014,05-May,7-Saturday,02:23,0200 Hours,District 6 (East Central),INDEPENDENCE,BUCHANAN,,4TH AVE NE,Collision with:  Parked motor vehicle,On Roadway,"Sideswipe, same direction",Lost Control,None Indicated,,Dark - roadway not lighted,Dry,Clear,None apparent,Non-intersection:  Non-junction/no special feature,Paved,,Property Damage Only,0,0,0,0,0,0,3000,3,1,,POINT (-91.890357856502 42.474193185694)
2014800225,14-039,05/03/2014,05-May,7-Saturday,15:56,1500 Hours,District 3 (Northwest),SIOUX CENTER,SIOUX,US 75,US 75/MAIN AVE & 16TH ST SE,Collision with:  Vehicle in traffic,On Roadway,"Sideswipe, same direction",Other (explain in narrative):  Other,None Indicated,,Daylight,Dry,Cloudy,None apparent,Intersection:  Other intersection (explain in narrative),Paved,,Possible/Unknown,0,1,0,0,1,0,900,2,4,,POINT (-96.175387340857 43.060418201981)
2014797949,14-13445,05/03/2014,05-May,7-Saturday,01:08,0100 Hours,District 3 (Northwest),SIOUX CITY,WOODBURY,,17TH ST & JACKSON ST,Collision with:  Vehicle in traffic,On Roadway,Broadside (front to side),Ran Stop Sign,Alcohol (Statutory),,Dark - roadway lighted,Dry,Clear,None apparent,Intersection:  Four-way intersection,Paved,,Minor Injury,0,2,0,2,0,0,12000,2,4,,POINT (-96.402128221565 42.508133176337)
2014797413,20140011990,05/03/2014,05-May,7-Saturday,17:42,1700 Hours,District 1 (Central),DES MOINES,POLK,I-235,I-235 & 6TH AVE,Collision with:  Vehicle in traffic,On Roadway,Broadside (front to side),Ran Traffic Signal,None Indicated,,Daylight,Dry,Clear,None apparent,Intersection:  Four-way intersection,Paved,,Minor Injury,0,2,0,1,1,0,20000,2,4,,POINT (-93.625679054128 41.595800345979)
2014797270,1405038021,05/03/2014,05-May,7-Saturday,04:13,0400 Hours,District 6 (East Central),,CLINTON,US 61,US 61,Collision with fixed object:  Bridge overhead structure,On Roadway,Non-collision (single vehicle),Ran off road - right,Alcohol (Statutory),,Dark - roadway not lighted,Dry,Clear,None apparent,Non-intersection:  Other non-intersection (explain in narrative),Paved,,Minor Injury,0,1,0,1,0,0,10000,1,1,,POINT (-90.567669980859 41.771111153968)
2014797336,201406149,05/03/2014,05-May,7-Saturday,08:49,0800 Hours,District 6 (East Central),CEDAR RAPIDS,LINN,,KIRKWOOD BLVD SW,Collision with:  Vehicle in traffic,On Roadway,Broadside (front to side),FTYROW:  From stop sign,None Indicated,,Daylight,Dry,Clear,None apparent,Intersection:  Four-way intersection,Paved,,Property Damage Only,0,0,0,0,0,0,4000,2,2,,POINT (-91.656575583204 41.90078370693)
2014797834,14-004582,05/03/2014,05-May,7-Saturday,05:10,0500 Hours,District 2 (Northeast),WAUCOMA,FAYETTE,,RIVERVIEW DR,Collision with:  Animal,,,Animal,None Indicated,,,,,,,Paved,,Property Damage Only,0,0,0,0,0,0,1500,1,1,,POINT (-92.040413862719 43.055583068379)
2014799444,,05/03/2014,05-May,7-Saturday,12:21,1200 Hours,District 1 (Central),MONROE,JASPER,IA 14,IA 14/S MONROE ST & E AMERICAN ST,Collision with:  Vehicle in traffic,On Roadway,"Sideswipe, same direction",Made improper turn,None Indicated,,Daylight,Dry,Clear,None apparent,Intersection:  Four-way intersection,Paved,,Property Damage Only,0,0,0,0,0,0,1694,2,4,,POINT (-93.101766298537 41.520643059362)
2014835404,2014-000598,05/03/2014,05-May,7-Saturday,20:36,2000 Hours,District 6 (East Central),BELLE PLAINE,BENTON,,4TH AVE,Collision with:  Animal,,,Animal,Refused,,,,,,,Paved,,Property Damage Only,0,0,0,0,0,0,4000,1,1,,POINT (-92.283328805958 41.900011418816)
2014797789,2014-09126,05/03/2014,05-May,7-Saturday,00:00,0000 Hours,District 5 (Southeast),INDIANOLA,WARREN,,N F ST,Collision with:  Parked motor vehicle,On Roadway,Broadside (front to side),Lost Control,None Indicated,,Dark - roadway lighted,Dry,Clear,None apparent,Non-intersection:  Non-junction/no special feature,Paved,,Property Damage Only,0,0,0,0,0,0,1500,2,1,,POINT (-93.570876182106 41.360658269576)
2014797684,141117,05/03/2014,05-May,7-Saturday,21:10,2100 Hours,District 3 (Northwest),DENISON,CRAWFORD,US 30,US 30/4TH AVE S,Collision with:  Vehicle in traffic,On Roadway,Rear-end (front to rear),Followed too close,None Indicated,,Dark - roadway lighted,Dry,Clear,None apparent,Non-intersection:  Non-junction/no special feature,Paved,,Property Damage Only,0,0,0,0,0,0,9000,2,4,,POINT (-95.341447762208 42.012794348302)
2014797357,2014004139,05/03/2014,05-May,7-Saturday,10:59,1000 Hours,District 1 (Central),MARSHALLTOWN,MARSHALL,IA 14,IA 14/E ANSON ST/S 3RD AVE,Collision with:  Vehicle in traffic,On Roadway,"Angle, oncoming left turn",FTYROW:  Making left turn,None Indicated,,Daylight,Dry,Cloudy,None apparent,Intersection:  Four-way intersection,Paved,,Property Damage Only,0,0,0,0,0,0,11000,2,2,,POINT (-92.907887184141 42.038203198742)
2014798161,14-002167,05/03/2014,05-May,7-Saturday,11:05,1100 Hours,District 1 (Central),AMES,STORY,US 69,US 69/S DUFF AVE,Collision with:  Vehicle in traffic,On Roadway,Broadside (front to side),FTYROW:  From driveway,None Indicated,,Daylight,Dry,Clear,None apparent,Non-intersection:  Driveway access (within),Paved,,Property Damage Only,0,0,0,0,0,0,4000,2,2,,POINT (-93.610339090297 42.018865454706)
2014799846,201400021261,05/03/2014,05-May,7-Saturday,21:18,2100 Hours,District 5 (Southeast),OTTUMWA,WAPELLO,US 34,US 34,Collision with:  Animal,On Roadway,Non-collision (single vehicle),Animal,None Indicated,,Dark - roadway not lighted,Dry,Cloudy,None apparent,Non-intersection:  Non-junction/no special feature,Paved,,Property Damage Only,0,0,0,0,0,0,2000,1,2,,POINT (-92.457169791729 41.015863884993)
2014826638,14010011,05/03/2014,05-May,7-Saturday,10:56,1000 Hours,District 5 (Southeast),,MAHASKA,US 63,US 63 & MERINO AVE,Collision with:  Vehicle in traffic,On Roadway,Rear-end (front to rear),Followed too close,None Indicated,,Daylight,Dry,Clear,None apparent,"Interchange-related:  Off-ramp, diverge area",Paved,,Minor Injury,0,2,0,1,1,0,13000,2,5,,POINT (-92.632477141219 41.173647808297)
2014899595,NT-14-059,05/03/2014,05-May,7-Saturday,02:20,0200 Hours,District 1 (Central),NEVADA,STORY,,Co Rd S27/650TH AVE,Collision with:  Vehicle in traffic,Outside trafficway,Non-collision (single vehicle),Lost Control,Under Influence of Alcohol/Drugs/Medications,,Dark - roadway not lighted,Dry,Clear,None apparent,Non-intersection:  Non-junction/no special feature,Paved,,Minor Injury,0,1,0,1,0,0,5500,1,1,,POINT (-93.405762823888 42.004450667011)
2014798257,14-002871,05/03/2014,05-May,7-Saturday,23:32,2300 Hours,District 1 (Central),,HAMILTON,,Co Rd R27/TUNNEL MILL RD,Non-collision events:  Overturn/rollover,,,Swerving/Evasive Action,None Indicated,,,,,,,Paved,,Property Damage Only,0,0,0,0,0,0,3500,1,1,,POINT (-93.835808003927 42.374966729141)
2014797595,14010002,05/03/2014,05-May,7-Saturday,07:49,0700 Hours,District 5 (Southeast),OSKALOOSA,MAHASKA,,2ND AVE E & S 1ST ST,Collision with:  Vehicle in traffic,On Roadway,Broadside (front to side),FTYROW:  From stop sign,None Indicated,,Daylight,Dry,Clear,None apparent,Intersection:  Four-way intersection,Paved,,Property Damage Only,0,0,0,0,0,0,2100,2,2,,POINT (-92.643868106345 41.293515014046)
2014797950,14-13525,05/03/2014,05-May,7-Saturday,17:16,1700 Hours,District 3 (Northwest),SIOUX CITY,WOODBURY,,4TH ST & COURT ST,Collision with:  Vehicle in traffic,On Roadway,Rear-end (front to rear),Other (explain in narrative):  Other,None Indicated,,Daylight,Dry,Cloudy,None apparent,Intersection:  Four-way intersection,Paved,,Property Damage Only,0,0,0,0,0,0,1600,2,3,,POINT (-96.396397632919 42.494238347829)
2014797464,2014-8740,05/03/2014,05-May,7-Saturday,08:55,0800 Hours,District 6 (East Central),WALCOTT,SCOTT,,HENRY ST,Collision with:  Vehicle in traffic,On Roadway,"Sideswipe, same direction",Other (explain in narrative):  Other,None Indicated,,Daylight,Dry,Clear,None apparent,Non-intersection:  Driveway access (within),Paved,,Property Damage Only,0,0,0,0,0,0,3000,2,3,,POINT (-90.773050536632 41.589458520496)
2014802275,2014004853,05/03/2014,05-May,7-Saturday,14:25,1400 Hours,District 6 (East Central),IOWA CITY,JOHNSON,US 218,US 218/NE RAMP CURV,Collision with:  Vehicle in traffic,On Roadway,Broadside (front to side),Ran Stop Sign,None Indicated,,Daylight,Dry,Clear,None apparent,Intersection:  Intersection with ramp,Paved,,Property Damage Only,0,0,0,0,0,0,3500,2,3,,POINT (-91.566560649669 41.634735739654)
2014798298,14-0010359,05/03/2014,05-May,7-Saturday,13:57,1300 Hours,District 5 (Southeast),,MARION,IA 14,IA 14/IOWA 14 & 120TH AVE,Collision with:  Animal,,Non-collision (single vehicle),Animal,None Indicated,,,,,,,Paved,,Property Damage Only,0,0,0,0,0,0,3000,1,1,,POINT (-93.118399168031 41.255505634553)
2014797415,20140012007,05/03/2014,05-May,7-Saturday,20:50,2000 Hours,District 1 (Central),DES MOINES,POLK,US 69,US 69/SE 14TH ST,Collision with:  Animal,On Roadway,Non-collision (single vehicle),Animal,None Indicated,,Dark - roadway not lighted,Dry,Clear,None apparent,Non-intersection:  Non-junction/no special feature,Paved,,Property Damage Only,0,0,0,0,0,0,8500,1,2,,POINT (-93.596740758242 41.524463251302)
2014797455,14-017307,05/03/2014,05-May,7-Saturday,10:50,1000 Hours,District 4 (Southwest),COUNCIL BLUFFS,POTTAWATTAMIE,,N 19TH ST,Collision with:  Vehicle in traffic,On Roadway,Broadside (front to side),FTYROW:  Other (explain in narrative),None Indicated,,Daylight,Dry,Clear,Non-highway work,Non-intersection:  Alley,Paved,,Property Damage Only,0,0,0,0,0,0,3000,2,8,,POINT (-95.872168155411 41.262267845639)
2014797458,14-017344,05/03/2014,05-May,7-Saturday,15:55,1500 Hours,District 4 (Southwest),COUNCIL BLUFFS,POTTAWATTAMIE,I-29,I-29,Collision with:  Vehicle in traffic,On Roadway,"Sideswipe, same direction",Other (explain in narrative):  Other,None Indicated,,Daylight,Dry,Clear,None apparent,Non-intersection:  Non-junction/no special feature,Paved,,Property Damage Only,0,0,0,0,0,0,2000,2,2,,POINT (-95.883275929182 41.232602281084)
2014798272,2014005100,05/03/2014,05-May,7-Saturday,04:00,0400 Hours,District 6 (East Central),IOWA CITY,JOHNSON,,HARLOCKE DR,Collision with:  Parked motor vehicle,On Roadway,"Sideswipe, opposite direction",Crossed centerline (undivided),None Indicated,,Dark - roadway lighted,Dry,Unknown,None apparent,Non-intersection:  Non-junction/no special feature,Paved,,Property Damage Only,0,0,0,0,0,0,4000,2,1,,POINT (-91.555209648164 41.649491003035)
2014797661,,05/03/2014,05-May,7-Saturday,09:51,0900 Hours,District 6 (East Central),MARENGO,IOWA,,CLINTON AVE,Collision with:  Parked motor vehicle,On Roadway,"Sideswipe, opposite direction",Unknown,None Indicated,,Daylight,Dry,Clear,None apparent,Non-intersection:  Non-junction/no special feature,Paved,,Property Damage Only,0,0,0,0,0,0,2900,2,1,,POINT (-92.0673136946 41.79970979699)
2014797350,14-2135,05/03/2014,05-May,7-Saturday,13:15,1300 Hours,District 6 (East Central),HIAWATHA,LINN,,BLAIRS FERRY RD & 18TH AVE,Collision with:  Vehicle in traffic,On Roadway,Rear-end (front to rear),Exceeded authorized speed,Alcohol (Statutory),,Daylight,Dry,Cloudy,None apparent,Non-intersection:  Non-junction/no special feature,Paved,,Possible/Unknown,0,1,0,0,1,0,11500,3,5,,POINT (-91.697383371469 42.034675747204)
2014802288,2014004846,05/03/2014,05-May,7-Saturday,04:00,0400 Hours,District 6 (East Central),IOWA CITY,JOHNSON,,HARLOCKE DR,Collision with:  Parked motor vehicle,Roadside,"Sideswipe, opposite direction",Traveling wrong way or on wrong side of road,None Indicated,,Dark - unknown roadway lighting,Unknown,Unknown,None apparent,Non-intersection:  Non-junction/no special feature,Paved,,Property Damage Only,0,0,0,0,0,0,5000,2,1,,POINT (-91.554335683445 41.649371929797)
2014829743,A390514-1990,05/03/2014,05-May,7-Saturday,20:50,2000 Hours,District 4 (Southwest),,GUTHRIE,,Co Rd F24/150TH ST,Collision with:  Animal,On Roadway,Non-collision (single vehicle),Animal,None Indicated,,Dusk,Dry,Clear,None apparent,Non-intersection:  Non-junction/no special feature,Unpaved,,Property Damage Only,0,0,0,0,0,0,3100,1,1,,POINT (-94.619547705715 41.791060969278)
2014797287,14-618,05/03/2014,05-May,7-Saturday,10:25,1000 Hours,District 3 (Northwest),SPIRIT LAKE,DICKINSON,US 71,US 71/18TH ST & PEORIA AVE,Collision with:  Vehicle in traffic,On Roadway,"Angle, oncoming left turn",Made improper turn,None Indicated,,Daylight,Dry,Clear,None apparent,Intersection:  Four-way intersection,Paved,,Property Damage Only,0,0,0,0,0,0,3000,2,3,,POINT (-95.111873892593 43.42265680824)
2014804780,1-14-000158,05/03/2014,05-May,7-Saturday,16:51,1600 Hours,District 4 (Southwest),,SHELBY,,Co Rd F58/STREET F58,Collision with fixed object:  Ditch,On Roadway,Non-collision (single vehicle),Driving too fast for conditions,None Indicated,,Daylight,"Mud, dirt",Clear,"Surface condition (e.g., wet, icy)",Non-intersection:  Non-junction/no special feature,Unpaved,,Major Injury,0,4,1,2,1,0,5000,1,4,,POINT (-95.491473849428 41.585648746185)
2014797445,14-2020,05/03/2014,05-May,7-Saturday,10:29,1000 Hours,District 1 (Central),WEST DES MOINES,POLK,,ASHWORTH RD & 12TH ST,Collision with:  Vehicle in traffic,On Roadway,Broadside (front to side),FTYROW:  From stop sign,None Indicated,,Daylight,Dry,Clear,None apparent,Intersection:  Four-way intersection,Paved,,Property Damage Only,0,0,0,0,0,0,6500,2,5,,POINT (-93.719062566359 41.58457163132)
2014798189,2014027021,05/03/2014,05-May,7-Saturday,16:20,1600 Hours,District 1 (Central),DES MOINES,POLK,IA 163,IA 163/E UNIVERSITY AVE & E 26TH ST,Collision with:  Vehicle in traffic,On Roadway,"Angle, oncoming left turn",Ran Traffic Signal,None Indicated,,Daylight,Dry,Cloudy,None apparent,Intersection:  Four-way intersection,Paved,,Possible/Unknown,0,6,0,0,6,0,4000,2,6,,POINT (-93.56787282308 41.600477929558)
2014797563,E14030917,05/03/2014,05-May,7-Saturday,06:00,0600 Hours,District 2 (Northeast),,FRANKLIN,US 65,US 65 & Co Rd C25/190TH ST,Collision with fixed object:  Ditch,On Roadway,Non-collision (single vehicle),Swerving/Evasive Action,None Indicated,,Dark - roadway lighted,Dry,Clear,None apparent,Non-intersection:  Non-junction/no special feature,Paved,,Property Damage Only,0,0,0,0,0,0,1500,1,1,,POINT (-93.202267685179 42.803301724144)