Iowa DOT Case Number,Law Enforcement Case Number,Date of Crash,Month of Crash,Day of Week,Time of Crash,Hour,DOT District,City Name,County Name,Route with System,Location Description,First Harmful Event,Location of First Harmful Event,Manner of Crash/Collision,Major Cause,Drug or Alcohol ,Environmental Conditions,Light Conditions,Surface Conditions,Weather Conditions,Roadway Contribution,Roadway Type,Roadway Surface,Work Zone,Crash Severity,Number of Fatalities,Number of Injuries,Number of Major Injuries,Number of Minor Injuries,Number of Possible Injuries,Number of Unknown Injuries,Amount of Property Damage,Number of Vehicles Involved,Total Number of Occupants,Travel Direction,Location
2014797532,MAY32014,05/03/2014,05-May,7-Saturday,15:30,1500 Hours,District 3 (Northwest),SAC CITY,SAC,,,Collision with fixed object:  Tree,Outside trafficway,Non-collision (single vehicle),Driving too fast for conditions,None Indicated,,Daylight,"Mud, dirt",Cloudy,None apparent,Unknown,,,Property Damage Only,0,0,0,0,0,0,6000,1,2,,POINT (-96.643700149993 40.233091251414)
2014797296,01-14-18514,05/03/2014,05-May,7-Saturday,09:38,0900 Hours,District 6 (East Central),DUBUQUE,DUBUQUE,,GRANDVIEW AVE S,Collision with:  Vehicle in traffic,On Roadway,Rear-end (front to rear),Lost Control,None Indicated,,Daylight,Dry,Cloudy,None apparent,Non-intersection:  Non-junction/no special feature,Paved,,Property Damage Only,0,0,0,0,0,0,5000,2,2,,POINT (-90.684215375516 42.489673062054)
2014798306,2014004158,05/03/2014,05-May,7-Saturday,19:00,1900 Hours,District 1 (Central),MARSHALLTOWN,MARSHALL,,N 8TH AVE,Collision with fixed object:  Other fixed object (explain in narrative),Outside trafficway,Non-collision (single vehicle),Ran off road - left,Alcohol (Statutory),,Daylight,Dry,Clear,None apparent,Non-intersection:  Non-junction/no special feature,Paved,,Minor Injury,0,1,0,1,0,0,25000,1,1,,POINT (-92.899982443325 42.055615333439)
2014799260,14092,05/03/2014,05-May,7-Saturday,13:27,1300 Hours,District 5 (Southeast),PELLA,MARION,,JEFFERSON ST & MAIN ST,Collision with:  Vehicle in traffic,On Roadway,Broadside (front to side),FTYROW:  From driveway,None Indicated,,Daylight,Dry,Cloudy,None apparent,Non-intersection:  Driveway access (within),Paved,,Property Damage Only,0,0,0,0,0,0,2500,2,2,,POINT (-92.916386711746 41.412333425086)
2014797448,14-000927,05/03/2014,05-May,7-Saturday,15:44,1500 Hours,District 1 (Central),ALTOONA,POLK,,ADVENTURELAND DR,Collision with:  Vehicle in traffic,On Roadway,Broadside (front to side),FTYROW:  Other (explain in narrative),None Indicated,,Daylight,Dry,Cloudy,None apparent,Intersection:  T-intersection,Paved,,Possible/Unknown,0,1,0,0,1,0,9000,2,2,,POINT (-93.492222725127 41.658508888563)
2014797440,14-2026,05/03/2014,05-May,7-Saturday,17:05,1700 Hours,District 1 (Central),WEST DES MOINES,POLK,,35TH ST/VALLEY WEST DR,Collision with:  Vehicle in traffic,On Roadway,Rear-end (front to rear),Other (explain in narrative):  Other,None Indicated,,Daylight,Dry,Cloudy,None apparent,Intersection:  Four-way intersection,Paved,,Possible/Unknown,0,1,0,0,1,0,1500,2,3,,POINT (-93.751955009914 41.599817588496)
2014797337,201406150,05/03/2014,05-May,7-Saturday,10:02,1000 Hours,District 6 (East Central),CEDAR RAPIDS,LINN,,WILSON AVE SW & EDGEWOOD RD SW,Collision with:  Vehicle in traffic,On Roadway,Rear-end (front to rear),Swerving/Evasive Action,None Indicated,,Daylight,Dry,Cloudy,None apparent,Intersection:  Four-way intersection,Paved,,Property Damage Only,0,0,0,0,0,0,7000,2,3,,POINT (-91.716267883224 41.956487540699)
2014801714,142094,05/03/2014,05-May,7-Saturday,03:47,0300 Hours,District 1 (Central),IOWA FALLS,HARDIN,,NORTH ST & RIVER ST,Collision with fixed object:  Utility pole/light support,Shoulder,Non-collision (single vehicle),Driver Distraction:  Manual operation of an electronic communication device,Alcohol (Statutory),,Dark - roadway lighted,Dry,Clear,None apparent,Non-intersection:  Non-junction/no special feature,Paved,,Minor Injury,0,1,0,1,0,0,13000,1,1,,POINT (-93.267823520554 42.528595126873)
2014799819,14C01981,05/03/2014,05-May,7-Saturday,13:36,1300 Hours,District 4 (Southwest),CRESTON,UNION,,W ADAMS ST,Non-collision events:  Other non-collision (explain in narrative),On Roadway,Non-collision (single vehicle),Unknown,None Indicated,,Daylight,Dry,Cloudy,None apparent,Non-intersection:  Non-junction/no special feature,Paved,,Possible/Unknown,0,1,0,0,1,0,2000,1,1,,POINT (-94.365766181777 41.057305043907)
2014797239,W14-043064,05/03/2014,05-May,7-Saturday,15:29,1500 Hours,District 2 (Northeast),WATERLOO,BLACK HAWK,,DEVONSHIRE DR & ANSBOROUGH AVE,Collision with:  Vehicle in traffic,On Roadway,Rear-end (front to rear),Followed too close,None Indicated,,Daylight,Dry,Clear,None apparent,Intersection:  Four-way intersection,Paved,,Property Damage Only,0,0,0,0,0,0,3500,2,2,,POINT (-92.376771295889 42.474727418293)
2014798954,2014026961,05/03/2014,05-May,7-Saturday,08:10,0800 Hours,District 1 (Central),,POWESHIEK,I-80,I-80,Non-collision events:  Overturn/rollover,Outside trafficway,Non-collision (single vehicle),Crossed centerline (undivided),None Indicated,,Daylight,Dry,Clear,None apparent,Non-intersection:  Non-junction/no special feature,Paved,,Property Damage Only,0,0,0,0,0,0,7500,1,3,,POINT (-92.633197187743 41.695825825169)
2014797714,SO1401608,05/03/2014,05-May,7-Saturday,23:00,2300 Hours,District 5 (Southeast),FAIRFIELD,JEFFERSON,US 34,US 34,Collision with:  Animal,,,Animal,None Indicated,,,,,,,Paved,,Property Damage Only,0,0,0,0,0,0,4500,1,1,,POINT (-91.948879845361 40.984667577977)
2014797694,02-14-6899,05/03/2014,05-May,7-Saturday,13:50,1300 Hours,District 6 (East Central),,DUBUQUE,,MERLIN RD,Collision with:  Animal,,,Animal,None Indicated,,,,,,,Paved,,Property Damage Only,0,0,0,0,0,0,3500,1,1,,POINT (-90.694126618414 42.389400733697)
2014797784,S79140146,05/03/2014,05-May,7-Saturday,17:31,1700 Hours,District 1 (Central),,POWESHIEK,,385TH AVE,Non-collision events:  Other non-collision (explain in narrative),On Roadway,Non-collision (single vehicle),Separation of units,None Indicated,,Daylight,Dry,Clear,None apparent,Non-intersection:  Non-junction/no special feature,Paved,,Possible/Unknown,0,1,0,0,0,1,52000,1,1,,POINT (-92.417162013412 41.737797847522)
2014798519,2014026945,05/03/2014,05-May,7-Saturday,02:00,0200 Hours,District 5 (Southeast),,WASHINGTON,IA 92,IA 92 & LARCH AVE,Collision with:  Vehicle in traffic,On Roadway,Broadside (front to side),FTYROW:  From stop sign,None Indicated,,Dark - roadway not lighted,Dry,Clear,None apparent,Intersection:  Four-way intersection,Paved,,Property Damage Only,0,0,0,0,0,0,10500,2,3,,POINT (-91.735071059178 41.336927173391)
2014797653,,05/03/2014,05-May,7-Saturday,08:46,0800 Hours,District 5 (Southeast),NEW LONDON,HENRY,,S PINE ST,Collision with:  Vehicle in traffic,Unknown,"Sideswipe, same direction",FTYROW:  Other (explain in narrative),None Indicated,,Daylight,Dry,Cloudy,Unknown,Unknown,Paved,,Property Damage Only,0,0,0,0,0,0,1500,2,2,,POINT (-91.405387804849 40.925851383855)
2014797275,141114,05/03/2014,05-May,7-Saturday,14:43,1400 Hours,District 3 (Northwest),DENISON,CRAWFORD,,1ST AVE N,Collision with:  Vehicle in traffic,On Roadway,Rear-end (front to rear),Other (explain in narrative):  Other,None Indicated,,Daylight,Dry,Clear,None apparent,Non-intersection:  Non-junction/no special feature,Paved,,Property Damage Only,0,0,0,0,0,0,1700,2,3,,POINT (-95.355714195954 42.017824747842)
2014798187,2014026947,05/03/2014,05-May,7-Saturday,04:20,0400 Hours,District 4 (Southwest),,FREMONT,I-29,I-29,Collision with fixed object:  Traffic sign support,Median,Non-collision (single vehicle),Ran off road - left,Alcohol (Statutory),,Dark - roadway not lighted,Dry,Cloudy,None apparent,Non-intersection:  Non-junction/no special feature,Paved,,Possible/Unknown,0,1,0,0,1,0,11500,1,2,,POINT (-95.805687982445 40.718496957433)
2014800248,2014027001,05/03/2014,05-May,7-Saturday,13:45,1300 Hours,District 1 (Central),,JASPER,I-80,I-80,Collision with fixed object:  Utility pole/light support,Roadside,Non-collision (single vehicle),Swerving/Evasive Action,None Indicated,,Daylight,Dry,Clear,None apparent,Interchange-related:  On-ramp,Paved,,Property Damage Only,0,0,0,0,0,0,5100,1,1,,POINT (-93.251823404089 41.691046250296)
2014797918,2014-28047,05/03/2014,05-May,7-Saturday,15:34,1500 Hours,District 6 (East Central),DAVENPORT,SCOTT,US 6,US 6/W KIMBERLY RD,Collision with:  Vehicle in traffic,On Roadway,Rear-end (front to rear),Followed too close,None Indicated,,Daylight,Dry,Clear,None apparent,Non-intersection:  Non-junction/no special feature,Paved,,Property Damage Only,0,0,0,0,0,0,3000,2,2,,POINT (-90.590064918931 41.560098487178)
2014797427,20140011930,05/03/2014,05-May,7-Saturday,00:48,0000 Hours,District 1 (Central),DES MOINES,POLK,,E MARKET ST & SE 19TH ST,Collision with:  Animal,,,Animal,None Indicated,,,,,,,Paved,,Property Damage Only,0,0,0,0,0,0,1500,1,1,,POINT (-93.584825920256 41.58688206418)
2014797500,14-1289,05/03/2014,05-May,7-Saturday,15:20,1500 Hours,District 1 (Central),FORT DODGE,WEBSTER,,N 11TH ST,Collision with:  Vehicle in traffic,On Roadway,Broadside (front to side),FTYROW:  From driveway,None Indicated,,Daylight,Dry,Cloudy,None apparent,Non-intersection:  Driveway access (within),Paved,,Property Damage Only,0,0,0,0,0,0,3500,2,1,,POINT (-94.188422266984 42.519071290836)
2014798648,14-8174,05/03/2014,05-May,7-Saturday,07:24,0700 Hours,District 6 (East Central),BETTENDORF,SCOTT,,53RD AVE,Collision with fixed object:  Traffic sign support,Outside trafficway,Head-on (front to front),Ran off road - straight,Under Influence of Alcohol/Drugs/Medications,,Dark - unknown roadway lighting,Dry,Cloudy,Work Zone (roadway-related),Non-intersection:  Other non-intersection (explain in narrative),Paved,Yes,Possible/Unknown,0,1,0,0,1,0,7200,3,1,,POINT (-90.449639115744 41.575584697562)
2014797389,14-2919,05/03/2014,05-May,7-Saturday,21:10,2100 Hours,District 1 (Central),DES MOINES,POLK,,NW 16TH ST,Collision with fixed object:  Utility pole/light support,Shoulder,Non-collision (single vehicle),Exceeded authorized speed,None Indicated,,Dark - roadway not lighted,Dry,Cloudy,None apparent,Non-intersection:  Non-junction/no special feature,Paved,,Property Damage Only,0,0,0,0,0,0,10500,1,1,,POINT (-93.638850676542 41.692717017237)
2014797253,201401943,05/03/2014,05-May,7-Saturday,21:19,2100 Hours,District 1 (Central),,BOONE,IA 210,IA 210/330TH ST,Collision with:  Animal,,Non-collision (single vehicle),Animal,None Indicated,,,,,,,Paved,,Property Damage Only,0,0,0,0,0,0,2500,1,1,,POINT (-93.736273825536 41.877964947722)
2014857483,15003060,05/03/2014,05-May,7-Saturday,18:47,1800 Hours,District 2 (Northeast),CLEAR LAKE,CERRO GORDO,US 18,US 18,Collision with fixed object:  Bridge pier or support,,,None Indicated,None Indicated,,,,,,,Paved,,Property Damage Only,0,0,0,0,0,0,4000,1,1,,POINT (-93.427002816572 43.138575172942)
2014797605,14-001916,05/03/2014,05-May,7-Saturday,04:45,0400 Hours,District 1 (Central),ANKENY,POLK,US 69,US 69/N ANKNEY BLVD/N ANKENY BLVD & NE 36TH ST & NW 36TH ST,Collision with fixed object:  Curb/island/raised median,On Roadway,Non-collision (single vehicle),Over correcting/over steering,Alcohol (Statutory),,Dark - roadway lighted,Dry,Clear,None apparent,Intersection:  Four-way intersection,Paved,,Property Damage Only,0,0,0,0,0,0,5000,1,1,,POINT (-93.600248751808 41.760820189172)
2014797441,14-2022,05/03/2014,05-May,7-Saturday,12:49,1200 Hours,District 1 (Central),WEST DES MOINES,POLK,I-35,I-35,Collision with:  Vehicle in traffic,On Roadway,Rear-end (front to rear),Followed too close,None Indicated,,Daylight,Dry,Clear,None apparent,Interchange-related:  On-ramp,Paved,,Property Damage Only,0,0,0,0,0,0,7000,2,3,,POINT (-93.776078229517 41.561061301464)
2014797240,W14-043435,05/04/2014,05-May,1-Sunday,09:00,0900 Hours,District 2 (Northeast),WATERLOO,BLACK HAWK,,CONGER ST & CUTLER ST,Collision with:  Vehicle in traffic,On Roadway,Rear-end (front to rear),Unknown,None Indicated,,Daylight,Wet,Rain,None apparent,Intersection:  Four-way intersection,Paved,,Property Damage Only,0,0,0,0,0,0,5000,2,2,,POINT (-92.339067593216 42.513133220409)
2014797346,14008877,05/04/2014,05-May,1-Sunday,17:07,1700 Hours,District 6 (East Central),MARION,LINN,,18TH ST,Collision with:  Vehicle in traffic,On Roadway,Broadside (front to side),FTYROW:  From stop sign,None Indicated,,Daylight,Dry,Clear,None apparent,Intersection:  Four-way intersection,Paved,,Property Damage Only,0,0,0,0,0,0,3000,2,2,,POINT (-91.59167739313 42.036219181103)
2014811600,14-012820,05/04/2014,05-May,1-Sunday,16:25,1600 Hours,District 5 (Southeast),DONNELLSON,LEE,IA 27,IA 27/IOWA 27 & Co Rd J62/255 ST,Collision with:  Vehicle in traffic,On Roadway,"Sideswipe, same direction",Followed too close,None Indicated,,Daylight,Dry,Clear,None apparent,Intersection:  Four-way intersection,Paved,,Minor Injury,0,3,0,3,0,0,22000,2,3,,POINT (-91.563590428617 40.590385008117)
2014797891,2014-28325,05/04/2014,05-May,1-Sunday,17:24,1700 Hours,District 6 (East Central),DAVENPORT,SCOTT,US 6,US 6/W KIMBERLY RD & FAIRMOUNT ST,Collision with:  Vehicle in traffic,On Roadway,"Angle, oncoming left turn",Unknown,None Indicated,,Daylight,Dry,Clear,None apparent,Non-intersection:  Non-junction/no special feature,Paved,,Property Damage Only,0,0,0,0,0,0,5000,2,6,,POINT (-90.62953001973 41.561027382717)
2014799912,,05/04/2014,05-May,1-Sunday,00:15,0000 Hours,District 2 (Northeast),CEDAR FALLS,BLACK HAWK,,HUDSON RD,Non-collision events:  Other non-collision (explain in narrative),On Roadway,Head-on (front to front),Other (explain in narrative):  Other,None Indicated,,Dark - roadway lighted,Dry,Clear,None apparent,Non-intersection:  Other non-intersection (explain in narrative),Paved,,Property Damage Only,0,0,0,0,0,0,2800,3,1,,POINT (-92.465560086082 42.509884397857)
2014797660,,05/04/2014,05-May,1-Sunday,13:15,1300 Hours,District 3 (Northwest),HARTLEY,OBRIEN,,1ST ST NE,Collision with:  Vehicle in traffic,On Roadway,Broadside (front to side),FTYROW:  From driveway,None Indicated,,Daylight,Dry,Cloudy,None apparent,Non-intersection:  Driveway access (within),Paved,,Property Damage Only,0,0,0,0,0,0,4000,2,4,,POINT (-95.468338692218 43.182434179721)
2014798828,14-000554,05/04/2014,05-May,1-Sunday,13:00,1300 Hours,District 1 (Central),,STORY,US 69,US 69 & Co Rd E23/170TH ST,Collision with:  Vehicle in traffic,On Roadway,Rear-end (front to rear),Other (explain in narrative):  Other,None Indicated,,Daylight,Dry,Cloudy,None apparent,Intersection:  Four-way intersection,Paved,,Property Damage Only,0,0,0,0,0,0,2500,2,2,,POINT (-93.620397608886 42.106742123056)
2014801728,14-03990,05/04/2014,05-May,1-Sunday,07:55,0700 Hours,District 5 (Southeast),MOUNT PLEASANT,HENRY,,N LINCOLN ST & E WINFIELD AVE,Collision with:  Vehicle in traffic,On Roadway,Rear-end (front to rear),Exceeded authorized speed,Alcohol (Statutory),,Daylight,Dry,Clear,None apparent,Non-intersection:  Non-junction/no special feature,Paved,,Property Damage Only,0,0,0,0,0,0,4000,2,3,,POINT (-91.549504718861 40.981405698215)
2014804907,SA1403216,05/04/2014,05-May,1-Sunday,12:00,1200 Hours,District 5 (Southeast),,WASHINGTON,,LOUISA WASHINGTON RD & 170TH ST,Collision with fixed object:  Ditch,On Roadway,Non-collision (single vehicle),Unknown,None Indicated,,Daylight,"Mud, dirt",Unknown,None apparent,Intersection:  T-intersection,Unpaved,,Possible/Unknown,0,1,0,0,0,1,8000,1,1,,POINT (-91.488602809126 41.409353728227)
2014797862,14-2923,05/04/2014,05-May,1-Sunday,04:35,0400 Hours,District 1 (Central),ANKENY,POLK,IA 415,IA 415/NW POLK CITY DR,Collision with:  Animal,On Roadway,Non-collision (single vehicle),Animal,None Indicated,,Dark - roadway not lighted,Dry,Clear,None apparent,Non-intersection:  Non-junction/no special feature,Paved,,Property Damage Only,0,0,0,0,0,0,7000,1,1,,POINT (-93.669942153675 41.737043784304)
2014797696,2014-0985,05/04/2014,05-May,1-Sunday,14:17,1400 Hours,District 1 (Central),JEFFERSON,GREENE,,LINCOLN PL,Collision with:  Vehicle in traffic,On Roadway,Broadside (front to side),Unknown,None Indicated,,Daylight,Dry,Clear,None apparent,Non-intersection:  Non-junction/no special feature,Paved,,Property Damage Only,0,0,0,0,0,0,2100,2,0,,POINT (-94.38912368354 42.014495708786)
2014797521,2014027176,05/04/2014,05-May,1-Sunday,19:30,1900 Hours,District 2 (Northeast),,BREMER,US 218,US 218,Collision with:  Animal,,,Animal,None Indicated,,,,,,,Paved,,Property Damage Only,0,0,0,0,0,0,10000,1,1,,POINT (-92.544625892481 42.866629842804)
2014798191,2014027186,05/04/2014,05-May,1-Sunday,21:05,2100 Hours,District 6 (East Central),DAVENPORT,SCOTT,I-74,I-74,Collision with fixed object:  Utility pole/light support,Roadside,Non-collision (single vehicle),Swerving/Evasive Action,None Indicated,,Dark - roadway lighted,Dry,Cloudy,None apparent,Non-intersection:  Non-junction/no special feature,Paved,,Property Damage Only,0,0,0,0,0,0,12000,1,1,,POINT (-90.522296801787 41.567159336797)
2014797385,14-2925,05/04/2014,05-May,1-Sunday,06:45,0600 Hours,District 1 (Central),JOHNSTON,POLK,,NW BEAVER DR & 7TH ST,Collision with fixed object:  Other fixed object (explain in narrative),Outside trafficway,Non-collision (single vehicle),Ran Stop Sign,None Indicated,,Daylight,Dry,Clear,None apparent,Intersection:  T-intersection,Paved,,Property Damage Only,0,0,0,0,0,0,2000,1,1,,POINT (-93.707282565564 41.698855362004)
2014797497,14-0240,05/04/2014,05-May,1-Sunday,17:10,1700 Hours,District 1 (Central),,WEBSTER,US 20,US 20/NE RAMP CURV/NW RAMP CURV & Co Rd P59/QUAIL AVE,Collision with:  Vehicle in traffic,On Roadway,Rear-end (front to rear),Other (explain in narrative):  Other,None Indicated,,Daylight,Dry,Clear,None apparent,Interchange-related:  Off-ramp,Paved,,Property Damage Only,0,0,0,0,0,0,2500,2,3,,POINT (-94.122969412744 42.452089263567)
2014798162,14-002179,05/04/2014,05-May,1-Sunday,09:20,0900 Hours,District 1 (Central),AMES,STORY,,MORTENSON PKWY,Collision with fixed object:  Tree,Gore,Non-collision (single vehicle),Improper or erratic lane changing,None Indicated,,Daylight,Dry,Cloudy,None apparent,Non-intersection:  Non-junction/no special feature,Paved,,Property Damage Only,0,0,0,0,0,0,4300,1,3,,POINT (-93.645181216863 42.008956793501)
2014798142,2014-28216,05/04/2014,05-May,1-Sunday,03:11,0300 Hours,District 6 (East Central),DAVENPORT,SCOTT,US 67,US 67/GAINES ST,Collision with:  Vehicle in traffic,On Roadway,Rear-end (front to rear),Unknown,None Indicated,,Dark - roadway lighted,Dry,Clear,None apparent,Non-intersection:  Other non-intersection (explain in narrative),Paved,,Property Damage Only,0,0,0,0,0,0,12000,2,2,,POINT (-90.583569428318 41.520090701606)
2014797849,201406229,05/04/2014,05-May,1-Sunday,18:10,1800 Hours,District 6 (East Central),CEDAR RAPIDS,LINN,,J ST SW,Collision with:  Non-motorist (see non-motorist section - NOT a unit),Outside trafficway,Non-collision (single vehicle),Other (explain in narrative):  No improper action,None Indicated,,Daylight,Dry,Clear,None apparent,Non-intersection:  Non-junction/no special feature,Paved,,Possible/Unknown,0,1,0,0,1,0,2000,1,1,,POINT (-91.66695782646 41.945856270585)
2014800334,14-003595,05/04/2014,05-May,1-Sunday,23:49,2300 Hours,District 6 (East Central),,DELAWARE,,Co Rd D22/145TH AVE,Collision with fixed object:  Guardrail - face,On Roadway,Non-collision (single vehicle),Ran off road - right,Under Influence of Alcohol/Drugs/Medications,,Dark - roadway not lighted,Dry,Cloudy,None apparent,Non-intersection:  Other non-intersection (explain in narrative),Paved,,Major Injury,0,1,1,0,0,0,10000,1,1,,POINT (-91.519482894864 42.480691638303)
2014802277,2014004894,05/04/2014,05-May,1-Sunday,02:00,0200 Hours,District 6 (East Central),IOWA CITY,JOHNSON,,TAYLOR DR,Collision with:  Parked motor vehicle,On Roadway,Rear-end (front to rear),Lost Control,None Indicated,,Dark - roadway lighted,Dry,Cloudy,None apparent,Non-intersection:  Non-junction/no special feature,Paved,,Property Damage Only,0,0,0,0,0,0,6500,2,1,,POINT (-91.518347293079 41.635691489864)
2014797269,14006413,05/04/2014,05-May,1-Sunday,22:30,2200 Hours,District 6 (East Central),,CEDAR,IA 130,IA 130/IOWA 130,Collision with:  Animal,On Roadway,Non-collision (single vehicle),Animal,None Indicated,,Dark - roadway not lighted,Dry,Clear,None apparent,Non-intersection:  Non-junction/no special feature,Paved,,Property Damage Only,0,0,0,0,0,0,2000,1,1,,POINT (-90.902094216923 41.736134573273)
2014804822,TC2814,05/04/2014,05-May,1-Sunday,14:15,1400 Hours,District 4 (Southwest),MISSOURI VALLEY,HARRISON,,E SUPERIOR ST & N 2ND ST,Collision with:  Vehicle in traffic,On Roadway,Unknown,FTYROW:  From parked position,None Indicated,,Daylight,Dry,Clear,None apparent,Non-intersection:  Non-junction/no special feature,Paved,,Property Damage Only,0,0,0,0,0,0,2500,2,3,,POINT (-95.893260897107 41.558392613186)
2014797732,14064316,05/04/2014,05-May,1-Sunday,04:30,0400 Hours,District 6 (East Central),,JOHNSON,IA 22,IA 22/IOWA 22,Collision with fixed object:  Ditch,On Roadway,Non-collision (single vehicle),Swerving/Evasive Action,Alcohol (Statutory),,Dark - roadway not lighted,Dry,Clear,None apparent,Non-intersection:  Non-junction/no special feature,Paved,,Possible/Unknown,0,1,0,0,0,1,12000,1,1,,POINT (-91.497327477022 41.496368910477)
2014804974,SO140176,05/04/2014,05-May,1-Sunday,20:12,2000 Hours,District 4 (Southwest),PRESCOTT,ADAMS,,Co Rd H33/190TH ST & Co Rd N61/QUINCE AVE,Non-collision events:  Other non-collision (explain in narrative),On Roadway,Non-collision (single vehicle),Crossed centerline (undivided),Alcohol (Statutory),,Dusk,Dry,Clear,None apparent,Intersection:  T-intersection,Paved,,Possible/Unknown,0,1,0,0,1,0,600,1,1,,POINT (-94.607930167081 41.028309960017)
2014797367,14-002807,05/04/2014,05-May,1-Sunday,01:30,0100 Hours,District 3 (Northwest),,PALO ALTO,,350 AVE,Non-collision events:  Other non-collision (explain in narrative),Outside trafficway,Non-collision (single vehicle),Ran off road - straight,Alcohol (Statutory),,Dark - roadway not lighted,Water (standing or moving),Clear,None apparent,Non-intersection:  Non-junction/no special feature,Unpaved,,Property Damage Only,0,0,0,0,0,0,15000,1,4,,POINT (-94.896811115519 43.163195340077)
2014797424,20140012087,05/04/2014,05-May,1-Sunday,15:29,1500 Hours,District 1 (Central),DES MOINES,POLK,US 6,US 6/E EUCLID AVE & E 29TH ST,Collision with:  Vehicle in traffic,On Roadway,Broadside (front to side),FTYROW:  Making left turn,None Indicated,,Daylight,Dry,Cloudy,None apparent,Intersection:  Four-way intersection,Paved,,Possible/Unknown,0,1,0,0,1,0,4000,2,3,,POINT (-93.561208603928 41.627676437894)
2014802143,14-000555,05/04/2014,05-May,1-Sunday,15:21,1500 Hours,District 1 (Central),,STORY,,Co Rd R38/510TH AVE & ZUMWALT STATION RD,Collision with:  Vehicle in traffic,On Roadway,Broadside (front to side),FTYROW:  Other (explain in narrative),None Indicated,,Daylight,Dry,Clear,None apparent,Intersection:  Other intersection (explain in narrative),Paved,,Minor Injury,0,4,0,4,0,0,13423,2,4,,POINT (-93.67850922929 41.99393076151)
2014797261,14-104,05/04/2014,05-May,1-Sunday,03:54,0300 Hours,District 2 (Northeast),WAVERLY,BREMER,IA 3,IA 3/HERITAGE WAY,Collision with:  Animal,On Roadway,Non-collision (single vehicle),Animal,None Indicated,,Dark - roadway not lighted,Dry,Clear,None apparent,Non-intersection:  Non-junction/no special feature,Paved,,Property Damage Only,0,0,0,0,0,0,1800,1,1,,POINT (-92.495455944177 42.721265861141)
2014797550,W14-043385,05/04/2014,05-May,1-Sunday,06:10,0600 Hours,District 2 (Northeast),WATERLOO,BLACK HAWK,US 63,US 63/SERGEANT RD,Non-collision events:  Other non-collision (explain in narrative),Outside trafficway,Non-collision (single vehicle),Ran off road - right,None Indicated,,Dawn,Dry,Clear,None apparent,Non-intersection:  Other non-intersection (explain in narrative),Paved,,Property Damage Only,0,0,0,0,0,0,6000,1,1,,POINT (-92.360361045653 42.493738426183)
2014808079,2014027088,05/04/2014,05-May,1-Sunday,05:35,0500 Hours,District 2 (Northeast),,BUTLER,IA 57,IA 57/IOWA 57,Collision with:  Animal,,,Animal,None Indicated,,,,,,,Paved,,Property Damage Only,0,0,0,0,0,0,3000,1,1,,POINT (-92.670752980356 42.564836531001)
2014797483,2014-28266,05/04/2014,05-May,1-Sunday,11:04,1100 Hours,District 6 (East Central),DAVENPORT,SCOTT,US 67,US 67/NW LOOP & BROWN ST,Collision with:  Vehicle in traffic,On Roadway,Rear-end (front to rear),Other (explain in narrative):  Other,None Indicated,,Daylight,Dry,Cloudy,None apparent,Interchange-related:  On-ramp merge area,Paved,,Property Damage Only,0,0,0,0,0,0,3000,2,6,,POINT (-90.584467349938 41.520758038918)
2014797857,14-005558,05/04/2014,05-May,1-Sunday,13:54,1300 Hours,District 4 (Southwest),,MILLS,,Co Rd L35/221ST ST,Collision with fixed object:  Ditch,On Roadway,Non-collision (single vehicle),Ran off road - right,None Indicated,,Daylight,Dry,Cloudy,None apparent,Non-intersection:  Non-junction/no special feature,Paved,,Property Damage Only,0,0,0,0,0,0,8500,1,2,,POINT (-95.762692840346 41.071470001964)
2014800793,14-002876,05/04/2014,05-May,1-Sunday,01:00,0100 Hours,District 1 (Central),,HAMILTON,,RISLEY AVE,Non-collision events:  Overturn/rollover,On Roadway,Non-collision (single vehicle),Swerving/Evasive Action,None Indicated,,Dark - roadway not lighted,Dry,Clear,None apparent,Non-intersection:  Non-junction/no special feature,Unpaved,,Possible/Unknown,0,1,0,0,0,1,7500,1,1,,POINT (-93.639666351648 42.215063867779)
2014844632,2014-001172,05/04/2014,05-May,1-Sunday,20:18,2000 Hours,District 2 (Northeast),,ALLAMAKEE,,LA FAYETTE RIDGE DR,Collision with:  Animal,,,Animal,None Indicated,,,,,,,Paved,,Property Damage Only,0,0,0,0,0,0,1500,1,1,,POINT (-91.208811809652 43.286539376219)
2014797836,14-004681,05/04/2014,05-May,1-Sunday,21:12,2100 Hours,District 2 (Northeast),,FAYETTE,US 18,US 18/HARDING RD,Collision with:  Animal,,,Animal,None Indicated,,,,,,,Paved,,Property Damage Only,0,0,0,0,0,0,1500,1,1,,POINT (-91.700340692937 42.985877861824)
2014798839,2014027092,05/04/2014,05-May,1-Sunday,06:00,0600 Hours,District 4 (Southwest),,MILLS,,Co Rd L35/221ST ST,Collision with fixed object:  Utility pole/light support,Roadside,Non-collision (single vehicle),Ran off road - left,None Indicated,,Dark - roadway not lighted,Dry,Clear,None apparent,Non-intersection:  Non-junction/no special feature,Paved,,Minor Injury,0,1,0,1,0,0,8500,1,1,,POINT (-95.767744375221 41.105330790913)
2014797952,14-13678,05/04/2014,05-May,1-Sunday,21:43,2100 Hours,District 3 (Northwest),SIOUX CITY,WOODBURY,,33RD ST & FLOYD BLVD,Collision with:  Animal,,,Animal,None Indicated,,,,,,,Paved,,Property Damage Only,0,0,0,0,0,0,5000,1,1,,POINT (-96.375592517158 42.526342417057)
2014797284,14-14815,05/04/2014,05-May,1-Sunday,02:03,0200 Hours,District 5 (Southeast),,DES MOINES,,Co Rd X99/DMC 99,Collision with fixed object:  Ditch,Shoulder,Non-collision (single vehicle),Crossed centerline (undivided),None Indicated,,Dark - roadway not lighted,Dry,Cloudy,None apparent,Non-intersection:  Non-junction/no special feature,Paved,,Minor Injury,0,1,0,1,0,0,3500,1,1,,POINT (-91.064990547954 40.894482122633)