Iowa DOT Case Number,Law Enforcement Case Number,Date of Crash,Month of Crash,Day of Week,Time of Crash,Hour,DOT District,City Name,County Name,Route with System,Location Description,First Harmful Event,Location of First Harmful Event,Manner of Crash/Collision,Major Cause,Drug or Alcohol ,Environmental Conditions,Light Conditions,Surface Conditions,Weather Conditions,Roadway Contribution,Roadway Type,Roadway Surface,Work Zone,Crash Severity,Number of Fatalities,Number of Injuries,Number of Major Injuries,Number of Minor Injuries,Number of Possible Injuries,Number of Unknown Injuries,Amount of Property Damage,Number of Vehicles Involved,Total Number of Occupants,Travel Direction,Location
2014797893,2014-28538,05/05/2014,05-May,2-Monday,12:05,1200 Hours,District 6 (East Central),DAVENPORT,SCOTT,,W KIMBERLY RD & BUFFALO AVE,Non-collision events:  Overturn/rollover,On Roadway,Non-collision (single vehicle),Ran off road - straight,None Indicated,,Daylight,Dry,Clear,None apparent,Intersection:  Four-way intersection,Paved,,Property Damage Only,0,0,0,0,0,0,8000,1,2,,POINT (-90.685797289305 41.596191535482)
2014797586,C14001362,05/05/2014,05-May,2-Monday,16:35,1600 Hours,District 6 (East Central),CORALVILLE,JOHNSON,US 6,US 6/2ND ST & 25TH AVE,Collision with:  Vehicle in traffic,On Roadway,Rear-end (front to rear),Followed too close,None Indicated,,Daylight,Dry,Clear,None apparent,Non-intersection:  Non-junction/no special feature,Paved,,Possible/Unknown,0,1,0,0,1,0,2000,3,3,,POINT (-91.603637171022 41.685765848929)
2014797953,14-13740,05/05/2014,05-May,2-Monday,12:05,1200 Hours,District 3 (Northwest),SIOUX CITY,WOODBURY,,HAMILTON BLVD,Collision with:  Vehicle in traffic,On Roadway,"Sideswipe, same direction",Improper or erratic lane changing,None Indicated,,Daylight,Dry,Cloudy,None apparent,Non-intersection:  Non-junction/no special feature,Paved,,Property Damage Only,0,0,0,0,0,0,3550,2,2,,POINT (-96.416855259578 42.515519404713)
2014798267,2014004954,05/05/2014,05-May,2-Monday,16:20,1600 Hours,District 6 (East Central),IOWA CITY,JOHNSON,US 6,US 6,Collision with:  Vehicle in traffic,On Roadway,"Angle, oncoming left turn",FTYROW:  From stop sign,None Indicated,,Daylight,Dry,Clear,None apparent,Intersection:  T-intersection,Paved,,Possible/Unknown,0,3,0,0,3,0,10000,2,3,,POINT (-91.494197053859 41.633378079078)
2014797675,14003807,05/05/2014,05-May,2-Monday,00:11,0000 Hours,District 6 (East Central),,BUCHANAN,,Co Rd W35/QUASQUETON AVE,Non-collision events:  Overturn/rollover,Shoulder,Non-collision (single vehicle),Ran off road - right,None Indicated,,Dark - roadway not lighted,Dry,Clear,None apparent,Non-intersection:  Other non-intersection (explain in narrative),Paved,,Property Damage Only,0,0,0,0,0,0,4200,1,1,,POINT (-91.774363943774 42.34803745263)
2014797631,14-017675,05/05/2014,05-May,2-Monday,17:30,1700 Hours,District 4 (Southwest),COUNCIL BLUFFS,POTTAWATTAMIE,I-29,I-29 & N 25TH ST,Collision with:  Vehicle in traffic,On Roadway,"Sideswipe, same direction",Other (explain in narrative):  Other,None Indicated,,Daylight,Dry,Clear,None apparent,Non-intersection:  Non-junction/no special feature,Paved,,Property Damage Only,0,0,0,0,0,0,5600,2,4,,POINT (-95.881731599961 41.274538455372)
2014802431,14-000562,05/05/2014,05-May,2-Monday,05:45,0500 Hours,District 1 (Central),,STORY,,Co Rd R38/500TH AVE,Collision with:  Animal,On Roadway,Non-collision (single vehicle),Animal,None Indicated,,Dark - roadway not lighted,Dry,Clear,Unknown,Non-intersection:  Non-junction/no special feature,Paved,,Property Damage Only,0,0,0,0,0,0,1900,1,1,,POINT (-93.698702077721 42.112452439377)
2014800977,1400977,05/05/2014,05-May,2-Monday,12:32,1200 Hours,District 5 (Southeast),BLOOMFIELD,DAVIS,US 63,US 63/WASHINGTON ST & IA 2/IOWA 2 & SMITH ST,Collision with:  Vehicle in traffic,On Roadway,Broadside (front to side),FTYROW:  Making left turn,None Indicated,,Daylight,Dry,Clear,None apparent,Intersection:  T-intersection,Paved,,Minor Injury,0,1,0,1,0,0,13000,2,2,,POINT (-92.412696416539 40.739791799741)
2014797676,050514-156,05/05/2014,05-May,2-Monday,16:24,1600 Hours,District 3 (Northwest),NEWELL,BUENA VISTA,,E 2ND ST & S FRANKLIN ST,Collision with:  Vehicle in traffic,On Roadway,Rear-end (front to rear),Unknown,None Indicated,,Daylight,Dry,Clear,None apparent,Non-intersection:  Non-junction/no special feature,Paved,,Property Damage Only,0,0,0,0,0,0,1950,2,2,,POINT (-95.00132095227 42.605472303642)
2014797851,201406276,05/05/2014,05-May,2-Monday,15:18,1500 Hours,District 6 (East Central),CEDAR RAPIDS,LINN,IA 922,IA 922/1ST AVE W & 3RD AVE SW CONN,Collision with fixed object:  Tree,On Roadway,Non-collision (single vehicle),Ran off road - right,None Indicated,,Daylight,Dry,Clear,None apparent,Intersection:  T-intersection,Paved,,Major Injury,0,2,1,1,0,0,2700,1,2,,POINT (-91.688274350306 41.971193869936)
2014797622,14-0981,05/05/2014,05-May,2-Monday,17:07,1700 Hours,District 1 (Central),URBANDALE,POLK,,104TH ST,Collision with:  Vehicle in traffic,On Roadway,Rear-end (front to rear),Followed too close,None Indicated,,Daylight,Dry,Clear,None apparent,Intersection:  Four-way intersection,Paved,,Property Damage Only,0,0,0,0,0,0,2500,2,2,,POINT (-93.760728417882 41.615279257705)
2014797827,14006998,05/05/2014,05-May,2-Monday,21:13,2100 Hours,District 2 (Northeast),MASON CITY,CERRO GORDO,,ASBURY DR & N ILLINOIS AVE,Collision with:  Vehicle in traffic,On Roadway,Broadside (front to side),Other (explain in narrative):  Other,Refused,,Dark - roadway lighted,Dry,Cloudy,None apparent,Non-intersection:  Non-junction/no special feature,Paved,,Property Damage Only,0,0,0,0,0,0,4000,2,3,,POINT (-93.171287440364 43.155938716234)
2014797442,14-2047,05/05/2014,05-May,2-Monday,08:57,0800 Hours,District 1 (Central),WEST DES MOINES,POLK,,MILLS CIVIC PKWY & S PRAIRIE VIEW DR,Collision with:  Vehicle in traffic,On Roadway,"Angle, oncoming left turn",Ran Traffic Signal,None Indicated,,Daylight,Dry,Clear,None apparent,Intersection:  T-intersection,Paved,,Property Damage Only,0,0,0,0,0,0,30000,2,2,,POINT (-93.785420501769 41.559088326281)
2014797241,W14-043661,05/05/2014,05-May,2-Monday,08:11,0800 Hours,District 2 (Northeast),WATERLOO,BLACK HAWK,,SHERMAN AVE,Collision with:  Vehicle in traffic,On Roadway,Broadside (front to side),FTYROW:  From yield sign,None Indicated,,Daylight,Dry,Clear,None apparent,Intersection:  Four-way intersection,Paved,,Possible/Unknown,0,1,0,0,1,0,23000,2,4,,POINT (-92.33529285638 42.521279647499)
2014800596,01-14-18846,05/05/2014,05-May,2-Monday,11:49,1100 Hours,District 6 (East Central),DUBUQUE,DUBUQUE,IA 32,IA 32/IA32 NW ARTERIAL & ASBURY RD,Collision with:  Vehicle in traffic,On Roadway,"Sideswipe, same direction",Ran Traffic Signal,None Indicated,,Daylight,Dry,Clear,None apparent,Intersection:  Four-way intersection,Paved,,Property Damage Only,0,0,0,0,0,0,3500,2,2,,POINT (-90.740930416656 42.515299870587)
2014803627,S14-E0501,05/05/2014,05-May,2-Monday,22:00,2200 Hours,District 5 (Southeast),OSCEOLA,CLARKE,US 34,US 34,Collision with:  Animal,,Non-collision (single vehicle),Animal,None Indicated,,,,,,,Paved,,Property Damage Only,0,0,0,0,0,0,3000,1,1,,POINT (-93.743574261261 41.030651959379)
2014798563,14-003702,05/05/2014,05-May,2-Monday,17:00,1700 Hours,District 4 (Southwest),ATLANTIC,CASS,,10TH ST,Collision with:  Vehicle in traffic,On Roadway,"Sideswipe, opposite direction",Cargo/equipment loss or shift,None Indicated,,Daylight,Dry,Clear,None apparent,Non-intersection:  Non-junction/no special feature,Paved,,Property Damage Only,0,0,0,0,0,0,3000,2,3,,POINT (-94.992746191298 41.401562510804)
2014797618,20140012228,05/05/2014,05-May,2-Monday,23:30,2300 Hours,District 1 (Central),DES MOINES,POLK,,DOUGLAS AVE,Collision with:  Parked motor vehicle,On Roadway,"Sideswipe, same direction",Other (explain in narrative):  Other,None Indicated,,Dark - roadway lighted,Dry,Clear,None apparent,Non-intersection:  Non-junction/no special feature,Paved,,Property Damage Only,0,0,0,0,0,0,4000,2,1,,POINT (-93.62943833033 41.629502827167)
2014797576,14-007262,05/05/2014,05-May,2-Monday,21:00,2100 Hours,District 5 (Southeast),,HENRY,,275TH ST,Collision with:  Animal,On Roadway,Non-collision (single vehicle),Animal,None Indicated,,Dark - roadway not lighted,"Mud, dirt",Clear,None apparent,Non-intersection:  Non-junction/no special feature,Unpaved,,Possible/Unknown,0,1,0,0,1,0,3000,1,1,,POINT (-91.667912977299 40.90838404269)
2014797638,14-0244,05/05/2014,05-May,2-Monday,06:20,0600 Hours,District 1 (Central),,WEBSTER,,MADISON AVE,Collision with fixed object:  Tree,Outside trafficway,Non-collision (single vehicle),Ran off road - right,None Indicated,,Dawn,Dry,Clear,None apparent,Non-intersection:  Non-junction/no special feature,Paved,,Minor Injury,0,1,0,1,0,0,9000,1,1,,POINT (-94.217966907047 42.542806152447)
2014798170,14-002198,05/05/2014,05-May,2-Monday,12:10,1200 Hours,District 1 (Central),AMES,STORY,,MORTENSON PKWY,Collision with fixed object:  Curb/island/raised median,On Roadway,Non-collision (single vehicle),Crossed centerline (undivided),None Indicated,,Daylight,Dry,Clear,None apparent,Non-intersection:  Non-junction/no special feature,Paved,,Minor Injury,0,1,0,1,0,0,3000,1,1,,POINT (-93.645229793015 42.008983540946)
2014797785,14-4537,05/05/2014,05-May,2-Monday,14:43,1400 Hours,District 3 (Northwest),,SAC,,Co Rd D59/370TH ST,Non-collision events:  Overturn/rollover,Shoulder,Non-collision (single vehicle),Crossed centerline (undivided),None Indicated,,Daylight,Dry,Clear,None apparent,Non-intersection:  Non-junction/no special feature,Paved,,Major Injury,0,2,2,0,0,0,10000,1,2,,POINT (-94.953889631125 42.253383303179)
2014810005,2014-002436,05/05/2014,05-May,2-Monday,14:22,1400 Hours,District 6 (East Central),,BENTON,,Co Rd E2W/55 ST TRL,Collision with fixed object:  Ditch,On Roadway,Non-collision (single vehicle),Crossed centerline (undivided),None Indicated,,Daylight,Dry,Cloudy,None apparent,Non-intersection:  Non-junction/no special feature,Paved,,Possible/Unknown,0,1,0,0,1,0,8500,1,1,,POINT (-91.863918244005 42.220281449188)
2014797892,2014-28476,05/05/2014,05-May,2-Monday,07:54,0700 Hours,District 6 (East Central),DAVENPORT,SCOTT,,W 58TH ST & N PINE ST,Collision with:  Vehicle in traffic,On Roadway,Broadside (front to side),Ran Stop Sign,None Indicated,,Daylight,Dry,Clear,None apparent,Intersection:  Four-way intersection,Paved,,Property Damage Only,0,0,0,0,0,0,4000,2,2,,POINT (-90.610078399828 41.580582681117)
2014799020,14-3702,05/05/2014,05-May,2-Monday,21:03,2100 Hours,District 3 (Northwest),,IDA,IA 175,IA 175/IOWA 175,Collision with:  Animal,,,Animal,None Indicated,,,,,,,Paved,,Property Damage Only,0,0,0,0,0,0,1750,1,1,,POINT (-95.556768927749 42.334070606355)
2014801372,2014-28602,05/05/2014,05-May,2-Monday,15:55,1500 Hours,District 6 (East Central),DAVENPORT,SCOTT,,N DIVISION ST,Collision with:  Vehicle in traffic,On Roadway,Rear-end (front to rear),Followed too close,None Indicated,,Daylight,Dry,Clear,None apparent,Non-intersection:  Non-junction/no special feature,Paved,,Property Damage Only,0,0,0,0,0,0,3000,2,2,,POINT (-90.600824543427 41.550929935707)
2014797840,P14-005346,05/05/2014,05-May,2-Monday,12:44,1200 Hours,District 1 (Central),WEBSTER CITY,HAMILTON,,DES MOINES ST,Collision with:  Vehicle in traffic,On Roadway,Rear-end (front to rear),Followed too close,None Indicated,,Daylight,Dry,Clear,None apparent,Intersection:  Four-way intersection,Paved,,Property Damage Only,0,0,0,0,0,0,2500,2,2,,POINT (-93.821433463663 42.464859656477)
2014797804,,05/05/2014,05-May,2-Monday,21:00,2100 Hours,District 6 (East Central),,CLINTON,US 67,US 67,Collision with:  Animal,On Roadway,Non-collision (single vehicle),Animal,None Indicated,,Dark - roadway not lighted,Dry,Clear,,Non-intersection:  Non-junction/no special feature,Paved,,Property Damage Only,0,0,0,0,0,0,1500,1,3,,POINT (-90.182982324593 42.020697957363)
2014797906,2014-28605,05/05/2014,05-May,2-Monday,16:26,1600 Hours,District 6 (East Central),DAVENPORT,SCOTT,,DIVISION ST,Collision with fixed object:  Ditch,On Roadway,Non-collision (single vehicle),"Operating vehicle in an reckless, erratic, careless, negligent manner",None Indicated,,Daylight,Dry,Clear,None apparent,Non-intersection:  Non-junction/no special feature,Paved,,Property Damage Only,0,0,0,0,0,0,9000,1,1,,POINT (-90.598014906675 41.614122978577)
2014798255,01116,05/05/2014,05-May,2-Monday,20:16,2000 Hours,District 6 (East Central),DYERSVILLE,DUBUQUE,,16TH AVE SE,Collision with:  Vehicle in traffic,On Roadway,Broadside (front to side),FTYROW:  From driveway,None Indicated,,Dark - roadway lighted,Dry,Clear,None apparent,Non-intersection:  Driveway access (within),Paved,,Minor Injury,0,1,0,1,0,0,7500,2,2,,POINT (-91.117392089552 42.470423113646)
2014798178,2014-09270,05/05/2014,05-May,2-Monday,16:26,1600 Hours,District 5 (Southeast),INDIANOLA,WARREN,US 65,US 65/S JEFFERSON WAY/N JEFFERSON WAY & E SALEM AVE,Collision with:  Vehicle in traffic,On Roadway,Rear-end (front to rear),Followed too close,None Indicated,,Daylight,Dry,Clear,None apparent,Non-intersection:  Non-junction/no special feature,Paved,,Property Damage Only,0,0,0,0,0,0,3000,2,2,,POINT (-93.558331074843 41.360242413533)
2014799848,201400021590,05/05/2014,05-May,2-Monday,19:11,1900 Hours,District 5 (Southeast),OTTUMWA,WAPELLO,,ALBIA RD,Collision with:  Vehicle in traffic,On Roadway,Rear-end (front to rear),FTYROW:  Other (explain in narrative),None Indicated,,Daylight,Dry,Clear,None apparent,Non-intersection:  Non-junction/no special feature,Paved,,Property Damage Only,0,0,0,0,0,0,2000,2,5,,POINT (-92.433209900577 41.008361866384)
2014798076,02-14-7038,05/05/2014,05-May,2-Monday,17:47,1700 Hours,District 6 (East Central),DUBUQUE,DUBUQUE,US 52,US 52 & US 61 & BELLEVUE RD,Collision with:  Vehicle in traffic,On Roadway,Rear-end (front to rear),Followed too close,Alcohol (Statutory),,Daylight,Dry,Cloudy,None apparent,Intersection:  Four-way intersection,Paved,,Property Damage Only,0,0,0,0,0,0,2000,2,2,,POINT (-90.672989556402 42.459350006179)
2014797786,2014-8378,05/05/2014,05-May,2-Monday,15:52,1500 Hours,District 6 (East Central),BETTENDORF,SCOTT,US 6,US 6/SPRUCE HILLS DR,Collision with:  Vehicle in traffic,On Roadway,Rear-end (front to rear),Followed too close,None Indicated,,Daylight,Dry,Clear,None apparent,Non-intersection:  Non-junction/no special feature,Paved,,Property Damage Only,0,0,0,0,0,0,3200,2,4,,POINT (-90.520897325367 41.554835505691)
2014799847,201400021571,05/05/2014,05-May,2-Monday,16:40,1600 Hours,District 5 (Southeast),OTTUMWA,WAPELLO,,CHESTER AVE & N WEBSTER ST,Collision with:  Vehicle in traffic,On Roadway,Broadside (front to side),FTYROW:  From stop sign,None Indicated,,Daylight,Dry,Clear,None apparent,Intersection:  Four-way intersection,Paved,,Property Damage Only,0,0,0,0,0,0,5500,2,2,,POINT (-92.431286481677 41.003857317245)
2014799023,N14000188,05/05/2014,05-May,2-Monday,10:46,1000 Hours,District 6 (East Central),NORTH LIBERTY,JOHNSON,,ST ANDREWS DR & JONES BLVD,Collision with:  Vehicle in traffic,On Roadway,Broadside (front to side),FTYROW:  From stop sign,None Indicated,,Daylight,Dry,Clear,None apparent,Intersection:  Four-way intersection,Paved,,Property Damage Only,0,0,0,0,0,0,4500,2,2,,POINT (-91.617408197925 41.737298241214)
2014797629,14-017636,05/05/2014,05-May,2-Monday,12:05,1200 Hours,District 4 (Southwest),COUNCIL BLUFFS,POTTAWATTAMIE,,AVE A & N 35TH ST,Collision with:  Vehicle in traffic,On Roadway,Broadside (front to side),FTYROW:  From stop sign,None Indicated,,Daylight,Dry,Clear,None apparent,Intersection:  Other intersection (explain in narrative),Paved,,Property Damage Only,0,0,0,0,0,0,10500,2,3,,POINT (-95.902018094908 41.262770579076)
2014809963,143001PD,05/05/2014,05-May,2-Monday,06:21,0600 Hours,District 1 (Central),BOONE,BOONE,,W 6TH ST & MAIN ST,Collision with:  Vehicle in traffic,On Roadway,Broadside (front to side),FTYROW:  At uncontrolled intersection,None Indicated,,Daylight,Dry,Clear,None apparent,Intersection:  Four-way intersection,Paved,,Property Damage Only,0,0,0,0,0,0,4500,2,2,,POINT (-93.906858284081 42.062190349714)
2014797400,20140012166,05/05/2014,05-May,2-Monday,12:45,1200 Hours,District 1 (Central),DES MOINES,POLK,,PLEASANT ST & 9TH ST,Collision with:  Vehicle in traffic,On Roadway,Broadside (front to side),Ran Traffic Signal,None Indicated,,Daylight,Dry,Cloudy,None apparent,Intersection:  Four-way intersection,Paved,,Property Damage Only,0,0,0,0,0,0,7000,2,3,,POINT (-93.629593892284 41.588717295231)
2014797760,20140012195,05/05/2014,05-May,2-Monday,17:42,1700 Hours,District 1 (Central),DES MOINES,POLK,I-235,I-235,Collision with:  Vehicle in traffic,On Roadway,Rear-end (front to rear),Driving too fast for conditions,None Indicated,,Daylight,Dry,Clear,None apparent,Non-intersection:  Non-junction/no special feature,Paved,,Possible/Unknown,0,1,0,0,1,0,5000,2,4,,POINT (-93.648996687671 41.594959510221)
2014797559,14006950,05/05/2014,05-May,2-Monday,07:38,0700 Hours,District 2 (Northeast),MASON CITY,CERRO GORDO,,15TH ST SW & S PIERCE AVE,Collision with:  Vehicle in traffic,On Roadway,Broadside (front to side),FTYROW:  From stop sign,None Indicated,,Daylight,Dry,Clear,None apparent,Intersection:  Four-way intersection,Paved,,Property Damage Only,0,0,0,0,0,0,5000,2,3,,POINT (-93.221047627421 43.137510515771)
2014798087,2014004972,05/05/2014,05-May,2-Monday,22:00,2200 Hours,District 6 (East Central),IOWA CITY,JOHNSON,US 6,US 6 & LAKESIDE DR & INDUSTRIAL PARK RD,Non-collision events:  Other non-collision (explain in narrative),Shoulder,Non-collision (single vehicle),Unknown,None Indicated,,Dark - roadway lighted,Dry,Clear,None apparent,Intersection:  Four-way intersection,Paved,,Possible/Unknown,0,1,0,0,1,0,0,1,1,,POINT (-91.497452612274 41.635357166721)
2014797552,W14-043799,05/05/2014,05-May,2-Monday,15:17,1500 Hours,District 2 (Northeast),WATERLOO,BLACK HAWK,,HAMMOND AVE,Collision with:  Vehicle in traffic,On Roadway,Rear-end (front to rear),Unknown,None Indicated,,Daylight,Dry,Clear,None apparent,Intersection:  Four-way intersection,Paved,,Property Damage Only,0,0,0,0,0,0,2500,2,3,,POINT (-92.336819438596 42.469000623057)
2014797858,14-005620,05/05/2014,05-May,2-Monday,15:37,1500 Hours,District 4 (Southwest),,MILLS,I-29,I-29,Collision with:  Vehicle in traffic,On Roadway,"Sideswipe, same direction",FTYROW:  Other (explain in narrative),None Indicated,,Daylight,Dry,Cloudy,Work Zone (roadway-related),Interchange-related:  On-ramp merge area,Paved,Yes,Property Damage Only,0,0,0,0,0,0,2300,2,2,,POINT (-95.820236398054 41.050890844018)
2014798258,14-002910,05/05/2014,05-May,2-Monday,15:15,1500 Hours,District 1 (Central),,HAMILTON,IA 17,IA 17/BRIGGS WOOD RD & BRIGGS WOOD TRL,Collision with:  Vehicle in traffic,On Roadway,Rear-end (front to rear),Improper Backing,None Indicated,,Daylight,Dry,Clear,Work Zone (roadway-related),Intersection:  T-intersection,Paved,Yes,Property Damage Only,0,0,0,0,0,0,3500,2,3,,POINT (-93.798298702858 42.42178585382)
2014797646,14-2655,05/05/2014,05-May,2-Monday,19:50,1900 Hours,District 2 (Northeast),,KOSSUTH,US 18,US 18 & IA 15/20 AVE & Co Rd P16,Collision with:  Vehicle in traffic,On Roadway,Rear-end (front to rear),Other (explain in narrative):  Other,None Indicated,,Daylight,Dry,Clear,None apparent,Non-intersection:  Non-junction/no special feature,Paved,,Property Damage Only,0,0,0,0,0,0,29000,2,2,,POINT (-94.42303785163 43.083022221121)
2014797813,W14-043838,05/05/2014,05-May,2-Monday,17:17,1700 Hours,District 2 (Northeast),WATERLOO,BLACK HAWK,,DOWNING AVE & ANSBOROUGH AVE,Collision with:  Vehicle in traffic,On Roadway,"Sideswipe, same direction","Operating vehicle in an reckless, erratic, careless, negligent manner",None Indicated,,Daylight,Dry,Clear,None apparent,Intersection:  Four-way intersection,Paved,,Property Damage Only,0,0,0,0,0,0,5000,2,3,,POINT (-92.376949251562 42.494802438358)
2014804454,1405052202,05/05/2014,05-May,2-Monday,22:02,2200 Hours,District 6 (East Central),ANAMOSA,JONES,IA 64,IA 64/IOWA 64,Collision with:  Animal,,,Animal,None Indicated,,,,,,,Paved,,Property Damage Only,0,0,0,0,0,0,5000,1,1,,POINT (-91.160939098463 42.077253256507)
2014800876,2014-28595,05/05/2014,05-May,2-Monday,15:23,1500 Hours,District 6 (East Central),DAVENPORT,SCOTT,US 6,US 6/SPRUCE HILLS DR & ELMORE AVE,Collision with:  Vehicle in traffic,On Roadway,Rear-end (front to rear),Followed too close,None Indicated,,Daylight,Dry,Clear,None apparent,Non-intersection:  Non-junction/no special feature,Paved,,Property Damage Only,0,0,0,0,0,0,4500,3,3,,POINT (-90.527307818173 41.554946599302)
2014805390,,05/05/2014,05-May,2-Monday,23:22,2300 Hours,District 2 (Northeast),DECORAH,WINNESHIEK,,PINE CREST DR & LOCUST RD,Collision with:  Animal,On Roadway,Broadside (front to side),Animal,None Indicated,,Dark - roadway lighted,Dry,Clear,None apparent,Non-intersection:  Non-junction/no special feature,Paved,,Property Damage Only,0,0,0,0,0,0,2500,1,1,,POINT (-91.78856907617 43.31889469725)
2014797617,20140012181,05/05/2014,05-May,2-Monday,15:53,1500 Hours,District 1 (Central),DES MOINES,POLK,,MLK JR PKWY,Collision with:  Vehicle in traffic,On Roadway,"Sideswipe, same direction",Unknown,None Indicated,,Daylight,Dry,Clear,None apparent,Non-intersection:  Non-junction/no special feature,Paved,,Possible/Unknown,0,1,0,0,1,0,1000,2,3,,POINT (-93.648354591265 41.620714761975)
2014797614,20140012187,05/05/2014,05-May,2-Monday,17:00,1700 Hours,District 1 (Central),DES MOINES,POLK,US 6,US 6/EUCLID AVE & 6TH AVE,Collision with:  Vehicle in traffic,On Roadway,Rear-end (front to rear),Unknown,None Indicated,,Daylight,Dry,Clear,None apparent,Intersection:  Four-way intersection,Paved,,Property Damage Only,0,0,0,0,0,0,7000,3,3,,POINT (-93.624750620286 41.62767291949)
2014797671,14-7535,05/05/2014,05-May,2-Monday,01:30,0100 Hours,District 2 (Northeast),,FAYETTE,,Co Rd V62/Y AVE,Collision with fixed object:  Ditch,Shoulder,Non-collision (single vehicle),Swerving/Evasive Action,None Indicated,,Dark - roadway not lighted,Dry,Clear,None apparent,Non-intersection:  Non-junction/no special feature,Paved,,Minor Injury,0,1,0,1,0,0,10000,1,4,,POINT (-92.081697669263 42.650010885314)
2014797907,2014-28625,05/05/2014,05-May,2-Monday,17:15,1700 Hours,District 6 (East Central),DAVENPORT,SCOTT,,E 53RD ST & BELLE AVE,Collision with:  Vehicle in traffic,On Roadway,Broadside (front to side),FTYROW:  From stop sign,None Indicated,,Daylight,Dry,Clear,Work Zone (roadway-related),Intersection:  T-intersection,Paved,Yes,Property Damage Only,0,0,0,0,0,0,8000,2,2,,POINT (-90.545538298393 41.574755102512)
2014798299,14-010543,05/05/2014,05-May,2-Monday,18:30,1800 Hours,District 5 (Southeast),,MARION,,240TH PL,Non-collision events:  Overturn/rollover,On Roadway,Non-collision (single vehicle),Swerving/Evasive Action,Alcohol (Statutory),,Daylight,Dry,Clear,"Surface condition (e.g., wet, icy)",Non-intersection:  Non-junction/no special feature,Unpaved,,Possible/Unknown,0,1,0,0,1,0,8000,1,1,,POINT (-92.890346011198 41.421994706858)
2014799933,14-003715,05/05/2014,05-May,2-Monday,22:30,2200 Hours,District 4 (Southwest),,CASS,,QUINCY RD,Non-collision events:  Overturn/rollover,Outside trafficway,Non-collision (single vehicle),"Operating vehicle in an reckless, erratic, careless, negligent manner",Drug/Alcohol (Statutory),,Dark - roadway not lighted,Dry,Clear,None apparent,Non-intersection:  Non-junction/no special feature,Unpaved,,Fatal,1,0,0,0,0,0,3500,1,1,,POINT (-94.858460972344 41.273135688552)
2014797625,14-2062,05/05/2014,05-May,2-Monday,23:09,2300 Hours,District 4 (Southwest),WEST DES MOINES,DALLAS,,WISTFUL VISTA DR,Collision with fixed object:  Tree,Outside trafficway,Non-collision (single vehicle),Lost Control,Alcohol (Statutory),,Dark - roadway not lighted,Dry,Clear,None apparent,Non-intersection:  Non-junction/no special feature,Paved,,Property Damage Only,0,0,0,0,0,0,15000,1,1,,POINT (-93.815452536534 41.566058034801)
2014797885,14-0498,05/05/2014,05-May,2-Monday,14:20,1400 Hours,District 1 (Central),PLEASANT HILL,POLK,IA 163,IA 163/NE UNIVERSITY AVE,Collision with:  Vehicle in traffic,On Roadway,"Sideswipe, same direction",Swerving/Evasive Action,None Indicated,,Daylight,Dry,Clear,None apparent,Non-intersection:  Non-junction/no special feature,Paved,,Property Damage Only,0,0,0,0,0,0,7000,2,2,,POINT (-93.467931495795 41.599622092569)
2014798080,80-14-134,05/05/2014,05-May,2-Monday,16:08,1600 Hours,District 2 (Northeast),HUMBOLDT,HUMBOLDT,IA 3,IA 3/10TH AVE N/220TH ST & 1ST ST N & MONTANA AVE,Collision with fixed object:  Bridge overhead structure,On Roadway,Non-collision (single vehicle),Unknown,None Indicated,,Daylight,Dry,Clear,None apparent,Non-intersection:  Other non-intersection (explain in narrative),Paved,,Property Damage Only,0,0,0,0,0,0,10025,1,1,,POINT (-94.20754793835 42.731698617993)
2014797689,01-14-18818,05/05/2014,05-May,2-Monday,08:45,0800 Hours,District 6 (East Central),DUBUQUE,DUBUQUE,US 52,US 52/KERRIGAN RD,Collision with:  Vehicle in traffic,On Roadway,Rear-end (front to rear),Followed too close,None Indicated,,Daylight,Dry,Clear,None apparent,Non-intersection:  Non-junction/no special feature,Paved,,Possible/Unknown,0,1,0,0,1,0,2240,2,2,,POINT (-90.667916295615 42.471845205917)
2014797600,14-2959,05/05/2014,05-May,2-Monday,17:03,1700 Hours,District 1 (Central),GRIMES,POLK,IA 141,IA 141/IOWA 141 & NW 58TH AVE,Collision with:  Vehicle in traffic,On Roadway,"Angle, oncoming left turn",Crossed centerline (undivided),None Indicated,,Daylight,Dry,Clear,None apparent,Non-intersection:  Crossover-related,Paved,,Property Damage Only,0,0,0,0,0,0,1700,2,3,,POINT (-93.774967277682 41.665705171878)
2014797429,20140012164,05/05/2014,05-May,2-Monday,12:35,1200 Hours,District 1 (Central),DES MOINES,POLK,,E OVID AVE & YORK ST,Collision with:  Vehicle in traffic,On Roadway,Broadside (front to side),Ran Stop Sign,None Indicated,,Daylight,Dry,Cloudy,None apparent,Intersection:  Four-way intersection,Paved,,Minor Injury,0,1,0,1,0,0,4200,2,4,,POINT (-93.602212915661 41.625901688089)
2014797615,20140012189,05/05/2014,05-May,2-Monday,17:00,1700 Hours,District 1 (Central),DES MOINES,POLK,I-235,I-235 & 42ND ST,Collision with:  Vehicle in traffic,On Roadway,Rear-end (front to rear),Followed too close,None Indicated,,Daylight,Dry,Cloudy,None apparent,Non-intersection:  Other non-intersection (explain in narrative),Paved,,Property Damage Only,0,0,0,0,0,0,4000,2,3,,POINT (-93.674384139633 41.591300572705)