Iowa DOT Case Number,Law Enforcement Case Number,Date of Crash,Month of Crash,Day of Week,Time of Crash,Hour,DOT District,City Name,County Name,Route with System,Location Description,First Harmful Event,Location of First Harmful Event,Manner of Crash/Collision,Major Cause,Drug or Alcohol ,Environmental Conditions,Light Conditions,Surface Conditions,Weather Conditions,Roadway Contribution,Roadway Type,Roadway Surface,Work Zone,Crash Severity,Number of Fatalities,Number of Injuries,Number of Major Injuries,Number of Minor Injuries,Number of Possible Injuries,Number of Unknown Injuries,Amount of Property Damage,Number of Vehicles Involved,Total Number of Occupants,Travel Direction,Location
2014798168,14002214,05/06/2014,05-May,3-Tuesday,00:22,0000 Hours,District 1 (Central),AMES,STORY,,Co Rd E26/CAMERON SCHOOL RD,Non-collision events:  Overturn/rollover,Outside trafficway,Non-collision (single vehicle),"Operating vehicle in an reckless, erratic, careless, negligent manner",Under Influence of Alcohol/Drugs/Medications,,Dark - roadway not lighted,Dry,Clear,None apparent,Non-intersection:  Non-junction/no special feature,Paved,,Minor Injury,0,1,0,1,0,0,10000,1,1,,POINT (-93.68472988225 42.070728693613)
2014798864,,05/06/2014,05-May,3-Tuesday,23:00,2300 Hours,District 3 (Northwest),,LYON,,,Collision with:  Animal,On Roadway,Non-collision (single vehicle),Animal,None Indicated,,Dark - roadway not lighted,Dry,Clear,,Non-intersection:  Non-junction/no special feature,,,Property Damage Only,0,0,0,0,0,0,3500,1,2,,POINT (-96.643700149993 40.233091251414)
2014797743,201406325,05/06/2014,05-May,3-Tuesday,14:17,1400 Hours,District 6 (East Central),CEDAR RAPIDS,LINN,,MEMORIAL DR SE,Collision with:  Vehicle in traffic,On Roadway,"Sideswipe, opposite direction",FTYROW:  From driveway,None Indicated,,Daylight,Dry,Clear,None apparent,Non-intersection:  Driveway access (within),Paved,,Property Damage Only,0,0,0,0,0,0,4020,2,4,,POINT (-91.628196021997 41.979029696703)
2014798111,14-0515,05/06/2014,05-May,3-Tuesday,16:41,1600 Hours,District 4 (Southwest),CLIVE,DALLAS,US 6,US 6/HICKMAN AVE & NW 159TH ST,Collision with:  Vehicle in traffic,On Roadway,"Angle, oncoming left turn",FTYROW:  Making left turn,None Indicated,,Daylight,Dry,Clear,None apparent,Intersection:  Four-way intersection,Paved,,Minor Injury,0,2,0,1,1,0,5000,2,2,,POINT (-93.836183369662 41.614881263762)
2014797790,14-0247,05/06/2014,05-May,3-Tuesday,14:42,1400 Hours,District 1 (Central),,WEBSTER,,Co Rd P61/PARAGON AVE & 300TH ST,Collision with fixed object:  Ditch,Outside trafficway,Non-collision (single vehicle),Ran off road - right,None Indicated,,Daylight,"Mud, dirt",Severe winds,None apparent,Intersection:  Four-way intersection,Paved,,Property Damage Only,0,0,0,0,0,0,5500,1,2,,POINT (-94.106754662864 42.354380125718)
2014803589,B14-0853,05/06/2014,05-May,3-Tuesday,18:30,1800 Hours,District 3 (Northwest),SERGEANT BLUFF,WOODBURY,I-29,I-29,Collision with:  Vehicle in traffic,On Roadway,"Sideswipe, same direction",Swerving/Evasive Action,None Indicated,,Daylight,Dry,Cloudy,Work Zone (roadway-related),Interchange-related:  On-ramp merge area,Paved,Yes,Minor Injury,0,1,0,1,0,0,6500,2,3,,POINT (-96.366729554567 42.402772962749)
2014801716,142180,05/06/2014,05-May,3-Tuesday,14:00,1400 Hours,District 1 (Central),IOWA FALLS,HARDIN,US 65,US 65/OAK ST & WASHINGTON AVE,Collision with:  Vehicle in traffic,On Roadway,Rear-end (front to rear),FTYROW:  From parked position,None Indicated,,Daylight,Dry,Clear,None apparent,Non-intersection:  Non-junction/no special feature,Paved,,Property Damage Only,0,0,0,0,0,0,1501,2,2,,POINT (-93.262964250033 42.519636570114)
2014802070,N14000190,05/06/2014,05-May,3-Tuesday,17:35,1700 Hours,District 6 (East Central),NORTH LIBERTY,JOHNSON,,PENN ST & COMMUNITY DR & PACHA PKWY,Collision with:  Vehicle in traffic,On Roadway,Rear-end (front to rear),Followed too close,None Indicated,,Daylight,Dry,Clear,None apparent,Non-intersection:  Non-junction/no special feature,Unpaved,,Property Damage Only,0,0,0,0,0,0,4000,2,2,,POINT (-91.606288143623 41.752169144145)
2014798171,14-002217,05/06/2014,05-May,3-Tuesday,07:45,0700 Hours,District 1 (Central),AMES,STORY,US 30,US 30/SW RAMP CURV & US 69/S DUFF AVE,Collision with:  Vehicle in traffic,On Roadway,Rear-end (front to rear),Followed too close,None Indicated,,Daylight,Dry,Clear,None apparent,Intersection:  Intersection with ramp,Paved,,Property Damage Only,0,0,0,0,0,0,1575,2,2,,POINT (-93.610027078157 42.002646232535)
2014797592,14009014,05/06/2014,05-May,3-Tuesday,10:30,1000 Hours,District 6 (East Central),MARION,LINN,,8TH AVE & 3RD ST,Collision with:  Vehicle in traffic,On Roadway,Rear-end (front to rear),Followed too close,None Indicated,,Daylight,Dry,Clear,None apparent,Intersection:  Four-way intersection,Paved,,Property Damage Only,0,0,0,0,0,0,6100,2,2,,POINT (-91.607837377264 42.034218815639)
2014797593,038-14,05/06/2014,05-May,3-Tuesday,07:37,0700 Hours,District 4 (Southwest),,MADISON,,Co Rd G68/PERU RD,Collision with:  Animal,,,Animal,None Indicated,,,,,,,Paved,,Property Damage Only,0,0,0,0,0,0,4000,1,1,,POINT (-93.966131799981 41.243424042804)
2014798989,14-006260,05/06/2014,05-May,3-Tuesday,13:36,1300 Hours,District 3 (Northwest),SPENCER,CLAY,,4TH AVE W,Collision with:  Vehicle in traffic,On Roadway,"Sideswipe, same direction",Other (explain in narrative):  Other,None Indicated,,Daylight,Dry,Clear,None apparent,Non-intersection:  Non-junction/no special feature,Unpaved,,Property Damage Only,0,0,0,0,0,0,4000,2,3,,POINT (-95.150504842612 43.177282582642)
2014798172,14-002219,05/06/2014,05-May,3-Tuesday,08:35,0800 Hours,District 1 (Central),AMES,STORY,US 69,US 69/S DUFF AVE & S 5TH ST,Collision with:  Vehicle in traffic,On Roadway,Rear-end (front to rear),Followed too close,None Indicated,,Daylight,Dry,Clear,None apparent,Intersection:  Four-way intersection,Paved,,Minor Injury,0,1,0,1,0,0,6500,2,3,,POINT (-93.610410024528 42.017442036625)
2014819361,1405-034,05/06/2014,05-May,3-Tuesday,21:00,2100 Hours,District 3 (Northwest),,OSCEOLA,IA 60,IA 60/IOWA 60,Collision with:  Animal,On Roadway,Non-collision (single vehicle),Animal,None Indicated,,Dark - roadway not lighted,Dry,Cloudy,None apparent,Non-intersection:  Non-junction/no special feature,Paved,,Property Damage Only,0,0,0,0,0,0,4000,1,2,,POINT (-95.690632081621 43.492387006201)
2014803252,,05/06/2014,05-May,3-Tuesday,05:08,0500 Hours,District 4 (Southwest),,FREMONT,I-29,I-29,Collision with:  Animal,On Roadway,Non-collision (single vehicle),Animal,None Indicated,,Dark - roadway not lighted,Dry,Cloudy,None apparent,Non-intersection:  Non-junction/no special feature,Paved,,Property Damage Only,0,0,0,0,0,0,5000,1,2,,POINT (-95.806401909534 40.837020485006)
2014802959,A14033,05/06/2014,05-May,3-Tuesday,16:44,1600 Hours,District 5 (Southeast),KNOXVILLE,MARION,,E MAIN ST & S 2ND ST & N 2ND ST,Collision with:  Vehicle in traffic,Roadside,Rear-end (front to rear),FTYROW:  From parked position,None Indicated,,Daylight,Dry,Clear,None apparent,Non-intersection:  Non-junction/no special feature,Paved,,Property Damage Only,0,0,0,0,0,0,4000,2,2,,POINT (-93.097664342813 41.318939908316)
2014800590,01-14-19010,05/06/2014,05-May,3-Tuesday,15:40,1500 Hours,District 6 (East Central),DUBUQUE,DUBUQUE,,PERU RD & SALEM ST & ROOSEVELT ST,Collision with:  Vehicle in traffic,Shoulder,"Angle, oncoming left turn",FTYROW:  From stop sign,None Indicated,,Daylight,Dry,Clear,None apparent,Intersection:  T-intersection,Paved,,Minor Injury,0,1,0,1,0,0,1300,2,2,,POINT (-90.67642116357 42.540763833981)
2014800135,14097,05/06/2014,05-May,3-Tuesday,05:01,0500 Hours,District 5 (Southeast),PELLA,MARION,,MONROE ST & MAIN ST,Collision with:  Animal,,,Animal,None Indicated,,,,,,,Paved,,Property Damage Only,0,0,0,0,0,0,2000,1,1,,POINT (-92.9163846447 41.413945783157)
2014797776,14-017852,05/06/2014,05-May,3-Tuesday,20:00,2000 Hours,District 4 (Southwest),COUNCIL BLUFFS,POTTAWATTAMIE,,WOODBURY AVE & MADISON AVE,Collision with:  Vehicle in traffic,On Roadway,Rear-end (front to rear),Followed too close,None Indicated,,Dusk,Dry,Clear,None apparent,Non-intersection:  Non-junction/no special feature,Paved,,Property Damage Only,0,0,0,0,0,0,1800,2,3,,POINT (-95.825688095535 41.24285731142)
2014798958,2014027560,05/06/2014,05-May,3-Tuesday,17:40,1700 Hours,District 5 (Southeast),,WAPELLO,,73RD ST,Collision with:  Animal,,,Animal,None Indicated,,,,,,,Paved,,Property Damage Only,0,0,0,0,0,0,4000,1,1,,POINT (-92.321488279715 40.99543521686)
2014904355,,05/06/2014,05-May,3-Tuesday,12:14,1200 Hours,District 3 (Northwest),REMSEN,PLYMOUTH,IA 3,IA 3/IOWA 3 & S WASHINGTON ST,Collision with:  Vehicle in traffic,On Roadway,Rear-end (front to rear),Ran off road - left,None Indicated,,Daylight,Dry,Cloudy,None apparent,Intersection:  T-intersection,Paved,,Property Damage Only,0,0,0,0,0,0,12000,3,4,,POINT (-95.973511360627 42.808458804766)
2014797800,PD140307,05/06/2014,05-May,3-Tuesday,08:25,0800 Hours,District 1 (Central),GRUNDY CENTER,GRUNDY,IA 14,IA 14/G AVE & 6TH ST,Collision with:  Vehicle in traffic,On Roadway,"Sideswipe, same direction",Made improper turn,None Indicated,,Daylight,Dry,Clear,None apparent,Intersection:  Four-way intersection,Paved,,Property Damage Only,0,0,0,0,0,0,2100,2,2,,POINT (-92.771261319285 42.36150217174)
2014797927,1-14-000164,05/06/2014,05-May,3-Tuesday,19:30,1900 Hours,District 4 (Southwest),,SHELBY,,Co Rd F66/STREET F66,Collision with fixed object:  Ditch,On Roadway,Non-collision (single vehicle),Lost Control,None Indicated,,Daylight,Dry,Clear,None apparent,Non-intersection:  Non-junction/no special feature,Paved,,Property Damage Only,0,0,0,0,0,0,12000,1,2,,POINT (-95.436228375646 41.517871489369)
2014797686,141150,05/06/2014,05-May,3-Tuesday,20:55,2000 Hours,District 3 (Northwest),,CRAWFORD,,380TH ST & WEST SIDE AVE,Collision with:  Animal,On Roadway,Non-collision (single vehicle),Animal,None Indicated,,Dark - roadway not lighted,Dry,Clear,None apparent,Non-intersection:  Non-junction/no special feature,Unpaved,,Property Damage Only,0,0,0,0,0,0,5000,1,1,,POINT (-95.130308239515 42.086542943669)
2014798437,14-8954,05/06/2014,05-May,3-Tuesday,05:42,0500 Hours,District 6 (East Central),,SCOTT,US 61,US 61,Collision with fixed object:  Ditch,Median,Non-collision (single vehicle),Crossed centerline (undivided),None Indicated,,Dawn,Dry,Clear,None apparent,Non-intersection:  Non-junction/no special feature,Paved,,Minor Injury,0,1,0,1,0,0,10100,1,1,,POINT (-90.566076591384 41.695497784866)
2014801730,14-04081,05/06/2014,05-May,3-Tuesday,13:56,1300 Hours,District 5 (Southeast),MOUNT PLEASANT,HENRY,,E MAPLE LEAF DR & N CHERRY ST,Collision with:  Vehicle in traffic,On Roadway,Broadside (front to side),FTYROW:  From stop sign,None Indicated,,Daylight,Dry,Clear,None apparent,Intersection:  Four-way intersection,Paved,,Possible/Unknown,0,2,0,0,2,0,10000,2,2,,POINT (-91.540609935271 40.974024076373)
2014797610,20140012251,05/06/2014,05-May,3-Tuesday,07:19,0700 Hours,District 1 (Central),DES MOINES,POLK,US 69,US 69/E 14TH ST & DES MOINES ST,Collision with:  Non-motorist (see non-motorist section - NOT a unit),On Roadway,Non-collision (single vehicle),FTYROW:  To pedestrian,None Indicated,,Daylight,Dry,Clear,None apparent,Intersection:  Four-way intersection,Paved,,Minor Injury,0,1,0,1,0,0,0,1,1,,POINT (-93.598368928374 41.594459534825)
2014797715,SO1401659,05/06/2014,05-May,3-Tuesday,21:02,2100 Hours,District 5 (Southeast),,JEFFERSON,US 34,US 34,Collision with:  Animal,On Roadway,Non-collision (single vehicle),Animal,None Indicated,,Dark - roadway not lighted,Dry,Clear,None apparent,Non-intersection:  Non-junction/no special feature,Paved,,Minor Injury,0,1,0,1,0,0,4000,1,2,,POINT (-91.866484267016 41.002281119513)
2014798841,2014027418,05/06/2014,05-May,3-Tuesday,06:15,0600 Hours,District 4 (Southwest),,ADAIR,I-80,I-80,Collision with:  Animal,,Non-collision (single vehicle),Animal,None Indicated,,,,,,,Paved,,Property Damage Only,0,0,0,0,0,0,6000,1,1,,POINT (-94.348429844908 41.49305685871)
2014798290,14-001901,05/06/2014,05-May,3-Tuesday,06:55,0600 Hours,District 3 (Northwest),GEORGE,LYON,,E IOWA AVE & N LINCOLN ST,Collision with:  Vehicle in traffic,On Roadway,Broadside (front to side),FTYROW:  At uncontrolled intersection,None Indicated,,Daylight,Dry,Clear,None apparent,Intersection:  Four-way intersection,Paved,,Property Damage Only,0,0,0,0,0,0,5000,2,2,,POINT (-95.995175355498 43.344755887348)
2014797757,20140012363,05/06/2014,05-May,3-Tuesday,16:45,1600 Hours,District 1 (Central),DES MOINES,POLK,I-235,I-235,Collision with:  Vehicle in traffic,On Roadway,Rear-end (front to rear),Lost Control,None Indicated,,Daylight,Dry,Clear,None apparent,Non-intersection:  Non-junction/no special feature,Paved,,Property Damage Only,0,0,0,0,0,0,1600,2,3,,POINT (-93.578865006198 41.607223570247)
2014797683,CL14001360,05/06/2014,05-May,3-Tuesday,01:49,0100 Hours,District 6 (East Central),CLINTON,CLINTON,,ROOSEVELT ST,Collision with:  Parked motor vehicle,On Roadway,Rear-end (front to rear),"Operating vehicle in an reckless, erratic, careless, negligent manner",Alcohol (Statutory),,Dark - roadway not lighted,Dry,Cloudy,None apparent,Non-intersection:  Non-junction/no special feature,Paved,,Possible/Unknown,0,1,0,0,1,0,12000,2,1,,POINT (-90.181690472767 41.863861034797)
2014797930,2014-09394,05/06/2014,05-May,3-Tuesday,21:41,2100 Hours,District 5 (Southeast),,WARREN,,Co Rd S31/235TH AVE,Collision with:  Animal,,,Animal,None Indicated,,,,,,,Paved,,Property Damage Only,0,0,0,0,0,0,3500,1,1,,POINT (-93.358143047875 41.436099779341)
2014797624,14-2065,05/06/2014,05-May,3-Tuesday,07:35,0700 Hours,District 1 (Central),WEST DES MOINES,POLK,I-35,I-35,Collision with:  Vehicle in traffic,On Roadway,Rear-end (front to rear),Swerving/Evasive Action,None Indicated,,Daylight,Dry,Clear,None apparent,Non-intersection:  Non-junction/no special feature,Paved,,Possible/Unknown,0,1,0,0,1,0,20000,3,3,,POINT (-93.777120619571 41.596002315209)
2014797645,14-044059,05/06/2014,05-May,3-Tuesday,07:47,0700 Hours,District 2 (Northeast),LA PORTE CITY,BLACK HAWK,,IOWA ST & SYCAMORE ST,Collision with:  Vehicle in traffic,On Roadway,Broadside (front to side),FTYROW:  From stop sign,None Indicated,,Daylight,Dry,Clear,None apparent,Intersection:  Four-way intersection,Paved,,Property Damage Only,0,0,0,0,0,0,2300,2,3,,POINT (-92.192015355591 42.310772991979)
2014797815,W14-044305,05/06/2014,05-May,3-Tuesday,21:30,2100 Hours,District 2 (Northeast),WATERLOO,BLACK HAWK,US 63,US 63/W MULLAN AVE,Collision with fixed object:  Utility pole/light support,Shoulder,Non-collision (single vehicle),Ran off road - right,None Indicated,,Dark - roadway lighted,Dry,Clear,None apparent,Non-intersection:  Non-junction/no special feature,Paved,,Property Damage Only,0,0,0,0,0,0,1500,1,1,,POINT (-92.344214402467 42.499383887774)
2014797824,14006483,05/06/2014,05-May,3-Tuesday,15:48,1500 Hours,District 6 (East Central),LOWDEN,CEDAR,,MAIN ST,Collision with:  Parked motor vehicle,On Roadway,Rear-end (front to rear),Lost Control,None Indicated,,Daylight,Dry,Clear,None apparent,Non-intersection:  Non-junction/no special feature,Paved,,Property Damage Only,0,0,0,0,0,0,4500,2,777,,POINT (-90.927364586356 41.857629287966)
2014801374,2014-28934,05/06/2014,05-May,3-Tuesday,17:01,1700 Hours,District 6 (East Central),DAVENPORT,SCOTT,,W LOCUST ST & MARQUETTE ST,Collision with:  Vehicle in traffic,On Roadway,"Angle, oncoming left turn",Other (explain in narrative):  Other,None Indicated,,Daylight,Dry,Clear,None apparent,Non-intersection:  Non-junction/no special feature,Paved,,Property Damage Only,0,0,0,0,0,0,2000,2,2,,POINT (-90.591356840938 41.538230996655)
2014805771,14-003349,05/06/2014,05-May,3-Tuesday,05:26,0500 Hours,District 2 (Northeast),POSTVILLE,CLAYTON,,Co Rd B60/GUNDER RD,Collision with:  Animal,,,Animal,None Indicated,,,,,,,Paved,,Property Damage Only,0,0,0,0,0,0,3000,1,1,,POINT (-91.486275438392 42.967623066813)
2014798447,2014-28926,05/06/2014,05-May,3-Tuesday,16:20,1600 Hours,District 6 (East Central),DAVENPORT,SCOTT,US 6,US 6/E KIMBERLY RD & BRIDGE AVE,Collision with:  Vehicle in traffic,On Roadway,Rear-end (front to rear),Followed too close,None Indicated,,Daylight,Dry,Clear,None apparent,Non-intersection:  Non-junction/no special feature,Paved,,Property Damage Only,0,0,0,0,0,0,3000,2,2,,POINT (-90.557090189382 41.556889480335)
2014798458,14-002232,05/06/2014,05-May,3-Tuesday,15:45,1500 Hours,District 1 (Central),AMES,STORY,US 69,US 69/GRAND AVE & 5TH ST,Collision with:  Vehicle in traffic,On Roadway,Broadside (front to side),FTYROW:  From stop sign,None Indicated,,Daylight,Dry,Clear,None apparent,Intersection:  Four-way intersection,Paved,,Property Damage Only,0,0,0,0,0,0,4500,3,3,,POINT (-93.620141099403 42.025756986333)
2014798990,14-06270,05/06/2014,05-May,3-Tuesday,16:13,1600 Hours,District 3 (Northwest),SPENCER,CLAY,US 18,US 18/N GRAND AVE & W 8TH ST & E 8TH ST,Collision with:  Vehicle in traffic,On Roadway,Broadside (front to side),Unknown,None Indicated,,Daylight,Dry,Clear,None apparent,Intersection:  Four-way intersection,Paved,,Property Damage Only,0,0,0,0,0,0,5000,2,4,,POINT (-95.144995436167 43.145726508632)
2014797960,,05/06/2014,05-May,3-Tuesday,18:00,1800 Hours,District 4 (Southwest),,ADAIR,,Co Rd N72/FONTANELLE RD,Non-collision events:  Overturn/rollover,Outside trafficway,Non-collision (single vehicle),Ran off road - left,None Indicated,,Daylight,Dry,Cloudy,Ruts/holes/bumps,Non-intersection:  Non-junction/no special feature,Unpaved,,Minor Injury,0,2,0,2,0,0,9100,1,2,,POINT (-94.566932653034 41.430164778351)
2014797692,01-14-19020,05/06/2014,05-May,3-Tuesday,16:30,1600 Hours,District 6 (East Central),DUBUQUE,DUBUQUE,US 20,US 20/DODGE ST,Collision with:  Vehicle in traffic,On Roadway,Rear-end (front to rear),Lost Control,None Indicated,,Daylight,Dry,Clear,None apparent,Non-intersection:  Non-junction/no special feature,Paved,,Minor Injury,0,1,0,1,0,0,7000,4,4,,POINT (-90.719278140892 42.492132556974)
2014797814,W14-044262,05/06/2014,05-May,3-Tuesday,18:50,1800 Hours,District 2 (Northeast),WATERLOO,BLACK HAWK,,E RIDGEWAY AVE,Collision with:  Vehicle in traffic,On Roadway,Rear-end (front to rear),FTYROW:  From driveway,None Indicated,,Daylight,Dry,Clear,None apparent,Non-intersection:  Driveway access (within),Paved,,Property Damage Only,0,0,0,0,0,0,6500,2,3,,POINT (-92.339649971172 42.4693591887)
2014797611,20140012280,05/06/2014,05-May,3-Tuesday,11:55,1100 Hours,District 1 (Central),DES MOINES,POLK,IA 415,IA 415/2ND AVE & E DOUGLAS AVE,Collision with:  Vehicle in traffic,On Roadway,Broadside (front to side),Ran Traffic Signal,None Indicated,,Daylight,Dry,Clear,None apparent,Intersection:  Four-way intersection,Paved,,Property Damage Only,0,0,0,0,0,0,3000,2,2,,POINT (-93.619882819498 41.629572766835)
2014798769,A14032,05/06/2014,05-May,3-Tuesday,12:09,1200 Hours,District 5 (Southeast),KNOXVILLE,MARION,,W MONTGOMERY ST & E MONTGOMERY ST & S ROCHE ST,Collision with:  Vehicle in traffic,On Roadway,Broadside (front to side),Ran Stop Sign,None Indicated,,Daylight,Dry,Clear,None apparent,Intersection:  Four-way intersection,Paved,,Property Damage Only,0,0,0,0,0,0,52000,2,2,,POINT (-93.099907803533 41.317109410864)
2014797644,2014027405,05/06/2014,05-May,3-Tuesday,00:30,0000 Hours,District 5 (Southeast),,LUCAS,IA 14,IA 14 & 245TH TRL,Non-collision events:  Overturn/rollover,Roadside,Non-collision (single vehicle),Swerving/Evasive Action,None Indicated,,Dark - roadway not lighted,Dry,Clear,None apparent,Non-intersection:  Non-junction/no special feature,Paved,,Property Damage Only,0,0,0,0,0,0,10000,1,1,,POINT (-93.279949484012 41.079165550265)
2014798448,2014-28959,05/06/2014,05-May,3-Tuesday,18:58,1800 Hours,District 6 (East Central),DAVENPORT,SCOTT,I-74,I-74 & E 53RD ST,Collision with:  Vehicle in traffic,On Roadway,Rear-end (front to rear),Followed too close,None Indicated,,Daylight,Dry,Clear,None apparent,Interchange-related:  Off-ramp,Paved,,Possible/Unknown,0,1,0,0,1,0,1000,2,4,,POINT (-90.520251225371 41.574860648392)
2014804108,2014-28817,05/06/2014,05-May,3-Tuesday,08:11,0800 Hours,District 6 (East Central),DAVENPORT,SCOTT,,IA 461/BRADY ST & W 3RD ST & E 3RD ST,Collision with:  Vehicle in traffic,On Roadway,"Sideswipe, same direction",Other (explain in narrative):  Other,None Indicated,,Daylight,Dry,Clear,None apparent,Intersection:  Four-way intersection,Paved,,Property Damage Only,0,0,0,0,0,0,2000,2,3,,POINT (-90.574063088526 41.522421256536)
2014797612,20140012235,05/06/2014,05-May,3-Tuesday,00:36,0000 Hours,District 1 (Central),DES MOINES,POLK,,6TH AVE,Collision with:  Vehicle in traffic,Shoulder,Rear-end (front to rear),Unknown,None Indicated,,Dark - roadway lighted,Dry,Cloudy,None apparent,Non-intersection:  Non-junction/no special feature,Paved,,Property Damage Only,0,0,0,0,0,0,4000,2,1,,POINT (-93.624823155518 41.633941526165)
2014797687,141159,05/06/2014,05-May,3-Tuesday,16:30,1600 Hours,District 3 (Northwest),DENISON,CRAWFORD,,3RD AVE S & S 14TH ST,Collision with:  Vehicle in traffic,On Roadway,Broadside (front to side),FTYROW:  From yield sign,None Indicated,,Daylight,Dry,Clear,None apparent,Intersection:  Four-way intersection,Paved,,Property Damage Only,0,0,0,0,0,0,4500,2,4,,POINT (-95.353824800521 42.013423648775)
2014798301,14-010620,05/06/2014,05-May,3-Tuesday,17:10,1700 Hours,District 5 (Southeast),,MARION,,ELK HORN DR & TERRACE DR,Non-collision events:  Overturn/rollover,Shoulder,Non-collision (single vehicle),Ran off road - right,None Indicated,,Daylight,Dry,Clear,None apparent,Non-intersection:  Non-junction/no special feature,Paved,,Property Damage Only,0,0,0,0,0,0,8100,1,1,,POINT (-93.056728963505 41.441705487344)
2014798192,2014027452,05/06/2014,05-May,3-Tuesday,08:53,0800 Hours,District 3 (Northwest),,CLAY,US 18,US 18/HIGHWAY BLVD & US 71 & Co Rd B19/320TH ST,Collision with:  Vehicle in traffic,On Roadway,Broadside (front to side),FTYROW:  From stop sign,None Indicated,,Daylight,Dry,Cloudy,None apparent,Intersection:  Four-way intersection,Paved,,Property Damage Only,0,0,0,0,0,0,13000,2,2,,POINT (-95.150189737034 43.184077819357)
2014815332,,05/06/2014,05-May,3-Tuesday,07:00,0700 Hours,District 2 (Northeast),NEW HARTFORD,BUTLER,,PACKWAUKEE ST,Collision with fixed object:  Utility pole/light support,,,Unknown,None Indicated,,,,,,,Paved,,Property Damage Only,0,0,0,0,0,0,2415,1,1,,POINT (-92.622058721347 42.566631512901)
2014798521,2014027514,05/06/2014,05-May,3-Tuesday,14:00,1400 Hours,District 5 (Southeast),,WARREN,I-35,I-35 & Co Rd G50/HWY G50,Collision with:  Vehicle in traffic,On Roadway,Rear-end (front to rear),Crossed centerline (undivided),None Indicated,,Daylight,Dry,Clear,None apparent,Intersection:  Intersection with ramp,Paved,,Property Damage Only,0,0,0,0,0,0,6000,2,3,,POINT (-93.779920563702 41.29345059902)
2014797896,2014-28852,05/06/2014,05-May,3-Tuesday,10:54,1000 Hours,District 6 (East Central),DAVENPORT,SCOTT,,W CENTRAL PARK AVE & N DIVISION ST,Collision with:  Vehicle in traffic,On Roadway,"Sideswipe, same direction",Other (explain in narrative):  Other,None Indicated,,Daylight,Dry,Clear,None apparent,Intersection:  Four-way intersection,Paved,,Property Damage Only,0,0,0,0,0,0,2500,2,8,,POINT (-90.600917462914 41.545501006347)
2014904354,,05/06/2014,05-May,3-Tuesday,15:26,1500 Hours,District 3 (Northwest),REMSEN,PLYMOUTH,,E 5TH ST & S FULTON ST,Collision with:  Vehicle in traffic,On Roadway,Broadside (front to side),FTYROW:  From yield sign,None Indicated,,Daylight,Dry,Cloudy,None apparent,Intersection:  Four-way intersection,Paved,,Property Damage Only,0,0,0,0,0,0,6500,2,7,,POINT (-95.972130241998 42.811538196379)
2014828300,14050134,05/06/2014,05-May,3-Tuesday,16:08,1600 Hours,District 5 (Southeast),,WAPELLO,,42ND ST,Collision with fixed object:  Ditch,Shoulder,Non-collision (single vehicle),Crossed centerline (undivided),None Indicated,,Daylight,"Mud, dirt",Clear,None apparent,Non-intersection:  Non-junction/no special feature,Unpaved,,Property Damage Only,0,0,0,0,0,0,2000,1,1,,POINT (-92.598042937714 40.949564104515)
2014797909,2014-28887,05/06/2014,05-May,3-Tuesday,12:38,1200 Hours,District 6 (East Central),DAVENPORT,SCOTT,,ROCKINGHAM RD,Collision with:  Parked motor vehicle,Outside trafficway,Broadside (front to side),Illegally Parked/Unattended,None Indicated,,Daylight,Dry,Clear,None apparent,Non-intersection:  Non-junction/no special feature,Paved,,Property Damage Only,0,0,0,0,0,0,2500,2,1,,POINT (-90.631853359992 41.509216099138)
2014797771,14-000950,05/06/2014,05-May,3-Tuesday,18:05,1800 Hours,District 1 (Central),ALTOONA,POLK,US 6,US 6/FREDERICK M HUBBELL AVE,Collision with:  Vehicle in traffic,On Roadway,Rear-end (front to rear),Driving too fast for conditions,None Indicated,,Daylight,Dry,Clear,Work Zone (roadway-related),Intersection:  Intersection with ramp,Paved,Yes,Property Damage Only,0,0,0,0,0,0,4500,2,2,,POINT (-93.496249852693 41.660536197897)
2014797704,14-6210,05/06/2014,05-May,3-Tuesday,20:38,2000 Hours,District 6 (East Central),,JACKSON,US 61,US 61,Collision with:  Animal,On Roadway,Non-collision (single vehicle),Animal,None Indicated,,Dark - roadway not lighted,Dry,Clear,None apparent,Non-intersection:  Non-junction/no special feature,Paved,,Possible/Unknown,0,1,0,0,1,0,5000,1,1,,POINT (-90.679500964915 42.222314973612)
2014797632,14-017720,05/06/2014,05-May,3-Tuesday,23:51,2300 Hours,District 4 (Southwest),COUNCIL BLUFFS,POTTAWATTAMIE,,NEBRASKA AVE,Collision with:  Vehicle in traffic,On Roadway,Rear-end (front to rear),Followed too close,Alcohol (Statutory),,Dark - roadway lighted,Dry,Clear,None apparent,Intersection:  Four-way intersection,Paved,,Possible/Unknown,0,3,0,0,3,0,6500,2,4,,POINT (-95.897336762005 41.245713526681)
2014797762,20140012322,05/06/2014,05-May,3-Tuesday,18:09,1800 Hours,District 1 (Central),DES MOINES,POLK,,UNIVERSITY AVE & 14TH ST,Collision with:  Vehicle in traffic,On Roadway,Broadside (front to side),FTYROW:  From stop sign,None Indicated,,Daylight,Dry,Cloudy,Work Zone (roadway-related),Intersection:  Four-way intersection,Paved,Yes,Major Injury,0,1,1,0,0,0,13000,2,2,,POINT (-93.635431665214 41.600430618162)
2014797767,14-0998,05/06/2014,05-May,3-Tuesday,10:44,1000 Hours,District 1 (Central),URBANDALE,POLK,,86TH ST,Collision with:  Vehicle in traffic,On Roadway,"Sideswipe, same direction",FTYROW:  Other (explain in narrative),None Indicated,,Daylight,Dry,Cloudy,None apparent,Intersection:  Four-way intersection,Paved,,Property Damage Only,0,0,0,0,0,0,5000,2,3,,POINT (-93.73656384804 41.629749025229)
2014798574,CL14001368,05/06/2014,05-May,3-Tuesday,14:24,1400 Hours,District 6 (East Central),CLINTON,CLINTON,,7TH AVE S & S 6TH ST,Collision with:  Vehicle in traffic,On Roadway,Rear-end (front to rear),Other (explain in narrative):  Other,None Indicated,,Daylight,Dry,Cloudy,None apparent,Intersection:  Four-way intersection,Paved,,Property Damage Only,0,0,0,0,0,0,5000,2,2,,POINT (-90.198910717836 41.838931585078)