Iowa DOT Case Number,Law Enforcement Case Number,Date of Crash,Month of Crash,Day of Week,Time of Crash,Hour,DOT District,City Name,County Name,Route with System,Location Description,First Harmful Event,Location of First Harmful Event,Manner of Crash/Collision,Major Cause,Drug or Alcohol ,Environmental Conditions,Light Conditions,Surface Conditions,Weather Conditions,Roadway Contribution,Roadway Type,Roadway Surface,Work Zone,Crash Severity,Number of Fatalities,Number of Injuries,Number of Major Injuries,Number of Minor Injuries,Number of Possible Injuries,Number of Unknown Injuries,Amount of Property Damage,Number of Vehicles Involved,Total Number of Occupants,Travel Direction,Location
2014797879,20140012281,05/06/2014,05-May,3-Tuesday,12:22,1200 Hours,District 1 (Central),DES MOINES,POLK,US 6,US 6/DOUGLAS AVE,Collision with:  Vehicle in traffic,On Roadway,Rear-end (front to rear),Followed too close,None Indicated,,Daylight,Dry,Cloudy,None apparent,Non-intersection:  Non-junction/no special feature,Paved,,Property Damage Only,0,0,0,0,0,0,4000,2,3,,POINT (-93.688191471993 41.629454328493)
2014798100,14-005715,05/06/2014,05-May,3-Tuesday,15:00,1500 Hours,District 4 (Southwest),,MILLS,,INGRUM AVE,Collision with fixed object:  Ditch,On Roadway,Non-collision (single vehicle),Swerving/Evasive Action,None Indicated,,Daylight,Dry,Clear,None apparent,Non-intersection:  Non-junction/no special feature,Paved,,Property Damage Only,0,0,0,0,0,0,1500,1,1,,POINT (-95.707273749484 41.037966198355)
2014798520,2014027506,05/06/2014,05-May,3-Tuesday,13:07,1300 Hours,District 3 (Northwest),SIOUX CITY,WOODBURY,US 20,US 20 & BUCHANAN AVE,Collision with:  Vehicle in traffic,On Roadway,"Sideswipe, same direction",Swerving/Evasive Action,None Indicated,,Daylight,Dry,Clear,None apparent,Non-intersection:  Non-junction/no special feature,Paved,,Property Damage Only,0,0,0,0,0,0,3002,2,4,,POINT (-96.292044099412 42.475369606966)
2014800249,2014027429,05/06/2014,05-May,3-Tuesday,07:58,0700 Hours,District 1 (Central),URBANDALE,POLK,I-35,I-35,Collision with fixed object:  Concrete traffic barrier (median or right side),Shoulder,Non-collision (single vehicle),Followed too close,None Indicated,,Daylight,Dry,Clear,None apparent,Non-intersection:  Non-junction/no special feature,Paved,,Property Damage Only,0,0,0,0,0,0,5000,1,1,,POINT (-93.723096797555 41.652559560227)
2014798173,14-002243,05/07/2014,05-May,4-Wednesday,11:08,1100 Hours,District 1 (Central),AMES,STORY,US 69,US 69/S DUFF AVE & AIRPORT RD & BILLY SUNDAY RD,Collision with:  Vehicle in traffic,On Roadway,"Angle, oncoming left turn",FTYROW:  Making left turn,None Indicated,,Daylight,Dry,Clear,None apparent,Intersection:  Four-way intersection,Paved,,Major Injury,0,3,1,0,2,0,14800,3,6,,POINT (-93.610036344234 42.001088039793)
2014797820,050714-173,05/07/2014,05-May,4-Wednesday,17:09,1700 Hours,District 3 (Northwest),STORM LAKE,BUENA VISTA,,W 5TH ST,Collision with:  Non-motorist (see non-motorist section - NOT a unit),On Roadway,Non-collision (single vehicle),Other (explain in narrative):  No improper action,None Indicated,,Daylight,Dry,Clear,None apparent,Non-intersection:  Non-junction/no special feature,Paved,,Minor Injury,0,2,0,2,0,0,1575,1,1,,POINT (-95.201493177557 42.644438578754)
2014798461,14-002254,05/07/2014,05-May,4-Wednesday,18:52,1800 Hours,District 1 (Central),AMES,STORY,US 30,US 30/SE RAMP CURV/SW RAMP CURV & UNIVERSITY BLVD,Collision with:  Non-motorist (see non-motorist section - NOT a unit),On Roadway,Non-collision (single vehicle),FTYROW:  Making right turn on red signal,None Indicated,,Daylight,Dry,Clear,None apparent,Intersection:  Four-way intersection,Paved,,Minor Injury,0,1,0,1,0,0,200,1,1,,POINT (-93.639472793338 42.002089682608)
2014798689,W14-044539,05/07/2014,05-May,4-Wednesday,14:30,1400 Hours,District 2 (Northeast),WATERLOO,BLACK HAWK,,INDEPENDENCE AVE,Collision with fixed object:  Other fixed object (explain in narrative),Outside trafficway,Non-collision (single vehicle),Driver Distraction:  Inattentive/lost in thought,None Indicated,,Daylight,Dry,Clear,None apparent,Non-intersection:  Other non-intersection (explain in narrative),Paved,,Property Damage Only,0,0,0,0,0,0,2000,1,1,,POINT (-92.296481385233 42.498407361898)
2014797819,050714-158,05/07/2014,05-May,4-Wednesday,14:25,1400 Hours,District 3 (Northwest),STORM LAKE,BUENA VISTA,,N SENECA ST,Collision with:  Vehicle in traffic,On Roadway,Broadside (front to side),Other (explain in narrative):  Vision obstructed,None Indicated,,Daylight,Dry,Clear,None apparent,Non-intersection:  Driveway access (within),Paved,,Property Damage Only,0,0,0,0,0,0,1650,2,2,,POINT (-95.196653732069 42.652149827534)
2014798514,2014027628,05/07/2014,05-May,4-Wednesday,07:12,0700 Hours,District 3 (Northwest),DOW CITY,CRAWFORD,US 30,US 30/FULTON ST & PEARL ST,Collision with fixed object:  Ditch,Roadside,Non-collision (single vehicle),Ran off road - right,None Indicated,,Daylight,Dry,Cloudy,None apparent,Non-intersection:  Non-junction/no special feature,Paved,,Fatal,1,0,0,0,0,0,25000,1,1,,POINT (-95.498853499628 41.929042976466)
2014798305,1400000380,05/07/2014,05-May,4-Wednesday,15:45,1500 Hours,District 1 (Central),,MARSHALL,IA 96,IA 96/120TH ST,Collision with:  Vehicle in traffic,On Roadway,Rear-end (front to rear),Driver Distraction:  Inattentive/lost in thought,None Indicated,,Daylight,Dry,Clear,None apparent,Non-intersection:  Non-junction/no special feature,Paved,,Minor Injury,0,2,0,1,1,0,13000,2,3,,POINT (-92.77697370584 42.181262666638)
2014798472,H14-0238,05/07/2014,05-May,4-Wednesday,18:56,1800 Hours,District 1 (Central),HUXLEY,STORY,,Co Rd E63/315TH ST & 560TH AVE,Collision with:  Vehicle in traffic,On Roadway,"Sideswipe, opposite direction",Crossed centerline (undivided),None Indicated,,Daylight,Dry,Clear,None apparent,Non-intersection:  Non-junction/no special feature,Paved,,Major Injury,0,1,1,0,0,0,18500,2,2,,POINT (-93.580880374674 41.899292490484)
2014798176,14-002267,05/07/2014,05-May,4-Wednesday,22:00,2200 Hours,District 1 (Central),AMES,STORY,,TRIPP ST,Unknown,Roadside,Non-collision (single vehicle),Unknown,None Indicated,,Dark - roadway lighted,Dry,Cloudy,Unknown,Non-intersection:  Driveway access (within),Paved,,Property Damage Only,0,0,0,0,0,0,2000,1,1,,POINT (-93.662674049979 42.020034307129)
2014802501,,05/07/2014,05-May,4-Wednesday,11:48,1100 Hours,District 2 (Northeast),,WINNESHIEK,,Co Rd A34/POLE LINE RD & 270TH AVE,Collision with fixed object:  Ditch,Shoulder,Non-collision (single vehicle),Ran off road - right,None Indicated,,Daylight,"Mud, dirt",Cloudy,None apparent,Non-intersection:  Non-junction/no special feature,Paved,,Possible/Unknown,0,1,0,0,1,0,15500,1,1,,POINT (-91.937964899615 43.349337981906)
2014798647,GP20140347,05/07/2014,05-May,4-Wednesday,19:04,1900 Hours,District 1 (Central),GRINNELL,POWESHIEK,,HARRISON AVE,Collision with:  Vehicle in traffic,On Roadway,Broadside (front to side),FTYROW:  From driveway,None Indicated,,Daylight,Dry,Clear,None apparent,Non-intersection:  Driveway access (within),Paved,,Property Damage Only,0,0,0,0,0,0,2366,2,2,,POINT (-92.728851238455 41.734524627107)
2014797959,,05/07/2014,05-May,4-Wednesday,14:52,1400 Hours,District 4 (Southwest),AUDUBON,AUDUBON,US 71,US 71/LINCOLN ST & BROADWAY ST,Collision with:  Vehicle in traffic,On Roadway,"Angle, oncoming left turn",FTYROW:  Making left turn,None Indicated,,Daylight,Dry,Clear,None apparent,Intersection:  Four-way intersection,Paved,,Possible/Unknown,0,1,0,0,1,0,5500,2,4,,POINT (-94.923664708597 41.546163886549)
2014798402,14-000521,05/07/2014,05-May,4-Wednesday,16:42,1600 Hours,District 1 (Central),JOHNSTON,POLK,,NW 86TH ST,Collision with:  Vehicle in traffic,On Roadway,"Sideswipe, same direction",Improper or erratic lane changing,None Indicated,,Daylight,Dry,Clear,None apparent,Non-intersection:  Non-junction/no special feature,Paved,,Property Damage Only,0,0,0,0,0,0,3000,2,2,,POINT (-93.736448116465 41.657545799657)
2014798207,W14-044622,05/07/2014,05-May,4-Wednesday,18:21,1800 Hours,District 2 (Northeast),WATERLOO,BLACK HAWK,IA 934,IA 934/UNIVERSITY AVE,Non-collision events:  Other non-collision (explain in narrative),On Roadway,Non-collision (single vehicle),Lost Control,None Indicated,,Daylight,Dry,Clear,None apparent,Non-intersection:  Non-junction/no special feature,Paved,,Minor Injury,0,1,0,1,0,0,7500,1,1,,POINT (-92.364900450333 42.496114195151)
2014800086,1403293,05/07/2014,05-May,4-Wednesday,07:48,0700 Hours,District 5 (Southeast),WASHINGTON,WASHINGTON,,W JEFFERSON ST & S MARION AVE,Collision with:  Vehicle in traffic,Outside trafficway,Broadside (front to side),FTYROW:  From parked position,None Indicated,,Daylight,Dry,Cloudy,None apparent,Non-intersection:  Non-junction/no special feature,Paved,,Property Damage Only,0,0,0,0,0,0,1700,2,4,,POINT (-91.693063670767 41.297428540652)
2014799678,2014027611,05/07/2014,05-May,4-Wednesday,06:50,0600 Hours,District 4 (Southwest),COUNCIL BLUFFS,POTTAWATTAMIE,,COLLEGE RD & IOWA WESTERN CC AREA XIII,Collision with:  Vehicle in traffic,On Roadway,"Angle, oncoming left turn",Made improper turn,None Indicated,,Dawn,Dry,Clear,None apparent,Intersection:  T-intersection,Paved,,Property Damage Only,0,0,0,0,0,0,15000,2,4,,POINT (-95.798363992825 41.269148413107)
2014797758,20140012366,05/07/2014,05-May,4-Wednesday,07:40,0700 Hours,District 1 (Central),DES MOINES,POLK,US 69,US 69/SE 14TH ST & E HARTFORD AVE,Collision with:  Vehicle in traffic,On Roadway,Rear-end (front to rear),Other (explain in narrative):  Other,None Indicated,,Daylight,Dry,Clear,None apparent,Intersection:  Four-way intersection,Paved,,Property Damage Only,0,0,0,0,0,0,7000,2,2,,POINT (-93.596917459441 41.569751142162)
2014797874,20140012412,05/07/2014,05-May,4-Wednesday,16:09,1600 Hours,District 1 (Central),DES MOINES,POLK,US 6,US 6/FREDERICK M HUBBELL AVE & E 38TH ST,Collision with:  Vehicle in traffic,On Roadway,"Angle, oncoming left turn",FTYROW:  Making left turn,None Indicated,,Daylight,Dry,Clear,None apparent,Intersection:  Four-way intersection,Paved,,Property Damage Only,0,0,0,0,0,0,2500,2,2,,POINT (-93.541904595262 41.630534271569)
2014797875,20140012414,05/07/2014,05-May,4-Wednesday,16:45,1600 Hours,District 1 (Central),DES MOINES,POLK,,SE 18TH CT,Collision with:  Vehicle in traffic,On Roadway,Broadside (front to side),FTYROW:  From driveway,None Indicated,,Daylight,Dry,Clear,None apparent,Non-intersection:  Driveway access (within),Paved,,Property Damage Only,0,0,0,0,0,0,4000,2,2,,POINT (-93.585571746183 41.555226666018)
2014798193,2014027627,05/07/2014,05-May,4-Wednesday,08:35,0800 Hours,District 1 (Central),DES MOINES,POLK,,DES MOINES ST & PENNSYLVANIA AVE,Collision with:  Vehicle in traffic,Outside trafficway,"Sideswipe, same direction",Swerving/Evasive Action,None Indicated,,Daylight,Dry,Clear,None apparent,Non-intersection:  Other non-intersection (explain in narrative),Paved,,Property Damage Only,0,0,0,0,0,0,2200,2,1,,POINT (-93.608117178947 41.592462820419)
2014798587,14-648,05/07/2014,05-May,4-Wednesday,20:00,2000 Hours,District 3 (Northwest),SPIRIT LAKE,DICKINSON,US 71,US 71,Collision with:  Vehicle in traffic,On Roadway,"Sideswipe, same direction",Improper or erratic lane changing,None Indicated,,Dusk,Dry,Cloudy,None apparent,Non-intersection:  Non-junction/no special feature,Paved,,Property Damage Only,0,0,0,0,0,0,2000,2,2,,POINT (-95.126340379693 43.42162327065)
2014797886,14-017941,05/07/2014,05-May,4-Wednesday,10:25,1000 Hours,District 4 (Southwest),COUNCIL BLUFFS,POTTAWATTAMIE,,METRO DR & MCDERMOTT ST,Collision with:  Vehicle in traffic,On Roadway,Broadside (front to side),Ran Traffic Signal,None Indicated,,Daylight,Dry,Clear,None apparent,Intersection:  Four-way intersection,Paved,,Possible/Unknown,0,1,0,0,1,0,67000,2,3,,POINT (-95.836545982046 41.219677817237)
2014797937,14-14032,05/07/2014,05-May,4-Wednesday,15:49,1500 Hours,District 3 (Northwest),SIOUX CITY,WOODBURY,,GLENN AVE & S PAXTON ST,Collision with:  Vehicle in traffic,On Roadway,"Angle, oncoming left turn",Made improper turn,None Indicated,,Daylight,Dry,Clear,None apparent,Intersection:  Four-way intersection,Paved,,Possible/Unknown,0,1,0,0,1,0,9000,2,4,,POINT (-96.365825606711 42.465309298986)
2014797764,20140012385,05/07/2014,05-May,4-Wednesday,11:32,1100 Hours,District 1 (Central),DES MOINES,POLK,,UNIVERSITY AVE & MLK JR PKWY,Collision with:  Vehicle in traffic,On Roadway,Broadside (front to side),Ran Traffic Signal,None Indicated,,Daylight,Dry,Cloudy,None apparent,Intersection:  Four-way intersection,Paved,,Possible/Unknown,0,3,0,0,3,0,6500,2,5,,POINT (-93.64380772931 41.600447066778)
2014797938,14-14037,05/07/2014,05-May,4-Wednesday,16:03,1600 Hours,District 3 (Northwest),SIOUX CITY,WOODBURY,,SOUTHERN HILLS DR & S LANCELOT LN,Collision with:  Vehicle in traffic,On Roadway,Broadside (front to side),Ran Traffic Signal,None Indicated,,Daylight,Dry,Clear,None apparent,Intersection:  Four-way intersection,Paved,,Property Damage Only,0,0,0,0,0,0,8000,2,2,,POINT (-96.350455465101 42.44074543834)
2014798259,14-002947,05/07/2014,05-May,4-Wednesday,11:17,1100 Hours,District 1 (Central),,HAMILTON,,Co Rd D46/280TH ST & Co Rd R27/TUNNEL MILL RD,Non-collision events:  Overturn/rollover,Roadside,Non-collision (single vehicle),Swerving/Evasive Action,None Indicated,,Daylight,Dry,Clear,"Shoulders (none, low, soft, high)",Non-intersection:  Non-junction/no special feature,Paved,,Possible/Unknown,0,1,0,0,0,1,7500,1,1,,POINT (-93.835468052677 42.385055905471)
2014797846,2014005015,05/07/2014,05-May,4-Wednesday,12:08,1200 Hours,District 6 (East Central),IOWA CITY,JOHNSON,,Co Rd W66/DUBUQUE ST & LINDER RD,Collision with:  Vehicle in traffic,Outside trafficway,Rear-end (front to rear),FTYROW:  Other (explain in narrative),None Indicated,,Daylight,Dry,Clear,None apparent,Non-intersection:  Driveway access (within),Paved,,Property Damage Only,0,0,0,0,0,0,2000,2,2,,POINT (-91.544208834458 41.689513697198)
2014798686,14-044483,05/07/2014,05-May,4-Wednesday,11:48,1100 Hours,District 2 (Northeast),EVANSDALE,BLACK HAWK,,LAFAYETTE AVE & N EVANS RD,Collision with fixed object:  Curb/island/raised median,,,Unknown,None Indicated,,,,,,,Paved,,Property Damage Only,0,0,0,0,0,0,1500,1,1,,POINT (-92.288189619897 42.477291509272)
2014798675,,05/07/2014,05-May,4-Wednesday,16:00,1600 Hours,District 1 (Central),COLFAX,JASPER,,E DIVISION ST,Collision with:  Vehicle in traffic,On Roadway,Broadside (front to side),FTYROW:  From driveway,None Indicated,,Daylight,Dry,Clear,None apparent,Non-intersection:  Driveway access (within),Paved,,Property Damage Only,0,0,0,0,0,0,3100,2,2,,POINT (-93.239754338664 41.676957849684)
2014798682,14044625,05/07/2014,05-May,4-Wednesday,18:28,1800 Hours,District 2 (Northeast),CEDAR FALLS,BLACK HAWK,,UNIVERSITY AVE,Collision with:  Vehicle in traffic,On Roadway,"Angle, oncoming left turn",Ran Traffic Signal,None Indicated,,Daylight,Dry,Clear,None apparent,Intersection:  Four-way intersection,Paved,,Property Damage Only,0,0,0,0,0,0,11500,2,2,,POINT (-92.40645438363 42.505693999482)
2014797935,14-14028,05/07/2014,05-May,4-Wednesday,15:15,1500 Hours,District 3 (Northwest),SIOUX CITY,WOODBURY,IA 376,IA 376/LEWIS BLVD & 5TH ST,Collision with:  Vehicle in traffic,On Roadway,"Angle, oncoming left turn",FTYROW:  Making left turn,None Indicated,,Daylight,Dry,Clear,None apparent,Intersection:  T-intersection,Paved,,Property Damage Only,0,0,0,0,0,0,5500,2,2,,POINT (-96.378320186502 42.495430586878)
2014798196,2014027786,05/07/2014,05-May,4-Wednesday,19:03,1900 Hours,District 2 (Northeast),,WINNESHIEK,IA 9,IA 9/IOWA 9,Collision with:  Animal,On Roadway,Non-collision (single vehicle),Animal,None Indicated,,Daylight,Dry,Clear,None apparent,Non-intersection:  Non-junction/no special feature,Paved,,Property Damage Only,0,0,0,0,0,0,3000,1,1,,POINT (-91.621604207035 43.240646090912)
2014797817,W14-044661,05/07/2014,05-May,4-Wednesday,19:44,1900 Hours,District 2 (Northeast),WATERLOO,BLACK HAWK,,HAMMOND AVE & FRONTAGE RD,Collision with:  Vehicle in traffic,On Roadway,Broadside (front to side),FTYROW:  From stop sign,None Indicated,,Daylight,Dry,Clear,None apparent,Intersection:  Four-way intersection,Paved,,Property Damage Only,0,0,0,0,0,0,6000,2,3,,POINT (-92.336899945927 42.457914846646)
2014797842,PD1403771,05/07/2014,05-May,4-Wednesday,15:44,1500 Hours,District 5 (Southeast),FAIRFIELD,JEFFERSON,IA 1,IA 1/W BURLINGTON AVE/S MAIN ST & E BURLINGTON AVE & N MAIN ST,Collision with:  Vehicle in traffic,On Roadway,"Sideswipe, same direction",FTYROW:  From parked position,None Indicated,,Daylight,Dry,Clear,None apparent,Intersection:  Four-way intersection,Paved,,Property Damage Only,0,0,0,0,0,0,1900,2,3,,POINT (-91.963775422211 41.006637927238)
2014797876,20140012424,05/07/2014,05-May,4-Wednesday,17:40,1700 Hours,District 1 (Central),DES MOINES,POLK,,MCKINLEY AVE & SW 12TH ST,Collision with fixed object:  Utility pole/light support,Shoulder,Non-collision (single vehicle),Made improper turn,None Indicated,,Daylight,Dry,Clear,None apparent,Intersection:  T-intersection,Paved,,Property Damage Only,0,0,0,0,0,0,7000,1,2,,POINT (-93.630581315368 41.540982275659)
2014799143,,05/07/2014,05-May,4-Wednesday,18:16,1800 Hours,District 3 (Northwest),CHEROKEE,CHEROKEE,,N AVE,Collision with:  Vehicle in traffic,On Roadway,"Sideswipe, opposite direction",Crossed centerline (undivided),None Indicated,,Daylight,"Mud, dirt",Clear,Ruts/holes/bumps,Non-intersection:  Non-junction/no special feature,Unpaved,,Property Damage Only,0,0,0,0,0,0,3000,2,2,,POINT (-95.603728525347 42.743254331778)
2014798194,2014027771,05/07/2014,05-May,4-Wednesday,17:00,1700 Hours,District 1 (Central),,WEBSTER,,Co Rd D36/OLD US 20,Non-collision events:  Overturn/rollover,Shoulder,Non-collision (single vehicle),Ran off road - right,None Indicated,,Daylight,Dry,Clear,None apparent,Non-intersection:  Non-junction/no special feature,Paved,,Possible/Unknown,0,1,0,0,1,0,7000,1,1,,POINT (-94.354083675948 42.416324435322)
2014797910,2014-29180,05/07/2014,05-May,4-Wednesday,10:52,1000 Hours,District 6 (East Central),DAVENPORT,SCOTT,,W CENTRAL PARK AVE & MARQUETTE ST,Collision with:  Vehicle in traffic,On Roadway,"Angle, oncoming left turn",Made improper turn,None Indicated,,Daylight,Wet,Rain,None apparent,Intersection:  Four-way intersection,Paved,,Property Damage Only,0,0,0,0,0,0,5000,2,2,,POINT (-90.591205626381 41.545532031638)
2014797869,20140012369,05/07/2014,05-May,4-Wednesday,07:35,0700 Hours,District 1 (Central),DES MOINES,POLK,I-235,I-235 & KEOSAUQUA WAY,Collision with:  Vehicle in traffic,On Roadway,Rear-end (front to rear),Other (explain in narrative):  Other,None Indicated,,Daylight,Dry,Clear,None apparent,Non-intersection:  Non-junction/no special feature,Paved,,Property Damage Only,0,0,0,0,0,0,7000,2,2,,POINT (-93.636826277212 41.597036181567)
2014798751,01-14-19119,05/07/2014,05-May,4-Wednesday,12:40,1200 Hours,District 6 (East Central),DUBUQUE,DUBUQUE,US 20,US 20/RAMP & GRANDVIEW AVE N,Collision with:  Vehicle in traffic,On Roadway,"Angle, oncoming left turn",Other (explain in narrative):  Other,None Indicated,,Daylight,Dry,Cloudy,None apparent,Intersection:  Four-way intersection,Paved,,Property Damage Only,0,0,0,0,0,0,7400,2,2,,POINT (-90.68650300577 42.491979601273)
2014802842,,05/07/2014,05-May,4-Wednesday,09:22,0900 Hours,District 6 (East Central),MAQUOKETA,JACKSON,,ANDERSON ST,Collision with:  Parked motor vehicle,On Roadway,Rear-end (front to rear),Other (explain in narrative):  No improper action,None Indicated,,Daylight,,Clear,,,Paved,,Property Damage Only,0,0,0,0,0,0,2100,2,1,,POINT (-90.654694321709 42.069425149679)
2014799030,14-013247,05/07/2014,05-May,4-Wednesday,22:11,2200 Hours,District 5 (Southeast),MONTROSE,LEE,US 61,US 61,Collision with:  Animal,,,Animal,None Indicated,,,,,,,Paved,,Property Damage Only,0,0,0,0,0,0,6000,1,1,,POINT (-91.44462644398 40.469527120272)
2014797883,14-2087,05/07/2014,05-May,4-Wednesday,14:45,1400 Hours,District 1 (Central),WEST DES MOINES,POLK,,35TH ST,Collision with:  Vehicle in traffic,On Roadway,Rear-end (front to rear),Other (explain in narrative):  Other,None Indicated,,Daylight,Dry,Clear,None apparent,Non-intersection:  Non-junction/no special feature,Paved,,Property Damage Only,0,0,0,0,0,0,5700,4,7,,POINT (-93.751896941264 41.571030873998)
2014810098,14-11182,05/07/2014,05-May,4-Wednesday,23:48,2300 Hours,District 1 (Central),NEWTON,JASPER,,E 21ST ST S,Collision with fixed object:  Tree,On Roadway,Non-collision (single vehicle),"Operating vehicle in an reckless, erratic, careless, negligent manner",Refused,,Dark - roadway lighted,Dry,Cloudy,None apparent,Non-intersection:  Non-junction/no special feature,Paved,,Possible/Unknown,0,1,0,0,1,0,10200,1,1,,POINT (-93.025766450332 41.697281985553)
2014797877,20140012444,05/07/2014,05-May,4-Wednesday,21:05,2100 Hours,District 1 (Central),DES MOINES,POLK,,11TH ST,Collision with:  Vehicle in traffic,On Roadway,"Sideswipe, opposite direction",Driving too fast for conditions,None Indicated,,Dark - roadway lighted,Dry,Cloudy,None apparent,Non-intersection:  Non-junction/no special feature,Paved,,Property Damage Only,0,0,0,0,0,0,6000,2,777,,POINT (-93.631816751086 41.606278215871)
2014801184,20141548,05/07/2014,05-May,4-Wednesday,00:21,0000 Hours,District 1 (Central),,GRUNDY,US 20,US 20 & IA 14/N AVE,Collision with fixed object:  Bridge overhead structure,On Roadway,Non-collision (single vehicle),Crossed centerline (undivided),None Indicated,,Dark - roadway not lighted,Dry,Clear,None apparent,Non-intersection:  Other non-intersection (explain in narrative),Paved,,Possible/Unknown,0,3,0,0,3,0,3000,1,3,,POINT (-92.768727764779 42.462832730925)
2014798070,01-14-19126,05/07/2014,05-May,4-Wednesday,13:42,1300 Hours,District 6 (East Central),DUBUQUE,DUBUQUE,,WACKER DR,Collision with:  Vehicle in traffic,On Roadway,"Sideswipe, same direction",Followed too close,None Indicated,,Daylight,Dry,Cloudy,None apparent,Intersection:  Four-way intersection,Paved,,Property Damage Only,0,0,0,0,0,0,2000,2,2,,POINT (-90.72047596352 42.491985299355)
2014798440,14-8502,05/07/2014,05-May,4-Wednesday,10:26,1000 Hours,District 6 (East Central),BETTENDORF,SCOTT,,MAPLECREST RD & 18TH ST,Collision with:  Vehicle in traffic,On Roadway,"Angle, oncoming left turn",FTYROW:  Making left turn,None Indicated,,Daylight,Wet,Rain,None apparent,Intersection:  Four-way intersection,Paved,,Property Damage Only,0,0,0,0,0,0,11500,2,3,,POINT (-90.499242326809 41.555789308429)
2014797934,14-13984,05/07/2014,05-May,4-Wednesday,08:51,0800 Hours,District 3 (Northwest),SIOUX CITY,WOODBURY,,W 25TH ST & HAMILTON BLVD,Collision with:  Vehicle in traffic,On Roadway,Broadside (front to side),FTYROW:  From stop sign,None Indicated,,Daylight,Dry,Clear,None apparent,Intersection:  Four-way intersection,Paved,,Property Damage Only,0,0,0,0,0,0,43000,2,2,,POINT (-96.417052950879 42.516242863379)
2014803103,,05/07/2014,05-May,4-Wednesday,18:43,1800 Hours,District 2 (Northeast),HAMPTON,FRANKLIN,,7TH AVE NE,Collision with:  Vehicle in traffic,On Roadway,"Sideswipe, opposite direction",Other (explain in narrative):  Other,Drug,,Daylight,Dry,Clear,None apparent,Non-intersection:  Non-junction/no special feature,Paved,,Property Damage Only,0,0,0,0,0,0,9800,2,2,,POINT (-93.200757363008 42.748443240483)
2014797880,20140012405,05/07/2014,05-May,4-Wednesday,15:05,1500 Hours,District 1 (Central),DES MOINES,POLK,I-235,I-235,Collision with:  Vehicle in traffic,On Roadway,"Sideswipe, same direction",Improper or erratic lane changing,Alcohol (Statutory),,Daylight,Dry,Cloudy,None apparent,Non-intersection:  Non-junction/no special feature,Paved,,Property Damage Only,0,0,0,0,0,0,2500,2,2,,POINT (-93.661696963224 41.593148718217)
2014798073,01-14-19172,05/07/2014,05-May,4-Wednesday,17:47,1700 Hours,District 6 (East Central),DUBUQUE,DUBUQUE,,ARLINGTON ST & DELL ST,Collision with:  Vehicle in traffic,On Roadway,"Angle, oncoming left turn",FTYROW:  Making left turn,None Indicated,,Daylight,Dry,Clear,None apparent,Intersection:  Four-way intersection,Paved,,Property Damage Only,0,0,0,0,0,0,2000,2,2,,POINT (-90.67335557492 42.503951413434)
2014804206,02-14-7099,05/07/2014,05-May,4-Wednesday,06:05,0600 Hours,District 6 (East Central),,DUBUQUE,,THEN RD,Collision with fixed object:  Ditch,On Roadway,Non-collision (single vehicle),Ran off road - left,Alcohol (Statutory),,Unknown,"Mud, dirt",Cloudy,None apparent,Non-intersection:  Non-junction/no special feature,Unpaved,,Fatal,1,0,0,0,0,0,5000,1,1,,POINT (-90.917690476954 42.385738519967)
2014797860,14680650,05/07/2014,05-May,4-Wednesday,17:10,1700 Hours,District 5 (Southeast),,WAPELLO,,Co Rd T61/MONROE WAPELLO RD,Non-collision events:  Overturn/rollover,Roadside,Non-collision (single vehicle),Ran off road - right,None Indicated,,Daylight,Dry,Clear,None apparent,Non-intersection:  Non-junction/no special feature,Paved,,Minor Injury,0,1,0,1,0,0,3000,1,1,,POINT (-92.639737877023 41.060286658875)
2014798195,2014027780,05/07/2014,05-May,4-Wednesday,17:12,1700 Hours,District 1 (Central),WEBSTER CITY,HAMILTON,,Co Rd R27/FISHER AVE,Collision with fixed object:  Ditch,Roadside,Non-collision (single vehicle),Swerving/Evasive Action,None Indicated,,Daylight,Dry,Clear,None apparent,Non-intersection:  Non-junction/no special feature,Paved,,Property Damage Only,0,0,0,0,0,0,3000,1,1,,POINT (-93.85330621739 42.500091704397)
2014798314,14052031,05/07/2014,05-May,4-Wednesday,11:36,1100 Hours,District 4 (Southwest),CLARINDA,PAGE,US 71,US 71 & IA 2/IOWA 2 & S 16TH ST,Collision with:  Vehicle in traffic,On Roadway,Rear-end (front to rear),Swerving/Evasive Action,Under Influence of Alcohol/Drugs/Medications,,Daylight,Dry,Clear,None apparent,Intersection:  Four-way intersection,Paved,,Major Injury,0,2,1,0,1,0,800,2,2,,POINT (-95.037852478519 40.725905601113)
2014797765,20140012376,05/07/2014,05-May,4-Wednesday,09:16,0900 Hours,District 1 (Central),DES MOINES,POLK,,FLEUR DR,Collision with:  Vehicle in traffic,On Roadway,"Sideswipe, same direction",FTYROW:  Other (explain in narrative),None Indicated,,Daylight,Dry,Clear,None apparent,Non-intersection:  Non-junction/no special feature,Paved,,Possible/Unknown,0,1,0,0,1,0,5500,2,2,,POINT (-93.644987858675 41.549017962336)
2014798206,W14-044509,05/07/2014,05-May,4-Wednesday,13:18,1300 Hours,District 2 (Northeast),WATERLOO,BLACK HAWK,,W 4TH ST,Collision with:  Vehicle in traffic,On Roadway,"Sideswipe, same direction",Other (explain in narrative):  Other,None Indicated,,Daylight,Dry,Cloudy,None apparent,Non-intersection:  Other non-intersection (explain in narrative),Paved,,Property Damage Only,0,0,0,0,0,0,4000,2,3,,POINT (-92.344972075826 42.490922735969)
2014797747,14009087,05/07/2014,05-May,4-Wednesday,07:24,0700 Hours,District 6 (East Central),MARION,LINN,,3RD AVE,Collision with:  Vehicle in traffic,On Roadway,Rear-end (front to rear),FTYROW:  From driveway,None Indicated,,Daylight,Dry,Clear,None apparent,Non-intersection:  Driveway access (within),Paved,,Property Damage Only,0,0,0,0,0,0,2200,2,3,,POINT (-91.609080570158 42.02983879636)