Iowa DOT Case Number,Law Enforcement Case Number,Date of Crash,Month of Crash,Day of Week,Time of Crash,Hour,DOT District,City Name,County Name,Route with System,Location Description,First Harmful Event,Location of First Harmful Event,Manner of Crash/Collision,Major Cause,Drug or Alcohol ,Environmental Conditions,Light Conditions,Surface Conditions,Weather Conditions,Roadway Contribution,Roadway Type,Roadway Surface,Work Zone,Crash Severity,Number of Fatalities,Number of Injuries,Number of Major Injuries,Number of Minor Injuries,Number of Possible Injuries,Number of Unknown Injuries,Amount of Property Damage,Number of Vehicles Involved,Total Number of Occupants,Travel Direction,Location
2014798873,14002606,05/07/2014,05-May,4-Wednesday,19:53,1900 Hours,District 2 (Northeast),,CERRO GORDO,,330TH ST & FIR AVE,Collision with fixed object:  Ditch,On Roadway,Non-collision (single vehicle),"Operating vehicle in an reckless, erratic, careless, negligent manner",None Indicated,,Daylight,"Mud, dirt",Clear,None apparent,Non-intersection:  Non-junction/no special feature,Unpaved,,Property Damage Only,0,0,0,0,0,0,6500,1,1,,POINT (-93.388458430841 43.242150388623)
2014797818,201402009,05/07/2014,05-May,4-Wednesday,21:35,2100 Hours,District 1 (Central),BOONE,BOONE,IA 17,IA 17/T AVE,Collision with:  Animal,Roadside,Non-collision (single vehicle),Animal,None Indicated,,Dark - roadway not lighted,Dry,Clear,None apparent,Non-intersection:  Non-junction/no special feature,Paved,,Property Damage Only,0,0,0,0,0,0,2000,1,1,,POINT (-93.795871943913 42.085628928649)
2014799028,14-013199,05/07/2014,05-May,4-Wednesday,14:16,1400 Hours,District 5 (Southeast),DONNELLSON,LEE,US 218,US 218,Collision with:  Animal,,,Animal,None Indicated,,,,,,,Paved,,Property Damage Only,0,0,0,0,0,0,1500,1,1,,POINT (-91.564066383857 40.676871352349)
2014798462,14-002258,05/07/2014,05-May,4-Wednesday,21:38,2100 Hours,District 1 (Central),AMES,STORY,,BISSELL RD & UNION DR,Collision with:  Other non-fixed object (explain in narrative),On Roadway,Non-collision (single vehicle),Other (explain in narrative):  No improper action,None Indicated,,Dark - roadway lighted,Dry,Clear,None apparent,Intersection:  T-intersection,Paved,,Possible/Unknown,0,1,0,0,1,0,50,1,1,,POINT (-93.651942923839 42.025409635735)
2014797811,14044453,05/07/2014,05-May,4-Wednesday,09:57,0900 Hours,District 2 (Northeast),CEDAR FALLS,BLACK HAWK,IA 27,IA 27,Collision with:  Vehicle in traffic,On Roadway,Rear-end (front to rear),Followed too close,None Indicated,,Daylight,Dry,Clear,None apparent,Non-intersection:  Non-junction/no special feature,Paved,,Property Damage Only,0,0,0,0,0,0,2200,2,2,,POINT (-92.445668230831 42.483961138053)
2014799029,14-013241,05/07/2014,05-May,4-Wednesday,21:11,2100 Hours,District 5 (Southeast),FORT MADISON,LEE,IA 2,IA 2/IOWA 2,Collision with:  Animal,,,Animal,None Indicated,,,,,,,Paved,,Property Damage Only,0,0,0,0,0,0,1500,1,1,,POINT (-91.407982900285 40.629837045841)
2014797882,14-2086,05/07/2014,05-May,4-Wednesday,13:03,1300 Hours,District 1 (Central),WEST DES MOINES,POLK,I-235,I-235,Collision with:  Vehicle in traffic,On Roadway,"Sideswipe, same direction",Other (explain in narrative):  Other,None Indicated,,Daylight,Dry,Clear,None apparent,Non-intersection:  Non-junction/no special feature,Paved,,Property Damage Only,0,0,0,0,0,0,1550,2,5,,POINT (-93.728230664463 41.593332001095)
2014798064,14-003388,05/07/2014,05-May,4-Wednesday,20:49,2000 Hours,District 2 (Northeast),ELKPORT,CLAYTON,,Co Rd X3C/GRANDVIEW RD,Collision with:  Animal,,,Animal,None Indicated,,,,,,,Paved,,Property Damage Only,0,0,0,0,0,0,7000,1,1,,POINT (-91.330477282324 42.770020500141)
2014798268,2014005022,05/07/2014,05-May,4-Wednesday,15:13,1500 Hours,District 6 (East Central),IOWA CITY,JOHNSON,,Co Rd W64/OAK CREST HILL RD SE,Collision with:  Vehicle in traffic,On Roadway,Rear-end (front to rear),Unknown,None Indicated,,Daylight,Dry,Clear,None apparent,Non-intersection:  Non-junction/no special feature,Paved,,Major Injury,0,1,1,0,0,0,5500,2,3,,POINT (-91.545188202081 41.617741357009)
2014801975,2014-09417,05/07/2014,05-May,4-Wednesday,05:31,0500 Hours,District 5 (Southeast),,WARREN,,20TH AVE & 23RD AVE & TRIPOLI ST,Collision with fixed object:  Ditch,On Roadway,Non-collision (single vehicle),Ran off road - straight,None Indicated,,Dawn,"Mud, dirt",Cloudy,None apparent,Non-intersection:  Non-junction/no special feature,Paved,,Possible/Unknown,0,1,0,0,1,0,3500,1,1,,POINT (-93.770391122318 41.213309908113)
2014797832,14-15261,05/07/2014,05-May,4-Wednesday,17:04,1700 Hours,District 5 (Southeast),BURLINGTON,DES MOINES,,W BURLINGTON AVE & FLINT RIDGE DR,Collision with:  Vehicle in traffic,On Roadway,Rear-end (front to rear),Other (explain in narrative):  Vision obstructed,None Indicated,,Daylight,Dry,Clear,None apparent,Non-intersection:  Non-junction/no special feature,Paved,,Possible/Unknown,0,2,0,0,2,0,5000,2,3,,POINT (-91.151798499766 40.809602807662)
2014797859,14-005694,05/07/2014,05-May,4-Wednesday,00:50,0000 Hours,District 4 (Southwest),,MILLS,US 34,US 34,Collision with:  Animal,On Roadway,Non-collision (single vehicle),Animal,None Indicated,,Dark - roadway not lighted,Dry,Cloudy,None apparent,Non-intersection:  Non-junction/no special feature,Paved,,Possible/Unknown,0,1,0,0,1,0,11000,2,2,,POINT (-95.795016596697 41.04702942397)
2014797911,2014-29217,05/07/2014,05-May,4-Wednesday,13:58,1300 Hours,District 6 (East Central),DAVENPORT,SCOTT,,IA 461/HARRISON ST,Collision with:  Vehicle in traffic,On Roadway,Rear-end (front to rear),Lost Control,None Indicated,,Daylight,Dry,Cloudy,None apparent,Non-intersection:  Non-junction/no special feature,Paved,,Possible/Unknown,0,1,0,0,1,0,6500,2,3,,POINT (-90.577260360607 41.538862367645)
2014798093,201401469,05/07/2014,05-May,4-Wednesday,22:58,2200 Hours,District 6 (East Central),MOUNT VERNON,LINN,,8TH ST NW & 5TH AVE SW,Collision with:  Parked motor vehicle,Outside trafficway,"Sideswipe, opposite direction",Other (explain in narrative):  Other,None Indicated,,Dark - roadway not lighted,Dry,Clear,None apparent,Non-intersection:  Non-junction/no special feature,Paved,,Property Damage Only,0,0,0,0,0,0,3000,2,1,,POINT (-91.418927343943 41.928973297384)
2014797756,20140012367,05/07/2014,05-May,4-Wednesday,07:43,0700 Hours,District 1 (Central),DES MOINES,POLK,,MLK JR PKWY,Collision with:  Vehicle in traffic,On Roadway,"Sideswipe, same direction",FTYROW:  Other (explain in narrative),None Indicated,,Daylight,Dry,Clear,None apparent,Intersection:  Four-way intersection,Paved,,Property Damage Only,0,0,0,0,0,0,3000,3,3,,POINT (-93.637995791163 41.581762415113)
2014799014,4514-022,05/07/2014,05-May,4-Wednesday,03:32,0300 Hours,District 2 (Northeast),,HOWARD,US 63,US 63,Collision with:  Animal,On Roadway,Head-on (front to front),Animal,None Indicated,,Dark - roadway not lighted,Dry,Clear,None apparent,Non-intersection:  Non-junction/no special feature,Paved,,Property Damage Only,0,0,0,0,0,0,20000,3,3,,POINT (-92.298806114314 43.302576695893)
2014798959,2014027602,05/07/2014,05-May,4-Wednesday,06:00,0600 Hours,District 5 (Southeast),,MAHASKA,IA 163,IA 163/IOWA 163,Collision with:  Animal,,,Animal,None Indicated,,,,,,,Paved,,Property Damage Only,0,0,0,0,0,0,8000,1,1,,POINT (-92.755807271501 41.349897980657)
2014797677,050714-13,05/07/2014,05-May,4-Wednesday,00:12,0000 Hours,District 3 (Northwest),,BUENA VISTA,,60TH AVE,Non-collision events:  Overturn/rollover,On Roadway,Non-collision (single vehicle),Swerving/Evasive Action,None Indicated,,Dark - roadway not lighted,"Mud, dirt",Clear,None apparent,Non-intersection:  Non-junction/no special feature,Unpaved,,Property Damage Only,0,0,0,0,0,0,4500,1,1,,POINT (-95.289415193305 42.685659354297)
2014797831,14-15185,05/07/2014,05-May,4-Wednesday,07:54,0700 Hours,District 5 (Southeast),BURLINGTON,DES MOINES,US 61,US 61 & WEST AVE,Collision with:  Vehicle in traffic,On Roadway,Rear-end (front to rear),Other (explain in narrative):  Other,None Indicated,,Daylight,Dry,Cloudy,None apparent,Non-intersection:  Non-junction/no special feature,Paved,,Possible/Unknown,0,1,0,0,1,0,1500,3,4,,POINT (-91.14162166553 40.800431445078)
2014798122,20140012387,05/07/2014,05-May,4-Wednesday,11:50,1100 Hours,District 1 (Central),DES MOINES,POLK,US 6,US 6/DOUGLAS AVE & 36TH ST,Collision with:  Other non-fixed object (explain in narrative),Shoulder,Non-collision (single vehicle),Lost Control,None Indicated,,Daylight,Dry,Cloudy,None apparent,Non-intersection:  Non-junction/no special feature,Paved,,Property Damage Only,0,0,0,0,0,0,6000,1,1,,POINT (-93.666546803186 41.629527829557)
2014798449,2014-29129,05/07/2014,05-May,4-Wednesday,06:32,0600 Hours,District 6 (East Central),DAVENPORT,SCOTT,,IA 461/BRADY ST & W 55TH ST,Collision with:  Vehicle in traffic,On Roadway,"Sideswipe, same direction",Improper or erratic lane changing,None Indicated,,Dawn,Dry,Cloudy,None apparent,Non-intersection:  Non-junction/no special feature,Paved,,Property Damage Only,0,0,0,0,0,0,4000,2,2,,POINT (-90.57066658716 41.576324814402)
2014797847,2014005016,05/07/2014,05-May,4-Wednesday,13:05,1300 Hours,District 6 (East Central),IOWA CITY,JOHNSON,,JOHNSON ST,Collision with:  Vehicle in traffic,On Roadway,Broadside (front to side),FTYROW:  From stop sign,None Indicated,,Daylight,Dry,Cloudy,None apparent,Intersection:  Four-way intersection,Paved,,Minor Injury,0,1,0,1,0,0,5000,2,2,,POINT (-91.527177071094 41.661285412609)
2014797873,20140012411,05/07/2014,05-May,4-Wednesday,16:19,1600 Hours,District 1 (Central),DES MOINES,POLK,US 69,US 69/SE 14TH ST,Collision with:  Vehicle in traffic,On Roadway,Rear-end (front to rear),Followed too close,None Indicated,,Daylight,Dry,Clear,None apparent,Non-intersection:  Non-junction/no special feature,Paved,,Property Damage Only,0,0,0,0,0,0,3700,2,3,,POINT (-93.596816758118 41.52751634956)
2014798028,14-021,05/07/2014,05-May,4-Wednesday,14:15,1400 Hours,District 3 (Northwest),,CALHOUN,US 20,US 20/US20 & TRAER AVE,Collision with fixed object:  Ditch,Shoulder,Non-collision (single vehicle),Ran off road - right,None Indicated,,Daylight,Dry,Cloudy,None apparent,Intersection:  Four-way intersection,Paved,,Possible/Unknown,0,1,0,0,1,0,10500,1,1,,POINT (-94.53372501728 42.449489712384)
2014797887,14-017965,05/07/2014,05-May,4-Wednesday,12:33,1200 Hours,District 4 (Southwest),COUNCIL BLUFFS,POTTAWATTAMIE,,2ND AVE & S 16TH ST,Collision with:  Vehicle in traffic,On Roadway,Rear-end (front to rear),Driver Distraction:  Reaching for object(s)/fallen object(s),None Indicated,,Daylight,Dry,Clear,None apparent,Non-intersection:  Non-junction/no special feature,Paved,,Possible/Unknown,0,1,0,0,1,0,2900,2,4,,POINT (-95.867543950824 41.259699314566)
2014807766,,05/07/2014,05-May,4-Wednesday,16:50,1600 Hours,District 2 (Northeast),,FRANKLIN,,Co Rd S56/WREN AVE & 30TH ST,Collision with:  Vehicle in traffic,On Roadway,Broadside (front to side),FTYROW:  From stop sign,None Indicated,,Daylight,Dry,Clear,None apparent,Intersection:  Four-way intersection,Paved,,Minor Injury,0,2,0,1,1,0,10000,2,2,,POINT (-93.05637680406 42.571266507338)
2014797816,W14-044610,05/07/2014,05-May,4-Wednesday,17:15,1700 Hours,District 2 (Northeast),WATERLOO,BLACK HAWK,,SCHUKEI RD & FRONTAGE RD,Collision with:  Vehicle in traffic,On Roadway,"Sideswipe, opposite direction",Exceeded authorized speed,None Indicated,,Daylight,Dry,Clear,None apparent,Intersection:  T-intersection,Paved,,Property Damage Only,0,0,0,0,0,0,10500,2,5,,POINT (-92.330193220741 42.461838440905)
2014797872,20140012409,05/07/2014,05-May,4-Wednesday,15:55,1500 Hours,District 1 (Central),DES MOINES,POLK,,42ND ST,Collision with:  Vehicle in traffic,On Roadway,Rear-end (front to rear),Lost Control,None Indicated,,Daylight,Dry,Clear,None apparent,Non-intersection:  Non-junction/no special feature,Paved,,Property Damage Only,0,0,0,0,0,0,2500,2,2,,POINT (-93.674399813551 41.599722238963)
2014798072,01-14-19141,05/07/2014,05-May,4-Wednesday,15:36,1500 Hours,District 6 (East Central),DUBUQUE,DUBUQUE,US 52,US 52/CENTRAL AVE & W 32ND ST & E 32ND ST,Collision with:  Vehicle in traffic,On Roadway,Rear-end (front to rear),Lost Control,None Indicated,,Daylight,Dry,Cloudy,None apparent,Non-intersection:  Non-junction/no special feature,Paved,,Property Damage Only,0,0,0,0,0,0,2500,2,2,,POINT (-90.682830306456 42.527493970575)
2014798858,,05/07/2014,05-May,4-Wednesday,10:25,1000 Hours,District 2 (Northeast),GUTTENBERG,CLAYTON,,HAYDEN ST,Collision with:  Vehicle in traffic,On Roadway,"Sideswipe, same direction",Unknown,None Indicated,,Daylight,Dry,Clear,None apparent,Non-intersection:  Non-junction/no special feature,Paved,,Property Damage Only,0,0,0,0,0,0,6712,2,3,,POINT (-91.102037496297 42.791531388674)
2014850050,14-002984,05/07/2014,05-May,4-Wednesday,03:00,0300 Hours,District 3 (Northwest),,PALO ALTO,,Co Rd B53/420 ST,Non-collision events:  Overturn/rollover,Roadside,Non-collision (single vehicle),Ran off road - right,None Indicated,,Dark - roadway not lighted,Dry,Cloudy,None apparent,Non-intersection:  Non-junction/no special feature,Paved,,Property Damage Only,0,0,0,0,0,0,6000,1,2,,POINT (-94.682360537773 43.03857634772)
2014798522,2014027635,05/07/2014,05-May,4-Wednesday,10:00,1000 Hours,District 6 (East Central),,JACKSON,US 61,US 61,Collision with:  Vehicle in traffic,On Roadway,Rear-end (front to rear),Swerving/Evasive Action,None Indicated,,Daylight,Dry,Cloudy,None apparent,Non-intersection:  Non-junction/no special feature,Paved,,Property Damage Only,0,0,0,0,0,0,8000,2,2,,POINT (-90.683821780291 42.09605270946)
2014798071,01-14-19138,05/07/2014,05-May,4-Wednesday,15:29,1500 Hours,District 6 (East Central),DUBUQUE,DUBUQUE,,E 7TH ST & WHITE ST,Collision with:  Vehicle in traffic,On Roadway,"Angle, oncoming left turn",FTYROW:  Making left turn,None Indicated,,Daylight,Dry,Clear,None apparent,Intersection:  Other intersection (explain in narrative),Paved,,Property Damage Only,0,0,0,0,0,0,3000,2,2,,POINT (-90.663695456194 42.500927151776)
2014797940,14-14049,05/07/2014,05-May,4-Wednesday,17:35,1700 Hours,District 3 (Northwest),SIOUX CITY,WOODBURY,,17TH ST & JACKSON ST,Collision with:  Vehicle in traffic,On Roadway,"Angle, oncoming left turn",Made improper turn,None Indicated,,Daylight,Dry,Clear,None apparent,Intersection:  Four-way intersection,Paved,,Property Damage Only,0,0,0,0,0,0,6500,2,4,,POINT (-96.402152034803 42.508123464513)
2014797936,14-14030,05/07/2014,05-May,4-Wednesday,15:39,1500 Hours,District 3 (Northwest),SIOUX CITY,WOODBURY,,1ST ST & S FAIRMOUNT ST,Collision with:  Vehicle in traffic,On Roadway,Broadside (front to side),Other (explain in narrative):  Other,None Indicated,,Daylight,Dry,Clear,None apparent,Intersection:  Four-way intersection,Paved,,Possible/Unknown,0,1,0,0,1,0,11000,3,5,,POINT (-96.374472101325 42.491077846747)
2014798589,C14001392,05/07/2014,05-May,4-Wednesday,17:00,1700 Hours,District 6 (East Central),CORALVILLE,JOHNSON,,FOREVERGREEN RD & CORAL RIDGE AVE & HWY 965,Collision with:  Vehicle in traffic,On Roadway,Rear-end (front to rear),Followed too close,None Indicated,,Daylight,Dry,Clear,None apparent,Non-intersection:  Non-junction/no special feature,Paved,,Property Damage Only,0,0,0,0,0,0,3000,3,3,,POINT (-91.607819344617 41.723050799214)
2014799651,2014-29219,05/07/2014,05-May,4-Wednesday,14:03,1400 Hours,District 6 (East Central),DAVENPORT,SCOTT,,W LOCUST ST & EMERALD DR,Collision with:  Vehicle in traffic,On Roadway,Rear-end (front to rear),Unknown,None Indicated,,Daylight,Dry,Cloudy,None apparent,Intersection:  Four-way intersection,Paved,,Minor Injury,0,1,0,1,0,0,1500,2,2,,POINT (-90.637617435878 41.53817344611)
2014797759,20140012354,05/07/2014,05-May,4-Wednesday,01:15,0100 Hours,District 1 (Central),DES MOINES,POLK,,E HARTFORD AVE,Non-collision events:  Overturn/rollover,Shoulder,Non-collision (single vehicle),Ran off road - right,Alcohol (Statutory),,Dark - roadway not lighted,"Mud, dirt",Clear,None apparent,Non-intersection:  Non-junction/no special feature,Unpaved,,Property Damage Only,0,0,0,0,0,0,5000,1,1,,POINT (-93.563961457227 41.557802689923)
2014797766,20140012390,05/07/2014,05-May,4-Wednesday,12:34,1200 Hours,District 1 (Central),DES MOINES,POLK,,ARMY POST RD,Collision with:  Vehicle in traffic,On Roadway,"Angle, oncoming left turn",Unknown,None Indicated,,Daylight,Dry,Cloudy,None apparent,Intersection:  Four-way intersection,Paved,,Minor Injury,0,1,0,1,0,0,3500,2,3,,POINT (-93.635930839344 41.526550090073)
2014797830,2014-1951,05/07/2014,05-May,4-Wednesday,07:20,0700 Hours,District 4 (Southwest),WAUKEE,DALLAS,,NORTHVIEW DR & ASHWORTH DR & WARRIOR LN,Collision with:  Vehicle in traffic,On Roadway,Broadside (front to side),Ran Stop Sign,None Indicated,,Daylight,Dry,Clear,None apparent,Intersection:  Five points or more,Paved,,Property Damage Only,0,0,0,0,0,0,2800,2,2,,POINT (-93.872219198463 41.607191595177)
2014798734,14003657,05/07/2014,05-May,4-Wednesday,01:18,0100 Hours,District 6 (East Central),,DELAWARE,US 20,US 20,Collision with:  Animal,,,Animal,None Indicated,,,,,,,Paved,,Property Damage Only,0,0,0,0,0,0,1572,1,1,,POINT (-91.267136118731 42.47120064229)
2014801960,2014-29835,05/07/2014,05-May,4-Wednesday,15:00,1500 Hours,District 6 (East Central),DAVENPORT,SCOTT,,W 16TH ST & MAIN ST,Collision with:  Non-motorist (see non-motorist section - NOT a unit),On Roadway,Non-collision (single vehicle),Other (explain in narrative):  Other,None Indicated,,Daylight,Dry,Clear,None apparent,Non-intersection:  Non-junction/no special feature,Paved,,Possible/Unknown,0,1,0,0,1,0,1,1,1,,POINT (-90.575537722629 41.535880944743)
2014798063,14-003377,05/07/2014,05-May,4-Wednesday,10:10,1000 Hours,District 2 (Northeast),,CLAYTON,,Co Rd X50/KING RD & KEYSTONE RD,Non-collision events:  Overturn/rollover,Roadside,Non-collision (single vehicle),Ran off road - left,None Indicated,,Daylight,"Mud, dirt",Cloudy,None apparent,Intersection:  T-intersection,Unpaved,,Minor Injury,0,1,0,1,0,0,150000,1,1,,POINT (-91.223431271895 42.968851074791)
2014797969,14006478,05/07/2014,05-May,4-Wednesday,08:27,0800 Hours,District 5 (Southeast),CENTERVILLE,APPANOOSE,IA 5,IA 5/N 18TH ST & HAYNES AVE,Collision with:  Vehicle in traffic,On Roadway,"Angle, oncoming left turn",Crossed centerline (undivided),None Indicated,,Daylight,Dry,Clear,None apparent,Intersection:  Four-way intersection,Paved,,Property Damage Only,0,0,0,0,0,0,3000,2,3,,POINT (-92.868018802617 40.741949252544)
2014797777,14-017885,05/07/2014,05-May,4-Wednesday,00:00,0000 Hours,District 4 (Southwest),COUNCIL BLUFFS,POTTAWATTAMIE,,2ND AVE & S 28TH ST,Collision with:  Vehicle in traffic,On Roadway,Rear-end (front to rear),Followed too close,Alcohol (Statutory),,Dark - roadway lighted,Dry,Clear,None apparent,Intersection:  Four-way intersection,Paved,,Possible/Unknown,0,3,0,0,3,0,200,2,4,,POINT (-95.889056770057 41.259818523311)
2014797746,14009099,05/07/2014,05-May,4-Wednesday,10:53,1000 Hours,District 6 (East Central),MARION,LINN,,,Collision with fixed object:  Tree,Outside trafficway,Non-collision (single vehicle),Lost Control,None Indicated,,Daylight,Dry,Clear,None apparent,Non-intersection:  Driveway access (within),,,Property Damage Only,0,0,0,0,0,0,6000,1,1,,POINT (-96.643700149993 40.233091251414)
2014806059,,05/07/2014,05-May,4-Wednesday,12:58,1200 Hours,District 2 (Northeast),CLEAR LAKE,CERRO GORDO,,1ST AVE N & N 8TH ST,Collision with:  Vehicle in traffic,On Roadway,Broadside (front to side),Ran Traffic Signal,None Indicated,,Daylight,Dry,Clear,None apparent,Intersection:  Four-way intersection,Paved,,Property Damage Only,0,0,0,0,0,0,1500,2,3,,POINT (-93.378762525346 43.138285782127)
2014798112,14-0517,05/07/2014,05-May,4-Wednesday,09:10,0900 Hours,District 1 (Central),CLIVE,POLK,,NW 123RD ST & UNIVERSITY AVE & WEST LAKES PKWY,Collision with:  Vehicle in traffic,On Roadway,Rear-end (front to rear),Other (explain in narrative):  Other,None Indicated,,Daylight,Dry,Cloudy,None apparent,Non-intersection:  Non-junction/no special feature,Paved,,Minor Injury,0,4,0,4,0,0,3600,3,4,,POINT (-93.786197224825 41.600399165357)
2014798175,14-002247,05/07/2014,05-May,4-Wednesday,13:08,1300 Hours,District 1 (Central),AMES,STORY,,UNIVERSITY BLVD,Collision with:  Vehicle in traffic,On Roadway,"Sideswipe, same direction",Other (explain in narrative):  Vision obstructed,None Indicated,,Daylight,Dry,Cloudy,None apparent,Non-intersection:  Non-junction/no special feature,Paved,,Possible/Unknown,0,1,0,0,1,0,3500,2,2,,POINT (-93.639328661548 42.008196959186)
2014797956,507210714,05/07/2014,05-May,4-Wednesday,21:07,2100 Hours,District 4 (Southwest),,RINGGOLD,,Co Rd J67/325TH ST,Collision with:  Parked motor vehicle,Roadside,"Sideswipe, same direction",Illegally Parked/Unattended,None Indicated,,Daylight,Dry,Clear,None apparent,Non-intersection:  Non-junction/no special feature,Unpaved,,Property Damage Only,0,0,0,0,0,0,4000,2,1,,POINT (-94.23029919684 40.576972538442)
2014798523,2014027773,05/07/2014,05-May,4-Wednesday,17:08,1700 Hours,District 2 (Northeast),,CLAYTON,,Co Rd B60/GUNDER RD,Collision with fixed object:  Ditch,Roadside,Non-collision (single vehicle),Swerving/Evasive Action,None Indicated,,Daylight,Dry,Clear,None apparent,Non-intersection:  Non-junction/no special feature,Paved,,Minor Injury,0,1,0,1,0,0,3500,2,3,,POINT (-91.522699418448 42.973006735012)
2014797958,,05/07/2014,05-May,4-Wednesday,20:30,2000 Hours,District 3 (Northwest),MANSON,CALHOUN,,8TH AVE & MAIN ST,Collision with:  Vehicle in traffic,On Roadway,Rear-end (front to rear),Other (explain in narrative):  No improper action,None Indicated,,Dusk,Dry,Cloudy,None apparent,Non-intersection:  Non-junction/no special feature,Paved,,Property Damage Only,0,0,0,0,0,0,2000,2,2,,POINT (-94.534359186526 42.525722722428)
2014798256,01135,05/07/2014,05-May,4-Wednesday,15:35,1500 Hours,District 6 (East Central),DYERSVILLE,DUBUQUE,US 20,US 20,Collision with fixed object:  Other fixed object (explain in narrative),On Roadway,Non-collision (single vehicle),Other (explain in narrative):  No improper action,None Indicated,,Daylight,Dry,Clear,None apparent,Non-intersection:  Non-junction/no special feature,Paved,,Property Damage Only,0,0,0,0,0,0,1500,1,1,,POINT (-91.097085102888 42.469385226039)
2014797933,14-13976,05/07/2014,05-May,4-Wednesday,07:57,0700 Hours,District 3 (Northwest),SIOUX CITY,WOODBURY,,,Collision with:  Vehicle in traffic,On Roadway,"Angle, oncoming left turn",Made improper turn,None Indicated,,Daylight,Dry,Clear,None apparent,Non-intersection:  Non-junction/no special feature,,,Major Injury,0,2,1,0,1,0,13700,2,2,,POINT (-96.643700149993 40.233091251414)
2014797864,14-3013,05/07/2014,05-May,4-Wednesday,16:10,1600 Hours,District 1 (Central),,POLK,IA 415,IA 415/2ND AVE & NW 43RD AVE,Collision with:  Vehicle in traffic,On Roadway,Rear-end (front to rear),Followed too close,None Indicated,,Daylight,Dry,Clear,None apparent,Intersection:  T-intersection,Paved,,Property Damage Only,0,0,0,0,0,0,4500,2,2,,POINT (-93.61995677043 41.638543520807)
2014798566,14-003760,05/07/2014,05-May,4-Wednesday,14:11,1400 Hours,District 4 (Southwest),ATLANTIC,CASS,,22ND ST & CHESTNUT ST,Collision with:  Vehicle in traffic,On Roadway,Broadside (front to side),FTYROW:  From stop sign,None Indicated,,Daylight,Dry,Clear,None apparent,Intersection:  Four-way intersection,Paved,,Property Damage Only,0,0,0,0,0,0,3000,2,3,,POINT (-95.01306398474 41.389346600073)
2014797841,14-007342,05/07/2014,05-May,4-Wednesday,02:15,0200 Hours,District 5 (Southeast),,HENRY,,Co Rd W55/FRANKLIN AVE & FREMONT AVE,Collision with fixed object:  Ditch,On Roadway,Non-collision (single vehicle),Ran off road - right,None Indicated,,Dark - roadway not lighted,Dry,Cloudy,None apparent,Non-intersection:  Non-junction/no special feature,Paved,,Property Damage Only,0,0,0,0,0,0,2000,1,2,,POINT (-91.622047043996 40.930617243275)
2014797881,14-0999,05/07/2014,05-May,4-Wednesday,16:31,1600 Hours,District 1 (Central),URBANDALE,POLK,,MEREDITH DR & 78TH ST,Collision with:  Vehicle in traffic,On Roadway,"Angle, oncoming left turn",FTYROW:  Making left turn,None Indicated,,Daylight,Dry,Clear,None apparent,Intersection:  Four-way intersection,Paved,,Possible/Unknown,0,1,0,0,1,0,8000,2,3,,POINT (-93.725256937669 41.643854064368)
2014798770,1400000378,05/07/2014,05-May,4-Wednesday,06:45,0600 Hours,District 1 (Central),,MARSHALL,,Co Rd S70/KNAPP AVE,Collision with:  Animal,,,Animal,None Indicated,,,,,,,Paved,,Property Damage Only,0,0,0,0,0,0,5000,1,1,,POINT (-93.038752941622 42.028380380732)
2014800591,01-14-19174,05/07/2014,05-May,4-Wednesday,17:57,1700 Hours,District 6 (East Central),DUBUQUE,DUBUQUE,,BROADWAY ST,Collision with:  Vehicle in traffic,On Roadway,Rear-end (front to rear),Ran off road - right,None Indicated,,Daylight,Dry,Cloudy,None apparent,Non-intersection:  Non-junction/no special feature,Paved,,Possible/Unknown,0,1,0,0,0,1,4500,3,777,,POINT (-90.675301118898 42.516472133822)
2014798139,2014-9066,05/07/2014,05-May,4-Wednesday,20:43,2000 Hours,District 6 (East Central),,SCOTT,US 61,US 61,Collision with:  Animal,,,Animal,None Indicated,,,,,,,Paved,,Property Damage Only,0,0,0,0,0,0,2000,1,1,,POINT (-90.567810885429 41.725029763175)
2014800227,14-041,05/07/2014,05-May,4-Wednesday,16:15,1600 Hours,District 3 (Northwest),SIOUX CENTER,SIOUX,US 75,US 75/MAIN AVE & 16TH ST SE,Collision with:  Vehicle in traffic,On Roadway,Rear-end (front to rear),Other (explain in narrative):  Other,None Indicated,,Daylight,Dry,Cloudy,None apparent,Intersection:  Other intersection (explain in narrative),Paved,,Property Damage Only,0,0,0,0,0,0,1900,2,3,,POINT (-96.175387340857 43.060418201981)
2014797829,141173,05/07/2014,05-May,4-Wednesday,16:40,1600 Hours,District 3 (Northwest),DENISON,CRAWFORD,US 30,US 30/4TH AVE S & S 16TH ST,Collision with:  Vehicle in traffic,On Roadway,"Angle, oncoming left turn",Ran Traffic Signal,None Indicated,,Daylight,Dry,Clear,None apparent,Intersection:  Four-way intersection,Paved,,Property Damage Only,0,0,0,0,0,0,3200,2,3,,POINT (-95.349715775145 42.012355132384)
2014797865,14-001983,05/07/2014,05-May,4-Wednesday,13:54,1300 Hours,District 1 (Central),ANKENY,POLK,IA 160,IA 160/SE ORALABOR RD & SE DELAWARE AVE,Collision with:  Vehicle in traffic,On Roadway,Rear-end (front to rear),Followed too close,None Indicated,,Daylight,Dry,Clear,None apparent,Non-intersection:  Non-junction/no special feature,Paved,,Possible/Unknown,0,1,0,0,1,0,1000,2,2,,POINT (-93.581272792163 41.702903442953)