Iowa DOT Case Number,Law Enforcement Case Number,Date of Crash,Month of Crash,Day of Week,Time of Crash,Hour,DOT District,City Name,County Name,Route with System,Location Description,First Harmful Event,Location of First Harmful Event,Manner of Crash/Collision,Major Cause,Drug or Alcohol ,Environmental Conditions,Light Conditions,Surface Conditions,Weather Conditions,Roadway Contribution,Roadway Type,Roadway Surface,Work Zone,Crash Severity,Number of Fatalities,Number of Injuries,Number of Major Injuries,Number of Minor Injuries,Number of Possible Injuries,Number of Unknown Injuries,Amount of Property Damage,Number of Vehicles Involved,Total Number of Occupants,Travel Direction,Location
2014798683,14046262,05/11/2014,05-May,1-Sunday,16:06,1600 Hours,District 2 (Northeast),CEDAR FALLS,BLACK HAWK,,8TH ST & DIVISION ST,Collision with fixed object:  Curb/island/raised median,On Roadway,Non-collision (single vehicle),Exceeded authorized speed,None Indicated,,Daylight,Dry,Cloudy,None apparent,Intersection:  Four-way intersection,Paved,,Possible/Unknown,0,1,0,0,1,0,950,1,1,,POINT (-92.460578650948 42.531456996927)
2014805772,14-003494,05/11/2014,05-May,1-Sunday,03:02,0300 Hours,District 2 (Northeast),,CLAYTON,,Co Rd X3C/COLESBURG RD,Collision with:  Animal,,,Animal,None Indicated,,,,,,,Paved,,Property Damage Only,0,0,0,0,0,0,4500,1,1,,POINT (-91.280720474909 42.716459792514)
2014799035,201406590,05/11/2014,05-May,1-Sunday,12:51,1200 Hours,District 6 (East Central),CEDAR RAPIDS,LINN,,29TH ST NE & OAKLAND RD NE,Collision with:  Vehicle in traffic,On Roadway,Broadside (front to side),Unknown,None Indicated,,Daylight,Wet,Rain,None apparent,Intersection:  Four-way intersection,Paved,,Property Damage Only,0,0,0,0,0,0,4000,2,2,,POINT (-91.659634506849 42.006879696412)
2014799418,2014028675,05/11/2014,05-May,1-Sunday,00:40,0000 Hours,District 1 (Central),,POWESHIEK,US 63,US 63,Collision with:  Animal,,,Animal,None Indicated,,,,,,,Paved,,Property Damage Only,0,0,0,0,0,0,1500,1,1,,POINT (-92.552255352618 41.614771616519)
2014798761,AP-14-0125,05/11/2014,05-May,1-Sunday,16:49,1600 Hours,District 6 (East Central),ANAMOSA,JONES,,W MAIN ST,Collision with:  Vehicle in traffic,On Roadway,Broadside (front to side),Separation of units,None Indicated,,Daylight,Wet,Cloudy,None apparent,Non-intersection:  Other non-intersection (explain in narrative),Paved,,Property Damage Only,0,0,0,0,0,0,4500,2,2,,POINT (-91.286541521209 42.108233577214)
2014798963,2014028377,05/11/2014,05-May,1-Sunday,18:12,1800 Hours,District 5 (Southeast),,LEE,US 218,US 218 & Co Rd J40/CO RD 103/160 ST,Collision with:  Vehicle in traffic,On Roadway,Broadside (front to side),Ran Stop Sign,None Indicated,,Daylight,Wet,Cloudy,None apparent,Intersection:  Four-way intersection,Paved,,Major Injury,0,4,1,3,0,0,61000,3,5,,POINT (-91.563505660532 40.726112629569)
2014799572,CL14001433,05/11/2014,05-May,1-Sunday,02:00,0200 Hours,District 6 (East Central),CLINTON,CLINTON,US 30,US 30/LINCOLN WAY/CAMANCHE AVE & S 14TH ST,Collision with fixed object:  Utility pole/light support,On Roadway,Non-collision (single vehicle),Unknown,None Indicated,,Dark - roadway lighted,Dry,Cloudy,None apparent,Non-intersection:  Non-junction/no special feature,Paved,,Property Damage Only,0,0,0,0,0,0,3000,1,1,,POINT (-90.218726277149 41.818799331057)
2014798594,2014005213,05/11/2014,05-May,1-Sunday,17:56,1700 Hours,District 6 (East Central),IOWA CITY,JOHNSON,US 218,US 218/SW RAMP CURV/NW RAMP CURV & IA 1/IOWA 1,Collision with:  Vehicle in traffic,On Roadway,Rear-end (front to rear),Followed too close,None Indicated,,Daylight,Wet,Cloudy,None apparent,Non-intersection:  Non-junction/no special feature,Paved,,Property Damage Only,0,0,0,0,0,0,1500,2,7,,POINT (-91.56911141055 41.632858059742)
2014798320,14-3090,05/11/2014,05-May,1-Sunday,02:30,0200 Hours,District 1 (Central),,POLK,,NE 94TH AVE,Non-collision events:  Other non-collision (explain in narrative),Median,Non-collision (single vehicle),Ran off road - left,None Indicated,,Dark - roadway not lighted,Dry,Clear,None apparent,Non-intersection:  Non-junction/no special feature,Paved,,Property Damage Only,0,0,0,0,0,0,6500,1,1,,POINT (-93.528037517053 41.731847891975)
2014800044,14-002338,05/11/2014,05-May,1-Sunday,20:40,2000 Hours,District 1 (Central),AMES,STORY,US 30,US 30,Collision with:  Animal,,,Animal,None Indicated,,,,,,,Paved,,Property Damage Only,0,0,0,0,0,0,2500,1,1,,POINT (-93.661209202257 42.006884136396)
2014804456,1405110735,05/11/2014,05-May,1-Sunday,07:35,0700 Hours,District 6 (East Central),,JONES,,100 AVE & 160 ST,Collision with fixed object:  Ditch,On Roadway,Non-collision (single vehicle),Ran off road - straight,None Indicated,,Daylight,"Mud, dirt",Cloudy,None apparent,Intersection:  T-intersection,Unpaved,,Possible/Unknown,0,1,0,0,1,0,7500,1,1,,POINT (-91.073539863965 42.166211710915)
2014798595,2014005217,05/11/2014,05-May,1-Sunday,23:45,2300 Hours,District 6 (East Central),IOWA CITY,JOHNSON,,PARK RD,Collision with fixed object:  Tree,On Roadway,Non-collision (single vehicle),Lost Control,Alcohol (Statutory),,Dark - roadway lighted,Dry,Clear,None apparent,Non-intersection:  Non-junction/no special feature,Paved,,Major Injury,0,1,1,0,0,0,3000,1,1,,POINT (-91.53974061565 41.671371291032)
2014798504,14-14479,05/11/2014,05-May,1-Sunday,06:55,0600 Hours,District 3 (Northwest),SIOUX CITY,WOODBURY,,4TH ST & FLOYD BLVD,Collision with:  Vehicle in traffic,On Roadway,Rear-end (front to rear),Driver Distraction:  Manual operation of an electronic communication device,None Indicated,,Daylight,Dry,Cloudy,None apparent,Intersection:  Four-way intersection,Paved,,Property Damage Only,0,0,0,0,0,0,3000,2,4,,POINT (-96.393466083195 42.494253251119)
2014798431,14-018651,05/11/2014,05-May,1-Sunday,13:45,1300 Hours,District 4 (Southwest),COUNCIL BLUFFS,POTTAWATTAMIE,,AVE B,Collision with:  Vehicle in traffic,On Roadway,Unknown,Unknown,None Indicated,,Daylight,Dry,Cloudy,None apparent,Non-intersection:  Non-junction/no special feature,Paved,,Property Damage Only,0,0,0,0,0,0,1500,2,777,,POINT (-95.897869478218 41.263694735153)
2014798528,14-2833,05/11/2014,05-May,1-Sunday,22:53,2200 Hours,District 2 (Northeast),,KOSSUTH,,Co Rd B63/130 ST,Non-collision events:  Overturn/rollover,Shoulder,Non-collision (single vehicle),Crossed centerline (undivided),None Indicated,,Dark - roadway not lighted,Wet,Rain,None apparent,Non-intersection:  Non-junction/no special feature,Paved,,Property Damage Only,0,0,0,0,0,0,30000,1,1,,POINT (-94.282621744904 42.951626045419)
2014798378,20140012893,05/11/2014,05-May,1-Sunday,22:44,2200 Hours,District 1 (Central),DES MOINES,POLK,,URBANDALE AVE & MLK JR PKWY,Collision with:  Vehicle in traffic,On Roadway,Broadside (front to side),Ran Traffic Signal,None Indicated,,Dark - roadway lighted,Wet,Rain,None apparent,Intersection:  T-intersection,Paved,,Property Damage Only,0,0,0,0,0,0,5000,2,5,,POINT (-93.64995594408 41.624785976738)
2014799036,201406599,05/11/2014,05-May,1-Sunday,16:53,1600 Hours,District 6 (East Central),CEDAR RAPIDS,LINN,,EDGEWOOD RD SW & 37TH AVE SW,Collision with:  Vehicle in traffic,On Roadway,Rear-end (front to rear),Lost Control,None Indicated,,Daylight,Dry,Cloudy,None apparent,Intersection:  Four-way intersection,Paved,,Property Damage Only,0,0,0,0,0,0,14000,2,4,,POINT (-91.715944022576 41.941965435775)
2014798241,143242,05/11/2014,05-May,1-Sunday,18:45,1800 Hours,District 4 (Southwest),,DALLAS,US 6,US 6,Non-collision events:  Other non-collision (explain in narrative),On Roadway,Non-collision (single vehicle),Crossed centerline (undivided),None Indicated,,Daylight,Dry,Cloudy,None apparent,Non-intersection:  Non-junction/no special feature,Paved,,Possible/Unknown,0,1,0,0,1,0,0,1,2,,POINT (-93.937167385286 41.61456170733)
2014798484,14-1386,05/11/2014,05-May,1-Sunday,02:30,0200 Hours,District 1 (Central),FORT DODGE,WEBSTER,,10TH AVE SW,Collision with:  Parked motor vehicle,On Roadway,Unknown,Unknown,None Indicated,,Dark - roadway lighted,Wet,Cloudy,None apparent,Non-intersection:  Non-junction/no special feature,Paved,,Property Damage Only,0,0,0,0,0,0,1800,2,1,,POINT (-94.184367694853 42.496472948666)
2014798934,140591,05/11/2014,05-May,1-Sunday,13:43,1300 Hours,District 1 (Central),PLEASANT HILL,POLK,,Co Rd S14/NE 64TH ST,Collision with:  Vehicle in traffic,On Roadway,Rear-end (front to rear),Driver Distraction:  Passenger,None Indicated,,Daylight,Wet,Rain,None apparent,Intersection:  Four-way intersection,Paved,,Property Damage Only,0,0,0,0,0,0,10000,2,5,,POINT (-93.481963800101 41.59862736734)
2014798638,S14-001626,05/11/2014,05-May,1-Sunday,10:01,1000 Hours,District 4 (Southwest),OAKLAND,POTTAWATTAMIE,,OAKLAND AVE,Collision with:  Parked motor vehicle,On Roadway,Unknown,Ran off road - right,None Indicated,,Daylight,Unknown,Unknown,None apparent,Non-intersection:  Non-junction/no special feature,Paved,,Property Damage Only,0,0,0,0,0,0,8000,3,1,,POINT (-95.389796956623 41.308533183639)
2014798436,14-4825,05/11/2014,05-May,1-Sunday,14:20,1400 Hours,District 3 (Northwest),,SAC,,BLACK HAWK WMA,Non-collision events:  Overturn/rollover,On Roadway,Non-collision (single vehicle),Exceeded authorized speed,None Indicated,,Daylight,"Mud, dirt",Cloudy,None apparent,Non-intersection:  Non-junction/no special feature,Unpaved,,Minor Injury,0,1,0,1,0,0,4000,1,4,,POINT (-95.050867198423 42.28403800338)
2014798643,14-018789,05/11/2014,05-May,1-Sunday,21:00,2100 Hours,District 4 (Southwest),COUNCIL BLUFFS,POTTAWATTAMIE,I-80,I-80,Collision with:  Vehicle in traffic,On Roadway,"Sideswipe, same direction",Unknown,None Indicated,,Dark - roadway not lighted,Wet,Rain,None apparent,Non-intersection:  Non-junction/no special feature,Paved,,Property Damage Only,0,0,0,0,0,0,2100,2,3,,POINT (-95.820751695709 41.244050207239)
2014798288,14009483,05/11/2014,05-May,1-Sunday,17:39,1700 Hours,District 6 (East Central),MARION,LINN,US 151,US 151 & LINN AIRE AVE,Collision with:  Vehicle in traffic,On Roadway,"Angle, oncoming left turn",Ran Traffic Signal,None Indicated,,Daylight,Dry,Clear,None apparent,Intersection:  Four-way intersection,Paved,,Property Damage Only,0,0,0,0,0,0,18000,2,4,,POINT (-91.550261896552 42.030957120022)
2014798833,891403019,05/11/2014,05-May,1-Sunday,20:00,2000 Hours,District 5 (Southeast),,VAN BUREN,,Co Rd J56/290TH RD,Collision with:  Vehicle in traffic,On Roadway,"Sideswipe, opposite direction",Traveling wrong way or on wrong side of road,None Indicated,,Dusk,Dry,Cloudy,None apparent,Non-intersection:  Non-junction/no special feature,Unpaved,,Minor Injury,0,1,0,1,0,0,6000,2,2,,POINT (-91.993169628465 40.623224938334)
2014798307,2014004442,05/11/2014,05-May,1-Sunday,01:32,0100 Hours,District 1 (Central),MARSHALLTOWN,MARSHALL,,LINCOLN WAY,Collision with:  Parked motor vehicle,Outside trafficway,"Sideswipe, same direction",Other (explain in narrative):  No improper action,Alcohol (Statutory),,Dark - roadway not lighted,Dry,Clear,None apparent,Non-intersection:  Driveway access (within),Paved,,Property Damage Only,0,0,0,0,0,0,2200,2,2,,POINT (-92.930234829057 42.04183060569)
2014844652,ACSO-14-1241,05/11/2014,05-May,1-Sunday,03:00,0300 Hours,District 2 (Northeast),,ALLAMAKEE,,DRAKE RD,Collision with:  Animal,On Roadway,Non-collision (single vehicle),Animal,None Indicated,,Dark - roadway not lighted,Dry,Clear,None apparent,Non-intersection:  Non-junction/no special feature,Unpaved,,Possible/Unknown,0,1,0,0,0,1,4000,1,1,,POINT (-91.305827935854 43.285649700095)
2014800043,14-002333,05/11/2014,05-May,1-Sunday,13:20,1300 Hours,District 1 (Central),AMES,STORY,I-35,I-35,Collision with fixed object:  Ditch,On Roadway,Non-collision (single vehicle),Ran off road - right,None Indicated,,Daylight,Dry,Cloudy,None apparent,Interchange-related:  Off-ramp,Paved,,Property Damage Only,0,0,0,0,0,0,5000,1,1,,POINT (-93.572075455491 42.005408529034)
2014798348,20140012885,05/11/2014,05-May,1-Sunday,20:49,2000 Hours,District 1 (Central),DES MOINES,POLK,,PARK AVE & FLEUR DR,Collision with:  Vehicle in traffic,On Roadway,"Sideswipe, opposite direction",Crossed centerline (undivided),Alcohol (Statutory),,Dark - roadway lighted,Dry,Cloudy,None apparent,Intersection:  Four-way intersection,Paved,,Possible/Unknown,0,1,0,0,1,0,4500,3,4,,POINT (-93.644979754434 41.555440213818)
2014798240,143229,05/11/2014,05-May,1-Sunday,09:09,0900 Hours,District 4 (Southwest),,DALLAS,I-80,I-80,Collision with:  Animal,,Non-collision (single vehicle),Animal,None Indicated,,,,,,,Paved,,Property Damage Only,0,0,0,0,0,0,2000,1,1,,POINT (-94.033288590645 41.535943043105)
2014798341,20140012857,05/11/2014,05-May,1-Sunday,13:08,1300 Hours,District 1 (Central),DES MOINES,POLK,I-235,I-235 & KEOSAUQUA WAY,Collision with:  Vehicle in traffic,On Roadway,Broadside (front to side),Unknown,None Indicated,,Daylight,Dry,Cloudy,None apparent,Intersection:  Four-way intersection,Paved,,Minor Injury,0,2,0,1,1,0,8500,2,2,,POINT (-93.635430361938 41.595404587519)
2014798818,14-5415,05/11/2014,05-May,1-Sunday,21:50,2100 Hours,District 3 (Northwest),,SIOUX,,Co Rd K22/COOLIDGE AVE & 380TH ST,Non-collision events:  Overturn/rollover,On Roadway,Non-collision (single vehicle),Ran off road - right,Refused,,Dark - roadway not lighted,Wet,Rain,None apparent,Non-intersection:  Non-junction/no special feature,Paved,,Possible/Unknown,0,1,0,0,1,0,7000,1,2,,POINT (-96.391651600363 43.098910824915)
2014799437,,05/11/2014,05-May,1-Sunday,02:44,0200 Hours,District 2 (Northeast),NORA SPRINGS,FLOYD,,CAMEO AVE,,On Roadway,Non-collision (single vehicle),Ran off road - left,None Indicated,,Dark - roadway not lighted,"Mud, dirt",Cloudy,None apparent,Non-intersection:  Non-junction/no special feature,Unpaved,,Property Damage Only,0,0,0,0,0,0,5020,1,1,,POINT (-92.984656899077 43.127592510441)
2014798340,20140012855,05/11/2014,05-May,1-Sunday,13:32,1300 Hours,District 1 (Central),DES MOINES,POLK,,E LOCUST ST & E 6TH ST,Collision with:  Vehicle in traffic,On Roadway,"Angle, oncoming left turn",FTYROW:  Making left turn,None Indicated,,Daylight,Wet,Cloudy,None apparent,Intersection:  Four-way intersection,Paved,,Possible/Unknown,0,1,0,0,1,0,2900,2,5,,POINT (-93.609833461726 41.589967728451)
2014810008,2014-002566,05/11/2014,05-May,1-Sunday,14:32,1400 Hours,District 6 (East Central),,BENTON,,Co Rd V66/21 AVE,Collision with:  Vehicle in traffic,On Roadway,Rear-end (front to rear),Followed too close,None Indicated,,Daylight,Dry,Clear,None apparent,Non-intersection:  Driveway access (within),Paved,,Possible/Unknown,0,1,0,0,1,0,14000,2,7,,POINT (-92.084886579421 41.938329858549)
2014799206,14-007645,05/11/2014,05-May,1-Sunday,05:11,0500 Hours,District 5 (Southeast),,HENRY,US 218,US 218,Collision with:  Animal,,,Animal,None Indicated,,,,,,,Paved,,Property Damage Only,0,0,0,0,0,0,1500,1,1,,POINT (-91.549126396209 41.006794037434)
2014812832,14-003124,05/11/2014,05-May,1-Sunday,23:30,2300 Hours,District 3 (Northwest),,PALO ALTO,US 18,US 18/360 ST,Non-collision events:  Overturn/rollover,Outside trafficway,Non-collision (single vehicle),Ran off road - right,None Indicated,,Dark - roadway not lighted,Wet,Rain,None apparent,Non-intersection:  Non-junction/no special feature,Paved,,Property Damage Only,0,0,0,0,0,0,5000,1,1,,POINT (-94.802097912985 43.126484446134)
2014799624,14-003116,05/11/2014,05-May,1-Sunday,16:41,1600 Hours,District 3 (Northwest),,PALO ALTO,US 18,US 18/360 ST,Non-collision events:  Other non-collision (explain in narrative),Shoulder,Non-collision (single vehicle),Swerving/Evasive Action,None Indicated,,Daylight,Wet,Cloudy,None apparent,Non-intersection:  Non-junction/no special feature,Paved,,Property Damage Only,0,0,0,0,0,0,2000,1,1,,POINT (-94.846360136382 43.126670014482)
2014798389,20140012839,05/11/2014,05-May,1-Sunday,10:54,1000 Hours,District 1 (Central),DES MOINES,POLK,,FRANKLIN AVE & 2ND AVE,Collision with:  Vehicle in traffic,On Roadway,"Sideswipe, same direction",Ran Stop Sign,None Indicated,,Daylight,Wet,Rain,None apparent,Intersection:  T-intersection,Paved,,Property Damage Only,0,0,0,0,0,0,6500,3,7,,POINT (-93.619815671217 41.611279502774)
2014798684,14046277,05/11/2014,05-May,1-Sunday,17:08,1700 Hours,District 2 (Northeast),CEDAR FALLS,BLACK HAWK,,18TH ST & MAIN ST,Collision with:  Vehicle in traffic,On Roadway,"Angle, oncoming left turn",FTYROW:  Making left turn,None Indicated,,Daylight,Dry,Cloudy,None apparent,Intersection:  Four-way intersection,Paved,,Property Damage Only,0,0,0,0,0,0,8000,2,2,,POINT (-92.445768919577 42.522164388387)
2014798332,14-002044,05/11/2014,05-May,1-Sunday,07:32,0700 Hours,District 1 (Central),ANKENY,POLK,I-35,I-35,Non-collision events:  Overturn/rollover,On Roadway,Non-collision (single vehicle),Separation of units,None Indicated,,Daylight,Dry,Cloudy,None apparent,Non-intersection:  Non-junction/no special feature,Paved,,Major Injury,0,1,1,0,0,0,10000,1,1,,POINT (-93.573336981518 41.751212061407)
2014798639,S14-001631,05/11/2014,05-May,1-Sunday,16:12,1600 Hours,District 4 (Southwest),,POTTAWATTAMIE,,Co Rd L34/ROAD L34,Collision with:  Vehicle in traffic,On Roadway,Rear-end (front to rear),Crossed centerline (undivided),None Indicated,,Daylight,Dry,Cloudy,None apparent,Non-intersection:  Driveway access (within),Paved,,Property Damage Only,0,0,0,0,0,0,16500,2,2,,POINT (-95.763212036869 41.344138748022)
2014798214,W14-046170,05/11/2014,05-May,1-Sunday,00:01,0000 Hours,District 2 (Northeast),WATERLOO,BLACK HAWK,,W PARKER ST & BROADWAY ST,Miscellaneous events:  Hit and run,Unknown,Broadside (front to side),Unknown,None Indicated,,Unknown,Unknown,Unknown,Unknown,Unknown,Paved,,Property Damage Only,0,0,0,0,0,0,3000,2,777,,POINT (-92.346711118029 42.516743347096)
2014798982,14-006524,05/12/2014,05-May,2-Monday,07:57,0700 Hours,District 3 (Northwest),,CLAY,,Co Rd B14/280TH ST & 240TH AVE,Collision with:  Vehicle in traffic,On Roadway,"Angle, oncoming left turn",FTYROW:  From stop sign,None Indicated,,Daylight,Wet,Rain,None apparent,Intersection:  Four-way intersection,Paved,,Property Damage Only,0,0,0,0,0,0,22000,3,6,,POINT (-95.111695923736 43.241738696789)
2014798640,14-018748,05/12/2014,05-May,2-Monday,11:15,1100 Hours,District 4 (Southwest),COUNCIL BLUFFS,POTTAWATTAMIE,,HARRISON ST,Non-collision events:  Other non-collision (explain in narrative),Roadside,Head-on (front to front),Crossed centerline (undivided),None Indicated,,Daylight,Wet,Cloudy,None apparent,Non-intersection:  Non-junction/no special feature,Paved,,Property Damage Only,0,0,0,0,0,0,12200,3,2,,POINT (-95.845327274392 41.267555111391)
2014799039,201406649,05/12/2014,05-May,2-Monday,17:07,1700 Hours,District 6 (East Central),CEDAR RAPIDS,LINN,,BLAIRS FERRY RD NE,Collision with:  Vehicle in traffic,On Roadway,Head-on (front to front),Lost Control,None Indicated,,Daylight,Wet,Rain,"Surface condition (e.g., wet, icy)",Non-intersection:  Non-junction/no special feature,Paved,,Property Damage Only,0,0,0,0,0,0,6000,2,3,,POINT (-91.656549570779 42.035258733731)
2014799655,2014-30656,05/12/2014,05-May,2-Monday,20:29,2000 Hours,District 6 (East Central),DAVENPORT,SCOTT,,IA 461/W RIVER DR & MARQUETTE ST,Collision with:  Vehicle in traffic,On Roadway,Rear-end (front to rear),Unknown,None Indicated,,Dark - roadway lighted,Wet,Rain,Obstruction in roadway,Non-intersection:  Non-junction/no special feature,Paved,,Property Damage Only,0,0,0,0,0,0,7000,2,3,,POINT (-90.590873898332 41.51991980312)
2014798253,01-14-19898,05/12/2014,05-May,2-Monday,06:17,0600 Hours,District 6 (East Central),DUBUQUE,DUBUQUE,US 20,US 20/DODGE ST,Non-collision events:  Overturn/rollover,On Roadway,Non-collision (single vehicle),Swerving/Evasive Action,None Indicated,,Daylight,Wet,Rain,None apparent,Non-intersection:  Non-junction/no special feature,Paved,,Minor Injury,0,1,0,1,0,0,5000,1,1,,POINT (-90.766302291764 42.468699819909)
2014798582,14-15882,05/12/2014,05-May,2-Monday,17:27,1700 Hours,District 5 (Southeast),BURLINGTON,DES MOINES,,GREEN ST & LEEBRICK ST,Collision with:  Parked motor vehicle,On Roadway,Head-on (front to front),Lost Control,None Indicated,,Daylight,Dry,Cloudy,None apparent,Intersection:  Four-way intersection,Paved,,Possible/Unknown,0,1,0,0,1,0,11000,2,1,,POINT (-91.121364531951 40.798716093833)
2014798607,14-003079,05/12/2014,05-May,2-Monday,20:21,2000 Hours,District 3 (Northwest),,MONONA,IA 183,IA 183/IOWA 183,Collision with fixed object:  Bridge pier or support,,,Animal,None Indicated,,,,,,,Paved,,Property Damage Only,0,0,0,0,0,0,4500,1,1,,POINT (-95.761876638333 42.002361899523)
2014799378,14-14630,05/12/2014,05-May,2-Monday,17:50,1700 Hours,District 3 (Northwest),SIOUX CITY,WOODBURY,,6TH ST,Collision with:  Vehicle in traffic,On Roadway,"Sideswipe, same direction",Made improper turn,None Indicated,,Daylight,Wet,Rain,None apparent,Non-intersection:  Non-junction/no special feature,Paved,,Property Damage Only,0,0,0,0,0,0,4000,2,2,,POINT (-96.399760562603 42.496344623258)
2014798646,14-018863,05/12/2014,05-May,2-Monday,22:42,2200 Hours,District 4 (Southwest),COUNCIL BLUFFS,POTTAWATTAMIE,US 6,US 6/W BROADWAY & S 35TH ST,Collision with:  Vehicle in traffic,On Roadway,Broadside (front to side),Ran Traffic Signal,None Indicated,,Dark - roadway lighted,Dry,Clear,None apparent,Intersection:  Four-way intersection,Paved,,Property Damage Only,0,0,0,0,0,0,5000,2,2,,POINT (-95.902038246141 41.261878446338)
2014798625,20140012978,05/12/2014,05-May,2-Monday,17:49,1700 Hours,District 1 (Central),DES MOINES,POLK,,48TH ST,Collision with:  Vehicle in traffic,On Roadway,"Sideswipe, same direction",Made improper turn,None Indicated,,Daylight,Wet,Cloudy,None apparent,Non-intersection:  Non-junction/no special feature,Paved,,Property Damage Only,0,0,0,0,0,0,5000,2,2,,POINT (-93.68255162835 41.601241386558)
2014799409,20140028596,05/12/2014,05-May,2-Monday,16:45,1600 Hours,District 6 (East Central),,JOHNSON,I-380,I-380,Collision with:  Vehicle in traffic,On Roadway,Rear-end (front to rear),Swerving/Evasive Action,None Indicated,,Daylight,Wet,Rain,Other (explain in narrative),Non-intersection:  Non-junction/no special feature,Paved,,Possible/Unknown,0,1,0,0,1,0,38000,2,2,,POINT (-91.666986728923 41.846514217641)
2014798578,141219,05/12/2014,05-May,2-Monday,07:35,0700 Hours,District 3 (Northwest),,CRAWFORD,,Co Rd E16/D AVE,Collision with fixed object:  Bridge overhead structure,Shoulder,Non-collision (single vehicle),Crossed centerline (undivided),None Indicated,,Daylight,Wet,Rain,"Surface condition (e.g., wet, icy)",Non-intersection:  Other non-intersection (explain in narrative),Paved,,Major Injury,0,1,1,0,0,0,10200,1,1,,POINT (-95.62833507628 42.167887648864)
2014799705,051214-071,05/12/2014,05-May,2-Monday,08:00,0800 Hours,District 3 (Northwest),STORM LAKE,BUENA VISTA,IA 7,IA 7/W MILWAUKEE AVE & BARTON ST,Collision with:  Vehicle in traffic,On Roadway,Rear-end (front to rear),Driver Distraction:  Passenger,None Indicated,,Daylight,Wet,Rain,None apparent,Non-intersection:  Non-junction/no special feature,Paved,,Property Damage Only,0,0,0,0,0,0,1600,2,8,,POINT (-95.21429929356 42.647487510924)
2014812833,14-003131,05/12/2014,05-May,2-Monday,17:15,1700 Hours,District 3 (Northwest),,PALO ALTO,US 18,US 18/360 ST & IA 4/420 AVE,Collision with:  Vehicle in traffic,On Roadway,Rear-end (front to rear),Other (explain in narrative):  Other,None Indicated,,Daylight,Wet,Rain,None apparent,Intersection:  Four-way intersection,Paved,,Major Injury,0,2,1,1,0,0,31000,3,3,,POINT (-94.757917630718 43.126577630748)
2014798616,14-002064,05/12/2014,05-May,2-Monday,13:10,1300 Hours,District 1 (Central),ANKENY,POLK,,SE CONVENIENCE BLVD & SE CREEKVIEW DR & NE 78TH AVE,Collision with:  Vehicle in traffic,On Roadway,"Sideswipe, same direction",FTYROW:  Making right turn on red signal,None Indicated,,Daylight,Wet,Rain,None apparent,Non-intersection:  Non-junction/no special feature,Paved,,Property Damage Only,0,0,0,0,0,0,3500,2,2,,POINT (-93.571813692862 41.702878840753)
2014798631,20140012983,05/12/2014,05-May,2-Monday,18:00,1800 Hours,District 1 (Central),DES MOINES,POLK,,GRAND AVE,Collision with:  Vehicle in traffic,On Roadway,Rear-end (front to rear),Followed too close,None Indicated,,Daylight,Dry,Rain,None apparent,Non-intersection:  Non-junction/no special feature,Paved,,Property Damage Only,0,0,0,0,0,0,5750,3,3,,POINT (-93.660984231972 41.584442814991)
2014799467,14-11600,05/12/2014,05-May,2-Monday,08:05,0800 Hours,District 1 (Central),LYNNVILLE,JASPER,,EAST ST & RIVER ST,Collision with:  Parked motor vehicle,Roadside,"Sideswipe, opposite direction",Improper Backing,None Indicated,,Daylight,Wet,Rain,None apparent,Non-intersection:  Non-junction/no special feature,Paved,,Property Damage Only,0,0,0,0,0,0,3300,2,1,,POINT (-92.782753761025 41.578733547957)
2014806061,,05/12/2014,05-May,2-Monday,07:52,0700 Hours,District 2 (Northeast),VENTURA,CERRO GORDO,,E LAKE ST,Collision with fixed object:  Tree,Shoulder,Non-collision (single vehicle),Driving too fast for conditions,Alcohol (Statutory),,Daylight,Wet,Rain,None apparent,Non-intersection:  Non-junction/no special feature,Paved,,Minor Injury,0,1,0,1,0,0,8000,1,1,,POINT (-93.461883021218 43.126544265735)
2014798645,14-018824,05/12/2014,05-May,2-Monday,18:11,1800 Hours,District 4 (Southwest),COUNCIL BLUFFS,POTTAWATTAMIE,I-29,I-29,Collision with:  Vehicle in traffic,On Roadway,Rear-end (front to rear),Followed too close,None Indicated,,Daylight,Dry,Cloudy,None apparent,Interchange-related:  On-ramp merge area,Paved,,Property Damage Only,0,0,0,0,0,0,1700,2,3,,POINT (-95.855913269748 41.232735353282)
2014799391,14-14591,05/12/2014,05-May,2-Monday,10:56,1000 Hours,District 3 (Northwest),SIOUX CITY,WOODBURY,,LARSEN PARK RD,Collision with:  Vehicle in traffic,On Roadway,Broadside (front to side),Crossed centerline (undivided),None Indicated,,Daylight,Wet,Cloudy,None apparent,Non-intersection:  Non-junction/no special feature,Paved,,Possible/Unknown,0,1,0,0,1,0,5500,2,3,,POINT (-96.412985852011 42.489170713633)
2014798596,2014005223,05/12/2014,05-May,2-Monday,05:15,0500 Hours,District 6 (East Central),IOWA CITY,JOHNSON,,JOHNSON ST,Collision with:  Vehicle in traffic,On Roadway,"Sideswipe, same direction",Other (explain in narrative):  Other,None Indicated,,Dark - roadway lighted,Dry,Clear,None apparent,Non-intersection:  Non-junction/no special feature,Paved,,Property Damage Only,0,0,0,0,0,0,8000,2,1,,POINT (-91.527185904026 41.663005832929)
2014798577,CL14001449,05/12/2014,05-May,2-Monday,16:26,1600 Hours,District 6 (East Central),CLINTON,CLINTON,,S BLUFF BLVD & 7TH AVE S,Collision with:  Vehicle in traffic,On Roadway,"Angle, oncoming left turn",FTYROW:  Making left turn,None Indicated,,Daylight,Dry,Cloudy,None apparent,Intersection:  Four-way intersection,Paved,,Property Damage Only,0,0,0,0,0,0,6000,2,4,,POINT (-90.213650386207 41.838948154533)