Iowa DOT Case Number,Law Enforcement Case Number,Date of Crash,Month of Crash,Day of Week,Time of Crash,Hour,DOT District,City Name,County Name,Route with System,Location Description,First Harmful Event,Location of First Harmful Event,Manner of Crash/Collision,Major Cause,Drug or Alcohol ,Environmental Conditions,Light Conditions,Surface Conditions,Weather Conditions,Roadway Contribution,Roadway Type,Roadway Surface,Work Zone,Crash Severity,Number of Fatalities,Number of Injuries,Number of Major Injuries,Number of Minor Injuries,Number of Possible Injuries,Number of Unknown Injuries,Amount of Property Damage,Number of Vehicles Involved,Total Number of Occupants,Travel Direction,Location
2014800088,1403470,05/12/2014,05-May,2-Monday,12:15,1200 Hours,District 5 (Southeast),WASHINGTON,WASHINGTON,,E 7TH ST & N 8TH AVE,Collision with:  Vehicle in traffic,On Roadway,"Angle, oncoming left turn",FTYROW:  Making left turn,None Indicated,,Daylight,Dry,Clear,None apparent,Intersection:  T-intersection,Paved,,Property Damage Only,0,0,0,0,0,0,3000,2,2,,POINT (-91.683384858707 41.305361888557)
2014799040,201406650,05/12/2014,05-May,2-Monday,16:50,1600 Hours,District 6 (East Central),CEDAR RAPIDS,LINN,IA 922,IA 922/1ST AVE E & 34TH ST DR SE,Collision with:  Vehicle in traffic,On Roadway,Broadside (front to side),FTYROW:  From stop sign,None Indicated,,Daylight,Wet,Rain,"Surface condition (e.g., wet, icy)",Intersection:  Four-way intersection,Paved,,Property Damage Only,0,0,0,0,0,0,3500,2,2,,POINT (-91.635017281281 42.012290602408)
2014798628,20140012973,05/12/2014,05-May,2-Monday,16:28,1600 Hours,District 1 (Central),DES MOINES,POLK,US 69,US 69/E 15TH ST & CAPITOL AVE,Collision with:  Vehicle in traffic,On Roadway,Rear-end (front to rear),Other (explain in narrative):  No improper action,None Indicated,,Daylight,Wet,Rain,None apparent,Non-intersection:  Non-junction/no special feature,Paved,,Minor Injury,0,1,0,1,0,0,1600,2,1,,POINT (-93.59493579645 41.592991154999)
2014798357,20140012907,05/12/2014,05-May,2-Monday,03:30,0300 Hours,District 1 (Central),DES MOINES,POLK,IA 28,IA 28/63RD ST,Collision with:  Vehicle in traffic,On Roadway,Rear-end (front to rear),Driving too fast for conditions,Alcohol (Statutory),,Dark - roadway lighted,Wet,Rain,None apparent,Intersection:  Other intersection (explain in narrative),Paved,,Property Damage Only,0,0,0,0,0,0,7500,2,5,,POINT (-93.703477502367 41.592207102813)
2014798345,20140012921,05/12/2014,05-May,2-Monday,08:25,0800 Hours,District 1 (Central),DES MOINES,POLK,,E UNIVERSITY AVE & E 9TH ST,Collision with:  Vehicle in traffic,On Roadway,Broadside (front to side),FTYROW:  Making left turn,None Indicated,,Daylight,Wet,Rain,None apparent,Intersection:  Four-way intersection,Paved,,Property Damage Only,0,0,0,0,0,0,10000,2,3,,POINT (-93.606559600362 41.60038841334)
2014800556,,05/12/2014,05-May,2-Monday,01:30,0100 Hours,District 2 (Northeast),,HANCOCK,US 18,US 18,Collision with fixed object:  Bridge overhead structure,Shoulder,Non-collision (single vehicle),Ran off road - left,Alcohol (Statutory),,Dark - roadway not lighted,Dry,Clear,None apparent,Non-intersection:  Other non-intersection (explain in narrative),Paved,,Minor Injury,0,1,0,1,0,0,17829,1,1,,POINT (-93.857167826098 43.097449399665)
2014798579,143276,05/12/2014,05-May,2-Monday,22:47,2200 Hours,District 4 (Southwest),WAUKEE,DALLAS,,Co Rd R22/UTE AVE,Collision with:  Animal,,,Animal,None Indicated,,,,,,,Paved,,Property Damage Only,0,0,0,0,0,0,8000,1,1,,POINT (-93.885399365405 41.592490217939)
2014798739,14003829,05/12/2014,05-May,2-Monday,01:38,0100 Hours,District 6 (East Central),,DELAWARE,US 20,US 20,Collision with:  Animal,,,Animal,None Indicated,,,,,,,Paved,,Property Damage Only,0,0,0,0,0,0,3000,1,1,,POINT (-91.469652649725 42.466087262428)
2014798900,14-019692,05/12/2014,05-May,2-Monday,14:15,1400 Hours,District 5 (Southeast),MUSCATINE,MUSCATINE,IA 22,IA 22/PARK AVE & CLEVELAND ST,Collision with:  Vehicle in traffic,On Roadway,Rear-end (front to rear),Followed too close,None Indicated,,Daylight,Dry,Clear,None apparent,Intersection:  Four-way intersection,Paved,,Possible/Unknown,0,1,0,0,1,0,1650,2,4,,POINT (-91.03018539573 41.45183771981)
2014798846,2014028623,05/12/2014,05-May,2-Monday,20:30,2000 Hours,District 4 (Southwest),,FREMONT,I-29,I-29,Collision with:  Animal,,Non-collision (single vehicle),Animal,None Indicated,,,,,,,Paved,,Property Damage Only,0,0,0,0,0,0,4000,1,1,,POINT (-95.806542754343 40.829117990658)
2014798620,20140013052,05/12/2014,05-May,2-Monday,16:00,1600 Hours,District 1 (Central),DES MOINES,POLK,,E UNIVERSITY AVE & PENNSYLVANIA AVE,Collision with:  Vehicle in traffic,On Roadway,Rear-end (front to rear),Followed too close,None Indicated,,Daylight,Dry,Cloudy,None apparent,Non-intersection:  Non-junction/no special feature,Paved,,Property Damage Only,0,0,0,0,0,0,2000,2,2,,POINT (-93.608863543303 41.600385242357)
2014798611,14-3107,05/12/2014,05-May,2-Monday,06:55,0600 Hours,District 1 (Central),DES MOINES,POLK,,NE 22ND ST,Collision with:  Vehicle in traffic,On Roadway,Rear-end (front to rear),Followed too close,None Indicated,,Daylight,Wet,Rain,None apparent,Non-intersection:  Non-junction/no special feature,Paved,,Property Damage Only,0,0,0,0,0,0,9500,2,2,,POINT (-93.581272895245 41.664199884448)
2014798635,14-2159,05/12/2014,05-May,2-Monday,15:28,1500 Hours,District 1 (Central),WEST DES MOINES,POLK,,22ND ST,Collision with:  Vehicle in traffic,On Roadway,Broadside (front to side),FTYROW:  From driveway,None Indicated,,Daylight,Dry,Clear,None apparent,Non-intersection:  Driveway access (within),Paved,,Property Damage Only,0,0,0,0,0,0,2000,2,3,,POINT (-93.736064691988 41.594299925812)
2014799436,,05/12/2014,05-May,2-Monday,16:50,1600 Hours,District 2 (Northeast),,FLOYD,,Co Rd T24/ECHO AVE,,Shoulder,Non-collision (single vehicle),Swerving/Evasive Action,None Indicated,,Daylight,Dry,Cloudy,None apparent,Non-intersection:  Non-junction/no special feature,Paved,,Possible/Unknown,0,1,0,0,1,0,15000,1,1,,POINT (-92.944973310956 43.084275633381)
2014799325,14-1031,05/12/2014,05-May,2-Monday,06:33,0600 Hours,District 1 (Central),URBANDALE,POLK,,86TH ST,Collision with:  Vehicle in traffic,On Roadway,Rear-end (front to rear),Illegally Parked/Unattended,None Indicated,,Daylight,Wet,Cloudy,None apparent,Non-intersection:  Non-junction/no special feature,Paved,,Property Damage Only,0,0,0,0,0,0,3000,2,4,,POINT (-93.736541284336 41.628821430868)
2014798644,14-018807,05/12/2014,05-May,2-Monday,17:15,1700 Hours,District 4 (Southwest),COUNCIL BLUFFS,POTTAWATTAMIE,,2ND AVE & S 35TH ST,Collision with:  Vehicle in traffic,On Roadway,Rear-end (front to rear),Followed too close,None Indicated,,Daylight,Wet,Cloudy,None apparent,Intersection:  Four-way intersection,Paved,,Property Damage Only,0,0,0,0,0,0,2300,2,6,,POINT (-95.90203002732 41.259807202854)
2014798623,20140012961,05/12/2014,05-May,2-Monday,14:30,1400 Hours,District 1 (Central),DES MOINES,POLK,,PLEASANTVIEW DR & SW 6TH ST,Collision with:  Vehicle in traffic,On Roadway,Broadside (front to side),FTYROW:  Making left turn,None Indicated,,Daylight,Wet,Cloudy,None apparent,Intersection:  T-intersection,Paved,,Minor Injury,0,1,0,1,0,0,5000,2,4,,POINT (-93.622021857108 41.557305105943)
2014798598,2014005251,05/12/2014,05-May,2-Monday,17:23,1700 Hours,District 6 (East Central),IOWA CITY,JOHNSON,US 6,US 6,Collision with:  Vehicle in traffic,On Roadway,Rear-end (front to rear),Other (explain in narrative):  Other,None Indicated,,Daylight,Wet,Rain,None apparent,Intersection:  Four-way intersection,Paved,,Property Damage Only,0,0,0,0,0,0,6600,3,6,,POINT (-91.532101185448 41.645433290182)
2014798672,14000215,05/12/2014,05-May,2-Monday,14:28,1400 Hours,District 5 (Southeast),ALBIA,MONROE,,A AVE E,Collision with:  Parked motor vehicle,On Roadway,Rear-end (front to rear),Improper Backing,None Indicated,,Daylight,Wet,Cloudy,None apparent,Non-intersection:  Non-junction/no special feature,Paved,,Property Damage Only,0,0,0,0,0,0,1500,2,1,,POINT (-92.80202422597 41.028088192858)
2014799037,201406634,05/12/2014,05-May,2-Monday,12:13,1200 Hours,District 6 (East Central),CEDAR RAPIDS,LINN,IA 922,IA 922/1ST AVE E,Collision with:  Vehicle in traffic,On Roadway,Rear-end (front to rear),Unknown,None Indicated,,Daylight,Wet,Rain,None apparent,Non-intersection:  Non-junction/no special feature,Paved,,Possible/Unknown,0,1,0,0,1,0,5000,2,2,,POINT (-91.649221870331 41.989915645433)
2014798808,2014-30500,05/12/2014,05-May,2-Monday,04:56,0400 Hours,District 6 (East Central),DAVENPORT,SCOTT,I-80,I-80,Non-collision events:  Other non-collision (explain in narrative),On Roadway,Non-collision (single vehicle),Traveling wrong way or on wrong side of road,None Indicated,,Dawn,Wet,Cloudy,"Surface condition (e.g., wet, icy)",Interchange-related:  On-ramp merge area,Paved,,Property Damage Only,0,0,0,0,0,0,10150,1,1,,POINT (-90.572002922167 41.595392469678)
2014798681,14006774,05/12/2014,05-May,2-Monday,20:30,2000 Hours,District 5 (Southeast),CENTERVILLE,APPANOOSE,IA 2,IA 2/IOWA 2,Collision with:  Animal,,,Animal,None Indicated,,,,,,,Paved,,Property Damage Only,0,0,0,0,0,0,3000,1,1,,POINT (-92.95295619651 40.739366581582)
2014799557,14-046455,05/12/2014,05-May,2-Monday,09:13,0900 Hours,District 2 (Northeast),,BLACK HAWK,,Co Rd C57/E CEDAR-WAPSI RD & Co Rd V43/N ELK RUN RD,Collision with:  Vehicle in traffic,On Roadway,Broadside (front to side),Ran Stop Sign,None Indicated,,Daylight,Wet,Rain,None apparent,Intersection:  Four-way intersection,Paved,,Major Injury,0,2,1,1,0,0,29250,2,2,,POINT (-92.258712077136 42.614145016891)
2014798588,SO1401761,05/12/2014,05-May,2-Monday,16:24,1600 Hours,District 5 (Southeast),,JEFFERSON,US 34,US 34,Collision with:  Animal,,,Animal,None Indicated,,,,,,,Paved,,Property Damage Only,0,0,0,0,0,0,5000,1,1,,POINT (-91.837686807158 41.002210503505)
2014798390,20140012919,05/12/2014,05-May,2-Monday,07:57,0700 Hours,District 1 (Central),DES MOINES,POLK,US 69,US 69/E 14TH ST & DES MOINES ST,Collision with:  Vehicle in traffic,On Roadway,"Sideswipe, same direction",FTYROW:  Other (explain in narrative),None Indicated,,Daylight,Wet,Rain,None apparent,Non-intersection:  Non-junction/no special feature,Paved,,Property Damage Only,0,0,0,0,0,0,1500,2,2,,POINT (-93.598344515847 41.594414625144)
2014798637,14-2160,05/12/2014,05-May,2-Monday,16:10,1600 Hours,District 1 (Central),WEST DES MOINES,POLK,,MILLS CIVIC PKWY,Collision with:  Vehicle in traffic,On Roadway,Rear-end (front to rear),Driving too fast for conditions,None Indicated,,Daylight,Wet,Rain,None apparent,Non-intersection:  Non-junction/no special feature,Paved,,Possible/Unknown,0,1,0,0,0,1,1700,3,3,,POINT (-93.783657799806 41.559100354125)
2014804457,1405120728,05/12/2014,05-May,2-Monday,07:28,0700 Hours,District 6 (East Central),,JONES,,Co Rd E28/RIDGE RD E-28,Collision with fixed object:  Ditch,Shoulder,Non-collision (single vehicle),Swerving/Evasive Action,None Indicated,,Unknown,Unknown,Cloudy,None apparent,Non-intersection:  Non-junction/no special feature,Paved,,Property Damage Only,0,0,0,0,0,0,5500,1,1,,POINT (-91.307028268532 42.110113808131)
2014798667,14-14578,05/12/2014,05-May,2-Monday,09:36,0900 Hours,District 3 (Northwest),SIOUX CITY,WOODBURY,IA 376,IA 376/LEWIS BLVD & 7TH ST,Collision with:  Vehicle in traffic,On Roadway,Broadside (front to side),FTYROW:  From stop sign,None Indicated,,Daylight,Wet,Rain,None apparent,Intersection:  Four-way intersection,Paved,,Possible/Unknown,0,1,0,0,1,0,4800,2,2,,POINT (-96.378241595975 42.497584981586)
2014803600,B14-900,05/12/2014,05-May,2-Monday,18:48,1800 Hours,District 3 (Northwest),SERGEANT BLUFF,WOODBURY,,Co Rd K29/OLD LAKEPORT RD & GLEN ELLEN RD,Collision with:  Vehicle in traffic,On Roadway,Rear-end (front to rear),Other (explain in narrative):  No improper action,None Indicated,,Daylight,Dry,Rain,None apparent,Intersection:  T-intersection,Paved,,Minor Injury,0,2,0,2,0,0,3000,2,4,,POINT (-96.341293434353 42.409965294038)
2014798655,14-1400,05/12/2014,05-May,2-Monday,17:00,1700 Hours,District 1 (Central),FORT DODGE,WEBSTER,,20TH AVE N & N 15TH ST,Collision with:  Vehicle in traffic,On Roadway,Rear-end (front to rear),Other (explain in narrative):  Other,None Indicated,,Daylight,Wet,Cloudy,None apparent,Intersection:  Four-way intersection,Paved,,Property Damage Only,0,0,0,0,0,0,3500,2,3,,POINT (-94.178004842827 42.526383400657)
2014799367,2014-09839,05/12/2014,05-May,2-Monday,07:55,0700 Hours,District 5 (Southeast),INDIANOLA,WARREN,IA 92,IA 92/W 2ND AVE,Collision with:  Vehicle in traffic,On Roadway,Rear-end (front to rear),Other (explain in narrative):  Other,None Indicated,,Daylight,Wet,Rain,"Surface condition (e.g., wet, icy)",Non-intersection:  Non-junction/no special feature,Paved,,Property Damage Only,0,0,0,0,0,0,7000,3,4,,POINT (-93.597604900377 41.35627098222)
2014799038,201406641,05/12/2014,05-May,2-Monday,13:21,1300 Hours,District 6 (East Central),CEDAR RAPIDS,LINN,,33RD AVE SW & BOWLING ST SW,Collision with:  Vehicle in traffic,On Roadway,Rear-end (front to rear),Lost Control,None Indicated,,Daylight,Dry,Cloudy,None apparent,Intersection:  Four-way intersection,Paved,,Property Damage Only,0,0,0,0,0,0,9000,2,2,,POINT (-91.657132142815 41.944967194553)
2014798966,E14-046,05/12/2014,05-May,2-Monday,05:26,0500 Hours,District 4 (Southwest),LOGAN,HARRISON,US 30,US 30/MAPLE AVE,Collision with:  Animal,,,Animal,None Indicated,,,,,,,Paved,,Property Damage Only,0,0,0,0,0,0,4000,1,1,,POINT (-95.791892619215 41.639856276483)
2014800251,2014028461,05/12/2014,05-May,2-Monday,12:21,1200 Hours,District 1 (Central),,POLK,I-35,I-35,Collision with:  Vehicle in traffic,On Roadway,Rear-end (front to rear),Swerving/Evasive Action,None Indicated,,Daylight,Dry,Cloudy,None apparent,Interchange-related:  On-ramp,Paved,,Possible/Unknown,0,1,0,0,1,0,13800,4,5,,POINT (-93.633883872494 41.649474314538)
2014798809,2014-30504,05/12/2014,05-May,2-Monday,07:11,0700 Hours,District 6 (East Central),DAVENPORT,SCOTT,,IA 461/HARRISON ST,Collision with:  Vehicle in traffic,On Roadway,"Sideswipe, same direction",FTYROW:  Other (explain in narrative),None Indicated,,Daylight,Dry,Cloudy,None apparent,Non-intersection:  Non-junction/no special feature,Paved,,Property Damage Only,0,0,0,0,0,0,12000,2,2,,POINT (-90.577213975985 41.556793125806)
2014802502,,05/12/2014,05-May,2-Monday,19:48,1900 Hours,District 2 (Northeast),,WINNESHIEK,,Co Rd A6W/RIVER RD,Non-collision events:  Overturn/rollover,Outside trafficway,Non-collision (single vehicle),Ran off road - right,None Indicated,,Daylight,"Mud, dirt",Cloudy,None apparent,Non-intersection:  Non-junction/no special feature,Unpaved,,Minor Injury,0,1,0,1,0,0,14000,1,1,,POINT (-91.653917235593 43.348760452252)
2014798865,,05/12/2014,05-May,2-Monday,13:30,1300 Hours,District 6 (East Central),CEDAR RAPIDS,LINN,,3RD AVE SW & 6TH ST SW,Collision with:  Vehicle in traffic,On Roadway,Rear-end (front to rear),Unknown,None Indicated,,Daylight,Dry,Cloudy,,Intersection:  Four-way intersection,Paved,,Property Damage Only,0,0,0,0,0,0,1900,2,2,,POINT (-91.678244202894 41.972402760846)
2014798323,14-3109,05/12/2014,05-May,2-Monday,08:00,0800 Hours,District 1 (Central),,POLK,,NE 22ND ST,Collision with:  Vehicle in traffic,On Roadway,Rear-end (front to rear),Other (explain in narrative):  Other,None Indicated,,Daylight,Wet,Rain,None apparent,Non-intersection:  Non-junction/no special feature,Paved,,Property Damage Only,0,0,0,0,0,0,2000,2,2,,POINT (-93.58129653358 41.653472250448)
2014799377,14-14610,05/12/2014,05-May,2-Monday,13:42,1300 Hours,District 3 (Northwest),SIOUX CITY,WOODBURY,US 20,US 20 & S LAKEPORT ST,Collision with:  Vehicle in traffic,On Roadway,Rear-end (front to rear),Other (explain in narrative):  Other,None Indicated,,Daylight,Wet,Rain,None apparent,Non-intersection:  Non-junction/no special feature,Paved,,Possible/Unknown,0,2,0,0,2,0,6000,2,3,,POINT (-96.347173663438 42.443722890396)
2014798642,14-018771,05/12/2014,05-May,2-Monday,13:20,1300 Hours,District 4 (Southwest),COUNCIL BLUFFS,POTTAWATTAMIE,US 275,US 275/VETERANS MEMORIAL HWY & COUNCIL POINTE RD,Collision with:  Vehicle in traffic,On Roadway,Broadside (front to side),FTYROW:  From stop sign,None Indicated,,Daylight,Wet,Cloudy,None apparent,Intersection:  T-intersection,Paved,,Property Damage Only,0,0,0,0,0,0,3500,2,3,,POINT (-95.89446813875 41.213173732238)
2014798346,20140012925,05/12/2014,05-May,2-Monday,09:00,0900 Hours,District 1 (Central),DES MOINES,POLK,I-235,I-235 & SCHOOL ST & 7TH ST,Collision with:  Vehicle in traffic,On Roadway,Broadside (front to side),Ran Traffic Signal,None Indicated,,Daylight,Wet,Rain,None apparent,Intersection:  Four-way intersection,Paved,,Property Damage Only,0,0,0,0,0,0,8500,2,3,,POINT (-93.626873488333 41.595235390449)
2014798745,01-14-19966,05/12/2014,05-May,2-Monday,15:42,1500 Hours,District 6 (East Central),DUBUQUE,DUBUQUE,,UNIVERSITY AVE & ALPINE ST,Non-collision events:  Other non-collision (explain in narrative),On Roadway,Non-collision (single vehicle),FTYROW:  Making left turn,None Indicated,,Daylight,Dry,Cloudy,None apparent,Intersection:  Four-way intersection,Paved,,Major Injury,0,1,1,0,0,0,3200,1,1,,POINT (-90.679770053215 42.499326768412)
2014798980,14006808,05/12/2014,05-May,2-Monday,17:54,1700 Hours,District 6 (East Central),,CEDAR,IA 130,IA 130/IOWA 130,Collision with:  Vehicle in traffic,On Roadway,"Sideswipe, opposite direction",Crossed centerline (undivided),None Indicated,,Daylight,Wet,Rain,None apparent,Non-intersection:  Non-junction/no special feature,Paved,,Property Damage Only,0,0,0,0,0,0,4000,2,2,,POINT (-91.108753229316 41.771876415516)
2014798615,14-002069,05/12/2014,05-May,2-Monday,18:53,1800 Hours,District 1 (Central),ANKENY,POLK,,W 1ST ST & SW STATE ST & NW STATE ST,Collision with:  Vehicle in traffic,On Roadway,Head-on (front to front),FTYROW:  Making left turn,None Indicated,,Daylight,Dry,Cloudy,None apparent,Intersection:  Four-way intersection,Paved,,Possible/Unknown,0,2,0,0,2,0,8000,2,2,,POINT (-93.621502529566 41.731857745616)
2014798810,2014-30515,05/12/2014,05-May,2-Monday,07:26,0700 Hours,District 6 (East Central),DAVENPORT,SCOTT,,W 15TH ST & GAINES ST,Collision with:  Vehicle in traffic,On Roadway,Rear-end (front to rear),Driving too fast for conditions,None Indicated,,Daylight,Dry,Cloudy,None apparent,Intersection:  Four-way intersection,Paved,,Property Damage Only,0,0,0,0,0,0,3000,2,2,,POINT (-90.582830164291 41.535115892085)
2014798629,20140012980,05/12/2014,05-May,2-Monday,16:35,1600 Hours,District 1 (Central),DES MOINES,POLK,US 69,US 69/E 14TH ST,Collision with:  Vehicle in traffic,On Roadway,"Sideswipe, same direction","Operating vehicle in an reckless, erratic, careless, negligent manner",None Indicated,,Daylight,Wet,Cloudy,None apparent,Non-intersection:  Non-junction/no special feature,Paved,,Property Damage Only,0,0,0,0,0,0,1500,2,2,,POINT (-93.600571987409 41.613363232537)
2014799270,14003057,05/12/2014,05-May,2-Monday,07:45,0700 Hours,District 3 (Northwest),ONAWA,MONONA,,IOWA AVE N & 22ND ST,Collision with:  Vehicle in traffic,On Roadway,Rear-end (front to rear),Followed too close,None Indicated,,Daylight,Wet,Rain,None apparent,Non-intersection:  Non-junction/no special feature,Paved,,Property Damage Only,0,0,0,0,0,0,5900,3,5,,POINT (-96.116865282356 42.027151063307)
2014798246,14-15808,05/12/2014,05-May,2-Monday,04:32,0400 Hours,District 5 (Southeast),BURLINGTON,DES MOINES,US 61,US 61 & VILLAGE CENTER DR,Collision with:  Animal,,Non-collision (single vehicle),Animal,None Indicated,,,,,,,Paved,,Property Damage Only,0,0,0,0,0,0,1500,1,1,,POINT (-91.141769884251 40.792993344678)
2014798391,20140012920,05/12/2014,05-May,2-Monday,08:08,0800 Hours,District 1 (Central),DES MOINES,POLK,I-235,I-235,Collision with:  Vehicle in traffic,On Roadway,Rear-end (front to rear),Driving too fast for conditions,None Indicated,,Daylight,Wet,Rain,None apparent,Interchange-related:  On-ramp merge area,Paved,,Property Damage Only,0,0,0,0,0,0,5500,3,3,,POINT (-93.590796568075 41.598281739657)
2014798555,W14-046487,05/12/2014,05-May,2-Monday,12:05,1200 Hours,District 2 (Northeast),WATERLOO,BLACK HAWK,,E 6TH ST & SYCAMORE ST,Collision with:  Vehicle in traffic,On Roadway,"Sideswipe, same direction",Made improper turn,None Indicated,,Daylight,Dry,Clear,None apparent,Intersection:  Four-way intersection,Paved,,Property Damage Only,0,0,0,0,0,0,2800,2,2,,POINT (-92.333859699177 42.496883589406)
2014798725,14-0512,05/12/2014,05-May,2-Monday,16:00,1600 Hours,District 5 (Southeast),OSCEOLA,CLARKE,US 34,US 34/W MC LANE ST & WARREN AVE,Collision with:  Vehicle in traffic,On Roadway,"Sideswipe, same direction",FTYROW:  Other (explain in narrative),None Indicated,,Daylight,Wet,Rain,None apparent,Intersection:  Four-way intersection,Paved,,Property Damage Only,0,0,0,0,0,0,4000,2,2,,POINT (-93.788687117502 41.02800997525)
2014798854,2014028412,05/12/2014,05-May,2-Monday,00:13,0000 Hours,District 1 (Central),,POLK,I-35,I-35 & Co Rd R56/NW 6TH DR,Non-collision events:  Other non-collision (explain in narrative),On Roadway,Non-collision (single vehicle),Lost Control,None Indicated,,Dark - roadway lighted,Wet,Rain,"Surface condition (e.g., wet, icy)",Non-intersection:  Other non-intersection (explain in narrative),Paved,,Major Injury,0,2,1,1,0,0,4500,1,2,,POINT (-93.627915476481 41.649480053533)
2014798659,14-1398,05/12/2014,05-May,2-Monday,16:45,1600 Hours,District 1 (Central),FORT DODGE,WEBSTER,,Co Rd D20/OLD HWY 20,Collision with:  Vehicle in traffic,On Roadway,"Sideswipe, same direction",Improper or erratic lane changing,None Indicated,,Daylight,Wet,Cloudy,None apparent,Non-intersection:  Non-junction/no special feature,Paved,,Property Damage Only,0,0,0,0,0,0,3501,2,2,,POINT (-94.208099439458 42.483887384438)
2014799951,14007416,05/12/2014,05-May,2-Monday,17:50,1700 Hours,District 2 (Northeast),MASON CITY,CERRO GORDO,,6TH ST NW & N ENTERPRISE AVE,Collision with:  Vehicle in traffic,On Roadway,"Sideswipe, same direction",Lost Control,None Indicated,,Daylight,Wet,Cloudy,None apparent,Non-intersection:  Non-junction/no special feature,Paved,,Property Damage Only,0,0,0,0,0,0,8500,2,1,,POINT (-93.201844522962 43.157248623378)
2014798744,01-14-19964,05/12/2014,05-May,2-Monday,15:37,1500 Hours,District 6 (East Central),DUBUQUE,DUBUQUE,,HILL ST,Collision with:  Vehicle in traffic,On Roadway,Rear-end (front to rear),FTYROW:  Other (explain in narrative),None Indicated,,Daylight,Dry,Cloudy,None apparent,Interchange-related:  On-ramp,Paved,,Property Damage Only,0,0,0,0,0,0,3500,2,4,,POINT (-90.678040214566 42.490169417098)
2014798691,W14-046604,05/12/2014,05-May,2-Monday,17:15,1700 Hours,District 2 (Northeast),WATERLOO,BLACK HAWK,,E SAN MARNAN DR,Collision with:  Vehicle in traffic,On Roadway,Rear-end (front to rear),Followed too close,None Indicated,,Daylight,Wet,Rain,None apparent,Non-intersection:  Non-junction/no special feature,Paved,,Property Damage Only,0,0,0,0,0,0,4000,2,3,,POINT (-92.343681240511 42.457251417735)
2014798974,W14-046565,05/12/2014,05-May,2-Monday,15:46,1500 Hours,District 2 (Northeast),WATERLOO,BLACK HAWK,,W 5TH ST & GRANT AVE & W 4TH ST,Collision with:  Vehicle in traffic,On Roadway,Broadside (front to side),Followed too close,None Indicated,,Daylight,Wet,Cloudy,None apparent,Intersection:  Four-way intersection,Paved,,Property Damage Only,0,0,0,0,0,0,3500,2,3,,POINT (-92.346273128467 42.489849463453)
2014800508,2014028589,05/12/2014,05-May,2-Monday,16:30,1600 Hours,District 6 (East Central),CEDAR RAPIDS,LINN,I-380,I-380,Collision with fixed object:  Guardrail - face,On Roadway,Non-collision (single vehicle),Swerving/Evasive Action,None Indicated,,Daylight,Wet,Rain,None apparent,Interchange-related:  On-ramp merge area,Paved,,Property Damage Only,0,0,0,0,0,0,11200,1,1,,POINT (-91.670651136473 41.884771739629)
2014798743,01-14-19902,05/12/2014,05-May,2-Monday,07:55,0700 Hours,District 6 (East Central),DUBUQUE,DUBUQUE,US 52,US 52,Collision with:  Vehicle in traffic,On Roadway,Rear-end (front to rear),Lost Control,None Indicated,,Daylight,Wet,Rain,None apparent,Non-intersection:  Non-junction/no special feature,Paved,,Property Damage Only,0,0,0,0,0,0,3500,2,2,,POINT (-90.668009405904 42.457546741722)
2014798630,20140012981,05/12/2014,05-May,2-Monday,17:49,1700 Hours,District 1 (Central),DES MOINES,POLK,IA 28,IA 28/MERLE HAY RD & AURORA AVE,Collision with:  Vehicle in traffic,On Roadway,Rear-end (front to rear),Followed too close,None Indicated,,Daylight,Dry,Clear,None apparent,Non-intersection:  Non-junction/no special feature,Paved,,Property Damage Only,0,0,0,0,0,0,3000,2,4,,POINT (-93.69772983841 41.636710645654)
2014804909,SA1403473,05/12/2014,05-May,2-Monday,14:11,1400 Hours,District 5 (Southeast),WELLMAN,WASHINGTON,,2ND ST,Collision with:  Vehicle in traffic,On Roadway,"Sideswipe, same direction",FTYROW:  Making left turn,None Indicated,,Daylight,Dry,Clear,None apparent,Non-intersection:  Driveway access (within),Paved,,Property Damage Only,0,0,0,0,0,0,10000,2,2,,POINT (-91.842722327632 41.46392916711)
2014799257,14-011098,05/12/2014,05-May,2-Monday,09:13,0900 Hours,District 5 (Southeast),,MARION,IA 14,IA 14/IOWA 14 & VIRGINIA ST,Collision with fixed object:  Ditch,Shoulder,Non-collision (single vehicle),Ran off road - left,None Indicated,,Daylight,Wet,Cloudy,None apparent,Non-intersection:  Non-junction/no special feature,Paved,,Minor Injury,0,1,0,1,0,0,8500,1,1,,POINT (-93.167314379475 41.175535898468)
2014799543,,05/12/2014,05-May,2-Monday,16:45,1600 Hours,District 6 (East Central),CEDAR RAPIDS,LINN,,18TH ST NW,Collision with:  Vehicle in traffic,On Roadway,"Angle, oncoming left turn",Unknown,None Indicated,,Daylight,Wet,Rain,,Non-intersection:  Driveway access (within),Paved,,Property Damage Only,0,0,0,0,0,0,2552,2,2,,POINT (-91.696652588369 41.974036276717)
2014798627,20140012960,05/12/2014,05-May,2-Monday,14:55,1400 Hours,District 1 (Central),DES MOINES,POLK,,SE 5TH ST & E MCKINLEY AVE,Collision with:  Vehicle in traffic,On Roadway,Broadside (front to side),Ran Traffic Signal,None Indicated,,Daylight,Wet,Cloudy,None apparent,Intersection:  Four-way intersection,Paved,,Possible/Unknown,0,1,0,0,1,0,12000,2,3,,POINT (-93.606506694937 41.540877580563)
2014798811,2014-30522,05/12/2014,05-May,2-Monday,09:04,0900 Hours,District 6 (East Central),DAVENPORT,SCOTT,I-80,I-80,Collision with:  Animal,,Non-collision (single vehicle),Animal,None Indicated,,,,,,,Paved,,Property Damage Only,0,0,0,0,0,0,1500,1,1,,POINT (-90.544702137611 41.595550851608)
2014798669,14-14601,05/12/2014,05-May,2-Monday,12:22,1200 Hours,District 3 (Northwest),SIOUX CITY,WOODBURY,,NEBRASKA ST,Collision with:  Parked motor vehicle,On Roadway,"Sideswipe, same direction",Ran off road - left,None Indicated,,Daylight,Wet,Rain,None apparent,Non-intersection:  Non-junction/no special feature,Paved,,Possible/Unknown,0,2,0,0,2,0,9500,2,2,,POINT (-96.403515294048 42.500059954573)