Iowa DOT Case Number,Law Enforcement Case Number,Date of Crash,Month of Crash,Day of Week,Time of Crash,Hour,DOT District,City Name,County Name,Route with System,Location Description,First Harmful Event,Location of First Harmful Event,Manner of Crash/Collision,Major Cause,Drug or Alcohol ,Environmental Conditions,Light Conditions,Surface Conditions,Weather Conditions,Roadway Contribution,Roadway Type,Roadway Surface,Work Zone,Crash Severity,Number of Fatalities,Number of Injuries,Number of Major Injuries,Number of Minor Injuries,Number of Possible Injuries,Number of Unknown Injuries,Amount of Property Damage,Number of Vehicles Involved,Total Number of Occupants,Travel Direction,Location
2014799121,2014-30558,05/12/2014,05-May,2-Monday,13:50,1300 Hours,District 6 (East Central),DAVENPORT,SCOTT,,JERSEY RIDGE RD,Collision with fixed object:  Tree,Outside trafficway,Non-collision (single vehicle),Ran off road - right,None Indicated,,Daylight,Dry,Clear,None apparent,Non-intersection:  Non-junction/no special feature,Paved,,Property Damage Only,0,0,0,0,0,0,5500,1,1,,POINT (-90.543424396499 41.532425059106)
2014799598,14-3843,05/12/2014,05-May,2-Monday,05:32,0500 Hours,District 3 (Northwest),,IDA,US 59,US 59,Collision with:  Animal,,,Animal,None Indicated,,,,,,,Paved,,Property Damage Only,0,0,0,0,0,0,1500,1,1,,POINT (-95.483869079262 42.350325618617)
2014798624,20140012969,05/12/2014,05-May,2-Monday,15:52,1500 Hours,District 1 (Central),DES MOINES,POLK,US 69,US 69/JOHNSON CT & E COURT AVE,Collision with:  Vehicle in traffic,On Roadway,Broadside (front to side),Unknown,None Indicated,,Daylight,Wet,Cloudy,None apparent,Intersection:  Four-way intersection,Paved,,Minor Injury,0,2,0,2,0,0,12000,2,3,,POINT (-93.595241620051 41.589710932712)
2014798812,2014-30557,05/12/2014,05-May,2-Monday,13:44,1300 Hours,District 6 (East Central),DAVENPORT,SCOTT,,W 17TH ST & N DIVISION ST,Collision with:  Vehicle in traffic,On Roadway,Broadside (front to side),FTYROW:  From stop sign,None Indicated,,Daylight,Dry,Clear,None apparent,Intersection:  Four-way intersection,Paved,,Possible/Unknown,0,1,0,0,1,0,4000,2,3,,POINT (-90.601152430145 41.536877755295)
2014798593,C14001448,05/12/2014,05-May,2-Monday,17:12,1700 Hours,District 6 (East Central),CORALVILLE,JOHNSON,,CORAL RIDGE AVE,Collision with:  Vehicle in traffic,On Roadway,Rear-end (front to rear),Ran off road - left,None Indicated,,Daylight,Wet,Rain,None apparent,Non-intersection:  Non-junction/no special feature,Paved,,Possible/Unknown,0,1,0,0,1,0,5500,2,2,,POINT (-91.608236598457 41.702042964078)
2014798746,01-14-19990,05/12/2014,05-May,2-Monday,17:38,1700 Hours,District 6 (East Central),DUBUQUE,DUBUQUE,US 61,US 61,Collision with fixed object:  Ditch,On Roadway,Non-collision (single vehicle),Ran off road - left,None Indicated,,Daylight,Wet,Rain,"Surface condition (e.g., wet, icy)",Non-intersection:  Non-junction/no special feature,Paved,,Minor Injury,0,1,0,1,0,0,10000,1,1,,POINT (-90.680107906179 42.438169845325)
2014798344,20140012918,05/12/2014,05-May,2-Monday,07:35,0700 Hours,District 1 (Central),DES MOINES,POLK,I-235,I-235 & 7TH ST,Collision with:  Vehicle in traffic,On Roadway,Rear-end (front to rear),Other (explain in narrative):  Other,None Indicated,,Daylight,Wet,Rain,None apparent,Interchange-related:  On-ramp merge area,Paved,,Property Damage Only,0,0,0,0,0,0,5000,2,2,,POINT (-93.626878978881 41.595802816851)
2014800877,2014-30648,05/12/2014,05-May,2-Monday,21:57,2100 Hours,District 6 (East Central),DAVENPORT,SCOTT,,W 2ND ST,Non-collision events:  Other non-collision (explain in narrative),On Roadway,Non-collision (single vehicle),Other (explain in narrative):  No improper action,None Indicated,,Dark - roadway lighted,Wet,Rain,None apparent,Non-intersection:  Non-junction/no special feature,Paved,,Fatal,1,0,0,0,0,0,1500,1,2,,POINT (-90.59318315528 41.521310142209)
2014798600,2014005264,05/12/2014,05-May,2-Monday,15:30,1500 Hours,District 6 (East Central),IOWA CITY,JOHNSON,,MIAMI DR,Collision with:  Non-motorist (see non-motorist section - NOT a unit),On Roadway,Non-collision (single vehicle),Unknown,None Indicated,,Daylight,Wet,Cloudy,None apparent,Non-intersection:  Non-junction/no special feature,Paved,,Minor Injury,0,1,0,1,0,0,0,1,1,,POINT (-91.504016780348 41.634452041523)
2014798658,14-1392,05/12/2014,05-May,2-Monday,11:30,1100 Hours,District 1 (Central),FORT DODGE,WEBSTER,,5TH AVE S & S 17TH ST,Collision with:  Vehicle in traffic,On Roadway,Rear-end (front to rear),Followed too close,None Indicated,,Daylight,Wet,Cloudy,None apparent,Non-intersection:  Non-junction/no special feature,Paved,,Property Damage Only,0,0,0,0,0,0,4500,2,2,,POINT (-94.174912558583 42.501055124976)
2014798603,14009551,05/12/2014,05-May,2-Monday,17:03,1700 Hours,District 6 (East Central),MARION,LINN,,7TH AVE,Collision with:  Vehicle in traffic,On Roadway,Rear-end (front to rear),Followed too close,None Indicated,,Daylight,Wet,Rain,"Surface condition (e.g., wet, icy)",Non-intersection:  Non-junction/no special feature,Paved,,Property Damage Only,0,0,0,0,0,0,2700,3,4,,POINT (-91.593324937587 42.033276305686)
2014798668,14-14592,05/12/2014,05-May,2-Monday,11:00,1100 Hours,District 3 (Northwest),SIOUX CITY,WOODBURY,,STONE AVE,Collision with:  Vehicle in traffic,On Roadway,Broadside (front to side),FTYROW:  From stop sign,None Indicated,,Daylight,Wet,Rain,None apparent,Non-intersection:  Driveway access (within),Paved,,Property Damage Only,0,0,0,0,0,0,3500,3,4,,POINT (-96.347093114426 42.479158198247)
2014798855,2014028417,05/12/2014,05-May,2-Monday,02:39,0200 Hours,District 1 (Central),,JASPER,I-80,I-80,Collision with:  Animal,,Non-collision (single vehicle),Animal,None Indicated,,,,,,,Paved,,Property Damage Only,0,0,0,0,0,0,4500,1,1,,POINT (-93.205886983423 41.699730535884)
2014799147,,05/12/2014,05-May,2-Monday,12:51,1200 Hours,District 2 (Northeast),CHARLES CITY,FLOYD,US 18,US 18/S GRAND AVE & 4TH ST,Collision with:  Vehicle in traffic,On Roadway,Rear-end (front to rear),Other (explain in narrative):  Other,None Indicated,,Daylight,Dry,Clear,None apparent,Intersection:  T-intersection,Paved,,Possible/Unknown,0,1,0,0,1,0,0,2,2,,POINT (-92.673109930704 43.060787275035)
2014799015,4514-023,05/12/2014,05-May,2-Monday,04:37,0400 Hours,District 2 (Northeast),,HOWARD,,VERNON RD & VALLEY AVE,Collision with fixed object:  Ditch,On Roadway,Non-collision (single vehicle),Ran off road - straight,None Indicated,,Dark - roadway not lighted,Wet,Cloudy,Non-highway work,Intersection:  T-intersection,Paved,,Minor Injury,0,1,0,1,0,0,0,1,1,,POINT (-92.138882607068 43.353242415224)
2014799118,2014-8887,05/12/2014,05-May,2-Monday,17:21,1700 Hours,District 6 (East Central),BETTENDORF,SCOTT,,CENTRAL AVE & 23RD ST,Collision with:  Vehicle in traffic,On Roadway,Broadside (front to side),Unknown,None Indicated,,Daylight,Dry,Cloudy,None apparent,Intersection:  Four-way intersection,Paved,,Property Damage Only,0,0,0,0,0,0,7000,2,2,,POINT (-90.500179225678 41.531483569761)
2014798599,2014005253,05/12/2014,05-May,2-Monday,19:59,1900 Hours,District 6 (East Central),IOWA CITY,JOHNSON,,KIRKWOOD AVE & DODGE ST,Collision with:  Vehicle in traffic,On Roadway,Broadside (front to side),Other (explain in narrative):  Other,None Indicated,,Dusk,Wet,Cloudy,None apparent,Intersection:  T-intersection,Paved,,Property Damage Only,0,0,0,0,0,0,3000,2,2,,POINT (-91.526185702002 41.649455706213)
2014798896,1400000388,05/12/2014,05-May,2-Monday,05:50,0500 Hours,District 1 (Central),,MARSHALL,US 30,US 30/240TH ST,Collision with:  Animal,,,Animal,None Indicated,,,,,,,Paved,,Property Damage Only,0,0,0,0,0,0,2000,1,1,,POINT (-92.979676289675 42.006120707943)
2014798813,2014-30598,05/12/2014,05-May,2-Monday,17:09,1700 Hours,District 6 (East Central),DAVENPORT,SCOTT,,E 13TH ST & BRIDGE AVE,Collision with:  Vehicle in traffic,On Roadway,Rear-end (front to rear),Followed too close,None Indicated,,Daylight,Dry,Cloudy,None apparent,Intersection:  T-intersection,Paved,,Property Damage Only,0,0,0,0,0,0,3000,2,3,,POINT (-90.557874522133 41.532877114207)
2014798641,14-018749,05/12/2014,05-May,2-Monday,11:21,1100 Hours,District 4 (Southwest),COUNCIL BLUFFS,POTTAWATTAMIE,,METRO DR & MCDERMOTT ST,Collision with:  Vehicle in traffic,On Roadway,Broadside (front to side),Unknown,None Indicated,,Daylight,Dry,Cloudy,None apparent,Non-intersection:  Non-junction/no special feature,Paved,,Property Damage Only,0,0,0,0,0,0,2000,2,4,,POINT (-95.836521762523 41.21966940724)
2014799221,14001098,05/12/2014,05-May,2-Monday,17:27,1700 Hours,District 6 (East Central),IOWA CITY,JOHNSON,,HAWKINS DR,Collision with:  Vehicle in traffic,On Roadway,"Sideswipe, same direction",Improper or erratic lane changing,None Indicated,,Daylight,Wet,Rain,None apparent,Non-intersection:  Non-junction/no special feature,Paved,,Property Damage Only,0,0,0,0,0,0,1575,2,2,,POINT (-91.552837407704 41.661584401166)
2014798939,14-8870,05/12/2014,05-May,2-Monday,13:42,1300 Hours,District 6 (East Central),BETTENDORF,SCOTT,,MIDDLE RD & BELMONT RD,Collision with:  Vehicle in traffic,On Roadway,"Sideswipe, same direction",Made improper turn,None Indicated,,Daylight,Dry,Cloudy,None apparent,Intersection:  Four-way intersection,Paved,,Property Damage Only,0,0,0,0,0,0,2300,2,5,,POINT (-90.477664961468 41.554732317074)
2014800045,14-002347,05/12/2014,05-May,2-Monday,14:05,1400 Hours,District 1 (Central),AMES,STORY,,LINCOLN WAY & BEACH AVE,Collision with:  Vehicle in traffic,On Roadway,Rear-end (front to rear),Followed too close,None Indicated,,Daylight,Dry,Cloudy,None apparent,Intersection:  Four-way intersection,Paved,,Minor Injury,0,2,0,1,1,0,550,2,3,,POINT (-93.639474263835 42.022732775561)
2014798347,20140012942,05/12/2014,05-May,2-Monday,11:52,1100 Hours,District 1 (Central),DES MOINES,POLK,,GRAND AVE & POLK BLVD,Collision with:  Non-motorist (see non-motorist section - NOT a unit),On Roadway,Non-collision (single vehicle),FTYROW:  From stop sign,None Indicated,,Daylight,Wet,Rain,None apparent,Intersection:  Four-way intersection,Paved,,Minor Injury,0,1,0,1,0,0,0,1,1,,POINT (-93.681610635948 41.58479976473)
2014798633,20140012899,05/12/2014,05-May,2-Monday,23:45,2300 Hours,District 1 (Central),DES MOINES,POLK,,2ND AVE,Collision with:  Vehicle in traffic,On Roadway,Broadside (front to side),Ran off road - straight,None Indicated,,Dark - roadway lighted,Wet,Rain,None apparent,Non-intersection:  Non-junction/no special feature,Paved,,Possible/Unknown,0,2,0,0,2,0,20000,2,3,,POINT (-93.619828517058 41.595066422139)
2014799059,14009568,05/12/2014,05-May,2-Monday,22:09,2200 Hours,District 6 (East Central),MARION,LINN,IA 13,IA 13/IOWA 13,Non-collision events:  Other non-collision (explain in narrative),On Roadway,Non-collision (single vehicle),Crossed centerline (undivided),None Indicated,,Dark - roadway not lighted,Wet,Rain,"Surface condition (e.g., wet, icy)",Non-intersection:  Crossover-related,Paved,,Minor Injury,0,1,0,1,0,0,2500,1,1,,POINT (-91.550252290552 42.055292014897)
2014848936,14-003073,05/12/2014,05-May,2-Monday,18:56,1800 Hours,District 3 (Northwest),,MONONA,IA 37,IA 37/IOWA 37,Collision with fixed object:  Ditch,Outside trafficway,Non-collision (single vehicle),Crossed centerline (undivided),Alcohol (Statutory),,Daylight,Dry,Cloudy,None apparent,Non-intersection:  Non-junction/no special feature,Paved,,Major Injury,0,1,1,0,0,0,7000,1,1,,POINT (-95.802581002458 41.998880054389)
2014798236,1405122771,05/12/2014,05-May,2-Monday,05:40,0500 Hours,District 6 (East Central),,CLINTON,,292 ST,Collision with:  Vehicle in traffic,On Roadway,Rear-end (front to rear),FTYROW:  From parked position,None Indicated,,Dawn,"Mud, dirt",Clear,None apparent,Non-intersection:  Non-junction/no special feature,Unpaved,,Property Damage Only,0,0,0,0,0,0,3000,2,2,,POINT (-90.354679434114 41.750163828986)
2014799194,14-15896,05/12/2014,05-May,2-Monday,20:20,2000 Hours,District 5 (Southeast),BURLINGTON,DES MOINES,US 34,US 34/SW RAMP & US 61,Collision with:  Vehicle in traffic,On Roadway,"Angle, oncoming left turn",FTYROW:  Other (explain in narrative),None Indicated,,Dark - roadway lighted,Wet,Rain,None apparent,Non-intersection:  Crossover-related,Paved,,Property Damage Only,0,0,0,0,0,0,4500,2,2,,POINT (-91.141424191868 40.816002818149)
2014799432,,05/12/2014,05-May,2-Monday,16:43,1600 Hours,District 6 (East Central),DE WITT,CLINTON,US 30,US 30/RAMP,Collision with fixed object:  Ditch,Shoulder,Non-collision (single vehicle),Swerving/Evasive Action,None Indicated,,Daylight,Dry,Cloudy,None apparent,Interchange-related:  On-ramp merge area,Paved,,Property Damage Only,0,0,0,0,0,0,4500,1,4,,POINT (-90.568052615784 41.804585852671)
2014812105,14-14574,05/12/2014,05-May,2-Monday,08:39,0800 Hours,District 3 (Northwest),SIOUX CITY,WOODBURY,,WINDSOR AVE & S OLIVE ST,Collision with:  Vehicle in traffic,On Roadway,Broadside (front to side),FTYROW:  At uncontrolled intersection,None Indicated,,Daylight,Wet,Rain,None apparent,Intersection:  Four-way intersection,Paved,,Property Damage Only,0,0,0,0,0,0,6500,2,3,,POINT (-96.338538198182 42.462866614671)
2014798776,20140012974,05/12/2014,05-May,2-Monday,16:26,1600 Hours,District 1 (Central),DES MOINES,POLK,US 69,US 69/E 15TH ST,Collision with:  Vehicle in traffic,On Roadway,Rear-end (front to rear),Followed too close,None Indicated,,Daylight,Wet,Rain,None apparent,Non-intersection:  Non-junction/no special feature,Paved,,Property Damage Only,0,0,0,0,0,0,4000,2,2,,POINT (-93.595477115828 41.594447526681)
2014798609,14-3138,05/12/2014,05-May,2-Monday,17:51,1700 Hours,District 1 (Central),,POLK,IA 415,IA 415/2ND AVE & NW 54TH AVE,Collision with:  Vehicle in traffic,On Roadway,"Angle, oncoming left turn",FTYROW:  Making left turn,None Indicated,,Daylight,Wet,Rain,None apparent,Intersection:  Four-way intersection,Paved,,Property Damage Only,0,0,0,0,0,0,4000,2,2,,POINT (-93.620220992129 41.658583022152)
2014798245,14-15837,05/12/2014,05-May,2-Monday,11:39,1100 Hours,District 5 (Southeast),BURLINGTON,DES MOINES,US 34,US 34/SW RAMP & US 61,Collision with:  Vehicle in traffic,On Roadway,Broadside (front to side),Ran Traffic Signal,None Indicated,,Daylight,Dry,Cloudy,None apparent,Intersection:  Intersection with ramp,Paved,,Property Damage Only,0,0,0,0,0,0,5000,2,2,,POINT (-91.141460751189 40.815967375907)
2014809447,20140028423,05/12/2014,05-May,2-Monday,07:30,0700 Hours,District 5 (Southeast),,WARREN,I-35,I-35,Collision with:  Animal,On Roadway,Non-collision (single vehicle),Animal,None Indicated,,Daylight,Dry,Cloudy,None apparent,Non-intersection:  Non-junction/no special feature,Paved,,Property Damage Only,0,0,0,0,0,0,6000,1,1,,POINT (-93.780756559442 41.379512575304)
2014806070,,05/12/2014,05-May,2-Monday,17:29,1700 Hours,District 2 (Northeast),CLEAR LAKE,CERRO GORDO,,,Collision with:  Vehicle in traffic,On Roadway,Rear-end (front to rear),Followed too close,None Indicated,,Daylight,Wet,Rain,None apparent,Non-intersection:  Non-junction/no special feature,,,Minor Injury,0,2,0,2,0,0,6300,2,3,,POINT (-96.643700149993 40.233091251414)
2014799041,201406655,05/12/2014,05-May,2-Monday,20:25,2000 Hours,District 6 (East Central),CEDAR RAPIDS,LINN,,32ND AVE SW & 6TH ST SW,Collision with:  Vehicle in traffic,On Roadway,Rear-end (front to rear),Lost Control,None Indicated,,Dusk,Wet,Rain,None apparent,Non-intersection:  Non-junction/no special feature,Paved,,Property Damage Only,0,0,0,0,0,0,5000,2,3,,POINT (-91.676434673281 41.945542620814)
2014799154,,05/12/2014,05-May,2-Monday,19:55,1900 Hours,District 2 (Northeast),,FLOYD,US 218,US 218,Collision with:  Vehicle in traffic,On Roadway,Rear-end (front to rear),Swerving/Evasive Action,None Indicated,,Daylight,Wet,Rain,None apparent,Non-intersection:  Non-junction/no special feature,Paved,,Property Damage Only,0,0,0,0,0,0,30000,2,2,,POINT (-92.661772598571 43.038836155778)
2014798654,14-0262,05/12/2014,05-May,2-Monday,12:40,1200 Hours,District 1 (Central),,WEBSTER,,Co Rd D20/200TH ST,Collision with:  Vehicle in traffic,On Roadway,Rear-end (front to rear),FTYROW:  Other (explain in narrative),None Indicated,,Daylight,Dry,Cloudy,None apparent,Non-intersection:  Non-junction/no special feature,Paved,,Property Damage Only,0,0,0,0,0,0,4300,2,2,,POINT (-94.015527802005 42.501038436596)
2014798573,14007412,05/12/2014,05-May,2-Monday,16:39,1600 Hours,District 2 (Northeast),MASON CITY,CERRO GORDO,US 65,US 65/S FEDERAL AVE & IA 122/5TH ST SE/5TH ST SW,Collision with:  Vehicle in traffic,On Roadway,"Sideswipe, same direction",Improper or erratic lane changing,None Indicated,,Daylight,Wet,Cloudy,None apparent,Intersection:  Other intersection (explain in narrative),Paved,,Property Damage Only,0,0,0,0,0,0,2000,2,2,,POINT (-93.201048859827 43.147164595842)
2014798602,14009556,05/12/2014,05-May,2-Monday,18:40,1800 Hours,District 6 (East Central),MARION,LINN,,29TH AVE & 35TH ST,Collision with:  Vehicle in traffic,On Roadway,Broadside (front to side),FTYROW:  From stop sign,None Indicated,,Daylight,Wet,Rain,None apparent,Intersection:  Four-way intersection,Paved,,Property Damage Only,0,0,0,0,0,0,4000,2,3,,POINT (-91.574446335264 42.050416515492)
2014800279,W14-046516,05/12/2014,05-May,2-Monday,13:21,1300 Hours,District 2 (Northeast),WATERLOO,BLACK HAWK,,BERTCH AVE & W 9TH ST,Collision with:  Vehicle in traffic,On Roadway,Rear-end (front to rear),FTYROW:  From driveway,None Indicated,,Daylight,Dry,Cloudy,None apparent,Non-intersection:  Driveway access (within),Paved,,Property Damage Only,0,0,0,0,0,0,2000,2,2,,POINT (-92.342901304473 42.482985736046)
2014798964,2014028599,05/12/2014,05-May,2-Monday,05:15,0500 Hours,District 5 (Southeast),,HENRY,US 218,US 218 & Co Rd H14/115TH ST,Non-collision events:  Overturn/rollover,On Roadway,Non-collision (single vehicle),Ran off road - left,None Indicated,,Daylight,Wet,Rain,None apparent,Non-intersection:  Non-junction/no special feature,Paved,,Minor Injury,0,1,0,1,0,0,15000,1,1,,POINT (-91.539942464646 41.141982971377)
2014806071,,05/12/2014,05-May,2-Monday,18:11,1800 Hours,District 2 (Northeast),CLEAR LAKE,CERRO GORDO,,2ND AVE S & S 10TH ST,Collision with:  Vehicle in traffic,On Roadway,Broadside (front to side),FTYROW:  From yield sign,None Indicated,,Daylight,Wet,Rain,None apparent,Intersection:  Four-way intersection,Paved,,Property Damage Only,0,0,0,0,0,0,4800,2,2,,POINT (-93.376015923625 43.13553935227)
2014798861,,05/12/2014,05-May,2-Monday,11:52,1100 Hours,District 4 (Southwest),STUART,ADAIR,,S 6TH ST & S SUMMIT ST,Collision with:  Vehicle in traffic,On Roadway,Broadside (front to side),FTYROW:  At uncontrolled intersection,None Indicated,,Daylight,Dry,Cloudy,None apparent,Intersection:  Four-way intersection,Paved,,Minor Injury,0,1,0,1,0,0,3700,2,2,,POINT (-94.325175364838 41.498254095929)
2014798695,051214-117,05/12/2014,05-May,2-Monday,12:28,1200 Hours,District 3 (Northwest),STORM LAKE,BUENA VISTA,,TORNADO DR & E MILWAUKEE AVE & RUSSELL ST,Collision with:  Vehicle in traffic,On Roadway,Broadside (front to side),FTYROW:  From stop sign,None Indicated,,Daylight,Wet,Rain,None apparent,Intersection:  T-intersection,Paved,,Property Damage Only,0,0,0,0,0,0,3000,2,2,,POINT (-95.191011478673 42.647458216262)
2014798636,14-2161,05/12/2014,05-May,2-Monday,16:15,1600 Hours,District 1 (Central),WEST DES MOINES,POLK,,UNIVERSITY AVE,Collision with:  Vehicle in traffic,On Roadway,Rear-end (front to rear),Followed too close,None Indicated,,Daylight,Wet,Rain,None apparent,Non-intersection:  Non-junction/no special feature,Paved,,Property Damage Only,0,0,0,0,0,0,1500,2,3,,POINT (-93.753845843527 41.600408689388)
2014798685,14046600,05/12/2014,05-May,2-Monday,17:06,1700 Hours,District 2 (Northeast),CEDAR FALLS,BLACK HAWK,IA 57,IA 57/1ST ST & ELLEN ST & N ELLEN ST,Collision with:  Vehicle in traffic,On Roadway,Rear-end (front to rear),Other (explain in narrative):  Other,None Indicated,,Daylight,Wet,Rain,None apparent,Non-intersection:  Non-junction/no special feature,Paved,,Property Damage Only,0,0,0,0,0,0,9000,2,3,,POINT (-92.463202853911 42.537836412691)
2014799468,14-11612,05/12/2014,05-May,2-Monday,10:34,1000 Hours,District 1 (Central),COLFAX,JASPER,,GALLANT ST,Collision with fixed object:  Ditch,On Roadway,Non-collision (single vehicle),Driving too fast for conditions,None Indicated,,Daylight,"Mud, dirt",Cloudy,None apparent,Non-intersection:  Non-junction/no special feature,Unpaved,,Possible/Unknown,0,1,0,0,1,0,4000,1,1,,POINT (-93.207690179732 41.737205849797)
2014804908,SA1403472,05/12/2014,05-May,2-Monday,13:06,1300 Hours,District 5 (Southeast),,WASHINGTON,US 218,US 218,Non-collision events:  Overturn/rollover,On Roadway,Non-collision (single vehicle),Ran off road - left,Alcohol (< Statutory),,Daylight,Dry,Clear,None apparent,Non-intersection:  Other non-intersection (explain in narrative),Paved,,Possible/Unknown,0,1,0,0,1,0,6000,1,1,,POINT (-91.534393614884 41.293553818919)
2014798690,W14-046551,05/12/2014,05-May,2-Monday,14:56,1400 Hours,District 2 (Northeast),WATERLOO,BLACK HAWK,,LELAND AVE,Collision with fixed object:  Traffic sign support,Outside trafficway,Non-collision (single vehicle),Ran off road - right,None Indicated,,Daylight,Wet,Cloudy,None apparent,Non-intersection:  Non-junction/no special feature,Paved,,Property Damage Only,0,0,0,0,0,0,8600,1,4,,POINT (-92.353025883552 42.495822630082)
2014798656,14-1401,05/12/2014,05-May,2-Monday,17:37,1700 Hours,District 1 (Central),FORT DODGE,WEBSTER,,CENTRAL AVE & S 15TH ST & N 15TH ST,Collision with:  Vehicle in traffic,On Roadway,Broadside (front to side),Ran Traffic Signal,None Indicated,,Daylight,Wet,Rain,None apparent,Intersection:  Four-way intersection,Paved,,Property Damage Only,0,0,0,0,0,0,3500,2,2,,POINT (-94.177709367055 42.506114639018)
2014798621,20140012954,05/12/2014,05-May,2-Monday,13:43,1300 Hours,District 1 (Central),DES MOINES,POLK,,LOCUST ST & 8TH ST,Collision with:  Vehicle in traffic,On Roadway,Rear-end (front to rear),Followed too close,None Indicated,,Daylight,Wet,Rain,None apparent,Non-intersection:  Non-junction/no special feature,Paved,,Property Damage Only,0,0,0,0,0,0,3200,3,3,,POINT (-93.627447042138 41.58631508838)
2014801731,14-04295,05/12/2014,05-May,2-Monday,11:34,1100 Hours,District 5 (Southeast),MOUNT PLEASANT,HENRY,,W BROAD ST & N BROADWAY ST,Collision with:  Vehicle in traffic,On Roadway,Rear-end (front to rear),Followed too close,None Indicated,,Daylight,Dry,Cloudy,None apparent,Intersection:  Four-way intersection,Paved,,Possible/Unknown,0,1,0,0,1,0,0,3,4,,POINT (-91.554369274867 40.97473793726)
2014798660,14-1399,05/12/2014,05-May,2-Monday,17:00,1700 Hours,District 1 (Central),FORT DODGE,WEBSTER,,2ND AVE N,Collision with:  Vehicle in traffic,On Roadway,Broadside (front to side),Other (explain in narrative):  No improper action,None Indicated,,Daylight,Wet,Rain,None apparent,Non-intersection:  Driveway access (within),Paved,,Property Damage Only,0,0,0,0,0,0,2500,2,2,,POINT (-94.167685404319 42.508360578876)
2014799850,201400022719,05/12/2014,05-May,2-Monday,11:04,1100 Hours,District 5 (Southeast),OTTUMWA,WAPELLO,,N ELM ST,Collision with:  Vehicle in traffic,On Roadway,Rear-end (front to rear),Other (explain in narrative):  Other,None Indicated,,Daylight,Wet,Clear,None apparent,Non-intersection:  Non-junction/no special feature,Paved,,Possible/Unknown,0,1,0,0,1,0,3000,2,2,,POINT (-92.397799596713 41.023649290637)
2014798597,2014005233,05/12/2014,05-May,2-Monday,10:13,1000 Hours,District 6 (East Central),IOWA CITY,JOHNSON,,N SCOTT BLVD & MIDDLEBURY RD,Collision with:  Vehicle in traffic,On Roadway,Rear-end (front to rear),Followed too close,None Indicated,,Daylight,Wet,Rain,"Surface condition (e.g., wet, icy)",Intersection:  T-intersection,Paved,,Property Damage Only,0,0,0,0,0,0,5500,2,2,,POINT (-91.482939914893 41.666978679596)
2014798693,201402087,05/12/2014,05-May,2-Monday,05:55,0500 Hours,District 1 (Central),,BOONE,,QUARTZ AVE,Collision with fixed object:  Ditch,On Roadway,Non-collision (single vehicle),FTYROW:  Other (explain in narrative),None Indicated,,Dawn,"Mud, dirt",Cloudy,None apparent,Non-intersection:  Non-junction/no special feature,Unpaved,,Property Damage Only,0,0,0,0,0,0,9500,1,1,,POINT (-93.844700946375 42.076075306186)
2014798632,20140013009,05/12/2014,05-May,2-Monday,22:37,2200 Hours,District 1 (Central),DES MOINES,POLK,,MAURY ST & SE 25TH ST,Collision with fixed object:  Utility pole/light support,Roadside,Broadside (front to side),Exceeded authorized speed,Alcohol (Statutory),,Dark - roadway lighted,Dry,Clear,None apparent,Intersection:  T-intersection,Paved,,Property Damage Only,0,0,0,0,0,0,12000,2,1,,POINT (-93.571140367064 41.580465629299)
2014805774,14-003544,05/12/2014,05-May,2-Monday,21:36,2100 Hours,District 2 (Northeast),FARMERSBURG,CLAYTON,IA 13,IA 13/IOWA 13,Collision with:  Animal,,,Animal,None Indicated,,,,,,,Paved,,Property Damage Only,0,0,0,0,0,0,2000,1,1,,POINT (-91.337860125204 42.943384639073)
2014820438,2014-36-AC,05/13/2014,05-May,3-Tuesday,21:20,2100 Hours,District 3 (Northwest),,DICKINSON,IA 9,IA 9/IOWA 9,Collision with:  Animal,,,Animal,None Indicated,,,,,,,Paved,,Property Damage Only,0,0,0,0,0,0,3000,1,1,,POINT (-95.240326065394 43.430457939891)
2014798796,14-019018,05/13/2014,05-May,3-Tuesday,17:00,1700 Hours,District 4 (Southwest),COUNCIL BLUFFS,POTTAWATTAMIE,,S 11TH ST,Collision with:  Non-motorist (see non-motorist section - NOT a unit),On Roadway,Non-collision (single vehicle),Unknown,None Indicated,,Daylight,Dry,Clear,None apparent,Non-intersection:  Non-junction/no special feature,Paved,,Possible/Unknown,0,1,0,0,1,0,0,1,1,,POINT (-95.860383314337 41.258346501181)
2014798874,1405138021,05/13/2014,05-May,3-Tuesday,02:40,0200 Hours,District 6 (East Central),,CLINTON,,Co Rd E63/150 AVE/190 ST,Collision with fixed object:  Ditch,Shoulder,Non-collision (single vehicle),Crossed centerline (undivided),Alcohol (Statutory),,Dark - roadway not lighted,Wet,Rain,None apparent,Non-intersection:  Non-junction/no special feature,Paved,,Minor Injury,0,2,0,1,1,0,4150,1,2,,POINT (-90.799972847215 41.90243275757)
2014798726,ED5132014,05/13/2014,05-May,3-Tuesday,13:15,1300 Hours,District 5 (Southeast),OSCEOLA,CLARKE,US 34,US 34/W MC LANE ST/E MC LANE ST & US 69/S MAIN ST,Collision with:  Vehicle in traffic,On Roadway,"Sideswipe, same direction",Unknown,None Indicated,,Daylight,Dry,Cloudy,None apparent,Intersection:  Four-way intersection,Paved,,Property Damage Only,0,0,0,0,0,0,1600,2,3,,POINT (-93.765664260663 41.030615421843)
2014798771,2014004536,05/13/2014,05-May,3-Tuesday,01:15,0100 Hours,District 1 (Central),MARSHALLTOWN,MARSHALL,,E MARION ST & N 18TH AVE,Collision with fixed object:  Ditch,Roadside,Non-collision (single vehicle),Ran Stop Sign,None Indicated,,Dark - roadway lighted,Dry,Clear,Debris,Intersection:  T-intersection,Paved,,Property Damage Only,0,0,0,0,0,0,6000,1,2,,POINT (-92.883919596673 42.056464842903)