Iowa DOT Case Number,Law Enforcement Case Number,Date of Crash,Month of Crash,Day of Week,Time of Crash,Hour,DOT District,City Name,County Name,Route with System,Location Description,First Harmful Event,Location of First Harmful Event,Manner of Crash/Collision,Major Cause,Drug or Alcohol ,Environmental Conditions,Light Conditions,Surface Conditions,Weather Conditions,Roadway Contribution,Roadway Type,Roadway Surface,Work Zone,Crash Severity,Number of Fatalities,Number of Injuries,Number of Major Injuries,Number of Minor Injuries,Number of Possible Injuries,Number of Unknown Injuries,Amount of Property Damage,Number of Vehicles Involved,Total Number of Occupants,Travel Direction,Location
2014798789,20140013033,05/13/2014,05-May,3-Tuesday,09:10,0900 Hours,District 1 (Central),DES MOINES,POLK,,URBANDALE AVE & 56TH ST,Collision with:  Vehicle in traffic,On Roadway,Broadside (front to side),FTYROW:  From stop sign,None Indicated,,Daylight,Dry,Cloudy,None apparent,Intersection:  Four-way intersection,Paved,,Property Damage Only,0,0,0,0,0,0,7500,2,2,,POINT (-93.694343889397 41.622157544673)
2014809942,14-3232PD,05/13/2014,05-May,3-Tuesday,16:25,1600 Hours,District 1 (Central),BOONE,BOONE,,2ND ST & S CEDAR ST,Collision with:  Vehicle in traffic,On Roadway,Broadside (front to side),FTYROW:  From stop sign,None Indicated,,Daylight,Dry,Clear,None apparent,Intersection:  Four-way intersection,Paved,,Property Damage Only,0,0,0,0,0,0,3500,2,3,,POINT (-93.871576010986 42.057609247917)
2014798897,1400000392,05/13/2014,05-May,3-Tuesday,02:45,0200 Hours,District 1 (Central),,MARSHALL,,UNDERWOOD AVE,Collision with fixed object:  Ditch,Shoulder,Non-collision (single vehicle),Ran off road - right,Alcohol (Statutory),,Dark - roadway not lighted,"Mud, dirt",Clear,None apparent,Non-intersection:  Non-junction/no special feature,Unpaved,,Possible/Unknown,0,1,0,0,0,1,8000,1,1,,POINT (-92.863675267837 42.074005379013)
2014798901,14002625,05/13/2014,05-May,3-Tuesday,16:13,1600 Hours,District 3 (Northwest),SHELDON,OBRIEN,US 18,US 18/PARK ST & WASHINGTON AVE & N WASHINGTON AVE,Collision with:  Vehicle in traffic,On Roadway,"Angle, oncoming left turn",Ran Traffic Signal,None Indicated,,Daylight,Dry,Cloudy,None apparent,Intersection:  Four-way intersection,Paved,,Minor Injury,0,1,0,1,0,0,4200,2,3,,POINT (-95.842185888212 43.186006376891)
2014801717,142329,05/13/2014,05-May,3-Tuesday,14:06,1400 Hours,District 1 (Central),IOWA FALLS,HARDIN,,OHIO AVE,Collision with:  Vehicle in traffic,On Roadway,Rear-end (front to rear),Improper Backing,None Indicated,,Daylight,Dry,Clear,None apparent,Non-intersection:  Non-junction/no special feature,Paved,,Property Damage Only,0,0,0,0,0,0,3600,2,3,,POINT (-93.280908809524 42.522286735127)
2014799559,14-46907,05/13/2014,05-May,3-Tuesday,15:35,1500 Hours,District 2 (Northeast),WATERLOO,BLACK HAWK,I-380,I-380,Collision with:  Vehicle in traffic,On Roadway,Rear-end (front to rear),Followed too close,None Indicated,,Daylight,Dry,Clear,None apparent,Intersection:  Intersection with ramp,Paved,,Property Damage Only,0,0,0,0,0,0,7000,2,2,,POINT (-92.318865032403 42.470102115485)
2014811411,14-263,05/13/2014,05-May,3-Tuesday,21:57,2100 Hours,District 5 (Southeast),,WAYNE,,Co Rd S50/200TH,Collision with fixed object:  Ditch,On Roadway,Non-collision (single vehicle),Crossed centerline (undivided),Alcohol (Statutory),,Dark - roadway not lighted,Dry,Cloudy,None apparent,Non-intersection:  Non-junction/no special feature,Unpaved,,Possible/Unknown,0,1,0,0,1,0,2000,1,1,,POINT (-93.192769548869 40.747214862478)
2014799251,20141035,05/13/2014,05-May,3-Tuesday,18:05,1800 Hours,District 6 (East Central),MOUNT VERNON,LINN,US 30,US 30 & IA 1/S 1ST AVE,Collision with:  Vehicle in traffic,On Roadway,"Sideswipe, same direction",Other (explain in narrative):  Other,None Indicated,,Daylight,Dry,Clear,None apparent,Non-intersection:  Non-junction/no special feature,Paved,,Property Damage Only,0,0,0,0,0,0,8500,2,2,,POINT (-91.423092333642 41.916079356913)
2014800592,01-14-20049,05/13/2014,05-May,3-Tuesday,07:18,0700 Hours,District 6 (East Central),DUBUQUE,DUBUQUE,,ROSEDALE AVE & ADAIR ST,Collision with:  Vehicle in traffic,On Roadway,"Sideswipe, same direction",Made improper turn,None Indicated,,Daylight,Dry,Cloudy,None apparent,Intersection:  T-intersection,Paved,,Property Damage Only,0,0,0,0,0,0,13000,2,2,,POINT (-90.690074710955 42.505352410126)
2014798759,SO1401771,05/13/2014,05-May,3-Tuesday,15:30,1500 Hours,District 5 (Southeast),FAIRFIELD,JEFFERSON,,Co Rd H35/GEAR AVE & Co Rd W18/KELP AVE & N 18TH ST,Collision with:  Vehicle in traffic,On Roadway,Broadside (front to side),Ran Stop Sign,None Indicated,,Daylight,Dry,Clear,None apparent,Intersection:  Four-way intersection,Paved,,Possible/Unknown,0,3,0,0,3,0,11500,2,3,,POINT (-91.982624778847 41.017354240858)
2014799379,14-14765,05/13/2014,05-May,3-Tuesday,19:23,1900 Hours,District 3 (Northwest),SIOUX CITY,WOODBURY,IA 376,IA 376/SINGING HILLS BLVD,Collision with:  Vehicle in traffic,On Roadway,"Sideswipe, same direction",Other (explain in narrative):  Other,None Indicated,,Daylight,Dry,Clear,None apparent,Non-intersection:  Non-junction/no special feature,Paved,,Property Damage Only,0,0,0,0,0,0,4000,2,2,,POINT (-96.372001080185 42.434917302495)
2014810099,14-11703,05/13/2014,05-May,3-Tuesday,14:15,1400 Hours,District 1 (Central),NEWTON,JASPER,US 6,US 6/1ST AVE E,Collision with:  Vehicle in traffic,On Roadway,Broadside (front to side),FTYROW:  From driveway,None Indicated,,Daylight,Dry,Clear,None apparent,Non-intersection:  Driveway access (within),Paved,,Property Damage Only,0,0,0,0,0,0,6000,2,3,,POINT (-93.039407984189 41.699214653083)
2014799656,2014-30840,05/13/2014,05-May,3-Tuesday,15:35,1500 Hours,District 6 (East Central),DAVENPORT,SCOTT,,HICKORY GROVE RD,Collision with:  Vehicle in traffic,Outside trafficway,Unknown,Other (explain in narrative):  Other,None Indicated,,Daylight,Dry,Clear,None apparent,Non-intersection:  Non-junction/no special feature,Paved,,Property Damage Only,0,0,0,0,0,0,1500,2,1,,POINT (-90.614747173116 41.548571850098)
2014799419,2014028776,05/13/2014,05-May,3-Tuesday,16:30,1600 Hours,District 2 (Northeast),,HANCOCK,,Co Rd B16/310TH ST & Co Rd R44/OAK AVE,Collision with fixed object:  Ditch,Roadside,Unknown,FTYROW:  From stop sign,None Indicated,,Daylight,Dry,Cloudy,None apparent,Intersection:  Four-way intersection,Paved,,Fatal,1,0,0,0,0,0,1500,2,5,,POINT (-93.695093064828 43.212873671472)
2014799954,14007486,05/13/2014,05-May,3-Tuesday,17:08,1700 Hours,District 2 (Northeast),MASON CITY,CERRO GORDO,,6TH ST SW & S MONROE AVE,Collision with:  Vehicle in traffic,On Roadway,"Angle, oncoming left turn",FTYROW:  Making left turn,None Indicated,,Daylight,Dry,Cloudy,None apparent,Intersection:  Four-way intersection,Paved,,Property Damage Only,0,0,0,0,0,0,5500,2,2,,POINT (-93.209064297274 43.146312779147)
2014798753,01-14-20113,05/13/2014,05-May,3-Tuesday,16:19,1600 Hours,District 6 (East Central),DUBUQUE,DUBUQUE,,W 7TH ST & LOCUST ST S,Collision with:  Vehicle in traffic,On Roadway,"Sideswipe, same direction",FTYROW:  Other (explain in narrative),None Indicated,,Daylight,Dry,Cloudy,None apparent,Non-intersection:  Non-junction/no special feature,Paved,,Property Damage Only,0,0,0,0,0,0,4500,2,2,,POINT (-90.667844078949 42.499651906082)
2014798780,20140013071,05/13/2014,05-May,3-Tuesday,15:45,1500 Hours,District 1 (Central),DES MOINES,POLK,,SE 8TH CT,Collision with:  Parked motor vehicle,On Roadway,"Sideswipe, same direction",Other (explain in narrative):  Other,None Indicated,,Daylight,Dry,Cloudy,None apparent,Non-intersection:  Non-junction/no special feature,Paved,,Property Damage Only,0,0,0,0,0,0,6000,2,777,,POINT (-93.601688128788 41.560376707568)
2014799735,14069169,05/13/2014,05-May,3-Tuesday,10:48,1000 Hours,District 6 (East Central),,JOHNSON,I-80,I-80,Non-collision events:  Overturn/rollover,Outside trafficway,Non-collision (single vehicle),Ran off road - right,None Indicated,,Daylight,Dry,Cloudy,None apparent,Non-intersection:  Non-junction/no special feature,Paved,,Major Injury,0,1,1,0,0,0,10000,1,1,,POINT (-91.777835405979 41.687741624324)
2014798777,20140013055,05/13/2014,05-May,3-Tuesday,13:10,1300 Hours,District 1 (Central),DES MOINES,POLK,,E HULL AVE & COLUMBIA ST,Collision with:  Vehicle in traffic,On Roadway,Head-on (front to front),FTYROW:  At uncontrolled intersection,None Indicated,,Daylight,Dry,Cloudy,None apparent,Intersection:  Four-way intersection,Paved,,Property Damage Only,0,0,0,0,0,0,4500,2,2,,POINT (-93.613882884871 41.622264102492)
2014798747,01-14-20072,05/13/2014,05-May,3-Tuesday,12:06,1200 Hours,District 6 (East Central),DUBUQUE,DUBUQUE,,E 20TH ST & JACKSON ST,Collision with:  Vehicle in traffic,On Roadway,Broadside (front to side),Ran Traffic Signal,None Indicated,,Daylight,Dry,Clear,None apparent,Intersection:  Four-way intersection,Paved,,Minor Injury,0,2,0,2,0,0,7500,2,2,,POINT (-90.668369952514 42.511693571618)
2014798697,14006831,05/13/2014,05-May,3-Tuesday,08:10,0800 Hours,District 6 (East Central),,CEDAR,IA 38,IA 38/IOWA 38,Collision with:  Animal,,,Animal,None Indicated,,,,,,,Paved,,Property Damage Only,0,0,0,0,0,0,8000,1,1,,POINT (-91.132772214387 41.70323438547)
2014798618,20140013028,05/13/2014,05-May,3-Tuesday,08:10,0800 Hours,District 1 (Central),DES MOINES,POLK,,UNIVERSITY AVE & 2ND AVE,Collision with:  Vehicle in traffic,On Roadway,Rear-end (front to rear),Followed too close,None Indicated,,Daylight,Dry,Cloudy,None apparent,Non-intersection:  Non-junction/no special feature,Paved,,Minor Injury,0,1,0,1,0,0,1500,2,2,,POINT (-93.619770769152 41.600317951252)
2014799953,14007483,05/13/2014,05-May,3-Tuesday,16:25,1600 Hours,District 2 (Northeast),MASON CITY,CERRO GORDO,IA 122,IA 122/5TH ST SE & S CAROLINA AVE,Collision with:  Vehicle in traffic,On Roadway,Rear-end (front to rear),Other (explain in narrative):  Other,None Indicated,,Daylight,Dry,Cloudy,None apparent,Intersection:  Four-way intersection,Paved,,Property Damage Only,0,0,0,0,0,0,1700,2,3,,POINT (-93.191038145939 43.147136723687)
2014798779,20140013068,05/13/2014,05-May,3-Tuesday,15:11,1500 Hours,District 1 (Central),DES MOINES,POLK,,32ND ST,Collision with:  Vehicle in traffic,On Roadway,Broadside (front to side),Other (explain in narrative):  Vision obstructed,None Indicated,,Daylight,Dry,Cloudy,None apparent,Non-intersection:  Non-junction/no special feature,Paved,,Property Damage Only,0,0,0,0,0,0,3000,2,2,,POINT (-93.660855086529 41.601188009754)
2014802964,A14038,05/13/2014,05-May,3-Tuesday,10:00,1000 Hours,District 5 (Southeast),KNOXVILLE,MARION,,E MONTGOMERY ST & S SPRUCE ST,Collision with:  Parked motor vehicle,On Roadway,"Angle, oncoming left turn",Unknown,None Indicated,,Daylight,Dry,Clear,None apparent,Non-intersection:  Driveway access (within),Paved,,Possible/Unknown,0,1,0,0,0,1,1800,2,1,,POINT (-93.090206209546 41.317144446482)
2014798750,01-14-20106,05/13/2014,05-May,3-Tuesday,15:57,1500 Hours,District 6 (East Central),DUBUQUE,DUBUQUE,,PENNSYLVANIA AVE,Collision with:  Vehicle in traffic,On Roadway,Rear-end (front to rear),Followed too close,None Indicated,,Daylight,Dry,Cloudy,None apparent,Non-intersection:  Non-junction/no special feature,Paved,,Property Damage Only,0,0,0,0,0,0,7000,2,2,,POINT (-90.719607857816 42.500468979467)
2014799424,68-14,05/13/2014,05-May,3-Tuesday,16:06,1600 Hours,District 3 (Northwest),ROCK VALLEY,SIOUX,,20TH ST & 16TH ST & ELMWOOD AVE,Collision with:  Vehicle in traffic,On Roadway,Broadside (front to side),FTYROW:  From stop sign,None Indicated,,Daylight,Dry,Clear,None apparent,Intersection:  Four-way intersection,Paved,,Property Damage Only,0,0,0,0,0,0,7600,2,2,,POINT (-96.294994538753 43.210810909951)
2014798983,14-006582,05/13/2014,05-May,3-Tuesday,16:43,1600 Hours,District 3 (Northwest),,CLAY,US 71,US 71 & Co Rd B14/280TH ST,Collision with:  Vehicle in traffic,On Roadway,Broadside (front to side),FTYROW:  From yield sign,None Indicated,,Daylight,Dry,Clear,None apparent,Intersection:  Four-way intersection,Paved,,Property Damage Only,0,0,0,0,0,0,9500,2,4,,POINT (-95.149558728668 43.241438384654)
2014800903,2014-30836,05/13/2014,05-May,3-Tuesday,15:44,1500 Hours,District 6 (East Central),DAVENPORT,SCOTT,,W 4TH ST,Collision with:  Vehicle in traffic,On Roadway,Rear-end (front to rear),Followed too close,None Indicated,,Daylight,Dry,Cloudy,None apparent,Non-intersection:  Non-junction/no special feature,Paved,,Property Damage Only,0,0,0,0,0,0,4000,3,3,,POINT (-90.611718170108 41.52338097608)
2014798790,20140013112,05/13/2014,05-May,3-Tuesday,22:46,2200 Hours,District 1 (Central),DES MOINES,POLK,US 69,US 69/E 14TH ST,Collision with fixed object:  Utility pole/light support,On Roadway,Non-collision (single vehicle),Swerving/Evasive Action,Alcohol (Statutory),,Dark - roadway lighted,Dry,Cloudy,None apparent,Non-intersection:  Non-junction/no special feature,Paved,,Property Damage Only,0,0,0,0,0,0,5100,1,1,,POINT (-93.600543298767 41.633557527976)
2014799043,201406682,05/13/2014,05-May,3-Tuesday,12:32,1200 Hours,District 6 (East Central),CEDAR RAPIDS,LINN,,48TH ST NE & COUNCIL ST NE,Collision with:  Vehicle in traffic,On Roadway,Rear-end (front to rear),Other (explain in narrative):  Other,None Indicated,,Daylight,Wet,Cloudy,None apparent,Intersection:  T-intersection,Paved,,Property Damage Only,0,0,0,0,0,0,3750,2,3,,POINT (-91.658259867342 42.026317415923)
2014798634,14-2176,05/13/2014,05-May,3-Tuesday,09:45,0900 Hours,District 1 (Central),WEST DES MOINES,POLK,I-235,I-235,Collision with:  Vehicle in traffic,On Roadway,"Sideswipe, same direction",Followed too close,None Indicated,,Daylight,Dry,Cloudy,None apparent,Non-intersection:  Non-junction/no special feature,Paved,,Property Damage Only,0,0,0,0,0,0,5000,2,2,,POINT (-93.745209051415 41.592331486903)
2014798792,14-2182,05/13/2014,05-May,3-Tuesday,15:15,1500 Hours,District 1 (Central),WEST DES MOINES,POLK,,39TH ST,Collision with:  Vehicle in traffic,On Roadway,Rear-end (front to rear),Followed too close,None Indicated,,Daylight,Dry,Clear,None apparent,Non-intersection:  Non-junction/no special feature,Paved,,Possible/Unknown,0,1,0,0,1,0,16000,3,4,,POINT (-93.756544553927 41.585916369086)
2014800726,2014028745,05/13/2014,05-May,3-Tuesday,14:32,1400 Hours,District 5 (Southeast),,MONROE,,Co Rd T15/565TH TRL,Collision with:  Vehicle in traffic,On Roadway,Head-on (front to front),Crossed centerline (undivided),None Indicated,,Daylight,"Mud, dirt",Clear,None apparent,Non-intersection:  Non-junction/no special feature,Unpaved,,Possible/Unknown,0,1,0,0,1,0,38000,2,2,,POINT (-92.965429391973 41.123667040815)
2014798847,2014028658,05/13/2014,05-May,3-Tuesday,08:51,0800 Hours,District 1 (Central),,POLK,I-35,I-35,Non-collision events:  Overturn/rollover,Roadside,Non-collision (single vehicle),Ran off road - right,None Indicated,,Daylight,Dry,Clear,None apparent,Non-intersection:  Non-junction/no special feature,Paved,,Possible/Unknown,0,1,0,0,1,0,5000,1,1,,POINT (-93.61202783421 41.649502697346)
2014798732,2014-2070,05/13/2014,05-May,3-Tuesday,11:19,1100 Hours,District 4 (Southwest),WAUKEE,DALLAS,,UNIVERSITY AVE & 98TH ST & SE WACO PL,Collision with:  Vehicle in traffic,On Roadway,Broadside (front to side),FTYROW:  To pedestrian,None Indicated,,Daylight,Dry,Cloudy,None apparent,Non-intersection:  Non-junction/no special feature,Paved,,Property Damage Only,0,0,0,0,0,0,12000,2,2,,POINT (-93.843412482971 41.600416984225)
2014799042,201406675,05/13/2014,05-May,3-Tuesday,10:34,1000 Hours,District 6 (East Central),CEDAR RAPIDS,LINN,,6TH AVE SW & 2ND ST SW,Collision with:  Vehicle in traffic,On Roadway,Unknown,Made improper turn,None Indicated,,Daylight,Dry,Cloudy,None apparent,Intersection:  Four-way intersection,Paved,,Property Damage Only,0,0,0,0,0,0,6500,2,2,,POINT (-91.67141039985 41.971369183027)
2014798748,01-14-20089,05/13/2014,05-May,3-Tuesday,13:50,1300 Hours,District 6 (East Central),DUBUQUE,DUBUQUE,US 52,US 52/KERRIGAN RD,Collision with fixed object:  Traffic sign support,Shoulder,Non-collision (single vehicle),Ran off road - right,None Indicated,,Daylight,Dry,Cloudy,None apparent,Non-intersection:  Non-junction/no special feature,Paved,,Property Damage Only,0,0,0,0,0,0,1700,1,1,,POINT (-90.667928360708 42.472502834521)
2014806808,32035-14,05/13/2014,05-May,3-Tuesday,10:05,1000 Hours,District 3 (Northwest),,EMMET,,Co Rd A20/150 ST,Collision with:  Other non-fixed object (explain in narrative),On Roadway,Non-collision (single vehicle),Swerving/Evasive Action,None Indicated,,Daylight,Dry,Clear,None apparent,Non-intersection:  Non-junction/no special feature,Paved,,Property Damage Only,0,0,0,0,0,0,5005,2,5,,POINT (-94.859093296069 43.430468917887)
2014798871,14-8191,05/13/2014,05-May,3-Tuesday,21:07,2100 Hours,District 2 (Northeast),,BREMER,US 218,US 218,Collision with:  Animal,,,Animal,None Indicated,,,,,,,Paved,,Property Damage Only,0,0,0,0,0,0,3200,1,1,,POINT (-92.478693825619 42.692688316273)
2014799117,14-8942,05/13/2014,05-May,3-Tuesday,19:06,1900 Hours,District 6 (East Central),BETTENDORF,SCOTT,,SPRUCE HILLS DR,Collision with:  Vehicle in traffic,On Roadway,Broadside (front to side),FTYROW:  Making left turn,None Indicated,,Daylight,Dry,Cloudy,None apparent,Non-intersection:  Driveway access (within),Paved,,Property Damage Only,0,0,0,0,0,0,3300,2,3,,POINT (-90.498853804349 41.548143487248)
2014800979,261400776,05/13/2014,05-May,3-Tuesday,18:34,1800 Hours,District 5 (Southeast),FLORIS,DAVIS,,Co Rd J12/WILLOW TRL,Non-collision events:  Overturn/rollover,On Roadway,Non-collision (single vehicle),Other (explain in narrative):  No improper action,None Indicated,,Daylight,Wet,Clear,"Surface condition (e.g., wet, icy)",Non-intersection:  Non-junction/no special feature,Unpaved,,Property Damage Only,0,0,0,0,0,0,5000,1,2,,POINT (-92.199787427658 40.884268034962)
2014798688,W14-046785,05/13/2014,05-May,3-Tuesday,08:19,0800 Hours,District 2 (Northeast),WATERLOO,BLACK HAWK,,E RIDGEWAY AVE,Collision with:  Vehicle in traffic,On Roadway,"Angle, oncoming left turn",FTYROW:  Making left turn,None Indicated,,Daylight,Dry,Cloudy,None apparent,Non-intersection:  Other non-intersection (explain in narrative),Paved,,Property Damage Only,0,0,0,0,0,0,5500,2,2,,POINT (-92.354161779221 42.469396849989)
2014798819,14-5490,05/13/2014,05-May,3-Tuesday,18:50,1800 Hours,District 3 (Northwest),,SIOUX,,Co Rd A54B/A54B BLVD,Collision with fixed object:  Ditch,Roadside,Non-collision (single vehicle),Ran off road - right,None Indicated,,Daylight,Dry,Clear,None apparent,Non-intersection:  Non-junction/no special feature,Paved,,Minor Injury,0,1,0,1,0,0,6000,1,1,,POINT (-96.496844583317 43.228870194345)
2014799104,14-000552,05/13/2014,05-May,3-Tuesday,16:22,1600 Hours,District 1 (Central),JOHNSTON,POLK,,NORTHGLENN DR,Collision with fixed object:  Utility pole/light support,Outside trafficway,Non-collision (single vehicle),Ran off road - right,None Indicated,,Daylight,Dry,Cloudy,None apparent,Non-intersection:  Non-junction/no special feature,Paved,,Possible/Unknown,0,1,0,0,1,0,3000,1,1,,POINT (-93.705592744279 41.686093722695)
2014799972,14-001608,05/13/2014,05-May,3-Tuesday,03:58,0300 Hours,District 5 (Southeast),,KEOKUK,IA 149,IA 149/IOWA 149,Collision with:  Animal,,,Animal,None Indicated,,,,,,,Paved,,Property Damage Only,0,0,0,0,0,0,2300,1,1,,POINT (-92.205143322756 41.322542203616)
2014801186,20141616,05/13/2014,05-May,3-Tuesday,01:50,0100 Hours,District 1 (Central),,GRUNDY,,242ND ST,Collision with:  Other non-fixed object (explain in narrative),On Roadway,Non-collision (single vehicle),Swerving/Evasive Action,None Indicated,,Dark - roadway not lighted,"Mud, dirt",Cloudy,None apparent,Non-intersection:  Other non-intersection (explain in narrative),Unpaved,,Possible/Unknown,0,1,0,0,1,0,13000,1,1,,POINT (-92.560713915969 42.351081187987)
2014798867,14046786,05/13/2014,05-May,3-Tuesday,08:27,0800 Hours,District 2 (Northeast),CEDAR FALLS,BLACK HAWK,,8TH ST & HUDSON RD,Collision with:  Vehicle in traffic,On Roadway,Broadside (front to side),FTYROW:  From stop sign,None Indicated,,Daylight,Dry,Cloudy,None apparent,Intersection:  Four-way intersection,Paved,,Possible/Unknown,0,1,0,0,1,0,8000,2,3,,POINT (-92.465570749197 42.531489392596)
2014799095,14-1042,05/13/2014,05-May,3-Tuesday,08:30,0800 Hours,District 1 (Central),URBANDALE,POLK,US 6,US 6/HICKMAN RD & NW 108TH ST,Collision with:  Vehicle in traffic,On Roadway,"Sideswipe, same direction",Unknown,None Indicated,,Daylight,Dry,Cloudy,None apparent,Non-intersection:  Non-junction/no special feature,Paved,,Possible/Unknown,0,1,0,0,1,0,700,2,2,,POINT (-93.76539257951 41.614869995614)
2014799163,W14-046881,05/13/2014,05-May,3-Tuesday,14:20,1400 Hours,District 2 (Northeast),WATERLOO,BLACK HAWK,US 63,US 63/E MULLAN AVE & DANE ST,Collision with:  Vehicle in traffic,On Roadway,"Angle, oncoming left turn",FTYROW:  Making left turn,None Indicated,,Daylight,Dry,Cloudy,None apparent,Intersection:  Four-way intersection,Paved,,Property Damage Only,0,0,0,0,0,0,6000,2,2,,POINT (-92.336666136691 42.507697847959)
2014798849,2014028796,05/13/2014,05-May,3-Tuesday,18:04,1800 Hours,District 4 (Southwest),,MILLS,I-29,I-29,Non-collision events:  Overturn/rollover,On Roadway,Non-collision (single vehicle),Ran off road - left,None Indicated,,Daylight,Dry,Clear,None apparent,Non-intersection:  Non-junction/no special feature,Paved,,Fatal,1,0,0,0,0,0,156000,1,1,,POINT (-95.807973743058 41.006220154602)
2014798904,05-14-093,05/13/2014,05-May,3-Tuesday,09:45,0900 Hours,District 3 (Northwest),LE MARS,PLYMOUTH,,2ND ST SE & 1ST AVE SE,Collision with fixed object:  Other fixed object (explain in narrative),Shoulder,Non-collision (single vehicle),Made improper turn,None Indicated,,Daylight,Dry,Clear,None apparent,Intersection:  Four-way intersection,Paved,,Property Damage Only,0,0,0,0,0,0,3000,1,1,,POINT (-96.165139816934 42.790603454983)
2014798794,14-018922,05/13/2014,05-May,3-Tuesday,08:00,0800 Hours,District 4 (Southwest),COUNCIL BLUFFS,POTTAWATTAMIE,US 6,US 6/KANESVILLE BLVD & N 1ST ST,Collision with:  Vehicle in traffic,On Roadway,Rear-end (front to rear),Other (explain in narrative):  Other,None Indicated,,Daylight,Dry,Clear,None apparent,Non-intersection:  Non-junction/no special feature,Paved,,Possible/Unknown,0,1,0,0,1,0,1000,2,2,,POINT (-95.845006731985 41.264572927816)
2014809873,14002497,05/13/2014,05-May,3-Tuesday,09:55,0900 Hours,District 2 (Northeast),,HANCOCK,,TAFT AVE,Collision with fixed object:  Ditch,On Roadway,Non-collision (single vehicle),Swerving/Evasive Action,None Indicated,,Daylight,"Mud, dirt",Cloudy,None apparent,Non-intersection:  Non-junction/no special feature,Unpaved,,Property Damage Only,0,0,0,0,0,0,2000,1,1,,POINT (-93.59679155166 42.960129317848)
2014804910,SA1403493,05/13/2014,05-May,3-Tuesday,05:18,0500 Hours,District 5 (Southeast),RIVERSIDE,WASHINGTON,IA 22,IA 22,Non-collision events:  Overturn/rollover,Shoulder,Non-collision (single vehicle),Swerving/Evasive Action,Alcohol (Statutory),,Dark - roadway not lighted,Dry,Clear,None apparent,Non-intersection:  Non-junction/no special feature,Paved,,Property Damage Only,0,0,0,0,0,0,8000,1,3,,POINT (-91.598288666836 41.482863182925)
2014799262,14102,05/13/2014,05-May,3-Tuesday,16:05,1600 Hours,District 5 (Southeast),PELLA,MARION,,UNION ST & E 3RD ST,Collision with:  Vehicle in traffic,On Roadway,Broadside (front to side),FTYROW:  From stop sign,None Indicated,,Daylight,Dry,Cloudy,None apparent,Intersection:  Four-way intersection,Paved,,Property Damage Only,0,0,0,0,0,0,2500,2,2,,POINT (-92.911252893639 41.404069613385)
2014809966,143231PD,05/13/2014,05-May,3-Tuesday,15:42,1500 Hours,District 1 (Central),BOONE,BOONE,,6TH ST & STORY ST,Collision with:  Vehicle in traffic,On Roadway,"Sideswipe, same direction",Made improper turn,None Indicated,,Daylight,Dry,Clear,None apparent,Intersection:  Four-way intersection,Paved,,Property Damage Only,0,0,0,0,0,0,2500,2,3,,POINT (-93.880007442856 42.061678871867)
2014798729,1405132621,05/13/2014,05-May,3-Tuesday,20:55,2000 Hours,District 6 (East Central),,CLINTON,US 30,US 30,Collision with:  Animal,,,Animal,None Indicated,,,,,,,Paved,,Property Damage Only,0,0,0,0,0,0,2500,1,1,,POINT (-90.506358182976 41.807540263008)
2014798765,14009615,05/13/2014,05-May,3-Tuesday,15:34,1500 Hours,District 6 (East Central),MARION,LINN,,7TH AVE & 13TH ST,Collision with:  Vehicle in traffic,On Roadway,Broadside (front to side),Ran Traffic Signal,None Indicated,,Daylight,Dry,Cloudy,None apparent,Intersection:  Four-way intersection,Paved,,Minor Injury,0,1,0,1,0,0,5000,2,2,,POINT (-91.595764568671 42.033306183966)
2014799150,,05/13/2014,05-May,3-Tuesday,15:09,1500 Hours,District 6 (East Central),CEDAR RAPIDS,LINN,IA 922,IA 922/1ST AVE W,Collision with:  Vehicle in traffic,On Roadway,Rear-end (front to rear),Unknown,None Indicated,,Daylight,Dry,Cloudy,,Non-intersection:  Non-junction/no special feature,Paved,,Property Damage Only,0,0,0,0,0,0,5000,3,3,,POINT (-91.677648129245 41.974962735054)
2014798971,14-046862,05/13/2014,05-May,3-Tuesday,13:25,1300 Hours,District 2 (Northeast),WATERLOO,BLACK HAWK,,CHARM DR,Collision with:  Vehicle in traffic,On Roadway,Rear-end (front to rear),Improper Backing,None Indicated,,Daylight,Dry,Cloudy,None apparent,Non-intersection:  Non-junction/no special feature,Paved,,Property Damage Only,0,0,0,0,0,0,8000,2,2,,POINT (-92.413847868783 42.447761241152)
2014798835,14-1413,05/13/2014,05-May,3-Tuesday,15:50,1500 Hours,District 1 (Central),FORT DODGE,WEBSTER,,2ND AVE N,Collision with:  Vehicle in traffic,On Roadway,Rear-end (front to rear),Driver Distraction:  Manual operation of an electronic communication device,None Indicated,,Daylight,Dry,Cloudy,None apparent,Non-intersection:  Railroad grade crossing,Paved,,Property Damage Only,0,0,0,0,0,0,3000,2,4,,POINT (-94.166370924649 42.508364960249)
2014798848,2014028713,05/13/2014,05-May,3-Tuesday,13:00,1300 Hours,District 1 (Central),PLEASANT HILL,POLK,US 65,US 65,Collision with:  Vehicle in traffic,On Roadway,Rear-end (front to rear),Followed too close,None Indicated,,Daylight,Dry,Clear,None apparent,Non-intersection:  Non-junction/no special feature,Paved,,Property Damage Only,0,0,0,0,0,0,4000,2,2,,POINT (-93.496314222261 41.604754297031)
2014798856,14-2866,05/13/2014,05-May,3-Tuesday,00:23,0000 Hours,District 2 (Northeast),,KOSSUTH,,Co Rd P30/70 AVE,Collision with:  Animal,On Roadway,Non-collision (single vehicle),Animal,None Indicated,,Dark - roadway not lighted,Dry,Severe winds,None apparent,Non-intersection:  Non-junction/no special feature,Paved,,Minor Injury,0,1,0,1,0,0,3500,1,1,,POINT (-94.324594841207 43.285449002594)
2014798945,2014-0165,05/13/2014,05-May,3-Tuesday,17:19,1700 Hours,District 5 (Southeast),NORWALK,WARREN,,ASPEN DR & ELM AVE,Collision with:  Vehicle in traffic,On Roadway,Broadside (front to side),Ran Stop Sign,None Indicated,,Daylight,Dry,Cloudy,None apparent,Intersection:  Four-way intersection,Paved,,Property Damage Only,0,0,0,0,0,0,7500,2,3,,POINT (-93.687914556336 41.472170598656)