Iowa DOT Case Number,Law Enforcement Case Number,Date of Crash,Month of Crash,Day of Week,Time of Crash,Hour,DOT District,City Name,County Name,Route with System,Location Description,First Harmful Event,Location of First Harmful Event,Manner of Crash/Collision,Major Cause,Drug or Alcohol ,Environmental Conditions,Light Conditions,Surface Conditions,Weather Conditions,Roadway Contribution,Roadway Type,Roadway Surface,Work Zone,Crash Severity,Number of Fatalities,Number of Injuries,Number of Major Injuries,Number of Minor Injuries,Number of Possible Injuries,Number of Unknown Injuries,Amount of Property Damage,Number of Vehicles Involved,Total Number of Occupants,Travel Direction,Location
2014799103,14-0389,05/15/2014,05-May,5-Thursday,17:20,1700 Hours,District 1 (Central),WINDSOR HEIGHTS,POLK,I-235,I-235,Collision with:  Vehicle in traffic,On Roadway,Rear-end (front to rear),Followed too close,None Indicated,,Daylight,Wet,Clear,"Surface condition (e.g., wet, icy)",Non-intersection:  Other non-intersection (explain in narrative),Paved,,Property Damage Only,0,0,0,0,0,0,38000,5,5,,POINT (-93.713112582957 41.593336695778)
2014800546,14-2934,05/15/2014,05-May,5-Thursday,16:05,1600 Hours,District 2 (Northeast),ALGONA,KOSSUTH,,S MINNESOTA ST,Collision with:  Parked motor vehicle,On Roadway,Rear-end (front to rear),Followed too close,None Indicated,,Daylight,Dry,Cloudy,None apparent,Non-intersection:  Non-junction/no special feature,Paved,,Possible/Unknown,0,1,0,0,1,0,1200,2,2,,POINT (-94.231780523347 43.066249927622)
2014799275,SO14001142,05/15/2014,05-May,5-Thursday,06:28,0600 Hours,District 3 (Northwest),,PLYMOUTH,IA 3,IA 3/IOWA 3 & TAMARACK AVE,Collision with:  Vehicle in traffic,On Roadway,Broadside (front to side),FTYROW:  From stop sign,None Indicated,,Daylight,Dry,Clear,None apparent,Intersection:  Four-way intersection,Paved,,Major Injury,0,2,1,1,0,0,35000,2,3,,POINT (-95.878634867484 42.807670654776)
2014799449,14047594,05/15/2014,05-May,5-Thursday,15:20,1500 Hours,District 2 (Northeast),CEDAR FALLS,BLACK HAWK,,W 12TH ST & HUDSON RD,Collision with:  Vehicle in traffic,On Roadway,Broadside (front to side),Ran Traffic Signal,None Indicated,,Daylight,Wet,Rain,None apparent,Intersection:  Four-way intersection,Paved,,Property Damage Only,0,0,0,0,0,0,9000,2,3,,POINT (-92.465554444752 42.527688869082)
2014799365,2014-10045,05/15/2014,05-May,5-Thursday,05:34,0500 Hours,District 5 (Southeast),,WARREN,US 65,US 65,Collision with:  Animal,On Roadway,Non-collision (single vehicle),Animal,None Indicated,,Dawn,Wet,Cloudy,None apparent,Non-intersection:  Non-junction/no special feature,Paved,,Property Damage Only,0,0,0,0,0,0,7000,1,1,,POINT (-93.559732621027 41.31309854703)
2014799213,2014005357,05/15/2014,05-May,5-Thursday,14:53,1400 Hours,District 6 (East Central),IOWA CITY,JOHNSON,,MELROSE AVE,Collision with:  Vehicle in traffic,On Roadway,"Sideswipe, same direction",FTYROW:  Other (explain in narrative),None Indicated,,Daylight,Wet,Cloudy,None apparent,Non-intersection:  Non-junction/no special feature,Paved,,Property Damage Only,0,0,0,0,0,0,2300,2,2,,POINT (-91.543961146387 41.656797717556)
2014798931,14-2213,05/15/2014,05-May,5-Thursday,00:34,0000 Hours,District 1 (Central),WEST DES MOINES,POLK,,GRAND AVE & 10TH ST,Collision with fixed object:  Utility pole/light support,On Roadway,Non-collision (single vehicle),Lost Control,Refused,,Dark - roadway lighted,Wet,Rain,None apparent,Non-intersection:  Non-junction/no special feature,Paved,,Property Damage Only,0,0,0,0,0,0,5000,1,1,,POINT (-93.715812047268 41.582457199075)
2014800878,2014-31324,05/15/2014,05-May,5-Thursday,11:17,1100 Hours,District 6 (East Central),DAVENPORT,SCOTT,US 6,US 6/E KIMBERLY RD,Collision with:  Vehicle in traffic,On Roadway,Rear-end (front to rear),Driver Distraction:  Reaching for object(s)/fallen object(s),None Indicated,,Daylight,Dry,Cloudy,None apparent,Non-intersection:  Non-junction/no special feature,Paved,,Possible/Unknown,0,1,0,0,1,0,7000,2,2,,POINT (-90.560175189053 41.557117132201)
2014799116,GP20140371,05/15/2014,05-May,5-Thursday,12:01,1200 Hours,District 1 (Central),GRINNELL,POWESHIEK,US 6,US 6/6TH AVE & REED ST,Collision with:  Vehicle in traffic,On Roadway,Broadside (front to side),FTYROW:  From stop sign,None Indicated,,Daylight,Dry,Clear,None apparent,Intersection:  Four-way intersection,Paved,,Minor Injury,0,1,0,1,0,0,5000,2,2,,POINT (-92.733276180318 41.746199133133)
2014799883,2014029030,05/15/2014,05-May,5-Thursday,06:20,0600 Hours,District 1 (Central),,BOONE,,Co Rd E18/130TH ST,Collision with:  Animal,,,Animal,None Indicated,,,,,,,Paved,,Property Damage Only,0,0,0,0,0,0,1500,1,1,,POINT (-93.752018814756 42.1664688347)
2014799423,2014029039,05/15/2014,05-May,5-Thursday,07:27,0700 Hours,District 6 (East Central),WALFORD,LINN,,1ST ST N,Collision with:  Vehicle in traffic,On Roadway,Rear-end (front to rear),Followed too close,None Indicated,,Dawn,Dry,Cloudy,None apparent,Non-intersection:  Non-junction/no special feature,Paved,,Property Damage Only,0,0,0,0,0,0,4600,2,4,,POINT (-91.831603383603 41.880767067313)
2014799054,201406806,05/15/2014,05-May,5-Thursday,18:03,1800 Hours,District 6 (East Central),CEDAR RAPIDS,LINN,,WILSON AVE SW & EDGEWOOD RD SW,Collision with:  Vehicle in traffic,On Roadway,Broadside (front to side),Ran Traffic Signal,None Indicated,,Daylight,Wet,Rain,None apparent,Intersection:  Four-way intersection,Paved,,Property Damage Only,0,0,0,0,0,0,4500,2,2,,POINT (-91.716267883224 41.956487540699)
2014799853,201400023411,05/15/2014,05-May,5-Thursday,20:30,2000 Hours,District 5 (Southeast),OTTUMWA,WAPELLO,,E 2ND ST,Collision with:  Non-motorist (see non-motorist section - NOT a unit),On Roadway,Non-collision (single vehicle),Other (explain in narrative):  No improper action,None Indicated,,Dark - roadway lighted,Wet,Rain,None apparent,Non-intersection:  Non-junction/no special feature,Paved,,Minor Injury,0,1,0,1,0,0,0,1,2,,POINT (-92.401923902881 41.012158360546)
2014799430,,05/15/2014,05-May,5-Thursday,12:15,1200 Hours,District 6 (East Central),CLARENCE,CEDAR,,6TH AVE,Collision with:  Vehicle in traffic,On Roadway,"Sideswipe, same direction",Other (explain in narrative):  Other,None Indicated,,Daylight,Dry,Cloudy,None apparent,Non-intersection:  Non-junction/no special feature,Paved,,Property Damage Only,0,0,0,0,0,0,3500,2,2,,POINT (-91.05632407921 41.887201078091)
2014799100,14-2218,05/15/2014,05-May,5-Thursday,15:25,1500 Hours,District 1 (Central),WEST DES MOINES,POLK,,WESTOWN PL & 35TH ST/VALLEY WEST DR,Collision with:  Vehicle in traffic,On Roadway,Broadside (front to side),Ran Traffic Signal,None Indicated,,Daylight,Wet,Cloudy,None apparent,Intersection:  Four-way intersection,Paved,,Property Damage Only,0,0,0,0,0,0,9000,2,2,,POINT (-93.751927280785 41.596395032092)
2014799472,C14001486,05/15/2014,05-May,5-Thursday,13:01,1300 Hours,District 6 (East Central),CORALVILLE,JOHNSON,,HEARTLAND DR,Collision with:  Vehicle in traffic,On Roadway,Rear-end (front to rear),Driving too fast for conditions,None Indicated,,Daylight,Dry,Cloudy,None apparent,Non-intersection:  Non-junction/no special feature,Paved,,Property Damage Only,0,0,0,0,0,0,4000,2,5,,POINT (-91.608449641855 41.700523391301)
2014798928,20140013242,05/15/2014,05-May,5-Thursday,07:10,0700 Hours,District 1 (Central),DES MOINES,POLK,I-235,I-235,Collision with:  Vehicle in traffic,On Roadway,Rear-end (front to rear),Unknown,None Indicated,,Daylight,Dry,Clear,Other (explain in narrative),Non-intersection:  Non-junction/no special feature,Paved,,Property Damage Only,0,0,0,0,0,0,13700,4,5,,POINT (-93.764861204415 41.592238452167)
2014799164,W14-047550,05/15/2014,05-May,5-Thursday,12:19,1200 Hours,District 2 (Northeast),WATERLOO,BLACK HAWK,,CAMBELL AVE & HOME PARK BLVD & ANSBOROUGH AVE,Collision with:  Vehicle in traffic,On Roadway,Broadside (front to side),Unknown,None Indicated,,Daylight,Wet,Rain,None apparent,Intersection:  Four-way intersection,Paved,,Property Damage Only,0,0,0,0,0,0,3000,2,2,,POINT (-92.377002927338 42.485715830551)
2014798976,W14-047486,05/15/2014,05-May,5-Thursday,07:17,0700 Hours,District 2 (Northeast),WATERLOO,BLACK HAWK,,EASTON AVE & KIMBALL AVE,Collision with:  Vehicle in traffic,On Roadway,Rear-end (front to rear),Exceeded authorized speed,None Indicated,,Daylight,Dry,Cloudy,None apparent,Intersection:  T-intersection,Paved,,Minor Injury,0,1,0,1,0,0,600,2,3,,POINT (-92.357007445086 42.473042216811)
2014799573,CL14001484,05/15/2014,05-May,5-Thursday,07:53,0700 Hours,District 6 (East Central),CLINTON,CLINTON,US 67,US 67/S 3RD ST/7TH AVE S,Collision with:  Vehicle in traffic,On Roadway,"Sideswipe, same direction",FTYROW:  Making right turn on red signal,None Indicated,,Daylight,Dry,Cloudy,None apparent,Intersection:  Four-way intersection,Paved,,Property Damage Only,0,0,0,0,0,0,1500,2,2,,POINT (-90.190719741566 41.838974538304)
2014799166,W14-047603,05/15/2014,05-May,5-Thursday,16:07,1600 Hours,District 2 (Northeast),WATERLOO,BLACK HAWK,,E PARK AVE & FRANKLIN ST,Collision with:  Vehicle in traffic,On Roadway,"Angle, oncoming left turn",FTYROW:  Making left turn,None Indicated,,Daylight,Wet,Rain,None apparent,Intersection:  Four-way intersection,Paved,,Property Damage Only,0,0,0,0,0,0,3000,2,2,,POINT (-92.334202295382 42.501298435134)
2014799599,14-3922,05/15/2014,05-May,5-Thursday,16:40,1600 Hours,District 3 (Northwest),IDA GROVE,IDA,US 59,US 59/OHIO ST & WASHINGTON ST,Collision with:  Non-motorist (see non-motorist section - NOT a unit),On Roadway,Non-collision (single vehicle),Other (explain in narrative):  No improper action,None Indicated,,Daylight,Dry,Clear,None apparent,Intersection:  Four-way intersection,Paved,,Minor Injury,0,1,0,1,0,0,100,1,2,,POINT (-95.465459897137 42.348976147154)
2014803050,140515BJ01,05/15/2014,05-May,5-Thursday,18:35,1800 Hours,District 3 (Northwest),ALTON,SIOUX,IA 60,IA 60/IOWA 60,Collision with fixed object:  Traffic sign support,Shoulder,Non-collision (single vehicle),Swerving/Evasive Action,None Indicated,,Daylight,Dry,Cloudy,None apparent,Non-intersection:  Non-junction/no special feature,Paved,,Property Damage Only,0,0,0,0,0,0,4100,1,1,,POINT (-96.002985721107 42.976691336094)
2014799450,14047627,05/15/2014,05-May,5-Thursday,17:47,1700 Hours,District 2 (Northeast),CEDAR FALLS,BLACK HAWK,,GREENHILL RD & CEDAR HEIGHTS DR,Collision with:  Vehicle in traffic,On Roadway,Rear-end (front to rear),Driver Distraction:  Manual operation of an electronic communication device,None Indicated,,Daylight,Dry,Cloudy,None apparent,Non-intersection:  Non-junction/no special feature,Paved,,Property Damage Only,0,0,0,0,0,0,14000,4,6,,POINT (-92.411284610764 42.49810898414)
2014799388,14-15002,05/15/2014,05-May,5-Thursday,13:24,1300 Hours,District 3 (Northwest),SIOUX CITY,WOODBURY,,DACE AVE & S LINN ST,Collision with:  Vehicle in traffic,On Roadway,Broadside (front to side),Ran Stop Sign,None Indicated,,Daylight,Dry,Cloudy,None apparent,Intersection:  Four-way intersection,Paved,,Property Damage Only,0,0,0,0,0,0,2200,2,2,,POINT (-96.375881207865 42.488776169705)
2014800454,14-002384,05/15/2014,05-May,5-Thursday,13:45,1300 Hours,District 1 (Central),AMES,STORY,,LINCOLN WAY & S DAKOTA AVE & N DAKOTA AVE,Collision with:  Vehicle in traffic,On Roadway,Rear-end (front to rear),Followed too close,None Indicated,,Daylight,Dry,Cloudy,None apparent,Intersection:  Four-way intersection,Paved,,Property Damage Only,0,0,0,0,0,0,1500,3,4,,POINT (-93.678733212685 42.022957668764)
2014799214,2014005358,05/15/2014,05-May,5-Thursday,14:54,1400 Hours,District 6 (East Central),IOWA CITY,JOHNSON,,S 1ST AVE,Collision with:  Vehicle in traffic,On Roadway,Broadside (front to side),FTYROW:  From driveway,None Indicated,,Daylight,Wet,Cloudy,None apparent,Non-intersection:  Driveway access (within),Paved,,Property Damage Only,0,0,0,0,0,0,2000,2,2,,POINT (-91.50302332173 41.64313974272)
2014799566,14-120,05/15/2014,05-May,5-Thursday,18:31,1800 Hours,District 2 (Northeast),WAVERLY,BREMER,,2ND ST SE,Collision with:  Vehicle in traffic,On Roadway,Head-on (front to front),Other (explain in narrative):  Other,None Indicated,,Daylight,Dry,Cloudy,None apparent,Non-intersection:  Non-junction/no special feature,Paved,,Property Damage Only,0,0,0,0,0,0,5000,2,1,,POINT (-92.468088567824 42.723744623791)
2014799051,201406802,05/15/2014,05-May,5-Thursday,16:56,1600 Hours,District 6 (East Central),CEDAR RAPIDS,LINN,IA 922,IA 922/1ST AVE W & 6TH ST SW & 6TH ST NW,Collision with:  Vehicle in traffic,On Roadway,Rear-end (front to rear),Lost Control,None Indicated,,Daylight,Wet,Rain,None apparent,Intersection:  Four-way intersection,Paved,,Property Damage Only,0,0,0,0,0,0,1500,2,4,,POINT (-91.67950811287 41.974317669733)
2014799622,2014051501,05/15/2014,05-May,5-Thursday,17:25,1700 Hours,District 4 (Southwest),SHENANDOAH,PAGE,US 59,US 59/FREMONT ST & Co Rd J34/AIRPORT RD & W NISHNA RD,Collision with:  Vehicle in traffic,On Roadway,"Angle, oncoming left turn",FTYROW:  Making left turn,None Indicated,,Daylight,Dry,Cloudy,None apparent,Intersection:  Four-way intersection,Paved,,Property Damage Only,0,0,0,0,0,0,6100,2,2,,POINT (-95.385117496662 40.757206860918)
2014799574,CL14001490,05/15/2014,05-May,5-Thursday,16:34,1600 Hours,District 6 (East Central),CLINTON,CLINTON,,3RD AVE N,Collision with fixed object:  Other fixed object (explain in narrative),Outside trafficway,Non-collision (single vehicle),Ran off road - right,None Indicated,,Daylight,Wet,Rain,None apparent,Non-intersection:  Non-junction/no special feature,Paved,,Possible/Unknown,0,1,0,0,1,0,2500,1,1,,POINT (-90.198073577801 41.848727378672)
2014799876,2014029225,05/15/2014,05-May,5-Thursday,17:36,1700 Hours,District 4 (Southwest),,DALLAS,I-80,I-80 & Co Rd R16/R AVE/VETERANS MEMORIAL DR,Collision with:  Vehicle in traffic,On Roadway,Rear-end (front to rear),Driving too fast for conditions,None Indicated,,Daylight,Wet,Rain,"Surface condition (e.g., wet, icy)",Non-intersection:  Non-junction/no special feature,Paved,,Possible/Unknown,0,2,0,0,2,0,32000,2,3,,POINT (-93.953698359259 41.547961799945)
2014799089,20140013292,05/15/2014,05-May,5-Thursday,07:00,0700 Hours,District 1 (Central),DES MOINES,POLK,,LOOMIS AVE,Collision with:  Parked motor vehicle,On Roadway,Broadside (front to side),Other (explain in narrative):  Vision obstructed,None Indicated,,Unknown,Unknown,Unknown,Unknown,Non-intersection:  Driveway access (within),Paved,,Property Damage Only,0,0,0,0,0,0,1900,2,1,,POINT (-93.61705508376 41.560862728177)
2014804459,1405150040,05/15/2014,05-May,5-Thursday,00:40,0000 Hours,District 6 (East Central),ANAMOSA,JONES,,Co Rd E34/CO RD E-34,Collision with:  Animal,On Roadway,Non-collision (single vehicle),Animal,None Indicated,,Dark - roadway not lighted,Dry,Cloudy,None apparent,Non-intersection:  Non-junction/no special feature,Paved,,Property Damage Only,0,0,0,0,0,0,2000,1,1,,POINT (-91.310997649854 42.089530320061)
2014799007,14-16222,05/15/2014,05-May,5-Thursday,17:53,1700 Hours,District 5 (Southeast),WEST BURLINGTON,DES MOINES,,E GLASGOW ST & S BALLARD ST,Collision with:  Vehicle in traffic,On Roadway,Broadside (front to side),FTYROW:  From yield sign,None Indicated,,Daylight,Dry,Clear,None apparent,Intersection:  Four-way intersection,Paved,,Property Damage Only,0,0,0,0,0,0,2000,2,3,,POINT (-91.154126129304 40.823998572844)
2014799008,01-14-20375,05/15/2014,05-May,5-Thursday,09:02,0900 Hours,District 6 (East Central),DUBUQUE,DUBUQUE,US 20,US 20/DODGE ST & CEDAR CROSS RD,Collision with:  Vehicle in traffic,On Roadway,Rear-end (front to rear),Lost Control,None Indicated,,Daylight,Dry,Cloudy,None apparent,Intersection:  Four-way intersection,Paved,,Property Damage Only,0,0,0,0,0,0,7000,2,2,,POINT (-90.714649431591 42.492265436457)
2014800272,,05/15/2014,05-May,5-Thursday,13:51,1300 Hours,District 3 (Northwest),WASHTA,CHEROKEE,IA 31,IA 31/IOWA 31,Collision with:  Vehicle in traffic,On Roadway,"Sideswipe, opposite direction",Crossed centerline (undivided),None Indicated,,Daylight,Dry,Clear,None apparent,Non-intersection:  Non-junction/no special feature,Paved,,Minor Injury,0,1,0,1,0,0,15500,2,2,,POINT (-95.712166678845 42.582837038664)
2014799552,,05/15/2014,05-May,5-Thursday,15:36,1500 Hours,District 5 (Southeast),,LUCAS,US 65,US 65,Collision with:  Vehicle in traffic,,Rear-end (front to rear),FTYROW:  Other (explain in narrative),None Indicated,,,,,,,Paved,,Property Damage Only,0,0,0,0,0,0,5000,2,2,,POINT (-93.470953917701 40.928133441153)
2014799050,201406798,05/15/2014,05-May,5-Thursday,16:35,1600 Hours,District 6 (East Central),CEDAR RAPIDS,LINN,IA 100,IA 100/COLLINS RD NE,Collision with:  Vehicle in traffic,On Roadway,Rear-end (front to rear),Followed too close,None Indicated,,Daylight,Wet,Rain,None apparent,Intersection:  Four-way intersection,Paved,,Possible/Unknown,0,1,0,0,1,0,14000,5,11,,POINT (-91.632146422119 42.02790948437)
2014799097,14-2221,05/15/2014,05-May,5-Thursday,18:50,1800 Hours,District 1 (Central),WEST DES MOINES,POLK,I-235,I-235,Collision with:  Vehicle in traffic,On Roadway,"Sideswipe, same direction",Other (explain in narrative):  Other,None Indicated,,Daylight,Wet,Cloudy,None apparent,Interchange-related:  Off-ramp,Paved,,Property Damage Only,0,0,0,0,0,0,2500,2,2,,POINT (-93.73572159412 41.593671617314)
2014799062,14-003215,05/15/2014,05-May,5-Thursday,15:45,1500 Hours,District 3 (Northwest),EMMETSBURG,PALO ALTO,IA 4,IA 4/BROADWAY ST,Collision with:  Vehicle in traffic,On Roadway,"Sideswipe, same direction",Unknown,None Indicated,,Daylight,Dry,Cloudy,None apparent,Non-intersection:  Non-junction/no special feature,Paved,,Property Damage Only,0,0,0,0,0,0,4000,2,2,,POINT (-94.678867685198 43.104470099404)
2014801145,S14-E1501,05/15/2014,05-May,5-Thursday,00:01,0000 Hours,District 5 (Southeast),,CLARKE,US 69,US 69,Collision with:  Animal,,,Animal,None Indicated,,,,,,,Paved,,Property Damage Only,0,0,0,0,0,0,3000,1,1,,POINT (-93.673788192109 41.132691587157)
2014800089,1403562,05/15/2014,05-May,5-Thursday,12:15,1200 Hours,District 5 (Southeast),WASHINGTON,WASHINGTON,IA 1,IA 1/W MADISON ST & IA 92,Collision with:  Vehicle in traffic,On Roadway,Rear-end (front to rear),Other (explain in narrative):  Other,None Indicated,,Daylight,Dry,Cloudy,None apparent,Intersection:  T-intersection,Paved,,Possible/Unknown,0,1,0,0,1,0,1000,2,2,,POINT (-91.707985461265 41.296624203463)
2014799010,01-14-20505,05/15/2014,05-May,5-Thursday,20:12,2000 Hours,District 6 (East Central),DUBUQUE,DUBUQUE,US 52,US 52/SW RAMP & W 4TH ST & E 4TH ST & CENTRAL AVE,Collision with:  Vehicle in traffic,On Roadway,Broadside (front to side),FTYROW:  From stop sign,None Indicated,,Dark - roadway lighted,Wet,Rain,None apparent,Intersection:  Four-way intersection,Paved,,Property Damage Only,0,0,0,0,0,0,1750,2,3,,POINT (-90.663334261518 42.498209214068)
2014799407,2014029243,05/15/2014,05-May,5-Thursday,20:00,2000 Hours,District 5 (Southeast),,MONROE,IA 5,IA 5/IOWA 5,Collision with fixed object:  Ditch,Shoulder,Non-collision (single vehicle),Ran off road - right,None Indicated,,Daylight,Wet,Rain,None apparent,Non-intersection:  Non-junction/no special feature,Paved,,Property Damage Only,0,0,0,0,0,0,20000,1,1,,POINT (-92.833266064014 40.950819809555)
2014799096,14-2219,05/15/2014,05-May,5-Thursday,15:40,1500 Hours,District 1 (Central),WEST DES MOINES,POLK,,ASHWORTH RD,Non-collision events:  Other non-collision (explain in narrative),Outside trafficway,Non-collision (single vehicle),Swerving/Evasive Action,None Indicated,,Daylight,Wet,Cloudy,None apparent,Non-intersection:  Non-junction/no special feature,Paved,,Property Damage Only,0,0,0,0,0,0,2000,1,3,,POINT (-93.743513859642 41.584713344398)
2014799389,14-15021,05/15/2014,05-May,5-Thursday,16:09,1600 Hours,District 3 (Northwest),SIOUX CITY,WOODBURY,US 20,US 20/RAMP & S LAKEPORT ST,Collision with:  Vehicle in traffic,On Roadway,"Sideswipe, same direction",Other (explain in narrative):  Other,None Indicated,,Daylight,Dry,Cloudy,None apparent,Intersection:  Intersection with ramp,Paved,,Property Damage Only,0,0,0,0,0,0,4000,2,2,,POINT (-96.347476814685 42.442111212359)
2014799074,14-002113,05/15/2014,05-May,5-Thursday,13:14,1300 Hours,District 1 (Central),ANKENY,POLK,US 69,US 69/S ANKENY BLVD,Collision with:  Vehicle in traffic,On Roadway,Rear-end (front to rear),Driving too fast for conditions,None Indicated,,Daylight,Dry,Cloudy,None apparent,Non-intersection:  Non-junction/no special feature,Paved,,Minor Injury,0,1,0,1,0,0,12500,3,5,,POINT (-93.600351810243 41.729277095462)
2014799175,051514-118,05/15/2014,05-May,5-Thursday,11:55,1100 Hours,District 3 (Northwest),ALTA,BUENA VISTA,,S CHEROKEE ST,Collision with:  Vehicle in traffic,Outside trafficway,Broadside (front to side),Other (explain in narrative):  Vision obstructed,None Indicated,,Daylight,Dry,Cloudy,None apparent,Non-intersection:  Non-junction/no special feature,Paved,,Property Damage Only,0,0,0,0,0,0,3000,2,2,,POINT (-95.305205787476 42.674338396763)
2014798920,20140013248,05/15/2014,05-May,5-Thursday,08:40,0800 Hours,District 1 (Central),DES MOINES,POLK,I-235,I-235,Collision with:  Vehicle in traffic,On Roadway,Rear-end (front to rear),Followed too close,None Indicated,,Daylight,Dry,Clear,None apparent,Non-intersection:  Non-junction/no special feature,Paved,,Possible/Unknown,0,1,0,0,1,0,5000,2,2,,POINT (-93.702202455011 41.593016540983)
2014799488,14011057,05/15/2014,05-May,5-Thursday,08:00,0800 Hours,District 5 (Southeast),OSKALOOSA,MAHASKA,IA 92,IA 92/A AVE E & N 4TH ST,Collision with:  Vehicle in traffic,On Roadway,Broadside (front to side),FTYROW:  From stop sign,None Indicated,,Daylight,Wet,Cloudy,None apparent,Intersection:  Four-way intersection,Paved,,Property Damage Only,0,0,0,0,0,0,5500,2,4,,POINT (-92.640329693218 41.296260385807)
2014798919,20140013241,05/15/2014,05-May,5-Thursday,07:32,0700 Hours,District 1 (Central),DES MOINES,POLK,I-235,I-235,Collision with:  Vehicle in traffic,On Roadway,Rear-end (front to rear),Followed too close,None Indicated,,Daylight,Dry,Clear,None apparent,Non-intersection:  Non-junction/no special feature,Paved,,Property Damage Only,0,0,0,0,0,0,4500,2,2,,POINT (-93.690869718097 41.59243667929)
2014799357,S79140157,05/15/2014,05-May,5-Thursday,22:48,2200 Hours,District 1 (Central),,POWESHIEK,I-80,I-80,Collision with:  Vehicle in traffic,On Roadway,Rear-end (front to rear),Followed too close,None Indicated,,Dark - roadway not lighted,Wet,Rain,None apparent,Non-intersection:  Non-junction/no special feature,Paved,,Possible/Unknown,0,1,0,0,1,0,40000,2,4,,POINT (-92.360868002181 41.695642755817)
2014799387,14-14993,05/15/2014,05-May,5-Thursday,12:29,1200 Hours,District 3 (Northwest),SIOUX CITY,WOODBURY,,FLOYD BLVD & POLK ST,Collision with:  Vehicle in traffic,On Roadway,"Sideswipe, same direction",Made improper turn,None Indicated,,Daylight,Dry,Cloudy,None apparent,Intersection:  T-intersection,Paved,,Property Damage Only,0,0,0,0,0,0,3000,2,4,,POINT (-96.358664809583 42.541886836104)
2014799053,201406805,05/15/2014,05-May,5-Thursday,17:17,1700 Hours,District 6 (East Central),CEDAR RAPIDS,LINN,,26TH AVE SW & J ST SW,Collision with:  Vehicle in traffic,On Roadway,Broadside (front to side),FTYROW:  From stop sign,None Indicated,,Daylight,Wet,Rain,None apparent,Intersection:  T-intersection,Paved,,Property Damage Only,0,0,0,0,0,0,1500,2,3,,POINT (-91.667281476566 41.952326684542)
2014799055,201406808,05/15/2014,05-May,5-Thursday,18:17,1800 Hours,District 6 (East Central),CEDAR RAPIDS,LINN,IA 922,IA 922/1ST AVE W,Collision with:  Vehicle in traffic,On Roadway,Rear-end (front to rear),Followed too close,None Indicated,,Daylight,Wet,Rain,"Surface condition (e.g., wet, icy)",Non-intersection:  Non-junction/no special feature,Paved,,Possible/Unknown,0,1,0,0,1,0,2200,2,2,,POINT (-91.684736621987 41.972441311616)
2014799086,20140013289,05/15/2014,05-May,5-Thursday,15:45,1500 Hours,District 1 (Central),DES MOINES,POLK,,WOODLAND AVE & MLK JR PKWY,Collision with:  Vehicle in traffic,On Roadway,Rear-end (front to rear),Driving too fast for conditions,None Indicated,,Daylight,Wet,Rain,None apparent,Non-intersection:  Non-junction/no special feature,Paved,,Property Damage Only,0,0,0,0,0,0,5000,2,3,,POINT (-93.64474067119 41.588083909249)
2014800904,2014-31335,05/15/2014,05-May,5-Thursday,14:38,1400 Hours,District 6 (East Central),DAVENPORT,SCOTT,US 6,US 6/W KIMBERLY RD & MAIN ST,Collision with:  Vehicle in traffic,On Roadway,"Sideswipe, same direction",Lost Control,None Indicated,,Daylight,Wet,Rain,"Surface condition (e.g., wet, icy)",Intersection:  Four-way intersection,Paved,,Property Damage Only,0,0,0,0,0,0,15000,3,6,,POINT (-90.575300225046 41.56019320313)
2014799085,20140013284,05/15/2014,05-May,5-Thursday,14:45,1400 Hours,District 1 (Central),DES MOINES,POLK,,CHAMBERLAIN DR & 43RD ST,Collision with:  Vehicle in traffic,On Roadway,"Sideswipe, same direction",FTYROW:  Making left turn,None Indicated,,Daylight,Wet,Rain,None apparent,Intersection:  T-intersection,Paved,,Property Damage Only,0,0,0,0,0,0,3000,2,2,,POINT (-93.675968140771 41.593624143452)
2014799682,2014029255,05/15/2014,05-May,5-Thursday,21:15,2100 Hours,District 2 (Northeast),VENTURA,CERRO GORDO,US 18,US 18/HWY 18 E,Collision with:  Animal,,,Animal,None Indicated,,,,,,,Paved,,Property Damage Only,0,0,0,0,0,0,2000,1,1,,POINT (-93.440485135789 43.135921660381)
2014799266,2014004620,05/15/2014,05-May,5-Thursday,12:10,1200 Hours,District 1 (Central),MARSHALLTOWN,MARSHALL,IA 14,IA 14/S CENTER ST,Collision with:  Vehicle in traffic,On Roadway,Rear-end (front to rear),Followed too close,None Indicated,,Daylight,Dry,Clear,None apparent,Non-intersection:  Non-junction/no special feature,Paved,,Property Damage Only,0,0,0,0,0,0,5500,3,4,,POINT (-92.912648410308 42.028695936763)
2014799906,,05/16/2014,05-May,6-Friday,15:37,1500 Hours,District 6 (East Central),BELLEVUE,JACKSON,IA 62,IA 62/STATE ST & S 8TH ST,Collision with:  Vehicle in traffic,On Roadway,Rear-end (front to rear),Followed too close,None Indicated,,Daylight,Dry,Clear,None apparent,Non-intersection:  Non-junction/no special feature,Paved,,Property Damage Only,0,0,0,0,0,0,4000,2,5,,POINT (-90.432304127111 42.256569500887)
2014899597,NT-14-062,05/16/2014,05-May,6-Friday,10:30,1000 Hours,District 1 (Central),NEVADA,STORY,US 30,US 30,Collision with:  Vehicle in traffic,On Roadway,Rear-end (front to rear),Followed too close,None Indicated,,Daylight,Dry,Clear,None apparent,Non-intersection:  Non-junction/no special feature,Paved,,Property Damage Only,0,0,0,0,0,0,4000,2,3,,POINT (-93.434188998361 42.008057398379)
2014799099,14-2230,05/16/2014,05-May,6-Friday,08:11,0800 Hours,District 1 (Central),WEST DES MOINES,POLK,,ASHWORTH RD & 50TH ST,Collision with:  Vehicle in traffic,On Roadway,"Angle, oncoming left turn",FTYROW:  Making left turn,None Indicated,,Daylight,Dry,Clear,Work Zone (roadway-related),Intersection:  Four-way intersection,Paved,Yes,Minor Injury,0,1,0,1,0,0,10500,2,2,,POINT (-93.770961068937 41.584568595707)