Iowa DOT Case Number,Law Enforcement Case Number,Date of Crash,Month of Crash,Day of Week,Time of Crash,Hour,DOT District,City Name,County Name,Route with System,Location Description,First Harmful Event,Location of First Harmful Event,Manner of Crash/Collision,Major Cause,Drug or Alcohol ,Environmental Conditions,Light Conditions,Surface Conditions,Weather Conditions,Roadway Contribution,Roadway Type,Roadway Surface,Work Zone,Crash Severity,Number of Fatalities,Number of Injuries,Number of Major Injuries,Number of Minor Injuries,Number of Possible Injuries,Number of Unknown Injuries,Amount of Property Damage,Number of Vehicles Involved,Total Number of Occupants,Travel Direction,Location
2014799280,14-002135,05/16/2014,05-May,6-Friday,14:50,1400 Hours,District 1 (Central),ANKENY,POLK,I-35,I-35,Collision with:  Other non-fixed object (explain in narrative),On Roadway,Non-collision (single vehicle),Other (explain in narrative):  No improper action,None Indicated,,Daylight,Dry,Clear,None apparent,Non-intersection:  Non-junction/no special feature,Paved,,Property Damage Only,0,0,0,0,0,0,2500,1,1,,POINT (-93.575648094407 41.661129736628)
2014799157,14047820,05/16/2014,05-May,6-Friday,06:30,0600 Hours,District 2 (Northeast),CEDAR FALLS,BLACK HAWK,,HUDSON RD,Collision with:  Vehicle in traffic,On Roadway,"Sideswipe, opposite direction",Unknown,None Indicated,,Daylight,Dry,Clear,None apparent,Non-intersection:  Non-junction/no special feature,Paved,,Property Damage Only,0,0,0,0,0,0,3500,2,2,,POINT (-92.465324926949 42.537468091138)
2014799281,14-002138,05/16/2014,05-May,6-Friday,17:40,1700 Hours,District 1 (Central),ANKENY,POLK,IA 160,IA 160/SE ORALABOR RD,Collision with:  Vehicle in traffic,On Roadway,Rear-end (front to rear),Other (explain in narrative):  Other,None Indicated,,Daylight,Dry,Cloudy,None apparent,Non-intersection:  Non-junction/no special feature,Paved,,Minor Injury,0,1,0,1,0,0,2500,2,3,,POINT (-93.589445516463 41.702888833913)
2014799208,SO1401811,05/16/2014,05-May,6-Friday,20:51,2000 Hours,District 5 (Southeast),,JEFFERSON,,Co Rd W21/PLEASANT PLAIN RD,Collision with:  Animal,,,Animal,None Indicated,,,,,,,Paved,,Property Damage Only,0,0,0,0,0,0,1500,1,1,,POINT (-91.899480815701 41.090085959379)
2014799373,14-1444,05/16/2014,05-May,6-Friday,08:35,0800 Hours,District 1 (Central),FORT DODGE,WEBSTER,,HAWKEYE AVE E,Collision with fixed object:  Ditch,On Roadway,Non-collision (single vehicle),Ran off road - left,Drug,,Daylight,Dry,Cloudy,None apparent,Non-intersection:  Non-junction/no special feature,Paved,,Minor Injury,0,1,0,1,0,0,6000,1,1,,POINT (-94.204115052588 42.513395984374)
2014799276,SO14001157,05/16/2014,05-May,6-Friday,15:53,1500 Hours,District 3 (Northwest),,PLYMOUTH,,HEDGE AVE,Non-collision events:  Overturn/rollover,On Roadway,Non-collision (single vehicle),Ran off road - left,None Indicated,,Daylight,Dry,Clear,None apparent,Non-intersection:  Non-junction/no special feature,Unpaved,,Minor Injury,0,1,0,1,0,0,6000,1,1,,POINT (-96.351076139338 42.657933049587)
2014799898,,05/16/2014,05-May,6-Friday,10:11,1000 Hours,District 5 (Southeast),FORT MADISON,LEE,,AVE O & 48TH ST,Collision with:  Vehicle in traffic,On Roadway,Broadside (front to side),Ran Traffic Signal,None Indicated,,Daylight,Dry,Cloudy,None apparent,Intersection:  Four-way intersection,Paved,,Property Damage Only,0,0,0,0,0,0,2000,2,3,,POINT (-91.373162124607 40.623982741073)
2014799474,C14001495,05/16/2014,05-May,6-Friday,13:00,1300 Hours,District 6 (East Central),CORALVILLE,JOHNSON,,1ST AVE,Collision with:  Vehicle in traffic,On Roadway,"Angle, oncoming left turn",Made improper turn,None Indicated,,Daylight,Dry,Cloudy,None apparent,Non-intersection:  Driveway access (within),Paved,,Possible/Unknown,0,1,0,0,1,0,8000,2,2,,POINT (-91.565982534106 41.678123647803)
2014800510,2014029371,05/16/2014,05-May,6-Friday,13:07,1300 Hours,District 6 (East Central),,IOWA,I-80,I-80,Collision with:  Other non-fixed object (explain in narrative),On Roadway,Non-collision (single vehicle),Other (explain in narrative):  Other,None Indicated,,Daylight,Dry,Cloudy,Debris,Non-intersection:  Non-junction/no special feature,Paved,,Property Damage Only,0,0,0,0,0,0,2400,2,2,,POINT (-92.064138099069 41.688592471976)
2014799859,2014-10152,05/16/2014,05-May,6-Friday,15:37,1500 Hours,District 5 (Southeast),INDIANOLA,WARREN,,E IOWA AVE & N 14TH ST,Collision with:  Vehicle in traffic,On Roadway,Rear-end (front to rear),Other (explain in narrative):  Other,None Indicated,,Daylight,Dry,Clear,None apparent,Non-intersection:  Non-junction/no special feature,Paved,,Property Damage Only,0,0,0,0,0,0,4000,2,2,,POINT (-93.542143055097 41.36887704776)
2014800388,1400000406,05/16/2014,05-May,6-Friday,14:44,1400 Hours,District 1 (Central),,MARSHALL,IA 330,IA 330/MARSHALLTOWN BLVD,Collision with:  Vehicle in traffic,On Roadway,Rear-end (front to rear),Followed too close,None Indicated,,Daylight,Dry,Cloudy,None apparent,Non-intersection:  Non-junction/no special feature,Paved,,Property Damage Only,0,0,0,0,0,0,2500,2,4,,POINT (-93.161062233399 41.912744850165)
2014799326,14-1057,05/16/2014,05-May,6-Friday,16:01,1600 Hours,District 1 (Central),URBANDALE,POLK,US 6,US 6/HICKMAN RD,Collision with:  Vehicle in traffic,On Roadway,Rear-end (front to rear),Other (explain in narrative):  Other,None Indicated,,Daylight,Dry,Cloudy,None apparent,Non-intersection:  Non-junction/no special feature,Paved,,Property Damage Only,0,0,0,0,0,0,7000,3,3,,POINT (-93.782244014189 41.614864648289)
2014799659,2014-31549,05/16/2014,05-May,6-Friday,10:33,1000 Hours,District 6 (East Central),DAVENPORT,SCOTT,,W 34TH ST & HILLANDALE RD,Collision with:  Vehicle in traffic,On Roadway,Rear-end (front to rear),Other (explain in narrative):  Other,None Indicated,,Daylight,Dry,Cloudy,None apparent,Non-intersection:  Non-junction/no special feature,Paved,,Possible/Unknown,0,2,0,0,2,0,8000,2,2,,POINT (-90.620570881349 41.554861972628)
2014801050,20140013362,05/16/2014,05-May,6-Friday,10:00,1000 Hours,District 1 (Central),DES MOINES,POLK,,JOHN PATTERSON RD,Collision with:  Vehicle in traffic,On Roadway,Broadside (front to side),FTYROW:  From stop sign,None Indicated,,Daylight,Dry,Clear,None apparent,Intersection:  Four-way intersection,Paved,,Possible/Unknown,0,1,0,0,1,0,10000,2,2,,POINT (-93.565015237425 41.614047894072)
2014799195,14-16314,05/16/2014,05-May,6-Friday,14:08,1400 Hours,District 5 (Southeast),BURLINGTON,DES MOINES,,HIGH ST & 4TH ST,Collision with:  Parked motor vehicle,Outside trafficway,Broadside (front to side),FTYROW:  Other (explain in narrative),None Indicated,,Daylight,Dry,Cloudy,None apparent,Non-intersection:  Non-junction/no special feature,Paved,,Property Damage Only,0,0,0,0,0,0,9000,2,1,,POINT (-91.10263478604 40.813740823049)
2014799233,201406861,05/16/2014,05-May,6-Friday,18:54,1800 Hours,District 6 (East Central),CEDAR RAPIDS,LINN,,COTTAGE GROVE AVE SE,Collision with:  Vehicle in traffic,On Roadway,Rear-end (front to rear),Other (explain in narrative):  Other,None Indicated,,Daylight,Dry,Clear,None apparent,Non-intersection:  Non-junction/no special feature,Paved,,Property Damage Only,0,0,0,0,0,0,7000,2,3,,POINT (-91.627463651036 41.995142418785)
2014799464,E14161754,05/16/2014,05-May,6-Friday,17:54,1700 Hours,District 2 (Northeast),,FRANKLIN,IA 3,IA 3/IOWA 3,Collision with:  Other non-fixed object (explain in narrative),On Roadway,Non-collision (single vehicle),Other (explain in narrative):  No improper action,None Indicated,,Daylight,Dry,Clear,Debris,Non-intersection:  Non-junction/no special feature,Paved,,Property Damage Only,0,0,0,0,0,0,1500,1,2,,POINT (-93.425823342977 42.745657260745)
2014799079,20140013382,05/16/2014,05-May,6-Friday,13:37,1300 Hours,District 1 (Central),DES MOINES,POLK,,HICKMAN RD & MLK JR PKWY,Collision with:  Vehicle in traffic,On Roadway,"Sideswipe, same direction",FTYROW:  Other (explain in narrative),None Indicated,,Daylight,Dry,Clear,None apparent,Non-intersection:  Non-junction/no special feature,Paved,,Possible/Unknown,0,2,0,0,2,0,2000,2,3,,POINT (-93.646521662381 41.615068563153)
2014799287,14-0561,05/16/2014,05-May,6-Friday,16:45,1600 Hours,District 1 (Central),CLIVE,POLK,US 6,US 6/HICKMAN RD,Collision with:  Vehicle in traffic,On Roadway,Rear-end (front to rear),Followed too close,None Indicated,,Daylight,Dry,Clear,None apparent,Non-intersection:  Non-junction/no special feature,Paved,,Property Damage Only,0,0,0,0,0,0,2500,2,2,,POINT (-93.780227977883 41.614896362952)
2014799209,SO1401812,05/16/2014,05-May,6-Friday,21:20,2100 Hours,District 5 (Southeast),,JEFFERSON,US 34,US 34,Collision with:  Animal,,,Animal,None Indicated,,,,,,,Paved,,Property Damage Only,0,0,0,0,0,0,2500,1,1,,POINT (-91.735495116207 40.988190236865)
2014799278,14-3250,05/16/2014,05-May,6-Friday,22:50,2200 Hours,District 1 (Central),RUNNELLS,POLK,,W HANCOCK ST & BROWN ST,Collision with:  Parked motor vehicle,Outside trafficway,"Sideswipe, same direction",Improper Backing,None Indicated,,Dark - roadway lighted,Dry,Clear,None apparent,Non-intersection:  Non-junction/no special feature,Paved,,Property Damage Only,0,0,0,0,0,0,3200,2,1,,POINT (-93.357688284543 41.510187672504)
2014799176,14-004037,05/16/2014,05-May,6-Friday,09:20,0900 Hours,District 4 (Southwest),,CASS,US 6,US 6/650TH ST,Collision with:  Vehicle in traffic,On Roadway,Broadside (front to side),FTYROW:  From stop sign,None Indicated,,Daylight,Dry,Clear,None apparent,Intersection:  Other intersection (explain in narrative),Paved,,Possible/Unknown,0,1,0,0,0,1,19500,2,5,,POINT (-94.945960926289 41.493261039511)
2014799311,20140013424,05/16/2014,05-May,6-Friday,18:52,1800 Hours,District 1 (Central),DES MOINES,POLK,,WASHINGTON AVE & MLK JR PKWY,Collision with:  Vehicle in traffic,On Roadway,Broadside (front to side),FTYROW:  From stop sign,None Indicated,,Daylight,Dry,Cloudy,None apparent,Intersection:  T-intersection,Paved,,Property Damage Only,0,0,0,0,0,0,4000,2,2,,POINT (-93.644210190345 41.609542105064)
2014799660,2014-31589,05/16/2014,05-May,6-Friday,13:23,1300 Hours,District 6 (East Central),DAVENPORT,SCOTT,,KIMBERLY RD,Collision with:  Vehicle in traffic,On Roadway,Rear-end (front to rear),Other (explain in narrative):  Other,None Indicated,,Daylight,Dry,Cloudy,None apparent,Non-intersection:  Non-junction/no special feature,Paved,,Possible/Unknown,0,3,0,0,3,0,8000,2,4,,POINT (-90.522482162655 41.542539989188)
2014803052,140516DH02,05/16/2014,05-May,6-Friday,08:50,0800 Hours,District 3 (Northwest),ORANGE CITY,SIOUX,,3RD ST SW & FLORIDA AVE SW,Collision with fixed object:  Other fixed object (explain in narrative),On Roadway,Non-collision (single vehicle),Other (explain in narrative):  Other,None Indicated,,Daylight,Dry,Clear,None apparent,Intersection:  Four-way intersection,Paved,,Minor Injury,0,1,0,1,0,0,375,1,1,,POINT (-96.064003734701 43.00403922311)
2014800275,,05/16/2014,05-May,6-Friday,16:06,1600 Hours,District 2 (Northeast),TRIPOLI,BREMER,IA 93,IA 93/7TH AVE SW/MAIN ST & 7TH AVE SE,Collision with:  Vehicle in traffic,On Roadway,"Angle, oncoming left turn",FTYROW:  Making left turn,None Indicated,,Daylight,Dry,Clear,None apparent,Intersection:  Four-way intersection,Paved,,Property Damage Only,0,0,0,0,0,0,2000,2,2,,POINT (-92.258120249981 42.802337905362)
2014799205,P14-005858,05/16/2014,05-May,6-Friday,18:10,1800 Hours,District 1 (Central),WEBSTER CITY,HAMILTON,,1ST ST & FAIR AVE,Collision with:  Vehicle in traffic,On Roadway,Rear-end (front to rear),Followed too close,None Indicated,,Daylight,Dry,Clear,None apparent,Non-intersection:  Non-junction/no special feature,Paved,,Possible/Unknown,0,1,0,0,1,0,2500,2,3,,POINT (-93.840289467181 42.468685537421)
2014799101,14-2231,05/16/2014,05-May,6-Friday,08:43,0800 Hours,District 4 (Southwest),WEST DES MOINES,DALLAS,,JORDAN CREEK PKWY & E P TRUE PKWY,Collision with:  Vehicle in traffic,On Roadway,Rear-end (front to rear),FTYROW:  Other (explain in narrative),None Indicated,,Daylight,Dry,Clear,None apparent,Non-intersection:  Non-junction/no special feature,Paved,,Possible/Unknown,0,2,0,0,2,0,8000,2,2,,POINT (-93.809211820622 41.573416001534)
2014799232,201406856,05/16/2014,05-May,6-Friday,18:12,1800 Hours,District 6 (East Central),CEDAR RAPIDS,LINN,IA 100,IA 100/COLLINS RD NE & C AVE NE,Collision with:  Vehicle in traffic,On Roadway,Rear-end (front to rear),Other (explain in narrative):  Other,None Indicated,,Daylight,Dry,Cloudy,None apparent,Intersection:  Four-way intersection,Paved,,Property Damage Only,0,0,0,0,0,0,4000,2,2,,POINT (-91.638448473921 42.028074489057)
2014799706,14002788,05/16/2014,05-May,6-Friday,08:15,0800 Hours,District 2 (Northeast),,CERRO GORDO,,Co Rd S56/THRUSH AVE,Collision with:  Vehicle in traffic,On Roadway,"Sideswipe, opposite direction",Crossed centerline (undivided),None Indicated,,Daylight,Dry,Cloudy,None apparent,Non-intersection:  Non-junction/no special feature,Paved,,Property Damage Only,0,0,0,0,0,0,10000,2,2,,POINT (-93.123205129019 43.203762080942)
2014799090,20140013347,05/16/2014,05-May,6-Friday,07:40,0700 Hours,District 1 (Central),DES MOINES,POLK,I-235,I-235,Collision with:  Vehicle in traffic,On Roadway,Rear-end (front to rear),Followed too close,None Indicated,,Daylight,Dry,Clear,None apparent,Non-intersection:  Non-junction/no special feature,Paved,,Property Damage Only,0,0,0,0,0,0,1500,2,2,,POINT (-93.65222467542 41.59379732345)
2014800455,14-002395,05/16/2014,05-May,6-Friday,07:34,0700 Hours,District 1 (Central),AMES,STORY,,MORTENSON PKWY & GATEWAY HILLS PARK DR & WELCH AVE & MORTENSON RD,Collision with:  Vehicle in traffic,On Roadway,"Sideswipe, same direction",Other (explain in narrative):  Other,None Indicated,,Daylight,Dry,Clear,None apparent,Non-intersection:  Non-junction/no special feature,Paved,,Property Damage Only,0,0,0,0,0,0,4000,2,3,,POINT (-93.64938897852 42.011842194922)
2014799359,GP20140375,05/16/2014,05-May,6-Friday,14:14,1400 Hours,District 1 (Central),GRINNELL,POWESHIEK,I-80,I-80 & IA 146/IOWA 146,Collision with:  Vehicle in traffic,On Roadway,Broadside (front to side),FTYROW:  From stop sign,None Indicated,,Daylight,Dry,Clear,Work Zone (roadway-related),Interchange-related:  Off-ramp,Paved,Yes,Property Damage Only,0,0,0,0,0,0,3500,2,3,,POINT (-92.727141927703 41.697996780906)
2014799930,14-5075,05/16/2014,05-May,6-Friday,12:09,1200 Hours,District 3 (Northwest),CARROLL,CARROLL,US 30,US 30/6TH ST,Collision with:  Vehicle in traffic,On Roadway,Rear-end (front to rear),Lost Control,None Indicated,,Daylight,Dry,Clear,None apparent,Non-intersection:  Non-junction/no special feature,Paved,,Property Damage Only,0,0,0,0,0,0,2700,2,2,,POINT (-94.858959131603 42.064008854605)
2014799390,14-15081,05/16/2014,05-May,6-Friday,07:47,0700 Hours,District 3 (Northwest),SIOUX CITY,WOODBURY,I-29,I-29,Collision with:  Vehicle in traffic,On Roadway,Rear-end (front to rear),Followed too close,None Indicated,,Daylight,Dry,Cloudy,Work Zone (roadway-related),Non-intersection:  Non-junction/no special feature,Paved,Yes,Property Damage Only,0,0,0,0,0,0,5800,2,2,,POINT (-96.382320530192 42.472594083719)
2014801382,2014-31529,05/16/2014,05-May,6-Friday,08:46,0800 Hours,District 6 (East Central),DAVENPORT,SCOTT,,W CENTRAL PARK AVE & FAIRMOUNT ST,Collision with:  Vehicle in traffic,On Roadway,Rear-end (front to rear),Followed too close,None Indicated,,Daylight,Dry,Clear,None apparent,Intersection:  Four-way intersection,Paved,,Possible/Unknown,0,1,0,0,1,0,2500,2,2,,POINT (-90.629693761046 41.5453955939)
2014808061,2014029293,05/16/2014,05-May,6-Friday,08:50,0800 Hours,District 2 (Northeast),,BREMER,US 218,US 218 & 130TH ST,Collision with:  Vehicle in traffic,On Roadway,Broadside (front to side),FTYROW:  From stop sign,None Indicated,,Daylight,Dry,Cloudy,None apparent,Intersection:  Other intersection (explain in narrative),Paved,,Possible/Unknown,0,3,0,0,3,0,14000,2,7,,POINT (-92.544635164038 42.862037185043)
2014799078,20140013343,05/16/2014,05-May,6-Friday,07:30,0700 Hours,District 1 (Central),DES MOINES,POLK,I-235,I-235,Collision with:  Vehicle in traffic,On Roadway,Rear-end (front to rear),Followed too close,None Indicated,,Daylight,Dry,Clear,None apparent,Non-intersection:  Non-junction/no special feature,Paved,,Property Damage Only,0,0,0,0,0,0,3000,3,3,,POINT (-93.658252862243 41.593096430777)
2014799462,14-005238,05/16/2014,05-May,6-Friday,21:53,2100 Hours,District 2 (Northeast),,FAYETTE,,P AVE,Non-collision events:  Other non-collision (explain in narrative),On Roadway,Non-collision (single vehicle),Swerving/Evasive Action,None Indicated,,Dark - roadway not lighted,"Mud, dirt",Cloudy,None apparent,Non-intersection:  Non-junction/no special feature,Unpaved,,Minor Injury,0,1,0,1,0,0,8000,1,1,,POINT (-91.903969920991 42.953736056845)
2014799306,20140013377,05/16/2014,05-May,6-Friday,12:15,1200 Hours,District 1 (Central),DES MOINES,POLK,I-235,I-235,Collision with fixed object:  Concrete traffic barrier (median or right side),On Roadway,Non-collision (single vehicle),Swerving/Evasive Action,None Indicated,,Daylight,Dry,Cloudy,None apparent,Non-intersection:  Non-junction/no special feature,Paved,,Minor Injury,0,1,0,1,0,0,4000,1,1,,POINT (-93.594348591352 41.596993409937)
2014800629,14-002954,05/16/2014,05-May,6-Friday,12:45,1200 Hours,District 2 (Northeast),ALGONA,KOSSUTH,US 169,US 169/S PHILLIPS ST/E STATE ST & N PHILLIPS ST,Collision with:  Vehicle in traffic,On Roadway,Broadside (front to side),Ran Traffic Signal,None Indicated,,Daylight,Dry,Cloudy,None apparent,Intersection:  Four-way intersection,Paved,,Minor Injury,0,1,0,1,0,0,6000,2,2,,POINT (-94.226896239372 43.068904802104)
2014799057,201406837,05/16/2014,05-May,6-Friday,10:12,1000 Hours,District 6 (East Central),CEDAR RAPIDS,LINN,,J AVE NE & CENTER POINT RD NE,Collision with:  Vehicle in traffic,On Roadway,"Sideswipe, same direction",Crossed centerline (undivided),None Indicated,,Daylight,Dry,Clear,None apparent,Intersection:  Four-way intersection,Paved,,Property Damage Only,0,0,0,0,0,0,9500,2,3,,POINT (-91.66268434646 41.999638101208)
2014799167,W14-047868,05/16/2014,05-May,6-Friday,10:44,1000 Hours,District 2 (Northeast),WATERLOO,BLACK HAWK,,COMMERCIAL ST & W 18TH ST,Collision with:  Vehicle in traffic,On Roadway,"Angle, oncoming left turn",FTYROW:  Making left turn,None Indicated,,Daylight,Dry,Cloudy,None apparent,Intersection:  Four-way intersection,Paved,,Property Damage Only,0,0,0,0,0,0,12000,2,2,,POINT (-92.325086636095 42.485439874871)
2014802877,14-003547,05/16/2014,05-May,6-Friday,15:45,1500 Hours,District 4 (Southwest),PERRY,DALLAS,,WARFORD ST & 16TH ST,Collision with:  Vehicle in traffic,On Roadway,Head-on (front to front),Traveling wrong way or on wrong side of road,None Indicated,,Daylight,Dry,Clear,None apparent,Intersection:  Four-way intersection,Paved,,Property Damage Only,0,0,0,0,0,0,3500,2,2,,POINT (-94.087175575302 41.839359339211)
2014799393,14-15141,05/16/2014,05-May,6-Friday,16:43,1600 Hours,District 3 (Northwest),SIOUX CITY,WOODBURY,,36TH ST & HAMILTON BLVD & COUNTRY CLUB BLVD,Collision with:  Non-motorist (see non-motorist section - NOT a unit),On Roadway,Non-collision (single vehicle),FTYROW:  To pedestrian,Alcohol (Statutory),,Daylight,Dry,Clear,None apparent,Intersection:  Four-way intersection,Paved,,Minor Injury,0,1,0,1,0,0,100,1,1,,POINT (-96.410210506829 42.532303747259)
2014799341,S14-001702,05/16/2014,05-May,6-Friday,15:45,1500 Hours,District 4 (Southwest),,POTTAWATTAMIE,,Co Rd L29/MUDHOLLOW RD & SCHOOL HILL AVE,Collision with fixed object:  Ditch,Shoulder,Non-collision (single vehicle),Illegally Parked/Unattended,None Indicated,,Daylight,Dry,Cloudy,None apparent,Non-intersection:  Non-junction/no special feature,Paved,,Property Damage Only,0,0,0,0,0,0,4500,1,0,,POINT (-95.830934522718 41.299648591566)
2014799366,2014-10141,05/16/2014,05-May,6-Friday,13:32,1300 Hours,District 5 (Southeast),MARTENSDALE,WARREN,IA 28,IA 28/IOWA 28 & BURLINGTON AVE,Collision with fixed object:  Utility pole/light support,Shoulder,Non-collision (single vehicle),Made improper turn,None Indicated,,Daylight,Dry,Cloudy,None apparent,Intersection:  T-intersection,Paved,,Property Damage Only,0,0,0,0,0,0,1701,1,1,,POINT (-93.736632972907 41.374705224334)
2014799238,201406862,05/16/2014,05-May,6-Friday,18:35,1800 Hours,District 6 (East Central),CEDAR RAPIDS,LINN,IA 100,IA 100/COLLINS RD NE,Collision with:  Vehicle in traffic,On Roadway,Rear-end (front to rear),Driver Distraction:  Passenger,None Indicated,,Daylight,Dry,Cloudy,None apparent,Non-intersection:  Non-junction/no special feature,Paved,,Property Damage Only,0,0,0,0,0,0,4000,2,3,,POINT (-91.644725649373 42.028274879538)
2014799392,14-15120,05/16/2014,05-May,6-Friday,13:39,1300 Hours,District 3 (Northwest),SIOUX CITY,WOODBURY,IA 12,IA 12/GORDON DR,Collision with:  Vehicle in traffic,On Roadway,Rear-end (front to rear),Followed too close,None Indicated,,Daylight,Dry,Cloudy,None apparent,Non-intersection:  Non-junction/no special feature,Paved,,Property Damage Only,0,0,0,0,0,0,3500,2,2,,POINT (-96.371621293593 42.489423972775)
2014799207,PD1404044,05/16/2014,05-May,6-Friday,15:50,1500 Hours,District 5 (Southeast),FAIRFIELD,JEFFERSON,,W HARRISON AVE & S 2ND ST,Collision with:  Vehicle in traffic,On Roadway,Broadside (front to side),Ran Stop Sign,None Indicated,,Daylight,Dry,Cloudy,None apparent,Intersection:  Four-way intersection,Paved,,Possible/Unknown,0,1,0,0,1,0,2500,2,3,,POINT (-91.965092108772 40.999245158255)
2014799553,,05/16/2014,05-May,6-Friday,21:05,2100 Hours,District 5 (Southeast),,LUCAS,,Co Rd H30/495TH ST,Collision with:  Animal,On Roadway,Non-collision (single vehicle),Animal,None Indicated,,Dark - roadway not lighted,Dry,Clear,None apparent,Non-intersection:  Non-junction/no special feature,Paved,,Property Damage Only,0,0,0,0,0,0,5000,1,2,,POINT (-93.307272038363 41.036001033053)
2014799495,14-002122,05/16/2014,05-May,6-Friday,00:35,0000 Hours,District 1 (Central),ANKENY,POLK,,NW APPLEWOOD ST,Collision with fixed object:  Curb/island/raised median,On Roadway,Non-collision (single vehicle),Ran off road - right,Alcohol (Statutory),,Dark - roadway lighted,Dry,Clear,None apparent,Non-intersection:  Non-junction/no special feature,Paved,,Property Damage Only,0,0,0,0,0,0,3500,1,1,,POINT (-93.631071029879 41.742623021593)
2014801478,,05/16/2014,05-May,6-Friday,18:00,1800 Hours,District 2 (Northeast),NASHUA,FLOYD,US 218,US 218,,On Roadway,Non-collision (single vehicle),Crossed centerline (undivided),None Indicated,,Daylight,Dry,Clear,None apparent,Non-intersection:  Non-junction/no special feature,Paved,,Minor Injury,0,1,0,1,0,0,8000,1,1,,POINT (-92.554313494152 42.95958369486)
2014799273,14-002680,05/16/2014,05-May,6-Friday,16:58,1600 Hours,District 3 (Northwest),,OBRIEN,,TYLER AVE,Collision with:  Animal,,,Animal,None Indicated,,,,,,,Unpaved,,Property Damage Only,0,0,0,0,0,0,3000,1,1,,POINT (-95.525318079541 43.141192993356)
2014799473,C14001493,05/16/2014,05-May,6-Friday,11:18,1100 Hours,District 6 (East Central),CORALVILLE,JOHNSON,US 6,US 6/2ND ST & IA 965/CORAL RIDGE AVE,Collision with:  Vehicle in traffic,On Roadway,Rear-end (front to rear),Followed too close,None Indicated,,Daylight,Dry,Clear,None apparent,Non-intersection:  Non-junction/no special feature,Paved,,Property Damage Only,0,0,0,0,0,0,3500,2,3,,POINT (-91.608925191887 41.688496013916)
2014803753,142005,05/16/2014,05-May,6-Friday,14:55,1400 Hours,District 1 (Central),ELDORA,HARDIN,,10TH AVE & 11TH ST,Collision with fixed object:  Other fixed object (explain in narrative),Outside trafficway,Non-collision (single vehicle),Other (explain in narrative):  Other,None Indicated,,Daylight,Dry,Clear,None apparent,Non-intersection:  Driveway access (within),Paved,,Property Damage Only,0,0,0,0,0,0,3000,1,1,,POINT (-93.097115908823 42.363283286035)
2014799549,,05/16/2014,05-May,6-Friday,18:15,1800 Hours,District 4 (Southwest),ADEL,DALLAS,US 6,US 6/GREENE ST,Collision with:  Vehicle in traffic,On Roadway,Rear-end (front to rear),Lost Control,None Indicated,,Daylight,Dry,Clear,None apparent,Non-intersection:  Non-junction/no special feature,Paved,,Property Damage Only,0,0,0,0,0,0,3300,2,2,,POINT (-94.016176283209 41.61439482077)
2014799314,20140013410,05/16/2014,05-May,6-Friday,17:00,1700 Hours,District 1 (Central),DES MOINES,POLK,,PARK ST & 6TH AVE,Collision with:  Vehicle in traffic,On Roadway,"Sideswipe, same direction",Made improper turn,None Indicated,,Daylight,Dry,Clear,None apparent,Intersection:  Four-way intersection,Paved,,Property Damage Only,0,0,0,0,0,0,2000,2,4,,POINT (-93.625639910197 41.590504300418)
2014800790,2014-1104,05/16/2014,05-May,6-Friday,15:06,1500 Hours,District 1 (Central),JEFFERSON,GREENE,,E LINCOLN WAY,Collision with:  Vehicle in traffic,On Roadway,Rear-end (front to rear),Other (explain in narrative):  Other,None Indicated,,Daylight,Dry,Clear,None apparent,Intersection:  Four-way intersection,Paved,,Property Damage Only,0,0,0,0,0,0,2000,2,2,,POINT (-94.376978615521 42.015263507099)
2014801419,14-045,05/16/2014,05-May,6-Friday,17:18,1700 Hours,District 3 (Northwest),SIOUX CENTER,SIOUX,US 75,US 75/MAIN AVE & 14TH ST SE,Collision with:  Vehicle in traffic,On Roadway,Rear-end (front to rear),Other (explain in narrative):  Other,None Indicated,,Daylight,Dry,Cloudy,None apparent,Non-intersection:  Non-junction/no special feature,Paved,,Possible/Unknown,0,1,0,0,1,0,7500,2,2,,POINT (-96.175406015012 43.062443592148)
2014799455,143375,05/16/2014,05-May,6-Friday,18:00,1800 Hours,District 4 (Southwest),,DALLAS,,DURANGO WAY,Collision with fixed object:  Ditch,Outside trafficway,Non-collision (single vehicle),Swerving/Evasive Action,None Indicated,,Daylight,"Mud, dirt",Cloudy,None apparent,Intersection:  T-intersection,Unpaved,,Minor Injury,0,1,0,1,0,0,5000,1,1,,POINT (-94.204279682697 41.504807852898)
2014799169,W14-047965,05/16/2014,05-May,6-Friday,16:20,1600 Hours,District 2 (Northeast),WATERLOO,BLACK HAWK,IA 934,IA 934/UNIVERSITY AVE,Collision with:  Vehicle in traffic,Outside trafficway,Rear-end (front to rear),Improper Backing,None Indicated,,Daylight,Dry,Clear,None apparent,Non-intersection:  Other non-intersection (explain in narrative),Paved,,Property Damage Only,0,0,0,0,0,0,3500,2,1,,POINT (-92.40036915291 42.504365481703)
2014799313,20140013401,05/16/2014,05-May,6-Friday,15:58,1500 Hours,District 1 (Central),DES MOINES,POLK,,GUTHRIE AVE & E 11TH ST,Collision with:  Non-motorist (see non-motorist section - NOT a unit),On Roadway,Non-collision (single vehicle),Other (explain in narrative):  No improper action,None Indicated,,Daylight,Dry,Cloudy,None apparent,Non-intersection:  Non-junction/no special feature,Paved,,Major Injury,0,1,1,0,0,0,5,1,2,,POINT (-93.605364402387 41.615022445448)