Iowa DOT Case Number,Law Enforcement Case Number,Date of Crash,Month of Crash,Day of Week,Time of Crash,Hour,DOT District,City Name,County Name,Route with System,Location Description,First Harmful Event,Location of First Harmful Event,Manner of Crash/Collision,Major Cause,Drug or Alcohol ,Environmental Conditions,Light Conditions,Surface Conditions,Weather Conditions,Roadway Contribution,Roadway Type,Roadway Surface,Work Zone,Crash Severity,Number of Fatalities,Number of Injuries,Number of Major Injuries,Number of Minor Injuries,Number of Possible Injuries,Number of Unknown Injuries,Amount of Property Damage,Number of Vehicles Involved,Total Number of Occupants,Travel Direction,Location
2014800579,14-16436,05/17/2014,05-May,7-Saturday,15:00,1500 Hours,District 5 (Southeast),MEDIAPOLIS,DES MOINES,,CENTENNIAL DR,Collision with:  Parked motor vehicle,On Roadway,Rear-end (front to rear),Improper Backing,None Indicated,,Daylight,Dry,Clear,None apparent,Non-intersection:  Non-junction/no special feature,Paved,,Property Damage Only,0,0,0,0,0,0,5000,2,1,,POINT (-91.153563998522 41.006341417809)
2014800728,2014029606,05/17/2014,05-May,7-Saturday,21:52,2100 Hours,District 1 (Central),,POLK,I-35,I-35,Collision with:  Animal,,,Animal,None Indicated,,,,,,,Paved,,Property Damage Only,0,0,0,0,0,0,10000,1,1,,POINT (-93.571094919475 41.834726593714)
2014801961,2014-31898,05/17/2014,05-May,7-Saturday,16:26,1600 Hours,District 6 (East Central),DAVENPORT,SCOTT,,E LOCUST ST & COLLEGE AVE,Collision with:  Vehicle in traffic,On Roadway,Rear-end (front to rear),Followed too close,None Indicated,,Daylight,Dry,Clear,None apparent,Non-intersection:  Non-junction/no special feature,Paved,,Property Damage Only,0,0,0,0,0,0,1500,2,3,,POINT (-90.556902691286 41.538314336743)
2014799585,02-14-7600,05/17/2014,05-May,7-Saturday,01:07,0100 Hours,District 6 (East Central),,DUBUQUE,,Co Rd Y21/BUDD RD,Non-collision events:  Overturn/rollover,On Roadway,Non-collision (single vehicle),Exceeded authorized speed,Refused,,Dark - roadway not lighted,Dry,Clear,None apparent,Non-intersection:  Non-junction/no special feature,Paved,,Minor Injury,0,2,0,2,0,0,10000,1,2,,POINT (-90.824330511521 42.535834382253)
2014820737,E14172309,05/17/2014,05-May,7-Saturday,23:09,2300 Hours,District 2 (Northeast),,FRANKLIN,I-35,I-35,Collision with:  Animal,,,Animal,None Indicated,,,,,,,Paved,,Property Damage Only,0,0,0,0,0,0,5500,1,1,,POINT (-93.356750618625 42.807031109267)
2014799240,201406892,05/17/2014,05-May,7-Saturday,08:51,0800 Hours,District 6 (East Central),CEDAR RAPIDS,LINN,,BROOKHEAVEN DR NW,Collision with:  Vehicle in traffic,On Roadway,Broadside (front to side),FTYROW:  From driveway,None Indicated,,Daylight,Dry,Clear,None apparent,Non-intersection:  Driveway access (within),Paved,,Property Damage Only,0,0,0,0,0,0,9000,2,2,,POINT (-91.761252424694 41.976327731261)
2014799395,14-15230,05/17/2014,05-May,7-Saturday,08:00,0800 Hours,District 3 (Northwest),SIOUX CITY,WOODBURY,,ORLEANS AVE,Unknown,Roadside,Non-collision (single vehicle),Unknown,None Indicated,,Daylight,Unknown,Unknown,Unknown,Non-intersection:  Non-junction/no special feature,Unpaved,,Property Damage Only,0,0,0,0,0,0,5100,1,1,,POINT (-96.33597853311 42.470766192424)
2014799943,14007713,05/17/2014,05-May,7-Saturday,10:33,1000 Hours,District 2 (Northeast),MASON CITY,CERRO GORDO,US 65,US 65/S FEDERAL AVE & 8TH ST SW & 8TH ST SE,Collision with:  Vehicle in traffic,On Roadway,"Angle, oncoming left turn",FTYROW:  Making left turn,None Indicated,,Daylight,Dry,Clear,None apparent,Intersection:  Four-way intersection,Paved,,Property Damage Only,0,0,0,0,0,0,2500,2,2,,POINT (-93.201111430474 43.143742640275)
2014799235,201406907,05/17/2014,05-May,7-Saturday,16:34,1600 Hours,District 6 (East Central),CEDAR RAPIDS,LINN,,MOUNT VERNON RD SE & 42ND ST SE,Collision with:  Vehicle in traffic,On Roadway,Broadside (front to side),Ran Traffic Signal,None Indicated,,Daylight,Dry,Clear,None apparent,Intersection:  T-intersection,Paved,,Property Damage Only,0,0,0,0,0,0,12000,2,3,,POINT (-91.608858788714 41.976833561054)
2014799171,14-8492,05/17/2014,05-May,7-Saturday,23:45,2300 Hours,District 2 (Northeast),,BREMER,,ATLAS AVE,Non-collision events:  Overturn/rollover,On Roadway,Non-collision (single vehicle),Swerving/Evasive Action,None Indicated,,Dark - roadway not lighted,Dry,Clear,None apparent,Non-intersection:  Non-junction/no special feature,Unpaved,,Minor Injury,0,1,0,1,0,0,8000,1,1,,POINT (-92.539361241311 42.693533716441)
2014807888,CP14-0407,05/17/2014,05-May,7-Saturday,12:40,1200 Hours,District 2 (Northeast),CLARION,WRIGHT,,1ST AVE NW & 1ST ST NW,Collision with:  Vehicle in traffic,On Roadway,"Angle, oncoming left turn",Made improper turn,None Indicated,,Daylight,Dry,Clear,None apparent,Non-intersection:  Non-junction/no special feature,Paved,,Property Damage Only,0,0,0,0,0,0,4500,2,2,,POINT (-93.734072305023 42.732560359886)
2014813200,,05/17/2014,05-May,7-Saturday,05:00,0500 Hours,District 2 (Northeast),NEW HAMPTON,CHICKASAW,IA 24,IA 24/N LINN AVE & W COURT ST,Collision with:  Animal,On Roadway,Non-collision (single vehicle),Animal,None Indicated,,,Dry,,None apparent,Non-intersection:  Non-junction/no special feature,Paved,,Property Damage Only,0,0,0,0,0,0,2500,1,1,,POINT (-92.317824138089 43.061093948641)
2014800513,2014029508,05/17/2014,05-May,7-Saturday,05:58,0500 Hours,District 6 (East Central),,CEDAR,I-80,I-80 & DELTA AVE,Collision with:  Animal,,Non-collision (single vehicle),Animal,None Indicated,,,,,,,Paved,,Property Damage Only,0,0,0,0,0,0,6000,1,1,,POINT (-91.307722635434 41.662928635645)
2014799303,20140013531,05/17/2014,05-May,7-Saturday,15:24,1500 Hours,District 1 (Central),DES MOINES,POLK,,CROCKER ST & 2ND AVE,Collision with:  Vehicle in traffic,On Roadway,"Sideswipe, same direction",Improper or erratic lane changing,None Indicated,,Daylight,Dry,Cloudy,None apparent,Intersection:  T-intersection,Paved,,Possible/Unknown,0,1,0,0,1,0,1800,2,4,,POINT (-93.620328315675 41.593379371425)
2014799476,C14001507,05/17/2014,05-May,7-Saturday,13:50,1300 Hours,District 6 (East Central),CORALVILLE,JOHNSON,US 6,US 6/2ND ST,Collision with:  Vehicle in traffic,On Roadway,Rear-end (front to rear),Followed too close,None Indicated,,Daylight,Dry,Clear,None apparent,Non-intersection:  Non-junction/no special feature,Paved,,Possible/Unknown,0,1,0,0,1,0,8000,2,3,,POINT (-91.596793486196 41.682214844116)
2014799661,2014-31872,05/17/2014,05-May,7-Saturday,13:41,1300 Hours,District 6 (East Central),DAVENPORT,SCOTT,,W 49TH ST & N DIVISION ST,Collision with:  Vehicle in traffic,On Roadway,Rear-end (front to rear),Followed too close,None Indicated,,Daylight,Dry,Clear,None apparent,Non-intersection:  Non-junction/no special feature,Paved,,Property Damage Only,0,0,0,0,0,0,12000,2,4,,POINT (-90.600436940998 41.570150505997)
2014799685,2014029605,05/17/2014,05-May,7-Saturday,21:10,2100 Hours,District 4 (Southwest),,CASS,US 6,US 6/WHITE POLE RD,Collision with:  Animal,,,Animal,None Indicated,,,,,,,Paved,,Property Damage Only,0,0,0,0,0,0,5000,1,1,,POINT (-95.132890545592 41.31793310181)
2014802056,14071610,05/17/2014,05-May,7-Saturday,13:00,1300 Hours,District 6 (East Central),NORTH LIBERTY,JOHNSON,I-380,I-380 & Co Rd F28/250TH ST,Collision with:  Vehicle in traffic,On Roadway,"Sideswipe, same direction",FTYROW:  Other (explain in narrative),None Indicated,,Daylight,Dry,Clear,None apparent,Interchange-related:  Off-ramp,Paved,,Property Damage Only,0,0,0,0,0,0,3000,2,6,,POINT (-91.644313401934 41.752480067005)
2014799307,20140013497,05/17/2014,05-May,7-Saturday,09:15,0900 Hours,District 1 (Central),DES MOINES,POLK,US 69,US 69/SE 14TH ST & HARRIET ST,Collision with:  Vehicle in traffic,On Roadway,"Sideswipe, same direction",Swerving/Evasive Action,None Indicated,,Daylight,Dry,Clear,None apparent,Intersection:  T-intersection,Paved,,Property Damage Only,0,0,0,0,0,0,5000,2,3,,POINT (-93.596885798004 41.578038002066)
2014799241,201406897,05/17/2014,05-May,7-Saturday,12:12,1200 Hours,District 6 (East Central),CEDAR RAPIDS,LINN,IA 922,IA 922/1ST AVE E & 8TH ST SE & 8TH ST NE,Collision with:  Vehicle in traffic,On Roadway,"Angle, oncoming left turn",Made improper turn,None Indicated,,Daylight,Dry,Clear,None apparent,Non-intersection:  Non-junction/no special feature,Paved,,Possible/Unknown,0,1,0,0,1,0,2500,2,3,,POINT (-91.662040617253 41.982527407866)
2014799199,01-14-20864,05/17/2014,05-May,7-Saturday,20:29,2000 Hours,District 6 (East Central),DUBUQUE,DUBUQUE,US 52,US 52/KERRIGAN RD,Collision with:  Animal,On Roadway,Non-collision (single vehicle),Animal,None Indicated,,Dusk,Dry,Clear,None apparent,Intersection:  Other intersection (explain in narrative),Paved,,Property Damage Only,0,0,0,0,0,0,1500,1,3,,POINT (-90.667993241821 42.475340810464)
2014800252,2014029503,05/17/2014,05-May,7-Saturday,02:50,0200 Hours,District 4 (Southwest),,UNION,,Co Rd H17/REA RD,Collision with fixed object:  Ditch,Shoulder,Non-collision (single vehicle),Crossed centerline (undivided),Alcohol (Statutory),,Dark - roadway not lighted,Dry,Clear,None apparent,Non-intersection:  Non-junction/no special feature,Paved,,Major Injury,0,2,2,0,0,0,13000,1,2,,POINT (-94.213858829663 41.128437716167)
2014799155,14007031,05/17/2014,05-May,7-Saturday,06:00,0600 Hours,District 5 (Southeast),,APPANOOSE,,580TH ST,Collision with fixed object:  Other fixed object (explain in narrative),Outside trafficway,Non-collision (single vehicle),Ran off road - right,None Indicated,,Dawn,Dry,Clear,None apparent,Non-intersection:  Non-junction/no special feature,Unpaved,,Property Damage Only,0,0,0,0,0,0,5700,1,1,,POINT (-92.831669218675 40.638238637359)
2014801636,1-14-000179,05/17/2014,05-May,7-Saturday,10:22,1000 Hours,District 4 (Southwest),,SHELBY,US 59,US 59 & 800TH ST,Collision with fixed object:  Ditch,On Roadway,Non-collision (single vehicle),Crossed centerline (undivided),None Indicated,,Daylight,Dry,Clear,Other (explain in narrative),Non-intersection:  Non-junction/no special feature,Paved,,Property Damage Only,0,0,0,0,0,0,10000,1,1,,POINT (-95.335085461209 41.616988123473)
2014800795,14-003212,05/17/2014,05-May,7-Saturday,10:36,1000 Hours,District 1 (Central),,HAMILTON,US 69,US 69/LITTLE WALL LAKE RD,Collision with:  Animal,,,Animal,None Indicated,,,,,,,Paved,,Property Damage Only,0,0,0,0,0,0,3500,1,1,,POINT (-93.639934045673 42.28593230597)
2014799351,14-019644,05/17/2014,05-May,7-Saturday,16:37,1600 Hours,District 4 (Southwest),COUNCIL BLUFFS,POTTAWATTAMIE,I-29,I-29,Collision with:  Vehicle in traffic,On Roadway,"Sideswipe, same direction",Swerving/Evasive Action,None Indicated,,Daylight,Dry,Clear,None apparent,Non-intersection:  Non-junction/no special feature,Paved,,Property Damage Only,0,0,0,0,0,0,1500,2,2,,POINT (-95.845732867246 41.231825777436)
2014799663,2014-31945,05/17/2014,05-May,7-Saturday,20:11,2000 Hours,District 6 (East Central),DAVENPORT,SCOTT,,W 9 1/2 ST & VINE ST,Collision with:  Parked motor vehicle,On Roadway,"Sideswipe, same direction",Lost Control,None Indicated,,Daylight,Dry,Clear,None apparent,Non-intersection:  Non-junction/no special feature,Paved,,Property Damage Only,0,0,0,0,0,0,51000,2,1,,POINT (-90.587382062291 41.529393383975)
2014799289,20140013492,05/17/2014,05-May,7-Saturday,08:58,0800 Hours,District 1 (Central),DES MOINES,POLK,,BANCROFT ST & SW 9TH ST,Collision with:  Vehicle in traffic,On Roadway,Rear-end (front to rear),Other (explain in narrative):  Other,None Indicated,,Daylight,Dry,Clear,None apparent,Non-intersection:  Non-junction/no special feature,Paved,,Property Damage Only,0,0,0,0,0,0,3500,2,3,,POINT (-93.622802189572 41.569884065997)
2014799683,2014029516,05/17/2014,05-May,7-Saturday,06:35,0600 Hours,District 4 (Southwest),,MILLS,,Co Rd L35/221ST ST,Collision with fixed object:  Ditch,Roadside,Non-collision (single vehicle),Swerving/Evasive Action,Alcohol (Statutory),,Dawn,Dry,Clear,None apparent,Non-intersection:  Non-junction/no special feature,Paved,,Property Damage Only,0,0,0,0,0,0,2500,1,1,,POINT (-95.766949753818 41.097469083334)
2014799990,1400000415,05/17/2014,05-May,7-Saturday,21:15,2100 Hours,District 1 (Central),,MARSHALL,US 30,US 30/240TH ST & Co Rd T31/DILLON RD,Collision with:  Animal,,,Animal,None Indicated,,,,,,,Paved,,Property Damage Only,0,0,0,0,0,0,3000,1,1,,POINT (-92.823726332899 42.006860811158)
2014799701,201402177,05/17/2014,05-May,7-Saturday,08:09,0800 Hours,District 1 (Central),,BOONE,,B AVE,Non-collision events:  Overturn/rollover,On Roadway,Non-collision (single vehicle),Ran off road - right,None Indicated,,Daylight,Dry,Clear,None apparent,Non-intersection:  Non-junction/no special feature,Unpaved,,Possible/Unknown,0,1,0,0,1,0,2300,1,1,,POINT (-94.144782076503 42.081976054621)
2014802521,14-048470,05/17/2014,05-May,7-Saturday,19:50,1900 Hours,District 2 (Northeast),,BLACK HAWK,,Co Rd V62/YOUNG RD,Non-collision events:  Other non-collision (explain in narrative),On Roadway,Non-collision (single vehicle),Crossed centerline (undivided),Alcohol (Statutory),,Daylight,Dry,Cloudy,None apparent,Non-intersection:  Non-junction/no special feature,Paved,,Minor Injury,0,1,0,1,0,0,2500,1,1,,POINT (-92.086897936066 42.456781218333)
2014801878,14005249,05/17/2014,05-May,7-Saturday,03:14,0300 Hours,District 2 (Northeast),,FAYETTE,US 18,US 18/HARDING RD,,Shoulder,Non-collision (single vehicle),Driving too fast for conditions,None Indicated,,Dark - roadway not lighted,Dry,Cloudy,None apparent,Non-intersection:  Non-junction/no special feature,Paved,,Property Damage Only,0,0,0,0,0,0,4000,1,1,,POINT (-91.605662359881 43.060701515458)
2014799328,14-1061,05/17/2014,05-May,7-Saturday,16:14,1600 Hours,District 1 (Central),URBANDALE,POLK,IA 28,IA 28/MERLE HAY RD,Collision with:  Vehicle in traffic,On Roadway,Rear-end (front to rear),Other (explain in narrative):  Other,None Indicated,,Daylight,Dry,Cloudy,None apparent,Non-intersection:  Non-junction/no special feature,Paved,,Property Damage Only,0,0,0,0,0,0,3500,2,4,,POINT (-93.69769021635 41.644168810043)
2014799569,14004224,05/17/2014,05-May,7-Saturday,08:30,0800 Hours,District 6 (East Central),,BUCHANAN,IA 150,IA 150/JAMESTOWN AVE,Collision with:  Vehicle in traffic,On Roadway,"Sideswipe, opposite direction",Unknown,None Indicated,,Daylight,Dry,Clear,None apparent,Non-intersection:  Non-junction/no special feature,Paved,,Property Damage Only,0,0,0,0,0,0,4300,2,2,,POINT (-91.889870972246 42.408094768313)
2014799483,N14000206,05/17/2014,05-May,7-Saturday,19:47,1900 Hours,District 6 (East Central),NORTH LIBERTY,JOHNSON,I-380,I-380 & FOREVERGREEN RD,Collision with:  Vehicle in traffic,On Roadway,"Sideswipe, opposite direction",Crossed centerline (undivided),Refused,,Daylight,Dry,Clear,None apparent,Non-intersection:  Other non-intersection (explain in narrative),Paved,,Possible/Unknown,0,1,0,0,1,0,14000,2,4,,POINT (-91.642065183714 41.723325560806)
2014800880,2014-31938,05/17/2014,05-May,7-Saturday,19:40,1900 Hours,District 6 (East Central),DAVENPORT,SCOTT,,PERSHING AVE,Collision with fixed object:  Utility pole/light support,On Roadway,Non-collision (single vehicle),Lost Control,Refused,,Dark - roadway lighted,Dry,Clear,None apparent,Non-intersection:  Non-junction/no special feature,Paved,,Major Injury,0,3,2,0,1,0,16000,1,4,,POINT (-90.571135776514 41.526349279999)
2014799336,14-2261,05/17/2014,05-May,7-Saturday,18:56,1800 Hours,District 4 (Southwest),WEST DES MOINES,DALLAS,,JORDAN CREEK PKWY & WOODLAND AVE,Collision with:  Vehicle in traffic,On Roadway,Rear-end (front to rear),FTYROW:  Other (explain in narrative),None Indicated,,Daylight,Dry,Cloudy,None apparent,Non-intersection:  Non-junction/no special feature,Paved,,Property Damage Only,0,0,0,0,0,0,1600,2,5,,POINT (-93.809124568224 41.584684649279)
2014799396,14-15238,05/17/2014,05-May,7-Saturday,12:06,1200 Hours,District 3 (Northwest),SIOUX CITY,WOODBURY,,STONE PARK BLVD & SUMMIT ST,Collision with:  Vehicle in traffic,On Roadway,Rear-end (front to rear),Lost Control,None Indicated,,Daylight,Dry,Clear,None apparent,Non-intersection:  Non-junction/no special feature,Paved,,Property Damage Only,0,0,0,0,0,0,16686,2,6,,POINT (-96.410034907683 42.521701744802)
2014799550,,05/17/2014,05-May,7-Saturday,20:55,2000 Hours,District 4 (Southwest),ADEL,DALLAS,US 6,US 6,Collision with:  Animal,On Roadway,Non-collision (single vehicle),Animal,None Indicated,,Dusk,Dry,Clear,None apparent,Non-intersection:  Non-junction/no special feature,Paved,,Property Damage Only,0,0,0,0,0,0,1600,1,4,,POINT (-93.993934221578 41.612715809827)
2014799938,14007072,05/17/2014,05-May,7-Saturday,00:21,0000 Hours,District 6 (East Central),,CEDAR,,Co Rd X46/JACKSON AVE & 220TH,Collision with fixed object:  Ditch,On Roadway,Non-collision (single vehicle),Unknown,Alcohol (Statutory),,Dark - roadway not lighted,Dry,Clear,None apparent,Intersection:  Four-way intersection,Unpaved,,Property Damage Only,0,0,0,0,0,0,5000,1,1,,POINT (-91.190813573331 41.772018521911)
2014799736,14071461,05/17/2014,05-May,7-Saturday,05:33,0500 Hours,District 6 (East Central),,JOHNSON,US 6,US 6,Collision with:  Vehicle in traffic,On Roadway,Rear-end (front to rear),Other (explain in narrative):  Other,Alcohol (Statutory),,Dark - roadway not lighted,Dry,Cloudy,None apparent,Non-intersection:  Non-junction/no special feature,Paved,,Major Injury,0,3,1,0,2,0,7400,2,3,,POINT (-91.450313946483 41.605927235189)
2014802054,4514-025,05/17/2014,05-May,7-Saturday,14:15,1400 Hours,District 2 (Northeast),,HOWARD,,55TH ST,Collision with:  Parked motor vehicle,On Roadway,"Sideswipe, opposite direction",Crossed centerline (undivided),None Indicated,,Daylight,"Mud, dirt",Clear,None apparent,Non-intersection:  Non-junction/no special feature,Unpaved,,Property Damage Only,0,0,0,0,0,0,4000,2,1,,POINT (-92.273885134392 43.436335600658)
2014799398,14-15296,05/17/2014,05-May,7-Saturday,23:23,2300 Hours,District 3 (Northwest),SIOUX CITY,WOODBURY,,10TH ST & JACKSON ST,Collision with:  Vehicle in traffic,On Roadway,Broadside (front to side),FTYROW:  From stop sign,None Indicated,,Dark - roadway lighted,Dry,Clear,None apparent,Intersection:  Four-way intersection,Paved,,Property Damage Only,0,0,0,0,0,0,3000,2,7,,POINT (-96.402067273299 42.500733310555)
2014799674,14005526,05/17/2014,05-May,7-Saturday,02:40,0200 Hours,District 1 (Central),,TAMA,US 30,US 30,Collision with:  Animal,,,Animal,None Indicated,,,,,,,Paved,,Property Damage Only,0,0,0,0,0,0,7500,1,1,,POINT (-92.534538110665 41.964351633629)
2014801008,390514-1221,05/17/2014,05-May,7-Saturday,17:55,1700 Hours,District 4 (Southwest),,GUTHRIE,IA 44,IA 44/IOWA 44,Collision with:  Vehicle in traffic,On Roadway,"Sideswipe, opposite direction",Crossed centerline (undivided),None Indicated,,Daylight,Dry,Cloudy,None apparent,Non-intersection:  Non-junction/no special feature,Paved,,Minor Injury,0,1,0,1,0,0,21000,2,3,,POINT (-94.314253895549 41.688337519181)
2014799727,14-040517-01,05/17/2014,05-May,7-Saturday,03:15,0300 Hours,District 6 (East Central),,IOWA,I-80,I-80,Collision with:  Vehicle in traffic,On Roadway,Rear-end (front to rear),Driver Distraction:  Manual operation of an electronic communication device,None Indicated,,Dark - roadway not lighted,Dry,Cloudy,None apparent,Interchange-related:  Off-ramp,Paved,,Minor Injury,0,1,0,1,0,0,6500,2,2,,POINT (-91.909955755841 41.688818642696)
2014799796,14-5718,05/17/2014,05-May,7-Saturday,21:57,2100 Hours,District 3 (Northwest),,SIOUX,,Co Rd K18/440TH ST/BUCHANAN AVE,Collision with fixed object:  Ditch,Shoulder,Non-collision (single vehicle),Ran Stop Sign,None Indicated,,Dark - roadway not lighted,Dry,Cloudy,None apparent,Intersection:  T-intersection,Paved,,Possible/Unknown,0,1,0,0,1,0,7000,1,3,,POINT (-96.469306287456 43.010611162206)
2014799456,143384,05/17/2014,05-May,7-Saturday,02:39,0200 Hours,District 4 (Southwest),,DALLAS,,Co Rd P58/K AVE & 290TH ST,Collision with:  Animal,,,Animal,None Indicated,,,,,,,Paved,,Property Damage Only,0,0,0,0,0,0,5000,1,1,,POINT (-94.086268077282 41.615014822697)
2014799220,2014005463,05/17/2014,05-May,7-Saturday,21:15,2100 Hours,District 6 (East Central),IOWA CITY,JOHNSON,US 218,US 218,Collision with:  Animal,On Roadway,Non-collision (single vehicle),Animal,None Indicated,,Dark - roadway not lighted,Dry,Cloudy,None apparent,Non-intersection:  Non-junction/no special feature,Paved,,Property Damage Only,0,0,0,0,0,0,10000,1,2,,POINT (-91.603780517124 41.661349976749)
2014799160,W14-048322,05/17/2014,05-May,7-Saturday,12:34,1200 Hours,District 2 (Northeast),WATERLOO,BLACK HAWK,,FRANKLIN ST,Collision with:  Vehicle in traffic,On Roadway,"Sideswipe, opposite direction",FTYROW:  From driveway,None Indicated,,Daylight,Dry,Clear,None apparent,Non-intersection:  Driveway access (within),Paved,,Possible/Unknown,0,1,0,0,1,0,3500,2,3,,POINT (-92.32709632924 42.496600920069)
2014868238,1-14-000180,05/17/2014,05-May,7-Saturday,00:01,0000 Hours,District 4 (Southwest),,SHELBY,,CEDAR RD,Collision with fixed object:  Culvert/pipe opening,On Roadway,Non-collision (single vehicle),Driving too fast for conditions,None Indicated,,Unknown,"Mud, dirt",Unknown,Unknown,Non-intersection:  Non-junction/no special feature,Unpaved,,Property Damage Only,0,0,0,0,0,0,10500,1,1,,POINT (-95.508866992791 41.732512416313)
2014804176,01-14-20803,05/17/2014,05-May,7-Saturday,12:03,1200 Hours,District 6 (East Central),DUBUQUE,DUBUQUE,,E 22ND ST & WASHINGTON ST,Collision with:  Vehicle in traffic,On Roadway,Broadside (front to side),Ran Stop Sign,None Indicated,,Daylight,Dry,Clear,None apparent,Intersection:  Four-way intersection,Paved,,Possible/Unknown,0,2,0,0,2,0,14000,2,3,,POINT (-90.668832737846 42.514305495167)
2014799269,14-006258,05/17/2014,05-May,7-Saturday,16:37,1600 Hours,District 4 (Southwest),,MILLS,US 34,US 34 & HILMAN RD,Collision with fixed object:  Curb/island/raised median,On Roadway,Non-collision (single vehicle),Followed too close,None Indicated,,Daylight,Dry,Clear,None apparent,Intersection:  Four-way intersection,Paved,,Minor Injury,0,1,0,1,0,0,3000,1,1,,POINT (-95.768107743843 41.043671405179)
2014799291,20140013508,05/17/2014,05-May,7-Saturday,11:28,1100 Hours,District 1 (Central),DES MOINES,POLK,,URBANDALE AVE & 50TH ST,Collision with:  Vehicle in traffic,On Roadway,Broadside (front to side),FTYROW:  From stop sign,None Indicated,,Daylight,Dry,Clear,None apparent,Intersection:  Four-way intersection,Paved,,Property Damage Only,0,0,0,0,0,0,8000,2,3,,POINT (-93.68765787359 41.622170713331)
2014799782,S14-001711,05/17/2014,05-May,7-Saturday,14:09,1400 Hours,District 4 (Southwest),,POTTAWATTAMIE,US 6,US 6 & Co Rd M47/500TH ST,Collision with:  Vehicle in traffic,On Roadway,Broadside (front to side),FTYROW:  From stop sign,None Indicated,,Daylight,Dry,Clear,None apparent,Intersection:  Four-way intersection,Paved,,Possible/Unknown,0,3,0,0,3,0,25200,2,3,,POINT (-95.232225237016 41.317832051142)
2014799292,20140013516,05/17/2014,05-May,7-Saturday,12:43,1200 Hours,District 1 (Central),DES MOINES,POLK,US 69,US 69/SE 14TH ST & KING AVE,Collision with:  Vehicle in traffic,On Roadway,"Sideswipe, same direction",Other (explain in narrative):  Other,Alcohol (Statutory),,Daylight,Dry,Clear,None apparent,Intersection:  Four-way intersection,Paved,,Property Damage Only,0,0,0,0,0,0,5000,2,3,,POINT (-93.596901213117 41.560167466995)
2014799198,01-14-20836,05/17/2014,05-May,7-Saturday,17:11,1700 Hours,District 6 (East Central),DUBUQUE,DUBUQUE,US 52,US 52/CENTRAL AVE & W 32ND ST & E 32ND ST,Collision with:  Vehicle in traffic,On Roadway,Broadside (front to side),FTYROW:  From driveway,None Indicated,,Daylight,Dry,Clear,None apparent,Non-intersection:  Driveway access (within),Paved,,Property Damage Only,0,0,0,0,0,0,8000,2,5,,POINT (-90.682830306456 42.527493970575)
2014799186,CL14001513,05/17/2014,05-May,7-Saturday,11:50,1100 Hours,District 6 (East Central),CLINTON,CLINTON,,9TH AVE S,Collision with:  Vehicle in traffic,On Roadway,"Sideswipe, same direction",FTYROW:  From parked position,None Indicated,,Daylight,Dry,Clear,None apparent,Non-intersection:  Non-junction/no special feature,Paved,,Property Damage Only,0,0,0,0,0,0,2800,2,3,,POINT (-90.197100882842 41.836527902197)
2014799551,,05/17/2014,05-May,7-Saturday,11:24,1100 Hours,District 4 (Southwest),,MILLS,I-29,I-29,Collision with:  Vehicle in traffic,On Roadway,Rear-end (front to rear),Followed too close,None Indicated,,Daylight,Dry,Clear,None apparent,Non-intersection:  Non-junction/no special feature,Paved,,Possible/Unknown,0,1,0,0,1,0,11000,2,3,,POINT (-95.818259210179 41.037465299358)
2014803255,,05/17/2014,05-May,7-Saturday,15:55,1500 Hours,District 2 (Northeast),,WORTH,,Co Rd S14/BLUEBILL,Collision with fixed object:  Ditch,Median,Non-collision (single vehicle),Swerving/Evasive Action,None Indicated,,Daylight,Dry,Cloudy,None apparent,Non-intersection:  Non-junction/no special feature,Paved,,Possible/Unknown,0,2,0,0,2,0,5000,1,2,,POINT (-93.467858771401 43.298987682588)
2014800794,14-003206,05/17/2014,05-May,7-Saturday,06:05,0600 Hours,District 1 (Central),WEBSTER CITY,HAMILTON,US 20,US 20,Collision with:  Animal,,,Animal,None Indicated,,,,,,,Paved,,Property Damage Only,0,0,0,0,0,0,5000,1,1,,POINT (-93.840575270052 42.449131726362)
2014799575,CL14001512,05/17/2014,05-May,7-Saturday,01:30,0100 Hours,District 6 (East Central),CLINTON,CLINTON,US 67,US 67/MAIN AVE & PERSHING BLVD,Collision with:  Non-motorist (see non-motorist section - NOT a unit),On Roadway,Non-collision (single vehicle),Other (explain in narrative):  Other,None Indicated,,Dark - roadway lighted,Unknown,Cloudy,None apparent,Non-intersection:  Non-junction/no special feature,Paved,,Minor Injury,0,1,0,1,0,0,0,1,1,,POINT (-90.181041062749 41.872877770152)
2014806810,32037-14,05/17/2014,05-May,7-Saturday,19:34,1900 Hours,District 3 (Northwest),,EMMET,,Co Rd A34/230 ST,Non-collision events:  Overturn/rollover,On Roadway,Non-collision (single vehicle),Crossed centerline (undivided),Alcohol (Statutory),,Daylight,Dry,Clear,None apparent,Non-intersection:  Non-junction/no special feature,Paved,,Major Injury,0,1,1,0,0,0,15000,1,1,,POINT (-94.891222776401 43.313148190551)
2014799162,W14-048430,05/17/2014,05-May,7-Saturday,18:20,1800 Hours,District 2 (Northeast),WATERLOO,BLACK HAWK,,CENTER ST & BROADWAY ST,Collision with:  Vehicle in traffic,On Roadway,Rear-end (front to rear),Driver Distraction:  Passenger,None Indicated,,Daylight,Dry,Clear,None apparent,Non-intersection:  Non-junction/no special feature,Paved,,Property Damage Only,0,0,0,0,0,0,3000,2,2,,POINT (-92.345113710704 42.511168640562)
2014799316,20140013550,05/17/2014,05-May,7-Saturday,19:15,1900 Hours,District 1 (Central),DES MOINES,POLK,,JACKSON AVE & E JACKSON AVE & SE 1ST ST,Collision with:  Vehicle in traffic,On Roadway,Broadside (front to side),Ran Traffic Signal,None Indicated,,Daylight,Dry,Clear,None apparent,Intersection:  Four-way intersection,Paved,,Property Damage Only,0,0,0,0,0,0,2000,2,2,,POINT (-93.613597256364 41.575653178494)