Iowa DOT Case Number,Law Enforcement Case Number,Date of Crash,Month of Crash,Day of Week,Time of Crash,Hour,DOT District,City Name,County Name,Route with System,Location Description,First Harmful Event,Location of First Harmful Event,Manner of Crash/Collision,Major Cause,Drug or Alcohol ,Environmental Conditions,Light Conditions,Surface Conditions,Weather Conditions,Roadway Contribution,Roadway Type,Roadway Surface,Work Zone,Crash Severity,Number of Fatalities,Number of Injuries,Number of Major Injuries,Number of Minor Injuries,Number of Possible Injuries,Number of Unknown Injuries,Amount of Property Damage,Number of Vehicles Involved,Total Number of Occupants,Travel Direction,Location
2014799322,20140013620,05/18/2014,05-May,1-Sunday,10:35,1000 Hours,District 1 (Central),DES MOINES,POLK,,UNIVERSITY AVE & 24TH ST,Collision with:  Vehicle in traffic,On Roadway,Broadside (front to side),Ran Traffic Signal,None Indicated,,Daylight,Dry,Clear,None apparent,Intersection:  Four-way intersection,Paved,,Possible/Unknown,0,1,0,0,1,0,4500,2,4,,POINT (-93.649723326258 41.600413786574)
2014799519,S14-001731,05/18/2014,05-May,1-Sunday,14:50,1400 Hours,District 4 (Southwest),,POTTAWATTAMIE,,Co Rd L20/OLD LINCOLN HWY,Collision with:  Vehicle in traffic,On Roadway,"Sideswipe, same direction",Crossed centerline (undivided),None Indicated,,Daylight,Dry,Clear,None apparent,Non-intersection:  Driveway access (within),Paved,,Property Damage Only,0,0,0,0,0,0,35700,2,3,,POINT (-95.844355728648 41.385759672051)
2014800232,SO14-0581,05/18/2014,05-May,1-Sunday,11:11,1100 Hours,District 2 (Northeast),,WRIGHT,,Co Rd C26/150TH ST,Collision with:  Animal,,,Animal,None Indicated,,,,,,,Unpaved,,Property Damage Only,0,0,0,0,0,0,2500,1,1,,POINT (-93.691334629696 42.834118834046)
2014799606,14014533,05/18/2014,05-May,1-Sunday,15:14,1500 Hours,District 5 (Southeast),,LEE,US 61,US 61,Collision with:  Vehicle in traffic,On Roadway,Rear-end (front to rear),Followed too close,None Indicated,,Daylight,Dry,Clear,None apparent,Intersection:  T-intersection,Paved,,Property Damage Only,0,0,0,0,0,0,3000,2,2,,POINT (-91.441652736387 40.512926076406)
2014804912,SA1403669,05/18/2014,05-May,1-Sunday,16:42,1600 Hours,District 5 (Southeast),,WASHINGTON,IA 1,IA 1,Non-collision events:  Overturn/rollover,Outside trafficway,Non-collision (single vehicle),Crossed centerline (undivided),None Indicated,,Daylight,Dry,Clear,None apparent,Non-intersection:  Non-junction/no special feature,Paved,,Possible/Unknown,0,1,0,0,1,0,4000,1,1,,POINT (-91.790182513258 41.209927874435)
2014799200,01-14-21025,05/18/2014,05-May,1-Sunday,20:45,2000 Hours,District 6 (East Central),DUBUQUE,DUBUQUE,US 20,US 20/DODGE ST & COUSINS RD,Collision with:  Animal,On Roadway,Non-collision (single vehicle),Animal,None Indicated,,Dark - roadway not lighted,Dry,Clear,None apparent,Intersection:  T-intersection,Paved,,Property Damage Only,0,0,0,0,0,0,5000,1,4,,POINT (-90.764094991737 42.471592492782)
2014799354,14-019873,05/18/2014,05-May,1-Sunday,22:30,2200 Hours,District 4 (Southwest),COUNCIL BLUFFS,POTTAWATTAMIE,,S 8TH ST,Collision with:  Non-motorist (see non-motorist section - NOT a unit),On Roadway,Non-collision (single vehicle),FTYROW:  To pedestrian,None Indicated,,Dark - roadway lighted,Dry,Clear,None apparent,Non-intersection:  Non-junction/no special feature,Paved,,Minor Injury,0,1,0,1,0,0,0,1,1,,POINT (-95.856175468261 41.23875411745)
2014799236,201406937,05/18/2014,05-May,1-Sunday,01:39,0100 Hours,District 6 (East Central),CEDAR RAPIDS,LINN,I-380,I-380 & WRIGHT BROTHERS BLVD SW,Collision with:  Vehicle in traffic,On Roadway,Rear-end (front to rear),Unknown,None Indicated,,Dark - roadway not lighted,Dry,Clear,None apparent,Non-intersection:  Non-junction/no special feature,Paved,,Property Damage Only,0,0,0,0,0,0,13000,2,3,,POINT (-91.670926891417 41.890656226222)
2014799187,141293,05/18/2014,05-May,1-Sunday,22:07,2200 Hours,District 3 (Northwest),,CRAWFORD,IA 39,IA 39/IOWA 39,Collision with:  Animal,,,Animal,None Indicated,,,,,,,Paved,,Property Damage Only,0,0,0,0,0,0,1500,1,1,,POINT (-95.323673619999 42.105609296897)
2014828301,14050464,05/18/2014,05-May,1-Sunday,01:29,0100 Hours,District 5 (Southeast),OTTUMWA,WAPELLO,,EDDYVILLE RD,Collision with:  Animal,,,Animal,None Indicated,,,,,,,Paved,,Property Damage Only,0,0,0,0,0,0,3500,1,1,,POINT (-92.487386085287 41.068546605953)
2014799360,GP20140387,05/18/2014,05-May,1-Sunday,23:18,2300 Hours,District 1 (Central),GRINNELL,POWESHIEK,,5TH AVE & PARK ST,Collision with:  Vehicle in traffic,On Roadway,Broadside (front to side),Ran Stop Sign,None Indicated,,Dark - unknown roadway lighting,Wet,Rain,None apparent,Intersection:  Four-way intersection,Paved,,Property Damage Only,0,0,0,0,0,0,4000,2,2,,POINT (-92.722506426733 41.744696471153)
2014800343,01231,05/18/2014,05-May,1-Sunday,03:50,0300 Hours,District 6 (East Central),DYERSVILLE,DUBUQUE,,2ND ST NE,Collision with:  Parked motor vehicle,On Roadway,Rear-end (front to rear),Ran off road - right,None Indicated,,Dark - roadway lighted,Dry,Clear,Non-highway work,Non-intersection:  Non-junction/no special feature,Paved,,Property Damage Only,0,0,0,0,0,0,7000,2,1,,POINT (-91.122933914084 42.491748950481)
2014799323,20140013633,05/18/2014,05-May,1-Sunday,12:35,1200 Hours,District 1 (Central),DES MOINES,POLK,,GRAND AVE,Collision with:  Vehicle in traffic,On Roadway,"Sideswipe, same direction",FTYROW:  Other (explain in narrative),None Indicated,,Daylight,Dry,Clear,None apparent,Non-intersection:  Non-junction/no special feature,Paved,,Property Damage Only,0,0,0,0,0,0,1500,2,3,,POINT (-93.632125629767 41.586280452099)
2014804824,TC3014,05/18/2014,05-May,1-Sunday,17:00,1700 Hours,District 4 (Southwest),MISSOURI VALLEY,HARRISON,US 30,US 30/E ERIE ST,Collision with:  Parked motor vehicle,Shoulder,Rear-end (front to rear),Other (explain in narrative):  Other,None Indicated,,Daylight,Dry,Clear,None apparent,Non-intersection:  Non-junction/no special feature,Paved,,Property Damage Only,0,0,0,0,0,0,10500,2,1,,POINT (-95.887427387109 41.556368928904)
2014799878,2014029646,05/18/2014,05-May,1-Sunday,06:35,0600 Hours,District 4 (Southwest),,CASS,I-80,I-80,Collision with:  Vehicle in traffic,On Roadway,Rear-end (front to rear),Followed too close,Alcohol (Statutory),,Daylight,Dry,Clear,None apparent,Non-intersection:  Non-junction/no special feature,Paved,,Property Damage Only,0,0,0,0,0,0,5000,2,3,,POINT (-94.751020320557 41.496809359546)
2014807783,14-005164,05/18/2014,05-May,1-Sunday,02:00,0200 Hours,District 3 (Northwest),,CARROLL,,115TH ST & ROBIN AVE,Collision with fixed object:  Ditch,Outside trafficway,Non-collision (single vehicle),Driving too fast for conditions,Alcohol (< Statutory),,Dark - roadway not lighted,Dry,Clear,None apparent,Intersection:  T-intersection,Unpaved,,Major Injury,0,3,3,0,0,0,2600,1,3,,POINT (-94.76437002753 42.188146621956)
2014803101,,05/18/2014,05-May,1-Sunday,12:33,1200 Hours,District 4 (Southwest),,FREMONT,I-29,I-29,Collision with:  Vehicle in traffic,On Roadway,"Sideswipe, same direction",Swerving/Evasive Action,None Indicated,,Daylight,Dry,Cloudy,None apparent,Non-intersection:  Non-junction/no special feature,Paved,,Property Damage Only,0,0,0,0,0,0,2000,2,3,,POINT (-95.805003429367 40.717982189702)
2014799401,14-15345,05/18/2014,05-May,1-Sunday,11:33,1100 Hours,District 3 (Northwest),SIOUX CITY,WOODBURY,I-29,I-29 & HAMILTON BLVD,Collision with:  Vehicle in traffic,On Roadway,"Sideswipe, same direction",FTYROW:  Other (explain in narrative),None Indicated,,Daylight,Dry,Clear,None apparent,Non-intersection:  Non-junction/no special feature,Paved,,Property Damage Only,0,0,0,0,0,0,4000,2,3,,POINT (-96.42439528787 42.492017567129)
2014800102,14048931,05/18/2014,05-May,1-Sunday,21:10,2100 Hours,District 2 (Northeast),CEDAR FALLS,BLACK HAWK,,W 12TH ST & LEXINGTON DR,Collision with:  Vehicle in traffic,On Roadway,Rear-end (front to rear),Lost Control,None Indicated,,Dark - roadway lighted,Dry,Cloudy,None apparent,Non-intersection:  Non-junction/no special feature,Paved,,Minor Injury,0,2,0,1,1,0,15000,2,2,,POINT (-92.481663002716 42.527690816645)
2014799400,14-15322,05/18/2014,05-May,1-Sunday,03:13,0300 Hours,District 3 (Northwest),SIOUX CITY,WOODBURY,,W 4TH ST,Collision with:  Vehicle in traffic,On Roadway,Rear-end (front to rear),Ran off road - right,Refused,,Dark - roadway lighted,Dry,Clear,None apparent,Non-intersection:  Non-junction/no special feature,Paved,,Minor Injury,0,1,0,1,0,0,60000,6,1,,POINT (-96.428929204764 42.500391064692)
2014799666,2014-32075,05/18/2014,05-May,1-Sunday,11:52,1100 Hours,District 6 (East Central),DAVENPORT,SCOTT,,IA 461/BRADY ST,Collision with:  Vehicle in traffic,On Roadway,"Sideswipe, same direction",FTYROW:  At uncontrolled intersection,None Indicated,,Daylight,Dry,Clear,None apparent,Non-intersection:  Non-junction/no special feature,Paved,,Property Damage Only,0,0,0,0,0,0,4000,2,4,,POINT (-90.569896856973 41.575101688388)
2014799932,14-5184,05/18/2014,05-May,1-Sunday,19:26,1900 Hours,District 3 (Northwest),CARROLL,CARROLL,,GRANT RD,Non-collision events:  Other non-collision (explain in narrative),On Roadway,Non-collision (single vehicle),Lost Control,None Indicated,,Daylight,Dry,Clear,None apparent,Non-intersection:  Non-junction/no special feature,Paved,,Possible/Unknown,0,1,0,0,1,0,200,1,1,,POINT (-94.859238708654 42.07441533643)
2014799267,2014004737,05/18/2014,05-May,1-Sunday,08:14,0800 Hours,District 1 (Central),MARSHALLTOWN,MARSHALL,,CAMPBELL DR & W OLIVE ST,Collision with fixed object:  Ditch,On Roadway,Non-collision (single vehicle),Ran off road - right,None Indicated,,Daylight,Dry,Clear,None apparent,Intersection:  Other intersection (explain in narrative),Paved,,Possible/Unknown,0,2,0,0,2,0,15000,1,2,,POINT (-92.945796440035 42.028590284187)
2014799299,20140013674,05/18/2014,05-May,1-Sunday,20:25,2000 Hours,District 1 (Central),DES MOINES,POLK,,HUBBELL AVE & ANKENY AVE,Collision with:  Vehicle in traffic,On Roadway,Broadside (front to side),Crossed centerline (undivided),Alcohol (Statutory),,Dusk,Dry,Clear,None apparent,Intersection:  Other intersection (explain in narrative),Paved,,Possible/Unknown,0,1,0,0,0,1,2500,2,2,,POINT (-93.581944759843 41.598705191073)
2014806812,32039-14,05/18/2014,05-May,1-Sunday,22:20,2200 Hours,District 3 (Northwest),,EMMET,IA 4,IA 4/IOWA 4,Collision with:  Animal,,,Animal,None Indicated,,,,,,,Paved,,Property Damage Only,0,0,0,0,0,0,5500,1,1,,POINT (-94.805283741203 43.363394599074)
2014799614,1400000422,05/18/2014,05-May,1-Sunday,21:25,2100 Hours,District 1 (Central),,MARSHALL,IA 14,IA 14/SANFORD AVE,Collision with:  Animal,,,Animal,None Indicated,,,,,,,Paved,,Property Damage Only,0,0,0,0,0,0,2000,1,1,,POINT (-92.903510935188 42.13565925857)
2014801146,S14-E1802,05/18/2014,05-May,1-Sunday,02:45,0200 Hours,District 5 (Southeast),,CLARKE,US 69,US 69,Collision with:  Animal,,,Animal,None Indicated,,,,,,,Paved,,Property Damage Only,0,0,0,0,0,0,3000,1,1,,POINT (-93.764054339738 41.011745141197)
2014799334,14-2275,05/18/2014,05-May,1-Sunday,17:21,1700 Hours,District 1 (Central),WEST DES MOINES,POLK,,E P TRUE PKWY,Collision with:  Vehicle in traffic,On Roadway,Rear-end (front to rear),Driver Distraction:  Passenger,None Indicated,,Daylight,Dry,Clear,None apparent,Non-intersection:  Non-junction/no special feature,Paved,,Property Damage Only,0,0,0,0,0,0,3500,2,5,,POINT (-93.763748582478 41.572150723095)
2014834055,14-1601,05/18/2014,05-May,1-Sunday,21:23,2100 Hours,District 2 (Northeast),WEST UNION,FAYETTE,,ECHO VALLEY RD & IVORY RD,Collision with:  Animal,,,Animal,None Indicated,,,,,,,Paved,,Property Damage Only,0,0,0,0,0,0,1700,1,1,,POINT (-91.78217571848 42.945553075092)
2014799621,14-002728,05/18/2014,05-May,1-Sunday,17:30,1700 Hours,District 3 (Northwest),,OBRIEN,,TYLER AVE,Non-collision events:  Overturn/rollover,On Roadway,Non-collision (single vehicle),Swerving/Evasive Action,None Indicated,,Daylight,Dry,Cloudy,None apparent,Non-intersection:  Non-junction/no special feature,Unpaved,,Minor Injury,0,1,0,1,0,0,1919,1,4,,POINT (-95.525380764229 43.177037588493)
2014799664,2014-32050,05/18/2014,05-May,1-Sunday,08:11,0800 Hours,District 6 (East Central),DAVENPORT,SCOTT,,W LOCUST ST & FAIRMOUNT ST,Collision with:  Vehicle in traffic,On Roadway,Broadside (front to side),Ran Traffic Signal,None Indicated,,Daylight,Dry,Clear,None apparent,Intersection:  Four-way intersection,Paved,,Property Damage Only,0,0,0,0,0,0,9000,2,4,,POINT (-90.629851634029 41.538121640299)
2014802858,,05/18/2014,05-May,1-Sunday,04:45,0400 Hours,District 4 (Southwest),,HARRISON,,Co Rd K45/AUSTIN AVE,Collision with:  Animal,On Roadway,Non-collision (single vehicle),Animal,None Indicated,,Dark - roadway not lighted,Dry,Clear,,Non-intersection:  Non-junction/no special feature,Paved,,Property Damage Only,0,0,0,0,0,0,7300,1,1,,POINT (-96.028318115078 41.584289016233)
2014799797,14-5770,05/18/2014,05-May,1-Sunday,23:15,2300 Hours,District 3 (Northwest),,SIOUX,IA 60,IA 60/IOWA 60,Collision with:  Animal,,,Animal,None Indicated,,,,,,,Paved,,Property Damage Only,0,0,0,0,0,0,2500,1,1,,POINT (-95.897451102562 43.093731507787)
2014799172,14-8600,05/18/2014,05-May,1-Sunday,21:29,2100 Hours,District 2 (Northeast),,BREMER,US 218,US 218,Collision with:  Animal,,,Animal,None Indicated,,,,,,,Paved,,Property Damage Only,0,0,0,0,0,0,3000,1,1,,POINT (-92.545405014847 42.900582743202)
2014800050,14-002425,05/18/2014,05-May,1-Sunday,15:30,1500 Hours,District 1 (Central),AMES,STORY,US 69,US 69/LINCOLN WAY/GRAND AVE,Collision with:  Vehicle in traffic,On Roadway,"Angle, oncoming left turn",FTYROW:  Making left turn,None Indicated,,Daylight,Dry,Clear,None apparent,Intersection:  Four-way intersection,Paved,,Possible/Unknown,0,1,0,0,1,0,3000,2,2,,POINT (-93.620222147362 42.022910470838)
2014799247,14010028,05/18/2014,05-May,1-Sunday,21:02,2100 Hours,District 6 (East Central),MARION,LINN,,29TH AVE & 35TH ST,Collision with:  Vehicle in traffic,On Roadway,Broadside (front to side),Ran Stop Sign,None Indicated,,Dark - roadway lighted,Dry,Clear,None apparent,Intersection:  Four-way intersection,Paved,,Property Damage Only,0,0,0,0,0,0,4000,2,2,,POINT (-91.574495059997 42.050399108057)
2014799178,20140518EEP2,05/18/2014,05-May,1-Sunday,11:15,1100 Hours,District 5 (Southeast),OSCEOLA,CLARKE,I-35,I-35 & US 34,Collision with:  Vehicle in traffic,On Roadway,Broadside (front to side),FTYROW:  From stop sign,None Indicated,,Daylight,Dry,Clear,None apparent,Intersection:  Intersection with ramp,Paved,,Property Damage Only,0,0,0,0,0,0,5000,2,3,,POINT (-93.796208778705 41.026354819977)
2014809943,14-3370PD,05/18/2014,05-May,1-Sunday,19:30,1900 Hours,District 1 (Central),BOONE,BOONE,,MCPHERSON ST,Collision with:  Parked motor vehicle,On Roadway,Unknown,Unknown,None Indicated,,Daylight,Dry,Cloudy,None apparent,Non-intersection:  Non-junction/no special feature,Paved,,Property Damage Only,0,0,0,0,0,0,1500,2,1,,POINT (-93.89803682469 42.059728905155)
2014799298,20140013655,05/18/2014,05-May,1-Sunday,16:46,1600 Hours,District 1 (Central),DES MOINES,POLK,,16TH ST,Collision with:  Vehicle in traffic,On Roadway,Head-on (front to front),Other (explain in narrative):  Other,None Indicated,,Daylight,Dry,Clear,None apparent,Non-intersection:  Non-junction/no special feature,Paved,,Possible/Unknown,0,4,0,0,4,0,7000,2,8,,POINT (-93.639036117473 41.611831793564)
2014800425,14-001045,05/18/2014,05-May,1-Sunday,10:47,1000 Hours,District 1 (Central),ALTOONA,POLK,,PARK MEADOWS DR SW,Collision with:  Vehicle in traffic,On Roadway,"Sideswipe, opposite direction",Traveling wrong way or on wrong side of road,None Indicated,,Daylight,Dry,Clear,None apparent,Non-intersection:  Non-junction/no special feature,Paved,,Property Damage Only,0,0,0,0,0,0,9000,2,3,,POINT (-93.494858119751 41.634061080327)
2014799704,14004284,05/18/2014,05-May,1-Sunday,20:05,2000 Hours,District 6 (East Central),,BUCHANAN,US 20,US 20,Collision with:  Animal,,,Animal,None Indicated,,,,,,,Paved,,Property Damage Only,0,0,0,0,0,0,2000,1,1,,POINT (-91.951132078153 42.445982954522)
2014799333,14-2266,05/18/2014,05-May,1-Sunday,09:38,0900 Hours,District 1 (Central),WEST DES MOINES,POLK,I-35,I-35,Collision with:  Animal,On Roadway,Non-collision (single vehicle),Animal,None Indicated,,Daylight,Dry,Clear,None apparent,Non-intersection:  Non-junction/no special feature,Paved,,Property Damage Only,0,0,0,0,0,0,4000,1,1,,POINT (-93.773106789631 41.52606099355)
2014801732,14-04516,05/18/2014,05-May,1-Sunday,16:56,1600 Hours,District 5 (Southeast),MOUNT PLEASANT,HENRY,,E WASHINGTON ST & S WALNUT ST,Collision with:  Vehicle in traffic,On Roadway,Broadside (front to side),Unknown,None Indicated,,Daylight,Dry,Cloudy,None apparent,Intersection:  Four-way intersection,Paved,,Minor Injury,0,2,0,1,1,0,14500,2,8,,POINT (-91.544680152258 40.964581238751)
2014799249,14-2420,05/18/2014,05-May,1-Sunday,08:20,0800 Hours,District 6 (East Central),HIAWATHA,LINN,I-380,I-380,Collision with:  Animal,,,Animal,None Indicated,,,,,,,Paved,,Property Damage Only,0,0,0,0,0,0,2000,1,1,,POINT (-91.70018490892 42.062591166853)
2014799445,,05/18/2014,05-May,1-Sunday,11:16,1100 Hours,District 4 (Southwest),,ADAIR,IA 25,IA 25/IOWA 25,Non-collision events:  Other non-collision (explain in narrative),On Roadway,Non-collision (single vehicle),Ran off road - right,None Indicated,,Daylight,Dry,Clear,None apparent,Non-intersection:  Non-junction/no special feature,Paved,,Minor Injury,0,2,0,2,0,0,750,1,2,,POINT (-94.452754773698 41.381700395232)
2014801966,2014-32726,05/18/2014,05-May,1-Sunday,11:30,1100 Hours,District 6 (East Central),DAVENPORT,SCOTT,,ELMORE AVE,Collision with:  Vehicle in traffic,Outside trafficway,Unknown,Other (explain in narrative):  Other,None Indicated,,Daylight,Dry,Clear,None apparent,Non-intersection:  Non-junction/no special feature,Paved,,Property Damage Only,0,0,0,0,0,0,1500,2,1,,POINT (-90.527192565266 41.557339807406)
2014802081,201401605,05/18/2014,05-May,1-Sunday,15:23,1500 Hours,District 6 (East Central),,LINN,,Co Rd E16/SAWYER RD,Collision with fixed object:  Ditch,Shoulder,Non-collision (single vehicle),Ran off road - right,None Indicated,,Daylight,Dry,Cloudy,None apparent,Non-intersection:  Non-junction/no special feature,Paved,,Major Injury,0,2,1,1,0,0,5000,1,2,,POINT (-91.47462381323 42.202093341302)
2014799885,2014029639,05/18/2014,05-May,1-Sunday,04:50,0400 Hours,District 5 (Southeast),,WARREN,I-35,I-35,Collision with:  Animal,,,Animal,None Indicated,,,,,,,Paved,,Property Damage Only,0,0,0,0,0,0,1500,1,1,,POINT (-93.779397729834 41.270592630055)
2014806811,32038-14,05/18/2014,05-May,1-Sunday,18:20,1800 Hours,District 3 (Northwest),,EMMET,,570 AVE,Non-collision events:  Overturn/rollover,Shoulder,Non-collision (single vehicle),Driving too fast for conditions,None Indicated,,Daylight,"Mud, dirt",Cloudy,None apparent,Non-intersection:  Non-junction/no special feature,Unpaved,,Possible/Unknown,0,1,0,0,1,0,5000,1,1,,POINT (-94.462261519237 43.367242468871)
2014815507,,05/18/2014,05-May,1-Sunday,21:30,2100 Hours,District 2 (Northeast),NORTHWOOD,WORTH,,2ND AVE S,Collision with:  Parked motor vehicle,Shoulder,Rear-end (front to rear),Unknown,None Indicated,,Dark - roadway lighted,Dry,Clear,,Non-intersection:  Other non-intersection (explain in narrative),Paved,,Property Damage Only,0,0,0,0,0,0,2125,2,1,,POINT (-93.217161227884 43.442180566701)
2014800729,2014029648,05/18/2014,05-May,1-Sunday,05:20,0500 Hours,District 5 (Southeast),,LOUISA,,Co Rd X61/COUNTY RD X 61 & H AVE,Non-collision events:  Overturn/rollover,Roadside,Non-collision (single vehicle),Ran off road - right,Drug/Alcohol (Statutory),,Dark - roadway not lighted,Dry,Clear,None apparent,Non-intersection:  Non-junction/no special feature,Paved,,Fatal,2,0,0,0,0,0,28000,1,2,,POINT (-91.138580953813 41.221332390351)
2014799730,14-060518-01,05/18/2014,05-May,1-Sunday,14:50,1400 Hours,District 6 (East Central),,IOWA,,Co Rd V77/P AVE,Collision with fixed object:  Ditch,On Roadway,Non-collision (single vehicle),Exceeded authorized speed,None Indicated,,Daylight,Dry,Clear,None apparent,Non-intersection:  Non-junction/no special feature,Paved,,Minor Injury,0,1,0,1,0,0,8000,1,1,,POINT (-92.006470363961 41.76755858356)
2014799667,2014-32095,05/18/2014,05-May,1-Sunday,14:33,1400 Hours,District 6 (East Central),DAVENPORT,SCOTT,,IA 461/HARRISON ST & W GARFIELD ST,Collision with:  Vehicle in traffic,On Roadway,"Sideswipe, same direction",Improper or erratic lane changing,None Indicated,,Daylight,Dry,Clear,None apparent,Intersection:  Four-way intersection,Paved,,Property Damage Only,0,0,0,0,0,0,7500,2,6,,POINT (-90.576703296569 41.548640582477)
2014799210,SO1401839,05/18/2014,05-May,1-Sunday,01:00,0100 Hours,District 5 (Southeast),BATAVIA,JEFFERSON,,DAVIS ST & ASH ST & 1ST ST,Collision with fixed object:  Ditch,Shoulder,Non-collision (single vehicle),Swerving/Evasive Action,None Indicated,,Dark - roadway lighted,Dry,Cloudy,None apparent,Intersection:  T-intersection,Paved,,Property Damage Only,0,0,0,0,0,0,4600,1,1,,POINT (-92.162942038807 41.002076858865)
2014799352,14-019761,05/18/2014,05-May,1-Sunday,10:30,1000 Hours,District 4 (Southwest),COUNCIL BLUFFS,POTTAWATTAMIE,US 6,US 6/W BROADWAY & N 25TH ST,Collision with:  Vehicle in traffic,On Roadway,Rear-end (front to rear),Followed too close,None Indicated,,Daylight,Dry,Clear,None apparent,Intersection:  Four-way intersection,Paved,,Property Damage Only,0,0,0,0,0,0,3000,2,2,,POINT (-95.881930103295 41.261960659884)
2014799687,2014029671,05/18/2014,05-May,1-Sunday,12:09,1200 Hours,District 1 (Central),,HAMILTON,I-35,I-35,Unknown,On Roadway,Non-collision (single vehicle),Other (explain in narrative):  No improper action,None Indicated,,Daylight,Dry,Clear,None apparent,Non-intersection:  Non-junction/no special feature,Paved,,Possible/Unknown,0,1,0,0,0,1,4000,1,2,,POINT (-93.569530776226 42.441243689062)
2014803122,14-6924,05/18/2014,05-May,1-Sunday,15:32,1500 Hours,District 6 (East Central),ANDREW,JACKSON,,Co Rd E17/150 ST,Non-collision events:  Overturn/rollover,On Roadway,Non-collision (single vehicle),Swerving/Evasive Action,None Indicated,,Daylight,Dry,Clear,None apparent,Non-intersection:  Non-junction/no special feature,Paved,,Major Injury,0,1,1,0,0,0,10000,1,1,,POINT (-90.549702813805 42.155251538918)
2014804935,,05/18/2014,05-May,1-Sunday,21:54,2100 Hours,District 5 (Southeast),,MUSCATINE,US 6,US 6,Collision with:  Animal,On Roadway,Non-collision (single vehicle),Animal,None Indicated,,Dark - roadway not lighted,Dry,Clear,None apparent,Non-intersection:  Non-junction/no special feature,Paved,,Minor Injury,0,1,0,1,0,0,1000,1,3,,POINT (-91.29853214525 41.58266854189)
2014799358,S79140159,05/18/2014,05-May,1-Sunday,16:42,1600 Hours,District 1 (Central),,POWESHIEK,I-80,I-80 & IA 146/IOWA 146,Collision with:  Vehicle in traffic,On Roadway,Broadside (front to side),FTYROW:  From stop sign,None Indicated,,Daylight,Dry,Clear,Work Zone (roadway-related),Interchange-related:  On-ramp merge area,Paved,Yes,Possible/Unknown,0,1,0,0,1,0,5000,2,4,,POINT (-92.727070977572 41.694880144429)
2014799940,14007176,05/18/2014,05-May,1-Sunday,21:50,2100 Hours,District 6 (East Central),BENNETT,CEDAR,,2ND ST,Collision with:  Parked motor vehicle,Roadside,Broadside (front to side),Driving too fast for conditions,None Indicated,,Dusk,Dry,Clear,None apparent,Non-intersection:  Non-junction/no special feature,Paved,,Property Damage Only,0,0,0,0,0,0,1500,2,1,,POINT (-90.972800215431 41.739088474252)
2014799734,PD1404095,05/18/2014,05-May,1-Sunday,07:33,0700 Hours,District 5 (Southeast),FAIRFIELD,JEFFERSON,,E GRIMES AVE & N B ST,Collision with:  Vehicle in traffic,On Roadway,Broadside (front to side),FTYROW:  From yield sign,None Indicated,,Daylight,Dry,Clear,None apparent,Intersection:  Four-way intersection,Paved,,Property Damage Only,0,0,0,0,0,0,17060,2,3,,POINT (-91.961165252685 41.010046485383)
2014799399,14-15301,05/18/2014,05-May,1-Sunday,00:18,0000 Hours,District 3 (Northwest),SIOUX CITY,WOODBURY,,DACE AVE & FLOYD BLVD,Collision with:  Vehicle in traffic,On Roadway,Head-on (front to front),FTYROW:  Making left turn,None Indicated,,Dark - roadway lighted,Dry,Clear,None apparent,Intersection:  Four-way intersection,Paved,,Property Damage Only,0,0,0,0,0,0,10000,2,2,,POINT (-96.393374823391 42.488745206597)
2014800741,,05/18/2014,05-May,1-Sunday,07:30,0700 Hours,District 6 (East Central),DE WITT,CLINTON,US 30,US 30,Collision with:  Animal,On Roadway,Non-collision (single vehicle),Animal,None Indicated,,Daylight,Dry,Clear,None apparent,Non-intersection:  Non-junction/no special feature,Paved,,Property Damage Only,0,0,0,0,0,0,2000,1,1,,POINT (-90.540220674357 41.807181058756)
2014800255,2014029635,05/18/2014,05-May,1-Sunday,02:04,0200 Hours,District 3 (Northwest),ORANGE CITY,SIOUX,,2ND ST SE & CONCORD AVE SE,Collision with fixed object:  Curb/island/raised median,Outside trafficway,Non-collision (single vehicle),"Operating vehicle in an reckless, erratic, careless, negligent manner",Alcohol (< Statutory),,Dark - roadway lighted,Dry,Clear,None apparent,Intersection:  T-intersection,Paved,,Minor Injury,0,1,0,1,0,0,179000,1,1,,POINT (-96.053970259704 43.004820871275)
2014799466,14-012146,05/18/2014,05-May,1-Sunday,23:45,2300 Hours,District 1 (Central),,JASPER,US 6,US 6/US 6 E,Non-collision events:  Overturn/rollover,Shoulder,Non-collision (single vehicle),Ran off road - right,None Indicated,,Dark - roadway not lighted,Dry,Clear,None apparent,Non-intersection:  Non-junction/no special feature,Paved,,Minor Injury,0,2,0,1,0,1,10000,1,4,,POINT (-92.792244499843 41.727622196555)
2014799686,2014029665,05/18/2014,05-May,1-Sunday,10:00,1000 Hours,District 4 (Southwest),,POTTAWATTAMIE,I-80,I-80,Non-collision events:  Overturn/rollover,On Roadway,Non-collision (single vehicle),Swerving/Evasive Action,None Indicated,,Daylight,Dry,Clear,None apparent,Non-intersection:  Non-junction/no special feature,Paved,,Major Injury,0,2,1,1,0,0,13500,2,2,,POINT (-95.417499664347 41.497948375174)
2014801963,2014-32252,05/19/2014,05-May,2-Monday,03:34,0300 Hours,District 6 (East Central),DAVENPORT,SCOTT,,IOWA ST,Collision with:  Parked motor vehicle,On Roadway,"Sideswipe, same direction",Lost Control,None Indicated,,Dark - roadway not lighted,Unknown,Unknown,Unknown,Non-intersection:  Non-junction/no special feature,Paved,,Property Damage Only,0,0,0,0,0,0,3000,2,1,,POINT (-90.569394919467 41.548828489353)
2014820435,2014-39-AC,05/19/2014,05-May,2-Monday,18:32,1800 Hours,District 3 (Northwest),SPIRIT LAKE,DICKINSON,,Co Rd A48/240TH ST,Non-collision events:  Overturn/rollover,On Roadway,Non-collision (single vehicle),Exceeded authorized speed,None Indicated,,Daylight,"Mud, dirt",Cloudy,None apparent,Non-intersection:  Non-junction/no special feature,Unpaved,,Property Damage Only,0,0,0,0,0,0,2500,1,1,,POINT (-95.064851355882 43.299168217287)