Iowa DOT Case Number,Law Enforcement Case Number,Date of Crash,Month of Crash,Day of Week,Time of Crash,Hour,DOT District,City Name,County Name,Route with System,Location Description,First Harmful Event,Location of First Harmful Event,Manner of Crash/Collision,Major Cause,Drug or Alcohol ,Environmental Conditions,Light Conditions,Surface Conditions,Weather Conditions,Roadway Contribution,Roadway Type,Roadway Surface,Work Zone,Crash Severity,Number of Fatalities,Number of Injuries,Number of Major Injuries,Number of Minor Injuries,Number of Possible Injuries,Number of Unknown Injuries,Amount of Property Damage,Number of Vehicles Involved,Total Number of Occupants,Travel Direction,Location
2014800515,2014030036,05/20/2014,05-May,3-Tuesday,06:25,0600 Hours,District 6 (East Central),,JOHNSON,US 218,US 218,Collision with:  Animal,,Non-collision (single vehicle),Animal,None Indicated,,,,,,,Paved,,Property Damage Only,0,0,0,0,0,0,6000,1,1,,POINT (-91.620070184545 41.673021503562)
2014855456,,05/20/2014,05-May,3-Tuesday,15:20,1500 Hours,District 3 (Northwest),SIOUX CITY,WOODBURY,,3RD ST & VIRGINIA ST,Collision with:  Vehicle in traffic,On Roadway,"Angle, oncoming left turn",FTYROW:  From stop sign,None Indicated,,Daylight,Dry,Clear,None apparent,Intersection:  Four-way intersection,Paved,,Property Damage Only,0,0,0,0,0,0,8153,2,2,,POINT (-96.39787029156 42.493123112072)
2014799516,14-2301,05/20/2014,05-May,3-Tuesday,09:21,0900 Hours,District 4 (Southwest),WEST DES MOINES,DALLAS,,60TH ST,Collision with:  Vehicle in traffic,On Roadway,"Sideswipe, same direction",FTYROW:  Making left turn,None Indicated,,Daylight,Dry,Clear,None apparent,Non-intersection:  Driveway access (within),Paved,,Property Damage Only,0,0,0,0,0,0,6000,2,2,,POINT (-93.794012343015 41.598706144771)
2014799601,2014005563,05/20/2014,05-May,3-Tuesday,15:10,1500 Hours,District 6 (East Central),IOWA CITY,JOHNSON,,F ST & S 1ST AVE,Collision with:  Vehicle in traffic,On Roadway,Broadside (front to side),FTYROW:  From driveway,None Indicated,,Daylight,Dry,Cloudy,None apparent,Non-intersection:  Driveway access (within),Paved,,Possible/Unknown,0,1,0,0,1,0,4000,2,3,,POINT (-91.501997911609 41.650602072324)
2014799750,14-006402,05/20/2014,05-May,3-Tuesday,09:38,0900 Hours,District 4 (Southwest),,MILLS,US 34,US 34,Non-collision events:  Overturn/rollover,On Roadway,Non-collision (single vehicle),Crossed centerline (undivided),None Indicated,,Daylight,Dry,Cloudy,None apparent,Non-intersection:  Non-junction/no special feature,Paved,,Minor Injury,0,2,0,1,1,0,8000,1,2,,POINT (-95.759580965777 41.038048699778)
2014799610,14010258,05/20/2014,05-May,3-Tuesday,17:25,1700 Hours,District 6 (East Central),MARION,LINN,,48TH ST,Collision with:  Parked motor vehicle,On Roadway,Rear-end (front to rear),FTYROW:  From driveway,None Indicated,,Daylight,Dry,Cloudy,None apparent,Non-intersection:  Driveway access (within),Paved,,Property Damage Only,0,0,0,0,0,0,3000,2,3,,POINT (-91.559287562029 42.038365900388)
2014799977,201407048,05/20/2014,05-May,3-Tuesday,07:39,0700 Hours,District 6 (East Central),CEDAR RAPIDS,LINN,,29TH ST NE & EASTERN AVE NE,Collision with:  Vehicle in traffic,On Roadway,Broadside (front to side),FTYROW:  From stop sign,None Indicated,,Daylight,Dry,Clear,None apparent,Intersection:  Four-way intersection,Paved,,Property Damage Only,0,0,0,0,0,0,9000,2,2,,POINT (-91.648001979667 42.006482071053)
2014799980,201407071,05/20/2014,05-May,3-Tuesday,17:26,1700 Hours,District 6 (East Central),CEDAR RAPIDS,LINN,,GLASS RD NE & BLUE JAY DR NE,Collision with:  Vehicle in traffic,On Roadway,Rear-end (front to rear),Lost Control,None Indicated,,Daylight,Dry,Cloudy,None apparent,Non-intersection:  Non-junction/no special feature,Paved,,Property Damage Only,0,0,0,0,0,0,5500,2,3,,POINT (-91.692476802874 42.01825536043)
2014799881,2014030140,05/20/2014,05-May,3-Tuesday,15:40,1500 Hours,District 4 (Southwest),COUNCIL BLUFFS,POTTAWATTAMIE,IA 192,IA 192/S EXPRESSWAY & 12TH AVE,Collision with fixed object:  Bridge overhead structure,On Roadway,Non-collision (single vehicle),Ran off road - right,None Indicated,,Daylight,Dry,Clear,None apparent,Non-intersection:  Other non-intersection (explain in narrative),Paved,,Minor Injury,0,1,0,1,0,0,2000,1,1,,POINT (-95.853958852817 41.250598470879)
2014800581,14-16815,05/20/2014,05-May,3-Tuesday,13:48,1300 Hours,District 5 (Southeast),,DES MOINES,US 61,US 61,Collision with fixed object:  Ditch,On Roadway,Non-collision (single vehicle),Ran off road - left,None Indicated,,Daylight,Dry,Clear,None apparent,Non-intersection:  Non-junction/no special feature,Paved,,Property Damage Only,0,0,0,0,0,0,2000,1,1,,POINT (-91.170068947448 41.016197772914)
2014800475,14-15574,05/20/2014,05-May,3-Tuesday,10:17,1000 Hours,District 3 (Northwest),SIOUX CITY,WOODBURY,IA 376,IA 376/NE RAMP & VINE AVE,Collision with:  Vehicle in traffic,On Roadway,Rear-end (front to rear),Followed too close,None Indicated,,Daylight,Dry,Clear,None apparent,Intersection:  Other intersection (explain in narrative),Paved,,Property Damage Only,0,0,0,0,0,0,3700,2,3,,POINT (-96.379215226866 42.477494198323)
2014800461,14-002450,05/20/2014,05-May,3-Tuesday,08:03,0800 Hours,District 1 (Central),AMES,STORY,,MORTENSON RD,Collision with:  Vehicle in traffic,On Roadway,Rear-end (front to rear),Other (explain in narrative):  Other,None Indicated,,Daylight,Dry,Clear,None apparent,Non-intersection:  Non-junction/no special feature,Paved,,Property Damage Only,0,0,0,0,0,0,7000,3,4,,POINT (-93.666188981032 42.011944065507)
2014799506,20140013819,05/20/2014,05-May,3-Tuesday,07:39,0700 Hours,District 1 (Central),DES MOINES,POLK,I-235,I-235 & US 69/E 15TH ST & LYON ST,Collision with:  Vehicle in traffic,On Roadway,Rear-end (front to rear),"Operating vehicle in an reckless, erratic, careless, negligent manner",None Indicated,,Daylight,Dry,Cloudy,None apparent,Intersection:  Four-way intersection,Paved,,Property Damage Only,0,0,0,0,0,0,1500,2,5,,POINT (-93.59607986104 41.596056701315)
2014799755,14-002196,05/20/2014,05-May,3-Tuesday,16:41,1600 Hours,District 1 (Central),ANKENY,POLK,,W 1ST ST & SW COUNTRYWOOD LN & NW COUNTRYWOOD LN,Collision with:  Vehicle in traffic,On Roadway,Rear-end (front to rear),Followed too close,None Indicated,,Daylight,Dry,Cloudy,None apparent,Non-intersection:  Non-junction/no special feature,Paved,,Property Damage Only,0,0,0,0,0,0,4500,2,2,,POINT (-93.635822777248 41.731788403526)
2014799675,2014-10487,05/20/2014,05-May,3-Tuesday,10:15,1000 Hours,District 5 (Southeast),,WARREN,IA 28,IA 28/IOWA 28,Collision with:  Animal,,,Animal,None Indicated,,,,,,,Paved,,Property Damage Only,0,0,0,0,0,0,2500,1,1,,POINT (-93.733326585994 41.378437454761)
2014799890,2014-000702,05/20/2014,05-May,3-Tuesday,08:02,0800 Hours,District 6 (East Central),BELLE PLAINE,BENTON,,13TH AVE,Non-collision events:  Other non-collision (explain in narrative),On Roadway,Non-collision (single vehicle),Lost Control,None Indicated,,Daylight,Dry,Clear,None apparent,Non-intersection:  Non-junction/no special feature,Paved,,Minor Injury,0,1,0,1,0,0,1000,1,1,,POINT (-92.268619540709 41.899063033658)
2014800535,2014030027,05/20/2014,05-May,3-Tuesday,07:57,0700 Hours,District 1 (Central),,POLK,I-35,I-35,Collision with:  Vehicle in traffic,On Roadway,Rear-end (front to rear),Lost Control,None Indicated,,Daylight,Dry,Clear,None apparent,Non-intersection:  Non-junction/no special feature,Paved,,Property Damage Only,0,0,0,0,0,0,1950,2,2,,POINT (-93.589087741471 41.650496250048)
2014799758,14-002204,05/20/2014,05-May,3-Tuesday,22:41,2200 Hours,District 1 (Central),ANKENY,POLK,,NE 54TH AVE & NE 29TH ST,Collision with:  Vehicle in traffic,On Roadway,Broadside (front to side),FTYROW:  From stop sign,None Indicated,,Dark - roadway lighted,Wet,Rain,None apparent,Intersection:  Four-way intersection,Paved,,Property Damage Only,0,0,0,0,0,0,5000,2,5,,POINT (-93.561055518584 41.658472727041)
2014799920,S14-49665,05/20/2014,05-May,3-Tuesday,21:20,2100 Hours,District 2 (Northeast),,BLACK HAWK,I-380,I-380,Collision with:  Animal,,,Animal,None Indicated,,,,,,,Paved,,Property Damage Only,0,0,0,0,0,0,2500,1,1,,POINT (-92.191082288149 42.449782795259)
2014799577,2014-2204,05/20/2014,05-May,3-Tuesday,15:09,1500 Hours,District 4 (Southwest),WAUKEE,DALLAS,,WARRIOR LN & MARSHALL DR,Collision with:  Vehicle in traffic,On Roadway,Rear-end (front to rear),Swerving/Evasive Action,None Indicated,,Daylight,Dry,Cloudy,None apparent,Non-intersection:  Non-junction/no special feature,Paved,,Property Damage Only,0,0,0,0,0,0,4500,2,3,,POINT (-93.872199454055 41.608398704328)
2014799562,W14-049576,05/20/2014,05-May,3-Tuesday,16:28,1600 Hours,District 2 (Northeast),WATERLOO,BLACK HAWK,,COMMERCIAL ST,Collision with:  Vehicle in traffic,On Roadway,Rear-end (front to rear),Followed too close,None Indicated,,Daylight,Dry,Clear,None apparent,Intersection:  Four-way intersection,Paved,,Possible/Unknown,0,1,0,0,1,0,3300,3,5,,POINT (-92.324760553239 42.485212807859)
2014799507,20140013835,05/20/2014,05-May,3-Tuesday,10:03,1000 Hours,District 1 (Central),DES MOINES,POLK,,OLINDA AVE & SW 9TH ST,Collision with:  Vehicle in traffic,On Roadway,Rear-end (front to rear),Followed too close,None Indicated,,Daylight,Dry,Clear,None apparent,Non-intersection:  Non-junction/no special feature,Paved,,Minor Injury,0,1,0,1,0,0,2000,2,2,,POINT (-93.622960634422 41.567649401988)
2014800885,2014-32595,05/20/2014,05-May,3-Tuesday,08:54,0800 Hours,District 6 (East Central),DAVENPORT,SCOTT,,MIDDLE RD & KIMBERLY RD,Collision with:  Vehicle in traffic,On Roadway,Rear-end (front to rear),"Operating vehicle in an reckless, erratic, careless, negligent manner",None Indicated,,Daylight,Dry,Clear,None apparent,Non-intersection:  Non-junction/no special feature,Paved,,Property Damage Only,0,0,0,0,0,0,3300,2,3,,POINT (-90.522528329054 41.538506134675)
2014799639,20140013872,05/20/2014,05-May,3-Tuesday,16:22,1600 Hours,District 1 (Central),DES MOINES,POLK,,HIGH ST & MLK JR PKWY,Collision with:  Vehicle in traffic,On Roadway,Rear-end (front to rear),Followed too close,None Indicated,,Daylight,Dry,Cloudy,None apparent,Intersection:  T-intersection,Paved,,Property Damage Only,0,0,0,0,0,0,11000,3,4,,POINT (-93.644718906897 41.587102241054)
2014800347,14-008273,05/20/2014,05-May,3-Tuesday,23:08,2300 Hours,District 5 (Southeast),,HENRY,,S WALNUT ST,Non-collision events:  Overturn/rollover,Roadside,Non-collision (single vehicle),Driving too fast for conditions,None Indicated,,Dark - roadway not lighted,"Mud, dirt",Cloudy,None apparent,Non-intersection:  Non-junction/no special feature,Unpaved,,Property Damage Only,0,0,0,0,0,0,8000,1,2,,POINT (-91.54379904609 40.93762748172)
2014800316,CL14001558,05/20/2014,05-May,3-Tuesday,18:34,1800 Hours,District 6 (East Central),CLINTON,CLINTON,,2ND AVE S & S 4TH ST,Collision with:  Vehicle in traffic,On Roadway,Rear-end (front to rear),Other (explain in narrative):  Other,None Indicated,,Daylight,Dry,Cloudy,None apparent,Non-intersection:  Non-junction/no special feature,Paved,,Possible/Unknown,0,1,0,0,1,0,2000,2,2,,POINT (-90.193293966982 41.844549015061)
2014800380,201401632,05/20/2014,05-May,3-Tuesday,15:01,1500 Hours,District 6 (East Central),,LINN,,Co Rd E48/MT VERNON RD,Collision with:  Vehicle in traffic,Shoulder,"Sideswipe, opposite direction",Swerving/Evasive Action,None Indicated,,Daylight,Dry,Cloudy,None apparent,Non-intersection:  Non-junction/no special feature,Paved,,Minor Injury,0,1,0,1,0,0,300,2,5,,POINT (-91.562173689923 41.976231228936)
2014799563,W14-049609,05/20/2014,05-May,3-Tuesday,18:19,1800 Hours,District 2 (Northeast),WATERLOO,BLACK HAWK,,W 5TH ST & BALTIMORE ST,Collision with:  Vehicle in traffic,On Roadway,"Angle, oncoming left turn",Made improper turn,None Indicated,,Daylight,Dry,Clear,None apparent,Intersection:  Four-way intersection,Paved,,Property Damage Only,0,0,0,0,0,0,4000,2,4,,POINT (-92.350301042845 42.486306052093)
2014799580,14-717,05/20/2014,05-May,3-Tuesday,14:25,1400 Hours,District 3 (Northwest),SPIRIT LAKE,DICKINSON,US 71,US 71 & 23RD ST & ENTERPRISE AVE,Collision with:  Vehicle in traffic,On Roadway,Rear-end (front to rear),Other (explain in narrative):  Other,None Indicated,,Daylight,Dry,Clear,None apparent,Intersection:  Four-way intersection,Paved,,Property Damage Only,0,0,0,0,0,0,2000,2,3,,POINT (-95.126423848342 43.418362241638)
2014799761,14-0579,05/20/2014,05-May,3-Tuesday,09:13,0900 Hours,District 1 (Central),CLIVE,POLK,,SWANSON BLVD & UNIVERSITY BLVD & NW 86TH ST,Collision with:  Vehicle in traffic,On Roadway,Broadside (front to side),Ran Traffic Signal,None Indicated,,Daylight,Dry,Cloudy,None apparent,Intersection:  Four-way intersection,Paved,,Property Damage Only,0,0,0,0,0,0,7400,2,2,,POINT (-93.73631468507 41.605737479352)
2014799865,14-15626,05/20/2014,05-May,3-Tuesday,16:07,1600 Hours,District 3 (Northwest),SIOUX CITY,WOODBURY,,ROCK ST,Collision with:  Parked motor vehicle,On Roadway,Unknown,Other (explain in narrative):  Other,None Indicated,,Daylight,Dry,Clear,None apparent,Non-intersection:  Non-junction/no special feature,Paved,,Property Damage Only,0,0,0,0,0,0,3000,2,777,,POINT (-96.374393460896 42.505892570243)
2014800257,1400061,05/20/2014,05-May,3-Tuesday,11:45,1100 Hours,District 1 (Central),ACKLEY,HARDIN,,STATE ST,Collision with:  Parked motor vehicle,On Roadway,Broadside (front to side),Other (explain in narrative):  Vision obstructed,None Indicated,,Daylight,Dry,Clear,None apparent,Non-intersection:  Non-junction/no special feature,Paved,,Property Damage Only,0,0,0,0,0,0,2100,2,1,,POINT (-93.05145135737 42.552806972467)
2014799979,201407068,05/20/2014,05-May,3-Tuesday,16:33,1600 Hours,District 6 (East Central),CEDAR RAPIDS,LINN,,EDGEWOOD RD SW,Collision with:  Vehicle in traffic,On Roadway,"Angle, oncoming left turn",Made improper turn,None Indicated,,Daylight,Dry,Clear,None apparent,Non-intersection:  Non-junction/no special feature,Paved,,Minor Injury,0,1,0,1,0,0,8000,2,2,,POINT (-91.716003504163 41.966049470605)
2014799620,14-020916,05/20/2014,05-May,3-Tuesday,16:40,1600 Hours,District 5 (Southeast),MUSCATINE,MUSCATINE,US 61,US 61,Non-collision events:  Overturn/rollover,On Roadway,Non-collision (single vehicle),Made improper turn,None Indicated,,Daylight,Dry,Clear,None apparent,Intersection:  Four-way intersection,Paved,,Property Damage Only,0,0,0,0,0,0,7500,1,1,,POINT (-91.088322305933 41.39220215445)
2014801967,2014-32758,05/20/2014,05-May,3-Tuesday,18:15,1800 Hours,District 6 (East Central),DAVENPORT,SCOTT,,E 29TH ST,Collision with fixed object:  Utility pole/light support,Shoulder,Non-collision (single vehicle),Ran off road - right,None Indicated,,Daylight,Dry,Clear,None apparent,Non-intersection:  Non-junction/no special feature,Paved,,Property Damage Only,0,0,0,0,0,0,2000,1,1,,POINT (-90.557760675044 41.549275331436)
2014799607,201407065,05/20/2014,05-May,3-Tuesday,15:50,1500 Hours,District 6 (East Central),CEDAR RAPIDS,LINN,I-380,I-380 & 42ND ST NE,Collision with:  Non-motorist (see non-motorist section - NOT a unit),On Roadway,Non-collision (single vehicle),FTYROW:  Other (explain in narrative),None Indicated,,Daylight,Dry,Cloudy,None apparent,Intersection:  Four-way intersection,Paved,,Possible/Unknown,0,1,0,0,1,0,500,1,1,,POINT (-91.66778175221 42.021528878087)
2014800381,201401636,05/20/2014,05-May,3-Tuesday,19:29,1900 Hours,District 6 (East Central),,LINN,,Co Rd E28/WAPSI BANKS RD,Collision with fixed object:  Ditch,Shoulder,Non-collision (single vehicle),Ran off road - right,None Indicated,,Daylight,"Mud, dirt",Rain,None apparent,Non-intersection:  Non-junction/no special feature,Unpaved,,Property Damage Only,0,0,0,0,0,0,8000,1,1,,POINT (-91.41807518576 42.168365207393)
2014799576,CL14001557,05/20/2014,05-May,3-Tuesday,15:44,1500 Hours,District 6 (East Central),CLINTON,CLINTON,US 30,US 30/LINCOLN WAY,Collision with:  Vehicle in traffic,On Roadway,Rear-end (front to rear),Swerving/Evasive Action,None Indicated,,Daylight,Dry,Cloudy,Work Zone (roadway-related),Non-intersection:  Non-junction/no special feature,Paved,Yes,Property Damage Only,0,0,0,0,0,0,6500,3,4,,POINT (-90.218860904921 41.818748558078)
2014799587,02-14-7791,05/20/2014,05-May,3-Tuesday,16:31,1600 Hours,District 6 (East Central),,DUBUQUE,US 20,US 20,Collision with:  Vehicle in traffic,On Roadway,"Sideswipe, same direction",Crossed centerline (undivided),None Indicated,,Daylight,Dry,Cloudy,None apparent,Non-intersection:  Non-junction/no special feature,Paved,,Minor Injury,0,1,0,1,0,0,2200,2,4,,POINT (-90.831523123631 42.440523358837)
2014801733,14-04596,05/20/2014,05-May,3-Tuesday,09:39,0900 Hours,District 5 (Southeast),MOUNT PLEASANT,HENRY,,E WASHINGTON ST,Collision with:  Vehicle in traffic,On Roadway,"Sideswipe, same direction",FTYROW:  Other (explain in narrative),None Indicated,,Daylight,Dry,Clear,None apparent,Intersection:  Four-way intersection,Paved,,Property Damage Only,0,0,0,0,0,0,4000,2,3,,POINT (-91.528747187938 40.962316175611)
2014799564,201402237,05/20/2014,05-May,3-Tuesday,08:13,0800 Hours,District 1 (Central),,BOONE,,Co Rd E18/130TH ST,Collision with:  Animal,,,Animal,None Indicated,,,,,,,Paved,,Property Damage Only,0,0,0,0,0,0,1500,1,1,,POINT (-93.972499418827 42.167432499182)
2014799864,14-15602,05/20/2014,05-May,3-Tuesday,14:18,1400 Hours,District 3 (Northwest),SIOUX CITY,WOODBURY,,13TH ST & JACKSON ST,Collision with:  Vehicle in traffic,On Roadway,Broadside (front to side),Crossed centerline (undivided),None Indicated,,Daylight,Dry,Cloudy,None apparent,Intersection:  Four-way intersection,Paved,,Property Damage Only,0,0,0,0,0,0,1700,2,3,,POINT (-96.402073826441 42.503992736313)
2014799641,20140013900,05/20/2014,05-May,3-Tuesday,20:45,2000 Hours,District 1 (Central),DES MOINES,POLK,,FRANKLIN AVE & 6TH AVE,Collision with fixed object:  Utility pole/light support,On Roadway,Non-collision (single vehicle),Swerving/Evasive Action,None Indicated,,Dark - roadway lighted,Dry,Cloudy,None apparent,Non-intersection:  Non-junction/no special feature,Paved,,Property Damage Only,0,0,0,0,0,0,8500,1,2,,POINT (-93.625804814989 41.611301098665)
2014802057,14073251,05/20/2014,05-May,3-Tuesday,14:44,1400 Hours,District 6 (East Central),,JOHNSON,,Co Rd F12/120TH ST,Collision with fixed object:  Ditch,On Roadway,Non-collision (single vehicle),Ran off road - right,None Indicated,,Daylight,Dry,Cloudy,None apparent,Non-intersection:  Non-junction/no special feature,Paved,,Possible/Unknown,0,1,0,0,1,0,0,1,1,,POINT (-91.805021908122 41.84749310364)
2014800103,14049653,05/20/2014,05-May,3-Tuesday,20:45,2000 Hours,District 2 (Northeast),CEDAR FALLS,BLACK HAWK,,UNIVERSITY AVE,Collision with fixed object:  Curb/island/raised median,On Roadway,Non-collision (single vehicle),Swerving/Evasive Action,None Indicated,,Dark - roadway lighted,Dry,Clear,None apparent,Intersection:  T-intersection,Paved,,Minor Injury,0,1,0,1,0,0,7000,1,1,,POINT (-92.427699501718 42.513060756898)
2014799703,14-8771,05/20/2014,05-May,3-Tuesday,20:47,2000 Hours,District 2 (Northeast),,BREMER,,Co Rd V43/PIEDMONT AVE,Collision with:  Animal,,,Animal,None Indicated,,,,,,,Paved,,Property Damage Only,0,0,0,0,0,0,4500,1,1,,POINT (-92.258508400697 42.75650303988)
2014801191,80-14-000150,05/20/2014,05-May,3-Tuesday,21:00,2100 Hours,District 2 (Northeast),HUMBOLDT,HUMBOLDT,,14TH ST N,Collision with:  Parked motor vehicle,Shoulder,Unknown,Driver Distraction:  Manual operation of an electronic communication device,None Indicated,,Dark - unknown roadway lighting,Dry,Clear,None apparent,Non-intersection:  Non-junction/no special feature,Paved,,Property Damage Only,0,0,0,0,0,0,2000,2,1,,POINT (-94.228500282103 42.733700087476)
2014801023,74-2014,05/20/2014,05-May,3-Tuesday,09:55,0900 Hours,District 4 (Southwest),,HARRISON,US 30,US 30 & NIAGARA TRL,Non-collision events:  Overturn/rollover,On Roadway,Non-collision (single vehicle),Swerving/Evasive Action,None Indicated,,Daylight,Dry,Clear,None apparent,Non-intersection:  Non-junction/no special feature,Paved,,Property Damage Only,0,0,0,0,0,0,4000,1,2,,POINT (-95.823490995878 41.609886556546)
2014799708,14002905,05/20/2014,05-May,3-Tuesday,16:24,1600 Hours,District 2 (Northeast),,CERRO GORDO,US 65,US 65,Collision with:  Vehicle in traffic,On Roadway,"Sideswipe, opposite direction",Exceeded authorized speed,None Indicated,,Daylight,Dry,Clear,None apparent,Non-intersection:  Non-junction/no special feature,Paved,,Minor Injury,0,1,0,1,0,0,15000,2,3,,POINT (-93.201548450125 43.029586120209)
2014801389,2014-32715,05/20/2014,05-May,3-Tuesday,16:38,1600 Hours,District 6 (East Central),DAVENPORT,SCOTT,US 6,US 6/E KIMBERLY RD,Collision with:  Vehicle in traffic,On Roadway,Rear-end (front to rear),Followed too close,None Indicated,,Daylight,Dry,Clear,None apparent,Non-intersection:  Non-junction/no special feature,Paved,,Property Damage Only,0,0,0,0,0,0,6000,2,3,,POINT (-90.551777537228 41.556911519075)
2014799887,2014030188,05/20/2014,05-May,3-Tuesday,21:01,2100 Hours,District 4 (Southwest),,DALLAS,I-80,I-80,Collision with:  Animal,,,Animal,None Indicated,,,,,,,Paved,,Property Damage Only,0,0,0,0,0,0,7500,1,1,,POINT (-93.94771272617 41.549425424569)
2014799637,20140013866,05/20/2014,05-May,3-Tuesday,15:29,1500 Hours,District 1 (Central),DES MOINES,POLK,,E UNIVERSITY AVE & E 12TH ST,Collision with:  Vehicle in traffic,On Roadway,Broadside (front to side),Unknown,None Indicated,,Daylight,Dry,Cloudy,Unknown,Intersection:  Four-way intersection,Paved,,Property Damage Only,0,0,0,0,0,0,1500,2,3,,POINT (-93.604783455469 41.600370748632)
2014799901,,05/20/2014,05-May,3-Tuesday,18:05,1800 Hours,District 4 (Southwest),,AUDUBON,,Co Rd N16/GOLDFINCH AVE & 230 ST,,On Roadway,Non-collision (single vehicle),Ran off road - left,None Indicated,,Daylight,"Mud, dirt",Cloudy,None apparent,Non-intersection:  Non-junction/no special feature,Unpaved,,Possible/Unknown,0,3,0,0,3,0,8000,1,3,,POINT (-94.97628871153 41.674039119959)
2014801035,201407044,05/20/2014,05-May,3-Tuesday,03:15,0300 Hours,District 6 (East Central),CEDAR RAPIDS,LINN,,CENTER POINT RD NE,Collision with:  Vehicle in traffic,On Roadway,Rear-end (front to rear),Illegally Parked/Unattended,Refused,,Dark - roadway lighted,Dry,Clear,None apparent,Non-intersection:  Non-junction/no special feature,Paved,,Property Damage Only,0,0,0,0,0,0,6000,2,2,,POINT (-91.662775472483 42.003358808246)
2014799677,14-15596,05/20/2014,05-May,3-Tuesday,13:43,1300 Hours,District 3 (Northwest),SIOUX CITY,WOODBURY,,9TH ST & PIERCE ST,Collision with:  Vehicle in traffic,On Roadway,"Sideswipe, same direction",Made improper turn,None Indicated,,Daylight,Dry,Clear,None apparent,Intersection:  Four-way intersection,Paved,,Property Damage Only,0,0,0,0,0,0,4500,2,3,,POINT (-96.404988616095 42.499628947524)
2014799763,20140013876,05/20/2014,05-May,3-Tuesday,17:26,1700 Hours,District 1 (Central),DES MOINES,POLK,IA 163,IA 163/E UNIVERSITY AVE,Collision with:  Vehicle in traffic,On Roadway,Rear-end (front to rear),Followed too close,None Indicated,,Daylight,Dry,Clear,None apparent,Non-intersection:  Non-junction/no special feature,Paved,,Property Damage Only,0,0,0,0,0,0,3000,2,2,,POINT (-93.581397136785 41.600527424621)
2014800315,CL14001547,05/20/2014,05-May,3-Tuesday,23:06,2300 Hours,District 6 (East Central),CLINTON,CLINTON,,N BLUFF BLVD & 4TH AVE N,Collision with:  Vehicle in traffic,On Roadway,Broadside (front to side),FTYROW:  From stop sign,Alcohol (Statutory),,Dark - roadway lighted,Dry,Clear,None apparent,Intersection:  T-intersection,Paved,,Property Damage Only,0,0,0,0,0,0,3000,2,3,,POINT (-90.198108053075 41.849592767988)
2014799502,20140013820,05/20/2014,05-May,3-Tuesday,07:45,0700 Hours,District 1 (Central),DES MOINES,POLK,,KEOSAUQUA WAY & KEOSAUQUA WAY RAMP,Collision with:  Vehicle in traffic,On Roadway,Rear-end (front to rear),FTYROW:  From yield sign,None Indicated,,Daylight,Dry,Clear,None apparent,Intersection:  Intersection with ramp,Paved,,Possible/Unknown,0,3,0,0,3,0,750,2,4,,POINT (-93.638059335584 41.599182073169)
2014799866,14-15663,05/20/2014,05-May,3-Tuesday,21:49,2100 Hours,District 3 (Northwest),SIOUX CITY,WOODBURY,IA 376,IA 376/S LEWIS BLVD & GLENN AVE,Collision with:  Animal,,,Animal,None Indicated,,,,,,,Paved,,Property Damage Only,0,0,0,0,0,0,1500,1,1,,POINT (-96.375714971836 42.465342298842)
2014799465,E14201053,05/20/2014,05-May,3-Tuesday,10:50,1000 Hours,District 2 (Northeast),,FRANKLIN,US 65,US 65,Collision with:  Vehicle in traffic,On Roadway,"Sideswipe, same direction",FTYROW:  Other (explain in narrative),None Indicated,,Daylight,Dry,Clear,None apparent,Non-intersection:  Driveway access (within),Paved,,Property Damage Only,0,0,0,0,0,0,2000,2,2,,POINT (-93.203411525526 42.659490706564)
2014799928,052014-194,05/20/2014,05-May,3-Tuesday,14:55,1400 Hours,District 3 (Northwest),STORM LAKE,BUENA VISTA,IA 110,IA 110/IOWA 110 & W 5TH ST & VISTA DR,Collision with:  Vehicle in traffic,On Roadway,Rear-end (front to rear),Followed too close,None Indicated,,Daylight,Dry,Clear,None apparent,Intersection:  Four-way intersection,Paved,,Property Damage Only,0,0,0,0,0,0,2000,2,3,,POINT (-95.23025910044 42.643170504876)
2014799860,2014-10492,05/20/2014,05-May,3-Tuesday,11:11,1100 Hours,District 5 (Southeast),INDIANOLA,WARREN,,E KENTUCKY AVE,Collision with:  Vehicle in traffic,On Roadway,Broadside (front to side),FTYROW:  From driveway,None Indicated,,Daylight,Dry,Clear,None apparent,Non-intersection:  Driveway access (within),Paved,,Property Damage Only,0,0,0,0,0,0,2000,2,2,,POINT (-93.555233682755 41.371390806806)
2014800260,,05/20/2014,05-May,3-Tuesday,11:20,1100 Hours,District 3 (Northwest),LAURENS,POCAHONTAS,,3RD ST,Collision with:  Vehicle in traffic,On Roadway,Rear-end (front to rear),FTYROW:  From parked position,None Indicated,,Daylight,Dry,Clear,None apparent,Non-intersection:  Non-junction/no special feature,Paved,,Property Damage Only,0,0,0,0,0,0,3000,2,3,,POINT (-94.851454062149 42.846953440923)
2014804933,,05/20/2014,05-May,3-Tuesday,20:21,2000 Hours,District 5 (Southeast),,MUSCATINE,,Co Rd G28/231ST ST,Collision with:  Animal,On Roadway,Non-collision (single vehicle),Animal,None Indicated,,Dark - roadway not lighted,Dry,Clear,Obstruction in roadway,Non-intersection:  Non-junction/no special feature,Paved,,Minor Injury,0,2,0,2,0,0,12000,2,2,,POINT (-91.294835740698 41.41012136575)
2014799504,20140013859,05/20/2014,05-May,3-Tuesday,13:34,1300 Hours,District 1 (Central),DES MOINES,POLK,,ARMY POST RD,Collision with:  Vehicle in traffic,On Roadway,Rear-end (front to rear),Followed too close,None Indicated,,Daylight,Dry,Clear,None apparent,Intersection:  Four-way intersection,Paved,,Possible/Unknown,0,1,0,0,1,0,4000,2,3,,POINT (-93.596889316907 41.526281966745)