Iowa DOT Case Number,Law Enforcement Case Number,Date of Crash,Month of Crash,Day of Week,Time of Crash,Hour,DOT District,City Name,County Name,Route with System,Location Description,First Harmful Event,Location of First Harmful Event,Manner of Crash/Collision,Major Cause,Drug or Alcohol ,Environmental Conditions,Light Conditions,Surface Conditions,Weather Conditions,Roadway Contribution,Roadway Type,Roadway Surface,Work Zone,Crash Severity,Number of Fatalities,Number of Injuries,Number of Major Injuries,Number of Minor Injuries,Number of Possible Injuries,Number of Unknown Injuries,Amount of Property Damage,Number of Vehicles Involved,Total Number of Occupants,Travel Direction,Location
2014801021,077-2014,05/22/2014,05-May,5-Thursday,19:36,1900 Hours,District 4 (Southwest),,HARRISON,,NORTON AVE,Non-collision events:  Other non-collision (explain in narrative),On Roadway,Non-collision (single vehicle),Lost Control,None Indicated,,Daylight,Dry,Clear,None apparent,Non-intersection:  Non-junction/no special feature,Unpaved,,Possible/Unknown,0,1,0,0,1,0,5500,1,1,,POINT (-95.799721310277 41.677283517618)
2014800519,2014030605,05/22/2014,05-May,5-Thursday,21:00,2100 Hours,District 6 (East Central),SHUEYVILLE,JOHNSON,I-380,I-380,Collision with:  Animal,On Roadway,Non-collision (single vehicle),Animal,None Indicated,,Dark - roadway not lighted,Dry,Clear,None apparent,Interchange-related:  Off-ramp,Paved,,Property Damage Only,0,0,0,0,0,0,8500,1,2,,POINT (-91.665457014888 41.84709088859)
2014800738,,05/22/2014,05-May,5-Thursday,05:00,0500 Hours,District 4 (Southwest),,AUDUBON,,FALCON AVE,Collision with fixed object:  Ditch,On Roadway,Non-collision (single vehicle),Ran off road - left,None Indicated,,Dawn,"Mud, dirt",Clear,None apparent,Non-intersection:  Non-junction/no special feature,Unpaved,,Property Damage Only,0,0,0,0,0,0,2000,1,1,,POINT (-94.995713247069 41.647206055161)
2014800536,2014030403,05/22/2014,05-May,5-Thursday,06:00,0600 Hours,District 1 (Central),,POLK,IA 163,IA 163/NE UNIVERSITY AVE & NE 100TH ST,Collision with:  Animal,,,Animal,None Indicated,,,,,,,Paved,,Property Damage Only,0,0,0,0,0,0,8000,1,1,,POINT (-93.395975342763 41.600667068224)
2014800423,14-000592,05/22/2014,05-May,5-Thursday,13:20,1300 Hours,District 1 (Central),JOHNSTON,POLK,,Co Rd R42/NW 70TH AVE & NW 86TH ST,Collision with:  Vehicle in traffic,On Roadway,Broadside (front to side),Ran Traffic Signal,None Indicated,,Daylight,Dry,Clear,None apparent,Intersection:  Four-way intersection,Paved,,Minor Injury,0,1,0,1,0,0,30000,2,2,,POINT (-93.736403112441 41.688377373929)
2014800095,14-1518,05/22/2014,05-May,5-Thursday,11:55,1100 Hours,District 1 (Central),FORT DODGE,WEBSTER,,5TH AVE S,Collision with:  Vehicle in traffic,On Roadway,Rear-end (front to rear),Followed too close,None Indicated,,Daylight,Dry,Cloudy,None apparent,Non-intersection:  Non-junction/no special feature,Paved,,Property Damage Only,0,0,0,0,0,0,2100,2,2,,POINT (-94.141435354223 42.501258387444)
2014800923,14-16577,05/22/2014,05-May,5-Thursday,20:10,2000 Hours,District 3 (Northwest),SIOUX CITY,WOODBURY,,CLARK ST,Collision with:  Other non-fixed object (explain in narrative),On Roadway,Non-collision (single vehicle),Improper Backing,None Indicated,,Dusk,Dry,Clear,None apparent,Non-intersection:  Non-junction/no special feature,Paved,,Property Damage Only,0,0,0,0,0,0,3000,1,1,,POINT (-96.391169211523 42.496104204531)
2014802677,14000619,05/22/2014,05-May,5-Thursday,14:25,1400 Hours,District 1 (Central),,STORY,I-35,I-35 & Co Rd E29/190TH ST,Collision with:  Vehicle in traffic,On Roadway,"Sideswipe, same direction",Unknown,None Indicated,,Daylight,Dry,Clear,None apparent,Non-intersection:  Non-junction/no special feature,Paved,,Property Damage Only,0,0,0,0,0,0,2100,2,2,,POINT (-93.568760851935 42.07790975883)
2014800350,14-12663,05/22/2014,05-May,5-Thursday,22:15,2200 Hours,District 1 (Central),PRAIRIE CITY,JASPER,,W 117TH ST S,Collision with:  Other non-fixed object (explain in narrative),On Roadway,Non-collision (single vehicle),Ran off road - left,None Indicated,,Dark - roadway not lighted,"Mud, dirt",Clear,Ruts/holes/bumps,Non-intersection:  Non-junction/no special feature,Unpaved,,Possible/Unknown,0,1,0,0,0,1,4000,1,1,,POINT (-93.272550330669 41.516618047256)
2014801120,14V05130,05/22/2014,05-May,5-Thursday,10:31,1000 Hours,District 6 (East Central),VINTON,BENTON,,E 6TH ST,Collision with fixed object:  Other fixed object (explain in narrative),On Roadway,Rear-end (front to rear),Other (explain in narrative):  Other,None Indicated,,Daylight,Dry,Cloudy,Non-highway work,Non-intersection:  Non-junction/no special feature,Paved,,Possible/Unknown,0,1,0,0,1,0,5000,2,1,,POINT (-92.016087701409 42.165651007658)
2014800010,20140014120,05/22/2014,05-May,5-Thursday,15:11,1500 Hours,District 1 (Central),DES MOINES,POLK,,INGERSOLL AVE & 28TH ST,Collision with:  Vehicle in traffic,On Roadway,Rear-end (front to rear),Followed too close,None Indicated,,Daylight,Dry,Cloudy,None apparent,Non-intersection:  Non-junction/no special feature,Paved,,Property Damage Only,0,0,0,0,0,0,1500,2,3,,POINT (-93.654518836898 41.585722803638)
2014804177,01-14-21735,05/22/2014,05-May,5-Thursday,16:35,1600 Hours,District 6 (East Central),DUBUQUE,DUBUQUE,US 20,US 20/DODGE ST,Collision with:  Vehicle in traffic,On Roadway,Rear-end (front to rear),Driving too fast for conditions,None Indicated,,Daylight,Dry,Clear,None apparent,Non-intersection:  Other non-intersection (explain in narrative),Paved,,Property Damage Only,0,0,0,0,0,0,8000,3,3,,POINT (-90.656141915332 42.491704584895)
2014801211,14-014966,05/22/2014,05-May,5-Thursday,05:15,0500 Hours,District 5 (Southeast),,LEE,IA 16,IA 16/IOWA 16,Collision with:  Animal,,,Animal,None Indicated,,,,,,,Paved,,Property Damage Only,0,0,0,0,0,0,1500,1,1,,POINT (-91.282209717056 40.739662892833)
2014800365,2014005639,05/22/2014,05-May,5-Thursday,13:46,1300 Hours,District 6 (East Central),IOWA CITY,JOHNSON,IA 1,IA 1/E BURLINGTON ST & S CLINTON ST,Collision with:  Vehicle in traffic,On Roadway,Rear-end (front to rear),Followed too close,None Indicated,,Daylight,Dry,Cloudy,None apparent,Non-intersection:  Non-junction/no special feature,Paved,,Property Damage Only,0,0,0,0,0,0,4000,2,3,,POINT (-91.534641180695 41.657868159233)
2014801394,2014-33332,05/22/2014,05-May,5-Thursday,15:48,1500 Hours,District 6 (East Central),DAVENPORT,SCOTT,,IA 461/HARRISON ST & W 35TH ST,Collision with:  Vehicle in traffic,On Roadway,Broadside (front to side),Ran Traffic Signal,None Indicated,,Daylight,Dry,Clear,None apparent,Intersection:  Four-way intersection,Paved,,Property Damage Only,0,0,0,0,0,0,4500,2,2,,POINT (-90.577051325223 41.555690918444)
2014800443,GP20140403,05/22/2014,05-May,5-Thursday,15:15,1500 Hours,District 1 (Central),GRINNELL,POWESHIEK,IA 146,IA 146/WEST ST & PINDER AVE,Collision with:  Vehicle in traffic,On Roadway,Rear-end (front to rear),Other (explain in narrative):  Other,None Indicated,,Daylight,Dry,Clear,None apparent,Intersection:  Other intersection (explain in narrative),Paved,,Property Damage Only,0,0,0,0,0,0,2000,2,2,,POINT (-92.727277372964 41.717137223683)
2014800828,1405221-A,05/22/2014,05-May,5-Thursday,13:59,1300 Hours,District 4 (Southwest),RED OAK,MONTGOMERY,,6TH ST,Collision with:  Vehicle in traffic,On Roadway,Broadside (front to side),FTYROW:  At uncontrolled intersection,None Indicated,,Daylight,Dry,Clear,None apparent,Non-intersection:  Alley,Paved,,Possible/Unknown,0,2,0,0,2,0,2100,2,2,,POINT (-95.225549879384 41.01017204606)
2014799993,14-006550,05/22/2014,05-May,5-Thursday,16:39,1600 Hours,District 4 (Southwest),MALVERN,MILLS,,MAIN ST & W 8TH ST & E 8TH ST,Collision with:  Vehicle in traffic,On Roadway,Rear-end (front to rear),Other (explain in narrative):  Other,None Indicated,,Daylight,Dry,Cloudy,None apparent,Non-intersection:  Non-junction/no special feature,Paved,,Property Damage Only,0,0,0,0,0,0,1650,2,2,,POINT (-95.585185066894 41.006211826866)
2014799709,14002945,05/22/2014,05-May,5-Thursday,08:53,0800 Hours,District 2 (Northeast),ROCKWELL,CERRO GORDO,,160TH ST & QUAIL AVE,Collision with:  Vehicle in traffic,On Roadway,"Angle, oncoming left turn",Ran off road - left,None Indicated,,Daylight,Dry,Clear,None apparent,Non-intersection:  Driveway access (within),Unpaved,,Property Damage Only,0,0,0,0,0,0,4500,2,2,,POINT (-93.182001448926 42.994346020953)
2014800144,14-3391,05/22/2014,05-May,5-Thursday,15:12,1500 Hours,District 1 (Central),DES MOINES,POLK,,SAYLORVILLE RES,Collision with:  Vehicle in traffic,On Roadway,"Sideswipe, same direction","Operating vehicle in an reckless, erratic, careless, negligent manner",None Indicated,,Daylight,Dry,Clear,None apparent,Non-intersection:  Non-junction/no special feature,Paved,,Property Damage Only,0,0,0,0,0,0,2500,2,3,,POINT (-93.685633976487 41.701877829322)
2014800430,14-0570,05/22/2014,05-May,5-Thursday,07:24,0700 Hours,District 1 (Central),PLEASANT HILL,POLK,IA 163,IA 163/NE UNIVERSITY AVE,Collision with:  Vehicle in traffic,On Roadway,Rear-end (front to rear),Other (explain in narrative):  Other,None Indicated,,Daylight,Dry,Cloudy,None apparent,Intersection:  Four-way intersection,Paved,,Possible/Unknown,0,1,0,0,1,0,3000,2,2,,POINT (-93.441970018502 41.600499451579)
2014801466,,05/22/2014,05-May,5-Thursday,09:00,0900 Hours,District 2 (Northeast),GUTTENBERG,CLAYTON,,HERDER ST,Collision with:  Railway vehicle/train,On Roadway,Broadside (front to side),FTYROW:  Other (explain in narrative),None Indicated,,Daylight,Dry,Clear,None apparent,Non-intersection:  Railroad grade crossing,Paved,,Property Damage Only,0,0,0,0,0,0,1500,2,2,,POINT (-91.098695823201 42.781669450532)
2014800031,14-001080,05/22/2014,05-May,5-Thursday,15:24,1500 Hours,District 1 (Central),ALTOONA,POLK,US 6,US 6/FREDERICK M HUBBELL AVE & 36TH AVE SW & PRAIRIE CROSSING NW,Collision with:  Vehicle in traffic,On Roadway,Rear-end (front to rear),Followed too close,None Indicated,,Daylight,Dry,Clear,None apparent,Intersection:  Four-way intersection,Paved,,Property Damage Only,0,0,0,0,0,0,2500,2,2,,POINT (-93.509164764424 41.65024756987)
2014799745,14-2495,05/22/2014,05-May,5-Thursday,23:20,2300 Hours,District 6 (East Central),HIAWATHA,LINN,I-380,I-380,Collision with:  Animal,On Roadway,Non-collision (single vehicle),Animal,None Indicated,,Dark - roadway not lighted,Dry,Clear,None apparent,Non-intersection:  Non-junction/no special feature,Paved,,Property Damage Only,0,0,0,0,0,0,1500,1,1,,POINT (-91.691193198391 42.04903349954)
2014800011,20140014138,05/22/2014,05-May,5-Thursday,17:48,1700 Hours,District 1 (Central),DES MOINES,POLK,US 69,US 69/E 14TH ST & DEAN AVE,Collision with:  Vehicle in traffic,On Roadway,Rear-end (front to rear),"Operating vehicle in an reckless, erratic, careless, negligent manner",None Indicated,,Daylight,Dry,Clear,Unknown,Non-intersection:  Non-junction/no special feature,Paved,,Possible/Unknown,0,1,0,0,1,0,6000,3,3,,POINT (-93.596977280973 41.590575636825)
2014808627,14-0236,05/22/2014,05-May,5-Thursday,16:50,1600 Hours,District 5 (Southeast),GARDEN GROVE,DECATUR,,MAIN ST & JEFFERSON ST,Collision with:  Vehicle in traffic,On Roadway,"Angle, oncoming left turn",Crossed centerline (undivided),None Indicated,,Daylight,Dry,Clear,None apparent,Intersection:  Four-way intersection,Paved,,Property Damage Only,0,0,0,0,0,0,6000,2,2,,POINT (-93.611293014598 40.827013677197)
2014800413,14-1110,05/22/2014,05-May,5-Thursday,18:42,1800 Hours,District 1 (Central),URBANDALE,POLK,US 6,US 6/HICKMAN RD,Collision with:  Vehicle in traffic,On Roadway,Rear-end (front to rear),Followed too close,None Indicated,,Daylight,Dry,Clear,None apparent,Non-intersection:  Non-junction/no special feature,Paved,,Property Damage Only,0,0,0,0,0,0,4200,2,3,,POINT (-93.779651796685 41.614891265247)
2014800537,2014030412,05/22/2014,05-May,5-Thursday,08:00,0800 Hours,District 1 (Central),HUXLEY,STORY,I-35,I-35,Collision with fixed object:  Guardrail - face,Shoulder,Non-collision (single vehicle),Ran off road - left,None Indicated,,Daylight,Dry,Clear,None apparent,Non-intersection:  Non-junction/no special feature,Paved,,Property Damage Only,0,0,0,0,0,0,6000,1,1,,POINT (-93.571145632831 41.881048528318)
2014799999,14-3399,05/22/2014,05-May,5-Thursday,18:15,1800 Hours,District 1 (Central),GRIMES,POLK,IA 141,IA 141/IOWA 141 & S 11TH ST & SE 11TH ST,Collision with:  Vehicle in traffic,Roadside,Rear-end (front to rear),Other (explain in narrative):  Vision obstructed,None Indicated,,Daylight,Dry,Clear,None apparent,Non-intersection:  Non-junction/no special feature,Paved,,Property Damage Only,0,0,0,0,0,0,5000,2,2,,POINT (-93.774804847861 41.680207673907)
2014800005,20140014103,05/22/2014,05-May,5-Thursday,11:54,1100 Hours,District 1 (Central),DES MOINES,POLK,,24TH ST & CLARK ST,Collision with:  Vehicle in traffic,On Roadway,Broadside (front to side),FTYROW:  From stop sign,None Indicated,,Daylight,Dry,Cloudy,None apparent,Intersection:  Four-way intersection,Paved,,Property Damage Only,0,0,0,0,0,0,10000,2,5,,POINT (-93.649726195455 41.605484836661)
2014800021,14-1105,05/22/2014,05-May,5-Thursday,16:30,1600 Hours,District 1 (Central),URBANDALE,POLK,,100TH ST,Non-collision events:  Other non-collision (explain in narrative),On Roadway,Non-collision (single vehicle),Swerving/Evasive Action,None Indicated,,Daylight,Dry,Clear,Debris,Non-intersection:  Non-junction/no special feature,Paved,,Possible/Unknown,0,1,0,0,1,0,5000,1,1,,POINT (-93.7557162923 41.619815903655)
2014800027,14-2368,05/22/2014,05-May,5-Thursday,18:51,1800 Hours,District 1 (Central),WEST DES MOINES,POLK,,STONEBRIDGE RD,Collision with:  Vehicle in traffic,On Roadway,Broadside (front to side),FTYROW:  From driveway,None Indicated,,Daylight,Dry,Clear,None apparent,Non-intersection:  Driveway access (within),Paved,,Property Damage Only,0,0,0,0,0,0,3000,2,2,,POINT (-93.762273598571 41.575240987903)
2014806544,032-055-14,05/22/2014,05-May,5-Thursday,19:02,1900 Hours,District 3 (Northwest),ESTHERVILLE,EMMET,IA 4,IA 4/N 9TH ST & 14TH AVE N,Collision with:  Vehicle in traffic,On Roadway,Rear-end (front to rear),Followed too close,None Indicated,,Daylight,Dry,Clear,None apparent,Intersection:  Other intersection (explain in narrative),Paved,,Possible/Unknown,0,1,0,0,1,0,1500,2,2,,POINT (-94.830355484481 43.41365366706)
2014800563,14-122,05/23/2014,05-May,6-Friday,16:50,1600 Hours,District 2 (Northeast),WAVERLY,BREMER,IA 3,IA 3/BREMER AVE & 11TH ST NW,Non-collision events:  Other non-collision (explain in narrative),On Roadway,Broadside (front to side),FTYROW:  Other (explain in narrative),None Indicated,,Daylight,Dry,Clear,None apparent,Non-intersection:  Non-junction/no special feature,Paved,,Property Damage Only,0,0,0,0,0,0,5500,2,2,,POINT (-92.48428065038 42.725673808793)
2014800470,2014-0177,05/23/2014,05-May,6-Friday,23:56,2300 Hours,District 5 (Southeast),NORWALK,WARREN,,LANE AVE,Collision with:  Vehicle in traffic,Outside trafficway,Unknown,Unknown,None Indicated,,Dark - roadway lighted,Dry,Clear,None apparent,Non-intersection:  Non-junction/no special feature,Paved,,Property Damage Only,0,0,0,0,0,0,24500,2,1,,POINT (-93.681622205373 41.475135468976)
2014801996,,05/23/2014,05-May,6-Friday,09:18,0900 Hours,District 5 (Southeast),CHARITON,LUCAS,,BRADEN AVE,Collision with:  Vehicle in traffic,On Roadway,Broadside (front to side),FTYROW:  At uncontrolled intersection,None Indicated,,Daylight,Dry,Clear,None apparent,Intersection:  Four-way intersection,Paved,,Property Damage Only,0,0,0,0,0,0,3000,2,3,,POINT (-93.308925526792 41.015602093441)
2014801148,S14-E2301,05/23/2014,05-May,6-Friday,20:50,2000 Hours,District 5 (Southeast),,CLARKE,,Co Rd H50/270 AVE/MORMON TRL,Collision with:  Vehicle in traffic,On Roadway,"Sideswipe, opposite direction",Crossed centerline (undivided),None Indicated,,Dusk,"Mud, dirt",Clear,None apparent,Intersection:  Y-intersection,Unpaved,,Property Damage Only,0,0,0,0,0,0,8000,2,4,,POINT (-93.691256556194 40.925897207585)
2014800199,20140014232,05/23/2014,05-May,6-Friday,13:45,1300 Hours,District 1 (Central),DES MOINES,POLK,US 6,US 6/DOUGLAS AVE & 37TH ST,Collision with:  Vehicle in traffic,On Roadway,"Sideswipe, same direction",Followed too close,None Indicated,,Daylight,Dry,Clear,None apparent,Non-intersection:  Non-junction/no special feature,Paved,,Minor Injury,0,2,0,2,0,0,2500,2,3,,POINT (-93.667219056531 41.629523929685)
2014800893,2014-33577,05/23/2014,05-May,6-Friday,12:49,1200 Hours,District 6 (East Central),DAVENPORT,SCOTT,,E 29TH ST & ARLINGTON AVE,Collision with:  Vehicle in traffic,On Roadway,Broadside (front to side),FTYROW:  From stop sign,None Indicated,,Daylight,Dry,Cloudy,None apparent,Intersection:  Four-way intersection,Paved,,Property Damage Only,0,0,0,0,0,0,6000,2,2,,POINT (-90.562187235469 41.549207200471)
2014800566,14008151,05/23/2014,05-May,6-Friday,16:50,1600 Hours,District 2 (Northeast),MASON CITY,CERRO GORDO,IA 122,IA 122/4TH ST SW & CERRO GORDO & WINNEBAGO WAY,Collision with:  Vehicle in traffic,On Roadway,Rear-end (front to rear),Followed too close,None Indicated,,Daylight,Dry,Cloudy,None apparent,Non-intersection:  Non-junction/no special feature,Paved,,Property Damage Only,0,0,0,0,0,0,7500,2,3,,POINT (-93.230310385296 43.148343102799)
2014800366,2014005688,05/23/2014,05-May,6-Friday,14:21,1400 Hours,District 6 (East Central),IOWA CITY,JOHNSON,US 218,US 218,Collision with:  Animal,On Roadway,Non-collision (single vehicle),Animal,None Indicated,,Daylight,Dry,Clear,None apparent,Non-intersection:  Non-junction/no special feature,Paved,,Possible/Unknown,0,1,0,0,1,0,4000,1,1,,POINT (-91.563414939133 41.628796935995)
2014802672,14-000621,05/23/2014,05-May,6-Friday,07:15,0700 Hours,District 1 (Central),,STORY,,Co Rd R38/510TH AVE & ZUMWALT STATION RD,Collision with:  Vehicle in traffic,On Roadway,Rear-end (front to rear),Followed too close,None Indicated,,Daylight,Dry,Clear,None apparent,Intersection:  Four-way intersection,Paved,,Property Damage Only,0,0,0,0,0,0,11000,3,4,,POINT (-93.67850922929 41.99393076151)
2014802504,,05/23/2014,05-May,6-Friday,21:26,2100 Hours,District 2 (Northeast),,WINNESHIEK,US 52,US 52 & Co Rd W34/NORTH WINN RD & 211TH AVE,Collision with:  Animal,On Roadway,Non-collision (single vehicle),Animal,None Indicated,,Dark - roadway not lighted,Dry,Clear,None apparent,Non-intersection:  Non-junction/no special feature,Paved,,Property Damage Only,0,0,0,0,0,0,1800,1,1,,POINT (-91.806603608629 43.367789281548)
2014803569,2014030790,05/23/2014,05-May,6-Friday,21:45,2100 Hours,District 6 (East Central),,DELAWARE,US 20,US 20,Collision with:  Animal,,,Animal,None Indicated,,,,,,,Paved,,Property Damage Only,0,0,0,0,0,0,3000,1,1,,POINT (-91.525993581289 42.464034059599)
2014800621,2014005673,05/23/2014,05-May,6-Friday,07:10,0700 Hours,District 6 (East Central),IOWA CITY,JOHNSON,,LAKESIDE DR,Collision with:  Vehicle in traffic,On Roadway,Broadside (front to side),FTYROW:  From stop sign,None Indicated,,Daylight,Dry,Clear,None apparent,Intersection:  Four-way intersection,Paved,,Property Damage Only,0,0,0,0,0,0,3500,2,2,,POINT (-91.498397064357 41.634495843542)
2014800212,14-020704,05/23/2014,05-May,6-Friday,14:05,1400 Hours,District 4 (Southwest),COUNCIL BLUFFS,POTTAWATTAMIE,,N 30TH ST,Collision with:  Non-motorist (see non-motorist section - NOT a unit),On Roadway,Non-collision (single vehicle),Other (explain in narrative):  No improper action,None Indicated,,Daylight,Dry,Cloudy,None apparent,Non-intersection:  Non-junction/no special feature,Paved,,Minor Injury,0,1,0,1,0,0,50,1,1,,POINT (-95.892433806637 41.268181586463)
2014802841,,05/23/2014,05-May,6-Friday,08:00,0800 Hours,District 6 (East Central),MAQUOKETA,JACKSON,IA 64,IA 64/W PLATT ST,Collision with:  Vehicle in traffic,On Roadway,Rear-end (front to rear),Driver Distraction:  Passenger,None Indicated,,Daylight,,Clear,,,Paved,,Possible/Unknown,0,1,0,0,1,0,3000,2,4,,POINT (-90.673598294948 42.069089651511)
2014819363,1405-036,05/23/2014,05-May,6-Friday,15:29,1500 Hours,District 3 (Northwest),,OSCEOLA,IA 60,IA 60/IOWA 60,Collision with fixed object:  Ditch,Outside trafficway,Non-collision (single vehicle),Ran off road - right,None Indicated,,Daylight,Dry,Clear,None apparent,Non-intersection:  Non-junction/no special feature,Paved,,Fatal,1,0,0,0,0,0,7500,1,1,,POINT (-95.706368920516 43.475079232209)
2014800125,201407251,05/23/2014,05-May,6-Friday,21:53,2100 Hours,District 6 (East Central),CEDAR RAPIDS,LINN,IA 100,IA 100/COLLINS RD NE & C AVE NE,Collision with:  Vehicle in traffic,On Roadway,Rear-end (front to rear),Driver Distraction:  Manual operation of an electronic communication device,None Indicated,,Dark - roadway lighted,Dry,Clear,None apparent,Intersection:  Four-way intersection,Paved,,Property Damage Only,0,0,0,0,0,0,1500,2,2,,POINT (-91.638496204062 42.028102074778)
2014800465,14-002489,05/23/2014,05-May,6-Friday,07:52,0700 Hours,District 1 (Central),AMES,STORY,,S DAKOTA AVE,Collision with:  Vehicle in traffic,On Roadway,Rear-end (front to rear),Followed too close,None Indicated,,Daylight,Dry,Clear,None apparent,Non-intersection:  Non-junction/no special feature,Paved,,Property Damage Only,0,0,0,0,0,0,3800,2,2,,POINT (-93.678693147082 42.022597643176)
2014800287,W14-050629,05/23/2014,05-May,6-Friday,12:06,1200 Hours,District 2 (Northeast),WATERLOO,BLACK HAWK,US 63,US 63/E MULLAN AVE,Collision with:  Vehicle in traffic,On Roadway,Rear-end (front to rear),Followed too close,None Indicated,,Daylight,Dry,Clear,None apparent,Non-intersection:  Non-junction/no special feature,Paved,,Property Damage Only,0,0,0,0,0,0,4000,2,5,,POINT (-92.336668830964 42.512047669517)
2014802622,2014-33626,05/23/2014,05-May,6-Friday,15:12,1500 Hours,District 6 (East Central),DAVENPORT,SCOTT,US 6,US 6/W KIMBERLY RD/E KIMBERLY RD & IA 461/WELCOME WAY,Collision with:  Vehicle in traffic,On Roadway,Rear-end (front to rear),Followed too close,None Indicated,,Daylight,Dry,Clear,None apparent,Non-intersection:  Non-junction/no special feature,Paved,,Property Damage Only,0,0,0,0,0,0,3000,2,2,,POINT (-90.570930788018 41.560317081912)
2014800155,14-002244,05/23/2014,05-May,6-Friday,12:52,1200 Hours,District 1 (Central),ANKENY,POLK,,SW ORDNANCE RD & SW CHERRY ST,Collision with:  Vehicle in traffic,On Roadway,Broadside (front to side),FTYROW:  From stop sign,None Indicated,,Daylight,Dry,Clear,None apparent,Intersection:  Four-way intersection,Paved,,Property Damage Only,0,0,0,0,0,0,3000,2,4,,POINT (-93.60730385983 41.724412789465)
2014829741,A390514-1282,05/23/2014,05-May,6-Friday,18:40,1800 Hours,District 4 (Southwest),,GUTHRIE,,325TH ST,Collision with:  Vehicle in traffic,On Roadway,Head-on (front to front),Crossed centerline (undivided),None Indicated,,Daylight,Dry,Cloudy,None apparent,Non-intersection:  Non-junction/no special feature,Paved,,Possible/Unknown,0,2,0,0,2,0,12000,2,5,,POINT (-94.257150379649 41.539811270415)
2014803591,B14-0975,05/23/2014,05-May,6-Friday,19:45,1900 Hours,District 3 (Northwest),SERGEANT BLUFF,WOODBURY,,COFFIE FARM RD,Collision with:  Vehicle in traffic,On Roadway,Broadside (front to side),"Operating vehicle in an reckless, erratic, careless, negligent manner",None Indicated,,Daylight,Dry,Cloudy,None apparent,Non-intersection:  Non-junction/no special feature,Paved,,Property Damage Only,0,0,0,0,0,0,2100,2,1,,POINT (-96.354179131096 42.391840467835)
2014800351,14-12787,05/23/2014,05-May,6-Friday,23:58,2300 Hours,District 1 (Central),NEWTON,JASPER,US 6,US 6/US 6 E & N 4TH AVE E,Collision with fixed object:  Ditch,Outside trafficway,Non-collision (single vehicle),Ran off road - right,Refused,,Dark - roadway not lighted,Dry,Clear,None apparent,Non-intersection:  Non-junction/no special feature,Paved,,Property Damage Only,0,0,0,0,0,0,3000,1,1,,POINT (-92.996514517187 41.702508961671)
2014800520,2014030659,05/23/2014,05-May,6-Friday,10:05,1000 Hours,District 1 (Central),GRINNELL,POWESHIEK,IA 146,IA 146/WEST ST,Collision with:  Vehicle in traffic,On Roadway,"Angle, oncoming left turn",Made improper turn,None Indicated,,Daylight,Dry,Clear,None apparent,Intersection:  Four-way intersection,Paved,,Major Injury,0,3,1,2,0,0,12500,2,4,,POINT (-92.727330939617 41.727216288655)
2014800333,14-003739,05/23/2014,05-May,6-Friday,06:21,0600 Hours,District 4 (Southwest),GRANGER,DALLAS,IA 141,IA 141/IOWA 141 & 16TH ST,Collision with:  Vehicle in traffic,On Roadway,Broadside (front to side),FTYROW:  From yield sign,None Indicated,,Daylight,Dry,Clear,None apparent,Intersection:  Four-way intersection,Paved,,Property Damage Only,0,0,0,0,0,0,15600,3,3,,POINT (-94.087092057853 41.831578301347)
2014800735,2014030680,05/23/2014,05-May,6-Friday,11:50,1100 Hours,District 1 (Central),,POLK,I-35,I-35,Collision with:  Vehicle in traffic,On Roadway,Rear-end (front to rear),Swerving/Evasive Action,None Indicated,,Daylight,Dry,Clear,None apparent,"Interchange-related:  Off-ramp, diverge area",Paved,,Possible/Unknown,0,2,0,0,2,0,2500,3,3,,POINT (-93.696568394699 41.652615305875)
2014800131,201407220,05/23/2014,05-May,6-Friday,13:48,1300 Hours,District 6 (East Central),CEDAR RAPIDS,LINN,,B AVE NE & 19TH ST NE,Collision with:  Vehicle in traffic,On Roadway,Broadside (front to side),FTYROW:  From stop sign,None Indicated,,Daylight,Dry,Clear,None apparent,Intersection:  Four-way intersection,Paved,,Property Damage Only,0,0,0,0,0,0,2800,2,5,,POINT (-91.646046828027 41.994471505238)
2014800384,14-2527,05/23/2014,05-May,6-Friday,07:53,0700 Hours,District 6 (East Central),HIAWATHA,LINN,,BOYSON RD,Collision with:  Vehicle in traffic,On Roadway,Rear-end (front to rear),Followed too close,None Indicated,,Daylight,Dry,Clear,None apparent,Non-intersection:  Non-junction/no special feature,Paved,,Property Damage Only,0,0,0,0,0,0,4000,2,3,,POINT (-91.690229054001 42.044204102936)
2014809799,1403813,05/23/2014,05-May,6-Friday,16:20,1600 Hours,District 5 (Southeast),WASHINGTON,WASHINGTON,,E MADISON ST & S 3RD AVE,Collision with:  Vehicle in traffic,On Roadway,Rear-end (front to rear),Other (explain in narrative):  Other,None Indicated,,Daylight,Dry,Clear,None apparent,Intersection:  Four-way intersection,Paved,,Property Damage Only,0,0,0,0,0,0,4000,2,3,,POINT (-91.689404377102 41.296459162867)
2014804969,SO140205,05/23/2014,05-May,6-Friday,14:40,1400 Hours,District 4 (Southwest),CORNING,ADAMS,IA 148,IA 148/QUINCY ST & 8TH ST,Collision with:  Other non-fixed object (explain in narrative),On Roadway,Rear-end (front to rear),Followed too close,None Indicated,,Daylight,Dry,Clear,None apparent,Non-intersection:  Non-junction/no special feature,Paved,,Property Damage Only,0,0,0,0,0,0,4000,2,3,,POINT (-94.731844127738 40.989952146536)
2014804461,1405230507,05/23/2014,05-May,6-Friday,05:07,0500 Hours,District 6 (East Central),ANAMOSA,JONES,US 151,US 151/NE RAMP,Collision with:  Animal,On Roadway,Non-collision (single vehicle),Animal,None Indicated,,Dawn,Dry,Clear,None apparent,Non-intersection:  Non-junction/no special feature,Paved,,Property Damage Only,0,0,0,0,0,0,2000,1,1,,POINT (-91.32933937115 42.070660823176)