Iowa DOT Case Number,Law Enforcement Case Number,Date of Crash,Month of Crash,Day of Week,Time of Crash,Hour,DOT District,City Name,County Name,Route with System,Location Description,First Harmful Event,Location of First Harmful Event,Manner of Crash/Collision,Major Cause,Drug or Alcohol ,Environmental Conditions,Light Conditions,Surface Conditions,Weather Conditions,Roadway Contribution,Roadway Type,Roadway Surface,Work Zone,Crash Severity,Number of Fatalities,Number of Injuries,Number of Major Injuries,Number of Minor Injuries,Number of Possible Injuries,Number of Unknown Injuries,Amount of Property Damage,Number of Vehicles Involved,Total Number of Occupants,Travel Direction,Location
2014800312,14-007091,05/23/2014,05-May,6-Friday,09:25,0900 Hours,District 3 (Northwest),,CLAY,IA 10,IA 10/IOWA 10,Collision with fixed object:  Ditch,On Roadway,Non-collision (single vehicle),Equipment failure,None Indicated,,Daylight,Dry,Clear,None apparent,Non-intersection:  Non-junction/no special feature,Paved,,Property Damage Only,0,0,0,0,0,0,42000,1,1,,POINT (-95.366804547304 42.924000501197)
2014800892,2014-33558,05/23/2014,05-May,6-Friday,11:52,1100 Hours,District 6 (East Central),DAVENPORT,SCOTT,,MARQUETTE ST,Collision with:  Vehicle in traffic,On Roadway,Rear-end (front to rear),Swerving/Evasive Action,None Indicated,,Daylight,Dry,Cloudy,None apparent,Non-intersection:  Non-junction/no special feature,Paved,,Property Damage Only,0,0,0,0,0,0,1500,2,2,,POINT (-90.59103127513 41.555390390008)
2014800023,14-2370,05/23/2014,05-May,6-Friday,08:50,0800 Hours,District 4 (Southwest),WEST DES MOINES,DALLAS,,JORDAN CREEK PKWY,Collision with:  Vehicle in traffic,On Roadway,Rear-end (front to rear),Swerving/Evasive Action,None Indicated,,Daylight,Dry,Clear,None apparent,Non-intersection:  Non-junction/no special feature,Paved,,Possible/Unknown,0,1,0,0,1,0,8000,2,2,,POINT (-93.808954456909 41.596043930388)
2014800791,2014-1174,05/23/2014,05-May,6-Friday,21:48,2100 Hours,District 1 (Central),JEFFERSON,GREENE,,BRACKETT ST & S MAPLE ST,Collision with fixed object:  Other fixed object (explain in narrative),Outside trafficway,Non-collision (single vehicle),Ran off road - straight,Alcohol (Statutory),,Dark - roadway lighted,Dry,Cloudy,None apparent,Intersection:  T-intersection,Paved,,Property Damage Only,0,0,0,0,0,0,4700,1,1,,POINT (-94.379863785002 42.0107346771)
2014800204,20140014267,05/23/2014,05-May,6-Friday,18:00,1800 Hours,District 1 (Central),DES MOINES,POLK,,HICKMAN RD & BEAVER AVE,Collision with:  Vehicle in traffic,On Roadway,Rear-end (front to rear),Followed too close,Alcohol (Statutory),,Daylight,Dry,Cloudy,None apparent,Intersection:  Four-way intersection,Paved,,Property Damage Only,0,0,0,0,0,0,2000,2,3,,POINT (-93.673057562509 41.614898248546)
2014800481,14-15968,05/23/2014,05-May,6-Friday,14:09,1400 Hours,District 3 (Northwest),SIOUX CITY,WOODBURY,,FLOYD BLVD,Collision with:  Vehicle in traffic,On Roadway,Rear-end (front to rear),Other (explain in narrative):  Other,None Indicated,,Daylight,Dry,Clear,None apparent,Non-intersection:  Non-junction/no special feature,Paved,,Property Damage Only,0,0,0,0,0,0,4000,2,5,,POINT (-96.36975724718 42.534411270145)
2014801034,K14-015064,05/23/2014,05-May,6-Friday,02:01,0200 Hours,District 5 (Southeast),KEOKUK,LEE,,4TH ST S,Collision with fixed object:  Curb/island/raised median,On Roadway,Non-collision (single vehicle),Ran off road - right,None Indicated,,Dark - roadway lighted,Dry,Clear,None apparent,Intersection:  Four-way intersection,Paved,,Property Damage Only,0,0,0,0,0,0,8000,1,1,,POINT (-91.382685090688 40.394860747798)
2014800329,141358,05/23/2014,05-May,6-Friday,17:41,1700 Hours,District 3 (Northwest),DENISON,CRAWFORD,,2ND AVE S & S 9TH ST,Collision with:  Vehicle in traffic,On Roadway,Broadside (front to side),Lost Control,Alcohol (Statutory),,Daylight,Dry,Clear,None apparent,Non-intersection:  Non-junction/no special feature,Paved,,Property Damage Only,0,0,0,0,0,0,17000,4,3,,POINT (-95.361317103096 42.014539506584)
2014800211,14-020692,05/23/2014,05-May,6-Friday,13:07,1300 Hours,District 4 (Southwest),COUNCIL BLUFFS,POTTAWATTAMIE,,WOODBURY AVE & MADISON AVE,Non-collision events:  Other non-collision (explain in narrative),On Roadway,Non-collision (single vehicle),Swerving/Evasive Action,None Indicated,,Daylight,Dry,Clear,None apparent,Intersection:  Four-way intersection,Paved,,Minor Injury,0,2,0,2,0,0,100,1,2,,POINT (-95.825688095535 41.24285731142)
2014800129,201407212,05/23/2014,05-May,6-Friday,12:21,1200 Hours,District 6 (East Central),CEDAR RAPIDS,LINN,,MT VERNON RD SE & MOUNT VERNON RD SE & 19TH ST SE,Collision with:  Vehicle in traffic,On Roadway,Rear-end (front to rear),Ran Traffic Signal,None Indicated,,Daylight,Dry,Clear,None apparent,Intersection:  Four-way intersection,Paved,,Property Damage Only,0,0,0,0,0,0,3000,2,3,,POINT (-91.642176470851 41.977187496014)
2014800197,20140014249,05/23/2014,05-May,6-Friday,16:17,1600 Hours,District 1 (Central),DES MOINES,POLK,,WILLOWMERE DR,Collision with:  Vehicle in traffic,On Roadway,Rear-end (front to rear),Unknown,None Indicated,,Daylight,Dry,Clear,None apparent,Non-intersection:  Non-junction/no special feature,Paved,,Property Damage Only,0,0,0,0,0,0,2000,3,3,,POINT (-93.64505520216 41.5569980525)
2014802058,14074650,05/23/2014,05-May,6-Friday,02:25,0200 Hours,District 6 (East Central),,JOHNSON,,Co Rd F67/540TH ST,Collision with fixed object:  Ditch,On Roadway,Non-collision (single vehicle),Ran off road - left,None Indicated,,Dark - roadway not lighted,Dry,Clear,None apparent,Non-intersection:  Non-junction/no special feature,Paved,,Possible/Unknown,0,1,0,0,1,0,6000,1,1,,POINT (-91.822666705305 41.540566181899)
2014801537,14-12696,05/23/2014,05-May,6-Friday,12:13,1200 Hours,District 1 (Central),NEWTON,JASPER,US 6,US 6/1ST AVE E,Collision with:  Vehicle in traffic,On Roadway,Rear-end (front to rear),Lost Control,None Indicated,,Daylight,Dry,Clear,None apparent,Non-intersection:  Non-junction/no special feature,Paved,,Possible/Unknown,0,1,0,0,1,0,400,2,6,,POINT (-93.046703302189 41.699509155141)
2014810010,2014-002823,05/23/2014,05-May,6-Friday,17:35,1700 Hours,District 6 (East Central),,BENTON,IA 21,IA 21/IOWA 21,Collision with:  Vehicle in traffic,On Roadway,Rear-end (front to rear),Swerving/Evasive Action,None Indicated,,Daylight,Dry,Cloudy,None apparent,Non-intersection:  Non-junction/no special feature,Paved,,Property Damage Only,0,0,0,0,0,0,1700,2,3,,POINT (-92.297612395639 41.945322392957)
2014801223,14010473,05/23/2014,05-May,6-Friday,07:55,0700 Hours,District 6 (East Central),MARION,LINN,,S 11TH ST,Collision with:  Parked motor vehicle,On Roadway,"Sideswipe, same direction",Unknown,None Indicated,,Daylight,Unknown,Unknown,Unknown,Non-intersection:  Non-junction/no special feature,Paved,,Property Damage Only,0,0,0,0,0,0,2000,2,1,,POINT (-91.598233127461 42.021024696702)
2014802879,14-003741,05/23/2014,05-May,6-Friday,07:14,0700 Hours,District 4 (Southwest),PERRY,DALLAS,,DEWEY AVE,Collision with:  Vehicle in traffic,Shoulder,Head-on (front to front),Crossed centerline (undivided),None Indicated,,Daylight,Dry,Cloudy,None apparent,Non-intersection:  Non-junction/no special feature,Paved,,Property Damage Only,0,0,0,0,0,0,4000,2,777,,POINT (-94.098863964265 41.84460710499)
2014800288,W14-050653,05/23/2014,05-May,6-Friday,12:55,1200 Hours,District 2 (Northeast),WATERLOO,BLACK HAWK,US 218,US 218/WASHINGTON ST,Collision with:  Animal,,,Animal,None Indicated,,,,,,,Paved,,Property Damage Only,0,0,0,0,0,0,3500,1,1,,POINT (-92.384180094713 42.513177384474)
2014802857,,05/23/2014,05-May,6-Friday,07:54,0700 Hours,District 2 (Northeast),CALMAR,WINNESHIEK,IA 24,IA 24/CHARLES ST & NE IOWA AREA TECH INST A,Collision with:  Vehicle in traffic,On Roadway,Broadside (front to side),Other (explain in narrative):  Vision obstructed,None Indicated,,Daylight,Dry,Clear,None apparent,Non-intersection:  Non-junction/no special feature,Paved,,Property Damage Only,0,0,0,0,0,0,2000,2,2,,POINT (-91.872232803305 43.178027111119)
2014800945,,05/23/2014,05-May,6-Friday,13:01,1300 Hours,District 2 (Northeast),NEW HAMPTON,CHICKASAW,,E COURT ST,Collision with:  Parked motor vehicle,Outside trafficway,"Sideswipe, same direction",FTYROW:  Other (explain in narrative),None Indicated,,Daylight,Dry,Clear,None apparent,Non-intersection:  Non-junction/no special feature,Paved,,Property Damage Only,0,0,0,0,0,0,2200,2,1,,POINT (-92.315097582318 43.061113681867)
2014804178,01-14-21891,05/23/2014,05-May,6-Friday,13:35,1300 Hours,District 6 (East Central),DUBUQUE,DUBUQUE,US 52,US 52/WHITE ST & E 16TH ST,Collision with:  Vehicle in traffic,On Roadway,Rear-end (front to rear),Driver Distraction:  Reaching for object(s)/fallen object(s),None Indicated,,Daylight,Dry,Clear,None apparent,Non-intersection:  Non-junction/no special feature,Paved,,Property Damage Only,0,0,0,0,0,0,2800,2,3,,POINT (-90.667645435254 42.508265849644)
2014800382,201401684,05/23/2014,05-May,6-Friday,22:30,2200 Hours,District 6 (East Central),,LINN,,Co Rd D66/WILEY RD & BETTYS GROVE RD,Non-collision events:  Overturn/rollover,Roadside,Non-collision (single vehicle),Driving too fast for conditions,None Indicated,,Dark - roadway not lighted,"Mud, dirt",Clear,None apparent,Intersection:  Four-way intersection,Unpaved,,Property Damage Only,0,0,0,0,0,0,5000,1,2,,POINT (-91.774109110413 42.254858702964)
2014801118,,05/23/2014,05-May,6-Friday,15:24,1500 Hours,District 2 (Northeast),CHARLES CITY,FLOYD,IA 14,IA 14/GILBERT ST/MAIN ST,Collision with:  Vehicle in traffic,On Roadway,Rear-end (front to rear),Lost Control,None Indicated,,Daylight,Dry,Cloudy,None apparent,Intersection:  Four-way intersection,Paved,,Property Damage Only,0,0,0,0,0,0,4000,2,2,,POINT (-92.681293642163 43.064619464833)
2014801759,2014-3446,05/23/2014,05-May,6-Friday,14:15,1400 Hours,District 3 (Northwest),EMMETSBURG,PALO ALTO,US 18,US 18/9TH ST OR MAIN,Collision with:  Vehicle in traffic,On Roadway,Broadside (front to side),FTYROW:  From driveway,None Indicated,,Daylight,Dry,Clear,None apparent,Non-intersection:  Driveway access (within),Paved,,Property Damage Only,0,0,0,0,0,0,4000,2,3,,POINT (-94.66792653016 43.112022971935)
2014800200,20140014245,05/23/2014,05-May,6-Friday,15:37,1500 Hours,District 1 (Central),DES MOINES,POLK,US 69,US 69/SE 14TH ST & MAURY ST,Collision with:  Vehicle in traffic,On Roadway,"Angle, oncoming left turn",Other (explain in narrative):  Other,None Indicated,,Daylight,Dry,Cloudy,Other (explain in narrative),Intersection:  Four-way intersection,Paved,,Property Damage Only,0,0,0,0,0,0,2500,2,3,,POINT (-93.596879337523 41.581244624489)
2014802215,01-14-21745,05/23/2014,05-May,6-Friday,17:36,1700 Hours,District 6 (East Central),DUBUQUE,DUBUQUE,US 20,US 20/DODGE ST & IA 946/IOWA 946,Collision with:  Vehicle in traffic,On Roadway,Broadside (front to side),Other (explain in narrative):  Vision obstructed,None Indicated,,Daylight,Dry,Clear,None apparent,Non-intersection:  Non-junction/no special feature,Paved,,Property Damage Only,0,0,0,0,0,0,1750,2,2,,POINT (-90.665098532681 42.492004570747)
2014800126,201407294,05/23/2014,05-May,6-Friday,21:57,2100 Hours,District 6 (East Central),CEDAR RAPIDS,LINN,I-380,I-380,Non-collision events:  Other non-collision (explain in narrative),On Roadway,Non-collision (single vehicle),Lost Control,None Indicated,,Dark - roadway lighted,Dry,Clear,None apparent,"Interchange-related:  Off-ramp, diverge area",Paved,,Major Injury,0,1,1,0,0,0,2000,1,1,,POINT (-91.669708594635 41.943528479562)
2014800151,14-002243,05/23/2014,05-May,6-Friday,11:40,1100 Hours,District 1 (Central),ANKENY,POLK,I-35,I-35,Collision with:  Vehicle in traffic,On Roadway,Rear-end (front to rear),Other (explain in narrative):  Other,None Indicated,,Daylight,Dry,Clear,None apparent,Non-intersection:  Non-junction/no special feature,Paved,,Property Damage Only,0,0,0,0,0,0,7000,2,5,,POINT (-93.57304174371 41.751826012182)
2014800215,14-020739,05/23/2014,05-May,6-Friday,17:20,1700 Hours,District 4 (Southwest),COUNCIL BLUFFS,POTTAWATTAMIE,,9TH AVE & SPRUCE ST,Collision with:  Vehicle in traffic,On Roadway,Rear-end (front to rear),Followed too close,None Indicated,,Daylight,Dry,Clear,None apparent,Non-intersection:  Non-junction/no special feature,Paved,,Property Damage Only,0,0,0,0,0,0,2300,2,3,,POINT (-95.892281054658 41.253640222624)
2014800290,W14-050762,05/23/2014,05-May,6-Friday,18:43,1800 Hours,District 2 (Northeast),WATERLOO,BLACK HAWK,,OSAGE RD & DUBUQUE RD,Collision with:  Vehicle in traffic,On Roadway,Broadside (front to side),FTYROW:  From stop sign,None Indicated,,Daylight,Dry,Clear,None apparent,Intersection:  Four-way intersection,Paved,,Property Damage Only,0,0,0,0,0,0,8000,2,4,,POINT (-92.295476485469 42.483847763115)
2014800603,01-14-21933,05/23/2014,05-May,6-Friday,17:00,1700 Hours,District 6 (East Central),DUBUQUE,DUBUQUE,,STONEMAN RD & JOHN F KENNEDY RD,Collision with:  Vehicle in traffic,On Roadway,"Sideswipe, same direction",Improper or erratic lane changing,None Indicated,,Daylight,Dry,Clear,None apparent,Non-intersection:  Non-junction/no special feature,Paved,,Property Damage Only,0,0,0,0,0,0,2000,2,4,,POINT (-90.72086928568 42.496900988774)
2014800800,4514-024,05/23/2014,05-May,6-Friday,20:00,2000 Hours,District 2 (Northeast),,HOWARD,,35TH ST,Non-collision events:  Overturn/rollover,On Roadway,Non-collision (single vehicle),Crossed centerline (undivided),None Indicated,,Daylight,"Mud, dirt",Clear,None apparent,Non-intersection:  Non-junction/no special feature,Unpaved,,Possible/Unknown,0,1,0,0,0,1,4500,1,1,,POINT (-92.241816015637 43.465364540886)
2014800297,14-8998,05/23/2014,05-May,6-Friday,14:50,1400 Hours,District 2 (Northeast),,BREMER,,Co Rd C16/120TH ST,Non-collision events:  Overturn/rollover,On Roadway,Non-collision (single vehicle),"Operating vehicle in an reckless, erratic, careless, negligent manner",None Indicated,,Daylight,Dry,Clear,None apparent,Non-intersection:  Non-junction/no special feature,Unpaved,,Property Damage Only,0,0,0,0,0,0,2000,1,1,,POINT (-92.09263324711 42.876628212332)
2014801395,2014-33609,05/23/2014,05-May,6-Friday,14:46,1400 Hours,District 6 (East Central),DAVENPORT,SCOTT,,MIDDLE RD & KIMBERLY RD,Collision with:  Vehicle in traffic,On Roadway,"Angle, oncoming left turn",FTYROW:  Making left turn,None Indicated,,Daylight,Dry,Clear,None apparent,Intersection:  Four-way intersection,Paved,,Property Damage Only,0,0,0,0,0,0,10400,2,3,,POINT (-90.522528329054 41.538506134675)
2014800130,201407214,05/23/2014,05-May,6-Friday,12:58,1200 Hours,District 6 (East Central),CEDAR RAPIDS,LINN,,JOHNSON AVE NW & EDGEWOOD RD NW,Non-collision events:  Other non-collision (explain in narrative),On Roadway,Non-collision (single vehicle),Other (explain in narrative):  No improper action,None Indicated,,Daylight,Dry,Clear,None apparent,Non-intersection:  Non-junction/no special feature,Paved,,Minor Injury,0,1,0,1,0,0,1000,1,1,,POINT (-91.715990354579 41.974515406815)
2014801213,14015079,05/23/2014,05-May,6-Friday,07:24,0700 Hours,District 5 (Southeast),,LEE,US 61,US 61,Collision with:  Animal,,,Animal,None Indicated,,,,,,,Paved,,Property Damage Only,0,0,0,0,0,0,1500,1,1,,POINT (-91.361091988929 40.663583385798)
2014800691,GP20140405,05/23/2014,05-May,6-Friday,07:40,0700 Hours,District 1 (Central),GRINNELL,POWESHIEK,,8TH AVE & EAST ST,Collision with:  Vehicle in traffic,On Roadway,"Angle, oncoming left turn",FTYROW:  Making left turn,None Indicated,,Daylight,Dry,Clear,None apparent,Intersection:  Other intersection (explain in narrative),Paved,,Property Damage Only,0,0,0,0,0,0,7000,2,4,,POINT (-92.717700732747 41.749044178808)
2014800920,S14-4954,05/23/2014,05-May,6-Friday,03:56,0300 Hours,District 3 (Northwest),SIOUX CITY,WOODBURY,US 75,US 75,Non-collision events:  Overturn/rollover,On Roadway,Non-collision (single vehicle),Swerving/Evasive Action,None Indicated,,Dark - roadway not lighted,Dry,Clear,None apparent,Non-intersection:  Non-junction/no special feature,Paved,,Possible/Unknown,0,1,0,0,1,0,10000,1,1,,POINT (-96.323746198455 42.480936940717)
2014801031,2014005671,05/23/2014,05-May,6-Friday,06:30,0600 Hours,District 6 (East Central),IOWA CITY,JOHNSON,,GRANT ST,Collision with:  Vehicle in traffic,On Roadway,Broadside (front to side),Unknown,None Indicated,,Dark - unknown roadway lighting,Dry,Clear,None apparent,Non-intersection:  Non-junction/no special feature,Paved,,Property Damage Only,0,0,0,0,0,0,5000,2,1,,POINT (-91.515412595636 41.656315368205)
2014800187,20140014234,05/23/2014,05-May,6-Friday,14:01,1400 Hours,District 1 (Central),DES MOINES,POLK,,2ND AVE,Collision with:  Vehicle in traffic,On Roadway,"Sideswipe, same direction",Made improper turn,None Indicated,,Daylight,Dry,Cloudy,None apparent,Non-intersection:  Non-junction/no special feature,Paved,,Possible/Unknown,0,2,0,0,2,0,7500,2,3,,POINT (-93.620344313637 41.590037596996)
2014800704,2014030640,05/23/2014,05-May,6-Friday,08:30,0800 Hours,District 1 (Central),,STORY,I-35,I-35,Collision with:  Other non-fixed object (explain in narrative),On Roadway,Non-collision (single vehicle),Swerving/Evasive Action,None Indicated,,Daylight,Dry,Clear,Debris,Non-intersection:  Non-junction/no special feature,Paved,,Property Damage Only,0,0,0,0,0,0,1500,1,1,,POINT (-93.571294641642 41.866654894027)
2014801562,14-1396,05/23/2014,05-May,6-Friday,17:35,1700 Hours,District 2 (Northeast),OSAGE,MITCHELL,US 218,US 218/N 7TH ST & POPLAR ST,Collision with:  Vehicle in traffic,On Roadway,Broadside (front to side),FTYROW:  From stop sign,None Indicated,,Daylight,Dry,Clear,None apparent,Intersection:  Four-way intersection,Paved,,Minor Injury,0,1,0,1,0,0,2000,2,3,,POINT (-92.811138171316 43.290892029855)
2014800015,20140014236,05/23/2014,05-May,6-Friday,13:50,1300 Hours,District 1 (Central),DES MOINES,POLK,,EASTON BLVD & E 39TH ST,Collision with:  Vehicle in traffic,On Roadway,"Sideswipe, same direction",FTYROW:  Making left turn,None Indicated,,Daylight,Dry,Clear,None apparent,Intersection:  Four-way intersection,Paved,,Property Damage Only,0,0,0,0,0,0,3000,2,3,,POINT (-93.539675207998 41.615133418324)
2014800201,20140014246,05/23/2014,05-May,6-Friday,15:45,1500 Hours,District 1 (Central),DES MOINES,POLK,IA 28,IA 28/MERLE HAY RD,Collision with:  Vehicle in traffic,On Roadway,"Sideswipe, same direction",Unknown,None Indicated,,Daylight,Dry,Clear,None apparent,Intersection:  Four-way intersection,Paved,,Property Damage Only,0,0,0,0,0,0,4000,3,8,,POINT (-93.697644439236 41.642151486378)
2014800984,01-14-21934,05/23/2014,05-May,6-Friday,17:06,1700 Hours,District 6 (East Central),DUBUQUE,DUBUQUE,,RHOMBERG AVE & SCHILLER ST,Collision with:  Vehicle in traffic,On Roadway,"Angle, oncoming left turn",FTYROW:  Making left turn,None Indicated,,Daylight,Dry,Clear,Non-highway work,Intersection:  Four-way intersection,Paved,,Property Damage Only,0,0,0,0,0,0,3000,2,7,,POINT (-90.661103118631 42.518551457895)
2014800198,20140014259,05/23/2014,05-May,6-Friday,17:26,1700 Hours,District 1 (Central),DES MOINES,POLK,IA 28,IA 28/IOWA 5 & ARMY POST RD,Collision with:  Vehicle in traffic,On Roadway,Broadside (front to side),Ran Traffic Signal,None Indicated,,Daylight,Dry,Cloudy,None apparent,Intersection:  T-intersection,Paved,,Property Damage Only,0,0,0,0,0,0,20000,2,2,,POINT (-93.685255114868 41.516430739376)
2014800286,W14-050522,05/23/2014,05-May,6-Friday,06:25,0600 Hours,District 2 (Northeast),WATERLOO,BLACK HAWK,,CONGER ST & REED ST,Collision with:  Vehicle in traffic,On Roadway,Broadside (front to side),FTYROW:  From stop sign,None Indicated,,Daylight,Dry,Clear,None apparent,Intersection:  T-intersection,Paved,,Property Damage Only,0,0,0,0,0,0,4500,2,2,,POINT (-92.339873517559 42.512894708396)
2014801168,14-17161,05/23/2014,05-May,6-Friday,04:48,0400 Hours,District 5 (Southeast),BURLINGTON,DES MOINES,,DILL ST,Collision with:  Parked motor vehicle,On Roadway,Unknown,Unknown,None Indicated,,Dark - unknown roadway lighting,Dry,Clear,None apparent,Non-intersection:  Non-junction/no special feature,Paved,,Property Damage Only,0,0,0,0,0,0,5000,2,1,,POINT (-91.115154527844 40.79741674419)
2014801149,S14-E2302,05/23/2014,05-May,6-Friday,16:00,1600 Hours,District 5 (Southeast),,CLARKE,,250 AVE,Collision with fixed object:  Ditch,On Roadway,Non-collision (single vehicle),Over correcting/over steering,None Indicated,,Daylight,"Mud, dirt",Clear,None apparent,Non-intersection:  Non-junction/no special feature,Unpaved,,Property Damage Only,0,0,0,0,0,0,2000,1,1,,POINT (-93.729974195525 40.982950797163)
2014800302,052314-83,05/23/2014,05-May,6-Friday,10:45,1000 Hours,District 3 (Northwest),ALBERT CITY,BUENA VISTA,,FLOWER ST,Collision with:  Parked motor vehicle,On Roadway,Broadside (front to side),Unknown,None Indicated,,Daylight,Dry,Clear,None apparent,Non-intersection:  Non-junction/no special feature,Paved,,Property Damage Only,0,0,0,0,0,0,1600,2,1,,POINT (-94.947216200738 42.779564964984)
2014800471,2014-0175,05/23/2014,05-May,6-Friday,17:15,1700 Hours,District 1 (Central),NORWALK,POLK,IA 5,IA 5/SE RAMP/SW RAMP & IA 28/IOWA 28,Collision with:  Vehicle in traffic,On Roadway,Rear-end (front to rear),Other (explain in narrative):  Other,None Indicated,,Daylight,Dry,Cloudy,None apparent,Interchange-related:  Off-ramp,Paved,,Property Damage Only,0,0,0,0,0,0,4700,2,2,,POINT (-93.679930959091 41.512697265816)
2014800132,201407227,05/23/2014,05-May,6-Friday,14:15,1400 Hours,District 6 (East Central),CEDAR RAPIDS,LINN,,EDGEWOOD RD SW,Collision with:  Vehicle in traffic,On Roadway,Rear-end (front to rear),Other (explain in narrative):  No improper action,None Indicated,,Daylight,Dry,Clear,Work Zone (roadway-related),Intersection:  Four-way intersection,Paved,Yes,Possible/Unknown,0,2,0,0,2,0,7000,3,5,,POINT (-91.716005635371 41.946109119561)
2014800522,2014030782,05/23/2014,05-May,6-Friday,20:45,2000 Hours,District 6 (East Central),,IOWA,I-80,I-80,Collision with:  Animal,,Non-collision (single vehicle),Animal,None Indicated,,,,,,,Paved,,Property Damage Only,0,0,0,0,0,0,2000,1,1,,POINT (-92.086892242094 41.690603947437)
2014800931,2014030765,05/23/2014,05-May,6-Friday,18:45,1800 Hours,District 4 (Southwest),,DALLAS,I-80,I-80,Collision with:  Vehicle in traffic,On Roadway,"Sideswipe, same direction",Improper or erratic lane changing,None Indicated,,Daylight,Dry,Cloudy,None apparent,Non-intersection:  Non-junction/no special feature,Paved,,Property Damage Only,0,0,0,0,0,0,13436,2,6,,POINT (-94.193941840359 41.515382010195)
2014801473,,05/23/2014,05-May,6-Friday,16:17,1600 Hours,District 2 (Northeast),NEW HAMPTON,CHICKASAW,,S CHESTNUT AVE & E LOGAN ST,Collision with:  Vehicle in traffic,On Roadway,Head-on (front to front),"Operating vehicle in an reckless, erratic, careless, negligent manner",None Indicated,,Daylight,Dry,Clear,None apparent,Intersection:  T-intersection,Paved,,Possible/Unknown,0,1,0,0,1,0,2800,2,4,,POINT (-92.315370586509 43.052029315001)
2014800614,02-14-7912,05/23/2014,05-May,6-Friday,04:08,0400 Hours,District 6 (East Central),,DUBUQUE,IA 136,IA 136/IOWA 136,Collision with:  Animal,On Roadway,Non-collision (single vehicle),Animal,None Indicated,,Dark - roadway not lighted,Dry,Clear,None apparent,Non-intersection:  Non-junction/no special feature,Paved,,Property Damage Only,0,0,0,0,0,0,3000,1,1,,POINT (-91.116619368424 42.460900610856)
2014801358,2014-9606,05/23/2014,05-May,6-Friday,16:53,1600 Hours,District 6 (East Central),BETTENDORF,SCOTT,,MIDDLE RD,Collision with fixed object:  Other fixed object (explain in narrative),On Roadway,Non-collision (single vehicle),Lost Control,None Indicated,,Daylight,Dry,Cloudy,None apparent,Non-intersection:  Non-junction/no special feature,Paved,,Property Damage Only,0,0,0,0,0,0,41000,1,1,,POINT (-90.497427112029 41.547211793884)
2014800740,,05/23/2014,05-May,6-Friday,23:30,2300 Hours,District 6 (East Central),DE WITT,CLINTON,,6TH AVE,Collision with fixed object:  Other fixed object (explain in narrative),Outside trafficway,Non-collision (single vehicle),Crossed centerline (undivided),Alcohol (Statutory),,Dark - roadway lighted,Dry,Clear,Unknown,Non-intersection:  Non-junction/no special feature,Paved,,Possible/Unknown,0,1,0,0,1,0,30500,1,1,,POINT (-90.539022240942 41.829670422431)
2014800479,14-15956,05/23/2014,05-May,6-Friday,12:16,1200 Hours,District 3 (Northwest),SIOUX CITY,WOODBURY,,DOUGLAS ST & 6TH ST,Collision with:  Vehicle in traffic,On Roadway,"Sideswipe, same direction",Improper or erratic lane changing,None Indicated,,Daylight,Dry,Clear,None apparent,Intersection:  Four-way intersection,Paved,,Property Damage Only,0,0,0,0,0,0,6000,2,2,,POINT (-96.406428053397 42.496335506691)
2014800203,20140014263,05/23/2014,05-May,6-Friday,16:47,1600 Hours,District 1 (Central),DES MOINES,POLK,US 69,US 69/SE 14TH ST,Collision with:  Vehicle in traffic,On Roadway,Rear-end (front to rear),Followed too close,None Indicated,,Daylight,Dry,Cloudy,None apparent,Non-intersection:  Non-junction/no special feature,Paved,,Property Damage Only,0,0,0,0,0,0,1800,2,2,,POINT (-93.596802107853 41.532443445493)
2014802082,201401676,05/23/2014,05-May,6-Friday,22:00,2200 Hours,District 6 (East Central),,LINN,IA 1,IA 1/IOWA 1 & PITLIK DR & CEDAR RIVER RD,Collision with:  Animal,,,Animal,None Indicated,,,,,,,Paved,,Property Damage Only,0,0,0,0,0,0,4000,1,1,,POINT (-91.463353412278 41.883985877933)
2014800158,14-0588,05/23/2014,05-May,6-Friday,12:25,1200 Hours,District 1 (Central),CLIVE,POLK,US 6,US 6/HICKMAN RD,Collision with:  Vehicle in traffic,On Roadway,"Angle, oncoming left turn",FTYROW:  Making left turn,None Indicated,,Daylight,Dry,Clear,None apparent,Intersection:  Four-way intersection,Paved,,Property Damage Only,0,0,0,0,0,0,11500,2,2,,POINT (-93.778499543391 41.614890067073)
2014800128,201407206,05/23/2014,05-May,6-Friday,11:12,1100 Hours,District 6 (East Central),CEDAR RAPIDS,LINN,IA 922,IA 922/1ST AVE W & 5TH ST SW & 5TH ST NW,Collision with:  Non-motorist (see non-motorist section - NOT a unit),On Roadway,Non-collision (single vehicle),Other (explain in narrative):  No improper action,None Indicated,,Daylight,Dry,Clear,None apparent,Intersection:  Four-way intersection,Paved,,Major Injury,0,2,1,1,0,0,2600,1,1,,POINT (-91.678195231438 41.974770894762)
2014800734,2014030639,05/23/2014,05-May,6-Friday,07:55,0700 Hours,District 1 (Central),MONROE,JASPER,IA 163,IA 163/IOWA 163 W,Collision with:  Vehicle in traffic,On Roadway,Rear-end (front to rear),Followed too close,None Indicated,,Daylight,Dry,Cloudy,None apparent,Non-intersection:  Non-junction/no special feature,Paved,,Possible/Unknown,0,1,0,0,1,0,20100,2,2,,POINT (-93.130237233612 41.535638697515)