Iowa DOT Case Number,Law Enforcement Case Number,Date of Crash,Month of Crash,Day of Week,Time of Crash,Hour,DOT District,City Name,County Name,Route with System,Location Description,First Harmful Event,Location of First Harmful Event,Manner of Crash/Collision,Major Cause,Drug or Alcohol ,Environmental Conditions,Light Conditions,Surface Conditions,Weather Conditions,Roadway Contribution,Roadway Type,Roadway Surface,Work Zone,Crash Severity,Number of Fatalities,Number of Injuries,Number of Major Injuries,Number of Minor Injuries,Number of Possible Injuries,Number of Unknown Injuries,Amount of Property Damage,Number of Vehicles Involved,Total Number of Occupants,Travel Direction,Location
2014800466,14-002513,05/24/2014,05-May,7-Saturday,14:09,1400 Hours,District 1 (Central),AMES,STORY,US 69,US 69/LINCOLN WAY,Collision with:  Vehicle in traffic,On Roadway,"Sideswipe, same direction",FTYROW:  Other (explain in narrative),None Indicated,,Daylight,Dry,Cloudy,None apparent,Non-intersection:  Driveway access (within),Paved,,Property Damage Only,0,0,0,0,0,0,3000,2,3,,POINT (-93.619050460544 42.022907789507)
2014801214,14015214,05/24/2014,05-May,7-Saturday,05:31,0500 Hours,District 5 (Southeast),,LEE,,Co Rd X38/330 AVE & 170 ST,Collision with fixed object:  Ditch,Shoulder,Non-collision (single vehicle),Lost Control,None Indicated,,Dark - roadway not lighted,Dry,Clear,None apparent,Non-intersection:  Non-junction/no special feature,Paved,,Possible/Unknown,0,1,0,0,1,0,2600,1,1,,POINT (-91.277206309265 40.711420108859)
2014802098,048-14,05/24/2014,05-May,7-Saturday,05:00,0500 Hours,District 4 (Southwest),,MADISON,,Co Rd G46/WALNUT TRL,Collision with fixed object:  Utility pole/light support,On Roadway,Non-collision (single vehicle),Ran off road - right,None Indicated,,Dark - roadway not lighted,Dry,Clear,None apparent,Non-intersection:  Non-junction/no special feature,Unpaved,,Property Damage Only,0,0,0,0,0,0,7000,1,1,,POINT (-93.804065297013 41.303760380989)
2014800635,14010594,05/24/2014,05-May,7-Saturday,01:05,0100 Hours,District 6 (East Central),MARION,LINN,,S 11TH ST,Collision with:  Parked motor vehicle,On Roadway,"Sideswipe, same direction",Other (explain in narrative):  Other,None Indicated,,Dark - roadway lighted,Dry,Clear,None apparent,Non-intersection:  Non-junction/no special feature,Paved,,Property Damage Only,0,0,0,0,0,0,2500,2,1,,POINT (-91.598136534987 42.021572903212)
2014800318,CL14001614,05/24/2014,05-May,7-Saturday,08:19,0800 Hours,District 6 (East Central),CLINTON,CLINTON,US 67,US 67/N 2ND ST & IA 136/IOWA 136 & 19TH AVE N,Collision with:  Vehicle in traffic,On Roadway,"Angle, oncoming left turn",FTYROW:  Making left turn,None Indicated,,Daylight,Dry,Clear,None apparent,Intersection:  Four-way intersection,Paved,,Possible/Unknown,0,1,0,0,1,0,16000,2,2,,POINT (-90.182141275269 41.866213579789)
2014800159,20140014399,05/24/2014,05-May,7-Saturday,19:05,1900 Hours,District 1 (Central),DES MOINES,POLK,US 6,US 6/EUCLID AVE/E EUCLID AVE & IA 415/2ND AVE,Collision with:  Vehicle in traffic,On Roadway,Rear-end (front to rear),Lost Control,None Indicated,,Daylight,Dry,Clear,None apparent,Non-intersection:  Non-junction/no special feature,Paved,,Possible/Unknown,0,3,0,0,3,0,4000,2,9,,POINT (-93.619912891478 41.627699109446)
2014800416,14-1128,05/24/2014,05-May,7-Saturday,21:48,2100 Hours,District 1 (Central),URBANDALE,POLK,,86TH ST,Collision with:  Vehicle in traffic,On Roadway,Head-on (front to front),Driver Distraction:  Inattentive/lost in thought,None Indicated,,Dark - roadway lighted,Dry,Clear,None apparent,Non-intersection:  Non-junction/no special feature,Paved,,Possible/Unknown,0,1,0,0,1,0,25000,2,4,,POINT (-93.736532886211 41.639684114196)
2014800568,14008222,05/24/2014,05-May,7-Saturday,17:23,1700 Hours,District 2 (Northeast),MASON CITY,CERRO GORDO,,BIRCH DR & 9TH ST NE & N HAMPSHIRE AVE,Collision with fixed object:  Curb/island/raised median,On Roadway,Non-collision (single vehicle),Crossed centerline (undivided),None Indicated,,Daylight,Dry,Cloudy,None apparent,Intersection:  Five points or more,Paved,,Possible/Unknown,0,1,0,0,1,0,200,1,1,,POINT (-93.187843178845 43.160009936708)
2014800195,20140014393,05/24/2014,05-May,7-Saturday,17:43,1700 Hours,District 1 (Central),DES MOINES,POLK,,DOUGLAS AVE & 59TH ST,Collision with:  Vehicle in traffic,On Roadway,"Angle, oncoming left turn",FTYROW:  Making left turn,None Indicated,,Daylight,Dry,Cloudy,None apparent,Intersection:  Four-way intersection,Paved,,Property Damage Only,0,0,0,0,0,0,3000,2,4,,POINT (-93.699367800425 41.629404888004)
2014805777,14-004041,05/24/2014,05-May,7-Saturday,21:00,2100 Hours,District 6 (East Central),,DELAWARE,,400TH ST,Non-collision events:  Overturn/rollover,On Roadway,Non-collision (single vehicle),Ran off road - left,None Indicated,,Dark - roadway not lighted,"Mud, dirt",Clear,None apparent,Non-intersection:  Non-junction/no special feature,Unpaved,,Property Damage Only,0,0,0,0,0,0,3000,1,1,,POINT (-91.595562000326 42.644028319079)
2014800810,201407297,05/24/2014,05-May,7-Saturday,15:11,1500 Hours,District 6 (East Central),CEDAR RAPIDS,LINN,IA 922,IA 922/1ST AVE E & 32ND ST NE,Collision with:  Vehicle in traffic,On Roadway,"Angle, oncoming left turn",FTYROW:  Making left turn,None Indicated,,Daylight,Dry,Cloudy,None apparent,Intersection:  Four-way intersection,Paved,,Possible/Unknown,0,1,0,0,1,0,5000,2,2,,POINT (-91.635023283936 42.009750874555)
2014800496,2014030814,05/24/2014,05-May,7-Saturday,00:05,0000 Hours,District 4 (Southwest),,POTTAWATTAMIE,I-680,I-680,Collision with:  Animal,,,Animal,None Indicated,,,,,,,Paved,,Property Damage Only,0,0,0,0,0,0,4500,1,1,,POINT (-95.917236322331 41.349250843166)
2014800143,S14-2873,05/24/2014,05-May,7-Saturday,05:26,0500 Hours,District 3 (Northwest),,OBRIEN,,Co Rd L36/NETTLE AVE,Collision with fixed object:  Ditch,On Roadway,Non-collision (single vehicle),Swerving/Evasive Action,None Indicated,,Dawn,Dry,Clear,None apparent,Non-intersection:  Non-junction/no special feature,Paved,,Possible/Unknown,0,1,0,0,1,0,6250,1,1,,POINT (-95.801955050956 43.138539293131)
2014801499,14051271,05/24/2014,05-May,7-Saturday,22:08,2200 Hours,District 2 (Northeast),CEDAR FALLS,BLACK HAWK,,6TH ST & CLAY ST,Collision with:  Vehicle in traffic,On Roadway,Broadside (front to side),Ran Stop Sign,None Indicated,,Dark - roadway not lighted,Dry,Clear,None apparent,Intersection:  Four-way intersection,Paved,,Possible/Unknown,0,1,0,0,1,0,13000,2,2,,POINT (-92.448167379165 42.533226077713)
2014800163,20140014358,05/24/2014,05-May,7-Saturday,10:50,1000 Hours,District 1 (Central),DES MOINES,POLK,US 69,US 69/SE 14TH ST,Collision with:  Vehicle in traffic,On Roadway,"Angle, oncoming left turn",FTYROW:  Making left turn,None Indicated,,Daylight,Dry,Cloudy,None apparent,Intersection:  Other intersection (explain in narrative),Paved,,Property Damage Only,0,0,0,0,0,0,4500,2,5,,POINT (-93.596827509492 41.554763466767)
2014800326,CL14001640,05/24/2014,05-May,7-Saturday,19:00,1900 Hours,District 6 (East Central),CLINTON,CLINTON,,N 11TH ST,Collision with:  Vehicle in traffic,On Roadway,"Sideswipe, same direction",Other (explain in narrative):  Other,Alcohol (Statutory),,Daylight,Dry,Clear,None apparent,Non-intersection:  Non-junction/no special feature,Paved,,Property Damage Only,0,0,0,0,0,0,3500,2,1,,POINT (-90.211339446019 41.854715079524)
2014800148,14-3446,05/24/2014,05-May,7-Saturday,21:46,2100 Hours,District 1 (Central),RUNNELLS,POLK,,SE 100ST ST,Collision with:  Animal,,,Animal,None Indicated,,,,,,,Paved,,Property Damage Only,0,0,0,0,0,0,2000,1,1,,POINT (-93.396700156647 41.564212032271)
2014826435,14-3806,05/24/2014,05-May,7-Saturday,14:37,1400 Hours,District 6 (East Central),LE CLAIRE,SCOTT,US 67,US 67/CODY RD & WALNUT ST,Collision with:  Vehicle in traffic,On Roadway,Rear-end (front to rear),Followed too close,None Indicated,,Daylight,Dry,Clear,None apparent,Non-intersection:  Non-junction/no special feature,Paved,,Possible/Unknown,0,2,0,0,2,0,3000,2,4,,POINT (-90.34408786597 41.605840701698)
2014800173,20140014386,05/24/2014,05-May,7-Saturday,16:01,1600 Hours,District 1 (Central),DES MOINES,POLK,,SW 2ND ST,Collision with:  Parked motor vehicle,On Roadway,Rear-end (front to rear),Improper Backing,None Indicated,,Daylight,Dry,Cloudy,None apparent,Non-intersection:  Driveway access (within),Paved,,Property Damage Only,0,0,0,0,0,0,4565,2,777,,POINT (-93.617633673588 41.551095706172)
2014800181,20140014350,05/24/2014,05-May,7-Saturday,09:45,0900 Hours,District 1 (Central),DES MOINES,POLK,,E WALNUT ST & E 2ND ST,Collision with:  Vehicle in traffic,On Roadway,Broadside (front to side),FTYROW:  From stop sign,None Indicated,,Daylight,Dry,Cloudy,None apparent,Intersection:  Four-way intersection,Paved,,Possible/Unknown,0,1,0,0,1,0,2000,2,3,,POINT (-93.614769299027 41.587932824102)
2014809947,14-3554PD,05/24/2014,05-May,7-Saturday,18:24,1800 Hours,District 1 (Central),BOONE,BOONE,,5TH ST,Collision with:  Parked motor vehicle,On Roadway,Rear-end (front to rear),Improper Backing,None Indicated,,Daylight,Dry,Clear,None apparent,Non-intersection:  Non-junction/no special feature,Paved,,Property Damage Only,0,0,0,0,0,0,2000,2,1,,POINT (-93.87227058733 42.06067517567)
2014800694,2014-9677,05/24/2014,05-May,7-Saturday,17:54,1700 Hours,District 6 (East Central),BETTENDORF,SCOTT,,CENTRAL AVE,Collision with:  Parked motor vehicle,On Roadway,"Sideswipe, same direction",Swerving/Evasive Action,None Indicated,,Daylight,Dry,Cloudy,None apparent,Non-intersection:  Non-junction/no special feature,Paved,,Property Damage Only,0,0,0,0,0,0,6500,2,1,,POINT (-90.490239537043 41.531573156462)
2014800167,20140014331,05/24/2014,05-May,7-Saturday,03:23,0300 Hours,District 1 (Central),DES MOINES,POLK,,E HARTFORD AVE & SE 22ND ST,Collision with fixed object:  Tree,On Roadway,Non-collision (single vehicle),Ran off road - right,None Indicated,,Dark - roadway lighted,Dry,Cloudy,None apparent,Intersection:  Four-way intersection,Paved,,Property Damage Only,0,0,0,0,0,0,3000,1,1,,POINT (-93.574003115404 41.566427032236)
2014801740,14-030524-01,05/24/2014,05-May,7-Saturday,15:00,1500 Hours,District 6 (East Central),,IOWA,,E AVE,Non-collision events:  Overturn/rollover,Roadside,Non-collision (single vehicle),Ran off road - left,None Indicated,,Daylight,"Mud, dirt",Cloudy,None apparent,Non-intersection:  Non-junction/no special feature,Unpaved,,Major Injury,0,1,1,0,0,0,2500,1,1,,POINT (-92.2200542155 41.517656022653)
2014803100,,05/24/2014,05-May,7-Saturday,02:15,0200 Hours,District 4 (Southwest),TABOR,FREMONT,,ORANGE ST,Non-collision events:  Other non-collision (explain in narrative),On Roadway,Non-collision (single vehicle),"Operating vehicle in an reckless, erratic, careless, negligent manner",Alcohol (Statutory),,Dark - roadway lighted,Dry,Clear,None apparent,Non-intersection:  Non-junction/no special feature,Paved,,Minor Injury,0,1,0,1,0,0,0,1,1,,POINT (-95.670835741449 40.898318362313)
2014802733,14-026,05/24/2014,05-May,7-Saturday,06:30,0600 Hours,District 3 (Northwest),,CALHOUN,US 20,US 20/US20,Collision with:  Animal,On Roadway,Non-collision (single vehicle),Animal,None Indicated,,Dawn,Dry,Clear,None apparent,Non-intersection:  Non-junction/no special feature,Paved,,Property Damage Only,0,0,0,0,0,0,5000,1,3,,POINT (-94.492970677787 42.449271417051)
2014800469,2014-10867,05/24/2014,05-May,7-Saturday,09:07,0900 Hours,District 5 (Southeast),INDIANOLA,WARREN,IA 92,IA 92/W 2ND AVE,Collision with:  Parked motor vehicle,On Roadway,Broadside (front to side),Illegally Parked/Unattended,None Indicated,,Daylight,Dry,Clear,None apparent,Non-intersection:  Non-junction/no special feature,Paved,,Property Damage Only,0,0,0,0,0,0,6000,2,2,,POINT (-93.573961109418 41.357976671827)
2014800898,2014-33938,05/24/2014,05-May,7-Saturday,17:22,1700 Hours,District 6 (East Central),DAVENPORT,SCOTT,,W 40TH ST & N DIVISION ST,Collision with:  Vehicle in traffic,On Roadway,Broadside (front to side),FTYROW:  From stop sign,None Indicated,,Daylight,Dry,Cloudy,None apparent,Intersection:  T-intersection,Paved,,Property Damage Only,0,0,0,0,0,0,4500,2,5,,POINT (-90.600701517981 41.561059574289)
2014803258,,05/24/2014,05-May,7-Saturday,01:11,0100 Hours,District 2 (Northeast),HAMPTON,FRANKLIN,,2ND AVE SE,Collision with:  Parked motor vehicle,Roadside,"Sideswipe, same direction",Driver Distraction:  Reaching for object(s)/fallen object(s),None Indicated,,Dark - roadway lighted,Dry,Clear,None apparent,Non-intersection:  Non-junction/no special feature,Paved,,Property Damage Only,0,0,0,0,0,0,6000,2,2,,POINT (-93.19644209246 42.740075616771)
2014800164,20140014359,05/24/2014,05-May,7-Saturday,11:00,1100 Hours,District 1 (Central),DES MOINES,POLK,,E LELAND AVE,Collision with:  Non-motorist (see non-motorist section - NOT a unit),On Roadway,Non-collision (single vehicle),Other (explain in narrative):  Vision obstructed,None Indicated,,Daylight,Dry,Clear,None apparent,Non-intersection:  Non-junction/no special feature,Paved,,Minor Injury,0,1,0,1,0,0,0,1,1,,POINT (-93.580801680504 41.528715260151)
2014800483,14-16068,05/24/2014,05-May,7-Saturday,08:18,0800 Hours,District 3 (Northwest),SIOUX CITY,WOODBURY,,OUTER DR N,Collision with:  Vehicle in traffic,On Roadway,"Sideswipe, same direction",Improper or erratic lane changing,None Indicated,,Daylight,Dry,Clear,None apparent,Non-intersection:  Non-junction/no special feature,Paved,,Property Damage Only,0,0,0,0,0,0,1500,2,2,,POINT (-96.371581999441 42.534834773182)
2014804463,1405242138,05/24/2014,05-May,7-Saturday,21:15,2100 Hours,District 6 (East Central),,JONES,,CENTRAL PARK RD,Collision with:  Animal,,,Animal,None Indicated,,,,,,,Paved,,Property Damage Only,0,0,0,0,0,0,1500,1,1,,POINT (-91.132761115949 42.108958621685)
2014800802,14-060524-01,05/24/2014,05-May,7-Saturday,02:10,0200 Hours,District 6 (East Central),,IOWA,I-80,I-80,Collision with:  Parked motor vehicle,Shoulder,"Sideswipe, same direction",Ran off road - right,None Indicated,,Dark - roadway not lighted,Dry,Cloudy,None apparent,Interchange-related:  On-ramp merge area,Paved,,Property Damage Only,0,0,0,0,0,0,2500,2,3,,POINT (-92.253173650885 41.696101219798)
2014800432,S14-001809,05/24/2014,05-May,7-Saturday,00:15,0000 Hours,District 4 (Southwest),,POTTAWATTAMIE,,170TH ST,Unknown,Unknown,Non-collision (single vehicle),Unknown,None Indicated,,Dark - roadway not lighted,Dry,Clear,None apparent,Non-intersection:  Non-junction/no special feature,Unpaved,,Property Damage Only,0,0,0,0,0,0,15000,1,1,,POINT (-95.860628327854 41.468500786001)
2014800858,S14-001819,05/24/2014,05-May,7-Saturday,21:39,2100 Hours,District 4 (Southwest),,POTTAWATTAMIE,US 6,US 6 & Co Rd L52/270TH ST,Collision with:  Animal,,,Animal,None Indicated,,,,,,,Paved,,Property Damage Only,0,0,0,0,0,0,2000,1,1,,POINT (-95.670289244024 41.289944316408)
2014800162,20140014351,05/24/2014,05-May,7-Saturday,09:50,0900 Hours,District 1 (Central),DES MOINES,POLK,US 69,US 69/SE 14TH ST,Collision with:  Vehicle in traffic,On Roadway,Rear-end (front to rear),Other (explain in narrative):  Other,None Indicated,,Daylight,Dry,Cloudy,None apparent,Non-intersection:  Non-junction/no special feature,Paved,,Property Damage Only,0,0,0,0,0,0,6000,2,2,,POINT (-93.596883235313 41.581667945686)
2014800165,20140014363,05/24/2014,05-May,7-Saturday,12:25,1200 Hours,District 1 (Central),DES MOINES,POLK,US 69,US 69/SE 14TH ST & CUMMINS RD,Collision with:  Vehicle in traffic,On Roadway,"Angle, oncoming left turn",FTYROW:  Making left turn,None Indicated,,Daylight,Dry,Clear,None apparent,Intersection:  Four-way intersection,Paved,,Minor Injury,0,2,0,2,0,0,8000,2,6,,POINT (-93.596781891919 41.528939691847)
2014802819,14-16139,05/24/2014,05-May,7-Saturday,22:16,2200 Hours,District 3 (Northwest),SIOUX CITY,WOODBURY,,16TH ST & GRANDVIEW BLVD,Collision with fixed object:  Utility pole/light support,On Roadway,Non-collision (single vehicle),Ran off road - left,None Indicated,,Dark - roadway lighted,Dry,Clear,None apparent,Intersection:  Four-way intersection,Paved,,Property Damage Only,0,0,0,0,0,0,3000,1,2,,POINT (-96.407975743058 42.507121821086)
2014800660,05-14-080,05/24/2014,05-May,7-Saturday,19:07,1900 Hours,District 3 (Northwest),LE MARS,PLYMOUTH,,18TH ST SW & INDUSTRIAL RD SW,Collision with:  Vehicle in traffic,On Roadway,Broadside (front to side),FTYROW:  From stop sign,None Indicated,,Daylight,Dry,Cloudy,None apparent,Intersection:  Four-way intersection,Paved,,Property Damage Only,0,0,0,0,0,0,7000,2,2,,POINT (-96.186576215744 42.771405386388)
2014800299,14-9121,05/24/2014,05-May,7-Saturday,18:45,1800 Hours,District 2 (Northeast),,BREMER,,Co Rd C33/190TH ST,Collision with:  Animal,,,Animal,None Indicated,,,,,,,Paved,,Property Damage Only,0,0,0,0,0,0,4000,1,1,,POINT (-92.42525716264 42.773644030356)
2014800498,2014030894,05/24/2014,05-May,7-Saturday,17:09,1700 Hours,District 4 (Southwest),,MADISON,,Co Rd G4R/CUMMING RD,Non-collision events:  Overturn/rollover,Roadside,Non-collision (single vehicle),Ran off road - right,None Indicated,,Daylight,Dry,Clear,None apparent,Non-intersection:  Other non-intersection (explain in narrative),Paved,,Minor Injury,0,1,0,1,0,0,3500,1,1,,POINT (-93.838083920037 41.471291562062)
2014801454,2014030948,05/24/2014,05-May,7-Saturday,22:10,2200 Hours,District 6 (East Central),,DELAWARE,US 20,US 20,Collision with:  Animal,,,Animal,None Indicated,,,,,,,Paved,,Property Damage Only,0,0,0,0,0,0,3000,1,1,,POINT (-91.406946552367 42.47101429034)
2014800897,2014-33890,05/24/2014,05-May,7-Saturday,13:21,1300 Hours,District 6 (East Central),DAVENPORT,SCOTT,,E 53RD ST & JERSEY RIDGE RD,Collision with:  Vehicle in traffic,On Roadway,Rear-end (front to rear),Followed too close,None Indicated,,Daylight,Dry,Cloudy,None apparent,Non-intersection:  Non-junction/no special feature,Paved,,Property Damage Only,0,0,0,0,0,0,1700,2,3,,POINT (-90.541581141705 41.574733554688)
2014800497,2014030871,05/24/2014,05-May,7-Saturday,11:18,1100 Hours,District 4 (Southwest),,PAGE,,110 ST & C AVE,Collision with:  Vehicle in traffic,On Roadway,Broadside (front to side),Ran Stop Sign,Alcohol (Statutory),,Daylight,Dry,Cloudy,None apparent,Intersection:  Four-way intersection,Unpaved,,Fatal,1,1,1,0,0,0,7500,2,2,,POINT (-95.327697252243 40.887231071476)
2014800109,141371,05/24/2014,05-May,7-Saturday,20:30,2000 Hours,District 3 (Northwest),,CRAWFORD,,Co Rd E46/KENWOOD RD/200TH ST & Co Rd M14,Non-collision events:  Overturn/rollover,Roadside,Non-collision (single vehicle),Swerving/Evasive Action,None Indicated,,Dusk,Dry,Clear,None apparent,Non-intersection:  Non-junction/no special feature,Paved,,Property Damage Only,0,0,0,0,0,0,7500,1,1,,POINT (-95.489450567513 41.992963491889)
2014800335,14-004195,05/24/2014,05-May,7-Saturday,01:45,0100 Hours,District 6 (East Central),DELAWARE,DELAWARE,US 20,US 20,Collision with:  Animal,,,Animal,None Indicated,,,,,,,Paved,,Property Damage Only,0,0,0,0,0,0,4000,1,1,,POINT (-91.330935337038 42.470400630888)
2014800319,CL14001615,05/24/2014,05-May,7-Saturday,09:38,0900 Hours,District 6 (East Central),CLINTON,CLINTON,,S BLUFF BLVD,Collision with:  Vehicle in traffic,On Roadway,Rear-end (front to rear),Followed too close,None Indicated,,Daylight,Dry,Clear,None apparent,Non-intersection:  Non-junction/no special feature,Paved,,Possible/Unknown,0,2,0,0,2,0,7000,2,3,,POINT (-90.2074354223 41.843119851842)
2014800206,14-2391,05/24/2014,05-May,7-Saturday,13:42,1300 Hours,District 1 (Central),WEST DES MOINES,POLK,,GRAND AVE,Collision with:  Vehicle in traffic,On Roadway,Rear-end (front to rear),Other (explain in narrative):  Other,None Indicated,,Daylight,Dry,Clear,None apparent,Non-intersection:  Non-junction/no special feature,Paved,,Property Damage Only,0,0,0,0,0,0,2100,2,2,,POINT (-93.719491617728 41.581074138989)
2014800182,20140014356,05/24/2014,05-May,7-Saturday,11:02,1100 Hours,District 1 (Central),DES MOINES,POLK,,MLK JR PKWY & INGERSOLL AVE,Collision with:  Vehicle in traffic,On Roadway,"Sideswipe, same direction",Unknown,None Indicated,,Daylight,Dry,Cloudy,None apparent,Intersection:  Four-way intersection,Paved,,Property Damage Only,0,0,0,0,0,0,3000,2,3,,POINT (-93.644777356589 41.585741818722)
2014800760,201402326,05/24/2014,05-May,7-Saturday,18:20,1800 Hours,District 1 (Central),,BOONE,,G AVE,Non-collision events:  Overturn/rollover,On Roadway,Non-collision (single vehicle),Over correcting/over steering,None Indicated,,Daylight,"Mud, dirt",Clear,"Surface condition (e.g., wet, icy)",Non-intersection:  Non-junction/no special feature,Unpaved,,Major Injury,0,1,1,0,0,0,10000,1,4,,POINT (-94.047968166102 41.893007488313)
2014801192,90-14-000157,05/24/2014,05-May,7-Saturday,11:30,1100 Hours,District 2 (Northeast),,HUMBOLDT,,Co Rd C20/120TH ST,Non-collision events:  Overturn/rollover,Roadside,Non-collision (single vehicle),Crossed centerline (undivided),None Indicated,,Daylight,Dry,Cloudy,None apparent,Non-intersection:  Non-junction/no special feature,Paved,,Property Damage Only,0,0,0,0,0,0,15000,1,1,,POINT (-94.113039555451 42.87782103423)
2014804462,1405242107,05/24/2014,05-May,7-Saturday,21:07,2100 Hours,District 6 (East Central),MARTELLE,LINN,,Co Rd E45/MARTELLE RD & SOUTH ST & LINN-JONES RD,Collision with:  Animal,,,Animal,None Indicated,,,,,,,Paved,,Property Damage Only,0,0,0,0,0,0,2000,1,1,,POINT (-91.365037817974 42.020100850421)
2014809324,052414B,05/24/2014,05-May,7-Saturday,05:20,0500 Hours,District 4 (Southwest),,FREMONT,IA 2,IA 2/IOWA 2,Collision with fixed object:  Ditch,On Roadway,Non-collision (single vehicle),Swerving/Evasive Action,None Indicated,,,,,,,Paved,,Property Damage Only,0,0,0,0,0,0,6000,1,1,,POINT (-95.758100366298 40.688714210028)
2014800298,14-9110,05/24/2014,05-May,7-Saturday,15:23,1500 Hours,District 2 (Northeast),,BREMER,US 63,US 63/US 63 NB ENTR RAMP D/US 63 NB EXIT RAMP B & IA 3/IOWA 3,Collision with:  Vehicle in traffic,On Roadway,Broadside (front to side),FTYROW:  From stop sign,None Indicated,,Daylight,Dry,Cloudy,None apparent,Intersection:  Intersection with ramp,Paved,,Property Damage Only,0,0,0,0,0,0,5800,2,3,,POINT (-92.335395929615 42.714514312521)
2014813347,143599,05/24/2014,05-May,7-Saturday,19:55,1900 Hours,District 4 (Southwest),,DALLAS,,H AVE,Non-collision events:  Overturn/rollover,Roadside,Non-collision (single vehicle),Driving too fast for conditions,None Indicated,,Daylight,"Mud, dirt",Cloudy,None apparent,Non-intersection:  Non-junction/no special feature,Unpaved,,Property Damage Only,0,0,0,0,0,0,8000,1,1,,POINT (-94.146444334241 41.555812180019)
2014800194,20140014384,05/24/2014,05-May,7-Saturday,15:56,1500 Hours,District 1 (Central),DES MOINES,POLK,,53RD ST,Collision with:  Vehicle in traffic,On Roadway,Broadside (front to side),FTYROW:  From driveway,None Indicated,,Daylight,Dry,Cloudy,None apparent,Non-intersection:  Driveway access (within),Paved,,Property Damage Only,0,0,0,0,0,0,1700,2,3,,POINT (-93.691744380762 41.613670429195)
2014800433,S14-001816,05/24/2014,05-May,7-Saturday,17:42,1700 Hours,District 4 (Southwest),,POTTAWATTAMIE,I-80,I-80,Collision with:  Vehicle in traffic,On Roadway,Rear-end (front to rear),FTYROW:  Other (explain in narrative),None Indicated,,Daylight,Dry,Clear,None apparent,Non-intersection:  Non-junction/no special feature,Paved,,Property Damage Only,0,0,0,0,0,0,20000,2,4,,POINT (-95.553210509769 41.498094225026)
2014800348,14-008538,05/24/2014,05-May,7-Saturday,12:09,1200 Hours,District 5 (Southeast),,HENRY,,253RD ST,Collision with:  Parked motor vehicle,On Roadway,"Sideswipe, opposite direction",Other (explain in narrative):  No improper action,None Indicated,,Daylight,Dry,Clear,None apparent,Non-intersection:  Driveway access (within),Unpaved,,Property Damage Only,0,0,0,0,0,0,2000,2,1,,POINT (-91.615269965767 40.935499435064)
2014800524,2014030836,05/24/2014,05-May,7-Saturday,06:51,0600 Hours,District 4 (Southwest),,POTTAWATTAMIE,I-680,I-680,Collision with:  Animal,On Roadway,Non-collision (single vehicle),Animal,None Indicated,,,,,,,Paved,,Property Damage Only,0,0,0,0,0,0,1500,1,1,,POINT (-95.862463226744 41.494671827577)
2014800112,14-17312,05/24/2014,05-May,7-Saturday,01:24,0100 Hours,District 5 (Southeast),BURLINGTON,DES MOINES,,FRONT ST,Non-collision events:  Other non-collision (explain in narrative),Outside trafficway,Non-collision (single vehicle),"Operating vehicle in an reckless, erratic, careless, negligent manner",Alcohol (Statutory),,Dark - roadway not lighted,Dry,Clear,None apparent,Non-intersection:  Non-junction/no special feature,Paved,,Property Damage Only,0,0,0,0,0,0,5000,1,1,,POINT (-91.099393120138 40.817236522538)
2014800278,W14-051210,05/24/2014,05-May,7-Saturday,19:48,1900 Hours,District 2 (Northeast),WATERLOO,BLACK HAWK,,BERTCH AVE & RANDOLPH ST,Collision with:  Vehicle in traffic,On Roadway,Broadside (front to side),FTYROW:  From yield sign,None Indicated,,Daylight,Dry,Clear,None apparent,Intersection:  Four-way intersection,Paved,,Property Damage Only,0,0,0,0,0,0,2200,2,2,,POINT (-92.339202731433 42.482964471661)
2014800823,A14-036,05/24/2014,05-May,7-Saturday,08:33,0800 Hours,District 4 (Southwest),WINTERSET,MADISON,,E COURT ST,Collision with:  Parked motor vehicle,On Roadway,Broadside (front to side),Other (explain in narrative):  Other,None Indicated,,Daylight,Dry,Cloudy,None apparent,Non-intersection:  Non-junction/no special feature,Paved,,Property Damage Only,0,0,0,0,0,0,4500,2,0,,POINT (-94.012888875295 41.334467360967)
2014801479,,05/24/2014,05-May,7-Saturday,11:44,1100 Hours,District 4 (Southwest),AVOCA,POTTAWATTAMIE,I-80,I-80 & US 59,Collision with:  Vehicle in traffic,On Roadway,Broadside (front to side),FTYROW:  From stop sign,None Indicated,,Daylight,Dry,Clear,None apparent,"Interchange-related:  Off-ramp, diverge area",Paved,,Property Damage Only,0,0,0,0,0,0,9500,2,2,,POINT (-95.336461928159 41.49642676475)
2014800291,W14-051063,05/24/2014,05-May,7-Saturday,12:49,1200 Hours,District 2 (Northeast),WATERLOO,BLACK HAWK,,CEDAR TER DR,Collision with fixed object:  Ditch,On Roadway,Non-collision (single vehicle),Other (explain in narrative):  No improper action,None Indicated,,Daylight,Dry,Clear,None apparent,Non-intersection:  Non-junction/no special feature,Paved,,Major Injury,0,2,2,0,0,0,500,1,2,,POINT (-92.304557182055 42.452724902274)
2014800292,W14-051163,05/24/2014,05-May,7-Saturday,17:20,1700 Hours,District 2 (Northeast),WATERLOO,BLACK HAWK,IA 934,IA 934/UNIVERSITY AVE & PROGRESS AVE,Collision with:  Vehicle in traffic,On Roadway,Rear-end (front to rear),Other (explain in narrative):  Other,None Indicated,,Daylight,Dry,Clear,None apparent,Intersection:  Four-way intersection,Paved,,Property Damage Only,0,0,0,0,0,0,2500,2,2,,POINT (-92.402300253888 42.504798844166)
2014802244,2014-2753,05/24/2014,05-May,7-Saturday,02:00,0200 Hours,District 1 (Central),,HARDIN,,Co Rd D65/CO HWY D65,Collision with fixed object:  Ditch,On Roadway,Non-collision (single vehicle),Crossed centerline (undivided),None Indicated,,Dark - roadway not lighted,Dry,Cloudy,None apparent,Non-intersection:  Non-junction/no special feature,Paved,,Possible/Unknown,0,1,0,0,1,0,5000,1,1,,POINT (-93.042779706223 42.250216773606)