Iowa DOT Case Number,Law Enforcement Case Number,Date of Crash,Month of Crash,Day of Week,Time of Crash,Hour,DOT District,City Name,County Name,Route with System,Location Description,First Harmful Event,Location of First Harmful Event,Manner of Crash/Collision,Major Cause,Drug or Alcohol ,Environmental Conditions,Light Conditions,Surface Conditions,Weather Conditions,Roadway Contribution,Roadway Type,Roadway Surface,Work Zone,Crash Severity,Number of Fatalities,Number of Injuries,Number of Major Injuries,Number of Minor Injuries,Number of Possible Injuries,Number of Unknown Injuries,Amount of Property Damage,Number of Vehicles Involved,Total Number of Occupants,Travel Direction,Location
2014800180,20140014320,05/24/2014,05-May,7-Saturday,01:30,0100 Hours,District 1 (Central),DES MOINES,POLK,I-235,I-235,Collision with:  Animal,On Roadway,Non-collision (single vehicle),Animal,None Indicated,,Dark - roadway not lighted,Dry,Clear,None apparent,Non-intersection:  Non-junction/no special feature,Paved,,Property Damage Only,0,0,0,0,0,0,2500,1,1,,POINT (-93.575634372417 41.635306256351)
2014800707,2014030935,05/24/2014,05-May,7-Saturday,21:07,2100 Hours,District 1 (Central),,MARSHALL,IA 330,IA 330/MARSHALLTOWN BLVD,Collision with:  Animal,,,Animal,None Indicated,,,,,,,Paved,,Property Damage Only,0,0,0,0,0,0,6000,1,1,,POINT (-93.153512671467 41.917321636809)
2014809325,052414C,05/24/2014,05-May,7-Saturday,01:00,0100 Hours,District 4 (Southwest),FARRAGUT,FREMONT,,HARTFORD AVE,Collision with:  Parked motor vehicle,On Roadway,Broadside (front to side),Ran off road - left,None Indicated,,Dark - roadway lighted,Dry,Clear,None apparent,Non-intersection:  Other non-intersection (explain in narrative),Paved,,Possible/Unknown,0,1,0,0,0,1,1600,2,1,,POINT (-95.481060399822 40.719802026879)
2014801026,79-2014,05/24/2014,05-May,7-Saturday,16:45,1600 Hours,District 4 (Southwest),,HARRISON,US 30,US 30 & Co Rd L34/OVERTON AVE,Collision with:  Vehicle in traffic,On Roadway,Rear-end (front to rear),Driver Distraction:  Reaching for object(s)/fallen object(s),None Indicated,,Daylight,Dry,Clear,None apparent,Non-intersection:  Non-junction/no special feature,Paved,,Property Damage Only,0,0,0,0,0,0,8000,2,2,,POINT (-95.780283767133 41.643217908557)
2014803956,2014030942,05/24/2014,05-May,7-Saturday,21:35,2100 Hours,District 1 (Central),,POLK,I-80,I-80,Collision with:  Animal,On Roadway,Non-collision (single vehicle),Animal,None Indicated,,Dark - roadway lighted,Dry,Clear,None apparent,Non-intersection:  Non-junction/no special feature,Paved,,Property Damage Only,0,0,0,0,0,0,8000,1,2,,POINT (-93.472151585145 41.664907109805)
2014800322,CL14001622,05/24/2014,05-May,7-Saturday,16:57,1600 Hours,District 6 (East Central),CLINTON,CLINTON,,22ND AVE N & PERSHING BLVD,Collision with fixed object:  Tree,Roadside,Non-collision (single vehicle),Lost Control,None Indicated,,Daylight,Dry,Clear,None apparent,Intersection:  Four-way intersection,Paved,,Possible/Unknown,0,1,0,0,1,0,6100,1,1,,POINT (-90.182001041808 41.870226665543)
2014800160,20140014339,05/24/2014,05-May,7-Saturday,06:50,0600 Hours,District 1 (Central),DES MOINES,POLK,,LOCUST ST & 6TH AVE,Collision with:  Vehicle in traffic,On Roadway,Broadside (front to side),Ran Traffic Signal,None Indicated,,Daylight,Dry,Clear,None apparent,Intersection:  Other intersection (explain in narrative),Paved,,Property Damage Only,0,0,0,0,0,0,5000,2,2,,POINT (-93.624920098334 41.586779212983)
2014800541,2014030631,05/24/2014,05-May,7-Saturday,04:10,0400 Hours,District 4 (Southwest),,DALLAS,I-80,I-80,Collision with:  Vehicle in traffic,On Roadway,Rear-end (front to rear),Ran off road - left,Alcohol (Statutory),,Dark - roadway not lighted,Dry,Clear,None apparent,Non-intersection:  Non-junction/no special feature,Paved,,Minor Injury,0,2,0,1,1,0,15000,2,3,,POINT (-94.12598473322 41.517670789457)
2014801424,2014-10889,05/24/2014,05-May,7-Saturday,17:02,1700 Hours,District 5 (Southeast),INDIANOLA,WARREN,US 65,US 65/N JEFFERSON WAY & E IOWA AVE,Collision with:  Vehicle in traffic,On Roadway,"Sideswipe, same direction",Ran Traffic Signal,None Indicated,,Daylight,Dry,Clear,None apparent,Intersection:  Four-way intersection,Paved,,Property Damage Only,0,0,0,0,0,0,3000,2,3,,POINT (-93.558384547734 41.369294805171)
2014800233,SO14-0622,05/24/2014,05-May,7-Saturday,19:00,1900 Hours,District 2 (Northeast),,WRIGHT,,Co Rd C54/270TH ST,Non-collision events:  Overturn/rollover,Unknown,Non-collision (single vehicle),Ran off road - right,None Indicated,,Daylight,Dry,Clear,None apparent,Non-intersection:  Non-junction/no special feature,Paved,,Major Injury,0,1,1,0,0,0,15100,1,2,,POINT (-93.687563265922 42.659192889767)
2014800947,14-051094,05/24/2014,05-May,7-Saturday,14:19,1400 Hours,District 2 (Northeast),,BLACK HAWK,,Co Rd D17/W 27TH ST,Collision with fixed object:  Ditch,On Roadway,Non-collision (single vehicle),Swerving/Evasive Action,None Indicated,,Daylight,Dry,Clear,None apparent,Non-intersection:  Driveway access (within),Paved,,Property Damage Only,0,0,0,0,0,0,12750,1,1,,POINT (-92.522926977131 42.513262589633)
2014800368,2014005727,05/24/2014,05-May,7-Saturday,10:40,1000 Hours,District 6 (East Central),IOWA CITY,JOHNSON,I-80,I-80,Collision with:  Vehicle in traffic,On Roadway,"Sideswipe, same direction",Improper or erratic lane changing,None Indicated,,Daylight,Dry,Cloudy,None apparent,Non-intersection:  Non-junction/no special feature,Paved,,Property Damage Only,0,0,0,0,0,0,1600,2,2,,POINT (-91.541997206236 41.686351283206)
2014801969,2014-33931,05/24/2014,05-May,7-Saturday,16:52,1600 Hours,District 6 (East Central),DAVENPORT,SCOTT,,W 53RD ST & N DIVISION ST,Collision with:  Vehicle in traffic,On Roadway,Rear-end (front to rear),Swerving/Evasive Action,None Indicated,,Daylight,Dry,Clear,None apparent,Intersection:  Four-way intersection,Paved,,Property Damage Only,0,0,0,0,0,0,9000,3,4,,POINT (-90.600359539166 41.574507980853)
2014800323,CL14001623,05/24/2014,05-May,7-Saturday,18:56,1800 Hours,District 6 (East Central),CLINTON,CLINTON,,HARTS MILL RD,Collision with fixed object:  Ditch,On Roadway,Non-collision (single vehicle),Ran off road - left,None Indicated,,Daylight,Dry,Clear,None apparent,Non-intersection:  Non-junction/no special feature,Paved,,Minor Injury,0,1,0,1,0,0,4000,1,1,,POINT (-90.244773700802 41.828739504017)
2014800499,2014030953,05/24/2014,05-May,7-Saturday,22:25,2200 Hours,District 4 (Southwest),,POTTAWATTAMIE,I-80,I-80,Collision with:  Animal,,,Animal,None Indicated,,,,,,,Paved,,Property Damage Only,0,0,0,0,0,0,4500,1,1,,POINT (-95.309761457682 41.498164220819)
2014800369,2014005729,05/24/2014,05-May,7-Saturday,11:39,1100 Hours,District 6 (East Central),IOWA CITY,JOHNSON,,E BENTON ST & S CLINTON ST,Collision with:  Vehicle in traffic,On Roadway,Broadside (front to side),Other (explain in narrative):  Other,None Indicated,,Daylight,Dry,Cloudy,None apparent,Intersection:  Four-way intersection,Paved,,Property Damage Only,0,0,0,0,0,0,7000,2,2,,POINT (-91.534734445607 41.651105196108)
2014800228,14-1547,05/24/2014,05-May,7-Saturday,14:40,1400 Hours,District 1 (Central),FORT DODGE,WEBSTER,,1ST AVE S & S 8TH ST,Collision with:  Vehicle in traffic,On Roadway,Broadside (front to side),Ran Traffic Signal,None Indicated,,Daylight,Dry,Clear,None apparent,Intersection:  Four-way intersection,Paved,,Property Damage Only,0,0,0,0,0,0,14000,2,3,,POINT (-94.187237258958 42.504062083339)
2014800543,2014030927,05/24/2014,05-May,7-Saturday,20:15,2000 Hours,District 1 (Central),,HAMILTON,I-35,I-35,Collision with:  Animal,,Non-collision (single vehicle),Animal,None Indicated,,,,,,,Paved,,Property Damage Only,0,0,0,0,0,0,5000,1,777,,POINT (-93.570428887008 42.293404959011)
2014806813,32040-14,05/24/2014,05-May,7-Saturday,00:30,0000 Hours,District 3 (Northwest),,EMMET,,395 AVE,Non-collision events:  Overturn/rollover,On Roadway,Non-collision (single vehicle),Over correcting/over steering,Alcohol (< Statutory),,Dark - roadway not lighted,Dry,Clear,None apparent,Non-intersection:  Non-junction/no special feature,Unpaved,,Minor Injury,0,1,0,1,0,0,6000,1,1,,POINT (-94.803407033171 43.345037501899)
2014800415,14-1127,05/24/2014,05-May,7-Saturday,19:30,1900 Hours,District 1 (Central),URBANDALE,POLK,,URBANDALE AVE & WESTOVER BLVD,Non-collision events:  Other non-collision (explain in narrative),On Roadway,Non-collision (single vehicle),Equipment failure,None Indicated,,Daylight,Dry,Clear,None apparent,Intersection:  T-intersection,Paved,,Possible/Unknown,0,1,0,0,1,0,2500,1,1,,POINT (-93.706143300135 41.622121697202)
2014800205,14-2389,05/24/2014,05-May,7-Saturday,12:05,1200 Hours,District 1 (Central),WEST DES MOINES,POLK,,GRAND AVE,Collision with:  Vehicle in traffic,On Roadway,Broadside (front to side),FTYROW:  Making left turn,None Indicated,,Daylight,Dry,Clear,None apparent,Non-intersection:  Driveway access (within),Paved,,Minor Injury,0,1,0,1,0,0,8000,2,2,,POINT (-93.726287534594 41.578401294848)
2014800857,S14-001811,05/24/2014,05-May,7-Saturday,02:20,0200 Hours,District 4 (Southwest),,MILLS,US 34,US 34 & 255TH ST & INGRUM AVE,Non-collision events:  Overturn/rollover,Outside trafficway,Non-collision (single vehicle),"Operating vehicle in an reckless, erratic, careless, negligent manner",None Indicated,,Dark - roadway not lighted,Dry,Clear,None apparent,Non-intersection:  Driveway access (within),Paved,,Property Damage Only,0,0,0,0,0,0,15000,1,1,,POINT (-95.700955189253 41.030062487799)
2014801396,2014-33945,05/24/2014,05-May,7-Saturday,18:24,1800 Hours,District 6 (East Central),DAVENPORT,SCOTT,,IA 461/WELCOME WAY & W 46TH ST & E 46TH ST,Collision with:  Vehicle in traffic,On Roadway,"Sideswipe, same direction",Improper or erratic lane changing,None Indicated,,Daylight,Dry,Clear,None apparent,Intersection:  Four-way intersection,Paved,,Property Damage Only,0,0,0,0,0,0,2000,2,3,,POINT (-90.570270941351 41.567364126847)
2014800428,14-001099,05/24/2014,05-May,7-Saturday,18:30,1800 Hours,District 1 (Central),ALTOONA,POLK,,PRAIRIE DR,Collision with fixed object:  Curb/island/raised median,On Roadway,Non-collision (single vehicle),Crossed centerline (undivided),None Indicated,,Daylight,Dry,Clear,None apparent,Non-intersection:  Non-junction/no special feature,Unpaved,,Property Damage Only,0,0,0,0,0,0,2000,1,1,,POINT (-93.479506225169 41.676694042011)
2014802673,14-000624,05/24/2014,05-May,7-Saturday,21:15,2100 Hours,District 1 (Central),,STORY,,190TH ST,Collision with:  Animal,,,Animal,None Indicated,,,,,,,Paved,,Property Damage Only,0,0,0,0,0,0,2000,1,1,,POINT (-93.638673763161 42.077893221687)
2014800107,141374,05/24/2014,05-May,7-Saturday,21:42,2100 Hours,District 3 (Northwest),DENISON,CRAWFORD,,3RD AVE S,Collision with:  Parked motor vehicle,On Roadway,Broadside (front to side),FTYROW:  Other (explain in narrative),None Indicated,,Dark - roadway lighted,Dry,Clear,None apparent,Non-intersection:  Non-junction/no special feature,Paved,,Property Damage Only,0,0,0,0,0,0,5000,2,3,,POINT (-95.353015644017 42.013422236828)
2014806814,32041-14,05/24/2014,05-May,7-Saturday,21:10,2100 Hours,District 3 (Northwest),,EMMET,,360 AVE,Collision with:  Animal,,,Animal,None Indicated,,,,,,,Unpaved,,Property Damage Only,0,0,0,0,0,0,2200,1,1,,POINT (-94.876385608145 43.391927690216)
2014800552,,05/24/2014,05-May,7-Saturday,14:01,1400 Hours,District 4 (Southwest),,ADAIR,IA 25,IA 25/IOWA 25 & 160TH ST,Collision with fixed object:  Ditch,On Roadway,Non-collision (single vehicle),Swerving/Evasive Action,None Indicated,,Daylight,Dry,Cloudy,None apparent,Intersection:  Four-way intersection,Paved,,Property Damage Only,0,0,0,0,0,0,5000,1,3,,POINT (-94.452612968836 41.417226753656)
2014800123,PD1404353,05/24/2014,05-May,7-Saturday,11:13,1100 Hours,District 5 (Southeast),FAIRFIELD,JEFFERSON,,W BURLINGTON AVE,Collision with:  Vehicle in traffic,On Roadway,Rear-end (front to rear),Followed too close,None Indicated,,Daylight,Dry,Clear,None apparent,Non-intersection:  Non-junction/no special feature,Paved,,Property Damage Only,0,0,0,0,0,0,3500,2,2,,POINT (-91.984184213936 41.006423249671)
2014803570,2014030928,05/24/2014,05-May,7-Saturday,21:10,2100 Hours,District 2 (Northeast),,FAYETTE,,Co Rd B60/APPLE RD,Collision with:  Animal,On Roadway,Non-collision (single vehicle),Animal,None Indicated,,Dark - roadway not lighted,Dry,Clear,None apparent,Non-intersection:  Non-junction/no special feature,Paved,,Property Damage Only,0,0,0,0,0,0,5500,1,2,,POINT (-91.610950509609 43.000505339425)
2014800564,14-123,05/24/2014,05-May,7-Saturday,19:37,1900 Hours,District 2 (Northeast),WAVERLY,BREMER,,4TH AVE NW & 1ST ST NW,Collision with:  Parked motor vehicle,On Roadway,Unknown,Improper Backing,None Indicated,,Daylight,Dry,Clear,None apparent,Non-intersection:  Non-junction/no special feature,Paved,,Property Damage Only,0,0,0,0,0,0,1500,2,1,,POINT (-92.472057126154 42.729625560347)
2014802828,2014030908,05/24/2014,05-May,7-Saturday,16:26,1600 Hours,District 4 (Southwest),,POTTAWATTAMIE,I-80,I-80,Collision with:  Vehicle in traffic,On Roadway,"Sideswipe, same direction",Swerving/Evasive Action,None Indicated,,Daylight,Dry,Clear,None apparent,Non-intersection:  Other non-intersection (explain in narrative),Paved,,Fatal,1,1,0,1,0,0,134000,2,3,,POINT (-95.584435917245 41.49675691653)
2014804931,,05/24/2014,05-May,7-Saturday,07:28,0700 Hours,District 5 (Southeast),,MUSCATINE,IA 22,IA 22/IOWA 22,Collision with:  Animal,On Roadway,Non-collision (single vehicle),Animal,None Indicated,,Daylight,Dry,Clear,None apparent,Non-intersection:  Non-junction/no special feature,Paved,,Property Damage Only,0,0,0,0,0,0,1500,1,3,,POINT (-91.007865011696 41.442230194655)
2014800895,2014-33827,05/24/2014,05-May,7-Saturday,02:02,0200 Hours,District 6 (East Central),DAVENPORT,SCOTT,,EASTERN AVE,Collision with:  Parked motor vehicle,On Roadway,Rear-end (front to rear),Lost Control,Alcohol (Statutory),,Dark - roadway lighted,Dry,Clear,None apparent,Non-intersection:  Non-junction/no special feature,Paved,,Minor Injury,0,1,0,1,0,0,3000,2,777,,POINT (-90.551489940894 41.541981830162)
2014804110,2014-33859,05/24/2014,05-May,7-Saturday,09:13,0900 Hours,District 6 (East Central),DAVENPORT,SCOTT,,W 3RD ST,Collision with:  Vehicle in traffic,Shoulder,Unknown,Unknown,None Indicated,,Daylight,Dry,Clear,None apparent,Non-intersection:  Alley,Paved,,Property Damage Only,0,0,0,0,0,0,1800,2,1,,POINT (-90.587391156184 41.522377562756)
2014800393,66-140000029,05/24/2014,05-May,7-Saturday,07:41,0700 Hours,District 2 (Northeast),,MITCHELL,,Co Rd S70/450TH ST,Collision with fixed object:  Ditch,On Roadway,Non-collision (single vehicle),Crossed centerline (undivided),None Indicated,,Daylight,Dry,Clear,None apparent,Non-intersection:  Non-junction/no special feature,Paved,,Possible/Unknown,0,1,0,0,1,0,1700,1,1,,POINT (-92.994713292499 43.414914175801)
2014800932,2014031095,05/24/2014,05-May,7-Saturday,21:53,2100 Hours,District 4 (Southwest),,POTTAWATTAMIE,US 6,US 6,Collision with:  Animal,,,Animal,None Indicated,,,,,,,Paved,,Property Damage Only,0,0,0,0,0,0,3000,1,1,,POINT (-95.745190940736 41.282137937495)
2014809948,14-3574PD,05/24/2014,05-May,7-Saturday,21:38,2100 Hours,District 1 (Central),BOONE,BOONE,US 30,US 30/220TH ST,Collision with:  Animal,On Roadway,Non-collision (single vehicle),Animal,None Indicated,,Dark - roadway not lighted,Dry,Clear,None apparent,Non-intersection:  Non-junction/no special feature,Paved,,Minor Injury,0,1,0,1,0,0,5000,1,3,,POINT (-93.852560394741 42.03463242629)
2014801719,142553,05/24/2014,05-May,7-Saturday,15:40,1500 Hours,District 1 (Central),IOWA FALLS,HARDIN,US 65,US 65/OAK ST,Collision with fixed object:  Guardrail - face,Roadside,Non-collision (single vehicle),Ran off road - right,None Indicated,,Daylight,Dry,Clear,None apparent,Non-intersection:  Non-junction/no special feature,Paved,,Property Damage Only,0,0,0,0,0,0,1700,1,1,,POINT (-93.262952053921 42.516727709998)
2014801032,N14000217,05/24/2014,05-May,7-Saturday,17:52,1700 Hours,District 6 (East Central),NORTH LIBERTY,JOHNSON,,FAIRVIEW LN & HWY 965 & HOLIDAY LODGE RD,Collision with:  Vehicle in traffic,On Roadway,Rear-end (front to rear),Followed too close,Under Influence of Alcohol/Drugs/Medications,,Daylight,Dry,Cloudy,None apparent,Intersection:  Four-way intersection,Paved,,Possible/Unknown,0,1,0,0,1,0,3500,2,3,,POINT (-91.607621597373 41.737774493445)
2014800258,1400063,05/24/2014,05-May,7-Saturday,08:00,0800 Hours,District 1 (Central),ACKLEY,HARDIN,,4TH AVE & CERRO GORDO ST,Collision with:  Vehicle in traffic,On Roadway,Broadside (front to side),FTYROW:  From yield sign,None Indicated,,Daylight,Dry,Clear,None apparent,Intersection:  Four-way intersection,Paved,,Property Damage Only,0,0,0,0,0,0,6000,2,2,,POINT (-93.054640427069 42.550193814596)
2014800780,2014-2291,05/24/2014,05-May,7-Saturday,17:35,1700 Hours,District 4 (Southwest),WAUKEE,DALLAS,US 6,US 6/HICKMAN AVE,Collision with:  Vehicle in traffic,On Roadway,Broadside (front to side),Other (explain in narrative):  Vision obstructed,None Indicated,,Daylight,Dry,Clear,None apparent,Non-intersection:  Crossover-related,Paved,,Property Damage Only,0,0,0,0,0,0,13000,2,3,,POINT (-93.856337007282 41.614994106488)
2014805776,14-004013,05/24/2014,05-May,7-Saturday,20:45,2000 Hours,District 2 (Northeast),POSTVILLE,CLAYTON,,BIXBY AVE,Unknown,On Roadway,Non-collision (single vehicle),Exceeded authorized speed,None Indicated,,Dusk,Dry,Clear,None apparent,Non-intersection:  Non-junction/no special feature,Unpaved,,Property Damage Only,0,0,0,0,0,0,8300,1,1,,POINT (-91.558190803711 42.979735814207)
2014800106,141361,05/24/2014,05-May,7-Saturday,05:50,0500 Hours,District 3 (Northwest),,CRAWFORD,,Co Rd E5L/OBANION RD,Collision with fixed object:  Ditch,On Roadway,Non-collision (single vehicle),Ran off road - left,None Indicated,,Dawn,Dry,Cloudy,None apparent,Non-intersection:  Non-junction/no special feature,Unpaved,,Minor Injury,0,1,0,1,0,0,7000,1,1,,POINT (-95.576306504408 41.910552362837)
2014800441,S79140163,05/24/2014,05-May,7-Saturday,01:00,0100 Hours,District 1 (Central),,POWESHIEK,US 6,US 6 & US 63 & Co Rd F29/OLD 6 RD,Collision with fixed object:  Ditch,On Roadway,Non-collision (single vehicle),Crossed centerline (undivided),None Indicated,,Dark - roadway lighted,Dry,Cloudy,None apparent,Intersection:  T-intersection,Paved,,Possible/Unknown,0,1,0,0,1,0,12200,1,1,,POINT (-92.590987132285 41.745771727174)
2014802549,C14-0001518,05/24/2014,05-May,7-Saturday,10:15,1000 Hours,District 2 (Northeast),MARQUETTE,CLAYTON,US 18,US 18/SW RAMP & MARQUETTE DR,Collision with:  Vehicle in traffic,On Roadway,Broadside (front to side),FTYROW:  From stop sign,None Indicated,,Daylight,Dry,Clear,None apparent,Intersection:  Four-way intersection,Paved,,Possible/Unknown,0,2,0,0,2,0,25000,2,7,,POINT (-91.181064246485 43.043735384884)
2014800747,,05/25/2014,05-May,1-Sunday,20:30,2000 Hours,District 4 (Southwest),SHENANDOAH,PAGE,,W SUMMIT AVE,Collision with:  Parked motor vehicle,On Roadway,Broadside (front to side),Unknown,None Indicated,,Dusk,Dry,Cloudy,,Non-intersection:  Non-junction/no special feature,Paved,,Property Damage Only,0,0,0,0,0,0,2000,2,1,,POINT (-95.380587479758 40.759056898009)
2014800141,14110,05/25/2014,05-May,1-Sunday,19:28,1900 Hours,District 5 (Southeast),PELLA,MARION,,WASHINGTON ST & BROADWAY ST,Collision with:  Vehicle in traffic,On Roadway,Broadside (front to side),Ran Traffic Signal,None Indicated,,Daylight,Dry,Clear,None apparent,Intersection:  Four-way intersection,Paved,,Property Damage Only,0,0,0,0,0,0,10000,2,3,,POINT (-92.918318443252 41.408083229622)
2014801637,1-14-000188,05/25/2014,05-May,1-Sunday,16:15,1600 Hours,District 4 (Southwest),,SHELBY,,OAK RD,Collision with fixed object:  Ditch,On Roadway,Non-collision (single vehicle),Driving too fast for conditions,None Indicated,,Daylight,Wet,Clear,None apparent,Non-intersection:  Non-junction/no special feature,Unpaved,,Possible/Unknown,0,1,0,0,1,0,5000,1,2,,POINT (-95.28640168875 41.799606093651)
2014803634,CL14001646,05/25/2014,05-May,1-Sunday,21:51,2100 Hours,District 6 (East Central),CLINTON,CLINTON,,12TH AVE S & S 8TH ST,Non-collision events:  Other non-collision (explain in narrative),On Roadway,Non-collision (single vehicle),Over correcting/over steering,Alcohol (Statutory),,Dark - roadway lighted,Dry,Clear,None apparent,Non-intersection:  Non-junction/no special feature,Paved,,Minor Injury,0,1,0,1,0,0,0,1,2,,POINT (-90.204033401865 41.833022657603)
2014800910,2014-34161,05/25/2014,05-May,1-Sunday,13:57,1300 Hours,District 6 (East Central),DAVENPORT,SCOTT,,WAPELLO AVE,Collision with:  Parked motor vehicle,On Roadway,"Sideswipe, same direction","Operating vehicle in an reckless, erratic, careless, negligent manner",None Indicated,,Daylight,Dry,Clear,None apparent,Non-intersection:  Non-junction/no special feature,Paved,,Property Damage Only,0,0,0,0,0,0,1500,2,1,,POINT (-90.641098273823 41.487907645643)
2014800569,14008296,05/25/2014,05-May,1-Sunday,17:17,1700 Hours,District 2 (Northeast),MASON CITY,CERRO GORDO,,14TH ST NW & N PRESIDENT AVE,Collision with:  Vehicle in traffic,On Roadway,Broadside (front to side),FTYROW:  At uncontrolled intersection,None Indicated,,Daylight,Dry,Clear,None apparent,Non-intersection:  Non-junction/no special feature,Paved,,Property Damage Only,0,0,0,0,0,0,6000,2,4,,POINT (-93.20367682188 43.164530284835)
2014800242,2014031000,05/25/2014,05-May,1-Sunday,07:59,0700 Hours,District 5 (Southeast),,WARREN,I-35,I-35 & MCKINLEY ST,Non-collision events:  Other non-collision (explain in narrative),Median,Non-collision (single vehicle),Driving too fast for conditions,None Indicated,,Daylight,Wet,Rain,"Surface condition (e.g., wet, icy)",Non-intersection:  Non-junction/no special feature,Paved,,Property Damage Only,0,0,0,0,0,0,16000,1,1,,POINT (-93.780174019767 41.32273274019)
2014800451,14-6112,05/25/2014,05-May,1-Sunday,15:30,1500 Hours,District 3 (Northwest),,SIOUX,,LARCH AVE,Collision with fixed object:  Other fixed object (explain in narrative),Roadside,Non-collision (single vehicle),Over correcting/over steering,None Indicated,,Daylight,"Mud, dirt",Cloudy,Non-highway work,Non-intersection:  Non-junction/no special feature,Unpaved,,Possible/Unknown,0,1,0,0,1,0,1350,1,1,,POINT (-95.941870719735 43.236995245035)
2014800670,20140014692,05/25/2014,05-May,1-Sunday,02:00,0200 Hours,District 1 (Central),DES MOINES,POLK,,GUTHRIE AVE,Collision with:  Vehicle in traffic,On Roadway,Unknown,Other (explain in narrative):  Other,None Indicated,,Dark - unknown roadway lighting,Unknown,Unknown,Unknown,Non-intersection:  Non-junction/no special feature,Paved,,Property Damage Only,0,0,0,0,0,0,1600,2,1,,POINT (-93.597238471195 41.615001898535)
2014800295,W14-051552,05/25/2014,05-May,1-Sunday,15:55,1500 Hours,District 2 (Northeast),WATERLOO,BLACK HAWK,,KERN ST & BROADWAY ST,Collision with:  Vehicle in traffic,On Roadway,Rear-end (front to rear),Driver Distraction:  Passenger,None Indicated,,Daylight,Dry,Clear,None apparent,Intersection:  Four-way intersection,Paved,,Property Damage Only,0,0,0,0,0,0,5500,2,5,,POINT (-92.345183585103 42.514969490918)
2014800490,14-16264,05/25/2014,05-May,1-Sunday,21:18,2100 Hours,District 3 (Northwest),SIOUX CITY,WOODBURY,IA 376,IA 376/LEWIS BLVD,Collision with:  Non-motorist (see non-motorist section - NOT a unit),On Roadway,Non-collision (single vehicle),Other (explain in narrative):  No improper action,None Indicated,,Dark - roadway lighted,Wet,Rain,"Surface condition (e.g., wet, icy)",Intersection:  Four-way intersection,Paved,,Possible/Unknown,0,1,0,0,1,0,0,1,2,,POINT (-96.378372545819 42.496176414828)
2014800615,02-14-8113,05/25/2014,05-May,1-Sunday,23:20,2300 Hours,District 6 (East Central),,DUBUQUE,,FINLEYS LANDING RD,Collision with:  Animal,,,Animal,None Indicated,,,,,,,Paved,,Property Damage Only,0,0,0,0,0,0,5000,1,1,,POINT (-90.796115617143 42.638233092426)
2014800116,14-17477,05/25/2014,05-May,1-Sunday,11:02,1100 Hours,District 5 (Southeast),BURLINGTON,DES MOINES,,PINE ST & CENTRAL AVE,Collision with:  Vehicle in traffic,On Roadway,Broadside (front to side),FTYROW:  From stop sign,None Indicated,,Daylight,Dry,Cloudy,None apparent,Intersection:  Four-way intersection,Paved,,Possible/Unknown,0,2,0,0,2,0,13000,2,2,,POINT (-91.110414674506 40.797366217994)
2014800708,2014030985,05/25/2014,05-May,1-Sunday,04:33,0400 Hours,District 4 (Southwest),WEST DES MOINES,DALLAS,I-80,I-80,Collision with:  Animal,,,Animal,None Indicated,,,,,,,Paved,,Property Damage Only,0,0,0,0,0,0,3500,1,1,,POINT (-93.859997682624 41.566174834191)
2014800383,201401704,05/25/2014,05-May,1-Sunday,16:40,1600 Hours,District 6 (East Central),,LINN,US 151,US 151,Non-collision events:  Other non-collision (explain in narrative),On Roadway,Non-collision (single vehicle),Ran off road - left,None Indicated,,Daylight,Dry,Clear,None apparent,Non-intersection:  Non-junction/no special feature,Paved,,Property Damage Only,0,0,0,0,0,0,3500,1,2,,POINT (-91.547384039043 41.948260218846)
2014800485,14-16170,05/25/2014,05-May,1-Sunday,01:50,0100 Hours,District 3 (Northwest),SIOUX CITY,WOODBURY,,HAMILTON BLVD,Collision with:  Vehicle in traffic,On Roadway,Rear-end (front to rear),Other (explain in narrative):  Other,None Indicated,,Dark - roadway lighted,Dry,Rain,None apparent,Intersection:  Four-way intersection,Paved,,Property Damage Only,0,0,0,0,0,0,2600,2,4,,POINT (-96.42329655739 42.497074920377)
2014802449,201400025148,05/25/2014,05-May,1-Sunday,22:19,2200 Hours,District 5 (Southeast),OTTUMWA,WAPELLO,,MADISON AVE,Collision with fixed object:  Utility pole/light support,Roadside,Non-collision (single vehicle),Exceeded authorized speed,Refused,,Dark - roadway lighted,Dry,Cloudy,None apparent,Non-intersection:  Non-junction/no special feature,Paved,,Major Injury,0,1,1,0,0,0,13000,1,1,,POINT (-92.410343085436 40.998896680956)
2014825813,05252014332,05/25/2014,05-May,1-Sunday,00:38,0000 Hours,District 2 (Northeast),MCGREGOR,CLAYTON,,128TH ST,Collision with fixed object:  Ditch,,Non-collision (single vehicle),Unknown,Refused,,,,,,,Unpaved,,Property Damage Only,0,0,0,0,0,0,6000,1,1,,POINT (-91.215345940332 43.039772916537)
2014803123,14-7457,05/25/2014,05-May,1-Sunday,07:43,0700 Hours,District 6 (East Central),BELLEVUE,JACKSON,,Co Rd D57/MILL CREEK RD,Non-collision events:  Overturn/rollover,Roadside,Non-collision (single vehicle),Ran off road - right,None Indicated,,Daylight,Dry,Unknown,None apparent,Non-intersection:  Non-junction/no special feature,Unpaved,,Property Damage Only,0,0,0,0,0,0,2500,1,1,,POINT (-90.537095777943 42.277906600145)