Iowa DOT Case Number,Law Enforcement Case Number,Date of Crash,Month of Crash,Day of Week,Time of Crash,Hour,DOT District,City Name,County Name,Route with System,Location Description,First Harmful Event,Location of First Harmful Event,Manner of Crash/Collision,Major Cause,Drug or Alcohol ,Environmental Conditions,Light Conditions,Surface Conditions,Weather Conditions,Roadway Contribution,Roadway Type,Roadway Surface,Work Zone,Crash Severity,Number of Fatalities,Number of Injuries,Number of Major Injuries,Number of Minor Injuries,Number of Possible Injuries,Number of Unknown Injuries,Amount of Property Damage,Number of Vehicles Involved,Total Number of Occupants,Travel Direction,Location
2014800401,20140014656,05/27/2014,05-May,3-Tuesday,11:15,1100 Hours,District 1 (Central),DES MOINES,POLK,US 69,US 69/SE 14TH ST,Collision with:  Vehicle in traffic,On Roadway,Rear-end (front to rear),Lost Control,None Indicated,,Daylight,Dry,Cloudy,None apparent,Non-intersection:  Non-junction/no special feature,Paved,,Possible/Unknown,0,1,0,0,1,0,4000,2,4,,POINT (-93.596759379217 41.526489808897)
2014800685,14-021371,05/27/2014,05-May,3-Tuesday,11:55,1100 Hours,District 4 (Southwest),COUNCIL BLUFFS,POTTAWATTAMIE,,5TH AVE,Collision with:  Vehicle in traffic,On Roadway,Broadside (front to side),FTYROW:  From driveway,None Indicated,,Daylight,Dry,Cloudy,None apparent,Non-intersection:  Driveway access (within),Paved,,Property Damage Only,0,0,0,0,0,0,1800,2,3,,POINT (-95.900809328465 41.257307217653)
2014801808,1-14-000190,05/27/2014,05-May,3-Tuesday,05:15,0500 Hours,District 4 (Southwest),,SHELBY,IA 44,IA 44/IOWA 44,Collision with:  Animal,,,Animal,None Indicated,,,,,,,Paved,,Property Damage Only,0,0,0,0,0,0,4500,1,1,,POINT (-95.455862832083 41.645847841124)
2014801736,14-04877,05/27/2014,05-May,3-Tuesday,16:01,1600 Hours,District 5 (Southeast),MOUNT PLEASANT,HENRY,,S GRAND AVE,Collision with:  Animal,On Roadway,Non-collision (single vehicle),Animal,None Indicated,,Daylight,Dry,Clear,None apparent,Non-intersection:  Non-junction/no special feature,Paved,,Property Damage Only,0,0,0,0,0,0,3000,1,2,,POINT (-91.539389914666 40.961442639186)
2014800669,20140014685,05/27/2014,05-May,3-Tuesday,14:31,1400 Hours,District 1 (Central),DES MOINES,POLK,,MADISON AVE & BEAVER AVE,Collision with:  Vehicle in traffic,On Roadway,Rear-end (front to rear),Unknown,None Indicated,,Daylight,Dry,Cloudy,None apparent,Intersection:  Four-way intersection,Paved,,Property Damage Only,0,0,0,0,0,0,2000,2,3,,POINT (-93.6780736259 41.633135339244)
2014801840,14-00696,05/27/2014,05-May,3-Tuesday,14:14,1400 Hours,District 6 (East Central),WEST BRANCH,CEDAR,,Co Rd X30/BAKER AVE & COUNCIL ST,Non-collision events:  Jackknife,On Roadway,Non-collision (single vehicle),Crossed centerline (undivided),None Indicated,,Daylight,Dry,Clear,None apparent,Non-intersection:  Non-junction/no special feature,Paved,,Property Damage Only,0,0,0,0,0,0,3500,1,3,,POINT (-91.346747707585 41.650662102119)
2014800622,2014005831,05/27/2014,05-May,3-Tuesday,10:00,1000 Hours,District 6 (East Central),IOWA CITY,JOHNSON,,S CLINTON ST,Collision with:  Vehicle in traffic,On Roadway,Broadside (front to side),FTYROW:  From parked position,None Indicated,,Daylight,Dry,Cloudy,None apparent,Non-intersection:  Non-junction/no special feature,Paved,,Possible/Unknown,0,1,0,0,1,0,10000,2,4,,POINT (-91.534576208538 41.658614900446)
2014801487,,05/27/2014,05-May,3-Tuesday,15:45,1500 Hours,District 6 (East Central),CEDAR RAPIDS,LINN,IA 922,IA 922/1ST AVE E & 3RD ST SE & 3RD ST NE,Collision with:  Vehicle in traffic,On Roadway,Rear-end (front to rear),Unknown,None Indicated,,Daylight,Dry,Clear,,Intersection:  T-intersection,Paved,,Minor Injury,0,1,0,1,0,0,3000,2,3,,POINT (-91.667611468172 41.97934088695)
2014800948,14-052284,05/27/2014,05-May,3-Tuesday,15:20,1500 Hours,District 2 (Northeast),LA PORTE CITY,BLACK HAWK,,GILBERTVILLE RD,Non-collision events:  Overturn/rollover,Outside trafficway,Non-collision (single vehicle),Swerving/Evasive Action,None Indicated,,Daylight,"Mud, dirt",Clear,None apparent,Non-intersection:  Non-junction/no special feature,Unpaved,,Minor Injury,0,1,0,1,0,0,5000,1,1,,POINT (-92.191806422165 42.382063311534)
2014804831,14-13189,05/27/2014,05-May,3-Tuesday,20:15,2000 Hours,District 1 (Central),NEWTON,JASPER,US 6,US 6/1ST AVE E & E 3RD ST S & E 3RD ST N,Collision with:  Vehicle in traffic,On Roadway,Rear-end (front to rear),Unknown,None Indicated,,Daylight,Dry,Clear,None apparent,Non-intersection:  Non-junction/no special feature,Paved,,Possible/Unknown,0,1,0,0,1,0,1500,2,3,,POINT (-93.051065989231 41.699543328616)
2014800625,2014005841,05/27/2014,05-May,3-Tuesday,14:42,1400 Hours,District 6 (East Central),IOWA CITY,JOHNSON,US 6,US 6,Collision with:  Vehicle in traffic,On Roadway,Rear-end (front to rear),Driver Distraction:  Manual operation of an electronic communication device,None Indicated,,Daylight,Dry,Clear,None apparent,Non-intersection:  Railroad grade crossing,Paved,,Property Damage Only,0,0,0,0,0,0,8000,2,42,,POINT (-91.531527635484 41.645308872851)
2014800940,14-3224,05/27/2014,05-May,3-Tuesday,18:41,1800 Hours,District 2 (Northeast),,KOSSUTH,,Co Rd B44/200 ST,Collision with:  Vehicle in traffic,Outside trafficway,"Sideswipe, opposite direction",Traveling wrong way or on wrong side of road,None Indicated,,Daylight,Dry,Clear,None apparent,Non-intersection:  Non-junction/no special feature,Paved,,Property Damage Only,0,0,0,0,0,0,5300,2,2,,POINT (-94.39541349757 43.052908239253)
2014800610,01-14-22622,05/27/2014,05-May,3-Tuesday,16:36,1600 Hours,District 6 (East Central),DUBUQUE,DUBUQUE,US 52,US 52/WHITE ST,Collision with:  Vehicle in traffic,On Roadway,Rear-end (front to rear),Followed too close,None Indicated,,Daylight,Wet,Cloudy,None apparent,Non-intersection:  Non-junction/no special feature,Paved,,Property Damage Only,0,0,0,0,0,0,3000,3,7,,POINT (-90.666039116596 42.505315441852)
2014800719,2014031487,05/27/2014,05-May,3-Tuesday,19:54,1900 Hours,District 6 (East Central),BELLE PLAINE,BENTON,,Co Rd E72/78 ST TRL & 11 AVE DR & 8TH ST & 13TH AVE,Non-collision events:  Other non-collision (explain in narrative),On Roadway,Non-collision (single vehicle),Exceeded authorized speed,Alcohol (Statutory),,Daylight,Dry,Cloudy,None apparent,Non-intersection:  Non-junction/no special feature,Paved,,Major Injury,0,1,1,0,0,0,3000,1,1,,POINT (-92.268433895276 41.892090625286)
2014800921,S14-5151,05/27/2014,05-May,3-Tuesday,12:35,1200 Hours,District 3 (Northwest),MOVILLE,WOODBURY,US 20,US 20 & Co Rd D22/IDA AVE,Collision with:  Vehicle in traffic,On Roadway,Rear-end (front to rear),Followed too close,None Indicated,,Daylight,Dry,Cloudy,None apparent,Intersection:  Four-way intersection,Paved,,Property Damage Only,0,0,0,0,0,0,3200,2,2,,POINT (-96.017423802489 42.482098591048)
2014801085,2014-34723,05/27/2014,05-May,3-Tuesday,19:44,1900 Hours,District 6 (East Central),DAVENPORT,SCOTT,,ELMORE AVE,Collision with:  Vehicle in traffic,On Roadway,Rear-end (front to rear),FTYROW:  From driveway,None Indicated,,Daylight,Dry,Cloudy,None apparent,Non-intersection:  Driveway access (within),Paved,,Property Damage Only,0,0,0,0,0,0,2600,2,2,,POINT (-90.527166660278 41.559590835737)
2014800439,14-021334,05/27/2014,05-May,3-Tuesday,04:39,0400 Hours,District 4 (Southwest),COUNCIL BLUFFS,POTTAWATTAMIE,US 6,US 6/W BROADWAY & S 8TH ST & N 8TH ST,Collision with:  Vehicle in traffic,On Roadway,Rear-end (front to rear),Unknown,None Indicated,,Dark - roadway lighted,Dry,Clear,None apparent,Non-intersection:  Non-junction/no special feature,Paved,,Property Damage Only,0,0,0,0,0,0,3200,2,4,,POINT (-95.856049604318 41.261876587954)
2014800965,14008434,05/27/2014,05-May,3-Tuesday,20:24,2000 Hours,District 2 (Northeast),MASON CITY,CERRO GORDO,,15TH ST SE,Collision with:  Vehicle in traffic,On Roadway,"Sideswipe, same direction",Made improper turn,None Indicated,,Dusk,Dry,Cloudy,None apparent,Non-intersection:  Non-junction/no special feature,Paved,,Property Damage Only,0,0,0,0,0,0,3700,2,5,,POINT (-93.20057369086 43.137242071731)
2014801182,14-0733,05/27/2014,05-May,3-Tuesday,20:50,2000 Hours,District 1 (Central),,GREENE,,305TH & V AVE,Non-collision events:  Other non-collision (explain in narrative),Outside trafficway,Non-collision (single vehicle),Ran off road - straight,None Indicated,,Dusk,Dry,Cloudy,None apparent,Non-intersection:  Non-junction/no special feature,Unpaved,,Possible/Unknown,0,1,0,0,1,0,4500,1,1,,POINT (-94.222306273196 41.913701435068)
2014802967,A14041,05/27/2014,05-May,3-Tuesday,14:01,1400 Hours,District 5 (Southeast),KNOXVILLE,MARION,,W MONTGOMERY ST & E MONTGOMERY ST & S ROCHE ST,Collision with:  Vehicle in traffic,On Roadway,Broadside (front to side),Ran Stop Sign,None Indicated,,Daylight,Dry,Cloudy,None apparent,Intersection:  Four-way intersection,Paved,,Property Damage Only,0,0,0,0,0,0,2500,2,3,,POINT (-93.099907803533 41.317109410864)
2014800399,20140014629,05/27/2014,05-May,3-Tuesday,07:36,0700 Hours,District 1 (Central),DES MOINES,POLK,,EASTON BLVD & E 33RD ST,Collision with:  Vehicle in traffic,On Roadway,Rear-end (front to rear),"Operating vehicle in an reckless, erratic, careless, negligent manner",None Indicated,,Daylight,Dry,Cloudy,None apparent,Intersection:  Four-way intersection,Paved,,Property Damage Only,0,0,0,0,0,0,6500,3,5,,POINT (-93.551475049141 41.6124653224)
2014800680,14-2445,05/27/2014,05-May,3-Tuesday,16:11,1600 Hours,District 1 (Central),WEST DES MOINES,POLK,,LOCUST ST & 14TH ST,Collision with:  Vehicle in traffic,On Roadway,"Sideswipe, same direction",Other (explain in narrative):  Other,None Indicated,,Daylight,Dry,Cloudy,None apparent,Intersection:  T-intersection,Paved,,Property Damage Only,0,0,0,0,0,0,2200,2,1,,POINT (-93.722356972081 41.575534730974)
2014800678,14-1151,05/27/2014,05-May,3-Tuesday,17:11,1700 Hours,District 1 (Central),URBANDALE,POLK,US 6,US 6/HICKMAN RD,Collision with:  Vehicle in traffic,On Roadway,Rear-end (front to rear),Unknown,None Indicated,,Daylight,Dry,Clear,None apparent,Non-intersection:  Non-junction/no special feature,Paved,,Possible/Unknown,0,1,0,0,1,0,2000,3,5,,POINT (-93.717716953776 41.614718171372)
2014808102,2014031492,05/27/2014,05-May,3-Tuesday,21:40,2100 Hours,District 1 (Central),DIKE,GRUNDY,US 20,US 20,Collision with:  Animal,,,Animal,None Indicated,,,,,,,Paved,,Property Damage Only,0,0,0,0,0,0,2000,1,1,,POINT (-92.615902207693 42.4619091533)
2014800758,W14-052250,05/27/2014,05-May,3-Tuesday,12:48,1200 Hours,District 2 (Northeast),WATERLOO,BLACK HAWK,IA 934,IA 934/UNIVERSITY AVE,Collision with:  Vehicle in traffic,On Roadway,Broadside (front to side),Ran Traffic Signal,None Indicated,,Daylight,Dry,Cloudy,None apparent,Intersection:  Four-way intersection,Paved,,Major Injury,0,1,1,0,0,0,31200,2,2,,POINT (-92.376802877285 42.496062460467)
2014800403,20140014632,05/27/2014,05-May,3-Tuesday,08:20,0800 Hours,District 1 (Central),DES MOINES,POLK,,FREMONT ST & E 9TH ST,Collision with:  Vehicle in traffic,On Roadway,Broadside (front to side),Unknown,None Indicated,,Daylight,Dry,Cloudy,None apparent,Non-intersection:  Non-junction/no special feature,Paved,,Property Damage Only,0,0,0,0,0,0,3500,2,6,,POINT (-93.606518819229 41.598596187957)
2014800396,14-3484,05/27/2014,05-May,3-Tuesday,08:01,0800 Hours,District 1 (Central),JOHNSTON,POLK,,NW 54TH AVE & NW BURR OAK DR,Non-collision events:  Other non-collision (explain in narrative),On Roadway,Non-collision (single vehicle),Over correcting/over steering,None Indicated,,Daylight,Dry,Clear,None apparent,Non-intersection:  Non-junction/no special feature,Paved,,Possible/Unknown,0,1,0,0,1,0,13500,1,1,,POINT (-93.729863306431 41.658335393595)
2014809800,1403955,05/27/2014,05-May,3-Tuesday,07:54,0700 Hours,District 5 (Southeast),WASHINGTON,WASHINGTON,,E MONROE ST & S 3RD AVE,Collision with:  Vehicle in traffic,On Roadway,Broadside (front to side),FTYROW:  From stop sign,None Indicated,,Daylight,Dry,Cloudy,None apparent,Intersection:  Four-way intersection,Paved,,Property Damage Only,0,0,0,0,0,0,8500,3,13,,POINT (-91.689414251204 41.295369371898)
2014800993,01-14-22549,05/27/2014,05-May,3-Tuesday,10:13,1000 Hours,District 6 (East Central),DUBUQUE,DUBUQUE,US 52,US 52/WHITE ST & E 19TH ST,Collision with:  Vehicle in traffic,On Roadway,Broadside (front to side),Ran Stop Sign,None Indicated,,Daylight,Dry,Clear,None apparent,Intersection:  Four-way intersection,Paved,,Property Damage Only,0,0,0,0,0,0,4000,2,2,,POINT (-90.668977728807 42.510733381018)
2014800792,2014-1215,05/27/2014,05-May,3-Tuesday,21:06,2100 Hours,District 1 (Central),JEFFERSON,GREENE,IA 4,IA 4/S ELM ST,Collision with:  Animal,On Roadway,Non-collision (single vehicle),Animal,None Indicated,,Dark - roadway lighted,Dry,Clear,None apparent,Non-intersection:  Non-junction/no special feature,Paved,,Minor Injury,0,1,0,1,0,0,500,1,1,,POINT (-94.377391905253 42.006432301512)
2014800848,14-1157,05/27/2014,05-May,3-Tuesday,17:32,1700 Hours,District 1 (Central),URBANDALE,POLK,US 6,US 6/HICKMAN RD,Collision with:  Vehicle in traffic,On Roadway,Rear-end (front to rear),Followed too close,None Indicated,,Daylight,Dry,Clear,None apparent,Non-intersection:  Non-junction/no special feature,Paved,,Possible/Unknown,0,1,0,0,1,0,3300,3,3,,POINT (-93.785366041405 41.614978469115)
2014801687,,05/27/2014,05-May,3-Tuesday,13:16,1300 Hours,District 3 (Northwest),HAVELOCK,POCAHONTAS,IA 10,IA 10/IOWA 10,Collision with:  Vehicle in traffic,On Roadway,"Sideswipe, opposite direction",Crossed centerline (undivided),None Indicated,,Daylight,Dry,Cloudy,None apparent,Non-intersection:  Non-junction/no special feature,Paved,,Major Injury,0,3,3,0,0,0,18000,2,4,,POINT (-94.681581034881 42.82760276529)
2014800683,14-001129,05/27/2014,05-May,3-Tuesday,17:14,1700 Hours,District 1 (Central),ALTOONA,POLK,,FALCON DR SE,Collision with:  Parked motor vehicle,On Roadway,"Sideswipe, opposite direction",Crossed centerline (undivided),None Indicated,,Daylight,Dry,Clear,None apparent,Non-intersection:  Non-junction/no special feature,Paved,,Property Damage Only,0,0,0,0,0,0,3800,2,3,,POINT (-93.449615967306 41.640533971234)
2014800833,14-0596,05/27/2014,05-May,3-Tuesday,13:05,1300 Hours,District 1 (Central),CLIVE,POLK,,VILLAGE DR,Collision with:  Vehicle in traffic,On Roadway,Broadside (front to side),Other (explain in narrative):  No improper action,None Indicated,,Daylight,Wet,Cloudy,None apparent,Non-intersection:  Non-junction/no special feature,Paved,,Possible/Unknown,0,1,0,0,1,0,4600,2,2,,POINT (-93.804002399605 41.603095271409)
2014800605,01-14-22556,05/27/2014,05-May,3-Tuesday,10:24,1000 Hours,District 6 (East Central),DUBUQUE,DUBUQUE,,KAUFMANN AVE & GREENFIELD ST,Collision with fixed object:  Traffic sign support,Roadside,Non-collision (single vehicle),Ran off road - right,None Indicated,,Daylight,Dry,Cloudy,None apparent,Intersection:  T-intersection,Paved,,Property Damage Only,0,0,0,0,0,0,2100,1,4,,POINT (-90.681474417865 42.516426160736)
2014800677,14-1150,05/27/2014,05-May,3-Tuesday,16:16,1600 Hours,District 1 (Central),URBANDALE,POLK,,111TH ST & DOUGLAS AVE,Collision with:  Vehicle in traffic,On Roadway,Rear-end (front to rear),Driver Distraction:  Manual operation of an electronic communication device,None Indicated,,Daylight,Dry,Clear,None apparent,Intersection:  Four-way intersection,Paved,,Property Damage Only,0,0,0,0,0,0,1600,2,2,,POINT (-93.771315067345 41.629413009857)
2014800611,01-14-22521,05/27/2014,05-May,3-Tuesday,05:35,0500 Hours,District 6 (East Central),DUBUQUE,DUBUQUE,,KAUFMANN AVE & VALERIA ST,Collision with:  Vehicle in traffic,On Roadway,Rear-end (front to rear),Swerving/Evasive Action,None Indicated,,Daylight,Dry,Clear,None apparent,Non-intersection:  Non-junction/no special feature,Paved,,Property Damage Only,0,0,0,0,0,0,3000,2,2,,POINT (-90.680329995769 42.51511524555)
2014800397,20140014665,05/27/2014,05-May,3-Tuesday,12:50,1200 Hours,District 1 (Central),DES MOINES,POLK,,E 46TH ST & NE 46TH AVE & E BROADWAY AVE,Collision with:  Vehicle in traffic,On Roadway,Broadside (front to side),Ran Stop Sign,None Indicated,,Daylight,Dry,Cloudy,None apparent,Intersection:  Four-way intersection,Paved,,Possible/Unknown,0,2,0,0,2,0,10000,2,2,,POINT (-93.522313213986 41.644108728717)
2014803886,2014-34648,05/27/2014,05-May,3-Tuesday,14:47,1400 Hours,District 6 (East Central),DAVENPORT,SCOTT,,E CENTRAL PARK AVE & CAREY AVE,Collision with:  Vehicle in traffic,On Roadway,Broadside (front to side),Ran Stop Sign,None Indicated,,Daylight,Dry,Cloudy,None apparent,Intersection:  Four-way intersection,Paved,,Possible/Unknown,0,1,0,0,1,0,6000,2,2,,POINT (-90.559815683119 41.545959603391)
2014801456,2014031322,05/27/2014,05-May,3-Tuesday,07:45,0700 Hours,District 1 (Central),ALTOONA,POLK,US 65,US 65,Collision with:  Vehicle in traffic,On Roadway,Rear-end (front to rear),Ran off road - right,None Indicated,,Daylight,Dry,Clear,None apparent,Non-intersection:  Non-junction/no special feature,Paved,,Property Damage Only,0,0,0,0,0,0,24500,3,3,,POINT (-93.513220060844 41.648256961866)
2014800679,14-1158,05/27/2014,05-May,3-Tuesday,18:26,1800 Hours,District 1 (Central),URBANDALE,POLK,I-35,I-35,Collision with:  Vehicle in traffic,On Roadway,Rear-end (front to rear),Other (explain in narrative):  Other,None Indicated,,Daylight,Dry,Cloudy,None apparent,Interchange-related:  Off-ramp,Paved,,Possible/Unknown,0,1,0,0,1,0,3500,2,4,,POINT (-93.777885095534 41.615695864014)
2014801645,14-002539,05/27/2014,05-May,3-Tuesday,09:57,0900 Hours,District 1 (Central),AMES,STORY,,13TH ST,Collision with:  Vehicle in traffic,On Roadway,Rear-end (front to rear),Followed too close,None Indicated,,Daylight,Dry,Clear,None apparent,Intersection:  Four-way intersection,Paved,,Property Damage Only,0,0,0,0,0,0,2100,2,3,,POINT (-93.625783681763 42.03452577445)
2014808046,2014031335,05/27/2014,05-May,3-Tuesday,08:13,0800 Hours,District 2 (Northeast),,BLACK HAWK,US 20,US 20,Collision with:  Animal,,,Animal,None Indicated,,,,,,,Paved,,Property Damage Only,0,0,0,0,0,0,6000,1,1,,POINT (-92.070069071133 42.449162052854)
2014800688,14-021411,05/27/2014,05-May,3-Tuesday,16:00,1600 Hours,District 4 (Southwest),COUNCIL BLUFFS,POTTAWATTAMIE,,OAK ST & E WASHINGTON AVE,Collision with:  Vehicle in traffic,On Roadway,Broadside (front to side),Ran Stop Sign,None Indicated,,Daylight,Dry,Clear,None apparent,Intersection:  Four-way intersection,Paved,,Property Damage Only,0,0,0,0,0,0,6500,2,2,,POINT (-95.838156347614 41.269830736335)
2014801488,,05/27/2014,05-May,3-Tuesday,15:03,1500 Hours,District 6 (East Central),CEDAR RAPIDS,LINN,,42ND ST NE,Collision with:  Vehicle in traffic,On Roadway,Head-on (front to front),Unknown,None Indicated,,Daylight,Dry,Clear,,Non-intersection:  Non-junction/no special feature,Paved,,Possible/Unknown,0,2,0,0,2,0,0,2,3,,POINT (-91.68043639045 42.021702095819)
2014800576,143652,05/27/2014,05-May,3-Tuesday,11:57,1100 Hours,District 4 (Southwest),,DALLAS,,Co Rd R22/T AVE,Collision with:  Animal,,,Animal,None Indicated,,,,,,,Paved,,Property Damage Only,0,0,0,0,0,0,5000,1,1,,POINT (-93.912151720934 41.798883937139)
2014800686,14-021390,05/27/2014,05-May,3-Tuesday,13:49,1300 Hours,District 4 (Southwest),COUNCIL BLUFFS,POTTAWATTAMIE,IA 192,IA 192/S 7TH ST & 6TH AVE,Collision with:  Vehicle in traffic,On Roadway,Broadside (front to side),Ran Stop Sign,None Indicated,,Daylight,Dry,Cloudy,None apparent,Intersection:  Four-way intersection,Paved,,Minor Injury,0,1,0,1,0,0,6000,2,3,,POINT (-95.854749844533 41.256153786686)
2014800767,1405278021,05/27/2014,05-May,3-Tuesday,22:10,2200 Hours,District 6 (East Central),,CLINTON,,245 ST,Collision with:  Animal,,,Animal,None Indicated,,,,,,,Paved,,Property Damage Only,0,0,0,0,0,0,3000,1,1,,POINT (-90.484171262676 41.822663562352)
2014800917,14C02402,05/27/2014,05-May,3-Tuesday,08:11,0800 Hours,District 4 (Southwest),CRESTON,UNION,IA 25,IA 25/S SUMNER AVE & RUSSELL ST,Collision with:  Vehicle in traffic,On Roadway,"Sideswipe, opposite direction",FTYROW:  Making left turn,None Indicated,,Daylight,Dry,Clear,None apparent,Intersection:  T-intersection,Paved,,Property Damage Only,0,0,0,0,0,0,2200,2,2,,POINT (-94.372606780845 41.054917761744)
2014800398,20140014617,05/27/2014,05-May,3-Tuesday,02:47,0200 Hours,District 1 (Central),DES MOINES,POLK,US 6,US 6/E EUCLID AVE & E 33RD ST,Collision with:  Vehicle in traffic,On Roadway,Broadside (front to side),Unknown,Under Influence of Alcohol/Drugs/Medications,,Dark - roadway lighted,Wet,Clear,None apparent,Non-intersection:  Non-junction/no special feature,Paved,,Property Damage Only,0,0,0,0,0,0,1500,2,2,,POINT (-93.551509249711 41.627750402871)
2014800963,14008402,05/27/2014,05-May,3-Tuesday,12:01,1200 Hours,District 2 (Northeast),MASON CITY,CERRO GORDO,IA 122,IA 122/4TH ST SW & VILLAGE GREEN DR & N ROOSEVELT AVE,Collision with:  Vehicle in traffic,On Roadway,Rear-end (front to rear),Followed too close,None Indicated,,Daylight,Dry,Clear,None apparent,Non-intersection:  Non-junction/no special feature,Paved,,Property Damage Only,0,0,0,0,0,0,2000,2,2,,POINT (-93.250381078412 43.148309948869)
2014800607,01-14-22584,05/27/2014,05-May,3-Tuesday,13:32,1300 Hours,District 6 (East Central),DUBUQUE,DUBUQUE,,PENNSYLVANIA AVE,Collision with:  Vehicle in traffic,On Roadway,Rear-end (front to rear),Improper or erratic lane changing,None Indicated,,Daylight,Dry,Cloudy,None apparent,Non-intersection:  Non-junction/no special feature,Paved,,Property Damage Only,0,0,0,0,0,0,5000,2,4,,POINT (-90.721835266316 42.500459268886)
2014801571,14-002315,05/27/2014,05-May,3-Tuesday,14:00,1400 Hours,District 1 (Central),ANKENY,POLK,I-35,I-35,,On Roadway,Non-collision (single vehicle),Equipment failure,None Indicated,,Daylight,Unknown,Unknown,None apparent,Non-intersection:  Non-junction/no special feature,Paved,,Property Damage Only,0,0,0,0,0,0,2000,2,3,,POINT (-93.57663063169 41.724102440275)
2014802002,,05/27/2014,05-May,3-Tuesday,04:50,0400 Hours,District 2 (Northeast),,FAYETTE,,Co Rd B44/NATURE RD,Collision with:  Animal,On Roadway,Non-collision (single vehicle),Animal,None Indicated,,Dark - roadway not lighted,Dry,Clear,,Non-intersection:  Non-junction/no special feature,Paved,,Property Damage Only,0,0,0,0,0,0,5000,1,1,,POINT (-91.902394387598 43.029912134802)
2014800716,2014031304,05/27/2014,05-May,3-Tuesday,00:41,0000 Hours,District 6 (East Central),,IOWA,I-80,I-80,Collision with:  Animal,On Roadway,Non-collision (single vehicle),Animal,None Indicated,,Dark - roadway not lighted,Dry,Clear,None apparent,Non-intersection:  Non-junction/no special feature,Paved,,Property Damage Only,0,0,0,0,0,0,10000,1,1,,POINT (-91.872648793373 41.687269788596)
2014800693,14-9808,05/27/2014,05-May,3-Tuesday,08:35,0800 Hours,District 6 (East Central),BETTENDORF,SCOTT,US 67,US 67/GRANT ST,Collision with:  Vehicle in traffic,On Roadway,"Sideswipe, same direction",FTYROW:  Other (explain in narrative),None Indicated,,Daylight,Dry,Cloudy,None apparent,Intersection:  Four-way intersection,Paved,,Property Damage Only,0,0,0,0,0,0,5500,2,2,,POINT (-90.515185112613 41.526170994652)
2014800980,14-17760,05/27/2014,05-May,3-Tuesday,17:09,1700 Hours,District 5 (Southeast),,DES MOINES,US 61,US 61 & Co Rd H40/SPERRY RD & 190TH ST,Non-collision events:  Other non-collision (explain in narrative),On Roadway,"Sideswipe, same direction",Made improper turn,None Indicated,,Daylight,Wet,Cloudy,None apparent,Intersection:  Four-way intersection,Paved,,Property Damage Only,0,0,0,0,0,0,4000,2,2,,POINT (-91.170103629424 40.957342602991)
2014801516,14007746,05/27/2014,05-May,3-Tuesday,21:10,2100 Hours,District 6 (East Central),,CEDAR,,Co Rd F28/210TH,Collision with:  Animal,On Roadway,Non-collision (single vehicle),Animal,None Indicated,,Dark - roadway not lighted,Dry,Clear,None apparent,Non-intersection:  Non-junction/no special feature,Paved,,Property Damage Only,0,0,0,0,0,0,3000,1,1,,POINT (-91.269538776011 41.787047652946)
2014801262,20140014796,05/28/2014,05-May,4-Wednesday,14:45,1400 Hours,District 1 (Central),DES MOINES,POLK,,SE 5TH ST & E MCKINLEY AVE,Collision with:  Vehicle in traffic,On Roadway,Rear-end (front to rear),FTYROW:  Other (explain in narrative),None Indicated,,Daylight,Dry,Cloudy,None apparent,Intersection:  Four-way intersection,Paved,,Property Damage Only,0,0,0,0,0,0,3000,2,2,,POINT (-93.606482886617 41.540895721181)
2014800981,14-17916,05/28/2014,05-May,4-Wednesday,19:35,1900 Hours,District 5 (Southeast),BURLINGTON,DES MOINES,,MARKET ST,Collision with fixed object:  Utility pole/light support,On Roadway,Non-collision (single vehicle),Swerving/Evasive Action,None Indicated,,Daylight,Dry,Clear,None apparent,Non-intersection:  Non-junction/no special feature,Paved,,Property Damage Only,0,0,0,0,0,0,7500,1,1,,POINT (-91.113227329035 40.809798018051)
2014801494,,05/28/2014,05-May,4-Wednesday,21:32,2100 Hours,District 1 (Central),MONROE,JASPER,,S JASPER ST,Collision with:  Vehicle in traffic,On Roadway,"Angle, oncoming left turn",FTYROW:  Making left turn,None Indicated,,Dusk,Dry,Clear,None apparent,Intersection:  T-intersection,Paved,,Property Damage Only,0,0,0,0,0,0,4500,2,4,,POINT (-93.105530713866 41.513920126882)
2014802390,14-1165,05/28/2014,05-May,4-Wednesday,11:14,1100 Hours,District 1 (Central),URBANDALE,POLK,I-35,I-35 & IA 141/IOWA 141,Collision with:  Vehicle in traffic,On Roadway,Rear-end (front to rear),Other (explain in narrative):  Other,None Indicated,,Daylight,Dry,Clear,None apparent,"Interchange-related:  Off-ramp, diverge area",Paved,,Property Damage Only,0,0,0,0,0,0,3500,2,2,,POINT (-93.775002908168 41.650645047266)
2014804467,1405282305,05/28/2014,05-May,4-Wednesday,23:05,2300 Hours,District 6 (East Central),,JONES,US 151,US 151 & 130 ST,Non-collision events:  Overturn/rollover,On Roadway,Non-collision (single vehicle),Swerving/Evasive Action,None Indicated,,Dark - roadway not lighted,Dry,Cloudy,None apparent,Non-intersection:  Non-junction/no special feature,Paved,,Property Damage Only,0,0,0,0,0,0,40150,1,1,,POINT (-91.266775340738 42.117681204871)
2014800673,20140014740,05/28/2014,05-May,4-Wednesday,01:19,0100 Hours,District 1 (Central),DES MOINES,POLK,,HOLCOMB AVE & SAYLOR RD,Non-collision events:  Other non-collision (explain in narrative),Shoulder,Non-collision (single vehicle),FTYROW:  From stop sign,None Indicated,,Dark - roadway lighted,Dry,Clear,None apparent,Intersection:  T-intersection,Paved,,Property Damage Only,0,0,0,0,0,0,5000,1,1,,POINT (-93.613562463647 41.616321056769)
2014800672,20140014749,05/28/2014,05-May,4-Wednesday,06:28,0600 Hours,District 1 (Central),DES MOINES,POLK,,KNOB HILL DR & WINEGARDNER RD,Non-collision events:  Other non-collision (explain in narrative),On Roadway,"Sideswipe, same direction","Operating vehicle in an reckless, erratic, careless, negligent manner",None Indicated,,Daylight,Dry,Cloudy,None apparent,Non-intersection:  Non-junction/no special feature,Paved,,Property Damage Only,0,0,0,0,0,0,5000,2,1,,POINT (-93.531089579949 41.600041241582)