Iowa DOT Case Number,Law Enforcement Case Number,Date of Crash,Month of Crash,Day of Week,Time of Crash,Hour,DOT District,City Name,County Name,Route with System,Location Description,First Harmful Event,Location of First Harmful Event,Manner of Crash/Collision,Major Cause,Drug or Alcohol ,Environmental Conditions,Light Conditions,Surface Conditions,Weather Conditions,Roadway Contribution,Roadway Type,Roadway Surface,Work Zone,Crash Severity,Number of Fatalities,Number of Injuries,Number of Major Injuries,Number of Minor Injuries,Number of Possible Injuries,Number of Unknown Injuries,Amount of Property Damage,Number of Vehicles Involved,Total Number of Occupants,Travel Direction,Location
2014803680,20140014856,05/28/2014,05-May,4-Wednesday,23:13,2300 Hours,District 1 (Central),DES MOINES,POLK,,CAPITOL AVE,Collision with fixed object:  Tree,Outside trafficway,Non-collision (single vehicle),"Operating vehicle in an reckless, erratic, careless, negligent manner",Alcohol (Statutory),,Dark - roadway lighted,Dry,Cloudy,None apparent,Non-intersection:  Non-junction/no special feature,Paved,,Minor Injury,0,1,0,1,0,0,1500,1,1,,POINT (-93.597117592296 41.592781684227)
2014801049,14-002311,05/28/2014,05-May,4-Wednesday,16:10,1600 Hours,District 1 (Central),ANKENY,POLK,,SW STATE ST,Collision with:  Vehicle in traffic,On Roadway,Broadside (front to side),FTYROW:  From driveway,None Indicated,,Daylight,Dry,Clear,None apparent,Non-intersection:  Driveway access (within),Paved,,Property Damage Only,0,0,0,0,0,0,2500,2,2,,POINT (-93.621873032519 41.705438066575)
2014800805,2014005890,05/28/2014,05-May,4-Wednesday,16:51,1600 Hours,District 6 (East Central),IOWA CITY,JOHNSON,US 6,US 6/S RIVERSIDE DR & IA 1/IOWA 1 & OLD HIGHWAY 218,Collision with:  Vehicle in traffic,On Roadway,Rear-end (front to rear),Driver Distraction:  Manual operation of an electronic communication device,None Indicated,,Daylight,Dry,Clear,None apparent,Intersection:  Four-way intersection,Paved,,Property Damage Only,0,0,0,0,0,0,2500,2,2,,POINT (-91.54011241148 41.647471814659)
2014802694,2014031637,05/28/2014,05-May,4-Wednesday,13:30,1300 Hours,District 6 (East Central),,CEDAR,I-80,I-80,Collision with:  Vehicle in traffic,On Roadway,"Sideswipe, same direction",Other (explain in narrative):  Other,None Indicated,,Daylight,Dry,Cloudy,None apparent,Non-intersection:  Non-junction/no special feature,Paved,,Property Damage Only,0,0,0,0,0,0,3600,2,2,,POINT (-91.219257972891 41.660474889039)
2014800808,201407512,05/28/2014,05-May,4-Wednesday,17:45,1700 Hours,District 6 (East Central),CEDAR RAPIDS,LINN,,C ST RD SW,Collision with:  Vehicle in traffic,On Roadway,Rear-end (front to rear),Followed too close,None Indicated,,Daylight,Wet,Rain,None apparent,Non-intersection:  Non-junction/no special feature,Paved,,Property Damage Only,0,0,0,0,0,0,6000,2,2,,POINT (-91.637335828425 41.923406535933)
2014802968,A14042,05/28/2014,05-May,4-Wednesday,12:10,1200 Hours,District 5 (Southeast),KNOXVILLE,MARION,IA 14,IA 14/LINCOLN ST & W SOUTH ST,Collision with:  Vehicle in traffic,On Roadway,"Angle, oncoming left turn",FTYROW:  From stop sign,None Indicated,,Daylight,Dry,Cloudy,None apparent,Intersection:  T-intersection,Paved,,Property Damage Only,0,0,0,0,0,0,2500,2,4,,POINT (-93.109522628168 41.315209038704)
2014801087,2014-35010,05/28/2014,05-May,4-Wednesday,15:38,1500 Hours,District 6 (East Central),DAVENPORT,SCOTT,,W 3RD ST & CEDAR ST,Collision with:  Parked motor vehicle,On Roadway,"Sideswipe, same direction",Improper Backing,None Indicated,,Daylight,Dry,Clear,None apparent,Non-intersection:  Driveway access (within),Paved,,Property Damage Only,0,0,0,0,0,0,3000,2,1,,POINT (-90.607179786879 41.522304881349)
2014804065,0529141A,05/28/2014,05-May,4-Wednesday,23:55,2300 Hours,District 4 (Southwest),,PAGE,,T AVE,Collision with fixed object:  Ditch,Roadside,Non-collision (single vehicle),Ran off road - right,None Indicated,,Dark - roadway not lighted,Dry,Cloudy,None apparent,Non-intersection:  Non-junction/no special feature,Paved,,Possible/Unknown,0,1,0,0,0,1,4500,1,1,,POINT (-95.009566158082 40.673948888697)
2014802624,2014-35109,05/28/2014,05-May,4-Wednesday,22:07,2200 Hours,District 6 (East Central),DAVENPORT,SCOTT,,W 16TH ST,Collision with:  Vehicle in traffic,On Roadway,Rear-end (front to rear),Unknown,None Indicated,,Dark - roadway lighted,Dry,Clear,None apparent,Non-intersection:  Non-junction/no special feature,Paved,,Property Damage Only,0,0,0,0,0,0,5500,2,2,,POINT (-90.595677068008 41.535835682424)
2014801045,14-002307,05/28/2014,05-May,4-Wednesday,12:49,1200 Hours,District 1 (Central),ANKENY,POLK,I-35,I-35,Collision with:  Vehicle in traffic,On Roadway,Rear-end (front to rear),Swerving/Evasive Action,None Indicated,,Daylight,Dry,Clear,Obstruction in roadway,Non-intersection:  Non-junction/no special feature,Paved,,Property Damage Only,0,0,0,0,0,0,11037,3,4,,POINT (-93.576790749383 41.727218074805)
2014800854,14-2465,05/28/2014,05-May,4-Wednesday,16:35,1600 Hours,District 4 (Southwest),WEST DES MOINES,DALLAS,I-80,I-80 & JORDAN CREEK PKWY,Collision with:  Vehicle in traffic,On Roadway,Rear-end (front to rear),Followed too close,None Indicated,,Daylight,Dry,Clear,None apparent,Interchange-related:  On-ramp,Paved,,Property Damage Only,0,0,0,0,0,0,1700,2,3,,POINT (-93.808980368993 41.593314566958)
2014800863,14-021521,05/28/2014,05-May,4-Wednesday,07:25,0700 Hours,District 4 (Southwest),COUNCIL BLUFFS,POTTAWATTAMIE,,N BROADWAY,Collision with:  Vehicle in traffic,On Roadway,Rear-end (front to rear),Followed too close,None Indicated,,Daylight,Dry,Clear,None apparent,Non-intersection:  Non-junction/no special feature,Paved,,Property Damage Only,0,0,0,0,0,0,5500,2,2,,POINT (-95.835375786027 41.281427442886)
2014800761,201402390,05/28/2014,05-May,4-Wednesday,21:05,2100 Hours,District 1 (Central),,BOONE,,Co Rd E41/216TH DR,Collision with:  Animal,,,Animal,None Indicated,,,,,,,Paved,,Property Damage Only,0,0,0,0,0,0,6500,1,1,,POINT (-93.959581159255 42.036651607896)
2014800634,14010915,05/28/2014,05-May,4-Wednesday,07:22,0700 Hours,District 6 (East Central),MARION,LINN,US 151,US 151 & IA 100/COLLINS RD SE & SECRIST RD,Collision with:  Vehicle in traffic,On Roadway,Rear-end (front to rear),Other (explain in narrative):  Other,None Indicated,,Daylight,Dry,Clear,None apparent,Intersection:  Four-way intersection,Paved,,Property Damage Only,0,0,0,0,0,0,3000,2,3,,POINT (-91.55017482348 42.01990526226)
2014800838,20140014803,05/28/2014,05-May,4-Wednesday,16:10,1600 Hours,District 1 (Central),DES MOINES,POLK,,UNIVERSITY AVE & 19TH ST,Collision with:  Vehicle in traffic,On Roadway,"Angle, oncoming left turn",FTYROW:  Making left turn,None Indicated,,Daylight,Dry,Clear,None apparent,Intersection:  Four-way intersection,Paved,,Property Damage Only,0,0,0,0,0,0,5000,2,4,,POINT (-93.642559455971 41.600418021531)
2014800830,14-3542,05/28/2014,05-May,4-Wednesday,22:00,2200 Hours,District 1 (Central),,POLK,I-35,I-35 & US 69/NE 14TH ST,Collision with:  Vehicle in traffic,On Roadway,Rear-end (front to rear),Followed too close,None Indicated,,Dark - roadway lighted,Dry,Clear,None apparent,Non-intersection:  Non-junction/no special feature,Paved,,Property Damage Only,0,0,0,0,0,0,5500,2,2,,POINT (-93.600391829246 41.650870102625)
2014802022,14-5525,05/28/2014,05-May,4-Wednesday,11:47,1100 Hours,District 3 (Northwest),CARROLL,CARROLL,,CARROLL ST,Collision with:  Vehicle in traffic,On Roadway,Broadside (front to side),FTYROW:  From parked position,None Indicated,,Daylight,Dry,Clear,None apparent,Non-intersection:  Non-junction/no special feature,Paved,,Possible/Unknown,0,1,0,0,1,0,2700,2,3,,POINT (-94.871418444951 42.063545122565)
2014800938,2014031708,05/28/2014,05-May,4-Wednesday,09:40,0900 Hours,District 6 (East Central),,CEDAR,I-80,I-80,Collision with:  Animal,,,Animal,None Indicated,,,,,,,Paved,,Property Damage Only,0,0,0,0,0,0,6000,1,1,,POINT (-91.251547552815 41.663375547167)
2014800971,14-007407,05/28/2014,05-May,4-Wednesday,07:47,0700 Hours,District 3 (Northwest),,CLAY,,Co Rd B24/350TH ST,Collision with:  Vehicle in traffic,On Roadway,"Sideswipe, same direction",FTYROW:  Other (explain in narrative),None Indicated,,Daylight,Dry,Cloudy,None apparent,Non-intersection:  Non-junction/no special feature,Paved,,Property Damage Only,0,0,0,0,0,0,2500,2,2,,POINT (-95.25990858964 43.141613572959)
2014800562,14-9391,05/28/2014,05-May,4-Wednesday,04:34,0400 Hours,District 2 (Northeast),,BREMER,US 63,US 63,Collision with:  Animal,,,Animal,None Indicated,,,,,,,Paved,,Property Damage Only,0,0,0,0,0,0,3000,1,1,,POINT (-92.33646710425 42.753802346397)
2014826445,2014-3903,05/28/2014,05-May,4-Wednesday,07:45,0700 Hours,District 6 (East Central),LE CLAIRE,SCOTT,I-80,I-80 & US 67/CODY RD,Collision with:  Vehicle in traffic,On Roadway,Rear-end (front to rear),Followed too close,None Indicated,,Daylight,Dry,Clear,Work Zone (roadway-related),Non-intersection:  Non-junction/no special feature,Paved,Yes,Property Damage Only,0,0,0,0,0,0,6000,3,5,,POINT (-90.365453464892 41.584744879883)
2014801884,SO1402008,05/28/2014,05-May,4-Wednesday,05:40,0500 Hours,District 5 (Southeast),,JEFFERSON,,Co Rd H28/SALINA RD,Collision with:  Animal,,,Animal,None Indicated,,,,,,,Paved,,Property Damage Only,0,0,0,0,0,0,4500,1,1,,POINT (-91.867909279957 41.053081941292)
2014800845,20140014806,05/28/2014,05-May,4-Wednesday,16:40,1600 Hours,District 1 (Central),DES MOINES,POLK,US 6,US 6/EUCLID AVE,Collision with:  Vehicle in traffic,On Roadway,Rear-end (front to rear),Followed too close,None Indicated,,Daylight,Dry,Clear,None apparent,Non-intersection:  Non-junction/no special feature,Paved,,Minor Injury,0,1,0,1,0,0,5000,2,3,,POINT (-93.622842112612 41.627701290566)
2014802881,14-003907,05/28/2014,05-May,4-Wednesday,16:20,1600 Hours,District 4 (Southwest),PERRY,DALLAS,IA 141,IA 141/IOWA 141 & 10TH ST,Collision with:  Vehicle in traffic,On Roadway,Broadside (front to side),FTYROW:  From yield sign,None Indicated,,Daylight,Dry,Clear,None apparent,Intersection:  Four-way intersection,Paved,,Possible/Unknown,0,2,0,0,2,0,8000,2,4,,POINT (-94.094390179787 41.831590053659)
2014804466,1405282142,05/28/2014,05-May,4-Wednesday,21:42,2100 Hours,District 6 (East Central),,JONES,,BUSINESS HWY 151,Collision with:  Animal,,,Animal,None Indicated,,,,,,,Paved,,Property Damage Only,0,0,0,0,0,0,4000,1,1,,POINT (-91.188396494968 42.221380477229)
2014800985,01-14-22707,05/28/2014,05-May,4-Wednesday,07:29,0700 Hours,District 6 (East Central),DUBUQUE,DUBUQUE,,PENNSYLVANIA AVE & ALICIA ST,Collision with:  Vehicle in traffic,On Roadway,"Angle, oncoming left turn",FTYROW:  Making left turn,None Indicated,,Daylight,Dry,Clear,None apparent,Non-intersection:  Driveway access (within),Paved,,Possible/Unknown,0,1,0,0,1,0,18000,2,3,,POINT (-90.737664987418 42.501556454692)
2014800927,14-16619,05/28/2014,05-May,4-Wednesday,18:23,1800 Hours,District 3 (Northwest),SIOUX CITY,WOODBURY,,EUCLID AVE,Collision with fixed object:  Other fixed object (explain in narrative),On Roadway,Non-collision (single vehicle),Ran off road - right,Alcohol (Statutory),,Daylight,Dry,Clear,None apparent,Non-intersection:  Non-junction/no special feature,Paved,,Property Damage Only,0,0,0,0,0,0,1500,1,1,,POINT (-96.368327396699 42.488125235774)
2014800720,2014031519,05/28/2014,05-May,4-Wednesday,03:04,0300 Hours,District 4 (Southwest),WEST DES MOINES,DALLAS,I-80,I-80,Collision with:  Animal,,,Animal,None Indicated,,,,,,,Paved,,Property Damage Only,0,0,0,0,0,0,1501,1,1,,POINT (-93.857933984741 41.567018917171)
2014800864,14-021547,05/28/2014,05-May,4-Wednesday,11:21,1100 Hours,District 4 (Southwest),COUNCIL BLUFFS,POTTAWATTAMIE,,FRANK ST,Collision with fixed object:  Other fixed object (explain in narrative),Outside trafficway,Non-collision (single vehicle),Lost Control,None Indicated,,Daylight,Dry,Cloudy,None apparent,Non-intersection:  Non-junction/no special feature,Paved,,Possible/Unknown,0,1,0,0,1,0,16000,1,1,,POINT (-95.837068520391 41.265111213607)
2014800850,14-1169,05/28/2014,05-May,4-Wednesday,15:40,1500 Hours,District 1 (Central),URBANDALE,POLK,I-35,I-35 & IA 28/MERLE HAY RD,Collision with:  Vehicle in traffic,On Roadway,"Sideswipe, same direction",Unknown,None Indicated,,Daylight,Dry,Clear,None apparent,Non-intersection:  Non-junction/no special feature,Paved,,Property Damage Only,0,0,0,0,0,0,3800,2,3,,POINT (-93.697710974552 41.652770504266)
2014802103,1400000455,05/28/2014,05-May,4-Wednesday,20:49,2000 Hours,District 1 (Central),,MARSHALL,,UNDERWOOD AVE,Collision with:  Animal,,,Animal,None Indicated,,,,,,,Unpaved,,Property Damage Only,0,0,0,0,0,0,2000,1,1,,POINT (-92.863664297678 42.073482986153)
2014800803,14-150522-01,05/28/2014,05-May,4-Wednesday,21:30,2100 Hours,District 6 (East Central),,IOWA,,Co Rd F52/F52 TRL,Collision with:  Animal,,,Animal,None Indicated,,,,,,,Paved,,Property Damage Only,0,0,0,0,0,0,1500,1,1,,POINT (-91.944048108249 41.595995086321)
2014800851,14-1171,05/28/2014,05-May,4-Wednesday,18:17,1800 Hours,District 1 (Central),URBANDALE,POLK,IA 28,IA 28/MERLE HAY RD & SUTTON PL & FRONTAGE RD CONN,Collision with:  Vehicle in traffic,On Roadway,Rear-end (front to rear),Unknown,None Indicated,,Daylight,Dry,Clear,None apparent,Intersection:  Four-way intersection,Paved,,Property Damage Only,0,0,0,0,0,0,1600,2,2,,POINT (-93.697675555688 41.64837523577)
2014810013,2014-002944,05/28/2014,05-May,4-Wednesday,16:12,1600 Hours,District 6 (East Central),,BENTON,,24 AVE DR,Collision with:  Vehicle in traffic,On Roadway,"Sideswipe, opposite direction",Other (explain in narrative):  Other,None Indicated,,Daylight,Dry,Clear,None apparent,Non-intersection:  Non-junction/no special feature,Unpaved,,Minor Injury,0,2,0,2,0,0,5000,2,3,,POINT (-92.017162124105 42.234620848888)
2014800561,201402380,05/28/2014,05-May,4-Wednesday,05:34,0500 Hours,District 1 (Central),,BOONE,US 30,US 30/NE RAMP/NW RAMP & IA 17/S AVE,Collision with:  Animal,,,Animal,None Indicated,,,,,,,Paved,,Property Damage Only,0,0,0,0,0,0,4500,1,1,,POINT (-93.815421015437 42.036370358488)
2014800865,14-021553,05/28/2014,05-May,4-Wednesday,11:47,1100 Hours,District 4 (Southwest),COUNCIL BLUFFS,POTTAWATTAMIE,US 6,US 6/KANESVILLE BLVD & OAKLAND AVE,Collision with:  Vehicle in traffic,On Roadway,Rear-end (front to rear),Followed too close,None Indicated,,Daylight,Dry,Clear,None apparent,Non-intersection:  Non-junction/no special feature,Paved,,Property Damage Only,0,0,0,0,0,0,2000,2,4,,POINT (-95.848377124963 41.263300686357)
2014802085,201401762,05/28/2014,05-May,4-Wednesday,17:51,1700 Hours,District 6 (East Central),CEDAR RAPIDS,LINN,,EAST POST RD,Collision with:  Vehicle in traffic,On Roadway,Rear-end (front to rear),Followed too close,None Indicated,,Daylight,Dry,Cloudy,None apparent,Intersection:  Four-way intersection,Paved,,Property Damage Only,0,0,0,0,0,0,3500,3,4,,POINT (-91.599155827311 42.005400919187)
2014800773,CL14001705,05/28/2014,05-May,4-Wednesday,21:01,2100 Hours,District 6 (East Central),CLINTON,CLINTON,US 30,US 30,Collision with:  Animal,On Roadway,Non-collision (single vehicle),Animal,None Indicated,,Dark - roadway not lighted,Wet,Cloudy,None apparent,Non-intersection:  Non-junction/no special feature,Paved,,Property Damage Only,0,0,0,0,0,0,3000,1,1,,POINT (-90.277685606403 41.815295647604)
2014800837,20140014794,05/28/2014,05-May,4-Wednesday,14:54,1400 Hours,District 1 (Central),DES MOINES,POLK,,GRAND AVE & 9TH ST,Collision with:  Vehicle in traffic,On Roadway,Broadside (front to side),Ran Traffic Signal,None Indicated,,Daylight,Dry,Cloudy,None apparent,Intersection:  Four-way intersection,Paved,,Property Damage Only,0,0,0,0,0,0,7000,2,3,,POINT (-93.628977167916 41.586982270537)
2014801233,2014005137,05/28/2014,05-May,4-Wednesday,09:49,0900 Hours,District 1 (Central),MARSHALLTOWN,MARSHALL,IA 14,IA 14/S CENTER ST/E ANSON ST & W ANSON ST,Collision with:  Vehicle in traffic,On Roadway,Rear-end (front to rear),Driver Distraction:  Manual operation of an electronic communication device,None Indicated,,Daylight,Dry,Cloudy,None apparent,Intersection:  Four-way intersection,Paved,,Possible/Unknown,0,2,0,0,2,0,5000,2,2,,POINT (-92.912780431506 42.03816198838)
2014803592,B14-1000,05/28/2014,05-May,4-Wednesday,09:48,0900 Hours,District 3 (Northwest),SERGEANT BLUFF,WOODBURY,,Co Rd K45/OLD HWY 75 & WARRIOR RD & S LEWIS BLVD,Collision with:  Vehicle in traffic,On Roadway,Broadside (front to side),Ran Stop Sign,None Indicated,,Daylight,Dry,Clear,None apparent,Intersection:  Four-way intersection,Paved,,Property Damage Only,0,0,0,0,0,0,10000,2,3,,POINT (-96.349277176361 42.393316628285)
2014800866,14-021554,05/28/2014,05-May,4-Wednesday,11:53,1100 Hours,District 4 (Southwest),COUNCIL BLUFFS,POTTAWATTAMIE,,AVE B & N 29TH ST,Collision with:  Vehicle in traffic,On Roadway,Broadside (front to side),FTYROW:  From stop sign,None Indicated,,Daylight,Dry,Clear,None apparent,Intersection:  Four-way intersection,Paved,,Minor Injury,0,1,0,1,0,0,4800,2,2,,POINT (-95.890744786379 41.263720886154)
2014810014,2014-002949,05/28/2014,05-May,4-Wednesday,20:35,2000 Hours,District 6 (East Central),,BENTON,,Co Rd V40/13 AVE,Collision with fixed object:  Ditch,Roadside,Non-collision (single vehicle),Swerving/Evasive Action,None Indicated,,Daylight,Dry,Cloudy,None apparent,Non-intersection:  Non-junction/no special feature,Unpaved,,Minor Injury,0,2,0,2,0,0,2500,1,2,,POINT (-92.240064232314 42.268484460814)
2014801068,14-000618,05/28/2014,05-May,4-Wednesday,12:18,1200 Hours,District 1 (Central),JOHNSTON,POLK,,NW 86TH ST,Collision with:  Vehicle in traffic,On Roadway,Rear-end (front to rear),Driver Distraction:  Manual operation of an electronic communication device,None Indicated,,Daylight,Dry,Cloudy,None apparent,Intersection:  Other intersection (explain in narrative),Paved,,Property Damage Only,0,0,0,0,0,0,6000,2,2,,POINT (-93.736459473708 41.674352985496)
2014800954,201402386,05/28/2014,05-May,4-Wednesday,13:03,1300 Hours,District 1 (Central),,BOONE,,E AVE & 105TH ST,Collision with:  Vehicle in traffic,On Roadway,Broadside (front to side),FTYROW:  At uncontrolled intersection,None Indicated,,Daylight,"Mud, dirt",Cloudy,None apparent,Intersection:  Four-way intersection,Unpaved,,Minor Injury,0,2,0,2,0,0,20500,2,2,,POINT (-94.086609812676 42.202568341862)
2014808063,2014031523,05/28/2014,05-May,4-Wednesday,05:15,0500 Hours,District 2 (Northeast),,WORTH,I-35,I-35,Collision with:  Animal,,,Animal,None Indicated,,,,,,,Paved,,Property Damage Only,0,0,0,0,0,0,1500,1,1,,POINT (-93.349961452823 43.277690001121)
2014804927,,05/28/2014,05-May,4-Wednesday,17:28,1700 Hours,District 5 (Southeast),,MUSCATINE,,Co Rd Y36/171ST ST/ZACHARY AVE,Collision with:  Vehicle in traffic,On Roadway,Rear-end (front to rear),Improper Backing,None Indicated,,Daylight,Dry,Clear,None apparent,Intersection:  T-intersection,Paved,,Property Damage Only,0,0,0,0,0,0,10000,2,2,,POINT (-90.804857762795 41.491205246153)
2014800759,W14-052625,05/28/2014,05-May,4-Wednesday,14:17,1400 Hours,District 2 (Northeast),WATERLOO,BLACK HAWK,,E 11TH ST & FRANKLIN ST,Collision with:  Vehicle in traffic,On Roadway,"Angle, oncoming left turn",FTYROW:  Making left turn,None Indicated,,Daylight,Dry,Cloudy,None apparent,Intersection:  Four-way intersection,Paved,,Property Damage Only,0,0,0,0,0,0,5500,2,2,,POINT (-92.325790884241 42.495773716529)
2014801535,14-4220,05/28/2014,05-May,4-Wednesday,09:50,0900 Hours,District 3 (Northwest),HOLSTEIN,IDA,,W 2ND ST,Collision with:  Non-motorist (see non-motorist section - NOT a unit),Outside trafficway,Non-collision (single vehicle),Unknown,None Indicated,,Daylight,Dry,Clear,None apparent,Non-intersection:  Driveway access (within),Paved,,Minor Injury,0,1,0,1,0,0,0,1,1,,POINT (-95.545271403902 42.489270093874)
2014800987,01-14-22784,05/28/2014,05-May,4-Wednesday,17:23,1700 Hours,District 6 (East Central),DUBUQUE,DUBUQUE,,MAIN ST,Collision with:  Vehicle in traffic,On Roadway,"Sideswipe, same direction",Other (explain in narrative):  Other,None Indicated,,Daylight,Dry,Clear,None apparent,Non-intersection:  Non-junction/no special feature,Paved,,Property Damage Only,0,0,0,0,0,0,3500,2,3,,POINT (-90.664332273696 42.495591039392)
2014808103,2014031554,05/28/2014,05-May,4-Wednesday,08:26,0800 Hours,District 1 (Central),,HAMILTON,I-35,I-35,Collision with:  Animal,,Non-collision (single vehicle),Animal,None Indicated,,,,,,,Paved,,Property Damage Only,0,0,0,0,0,0,2500,1,1,,POINT (-93.569402467473 42.315466110873)
2014800928,14-16633,05/28/2014,05-May,4-Wednesday,21:53,2100 Hours,District 3 (Northwest),SIOUX CITY,WOODBURY,US 75,US 75,Collision with:  Animal,On Roadway,Non-collision (single vehicle),Animal,None Indicated,,Dark - roadway not lighted,Dry,Clear,None apparent,Non-intersection:  Non-junction/no special feature,Paved,,Minor Injury,0,1,0,1,0,0,1000,1,1,,POINT (-96.339891896389 42.541499676175)
2014800939,2014031709,05/28/2014,05-May,4-Wednesday,09:45,0900 Hours,District 6 (East Central),,CEDAR,I-80,I-80,Collision with:  Animal,,,Animal,None Indicated,,,,,,,Paved,,Property Damage Only,0,0,0,0,0,0,1500,1,1,,POINT (-91.251547552815 41.663375547167)
2014802018,14-005539,05/28/2014,05-May,4-Wednesday,17:58,1700 Hours,District 3 (Northwest),,CARROLL,US 30,US 30,Collision with:  Vehicle in traffic,On Roadway,"Sideswipe, opposite direction",Crossed centerline (undivided),None Indicated,,Daylight,Dry,Cloudy,None apparent,Non-intersection:  Non-junction/no special feature,Paved,,Major Injury,0,2,1,0,1,0,3000,2,2,,POINT (-94.658222131701 42.063681361759)
2014801064,14-1163,05/28/2014,05-May,4-Wednesday,08:00,0800 Hours,District 1 (Central),URBANDALE,POLK,I-35,I-35,Collision with fixed object:  Traffic sign support,On Roadway,Non-collision (single vehicle),Ran off road - right,None Indicated,,Daylight,Dry,Clear,None apparent,Non-intersection:  Non-junction/no special feature,Paved,,Property Damage Only,0,0,0,0,0,0,3000,1,1,,POINT (-93.757864811471 41.651578974203)
2014802452,201400025592,05/28/2014,05-May,4-Wednesday,14:36,1400 Hours,District 5 (Southeast),OTTUMWA,WAPELLO,,E 2ND ST & S JEFFERSON ST & N JEFFERSON ST,Collision with:  Vehicle in traffic,On Roadway,Unknown,FTYROW:  From stop sign,None Indicated,,Daylight,Dry,Clear,None apparent,Intersection:  Four-way intersection,Paved,,Minor Injury,0,2,0,1,1,0,1000,2,3,,POINT (-92.408323027463 41.016037866158)
2014805396,,05/28/2014,05-May,4-Wednesday,19:39,1900 Hours,District 2 (Northeast),DECORAH,WINNESHIEK,,DECORAH AVE,Collision with:  Parked motor vehicle,On Roadway,Broadside (front to side),FTYROW:  Other (explain in narrative),None Indicated,,Daylight,Dry,Clear,None apparent,Non-intersection:  Non-junction/no special feature,Paved,,Property Damage Only,0,0,0,0,0,0,1500,2,1,,POINT (-91.777702902836 43.306037749006)
2014800937,2014031585,05/28/2014,05-May,4-Wednesday,09:30,0900 Hours,District 1 (Central),,JASPER,IA 330,IA 330/IOWA 330 N & Co Rd F17/HWY F-17 W,Collision with:  Vehicle in traffic,On Roadway,Broadside (front to side),FTYROW:  From yield sign,None Indicated,,Daylight,Dry,Cloudy,None apparent,Intersection:  Four-way intersection,Paved,,Property Damage Only,0,0,0,0,0,0,13000,2,5,,POINT (-93.294305131919 41.820610640885)
2014809949,14-3671PD,05/28/2014,05-May,4-Wednesday,15:00,1500 Hours,District 1 (Central),BOONE,BOONE,,W PARK AVE,Collision with:  Parked motor vehicle,On Roadway,Unknown,Unknown,None Indicated,,Daylight,Dry,Cloudy,None apparent,Non-intersection:  Non-junction/no special feature,Paved,,Property Damage Only,0,0,0,0,0,0,1500,2,1,,POINT (-93.893985981465 42.049240978642)
2014800788,14-17899,05/28/2014,05-May,4-Wednesday,17:39,1700 Hours,District 5 (Southeast),BURLINGTON,DES MOINES,US 34,US 34/SE RAMP,Collision with:  Vehicle in traffic,On Roadway,Rear-end (front to rear),Followed too close,None Indicated,,Daylight,Dry,Clear,Work Zone (roadway-related),Interchange-related:  On-ramp merge area,Paved,Yes,Property Damage Only,0,0,0,0,0,0,2500,2,6,,POINT (-91.138785982329 40.817491606153)
2014800698,14-1586,05/28/2014,05-May,4-Wednesday,12:57,1200 Hours,District 1 (Central),FORT DODGE,WEBSTER,,S 32ND ST & 1ST AVE S & N 32ND ST,Collision with:  Vehicle in traffic,On Roadway,Broadside (front to side),FTYROW:  Other (explain in narrative),None Indicated,,Daylight,Dry,Cloudy,None apparent,Non-intersection:  Non-junction/no special feature,Paved,,Property Damage Only,0,0,0,0,0,0,2350,2,2,,POINT (-94.149749661883 42.505344914937)
2014800919,14C02438,05/28/2014,05-May,4-Wednesday,22:18,2200 Hours,District 4 (Southwest),CRESTON,UNION,,W PRAIRIE ST & N DIVISION ST,Collision with:  Vehicle in traffic,On Roadway,Broadside (front to side),Other (explain in narrative):  Other,None Indicated,,Dark - roadway lighted,Dry,Clear,None apparent,Intersection:  Four-way intersection,Paved,,Property Damage Only,0,0,0,0,0,0,1800,2,3,,POINT (-94.366284308585 41.067964117887)
2014800914,14002557,05/28/2014,05-May,4-Wednesday,11:48,1100 Hours,District 1 (Central),AMES,STORY,,WELCH AVE,Collision with:  Vehicle in traffic,On Roadway,Broadside (front to side),FTYROW:  Other (explain in narrative),None Indicated,,Daylight,Dry,Cloudy,None apparent,Non-intersection:  Alley,Paved,,Property Damage Only,0,0,0,0,0,0,8000,2,2,,POINT (-93.650144099585 42.021952309036)
2014801047,14-002319,05/28/2014,05-May,4-Wednesday,21:40,2100 Hours,District 1 (Central),ANKENY,POLK,I-35,I-35,Collision with:  Animal,On Roadway,Non-collision (single vehicle),Animal,None Indicated,,Dark - roadway not lighted,Dry,Clear,None apparent,Non-intersection:  Non-junction/no special feature,Paved,,Property Damage Only,0,0,0,0,0,0,6500,1,1,,POINT (-93.576723627399 41.726434798269)
2014800926,14-16593,05/28/2014,05-May,4-Wednesday,15:33,1500 Hours,District 3 (Northwest),SIOUX CITY,WOODBURY,,SINGING HILLS BLVD & HARBOR DR,Collision with:  Vehicle in traffic,On Roadway,Broadside (front to side),FTYROW:  Making left turn,None Indicated,,Daylight,Dry,Clear,None apparent,Intersection:  Four-way intersection,Paved,,Property Damage Only,0,0,0,0,0,0,6000,2,2,,POINT (-96.378674004506 42.43400022327)
2014800867,14-021581,05/28/2014,05-May,4-Wednesday,15:41,1500 Hours,District 4 (Southwest),COUNCIL BLUFFS,POTTAWATTAMIE,,5TH AVE & S 34TH ST,Collision with:  Non-motorist (see non-motorist section - NOT a unit),On Roadway,Non-collision (single vehicle),Other (explain in narrative):  No improper action,None Indicated,,Daylight,Dry,Clear,None apparent,Intersection:  Four-way intersection,Paved,,Minor Injury,0,1,0,1,0,0,1000,1,1,,POINT (-95.899389064265 41.257306996318)