Iowa DOT Case Number,Law Enforcement Case Number,Date of Crash,Month of Crash,Day of Week,Time of Crash,Hour,DOT District,City Name,County Name,Route with System,Location Description,First Harmful Event,Location of First Harmful Event,Manner of Crash/Collision,Major Cause,Drug or Alcohol ,Environmental Conditions,Light Conditions,Surface Conditions,Weather Conditions,Roadway Contribution,Roadway Type,Roadway Surface,Work Zone,Crash Severity,Number of Fatalities,Number of Injuries,Number of Major Injuries,Number of Minor Injuries,Number of Possible Injuries,Number of Unknown Injuries,Amount of Property Damage,Number of Vehicles Involved,Total Number of Occupants,Travel Direction,Location
2014801420,14-006144,05/29/2014,05-May,5-Thursday,16:17,1600 Hours,District 1 (Central),,TAMA,,H AVE,Non-collision events:  Overturn/rollover,On Roadway,Non-collision (single vehicle),Driving too fast for conditions,None Indicated,,Daylight,Dry,Clear,None apparent,Intersection:  Four-way intersection,Unpaved,,Property Damage Only,0,0,0,0,0,0,1501,1,3,,POINT (-92.634838712522 42.016493770097)
2014801059,20140014976,05/29/2014,05-May,5-Thursday,23:52,2300 Hours,District 1 (Central),DES MOINES,POLK,,,Collision with fixed object:  Utility pole/light support,On Roadway,Non-collision (single vehicle),Exceeded authorized speed,None Indicated,,Dark - roadway lighted,"Mud, dirt",Cloudy,None apparent,Non-intersection:  Alley,,,Property Damage Only,0,0,0,0,0,0,3000,1,1,,POINT (-96.643700149993 40.233091251414)
2014801426,2014-11350,05/29/2014,05-May,5-Thursday,16:43,1600 Hours,District 5 (Southeast),INDIANOLA,WARREN,US 65,US 65/N JEFFERSON WAY & E CLINTON AVE,Collision with:  Vehicle in traffic,On Roadway,"Angle, oncoming left turn",FTYROW:  Making left turn,None Indicated,,Daylight,Dry,Clear,None apparent,Intersection:  Four-way intersection,Paved,,Possible/Unknown,0,1,0,0,1,0,4000,2,4,,POINT (-93.558357482595 41.363331898253)
2014802163,,05/29/2014,05-May,5-Thursday,15:15,1500 Hours,District 6 (East Central),CEDAR RAPIDS,LINN,,JOHNSON AVE NW & 22ND ST NW,Collision with:  Vehicle in traffic,On Roadway,Rear-end (front to rear),Unknown,None Indicated,,Daylight,Dry,Clear,,Intersection:  Other intersection (explain in narrative),Paved,,Possible/Unknown,0,1,0,0,1,0,3000,2,5,,POINT (-91.703292396073 41.974552794172)
2014801258,14-0604,05/29/2014,05-May,5-Thursday,11:02,1100 Hours,District 1 (Central),CLIVE,POLK,,NW 86TH ST,Collision with:  Vehicle in traffic,On Roadway,Rear-end (front to rear),Exceeded authorized speed,None Indicated,,Daylight,Dry,Cloudy,None apparent,Non-intersection:  Non-junction/no special feature,Paved,,Possible/Unknown,0,1,0,0,1,0,12000,4,5,,POINT (-93.736476108778 41.61359972418)
2014804026,E14292116,05/29/2014,05-May,5-Thursday,21:16,2100 Hours,District 2 (Northeast),,FRANKLIN,I-35,I-35,Collision with:  Animal,,,Animal,None Indicated,,,,,,,Paved,,Property Damage Only,0,0,0,0,0,0,5000,1,1,,POINT (-93.363753384309 42.797778555291)
2014801481,,05/29/2014,05-May,5-Thursday,22:25,2200 Hours,District 4 (Southwest),,ADAIR,I-80,I-80,Collision with:  Animal,On Roadway,Non-collision (single vehicle),Animal,None Indicated,,,,,,,Paved,,Property Damage Only,0,0,0,0,0,0,2500,1,1,,POINT (-94.342799072138 41.493041680113)
2014801091,2014-35363,05/29/2014,05-May,5-Thursday,17:40,1700 Hours,District 6 (East Central),DAVENPORT,SCOTT,,E 53RD ST,Collision with:  Vehicle in traffic,On Roadway,"Sideswipe, same direction",Swerving/Evasive Action,None Indicated,,Daylight,Dry,Cloudy,None apparent,Non-intersection:  Non-junction/no special feature,Paved,,Property Damage Only,0,0,0,0,0,0,3000,2,2,,POINT (-90.538172185984 41.574804673077)
2014801095,14-1592,05/29/2014,05-May,5-Thursday,00:10,0000 Hours,District 1 (Central),FORT DODGE,WEBSTER,,N 7TH ST,Collision with:  Animal,On Roadway,Non-collision (single vehicle),Animal,None Indicated,,Dark - roadway lighted,Dry,Clear,None apparent,Non-intersection:  Non-junction/no special feature,Paved,,Minor Injury,0,1,0,1,0,0,10000,1,1,,POINT (-94.193645206052 42.525483074511)
2014803881,14-9967,05/29/2014,05-May,5-Thursday,19:19,1900 Hours,District 6 (East Central),BETTENDORF,SCOTT,I-74,I-74,Collision with:  Animal,On Roadway,Non-collision (single vehicle),Animal,None Indicated,,Daylight,Dry,Clear,None apparent,Non-intersection:  Non-junction/no special feature,Paved,,Property Damage Only,0,0,0,0,0,0,3000,1,4,,POINT (-90.515572018174 41.532970161805)
2014801096,14-1593,05/29/2014,05-May,5-Thursday,06:57,0600 Hours,District 1 (Central),FORT DODGE,WEBSTER,,3RD AVE S,Collision with:  Parked motor vehicle,On Roadway,"Sideswipe, same direction",Unknown,None Indicated,,Unknown,Unknown,Unknown,Unknown,Non-intersection:  Non-junction/no special feature,Paved,,Property Damage Only,0,0,0,0,0,0,1500,2,1,,POINT (-94.191349858619 42.501434763848)
2014801093,2014-0183,05/29/2014,05-May,5-Thursday,11:36,1100 Hours,District 5 (Southeast),NORWALK,WARREN,IA 28,IA 28/SUNSET DR & NORTH AVE,Collision with:  Vehicle in traffic,On Roadway,"Sideswipe, same direction",Improper Backing,None Indicated,,Daylight,Dry,Clear,None apparent,Non-intersection:  Non-junction/no special feature,Paved,,Property Damage Only,0,0,0,0,0,0,6000,2,4,,POINT (-93.682486931975 41.475364533768)
2014801111,2014031893,05/29/2014,05-May,5-Thursday,15:23,1500 Hours,District 5 (Southeast),,CLARKE,I-35,I-35,Collision with fixed object:  Other fixed object (explain in narrative),Median,Non-collision (single vehicle),Swerving/Evasive Action,None Indicated,,Daylight,Dry,Clear,None apparent,Non-intersection:  Crossover-related,Paved,,Property Damage Only,0,0,0,0,0,0,2100,1,2,,POINT (-93.77865945382 41.10570025563)
2014800973,CL14001718,05/29/2014,05-May,5-Thursday,15:45,1500 Hours,District 6 (East Central),CLINTON,CLINTON,US 30,US 30/LINCOLN WAY & LIBERTY AVE & HARRISON DR,Collision with:  Vehicle in traffic,On Roadway,Rear-end (front to rear),Followed too close,None Indicated,,Daylight,Dry,Cloudy,None apparent,Non-intersection:  Non-junction/no special feature,Paved,,Possible/Unknown,0,1,0,0,1,0,3000,2,2,,POINT (-90.237688631562 41.815699959792)
2014801435,14-16699,05/29/2014,05-May,5-Thursday,11:44,1100 Hours,District 3 (Northwest),SIOUX CITY,WOODBURY,,29TH ST,Collision with:  Vehicle in traffic,On Roadway,Broadside (front to side),FTYROW:  Other (explain in narrative),None Indicated,,Daylight,Dry,Cloudy,None apparent,Non-intersection:  Alley,Paved,,Property Damage Only,0,0,0,0,0,0,4200,2,3,,POINT (-96.404550111147 42.520676421727)
2014801053,20140014945,05/29/2014,05-May,5-Thursday,17:30,1700 Hours,District 1 (Central),DES MOINES,POLK,,INDIANAPOLIS AVE & E 30TH ST,Collision with:  Vehicle in traffic,On Roadway,Broadside (front to side),FTYROW:  From stop sign,None Indicated,,Daylight,Dry,Clear,None apparent,Intersection:  Four-way intersection,Paved,,Property Damage Only,0,0,0,0,0,0,7000,2,3,,POINT (-93.558392060367 41.605946726449)
2014801439,14-16685,05/29/2014,05-May,5-Thursday,10:03,1000 Hours,District 3 (Northwest),SIOUX CITY,WOODBURY,IA 376,IA 376/LEWIS BLVD & 11TH ST,Collision with:  Vehicle in traffic,On Roadway,"Sideswipe, same direction",Unknown,None Indicated,,Daylight,Dry,Clear,None apparent,Intersection:  Four-way intersection,Paved,,Property Damage Only,0,0,0,0,0,0,3000,2,2,,POINT (-96.378297775782 42.501788424272)
2014801101,14-16718,05/29/2014,05-May,5-Thursday,15:29,1500 Hours,District 3 (Northwest),SIOUX CITY,WOODBURY,IA 12,IA 12/GORDON DR & COURT ST,Collision with:  Vehicle in traffic,On Roadway,Rear-end (front to rear),Driving too fast for conditions,None Indicated,,Daylight,Dry,Clear,Work Zone (roadway-related),Intersection:  Four-way intersection,Paved,Yes,Property Damage Only,0,0,0,0,0,0,4500,3,4,,POINT (-96.396301864537 42.489774962752)
2014800842,20140014881,05/29/2014,05-May,5-Thursday,07:45,0700 Hours,District 1 (Central),DES MOINES,POLK,,COLLEGE AVE & 2ND AVE,Collision with:  Vehicle in traffic,On Roadway,"Sideswipe, same direction",Improper or erratic lane changing,None Indicated,,Daylight,Dry,Clear,None apparent,Non-intersection:  Non-junction/no special feature,Paved,,Property Damage Only,0,0,0,0,0,0,6000,2,2,,POINT (-93.619781186622 41.607676800298)
2014801440,14-16719,05/29/2014,05-May,5-Thursday,15:27,1500 Hours,District 3 (Northwest),SIOUX CITY,WOODBURY,,W 19TH ST & ROSS ST,Collision with:  Vehicle in traffic,On Roadway,Broadside (front to side),FTYROW:  From stop sign,None Indicated,,Daylight,Dry,Clear,None apparent,Intersection:  Four-way intersection,Paved,,Property Damage Only,0,0,0,0,0,0,2000,2,3,,POINT (-96.428599885907 42.51038686444)
2014801076,14-9925,05/29/2014,05-May,5-Thursday,07:31,0700 Hours,District 6 (East Central),BETTENDORF,SCOTT,,SUTTON PL & 18TH ST,Collision with:  Vehicle in traffic,On Roadway,"Sideswipe, same direction",FTYROW:  From driveway,None Indicated,,Daylight,Dry,Clear,None apparent,Non-intersection:  Driveway access (within),Paved,,Property Damage Only,0,0,0,0,0,0,2500,2,3,,POINT (-90.504931452793 41.548473739238)
2014801980,2014-11342,05/29/2014,05-May,5-Thursday,15:34,1500 Hours,District 5 (Southeast),INDIANOLA,WARREN,IA 92,IA 92/E 2ND AVE,Collision with:  Vehicle in traffic,On Roadway,Rear-end (front to rear),Lost Control,None Indicated,,Daylight,Dry,Clear,None apparent,Non-intersection:  Non-junction/no special feature,Paved,,Possible/Unknown,0,1,0,0,1,0,2500,2,4,,POINT (-93.559139327754 41.35829284419)
2014801194,80-14-167,05/29/2014,05-May,5-Thursday,11:27,1100 Hours,District 2 (Northeast),HUMBOLDT,HUMBOLDT,IA 3,IA 3/10TH AVE N & 15TH ST N,Collision with:  Vehicle in traffic,On Roadway,Rear-end (front to rear),Unknown,None Indicated,,Daylight,Dry,Clear,None apparent,Intersection:  Four-way intersection,Paved,,Property Damage Only,0,0,0,0,0,0,11000,2,2,,POINT (-94.230198255891 42.731844768648)
2014800974,CL14001720,05/29/2014,05-May,5-Thursday,15:59,1500 Hours,District 6 (East Central),CLINTON,CLINTON,,18TH AVE N,Collision with:  Vehicle in traffic,On Roadway,Rear-end (front to rear),Improper Backing,None Indicated,,Daylight,Dry,Cloudy,None apparent,Non-intersection:  Non-junction/no special feature,Paved,,Property Damage Only,0,0,0,0,0,0,1500,2,2,,POINT (-90.183253698723 41.865025123008)
2014801431,14-16672,05/29/2014,05-May,5-Thursday,09:13,0900 Hours,District 3 (Northwest),SIOUX CITY,WOODBURY,,25TH ST & PIERCE ST,Collision with:  Vehicle in traffic,On Roadway,"Angle, oncoming left turn",FTYROW:  Making left turn,None Indicated,,Daylight,Dry,Clear,None apparent,Intersection:  Four-way intersection,Paved,,Possible/Unknown,0,1,0,0,1,0,3500,2,2,,POINT (-96.405145290522 42.516174497776)
2014810230,2014-002973,05/29/2014,05-May,5-Thursday,17:28,1700 Hours,District 6 (East Central),,BENTON,US 218,US 218/58 ST,Collision with:  Vehicle in traffic,On Roadway,"Sideswipe, opposite direction",Crossed centerline (undivided),None Indicated,,Daylight,Dry,Clear,None apparent,Non-intersection:  Non-junction/no special feature,Paved,,Property Damage Only,0,0,0,0,0,0,2400,2,2,,POINT (-92.079932767033 42.180825029969)
2014801259,14-0606,05/29/2014,05-May,5-Thursday,13:38,1300 Hours,District 1 (Central),URBANDALE,POLK,US 6,US 6/HICKMAN RD & WOODLANDS PKWY,Collision with:  Vehicle in traffic,On Roadway,Rear-end (front to rear),Followed too close,None Indicated,,Daylight,Dry,Cloudy,None apparent,Non-intersection:  Non-junction/no special feature,Paved,,Property Damage Only,0,0,0,0,0,0,5000,3,6,,POINT (-93.800164649657 41.614939463772)
2014801441,2014031735,05/29/2014,05-May,5-Thursday,05:41,0500 Hours,District 2 (Northeast),,CERRO GORDO,US 18,US 18,Collision with:  Animal,,,Animal,None Indicated,,,,,,,Paved,,Property Damage Only,0,0,0,0,0,0,1500,1,1,,POINT (-93.025407425222 43.116514694286)
2014801139,14-9527,05/29/2014,05-May,5-Thursday,19:27,1900 Hours,District 2 (Northeast),,BREMER,US 218,US 218,Collision with fixed object:  Ditch,Shoulder,Non-collision (single vehicle),Ran off road - right,None Indicated,,Daylight,Dry,Cloudy,None apparent,Non-intersection:  Non-junction/no special feature,Paved,,Property Damage Only,0,0,0,0,0,0,2000,1,1,,POINT (-92.535141137139 42.828697388175)
2014801400,2014-35306,05/29/2014,05-May,5-Thursday,14:29,1400 Hours,District 6 (East Central),DAVENPORT,SCOTT,,E LOCUST ST & EASTERN AVE,Collision with:  Vehicle in traffic,On Roadway,Rear-end (front to rear),Lost Control,None Indicated,,Daylight,Dry,Clear,None apparent,Intersection:  Four-way intersection,Paved,,Property Damage Only,0,0,0,0,0,0,1600,2,3,,POINT (-90.551543652849 41.538335387)
2014801052,20140014942,05/29/2014,05-May,5-Thursday,17:17,1700 Hours,District 1 (Central),DES MOINES,POLK,,EASTON BLVD & SEARLE ST,Collision with:  Vehicle in traffic,On Roadway,Rear-end (front to rear),Followed too close,None Indicated,,Daylight,Dry,Clear,None apparent,Intersection:  Other intersection (explain in narrative),Paved,,Possible/Unknown,0,1,0,0,1,0,2250,2,3,,POINT (-93.576400289817 41.605371457436)
2014801110,2014031891,05/29/2014,05-May,5-Thursday,15:40,1500 Hours,District 2 (Northeast),CLEAR LAKE,CERRO GORDO,I-35,I-35,Collision with:  Vehicle in traffic,On Roadway,"Sideswipe, same direction",Crossed centerline (undivided),None Indicated,,Daylight,Dry,Cloudy,None apparent,Non-intersection:  Non-junction/no special feature,Paved,,Minor Injury,0,1,0,1,0,0,3000,2,2,,POINT (-93.348861080201 43.242548137995)
2014801180,01379,05/29/2014,05-May,5-Thursday,20:43,2000 Hours,District 6 (East Central),DYERSVILLE,DUBUQUE,IA 136,IA 136/9TH ST SE,Unknown,On Roadway,Rear-end (front to rear),FTYROW:  From stop sign,None Indicated,,Dusk,Dry,Clear,None apparent,Intersection:  Four-way intersection,Paved,,Property Damage Only,0,0,0,0,0,0,3000,2,4,,POINT (-91.114252301632 42.471686282269)
2014801055,20140014861,05/29/2014,05-May,5-Thursday,00:10,0000 Hours,District 1 (Central),DES MOINES,POLK,,FLEUR DR,Collision with:  Vehicle in traffic,On Roadway,Rear-end (front to rear),Unknown,None Indicated,,Dark - roadway lighted,Dry,Clear,None apparent,Non-intersection:  Non-junction/no special feature,Paved,,Property Damage Only,0,0,0,0,0,0,1500,2,2,,POINT (-93.645057226986 41.536695563138)
2014800862,S14-001877,05/29/2014,05-May,5-Thursday,06:50,0600 Hours,District 4 (Southwest),MINDEN,POTTAWATTAMIE,I-680,I-680,Collision with:  Animal,On Roadway,Non-collision (single vehicle),Animal,None Indicated,,Daylight,Dry,Clear,None apparent,Non-intersection:  Non-junction/no special feature,Paved,,Property Damage Only,0,0,0,0,0,0,3500,1,3,,POINT (-95.670063809873 41.498222014348)
2014802402,S14-001899,05/29/2014,05-May,5-Thursday,18:41,1800 Hours,District 4 (Southwest),COUNCIL BLUFFS,POTTAWATTAMIE,,Co Rd L35/WABASH AVE & OVERLAND TRL,Collision with:  Vehicle in traffic,On Roadway,"Sideswipe, opposite direction",Crossed centerline (undivided),None Indicated,,Daylight,Dry,Clear,None apparent,Non-intersection:  Non-junction/no special feature,Paved,,Possible/Unknown,0,1,0,0,1,0,37700,2,3,,POINT (-95.7989543215 41.211988201348)
2014801709,14-17972,05/29/2014,05-May,5-Thursday,07:37,0700 Hours,District 5 (Southeast),WEST BURLINGTON,DES MOINES,,W AGENCY RD & S GEAR AVE,Collision with:  Vehicle in traffic,On Roadway,Rear-end (front to rear),Driver Distraction:  Inattentive/lost in thought,None Indicated,,Daylight,Dry,Cloudy,None apparent,Non-intersection:  Non-junction/no special feature,Paved,,Property Damage Only,0,0,0,0,0,0,3500,2,2,,POINT (-91.170186508105 40.811751601849)
2014802023,14-5575,05/29/2014,05-May,5-Thursday,17:17,1700 Hours,District 3 (Northwest),CARROLL,CARROLL,US 30,US 30 & BURGESS RD,Collision with:  Vehicle in traffic,On Roadway,Broadside (front to side),FTYROW:  From stop sign,None Indicated,,Daylight,Dry,Cloudy,None apparent,Intersection:  Four-way intersection,Paved,,Minor Injury,0,1,0,1,0,0,18400,2,3,,POINT (-94.888669634849 42.078365571596)
2014801470,,05/29/2014,05-May,5-Thursday,22:00,2200 Hours,District 3 (Northwest),OKOBOJI,DICKINSON,,LAKE SHORE DR,Collision with:  Vehicle in traffic,On Roadway,Rear-end (front to rear),Other (explain in narrative):  No improper action,None Indicated,,Dark - roadway lighted,Dry,Clear,None apparent,Non-intersection:  Non-junction/no special feature,Paved,,Property Damage Only,0,0,0,0,0,0,4500,2,3,,POINT (-95.129576484843 43.37755997806)
2014801625,2014-35314,05/29/2014,05-May,5-Thursday,14:59,1400 Hours,District 6 (East Central),DAVENPORT,SCOTT,I-74,I-74 & E 53RD ST,Collision with:  Vehicle in traffic,On Roadway,Broadside (front to side),Ran Traffic Signal,None Indicated,,Daylight,Dry,Clear,None apparent,Intersection:  Four-way intersection,Paved,,Minor Injury,0,2,0,1,1,0,4000,2,3,,POINT (-90.520251225371 41.574860648392)
2014801280,20140014953,05/29/2014,05-May,5-Thursday,17:40,1700 Hours,District 1 (Central),DES MOINES,POLK,US 69,US 69/E 14TH ST & E WALNUT ST,Collision with:  Non-motorist (see non-motorist section - NOT a unit),On Roadway,Non-collision (single vehicle),Unknown,None Indicated,,Daylight,Dry,Cloudy,Unknown,Intersection:  Four-way intersection,Paved,,Minor Injury,0,1,0,1,0,0,0,1,1,,POINT (-93.597247701631 41.591276798416)
2014801239,05-14-050,05/29/2014,05-May,5-Thursday,13:34,1300 Hours,District 3 (Northwest),LE MARS,PLYMOUTH,,CENTRAL AVE,Collision with:  Vehicle in traffic,On Roadway,"Sideswipe, same direction",Other (explain in narrative):  Vision obstructed,None Indicated,,Daylight,Dry,Cloudy,None apparent,Non-intersection:  Non-junction/no special feature,Paved,,Property Damage Only,0,0,0,0,0,0,2600,2,3,,POINT (-96.166479113776 42.794807437987)
2014801098,14-16665,05/29/2014,05-May,5-Thursday,08:00,0800 Hours,District 3 (Northwest),SIOUX CITY,WOODBURY,,W 7TH ST & HAMILTON BLVD,Collision with:  Non-motorist (see non-motorist section - NOT a unit),On Roadway,Non-collision (single vehicle),FTYROW:  Making left turn,None Indicated,,Daylight,Dry,Clear,None apparent,Intersection:  Four-way intersection,Paved,,Fatal,1,0,0,0,0,0,700,1,1,,POINT (-96.418496048008 42.503206346816)
2014801151,14007488,05/29/2014,05-May,5-Thursday,13:31,1300 Hours,District 3 (Northwest),,CLAY,,340TH ST,Collision with fixed object:  Culvert/pipe opening,On Roadway,Non-collision (single vehicle),Swerving/Evasive Action,None Indicated,,Daylight,Dry,Clear,None apparent,Non-intersection:  Non-junction/no special feature,Unpaved,,Property Damage Only,0,0,0,0,0,0,1500,1,1,,POINT (-95.359514057546 43.157412469936)
2014801830,2014031964,05/29/2014,05-May,5-Thursday,22:50,2200 Hours,District 4 (Southwest),,POTTAWATTAMIE,I-680,I-680,Collision with:  Other non-fixed object (explain in narrative),On Roadway,Non-collision (single vehicle),Other (explain in narrative):  No improper action,None Indicated,,Dark - roadway not lighted,Dry,Cloudy,Obstruction in roadway,Non-intersection:  Non-junction/no special feature,Paved,,Property Damage Only,0,0,0,0,0,0,3000,1,2,,POINT (-95.885832282032 41.495456302746)
2014801442,2014031943,05/29/2014,05-May,5-Thursday,20:00,2000 Hours,District 1 (Central),,STORY,I-35,I-35,Collision with:  Animal,,,Animal,None Indicated,,,,,,,Paved,,Property Damage Only,0,0,0,0,0,0,5500,1,1,,POINT (-93.569416623732 42.151209934914)
2014801048,14-002327,05/29/2014,05-May,5-Thursday,12:10,1200 Hours,District 1 (Central),ANKENY,POLK,US 69,US 69/N ANKENY BLVD & NE 18TH ST & NW 18TH ST,Collision with:  Vehicle in traffic,On Roadway,Broadside (front to side),Made improper turn,None Indicated,,Daylight,Dry,Clear,None apparent,Intersection:  Four-way intersection,Paved,,Property Damage Only,0,0,0,0,0,0,2500,2,2,,POINT (-93.600318449643 41.746354585676)
2014800989,01-14-22963,05/29/2014,05-May,5-Thursday,16:21,1600 Hours,District 6 (East Central),DUBUQUE,DUBUQUE,US 20,US 20/DODGE ST,Collision with:  Vehicle in traffic,On Roadway,Rear-end (front to rear),Lost Control,None Indicated,,Daylight,Dry,Clear,None apparent,Non-intersection:  Non-junction/no special feature,Paved,,Possible/Unknown,0,2,0,0,2,0,2100,2,3,,POINT (-90.710739418915 42.492376473906)
2014802625,2014-35322,05/29/2014,05-May,5-Thursday,15:45,1500 Hours,District 6 (East Central),DAVENPORT,SCOTT,,W 7TH ST & N DIVISION ST,Collision with:  Vehicle in traffic,On Roadway,"Angle, oncoming left turn",Ran Traffic Signal,None Indicated,,Daylight,Dry,Clear,None apparent,Intersection:  Four-way intersection,Paved,,Possible/Unknown,0,2,0,0,2,0,11000,2,2,,POINT (-90.601155735227 41.526736576066)
2014804975,SO140214,05/29/2014,05-May,5-Thursday,21:50,2100 Hours,District 4 (Southwest),,ADAMS,,Co Rd H24/150TH ST,Collision with:  Other non-fixed object (explain in narrative),On Roadway,Non-collision (single vehicle),Swerving/Evasive Action,None Indicated,,Dark - roadway not lighted,"Mud, dirt",Clear,"Surface condition (e.g., wet, icy)",Non-intersection:  Non-junction/no special feature,Unpaved,,Minor Injury,0,1,0,1,0,0,3000,1,2,,POINT (-94.746839289619 41.086395331591)
2014807110,01-14-22956,05/29/2014,05-May,5-Thursday,16:03,1600 Hours,District 6 (East Central),DUBUQUE,DUBUQUE,US 52,US 52/WHITE ST & E 18TH ST,Collision with:  Non-motorist (see non-motorist section - NOT a unit),On Roadway,Non-collision (single vehicle),Unknown,None Indicated,,Daylight,Dry,Clear,None apparent,Intersection:  Other intersection (explain in narrative),Paved,,Minor Injury,0,1,0,1,0,0,100,1,1,,POINT (-90.668545670642 42.509914118555)
2014801089,2014-35324,05/29/2014,05-May,5-Thursday,15:54,1500 Hours,District 6 (East Central),DAVENPORT,SCOTT,,N PINE ST,Collision with:  Vehicle in traffic,On Roadway,Rear-end (front to rear),Followed too close,None Indicated,,Daylight,Dry,Clear,None apparent,Non-intersection:  Driveway access (within),Paved,,Property Damage Only,0,0,0,0,0,0,1500,2,2,,POINT (-90.610207330327 41.56928234517)
2014801617,2014-10749,05/29/2014,05-May,5-Thursday,22:51,2200 Hours,District 6 (East Central),DAVENPORT,SCOTT,US 61,US 61/BRADY ST,Collision with:  Parked motor vehicle,On Roadway,Rear-end (front to rear),Other (explain in narrative):  Other,None Indicated,,Dark - roadway lighted,Dry,Clear,Work Zone (roadway-related),Interchange-related:  On-ramp merge area,Paved,Yes,Major Injury,0,1,1,0,0,0,4000,2,1,,POINT (-90.56541716414 41.606213808498)
2014801521,14008533,05/29/2014,05-May,5-Thursday,13:00,1300 Hours,District 2 (Northeast),MASON CITY,CERRO GORDO,,4TH ST NW & N JEFFERSON AVE,Collision with:  Vehicle in traffic,On Roadway,Broadside (front to side),FTYROW:  At uncontrolled intersection,None Indicated,,Daylight,Dry,Clear,None apparent,Intersection:  Four-way intersection,Paved,,Property Damage Only,0,0,0,0,0,0,4200,2,2,,POINT (-93.205909720389 43.155422400841)
2014802720,,05/29/2014,05-May,5-Thursday,18:44,1800 Hours,District 6 (East Central),MAQUOKETA,JACKSON,,W LOCUST ST & E LOCUST ST & S MAIN ST,Collision with:  Vehicle in traffic,On Roadway,Rear-end (front to rear),Driver Distraction:  Reaching for object(s)/fallen object(s),None Indicated,,Daylight,,Clear,,,Paved,,Property Damage Only,0,0,0,0,0,0,6500,2,3,,POINT (-90.66547261104 42.064565760556)
2014801074,14-021817,05/29/2014,05-May,5-Thursday,22:57,2200 Hours,District 4 (Southwest),COUNCIL BLUFFS,POTTAWATTAMIE,I-29,I-29 & US 6/W BROADWAY,Collision with fixed object:  Curb/island/raised median,On Roadway,Non-collision (single vehicle),Exceeded authorized speed,None Indicated,,Dark - roadway lighted,Dry,Clear,None apparent,Non-intersection:  Non-junction/no special feature,Paved,,Major Injury,0,1,1,0,0,0,15000,1,1,,POINT (-95.907029389278 41.261923545828)
2014801458,2014031906,05/29/2014,05-May,5-Thursday,16:15,1600 Hours,District 6 (East Central),DYERSVILLE,DUBUQUE,IA 136,IA 136/9TH ST SE,Collision with:  Vehicle in traffic,On Roadway,Rear-end (front to rear),Followed too close,None Indicated,,Daylight,Dry,Clear,None apparent,Non-intersection:  Non-junction/no special feature,Paved,,Major Injury,0,1,1,0,0,0,400,2,2,,POINT (-91.114281523738 42.467877441329)
2014801577,20140015065,05/29/2014,05-May,5-Thursday,17:00,1700 Hours,District 1 (Central),DES MOINES,POLK,I-235,I-235,Collision with:  Vehicle in traffic,On Roadway,Rear-end (front to rear),Followed too close,None Indicated,,Daylight,Dry,Clear,None apparent,Non-intersection:  Non-junction/no special feature,Paved,,Property Damage Only,0,0,0,0,0,0,5500,2,3,,POINT (-93.688600832696 41.592324190756)
2014802289,2014005933,05/29/2014,05-May,5-Thursday,21:41,2100 Hours,District 6 (East Central),IOWA CITY,JOHNSON,US 6,US 6 & S 1ST AVE,Collision with:  Vehicle in traffic,On Roadway,Broadside (front to side),Ran Traffic Signal,None Indicated,,Dark - roadway lighted,Dry,Clear,None apparent,Intersection:  T-intersection,Paved,,Property Damage Only,0,0,0,0,0,0,1800,2,2,,POINT (-91.507436598767 41.640774297233)
2014802907,82-2014,05/29/2014,05-May,5-Thursday,21:15,2100 Hours,District 4 (Southwest),,HARRISON,,Co Rd L34/OVERTON AVE & PRICE PL,Collision with:  Animal,,,Animal,None Indicated,,,,,,,Paved,,Property Damage Only,0,0,0,0,0,0,1500,1,1,,POINT (-95.75091188992 41.559547446455)
2014802744,14003127,05/29/2014,05-May,5-Thursday,12:56,1200 Hours,District 3 (Northwest),,CHEROKEE,,Co Rd M25/Y AVE,Collision with:  Vehicle in traffic,On Roadway,Broadside (front to side),FTYROW:  At uncontrolled intersection,None Indicated,,Daylight,"Mud, dirt",Clear,None apparent,Intersection:  Four-way intersection,Unpaved,,Minor Injury,0,2,0,2,0,0,85000,2,2,,POINT (-95.407668613516 42.66426908952)
2014801611,S79140165,05/29/2014,05-May,5-Thursday,03:45,0300 Hours,District 1 (Central),,POWESHIEK,I-80,I-80,Collision with:  Other non-fixed object (explain in narrative),On Roadway,Non-collision (single vehicle),Other (explain in narrative):  No improper action,None Indicated,,Dark - roadway not lighted,Dry,Cloudy,Debris,Non-intersection:  Non-junction/no special feature,Paved,,Property Damage Only,0,0,0,0,0,0,2000,1,2,,POINT (-92.725479095874 41.696191393677)
2014802889,261400945,05/29/2014,05-May,5-Thursday,20:58,2000 Hours,District 5 (Southeast),BLOOMFIELD,DAVIS,,Co Rd J40/215TH ST,Collision with:  Animal,,,Animal,None Indicated,,,,,,,Paved,,Property Damage Only,0,0,0,0,0,0,3000,1,1,,POINT (-92.343911859806 40.747781234954)
2014803673,14-002321,05/29/2014,05-May,5-Thursday,02:50,0200 Hours,District 1 (Central),ANKENY,POLK,I-35,I-35,Collision with:  Animal,On Roadway,Non-collision (single vehicle),Animal,None Indicated,,Dark - roadway lighted,Dry,Clear,None apparent,Non-intersection:  Non-junction/no special feature,Paved,,Property Damage Only,0,0,0,0,0,0,2000,1,2,,POINT (-93.575644843068 41.65806732184)
2014800829,1405291-A,05/29/2014,05-May,5-Thursday,14:10,1400 Hours,District 4 (Southwest),RED OAK,MONTGOMERY,,REED ST,Collision with:  Vehicle in traffic,On Roadway,Rear-end (front to rear),FTYROW:  From parked position,None Indicated,,Daylight,Dry,Clear,None apparent,Non-intersection:  Non-junction/no special feature,Paved,,Property Damage Only,0,0,0,0,0,0,1505,2,2,,POINT (-95.228317200927 41.00972223657)