Iowa DOT Case Number,Law Enforcement Case Number,Date of Crash,Month of Crash,Day of Week,Time of Crash,Hour,DOT District,City Name,County Name,Route with System,Location Description,First Harmful Event,Location of First Harmful Event,Manner of Crash/Collision,Major Cause,Drug or Alcohol ,Environmental Conditions,Light Conditions,Surface Conditions,Weather Conditions,Roadway Contribution,Roadway Type,Roadway Surface,Work Zone,Crash Severity,Number of Fatalities,Number of Injuries,Number of Major Injuries,Number of Minor Injuries,Number of Possible Injuries,Number of Unknown Injuries,Amount of Property Damage,Number of Vehicles Involved,Total Number of Occupants,Travel Direction,Location
2014801036,14011014,05/29/2014,05-May,5-Thursday,15:38,1500 Hours,District 6 (East Central),MARION,LINN,,29TH AVE & 10TH ST,Collision with:  Vehicle in traffic,On Roadway,Rear-end (front to rear),Lost Control,None Indicated,,Daylight,Dry,Cloudy,None apparent,Intersection:  Four-way intersection,Paved,,Property Damage Only,0,0,0,0,0,0,1500,3,4,,POINT (-91.599386066641 42.050480460011)
2014801051,20140014913,05/29/2014,05-May,5-Thursday,12:50,1200 Hours,District 1 (Central),DES MOINES,POLK,,,Non-collision events:  Other non-collision (explain in narrative),On Roadway,Non-collision (single vehicle),Swerving/Evasive Action,None Indicated,,Daylight,Dry,Cloudy,None apparent,Non-intersection:  Non-junction/no special feature,,,Possible/Unknown,0,1,0,0,1,0,8000,1,2,,POINT (-96.643700149993 40.233091251414)
2014801517,14007852,05/29/2014,05-May,5-Thursday,16:50,1600 Hours,District 6 (East Central),,CEDAR,,200TH,Collision with:  Animal,,,Animal,None Indicated,,,,,,,Unpaved,,Property Damage Only,0,0,0,0,0,0,3000,1,1,,POINT (-91.070170234197 41.801135906298)
2014801109,2014031763,05/29/2014,05-May,5-Thursday,07:50,0700 Hours,District 3 (Northwest),EVERLY,CLAY,,Co Rd M27/130TH AVE & 330TH ST,Collision with:  Vehicle in traffic,On Roadway,Rear-end (front to rear),Unknown,None Indicated,,Daylight,"Mud, dirt",Clear,None apparent,Intersection:  Four-way intersection,Paved,,Property Damage Only,0,0,0,0,0,0,3500,2,2,,POINT (-95.328750746776 43.169325526875)
2014802745,14003141,05/29/2014,05-May,5-Thursday,17:55,1700 Hours,District 3 (Northwest),CHEROKEE,CHEROKEE,US 59,US 59 & IA 3/IOWA 3,Collision with:  Vehicle in traffic,On Roadway,Rear-end (front to rear),FTYROW:  From stop sign,None Indicated,,Daylight,Dry,Clear,None apparent,Intersection:  Four-way intersection,Paved,,Property Damage Only,0,0,0,0,0,0,3000,2,2,,POINT (-95.55401306817 42.772280270208)
2014801308,14-1184,05/29/2014,05-May,5-Thursday,18:10,1800 Hours,District 4 (Southwest),URBANDALE,DALLAS,,BRIARWOOD LN,Collision with:  Vehicle in traffic,On Roadway,Broadside (front to side),Unknown,None Indicated,,Daylight,Dry,Clear,None apparent,Non-intersection:  Non-junction/no special feature,Paved,,Property Damage Only,0,0,0,0,0,0,6000,2,1,,POINT (-93.815843405102 41.619026596747)
2014801072,14-021702,05/29/2014,05-May,5-Thursday,02:00,0200 Hours,District 4 (Southwest),COUNCIL BLUFFS,POTTAWATTAMIE,,6TH AVE & S 35TH ST,Collision with:  Parked motor vehicle,On Roadway,"Sideswipe, same direction",Unknown,None Indicated,,Dark - roadway not lighted,Dry,Clear,None apparent,Non-intersection:  Non-junction/no special feature,Paved,,Property Damage Only,0,0,0,0,0,0,1800,2,1,,POINT (-95.902022040399 41.256394011959)
2014801432,14-16710,05/29/2014,05-May,5-Thursday,13:14,1300 Hours,District 3 (Northwest),SIOUX CITY,WOODBURY,,3RD ST,Collision with:  Vehicle in traffic,On Roadway,Broadside (front to side),FTYROW:  Making left turn,None Indicated,,Daylight,Dry,Clear,None apparent,Non-intersection:  Driveway access (within),Paved,,Possible/Unknown,0,1,0,0,1,0,4500,2,4,,POINT (-96.4057643539 42.493077623947)
2014801282,20140014933,05/29/2014,05-May,5-Thursday,16:00,1600 Hours,District 1 (Central),DES MOINES,POLK,US 69,US 69/SE 14TH ST,Collision with:  Vehicle in traffic,On Roadway,Rear-end (front to rear),Followed too close,None Indicated,,Daylight,Dry,Clear,None apparent,Non-intersection:  Non-junction/no special feature,Paved,,Property Damage Only,0,0,0,0,0,0,6500,2,5,,POINT (-93.596841060443 41.544504062396)
2014802086,201401806,05/30/2014,05-May,6-Friday,21:59,2100 Hours,District 6 (East Central),,LINN,,Co Rd E48/WEST MT VERNON RD,Collision with:  Animal,,,Animal,None Indicated,,,,,,,Paved,,Property Damage Only,0,0,0,0,0,0,2500,1,1,,POINT (-91.522677447453 41.975873775868)
2014801174,01-14-23187,05/30/2014,05-May,6-Friday,17:00,1700 Hours,District 6 (East Central),DUBUQUE,DUBUQUE,US 52,US 52/WHITE ST,Collision with:  Vehicle in traffic,On Roadway,Broadside (front to side),FTYROW:  From driveway,None Indicated,,Daylight,Dry,Cloudy,None apparent,Non-intersection:  Driveway access (within),Paved,,Possible/Unknown,0,1,0,0,1,0,4250,2,7,,POINT (-90.668295166015 42.509449754213)
2014802747,14003157,05/30/2014,05-May,6-Friday,04:34,0400 Hours,District 3 (Northwest),,CHEROKEE,,Co Rd L51/L AVE & Co Rd L56/RIVER RD,Collision with fixed object:  Ditch,On Roadway,Non-collision (single vehicle),Made improper turn,Alcohol (< Statutory),,Dark - roadway not lighted,Dry,Clear,None apparent,Intersection:  T-intersection,Paved,,Property Damage Only,0,0,0,0,0,0,1500,1,1,,POINT (-95.642251020145 42.639716829798)
2014801690,14-53345,05/30/2014,05-May,6-Friday,13:55,1300 Hours,District 2 (Northeast),WATERLOO,BLACK HAWK,,Co Rd V43/N ELK RUN RD,Collision with:  Vehicle in traffic,On Roadway,Rear-end (front to rear),Driving too fast for conditions,None Indicated,,Daylight,Dry,Cloudy,None apparent,Intersection:  Four-way intersection,Paved,,Possible/Unknown,0,1,0,0,1,0,8100,2,2,,POINT (-92.258803771209 42.519963910024)
2014801163,CL14001744,05/30/2014,05-May,6-Friday,15:45,1500 Hours,District 6 (East Central),CLINTON,CLINTON,,17TH PL,Collision with:  Parked motor vehicle,On Roadway,"Sideswipe, same direction",Unknown,None Indicated,,Daylight,Dry,Clear,None apparent,Non-intersection:  Non-junction/no special feature,Paved,,Property Damage Only,0,0,0,0,0,0,2000,2,2,,POINT (-90.205702415091 41.827876000046)
2014801320,14-0454,05/30/2014,05-May,6-Friday,15:23,1500 Hours,District 1 (Central),WINDSOR HEIGHTS,POLK,,UNIVERSITY AVE & 73RD ST,Collision with:  Vehicle in traffic,On Roadway,"Angle, oncoming left turn",Ran Traffic Signal,None Indicated,,Daylight,Dry,Clear,None apparent,Intersection:  Four-way intersection,Paved,,Minor Injury,0,2,0,2,0,0,30000,2,4,,POINT (-93.718025914137 41.600367772793)
2014803593,B14-1024,05/30/2014,05-May,6-Friday,14:29,1400 Hours,District 3 (Northwest),SERGEANT BLUFF,WOODBURY,,1ST ST & D ST,Collision with:  Vehicle in traffic,On Roadway,Rear-end (front to rear),Driver Distraction:  Manual operation of an electronic communication device,None Indicated,,Daylight,Dry,Cloudy,None apparent,Intersection:  Four-way intersection,Paved,,Minor Injury,0,2,0,2,0,0,3000,2,2,,POINT (-96.360536558915 42.400334533022)
2014801853,14053395,05/30/2014,05-May,6-Friday,16:23,1600 Hours,District 2 (Northeast),CEDAR FALLS,BLACK HAWK,,UNIVERSITY AVE & VALLEY PARK DR,Collision with:  Vehicle in traffic,On Roadway,Broadside (front to side),Ran Traffic Signal,None Indicated,,Daylight,Dry,Clear,None apparent,Intersection:  Four-way intersection,Paved,,Property Damage Only,0,0,0,0,0,0,10000,2,2,,POINT (-92.436804702414 42.513078847323)
2014803397,14113,05/30/2014,05-May,6-Friday,18:43,1800 Hours,District 5 (Southeast),PELLA,MARION,,NEIL DR & IDAHO DR,Collision with:  Vehicle in traffic,On Roadway,Rear-end (front to rear),Driver Distraction:  Reaching for object(s)/fallen object(s),None Indicated,,Daylight,Dry,Clear,None apparent,Non-intersection:  Driveway access (within),Paved,,Property Damage Only,0,0,0,0,0,0,9000,2,3,,POINT (-92.937631730594 41.39284543481)
2014804638,14-000803,05/30/2014,05-May,6-Friday,12:56,1200 Hours,District 1 (Central),AMES,STORY,,STANGE RD,Collision with:  Vehicle in traffic,On Roadway,Rear-end (front to rear),Other (explain in narrative):  Other,None Indicated,,Daylight,Dry,Cloudy,None apparent,Non-intersection:  Non-junction/no special feature,Paved,,Property Damage Only,0,0,0,0,0,0,3400,2,2,,POINT (-93.644742362111 42.034853156593)
2014801152,14-7556,05/30/2014,05-May,6-Friday,13:44,1300 Hours,District 3 (Northwest),SPENCER,CLAY,,E 8TH ST & 4TH AVE E,Collision with:  Vehicle in traffic,On Roadway,Broadside (front to side),FTYROW:  From stop sign,None Indicated,,Daylight,Dry,Clear,None apparent,Intersection:  Four-way intersection,Paved,,Property Damage Only,0,0,0,0,0,0,4500,2,2,,POINT (-95.139469071709 43.145938075934)
2014801116,14-002889,05/30/2014,05-May,6-Friday,01:45,0100 Hours,District 2 (Northeast),PARKERSBURG,BUTLER,,COATES ST,Collision with:  Vehicle in traffic,On Roadway,"Sideswipe, same direction",Crossed centerline (undivided),None Indicated,,Dark - roadway lighted,Dry,Clear,None apparent,Non-intersection:  Non-junction/no special feature,Paved,,Property Damage Only,0,0,0,0,0,0,5900,4,1,,POINT (-92.787911648457 42.577307075926)
2014801229,14-002342,05/30/2014,05-May,6-Friday,21:50,2100 Hours,District 3 (Northwest),,LYON,,Co Rd A52/260TH ST,Collision with:  Animal,,,Animal,None Indicated,,,,,,,Paved,,Property Damage Only,0,0,0,0,0,0,2500,1,1,,POINT (-96.183057317281 43.271905154208)
2014801876,14-005821,05/30/2014,05-May,6-Friday,10:30,1000 Hours,District 2 (Northeast),,FAYETTE,,Co Rd C24/BUSH RD,Non-collision events:  Other non-collision (explain in narrative),On Roadway,Non-collision (single vehicle),Ran off road - right,None Indicated,,Daylight,Dry,Clear,None apparent,Non-intersection:  Non-junction/no special feature,Paved,,Minor Injury,0,2,0,2,0,0,7500,1,2,,POINT (-91.634367717741 42.830907239396)
2014805932,14-004213,05/30/2014,05-May,6-Friday,17:00,1700 Hours,District 2 (Northeast),,CLAYTON,,Co Rd B60/GUNDER RD & DALMATION AVE,Collision with fixed object:  Guardrail - face,Shoulder,Non-collision (single vehicle),Swerving/Evasive Action,None Indicated,,Daylight,Dry,Clear,None apparent,Non-intersection:  Non-junction/no special feature,Paved,,Property Damage Only,0,0,0,0,0,0,9350,1,1,,POINT (-91.458749430766 42.950353433637)
2014805383,,05/30/2014,05-May,6-Friday,18:42,1800 Hours,District 6 (East Central),CEDAR RAPIDS,LINN,US 30,US 30/SW LOOP & WACONIA CT SW & 6TH ST SW,Collision with:  Vehicle in traffic,On Roadway,Rear-end (front to rear),Other (explain in narrative):  No improper action,None Indicated,,Daylight,Dry,Cloudy,None apparent,Intersection:  Four-way intersection,Paved,,Possible/Unknown,0,1,0,0,1,0,7000,2,3,,POINT (-91.676388498102 41.925610687134)
2014801227,14-2669,05/30/2014,05-May,6-Friday,12:00,1200 Hours,District 6 (East Central),HIAWATHA,LINN,,BOYSON RD,Collision with:  Vehicle in traffic,On Roadway,Rear-end (front to rear),Lost Control,None Indicated,,Daylight,Dry,Cloudy,None apparent,Non-intersection:  Other non-intersection (explain in narrative),Paved,,Possible/Unknown,0,1,0,0,1,0,38000,3,4,,POINT (-91.684228319401 42.045747593287)
2014801150,14-007580,05/30/2014,05-May,6-Friday,19:02,1900 Hours,District 3 (Northwest),,CLAY,,Co Rd M50/240TH AVE,Collision with:  Vehicle in traffic,On Roadway,Broadside (front to side),FTYROW:  From stop sign,None Indicated,,Daylight,Dry,Clear,None apparent,Intersection:  Four-way intersection,Paved,,Property Damage Only,0,0,0,0,0,0,5500,2,4,,POINT (-95.112605262899 43.126825727642)
2014802816,14-1736,05/30/2014,05-May,6-Friday,13:15,1300 Hours,District 1 (Central),FORT DODGE,WEBSTER,,CENTRAL AVE & S 15TH ST & N 15TH ST,Collision with fixed object:  Utility pole/light support,Shoulder,Non-collision (single vehicle),Other (explain in narrative):  No improper action,None Indicated,,Daylight,Dry,Clear,None apparent,Non-intersection:  Non-junction/no special feature,Paved,,Property Damage Only,0,0,0,0,0,0,8000,1,1,,POINT (-94.177709028211 42.50609663146)
2014801319,14-2507,05/30/2014,05-May,6-Friday,18:30,1800 Hours,District 4 (Southwest),WEST DES MOINES,DALLAS,,JORDAN CREEK PKWY,Collision with:  Vehicle in traffic,On Roadway,Rear-end (front to rear),Followed too close,None Indicated,,Daylight,Dry,Cloudy,None apparent,Non-intersection:  Non-junction/no special feature,Paved,,Property Damage Only,0,0,0,0,0,0,4400,3,3,,POINT (-93.80913522038 41.581694178949)
2014801585,20140015418,05/30/2014,05-May,6-Friday,16:58,1600 Hours,District 1 (Central),DES MOINES,POLK,US 69,US 69/SE 14TH ST & CUMMINS RD,Collision with:  Vehicle in traffic,On Roadway,Rear-end (front to rear),Unknown,None Indicated,,Daylight,Dry,Clear,None apparent,Intersection:  Four-way intersection,Paved,,Possible/Unknown,0,1,0,0,1,0,2000,2,2,,POINT (-93.596781891919 41.528939691847)
2014801503,14-53461,05/30/2014,05-May,6-Friday,18:54,1800 Hours,District 2 (Northeast),EVANSDALE,BLACK HAWK,I-380,I-380,Collision with:  Other non-fixed object (explain in narrative),On Roadway,Non-collision (single vehicle),Swerving/Evasive Action,None Indicated,,Daylight,Dry,Clear,None apparent,Non-intersection:  Crossover-related,Paved,,Property Damage Only,0,0,0,0,0,0,2000,2,6,,POINT (-92.279476792291 42.460495163058)
2014801156,1405308281,05/30/2014,05-May,6-Friday,22:00,2200 Hours,District 6 (East Central),,CLINTON,IA 136,IA 136/IOWA 136,Collision with:  Vehicle in traffic,On Roadway,Rear-end (front to rear),Swerving/Evasive Action,None Indicated,,Dark - roadway not lighted,Dry,Clear,None apparent,Non-intersection:  Non-junction/no special feature,Paved,,Property Damage Only,0,0,0,0,0,0,6000,2,3,,POINT (-90.358689728149 41.959218486452)
2014801321,14-001146,05/30/2014,05-May,6-Friday,10:00,1000 Hours,District 1 (Central),ALTOONA,POLK,,8TH ST SW,Collision with:  Vehicle in traffic,On Roadway,Rear-end (front to rear),Followed too close,None Indicated,,Daylight,Dry,Clear,None apparent,Non-intersection:  Non-junction/no special feature,Paved,,Property Damage Only,0,0,0,0,0,0,1800,2,3,,POINT (-93.501455494903 41.644129555214)
2014801334,14-021923,05/30/2014,05-May,6-Friday,15:17,1500 Hours,District 4 (Southwest),COUNCIL BLUFFS,POTTAWATTAMIE,,AVE G & N 29TH ST,Collision with:  Vehicle in traffic,On Roadway,Rear-end (front to rear),Followed too close,None Indicated,,Daylight,Wet,Cloudy,None apparent,Intersection:  Four-way intersection,Paved,,Property Damage Only,0,0,0,0,0,0,4000,2,2,,POINT (-95.890735480844 41.268107193951)
2014801668,14-16832,05/30/2014,05-May,6-Friday,12:15,1200 Hours,District 3 (Northwest),SIOUX CITY,WOODBURY,,SINGING HILLS BLVD & SOUTHGATE DR,Collision with:  Vehicle in traffic,On Roadway,"Angle, oncoming left turn",FTYROW:  Making left turn,None Indicated,,Daylight,Dry,Clear,None apparent,Intersection:  Four-way intersection,Paved,,Property Damage Only,0,0,0,0,0,0,4000,2,2,,POINT (-96.368193322155 42.4355426389)
2014801275,20140015097,05/30/2014,05-May,6-Friday,19:59,1900 Hours,District 1 (Central),DES MOINES,POLK,,23RD ST,Collision with:  Vehicle in traffic,On Roadway,Broadside (front to side),FTYROW:  From driveway,None Indicated,,Dusk,Dry,Cloudy,None apparent,Non-intersection:  Driveway access (within),Paved,,Property Damage Only,0,0,0,0,0,0,1800,2,2,,POINT (-93.648227475048 41.602025517205)
2014801054,20140015058,05/30/2014,05-May,6-Friday,14:50,1400 Hours,District 1 (Central),DES MOINES,POLK,,BELL AVE,Collision with:  Vehicle in traffic,On Roadway,Rear-end (front to rear),Followed too close,None Indicated,,Daylight,Dry,Clear,None apparent,Non-intersection:  Non-junction/no special feature,Paved,,Possible/Unknown,0,1,0,0,1,0,5000,2,3,,POINT (-93.626738840821 41.562701884211)
2014802626,2014-35609,05/30/2014,05-May,6-Friday,17:16,1700 Hours,District 6 (East Central),DAVENPORT,SCOTT,,W 3RD ST & GAINES ST,Collision with:  Vehicle in traffic,On Roadway,Broadside (front to side),Unknown,None Indicated,,Daylight,Dry,Clear,None apparent,Intersection:  Four-way intersection,Paved,,Property Damage Only,0,0,0,0,0,0,1600,2,2,,POINT (-90.582956108835 41.522401467086)
2014802457,201400026014,05/30/2014,05-May,6-Friday,17:25,1700 Hours,District 5 (Southeast),OTTUMWA,WAPELLO,,S MADISON AVE,Collision with:  Vehicle in traffic,On Roadway,Broadside (front to side),Ran off road - right,None Indicated,,Daylight,Wet,Rain,None apparent,Non-intersection:  Alley,Paved,,Property Damage Only,0,0,0,0,0,0,2000,2,3,,POINT (-92.409693121113 40.989119477426)
2014801206,14001853,05/30/2014,05-May,6-Friday,06:36,0600 Hours,District 5 (Southeast),,KEOKUK,IA 149,IA 149/IOWA 149,Collision with:  Animal,,,Animal,None Indicated,,,,,,,Paved,,Property Damage Only,0,0,0,0,0,0,3500,1,1,,POINT (-92.214014878675 41.219546007672)
2014801428,14-1602,05/30/2014,05-May,6-Friday,09:00,0900 Hours,District 1 (Central),FORT DODGE,WEBSTER,,2ND AVE S & S 9TH ST,Collision with:  Vehicle in traffic,On Roadway,Rear-end (front to rear),Other (explain in narrative):  Other,None Indicated,,Daylight,Dry,Clear,None apparent,Non-intersection:  Non-junction/no special feature,Paved,,Property Damage Only,0,0,0,0,0,0,3000,2,2,,POINT (-94.185651339918 42.503222960641)
2014801257,14-0615,05/30/2014,05-May,6-Friday,17:56,1700 Hours,District 4 (Southwest),CLIVE,DALLAS,,DOUGLAS AVE & ALICES RD,Non-collision events:  Other non-collision (explain in narrative),On Roadway,Broadside (front to side),FTYROW:  From stop sign,None Indicated,,Daylight,Dry,Cloudy,None apparent,Intersection:  Four-way intersection,Paved,,Possible/Unknown,0,1,0,0,1,0,9000,2,2,,POINT (-93.852853757406 41.629377388116)
2014802164,,05/30/2014,05-May,6-Friday,15:45,1500 Hours,District 6 (East Central),CEDAR RAPIDS,LINN,,34TH ST NE,Collision with:  Vehicle in traffic,On Roadway,Rear-end (front to rear),Unknown,None Indicated,,Daylight,Dry,Clear,,Non-intersection:  Driveway access (within),Paved,,Property Damage Only,0,0,0,0,0,0,3350,2,6,,POINT (-91.638036457326 42.012290444739)
2014803594,B14-1025,05/30/2014,05-May,6-Friday,16:49,1600 Hours,District 3 (Northwest),SERGEANT BLUFF,WOODBURY,,CLAIRMONT CIR,Collision with:  Vehicle in traffic,On Roadway,"Sideswipe, same direction",Unknown,None Indicated,,Daylight,Unknown,Unknown,None apparent,Non-intersection:  Non-junction/no special feature,Paved,,Property Damage Only,0,0,0,0,0,0,3000,2,2,,POINT (-96.341707946759 42.399471814125)
2014802969,A14043,05/30/2014,05-May,6-Friday,22:00,2200 Hours,District 5 (Southeast),KNOXVILLE,MARION,IA 14,IA 14/LINCOLN ST & W BELL AVE,Collision with:  Vehicle in traffic,On Roadway,"Angle, oncoming left turn",Separation of units,None Indicated,,Dark - roadway lighted,Dry,Cloudy,None apparent,Intersection:  Four-way intersection,Paved,,Property Damage Only,0,0,0,0,0,0,4500,2,5,,POINT (-93.109495713812 41.306264369993)
2014801978,2014-11474,05/30/2014,05-May,6-Friday,21:43,2100 Hours,District 5 (Southeast),,WARREN,IA 5,IA 5/IOWA 5,Collision with:  Animal,,,Animal,None Indicated,,,,,,,Paved,,Property Damage Only,0,0,0,0,0,0,3500,1,1,,POINT (-93.412572913991 41.465092764346)
2014801254,14-002344,05/30/2014,05-May,6-Friday,17:30,1700 Hours,District 1 (Central),ANKENY,POLK,,SE PEACHTREE DR & SE 30TH ST,Collision with fixed object:  Curb/island/raised median,Shoulder,Non-collision (single vehicle),Lost Control,None Indicated,,Daylight,Dry,Clear,None apparent,Non-intersection:  Non-junction/no special feature,Paved,,Property Damage Only,0,0,0,0,0,0,2100,1,1,,POINT (-93.593451710408 41.699391482376)
2014801460,2014032005,05/30/2014,05-May,6-Friday,07:20,0700 Hours,District 6 (East Central),,BENTON,,Co Rd E44/70 ST & 12 AVE,Collision with:  Animal,On Roadway,Non-collision (single vehicle),Animal,None Indicated,,Daylight,Dry,Clear,None apparent,Non-intersection:  Non-junction/no special feature,Paved,,Property Damage Only,0,0,0,0,0,0,2500,1,1,,POINT (-92.260650549307 42.007659341201)
2014802008,W14-053325,05/30/2014,05-May,6-Friday,12:59,1200 Hours,District 2 (Northeast),WATERLOO,BLACK HAWK,US 218,US 218/WASHINGTON ST & MEMORY LN,Collision with:  Vehicle in traffic,On Roadway,"Sideswipe, same direction",Followed too close,None Indicated,,Daylight,Dry,Cloudy,None apparent,Intersection:  T-intersection,Paved,,Property Damage Only,0,0,0,0,0,0,8500,2,2,,POINT (-92.287037809607 42.431912685898)
2014801261,14-0612,05/30/2014,05-May,6-Friday,13:15,1300 Hours,District 1 (Central),CLIVE,POLK,,UNIVERSITY AVE & 36TH ST,Collision with:  Vehicle in traffic,On Roadway,"Angle, oncoming left turn",FTYROW:  Making left turn,None Indicated,,Daylight,Dry,Cloudy,None apparent,Intersection:  Four-way intersection,Paved,,Property Damage Only,0,0,0,0,0,0,1950,2,2,,POINT (-93.754446209169 41.600440778927)
2014801224,14011095,05/30/2014,05-May,6-Friday,11:45,1100 Hours,District 6 (East Central),MARION,LINN,,NEWCASTLE RD & BOYSON RD,Collision with:  Vehicle in traffic,On Roadway,Rear-end (front to rear),Other (explain in narrative):  Other,None Indicated,,Daylight,Dry,Cloudy,None apparent,Intersection:  T-intersection,Paved,,Possible/Unknown,0,1,0,0,1,0,12000,2,2,,POINT (-91.618068203617 42.043772099288)
2014801402,2014-35547,05/30/2014,05-May,6-Friday,12:24,1200 Hours,District 6 (East Central),DAVENPORT,SCOTT,,UTICA RIDGE RD,Collision with:  Vehicle in traffic,On Roadway,"Sideswipe, same direction",FTYROW:  Making left turn,None Indicated,,Daylight,Dry,Clear,None apparent,Intersection:  Four-way intersection,Paved,,Property Damage Only,0,0,0,0,0,0,3000,2,4,,POINT (-90.513905331359 41.573327550767)
2014802062,14078614,05/30/2014,05-May,6-Friday,05:00,0500 Hours,District 6 (East Central),IOWA CITY,JOHNSON,IA 1,IA 1/IOWA 1,Collision with:  Animal,,,Animal,None Indicated,,,,,,,Paved,,Property Damage Only,0,0,0,0,0,0,8000,1,1,,POINT (-91.484407714591 41.705267906486)
2014801741,14-030530-01,05/30/2014,05-May,6-Friday,21:38,2100 Hours,District 6 (East Central),,IOWA,IA 220,IA 220/220TH TRL,Collision with:  Animal,,,Animal,None Indicated,,,,,,,Paved,,Property Damage Only,0,0,0,0,0,0,2000,1,1,,POINT (-91.916665419303 41.797279967531)
2014801315,14-2501,05/30/2014,05-May,6-Friday,14:00,1400 Hours,District 1 (Central),WEST DES MOINES,POLK,,RAILROAD AVE,Collision with:  Non-motorist (see non-motorist section - NOT a unit),Roadside,Non-collision (single vehicle),Other (explain in narrative):  No improper action,None Indicated,,Daylight,Dry,Cloudy,None apparent,Intersection:  T-intersection,Paved,,Possible/Unknown,0,1,0,0,1,0,0,1,1,,POINT (-93.712324114474 41.569634523977)
2014802600,S14-001905,05/30/2014,05-May,6-Friday,13:19,1300 Hours,District 4 (Southwest),,POTTAWATTAMIE,US 6,US 6 & Co Rd L66/340TH ST,Collision with:  Vehicle in traffic,On Roadway,Broadside (front to side),FTYROW:  From stop sign,None Indicated,,Daylight,Dry,Cloudy,None apparent,Intersection:  Four-way intersection,Paved,,Minor Injury,0,2,0,2,0,0,12000,2,2,,POINT (-95.536785496329 41.289318016833)
2014801158,CL14001733,05/30/2014,05-May,6-Friday,11:14,1100 Hours,District 6 (East Central),CLINTON,CLINTON,US 67,US 67/N 2ND ST & IA 136/IOWA 136 & 19TH AVE N,Collision with:  Vehicle in traffic,On Roadway,Rear-end (front to rear),Followed too close,None Indicated,,Daylight,Dry,Clear,None apparent,Non-intersection:  Non-junction/no special feature,Paved,,Property Damage Only,0,0,0,0,0,0,2000,2,2,,POINT (-90.182105566361 41.866203696577)
2014801281,20140015073,05/30/2014,05-May,6-Friday,17:05,1700 Hours,District 1 (Central),DES MOINES,POLK,,FLEUR DR,Collision with:  Vehicle in traffic,On Roadway,Rear-end (front to rear),Driver Distraction:  Passenger,None Indicated,,Daylight,Dry,Clear,None apparent,Non-intersection:  Non-junction/no special feature,Paved,,Property Damage Only,0,0,0,0,0,0,8000,2,3,,POINT (-93.643556459835 41.579984016217)
2014801340,14-021978,05/30/2014,05-May,6-Friday,20:20,2000 Hours,District 4 (Southwest),COUNCIL BLUFFS,POTTAWATTAMIE,,2ND AVE & S 8TH ST,Collision with:  Non-motorist (see non-motorist section - NOT a unit),On Roadway,Non-collision (single vehicle),Unknown,None Indicated,,Dusk,Dry,Cloudy,None apparent,Non-intersection:  Non-junction/no special feature,Paved,,Possible/Unknown,0,1,0,0,1,0,0,1,1,,POINT (-95.856046918266 41.259625066542)
2014804287,14-133,05/30/2014,05-May,6-Friday,22:15,2200 Hours,District 4 (Southwest),BEDFORD,TAYLOR,,NORTH ST & STATE ST,Collision with fixed object:  Utility pole/light support,On Roadway,Non-collision (single vehicle),Made improper turn,None Indicated,,Dark - roadway lighted,Dry,Clear,None apparent,Intersection:  T-intersection,Paved,,Property Damage Only,0,0,0,0,0,0,8500,1,2,,POINT (-94.716103565393 40.670776107849)
2014807272,,05/30/2014,05-May,6-Friday,17:22,1700 Hours,District 2 (Northeast),,WINNESHIEK,,Co Rd A52/OLD STAGE RD & GLENVILLE RD,Collision with fixed object:  Ditch,On Roadway,Non-collision (single vehicle),Swerving/Evasive Action,None Indicated,,Daylight,Dry,Clear,None apparent,Intersection:  Four-way intersection,Paved,,Property Damage Only,0,0,0,0,0,0,4500,1,1,,POINT (-91.634393783908 43.283967161227)
2014801255,14-002345,05/30/2014,05-May,6-Friday,17:50,1700 Hours,District 1 (Central),ANKENY,POLK,,NE 5TH ST & NE TRILEIN DR,Collision with:  Vehicle in traffic,On Roadway,Broadside (front to side),Made improper turn,None Indicated,,Daylight,Dry,Clear,None apparent,Intersection:  Four-way intersection,Paved,,Property Damage Only,0,0,0,0,0,0,2500,2,2,,POINT (-93.590176001861 41.73544558546)
2014801443,2014031976,05/30/2014,05-May,6-Friday,02:50,0200 Hours,District 1 (Central),,POLK,I-35,I-35,Collision with:  Animal,On Roadway,Non-collision (single vehicle),Animal,None Indicated,,Dark - roadway lighted,Dry,Clear,None apparent,Non-intersection:  Non-junction/no special feature,Paved,,Minor Injury,0,1,0,1,0,0,1500,1,2,,POINT (-93.625801923851 41.649482572339)
2014801173,01-14-23184,05/30/2014,05-May,6-Friday,18:55,1800 Hours,District 6 (East Central),DUBUQUE,DUBUQUE,,W 11TH ST,Collision with:  Vehicle in traffic,On Roadway,Broadside (front to side),FTYROW:  Other (explain in narrative),None Indicated,,Daylight,Dry,Clear,None apparent,Non-intersection:  Alley,Paved,,Property Damage Only,0,0,0,0,0,0,2500,2,3,,POINT (-90.666900019991 42.503766074178)
2014800991,01-14-23068,05/30/2014,05-May,6-Friday,06:12,0600 Hours,District 6 (East Central),DUBUQUE,DUBUQUE,IA 946,IA 946/IOWA 946 & LOCUST ST,Collision with:  Vehicle in traffic,On Roadway,"Angle, oncoming left turn",Made improper turn,None Indicated,,Daylight,Dry,Clear,None apparent,Intersection:  Five points or more,Paved,,Property Damage Only,0,0,0,0,0,0,6500,2,2,,POINT (-90.66480320823 42.493727555071)
2014801309,14-1188,05/30/2014,05-May,6-Friday,12:36,1200 Hours,District 1 (Central),URBANDALE,POLK,I-35,I-35,Non-collision events:  Other non-collision (explain in narrative),On Roadway,Non-collision (single vehicle),Swerving/Evasive Action,None Indicated,,Daylight,Dry,Clear,None apparent,Non-intersection:  Non-junction/no special feature,Paved,,Property Damage Only,0,0,0,0,0,0,2500,1,1,,POINT (-93.776803942592 41.621620885442)