Iowa DOT Case Number,Law Enforcement Case Number,Date of Crash,Month of Crash,Day of Week,Time of Crash,Hour,DOT District,City Name,County Name,Route with System,Location Description,First Harmful Event,Location of First Harmful Event,Manner of Crash/Collision,Major Cause,Drug or Alcohol ,Environmental Conditions,Light Conditions,Surface Conditions,Weather Conditions,Roadway Contribution,Roadway Type,Roadway Surface,Work Zone,Crash Severity,Number of Fatalities,Number of Injuries,Number of Major Injuries,Number of Minor Injuries,Number of Possible Injuries,Number of Unknown Injuries,Amount of Property Damage,Number of Vehicles Involved,Total Number of Occupants,Travel Direction,Location
2014801314,14-2502,05/30/2014,05-May,6-Friday,14:38,1400 Hours,District 1 (Central),WEST DES MOINES,POLK,,MILLS CIVIC PKWY,Collision with:  Vehicle in traffic,On Roadway,Rear-end (front to rear),Other (explain in narrative):  Other,None Indicated,,Daylight,Dry,Clear,None apparent,Non-intersection:  Non-junction/no special feature,Paved,,Property Damage Only,0,0,0,0,0,0,6000,2,3,,POINT (-93.782902247257 41.5590964931)
2014801222,201407641,05/30/2014,05-May,6-Friday,18:30,1800 Hours,District 6 (East Central),CEDAR RAPIDS,LINN,,A AVE NE & 17TH ST NE,Collision with:  Vehicle in traffic,On Roadway,"Sideswipe, same direction",Exceeded authorized speed,None Indicated,,Daylight,Dry,Clear,None apparent,Non-intersection:  Non-junction/no special feature,Paved,,Property Damage Only,0,0,0,0,0,0,3000,2,3,,POINT (-91.649411706876 41.99121480231)
2014801044,14-3575,05/30/2014,05-May,6-Friday,08:20,0800 Hours,District 1 (Central),,POLK,,NW 134TH AVE,Collision with fixed object:  Ditch,On Roadway,Non-collision (single vehicle),Crossed centerline (undivided),None Indicated,,Daylight,Dry,Clear,None apparent,Non-intersection:  Non-junction/no special feature,Unpaved,,Property Damage Only,0,0,0,0,0,0,3000,1,1,,POINT (-93.648665353309 41.805897989885)
2014801330,14-021895,05/30/2014,05-May,6-Friday,12:59,1200 Hours,District 4 (Southwest),COUNCIL BLUFFS,POTTAWATTAMIE,,GIFFORD RD,Non-collision events:  Overturn/rollover,Outside trafficway,Non-collision (single vehicle),Other (explain in narrative):  Other,None Indicated,,Daylight,Dry,Cloudy,None apparent,Non-intersection:  Driveway access (within),Paved,,Possible/Unknown,0,1,0,0,1,0,0,1,1,,POINT (-95.879914906442 41.215835535263)
2014801445,2014032180,05/30/2014,05-May,6-Friday,14:00,1400 Hours,District 6 (East Central),WALFORD,LINN,US 151,US 151/AMANA RD,Collision with:  Vehicle in traffic,Shoulder,"Sideswipe, same direction",Swerving/Evasive Action,None Indicated,,Daylight,Dry,Clear,None apparent,Non-intersection:  Driveway access (within),Paved,,Property Damage Only,0,0,0,0,0,0,3000,2,2,,POINT (-91.827886870038 41.882332374169)
2014801306,20140015081,05/30/2014,05-May,6-Friday,17:00,1700 Hours,District 1 (Central),DES MOINES,POLK,,MILTON AVE & E 21ST ST,Collision with:  Vehicle in traffic,On Roadway,"Sideswipe, same direction","Operating vehicle in an reckless, erratic, careless, negligent manner",None Indicated,,Daylight,Dry,Clear,None apparent,Non-intersection:  Non-junction/no special feature,Paved,,Minor Injury,0,1,0,1,0,0,6000,2,2,,POINT (-93.579809374379 41.616190005871)
2014802695,2014032219,05/30/2014,05-May,6-Friday,17:39,1700 Hours,District 4 (Southwest),COUNCIL BLUFFS,POTTAWATTAMIE,I-80,I-80 & US 6/KANESVILLE BLVD,Collision with:  Vehicle in traffic,On Roadway,Broadside (front to side),FTYROW:  From stop sign,None Indicated,,Daylight,Dry,Cloudy,None apparent,Intersection:  Four-way intersection,Paved,,Minor Injury,0,1,0,1,0,0,12500,2,2,,POINT (-95.786137256741 41.280018704982)
2014801404,2014-35576,05/30/2014,05-May,6-Friday,14:34,1400 Hours,District 6 (East Central),DAVENPORT,SCOTT,,FILLMORE ST,Collision with:  Vehicle in traffic,On Roadway,Broadside (front to side),FTYROW:  At uncontrolled intersection,None Indicated,,Daylight,Dry,Clear,None apparent,Non-intersection:  Alley,Paved,,Property Damage Only,0,0,0,0,0,0,3500,2,3,,POINT (-90.594330697696 41.521712437539)
2014801329,14-021893,05/30/2014,05-May,6-Friday,12:45,1200 Hours,District 4 (Southwest),COUNCIL BLUFFS,POTTAWATTAMIE,,ANGLE AVE & GRAHAM AVE,Non-collision events:  Other non-collision (explain in narrative),On Roadway,Non-collision (single vehicle),Swerving/Evasive Action,None Indicated,,Daylight,Dry,Clear,None apparent,Non-intersection:  Non-junction/no special feature,Paved,,Property Damage Only,0,0,0,0,0,0,4850,1,1,,POINT (-95.839339553978 41.256922429523)
2014801130,W14-053366,05/30/2014,05-May,6-Friday,14:42,1400 Hours,District 2 (Northeast),WATERLOO,BLACK HAWK,,W 3RD ST & VERMONT ST,Collision with:  Vehicle in traffic,On Roadway,Broadside (front to side),FTYROW:  From stop sign,None Indicated,,Daylight,Dry,Clear,None apparent,Intersection:  T-intersection,Paved,,Property Damage Only,0,0,0,0,0,0,1500,2,3,,POINT (-92.354889541241 42.4873676443)
2014801918,2014005236,05/30/2014,05-May,6-Friday,17:51,1700 Hours,District 1 (Central),MARSHALLTOWN,MARSHALL,IA 14,IA 14/N 3RD AVE & LINWOOD ST,Non-collision events:  Other non-collision (explain in narrative),On Roadway,Non-collision (single vehicle),Other (explain in narrative):  No improper action,None Indicated,,Daylight,Dry,Clear,None apparent,Non-intersection:  Non-junction/no special feature,Paved,,Property Damage Only,0,0,0,0,0,0,4500,1,2,,POINT (-92.908062180158 42.059287766009)
2014801075,14-021829,05/30/2014,05-May,6-Friday,01:05,0100 Hours,District 4 (Southwest),COUNCIL BLUFFS,POTTAWATTAMIE,I-80,I-80,Collision with fixed object:  Other fixed object (explain in narrative),Outside trafficway,Non-collision (single vehicle),Lost Control,None Indicated,,Dark - roadway lighted,Dry,Clear,None apparent,Non-intersection:  Non-junction/no special feature,Paved,,Property Damage Only,0,0,0,0,0,0,15000,1,1,,POINT (-95.910865527806 41.231673396788)
2014802005,,05/30/2014,05-May,6-Friday,11:15,1100 Hours,District 1 (Central),FORT DODGE,WEBSTER,,S 13TH ST,Collision with:  Parked motor vehicle,On Roadway,Broadside (front to side),Unknown,None Indicated,,Daylight,Dry,Clear,,Non-intersection:  Driveway access (within),Paved,,Property Damage Only,0,0,0,0,0,0,2284,2,3,,POINT (-94.181079313188 42.505386516199)
2014801157,CL14001731,05/30/2014,05-May,6-Friday,09:20,0900 Hours,District 6 (East Central),CLINTON,CLINTON,US 30,US 30/CAMANCHE AVE & 13TH AVE S,Collision with:  Vehicle in traffic,On Roadway,"Sideswipe, same direction",FTYROW:  From stop sign,None Indicated,,Daylight,Dry,Clear,None apparent,Intersection:  Four-way intersection,Paved,,Property Damage Only,0,0,0,0,0,0,4500,2,4,,POINT (-90.199502981438 41.831705436246)
2014801141,14009564,05/30/2014,05-May,6-Friday,10:03,1000 Hours,District 2 (Northeast),,BREMER,US 218,US 218,Collision with:  Animal,,,Animal,None Indicated,,,,,,,Paved,,Property Damage Only,0,0,0,0,0,0,2500,1,1,,POINT (-92.471800749914 42.660461826455)
2014801230,A14-037,05/30/2014,05-May,6-Friday,11:20,1100 Hours,District 4 (Southwest),WINTERSET,MADISON,US 169,US 169,Collision with:  Vehicle in traffic,On Roadway,Rear-end (front to rear),Followed too close,None Indicated,,Daylight,Dry,Clear,None apparent,Non-intersection:  Non-junction/no special feature,Paved,,Possible/Unknown,0,1,0,0,1,0,6500,2,2,,POINT (-94.01351497484 41.35095461596)
2014801129,W14-053354,05/30/2014,05-May,6-Friday,14:10,1400 Hours,District 2 (Northeast),WATERLOO,BLACK HAWK,,W 5TH ST & GRANT AVE & W 4TH ST,Collision with:  Vehicle in traffic,On Roadway,"Sideswipe, same direction",FTYROW:  Other (explain in narrative),None Indicated,,Daylight,Dry,Clear,None apparent,Intersection:  Four-way intersection,Paved,,Property Damage Only,0,0,0,0,0,0,9000,2,2,,POINT (-92.346297745517 42.489822586405)
2014801159,CL14001738,05/30/2014,05-May,6-Friday,14:55,1400 Hours,District 6 (East Central),CLINTON,CLINTON,,13TH AVE N,Collision with:  Vehicle in traffic,On Roadway,"Angle, oncoming left turn",FTYROW:  From driveway,None Indicated,,Daylight,Dry,Clear,None apparent,Non-intersection:  Driveway access (within),Paved,,Possible/Unknown,0,1,0,0,1,0,6500,2,2,,POINT (-90.209920627096 41.859363563559)
2014801263,20140015043,05/30/2014,05-May,6-Friday,13:13,1300 Hours,District 1 (Central),DES MOINES,POLK,US 6,US 6/E EUCLID AVE & E 33RD ST,Collision with:  Vehicle in traffic,On Roadway,Rear-end (front to rear),Driver Distraction:  Manual operation of an electronic communication device,None Indicated,,Daylight,Dry,Clear,Work Zone (roadway-related),Intersection:  Four-way intersection,Paved,Yes,Possible/Unknown,0,2,0,0,2,0,110,2,4,,POINT (-93.551533258691 41.627750287698)
2014801272,20140015079,05/30/2014,05-May,6-Friday,17:30,1700 Hours,District 1 (Central),DES MOINES,POLK,,LIVINGSTON AVE & E LIVINGSTON AVE & SE 1ST ST,Collision with:  Vehicle in traffic,On Roadway,Rear-end (front to rear),Followed too close,None Indicated,,Daylight,Dry,Cloudy,None apparent,Non-intersection:  Non-junction/no special feature,Paved,,Possible/Unknown,0,1,0,0,1,0,3000,2,2,,POINT (-93.613209951098 41.576555971507)
2014801276,20140015101,05/30/2014,05-May,6-Friday,18:50,1800 Hours,District 1 (Central),DES MOINES,POLK,,E 42ND ST,Collision with fixed object:  Mailbox,Outside trafficway,Non-collision (single vehicle),Swerving/Evasive Action,None Indicated,,Daylight,Dry,Cloudy,None apparent,Non-intersection:  Non-junction/no special feature,Paved,,Property Damage Only,0,0,0,0,0,0,1525,1,2,,POINT (-93.532121979659 41.619077763028)
2014801335,14-021928,05/30/2014,05-May,6-Friday,15:20,1500 Hours,District 4 (Southwest),COUNCIL BLUFFS,POTTAWATTAMIE,,MCBRIDE AVE,Collision with fixed object:  Utility pole/light support,Roadside,Non-collision (single vehicle),Driving too fast for conditions,None Indicated,,Daylight,Wet,Rain,None apparent,Non-intersection:  Non-junction/no special feature,Paved,,Property Damage Only,0,0,0,0,0,0,4304,1,2,,POINT (-95.885343519353 41.268728904712)
2014801318,14-2506,05/30/2014,05-May,6-Friday,17:30,1700 Hours,District 4 (Southwest),WEST DES MOINES,DALLAS,,JORDAN CREEK PKWY,Collision with:  Vehicle in traffic,On Roadway,Rear-end (front to rear),Followed too close,None Indicated,,Daylight,Dry,Clear,None apparent,Non-intersection:  Non-junction/no special feature,Paved,,Property Damage Only,0,0,0,0,0,0,9300,4,8,,POINT (-93.808963417581 41.595800672777)
2014804091,14-962,05/30/2014,05-May,6-Friday,16:57,1600 Hours,District 1 (Central),POLK CITY,POLK,,S 2ND ST & W WOOD ST,Non-collision events:  Other non-collision (explain in narrative),On Roadway,Non-collision (single vehicle),Ran Stop Sign,None Indicated,,Daylight,Dry,Clear,None apparent,Intersection:  Four-way intersection,Paved,,Minor Injury,0,1,0,1,0,0,2500,2,4,,POINT (-93.71428540199 41.770147525046)
2014801511,053014-148,05/30/2014,05-May,6-Friday,21:20,2100 Hours,District 3 (Northwest),,BUENA VISTA,US 71,US 71/130TH AVE & Co Rd C25/480TH ST,Collision with fixed object:  Traffic sign support,On Roadway,Non-collision (single vehicle),Crossed centerline (undivided),None Indicated,,Dusk,Dry,Clear,None apparent,Intersection:  Four-way intersection,Paved,,Property Damage Only,0,0,0,0,0,0,1550,1,3,,POINT (-95.151155707788 42.821875272686)
2014801502,14053435,05/30/2014,05-May,6-Friday,18:12,1800 Hours,District 2 (Northeast),CEDAR FALLS,BLACK HAWK,,6TH ST & WALNUT ST,Collision with:  Vehicle in traffic,On Roadway,Broadside (front to side),FTYROW:  From stop sign,None Indicated,,Daylight,Dry,Clear,None apparent,Intersection:  Four-way intersection,Paved,,Property Damage Only,0,0,0,0,0,0,14400,2,3,,POINT (-92.453403447538 42.533224155362)
2014802319,14012294,05/30/2014,05-May,6-Friday,15:42,1500 Hours,District 5 (Southeast),OSKALOOSA,MAHASKA,,12TH AVE E & S 1ST ST,Collision with:  Vehicle in traffic,On Roadway,Broadside (front to side),FTYROW:  From yield sign,None Indicated,,Daylight,Dry,Clear,None apparent,Intersection:  Four-way intersection,Paved,,Possible/Unknown,0,1,0,0,1,0,6000,2,2,,POINT (-92.643750979394 41.28430871802)
2014801339,14-021943,05/30/2014,05-May,6-Friday,17:05,1700 Hours,District 4 (Southwest),COUNCIL BLUFFS,POTTAWATTAMIE,,AVE L & N 21ST ST,Collision with:  Vehicle in traffic,On Roadway,Rear-end (front to rear),Other (explain in narrative):  Other,None Indicated,,Daylight,Dry,Clear,None apparent,Intersection:  Four-way intersection,Paved,,Property Damage Only,0,0,0,0,0,0,7000,2,2,,POINT (-95.874877295341 41.272593477497)
2014801447,2014032265,05/30/2014,05-May,6-Friday,22:26,2200 Hours,District 6 (East Central),,IOWA,I-80,I-80,Collision with:  Vehicle in traffic,On Roadway,"Sideswipe, same direction",Unknown,None Indicated,,Dark - roadway not lighted,Dry,Clear,None apparent,Non-intersection:  Non-junction/no special feature,Paved,,Property Damage Only,0,0,0,0,0,0,8000,2,3,,POINT (-91.842284652256 41.687283136784)
2014802251,80-14-169,05/30/2014,05-May,6-Friday,16:25,1600 Hours,District 2 (Northeast),HUMBOLDT,HUMBOLDT,,3RD AVE N & 10TH ST N,Non-collision events:  Other non-collision (explain in narrative),On Roadway,Non-collision (single vehicle),Other (explain in narrative):  No improper action,None Indicated,,Daylight,Wet,Rain,"Surface condition (e.g., wet, icy)",Intersection:  Four-way intersection,Paved,,Minor Injury,0,1,0,1,0,0,800,1,1,,POINT (-94.222428695535 42.724354467047)
2014801160,CL14001742,05/30/2014,05-May,6-Friday,15:33,1500 Hours,District 6 (East Central),CLINTON,CLINTON,,10TH AVE S & S 5TH ST,Collision with:  Vehicle in traffic,On Roadway,Broadside (front to side),FTYROW:  From stop sign,None Indicated,,Daylight,Dry,Clear,None apparent,Intersection:  Four-way intersection,Paved,,Property Damage Only,0,0,0,0,0,0,1500,2,4,,POINT (-90.195733280624 41.835305739047)
2014801256,14-0614,05/30/2014,05-May,6-Friday,16:53,1600 Hours,District 4 (Southwest),CLIVE,DALLAS,,WILDWOOD DR & NW 156TH ST,Non-collision events:  Other non-collision (explain in narrative),On Roadway,"Sideswipe, same direction",Made improper turn,None Indicated,,Daylight,Dry,Cloudy,None apparent,Non-intersection:  Non-junction/no special feature,Paved,,Property Damage Only,0,0,0,0,0,0,2700,2,3,,POINT (-93.833662670879 41.610206840014)
2014805228,,05/30/2014,05-May,6-Friday,10:06,1000 Hours,District 5 (Southeast),FORT MADISON,LEE,,AVE E,Collision with:  Parked motor vehicle,On Roadway,Rear-end (front to rear),Lost Control,None Indicated,,Daylight,Dry,Clear,None apparent,Non-intersection:  Non-junction/no special feature,Paved,,Property Damage Only,0,0,0,0,0,0,2000,2,1,,POINT (-91.333077601868 40.633238979415)
2014801172,01-14-23113,05/30/2014,05-May,6-Friday,11:32,1100 Hours,District 6 (East Central),DUBUQUE,DUBUQUE,,JOHN F KENNEDY RD,Collision with:  Vehicle in traffic,On Roadway,Rear-end (front to rear),Lost Control,None Indicated,,Daylight,Dry,Clear,None apparent,Non-intersection:  Driveway access (within),Paved,,Property Damage Only,0,0,0,0,0,0,6000,2,2,,POINT (-90.721173415642 42.499248404703)
2014801037,14010473,05/30/2014,05-May,6-Friday,07:55,0700 Hours,District 6 (East Central),MARION,LINN,,S 11TH ST,Collision with:  Parked motor vehicle,On Roadway,"Sideswipe, same direction",Unknown,None Indicated,,Daylight,Unknown,Unknown,Unknown,Non-intersection:  Non-junction/no special feature,Paved,,Property Damage Only,0,0,0,0,0,0,2000,2,1,,POINT (-91.598233127461 42.021024696702)
2014801127,W14-053242,05/30/2014,05-May,6-Friday,08:27,0800 Hours,District 2 (Northeast),WATERLOO,BLACK HAWK,,WILLISTON AVE & W 11TH ST,Collision with:  Vehicle in traffic,On Roadway,Broadside (front to side),Ran Traffic Signal,None Indicated,,Daylight,Dry,Clear,None apparent,Intersection:  Four-way intersection,Paved,,Possible/Unknown,0,1,0,0,1,0,9000,2,2,,POINT (-92.335189992587 42.483886879812)
2014801273,20140015080,05/30/2014,05-May,6-Friday,17:35,1700 Hours,District 1 (Central),DES MOINES,POLK,,MERLE HAY RD,Collision with:  Vehicle in traffic,On Roadway,Rear-end (front to rear),Followed too close,None Indicated,,Daylight,Dry,Cloudy,None apparent,Non-intersection:  Non-junction/no special feature,Paved,,Property Damage Only,0,0,0,0,0,0,3400,2,2,,POINT (-93.697767358299 41.612355007379)
2014801337,14-021933,05/30/2014,05-May,6-Friday,16:18,1600 Hours,District 4 (Southwest),COUNCIL BLUFFS,POTTAWATTAMIE,I-29,I-29,Collision with:  Vehicle in traffic,On Roadway,Rear-end (front to rear),Followed too close,None Indicated,,Daylight,Dry,Clear,None apparent,Non-intersection:  Non-junction/no special feature,Paved,,Minor Injury,0,1,0,1,0,0,7500,3,7,,POINT (-95.858261731487 41.232145658511)
2014801331,14-021916,05/30/2014,05-May,6-Friday,15:03,1500 Hours,District 4 (Southwest),COUNCIL BLUFFS,POTTAWATTAMIE,IA 92,IA 92/OMAHA BRIDGE RD/IOWA 92 & VALLEY VIEW DR,Collision with:  Vehicle in traffic,On Roadway,Rear-end (front to rear),Followed too close,None Indicated,,Daylight,Wet,Cloudy,None apparent,Intersection:  Four-way intersection,Paved,,Property Damage Only,0,0,0,0,0,0,2500,2,3,,POINT (-95.818105913754 41.229137361819)
2014801989,,05/30/2014,05-May,6-Friday,22:15,2200 Hours,District 2 (Northeast),,HOWARD,,Co Rd A23/45TH ST,Collision with:  Animal,On Roadway,Non-collision (single vehicle),Animal,None Indicated,,Dark - roadway not lighted,Dry,Clear,,Non-intersection:  Non-junction/no special feature,Paved,,Property Damage Only,0,0,0,0,0,0,2200,1,1,,POINT (-92.251650012426 43.450851324001)
2014801204,2014005968,05/30/2014,05-May,6-Friday,22:00,2200 Hours,District 6 (East Central),IOWA CITY,JOHNSON,,BOWERY ST & JOHNSON ST,Collision with:  Vehicle in traffic,On Roadway,Broadside (front to side),Unknown,None Indicated,,Dark - roadway not lighted,Dry,Clear,None apparent,Non-intersection:  Non-junction/no special feature,Paved,,Property Damage Only,0,0,0,0,0,0,2000,2,2,,POINT (-91.527316586847 41.654108737192)
2014852947,,05/30/2014,05-May,6-Friday,20:47,2000 Hours,District 6 (East Central),WALCOTT,SCOTT,I-80,I-80 & Co Rd Y40/60 AVE,Collision with:  Vehicle in traffic,On Roadway,Rear-end (front to rear),Followed too close,None Indicated,,Dark - roadway not lighted,Dry,Clear,None apparent,Intersection:  Intersection with ramp,Paved,,Possible/Unknown,0,1,0,0,1,0,1000,2,2,,POINT (-90.783075185254 41.617977733006)
2014803611,,05/30/2014,05-May,6-Friday,16:00,1600 Hours,District 3 (Northwest),ARNOLDS PARK,DICKINSON,US 71,US 71 & LAKE ST,Collision with:  Vehicle in traffic,On Roadway,Rear-end (front to rear),Swerving/Evasive Action,None Indicated,,Daylight,Dry,Cloudy,None apparent,Non-intersection:  Non-junction/no special feature,Paved,,Property Damage Only,0,0,0,0,0,0,70000,2,2,,POINT (-95.136497990947 43.364104700628)
2014801612,S79140166,05/30/2014,05-May,6-Friday,06:25,0600 Hours,District 1 (Central),,POWESHIEK,I-80,I-80,Collision with:  Animal,On Roadway,Non-collision (single vehicle),Animal,None Indicated,,Dawn,Dry,Clear,None apparent,Non-intersection:  Non-junction/no special feature,Paved,,Property Damage Only,0,0,0,0,0,0,3000,1,2,,POINT (-92.717453634105 41.695649530177)
2014801430,14-1608,05/30/2014,05-May,6-Friday,23:00,2300 Hours,District 1 (Central),FORT DODGE,WEBSTER,,13TH AVE N & N 19TH ST,Collision with:  Parked motor vehicle,On Roadway,Rear-end (front to rear),Other (explain in narrative):  Other,None Indicated,,Dark - roadway lighted,Dry,Clear,None apparent,Non-intersection:  Non-junction/no special feature,Paved,,Property Damage Only,0,0,0,0,0,0,9000,2,1,,POINT (-94.172400462987 42.518371792553)
2014801219,201407654,05/30/2014,05-May,6-Friday,22:19,2200 Hours,District 6 (East Central),CEDAR RAPIDS,LINN,,KIOWA TRCE NE & SEMINOLE VALLEY RD NE,Collision with fixed object:  Ditch,On Roadway,Non-collision (single vehicle),Ran off road - right,Under Influence of Alcohol/Drugs/Medications,,Dark - roadway not lighted,Dry,Clear,None apparent,Intersection:  T-intersection,Paved,,Minor Injury,0,1,0,1,0,0,1000,1,1,,POINT (-91.728130372875 42.006146105583)
2014801352,2014-10785,05/30/2014,05-May,6-Friday,11:15,1100 Hours,District 6 (East Central),RIVERDALE,SCOTT,US 67,US 67/STATE ST,Collision with:  Vehicle in traffic,On Roadway,Rear-end (front to rear),Followed too close,None Indicated,,Daylight,Dry,Clear,None apparent,Intersection:  T-intersection,Paved,,Minor Injury,0,1,0,1,0,0,18000,2,2,,POINT (-90.468096059787 41.536941571492)
2014804468,1405300636,05/30/2014,05-May,6-Friday,06:36,0600 Hours,District 6 (East Central),,JONES,,Co Rd X40/CO RD X-40,Non-collision events:  Overturn/rollover,On Roadway,Non-collision (single vehicle),Lost Control,None Indicated,,Daylight,Dry,Clear,None apparent,Non-intersection:  Non-junction/no special feature,Paved,,Possible/Unknown,0,1,0,0,1,0,3000,1,1,,POINT (-91.249081996464 41.950339009812)
2014810283,14V05184,05/30/2014,05-May,6-Friday,17:28,1700 Hours,District 6 (East Central),VINTON,BENTON,,S 8TH AVE,Non-collision events:  Other non-collision (explain in narrative),On Roadway,Unknown,Unknown,None Indicated,,Daylight,Dry,Cloudy,None apparent,Non-intersection:  Non-junction/no special feature,Paved,,Property Damage Only,0,0,0,0,0,0,2500,2,1,,POINT (-92.015451335715 42.16531231626)
2014801670,14-16843,05/30/2014,05-May,6-Friday,13:20,1300 Hours,District 3 (Northwest),SIOUX CITY,WOODBURY,,W 4TH ST & OMAHA ST,Collision with:  Vehicle in traffic,On Roadway,Rear-end (front to rear),Followed too close,None Indicated,,Daylight,Dry,Clear,None apparent,Non-intersection:  Non-junction/no special feature,Paved,,Property Damage Only,0,0,0,0,0,0,1700,2,2,,POINT (-96.419628662715 42.499876884922)
2014801270,20140015074,05/30/2014,05-May,6-Friday,16:49,1600 Hours,District 1 (Central),DES MOINES,POLK,,INGERSOLL AVE,Collision with:  Vehicle in traffic,On Roadway,Rear-end (front to rear),Driver Distraction:  Manual operation of an electronic communication device,None Indicated,,Daylight,Dry,Cloudy,None apparent,Non-intersection:  Non-junction/no special feature,Paved,,Property Damage Only,0,0,0,0,0,0,2000,2,3,,POINT (-93.658541486587 41.586078136672)
2014801260,14-0610,05/30/2014,05-May,6-Friday,11:10,1100 Hours,District 1 (Central),CLIVE,POLK,US 6,US 6/HICKMAN RD,Collision with:  Vehicle in traffic,On Roadway,Rear-end (front to rear),FTYROW:  Other (explain in narrative),None Indicated,,Daylight,Dry,Cloudy,None apparent,Intersection:  Four-way intersection,Paved,,Property Damage Only,0,0,0,0,0,0,5000,2,2,,POINT (-93.756858306867 41.614827422729)
2014801166,2014-2406,05/30/2014,05-May,6-Friday,10:39,1000 Hours,District 4 (Southwest),WAUKEE,DALLAS,,SE LA GRANT PARKWAY,Collision with:  Vehicle in traffic,On Roadway,Broadside (front to side),FTYROW:  Making left turn,None Indicated,,Daylight,Dry,Cloudy,None apparent,Non-intersection:  Driveway access (within),Paved,,Property Damage Only,0,0,0,0,0,0,7000,2,3,,POINT (-93.866160803701 41.599275065921)
2014801504,E14-53183,05/30/2014,05-May,6-Friday,01:25,0100 Hours,District 2 (Northeast),EVANSDALE,BLACK HAWK,,DUBUQUE RD & ROOSEVELT RD N,Collision with:  Animal,,,Animal,None Indicated,,,,,,,Paved,,Property Damage Only,0,0,0,0,0,0,2000,1,1,,POINT (-92.275670071612 42.477357165142)
2014801114,14-3298,05/30/2014,05-May,6-Friday,11:45,1100 Hours,District 2 (Northeast),,KOSSUTH,,Co Rd B40/210 ST & 140 AVE,Collision with:  Vehicle in traffic,On Roadway,Broadside (front to side),FTYROW:  From stop sign,None Indicated,,Daylight,Dry,Clear,None apparent,Intersection:  Four-way intersection,Paved,,Property Damage Only,0,0,0,0,0,0,15000,2,2,,POINT (-94.187596586734 43.067176285128)
2014801667,14-16811,05/30/2014,05-May,6-Friday,07:28,0700 Hours,District 3 (Northwest),SIOUX CITY,WOODBURY,,TEXAS AVE & BURTON ST,Collision with:  Animal,,,Animal,None Indicated,,,,,,,Paved,,Property Damage Only,0,0,0,0,0,0,1500,1,1,,POINT (-96.455205390109 42.505985096127)
2014801761,SO14001277,05/30/2014,05-May,6-Friday,17:57,1700 Hours,District 3 (Northwest),,PLYMOUTH,,Co Rd C16/130TH ST & Co Rd K64/OYENS AVE,Collision with:  Vehicle in traffic,On Roadway,Broadside (front to side),Ran Stop Sign,None Indicated,,Daylight,Dry,Cloudy,None apparent,Intersection:  Four-way intersection,Paved,,Minor Injury,0,6,0,1,5,0,22000,2,6,,POINT (-96.055883519399 42.866149261926)
2014802662,14-000649,05/30/2014,05-May,6-Friday,15:21,1500 Hours,District 1 (Central),,STORY,US 30,US 30,Collision with:  Vehicle in traffic,On Roadway,Rear-end (front to rear),Ran off road - left,None Indicated,,Daylight,Dry,Clear,Work Zone (roadway-related),Non-intersection:  Non-junction/no special feature,Paved,Yes,Minor Injury,0,1,0,1,0,0,4500,2,2,,POINT (-93.694219964221 42.013101924661)
2014805398,,05/30/2014,05-May,6-Friday,11:36,1100 Hours,District 2 (Northeast),DECORAH,WINNESHIEK,,MONTGOMERY ST,Collision with:  Vehicle in traffic,Roadside,"Sideswipe, same direction",FTYROW:  From stop sign,None Indicated,,Daylight,Dry,Clear,None apparent,Non-intersection:  Driveway access (within),Paved,,Property Damage Only,0,0,0,0,0,0,2700,2,3,,POINT (-91.771943679312 43.295683921066)
2014801832,2014032167,05/30/2014,05-May,6-Friday,14:00,1400 Hours,District 6 (East Central),,CLINTON,US 61,US 61 & Co Rd E73/212 ST & Co Rd Y68,Collision with:  Vehicle in traffic,On Roadway,Broadside (front to side),FTYROW:  From yield sign,None Indicated,,Daylight,Dry,Cloudy,None apparent,Intersection:  Four-way intersection,Paved,,Minor Injury,0,4,0,1,3,0,25600,2,5,,POINT (-90.572013699862 41.87174651491)
2014801063,20140015037,05/30/2014,05-May,6-Friday,12:10,1200 Hours,District 1 (Central),DES MOINES,POLK,,COLLEGE AVE & 17TH ST,Collision with:  Vehicle in traffic,On Roadway,Broadside (front to side),Unknown,None Indicated,,Daylight,Dry,Clear,None apparent,Non-intersection:  Non-junction/no special feature,Paved,,Property Damage Only,0,0,0,0,0,0,5000,2,2,,POINT (-93.64023164331 41.607717852052)
2014850975,14004162,05/30/2014,05-May,6-Friday,21:30,2100 Hours,District 5 (Southeast),,LOUISA,US 61,US 61,Collision with:  Animal,On Roadway,Non-collision (single vehicle),Animal,None Indicated,,,,,,,Paved,,Property Damage Only,0,0,0,0,0,0,1500,1,1,,POINT (-91.178203140804 41.11794029347)
2014801512,053014-65,05/30/2014,05-May,6-Friday,14:52,1400 Hours,District 3 (Northwest),,BUENA VISTA,,Co Rd C43/550TH ST & Co Rd M44/100TH AVE,Non-collision events:  Overturn/rollover,Outside trafficway,Non-collision (single vehicle),Over correcting/over steering,None Indicated,,Daylight,Dry,Clear,None apparent,Non-intersection:  Non-junction/no special feature,Paved,,Possible/Unknown,0,2,0,0,2,0,4000,1,2,,POINT (-95.209184685275 42.720040843927)
2014801765,14-002339,05/30/2014,05-May,6-Friday,15:50,1500 Hours,District 1 (Central),ANKENY,POLK,,NE 54TH AVE & NE 29TH ST,Collision with:  Vehicle in traffic,On Roadway,Rear-end (front to rear),Followed too close,None Indicated,,Daylight,Dry,Clear,None apparent,Intersection:  Four-way intersection,Paved,,Minor Injury,0,1,0,1,0,0,1000,2,2,,POINT (-93.561055518584 41.658472727041)