Iowa DOT Case Number,Law Enforcement Case Number,Date of Crash,Month of Crash,Day of Week,Time of Crash,Hour,DOT District,City Name,County Name,Route with System,Location Description,First Harmful Event,Location of First Harmful Event,Manner of Crash/Collision,Major Cause,Drug or Alcohol ,Environmental Conditions,Light Conditions,Surface Conditions,Weather Conditions,Roadway Contribution,Roadway Type,Roadway Surface,Work Zone,Crash Severity,Number of Fatalities,Number of Injuries,Number of Major Injuries,Number of Minor Injuries,Number of Possible Injuries,Number of Unknown Injuries,Amount of Property Damage,Number of Vehicles Involved,Total Number of Occupants,Travel Direction,Location
2014801336,14-021931,05/30/2014,05-May,6-Friday,16:00,1600 Hours,District 4 (Southwest),COUNCIL BLUFFS,POTTAWATTAMIE,US 6,US 6/W BROADWAY & S 8TH ST & N 8TH ST,Collision with:  Vehicle in traffic,On Roadway,"Sideswipe, same direction",Improper or erratic lane changing,None Indicated,,Daylight,Dry,Cloudy,None apparent,Intersection:  Four-way intersection,Paved,,Property Damage Only,0,0,0,0,0,0,3000,2,2,,POINT (-95.856049604318 41.261876587954)
2014801142,14-125,05/30/2014,05-May,6-Friday,08:45,0800 Hours,District 2 (Northeast),WAVERLY,BREMER,,5TH AVE NW,Collision with:  Parked motor vehicle,On Roadway,Rear-end (front to rear),Other (explain in narrative):  Vision obstructed,None Indicated,,Daylight,Dry,Clear,None apparent,Non-intersection:  Non-junction/no special feature,Paved,,Property Damage Only,0,0,0,0,0,0,3000,2,1,,POINT (-92.494077283519 42.730103176421)
2014801543,C14001669,05/30/2014,05-May,6-Friday,16:38,1600 Hours,District 6 (East Central),CORALVILLE,JOHNSON,,CORAL RIDGE AVE,Collision with:  Vehicle in traffic,On Roadway,Rear-end (front to rear),Followed too close,None Indicated,,Daylight,Dry,Clear,None apparent,Intersection:  Four-way intersection,Paved,,Property Damage Only,0,0,0,0,0,0,7250,3,11,,POINT (-91.607826182301 41.722177223264)
2014800992,01-14-23094,05/30/2014,05-May,6-Friday,10:08,1000 Hours,District 6 (East Central),DUBUQUE,DUBUQUE,,E 19TH ST & JACKSON ST,Collision with:  Vehicle in traffic,On Roadway,Head-on (front to front),FTYROW:  Making left turn,None Indicated,,Daylight,Dry,Clear,None apparent,Intersection:  Four-way intersection,Paved,,Possible/Unknown,0,1,0,0,1,0,9500,2,2,,POINT (-90.667992683675 42.511037517744)
2014801446,2014032216,05/30/2014,05-May,6-Friday,17:24,1700 Hours,District 3 (Northwest),,CALHOUN,US 20,US 20/US20 & Co Rd N65/SIGOURNEY AVE,Collision with:  Vehicle in traffic,On Roadway,Broadside (front to side),FTYROW:  From stop sign,None Indicated,,Daylight,Dry,Cloudy,None apparent,Intersection:  Four-way intersection,Paved,,Minor Injury,0,1,0,1,0,0,8000,2,2,,POINT (-94.553341477789 42.449567711602)
2014803571,2014032038,05/30/2014,05-May,6-Friday,10:15,1000 Hours,District 6 (East Central),CORALVILLE,JOHNSON,I-80,I-80,Collision with:  Vehicle in traffic,On Roadway,Rear-end (front to rear),FTYROW:  Other (explain in narrative),None Indicated,,Daylight,Dry,Clear,None apparent,Interchange-related:  On-ramp,Paved,,Possible/Unknown,0,1,0,0,1,0,9000,2,3,,POINT (-91.656117532331 41.693984390608)
2014801333,14-021922,05/30/2014,05-May,6-Friday,15:25,1500 Hours,District 4 (Southwest),COUNCIL BLUFFS,POTTAWATTAMIE,,MADISON AVE,Collision with:  Vehicle in traffic,On Roadway,Rear-end (front to rear),Followed too close,None Indicated,,Daylight,Dry,Cloudy,None apparent,Non-intersection:  Non-junction/no special feature,Paved,,Property Damage Only,0,0,0,0,0,0,2500,2,4,,POINT (-95.830451614113 41.248441270024)
2014800953,14-53268,05/30/2014,05-May,6-Friday,09:33,0900 Hours,District 2 (Northeast),HUDSON,BLACK HAWK,IA 58,IA 58/HUDSON RD,Collision with:  Animal,,,Animal,None Indicated,,,,,,,Paved,,Property Damage Only,0,0,0,0,0,0,3000,1,1,,POINT (-92.465804723475 42.41101869517)
2014801831,2014032009,05/30/2014,05-May,6-Friday,07:21,0700 Hours,District 4 (Southwest),,CASS,I-80,I-80,Non-collision events:  Overturn/rollover,On Roadway,Rear-end (front to rear),"Operating vehicle in an reckless, erratic, careless, negligent manner",Drug,,Daylight,Dry,Clear,Work Zone (roadway-related),Non-intersection:  Non-junction/no special feature,Paved,Yes,Major Injury,0,2,2,0,0,0,43000,3,2,,POINT (-95.137767004926 41.49857310808)
2014801542,C14001668,05/30/2014,05-May,6-Friday,16:30,1600 Hours,District 6 (East Central),CORALVILLE,JOHNSON,,CORAL RIDGE AVE,Collision with:  Vehicle in traffic,Shoulder,Rear-end (front to rear),Other (explain in narrative):  No improper action,None Indicated,,Daylight,Dry,Cloudy,None apparent,Non-intersection:  Non-junction/no special feature,Paved,,Possible/Unknown,0,1,0,0,1,0,5000,2,2,,POINT (-91.607824821466 41.722240254317)
2014801113,2014031972,05/30/2014,05-May,6-Friday,00:01,0000 Hours,District 4 (Southwest),,UNION,US 34,US 34,Collision with:  Vehicle in traffic,On Roadway,Rear-end (front to rear),"Operating vehicle in an reckless, erratic, careless, negligent manner",Alcohol (< Statutory),,Dark - roadway lighted,Dry,Clear,None apparent,Non-intersection:  Non-junction/no special feature,Paved,,Property Damage Only,0,0,0,0,0,0,5000,2,3,,POINT (-94.01786318762 41.026646193436)
2014801742,14-040530-01,05/30/2014,05-May,6-Friday,23:40,2300 Hours,District 6 (East Central),,IOWA,,Co Rd F52/F52 TRL,Non-collision events:  Overturn/rollover,Roadside,Non-collision (single vehicle),Swerving/Evasive Action,Alcohol (< Statutory),,Dark - roadway not lighted,Dry,Cloudy,None apparent,Non-intersection:  Non-junction/no special feature,Paved,,Major Injury,0,1,1,0,0,0,2500,1,1,,POINT (-91.956317994616 41.59109016642)
2014801654,14-002606,05/30/2014,05-May,6-Friday,17:33,1700 Hours,District 1 (Central),AMES,STORY,,ASHMORE DR & ASH AVE,Non-collision events:  Other non-collision (explain in narrative),Shoulder,Non-collision (single vehicle),Exceeded authorized speed,None Indicated,,Daylight,Dry,Clear,None apparent,Intersection:  T-intersection,Paved,,Property Damage Only,0,0,0,0,0,0,6500,1,1,,POINT (-93.644585198057 42.012121455654)
2014801444,2014031997,05/30/2014,05-May,6-Friday,07:17,0700 Hours,District 2 (Northeast),,CERRO GORDO,I-35,I-35,Collision with:  Animal,,,Animal,None Indicated,,,,,,,Paved,,Property Damage Only,0,0,0,0,0,0,3000,1,1,,POINT (-93.350710037747 42.947793155811)
2014801061,20140015032,05/30/2014,05-May,6-Friday,11:40,1100 Hours,District 1 (Central),DES MOINES,POLK,,PROSPECT RD,Collision with fixed object:  Utility pole/light support,Outside trafficway,Non-collision (single vehicle),Lost Control,None Indicated,,Daylight,Dry,Clear,None apparent,Non-intersection:  Other non-intersection (explain in narrative),Paved,,Property Damage Only,0,0,0,0,0,0,2750,1,2,,POINT (-93.639190993518 41.617793703592)
2014801326,S14-001908,05/30/2014,05-May,6-Friday,17:50,1700 Hours,District 4 (Southwest),,POTTAWATTAMIE,US 6,US 6,Collision with:  Animal,On Roadway,Non-collision (single vehicle),Animal,None Indicated,,Daylight,Dry,Cloudy,None apparent,Non-intersection:  Non-junction/no special feature,Paved,,Property Damage Only,0,0,0,0,0,0,2200,1,1,,POINT (-95.225964954338 41.317827249998)
2014803111,14007901,05/30/2014,05-May,6-Friday,13:13,1300 Hours,District 6 (East Central),MECHANICSVILLE,CEDAR,,1ST ST,Collision with:  Vehicle in traffic,On Roadway,Broadside (front to side),FTYROW:  From driveway,None Indicated,,Daylight,Dry,Clear,None apparent,Non-intersection:  Driveway access (within),Paved,,Property Damage Only,0,0,0,0,0,0,10000,2,3,,POINT (-91.247666035217 41.902475803641)
2014801549,2014005889,05/30/2014,05-May,6-Friday,16:36,1600 Hours,District 6 (East Central),IOWA CITY,JOHNSON,US 6,US 6/S RIVERSIDE DR & IA 1/W BURLINGTON ST & GRAND AVE,Collision with:  Vehicle in traffic,On Roadway,"Sideswipe, same direction",Over correcting/over steering,None Indicated,,Daylight,Dry,Clear,None apparent,Non-intersection:  Non-junction/no special feature,Paved,,Property Damage Only,0,0,0,0,0,0,2500,2,2,,POINT (-91.541903201135 41.658050599121)
2014801126,W14-053210,05/30/2014,05-May,6-Friday,03:38,0300 Hours,District 2 (Northeast),WATERLOO,BLACK HAWK,,W 3RD ST,Collision with:  Other non-fixed object (explain in narrative),On Roadway,Non-collision (single vehicle),Crossed centerline (undivided),None Indicated,,Dark - roadway not lighted,Dry,Clear,None apparent,Non-intersection:  Other non-intersection (explain in narrative),Paved,,Property Damage Only,0,0,0,0,0,0,7000,1,2,,POINT (-92.369497949984 42.486683444713)
2014801269,20140015070,05/30/2014,05-May,6-Friday,16:30,1600 Hours,District 1 (Central),DES MOINES,POLK,,ARMY POST RD & SW 12TH ST,Collision with:  Vehicle in traffic,On Roadway,Rear-end (front to rear),Lost Control,None Indicated,,Daylight,Dry,Cloudy,None apparent,Non-intersection:  Non-junction/no special feature,Paved,,Minor Injury,0,1,0,1,0,0,10000,3,3,,POINT (-93.630524741358 41.526516806692)
2014801328,14-021880,05/30/2014,05-May,6-Friday,11:15,1100 Hours,District 4 (Southwest),COUNCIL BLUFFS,POTTAWATTAMIE,US 6,US 6/W BROADWAY,Collision with:  Vehicle in traffic,On Roadway,Broadside (front to side),FTYROW:  From driveway,None Indicated,,Daylight,Dry,Clear,None apparent,Non-intersection:  Driveway access (within),Paved,,Property Damage Only,0,0,0,0,0,0,4250,2,2,,POINT (-95.867149248066 41.261861668532)
2014801403,2014-35559,05/30/2014,05-May,6-Friday,13:03,1300 Hours,District 6 (East Central),DAVENPORT,SCOTT,,W LOCUST ST & HICKORY GROVE RD & N DIVISION ST,Collision with:  Vehicle in traffic,On Roadway,Rear-end (front to rear),Followed too close,None Indicated,,Daylight,Dry,Clear,None apparent,Non-intersection:  Non-junction/no special feature,Paved,,Property Damage Only,0,0,0,0,0,0,4000,2,4,,POINT (-90.601054607878 41.538226678831)
2014805384,,05/30/2014,05-May,6-Friday,18:47,1800 Hours,District 6 (East Central),CEDAR RAPIDS,LINN,US 30,US 30/SW LOOP & WACONIA CT SW & 6TH ST SW,Collision with:  Vehicle in traffic,On Roadway,Rear-end (front to rear),Other (explain in narrative):  Other,None Indicated,,Daylight,Dry,Cloudy,None apparent,Intersection:  Four-way intersection,Paved,,Property Damage Only,0,0,0,0,0,0,16000,2,4,,POINT (-91.676388498102 41.925610687134)
2014801401,2014-35542,05/30/2014,05-May,6-Friday,11:44,1100 Hours,District 6 (East Central),DAVENPORT,SCOTT,,W 6TH ST & MAIN ST,Collision with:  Vehicle in traffic,On Roadway,"Sideswipe, same direction",Traveling wrong way or on wrong side of road,None Indicated,,Daylight,Dry,Clear,None apparent,Intersection:  Four-way intersection,Paved,,Property Damage Only,0,0,0,0,0,0,2500,2,3,,POINT (-90.575545360824 41.525730872973)
2014801669,14-16841,05/30/2014,05-May,6-Friday,13:15,1300 Hours,District 3 (Northwest),SIOUX CITY,WOODBURY,IA 12,IA 12/GORDON DR & S FAIRMOUNT ST,Collision with:  Vehicle in traffic,On Roadway,Rear-end (front to rear),Ran Traffic Signal,None Indicated,,Daylight,Dry,Cloudy,None apparent,Intersection:  Four-way intersection,Paved,,Property Damage Only,0,0,0,0,0,0,4000,3,3,,POINT (-96.374444196193 42.489881069666)
2014801234,2014005216,05/30/2014,05-May,6-Friday,05:15,0500 Hours,District 1 (Central),MARSHALLTOWN,MARSHALL,IA 14,IA 14/N 3RD AVE & EDGEWOOD ST,Collision with:  Animal,On Roadway,Non-collision (single vehicle),Animal,None Indicated,,Daylight,Dry,Cloudy,None apparent,Non-intersection:  Non-junction/no special feature,Paved,,Property Damage Only,0,0,0,0,0,0,2500,1,1,,POINT (-92.908072057022 42.060818890733)
2014801161,CL14001743,05/30/2014,05-May,6-Friday,15:39,1500 Hours,District 6 (East Central),CLINTON,CLINTON,,6TH AVE N & N 5TH ST,Collision with:  Vehicle in traffic,On Roadway,"Angle, oncoming left turn",FTYROW:  Making left turn,None Indicated,,Daylight,Dry,Clear,None apparent,Intersection:  Four-way intersection,Paved,,Property Damage Only,0,0,0,0,0,0,5500,2,2,,POINT (-90.194835575027 41.851160870911)
2014801660,14002604,05/30/2014,05-May,6-Friday,16:06,1600 Hours,District 1 (Central),AMES,STORY,,13TH ST & WILSON AVE,Collision with:  Vehicle in traffic,On Roadway,"Angle, oncoming left turn",FTYROW:  Making left turn,None Indicated,,Daylight,Dry,Clear,None apparent,Intersection:  Four-way intersection,Paved,,Major Injury,0,1,1,0,0,0,8000,2,2,,POINT (-93.618498326168 42.034484204159)
2014800983,14-18107,05/30/2014,05-May,6-Friday,10:25,1000 Hours,District 5 (Southeast),BURLINGTON,DES MOINES,,VALLEY ST & 5TH ST,Collision with:  Vehicle in traffic,On Roadway,"Sideswipe, same direction",Unknown,None Indicated,,Daylight,Dry,Clear,None apparent,Non-intersection:  Non-junction/no special feature,Paved,,Property Damage Only,0,0,0,0,0,0,1800,2,2,,POINT (-91.105290720642 40.80956883065)
2014808900,2014032214,05/30/2014,05-May,6-Friday,16:52,1600 Hours,District 1 (Central),,JASPER,I-80,I-80,Collision with fixed object:  Guardrail - face,Shoulder,Non-collision (single vehicle),Swerving/Evasive Action,None Indicated,,Daylight,Dry,Cloudy,None apparent,Non-intersection:  Non-junction/no special feature,Paved,,Property Damage Only,0,0,0,0,0,0,7500,1,1,,POINT (-93.326987426516 41.681399474411)
2014801533,P14-006495,05/30/2014,05-May,6-Friday,14:28,1400 Hours,District 1 (Central),WEBSTER CITY,HAMILTON,,E 2ND ST,Collision with:  Vehicle in traffic,On Roadway,Rear-end (front to rear),Followed too close,None Indicated,,Daylight,Dry,Cloudy,None apparent,Non-intersection:  Non-junction/no special feature,Paved,,Property Damage Only,0,0,0,0,0,0,5000,2,2,,POINT (-93.809851709598 42.469417985531)
2014801242,14-3589,05/30/2014,05-May,6-Friday,17:46,1700 Hours,District 1 (Central),DES MOINES,POLK,IA 415,IA 415/2ND AVE,Collision with:  Vehicle in traffic,On Roadway,Rear-end (front to rear),Followed too close,None Indicated,,Daylight,Dry,Clear,None apparent,Intersection:  T-intersection,Paved,,Property Damage Only,0,0,0,0,0,0,8000,3,3,,POINT (-93.620004919433 41.649829238725)
2014801626,2014-35567,05/30/2014,05-May,6-Friday,13:37,1300 Hours,District 6 (East Central),DAVENPORT,SCOTT,,BUCKEYE ST & COMENITZ DR,Collision with:  Vehicle in traffic,On Roadway,Broadside (front to side),FTYROW:  From stop sign,None Indicated,,Daylight,Dry,Cloudy,None apparent,Intersection:  T-intersection,Paved,,Minor Injury,0,1,0,1,0,0,1500,2,2,,POINT (-90.640649636507 41.501255105461)
2014801060,20140015004,05/30/2014,05-May,6-Friday,07:40,0700 Hours,District 1 (Central),DES MOINES,POLK,,MCKINLEY AVE & SW 9TH ST,Collision with:  Vehicle in traffic,On Roadway,Rear-end (front to rear),FTYROW:  Other (explain in narrative),None Indicated,,Daylight,Dry,Clear,None apparent,Intersection:  Four-way intersection,Paved,,Possible/Unknown,0,1,0,0,1,0,7500,2,2,,POINT (-93.625749537113 41.540954624824)
2014808901,2014032234,05/30/2014,05-May,6-Friday,18:40,1800 Hours,District 1 (Central),,JASPER,I-80,I-80,Collision with fixed object:  Guardrail - face,Shoulder,Non-collision (single vehicle),Swerving/Evasive Action,None Indicated,,Daylight,Dry,Cloudy,None apparent,Non-intersection:  Non-junction/no special feature,Paved,,Property Damage Only,0,0,0,0,0,0,16500,1,1,,POINT (-92.948732993443 41.680258918993)
2014804469,1405302126,05/30/2014,05-May,6-Friday,21:25,2100 Hours,District 6 (East Central),,JONES,US 151,US 151 & LANGWORTHY RD,Collision with:  Animal,,,Animal,None Indicated,,,,,,,Paved,,Property Damage Only,0,0,0,0,0,0,5000,1,1,,POINT (-91.213735303899 42.195886010976)
2014803295,14-004781,05/30/2014,05-May,6-Friday,17:59,1700 Hours,District 6 (East Central),INDEPENDENCE,BUCHANAN,,14TH AVE NE,Collision with:  Parked motor vehicle,Roadside,Rear-end (front to rear),Unknown,None Indicated,,Daylight,Dry,Clear,None apparent,Non-intersection:  Non-junction/no special feature,Paved,,Property Damage Only,0,0,0,0,0,0,1500,2,1,,POINT (-91.877358243589 42.471869173601)
2014801228,14-2666,05/30/2014,05-May,6-Friday,07:25,0700 Hours,District 6 (East Central),HIAWATHA,LINN,,TOWER TERRACE RD & CENTER POINT RD,Collision with:  Vehicle in traffic,On Roadway,Broadside (front to side),Ran Stop Sign,None Indicated,,Daylight,Dry,Cloudy,None apparent,Intersection:  Four-way intersection,Paved,,Minor Injury,0,1,0,1,0,0,13000,2,2,,POINT (-91.692249542919 42.058799405702)
2014801128,W14-053287,05/30/2014,05-May,6-Friday,10:18,1000 Hours,District 2 (Northeast),WATERLOO,BLACK HAWK,,RAINBOW DR & GREENHILL RD,Collision with:  Vehicle in traffic,On Roadway,Broadside (front to side),FTYROW:  Making left turn,None Indicated,,Daylight,Dry,Cloudy,None apparent,Intersection:  Four-way intersection,Paved,,Major Injury,0,5,1,3,1,0,24000,3,6,,POINT (-92.392529528454 42.513302999023)
2014835170,14003009,05/30/2014,05-May,6-Friday,18:58,1800 Hours,District 2 (Northeast),,HANCOCK,US 18,US 18 & KENT AVE,Collision with:  Vehicle in traffic,On Roadway,Rear-end (front to rear),Swerving/Evasive Action,None Indicated,,Daylight,Dry,Cloudy,None apparent,Intersection:  T-intersection,Paved,,Possible/Unknown,0,1,0,0,1,0,11000,2,4,,POINT (-93.773252994508 43.104296622372)
2014802105,2014005227,05/30/2014,05-May,6-Friday,16:00,1600 Hours,District 1 (Central),MARSHALLTOWN,MARSHALL,,E SOUTHRIDGE RD & S 3RD AVE,Collision with:  Vehicle in traffic,On Roadway,Broadside (front to side),FTYROW:  From stop sign,None Indicated,,Daylight,Dry,Clear,None apparent,Intersection:  Four-way intersection,Paved,,Property Damage Only,0,0,0,0,0,0,6500,2,2,,POINT (-92.905223016973 42.017936130067)
2014801302,20140015114,05/30/2014,05-May,6-Friday,22:01,2200 Hours,District 1 (Central),DES MOINES,POLK,,LOCUST ST & 12TH ST,Collision with:  Vehicle in traffic,On Roadway,Broadside (front to side),Ran Traffic Signal,None Indicated,,Dark - roadway lighted,Dry,Clear,None apparent,Intersection:  Four-way intersection,Paved,,Property Damage Only,0,0,0,0,0,0,7500,2,4,,POINT (-93.632307645534 41.585261631952)
2014801970,2014-35655,05/30/2014,05-May,6-Friday,20:36,2000 Hours,District 6 (East Central),DAVENPORT,SCOTT,,E 3RD ST,Collision with:  Vehicle in traffic,On Roadway,"Sideswipe, same direction",Driver Distraction:  Passenger,None Indicated,,Dark - roadway lighted,Dry,Clear,None apparent,Non-intersection:  Non-junction/no special feature,Paved,,Property Damage Only,0,0,0,0,0,0,1800,2,3,,POINT (-90.57310578072 41.522383034734)
2014801459,2014031980,05/30/2014,05-May,6-Friday,06:10,0600 Hours,District 2 (Northeast),CLEAR LAKE,CERRO GORDO,I-35,I-35,Collision with:  Animal,,,Animal,None Indicated,,,,,,,Paved,,Property Damage Only,0,0,0,0,0,0,4000,1,1,,POINT (-93.355646447454 43.15541514646)
2014801266,20140015075,05/30/2014,05-May,6-Friday,16:40,1600 Hours,District 1 (Central),DES MOINES,POLK,,SW 3RD ST & LINE DR,Collision with:  Vehicle in traffic,On Roadway,"Sideswipe, same direction",Unknown,None Indicated,,Daylight,Dry,Cloudy,None apparent,Intersection:  T-intersection,Paved,,Property Damage Only,0,0,0,0,0,0,4000,2,2,,POINT (-93.618681860695 41.580534891283)
2014801251,14-002341,05/30/2014,05-May,6-Friday,16:54,1600 Hours,District 1 (Central),ANKENY,POLK,IA 160,IA 160/SW ORALABOR RD & IA 415/SW STATE ST,Collision with:  Vehicle in traffic,On Roadway,"Sideswipe, same direction",FTYROW:  Other (explain in narrative),None Indicated,,Daylight,Dry,Clear,None apparent,Non-intersection:  Non-junction/no special feature,Paved,,Property Damage Only,0,0,0,0,0,0,3500,2,2,,POINT (-93.621550183463 41.703115988409)
2014806546,032-057-14,05/30/2014,05-May,6-Friday,13:24,1300 Hours,District 3 (Northwest),ESTHERVILLE,EMMET,IA 4,IA 4/N 9TH ST & 5TH AVE N,Collision with:  Vehicle in traffic,On Roadway,Broadside (front to side),FTYROW:  From stop sign,None Indicated,,Daylight,Dry,Cloudy,None apparent,Intersection:  Four-way intersection,Paved,,Property Damage Only,0,0,0,0,0,0,4000,2,2,,POINT (-94.832882525325 43.40652688913)
2014801203,2014005945,05/30/2014,05-May,6-Friday,07:56,0700 Hours,District 6 (East Central),IOWA CITY,JOHNSON,,S SCOTT BLVD,Collision with:  Vehicle in traffic,On Roadway,Rear-end (front to rear),Followed too close,None Indicated,,Daylight,Dry,Clear,None apparent,Intersection:  T-intersection,Paved,,Property Damage Only,0,0,0,0,0,0,3000,2,3,,POINT (-91.482897253136 41.632463887494)
2014802437,201400025929,05/30/2014,05-May,6-Friday,10:25,1000 Hours,District 5 (Southeast),OTTUMWA,WAPELLO,,N MOORE ST & CHURCH ST,Collision with:  Vehicle in traffic,On Roadway,"Angle, oncoming left turn",FTYROW:  Making left turn,None Indicated,,Daylight,Dry,Clear,None apparent,Intersection:  T-intersection,Paved,,Minor Injury,0,2,0,1,1,0,6500,3,7,,POINT (-92.419925986552 41.008448920109)
2014801310,14-1194,05/30/2014,05-May,6-Friday,17:19,1700 Hours,District 1 (Central),URBANDALE,POLK,US 6,US 6/HICKMAN RD,Collision with:  Vehicle in traffic,On Roadway,Rear-end (front to rear),Driving too fast for conditions,None Indicated,,Daylight,Dry,Cloudy,None apparent,Intersection:  Four-way intersection,Paved,,Minor Injury,0,2,0,2,0,0,10000,3,7,,POINT (-93.773986646243 41.614893519367)
2014801705,14007900,05/30/2014,05-May,6-Friday,12:04,1200 Hours,District 6 (East Central),,CEDAR,,Co Rd X64/QUINCY AVE,Collision with:  Vehicle in traffic,On Roadway,"Sideswipe, same direction",Crossed centerline (undivided),None Indicated,,Daylight,Dry,Clear,None apparent,Non-intersection:  Non-junction/no special feature,Paved,,Major Injury,0,1,1,0,0,0,3700,2,2,,POINT (-91.054954933552 41.821062498702)
2014802495,14007899,05/30/2014,05-May,6-Friday,11:55,1100 Hours,District 6 (East Central),TIPTON,CEDAR,IA 38,IA 38/CEDAR ST & SOUTH ST,Collision with:  Vehicle in traffic,On Roadway,Broadside (front to side),Ran Stop Sign,None Indicated,,Daylight,Dry,Clear,None apparent,Intersection:  Four-way intersection,Paved,,Property Damage Only,0,0,0,0,0,0,7000,2,2,,POINT (-91.128391211797 41.764731740564)
2014801641,14-6329,05/30/2014,05-May,6-Friday,21:30,2100 Hours,District 3 (Northwest),,SIOUX,,Co Rd B40/390TH ST,Collision with:  Animal,,,Animal,None Indicated,,,,,,,Paved,,Property Damage Only,0,0,0,0,0,0,3000,1,1,,POINT (-96.426602716198 43.083849338444)
2014802087,201401807,05/30/2014,05-May,6-Friday,21:49,2100 Hours,District 6 (East Central),,LINN,,ROGERS RD & TIMBERLAND DR,Collision with fixed object:  Ditch,Roadside,Non-collision (single vehicle),Crossed centerline (undivided),None Indicated,,Dark - roadway not lighted,"Mud, dirt",Clear,"Surface condition (e.g., wet, icy)",Non-intersection:  Non-junction/no special feature,Paved,,Possible/Unknown,0,1,0,0,1,0,5000,1,1,,POINT (-91.737291158446 41.992332311729)
2014801264,20140015119,05/30/2014,05-May,6-Friday,21:00,2100 Hours,District 1 (Central),DES MOINES,POLK,,GRAND AVE & 14TH ST,Collision with:  Parked motor vehicle,Outside trafficway,Unknown,Other (explain in narrative):  No improper action,None Indicated,,Dark - roadway lighted,Dry,Clear,None apparent,Non-intersection:  Non-junction/no special feature,Paved,,Property Damage Only,0,0,0,0,0,0,2000,2,1,,POINT (-93.635334358894 41.585614243642)
2014803124,14-7929,05/31/2014,05-May,7-Saturday,15:27,1500 Hours,District 6 (East Central),MAQUOKETA,JACKSON,US 61,US 61,Non-collision events:  Overturn/rollover,On Roadway,Non-collision (single vehicle),Lost Control,None Indicated,,Daylight,Dry,Cloudy,None apparent,Non-intersection:  Other non-intersection (explain in narrative),Paved,,Possible/Unknown,0,1,0,0,1,0,26000,1,1,,POINT (-90.674752313185 42.169130614271)
2014803521,14-000814,05/31/2014,05-May,7-Saturday,13:57,1300 Hours,District 1 (Central),AMES,STORY,,RICHARDSON CT,Collision with:  Vehicle in traffic,On Roadway,Broadside (front to side),FTYROW:  From parked position,None Indicated,,Daylight,Dry,Cloudy,None apparent,Non-intersection:  Non-junction/no special feature,Paved,,Property Damage Only,0,0,0,0,0,0,1700,2,3,,POINT (-93.638646810423 42.024538695923)
2014802525,S14-053629,05/31/2014,05-May,7-Saturday,23:39,2300 Hours,District 2 (Northeast),DUNKERTON,BLACK HAWK,,DUNKERTON ST,Collision with fixed object:  Other fixed object (explain in narrative),On Roadway,Non-collision (single vehicle),Crossed centerline (undivided),None Indicated,,Dark - roadway lighted,Dry,Clear,None apparent,Non-intersection:  Non-junction/no special feature,Paved,,Property Damage Only,0,0,0,0,0,0,2700,1,1,,POINT (-92.168135692707 42.569989810942)
2014801506,W14-053853,05/31/2014,05-May,7-Saturday,17:30,1700 Hours,District 2 (Northeast),WATERLOO,BLACK HAWK,I-380,I-380 & US 218/WASHINGTON ST & E MITCHELL AVE,Collision with:  Vehicle in traffic,On Roadway,Head-on (front to front),Ran Traffic Signal,None Indicated,,Daylight,Dry,Cloudy,None apparent,Intersection:  Four-way intersection,Paved,,Possible/Unknown,0,1,0,0,1,0,7000,2,3,,POINT (-92.322128044791 42.476596678027)
2014801343,14-022098,05/31/2014,05-May,7-Saturday,13:10,1300 Hours,District 4 (Southwest),COUNCIL BLUFFS,POTTAWATTAMIE,IA 192,IA 192/S 7TH ST & W BROADWAY,Collision with:  Vehicle in traffic,On Roadway,"Sideswipe, same direction",Improper or erratic lane changing,None Indicated,,Daylight,Dry,Cloudy,None apparent,Non-intersection:  Non-junction/no special feature,Paved,,Minor Injury,0,2,0,1,1,0,3000,2,3,,POINT (-95.853728489542 41.261474866686)
2014801672,14-16927,05/31/2014,05-May,7-Saturday,01:28,0100 Hours,District 3 (Northwest),SIOUX CITY,WOODBURY,,13TH ST & COURT ST,Collision with:  Non-motorist (see non-motorist section - NOT a unit),On Roadway,Non-collision (single vehicle),Other (explain in narrative):  No improper action,None Indicated,,Dark - roadway lighted,Wet,Clear,None apparent,Intersection:  Four-way intersection,Paved,,Major Injury,0,1,1,0,0,0,1500,1,2,,POINT (-96.39655197166 42.504048656554)
2014801739,14-05046,05/31/2014,05-May,7-Saturday,08:56,0800 Hours,District 5 (Southeast),MOUNT PLEASANT,HENRY,,E WASHINGTON ST & S IRIS ST,Collision with:  Vehicle in traffic,On Roadway,Broadside (front to side),Ran Traffic Signal,None Indicated,,Daylight,Dry,Cloudy,None apparent,Intersection:  Four-way intersection,Paved,,Property Damage Only,0,0,0,0,0,0,4500,2,2,,POINT (-91.525526885546 40.961248131484)
2014802890,261400954,05/31/2014,05-May,7-Saturday,21:05,2100 Hours,District 5 (Southeast),BLOOMFIELD,DAVIS,US 63,US 63,Collision with:  Animal,On Roadway,Non-collision (single vehicle),Animal,None Indicated,,Dark - roadway not lighted,Dry,Clear,None apparent,Non-intersection:  Non-junction/no special feature,Paved,,Property Damage Only,0,0,0,0,0,0,3000,1,2,,POINT (-92.52274534517 40.675707292186)
2014801175,01-14-23351,05/31/2014,05-May,7-Saturday,15:33,1500 Hours,District 6 (East Central),DUBUQUE,DUBUQUE,,HILLCREST RD & CARTER RD,Collision with:  Vehicle in traffic,On Roadway,Broadside (front to side),FTYROW:  From stop sign,None Indicated,,Daylight,Dry,Clear,None apparent,Intersection:  Four-way intersection,Paved,,Possible/Unknown,0,1,0,0,1,0,3700,2,2,,POINT (-90.714907985639 42.50554432634)
2014802089,201401827,05/31/2014,05-May,7-Saturday,20:45,2000 Hours,District 6 (East Central),,LINN,US 30,US 30 & KNAPP RD,Collision with:  Animal,,,Animal,None Indicated,,,,,,,Paved,,Property Damage Only,0,0,0,0,0,0,3000,1,1,,POINT (-91.525976354072 41.925966568125)