Iowa DOT Case Number,Law Enforcement Case Number,Date of Crash,Month of Crash,Day of Week,Time of Crash,Hour,DOT District,City Name,County Name,Route with System,Location Description,First Harmful Event,Location of First Harmful Event,Manner of Crash/Collision,Major Cause,Drug or Alcohol ,Environmental Conditions,Light Conditions,Surface Conditions,Weather Conditions,Roadway Contribution,Roadway Type,Roadway Surface,Work Zone,Crash Severity,Number of Fatalities,Number of Injuries,Number of Major Injuries,Number of Minor Injuries,Number of Possible Injuries,Number of Unknown Injuries,Amount of Property Damage,Number of Vehicles Involved,Total Number of Occupants,Travel Direction,Location
2014801595,20140015398,06/02/2014,06-June,2-Monday,12:10,1200 Hours,District 1 (Central),DES MOINES,POLK,,54TH ST,Collision with:  Parked motor vehicle,On Roadway,Broadside (front to side),Improper Backing,None Indicated,,Daylight,Dry,Cloudy,None apparent,Non-intersection:  Non-junction/no special feature,Paved,,Property Damage Only,0,0,0,0,0,0,1500,2,2,,POINT (-93.692591075279 41.632229132942)
2014801593,20140015368,06/02/2014,06-June,2-Monday,07:49,0700 Hours,District 1 (Central),DES MOINES,POLK,,RUTLAND AVE & 31ST ST,Collision with:  Vehicle in traffic,On Roadway,Rear-end (front to rear),Followed too close,None Indicated,,Daylight,Dry,Clear,None apparent,Non-intersection:  Non-junction/no special feature,Paved,,Property Damage Only,0,0,0,0,0,0,6000,2,3,,POINT (-93.659354041934 41.597548700978)
2014801555,14011353,06/02/2014,06-June,2-Monday,22:23,2200 Hours,District 6 (East Central),MARION,LINN,,5TH AVE,Collision with:  Vehicle in traffic,On Roadway,Broadside (front to side),Improper Backing,None Indicated,,Dark - roadway lighted,Dry,Cloudy,None apparent,Non-intersection:  Non-junction/no special feature,Paved,,Property Damage Only,0,0,0,0,0,0,2000,2,1,,POINT (-91.60230266512 42.031539702059)
2014801819,2014032749,06/02/2014,06-June,2-Monday,17:04,1700 Hours,District 1 (Central),,POLK,I-35,I-35,Collision with:  Vehicle in traffic,On Roadway,Rear-end (front to rear),Swerving/Evasive Action,None Indicated,,Daylight,Dry,Clear,None apparent,Non-intersection:  Other non-intersection (explain in narrative),Paved,,Possible/Unknown,0,1,0,0,1,0,7500,2,2,,POINT (-93.618704736361 41.649493972496)
2014803329,01-14-23699,06/02/2014,06-June,2-Monday,16:33,1600 Hours,District 6 (East Central),DUBUQUE,DUBUQUE,,JOHN F KENNEDY RD & CARTER RD,Collision with:  Vehicle in traffic,On Roadway,Rear-end (front to rear),Improper Backing,None Indicated,,Daylight,Dry,Cloudy,None apparent,Intersection:  T-intersection,Paved,,Property Damage Only,0,0,0,0,0,0,1700,2,2,,POINT (-90.721312278386 42.501790647127)
2014802948,14-013168,06/02/2014,06-June,2-Monday,04:47,0400 Hours,District 5 (Southeast),,MARION,IA 14,IA 14/IOWA 14,Collision with:  Animal,,,Animal,None Indicated,,,,,,,Paved,,Property Damage Only,0,0,0,0,0,0,7500,1,1,,POINT (-93.13781574627 41.236432427457)
2014801317,14-2562,06/02/2014,06-June,2-Monday,07:48,0700 Hours,District 1 (Central),WEST DES MOINES,POLK,,MILLS CIVIC PKWY,Collision with:  Vehicle in traffic,On Roadway,Rear-end (front to rear),Illegally Parked/Unattended,None Indicated,,Daylight,Dry,Clear,None apparent,Non-intersection:  Non-junction/no special feature,Paved,,Minor Injury,0,1,0,1,0,0,10000,2,1,,POINT (-93.761334888698 41.564762771107)
2014801707,14-18470,06/02/2014,06-June,2-Monday,12:50,1200 Hours,District 5 (Southeast),,DES MOINES,US 61,US 61,Collision with:  Vehicle in traffic,On Roadway,Rear-end (front to rear),Followed too close,None Indicated,,Daylight,Dry,Clear,None apparent,Non-intersection:  Non-junction/no special feature,Paved,,Possible/Unknown,0,1,0,0,1,0,13000,2,5,,POINT (-91.159967012113 40.86662674165)
2014801573,20140015412,06/02/2014,06-June,2-Monday,13:45,1300 Hours,District 1 (Central),DES MOINES,POLK,,LOCUST ST & 10TH ST,Collision with:  Vehicle in traffic,On Roadway,Head-on (front to front),Ran Traffic Signal,None Indicated,,Daylight,Dry,Clear,None apparent,Intersection:  Four-way intersection,Paved,,Property Damage Only,0,0,0,0,0,0,3200,2,3,,POINT (-93.629865367295 41.585788450284)
2014801597,20140015424,06/02/2014,06-June,2-Monday,15:52,1500 Hours,District 1 (Central),DES MOINES,POLK,,DOUGLAS AVE & 62ND ST,Collision with:  Vehicle in traffic,On Roadway,"Sideswipe, same direction",Made improper turn,None Indicated,,Daylight,Dry,Clear,None apparent,Non-intersection:  Non-junction/no special feature,Paved,,Property Damage Only,0,0,0,0,0,0,1600,2,2,,POINT (-93.702597771318 41.629457249292)
2014804976,SO140219,06/02/2014,06-June,2-Monday,15:29,1500 Hours,District 4 (Southwest),CORNING,ADAMS,IA 148,IA 148/QUINCY ST & 8TH ST,Collision with:  Vehicle in traffic,On Roadway,Rear-end (front to rear),FTYROW:  At uncontrolled intersection,None Indicated,,Daylight,Dry,Cloudy,None apparent,Non-intersection:  Driveway access (within),Paved,,Property Damage Only,0,0,0,0,0,0,4500,2,2,,POINT (-94.731844127738 40.989952146536)
2014801608,14-022398,06/02/2014,06-June,2-Monday,12:54,1200 Hours,District 4 (Southwest),COUNCIL BLUFFS,POTTAWATTAMIE,,30TH AVE & DIAL DR,Collision with:  Vehicle in traffic,On Roadway,Head-on (front to front),Made improper turn,None Indicated,,Daylight,Dry,Clear,None apparent,Non-intersection:  Non-junction/no special feature,Paved,,Property Damage Only,0,0,0,0,0,0,36000,2,2,,POINT (-95.849524565376 41.230678184889)
2014802652,2014-36231,06/02/2014,06-June,2-Monday,09:42,0900 Hours,District 6 (East Central),DAVENPORT,SCOTT,,IA 461/BRADY ST & E 36TH ST,Collision with:  Vehicle in traffic,On Roadway,"Sideswipe, same direction",Made improper turn,None Indicated,,Daylight,Dry,Cloudy,None apparent,Non-intersection:  Driveway access (within),Paved,,Property Damage Only,0,0,0,0,0,0,3500,2,3,,POINT (-90.568643794872 41.556711198755)
2014803225,2014032778,06/02/2014,06-June,2-Monday,20:45,2000 Hours,District 1 (Central),,STORY,I-35,I-35,Collision with:  Animal,,,Animal,None Indicated,,,,,,,Paved,,Property Damage Only,0,0,0,0,0,0,6000,1,1,,POINT (-93.57054612252 42.194750028503)
2014801807,2014-36300,06/02/2014,06-June,2-Monday,15:58,1500 Hours,District 6 (East Central),DAVENPORT,SCOTT,,E 10TH ST & PERSHING AVE,Collision with fixed object:  Utility pole/light support,On Roadway,Non-collision (single vehicle),Ran off road - right,None Indicated,,Daylight,Dry,Clear,None apparent,Non-intersection:  Alley,Paved,,Possible/Unknown,0,1,0,0,1,0,501,1,3,,POINT (-90.571132083248 41.529330325427)
2014801505,E14-54377,06/02/2014,06-June,2-Monday,05:57,0500 Hours,District 2 (Northeast),EVANSDALE,BLACK HAWK,I-380,I-380,Collision with:  Animal,,,Animal,None Indicated,,,,,,,Paved,,Property Damage Only,0,0,0,0,0,0,3000,1,1,,POINT (-92.253994694818 42.457522307408)
2014802708,,06/02/2014,06-June,2-Monday,16:35,1600 Hours,District 6 (East Central),MAQUOKETA,JACKSON,IA 64,IA 64/W PLATT ST/E PLATT ST & S MAIN ST & N MAIN ST,Collision with fixed object:  Traffic sign support,,,Made improper turn,None Indicated,,,,,,,Paved,,Property Damage Only,0,0,0,0,0,0,2000,1,1,,POINT (-90.665506056059 42.0692584558)
2014801863,14-007714,06/02/2014,06-June,2-Monday,12:08,1200 Hours,District 3 (Northwest),SPENCER,CLAY,,E 2ND ST & 1ST AVE E,Collision with:  Vehicle in traffic,On Roadway,Broadside (front to side),FTYROW:  From yield sign,None Indicated,,Daylight,Dry,Clear,None apparent,Intersection:  Four-way intersection,Paved,,Property Damage Only,0,0,0,0,0,0,4500,2,2,,POINT (-95.143083175466 43.139567297826)
2014802177,14054480,06/02/2014,06-June,2-Monday,12:53,1200 Hours,District 2 (Northeast),CEDAR FALLS,BLACK HAWK,,E RIDGEWAY AVE,Collision with fixed object:  Utility pole/light support,Shoulder,Non-collision (single vehicle),Ran off road - right,None Indicated,,Daylight,Dry,Cloudy,None apparent,Non-intersection:  Non-junction/no special feature,Paved,,Possible/Unknown,0,1,0,0,1,0,5150,1,1,,POINT (-92.439688427157 42.469594703692)
2014801548,C14001703,06/02/2014,06-June,2-Monday,07:22,0700 Hours,District 6 (East Central),CORALVILLE,JOHNSON,,9TH ST,Non-collision events:  Other non-collision (explain in narrative),On Roadway,Non-collision (single vehicle),Unknown,None Indicated,,Daylight,Wet,Clear,None apparent,Non-intersection:  Non-junction/no special feature,Paved,,Minor Injury,0,1,0,1,0,0,0,1,1,,POINT (-91.567860592598 41.6817407992)
2014801523,14008819,06/02/2014,06-June,2-Monday,19:23,1900 Hours,District 2 (Northeast),MASON CITY,CERRO GORDO,,S MONROE AVE,Collision with:  Vehicle in traffic,On Roadway,Rear-end (front to rear),Followed too close,None Indicated,,Daylight,Dry,Clear,None apparent,Non-intersection:  Non-junction/no special feature,Paved,,Property Damage Only,0,0,0,0,0,0,3400,3,6,,POINT (-93.208942331121 43.146610161852)
2014809868,14-003049,06/02/2014,06-June,2-Monday,09:40,0900 Hours,District 2 (Northeast),,HANCOCK,,210TH ST,Collision with fixed object:  Ditch,Outside trafficway,Non-collision (single vehicle),Ran off road - right,None Indicated,,Daylight,Dry,Cloudy,None apparent,Non-intersection:  Driveway access (within),Unpaved,,Possible/Unknown,0,1,0,0,1,0,25000,1,1,,POINT (-93.970344135994 43.066550374458)
2014807273,,06/02/2014,06-June,2-Monday,10:09,1000 Hours,District 2 (Northeast),,WINNESHIEK,,Co Rd W42/CO RD W42,Non-collision events:  Overturn/rollover,Roadside,Non-collision (single vehicle),Crossed centerline (undivided),None Indicated,,Daylight,Dry,Clear,None apparent,Non-intersection:  Non-junction/no special feature,Paved,,Major Injury,0,1,1,0,0,0,15000,1,1,,POINT (-91.743739611968 43.208699732904)
2014801861,14008056,06/02/2014,06-June,2-Monday,00:33,0000 Hours,District 6 (East Central),,CEDAR,I-80,I-80,Collision with fixed object:  Guardrail - face,On Roadway,Non-collision (single vehicle),Ran off road - left,None Indicated,,Dark - roadway not lighted,Dry,Clear,None apparent,Non-intersection:  Non-junction/no special feature,Paved,,Property Damage Only,0,0,0,0,0,0,18886,1,1,,POINT (-90.968007548768 41.633573726388)
2014801821,2014032787,06/02/2014,06-June,2-Monday,22:15,2200 Hours,District 6 (East Central),,IOWA,I-80,I-80,Collision with:  Animal,,,Animal,None Indicated,,,,,,,Paved,,Property Damage Only,0,0,0,0,0,0,15000,1,1,,POINT (-91.890286278044 41.68736940824)
2014801245,14-3636,06/02/2014,06-June,2-Monday,11:15,1100 Hours,District 1 (Central),,POLK,,NE 64TH ST & NE 27TH AVE,Collision with:  Vehicle in traffic,On Roadway,Broadside (front to side),FTYROW:  From stop sign,None Indicated,,Daylight,Dry,Clear,None apparent,Intersection:  Four-way intersection,Paved,,Minor Injury,0,2,0,2,0,0,17600,2,4,,POINT (-93.48386574145 41.618705534842)
2014801848,,06/02/2014,06-June,2-Monday,16:23,1600 Hours,District 3 (Northwest),,POCAHONTAS,IA 3,IA 3/520TH ST,Collision with:  Vehicle in traffic,On Roadway,Rear-end (front to rear),Followed too close,None Indicated,,Daylight,Dry,Clear,Work Zone (roadway-related),Non-intersection:  Other non-intersection (explain in narrative),Paved,Yes,Property Damage Only,0,0,0,0,0,0,2100,2,3,,POINT (-94.531452243409 42.732741824519)
2014801421,891403567,06/02/2014,06-June,2-Monday,11:46,1100 Hours,District 5 (Southeast),KEOSAUQUA,VAN BUREN,,PARK ST & VAN BUREN ST,Collision with:  Vehicle in traffic,On Roadway,Broadside (front to side),FTYROW:  From yield sign,None Indicated,,Daylight,Dry,Cloudy,None apparent,Intersection:  Four-way intersection,Paved,,Property Damage Only,0,0,0,0,0,0,2000,2,2,,POINT (-91.961626860842 40.729912794484)
2014801903,201407789,06/02/2014,06-June,2-Monday,07:50,0700 Hours,District 6 (East Central),CEDAR RAPIDS,LINN,,19TH ST SE,Collision with:  Vehicle in traffic,On Roadway,Head-on (front to front),FTYROW:  Making left turn,None Indicated,,Daylight,Wet,Cloudy,None apparent,Intersection:  Four-way intersection,Paved,,Possible/Unknown,0,2,0,0,2,0,13000,2,8,,POINT (-91.643799356037 41.99228343211)
2014802630,2014-36315,06/02/2014,06-June,2-Monday,16:55,1600 Hours,District 6 (East Central),DAVENPORT,SCOTT,,IA 461/HARRISON ST,Collision with:  Vehicle in traffic,On Roadway,"Sideswipe, same direction",FTYROW:  Other (explain in narrative),None Indicated,,Daylight,Dry,Clear,None apparent,Non-intersection:  Non-junction/no special feature,Paved,,Property Damage Only,0,0,0,0,0,0,2000,2,2,,POINT (-90.577224644579 41.534682639356)
2014801885,SO1402091,06/02/2014,06-June,2-Monday,05:30,0500 Hours,District 5 (Southeast),,JEFFERSON,US 34,US 34,Collision with fixed object:  Ditch,On Roadway,Non-collision (single vehicle),Swerving/Evasive Action,None Indicated,,Dawn,Wet,Rain,None apparent,Non-intersection:  Non-junction/no special feature,Paved,,Property Damage Only,0,0,0,0,0,0,1500,1,2,,POINT (-91.94410868367 40.984939253249)
2014802854,,06/02/2014,06-June,2-Monday,16:37,1600 Hours,District 6 (East Central),CEDAR RAPIDS,LINN,,16TH AVE SW & EDGEWOOD RD SW,Collision with:  Vehicle in traffic,On Roadway,Broadside (front to side),Unknown,None Indicated,,Daylight,Dry,Clear,,Intersection:  Four-way intersection,Paved,,Property Damage Only,0,0,0,0,0,0,15000,3,4,,POINT (-91.716028919523 41.963581979591)
2014803660,K14-016322,06/02/2014,06-June,2-Monday,18:41,1800 Hours,District 5 (Southeast),KEOKUK,LEE,IA 136,US 136/7TH ST S & TIMEA ST,Collision with:  Vehicle in traffic,On Roadway,Broadside (front to side),Ran Traffic Signal,None Indicated,,Daylight,Dry,Clear,None apparent,Intersection:  Four-way intersection,Paved,,Possible/Unknown,0,1,0,0,1,0,10000,2,2,,POINT (-91.389119857838 40.394797444341)
2014801810,14002649,06/02/2014,06-June,2-Monday,00:15,0000 Hours,District 1 (Central),AMES,STORY,,MORTENSON RD & COCONINO RD,Collision with:  Vehicle in traffic,On Roadway,Head-on (front to front),Crossed centerline (undivided),Alcohol (Statutory),,Dark - roadway lighted,Wet,Rain,None apparent,Non-intersection:  Non-junction/no special feature,Paved,,Property Damage Only,0,0,0,0,0,0,5000,2,2,,POINT (-93.676286738954 42.012083161533)
2014801552,2014006044,06/02/2014,06-June,2-Monday,06:23,0600 Hours,District 6 (East Central),IOWA CITY,JOHNSON,I-80,I-80,Collision with fixed object:  Concrete traffic barrier (median or right side),On Roadway,Non-collision (single vehicle),Driving too fast for conditions,None Indicated,,Daylight,Wet,Rain,None apparent,Non-intersection:  Non-junction/no special feature,Paved,,Possible/Unknown,0,1,0,0,1,0,7000,1,1,,POINT (-91.48797490572 41.686391662068)
2014801575,20140015397,06/02/2014,06-June,2-Monday,12:15,1200 Hours,District 1 (Central),DES MOINES,POLK,,E PARK AVE,Collision with fixed object:  Mailbox,On Roadway,Non-collision (single vehicle),Lost Control,None Indicated,,Daylight,Dry,Clear,None apparent,Non-intersection:  Non-junction/no special feature,Paved,,Possible/Unknown,0,2,0,0,2,0,3300,1,5,,POINT (-93.595801259401 41.555309227194)
2014801598,14-1217,06/02/2014,06-June,2-Monday,16:24,1600 Hours,District 1 (Central),URBANDALE,POLK,IA 28,IA 28/MERLE HAY RD,Collision with:  Vehicle in traffic,On Roadway,Rear-end (front to rear),Other (explain in narrative):  Other,None Indicated,,Daylight,Dry,Clear,None apparent,Non-intersection:  Non-junction/no special feature,Paved,,Property Damage Only,0,0,0,0,0,0,2000,2,3,,POINT (-93.697683066681 41.644619210665)
2014802004,,06/02/2014,06-June,2-Monday,08:40,0800 Hours,District 6 (East Central),CEDAR RAPIDS,LINN,,B AVE NW & 9TH ST NW,Collision with:  Vehicle in traffic,On Roadway,Broadside (front to side),Unknown,None Indicated,,Daylight,Dry,Cloudy,,Intersection:  Four-way intersection,Paved,,Property Damage Only,0,0,0,0,0,0,11000,2,3,,POINT (-91.684468650001 41.974906010121)
2014802150,14-002656,06/02/2014,06-June,2-Monday,15:24,1500 Hours,District 1 (Central),AMES,STORY,US 69,US 69/GRAND AVE & 13TH ST,Collision with:  Vehicle in traffic,On Roadway,Rear-end (front to rear),Followed too close,None Indicated,,Daylight,Dry,Clear,None apparent,Intersection:  Four-way intersection,Paved,,Property Damage Only,0,0,0,0,0,0,1600,2,2,,POINT (-93.620395496879 42.034528005687)
2014802171,14054469,06/02/2014,06-June,2-Monday,12:40,1200 Hours,District 2 (Northeast),CEDAR FALLS,BLACK HAWK,,6TH ST & DIVISION ST,Collision with:  Parked motor vehicle,Shoulder,"Sideswipe, same direction",Other (explain in narrative):  No improper action,None Indicated,,Daylight,Dry,Clear,None apparent,Non-intersection:  Non-junction/no special feature,Paved,,Property Damage Only,0,0,0,0,0,0,1600,2,1,,POINT (-92.460624033859 42.533258369447)
2014801298,20140015357,06/02/2014,06-June,2-Monday,01:45,0100 Hours,District 1 (Central),DES MOINES,POLK,US 69,US 69/SE 14TH ST,Collision with fixed object:  Utility pole/light support,On Roadway,Non-collision (single vehicle),Ran off road - right,Alcohol (Statutory),,Dark - roadway lighted,Wet,Rain,None apparent,Non-intersection:  Non-junction/no special feature,Paved,,Property Damage Only,0,0,0,0,0,0,7000,1,1,,POINT (-93.596795269608 41.527786681422)
2014802743,14-003220,06/02/2014,06-June,2-Monday,13:03,1300 Hours,District 3 (Northwest),,CHEROKEE,IA 3,IA 3/IOWA 3 & 500TH ST,Collision with:  Vehicle in traffic,On Roadway,Rear-end (front to rear),Swerving/Evasive Action,None Indicated,,Daylight,Dry,Cloudy,Work Zone (roadway-related),Non-intersection:  Non-junction/no special feature,Paved,Yes,Possible/Unknown,0,1,0,0,1,0,2800,2,2,,POINT (-95.573823423677 42.792862479165)
2014801122,W14-054383,06/02/2014,06-June,2-Monday,06:53,0600 Hours,District 2 (Northeast),WATERLOO,BLACK HAWK,US 218,US 218/SE RAMP & BROADWAY ST,Collision with:  Vehicle in traffic,On Roadway,Broadside (front to side),Ran Traffic Signal,None Indicated,,Daylight,Dry,Clear,None apparent,Intersection:  Intersection with ramp,Paved,,Property Damage Only,0,0,0,0,0,0,8000,2,2,,POINT (-92.387247489965 42.538112857462)
2014899598,NT-14-065,06/02/2014,06-June,2-Monday,14:10,1400 Hours,District 1 (Central),NEVADA,STORY,,K AVE & 10TH ST,Collision with:  Vehicle in traffic,On Roadway,Broadside (front to side),FTYROW:  From yield sign,None Indicated,,Daylight,Dry,Clear,None apparent,Intersection:  Four-way intersection,Paved,,Property Damage Only,0,0,0,0,0,0,6500,2,2,,POINT (-93.446855815173 42.021698842968)
2014801643,14-6434,06/02/2014,06-June,2-Monday,09:00,0900 Hours,District 3 (Northwest),,SIOUX,,HOSPERS DR S,Collision with:  Other non-fixed object (explain in narrative),On Roadway,Non-collision (single vehicle),Swerving/Evasive Action,None Indicated,,Daylight,Dry,Clear,None apparent,Non-intersection:  Non-junction/no special feature,Paved,,Possible/Unknown,0,1,0,0,1,0,2000,2,5,,POINT (-95.916769323946 43.060699245681)
2014803602,B14-1044,06/02/2014,06-June,2-Monday,14:57,1400 Hours,District 3 (Northwest),SERGEANT BLUFF,WOODBURY,I-29,I-29 & 1ST ST,Collision with:  Vehicle in traffic,On Roadway,Broadside (front to side),FTYROW:  From stop sign,None Indicated,,Daylight,Dry,Clear,None apparent,Intersection:  Four-way intersection,Paved,,Minor Injury,0,2,0,2,0,0,4000,2,2,,POINT (-96.368366112426 42.400662778216)
2014801862,14008059,06/02/2014,06-June,2-Monday,03:10,0300 Hours,District 6 (East Central),,CEDAR,I-80,I-80,Collision with:  Animal,,,Animal,None Indicated,,,,,,,Paved,,Property Damage Only,0,0,0,0,0,0,1500,1,1,,POINT (-91.122153820685 41.645193831728)
2014801904,201407797,06/02/2014,06-June,2-Monday,09:16,0900 Hours,District 6 (East Central),CEDAR RAPIDS,LINN,I-380,I-380 & A AVE NE,Collision with:  Vehicle in traffic,On Roadway,Rear-end (front to rear),Other (explain in narrative):  Other,None Indicated,,Daylight,Dry,Cloudy,None apparent,Intersection:  Other intersection (explain in narrative),Paved,,Property Damage Only,0,0,0,0,0,0,2400,3,5,,POINT (-91.671052222412 41.979308723211)
2014801603,14-2576,06/02/2014,06-June,2-Monday,19:24,1900 Hours,District 4 (Southwest),WEST DES MOINES,DALLAS,I-80,I-80,Collision with:  Animal,On Roadway,Non-collision (single vehicle),Animal,None Indicated,,Daylight,Dry,Clear,None apparent,Non-intersection:  Non-junction/no special feature,Paved,,Property Damage Only,0,0,0,0,0,0,10000,1,2,,POINT (-93.82983761325 41.581438529829)
2014811802,2014006043,06/02/2014,06-June,2-Monday,02:32,0200 Hours,District 6 (East Central),IOWA CITY,JOHNSON,,LINCOLN AVE,Unknown,Unknown,Non-collision (single vehicle),Unknown,Refused,,Dark - unknown roadway lighting,Dry,Clear,Unknown,Unknown,Paved,,Major Injury,0,1,1,0,0,0,200,1,1,,POINT (-91.551300433237 41.664780483012)
2014801205,2014006042,06/02/2014,06-June,2-Monday,01:25,0100 Hours,District 6 (East Central),IOWA CITY,JOHNSON,I-80,I-80,Collision with:  Animal,On Roadway,Non-collision (single vehicle),Animal,None Indicated,,Dark - roadway lighted,Dry,Cloudy,None apparent,Non-intersection:  Non-junction/no special feature,Paved,,Minor Injury,0,1,0,1,0,0,5000,1,2,,POINT (-91.524252232953 41.687322656845)
2014802065,14080391,06/02/2014,06-June,2-Monday,07:45,0700 Hours,District 6 (East Central),,JOHNSON,,Co Rd F16/HWY 382 NE & Co Rd W6E/ELY RD,Collision with:  Vehicle in traffic,On Roadway,Rear-end (front to rear),Followed too close,None Indicated,,Daylight,Wet,Cloudy,None apparent,Intersection:  T-intersection,Paved,,Possible/Unknown,0,1,0,0,1,0,6000,2,2,,POINT (-91.539520329384 41.821168421956)
2014803216,S14-5417,06/02/2014,06-June,2-Monday,19:21,1900 Hours,District 3 (Northwest),,WOODBURY,,Co Rd D51/250TH ST & Co Rd K45/OLD HWY 75,Non-collision events:  Other non-collision (explain in narrative),Shoulder,Non-collision (single vehicle),Swerving/Evasive Action,None Indicated,,Daylight,Dry,Cloudy,None apparent,Intersection:  T-intersection,Paved,,Minor Injury,0,1,0,1,0,0,7500,1,1,,POINT (-96.312818460587 42.344788331967)
2014801753,14003408,06/02/2014,06-June,2-Monday,17:06,1700 Hours,District 2 (Northeast),ALGONA,KOSSUTH,,N RIDGLEY ST,Collision with:  Vehicle in traffic,On Roadway,Broadside (front to side),FTYROW:  From driveway,None Indicated,,Daylight,Dry,Cloudy,None apparent,Non-intersection:  Driveway access (within),Paved,,Property Damage Only,0,0,0,0,0,0,5500,2,4,,POINT (-94.241680708927 43.069348645337)
2014850890,14-004261,06/02/2014,06-June,2-Monday,14:03,1400 Hours,District 5 (Southeast),,LOUISA,,Co Rd X61/COUNTY RD X 61/75TH ST,Collision with:  Vehicle in traffic,On Roadway,Broadside (front to side),FTYROW:  From stop sign,None Indicated,,Daylight,Dry,Cloudy,None apparent,Intersection:  Four-way intersection,Paved,,Property Damage Only,0,0,0,0,0,0,3300,2,2,,POINT (-91.091287070415 41.167343017347)
2014801696,W14-054385,06/02/2014,06-June,2-Monday,06:59,0600 Hours,District 2 (Northeast),WATERLOO,BLACK HAWK,I-380,I-380,Collision with:  Vehicle in traffic,On Roadway,Non-collision (single vehicle),Animal,None Indicated,,Daylight,Dry,Clear,Work Zone (roadway-related),Intersection:  Four-way intersection,Paved,Yes,Property Damage Only,0,0,0,0,0,0,4500,1,1,,POINT (-92.320193306467 42.471010589009)
2014801699,W14-054465,06/02/2014,06-June,2-Monday,12:10,1200 Hours,District 2 (Northeast),WATERLOO,BLACK HAWK,,E 6TH ST & FRANKLIN ST,Collision with:  Vehicle in traffic,On Roadway,Broadside (front to side),Ran Traffic Signal,None Indicated,,Daylight,Dry,Clear,None apparent,Intersection:  Four-way intersection,Paved,,Possible/Unknown,0,1,0,0,1,0,13500,2,3,,POINT (-92.331059723245 42.499253824016)
2014801497,14007856,06/02/2014,06-June,2-Monday,14:12,1400 Hours,District 5 (Southeast),CENTERVILLE,APPANOOSE,IA 5,IA 5/N 18TH ST,Collision with:  Vehicle in traffic,On Roadway,"Sideswipe, same direction",FTYROW:  From driveway,None Indicated,,Daylight,Dry,Clear,None apparent,Non-intersection:  Driveway access (within),Paved,,Property Damage Only,0,0,0,0,0,0,1700,2,4,,POINT (-92.867965210183 40.733111708406)
2014801602,14-2573,06/02/2014,06-June,2-Monday,17:03,1700 Hours,District 4 (Southwest),WEST DES MOINES,DALLAS,,VISTA DR,Collision with:  Vehicle in traffic,On Roadway,Rear-end (front to rear),Followed too close,None Indicated,,Daylight,Dry,Clear,None apparent,Non-intersection:  Non-junction/no special feature,Paved,,Property Damage Only,0,0,0,0,0,0,11500,2,2,,POINT (-93.806960292379 41.589113392818)
2014801599,14-1218,06/02/2014,06-June,2-Monday,17:28,1700 Hours,District 1 (Central),URBANDALE,POLK,I-35,I-35,Collision with:  Vehicle in traffic,On Roadway,Rear-end (front to rear),Other (explain in narrative):  Other,None Indicated,,Daylight,Dry,Clear,None apparent,Non-intersection:  Non-junction/no special feature,Paved,,Property Damage Only,0,0,0,0,0,0,2500,2,2,,POINT (-93.698539188995 41.652729445149)
2014801679,14-17242,06/02/2014,06-June,2-Monday,12:20,1200 Hours,District 3 (Northwest),SIOUX CITY,WOODBURY,,S MARTHA ST,Collision with:  Parked motor vehicle,On Roadway,Broadside (front to side),FTYROW:  From driveway,None Indicated,,Daylight,Dry,Clear,None apparent,Non-intersection:  Driveway access (within),Paved,,Property Damage Only,0,0,0,0,0,0,2200,2,1,,POINT (-96.360922177639 42.4607259606)
2014801553,2014006055,06/02/2014,06-June,2-Monday,12:03,1200 Hours,District 6 (East Central),IOWA CITY,JOHNSON,US 6,US 6/S RIVERSIDE DR & W BENTON ST,Collision with:  Vehicle in traffic,On Roadway,Rear-end (front to rear),Followed too close,None Indicated,,Daylight,Dry,Cloudy,None apparent,Intersection:  Four-way intersection,Paved,,Property Damage Only,0,0,0,0,0,0,5000,2,5,,POINT (-91.540203618127 41.650346166468)
2014801749,2014006064,06/02/2014,06-June,2-Monday,16:39,1600 Hours,District 6 (East Central),IOWA CITY,JOHNSON,,IOWA AVE & S MADISON ST & N MADISON ST,Collision with:  Vehicle in traffic,On Roadway,"Sideswipe, same direction",Improper or erratic lane changing,Refused,,Daylight,Dry,Clear,None apparent,Intersection:  T-intersection,Paved,,Property Damage Only,0,0,0,0,0,0,8000,2,2,,POINT (-91.537698932083 41.661266666778)
2014801631,2014-36262,06/02/2014,06-June,2-Monday,12:48,1200 Hours,District 6 (East Central),DAVENPORT,SCOTT,,W 17TH ST & N DIVISION ST,Collision with:  Vehicle in traffic,On Roadway,Broadside (front to side),FTYROW:  From stop sign,None Indicated,,Daylight,Dry,Cloudy,None apparent,Intersection:  Four-way intersection,Paved,,Possible/Unknown,0,1,0,0,1,0,2500,2,2,,POINT (-90.601152430145 41.536877755295)
2014801591,20140015446,06/02/2014,06-June,2-Monday,19:17,1900 Hours,District 1 (Central),DES MOINES,POLK,,MAURY ST & SE 8TH ST,Collision with:  Vehicle in traffic,On Roadway,Broadside (front to side),FTYROW:  From stop sign,None Indicated,,Daylight,Dry,Cloudy,None apparent,Intersection:  Four-way intersection,Paved,,Property Damage Only,0,0,0,0,0,0,6000,2,2,,POINT (-93.603324658126 41.580310256821)
2014801748,2014006054,06/02/2014,06-June,2-Monday,12:04,1200 Hours,District 6 (East Central),IOWA CITY,JOHNSON,I-80,I-80 & IA 1/N DODGE ST,Non-collision events:  Other non-collision (explain in narrative),On Roadway,Non-collision (single vehicle),Other (explain in narrative):  No improper action,None Indicated,,Daylight,Other (explain in narrative),Cloudy,"Surface condition (e.g., wet, icy)",Intersection:  Four-way intersection,Paved,,Minor Injury,0,1,0,1,0,0,3000,1,1,,POINT (-91.498607216078 41.68799919053)