Iowa DOT Case Number,Law Enforcement Case Number,Date of Crash,Month of Crash,Day of Week,Time of Crash,Hour,DOT District,City Name,County Name,Route with System,Location Description,First Harmful Event,Location of First Harmful Event,Manner of Crash/Collision,Major Cause,Drug or Alcohol ,Environmental Conditions,Light Conditions,Surface Conditions,Weather Conditions,Roadway Contribution,Roadway Type,Roadway Surface,Work Zone,Crash Severity,Number of Fatalities,Number of Injuries,Number of Major Injuries,Number of Minor Injuries,Number of Possible Injuries,Number of Unknown Injuries,Amount of Property Damage,Number of Vehicles Involved,Total Number of Occupants,Travel Direction,Location
2014801594,20140015382,06/02/2014,06-June,2-Monday,10:00,1000 Hours,District 1 (Central),DES MOINES,POLK,,29TH ST,Collision with fixed object:  Utility pole/light support,Shoulder,Non-collision (single vehicle),Swerving/Evasive Action,None Indicated,,Daylight,Dry,Cloudy,None apparent,Intersection:  T-intersection,Paved,,Property Damage Only,0,0,0,0,0,0,2500,1,1,,POINT (-93.6565936727 41.585656930139)
2014802750,14003228,06/02/2014,06-June,2-Monday,17:43,1700 Hours,District 3 (Northwest),CHEROKEE,CHEROKEE,,Co Rd C38/HWY 977,Collision with:  Animal,,,Animal,None Indicated,,,,,,,Paved,,Property Damage Only,0,0,0,0,0,0,1500,1,1,,POINT (-95.530440675849 42.748698116707)
2014801563,14003142,06/02/2014,06-June,2-Monday,14:46,1400 Hours,District 3 (Northwest),SHELDON,OBRIEN,,OAK ST,Collision with:  Vehicle in traffic,Roadside,"Sideswipe, same direction",Other (explain in narrative):  Other,None Indicated,,Daylight,Dry,Cloudy,None apparent,Intersection:  Other intersection (explain in narrative),Paved,,Property Damage Only,0,0,0,0,0,0,2500,2,3,,POINT (-95.837628162481 43.1877583439)
2014801803,2014-36289,06/02/2014,06-June,2-Monday,14:58,1400 Hours,District 6 (East Central),DAVENPORT,SCOTT,US 6,US 6/E KIMBERLY RD & SPRING ST,Collision with:  Vehicle in traffic,On Roadway,Broadside (front to side),Ran Traffic Signal,None Indicated,,Daylight,Dry,Cloudy,None apparent,Intersection:  Four-way intersection,Paved,,Property Damage Only,0,0,0,0,0,0,2500,2,2,,POINT (-90.547737591758 41.556888426314)
2014802026,14-5710,06/02/2014,06-June,2-Monday,15:13,1500 Hours,District 3 (Northwest),CARROLL,CARROLL,US 71,US 71 & HEIRES AVE,Collision with:  Vehicle in traffic,On Roadway,Broadside (front to side),Ran Stop Sign,None Indicated,,Daylight,Dry,Clear,None apparent,Intersection:  T-intersection,Paved,,Property Damage Only,0,0,0,0,0,0,2350,2,2,,POINT (-94.878590382761 42.076414642967)
2014801525,CL14001792,06/02/2014,06-June,2-Monday,12:11,1200 Hours,District 6 (East Central),CLINTON,CLINTON,US 67,US 67/S 2ND ST & 3RD AVE S,Collision with:  Vehicle in traffic,On Roadway,Broadside (front to side),Unknown,None Indicated,,Daylight,Dry,Clear,None apparent,Intersection:  Four-way intersection,Paved,,Property Damage Only,0,0,0,0,0,0,4000,2,3,,POINT (-90.188308394478 41.843436355655)
2014804470,1406022300,06/02/2014,06-June,2-Monday,23:00,2300 Hours,District 6 (East Central),,JONES,,Co Rd E29/CO RD E-29 & 100 AVE,Collision with:  Animal,,,Animal,None Indicated,,,,,,,Paved,,Property Damage Only,0,0,0,0,0,0,2200,1,1,,POINT (-91.073328699013 42.106931095411)
2014801606,14-022370,06/02/2014,06-June,2-Monday,08:45,0800 Hours,District 4 (Southwest),COUNCIL BLUFFS,POTTAWATTAMIE,,S 23RD ST & 4TH AVE,Collision with:  Vehicle in traffic,On Roadway,Broadside (front to side),Other (explain in narrative):  No improper action,None Indicated,,Daylight,Dry,Cloudy,None apparent,Non-intersection:  Non-junction/no special feature,Paved,,Property Damage Only,0,0,0,0,0,0,4200,2,4,,POINT (-95.878388030903 41.257951459743)
2014801508,W14-054573,06/02/2014,06-June,2-Monday,17:41,1700 Hours,District 2 (Northeast),WATERLOO,BLACK HAWK,,E PARK AVE & LAFAYETTE ST,Collision with:  Vehicle in traffic,On Roadway,Rear-end (front to rear),Driver Distraction:  Passenger,None Indicated,,Daylight,Dry,Clear,None apparent,Non-intersection:  Non-junction/no special feature,Paved,,Property Damage Only,0,0,0,0,0,0,3000,2,4,,POINT (-92.336092941449 42.499751395789)
2014801698,W14-054458,06/02/2014,06-June,2-Monday,11:50,1100 Hours,District 2 (Northeast),WATERLOO,BLACK HAWK,US 63,US 63/W MULLAN AVE & COMMERCIAL ST & W COMMERCIAL ST,Collision with:  Vehicle in traffic,On Roadway,"Sideswipe, same direction",Made improper turn,None Indicated,,Daylight,Dry,Cloudy,None apparent,Intersection:  Four-way intersection,Paved,,Possible/Unknown,0,1,0,0,1,0,5000,2,5,,POINT (-92.345061807551 42.498650255477)
2014801818,2014032652,06/02/2014,06-June,2-Monday,08:20,0800 Hours,District 4 (Southwest),COUNCIL BLUFFS,POTTAWATTAMIE,I-29,I-29,Collision with:  Animal,,,Animal,None Indicated,,,,,,,Paved,,Property Damage Only,0,0,0,0,0,0,3500,1,1,,POINT (-95.823370666366 41.20705059358)
2014801568,14-3655,06/02/2014,06-June,2-Monday,22:03,2200 Hours,District 1 (Central),,POLK,,NW 44TH ST,Collision with:  Animal,,,Animal,None Indicated,,,,,,,Paved,,Property Damage Only,0,0,0,0,0,0,3000,1,1,,POINT (-93.678462666487 41.779930039567)
2014801609,14-022407,06/02/2014,06-June,2-Monday,13:30,1300 Hours,District 4 (Southwest),COUNCIL BLUFFS,POTTAWATTAMIE,US 6,US 6/W BROADWAY & S 8TH ST & N 8TH ST,Collision with:  Non-motorist (see non-motorist section - NOT a unit),On Roadway,Non-collision (single vehicle),Other (explain in narrative):  No improper action,None Indicated,,Daylight,Dry,Clear,None apparent,Non-intersection:  Non-junction/no special feature,Paved,,Property Damage Only,0,0,0,0,0,0,2000,1,1,,POINT (-95.856061134824 41.26186729644)
2014803215,S14-5379,06/02/2014,06-June,2-Monday,02:32,0200 Hours,District 3 (Northwest),SIOUX CITY,WOODBURY,I-29,I-29,Collision with:  Animal,,,Animal,None Indicated,,,,,,,Paved,,Property Damage Only,0,0,0,0,0,0,1501,1,1,,POINT (-96.357589656017 42.380628806736)
2014802072,14-001916,06/02/2014,06-June,2-Monday,21:21,2100 Hours,District 5 (Southeast),,KEOKUK,IA 149,IA 149/IOWA 149,Collision with:  Animal,,,Animal,None Indicated,,,,,,,Paved,,Property Damage Only,0,0,0,0,0,0,3000,1,2,,POINT (-92.213605606254 41.241756360912)
2014801413,2014-36154,06/02/2014,06-June,2-Monday,00:05,0000 Hours,District 6 (East Central),DAVENPORT,SCOTT,,E LOCUST ST & FARNAM ST,Collision with:  Vehicle in traffic,On Roadway,Broadside (front to side),Ran Stop Sign,None Indicated,,Dark - roadway lighted,Dry,Clear,None apparent,Intersection:  T-intersection,Paved,,Possible/Unknown,0,1,0,0,1,0,5000,2,2,,POINT (-90.567213555644 41.538262864708)
2014802019,14-005706,06/02/2014,06-June,2-Monday,09:00,0900 Hours,District 3 (Northwest),,CARROLL,,Co Rd N14/HAWTHORNE AVE,Collision with fixed object:  Ditch,On Roadway,Non-collision (single vehicle),Ran off road - left,None Indicated,,Daylight,Dry,Clear,None apparent,Non-intersection:  Non-junction/no special feature,Paved,,Possible/Unknown,0,1,0,0,1,0,4500,1,2,,POINT (-94.95608246841 42.027360503651)
2014801589,20140015439,06/02/2014,06-June,2-Monday,19:09,1900 Hours,District 1 (Central),DES MOINES,POLK,,SE 8TH ST & INDIANOLA AVE,Collision with:  Vehicle in traffic,On Roadway,Broadside (front to side),FTYROW:  From stop sign,None Indicated,,Daylight,Dry,Clear,None apparent,Intersection:  Other intersection (explain in narrative),Paved,,Property Damage Only,0,0,0,0,0,0,3500,2,3,,POINT (-93.602556953302 41.55837253728)
2014801590,20140015444,06/02/2014,06-June,2-Monday,19:45,1900 Hours,District 1 (Central),DES MOINES,POLK,IA 163,IA 163/E UNIVERSITY AVE & E 26TH ST,Collision with:  Vehicle in traffic,On Roadway,"Angle, oncoming left turn",FTYROW:  Making left turn,None Indicated,,Daylight,Dry,Clear,None apparent,Intersection:  Four-way intersection,Paved,,Property Damage Only,0,0,0,0,0,0,1500,2,2,,POINT (-93.567920741283 41.600468685155)
2014808761,14-030,06/02/2014,06-June,2-Monday,22:45,2200 Hours,District 3 (Northwest),YETTER,CALHOUN,,Co Rd D53/330TH ST & Co Rd N37/HARRIS AVE,Collision with:  Animal,,,Animal,None Indicated,,,,,,,Paved,,Property Damage Only,0,0,0,0,0,0,5000,1,1,,POINT (-94.764885055959 42.310528302751)
2014801564,06-14-016,06/02/2014,06-June,2-Monday,16:30,1600 Hours,District 3 (Northwest),LE MARS,PLYMOUTH,,24TH ST SW & HAWKEYE AVE,Collision with:  Vehicle in traffic,On Roadway,Rear-end (front to rear),Other (explain in narrative):  Other,None Indicated,,Daylight,Dry,Clear,None apparent,Intersection:  T-intersection,Paved,,Major Injury,0,2,1,0,1,0,25000,2,2,,POINT (-96.200614095601 42.764665453479)
2014809991,2014005391,06/02/2014,06-June,2-Monday,22:47,2200 Hours,District 1 (Central),MARSHALLTOWN,MARSHALL,,W OLIVE ST & S 6TH ST,Collision with:  Vehicle in traffic,On Roadway,"Angle, oncoming left turn",FTYROW:  Making left turn,None Indicated,,Dark - roadway lighted,Dry,Cloudy,None apparent,Intersection:  Four-way intersection,Paved,,Major Injury,0,2,1,1,0,0,8500,3,6,,POINT (-92.922179850737 42.028531668814)
2014801905,201407803,06/02/2014,06-June,2-Monday,11:37,1100 Hours,District 6 (East Central),CEDAR RAPIDS,LINN,,3RD AVE SE & 15TH ST SE,Collision with:  Vehicle in traffic,On Roadway,Broadside (front to side),FTYROW:  From stop sign,None Indicated,,Daylight,Dry,Cloudy,None apparent,Intersection:  Other intersection (explain in narrative),Paved,,Property Damage Only,0,0,0,0,0,0,4000,2,3,,POINT (-91.650527706254 41.98639148297)
2014802573,2014060204,06/02/2014,06-June,2-Monday,11:19,1100 Hours,District 4 (Southwest),SHENANDOAH,PAGE,US 59,US 59/FREMONT ST,Collision with:  Vehicle in traffic,On Roadway,"Angle, oncoming left turn",FTYROW:  Making left turn,None Indicated,,Daylight,Dry,Cloudy,None apparent,Non-intersection:  Driveway access (within),Paved,,Property Damage Only,0,0,0,0,0,0,1500,2,3,,POINT (-95.385107898321 40.761575672955)
2014801569,14-002376,06/02/2014,06-June,2-Monday,06:56,0600 Hours,District 1 (Central),ANKENY,POLK,,SW STATE ST,Collision with:  Vehicle in traffic,On Roadway,Rear-end (front to rear),Driving too fast for conditions,None Indicated,,Daylight,Dry,Cloudy,None apparent,Non-intersection:  Non-junction/no special feature,Paved,,Property Damage Only,0,0,0,0,0,0,4500,2,2,,POINT (-93.621587406212 41.704484862616)
2014804625,2014-36240,06/02/2014,06-June,2-Monday,09:50,0900 Hours,District 6 (East Central),DAVENPORT,SCOTT,,E RUSHOLME ST,Collision with:  Non-motorist (see non-motorist section - NOT a unit),On Roadway,Non-collision (single vehicle),Unknown,None Indicated,,Daylight,Dry,Cloudy,None apparent,Non-intersection:  Non-junction/no special feature,Paved,,Possible/Unknown,0,1,0,0,1,0,0,1,1,,POINT (-90.556887258072 41.54286223515)
2014801574,20140015381,06/02/2014,06-June,2-Monday,10:05,1000 Hours,District 1 (Central),DES MOINES,POLK,,SHERIDAN AVE & 30TH ST,Collision with:  Vehicle in traffic,On Roadway,Broadside (front to side),FTYROW:  From stop sign,None Indicated,,Daylight,Wet,Cloudy,None apparent,Intersection:  Four-way intersection,Paved,,Property Damage Only,0,0,0,0,0,0,6850,2,5,,POINT (-93.65856082691 41.618666154653)
2014801804,2014-36376,06/02/2014,06-June,2-Monday,22:15,2200 Hours,District 6 (East Central),DAVENPORT,SCOTT,,IA 461/BRADY ST & VETERANS MEMORIAL PKWY & W 65TH ST,Collision with:  Vehicle in traffic,On Roadway,"Sideswipe, same direction",Other (explain in narrative):  Other,None Indicated,,Dark - roadway lighted,Dry,Cloudy,None apparent,Intersection:  Four-way intersection,Paved,,Property Damage Only,0,0,0,0,0,0,8200,2,2,,POINT (-90.571325145913 41.585633288289)
2014801610,14-022450,06/02/2014,06-June,2-Monday,16:40,1600 Hours,District 4 (Southwest),COUNCIL BLUFFS,POTTAWATTAMIE,I-29,I-29,Collision with:  Vehicle in traffic,On Roadway,Rear-end (front to rear),Followed too close,None Indicated,,Daylight,Dry,Cloudy,None apparent,Non-intersection:  Non-junction/no special feature,Paved,,Property Damage Only,0,0,0,0,0,0,3000,2,2,,POINT (-95.832007378955 41.218159450111)
2014803328,01-14-23691,06/02/2014,06-June,2-Monday,16:33,1600 Hours,District 6 (East Central),DUBUQUE,DUBUQUE,,JOHN F KENNEDY RD & CARTER RD,Collision with:  Vehicle in traffic,On Roadway,Broadside (front to side),FTYROW:  From stop sign,None Indicated,,Daylight,Dry,Cloudy,None apparent,Intersection:  T-intersection,Paved,,Property Damage Only,0,0,0,0,0,0,2000,2,2,,POINT (-90.721336600991 42.50179113179)
2014804639,14-139,06/02/2014,06-June,2-Monday,23:39,2300 Hours,District 4 (Southwest),NEW MARKET,TAYLOR,,4TH ST & ADAMS ST,Collision with:  Parked motor vehicle,Roadside,Rear-end (front to rear),Crossed centerline (undivided),Drug/Alcohol (Statutory),,Dark - roadway not lighted,Dry,Clear,None apparent,Non-intersection:  Non-junction/no special feature,Paved,,Minor Injury,0,1,0,1,0,0,5001,2,1,,POINT (-94.898158202439 40.730035749289)
2014802149,14-002654,06/02/2014,06-June,2-Monday,13:03,1300 Hours,District 1 (Central),AMES,STORY,US 69,US 69/GRAND AVE & 8TH ST,Collision with:  Vehicle in traffic,On Roadway,Rear-end (front to rear),Driver Distraction:  Reaching for object(s)/fallen object(s),None Indicated,,Daylight,Dry,Clear,None apparent,Intersection:  Four-way intersection,Paved,,Minor Injury,0,1,0,1,0,0,5000,2,2,,POINT (-93.620267496271 42.028818536624)
2014801601,14-2578,06/02/2014,06-June,2-Monday,21:20,2100 Hours,District 1 (Central),WEST DES MOINES,POLK,,35TH ST/VALLEY WEST DR,Collision with:  Vehicle in traffic,On Roadway,Broadside (front to side),Driver Distraction:  Passenger,None Indicated,,Dark - roadway lighted,Dry,Clear,None apparent,Non-intersection:  Non-junction/no special feature,Paved,,Property Damage Only,0,0,0,0,0,0,14000,2,3,,POINT (-93.751864691521 41.592035949978)
2014802439,201400026479,06/02/2014,06-June,2-Monday,12:42,1200 Hours,District 5 (Southeast),OTTUMWA,WAPELLO,,PENNSYLVANIA AVE & N ELM ST,Collision with:  Vehicle in traffic,On Roadway,"Angle, oncoming left turn",Ran Stop Sign,None Indicated,,Daylight,Dry,Cloudy,None apparent,Intersection:  Four-way intersection,Paved,,Possible/Unknown,0,1,0,0,1,0,5500,2,3,,POINT (-92.397693516121 41.027459174735)
2014801677,14-17227,06/02/2014,06-June,2-Monday,11:02,1100 Hours,District 3 (Northwest),SIOUX CITY,WOODBURY,,14TH ST & PIERCE ST,Collision with:  Vehicle in traffic,On Roadway,Rear-end (front to rear),Followed too close,None Indicated,,Daylight,Dry,Clear,None apparent,Intersection:  Other intersection (explain in narrative),Paved,,Possible/Unknown,0,1,0,0,1,0,2500,2,2,,POINT (-96.4050367092 42.504994182906)
2014801592,20140015367,06/02/2014,06-June,2-Monday,07:45,0700 Hours,District 1 (Central),DES MOINES,POLK,,DAVIS AVE & SW 9TH ST,Collision with:  Vehicle in traffic,On Roadway,"Sideswipe, same direction",FTYROW:  Other (explain in narrative),None Indicated,,Daylight,Dry,Cloudy,None apparent,Intersection:  Four-way intersection,Paved,,Property Damage Only,0,0,0,0,0,0,3000,3,4,,POINT (-93.623554705703 41.565817703157)
2014801971,2014-36564,06/03/2014,06-June,3-Tuesday,13:05,1300 Hours,District 6 (East Central),DAVENPORT,SCOTT,,VETERANS MEMORIAL PKWY & EASTERN AVE,Collision with fixed object:  Curb/island/raised median,On Roadway,Non-collision (single vehicle),Swerving/Evasive Action,None Indicated,,Daylight,Dry,Clear,Other (explain in narrative),Intersection:  T-intersection,Unpaved,,Property Damage Only,0,0,0,0,0,0,1500,1,3,,POINT (-90.551405650915 41.589290409286)
2014802459,2014-11752,06/03/2014,06-June,3-Tuesday,09:35,0900 Hours,District 5 (Southeast),INDIANOLA,WARREN,,W EUCLID AVE & N KENWOOD BLVD,Collision with:  Vehicle in traffic,On Roadway,Broadside (front to side),FTYROW:  From stop sign,None Indicated,,Daylight,Dry,Clear,None apparent,Intersection:  Four-way intersection,Paved,,Property Damage Only,0,0,0,0,0,0,5500,2,3,,POINT (-93.583990789684 41.365915963187)
2014801528,14-18619,06/03/2014,06-June,3-Tuesday,13:58,1300 Hours,District 5 (Southeast),BURLINGTON,DES MOINES,,COLUMBIA ST & CENTRAL AVE,Collision with:  Vehicle in traffic,On Roadway,"Sideswipe, same direction",FTYROW:  Other (explain in narrative),None Indicated,,Daylight,Dry,Clear,None apparent,Non-intersection:  Non-junction/no special feature,Paved,,Property Damage Only,0,0,0,0,0,0,2500,2,6,,POINT (-91.110991659493 40.813382564949)
2014804066,0603141A,06/03/2014,06-June,3-Tuesday,05:05,0500 Hours,District 4 (Southwest),,PAGE,,Co Rd M63/O AVE,Collision with:  Animal,,,Animal,None Indicated,,,,,,,Paved,,Property Damage Only,0,0,0,0,0,0,350000,1,1,,POINT (-95.099636580575 40.880855438315)
2014828305,14060058,06/03/2014,06-June,3-Tuesday,16:42,1600 Hours,District 5 (Southeast),,WAPELLO,IA 149,IA 149/IOWA 149,Collision with:  Vehicle in traffic,On Roadway,Rear-end (front to rear),Separation of units,None Indicated,,Daylight,Dry,"Fog, smoke, smog",None apparent,Non-intersection:  Non-junction/no special feature,Paved,,Possible/Unknown,0,1,0,0,1,0,3500,2,2,,POINT (-92.410073635812 41.116991253481)
2014801764,14-002385,06/03/2014,06-June,3-Tuesday,07:46,0700 Hours,District 1 (Central),ANKENY,POLK,I-35,I-35,Collision with:  Vehicle in traffic,On Roadway,Rear-end (front to rear),Followed too close,None Indicated,,Daylight,Dry,Clear,Other (explain in narrative),Non-intersection:  Other non-intersection (explain in narrative),Paved,,Property Damage Only,0,0,0,0,0,0,4500,2,2,,POINT (-93.575935543239 41.692031734657)
2014801839,2014032814,06/03/2014,06-June,3-Tuesday,07:48,0700 Hours,District 6 (East Central),,JOHNSON,I-380,I-380,Collision with:  Vehicle in traffic,On Roadway,Rear-end (front to rear),Followed too close,None Indicated,,Daylight,Dry,Clear,None apparent,Non-intersection:  Non-junction/no special feature,Paved,,Property Damage Only,0,0,0,0,0,0,2000,2,2,,POINT (-91.642133698333 41.756030008764)
2014801794,14-022620,06/03/2014,06-June,3-Tuesday,16:15,1600 Hours,District 4 (Southwest),COUNCIL BLUFFS,POTTAWATTAMIE,,WOODBURY AVE & MADISON AVE,Collision with:  Vehicle in traffic,On Roadway,Rear-end (front to rear),Followed too close,None Indicated,,Daylight,Dry,Cloudy,None apparent,Intersection:  Four-way intersection,Paved,,Minor Injury,0,1,0,1,0,0,1200,2,3,,POINT (-95.82568770735 41.242848314049)
2014802631,2014-36555,06/03/2014,06-June,3-Tuesday,13:32,1300 Hours,District 6 (East Central),DAVENPORT,SCOTT,,W LOCUST ST,Collision with:  Vehicle in traffic,On Roadway,Broadside (front to side),FTYROW:  From driveway,None Indicated,,Daylight,Dry,Clear,None apparent,Non-intersection:  Driveway access (within),Paved,,Property Damage Only,0,0,0,0,0,0,4500,2,2,,POINT (-90.596881969562 41.538256590906)
2014801892,2014006110,06/03/2014,06-June,3-Tuesday,20:53,2000 Hours,District 6 (East Central),IOWA CITY,JOHNSON,,E MARKET ST & VAN BUREN ST,Collision with:  Vehicle in traffic,On Roadway,"Sideswipe, same direction",Made improper turn,Drug,,Dark - roadway lighted,Wet,Rain,None apparent,Intersection:  T-intersection,Paved,,Property Damage Only,0,0,0,0,0,0,3000,2,2,,POINT (-91.528674755788 41.663556310104)
2014801534,14-009230,06/03/2014,06-June,3-Tuesday,05:50,0500 Hours,District 5 (Southeast),,HENRY,,Co Rd W55/FRANKLIN AVE,Collision with:  Animal,,,Animal,None Indicated,,,,,,,Paved,,Property Damage Only,0,0,0,0,0,0,2000,1,1,,POINT (-91.621996344901 40.905042945382)
2014802537,14008871,06/03/2014,06-June,3-Tuesday,12:56,1200 Hours,District 2 (Northeast),MASON CITY,CERRO GORDO,US 65,US 65/S FEDERAL AVE & IA 122/6TH ST SW/6TH ST SE,Collision with:  Vehicle in traffic,On Roadway,Broadside (front to side),Ran Traffic Signal,None Indicated,,Daylight,Dry,Clear,None apparent,Intersection:  Four-way intersection,Paved,,Property Damage Only,0,0,0,0,0,0,5800,2,2,,POINT (-93.201070328058 43.146210043319)
2014802067,14081214,06/03/2014,06-June,3-Tuesday,15:53,1500 Hours,District 6 (East Central),,JOHNSON,IA 1,IA 1/IOWA 1 & Co Rd F28/210TH ST,Collision with:  Vehicle in traffic,On Roadway,Rear-end (front to rear),Followed too close,None Indicated,,Daylight,Dry,Clear,None apparent,Non-intersection:  Non-junction/no special feature,Paved,,Property Damage Only,0,0,0,0,0,0,2000,2,2,,POINT (-91.48349855745 41.780200732892)
2014802115,14-0629,06/03/2014,06-June,3-Tuesday,12:50,1200 Hours,District 1 (Central),CLIVE,POLK,US 6,US 6/HICKMAN RD,Collision with:  Vehicle in traffic,On Roadway,Broadside (front to side),Other (explain in narrative):  Vision obstructed,None Indicated,,Daylight,Dry,Cloudy,None apparent,Non-intersection:  Non-junction/no special feature,Paved,,Property Damage Only,0,0,0,0,0,0,2250,2,2,,POINT (-93.738315111059 41.614884961594)
2014801578,20140015482,06/03/2014,06-June,3-Tuesday,07:35,0700 Hours,District 1 (Central),DES MOINES,POLK,US 69,US 69/E 14TH ST & WALKER ST,Collision with:  Vehicle in traffic,On Roadway,"Angle, oncoming left turn",Unknown,None Indicated,,Daylight,Dry,Clear,None apparent,Intersection:  Four-way intersection,Paved,,Possible/Unknown,0,1,0,0,1,0,1500,2,3,,POINT (-93.599490100318 41.597624243008)
2014806564,142776,06/03/2014,06-June,3-Tuesday,12:47,1200 Hours,District 1 (Central),IOWA FALLS,HARDIN,,POLK ST & MAIN ST,Collision with:  Vehicle in traffic,On Roadway,Broadside (front to side),FTYROW:  From stop sign,None Indicated,,Daylight,Dry,Clear,None apparent,Intersection:  Four-way intersection,Paved,,Property Damage Only,0,0,0,0,0,0,2500,2,2,,POINT (-93.265352594816 42.525908131535)
2014802473,14-17408,06/03/2014,06-June,3-Tuesday,20:03,2000 Hours,District 3 (Northwest),SIOUX CITY,WOODBURY,,5TH ST & PEARL ST,Collision with:  Non-motorist (see non-motorist section - NOT a unit),On Roadway,Non-collision (single vehicle),FTYROW:  To pedestrian,None Indicated,,Dark - roadway lighted,Wet,Rain,None apparent,Intersection:  Four-way intersection,Paved,,Possible/Unknown,0,1,0,0,1,0,0,1,1,,POINT (-96.407878230013 42.49525682939)
2014802664,14-000681,06/03/2014,06-June,3-Tuesday,07:45,0700 Hours,District 1 (Central),,STORY,,Co Rd E41/LINCOLN HWY,Collision with:  Animal,,,Animal,None Indicated,,,,,,,Paved,,Property Damage Only,0,0,0,0,0,0,2700,1,1,,POINT (-93.337076061485 42.022542061669)
2014806664,2014032945,06/03/2014,06-June,3-Tuesday,16:45,1600 Hours,District 4 (Southwest),MISSOURI VALLEY,HARRISON,I-29,I-29,Collision with:  Vehicle in traffic,Shoulder,Unknown,Other (explain in narrative):  No improper action,None Indicated,,Daylight,Wet,Rain,None apparent,Non-intersection:  Other non-intersection (explain in narrative),Paved,,Property Damage Only,0,0,0,0,0,0,5000,2,2,,POINT (-95.917698819821 41.524857796754)
2014802486,2014032975,06/03/2014,06-June,3-Tuesday,06:45,0600 Hours,District 4 (Southwest),,POTTAWATTAMIE,I-80,I-80,Collision with:  Vehicle in traffic,On Roadway,"Sideswipe, same direction",Swerving/Evasive Action,None Indicated,,Daylight,Wet,"Sleet, hail",None apparent,Non-intersection:  Other non-intersection (explain in narrative),Paved,,Property Damage Only,0,0,0,0,0,0,10000,2,2,,POINT (-95.58442681237 41.496829171605)
2014804067,0603142A,06/03/2014,06-June,3-Tuesday,15:03,1500 Hours,District 4 (Southwest),CLARINDA,PAGE,US 71,US 71 & S 8TH ST,Collision with:  Vehicle in traffic,On Roadway,Broadside (front to side),FTYROW:  From stop sign,None Indicated,,Daylight,Dry,Cloudy,None apparent,Intersection:  Four-way intersection,Paved,,Property Damage Only,0,0,0,0,0,0,4500,2,2,,POINT (-95.02827323175 40.729010936342)
2014804182,01-14-23844,06/03/2014,06-June,3-Tuesday,14:25,1400 Hours,District 6 (East Central),DUBUQUE,DUBUQUE,,GRANDVIEW AVE N,Collision with:  Vehicle in traffic,On Roadway,Rear-end (front to rear),Followed too close,None Indicated,,Daylight,Dry,Cloudy,None apparent,Non-intersection:  Non-junction/no special feature,Paved,,Property Damage Only,0,0,0,0,0,0,3500,2,2,,POINT (-90.695790159171 42.50481914882)
2014801867,1406038091,06/03/2014,06-June,3-Tuesday,19:56,1900 Hours,District 6 (East Central),DE WITT,CLINTON,,225 ST,Non-collision events:  Overturn/rollover,On Roadway,Non-collision (single vehicle),Swerving/Evasive Action,None Indicated,,Dusk,Dry,Cloudy,None apparent,Non-intersection:  Non-junction/no special feature,Paved,,Minor Injury,0,1,0,1,0,0,10000,1,1,,POINT (-90.574518147942 41.84534886201)
2014801797,14-10317,06/03/2014,06-June,3-Tuesday,15:39,1500 Hours,District 6 (East Central),BETTENDORF,SCOTT,US 67,US 67/STATE ST,Collision with:  Vehicle in traffic,On Roadway,"Angle, oncoming left turn",FTYROW:  Making left turn,None Indicated,,Daylight,Dry,Clear,None apparent,Non-intersection:  Driveway access (within),Paved,,Property Damage Only,0,0,0,0,0,0,3100,2,2,,POINT (-90.477612266585 41.531116585137)
2014801770,20140015509,06/03/2014,06-June,3-Tuesday,13:10,1300 Hours,District 1 (Central),DES MOINES,POLK,IA 163,IA 163/E UNIVERSITY AVE & E 36TH CT,Collision with:  Vehicle in traffic,On Roadway,Broadside (front to side),Separation of units,None Indicated,,Daylight,Dry,Clear,Work Zone (roadway-related),Non-intersection:  Non-junction/no special feature,Paved,Yes,Property Damage Only,0,0,0,0,0,0,4500,2,2,,POINT (-93.544546291926 41.600626811504)
2014801579,20140015496,06/03/2014,06-June,3-Tuesday,11:08,1100 Hours,District 1 (Central),DES MOINES,POLK,,SW 9TH ST,Collision with:  Vehicle in traffic,On Roadway,Rear-end (front to rear),Followed too close,None Indicated,,Daylight,Dry,Cloudy,None apparent,Non-intersection:  Non-junction/no special feature,Paved,,Possible/Unknown,0,1,0,0,1,0,2500,2,6,,POINT (-93.625747784253 41.544503519064)
2014802602,S14-002007,06/03/2014,06-June,3-Tuesday,17:00,1700 Hours,District 4 (Southwest),,POTTAWATTAMIE,IA 92,IA 92/IOWA 92 & 214TH ST,Collision with:  Animal,,,Animal,None Indicated,,,,,,,Paved,,Property Damage Only,0,0,0,0,0,0,2000,1,1,,POINT (-95.777356638243 41.232595969901)
2014801938,20140015629,06/03/2014,06-June,3-Tuesday,10:40,1000 Hours,District 1 (Central),DES MOINES,POLK,,BELL AVE & SW 9TH ST,Collision with:  Non-motorist (see non-motorist section - NOT a unit),On Roadway,Non-collision (single vehicle),Other (explain in narrative):  No improper action,None Indicated,,Daylight,Dry,Cloudy,None apparent,Non-intersection:  Driveway access (within),Paved,,Possible/Unknown,0,1,0,0,1,0,0,1,1,,POINT (-93.625512417856 41.562375292933)
2014801536,14-13854,06/03/2014,06-June,3-Tuesday,01:31,0100 Hours,District 1 (Central),COLFAX,JASPER,I-80,I-80,Collision with:  Animal,On Roadway,Non-collision (single vehicle),Animal,None Indicated,,Dark - roadway not lighted,Dry,Clear,None apparent,Non-intersection:  Non-junction/no special feature,Paved,,Property Damage Only,0,0,0,0,0,0,2500,1,2,,POINT (-93.19391755457 41.696022400468)
2014801747,PD1404746,06/03/2014,06-June,3-Tuesday,07:03,0700 Hours,District 5 (Southeast),FAIRFIELD,JEFFERSON,,W BURLINGTON AVE,Collision with:  Vehicle in traffic,On Roadway,Broadside (front to side),FTYROW:  Making left turn,None Indicated,,Daylight,Dry,Clear,None apparent,Non-intersection:  Driveway access (within),Paved,,Possible/Unknown,0,1,0,0,1,0,7000,2,2,,POINT (-91.983185204425 41.006432457042)