Iowa DOT Case Number,Law Enforcement Case Number,Date of Crash,Month of Crash,Day of Week,Time of Crash,Hour,DOT District,City Name,County Name,Route with System,Location Description,First Harmful Event,Location of First Harmful Event,Manner of Crash/Collision,Major Cause,Drug or Alcohol ,Environmental Conditions,Light Conditions,Surface Conditions,Weather Conditions,Roadway Contribution,Roadway Type,Roadway Surface,Work Zone,Crash Severity,Number of Fatalities,Number of Injuries,Number of Major Injuries,Number of Minor Injuries,Number of Possible Injuries,Number of Unknown Injuries,Amount of Property Damage,Number of Vehicles Involved,Total Number of Occupants,Travel Direction,Location
2014802032,14003253,06/03/2014,06-June,3-Tuesday,22:32,2200 Hours,District 2 (Northeast),MASON CITY,CERRO GORDO,US 18,US 18,Collision with:  Animal,,,Animal,None Indicated,,,,,,,Paved,,Property Damage Only,0,0,0,0,0,0,1500,1,1,,POINT (-93.076360749227 43.119139478633)
2014802166,,06/03/2014,06-June,3-Tuesday,07:35,0700 Hours,District 6 (East Central),CEDAR RAPIDS,LINN,,16TH AVE SW,Collision with:  Vehicle in traffic,On Roadway,Rear-end (front to rear),Unknown,None Indicated,,Daylight,Dry,Clear,,Non-intersection:  Non-junction/no special feature,Paved,,Property Damage Only,0,0,0,0,0,0,2500,2,2,,POINT (-91.717958568082 41.963639572386)
2014801600,14-2592,06/03/2014,06-June,3-Tuesday,14:28,1400 Hours,District 1 (Central),WEST DES MOINES,POLK,I-35,I-35,Collision with:  Vehicle in traffic,On Roadway,Rear-end (front to rear),Followed too close,None Indicated,,Daylight,Dry,Cloudy,Work Zone (roadway-related),"Interchange-related:  Off-ramp, diverge area",Paved,Yes,Property Damage Only,0,0,0,0,0,0,4300,2,2,,POINT (-93.774052059765 41.532963238184)
2014802074,14001923,06/03/2014,06-June,3-Tuesday,07:05,0700 Hours,District 5 (Southeast),,KEOKUK,IA 149,IA 149/IOWA 149,Collision with:  Vehicle in traffic,On Roadway,Rear-end (front to rear),Swerving/Evasive Action,None Indicated,,Daylight,Dry,Cloudy,None apparent,Non-intersection:  Non-junction/no special feature,Paved,,Property Damage Only,0,0,0,0,0,0,6000,2,2,,POINT (-92.093711464493 41.491185024551)
2014802201,CL14001820,06/03/2014,06-June,3-Tuesday,16:56,1600 Hours,District 6 (East Central),CLINTON,CLINTON,,S 14TH ST,Collision with:  Vehicle in traffic,On Roadway,Rear-end (front to rear),Other (explain in narrative):  Other,None Indicated,,Daylight,Dry,Clear,None apparent,Non-intersection:  Non-junction/no special feature,Paved,,Property Damage Only,0,0,0,0,0,0,5000,2,5,,POINT (-90.218643274007 41.83322453439)
2014803093,14-17360,06/03/2014,06-June,3-Tuesday,11:35,1100 Hours,District 3 (Northwest),SIOUX CITY,WOODBURY,I-29,I-29,Collision with:  Vehicle in traffic,On Roadway,Rear-end (front to rear),Driver Distraction:  Passenger,None Indicated,,Daylight,Dry,Cloudy,Work Zone (roadway-related),Non-intersection:  Non-junction/no special feature,Paved,Yes,Property Damage Only,0,0,0,0,0,0,2800,3,4,,POINT (-96.393411051525 42.485592557467)
2014801762,14-3674,06/03/2014,06-June,3-Tuesday,16:10,1600 Hours,District 1 (Central),,POLK,US 69,US 69/NE 14TH ST,Collision with:  Animal,,,Animal,None Indicated,,,,,,,Paved,,Property Damage Only,0,0,0,0,0,0,2000,1,1,,POINT (-93.600562855113 41.664109716531)
2014802536,14008860,06/03/2014,06-June,3-Tuesday,09:00,0900 Hours,District 2 (Northeast),MASON CITY,CERRO GORDO,IA 122,IA 122/4TH ST SW & POLK PL,Collision with:  Vehicle in traffic,On Roadway,"Angle, oncoming left turn",FTYROW:  Making left turn,None Indicated,,Daylight,Dry,Clear,None apparent,Intersection:  Four-way intersection,Paved,,Property Damage Only,0,0,0,0,0,0,6000,2,2,,POINT (-93.217323467442 43.148368507455)
2014802470,14-17355,06/03/2014,06-June,3-Tuesday,10:59,1000 Hours,District 3 (Northwest),SIOUX CITY,WOODBURY,,W 18TH ST & HAMILTON BLVD,Collision with:  Vehicle in traffic,On Roadway,Broadside (front to side),FTYROW:  From stop sign,None Indicated,,Daylight,Dry,Cloudy,None apparent,Intersection:  T-intersection,Paved,,Property Damage Only,0,0,0,0,0,0,7500,2,4,,POINT (-96.416733360867 42.509490059784)
2014801785,14-1227,06/03/2014,06-June,3-Tuesday,15:06,1500 Hours,District 1 (Central),URBANDALE,POLK,,DOUGLAS PKWY & 128TH ST,Collision with:  Vehicle in traffic,On Roadway,"Sideswipe, same direction",Swerving/Evasive Action,None Indicated,,Daylight,Dry,Clear,None apparent,Intersection:  Four-way intersection,Paved,,Property Damage Only,0,0,0,0,0,0,3500,2,2,,POINT (-93.793575320086 41.628649001408)
2014801771,20140015516,06/03/2014,06-June,3-Tuesday,13:52,1300 Hours,District 1 (Central),DES MOINES,POLK,,OAK PARK AVE & 8TH ST,Collision with:  Vehicle in traffic,On Roadway,Broadside (front to side),Ran Stop Sign,None Indicated,,Daylight,Dry,Clear,None apparent,Intersection:  Four-way intersection,Paved,,Property Damage Only,0,0,0,0,0,0,1500,2,2,,POINT (-93.627334289421 41.62670408677)
2014802472,14-17378,06/03/2014,06-June,3-Tuesday,14:49,1400 Hours,District 3 (Northwest),SIOUX CITY,WOODBURY,,W 7TH ST & BLUFF ST,Collision with:  Vehicle in traffic,On Roadway,Unknown,Unknown,None Indicated,,Daylight,Wet,Rain,None apparent,Intersection:  Four-way intersection,Paved,,Property Damage Only,0,0,0,0,0,0,4000,2,2,,POINT (-96.41099942274 42.499621084595)
2014801776,20140015560,06/03/2014,06-June,3-Tuesday,20:58,2000 Hours,District 1 (Central),DES MOINES,POLK,US 69,US 69/E 14TH ST,Collision with:  Vehicle in traffic,On Roadway,Rear-end (front to rear),Driving too fast for conditions,None Indicated,,Dark - roadway lighted,Wet,Rain,None apparent,Non-intersection:  Non-junction/no special feature,Paved,,Property Damage Only,0,0,0,0,0,0,6000,2,4,,POINT (-93.600536510962 41.610832389741)
2014801909,201407867,06/03/2014,06-June,3-Tuesday,17:26,1700 Hours,District 6 (East Central),CEDAR RAPIDS,LINN,,42ND ST NE,Collision with:  Vehicle in traffic,On Roadway,Broadside (front to side),FTYROW:  From driveway,None Indicated,,Daylight,Dry,Cloudy,None apparent,Non-intersection:  Driveway access (within),Paved,,Property Damage Only,0,0,0,0,0,0,7000,2,2,,POINT (-91.664750797837 42.021493653896)
2014801822,2014032828,06/03/2014,06-June,3-Tuesday,10:05,1000 Hours,District 6 (East Central),BETTENDORF,SCOTT,I-80,I-80,Collision with:  Animal,,,Animal,None Indicated,,,,,,,Paved,,Property Damage Only,0,0,0,0,0,0,5000,1,1,,POINT (-90.487805450765 41.596572504239)
2014802581,14-0626,06/03/2014,06-June,3-Tuesday,00:03,0000 Hours,District 1 (Central),CLIVE,POLK,,NW 90TH ST,Collision with:  Parked motor vehicle,On Roadway,Rear-end (front to rear),Swerving/Evasive Action,Alcohol (Statutory),,Dark - roadway lighted,Dry,Clear,None apparent,Non-intersection:  Non-junction/no special feature,Paved,,Property Damage Only,0,0,0,0,0,0,15000,3,13,,POINT (-93.742060981612 41.602412902768)
2014801758,1406031-A,06/03/2014,06-June,3-Tuesday,15:02,1500 Hours,District 4 (Southwest),RED OAK,MONTGOMERY,,CORNING ST & 2ND ST,Collision with:  Vehicle in traffic,On Roadway,Broadside (front to side),FTYROW:  From stop sign,None Indicated,,Daylight,Dry,Cloudy,None apparent,Intersection:  Four-way intersection,Paved,,Property Damage Only,0,0,0,0,0,0,2000,2,4,,POINT (-95.230347195525 41.011385328506)
2014801958,2014-36570,06/03/2014,06-June,3-Tuesday,12:40,1200 Hours,District 6 (East Central),DAVENPORT,SCOTT,US 6,US 6/SPRUCE HILLS DR & ELMORE AVE,Collision with:  Vehicle in traffic,On Roadway,"Sideswipe, same direction",Unknown,None Indicated,,Daylight,Dry,Cloudy,None apparent,Intersection:  Four-way intersection,Paved,,Property Damage Only,0,0,0,0,0,0,3000,2,2,,POINT (-90.527307818173 41.554946599302)
2014801566,14-3658,06/03/2014,06-June,3-Tuesday,08:46,0800 Hours,District 1 (Central),,POLK,US 69,US 69/NE 14TH ST & NE 51ST AVE,Collision with:  Vehicle in traffic,On Roadway,"Sideswipe, same direction",Crossed centerline (undivided),None Indicated,,Daylight,Dry,Clear,None apparent,Non-intersection:  Non-junction/no special feature,Paved,,Property Damage Only,0,0,0,0,0,0,1800,2,3,,POINT (-93.600436924852 41.653139670951)
2014801567,14-3671,06/03/2014,06-June,3-Tuesday,12:19,1200 Hours,District 1 (Central),,POLK,,NW 44TH ST,Non-collision events:  Overturn/rollover,Roadside,Non-collision (single vehicle),Ran off road - right,None Indicated,,Daylight,Dry,Clear,None apparent,Non-intersection:  Non-junction/no special feature,Paved,,Major Injury,0,1,1,0,0,0,10300,1,1,,POINT (-93.678105053213 41.831622761696)
2014801982,2014032969,06/03/2014,06-June,3-Tuesday,18:50,1800 Hours,District 5 (Southeast),,CLARKE,I-35,I-35 & Co Rd H48/DOYLE ST,Collision with fixed object:  Guardrail - face,Median,Non-collision (single vehicle),Crossed centerline (undivided),None Indicated,,Daylight,Wet,Rain,None apparent,Non-intersection:  Other non-intersection (explain in narrative),Paved,,Property Damage Only,0,0,0,0,0,0,3000,1,2,,POINT (-93.799776646422 40.942671530047)
2014801882,14-13921,06/03/2014,06-June,3-Tuesday,19:12,1900 Hours,District 1 (Central),NEWTON,JASPER,,N 11TH AVE E & E 8TH ST N,Collision with:  Vehicle in traffic,On Roadway,Broadside (front to side),FTYROW:  At uncontrolled intersection,None Indicated,,Daylight,Wet,Rain,None apparent,Intersection:  T-intersection,Paved,,Possible/Unknown,0,2,0,0,2,0,200,2,6,,POINT (-93.044150529081 41.709940423239)
2014802471,14-17376,06/03/2014,06-June,3-Tuesday,14:19,1400 Hours,District 3 (Northwest),SIOUX CITY,WOODBURY,I-29,I-29 & HAMILTON BLVD,Collision with:  Vehicle in traffic,On Roadway,Broadside (front to side),FTYROW:  Making left turn,None Indicated,,Daylight,Dry,Rain,None apparent,Intersection:  Intersection with ramp,Paved,,Property Damage Only,0,0,0,0,0,0,6000,2,2,,POINT (-96.424467337337 42.49311395665)
2014802513,,06/03/2014,06-June,3-Tuesday,17:03,1700 Hours,District 2 (Northeast),,FLOYD,,230TH ST,,On Roadway,Non-collision (single vehicle),Swerving/Evasive Action,None Indicated,,Daylight,Dry,Clear,None apparent,Non-intersection:  Non-junction/no special feature,Unpaved,,Minor Injury,0,5,0,5,0,0,4100,1,5,,POINT (-92.595616971622 43.023592137223)
2014801702,14-9922,06/03/2014,06-June,3-Tuesday,08:41,0800 Hours,District 2 (Northeast),,BREMER,US 218,US 218,Collision with:  Animal,,,Animal,None Indicated,,,,,,,Paved,,Property Damage Only,0,0,0,0,0,0,1500,1,1,,POINT (-92.475238943642 42.688340871502)
2014801700,W14-054778,06/03/2014,06-June,3-Tuesday,07:57,0700 Hours,District 2 (Northeast),WATERLOO,BLACK HAWK,,KIMBALL AVE & W SHAULIS RD & E SHAULIS RD,Collision with:  Vehicle in traffic,On Roadway,Broadside (front to side),Ran Stop Sign,None Indicated,,Daylight,Dry,Clear,None apparent,Intersection:  Four-way intersection,Paved,,Possible/Unknown,0,1,0,0,1,0,8500,2,3,,POINT (-92.356743278768 42.442997070619)
2014801694,W14-054869,06/03/2014,06-June,3-Tuesday,14:53,1400 Hours,District 2 (Northeast),WATERLOO,BLACK HAWK,,LAFAYETTE ST & NEVADA ST,Collision with:  Vehicle in traffic,On Roadway,Broadside (front to side),FTYROW:  Making left turn,None Indicated,,Daylight,Dry,Clear,None apparent,Intersection:  Four-way intersection,Paved,,Property Damage Only,0,0,0,0,0,0,8500,3,5,,POINT (-92.314570904424 42.490168574527)
2014802238,02-14-8526,06/03/2014,06-June,3-Tuesday,21:56,2100 Hours,District 6 (East Central),,DUBUQUE,,Co Rd C9Y/SHERRILL RD,Collision with fixed object:  Ditch,Shoulder,Non-collision (single vehicle),Ran off road - right,Refused,,Dark - roadway not lighted,Dry,Cloudy,None apparent,Non-intersection:  Non-junction/no special feature,Paved,,Major Injury,0,1,1,0,0,0,8500,1,1,,POINT (-90.725363422052 42.568230507245)
2014801556,14-2755,06/03/2014,06-June,3-Tuesday,14:30,1400 Hours,District 6 (East Central),HIAWATHA,LINN,I-380,I-380 & BLAIRS FERRY RD,Collision with:  Vehicle in traffic,On Roadway,Rear-end (front to rear),Driver Distraction:  Manual operation of an electronic communication device,None Indicated,,Daylight,Dry,Clear,None apparent,Non-intersection:  Other non-intersection (explain in narrative),Paved,,Property Damage Only,0,0,0,0,0,0,5500,2,2,,POINT (-91.675962201887 42.034754832267)
2014802539,14008878,06/03/2014,06-June,3-Tuesday,14:30,1400 Hours,District 2 (Northeast),MASON CITY,CERRO GORDO,US 65,US 65/S FEDERAL AVE & IA 122/6TH ST SW/6TH ST SE,Collision with:  Vehicle in traffic,On Roadway,"Sideswipe, same direction",Made improper turn,None Indicated,,Daylight,Dry,Clear,None apparent,Non-intersection:  Non-junction/no special feature,Paved,,Minor Injury,0,1,0,1,0,0,6000,2,2,,POINT (-93.201070328058 43.146210043319)
2014801773,20140015543,06/03/2014,06-June,3-Tuesday,18:30,1800 Hours,District 1 (Central),DES MOINES,POLK,,E GRAND AVE & E 17TH ST,Collision with:  Vehicle in traffic,On Roadway,Rear-end (front to rear),Driving too fast for conditions,None Indicated,,Daylight,Wet,Rain,None apparent,Non-intersection:  Non-junction/no special feature,Paved,,Possible/Unknown,0,1,0,0,1,0,8500,3,5,,POINT (-93.589939278985 41.595061547571)
2014801778,20140015499,06/03/2014,06-June,3-Tuesday,11:35,1100 Hours,District 1 (Central),DES MOINES,POLK,US 6,US 6/E EUCLID AVE & E 12TH ST,Collision with:  Vehicle in traffic,On Roadway,Rear-end (front to rear),Lost Control,None Indicated,,Daylight,Dry,Cloudy,None apparent,Non-intersection:  Non-junction/no special feature,Paved,,Property Damage Only,0,0,0,0,0,0,3000,2,6,,POINT (-93.6047747662 41.627707692159)
2014801924,14062034,06/03/2014,06-June,3-Tuesday,15:13,1500 Hours,District 4 (Southwest),CLARINDA,PAGE,,N 11TH ST,Non-collision events:  Other non-collision (explain in narrative),On Roadway,Non-collision (single vehicle),"Operating vehicle in an reckless, erratic, careless, negligent manner",None Indicated,,Daylight,Dry,Cloudy,None apparent,Intersection:  Four-way intersection,Paved,,Property Damage Only,0,0,0,0,0,0,6500,1,1,,POINT (-95.031271978579 40.74078542796)
2014802200,CL14001811,06/03/2014,06-June,3-Tuesday,08:00,0800 Hours,District 6 (East Central),CLINTON,CLINTON,,11TH AVE S & S 8TH ST,Collision with:  Vehicle in traffic,On Roadway,Broadside (front to side),Ran Stop Sign,None Indicated,,Daylight,Dry,Clear,None apparent,Intersection:  Four-way intersection,Paved,,Property Damage Only,0,0,0,0,0,0,3500,2,2,,POINT (-90.204030188905 41.834202329532)
2014805200,2014032985,06/03/2014,06-June,3-Tuesday,23:22,2300 Hours,District 1 (Central),,STORY,I-35,I-35,Collision with fixed object:  Guardrail - face,On Roadway,Non-collision (single vehicle),Ran off road - left,None Indicated,,Dark - roadway not lighted,Water (standing or moving),Rain,"Surface condition (e.g., wet, icy)",Non-intersection:  Non-junction/no special feature,Paved,,Property Damage Only,0,0,0,0,0,0,3500,1,1,,POINT (-93.569904712023 41.961061592545)
2014802031,14003236,06/03/2014,06-June,3-Tuesday,09:02,0900 Hours,District 2 (Northeast),,CERRO GORDO,,Co Rd B43/210TH ST & Co Rd S34/LARK AVE,Collision with:  Vehicle in traffic,On Roadway,Broadside (front to side),FTYROW:  From stop sign,None Indicated,,Daylight,Dry,Clear,None apparent,Intersection:  Four-way intersection,Paved,,Property Damage Only,0,0,0,0,0,0,10000,2,3,,POINT (-93.280644857567 43.067096447482)
2014809973,143871PD,06/03/2014,06-June,3-Tuesday,11:32,1100 Hours,District 1 (Central),BOONE,BOONE,US 30,US 30/220TH ST & S LINN ST,Collision with:  Vehicle in traffic,On Roadway,Broadside (front to side),FTYROW:  From stop sign,None Indicated,,Daylight,Dry,Clear,None apparent,Intersection:  Four-way intersection,Paved,,Possible/Unknown,0,2,0,0,2,0,10000,2,2,,POINT (-93.873641775915 42.034617997115)
2014808588,201400026726,06/03/2014,06-June,3-Tuesday,15:01,1500 Hours,District 5 (Southeast),OTTUMWA,WAPELLO,,RICHMOND AVE & N FERRY ST,Collision with:  Vehicle in traffic,On Roadway,"Angle, oncoming left turn",Ran Stop Sign,None Indicated,,Daylight,Dry,Clear,None apparent,Intersection:  Four-way intersection,Paved,,Property Damage Only,0,0,0,0,0,0,6000,2,5,,POINT (-92.432742900552 41.00735065395)
2014801774,20140015547,06/03/2014,06-June,3-Tuesday,19:00,1900 Hours,District 1 (Central),DES MOINES,POLK,US 69,US 69/SE 14TH ST & MAURY ST,Collision with:  Vehicle in traffic,On Roadway,Rear-end (front to rear),Driver Distraction:  Passenger,None Indicated,,Daylight,Wet,Rain,None apparent,Non-intersection:  Non-junction/no special feature,Paved,,Possible/Unknown,0,2,0,0,2,0,12500,4,8,,POINT (-93.596867424874 41.581253693225)
2014801581,20140015503,06/03/2014,06-June,3-Tuesday,13:00,1300 Hours,District 1 (Central),DES MOINES,POLK,,ARMY POST RD & SW 18TH ST,Collision with:  Vehicle in traffic,On Roadway,Rear-end (front to rear),Followed too close,None Indicated,,Daylight,Dry,Clear,None apparent,Non-intersection:  Non-junction/no special feature,Paved,,Property Damage Only,0,0,0,0,0,0,3500,2,2,,POINT (-93.640209854875 41.52654436272)
2014802862,S14-054905,06/03/2014,06-June,3-Tuesday,16:41,1600 Hours,District 2 (Northeast),WATERLOO,BLACK HAWK,US 218,US 218 & FOULK RD,Collision with:  Vehicle in traffic,On Roadway,Rear-end (front to rear),Swerving/Evasive Action,None Indicated,,Daylight,Dry,Clear,None apparent,Intersection:  T-intersection,Paved,,Property Damage Only,0,0,0,0,0,0,8000,2,2,,POINT (-92.278950221296 42.423693719502)
2014802420,GP20140448,06/03/2014,06-June,3-Tuesday,19:06,1900 Hours,District 1 (Central),GRINNELL,POWESHIEK,US 6,US 6/6TH AVE & PARK ST,Collision with:  Vehicle in traffic,On Roadway,"Sideswipe, same direction",FTYROW:  Other (explain in narrative),None Indicated,,Daylight,Wet,Rain,None apparent,Non-intersection:  Non-junction/no special feature,Paved,,Property Damage Only,0,0,0,0,0,0,2000,2,2,,POINT (-92.722512325768 41.746119600018)
2014806547,032-058-14,06/03/2014,06-June,3-Tuesday,11:43,1100 Hours,District 3 (Northwest),ESTHERVILLE,EMMET,,S 13TH ST,Collision with:  Vehicle in traffic,On Roadway,Broadside (front to side),Ran Traffic Signal,None Indicated,,Daylight,Dry,Cloudy,None apparent,Intersection:  Four-way intersection,Paved,,Property Damage Only,0,0,0,0,0,0,5500,2,3,,POINT (-94.827733585405 43.402044200348)
2014803573,2014032963,06/03/2014,06-June,3-Tuesday,18:00,1800 Hours,District 6 (East Central),,LINN,US 151,US 151 & CEDAR WOODS RD,Collision with:  Vehicle in traffic,On Roadway,Rear-end (front to rear),Other (explain in narrative):  Vision obstructed,None Indicated,,Daylight,Dry,Cloudy,None apparent,Intersection:  T-intersection,Paved,,Major Injury,0,1,1,0,0,0,15600,2,2,,POINT (-91.544844187459 41.940050202997)
2014802052,14003683,06/03/2014,06-June,3-Tuesday,01:34,0100 Hours,District 1 (Central),,HAMILTON,US 20,US 20,Collision with:  Animal,,,Animal,None Indicated,,,,,,,Paved,,Property Damage Only,0,0,0,0,0,0,4000,1,1,,POINT (-93.838702496506 42.449127433489)
2014801768,20140015596,06/03/2014,06-June,3-Tuesday,15:40,1500 Hours,District 1 (Central),DES MOINES,POLK,,GRAND AVE & 7TH ST,Collision with:  Vehicle in traffic,On Roadway,"Sideswipe, same direction",Unknown,None Indicated,,Daylight,Unknown,Unknown,Unknown,Intersection:  Other intersection (explain in narrative),Paved,,Possible/Unknown,0,1,0,0,0,1,1500,2,2,,POINT (-93.626474899845 41.587518353475)
2014801945,14-1228,06/03/2014,06-June,3-Tuesday,19:38,1900 Hours,District 1 (Central),URBANDALE,POLK,,MEREDITH DR &  NW URBANDALE DR,Collision with:  Vehicle in traffic,On Roadway,Broadside (front to side),Ran Traffic Signal,None Indicated,,Daylight,Wet,Cloudy,None apparent,Intersection:  Four-way intersection,Paved,,Property Damage Only,0,0,0,0,0,0,7000,2,3,,POINT (-93.765796906908 41.643969420491)
2014802488,2014033107,06/04/2014,06-June,4-Wednesday,15:40,1500 Hours,District 1 (Central),,POLK,I-80,I-80,Collision with:  Vehicle in traffic,On Roadway,"Sideswipe, same direction",Crossed centerline (undivided),None Indicated,,Daylight,Dry,Clear,None apparent,Non-intersection:  Non-junction/no special feature,Paved,,Property Damage Only,0,0,0,0,0,0,5000,2,3,,POINT (-93.549204087913 41.656007962628)
2014802634,2014-36888,06/04/2014,06-June,4-Wednesday,16:11,1600 Hours,District 6 (East Central),DAVENPORT,SCOTT,,IA 461/BRADY ST,Collision with:  Vehicle in traffic,On Roadway,Rear-end (front to rear),Followed too close,None Indicated,,Daylight,Dry,Clear,None apparent,Non-intersection:  Non-junction/no special feature,Paved,,Property Damage Only,0,0,0,0,0,0,5696,3,4,,POINT (-90.574000733901 41.5356323582)
2014801937,20140015617,06/04/2014,06-June,4-Wednesday,13:43,1300 Hours,District 1 (Central),DES MOINES,POLK,IA 28,IA 28/63RD ST & FRANKLIN AVE,Collision with:  Vehicle in traffic,On Roadway,"Angle, oncoming left turn",FTYROW:  From stop sign,None Indicated,,Daylight,Dry,Cloudy,None apparent,Intersection:  Four-way intersection,Paved,,Property Damage Only,0,0,0,0,0,0,1700,2,2,,POINT (-93.703744433161 41.611255722731)
2014808082,2014033032,06/04/2014,06-June,4-Wednesday,10:20,1000 Hours,District 6 (East Central),,BUCHANAN,I-380,I-380,Collision with:  Vehicle in traffic,On Roadway,Rear-end (front to rear),Ran off road - left,None Indicated,,Daylight,Dry,Cloudy,None apparent,Non-intersection:  Non-junction/no special feature,Paved,,Minor Injury,0,1,0,1,0,0,2500,2,2,,POINT (-91.9863100707 42.319153710542)
2014803936,14-17464,06/04/2014,06-June,4-Wednesday,11:00,1100 Hours,District 3 (Northwest),SIOUX CITY,WOODBURY,IA 12,IA 12/GORDON DR,Collision with:  Vehicle in traffic,On Roadway,Rear-end (front to rear),Followed too close,None Indicated,,Daylight,Dry,Clear,Work Zone (roadway-related),Interchange-related:  On-ramp,Paved,Yes,Property Damage Only,0,0,0,0,0,0,4400,2,3,,POINT (-96.404584216315 42.489718037577)
2014801953,14-0635,06/04/2014,06-June,4-Wednesday,16:36,1600 Hours,District 1 (Central),PLEASANT HILL,POLK,IA 163,IA 163/E UNIVERSITY AVE & NE 56TH ST,Collision with:  Vehicle in traffic,On Roadway,Rear-end (front to rear),Unknown,None Indicated,,Daylight,Dry,Clear,None apparent,Intersection:  Four-way intersection,Paved,,Property Damage Only,0,0,0,0,0,0,4000,2,2,,POINT (-93.503229881972 41.598995620266)
2014802246,143032,06/04/2014,06-June,4-Wednesday,12:05,1200 Hours,District 1 (Central),,HARDIN,,Co Rd S33/135TH ST,Non-collision events:  Overturn/rollover,On Roadway,Non-collision (single vehicle),Ran off road - left,None Indicated,,Daylight,Wet,Cloudy,None apparent,Non-intersection:  Non-junction/no special feature,Unpaved,,Possible/Unknown,0,1,0,0,1,0,4000,1,4,,POINT (-93.304323930892 42.510366252812)
2014801973,14C02551,06/04/2014,06-June,4-Wednesday,12:39,1200 Hours,District 4 (Southwest),CRESTON,UNION,,N PINE ST,Collision with:  Vehicle in traffic,On Roadway,Rear-end (front to rear),Unknown,None Indicated,,Daylight,Dry,Cloudy,None apparent,Non-intersection:  Non-junction/no special feature,Paved,,Property Damage Only,0,0,0,0,0,0,4000,2,4,,POINT (-94.361509485428 41.060364024112)
2014803980,,06/04/2014,06-June,4-Wednesday,21:26,2100 Hours,District 6 (East Central),DAVENPORT,SCOTT,,TELEGRAPH RD & N LINCOLN AVE,Collision with fixed object:  Tree,Roadside,Non-collision (single vehicle),Ran off road - straight,None Indicated,,Dark - roadway lighted,Dry,Clear,None apparent,Intersection:  T-intersection,Paved,,Possible/Unknown,0,1,0,0,1,0,3000,1,1,,POINT (-90.613030549292 41.523867566696)
2014802657,14-6548,06/04/2014,06-June,4-Wednesday,22:50,2200 Hours,District 3 (Northwest),,SIOUX,,Co Rd K18/CHESTNUT AVE,Collision with:  Animal,,,Animal,None Indicated,,,,,,,Paved,,Property Damage Only,0,0,0,0,0,0,2500,1,1,,POINT (-96.432353463758 43.140554002021)
2014802028,14008255,06/04/2014,06-June,4-Wednesday,05:17,0500 Hours,District 6 (East Central),WEST BRANCH,JOHNSON,,Co Rd F36/PUTNAM ST & Co Rd F8W/MORSE RD,Collision with:  Animal,,,Animal,None Indicated,,,,,,,Paved,,Property Damage Only,0,0,0,0,0,0,6900,1,1,,POINT (-91.435064800014 41.749567904197)
2014802053,14-009327,06/04/2014,06-June,4-Wednesday,17:32,1700 Hours,District 5 (Southeast),,HENRY,,Co Rd W55/FRANKLIN AVE,Collision with fixed object:  Utility pole/light support,On Roadway,Non-collision (single vehicle),Ran off road - right,None Indicated,,Daylight,Dry,Cloudy,None apparent,Non-intersection:  Non-junction/no special feature,Paved,,Possible/Unknown,0,1,0,0,1,0,11000,1,2,,POINT (-91.639678437192 41.112415842184)
2014801922,14-003188,06/04/2014,06-June,4-Wednesday,23:00,2300 Hours,District 3 (Northwest),,OBRIEN,,Co Rd B40/390TH ST & Co Rd M12/VINE AVE,Collision with:  Animal,On Roadway,Non-collision (single vehicle),Animal,None Indicated,,Dark - roadway not lighted,Dry,Clear,None apparent,Non-intersection:  Non-junction/no special feature,Paved,,Minor Injury,0,1,0,1,0,0,1500,1,1,,POINT (-95.487075953525 43.084439382748)
2014819367,1406-040,06/04/2014,06-June,4-Wednesday,18:00,1800 Hours,District 3 (Northwest),ASHTON,OSCEOLA,,E 3RD ST,Collision with:  Vehicle in traffic,On Roadway,Broadside (front to side),FTYROW:  From driveway,None Indicated,,Daylight,Dry,Clear,None apparent,Non-intersection:  Driveway access (within),Paved,,Property Damage Only,0,0,0,0,0,0,3150,2,2,,POINT (-95.784274221898 43.310201505151)
2014802155,14-002684,06/04/2014,06-June,4-Wednesday,11:42,1100 Hours,District 1 (Central),AMES,STORY,US 69,US 69/GRAND AVE,Collision with:  Vehicle in traffic,On Roadway,Rear-end (front to rear),FTYROW:  Other (explain in narrative),None Indicated,,Daylight,Dry,Cloudy,Work Zone (roadway-related),Non-intersection:  Non-junction/no special feature,Paved,Yes,Possible/Unknown,0,2,0,0,2,0,5800,3,4,,POINT (-93.620439226149 42.041507846897)
2014801780,20140015584,06/04/2014,06-June,4-Wednesday,06:00,0600 Hours,District 1 (Central),DES MOINES,POLK,US 69,US 69/E 14TH ST & GUTHRIE AVE,Collision with:  Vehicle in traffic,On Roadway,Broadside (front to side),Ran Traffic Signal,None Indicated,,Dawn,Dry,Cloudy,None apparent,Intersection:  Four-way intersection,Paved,,Minor Injury,0,1,0,1,0,0,10000,2,2,,POINT (-93.600526933461 41.614975759585)
2014802475,14-17505,06/04/2014,06-June,4-Wednesday,17:49,1700 Hours,District 3 (Northwest),SIOUX CITY,WOODBURY,I-29,I-29,Collision with:  Vehicle in traffic,On Roadway,Rear-end (front to rear),Followed too close,None Indicated,,Daylight,Dry,Clear,None apparent,Non-intersection:  Non-junction/no special feature,Paved,,Property Damage Only,0,0,0,0,0,0,5500,3,4,,POINT (-96.376505597309 42.453135840692)
2014801781,20140015587,06/04/2014,06-June,4-Wednesday,20:00,2000 Hours,District 1 (Central),DES MOINES,POLK,,SE 19TH ST,Collision with:  Parked motor vehicle,On Roadway,"Sideswipe, opposite direction",Lost Control,None Indicated,,Dusk,Wet,Cloudy,None apparent,Non-intersection:  Non-junction/no special feature,Paved,,Possible/Unknown,0,1,0,0,1,0,6000,2,1,,POINT (-93.583591217024 41.561676958824)
2014802372,20140015602,06/04/2014,06-June,4-Wednesday,11:35,1100 Hours,District 1 (Central),DES MOINES,POLK,US 69,US 69/E 14TH ST,Collision with:  Vehicle in traffic,On Roadway,Rear-end (front to rear),Followed too close,None Indicated,,Daylight,Dry,Cloudy,None apparent,Non-intersection:  Non-junction/no special feature,Paved,,Property Damage Only,0,0,0,0,0,0,2000,2,5,,POINT (-93.600521891959 41.613138313463)