Iowa DOT Case Number,Law Enforcement Case Number,Date of Crash,Month of Crash,Day of Week,Time of Crash,Hour,DOT District,City Name,County Name,Route with System,Location Description,First Harmful Event,Location of First Harmful Event,Manner of Crash/Collision,Major Cause,Drug or Alcohol ,Environmental Conditions,Light Conditions,Surface Conditions,Weather Conditions,Roadway Contribution,Roadway Type,Roadway Surface,Work Zone,Crash Severity,Number of Fatalities,Number of Injuries,Number of Major Injuries,Number of Minor Injuries,Number of Possible Injuries,Number of Unknown Injuries,Amount of Property Damage,Number of Vehicles Involved,Total Number of Occupants,Travel Direction,Location
2014802129,14-2642,06/05/2014,06-June,5-Thursday,20:45,2000 Hours,District 4 (Southwest),WEST DES MOINES,DALLAS,,BOONEVILLE RD,Non-collision events:  Overturn/rollover,On Roadway,Non-collision (single vehicle),Swerving/Evasive Action,None Indicated,,Dusk,"Mud, dirt",Cloudy,None apparent,Non-intersection:  Non-junction/no special feature,Unpaved,,Possible/Unknown,0,1,0,0,1,0,2000,1,3,,POINT (-93.801673041303 41.543816931857)
2014803577,2014033232,06/05/2014,06-June,5-Thursday,10:30,1000 Hours,District 2 (Northeast),,FAYETTE,IA 3,IA 3/60TH ST/PALACE RD & IA 150,Collision with:  Vehicle in traffic,On Roadway,Rear-end (front to rear),Other (explain in narrative):  Other,None Indicated,,Daylight,Dry,Cloudy,None apparent,Intersection:  T-intersection,Paved,,Property Damage Only,0,0,0,0,0,0,4000,2,2,,POINT (-91.913264886388 42.714798948872)
2014802068,14082221,06/05/2014,06-June,5-Thursday,16:23,1600 Hours,District 6 (East Central),TIFFIN,JOHNSON,I-80,I-80,Collision with:  Vehicle in traffic,On Roadway,Rear-end (front to rear),Followed too close,None Indicated,,Daylight,Dry,Clear,None apparent,Non-intersection:  Non-junction/no special feature,Paved,,Minor Injury,0,1,0,1,0,0,4000,2,3,,POINT (-91.638161436316 41.693547809849)
2014804325,2014033367,06/05/2014,06-June,5-Thursday,20:50,2000 Hours,District 5 (Southeast),,WAPELLO,US 34,US 34,Collision with:  Animal,,,Animal,None Indicated,,,,,,,Paved,,Property Damage Only,0,0,0,0,0,0,8000,1,1,,POINT (-92.185717800845 40.996817122498)
2014802601,S14-001990,06/05/2014,06-June,5-Thursday,07:57,0700 Hours,District 4 (Southwest),TREYNOR,POTTAWATTAMIE,IA 92,IA 92/E MAIN ST,Collision with:  Vehicle in traffic,On Roadway,Broadside (front to side),FTYROW:  From driveway,None Indicated,,Daylight,Dry,Clear,None apparent,Non-intersection:  Driveway access (within),Paved,,Property Damage Only,0,0,0,0,0,0,3000,2,2,,POINT (-95.611274266812 41.232413918543)
2014803229,2014033173,06/05/2014,06-June,5-Thursday,05:09,0500 Hours,District 1 (Central),,JASPER,IA 163,IA 163/IOWA 163 W,Collision with:  Animal,,,Animal,None Indicated,,,,,,,Paved,,Property Damage Only,0,0,0,0,0,0,3500,1,1,,POINT (-93.325621802523 41.601113037288)
2014805217,,06/05/2014,06-June,5-Thursday,14:36,1400 Hours,District 5 (Southeast),,MAHASKA,IA 146,IA 146/IOWA 146,Collision with fixed object:  Bridge overhead structure,On Roadway,Non-collision (single vehicle),Crossed centerline (undivided),None Indicated,,Daylight,Dry,Clear,None apparent,Non-intersection:  Other non-intersection (explain in narrative),Paved,,Property Damage Only,0,0,0,0,0,0,3473,1,1,,POINT (-92.651633877494 41.505865703373)
2014801881,14-14064,06/05/2014,06-June,5-Thursday,00:33,0000 Hours,District 1 (Central),,JASPER,,E 56TH ST S & S 96TH AVE E & ROBIN AVE,Collision with fixed object:  Ditch,On Roadway,Non-collision (single vehicle),Driving too fast for conditions,Refused,,Dark - roadway not lighted,"Mud, dirt",Clear,None apparent,Intersection:  Four-way intersection,Unpaved,,Major Injury,0,3,2,0,1,0,5000,1,3,,POINT (-92.986543167093 41.566201617686)
2014802697,2014033221,06/05/2014,06-June,5-Thursday,09:21,0900 Hours,District 6 (East Central),CORALVILLE,JOHNSON,I-80,I-80,Collision with:  Vehicle in traffic,On Roadway,"Sideswipe, same direction",Swerving/Evasive Action,None Indicated,,Daylight,Dry,Cloudy,None apparent,Non-intersection:  Non-junction/no special feature,Paved,,Major Injury,0,1,1,0,0,0,35000,2,2,,POINT (-91.613539487249 41.694081986363)
2014810134,2014005504,06/05/2014,06-June,5-Thursday,17:05,1700 Hours,District 1 (Central),MARSHALLTOWN,MARSHALL,IA 14,IA 14/S CENTER ST,Collision with:  Vehicle in traffic,On Roadway,Broadside (front to side),FTYROW:  From stop sign,None Indicated,,Daylight,Dry,Cloudy,None apparent,Intersection:  T-intersection,Paved,,Possible/Unknown,0,1,0,0,1,0,7000,2,2,,POINT (-92.91236916386 42.012123516593)
2014802116,20140015732,06/05/2014,06-June,5-Thursday,15:43,1500 Hours,District 1 (Central),DES MOINES,POLK,,MLK JR PKWY,Collision with:  Vehicle in traffic,On Roadway,Rear-end (front to rear),Followed too close,None Indicated,,Daylight,Dry,Cloudy,None apparent,Non-intersection:  Other non-intersection (explain in narrative),Paved,,Minor Injury,0,2,0,1,1,0,4000,4,4,,POINT (-93.644789767646 41.582165870303)
2014802135,14-022981,06/05/2014,06-June,5-Thursday,15:03,1500 Hours,District 4 (Southwest),COUNCIL BLUFFS,POTTAWATTAMIE,IA 192,IA 192/S 7TH ST & 6TH AVE,Collision with:  Non-motorist (see non-motorist section - NOT a unit),On Roadway,Non-collision (single vehicle),Other (explain in narrative):  No improper action,None Indicated,,Daylight,Dry,Clear,None apparent,Non-intersection:  Non-junction/no special feature,Paved,,Minor Injury,0,1,0,1,0,0,500,1,1,,POINT (-95.854722472888 41.256073407884)
2014802136,14-022999,06/05/2014,06-June,5-Thursday,16:55,1600 Hours,District 4 (Southwest),COUNCIL BLUFFS,POTTAWATTAMIE,I-80,I-80,Collision with:  Vehicle in traffic,On Roadway,Rear-end (front to rear),Other (explain in narrative):  Other,None Indicated,,Daylight,Dry,Clear,None apparent,Non-intersection:  Non-junction/no special feature,Paved,,Minor Injury,0,1,0,1,0,0,3000,2,2,,POINT (-95.825104753709 41.239566284812)
2014804112,2014-37160,06/05/2014,06-June,5-Thursday,12:45,1200 Hours,District 6 (East Central),DAVENPORT,SCOTT,,W CENTRAL PARK AVE,Collision with:  Vehicle in traffic,On Roadway,Broadside (front to side),FTYROW:  Other (explain in narrative),None Indicated,,Daylight,Dry,Cloudy,None apparent,Intersection:  Other intersection (explain in narrative),Paved,,Property Damage Only,0,0,0,0,0,0,2000,2,4,,POINT (-90.588413144442 41.545509493716)
2014802524,14-55399,06/05/2014,06-June,5-Thursday,00:49,0000 Hours,District 2 (Northeast),,BLACK HAWK,I-380,I-380,Collision with:  Animal,,,Animal,None Indicated,,,,,,,Paved,,Property Damage Only,0,0,0,0,0,0,6000,1,1,,POINT (-92.072547704686 42.356907442859)
2014801868,1406052711,06/05/2014,06-June,5-Thursday,09:00,0900 Hours,District 6 (East Central),,CLINTON,IA 136,IA 136/IOWA 136,Collision with fixed object:  Ditch,On Roadway,Non-collision (single vehicle),Ran off road - right,None Indicated,,Daylight,Dry,Clear,None apparent,Non-intersection:  Non-junction/no special feature,Paved,,Possible/Unknown,0,1,0,0,1,0,1500,1,1,,POINT (-90.399367152136 41.96208397176)
2014802055,14-14118,06/05/2014,06-June,5-Thursday,14:52,1400 Hours,District 1 (Central),,JASPER,I-80,I-80,Collision with fixed object:  Guardrail - face,On Roadway,Non-collision (single vehicle),Ran off road - left,None Indicated,,Daylight,Dry,Cloudy,None apparent,Non-intersection:  Non-junction/no special feature,Paved,,Possible/Unknown,0,2,0,0,2,0,6966,1,2,,POINT (-92.962897953853 41.681038981069)
2014802134,14-022976,06/05/2014,06-June,5-Thursday,13:50,1300 Hours,District 4 (Southwest),COUNCIL BLUFFS,POTTAWATTAMIE,IA 192,IA 192/S 7TH ST & W BROADWAY,Collision with:  Vehicle in traffic,On Roadway,Rear-end (front to rear),Other (explain in narrative):  Other,None Indicated,,Daylight,Dry,Cloudy,None apparent,Non-intersection:  Non-junction/no special feature,Paved,,Possible/Unknown,0,1,0,0,1,0,700,2,4,,POINT (-95.853716567034 41.261475162606)
2014802259,C14001742,06/05/2014,06-June,5-Thursday,18:26,1800 Hours,District 6 (East Central),CORALVILLE,JOHNSON,US 6,US 6/2ND ST & CAMP CARDINAL BLVD & 22ND AVE,Collision with:  Non-motorist (see non-motorist section - NOT a unit),On Roadway,Non-collision (single vehicle),Ran Traffic Signal,None Indicated,,Daylight,Dry,Clear,None apparent,Intersection:  Four-way intersection,Paved,,Minor Injury,0,1,0,1,0,0,500,1,2,,POINT (-91.595795483899 41.681698268838)
2014802809,H14-0037,06/05/2014,06-June,5-Thursday,08:30,0800 Hours,District 1 (Central),HUXLEY,STORY,I-35,I-35,Collision with:  Vehicle in traffic,On Roadway,"Sideswipe, same direction",Crossed centerline (undivided),None Indicated,,Daylight,Dry,Cloudy,None apparent,Non-intersection:  Non-junction/no special feature,Paved,,Property Damage Only,0,0,0,0,0,0,3000,2,2,,POINT (-93.571167190422 41.879409181451)
2014802258,C14001739,06/05/2014,06-June,5-Thursday,17:18,1700 Hours,District 6 (East Central),CORALVILLE,JOHNSON,,CORAL RIDGE AVE & OAKDALE BLVD,Collision with:  Vehicle in traffic,On Roadway,Rear-end (front to rear),Followed too close,None Indicated,,Daylight,Dry,Clear,None apparent,Non-intersection:  Non-junction/no special feature,Paved,,Possible/Unknown,0,2,0,0,2,0,29500,3,6,,POINT (-91.608134548875 41.708445579055)
2014803231,2014033382,06/05/2014,06-June,5-Thursday,21:20,2100 Hours,District 1 (Central),,JASPER,I-80,I-80,Collision with:  Animal,,,Animal,None Indicated,,,,,,,Paved,,Property Damage Only,0,0,0,0,0,0,5000,1,1,,POINT (-92.772242724353 41.695428898916)
2014806735,,06/05/2014,06-June,5-Thursday,10:00,1000 Hours,District 2 (Northeast),ALGONA,KOSSUTH,,E POPLAR ST,Collision with:  Parked motor vehicle,Roadside,"Sideswipe, opposite direction",FTYROW:  From driveway,None Indicated,,Daylight,Dry,Cloudy,None apparent,Non-intersection:  Driveway access (within),Paved,,Property Damage Only,0,0,0,0,0,0,1900,2,3,,POINT (-94.208780400172 43.07830055628)
2014801872,143888,06/05/2014,06-June,5-Thursday,05:16,0500 Hours,District 4 (Southwest),,DALLAS,IA 141,IA 141/141ST ST,Collision with:  Other non-fixed object (explain in narrative),,,Other (explain in narrative):  No improper action,None Indicated,,,,,,,Paved,,Property Damage Only,0,0,0,0,0,0,2000,1,1,,POINT (-93.989427843571 41.834893003741)
2014802187,14-055641,06/05/2014,06-June,5-Thursday,18:25,1800 Hours,District 2 (Northeast),HUDSON,BLACK HAWK,US 63,US 63 & WOODS ST,Collision with:  Vehicle in traffic,On Roadway,Broadside (front to side),Ran Stop Sign,None Indicated,,Daylight,Dry,Cloudy,None apparent,Intersection:  Four-way intersection,Paved,,Property Damage Only,0,0,0,0,0,0,6500,2,4,,POINT (-92.451858055206 42.399254073776)
2014802012,W14-055567,06/05/2014,06-June,5-Thursday,14:53,1400 Hours,District 2 (Northeast),WATERLOO,BLACK HAWK,,CALHOUN ST & MILWAUKEE AVE,Collision with:  Vehicle in traffic,On Roadway,Broadside (front to side),FTYROW:  From yield sign,None Indicated,,Daylight,Dry,Clear,None apparent,Intersection:  Four-way intersection,Paved,,Property Damage Only,0,0,0,0,0,0,2000,2,2,,POINT (-92.289160865716 42.489293321055)
2014802138,14-023023,06/05/2014,06-June,5-Thursday,19:23,1900 Hours,District 4 (Southwest),COUNCIL BLUFFS,POTTAWATTAMIE,,S 21ST ST,Collision with:  Vehicle in traffic,On Roadway,Broadside (front to side),Other (explain in narrative):  Other,None Indicated,,Daylight,Unknown,Unknown,Unknown,Unknown,Paved,,Property Damage Only,0,0,0,0,0,0,1500,2,777,,POINT (-95.875257961923 41.254346139261)
2014801943,20140015712,06/05/2014,06-June,5-Thursday,12:50,1200 Hours,District 1 (Central),DES MOINES,POLK,IA 28,IA 28/63RD ST,Collision with:  Vehicle in traffic,On Roadway,Broadside (front to side),Ran Traffic Signal,None Indicated,,Daylight,Dry,Cloudy,None apparent,Intersection:  Four-way intersection,Paved,,Minor Injury,0,2,0,2,0,0,11000,3,3,,POINT (-93.703227892013 41.569204124975)
2014802715,,06/05/2014,06-June,5-Thursday,17:03,1700 Hours,District 5 (Southeast),CHARITON,LUCAS,US 34,US 34 & S 16TH ST,,On Roadway,"Sideswipe, opposite direction",Crossed centerline (undivided),None Indicated,,Daylight,Dry,Clear,None apparent,Intersection:  Four-way intersection,Paved,,Minor Injury,0,2,0,1,1,0,8000,2,2,,POINT (-93.318903346149 41.008089104313)
2014802015,14-10094,06/05/2014,06-June,5-Thursday,18:40,1800 Hours,District 2 (Northeast),,BREMER,US 63,US 63,Collision with:  Animal,,,Animal,None Indicated,,,,,,,Paved,,Property Damage Only,0,0,0,0,0,0,2500,1,1,,POINT (-92.337284664359 42.823823882572)
2014802179,W14-055564,06/05/2014,06-June,5-Thursday,14:33,1400 Hours,District 2 (Northeast),WATERLOO,BLACK HAWK,,W AIRLINE HWY,Collision with:  Vehicle in traffic,On Roadway,Rear-end (front to rear),Followed too close,None Indicated,,Daylight,Dry,Cloudy,Work Zone (roadway-related),Non-intersection:  Non-junction/no special feature,Paved,Yes,Property Damage Only,0,0,0,0,0,0,4000,2,3,,POINT (-92.353961185261 42.542081690889)
2014802108,14-007335,06/05/2014,06-June,5-Thursday,05:51,0500 Hours,District 4 (Southwest),,MILLS,I-29,I-29,Collision with:  Animal,,,Animal,None Indicated,,,,,,,Paved,,Property Damage Only,0,0,0,0,0,0,4500,1,1,,POINT (-95.830229655004 41.088311304636)
2014802316,14-2783,06/05/2014,06-June,5-Thursday,08:09,0800 Hours,District 6 (East Central),HIAWATHA,LINN,,CENTER POINT RD,Collision with:  Vehicle in traffic,On Roadway,Broadside (front to side),Made improper turn,None Indicated,,Daylight,Dry,Clear,None apparent,Non-intersection:  Non-junction/no special feature,Paved,,Property Damage Only,0,0,0,0,0,0,4000,2,2,,POINT (-91.682135451492 42.046453092551)
2014803221,14-17630,06/05/2014,06-June,5-Thursday,18:22,1800 Hours,District 3 (Northwest),SIOUX CITY,WOODBURY,,TRANSIT AVE & S HELEN ST,Collision with:  Vehicle in traffic,On Roadway,"Angle, oncoming left turn",Unknown,None Indicated,,Daylight,Dry,Clear,None apparent,Intersection:  Four-way intersection,Paved,,Property Damage Only,0,0,0,0,0,0,4000,2,4,,POINT (-96.370360053252 42.471614145626)
2014802292,2014006152,06/05/2014,06-June,5-Thursday,09:29,0900 Hours,District 6 (East Central),IOWA CITY,JOHNSON,IA 1,IA 1/GOVERNOR ST & E DAVENPORT ST,Collision with:  Vehicle in traffic,On Roadway,Broadside (front to side),Ran Stop Sign,None Indicated,,Daylight,Dry,Clear,None apparent,Intersection:  Other intersection (explain in narrative),Paved,,Property Damage Only,0,0,0,0,0,0,11500,3,3,,POINT (-91.522787772338 41.665723488372)
2014802491,14-008209,06/05/2014,06-June,5-Thursday,13:15,1300 Hours,District 6 (East Central),TIPTON,CEDAR,,5TH ST & LEMON ST,Collision with:  Vehicle in traffic,On Roadway,Head-on (front to front),FTYROW:  Making left turn,None Indicated,,Daylight,Dry,Clear,None apparent,Intersection:  Four-way intersection,Paved,,Possible/Unknown,0,2,0,0,2,0,16000,2,2,,POINT (-91.136803874111 41.770002220382)
2014803104,,06/05/2014,06-June,5-Thursday,23:40,2300 Hours,District 6 (East Central),WEST BRANCH,JOHNSON,I-80,I-80,Collision with:  Animal,On Roadway,Non-collision (single vehicle),Animal,None Indicated,,Dark - roadway not lighted,Dry,Clear,,Non-intersection:  Non-junction/no special feature,Paved,,Property Damage Only,0,0,0,0,0,0,7000,1,3,,POINT (-91.434911482748 41.668189971827)
2014802638,2014-37225,06/05/2014,06-June,5-Thursday,18:41,1800 Hours,District 6 (East Central),DAVENPORT,SCOTT,US 6,US 6/W KIMBERLY RD,Collision with:  Animal,,,Animal,None Indicated,,,,,,,Paved,,Property Damage Only,0,0,0,0,0,0,2500,1,1,,POINT (-90.675649316974 41.591447478805)
2014802027,14008212,06/05/2014,06-June,5-Thursday,14:57,1400 Hours,District 6 (East Central),,CEDAR,,GREEN RD,Collision with:  Vehicle in traffic,On Roadway,"Angle, oncoming left turn",FTYROW:  Making left turn,None Indicated,,Daylight,Dry,Clear,None apparent,Non-intersection:  Driveway access (within),Unpaved,,Property Damage Only,0,0,0,0,0,0,3500,2,6,,POINT (-91.227604914661 41.757163956702)
2014808732,,06/05/2014,06-June,5-Thursday,16:47,1600 Hours,District 2 (Northeast),CLEAR LAKE,CERRO GORDO,US 18,US 18 & N 8TH ST,Collision with:  Non-motorist (see non-motorist section - NOT a unit),On Roadway,Non-collision (single vehicle),Other (explain in narrative):  No improper action,None Indicated,,Daylight,Dry,Clear,None apparent,Intersection:  Four-way intersection,Paved,,Minor Injury,0,1,0,1,0,0,500,1,2,,POINT (-93.378808119877 43.143679539052)
2014802714,,06/05/2014,06-June,5-Thursday,11:36,1100 Hours,District 4 (Southwest),WOODBINE,HARRISON,,3RD ST & ELY ST,Collision with:  Vehicle in traffic,On Roadway,Broadside (front to side),FTYROW:  At uncontrolled intersection,None Indicated,,Daylight,Dry,Cloudy,None apparent,Intersection:  Four-way intersection,Paved,,Property Damage Only,0,0,0,0,0,0,2700,2,2,,POINT (-95.704802255718 41.734980940744)
2014810487,,06/05/2014,06-June,5-Thursday,03:23,0300 Hours,District 5 (Southeast),,MUSCATINE,IA 38,IA 38/IOWA 38,Collision with fixed object:  Mailbox,On Roadway,Non-collision (single vehicle),Crossed centerline (undivided),None Indicated,,Dark - roadway not lighted,Dry,Clear,None apparent,Non-intersection:  Non-junction/no special feature,Paved,,Property Damage Only,0,0,0,0,0,0,2100,2,2,,POINT (-91.039402638014 41.500731220223)
2014803546,2014033198,06/05/2014,06-June,5-Thursday,08:30,0800 Hours,District 6 (East Central),CORALVILLE,JOHNSON,I-80,I-80 & JASPER AVE,Collision with:  Vehicle in traffic,On Roadway,Rear-end (front to rear),Swerving/Evasive Action,None Indicated,,Daylight,Dry,Clear,None apparent,Non-intersection:  Other non-intersection (explain in narrative),Paved,,Minor Injury,0,2,0,1,1,0,35000,4,6,,POINT (-91.646834438462 41.694271746639)
2014802425,14-10459,06/05/2014,06-June,5-Thursday,13:02,1300 Hours,District 6 (East Central),BETTENDORF,SCOTT,,UTICA RIDGE RD,Collision with:  Vehicle in traffic,On Roadway,Rear-end (front to rear),Driver Distraction:  Passenger,None Indicated,,Daylight,Dry,Clear,Work Zone (roadway-related),Non-intersection:  Non-junction/no special feature,Paved,Yes,Possible/Unknown,0,3,0,0,3,0,1200,2,4,,POINT (-90.517597512976 41.555214590264)
2014809452,2014033298,06/05/2014,06-June,5-Thursday,14:25,1400 Hours,District 6 (East Central),CORALVILLE,JOHNSON,I-80,I-80 & US 218,Collision with:  Vehicle in traffic,On Roadway,Rear-end (front to rear),Followed too close,None Indicated,,Daylight,Dry,Clear,None apparent,Interchange-related:  On-ramp merge area,Paved,,Property Damage Only,0,0,0,0,0,0,4500,2,4,,POINT (-91.637338335758 41.692691407651)
2014807889,CP14-0508,06/05/2014,06-June,5-Thursday,08:56,0800 Hours,District 2 (Northeast),CLARION,WRIGHT,IA 3,IA 3/CENTRAL AVE & 2ND ST SW & 2ND ST NW,Collision with:  Vehicle in traffic,On Roadway,"Angle, oncoming left turn",FTYROW:  Making left turn,None Indicated,,Daylight,Dry,Clear,None apparent,Non-intersection:  Driveway access (within),Paved,,Property Damage Only,0,0,0,0,0,0,3500,2,2,,POINT (-93.735441940308 42.731651028295)
2014803578,2014033324,06/05/2014,06-June,5-Thursday,16:12,1600 Hours,District 1 (Central),,POWESHIEK,I-80,I-80,Non-collision events:  Other non-collision (explain in narrative),On Roadway,Non-collision (single vehicle),Ran off road - right,None Indicated,,Daylight,Dry,Cloudy,None apparent,Non-intersection:  Non-junction/no special feature,Paved,,Minor Injury,0,3,0,2,1,0,5000,1,3,,POINT (-92.627620901097 41.695843919405)
2014802133,14-022963,06/05/2014,06-June,5-Thursday,11:35,1100 Hours,District 4 (Southwest),COUNCIL BLUFFS,POTTAWATTAMIE,I-29,I-29 & IA 192/S EXPRESSWAY & 30TH AVE,Collision with:  Vehicle in traffic,On Roadway,"Sideswipe, same direction",Improper or erratic lane changing,None Indicated,,Daylight,Dry,Cloudy,None apparent,Intersection:  Four-way intersection,Paved,,Property Damage Only,0,0,0,0,0,0,2900,2,3,,POINT (-95.851337557948 41.230669294291)
2014803596,B14-1075,06/05/2014,06-June,5-Thursday,17:51,1700 Hours,District 3 (Northwest),SERGEANT BLUFF,WOODBURY,,1ST ST & F ST,Non-collision events:  Other non-collision (explain in narrative),On Roadway,Rear-end (front to rear),Followed too close,None Indicated,,Daylight,Dry,Cloudy,None apparent,Non-intersection:  Non-junction/no special feature,Paved,,Property Damage Only,0,0,0,0,0,0,7500,2,2,,POINT (-96.35763598418 42.40039260513)
2014803219,14 18225,06/05/2014,06-June,5-Thursday,14:00,1400 Hours,District 3 (Northwest),SIOUX CITY,WOODBURY,,CUNNINGHAM DR,Collision with:  Vehicle in traffic,On Roadway,Head-on (front to front),Made improper turn,None Indicated,,Daylight,Dry,Clear,None apparent,Non-intersection:  Other non-intersection (explain in narrative),Paved,,Property Damage Only,0,0,0,0,0,0,3000,2,2,,POINT (-96.381174430896 42.477508387419)
2014803470,14-1252,06/06/2014,06-June,6-Friday,21:30,2100 Hours,District 4 (Southwest),URBANDALE,DALLAS,,BRIARWOOD LN,Collision with:  Parked motor vehicle,On Roadway,Broadside (front to side),Improper Backing,None Indicated,,Dark - roadway lighted,Dry,Clear,None apparent,Non-intersection:  Non-junction/no special feature,Paved,,Property Damage Only,0,0,0,0,0,0,1500,2,1,,POINT (-93.817607723966 41.619014061551)
2014802563,2014006181,06/06/2014,06-June,6-Friday,06:49,0600 Hours,District 6 (East Central),IOWA CITY,JOHNSON,,FRIENDSHIP ST & S 7TH AVE,Collision with:  Non-motorist (see non-motorist section - NOT a unit),On Roadway,Non-collision (single vehicle),Other (explain in narrative):  No improper action,None Indicated,,Daylight,Dry,Clear,None apparent,Non-intersection:  Non-junction/no special feature,Paved,,Possible/Unknown,0,1,0,0,1,0,2000,1,1,,POINT (-91.511547035419 41.655202556857)
2014803073,14-17769,06/06/2014,06-June,6-Friday,11:16,1100 Hours,District 3 (Northwest),SIOUX CITY,WOODBURY,IA 376,IA 376/LEWIS BLVD & 6TH ST & FAIRMOUNT ST,Collision with:  Vehicle in traffic,On Roadway,Rear-end (front to rear),Improper Backing,None Indicated,,Daylight,Dry,Clear,None apparent,Intersection:  Four-way intersection,Paved,,Property Damage Only,0,0,0,0,0,0,1520,2,2,,POINT (-96.378414283703 42.496499345835)
2014802401,14-0474,06/06/2014,06-June,6-Friday,13:15,1300 Hours,District 1 (Central),WINDSOR HEIGHTS,POLK,IA 28,IA 28/63RD ST & FRANKLIN AVE,Collision with:  Vehicle in traffic,On Roadway,Broadside (front to side),FTYROW:  Making left turn,None Indicated,,Daylight,Dry,Clear,None apparent,Intersection:  Four-way intersection,Paved,,Property Damage Only,0,0,0,0,0,0,10000,2,2,,POINT (-93.703744433161 41.611255722731)
2014803070,14-17741,06/06/2014,06-June,6-Friday,14:48,1400 Hours,District 3 (Northwest),SIOUX CITY,WOODBURY,,24TH ST & FLOYD BLVD,Collision with:  Vehicle in traffic,On Roadway,Rear-end (front to rear),Followed too close,None Indicated,,Daylight,Dry,Clear,None apparent,Intersection:  Y-intersection,Paved,,Possible/Unknown,0,1,0,0,1,0,4000,2,2,,POINT (-96.386663217883 42.514723805459)
2014802699,2014033678,06/06/2014,06-June,6-Friday,19:10,1900 Hours,District 1 (Central),,JASPER,I-80,I-80,Collision with:  Animal,,,Animal,None Indicated,,,,,,,Paved,,Property Damage Only,0,0,0,0,0,0,3000,1,1,,POINT (-93.006103741701 41.682801205828)
2014803077,14-17874,06/06/2014,06-June,6-Friday,22:00,2200 Hours,District 3 (Northwest),SIOUX CITY,WOODBURY,,GLENN AVE & S HELEN ST,Collision with fixed object:  Utility pole/light support,Shoulder,Non-collision (single vehicle),Lost Control,None Indicated,,Dark - roadway lighted,Dry,Cloudy,None apparent,Non-intersection:  Non-junction/no special feature,Paved,,Property Damage Only,0,0,0,0,0,0,2000,1,1,,POINT (-96.370581118089 42.465313465769)
2014803126,14-8264,06/06/2014,06-June,6-Friday,05:45,0500 Hours,District 6 (East Central),MAQUOKETA,JACKSON,,174 AVE,Non-collision events:  Overturn/rollover,Outside trafficway,Non-collision (single vehicle),Driving too fast for conditions,None Indicated,,Daylight,"Mud, dirt",Clear,None apparent,Non-intersection:  Non-junction/no special feature,Unpaved,,Property Damage Only,0,0,0,0,0,0,10000,1,1,,POINT (-90.694285326447 42.048541815424)
2014802193,060614-47,06/06/2014,06-June,6-Friday,07:43,0700 Hours,District 3 (Northwest),,BUENA VISTA,,Co Rd C43/190TH AVE,Collision with fixed object:  Ditch,Shoulder,Non-collision (single vehicle),Made improper turn,None Indicated,,Daylight,Dry,"Fog, smoke, smog",None apparent,Non-intersection:  Driveway access (within),Paved,,Possible/Unknown,0,1,0,0,1,0,15000,1,1,,POINT (-95.033364470342 42.716859947237)
2014802831,2014033619,06/06/2014,06-June,6-Friday,14:45,1400 Hours,District 6 (East Central),CEDAR RAPIDS,LINN,I-380,I-380 & BLAIRS FERRY RD,Collision with:  Vehicle in traffic,On Roadway,Rear-end (front to rear),FTYROW:  From yield sign,None Indicated,,Daylight,Dry,Cloudy,None apparent,Intersection:  Intersection with ramp,Paved,,Property Damage Only,0,0,0,0,0,0,3700,2,2,,POINT (-91.675962201887 42.034754832267)
2014802331,14-3769,06/06/2014,06-June,6-Friday,22:37,2200 Hours,District 1 (Central),,POLK,IA 316,IA 316/IOWA 316,Non-collision events:  Other non-collision (explain in narrative),On Roadway,Non-collision (single vehicle),Equipment failure,None Indicated,,Dark - roadway not lighted,Dry,Clear,None apparent,Non-intersection:  Non-junction/no special feature,Paved,,Property Damage Only,0,0,0,0,0,0,3000,1,1,,POINT (-93.339884981089 41.501747661789)
2014802314,14-2812,06/06/2014,06-June,6-Friday,21:53,2100 Hours,District 6 (East Central),HIAWATHA,LINN,,KAINZ DR & BOYSON RD,Collision with fixed object:  Traffic sign support,Roadside,Non-collision (single vehicle),Ran off road - right,None Indicated,,Dark - roadway lighted,Dry,Clear,None apparent,Non-intersection:  Non-junction/no special feature,Paved,,Possible/Unknown,0,1,0,0,1,0,6800,1,1,,POINT (-91.681265244762 42.047631932515)
2014803666,14-007404,06/06/2014,06-June,6-Friday,10:03,1000 Hours,District 4 (Southwest),GLENWOOD,MILLS,,SHARP ST,Collision with:  Vehicle in traffic,On Roadway,Rear-end (front to rear),Followed too close,None Indicated,,Daylight,Dry,Cloudy,None apparent,Non-intersection:  Non-junction/no special feature,Paved,,Property Damage Only,0,0,0,0,0,0,3000,2,3,,POINT (-95.743162345915 41.046276810449)
2014802123,20140015791,06/06/2014,06-June,6-Friday,02:50,0200 Hours,District 1 (Central),DES MOINES,POLK,,BOYD ST,Collision with:  Parked motor vehicle,On Roadway,Head-on (front to front),Swerving/Evasive Action,None Indicated,,Dark - roadway lighted,Dry,Clear,None apparent,Non-intersection:  Non-junction/no special feature,Paved,,Property Damage Only,0,0,0,0,0,0,6000,2,1,,POINT (-93.565427483202 41.621395756215)
2014802426,14-10562,06/06/2014,06-June,6-Friday,15:14,1500 Hours,District 6 (East Central),BETTENDORF,SCOTT,US 67,US 67/STATE ST/GRANT ST & 26TH ST,Non-collision events:  Overturn/rollover,On Roadway,Non-collision (single vehicle),Other (explain in narrative):  No improper action,None Indicated,,Daylight,"Mud, dirt",Clear,"Surface condition (e.g., wet, icy)",Non-intersection:  Non-junction/no special feature,Paved,,Minor Injury,0,1,0,1,0,0,500,1,1,,POINT (-90.496802055878 41.52581711565)