Iowa DOT Case Number,Law Enforcement Case Number,Date of Crash,Month of Crash,Day of Week,Time of Crash,Hour,DOT District,City Name,County Name,Route with System,Location Description,First Harmful Event,Location of First Harmful Event,Manner of Crash/Collision,Major Cause,Drug or Alcohol ,Environmental Conditions,Light Conditions,Surface Conditions,Weather Conditions,Roadway Contribution,Roadway Type,Roadway Surface,Work Zone,Crash Severity,Number of Fatalities,Number of Injuries,Number of Major Injuries,Number of Minor Injuries,Number of Possible Injuries,Number of Unknown Injuries,Amount of Property Damage,Number of Vehicles Involved,Total Number of Occupants,Travel Direction,Location
2014803581,2014033621,06/06/2014,06-June,6-Friday,14:45,1400 Hours,District 6 (East Central),CEDAR RAPIDS,LINN,,42ND ST NE & OLD MARION RD NE,Collision with:  Vehicle in traffic,On Roadway,"Angle, oncoming left turn",FTYROW:  From stop sign,None Indicated,,Daylight,Dry,Clear,Other (explain in narrative),Intersection:  Y-intersection,Paved,,Property Damage Only,0,0,0,0,0,0,2500,2,2,,POINT (-91.650941807995 42.021079983012)
2014808738,,06/06/2014,06-June,6-Friday,12:54,1200 Hours,District 2 (Northeast),CLEAR LAKE,CERRO GORDO,,S 24TH ST & 4TH AVE S,Collision with:  Vehicle in traffic,On Roadway,Head-on (front to front),FTYROW:  Making left turn,None Indicated,,Daylight,Dry,Clear,None apparent,Intersection:  Four-way intersection,Paved,,Major Injury,0,4,1,1,2,0,20000,2,6,,POINT (-93.359541442521 43.1337463079)
2014802096,14011628,06/06/2014,06-June,6-Friday,10:42,1000 Hours,District 6 (East Central),MARION,LINN,,W 9TH AVE,Collision with:  Vehicle in traffic,On Roadway,Broadside (front to side),FTYROW:  From driveway,None Indicated,,Daylight,Dry,Cloudy,None apparent,Non-intersection:  Driveway access (within),Paved,,Property Damage Only,0,0,0,0,0,0,4000,2,3,,POINT (-91.617741800017 42.035419300081)
2014802377,20140015892,06/06/2014,06-June,6-Friday,22:25,2200 Hours,District 1 (Central),DES MOINES,POLK,,MCKINLEY AVE & FLEUR DR,Collision with:  Non-motorist (see non-motorist section - NOT a unit),On Roadway,Non-collision (single vehicle),FTYROW:  Making left turn,None Indicated,,Dark - roadway lighted,Dry,Clear,None apparent,Intersection:  Four-way intersection,Paved,,Minor Injury,0,1,0,1,0,0,800,1,1,,POINT (-93.645064044952 41.541001025249)
2014802110,1406061-A,06/06/2014,06-June,6-Friday,12:42,1200 Hours,District 4 (Southwest),RED OAK,MONTGOMERY,,REED ST,Collision with:  Vehicle in traffic,On Roadway,Unknown,FTYROW:  From parked position,None Indicated,,Daylight,Dry,Cloudy,None apparent,Non-intersection:  Non-junction/no special feature,Paved,,Property Damage Only,0,0,0,0,0,0,3700,2,3,,POINT (-95.228840361557 41.009721123614)
2014802111,14-3739,06/06/2014,06-June,6-Friday,05:38,0500 Hours,District 1 (Central),,POLK,US 65,US 65,Collision with:  Animal,,,Animal,None Indicated,,,,,,,Paved,,Property Damage Only,0,0,0,0,0,0,2000,1,1,,POINT (-93.366466919875 41.763632132414)
2014802723,W14-056015,06/06/2014,06-June,6-Friday,15:12,1500 Hours,District 2 (Northeast),WATERLOO,BLACK HAWK,,COMMERCIAL ST & W 4TH ST,Collision with:  Vehicle in traffic,On Roadway,Broadside (front to side),Ran Traffic Signal,None Indicated,,Daylight,Dry,Clear,None apparent,Intersection:  Four-way intersection,Paved,,Property Damage Only,0,0,0,0,0,0,2750,2,3,,POINT (-92.339949574456 42.495252745044)
2014802313,14-2807,06/06/2014,06-June,6-Friday,18:00,1800 Hours,District 6 (East Central),HIAWATHA,LINN,I-380,I-380,Non-collision events:  Other non-collision (explain in narrative),Median,Non-collision (single vehicle),Crossed centerline (undivided),None Indicated,,Daylight,Dry,Clear,None apparent,Non-intersection:  Non-junction/no special feature,Paved,,Property Damage Only,0,0,0,0,0,0,2500,2,2,,POINT (-91.700367622655 42.065484266565)
2014803298,14-004797,06/06/2014,06-June,6-Friday,12:13,1200 Hours,District 4 (Southwest),ATLANTIC,CASS,US 6,US 6/7TH ST & CHESTNUT ST,Collision with:  Vehicle in traffic,On Roadway,Rear-end (front to rear),Followed too close,None Indicated,,Daylight,Dry,Cloudy,None apparent,Intersection:  Four-way intersection,Paved,,Property Damage Only,0,0,0,0,0,0,3000,2,2,,POINT (-95.013060956542 41.40397387279)
2014802830,2014033599,06/06/2014,06-June,6-Friday,13:25,1300 Hours,District 5 (Southeast),,MUSCATINE,,Co Rd X61/STEWART RD & 49TH ST,Collision with:  Vehicle in traffic,On Roadway,Rear-end (front to rear),Crossed centerline (undivided),None Indicated,,Daylight,Dry,Clear,None apparent,Intersection:  T-intersection,Paved,,Major Injury,0,2,2,0,0,0,16000,2,3,,POINT (-91.091197902876 41.370362894713)
2014802130,14-2649,06/06/2014,06-June,6-Friday,09:27,0900 Hours,District 1 (Central),WEST DES MOINES,POLK,I-235,I-235,Non-collision events:  Other non-collision (explain in narrative),Roadside,Non-collision (single vehicle),Ran off road - right,None Indicated,,Daylight,Dry,Clear,None apparent,Interchange-related:  Off-ramp,Paved,,Possible/Unknown,0,1,0,0,1,0,5225,1,1,,POINT (-93.750097423421 41.592768071651)
2014803268,,06/06/2014,06-June,6-Friday,23:52,2300 Hours,District 5 (Southeast),FORT MADISON,LEE,,AVE O,Collision with:  Vehicle in traffic,On Roadway,"Sideswipe, same direction",FTYROW:  Other (explain in narrative),None Indicated,,Dark - roadway lighted,Dry,Clear,None apparent,Non-intersection:  Non-junction/no special feature,Paved,,Property Damage Only,0,0,0,0,0,0,2000,2,4,,POINT (-91.370799704553 40.62389538196)
2014806548,032-060-14,06/06/2014,06-June,6-Friday,16:40,1600 Hours,District 3 (Northwest),ESTHERVILLE,EMMET,,2ND AVE N & N 7TH ST,Collision with:  Vehicle in traffic,On Roadway,Broadside (front to side),Ran Stop Sign,None Indicated,,Daylight,Dry,Clear,None apparent,Intersection:  Four-way intersection,Paved,,Minor Injury,0,1,0,1,0,0,12000,2,3,,POINT (-94.835409385765 43.403911153152)
2014803579,2014033540,06/06/2014,06-June,6-Friday,10:15,1000 Hours,District 2 (Northeast),,FAYETTE,,90TH ST,Collision with:  Vehicle in traffic,On Roadway,"Sideswipe, opposite direction",Crossed centerline (undivided),None Indicated,,Daylight,"Mud, dirt",Cloudy,None apparent,Non-intersection:  Non-junction/no special feature,Unpaved,,Property Damage Only,0,0,0,0,0,0,2500,2,5,,POINT (-92.024563294593 42.75866666563)
2014802159,14-1692,06/06/2014,06-June,6-Friday,11:55,1100 Hours,District 1 (Central),FORT DODGE,WEBSTER,,7TH AVE S & S 30TH ST,Collision with:  Vehicle in traffic,On Roadway,Broadside (front to side),FTYROW:  At uncontrolled intersection,None Indicated,,Daylight,Dry,Cloudy,None apparent,Non-intersection:  Non-junction/no special feature,Paved,,Property Damage Only,0,0,0,0,0,0,13000,2,2,,POINT (-94.155077157843 42.499203476071)
2014802229,01-14-24425,06/06/2014,06-June,6-Friday,15:08,1500 Hours,District 6 (East Central),DUBUQUE,DUBUQUE,US 20,US 20/DODGE ST,Collision with:  Vehicle in traffic,On Roadway,Rear-end (front to rear),Lost Control,None Indicated,,Daylight,Dry,Clear,None apparent,Non-intersection:  Driveway access (within),Paved,,Property Damage Only,0,0,0,0,0,0,3500,2,3,,POINT (-90.718364559638 42.492159390189)
2014802483,2014033419,06/06/2014,06-June,6-Friday,06:47,0600 Hours,District 3 (Northwest),,CALHOUN,,OLD US 20,Collision with:  Vehicle in traffic,On Roadway,"Sideswipe, opposite direction",Crossed centerline (undivided),None Indicated,,Daylight,Dry,Clear,None apparent,Non-intersection:  Non-junction/no special feature,Paved,,Possible/Unknown,0,1,0,0,1,0,10000,2,2,,POINT (-94.81928019954 42.421654431131)
2014802208,14-19042,06/06/2014,06-June,6-Friday,10:50,1000 Hours,District 5 (Southeast),BURLINGTON,DES MOINES,,MAPLE ST & CENTRAL AVE,Collision with:  Vehicle in traffic,On Roadway,Broadside (front to side),Ran Stop Sign,None Indicated,,Daylight,Dry,Cloudy,None apparent,Intersection:  Four-way intersection,Paved,,Property Damage Only,0,0,0,0,0,0,5000,2,6,,POINT (-91.112618731412 40.804500471196)
2014802125,20140015822,06/06/2014,06-June,6-Friday,10:19,1000 Hours,District 1 (Central),DES MOINES,POLK,,FOREST AVE & BEAVER AVE,Collision with:  Vehicle in traffic,On Roadway,Broadside (front to side),Ran Stop Sign,None Indicated,,Daylight,Dry,Clear,None apparent,Intersection:  T-intersection,Paved,,Property Damage Only,0,0,0,0,0,0,5000,2,2,,POINT (-93.664027799703 41.603988987468)
2014802737,14-5860,06/06/2014,06-June,6-Friday,16:20,1600 Hours,District 3 (Northwest),CARROLL,CARROLL,US 30,US 30/6TH ST & WEST ST,Collision with:  Vehicle in traffic,On Roadway,Broadside (front to side),Ran Traffic Signal,None Indicated,,Daylight,Dry,Clear,None apparent,Intersection:  Four-way intersection,Paved,,Property Damage Only,0,0,0,0,0,0,8000,2,3,,POINT (-94.87154910035 42.066758157096)
2014804815,14-004658,06/06/2014,06-June,6-Friday,07:29,0700 Hours,District 6 (East Central),MANCHESTER,DELAWARE,,E MAIN ST & S BREWER ST & N BREWER ST,Collision with:  Vehicle in traffic,On Roadway,Rear-end (front to rear),Unknown,None Indicated,,Daylight,Dry,Clear,None apparent,Non-intersection:  Non-junction/no special feature,Paved,,Property Damage Only,0,0,0,0,0,0,2000,2,2,,POINT (-91.454214195796 42.483999364327)
2014808104,2014033607,06/06/2014,06-June,6-Friday,14:01,1400 Hours,District 1 (Central),,HAMILTON,US 20,US 20,Collision with:  Vehicle in traffic,On Roadway,Head-on (front to front),Crossed centerline (undivided),None Indicated,,Daylight,Dry,Clear,Work Zone (roadway-related),Non-intersection:  Non-junction/no special feature,Paved,Yes,Property Damage Only,0,0,0,0,0,0,16000,2,4,,POINT (-93.583243240495 42.448793748005)
2014802698,2014033664,06/06/2014,06-June,6-Friday,18:00,1800 Hours,District 1 (Central),,POLK,I-35,I-35,Collision with:  Vehicle in traffic,On Roadway,Rear-end (front to rear),Other (explain in narrative):  Other,None Indicated,,Daylight,Dry,Cloudy,None apparent,Non-intersection:  Non-junction/no special feature,Paved,,Property Damage Only,0,0,0,0,0,0,16000,2,3,,POINT (-93.570882495646 41.823018696865)
2014803888,2014-37435,06/06/2014,06-June,6-Friday,12:12,1200 Hours,District 6 (East Central),DAVENPORT,SCOTT,I-80,I-80,Non-collision events:  Other non-collision (explain in narrative),On Roadway,Non-collision (single vehicle),Ran off road - right,None Indicated,,Daylight,Dry,Clear,None apparent,Interchange-related:  On-ramp merge area,Paved,,Property Damage Only,0,0,0,0,0,0,5000,1,1,,POINT (-90.566686780148 41.594784664474)
2014808105,2014033611,06/06/2014,06-June,6-Friday,14:30,1400 Hours,District 1 (Central),,HAMILTON,I-35,I-35,Collision with:  Vehicle in traffic,On Roadway,"Sideswipe, same direction",Swerving/Evasive Action,None Indicated,,Daylight,Dry,Clear,Work Zone (roadway-related),Intersection:  Intersection with ramp,Paved,Yes,Property Damage Only,0,0,0,0,0,0,10000,2,6,,POINT (-93.567204767989 42.524352359656)
2014802411,14-023194,06/06/2014,06-June,6-Friday,21:35,2100 Hours,District 4 (Southwest),COUNCIL BLUFFS,POTTAWATTAMIE,,VALLEY VIEW DR,Collision with:  Animal,On Roadway,Non-collision (single vehicle),Animal,None Indicated,,Dark - roadway not lighted,Dry,Cloudy,None apparent,Non-intersection:  Non-junction/no special feature,Paved,,Minor Injury,0,1,0,1,0,0,1900,1,2,,POINT (-95.816999933241 41.239215618701)
2014802408,14-023149,06/06/2014,06-June,6-Friday,17:45,1700 Hours,District 4 (Southwest),COUNCIL BLUFFS,POTTAWATTAMIE,,32ND AVE & DIAL DR,Collision with:  Vehicle in traffic,On Roadway,Broadside (front to side),Ran Stop Sign,None Indicated,,Daylight,Dry,Clear,None apparent,Intersection:  Four-way intersection,Paved,,Property Damage Only,0,0,0,0,0,0,5000,2,4,,POINT (-95.849525091182 41.228219424761)
2014802905,087-2014,06/06/2014,06-June,6-Friday,15:24,1500 Hours,District 4 (Southwest),,HARRISON,IA 127,IA 127/IOWA 127 & NORTON AVE,Collision with:  Vehicle in traffic,On Roadway,Broadside (front to side),FTYROW:  From stop sign,None Indicated,,Daylight,Dry,Cloudy,None apparent,Intersection:  Four-way intersection,Paved,,Major Injury,0,1,1,0,0,0,11500,2,2,,POINT (-95.799654188832 41.666595125675)
2014805169,2014033850,06/07/2014,06-June,7-Saturday,19:52,1900 Hours,District 1 (Central),DES MOINES,POLK,US 69,US 69/E 14TH ST & E GRAND AVE,Collision with:  Vehicle in traffic,On Roadway,Broadside (front to side),Ran Traffic Signal,None Indicated,,Dusk,Dry,Cloudy,None apparent,Intersection:  Four-way intersection,Paved,,Property Damage Only,0,0,0,0,0,0,5500,2,3,,POINT (-93.597987258441 41.593407671492)
2014802364,20140015956,06/07/2014,06-June,7-Saturday,11:45,1100 Hours,District 1 (Central),DES MOINES,POLK,,FLEUR DR,Collision with:  Vehicle in traffic,On Roadway,Rear-end (front to rear),Followed too close,None Indicated,,Daylight,Wet,Rain,None apparent,Non-intersection:  Non-junction/no special feature,Paved,,Property Damage Only,0,0,0,0,0,0,4500,2,2,,POINT (-93.645026313958 41.545649012172)
2014803183,2014-10644,06/07/2014,06-June,7-Saturday,21:49,2100 Hours,District 6 (East Central),BETTENDORF,SCOTT,US 67,US 67/GRANT ST & 14TH ST,Collision with:  Vehicle in traffic,On Roadway,"Sideswipe, same direction",Other (explain in narrative):  Other,None Indicated,,Dark - roadway lighted,Dry,Cloudy,None apparent,Non-intersection:  Non-junction/no special feature,Paved,,Property Damage Only,0,0,0,0,0,0,2600,2,5,,POINT (-90.51303850097 41.526205621717)
2014809836,2014005581,06/07/2014,06-June,7-Saturday,13:14,1300 Hours,District 1 (Central),MARSHALLTOWN,MARSHALL,,W CHURCH ST & S 1ST ST,Collision with:  Vehicle in traffic,On Roadway,Broadside (front to side),Ran Stop Sign,None Indicated,,Daylight,Wet,Rain,None apparent,Intersection:  Four-way intersection,Paved,,Possible/Unknown,0,1,0,0,1,0,3000,2,2,,POINT (-92.91460383717 42.047908499906)
2014802336,14-002466,06/07/2014,06-June,7-Saturday,17:33,1700 Hours,District 1 (Central),ANKENY,POLK,US 69,US 69/S ANKENY BLVD,Collision with:  Vehicle in traffic,On Roadway,"Sideswipe, same direction",FTYROW:  Other (explain in narrative),None Indicated,,Daylight,Dry,Clear,None apparent,Non-intersection:  Non-junction/no special feature,Paved,,Property Damage Only,0,0,0,0,0,0,3000,2,2,,POINT (-93.600411966757 41.724115746038)
2014824092,A390614-1397,06/07/2014,06-June,7-Saturday,21:25,2100 Hours,District 4 (Southwest),,GUTHRIE,,REDWOOD AVE,Collision with:  Animal,,,Animal,None Indicated,,,,,,,Paved,,Property Damage Only,0,0,0,0,0,0,2500,1,1,,POINT (-94.416964341119 41.673498516779)
2014803076,14-17871,06/07/2014,06-June,7-Saturday,14:53,1400 Hours,District 3 (Northwest),SIOUX CITY,WOODBURY,IA 12,IA 12/GORDON DR & S MARTHA ST,Collision with:  Vehicle in traffic,On Roadway,Rear-end (front to rear),Followed too close,None Indicated,,Daylight,Dry,Cloudy,None apparent,Intersection:  Four-way intersection,Paved,,Possible/Unknown,0,1,0,0,1,0,500,2,2,,POINT (-96.361530700163 42.486389037317)
2014802196,14-005885,06/07/2014,06-June,7-Saturday,01:37,0100 Hours,District 3 (Northwest),,CARROLL,,Co Rd E27/170TH ST,Non-collision events:  Overturn/rollover,On Roadway,Non-collision (single vehicle),Ran off road - left,Alcohol (Statutory),,Dark - roadway not lighted,Dry,Cloudy,None apparent,Non-intersection:  Non-junction/no special feature,Unpaved,,Minor Injury,0,4,0,2,2,0,12000,1,4,,POINT (-94.835444202601 42.107364350124)
2014802348,20140015971,06/07/2014,06-June,7-Saturday,13:36,1300 Hours,District 1 (Central),DES MOINES,POLK,I-235,I-235,Collision with:  Vehicle in traffic,On Roadway,"Sideswipe, same direction",Other (explain in narrative):  Vision obstructed,None Indicated,,Daylight,Wet,Rain,"Surface condition (e.g., wet, icy)",Non-intersection:  Non-junction/no special feature,Paved,,Property Damage Only,0,0,0,0,0,0,8000,2,3,,POINT (-93.670293037803 41.592486430242)
2014802381,20140015939,06/07/2014,06-June,7-Saturday,09:35,0900 Hours,District 1 (Central),DES MOINES,POLK,US 6,US 6/EUCLID AVE/E EUCLID AVE & IA 415/2ND AVE,Collision with:  Vehicle in traffic,On Roadway,Rear-end (front to rear),Swerving/Evasive Action,None Indicated,,Daylight,Dry,Cloudy,None apparent,Non-intersection:  Non-junction/no special feature,Paved,,Property Damage Only,0,0,0,0,0,0,1600,3,4,,POINT (-93.619912891478 41.627699109446)
2014802871,CL14001887,06/07/2014,06-June,7-Saturday,19:06,1900 Hours,District 6 (East Central),CLINTON,CLINTON,,BALL PARK DR,Collision with:  Vehicle in traffic,Outside trafficway,Rear-end (front to rear),Improper Backing,None Indicated,,Daylight,Wet,Rain,None apparent,Non-intersection:  Driveway access (within),Paved,,Property Damage Only,0,0,0,0,0,0,1500,2,2,,POINT (-90.184937755856 41.846694844136)
2014804221,201401920,06/07/2014,06-June,7-Saturday,09:58,0900 Hours,District 6 (East Central),,LINN,,Co Rd E70/WRIGHT BROTHER S BLVD,Collision with:  Parked motor vehicle,Outside trafficway,Broadside (front to side),Other (explain in narrative):  Other,None Indicated,,Daylight,Dry,Cloudy,None apparent,Non-intersection:  Non-junction/no special feature,Paved,,Property Damage Only,0,0,0,0,0,0,5500,2,1,,POINT (-91.626954256818 41.890120796805)
2014802349,20140015989,06/07/2014,06-June,7-Saturday,17:54,1700 Hours,District 1 (Central),DES MOINES,POLK,US 6,US 6/DOUGLAS AVE,Collision with:  Vehicle in traffic,On Roadway,Rear-end (front to rear),Crossed centerline (undivided),None Indicated,,Daylight,Dry,Cloudy,None apparent,Non-intersection:  Non-junction/no special feature,Paved,,Possible/Unknown,0,1,0,0,1,0,18500,3,6,,POINT (-93.695562105578 41.629400957389)
2014802415,14-023295,06/07/2014,06-June,7-Saturday,16:18,1600 Hours,District 4 (Southwest),COUNCIL BLUFFS,POTTAWATTAMIE,US 275,US 275/VETERANS MEMORIAL HWY & GIFFORD RD & S 24TH ST,Collision with:  Vehicle in traffic,On Roadway,"Angle, oncoming left turn",FTYROW:  Making left turn,None Indicated,,Daylight,Dry,Clear,None apparent,Intersection:  Four-way intersection,Paved,,Property Damage Only,0,0,0,0,0,0,5500,2,3,,POINT (-95.878827953168 41.218789809619)
2014802526,W14-056517,06/07/2014,06-June,7-Saturday,19:34,1900 Hours,District 2 (Northeast),WATERLOO,BLACK HAWK,,DUBUQUE RD & WYOMING ST,Collision with:  Vehicle in traffic,On Roadway,"Angle, oncoming left turn",FTYROW:  Making left turn,None Indicated,,Daylight,Dry,Clear,None apparent,Intersection:  Four-way intersection,Paved,,Minor Injury,0,2,0,2,0,0,20000,2,4,,POINT (-92.306356830963 42.490200207258)
2014802362,20140015946,06/07/2014,06-June,7-Saturday,10:46,1000 Hours,District 1 (Central),DES MOINES,POLK,,HIGH ST & MLK JR PKWY,Collision with:  Vehicle in traffic,On Roadway,Rear-end (front to rear),Other (explain in narrative):  Other,None Indicated,,Daylight,Wet,Rain,None apparent,Non-intersection:  Non-junction/no special feature,Paved,,Property Damage Only,0,0,0,0,0,0,8500,3,8,,POINT (-93.644718906897 41.587102241054)
2014802603,S14-002024,06/07/2014,06-June,7-Saturday,13:15,1300 Hours,District 4 (Southwest),,POTTAWATTAMIE,,298TH ST & PINOAK RD,Collision with:  Vehicle in traffic,On Roadway,"Sideswipe, opposite direction",FTYROW:  Other (explain in narrative),None Indicated,,Daylight,Wet,Cloudy,None apparent,Non-intersection:  Non-junction/no special feature,Unpaved,,Property Damage Only,0,0,0,0,0,0,1500,2,2,,POINT (-95.616988197368 41.404894057103)
2014802397,14-2671,06/07/2014,06-June,7-Saturday,10:38,1000 Hours,District 1 (Central),WEST DES MOINES,POLK,,MEADOW VALLEY DR,Collision with:  Vehicle in traffic,On Roadway,Broadside (front to side),FTYROW:  From driveway,None Indicated,,Daylight,Wet,Cloudy,None apparent,Non-intersection:  Driveway access (within),Paved,,Property Damage Only,0,0,0,0,0,0,1750,2,2,,POINT (-93.767465333467 41.567964625884)
2014803547,2014033772,06/07/2014,06-June,7-Saturday,09:15,0900 Hours,District 1 (Central),,POLK,I-35,I-35,Collision with fixed object:  Traffic sign support,Roadside,Non-collision (single vehicle),Ran off road - left,None Indicated,,Daylight,Dry,Cloudy,None apparent,Interchange-related:  Off-ramp,Paved,,Property Damage Only,0,0,0,0,0,0,2000,1,2,,POINT (-93.580941096476 41.651339350144)
2014802350,20140015999,06/07/2014,06-June,7-Saturday,19:57,1900 Hours,District 1 (Central),DES MOINES,POLK,,2ND AVE,Collision with:  Vehicle in traffic,On Roadway,Unknown,Unknown,None Indicated,,Daylight,Dry,Cloudy,None apparent,Non-intersection:  Non-junction/no special feature,Paved,,Property Damage Only,0,0,0,0,0,0,1600,2,3,,POINT (-93.62029605331 41.591262842695)
2014802826,2014033863,06/07/2014,06-June,7-Saturday,21:32,2100 Hours,District 4 (Southwest),,MILLS,I-29,I-29,Collision with:  Animal,,,Animal,None Indicated,,,,,,,Paved,,Property Damage Only,0,0,0,0,0,0,3800,1,1,,POINT (-95.831711687722 41.09454344421)
2014803129,PD1404879,06/07/2014,06-June,7-Saturday,00:56,0000 Hours,District 5 (Southeast),FAIRFIELD,JEFFERSON,,Co Rd H46/GLASGOW RD & 210TH ST,Collision with fixed object:  Traffic sign support,On Roadway,Non-collision (single vehicle),"Operating vehicle in an reckless, erratic, careless, negligent manner",Alcohol (Statutory),,Dark - roadway lighted,Dry,Clear,None apparent,Intersection:  T-intersection,Paved,,Property Damage Only,0,0,0,0,0,0,4100,1,1,,POINT (-91.944820014605 41.002952824051)
2014844634,2014-001546,06/07/2014,06-June,7-Saturday,13:16,1300 Hours,District 2 (Northeast),,ALLAMAKEE,IA 9,IA 9/IOWA 9 & HILL TOP RD,Collision with:  Animal,,,Animal,None Indicated,,,,,,,Paved,,Property Damage Only,0,0,0,0,0,0,7000,1,1,,POINT (-91.37939571223 43.339148426524)
2014802363,20140015950,06/07/2014,06-June,7-Saturday,10:48,1000 Hours,District 1 (Central),DES MOINES,POLK,,SW 9TH ST,Collision with:  Vehicle in traffic,On Roadway,Rear-end (front to rear),Other (explain in narrative):  Other,None Indicated,,Daylight,Wet,Rain,"Surface condition (e.g., wet, icy)",Non-intersection:  Non-junction/no special feature,Paved,,Possible/Unknown,0,1,0,0,1,0,6850,2,3,,POINT (-93.625750368863 41.550988771117)
2014802293,2014006237,06/07/2014,06-June,7-Saturday,08:59,0800 Hours,District 6 (East Central),IOWA CITY,JOHNSON,,A ST,Collision with:  Parked motor vehicle,On Roadway,Broadside (front to side),Improper Backing,None Indicated,,Daylight,Dry,Cloudy,None apparent,Non-intersection:  Non-junction/no special feature,Paved,,Property Damage Only,0,0,0,0,0,0,1700,2,1,,POINT (-91.505514390459 41.655367446418)
2014803233,2014033757,06/07/2014,06-June,7-Saturday,06:25,0600 Hours,District 6 (East Central),DAVENPORT,SCOTT,I-80,I-80,Collision with:  Vehicle in traffic,On Roadway,Rear-end (front to rear),Driver Distraction:  Reaching for object(s)/fallen object(s),None Indicated,,Daylight,Dry,Clear,None apparent,Non-intersection:  Non-junction/no special feature,Paved,,Property Damage Only,0,0,0,0,0,0,11000,2,2,,POINT (-90.651959561355 41.6022418549)
2014802379,20140015932,06/07/2014,06-June,7-Saturday,00:00,0000 Hours,District 1 (Central),DES MOINES,POLK,,ROSE AVE,Collision with fixed object:  Utility pole/light support,Roadside,Non-collision (single vehicle),"Operating vehicle in an reckless, erratic, careless, negligent manner",None Indicated,,Dark - roadway lighted,Dry,Unknown,None apparent,Non-intersection:  Non-junction/no special feature,Paved,,Property Damage Only,0,0,0,0,0,0,1500,1,1,,POINT (-93.628666698117 41.550018088952)
2014803210,2014-12063,06/07/2014,06-June,7-Saturday,17:56,1700 Hours,District 5 (Southeast),INDIANOLA,WARREN,,N 9TH ST,Collision with:  Vehicle in traffic,On Roadway,Head-on (front to front),Traveling wrong way or on wrong side of road,None Indicated,,Daylight,Dry,Clear,None apparent,Non-intersection:  Non-junction/no special feature,Paved,,Property Damage Only,0,0,0,0,0,0,3000,2,2,,POINT (-93.546982566949 41.372781461967)
2014802767,C14001758,06/07/2014,06-June,7-Saturday,03:46,0300 Hours,District 6 (East Central),CORALVILLE,JOHNSON,I-80,I-80,Collision with:  Animal,On Roadway,Non-collision (single vehicle),Animal,None Indicated,,Dark - roadway not lighted,Dry,Clear,None apparent,Non-intersection:  Non-junction/no special feature,Paved,,Property Damage Only,0,0,0,0,0,0,4500,1,2,,POINT (-91.560397759414 41.685592537567)
2014802302,14016833,06/07/2014,06-June,7-Saturday,10:32,1000 Hours,District 5 (Southeast),,LEE,IA 16,IA 16/IOWA 16 & 3RD ST,Collision with:  Parked motor vehicle,On Roadway,Unknown,Improper Backing,None Indicated,,Daylight,Wet,Rain,"Surface condition (e.g., wet, icy)",Non-intersection:  Non-junction/no special feature,Paved,,Property Damage Only,0,0,0,0,0,0,3500,2,1,,POINT (-91.331768442785 40.74175024185)
2014802357,20140015975,06/07/2014,06-June,7-Saturday,13:58,1300 Hours,District 1 (Central),DES MOINES,POLK,,DIXON ST,Collision with:  Vehicle in traffic,On Roadway,Rear-end (front to rear),Other (explain in narrative):  Vision obstructed,None Indicated,,Daylight,Wet,Rain,"Surface condition (e.g., wet, icy)",Non-intersection:  Non-junction/no special feature,Paved,,Possible/Unknown,0,1,0,0,1,0,3000,2,2,,POINT (-93.589590776627 41.625318600903)
2014802247,14-009497,06/07/2014,06-June,7-Saturday,12:45,1200 Hours,District 5 (Southeast),,HENRY,US 34,US 34,Collision with:  Vehicle in traffic,On Roadway,Broadside (front to side),FTYROW:  From stop sign,None Indicated,,Daylight,Wet,Rain,None apparent,Intersection:  Four-way intersection,Paved,,Major Injury,0,2,1,0,1,0,19000,2,2,,POINT (-91.371779358917 40.905456260153)
2014802641,2014-37673,06/07/2014,06-June,7-Saturday,09:41,0900 Hours,District 6 (East Central),DAVENPORT,SCOTT,,W 53RD ST & NORTHWEST BLVD,Collision with:  Vehicle in traffic,On Roadway,Rear-end (front to rear),FTYROW:  Other (explain in narrative),None Indicated,,Daylight,Dry,Clear,None apparent,Non-intersection:  Non-junction/no special feature,Paved,,Property Damage Only,0,0,0,0,0,0,7000,2,3,,POINT (-90.593843899521 41.574587888627)
2014808064,2014033827,06/07/2014,06-June,7-Saturday,16:30,1600 Hours,District 2 (Northeast),,BREMER,US 218,US 218,Collision with fixed object:  Traffic sign support,Median,Non-collision (single vehicle),Ran off road - left,None Indicated,,Daylight,Wet,Cloudy,None apparent,Non-intersection:  Non-junction/no special feature,Paved,,Property Damage Only,0,0,0,0,0,0,3100,1,1,,POINT (-92.544655414513 42.854283708927)
2014803242,2014033792,06/07/2014,06-June,7-Saturday,12:03,1200 Hours,District 1 (Central),DES MOINES,POLK,I-235,I-235 & US 69/E 15TH ST/JOHNSON CT & MAPLE ST,Collision with:  Vehicle in traffic,On Roadway,Broadside (front to side),Ran Traffic Signal,None Indicated,,Daylight,Wet,Rain,None apparent,Intersection:  Intersection with ramp,Paved,,Major Injury,0,1,1,0,0,0,22500,3,4,,POINT (-93.596485348095 41.597090431067)
2014802934,201408097,06/07/2014,06-June,7-Saturday,19:14,1900 Hours,District 6 (East Central),CEDAR RAPIDS,LINN,IA 922,IA 922/WILLIAMS BLVD,Collision with:  Vehicle in traffic,On Roadway,Rear-end (front to rear),Swerving/Evasive Action,None Indicated,,Daylight,Wet,Cloudy,None apparent,Non-intersection:  Non-junction/no special feature,Paved,,Property Damage Only,0,0,0,0,0,0,4800,3,3,,POINT (-91.702624826769 41.967601266298)