Iowa DOT Case Number,Law Enforcement Case Number,Date of Crash,Month of Crash,Day of Week,Time of Crash,Hour,DOT District,City Name,County Name,Route with System,Location Description,First Harmful Event,Location of First Harmful Event,Manner of Crash/Collision,Major Cause,Drug or Alcohol ,Environmental Conditions,Light Conditions,Surface Conditions,Weather Conditions,Roadway Contribution,Roadway Type,Roadway Surface,Work Zone,Crash Severity,Number of Fatalities,Number of Injuries,Number of Major Injuries,Number of Minor Injuries,Number of Possible Injuries,Number of Unknown Injuries,Amount of Property Damage,Number of Vehicles Involved,Total Number of Occupants,Travel Direction,Location
2014802396,14-1260,06/08/2014,06-June,1-Sunday,11:30,1100 Hours,District 1 (Central),URBANDALE,POLK,I-35,I-35 & IA 141/IOWA 141,Collision with:  Vehicle in traffic,On Roadway,"Sideswipe, same direction",Made improper turn,None Indicated,,Daylight,Dry,Cloudy,None apparent,Intersection:  Intersection with ramp,Paved,,Property Damage Only,0,0,0,0,0,0,6000,2,2,,POINT (-93.775051156974 41.650662735493)
2014802213,14-843,06/08/2014,06-June,1-Sunday,19:25,1900 Hours,District 3 (Northwest),ORLEANS,DICKINSON,,140TH ST,Collision with:  Vehicle in traffic,On Roadway,Broadside (front to side),FTYROW:  From driveway,None Indicated,,Daylight,Dry,Cloudy,None apparent,Non-intersection:  Driveway access (within),Paved,,Property Damage Only,0,0,0,0,0,0,5000,2,4,,POINT (-95.108510063718 43.444958941246)
2014802936,201408139,06/08/2014,06-June,1-Sunday,20:02,2000 Hours,District 6 (East Central),CEDAR RAPIDS,LINN,,3RD AVE SW & 2ND ST SW,Collision with:  Vehicle in traffic,On Roadway,Broadside (front to side),FTYROW:  From stop sign,None Indicated,,Dusk,Dry,Cloudy,None apparent,Intersection:  Other intersection (explain in narrative),Paved,,Property Damage Only,0,0,0,0,0,0,5000,2,6,,POINT (-91.673161622287 41.974217465598)
2014803107,W14-056838,06/08/2014,06-June,1-Sunday,18:20,1800 Hours,District 2 (Northeast),WATERLOO,BLACK HAWK,,CONGER ST & REED ST,Collision with:  Vehicle in traffic,On Roadway,Rear-end (front to rear),Other (explain in narrative):  Other,None Indicated,,Daylight,Dry,Clear,None apparent,Non-intersection:  Railroad grade crossing,Paved,,Possible/Unknown,0,1,0,0,1,0,3000,2,4,,POINT (-92.339861250166 42.512903643498)
2014803352,90-14-000179,06/08/2014,06-June,1-Sunday,10:52,1000 Hours,District 2 (Northeast),BODE,HUMBOLDT,,HUMBOLDT AVE,Collision with fixed object:  Tree,Shoulder,Non-collision (single vehicle),Crossed centerline (undivided),None Indicated,,Daylight,Dry,Clear,None apparent,Non-intersection:  Non-junction/no special feature,Paved,,Possible/Unknown,0,1,0,0,1,0,5000,1,1,,POINT (-94.287441851191 42.864637023332)
2014803082,14-17998,06/08/2014,06-June,1-Sunday,17:44,1700 Hours,District 3 (Northwest),SIOUX CITY,WOODBURY,I-29,I-29,Collision with:  Animal,,,Animal,None Indicated,,,,,,,Paved,,Property Damage Only,0,0,0,0,0,0,1500,1,1,,POINT (-96.463679444255 42.493284873123)
2014802300,14-17007,06/08/2014,06-June,1-Sunday,21:30,2100 Hours,District 5 (Southeast),,LEE,,Co Rd J92/JOHNSON ST RD & 250 AVE,Collision with:  Animal,,,Animal,None Indicated,,,,,,,Paved,,Property Damage Only,0,0,0,0,0,0,1500,1,1,,POINT (-91.43553417249 40.410956742946)
2014809108,14-070608-01,06/08/2014,06-June,1-Sunday,04:36,0400 Hours,District 6 (East Central),,IOWA,I-80,I-80,Collision with:  Animal,,,Animal,None Indicated,,,,,,,Paved,,Property Damage Only,0,0,0,0,0,0,7500,1,1,,POINT (-92.21875826356 41.695854396739)
2014802555,14004743,06/08/2014,06-June,1-Sunday,09:13,0900 Hours,District 6 (East Central),,DELAWARE,,Co Rd W63/110TH AVE,Collision with:  Animal,,,Animal,None Indicated,,,,,,,Paved,,Property Damage Only,0,0,0,0,0,0,8000,1,1,,POINT (-91.579099604056 42.406383731609)
2014806779,261401002,06/08/2014,06-June,1-Sunday,21:38,2100 Hours,District 5 (Southeast),BLOOMFIELD,DAVIS,US 63,US 63,Collision with:  Animal,,,Animal,None Indicated,,,,,,,Paved,,Property Damage Only,0,0,0,0,0,0,7000,1,1,,POINT (-92.409418469322 40.893234121456)
2014802189,201402581,06/08/2014,06-June,1-Sunday,22:00,2200 Hours,District 1 (Central),,BOONE,,Co Rd E26/190TH ST,Collision with:  Animal,,,Animal,None Indicated,,,,,,,Paved,,Property Damage Only,0,0,0,0,0,0,1500,1,1,,POINT (-93.773039581028 42.078255615835)
2014806077,,06/08/2014,06-June,1-Sunday,21:00,2100 Hours,District 6 (East Central),,LINN,I-380,I-380,Collision with:  Animal,On Roadway,Non-collision (single vehicle),Animal,None Indicated,,,,,,,Paved,,Property Damage Only,0,0,0,0,0,0,7000,1,1,,POINT (-91.668937815552 41.861631955076)
2014802197,14-005931,06/08/2014,06-June,1-Sunday,14:50,1400 Hours,District 3 (Northwest),,CARROLL,US 30,US 30,Collision with:  Vehicle in traffic,On Roadway,Rear-end (front to rear),Lost Control,None Indicated,,Daylight,Dry,Cloudy,None apparent,Intersection:  Four-way intersection,Paved,,Possible/Unknown,0,1,0,0,1,0,12500,2,4,,POINT (-94.784504364846 42.063876181453)
2014803080,14-17979,06/08/2014,06-June,1-Sunday,12:26,1200 Hours,District 3 (Northwest),SIOUX CITY,WOODBURY,,W 4TH ST & 6TH ST & WESLEY PKWY,Collision with:  Vehicle in traffic,On Roadway,Broadside (front to side),Ran Traffic Signal,None Indicated,,Daylight,Dry,Clear,None apparent,Intersection:  Four-way intersection,Paved,,Property Damage Only,0,0,0,0,0,0,3600,2,2,,POINT (-96.410757203836 42.496287643027)
2014803235,2014034011,06/08/2014,06-June,1-Sunday,23:55,2300 Hours,District 4 (Southwest),,CASS,I-80,I-80,Collision with:  Animal,,,Animal,None Indicated,,,,,,,Paved,,Property Damage Only,0,0,0,0,0,0,5000,1,1,,POINT (-94.955447456455 41.497207195409)
2014808065,2014033993,06/08/2014,06-June,1-Sunday,21:20,2100 Hours,District 2 (Northeast),,WRIGHT,I-35,I-35,Collision with:  Animal,,Non-collision (single vehicle),Animal,None Indicated,,,,,,,Paved,,Property Damage Only,0,0,0,0,0,0,3000,1,1,,POINT (-93.504289583145 42.609795794145)
2014802360,20140016036,06/08/2014,06-June,1-Sunday,02:24,0200 Hours,District 1 (Central),DES MOINES,POLK,,2ND AVE,Collision with:  Vehicle in traffic,On Roadway,Broadside (front to side),FTYROW:  From driveway,Alcohol (Statutory),,Dark - roadway lighted,Dry,Clear,None apparent,Non-intersection:  Driveway access (within),Paved,,Minor Injury,0,2,0,2,0,0,110,2,3,,POINT (-93.619722965012 41.599084218329)
2014802642,2014-37802,06/08/2014,06-June,1-Sunday,01:09,0100 Hours,District 6 (East Central),DAVENPORT,SCOTT,,W 58TH ST & APPOMATTOX RD,Collision with:  Vehicle in traffic,On Roadway,Broadside (front to side),Ran Stop Sign,None Indicated,,Dark - roadway lighted,Dry,Clear,None apparent,Intersection:  Four-way intersection,Paved,,Minor Injury,0,1,0,1,0,0,6000,2,4,,POINT (-90.585305048119 41.580037756317)
2014802921,201400001953,06/08/2014,06-June,1-Sunday,00:57,0000 Hours,District 6 (East Central),SPRINGVILLE,LINN,US 151,US 151/DUBUQUE RD & STONE RD,Collision with:  Animal,,,Animal,None Indicated,,,,,,,Paved,,Property Damage Only,0,0,0,0,0,0,1500,1,1,,POINT (-91.481757266696 42.049650886708)
2014802751,14003368,06/08/2014,06-June,1-Sunday,08:58,0800 Hours,District 3 (Northwest),MARCUS,CHEROKEE,IA 3,IA 3/IOWA 3 & IA 143/AMES AVE & Co Rd L36/D AVE,Collision with:  Vehicle in traffic,On Roadway,Broadside (front to side),FTYROW:  From stop sign,None Indicated,,Daylight,Dry,Clear,None apparent,Intersection:  Four-way intersection,Paved,,Property Damage Only,0,0,0,0,0,0,11500,3,4,,POINT (-95.799779963954 42.807952540945)
2014802325,14-003244,06/08/2014,06-June,1-Sunday,05:10,0500 Hours,District 3 (Northwest),,OBRIEN,US 18,US 18/320TH ST,Collision with fixed object:  Culvert/pipe opening,Roadside,Non-collision (single vehicle),Crossed centerline (undivided),None Indicated,,Dawn,Dry,Clear,None apparent,Non-intersection:  Non-junction/no special feature,Paved,,Possible/Unknown,0,1,0,0,1,0,2500,1,1,,POINT (-95.798998699398 43.186072482697)
2014802337,14-002480,06/08/2014,06-June,1-Sunday,15:41,1500 Hours,District 1 (Central),ANKENY,POLK,,W 1ST ST & SW STATE ST & NW STATE ST,Collision with:  Vehicle in traffic,On Roadway,Head-on (front to front),Made improper turn,None Indicated,,Daylight,Dry,Clear,None apparent,Intersection:  Four-way intersection,Paved,,Possible/Unknown,0,1,0,0,1,0,10000,2,4,,POINT (-93.621502529566 41.731857745616)
2014802916,14-060608-01,06/08/2014,06-June,1-Sunday,14:30,1400 Hours,District 6 (East Central),,IOWA,,Co Rd F52/F52 TRL,Collision with:  Animal,,,Animal,None Indicated,,,,,,,Paved,,Property Damage Only,0,0,0,0,0,0,1800,1,1,,POINT (-92.099659942296 41.58837499479)
2014802194,060814-118,06/08/2014,06-June,1-Sunday,12:40,1200 Hours,District 3 (Northwest),,BUENA VISTA,IA 7,IA 7/640TH ST & 240TH AVE,Collision with fixed object:  Ditch,On Roadway,Non-collision (single vehicle),Ran off road - left,None Indicated,,Daylight,"Mud, dirt",Clear,None apparent,Intersection:  Four-way intersection,Paved,,Minor Injury,0,2,0,2,0,0,10000,1,2,,POINT (-94.934616019022 42.589346363687)
2014802705,2014033896,06/08/2014,06-June,1-Sunday,04:45,0400 Hours,District 1 (Central),,JASPER,I-80,I-80,Collision with:  Animal,,,Animal,None Indicated,,,,,,,Paved,,Property Damage Only,0,0,0,0,0,0,3000,1,1,,POINT (-92.977027266778 41.681664168185)
2014802308,201401942,06/08/2014,06-June,1-Sunday,14:39,1400 Hours,District 6 (East Central),,LINN,US 30,US 30/16TH AVE SW & Co Rd W30/LINN BENTON RD,Collision with:  Other non-fixed object (explain in narrative),On Roadway,Non-collision (single vehicle),Other (explain in narrative):  No improper action,None Indicated,,Daylight,Dry,Cloudy,Debris,Non-intersection:  Non-junction/no special feature,Paved,,Property Damage Only,0,0,0,0,0,0,1500,1,1,,POINT (-91.833618091929 41.964080456444)
2014802644,2014-37876,06/08/2014,06-June,1-Sunday,12:38,1200 Hours,District 6 (East Central),DAVENPORT,SCOTT,US 6,US 6/E KIMBERLY RD,Collision with:  Vehicle in traffic,On Roadway,"Angle, oncoming left turn",FTYROW:  Making left turn,None Indicated,,Daylight,Dry,Clear,None apparent,Non-intersection:  Driveway access (within),Paved,,Property Damage Only,0,0,0,0,0,0,3000,2,5,,POINT (-90.562132235577 41.558005264193)
2014805366,2014033983,06/08/2014,06-June,1-Sunday,19:00,1900 Hours,District 1 (Central),HUXLEY,STORY,I-35,I-35 & 315TH ST,Collision with:  Vehicle in traffic,On Roadway,Rear-end (front to rear),"Operating vehicle in an reckless, erratic, careless, negligent manner",Alcohol (Statutory),,Daylight,Dry,Clear,None apparent,Non-intersection:  Other non-intersection (explain in narrative),Paved,,Possible/Unknown,0,1,0,0,1,0,17000,2,2,,POINT (-93.571069745918 41.899593888397)
2014810233,2014-003231,06/08/2014,06-June,1-Sunday,22:05,2200 Hours,District 6 (East Central),,BENTON,IA 21,IA 21/11 AVE,Collision with:  Animal,,,Animal,None Indicated,,,,,,,Paved,,Property Damage Only,0,0,0,0,0,0,1500,1,1,,POINT (-92.277811641775 41.866444638404)
2014802465,14-0314,06/08/2014,06-June,1-Sunday,05:20,0500 Hours,District 1 (Central),LEHIGH,WEBSTER,,Co Rd D54/330TH ST,Collision with:  Animal,,,Animal,None Indicated,,,,,,,Paved,,Property Damage Only,0,0,0,0,0,0,3000,1,1,,POINT (-94.021830443213 42.31075987571)
2014808511,2014-0824,06/08/2014,06-June,1-Sunday,06:00,0600 Hours,District 1 (Central),JEFFERSON,GREENE,,Co Rd N58/A AVE,Collision with fixed object:  Ditch,Shoulder,Non-collision (single vehicle),Lost Control,None Indicated,,Daylight,Dry,Clear,None apparent,Non-intersection:  Other non-intersection (explain in narrative),Paved,,Property Damage Only,0,0,0,0,0,0,3500,1,1,,POINT (-94.629105527035 41.879928211181)
2014802422,14-5976,06/08/2014,06-June,1-Sunday,05:48,0500 Hours,District 3 (Northwest),,SAC,US 71,US 71/KARR AVE,Non-collision events:  Other non-collision (explain in narrative),On Roadway,Non-collision (single vehicle),Other (explain in narrative):  No improper action,None Indicated,,Dawn,Dry,Clear,None apparent,Non-intersection:  Non-junction/no special feature,Paved,,Property Damage Only,0,0,0,0,0,0,3000,1,3,,POINT (-95.148042743765 42.445969311369)
2014812939,14-002343,06/08/2014,06-June,1-Sunday,01:00,0100 Hours,District 4 (Southwest),CARTER LAKE,POTTAWATTAMIE,,N 9TH ST,Unknown,On Roadway,Rear-end (front to rear),Separation of units,None Indicated,,Dark - roadway lighted,Dry,Cloudy,None apparent,Intersection:  T-intersection,Paved,,Property Damage Only,0,0,0,0,0,0,7000,2,6,,POINT (-95.91803855671 41.289609291516)
2014802345,20140016068,06/08/2014,06-June,1-Sunday,13:00,1300 Hours,District 1 (Central),DES MOINES,POLK,,2ND AVE,Collision with:  Vehicle in traffic,On Roadway,Rear-end (front to rear),Followed too close,None Indicated,,Daylight,Dry,Clear,None apparent,Non-intersection:  Non-junction/no special feature,Paved,,Possible/Unknown,0,1,0,0,1,0,6000,2,3,,POINT (-93.619890378754 41.616575340086)
2014802370,20140016048,06/08/2014,06-June,1-Sunday,07:45,0700 Hours,District 1 (Central),DES MOINES,POLK,US 69,US 69/E 14TH ST & IA 163/E UNIVERSITY AVE,Collision with:  Vehicle in traffic,On Roadway,Broadside (front to side),Ran Traffic Signal,None Indicated,,Daylight,Dry,Cloudy,None apparent,Intersection:  Four-way intersection,Paved,,Minor Injury,0,1,0,1,0,0,2500,2,2,,POINT (-93.600405724499 41.600609868877)
2014802371,20140016061,06/08/2014,06-June,1-Sunday,10:24,1000 Hours,District 1 (Central),DES MOINES,POLK,,E 30TH ST,Collision with:  Other non-fixed object (explain in narrative),On Roadway,"Sideswipe, opposite direction",Equipment failure,None Indicated,,Daylight,Dry,Cloudy,None apparent,Non-intersection:  Non-junction/no special feature,Paved,,Property Damage Only,0,0,0,0,0,0,3300,2,3,,POINT (-93.558371250107 41.591003804124)
2014802346,20140016074,06/08/2014,06-June,1-Sunday,13:51,1300 Hours,District 1 (Central),DES MOINES,POLK,,EASTON BLVD & E 32ND CT,Non-collision events:  Other non-collision (explain in narrative),On Roadway,Non-collision (single vehicle),Lost Control,None Indicated,,Daylight,Dry,Clear,None apparent,Non-intersection:  Non-junction/no special feature,Paved,,Minor Injury,0,1,0,1,0,0,5000,1,1,,POINT (-93.5543361866 41.611604882597)
2014802234,01-14-24762,06/08/2014,06-June,1-Sunday,12:22,1200 Hours,District 6 (East Central),DUBUQUE,DUBUQUE,US 20,US 20/DODGE ST,Collision with:  Vehicle in traffic,On Roadway,Rear-end (front to rear),Lost Control,None Indicated,,Daylight,Dry,Cloudy,None apparent,Non-intersection:  Non-junction/no special feature,Paved,,Property Damage Only,0,0,0,0,0,0,10500,2,3,,POINT (-90.717220606328 42.492163615032)
2014802249,14-009576,06/08/2014,06-June,1-Sunday,22:22,2200 Hours,District 5 (Southeast),MOUNT PLEASANT,HENRY,US 218,US 218,Collision with:  Animal,,,Animal,None Indicated,,,,,,,Paved,,Property Damage Only,0,0,0,0,0,0,5000,1,1,,POINT (-91.52427173064 40.951980975843)
2014803787,143993,06/08/2014,06-June,1-Sunday,19:48,1900 Hours,District 4 (Southwest),WOODWARD,DALLAS,IA 141,IA 141/IOWA 141,Collision with:  Animal,,,Animal,None Indicated,,,,,,,Paved,,Property Damage Only,0,0,0,0,0,0,6000,1,1,,POINT (-93.916095067327 41.831502311095)
2014802613,S79140181,06/08/2014,06-June,1-Sunday,06:32,0600 Hours,District 1 (Central),,POWESHIEK,US 63,US 63,Collision with fixed object:  Bridge overhead structure,Shoulder,Non-collision (single vehicle),Ran off road - right,None Indicated,,Daylight,Dry,Cloudy,None apparent,Non-intersection:  Other non-intersection (explain in narrative),Paved,,Minor Injury,0,1,0,1,0,0,2000,1,1,,POINT (-92.591325976541 41.762507990642)
2014802417,14-023384,06/08/2014,06-June,1-Sunday,08:09,0800 Hours,District 4 (Southwest),COUNCIL BLUFFS,POTTAWATTAMIE,I-29,I-29,Collision with:  Vehicle in traffic,On Roadway,"Sideswipe, same direction",Other (explain in narrative):  Other,None Indicated,,Daylight,Dry,Clear,None apparent,Non-intersection:  Other non-intersection (explain in narrative),Paved,,Property Damage Only,0,0,0,0,0,0,2500,2,4,,POINT (-95.842992687087 41.230812751232)
2014802937,201408140,06/08/2014,06-June,1-Sunday,20:46,2000 Hours,District 6 (East Central),CEDAR RAPIDS,LINN,IA 922,IA 922/1ST AVE E & 10TH ST SE,Collision with:  Vehicle in traffic,On Roadway,Broadside (front to side),Ran Traffic Signal,None Indicated,,Dark - roadway lighted,Dry,Clear,None apparent,Intersection:  Four-way intersection,Paved,,Property Damage Only,0,0,0,0,0,0,9000,2,5,,POINT (-91.65976912858 41.98377982113)
2014802935,201408132,06/08/2014,06-June,1-Sunday,15:44,1500 Hours,District 6 (East Central),CEDAR RAPIDS,LINN,IA 922,IA 922/1ST AVE E & 34TH ST NE,Collision with fixed object:  Utility pole/light support,On Roadway,Non-collision (single vehicle),Crossed centerline (undivided),None Indicated,,Daylight,Dry,Cloudy,None apparent,Non-intersection:  Non-junction/no special feature,Paved,,Possible/Unknown,0,1,0,0,1,0,7000,1,1,,POINT (-91.635007134113 42.012200417632)
2014802233,01-14-24711,06/08/2014,06-June,1-Sunday,00:50,0000 Hours,District 6 (East Central),DUBUQUE,DUBUQUE,,CLINTON ST,Collision with:  Parked motor vehicle,On Roadway,Head-on (front to front),Lost Control,Refused,,Dark - roadway lighted,Dry,Clear,None apparent,Non-intersection:  Non-junction/no special feature,Paved,,Property Damage Only,0,0,0,0,0,0,10000,2,1,,POINT (-90.669662081224 42.523102434965)
2014802519,14008213,06/08/2014,06-June,1-Sunday,20:05,2000 Hours,District 5 (Southeast),,APPANOOSE,,153RD AVE,Collision with fixed object:  Ditch,Roadside,Non-collision (single vehicle),Swerving/Evasive Action,Alcohol (Statutory),,Dark - roadway not lighted,Dry,Clear,None apparent,Non-intersection:  Non-junction/no special feature,Unpaved,,Fatal,1,0,0,0,0,0,6700,1,1,,POINT (-92.991942783217 40.669279173917)
2014803081,14-17990,06/08/2014,06-June,1-Sunday,16:10,1600 Hours,District 3 (Northwest),SIOUX CITY,WOODBURY,,SINGING HILLS BLVD & SOUTHGATE DR,Collision with:  Vehicle in traffic,On Roadway,Broadside (front to side),FTYROW:  From stop sign,None Indicated,,Daylight,Dry,Clear,None apparent,Intersection:  Four-way intersection,Paved,,Property Damage Only,0,0,0,0,0,0,11500,2,5,,POINT (-96.36816904889 42.43554335231)
2014803755,142428,06/08/2014,06-June,1-Sunday,11:53,1100 Hours,District 1 (Central),ELDORA,HARDIN,,14TH AVE & 12TH ST & 12TH ST S,Collision with:  Vehicle in traffic,On Roadway,Broadside (front to side),Ran Stop Sign,None Indicated,,Daylight,Dry,Clear,None apparent,Intersection:  Four-way intersection,Paved,,Possible/Unknown,0,1,0,0,0,1,4100,2,2,,POINT (-93.098300547843 42.359769899153)
2014802815,2014-12104,06/08/2014,06-June,1-Sunday,14:39,1400 Hours,District 5 (Southeast),INDIANOLA,WARREN,US 65,US 65/N JEFFERSON WAY,Collision with:  Vehicle in traffic,On Roadway,"Sideswipe, same direction",FTYROW:  Other (explain in narrative),None Indicated,,Daylight,Dry,Cloudy,None apparent,Non-intersection:  Non-junction/no special feature,Paved,,Property Damage Only,0,0,0,0,0,0,1700,2,3,,POINT (-93.558448918402 41.372627304512)
2014803551,2014033977,06/08/2014,06-June,1-Sunday,17:45,1700 Hours,District 5 (Southeast),,MARION,,50TH PL,Non-collision events:  Overturn/rollover,On Roadway,Non-collision (single vehicle),Swerving/Evasive Action,None Indicated,,Daylight,Dry,Clear,None apparent,Non-intersection:  Non-junction/no special feature,Unpaved,,Major Injury,0,1,1,0,0,0,0,1,1,,POINT (-93.252985343446 41.4503047222)
2014802243,14-0821,06/08/2014,06-June,1-Sunday,22:45,2200 Hours,District 1 (Central),RALSTON,GREENE,US 30,US 30/US 30 DIAGONAL,Collision with:  Animal,On Roadway,Non-collision (single vehicle),Animal,None Indicated,,Dark - roadway not lighted,Dry,Clear,None apparent,Non-intersection:  Non-junction/no special feature,Paved,,Property Damage Only,0,0,0,0,0,0,5500,1,1,,POINT (-94.617852652102 42.044110802947)
2014802604,S14-002039,06/08/2014,06-June,1-Sunday,19:00,1900 Hours,District 4 (Southwest),COUNCIL BLUFFS,POTTAWATTAMIE,US 6,US 6/KANESVILLE BLVD & RAILROAD HWY & RAILROAD AVE,Collision with:  Vehicle in traffic,On Roadway,Rear-end (front to rear),Followed too close,None Indicated,,Daylight,Dry,Clear,None apparent,Non-intersection:  Non-junction/no special feature,Paved,,Property Damage Only,0,0,0,0,0,0,6000,2,2,,POINT (-95.807733929506 41.279430560133)
2014803715,2014-11547,06/08/2014,06-June,1-Sunday,21:39,2100 Hours,District 6 (East Central),,SCOTT,US 61,US 61,Collision with:  Animal,,,Animal,None Indicated,,,,,,,Paved,,Property Damage Only,0,0,0,0,0,0,3000,1,1,,POINT (-90.568861402744 41.744982615032)
2014802369,20140016045,06/08/2014,06-June,1-Sunday,02:00,0200 Hours,District 1 (Central),DES MOINES,POLK,,WALKER ST,Collision with:  Parked motor vehicle,Shoulder,Unknown,Ran off road - right,None Indicated,,Dark - roadway lighted,Dry,Clear,Unknown,Non-intersection:  Non-junction/no special feature,Paved,,Property Damage Only,0,0,0,0,0,0,3500,2,1,,POINT (-93.595920927664 41.598345364856)
2014802925,20141943,06/08/2014,06-June,1-Sunday,14:50,1400 Hours,District 6 (East Central),,LINN,,CEDAR RIVER RD,Collision with:  Animal,,,Animal,None Indicated,,,,,,,Paved,,Property Damage Only,0,0,0,0,0,0,3500,1,1,,POINT (-91.465063804803 41.885539860706)
2014804006,14009207,06/08/2014,06-June,1-Sunday,09:50,0900 Hours,District 2 (Northeast),MASON CITY,CERRO GORDO,US 65,US 65/N WASHINGTON AVE & 1ST ST NW,Collision with:  Vehicle in traffic,On Roadway,Broadside (front to side),Ran Traffic Signal,None Indicated,,Daylight,Dry,Clear,None apparent,Intersection:  Four-way intersection,Paved,,Property Damage Only,0,0,0,0,0,0,5000,2,4,,POINT (-93.202653715668 43.152735767184)
2014802565,2014006269,06/08/2014,06-June,1-Sunday,13:13,1300 Hours,District 6 (East Central),IOWA CITY,JOHNSON,US 6,US 6 & BROADWAY ST,Collision with:  Vehicle in traffic,On Roadway,Rear-end (front to rear),Driver Distraction:  Reaching for object(s)/fallen object(s),None Indicated,,Daylight,Dry,Clear,None apparent,Non-intersection:  Non-junction/no special feature,Paved,,Property Damage Only,0,0,0,0,0,0,11000,2,2,,POINT (-91.520029707013 41.641918905941)
2014803244,2014033914,06/08/2014,06-June,1-Sunday,10:30,1000 Hours,District 6 (East Central),,SCOTT,I-80,I-80,Collision with fixed object:  Ditch,Outside trafficway,Non-collision (single vehicle),Swerving/Evasive Action,None Indicated,,Daylight,Dry,Clear,None apparent,Non-intersection:  Non-junction/no special feature,Paved,,Possible/Unknown,0,1,0,0,1,0,10300,1,2,,POINT (-90.858912156816 41.632988667791)
2014802647,2014-37957,06/08/2014,06-June,1-Sunday,20:44,2000 Hours,District 6 (East Central),DAVENPORT,SCOTT,I-80,I-80,Collision with fixed object:  Guardrail - face,On Roadway,Non-collision (single vehicle),Swerving/Evasive Action,None Indicated,,Dark - roadway lighted,Dry,Clear,None apparent,Non-intersection:  Non-junction/no special feature,Paved,,Property Damage Only,0,0,0,0,0,0,6000,1,2,,POINT (-90.570948136418 41.596324846925)
2014802691,2014033994,06/08/2014,06-June,1-Sunday,21:53,2100 Hours,District 2 (Northeast),CLEAR LAKE,CERRO GORDO,I-35,I-35,Collision with:  Animal,,,Animal,None Indicated,,,,,,,Paved,,Property Damage Only,0,0,0,0,0,0,10000,1,1,,POINT (-93.346336950774 42.97676699434)
2014803738,2014033924,06/08/2014,06-June,1-Sunday,12:10,1200 Hours,District 6 (East Central),,BENTON,,Co Rd V61/22 AVE TRL,Collision with:  Vehicle in traffic,On Roadway,Broadside (front to side),Other (explain in narrative):  Vision obstructed,None Indicated,,Daylight,Dry,Cloudy,None apparent,Non-intersection:  Driveway access (within),Paved,,Major Injury,0,1,1,0,0,0,10000,2,2,,POINT (-92.044067012828 42.182378042874)
2014804215,2014006270,06/08/2014,06-June,1-Sunday,02:00,0200 Hours,District 6 (East Central),IOWA CITY,JOHNSON,,LINCOLN AVE,Collision with:  Parked motor vehicle,Roadside,Rear-end (front to rear),Over correcting/over steering,None Indicated,,Dark - roadway lighted,Dry,Clear,None apparent,Non-intersection:  Non-junction/no special feature,Paved,,Property Damage Only,0,0,0,0,0,0,2700,2,1,,POINT (-91.551339792113 41.664096458562)
2014802368,20140016133,06/08/2014,06-June,1-Sunday,23:30,2300 Hours,District 1 (Central),DES MOINES,POLK,,ATKINS ST & 17TH ST,Collision with fixed object:  Traffic sign support,Outside trafficway,Head-on (front to front),"Operating vehicle in an reckless, erratic, careless, negligent manner",None Indicated,,Dark - roadway lighted,Dry,Clear,None apparent,Non-intersection:  Non-junction/no special feature,Paved,,Property Damage Only,0,0,0,0,0,0,2000,2,2,,POINT (-93.640165796081 41.597413953284)
2014803079,14-17958,06/08/2014,06-June,1-Sunday,02:00,0200 Hours,District 3 (Northwest),SIOUX CITY,WOODBURY,,CHRISTY RD & SUNNYBROOK DR,Collision with fixed object:  Other fixed object (explain in narrative),Outside trafficway,Non-collision (single vehicle),Ran off road - right,None Indicated,,Dark - roadway lighted,Dry,Cloudy,None apparent,Intersection:  T-intersection,Paved,,Property Damage Only,0,0,0,0,0,0,1500,1,2,,POINT (-96.328564675221 42.444724616471)
2014802330,14-3792,06/08/2014,06-June,1-Sunday,12:30,1200 Hours,District 1 (Central),GRIMES,POLK,IA 141,IA 141/IOWA 141,Collision with:  Vehicle in traffic,On Roadway,Rear-end (front to rear),Followed too close,None Indicated,,Daylight,Dry,Cloudy,None apparent,Intersection:  Four-way intersection,Paved,,Property Damage Only,0,0,0,0,0,0,2000,2,5,,POINT (-93.774975337502 41.673388165305)
2014802388,20140016082,06/08/2014,06-June,1-Sunday,15:22,1500 Hours,District 1 (Central),DES MOINES,POLK,US 69,US 69/SE 14TH ST,Collision with:  Vehicle in traffic,On Roadway,Rear-end (front to rear),Unknown,None Indicated,,Daylight,Dry,Cloudy,None apparent,Non-intersection:  Non-junction/no special feature,Paved,,Property Damage Only,0,0,0,0,0,0,3000,2,4,,POINT (-93.59679469006 41.527723633615)
2014803083,14-18030,06/08/2014,06-June,1-Sunday,22:30,2200 Hours,District 3 (Northwest),SIOUX CITY,WOODBURY,,18TH ST & JACKSON ST,Collision with:  Parked motor vehicle,On Roadway,Rear-end (front to rear),Over correcting/over steering,None Indicated,,Dark - roadway lighted,Dry,Clear,None apparent,Intersection:  Four-way intersection,Paved,,Property Damage Only,0,0,0,0,0,0,10000,2,2,,POINT (-96.402206701892 42.509130340192)
2014802206,CL14001897,06/08/2014,06-June,1-Sunday,15:35,1500 Hours,District 6 (East Central),CLINTON,CLINTON,,13TH AVE N & MILL CREEK PKWY,Collision with:  Vehicle in traffic,On Roadway,Rear-end (front to rear),Followed too close,None Indicated,,Daylight,Dry,Clear,None apparent,Non-intersection:  Non-junction/no special feature,Paved,,Property Damage Only,0,0,0,0,0,0,5000,2,2,,POINT (-90.228946119105 41.859275176291)
2014803997,14-130,06/08/2014,06-June,1-Sunday,18:48,1800 Hours,District 2 (Northeast),WAVERLY,BREMER,IA 116,IA 116/4TH ST SW & 8TH AVE SW,Collision with:  Vehicle in traffic,On Roadway,Rear-end (front to rear),Followed too close,None Indicated,,Daylight,Dry,Clear,None apparent,Intersection:  T-intersection,Paved,,Property Damage Only,0,0,0,0,0,0,4500,2,5,,POINT (-92.475630098975 42.717295438719)