Iowa DOT Case Number,Law Enforcement Case Number,Date of Crash,Month of Crash,Day of Week,Time of Crash,Hour,DOT District,City Name,County Name,Route with System,Location Description,First Harmful Event,Location of First Harmful Event,Manner of Crash/Collision,Major Cause,Drug or Alcohol ,Environmental Conditions,Light Conditions,Surface Conditions,Weather Conditions,Roadway Contribution,Roadway Type,Roadway Surface,Work Zone,Crash Severity,Number of Fatalities,Number of Injuries,Number of Major Injuries,Number of Minor Injuries,Number of Possible Injuries,Number of Unknown Injuries,Amount of Property Damage,Number of Vehicles Involved,Total Number of Occupants,Travel Direction,Location
2014803085,14-18064,06/09/2014,06-June,2-Monday,06:30,0600 Hours,District 3 (Northwest),SIOUX CITY,WOODBURY,,17TH ST,Collision with:  Parked motor vehicle,On Roadway,Rear-end (front to rear),Improper Backing,None Indicated,,Daylight,Wet,Rain,None apparent,Non-intersection:  Non-junction/no special feature,Paved,,Property Damage Only,0,0,0,0,0,0,2000,2,777,,POINT (-96.373988272126 42.507408263692)
2014802938,201408149,06/09/2014,06-June,2-Monday,03:15,0300 Hours,District 6 (East Central),CEDAR RAPIDS,LINN,,A AVE NE & 7TH ST NE,Collision with:  Vehicle in traffic,On Roadway,Broadside (front to side),Ran Traffic Signal,None Indicated,,Dark - roadway lighted,Dry,Clear,None apparent,Intersection:  Four-way intersection,Paved,,Possible/Unknown,0,2,0,0,2,0,12000,2,2,,POINT (-91.664039973506 41.982739831851)
2014802649,2014-38118,06/09/2014,06-June,2-Monday,12:04,1200 Hours,District 6 (East Central),DAVENPORT,SCOTT,US 67,US 67/W RIVER DR/WESTERN AVE & IA 461,Collision with:  Vehicle in traffic,On Roadway,"Sideswipe, same direction","Operating vehicle in an reckless, erratic, careless, negligent manner",None Indicated,,Daylight,Dry,Clear,None apparent,Non-intersection:  Non-junction/no special feature,Paved,,Property Damage Only,0,0,0,0,0,0,5000,2,3,,POINT (-90.581467873879 41.520208616092)
2014802608,14-023709,06/09/2014,06-June,2-Monday,23:55,2300 Hours,District 4 (Southwest),COUNCIL BLUFFS,POTTAWATTAMIE,US 6,US 6/W BROADWAY & S 23RD ST & N 23RD ST,Collision with:  Vehicle in traffic,On Roadway,Rear-end (front to rear),Followed too close,None Indicated,,Dark - roadway lighted,Dry,Clear,None apparent,Intersection:  Four-way intersection,Paved,,Property Damage Only,0,0,0,0,0,0,6500,2,3,,POINT (-95.878371215451 41.261914666064)
2014802867,140480O,06/09/2014,06-June,2-Monday,12:50,1200 Hours,District 1 (Central),OGDEN,BOONE,,W DIVISION ST & SW 5TH ST,Collision with:  Vehicle in traffic,On Roadway,Head-on (front to front),Made improper turn,None Indicated,,Daylight,Dry,Cloudy,None apparent,Intersection:  Four-way intersection,Paved,,Possible/Unknown,0,2,0,0,2,0,4000,2,2,,POINT (-94.033256927546 42.034597944831)
2014803740,2014034097,06/09/2014,06-June,2-Monday,13:15,1300 Hours,District 6 (East Central),,JOHNSON,I-80,I-80,Collision with:  Other non-fixed object (explain in narrative),On Roadway,Non-collision (single vehicle),Other (explain in narrative):  No improper action,None Indicated,,Daylight,Dry,Clear,Debris,Non-intersection:  Non-junction/no special feature,Paved,,Minor Injury,0,1,0,1,0,0,1000,1,3,,POINT (-91.470241585203 41.680752866467)
2014802873,CL14001913,06/09/2014,06-June,2-Monday,20:13,2000 Hours,District 6 (East Central),CLINTON,CLINTON,US 67,US 67/N 3RD ST,Collision with:  Vehicle in traffic,On Roadway,Rear-end (front to rear),Followed too close,None Indicated,,Dusk,Dry,Clear,None apparent,Non-intersection:  Non-junction/no special feature,Paved,,Property Damage Only,0,0,0,0,0,0,2000,2,4,,POINT (-90.181441361876 41.879119520041)
2014802594,20140016230,06/09/2014,06-June,2-Monday,17:17,1700 Hours,District 1 (Central),DES MOINES,POLK,I-235,I-235,Collision with:  Vehicle in traffic,On Roadway,Rear-end (front to rear),Followed too close,None Indicated,,Daylight,Dry,Cloudy,None apparent,Interchange-related:  Off-ramp,Paved,,Property Damage Only,0,0,0,0,0,0,3000,2,2,,POINT (-93.645184947431 41.595350261159)
2014802550,141582,06/09/2014,06-June,2-Monday,10:59,1000 Hours,District 3 (Northwest),DENISON,CRAWFORD,US 30,US 30/4TH AVE S & S 16TH ST,Collision with:  Vehicle in traffic,On Roadway,"Angle, oncoming left turn",Ran Traffic Signal,None Indicated,,Daylight,Dry,Cloudy,None apparent,Intersection:  Four-way intersection,Paved,,Possible/Unknown,0,1,0,0,1,0,7500,2,2,,POINT (-95.349775778159 42.012344897825)
2014802467,14-1717,06/09/2014,06-June,2-Monday,11:00,1100 Hours,District 1 (Central),FORT DODGE,WEBSTER,,S 25TH ST,Collision with:  Vehicle in traffic,On Roadway,Rear-end (front to rear),FTYROW:  From driveway,None Indicated,,Daylight,Dry,Cloudy,None apparent,Non-intersection:  Driveway access (within),Paved,,Property Damage Only,0,0,0,0,0,0,6501,2,3,,POINT (-94.163062259048 42.499942229268)
2014802582,20140016252,06/09/2014,06-June,2-Monday,21:59,2100 Hours,District 1 (Central),DES MOINES,POLK,,SW 9TH ST,Collision with fixed object:  Bridge overhead structure,On Roadway,Non-collision (single vehicle),Unknown,Refused,,Dark - roadway lighted,Dry,Clear,None apparent,Non-intersection:  Non-junction/no special feature,Paved,,Property Damage Only,0,0,0,0,0,0,4500,1,1,,POINT (-93.623817205241 41.573157212544)
2014802914,14-030609-01,06/09/2014,06-June,2-Monday,05:50,0500 Hours,District 6 (East Central),,IOWA,I-80,I-80,Collision with:  Animal,,,Animal,None Indicated,,,,,,,Paved,,Property Damage Only,0,0,0,0,0,0,1500,1,1,,POINT (-91.904077285118 41.687555798868)
2014802593,20140016229,06/09/2014,06-June,2-Monday,17:13,1700 Hours,District 1 (Central),DES MOINES,POLK,,FLEUR DR,Collision with:  Vehicle in traffic,On Roadway,Rear-end (front to rear),Followed too close,None Indicated,,Daylight,Dry,Cloudy,None apparent,Non-intersection:  Non-junction/no special feature,Paved,,Possible/Unknown,0,1,0,0,1,0,3000,2,3,,POINT (-93.644920327127 41.577202137745)
2014803237,2014034071,06/09/2014,06-June,2-Monday,11:05,1100 Hours,District 1 (Central),ALTOONA,POLK,I-80,I-80,Collision with:  Vehicle in traffic,On Roadway,"Sideswipe, same direction",FTYROW:  Other (explain in narrative),None Indicated,,Daylight,Dry,Cloudy,None apparent,Non-intersection:  Non-junction/no special feature,Paved,,Property Damage Only,0,0,0,0,0,0,9000,2,3,,POINT (-93.552622772478 41.655514197214)
2014802575,06-14-087,06/09/2014,06-June,2-Monday,15:40,1500 Hours,District 3 (Northwest),LE MARS,PLYMOUTH,IA 404,IA 404/5TH AVE NW,Collision with fixed object:  Guardrail - face,Shoulder,Non-collision (single vehicle),Unknown,None Indicated,,Daylight,Dry,Cloudy,None apparent,Non-intersection:  Non-junction/no special feature,Paved,,Property Damage Only,0,0,0,0,0,0,8000,1,1,,POINT (-96.174303914727 42.800299331842)
2014803087,14-18090,06/09/2014,06-June,2-Monday,14:39,1400 Hours,District 3 (Northwest),SIOUX CITY,WOODBURY,I-29,I-29,Collision with fixed object:  Traffic sign support,Shoulder,Non-collision (single vehicle),Ran off road - left,None Indicated,,Daylight,Dry,Cloudy,Work Zone (roadway-related),Non-intersection:  Non-junction/no special feature,Paved,Yes,Property Damage Only,0,0,0,0,0,0,4000,1,1,,POINT (-96.368157970731 42.424224924557)
2014815059,C14001788,06/09/2014,06-June,2-Monday,13:11,1300 Hours,District 6 (East Central),CORALVILLE,JOHNSON,US 6,US 6/2ND ST,Collision with:  Vehicle in traffic,On Roadway,Broadside (front to side),FTYROW:  From driveway,None Indicated,,Daylight,Dry,Clear,None apparent,Non-intersection:  Driveway access (within),Paved,,Property Damage Only,0,0,0,0,0,0,1800,2,3,,POINT (-91.5906511425 41.679041316491)
2014802688,14-1719,06/09/2014,06-June,2-Monday,12:20,1200 Hours,District 1 (Central),FORT DODGE,WEBSTER,,N 7TH ST,Collision with:  Non-motorist (see non-motorist section - NOT a unit),On Roadway,Non-collision (single vehicle),Improper Backing,None Indicated,,Daylight,Dry,Cloudy,None apparent,Non-intersection:  Non-junction/no special feature,Paved,,Possible/Unknown,0,1,0,0,1,0,0,1,1,,POINT (-94.189069052349 42.506312526153)
2014802599,14-0648,06/09/2014,06-June,2-Monday,16:55,1600 Hours,District 1 (Central),PLEASANT HILL,POLK,,MAPLE DR & N HICKORY BLVD,Collision with:  Vehicle in traffic,On Roadway,"Sideswipe, same direction",Made improper turn,None Indicated,,Daylight,Dry,Cloudy,None apparent,Non-intersection:  Non-junction/no special feature,Paved,,Property Damage Only,0,0,0,0,0,0,3500,2,2,,POINT (-93.517033197021 41.597961588901)
2014803837,1400000492,06/09/2014,06-June,2-Monday,07:25,0700 Hours,District 1 (Central),,MARSHALL,IA 330,IA 330/MARSHALLTOWN BLVD & 230TH ST,Collision with:  Animal,,Non-collision (single vehicle),Animal,None Indicated,,,,,,,Paved,,Property Damage Only,0,0,0,0,0,0,3000,1,1,,POINT (-93.004867940256 42.023955558921)
2014802648,2014-38068,06/09/2014,06-June,2-Monday,04:44,0400 Hours,District 6 (East Central),DAVENPORT,SCOTT,I-80,I-80,Collision with:  Animal,On Roadway,Non-collision (single vehicle),Animal,None Indicated,,Dark - roadway lighted,Dry,Clear,None apparent,Non-intersection:  Non-junction/no special feature,Paved,,Property Damage Only,0,0,0,0,0,0,2000,1,1,,POINT (-90.672370633947 41.602558065304)
2014802605,14-023561,06/09/2014,06-June,2-Monday,10:38,1000 Hours,District 4 (Southwest),COUNCIL BLUFFS,POTTAWATTAMIE,IA 192,IA 192/S EXPRESSWAY,Collision with:  Vehicle in traffic,On Roadway,"Sideswipe, opposite direction",Traveling wrong way or on wrong side of road,None Indicated,,Daylight,Dry,Cloudy,None apparent,Non-intersection:  Other non-intersection (explain in narrative),Paved,,Property Damage Only,0,0,0,0,0,0,2000,2,2,,POINT (-95.853918766373 41.248582038132)
2014802574,2014060901,06/09/2014,06-June,2-Monday,07:20,0700 Hours,District 4 (Southwest),SHENANDOAH,PAGE,,6TH AVE,Collision with:  Vehicle in traffic,Shoulder,Rear-end (front to rear),Improper Backing,None Indicated,,Daylight,Dry,Clear,None apparent,Non-intersection:  Non-junction/no special feature,Paved,,Property Damage Only,0,0,0,0,0,0,3000,2,1,,POINT (-95.374405527163 40.763093556301)
2014802435,14-006633,06/09/2014,06-June,2-Monday,21:24,2100 Hours,District 1 (Central),MONTOUR,TAMA,US 30,US 30,Collision with:  Animal,On Roadway,Non-collision (single vehicle),Animal,None Indicated,,Dark - roadway not lighted,Dry,Clear,None apparent,Non-intersection:  Non-junction/no special feature,Paved,,Property Damage Only,0,0,0,0,0,0,2000,1,1,,POINT (-92.688943699278 41.999891780301)
2014802802,14-10743,06/09/2014,06-June,2-Monday,12:28,1200 Hours,District 6 (East Central),BETTENDORF,SCOTT,,FALCON AVE & 53RD AVE,Collision with:  Vehicle in traffic,On Roadway,Broadside (front to side),FTYROW:  From stop sign,None Indicated,,Daylight,Dry,Clear,None apparent,Intersection:  T-intersection,Paved,,Minor Injury,0,2,0,1,1,0,6000,2,2,,POINT (-90.50121987875 41.575096828307)
2014803739,2014034088,06/09/2014,06-June,2-Monday,12:40,1200 Hours,District 1 (Central),,POWESHIEK,I-80,I-80,Collision with:  Vehicle in traffic,On Roadway,"Sideswipe, same direction",Equipment failure,None Indicated,,Daylight,Dry,Clear,None apparent,Non-intersection:  Non-junction/no special feature,Paved,,Property Damage Only,0,0,0,0,0,0,15000,3,8,,POINT (-92.594404472432 41.695794542138)
2014803156,14-1267,06/09/2014,06-June,2-Monday,20:13,2000 Hours,District 1 (Central),URBANDALE,POLK,,DOUGLAS PKWY & 142ND ST,Collision with:  Vehicle in traffic,On Roadway,Broadside (front to side),FTYROW:  From yield sign,None Indicated,,Daylight,Dry,Clear,None apparent,Intersection:  Four-way intersection,Paved,,Property Damage Only,0,0,0,0,0,0,4000,2,2,,POINT (-93.80898477505 41.629208114568)
2014804128,201400027822,06/09/2014,06-June,2-Monday,15:07,1500 Hours,District 5 (Southeast),OTTUMWA,WAPELLO,,W FINLEY AVE & S ADELLA ST & N ADELLA ST,Collision with:  Vehicle in traffic,On Roadway,Broadside (front to side),Other (explain in narrative):  Other,None Indicated,,Daylight,Dry,Clear,None apparent,Intersection:  Four-way intersection,Paved,,Property Damage Only,0,0,0,0,0,0,2500,2,4,,POINT (-92.427103413832 41.002188107014)
2014802210,14-19420,06/09/2014,06-June,2-Monday,01:30,0100 Hours,District 5 (Southeast),BURLINGTON,DES MOINES,,VINE ST & CENTRAL AVE,Collision with:  Vehicle in traffic,Outside trafficway,"Sideswipe, same direction","Operating vehicle in an reckless, erratic, careless, negligent manner",Refused,,Dark - roadway lighted,Dry,Clear,None apparent,Non-intersection:  Non-junction/no special feature,Paved,,Property Damage Only,0,0,0,0,0,0,5500,2,1,,POINT (-91.11250078531 40.803642797671)
2014836280,060914-1,06/09/2014,06-June,2-Monday,16:58,1600 Hours,District 6 (East Central),WILLIAMSBURG,IOWA,IA 149,IA 149/HIGHLAND ST & FRANKLIN ST,Collision with:  Vehicle in traffic,On Roadway,Rear-end (front to rear),Other (explain in narrative):  Other,None Indicated,,Daylight,Dry,Cloudy,None apparent,Non-intersection:  Non-junction/no special feature,Paved,,Property Damage Only,0,0,0,0,0,0,2500,2,2,,POINT (-92.007558825573 41.653882074153)
2014802785,20140016307,06/09/2014,06-June,2-Monday,16:30,1600 Hours,District 1 (Central),DES MOINES,POLK,,CENTER ST & 2ND AVE,Collision with:  Vehicle in traffic,On Roadway,"Sideswipe, same direction",Other (explain in narrative):  Other,None Indicated,,Daylight,Dry,Clear,None apparent,Non-intersection:  Non-junction/no special feature,Paved,,Property Damage Only,0,0,0,0,0,0,3030,2,3,,POINT (-93.620298898387 41.59156006689)
2014802766,20141992,06/09/2014,06-June,2-Monday,02:15,0200 Hours,District 1 (Central),,GRUNDY,US 20,US 20,Collision with:  Animal,,,Animal,None Indicated,,,,,,,Paved,,Property Damage Only,0,0,0,0,0,0,6000,1,1,,POINT (-92.724987554481 42.46309636721)
2014808066,2014034143,06/09/2014,06-June,2-Monday,17:21,1700 Hours,District 2 (Northeast),,BREMER,IA 3,IA 3/IOWA 3,Collision with:  Vehicle in traffic,On Roadway,Rear-end (front to rear),Swerving/Evasive Action,None Indicated,,Daylight,Dry,Clear,None apparent,Non-intersection:  Driveway access (within),Paved,,Major Injury,0,1,1,0,0,0,2300,2,3,,POINT (-92.540398604639 42.715097130064)
2014822521,EP14001058,06/09/2014,06-June,2-Monday,08:49,0800 Hours,District 2 (Northeast),EAGLE GROVE,WRIGHT,,2ND ST SE & S JACKSON AVE,Collision with:  Vehicle in traffic,On Roadway,"Angle, oncoming left turn",Made improper turn,None Indicated,,Daylight,Dry,Clear,None apparent,Non-intersection:  Non-junction/no special feature,Paved,,Property Damage Only,0,0,0,0,0,0,4000,2,2,,POINT (-93.896272247044 42.662063679593)
2014803086,14-18066,06/09/2014,06-June,2-Monday,07:54,0700 Hours,District 3 (Northwest),SIOUX CITY,WOODBURY,IA 376,IA 376/LEWIS BLVD,Collision with:  Vehicle in traffic,On Roadway,"Angle, oncoming left turn",Crossed centerline (undivided),None Indicated,,Daylight,Wet,Rain,None apparent,Non-intersection:  Non-junction/no special feature,Paved,,Property Damage Only,0,0,0,0,0,0,6000,2,2,,POINT (-96.378353798765 42.494925342391)
2014807086,,06/09/2014,06-June,2-Monday,05:15,0500 Hours,District 2 (Northeast),,FLOYD,US 18,US 18,Collision with:  Animal,On Roadway,Non-collision (single vehicle),Animal,None Indicated,,Dawn,Dry,Clear,None apparent,Non-intersection:  Non-junction/no special feature,Paved,,Property Damage Only,0,0,0,0,0,0,2500,1,1,,POINT (-93.008137284824 43.116706328754)
2014805726,2014034195,06/09/2014,06-June,2-Monday,22:06,2200 Hours,District 5 (Southeast),MUSCATINE,MUSCATINE,,1ST AVE,Collision with:  Parked motor vehicle,Roadside,Rear-end (front to rear),"Operating vehicle in an reckless, erratic, careless, negligent manner",None Indicated,,Dark - roadway lighted,Dry,Clear,None apparent,Non-intersection:  Non-junction/no special feature,Paved,,Minor Injury,0,1,0,1,0,0,8000,2,2,,POINT (-91.03454558038 41.443031549587)
2014802666,14-000695,06/09/2014,06-June,2-Monday,05:34,0500 Hours,District 1 (Central),,STORY,,Co Rd S14/620TH AVE,Collision with:  Animal,,,Animal,None Indicated,,,,,,,Paved,,Property Damage Only,0,0,0,0,0,0,2500,1,1,,POINT (-93.463273859349 41.948841931959)
2014803188,2014-38200,06/09/2014,06-June,2-Monday,17:14,1700 Hours,District 6 (East Central),DAVENPORT,SCOTT,,E 39TH ST & BRIDGE AVE,Collision with:  Vehicle in traffic,On Roadway,Broadside (front to side),FTYROW:  From driveway,None Indicated,,Daylight,Dry,Clear,None apparent,Non-intersection:  Driveway access (within),Paved,,Property Damage Only,0,0,0,0,0,0,4500,2,2,,POINT (-90.556596684541 41.560121280532)
2014803025,2014-11610,06/09/2014,06-June,2-Monday,20:58,2000 Hours,District 6 (East Central),,SCOTT,,Co Rd Z16/UTICA RIDGE RD,Collision with:  Animal,,,Animal,None Indicated,,,,,,,Paved,,Property Damage Only,0,0,0,0,0,0,15000,1,1,,POINT (-90.490653496761 41.684292167346)
2014802860,,06/09/2014,06-June,2-Monday,13:53,1300 Hours,District 6 (East Central),CEDAR RAPIDS,LINN,,DIAGONAL DR SW & 2ND ST SW,Collision with:  Vehicle in traffic,On Roadway,"Sideswipe, same direction",Unknown,None Indicated,,Daylight,Dry,Clear,,Intersection:  Four-way intersection,Paved,,Property Damage Only,0,0,0,0,0,0,9000,3,3,,POINT (-91.670965181118 41.970724571288)
2014802874,CL14001914,06/09/2014,06-June,2-Monday,21:58,2100 Hours,District 6 (East Central),CLINTON,CLINTON,,11TH AVE S & S 9TH ST,Collision with:  Vehicle in traffic,On Roadway,Broadside (front to side),FTYROW:  From stop sign,None Indicated,,Dark - roadway lighted,Dry,Cloudy,None apparent,Intersection:  Four-way intersection,Paved,,Property Damage Only,0,0,0,0,0,0,3400,2,2,,POINT (-90.20686134873 41.834172200949)
2014804882,2014-10777,06/09/2014,06-June,2-Monday,23:26,2300 Hours,District 6 (East Central),BETTENDORF,SCOTT,,MAPLECREST RD,Collision with:  Parked motor vehicle,On Roadway,"Sideswipe, same direction",Driver Distraction:  Manual operation of an electronic communication device,Alcohol (< Statutory),,Dark - roadway lighted,Dry,Clear,None apparent,Non-intersection:  Non-junction/no special feature,Paved,,Property Damage Only,0,0,0,0,0,0,5000,2,1,,POINT (-90.491005944609 41.554835234078)
2014803236,2014034018,06/09/2014,06-June,2-Monday,05:15,0500 Hours,District 5 (Southeast),,MUSCATINE,US 61,US 61,Collision with:  Animal,On Roadway,Non-collision (single vehicle),Animal,None Indicated,,Dawn,Dry,Clear,None apparent,Non-intersection:  Non-junction/no special feature,Paved,,Property Damage Only,0,0,0,0,0,0,3500,1,1,,POINT (-90.795536582087 41.512795908424)
2014810302,2014005652,06/09/2014,06-June,2-Monday,09:44,0900 Hours,District 1 (Central),MARSHALLTOWN,MARSHALL,IA 14,IA 14/E ANSON ST & S 1ST AVE,Collision with:  Vehicle in traffic,On Roadway,Broadside (front to side),Ran Traffic Signal,None Indicated,,Daylight,Dry,Cloudy,None apparent,Intersection:  Four-way intersection,Paved,,Property Damage Only,0,0,0,0,0,0,6000,2,3,,POINT (-92.911052652223 42.038205695353)
2014802527,W14-057154,06/09/2014,06-June,2-Monday,15:24,1500 Hours,District 2 (Northeast),WATERLOO,BLACK HAWK,,W 3RD ST & FLETCHER AVE,Collision with:  Vehicle in traffic,On Roadway,Broadside (front to side),Ran Stop Sign,None Indicated,,Daylight,Dry,Clear,None apparent,Intersection:  Four-way intersection,Paved,,Property Damage Only,0,0,0,0,0,0,2500,2,2,,POINT (-92.367113099468 42.48667930441)
2014804129,201400027845,06/09/2014,06-June,2-Monday,17:10,1700 Hours,District 5 (Southeast),OTTUMWA,WAPELLO,,N MOORE ST & CHURCH ST,Collision with:  Parked motor vehicle,On Roadway,"Sideswipe, same direction",Illegally Parked/Unattended,None Indicated,,Daylight,Dry,Cloudy,None apparent,Non-intersection:  Non-junction/no special feature,Paved,,Property Damage Only,0,0,0,0,0,0,1700,2,2,,POINT (-92.419925907613 41.008457927748)
2014802584,20140016258,06/09/2014,06-June,2-Monday,22:28,2200 Hours,District 1 (Central),DES MOINES,POLK,US 69,US 69/SE 14TH ST & INDIANOLA AVE,Collision with:  Vehicle in traffic,On Roadway,Broadside (front to side),Ran Traffic Signal,None Indicated,,Dark - roadway lighted,Dry,Clear,None apparent,Intersection:  Four-way intersection,Paved,,Minor Injury,0,1,0,1,0,0,12000,2,2,,POINT (-93.596826574121 41.553358331362)
2014802999,20140016502,06/09/2014,06-June,2-Monday,22:00,2200 Hours,District 1 (Central),DES MOINES,POLK,,WATSON POWELL JR WAY & 3RD ST,Collision with:  Parked motor vehicle,On Roadway,Unknown,Other (explain in narrative):  Other,None Indicated,,Unknown,Unknown,Unknown,Unknown,Unknown,Paved,,Property Damage Only,0,0,0,0,0,0,1500,2,1,,POINT (-93.621480517428 41.589662163401)
2014802771,14017004,06/09/2014,06-June,2-Monday,06:09,0600 Hours,District 5 (Southeast),,LEE,,Co Rd J40/CO RD 103,Collision with:  Animal,,,Animal,None Indicated,,,,,,,Paved,,Property Damage Only,0,0,0,0,0,0,2500,1,1,,POINT (-91.430718080773 40.714681586914)
2014802836,609153814,06/09/2014,06-June,2-Monday,15:38,1500 Hours,District 4 (Southwest),,RINGGOLD,,Co Rd J23/CO HWY J23 & Co Rd P27/CO HWY P27,Collision with:  Vehicle in traffic,On Roadway,"Angle, oncoming left turn",FTYROW:  From stop sign,None Indicated,,Daylight,Dry,Cloudy,None apparent,Intersection:  T-intersection,Paved,,Property Damage Only,0,0,0,0,0,0,3500,2,6,,POINT (-94.376952105249 40.81248847446)
2014803400,14116,06/09/2014,06-June,2-Monday,14:55,1400 Hours,District 5 (Southeast),PELLA,MARION,,MAIN ST,Collision with:  Vehicle in traffic,On Roadway,Broadside (front to side),FTYROW:  From parked position,None Indicated,,Daylight,Dry,Cloudy,None apparent,Non-intersection:  Non-junction/no special feature,Paved,,Property Damage Only,0,0,0,0,0,0,2000,2,2,,POINT (-92.916478613622 41.405974130297)
2014802922,201400001966,06/09/2014,06-June,2-Monday,21:10,2100 Hours,District 6 (East Central),,LINN,US 30,US 30 & OLD RIVER RD,Collision with:  Vehicle in traffic,On Roadway,Rear-end (front to rear),Improper or erratic lane changing,None Indicated,,Dark - roadway not lighted,Dry,Cloudy,None apparent,Non-intersection:  Non-junction/no special feature,Paved,,Property Damage Only,0,0,0,0,0,0,4000,2,5,,POINT (-91.555575901905 41.925811422726)
2014809329,060914A,06/09/2014,06-June,2-Monday,14:56,1400 Hours,District 4 (Southwest),HAMBURG,FREMONT,,GEORGE ST & PARK ST,Collision with:  Vehicle in traffic,On Roadway,Broadside (front to side),FTYROW:  At uncontrolled intersection,None Indicated,,Daylight,Dry,Cloudy,None apparent,Intersection:  Four-way intersection,Paved,,Property Damage Only,0,0,0,0,0,0,3500,2,2,,POINT (-95.658673453355 40.597111142028)
2014802592,20140016227,06/09/2014,06-June,2-Monday,16:50,1600 Hours,District 1 (Central),DES MOINES,POLK,,MADISON AVE & BEAVER AVE,Collision with:  Vehicle in traffic,On Roadway,Rear-end (front to rear),Driving too fast for conditions,None Indicated,,Daylight,Dry,Cloudy,None apparent,Intersection:  Four-way intersection,Paved,,Minor Injury,0,1,0,1,0,0,8000,3,5,,POINT (-93.6780736259 41.633135339244)
2014804439,4514-028,06/09/2014,06-June,2-Monday,08:06,0800 Hours,District 2 (Northeast),,HOWARD,,195TH ST,Non-collision events:  Overturn/rollover,Shoulder,Non-collision (single vehicle),Crossed centerline (undivided),None Indicated,,Daylight,"Mud, dirt",Clear,None apparent,Non-intersection:  Non-junction/no special feature,Unpaved,,Major Injury,0,1,1,0,0,0,3000,1,1,,POINT (-92.100759427225 43.234881241625)
2014802430,14HPD0052,06/09/2014,06-June,2-Monday,12:05,1200 Hours,District 3 (Northwest),HAWARDEN,SIOUX,,8TH ST,Collision with:  Vehicle in traffic,On Roadway,Rear-end (front to rear),Improper Backing,None Indicated,,Daylight,Wet,Cloudy,None apparent,Non-intersection:  Non-junction/no special feature,Paved,,Property Damage Only,0,0,0,0,0,0,4500,2,2,,POINT (-96.486056564625 42.994407771826)
2014803725,1-14-000209,06/09/2014,06-June,2-Monday,07:13,0700 Hours,District 4 (Southwest),,SHELBY,,TIMBER RD,Collision with fixed object:  Tree,Shoulder,Non-collision (single vehicle),Ran off road - right,None Indicated,,Daylight,"Mud, dirt",Clear,None apparent,Non-intersection:  Non-junction/no special feature,Unpaved,,Fatal,1,0,0,0,0,0,5000,1,1,,POINT (-95.188556854639 41.63409374282)
2014815058,C14001784,06/09/2014,06-June,2-Monday,11:33,1100 Hours,District 6 (East Central),CORALVILLE,JOHNSON,US 6,US 6/2ND ST & 12TH AVE,Collision with:  Vehicle in traffic,On Roadway,"Angle, oncoming left turn",FTYROW:  Making left turn,None Indicated,,Daylight,Dry,Clear,None apparent,Intersection:  T-intersection,Paved,,Property Damage Only,0,0,0,0,0,0,3500,2,3,,POINT (-91.581775912494 41.674518764256)
2014803189,2014-38214,06/09/2014,06-June,2-Monday,18:37,1800 Hours,District 6 (East Central),DAVENPORT,SCOTT,,E 53RD ST & ELMORE AVE,Collision with:  Vehicle in traffic,On Roadway,Rear-end (front to rear),Followed too close,None Indicated,,Daylight,Dry,Clear,None apparent,Intersection:  Four-way intersection,Paved,,Property Damage Only,0,0,0,0,0,0,5500,2,2,,POINT (-90.528586977681 41.574860104089)
2014802615,14-10751,06/09/2014,06-June,2-Monday,14:47,1400 Hours,District 6 (East Central),BETTENDORF,SCOTT,,VICTORIA ST,Collision with:  Parked motor vehicle,On Roadway,"Sideswipe, opposite direction",Driving too fast for conditions,None Indicated,,Daylight,Dry,Clear,None apparent,Non-intersection:  Non-junction/no special feature,Paved,,Property Damage Only,0,0,0,0,0,0,3500,2,3,,POINT (-90.49711351479 41.554094804976)
2014806100,14-19496,06/09/2014,06-June,2-Monday,15:20,1500 Hours,District 5 (Southeast),,DES MOINES,US 61,US 61 & 60TH ST,Collision with:  Vehicle in traffic,On Roadway,Rear-end (front to rear),Followed too close,None Indicated,,Daylight,Dry,Cloudy,None apparent,Intersection:  Four-way intersection,Paved,,Property Damage Only,0,0,0,0,0,0,1500,2,2,,POINT (-91.151644808014 40.767713727949)
2014803167,S14-002045,06/09/2014,06-June,2-Monday,08:35,0800 Hours,District 4 (Southwest),,POTTAWATTAMIE,,Co Rd L66/340TH ST,Collision with:  Vehicle in traffic,On Roadway,"Sideswipe, same direction",Swerving/Evasive Action,None Indicated,,Daylight,Dry,Clear,None apparent,Non-intersection:  Driveway access (within),Paved,,Property Damage Only,0,0,0,0,0,0,5000,2,3,,POINT (-95.536479000519 41.343004088632)
2014805170,2014034081,06/09/2014,06-June,2-Monday,12:30,1200 Hours,District 5 (Southeast),,HENRY,US 218,US 218,Non-collision events:  Other non-collision (explain in narrative),Shoulder,Non-collision (single vehicle),Ran off road - right,None Indicated,,Daylight,Dry,Clear,None apparent,Non-intersection:  Non-junction/no special feature,Paved,,Property Damage Only,0,0,0,0,0,0,7500,1,2,,POINT (-91.558236110961 40.891517021749)
2014802607,14-023687,06/09/2014,06-June,2-Monday,08:45,0800 Hours,District 4 (Southwest),COUNCIL BLUFFS,POTTAWATTAMIE,,AVE B,Collision with:  Vehicle in traffic,On Roadway,Broadside (front to side),Improper Backing,None Indicated,,Daylight,Dry,Clear,None apparent,Non-intersection:  Non-junction/no special feature,Paved,,Property Damage Only,0,0,0,0,0,0,3300,2,1,,POINT (-95.870748872644 41.26365422275)