Iowa DOT Case Number,Law Enforcement Case Number,Date of Crash,Month of Crash,Day of Week,Time of Crash,Hour,DOT District,City Name,County Name,Route with System,Location Description,First Harmful Event,Location of First Harmful Event,Manner of Crash/Collision,Major Cause,Drug or Alcohol ,Environmental Conditions,Light Conditions,Surface Conditions,Weather Conditions,Roadway Contribution,Roadway Type,Roadway Surface,Work Zone,Crash Severity,Number of Fatalities,Number of Injuries,Number of Major Injuries,Number of Minor Injuries,Number of Possible Injuries,Number of Unknown Injuries,Amount of Property Damage,Number of Vehicles Involved,Total Number of Occupants,Travel Direction,Location
2014802979,14-3386,06/11/2014,06-June,4-Wednesday,21:45,2100 Hours,District 1 (Central),,POLK,IA 17,IA 17,Collision with:  Animal,,,Animal,None Indicated,,,,,,,Paved,,Property Damage Only,0,0,0,0,0,0,4500,1,1,,POINT (-93.815254504726 41.83579301818)
2014804703,14003441,06/11/2014,06-June,4-Wednesday,14:43,1400 Hours,District 3 (Northwest),AURELIA,CHEROKEE,,U AVE,Collision with fixed object:  Bridge overhead structure,On Roadway,Non-collision (single vehicle),Ran off road - right,None Indicated,,Daylight,"Mud, dirt",Clear,None apparent,Non-intersection:  Other non-intersection (explain in narrative),Unpaved,,Minor Injury,0,1,0,1,0,0,16500,1,3,,POINT (-95.466731546751 42.656438153071)
2014803059,14-000706,06/11/2014,06-June,4-Wednesday,17:30,1700 Hours,District 1 (Central),,STORY,,Co Rd R63/180TH ST,Collision with fixed object:  Other fixed object (explain in narrative),On Roadway,Non-collision (single vehicle),Ran off road - right,None Indicated,,Daylight,"Mud, dirt",Clear,None apparent,Non-intersection:  Non-junction/no special feature,Unpaved,,Minor Injury,0,1,0,1,0,0,4300,1,1,,POINT (-93.594246043385 42.092236028477)
2014803394,14-014005,06/11/2014,06-June,4-Wednesday,19:20,1900 Hours,District 5 (Southeast),,MARION,IA 5,IA 5/IOWA 5,Collision with fixed object:  Ditch,On Roadway,Non-collision (single vehicle),Ran off road - right,None Indicated,,Daylight,Dry,Clear,None apparent,Non-intersection:  Non-junction/no special feature,Paved,,Possible/Unknown,0,1,0,0,1,0,2000,1,1,,POINT (-92.983463315823 41.225956481815)
2014803266,,06/11/2014,06-June,4-Wednesday,14:25,1400 Hours,District 3 (Northwest),PAULLINA,OBRIEN,,S MAIN ST,Collision with:  Vehicle in traffic,On Roadway,"Sideswipe, same direction",Other (explain in narrative):  No improper action,None Indicated,,Daylight,Dry,Cloudy,None apparent,Non-intersection:  Other non-intersection (explain in narrative),Paved,,Property Damage Only,0,0,0,0,0,0,1500,2,2,,POINT (-95.687736079041 42.978528420762)
2014803015,14-0653,06/11/2014,06-June,4-Wednesday,11:15,1100 Hours,District 1 (Central),PLEASANT HILL,POLK,IA 163,IA 163/NE UNIVERSITY AVE,Collision with:  Vehicle in traffic,On Roadway,Rear-end (front to rear),FTYROW:  Other (explain in narrative),None Indicated,,Daylight,Dry,Clear,None apparent,Intersection:  Other intersection (explain in narrative),Paved,,Possible/Unknown,0,1,0,0,1,0,5100,2,2,,POINT (-93.448894096078 41.600517661161)
2014802899,01-14-25225,06/11/2014,06-June,4-Wednesday,08:42,0800 Hours,District 6 (East Central),DUBUQUE,DUBUQUE,,W 8TH ST & LOCUST ST S,Collision with:  Vehicle in traffic,On Roadway,"Sideswipe, same direction",FTYROW:  Other (explain in narrative),None Indicated,,Daylight,Dry,Clear,None apparent,Intersection:  Four-way intersection,Paved,,Property Damage Only,0,0,0,0,0,0,4500,2,2,,POINT (-90.668322029392 42.500544146571)
2014803264,,06/11/2014,06-June,4-Wednesday,17:01,1700 Hours,District 6 (East Central),CAMANCHE,CLINTON,,2ND ST & 7TH AVE,Collision with:  Vehicle in traffic,On Roadway,Broadside (front to side),FTYROW:  From yield sign,None Indicated,,Daylight,Dry,Clear,None apparent,Intersection:  Four-way intersection,Paved,,Property Damage Only,0,0,0,0,0,0,2000,2,2,,POINT (-90.252102172116 41.782400203797)
2014804131,201400028224,06/11/2014,06-June,4-Wednesday,20:31,2000 Hours,District 5 (Southeast),OTTUMWA,WAPELLO,IA 149,IA 149/IOWA 149,Collision with:  Vehicle in traffic,On Roadway,Broadside (front to side),Ran Traffic Signal,None Indicated,,Daylight,Dry,Clear,None apparent,Intersection:  Four-way intersection,Paved,,Property Damage Only,0,0,0,0,0,0,3000,2,3,,POINT (-92.410421888169 41.050072290955)
2014802984,20140016423,06/11/2014,06-June,4-Wednesday,14:46,1400 Hours,District 1 (Central),DES MOINES,POLK,,BUCHANAN ST,Collision with:  Parked motor vehicle,On Roadway,Broadside (front to side),Unknown,None Indicated,,Daylight,Dry,Cloudy,Unknown,Non-intersection:  Non-junction/no special feature,Paved,,Possible/Unknown,0,1,0,0,0,1,6000,2,1,,POINT (-93.603117583943 41.598019603667)
2014803282,W14-057850,06/11/2014,06-June,4-Wednesday,14:28,1400 Hours,District 2 (Northeast),WATERLOO,BLACK HAWK,US 218,US 218/WASHINGTON ST & WILLISTON AVE & W 18TH ST,Collision with:  Vehicle in traffic,On Roadway,Rear-end (front to rear),Other (explain in narrative):  Other,None Indicated,,Daylight,Dry,Clear,None apparent,Non-intersection:  Non-junction/no special feature,Paved,,Property Damage Only,0,0,0,0,0,0,4500,2,2,,POINT (-92.32806032287 42.483854307028)
2014803194,2014-38747,06/11/2014,06-June,4-Wednesday,18:13,1800 Hours,District 6 (East Central),DAVENPORT,SCOTT,,W 3RD ST,Collision with:  Vehicle in traffic,On Roadway,Rear-end (front to rear),Followed too close,None Indicated,,Daylight,Dry,Cloudy,None apparent,Non-intersection:  Non-junction/no special feature,Paved,,Possible/Unknown,0,1,0,0,1,0,0,2,3,,POINT (-90.602193865649 41.522318059702)
2014803004,20140016405,06/11/2014,06-June,4-Wednesday,13:00,1300 Hours,District 1 (Central),DES MOINES,POLK,,HUBBELL AVE,Collision with:  Vehicle in traffic,On Roadway,"Sideswipe, same direction",FTYROW:  Other (explain in narrative),None Indicated,,Daylight,Dry,Clear,None apparent,Non-intersection:  Non-junction/no special feature,Paved,,Possible/Unknown,0,1,0,0,1,0,1778,2,2,,POINT (-93.57194327199 41.606195361097)
2014803246,2014034357,06/11/2014,06-June,4-Wednesday,01:00,0100 Hours,District 1 (Central),,JASPER,I-80,I-80,Collision with fixed object:  Bridge overhead structure,On Roadway,Non-collision (single vehicle),Other (explain in narrative):  Other,None Indicated,,Dark - roadway not lighted,Dry,Clear,None apparent,Non-intersection:  Other non-intersection (explain in narrative),Paved,,Property Damage Only,0,0,0,0,0,0,129597,1,1,,POINT (-93.304341902677 41.681966071848)
2014803146,14-0678,06/11/2014,06-June,4-Wednesday,16:32,1600 Hours,District 1 (Central),CLIVE,POLK,US 6,US 6/HICKMAN RD,Collision with:  Vehicle in traffic,On Roadway,Rear-end (front to rear),Swerving/Evasive Action,None Indicated,,Daylight,Dry,Clear,None apparent,Non-intersection:  Non-junction/no special feature,Paved,,Possible/Unknown,0,1,0,0,1,0,2700,3,3,,POINT (-93.783396703368 41.614901833665)
2014805172,2014034481,06/11/2014,06-June,4-Wednesday,13:20,1300 Hours,District 1 (Central),DES MOINES,POLK,IA 28,IA 28/MERLE HAY RD,Collision with:  Vehicle in traffic,On Roadway,Rear-end (front to rear),Other (explain in narrative):  Other,None Indicated,,Daylight,Dry,Clear,None apparent,Intersection:  Four-way intersection,Paved,,Property Damage Only,0,0,0,0,0,0,3500,2,2,,POINT (-93.697787004567 41.629765773742)
2014804211,2014-3206,06/11/2014,06-June,4-Wednesday,17:25,1700 Hours,District 1 (Central),IOWA FALLS,HARDIN,US 20,US 20/SPECIAL CASE/NE RAMP & US 65,Collision with:  Vehicle in traffic,On Roadway,Rear-end (front to rear),Followed too close,None Indicated,,Daylight,Dry,Clear,None apparent,"Interchange-related:  Off-ramp, diverge area",Paved,,Property Damage Only,0,0,0,0,0,0,1500,2,3,,POINT (-93.261136354433 42.448998500809)
2014803910,14-000707,06/11/2014,06-June,4-Wednesday,22:45,2200 Hours,District 1 (Central),,STORY,US 30,US 30,Collision with:  Animal,On Roadway,Non-collision (single vehicle),Animal,None Indicated,,Dark - roadway not lighted,Dry,Clear,None apparent,Non-intersection:  Non-junction/no special feature,Paved,,Property Damage Only,0,0,0,0,0,0,3000,1,2,,POINT (-93.392886874607 42.007818906596)
2014802976,14-3884,06/11/2014,06-June,4-Wednesday,20:35,2000 Hours,District 1 (Central),URBANDALE,POLK,I-35,I-35 & IA 28/MERLE HAY RD,Collision with:  Vehicle in traffic,On Roadway,Broadside (front to side),Ran Traffic Signal,None Indicated,,Dusk,Dry,Clear,None apparent,Intersection:  Intersection with ramp,Paved,,Property Damage Only,0,0,0,0,0,0,5500,2,5,,POINT (-93.697671017511 41.651293576711)
2014811567,32058-14,06/11/2014,06-June,4-Wednesday,00:30,0000 Hours,District 3 (Northwest),RINGSTED,EMMET,,EMMET ST & N 2ND ST,Collision with fixed object:  Utility pole/light support,On Roadway,Non-collision (single vehicle),Ran off road - left,None Indicated,,Dark - roadway lighted,Dry,Clear,None apparent,Non-intersection:  Non-junction/no special feature,Paved,,Property Damage Only,0,0,0,0,0,0,1750,1,1,,POINT (-94.51244400276 43.296139452261)
2014804282,2014-38765,06/11/2014,06-June,4-Wednesday,20:09,2000 Hours,District 6 (East Central),DAVENPORT,SCOTT,,ROCKINGHAM RD & MINNIE AVE,Collision with fixed object:  Utility pole/light support,Roadside,Non-collision (single vehicle),Ran off road - right,None Indicated,,Daylight,Dry,Clear,None apparent,Intersection:  T-intersection,Paved,,Property Damage Only,0,0,0,0,0,0,7000,1,1,,POINT (-90.6242560301 41.509239456916)
2014804704,14003451,06/11/2014,06-June,4-Wednesday,22:30,2200 Hours,District 3 (Northwest),,CHEROKEE,IA 3,IA 3/IOWA 3,Collision with:  Animal,,,Animal,None Indicated,,,,,,,Paved,,Property Damage Only,0,0,0,0,0,0,1500,1,1,,POINT (-95.50799110415 42.748877073251)
2014803742,2014034368,06/11/2014,06-June,4-Wednesday,06:39,0600 Hours,District 1 (Central),,POWESHIEK,I-80,I-80,Collision with fixed object:  Ditch,Outside trafficway,Non-collision (single vehicle),Ran off road - right,None Indicated,,Daylight,Dry,Clear,None apparent,Non-intersection:  Non-junction/no special feature,Paved,,Property Damage Only,0,0,0,0,0,0,40200,1,1,,POINT (-92.561458698526 41.696601277876)
2014803769,14057745,06/11/2014,06-June,4-Wednesday,05:27,0500 Hours,District 2 (Northeast),CEDAR FALLS,BLACK HAWK,IA 27,IA 27/NW RAMP,Collision with:  Animal,,,Animal,None Indicated,,,,,,,Paved,,Property Damage Only,0,0,0,0,0,0,2000,1,1,,POINT (-92.443733000163 42.514238413452)
2014803109,W14-057939,06/11/2014,06-June,4-Wednesday,18:28,1800 Hours,District 2 (Northeast),WATERLOO,BLACK HAWK,,W RIDGEWAY AVE & ANSBOROUGH AVE,Collision with:  Vehicle in traffic,On Roadway,Broadside (front to side),Made improper turn,Refused,,Daylight,Dry,Clear,None apparent,Intersection:  Four-way intersection,Paved,,Property Damage Only,0,0,0,0,0,0,2000,2,3,,POINT (-92.376471526484 42.469385302871)
2014803001,20140016401,06/11/2014,06-June,4-Wednesday,12:32,1200 Hours,District 1 (Central),DES MOINES,POLK,I-235,I-235 & MLK JR PKWY,Collision with:  Vehicle in traffic,On Roadway,Broadside (front to side),Ran Traffic Signal,None Indicated,,Daylight,Dry,Cloudy,None apparent,Intersection:  Four-way intersection,Paved,,Minor Injury,0,1,0,1,0,0,4200,2,4,,POINT (-93.644326269523 41.595877495761)
2014802900,01-14-25289,06/11/2014,06-June,4-Wednesday,15:37,1500 Hours,District 6 (East Central),DUBUQUE,DUBUQUE,,W 10TH ST & LOCUST ST S,Collision with:  Vehicle in traffic,On Roadway,Broadside (front to side),Ran Traffic Signal,None Indicated,,Daylight,Dry,Clear,None apparent,Intersection:  Four-way intersection,Paved,,Property Damage Only,0,0,0,0,0,0,7000,2,2,,POINT (-90.669163717464 42.502128185375)
2014802791,20140016389,06/11/2014,06-June,4-Wednesday,08:45,0800 Hours,District 1 (Central),DES MOINES,POLK,US 69,US 69/SE 14TH ST & E WATROUS AVE,Collision with:  Vehicle in traffic,On Roadway,Broadside (front to side),Ran Traffic Signal,None Indicated,,Daylight,Dry,Clear,None apparent,Intersection:  Four-way intersection,Paved,,Property Damage Only,0,0,0,0,0,0,6000,2,2,,POINT (-93.596837977403 41.548079984926)
2014803182,14-10871,06/11/2014,06-June,4-Wednesday,17:20,1700 Hours,District 6 (East Central),BETTENDORF,SCOTT,,53RD AVE & BARCELONA ST,Collision with:  Vehicle in traffic,On Roadway,Broadside (front to side),FTYROW:  Making left turn,None Indicated,,Daylight,Dry,Cloudy,None apparent,Intersection:  T-intersection,Paved,,Minor Injury,0,1,0,1,0,0,21500,3,4,,POINT (-90.493303276287 41.57511353441)
2014802989,20140016442,06/11/2014,06-June,4-Wednesday,17:07,1700 Hours,District 1 (Central),DES MOINES,POLK,,CASADY DR & BELL AVE,Collision with:  Vehicle in traffic,On Roadway,Broadside (front to side),Other (explain in narrative):  Vision obstructed,None Indicated,,Daylight,Dry,Clear,None apparent,Non-intersection:  Non-junction/no special feature,Paved,,Property Damage Only,0,0,0,0,0,0,4000,2,2,,POINT (-93.642161728293 41.562706856785)
2014804034,2014-3202,06/11/2014,06-June,4-Wednesday,14:50,1400 Hours,District 1 (Central),,HARDIN,US 20,US 20,Collision with fixed object:  Other fixed object (explain in narrative),On Roadway,Non-collision (single vehicle),Swerving/Evasive Action,None Indicated,,Daylight,Dry,Clear,None apparent,Non-intersection:  Non-junction/no special feature,Paved,,Possible/Unknown,0,1,0,0,1,0,2700,1,4,,POINT (-93.374124875651 42.447739781933)
2014803007,14-1285,06/11/2014,06-June,4-Wednesday,21:45,2100 Hours,District 1 (Central),URBANDALE,POLK,,MEREDITH DR & 66TH ST,Collision with:  Vehicle in traffic,On Roadway,Rear-end (front to rear),Other (explain in narrative):  Other,None Indicated,,Dark - roadway lighted,Dry,Clear,None apparent,Intersection:  Four-way intersection,Paved,,Property Damage Only,0,0,0,0,0,0,3000,2,4,,POINT (-93.707401438278 41.643875267884)
2014803838,1400000507,06/11/2014,06-June,4-Wednesday,23:00,2300 Hours,District 1 (Central),,MARSHALL,,IOWA AVE W,Collision with:  Animal,,Non-collision (single vehicle),Animal,None Indicated,,,,,,,Paved,,Property Damage Only,0,0,0,0,0,0,1500,1,1,,POINT (-92.981680661132 42.006904624809)
2014803021,14-023991,06/11/2014,06-June,4-Wednesday,14:27,1400 Hours,District 4 (Southwest),COUNCIL BLUFFS,POTTAWATTAMIE,US 6,US 6/W BROADWAY & S 8TH ST & N 8TH ST,Collision with:  Vehicle in traffic,On Roadway,Broadside (front to side),Ran Traffic Signal,None Indicated,,Daylight,Dry,Clear,None apparent,Intersection:  Four-way intersection,Paved,,Possible/Unknown,0,2,0,0,2,0,4500,2,3,,POINT (-95.85605038839 41.261894581185)
2014802986,20140016432,06/11/2014,06-June,4-Wednesday,16:13,1600 Hours,District 1 (Central),DES MOINES,POLK,,PARK ST & KEOSAUQUA WAY & 8TH PL,Collision with:  Vehicle in traffic,On Roadway,"Sideswipe, same direction",Crossed centerline (undivided),None Indicated,,Daylight,Dry,Clear,None apparent,Non-intersection:  Non-junction/no special feature,Paved,,Property Damage Only,0,0,0,0,0,0,2500,2,2,,POINT (-93.628675948294 41.5905597971)
2014803002,20140016402,06/11/2014,06-June,4-Wednesday,12:30,1200 Hours,District 1 (Central),DES MOINES,POLK,,48TH ST,Collision with:  Vehicle in traffic,On Roadway,Rear-end (front to rear),Unknown,None Indicated,,Daylight,Dry,Clear,None apparent,Non-intersection:  Non-junction/no special feature,Paved,,Property Damage Only,0,0,0,0,0,0,7000,2,2,,POINT (-93.682596336851 41.605483519001)
2014803792,14-19731,06/11/2014,06-June,4-Wednesday,06:02,0600 Hours,District 5 (Southeast),MEDIAPOLIS,DES MOINES,,NORTHFIELD RD,Collision with:  Animal,,Non-collision (single vehicle),Animal,None Indicated,,,,,,,Unpaved,,Property Damage Only,0,0,0,0,0,0,2000,1,1,,POINT (-91.122115320442 41.059833223658)
2014803788,144042,06/11/2014,06-June,4-Wednesday,12:30,1200 Hours,District 4 (Southwest),DEXTER,DALLAS,,STATE ST,Collision with:  Vehicle in traffic,On Roadway,Head-on (front to front),Traveling wrong way or on wrong side of road,None Indicated,,Daylight,Dry,Clear,None apparent,Non-intersection:  Non-junction/no special feature,Paved,,Possible/Unknown,0,1,0,0,1,0,8000,2,2,,POINT (-94.239222460169 41.518181567003)
2014803016,14-023931,06/11/2014,06-June,4-Wednesday,07:30,0700 Hours,District 4 (Southwest),COUNCIL BLUFFS,POTTAWATTAMIE,,24TH AVE & S 10TH ST,Collision with:  Vehicle in traffic,On Roadway,Broadside (front to side),FTYROW:  At uncontrolled intersection,None Indicated,,Daylight,Dry,Clear,None apparent,Intersection:  Four-way intersection,Paved,,Property Damage Only,0,0,0,0,0,0,3000,2,2,,POINT (-95.859052872346 41.238250342404)
2014808048,2014034512,06/11/2014,06-June,4-Wednesday,14:55,1400 Hours,District 2 (Northeast),,BLACK HAWK,I-380,I-380,Collision with:  Vehicle in traffic,On Roadway,"Sideswipe, same direction",Improper or erratic lane changing,None Indicated,,Daylight,Dry,Cloudy,None apparent,Non-intersection:  Non-junction/no special feature,Paved,,Property Damage Only,0,0,0,0,0,0,2000,2,3,,POINT (-92.226805091578 42.450200452931)
2014803304,14009427,06/11/2014,06-June,4-Wednesday,16:56,1600 Hours,District 2 (Northeast),MASON CITY,CERRO GORDO,,POLK PL,Collision with:  Parked motor vehicle,On Roadway,Rear-end (front to rear),Unknown,None Indicated,,Daylight,Dry,Other (explain in narrative),None apparent,Non-intersection:  Non-junction/no special feature,Paved,,Property Damage Only,0,0,0,0,0,0,3000,2,1,,POINT (-93.217322081364 43.144505426526)
2014803240,2014034544,06/11/2014,06-June,4-Wednesday,17:11,1700 Hours,District 3 (Northwest),,CALHOUN,,Co Rd D68/390TH ST,Collision with fixed object:  Ditch,Roadside,Non-collision (single vehicle),Ran off road - left,None Indicated,,Daylight,Dry,Clear,None apparent,Non-intersection:  Non-junction/no special feature,Unpaved,,Fatal,1,0,0,0,0,0,3000,1,1,,POINT (-94.675619473296 42.22400649923)
2014802835,2014034374,06/11/2014,06-June,4-Wednesday,06:50,0600 Hours,District 4 (Southwest),,ADAIR,I-80,I-80,Collision with:  Animal,,,Animal,None Indicated,,,,,,,Paved,,Property Damage Only,0,0,0,0,0,0,3000,1,1,,POINT (-94.534204995828 41.496393878175)
2014802898,01-14-25222,06/11/2014,06-June,4-Wednesday,08:20,0800 Hours,District 6 (East Central),DUBUQUE,DUBUQUE,,E 19TH ST & WASHINGTON ST,Collision with fixed object:  Curb/island/raised median,Median,Non-collision (single vehicle),Lost Control,None Indicated,,Daylight,Dry,Cloudy,None apparent,Intersection:  Other intersection (explain in narrative),Paved,,Possible/Unknown,0,1,0,0,1,0,4600,1,1,,POINT (-90.667020127978 42.511332895116)
2014807763,,06/11/2014,06-June,4-Wednesday,18:15,1800 Hours,District 6 (East Central),MAQUOKETA,JACKSON,,,Collision with:  Non-motorist (see non-motorist section - NOT a unit),On Roadway,Non-collision (single vehicle),Unknown,None Indicated,,Daylight,,Clear,,,,,Minor Injury,0,1,0,1,0,0,25,1,1,,POINT (-96.643700149993 40.233091251414)
2014803008,14-2741,06/11/2014,06-June,4-Wednesday,17:28,1700 Hours,District 1 (Central),WEST DES MOINES,POLK,IA 28,IA 28/63RD ST & ASHWORTH RD,Collision with:  Vehicle in traffic,On Roadway,Rear-end (front to rear),Driver Distraction:  Manual operation of an electronic communication device,None Indicated,,Daylight,Dry,Clear,None apparent,Intersection:  T-intersection,Paved,,Possible/Unknown,0,2,0,0,2,0,1800,3,5,,POINT (-93.703394494285 41.584560469434)
2014802945,201408271,06/11/2014,06-June,4-Wednesday,16:05,1600 Hours,District 6 (East Central),CEDAR RAPIDS,LINN,IA 922,IA 922/1ST AVE E & 8TH ST SE & 8TH ST NE,Collision with:  Vehicle in traffic,On Roadway,Rear-end (front to rear),Lost Control,None Indicated,,Daylight,Dry,Clear,None apparent,Intersection:  Four-way intersection,Paved,,Possible/Unknown,0,1,0,0,1,0,9000,3,4,,POINT (-91.662040617253 41.982527407866)
2014802985,20140016431,06/11/2014,06-June,4-Wednesday,16:11,1600 Hours,District 1 (Central),DES MOINES,POLK,,E BELL AVE & SE 6TH ST,Collision with:  Vehicle in traffic,On Roadway,Broadside (front to side),Ran Stop Sign,None Indicated,,Daylight,Dry,Clear,None apparent,Intersection:  Four-way intersection,Paved,,Major Injury,0,2,1,1,0,0,13200,2,2,,POINT (-93.605235083703 41.562645945545)
2014802927,201408273,06/11/2014,06-June,4-Wednesday,16:35,1600 Hours,District 6 (East Central),CEDAR RAPIDS,LINN,,WILEY BLVD SW,Collision with:  Vehicle in traffic,On Roadway,"Angle, oncoming left turn",Made improper turn,None Indicated,,Daylight,Dry,Clear,None apparent,Non-intersection:  Driveway access (within),Paved,,Possible/Unknown,0,1,0,0,1,0,9000,2,2,,POINT (-91.725803604686 41.961160072813)
2014802974,14003314,06/11/2014,06-June,4-Wednesday,13:49,1300 Hours,District 3 (Northwest),SHELDON,OBRIEN,,2ND AVE,Collision with:  Vehicle in traffic,On Roadway,Rear-end (front to rear),Lost Control,None Indicated,,Daylight,Dry,Cloudy,None apparent,Non-intersection:  Non-junction/no special feature,Paved,,Property Damage Only,0,0,0,0,0,0,3000,2,2,,POINT (-95.855146636817 43.183711515846)
2014803092,14-18380,06/11/2014,06-June,4-Wednesday,20:30,2000 Hours,District 3 (Northwest),SIOUX CITY,WOODBURY,I-29,I-29,Collision with fixed object:  Concrete traffic barrier (median or right side),On Roadway,Non-collision (single vehicle),Ran off road - left,Alcohol (Statutory),,Daylight,Dry,Clear,Work Zone (roadway-related),Non-intersection:  Non-junction/no special feature,Paved,Yes,Property Damage Only,0,0,0,0,0,0,3500,1,1,,POINT (-96.379386870662 42.462613653321)
2014805903,2014034543,06/11/2014,06-June,4-Wednesday,18:50,1800 Hours,District 2 (Northeast),,CHICKASAW,,Co Rd V56/UNION AVE,Non-collision events:  Overturn/rollover,Shoulder,Non-collision (single vehicle),Swerving/Evasive Action,None Indicated,,Daylight,Dry,Clear,"Shoulders (none, low, soft, high)",Non-intersection:  Non-junction/no special feature,Paved,,Property Damage Only,0,0,0,0,0,0,10000,1,1,,POINT (-92.141050226936 43.034131473796)
2014803891,2014-38639,06/11/2014,06-June,4-Wednesday,08:57,0800 Hours,District 6 (East Central),DAVENPORT,SCOTT,,WISCONSIN AVE,Collision with fixed object:  Ditch,Shoulder,Non-collision (single vehicle),Ran off road - right,None Indicated,,Daylight,Wet,Cloudy,None apparent,Non-intersection:  Non-junction/no special feature,Paved,,Possible/Unknown,0,2,0,0,2,0,10700,1,2,,POINT (-90.64903423635 41.548620869571)
2014802787,20140016381,06/11/2014,06-June,4-Wednesday,00:01,0000 Hours,District 1 (Central),DES MOINES,POLK,,N UNION ST,Collision with:  Parked motor vehicle,On Roadway,Unknown,Unknown,None Indicated,,Dark - roadway lighted,Dry,Unknown,None apparent,Non-intersection:  Non-junction/no special feature,Paved,,Property Damage Only,0,0,0,0,0,0,1500,2,1,,POINT (-93.61023657797 41.616203652459)
2014803003,20140016404,06/11/2014,06-June,4-Wednesday,12:40,1200 Hours,District 1 (Central),DES MOINES,POLK,US 6,US 6/FREDERICK M HUBBELL AVE,Collision with:  Vehicle in traffic,On Roadway,Broadside (front to side),FTYROW:  From driveway,None Indicated,,Daylight,Dry,Clear,None apparent,Non-intersection:  Driveway access (within),Paved,,Minor Injury,0,1,0,1,0,0,4000,2,3,,POINT (-93.542597863951 41.630170713622)
2014804925,,06/11/2014,06-June,4-Wednesday,07:30,0700 Hours,District 2 (Northeast),MONONA,CLAYTON,,W IOWA ST & E IOWA ST & S MAIN ST,Collision with:  Vehicle in traffic,On Roadway,Broadside (front to side),FTYROW:  From stop sign,None Indicated,,Daylight,Dry,Clear,None apparent,Intersection:  Four-way intersection,Paved,,Property Damage Only,0,0,0,0,0,0,2000,2,2,,POINT (-91.389880925639 43.051826233759)
2014803727,14C02686,06/11/2014,06-June,4-Wednesday,21:32,2100 Hours,District 4 (Southwest),CRESTON,UNION,US 34,US 34/W TAYLOR ST/E TAYLOR ST & S VINE ST,Collision with:  Vehicle in traffic,On Roadway,"Angle, oncoming left turn",Made improper turn,None Indicated,,Dusk,Dry,Clear,None apparent,Non-intersection:  Non-junction/no special feature,Paved,,Property Damage Only,0,0,0,0,0,0,9200,2,2,,POINT (-94.357887971535 41.049192048782)
2014802990,20140016443,06/11/2014,06-June,4-Wednesday,17:44,1700 Hours,District 1 (Central),DES MOINES,POLK,,KENYON AVE & FLEUR DR,Collision with:  Vehicle in traffic,On Roadway,Rear-end (front to rear),Followed too close,None Indicated,,Daylight,Dry,Cloudy,None apparent,Intersection:  T-intersection,Paved,,Property Damage Only,0,0,0,0,0,0,2000,2,2,,POINT (-93.645063664987 41.536137072512)
2014803172,S14-002085,06/11/2014,06-June,4-Wednesday,01:11,0100 Hours,District 4 (Southwest),,POTTAWATTAMIE,I-80,I-80,Collision with:  Animal,,,Animal,None Indicated,,,,,,,Paved,,Property Damage Only,0,0,0,0,0,0,3000,1,1,,POINT (-95.668652043039 41.385576741789)
2014803091,14-18364,06/11/2014,06-June,4-Wednesday,17:45,1700 Hours,District 3 (Northwest),SIOUX CITY,WOODBURY,,5TH ST & WATER ST,Collision with:  Vehicle in traffic,On Roadway,"Sideswipe, same direction",Improper or erratic lane changing,None Indicated,,Daylight,Dry,Clear,None apparent,Intersection:  Other intersection (explain in narrative),Paved,,Property Damage Only,0,0,0,0,0,0,3000,2,2,,POINT (-96.409372918848 42.495221328313)
2014803333,01-14-25299,06/11/2014,06-June,4-Wednesday,16:54,1600 Hours,District 6 (East Central),DUBUQUE,DUBUQUE,US 20,US 20/DODGE ST,Collision with:  Vehicle in traffic,On Roadway,Rear-end (front to rear),Lost Control,None Indicated,,Daylight,Dry,Clear,None apparent,Non-intersection:  Driveway access (within),Paved,,Property Damage Only,0,0,0,0,0,0,2500,2,4,,POINT (-90.698773953632 42.491164155018)
2014803544,S014-0707,06/11/2014,06-June,4-Wednesday,05:56,0500 Hours,District 2 (Northeast),,WRIGHT,,Co Rd C70/330TH ST,Collision with:  Animal,,,Animal,None Indicated,,,,,,,Paved,,Property Damage Only,0,0,0,0,0,0,2500,1,1,,POINT (-93.866509625724 42.572209600813)
2014803768,14057700,06/11/2014,06-June,4-Wednesday,01:25,0100 Hours,District 2 (Northeast),CEDAR FALLS,BLACK HAWK,,HOLIDAY RD,Collision with fixed object:  Traffic sign support,On Roadway,Non-collision (single vehicle),Traveling wrong way or on wrong side of road,None Indicated,,Dark - roadway lighted,Dry,Clear,None apparent,Intersection:  Four-way intersection,Paved,,Property Damage Only,0,0,0,0,0,0,7400,1,1,,POINT (-92.433310082135 42.51318770095)
2014802895,14-19763,06/11/2014,06-June,4-Wednesday,16:19,1600 Hours,District 5 (Southeast),BURLINGTON,DES MOINES,,MT PLEASANT ST & COTTONWOOD CT,Collision with:  Vehicle in traffic,On Roadway,"Angle, oncoming left turn",FTYROW:  Making left turn,None Indicated,,Daylight,Dry,Clear,None apparent,Intersection:  Intersection with ramp,Paved,,Property Damage Only,0,0,0,0,0,0,3600,2,3,,POINT (-91.138472121906 40.825746710342)
2014803361,2014006411,06/11/2014,06-June,4-Wednesday,22:50,2200 Hours,District 6 (East Central),IOWA CITY,JOHNSON,,S LINN ST,Collision with:  Parked motor vehicle,On Roadway,Rear-end (front to rear),Unknown,None Indicated,,Dark - roadway lighted,Dry,Clear,None apparent,Non-intersection:  Non-junction/no special feature,Paved,,Property Damage Only,0,0,0,0,0,0,2000,2,1,,POINT (-91.531669950791 41.658604823813)