Iowa DOT Case Number,Law Enforcement Case Number,Date of Crash,Month of Crash,Day of Week,Time of Crash,Hour,DOT District,City Name,County Name,Route with System,Location Description,First Harmful Event,Location of First Harmful Event,Manner of Crash/Collision,Major Cause,Drug or Alcohol ,Environmental Conditions,Light Conditions,Surface Conditions,Weather Conditions,Roadway Contribution,Roadway Type,Roadway Surface,Work Zone,Crash Severity,Number of Fatalities,Number of Injuries,Number of Major Injuries,Number of Minor Injuries,Number of Possible Injuries,Number of Unknown Injuries,Amount of Property Damage,Number of Vehicles Involved,Total Number of Occupants,Travel Direction,Location
2014802988,20140016438,06/11/2014,06-June,4-Wednesday,17:15,1700 Hours,District 1 (Central),DES MOINES,POLK,,E UNIVERSITY AVE & YORK ST,Collision with:  Non-motorist (see non-motorist section - NOT a unit),On Roadway,Non-collision (single vehicle),Other (explain in narrative):  No improper action,None Indicated,,Daylight,Dry,Clear,None apparent,Intersection:  Four-way intersection,Paved,,Possible/Unknown,0,1,0,0,1,0,100,1,2,,POINT (-93.601965134367 41.600547671101)
2014802903,14-006417,06/11/2014,06-June,4-Wednesday,16:22,1600 Hours,District 2 (Northeast),,FAYETTE,IA 150,IA 150/LINCOLN RD & Co Rd C14/190TH ST,Collision with:  Vehicle in traffic,On Roadway,Broadside (front to side),FTYROW:  Making left turn,None Indicated,,Daylight,Dry,Clear,None apparent,Intersection:  Four-way intersection,Paved,,Possible/Unknown,0,2,0,0,2,0,4500,3,4,,POINT (-91.811909131955 42.906216281813)
2014803509,14-10863,06/11/2014,06-June,4-Wednesday,14:27,1400 Hours,District 6 (East Central),BETTENDORF,SCOTT,,UTICA RIDGE RD,Collision with:  Vehicle in traffic,On Roadway,Rear-end (front to rear),Lost Control,None Indicated,,Daylight,Dry,Clear,Work Zone (roadway-related),Non-intersection:  Non-junction/no special feature,Paved,Yes,Property Damage Only,0,0,0,0,0,0,5000,2,2,,POINT (-90.517662926499 41.555071902436)
2014803057,14-000702,06/11/2014,06-June,4-Wednesday,05:18,0500 Hours,District 1 (Central),,STORY,I-35,I-35,Collision with:  Animal,,,Animal,None Indicated,,,,,,,Paved,,Property Damage Only,0,0,0,0,0,0,3000,1,1,,POINT (-93.553321118289 42.125026005482)
2014802971,14-003956,06/11/2014,06-June,4-Wednesday,16:04,1600 Hours,District 3 (Northwest),ONAWA,MONONA,,DIAMOND ST & 9TH ST,Collision with:  Vehicle in traffic,On Roadway,Broadside (front to side),Unknown,None Indicated,,Daylight,Dry,Clear,Other (explain in narrative),Non-intersection:  Non-junction/no special feature,Paved,,Property Damage Only,0,0,0,0,0,0,6100,2,2,,POINT (-96.09591649537 42.025296145796)
2014804472,1406110839,06/11/2014,06-June,4-Wednesday,08:39,0800 Hours,District 6 (East Central),,JONES,,15 ST,Non-collision events:  Other non-collision (explain in narrative),On Roadway,Non-collision (single vehicle),Swerving/Evasive Action,None Indicated,,Daylight,Dry,Cloudy,None apparent,Non-intersection:  Non-junction/no special feature,Unpaved,,Property Damage Only,0,0,0,0,0,0,3500,1,1,,POINT (-91.342088331955 41.954566082361)
2014803181,14-10869,06/11/2014,06-June,4-Wednesday,17:16,1700 Hours,District 6 (East Central),BETTENDORF,SCOTT,,53RD AVE & MIDDLE RD,Collision with fixed object:  Curb/island/raised median,On Roadway,Non-collision (single vehicle),Swerving/Evasive Action,None Indicated,,Daylight,Dry,Cloudy,None apparent,Intersection:  Other intersection (explain in narrative),Paved,,Major Injury,0,1,1,0,0,0,5000,1,1,,POINT (-90.464000316699 41.575470249844)
2014803726,14C02676,06/11/2014,06-June,4-Wednesday,14:00,1400 Hours,District 4 (Southwest),CRESTON,UNION,IA 25,IA 25/S SUMNER AVE,Collision with:  Vehicle in traffic,On Roadway,Rear-end (front to rear),Followed too close,None Indicated,,Daylight,Dry,Clear,None apparent,Non-intersection:  Non-junction/no special feature,Paved,,Property Damage Only,0,0,0,0,0,0,4000,2,4,,POINT (-94.372648534629 41.056926001304)
2014839064,s79140188,06/11/2014,06-June,4-Wednesday,20:25,2000 Hours,District 1 (Central),,POWESHIEK,,200TH ST & 360TH AVE,Collision with:  Vehicle in traffic,On Roadway,"Sideswipe, opposite direction",Lost Control,None Indicated,,Daylight,"Mud, dirt",Clear,None apparent,Non-intersection:  Non-junction/no special feature,Unpaved,,Property Damage Only,0,0,0,0,0,0,6018,3,3,,POINT (-92.395958302605 41.775310547789)
2014803127,14-8586,06/11/2014,06-June,4-Wednesday,16:44,1600 Hours,District 6 (East Central),MAQUOKETA,JACKSON,US 61,US 61,Collision with:  Vehicle in traffic,On Roadway,Rear-end (front to rear),Driver Distraction:  Inattentive/lost in thought,None Indicated,,Daylight,Dry,Cloudy,None apparent,Non-intersection:  Non-junction/no special feature,Paved,,Property Damage Only,0,0,0,0,0,0,72000,2,2,,POINT (-90.677201017344 42.111462732787)
2014804471,1406110642,06/11/2014,06-June,4-Wednesday,06:42,0600 Hours,District 6 (East Central),,JONES,US 151,US 151,Collision with:  Animal,,,Animal,None Indicated,,,,,,,Paved,,Property Damage Only,0,0,0,0,0,0,5000,1,1,,POINT (-91.046663583822 42.294350788881)
2014811316,2014061101,06/11/2014,06-June,4-Wednesday,16:35,1600 Hours,District 4 (Southwest),SHENANDOAH,PAGE,,W SHERIDAN AVE & MAPLE ST,Collision with:  Vehicle in traffic,On Roadway,Rear-end (front to rear),Followed too close,None Indicated,,Daylight,Dry,Cloudy,None apparent,Intersection:  T-intersection,Paved,,Possible/Unknown,0,3,0,0,3,0,350,2,4,,POINT (-95.375122727533 40.765934152617)
2014803128,14-14804,06/11/2014,06-June,4-Wednesday,17:40,1700 Hours,District 1 (Central),NEWTON,JASPER,,E 76TH ST S,Non-collision events:  Other non-collision (explain in narrative),On Roadway,Non-collision (single vehicle),Ran off road - right,None Indicated,,Daylight,"Mud, dirt",Clear,None apparent,Non-intersection:  Other non-intersection (explain in narrative),Unpaved,,Minor Injury,0,2,0,2,0,0,4000,1,5,,POINT (-92.960825621543 41.650918239015)
2014824085,390614-1428,06/11/2014,06-June,4-Wednesday,12:30,1200 Hours,District 4 (Southwest),,GUTHRIE,,Co Rd F51/248TH TRL,Collision with:  Animal,,,Animal,None Indicated,,,,,,,Unpaved,,Property Damage Only,0,0,0,0,0,0,9000,1,1,,POINT (-94.312004700276 41.648003252114)
2014803173,S14-002091,06/11/2014,06-June,4-Wednesday,08:52,0800 Hours,District 4 (Southwest),,POTTAWATTAMIE,,Co Rd L55/290TH ST,Collision with:  Vehicle in traffic,On Roadway,"Angle, oncoming left turn",Made improper turn,None Indicated,,Daylight,Dry,Clear,None apparent,Non-intersection:  Non-junction/no special feature,Paved,,Property Damage Only,0,0,0,0,0,0,10000,2,2,,POINT (-95.632064323306 41.225743701373)
2014803247,2014034479,06/11/2014,06-June,4-Wednesday,13:00,1300 Hours,District 2 (Northeast),MASON CITY,CERRO GORDO,US 65,US 65/S WASHINGTON AVE & 2ND ST SW,Collision with:  Vehicle in traffic,On Roadway,"Sideswipe, same direction",Made improper turn,None Indicated,,Daylight,Dry,Clear,None apparent,Intersection:  Four-way intersection,Paved,,Property Damage Only,0,0,0,0,0,0,4000,2,3,,POINT (-93.202644552673 43.14996228877)
2014804139,SO14-710,06/11/2014,06-June,4-Wednesday,13:30,1300 Hours,District 2 (Northeast),,WRIGHT,,Co Rd C20/130TH ST,Collision with fixed object:  Ditch,On Roadway,Non-collision (single vehicle),Swerving/Evasive Action,None Indicated,,Daylight,Dry,Clear,None apparent,Non-intersection:  Non-junction/no special feature,Paved,,Property Damage Only,0,0,0,0,0,0,10500,1,1,,POINT (-93.818578846985 42.863213318191)
2014803358,C14001807,06/11/2014,06-June,4-Wednesday,16:20,1600 Hours,District 6 (East Central),CORALVILLE,JOHNSON,US 6,US 6/2ND ST & 20TH AVE,Collision with:  Vehicle in traffic,On Roadway,Rear-end (front to rear),Followed too close,None Indicated,,Daylight,Dry,Clear,None apparent,Intersection:  T-intersection,Paved,,Possible/Unknown,0,1,0,0,1,0,9000,2,2,,POINT (-91.591518512395 41.679484280756)
2014803009,14-2738,06/11/2014,06-June,4-Wednesday,16:22,1600 Hours,District 1 (Central),WEST DES MOINES,POLK,I-35,I-35 & MILLS CIVIC PKWY,Collision with:  Vehicle in traffic,On Roadway,Rear-end (front to rear),Unknown,None Indicated,,Daylight,Dry,Clear,Debris,Non-intersection:  Non-junction/no special feature,Paved,Yes,Property Damage Only,0,0,0,0,0,0,2800,2,2,,POINT (-93.776643062252 41.559156955994)
2014803519,14002802,06/11/2014,06-June,4-Wednesday,16:27,1600 Hours,District 1 (Central),AMES,STORY,,LINCOLN WAY & S HYLAND AVE,Collision with:  Vehicle in traffic,On Roadway,"Angle, oncoming left turn",FTYROW:  Making left turn,None Indicated,,Daylight,Dry,Clear,None apparent,Intersection:  Four-way intersection,Paved,,Major Injury,0,1,1,0,0,0,7000,2,2,,POINT (-93.655587566162 42.022731938951)
2014803020,14-023983,06/11/2014,06-June,4-Wednesday,13:39,1300 Hours,District 4 (Southwest),COUNCIL BLUFFS,POTTAWATTAMIE,,PINE ST,Collision with:  Non-motorist (see non-motorist section - NOT a unit),On Roadway,Non-collision (single vehicle),Other (explain in narrative):  No improper action,None Indicated,,Daylight,Dry,Clear,None apparent,Non-intersection:  Non-junction/no special feature,Paved,,Possible/Unknown,0,1,0,0,1,0,100,1,1,,POINT (-95.891368735559 41.252708484745)
2014803391,14-002519,06/11/2014,06-June,4-Wednesday,21:39,2100 Hours,District 3 (Northwest),,LYON,,Co Rd A16/130TH ST,Non-collision events:  Overturn/rollover,Roadside,Non-collision (single vehicle),Swerving/Evasive Action,Alcohol (Statutory),,Dark - roadway not lighted,"Mud, dirt",Clear,None apparent,Non-intersection:  Non-junction/no special feature,Unpaved,,Property Damage Only,0,0,0,0,0,0,2500,1,1,,POINT (-96.229685019093 43.462006066201)
2014803911,14-002797,06/11/2014,06-June,4-Wednesday,11:45,1100 Hours,District 1 (Central),AMES,STORY,,S 4TH ST & GRANDWOOD DR & GRAND AVE,Collision with:  Vehicle in traffic,On Roadway,Rear-end (front to rear),Followed too close,None Indicated,,Daylight,Dry,Clear,None apparent,Intersection:  Four-way intersection,Paved,,Property Damage Only,0,0,0,0,0,0,7998,2,2,,POINT (-93.62064626633 42.019323560165)
2014803065,14-1744,06/11/2014,06-June,4-Wednesday,21:10,2100 Hours,District 1 (Central),FORT DODGE,WEBSTER,,CENTRAL AVE & S 15TH ST & N 15TH ST,Collision with:  Vehicle in traffic,On Roadway,"Sideswipe, same direction",FTYROW:  Other (explain in narrative),None Indicated,,Dusk,Dry,Clear,None apparent,Intersection:  Four-way intersection,Paved,,Minor Injury,0,1,0,1,0,0,3000,2,2,,POINT (-94.177758719576 42.50615015492)
2014803099,2014-0127,06/11/2014,06-June,4-Wednesday,16:31,1600 Hours,District 5 (Southeast),CARLISLE,WARREN,IA 5,IA 5/IOWA 5 & S 5TH ST,Collision with:  Vehicle in traffic,On Roadway,Rear-end (front to rear),Separation of units,None Indicated,,Daylight,Dry,Clear,None apparent,Intersection:  Four-way intersection,Paved,,Possible/Unknown,0,1,0,0,1,0,2000,3,4,,POINT (-93.491255123774 41.496156579088)
2014803064,14-1742,06/11/2014,06-June,4-Wednesday,15:40,1500 Hours,District 1 (Central),FORT DODGE,WEBSTER,,WILLIAMS DR,Collision with:  Parked motor vehicle,On Roadway,Broadside (front to side),Other (explain in narrative):  Other,None Indicated,,Daylight,Dry,Clear,None apparent,Non-intersection:  Non-junction/no special feature,Paved,,Property Damage Only,0,0,0,0,0,0,3500,2,1,,POINT (-94.187596248428 42.51466706951)
2014802868,14-006003,06/11/2014,06-June,4-Wednesday,06:00,0600 Hours,District 3 (Northwest),,CARROLL,US 30,US 30,Collision with fixed object:  Mailbox,Shoulder,Non-collision (single vehicle),Crossed centerline (undivided),None Indicated,,Dawn,Dry,Cloudy,None apparent,Non-intersection:  Non-junction/no special feature,Paved,,Property Damage Only,0,0,0,0,0,0,3700,1,1,,POINT (-94.910047018679 42.078506974582)
2014802987,20140016433,06/11/2014,06-June,4-Wednesday,16:44,1600 Hours,District 1 (Central),DES MOINES,POLK,,FOREST AVE & 34TH ST,Collision with:  Vehicle in traffic,On Roadway,Head-on (front to front),FTYROW:  From stop sign,None Indicated,,Daylight,Dry,Clear,None apparent,Intersection:  Four-way intersection,Paved,,Property Damage Only,0,0,0,0,0,0,4000,2,2,,POINT (-93.663295996792 41.604011226602)
2014803789,144052,06/11/2014,06-June,4-Wednesday,16:14,1600 Hours,District 4 (Southwest),,DALLAS,US 6,US 6/N AVE,Collision with:  Vehicle in traffic,On Roadway,Rear-end (front to rear),Other (explain in narrative):  Other,None Indicated,,Daylight,Dry,Clear,None apparent,Non-intersection:  Driveway access (within),Paved,,Possible/Unknown,0,1,0,0,1,0,20000,4,5,,POINT (-94.012659734717 41.571416767064)
2014802773,14012042,06/11/2014,06-June,4-Wednesday,12:42,1200 Hours,District 6 (East Central),MARION,LINN,,NEWCASTLE RD & BOYSON RD,Collision with:  Vehicle in traffic,On Roadway,Rear-end (front to rear),Followed too close,None Indicated,,Daylight,Dry,Clear,None apparent,Non-intersection:  Non-junction/no special feature,Paved,,Property Damage Only,0,0,0,0,0,0,5000,2,2,,POINT (-91.618056124285 42.043771953923)
2014802789,20140016385,06/11/2014,06-June,4-Wednesday,08:20,0800 Hours,District 1 (Central),DES MOINES,POLK,,INGERSOLL AVE & 28TH ST,Collision with:  Vehicle in traffic,On Roadway,"Sideswipe, same direction",Made improper turn,None Indicated,,Daylight,Dry,Clear,None apparent,Non-intersection:  Non-junction/no special feature,Paved,,Property Damage Only,0,0,0,0,0,0,3000,2,2,,POINT (-93.654483029848 41.585741021891)
2014802817,14-1739,06/11/2014,06-June,4-Wednesday,12:04,1200 Hours,District 1 (Central),FORT DODGE,WEBSTER,,S 29TH ST,Collision with:  Vehicle in traffic,On Roadway,Rear-end (front to rear),Other (explain in narrative):  Other,None Indicated,,Daylight,Dry,Clear,None apparent,Non-intersection:  Non-junction/no special feature,Paved,,Property Damage Only,0,0,0,0,0,0,2350,2,2,,POINT (-94.158327790436 42.505861908255)
2014803018,14-023963,06/11/2014,06-June,4-Wednesday,11:18,1100 Hours,District 4 (Southwest),COUNCIL BLUFFS,POTTAWATTAMIE,,28TH AVE & S 8TH ST,Collision with:  Parked motor vehicle,On Roadway,Broadside (front to side),"Operating vehicle in an reckless, erratic, careless, negligent manner",None Indicated,,Daylight,Dry,Clear,None apparent,Intersection:  T-intersection,Paved,,Property Damage Only,0,0,0,0,0,0,3000,2,2,,POINT (-95.85620319355 41.234187191558)
2014804035,14-020611-01,06/11/2014,06-June,4-Wednesday,12:42,1200 Hours,District 6 (East Central),,IOWA,I-80,I-80,Collision with:  Animal,,,Animal,None Indicated,,,,,,,Paved,,Property Damage Only,0,0,0,0,0,0,3500,1,1,,POINT (-92.084516433392 41.690359869834)
2014803331,01-14-25288,06/11/2014,06-June,4-Wednesday,15:36,1500 Hours,District 6 (East Central),DUBUQUE,DUBUQUE,US 20,US 20/DODGE ST,Collision with:  Vehicle in traffic,On Roadway,Rear-end (front to rear),Lost Control,None Indicated,,Daylight,Dry,Clear,None apparent,Non-intersection:  Driveway access (within),Paved,,Property Damage Only,0,0,0,0,0,0,1500,2,6,,POINT (-90.7524947483 42.485062551561)
2014803022,14-024019,06/11/2014,06-June,4-Wednesday,17:34,1700 Hours,District 4 (Southwest),COUNCIL BLUFFS,POTTAWATTAMIE,IA 192,IA 192/N 16TH ST & AVE A,Collision with:  Vehicle in traffic,On Roadway,Rear-end (front to rear),Followed too close,None Indicated,,Daylight,Dry,Clear,None apparent,Intersection:  Four-way intersection,Paved,,Possible/Unknown,0,1,0,0,1,0,3000,2,3,,POINT (-95.867595191649 41.262778207034)
2014803531,2014-12332,06/11/2014,06-June,4-Wednesday,15:01,1500 Hours,District 5 (Southeast),INDIANOLA,WARREN,,W ASHLAND AVE,Collision with:  Vehicle in traffic,On Roadway,Broadside (front to side),FTYROW:  From parked position,None Indicated,,Daylight,Dry,Clear,None apparent,Non-intersection:  Non-junction/no special feature,Paved,,Property Damage Only,0,0,0,0,0,0,5500,2,3,,POINT (-93.561688119192 41.361343022811)
2014804207,02-14-8926,06/11/2014,06-June,4-Wednesday,17:51,1700 Hours,District 6 (East Central),FARLEY,DUBUQUE,US 20,US 20 & HARTBECKE RD,Collision with:  Vehicle in traffic,On Roadway,Rear-end (front to rear),FTYROW:  At uncontrolled intersection,None Indicated,,Daylight,Dry,Clear,None apparent,Non-intersection:  Crossover-related,Paved,,Property Damage Only,0,0,0,0,0,0,7700,2,3,,POINT (-90.966283665635 42.440554090075)
2014803147,20140016435,06/11/2014,06-June,4-Wednesday,16:40,1600 Hours,District 1 (Central),DES MOINES,POLK,US 6,US 6/EUCLID AVE & 6TH AVE,Collision with:  Vehicle in traffic,On Roadway,Rear-end (front to rear),FTYROW:  From driveway,None Indicated,,Daylight,Dry,Clear,None apparent,Non-intersection:  Driveway access (within),Paved,,Property Damage Only,0,0,0,0,0,0,6000,2,2,,POINT (-93.624762711677 41.627681860805)
2014803112,20140611EEP1,06/11/2014,06-June,4-Wednesday,15:35,1500 Hours,District 5 (Southeast),OSCEOLA,CLARKE,US 69,US 69/S MAIN ST,Collision with:  Parked motor vehicle,On Roadway,Rear-end (front to rear),Other (explain in narrative):  Other,None Indicated,,Daylight,Dry,Clear,None apparent,Non-intersection:  Alley,Paved,,Property Damage Only,0,0,0,0,0,0,18000,2,1,,POINT (-93.765658625351 41.030129023074)
2014802894,14-19778,06/11/2014,06-June,4-Wednesday,19:04,1900 Hours,District 5 (Southeast),BURLINGTON,DES MOINES,US 34,US 34/SE RAMP,Non-collision events:  Other non-collision (explain in narrative),On Roadway,Non-collision (single vehicle),FTYROW:  From yield sign,None Indicated,,Daylight,Dry,Cloudy,Work Zone (roadway-related),Interchange-related:  On-ramp merge area,Paved,Yes,Property Damage Only,0,0,0,0,0,0,2600,1,2,,POINT (-91.138471550061 40.817711726305)
2014803023,14-024033,06/11/2014,06-June,4-Wednesday,18:43,1800 Hours,District 4 (Southwest),COUNCIL BLUFFS,POTTAWATTAMIE,,AVE G & N 26TH ST,Collision with:  Vehicle in traffic,On Roadway,Rear-end (front to rear),Other (explain in narrative):  Other,None Indicated,,Daylight,Dry,Clear,None apparent,Non-intersection:  Non-junction/no special feature,Paved,,Property Damage Only,0,0,0,0,0,0,5000,2,4,,POINT (-95.884276820933 41.268089188844)
2014802901,01-14-25326,06/11/2014,06-June,4-Wednesday,19:55,1900 Hours,District 6 (East Central),DUBUQUE,DUBUQUE,,E 15TH ST & JACKSON ST,Collision with:  Vehicle in traffic,On Roadway,Broadside (front to side),Ran Stop Sign,None Indicated,,Daylight,Dry,Clear,None apparent,Intersection:  Four-way intersection,Paved,,Property Damage Only,0,0,0,0,0,0,7500,2,3,,POINT (-90.6662162471 42.507750457799)
2014803614,,06/11/2014,06-June,4-Wednesday,17:04,1700 Hours,District 5 (Southeast),CHARITON,LUCAS,,N MAIN ST,Collision with:  Vehicle in traffic,On Roadway,Broadside (front to side),FTYROW:  From parked position,None Indicated,,Daylight,Dry,Clear,None apparent,Non-intersection:  Non-junction/no special feature,Paved,,Property Damage Only,0,0,0,0,0,0,3000,2,2,,POINT (-93.308389038374 41.01532427613)
2014802772,14012025,06/11/2014,06-June,4-Wednesday,05:36,0500 Hours,District 6 (East Central),MARION,LINN,,29TH AVE & 35TH ST,Collision with:  Vehicle in traffic,On Roadway,Broadside (front to side),Ran Stop Sign,None Indicated,,Dawn,Dry,Clear,None apparent,Intersection:  Four-way intersection,Paved,,Property Damage Only,0,0,0,0,0,0,8400,2,2,,POINT (-91.574445932818 42.050434523049)
2014803332,01-14-25291,06/11/2014,06-June,4-Wednesday,16:00,1600 Hours,District 6 (East Central),DUBUQUE,DUBUQUE,,UNIVERSITY AVE & OHAGEN ST,Collision with:  Non-motorist (see non-motorist section - NOT a unit),On Roadway,Non-collision (single vehicle),Other (explain in narrative):  No improper action,None Indicated,,Daylight,Dry,Clear,None apparent,Non-intersection:  Non-junction/no special feature,Paved,,Possible/Unknown,0,1,0,0,1,0,100,1,2,,POINT (-90.695265091035 42.499567540594)
2014802975,14003313,06/11/2014,06-June,4-Wednesday,11:20,1100 Hours,District 3 (Northwest),SHELDON,OBRIEN,,8TH ST & 3RD AVE,Non-collision events:  Other non-collision (explain in narrative),On Roadway,Unknown,Ran Stop Sign,None Indicated,,Daylight,Dry,Clear,None apparent,Intersection:  Four-way intersection,Paved,,Minor Injury,0,1,0,1,0,0,200,2,2,,POINT (-95.854462646826 43.181972800902)
2014804326,2014034529,06/11/2014,06-June,4-Wednesday,16:35,1600 Hours,District 5 (Southeast),,MAHASKA,IA 163,IA 163/IOWA 163,Collision with:  Vehicle in traffic,On Roadway,Rear-end (front to rear),Ran off road - left,None Indicated,,Daylight,Dry,Clear,None apparent,Non-intersection:  Non-junction/no special feature,Paved,,Property Damage Only,0,0,0,0,0,0,25000,2,2,,POINT (-92.743711710603 41.343368135276)
2014803195,2014-38754,06/11/2014,06-June,4-Wednesday,18:12,1800 Hours,District 6 (East Central),DAVENPORT,SCOTT,,W CENTRAL PARK AVE,Collision with:  Vehicle in traffic,On Roadway,Broadside (front to side),FTYROW:  At uncontrolled intersection,None Indicated,,Daylight,Dry,Clear,None apparent,Non-intersection:  Non-junction/no special feature,Paved,,Minor Injury,0,2,0,1,1,0,9000,2,2,,POINT (-90.60144488266 41.545503008482)
2014803090,14-18320,06/11/2014,06-June,4-Wednesday,12:13,1200 Hours,District 3 (Northwest),SIOUX CITY,WOODBURY,,OUTER DR N & GLEN OAKS BLVD,Collision with fixed object:  Other fixed object (explain in narrative),On Roadway,Non-collision (single vehicle),Ran off road - left,None Indicated,,Daylight,Dry,Clear,None apparent,Intersection:  T-intersection,Paved,,Property Damage Only,0,0,0,0,0,0,10000,1,3,,POINT (-96.389789092988 42.540996338349)
2014802807,14-000701,06/11/2014,06-June,4-Wednesday,04:52,0400 Hours,District 1 (Central),,STORY,I-35,I-35,Collision with:  Animal,,,Animal,None Indicated,,,,,,,Paved,,Property Damage Only,0,0,0,0,0,0,5000,1,1,,POINT (-93.553820093959 42.126752831834)
2014803108,W14-057824,06/11/2014,06-June,4-Wednesday,12:35,1200 Hours,District 2 (Northeast),WATERLOO,BLACK HAWK,,E SAN MARNAN DR & LA PORTE RD,Collision with:  Vehicle in traffic,On Roadway,Rear-end (front to rear),Other (explain in narrative):  Other,None Indicated,,Daylight,Dry,Clear,None apparent,Intersection:  Four-way intersection,Paved,,Property Damage Only,0,0,0,0,0,0,3000,3,4,,POINT (-92.320901849908 42.467358405763)
2014803350,14-05453,06/11/2014,06-June,4-Wednesday,12:15,1200 Hours,District 5 (Southeast),MOUNT PLEASANT,HENRY,,S ADAMS ST,Collision with:  Vehicle in traffic,On Roadway,Broadside (front to side),Improper Backing,None Indicated,,Daylight,Dry,Clear,None apparent,Non-intersection:  Non-junction/no special feature,Paved,,Property Damage Only,0,0,0,0,0,0,6000,2,1,,POINT (-91.553236432077 40.957500650953)
2014803912,14-002799,06/11/2014,06-June,4-Wednesday,13:00,1300 Hours,District 1 (Central),AMES,STORY,US 69,US 69/S DUFF AVE & S 16TH ST & SE 16TH ST,Collision with:  Vehicle in traffic,On Roadway,Rear-end (front to rear),Followed too close,None Indicated,,Daylight,Dry,Clear,None apparent,Intersection:  Four-way intersection,Paved,,Property Damage Only,0,0,0,0,0,0,6000,2,2,,POINT (-93.610093877196 42.008374078269)
2014802885,2014-2631,06/11/2014,06-June,4-Wednesday,10:15,1000 Hours,District 4 (Southwest),WAUKEE,DALLAS,,,Collision with:  Vehicle in traffic,On Roadway,"Sideswipe, same direction",Over correcting/over steering,None Indicated,,Daylight,Dry,Clear,None apparent,Non-intersection:  Non-junction/no special feature,,,Property Damage Only,0,0,0,0,0,0,1700,2,1,,POINT (-96.643700149993 40.233091251414)
2014802897,01-14-25215,06/11/2014,06-June,4-Wednesday,06:52,0600 Hours,District 6 (East Central),DUBUQUE,DUBUQUE,US 20,US 20/DODGE ST,Collision with:  Vehicle in traffic,On Roadway,Rear-end (front to rear),Lost Control,None Indicated,,Daylight,Dry,Cloudy,None apparent,Non-intersection:  Non-junction/no special feature,Paved,,Possible/Unknown,0,1,0,0,1,0,3000,2,3,,POINT (-90.717938984951 42.492150913014)
2014803271,,06/11/2014,06-June,4-Wednesday,07:46,0700 Hours,District 6 (East Central),CEDAR RAPIDS,LINN,IA 922,IA 922/1ST AVE E & 4TH ST NE,Collision with:  Vehicle in traffic,On Roadway,Rear-end (front to rear),Unknown,None Indicated,,Daylight,Dry,Cloudy,,Intersection:  T-intersection,Paved,,Property Damage Only,0,0,0,0,0,0,3000,2,2,,POINT (-91.666291824155 41.980109120515)
2014803663,201401987,06/11/2014,06-June,4-Wednesday,11:23,1100 Hours,District 6 (East Central),ELY,LINN,,Co Rd W6E/ELY RD,Non-collision events:  Overturn/rollover,Roadside,Non-collision (single vehicle),Ran off road - right,None Indicated,,Daylight,"Mud, dirt",Cloudy,Work Zone (roadway-related),Non-intersection:  Non-junction/no special feature,Paved,Yes,Property Damage Only,0,0,0,0,0,0,20000,1,1,,POINT (-91.575082502475 41.860514684835)
2014804327,2014034553,06/11/2014,06-June,4-Wednesday,21:10,2100 Hours,District 5 (Southeast),,LEE,US 218,US 218,Collision with:  Animal,,,Animal,None Indicated,,,,,,,Paved,,Property Damage Only,0,0,0,0,0,0,5000,1,1,,POINT (-91.56441380114 40.813800524511)
2014802760,14-850,06/11/2014,06-June,4-Wednesday,09:43,0900 Hours,District 3 (Northwest),SPIRIT LAKE,DICKINSON,US 71,US 71 & 165TH ST,Collision with:  Vehicle in traffic,On Roadway,"Angle, oncoming left turn",FTYROW:  Making left turn,None Indicated,,Daylight,Dry,Clear,None apparent,Intersection:  Four-way intersection,Paved,,Possible/Unknown,0,1,0,0,1,0,21500,2,2,,POINT (-95.126781484073 43.408820264019)
2014806573,2014006400,06/11/2014,06-June,4-Wednesday,18:09,1800 Hours,District 6 (East Central),IOWA CITY,JOHNSON,US 6,US 6/S RIVERSIDE DR & IA 1/IOWA 1 & OLD HIGHWAY 218,Collision with:  Vehicle in traffic,On Roadway,Rear-end (front to rear),Followed too close,None Indicated,,Daylight,Dry,Cloudy,None apparent,Non-intersection:  Non-junction/no special feature,Paved,,Property Damage Only,0,0,0,0,0,0,4000,3,3,,POINT (-91.540100407271 41.647471663071)
2014803743,2014034564,06/11/2014,06-June,4-Wednesday,22:01,2200 Hours,District 1 (Central),,JASPER,I-80,I-80,Collision with:  Animal,,,Animal,None Indicated,,,,,,,Paved,,Property Damage Only,0,0,0,0,0,0,2500,1,1,,POINT (-92.792444556476 41.695341058398)
2014803058,14-000705,06/11/2014,06-June,4-Wednesday,20:25,2000 Hours,District 1 (Central),STORY CITY,STORY,I-35,I-35,Collision with:  Animal,,,Animal,None Indicated,,,,,,,Paved,,Property Damage Only,0,0,0,0,0,0,2000,1,1,,POINT (-93.570465301005 42.162858976406)
2014803005,20140016414,06/11/2014,06-June,4-Wednesday,13:43,1300 Hours,District 1 (Central),DES MOINES,POLK,IA 28,IA 28/63RD ST,Collision with:  Vehicle in traffic,On Roadway,Rear-end (front to rear),"Operating vehicle in an reckless, erratic, careless, negligent manner",None Indicated,,Daylight,Dry,Cloudy,Other (explain in narrative),Non-intersection:  Non-junction/no special feature,Paved,,Possible/Unknown,0,4,0,0,4,0,14000,3,6,,POINT (-93.703477805571 41.555754736594)
2014805261,089-2014,06/11/2014,06-June,4-Wednesday,06:50,0600 Hours,District 4 (Southwest),,HARRISON,,Co Rd L20/LOESS HILLS TRL,Collision with:  Animal,,,Animal,None Indicated,,,,,,,Paved,,Property Damage Only,0,0,0,0,0,0,2500,1,1,,POINT (-95.904297754186 41.63552897503)
2014803115,CL14001933,06/11/2014,06-June,4-Wednesday,05:43,0500 Hours,District 6 (East Central),CLINTON,CLINTON,,GARFIELD ST,Collision with:  Vehicle in traffic,On Roadway,Rear-end (front to rear),"Operating vehicle in an reckless, erratic, careless, negligent manner",None Indicated,,Dawn,Wet,Rain,None apparent,Non-intersection:  Non-junction/no special feature,Paved,,Property Damage Only,0,0,0,0,0,0,3500,2,1,,POINT (-90.177481471996 41.871898713307)