Iowa DOT Case Number,Law Enforcement Case Number,Date of Crash,Month of Crash,Day of Week,Time of Crash,Hour,DOT District,City Name,County Name,Route with System,Location Description,First Harmful Event,Location of First Harmful Event,Manner of Crash/Collision,Major Cause,Drug or Alcohol ,Environmental Conditions,Light Conditions,Surface Conditions,Weather Conditions,Roadway Contribution,Roadway Type,Roadway Surface,Work Zone,Crash Severity,Number of Fatalities,Number of Injuries,Number of Major Injuries,Number of Minor Injuries,Number of Possible Injuries,Number of Unknown Injuries,Amount of Property Damage,Number of Vehicles Involved,Total Number of Occupants,Travel Direction,Location
2014803405,14-003310,06/11/2014,06-June,4-Wednesday,01:33,0100 Hours,District 3 (Northwest),,OBRIEN,US 59,US 59/SILVER AVE,Collision with fixed object:  Culvert/pipe opening,On Roadway,Non-collision (single vehicle),Crossed centerline (undivided),None Indicated,,Dark - roadway not lighted,Dry,Clear,None apparent,Non-intersection:  Non-junction/no special feature,Paved,,Major Injury,0,1,1,0,0,0,88500,1,1,,POINT (-95.624112987325 43.04505354251)
2014803041,2014-38785,06/11/2014,06-June,4-Wednesday,21:47,2100 Hours,District 6 (East Central),DAVENPORT,SCOTT,,E 6TH ST,Collision with:  Parked motor vehicle,On Roadway,"Sideswipe, same direction",Lost Control,Alcohol (Statutory),,Dusk,Dry,Cloudy,None apparent,Non-intersection:  Non-junction/no special feature,Paved,,Property Damage Only,0,0,0,0,0,0,6500,3,1,,POINT (-90.567803561937 41.525720416393)
2014802790,20140016388,06/11/2014,06-June,4-Wednesday,08:49,0800 Hours,District 1 (Central),DES MOINES,POLK,,19TH ST,Collision with:  Vehicle in traffic,On Roadway,Broadside (front to side),Ran Traffic Signal,None Indicated,,Daylight,Dry,Cloudy,None apparent,Intersection:  Four-way intersection,Paved,,Possible/Unknown,0,1,0,0,1,0,13000,2,4,,POINT (-93.642570374027 41.596679960459)
2014802727,14-10568,06/11/2014,06-June,4-Wednesday,09:44,0900 Hours,District 2 (Northeast),,BREMER,,240TH ST,Non-collision events:  Overturn/rollover,On Roadway,Non-collision (single vehicle),Swerving/Evasive Action,None Indicated,,Daylight,Dry,Clear,Ruts/holes/bumps,Non-intersection:  Non-junction/no special feature,Unpaved,,Property Damage Only,0,0,0,0,0,0,15100,1,1,,POINT (-92.511215976765 42.700459406708)
2014802788,20140016384,06/11/2014,06-June,4-Wednesday,07:57,0700 Hours,District 1 (Central),DES MOINES,POLK,,CROCKER ST & 6TH AVE,Collision with:  Vehicle in traffic,On Roadway,Broadside (front to side),Ran Traffic Signal,None Indicated,,Daylight,Dry,Clear,None apparent,Intersection:  Four-way intersection,Paved,,Property Damage Only,0,0,0,0,0,0,14500,2,3,,POINT (-93.625643658844 41.593377591402)
2014802972,14003955,06/11/2014,06-June,4-Wednesday,15:50,1500 Hours,District 3 (Northwest),,MONONA,,Co Rd K45/K45,Collision with fixed object:  Ditch,On Roadway,Non-collision (single vehicle),Equipment failure,None Indicated,,Daylight,Dry,Cloudy,None apparent,Non-intersection:  Non-junction/no special feature,Paved,,Property Damage Only,0,0,0,0,0,0,8100,1,1,,POINT (-96.089477264604 41.981875262993)
2014803013,14-001269,06/11/2014,06-June,4-Wednesday,15:55,1500 Hours,District 1 (Central),ALTOONA,POLK,,8TH ST SW,Collision with:  Vehicle in traffic,On Roadway,Rear-end (front to rear),Other (explain in narrative):  Other,None Indicated,,Daylight,Dry,Clear,None apparent,Intersection:  Four-way intersection,Paved,,Minor Injury,0,2,0,1,1,0,3500,2,3,,POINT (-93.483671745593 41.644142711178)
2014803088,14-18304,06/11/2014,06-June,4-Wednesday,09:30,0900 Hours,District 3 (Northwest),SIOUX CITY,WOODBURY,I-29,I-29 & US 77,Collision with:  Vehicle in traffic,On Roadway,"Sideswipe, same direction",FTYROW:  Other (explain in narrative),None Indicated,,Daylight,Dry,Clear,None apparent,Non-intersection:  Other non-intersection (explain in narrative),Paved,,Property Damage Only,0,0,0,0,0,0,1500,2,3,,POINT (-96.412957123911 42.491548751986)
2014802977,14-3868,06/11/2014,06-June,4-Wednesday,11:05,1100 Hours,District 1 (Central),DES MOINES,POLK,US 69,US 69/NE 14TH ST & NE 44TH AVE,Collision with:  Vehicle in traffic,On Roadway,"Angle, oncoming left turn",FTYROW:  Making left turn,None Indicated,,Daylight,Dry,Clear,None apparent,Intersection:  Four-way intersection,Paved,,Property Damage Only,0,0,0,0,0,0,6000,2,2,,POINT (-93.600486865658 41.640412286068)
2014802876,CL14001934,06/11/2014,06-June,4-Wednesday,06:51,0600 Hours,District 6 (East Central),CLINTON,CLINTON,,S 14TH ST,Collision with:  Vehicle in traffic,On Roadway,Rear-end (front to rear),Other (explain in narrative):  Other,None Indicated,,Daylight,Wet,Rain,None apparent,Intersection:  Four-way intersection,Paved,,Property Damage Only,0,0,0,0,0,0,5000,2,2,,POINT (-90.21873518682 41.818871592665)
2014803284,W14-058324,06/12/2014,06-June,5-Thursday,18:01,1800 Hours,District 2 (Northeast),WATERLOO,BLACK HAWK,,RIDGEMONT RD & ANSBOROUGH AVE,Collision with:  Vehicle in traffic,On Roadway,Rear-end (front to rear),Other (explain in narrative):  No improper action,None Indicated,,Daylight,Dry,Clear,None apparent,Intersection:  Four-way intersection,Paved,,Property Damage Only,0,0,0,0,0,0,3000,2,2,,POINT (-92.376239320966 42.46336810889)
2014803539,14-18459,06/12/2014,06-June,5-Thursday,15:15,1500 Hours,District 3 (Northwest),SIOUX CITY,WOODBURY,,18TH ST & GRANDVIEW BLVD,Collision with:  Vehicle in traffic,On Roadway,"Angle, oncoming left turn",FTYROW:  Making left turn,None Indicated,,Daylight,Dry,Clear,None apparent,Intersection:  Four-way intersection,Paved,,Property Damage Only,0,0,0,0,0,0,10000,2,4,,POINT (-96.408036659524 42.509137007164)
2014803196,2014-38921,06/12/2014,06-June,5-Thursday,10:58,1000 Hours,District 6 (East Central),DAVENPORT,SCOTT,,IA 461/BRADY ST & E 53RD ST,Collision with:  Vehicle in traffic,On Roadway,Broadside (front to side),Driving too fast for conditions,None Indicated,,Daylight,Wet,Rain,"Surface condition (e.g., wet, icy)",Non-intersection:  Non-junction/no special feature,Paved,,Property Damage Only,0,0,0,0,0,0,7500,2,2,,POINT (-90.56963083359 41.574519655131)
2014803155,20140016530,06/12/2014,06-June,5-Thursday,16:15,1600 Hours,District 1 (Central),DES MOINES,POLK,I-235,I-235 & 7TH ST,Collision with:  Vehicle in traffic,On Roadway,Rear-end (front to rear),Driving too fast for conditions,None Indicated,,Daylight,Dry,Clear,None apparent,Non-intersection:  Non-junction/no special feature,Paved,,Property Damage Only,0,0,0,0,0,0,6500,2,4,,POINT (-93.626878978881 41.595802816851)
2014803724,14-10930,06/12/2014,06-June,5-Thursday,16:51,1600 Hours,District 6 (East Central),BETTENDORF,SCOTT,,DEVILS GLEN RD,Collision with:  Vehicle in traffic,On Roadway,"Angle, oncoming left turn",Unknown,None Indicated,,Daylight,Dry,Clear,None apparent,Non-intersection:  Driveway access (within),Paved,,Property Damage Only,0,0,0,0,0,0,3500,2,7,,POINT (-90.481723998315 41.529864809073)
2014803998,14-131,06/12/2014,06-June,5-Thursday,12:55,1200 Hours,District 2 (Northeast),WAVERLY,BREMER,IA 3,IA 3/BREMER AVE,Collision with:  Vehicle in traffic,On Roadway,"Sideswipe, same direction",FTYROW:  From parked position,None Indicated,,Daylight,Dry,Clear,None apparent,Non-intersection:  Non-junction/no special feature,Paved,,Property Damage Only,0,0,0,0,0,0,1500,2,2,,POINT (-92.476389589356 42.725737066289)
2014802926,201408302,06/12/2014,06-June,5-Thursday,07:46,0700 Hours,District 6 (East Central),CEDAR RAPIDS,LINN,,MOUNT VERNON RD SE & 34TH ST SE,Collision with:  Vehicle in traffic,On Roadway,"Angle, oncoming left turn",FTYROW:  Making left turn,None Indicated,,Daylight,Dry,Clear,None apparent,Intersection:  Four-way intersection,Paved,,Property Damage Only,0,0,0,0,0,0,4000,2,2,,POINT (-91.61839410553 41.976831647345)
2014802998,20140016499,06/12/2014,06-June,5-Thursday,11:20,1100 Hours,District 1 (Central),DES MOINES,POLK,,6TH AVE,Collision with:  Non-motorist (see non-motorist section - NOT a unit),On Roadway,Non-collision (single vehicle),FTYROW:  From stop sign,None Indicated,,Daylight,Dry,Cloudy,None apparent,Non-intersection:  Driveway access (within),Paved,,Minor Injury,0,1,0,1,0,0,100,1,3,,POINT (-93.625734900031 41.60033968817)
2014803159,14-1292,06/12/2014,06-June,5-Thursday,16:35,1600 Hours,District 1 (Central),URBANDALE,POLK,,BIRCHWOOD CT & NW 86TH ST & NORTHPARK DR,Collision with:  Vehicle in traffic,On Roadway,Rear-end (front to rear),Other (explain in narrative):  Other,None Indicated,,Daylight,Dry,Clear,None apparent,Intersection:  Four-way intersection,Paved,,Property Damage Only,0,0,0,0,0,0,11500,2,2,,POINT (-93.736436526199 41.655474236504)
2014803894,2014-38904,06/12/2014,06-June,5-Thursday,09:28,0900 Hours,District 6 (East Central),DAVENPORT,SCOTT,US 6,US 6/E KIMBERLY RD,Collision with:  Vehicle in traffic,On Roadway,Rear-end (front to rear),Lost Control,None Indicated,,Daylight,Dry,Cloudy,None apparent,Non-intersection:  Non-junction/no special feature,Paved,,Property Damage Only,0,0,0,0,0,0,2800,3,3,,POINT (-90.54080856972 41.55684843647)
2014805409,14058223,06/12/2014,06-June,5-Thursday,13:16,1300 Hours,District 2 (Northeast),CEDAR FALLS,BLACK HAWK,IA 27,IA 27,Collision with:  Animal,On Roadway,Non-collision (single vehicle),Animal,None Indicated,,Daylight,Dry,Clear,None apparent,Non-intersection:  Non-junction/no special feature,Paved,,Property Damage Only,0,0,0,0,0,0,5000,1,2,,POINT (-92.427013750064 42.532158640375)
2014803363,2014006429,06/12/2014,06-June,5-Thursday,12:56,1200 Hours,District 6 (East Central),IOWA CITY,JOHNSON,US 6,US 6/S RIVERSIDE DR,Collision with:  Vehicle in traffic,On Roadway,Rear-end (front to rear),Followed too close,None Indicated,,Daylight,Dry,Clear,None apparent,Intersection:  Four-way intersection,Paved,,Property Damage Only,0,0,0,0,0,0,1500,2,4,,POINT (-91.540136634305 41.647994521742)
2014803553,2014034770,06/12/2014,06-June,5-Thursday,14:30,1400 Hours,District 4 (Southwest),,CASS,I-80,I-80,Collision with:  Animal,,,Animal,None Indicated,,,,,,,Paved,,Property Damage Only,0,0,0,0,0,0,4000,1,1,,POINT (-95.044713584104 41.496933258728)
2014803024,14-024103,06/12/2014,06-June,5-Thursday,02:40,0200 Hours,District 4 (Southwest),COUNCIL BLUFFS,POTTAWATTAMIE,I-29,I-29 & S 24TH ST,Collision with:  Vehicle in traffic,On Roadway,Rear-end (front to rear),Lost Control,Alcohol (Statutory),,Dark - roadway lighted,Dry,Clear,None apparent,Interchange-related:  Off-ramp,Paved,,Minor Injury,0,1,0,1,0,0,11000,2,2,,POINT (-95.879241878907 41.2312082483)
2014803110,14-10663,06/12/2014,06-June,5-Thursday,10:23,1000 Hours,District 2 (Northeast),,BREMER,,Co Rd C16/120TH ST & Co Rd V14/EASTON AVE,Collision with:  Vehicle in traffic,On Roadway,Broadside (front to side),FTYROW:  From stop sign,None Indicated,,Daylight,Dry,Cloudy,None apparent,Intersection:  Four-way intersection,Paved,,Minor Injury,0,3,0,2,1,0,12200,2,5,,POINT (-92.475678801767 42.876636881898)
2014803367,2014006437,06/12/2014,06-June,5-Thursday,17:20,1700 Hours,District 6 (East Central),IOWA CITY,JOHNSON,I-80,I-80,Collision with:  Vehicle in traffic,On Roadway,Rear-end (front to rear),Followed too close,None Indicated,,Daylight,Dry,Clear,None apparent,Interchange-related:  Off-ramp,Paved,,Property Damage Only,0,0,0,0,0,0,2000,2,2,,POINT (-91.542048288059 41.685685426983)
2014803336,01-14-25460,06/12/2014,06-June,5-Thursday,17:19,1700 Hours,District 6 (East Central),DUBUQUE,DUBUQUE,US 52,US 52/E 11TH ST/WHITE ST,Collision with:  Vehicle in traffic,On Roadway,"Sideswipe, same direction",Made improper turn,None Indicated,,Daylight,Dry,Clear,None apparent,Intersection:  Four-way intersection,Paved,,Property Damage Only,0,0,0,0,0,0,6000,2,2,,POINT (-90.665411780655 42.504186011227)
2014805368,2014034762,06/12/2014,06-June,5-Thursday,16:09,1600 Hours,District 1 (Central),,POLK,I-80,I-80,Collision with:  Vehicle in traffic,On Roadway,Rear-end (front to rear),Improper or erratic lane changing,None Indicated,,Daylight,Dry,Clear,None apparent,Non-intersection:  Non-junction/no special feature,Paved,,Property Damage Only,0,0,0,0,0,0,8500,2,6,,POINT (-93.550379582061 41.655831204171)
2014802973,14-024578,06/12/2014,06-June,5-Thursday,12:25,1200 Hours,District 5 (Southeast),MUSCATINE,MUSCATINE,,MULBERRY AVE,Collision with:  Vehicle in traffic,On Roadway,Rear-end (front to rear),Followed too close,None Indicated,,Daylight,Dry,Clear,None apparent,Non-intersection:  Non-junction/no special feature,Paved,,Property Damage Only,0,0,0,0,0,0,1600,2,2,,POINT (-91.084423228315 41.447151698843)
2014803143,14-3912,06/12/2014,06-June,5-Thursday,20:06,2000 Hours,District 1 (Central),,POLK,,NE 51ST CT,Collision with:  Vehicle in traffic,On Roadway,Broadside (front to side),FTYROW:  From driveway,None Indicated,,Dusk,Dry,Clear,None apparent,Non-intersection:  Driveway access (within),Paved,,Property Damage Only,0,0,0,0,0,0,3500,2,2,,POINT (-93.511864409656 41.619593086416)
2014803859,20140016558,06/12/2014,06-June,5-Thursday,22:10,2200 Hours,District 1 (Central),DES MOINES,POLK,I-235,I-235,Collision with fixed object:  Guardrail - face,On Roadway,Non-collision (single vehicle),Ran off road - left,Refused,,Dark - roadway lighted,Dry,Clear,None apparent,Interchange-related:  On-ramp,Paved,,Minor Injury,0,1,0,1,0,0,3500,1,1,,POINT (-93.587947529666 41.599034938653)
2014803342,02-14-8952,06/12/2014,06-June,5-Thursday,05:45,0500 Hours,District 6 (East Central),,DUBUQUE,,Co Rd Y13/HOLY CROSS RD & PRIER RD,Collision with:  Animal,,,Animal,None Indicated,,,,,,,Paved,,Property Damage Only,0,0,0,0,0,0,2500,1,1,,POINT (-91.005509719931 42.471474912859)
2014803176,14-024223,06/12/2014,06-June,5-Thursday,17:44,1700 Hours,District 4 (Southwest),COUNCIL BLUFFS,POTTAWATTAMIE,US 275,US 275/VETERANS MEMORIAL HWY & GIFFORD RD & S 24TH ST,Collision with:  Vehicle in traffic,On Roadway,Rear-end (front to rear),Followed too close,None Indicated,,Daylight,Dry,Clear,None apparent,Non-intersection:  Non-junction/no special feature,Paved,,Property Damage Only,0,0,0,0,0,0,6000,2,2,,POINT (-95.878862512322 41.218761925777)
2014803564,20140597,06/12/2014,06-June,5-Thursday,07:08,0700 Hours,District 5 (Southeast),,MONROE,US 34,US 34,Collision with:  Vehicle in traffic,On Roadway,Head-on (front to front),Crossed centerline (undivided),None Indicated,,Daylight,Dry,Cloudy,Work Zone (roadway-related),Non-intersection:  Non-junction/no special feature,Paved,Yes,Property Damage Only,0,0,0,0,0,0,85000,2,2,,POINT (-92.889948026939 41.011009015176)
2014810482,,06/12/2014,06-June,5-Thursday,02:43,0200 Hours,District 5 (Southeast),,MUSCATINE,US 61,US 61 & Co Rd Y36/ZACHARY AVE,,On Roadway,Non-collision (single vehicle),Ran off road - right,Alcohol (Statutory),,Dark - roadway not lighted,Dry,Clear,Traffic control obscured,Non-intersection:  Non-junction/no special feature,Paved,,Property Damage Only,0,0,0,0,0,0,17000,1,1,,POINT (-90.794086401631 41.51280411474)
2014804208,02-14-8951,06/12/2014,06-June,5-Thursday,06:02,0600 Hours,District 6 (East Central),,DUBUQUE,US 52,US 52,Collision with:  Vehicle in traffic,On Roadway,Rear-end (front to rear),Ran off road - right,None Indicated,,Daylight,Dry,Cloudy,None apparent,Non-intersection:  Non-junction/no special feature,Paved,,Major Injury,0,2,1,0,1,0,12000,2,2,,POINT (-90.976510416556 42.593249879532)
2014803163,14-2754,06/12/2014,06-June,5-Thursday,14:53,1400 Hours,District 1 (Central),WEST DES MOINES,POLK,,ASHWORTH RD,Collision with:  Vehicle in traffic,On Roadway,"Sideswipe, same direction",FTYROW:  From stop sign,None Indicated,,Daylight,Dry,Clear,None apparent,Intersection:  Four-way intersection,Paved,,Property Damage Only,0,0,0,0,0,0,20000,2,2,,POINT (-93.783148356247 41.58444118891)
2014803821,2014006425,06/12/2014,06-June,5-Thursday,12:04,1200 Hours,District 6 (East Central),IOWA CITY,JOHNSON,US 6,US 6,Collision with:  Vehicle in traffic,On Roadway,Rear-end (front to rear),Followed too close,None Indicated,,Daylight,Dry,Clear,None apparent,Non-intersection:  Non-junction/no special feature,Paved,,Property Damage Only,0,0,0,0,0,0,4200,3,5,,POINT (-91.557082030224 41.665672848984)
2014803272,,06/12/2014,06-June,5-Thursday,13:05,1300 Hours,District 6 (East Central),CEDAR RAPIDS,LINN,,16TH AVE SW,Collision with:  Vehicle in traffic,On Roadway,"Sideswipe, same direction",Unknown,None Indicated,,Daylight,Dry,Clear,,Non-intersection:  Non-junction/no special feature,Paved,,Property Damage Only,0,0,0,0,0,0,7500,2,3,,POINT (-91.687765071229 41.961902383465)
2014810184,14-000678,06/12/2014,06-June,5-Thursday,17:52,1700 Hours,District 1 (Central),JOHNSTON,POLK,,NW 86TH ST,Collision with:  Vehicle in traffic,On Roadway,Rear-end (front to rear),Crossed centerline (undivided),None Indicated,,Daylight,Dry,Clear,None apparent,Intersection:  Other intersection (explain in narrative),Paved,,Property Damage Only,0,0,0,0,0,0,5500,3,5,,POINT (-93.736465670467 41.656978239653)
2014803175,14-024198,06/12/2014,06-June,5-Thursday,15:30,1500 Hours,District 4 (Southwest),COUNCIL BLUFFS,POTTAWATTAMIE,US 275,US 275/VETERANS MEMORIAL HWY & S 11TH ST,Collision with:  Vehicle in traffic,On Roadway,Rear-end (front to rear),Followed too close,None Indicated,,Daylight,Dry,Clear,None apparent,Intersection:  Four-way intersection,Paved,,Property Damage Only,0,0,0,0,0,0,7000,3,4,,POINT (-95.860651833509 41.219657436457)
2014802997,20140016496,06/12/2014,06-June,5-Thursday,11:00,1100 Hours,District 1 (Central),DES MOINES,POLK,,LOCUST ST & 6TH AVE,Collision with:  Vehicle in traffic,On Roadway,"Sideswipe, same direction",Improper or erratic lane changing,None Indicated,,Daylight,Dry,Cloudy,None apparent,Non-intersection:  Non-junction/no special feature,Paved,,Property Damage Only,0,0,0,0,0,0,2000,2,2,,POINT (-93.624920792463 41.586851267076)
2014803794,14-19993,06/12/2014,06-June,5-Thursday,23:10,2300 Hours,District 5 (Southeast),,DES MOINES,,150TH ST,Non-collision events:  Other non-collision (explain in narrative),On Roadway,Non-collision (single vehicle),Ran off road - right,None Indicated,,Dark - roadway not lighted,"Mud, dirt",Clear,None apparent,Non-intersection:  Non-junction/no special feature,Unpaved,,Minor Injury,0,1,0,1,0,0,5000,1,2,,POINT (-91.032273646502 40.898549278609)
2014803541,14-18475,06/12/2014,06-June,5-Thursday,17:13,1700 Hours,District 3 (Northwest),SIOUX CITY,WOODBURY,,DACE AVE & FLOYD BLVD,Collision with:  Vehicle in traffic,On Roadway,Rear-end (front to rear),Followed too close,None Indicated,,Daylight,Dry,Clear,None apparent,Intersection:  Four-way intersection,Paved,,Property Damage Only,0,0,0,0,0,0,1600,2,2,,POINT (-96.393374823391 42.488745206597)
2014803000,20140016503,06/12/2014,06-June,5-Thursday,12:00,1200 Hours,District 1 (Central),DES MOINES,POLK,US 69,US 69/E 14TH ST & E WALNUT ST,Collision with:  Vehicle in traffic,On Roadway,"Sideswipe, same direction",FTYROW:  Other (explain in narrative),None Indicated,,Daylight,Dry,Cloudy,None apparent,Intersection:  Other intersection (explain in narrative),Paved,,Property Damage Only,0,0,0,0,0,0,5000,2,2,,POINT (-93.597187547835 41.591259096748)
2014805719,2014034625,06/12/2014,06-June,5-Thursday,09:29,0900 Hours,District 1 (Central),DES MOINES,POLK,I-235,I-235 & PENNSYLVANIA AVE,Collision with:  Vehicle in traffic,On Roadway,Broadside (front to side),Ran Traffic Signal,None Indicated,,Daylight,Dry,Cloudy,None apparent,Intersection:  Intersection with ramp,Paved,,Property Damage Only,0,0,0,0,0,0,6000,2,2,,POINT (-93.608700724736 41.59582844079)
2014811571,143214,06/12/2014,06-June,5-Thursday,03:09,0300 Hours,District 1 (Central),,HARDIN,US 20,US 20,Collision with:  Animal,,,Animal,None Indicated,,,,,,,Paved,,Property Damage Only,0,0,0,0,0,0,2000,1,1,,POINT (-93.195682885004 42.427775766345)
2014804328,2014034694,06/12/2014,06-June,5-Thursday,13:38,1300 Hours,District 5 (Southeast),,LEE,,Co Rd W62/ARGYLE RD,Collision with:  Animal,On Roadway,Non-collision (single vehicle),Animal,None Indicated,,,,,,,Paved,,Property Damage Only,0,0,0,0,0,0,15000,1,1,,POINT (-91.513904856997 40.467808287306)
2014803664,201402011,06/12/2014,06-June,5-Thursday,22:19,2200 Hours,District 6 (East Central),,LINN,US 151,US 151 & BERTRAM RD,Collision with:  Animal,,Non-collision (single vehicle),Animal,None Indicated,,,,,,,Paved,,Property Damage Only,0,0,0,0,0,0,2500,1,1,,POINT (-91.554783756034 41.958756047165)
2014803062,14-1746,06/12/2014,06-June,5-Thursday,12:56,1200 Hours,District 1 (Central),FORT DODGE,WEBSTER,,4TH AVE S & S 15TH ST,Collision with:  Vehicle in traffic,On Roadway,Broadside (front to side),FTYROW:  From stop sign,None Indicated,,Daylight,Dry,Clear,None apparent,Intersection:  Four-way intersection,Paved,,Property Damage Only,0,0,0,0,0,0,4200,2,3,,POINT (-94.177657308741 42.502044595702)
2014803197,2014-38932,06/12/2014,06-June,5-Thursday,11:35,1100 Hours,District 6 (East Central),DAVENPORT,SCOTT,,IA 461/BRADY ST & E 42ND ST,Collision with:  Vehicle in traffic,On Roadway,Broadside (front to side),Driving too fast for conditions,None Indicated,,Daylight,Wet,Clear,"Surface condition (e.g., wet, icy)",Non-intersection:  Non-junction/no special feature,Paved,,Property Damage Only,0,0,0,0,0,0,5000,2,2,,POINT (-90.567771787537 41.563654674464)
2014803960,2014034811,06/12/2014,06-June,5-Thursday,21:22,2100 Hours,District 5 (Southeast),,MUSCATINE,US 61,US 61 & WARD AVE,Collision with:  Animal,,,Animal,None Indicated,,,,,,,Paved,,Property Damage Only,0,0,0,0,0,0,10000,1,1,,POINT (-90.855814764728 41.519168905736)
2014803718,2014-11809,06/12/2014,06-June,5-Thursday,15:03,1500 Hours,District 6 (East Central),,SCOTT,,130 ST,Collision with fixed object:  Mailbox,On Roadway,Non-collision (single vehicle),Ran off road - right,None Indicated,,Daylight,Dry,Clear,None apparent,Non-intersection:  Non-junction/no special feature,Paved,,Minor Injury,0,1,0,1,0,0,50,1,2,,POINT (-90.677520927022 41.493332661113)
2014803365,2014006434,06/12/2014,06-June,5-Thursday,16:26,1600 Hours,District 6 (East Central),IOWA CITY,JOHNSON,US 6,US 6 & ROCKY SHORE DR & HAWKINS DR,Collision with:  Vehicle in traffic,On Roadway,Rear-end (front to rear),Followed too close,None Indicated,,Daylight,Dry,Clear,None apparent,Intersection:  Four-way intersection,Paved,,Property Damage Only,0,0,0,0,0,0,8100,2,2,,POINT (-91.558036861959 41.665946032289)
2014803198,2014-38967,06/12/2014,06-June,5-Thursday,15:39,1500 Hours,District 6 (East Central),DAVENPORT,SCOTT,,E 53RD ST,Collision with:  Vehicle in traffic,On Roadway,Rear-end (front to rear),FTYROW:  From parked position,None Indicated,,Daylight,Dry,Clear,None apparent,Non-intersection:  Non-junction/no special feature,Paved,,Property Damage Only,0,0,0,0,0,0,2000,2,3,,POINT (-90.527601300359 41.573974294839)
2014803652,14-017431,06/12/2014,06-June,5-Thursday,21:38,2100 Hours,District 5 (Southeast),,LEE,US 61,US 61,Collision with:  Animal,,Non-collision (single vehicle),Animal,None Indicated,,,,,,,Paved,,Property Damage Only,0,0,0,0,0,0,5000,1,1,,POINT (-91.431048458362 40.554131287514)
2014803552,2014034614,06/12/2014,06-June,5-Thursday,08:30,0800 Hours,District 5 (Southeast),MARTENSDALE,WARREN,IA 28,IA 28/IOWA 28 & IA 92/IOWA 92,Collision with:  Vehicle in traffic,On Roadway,"Angle, oncoming left turn",FTYROW:  From stop sign,None Indicated,,Daylight,Dry,Clear,None apparent,Intersection:  T-intersection,Paved,,Major Injury,0,3,1,0,2,0,13000,3,5,,POINT (-93.739636087412 41.370623552847)
2014804694,14003437,06/12/2014,06-June,5-Thursday,23:20,2300 Hours,District 2 (Northeast),,CERRO GORDO,,FINCH AVE,Collision with:  Animal,,,Animal,None Indicated,,,,,,,Unpaved,,Property Damage Only,0,0,0,0,0,0,2000,1,1,,POINT (-93.398447092571 43.105810352523)
2014804133,201400028344,06/12/2014,06-June,5-Thursday,14:57,1400 Hours,District 5 (Southeast),OTTUMWA,WAPELLO,,N SHERIDAN ST & E VINE ST,Collision with:  Vehicle in traffic,On Roadway,Broadside (front to side),Ran Stop Sign,None Indicated,,Daylight,Dry,Clear,None apparent,Intersection:  Four-way intersection,Paved,,Property Damage Only,0,0,0,0,0,0,3000,2,2,,POINT (-92.418625276573 41.004902157646)
2014803677,20140016510,06/12/2014,06-June,5-Thursday,13:00,1300 Hours,District 1 (Central),DES MOINES,POLK,US 69,US 69/E 15TH ST & DES MOINES ST,Collision with:  Vehicle in traffic,On Roadway,"Angle, oncoming left turn",Made improper turn,None Indicated,,Daylight,Dry,Cloudy,None apparent,Intersection:  Four-way intersection,Paved,,Property Damage Only,0,0,0,0,0,0,3000,2,3,,POINT (-93.595698383549 41.595022844694)
2014803345,14-006455,06/12/2014,06-June,5-Thursday,15:23,1500 Hours,District 2 (Northeast),SAINT LUCAS,FAYETTE,,S MAIN ST,Collision with fixed object:  Ditch,Shoulder,Non-collision (single vehicle),Ran off road - right,None Indicated,,Daylight,Dry,Clear,None apparent,Non-intersection:  Non-junction/no special feature,Paved,,Minor Injury,0,1,0,1,0,0,5000,1,1,,POINT (-91.932182277336 43.06401639404)
2014803248,2014034580,06/12/2014,06-June,5-Thursday,05:30,0500 Hours,District 6 (East Central),,SCOTT,I-80,I-80,Collision with:  Animal,,,Animal,None Indicated,,,,,,,Paved,,Property Damage Only,0,0,0,0,0,0,5000,1,1,,POINT (-90.825494741065 41.628929630903)
2014807081,,06/12/2014,06-June,5-Thursday,21:11,2100 Hours,District 2 (Northeast),DECORAH,WINNESHIEK,US 52,US 52,Collision with:  Animal,On Roadway,Head-on (front to front),Animal,None Indicated,,Dark - roadway not lighted,Dry,Cloudy,None apparent,Non-intersection:  Non-junction/no special feature,Paved,,Minor Injury,0,1,0,1,0,0,2500,1,5,,POINT (-91.813240285636 43.326176854634)
2014805284,A14-042,06/12/2014,06-June,5-Thursday,07:17,0700 Hours,District 4 (Southwest),WINTERSET,MADISON,,W COURT ST,Collision with:  Vehicle in traffic,On Roadway,Broadside (front to side),FTYROW:  From parked position,None Indicated,,Daylight,Dry,Cloudy,None apparent,Non-intersection:  Non-junction/no special feature,Paved,,Property Damage Only,0,0,0,0,0,0,2700,2,2,,POINT (-94.013749212302 41.33445978503)
2014803135,14013488,06/12/2014,06-June,5-Thursday,18:36,1800 Hours,District 5 (Southeast),OSKALOOSA,MAHASKA,,S 7TH ST,Collision with:  Parked motor vehicle,On Roadway,Head-on (front to front),Ran off road - right,None Indicated,,Daylight,Dry,Cloudy,None apparent,Non-intersection:  Driveway access (within),Paved,,Possible/Unknown,0,1,0,0,1,0,8500,3,2,,POINT (-92.636813719872 41.294907191781)
2014803178,14-024248,06/12/2014,06-June,5-Thursday,00:01,0000 Hours,District 4 (Southwest),COUNCIL BLUFFS,POTTAWATTAMIE,,HARRISON ST,Collision with:  Parked motor vehicle,On Roadway,"Sideswipe, same direction",Other (explain in narrative):  Other,None Indicated,,Dark - roadway lighted,Dry,Clear,None apparent,Non-intersection:  Non-junction/no special feature,Paved,,Property Damage Only,0,0,0,0,0,0,1500,2,1,,POINT (-95.844888245277 41.266791422882)