Iowa DOT Case Number,Law Enforcement Case Number,Date of Crash,Month of Crash,Day of Week,Time of Crash,Hour,DOT District,City Name,County Name,Route with System,Location Description,First Harmful Event,Location of First Harmful Event,Manner of Crash/Collision,Major Cause,Drug or Alcohol ,Environmental Conditions,Light Conditions,Surface Conditions,Weather Conditions,Roadway Contribution,Roadway Type,Roadway Surface,Work Zone,Crash Severity,Number of Fatalities,Number of Injuries,Number of Major Injuries,Number of Minor Injuries,Number of Possible Injuries,Number of Unknown Injuries,Amount of Property Damage,Number of Vehicles Involved,Total Number of Occupants,Travel Direction,Location
2014810258,2014005773,06/12/2014,06-June,5-Thursday,14:44,1400 Hours,District 1 (Central),MARSHALLTOWN,MARSHALL,IA 14,IA 14/3RD AVE/N 3RD AVE & E MAIN ST,Collision with:  Vehicle in traffic,On Roadway,Broadside (front to side),Ran Traffic Signal,None Indicated,,Daylight,Dry,Clear,None apparent,Intersection:  Four-way intersection,Paved,,Minor Injury,0,1,0,1,0,0,8000,2,6,,POINT (-92.908028442356 42.049164341032)
2014806817,32044-14,06/12/2014,06-June,5-Thursday,20:00,2000 Hours,District 3 (Northwest),,EMMET,,210 ST,Collision with fixed object:  Ditch,Outside trafficway,Non-collision (single vehicle),Ran off road - left,None Indicated,,Daylight,Dry,Clear,None apparent,Non-intersection:  Non-junction/no special feature,Unpaved,,Property Damage Only,0,0,0,0,0,0,9000,1,1,,POINT (-94.802913874294 43.342965290152)
2014807276,,06/12/2014,06-June,5-Thursday,22:24,2200 Hours,District 2 (Northeast),,WINNESHIEK,,WAGON RD,Non-collision events:  Overturn/rollover,On Roadway,Non-collision (single vehicle),Swerving/Evasive Action,None Indicated,,Dark - roadway not lighted,Dry,Cloudy,None apparent,Non-intersection:  Non-junction/no special feature,Unpaved,,Property Damage Only,0,0,0,0,0,0,6500,1,1,,POINT (-91.825360383522 43.356466852748)
2014803529,891403803,06/12/2014,06-June,5-Thursday,17:13,1700 Hours,District 5 (Southeast),FARMINGTON,VAN BUREN,,WALNUT ST & 2ND ST,Collision with:  Vehicle in traffic,On Roadway,Broadside (front to side),FTYROW:  From stop sign,None Indicated,,Daylight,Dry,Clear,None apparent,Intersection:  Four-way intersection,Paved,,Property Damage Only,0,0,0,0,0,0,2500,2,2,,POINT (-91.741083318242 40.636922149652)
2014802866,W14-058053,06/12/2014,06-June,5-Thursday,00:08,0000 Hours,District 2 (Northeast),WATERLOO,BLACK HAWK,,W 3RD ST & WELLINGTON ST,Unknown,Unknown,Non-collision (single vehicle),Unknown,Refused,,Unknown,Unknown,Clear,Unknown,Unknown,Paved,,Property Damage Only,0,0,0,0,0,0,2000,1,6,,POINT (-92.347885172357 42.491632798403)
2014803764,14-058331,06/12/2014,06-June,5-Thursday,16:30,1600 Hours,District 2 (Northeast),,BLACK HAWK,,BURTON AVE,Collision with fixed object:  Ditch,On Roadway,Non-collision (single vehicle),"Operating vehicle in an reckless, erratic, careless, negligent manner",None Indicated,,Daylight,Dry,Clear,None apparent,Non-intersection:  Non-junction/no special feature,Unpaved,,Property Damage Only,0,0,0,0,0,0,9000,1,1,,POINT (-92.357287578666 42.607184684625)
2014803383,201408345,06/12/2014,06-June,5-Thursday,19:50,1900 Hours,District 6 (East Central),CEDAR RAPIDS,LINN,I-380,I-380,Collision with:  Vehicle in traffic,On Roadway,Rear-end (front to rear),Followed too close,None Indicated,,Daylight,Dry,Clear,None apparent,Non-intersection:  Non-junction/no special feature,Paved,,Property Damage Only,0,0,0,0,0,0,2500,2,3,,POINT (-91.666427177855 41.982299257064)
2014810183,14-000677,06/12/2014,06-June,5-Thursday,12:42,1200 Hours,District 1 (Central),JOHNSTON,POLK,,NW 66TH AVE & MERLE HAY RD,Collision with:  Vehicle in traffic,On Roadway,Rear-end (front to rear),Other (explain in narrative):  Other,None Indicated,,Daylight,Dry,Clear,None apparent,Non-intersection:  Non-junction/no special feature,Paved,,Minor Injury,0,2,0,1,1,0,24000,2,4,,POINT (-93.697748085978 41.68068332306)
2014803144,14-3909,06/12/2014,06-June,5-Thursday,17:07,1700 Hours,District 1 (Central),,POLK,US 69,US 69/N 14TH ST,Collision with:  Vehicle in traffic,On Roadway,Rear-end (front to rear),Driver Distraction:  Manual operation of an electronic communication device,None Indicated,,Daylight,Dry,Clear,None apparent,Non-intersection:  Non-junction/no special feature,Paved,,Property Damage Only,0,0,0,0,0,0,15500,3,3,,POINT (-93.600603843488 41.677566152011)
2014803645,P14-007056,06/12/2014,06-June,5-Thursday,17:59,1700 Hours,District 1 (Central),WEBSTER CITY,HAMILTON,,BANK ST & BROADWAY ST,Collision with:  Vehicle in traffic,On Roadway,Broadside (front to side),Ran Stop Sign,None Indicated,,Daylight,Dry,Cloudy,None apparent,Intersection:  Four-way intersection,Paved,,Possible/Unknown,0,1,0,0,1,0,7700,2,2,,POINT (-93.826395795336 42.466679189483)
2014805834,14-001614,06/12/2014,06-June,5-Thursday,11:27,1100 Hours,District 2 (Northeast),OSAGE,MITCHELL,,CHESTNUT ST & S 7TH ST,Collision with:  Vehicle in traffic,On Roadway,Rear-end (front to rear),Followed too close,None Indicated,,Daylight,Dry,Clear,None apparent,Non-intersection:  Non-junction/no special feature,Paved,,Property Damage Only,0,0,0,0,0,0,3900,2,5,,POINT (-92.811134288887 43.280194515933)
2014803180,2014-11794,06/12/2014,06-June,5-Thursday,08:00,0800 Hours,District 6 (East Central),LONG GROVE,SCOTT,,Co Rd Y64/162 AVE,Collision with:  Animal,,,Animal,None Indicated,,,,,,,Paved,,Property Damage Only,0,0,0,0,0,0,2000,1,1,,POINT (-90.583260899463 41.679109076634)
2014802993,20140016476,06/12/2014,06-June,5-Thursday,07:35,0700 Hours,District 5 (Southeast),DES MOINES,WARREN,,SW 9TH ST,Collision with:  Animal,On Roadway,Non-collision (single vehicle),Animal,None Indicated,,Daylight,Dry,Cloudy,None apparent,Non-intersection:  Non-junction/no special feature,Paved,,Minor Injury,0,1,0,1,0,0,1500,1,1,,POINT (-93.625676844542 41.502304464276)
2014803655,14-17377,06/12/2014,06-June,5-Thursday,13:28,1300 Hours,District 5 (Southeast),KEOKUK,LEE,IA 27,IA 27/IOWA 27,Non-collision events:  Overturn/rollover,On Roadway,Non-collision (single vehicle),Lost Control,None Indicated,,Daylight,Dry,Clear,None apparent,Non-intersection:  Non-junction/no special feature,Paved,,Property Damage Only,0,0,0,0,0,0,8500,1,2,,POINT (-91.56704870946 40.505820092256)
2014803756,,06/12/2014,06-June,5-Thursday,16:52,1600 Hours,District 4 (Southwest),,MILLS,I-29,I-29 & US 34 & INGRHAM AVE,Collision with:  Vehicle in traffic,On Roadway,Rear-end (front to rear),Followed too close,None Indicated,,Daylight,Dry,Clear,None apparent,Intersection:  T-intersection,Paved,,Property Damage Only,0,0,0,0,0,0,10000,2,6,,POINT (-95.821848107479 41.045177175279)
2014802994,20140016480,06/12/2014,06-June,5-Thursday,07:50,0700 Hours,District 1 (Central),DES MOINES,POLK,,GRAND AVE & 10TH ST,Collision with:  Vehicle in traffic,On Roadway,Broadside (front to side),Unknown,None Indicated,,Daylight,Dry,Cloudy,None apparent,Intersection:  Other intersection (explain in narrative),Paved,,Property Damage Only,0,0,0,0,0,0,6000,2,2,,POINT (-93.630210378709 41.586723315272)
2014803366,2014006436,06/12/2014,06-June,5-Thursday,17:17,1700 Hours,District 6 (East Central),IOWA CITY,JOHNSON,,MELROSE AVE & CAMP CARDINAL BLVD,Collision with:  Vehicle in traffic,On Roadway,Rear-end (front to rear),Followed too close,None Indicated,,Daylight,Dry,Clear,None apparent,Non-intersection:  Non-junction/no special feature,Paved,,Property Damage Only,0,0,0,0,0,0,1600,2,5,,POINT (-91.594180648135 41.657080767964)
2014809099,90-14-000184,06/12/2014,06-June,5-Thursday,19:56,1900 Hours,District 2 (Northeast),DAKOTA CITY,HUMBOLDT,,2ND AVE N & 3RD ST N,Collision with:  Vehicle in traffic,On Roadway,Broadside (front to side),Other (explain in narrative):  No improper action,None Indicated,,Daylight,Dry,Clear,None apparent,Intersection:  Four-way intersection,Paved,,Property Damage Only,0,0,0,0,0,0,5500,2,3,,POINT (-94.204361810768 42.723600330654)
2014803174,14-024183,06/12/2014,06-June,5-Thursday,14:42,1400 Hours,District 4 (Southwest),COUNCIL BLUFFS,POTTAWATTAMIE,,HUNTINGTON AVE,Collision with:  Vehicle in traffic,On Roadway,"Sideswipe, opposite direction",Crossed centerline (undivided),None Indicated,,Daylight,Dry,Clear,None apparent,Non-intersection:  Non-junction/no special feature,Paved,,Property Damage Only,0,0,0,0,0,0,2000,2,2,,POINT (-95.841316072946 41.25461302955)
2014803113,1406122421,06/12/2014,06-June,5-Thursday,09:40,0900 Hours,District 6 (East Central),,CLINTON,US 67,US 67,Collision with:  Vehicle in traffic,On Roadway,"Sideswipe, same direction",Other (explain in narrative):  Other,None Indicated,,Daylight,Dry,Cloudy,None apparent,Non-intersection:  Non-junction/no special feature,Paved,,Property Damage Only,0,0,0,0,0,0,14000,2,2,,POINT (-90.184196415464 42.000582462588)
2014803335,01-14-25408,06/12/2014,06-June,5-Thursday,12:59,1200 Hours,District 6 (East Central),DUBUQUE,DUBUQUE,IA 946,IA 946/IOWA 946,Collision with:  Vehicle in traffic,On Roadway,"Angle, oncoming left turn",FTYROW:  From driveway,None Indicated,,Daylight,Dry,Cloudy,None apparent,Non-intersection:  Driveway access (within),Paved,,Possible/Unknown,0,1,0,0,1,0,6000,2,3,,POINT (-90.664533567803 42.487895675381)
2014808933,1406121534,06/12/2014,06-June,5-Thursday,15:34,1500 Hours,District 6 (East Central),,JONES,,160 AVE & GREEN RD,Collision with:  Vehicle in traffic,On Roadway,Broadside (front to side),FTYROW:  From stop sign,None Indicated,,Daylight,Dry,Cloudy,None apparent,Intersection:  Four-way intersection,Unpaved,,Major Injury,0,2,1,0,1,0,10000,2,2,,POINT (-91.190760594985 42.015999450359)
2014815791,EP14001090,06/12/2014,06-June,5-Thursday,00:01,0000 Hours,District 2 (Northeast),EAGLE GROVE,WRIGHT,,N LUCAS AVE,Collision with:  Parked motor vehicle,On Roadway,Unknown,Unknown,None Indicated,,Dark - roadway lighted,Dry,Clear,None apparent,Non-intersection:  Non-junction/no special feature,Paved,,Property Damage Only,0,0,0,0,0,0,1500,2,1,,POINT (-93.903035130117 42.664802278012)
2014803203,14-000852,06/12/2014,06-June,5-Thursday,17:54,1700 Hours,District 1 (Central),AMES,STORY,,13TH ST & STANGE RD,Collision with:  Vehicle in traffic,On Roadway,"Angle, oncoming left turn",FTYROW:  Making left turn,None Indicated,,Daylight,Dry,Clear,None apparent,Intersection:  Four-way intersection,Paved,,Property Damage Only,0,0,0,0,0,0,8000,2,2,,POINT (-93.644762635066 42.035663633103)
2014803063,14-1749,06/12/2014,06-June,5-Thursday,16:00,1600 Hours,District 1 (Central),FORT DODGE,WEBSTER,,15TH AVE S,Collision with:  Vehicle in traffic,On Roadway,Rear-end (front to rear),Other (explain in narrative):  Other,None Indicated,,Daylight,Dry,Clear,None apparent,Intersection:  T-intersection,Paved,,Possible/Unknown,0,1,0,0,1,0,10000,2,2,,POINT (-94.166952895758 42.486646251115)
2014803554,2014034784,06/12/2014,06-June,5-Thursday,16:30,1600 Hours,District 4 (Southwest),,POTTAWATTAMIE,I-80,I-80,Collision with:  Animal,,,Animal,None Indicated,,,,,,,Paved,,Property Damage Only,0,0,0,0,0,0,2500,1,1,,POINT (-95.302984085569 41.498255164042)
2014810101,14-14849,06/12/2014,06-June,5-Thursday,01:34,0100 Hours,District 1 (Central),NEWTON,JASPER,I-80,I-80 & W 4TH ST S,Collision with:  Animal,On Roadway,Non-collision (single vehicle),Animal,None Indicated,,Dark - unknown roadway lighting,Dry,Clear,None apparent,Non-intersection:  Non-junction/no special feature,Paved,,Property Damage Only,0,0,0,0,0,0,3000,1,1,,POINT (-93.058334841336 41.683750329717)
2014803117,14-19964,06/12/2014,06-June,5-Thursday,20:40,2000 Hours,District 5 (Southeast),BURLINGTON,DES MOINES,US 61,US 61 & SUNNYSIDE AVE,Collision with:  Vehicle in traffic,On Roadway,Broadside (front to side),Swerving/Evasive Action,None Indicated,,Dusk,Dry,Cloudy,None apparent,Intersection:  Four-way intersection,Paved,,Possible/Unknown,0,1,0,0,1,0,2500,2,3,,POINT (-91.141372136855 40.833152861235)
2014803723,14-10927,06/12/2014,06-June,5-Thursday,16:12,1600 Hours,District 6 (East Central),BETTENDORF,SCOTT,,40TH AVE & UTICA RIDGE RD,Collision with:  Vehicle in traffic,On Roadway,Rear-end (front to rear),Driver Distraction:  Manual operation of an electronic communication device,None Indicated,,Daylight,Dry,Clear,None apparent,Non-intersection:  Non-junction/no special feature,Paved,,Possible/Unknown,0,1,0,0,1,0,7000,2,5,,POINT (-90.517353383311 41.562216244597)
2014805262,90-2014,06/12/2014,06-June,5-Thursday,16:55,1600 Hours,District 4 (Southwest),,HARRISON,US 30,US 30/E LINCOLN WAY,Collision with:  Vehicle in traffic,On Roadway,Rear-end (front to rear),Other (explain in narrative):  Other,None Indicated,,Daylight,Dry,Clear,None apparent,Intersection:  T-intersection,Paved,,Property Damage Only,0,0,0,0,0,0,9000,2,2,,POINT (-95.878633542267 41.561921135556)
2014802996,20140016494,06/12/2014,06-June,5-Thursday,10:50,1000 Hours,District 1 (Central),DES MOINES,POLK,I-235,I-235 & SCHOOL ST & 7TH ST,Collision with:  Vehicle in traffic,On Roadway,Broadside (front to side),Ran Traffic Signal,None Indicated,,Daylight,Dry,Cloudy,None apparent,Intersection:  Other intersection (explain in narrative),Paved,,Property Damage Only,0,0,0,0,0,0,8000,2,2,,POINT (-93.62689713545 41.595199232369)
2014807707,SO1404477,06/12/2014,06-June,5-Thursday,18:54,1800 Hours,District 5 (Southeast),,WASHINGTON,,UNDERWOOD AVE,Non-collision events:  Overturn/rollover,On Roadway,Non-collision (single vehicle),Driving too fast for conditions,Alcohol (Statutory),,Daylight,Dry,Clear,None apparent,Non-intersection:  Non-junction/no special feature,Unpaved,,Minor Injury,0,1,0,1,0,0,10000,1,3,,POINT (-91.558319222125 41.353007339499)
2014803162,14-2753,06/12/2014,06-June,5-Thursday,13:50,1300 Hours,District 1 (Central),WEST DES MOINES,POLK,,ASHWORTH RD,Collision with:  Vehicle in traffic,On Roadway,Broadside (front to side),FTYROW:  From driveway,None Indicated,,Daylight,Dry,Clear,None apparent,Non-intersection:  Driveway access (within),Paved,,Possible/Unknown,0,1,0,0,1,0,2500,2,4,,POINT (-93.711828436767 41.584571611213)
2014803141,1406121-A,06/12/2014,06-June,5-Thursday,13:20,1300 Hours,District 4 (Southwest),RED OAK,MONTGOMERY,US 34,US 34 & EASTERN AVE,Collision with:  Vehicle in traffic,On Roadway,Rear-end (front to rear),Unknown,None Indicated,,Daylight,Dry,Clear,None apparent,Intersection:  Four-way intersection,Paved,,Minor Injury,0,1,0,1,0,0,2000,2,2,,POINT (-95.213875291396 41.025862450311)
2014803395,14-014095,06/12/2014,06-June,5-Thursday,15:34,1500 Hours,District 5 (Southeast),,MARION,,Co Rd G46/HWY G46,Non-collision events:  Overturn/rollover,On Roadway,Non-collision (single vehicle),Swerving/Evasive Action,None Indicated,,Daylight,Dry,Clear,None apparent,Non-intersection:  Non-junction/no special feature,Paved,,Possible/Unknown,0,1,0,0,1,0,5500,1,1,,POINT (-92.965853132615 41.33990121398)
2014803209,2014-12464,06/12/2014,06-June,5-Thursday,22:45,2200 Hours,District 5 (Southeast),,WARREN,IA 92,IA 92/IOWA 92,Collision with:  Animal,On Roadway,Non-collision (single vehicle),Animal,None Indicated,,Dark - roadway not lighted,Dry,Clear,None apparent,Non-intersection:  Non-junction/no special feature,Paved,,Property Damage Only,0,0,0,0,0,0,7000,1,1,,POINT (-93.453818485654 41.371114825695)
2014803959,2014034632,06/12/2014,06-June,5-Thursday,10:10,1000 Hours,District 6 (East Central),,JACKSON,US 61,US 61,Collision with:  Animal,,,Animal,None Indicated,,,,,,,Paved,,Property Damage Only,0,0,0,0,0,0,5000,1,1,,POINT (-90.682549093325 42.084184418333)
2014803305,14009472,06/12/2014,06-June,5-Thursday,11:48,1100 Hours,District 2 (Northeast),MASON CITY,CERRO GORDO,,MEADOWBROOK DR & S GRANT AVE,Collision with:  Vehicle in traffic,On Roadway,Broadside (front to side),FTYROW:  At uncontrolled intersection,None Indicated,,Daylight,Dry,Cloudy,None apparent,Non-intersection:  Non-junction/no special feature,Paved,,Possible/Unknown,0,1,0,0,1,0,5000,2,4,,POINT (-93.224567584076 43.14512177567)
2014850891,14-004568,06/12/2014,06-June,5-Thursday,13:47,1300 Hours,District 5 (Southeast),,LOUISA,,Co Rd H22/COUNTY RD H22,Collision with fixed object:  Ditch,On Roadway,Non-collision (single vehicle),Lost Control,None Indicated,,Daylight,Dry,Cloudy,None apparent,Non-intersection:  Non-junction/no special feature,Paved,,Property Damage Only,0,0,0,0,0,0,6250,1,1,,POINT (-91.129156108285 41.090618168928)
2014810307,AP14-0206,06/12/2014,06-June,5-Thursday,17:01,1700 Hours,District 6 (East Central),ANAMOSA,JONES,US 151,US 151,,Shoulder,Non-collision (single vehicle),Ran off road - right,None Indicated,,Daylight,Dry,Clear,None apparent,Non-intersection:  Non-junction/no special feature,Paved,,Possible/Unknown,0,1,0,0,1,0,2250,1,1,,POINT (-91.267310178816 42.097605735253)
2014803648,14-4563,06/12/2014,06-June,5-Thursday,13:25,1300 Hours,District 3 (Northwest),,IDA,,Co Rd L51/ALPINE AVE,Collision with fixed object:  Ditch,On Roadway,Non-collision (single vehicle),Swerving/Evasive Action,None Indicated,,Daylight,Dry,Clear,None apparent,Non-intersection:  Non-junction/no special feature,Paved,,Minor Injury,0,1,0,1,0,0,3650,1,1,,POINT (-95.652824086857 42.371888229683)
2014814237,AC-14-0033,06/12/2014,06-June,5-Thursday,21:35,2100 Hours,District 6 (East Central),MONTICELLO,JONES,IA 38,IA 38/N CEDAR ST,Collision with:  Vehicle in traffic,On Roadway,Broadside (front to side),Unknown,None Indicated,,Dark - roadway lighted,Dry,Clear,None apparent,Non-intersection:  Driveway access (within),Paved,,Property Damage Only,0,0,0,0,0,0,2500,2,2,,POINT (-91.19117494127 42.243308580504)
2014803362,2014006412,06/12/2014,06-June,5-Thursday,00:59,0000 Hours,District 6 (East Central),IOWA CITY,JOHNSON,,RAVEN ST & E COURT ST,Non-collision events:  Other non-collision (explain in narrative),Roadside,Non-collision (single vehicle),Crossed centerline (undivided),Drug,,Dark - roadway not lighted,Dry,Clear,None apparent,Non-intersection:  Non-junction/no special feature,Paved,,Minor Injury,0,1,0,1,0,0,5850,1,1,,POINT (-91.485840759931 41.656983333611)
2014803807,14085972,06/12/2014,06-June,5-Thursday,16:16,1600 Hours,District 6 (East Central),SWISHER,JOHNSON,,120TH ST & CURTIS BRIDGE RD NE & CLUB RD NE,Collision with:  Vehicle in traffic,On Roadway,Broadside (front to side),FTYROW:  From stop sign,None Indicated,,Daylight,Dry,Clear,None apparent,Intersection:  Four-way intersection,Paved,,Property Damage Only,0,0,0,0,0,0,9000,2,2,,POINT (-91.646099341428 41.847683904269)
2014803555,2014034785,06/12/2014,06-June,5-Thursday,16:34,1600 Hours,District 3 (Northwest),SPIRIT LAKE,DICKINSON,US 71,US 71 & 252ND AVE,Collision with:  Vehicle in traffic,On Roadway,"Sideswipe, same direction",Made improper turn,None Indicated,,Daylight,Dry,Clear,None apparent,Intersection:  Four-way intersection,Paved,,Property Damage Only,0,0,0,0,0,0,17000,2,2,,POINT (-95.08961436742 43.430224136855)
2014809893,20142046,06/12/2014,06-June,5-Thursday,16:10,1600 Hours,District 1 (Central),,GRUNDY,,Co Rd T19/F AVE,Collision with:  Non-motorist (see non-motorist section - NOT a unit),On Roadway,Non-collision (single vehicle),Crossed centerline (undivided),None Indicated,,Daylight,Dry,Cloudy,None apparent,Non-intersection:  Non-junction/no special feature,Paved,,Major Injury,0,1,1,0,0,0,1500,1,5,,POINT (-92.928143013322 42.491610288489)
2014803359,C14001816,06/12/2014,06-June,5-Thursday,14:36,1400 Hours,District 6 (East Central),CORALVILLE,JOHNSON,I-80,I-80 & IA 965/CORAL RIDGE AVE,Collision with:  Vehicle in traffic,On Roadway,Rear-end (front to rear),Followed too close,None Indicated,,Daylight,Dry,Clear,None apparent,Intersection:  Four-way intersection,Paved,,Property Damage Only,0,0,0,0,0,0,2800,2,2,,POINT (-91.60851295049 41.692012698922)
2014810392,14-002545,06/12/2014,06-June,5-Thursday,12:55,1200 Hours,District 1 (Central),ANKENY,POLK,,SW STATE ST,Collision with:  Vehicle in traffic,On Roadway,"Sideswipe, same direction",Unknown,None Indicated,,Daylight,Dry,Clear,None apparent,Non-intersection:  Non-junction/no special feature,Paved,,Property Damage Only,0,0,0,0,0,0,4000,2,2,,POINT (-93.621509569573 41.703890816957)
2014803014,14-001275,06/12/2014,06-June,5-Thursday,15:10,1500 Hours,District 1 (Central),ALTOONA,POLK,US 6,US 6/FREDERICK M HUBBELL AVE & 34TH AVE SW & 34TH AVE NW,Collision with:  Vehicle in traffic,On Roadway,Broadside (front to side),Ran Traffic Signal,None Indicated,,Daylight,Dry,Clear,None apparent,Intersection:  Four-way intersection,Paved,,Property Damage Only,0,0,0,0,0,0,3500,2,2,,POINT (-93.50308967921 41.655075143296)
2014803121,14-009863,06/12/2014,06-June,5-Thursday,22:48,2200 Hours,District 5 (Southeast),,HENRY,US 218,US 218,Collision with:  Animal,,,Animal,None Indicated,,,,,,,Paved,,Property Damage Only,0,0,0,0,0,0,8000,1,1,,POINT (-91.544491354166 41.045027711101)
2014803977,142498,06/12/2014,06-June,5-Thursday,15:50,1500 Hours,District 1 (Central),ELDORA,HARDIN,,12TH AVE & 11TH ST,Collision with:  Vehicle in traffic,On Roadway,Broadside (front to side),FTYROW:  From stop sign,None Indicated,,Daylight,Dry,Clear,None apparent,Intersection:  T-intersection,Paved,,Property Damage Only,0,0,0,0,0,0,3500,2,3,,POINT (-93.097089027906 42.361599168585)
2014814089,2014-6757,06/12/2014,06-June,5-Thursday,12:15,1200 Hours,District 2 (Northeast),FOREST CITY,WINNEBAGO,,W I ST & E I ST & S CLARK ST,Collision with:  Parked motor vehicle,Roadside,"Sideswipe, same direction",Cargo/equipment loss or shift,None Indicated,,Daylight,Dry,Clear,None apparent,Non-intersection:  Non-junction/no special feature,Paved,,Property Damage Only,0,0,0,0,0,0,1835,2,1,,POINT (-93.638437946617 43.262522508116)
2014803120,14-19856,06/12/2014,06-June,5-Thursday,04:39,0400 Hours,District 5 (Southeast),WEST BURLINGTON,DES MOINES,US 34,US 34/SW RAMP & MT PLEASANT ST,Collision with:  Animal,On Roadway,Non-collision (single vehicle),Animal,None Indicated,,Dark - roadway lighted,Dry,Clear,None apparent,Non-intersection:  Non-junction/no special feature,Paved,,Property Damage Only,0,0,0,0,0,0,2500,1,1,,POINT (-91.1943537514 40.826427941077)
2014828308,14060254,06/12/2014,06-June,5-Thursday,21:50,2100 Hours,District 5 (Southeast),OTTUMWA,WAPELLO,US 63,US 63,Collision with:  Animal,,Non-collision (single vehicle),Animal,None Indicated,,,,,,,Paved,,Property Damage Only,0,0,0,0,0,0,5500,1,1,,POINT (-92.374878588794 41.060136165702)
2014803510,14-10905,06/12/2014,06-June,5-Thursday,11:23,1100 Hours,District 6 (East Central),BETTENDORF,SCOTT,I-74,I-74,Collision with:  Vehicle in traffic,On Roadway,Rear-end (front to rear),Followed too close,None Indicated,,Daylight,Dry,Cloudy,None apparent,Non-intersection:  Non-junction/no special feature,Paved,,Possible/Unknown,0,1,0,0,1,0,8500,5,7,,POINT (-90.513307094703 41.5226359028)
2014836458,E14-052,06/12/2014,06-June,5-Thursday,13:38,1300 Hours,District 4 (Southwest),LOGAN,HARRISON,US 30,US 30/11TH ST,,On Roadway,"Sideswipe, same direction",Crossed centerline (undivided),None Indicated,,Daylight,Dry,Clear,None apparent,Non-intersection:  Non-junction/no special feature,Paved,,Property Damage Only,0,0,0,0,0,0,1950,2,3,,POINT (-95.792643617171 41.638343029201)
2014803177,14-024226,06/12/2014,06-June,5-Thursday,23:00,2300 Hours,District 4 (Southwest),COUNCIL BLUFFS,POTTAWATTAMIE,,16TH AVE,Collision with:  Parked motor vehicle,On Roadway,"Sideswipe, opposite direction",Lost Control,None Indicated,,Dark - roadway not lighted,Dry,Clear,None apparent,Non-intersection:  Non-junction/no special feature,Unpaved,,Property Damage Only,0,0,0,0,0,0,4000,2,1,,POINT (-95.84635801936 41.246499737437)
2014804132,201400028248,06/12/2014,06-June,5-Thursday,00:53,0000 Hours,District 5 (Southeast),OTTUMWA,WAPELLO,,E 2ND ST,Collision with:  Parked motor vehicle,On Roadway,"Sideswipe, same direction",Other (explain in narrative):  Other,Alcohol (Statutory),,Dark - roadway lighted,Dry,Clear,None apparent,Non-intersection:  Non-junction/no special feature,Paved,,Minor Injury,0,1,0,1,0,0,12750,3,1,,POINT (-92.406314300411 41.01457722561)
2014803185,2014-38930,06/12/2014,06-June,5-Thursday,12:05,1200 Hours,District 6 (East Central),DAVENPORT,SCOTT,,W 15TH ST & RIPLEY ST,Collision with:  Vehicle in traffic,On Roadway,Broadside (front to side),FTYROW:  From stop sign,None Indicated,,Daylight,Dry,Cloudy,None apparent,Intersection:  Four-way intersection,Paved,,Property Damage Only,0,0,0,0,0,0,4500,2,3,,POINT (-90.57849141277 41.535105618832)
2014805257,02-14-8984,06/12/2014,06-June,5-Thursday,22:15,2200 Hours,District 6 (East Central),,DUBUQUE,,Co Rd Y35/JOHN DEERE RD S,Collision with:  Animal,,,Animal,None Indicated,,,,,,,Paved,,Property Damage Only,0,0,0,0,0,0,2000,1,1,,POINT (-90.693481383608 42.563918748176)
2014803839,1400000510,06/12/2014,06-June,5-Thursday,22:40,2200 Hours,District 1 (Central),,MARSHALL,IA 14,IA 14/SANFORD AVE,Collision with:  Animal,,Non-collision (single vehicle),Animal,None Indicated,,,,,,,Paved,,Property Damage Only,0,0,0,0,0,0,2000,1,1,,POINT (-92.90817065896 42.067880116546)
2014806795,02-14-8950,06/12/2014,06-June,5-Thursday,04:49,0400 Hours,District 6 (East Central),DUBUQUE,DUBUQUE,,OLD HIGHWAY RD,Collision with fixed object:  Ditch,Roadside,Non-collision (single vehicle),Ran off road - right,None Indicated,,Dawn,Dry,Cloudy,None apparent,Non-intersection:  Non-junction/no special feature,Paved,,Property Damage Only,0,0,0,0,0,0,3100,1,1,,POINT (-90.758553944113 42.483695396901)
2014803443,20140016552,06/12/2014,06-June,5-Thursday,19:43,1900 Hours,District 1 (Central),DES MOINES,POLK,,SE 22ND ST,Collision with:  Vehicle in traffic,On Roadway,Rear-end (front to rear),Followed too close,None Indicated,,Daylight,Dry,Clear,None apparent,Non-intersection:  Non-junction/no special feature,Paved,,Property Damage Only,0,0,0,0,0,0,7000,3,3,,POINT (-93.574038297967 41.566336782896)
2014803283,W14-058224,06/12/2014,06-June,5-Thursday,13:04,1300 Hours,District 2 (Northeast),WATERLOO,BLACK HAWK,,KIMBALL AVE & W SHAULIS RD & E SHAULIS RD,Collision with:  Vehicle in traffic,On Roadway,Broadside (front to side),FTYROW:  From stop sign,None Indicated,,Daylight,Dry,Clear,None apparent,Intersection:  Four-way intersection,Paved,,Property Damage Only,0,0,0,0,0,0,3000,2,2,,POINT (-92.3567553455 42.443006144776)
2014809869,14-003280,06/12/2014,06-June,5-Thursday,11:30,1100 Hours,District 2 (Northeast),,HANCOCK,US 18,US 18,Collision with:  Vehicle in traffic,On Roadway,Rear-end (front to rear),Followed too close,None Indicated,,Daylight,Dry,Clear,None apparent,Non-intersection:  Non-junction/no special feature,Paved,,Property Damage Only,0,0,0,0,0,0,4500,2,2,,POINT (-93.786276591182 43.102127746604)
2014803142,14-024601,06/12/2014,06-June,5-Thursday,16:03,1600 Hours,District 5 (Southeast),MUSCATINE,MUSCATINE,,E 8TH ST & CYPRESS ST,Collision with:  Vehicle in traffic,On Roadway,Broadside (front to side),Unknown,None Indicated,,Daylight,Dry,Clear,None apparent,Intersection:  Four-way intersection,Paved,,Minor Injury,0,3,0,2,1,0,6500,2,3,,POINT (-91.040831490602 41.431438860454)