Iowa DOT Case Number,Law Enforcement Case Number,Date of Crash,Month of Crash,Day of Week,Time of Crash,Hour,DOT District,City Name,County Name,Route with System,Location Description,First Harmful Event,Location of First Harmful Event,Manner of Crash/Collision,Major Cause,Drug or Alcohol ,Environmental Conditions,Light Conditions,Surface Conditions,Weather Conditions,Roadway Contribution,Roadway Type,Roadway Surface,Work Zone,Crash Severity,Number of Fatalities,Number of Injuries,Number of Major Injuries,Number of Minor Injuries,Number of Possible Injuries,Number of Unknown Injuries,Amount of Property Damage,Number of Vehicles Involved,Total Number of Occupants,Travel Direction,Location
2014803307,14009554,06/13/2014,06-June,6-Friday,15:09,1500 Hours,District 2 (Northeast),MASON CITY,CERRO GORDO,IA 122,IA 122/6TH ST SE,Collision with:  Vehicle in traffic,On Roadway,"Sideswipe, same direction",Made improper turn,None Indicated,,Daylight,Dry,Cloudy,None apparent,Non-intersection:  Non-junction/no special feature,Paved,,Property Damage Only,0,0,0,0,0,0,2500,2,4,,POINT (-93.197749978429 43.146233839116)
2014809802,1404487,06/13/2014,06-June,6-Friday,07:59,0700 Hours,District 5 (Southeast),WASHINGTON,WASHINGTON,IA 1,IA 1/W MADISON ST & 250TH ST,Collision with:  Vehicle in traffic,On Roadway,Rear-end (front to rear),Followed too close,None Indicated,,Daylight,Dry,Clear,None apparent,Intersection:  T-intersection,Paved,,Property Damage Only,0,0,0,0,0,0,1500,2,3,,POINT (-91.709465442815 41.296676838273)
2014803152,20140016593,06/13/2014,06-June,6-Friday,10:55,1000 Hours,District 1 (Central),DES MOINES,POLK,,CENTER ST & 2ND AVE,Collision with:  Vehicle in traffic,On Roadway,"Sideswipe, same direction",FTYROW:  Other (explain in narrative),None Indicated,,Daylight,Dry,Clear,None apparent,Non-intersection:  Non-junction/no special feature,Paved,,Property Damage Only,0,0,0,0,0,0,6000,2,4,,POINT (-93.620298898387 41.59156006689)
2014803418,14-002565,06/13/2014,06-June,6-Friday,13:20,1300 Hours,District 1 (Central),ANKENY,POLK,IA 160,IA 160/SE ORALABOR RD,Collision with:  Vehicle in traffic,On Roadway,Rear-end (front to rear),Followed too close,None Indicated,,Daylight,Dry,Clear,None apparent,Non-intersection:  Non-junction/no special feature,Paved,,Minor Injury,0,1,0,1,0,0,2100,2,2,,POINT (-93.598110980194 41.702871082268)
2014803114,1406138021,06/13/2014,06-June,6-Friday,05:20,0500 Hours,District 6 (East Central),,CLINTON,US 30,US 30,Collision with:  Animal,,,Animal,None Indicated,,,,,,,Paved,,Property Damage Only,0,0,0,0,0,0,3000,1,1,,POINT (-90.463872283752 41.81197711974)
2014803493,14-024372,06/13/2014,06-June,6-Friday,14:08,1400 Hours,District 4 (Southwest),COUNCIL BLUFFS,POTTAWATTAMIE,I-29,I-29,Collision with fixed object:  Ditch,On Roadway,Non-collision (single vehicle),FTYROW:  Other (explain in narrative),None Indicated,,Daylight,Dry,Clear,Work Zone (roadway-related),Non-intersection:  Non-junction/no special feature,Paved,Yes,Minor Injury,0,1,0,1,0,0,3000,2,2,,POINT (-95.823930245934 41.212017428997)
2014804356,,06/13/2014,06-June,6-Friday,22:08,2200 Hours,District 5 (Southeast),,LUCAS,,170TH AVE,Collision with fixed object:  Ditch,Outside trafficway,Non-collision (single vehicle),Swerving/Evasive Action,None Indicated,,Dark - roadway not lighted,Dry,Clear,None apparent,Non-intersection:  Non-junction/no special feature,Unpaved,,Possible/Unknown,0,1,0,0,1,0,1700,1,1,,POINT (-93.423333762284 41.131884438404)
2014803492,14-024330,06/13/2014,06-June,6-Friday,15:50,1500 Hours,District 4 (Southwest),COUNCIL BLUFFS,POTTAWATTAMIE,,S EXPRESSWAY,Collision with:  Vehicle in traffic,On Roadway,"Sideswipe, same direction",Other (explain in narrative):  Other,None Indicated,,Daylight,Dry,Cloudy,None apparent,Intersection:  Four-way intersection,Paved,,Property Damage Only,0,0,0,0,0,0,3000,2,2,,POINT (-95.85133521074 41.230615314776)
2014803437,20140016656,06/13/2014,06-June,6-Friday,18:52,1800 Hours,District 1 (Central),DES MOINES,POLK,US 6,US 6/EUCLID AVE/E EUCLID AVE & IA 415/2ND AVE,Collision with:  Vehicle in traffic,On Roadway,Rear-end (front to rear),Followed too close,None Indicated,,Daylight,Dry,Clear,None apparent,Intersection:  Four-way intersection,Paved,,Property Damage Only,0,0,0,0,0,0,2500,2,6,,POINT (-93.619949076831 41.627716928966)
2014803900,2014-39259,06/13/2014,06-June,6-Friday,17:04,1700 Hours,District 6 (East Central),DAVENPORT,SCOTT,,IA 461/HARRISON ST & W CENTRAL PARK AVE,Collision with:  Vehicle in traffic,On Roadway,Rear-end (front to rear),Followed too close,None Indicated,,Daylight,Dry,Clear,None apparent,Non-intersection:  Non-junction/no special feature,Paved,,Property Damage Only,0,0,0,0,0,0,5000,2,2,,POINT (-90.576952074095 41.545511600901)
2014803290,201402675,06/13/2014,06-June,6-Friday,23:11,2300 Hours,District 1 (Central),OGDEN,BOONE,US 30,US 30/220TH ST & I AVE,Collision with:  Animal,On Roadway,Non-collision (single vehicle),Animal,None Indicated,,Dark - roadway not lighted,Dry,Clear,None apparent,Non-intersection:  Non-junction/no special feature,Paved,,Property Damage Only,0,0,0,0,0,0,3000,1,1,,POINT (-94.008436089723 42.029612981413)
2014803140,14-014135,06/13/2014,06-June,6-Friday,04:30,0400 Hours,District 5 (Southeast),,MARION,,Co Rd T17/HWY T17,Collision with:  Animal,On Roadway,Non-collision (single vehicle),Animal,None Indicated,,Dark - roadway not lighted,Dry,Clear,None apparent,Non-intersection:  Non-junction/no special feature,Paved,,Property Damage Only,0,0,0,0,0,0,8000,1,1,,POINT (-92.948775396395 41.291982695084)
2014803440,20140016645,06/13/2014,06-June,6-Friday,17:20,1700 Hours,District 1 (Central),DES MOINES,POLK,,MLK JR PKWY,Collision with:  Vehicle in traffic,On Roadway,Rear-end (front to rear),Followed too close,None Indicated,,Daylight,Dry,Clear,None apparent,Non-intersection:  Non-junction/no special feature,Paved,,Property Damage Only,0,0,0,0,0,0,1700,2,3,,POINT (-93.644793709835 41.582562167216)
2014803496,14-024460,06/13/2014,06-June,6-Friday,22:22,2200 Hours,District 4 (Southwest),COUNCIL BLUFFS,POTTAWATTAMIE,,W BROADWAY & E BROADWAY & S 1ST ST,Collision with:  Vehicle in traffic,On Roadway,"Angle, oncoming left turn",Other (explain in narrative):  Other,None Indicated,,Dark - roadway lighted,Dry,Clear,None apparent,Non-intersection:  Non-junction/no special feature,Paved,,Property Damage Only,0,0,0,0,0,0,3000,2,4,,POINT (-95.843724312357 41.263352750857)
2014809300,,06/13/2014,06-June,6-Friday,02:13,0200 Hours,District 3 (Northwest),SIOUX CITY,WOODBURY,,JOHN ST,Collision with:  Vehicle in traffic,On Roadway,"Sideswipe, same direction",Swerving/Evasive Action,None Indicated,,Dark - roadway lighted,Dry,Clear,None apparent,Non-intersection:  Non-junction/no special feature,Paved,,Property Damage Only,0,0,0,0,0,0,3288,2,3,,POINT (-96.43551979265 42.497861303322)
2014807082,,06/13/2014,06-June,6-Friday,14:57,1400 Hours,District 2 (Northeast),DECORAH,WINNESHIEK,,E WATER ST,Collision with:  Vehicle in traffic,On Roadway,"Sideswipe, opposite direction",Other (explain in narrative):  Other,None Indicated,,Daylight,Dry,Clear,None apparent,Non-intersection:  Non-junction/no special feature,Paved,,Property Damage Only,0,0,0,0,0,0,10000,2,2,,POINT (-91.783078862546 43.30417712338)
2014803558,2014035021,06/13/2014,06-June,6-Friday,05:45,0500 Hours,District 4 (Southwest),FONTANELLE,ADAIR,IA 92,IA 92/IOWA 92 & W 3RD ST,Collision with:  Vehicle in traffic,On Roadway,"Sideswipe, opposite direction",Swerving/Evasive Action,None Indicated,,Daylight,Dry,Clear,None apparent,Non-intersection:  Non-junction/no special feature,Paved,,Property Damage Only,0,0,0,0,0,0,8000,2,2,,POINT (-94.571137853638 41.288711771394)
2014803897,2014-39205,06/13/2014,06-June,6-Friday,12:34,1200 Hours,District 6 (East Central),DAVENPORT,SCOTT,,E LOCUST ST & IOWA ST,Collision with:  Vehicle in traffic,On Roadway,Broadside (front to side),Ran Traffic Signal,None Indicated,,Daylight,Dry,Clear,None apparent,Intersection:  Four-way intersection,Paved,,Property Damage Only,0,0,0,0,0,0,4000,2,3,,POINT (-90.569658678399 41.538269563264)
2014803757,,06/13/2014,06-June,6-Friday,10:14,1000 Hours,District 5 (Southeast),FORT MADISON,LEE,,AVE E,Collision with:  Parked motor vehicle,On Roadway,"Sideswipe, same direction","Operating vehicle in an reckless, erratic, careless, negligent manner",None Indicated,,Daylight,Dry,Clear,None apparent,Non-intersection:  Non-junction/no special feature,Paved,,Property Damage Only,0,0,0,0,0,0,2000,2,1,,POINT (-91.324353517361 40.633148726004)
2014803568,2014034882,06/13/2014,06-June,6-Friday,10:15,1000 Hours,District 1 (Central),,WEBSTER,US 20,US 20/235TH ST,Collision with:  Animal,On Roadway,Non-collision (single vehicle),Animal,None Indicated,,Daylight,Dry,Clear,None apparent,Non-intersection:  Non-junction/no special feature,Paved,,Minor Injury,0,1,0,1,0,0,4500,1,3,,POINT (-94.019138850143 42.449087994449)
2014803939,14-18551,06/13/2014,06-June,6-Friday,09:33,0900 Hours,District 3 (Northwest),SIOUX CITY,WOODBURY,,7TH ST & FLOYD BLVD,Non-collision events:  Other non-collision (explain in narrative),On Roadway,Non-collision (single vehicle),FTYROW:  From stop sign,None Indicated,,Daylight,Dry,Clear,None apparent,Intersection:  Four-way intersection,Paved,,Minor Injury,0,1,0,1,0,0,2000,2,4,,POINT (-96.393473626551 42.497539665684)
2014804351,,06/13/2014,06-June,6-Friday,12:46,1200 Hours,District 2 (Northeast),CHARLES CITY,FLOYD,,RICHINGS ST & WISCONSIN ST,Collision with:  Vehicle in traffic,On Roadway,Broadside (front to side),FTYROW:  From stop sign,None Indicated,,Daylight,Dry,Cloudy,None apparent,Intersection:  Four-way intersection,Paved,,Property Damage Only,0,0,0,0,0,0,1900,2,2,,POINT (-92.673395803194 43.071711126189)
2014803411,14-3928,06/13/2014,06-June,6-Friday,12:35,1200 Hours,District 1 (Central),GRIMES,POLK,,SE 37TH ST & NW 111TH DR,Collision with:  Vehicle in traffic,On Roadway,Rear-end (front to rear),Followed too close,None Indicated,,Daylight,Dry,Clear,None apparent,Intersection:  T-intersection,Paved,,Possible/Unknown,0,1,0,0,1,0,7300,2,2,,POINT (-93.77092939872 41.658499623802)
2014803542,14-18537,06/13/2014,06-June,6-Friday,08:11,0800 Hours,District 3 (Northwest),SIOUX CITY,WOODBURY,,6TH ST & IOWA ST,Collision with:  Vehicle in traffic,On Roadway,"Sideswipe, same direction",FTYROW:  Other (explain in narrative),None Indicated,,Daylight,Dry,Clear,None apparent,Intersection:  Other intersection (explain in narrative),Paved,,Property Damage Only,0,0,0,0,0,0,1600,2,2,,POINT (-96.394959047669 42.496433093955)
2014804032,14003995,06/13/2014,06-June,6-Friday,22:56,2200 Hours,District 1 (Central),STANHOPE,HAMILTON,IA 17,IA 17/BRIGGS WOOD RD,Collision with:  Animal,,,Animal,None Indicated,,,,,,,Paved,,Property Damage Only,0,0,0,0,0,0,3000,1,1,,POINT (-93.796439526324 42.35552382006)
2014803444,20140016623,06/13/2014,06-June,6-Friday,15:01,1500 Hours,District 1 (Central),DES MOINES,POLK,US 69,US 69/E 14TH ST & CLEVELAND AVE,Collision with:  Vehicle in traffic,On Roadway,"Angle, oncoming left turn",FTYROW:  Making left turn,None Indicated,,Daylight,Dry,Cloudy,None apparent,Intersection:  Four-way intersection,Paved,,Minor Injury,0,2,0,2,0,0,8000,2,3,,POINT (-93.600459640416 41.605131217152)
2014803386,14012245,06/13/2014,06-June,6-Friday,17:41,1700 Hours,District 6 (East Central),MARION,LINN,,PENNY LN,Collision with:  Parked motor vehicle,On Roadway,"Sideswipe, same direction",Other (explain in narrative):  Other,None Indicated,,Daylight,Dry,Clear,None apparent,Non-intersection:  Non-junction/no special feature,Paved,,Property Damage Only,0,0,0,0,0,0,3500,2,1,,POINT (-91.580089303607 42.056934985846)
2014803369,2014006458,06/13/2014,06-June,6-Friday,15:10,1500 Hours,District 6 (East Central),IOWA CITY,JOHNSON,IA 1,IA 1/E BURLINGTON ST & S DUBUQUE ST,Collision with:  Vehicle in traffic,On Roadway,Rear-end (front to rear),Followed too close,None Indicated,,Daylight,Dry,Clear,Work Zone (roadway-related),Intersection:  Four-way intersection,Paved,Yes,Property Damage Only,0,0,0,0,0,0,3000,2,2,,POINT (-91.533127728884 41.657875872355)
2014803320,14-20116,06/13/2014,06-June,6-Friday,06:30,0600 Hours,District 5 (Southeast),BURLINGTON,DES MOINES,,GRISWOLD ST,Collision with:  Vehicle in traffic,On Roadway,"Angle, oncoming left turn",Unknown,None Indicated,,Daylight,Dry,Clear,None apparent,Non-intersection:  Non-junction/no special feature,Paved,,Property Damage Only,0,0,0,0,0,0,2500,2,1,,POINT (-91.111378658793 40.82314435358)
2014803445,20140016642,06/13/2014,06-June,6-Friday,16:50,1600 Hours,District 1 (Central),DES MOINES,POLK,I-235,I-235 & EASTON BLVD,Collision with:  Vehicle in traffic,On Roadway,Rear-end (front to rear),Lost Control,None Indicated,,Daylight,Dry,Cloudy,None apparent,Non-intersection:  Non-junction/no special feature,Paved,,Property Damage Only,0,0,0,0,0,0,4500,2,2,,POINT (-93.578757014261 41.604539958224)
2014810234,2014-003338,06/13/2014,06-June,6-Friday,15:29,1500 Hours,District 6 (East Central),,BENTON,US 30,US 30/73 ST & Co Rd V66/21 AVE,Collision with:  Vehicle in traffic,On Roadway,Broadside (front to side),FTYROW:  From stop sign,None Indicated,,Daylight,Dry,Cloudy,None apparent,Intersection:  Four-way intersection,Paved,,Property Damage Only,0,0,0,0,0,0,8000,2,2,,POINT (-92.085332457741 41.963678041608)
2014803801,80-14-187,06/13/2014,06-June,6-Friday,12:50,1200 Hours,District 2 (Northeast),HUMBOLDT,HUMBOLDT,IA 3,IA 3/10TH AVE N & 5TH ST N,Collision with:  Vehicle in traffic,On Roadway,"Sideswipe, same direction",Improper or erratic lane changing,None Indicated,,Daylight,Dry,Clear,None apparent,Intersection:  T-intersection,Paved,,Minor Injury,0,1,0,1,0,0,4500,2,4,,POINT (-94.214988068569 42.731745997428)
2014805082,GP20140474,06/13/2014,06-June,6-Friday,13:43,1300 Hours,District 1 (Central),GRINNELL,POWESHIEK,US 6,US 6/6TH AVE & ANN ST,Collision with:  Vehicle in traffic,On Roadway,Rear-end (front to rear),Other (explain in narrative):  Other,None Indicated,,Daylight,Dry,Clear,None apparent,Non-intersection:  Non-junction/no special feature,Paved,,Property Damage Only,0,0,0,0,0,0,3100,2,2,,POINT (-92.710629478743 41.746153338395)
2014803745,2014034863,06/13/2014,06-June,6-Friday,06:30,0600 Hours,District 1 (Central),,STORY,I-35,I-35,Collision with:  Animal,,,Animal,None Indicated,,,,,,,Paved,,Property Damage Only,0,0,0,0,0,0,1500,1,1,,POINT (-93.570085696456 41.924493454028)
2014804359,14008432,06/13/2014,06-June,6-Friday,14:31,1400 Hours,District 5 (Southeast),,APPANOOSE,,Co Rd T24/200TH AVE,Collision with:  Vehicle in traffic,On Roadway,Rear-end (front to rear),Swerving/Evasive Action,None Indicated,,Daylight,Dry,Clear,None apparent,Non-intersection:  Non-junction/no special feature,Unpaved,,Property Damage Only,0,0,0,0,0,0,2200,2,4,,POINT (-92.906182815651 40.766066631354)
2014817011,14-014988,06/13/2014,06-June,6-Friday,15:41,1500 Hours,District 1 (Central),NEWTON,JASPER,,S 13TH AVE E & E 13TH ST S,Collision with:  Vehicle in traffic,On Roadway,"Sideswipe, opposite direction",Crossed centerline (undivided),None Indicated,,Daylight,Dry,Clear,None apparent,Non-intersection:  Non-junction/no special feature,Paved,,Minor Injury,0,1,0,1,0,0,0,2,1,,POINT (-93.037454718674 41.68835268428)
2014810481,,06/13/2014,06-June,6-Friday,18:06,1800 Hours,District 5 (Southeast),,MUSCATINE,,Co Rd G38/FRUITLAND RD,Collision with:  Vehicle in traffic,On Roadway,Rear-end (front to rear),Followed too close,None Indicated,,Daylight,Dry,Clear,None apparent,Non-intersection:  Driveway access (within),Paved,,Property Damage Only,0,0,0,0,0,0,1500,2,2,,POINT (-91.152569245386 41.356512185946)
2014804827,TC3514,06/13/2014,06-June,6-Friday,16:15,1600 Hours,District 4 (Southwest),MISSOURI VALLEY,HARRISON,US 30,US 30/W ERIE ST,Collision with:  Vehicle in traffic,On Roadway,Rear-end (front to rear),Followed too close,None Indicated,,Daylight,Dry,Clear,None apparent,Non-intersection:  Non-junction/no special feature,Paved,,Property Damage Only,0,0,0,0,0,0,2000,2,4,,POINT (-95.895173032246 41.556372138164)
2014803512,14-6918,06/13/2014,06-June,6-Friday,17:45,1700 Hours,District 3 (Northwest),,SIOUX,,Co Rd B14/290TH ST & Co Rd K42/GARFIELD AVE,Collision with:  Vehicle in traffic,On Roadway,"Sideswipe, same direction",Crossed centerline (undivided),None Indicated,,Daylight,Dry,Clear,None apparent,Intersection:  Four-way intersection,Paved,,Property Damage Only,0,0,0,0,0,0,3500,2,3,,POINT (-96.235924288627 43.229480011461)
2014804474,1406130239,06/13/2014,06-June,6-Friday,02:39,0200 Hours,District 6 (East Central),MONTICELLO,JONES,,HARDSCRABBLE RD,Collision with fixed object:  Ditch,Shoulder,Non-collision (single vehicle),"Operating vehicle in an reckless, erratic, careless, negligent manner",Alcohol (Statutory),,Dark - roadway not lighted,"Mud, dirt",Clear,None apparent,Non-intersection:  Non-junction/no special feature,Unpaved,,Property Damage Only,0,0,0,0,0,0,2200,1,2,,POINT (-91.29158960022 42.267228252436)
2014803511,14-10977,06/13/2014,06-June,6-Friday,10:20,1000 Hours,District 6 (East Central),BETTENDORF,SCOTT,I-74,I-74 & MIDDLE RD,Collision with:  Vehicle in traffic,On Roadway,Broadside (front to side),Ran Traffic Signal,None Indicated,,Daylight,Dry,Clear,None apparent,Intersection:  Intersection with ramp,Paved,,Minor Injury,0,1,0,1,0,0,7500,2,2,,POINT (-90.518387496962 41.5405242835)
2014804308,2014035036,06/13/2014,06-June,6-Friday,21:06,2100 Hours,District 1 (Central),DES MOINES,POLK,,CAPITOL AVE,Collision with:  Vehicle in traffic,On Roadway,Broadside (front to side),FTYROW:  From driveway,None Indicated,,Dusk,Dry,Clear,None apparent,Non-intersection:  Other non-intersection (explain in narrative),Paved,,Property Damage Only,0,0,0,0,0,0,2500,2,3,,POINT (-93.588204978921 41.594349853695)
2014803961,2014034840,06/13/2014,06-June,6-Friday,01:41,0100 Hours,District 6 (East Central),,CEDAR,I-80,I-80,Collision with fixed object:  Traffic sign support,Shoulder,Non-collision (single vehicle),Swerving/Evasive Action,None Indicated,,Dark - unknown roadway lighting,Dry,Clear,None apparent,Non-intersection:  Non-junction/no special feature,Paved,,Property Damage Only,0,0,0,0,0,0,2500,1,1,,POINT (-91.111306095063 41.644952997363)
2014803748,2014035041,06/13/2014,06-June,6-Friday,21:50,2100 Hours,District 6 (East Central),,IOWA,I-80,I-80,Collision with:  Other non-fixed object (explain in narrative),On Roadway,Unknown,Equipment failure,None Indicated,,Dark - roadway not lighted,Dry,Clear,Debris,Non-intersection:  Non-junction/no special feature,Paved,,Property Damage Only,0,0,0,0,0,0,3900,4,10,,POINT (-91.905194579013 41.687566447898)
2014809975,144139PD,06/13/2014,06-June,6-Friday,10:41,1000 Hours,District 1 (Central),BOONE,BOONE,,MAMIE EISENHOWER AVE & S BENTON ST,Collision with:  Vehicle in traffic,On Roadway,Rear-end (front to rear),Ran Traffic Signal,None Indicated,,Daylight,Dry,Clear,None apparent,Intersection:  Four-way intersection,Paved,,Property Damage Only,0,0,0,0,0,0,5500,2,2,,POINT (-93.874939443434 42.059637128862)
2014804672,,06/13/2014,06-June,6-Friday,18:30,1800 Hours,District 6 (East Central),,JOHNSON,,,Collision with fixed object:  Ditch,Shoulder,Non-collision (single vehicle),Unknown,None Indicated,,Daylight,"Mud, dirt",Clear,,Non-intersection:  Other non-intersection (explain in narrative),,,Property Damage Only,0,0,0,0,0,0,2000,1,1,,POINT (-96.643700149993 40.233091251414)
2014803896,2014-39201,06/13/2014,06-June,6-Friday,12:23,1200 Hours,District 6 (East Central),DAVENPORT,SCOTT,,EASTERN AVE,Collision with:  Vehicle in traffic,On Roadway,"Sideswipe, same direction",FTYROW:  Making left turn,None Indicated,,Daylight,Dry,Clear,None apparent,Intersection:  Four-way intersection,Paved,,Property Damage Only,0,0,0,0,0,0,2000,2,2,,POINT (-90.551334754525 41.560063319094)
2014803678,20140016600,06/13/2014,06-June,6-Friday,12:46,1200 Hours,District 1 (Central),DES MOINES,POLK,I-235,I-235,Collision with:  Vehicle in traffic,On Roadway,"Sideswipe, same direction",Other (explain in narrative):  Other,None Indicated,,Daylight,Dry,Clear,None apparent,Non-intersection:  Other non-intersection (explain in narrative),Paved,,Possible/Unknown,0,2,0,0,2,0,2500,2,4,,POINT (-93.615464916564 41.595486182574)
2014803379,201408385,06/13/2014,06-June,6-Friday,15:57,1500 Hours,District 6 (East Central),CEDAR RAPIDS,LINN,IA 922,IA 922/1ST AVE E & 19TH ST SE & 19TH ST NE,Collision with:  Vehicle in traffic,On Roadway,Rear-end (front to rear),Lost Control,None Indicated,,Daylight,Dry,Clear,None apparent,Intersection:  Four-way intersection,Paved,,Property Damage Only,0,0,0,0,0,0,8000,3,6,,POINT (-91.644297309671 41.992712616935)
2014803517,14-002825,06/13/2014,06-June,6-Friday,15:10,1500 Hours,District 1 (Central),AMES,STORY,,LINCOLN WAY,Collision with:  Vehicle in traffic,On Roadway,Rear-end (front to rear),Followed too close,None Indicated,,Daylight,Dry,Clear,None apparent,Intersection:  Four-way intersection,Paved,,Property Damage Only,0,0,0,0,0,0,3000,2,3,,POINT (-93.630850812693 42.022825527753)
2014803556,2014034892,06/13/2014,06-June,6-Friday,11:25,1100 Hours,District 4 (Southwest),,ADAIR,I-80,I-80,Collision with:  Animal,,,Animal,None Indicated,,,,,,,Paved,,Property Damage Only,0,0,0,0,0,0,10000,1,1,,POINT (-94.668072491055 41.493178827055)
2014803313,141631,06/13/2014,06-June,6-Friday,11:51,1100 Hours,District 3 (Northwest),DENISON,CRAWFORD,IA 39,IA 39/IOWA 39,Collision with:  Vehicle in traffic,On Roadway,Rear-end (front to rear),Followed too close,None Indicated,,Daylight,Dry,Cloudy,None apparent,Non-intersection:  Non-junction/no special feature,Paved,,Property Damage Only,0,0,0,0,0,0,9000,2,4,,POINT (-95.367935186526 42.022679453937)
2014803608,,06/13/2014,06-June,6-Friday,12:25,1200 Hours,District 4 (Southwest),,AUDUBON,,130 ST,Collision with fixed object:  Ditch,Gore,Non-collision (single vehicle),Ran off road - right,None Indicated,,Daylight,Dry,Clear,None apparent,Non-intersection:  Non-junction/no special feature,Unpaved,,Property Damage Only,0,0,0,0,0,0,3200,1,1,,POINT (-94.974422971973 41.819876622625)
2014803415,14-3940,06/13/2014,06-June,6-Friday,21:03,2100 Hours,District 1 (Central),DES MOINES,POLK,IA 415,IA 415/2ND AVE & NW HOFFMAN LN,Collision with:  Vehicle in traffic,On Roadway,Rear-end (front to rear),Other (explain in narrative):  Other,None Indicated,,Dusk,Dry,Clear,None apparent,Non-intersection:  Non-junction/no special feature,Paved,,Possible/Unknown,0,1,0,0,1,0,4500,2,4,,POINT (-93.619958827594 41.641263674958)
2014803557,2014034999,06/13/2014,06-June,6-Friday,16:20,1600 Hours,District 1 (Central),,HAMILTON,I-35,I-35,Collision with:  Vehicle in traffic,On Roadway,Rear-end (front to rear),Other (explain in narrative):  Disregarded Warning Sign,None Indicated,,Daylight,Dry,Clear,None apparent,Non-intersection:  Non-junction/no special feature,Paved,,Minor Injury,0,4,0,1,3,0,10000,2,4,,POINT (-93.570422082203 42.291306556905)
2014803161,14-2770,06/13/2014,06-June,6-Friday,09:00,0900 Hours,District 1 (Central),WEST DES MOINES,POLK,,ASHWORTH RD & 35TH ST,Collision with:  Vehicle in traffic,On Roadway,"Sideswipe, same direction",FTYROW:  Making right turn on red signal,None Indicated,,Daylight,Dry,Clear,None apparent,Intersection:  Four-way intersection,Paved,,Property Damage Only,0,0,0,0,0,0,7100,2,2,,POINT (-93.751756371159 41.584767831446)
2014803642,CL14001973,06/13/2014,06-June,6-Friday,22:18,2200 Hours,District 6 (East Central),CLINTON,CLINTON,,7TH AVE S & S 6TH ST,Collision with:  Vehicle in traffic,On Roadway,Broadside (front to side),Ran Stop Sign,None Indicated,,Dark - roadway lighted,Dry,Cloudy,None apparent,Intersection:  Four-way intersection,Paved,,Possible/Unknown,0,1,0,0,0,1,3400,2,5,,POINT (-90.198910717836 41.838931585078)
2014803518,14-002829,06/13/2014,06-June,6-Friday,20:25,2000 Hours,District 1 (Central),AMES,STORY,,ONTARIO ST,Collision with:  Vehicle in traffic,On Roadway,Broadside (front to side),Improper Backing,None Indicated,,Dusk,Dry,Clear,None apparent,Non-intersection:  Non-junction/no special feature,Paved,,Possible/Unknown,0,1,0,0,1,0,3000,2,2,,POINT (-93.67662164924 42.034561573365)
2014803619,W14-058732,06/13/2014,06-June,6-Friday,20:33,2000 Hours,District 2 (Northeast),WATERLOO,BLACK HAWK,,WASHINGTON ST & W 6TH ST,Collision with:  Vehicle in traffic,On Roadway,Rear-end (front to rear),FTYROW:  Other (explain in narrative),Refused,,Daylight,Dry,Clear,None apparent,Intersection:  Four-way intersection,Paved,,Property Damage Only,0,0,0,0,0,0,9486,2,3,,POINT (-92.339618242272 42.492044759393)
2014803337,01-14-25558,06/13/2014,06-June,6-Friday,09:02,0900 Hours,District 6 (East Central),DUBUQUE,DUBUQUE,,ASBURY RD,Collision with:  Vehicle in traffic,On Roadway,Rear-end (front to rear),Lost Control,None Indicated,,Daylight,Dry,Clear,None apparent,Non-intersection:  Non-junction/no special feature,Paved,,Property Damage Only,0,0,0,0,0,0,5500,3,4,,POINT (-90.712329191886 42.50917599287)
2014803635,CL14001966,06/13/2014,06-June,6-Friday,14:23,1400 Hours,District 6 (East Central),CLINTON,CLINTON,,S BLUFF BLVD & 7TH AVE S,Collision with:  Vehicle in traffic,On Roadway,"Sideswipe, same direction",Made improper turn,None Indicated,,Daylight,Dry,Clear,None apparent,Intersection:  Four-way intersection,Paved,,Possible/Unknown,0,1,0,0,1,0,5000,2,4,,POINT (-90.213650386207 41.838948154533)
2014803410,06-14-112,06/13/2014,06-June,6-Friday,10:00,1000 Hours,District 3 (Northwest),LE MARS,PLYMOUTH,,N GREENWOOD DR,Collision with:  Vehicle in traffic,On Roadway,Broadside (front to side),FTYROW:  From driveway,None Indicated,,Daylight,Dry,Clear,None apparent,Non-intersection:  Driveway access (within),Paved,,Property Damage Only,0,0,0,0,0,0,6500,2,2,,POINT (-96.159679844128 42.783496878545)
2014803813,14086628,06/13/2014,06-June,6-Friday,21:24,2100 Hours,District 6 (East Central),,JOHNSON,,Co Rd F67/540TH ST,Collision with:  Animal,On Roadway,Non-collision (single vehicle),Animal,None Indicated,,Dark - roadway not lighted,Dry,Clear,None apparent,Non-intersection:  Non-junction/no special feature,Paved,,Possible/Unknown,0,1,0,0,1,0,7000,2,3,,POINT (-91.823206416586 41.540553691793)
2014803432,20140016675,06/13/2014,06-June,6-Friday,21:29,2100 Hours,District 1 (Central),DES MOINES,POLK,US 69,US 69/E 14TH ST & E WALNUT ST,Collision with:  Vehicle in traffic,On Roadway,"Angle, oncoming left turn",Made improper turn,None Indicated,,Dark - roadway lighted,Dry,Clear,None apparent,Non-intersection:  Non-junction/no special feature,Paved,,Property Damage Only,0,0,0,0,0,0,6621,2,4,,POINT (-93.597259698722 41.591276735262)
2014810260,2014005804,06/13/2014,06-June,6-Friday,13:45,1300 Hours,District 1 (Central),MARSHALLTOWN,MARSHALL,,E CHURCH ST,Collision with:  Non-motorist (see non-motorist section - NOT a unit),On Roadway,Non-collision (single vehicle),Other (explain in narrative):  No improper action,None Indicated,,Daylight,"Mud, dirt",Clear,None apparent,Non-intersection:  Non-junction/no special feature,Paved,,Minor Injury,0,1,0,1,0,0,100,1,1,,POINT (-92.912742922015 42.047916107118)