Iowa DOT Case Number,Law Enforcement Case Number,Date of Crash,Month of Crash,Day of Week,Time of Crash,Hour,DOT District,City Name,County Name,Route with System,Location Description,First Harmful Event,Location of First Harmful Event,Manner of Crash/Collision,Major Cause,Drug or Alcohol ,Environmental Conditions,Light Conditions,Surface Conditions,Weather Conditions,Roadway Contribution,Roadway Type,Roadway Surface,Work Zone,Crash Severity,Number of Fatalities,Number of Injuries,Number of Major Injuries,Number of Minor Injuries,Number of Possible Injuries,Number of Unknown Injuries,Amount of Property Damage,Number of Vehicles Involved,Total Number of Occupants,Travel Direction,Location
2014804011,14009784,06/16/2014,06-June,2-Monday,22:25,2200 Hours,District 2 (Northeast),MASON CITY,CERRO GORDO,IA 122,IA 122/6TH ST SW,Collision with:  Vehicle in traffic,On Roadway,Rear-end (front to rear),Unknown,None Indicated,,Dark - roadway lighted,Wet,Rain,None apparent,Non-intersection:  Alley,Paved,,Property Damage Only,0,0,0,0,0,0,2500,2,4,,POINT (-93.201525375953 43.146218248071)
2014804164,14-20575,06/16/2014,06-June,2-Monday,20:50,2000 Hours,District 5 (Southeast),,DES MOINES,,Co Rd X99/DMC 99,Collision with:  Animal,,,Animal,None Indicated,,,,,,,Paved,,Property Damage Only,0,0,0,0,0,0,3500,1,1,,POINT (-91.034040423336 40.985115159534)
2014803622,201402713,06/16/2014,06-June,2-Monday,07:35,0700 Hours,District 1 (Central),,BOONE,IA 17,IA 17/S AVE & 300TH ST,Collision with:  Vehicle in traffic,On Roadway,Rear-end (front to rear),Swerving/Evasive Action,None Indicated,,Daylight,Dry,Clear,None apparent,Intersection:  Four-way intersection,Paved,,Possible/Unknown,0,1,0,0,1,0,12000,2,2,,POINT (-93.815670058886 41.921561421554)
2014803845,SO14001406,06/16/2014,06-June,2-Monday,17:30,1700 Hours,District 3 (Northwest),,PLYMOUTH,,Co Rd K22/K22 & GRANITE AVE,Collision with:  Animal,,,Animal,None Indicated,,,,,,,Paved,,Property Damage Only,0,0,0,0,0,0,5000,1,1,,POINT (-96.389844694887 42.582027855084)
2014805710,2014035552,06/16/2014,06-June,2-Monday,21:29,2100 Hours,District 2 (Northeast),,WORTH,I-35,I-35,Collision with fixed object:  Ditch,Roadside,Non-collision (single vehicle),Ran off road - right,None Indicated,,Dark - roadway not lighted,Wet,Severe winds,None apparent,Non-intersection:  Non-junction/no special feature,Paved,,Property Damage Only,0,0,0,0,0,0,2000,1,1,,POINT (-93.348945503961 43.313405401643)
2014808402,2014-39880,06/16/2014,06-June,2-Monday,16:25,1600 Hours,District 6 (East Central),DAVENPORT,SCOTT,,IA 461/BRADY ST,Collision with:  Non-motorist (see non-motorist section - NOT a unit),On Roadway,Non-collision (single vehicle),Swerving/Evasive Action,None Indicated,,Daylight,Dry,Cloudy,None apparent,Non-intersection:  Driveway access (within),Paved,,Fatal,1,0,0,0,0,0,0,1,2,,POINT (-90.56854339125 41.557789840059)
2014803825,2014006560,06/16/2014,06-June,2-Monday,09:15,0900 Hours,District 6 (East Central),IOWA CITY,JOHNSON,,MUSCATINE AVE,Collision with:  Vehicle in traffic,On Roadway,Rear-end (front to rear),Followed too close,None Indicated,,Daylight,Dry,Clear,None apparent,Intersection:  Shared use path or trail,Paved,,Property Damage Only,0,0,0,0,0,0,10000,3,3,,POINT (-91.507214281073 41.651444540137)
2014803772,W14-059924,06/16/2014,06-June,2-Monday,20:16,2000 Hours,District 2 (Northeast),WATERLOO,BLACK HAWK,,W 6TH ST & COMMERCIAL ST,Collision with:  Vehicle in traffic,On Roadway,"Sideswipe, same direction",Made improper turn,None Indicated,,Dark - roadway lighted,Wet,Rain,None apparent,Intersection:  Four-way intersection,Paved,,Property Damage Only,0,0,0,0,0,0,3500,2,2,,POINT (-92.337616785511 42.493744316954)
2014803700,20140017009,06/16/2014,06-June,2-Monday,20:15,2000 Hours,District 1 (Central),DES MOINES,POLK,,E HARTFORD AVE,Collision with fixed object:  Ditch,On Roadway,Non-collision (single vehicle),Swerving/Evasive Action,None Indicated,,Dusk,"Mud, dirt",Cloudy,None apparent,Non-intersection:  Non-junction/no special feature,Unpaved,,Possible/Unknown,0,1,0,0,1,0,2000,1,1,,POINT (-93.558216578025 41.550750970511)
2014804010,14009742,06/16/2014,06-June,2-Monday,17:55,1700 Hours,District 2 (Northeast),MASON CITY,CERRO GORDO,IA 122,IA 122/4TH ST SW & S GROVER AVE,Collision with:  Vehicle in traffic,On Roadway,Rear-end (front to rear),Crossed centerline (undivided),None Indicated,,Daylight,Wet,Cloudy,None apparent,Non-intersection:  Non-junction/no special feature,Paved,,Property Damage Only,0,0,0,0,0,0,3000,2,5,,POINT (-93.233729458562 43.148381194573)
2014803735,S14-5955,06/16/2014,06-June,2-Monday,14:30,1400 Hours,District 3 (Northwest),,WOODBURY,,Co Rd L27/MASON AVE,Collision with fixed object:  Ditch,On Roadway,Non-collision (single vehicle),Swerving/Evasive Action,None Indicated,,Daylight,Dry,Clear,None apparent,Non-intersection:  Non-junction/no special feature,Paved,,Property Damage Only,0,0,0,0,0,0,15300,1,1,,POINT (-95.853704413682 42.36706063464)
2014803978,14003756,06/16/2014,06-June,2-Monday,04:15,0400 Hours,District 2 (Northeast),,KOSSUTH,,Co Rd P30/70 AVE,Collision with:  Animal,On Roadway,Non-collision (single vehicle),Animal,None Indicated,,Dark - roadway not lighted,Dry,Cloudy,None apparent,Non-intersection:  Non-junction/no special feature,Paved,,Property Damage Only,0,0,0,0,0,0,5000,1,1,,POINT (-94.324573805583 43.282207628521)
2014804114,2014-39821,06/16/2014,06-June,2-Monday,11:56,1100 Hours,District 6 (East Central),DAVENPORT,SCOTT,,E 53RD ST,Collision with:  Vehicle in traffic,On Roadway,Rear-end (front to rear),Followed too close,None Indicated,,Daylight,Dry,Clear,None apparent,Non-intersection:  Non-junction/no special feature,Paved,,Possible/Unknown,0,1,0,0,1,0,2000,2,3,,POINT (-90.513868530796 41.574911865693)
2014850932,14-004701,06/16/2014,06-June,2-Monday,08:21,0800 Hours,District 5 (Southeast),WAPELLO,LOUISA,US 61,US 61/S BAXTER ST & REUTINGER AVE,Collision with:  Vehicle in traffic,On Roadway,Rear-end (front to rear),Made improper turn,None Indicated,,Daylight,Dry,Cloudy,None apparent,Non-intersection:  Non-junction/no special feature,Paved,,Property Damage Only,0,0,0,0,0,0,2000,2,4,,POINT (-91.191649689152 41.176502129706)
2014804049,201408573,06/16/2014,06-June,2-Monday,17:40,1700 Hours,District 6 (East Central),CEDAR RAPIDS,LINN,,WILSON AVE SW & 6TH ST SW,Collision with:  Vehicle in traffic,Shoulder,Rear-end (front to rear),Other (explain in narrative):  Other,None Indicated,,Daylight,Dry,Cloudy,None apparent,Intersection:  Four-way intersection,Paved,,Property Damage Only,0,0,0,0,0,0,12500,2,3,,POINT (-91.677145546413 41.956088403425)
2014803721,2014-12055,06/16/2014,06-June,2-Monday,04:19,0400 Hours,District 6 (East Central),,SCOTT,I-80,I-80,Collision with:  Animal,,,Animal,None Indicated,,,,,,,Paved,,Property Damage Only,0,0,0,0,0,0,1501,1,1,,POINT (-90.786854004642 41.617330061052)
2014803479,14-2818,06/16/2014,06-June,2-Monday,06:00,0600 Hours,District 1 (Central),WEST DES MOINES,POLK,I-235,I-235 & CENTER ST & 73RD ST,Collision with:  Vehicle in traffic,On Roadway,"Sideswipe, same direction",FTYROW:  Making right turn on red signal,None Indicated,,Daylight,Dry,Clear,None apparent,Intersection:  Four-way intersection,Paved,,Property Damage Only,0,0,0,0,0,0,2600,2,2,,POINT (-93.713431956431 41.591830508646)
2014804615,2014-39873,06/16/2014,06-June,2-Monday,15:52,1500 Hours,District 6 (East Central),DAVENPORT,SCOTT,US 6,US 6/W KIMBERLY RD & N THORNWOOD AVE,Collision with:  Vehicle in traffic,On Roadway,Rear-end (front to rear),Other (explain in narrative):  Other,None Indicated,,Daylight,Dry,Cloudy,None apparent,Intersection:  Four-way intersection,Paved,,Property Damage Only,0,0,0,0,0,0,1500,2,2,,POINT (-90.615625140863 41.560235369801)
2014803508,14-024744,06/16/2014,06-June,2-Monday,00:30,0000 Hours,District 4 (Southwest),COUNCIL BLUFFS,POTTAWATTAMIE,,3RD AVE,Collision with:  Parked motor vehicle,On Roadway,"Sideswipe, opposite direction",Crossed centerline (undivided),None Indicated,,Dark - roadway not lighted,Dry,Clear,None apparent,Non-intersection:  Non-junction/no special feature,Paved,,Property Damage Only,0,0,0,0,0,0,5000,3,1,,POINT (-95.89309878365 41.258915379151)
2014804046,201408568,06/16/2014,06-June,2-Monday,14:59,1400 Hours,District 6 (East Central),CEDAR RAPIDS,LINN,,F AVE NW & 29TH ST NW,Collision with:  Vehicle in traffic,On Roadway,"Angle, oncoming left turn",FTYROW:  Making left turn,None Indicated,,Daylight,Dry,Clear,None apparent,Intersection:  Four-way intersection,Paved,,Possible/Unknown,0,1,0,0,1,0,9500,2,3,,POINT (-91.710533922078 41.97994818096)
2014804358,,06/16/2014,06-June,2-Monday,21:30,2100 Hours,District 6 (East Central),DE WITT,CLINTON,US 30,US 30/LINCOLN WAY,Collision with:  Animal,On Roadway,Non-collision (single vehicle),Animal,None Indicated,,Dark - roadway lighted,Dry,,None apparent,Non-intersection:  Non-junction/no special feature,Paved,,Property Damage Only,0,0,0,0,0,0,1500,1,2,,POINT (-90.248819635205 41.815526007919)
2014803987,,06/16/2014,06-June,2-Monday,10:20,1000 Hours,District 6 (East Central),,JOHNSON,,Co Rd F12/120TH ST,Collision with:  Animal,On Roadway,Non-collision (single vehicle),Animal,None Indicated,,Daylight,Dry,Clear,,Non-intersection:  Non-junction/no special feature,Paved,,Property Damage Only,0,0,0,0,0,0,2000,1,1,,POINT (-91.812455685861 41.847408094065)
2014803668,14-4000,06/16/2014,06-June,2-Monday,17:17,1700 Hours,District 1 (Central),DES MOINES,POLK,I-35,I-35,Collision with:  Vehicle in traffic,On Roadway,Rear-end (front to rear),Other (explain in narrative):  Other,None Indicated,,Daylight,Dry,Cloudy,None apparent,Interchange-related:  Off-ramp,Paved,,Property Damage Only,0,0,0,0,0,0,6000,2,2,,POINT (-93.620775176549 41.648753228798)
2014803869,14-1313,06/16/2014,06-June,2-Monday,07:40,0700 Hours,District 1 (Central),URBANDALE,POLK,I-35,I-35,Collision with:  Vehicle in traffic,On Roadway,Rear-end (front to rear),Other (explain in narrative):  Other,None Indicated,,Daylight,Dry,Clear,None apparent,Non-intersection:  Non-junction/no special feature,Paved,,Property Damage Only,0,0,0,0,0,0,12000,2,2,,POINT (-93.775563994457 41.647362669831)
2014804630,2014-39791,06/16/2014,06-June,2-Monday,09:50,0900 Hours,District 6 (East Central),DAVENPORT,SCOTT,,WARREN ST,Collision with:  Vehicle in traffic,On Roadway,"Sideswipe, same direction",Unknown,None Indicated,,Daylight,Dry,Clear,None apparent,Non-intersection:  Non-junction/no special feature,Paved,,Property Damage Only,0,0,0,0,0,0,1600,2,1,,POINT (-90.585904681814 41.524967223167)
2014803766,14-060003,06/16/2014,06-June,2-Monday,22:35,2200 Hours,District 2 (Northeast),CEDAR FALLS,BLACK HAWK,,12TH ST,Collision with:  Parked motor vehicle,Roadside,Rear-end (front to rear),Ran off road - right,None Indicated,,Dark - roadway not lighted,Wet,Rain,None apparent,Non-intersection:  Non-junction/no special feature,Paved,,Property Damage Only,0,0,0,0,0,0,3000,2,1,,POINT (-92.456520376231 42.527646380802)
2014803665,14012464,06/16/2014,06-June,2-Monday,15:28,1500 Hours,District 6 (East Central),MARION,LINN,,DALEVIEW DR & S 15TH ST,Collision with:  Vehicle in traffic,On Roadway,Broadside (front to side),FTYROW:  From stop sign,None Indicated,,Daylight,Dry,Cloudy,None apparent,Intersection:  Four-way intersection,Paved,,Possible/Unknown,0,1,0,0,1,0,8000,2,2,,POINT (-91.593703367138 42.017754012214)
2014804043,201408530,06/16/2014,06-June,2-Monday,01:30,0100 Hours,District 6 (East Central),CEDAR RAPIDS,LINN,,BEVER AVE SE & 34TH ST SE,Collision with fixed object:  Traffic sign support,Outside trafficway,Non-collision (single vehicle),Ran Stop Sign,None Indicated,,Dark - roadway lighted,Dry,Clear,None apparent,Intersection:  Four-way intersection,Paved,,Property Damage Only,0,0,0,0,0,0,3100,1,3,,POINT (-91.61853889309 41.984092562957)
2014803434,20140016922,06/16/2014,06-June,2-Monday,07:46,0700 Hours,District 1 (Central),DES MOINES,POLK,,W MLK JR PKWY & SW 2ND ST,Collision with:  Parked motor vehicle,On Roadway,"Sideswipe, same direction",Other (explain in narrative):  Other,None Indicated,,Daylight,Dry,Clear,None apparent,Non-intersection:  Non-junction/no special feature,Paved,,Property Damage Only,0,0,0,0,0,0,2000,2,1,,POINT (-93.618014773853 41.582285889145)
2014803621,W14-059636,06/16/2014,06-June,2-Monday,00:12,0000 Hours,District 2 (Northeast),WATERLOO,BLACK HAWK,US 63,US 63/E MULLAN AVE & CONGER ST & NEWELL ST,Collision with:  Vehicle in traffic,On Roadway,Broadside (front to side),Unknown,None Indicated,,Dark - roadway lighted,Dry,Clear,Work Zone (roadway-related),Intersection:  Four-way intersection,Paved,Yes,Property Damage Only,0,0,0,0,0,0,2500,2,2,,POINT (-92.336644945344 42.513155245664)
2014803464,20140016949,06/16/2014,06-June,2-Monday,12:49,1200 Hours,District 1 (Central),DES MOINES,POLK,,COURT AVE & 3RD ST,Non-collision events:  Other non-collision (explain in narrative),On Roadway,Non-collision (single vehicle),Other (explain in narrative):  No improper action,None Indicated,,Daylight,Dry,Clear,None apparent,Intersection:  Four-way intersection,Paved,,Major Injury,0,1,1,0,0,0,0,1,3,,POINT (-93.620382938881 41.585299573392)
2014806551,032-063-14,06/16/2014,06-June,2-Monday,21:08,2100 Hours,District 3 (Northwest),ESTHERVILLE,EMMET,IA 9,IA 9/CENTRAL AVE & N 17TH ST,Collision with:  Other non-fixed object (explain in narrative),Outside trafficway,Non-collision (single vehicle),FTYROW:  Other (explain in narrative),None Indicated,,Daylight,Dry,Clear,None apparent,Non-intersection:  Non-junction/no special feature,Paved,,Possible/Unknown,0,1,0,0,1,0,0,1,1,,POINT (-94.821674402753 43.402185930684)
2014804061,14-014491,06/16/2014,06-June,2-Monday,14:57,1400 Hours,District 5 (Southeast),,MARION,,Co Rd S65/150TH PL,Non-collision events:  Overturn/rollover,On Roadway,Non-collision (single vehicle),Swerving/Evasive Action,None Indicated,,Daylight,"Mud, dirt",Clear,None apparent,Non-intersection:  Non-junction/no special feature,Unpaved,,Possible/Unknown,0,2,0,0,2,0,5000,1,2,,POINT (-93.071906511236 41.288521654062)
2014805497,14002082,06/16/2014,06-June,2-Monday,10:17,1000 Hours,District 5 (Southeast),,KEOKUK,IA 149,IA 149/IOWA 149,Collision with:  Vehicle in traffic,On Roadway,Rear-end (front to rear),Followed too close,None Indicated,,Daylight,Dry,Clear,None apparent,Non-intersection:  Non-junction/no special feature,Paved,,Property Damage Only,0,0,0,0,0,0,4000,2,3,,POINT (-92.409704632979 41.176757069841)
2014804331,2014035484,06/16/2014,06-June,2-Monday,14:00,1400 Hours,District 5 (Southeast),EDDYVILLE,MAHASKA,,PALMER AVE & 3RD ST,Collision with:  Vehicle in traffic,On Roadway,"Angle, oncoming left turn",FTYROW:  Making left turn,None Indicated,,Daylight,Dry,Cloudy,None apparent,Intersection:  T-intersection,Paved,,Major Injury,0,1,1,0,0,0,4500,2,2,,POINT (-92.639105072475 41.167228084007)
2014803481,14-2821,06/16/2014,06-June,2-Monday,07:50,0700 Hours,District 1 (Central),WEST DES MOINES,POLK,I-35,I-35,Collision with:  Vehicle in traffic,On Roadway,Rear-end (front to rear),Driving too fast for conditions,None Indicated,,Daylight,Dry,Clear,None apparent,"Interchange-related:  Off-ramp, diverge area",Paved,,Property Damage Only,0,0,0,0,0,0,17500,4,6,,POINT (-93.77760926877 41.559726889868)
2014806552,032-064-14,06/16/2014,06-June,2-Monday,14:59,1400 Hours,District 3 (Northwest),ESTHERVILLE,EMMET,IA 9,IA 9/CENTRAL AVE & 3RD AVE S & 3RD AVE N,Collision with:  Vehicle in traffic,On Roadway,"Angle, oncoming left turn",FTYROW:  From stop sign,None Indicated,,Daylight,Wet,Rain,None apparent,Intersection:  Other intersection (explain in narrative),Paved,,Property Damage Only,0,0,0,0,0,0,4000,2,2,,POINT (-94.812190969349 43.399725431115)
2014803974,2014035391,06/16/2014,06-June,2-Monday,08:05,0800 Hours,District 6 (East Central),,JOHNSON,IA 1,IA 1/IOWA 1,Collision with:  Vehicle in traffic,On Roadway,Rear-end (front to rear),Followed too close,None Indicated,,Daylight,Dry,Clear,Work Zone (roadway-related),Non-intersection:  Other non-intersection (explain in narrative),Paved,Yes,Major Injury,0,2,1,0,1,0,20000,2,3,,POINT (-91.626133061002 41.620637870197)
2014803975,2014035497,06/16/2014,06-June,2-Monday,14:00,1400 Hours,District 3 (Northwest),CUSHING,IDA,US 20,US 20,Collision with:  Vehicle in traffic,On Roadway,"Sideswipe, same direction",Ran off road - left,None Indicated,,Daylight,Dry,Clear,None apparent,Non-intersection:  Non-junction/no special feature,Paved,,Property Damage Only,0,0,0,0,0,0,3002,2,3,,POINT (-95.668245382111 42.474665637091)
2014803480,14-2820,06/16/2014,06-June,2-Monday,07:03,0700 Hours,District 1 (Central),WEST DES MOINES,POLK,,MILLS CIVIC PKWY,Collision with:  Vehicle in traffic,On Roadway,Rear-end (front to rear),Followed too close,None Indicated,,Daylight,Dry,Clear,None apparent,Intersection:  Four-way intersection,Paved,,Property Damage Only,0,0,0,0,0,0,6000,3,3,,POINT (-93.778657583617 41.559143330986)
2014804332,2014035529,06/16/2014,06-June,2-Monday,17:00,1700 Hours,District 2 (Northeast),,FRANKLIN,I-35,I-35 & Co Rd C13/250TH ST,Collision with:  Vehicle in traffic,On Roadway,Broadside (front to side),FTYROW:  From stop sign,None Indicated,,Daylight,Dry,Cloudy,None apparent,Intersection:  Intersection with ramp,Paved,,Minor Injury,0,1,0,1,0,0,15000,2,2,,POINT (-93.351787284118 42.891534334242)
2014803828,2014006574,06/16/2014,06-June,2-Monday,15:39,1500 Hours,District 6 (East Central),IOWA CITY,JOHNSON,,PLUM ST & KEOKUK ST,Collision with:  Vehicle in traffic,On Roadway,Broadside (front to side),FTYROW:  From stop sign,None Indicated,,Daylight,Dry,Clear,None apparent,Intersection:  Other intersection (explain in narrative),Paved,,Property Damage Only,0,0,0,0,0,0,2000,2,2,,POINT (-91.523897471898 41.64395916864)
2014813448,14-4235PD,06/16/2014,06-June,2-Monday,19:25,1900 Hours,District 1 (Central),BOONE,BOONE,,8TH ST & STORY ST,Collision with:  Vehicle in traffic,On Roadway,"Sideswipe, same direction",Other (explain in narrative):  Other,None Indicated,,Daylight,Dry,Clear,None apparent,Intersection:  Four-way intersection,Paved,,Property Damage Only,0,0,0,0,0,0,3500,2,2,,POINT (-93.880024583431 42.063795257773)
2014804009,14009732,06/16/2014,06-June,2-Monday,14:28,1400 Hours,District 2 (Northeast),MASON CITY,CERRO GORDO,IA 122,IA 122/4TH ST SE & S ILLINOIS AVE,Collision with:  Vehicle in traffic,On Roadway,Rear-end (front to rear),FTYROW:  Other (explain in narrative),None Indicated,,Daylight,Dry,Cloudy,None apparent,Non-intersection:  Non-junction/no special feature,Paved,,Possible/Unknown,0,1,0,0,1,0,2500,2,2,,POINT (-93.171142480641 43.14806869754)
2014820431,2014-44-AC,06/16/2014,06-June,2-Monday,13:46,1300 Hours,District 3 (Northwest),TERRIL,DICKINSON,,E MAIN ST & S STATE ST & N STATE ST,Collision with:  Vehicle in traffic,On Roadway,Broadside (front to side),FTYROW:  From parked position,None Indicated,,Daylight,Wet,Cloudy,None apparent,Non-intersection:  Non-junction/no special feature,Paved,,Property Damage Only,0,0,0,0,0,0,9000,2,2,,POINT (-94.971189682839 43.305899730788)
2014803804,PD1405129,06/16/2014,06-June,2-Monday,16:22,1600 Hours,District 5 (Southeast),FAIRFIELD,JEFFERSON,,W BURLINGTON AVE & S 12TH ST & N 12TH ST,Collision with:  Vehicle in traffic,On Roadway,Broadside (front to side),Ran Traffic Signal,None Indicated,,Daylight,Dry,Clear,None apparent,Intersection:  Four-way intersection,Paved,,Possible/Unknown,0,2,0,0,2,0,7500,2,2,,POINT (-91.977643651297 41.006446492522)
2014803708,14-024836,06/16/2014,06-June,2-Monday,16:45,1600 Hours,District 4 (Southwest),COUNCIL BLUFFS,POTTAWATTAMIE,US 6,US 6/KANESVILLE BLVD & NORTH AVE,Collision with:  Vehicle in traffic,On Roadway,Rear-end (front to rear),Followed too close,None Indicated,,Daylight,Dry,Clear,None apparent,Intersection:  Four-way intersection,Paved,,Property Damage Only,0,0,0,0,0,0,1500,2,2,,POINT (-95.831009516481 41.271294748597)
2014807821,051-14,06/16/2014,06-June,2-Monday,23:00,2300 Hours,District 4 (Southwest),,MADISON,,195TH TRL,Collision with:  Animal,,Non-collision (single vehicle),Animal,None Indicated,,,,,,,Unpaved,,Property Damage Only,0,0,0,0,0,0,10000,1,1,,POINT (-93.963763312009 41.36635251548)
2014803624,14-10973,06/16/2014,06-June,2-Monday,14:15,1400 Hours,District 2 (Northeast),,BREMER,,Co Rd V48/RENO AVE,Non-collision events:  Overturn/rollover,On Roadway,Non-collision (single vehicle),Swerving/Evasive Action,None Indicated,,Daylight,Dry,Cloudy,None apparent,Non-intersection:  Non-junction/no special feature,Paved,,Minor Injury,0,2,0,2,0,0,600,1,2,,POINT (-92.209080468573 42.869468260277)
2014804424,14-006610,06/16/2014,06-June,2-Monday,10:13,1000 Hours,District 2 (Northeast),,FAYETTE,,Co Rd B64/GOLDEN RD,Collision with:  Non-motorist (see non-motorist section - NOT a unit),On Roadway,Non-collision (single vehicle),Other (explain in narrative):  Other,None Indicated,,Daylight,Dry,Cloudy,None apparent,Non-intersection:  Non-junction/no special feature,Paved,,Major Injury,0,1,1,0,0,0,1000,1,1,,POINT (-91.678674629921 42.952887707486)
2014804344,,06/16/2014,06-June,2-Monday,05:30,0500 Hours,District 6 (East Central),CAMANCHE,CLINTON,,21ST ST,Collision with:  Animal,On Roadway,Non-collision (single vehicle),Animal,None Indicated,,Dawn,Dry,"Fog, smoke, smog",None apparent,Non-intersection:  Non-junction/no special feature,Paved,,Property Damage Only,0,0,0,0,0,0,4400,1,1,,POINT (-90.294453958416 41.801030601845)
2014804347,,06/16/2014,06-June,2-Monday,11:45,1100 Hours,District 6 (East Central),DE WITT,CLINTON,US 30,US 30,Collision with fixed object:  Traffic sign support,On Roadway,"Sideswipe, same direction",Improper or erratic lane changing,None Indicated,,Daylight,Dry,Clear,None apparent,Non-intersection:  Non-junction/no special feature,Paved,,Property Damage Only,0,0,0,0,0,0,4000,2,4,,POINT (-90.545648111194 41.807531373649)
2014804773,14-674,06/16/2014,06-June,2-Monday,17:30,1700 Hours,District 1 (Central),PLEASANT HILL,POLK,IA 163,IA 163/NE UNIVERSITY AVE,Non-collision events:  Other non-collision (explain in narrative),On Roadway,Non-collision (single vehicle),Other (explain in narrative):  No improper action,None Indicated,,Daylight,Dry,Cloudy,None apparent,Non-intersection:  Non-junction/no special feature,Paved,,Property Damage Only,0,0,0,0,0,0,2500,1,1,,POINT (-93.440565941944 41.600486826278)
2014803797,14-0879,06/16/2014,06-June,2-Monday,22:23,2200 Hours,District 1 (Central),,GREENE,,K AVE,Collision with fixed object:  Ditch,Unknown,Non-collision (single vehicle),Ran off road - right,Refused,,Dark - roadway not lighted,"Mud, dirt",Clear,None apparent,Non-intersection:  Non-junction/no special feature,Unpaved,,Property Damage Only,0,0,0,0,0,0,3000,1,1,,POINT (-94.435365238081 41.986493295683)
2014807718,2014035508,06/16/2014,06-June,2-Monday,15:31,1500 Hours,District 5 (Southeast),,WASHINGTON,US 218,US 218,Collision with fixed object:  Ditch,On Roadway,Non-collision (single vehicle),Swerving/Evasive Action,None Indicated,,Daylight,Dry,Clear,None apparent,Non-intersection:  Non-junction/no special feature,Paved,,Property Damage Only,0,0,0,0,0,0,4000,1,4,,POINT (-91.550853057 41.480338694389)
2014810131,2014005948,06/16/2014,06-June,2-Monday,10:05,1000 Hours,District 1 (Central),MARSHALLTOWN,MARSHALL,,WESTWOOD DR & S 6TH ST,Collision with:  Vehicle in traffic,On Roadway,Broadside (front to side),Unknown,None Indicated,,Daylight,Dry,Cloudy,None apparent,Intersection:  Four-way intersection,Paved,,Property Damage Only,0,0,0,0,0,0,4000,2,3,,POINT (-92.922056012742 42.021128137067)
2014804309,2014035465,06/16/2014,06-June,2-Monday,12:00,1200 Hours,District 6 (East Central),,IOWA,,NN AVE,Non-collision events:  Overturn/rollover,On Roadway,Non-collision (single vehicle),Over correcting/over steering,None Indicated,,Daylight,"Mud, dirt",Cloudy,None apparent,Non-intersection:  Non-junction/no special feature,Unpaved,,Major Injury,0,1,1,0,0,0,5000,1,1,,POINT (-92.036123533266 41.742024428558)
2014803830,2014006576,06/16/2014,06-June,2-Monday,15:35,1500 Hours,District 6 (East Central),IOWA CITY,JOHNSON,IA 1,IA 1/W BURLINGTON ST/E BURLINGTON ST & S MADISON ST,Non-collision events:  Jackknife,On Roadway,Non-collision (single vehicle),Other (explain in narrative):  Other,None Indicated,,Daylight,Dry,Cloudy,None apparent,Non-intersection:  Non-junction/no special feature,Paved,,Possible/Unknown,0,1,0,0,1,0,1500,1,1,,POINT (-91.537727509424 41.657880453378)
2014806248,2014035462,06/16/2014,06-June,2-Monday,12:00,1200 Hours,District 5 (Southeast),,HENRY,US 218,US 218,Non-collision events:  Other non-collision (explain in narrative),Shoulder,Non-collision (single vehicle),Swerving/Evasive Action,None Indicated,,Daylight,Dry,Cloudy,None apparent,Non-intersection:  Non-junction/no special feature,Paved,,Property Damage Only,0,0,0,0,0,0,5000,1,1,,POINT (-91.544422667385 40.994673244037)
2014806031,14002882,06/16/2014,06-June,2-Monday,12:00,1200 Hours,District 1 (Central),AMES,STORY,US 69,US 69/GRAND AVE & 6TH ST,Collision with:  Non-motorist (see non-motorist section - NOT a unit),On Roadway,Non-collision (single vehicle),FTYROW:  To pedestrian,None Indicated,,Daylight,Dry,Cloudy,Unknown,Intersection:  Four-way intersection,Paved,,Minor Injury,0,1,0,1,0,0,0,1,1,,POINT (-93.620223989605 42.026828320378)
2014803981,,06/16/2014,06-June,2-Monday,23:30,2300 Hours,District 2 (Northeast),JANESVILLE,BLACK HAWK,US 218,US 218,Collision with:  Animal,On Roadway,Non-collision (single vehicle),Animal,None Indicated,,,,,,,Paved,,Property Damage Only,0,0,0,0,0,0,2500,1,1,,POINT (-92.451471548789 42.635609858705)
2014803707,14-024786,06/16/2014,06-June,2-Monday,06:58,0600 Hours,District 4 (Southwest),COUNCIL BLUFFS,POTTAWATTAMIE,,AVE D,Collision with:  Parked motor vehicle,On Roadway,Unknown,Unknown,None Indicated,,Daylight,Dry,Clear,None apparent,Non-intersection:  Non-junction/no special feature,Paved,,Property Damage Only,0,0,0,0,0,0,2000,2,1,,POINT (-95.857879508305 41.265244550136)
2014803817,C14001855,06/16/2014,06-June,2-Monday,07:31,0700 Hours,District 6 (East Central),CORALVILLE,JOHNSON,,1ST AVE,Collision with:  Vehicle in traffic,On Roadway,"Sideswipe, same direction",Improper or erratic lane changing,None Indicated,,Daylight,Dry,Clear,None apparent,Intersection:  Other intersection (explain in narrative),Paved,,Property Damage Only,0,0,0,0,0,0,1500,2,3,,POINT (-91.566530903395 41.692928713652)
2014810223,CP14-0555,06/16/2014,06-June,2-Monday,10:25,1000 Hours,District 2 (Northeast),CLARION,WRIGHT,,1ST AVE NE & 2ND ST NE,Collision with:  Vehicle in traffic,On Roadway,Broadside (front to side),FTYROW:  From yield sign,None Indicated,,Daylight,Dry,Clear,None apparent,Intersection:  Four-way intersection,Paved,,Property Damage Only,0,0,0,0,0,0,5000,2,2,,POINT (-93.730139549901 42.732621521791)