Iowa DOT Case Number,Law Enforcement Case Number,Date of Crash,Month of Crash,Day of Week,Time of Crash,Hour,DOT District,City Name,County Name,Route with System,Location Description,First Harmful Event,Location of First Harmful Event,Manner of Crash/Collision,Major Cause,Drug or Alcohol ,Environmental Conditions,Light Conditions,Surface Conditions,Weather Conditions,Roadway Contribution,Roadway Type,Roadway Surface,Work Zone,Crash Severity,Number of Fatalities,Number of Injuries,Number of Major Injuries,Number of Minor Injuries,Number of Possible Injuries,Number of Unknown Injuries,Amount of Property Damage,Number of Vehicles Involved,Total Number of Occupants,Travel Direction,Location
2014818978,EP14001122,06/17/2014,06-June,3-Tuesday,08:45,0800 Hours,District 2 (Northeast),EAGLE GROVE,WRIGHT,IA 17,IA 17/N COMMERCIAL AVE,Collision with:  Vehicle in traffic,On Roadway,"Sideswipe, same direction",Made improper turn,None Indicated,,Daylight,Dry,Clear,None apparent,Non-intersection:  Non-junction/no special feature,Paved,,Property Damage Only,0,0,0,0,0,0,3000,2,2,,POINT (-93.906472972401 42.670457609168)
2014803783,CL14002014,06/17/2014,06-June,3-Tuesday,14:46,1400 Hours,District 6 (East Central),CLINTON,CLINTON,,MANUFACTURING DR,Collision with:  Vehicle in traffic,On Roadway,Rear-end (front to rear),Driver Distraction:  Manual operation of an electronic communication device,None Indicated,,Daylight,Dry,Cloudy,None apparent,Non-intersection:  Non-junction/no special feature,Paved,,Property Damage Only,0,0,0,0,0,0,3750,2,3,,POINT (-90.235228382099 41.82642964132)
2014809897,20142130,06/17/2014,06-June,3-Tuesday,23:30,2300 Hours,District 1 (Central),,GRUNDY,US 20,US 20,Collision with:  Animal,,,Animal,None Indicated,,,,,,,Paved,,Property Damage Only,0,0,0,0,0,0,3000,1,1,,POINT (-92.976683242297 42.462244138079)
2014804254,20140017122,06/17/2014,06-June,3-Tuesday,21:23,2100 Hours,District 1 (Central),DES MOINES,POLK,,CLEVELAND AVE & YORK ST,Non-collision events:  Other non-collision (explain in narrative),On Roadway,Non-collision (single vehicle),"Operating vehicle in an reckless, erratic, careless, negligent manner",None Indicated,,Dark - roadway lighted,Dry,Clear,None apparent,Non-intersection:  Non-junction/no special feature,Paved,,Possible/Unknown,0,1,0,0,1,0,12000,1,1,,POINT (-93.601911073708 41.605060576564)
2014803750,2014035567,06/17/2014,06-June,3-Tuesday,05:40,0500 Hours,District 1 (Central),ALTOONA,POLK,US 65,US 65,Collision with:  Animal,,,Animal,None Indicated,,,,,,,Paved,,Property Damage Only,0,0,0,0,0,0,2000,1,1,,POINT (-93.487522508626 41.667527072028)
2014805693,2014035653,06/17/2014,06-June,3-Tuesday,12:50,1200 Hours,District 2 (Northeast),CLEAR LAKE,CERRO GORDO,I-35,I-35,Collision with:  Vehicle in traffic,On Roadway,"Sideswipe, same direction",FTYROW:  Other (explain in narrative),None Indicated,,Daylight,Dry,Clear,None apparent,Interchange-related:  On-ramp merge area,Paved,,Property Damage Only,0,0,0,0,0,0,10000,2,3,,POINT (-93.356027936466 43.136377710439)
2014807761,,06/17/2014,06-June,3-Tuesday,09:40,0900 Hours,District 6 (East Central),MAQUOKETA,JACKSON,IA 64,IA 64/W PLATT ST & N 5TH ST,Collision with:  Vehicle in traffic,On Roadway,Broadside (front to side),Lost Control,None Indicated,,Daylight,Dry,Clear,None apparent,Intersection:  T-intersection,Paved,,Property Damage Only,0,0,0,0,0,0,1550,2,2,,POINT (-90.670247474779 42.069165735164)
2014804135,2014-12843,06/17/2014,06-June,3-Tuesday,20:27,2000 Hours,District 5 (Southeast),INDIANOLA,WARREN,,W CLINTON AVE & E CLINTON AVE & N HOWARD ST,Collision with:  Vehicle in traffic,On Roadway,Broadside (front to side),FTYROW:  From stop sign,None Indicated,,Dusk,Dry,Cloudy,None apparent,Intersection:  Other intersection (explain in narrative),Paved,,Property Damage Only,0,0,0,0,0,0,6000,2,3,,POINT (-93.56094045868 41.363382390392)
2014804947,,06/17/2014,06-June,3-Tuesday,13:00,1300 Hours,District 4 (Southwest),,ADAIR,,227TH ST,Collision with fixed object:  Guardrail - face,On Roadway,Non-collision (single vehicle),Lost Control,None Indicated,,Daylight,"Mud, dirt",Cloudy,None apparent,Non-intersection:  Other non-intersection (explain in narrative),Unpaved,,Property Damage Only,0,0,0,0,0,0,4000,1,1,,POINT (-94.5764192457 41.320075088211)
2014803849,20140017054,06/17/2014,06-June,3-Tuesday,09:15,0900 Hours,District 1 (Central),DES MOINES,POLK,,17TH ST,Collision with:  Parked motor vehicle,On Roadway,"Sideswipe, same direction",Unknown,None Indicated,,Daylight,Unknown,Cloudy,None apparent,Non-intersection:  Non-junction/no special feature,Paved,,Property Damage Only,0,0,0,0,0,0,1500,2,777,,POINT (-93.640126680672 41.589812060625)
2014804346,,06/17/2014,06-June,3-Tuesday,12:04,1200 Hours,District 6 (East Central),CEDAR RAPIDS,LINN,,16TH AVE SW & 3RD ST SW,Collision with:  Vehicle in traffic,On Roadway,"Sideswipe, same direction",Unknown,None Indicated,,Daylight,Dry,Clear,,Non-intersection:  Non-junction/no special feature,Paved,,Property Damage Only,0,0,0,0,0,0,6500,2,2,,POINT (-91.670127257033 41.961690393499)
2014809776,14-4408,06/17/2014,06-June,3-Tuesday,15:14,1500 Hours,District 6 (East Central),LE CLAIRE,SCOTT,US 67,US 67/CODY RD,Collision with:  Animal,,,Animal,None Indicated,,,,,,,Paved,,Property Damage Only,0,0,0,0,0,0,2000,1,1,,POINT (-90.370156813773 41.583240524416)
2014804118,2014-40173,06/17/2014,06-June,3-Tuesday,20:09,2000 Hours,District 6 (East Central),DAVENPORT,SCOTT,,N LINCOLN AVE,Collision with:  Vehicle in traffic,On Roadway,"Sideswipe, same direction",Other (explain in narrative):  Other,None Indicated,,Daylight,Dry,Clear,None apparent,Non-intersection:  Driveway access (within),Paved,,Property Damage Only,0,0,0,0,0,0,5000,2,3,,POINT (-90.61293733208 41.523469347027)
2014803875,14-2840,06/17/2014,06-June,3-Tuesday,05:42,0500 Hours,District 1 (Central),WEST DES MOINES,POLK,I-35,I-35,Collision with fixed object:  Guardrail - face,On Roadway,Non-collision (single vehicle),Unknown,None Indicated,,Dawn,Wet,Rain,None apparent,Non-intersection:  Non-junction/no special feature,Paved,,Possible/Unknown,0,1,0,0,1,0,3000,1,2,,POINT (-93.774855841402 41.538037940866)
2014803791,2014-2741,06/17/2014,06-June,3-Tuesday,08:19,0800 Hours,District 4 (Southwest),WAUKEE,DALLAS,US 6,US 6/HICKMAN AVE & WESTGATE DR,Collision with:  Vehicle in traffic,On Roadway,Rear-end (front to rear),Other (explain in narrative):  Other,None Indicated,,Daylight,Wet,Cloudy,None apparent,Non-intersection:  Non-junction/no special feature,Paved,,Property Damage Only,0,0,0,0,0,0,7000,2,2,,POINT (-93.862494029202 41.61497509757)
2014803833,201408611,06/17/2014,06-June,3-Tuesday,14:30,1400 Hours,District 6 (East Central),CEDAR RAPIDS,LINN,IA 100,IA 100/COLLINS RD NE/COLLINS RD SE & IA 922/1ST AVE E,Collision with:  Vehicle in traffic,On Roadway,"Sideswipe, same direction",FTYROW:  Making right turn on red signal,None Indicated,,Daylight,Dry,Clear,None apparent,Intersection:  Four-way intersection,Paved,,Property Damage Only,0,0,0,0,0,0,3000,2,2,,POINT (-91.621296019203 42.025807253546)
2014804391,14-8580,06/17/2014,06-June,3-Tuesday,00:54,0000 Hours,District 3 (Northwest),,CLAY,,Co Rd M36/170TH AVE,Miscellaneous events:  Immersion,,,Lost Control,None Indicated,,,,,,,Paved,,Property Damage Only,0,0,0,0,0,0,7000,1,1,,POINT (-95.250225499825 42.975310987101)
2014803863,20140017098,06/17/2014,06-June,3-Tuesday,16:20,1600 Hours,District 1 (Central),DES MOINES,POLK,US 6,US 6/EUCLID AVE & 3RD ST,Collision with:  Vehicle in traffic,On Roadway,"Sideswipe, same direction",Unknown,None Indicated,,Daylight,Dry,Cloudy,None apparent,Intersection:  Four-way intersection,Paved,,Property Damage Only,0,0,0,0,0,0,5500,2,2,,POINT (-93.621125325407 41.627692565232)
2014804198,01-14-26312,06/17/2014,06-June,3-Tuesday,14:51,1400 Hours,District 6 (East Central),DUBUQUE,DUBUQUE,,WACKER DR,Collision with:  Vehicle in traffic,On Roadway,Broadside (front to side),Other (explain in narrative):  Other,None Indicated,,Daylight,Dry,Clear,None apparent,Intersection:  Other intersection (explain in narrative),Paved,,Property Damage Only,0,0,0,0,0,0,1800,2,2,,POINT (-90.720470545871 42.491129691886)
2014804362,14060111,06/17/2014,06-June,3-Tuesday,09:34,0900 Hours,District 2 (Northeast),CEDAR FALLS,BLACK HAWK,,W LONE TREE RD & CENTER ST,Non-collision events:  Other non-collision (explain in narrative),On Roadway,Non-collision (single vehicle),FTYROW:  From stop sign,None Indicated,,Daylight,Dry,Clear,None apparent,Intersection:  Four-way intersection,Paved,,Minor Injury,0,1,0,1,0,0,1000,2,6,,POINT (-92.456015199424 42.562001010439)
2014804073,14-002635,06/17/2014,06-June,3-Tuesday,15:00,1500 Hours,District 1 (Central),ANKENY,POLK,,W 1ST ST,Collision with:  Vehicle in traffic,On Roadway,Rear-end (front to rear),Other (explain in narrative):  Other,None Indicated,,Daylight,Dry,Cloudy,None apparent,Intersection:  Four-way intersection,Paved,,Property Damage Only,0,0,0,0,0,0,3000,2,3,,POINT (-93.621370181584 41.731849454188)
2014804143,14060216,06/17/2014,06-June,3-Tuesday,15:02,1500 Hours,District 2 (Northeast),CEDAR FALLS,BLACK HAWK,,GRANT ST & A ST,Collision with:  Vehicle in traffic,On Roadway,"Sideswipe, opposite direction",Made improper turn,None Indicated,,Daylight,Dry,Clear,None apparent,Non-intersection:  Non-junction/no special feature,Paved,,Property Damage Only,0,0,0,0,0,0,6100,2,1,,POINT (-92.440207912061 42.53957257349)
2014803657,14-17950,06/17/2014,06-June,3-Tuesday,07:15,0700 Hours,District 5 (Southeast),,LEE,,150 AVE,Collision with:  Vehicle in traffic,On Roadway,Broadside (front to side),FTYROW:  From driveway,None Indicated,,Daylight,"Mud, dirt",Cloudy,None apparent,Non-intersection:  Driveway access (within),Unpaved,,Possible/Unknown,0,1,0,0,0,1,2100,2,3,,POINT (-91.619848193096 40.596845442298)
2014803689,20140017038,06/17/2014,06-June,3-Tuesday,06:50,0600 Hours,District 1 (Central),DES MOINES,POLK,,THOMAS BECK RD,Collision with:  Vehicle in traffic,On Roadway,Rear-end (front to rear),Followed too close,None Indicated,,Daylight,Wet,Cloudy,None apparent,Non-intersection:  Non-junction/no special feature,Paved,,Property Damage Only,0,0,0,0,0,0,4000,2,3,,POINT (-93.630494092592 41.569022481697)
2014803874,14-2842,06/17/2014,06-June,3-Tuesday,06:23,0600 Hours,District 1 (Central),WEST DES MOINES,POLK,,STONEBRIDGE RD & 36TH ST,Collision with:  Vehicle in traffic,On Roadway,Broadside (front to side),FTYROW:  From stop sign,None Indicated,,Daylight,Wet,Rain,None apparent,Intersection:  Four-way intersection,Paved,,Property Damage Only,0,0,0,0,0,0,5500,2,2,,POINT (-93.753938336427 41.575358997925)
2014817164,2014-40115,06/17/2014,06-June,3-Tuesday,15:51,1500 Hours,District 6 (East Central),DAVENPORT,SCOTT,US 6,US 6/W KIMBERLY RD,Collision with:  Vehicle in traffic,On Roadway,Rear-end (front to rear),Followed too close,None Indicated,,Daylight,Dry,Cloudy,None apparent,Intersection:  Four-way intersection,Paved,,Possible/Unknown,0,1,0,0,1,0,4000,2,2,,POINT (-90.59116825285 41.560094600771)
2014804104,14-11282,06/17/2014,06-June,3-Tuesday,19:30,1900 Hours,District 6 (East Central),BETTENDORF,SCOTT,,DEERBROOK DR & HALCYON DR & DEVILS GLEN RD,Collision with:  Vehicle in traffic,On Roadway,"Angle, oncoming left turn",FTYROW:  Making left turn,None Indicated,,Daylight,Dry,Clear,None apparent,Intersection:  Four-way intersection,Paved,,Minor Injury,0,1,0,1,0,0,7900,2,3,,POINT (-90.4838037879 41.541447479045)
2014804099,2014-12141,06/17/2014,06-June,3-Tuesday,04:52,0400 Hours,District 6 (East Central),,SCOTT,I-80,I-80,Collision with fixed object:  Guardrail - face,On Roadway,Non-collision (single vehicle),Ran off road - left,None Indicated,,Dark - roadway not lighted,Wet,Cloudy,None apparent,Non-intersection:  Non-junction/no special feature,Paved,,Property Damage Only,0,0,0,0,0,0,1501,1,3,,POINT (-90.717002140924 41.603732686614)
2014805501,201402066,06/17/2014,06-June,3-Tuesday,17:44,1700 Hours,District 6 (East Central),,LINN,,N ALBURNETT RD,Non-collision events:  Overturn/rollover,Shoulder,Non-collision (single vehicle),"Operating vehicle in an reckless, erratic, careless, negligent manner",Alcohol (Statutory),,Daylight,"Mud, dirt",Cloudy,None apparent,Non-intersection:  Non-junction/no special feature,Unpaved,,Minor Injury,0,1,0,1,0,0,100,1,1,,POINT (-91.617222060148 42.240078573741)
2014803684,20140017044,06/17/2014,06-June,3-Tuesday,07:13,0700 Hours,District 1 (Central),DES MOINES,POLK,US 69,US 69/SE 14TH ST & E ARMY POST RD,Collision with:  Vehicle in traffic,On Roadway,"Sideswipe, same direction",FTYROW:  Other (explain in narrative),None Indicated,,Daylight,Dry,Clear,None apparent,Non-intersection:  Non-junction/no special feature,Paved,,Possible/Unknown,0,1,0,0,0,1,6271,2,2,,POINT (-93.596769461122 41.526282588209)
2014804212,14-010106,06/17/2014,06-June,3-Tuesday,01:22,0100 Hours,District 5 (Southeast),,HENRY,US 218,US 218,Collision with fixed object:  Curb/island/raised median,On Roadway,Non-collision (single vehicle),Swerving/Evasive Action,None Indicated,,Dark - roadway not lighted,Dry,Cloudy,None apparent,Non-intersection:  Non-junction/no special feature,Paved,,Property Damage Only,0,0,0,0,0,0,4200,1,1,,POINT (-91.544406578401 41.079093903291)
2014803692,20140017052,06/17/2014,06-June,3-Tuesday,09:00,0900 Hours,District 1 (Central),DES MOINES,POLK,I-235,I-235,Collision with:  Vehicle in traffic,On Roadway,Rear-end (front to rear),Other (explain in narrative):  Other,None Indicated,,Daylight,Dry,Clear,None apparent,Non-intersection:  Non-junction/no special feature,Paved,,Possible/Unknown,0,1,0,0,1,0,3000,2,3,,POINT (-93.649941200076 41.594620906216)
2014803774,14011046,06/17/2014,06-June,3-Tuesday,07:01,0700 Hours,District 2 (Northeast),,BREMER,US 63,US 63,Collision with:  Animal,,,Animal,None Indicated,,,,,,,Paved,,Property Damage Only,0,0,0,0,0,0,5000,1,1,,POINT (-92.337424074851 42.68687013073)
2014804216,2014006603,06/17/2014,06-June,3-Tuesday,13:25,1300 Hours,District 6 (East Central),IOWA CITY,JOHNSON,IA 1,IA 1/GOVERNOR ST & FAIRCHILD ST,Collision with:  Vehicle in traffic,On Roadway,"Sideswipe, same direction",Made improper turn,None Indicated,,Daylight,Dry,Cloudy,None apparent,Intersection:  Four-way intersection,Paved,,Possible/Unknown,0,1,0,0,1,0,7000,2,2,,POINT (-91.522811307075 41.66679560434)
2014804023,14-20661,06/17/2014,06-June,3-Tuesday,15:46,1500 Hours,District 5 (Southeast),WEST BURLINGTON,DES MOINES,US 34,US 34,Collision with:  Vehicle in traffic,On Roadway,Rear-end (front to rear),FTYROW:  Other (explain in narrative),None Indicated,,Daylight,Dry,Clear,Work Zone (roadway-related),Non-intersection:  Other non-intersection (explain in narrative),Paved,Yes,Property Damage Only,0,0,0,0,0,0,6000,2,2,,POINT (-91.182255193565 40.820022479688)
2014807388,14119,06/17/2014,06-June,3-Tuesday,10:37,1000 Hours,District 5 (Southeast),PELLA,MARION,,PARK LN,Collision with:  Parked motor vehicle,On Roadway,"Sideswipe, same direction",Other (explain in narrative):  Other,None Indicated,,Daylight,Dry,Cloudy,None apparent,Non-intersection:  Non-junction/no special feature,Paved,,Property Damage Only,0,0,0,0,0,0,5100,2,1,,POINT (-92.921388110612 41.422326360987)
2014807278,,06/17/2014,06-June,3-Tuesday,21:16,2100 Hours,District 2 (Northeast),,WINNESHIEK,IA 9,IA 9/IOWA 9,Collision with:  Animal,On Roadway,Non-collision (single vehicle),Animal,None Indicated,,Dusk,Dry,Cloudy,None apparent,Non-intersection:  Non-junction/no special feature,Paved,,Property Damage Only,0,0,0,0,0,0,3500,1,2,,POINT (-91.952849294663 43.284480767567)
2014812006,14-05647,06/17/2014,06-June,3-Tuesday,15:32,1500 Hours,District 5 (Southeast),MOUNT PLEASANT,HENRY,,N JEFFERSON ST,Collision with:  Other non-fixed object (explain in narrative),On Roadway,Non-collision (single vehicle),Other (explain in narrative):  No improper action,None Indicated,,Daylight,Dry,Cloudy,None apparent,Non-intersection:  Non-junction/no special feature,Paved,,Minor Injury,0,1,0,1,0,0,0,1,1,,POINT (-91.554385047487 40.968027267396)
2014804440,90-14-188,06/17/2014,06-June,3-Tuesday,07:45,0700 Hours,District 2 (Northeast),,HUMBOLDT,,Co Rd P30/IOWA AVE,Collision with fixed object:  Ditch,On Roadway,Non-collision (single vehicle),Ran off road - right,None Indicated,,Daylight,Water (standing or moving),Cloudy,"Surface condition (e.g., wet, icy)",Non-intersection:  Non-junction/no special feature,Paved,,Property Damage Only,0,0,0,0,0,0,5500,1,1,,POINT (-94.286213645744 42.902751419091)
2014804514,14-4013,06/17/2014,06-June,3-Tuesday,14:24,1400 Hours,District 1 (Central),,POLK,IA 17,IA 17,Collision with:  Vehicle in traffic,On Roadway,"Sideswipe, opposite direction",Crossed centerline (undivided),None Indicated,,Daylight,Dry,Clear,None apparent,Non-intersection:  Non-junction/no special feature,Paved,,Possible/Unknown,0,1,0,0,1,0,5500,2,2,,POINT (-93.811439394704 41.784498922199)
2014804210,02-14-9204,06/17/2014,06-June,3-Tuesday,15:52,1500 Hours,District 6 (East Central),,DUBUQUE,US 52,US 52 & CLAY HILL RD,Collision with:  Vehicle in traffic,On Roadway,Broadside (front to side),FTYROW:  From stop sign,None Indicated,,Daylight,Dry,Clear,None apparent,Intersection:  T-intersection,Paved,,Property Damage Only,0,0,0,0,0,0,2500,2,3,,POINT (-90.744396630117 42.555288289842)
2014804494,14-002615,06/17/2014,06-June,3-Tuesday,15:30,1500 Hours,District 3 (Northwest),ROCK RAPIDS,LYON,US 75,US 75/S UNION ST & S 2ND AVE,Collision with:  Vehicle in traffic,On Roadway,Rear-end (front to rear),Improper Backing,None Indicated,,Daylight,Dry,Clear,None apparent,Intersection:  Four-way intersection,Paved,,Property Damage Only,0,0,0,0,0,0,1500,2,3,,POINT (-96.175507137421 43.430832864614)
2014803691,20140017048,06/17/2014,06-June,3-Tuesday,08:30,0800 Hours,District 1 (Central),DES MOINES,POLK,,INDIANOLA AVE,Collision with:  Vehicle in traffic,On Roadway,"Sideswipe, same direction",Swerving/Evasive Action,None Indicated,,Daylight,Dry,Clear,None apparent,Non-intersection:  Non-junction/no special feature,Paved,,Property Damage Only,0,0,0,0,0,0,7000,2,4,,POINT (-93.614081427686 41.571047875666)
2014804435,2014-3335,06/17/2014,06-June,3-Tuesday,17:09,1700 Hours,District 1 (Central),NEW PROVIDENCE,HARDIN,,W MAIN DR,Collision with:  Vehicle in traffic,On Roadway,Broadside (front to side),FTYROW:  From parked position,None Indicated,,Daylight,Dry,Cloudy,None apparent,Non-intersection:  Non-junction/no special feature,Paved,,Property Damage Only,0,0,0,0,0,0,3250,2,2,,POINT (-93.172282452843 42.281356040011)
2014804021,14005066,06/17/2014,06-June,3-Tuesday,18:14,1800 Hours,District 6 (East Central),MANCHESTER,DELAWARE,,E MAIN ST,Collision with:  Vehicle in traffic,On Roadway,Head-on (front to front),FTYROW:  Making left turn,None Indicated,,Daylight,Dry,Cloudy,None apparent,Non-intersection:  Driveway access (within),Paved,,Property Damage Only,0,0,0,0,0,0,4800,2,4,,POINT (-91.439028451723 42.484054663987)
2014804013,14-61713RT01,06/17/2014,06-June,3-Tuesday,04:00,0400 Hours,District 5 (Southeast),OSCEOLA,CLARKE,US 69,US 69/N MAIN ST,Collision with fixed object:  Ditch,Shoulder,Non-collision (single vehicle),"Operating vehicle in an reckless, erratic, careless, negligent manner",None Indicated,,Dark - roadway not lighted,Wet,Rain,Unknown,Non-intersection:  Driveway access (within),Paved,,Property Damage Only,0,0,0,0,0,0,8050,1,1,,POINT (-93.764712762531 41.052214063274)
2014803865,20140017104,06/17/2014,06-June,3-Tuesday,16:35,1600 Hours,District 1 (Central),DES MOINES,POLK,,HICKMAN RD & 50TH ST,Collision with:  Vehicle in traffic,On Roadway,Broadside (front to side),FTYROW:  From stop sign,None Indicated,,Daylight,Dry,Cloudy,None apparent,Intersection:  Four-way intersection,Paved,,Property Damage Only,0,0,0,0,0,0,3500,2,4,,POINT (-93.687532562336 41.614893653419)
2014803864,20140017100,06/17/2014,06-June,3-Tuesday,16:20,1600 Hours,District 1 (Central),DES MOINES,POLK,,MLK JR PKWY,Collision with:  Vehicle in traffic,On Roadway,"Sideswipe, same direction",FTYROW:  Other (explain in narrative),None Indicated,,Daylight,Dry,Clear,None apparent,Non-intersection:  Non-junction/no special feature,Paved,,Property Damage Only,0,0,0,0,0,0,2500,2,3,,POINT (-93.646301132132 41.614619442793)
2014803670,14-4010,06/17/2014,06-June,3-Tuesday,07:40,0700 Hours,District 1 (Central),GRIMES,POLK,IA 141,IA 141/IOWA 141 & S 11TH ST & SE 11TH ST,Collision with:  Vehicle in traffic,On Roadway,Rear-end (front to rear),Driving too fast for conditions,None Indicated,,Daylight,Dry,Clear,None apparent,Intersection:  Four-way intersection,Paved,,Property Damage Only,0,0,0,0,0,0,2000,2,3,,POINT (-93.774804847861 41.680207673907)
2014804218,201400002072,06/17/2014,06-June,3-Tuesday,22:25,2200 Hours,District 6 (East Central),,LINN,US 151,US 151/DUBUQUE RD & QUAKER LN,Collision with:  Animal,,,Animal,None Indicated,,,,,,,Paved,,Property Damage Only,0,0,0,0,0,0,1500,1,1,,POINT (-91.379625202073 42.067752523809)
2014804879,14-11248,06/17/2014,06-June,3-Tuesday,03:04,0300 Hours,District 6 (East Central),BETTENDORF,SCOTT,,CROW CREEK RD,Non-collision events:  Overturn/rollover,On Roadway,Non-collision (single vehicle),Crossed centerline (undivided),Alcohol (Statutory),,Dark - roadway not lighted,Dry,Cloudy,None apparent,Non-intersection:  Non-junction/no special feature,Paved,,Minor Injury,0,2,0,2,0,0,10000,1,2,,POINT (-90.438434615179 41.567752197508)
2014804052,201408624,06/17/2014,06-June,3-Tuesday,18:18,1800 Hours,District 6 (East Central),CEDAR RAPIDS,LINN,IA 922,IA 922/WILLIAMS BLVD & EDGEWOOD RD SW,Non-collision events:  Other non-collision (explain in narrative),On Roadway,Non-collision (single vehicle),Lost Control,None Indicated,,Daylight,Wet,Cloudy,"Surface condition (e.g., wet, icy)",Non-intersection:  Non-junction/no special feature,Paved,,Minor Injury,0,1,0,1,0,0,2500,1,1,,POINT (-91.716434333635 41.957813356326)
2014803957,2014035591,06/17/2014,06-June,3-Tuesday,08:33,0800 Hours,District 1 (Central),DES MOINES,POLK,US 69,US 69/SE 14TH ST & MAURY ST,Collision with:  Vehicle in traffic,On Roadway,Broadside (front to side),Ran Traffic Signal,None Indicated,,Daylight,Dry,Clear,None apparent,Intersection:  Four-way intersection,Paved,,Property Damage Only,0,0,0,0,0,0,2800,2,2,,POINT (-93.596867424874 41.581253693225)
2014803690,20140017045,06/17/2014,06-June,3-Tuesday,07:48,0700 Hours,District 1 (Central),DES MOINES,POLK,US 6,US 6/E EUCLID AVE,Collision with:  Vehicle in traffic,On Roadway,Broadside (front to side),"Operating vehicle in an reckless, erratic, careless, negligent manner",None Indicated,,Daylight,Wet,Cloudy,Traffic control obscured,Intersection:  Four-way intersection,Paved,,Minor Injury,0,3,0,3,0,0,18000,3,5,,POINT (-93.561148347072 41.627649710635)
2014803860,20140017079,06/17/2014,06-June,3-Tuesday,13:30,1300 Hours,District 1 (Central),DES MOINES,POLK,,GUTHRIE AVE & DELAWARE AVE,Collision with:  Vehicle in traffic,On Roadway,Broadside (front to side),FTYROW:  Making right turn on red signal,None Indicated,,Daylight,Dry,Cloudy,None apparent,Intersection:  Four-way intersection,Paved,,Property Damage Only,0,0,0,0,0,0,12000,2,3,,POINT (-93.581275461776 41.615047693651)
2014804150,W14-060210,06/17/2014,06-June,3-Tuesday,14:38,1400 Hours,District 2 (Northeast),WATERLOO,BLACK HAWK,IA 934,IA 934/UNIVERSITY AVE & SAGER AVE,Collision with:  Vehicle in traffic,On Roadway,Rear-end (front to rear),Followed too close,None Indicated,,Daylight,Dry,Cloudy,None apparent,Intersection:  Four-way intersection,Paved,,Major Injury,0,1,1,0,0,0,10000,3,6,,POINT (-92.382482723492 42.497642208446)
2014803946,14-19067,06/17/2014,06-June,3-Tuesday,12:42,1200 Hours,District 3 (Northwest),SIOUX CITY,WOODBURY,,29TH ST & JACKSON ST,Collision with:  Vehicle in traffic,On Roadway,Broadside (front to side),FTYROW:  From stop sign,None Indicated,,Daylight,Dry,Cloudy,None apparent,Intersection:  Four-way intersection,Paved,,Property Damage Only,0,0,0,0,0,0,2350,2,4,,POINT (-96.402309570603 42.520661998741)
2014804225,201402064,06/17/2014,06-June,3-Tuesday,15:48,1500 Hours,District 6 (East Central),,LINN,,Co Rd W58/N ALBURNETT RD,Non-collision events:  Overturn/rollover,On Roadway,Non-collision (single vehicle),Swerving/Evasive Action,None Indicated,,Daylight,Dry,Cloudy,None apparent,Non-intersection:  Non-junction/no special feature,Paved,,Minor Injury,0,2,0,2,0,0,10000,1,3,,POINT (-91.617158466388 42.213014619517)
2014804987,14-005459,06/17/2014,06-June,3-Tuesday,16:00,1600 Hours,District 6 (East Central),INDEPENDENCE,BUCHANAN,IA 150,IA 150/3RD AVE SE,Collision with:  Vehicle in traffic,On Roadway,Rear-end (front to rear),Followed too close,None Indicated,,Daylight,Dry,Cloudy,None apparent,Non-intersection:  Non-junction/no special feature,Paved,,Property Damage Only,0,0,0,0,0,0,5000,2,8,,POINT (-91.890275816152 42.454046453267)
2014804682,,06/17/2014,06-June,3-Tuesday,09:55,0900 Hours,District 4 (Southwest),ADEL,DALLAS,,Co Rd F51/280TH ST,Collision with:  Vehicle in traffic,On Roadway,"Angle, oncoming left turn",Crossed centerline (undivided),None Indicated,,Daylight,Dry,Clear,None apparent,Non-intersection:  Driveway access (within),Paved,,Property Damage Only,0,0,0,0,0,0,8000,2,4,,POINT (-94.038561881744 41.625696801735)
2014804683,,06/17/2014,06-June,3-Tuesday,09:55,0900 Hours,District 5 (Southeast),,LUCAS,US 65,US 65,Collision with:  Animal,On Roadway,Non-collision (single vehicle),Animal,None Indicated,,Dark - roadway not lighted,Dry,Clear,None apparent,Non-intersection:  Non-junction/no special feature,Paved,,Property Damage Only,0,0,0,0,0,0,4000,1,1,,POINT (-93.4834286138 41.144871643629)
2014804124,201400029078,06/17/2014,06-June,3-Tuesday,06:57,0600 Hours,District 5 (Southeast),OTTUMWA,WAPELLO,US 34,US 34,Non-collision events:  Overturn/rollover,On Roadway,Non-collision (single vehicle),Lost Control,None Indicated,,Daylight,Dry,Clear,None apparent,Intersection:  Other intersection (explain in narrative),Paved,,Property Damage Only,0,0,0,0,0,0,100000,1,1,,POINT (-92.404710307043 41.001191836984)
2014803944,14-19050,06/17/2014,06-June,3-Tuesday,09:50,0900 Hours,District 3 (Northwest),SIOUX CITY,WOODBURY,,4TH ST & PIERCE ST,Collision with:  Vehicle in traffic,On Roadway,Broadside (front to side),Ran Traffic Signal,None Indicated,,Daylight,Dry,Clear,None apparent,Intersection:  Four-way intersection,Paved,,Possible/Unknown,0,1,0,0,1,0,7000,2,4,,POINT (-96.404935189804 42.494164818587)
2014803675,20140017070,06/17/2014,06-June,3-Tuesday,12:03,1200 Hours,District 1 (Central),DES MOINES,POLK,,KINGMAN BLVD & 31ST ST,Collision with:  Vehicle in traffic,On Roadway,Broadside (front to side),Ran Stop Sign,None Indicated,,Daylight,Dry,Clear,None apparent,Intersection:  Four-way intersection,Paved,,Property Damage Only,0,0,0,0,0,0,14000,2,2,,POINT (-93.659356048119 41.596566901577)