Iowa DOT Case Number,Law Enforcement Case Number,Date of Crash,Month of Crash,Day of Week,Time of Crash,Hour,DOT District,City Name,County Name,Route with System,Location Description,First Harmful Event,Location of First Harmful Event,Manner of Crash/Collision,Major Cause,Drug or Alcohol ,Environmental Conditions,Light Conditions,Surface Conditions,Weather Conditions,Roadway Contribution,Roadway Type,Roadway Surface,Work Zone,Crash Severity,Number of Fatalities,Number of Injuries,Number of Major Injuries,Number of Minor Injuries,Number of Possible Injuries,Number of Unknown Injuries,Amount of Property Damage,Number of Vehicles Involved,Total Number of Occupants,Travel Direction,Location
2014808137,N14000266,06/17/2014,06-June,3-Tuesday,17:40,1700 Hours,District 6 (East Central),NORTH LIBERTY,JOHNSON,,Co Rd F28/250TH ST,Collision with:  Vehicle in traffic,On Roadway,Rear-end (front to rear),Unknown,None Indicated,,Daylight,Dry,Clear,None apparent,Non-intersection:  Non-junction/no special feature,Paved,,Property Damage Only,0,0,0,0,0,0,3000,2,3,,POINT (-91.63964719574 41.752451926374)
2014803999,14-132,06/17/2014,06-June,3-Tuesday,16:00,1600 Hours,District 2 (Northeast),WAVERLY,BREMER,IA 116,IA 116/4TH ST SW,Collision with:  Vehicle in traffic,On Roadway,"Sideswipe, same direction",Unknown,None Indicated,,Daylight,Dry,Cloudy,None apparent,Non-intersection:  Non-junction/no special feature,Paved,,Property Damage Only,0,0,0,0,0,0,1500,2,2,,POINT (-92.475651318821 42.69881620694)
2014804127,201400029354,06/18/2014,06-June,4-Wednesday,18:14,1800 Hours,District 5 (Southeast),OTTUMWA,WAPELLO,,W FINLEY AVE & LYNWOOD AVE,Non-collision events:  Other non-collision (explain in narrative),On Roadway,Non-collision (single vehicle),Other (explain in narrative):  No improper action,None Indicated,,Daylight,Dry,Clear,None apparent,Non-intersection:  Non-junction/no special feature,Paved,,Minor Injury,0,1,0,1,0,0,500,1,2,,POINT (-92.439055284843 41.001985652247)
2014805035,14012576,06/18/2014,06-June,4-Wednesday,12:54,1200 Hours,District 6 (East Central),MARION,LINN,,6TH AVE & 19TH ST,Collision with:  Vehicle in traffic,On Roadway,"Sideswipe, same direction",FTYROW:  Other (explain in narrative),None Indicated,,Daylight,Dry,Clear,None apparent,Non-intersection:  Non-junction/no special feature,Paved,,Property Damage Only,0,0,0,0,0,0,4000,2,2,,POINT (-91.591062205084 42.032347914961)
2014804097,14-025238,06/18/2014,06-June,4-Wednesday,22:08,2200 Hours,District 4 (Southwest),COUNCIL BLUFFS,POTTAWATTAMIE,,AVE C,Non-collision events:  Other non-collision (explain in narrative),On Roadway,Non-collision (single vehicle),Other (explain in narrative):  Other,None Indicated,,Dark - roadway not lighted,Dry,Clear,None apparent,Non-intersection:  Non-junction/no special feature,Paved,,Minor Injury,0,1,0,1,0,0,0,1,0,,POINT (-95.856710672605 41.264444997119)
2014804805,S14-F1801,06/18/2014,06-June,4-Wednesday,05:45,0500 Hours,District 5 (Southeast),,CLARKE,,Co Rd H45/ELK ST,Collision with:  Animal,,,Animal,None Indicated,,,,,,,Unpaved,,Property Damage Only,0,0,0,0,0,0,3000,1,1,,POINT (-93.688019454273 40.975623943898)
2014803867,20140017151,06/18/2014,06-June,4-Wednesday,07:00,0700 Hours,District 1 (Central),DES MOINES,POLK,,DAY ST & 5TH AVE,Collision with:  Vehicle in traffic,On Roadway,Broadside (front to side),FTYROW:  Making right turn on red signal,None Indicated,,Daylight,Dry,Cloudy,None apparent,Intersection:  Four-way intersection,Paved,,Property Damage Only,0,0,0,0,0,0,3000,2,2,,POINT (-93.624662840443 41.596184174976)
2014804075,14-002656,06/18/2014,06-June,4-Wednesday,22:05,2200 Hours,District 1 (Central),ANKENY,POLK,,SE NATIONAL DR & SE DELAWARE AVE,Collision with fixed object:  Utility pole/light support,On Roadway,Non-collision (single vehicle),Other (explain in narrative):  No improper action,None Indicated,,Dark - roadway lighted,Dry,Clear,None apparent,Non-intersection:  Non-junction/no special feature,Paved,,Property Damage Only,0,0,0,0,0,0,2500,1,1,,POINT (-93.581278295871 41.704848944279)
2014804078,20140017160,06/18/2014,06-June,4-Wednesday,08:26,0800 Hours,District 1 (Central),DES MOINES,POLK,I-235,I-235,Collision with:  Vehicle in traffic,On Roadway,Rear-end (front to rear),FTYROW:  Other (explain in narrative),None Indicated,,Daylight,Wet,Rain,None apparent,Non-intersection:  Non-junction/no special feature,Paved,,Property Damage Only,0,0,0,0,0,0,2000,2,2,,POINT (-93.655241869939 41.593158667713)
2014809898,20142142,06/18/2014,06-June,4-Wednesday,17:18,1700 Hours,District 1 (Central),,GRUNDY,US 20,US 20,Collision with:  Vehicle in traffic,On Roadway,Rear-end (front to rear),Unknown,None Indicated,,Daylight,Dry,Cloudy,None apparent,Non-intersection:  Non-junction/no special feature,Paved,,Property Damage Only,0,0,0,0,0,0,4500,2,3,,POINT (-92.744631871882 42.462952692887)
2014804294,14-19203,06/18/2014,06-June,4-Wednesday,15:26,1500 Hours,District 3 (Northwest),SIOUX CITY,WOODBURY,I-29,I-29 & IA 12/GORDON DR & NEBRASKA ST,Collision with:  Vehicle in traffic,On Roadway,Broadside (front to side),Ran Traffic Signal,None Indicated,,Daylight,Dry,Clear,None apparent,Intersection:  Four-way intersection,Paved,,Property Damage Only,0,0,0,0,0,0,3500,2,3,,POINT (-96.403429278608 42.489734371174)
2014810238,2014-003463,06/18/2014,06-June,4-Wednesday,16:47,1600 Hours,District 6 (East Central),,BENTON,,Co Rd E44/70 ST,Collision with fixed object:  Ditch,Outside trafficway,Non-collision (single vehicle),Ran off road - right,None Indicated,,Daylight,Dry,Clear,None apparent,Non-intersection:  Non-junction/no special feature,Paved,,Property Damage Only,0,0,0,0,0,0,3000,1,1,,POINT (-92.014838312833 42.007181792753)
2014803955,14-19157,06/18/2014,06-June,4-Wednesday,07:53,0700 Hours,District 3 (Northwest),SIOUX CITY,WOODBURY,,16TH ST,Collision with:  Vehicle in traffic,On Roadway,Broadside (front to side),FTYROW:  From driveway,None Indicated,,Daylight,Dry,Clear,None apparent,Non-intersection:  Driveway access (within),Paved,,Property Damage Only,0,0,0,0,0,0,2000,2,3,,POINT (-96.372748627756 42.506535340392)
2014803878,14-025089,06/18/2014,06-June,4-Wednesday,03:07,0300 Hours,District 4 (Southwest),COUNCIL BLUFFS,POTTAWATTAMIE,,23RD AVE & S 24TH ST,Collision with:  Vehicle in traffic,On Roadway,Rear-end (front to rear),Followed too close,Alcohol (Statutory),,Dark - roadway lighted,Dry,Clear,None apparent,Non-intersection:  Non-junction/no special feature,Paved,,Property Damage Only,0,0,0,0,0,0,12050,2,2,,POINT (-95.879527622017 41.23907265805)
2014804243,14025449,06/18/2014,06-June,4-Wednesday,13:39,1300 Hours,District 5 (Southeast),MUSCATINE,MUSCATINE,IA 22,IA 22/PARK AVE & LAKE PARK BLVD,Collision with:  Vehicle in traffic,On Roadway,Broadside (front to side),Ran Traffic Signal,None Indicated,,Daylight,Dry,Cloudy,None apparent,Intersection:  Four-way intersection,Paved,,Possible/Unknown,0,1,0,0,0,1,9500,3,3,,POINT (-91.030319961002 41.447390633071)
2014804429,P14-007261,06/18/2014,06-June,4-Wednesday,15:41,1500 Hours,District 1 (Central),WEBSTER CITY,HAMILTON,,DIVISION ST & DES MOINES ST,Collision with:  Vehicle in traffic,On Roadway,Broadside (front to side),FTYROW:  From stop sign,None Indicated,,Daylight,Dry,Clear,None apparent,Intersection:  Four-way intersection,Paved,,Property Damage Only,0,0,0,0,0,0,5000,2,3,,POINT (-93.82149299349 42.467551979931)
2014804200,01-14-26486,06/18/2014,06-June,4-Wednesday,16:12,1600 Hours,District 6 (East Central),DUBUQUE,DUBUQUE,,DEVON DR,Collision with:  Vehicle in traffic,On Roadway,Broadside (front to side),Other (explain in narrative):  Other,None Indicated,,Daylight,Dry,Cloudy,None apparent,Non-intersection:  Non-junction/no special feature,Paved,,Property Damage Only,0,0,0,0,0,0,4500,2,2,,POINT (-90.701320367678 42.491737586599)
2014803868,20140017162,06/18/2014,06-June,4-Wednesday,08:54,0800 Hours,District 1 (Central),DES MOINES,POLK,IA 28,IA 28/MERLE HAY RD & NW MEREDITH DR,Collision with:  Vehicle in traffic,On Roadway,Head-on (front to front),FTYROW:  Making left turn,None Indicated,,Daylight,Wet,Rain,None apparent,Intersection:  Four-way intersection,Paved,,Property Damage Only,0,0,0,0,0,0,5000,2,6,,POINT (-93.697699600309 41.643925559359)
2014804054,201408656,06/18/2014,06-June,4-Wednesday,12:27,1200 Hours,District 6 (East Central),CEDAR RAPIDS,LINN,,9TH AVE SW & 4TH ST SW,Collision with:  Vehicle in traffic,On Roadway,Head-on (front to front),Lost Control,None Indicated,,Daylight,Dry,Cloudy,None apparent,Non-intersection:  Non-junction/no special feature,Paved,,Property Damage Only,0,0,0,0,0,0,7500,2,2,,POINT (-91.674701739555 41.967462403243)
2014804408,14-875,06/18/2014,06-June,4-Wednesday,11:46,1100 Hours,District 3 (Northwest),SPIRIT LAKE,DICKINSON,,23RD ST & KEOKUK AVE,Collision with:  Vehicle in traffic,On Roadway,"Angle, oncoming left turn",FTYROW:  From stop sign,None Indicated,,Daylight,Dry,Cloudy,None apparent,Intersection:  Four-way intersection,Paved,,Property Damage Only,0,0,0,0,0,0,3500,2,2,,POINT (-95.106277934459 43.418384075774)
2014804788,2014-12901,06/18/2014,06-June,4-Wednesday,13:56,1300 Hours,District 5 (Southeast),INDIANOLA,WARREN,US 65,US 65/N JEFFERSON WAY,Collision with:  Vehicle in traffic,On Roadway,Rear-end (front to rear),Lost Control,None Indicated,,Daylight,Dry,Cloudy,None apparent,Non-intersection:  Driveway access (within),Paved,,Property Damage Only,0,0,0,0,0,0,1500,2,4,,POINT (-93.558348354678 41.365061404665)
2014804092,14-025155,06/18/2014,06-June,4-Wednesday,13:39,1300 Hours,District 4 (Southwest),COUNCIL BLUFFS,POTTAWATTAMIE,I-29,I-29,Collision with:  Vehicle in traffic,On Roadway,"Sideswipe, same direction",Improper or erratic lane changing,None Indicated,,Daylight,Dry,Cloudy,None apparent,Non-intersection:  Non-junction/no special feature,Paved,,Property Damage Only,0,0,0,0,0,0,1950,2,3,,POINT (-95.845851261855 41.231804835946)
2014804145,14060584,06/18/2014,06-June,4-Wednesday,14:53,1400 Hours,District 2 (Northeast),CEDAR FALLS,BLACK HAWK,,15TH ST & TREMONT ST,Collision with:  Vehicle in traffic,On Roadway,Broadside (front to side),FTYROW:  At uncontrolled intersection,None Indicated,,Daylight,Dry,Clear,None apparent,Intersection:  Four-way intersection,Paved,,Property Damage Only,0,0,0,0,0,0,7000,2,4,,POINT (-92.450858266025 42.524908641601)
2014804443,2014006659,06/18/2014,06-June,4-Wednesday,20:04,2000 Hours,District 6 (East Central),IOWA CITY,JOHNSON,IA 1,IA 1/E BURLINGTON ST & S GILBERT ST,Collision with:  Non-motorist (see non-motorist section - NOT a unit),On Roadway,Non-collision (single vehicle),FTYROW:  To pedestrian,Alcohol (< Statutory),,Daylight,Dry,Clear,None apparent,Intersection:  Four-way intersection,Paved,,Possible/Unknown,0,1,0,0,1,0,100,1,1,,POINT (-91.530185894371 41.65784729048)
2014804081,20140017205,06/18/2014,06-June,4-Wednesday,15:38,1500 Hours,District 1 (Central),DES MOINES,POLK,,N UNION ST & E SHERIDAN AVE,Collision with:  Vehicle in traffic,On Roadway,"Sideswipe, opposite direction","Operating vehicle in an reckless, erratic, careless, negligent manner",None Indicated,,Daylight,Dry,Cloudy,None apparent,Intersection:  Four-way intersection,Paved,,Property Damage Only,0,0,0,0,0,0,2000,2,3,,POINT (-93.610235497274 41.618635603482)
2014804083,20140017208,06/18/2014,06-June,4-Wednesday,16:23,1600 Hours,District 1 (Central),DES MOINES,POLK,,KEOSAUQUA WAY,Collision with:  Vehicle in traffic,On Roadway,Rear-end (front to rear),Followed too close,None Indicated,,Daylight,Dry,Clear,None apparent,Non-intersection:  Non-junction/no special feature,Paved,,Property Damage Only,0,0,0,0,0,0,3600,2,2,,POINT (-93.63438916058 41.594455570925)
2014804236,201408673,06/18/2014,06-June,4-Wednesday,16:50,1600 Hours,District 6 (East Central),CEDAR RAPIDS,LINN,I-380,I-380,Non-collision events:  Other non-collision (explain in narrative),On Roadway,"Sideswipe, same direction",Unknown,None Indicated,,Daylight,Dry,Cloudy,None apparent,"Interchange-related:  Off-ramp, diverge area",Paved,,Property Damage Only,0,0,0,0,0,0,1500,2,2,,POINT (-91.666131904406 41.98256601895)
2014803796,14-20748,06/18/2014,06-June,4-Wednesday,10:38,1000 Hours,District 5 (Southeast),BURLINGTON,DES MOINES,,AMELIA ST & GUNNISON ST,Collision with:  Vehicle in traffic,On Roadway,Rear-end (front to rear),Other (explain in narrative):  Vision obstructed,None Indicated,,Daylight,Dry,Cloudy,None apparent,Non-intersection:  Non-junction/no special feature,Paved,,Property Damage Only,0,0,0,0,0,0,2500,2,2,,POINT (-91.11747162093 40.805183301724)
2014803857,20140017185,06/18/2014,06-June,4-Wednesday,11:58,1100 Hours,District 1 (Central),DES MOINES,POLK,,N WATERBURY RD & 57TH ST,Collision with fixed object:  Utility pole/light support,On Roadway,Non-collision (single vehicle),Ran off road - right,None Indicated,,Daylight,Dry,Clear,None apparent,Non-intersection:  Non-junction/no special feature,Paved,,Property Damage Only,0,0,0,0,0,0,5500,1,1,,POINT (-93.694743000951 41.587756599476)
2014815871,2014-40254,06/18/2014,06-June,4-Wednesday,03:39,0300 Hours,District 6 (East Central),DAVENPORT,SCOTT,,W 4TH ST & N LINCOLN AVE,Collision with fixed object:  Guardrail - face,On Roadway,Non-collision (single vehicle),Lost Control,Alcohol (Statutory),,Dark - roadway lighted,Dry,Clear,None apparent,Intersection:  Y-intersection,Paved,,Property Damage Only,0,0,0,0,0,0,11000,1,1,,POINT (-90.612952947338 41.523370601223)
2014804096,14-025196,06/18/2014,06-June,4-Wednesday,17:25,1700 Hours,District 4 (Southwest),COUNCIL BLUFFS,POTTAWATTAMIE,,23RD AVE,Collision with:  Vehicle in traffic,On Roadway,Rear-end (front to rear),Followed too close,None Indicated,,Daylight,Dry,Clear,None apparent,Non-intersection:  Non-junction/no special feature,Paved,,Possible/Unknown,0,1,0,0,1,0,2000,2,3,,POINT (-95.854028979418 41.239329753642)
2014803834,14012569,06/18/2014,06-June,4-Wednesday,09:39,0900 Hours,District 6 (East Central),MARION,LINN,,1ST AVE,Collision with:  Parked motor vehicle,On Roadway,"Sideswipe, same direction",Other (explain in narrative):  Other,None Indicated,,Daylight,Dry,Clear,None apparent,Non-intersection:  Non-junction/no special feature,Paved,,Property Damage Only,0,0,0,0,0,0,1500,2,777,,POINT (-91.583695681449 42.027880159885)
2014804297,14-19238,06/18/2014,06-June,4-Wednesday,19:45,1900 Hours,District 3 (Northwest),SIOUX CITY,WOODBURY,,5TH ST,Collision with:  Vehicle in traffic,On Roadway,"Sideswipe, same direction",Other (explain in narrative):  Other,None Indicated,,Daylight,Dry,Clear,None apparent,Non-intersection:  Other non-intersection (explain in narrative),Paved,,Property Damage Only,0,0,0,0,0,0,1600,2,3,,POINT (-96.40239214828 42.495284948871)
2014805231,,06/18/2014,06-June,4-Wednesday,05:30,0500 Hours,District 3 (Northwest),GEORGE,LYON,,E DAKOTA AVE,Collision with:  Animal,On Roadway,Non-collision (single vehicle),Animal,None Indicated,,Dawn,Dry,Cloudy,,Non-intersection:  Non-junction/no special feature,Paved,,Property Damage Only,0,0,0,0,0,0,4710,1,1,,POINT (-95.990156909258 43.345814710202)
2014804498,1400000529,06/18/2014,06-June,4-Wednesday,00:29,0000 Hours,District 1 (Central),,MARSHALL,IA 14,IA 14/SANFORD AVE,Collision with:  Animal,,,Animal,None Indicated,,,,,,,Paved,,Property Damage Only,0,0,0,0,0,0,4500,1,1,,POINT (-92.908147353989 42.067276658786)
2014804101,14-12259,06/18/2014,06-June,4-Wednesday,18:08,1800 Hours,District 6 (East Central),,SCOTT,,Co Rd F45/240 ST,Non-collision events:  Other non-collision (explain in narrative),On Roadway,Non-collision (single vehicle),Ran off road - right,None Indicated,,Daylight,Dry,Clear,None apparent,Non-intersection:  Non-junction/no special feature,Paved,,Minor Injury,0,1,0,1,0,0,3000,1,1,,POINT (-90.4500943018 41.655380784023)
2014804068,0618141A,06/18/2014,06-June,4-Wednesday,06:00,0600 Hours,District 4 (Southwest),,PAGE,IA 48,IA 48/IOWA 48,Collision with:  Animal,,,Animal,None Indicated,,,,,,,Paved,,Property Damage Only,0,0,0,0,0,0,3500,1,1,,POINT (-95.232620584023 40.889480983506)
2014805407,,06/18/2014,06-June,4-Wednesday,16:49,1600 Hours,District 2 (Northeast),NEW HAMPTON,CHICKASAW,IA 24,IA 24/E MAIN ST & E SPRING ST,Collision with:  Vehicle in traffic,On Roadway,Rear-end (front to rear),FTYROW:  Other (explain in narrative),None Indicated,,Daylight,Dry,Cloudy,None apparent,Non-intersection:  Non-junction/no special feature,Paved,,Major Injury,0,2,1,0,1,0,10300,2,3,,POINT (-92.299949155273 43.059500180252)
2014803843,14-025436,06/18/2014,06-June,4-Wednesday,11:11,1100 Hours,District 5 (Southeast),MUSCATINE,MUSCATINE,,FULLIAM AVE & LOGAN ST,Collision with:  Vehicle in traffic,On Roadway,Broadside (front to side),FTYROW:  From stop sign,None Indicated,,Daylight,Wet,Rain,None apparent,Intersection:  Four-way intersection,Paved,,Property Damage Only,0,0,0,0,0,0,4400,2,2,,POINT (-91.06490510382 41.430828662882)
2014804493,20141044,06/18/2014,06-June,4-Wednesday,17:36,1700 Hours,District 6 (East Central),MOUNT VERNON,LINN,US 30,US 30 & IA 1/S 1ST AVE,Collision with:  Vehicle in traffic,On Roadway,Broadside (front to side),FTYROW:  From yield sign,None Indicated,,Daylight,Dry,Clear,None apparent,Intersection:  Other intersection (explain in narrative),Paved,,Possible/Unknown,0,1,0,0,1,0,7200,2,2,,POINT (-91.42303161786 41.916096536333)
2014804017,CL14002025,06/18/2014,06-June,4-Wednesday,07:46,0700 Hours,District 6 (East Central),CLINTON,CLINTON,,S BLUFF BLVD,Collision with:  Vehicle in traffic,On Roadway,Head-on (front to front),Crossed centerline (undivided),None Indicated,,Daylight,Dry,Cloudy,None apparent,Non-intersection:  Non-junction/no special feature,Paved,,Possible/Unknown,0,3,0,0,3,0,9000,2,3,,POINT (-90.221596394482 41.834827037039)
2014804002,061814-100,06/18/2014,06-June,4-Wednesday,00:00,0000 Hours,District 3 (Northwest),,BUENA VISTA,,Co Rd C29/510TH ST,Non-collision events:  Other non-collision (explain in narrative),On Roadway,Non-collision (single vehicle),FTYROW:  Other (explain in narrative),None Indicated,,Dark - roadway not lighted,Wet,Cloudy,Debris,Non-intersection:  Non-junction/no special feature,Paved,,Property Damage Only,0,0,0,0,0,0,4000,1,3,,POINT (-95.083751445076 42.777746374797)
2014803808,14089106,06/18/2014,06-June,4-Wednesday,13:12,1300 Hours,District 6 (East Central),,JOHNSON,,Co Rd W66/DUBUQUE ST,Collision with:  Vehicle in traffic,On Roadway,Rear-end (front to rear),Followed too close,None Indicated,,Daylight,Dry,Cloudy,None apparent,Non-intersection:  Driveway access (within),Paved,,Possible/Unknown,0,1,0,0,1,0,9500,3,6,,POINT (-91.578515444718 41.733662225406)
2014819439,,06/18/2014,06-June,4-Wednesday,21:10,2100 Hours,District 6 (East Central),CAMANCHE,CLINTON,US 67,US 67,Collision with:  Animal,On Roadway,Non-collision (single vehicle),Animal,None Indicated,,Dark - roadway not lighted,Dry,Clear,None apparent,Non-intersection:  Non-junction/no special feature,Paved,,Fatal,1,0,0,0,0,0,4000,1,1,,POINT (-90.282926216792 41.782746632751)
2014804220,201400002088,06/18/2014,06-June,4-Wednesday,22:40,2200 Hours,District 6 (East Central),SPRINGVILLE,LINN,US 151,US 151/DUBUQUE RD & Co Rd X20/SPRINGVILLE RD,Collision with:  Animal,,,Animal,None Indicated,,,,,,,Paved,,Property Damage Only,0,0,0,0,0,0,3500,1,1,,POINT (-91.44325151937 42.049450169908)
2014805761,14-133,06/18/2014,06-June,4-Wednesday,17:23,1700 Hours,District 2 (Northeast),WAVERLY,BREMER,,35TH ST NW,Non-collision events:  Overturn/rollover,On Roadway,Non-collision (single vehicle),Swerving/Evasive Action,None Indicated,,Daylight,Dry,Cloudy,None apparent,Non-intersection:  Non-junction/no special feature,Paved,,Possible/Unknown,0,1,0,0,1,0,5000,1,1,,POINT (-92.512043214716 42.732018247497)
2014804199,01-14-26485,06/18/2014,06-June,4-Wednesday,16:05,1600 Hours,District 6 (East Central),DUBUQUE,DUBUQUE,,ASBURY RD & CHANEY RD,Collision with:  Vehicle in traffic,On Roadway,Broadside (front to side),Ran Traffic Signal,None Indicated,,Daylight,Dry,Cloudy,None apparent,Intersection:  Four-way intersection,Paved,,Minor Injury,0,1,0,1,0,0,3500,2,2,,POINT (-90.708031905745 42.508198570661)
2014804219,201400002087,06/18/2014,06-June,4-Wednesday,22:00,2200 Hours,District 6 (East Central),SPRINGVILLE,LINN,US 151,US 151/DUBUQUE RD & Co Rd X20/SPRINGVILLE RD,Collision with:  Animal,,,Animal,None Indicated,,,,,,,Paved,,Property Damage Only,0,0,0,0,0,0,4500,1,1,,POINT (-91.44325151937 42.049450169908)
2014804094,14-025169,06/18/2014,06-June,4-Wednesday,15:21,1500 Hours,District 4 (Southwest),COUNCIL BLUFFS,POTTAWATTAMIE,US 275,US 275/VETERANS MEMORIAL HWY & METRO DR & TANK FARM RD,Collision with:  Vehicle in traffic,On Roadway,"Angle, oncoming left turn",FTYROW:  Making left turn,None Indicated,,Daylight,Dry,Clear,None apparent,Intersection:  Four-way intersection,Paved,,Property Damage Only,0,0,0,0,0,0,8500,2,3,,POINT (-95.836260073354 41.218306882221)
2014804571,14-1336,06/18/2014,06-June,4-Wednesday,14:03,1400 Hours,District 1 (Central),URBANDALE,POLK,,DOUGLAS AVE & 79TH ST & DENNIS DR,Collision with:  Vehicle in traffic,On Roadway,Broadside (front to side),FTYROW:  Making left turn,None Indicated,,Daylight,Dry,Cloudy,None apparent,Intersection:  Four-way intersection,Paved,,Property Damage Only,0,0,0,0,0,0,14000,2,2,,POINT (-93.726773984044 41.629252893875)
2014803992,W14-060524,06/18/2014,06-June,4-Wednesday,11:30,1100 Hours,District 2 (Northeast),WATERLOO,BLACK HAWK,US 63,US 63/E MULLAN AVE & CONGER ST & NEWELL ST,Collision with:  Vehicle in traffic,On Roadway,Broadside (front to side),Ran Traffic Signal,None Indicated,,Daylight,Dry,Clear,Work Zone (roadway-related),Intersection:  Four-way intersection,Paved,Yes,Property Damage Only,0,0,0,0,0,0,8000,2,2,,POINT (-92.336668908825 42.513191407848)
2014804142,14V06118,06/18/2014,06-June,4-Wednesday,12:05,1200 Hours,District 6 (East Central),VINTON,BENTON,,E 13TH ST & S 8TH AVE,Collision with:  Vehicle in traffic,On Roadway,Broadside (front to side),FTYROW:  From stop sign,None Indicated,,Daylight,Dry,Cloudy,None apparent,Intersection:  T-intersection,Paved,,Property Damage Only,0,0,0,0,0,0,2400,2,3,,POINT (-92.01549478974 42.159386558922)
2014804024,14-20733,06/18/2014,06-June,4-Wednesday,07:21,0700 Hours,District 5 (Southeast),WEST BURLINGTON,DES MOINES,,S BROADWAY ST,Collision with:  Vehicle in traffic,On Roadway,Rear-end (front to rear),Improper Backing,None Indicated,,Daylight,Dry,Cloudy,None apparent,Non-intersection:  Non-junction/no special feature,Paved,,Property Damage Only,0,0,0,0,0,0,2000,2,1,,POINT (-91.156550231235 40.825956010999)
2014819369,1406-042,06/18/2014,06-June,4-Wednesday,08:45,0800 Hours,District 3 (Northwest),SIBLEY,OSCEOLA,,2ND AVE & 5TH ST W,Collision with:  Vehicle in traffic,On Roadway,Rear-end (front to rear),Improper Backing,None Indicated,,Daylight,Dry,Clear,None apparent,Non-intersection:  Non-junction/no special feature,Paved,,Property Damage Only,0,0,0,0,0,0,5000,2,4,,POINT (-95.751226122628 43.404003264345)
2014804349,,06/18/2014,06-June,4-Wednesday,12:35,1200 Hours,District 5 (Southeast),FORT MADISON,LEE,,AVE O,Collision with:  Vehicle in traffic,On Roadway,Broadside (front to side),FTYROW:  Other (explain in narrative),None Indicated,,Daylight,Dry,Clear,None apparent,Non-intersection:  Driveway access (within),Paved,,Property Damage Only,0,0,0,0,0,0,2000,2,5,,POINT (-91.373528503349 40.623987902163)
2014804201,01-14-26492,06/18/2014,06-June,4-Wednesday,16:43,1600 Hours,District 6 (East Central),DUBUQUE,DUBUQUE,,E 17TH ST & JACKSON ST,Collision with:  Vehicle in traffic,On Roadway,Rear-end (front to rear),Lost Control,None Indicated,,Daylight,Dry,Cloudy,None apparent,Intersection:  Other intersection (explain in narrative),Paved,,Possible/Unknown,0,3,0,0,3,0,3000,2,4,,POINT (-90.667105280407 42.509371494146)
2014804313,2014035841,06/18/2014,06-June,4-Wednesday,11:00,1100 Hours,District 6 (East Central),CORALVILLE,JOHNSON,I-80,I-80,Non-collision events:  Overturn/rollover,On Roadway,Non-collision (single vehicle),Driving too fast for conditions,None Indicated,,Daylight,Dry,Cloudy,None apparent,Interchange-related:  On-ramp merge area,Paved,,Major Injury,0,1,1,0,0,0,30000,1,1,,POINT (-91.639370525165 41.694336723141)
2014806509,,06/18/2014,06-June,4-Wednesday,19:22,1900 Hours,District 2 (Northeast),,WORTH,IA 9,IA 9/IOWA 9 & VINE AVE,Collision with:  Vehicle in traffic,On Roadway,"Angle, oncoming left turn",FTYROW:  From stop sign,None Indicated,,Daylight,Dry,Clear,None apparent,Intersection:  T-intersection,Paved,,Property Damage Only,0,0,0,0,0,0,3500,2,2,,POINT (-93.083826831573 43.284308774196)
2014804880,14-11409,06/18/2014,06-June,4-Wednesday,22:58,2200 Hours,District 6 (East Central),BETTENDORF,SCOTT,,MIDDLE RD & KIMBERLY RD,Collision with:  Vehicle in traffic,On Roadway,"Angle, oncoming left turn",FTYROW:  Making left turn,None Indicated,,Dark - roadway lighted,Dry,Clear,None apparent,Intersection:  Four-way intersection,Paved,,Property Damage Only,0,0,0,0,0,0,15000,2,2,,POINT (-90.522565636245 41.53847091297)
2014803850,20140017163,06/18/2014,06-June,4-Wednesday,09:35,0900 Hours,District 1 (Central),DES MOINES,POLK,US 69,US 69/SE 14TH ST,Collision with:  Vehicle in traffic,On Roadway,Rear-end (front to rear),Followed too close,None Indicated,,Daylight,Wet,Rain,None apparent,Non-intersection:  Non-junction/no special feature,Paved,,Property Damage Only,0,0,0,0,0,0,5000,2,3,,POINT (-93.596853189676 41.581010570597)
2014805291,14-0709,06/18/2014,06-June,4-Wednesday,13:30,1300 Hours,District 4 (Southwest),CLIVE,DALLAS,,SHERIDAN AVE & NW 159TH ST,Collision with fixed object:  Utility pole/light support,Roadside,Non-collision (single vehicle),Other (explain in narrative):  Other,None Indicated,,Daylight,Dry,Cloudy,None apparent,Non-intersection:  Driveway access (within),Paved,,Property Damage Only,0,0,0,0,0,0,2050,1,1,,POINT (-93.837082403755 41.617576868376)
2014805340,201400029351,06/18/2014,06-June,4-Wednesday,17:50,1700 Hours,District 5 (Southeast),OTTUMWA,WAPELLO,,W FINLEY AVE & S FERRY ST & N FERRY ST,Collision with:  Vehicle in traffic,On Roadway,Rear-end (front to rear),Followed too close,None Indicated,,Daylight,Dry,Clear,None apparent,Intersection:  Four-way intersection,Paved,,Minor Injury,0,1,0,1,0,0,6000,2,2,,POINT (-92.433668807343 41.001986338312)
2014804080,20140017197,06/18/2014,06-June,4-Wednesday,14:06,1400 Hours,District 1 (Central),DES MOINES,POLK,,PARK AVE & SW 9TH ST,Collision with:  Vehicle in traffic,On Roadway,Broadside (front to side),Ran Traffic Signal,None Indicated,,Daylight,Dry,Clear,None apparent,Intersection:  Four-way intersection,Paved,,Property Damage Only,0,0,0,0,0,0,6500,2,4,,POINT (-93.62576912636 41.555420263776)
2014819370,1406-043,06/18/2014,06-June,4-Wednesday,17:25,1700 Hours,District 3 (Northwest),SIBLEY,OSCEOLA,,PIERCE AVE,Collision with:  Vehicle in traffic,On Roadway,Rear-end (front to rear),Traveling wrong way or on wrong side of road,None Indicated,,Daylight,Dry,Cloudy,None apparent,Intersection:  T-intersection,Paved,,Property Damage Only,0,0,0,0,0,0,5000,2,3,,POINT (-95.722674983965 43.404002785136)