Iowa DOT Case Number,Law Enforcement Case Number,Date of Crash,Month of Crash,Day of Week,Time of Crash,Hour,DOT District,City Name,County Name,Route with System,Location Description,First Harmful Event,Location of First Harmful Event,Manner of Crash/Collision,Major Cause,Drug or Alcohol ,Environmental Conditions,Light Conditions,Surface Conditions,Weather Conditions,Roadway Contribution,Roadway Type,Roadway Surface,Work Zone,Crash Severity,Number of Fatalities,Number of Injuries,Number of Major Injuries,Number of Minor Injuries,Number of Possible Injuries,Number of Unknown Injuries,Amount of Property Damage,Number of Vehicles Involved,Total Number of Occupants,Travel Direction,Location
2014804288,2014-12879,06/18/2014,06-June,4-Wednesday,09:55,0900 Hours,District 5 (Southeast),,WARREN,US 65,US 65,Collision with:  Animal,,,Animal,None Indicated,,,,,,,Paved,,Property Damage Only,0,0,0,0,0,0,3500,1,1,,POINT (-93.50050471064 41.240354421516)
2014803847,14-4024,06/18/2014,06-June,4-Wednesday,07:47,0700 Hours,District 1 (Central),,POLK,IA 415,IA 415/2ND AVE,Collision with:  Vehicle in traffic,On Roadway,Rear-end (front to rear),Followed too close,None Indicated,,Daylight,Dry,Cloudy,None apparent,Non-intersection:  Non-junction/no special feature,Paved,,Property Damage Only,0,0,0,0,0,0,10400,3,3,,POINT (-93.620402975534 41.662527166201)
2014803991,W14-060475,06/18/2014,06-June,4-Wednesday,06:42,0600 Hours,District 2 (Northeast),WATERLOO,BLACK HAWK,,E 6TH ST & FRANKLIN ST,Collision with:  Vehicle in traffic,On Roadway,Rear-end (front to rear),Driving too fast for conditions,None Indicated,,Daylight,Wet,Rain,None apparent,Intersection:  Four-way intersection,Paved,,Property Damage Only,0,0,0,0,0,0,4000,2,2,,POINT (-92.331011237576 42.499235529504)
2014804136,14-1806,06/18/2014,06-June,4-Wednesday,08:15,0800 Hours,District 1 (Central),FORT DODGE,WEBSTER,,4TH AVE N,Collision with:  Parked motor vehicle,Shoulder,Broadside (front to side),Improper Backing,None Indicated,,Daylight,Wet,Cloudy,None apparent,Non-intersection:  Non-junction/no special feature,Paved,,Property Damage Only,0,0,0,0,0,0,3000,2,1,,POINT (-94.180112082457 42.510259558221)
2014804089,14-1338,06/18/2014,06-June,4-Wednesday,17:03,1700 Hours,District 1 (Central),URBANDALE,POLK,,MEREDITH DR & 86TH ST,Collision with:  Vehicle in traffic,On Roadway,Rear-end (front to rear),Other (explain in narrative):  Other,None Indicated,,Daylight,Dry,Clear,None apparent,Non-intersection:  Non-junction/no special feature,Paved,,Property Damage Only,0,0,0,0,0,0,2000,2,2,,POINT (-93.736472823976 41.643899841443)
2014804001,14-005482,06/18/2014,06-June,4-Wednesday,10:38,1000 Hours,District 6 (East Central),INDEPENDENCE,BUCHANAN,,1ST ST E & 15TH AVE NE,Collision with:  Vehicle in traffic,On Roadway,Rear-end (front to rear),Driver Distraction:  Manual operation of an electronic communication device,None Indicated,,Daylight,Dry,Cloudy,None apparent,Non-intersection:  Non-junction/no special feature,Paved,,Property Damage Only,0,0,0,0,0,0,3100,2,2,,POINT (-91.876087291943 42.468794755091)
2014804312,2014035767,06/18/2014,06-June,4-Wednesday,05:05,0500 Hours,District 5 (Southeast),,DECATUR,I-35,I-35,Collision with:  Animal,,,Animal,None Indicated,,,,,,,Paved,,Property Damage Only,0,0,0,0,0,0,8500,1,1,,POINT (-93.828727299084 40.808432625865)
2014804069,0618146A,06/18/2014,06-June,4-Wednesday,16:45,1600 Hours,District 4 (Southwest),COIN,PAGE,,Co Rd M41/F AVE,Collision with:  Vehicle in traffic,On Roadway,Broadside (front to side),Made improper turn,None Indicated,,Daylight,"Mud, dirt",Cloudy,None apparent,Non-intersection:  Non-junction/no special feature,Unpaved,,Property Damage Only,0,0,0,0,0,0,4300,2,4,,POINT (-95.277834662476 40.665966341458)
2014804137,S14-6012,06/18/2014,06-June,4-Wednesday,16:47,1600 Hours,District 3 (Northwest),,WOODBURY,US 20,US 20 & CHARLES AVE,Collision with:  Vehicle in traffic,On Roadway,"Angle, oncoming left turn",Crossed centerline (undivided),None Indicated,,Daylight,Dry,Clear,None apparent,Non-intersection:  Crossover-related,Paved,,Property Damage Only,0,0,0,0,0,0,5500,2,2,,POINT (-96.252827869879 42.475139798379)
2014804039,14-018048,06/18/2014,06-June,4-Wednesday,05:07,0500 Hours,District 5 (Southeast),MONTROSE,LEE,US 218,US 218,Collision with:  Animal,,,Animal,None Indicated,,,,,,,Paved,,Property Damage Only,0,0,0,0,0,0,1501,1,1,,POINT (-91.467741634201 40.532976567499)
2014804071,14-002647,06/18/2014,06-June,4-Wednesday,09:54,0900 Hours,District 1 (Central),ANKENY,POLK,US 69,US 69/S ANKENY BLVD/N 14TH ST & IA 160/SW ORALABOR RD/SE ORALABOR RD,Collision with:  Vehicle in traffic,On Roadway,Rear-end (front to rear),Driving too fast for conditions,None Indicated,,Daylight,Wet,Clear,None apparent,Intersection:  Four-way intersection,Paved,,Property Damage Only,0,0,0,0,0,0,2500,2,3,,POINT (-93.600526745399 41.702867490171)
2014804055,201408669,06/18/2014,06-June,4-Wednesday,16:10,1600 Hours,District 6 (East Central),CEDAR RAPIDS,LINN,,EDGEWOOD RD SW,Collision with:  Vehicle in traffic,On Roadway,"Angle, oncoming left turn",Crossed centerline (undivided),None Indicated,,Daylight,Dry,Cloudy,None apparent,Intersection:  Four-way intersection,Paved,,Property Damage Only,0,0,0,0,0,0,10500,2,3,,POINT (-91.71610360732 41.955053670791)
2014804873,S79140197,06/18/2014,06-June,4-Wednesday,18:15,1800 Hours,District 1 (Central),GRINNELL,POWESHIEK,,37TH ST,Non-collision events:  Overturn/rollover,On Roadway,Non-collision (single vehicle),Swerving/Evasive Action,None Indicated,,Daylight,"Mud, dirt",Cloudy,"Surface condition (e.g., wet, icy)",Non-intersection:  Non-junction/no special feature,Unpaved,,Property Damage Only,0,0,0,0,0,0,10000,1,2,,POINT (-92.712837490999 41.714868286401)
2014809334,061814E,06/18/2014,06-June,4-Wednesday,21:55,2100 Hours,District 4 (Southwest),,FREMONT,I-29,I-29,Collision with:  Animal,On Roadway,Non-collision (single vehicle),Animal,None Indicated,,,,,,,Paved,,Property Damage Only,0,0,0,0,0,0,4500,1,1,,POINT (-95.817265206553 40.729149303499)
2014803853,20140017192,06/18/2014,06-June,4-Wednesday,13:10,1300 Hours,District 1 (Central),DES MOINES,POLK,,E 38TH ST,Collision with:  Vehicle in traffic,On Roadway,Broadside (front to side),Ran Stop Sign,None Indicated,,Daylight,Dry,Cloudy,None apparent,Intersection:  Four-way intersection,Paved,,Possible/Unknown,0,2,0,0,2,0,8000,2,3,,POINT (-93.541863016941 41.63703766288)
2014807587,TA14067,06/18/2014,06-June,4-Wednesday,11:11,1100 Hours,District 3 (Northwest),POCAHONTAS,POCAHONTAS,,SW 6TH ST,Collision with:  Vehicle in traffic,On Roadway,"Sideswipe, same direction",Crossed centerline (undivided),None Indicated,,Daylight,Dry,Clear,None apparent,Non-intersection:  Non-junction/no special feature,Paved,,Property Damage Only,0,0,0,0,0,0,1758,2,15,,POINT (-94.677749135166 42.731087941566)
2014804609,14-11397,06/18/2014,06-June,4-Wednesday,17:01,1700 Hours,District 6 (East Central),BETTENDORF,SCOTT,,HILLSIDE DR & WOODLAND LN,Collision with:  Vehicle in traffic,On Roadway,Broadside (front to side),FTYROW:  From stop sign,None Indicated,,Daylight,Dry,Cloudy,None apparent,Intersection:  Four-way intersection,Paved,,Property Damage Only,0,0,0,0,0,0,9000,2,5,,POINT (-90.51266828366 41.551496465099)
2014804086,20140017215,06/18/2014,06-June,4-Wednesday,17:14,1700 Hours,District 1 (Central),DES MOINES,POLK,I-235,I-235,Collision with:  Vehicle in traffic,On Roadway,Rear-end (front to rear),Ran off road - right,None Indicated,,Daylight,Dry,Cloudy,None apparent,Interchange-related:  Off-ramp,Paved,,Property Damage Only,0,0,0,0,0,0,5500,2,2,,POINT (-93.594292233365 41.597390020119)
2014804390,14-008733,06/18/2014,06-June,4-Wednesday,22:30,2200 Hours,District 3 (Northwest),,CLAY,,225TH AVE & 420TH ST,Collision with:  Other non-fixed object (explain in narrative),On Roadway,Non-collision (single vehicle),Other (explain in narrative):  No improper action,None Indicated,,Dark - roadway not lighted,Wet,Cloudy,Debris,Non-intersection:  Non-junction/no special feature,Unpaved,,Property Damage Only,0,0,0,0,0,0,1500,1,1,,POINT (-95.142092762025 43.039293507089)
2014809152,14-002629,06/18/2014,06-June,4-Wednesday,05:30,0500 Hours,District 3 (Northwest),DOON,LYON,,Co Rd A52/260TH ST,Non-collision events:  Other non-collision (explain in narrative),On Roadway,Non-collision (single vehicle),Ran off road - left,None Indicated,,Dawn,Water (standing or moving),Unknown,"Surface condition (e.g., wet, icy)",Non-intersection:  Non-junction/no special feature,Paved,,Possible/Unknown,0,1,0,0,1,0,15000,1,1,,POINT (-96.240877978193 43.272017644084)
2014805016,AP-14-0173,06/18/2014,06-June,4-Wednesday,22:20,2200 Hours,District 6 (East Central),ANAMOSA,JONES,,WAPSIPINICON,Collision with:  Vehicle in traffic,Outside trafficway,Unknown,FTYROW:  From parked position,None Indicated,,Dark - roadway not lighted,Dry,Clear,None apparent,Non-intersection:  Non-junction/no special feature,Paved,,Property Damage Only,0,0,0,0,0,0,1700,2,4,,POINT (-91.278901249937 42.092007306111)
2014805654,2014-40439,06/18/2014,06-June,4-Wednesday,21:40,2100 Hours,District 6 (East Central),DAVENPORT,SCOTT,I-80,I-80,Collision with:  Animal,,,Animal,None Indicated,,,,,,,Paved,,Property Damage Only,0,0,0,0,0,0,3000,1,1,,POINT (-90.673769882286 41.601685760853)
2014805437,14009915,06/18/2014,06-June,4-Wednesday,15:37,1500 Hours,District 2 (Northeast),MASON CITY,CERRO GORDO,,6TH ST NW & N JEFFERSON AVE,Collision with:  Vehicle in traffic,On Roadway,Broadside (front to side),FTYROW:  At uncontrolled intersection,None Indicated,,Daylight,Dry,Cloudy,None apparent,Intersection:  Four-way intersection,Paved,,Property Damage Only,0,0,0,0,0,0,8000,2,2,,POINT (-93.205952697409 43.157232297206)
2014804360,14008731,06/18/2014,06-June,4-Wednesday,07:19,0700 Hours,District 5 (Southeast),MORAVIA,APPANOOSE,,N TRUSSELL AVE,Collision with:  Vehicle in traffic,On Roadway,Broadside (front to side),FTYROW:  From driveway,None Indicated,,Daylight,Dry,Clear,None apparent,Non-intersection:  Driveway access (within),Paved,,Property Damage Only,0,0,0,0,0,0,2750,2,3,,POINT (-92.818050757867 40.892710929132)
2014805204,2014035757,06/18/2014,06-June,4-Wednesday,23:30,2300 Hours,District 1 (Central),PRAIRIE CITY,JASPER,IA 163,IA 163/IOWA 163 W,Collision with fixed object:  Other fixed object (explain in narrative),Shoulder,Non-collision (single vehicle),Ran off road - right,None Indicated,,Dark - roadway not lighted,Dry,Cloudy,None apparent,Non-intersection:  Other non-intersection (explain in narrative),Paved,,Property Damage Only,0,0,0,0,0,0,33000,1,1,,POINT (-93.291242712413 41.601349384408)
2014804059,14-3035,06/18/2014,06-June,4-Wednesday,15:58,1500 Hours,District 6 (East Central),HIAWATHA,LINN,I-380,I-380 & BLAIRS FERRY RD NE,Collision with:  Non-motorist (see non-motorist section - NOT a unit),On Roadway,Non-collision (single vehicle),Other (explain in narrative):  No improper action,None Indicated,,Daylight,Dry,Clear,None apparent,Non-intersection:  Other non-intersection (explain in narrative),Paved,,Possible/Unknown,0,1,0,0,1,0,1500,1,1,,POINT (-91.675309611811 42.034765314075)
2014804242,14008128,06/18/2014,06-June,4-Wednesday,17:51,1700 Hours,District 4 (Southwest),GLENWOOD,MILLS,,SHARP ST & S WALNUT ST & N WALNUT ST,Collision with:  Vehicle in traffic,On Roadway,Rear-end (front to rear),Followed too close,None Indicated,,Daylight,Dry,Clear,None apparent,Intersection:  Four-way intersection,Paved,,Property Damage Only,0,0,0,0,0,0,4000,2,4,,POINT (-95.743259295874 41.046319534046)
2014804365,14060589,06/18/2014,06-June,4-Wednesday,15:27,1500 Hours,District 2 (Northeast),CEDAR FALLS,BLACK HAWK,IA 27,IA 27,Collision with:  Vehicle in traffic,On Roadway,Rear-end (front to rear),Followed too close,None Indicated,,Daylight,Dry,Cloudy,None apparent,Non-intersection:  Non-junction/no special feature,Paved,,Possible/Unknown,0,2,0,0,2,0,13500,3,4,,POINT (-92.447410897803 42.48779704661)
2014805783,14-004845,06/18/2014,06-June,4-Wednesday,13:25,1300 Hours,District 2 (Northeast),VOLGA CITY,CLAYTON,,WHITE ST & WASHINGTON ST,Collision with fixed object:  Other fixed object (explain in narrative),Shoulder,Non-collision (single vehicle),Other (explain in narrative):  No improper action,None Indicated,,Daylight,Dry,Clear,None apparent,Non-intersection:  Non-junction/no special feature,Paved,,Property Damage Only,0,0,0,0,0,0,2000,1,0,,POINT (-91.541023679528 42.8014254938)
2014805184,2014035943,06/18/2014,06-June,4-Wednesday,21:00,2100 Hours,District 1 (Central),,STORY,I-35,I-35,Collision with:  Animal,,,Animal,None Indicated,,,,,,,Paved,,Property Damage Only,0,0,0,0,0,0,1500,1,1,,POINT (-93.570639664855 41.909512477493)
2014805198,201435932,06/18/2014,06-June,4-Wednesday,20:04,2000 Hours,District 5 (Southeast),,HENRY,,Co Rd W55/FRANKLIN AVE,Collision with:  Animal,On Roadway,Non-collision (single vehicle),Animal,None Indicated,,,Dry,,None apparent,Non-intersection:  Non-junction/no special feature,Paved,,Property Damage Only,0,0,0,0,0,0,2500,1,1,,POINT (-91.622050218036 40.914456954726)
2014804082,20140017207,06/18/2014,06-June,4-Wednesday,16:15,1600 Hours,District 1 (Central),DES MOINES,POLK,,E HULL AVE & CORNELL ST,Collision with:  Vehicle in traffic,On Roadway,Broadside (front to side),Ran Stop Sign,None Indicated,,Daylight,Dry,Cloudy,None apparent,Intersection:  Four-way intersection,Paved,,Possible/Unknown,0,1,0,0,1,0,6000,2,2,,POINT (-93.615119310263 41.622266499808)
2014804053,201408675,06/18/2014,06-June,4-Wednesday,18:00,1800 Hours,District 6 (East Central),CEDAR RAPIDS,LINN,,3RD AVE SE & 15TH ST SE,Collision with:  Non-motorist (see non-motorist section - NOT a unit),On Roadway,Non-collision (single vehicle),Other (explain in narrative):  Other,None Indicated,,Daylight,Dry,Cloudy,None apparent,Intersection:  Other intersection (explain in narrative),Paved,,Minor Injury,0,1,0,1,0,0,0,1,1,,POINT (-91.650539775165 41.986391624376)
2014804087,20140017219,06/18/2014,06-June,4-Wednesday,00:00,0000 Hours,District 1 (Central),DES MOINES,POLK,,27TH ST,Collision with:  Vehicle in traffic,Roadside,Unknown,Unknown,None Indicated,,Dark - roadway lighted,Unknown,Unknown,None apparent,Non-intersection:  Non-junction/no special feature,Paved,,Property Damage Only,0,0,0,0,0,0,1500,2,1,,POINT (-93.65329543829 41.589323653401)
2014804072,14-002650,06/18/2014,06-June,4-Wednesday,10:41,1000 Hours,District 1 (Central),ANKENY,POLK,I-35,I-35,Non-collision events:  Other non-collision (explain in narrative),On Roadway,Non-collision (single vehicle),Swerving/Evasive Action,None Indicated,,Daylight,Dry,Clear,None apparent,Non-intersection:  Non-junction/no special feature,Paved,,Property Damage Only,0,0,0,0,0,0,9000,2,2,,POINT (-93.576060761292 41.697984796136)
2014804293,14-19161,06/18/2014,06-June,4-Wednesday,08:00,0800 Hours,District 3 (Northwest),SIOUX CITY,WOODBURY,,NEBRASKA ST,Collision with:  Vehicle in traffic,On Roadway,Rear-end (front to rear),Lost Control,None Indicated,,Daylight,Unknown,Cloudy,Unknown,Non-intersection:  Non-junction/no special feature,Paved,,Property Damage Only,0,0,0,0,0,0,1500,2,1,,POINT (-96.403669398104 42.515669120234)
2014809913,E14-60598,06/18/2014,06-June,4-Wednesday,15:21,1500 Hours,District 2 (Northeast),EVANSDALE,BLACK HAWK,I-380,I-380,Collision with:  Animal,,,Animal,None Indicated,,,,,,,Paved,,Property Damage Only,0,0,0,0,0,0,10000,1,1,,POINT (-92.284369243007 42.460228620839)
2014804088,20140017223,06/18/2014,06-June,4-Wednesday,17:59,1700 Hours,District 1 (Central),DES MOINES,POLK,US 69,US 69/E 14TH ST & E WALNUT ST,Collision with:  Vehicle in traffic,On Roadway,Rear-end (front to rear),"Operating vehicle in an reckless, erratic, careless, negligent manner",None Indicated,,Daylight,Dry,Cloudy,None apparent,Intersection:  Four-way intersection,Paved,,Property Damage Only,0,0,0,0,0,0,4000,2,2,,POINT (-93.597247701631 41.591276798416)
2014804038,2014006648,06/18/2014,06-June,4-Wednesday,16:30,1600 Hours,District 6 (East Central),IOWA CITY,JOHNSON,,PARK RD & N DUBUQUE ST,Collision with:  Vehicle in traffic,On Roadway,Rear-end (front to rear),Followed too close,None Indicated,,Daylight,Dry,Cloudy,None apparent,Non-intersection:  Non-junction/no special feature,Paved,,Property Damage Only,0,0,0,0,0,0,1600,2,2,,POINT (-91.53283043171 41.671499435763)
2014804402,14005087,06/18/2014,06-June,4-Wednesday,18:25,1800 Hours,District 6 (East Central),DELAWARE,DELAWARE,IA 38,IA 38/5TH ST,Collision with:  Vehicle in traffic,On Roadway,Rear-end (front to rear),Followed too close,None Indicated,,Daylight,Dry,Clear,None apparent,Non-intersection:  Non-junction/no special feature,Paved,,Property Damage Only,0,0,0,0,0,0,4500,2,5,,POINT (-91.345070281434 42.472244664373)
2014804505,2014061802,06/18/2014,06-June,4-Wednesday,23:00,2300 Hours,District 4 (Southwest),SHENANDOAH,PAGE,,CHURCH ST,Collision with:  Vehicle in traffic,On Roadway,Head-on (front to front),Traveling wrong way or on wrong side of road,Alcohol (Statutory),,Dark - roadway lighted,Dry,Clear,None apparent,Non-intersection:  Other non-intersection (explain in narrative),Paved,,Property Damage Only,0,0,0,0,0,0,8000,2,1,,POINT (-95.371400540277 40.757543727685)
2014809333,061814C,06/18/2014,06-June,4-Wednesday,12:59,1200 Hours,District 4 (Southwest),,FREMONT,US 59,US 59,Collision with:  Vehicle in traffic,On Roadway,Head-on (front to front),Crossed centerline (undivided),None Indicated,,Daylight,Dry,Clear,None apparent,Non-intersection:  Non-junction/no special feature,Paved,,Major Injury,0,3,1,1,1,0,25040,2,3,,POINT (-95.385229004763 40.886352223648)
2014808508,14-0895,06/18/2014,06-June,4-Wednesday,06:20,0600 Hours,District 1 (Central),,GREENE,IA 144,IA 144/U AVE,Collision with:  Animal,,,Animal,None Indicated,,,,,,,Paved,,Property Damage Only,0,0,0,0,0,0,5000,1,1,,POINT (-94.242651244717 42.151972327546)
2014804315,2014035888,06/18/2014,06-June,4-Wednesday,14:31,1400 Hours,District 2 (Northeast),EAGLE GROVE,WRIGHT,,FRANKLIN AVE & 250TH ST,Collision with:  Vehicle in traffic,On Roadway,Broadside (front to side),FTYROW:  At uncontrolled intersection,None Indicated,,Daylight,"Mud, dirt",Cloudy,None apparent,Non-intersection:  Non-junction/no special feature,Unpaved,,Possible/Unknown,0,2,0,0,2,0,30200,2,3,,POINT (-93.87274670703 42.688208242923)
2014803873,14-2857,06/18/2014,06-June,4-Wednesday,10:40,1000 Hours,District 1 (Central),WEST DES MOINES,POLK,,WESTOWN PKWY & 50TH ST,Collision with:  Vehicle in traffic,On Roadway,Broadside (front to side),Ran Traffic Signal,None Indicated,,Daylight,Dry,Clear,None apparent,Intersection:  Four-way intersection,Paved,,Possible/Unknown,0,1,0,0,1,0,10000,2,4,,POINT (-93.771174838263 41.595474898761)
2014804227,201402074,06/18/2014,06-June,4-Wednesday,00:10,0000 Hours,District 6 (East Central),,LINN,,LINN GROVE RD,Collision with fixed object:  Ditch,Roadside,Non-collision (single vehicle),Ran off road - right,None Indicated,,Dark - roadway not lighted,"Mud, dirt",Clear,None apparent,Non-intersection:  Non-junction/no special feature,Unpaved,,Minor Injury,0,1,0,1,0,0,4000,1,1,,POINT (-91.404298043239 42.057975337788)
2014808509,14-0897,06/18/2014,06-June,4-Wednesday,13:16,1300 Hours,District 1 (Central),,GREENE,,Co Rd E63/330TH & BRENTWOOD AVE,Collision with:  Vehicle in traffic,Shoulder,Broadside (front to side),Crossed centerline (undivided),None Indicated,,Daylight,Dry,Cloudy,None apparent,Intersection:  Four-way intersection,Paved,,Major Injury,0,2,1,0,1,0,20000,2,3,,POINT (-94.599929970407 41.877564482971)
2014804085,20140017213,06/18/2014,06-June,4-Wednesday,17:25,1700 Hours,District 1 (Central),DES MOINES,POLK,,BRATTLEBORO AVE & 31ST ST,Collision with:  Vehicle in traffic,On Roadway,"Angle, oncoming left turn",Other (explain in narrative):  Other,None Indicated,,Daylight,Dry,Cloudy,None apparent,Non-intersection:  Non-junction/no special feature,Paved,,Property Damage Only,0,0,0,0,0,0,5000,2,2,,POINT (-93.659361295246 41.599440177715)
2014804289,2014-12919,06/18/2014,06-June,4-Wednesday,18:37,1800 Hours,District 5 (Southeast),,WARREN,IA 92,IA 92/IOWA 92 & 150TH AVE,Collision with:  Vehicle in traffic,On Roadway,Broadside (front to side),FTYROW:  From stop sign,None Indicated,,Daylight,Dry,Cloudy,None apparent,Intersection:  Other intersection (explain in narrative),Paved,,Property Damage Only,0,0,0,0,0,0,5000,2,2,,POINT (-93.520316836008 41.357835375428)
2014804105,14-11371,06/18/2014,06-June,4-Wednesday,13:10,1300 Hours,District 6 (East Central),BETTENDORF,SCOTT,US 67,US 67/GRANT ST & 13TH ST,Collision with:  Vehicle in traffic,On Roadway,Broadside (front to side),Ran Traffic Signal,None Indicated,,Daylight,Dry,Cloudy,None apparent,Intersection:  Four-way intersection,Paved,,Possible/Unknown,0,3,0,0,3,0,45000,2,3,,POINT (-90.515075615099 41.526213658436)
2014805694,2014035899,06/18/2014,06-June,4-Wednesday,16:00,1600 Hours,District 2 (Northeast),CEDAR FALLS,BLACK HAWK,IA 57,IA 57/1ST ST,Collision with:  Vehicle in traffic,On Roadway,Rear-end (front to rear),Other (explain in narrative):  Other,None Indicated,,Daylight,Dry,Clear,None apparent,Non-intersection:  Non-junction/no special feature,Paved,,Property Damage Only,0,0,0,0,0,0,14000,3,4,,POINT (-92.460889171727 42.537825550869)
2014804802,14-006257,06/18/2014,06-June,4-Wednesday,11:05,1100 Hours,District 3 (Northwest),,CARROLL,,Co Rd N20/JADE AVE,Non-collision events:  Overturn/rollover,Outside trafficway,Non-collision (single vehicle),Swerving/Evasive Action,None Indicated,,Daylight,"Mud, dirt",Clear,None apparent,Non-intersection:  Non-junction/no special feature,Unpaved,,Possible/Unknown,0,1,0,0,1,0,3500,1,1,,POINT (-94.917475173727 42.02969632138)
2014804158,141712,06/18/2014,06-June,4-Wednesday,22:10,2200 Hours,District 3 (Northwest),DENISON,CRAWFORD,,PEARL ST,Collision with:  Animal,,,Animal,None Indicated,,,,,,,Paved,,Property Damage Only,0,0,0,0,0,0,3500,1,1,,POINT (-95.489337171108 41.928709458964)
2014804140,14008765,06/18/2014,06-June,4-Wednesday,21:30,2100 Hours,District 5 (Southeast),,APPANOOSE,IA 2,IA 2/IOWA 2 & 110TH AVE,Collision with:  Animal,,,Animal,None Indicated,,,,,,,Paved,,Property Damage Only,0,0,0,0,0,0,2500,1,1,,POINT (-93.077928983247 40.746430653297)
2014803994,W14-060446,06/18/2014,06-June,4-Wednesday,02:16,0200 Hours,District 2 (Northeast),WATERLOO,BLACK HAWK,US 218,US 218/WASHINGTON ST,Collision with:  Animal,,,Animal,None Indicated,,,,,,,Paved,,Property Damage Only,0,0,0,0,0,0,2000,1,1,,POINT (-92.409097294749 42.537813345341)
2014804058,14-3034,06/18/2014,06-June,4-Wednesday,15:51,1500 Hours,District 6 (East Central),HIAWATHA,LINN,I-380,I-380,Collision with fixed object:  Ditch,Median,Non-collision (single vehicle),Ran off road - left,None Indicated,,Daylight,Dry,Cloudy,None apparent,Non-intersection:  Non-junction/no special feature,Paved,,Property Damage Only,0,0,0,0,0,0,8900,1,1,,POINT (-91.677859776144 42.040540778621)
2014803851,20140017177,06/18/2014,06-June,4-Wednesday,10:57,1000 Hours,District 1 (Central),DES MOINES,POLK,,SW 12TH ST,Collision with:  Vehicle in traffic,On Roadway,Rear-end (front to rear),Unknown,None Indicated,,Daylight,Dry,Cloudy,None apparent,Non-intersection:  Non-junction/no special feature,Paved,,Minor Injury,0,1,0,1,0,0,1000,2,5,,POINT (-93.630582114779 41.555871356858)
2014804695,14003559,06/18/2014,06-June,4-Wednesday,15:38,1500 Hours,District 2 (Northeast),,CERRO GORDO,,Co Rd B37/240TH ST,Collision with fixed object:  Other fixed object (explain in narrative),On Roadway,Non-collision (single vehicle),Other (explain in narrative):  No improper action,None Indicated,,Daylight,Dry,Cloudy,None apparent,Non-intersection:  Railroad grade crossing,Paved,,Property Damage Only,0,0,0,0,0,0,2500,1,1,,POINT (-93.23152636995 43.112077997745)
2014804314,2014035873,06/18/2014,06-June,4-Wednesday,13:39,1300 Hours,District 4 (Southwest),,UNION,,YELLOW ROSE AVE,Collision with:  Vehicle in traffic,On Roadway,"Sideswipe, opposite direction",Driving too fast for conditions,None Indicated,,Daylight,"Mud, dirt",Cloudy,Work Zone (roadway-related),Non-intersection:  Non-junction/no special feature,Unpaved,Yes,Property Damage Only,0,0,0,0,0,0,6000,2,3,,POINT (-94.033476254883 41.062070686998)
2014804676,,06/18/2014,06-June,4-Wednesday,17:30,1700 Hours,District 6 (East Central),CEDAR RAPIDS,LINN,I-380,I-380 & 42ND ST NE,Collision with:  Vehicle in traffic,On Roadway,Rear-end (front to rear),Unknown,None Indicated,,Daylight,Dry,Clear,,Non-intersection:  Non-junction/no special feature,Paved,,Minor Injury,0,3,0,1,2,0,1500,2,3,,POINT (-91.66778175221 42.021528878087)
2014810140,2014006035,06/18/2014,06-June,4-Wednesday,08:51,0800 Hours,District 1 (Central),MARSHALLTOWN,MARSHALL,,S 6TH ST,Collision with fixed object:  Utility pole/light support,Outside trafficway,Non-collision (single vehicle),Lost Control,Refused,,Daylight,Wet,Cloudy,None apparent,Non-intersection:  Non-junction/no special feature,Paved,,Minor Injury,0,1,0,1,0,0,15000,1,1,,POINT (-92.922238473153 42.029990780247)
2014804295,14-19204,06/18/2014,06-June,4-Wednesday,15:40,1500 Hours,District 3 (Northwest),SIOUX CITY,WOODBURY,,FLOYD BLVD,Collision with:  Vehicle in traffic,On Roadway,Rear-end (front to rear),Other (explain in narrative):  Other,None Indicated,,Daylight,Dry,Cloudy,None apparent,Intersection:  Four-way intersection,Paved,,Possible/Unknown,0,1,0,0,1,0,300,2,2,,POINT (-96.370521793864 42.533686411817)
2014804106,14-11377,06/18/2014,06-June,4-Wednesday,13:50,1300 Hours,District 6 (East Central),BETTENDORF,SCOTT,US 67,US 67/S GRANT ST,Collision with:  Vehicle in traffic,On Roadway,"Sideswipe, same direction",Made improper turn,None Indicated,,Daylight,Dry,Cloudy,None apparent,Intersection:  Y-intersection,Paved,,Property Damage Only,0,0,0,0,0,0,7000,2,6,,POINT (-90.522553155008 41.526239990563)
2014804363,14060527,06/18/2014,06-June,4-Wednesday,11:34,1100 Hours,District 2 (Northeast),CEDAR FALLS,BLACK HAWK,,3RD ST,Collision with:  Vehicle in traffic,On Roadway,Rear-end (front to rear),FTYROW:  From driveway,None Indicated,,Daylight,Dry,Clear,None apparent,Non-intersection:  Driveway access (within),Paved,,Property Damage Only,0,0,0,0,0,0,3500,2,3,,POINT (-92.477782881078 42.535985550394)
2014804151,W14-060661,06/18/2014,06-June,4-Wednesday,18:26,1800 Hours,District 2 (Northeast),WATERLOO,BLACK HAWK,US 63,US 63/W 1ST ST/E 1ST ST & LAFAYETTE ST,Collision with:  Vehicle in traffic,On Roadway,Broadside (front to side),Ran Traffic Signal,None Indicated,,Daylight,Dry,Clear,None apparent,Intersection:  Other intersection (explain in narrative),Paved,,Property Damage Only,0,0,0,0,0,0,1700,2,2,,POINT (-92.33925975889 42.501823025048)