Iowa DOT Case Number,Law Enforcement Case Number,Date of Crash,Month of Crash,Day of Week,Time of Crash,Hour,DOT District,City Name,County Name,Route with System,Location Description,First Harmful Event,Location of First Harmful Event,Manner of Crash/Collision,Major Cause,Drug or Alcohol ,Environmental Conditions,Light Conditions,Surface Conditions,Weather Conditions,Roadway Contribution,Roadway Type,Roadway Surface,Work Zone,Crash Severity,Number of Fatalities,Number of Injuries,Number of Major Injuries,Number of Minor Injuries,Number of Possible Injuries,Number of Unknown Injuries,Amount of Property Damage,Number of Vehicles Involved,Total Number of Occupants,Travel Direction,Location
2014803950,14-19146,06/18/2014,06-June,4-Wednesday,02:45,0200 Hours,District 3 (Northwest),SIOUX CITY,WOODBURY,,CUNNINGHAM DR & WARRINGTON RD,Collision with fixed object:  Bridge overhead structure,Shoulder,Non-collision (single vehicle),Ran off road - right,Alcohol (Statutory),,Dark - roadway lighted,Dry,Cloudy,None apparent,Non-intersection:  Other non-intersection (explain in narrative),Paved,,Possible/Unknown,0,1,0,0,1,0,9000,1,1,,POINT (-96.38331790908 42.48071369965)
2014809463,,06/18/2014,06-June,4-Wednesday,17:05,1700 Hours,District 3 (Northwest),OKOBOJI,DICKINSON,US 71,US 71,Collision with:  Vehicle in traffic,On Roadway,Rear-end (front to rear),Followed too close,None Indicated,,Daylight,Dry,Cloudy,None apparent,Non-intersection:  Non-junction/no special feature,Paved,,Possible/Unknown,0,1,0,0,1,0,4000,2,2,,POINT (-95.128030617684 43.379947846852)
2014804296,14-19218,06/18/2014,06-June,4-Wednesday,16:37,1600 Hours,District 3 (Northwest),SIOUX CITY,WOODBURY,,W 19TH ST & ISABELLA ST,Collision with:  Vehicle in traffic,On Roadway,"Angle, oncoming left turn",FTYROW:  Making left turn,None Indicated,,Daylight,Dry,Clear,None apparent,Intersection:  Four-way intersection,Paved,,Property Damage Only,0,0,0,0,0,0,3000,2,2,,POINT (-96.424087558426 42.510440889035)
2014804084,20140017211,06/18/2014,06-June,4-Wednesday,16:36,1600 Hours,District 1 (Central),DES MOINES,POLK,,PORTER AVE & SW 9TH ST,Collision with:  Vehicle in traffic,On Roadway,Head-on (front to front),Crossed centerline (undivided),None Indicated,,Daylight,Dry,Cloudy,None apparent,Intersection:  Four-way intersection,Paved,,Property Damage Only,0,0,0,0,0,0,2500,2,2,,POINT (-93.625739847772 41.533730800242)
2014804334,2014035838,06/18/2014,06-June,4-Wednesday,11:05,1100 Hours,District 4 (Southwest),,POTTAWATTAMIE,I-29,I-29,Collision with fixed object:  Ditch,Roadside,Non-collision (single vehicle),Crossed centerline (undivided),None Indicated,,Daylight,Dry,Cloudy,None apparent,Non-intersection:  Non-junction/no special feature,Paved,,Possible/Unknown,0,1,0,0,1,0,2500,1,1,,POINT (-95.900177255887 41.354005328626)
2014804165,14-20799,06/18/2014,06-June,4-Wednesday,19:10,1900 Hours,District 5 (Southeast),BURLINGTON,DES MOINES,,MAPLE ST & 10TH ST,Collision with:  Vehicle in traffic,On Roadway,Rear-end (front to rear),Lost Control,None Indicated,,Daylight,Dry,Clear,None apparent,Non-intersection:  Non-junction/no special feature,Paved,,Property Damage Only,0,0,0,0,0,0,4000,3,1,,POINT (-91.111513712591 40.804590477644)
2014804316,2014035911,06/18/2014,06-June,4-Wednesday,16:30,1600 Hours,District 1 (Central),,POWESHIEK,,Co Rd F29/OLD 6 RD,Collision with fixed object:  Ditch,On Roadway,Non-collision (single vehicle),Swerving/Evasive Action,None Indicated,,Daylight,Dry,Clear,"Surface condition (e.g., wet, icy)",Intersection:  T-intersection,Paved,,Possible/Unknown,0,1,0,0,1,0,7000,1,1,,POINT (-92.337697341664 41.72734247748)
2014804364,14060537,06/18/2014,06-June,4-Wednesday,12:04,1200 Hours,District 2 (Northeast),CEDAR FALLS,BLACK HAWK,,UNIVERSITY AVE & CEDAR HEIGHTS DR,Collision with:  Vehicle in traffic,On Roadway,Broadside (front to side),Ran Traffic Signal,None Indicated,,Daylight,Dry,Cloudy,None apparent,Intersection:  Four-way intersection,Paved,,Property Damage Only,0,0,0,0,0,0,5500,2,3,,POINT (-92.411215919042 42.506727212958)
2014805737,,06/18/2014,06-June,4-Wednesday,20:11,2000 Hours,District 5 (Southeast),CHARITON,LUCAS,,S 16TH ST,Collision with:  Vehicle in traffic,On Roadway,Unknown,Improper Backing,None Indicated,,Dusk,Dry,Clear,None apparent,Non-intersection:  Non-junction/no special feature,Paved,,Property Damage Only,0,0,0,0,0,0,2800,2,3,,POINT (-93.317590039791 41.014434504066)
2014809332,061814A,06/18/2014,06-June,4-Wednesday,00:14,0000 Hours,District 4 (Southwest),,FREMONT,I-29,I-29,Collision with:  Animal,On Roadway,Non-collision (single vehicle),Animal,None Indicated,,,,,,Non-intersection:  Non-junction/no special feature,Paved,,Property Damage Only,0,0,0,0,0,0,1500,1,1,,POINT (-95.806514051463 40.830685893413)
2014804095,14-025183,06/18/2014,06-June,4-Wednesday,16:31,1600 Hours,District 4 (Southwest),COUNCIL BLUFFS,POTTAWATTAMIE,,VALLEY VIEW DR,Collision with:  Vehicle in traffic,On Roadway,Rear-end (front to rear),Other (explain in narrative):  Other,None Indicated,,Daylight,Dry,Clear,None apparent,Non-intersection:  Non-junction/no special feature,Paved,,Property Damage Only,0,0,0,0,0,0,12000,2,2,,POINT (-95.80495596241 41.262242077758)
2014804147,14060819,06/19/2014,06-June,5-Thursday,06:31,0600 Hours,District 2 (Northeast),EVANSDALE,BLACK HAWK,,GILBERTVILLE RD & PLAZA DR & EVANSDALE DR,Collision with:  Vehicle in traffic,On Roadway,Rear-end (front to rear),Unknown,None Indicated,,Daylight,Wet,Cloudy,None apparent,Intersection:  Four-way intersection,Paved,,Minor Injury,0,1,0,1,0,0,13500,2,2,,POINT (-92.248746322333 42.461117394519)
2014806629,14-000729,06/19/2014,06-June,5-Thursday,21:54,2100 Hours,District 1 (Central),,STORY,US 30,US 30,Collision with:  Animal,,Non-collision (single vehicle),Animal,None Indicated,,,,,,,Paved,,Property Damage Only,0,0,0,0,0,0,5576,1,1,,POINT (-93.40038635481 42.0078470336)
2014810224,CP14-0568,06/19/2014,06-June,5-Thursday,16:00,1600 Hours,District 2 (Northeast),CLARION,WRIGHT,IA 3,IA 3/CENTRAL AVE & 2ND ST SW & 2ND ST NW,Collision with:  Vehicle in traffic,Outside trafficway,Rear-end (front to rear),FTYROW:  From parked position,None Indicated,,Daylight,Dry,Cloudy,None apparent,Non-intersection:  Driveway access (within),Paved,,Property Damage Only,0,0,0,0,0,0,2000,2,1,,POINT (-93.735441940308 42.731651028295)
2014807890,CP14-564,06/19/2014,06-June,5-Thursday,13:30,1300 Hours,District 2 (Northeast),CLARION,WRIGHT,,S MAIN ST,Collision with fixed object:  Utility pole/light support,On Roadway,Non-collision (single vehicle),Other (explain in narrative):  No improper action,None Indicated,,Daylight,Wet,Rain,None apparent,Non-intersection:  Alley,Paved,,Property Damage Only,0,0,0,0,0,0,1550,1,2,,POINT (-93.73284861745 42.731343454996)
2014804152,W14-060829,06/19/2014,06-June,5-Thursday,07:38,0700 Hours,District 2 (Northeast),WATERLOO,BLACK HAWK,,CAMPBELL AVE & WILLISTON AVE & KIMBALL AVE & W 4TH ST,Collision with:  Vehicle in traffic,On Roadway,"Angle, oncoming left turn",FTYROW:  Making left turn,None Indicated,,Daylight,Wet,Rain,None apparent,Intersection:  Five points or more,Paved,,Property Damage Only,0,0,0,0,0,0,6000,2,4,,POINT (-92.357224369811 42.483940527021)
2014804610,14-11453,06/19/2014,06-June,5-Thursday,15:25,1500 Hours,District 6 (East Central),BETTENDORF,SCOTT,US 67,US 67/STATE ST & 20TH ST,Collision with:  Vehicle in traffic,On Roadway,"Sideswipe, same direction",Made improper turn,None Indicated,,Daylight,Wet,Cloudy,None apparent,Intersection:  Four-way intersection,Paved,,Property Damage Only,0,0,0,0,0,0,2000,2,3,,POINT (-90.504634496664 41.525338980044)
2014807391,14123,06/19/2014,06-June,5-Thursday,16:45,1600 Hours,District 5 (Southeast),PELLA,MARION,,WASHINGTON ST & E 1ST ST,Collision with:  Parked motor vehicle,Outside trafficway,Unknown,Other (explain in narrative):  Other,None Indicated,,Daylight,Dry,Cloudy,None apparent,Non-intersection:  Other non-intersection (explain in narrative),Paved,,Property Damage Only,0,0,0,0,0,0,1500,2,1,,POINT (-92.914705183865 41.408071599324)
2014806777,1401505,06/19/2014,06-June,5-Thursday,21:56,2100 Hours,District 5 (Southeast),BLOOMFIELD,DAVIS,US 63,US 63 & ICE AVE,Collision with:  Animal,,Non-collision (single vehicle),Animal,None Indicated,,,,,,,Paved,,Property Damage Only,0,0,0,0,0,0,2000,1,1,,POINT (-92.485674364265 40.740293216129)
2014804267,14-2879,06/19/2014,06-June,5-Thursday,17:40,1700 Hours,District 1 (Central),WEST DES MOINES,POLK,IA 28,IA 28/63RD ST,Collision with:  Vehicle in traffic,On Roadway,Rear-end (front to rear),Other (explain in narrative):  Other,None Indicated,,Daylight,Wet,Rain,None apparent,Non-intersection:  Non-junction/no special feature,Paved,,Property Damage Only,0,0,0,0,0,0,4000,2,3,,POINT (-93.703328619657 41.57406742891)
2014810226,CP14-565,06/19/2014,06-June,5-Thursday,13:48,1300 Hours,District 2 (Northeast),CLARION,WRIGHT,,2ND AVE NW & 2ND ST NW,Collision with:  Vehicle in traffic,On Roadway,Broadside (front to side),Unknown,None Indicated,,Daylight,Wet,Clear,None apparent,Intersection:  Four-way intersection,Paved,,Property Damage Only,0,0,0,0,0,0,1500,2,2,,POINT (-93.735402358829 42.733470383305)
2014818980,EP14001137,06/19/2014,06-June,5-Thursday,16:39,1600 Hours,District 2 (Northeast),EAGLE GROVE,WRIGHT,IA 17,IA 17/COMMERCIAL AVE & 3RD ST SW,Collision with:  Vehicle in traffic,On Roadway,Rear-end (front to rear),Followed too close,None Indicated,,Daylight,Dry,Clear,None apparent,Non-intersection:  Non-junction/no special feature,Paved,,Property Damage Only,0,0,0,0,0,0,8500,2,5,,POINT (-93.904468439741 42.660981631976)
2014804056,14012621,06/19/2014,06-June,5-Thursday,06:49,0600 Hours,District 6 (East Central),MARION,LINN,,10TH AVE,Collision with:  Vehicle in traffic,On Roadway,"Sideswipe, opposite direction",Lost Control,None Indicated,,Daylight,Wet,Cloudy,None apparent,Intersection:  Four-way intersection,Paved,,Property Damage Only,0,0,0,0,0,0,6500,3,3,,POINT (-91.574129074358 42.035966457681)
2014804317,2014035969,06/19/2014,06-June,5-Thursday,07:15,0700 Hours,District 6 (East Central),,BUCHANAN,I-380,I-380,Collision with:  Vehicle in traffic,On Roadway,Rear-end (front to rear),Other (explain in narrative):  Other,None Indicated,,Daylight,Wet,Rain,None apparent,Interchange-related:  On-ramp,Paved,,Property Damage Only,0,0,0,0,0,0,22500,2,2,,POINT (-91.973327764482 42.308546170244)
2014812839,14-004245,06/19/2014,06-June,5-Thursday,11:50,1100 Hours,District 3 (Northwest),,PALO ALTO,,Co Rd B55/430 ST,Collision with:  Animal,On Roadway,Non-collision (single vehicle),Animal,None Indicated,,Daylight,Dry,Cloudy,None apparent,Non-intersection:  Driveway access (within),Paved,,Property Damage Only,0,0,0,0,0,0,2000,1,1,,POINT (-94.513134863897 43.024064399394)
2014804770,14-0686,06/19/2014,06-June,5-Thursday,19:10,1900 Hours,District 1 (Central),PLEASANT HILL,POLK,IA 163,IA 163/E UNIVERSITY AVE & N HICKORY BLVD,Collision with:  Vehicle in traffic,On Roadway,Rear-end (front to rear),Lost Control,Under Influence of Alcohol/Drugs/Medications,,Daylight,Wet,Clear,None apparent,Non-intersection:  Non-junction/no special feature,Paved,,Property Damage Only,0,0,0,0,0,0,3500,2,3,,POINT (-93.51703226823 41.599348710444)
2014804829,14-15599,06/19/2014,06-June,5-Thursday,18:14,1800 Hours,District 1 (Central),SULLY,JASPER,,S 68TH AVE E & E 110TH ST S,Non-collision events:  Overturn/rollover,On Roadway,Non-collision (single vehicle),Swerving/Evasive Action,None Indicated,,Daylight,"Mud, dirt",Rain,None apparent,Intersection:  T-intersection,Unpaved,,Possible/Unknown,0,3,0,0,3,0,2000,1,3,,POINT (-92.877678708599 41.616226984708)
2014804244,14-4064,06/19/2014,06-June,5-Thursday,17:39,1700 Hours,District 1 (Central),,POLK,I-35,I-35 & IA 415/2ND AVE,Collision with:  Vehicle in traffic,On Roadway,Rear-end (front to rear),Followed too close,None Indicated,,Daylight,Wet,Rain,None apparent,Non-intersection:  Non-junction/no special feature,Paved,,Property Damage Only,0,0,0,0,0,0,2500,2,2,,POINT (-93.61998962932 41.649487048255)
2014813787,14-025639,06/19/2014,06-June,5-Thursday,21:00,2100 Hours,District 5 (Southeast),MUSCATINE,MUSCATINE,US 61,US 61,Collision with:  Vehicle in traffic,On Roadway,"Sideswipe, same direction",Made improper turn,None Indicated,,Dark - roadway lighted,Wet,Rain,None apparent,Intersection:  Four-way intersection,Paved,,Property Damage Only,0,0,0,0,0,0,5000,2,2,,POINT (-91.021565166329 41.457373059914)
2014804268,14-2880,06/19/2014,06-June,5-Thursday,18:30,1800 Hours,District 1 (Central),WEST DES MOINES,POLK,,RAILROAD AVE,Collision with:  Vehicle in traffic,On Roadway,Rear-end (front to rear),Other (explain in narrative):  Other,None Indicated,,Daylight,Wet,Rain,None apparent,Non-intersection:  Non-junction/no special feature,Paved,,Property Damage Only,0,0,0,0,0,0,7000,2,3,,POINT (-93.722258278021 41.569905817263)
2014804299,14-19293,06/19/2014,06-June,5-Thursday,09:27,0900 Hours,District 3 (Northwest),SIOUX CITY,WOODBURY,IA 376,IA 376/NE RAMP & VINE AVE,Collision with fixed object:  Utility pole/light support,Outside trafficway,Non-collision (single vehicle),Ran off road - right,None Indicated,,Daylight,Dry,Clear,None apparent,Intersection:  Four-way intersection,Paved,,Property Damage Only,0,0,0,0,0,0,8100,1,1,,POINT (-96.379215226866 42.477494198323)
2014804239,14012639,06/19/2014,06-June,5-Thursday,14:19,1400 Hours,District 6 (East Central),MARION,LINN,,BLAIRS FERRY RD & LINDALE DR,Collision with:  Vehicle in traffic,On Roadway,Rear-end (front to rear),Followed too close,None Indicated,,Daylight,Wet,Rain,None apparent,Intersection:  Five points or more,Paved,,Property Damage Only,0,0,0,0,0,0,2500,2,3,,POINT (-91.623668765729 42.032284280023)
2014804323,2014036171,06/19/2014,06-June,5-Thursday,18:00,1800 Hours,District 5 (Southeast),,WARREN,I-35,I-35,Non-collision events:  Other non-collision (explain in narrative),On Roadway,Non-collision (single vehicle),Ran off road - left,None Indicated,,Daylight,Wet,Rain,"Surface condition (e.g., wet, icy)",Non-intersection:  Non-junction/no special feature,Paved,,Property Damage Only,0,0,0,0,0,0,8500,1,1,,POINT (-93.7808232746 41.232903621932)
2014804271,14-2877,06/19/2014,06-June,5-Thursday,16:42,1600 Hours,District 1 (Central),WEST DES MOINES,POLK,,WESTOWN PKWY,Collision with:  Vehicle in traffic,On Roadway,Rear-end (front to rear),Followed too close,None Indicated,,Daylight,Dry,Cloudy,None apparent,Non-intersection:  Non-junction/no special feature,Paved,,Possible/Unknown,0,1,0,0,1,0,1450,2,2,,POINT (-93.77243397704 41.595412402037)
2014804255,20140017284,06/19/2014,06-June,5-Thursday,07:35,0700 Hours,District 1 (Central),DES MOINES,POLK,I-235,I-235,Collision with:  Vehicle in traffic,On Roadway,"Sideswipe, same direction",Improper or erratic lane changing,None Indicated,,Daylight,Dry,Cloudy,None apparent,Non-intersection:  Non-junction/no special feature,Paved,,Possible/Unknown,0,1,0,0,1,0,2000,2,3,,POINT (-93.69699197306 41.592723987049)
2014809977,144305PD,06/19/2014,06-June,5-Thursday,13:17,1300 Hours,District 1 (Central),BOONE,BOONE,US 30,US 30/220TH ST & KATE SHELLEY DR,Collision with:  Vehicle in traffic,On Roadway,Rear-end (front to rear),Swerving/Evasive Action,None Indicated,,Daylight,Dry,Cloudy,None apparent,Intersection:  Four-way intersection,Paved,,Possible/Unknown,0,2,0,0,2,0,17000,2,4,,POINT (-93.885048020171 42.034737755266)
2014804245,14-4065,06/19/2014,06-June,5-Thursday,18:10,1800 Hours,District 1 (Central),GRIMES,POLK,,SE DESTINATION DR,Collision with:  Other non-fixed object (explain in narrative),On Roadway,"Angle, oncoming left turn",FTYROW:  Making left turn,None Indicated,,Daylight,Wet,Rain,None apparent,Non-intersection:  Driveway access (within),Paved,,Property Damage Only,0,0,0,0,0,0,8000,2,2,,POINT (-93.769100381325 41.687478667887)
2014804251,20140017361,06/19/2014,06-June,5-Thursday,19:21,1900 Hours,District 1 (Central),DES MOINES,POLK,,LOWER BEAVER RD,Collision with:  Vehicle in traffic,On Roadway,Rear-end (front to rear),Followed too close,None Indicated,,Daylight,Wet,Cloudy,None apparent,Non-intersection:  Non-junction/no special feature,Paved,,Property Damage Only,0,0,0,0,0,0,1700,2,2,,POINT (-93.665858318317 41.637286995173)
2014804692,14-005205,06/19/2014,06-June,5-Thursday,02:04,0200 Hours,District 4 (Southwest),,CASS,I-80,I-80,Collision with fixed object:  Traffic sign support,Outside trafficway,Non-collision (single vehicle),Ran off road - right,None Indicated,,Dark - roadway not lighted,Dry,Clear,None apparent,Non-intersection:  Non-junction/no special feature,Paved,,Property Damage Only,0,0,0,0,0,0,3600,1,2,,POINT (-94.843298972968 41.497096363184)
2014804256,20140017336,06/19/2014,06-June,5-Thursday,16:14,1600 Hours,District 1 (Central),DES MOINES,POLK,,MLK JR PKWY & FLEUR DR,Collision with:  Vehicle in traffic,On Roadway,Rear-end (front to rear),"Operating vehicle in an reckless, erratic, careless, negligent manner",None Indicated,,Daylight,Dry,Cloudy,None apparent,Intersection:  Other intersection (explain in narrative),Paved,,Possible/Unknown,0,1,0,0,1,0,1600,2,2,,POINT (-93.644876581958 41.58003967001)
2014804707,14-8752,06/19/2014,06-June,5-Thursday,10:45,1000 Hours,District 3 (Northwest),,CLAY,,330TH AVE,Non-collision events:  Overturn/rollover,Outside trafficway,Non-collision (single vehicle),Ran off road - right,None Indicated,,Daylight,Wet,Cloudy,"Surface condition (e.g., wet, icy)",Non-intersection:  Non-junction/no special feature,Unpaved,,Property Damage Only,0,0,0,0,0,0,3000,1,1,,POINT (-94.936093560141 43.220201659938)
2014804100,14-12302,06/19/2014,06-June,5-Thursday,04:49,0400 Hours,District 6 (East Central),,CEDAR,I-80,I-80,Collision with:  Vehicle in traffic,On Roadway,Rear-end (front to rear),Driver Distraction:  Inattentive/lost in thought,None Indicated,,Dark - roadway not lighted,Dry,Clear,None apparent,Non-intersection:  Non-junction/no special feature,Paved,,Property Damage Only,0,0,0,0,0,0,10500,2,2,,POINT (-90.916092905687 41.63370670569)
2014804318,2014035978,06/19/2014,06-June,5-Thursday,08:10,0800 Hours,District 6 (East Central),IOWA CITY,JOHNSON,I-80,I-80,Collision with:  Vehicle in traffic,On Roadway,Rear-end (front to rear),Followed too close,None Indicated,,Daylight,Dry,Clear,None apparent,Non-intersection:  Non-junction/no special feature,Paved,,Property Damage Only,0,0,0,0,0,0,11000,2,2,,POINT (-91.552468676252 41.685546965372)
2014804338,14-003845,06/19/2014,06-June,5-Thursday,07:45,0700 Hours,District 2 (Northeast),ALGONA,KOSSUTH,,E CHUBB ST & S JEROME ST,Collision with:  Vehicle in traffic,On Roadway,"Sideswipe, same direction",Improper Backing,None Indicated,,Daylight,Wet,Cloudy,None apparent,Intersection:  Four-way intersection,Paved,,Property Damage Only,0,0,0,0,0,0,2100,2,3,,POINT (-94.22929628516 43.062395555188)
2014804203,01-14-26641,06/19/2014,06-June,5-Thursday,14:29,1400 Hours,District 6 (East Central),DUBUQUE,DUBUQUE,,E 22ND ST & WHITE ST,Collision with:  Vehicle in traffic,On Roadway,Rear-end (front to rear),Followed too close,None Indicated,,Daylight,Dry,Cloudy,None apparent,Non-intersection:  Non-junction/no special feature,Paved,,Property Damage Only,0,0,0,0,0,0,5000,2,2,,POINT (-90.670619131348 42.513729484341)
2014804373,W14-060835,06/19/2014,06-June,5-Thursday,08:17,0800 Hours,District 2 (Northeast),WATERLOO,BLACK HAWK,,BALTIMORE ST & W 4TH ST,Collision with:  Vehicle in traffic,On Roadway,"Sideswipe, same direction",Made improper turn,None Indicated,,Daylight,Wet,Rain,None apparent,Intersection:  Four-way intersection,Paved,,Property Damage Only,0,0,0,0,0,0,9500,2,2,,POINT (-92.351288504288 42.487302289232)
2014804503,14-025615,06/19/2014,06-June,5-Thursday,16:42,1600 Hours,District 5 (Southeast),MUSCATINE,MUSCATINE,,CLIMER ST & LOGAN ST,Collision with:  Vehicle in traffic,On Roadway,Broadside (front to side),Unknown,None Indicated,,Daylight,Wet,Rain,None apparent,Intersection:  Four-way intersection,Paved,,Property Damage Only,0,0,0,0,0,0,2000,2,4,,POINT (-91.065067705242 41.422130712325)
2014804618,2014-40671,06/19/2014,06-June,5-Thursday,18:22,1800 Hours,District 6 (East Central),DAVENPORT,SCOTT,,E LOCUST ST & GRAND AVE,Collision with:  Vehicle in traffic,On Roadway,Broadside (front to side),FTYROW:  Making left turn,None Indicated,,Daylight,Wet,Rain,None apparent,Intersection:  Four-way intersection,Paved,,Property Damage Only,0,0,0,0,0,0,6000,2,2,,POINT (-90.564827647475 41.538275379462)
2014804163,14005139,06/19/2014,06-June,5-Thursday,19:35,1900 Hours,District 6 (East Central),MANCHESTER,DELAWARE,IA 13,IA 13/W MAIN ST & S 9TH ST,Collision with fixed object:  Traffic sign support,Outside trafficway,Non-collision (single vehicle),Driving too fast for conditions,None Indicated,,Daylight,Wet,Rain,None apparent,Non-intersection:  Non-junction/no special feature,Paved,,Property Damage Only,0,0,0,0,0,0,1500,1,3,,POINT (-91.469584831435 42.483845460356)
2014805402,,06/19/2014,06-June,5-Thursday,14:34,1400 Hours,District 2 (Northeast),CHARLES CITY,FLOYD,,11TH ST & S MAIN ST,Collision with:  Vehicle in traffic,On Roadway,Broadside (front to side),FTYROW:  From stop sign,None Indicated,,Daylight,Dry,Cloudy,None apparent,Intersection:  Four-way intersection,Paved,,Property Damage Only,0,0,0,0,0,0,2500,2,3,,POINT (-92.682485284472 43.052655147966)
2014813373,2014-3366,06/19/2014,06-June,5-Thursday,13:05,1300 Hours,District 1 (Central),STEAMBOAT ROCK,HARDIN,,1ST ST,Collision with fixed object:  Ditch,On Roadway,Non-collision (single vehicle),Ran off road - right,Alcohol (Statutory),,Daylight,Dry,Cloudy,None apparent,Non-intersection:  Non-junction/no special feature,Paved,,Possible/Unknown,0,1,0,0,1,0,10000,1,1,,POINT (-93.06223660339 42.410841494345)
2014806722,2014-0131,06/19/2014,06-June,5-Thursday,00:12,0000 Hours,District 1 (Central),CARLISLE,POLK,,SE 60TH ST,Non-collision events:  Overturn/rollover,On Roadway,Non-collision (single vehicle),Exceeded authorized speed,None Indicated,,Dark - roadway lighted,Dry,Clear,None apparent,Intersection:  Other intersection (explain in narrative),Paved,,Property Damage Only,0,0,0,0,0,0,5000,1,1,,POINT (-93.492326681092 41.523741655899)
2014805237,14008793,06/19/2014,06-June,5-Thursday,12:15,1200 Hours,District 5 (Southeast),,APPANOOSE,,405TH ST,Non-collision events:  Overturn/rollover,Roadside,Non-collision (single vehicle),Ran off road - left,None Indicated,,Daylight,Dry,Cloudy,"Shoulders (none, low, soft, high)",Non-intersection:  Non-junction/no special feature,Unpaved,,Minor Injury,0,1,0,1,0,0,4000,1,1,,POINT (-92.787465794796 40.894235094014)
2014804372,W14-060824,06/19/2014,06-June,5-Thursday,07:04,0700 Hours,District 2 (Northeast),WATERLOO,BLACK HAWK,,WELLINGTON ST & OAKLAWN AVE,Collision with:  Vehicle in traffic,On Roadway,Rear-end (front to rear),Other (explain in narrative):  Other,None Indicated,,Daylight,Wet,Rain,None apparent,Non-intersection:  Non-junction/no special feature,Paved,,Property Damage Only,0,0,0,0,0,0,8500,2,3,,POINT (-92.353665600388 42.493971038056)
2014804522,14-0720,06/19/2014,06-June,5-Thursday,18:03,1800 Hours,District 4 (Southwest),CLIVE,DALLAS,,NW 156TH ST,Collision with:  Vehicle in traffic,On Roadway,Rear-end (front to rear),Followed too close,None Indicated,,Daylight,Wet,Rain,None apparent,Non-intersection:  Non-junction/no special feature,Paved,,Property Damage Only,0,0,0,0,0,0,3000,2,5,,POINT (-93.833663596952 41.608414407676)
2014804366,14060858,06/19/2014,06-June,5-Thursday,09:46,0900 Hours,District 2 (Northeast),CEDAR FALLS,BLACK HAWK,,12TH ST & WALNUT ST,Collision with:  Vehicle in traffic,On Roadway,Broadside (front to side),Ran Stop Sign,None Indicated,,Daylight,Wet,Cloudy,None apparent,Intersection:  Four-way intersection,Paved,,Minor Injury,0,2,0,2,0,0,15000,2,2,,POINT (-92.453403427797 42.527640561908)
2014811570,143371,06/19/2014,06-June,5-Thursday,19:00,1900 Hours,District 1 (Central),,HARDIN,,270TH ST,,On Roadway,Non-collision (single vehicle),Ran off road - straight,None Indicated,,Daylight,Wet,Rain,None apparent,Non-intersection:  Non-junction/no special feature,Unpaved,,Property Damage Only,0,0,0,0,0,0,2500,1,2,,POINT (-93.270690855872 42.306725570459)
2014804681,,06/19/2014,06-June,5-Thursday,10:00,1000 Hours,District 4 (Southwest),GRANGER,DALLAS,IA 141,IA 141/IOWA 141 & STATE ST,Collision with:  Vehicle in traffic,On Roadway,Rear-end (front to rear),Followed too close,None Indicated,,Daylight,Wet,Rain,None apparent,Intersection:  Four-way intersection,Paved,,Property Damage Only,0,0,0,0,0,0,3000,2,6,,POINT (-93.829653981144 41.760770695775)
2014804119,2014-40534,06/19/2014,06-June,5-Thursday,08:04,0800 Hours,District 6 (East Central),DAVENPORT,SCOTT,,CAREY AVE,Collision with fixed object:  Utility pole/light support,On Roadway,Non-collision (single vehicle),Lost Control,None Indicated,,Daylight,Dry,Cloudy,None apparent,Non-intersection:  Non-junction/no special feature,Paved,,Property Damage Only,0,0,0,0,0,0,2500,1,1,,POINT (-90.559093965391 41.57532304364)
2014804229,201408701,06/19/2014,06-June,5-Thursday,12:29,1200 Hours,District 6 (East Central),CEDAR RAPIDS,LINN,,2ND AVE SE & 16TH ST SE,Collision with:  Vehicle in traffic,On Roadway,Broadside (front to side),FTYROW:  From stop sign,None Indicated,,Daylight,Dry,Cloudy,None apparent,Intersection:  Four-way intersection,Paved,,Property Damage Only,0,0,0,0,0,0,13000,2,2,,POINT (-91.648628804602 41.988845907352)
2014804162,14-005104,06/19/2014,06-June,5-Thursday,11:54,1100 Hours,District 6 (East Central),MANCHESTER,DELAWARE,IA 13,IA 13/N FRANKLIN ST & W BUTLER ST & E BUTLER ST,Collision with:  Vehicle in traffic,On Roadway,Broadside (front to side),Ran Traffic Signal,None Indicated,,Daylight,Dry,Cloudy,None apparent,Intersection:  Four-way intersection,Paved,,Property Damage Only,0,0,0,0,0,0,2000,2,2,,POINT (-91.457942247547 42.485778673943)
2014804607,2014-12343,06/19/2014,06-June,5-Thursday,18:25,1800 Hours,District 6 (East Central),,SCOTT,,CHAPEL HILL RD & 105 AVE,Collision with:  Animal,,,Animal,None Indicated,,,,,,,Unpaved,,Property Damage Only,0,0,0,0,0,0,2000,1,1,,POINT (-90.6979021234 41.494544197563)
2014804573,14-1346,06/19/2014,06-June,5-Thursday,14:14,1400 Hours,District 4 (Southwest),URBANDALE,DALLAS,,DOUGLAS PKWY & 156TH ST,Collision with:  Vehicle in traffic,On Roadway,Broadside (front to side),FTYROW:  From stop sign,None Indicated,,Daylight,Dry,Cloudy,None apparent,Intersection:  Four-way intersection,Paved,,Property Damage Only,0,0,0,0,0,0,2800,2,4,,POINT (-93.833668542492 41.629301959491)
2014804121,2014-40550,06/19/2014,06-June,5-Thursday,10:29,1000 Hours,District 6 (East Central),DAVENPORT,SCOTT,,E 33RD ST,Collision with:  Parked motor vehicle,On Roadway,Rear-end (front to rear),"Operating vehicle in an reckless, erratic, careless, negligent manner",None Indicated,,Daylight,Dry,Cloudy,None apparent,Non-intersection:  Non-junction/no special feature,Paved,,Property Damage Only,0,0,0,0,0,0,14000,2,1,,POINT (-90.555190852383 41.553201508907)