Iowa DOT Case Number,Law Enforcement Case Number,Date of Crash,Month of Crash,Day of Week,Time of Crash,Hour,DOT District,City Name,County Name,Route with System,Location Description,First Harmful Event,Location of First Harmful Event,Manner of Crash/Collision,Major Cause,Drug or Alcohol ,Environmental Conditions,Light Conditions,Surface Conditions,Weather Conditions,Roadway Contribution,Roadway Type,Roadway Surface,Work Zone,Crash Severity,Number of Fatalities,Number of Injuries,Number of Major Injuries,Number of Minor Injuries,Number of Possible Injuries,Number of Unknown Injuries,Amount of Property Damage,Number of Vehicles Involved,Total Number of Occupants,Travel Direction,Location
2014804253,20140017318,06/19/2014,06-June,5-Thursday,12:50,1200 Hours,District 1 (Central),DES MOINES,POLK,,PARK AVE & SW 9TH ST,Collision with:  Vehicle in traffic,On Roadway,Rear-end (front to rear),FTYROW:  Other (explain in narrative),None Indicated,,Daylight,Dry,Cloudy,None apparent,Intersection:  Four-way intersection,Paved,,Property Damage Only,0,0,0,0,0,0,4000,2,2,,POINT (-93.625793282283 41.555438145945)
2014804320,2014036118,06/19/2014,06-June,5-Thursday,14:38,1400 Hours,District 6 (East Central),,IOWA,I-80,I-80,Collision with:  Vehicle in traffic,On Roadway,Rear-end (front to rear),Driving too fast for conditions,None Indicated,,Daylight,Wet,Rain,None apparent,Non-intersection:  Non-junction/no special feature,Paved,,Property Damage Only,0,0,0,0,0,0,3000,2,3,,POINT (-91.839509347632 41.687264150409)
2014804290,14-1823,06/19/2014,06-June,5-Thursday,16:20,1600 Hours,District 1 (Central),FORT DODGE,WEBSTER,,16TH AVE N & N 22ND ST,Collision with:  Vehicle in traffic,On Roadway,Rear-end (front to rear),Other (explain in narrative):  Other,None Indicated,,Daylight,Wet,Rain,None apparent,Non-intersection:  Non-junction/no special feature,Paved,,Possible/Unknown,0,1,0,0,0,1,5000,2,2,,POINT (-94.168124368755 42.520819982084)
2014804275,14-025382,06/19/2014,06-June,5-Thursday,17:48,1700 Hours,District 4 (Southwest),COUNCIL BLUFFS,POTTAWATTAMIE,,7TH AVE,Collision with:  Vehicle in traffic,On Roadway,"Sideswipe, same direction",Unknown,None Indicated,,Daylight,Dry,Clear,None apparent,Non-intersection:  Non-junction/no special feature,Paved,,Property Damage Only,0,0,0,0,0,0,2000,2,777,,POINT (-95.898900924972 41.255445984858)
2014804728,2014-2100,06/19/2014,06-June,5-Thursday,21:41,2100 Hours,District 6 (East Central),,LINN,,Co Rd E36/BLAIRS FERRY RD,Collision with fixed object:  Culvert/pipe opening,Shoulder,Non-collision (single vehicle),Ran off road - right,None Indicated,,Dark - roadway not lighted,Wet,Rain,None apparent,Non-intersection:  Non-junction/no special feature,Paved,,Property Damage Only,0,0,0,0,0,0,7500,1,1,,POINT (-91.735823516672 42.060953888518)
2014804335,95-14,06/19/2014,06-June,5-Thursday,15:38,1500 Hours,District 3 (Northwest),ROCK VALLEY,SIOUX,US 18,US 18/10TH ST & WESTVIEW DR,Collision with:  Vehicle in traffic,On Roadway,"Angle, oncoming left turn",FTYROW:  Making left turn,None Indicated,,Daylight,Dry,Clear,None apparent,Intersection:  T-intersection,Paved,,Possible/Unknown,0,1,0,0,1,0,9500,2,3,,POINT (-96.308882212883 43.199938211289)
2014804230,201408711,06/19/2014,06-June,5-Thursday,15:09,1500 Hours,District 6 (East Central),CEDAR RAPIDS,LINN,I-380,I-380,Collision with fixed object:  Utility pole/light support,On Roadway,Rear-end (front to rear),Driving too fast for conditions,None Indicated,,Daylight,Wet,Rain,"Surface condition (e.g., wet, icy)",Non-intersection:  Other non-intersection (explain in narrative),Paved,,Major Injury,0,4,2,2,0,0,89587,8,11,,POINT (-91.669001360489 41.936351108312)
2014804205,01-14-26662,06/19/2014,06-June,5-Thursday,16:39,1600 Hours,District 6 (East Central),DUBUQUE,DUBUQUE,IA 32,IA 32/IA32 NW ARTERIAL,Collision with:  Vehicle in traffic,On Roadway,Rear-end (front to rear),Lost Control,None Indicated,,Daylight,Wet,Rain,None apparent,Non-intersection:  Non-junction/no special feature,Paved,,Property Damage Only,0,0,0,0,0,0,2500,2,2,,POINT (-90.74010281848 42.491653761878)
2014804319,2014036102,06/19/2014,06-June,5-Thursday,12:53,1200 Hours,District 1 (Central),,POWESHIEK,I-80,I-80 & IA 21/IOWA 21,Collision with:  Vehicle in traffic,On Roadway,"Angle, oncoming left turn",Crossed centerline (undivided),None Indicated,,Daylight,Dry,Cloudy,None apparent,Intersection:  Intersection with ramp,Paved,,Property Damage Only,0,0,0,0,0,0,3000,2,2,,POINT (-92.35779994624 41.697210897376)
2014804098,14-025296,06/19/2014,06-June,5-Thursday,05:02,0500 Hours,District 4 (Southwest),COUNCIL BLUFFS,POTTAWATTAMIE,,AVE B & N 26TH ST,Collision with:  Vehicle in traffic,On Roadway,Rear-end (front to rear),Lost Control,None Indicated,,Dark - roadway lighted,Dry,Clear,None apparent,Non-intersection:  Non-junction/no special feature,Paved,,Property Damage Only,0,0,0,0,0,0,10000,2,1,,POINT (-95.884335440631 41.2637286595)
2014804361,14008794,06/19/2014,06-June,5-Thursday,12:55,1200 Hours,District 5 (Southeast),MORAVIA,APPANOOSE,IA 5,IA 5/IOWA 5 & Co Rd J18/HWY J18,Collision with:  Vehicle in traffic,On Roadway,Broadside (front to side),FTYROW:  From stop sign,None Indicated,,Daylight,Wet,Rain,None apparent,Intersection:  Four-way intersection,Paved,,Minor Injury,0,1,0,1,0,0,8500,2,4,,POINT (-92.831157238162 40.892424575768)
2014804292,S14-6050,06/19/2014,06-June,5-Thursday,17:41,1700 Hours,District 3 (Northwest),MOVILLE,WOODBURY,US 20,US 20 & IA 140/S 1ST ST & Co Rd K64/MOVILLE BLACK TOP,Collision with:  Vehicle in traffic,On Roadway,"Angle, oncoming left turn",FTYROW:  From stop sign,None Indicated,,Daylight,Dry,Cloudy,None apparent,Intersection:  Four-way intersection,Paved,,Property Damage Only,0,0,0,0,0,0,4000,2,2,,POINT (-96.075773839429 42.481941853532)
2014805882,2014-12966,06/19/2014,06-June,5-Thursday,13:55,1300 Hours,District 5 (Southeast),,WARREN,,Co Rd R57/HWY R57,Collision with:  Vehicle in traffic,Shoulder,Broadside (front to side),Swerving/Evasive Action,None Indicated,,Daylight,Dry,Clear,None apparent,Non-intersection:  Driveway access (within),Paved,,Property Damage Only,0,0,0,0,0,0,5000,2,2,,POINT (-93.652154087152 41.424387149179)
2014804272,14-025326,06/19/2014,06-June,5-Thursday,11:13,1100 Hours,District 4 (Southwest),COUNCIL BLUFFS,POTTAWATTAMIE,,S 16TH ST,Collision with:  Vehicle in traffic,On Roadway,Broadside (front to side),Ran Stop Sign,None Indicated,,Daylight,Dry,Clear,None apparent,Intersection:  Four-way intersection,Paved,,Property Damage Only,0,0,0,0,0,0,7000,2,3,,POINT (-95.867558524889 41.257033072456)
2014804305,14-19405,06/19/2014,06-June,5-Thursday,23:40,2300 Hours,District 3 (Northwest),SIOUX CITY,WOODBURY,,6TH ST & HOEVEN DR,Collision with fixed object:  Ditch,Median,Non-collision (single vehicle),Crossed centerline (undivided),Alcohol (Statutory),,Dark - roadway lighted,Dry,Clear,None apparent,Intersection:  Four-way intersection,Paved,,Major Injury,0,2,1,1,0,0,5600,1,2,,POINT (-96.389291076831 42.496474983323)
2014804250,20140017360,06/19/2014,06-June,5-Thursday,19:24,1900 Hours,District 1 (Central),DES MOINES,POLK,,WALKER ST & E 19TH ST,Collision with fixed object:  Utility pole/light support,On Roadway,Non-collision (single vehicle),"Operating vehicle in an reckless, erratic, careless, negligent manner",None Indicated,,Daylight,Wet,Cloudy,None apparent,Intersection:  Four-way intersection,Paved,,Property Damage Only,0,0,0,0,0,0,1800,1,2,,POINT (-93.58519327879 41.599661483562)
2014804304,14-19372,06/19/2014,06-June,5-Thursday,19:50,1900 Hours,District 3 (Northwest),SIOUX CITY,WOODBURY,,6TH ST & PIERCE ST,Collision with:  Vehicle in traffic,On Roadway,"Sideswipe, same direction",FTYROW:  Other (explain in narrative),None Indicated,,Daylight,Dry,Clear,None apparent,Intersection:  Four-way intersection,Paved,,Possible/Unknown,0,2,0,0,2,0,2300,2,4,,POINT (-96.404943040204 42.496325660432)
2014804302,14-19365,06/19/2014,06-June,5-Thursday,19:16,1900 Hours,District 3 (Northwest),SIOUX CITY,WOODBURY,,7TH AVE,Collision with:  Parked motor vehicle,Outside trafficway,Broadside (front to side),"Operating vehicle in an reckless, erratic, careless, negligent manner",Alcohol (Statutory),,Daylight,Dry,Clear,None apparent,Non-intersection:  Other non-intersection (explain in narrative),Paved,,Possible/Unknown,0,1,0,0,1,0,12750,5,5,,POINT (-96.365004836383 42.466332929898)
2014805341,201400029470,06/19/2014,06-June,5-Thursday,13:10,1300 Hours,District 5 (Southeast),OTTUMWA,WAPELLO,,E ROCHESTER ST,Collision with:  Vehicle in traffic,On Roadway,Broadside (front to side),FTYROW:  From driveway,None Indicated,,Daylight,Dry,Cloudy,None apparent,Non-intersection:  Driveway access (within),Paved,,Property Damage Only,0,0,0,0,0,0,2750,2,4,,POINT (-92.409035850837 41.060019127904)
2014804434,143365,06/19/2014,06-June,5-Thursday,07:20,0700 Hours,District 1 (Central),,HARDIN,,Co Rd D15/CO HWY D15,Collision with fixed object:  Tree,Outside trafficway,Non-collision (single vehicle),Ran off road - left,None Indicated,,Daylight,Wet,Cloudy,None apparent,Non-intersection:  Non-junction/no special feature,Paved,,Minor Injury,0,1,0,1,0,0,10100,1,1,,POINT (-93.302181482918 42.522980101541)
2014805342,201400029505,06/19/2014,06-June,5-Thursday,15:30,1500 Hours,District 5 (Southeast),OTTUMWA,WAPELLO,,E ALTA VISTA AVE & N ELM ST,Collision with:  Vehicle in traffic,On Roadway,Broadside (front to side),Ran Stop Sign,None Indicated,,Daylight,Dry,Clear,None apparent,Intersection:  Four-way intersection,Paved,,Possible/Unknown,0,1,0,0,1,0,7700,2,4,,POINT (-92.397201827764 41.038329402587)
2014804269,14-2878,06/19/2014,06-June,5-Thursday,17:00,1700 Hours,District 4 (Southwest),WEST DES MOINES,DALLAS,,JORDAN CREEK PKWY,Collision with:  Vehicle in traffic,On Roadway,Rear-end (front to rear),Followed too close,None Indicated,,Daylight,Wet,Rain,None apparent,Non-intersection:  Non-junction/no special feature,Paved,,Property Damage Only,0,0,0,0,0,0,5200,2,3,,POINT (-93.808906654948 41.59509851064)
2014805092,14-002914,06/19/2014,06-June,5-Thursday,17:55,1700 Hours,District 1 (Central),AMES,STORY,,15TH ST,Collision with:  Parked motor vehicle,On Roadway,Broadside (front to side),Other (explain in narrative):  Vision obstructed,None Indicated,,Daylight,Wet,Rain,None apparent,Non-intersection:  Non-junction/no special feature,Paved,,Property Damage Only,0,0,0,0,0,0,1700,2,2,,POINT (-93.611092682183 42.03701868879)
2014804276,14-025423,06/19/2014,06-June,5-Thursday,22:35,2200 Hours,District 4 (Southwest),COUNCIL BLUFFS,POTTAWATTAMIE,,19TH AVE,Collision with:  Vehicle in traffic,On Roadway,"Sideswipe, opposite direction",Crossed centerline (undivided),None Indicated,,Dark - roadway not lighted,Dry,Clear,None apparent,Non-intersection:  Non-junction/no special feature,Paved,,Property Damage Only,0,0,0,0,0,0,6000,2,1,,POINT (-95.860844545291 41.243762737696)
2014805091,14-002908,06/19/2014,06-June,5-Thursday,12:12,1200 Hours,District 1 (Central),AMES,STORY,,LINCOLN WAY & UNION DR,Collision with:  Vehicle in traffic,On Roadway,Rear-end (front to rear),Followed too close,None Indicated,,Daylight,Wet,Cloudy,None apparent,Non-intersection:  Non-junction/no special feature,Paved,,Possible/Unknown,0,2,0,0,2,0,550,2,3,,POINT (-93.642796422268 42.022777264589)
2014804507,14062036,06/19/2014,06-June,5-Thursday,14:46,1400 Hours,District 4 (Southwest),CLARINDA,PAGE,US 71,US 71 & S 8TH ST,Collision with:  Vehicle in traffic,On Roadway,"Angle, oncoming left turn",Crossed centerline (undivided),None Indicated,,Daylight,Dry,Clear,None apparent,Intersection:  Four-way intersection,Paved,,Possible/Unknown,0,2,0,0,2,0,14000,2,3,,POINT (-95.02827323175 40.729010936342)
2014808740,,06/19/2014,06-June,5-Thursday,12:12,1200 Hours,District 2 (Northeast),CLEAR LAKE,CERRO GORDO,US 18,US 18,Collision with:  Vehicle in traffic,On Roadway,"Sideswipe, same direction",Crossed centerline (undivided),None Indicated,,Daylight,Dry,Clear,None apparent,Non-intersection:  Non-junction/no special feature,Paved,,Property Damage Only,0,0,0,0,0,0,4500,2,2,,POINT (-93.359586869831 43.145695611914)
2014804575,14-1359,06/20/2014,06-June,6-Friday,16:05,1600 Hours,District 1 (Central),URBANDALE,POLK,,DOUGLAS AVE,Collision with:  Vehicle in traffic,On Roadway,"Sideswipe, same direction",Improper or erratic lane changing,None Indicated,,Daylight,Dry,Clear,None apparent,Non-intersection:  Non-junction/no special feature,Paved,,Property Damage Only,0,0,0,0,0,0,3000,2,5,,POINT (-93.740819835461 41.629235288285)
2014810104,14015764,06/20/2014,06-June,6-Friday,11:30,1100 Hours,District 1 (Central),NEWTON,JASPER,,W 2ND ST N,Collision with:  Parked motor vehicle,On Roadway,"Sideswipe, same direction",Swerving/Evasive Action,None Indicated,,Daylight,Dry,Clear,None apparent,Non-intersection:  Non-junction/no special feature,Paved,,Property Damage Only,0,0,0,0,0,0,2250,2,1,,POINT (-93.054804712855 41.700739555637)
2014804619,2014-40939,06/20/2014,06-June,6-Friday,15:22,1500 Hours,District 6 (East Central),DAVENPORT,SCOTT,US 6,US 6/W KIMBERLY RD/E KIMBERLY RD & IA 461/WELCOME WAY,Collision with:  Vehicle in traffic,On Roadway,Rear-end (front to rear),Followed too close,None Indicated,,Daylight,Dry,Clear,None apparent,Intersection:  Four-way intersection,Paved,,Property Damage Only,0,0,0,0,0,0,4000,2,3,,POINT (-90.570918469645 41.560325826625)
2014804278,14-025447,06/20/2014,06-June,6-Friday,01:18,0100 Hours,District 4 (Southwest),COUNCIL BLUFFS,POTTAWATTAMIE,US 275,US 275/VETERANS MEMORIAL HWY,Non-collision events:  Other non-collision (explain in narrative),On Roadway,Non-collision (single vehicle),Traveling wrong way or on wrong side of road,None Indicated,,Dark - roadway lighted,Dry,Clear,None apparent,Non-intersection:  Non-junction/no special feature,Paved,,Possible/Unknown,0,1,0,0,1,0,4500,1,2,,POINT (-95.873400794876 41.219880147844)
2014804324,2014036219,06/20/2014,06-June,6-Friday,07:35,0700 Hours,District 6 (East Central),,BENTON,US 30,US 30/73 ST & Co Rd V66/21 AVE,Collision with:  Vehicle in traffic,On Roadway,Broadside (front to side),FTYROW:  From stop sign,None Indicated,,Daylight,Dry,"Fog, smoke, smog",None apparent,Intersection:  Four-way intersection,Paved,,Property Damage Only,0,0,0,0,0,0,5000,2,2,,POINT (-92.085332457741 41.963678041608)
2014804415,01-14-26798,06/20/2014,06-June,6-Friday,15:49,1500 Hours,District 6 (East Central),DUBUQUE,DUBUQUE,,WACKER DR,Collision with:  Vehicle in traffic,On Roadway,Broadside (front to side),FTYROW:  From driveway,None Indicated,,Daylight,Dry,Clear,None apparent,Non-intersection:  Driveway access (within),Paved,,Property Damage Only,0,0,0,0,0,0,3000,2,2,,POINT (-90.720492294825 42.493210339718)
2014804594,14-025508,06/20/2014,06-June,6-Friday,13:24,1300 Hours,District 4 (Southwest),COUNCIL BLUFFS,POTTAWATTAMIE,US 6,US 6/W BROADWAY,Collision with:  Vehicle in traffic,On Roadway,Rear-end (front to rear),Followed too close,None Indicated,,Daylight,Dry,Clear,None apparent,Non-intersection:  Non-junction/no special feature,Paved,,Possible/Unknown,0,2,0,0,2,0,1000,2,7,,POINT (-95.867852691883 41.261844134846)
2014810178,14-006869,06/20/2014,06-June,6-Friday,21:15,2100 Hours,District 2 (Northeast),OELWEIN,FAYETTE,IA 3,IA 3/35TH ST,Collision with fixed object:  Ditch,On Roadway,Non-collision (single vehicle),Exceeded authorized speed,None Indicated,,Dusk,Dry,Clear,None apparent,Non-intersection:  Non-junction/no special feature,Paved,,Minor Injury,0,1,0,1,0,0,6000,1,1,,POINT (-91.824136813292 42.681354959178)
2014804532,20140017484,06/20/2014,06-June,6-Friday,21:27,2100 Hours,District 1 (Central),DES MOINES,POLK,,UNIVERSITY AVE & 2ND AVE,Collision with:  Vehicle in traffic,On Roadway,"Sideswipe, same direction",Other (explain in narrative):  Other,None Indicated,,Dark - roadway lighted,Dry,Clear,None apparent,Non-intersection:  Non-junction/no special feature,Paved,,Property Damage Only,0,0,0,0,0,0,2100,2,4,,POINT (-93.619747028274 41.600345102313)
2014804665,2014036312,06/20/2014,06-June,6-Friday,14:50,1400 Hours,District 2 (Northeast),,FRANKLIN,I-35,I-35,Collision with:  Animal,,,Animal,None Indicated,,,,,,,Paved,,Property Damage Only,0,0,0,0,0,0,6000,1,1,,POINT (-93.496492497061 42.616647142594)
2014805021,14-018423,06/20/2014,06-June,6-Friday,22:15,2200 Hours,District 5 (Southeast),,LEE,IA 16,IA 16/IOWA 16,Collision with:  Animal,On Roadway,Non-collision (single vehicle),Animal,None Indicated,,Daylight,Dry,Clear,,Non-intersection:  Non-junction/no special feature,Paved,,Property Damage Only,0,0,0,0,0,0,1500,1,1,,POINT (-91.383953036616 40.758302091776)
2014804379,W14-061334,06/20/2014,06-June,6-Friday,14:13,1400 Hours,District 2 (Northeast),WATERLOO,BLACK HAWK,US 218,US 218/WASHINGTON ST & WILLISTON AVE,Collision with:  Vehicle in traffic,On Roadway,"Sideswipe, same direction",Made improper turn,None Indicated,,Daylight,Dry,Clear,None apparent,Intersection:  Four-way intersection,Paved,,Property Damage Only,0,0,0,0,0,0,3000,2,4,,POINT (-92.328169532002 42.483881964207)
2014811267,,06/20/2014,06-June,6-Friday,11:35,1100 Hours,District 5 (Southeast),FORT MADISON,LEE,,AVE L,Collision with:  Vehicle in traffic,On Roadway,"Sideswipe, same direction",FTYROW:  From driveway,None Indicated,,Daylight,Dry,Clear,None apparent,Non-intersection:  Driveway access (within),Paved,,Property Damage Only,0,0,0,0,0,0,2100,2,2,,POINT (-91.334077065365 40.627280947243)
2014804260,20140017408,06/20/2014,06-June,6-Friday,08:48,0800 Hours,District 1 (Central),DES MOINES,POLK,,HICKMAN RD & 33RD ST,Collision with:  Vehicle in traffic,On Roadway,"Sideswipe, same direction",Improper Backing,None Indicated,,Daylight,Dry,Clear,None apparent,Non-intersection:  Non-junction/no special feature,Paved,,Possible/Unknown,0,1,0,0,1,0,13000,2,2,,POINT (-93.661667652297 41.614946355644)
2014805763,14-135,06/20/2014,06-June,6-Friday,12:00,1200 Hours,District 2 (Northeast),WAVERLY,BREMER,,5TH AVE SW & 6TH ST SW,Collision with:  Parked motor vehicle,Outside trafficway,Unknown,Unknown,None Indicated,,Daylight,Unknown,Unknown,Unknown,Non-intersection:  Other non-intersection (explain in narrative),Paved,,Property Damage Only,0,0,0,0,0,0,1500,2,1,,POINT (-92.478066951345 42.720890759357)
2014804423,02-14-9327,06/20/2014,06-June,6-Friday,01:36,0100 Hours,District 6 (East Central),,DUBUQUE,,OLDE MASSEY RD,Collision with:  Animal,,,Animal,None Indicated,,,,,,,Paved,,Property Damage Only,0,0,0,0,0,0,3000,1,1,,POINT (-90.601950223926 42.43457937614)
2014804499,1400000539,06/20/2014,06-June,6-Friday,22:45,2200 Hours,District 1 (Central),,MARSHALL,,Co Rd S52/EASTMAN AVE/MAIN ST RD,Collision with fixed object:  Ditch,On Roadway,Non-collision (single vehicle),Ran off road - right,Alcohol (< Statutory),,Dark - roadway not lighted,Dry,Cloudy,None apparent,Non-intersection:  Non-junction/no special feature,Paved,,Property Damage Only,0,0,0,0,0,0,2000,1,3,,POINT (-93.165561575778 42.048505359099)
2014804414,01-14-26783,06/20/2014,06-June,6-Friday,14:50,1400 Hours,District 6 (East Central),DUBUQUE,DUBUQUE,,PENNSYLVANIA AVE,Collision with:  Vehicle in traffic,On Roadway,Rear-end (front to rear),Lost Control,None Indicated,,Daylight,Dry,Clear,None apparent,Non-intersection:  Non-junction/no special feature,Paved,,Property Damage Only,0,0,0,0,0,0,4500,2,3,,POINT (-90.715836020876 42.500447859679)
2014804587,14-001367,06/20/2014,06-June,6-Friday,13:26,1300 Hours,District 1 (Central),ALTOONA,POLK,,ADVENTURELAND DR,Collision with:  Vehicle in traffic,On Roadway,Broadside (front to side),FTYROW:  From driveway,None Indicated,,Daylight,Dry,Cloudy,None apparent,Non-intersection:  Driveway access (within),Paved,,Property Damage Only,0,0,0,0,0,0,5000,2,2,,POINT (-93.497003367818 41.658560373343)
2014804258,20140017398,06/20/2014,06-June,6-Friday,07:09,0700 Hours,District 1 (Central),DES MOINES,POLK,US 69,US 69/E 15TH ST & E WALNUT ST,Collision with:  Vehicle in traffic,On Roadway,"Sideswipe, same direction",Made improper turn,None Indicated,,Daylight,Dry,Clear,None apparent,Intersection:  Four-way intersection,Paved,,Property Damage Only,0,0,0,0,0,0,5500,2,3,,POINT (-93.594517124171 41.591822377962)
2014804596,14-025518,06/20/2014,06-June,6-Friday,16:05,1600 Hours,District 4 (Southwest),COUNCIL BLUFFS,POTTAWATTAMIE,I-29,I-29,Collision with:  Vehicle in traffic,On Roadway,Rear-end (front to rear),Followed too close,None Indicated,,Daylight,Dry,Clear,None apparent,Non-intersection:  Non-junction/no special feature,Paved,,Possible/Unknown,0,2,0,0,2,0,6900,3,5,,POINT (-95.853546801121 41.233460542505)
2014805005,14-020620-01,06/20/2014,06-June,6-Friday,14:00,1400 Hours,District 6 (East Central),VICTOR,IOWA,,2ND ST & WASHINGTON ST,Collision with:  Parked motor vehicle,On Roadway,"Sideswipe, same direction",Unknown,None Indicated,,Daylight,Dry,Clear,Work Zone (roadway-related),Intersection:  Four-way intersection,Paved,Yes,Property Damage Only,0,0,0,0,0,0,3500,2,1,,POINT (-92.297923878132 41.731753965697)
2014804155,1406202421,06/20/2014,06-June,6-Friday,07:55,0700 Hours,District 6 (East Central),,CLINTON,,158 AVE,Collision with:  Vehicle in traffic,On Roadway,"Sideswipe, same direction",FTYROW:  From driveway,None Indicated,,Daylight,Dry,Cloudy,None apparent,Non-intersection:  Driveway access (within),Unpaved,,Property Damage Only,0,0,0,0,0,0,4000,2,2,,POINT (-90.786697251814 41.824643696792)
2014804524,14-0723,06/20/2014,06-June,6-Friday,11:50,1100 Hours,District 4 (Southwest),CLIVE,DALLAS,US 6,US 6/HICKMAN AVE & NW 152ND ST,Collision with:  Non-motorist (see non-motorist section - NOT a unit),On Roadway,Non-collision (single vehicle),FTYROW:  To pedestrian,None Indicated,,Daylight,Dry,Clear,None apparent,Intersection:  Shared use path or trail,Paved,,Minor Injury,0,1,0,1,0,0,500,1,1,,POINT (-93.828212620998 41.614794852542)
2014804262,20140017422,06/20/2014,06-June,6-Friday,11:20,1100 Hours,District 1 (Central),DES MOINES,POLK,IA 28,IA 28/63RD ST,Collision with:  Vehicle in traffic,On Roadway,Rear-end (front to rear),Followed too close,None Indicated,,Daylight,Dry,Clear,None apparent,Non-intersection:  Non-junction/no special feature,Paved,,Property Damage Only,0,0,0,0,0,0,8000,2,3,,POINT (-93.70375952643 41.610435975332)
2014805656,2014-40984,06/20/2014,06-June,6-Friday,17:28,1700 Hours,District 6 (East Central),DAVENPORT,SCOTT,US 6,US 6/E KIMBERLY RD,Collision with:  Vehicle in traffic,On Roadway,Rear-end (front to rear),Followed too close,None Indicated,,Daylight,Dry,Clear,None apparent,Non-intersection:  Non-junction/no special feature,Paved,,Property Damage Only,0,0,0,0,0,0,2000,2,2,,POINT (-90.549536087072 41.556890765342)
2014804641,14-0344,06/20/2014,06-June,6-Friday,16:02,1600 Hours,District 1 (Central),,WEBSTER,,GARFIELD AVE,Non-collision events:  Overturn/rollover,On Roadway,Non-collision (single vehicle),Driving too fast for conditions,None Indicated,,Daylight,Dry,Clear,"Surface condition (e.g., wet, icy)",Non-intersection:  Non-junction/no special feature,Unpaved,,Possible/Unknown,0,2,0,0,2,0,5000,1,2,,POINT (-94.280889591926 42.328331871585)
2014806820,32047-14,06/20/2014,06-June,6-Friday,10:40,1000 Hours,District 3 (Northwest),,EMMET,IA 9,IA 9/IOWA 9,Collision with:  Animal,,,Animal,None Indicated,,,,,,,Paved,,Property Damage Only,0,0,0,0,0,0,4000,1,1,,POINT (-94.795063732587 43.399320318382)
2014804508,14-4092,06/20/2014,06-June,6-Friday,17:40,1700 Hours,District 1 (Central),,POLK,I-35,I-35,Collision with:  Vehicle in traffic,On Roadway,Rear-end (front to rear),Followed too close,None Indicated,,Daylight,Dry,Clear,None apparent,Non-intersection:  Non-junction/no special feature,Paved,,Property Damage Only,0,0,0,0,0,0,4500,3,3,,POINT (-93.68340594788 41.651478356494)
2014804523,14-0721,06/20/2014,06-June,6-Friday,07:45,0700 Hours,District 1 (Central),CLIVE,POLK,US 6,US 6/HICKMAN RD,Collision with:  Vehicle in traffic,On Roadway,Rear-end (front to rear),FTYROW:  Other (explain in narrative),None Indicated,,Daylight,Dry,Clear,None apparent,Intersection:  Intersection with ramp,Paved,,Property Damage Only,0,0,0,0,0,0,2200,2,2,,POINT (-93.778799581482 41.614888035137)
2014804576,14-2894,06/20/2014,06-June,6-Friday,14:46,1400 Hours,District 1 (Central),WEST DES MOINES,POLK,,MILLS CIVIC PKWY,Collision with:  Vehicle in traffic,On Roadway,Rear-end (front to rear),Followed too close,None Indicated,,Daylight,Dry,Clear,None apparent,Non-intersection:  Non-junction/no special feature,Paved,,Property Damage Only,0,0,0,0,0,0,3800,2,3,,POINT (-93.787567030093 41.55908265145)
2014804377,W14-061218,06/20/2014,06-June,6-Friday,09:07,0900 Hours,District 2 (Northeast),WATERLOO,BLACK HAWK,,ANSBOROUGH AVE,Collision with:  Vehicle in traffic,On Roadway,Rear-end (front to rear),Followed too close,None Indicated,,Daylight,Dry,Clear,None apparent,Non-intersection:  Non-junction/no special feature,Paved,,Property Damage Only,0,0,0,0,0,0,6000,2,4,,POINT (-92.376896632363 42.493973614532)
2014804591,14-025490,06/20/2014,06-June,6-Friday,11:23,1100 Hours,District 4 (Southwest),COUNCIL BLUFFS,POTTAWATTAMIE,,9TH AVE & S 7TH ST,Collision with fixed object:  Other fixed object (explain in narrative),Outside trafficway,Non-collision (single vehicle),Lost Control,None Indicated,,Daylight,Dry,Clear,None apparent,Non-intersection:  Non-junction/no special feature,Paved,,Property Damage Only,0,0,0,0,0,0,3000,1,1,,POINT (-95.854760243363 41.253379567486)
2014804574,14-1352,06/20/2014,06-June,6-Friday,07:55,0700 Hours,District 1 (Central),URBANDALE,POLK,,86TH ST,Collision with:  Vehicle in traffic,On Roadway,Rear-end (front to rear),Followed too close,None Indicated,,Daylight,Dry,Clear,None apparent,Non-intersection:  Non-junction/no special feature,Paved,,Property Damage Only,0,0,0,0,0,0,2500,2,2,,POINT (-93.736505911533 41.617274464004)
2014804583,14-0514,06/20/2014,06-June,6-Friday,07:45,0700 Hours,District 1 (Central),WINDSOR HEIGHTS,POLK,,DEL MATRO AVE & 70TH ST,Collision with:  Vehicle in traffic,On Roadway,Broadside (front to side),FTYROW:  From stop sign,None Indicated,,Daylight,Dry,Clear,None apparent,Intersection:  Four-way intersection,Paved,,Minor Injury,0,3,0,2,0,1,6000,2,4,,POINT (-93.71309680214 41.607162864544)
2014804512,14-4094,06/20/2014,06-June,6-Friday,20:13,2000 Hours,District 1 (Central),BONDURANT,POLK,,NE 62ND AVE,Non-collision events:  Other non-collision (explain in narrative),On Roadway,Non-collision (single vehicle),Ran off road - left,None Indicated,,Daylight,Dry,Clear,None apparent,Non-intersection:  Non-junction/no special feature,Paved,,Minor Injury,0,1,0,1,0,0,1500,1,1,,POINT (-93.482926075389 41.672923744392)
2014804367,14061286,06/20/2014,06-June,6-Friday,12:11,1200 Hours,District 2 (Northeast),CEDAR FALLS,BLACK HAWK,,RAINBOW DR,Collision with:  Vehicle in traffic,On Roadway,Rear-end (front to rear),Other (explain in narrative):  Other,None Indicated,,Daylight,Dry,Clear,None apparent,Non-intersection:  Non-junction/no special feature,Paved,,Property Damage Only,0,0,0,0,0,0,3102,2,2,,POINT (-92.410562211551 42.51671130628)