Iowa DOT Case Number,Law Enforcement Case Number,Date of Crash,Month of Crash,Day of Week,Time of Crash,Hour,DOT District,City Name,County Name,Route with System,Location Description,First Harmful Event,Location of First Harmful Event,Manner of Crash/Collision,Major Cause,Drug or Alcohol ,Environmental Conditions,Light Conditions,Surface Conditions,Weather Conditions,Roadway Contribution,Roadway Type,Roadway Surface,Work Zone,Crash Severity,Number of Fatalities,Number of Injuries,Number of Major Injuries,Number of Minor Injuries,Number of Possible Injuries,Number of Unknown Injuries,Amount of Property Damage,Number of Vehicles Involved,Total Number of Occupants,Travel Direction,Location
2014804584,14-0516,06/20/2014,06-June,6-Friday,15:38,1500 Hours,District 1 (Central),WINDSOR HEIGHTS,POLK,IA 28,IA 28/63RD ST & COLLEGE AVE,Collision with:  Vehicle in traffic,On Roadway,Rear-end (front to rear),Followed too close,None Indicated,,Daylight,Dry,Clear,Debris,Non-intersection:  Non-junction/no special feature,Paved,,Property Damage Only,0,0,0,0,0,0,5000,2,2,,POINT (-93.703741279962 41.607652861503)
2014804647,14-19438,06/20/2014,06-June,6-Friday,09:52,0900 Hours,District 3 (Northwest),SIOUX CITY,WOODBURY,,W 7TH ST & PERRY ST & WESLEY PKWY,Collision with:  Vehicle in traffic,On Roadway,"Angle, oncoming left turn",FTYROW:  Making left turn,None Indicated,,Daylight,Dry,Clear,None apparent,Intersection:  Four-way intersection,Paved,,Property Damage Only,0,0,0,0,0,0,5000,2,2,,POINT (-96.409764416327 42.499063582684)
2014806018,14-002934,06/20/2014,06-June,6-Friday,15:58,1500 Hours,District 1 (Central),AMES,STORY,,LINCOLN WAY,Collision with fixed object:  Curb/island/raised median,On Roadway,Non-collision (single vehicle),Lost Control,None Indicated,,Daylight,Dry,Clear,None apparent,Non-intersection:  Non-junction/no special feature,Paved,,Property Damage Only,0,0,0,0,0,0,25300,1,5,,POINT (-93.648667006411 42.0227982778)
2014805666,14007158,06/20/2014,06-June,6-Friday,13:05,1300 Hours,District 1 (Central),TRAER,TAMA,US 63,US 63/N MAIN ST & WOODLAWN AVE,Collision with:  Vehicle in traffic,On Roadway,"Sideswipe, same direction",Improper or erratic lane changing,None Indicated,,Daylight,Dry,Clear,None apparent,Non-intersection:  Non-junction/no special feature,Paved,,Property Damage Only,0,0,0,0,0,0,5000,2,4,,POINT (-92.465475372278 42.196022300138)
2014804721,2014006735,06/20/2014,06-June,6-Friday,18:50,1800 Hours,District 6 (East Central),IOWA CITY,JOHNSON,I-80,I-80,Collision with fixed object:  Ditch,On Roadway,Non-collision (single vehicle),Swerving/Evasive Action,None Indicated,,Daylight,Dry,Clear,None apparent,Non-intersection:  Non-junction/no special feature,Paved,,Minor Injury,0,1,0,1,0,0,3000,2,2,,POINT (-91.535705308182 41.687225996665)
2014809336,062014B,06/20/2014,06-June,6-Friday,12:20,1200 Hours,District 4 (Southwest),,FREMONT,,Co Rd J40/MANTI RD & 410 AVE,Non-collision events:  Overturn/rollover,On Roadway,Non-collision (single vehicle),Lost Control,None Indicated,,Daylight,Dry,Clear,None apparent,Intersection:  T-intersection,Paved,,Major Injury,0,1,1,0,0,0,100,1,1,,POINT (-95.408794844503 40.728287322548)
2014804943,,06/20/2014,06-June,6-Friday,08:56,0800 Hours,District 3 (Northwest),AKRON,PLYMOUTH,,DAKOTA ST & S 3RD ST,,On Roadway,"Angle, oncoming left turn",Crossed centerline (undivided),None Indicated,,Daylight,Dry,Clear,None apparent,Intersection:  Four-way intersection,Paved,,Property Damage Only,0,0,0,0,0,0,3000,2,2,,POINT (-96.558281504954 42.827734319768)
2014804781,1-14-000222,06/20/2014,06-June,6-Friday,05:45,0500 Hours,District 4 (Southwest),,SHELBY,IA 191,IA 191/IOWA 191,Collision with:  Animal,,,Animal,None Indicated,,,,,,,Paved,,Property Damage Only,0,0,0,0,0,0,2000,1,1,,POINT (-95.548229405261 41.612557550352)
2014804646,14-19433,06/20/2014,06-June,6-Friday,08:39,0800 Hours,District 3 (Northwest),SIOUX CITY,WOODBURY,,7TH ST & COURT ST,Collision with:  Vehicle in traffic,On Roadway,"Angle, oncoming left turn",FTYROW:  Making left turn,None Indicated,,Daylight,Dry,Cloudy,None apparent,Intersection:  Four-way intersection,Paved,,Property Damage Only,0,0,0,0,0,0,4000,2,2,,POINT (-96.396431575807 42.497559996953)
2014805746,,06/20/2014,06-June,6-Friday,21:20,2100 Hours,District 2 (Northeast),,ALLAMAKEE,IA 9,IA 9/IOWA 9,Collision with:  Animal,On Roadway,Non-collision (single vehicle),Animal,None Indicated,,Dusk,Dry,Clear,,Non-intersection:  Non-junction/no special feature,Paved,,Property Damage Only,0,0,0,0,0,0,4000,1,2,,POINT (-91.36182527606 43.343859440395)
2014804553,20140017475,06/20/2014,06-June,6-Friday,20:12,2000 Hours,District 1 (Central),DES MOINES,POLK,,GRAND AVE & E GRAND AVE & 2ND AVE,Collision with:  Non-motorist (see non-motorist section - NOT a unit),On Roadway,Non-collision (single vehicle),FTYROW:  To pedestrian,None Indicated,,Dusk,Dry,Clear,None apparent,Non-intersection:  Non-junction/no special feature,Paved,,Minor Injury,0,1,0,1,0,0,0,1,1,,POINT (-93.620320676379 41.588821744686)
2014804511,14-4091,06/20/2014,06-June,6-Friday,18:08,1800 Hours,District 1 (Central),DES MOINES,POLK,IA 415,IA 415/2ND AVE & NW AURORA AVE,Collision with:  Vehicle in traffic,On Roadway,Broadside (front to side),FTYROW:  Making left turn,None Indicated,,Daylight,Dry,Clear,None apparent,Intersection:  Four-way intersection,Paved,,Property Damage Only,0,0,0,0,0,0,8000,2,8,,POINT (-93.619939594192 41.636751184728)
2014804790,S14-6082,06/20/2014,06-June,6-Friday,16:42,1600 Hours,District 3 (Northwest),,WOODBURY,US 20,US 20/NW RAMP,Collision with:  Vehicle in traffic,On Roadway,Rear-end (front to rear),Other (explain in narrative):  Other,None Indicated,,Daylight,Wet,Rain,None apparent,Interchange-related:  Off-ramp,Paved,,Property Damage Only,0,0,0,0,0,0,2200,2,2,,POINT (-96.326179058734 42.476345994313)
2014805439,14010035,06/20/2014,06-June,6-Friday,11:16,1100 Hours,District 2 (Northeast),MASON CITY,CERRO GORDO,,S MONROE AVE,Collision with:  Vehicle in traffic,On Roadway,Broadside (front to side),FTYROW:  From driveway,None Indicated,,Daylight,Dry,Clear,None apparent,Non-intersection:  Driveway access (within),Paved,,Property Damage Only,0,0,0,0,0,0,2800,2,3,,POINT (-93.210130027962 43.13790929132)
2014809335,062014A,06/20/2014,06-June,6-Friday,10:40,1000 Hours,District 4 (Southwest),,FREMONT,I-29,I-29,Collision with:  Vehicle in traffic,On Roadway,Rear-end (front to rear),Followed too close,None Indicated,,Daylight,Dry,Clear,Other (explain in narrative),Interchange-related:  Off-ramp,Paved,,Property Damage Only,0,0,0,0,0,0,6000,2,3,,POINT (-95.781526659025 40.688935378049)
2014809951,14-4351PD,06/20/2014,06-June,6-Friday,17:04,1700 Hours,District 1 (Central),BOONE,BOONE,,PARK AVE & S STORY ST,Collision with:  Vehicle in traffic,On Roadway,Broadside (front to side),FTYROW:  Making left turn,None Indicated,,Daylight,Dry,Clear,None apparent,Intersection:  Four-way intersection,Paved,,Possible/Unknown,0,1,0,0,1,0,4000,2,2,,POINT (-93.879904180459 42.048070887242)
2014820430,2014-47-AC,06/20/2014,06-June,6-Friday,12:58,1200 Hours,District 3 (Northwest),,DICKINSON,US 71,US 71,Collision with:  Vehicle in traffic,On Roadway,Rear-end (front to rear),Unknown,None Indicated,,Daylight,Dry,Clear,Work Zone (roadway-related),Non-intersection:  Non-junction/no special feature,Paved,Yes,Property Damage Only,0,0,0,0,0,0,10300,3,5,,POINT (-94.99384961132 43.431268345385)
2014804381,W14-061407,06/20/2014,06-June,6-Friday,17:15,1700 Hours,District 2 (Northeast),WATERLOO,BLACK HAWK,,CENTER ST & COLUMBIA ST,Collision with:  Vehicle in traffic,On Roadway,Broadside (front to side),FTYROW:  From stop sign,None Indicated,,Daylight,Dry,Clear,None apparent,Intersection:  Four-way intersection,Paved,,Property Damage Only,0,0,0,0,0,0,5000,2,2,,POINT (-92.342581403554 42.511208177498)
2014804337,97-14,06/20/2014,06-June,6-Friday,12:39,1200 Hours,District 3 (Northwest),ROCK VALLEY,SIOUX,,21ST AVE,Collision with:  Vehicle in traffic,On Roadway,Broadside (front to side),FTYROW:  From driveway,None Indicated,,Daylight,Dry,Clear,None apparent,Non-intersection:  Driveway access (within),Paved,,Property Damage Only,0,0,0,0,0,0,5000,2,2,,POINT (-96.285095109801 43.202515267849)
2014804417,01-14-26818,06/20/2014,06-June,6-Friday,17:55,1700 Hours,District 6 (East Central),DUBUQUE,DUBUQUE,US 52,US 52/KERRIGAN RD & IA 946/IOWA 946,Collision with:  Vehicle in traffic,On Roadway,Rear-end (front to rear),Lost Control,None Indicated,,Daylight,Dry,Clear,None apparent,Interchange-related:  On-ramp merge area,Paved,,Property Damage Only,0,0,0,0,0,0,2000,2,3,,POINT (-90.662729970149 42.494504745226)
2014804538,20140017450,06/20/2014,06-June,6-Friday,16:51,1600 Hours,District 1 (Central),DES MOINES,POLK,I-235,I-235 & US 69/E 15TH ST & LYON ST,Collision with:  Non-motorist (see non-motorist section - NOT a unit),On Roadway,Non-collision (single vehicle),FTYROW:  Making right turn on red signal,None Indicated,,Daylight,Dry,Clear,None apparent,Interchange-related:  Off-ramp,Paved,,Minor Injury,0,1,0,1,0,0,100,1,2,,POINT (-93.596103775181 41.596047569039)
2014804874,S79140200,06/20/2014,06-June,6-Friday,20:00,2000 Hours,District 1 (Central),,POWESHIEK,,Co Rd F57/DIAMOND TRAIL RD,Collision with fixed object:  Guardrail - face,On Roadway,Non-collision (single vehicle),Animal,None Indicated,,Daylight,Dry,Cloudy,None apparent,Non-intersection:  Non-junction/no special feature,Paved,,Property Damage Only,0,0,0,0,0,0,12000,1,1,,POINT (-92.621005210374 41.575945240878)
2014804771,14-0688,06/20/2014,06-June,6-Friday,06:30,0600 Hours,District 1 (Central),PLEASANT HILL,POLK,US 65,US 65,Collision with:  Other non-fixed object (explain in narrative),On Roadway,Non-collision (single vehicle),Unknown,None Indicated,,Daylight,Wet,"Fog, smoke, smog",None apparent,Non-intersection:  Non-junction/no special feature,Paved,,Minor Injury,0,1,0,1,0,0,3000,2,2,,POINT (-93.510963837062 41.580001203781)
2014805185,2014036215,06/20/2014,06-June,6-Friday,06:55,0600 Hours,District 5 (Southeast),,WAPELLO,,CLIFFLAND RD & OLD AGENCY RD,Collision with fixed object:  Utility pole/light support,On Roadway,Non-collision (single vehicle),Swerving/Evasive Action,Alcohol (Statutory),,Daylight,Dry,Clear,None apparent,Intersection:  T-intersection,Unpaved,,Minor Injury,0,2,0,2,0,0,7000,1,2,,POINT (-92.363964263694 41.002145272017)
2014804520,14-002676,06/20/2014,06-June,6-Friday,16:50,1600 Hours,District 1 (Central),ANKENY,POLK,,SE DELAWARE AVE,Collision with:  Vehicle in traffic,On Roadway,"Angle, oncoming left turn",FTYROW:  Making left turn,None Indicated,,Daylight,Dry,Clear,None apparent,Non-intersection:  Driveway access (within),Paved,,Major Injury,0,2,1,0,1,0,7000,2,3,,POINT (-93.581079562816 41.730826302838)
2014805094,14-002931,06/20/2014,06-June,6-Friday,13:25,1300 Hours,District 1 (Central),AMES,STORY,US 69,US 69/S DUFF AVE & S 5TH ST & SE 5TH ST,Collision with:  Vehicle in traffic,On Roadway,Rear-end (front to rear),Followed too close,None Indicated,,Daylight,Dry,Clear,None apparent,Intersection:  Four-way intersection,Paved,,Property Damage Only,0,0,0,0,0,0,1999,2,4,,POINT (-93.610349293384 42.017406333567)
2014805869,14-000733,06/20/2014,06-June,6-Friday,22:12,2200 Hours,District 1 (Central),,STORY,US 30,US 30,Collision with:  Animal,,,Animal,None Indicated,,,,,,,Paved,,Property Damage Only,0,0,0,0,0,0,2000,1,1,,POINT (-93.356250333661 42.008280705708)
2014809900,20142179,06/20/2014,06-June,6-Friday,21:30,2100 Hours,District 1 (Central),,GRUNDY,US 20,US 20,Collision with:  Animal,,,Animal,None Indicated,,,,,,,Paved,,Property Damage Only,0,0,0,0,0,0,2500,1,1,,POINT (-92.549907675467 42.463299074317)
2014805498,14002142,06/20/2014,06-June,6-Friday,06:09,0600 Hours,District 5 (Southeast),,KEOKUK,IA 22,IA 22/IOWA 22,Collision with:  Animal,,,Animal,None Indicated,,,,,,,Paved,,Property Damage Only,0,0,0,0,0,0,2000,1,1,,POINT (-91.976799072087 41.460975596552)
2014804648,14-19459,06/20/2014,06-June,6-Friday,12:25,1200 Hours,District 3 (Northwest),SIOUX CITY,WOODBURY,,1ST ST & S IRENE ST,Collision with:  Non-motorist (see non-motorist section - NOT a unit),On Roadway,Non-collision (single vehicle),Other (explain in narrative):  No improper action,None Indicated,,Daylight,Dry,Clear,None apparent,Non-intersection:  Alley,Paved,,Minor Injury,0,1,0,1,0,0,500,1,2,,POINT (-96.373108184131 42.491055011179)
2014805655,2014-40965,06/20/2014,06-June,6-Friday,17:10,1700 Hours,District 6 (East Central),DAVENPORT,SCOTT,,W CENTRAL PARK AVE & CLARK ST,Collision with:  Vehicle in traffic,On Roadway,"Angle, oncoming left turn",FTYROW:  Making left turn,None Indicated,,Daylight,Dry,Cloudy,None apparent,Intersection:  Four-way intersection,Paved,,Property Damage Only,0,0,0,0,0,0,5000,2,4,,POINT (-90.620724893844 41.545435430379)
2014804593,14-025505,06/20/2014,06-June,6-Friday,13:20,1300 Hours,District 4 (Southwest),COUNCIL BLUFFS,POTTAWATTAMIE,,AVE B & N 28TH ST,Collision with:  Vehicle in traffic,On Roadway,Broadside (front to side),FTYROW:  From stop sign,None Indicated,,Daylight,Dry,Cloudy,None apparent,Intersection:  Four-way intersection,Paved,,Property Damage Only,0,0,0,0,0,0,6850,2,4,,POINT (-95.889109366237 41.263716938692)
2014804557,20140017541,06/20/2014,06-June,6-Friday,22:30,2200 Hours,District 1 (Central),DES MOINES,POLK,,31ST ST,Collision with fixed object:  Other fixed object (explain in narrative),Outside trafficway,Non-collision (single vehicle),Ran off road - straight,Under Influence of Alcohol/Drugs/Medications,,Dark - roadway lighted,Dry,Cloudy,None apparent,Non-intersection:  Driveway access (within),Paved,,Possible/Unknown,0,1,0,0,1,0,4900,1,1,,POINT (-93.658350456967 41.586169303277)
2014805605,S14-002264,06/20/2014,06-June,6-Friday,20:26,2000 Hours,District 4 (Southwest),,POTTAWATTAMIE,,Co Rd G37/OLD MORMON BRIDGE RD,Non-collision events:  Overturn/rollover,On Roadway,Non-collision (single vehicle),Crossed centerline (undivided),None Indicated,,Dark - roadway not lighted,Wet,Rain,None apparent,Non-intersection:  Non-junction/no special feature,Paved,,Minor Injury,0,1,0,1,0,0,35000,1,1,,POINT (-95.890112915563 41.357509963709)
2014804592,14-025495,06/20/2014,06-June,6-Friday,11:35,1100 Hours,District 4 (Southwest),COUNCIL BLUFFS,POTTAWATTAMIE,,N 10TH ST,Collision with:  Vehicle in traffic,On Roadway,Unknown,Unknown,None Indicated,,Daylight,Dry,Clear,None apparent,Non-intersection:  Non-junction/no special feature,Paved,,Property Damage Only,0,0,0,0,0,0,1700,2,777,,POINT (-95.858856306656 41.26547245687)
2014804595,14-025509,06/20/2014,06-June,6-Friday,13:05,1300 Hours,District 4 (Southwest),COUNCIL BLUFFS,POTTAWATTAMIE,US 6,US 6/KANESVILLE BLVD & NORTH AVE,Collision with:  Vehicle in traffic,On Roadway,Rear-end (front to rear),Unknown,None Indicated,,Daylight,Dry,Clear,None apparent,Non-intersection:  Non-junction/no special feature,Paved,,Property Damage Only,0,0,0,0,0,0,2000,2,2,,POINT (-95.831045679914 41.271302865546)
2014804406,14-21066,06/20/2014,06-June,6-Friday,22:14,2200 Hours,District 5 (Southeast),BURLINGTON,DES MOINES,,E ROOSEVELT FRONTAGE,Collision with:  Vehicle in traffic,On Roadway,"Sideswipe, opposite direction",Crossed centerline (undivided),None Indicated,,Dark - roadway lighted,Dry,Clear,None apparent,Non-intersection:  Non-junction/no special feature,Paved,,Property Damage Only,0,0,0,0,0,0,2500,2,7,,POINT (-91.140989553449 40.82010338154)
2014805157,14007152,06/20/2014,06-June,6-Friday,10:43,1000 Hours,District 1 (Central),MONTOUR,TAMA,,S MAIN ST & N MAIN ST & W ELM ST & E ELM ST,Collision with:  Parked motor vehicle,On Roadway,Rear-end (front to rear),Other (explain in narrative):  Other,None Indicated,,Daylight,Dry,Cloudy,None apparent,Non-intersection:  Non-junction/no special feature,Paved,,Property Damage Only,0,0,0,0,0,0,2000,2,1,,POINT (-92.714770841605 41.981098889387)
2014804425,14-006824,06/20/2014,06-June,6-Friday,04:23,0400 Hours,District 2 (Northeast),,FAYETTE,,Co Rd V68/W AVE,Collision with:  Animal,,,Animal,None Indicated,,,,,,,Paved,,Property Damage Only,0,0,0,0,0,0,5000,1,1,,POINT (-92.041703129396 42.778082840325)
2014804516,14-002675,06/20/2014,06-June,6-Friday,16:35,1600 Hours,District 1 (Central),ANKENY,POLK,,E 1ST ST,Collision with:  Vehicle in traffic,On Roadway,Rear-end (front to rear),Driver Distraction:  Reaching for object(s)/fallen object(s),None Indicated,,Daylight,Dry,Clear,None apparent,Intersection:  Four-way intersection,Paved,,Property Damage Only,0,0,0,0,0,0,9000,3,6,,POINT (-93.600147763159 41.731899208844)
2014805711,2014036387,06/20/2014,06-June,6-Friday,21:30,2100 Hours,District 2 (Northeast),,CERRO GORDO,I-35,I-35,Collision with:  Animal,,,Animal,None Indicated,,,,,,,Paved,,Property Damage Only,0,0,0,0,0,0,5000,1,1,,POINT (-93.351650079955 43.19419317754)
2014804649,14-19470,06/20/2014,06-June,6-Friday,13:48,1300 Hours,District 3 (Northwest),SIOUX CITY,WOODBURY,IA 12,IA 12/GORDON DR,Collision with:  Vehicle in traffic,On Roadway,Rear-end (front to rear),FTYROW:  Other (explain in narrative),None Indicated,,Daylight,Dry,Cloudy,Work Zone (roadway-related),Non-intersection:  Other non-intersection (explain in narrative),Paved,Yes,Possible/Unknown,0,1,0,0,1,0,800,2,7,,POINT (-96.395730951847 42.489791897939)
2014804551,20140017445,06/20/2014,06-June,6-Friday,14:24,1400 Hours,District 1 (Central),DES MOINES,POLK,,CLARK ST & 12TH ST,Collision with:  Vehicle in traffic,On Roadway,Broadside (front to side),Ran Stop Sign,None Indicated,,Daylight,Dry,Clear,None apparent,Intersection:  Four-way intersection,Paved,,Possible/Unknown,0,3,0,0,3,0,8400,2,6,,POINT (-93.633000554538 41.605839356993)
2014805936,F14201022,06/20/2014,06-June,6-Friday,10:22,1000 Hours,District 2 (Northeast),SHEFFIELD,FRANKLIN,US 65,US 65 & 255TH ST,Collision with:  Vehicle in traffic,On Roadway,Broadside (front to side),FTYROW:  From stop sign,None Indicated,,Daylight,Dry,Clear,None apparent,Intersection:  Four-way intersection,Paved,,Property Damage Only,0,0,0,0,0,0,16000,2,2,,POINT (-93.202187010066 42.898623195837)
2014805205,2014036375,06/20/2014,06-June,6-Friday,19:32,1900 Hours,District 1 (Central),,POLK,I-80,I-80,Collision with:  Animal,On Roadway,Non-collision (single vehicle),Animal,None Indicated,,Daylight,Dry,Clear,None apparent,"Interchange-related:  Off-ramp, diverge area",Paved,,Property Damage Only,0,0,0,0,0,0,1500,1,4,,POINT (-93.373851869259 41.680382893314)
2014816050,,06/20/2014,06-June,6-Friday,23:05,2300 Hours,District 3 (Northwest),,SAC,,Co Rd M54/ROLF AVE,Collision with:  Animal,On Roadway,Non-collision (single vehicle),Animal,None Indicated,,Dark - roadway not lighted,Dry,,None apparent,Non-intersection:  Non-junction/no special feature,Paved,,Property Damage Only,0,0,0,0,0,0,11000,1,1,,POINT (-95.013120471569 42.356590050565)
2014804502,14-004191,06/20/2014,06-June,6-Friday,16:10,1600 Hours,District 3 (Northwest),,MONONA,,Co Rd L20/L20,Collision with:  Vehicle in traffic,On Roadway,Rear-end (front to rear),FTYROW:  From driveway,None Indicated,,Daylight,"Mud, dirt",Cloudy,None apparent,Non-intersection:  Driveway access (within),Unpaved,,Possible/Unknown,0,2,0,0,2,0,13000,2,2,,POINT (-95.904503174166 42.056995861248)
2014804497,14014152,06/20/2014,06-June,6-Friday,13:45,1300 Hours,District 5 (Southeast),OSKALOOSA,MAHASKA,IA 92,IA 92/A AVE W,Collision with:  Vehicle in traffic,On Roadway,Broadside (front to side),FTYROW:  From driveway,None Indicated,,Daylight,Dry,Clear,None apparent,Non-intersection:  Driveway access (within),Paved,,Property Damage Only,0,0,0,0,0,0,2000,2,2,,POINT (-92.650040440319 41.296209246382)
2014805881,14-002936,06/20/2014,06-June,6-Friday,16:40,1600 Hours,District 1 (Central),AMES,STORY,US 69,US 69/S DUFF AVE & S 3RD ST & SE 3RD ST,Collision with:  Vehicle in traffic,On Roadway,Rear-end (front to rear),Driver Distraction:  Manual operation of an electronic communication device,None Indicated,,Daylight,Dry,Clear,None apparent,Intersection:  Four-way intersection,Paved,,Possible/Unknown,0,1,0,0,1,0,100,2,2,,POINT (-93.610315345039 42.020171535371)
2014804478,201408760,06/20/2014,06-June,6-Friday,17:08,1700 Hours,District 6 (East Central),CEDAR RAPIDS,LINN,,TRAILRIDGE RD SE & EAST POST RD SE,Collision with:  Vehicle in traffic,On Roadway,Broadside (front to side),FTYROW:  Making left turn,None Indicated,,Daylight,Dry,Clear,None apparent,Intersection:  Four-way intersection,Paved,,Property Damage Only,0,0,0,0,0,0,4000,3,5,,POINT (-91.604196827912 41.985810394642)
2014804416,01-14-26800,06/20/2014,06-June,6-Friday,16:08,1600 Hours,District 6 (East Central),DUBUQUE,DUBUQUE,,COUSINS RD & SEIPPEL RD,Collision with:  Vehicle in traffic,On Roadway,Broadside (front to side),FTYROW:  From stop sign,None Indicated,,Daylight,Dry,Clear,None apparent,Intersection:  Four-way intersection,Paved,,Possible/Unknown,0,1,0,0,1,0,6000,2,3,,POINT (-90.764798759576 42.477108467999)
2014808741,,06/20/2014,06-June,6-Friday,15:43,1500 Hours,District 2 (Northeast),CLEAR LAKE,CERRO GORDO,,W 10TH AVE N & BUDDY HOLLY PL,Collision with:  Vehicle in traffic,On Roadway,Broadside (front to side),FTYROW:  From stop sign,None Indicated,,Daylight,Dry,Clear,None apparent,Intersection:  Four-way intersection,Paved,,Minor Injury,0,2,0,2,0,0,4500,2,2,,POINT (-93.388687648719 43.144429826577)
2014804442,SO1402375,06/20/2014,06-June,6-Friday,20:20,2000 Hours,District 5 (Southeast),FAIRFIELD,JEFFERSON,,Co Rd W21/PLEASANT PLAIN RD,Collision with fixed object:  Guardrail - face,Shoulder,Non-collision (single vehicle),Ran off road - right,Alcohol (Statutory),,Daylight,Dry,Clear,None apparent,Non-intersection:  Non-junction/no special feature,Paved,,Property Damage Only,0,0,0,0,0,0,8100,1,1,,POINT (-91.948930350376 41.021150521708)
2014805236,14008856,06/20/2014,06-June,6-Friday,16:36,1600 Hours,District 5 (Southeast),,APPANOOSE,IA 5,IA 5/IOWA 5 & 240TH AVE,Non-collision events:  Overturn/rollover,Shoulder,Non-collision (single vehicle),Crossed centerline (undivided),None Indicated,,Daylight,Dry,Cloudy,None apparent,Intersection:  T-intersection,Paved,,Minor Injury,0,1,0,1,0,0,900,1,1,,POINT (-92.831164369213 40.824194544554)
2014804550,20140017442,06/20/2014,06-June,6-Friday,15:10,1500 Hours,District 1 (Central),DES MOINES,POLK,US 6,US 6/E EUCLID AVE & WRIGHT ST,Collision with:  Vehicle in traffic,On Roadway,Broadside (front to side),FTYROW:  From stop sign,None Indicated,,Daylight,Dry,Clear,None apparent,Intersection:  Four-way intersection,Paved,,Property Damage Only,0,0,0,0,0,0,2300,2,2,,POINT (-93.607247911968 41.627721674831)
2014806500,SO14-0755,06/20/2014,06-June,6-Friday,06:30,0600 Hours,District 2 (Northeast),,WRIGHT,US 69,US 69,Collision with:  Vehicle in traffic,On Roadway,Rear-end (front to rear),Followed too close,None Indicated,,Dawn,Water (standing or moving),"Fog, smoke, smog",None apparent,Non-intersection:  Non-junction/no special feature,Paved,,Property Damage Only,0,0,0,0,0,0,7000,2,5,,POINT (-93.616792158756 42.784655005116)
2014804382,W14-061428,06/20/2014,06-June,6-Friday,18:26,1800 Hours,District 2 (Northeast),WATERLOO,BLACK HAWK,US 218,US 218/WASHINGTON ST,Collision with:  Vehicle in traffic,On Roadway,"Sideswipe, same direction",Other (explain in narrative):  Other,None Indicated,,Daylight,Dry,Clear,None apparent,Interchange-related:  On-ramp merge area,Paved,,Property Damage Only,0,0,0,0,0,0,2650,2,4,,POINT (-92.295868736837 42.440171664528)
2014804555,20140017531,06/21/2014,06-June,7-Saturday,11:07,1100 Hours,District 1 (Central),DES MOINES,POLK,,MAURY ST,Collision with:  Vehicle in traffic,On Roadway,Rear-end (front to rear),Followed too close,None Indicated,,Daylight,Dry,Cloudy,None apparent,Non-intersection:  Non-junction/no special feature,Paved,,Property Damage Only,0,0,0,0,0,0,5100,2,2,,POINT (-93.57678184737 41.580833786923)
2014804385,201402807,06/21/2014,06-June,7-Saturday,00:16,0000 Hours,District 1 (Central),BOONE,BOONE,US 30,US 30/220TH ST,Collision with:  Animal,On Roadway,Non-collision (single vehicle),Animal,None Indicated,,Dark - roadway not lighted,Dry,Clear,None apparent,Non-intersection:  Non-junction/no special feature,Paved,,Property Damage Only,0,0,0,0,0,0,1500,1,2,,POINT (-93.971936348833 42.031621099347)
2014804749,14-0726,06/21/2014,06-June,7-Saturday,08:35,0800 Hours,District 1 (Central),CLIVE,POLK,US 6,US 6/HICKMAN RD & NW 100TH ST,Collision with:  Vehicle in traffic,On Roadway,Rear-end (front to rear),Other (explain in narrative):  Other,None Indicated,,Daylight,Dry,Clear,None apparent,Intersection:  Four-way intersection,Paved,,Property Damage Only,0,0,0,0,0,0,2000,2,2,,POINT (-93.75593429058 41.614842509624)
2014804541,20140017523,06/21/2014,06-June,7-Saturday,09:20,0900 Hours,District 1 (Central),DES MOINES,POLK,US 69,US 69/SE 14TH ST & E RAILROAD AVE,Collision with:  Vehicle in traffic,On Roadway,Rear-end (front to rear),Other (explain in narrative):  Other,None Indicated,,Daylight,Dry,Cloudy,None apparent,Non-intersection:  Non-junction/no special feature,Paved,,Possible/Unknown,0,1,0,0,1,0,10000,4,5,,POINT (-93.596881847595 41.578911728575)
2014804427,14004199,06/21/2014,06-June,7-Saturday,18:21,1800 Hours,District 1 (Central),WEBSTER CITY,HAMILTON,IA 17,IA 17/STAGE COACH RD/220TH ST & Co Rd D20,Collision with:  Vehicle in traffic,On Roadway,"Angle, oncoming left turn",Crossed centerline (undivided),Alcohol (Statutory),,Daylight,Dry,Clear,None apparent,Intersection:  T-intersection,Paved,,Minor Injury,0,2,0,2,0,0,5600,2,2,,POINT (-93.904249015925 42.472053254599)
2014805659,2014-41272,06/21/2014,06-June,7-Saturday,19:01,1900 Hours,District 6 (East Central),DAVENPORT,SCOTT,US 6,US 6/E KIMBERLY RD,Collision with:  Vehicle in traffic,On Roadway,"Sideswipe, same direction",Improper or erratic lane changing,None Indicated,,Daylight,Dry,Clear,None apparent,Non-intersection:  Non-junction/no special feature,Paved,,Property Damage Only,0,0,0,0,0,0,6000,2,4,,POINT (-90.542761445411 41.55689020899)
2014806894,2014-41349,06/21/2014,06-June,7-Saturday,23:08,2300 Hours,District 6 (East Central),DAVENPORT,SCOTT,,IA 461/BRADY ST & E 30TH ST,Collision with:  Vehicle in traffic,On Roadway,Broadside (front to side),FTYROW:  From stop sign,None Indicated,,Dark - roadway lighted,Dry,Clear,None apparent,Intersection:  Four-way intersection,Paved,,Property Damage Only,0,0,0,0,0,0,5600,2,3,,POINT (-90.57017855315 41.550952555017)
2014804600,14-025665,06/21/2014,06-June,7-Saturday,15:01,1500 Hours,District 4 (Southwest),COUNCIL BLUFFS,POTTAWATTAMIE,,W PIERCE ST & PARK AVE,Collision with:  Vehicle in traffic,On Roadway,Broadside (front to side),Ran Stop Sign,None Indicated,,Daylight,Dry,Clear,None apparent,Intersection:  Four-way intersection,Paved,,Minor Injury,0,1,0,1,0,0,7000,2,3,,POINT (-95.845604294232 41.261568034913)