Iowa DOT Case Number,Law Enforcement Case Number,Date of Crash,Month of Crash,Day of Week,Time of Crash,Hour,DOT District,City Name,County Name,Route with System,Location Description,First Harmful Event,Location of First Harmful Event,Manner of Crash/Collision,Major Cause,Drug or Alcohol ,Environmental Conditions,Light Conditions,Surface Conditions,Weather Conditions,Roadway Contribution,Roadway Type,Roadway Surface,Work Zone,Crash Severity,Number of Fatalities,Number of Injuries,Number of Major Injuries,Number of Minor Injuries,Number of Possible Injuries,Number of Unknown Injuries,Amount of Property Damage,Number of Vehicles Involved,Total Number of Occupants,Travel Direction,Location
2014804624,HR2014-41330,06/21/2014,06-June,7-Saturday,21:56,2100 Hours,District 6 (East Central),DAVENPORT,SCOTT,US 6,US 6/E KIMBERLY RD & IA 461/BRADY ST,Collision with:  Vehicle in traffic,On Roadway,"Sideswipe, same direction",Unknown,None Indicated,,Dark - roadway lighted,Dry,Clear,None apparent,Intersection:  Other intersection (explain in narrative),Paved,,Property Damage Only,0,0,0,0,0,0,3000,2,2,,POINT (-90.568234228567 41.560278064873)
2014804601,14-025684,06/21/2014,06-June,7-Saturday,17:52,1700 Hours,District 4 (Southwest),COUNCIL BLUFFS,POTTAWATTAMIE,,MCPHERSON AVE & W FERNDALE DR,Non-collision events:  Overturn/rollover,On Roadway,Non-collision (single vehicle),Ran off road - right,None Indicated,,Daylight,Dry,Clear,None apparent,Non-intersection:  Non-junction/no special feature,Paved,,Major Injury,0,1,1,0,0,0,14000,1,1,,POINT (-95.798839978766 41.261292251579)
2014805051,14-0729,06/21/2014,06-June,7-Saturday,21:32,2100 Hours,District 1 (Central),CLIVE,POLK,I-35,I-35,Collision with:  Vehicle in traffic,On Roadway,Rear-end (front to rear),Swerving/Evasive Action,None Indicated,,Dark - roadway not lighted,Dry,Clear,None apparent,Interchange-related:  On-ramp,Paved,,Property Damage Only,0,0,0,0,0,0,2200,2,4,,POINT (-93.778130356875 41.602147401098)
2014805405,,06/21/2014,06-June,7-Saturday,22:48,2200 Hours,District 5 (Southeast),LAMONI,DECATUR,,N MAPLE ST,Collision with:  Parked motor vehicle,On Roadway,Rear-end (front to rear),Improper Backing,None Indicated,,Dark - roadway not lighted,Dry,Clear,None apparent,Non-intersection:  Non-junction/no special feature,Paved,,Property Damage Only,0,0,0,0,0,0,1744,2,6,,POINT (-93.932105670904 40.623861256769)
2014805001,14-21181,06/21/2014,06-June,7-Saturday,21:42,2100 Hours,District 5 (Southeast),BURLINGTON,DES MOINES,US 61,US 61 & STONEGATE CENTER DR,Collision with:  Animal,On Roadway,Non-collision (single vehicle),Animal,None Indicated,,Dark - roadway not lighted,Dry,Clear,None apparent,Non-intersection:  Non-junction/no special feature,Paved,,Minor Injury,0,1,0,1,0,0,2500,1,1,,POINT (-91.142138523042 40.789549270941)
2014804783,14S00935,06/21/2014,06-June,7-Saturday,13:31,1300 Hours,District 4 (Southwest),,UNION,,190TH ST,Non-collision events:  Overturn/rollover,Outside trafficway,Non-collision (single vehicle),Swerving/Evasive Action,None Indicated,,Daylight,Dry,Clear,Ruts/holes/bumps,Non-intersection:  Non-junction/no special feature,Unpaved,,Possible/Unknown,0,5,0,0,5,0,5000,1,5,,POINT (-94.414099190728 41.028698763405)
2014804792,S14-6093,06/21/2014,06-June,7-Saturday,03:30,0300 Hours,District 3 (Northwest),LAWTON,WOODBURY,US 20,US 20 & EASTLAND AVE,Collision with:  Animal,,,Animal,None Indicated,,,,,,,Paved,,Property Damage Only,0,0,0,0,0,0,3000,1,1,,POINT (-96.19366342659 42.475157519626)
2014804383,W14-061771,06/21/2014,06-June,7-Saturday,09:27,0900 Hours,District 2 (Northeast),WATERLOO,BLACK HAWK,,W RIDGEWAY AVE & GREYHOUND DR,Collision with:  Vehicle in traffic,On Roadway,Rear-end (front to rear),Followed too close,None Indicated,,Daylight,Dry,Cloudy,Work Zone (roadway-related),Non-intersection:  Non-junction/no special feature,Paved,Yes,Minor Injury,0,2,0,2,0,0,11000,2,2,,POINT (-92.405047242693 42.469240003809)
2014804419,01-14-26993,06/21/2014,06-June,7-Saturday,15:42,1500 Hours,District 6 (East Central),DUBUQUE,DUBUQUE,US 52,US 52/CENTRAL AVE & W 32ND ST & E 32ND ST,Collision with:  Vehicle in traffic,On Roadway,"Angle, oncoming left turn",FTYROW:  Making left turn,None Indicated,,Daylight,Dry,Cloudy,None apparent,Intersection:  Four-way intersection,Paved,,Property Damage Only,0,0,0,0,0,0,2500,2,2,,POINT (-90.682830306456 42.527493970575)
2014804654,14-19623,06/21/2014,06-June,7-Saturday,14:55,1400 Hours,District 3 (Northwest),SIOUX CITY,WOODBURY,,W 7TH ST & OMAHA ST,Collision with:  Vehicle in traffic,On Roadway,Broadside (front to side),Ran Traffic Signal,None Indicated,,Daylight,Dry,Clear,None apparent,Intersection:  Four-way intersection,Paved,,Property Damage Only,0,0,0,0,0,0,3500,2,2,,POINT (-96.417284715572 42.502639215523)
2014808742,,06/21/2014,06-June,7-Saturday,10:03,1000 Hours,District 2 (Northeast),CLEAR LAKE,CERRO GORDO,,2ND AVE N & N 8TH ST,Collision with:  Vehicle in traffic,On Roadway,"Sideswipe, same direction",Crossed centerline (undivided),None Indicated,,Daylight,Dry,Clear,None apparent,Intersection:  Four-way intersection,Paved,,Possible/Unknown,0,2,0,0,2,0,8500,2,2,,POINT (-93.378768305937 43.139222268235)
2014807523,2014-42301,06/21/2014,06-June,7-Saturday,02:15,0200 Hours,District 6 (East Central),DAVENPORT,SCOTT,US 6,US 6/W KIMBERLY RD & NORTHWEST BLVD,Collision with fixed object:  Utility pole/light support,Outside trafficway,Non-collision (single vehicle),Lost Control,None Indicated,,Dark - roadway lighted,Dry,Clear,Unknown,Unknown,Paved,,Minor Injury,0,1,0,1,0,0,5000,1,2,,POINT (-90.578336989072 41.560113133958)
2014805234,,06/21/2014,06-June,7-Saturday,16:40,1600 Hours,District 6 (East Central),CEDAR RAPIDS,LINN,IA 922,IA 922/1ST AVE E & 16TH ST SE,Collision with:  Vehicle in traffic,On Roadway,Unknown,Unknown,None Indicated,,Daylight,Dry,Clear,,Intersection:  T-intersection,Paved,,Property Damage Only,0,0,0,0,0,0,12000,2,2,,POINT (-91.649540244811 41.98970323726)
2014804717,14-15264,06/21/2014,06-June,7-Saturday,14:15,1400 Hours,District 1 (Central),LAMBS GROVE,JASPER,,Co Rd F48/HWY F-48 W & WALNUT DR,Collision with:  Vehicle in traffic,On Roadway,Broadside (front to side),FTYROW:  From stop sign,None Indicated,,Daylight,Dry,Clear,None apparent,Intersection:  T-intersection,Paved,,Minor Injury,0,1,0,1,0,0,12500,2,4,,POINT (-93.083490994675 41.699146045809)
2014804483,201408812,06/21/2014,06-June,7-Saturday,11:47,1100 Hours,District 6 (East Central),CEDAR RAPIDS,LINN,,WILEY BLVD SW & 20TH AVE SW,Collision with:  Vehicle in traffic,On Roadway,Broadside (front to side),Ran Traffic Signal,None Indicated,,Daylight,Dry,Clear,None apparent,Intersection:  Four-way intersection,Paved,,Minor Injury,0,1,0,1,0,0,10500,2,3,,POINT (-91.725799211251 41.960169311168)
2014804386,201402813,06/21/2014,06-June,7-Saturday,08:29,0800 Hours,District 1 (Central),,BOONE,US 30,US 30/230TH ST/NE RAMP/SE RAMP,Collision with:  Vehicle in traffic,On Roadway,"Sideswipe, same direction",Lost Control,None Indicated,,Daylight,Dry,Cloudy,None apparent,Intersection:  Intersection with ramp,Paved,,Property Damage Only,0,0,0,0,0,0,4126,2,3,,POINT (-93.713632713772 42.018936215559)
2014804621,2014-41181,06/21/2014,06-June,7-Saturday,10:56,1000 Hours,District 6 (East Central),DAVENPORT,SCOTT,,E 46TH ST & FOREST RD,Collision with:  Vehicle in traffic,On Roadway,Rear-end (front to rear),Followed too close,None Indicated,,Daylight,Dry,Cloudy,None apparent,Non-intersection:  Non-junction/no special feature,Paved,,Property Damage Only,0,0,0,0,0,0,1500,2,2,,POINT (-90.533458445414 41.567561570122)
2014805004,14-4789,06/21/2014,06-June,7-Saturday,22:52,2200 Hours,District 3 (Northwest),,IDA,US 20,US 20,Collision with:  Animal,,,Animal,None Indicated,,,,,,,Paved,,Property Damage Only,0,0,0,0,0,0,3200,1,1,,POINT (-95.448628340649 42.474672306926)
2014804620,2014-41169,06/21/2014,06-June,7-Saturday,09:02,0900 Hours,District 6 (East Central),DAVENPORT,SCOTT,,E 53RD ST & ELMORE AVE,Collision with:  Vehicle in traffic,On Roadway,"Angle, oncoming left turn",Unknown,None Indicated,,Daylight,Dry,Cloudy,None apparent,Intersection:  Four-way intersection,Paved,,Property Damage Only,0,0,0,0,0,0,7500,2,2,,POINT (-90.528586977681 41.574860104089)
2014804581,14-2907,06/21/2014,06-June,7-Saturday,14:58,1400 Hours,District 1 (Central),WEST DES MOINES,POLK,,42ND ST,Collision with:  Vehicle in traffic,On Roadway,"Sideswipe, same direction",FTYROW:  Other (explain in narrative),None Indicated,,Daylight,Dry,Clear,None apparent,Non-intersection:  Non-junction/no special feature,Paved,,Property Damage Only,0,0,0,0,0,0,13000,2,4,,POINT (-93.761614687813 41.595727780723)
2014804819,14-21129,06/21/2014,06-June,7-Saturday,09:57,0900 Hours,District 5 (Southeast),WEST BURLINGTON,DES MOINES,,S GEAR AVE & FORREST AVE,Collision with:  Vehicle in traffic,On Roadway,Rear-end (front to rear),FTYROW:  Other (explain in narrative),None Indicated,,Daylight,Dry,Clear,None apparent,Non-intersection:  Driveway access (within),Paved,,Property Damage Only,0,0,0,0,0,0,6000,2,2,,POINT (-91.170150106708 40.813507556021)
2014804479,201408803,06/21/2014,06-June,7-Saturday,09:23,0900 Hours,District 6 (East Central),CEDAR RAPIDS,LINN,,5TH AVE SE,Collision with:  Vehicle in traffic,On Roadway,"Sideswipe, same direction",Made improper turn,None Indicated,,Daylight,Dry,Cloudy,None apparent,Non-intersection:  Non-junction/no special feature,Paved,,Property Damage Only,0,0,0,0,0,0,3000,2,4,,POINT (-91.663523129694 41.976285205399)
2014804622,2014-41188,06/21/2014,06-June,7-Saturday,11:24,1100 Hours,District 6 (East Central),DAVENPORT,SCOTT,,W LOCUST ST,Collision with:  Vehicle in traffic,On Roadway,Rear-end (front to rear),Followed too close,None Indicated,,Daylight,Dry,Clear,None apparent,Non-intersection:  Non-junction/no special feature,Paved,,Property Damage Only,0,0,0,0,0,0,4000,2,2,,POINT (-90.593427672051 41.538310403471)
2014811111,201436508,06/21/2014,06-June,7-Saturday,16:35,1600 Hours,District 2 (Northeast),,FAYETTE,,Co Rd C24/KORNHILL RD,Collision with fixed object:  Ditch,On Roadway,Non-collision (single vehicle),Swerving/Evasive Action,None Indicated,,Daylight,Dry,Cloudy,"Surface condition (e.g., wet, icy)",Non-intersection:  Non-junction/no special feature,Paved,,Minor Injury,0,1,0,1,0,0,4000,1,1,,POINT (-91.677910010856 42.82352981908)
2014805344,2014-13102,06/21/2014,06-June,7-Saturday,02:52,0200 Hours,District 5 (Southeast),,WARREN,IA 5,IA 5/IOWA 5,Collision with:  Animal,On Roadway,Non-collision (single vehicle),Animal,None Indicated,,Dark - roadway not lighted,Wet,Rain,None apparent,Non-intersection:  Non-junction/no special feature,Paved,,Property Damage Only,0,0,0,0,0,0,10000,1,2,,POINT (-93.465899734592 41.488857974592)
2014804582,14-2911,06/21/2014,06-June,7-Saturday,19:37,1900 Hours,District 1 (Central),WEST DES MOINES,POLK,,50TH ST,Collision with:  Vehicle in traffic,On Roadway,Broadside (front to side),FTYROW:  Making left turn,Alcohol (Statutory),,Daylight,Dry,Clear,None apparent,Non-intersection:  Driveway access (within),Paved,,Property Damage Only,0,0,0,0,0,0,2000,2,3,,POINT (-93.771121130687 41.59096264662)
2014804740,14680697,06/21/2014,06-June,7-Saturday,22:06,2200 Hours,District 5 (Southeast),,MONROE,IA 5,IA 5/IOWA 5,Collision with:  Animal,,,Animal,None Indicated,,,,,,,Paved,,Property Damage Only,0,0,0,0,0,0,2500,1,1,,POINT (-92.830600268986 40.901351078012)
2014804403,14005196,06/21/2014,06-June,7-Saturday,05:41,0500 Hours,District 6 (East Central),,DELAWARE,,Co Rd D47/315TH ST,Collision with fixed object:  Traffic sign support,On Roadway,Non-collision (single vehicle),Ran off road - right,None Indicated,,Unknown,Dry,Clear,None apparent,Non-intersection:  Non-junction/no special feature,Paved,,Property Damage Only,0,0,0,0,0,0,3100,1,1,,POINT (-91.362605190178 42.337014961822)
2014804558,20140017548,06/21/2014,06-June,7-Saturday,14:27,1400 Hours,District 1 (Central),DES MOINES,POLK,,E UNIVERSITY AVE & YORK ST,Collision with:  Vehicle in traffic,On Roadway,"Angle, oncoming left turn",FTYROW:  Making left turn,None Indicated,,Daylight,Dry,Clear,None apparent,Intersection:  Four-way intersection,Paved,,Property Damage Only,0,0,0,0,0,0,8000,2,2,,POINT (-93.601929052635 41.600538852297)
2014804656,14-19661,06/21/2014,06-June,7-Saturday,21:32,2100 Hours,District 3 (Northwest),SIOUX CITY,WOODBURY,,33RD ST & JENNINGS ST,Collision with fixed object:  Other fixed object (explain in narrative),Roadside,Non-collision (single vehicle),Ran off road - left,None Indicated,,Dark - roadway lighted,Dry,Cloudy,None apparent,Intersection:  T-intersection,Paved,,Possible/Unknown,0,1,0,0,1,0,3500,1,1,,POINT (-96.399428184848 42.527230814543)
2014804597,14-025614,06/21/2014,06-June,7-Saturday,03:03,0300 Hours,District 4 (Southwest),COUNCIL BLUFFS,POTTAWATTAMIE,,27TH AVE & S 17TH ST,Unknown,On Roadway,Head-on (front to front),Unknown,None Indicated,,Unknown,Unknown,Unknown,None apparent,Non-intersection:  Non-junction/no special feature,Paved,,Property Damage Only,0,0,0,0,0,0,2001,2,1,,POINT (-95.869149799618 41.23504489861)
2014804787,891404019,06/21/2014,06-June,7-Saturday,21:30,2100 Hours,District 5 (Southeast),,VAN BUREN,,Co Rd V64/RTE V64,Collision with:  Animal,On Roadway,Non-collision (single vehicle),Animal,None Indicated,,Dark - roadway not lighted,Dry,Clear,None apparent,Non-intersection:  Non-junction/no special feature,Paved,,Minor Injury,0,1,0,1,0,0,8000,1,1,,POINT (-92.087245299629 40.751621996269)
2014804500,1400000541,06/21/2014,06-June,7-Saturday,11:38,1100 Hours,District 1 (Central),GILMAN,MARSHALL,IA 146,IA 146/STRAIT ST,Collision with:  Vehicle in traffic,On Roadway,"Angle, oncoming left turn",FTYROW:  Making left turn,None Indicated,,Daylight,Dry,Cloudy,None apparent,Intersection:  Y-intersection,Paved,,Property Damage Only,0,0,0,0,0,0,5000,2,2,,POINT (-92.783783282757 41.877005225691)
2014804690,14-6366,06/21/2014,06-June,7-Saturday,08:05,0800 Hours,District 3 (Northwest),CARROLL,CARROLL,,10TH ST & MAIN ST,Collision with:  Vehicle in traffic,On Roadway,Broadside (front to side),FTYROW:  From stop sign,None Indicated,,Daylight,Dry,Clear,None apparent,Intersection:  Four-way intersection,Paved,,Property Damage Only,0,0,0,0,0,0,5000,2,2,,POINT (-94.865222165035 42.069869219279)
2014805871,14-000738,06/21/2014,06-June,7-Saturday,21:44,2100 Hours,District 1 (Central),,STORY,,Co Rd S14/620TH AVE,Collision with:  Non-motorist (see non-motorist section - NOT a unit),On Roadway,Non-collision (single vehicle),Swerving/Evasive Action,None Indicated,,Dark - roadway not lighted,Dry,Cloudy,None apparent,Non-intersection:  Non-junction/no special feature,Paved,,Minor Injury,0,2,0,2,0,0,600,1,3,,POINT (-93.462630608787 42.069983586887)
2014805927,14009062,06/21/2014,06-June,7-Saturday,20:27,2000 Hours,District 6 (East Central),,CEDAR,,Co Rd F28/BAKER AVE,Collision with:  Animal,,,Animal,None Indicated,,,,,,,Paved,,Property Damage Only,0,0,0,0,0,0,5000,1,1,,POINT (-91.341480043016 41.780453465882)
2014815794,,06/21/2014,06-June,7-Saturday,17:07,1700 Hours,District 3 (Northwest),,DICKINSON,,Co Rd M27/130TH AVE,Non-collision events:  Other non-collision (explain in narrative),Outside trafficway,Non-collision (single vehicle),Ran off road - right,None Indicated,,Daylight,Dry,Clear,None apparent,Non-intersection:  Non-junction/no special feature,Paved,,Fatal,1,0,0,0,0,0,2500,1,1,,POINT (-95.328628264137 43.425703691927)
2014805013,140980898,06/21/2014,06-June,7-Saturday,20:00,2000 Hours,District 6 (East Central),,JOHNSON,,CEMETERY RD,Collision with fixed object:  Ditch,On Roadway,Non-collision (single vehicle),Swerving/Evasive Action,None Indicated,,Dusk,Dry,Cloudy,None apparent,Non-intersection:  Non-junction/no special feature,Unpaved,,Major Injury,0,2,1,1,0,0,10000,1,5,,POINT (-91.783208119268 41.771112078533)
2014804667,2014036422,06/21/2014,06-June,7-Saturday,06:50,0600 Hours,District 6 (East Central),,BENTON,I-380,I-380,Collision with:  Animal,On Roadway,Non-collision (single vehicle),Animal,None Indicated,,Daylight,Dry,Cloudy,None apparent,Non-intersection:  Non-junction/no special feature,Paved,,Property Damage Only,0,0,0,0,0,0,2000,1,1,,POINT (-91.846208428042 42.216051894993)
2014850902,0621141650,06/21/2014,06-June,7-Saturday,21:20,2100 Hours,District 5 (Southeast),GRANDVIEW,LOUISA,,F AVE,Non-collision events:  Overturn/rollover,On Roadway,Non-collision (single vehicle),Ran off road - right,Alcohol (Statutory),,Daylight,Dry,Clear,None apparent,Non-intersection:  Non-junction/no special feature,Paved,,Minor Injury,0,1,0,1,0,0,5000,1,1,,POINT (-91.099141952083 41.33281795183)
2014804560,20140017551,06/21/2014,06-June,7-Saturday,15:05,1500 Hours,District 1 (Central),DES MOINES,POLK,US 69,US 69/SE 14TH ST,Collision with:  Vehicle in traffic,On Roadway,Rear-end (front to rear),Followed too close,None Indicated,,Daylight,Dry,Clear,None apparent,Non-intersection:  Non-junction/no special feature,Paved,,Possible/Unknown,0,1,0,0,1,0,6500,3,4,,POINT (-93.596863745307 41.579551338138)
2014804556,20140017537,06/21/2014,06-June,7-Saturday,12:15,1200 Hours,District 1 (Central),DES MOINES,POLK,,16TH ST,Collision with:  Vehicle in traffic,On Roadway,Broadside (front to side),Unknown,None Indicated,,Daylight,Dry,Clear,None apparent,Non-intersection:  Non-junction/no special feature,Paved,,Property Damage Only,0,0,0,0,0,0,3500,2,2,,POINT (-93.639042086126 41.602707447558)
2014804537,20140017508,06/21/2014,06-June,7-Saturday,02:33,0200 Hours,District 1 (Central),DES MOINES,POLK,US 69,US 69/E 14TH ST & E GRAND AVE,Collision with:  Vehicle in traffic,On Roadway,"Sideswipe, same direction",Made improper turn,None Indicated,,Dark - roadway lighted,Wet,Rain,None apparent,Non-intersection:  Non-junction/no special feature,Paved,,Property Damage Only,0,0,0,0,0,0,20000,2,8,,POINT (-93.597938933952 41.593371894154)
2014804565,20140017581,06/21/2014,06-June,7-Saturday,20:18,2000 Hours,District 1 (Central),DES MOINES,POLK,,MERLE HAY RD,Collision with:  Vehicle in traffic,On Roadway,Rear-end (front to rear),FTYROW:  Other (explain in narrative),None Indicated,,Daylight,Dry,Cloudy,None apparent,Non-intersection:  Non-junction/no special feature,Paved,,Minor Injury,0,1,0,1,0,0,4500,2,3,,POINT (-93.697760660416 41.611733550442)
2014804513,14-4106,06/21/2014,06-June,7-Saturday,18:11,1800 Hours,District 1 (Central),,POLK,IA 141,IA 141/IOWA 141,Collision with:  Vehicle in traffic,On Roadway,Broadside (front to side),Unknown,None Indicated,,Daylight,Dry,Clear,None apparent,Intersection:  Four-way intersection,Paved,,Possible/Unknown,0,1,0,0,1,0,23000,2,4,,POINT (-93.77521243484 41.725159057732)
2014804644,14-1843,06/21/2014,06-June,7-Saturday,15:50,1500 Hours,District 1 (Central),FORT DODGE,WEBSTER,,7TH AVE N & N 15TH ST,Collision with:  Vehicle in traffic,On Roadway,Broadside (front to side),Ran Traffic Signal,None Indicated,,Daylight,Dry,Clear,None apparent,Intersection:  Four-way intersection,Paved,,Possible/Unknown,0,1,0,0,1,0,30000,2,2,,POINT (-94.178030888154 42.512865605846)
2014805189,2014036463,06/21/2014,06-June,7-Saturday,11:00,1100 Hours,District 5 (Southeast),,WARREN,IA 92,IA 92/IOWA 92 & 60TH AVE,Collision with:  Vehicle in traffic,On Roadway,Broadside (front to side),Ran Stop Sign,None Indicated,,Daylight,Dry,Clear,None apparent,Intersection:  T-intersection,Paved,,Possible/Unknown,0,1,0,0,1,0,10000,2,2,,POINT (-93.692936935422 41.366761741686)
2014805870,14-000735,06/21/2014,06-June,7-Saturday,10:05,1000 Hours,District 1 (Central),,STORY,I-35,I-35,Collision with:  Vehicle in traffic,On Roadway,"Sideswipe, same direction",Swerving/Evasive Action,None Indicated,,Daylight,Dry,Cloudy,None apparent,Non-intersection:  Non-junction/no special feature,Paved,,Property Damage Only,0,0,0,0,0,0,8000,2,2,,POINT (-93.569455273118 42.151470929258)
2014804602,14-025712,06/21/2014,06-June,7-Saturday,20:58,2000 Hours,District 4 (Southwest),COUNCIL BLUFFS,POTTAWATTAMIE,,23RD AVE,Collision with:  Vehicle in traffic,On Roadway,Broadside (front to side),FTYROW:  From stop sign,None Indicated,,Dusk,Dry,Clear,None apparent,Intersection:  Four-way intersection,Paved,,Property Damage Only,0,0,0,0,0,0,3000,2,5,,POINT (-95.858301007561 41.239340783281)
2014804772,14-0697,06/21/2014,06-June,7-Saturday,13:12,1300 Hours,District 1 (Central),PLEASANT HILL,POLK,,INDEPENDENCE DR & LEXINGTON DR,Collision with:  Parked motor vehicle,On Roadway,Unknown,Swerving/Evasive Action,None Indicated,,Daylight,Dry,Cloudy,None apparent,Intersection:  T-intersection,Paved,,Property Damage Only,0,0,0,0,0,0,7000,2,1,,POINT (-93.526256470458 41.587093010742)
2014810141,2014006171,06/21/2014,06-June,7-Saturday,22:51,2200 Hours,District 1 (Central),MARSHALLTOWN,MARSHALL,,MAY ST,Collision with:  Parked motor vehicle,On Roadway,Head-on (front to front),Driver Distraction:  Manual operation of an electronic communication device,None Indicated,,Dark - roadway lighted,Dry,Clear,None apparent,Non-intersection:  Non-junction/no special feature,Paved,,Property Damage Only,0,0,0,0,0,0,12000,3,1,,POINT (-92.896503983311 42.039436410723)
2014804420,01-14-26998,06/21/2014,06-June,7-Saturday,15:58,1500 Hours,District 6 (East Central),DUBUQUE,DUBUQUE,,PENNSYLVANIA AVE & OHIO AVE,Collision with fixed object:  Utility pole/light support,On Roadway,Non-collision (single vehicle),Lost Control,None Indicated,,Daylight,Dry,Cloudy,None apparent,Non-intersection:  Non-junction/no special feature,Paved,,Property Damage Only,0,0,0,0,0,0,21915,1,3,,POINT (-90.708776500217 42.500477969313)
2014804655,14-19638,06/21/2014,06-June,7-Saturday,18:21,1800 Hours,District 3 (Northwest),SIOUX CITY,WOODBURY,IA 12,IA 12/GORDON DR & S PALMETTO ST,Collision with:  Vehicle in traffic,On Roadway,"Sideswipe, same direction",FTYROW:  Other (explain in narrative),None Indicated,,Daylight,Dry,Clear,None apparent,Intersection:  T-intersection,Paved,,Property Damage Only,0,0,0,0,0,0,3500,2,4,,POINT (-96.34571472297 42.475893819491)
2014804699,14003622,06/21/2014,06-June,7-Saturday,01:07,0100 Hours,District 2 (Northeast),MASON CITY,CERRO GORDO,US 18,US 18/SE RAMP,Collision with:  Animal,,,Animal,None Indicated,,,,,,,Paved,,Property Damage Only,0,0,0,0,0,0,1500,1,1,,POINT (-93.117628006783 43.113494442239)
2014806486,14-150,06/21/2014,06-June,7-Saturday,07:00,0700 Hours,District 4 (Southwest),,TAYLOR,,Co Rd J35/3RD ST,Non-collision events:  Overturn/rollover,On Roadway,Non-collision (single vehicle),Swerving/Evasive Action,None Indicated,,Daylight,Dry,Clear,None apparent,Non-intersection:  Other non-intersection (explain in narrative),Paved,,Possible/Unknown,0,1,0,0,0,1,10000,1,1,,POINT (-94.749147303051 40.757153781056)
2014805191,2014036562,06/21/2014,06-June,7-Saturday,21:35,2100 Hours,District 4 (Southwest),,CASS,I-80,I-80,Collision with:  Animal,,,Animal,None Indicated,,,,,,,Paved,,Property Damage Only,0,0,0,0,0,0,5000,1,1,,POINT (-94.995127770756 41.497291045811)
2014804978,SO140244,06/21/2014,06-June,7-Saturday,15:33,1500 Hours,District 4 (Southwest),,ADAMS,US 34,US 34,Collision with:  Other non-fixed object (explain in narrative),Gore,Non-collision (single vehicle),Ran off road - left,None Indicated,,Daylight,Dry,Clear,None apparent,Non-intersection:  Non-junction/no special feature,Paved,,Major Injury,0,2,1,1,0,0,2000,1,3,,POINT (-94.470835350295 40.978832916973)
2014804368,14061776,06/21/2014,06-June,7-Saturday,09:54,0900 Hours,District 2 (Northeast),CEDAR FALLS,BLACK HAWK,,UNIVERSITY AVE & PANTHER LN,Collision with:  Vehicle in traffic,On Roadway,Broadside (front to side),FTYROW:  From stop sign,None Indicated,,Daylight,Dry,Clear,None apparent,Intersection:  Intersection with ramp,Paved,,Property Damage Only,0,0,0,0,0,0,2500,2,3,,POINT (-92.461497086766 42.509586197743)
2014804482,210408821,06/21/2014,06-June,7-Saturday,16:20,1600 Hours,District 6 (East Central),CEDAR RAPIDS,LINN,IA 100,IA 100/COLLINS RD NE & COUNCIL ST NE,Collision with:  Vehicle in traffic,On Roadway,Rear-end (front to rear),Followed too close,None Indicated,,Daylight,Dry,Clear,None apparent,Non-intersection:  Non-junction/no special feature,Paved,,Possible/Unknown,0,1,0,0,1,0,3000,2,2,,POINT (-91.658310464456 42.028506553814)
2014805009,14-040622-01,06/22/2014,06-June,1-Sunday,22:45,2200 Hours,District 6 (East Central),,IOWA,US 151,US 151/42ND AVE,Collision with:  Animal,,,Animal,None Indicated,,,,,,,Paved,,Property Damage Only,0,0,0,0,0,0,2000,1,1,,POINT (-91.871978663533 41.765461081521)
2014804603,14-025777,06/22/2014,06-June,1-Sunday,02:00,0200 Hours,District 4 (Southwest),COUNCIL BLUFFS,POTTAWATTAMIE,I-29,I-29,Non-collision events:  Other non-collision (explain in narrative),Shoulder,Non-collision (single vehicle),Ran off road - right,None Indicated,,Dark - roadway lighted,Dry,Clear,None apparent,Interchange-related:  Off-ramp,Paved,,Property Damage Only,0,0,0,0,0,0,1500,1,1,,POINT (-95.897694182276 41.233284784473)
2014805011,14-150622-01,06/22/2014,06-June,1-Sunday,16:00,1600 Hours,District 6 (East Central),,IOWA,I-80,I-80,Non-collision events:  Other non-collision (explain in narrative),On Roadway,Non-collision (single vehicle),Other (explain in narrative):  No improper action,None Indicated,,Daylight,Wet,Rain,"Surface condition (e.g., wet, icy)",Non-intersection:  Non-junction/no special feature,Paved,,Property Damage Only,0,0,0,0,0,0,1500,1,3,,POINT (-92.171274222312 41.696071208908)
2014804711,14-21253,06/22/2014,06-June,1-Sunday,11:43,1100 Hours,District 5 (Southeast),BURLINGTON,DES MOINES,,9TH ST,Non-collision events:  Other non-collision (explain in narrative),On Roadway,Non-collision (single vehicle),Other (explain in narrative):  Other,None Indicated,,Daylight,Dry,Clear,None apparent,Intersection:  T-intersection,Paved,,Major Injury,0,1,1,0,0,0,1500,1,1,,POINT (-91.110069790293 40.809521128584)
2014806665,2014036580,06/22/2014,06-June,1-Sunday,23:44,2300 Hours,District 1 (Central),ALTOONA,POLK,I-80,I-80,Collision with:  Animal,,Non-collision (single vehicle),Animal,None Indicated,,,,,,,Paved,,Property Damage Only,0,0,0,0,0,0,1500,1,1,,POINT (-93.508247936726 41.661942929598)
2014804529,20140017673,06/22/2014,06-June,1-Sunday,18:01,1800 Hours,District 1 (Central),DES MOINES,POLK,,BROAD ST,Collision with:  Vehicle in traffic,On Roadway,Rear-end (front to rear),Followed too close,None Indicated,,Daylight,Dry,Cloudy,None apparent,Non-intersection:  Non-junction/no special feature,Paved,,Property Damage Only,0,0,0,0,0,0,4000,2,4,,POINT (-93.624892867613 41.559063976843)
2014805023,14-18622,06/22/2014,06-June,1-Sunday,21:42,2100 Hours,District 5 (Southeast),DONNELLSON,LEE,IA 2,IA 2/IOWA 2 & NO NAME,Collision with:  Animal,,,Animal,None Indicated,,,,,,,Paved,,Property Damage Only,0,0,0,0,0,0,1500,1,1,,POINT (-91.512073146409 40.632270325962)
2014804730,2014002137,06/22/2014,06-June,1-Sunday,02:49,0200 Hours,District 6 (East Central),,LINN,I-380,I-380,Collision with:  Animal,,,Animal,None Indicated,,,,,,,Paved,,Property Damage Only,0,0,0,0,0,0,2000,1,1,,POINT (-91.740363786564 42.142411613157)