Iowa DOT Case Number,Law Enforcement Case Number,Date of Crash,Month of Crash,Day of Week,Time of Crash,Hour,DOT District,City Name,County Name,Route with System,Location Description,First Harmful Event,Location of First Harmful Event,Manner of Crash/Collision,Major Cause,Drug or Alcohol ,Environmental Conditions,Light Conditions,Surface Conditions,Weather Conditions,Roadway Contribution,Roadway Type,Roadway Surface,Work Zone,Crash Severity,Number of Fatalities,Number of Injuries,Number of Major Injuries,Number of Minor Injuries,Number of Possible Injuries,Number of Unknown Injuries,Amount of Property Damage,Number of Vehicles Involved,Total Number of Occupants,Travel Direction,Location
2014804668,2014036656,06/22/2014,06-June,1-Sunday,14:30,1400 Hours,District 1 (Central),,HAMILTON,I-35,I-35,Collision with:  Vehicle in traffic,On Roadway,Rear-end (front to rear),Swerving/Evasive Action,None Indicated,,Daylight,Dry,Cloudy,Work Zone (roadway-related),Non-intersection:  Non-junction/no special feature,Paved,Yes,Possible/Unknown,0,1,0,0,1,0,6000,2,2,,POINT (-93.570402418935 42.38046700696)
2014804394,80206228021,06/22/2014,06-June,1-Sunday,01:15,0100 Hours,District 6 (East Central),,CLINTON,US 30,US 30,Collision with fixed object:  Ditch,On Roadway,Non-collision (single vehicle),Crossed centerline (undivided),Refused,,Dark - roadway not lighted,Dry,Clear,None apparent,Non-intersection:  Non-junction/no special feature,Paved,,Property Damage Only,0,0,0,0,0,0,2000,1,1,,POINT (-90.598944851596 41.825688851083)
2014804585,14-0522,06/22/2014,06-June,1-Sunday,08:39,0800 Hours,District 1 (Central),WINDSOR HEIGHTS,POLK,,73RD ST,Collision with fixed object:  Utility pole/light support,On Roadway,Non-collision (single vehicle),Driving too fast for conditions,None Indicated,,Daylight,Wet,Rain,None apparent,Non-intersection:  Non-junction/no special feature,Paved,,Property Damage Only,0,0,0,0,0,0,2000,1,1,,POINT (-93.718526205681 41.596788782707)
2014804569,20140017634,06/22/2014,06-June,1-Sunday,10:39,1000 Hours,District 1 (Central),DES MOINES,POLK,,SE 5TH ST,Collision with:  Vehicle in traffic,On Roadway,Head-on (front to front),Made improper turn,None Indicated,,Daylight,Dry,Cloudy,None apparent,Non-intersection:  Non-junction/no special feature,Paved,,Property Damage Only,0,0,0,0,0,0,5000,2,3,,POINT (-93.606413102701 41.519305483365)
2014806893,2014-41507,06/22/2014,06-June,1-Sunday,17:05,1700 Hours,District 6 (East Central),DAVENPORT,SCOTT,US 67,US 67/W RIVER DR & IA 461/HARRISON ST,Collision with:  Vehicle in traffic,On Roadway,"Sideswipe, same direction",Other (explain in narrative):  Other,None Indicated,,Daylight,Wet,Rain,None apparent,Non-intersection:  Non-junction/no special feature,Paved,,Property Damage Only,0,0,0,0,0,0,2001,2,2,,POINT (-90.577033319436 41.520223295718)
2014826640,14014322,06/22/2014,06-June,1-Sunday,18:16,1800 Hours,District 5 (Southeast),,MAHASKA,,Co Rd T39/INDIAN WAY,Collision with fixed object:  Ditch,Outside trafficway,Non-collision (single vehicle),Swerving/Evasive Action,None Indicated,,Daylight,Dry,Cloudy,None apparent,Non-intersection:  Non-junction/no special feature,Paved,,Possible/Unknown,0,1,0,0,1,0,0,1,1,,POINT (-92.701662800869 41.267277489744)
2014806084,14005624,06/22/2014,06-June,1-Sunday,05:00,0500 Hours,District 6 (East Central),,BUCHANAN,,GOLF COURSE BLVD,Collision with fixed object:  Traffic sign support,Outside trafficway,Non-collision (single vehicle),Ran off road - right,None Indicated,,Dark - roadway not lighted,Dry,Clear,None apparent,Non-intersection:  Non-junction/no special feature,Paved,,Property Damage Only,0,0,0,0,0,0,4200,1,1,,POINT (-91.924797853197 42.479159446549)
2014804797,2014036645,06/22/2014,06-June,1-Sunday,13:28,1300 Hours,District 6 (East Central),IOWA CITY,JOHNSON,I-80,I-80,Collision with fixed object:  Concrete traffic barrier (median or right side),Median,Non-collision (single vehicle),Ran off road - right,None Indicated,,Daylight,Wet,Rain,None apparent,Non-intersection:  Non-junction/no special feature,Paved,,Possible/Unknown,0,1,0,0,1,0,57500,2,3,,POINT (-91.48425406396 41.685712163746)
2014805661,2014-41548,06/22/2014,06-June,1-Sunday,21:03,2100 Hours,District 6 (East Central),DAVENPORT,SCOTT,,IA 461/HARRISON ST & W 8TH ST,Collision with:  Vehicle in traffic,On Roadway,"Sideswipe, same direction",Made improper turn,None Indicated,,Dark - roadway lighted,Wet,Cloudy,None apparent,Non-intersection:  Non-junction/no special feature,Paved,,Property Damage Only,0,0,0,0,0,0,4000,2,4,,POINT (-90.577067302883 41.528302778359)
2014809085,01-14-27158,06/22/2014,06-June,1-Sunday,13:30,1300 Hours,District 6 (East Central),DUBUQUE,DUBUQUE,,KELLY LN,Collision with fixed object:  Other fixed object (explain in narrative),On Roadway,Non-collision (single vehicle),Swerving/Evasive Action,None Indicated,,Daylight,Dry,Unknown,None apparent,Non-intersection:  Non-junction/no special feature,Paved,,Property Damage Only,0,0,0,0,0,0,23500,1,1,,POINT (-90.696804940178 42.47651805777)
2014804642,14-0347,06/22/2014,06-June,1-Sunday,03:00,0300 Hours,District 1 (Central),,WEBSTER,,Co Rd D36/OLD US 20,Collision with fixed object:  Ditch,Shoulder,Non-collision (single vehicle),Crossed centerline (undivided),Alcohol (Statutory),,Dark - roadway not lighted,Dry,Clear,None apparent,Non-intersection:  Non-junction/no special feature,Paved,,Minor Injury,0,1,0,1,0,0,10000,1,1,,POINT (-94.394263628225 42.398173361501)
2014804604,14-025795,06/22/2014,06-June,1-Sunday,09:52,0900 Hours,District 4 (Southwest),COUNCIL BLUFFS,POTTAWATTAMIE,,AVE B & N 17TH ST,Collision with:  Vehicle in traffic,On Roadway,Broadside (front to side),FTYROW:  From stop sign,None Indicated,,Daylight,Wet,Rain,None apparent,Intersection:  Four-way intersection,Paved,,Possible/Unknown,0,2,0,0,2,0,18000,2,3,,POINT (-95.869065352816 41.263642184596)
2014804526,20140017642,06/22/2014,06-June,1-Sunday,13:48,1300 Hours,District 1 (Central),DES MOINES,POLK,IA 28,IA 28/MERLE HAY RD,Collision with:  Vehicle in traffic,On Roadway,Rear-end (front to rear),Driving too fast for conditions,None Indicated,,Daylight,Wet,Cloudy,None apparent,Non-intersection:  Non-junction/no special feature,Paved,,Property Damage Only,0,0,0,0,0,0,3000,2,3,,POINT (-93.697719283318 41.644637005436)
2014804509,14-4115,06/22/2014,06-June,1-Sunday,12:00,1200 Hours,District 1 (Central),POLK CITY,POLK,IA 415,IA 415/NW POLK CITY DR,Collision with:  Vehicle in traffic,On Roadway,Rear-end (front to rear),Followed too close,None Indicated,,Daylight,Wet,Rain,None apparent,Non-intersection:  Non-junction/no special feature,Paved,,Property Damage Only,0,0,0,0,0,0,4000,2,4,,POINT (-93.685106780467 41.751824914719)
2014804404,14005244,06/22/2014,06-June,1-Sunday,04:07,0400 Hours,District 6 (East Central),,DELAWARE,,Co Rd D13/195TH ST,Collision with:  Animal,,,Animal,None Indicated,,,,,,,Paved,,Property Damage Only,0,0,0,0,0,0,2000,1,1,,POINT (-91.46761263022 42.504324857143)
2014804611,2014-11653,06/22/2014,06-June,1-Sunday,15:38,1500 Hours,District 6 (East Central),BETTENDORF,SCOTT,I-74,I-74,Collision with fixed object:  Guardrail - face,Shoulder,Non-collision (single vehicle),Driving too fast for conditions,None Indicated,,Daylight,Wet,Rain,"Surface condition (e.g., wet, icy)",Non-intersection:  Non-junction/no special feature,Paved,,Major Injury,0,1,1,0,0,0,14500,1,1,,POINT (-90.520109222588 41.547226151819)
2014804660,14-19758,06/22/2014,06-June,1-Sunday,15:02,1500 Hours,District 3 (Northwest),SIOUX CITY,WOODBURY,,W 16TH ST & MYRTLE ST,Collision with:  Vehicle in traffic,On Roadway,Broadside (front to side),FTYROW:  From stop sign,None Indicated,,Daylight,Dry,Clear,None apparent,Intersection:  Four-way intersection,Paved,,Property Damage Only,0,0,0,0,0,0,3000,2,3,,POINT (-96.422563038315 42.507262888408)
2014812138,14005621,06/22/2014,06-June,1-Sunday,00:11,0000 Hours,District 6 (East Central),,BUCHANAN,,290TH ST,Collision with fixed object:  Ditch,Roadside,Non-collision (single vehicle),Ran off road - straight,Alcohol (Statutory),,Dark - roadway not lighted,Dry,Clear,None apparent,Intersection:  Four-way intersection,Unpaved,,Minor Injury,0,1,0,1,0,0,15000,1,1,,POINT (-91.772468350482 42.370576969474)
2014805976,14-1373,06/22/2014,06-June,1-Sunday,22:39,2200 Hours,District 1 (Central),URBANDALE,POLK,,78TH ST,Collision with fixed object:  Utility pole/light support,Shoulder,Non-collision (single vehicle),Ran off road - right,Alcohol (Statutory),,Dark - roadway lighted,Dry,Clear,None apparent,Non-intersection:  Non-junction/no special feature,Paved,,Possible/Unknown,0,1,0,0,1,0,10054,1,1,,POINT (-93.726061645356 41.616052876202)
2014804670,2014036689,06/22/2014,06-June,1-Sunday,17:50,1700 Hours,District 4 (Southwest),,DALLAS,I-80,I-80,Collision with fixed object:  Traffic sign support,Roadside,Non-collision (single vehicle),Swerving/Evasive Action,None Indicated,,Daylight,Wet,Rain,None apparent,Non-intersection:  Non-junction/no special feature,Paved,,Property Damage Only,0,0,0,0,0,0,3000,1,1,,POINT (-94.185383388773 41.517902492602)
2014807719,2014036636,06/22/2014,06-June,1-Sunday,12:15,1200 Hours,District 6 (East Central),,JONES,US 151,US 151 & 215 AVE,Collision with:  Vehicle in traffic,On Roadway,Broadside (front to side),FTYROW:  From yield sign,None Indicated,,Daylight,Dry,Cloudy,None apparent,Intersection:  Four-way intersection,Paved,,Minor Injury,0,1,0,1,0,0,20800,2,2,,POINT (-91.30073578271 42.070826154379)
2014804685,14062399,06/22/2014,06-June,1-Sunday,20:57,2000 Hours,District 2 (Northeast),CEDAR FALLS,BLACK HAWK,,UNION RD,Non-collision events:  Overturn/rollover,On Roadway,Non-collision (single vehicle),Ran off road - left,None Indicated,,Dusk,Dry,Clear,Ruts/holes/bumps,Non-intersection:  Non-junction/no special feature,Unpaved,,Minor Injury,0,1,0,1,0,0,3000,1,1,,POINT (-92.495018783626 42.500606886532)
2014812007,14-05821,06/22/2014,06-June,1-Sunday,07:37,0700 Hours,District 5 (Southeast),MOUNT PLEASANT,HENRY,,W MONROE ST & S WHITE ST & N WHITE ST,Collision with:  Vehicle in traffic,On Roadway,Broadside (front to side),Ran Stop Sign,None Indicated,,Daylight,Dry,Clear,None apparent,Intersection:  Four-way intersection,Paved,,Property Damage Only,0,0,0,0,0,0,17000,2,3,,POINT (-91.557319793169 40.966965073281)
2014804426,14-0920,06/22/2014,06-June,1-Sunday,06:35,0600 Hours,District 1 (Central),,GREENE,,240TH,Collision with fixed object:  Ditch,Roadside,Non-collision (single vehicle),Ran off road - left,None Indicated,,Unknown,Dry,Unknown,None apparent,Non-intersection:  Non-junction/no special feature,Unpaved,,Possible/Unknown,0,1,0,0,0,1,2500,1,1,,POINT (-94.286648146541 42.007845713193)
2014804492,14-3095,06/22/2014,06-June,1-Sunday,20:40,2000 Hours,District 6 (East Central),HIAWATHA,LINN,I-380,I-380,Collision with:  Animal,On Roadway,Non-collision (single vehicle),Animal,None Indicated,,Dusk,Wet,Cloudy,None apparent,Non-intersection:  Non-junction/no special feature,Paved,,Property Damage Only,0,0,0,0,0,0,2000,1,3,,POINT (-91.687180209521 42.04674508009)
2014805360,14-19869,06/23/2014,06-June,2-Monday,15:01,1500 Hours,District 3 (Northwest),SIOUX CITY,WOODBURY,,SERGEANT RD & S LAKEPORT ST,Collision with:  Vehicle in traffic,On Roadway,Rear-end (front to rear),Other (explain in narrative):  Other,None Indicated,,Daylight,Dry,Clear,None apparent,Intersection:  Four-way intersection,Paved,,Possible/Unknown,0,1,0,0,0,1,1800,2,3,,POINT (-96.346466528556 42.447336387128)
2014804715,14-908,06/23/2014,06-June,2-Monday,10:35,1000 Hours,District 3 (Northwest),SPIRIT LAKE,DICKINSON,US 71,US 71/18TH ST & IA 9 & UNNAMED ST,Collision with:  Vehicle in traffic,On Roadway,"Angle, oncoming left turn",Other (explain in narrative):  Vision obstructed,None Indicated,,Daylight,Dry,Clear,None apparent,Intersection:  Four-way intersection,Paved,,Property Damage Only,0,0,0,0,0,0,7000,2,3,,POINT (-95.126334220214 43.422505784261)
2014806020,14-002990,06/23/2014,06-June,2-Monday,18:48,1800 Hours,District 1 (Central),AMES,STORY,,E 12TH ST & CARROLL AVE,Collision with:  Vehicle in traffic,On Roadway,Broadside (front to side),FTYROW:  At uncontrolled intersection,None Indicated,,Daylight,Dry,Clear,None apparent,Intersection:  Four-way intersection,Paved,,Possible/Unknown,0,1,0,0,1,0,7250,2,4,,POINT (-93.608941873925 42.03319332633)
2014807503,2014-41844,06/23/2014,06-June,2-Monday,21:11,2100 Hours,District 6 (East Central),DAVENPORT,SCOTT,,N DIVISION ST,Collision with:  Vehicle in traffic,On Roadway,Broadside (front to side),FTYROW:  From driveway,None Indicated,,Dark - roadway lighted,Dry,Clear,None apparent,Non-intersection:  Driveway access (within),Paved,,Property Damage Only,0,0,0,0,0,0,2500,2,2,,POINT (-90.600198596304 41.584681823226)
2014804779,2014-6593,06/23/2014,06-June,2-Monday,20:15,2000 Hours,District 3 (Northwest),,SAC,,240TH ST,Non-collision events:  Other non-collision (explain in narrative),Outside trafficway,Non-collision (single vehicle),Driving too fast for conditions,None Indicated,,Daylight,"Mud, dirt",Clear,None apparent,Non-intersection:  Non-junction/no special feature,Unpaved,,Property Damage Only,0,0,0,0,0,0,2900,1,2,,POINT (-95.267048679568 42.44372134197)
2014805267,201402156,06/23/2014,06-June,2-Monday,16:31,1600 Hours,District 6 (East Central),,LINN,,Co Rd W6E/ELY RD & 76TH AVE DR SW & PRAIRIE SCHOOL RD,Collision with:  Vehicle in traffic,On Roadway,"Angle, oncoming left turn",FTYROW:  From stop sign,None Indicated,,Daylight,Dry,Cloudy,None apparent,Intersection:  Four-way intersection,Paved,,Minor Injury,0,3,0,2,1,0,20000,2,3,,POINT (-91.612891703474 41.90441627208)
2014804688,14-11570,06/23/2014,06-June,2-Monday,22:00,2200 Hours,District 2 (Northeast),,BREMER,,Co Rd C50/252ND ST,Collision with:  Animal,,,Animal,None Indicated,,,,,,,Paved,,Property Damage Only,0,0,0,0,0,0,2500,1,1,,POINT (-92.16953289922 42.682209730774)
2014804536,20140017761,06/23/2014,06-June,2-Monday,12:33,1200 Hours,District 1 (Central),DES MOINES,POLK,,FOREST AVE & 12TH ST,Collision with:  Vehicle in traffic,On Roadway,Broadside (front to side),Ran Stop Sign,None Indicated,,Daylight,Dry,Cloudy,Traffic control obscured,Intersection:  Four-way intersection,Paved,,Property Damage Only,0,0,0,0,0,0,6500,2,5,,POINT (-93.632971124068 41.604056089419)
2014804750,14-0733,06/23/2014,06-June,2-Monday,07:51,0700 Hours,District 1 (Central),CLIVE,POLK,US 6,US 6/HICKMAN RD,Collision with:  Vehicle in traffic,On Roadway,Rear-end (front to rear),Swerving/Evasive Action,None Indicated,,Daylight,Dry,Cloudy,None apparent,Intersection:  Four-way intersection,Paved,,Property Damage Only,0,0,0,0,0,0,4500,4,4,,POINT (-93.781020294815 41.614908996902)
2014804741,14-026260,06/23/2014,06-June,2-Monday,16:07,1600 Hours,District 5 (Southeast),MUSCATINE,MUSCATINE,IA 22,IA 22/PARK AVE,Collision with:  Vehicle in traffic,On Roadway,Broadside (front to side),FTYROW:  From driveway,None Indicated,,Daylight,Dry,Clear,None apparent,Non-intersection:  Driveway access (within),Paved,,Property Damage Only,0,0,0,0,0,0,8500,2,3,,POINT (-91.030521122428 41.442719512104)
2014804800,W14-062590,06/23/2014,06-June,2-Monday,10:46,1000 Hours,District 2 (Northeast),WATERLOO,BLACK HAWK,,CASTLE ST & VINCENT RD,Collision with:  Vehicle in traffic,On Roadway,Rear-end (front to rear),Traveling wrong way or on wrong side of road,None Indicated,,Daylight,Dry,Clear,None apparent,Intersection:  T-intersection,Paved,,Property Damage Only,0,0,0,0,0,0,2000,2,2,,POINT (-92.399969948717 42.513017988686)
2014804890,2014-41670,06/23/2014,06-June,2-Monday,08:28,0800 Hours,District 6 (East Central),DAVENPORT,SCOTT,US 67,US 67/E RIVER DR & E 4TH ST,Non-collision events:  Overturn/rollover,On Roadway,Non-collision (single vehicle),Ran off road - left,None Indicated,,Daylight,Wet,Cloudy,"Surface condition (e.g., wet, icy)",Non-intersection:  Non-junction/no special feature,Paved,,Minor Injury,0,1,0,1,0,0,260000,1,1,,POINT (-90.56377879146 41.523428603781)
2014804980,14-062815,06/23/2014,06-June,2-Monday,22:53,2200 Hours,District 2 (Northeast),,BLACK HAWK,US 20,US 20,Collision with:  Animal,,,Animal,None Indicated,,,,,,,Paved,,Property Damage Only,0,0,0,0,0,0,2500,1,1,,POINT (-92.095444157538 42.449428162362)
2014805712,2014036868,06/23/2014,06-June,2-Monday,21:29,2100 Hours,District 2 (Northeast),,CERRO GORDO,I-35,I-35,Collision with:  Animal,,,Animal,None Indicated,,,,,,,Paved,,Property Damage Only,0,0,0,0,0,0,8000,1,1,,POINT (-93.348852494014 43.202170960167)
2014804726,2014006874,06/23/2014,06-June,2-Monday,20:45,2000 Hours,District 6 (East Central),IOWA CITY,JOHNSON,,,Unknown,Unknown,Unknown,Unknown,None Indicated,,Unknown,Dry,Cloudy,None apparent,Non-intersection:  Non-junction/no special feature,,,Property Damage Only,0,0,0,0,0,0,2010,2,2,,POINT (-96.643700149993 40.233091251414)
2014804798,14062621,06/23/2014,06-June,2-Monday,13:00,1300 Hours,District 2 (Northeast),CEDAR FALLS,BLACK HAWK,,MAIN ST,Collision with:  Vehicle in traffic,On Roadway,"Sideswipe, same direction",Improper or erratic lane changing,None Indicated,,Daylight,Dry,Clear,None apparent,Non-intersection:  Non-junction/no special feature,Paved,,Property Damage Only,0,0,0,0,0,0,3000,2,3,,POINT (-92.445840540256 42.514059502373)
2014805208,2014036945,06/23/2014,06-June,2-Monday,21:45,2100 Hours,District 4 (Southwest),,MONTGOMERY,,Co Rd M55/K AVE,Collision with:  Animal,On Roadway,Non-collision (single vehicle),Animal,None Indicated,,Dark - roadway not lighted,"Mud, dirt",Clear,None apparent,Non-intersection:  Non-junction/no special feature,Unpaved,,Property Damage Only,0,0,0,0,0,0,10000,1,1,,POINT (-95.175167010804 41.115564196708)
2014804782,1-14-000226,06/23/2014,06-June,2-Monday,19:45,1900 Hours,District 4 (Southwest),,SHELBY,US 59,US 59,Collision with:  Animal,On Roadway,Non-collision (single vehicle),Animal,None Indicated,,Daylight,Dry,Clear,None apparent,Non-intersection:  Non-junction/no special feature,Paved,,Property Damage Only,0,0,0,0,0,0,3500,1,1,,POINT (-95.336760259945 41.524701156789)
2014805378,ACC14-012,06/23/2014,06-June,2-Monday,19:06,1900 Hours,District 2 (Northeast),CRESCO,HOWARD,,3RD AVE SW & 3RD AVE SE & S ELM ST,Collision with:  Vehicle in traffic,On Roadway,Broadside (front to side),FTYROW:  From stop sign,None Indicated,,Daylight,Dry,Clear,None apparent,Intersection:  Four-way intersection,Paved,,Property Damage Only,0,0,0,0,0,0,3500,2,3,,POINT (-92.116946521459 43.370012524791)
2014805156,14-000890,06/23/2014,06-June,2-Monday,16:45,1600 Hours,District 1 (Central),AMES,STORY,,LINCOLN WAY & STATE AVE,Collision with:  Vehicle in traffic,On Roadway,Rear-end (front to rear),Other (explain in narrative):  Other,None Indicated,,Daylight,Dry,Clear,None apparent,Non-intersection:  Non-junction/no special feature,Paved,,Property Damage Only,0,0,0,0,0,0,3500,2,2,,POINT (-93.659150828801 42.022729544352)
2014805323,14-002977,06/23/2014,06-June,2-Monday,09:32,0900 Hours,District 1 (Central),AMES,STORY,,5TH ST,Collision with:  Parked motor vehicle,On Roadway,"Sideswipe, same direction",Other (explain in narrative):  Other,None Indicated,,Daylight,Dry,Cloudy,None apparent,Non-intersection:  Non-junction/no special feature,Paved,,Property Damage Only,0,0,0,0,0,0,8000,2,3,,POINT (-93.616723293772 42.025829441184)
2014805247,01-14-27254,06/23/2014,06-June,2-Monday,11:55,1100 Hours,District 6 (East Central),DUBUQUE,DUBUQUE,,W 32ND ST & CARTER RD,Collision with:  Vehicle in traffic,On Roadway,Broadside (front to side),FTYROW:  Making left turn,None Indicated,,Daylight,Dry,Cloudy,None apparent,Intersection:  T-intersection,Paved,,Property Damage Only,0,0,0,0,0,0,7000,2,3,,POINT (-90.705515093769 42.525420188596)
2014805443,14010236,06/23/2014,06-June,2-Monday,14:10,1400 Hours,District 2 (Northeast),MASON CITY,CERRO GORDO,IA 122,IA 122/4TH ST SW & VILLAGE GREEN DR & N ROOSEVELT AVE,Collision with:  Vehicle in traffic,On Roadway,Rear-end (front to rear),Driver Distraction:  Reaching for object(s)/fallen object(s),None Indicated,,Daylight,Dry,Cloudy,None apparent,Non-intersection:  Non-junction/no special feature,Paved,,Property Damage Only,0,0,0,0,0,0,2500,2,2,,POINT (-93.250381115153 43.148318952597)
2014804847,14-002706,06/23/2014,06-June,2-Monday,22:45,2200 Hours,District 1 (Central),ANKENY,POLK,,NW 18TH ST,Collision with:  Vehicle in traffic,On Roadway,Rear-end (front to rear),FTYROW:  Other (explain in narrative),None Indicated,,Dark - roadway lighted,Dry,Clear,None apparent,Non-intersection:  Non-junction/no special feature,Paved,,Minor Injury,0,1,0,1,0,0,7500,2,2,,POINT (-93.611624035898 41.746376023806)
2014804981,14-62558,06/23/2014,06-June,2-Monday,08:00,0800 Hours,District 2 (Northeast),,BLACK HAWK,,Co Rd D38/POYNER RD,Collision with fixed object:  Bridge overhead structure,On Roadway,Non-collision (single vehicle),Ran off road - right,None Indicated,,Daylight,Dry,Cloudy,None apparent,Non-intersection:  Other non-intersection (explain in narrative),Paved,,Property Damage Only,0,0,0,0,0,0,5500,1,1,,POINT (-92.179998980107 42.412860887749)
2014804881,14-11714,06/23/2014,06-June,2-Monday,13:40,1300 Hours,District 6 (East Central),BETTENDORF,SCOTT,,MIDDLE RD & 18TH ST,Collision with:  Vehicle in traffic,On Roadway,"Angle, oncoming left turn",FTYROW:  Making left turn,None Indicated,,Daylight,Dry,Cloudy,None apparent,Intersection:  Four-way intersection,Paved,,Property Damage Only,0,0,0,0,0,0,7000,2,3,,POINT (-90.506911721508 41.544364793444)
2014804743,SO14001477,06/23/2014,06-June,2-Monday,10:55,1000 Hours,District 3 (Northwest),,PLYMOUTH,,260TH ST,Collision with fixed object:  Utility pole/light support,Roadside,Non-collision (single vehicle),Ran off road - left,Alcohol (Statutory),,Daylight,"Mud, dirt",Cloudy,None apparent,Non-intersection:  Non-junction/no special feature,Unpaved,,Property Damage Only,0,0,0,0,0,0,4000,1,1,,POINT (-96.169387615671 42.678083866874)
2014804991,062314-179,06/23/2014,06-June,2-Monday,22:39,2200 Hours,District 3 (Northwest),STORM LAKE,BUENA VISTA,,E 13TH ST,Collision with:  Vehicle in traffic,On Roadway,Head-on (front to front),Made improper turn,Alcohol (Statutory),,Dark - roadway lighted,Dry,Clear,None apparent,Non-intersection:  Non-junction/no special feature,Paved,,Possible/Unknown,0,1,0,0,1,0,2000,2,4,,POINT (-95.200139883458 42.655874035195)
2014805334,201400030131,06/23/2014,06-June,2-Monday,14:07,1400 Hours,District 5 (Southeast),OTTUMWA,WAPELLO,,E 2ND ST & S JEFFERSON ST & N JEFFERSON ST,Collision with:  Vehicle in traffic,Shoulder,"Angle, oncoming left turn",FTYROW:  From stop sign,None Indicated,,Daylight,Dry,Cloudy,None apparent,Intersection:  Four-way intersection,Paved,,Property Damage Only,0,0,0,0,0,0,3000,2,3,,POINT (-92.408299161022 41.016046750721)
2014805765,14-137,06/23/2014,06-June,2-Monday,17:11,1700 Hours,District 2 (Northeast),WAVERLY,BREMER,IA 116,IA 116/4TH ST SW & 16TH AVE SW,Collision with:  Vehicle in traffic,On Roadway,Rear-end (front to rear),FTYROW:  Other (explain in narrative),None Indicated,,Daylight,Dry,Clear,Work Zone (roadway-related),Intersection:  T-intersection,Paved,Yes,Property Damage Only,0,0,0,0,0,0,3000,2,4,,POINT (-92.475583274089 42.709802638261)
2014804760,20140017801,06/23/2014,06-June,2-Monday,20:42,2000 Hours,District 1 (Central),DES MOINES,POLK,,HUBBELL AVE & E 33RD ST,Collision with:  Vehicle in traffic,On Roadway,Rear-end (front to rear),Followed too close,Drug/Alcohol (< Statutory),,Dusk,Dry,Clear,None apparent,Intersection:  Four-way intersection,Paved,,Property Damage Only,0,0,0,0,0,0,1500,2,2,,POINT (-93.551525996082 41.625489514646)
2014804736,14-3102,06/23/2014,06-June,2-Monday,12:25,1200 Hours,District 6 (East Central),HIAWATHA,LINN,,BLAIRS FERRY RD & MILLER RD & BUFFALO RD NE,Collision with:  Vehicle in traffic,On Roadway,Broadside (front to side),FTYROW:  From stop sign,None Indicated,,Daylight,Dry,Cloudy,None apparent,Intersection:  Four-way intersection,Paved,,Property Damage Only,0,0,0,0,0,0,4500,2,2,,POINT (-91.703554772251 42.034772649187)
2014806720,SP312212,06/23/2014,06-June,2-Monday,07:40,0700 Hours,District 5 (Southeast),WILTON,MUSCATINE,US 6,US 6 & W 3RD ST,Collision with fixed object:  Utility pole/light support,Outside trafficway,Non-collision (single vehicle),Crossed centerline (undivided),None Indicated,,Daylight,Dry,Cloudy,None apparent,Intersection:  Four-way intersection,Paved,,Possible/Unknown,0,1,0,0,1,0,400,1,1,,POINT (-91.038209404025 41.588589618177)
2014804753,20140017777,06/23/2014,06-June,2-Monday,16:15,1600 Hours,District 1 (Central),DES MOINES,POLK,US 6,US 6/DOUGLAS AVE & 53RD ST,Collision with:  Vehicle in traffic,On Roadway,"Angle, oncoming left turn",Other (explain in narrative):  Other,None Indicated,,Daylight,Dry,Cloudy,None apparent,Non-intersection:  Non-junction/no special feature,Paved,,Property Damage Only,0,0,0,0,0,0,5000,2,3,,POINT (-93.691312919123 41.629462619596)
2014805033,20148894,06/23/2014,06-June,2-Monday,01:30,0100 Hours,District 6 (East Central),CEDAR RAPIDS,LINN,,B AVE NE & 16TH ST NE,Collision with:  Parked motor vehicle,On Roadway,Rear-end (front to rear),Lost Control,None Indicated,,Dark - roadway lighted,Dry,Clear,None apparent,Non-intersection:  Non-junction/no special feature,Paved,,Property Damage Only,0,0,0,0,0,0,8000,2,2,,POINT (-91.652059915001 41.991011766421)
2014805735,14-009103,06/23/2014,06-June,2-Monday,05:50,0500 Hours,District 6 (East Central),TIPTON,CEDAR,,SOUTH ST,Collision with fixed object:  Other fixed object (explain in narrative),On Roadway,Non-collision (single vehicle),Swerving/Evasive Action,None Indicated,,Daylight,Wet,Rain,None apparent,Non-intersection:  Non-junction/no special feature,Paved,,Property Damage Only,0,0,0,0,0,0,5300,1,1,,POINT (-91.122157666373 41.763567228408)
2014804979,14-062467,06/23/2014,06-June,2-Monday,00:09,0000 Hours,District 2 (Northeast),RAYMOND,BLACK HAWK,,Co Rd D22/DUBUQUE RD,Collision with:  Animal,On Roadway,Non-collision (single vehicle),Animal,None Indicated,,Dark - roadway not lighted,Dry,"Fog, smoke, smog",None apparent,Non-intersection:  Non-junction/no special feature,Paved,,Property Damage Only,0,0,0,0,0,0,10000,1,1,,POINT (-92.211409831793 42.46762998982)
2014804799,W14-062546,06/23/2014,06-June,2-Monday,08:24,0800 Hours,District 2 (Northeast),WATERLOO,BLACK HAWK,,BROADWAY ST & BURTON AVE,Collision with:  Vehicle in traffic,On Roadway,Rear-end (front to rear),Other (explain in narrative):  Other,None Indicated,,Daylight,Dry,Cloudy,None apparent,Intersection:  Four-way intersection,Paved,,Property Damage Only,0,0,0,0,0,0,2500,2,2,,POINT (-92.357461354187 42.52378361961)