Iowa DOT Case Number,Law Enforcement Case Number,Date of Crash,Month of Crash,Day of Week,Time of Crash,Hour,DOT District,City Name,County Name,Route with System,Location Description,First Harmful Event,Location of First Harmful Event,Manner of Crash/Collision,Major Cause,Drug or Alcohol ,Environmental Conditions,Light Conditions,Surface Conditions,Weather Conditions,Roadway Contribution,Roadway Type,Roadway Surface,Work Zone,Crash Severity,Number of Fatalities,Number of Injuries,Number of Major Injuries,Number of Minor Injuries,Number of Possible Injuries,Number of Unknown Injuries,Amount of Property Damage,Number of Vehicles Involved,Total Number of Occupants,Travel Direction,Location
2014805412,14062950,06/24/2014,06-June,3-Tuesday,12:15,1200 Hours,District 2 (Northeast),CEDAR FALLS,BLACK HAWK,,18TH ST & STATE ST,Collision with:  Vehicle in traffic,On Roadway,"Sideswipe, same direction",Made improper turn,None Indicated,,Daylight,Dry,Clear,None apparent,Non-intersection:  Non-junction/no special feature,Paved,,Property Damage Only,0,0,0,0,0,0,7000,2,3,,POINT (-92.444235848919 42.522057899004)
2014805019,14018773,06/24/2014,06-June,3-Tuesday,06:37,0600 Hours,District 5 (Southeast),,LEE,,Co Rd J56/PRIMROSE RD,Non-collision events:  Overturn/rollover,On Roadway,Non-collision (single vehicle),Crossed centerline (undivided),None Indicated,,Dawn,"Mud, dirt",Cloudy,None apparent,Non-intersection:  Non-junction/no special feature,Unpaved,,Minor Injury,0,1,0,1,0,0,3500,1,1,,POINT (-91.655093958973 40.669707077533)
2014804843,14-4179,06/24/2014,06-June,3-Tuesday,17:33,1700 Hours,District 1 (Central),GRIMES,POLK,IA 141,IA 141/IOWA 141 & NW 58TH AVE,Collision with:  Vehicle in traffic,On Roadway,Broadside (front to side),FTYROW:  From yield sign,None Indicated,,Daylight,Dry,Cloudy,None apparent,Intersection:  Four-way intersection,Paved,,Property Damage Only,0,0,0,0,0,0,10000,3,4,,POINT (-93.774967277682 41.665705171878)
2014804833,14092429,06/24/2014,06-June,3-Tuesday,19:53,1900 Hours,District 6 (East Central),,JOHNSON,,KANSAS AVE,Non-collision events:  Overturn/rollover,On Roadway,Non-collision (single vehicle),Driving too fast for conditions,None Indicated,,Daylight,"Mud, dirt",Clear,None apparent,Non-intersection:  Non-junction/no special feature,Unpaved,,Possible/Unknown,0,1,0,0,1,0,7500,1,1,,POINT (-91.636138531626 41.599239366872)
2014805025,201408965,06/24/2014,06-June,3-Tuesday,10:57,1000 Hours,District 6 (East Central),CEDAR RAPIDS,LINN,,F AVE NW,Non-collision events:  Other non-collision (explain in narrative),On Roadway,Non-collision (single vehicle),Swerving/Evasive Action,None Indicated,,Daylight,Dry,Clear,None apparent,Non-intersection:  Driveway access (within),Paved,,Minor Injury,0,1,0,1,0,0,1800,2,2,,POINT (-91.681427206337 41.978996064668)
2014805085,14-11789,06/24/2014,06-June,3-Tuesday,15:10,1500 Hours,District 6 (East Central),BETTENDORF,SCOTT,I-74,I-74 & LINCOLN RD,Collision with fixed object:  Guardrail - face,On Roadway,Non-collision (single vehicle),Equipment failure,None Indicated,,Daylight,Dry,Cloudy,None apparent,Non-intersection:  Other non-intersection (explain in narrative),Paved,,Property Damage Only,0,0,0,0,0,0,9627,1,2,,POINT (-90.51678481729 41.53667096844)
2014805268,201402169,06/24/2014,06-June,3-Tuesday,14:25,1400 Hours,District 6 (East Central),,LINN,,Co Rd E34/COUNTY HOME RD,Collision with:  Vehicle in traffic,On Roadway,Rear-end (front to rear),Followed too close,None Indicated,,Daylight,Dry,Cloudy,None apparent,Non-intersection:  Non-junction/no special feature,Paved,,Property Damage Only,0,0,0,0,0,0,6000,2,2,,POINT (-91.644082607715 42.094859922474)
2014804853,20140017879,06/24/2014,06-June,3-Tuesday,16:19,1600 Hours,District 1 (Central),DES MOINES,POLK,,SCOTT AVE & SE 9TH ST,Collision with:  Vehicle in traffic,On Roadway,Broadside (front to side),FTYROW:  From stop sign,None Indicated,,Daylight,Dry,Clear,None apparent,Intersection:  Four-way intersection,Paved,,Property Damage Only,0,0,0,0,0,0,2000,2,2,,POINT (-93.602648930277 41.582466536686)
2014804812,CL14002137,06/24/2014,06-June,3-Tuesday,08:43,0800 Hours,District 6 (East Central),CLINTON,CLINTON,US 30,US 30/LINCOLN WAY & S 17TH ST,Collision with:  Vehicle in traffic,On Roadway,Rear-end (front to rear),Other (explain in narrative):  Other,None Indicated,,Daylight,Dry,Clear,None apparent,Non-intersection:  Non-junction/no special feature,Paved,,Possible/Unknown,0,1,0,0,1,0,5500,2,3,,POINT (-90.226906752047 41.816151438305)
2014805372,2014036896,06/24/2014,06-June,3-Tuesday,04:35,0400 Hours,District 5 (Southeast),,WARREN,I-35,I-35,Collision with:  Animal,,,Animal,None Indicated,,,,,,,Paved,,Property Damage Only,0,0,0,0,0,0,8500,1,1,,POINT (-93.784034844402 41.174096851354)
2014804867,14-0527,06/24/2014,06-June,3-Tuesday,14:50,1400 Hours,District 1 (Central),WINDSOR HEIGHTS,POLK,,UNIVERSITY AVE,Collision with:  Vehicle in traffic,On Roadway,Rear-end (front to rear),Other (explain in narrative):  Other,None Indicated,,Daylight,Dry,Clear,None apparent,Intersection:  Four-way intersection,Paved,,Property Damage Only,0,0,0,0,0,0,1500,2,3,,POINT (-93.717737938399 41.600369570274)
2014805955,14-014441,06/24/2014,06-June,3-Tuesday,07:50,0700 Hours,District 5 (Southeast),OSKALOOSA,MAHASKA,US 63,US 63/S MARKET ST & 15TH AVE E,Collision with:  Vehicle in traffic,On Roadway,"Angle, oncoming left turn",FTYROW:  From stop sign,None Indicated,,Daylight,Dry,Clear,None apparent,Intersection:  T-intersection,Paved,,Property Damage Only,0,0,0,0,0,0,2500,2,2,,POINT (-92.64556888409 41.281593982532)
2014805348,2014-13349,06/24/2014,06-June,3-Tuesday,13:26,1300 Hours,District 5 (Southeast),INDIANOLA,WARREN,US 65,US 65/S JEFFERSON WAY,Collision with:  Vehicle in traffic,On Roadway,Rear-end (front to rear),Followed too close,None Indicated,,Daylight,Dry,Clear,None apparent,Intersection:  Four-way intersection,Paved,,Possible/Unknown,0,1,0,0,1,0,3000,2,3,,POINT (-93.558366786491 41.360224225211)
2014806033,201400030400,06/24/2014,06-June,3-Tuesday,19:40,1900 Hours,District 5 (Southeast),OTTUMWA,WAPELLO,,OTTUMWA ST,Collision with fixed object:  Utility pole/light support,On Roadway,Non-collision (single vehicle),Illegally Parked/Unattended,None Indicated,,Daylight,Dry,Unknown,None apparent,Non-intersection:  Non-junction/no special feature,Paved,,Property Damage Only,0,0,0,0,0,0,7000,1,0,,POINT (-92.41111149373 41.024772025498)
2014804837,20141045,06/24/2014,06-June,3-Tuesday,13:47,1300 Hours,District 6 (East Central),MOUNT VERNON,LINN,IA 1,IA 1/S 1ST AVE/N 1ST AVE & 1ST ST,Collision with:  Vehicle in traffic,On Roadway,Rear-end (front to rear),FTYROW:  From parked position,None Indicated,,Daylight,Dry,Clear,None apparent,Intersection:  Four-way intersection,Paved,,Property Damage Only,0,0,0,0,0,0,1800,2,2,,POINT (-91.417031279687 41.922246397566)
2014804832,14092204,06/24/2014,06-June,3-Tuesday,11:52,1100 Hours,District 6 (East Central),,JOHNSON,,Co Rd F67/320TH ST/540TH ST & Co Rd W38/JOHNSON IOWA RD,Collision with:  Vehicle in traffic,On Roadway,Broadside (front to side),FTYROW:  From stop sign,None Indicated,,Daylight,Dry,Clear,None apparent,Intersection:  Four-way intersection,Paved,,Possible/Unknown,0,4,0,0,4,0,9000,2,6,,POINT (-91.828626037002 41.540509953628)
2014805209,2014037039,06/24/2014,06-June,3-Tuesday,11:40,1100 Hours,District 1 (Central),,JASPER,I-80,I-80,Non-collision events:  Other non-collision (explain in narrative),Shoulder,Non-collision (single vehicle),Swerving/Evasive Action,None Indicated,,Daylight,Dry,Clear,"Surface condition (e.g., wet, icy)",Non-intersection:  Non-junction/no special feature,Paved,,Minor Injury,0,1,0,1,0,0,6000,1,2,,POINT (-93.343037195404 41.680983397212)
2014805363,14-20066,06/24/2014,06-June,3-Tuesday,21:36,2100 Hours,District 3 (Northwest),SIOUX CITY,WOODBURY,US 20,US 20,Collision with:  Animal,,,Animal,None Indicated,,,,,,,Paved,,Property Damage Only,0,0,0,0,0,0,1500,1,1,,POINT (-96.340402394861 42.444190774802)
2014806021,14-002999,06/24/2014,06-June,3-Tuesday,16:43,1600 Hours,District 1 (Central),AMES,STORY,,S 4TH ST & S MAPLE AVE,Collision with:  Vehicle in traffic,On Roadway,Rear-end (front to rear),Followed too close,None Indicated,,Daylight,Dry,Cloudy,None apparent,Intersection:  Four-way intersection,Paved,,Minor Injury,0,1,0,1,0,0,5800,3,6,,POINT (-93.625186673283 42.019217861047)
2014804856,20140017895,06/24/2014,06-June,3-Tuesday,19:22,1900 Hours,District 1 (Central),DES MOINES,POLK,US 69,US 69/SE 14TH ST & BLOOMFIELD RD,Collision with:  Vehicle in traffic,On Roadway,Broadside (front to side),FTYROW:  From stop sign,None Indicated,,Daylight,Dry,Clear,None apparent,Intersection:  Four-way intersection,Paved,,Possible/Unknown,0,1,0,0,1,0,3000,2,5,,POINT (-93.596778368614 41.524643203812)
2014819371,1406-044,06/24/2014,06-June,3-Tuesday,21:10,2100 Hours,District 3 (Northwest),HARRIS,OSCEOLA,IA 9,IA 9/IOWA 9 & Co Rd M20/YEW AVE,Collision with:  Animal,On Roadway,Non-collision (single vehicle),Animal,None Indicated,,Dark - roadway not lighted,Dry,Clear,None apparent,Non-intersection:  Non-junction/no special feature,Paved,,Property Damage Only,0,0,0,0,0,0,3000,1,1,,POINT (-95.407548965533 43.430506333688)
2014806487,14-153,06/24/2014,06-June,3-Tuesday,15:45,1500 Hours,District 4 (Southwest),,TAYLOR,IA 2,IA 2/IOWA 2,Non-collision events:  Overturn/rollover,On Roadway,Non-collision (single vehicle),Ran off road - left,None Indicated,,Daylight,Dry,Clear,None apparent,Non-intersection:  Non-junction/no special feature,Paved,,Possible/Unknown,0,3,0,0,0,3,18700,1,3,,POINT (-94.691981539426 40.668952234548)
2014805444,14010283,06/24/2014,06-June,3-Tuesday,08:26,0800 Hours,District 2 (Northeast),MASON CITY,CERRO GORDO,,19TH ST SW & S MCKINLEY AVE,Collision with:  Vehicle in traffic,On Roadway,Rear-end (front to rear),Other (explain in narrative):  Other,None Indicated,,Daylight,Dry,Clear,None apparent,Intersection:  T-intersection,Paved,,Property Damage Only,0,0,0,0,0,0,3200,2,5,,POINT (-93.235715261147 43.133879291961)
2014806445,2014-41930,06/24/2014,06-June,3-Tuesday,06:36,0600 Hours,District 6 (East Central),DAVENPORT,SCOTT,,E 3RD ST & LE CLAIRE ST,Collision with:  Vehicle in traffic,On Roadway,Broadside (front to side),FTYROW:  From stop sign,None Indicated,,Daylight,Dry,Clear,None apparent,Intersection:  Four-way intersection,Paved,,Property Damage Only,0,0,0,0,0,0,2500,2,2,,POINT (-90.568227015275 41.522415012808)
2014804930,,06/24/2014,06-June,3-Tuesday,14:06,1400 Hours,District 4 (Southwest),,AUDUBON,US 71,US 71,Collision with:  Vehicle in traffic,On Roadway,Rear-end (front to rear),Lost Control,None Indicated,,Daylight,Dry,Cloudy,None apparent,Non-intersection:  Other non-intersection (explain in narrative),Paved,,Property Damage Only,0,0,0,0,0,0,34000,2,2,,POINT (-94.935171066454 41.525957717563)
2014804984,W14-063118,06/24/2014,06-June,3-Tuesday,20:10,2000 Hours,District 2 (Northeast),WATERLOO,BLACK HAWK,,W CONGER ST & BURTON AVE,Collision with:  Vehicle in traffic,On Roadway,Broadside (front to side),Ran Stop Sign,None Indicated,,Daylight,Dry,Cloudy,None apparent,Intersection:  Four-way intersection,Paved,,Property Damage Only,0,0,0,0,0,0,12500,2,2,,POINT (-92.35738597992 42.512129689794)
2014806361,14-002728,06/24/2014,06-June,3-Tuesday,14:20,1400 Hours,District 3 (Northwest),,LYON,,220TH ST,Collision with fixed object:  Ditch,On Roadway,Non-collision (single vehicle),Ran off road - left,None Indicated,,Daylight,"Mud, dirt",Clear,Other (explain in narrative),Non-intersection:  Non-junction/no special feature,Unpaved,Yes,Possible/Unknown,0,1,0,0,1,0,5000,1,1,,POINT (-96.478629453509 43.331635475695)
2014805249,01-14-27385,06/24/2014,06-June,3-Tuesday,02:11,0200 Hours,District 6 (East Central),DUBUQUE,DUBUQUE,US 52,US 52/E 11TH ST,Collision with fixed object:  Other fixed object (explain in narrative),On Roadway,Non-collision (single vehicle),Traveling wrong way or on wrong side of road,Alcohol (Statutory),,Dark - roadway lighted,Dry,Clear,Work Zone (roadway-related),Non-intersection:  Non-junction/no special feature,Paved,Yes,Property Damage Only,0,0,0,0,0,0,6000,1,1,,POINT (-90.661498235917 42.50534889879)
2014804866,14-2960,06/24/2014,06-June,3-Tuesday,16:47,1600 Hours,District 4 (Southwest),WEST DES MOINES,DALLAS,,JORDAN CREEK PKWY,Collision with:  Vehicle in traffic,On Roadway,Rear-end (front to rear),Followed too close,None Indicated,,Daylight,Dry,Cloudy,None apparent,Non-intersection:  Non-junction/no special feature,Paved,,Property Damage Only,0,0,0,0,0,0,3500,2,2,,POINT (-93.809318809186 41.565651010516)
2014806032,14003003,06/24/2014,06-June,3-Tuesday,19:52,1900 Hours,District 1 (Central),AMES,STORY,US 69,US 69/GRAND AVE & 16TH ST,Collision with:  Vehicle in traffic,On Roadway,Rear-end (front to rear),Followed too close,None Indicated,,Daylight,Dry,Clear,None apparent,Intersection:  Four-way intersection,Paved,,Property Damage Only,0,0,0,0,0,0,1500,2,3,,POINT (-93.620420382032 42.038328637246)
2014805026,201408974,06/24/2014,06-June,3-Tuesday,14:05,1400 Hours,District 6 (East Central),CEDAR RAPIDS,LINN,,BLAIRS FERRY RD NE,Collision with:  Vehicle in traffic,On Roadway,Broadside (front to side),FTYROW:  From driveway,Refused,,Daylight,Dry,Clear,None apparent,Non-intersection:  Driveway access (within),Paved,,Property Damage Only,0,0,0,0,0,0,2000,2,2,,POINT (-91.668230186664 42.034764434454)
2014804763,20140017836,06/24/2014,06-June,3-Tuesday,09:15,0900 Hours,District 1 (Central),DES MOINES,POLK,US 6,US 6/FREDERICK M HUBBELL AVE & E DOUGLAS AVE,Collision with:  Vehicle in traffic,On Roadway,"Angle, oncoming left turn",FTYROW:  From stop sign,None Indicated,,Daylight,Dry,Clear,None apparent,Intersection:  Four-way intersection,Paved,,Minor Injury,0,1,0,1,0,0,4000,2,3,,POINT (-93.543661836816 41.62963426125)
2014805491,C14001934,06/24/2014,06-June,3-Tuesday,07:37,0700 Hours,District 6 (East Central),CORALVILLE,JOHNSON,,COMMERCE DR,Collision with:  Vehicle in traffic,On Roadway,Rear-end (front to rear),Followed too close,None Indicated,,Daylight,Dry,Clear,None apparent,Intersection:  T-intersection,Paved,,Property Damage Only,0,0,0,0,0,0,3800,2,2,,POINT (-91.609257486841 41.695939687656)
2014804764,20140017845,06/24/2014,06-June,3-Tuesday,11:04,1100 Hours,District 1 (Central),DES MOINES,POLK,,CAULDER AVE & SW 8TH ST,Collision with:  Vehicle in traffic,On Roadway,Broadside (front to side),Ran Stop Sign,None Indicated,,Daylight,Dry,Clear,None apparent,Intersection:  Four-way intersection,Paved,,Property Damage Only,0,0,0,0,0,0,4000,2,3,,POINT (-93.624552434957 41.553598395862)
2014805230,,06/24/2014,06-June,3-Tuesday,23:20,2300 Hours,District 4 (Southwest),,MONTGOMERY,,Co Rd H20/150 ST & G AVE,Collision with fixed object:  Ditch,Outside trafficway,Non-collision (single vehicle),Swerving/Evasive Action,None Indicated,,Dark - roadway not lighted,Dry,Clear,None apparent,Intersection:  Four-way intersection,Paved,,Possible/Unknown,0,1,0,0,1,0,25250,1,1,,POINT (-95.251671224346 41.087522676558)
2014804807,14-009079,06/24/2014,06-June,3-Tuesday,09:17,0900 Hours,District 3 (Northwest),,CLAY,,Co Rd B24/350TH ST,Collision with:  Vehicle in traffic,On Roadway,"Sideswipe, same direction",Crossed centerline (undivided),None Indicated,,Daylight,Dry,Cloudy,None apparent,Non-intersection:  Non-junction/no special feature,Paved,,Property Damage Only,0,0,0,0,0,0,7000,2,3,,POINT (-95.207544502691 43.141780913213)
2014805028,201408988,06/24/2014,06-June,3-Tuesday,18:17,1800 Hours,District 6 (East Central),CEDAR RAPIDS,LINN,,1ST AVE W & WILEY BLVD NW,Collision with:  Vehicle in traffic,On Roadway,Broadside (front to side),Ran Traffic Signal,None Indicated,,Daylight,Dry,Clear,None apparent,Intersection:  Four-way intersection,Paved,,Property Damage Only,0,0,0,0,0,0,6000,2,2,,POINT (-91.725713826338 41.967481628772)
2014804814,14-005345,06/24/2014,06-June,3-Tuesday,22:16,2200 Hours,District 6 (East Central),,DELAWARE,,Co Rd D5X/JEFFERSON RD,Collision with fixed object:  Traffic sign support,Shoulder,Non-collision (single vehicle),Swerving/Evasive Action,None Indicated,,Dark - roadway not lighted,Dry,Clear,None apparent,Non-intersection:  Non-junction/no special feature,Paved,,Property Damage Only,0,0,0,0,0,0,4600,1,1,,POINT (-91.42229449928 42.462923447773)
2014805196,2014037043,06/24/2014,06-June,3-Tuesday,11:55,1100 Hours,District 6 (East Central),,JOHNSON,I-380,I-380,Collision with:  Vehicle in traffic,On Roadway,Rear-end (front to rear),Followed too close,None Indicated,,Daylight,Dry,Cloudy,None apparent,Non-intersection:  Non-junction/no special feature,Paved,,Property Damage Only,0,0,0,0,0,0,4500,2,2,,POINT (-91.645469103412 41.769588519937)
2014804893,2014-42014,06/24/2014,06-June,3-Tuesday,12:14,1200 Hours,District 6 (East Central),DAVENPORT,SCOTT,,IA 461/HARRISON ST & W LOCUST ST,Collision with:  Vehicle in traffic,On Roadway,Broadside (front to side),Unknown,None Indicated,,Daylight,Dry,Clear,None apparent,Non-intersection:  Non-junction/no special feature,Paved,,Property Damage Only,0,0,0,0,0,0,10000,2,2,,POINT (-90.577233957256 41.538285400634)
2014804862,14- 1388,06/24/2014,06-June,3-Tuesday,17:33,1700 Hours,District 1 (Central),URBANDALE,POLK,US 6,US 6/HICKMAN RD & 73RD ST,Collision with:  Vehicle in traffic,On Roadway,"Angle, oncoming left turn",Ran Traffic Signal,None Indicated,,Daylight,Dry,Cloudy,None apparent,Intersection:  Four-way intersection,Paved,,Minor Injury,0,1,0,1,0,0,10000,2,3,,POINT (-93.718533365771 41.614740094041)
2014809339,062414A,06/24/2014,06-June,3-Tuesday,00:31,0000 Hours,District 4 (Southwest),HAMBURG,FREMONT,IA 333,IA 333/WASHINGTON ST & D ST,Collision with:  Non-motorist (see non-motorist section - NOT a unit),On Roadway,Non-collision (single vehicle),Driver Distraction:  Passenger,None Indicated,,Dark - roadway lighted,Dry,Clear,None apparent,Non-intersection:  Non-junction/no special feature,Paved,,Major Injury,0,1,1,0,0,0,700,1,4,,POINT (-95.655413038737 40.602806792253)
2014804841,14-026331,06/24/2014,06-June,3-Tuesday,03:20,0300 Hours,District 5 (Southeast),MUSCATINE,MUSCATINE,,E 8TH ST & SPRING ST,Collision with:  Parked motor vehicle,On Roadway,"Sideswipe, same direction",Other (explain in narrative):  No improper action,None Indicated,,Dark - roadway lighted,Dry,Clear,None apparent,Non-intersection:  Non-junction/no special feature,Paved,,Property Damage Only,0,0,0,0,0,0,5000,2,1,,POINT (-91.042974087134 41.43023238757)
2014805354,14-20027,06/24/2014,06-June,3-Tuesday,16:25,1600 Hours,District 3 (Northwest),SIOUX CITY,WOODBURY,,INDIAN HILLS DR & PAWNEE PL,Collision with:  Vehicle in traffic,On Roadway,Broadside (front to side),FTYROW:  From stop sign,None Indicated,,Daylight,Dry,Clear,None apparent,Intersection:  Four-way intersection,Paved,,Possible/Unknown,0,1,0,0,1,0,6000,2,21,,POINT (-96.394153759895 42.531889561063)
2014804876,14-12655,06/24/2014,06-June,3-Tuesday,13:10,1300 Hours,District 6 (East Central),,SCOTT,,267 ST,Collision with:  Vehicle in traffic,On Roadway,"Sideswipe, opposite direction",Crossed centerline (undivided),Alcohol (< Statutory),,Daylight,Dry,Clear,None apparent,Non-intersection:  Non-junction/no special feature,Paved,,Property Damage Only,0,0,0,0,0,0,5500,2,3,,POINT (-90.550895707309 41.694976947049)
2014804982,W14-062894,06/24/2014,06-June,3-Tuesday,05:49,0500 Hours,District 2 (Northeast),WATERLOO,BLACK HAWK,,W 5TH ST & GRANT AVE,Collision with:  Vehicle in traffic,On Roadway,Broadside (front to side),Ran Stop Sign,None Indicated,,Daylight,Dry,Clear,None apparent,Intersection:  Four-way intersection,Paved,,Property Damage Only,0,0,0,0,0,0,1500,2,2,,POINT (-92.345686391077 42.488936524062)
2014805210,2014037147,06/24/2014,06-June,3-Tuesday,19:27,1900 Hours,District 4 (Southwest),,POTTAWATTAMIE,I-680,I-680,Collision with:  Animal,,,Animal,None Indicated,,,,,,,Paved,,Property Damage Only,0,0,0,0,0,0,4000,1,1,,POINT (-95.874038140362 41.493941643695)
2014805629,2014-42051,06/24/2014,06-June,3-Tuesday,14:07,1400 Hours,District 6 (East Central),DAVENPORT,SCOTT,,W 4TH ST & MARQUETTE ST,Collision with:  Vehicle in traffic,On Roadway,"Sideswipe, same direction",Improper or erratic lane changing,None Indicated,,Daylight,Dry,Clear,None apparent,Non-intersection:  Non-junction/no special feature,Paved,,Property Damage Only,0,0,0,0,0,0,4500,2,3,,POINT (-90.590886009486 41.523468595414)
2014804897,14-7346,06/24/2014,06-June,3-Tuesday,17:09,1700 Hours,District 3 (Northwest),,SIOUX,US 18,US 18/320TH ST,Collision with:  Vehicle in traffic,On Roadway,Rear-end (front to rear),Followed too close,None Indicated,,Daylight,Dry,Cloudy,None apparent,Non-intersection:  Non-junction/no special feature,Paved,,Property Damage Only,0,0,0,0,0,0,10000,2,2,,POINT (-96.110864680999 43.185835152372)
2014808938,1406242128,06/24/2014,06-June,3-Tuesday,21:28,2100 Hours,District 6 (East Central),,JONES,US 151,US 151 & 215 AVE,Collision with:  Vehicle in traffic,On Roadway,Rear-end (front to rear),Other (explain in narrative):  Other,None Indicated,,Dark - roadway not lighted,"Mud, dirt",Cloudy,None apparent,Intersection:  Four-way intersection,Paved,,Property Damage Only,0,0,0,0,0,0,5000,2,2,,POINT (-91.30073578271 42.070826154379)
2014805029,201408993,06/24/2014,06-June,3-Tuesday,20:24,2000 Hours,District 6 (East Central),CEDAR RAPIDS,LINN,I-380,I-380 & CENTER POINT RD NE,Collision with:  Vehicle in traffic,On Roadway,Broadside (front to side),Ran Traffic Signal,Alcohol (Statutory),,Dusk,Dry,Clear,None apparent,Intersection:  Four-way intersection,Paved,,Minor Injury,0,1,0,1,0,0,13250,3,3,,POINT (-91.668009621291 42.027971078726)
2014850909,14-004980,06/24/2014,06-June,3-Tuesday,21:45,2100 Hours,District 5 (Southeast),,LOUISA,,Co Rd X99/CO HWY 99,Collision with fixed object:  Ditch,On Roadway,Non-collision (single vehicle),Ran off road - right,Alcohol (Statutory),,Dark - roadway not lighted,Dry,Clear,None apparent,Non-intersection:  Non-junction/no special feature,Paved,,Possible/Unknown,0,1,0,0,1,0,3000,1,1,,POINT (-91.10218271314 41.153264535571)
2014804855,20140017887,06/24/2014,06-June,3-Tuesday,17:55,1700 Hours,District 1 (Central),DES MOINES,POLK,,E UNIVERSITY AVE & YORK ST,Collision with:  Vehicle in traffic,On Roadway,Broadside (front to side),Other (explain in narrative):  Other,None Indicated,,Daylight,Dry,Clear,None apparent,Intersection:  Other intersection (explain in narrative),Paved,,Property Damage Only,0,0,0,0,0,0,6000,2,5,,POINT (-93.601929052635 41.600538852297)
2014804813,14-005342,06/24/2014,06-June,3-Tuesday,21:07,2100 Hours,District 6 (East Central),,DELAWARE,,Co Rd W69/140TH AVE/FIREFLY RD & 129TH ST & 132ND ST,Collision with:  Animal,,,Animal,None Indicated,,,,,,,Paved,,Property Damage Only,0,0,0,0,0,0,3500,1,1,,POINT (-91.528944194453 42.596534917161)
2014806911,2014-42038,06/24/2014,06-June,3-Tuesday,13:11,1300 Hours,District 6 (East Central),DAVENPORT,SCOTT,,UTICA RIDGE RD,Collision with:  Vehicle in traffic,On Roadway,"Sideswipe, same direction",FTYROW:  At uncontrolled intersection,None Indicated,,Daylight,Dry,Clear,None apparent,Non-intersection:  Non-junction/no special feature,Paved,,Property Damage Only,0,0,0,0,0,0,4000,2,5,,POINT (-90.513517403785 41.574372895908)
2014804801,14-11618,06/24/2014,06-June,3-Tuesday,18:35,1800 Hours,District 2 (Northeast),TRIPOLI,BREMER,,6TH AVE SE & 3RD ST SE,Collision with:  Vehicle in traffic,On Roadway,"Sideswipe, same direction",FTYROW:  From parked position,None Indicated,,Daylight,Dry,Cloudy,None apparent,Non-intersection:  Non-junction/no special feature,Paved,,Property Damage Only,0,0,0,0,0,0,3000,3,2,,POINT (-92.254220441494 42.803240123108)
2014805361,14-20017,06/24/2014,06-June,3-Tuesday,14:35,1400 Hours,District 3 (Northwest),SIOUX CITY,WOODBURY,,W 20TH ST & REBECCA ST,Collision with:  Vehicle in traffic,On Roadway,"Sideswipe, opposite direction",Made improper turn,None Indicated,,Daylight,Dry,Clear,None apparent,Intersection:  Four-way intersection,Paved,,Property Damage Only,0,0,0,0,0,0,4000,2,2,,POINT (-96.425609043736 42.511556941946)
2014805873,14-000746,06/24/2014,06-June,3-Tuesday,14:43,1400 Hours,District 1 (Central),,STORY,,Co Rd R38/510TH AVE & 260TH ST,Collision with:  Vehicle in traffic,On Roadway,Broadside (front to side),FTYROW:  Other (explain in narrative),None Indicated,,Daylight,Dry,Clear,None apparent,Intersection:  Other intersection (explain in narrative),Paved,,Minor Injury,0,1,0,1,0,0,10487,2,4,,POINT (-93.678052762977 41.979360745936)
2014805929,9109-14,06/24/2014,06-June,3-Tuesday,19:45,1900 Hours,District 3 (Northwest),SPENCER,CLAY,,E 1ST ST,Collision with:  Parked motor vehicle,On Roadway,Broadside (front to side),"Operating vehicle in an reckless, erratic, careless, negligent manner",None Indicated,,Daylight,Dry,Cloudy,None apparent,Non-intersection:  Non-junction/no special feature,Paved,,Property Damage Only,0,0,0,0,0,0,1600,2,1,,POINT (-95.139969700975 43.138788181693)
2014804868,14-001402,06/24/2014,06-June,3-Tuesday,15:01,1500 Hours,District 1 (Central),ALTOONA,POLK,,8TH ST SW & 5TH AVE SW,Collision with:  Vehicle in traffic,On Roadway,"Angle, oncoming left turn",FTYROW:  Making left turn,None Indicated,,Daylight,Dry,Cloudy,Work Zone (roadway-related),Intersection:  Four-way intersection,Paved,Yes,Property Damage Only,0,0,0,0,0,0,4500,2,7,,POINT (-93.469321370034 41.644031060555)
2014804808,9102-14,06/24/2014,06-June,3-Tuesday,18:09,1800 Hours,District 3 (Northwest),SPENCER,CLAY,,E 7TH ST,Collision with:  Vehicle in traffic,On Roadway,Broadside (front to side),FTYROW:  From driveway,None Indicated,,Daylight,Dry,Cloudy,None apparent,Non-intersection:  Driveway access (within),Paved,,Property Damage Only,0,0,0,0,0,0,5000,2,2,,POINT (-95.134582547425 43.145101925472)
2014805052,14-0747,06/24/2014,06-June,3-Tuesday,16:56,1600 Hours,District 1 (Central),CLIVE,POLK,I-35,I-35,Collision with:  Vehicle in traffic,On Roadway,Rear-end (front to rear),Driving too fast for conditions,None Indicated,,Daylight,Dry,Cloudy,None apparent,Non-intersection:  Non-junction/no special feature,Paved,,Property Damage Only,0,0,0,0,0,0,5500,3,4,,POINT (-93.776892592566 41.604002247143)
2014805074,14-001401,06/24/2014,06-June,3-Tuesday,13:01,1300 Hours,District 1 (Central),ALTOONA,POLK,US 6,US 6/FREDERICK M HUBBELL AVE & 36TH AVE SW & PRAIRIE CROSSING NW,Collision with:  Vehicle in traffic,On Roadway,Broadside (front to side),Ran Traffic Signal,None Indicated,,Daylight,Dry,Cloudy,None apparent,Intersection:  Five points or more,Paved,,Possible/Unknown,0,2,0,0,2,0,6500,2,2,,POINT (-93.509224737816 41.650238296135)
2014805413,14063011,06/24/2014,06-June,3-Tuesday,16:01,1600 Hours,District 2 (Northeast),CEDAR FALLS,BLACK HAWK,,LILAC LN & MCCLAIN DR,Collision with:  Vehicle in traffic,On Roadway,Broadside (front to side),Ran Stop Sign,None Indicated,,Daylight,Dry,Clear,None apparent,Intersection:  Four-way intersection,Paved,,Possible/Unknown,0,1,0,0,0,1,10600,2,5,,POINT (-92.426020875373 42.507603838391)