Iowa DOT Case Number,Law Enforcement Case Number,Date of Crash,Month of Crash,Day of Week,Time of Crash,Hour,DOT District,City Name,County Name,Route with System,Location Description,First Harmful Event,Location of First Harmful Event,Manner of Crash/Collision,Major Cause,Drug or Alcohol ,Environmental Conditions,Light Conditions,Surface Conditions,Weather Conditions,Roadway Contribution,Roadway Type,Roadway Surface,Work Zone,Crash Severity,Number of Fatalities,Number of Injuries,Number of Major Injuries,Number of Minor Injuries,Number of Possible Injuries,Number of Unknown Injuries,Amount of Property Damage,Number of Vehicles Involved,Total Number of Occupants,Travel Direction,Location
2014805628,2014-41999,06/24/2014,06-June,3-Tuesday,11:20,1100 Hours,District 6 (East Central),DAVENPORT,SCOTT,,E 12TH ST,Collision with:  Parked motor vehicle,On Roadway,Rear-end (front to rear),Lost Control,None Indicated,,Daylight,Dry,Cloudy,None apparent,Non-intersection:  Non-junction/no special feature,Paved,,Property Damage Only,0,0,0,0,0,0,3500,2,1,,POINT (-90.544669876324 41.532136450049)
2014805161,S14-6215,06/24/2014,06-June,3-Tuesday,15:10,1500 Hours,District 3 (Northwest),SIOUX CITY,WOODBURY,,3RD ST & COURT ST,Collision with:  Vehicle in traffic,On Roadway,Broadside (front to side),Ran Stop Sign,None Indicated,,Daylight,Dry,Clear,None apparent,Intersection:  Four-way intersection,Paved,,Possible/Unknown,0,1,0,0,1,0,15000,2,2,,POINT (-96.396386809163 42.493140121963)
2014804852,20140017870,06/24/2014,06-June,3-Tuesday,14:31,1400 Hours,District 1 (Central),DES MOINES,POLK,,POLK BLVD,Collision with:  Vehicle in traffic,On Roadway,Broadside (front to side),FTYROW:  From driveway,None Indicated,,Daylight,Dry,Cloudy,None apparent,Non-intersection:  Driveway access (within),Paved,,Property Damage Only,0,0,0,0,0,0,3300,2,4,,POINT (-93.681657124753 41.597202452078)
2014805445,14010295,06/24/2014,06-June,3-Tuesday,12:33,1200 Hours,District 2 (Northeast),MASON CITY,CERRO GORDO,IA 122,IA 122/4TH ST SW & S TAFT AVE,Collision with:  Vehicle in traffic,On Roadway,Rear-end (front to rear),Other (explain in narrative):  Other,None Indicated,,Daylight,Dry,Cloudy,None apparent,Intersection:  Four-way intersection,Paved,,Minor Injury,0,2,0,2,0,0,3600,4,7,,POINT (-93.240604050959 43.148339930608)
2014805047,14-002722,06/24/2014,06-June,3-Tuesday,23:46,2300 Hours,District 1 (Central),ANKENY,POLK,I-35,I-35,Collision with:  Vehicle in traffic,On Roadway,Rear-end (front to rear),Exceeded authorized speed,None Indicated,,Dark - roadway not lighted,Dry,Clear,None apparent,Non-intersection:  Non-junction/no special feature,Paved,,Property Damage Only,0,0,0,0,0,0,11310,2,2,,POINT (-93.570304489745 41.768709729197)
2014804851,20140017865,06/24/2014,06-June,3-Tuesday,13:59,1300 Hours,District 1 (Central),DES MOINES,POLK,US 69,US 69/E 15TH ST,Collision with:  Vehicle in traffic,On Roadway,"Sideswipe, same direction",Other (explain in narrative):  Other,None Indicated,,Daylight,Dry,Cloudy,None apparent,Intersection:  Four-way intersection,Paved,,Property Damage Only,0,0,0,0,0,0,5200,2,3,,POINT (-93.59644835619 41.596982535172)
2014804748,14-4160,06/24/2014,06-June,3-Tuesday,07:10,0700 Hours,District 1 (Central),ANKENY,POLK,,NE 66TH AVE,Collision with:  Vehicle in traffic,On Roadway,Rear-end (front to rear),Followed too close,None Indicated,,Daylight,Dry,Clear,None apparent,Non-intersection:  Non-junction/no special feature,Paved,,Property Damage Only,0,0,0,0,0,0,4600,2,2,,POINT (-93.590646302588 41.680436984255)
2014807185,2014-41925,06/24/2014,06-June,3-Tuesday,05:00,0500 Hours,District 6 (East Central),DAVENPORT,SCOTT,I-74,I-74 & I-80,Collision with:  Vehicle in traffic,On Roadway,"Sideswipe, same direction",Ran off road - right,None Indicated,,Daylight,Dry,Clear,None apparent,Non-intersection:  Non-junction/no special feature,Paved,,Property Damage Only,0,0,0,0,0,0,6100,2,2,,POINT (-90.527928897034 41.596190902396)
2014805295,20140017880,06/24/2014,06-June,3-Tuesday,16:40,1600 Hours,District 1 (Central),DES MOINES,POLK,IA 163,IA 163/E UNIVERSITY AVE & E 29TH ST,Collision with:  Vehicle in traffic,On Roadway,Rear-end (front to rear),Followed too close,None Indicated,,Daylight,Dry,Clear,None apparent,Non-intersection:  Non-junction/no special feature,Paved,,Property Damage Only,0,0,0,0,0,0,3600,2,2,,POINT (-93.561165172383 41.600510865724)
2014804777,14-026050,06/24/2014,06-June,3-Tuesday,01:35,0100 Hours,District 4 (Southwest),COUNCIL BLUFFS,POTTAWATTAMIE,,N 2ND ST,Collision with:  Vehicle in traffic,Shoulder,"Sideswipe, same direction",Lost Control,None Indicated,,Dark - roadway lighted,Dry,Clear,None apparent,Non-intersection:  Non-junction/no special feature,Paved,,Property Damage Only,0,0,0,0,0,0,4000,2,1,,POINT (-95.846282342429 41.262614011046)
2014808069,2014036913,06/24/2014,06-June,3-Tuesday,07:20,0700 Hours,District 1 (Central),,POLK,I-35,I-35,Collision with:  Vehicle in traffic,On Roadway,"Sideswipe, same direction",Improper or erratic lane changing,None Indicated,,Daylight,Dry,Cloudy,None apparent,Non-intersection:  Non-junction/no special feature,Paved,,Property Damage Only,0,0,0,0,0,0,3500,2,2,,POINT (-93.571088056548 41.850209428948)
2014805874,14-000748,06/24/2014,06-June,3-Tuesday,17:36,1700 Hours,District 1 (Central),MAXWELL,STORY,IA 210,IA 210/MAIN ST,Collision with:  Vehicle in traffic,On Roadway,Rear-end (front to rear),Swerving/Evasive Action,None Indicated,,Daylight,Dry,Clear,None apparent,Non-intersection:  Non-junction/no special feature,Paved,,Minor Injury,0,1,0,1,0,0,13000,2,2,,POINT (-93.39965709705 41.891203499824)
2014805269,201402170,06/24/2014,06-June,3-Tuesday,15:00,1500 Hours,District 6 (East Central),,LINN,,SEVEN HILLS RD,Collision with fixed object:  Ditch,Outside trafficway,Non-collision (single vehicle),Ran off road - straight,None Indicated,,Daylight,Dry,Cloudy,None apparent,Non-intersection:  Non-junction/no special feature,Unpaved,,Property Damage Only,0,0,0,0,0,0,2000,1,1,,POINT (-91.578454499192 42.254455475359)
2014805336,201400030335,06/24/2014,06-June,3-Tuesday,14:03,1400 Hours,District 5 (Southeast),OTTUMWA,WAPELLO,IA 149,IA 149/WAPELLO ST & W 4TH ST,Non-collision events:  Other non-collision (explain in narrative),On Roadway,Unknown,Ran Traffic Signal,None Indicated,,Daylight,Dry,Clear,None apparent,Intersection:  Four-way intersection,Paved,,Major Injury,0,1,1,0,0,0,2000,2,2,,POINT (-92.414286606754 41.022175845709)
2014805235,,06/24/2014,06-June,3-Tuesday,12:00,1200 Hours,District 6 (East Central),CEDAR RAPIDS,LINN,I-380,I-380,Collision with:  Vehicle in traffic,On Roadway,Rear-end (front to rear),Unknown,None Indicated,,Daylight,Dry,Clear,,Interchange-related:  On-ramp merge area,Paved,,Possible/Unknown,0,2,0,0,2,0,0,2,3,,POINT (-91.671174280125 41.953695763812)
2014805631,2014-42126,06/24/2014,06-June,3-Tuesday,18:36,1800 Hours,District 6 (East Central),DAVENPORT,SCOTT,,W 31TH ST,Collision with:  Vehicle in traffic,On Roadway,Broadside (front to side),Other (explain in narrative):  Other,None Indicated,,Daylight,Dry,Clear,None apparent,Non-intersection:  Non-junction/no special feature,Paved,,Property Damage Only,0,0,0,0,0,0,2000,2,2,,POINT (-90.578215242782 41.551815684245)
2014835377,14-015194,06/24/2014,06-June,3-Tuesday,21:23,2100 Hours,District 5 (Southeast),,MARION,IA 5,IA 5/IOWA 5,Collision with:  Animal,On Roadway,Non-collision (single vehicle),Animal,None Indicated,,Dark - roadway not lighted,Dry,Clear,None apparent,Non-intersection:  Non-junction/no special feature,Paved,,Minor Injury,0,1,0,1,0,0,4000,1,1,,POINT (-93.261889550453 41.357155287651)
2014804838,20141046,06/24/2014,06-June,3-Tuesday,18:10,1800 Hours,District 6 (East Central),MOUNT VERNON,LINN,US 30,US 30,Collision with:  Vehicle in traffic,On Roadway,"Sideswipe, opposite direction",FTYROW:  From yield sign,None Indicated,,Daylight,Dry,Cloudy,None apparent,Intersection:  Other intersection (explain in narrative),Paved,,Property Damage Only,0,0,0,0,0,0,2000,2,2,,POINT (-91.422972233875 41.916059694835)
2014804850,20140017869,06/24/2014,06-June,3-Tuesday,14:16,1400 Hours,District 1 (Central),DES MOINES,POLK,,MERKLIN WAY,Collision with:  Vehicle in traffic,On Roadway,"Sideswipe, same direction",Improper or erratic lane changing,None Indicated,,Daylight,Dry,Cloudy,None apparent,Non-intersection:  Non-junction/no special feature,Paved,,Property Damage Only,0,0,0,0,0,0,4000,2,3,,POINT (-93.697042382135 41.614133822582)
2014810936,,06/25/2014,06-June,4-Wednesday,12:59,1200 Hours,District 2 (Northeast),,WINNESHIEK,US 52,US 52 & 355TH ST & 236TH AVE,Collision with:  Animal,On Roadway,Non-collision (single vehicle),Animal,None Indicated,,Daylight,,,,Intersection:  Y-intersection,Paved,,Property Damage Only,0,0,0,0,0,0,2500,1,3,,POINT (-91.86468458249 43.450563294426)
2014806022,14-003015,06/25/2014,06-June,4-Wednesday,16:47,1600 Hours,District 1 (Central),AMES,STORY,,LINCOLN SWING & S DAKOTA AVE,Collision with:  Vehicle in traffic,On Roadway,Broadside (front to side),FTYROW:  From stop sign,None Indicated,,Daylight,Dry,Clear,None apparent,Intersection:  T-intersection,Paved,,Property Damage Only,0,0,0,0,0,0,2900,2,2,,POINT (-93.678701872531 42.022282361134)
2014807230,2014037282,06/25/2014,06-June,4-Wednesday,13:07,1300 Hours,District 6 (East Central),,JONES,US 151,US 151 & 130 ST,Collision with:  Vehicle in traffic,On Roadway,Broadside (front to side),FTYROW:  From stop sign,None Indicated,,Daylight,Dry,Cloudy,None apparent,Intersection:  Four-way intersection,Paved,,Major Injury,0,5,1,0,4,0,35000,2,5,,POINT (-91.266775340738 42.117681204871)
2014804986,W14-063363,06/25/2014,06-June,4-Wednesday,12:49,1200 Hours,District 2 (Northeast),WATERLOO,BLACK HAWK,US 218,US 218/SPECIAL CASE/NW RAMP & ANSBOROUGH AVE,Collision with:  Vehicle in traffic,On Roadway,Broadside (front to side),Ran Traffic Signal,None Indicated,,Daylight,Dry,Clear,None apparent,Intersection:  Four-way intersection,Paved,,Property Damage Only,0,0,0,0,0,0,7000,2,8,,POINT (-92.375697949486 42.508043204463)
2014804917,14-1876,06/25/2014,06-June,4-Wednesday,10:00,1000 Hours,District 1 (Central),FORT DODGE,WEBSTER,,DAKOTA ST,Collision with:  Parked motor vehicle,On Roadway,Unknown,Unknown,None Indicated,,Daylight,Dry,Unknown,None apparent,Non-intersection:  Non-junction/no special feature,Paved,,Property Damage Only,0,0,0,0,0,0,1500,2,1,,POINT (-94.190861122261 42.510310456241)
2014805400,,06/25/2014,06-June,4-Wednesday,19:17,1900 Hours,District 3 (Northwest),ROCK VALLEY,SIOUX,,21ST AVE,Collision with:  Parked motor vehicle,On Roadway,"Sideswipe, same direction",Driver Distraction:  Manual operation of an electronic communication device,None Indicated,,Daylight,Dry,Clear,None apparent,Non-intersection:  Non-junction/no special feature,Paved,,Property Damage Only,0,0,0,0,0,0,3700,2,1,,POINT (-96.285157708969 43.206430131355)
2014805376,142444,06/25/2014,06-June,4-Wednesday,12:08,1200 Hours,District 2 (Northeast),HAMPTON,FRANKLIN,US 65,US 65/4TH ST NE & 12TH AVE NE,Collision with:  Vehicle in traffic,On Roadway,"Angle, oncoming left turn",FTYROW:  Making left turn,None Indicated,,Daylight,Dry,Clear,None apparent,Intersection:  Four-way intersection,Paved,,Property Damage Only,0,0,0,0,0,0,5200,2,3,,POINT (-93.202433049976 42.752717894061)
2014805048,14-002733,06/25/2014,06-June,4-Wednesday,14:59,1400 Hours,District 1 (Central),ANKENY,POLK,US 69,US 69/N 14TH ST & SPRINGFIELD DR & SE 33RD ST,Collision with:  Vehicle in traffic,On Roadway,Broadside (front to side),Made improper turn,None Indicated,,Daylight,Dry,Clear,None apparent,Intersection:  Four-way intersection,Paved,,Possible/Unknown,0,1,0,0,1,0,10000,2,2,,POINT (-93.600642817997 41.695967458391)
2014805162,S14-6258,06/25/2014,06-June,4-Wednesday,13:28,1300 Hours,District 3 (Northwest),SALIX,WOODBURY,I-29,I-29,Collision with fixed object:  Ditch,On Roadway,Non-collision (single vehicle),Equipment failure,None Indicated,,Daylight,Dry,Clear,None apparent,Non-intersection:  Non-junction/no special feature,Paved,,Possible/Unknown,0,1,0,0,1,0,3000,1,4,,POINT (-96.307335873659 42.31895012021)
2014850898,14-4992,06/25/2014,06-June,4-Wednesday,15:44,1500 Hours,District 5 (Southeast),,LOUISA,US 61,US 61 & IA 92/IOWA 92 & Co Rd G48/CO HWY 252,Non-collision events:  Other non-collision (explain in narrative),On Roadway,Broadside (front to side),FTYROW:  From stop sign,None Indicated,,Daylight,Dry,Clear,None apparent,Intersection:  Four-way intersection,Paved,,Minor Injury,0,1,0,1,0,0,26600,2,3,,POINT (-91.196983389551 41.276620729225)
2014804894,2014-42278,06/25/2014,06-June,4-Wednesday,07:53,0700 Hours,District 6 (East Central),DAVENPORT,SCOTT,,W 73RD ST & JEBENS AVE,Collision with fixed object:  Utility pole/light support,On Roadway,Non-collision (single vehicle),Other (explain in narrative):  Other,None Indicated,,Daylight,Dry,Clear,None apparent,Intersection:  T-intersection,Paved,,Property Damage Only,0,0,0,0,0,0,2000,1,1,,POINT (-90.616033729576 41.594765337964)
2014811921,14-004437,06/25/2014,06-June,4-Wednesday,07:47,0700 Hours,District 3 (Northwest),EMMETSBURG,PALO ALTO,IA 4,IA 4/BROADWAY ST & 17TH ST,Collision with:  Vehicle in traffic,On Roadway,Head-on (front to front),FTYROW:  From stop sign,None Indicated,,Daylight,Dry,Clear,None apparent,Intersection:  Four-way intersection,Paved,,Property Damage Only,0,0,0,0,0,0,4500,2,3,,POINT (-94.678864012751 43.104785317956)
2014805253,01-14-27685,06/25/2014,06-June,4-Wednesday,21:02,2100 Hours,District 6 (East Central),DUBUQUE,DUBUQUE,,ROOSEVELT ST,Collision with fixed object:  Ditch,Outside trafficway,Non-collision (single vehicle),Ran off road - right,None Indicated,,Dark - roadway not lighted,Wet,Clear,None apparent,Non-intersection:  Non-junction/no special feature,Paved,,Property Damage Only,0,0,0,0,0,0,1750,1,2,,POINT (-90.661549061113 42.539875814407)
2014805450,14010411,06/25/2014,06-June,4-Wednesday,20:27,2000 Hours,District 2 (Northeast),MASON CITY,CERRO GORDO,US 65,US 65/N DELAWARE AVE & 1ST ST NE,Collision with:  Vehicle in traffic,On Roadway,"Sideswipe, same direction",Made improper turn,None Indicated,,Daylight,Dry,Cloudy,None apparent,Intersection:  Other intersection (explain in narrative),Paved,,Property Damage Only,0,0,0,0,0,0,4500,2,5,,POINT (-93.199418932434 43.152705431205)
2014810071,14-000738,06/25/2014,06-June,4-Wednesday,15:51,1500 Hours,District 1 (Central),JOHNSTON,POLK,,NW 70 AVE & NW 100TH ST & NW 70TH AVE,Collision with:  Vehicle in traffic,On Roadway,Broadside (front to side),Ran Traffic Signal,None Indicated,,Daylight,Dry,Clear,Non-highway work,Intersection:  Four-way intersection,Paved,,Property Damage Only,0,0,0,0,0,0,7000,2,2,,POINT (-93.755820800414 41.688341379452)
2014805077,14-026265,06/25/2014,06-June,4-Wednesday,10:55,1000 Hours,District 4 (Southwest),COUNCIL BLUFFS,POTTAWATTAMIE,,AVE L,Collision with:  Vehicle in traffic,On Roadway,Broadside (front to side),Other (explain in narrative):  Vision obstructed,None Indicated,,Daylight,Dry,Clear,None apparent,Non-intersection:  Non-junction/no special feature,Paved,,Property Damage Only,0,0,0,0,0,0,5600,2,2,,POINT (-95.890029395935 41.272664114952)
2014804845,14-4192,06/25/2014,06-June,4-Wednesday,06:30,0600 Hours,District 1 (Central),,POLK,,Co Rd R6F/NW 66TH AVE & NW 26TH ST,Collision with:  Vehicle in traffic,On Roadway,Rear-end (front to rear),Driving too fast for conditions,None Indicated,,Dawn,Dry,Clear,None apparent,Intersection:  Four-way intersection,Paved,,Property Damage Only,0,0,0,0,0,0,2500,2,3,,POINT (-93.654035295003 41.680372951521)
2014804810,1406252771,06/25/2014,06-June,4-Wednesday,05:30,0500 Hours,District 6 (East Central),DELMAR,CLINTON,IA 136,IA 136/MARKET ST & MAIN ST,Collision with:  Vehicle in traffic,On Roadway,Broadside (front to side),FTYROW:  From stop sign,None Indicated,,Dawn,Dry,Clear,None apparent,Intersection:  Four-way intersection,Paved,,Property Damage Only,0,0,0,0,0,0,13000,2,2,,POINT (-90.607113190141 42.003645753761)
2014806101,14-21695,06/25/2014,06-June,4-Wednesday,13:14,1300 Hours,District 5 (Southeast),BURLINGTON,DES MOINES,US 61,US 61,Collision with:  Animal,,,Animal,None Indicated,,,,,,,Paved,,Property Damage Only,0,0,0,0,0,0,2000,1,1,,POINT (-91.1553374864 40.752432347764)
2014805055,20140017947,06/25/2014,06-June,4-Wednesday,07:35,0700 Hours,District 1 (Central),DES MOINES,POLK,,COTTAGE GROVE AVE & MLK JR PKWY,Collision with:  Vehicle in traffic,On Roadway,"Sideswipe, same direction",Made improper turn,None Indicated,,Daylight,Dry,Clear,None apparent,Intersection:  Four-way intersection,Paved,,Property Damage Only,0,0,0,0,0,0,4000,2,2,,POINT (-93.644347304609 41.594373170067)
2014805072,14-001411,06/25/2014,06-June,4-Wednesday,17:30,1700 Hours,District 1 (Central),ALTOONA,POLK,US 6,US 6/FREDERICK M HUBBELL AVE & 34TH AVE SW,Collision with:  Vehicle in traffic,On Roadway,Broadside (front to side),FTYROW:  Other (explain in narrative),None Indicated,,Daylight,Dry,Clear,None apparent,Intersection:  T-intersection,Paved,,Possible/Unknown,0,1,0,0,1,0,8000,2,3,,POINT (-93.503173324962 41.655020732818)
2014804998,141794,06/25/2014,06-June,4-Wednesday,19:21,1900 Hours,District 3 (Northwest),,CRAWFORD,,Co Rd L51/Q AVE/140TH ST,Non-collision events:  Other non-collision (explain in narrative),On Roadway,Non-collision (single vehicle),Crossed centerline (undivided),None Indicated,,Daylight,Dry,Cloudy,None apparent,Non-intersection:  Non-junction/no special feature,Paved,,Possible/Unknown,0,1,0,0,1,0,8000,1,1,,POINT (-95.595824321858 41.979754026314)
2014805031,201409012,06/25/2014,06-June,4-Wednesday,09:47,0900 Hours,District 6 (East Central),CEDAR RAPIDS,LINN,I-380,I-380 & COLDSTREAM AVE NE,Collision with:  Vehicle in traffic,On Roadway,Rear-end (front to rear),Unknown,None Indicated,,Daylight,Dry,Clear,Work Zone (roadway-related),Intersection:  Intersection with ramp,Paved,Yes,Property Damage Only,0,0,0,0,0,0,6100,2,2,,POINT (-91.666165481567 42.006973795806)
2014805229,,06/25/2014,06-June,4-Wednesday,09:42,0900 Hours,District 5 (Southeast),,LUCAS,,170TH AVE & 450TH ST,Collision with:  Vehicle in traffic,On Roadway,Broadside (front to side),FTYROW:  From stop sign,None Indicated,,Daylight,"Mud, dirt",Cloudy,None apparent,Intersection:  Four-way intersection,Unpaved,,Property Damage Only,0,0,0,0,0,0,7000,2,2,,POINT (-93.422818766194 40.969758091614)
2014805211,2014037311,06/25/2014,06-June,4-Wednesday,14:22,1400 Hours,District 4 (Southwest),,FREMONT,I-29,I-29,Collision with:  Vehicle in traffic,On Roadway,"Sideswipe, same direction",Other (explain in narrative):  Other,Under Influence of Alcohol/Drugs/Medications,,Daylight,Dry,Cloudy,None apparent,Non-intersection:  Non-junction/no special feature,Paved,,Property Damage Only,0,0,0,0,0,0,3500,2,2,,POINT (-95.809927915467 40.772805132066)
2014804846,14-4207,06/25/2014,06-June,4-Wednesday,11:40,1100 Hours,District 1 (Central),URBANDALE,POLK,,86TH ST,Collision with:  Vehicle in traffic,On Roadway,Broadside (front to side),Driver Distraction:  Reaching for object(s)/fallen object(s),None Indicated,,Daylight,Dry,Clear,None apparent,Intersection:  Intersection with ramp,Paved,,Property Damage Only,0,0,0,0,0,0,4000,2,3,,POINT (-93.736488281309 41.650528992696)
2014804859,20140017963,06/25/2014,06-June,4-Wednesday,11:32,1100 Hours,District 1 (Central),DES MOINES,POLK,,HUBBELL AVE & GUTHRIE AVE,Collision with:  Vehicle in traffic,On Roadway,Broadside (front to side),FTYROW:  From driveway,None Indicated,,Daylight,Dry,Clear,None apparent,Non-intersection:  Driveway access (within),Paved,,Property Damage Only,0,0,0,0,0,0,9000,2,5,,POINT (-93.565983104163 41.614925840692)
2014804919,14-1879,06/25/2014,06-June,4-Wednesday,13:00,1300 Hours,District 1 (Central),FORT DODGE,WEBSTER,,5TH AVE S,Collision with:  Vehicle in traffic,On Roadway,"Sideswipe, same direction",Swerving/Evasive Action,None Indicated,,Daylight,Dry,Clear,None apparent,Intersection:  Four-way intersection,Paved,,Property Damage Only,0,0,0,0,0,0,3000,2,2,,POINT (-94.174657197237 42.501066749517)
2014805063,20140017985,06/25/2014,06-June,4-Wednesday,13:57,1300 Hours,District 1 (Central),DES MOINES,POLK,IA 163,IA 163/E UNIVERSITY AVE & E 30TH ST,Collision with:  Vehicle in traffic,On Roadway,"Sideswipe, same direction",FTYROW:  Other (explain in narrative),None Indicated,,Daylight,Dry,Clear,None apparent,Intersection:  Four-way intersection,Paved,,Property Damage Only,0,0,0,0,0,0,9000,2,2,,POINT (-93.558393312663 41.600524361461)
2014805167,14-20185,06/25/2014,06-June,4-Wednesday,19:50,1900 Hours,District 3 (Northwest),SIOUX CITY,WOODBURY,,MAIN ST,Collision with:  Vehicle in traffic,On Roadway,"Sideswipe, opposite direction",Improper Backing,None Indicated,,Daylight,Dry,Clear,None apparent,Non-intersection:  Non-junction/no special feature,Paved,,Property Damage Only,0,0,0,0,0,0,4000,2,1,,POINT (-96.4126218512 42.506623225938)
2014805046,14-4222,06/25/2014,06-June,4-Wednesday,19:35,1900 Hours,District 1 (Central),GRIMES,POLK,,SW KENNYBROOK DR & S JAMES ST,Collision with:  Vehicle in traffic,On Roadway,Broadside (front to side),FTYROW:  From stop sign,None Indicated,,Daylight,Dry,Clear,None apparent,Intersection:  T-intersection,Paved,,Property Damage Only,0,0,0,0,0,0,4000,2,2,,POINT (-93.794554613687 41.685882384586)
2014813484,,06/25/2014,06-June,4-Wednesday,21:38,2100 Hours,District 2 (Northeast),,CHICKASAW,US 63,US 63,Collision with:  Animal,On Roadway,Non-collision (single vehicle),Animal,None Indicated,,Dark - roadway not lighted,Dry,Clear,None apparent,Non-intersection:  Non-junction/no special feature,Paved,,Property Damage Only,0,0,0,0,0,0,3000,1,1,,POINT (-92.305287841794 43.086979738068)
2014805744,,06/25/2014,06-June,4-Wednesday,10:20,1000 Hours,District 6 (East Central),CEDAR RAPIDS,LINN,,4TH AVE SE & 5TH ST SE,Collision with:  Vehicle in traffic,On Roadway,Unknown,Unknown,None Indicated,,Daylight,Dry,Clear,,Intersection:  Other intersection (explain in narrative),Paved,,Property Damage Only,0,0,0,0,0,0,1500,2,2,,POINT (-91.662749553258 41.978068477674)
2014805743,,06/25/2014,06-June,4-Wednesday,23:58,2300 Hours,District 6 (East Central),,JOHNSON,I-380,I-380,Collision with:  Animal,On Roadway,Non-collision (single vehicle),Animal,None Indicated,,Dark - roadway not lighted,Dry,Clear,,Non-intersection:  Non-junction/no special feature,Paved,,Property Damage Only,0,0,0,0,0,0,6000,1,2,,POINT (-91.657174256824 41.823829234665)
2014805907,2014037381,06/25/2014,06-June,4-Wednesday,22:33,2200 Hours,District 1 (Central),,STORY,I-35,I-35,Collision with:  Animal,,,Animal,None Indicated,,,,,,,Paved,,Property Damage Only,0,0,0,0,0,0,10000,1,1,,POINT (-93.553271882571 42.11380422236)
2014805065,20140018000,06/25/2014,06-June,4-Wednesday,16:08,1600 Hours,District 1 (Central),DES MOINES,POLK,IA 28,IA 28/MERLE HAY RD,Collision with:  Vehicle in traffic,On Roadway,Rear-end (front to rear),"Operating vehicle in an reckless, erratic, careless, negligent manner",None Indicated,,Daylight,Dry,Cloudy,None apparent,Intersection:  Four-way intersection,Paved,,Property Damage Only,0,0,0,0,0,0,2000,2,4,,POINT (-93.697787004567 41.629765773742)
2014804820,TC037-14,06/25/2014,06-June,4-Wednesday,11:40,1100 Hours,District 4 (Southwest),MISSOURI VALLEY,HARRISON,,,Collision with:  Parked motor vehicle,On Roadway,Broadside (front to side),FTYROW:  From driveway,None Indicated,,Daylight,Dry,Clear,None apparent,Non-intersection:  Driveway access (within),,,Property Damage Only,0,0,0,0,0,0,5500,2,6,,POINT (-96.643700149993 40.233091251414)
2014805327,14-003009,06/25/2014,06-June,4-Wednesday,14:41,1400 Hours,District 1 (Central),AMES,STORY,US 69,US 69/GRAND AVE & NORTHWOOD DR & WHEELER ST,Collision with:  Vehicle in traffic,On Roadway,Rear-end (front to rear),Driving too fast for conditions,None Indicated,,Daylight,Dry,Clear,None apparent,Intersection:  Four-way intersection,Paved,,Property Damage Only,0,0,0,0,0,0,5500,2,2,,POINT (-93.620608687758 42.053953965561)
2014805994,14-12712,06/25/2014,06-June,4-Wednesday,06:00,0600 Hours,District 6 (East Central),DAVENPORT,SCOTT,I-80,I-80,Collision with fixed object:  Ditch,Median,Non-collision (single vehicle),Ran off road - left,None Indicated,,Dark - roadway not lighted,Dry,Clear,None apparent,Non-intersection:  Non-junction/no special feature,Paved,,Possible/Unknown,0,1,0,0,0,1,1500,1,1,,POINT (-90.602013786987 41.599805369376)
2014805875,14-000756,06/25/2014,06-June,4-Wednesday,16:34,1600 Hours,District 1 (Central),,STORY,,Co Rd S27/650TH AVE,Collision with:  Animal,On Roadway,Non-collision (single vehicle),Animal,None Indicated,,Daylight,Dry,Clear,None apparent,Non-intersection:  Non-junction/no special feature,Paved,,Property Damage Only,0,0,0,0,0,0,4000,1,1,,POINT (-93.405937662004 41.935026473671)
2014805067,20140018013,06/25/2014,06-June,4-Wednesday,17:01,1700 Hours,District 1 (Central),DES MOINES,POLK,,PLEASANTVIEW DR & SW 5TH ST,Collision with:  Vehicle in traffic,On Roadway,"Angle, oncoming left turn",Other (explain in narrative):  Vision obstructed,None Indicated,,Daylight,Dry,Cloudy,None apparent,Intersection:  T-intersection,Paved,,Property Damage Only,0,0,0,0,0,0,8000,2,5,,POINT (-93.620978876547 41.557337765457)
2014805906,2014037247,06/25/2014,06-June,4-Wednesday,12:20,1200 Hours,District 5 (Southeast),EDDYVILLE,WAPELLO,US 63,US 63/NW RAMP A,Collision with:  Vehicle in traffic,On Roadway,Rear-end (front to rear),FTYROW:  From parked position,None Indicated,,Daylight,Dry,Clear,None apparent,"Interchange-related:  Off-ramp, diverge area",Paved,,Property Damage Only,0,0,0,0,0,0,5000,2,2,,POINT (-92.622714087419 41.156879465586)
2014805037,14-3148,06/25/2014,06-June,4-Wednesday,14:30,1400 Hours,District 6 (East Central),HIAWATHA,LINN,I-380,I-380 & BOYSON RD,Collision with fixed object:  Guardrail - face,Shoulder,Non-collision (single vehicle),Ran off road - left,None Indicated,,Daylight,Dry,Clear,None apparent,Non-intersection:  Non-junction/no special feature,Paved,,Property Damage Only,0,0,0,0,0,0,4790,1,1,,POINT (-91.684851466408 42.045412495667)
2014805081,14-026365,06/25/2014,06-June,4-Wednesday,23:00,2300 Hours,District 4 (Southwest),COUNCIL BLUFFS,POTTAWATTAMIE,,MID AMERICA DR & 24TH AVE,Non-collision events:  Other non-collision (explain in narrative),On Roadway,Non-collision (single vehicle),Other (explain in narrative):  Other,None Indicated,,Dark - roadway lighted,Dry,Clear,None apparent,Intersection:  Four-way intersection,Paved,,Possible/Unknown,0,1,0,0,1,0,0,1,3,,POINT (-95.896700837676 41.239154915143)