Iowa DOT Case Number,Law Enforcement Case Number,Date of Crash,Month of Crash,Day of Week,Time of Crash,Hour,DOT District,City Name,County Name,Route with System,Location Description,First Harmful Event,Location of First Harmful Event,Manner of Crash/Collision,Major Cause,Drug or Alcohol ,Environmental Conditions,Light Conditions,Surface Conditions,Weather Conditions,Roadway Contribution,Roadway Type,Roadway Surface,Work Zone,Crash Severity,Number of Fatalities,Number of Injuries,Number of Major Injuries,Number of Minor Injuries,Number of Possible Injuries,Number of Unknown Injuries,Amount of Property Damage,Number of Vehicles Involved,Total Number of Occupants,Travel Direction,Location
2014805594,14-1408,06/27/2014,06-June,6-Friday,11:50,1100 Hours,District 1 (Central),URBANDALE,POLK,,MEREDITH DR &  NW URBANDALE DR,Collision with:  Vehicle in traffic,On Roadway,"Angle, oncoming left turn",Ran Traffic Signal,None Indicated,,Daylight,Wet,Cloudy,None apparent,Intersection:  Four-way intersection,Paved,,Minor Injury,0,1,0,1,0,0,10000,2,5,,POINT (-93.765796906908 41.643969420491)
2014805642,2014-42995,06/27/2014,06-June,6-Friday,09:41,0900 Hours,District 6 (East Central),DAVENPORT,SCOTT,,IA 461/BRADY ST,Collision with:  Vehicle in traffic,On Roadway,Rear-end (front to rear),Lost Control,None Indicated,,Daylight,Dry,Clear,None apparent,Non-intersection:  Driveway access (within),Paved,,Property Damage Only,0,0,0,0,0,0,2000,2,3,,POINT (-90.568368491174 41.569485414663)
2014806261,14009199,06/27/2014,06-June,6-Friday,20:47,2000 Hours,District 5 (Southeast),,APPANOOSE,,195TH AVE,Collision with:  Vehicle in traffic,On Roadway,"Sideswipe, same direction",Made improper turn,None Indicated,,Daylight,"Mud, dirt",Clear,None apparent,Non-intersection:  Non-junction/no special feature,Unpaved,,Property Damage Only,0,0,0,0,0,0,5000,2,4,,POINT (-92.916152577366 40.799712335261)
2014805513,14014716,06/27/2014,06-June,6-Friday,16:42,1600 Hours,District 5 (Southeast),OSKALOOSA,MAHASKA,,3RD AVE E & S 1ST ST,Collision with:  Non-motorist (see non-motorist section - NOT a unit),On Roadway,Non-collision (single vehicle),Other (explain in narrative):  No improper action,None Indicated,,Daylight,Dry,Cloudy,None apparent,Intersection:  Four-way intersection,Paved,,Possible/Unknown,0,1,0,0,1,0,500,1,1,,POINT (-92.643848972184 41.292641203397)
2014806666,2014037772,06/27/2014,06-June,6-Friday,17:15,1700 Hours,District 3 (Northwest),,MONONA,I-29,I-29,Collision with:  Vehicle in traffic,On Roadway,Rear-end (front to rear),Crossed centerline (undivided),None Indicated,,Daylight,Dry,Cloudy,None apparent,Non-intersection:  Crossover-related,Paved,,Minor Injury,0,1,0,1,0,0,30000,2,3,,POINT (-96.137749252368 42.033308397748)
2014833405,14-080627-01,06/27/2014,06-June,6-Friday,13:15,1300 Hours,District 6 (East Central),NORTH ENGLISH,IOWA,IA 149,IA 149/ELM ST & MAIN ST,Collision with:  Vehicle in traffic,On Roadway,"Sideswipe, same direction",FTYROW:  Other (explain in narrative),None Indicated,,Daylight,Dry,Clear,None apparent,Intersection:  Four-way intersection,Paved,,Property Damage Only,0,0,0,0,0,0,7000,2,4,,POINT (-92.076429490947 41.511944496617)
2014805508,14013285,06/27/2014,06-June,6-Friday,16:55,1600 Hours,District 6 (East Central),MARION,LINN,,10TH AVE,Collision with:  Vehicle in traffic,On Roadway,Rear-end (front to rear),Followed too close,None Indicated,,Daylight,Wet,Rain,"Surface condition (e.g., wet, icy)",Non-intersection:  Non-junction/no special feature,Paved,,Property Damage Only,0,0,0,0,0,0,5500,2,3,,POINT (-91.561433549186 42.035889067784)
2014805464,CL14002191,06/27/2014,06-June,6-Friday,14:49,1400 Hours,District 6 (East Central),CLINTON,CLINTON,US 67,US 67/N 2ND ST,Collision with:  Vehicle in traffic,On Roadway,Rear-end (front to rear),Other (explain in narrative):  Other,None Indicated,,Daylight,Dry,Cloudy,None apparent,Non-intersection:  Non-junction/no special feature,Paved,,Property Damage Only,0,0,0,0,0,0,2500,2,2,,POINT (-90.184800301131 41.858885177501)
2014805836,06-14-233,06/27/2014,06-June,6-Friday,16:05,1600 Hours,District 3 (Northwest),LE MARS,PLYMOUTH,,8TH AVE SW,Collision with:  Vehicle in traffic,On Roadway,Rear-end (front to rear),Other (explain in narrative):  No improper action,None Indicated,,Daylight,Dry,Clear,None apparent,Non-intersection:  Non-junction/no special feature,Paved,,Property Damage Only,0,0,0,0,0,0,6000,2,2,,POINT (-96.178435575066 42.786191876319)
2014805536,14-002783,06/27/2014,06-June,6-Friday,21:14,2100 Hours,District 1 (Central),ANKENY,POLK,,SW POLK CITY DR,Collision with fixed object:  Utility pole/light support,On Roadway,Non-collision (single vehicle),Ran off road - straight,Alcohol (Statutory),,Dark - roadway lighted,Dry,Cloudy,None apparent,Intersection:  T-intersection,Paved,,Minor Injury,0,1,0,1,0,0,15400,1,1,,POINT (-93.623432512568 41.696413534201)
2014806490,2014-13590,06/27/2014,06-June,6-Friday,17:49,1700 Hours,District 5 (Southeast),INDIANOLA,WARREN,US 65,US 65/S JEFFERSON WAY & E 1ST AVE,Collision with:  Vehicle in traffic,On Roadway,"Angle, oncoming left turn",FTYROW:  Making left turn,None Indicated,,Daylight,Dry,Cloudy,None apparent,Intersection:  Four-way intersection,Paved,,Property Damage Only,0,0,0,0,0,0,4000,2,2,,POINT (-93.558322607076 41.35925161696)
2014805992,S79140214,06/27/2014,06-June,6-Friday,02:20,0200 Hours,District 1 (Central),,POWESHIEK,I-80,I-80,Collision with:  Animal,,,Animal,None Indicated,,,,,,,Paved,,Property Damage Only,0,0,0,0,0,0,2500,1,1,,POINT (-92.641345251695 41.69580650602)
2014805499,2014-02203,06/27/2014,06-June,6-Friday,15:30,1500 Hours,District 6 (East Central),COGGON,LINN,,RAILROAD ST,Collision with fixed object:  Utility pole/light support,On Roadway,Non-collision (single vehicle),Swerving/Evasive Action,None Indicated,,Daylight,Dry,Cloudy,None apparent,Non-intersection:  Non-junction/no special feature,Paved,,Property Damage Only,0,0,0,0,0,0,4000,1,1,,POINT (-91.533959503372 42.279760375748)
2014809805,2014006411,06/27/2014,06-June,6-Friday,14:58,1400 Hours,District 1 (Central),MARSHALLTOWN,MARSHALL,IA 14,IA 14/E ANSON ST & S 1ST AVE,Collision with:  Vehicle in traffic,On Roadway,Broadside (front to side),FTYROW:  Other (explain in narrative),None Indicated,,Daylight,Wet,Cloudy,Traffic control obscured,Intersection:  Four-way intersection,Paved,,Property Damage Only,0,0,0,0,0,0,6000,2,5,,POINT (-92.911076866267 42.038169687963)
2014806933,AC14-038,06/27/2014,06-June,6-Friday,15:35,1500 Hours,District 4 (Southwest),HARLAN,SHELBY,,HILL ST,Collision with:  Vehicle in traffic,On Roadway,Rear-end (front to rear),Improper Backing,None Indicated,,Daylight,Dry,Cloudy,None apparent,Non-intersection:  Other non-intersection (explain in narrative),Paved,,Possible/Unknown,0,1,0,0,1,0,2500,2,1,,POINT (-95.318593091639 41.659453870078)
2014805487,SO1402497,06/27/2014,06-June,6-Friday,21:48,2100 Hours,District 5 (Southeast),,JEFFERSON,,Co Rd V64/HEMLOCK AVE,Collision with:  Animal,,,Animal,None Indicated,,,,,,,Paved,,Property Damage Only,0,0,0,0,0,0,1500,1,1,,POINT (-92.049791856501 40.975553611044)
2014805526,SO14001517,06/27/2014,06-June,6-Friday,06:25,0600 Hours,District 3 (Northwest),,PLYMOUTH,US 75,US 75 & Co Rd C70 & MAIN ST,Collision with:  Vehicle in traffic,On Roadway,"Sideswipe, same direction",FTYROW:  Making left turn,None Indicated,,Daylight,Dry,Clear,None apparent,Intersection:  Four-way intersection,Paved,,Property Damage Only,0,0,0,0,0,0,3500,2,2,,POINT (-96.316020395867 42.576788942198)
2014820429,2014-48-AC,06/27/2014,06-June,6-Friday,15:13,1500 Hours,District 3 (Northwest),,DICKINSON,US 71,US 71 & Co Rd A15/120TH ST,Collision with:  Vehicle in traffic,On Roadway,Broadside (front to side),Ran Stop Sign,None Indicated,,Daylight,Dry,Clear,None apparent,Intersection:  Four-way intersection,Paved,,Major Injury,0,3,3,0,0,0,20020,2,3,,POINT (-94.994207572736 43.474121485839)
2014805897,2014037700,06/27/2014,06-June,6-Friday,12:20,1200 Hours,District 1 (Central),,STORY,I-35,I-35,Collision with:  Vehicle in traffic,On Roadway,Rear-end (front to rear),Followed too close,None Indicated,,Daylight,Wet,Rain,None apparent,Non-intersection:  Non-junction/no special feature,Paved,,Property Damage Only,0,0,0,0,0,0,4000,2,5,,POINT (-93.570620202832 41.910034966775)
2014805492,C14001961,06/27/2014,06-June,6-Friday,11:43,1100 Hours,District 6 (East Central),CORALVILLE,JOHNSON,,5TH ST & 7TH ST,Non-collision events:  Other non-collision (explain in narrative),On Roadway,Non-collision (single vehicle),Other (explain in narrative):  No improper action,None Indicated,,Daylight,Dry,Cloudy,None apparent,Non-intersection:  Non-junction/no special feature,Paved,,Minor Injury,0,1,0,1,0,0,100,1,1,,POINT (-91.584546910302 41.677993547319)
2014805430,062714-086,06/27/2014,06-June,6-Friday,12:30,1200 Hours,District 3 (Northwest),STORM LAKE,BUENA VISTA,,W RAILROAD ST & E RAILROAD ST & LAKE AVE,Collision with:  Vehicle in traffic,On Roadway,Broadside (front to side),Ran Traffic Signal,None Indicated,,Daylight,Dry,Cloudy,None apparent,Intersection:  Four-way intersection,Paved,,Possible/Unknown,0,2,0,0,2,0,10000,2,3,,POINT (-95.200893740729 42.643351480279)
2014805803,01-14-27960,06/27/2014,06-June,6-Friday,12:19,1200 Hours,District 6 (East Central),DUBUQUE,DUBUQUE,US 20,US 20/DODGE ST & WACKER DR,Collision with:  Vehicle in traffic,On Roadway,Broadside (front to side),Ran Traffic Signal,None Indicated,,Daylight,Dry,Cloudy,None apparent,Intersection:  Four-way intersection,Paved,,Possible/Unknown,0,2,0,0,2,0,40400,2,2,,POINT (-90.72053414401 42.492058500063)
2014805679,14-20350,06/27/2014,06-June,6-Friday,07:01,0700 Hours,District 3 (Northwest),SIOUX CITY,WOODBURY,,WASHINGTON AVE & S CECELIA ST,Collision with:  Parked motor vehicle,On Roadway,Rear-end (front to rear),Lost Control,Under Influence of Alcohol/Drugs/Medications,,Daylight,Dry,Cloudy,None apparent,Intersection:  Four-way intersection,Paved,,Property Damage Only,0,0,0,0,0,0,8000,2,1,,POINT (-96.366932968923 42.486626482361)
2014852639,14-057,06/27/2014,06-June,6-Friday,12:30,1200 Hours,District 3 (Northwest),SIOUX CENTER,SIOUX,US 75,US 75/N MAIN AVE & 12TH ST NE,Collision with:  Vehicle in traffic,On Roadway,Rear-end (front to rear),Followed too close,None Indicated,,Daylight,Dry,Cloudy,None apparent,Intersection:  T-intersection,Paved,,Property Damage Only,0,0,0,0,0,0,3000,2,4,,POINT (-96.17572114087 43.090401342995)
2014805471,144500,06/27/2014,06-June,6-Friday,21:21,2100 Hours,District 4 (Southwest),,DALLAS,,Co Rd F60/OLD HWY 6 SOUTH & BEAR CREEK RD,Collision with:  Vehicle in traffic,On Roadway,Broadside (front to side),FTYROW:  From stop sign,None Indicated,,Dusk,Wet,Cloudy,None apparent,Intersection:  Four-way intersection,Paved,,Property Damage Only,0,0,0,0,0,0,11500,2,2,,POINT (-94.194385357749 41.539498607133)
2014805519,14-004387,06/27/2014,06-June,6-Friday,22:00,2200 Hours,District 3 (Northwest),,MONONA,I-29,I-29,Collision with:  Animal,On Roadway,Non-collision (single vehicle),Animal,None Indicated,,Dark - roadway not lighted,Dry,Cloudy,None apparent,Non-intersection:  Non-junction/no special feature,Paved,,Property Damage Only,0,0,0,0,0,0,4000,1,2,,POINT (-96.139652406016 42.035651686213)
2014805357,14-20331,06/27/2014,06-June,6-Friday,01:19,0100 Hours,District 3 (Northwest),SIOUX CITY,WOODBURY,,16TH ST & INGLESIDE AVE,Collision with:  Vehicle in traffic,On Roadway,"Sideswipe, same direction",Lost Control,Alcohol (Statutory),,Dark - roadway lighted,Dry,Clear,None apparent,Intersection:  T-intersection,Paved,,Property Damage Only,0,0,0,0,0,0,14000,3,1,,POINT (-96.399648318715 42.507063285224)
2014805721,201406271206,06/27/2014,06-June,6-Friday,11:15,1100 Hours,District 2 (Northeast),,WRIGHT,IA 17,IA 17/IOWA 17 & Co Rd C56/320TH ST,Collision with:  Vehicle in traffic,On Roadway,Rear-end (front to rear),FTYROW:  From stop sign,None Indicated,,Daylight,Wet,Rain,None apparent,Intersection:  T-intersection,Paved,,Property Damage Only,0,0,0,0,0,0,2000,2,2,,POINT (-93.912282339614 42.586983793267)
2014806506,,06/27/2014,06-June,6-Friday,00:30,0000 Hours,District 2 (Northeast),,BUTLER,IA 14,IA 14/IOWA 14 & Co Rd C33/190 ST,Non-collision events:  Overturn/rollover,Roadside,Non-collision (single vehicle),Ran off road - left,None Indicated,,Dark - roadway lighted,Unknown,Unknown,None apparent,Intersection:  Four-way intersection,Paved,,Minor Injury,0,1,0,1,0,0,4000,1,1,,POINT (-92.809978898294 42.773811937227)
2014805646,2014-43095,06/27/2014,06-June,6-Friday,17:04,1700 Hours,District 6 (East Central),DAVENPORT,SCOTT,,E 53RD ST & EASTERN AVE,Collision with:  Vehicle in traffic,On Roadway,Rear-end (front to rear),Followed too close,None Indicated,,Daylight,Dry,Cloudy,None apparent,Intersection:  Four-way intersection,Paved,,Property Damage Only,0,0,0,0,0,0,8000,2,2,,POINT (-90.551333471529 41.574698612354)
2014805452,14010504,06/27/2014,06-June,6-Friday,02:31,0200 Hours,District 2 (Northeast),MASON CITY,CERRO GORDO,,N PENNSYLVANIA AVE,Collision with:  Parked motor vehicle,Shoulder,Broadside (front to side),Driving too fast for conditions,None Indicated,,Dark - roadway lighted,Dry,Clear,None apparent,Non-intersection:  Non-junction/no special feature,Paved,,Property Damage Only,0,0,0,0,0,0,4500,2,1,,POINT (-93.197866299411 43.15560768498)
2014806526,14-005442,06/27/2014,06-June,6-Friday,14:25,1400 Hours,District 4 (Southwest),ATLANTIC,CASS,,W MAHOGANY ST,Collision with:  Vehicle in traffic,On Roadway,Rear-end (front to rear),FTYROW:  Other (explain in narrative),None Indicated,,Daylight,Wet,Cloudy,None apparent,Non-intersection:  Non-junction/no special feature,Paved,,Property Damage Only,0,0,0,0,0,0,4500,2,1,,POINT (-95.026427613826 41.401415368725)
2014806251,2014037824,06/27/2014,06-June,6-Friday,21:55,2100 Hours,District 5 (Southeast),,HENRY,US 34,US 34,Collision with fixed object:  Ditch,Median,Non-collision (single vehicle),Crossed centerline (undivided),None Indicated,,Dark - roadway not lighted,Dry,Clear,None apparent,Non-intersection:  Non-junction/no special feature,Paved,,Possible/Unknown,0,1,0,0,1,0,2000,1,1,,POINT (-91.516964487369 40.982243691587)
2014805610,14-026529,06/27/2014,06-June,6-Friday,07:32,0700 Hours,District 4 (Southwest),COUNCIL BLUFFS,POTTAWATTAMIE,,8TH AVE & S 18TH ST,Collision with:  Vehicle in traffic,On Roadway,Rear-end (front to rear),Improper Backing,None Indicated,,Daylight,Dry,Cloudy,None apparent,Non-intersection:  Non-junction/no special feature,Paved,,Property Damage Only,0,0,0,0,0,0,8000,2,3,,POINT (-95.870831980507 41.254384622003)
2014808711,14-7641,06/27/2014,06-June,6-Friday,00:00,0000 Hours,District 3 (Northwest),,SIOUX,,300TH ST,Collision with fixed object:  Ditch,Outside trafficway,Non-collision (single vehicle),Driving too fast for conditions,None Indicated,,Unknown,Wet,Clear,"Surface condition (e.g., wet, icy)",Non-intersection:  Non-junction/no special feature,Unpaved,,Property Damage Only,0,0,0,0,0,0,6000,1,1,,POINT (-96.077447881537 43.215246244157)
2014806102,14-22074,06/27/2014,06-June,6-Friday,14:15,1400 Hours,District 5 (Southeast),MEDIAPOLIS,DES MOINES,US 61,US 61 & NORTH ST,Collision with:  Vehicle in traffic,On Roadway,Rear-end (front to rear),Followed too close,None Indicated,,Daylight,Dry,Cloudy,None apparent,Intersection:  T-intersection,Paved,,Property Damage Only,0,0,0,0,0,0,2360,2,3,,POINT (-91.170028519419 41.00949549657)
2014806443,2014-12231,06/27/2014,06-June,6-Friday,22:22,2200 Hours,District 6 (East Central),BETTENDORF,SCOTT,,CODY ST,Collision with:  Parked motor vehicle,On Roadway,"Sideswipe, same direction",Lost Control,Under Influence of Alcohol/Drugs/Medications,,Dark - roadway not lighted,Dry,Cloudy,None apparent,Non-intersection:  Non-junction/no special feature,Paved,,Possible/Unknown,0,1,0,0,0,1,3500,2,3,,POINT (-90.4908698425 41.534180746883)
2014805802,01-14-27943,06/27/2014,06-June,6-Friday,11:03,1100 Hours,District 6 (East Central),DUBUQUE,DUBUQUE,US 52,US 52/CENTRAL AVE & KAUFMANN AVE & E 22ND ST,Collision with:  Vehicle in traffic,On Roadway,Broadside (front to side),Ran Traffic Signal,None Indicated,,Daylight,Dry,Clear,None apparent,Intersection:  Four-way intersection,Paved,,Property Damage Only,0,0,0,0,0,0,2000,2,2,,POINT (-90.671299464252 42.513437141775)
2014805806,01-14-28013,06/27/2014,06-June,6-Friday,16:54,1600 Hours,District 6 (East Central),DUBUQUE,DUBUQUE,,RAILROAD AVE & VALLEY ST & HARRISON ST,Collision with:  Vehicle in traffic,On Roadway,Broadside (front to side),FTYROW:  From stop sign,None Indicated,,Daylight,Dry,Cloudy,None apparent,Intersection:  T-intersection,Paved,,Property Damage Only,0,0,0,0,0,0,5300,2,2,,POINT (-90.662528660119 42.487170383745)
2014809803,14-000744,06/27/2014,06-June,6-Friday,13:00,1300 Hours,District 1 (Central),JOHNSTON,POLK,,BIRCHWOOD CT & NW 86TH ST & NORTHPARK DR,Collision with:  Vehicle in traffic,On Roadway,Rear-end (front to rear),Other (explain in narrative):  Other,None Indicated,,Daylight,Wet,Rain,None apparent,Intersection:  Four-way intersection,Paved,,Minor Injury,0,2,0,1,1,0,17900,4,4,,POINT (-93.736460237478 41.655447063178)
2014805271,201409112,06/27/2014,06-June,6-Friday,07:30,0700 Hours,District 6 (East Central),CEDAR RAPIDS,LINN,I-380,I-380 & BLAIRS FERRY RD NE,Collision with:  Vehicle in traffic,On Roadway,Broadside (front to side),Ran Traffic Signal,None Indicated,,Daylight,Dry,Clear,None apparent,Intersection:  Intersection with ramp,Paved,,Minor Injury,0,5,0,5,0,0,15000,2,5,,POINT (-91.675346406872 42.034738720424)
2014808050,2014037687,06/27/2014,06-June,6-Friday,10:30,1000 Hours,District 2 (Northeast),,BLACK HAWK,US 218,US 218,Collision with:  Vehicle in traffic,On Roadway,"Sideswipe, same direction",Lost Control,None Indicated,,Daylight,Dry,Cloudy,None apparent,Non-intersection:  Non-junction/no special feature,Paved,,Property Damage Only,0,0,0,0,0,0,4000,2,2,,POINT (-92.436991733363 42.595248287076)
2014805673,14-1914,06/27/2014,06-June,6-Friday,13:00,1300 Hours,District 1 (Central),FORT DODGE,WEBSTER,US 169,US 169/NW RAMP CURV/NW LOOP & AVE A W,Collision with:  Vehicle in traffic,On Roadway,"Angle, oncoming left turn",FTYROW:  Making left turn,None Indicated,,Daylight,Other (explain in narrative),Cloudy,None apparent,Intersection:  T-intersection,Paved,,Property Damage Only,0,0,0,0,0,0,7000,2,2,,POINT (-94.214930629347 42.501142153185)
2014805683,14-20392,06/27/2014,06-June,6-Friday,17:12,1700 Hours,District 3 (Northwest),SIOUX CITY,WOODBURY,,LINCOLN WAY,Collision with:  Vehicle in traffic,On Roadway,Rear-end (front to rear),Other (explain in narrative):  Other,None Indicated,,Daylight,Dry,Clear,None apparent,Non-intersection:  Non-junction/no special feature,Paved,,Minor Injury,0,1,0,1,0,0,1000,2,4,,POINT (-96.375954426826 42.459167130063)
2014807269,,06/27/2014,06-June,6-Friday,15:30,1500 Hours,District 3 (Northwest),KINGSLEY,PLYMOUTH,,MAIN ST,Collision with:  Vehicle in traffic,On Roadway,Rear-end (front to rear),FTYROW:  From parked position,None Indicated,,Daylight,Dry,Clear,None apparent,Non-intersection:  Non-junction/no special feature,Paved,,Property Damage Only,0,0,0,0,0,0,2500,2,4,,POINT (-95.967307213334 42.588592938787)
2014805574,20140018206,06/27/2014,06-June,6-Friday,16:34,1600 Hours,District 1 (Central),DES MOINES,POLK,,INDIANOLA AVE,Collision with:  Vehicle in traffic,On Roadway,"Angle, oncoming left turn",FTYROW:  Making left turn,None Indicated,,Daylight,Dry,Cloudy,None apparent,Non-intersection:  Driveway access (within),Paved,,Possible/Unknown,0,1,0,0,1,0,3750,2,5,,POINT (-93.598036757343 41.554559022861)
2014806704,2014037708,06/27/2014,06-June,6-Friday,12:45,1200 Hours,District 1 (Central),HUXLEY,STORY,I-35,I-35,Collision with:  Vehicle in traffic,On Roadway,Rear-end (front to rear),Followed too close,None Indicated,,Daylight,Wet,Cloudy,None apparent,Non-intersection:  Non-junction/no special feature,Paved,,Property Damage Only,0,0,0,0,0,0,3500,2,2,,POINT (-93.571080814757 41.895423693938)
2014805805,01-14-28006,06/27/2014,06-June,6-Friday,16:09,1600 Hours,District 6 (East Central),DUBUQUE,DUBUQUE,US 20,US 20/DODGE ST & WACKER DR,Collision with:  Vehicle in traffic,On Roadway,Rear-end (front to rear),Lost Control,None Indicated,,Daylight,Dry,Clear,None apparent,Non-intersection:  Non-junction/no special feature,Paved,,Property Damage Only,0,0,0,0,0,0,1600,2,2,,POINT (-90.720484853451 42.492075528824)
2014809804,2014006399,06/27/2014,06-June,6-Friday,11:35,1100 Hours,District 1 (Central),MARSHALLTOWN,MARSHALL,IA 14,IA 14/S CENTER ST & WESTWOOD DR,Collision with:  Vehicle in traffic,On Roadway,Broadside (front to side),Other (explain in narrative):  No improper action,None Indicated,,Daylight,Wet,Rain,"Surface condition (e.g., wet, icy)",Non-intersection:  Non-junction/no special feature,Paved,,Property Damage Only,0,0,0,0,0,0,3000,2,5,,POINT (-92.912417265724 42.021076153767)
2014805538,14-002773,06/27/2014,06-June,6-Friday,12:25,1200 Hours,District 1 (Central),ANKENY,POLK,IA 415,IA 415/SW ORALABOR RD & SW IRVINEDALE DR,Collision with:  Vehicle in traffic,On Roadway,Rear-end (front to rear),Followed too close,None Indicated,,Daylight,Dry,Cloudy,None apparent,Non-intersection:  Non-junction/no special feature,Paved,,Property Damage Only,0,0,0,0,0,0,2050,2,2,,POINT (-93.637416099282 41.703209221347)
2014806003,2014-42955,06/27/2014,06-June,6-Friday,06:40,0600 Hours,District 6 (East Central),DAVENPORT,SCOTT,,E 3RD ST & LE CLAIRE ST,Collision with:  Vehicle in traffic,On Roadway,Broadside (front to side),Ran Stop Sign,None Indicated,,Daylight,Dry,Clear,None apparent,Intersection:  Four-way intersection,Paved,,Minor Injury,0,2,0,1,1,0,8000,2,2,,POINT (-90.568227015275 41.522415012808)
2014806310,P14-007583,06/27/2014,06-June,6-Friday,10:20,1000 Hours,District 1 (Central),WEBSTER CITY,HAMILTON,,ELM ST & SENECA ST,Collision with:  Vehicle in traffic,On Roadway,Broadside (front to side),FTYROW:  From stop sign,None Indicated,,Daylight,Wet,Rain,None apparent,Intersection:  Four-way intersection,Paved,,Property Damage Only,0,0,0,0,0,0,10000,2,2,,POINT (-93.817115573404 42.464872510041)
2014805525,14003657,06/27/2014,06-June,6-Friday,16:53,1600 Hours,District 3 (Northwest),SHELDON,OBRIEN,US 18,US 18/PARK ST,Collision with:  Vehicle in traffic,On Roadway,Rear-end (front to rear),Followed too close,None Indicated,,Daylight,Dry,Cloudy,None apparent,Intersection:  Four-way intersection,Paved,,Minor Injury,0,2,0,1,1,0,12000,3,4,,POINT (-95.835873650301 43.186010070024)
2014805312,14-3010,06/27/2014,06-June,6-Friday,11:36,1100 Hours,District 1 (Central),WEST DES MOINES,POLK,,35TH ST,Collision with:  Vehicle in traffic,On Roadway,"Sideswipe, same direction",Made improper turn,None Indicated,,Daylight,Wet,Cloudy,None apparent,Non-intersection:  Driveway access (within),Paved,,Property Damage Only,0,0,0,0,0,0,6000,2,2,,POINT (-93.751760045785 41.58611889047)
2014805641,2014-42952,06/27/2014,06-June,6-Friday,05:44,0500 Hours,District 6 (East Central),DAVENPORT,SCOTT,,TELEGRAPH RD,Collision with fixed object:  Utility pole/light support,Shoulder,Non-collision (single vehicle),Ran off road - right,None Indicated,,Daylight,Dry,Clear,None apparent,Non-intersection:  Non-junction/no special feature,Paved,,Possible/Unknown,0,1,0,0,1,0,9000,1,1,,POINT (-90.615435982568 41.52265659242)
2014810319,2014037817,06/27/2014,06-June,6-Friday,19:30,1900 Hours,District 6 (East Central),,SCOTT,IA 130,IA 130/NEW LIBERTY RD,Collision with fixed object:  Utility pole/light support,Shoulder,Non-collision (single vehicle),Crossed centerline (undivided),None Indicated,,Daylight,Dry,Clear,None apparent,Non-intersection:  Non-junction/no special feature,Paved,,Minor Injury,0,1,0,1,0,0,35000,1,1,,POINT (-90.837574594044 41.691617300036)
2014829758,14-1545,06/27/2014,06-June,6-Friday,15:50,1500 Hours,District 5 (Southeast),GRAND RIVER,DECATUR,,Co Rd J20/COUNTY HWY J20,Collision with:  Animal,,Non-collision (single vehicle),Animal,None Indicated,,,,,,,Paved,,Property Damage Only,0,0,0,0,0,0,2000,1,1,,POINT (-94.013660906113 40.825134827606)
2014806126,SO1402486,06/27/2014,06-June,6-Friday,16:52,1600 Hours,District 5 (Southeast),,JEFFERSON,,Co Rd W21/PLEASANT PLAIN RD & 167TH ST,Collision with:  Vehicle in traffic,On Roadway,Broadside (front to side),Ran Stop Sign,None Indicated,,Daylight,Dry,Clear,None apparent,Intersection:  Four-way intersection,Paved,,Property Damage Only,0,0,0,0,0,0,2500,2,3,,POINT (-91.918166351496 41.06440126355)
2014806705,201403772,06/27/2014,06-June,6-Friday,14:45,1400 Hours,District 1 (Central),,STORY,I-35,I-35,Collision with:  Vehicle in traffic,On Roadway,Rear-end (front to rear),Followed too close,None Indicated,,Daylight,Wet,Cloudy,None apparent,Non-intersection:  Non-junction/no special feature,Paved,,Possible/Unknown,0,1,0,0,1,0,6500,3,4,,POINT (-93.57130476579 41.8664386791)
2014806569,PD1405444,06/27/2014,06-June,6-Friday,11:05,1100 Hours,District 5 (Southeast),FAIRFIELD,JEFFERSON,,S C ST,Collision with:  Vehicle in traffic,On Roadway,Broadside (front to side),FTYROW:  Other (explain in narrative),None Indicated,,Daylight,Dry,Clear,None apparent,Non-intersection:  Non-junction/no special feature,Paved,,Property Damage Only,0,0,0,0,0,0,7200,2,2,,POINT (-91.959954469075 41.0061260872)
2014805579,20140018235,06/27/2014,06-June,6-Friday,20:00,2000 Hours,District 1 (Central),DES MOINES,POLK,,FLEUR DR,Collision with:  Vehicle in traffic,On Roadway,Broadside (front to side),FTYROW:  Making left turn,None Indicated,,Daylight,Dry,Cloudy,None apparent,Non-intersection:  Driveway access (within),Paved,,Minor Injury,0,1,0,1,0,0,1700,2,2,,POINT (-93.645021327275 41.562033318092)
2014805830,14-015424,06/27/2014,06-June,6-Friday,19:31,1900 Hours,District 5 (Southeast),,MARION,IA 14,IA 14/IOWA 14,Collision with:  Vehicle in traffic,On Roadway,Broadside (front to side),Crossed centerline (undivided),None Indicated,,Daylight,Dry,Clear,None apparent,Non-intersection:  Other non-intersection (explain in narrative),Paved,,Property Damage Only,0,0,0,0,0,0,5000,2,4,,POINT (-93.10949650004 41.39947587495)
2014805272,201409116,06/27/2014,06-June,6-Friday,10:06,1000 Hours,District 6 (East Central),CEDAR RAPIDS,LINN,,3RD AVE SE & 10TH ST SE,Collision with:  Vehicle in traffic,On Roadway,Broadside (front to side),Ran Traffic Signal,None Indicated,,Daylight,Dry,Cloudy,None apparent,Intersection:  Four-way intersection,Paved,,Property Damage Only,0,0,0,0,0,0,5500,2,3,,POINT (-91.658090218209 41.982103022418)
2014805559,20140018184,06/27/2014,06-June,6-Friday,12:20,1200 Hours,District 1 (Central),DES MOINES,POLK,US 6,US 6/MERLE HAY RD & BOSTON AVE,Collision with:  Vehicle in traffic,On Roadway,Broadside (front to side),FTYROW:  From stop sign,None Indicated,,Daylight,Dry,Cloudy,None apparent,Intersection:  T-intersection,Paved,,Property Damage Only,0,0,0,0,0,0,5000,2,2,,POINT (-93.69775066677 41.623055649009)