Iowa DOT Case Number,Law Enforcement Case Number,Date of Crash,Month of Crash,Day of Week,Time of Crash,Hour,DOT District,City Name,County Name,Route with System,Location Description,First Harmful Event,Location of First Harmful Event,Manner of Crash/Collision,Major Cause,Drug or Alcohol ,Environmental Conditions,Light Conditions,Surface Conditions,Weather Conditions,Roadway Contribution,Roadway Type,Roadway Surface,Work Zone,Crash Severity,Number of Fatalities,Number of Injuries,Number of Major Injuries,Number of Minor Injuries,Number of Possible Injuries,Number of Unknown Injuries,Amount of Property Damage,Number of Vehicles Involved,Total Number of Occupants,Travel Direction,Location
2014810476,,06/28/2014,06-June,7-Saturday,17:57,1700 Hours,District 5 (Southeast),,MUSCATINE,IA 22,IA 22/IOWA 22,Non-collision events:  Overturn/rollover,On Roadway,Non-collision (single vehicle),Crossed centerline (undivided),Alcohol (Statutory),,Daylight,Dry,Cloudy,None apparent,Non-intersection:  Non-junction/no special feature,Paved,,Minor Injury,0,1,0,1,0,0,10000,1,1,,POINT (-91.155222485155 41.443643610997)
2014805736,14-009380,06/28/2014,06-June,7-Saturday,13:00,1300 Hours,District 6 (East Central),TIPTON,CEDAR,,5TH ST,Collision with:  Vehicle in traffic,On Roadway,Broadside (front to side),FTYROW:  From parked position,None Indicated,,Daylight,Dry,Clear,None apparent,Non-intersection:  Non-junction/no special feature,Paved,,Property Damage Only,0,0,0,0,0,0,2000,2,3,,POINT (-91.129104418415 41.769994141625)
2014805434,14-6648,06/28/2014,06-June,7-Saturday,09:37,0900 Hours,District 3 (Northwest),CARROLL,CARROLL,US 30,US 30 & RADIANT RD,Collision with:  Vehicle in traffic,On Roadway,"Angle, oncoming left turn",FTYROW:  From stop sign,None Indicated,,Daylight,Dry,Cloudy,None apparent,Intersection:  Four-way intersection,Paved,,Property Damage Only,0,0,0,0,0,0,4000,2,2,,POINT (-94.883487653455 42.077279980501)
2014805914,2014037962,06/28/2014,06-June,7-Saturday,19:00,1900 Hours,District 1 (Central),ANKENY,POLK,I-35,I-35,Non-collision events:  Jackknife,On Roadway,Non-collision (single vehicle),Ran off road - right,None Indicated,,Daylight,Wet,Cloudy,None apparent,Non-intersection:  Non-junction/no special feature,Paved,,Property Damage Only,0,0,0,0,0,0,15000,1,1,,POINT (-93.575666917706 41.656499966847)
2014805684,14-20490,06/28/2014,06-June,7-Saturday,12:12,1200 Hours,District 3 (Northwest),SIOUX CITY,WOODBURY,,GEORGE ST,Collision with:  Non-motorist (see non-motorist section - NOT a unit),On Roadway,Non-collision (single vehicle),Unknown,None Indicated,,Daylight,Dry,Cloudy,None apparent,Non-intersection:  Non-junction/no special feature,Paved,,Possible/Unknown,0,1,0,0,1,0,0,1,1,,POINT (-96.426966852993 42.503448312256)
2014805747,,06/28/2014,06-June,7-Saturday,21:45,2100 Hours,District 4 (Southwest),,MONTGOMERY,US 34,US 34,Collision with:  Animal,On Roadway,Non-collision (single vehicle),Animal,None Indicated,,Dark - roadway not lighted,Dry,Cloudy,,Non-intersection:  Non-junction/no special feature,Paved,,Property Damage Only,0,0,0,0,0,0,2000,1,2,,POINT (-95.337391411413 41.030898486191)
2014805920,,06/28/2014,06-June,7-Saturday,22:36,2200 Hours,District 2 (Northeast),JANESVILLE,BREMER,,3RD ST,Collision with:  Parked motor vehicle,Roadside,Rear-end (front to rear),Improper Backing,Refused,,Dark - roadway lighted,Wet,Clear,None apparent,Non-intersection:  Non-junction/no special feature,Paved,,Property Damage Only,0,0,0,0,0,0,2000,2,1,,POINT (-92.463649775646 42.646294159337)
2014806124,90-14-202,06/28/2014,06-June,7-Saturday,15:31,1500 Hours,District 2 (Northeast),,HUMBOLDT,US 169,US 169/LINCOLN AVE,Non-collision events:  Other non-collision (explain in narrative),On Roadway,Non-collision (single vehicle),Ran off road - right,None Indicated,,Daylight,Wet,Rain,None apparent,Non-intersection:  Non-junction/no special feature,Paved,,Minor Injury,0,1,0,1,0,0,500,1,1,,POINT (-94.226832566672 42.696183573708)
2014806254,2014037983,06/28/2014,06-June,7-Saturday,21:17,2100 Hours,District 6 (East Central),,JOHNSON,I-80,I-80,Collision with fixed object:  Ditch,Roadside,Non-collision (single vehicle),Swerving/Evasive Action,None Indicated,,Dark - roadway not lighted,Wet,Rain,"Surface condition (e.g., wet, icy)",Non-intersection:  Non-junction/no special feature,Paved,,Minor Injury,0,2,0,2,0,0,15000,1,2,,POINT (-91.714999915378 41.69522539267)
2014831336,140628WVV01,06/28/2014,06-June,7-Saturday,18:00,1800 Hours,District 3 (Northwest),ORANGE CITY,SIOUX,IA 10,IA 10/8TH ST SW/8TH ST SE & ALBANY AVE SE & ALBANY PL SE,Collision with:  Vehicle in traffic,On Roadway,Broadside (front to side),Ran Traffic Signal,None Indicated,,Daylight,Dry,Cloudy,None apparent,Intersection:  Four-way intersection,Paved,,Property Damage Only,0,0,0,0,0,0,7600,3,6,,POINT (-96.056822887198 42.997532300637)
2014810256,14-9631,06/28/2014,06-June,7-Saturday,17:32,1700 Hours,District 6 (East Central),,JACKSON,,Co Rd Y31/CAVES RD,Collision with:  Vehicle in traffic,On Roadway,"Sideswipe, same direction",FTYROW:  Other (explain in narrative),None Indicated,,Daylight,Dry,Cloudy,None apparent,Non-intersection:  Non-junction/no special feature,Paved,,Property Damage Only,0,0,0,0,0,0,4000,2,11,,POINT (-90.746518391709 42.101858611406)
2014805566,20140018344,06/28/2014,06-June,7-Saturday,18:51,1800 Hours,District 1 (Central),DES MOINES,POLK,,MULBERRY ST & 6TH AVE,Collision with:  Vehicle in traffic,On Roadway,Rear-end (front to rear),FTYROW:  Other (explain in narrative),None Indicated,,Daylight,Wet,Rain,None apparent,Non-intersection:  Non-junction/no special feature,Paved,,Property Damage Only,0,0,0,0,0,0,5500,2,4,,POINT (-93.624291000213 41.58499018704)
2014808052,201437877,06/28/2014,06-June,7-Saturday,06:40,0600 Hours,District 2 (Northeast),,BLACK HAWK,I-380,I-380,Non-collision events:  Overturn/rollover,On Roadway,Non-collision (single vehicle),Lost Control,None Indicated,,Daylight,Dry,Cloudy,None apparent,Non-intersection:  Non-junction/no special feature,Paved,,Property Damage Only,0,0,0,0,0,0,10000,1,1,,POINT (-92.158215040069 42.404138345961)
2014805599,14-3045,06/28/2014,06-June,7-Saturday,16:29,1600 Hours,District 1 (Central),WEST DES MOINES,POLK,,WOODLAND AVE & 42ND ST,Collision with:  Vehicle in traffic,On Roadway,Broadside (front to side),Ran Stop Sign,None Indicated,,Daylight,Wet,Rain,None apparent,Intersection:  Four-way intersection,Paved,,Property Damage Only,0,0,0,0,0,0,23000,3,5,,POINT (-93.761450993097 41.588946433863)
2014805831,14-015543,06/28/2014,06-June,7-Saturday,21:34,2100 Hours,District 5 (Southeast),,MARION,,NEWBOLD DR,Collision with fixed object:  Ditch,Outside trafficway,Non-collision (single vehicle),Downhill runaway,None Indicated,,Dark - roadway not lighted,"Mud, dirt",Rain,None apparent,Non-intersection:  Non-junction/no special feature,Paved,,Property Damage Only,0,0,0,0,0,0,3500,1,1,,POINT (-93.053200924527 41.298980840175)
2014805454,14010638,06/28/2014,06-June,7-Saturday,15:09,1500 Hours,District 2 (Northeast),MASON CITY,CERRO GORDO,IA 122,IA 122/4TH ST SW,Collision with:  Vehicle in traffic,On Roadway,Rear-end (front to rear),Followed too close,None Indicated,,Daylight,Dry,Clear,None apparent,Non-intersection:  Non-junction/no special feature,Paved,,Property Damage Only,0,0,0,0,0,0,2200,2,2,,POINT (-93.260846826496 43.148286568305)
2014807590,,06/28/2014,06-June,7-Saturday,06:15,0600 Hours,District 4 (Southwest),,PAGE,,Co Rd J20/140 ST,Collision with:  Animal,On Roadway,"Sideswipe, opposite direction",Animal,None Indicated,,Dawn,Dry,Cloudy,,Non-intersection:  Non-junction/no special feature,Paved,,Property Damage Only,0,0,0,0,0,0,3800,1,1,,POINT (-95.048345218822 40.84280217553)
2014805563,20140018337,06/28/2014,06-June,7-Saturday,17:14,1700 Hours,District 1 (Central),DES MOINES,POLK,US 69,US 69/E 14TH ST & E COURT AVE,Collision with:  Vehicle in traffic,On Roadway,Rear-end (front to rear),Driving too fast for conditions,None Indicated,,Daylight,Wet,Rain,"Surface condition (e.g., wet, icy)",Intersection:  Four-way intersection,Paved,,Minor Injury,0,3,0,2,0,1,2000,2,3,,POINT (-93.596885583621 41.589738438848)
2014805532,14-4302,06/28/2014,06-June,7-Saturday,15:36,1500 Hours,District 1 (Central),DES MOINES,POLK,US 69,US 69/NE 14TH ST & Co Rd F52/NE 46TH AVE & NE BROADWAY AND NE 46TH,Collision with:  Vehicle in traffic,On Roadway,Rear-end (front to rear),Other (explain in narrative):  Other,None Indicated,,Daylight,Dry,Cloudy,None apparent,Intersection:  Four-way intersection,Paved,,Property Damage Only,0,0,0,0,0,0,2000,2,2,,POINT (-93.600496717863 41.644060138592)
2014805465,CL14002205,06/28/2014,06-June,7-Saturday,14:03,1400 Hours,District 6 (East Central),CLINTON,CLINTON,US 30,US 30/S 4TH ST,Collision with:  Vehicle in traffic,On Roadway,"Sideswipe, same direction",Improper or erratic lane changing,None Indicated,,Daylight,Dry,Cloudy,None apparent,Non-intersection:  Non-junction/no special feature,Paved,,Property Damage Only,0,0,0,0,0,0,3000,2,4,,POINT (-90.193199373035 41.834595387441)
2014806630,2014-13647,06/28/2014,06-June,7-Saturday,12:21,1200 Hours,District 5 (Southeast),INDIANOLA,WARREN,IA 92,IA 92/W 2ND AVE,Collision with fixed object:  Traffic sign support,Outside trafficway,Non-collision (single vehicle),Over correcting/over steering,None Indicated,,Daylight,Dry,Cloudy,None apparent,Non-intersection:  Non-junction/no special feature,Paved,,Property Damage Only,0,0,0,0,0,0,4000,1,2,,POINT (-93.571992367907 41.358418838925)
2014810952,,06/28/2014,06-June,7-Saturday,02:46,0200 Hours,District 2 (Northeast),,WINNESHIEK,,Co Rd A6W/RIVER RD,Non-collision events:  Overturn/rollover,On Roadway,Non-collision (single vehicle),Swerving/Evasive Action,Alcohol (Statutory),,Dark - roadway not lighted,Dry,Cloudy,None apparent,Non-intersection:  Non-junction/no special feature,Unpaved,,Minor Injury,0,2,0,2,0,0,12000,1,4,,POINT (-91.660729622485 43.335784054582)
2014807245,2014037977,06/28/2014,06-June,7-Saturday,20:50,2000 Hours,District 6 (East Central),CORALVILLE,JOHNSON,I-80,I-80,Collision with:  Vehicle in traffic,On Roadway,Rear-end (front to rear),FTYROW:  Other (explain in narrative),None Indicated,,Dark - roadway not lighted,Wet,Rain,None apparent,Non-intersection:  Non-junction/no special feature,Paved,,Property Damage Only,0,0,0,0,0,0,4000,2,3,,POINT (-91.612998865839 41.694075461183)
2014805466,141812,06/28/2014,06-June,7-Saturday,12:15,1200 Hours,District 3 (Northwest),,CRAWFORD,US 30,US 30,Collision with:  Animal,,,Animal,None Indicated,,,,,,,Paved,,Property Damage Only,0,0,0,0,0,0,5000,1,1,,POINT (-95.173349135708 42.07378473021)
2014805677,14-1934,06/28/2014,06-June,7-Saturday,15:00,1500 Hours,District 1 (Central),FORT DODGE,WEBSTER,,20TH AVE N,Collision with:  Vehicle in traffic,On Roadway,"Angle, oncoming left turn",Made improper turn,None Indicated,,Daylight,Dry,Cloudy,None apparent,Non-intersection:  Non-junction/no special feature,Paved,,Property Damage Only,0,0,0,0,0,0,3002,2,3,,POINT (-94.160532848515 42.524391324153)
2014808297,14-19323,06/28/2014,06-June,7-Saturday,16:43,1600 Hours,District 5 (Southeast),FORT MADISON,LEE,US 61,US 61,Collision with:  Vehicle in traffic,On Roadway,Broadside (front to side),FTYROW:  From stop sign,None Indicated,,Daylight,Wet,Rain,None apparent,Intersection:  Four-way intersection,Paved,,Possible/Unknown,0,1,0,0,1,0,10000,2,3,,POINT (-91.244832665806 40.696411289074)
2014806364,056-14,06/28/2014,06-June,7-Saturday,07:57,0700 Hours,District 4 (Southwest),,MADISON,,Co Rd P53/DEER RUN AVE,Collision with fixed object:  Ditch,On Roadway,Non-collision (single vehicle),Swerving/Evasive Action,None Indicated,,Daylight,Dry,Cloudy,None apparent,Non-intersection:  Non-junction/no special feature,Paved,,Minor Injury,0,1,0,1,0,0,5000,1,1,,POINT (-94.184834743679 41.28954453769)
2014805518,14008739,06/28/2014,06-June,7-Saturday,18:19,1800 Hours,District 4 (Southwest),,MILLS,US 34,US 34,Collision with:  Animal,,,Animal,None Indicated,,,,,,,Paved,,Property Damage Only,0,0,0,0,0,0,3000,1,1,,POINT (-95.712189923517 41.030519012287)
2014805826,2014007038,06/28/2014,06-June,7-Saturday,13:58,1300 Hours,District 6 (East Central),IOWA CITY,JOHNSON,,MILLER AVE,Collision with:  Vehicle in traffic,On Roadway,Rear-end (front to rear),Followed too close,None Indicated,,Daylight,Dry,Cloudy,None apparent,Intersection:  Four-way intersection,Paved,,Property Damage Only,0,0,0,0,0,0,6500,2,3,,POINT (-91.546488778278 41.647471575807)
2014805784,14-005104,06/28/2014,06-June,7-Saturday,12:17,1200 Hours,District 2 (Northeast),ELKADER,CLAYTON,IA 13,IA 13/IOWA 13,Collision with:  Animal,,,Animal,None Indicated,,,,,,,Paved,,Property Damage Only,0,0,0,0,0,0,2000,1,1,,POINT (-91.394222089091 42.856877036951)
2014805539,14-002792,06/28/2014,06-June,7-Saturday,16:30,1600 Hours,District 1 (Central),ANKENY,POLK,,SE WANDA DR,Collision with:  Vehicle in traffic,On Roadway,Broadside (front to side),FTYROW:  From driveway,None Indicated,,Daylight,Wet,Rain,None apparent,Non-intersection:  Driveway access (within),Paved,,Property Damage Only,0,0,0,0,0,0,1600,2,2,,POINT (-93.587043116887 41.717573646724)
2014806676,2014037892,06/28/2014,06-June,7-Saturday,09:55,0900 Hours,District 1 (Central),,JASPER,US 65,US 65/W US 65 N & IA 117/IOWA 117 N & IA 330/IOWA 330 N,Collision with:  Vehicle in traffic,On Roadway,Broadside (front to side),Ran Stop Sign,None Indicated,,Daylight,Dry,Cloudy,None apparent,Intersection:  Other intersection (explain in narrative),Paved,,Minor Injury,0,5,0,3,2,0,9000,2,5,,POINT (-93.308582571464 41.809926966509)
2014805940,143560,06/28/2014,06-June,7-Saturday,20:18,2000 Hours,District 1 (Central),,HARDIN,,250TH ST,Non-collision events:  Other non-collision (explain in narrative),On Roadway,Non-collision (single vehicle),Swerving/Evasive Action,None Indicated,,Dusk,"Mud, dirt",Cloudy,"Surface condition (e.g., wet, icy)",Non-intersection:  Non-junction/no special feature,Unpaved,,Property Damage Only,0,0,0,0,0,0,4000,1,1,,POINT (-93.169138150865 42.339126327962)
2014805596,14-1415,06/28/2014,06-June,7-Saturday,09:47,0900 Hours,District 1 (Central),URBANDALE,POLK,,PLUM DR,Collision with:  Vehicle in traffic,On Roadway,"Angle, oncoming left turn",Made improper turn,None Indicated,,Daylight,Dry,Clear,None apparent,Non-intersection:  Non-junction/no special feature,Paved,,Property Damage Only,0,0,0,0,0,0,2000,2,2,,POINT (-93.768071542762 41.649457597777)
2014805517,14-008738,06/28/2014,06-June,7-Saturday,18:04,1800 Hours,District 4 (Southwest),MALVERN,MILLS,,MAIN ST,Non-collision events:  Other non-collision (explain in narrative),On Roadway,Non-collision (single vehicle),Swerving/Evasive Action,None Indicated,,Daylight,Dry,Cloudy,None apparent,Non-intersection:  Driveway access (within),Paved,,Major Injury,0,1,1,0,0,0,1000,2,2,,POINT (-95.585177036674 40.998709223618)
2014805588,20140018263,06/28/2014,06-June,7-Saturday,01:45,0100 Hours,District 1 (Central),DES MOINES,POLK,I-235,I-235,Collision with:  Vehicle in traffic,On Roadway,"Sideswipe, same direction",Driver Distraction:  Inattentive/lost in thought,None Indicated,,Dark - roadway lighted,Dry,Cloudy,None apparent,Non-intersection:  Non-junction/no special feature,Paved,,Property Damage Only,0,0,0,0,0,0,2000,2,2,,POINT (-93.670293037803 41.592486430242)
2014844636,2014-001819,06/28/2014,06-June,7-Saturday,19:32,1900 Hours,District 2 (Northeast),,ALLAMAKEE,,Co Rd B25/STATE FOREST RD & YELLOW RIVER SF FIRETOWER,Collision with:  Vehicle in traffic,On Roadway,Head-on (front to front),Crossed centerline (undivided),None Indicated,,Daylight,Wet,Rain,None apparent,Non-intersection:  Non-junction/no special feature,Paved,,Possible/Unknown,0,2,0,0,2,0,13000,2,5,,POINT (-91.261016195076 43.172052014921)
2014805422,W14-064461,06/28/2014,06-June,7-Saturday,03:00,0300 Hours,District 2 (Northeast),WATERLOO,BLACK HAWK,US 218,US 218/WASHINGTON ST,Collision with:  Animal,On Roadway,Non-collision (single vehicle),Animal,None Indicated,,Dark - roadway lighted,Dry,Clear,None apparent,Non-intersection:  Other non-intersection (explain in narrative),Paved,,Property Damage Only,0,0,0,0,0,0,2000,1,1,,POINT (-92.312044787991 42.454175007424)
2014805521,1406281-A,06/28/2014,06-June,7-Saturday,09:10,0900 Hours,District 4 (Southwest),RED OAK,MONTGOMERY,,3RD ST & OAK ST,Collision with:  Vehicle in traffic,On Roadway,"Angle, oncoming left turn",FTYROW:  Making left turn,None Indicated,,Daylight,Dry,Cloudy,None apparent,Intersection:  Four-way intersection,Paved,,Property Damage Only,0,0,0,0,0,0,5000,2,4,,POINT (-95.229110952177 41.016687507618)
2014805601,14-0545,06/28/2014,06-June,7-Saturday,10:18,1000 Hours,District 1 (Central),WINDSOR HEIGHTS,POLK,IA 28,IA 28/63RD ST & FOREST AVE,Collision with:  Vehicle in traffic,On Roadway,Rear-end (front to rear),Other (explain in narrative):  Other,None Indicated,,Daylight,Dry,Clear,None apparent,Non-intersection:  Non-junction/no special feature,Paved,,Property Damage Only,0,0,0,0,0,0,2900,3,7,,POINT (-93.7037570416 41.603581508116)
2014805569,20140018356,06/28/2014,06-June,7-Saturday,22:27,2200 Hours,District 1 (Central),DES MOINES,POLK,,HICKMAN RD,Collision with fixed object:  Utility pole/light support,On Roadway,Non-collision (single vehicle),"Operating vehicle in an reckless, erratic, careless, negligent manner",Alcohol (Statutory),,Dark - roadway lighted,Dry,Cloudy,None apparent,Non-intersection:  Non-junction/no special feature,Paved,,Property Damage Only,0,0,0,0,0,0,12000,1,1,,POINT (-93.639787969636 41.615043185843)
2014805476,14-22142,06/28/2014,06-June,7-Saturday,17:57,1700 Hours,District 5 (Southeast),BURLINGTON,DES MOINES,,MAIN ST,Collision with fixed object:  Other fixed object (explain in narrative),Outside trafficway,Non-collision (single vehicle),Made improper turn,None Indicated,,Daylight,Dry,Cloudy,None apparent,Non-intersection:  Non-junction/no special feature,Paved,,Property Damage Only,0,0,0,0,0,0,3500,1,1,,POINT (-91.101965452332 40.808523298872)
2014805494,C14001972,06/28/2014,06-June,7-Saturday,11:40,1100 Hours,District 6 (East Central),CORALVILLE,JOHNSON,,12TH AVE,Collision with:  Vehicle in traffic,On Roadway,Head-on (front to front),Crossed centerline (undivided),None Indicated,,Daylight,Dry,Cloudy,None apparent,Non-intersection:  Non-junction/no special feature,Paved,,Major Injury,0,4,3,1,0,0,18000,3,6,,POINT (-91.592096796818 41.719625768787)
2014807188,2014-43328,06/28/2014,06-June,7-Saturday,15:41,1500 Hours,District 6 (East Central),DAVENPORT,SCOTT,,E 53RD ST,Collision with:  Vehicle in traffic,On Roadway,"Sideswipe, same direction",Improper or erratic lane changing,None Indicated,,Daylight,Dry,Cloudy,None apparent,Non-intersection:  Non-junction/no special feature,Paved,,Property Damage Only,0,0,0,0,0,0,2500,2,3,,POINT (-90.530289398646 41.574878694984)
2014808002,2014-13677,06/28/2014,06-June,7-Saturday,20:36,2000 Hours,District 5 (Southeast),DES MOINES,WARREN,,RIDGEVIEW DR,Collision with:  Vehicle in traffic,On Roadway,Unknown,Unknown,None Indicated,,Dusk,Wet,Cloudy,None apparent,Non-intersection:  Driveway access (within),Paved,,Property Damage Only,0,0,0,0,0,0,1800,2,1,,POINT (-93.612895690991 41.506471644643)
2014844635,2014-001813,06/28/2014,06-June,7-Saturday,15:02,1500 Hours,District 2 (Northeast),,ALLAMAKEE,,WOODCHUCK DR,Collision with:  Vehicle in traffic,On Roadway,"Sideswipe, opposite direction",Crossed centerline (undivided),None Indicated,,Daylight,Dry,Clear,None apparent,Non-intersection:  Non-junction/no special feature,Unpaved,,Property Damage Only,0,0,0,0,0,0,4000,2,3,,POINT (-91.473784312264 43.146670263391)
2014805431,062814-126,06/28/2014,06-June,7-Saturday,17:45,1700 Hours,District 3 (Northwest),STORM LAKE,BUENA VISTA,,LAKE AVE & W 9TH ST & E 9TH ST,Collision with:  Vehicle in traffic,On Roadway,"Angle, oncoming left turn",FTYROW:  Making left turn,None Indicated,,Daylight,Dry,Clear,None apparent,Intersection:  Four-way intersection,Paved,,Minor Injury,0,1,0,1,0,0,22000,2,2,,POINT (-95.200820807432 42.649584406098)
2014807244,2014037976,06/28/2014,06-June,7-Saturday,13:45,1300 Hours,District 6 (East Central),,LINN,,PLEASANT CREEK REC AREA,Collision with:  Vehicle in traffic,On Roadway,Rear-end (front to rear),FTYROW:  From parked position,None Indicated,,Daylight,Dry,Cloudy,None apparent,Non-intersection:  Non-junction/no special feature,Paved,,Property Damage Only,0,0,0,0,0,0,5000,2,4,,POINT (-91.819627134044 42.12553922356)
2014805913,2014037878,06/28/2014,06-June,7-Saturday,03:06,0300 Hours,District 2 (Northeast),HANLONTOWN,WORTH,IA 9,IA 9/IOWA 9 & Co Rd A45/360TH ST,Non-collision events:  Overturn/rollover,Shoulder,Non-collision (single vehicle),Swerving/Evasive Action,Alcohol (Statutory),,Dark - roadway not lighted,Dry,Clear,None apparent,Non-intersection:  Non-junction/no special feature,Paved,,Fatal,1,0,0,0,0,0,15000,1,1,,POINT (-93.405367190678 43.284458650115)
2014806196,14-20526,06/28/2014,06-June,7-Saturday,20:28,2000 Hours,District 3 (Northwest),SIOUX CITY,WOODBURY,,WESLEY PKWY,Collision with:  Vehicle in traffic,On Roadway,Rear-end (front to rear),Followed too close,None Indicated,,Daylight,Wet,Rain,None apparent,Intersection:  T-intersection,Paved,,Property Damage Only,0,0,0,0,0,0,3000,2,2,,POINT (-96.411085864745 42.494053744272)
2014805516,14-008708,06/28/2014,06-June,7-Saturday,03:51,0300 Hours,District 4 (Southwest),,MILLS,,225TH ST,Collision with:  Vehicle in traffic,On Roadway,Head-on (front to front),Lost Control,Alcohol (Statutory),,Dark - roadway not lighted,Dry,Cloudy,None apparent,Non-intersection:  Non-junction/no special feature,Paved,,Property Damage Only,0,0,0,0,0,0,9200,2,1,,POINT (-95.756180933987 41.063736197328)
2014868237,14HPD0060,06/28/2014,06-June,7-Saturday,10:15,1000 Hours,District 3 (Northwest),HAWARDEN,SIOUX,,14TH ST,Collision with:  Vehicle in traffic,On Roadway,"Sideswipe, opposite direction",Unknown,None Indicated,,Daylight,Dry,Clear,None apparent,Non-intersection:  Non-junction/no special feature,Paved,,Minor Injury,0,1,0,1,0,0,6000,2,2,,POINT (-96.48197630683 43.001861310554)
2014805669,2014-0225,06/28/2014,06-June,7-Saturday,23:15,2300 Hours,District 5 (Southeast),NORWALK,WARREN,,RICHARD GEORGE DR & CASSANDRA CT,Collision with:  Parked motor vehicle,On Roadway,Rear-end (front to rear),Unknown,None Indicated,,Dark - roadway not lighted,Wet,Cloudy,None apparent,Non-intersection:  Driveway access (within),Paved,,Property Damage Only,0,0,0,0,0,0,2500,2,1,,POINT (-93.67533599525 41.481054387051)
2014806565,143360,06/28/2014,06-June,7-Saturday,22:16,2200 Hours,District 1 (Central),IOWA FALLS,HARDIN,,CRESCENT DR,Collision with:  Vehicle in traffic,On Roadway,Rear-end (front to rear),Improper Backing,None Indicated,,Dark - roadway not lighted,Dry,Clear,None apparent,Non-intersection:  Non-junction/no special feature,Paved,,Possible/Unknown,0,1,0,0,0,1,2500,2,1,,POINT (-93.262265991382 42.533155919846)
2014808294,14-019358,06/28/2014,06-June,7-Saturday,22:12,2200 Hours,District 5 (Southeast),,LEE,,Co Rd J42/156 ST & 280 AVE,Collision with:  Vehicle in traffic,On Roadway,Broadside (front to side),Ran Stop Sign,None Indicated,,Dark - roadway not lighted,Wet,Rain,None apparent,Intersection:  Four-way intersection,Unpaved,,Minor Injury,0,2,0,1,1,0,12000,2,8,,POINT (-91.372584338031 40.729964979921)
2014811566,32050-14,06/28/2014,06-June,7-Saturday,15:10,1500 Hours,District 3 (Northwest),,EMMET,IA 4,IA 4/IOWA 4,Collision with:  Vehicle in traffic,On Roadway,Head-on (front to front),Crossed centerline (undivided),Alcohol (Statutory),,Daylight,Dry,Cloudy,None apparent,Non-intersection:  Non-junction/no special feature,Paved,,Major Injury,0,2,2,0,0,0,20000,2,2,,POINT (-94.817385726941 43.441701443351)
2014805509,14013358,06/28/2014,06-June,7-Saturday,17:21,1700 Hours,District 6 (East Central),MARION,LINN,US 151,US 151/DUBUQUE RD & IA 13/IOWA 13 & 10TH AVE,Non-collision events:  Other non-collision (explain in narrative),On Roadway,Non-collision (single vehicle),Lost Control,None Indicated,,Daylight,Dry,Cloudy,None apparent,Intersection:  Four-way intersection,Paved,,Minor Injury,0,1,0,1,0,0,500,1,1,,POINT (-91.550298562772 42.035721923027)
2014805729,628204014,06/28/2014,06-June,7-Saturday,20:40,2000 Hours,District 4 (Southwest),,RINGGOLD,,Co Rd J25/180TH ST,Non-collision events:  Other non-collision (explain in narrative),On Roadway,Non-collision (single vehicle),Swerving/Evasive Action,None Indicated,,Daylight,"Mud, dirt",Cloudy,Ruts/holes/bumps,Non-intersection:  Non-junction/no special feature,Unpaved,,Major Injury,0,1,1,0,0,0,15000,1,2,,POINT (-94.258982192218 40.783064132457)
2014805561,20140018308,06/28/2014,06-June,7-Saturday,12:55,1200 Hours,District 1 (Central),DES MOINES,POLK,US 69,US 69/SE 14TH ST & E ARMY POST RD,Collision with:  Vehicle in traffic,On Roadway,Rear-end (front to rear),FTYROW:  Other (explain in narrative),None Indicated,,Daylight,Dry,Cloudy,None apparent,Intersection:  Four-way intersection,Paved,,Property Damage Only,0,0,0,0,0,0,5500,2,3,,POINT (-93.596805748478 41.52631842981)
2014805627,2014-12081,06/28/2014,06-June,7-Saturday,14:35,1400 Hours,District 6 (East Central),BETTENDORF,SCOTT,US 67,US 67/GRANT ST & 18TH ST,Collision with:  Vehicle in traffic,On Roadway,"Sideswipe, opposite direction",Made improper turn,None Indicated,,Daylight,Dry,Cloudy,None apparent,Non-intersection:  Non-junction/no special feature,Paved,,Property Damage Only,0,0,0,0,0,0,2000,2,3,,POINT (-90.507247724549 41.526260299323)
2014805823,14-16553,06/28/2014,06-June,7-Saturday,23:42,2300 Hours,District 1 (Central),NEWTON,JASPER,,E 8TH ST N,Collision with fixed object:  Other fixed object (explain in narrative),Roadside,Non-collision (single vehicle),Driving too fast for conditions,None Indicated,,Dark - roadway not lighted,Wet,Rain,"Surface condition (e.g., wet, icy)",Non-intersection:  Non-junction/no special feature,Paved,,Property Damage Only,0,0,0,0,0,0,5500,1,1,,POINT (-93.044116710138 41.71321902883)
2014807393,14127,06/28/2014,06-June,7-Saturday,01:14,0100 Hours,District 5 (Southeast),PELLA,MARION,IA 163,IA 163/IOWA 163,Collision with:  Animal,,,Animal,None Indicated,,,,,,,Paved,,Property Damage Only,0,0,0,0,0,0,7000,1,1,,POINT (-92.876644880613 41.389769656563)
2014806344,K14-019351,06/28/2014,06-June,7-Saturday,21:39,2100 Hours,District 5 (Southeast),KEOKUK,LEE,,4TH ST N,Collision with:  Vehicle in traffic,On Roadway,Rear-end (front to rear),Ran off road - right,None Indicated,,Dark - roadway lighted,Wet,Rain,"Surface condition (e.g., wet, icy)",Non-intersection:  Non-junction/no special feature,Paved,,Property Damage Only,0,0,0,0,0,0,2300,2,2,,POINT (-91.380676295657 40.396084823141)