Iowa DOT Case Number,Law Enforcement Case Number,Date of Crash,Month of Crash,Day of Week,Time of Crash,Hour,DOT District,City Name,County Name,Route with System,Location Description,First Harmful Event,Location of First Harmful Event,Manner of Crash/Collision,Major Cause,Drug or Alcohol ,Environmental Conditions,Light Conditions,Surface Conditions,Weather Conditions,Roadway Contribution,Roadway Type,Roadway Surface,Work Zone,Crash Severity,Number of Fatalities,Number of Injuries,Number of Major Injuries,Number of Minor Injuries,Number of Possible Injuries,Number of Unknown Injuries,Amount of Property Damage,Number of Vehicles Involved,Total Number of Occupants,Travel Direction,Location
2014805668,14C02964,06/28/2014,06-June,7-Saturday,10:41,1000 Hours,District 4 (Southwest),CRESTON,UNION,,E MONTGOMERY ST & N BIRCH ST,Collision with:  Parked motor vehicle,On Roadway,Rear-end (front to rear),Improper Backing,None Indicated,,Daylight,Dry,Clear,None apparent,Non-intersection:  Non-junction/no special feature,Paved,,Property Damage Only,0,0,0,0,0,0,1700,2,1,,POINT (-94.359044120957 41.058537524699)
2014805919,,06/28/2014,06-June,7-Saturday,13:00,1300 Hours,District 2 (Northeast),BRITT,HANCOCK,US 18,US 18,,Shoulder,"Sideswipe, same direction",Ran off road - right,None Indicated,,Daylight,Dry,Clear,None apparent,Non-intersection:  Non-junction/no special feature,Paved,,Property Damage Only,0,0,0,0,0,0,1500,2,1,,POINT (-93.80193614451 43.102388269412)
2014806322,14-030628-01,06/28/2014,06-June,7-Saturday,21:43,2100 Hours,District 6 (East Central),,IOWA,,G ST,Non-collision events:  Overturn/rollover,On Roadway,Non-collision (single vehicle),Ran off road - right,Alcohol (Statutory),,Dark - roadway lighted,Wet,Cloudy,None apparent,Non-intersection:  Driveway access (within),Paved,,Property Damage Only,0,0,0,0,0,0,10350,1,4,,POINT (-91.898526690154 41.800791245551)
2014805619,14-026747,06/28/2014,06-June,7-Saturday,16:59,1600 Hours,District 4 (Southwest),COUNCIL BLUFFS,POTTAWATTAMIE,US 6,US 6/W BROADWAY,Collision with:  Vehicle in traffic,On Roadway,Rear-end (front to rear),Followed too close,None Indicated,,Daylight,Dry,Clear,None apparent,Non-intersection:  Non-junction/no special feature,Paved,,Possible/Unknown,0,1,0,0,1,0,6000,2,4,,POINT (-95.866995432954 41.261892521673)
2014805426,201402918,06/28/2014,06-June,7-Saturday,05:20,0500 Hours,District 1 (Central),,BOONE,,Co Rd P70/H AVE,Collision with:  Animal,,,Animal,None Indicated,,,,,,,Paved,,Property Damage Only,0,0,0,0,0,0,2500,1,1,,POINT (-94.028174218121 42.095481919117)
2014805528,14-4306,06/28/2014,06-June,7-Saturday,20:30,2000 Hours,District 1 (Central),SHELDAHL,POLK,,Co Rd R38/NW 58TH ST & NW 142ND AVE,Collision with:  Vehicle in traffic,On Roadway,Broadside (front to side),Ran Stop Sign,None Indicated,,Dark - roadway lighted,Dry,Cloudy,None apparent,Intersection:  Four-way intersection,Paved,,Property Damage Only,0,0,0,0,0,0,14000,2,2,,POINT (-93.69760408249 41.820670730184)
2014805725,2014037859,06/28/2014,06-June,7-Saturday,01:10,0100 Hours,District 1 (Central),,POLK,I-80,I-80 & NE 96TH ST,Collision with:  Animal,,,Animal,None Indicated,,,,,,,Paved,,Property Damage Only,0,0,0,0,0,0,4500,1,1,,POINT (-93.406442503246 41.679524668424)
2014806677,2014037981,06/28/2014,06-June,7-Saturday,21:59,2100 Hours,District 2 (Northeast),,FRANKLIN,I-35,I-35,Collision with:  Animal,,,Animal,None Indicated,,,,,,,Paved,,Property Damage Only,0,0,0,0,0,0,2500,1,1,,POINT (-93.431343353315 42.708245763982)
2014805728,2014037910,06/28/2014,06-June,7-Saturday,13:10,1300 Hours,District 3 (Northwest),,SIOUX,,430TH ST,Collision with fixed object:  Ditch,On Roadway,Non-collision (single vehicle),Driving too fast for conditions,None Indicated,,Daylight,"Mud, dirt",Cloudy,None apparent,Non-intersection:  Non-junction/no special feature,Unpaved,,Property Damage Only,0,0,0,0,0,0,1500,1,1,,POINT (-96.151002062001 43.026184094194)
2014805923,W14-064761,06/28/2014,06-June,7-Saturday,21:51,2100 Hours,District 2 (Northeast),WATERLOO,BLACK HAWK,US 218,US 218/SPECIAL CASE,Non-collision events:  Other non-collision (explain in narrative),On Roadway,Non-collision (single vehicle),Other (explain in narrative):  No improper action,None Indicated,,Dark - roadway lighted,Wet,Rain,None apparent,Intersection:  Four-way intersection,Paved,,Property Damage Only,0,0,0,0,0,0,5000,1,1,,POINT (-92.366569261237 42.503193008775)
2014805807,01-14-28157,06/28/2014,06-June,7-Saturday,13:09,1300 Hours,District 6 (East Central),DUBUQUE,DUBUQUE,,HILLCREST RD & PASADENA DR,Collision with:  Non-motorist (see non-motorist section - NOT a unit),On Roadway,Unknown,Other (explain in narrative):  No improper action,None Indicated,,Daylight,Dry,Clear,None apparent,Non-intersection:  Non-junction/no special feature,Paved,,Possible/Unknown,0,1,0,0,1,0,200,2,2,,POINT (-90.718709134045 42.506106375536)
2014805570,20140018293,06/28/2014,06-June,7-Saturday,09:09,0900 Hours,District 1 (Central),DES MOINES,POLK,,E LACONA AVE & SE 6TH ST,Collision with fixed object:  Tree,Shoulder,Non-collision (single vehicle),Crossed centerline (undivided),Alcohol (Statutory),,Daylight,Dry,Cloudy,None apparent,Intersection:  T-intersection,Paved,,Possible/Unknown,0,1,0,0,1,0,5200,1,1,,POINT (-93.605287619584 41.564420106157)
2014811105,2014037935,06/28/2014,06-June,7-Saturday,16:02,1600 Hours,District 1 (Central),,HARDIN,,Co Rd C73/HARDIN ST & Co Rd S41/MALLARD AVE,Collision with:  Vehicle in traffic,On Roadway,Broadside (front to side),FTYROW:  From stop sign,None Indicated,,Daylight,Dry,Cloudy,None apparent,Intersection:  Four-way intersection,Paved,,Possible/Unknown,0,1,0,0,1,0,10000,2,6,,POINT (-93.262122728083 42.557129688304)
2014805648,2014-43265,06/28/2014,06-June,7-Saturday,06:26,0600 Hours,District 6 (East Central),DAVENPORT,SCOTT,,PROP W 61ST ST,Collision with:  Vehicle in traffic,On Roadway,Broadside (front to side),Ran Traffic Signal,None Indicated,,Daylight,Dry,Clear,None apparent,Intersection:  Four-way intersection,Unpaved,,Property Damage Only,0,0,0,0,0,0,10000,2,5,,POINT (-90.60000719824 41.583696130964)
2014805553,20140018297,06/28/2014,06-June,7-Saturday,09:50,0900 Hours,District 1 (Central),DES MOINES,POLK,IA 28,IA 28/63RD ST & MUSKOGEE AVE & WALNUT ST,Collision with:  Vehicle in traffic,On Roadway,Rear-end (front to rear),FTYROW:  Other (explain in narrative),None Indicated,,Daylight,Dry,Cloudy,None apparent,Non-intersection:  Non-junction/no special feature,Paved,,Property Damage Only,0,0,0,0,0,0,2000,2,3,,POINT (-93.703287654863 41.573608309369)
2014805900,2014037973,06/28/2014,06-June,7-Saturday,20:05,2000 Hours,District 1 (Central),,POLK,I-35,I-35,Non-collision events:  Other non-collision (explain in narrative),On Roadway,Non-collision (single vehicle),Driving too fast for conditions,None Indicated,,Dusk,Wet,Cloudy,"Surface condition (e.g., wet, icy)",Interchange-related:  On-ramp,Paved,,Property Damage Only,0,0,0,0,0,0,1500,1,2,,POINT (-93.578866078091 41.651629041702)
2014805732,14-4095,06/28/2014,06-June,7-Saturday,07:50,0700 Hours,District 2 (Northeast),FENTON,KOSSUTH,,18 AVE & MAPLE ST,Collision with fixed object:  Utility pole/light support,Outside trafficway,Non-collision (single vehicle),Swerving/Evasive Action,None Indicated,,Daylight,Dry,Cloudy,None apparent,Intersection:  T-intersection,Paved,,Property Damage Only,0,0,0,0,0,0,9500,1,1,,POINT (-94.427268605195 43.220614844557)
2014805555,20140018259,06/28/2014,06-June,7-Saturday,01:28,0100 Hours,District 1 (Central),DES MOINES,POLK,,24TH ST,Collision with fixed object:  Curb/island/raised median,On Roadway,Broadside (front to side),Improper Backing,Alcohol (Statutory),,Dark - roadway lighted,Dry,Clear,None apparent,Non-intersection:  Driveway access (within),Paved,,Property Damage Only,0,0,0,0,0,0,2000,2,1,,POINT (-93.65000528508 41.615355163065)
2014805738,,06/28/2014,06-June,7-Saturday,15:06,1500 Hours,District 4 (Southwest),,ADAIR,IA 92,IA 92/IOWA 92,Collision with fixed object:  Ditch,On Roadway,Non-collision (single vehicle),Ran off road - right,None Indicated,,Daylight,Wet,Rain,None apparent,Non-intersection:  Non-junction/no special feature,Paved,,Minor Injury,0,1,0,1,0,0,9200,1,1,,POINT (-94.279087371007 41.315972506143)
2014805505,201409181,06/28/2014,06-June,7-Saturday,13:00,1300 Hours,District 6 (East Central),CEDAR RAPIDS,LINN,,CENTER POINT RD NE,Collision with:  Vehicle in traffic,On Roadway,"Angle, oncoming left turn",FTYROW:  Making left turn,None Indicated,,Daylight,Dry,Clear,None apparent,Intersection:  Four-way intersection,Paved,,Property Damage Only,0,0,0,0,0,0,3000,2,3,,POINT (-91.66797677446 42.027808582601)
2014807187,2014-43178,06/28/2014,06-June,7-Saturday,00:02,0000 Hours,District 6 (East Central),DAVENPORT,SCOTT,,W 3RD ST,Collision with:  Non-motorist (see non-motorist section - NOT a unit),On Roadway,Non-collision (single vehicle),Other (explain in narrative):  No improper action,None Indicated,,Dark - roadway not lighted,Dry,Clear,None apparent,Non-intersection:  Non-junction/no special feature,Paved,,Minor Injury,0,1,0,1,0,0,0,1,1,,POINT (-90.59016036219 41.522354597234)
2014805565,20140018339,06/28/2014,06-June,7-Saturday,18:07,1800 Hours,District 1 (Central),DES MOINES,POLK,,MLK JR PKWY,Collision with:  Vehicle in traffic,On Roadway,Rear-end (front to rear),Driving too fast for conditions,None Indicated,,Daylight,Wet,Rain,"Surface condition (e.g., wet, icy)",Non-intersection:  Non-junction/no special feature,Paved,,Property Damage Only,0,0,0,0,0,0,1700,2,3,,POINT (-93.646586079672 41.61550955391)
2014807564,2014037974,06/28/2014,06-June,7-Saturday,20:30,2000 Hours,District 2 (Northeast),,HOWARD,,10TH ST,Collision with fixed object:  Utility pole/light support,Outside trafficway,Non-collision (single vehicle),Exceeded authorized speed,None Indicated,,Dark - roadway not lighted,Wet,Rain,None apparent,Non-intersection:  Non-junction/no special feature,Unpaved,,Property Damage Only,0,0,0,0,0,0,8500,1,1,,POINT (-92.11874108662 43.500796435312)
2014811573,143564,06/28/2014,06-June,7-Saturday,21:47,2100 Hours,District 1 (Central),,HARDIN,,Co Rd D20/ST HWY 941,Collision with:  Animal,,,Animal,None Indicated,,,,,,,Paved,,Property Damage Only,0,0,0,0,0,0,3500,1,1,,POINT (-93.352927036996 42.514423609308)
2014808493,14005475,06/28/2014,06-June,7-Saturday,04:13,0400 Hours,District 4 (Southwest),,CASS,IA 92,IA 92/RICHLAND RD,Collision with:  Animal,On Roadway,Non-collision (single vehicle),Animal,None Indicated,,Dark - roadway not lighted,Dry,Clear,None apparent,Non-intersection:  Non-junction/no special feature,Paved,,Possible/Unknown,0,1,0,0,1,0,11200,1,1,,POINT (-94.875932787937 41.258719953254)
2014805496,14-002251,06/28/2014,06-June,7-Saturday,14:50,1400 Hours,District 5 (Southeast),DELTA,KEOKUK,,4TH ST,Collision with:  Vehicle in traffic,On Roadway,Rear-end (front to rear),Traveling wrong way or on wrong side of road,None Indicated,,Daylight,Dry,Clear,None apparent,Non-intersection:  Non-junction/no special feature,Unpaved,,Property Damage Only,0,0,0,0,0,0,1500,2,2,,POINT (-92.332162637179 41.325601210839)
2014805558,20140018294,06/28/2014,06-June,7-Saturday,08:00,0800 Hours,District 1 (Central),DES MOINES,POLK,,SE 8TH ST,Collision with:  Vehicle in traffic,On Roadway,"Sideswipe, same direction",Lost Control,None Indicated,,Daylight,Dry,Clear,None apparent,Non-intersection:  Non-junction/no special feature,Paved,,Property Damage Only,0,0,0,0,0,0,4500,2,777,,POINT (-93.602961668907 41.568368511429)
2014805564,20140018338,06/28/2014,06-June,7-Saturday,17:51,1700 Hours,District 1 (Central),DES MOINES,POLK,,E 46TH ST & NE 46TH AVE & E BROADWAY AVE,Collision with:  Vehicle in traffic,On Roadway,Rear-end (front to rear),Followed too close,None Indicated,,Daylight,Wet,Rain,None apparent,Intersection:  Four-way intersection,Paved,,Property Damage Only,0,0,0,0,0,0,5500,2,3,,POINT (-93.522301133555 41.644099776154)
2014805567,20140018345,06/28/2014,06-June,7-Saturday,19:09,1900 Hours,District 1 (Central),DES MOINES,POLK,,GRAND AVE & 8TH ST,Collision with:  Vehicle in traffic,On Roadway,Broadside (front to side),Ran Traffic Signal,Refused,,Daylight,Wet,Cloudy,None apparent,Intersection:  Four-way intersection,Paved,,Possible/Unknown,0,2,0,0,2,0,6000,2,3,,POINT (-93.627803755659 41.587222872421)
2014810304,2014006462,06/28/2014,06-June,7-Saturday,17:54,1700 Hours,District 1 (Central),MARSHALLTOWN,MARSHALL,IA 14,IA 14/N 3RD AVE & E STATE ST,Collision with:  Vehicle in traffic,On Roadway,"Angle, oncoming left turn",FTYROW:  Making left turn,None Indicated,,Daylight,Wet,Rain,None apparent,Intersection:  Four-way intersection,Paved,,Property Damage Only,0,0,0,0,0,0,10000,2,4,,POINT (-92.90800252039 42.050380210896)
2014805562,20140018309,06/28/2014,06-June,7-Saturday,12:03,1200 Hours,District 1 (Central),DES MOINES,POLK,,HUBBELL AVE,Collision with:  Vehicle in traffic,On Roadway,Broadside (front to side),FTYROW:  From stop sign,None Indicated,,Daylight,Dry,Cloudy,None apparent,Non-intersection:  Driveway access (within),Paved,,Possible/Unknown,0,1,0,0,1,0,10500,2,2,,POINT (-93.568447027152 41.611211715117)
2014805720,2014037885,06/28/2014,06-June,7-Saturday,09:40,0900 Hours,District 1 (Central),,WEBSTER,US 20,US 20/SE RAMP CURV/SW RAMP CURV & US 169/LAINSON AVE,Collision with:  Vehicle in traffic,On Roadway,Broadside (front to side),FTYROW:  From stop sign,None Indicated,,Daylight,Dry,Cloudy,None apparent,Intersection:  Intersection with ramp,Paved,,Property Damage Only,0,0,0,0,0,0,6000,2,5,,POINT (-94.184205680098 42.444007102657)
2014805704,2014037960,06/28/2014,06-June,7-Saturday,18:30,1800 Hours,District 4 (Southwest),,POTTAWATTAMIE,I-80,I-80,Non-collision events:  Other non-collision (explain in narrative),On Roadway,Non-collision (single vehicle),Other (explain in narrative):  No improper action,None Indicated,,Daylight,Dry,Clear,None apparent,Non-intersection:  Non-junction/no special feature,Paved,,Property Damage Only,0,0,0,0,0,0,1500,1,3,,POINT (-95.616172229479 41.438794672641)
2014806721,628061914,06/28/2014,06-June,7-Saturday,05:30,0500 Hours,District 4 (Southwest),,RINGGOLD,,Co Rd P14/CO HWY P14,Collision with fixed object:  Ditch,On Roadway,Non-collision (single vehicle),Crossed centerline (undivided),None Indicated,,Dark - roadway not lighted,Dry,Clear,None apparent,Non-intersection:  Other non-intersection (explain in narrative),Paved,,Minor Injury,0,1,0,1,0,0,17000,1,1,,POINT (-94.471429272455 40.650993894411)
2014805825,2014007029,06/28/2014,06-June,7-Saturday,09:10,0900 Hours,District 6 (East Central),IOWA CITY,JOHNSON,,E MARKET ST & N DUBUQUE ST,Collision with:  Vehicle in traffic,On Roadway,Broadside (front to side),Ran Traffic Signal,None Indicated,,Daylight,Dry,Cloudy,None apparent,Intersection:  Four-way intersection,Paved,,Property Damage Only,0,0,0,0,0,0,3850,2,3,,POINT (-91.533082402455 41.663576631002)
2014805504,201402212,06/28/2014,06-June,7-Saturday,12:29,1200 Hours,District 6 (East Central),CENTRAL CITY,LINN,IA 13,IA 13/IOWA 13 & BARBER ST,Collision with:  Vehicle in traffic,On Roadway,Rear-end (front to rear),Swerving/Evasive Action,None Indicated,,Daylight,Dry,Cloudy,None apparent,Intersection:  T-intersection,Paved,,Major Injury,0,1,1,0,0,0,3000,2,2,,POINT (-91.530703838035 42.208445271897)
2014805414,14064740,06/28/2014,06-June,7-Saturday,21:08,2100 Hours,District 2 (Northeast),CEDAR FALLS,BLACK HAWK,,7TH ST & IOWA ST,Collision with fixed object:  Tree,On Roadway,Non-collision (single vehicle),Ran off road - left,Alcohol (Statutory),,Dark - roadway lighted,Wet,Rain,None apparent,Non-intersection:  Non-junction/no special feature,Paved,,Property Damage Only,0,0,0,0,0,0,5700,1,1,,POINT (-92.452132801297 42.532317508158)
2014805953,14014841,06/28/2014,06-June,7-Saturday,22:14,2200 Hours,District 5 (Southeast),OSKALOOSA,MAHASKA,US 63,US 63/S MARKET ST,Collision with fixed object:  Curb/island/raised median,Median,Non-collision (single vehicle),Crossed centerline (undivided),Refused,,Dark - roadway lighted,Wet,Rain,None apparent,Non-intersection:  Non-junction/no special feature,Paved,,Property Damage Only,0,0,0,0,0,0,12500,1,1,,POINT (-92.645302844807 41.286619499413)
2014806466,14-003049,06/28/2014,06-June,7-Saturday,01:11,0100 Hours,District 1 (Central),AMES,STORY,,HAYWARD AVE,Collision with:  Parked motor vehicle,On Roadway,Rear-end (front to rear),Lost Control,Alcohol (Statutory),,Dark - roadway lighted,Dry,Clear,None apparent,Non-intersection:  Non-junction/no special feature,Paved,,Property Damage Only,0,0,0,0,0,0,2600,2,1,,POINT (-93.651723691925 42.016953708204)
2014810475,,06/28/2014,06-June,7-Saturday,16:50,1600 Hours,District 5 (Southeast),,MUSCATINE,,N ISETT AVE & 170TH ST,Non-collision events:  Overturn/rollover,On Roadway,Non-collision (single vehicle),Swerving/Evasive Action,None Indicated,,Daylight,"Mud, dirt",Clear,Debris,Intersection:  Four-way intersection,Unpaved,,Possible/Unknown,0,1,0,0,1,0,10300,1,1,,POINT (-91.059068252022 41.493733341783)
2014810477,,06/28/2014,06-June,7-Saturday,02:06,0200 Hours,District 5 (Southeast),,MUSCATINE,IA 70,IA 70/IOWA 70,Collision with fixed object:  Ditch,Outside trafficway,Non-collision (single vehicle),Crossed centerline (undivided),None Indicated,,Dark - roadway not lighted,Dry,Cloudy,None apparent,Non-intersection:  Non-junction/no special feature,Paved,,Possible/Unknown,0,1,0,0,1,0,9000,1,1,,POINT (-91.251729156277 41.53887743866)
2014805424,W14-064515,06/28/2014,06-June,7-Saturday,08:57,0800 Hours,District 2 (Northeast),WATERLOO,BLACK HAWK,US 218,US 218/WASHINGTON ST & ANSBOROUGH AVE,Collision with:  Vehicle in traffic,On Roadway,"Angle, oncoming left turn",FTYROW:  Making left turn,None Indicated,,Daylight,Dry,Cloudy,None apparent,Intersection:  Intersection with ramp,Paved,,Property Damage Only,0,0,0,0,0,0,5300,2,2,,POINT (-92.375305060449 42.50838328525)
2014805423,W14-064506,06/28/2014,06-June,7-Saturday,06:00,0600 Hours,District 2 (Northeast),WATERLOO,BLACK HAWK,,WEBSTER ST,Collision with fixed object:  Other fixed object (explain in narrative),On Roadway,Non-collision (single vehicle),Crossed centerline (undivided),None Indicated,,Dawn,Dry,Clear,None apparent,Non-intersection:  Other non-intersection (explain in narrative),Paved,,Property Damage Only,0,0,0,0,0,0,6000,2,2,,POINT (-92.318174904875 42.511254689537)
2014852939,,06/29/2014,06-June,1-Sunday,14:20,1400 Hours,District 6 (East Central),WALCOTT,SCOTT,,WALKER ST & 60TH AVE,Collision with:  Vehicle in traffic,On Roadway,Broadside (front to side),Crossed centerline (undivided),None Indicated,,Daylight,Dry,Clear,None apparent,Intersection:  T-intersection,Paved,,Property Damage Only,0,0,0,0,0,0,2500,2,2,,POINT (-90.783044038103 41.61888678587)
2014805675,14-1942,06/29/2014,06-June,1-Sunday,00:35,0000 Hours,District 1 (Central),FORT DODGE,WEBSTER,,2ND AVE N & N 12TH ST,Non-collision events:  Other non-collision (explain in narrative),On Roadway,Non-collision (single vehicle),Other (explain in narrative):  No improper action,None Indicated,,Dark - roadway lighted,Dry,Clear,None apparent,Non-intersection:  Non-junction/no special feature,Paved,,Possible/Unknown,0,1,0,0,0,1,9500,1,2,,POINT (-94.182775761076 42.508214819004)
2014806081,14-141,06/29/2014,06-June,1-Sunday,18:30,1800 Hours,District 2 (Northeast),WAVERLY,BREMER,IA 3,IA 3/BREMER AVE & 16TH ST SW,Collision with:  Non-motorist (see non-motorist section - NOT a unit),On Roadway,Non-collision (single vehicle),Other (explain in narrative):  No improper action,None Indicated,,Daylight,Dry,Cloudy,None apparent,Intersection:  T-intersection,Paved,,Possible/Unknown,0,1,0,0,1,0,0,1,1,,POINT (-92.489777243323 42.725662405332)
2014805690,14-20646,06/29/2014,06-June,1-Sunday,19:33,1900 Hours,District 3 (Northwest),SIOUX CITY,WOODBURY,,W 4TH ST,Collision with fixed object:  Curb/island/raised median,Outside trafficway,Non-collision (single vehicle),Improper Backing,None Indicated,,Daylight,Dry,Clear,None apparent,Non-intersection:  Non-junction/no special feature,Paved,,Possible/Unknown,0,1,0,0,1,0,0,1,3,,POINT (-96.456887251377 42.499189997708)
2014805581,20140018420,06/29/2014,06-June,1-Sunday,14:10,1400 Hours,District 1 (Central),DES MOINES,POLK,I-235,I-235 & US 69/E 14TH ST & LYON ST,Collision with:  Vehicle in traffic,On Roadway,"Sideswipe, same direction",Other (explain in narrative):  Other,None Indicated,,Daylight,Dry,Clear,None apparent,Intersection:  Four-way intersection,Paved,,Property Damage Only,0,0,0,0,0,0,2500,2,2,,POINT (-93.598738529417 41.595502450811)
2014806138,201409249,06/29/2014,06-June,1-Sunday,17:04,1700 Hours,District 6 (East Central),CEDAR RAPIDS,LINN,IA 100,IA 100/COLLINS RD NE,Collision with fixed object:  Ditch,On Roadway,Non-collision (single vehicle),Ran off road - left,Alcohol (Statutory),,Daylight,Dry,Clear,None apparent,Non-intersection:  Non-junction/no special feature,Paved,,Property Damage Only,0,0,0,0,0,0,2500,1,1,,POINT (-91.630287407327 42.027851286239)
2014806915,2014-43525,06/29/2014,06-June,1-Sunday,10:25,1000 Hours,District 6 (East Central),DAVENPORT,SCOTT,,IA 461/W RIVER DR & S HOWELL ST,Collision with:  Vehicle in traffic,On Roadway,Rear-end (front to rear),Followed too close,None Indicated,,Daylight,Dry,Cloudy,None apparent,Intersection:  T-intersection,Paved,,Property Damage Only,0,0,0,0,0,0,10000,2,2,,POINT (-90.602098885135 41.51548017906)
2014805622,14-026955,06/29/2014,06-June,1-Sunday,20:24,2000 Hours,District 4 (Southwest),COUNCIL BLUFFS,POTTAWATTAMIE,,S EXPRESSWAY,Non-collision events:  Other non-collision (explain in narrative),On Roadway,Non-collision (single vehicle),Lost Control,None Indicated,,Dusk,Dry,Clear,None apparent,Non-intersection:  Non-junction/no special feature,Paved,,Minor Injury,0,2,0,2,0,0,3000,1,2,,POINT (-95.850764614392 41.222703820324)
2014805892,S14-6418,06/29/2014,06-June,1-Sunday,12:39,1200 Hours,District 3 (Northwest),SLOAN,WOODBURY,I-29,I-29 & IA 141/330TH ST & Co Rd K42,Collision with:  Vehicle in traffic,On Roadway,Broadside (front to side),FTYROW:  From stop sign,None Indicated,,Daylight,Wet,Clear,None apparent,Intersection:  Intersection with ramp,Paved,,Property Damage Only,0,0,0,0,0,0,1750,2,6,,POINT (-96.24448089961 42.228925299054)
2014805707,2014038058,06/29/2014,06-June,1-Sunday,12:15,1200 Hours,District 4 (Southwest),,HARRISON,I-29,I-29,Collision with:  Other non-fixed object (explain in narrative),Outside trafficway,Non-collision (single vehicle),Swerving/Evasive Action,None Indicated,,Daylight,Dry,Cloudy,Debris,Interchange-related:  Off-ramp,Paved,,Property Damage Only,0,0,0,0,0,0,3000,1,3,,POINT (-95.910671706312 41.511932287561)
2014805547,20140018396,06/29/2014,06-June,1-Sunday,00:00,0000 Hours,District 1 (Central),DES MOINES,POLK,,INGERSOLL AVE & 36TH ST,Non-collision events:  Other non-collision (explain in narrative),Roadside,"Sideswipe, opposite direction",Crossed centerline (undivided),None Indicated,,Dark - roadway lighted,Wet,Cloudy,None apparent,Non-intersection:  Non-junction/no special feature,Paved,,Property Damage Only,0,0,0,0,0,0,2500,2,777,,POINT (-93.665346359207 41.586318183374)
2014805589,20140018368,06/29/2014,06-June,1-Sunday,02:11,0200 Hours,District 1 (Central),DES MOINES,POLK,,3RD ST,Collision with:  Vehicle in traffic,On Roadway,"Sideswipe, same direction",FTYROW:  Other (explain in narrative),None Indicated,,Dark - roadway lighted,Wet,Rain,None apparent,Non-intersection:  Non-junction/no special feature,Paved,,Property Damage Only,0,0,0,0,0,0,4000,2,2,,POINT (-93.62117013481 41.587321955016)
2014805810,01-14-28297,06/29/2014,06-June,1-Sunday,13:34,1300 Hours,District 6 (East Central),DUBUQUE,DUBUQUE,IA 32,IA 32/IA32 NW ARTERIAL & JOHN F KENNEDY RD,Collision with:  Vehicle in traffic,On Roadway,Rear-end (front to rear),Other (explain in narrative):  No improper action,None Indicated,,Daylight,Dry,Cloudy,None apparent,Non-intersection:  Non-junction/no special feature,Paved,,Property Damage Only,0,0,0,0,0,0,2100,2,3,,POINT (-90.723573937874 42.525645445637)
2014805545,20140018382,06/29/2014,06-June,1-Sunday,06:18,0600 Hours,District 1 (Central),DES MOINES,POLK,,HICKMAN RD & 26TH ST,Collision with:  Vehicle in traffic,On Roadway,Broadside (front to side),FTYROW:  From stop sign,None Indicated,,Daylight,Dry,Cloudy,None apparent,Intersection:  Four-way intersection,Paved,,Minor Injury,0,2,0,1,0,1,9000,2,2,,POINT (-93.651742029438 41.614994048696)
2014808513,2014-0965,06/29/2014,06-June,1-Sunday,11:25,1100 Hours,District 1 (Central),GRAND JUNCTION,GREENE,US 30,US 30 & IA 144/9TH ST N,Collision with:  Animal,On Roadway,Non-collision (single vehicle),Animal,None Indicated,,Daylight,Wet,Rain,None apparent,Non-intersection:  Non-junction/no special feature,Paved,,Property Damage Only,0,0,0,0,0,0,2500,1,2,,POINT (-94.240772758021 42.035847391683)
2014807231,2014038095,06/29/2014,06-June,1-Sunday,15:50,1500 Hours,District 6 (East Central),,IOWA,I-80,I-80 & Co Rd V52/H AVE,Collision with:  Vehicle in traffic,On Roadway,"Sideswipe, same direction",Unknown,None Indicated,,Daylight,Dry,Cloudy,None apparent,Non-intersection:  Non-junction/no special feature,Paved,,Possible/Unknown,0,1,0,0,1,0,7000,2,3,,POINT (-92.162533936981 41.697268831038)
2014826450,2014-4705,06/29/2014,06-June,1-Sunday,01:30,0100 Hours,District 6 (East Central),LE CLAIRE,SCOTT,,4TH ST,Collision with:  Parked motor vehicle,Outside trafficway,"Sideswipe, same direction",Improper Backing,Alcohol (< Statutory),,Dark - roadway not lighted,Wet,Rain,None apparent,Non-intersection:  Other non-intersection (explain in narrative),Unpaved,,Property Damage Only,0,0,0,0,0,0,9000,3,1,,POINT (-90.347680868301 41.599565376922)
2014806887,2014-43475,06/29/2014,06-June,1-Sunday,03:15,0300 Hours,District 6 (East Central),DAVENPORT,SCOTT,,W 8TH ST & MARQUETTE ST,Collision with:  Vehicle in traffic,On Roadway,"Sideswipe, opposite direction",Swerving/Evasive Action,None Indicated,,Dark - roadway lighted,Wet,Clear,None apparent,Non-intersection:  Non-junction/no special feature,Paved,,Possible/Unknown,0,1,0,0,1,0,6000,2,4,,POINT (-90.590904311874 41.527819088627)
2014805786,1406298162,06/29/2014,06-June,1-Sunday,22:30,2200 Hours,District 6 (East Central),,CLINTON,US 61,US 61,Collision with:  Animal,,,Animal,None Indicated,,,,,,,Paved,,Property Damage Only,0,0,0,0,0,0,3000,1,1,,POINT (-90.601628167162 41.91947934207)
2014806325,14-050629-01,06/29/2014,06-June,1-Sunday,13:50,1300 Hours,District 6 (East Central),,IOWA,IA 212,IA 212/212 BLVD & H AVE,Collision with:  Vehicle in traffic,On Roadway,Broadside (front to side),FTYROW:  From stop sign,None Indicated,,Daylight,Dry,Clear,None apparent,Intersection:  Four-way intersection,Paved,,Possible/Unknown,0,1,0,0,1,0,20000,2,3,,POINT (-92.161199778143 41.804450795918)