Iowa DOT Case Number,Law Enforcement Case Number,Date of Crash,Month of Crash,Day of Week,Time of Crash,Hour,DOT District,City Name,County Name,Route with System,Location Description,First Harmful Event,Location of First Harmful Event,Manner of Crash/Collision,Major Cause,Drug or Alcohol ,Environmental Conditions,Light Conditions,Surface Conditions,Weather Conditions,Roadway Contribution,Roadway Type,Roadway Surface,Work Zone,Crash Severity,Number of Fatalities,Number of Injuries,Number of Major Injuries,Number of Minor Injuries,Number of Possible Injuries,Number of Unknown Injuries,Amount of Property Damage,Number of Vehicles Involved,Total Number of Occupants,Travel Direction,Location
2014805950,201402231,06/30/2014,06-June,2-Monday,16:54,1600 Hours,District 6 (East Central),,LINN,US 151,US 151,Collision with fixed object:  Ditch,Outside trafficway,Non-collision (single vehicle),Ran off road - right,None Indicated,,Daylight,Wet,Rain,"Surface condition (e.g., wet, icy)",Non-intersection:  Non-junction/no special feature,Paved,,Minor Injury,0,1,0,1,0,0,1500,1,1,,POINT (-91.55018758762 42.00924191796)
2014807721,2014038276,06/30/2014,06-June,2-Monday,14:34,1400 Hours,District 1 (Central),,POLK,,NE 29TH ST,Non-collision events:  Overturn/rollover,On Roadway,Non-collision (single vehicle),Swerving/Evasive Action,None Indicated,,Daylight,Wet,Rain,"Surface condition (e.g., wet, icy)",Non-intersection:  Non-junction/no special feature,Paved,,Possible/Unknown,0,1,0,0,1,0,14000,1,1,,POINT (-93.560655388318 41.770081249137)
2014806728,,06/30/2014,06-June,2-Monday,18:15,1800 Hours,District 6 (East Central),CEDAR RAPIDS,LINN,IA 922,IA 922/1ST AVE E & 29TH ST DR SE & 29TH ST NE,Collision with:  Vehicle in traffic,On Roadway,Rear-end (front to rear),Unknown,None Indicated,,Daylight,Wet,Rain,,Intersection:  Four-way intersection,Paved,,Property Damage Only,0,0,0,0,0,0,3386,2,2,,POINT (-91.634847345406 42.006119209874)
2014806187,2014-43944,06/30/2014,06-June,2-Monday,22:04,2200 Hours,District 6 (East Central),DAVENPORT,SCOTT,,W 65TH ST & HILLANDALE RD,Non-collision events:  Other non-collision (explain in narrative),Outside trafficway,Non-collision (single vehicle),Ran off road - straight,Alcohol (Statutory),,Dark - roadway lighted,Wet,Rain,None apparent,Intersection:  T-intersection,Paved,,Possible/Unknown,0,1,0,0,1,0,11500,1,1,,POINT (-90.620092406199 41.5878154928)
2014806680,2014038311,06/30/2014,06-June,2-Monday,17:21,1700 Hours,District 6 (East Central),,CEDAR,I-80,I-80,Collision with fixed object:  Guardrail - face,Median,Non-collision (single vehicle),Driving too fast for conditions,None Indicated,,Daylight,Wet,Rain,"Surface condition (e.g., wet, icy)",Non-intersection:  Non-junction/no special feature,Paved,,Property Damage Only,0,0,0,0,0,0,7410,1,1,,POINT (-91.153119768902 41.646082995947)
2014805850,20140018549,06/30/2014,06-June,2-Monday,19:58,1900 Hours,District 1 (Central),DES MOINES,POLK,,LOCUST ST & 12TH ST,Collision with:  Vehicle in traffic,On Roadway,Broadside (front to side),Unknown,None Indicated,,Daylight,Wet,Cloudy,None apparent,Non-intersection:  Non-junction/no special feature,Paved,,Property Damage Only,0,0,0,0,0,0,4200,2,2,,POINT (-93.632307732693 41.585270638224)
2014806326,14-140630-01,06/30/2014,06-June,2-Monday,08:30,0800 Hours,District 6 (East Central),,IOWA,,Co Rd F52/F52 TRL,Collision with:  Animal,,,Animal,None Indicated,,,,,,,Paved,,Property Damage Only,0,0,0,0,0,0,5000,1,1,,POINT (-91.931173374523 41.598172919507)
2014805847,20140018541,06/30/2014,06-June,2-Monday,05:45,0500 Hours,District 1 (Central),DES MOINES,POLK,,HICKMAN RD & MLK JR PKWY,Collision with:  Vehicle in traffic,On Roadway,"Sideswipe, same direction",FTYROW:  Making right turn on red signal,None Indicated,,Dark - unknown roadway lighting,Unknown,Unknown,Unknown,Intersection:  Four-way intersection,Paved,,Property Damage Only,0,0,0,0,0,0,1500,2,2,,POINT (-93.646461472405 41.615050886462)
2014805756,W14-065442,06/30/2014,06-June,2-Monday,15:54,1500 Hours,District 2 (Northeast),WATERLOO,BLACK HAWK,,W DONALD ST,Collision with:  Vehicle in traffic,On Roadway,Rear-end (front to rear),Other (explain in narrative):  Other,None Indicated,,Daylight,Wet,Rain,None apparent,Intersection:  Four-way intersection,Paved,,Property Damage Only,0,0,0,0,0,0,2000,2,2,,POINT (-92.360685965573 42.527539056279)
2014805867,2014-12247,06/30/2014,06-June,2-Monday,16:23,1600 Hours,District 6 (East Central),BETTENDORF,SCOTT,,MIDDLE RD & FOREST GROVE DR,Collision with:  Vehicle in traffic,On Roadway,"Angle, oncoming left turn",FTYROW:  Making left turn,None Indicated,,Daylight,Wet,Rain,None apparent,Intersection:  T-intersection,Paved,,Property Damage Only,0,0,0,0,0,0,10000,2,2,,POINT (-90.459529761103 41.590069706455)
2014805552,20140018518,06/30/2014,06-June,2-Monday,13:21,1300 Hours,District 1 (Central),DES MOINES,POLK,,ENOS AVE & 9TH ST,Collision with:  Vehicle in traffic,On Roadway,Broadside (front to side),Ran Stop Sign,None Indicated,,Daylight,Dry,Cloudy,None apparent,Intersection:  Four-way intersection,Paved,,Property Damage Only,0,0,0,0,0,0,2400,2,2,,POINT (-93.629384505995 41.599274927756)
2014807568,2014038323,06/30/2014,06-June,2-Monday,18:20,1800 Hours,District 6 (East Central),CEDAR RAPIDS,LINN,,EDGEWOOD RD NE,Collision with:  Vehicle in traffic,On Roadway,Rear-end (front to rear),Driving too fast for conditions,None Indicated,,Daylight,Wet,Rain,None apparent,Non-intersection:  Non-junction/no special feature,Paved,,Property Damage Only,0,0,0,0,0,0,11000,4,4,,POINT (-91.702321012632 42.022969356544)
2014809813,20142336,06/30/2014,06-June,2-Monday,14:20,1400 Hours,District 1 (Central),,MARSHALL,IA 14,IA 14/SANFORD AVE,Collision with:  Vehicle in traffic,On Roadway,Rear-end (front to rear),Other (explain in narrative):  No improper action,None Indicated,,Daylight,Wet,Rain,Debris,Non-intersection:  Non-junction/no special feature,Paved,,Property Damage Only,0,0,0,0,0,0,8500,2,2,,POINT (-92.904389159539 42.203370105798)
2014806145,201409331,06/30/2014,06-June,2-Monday,17:33,1700 Hours,District 6 (East Central),CEDAR RAPIDS,LINN,IA 922,IA 922/1ST AVE E,Collision with:  Vehicle in traffic,On Roadway,"Sideswipe, same direction",Unknown,None Indicated,,Daylight,Wet,Cloudy,None apparent,Non-intersection:  Non-junction/no special feature,Paved,,Property Damage Only,0,0,0,0,0,0,4500,2,4,,POINT (-91.634793586312 42.005244949766)
2014806483,14-000906,06/30/2014,06-June,2-Monday,07:27,0700 Hours,District 1 (Central),AMES,STORY,,MORRILL RD & PAMMEL DR,Collision with:  Vehicle in traffic,On Roadway,"Angle, oncoming left turn",FTYROW:  Making left turn,None Indicated,,Daylight,Wet,Rain,None apparent,Intersection:  Four-way intersection,Paved,,Possible/Unknown,0,1,0,0,1,0,4000,2,2,,POINT (-93.647984451815 42.030520759015)
2014813022,,06/30/2014,06-June,2-Monday,19:06,1900 Hours,District 3 (Northwest),,POCAHONTAS,,Co Rd N65/290TH AVE,Collision with:  Vehicle in traffic,On Roadway,"Sideswipe, opposite direction",Crossed centerline (undivided),None Indicated,,Daylight,Dry,Cloudy,None apparent,Non-intersection:  Non-junction/no special feature,Paved,,Property Damage Only,0,0,0,0,0,0,15851,2,2,,POINT (-94.54052206252 42.637163775437)
2014805785,14-005169,06/30/2014,06-June,2-Monday,05:45,0500 Hours,District 2 (Northeast),,CLAYTON,IA 56,IA 56/IOWA 56,Collision with:  Animal,On Roadway,Non-collision (single vehicle),Animal,None Indicated,,Dark - roadway not lighted,Wet,Rain,None apparent,Non-intersection:  Non-junction/no special feature,Paved,,Property Damage Only,0,0,0,0,0,0,10000,1,1,,POINT (-91.519105556384 42.869718058503)
2014807567,2014038316,06/30/2014,06-June,2-Monday,17:40,1700 Hours,District 6 (East Central),NORTH LIBERTY,JOHNSON,I-380,I-380 & Co Rd F28/250TH ST,Collision with:  Vehicle in traffic,On Roadway,Rear-end (front to rear),Followed too close,None Indicated,,Daylight,Dry,Cloudy,None apparent,Intersection:  Four-way intersection,Paved,,Property Damage Only,0,0,0,0,0,0,2500,2,9,,POINT (-91.644313401934 41.752480067005)
2014805862,14-3080,06/30/2014,06-June,2-Monday,16:48,1600 Hours,District 4 (Southwest),WEST DES MOINES,DALLAS,,JORDAN CREEK PKWY,Collision with:  Vehicle in traffic,On Roadway,Rear-end (front to rear),Followed too close,None Indicated,,Daylight,Wet,Cloudy,None apparent,Non-intersection:  Non-junction/no special feature,Paved,,Property Damage Only,0,0,0,0,0,0,2000,2,2,,POINT (-93.808940925698 41.593999391222)
2014808088,2014038148,06/30/2014,06-June,2-Monday,02:10,0200 Hours,District 2 (Northeast),,CERRO GORDO,I-35,I-35,Collision with:  Animal,,,Animal,None Indicated,,,,,,,Paved,,Property Damage Only,0,0,0,0,0,0,7000,1,1,,POINT (-93.355892245583 43.172334440145)
2014806679,2014038304,06/30/2014,06-June,2-Monday,15:15,1500 Hours,District 6 (East Central),,JONES,US 151,US 151,Non-collision events:  Overturn/rollover,On Roadway,Non-collision (single vehicle),Crossed centerline (undivided),None Indicated,,Daylight,Wet,Rain,None apparent,Non-intersection:  Non-junction/no special feature,Paved,,Property Damage Only,0,0,0,0,0,0,25000,1,1,,POINT (-91.22805768005 42.174836158171)
2014805860,14-3082,06/30/2014,06-June,2-Monday,17:20,1700 Hours,District 1 (Central),WEST DES MOINES,POLK,I-235,I-235,Collision with:  Vehicle in traffic,On Roadway,Rear-end (front to rear),Driving too fast for conditions,None Indicated,,Daylight,Wet,Cloudy,None apparent,Non-intersection:  Non-junction/no special feature,Paved,,Possible/Unknown,0,1,0,0,1,0,2500,2,4,,POINT (-93.727499110474 41.59336365335)
2014806131,C14001994,06/30/2014,06-June,2-Monday,18:55,1800 Hours,District 6 (East Central),CORALVILLE,JOHNSON,US 6,US 6/2ND ST & 12TH AVE,Collision with:  Vehicle in traffic,On Roadway,"Angle, oncoming left turn",FTYROW:  Making left turn,None Indicated,,Daylight,Wet,Rain,None apparent,Intersection:  T-intersection,Paved,,Property Damage Only,0,0,0,0,0,0,4000,2,3,,POINT (-91.581775912494 41.674518764256)
2014806010,2014-43842,06/30/2014,06-June,2-Monday,15:30,1500 Hours,District 6 (East Central),DAVENPORT,SCOTT,,W DOVER CT & HOWELL ST,Collision with:  Vehicle in traffic,On Roadway,Broadside (front to side),FTYROW:  From stop sign,None Indicated,,Daylight,Dry,Cloudy,None apparent,Intersection:  Four-way intersection,Paved,,Possible/Unknown,0,1,0,0,1,0,16200,2,4,,POINT (-90.604330810431 41.543644833328)
2014826451,2014-4740,06/30/2014,06-June,2-Monday,20:11,2000 Hours,District 6 (East Central),LE CLAIRE,SCOTT,I-80,I-80,Collision with:  Other non-fixed object (explain in narrative),On Roadway,Non-collision (single vehicle),Followed too close,None Indicated,,Dark - roadway lighted,Wet,Rain,None apparent,Non-intersection:  Non-junction/no special feature,Paved,,Property Damage Only,0,0,0,0,0,0,3500,1,1,,POINT (-90.3710761844 41.590142282574)
2014807789,14006732,06/30/2014,06-June,2-Monday,18:05,1800 Hours,District 3 (Northwest),,CARROLL,,EAGLE AVE & 210TH ST,Collision with:  Vehicle in traffic,On Roadway,Broadside (front to side),FTYROW:  At uncontrolled intersection,None Indicated,,Daylight,"Mud, dirt",Clear,None apparent,Intersection:  Four-way intersection,Unpaved,,Possible/Unknown,0,1,0,0,1,0,24000,2,2,,POINT (-95.01457500214 42.050088278338)
2014805865,14-027096,06/30/2014,06-June,2-Monday,18:01,1800 Hours,District 4 (Southwest),COUNCIL BLUFFS,POTTAWATTAMIE,,6TH AVE & S 24TH ST,Collision with:  Vehicle in traffic,On Roadway,Broadside (front to side),FTYROW:  At uncontrolled intersection,None Indicated,,Daylight,Dry,Cloudy,None apparent,Intersection:  Four-way intersection,Paved,,Property Damage Only,0,0,0,0,0,0,3000,2,5,,POINT (-95.879603627911 41.256281884898)
2014806052,2014038265,06/30/2014,06-June,2-Monday,14:00,1400 Hours,District 4 (Southwest),,ADAIR,I-80,I-80,Collision with fixed object:  Guardrail - face,Shoulder,Non-collision (single vehicle),Driving too fast for conditions,None Indicated,,Daylight,Wet,Cloudy,"Surface condition (e.g., wet, icy)",Intersection:  Intersection with ramp,Paved,,Property Damage Only,0,0,0,0,0,0,3200,1,1,,POINT (-94.458491965365 41.495946972209)
2014806514,,06/30/2014,06-June,2-Monday,14:15,1400 Hours,District 5 (Southeast),,DES MOINES,,Co Rd X40/BEAVERDALE RD & SOUTH PRAIRIE GROVE RD,Collision with:  Vehicle in traffic,On Roadway,Rear-end (front to rear),Unknown,None Indicated,,Daylight,Dry,Cloudy,,Intersection:  T-intersection,Paved,,Property Damage Only,0,0,0,0,0,0,6056,2,2,,POINT (-91.250708250893 40.880424759049)
2014805894,S14-6470,06/30/2014,06-June,2-Monday,23:57,2300 Hours,District 3 (Northwest),SLOAN,WOODBURY,IA 141,IA 141/330TH ST,Collision with:  Other non-fixed object (explain in narrative),On Roadway,"Sideswipe, same direction",Other (explain in narrative):  Other,None Indicated,,Dark - roadway lighted,Dry,Clear,None apparent,Non-intersection:  Other non-intersection (explain in narrative),Paved,,Property Damage Only,0,0,0,0,0,0,3000,2,4,,POINT (-96.240425158524 42.228751911321)
2014806009,2014-43814,06/30/2014,06-June,2-Monday,14:12,1400 Hours,District 6 (East Central),DAVENPORT,SCOTT,,IA 461/BRADY ST & E 53RD ST,Collision with:  Vehicle in traffic,On Roadway,Rear-end (front to rear),Followed too close,None Indicated,,Daylight,Dry,Cloudy,None apparent,Non-intersection:  Non-junction/no special feature,Paved,,Property Damage Only,0,0,0,0,0,0,1550,2,2,,POINT (-90.56963083359 41.574519655131)
2014806197,14-20765,06/30/2014,06-June,2-Monday,22:08,2200 Hours,District 3 (Northwest),SIOUX CITY,WOODBURY,,GLENN AVE,Collision with:  Non-motorist (see non-motorist section - NOT a unit),Outside trafficway,Non-collision (single vehicle),FTYROW:  To pedestrian,None Indicated,,Dark - roadway lighted,Dry,Clear,None apparent,Non-intersection:  Driveway access (within),Paved,,Possible/Unknown,0,1,0,0,1,0,0,1,1,,POINT (-96.363976055379 42.465291622662)
2014805828,14013495,06/30/2014,06-June,2-Monday,11:30,1100 Hours,District 6 (East Central),MARION,LINN,,A AVE,Collision with:  Vehicle in traffic,On Roadway,"Sideswipe, same direction",FTYROW:  From parked position,None Indicated,,Daylight,Dry,Cloudy,None apparent,Non-intersection:  Non-junction/no special feature,Paved,,Property Damage Only,0,0,0,0,0,0,7500,2,3,,POINT (-91.595614285644 42.026414498875)
2014805797,14-22339,06/30/2014,06-June,2-Monday,11:13,1100 Hours,District 5 (Southeast),WEST BURLINGTON,DES MOINES,,S GEAR AVE & W HUSTON ST,Collision with:  Vehicle in traffic,On Roadway,Broadside (front to side),FTYROW:  Making left turn,None Indicated,,Daylight,Dry,Clear,None apparent,Non-intersection:  Driveway access (within),Paved,,Property Damage Only,0,0,0,0,0,0,6000,2,2,,POINT (-91.169976428205 40.822413560766)
2014805886,14-1961,06/30/2014,06-June,2-Monday,20:39,2000 Hours,District 1 (Central),FORT DODGE,WEBSTER,,5TH AVE S,Collision with:  Non-motorist (see non-motorist section - NOT a unit),On Roadway,Non-collision (single vehicle),FTYROW:  Making left turn,None Indicated,,Daylight,Dry,Cloudy,None apparent,Non-intersection:  Driveway access (within),Paved,,Major Injury,0,1,1,0,0,0,1000,1,1,,POINT (-94.146218472985 42.501264679321)
2014805829,14013474,06/30/2014,06-June,2-Monday,06:54,0600 Hours,District 6 (East Central),MARION,LINN,IA 100,IA 100/COLLINS RD SE & S 22ND ST,Collision with:  Vehicle in traffic,On Roadway,Rear-end (front to rear),Other (explain in narrative):  Other,None Indicated,,Daylight,Wet,Rain,None apparent,Intersection:  Four-way intersection,Paved,,Property Damage Only,0,0,0,0,0,0,2000,2,3,,POINT (-91.588857496248 42.015145731955)
2014805827,2014007086,06/30/2014,06-June,2-Monday,09:10,0900 Hours,District 6 (East Central),IOWA CITY,JOHNSON,,E MARKET ST & N DUBUQUE ST,Collision with:  Vehicle in traffic,On Roadway,"Sideswipe, same direction",Made improper turn,None Indicated,,Daylight,Wet,Cloudy,None apparent,Intersection:  Four-way intersection,Paved,,Property Damage Only,0,0,0,0,0,0,2600,2,3,,POINT (-91.533082402455 41.663576631002)
2014805917,2014038357,06/30/2014,06-June,2-Monday,22:29,2200 Hours,District 2 (Northeast),,CERRO GORDO,I-35,I-35,Collision with:  Animal,,,Animal,None Indicated,,,,,,,Paved,,Property Damage Only,0,0,0,0,0,0,1500,1,1,,POINT (-93.340777881463 43.000566140603)
2014806210,201409321,06/30/2014,06-June,2-Monday,15:57,1500 Hours,District 6 (East Central),CEDAR RAPIDS,LINN,,3RD ST SW,Collision with:  Vehicle in traffic,On Roadway,Broadside (front to side),Unknown,None Indicated,,Daylight,Wet,Cloudy,Traffic control obscured,Intersection:  Four-way intersection,Paved,,Property Damage Only,0,0,0,0,0,0,2500,2,2,,POINT (-91.675716267237 41.975579921225)
2014805734,14-004167,06/30/2014,06-June,2-Monday,10:48,1000 Hours,District 2 (Northeast),WHITTEMORE,KOSSUTH,,BROAD ST,Collision with:  Other non-fixed object (explain in narrative),Shoulder,Non-collision (single vehicle),Improper Backing,None Indicated,,Daylight,Wet,Rain,None apparent,Non-intersection:  Non-junction/no special feature,Paved,,Property Damage Only,0,0,0,0,0,0,5100,1,1,,POINT (-94.424879696226 43.06390015362)
2014806754,14010840,06/30/2014,06-June,2-Monday,14:30,1400 Hours,District 2 (Northeast),MASON CITY,CERRO GORDO,IA 122,IA 122/4TH ST SW,Collision with:  Vehicle in traffic,On Roadway,Rear-end (front to rear),Followed too close,None Indicated,,Daylight,Wet,Rain,None apparent,Non-intersection:  Non-junction/no special feature,Paved,,Minor Injury,0,1,0,1,0,0,300,2,3,,POINT (-93.232806989557 43.148356059947)
2014807614,14065204,06/30/2014,06-June,2-Monday,05:09,0500 Hours,District 2 (Northeast),CEDAR FALLS,BLACK HAWK,US 218,US 218/WASHINGTON ST,Collision with:  Animal,,Non-collision (single vehicle),Animal,None Indicated,,,,,,,Paved,,Property Damage Only,0,0,0,0,0,0,1500,1,1,,POINT (-92.422105341989 42.537573487288)
2014805956,14-008803,06/30/2014,06-June,2-Monday,16:56,1600 Hours,District 4 (Southwest),,MILLS,US 34,US 34 & Co Rd L31/195TH ST,Collision with:  Vehicle in traffic,On Roadway,Rear-end (front to rear),Followed too close,None Indicated,,Daylight,Dry,Cloudy,Work Zone (roadway-related),Intersection:  Four-way intersection,Paved,Yes,Minor Injury,0,1,0,1,0,0,6000,3,8,,POINT (-95.80403398521 41.046458946671)
2014805879,14-000771,06/30/2014,06-June,2-Monday,12:50,1200 Hours,District 1 (Central),,STORY,I-35,I-35,Collision with fixed object:  Ditch,On Roadway,Non-collision (single vehicle),Separation of units,None Indicated,,Daylight,Wet,Rain,None apparent,Interchange-related:  Off-ramp,Paved,,Property Damage Only,0,0,0,0,0,0,4000,1,2,,POINT (-93.569203721258 42.165269942023)
2014805769,14-9469,06/30/2014,06-June,2-Monday,15:20,1500 Hours,District 3 (Northwest),SPENCER,CLAY,US 18,US 18/N GRAND AVE & W 4TH ST & E 4TH ST,Collision with:  Parked motor vehicle,On Roadway,Rear-end (front to rear),Other (explain in narrative):  No improper action,None Indicated,,Daylight,Dry,Cloudy,None apparent,Intersection:  Four-way intersection,Paved,,Property Damage Only,0,0,0,0,0,0,2000,2,1,,POINT (-95.144684615441 43.141410204101)
2014806146,201409333,06/30/2014,06-June,2-Monday,18:45,1800 Hours,District 6 (East Central),CEDAR RAPIDS,LINN,,IOWA AVE SE & MEMORIAL DR SE,Non-collision events:  Other non-collision (explain in narrative),On Roadway,"Angle, oncoming left turn",FTYROW:  Making left turn,None Indicated,,Daylight,Wet,Rain,None apparent,Intersection:  T-intersection,Paved,,Property Damage Only,0,0,0,0,0,0,2500,2,3,,POINT (-91.628275668517 41.983191614891)
2014805846,20140018536,06/30/2014,06-June,2-Monday,16:51,1600 Hours,District 1 (Central),DES MOINES,POLK,,COURT AVE & 2ND AVE,Collision with:  Parked motor vehicle,On Roadway,Rear-end (front to rear),Driver Distraction:  Reaching for object(s)/fallen object(s),None Indicated,,Daylight,Dry,Cloudy,None apparent,Non-intersection:  Non-junction/no special feature,Paved,,Property Damage Only,0,0,0,0,0,0,9000,2,1,,POINT (-93.619209869286 41.585576115378)
2014806823,32051-14,06/30/2014,06-June,2-Monday,21:30,2100 Hours,District 3 (Northwest),,EMMET,,Co Rd N26/375 AVE,Collision with:  Animal,,,Animal,None Indicated,,,,,,,Paved,,Property Damage Only,0,0,0,0,0,0,2500,1,1,,POINT (-94.846741738334 43.426923392469)
2014808223,,06/30/2014,06-June,2-Monday,16:30,1600 Hours,District 2 (Northeast),,WINNEBAGO,,Co Rd A16/490TH ST,Non-collision events:  Other non-collision (explain in narrative),On Roadway,Non-collision (single vehicle),Swerving/Evasive Action,None Indicated,,Daylight,Dry,Unknown,None apparent,Non-intersection:  Non-junction/no special feature,Paved,,Property Damage Only,0,0,0,0,0,0,2000,1,1,,POINT (-93.82509598675 43.473158223846)
2014805795,14-22329,06/30/2014,06-June,2-Monday,09:14,0900 Hours,District 5 (Southeast),BURLINGTON,DES MOINES,,DIVISION ST & GUNNISON ST,Collision with:  Vehicle in traffic,On Roadway,Rear-end (front to rear),Followed too close,None Indicated,,Daylight,Dry,Cloudy,None apparent,Intersection:  Four-way intersection,Paved,,Property Damage Only,0,0,0,0,0,0,2000,2,2,,POINT (-91.117460366769 40.80767828512)
2014810982,14-04354,06/30/2014,06-June,2-Monday,13:00,1300 Hours,District 2 (Northeast),OELWEIN,FAYETTE,,1ST ST SW & 1ST AVE SW,Collision with fixed object:  Utility pole/light support,On Roadway,Non-collision (single vehicle),Improper Backing,None Indicated,,Daylight,Dry,Cloudy,None apparent,Intersection:  Other intersection (explain in narrative),Paved,,Property Damage Only,0,0,0,0,0,0,1550,1,1,,POINT (-91.914593732859 42.677078766163)
2014806090,14003917,06/30/2014,06-June,2-Monday,11:28,1100 Hours,District 2 (Northeast),MASON CITY,CERRO GORDO,,15TH ST NE & N CAROLINA AVE,Collision with:  Vehicle in traffic,On Roadway,Broadside (front to side),FTYROW:  From stop sign,None Indicated,,Daylight,Wet,Rain,None apparent,Intersection:  T-intersection,Paved,,Property Damage Only,0,0,0,0,0,0,9000,2,3,,POINT (-93.191184355757 43.166424845643)
2014806667,2014038149,06/30/2014,06-June,2-Monday,02:10,0200 Hours,District 4 (Southwest),WEST DES MOINES,DALLAS,,JORDAN CREEK PKWY,Collision with:  Vehicle in traffic,On Roadway,"Sideswipe, same direction",Made improper turn,None Indicated,,Dark - roadway lighted,Dry,Cloudy,None apparent,Non-intersection:  Non-junction/no special feature,Paved,,Property Damage Only,0,0,0,0,0,0,6500,2,3,,POINT (-93.80889322354 41.598827583504)
2014805527,14-4329,06/30/2014,06-June,2-Monday,02:58,0200 Hours,District 1 (Central),,POLK,US 65,US 65,Collision with:  Animal,,,Animal,None Indicated,,,,,,,Paved,,Property Damage Only,0,0,0,0,0,0,2000,1,1,,POINT (-93.406027684896 41.732010531136)
2014805975,20140018630,07/01/2014,07-July,3-Tuesday,15:09,1500 Hours,District 1 (Central),DES MOINES,POLK,US 69,US 69/E 15TH ST & E WALNUT ST,Collision with:  Vehicle in traffic,On Roadway,Rear-end (front to rear),Followed too close,None Indicated,,Daylight,Dry,Clear,None apparent,Non-intersection:  Non-junction/no special feature,Paved,,Property Damage Only,0,0,0,0,0,0,5000,3,7,,POINT (-93.594493128328 41.591822503026)
2014807570,2014038591,07/01/2014,07-July,3-Tuesday,17:20,1700 Hours,District 6 (East Central),CORALVILLE,JOHNSON,I-80,I-80,Collision with fixed object:  Concrete traffic barrier (median or right side),On Roadway,Non-collision (single vehicle),Equipment failure,None Indicated,,Daylight,Dry,Cloudy,None apparent,Non-intersection:  Non-junction/no special feature,Paved,,Property Damage Only,0,0,0,0,0,0,5000,1,2,,POINT (-91.568569540123 41.686072913859)
2014807817,14013634,07/01/2014,07-July,3-Tuesday,20:25,2000 Hours,District 6 (East Central),MARION,LINN,,WINDEMERE WAY,Collision with fixed object:  Other fixed object (explain in narrative),On Roadway,Non-collision (single vehicle),Other (explain in narrative):  Other,None Indicated,,Dusk,Dry,Clear,None apparent,Non-intersection:  Non-junction/no special feature,Paved,,Possible/Unknown,0,1,0,0,1,0,3700,1,1,,POINT (-91.565147304316 42.04533814742)
2014806474,14-003099,07/01/2014,07-July,3-Tuesday,16:33,1600 Hours,District 1 (Central),AMES,STORY,,24TH ST,Collision with:  Vehicle in traffic,On Roadway,Rear-end (front to rear),Other (explain in narrative):  Other,None Indicated,,Daylight,Dry,Cloudy,None apparent,Non-intersection:  Non-junction/no special feature,Paved,,Property Damage Only,0,0,0,0,0,0,5500,2,2,,POINT (-93.621458931878 42.045717392677)
2014824095,A390714-1576,07/01/2014,07-July,3-Tuesday,20:40,2000 Hours,District 4 (Southwest),,GUTHRIE,IA 44,IA 44/IOWA 44,Collision with:  Animal,,,Animal,None Indicated,,,,,,,Paved,,Property Damage Only,0,0,0,0,0,0,5000,1,1,,POINT (-94.430371443432 41.680573917573)
2014806266,W14-065868,07/01/2014,07-July,3-Tuesday,16:31,1600 Hours,District 2 (Northeast),WATERLOO,BLACK HAWK,IA 934,IA 934/UNIVERSITY AVE & SAGER AVE,Collision with:  Vehicle in traffic,On Roadway,"Angle, oncoming left turn",Crossed centerline (undivided),Drug,,Daylight,Dry,Clear,None apparent,Intersection:  Four-way intersection,Paved,,Possible/Unknown,0,3,0,0,3,0,6000,2,5,,POINT (-92.382482723492 42.497642208446)
2014807569,2014038560,07/01/2014,07-July,3-Tuesday,14:30,1400 Hours,District 6 (East Central),SHUEYVILLE,JOHNSON,I-380,I-380,Collision with fixed object:  Guardrail - face,Median,Non-collision (single vehicle),Swerving/Evasive Action,None Indicated,,Daylight,Dry,Cloudy,None apparent,Non-intersection:  Non-junction/no special feature,Paved,,Property Damage Only,0,0,0,0,0,0,11000,1,1,,POINT (-91.664978388394 41.840564518501)
2014805853,20140018609,07/01/2014,07-July,3-Tuesday,10:55,1000 Hours,District 1 (Central),DES MOINES,POLK,,SE 25TH ST,Collision with:  Parked motor vehicle,On Roadway,Broadside (front to side),Improper Backing,None Indicated,,Daylight,Dry,Clear,None apparent,Non-intersection:  Non-junction/no special feature,Paved,,Property Damage Only,0,0,0,0,0,0,1800,2,1,,POINT (-93.570902010871 41.546581350552)
2014808218,2014038624,07/01/2014,07-July,3-Tuesday,21:34,2100 Hours,District 3 (Northwest),,MONONA,I-29,I-29,Collision with:  Animal,,,Animal,None Indicated,,,,,,,Paved,,Property Damage Only,0,0,0,0,0,0,5000,1,1,,POINT (-96.147160160422 42.044829274105)
2014807615,14065813,07/01/2014,07-July,3-Tuesday,14:58,1400 Hours,District 2 (Northeast),CEDAR FALLS,BLACK HAWK,,UNIVERSITY AVE & DALLAS DR,Collision with:  Non-motorist (see non-motorist section - NOT a unit),On Roadway,Non-collision (single vehicle),Ran Stop Sign,None Indicated,,Daylight,Dry,Clear,None apparent,Intersection:  T-intersection,Paved,,Possible/Unknown,0,1,0,0,1,0,700,1,1,,POINT (-92.440943645664 42.513063088876)
2014806054,2014038383,07/01/2014,07-July,3-Tuesday,07:00,0700 Hours,District 1 (Central),URBANDALE,POLK,I-35,I-35,Collision with:  Vehicle in traffic,On Roadway,Rear-end (front to rear),Followed too close,None Indicated,,Daylight,Dry,Clear,None apparent,Interchange-related:  On-ramp,Paved,,Property Damage Only,0,0,0,0,0,0,13000,3,3,,POINT (-93.776307370095 41.649267160463)