Iowa DOT Case Number,Law Enforcement Case Number,Date of Crash,Month of Crash,Day of Week,Time of Crash,Hour,DOT District,City Name,County Name,Route with System,Location Description,First Harmful Event,Location of First Harmful Event,Manner of Crash/Collision,Major Cause,Drug or Alcohol ,Environmental Conditions,Light Conditions,Surface Conditions,Weather Conditions,Roadway Contribution,Roadway Type,Roadway Surface,Work Zone,Crash Severity,Number of Fatalities,Number of Injuries,Number of Major Injuries,Number of Minor Injuries,Number of Possible Injuries,Number of Unknown Injuries,Amount of Property Damage,Number of Vehicles Involved,Total Number of Occupants,Travel Direction,Location
2014806335,2014007169,07/02/2014,07-July,4-Wednesday,07:00,0700 Hours,District 6 (East Central),IOWA CITY,JOHNSON,,KESWICK DR & WESTGATE ST,Unknown,On Roadway,Broadside (front to side),Unknown,None Indicated,,Dawn,Dry,Cloudy,None apparent,Non-intersection:  Non-junction/no special feature,Paved,,Property Damage Only,0,0,0,0,0,0,1500,2,777,,POINT (-91.566698252436 41.652904359166)
2014809832,2014006658,07/02/2014,07-July,4-Wednesday,16:23,1600 Hours,District 1 (Central),MARSHALLTOWN,MARSHALL,,W SOUTHRIDGE RD & S CENTER ST,Collision with:  Vehicle in traffic,On Roadway,Broadside (front to side),FTYROW:  From stop sign,None Indicated,,Daylight,Dry,Clear,None apparent,Intersection:  Other intersection (explain in narrative),Paved,,Property Damage Only,0,0,0,0,0,0,9000,2,2,,POINT (-92.912663103872 42.017960045154)
2014806106,14-22657,07/02/2014,07-July,4-Wednesday,16:06,1600 Hours,District 5 (Southeast),BURLINGTON,DES MOINES,,AGENCY ST & W ROOSEVELT FRONTAGE,Collision with:  Vehicle in traffic,On Roadway,Rear-end (front to rear),Followed too close,None Indicated,,Daylight,Dry,Cloudy,None apparent,Non-intersection:  Non-junction/no special feature,Paved,,Property Damage Only,0,0,0,0,0,0,2000,2,3,,POINT (-91.144135452586 40.814866450097)
2014807077,14-4219,07/02/2014,07-July,4-Wednesday,01:00,0100 Hours,District 2 (Northeast),,KOSSUTH,US 18,US 18,Collision with:  Other non-fixed object (explain in narrative),On Roadway,Non-collision (single vehicle),Swerving/Evasive Action,Refused,,Dark - roadway not lighted,Dry,Clear,None apparent,Non-intersection:  Non-junction/no special feature,Paved,,Minor Injury,0,1,0,1,0,0,500,1,1,,POINT (-94.051303662181 43.084385237489)
2014806205,W14-066132,07/02/2014,07-July,4-Wednesday,09:56,0900 Hours,District 2 (Northeast),WATERLOO,BLACK HAWK,US 20,US 20 & US 63/SERGEANT RD,Collision with:  Vehicle in traffic,On Roadway,Rear-end (front to rear),FTYROW:  Other (explain in narrative),None Indicated,,Daylight,Dry,Clear,None apparent,Intersection:  T-intersection,Paved,,Possible/Unknown,0,1,0,0,1,0,9000,2,3,,POINT (-92.404966193095 42.458531576558)
2014806095,144619,07/02/2014,07-July,4-Wednesday,00:51,0000 Hours,District 4 (Southwest),,DALLAS,I-80,I-80,Non-collision events:  Overturn/rollover,On Roadway,Non-collision (single vehicle),Swerving/Evasive Action,Refused,,Dark - roadway lighted,Dry,Clear,None apparent,Interchange-related:  On-ramp merge area,Paved,,Possible/Unknown,0,2,0,0,2,0,11342,1,2,,POINT (-94.197827996475 41.512315179554)
2014806710,2014038825,07/02/2014,07-July,4-Wednesday,18:37,1800 Hours,District 5 (Southeast),,DAVIS,,Co Rd J15/FLORIS RD,Collision with:  Vehicle in traffic,On Roadway,"Sideswipe, opposite direction",Crossed centerline (undivided),None Indicated,,Daylight,Wet,Rain,None apparent,Non-intersection:  Non-junction/no special feature,Paved,,Fatal,1,2,2,0,0,0,13000,2,3,,POINT (-92.296768498498 40.885827997399)
2014806709,2014038674,07/02/2014,07-July,4-Wednesday,08:25,0800 Hours,District 2 (Northeast),,FAYETTE,,25TH ST,Non-collision events:  Overturn/rollover,Shoulder,Non-collision (single vehicle),Crossed centerline (undivided),None Indicated,,Daylight,Dry,Clear,None apparent,Non-intersection:  Non-junction/no special feature,Paved,,Minor Injury,0,1,0,1,0,0,2500,1,1,,POINT (-91.939033923864 42.66379953882)
2014806624,14-7623,07/02/2014,07-July,4-Wednesday,00:25,0000 Hours,District 3 (Northwest),GRANVILLE,SIOUX,,PINE ST,Collision with:  Vehicle in traffic,On Roadway,Unknown,"Operating vehicle in an reckless, erratic, careless, negligent manner",None Indicated,,Dark - roadway not lighted,Dry,Clear,None apparent,Non-intersection:  Alley,Paved,,Property Damage Only,0,0,0,0,0,0,6850,2,1,,POINT (-95.875583819437 42.984783027587)
2014806449,2014-44517,07/02/2014,07-July,4-Wednesday,15:07,1500 Hours,District 6 (East Central),DAVENPORT,SCOTT,,E LOCUST ST & BROADLAWN AVE,Collision with:  Vehicle in traffic,On Roadway,"Angle, oncoming left turn",FTYROW:  Making left turn,None Indicated,,Daylight,Dry,Cloudy,None apparent,Intersection:  T-intersection,Paved,,Property Damage Only,0,0,0,0,0,0,8000,2,2,,POINT (-90.524051504208 41.538484920711)
2014810241,2014-003832,07/02/2014,07-July,4-Wednesday,20:16,2000 Hours,District 6 (East Central),,BENTON,,Co Rd V66/21 AVE,Non-collision events:  Overturn/rollover,Outside trafficway,Non-collision (single vehicle),Lost Control,None Indicated,,Dusk,Wet,Clear,None apparent,Non-intersection:  Non-junction/no special feature,Paved,,Property Damage Only,0,0,0,0,0,0,3500,1,2,,POINT (-92.084158622736 41.886328492008)
2014806768,9578-14,07/02/2014,07-July,4-Wednesday,13:34,1300 Hours,District 3 (Northwest),SPENCER,CLAY,US 18,US 18/N GRAND AVE & W 3RD ST & E 3RD ST,Collision with:  Vehicle in traffic,On Roadway,"Sideswipe, opposite direction",Crossed centerline (undivided),None Indicated,,Daylight,Dry,Cloudy,None apparent,Intersection:  Four-way intersection,Paved,,Minor Injury,0,1,0,1,0,0,3800,2,2,,POINT (-95.144649057876 43.140393368082)
2014806016,2014-44476,07/02/2014,07-July,4-Wednesday,11:55,1100 Hours,District 6 (East Central),DAVENPORT,SCOTT,,IA 461/HARRISON ST & W 4TH ST,Collision with:  Vehicle in traffic,On Roadway,"Sideswipe, same direction",Unknown,None Indicated,,Daylight,Dry,Cloudy,None apparent,Non-intersection:  Non-junction/no special feature,Paved,,Property Damage Only,0,0,0,0,0,0,7500,2,2,,POINT (-90.577017482138 41.523537329018)
2014806201,14-21025,07/02/2014,07-July,4-Wednesday,23:12,2300 Hours,District 3 (Northwest),SIOUX CITY,WOODBURY,US 75,US 75,Collision with:  Animal,On Roadway,Non-collision (single vehicle),Animal,None Indicated,,Dark - roadway not lighted,Dry,Clear,None apparent,Non-intersection:  Non-junction/no special feature,Paved,,Property Damage Only,0,0,0,0,0,0,1500,1,3,,POINT (-96.335572709433 42.515053334905)
2014806757,14011008,07/02/2014,07-July,4-Wednesday,21:48,2100 Hours,District 2 (Northeast),MASON CITY,CERRO GORDO,,BIRCH DR,Collision with:  Vehicle in traffic,On Roadway,"Sideswipe, same direction",Followed too close,None Indicated,,Dusk,Dry,Clear,None apparent,Non-intersection:  Non-junction/no special feature,Paved,,Property Damage Only,0,0,0,0,0,0,3000,2,2,,POINT (-93.182574345883 43.158613710355)
2014806328,14-170702-01,07/02/2014,07-July,4-Wednesday,15:55,1500 Hours,District 6 (East Central),,IOWA,,Co Rd F67/PP AVE,Collision with fixed object:  Ditch,On Roadway,Non-collision (single vehicle),Driving too fast for conditions,None Indicated,,Daylight,Wet,Rain,"Surface condition (e.g., wet, icy)",Non-intersection:  Non-junction/no special feature,Paved,,Property Damage Only,0,0,0,0,0,0,3500,1,1,,POINT (-91.989467100076 41.526516543164)
2014806257,2014038658,07/02/2014,07-July,4-Wednesday,06:10,0600 Hours,District 5 (Southeast),,WARREN,I-35,I-35,Collision with fixed object:  Bridge overhead structure,On Roadway,Non-collision (single vehicle),Crossed centerline (undivided),None Indicated,,Daylight,Dry,Clear,None apparent,Non-intersection:  Other non-intersection (explain in narrative),Paved,,Property Damage Only,0,0,0,0,0,0,5000,1,1,,POINT (-93.780148744768 41.419699180865)
2014806313,P14-007761,07/02/2014,07-July,4-Wednesday,11:09,1100 Hours,District 1 (Central),WEBSTER CITY,HAMILTON,,1ST ST & BROADWAY ST,Collision with:  Vehicle in traffic,On Roadway,Broadside (front to side),Ran Stop Sign,None Indicated,,Daylight,Dry,Cloudy,None apparent,Intersection:  Four-way intersection,Paved,,Property Damage Only,0,0,0,0,0,0,8800,2,2,,POINT (-93.826384063069 42.46856149671)
2014809888,2014006643,07/02/2014,07-July,4-Wednesday,08:23,0800 Hours,District 1 (Central),MARSHALLTOWN,MARSHALL,IA 14,IA 14/S CENTER ST/E ANSON ST & W ANSON ST,Collision with:  Vehicle in traffic,On Roadway,Broadside (front to side),Ran Traffic Signal,None Indicated,,Daylight,Dry,Cloudy,None apparent,Intersection:  Four-way intersection,Paved,,Property Damage Only,0,0,0,0,0,0,2300,2,3,,POINT (-92.912744210491 42.038143948022)
2014806182,14-027497,07/02/2014,07-July,4-Wednesday,18:54,1800 Hours,District 4 (Southwest),COUNCIL BLUFFS,POTTAWATTAMIE,,AVE C,Collision with:  Vehicle in traffic,On Roadway,Rear-end (front to rear),Other (explain in narrative):  Other,None Indicated,,Daylight,Dry,Cloudy,None apparent,Non-intersection:  Non-junction/no special feature,Paved,,Property Damage Only,0,0,0,0,0,0,1500,2,777,,POINT (-95.872793776311 41.264557845821)
2014806190,14HPD0064,07/02/2014,07-July,4-Wednesday,16:55,1600 Hours,District 3 (Northwest),IRETON,SIOUX,,4TH ST & MAIN ST,Collision with:  Vehicle in traffic,On Roadway,Broadside (front to side),FTYROW:  From stop sign,None Indicated,,Daylight,Dry,Clear,None apparent,Intersection:  Four-way intersection,Paved,,Property Damage Only,0,0,0,0,0,0,8000,2,2,,POINT (-96.318270504053 42.974837899161)
2014805968,20140018695,07/02/2014,07-July,4-Wednesday,07:30,0700 Hours,District 1 (Central),DES MOINES,POLK,US 69,US 69/SE 14TH ST & E ARMY POST RD,Collision with:  Vehicle in traffic,On Roadway,Rear-end (front to rear),Lost Control,None Indicated,,Daylight,Dry,Cloudy,None apparent,Non-intersection:  Non-junction/no special feature,Paved,,Property Damage Only,0,0,0,0,0,0,10464,2,4,,POINT (-93.596781446152 41.526282526236)
2014806155,201409440,07/02/2014,07-July,4-Wednesday,16:52,1600 Hours,District 6 (East Central),CEDAR RAPIDS,LINN,,JOHNSON AVE SW & WEST POST RD SW,Collision with:  Vehicle in traffic,On Roadway,Broadside (front to side),Ran Stop Sign,None Indicated,,Daylight,Dry,Cloudy,None apparent,Intersection:  Four-way intersection,Paved,,Property Damage Only,0,0,0,0,0,0,9500,2,2,,POINT (-91.740398769544 41.965752344682)
2014806193,14S01020,07/02/2014,07-July,4-Wednesday,14:40,1400 Hours,District 4 (Southwest),,UNION,,2 LAKES DR,Collision with:  Vehicle in traffic,On Roadway,Head-on (front to front),FTYROW:  Other (explain in narrative),None Indicated,,Daylight,Dry,Cloudy,None apparent,Non-intersection:  Non-junction/no special feature,Unpaved,,Minor Injury,0,2,0,1,1,0,12000,2,2,,POINT (-94.228602803749 41.052786934669)
2014806085,14-6811,07/02/2014,07-July,4-Wednesday,17:36,1700 Hours,District 3 (Northwest),CARROLL,CARROLL,US 30,US 30/6TH ST,Collision with:  Vehicle in traffic,On Roadway,Rear-end (front to rear),Lost Control,None Indicated,,Daylight,Dry,Cloudy,None apparent,Non-intersection:  Non-junction/no special feature,Paved,,Possible/Unknown,0,1,0,0,1,0,15000,3,3,,POINT (-94.862377925269 42.064367688243)
2014806494,14-0367,07/02/2014,07-July,4-Wednesday,22:10,2200 Hours,District 1 (Central),,WEBSTER,,,Collision with:  Animal,,,Animal,None Indicated,,,,,,,,,Property Damage Only,0,0,0,0,0,0,3800,1,1,,POINT (-96.643700149993 40.233091251414)
2014810078,14-12242,07/02/2014,07-July,4-Wednesday,22:00,2200 Hours,District 2 (Northeast),,BREMER,,Co Rd C50/275TH ST,Collision with:  Animal,,,Animal,None Indicated,,,,,,,Paved,,Property Damage Only,0,0,0,0,0,0,4000,1,1,,POINT (-92.406503253643 42.64958757622)
2014806169,20140018752,07/02/2014,07-July,4-Wednesday,16:24,1600 Hours,District 1 (Central),DES MOINES,POLK,,HUBBELL AVE & E 33RD ST,Collision with:  Vehicle in traffic,On Roadway,Rear-end (front to rear),Unknown,None Indicated,,Daylight,Dry,Cloudy,None apparent,Intersection:  Four-way intersection,Paved,,Property Damage Only,0,0,0,0,0,0,1600,2,2,,POINT (-93.551525996082 41.625489514646)
2014807593,,07/02/2014,07-July,4-Wednesday,21:30,2100 Hours,District 2 (Northeast),,ALLAMAKEE,IA 9,IA 9/IOWA 9,Collision with:  Animal,On Roadway,Non-collision (single vehicle),Animal,None Indicated,,Dark - roadway not lighted,Dry,Clear,,Non-intersection:  Non-junction/no special feature,Paved,,Property Damage Only,0,0,0,0,0,0,2314,1,1,,POINT (-91.541291961297 43.240460418555)
2014805972,20140018716,07/02/2014,07-July,4-Wednesday,11:20,1100 Hours,District 1 (Central),DES MOINES,POLK,US 69,US 69/SE 14TH ST & E BELL AVE,Collision with:  Vehicle in traffic,On Roadway,"Sideswipe, same direction",Made improper turn,None Indicated,,Daylight,Dry,Cloudy,None apparent,Non-intersection:  Non-junction/no special feature,Paved,,Property Damage Only,0,0,0,0,0,0,5000,2,4,,POINT (-93.596947329098 41.562572175875)
2014806334,2014007167,07/02/2014,07-July,4-Wednesday,15:14,1500 Hours,District 6 (East Central),IOWA CITY,JOHNSON,,MELROSE AVE & WESTGATE ST,Collision with:  Vehicle in traffic,On Roadway,Broadside (front to side),FTYROW:  From stop sign,None Indicated,,Daylight,Dry,Cloudy,None apparent,Intersection:  T-intersection,Paved,,Property Damage Only,0,0,0,0,0,0,8000,2,3,,POINT (-91.566617959489 41.655983710347)
2014814000,070214-160,07/02/2014,07-July,4-Wednesday,17:05,1700 Hours,District 3 (Northwest),,BUENA VISTA,,120TH AVE & 650TH ST,Non-collision events:  Overturn/rollover,On Roadway,Non-collision (single vehicle),Ran off road - right,Alcohol (Statutory),,Daylight,"Mud, dirt",Clear,None apparent,Non-intersection:  Non-junction/no special feature,Unpaved,,Minor Injury,0,1,0,1,0,0,10200,1,1,,POINT (-95.170724641602 42.575497183823)
2014806570,PD1405612,07/02/2014,07-July,4-Wednesday,16:10,1600 Hours,District 5 (Southeast),FAIRFIELD,JEFFERSON,,W BURLINGTON AVE,Collision with:  Vehicle in traffic,On Roadway,Rear-end (front to rear),Lost Control,None Indicated,,Daylight,Dry,Cloudy,None apparent,Non-intersection:  Non-junction/no special feature,Paved,,Property Damage Only,0,0,0,0,0,0,10000,3,3,,POINT (-91.967604590351 41.006627249008)
2014811421,14066055,07/02/2014,07-July,4-Wednesday,01:00,0100 Hours,District 2 (Northeast),CEDAR FALLS,BLACK HAWK,US 218,US 218,Collision with:  Animal,On Roadway,Non-collision (single vehicle),Animal,None Indicated,,Dark - roadway not lighted,Dry,Clear,None apparent,Non-intersection:  Non-junction/no special feature,Paved,,Possible/Unknown,0,1,0,0,1,0,4000,1,3,,POINT (-92.427883393729 42.570275360433)
2014809168,14-003780,07/02/2014,07-July,4-Wednesday,22:38,2200 Hours,District 3 (Northwest),,OBRIEN,,Co Rd L54/TAFT AVE,Collision with:  Animal,,,Animal,None Indicated,,,,,,,Paved,,Property Damage Only,0,0,0,0,0,0,2500,1,1,,POINT (-95.564378672538 43.015109186926)
2014806259,2014038850,07/02/2014,07-July,4-Wednesday,22:35,2200 Hours,District 5 (Southeast),,WARREN,,Co Rd G50/HWY G50,Collision with:  Animal,,,Animal,None Indicated,,,,,,,Paved,,Property Damage Only,0,0,0,0,0,0,2500,1,1,,POINT (-93.773649513749 41.293384823249)
2014806116,01-14-28873,07/02/2014,07-July,4-Wednesday,10:08,1000 Hours,District 6 (East Central),DUBUQUE,DUBUQUE,US 20,US 20/DODGE ST,Non-collision events:  Overturn/rollover,On Roadway,Non-collision (single vehicle),Lost Control,None Indicated,,Daylight,Dry,Cloudy,None apparent,Non-intersection:  Crossover-related,Paved,,Property Damage Only,0,0,0,0,0,0,10000,1,1,,POINT (-90.77081989157 42.462736238761)
2014806093,14004050,07/02/2014,07-July,4-Wednesday,20:58,2000 Hours,District 2 (Northeast),,CERRO GORDO,,Co Rd S34/KILLDEER AVE,Collision with:  Animal,On Roadway,Non-collision (single vehicle),Animal,None Indicated,,Dark - roadway not lighted,Dry,Clear,None apparent,Non-intersection:  Non-junction/no special feature,Paved,,Property Damage Only,0,0,0,0,0,0,4000,1,1,,POINT (-93.299722968236 43.229027289027)
2014806160,14-4403,07/02/2014,07-July,4-Wednesday,14:00,1400 Hours,District 1 (Central),,POLK,,NE 46TH ST,Collision with:  Animal,On Roadway,Non-collision (single vehicle),Animal,None Indicated,,Daylight,Wet,Rain,None apparent,Non-intersection:  Non-junction/no special feature,Paved,,Minor Injury,0,1,0,1,0,0,5000,1,4,,POINT (-93.522252024477 41.742016257919)
2014806198,14-20927,07/02/2014,07-July,4-Wednesday,08:09,0800 Hours,District 3 (Northwest),SIOUX CITY,WOODBURY,,INDIAN HILLS DR,Collision with:  Vehicle in traffic,On Roadway,Rear-end (front to rear),Followed too close,None Indicated,,Daylight,Dry,Cloudy,None apparent,Non-intersection:  Non-junction/no special feature,Paved,,Property Damage Only,0,0,0,0,0,0,5000,2,2,,POINT (-96.391684290954 42.531926742297)
2014806117,01-14-28886,07/02/2014,07-July,4-Wednesday,11:40,1100 Hours,District 6 (East Central),DUBUQUE,DUBUQUE,,PENNSYLVANIA AVE,Collision with:  Vehicle in traffic,On Roadway,"Sideswipe, same direction",Improper or erratic lane changing,None Indicated,,Daylight,Dry,Cloudy,None apparent,Non-intersection:  Non-junction/no special feature,Paved,,Property Damage Only,0,0,0,0,0,0,3000,2,5,,POINT (-90.722589243085 42.500474260436)
2014806158,20141048,07/02/2014,07-July,4-Wednesday,13:32,1300 Hours,District 6 (East Central),MOUNT VERNON,LINN,,A AVE SE,Collision with:  Vehicle in traffic,On Roadway,Broadside (front to side),FTYROW:  From driveway,None Indicated,,Daylight,Dry,Cloudy,None apparent,Non-intersection:  Driveway access (within),Paved,,Property Damage Only,0,0,0,0,0,0,1900,2,2,,POINT (-91.419275611638 41.918287479139)
2014806115,01-14-28852,07/02/2014,07-July,4-Wednesday,09:00,0900 Hours,District 6 (East Central),DUBUQUE,DUBUQUE,IA 32,IA 32/IA32 NW ARTERIAL & PENNSYLVANIA AVE,Collision with:  Vehicle in traffic,On Roadway,Rear-end (front to rear),Lost Control,None Indicated,,Daylight,Dry,Cloudy,None apparent,Intersection:  Four-way intersection,Paved,,Property Damage Only,0,0,0,0,0,0,3000,2,2,,POINT (-90.740752968148 42.500969022354)
2014807618,14066249,07/02/2014,07-July,4-Wednesday,16:52,1600 Hours,District 2 (Northeast),CEDAR FALLS,BLACK HAWK,,20TH ST & COLLEGE ST,Collision with:  Vehicle in traffic,On Roadway,Broadside (front to side),FTYROW:  From stop sign,None Indicated,,Daylight,Dry,Cloudy,None apparent,Intersection:  T-intersection,Paved,,Property Damage Only,0,0,0,0,0,0,7000,2,2,,POINT (-92.45581267714 42.519402709623)
2014807193,2014-44542,07/02/2014,07-July,4-Wednesday,15:37,1500 Hours,District 6 (East Central),DAVENPORT,SCOTT,,,Collision with fixed object:  Other fixed object (explain in narrative),Outside trafficway,Non-collision (single vehicle),Exceeded authorized speed,None Indicated,,Daylight,Dry,Cloudy,None apparent,Non-intersection:  Non-junction/no special feature,,,Property Damage Only,0,0,0,0,0,0,10100,1,4,,POINT (-96.643700149993 40.233091251414)
2014806206,W14-066348,07/02/2014,07-July,4-Wednesday,20:40,2000 Hours,District 2 (Northeast),WATERLOO,BLACK HAWK,,TERRACE DR & KIMBALL AVE,Collision with:  Vehicle in traffic,On Roadway,"Sideswipe, same direction",FTYROW:  From stop sign,None Indicated,,Daylight,Dry,Clear,None apparent,Intersection:  Four-way intersection,Paved,,Property Damage Only,0,0,0,0,0,0,5000,2,3,,POINT (-92.357034628129 42.473951962391)
2014808295,14-019710,07/02/2014,07-July,4-Wednesday,03:27,0300 Hours,District 5 (Southeast),,LEE,US 218,US 218,Collision with:  Animal,,Non-collision (single vehicle),Animal,None Indicated,,,,,,,Paved,,Property Damage Only,0,0,0,0,0,0,1800,1,1,,POINT (-91.563861106957 40.763537175762)
2014806870,S14-002461,07/02/2014,07-July,4-Wednesday,13:10,1300 Hours,District 4 (Southwest),COUNCIL BLUFFS,POTTAWATTAMIE,,Co Rd L31/192ND ST,Collision with fixed object:  Ditch,On Roadway,Non-collision (single vehicle),Ran off road - right,None Indicated,,Daylight,Dry,Cloudy,None apparent,Non-intersection:  Non-junction/no special feature,Unpaved,,Property Damage Only,0,0,0,0,0,0,15000,1,1,,POINT (-95.818274985516 41.212804542067)
2014806181,14-027385,07/02/2014,07-July,4-Wednesday,09:08,0900 Hours,District 4 (Southwest),COUNCIL BLUFFS,POTTAWATTAMIE,,32ND AVE & DIAL DR,Collision with:  Vehicle in traffic,On Roadway,"Sideswipe, same direction",Made improper turn,None Indicated,,Daylight,Dry,Cloudy,None apparent,Intersection:  Four-way intersection,Paved,,Possible/Unknown,0,1,0,0,1,0,3010,2,5,,POINT (-95.849584284365 41.22820895159)
2014805969,20140018700,07/02/2014,07-July,4-Wednesday,07:55,0700 Hours,District 1 (Central),DES MOINES,POLK,,FLEUR DR,Collision with:  Vehicle in traffic,On Roadway,"Angle, oncoming left turn",Made improper turn,None Indicated,,Daylight,Dry,Cloudy,None apparent,Non-intersection:  Non-junction/no special feature,Paved,,Property Damage Only,0,0,0,0,0,0,2000,2,2,,POINT (-93.644994108614 41.560502232376)
2014816374,,07/02/2014,07-July,4-Wednesday,15:07,1500 Hours,District 2 (Northeast),CLEAR LAKE,CERRO GORDO,US 18,US 18 & 7TH AVE N & N 24TH ST,Collision with:  Vehicle in traffic,On Roadway,"Angle, oncoming left turn",Ran Traffic Signal,None Indicated,,Daylight,Dry,Clear,,Intersection:  Four-way intersection,Paved,,Property Damage Only,0,0,0,0,0,0,4900,2,3,,POINT (-93.35941486197 43.145723165894)
2014805978,14-3117,07/02/2014,07-July,4-Wednesday,07:48,0700 Hours,District 4 (Southwest),WEST DES MOINES,DALLAS,,UNIVERSITY AVE,Collision with:  Vehicle in traffic,On Roadway,Rear-end (front to rear),Driving too fast for conditions,None Indicated,,Daylight,Dry,Cloudy,None apparent,Non-intersection:  Non-junction/no special feature,Paved,,Property Damage Only,0,0,0,0,0,0,3500,3,3,,POINT (-93.810401651927 41.600465275132)
2014807063,S14-6533,07/02/2014,07-July,4-Wednesday,13:55,1300 Hours,District 3 (Northwest),,WOODBURY,,Co Rd D38/220TH ST & KOSSUTH AVE,Collision with:  Animal,,,Animal,None Indicated,,,,,,,Paved,,Property Damage Only,0,0,0,0,0,0,1600,1,1,,POINT (-95.941526300467 42.385550708976)
2014806333,2014007158,07/02/2014,07-July,4-Wednesday,08:01,0800 Hours,District 6 (East Central),IOWA CITY,JOHNSON,I-80,I-80 & N DUBUQUE ST,Collision with:  Vehicle in traffic,On Roadway,Rear-end (front to rear),Followed too close,None Indicated,,Daylight,Dry,Clear,None apparent,Intersection:  Intersection with ramp,Paved,,Property Damage Only,0,0,0,0,0,0,6200,2,3,,POINT (-91.53898668876 41.685583491264)
2014806258,2014038761,07/02/2014,07-July,4-Wednesday,13:17,1300 Hours,District 4 (Southwest),,FREMONT,I-29,I-29,Collision with:  Animal,,,Animal,None Indicated,,,,,,,Paved,,Property Damage Only,0,0,0,0,0,0,3000,1,1,,POINT (-95.776930493912 40.681408061282)
2014806489,2014-13972,07/02/2014,07-July,4-Wednesday,07:46,0700 Hours,District 5 (Southeast),INDIANOLA,WARREN,,Co Rd R63/HWY R63,Collision with fixed object:  Other fixed object (explain in narrative),Shoulder,Non-collision (single vehicle),Crossed centerline (undivided),None Indicated,,Daylight,Other (explain in narrative),Cloudy,"Shoulders (none, low, soft, high)",Non-intersection:  Non-junction/no special feature,Paved,,Minor Injury,0,1,0,1,0,0,18000,1,1,,POINT (-93.606715447958 41.331902700841)
2014806872,S14-002468,07/02/2014,07-July,4-Wednesday,17:10,1700 Hours,District 4 (Southwest),,POTTAWATTAMIE,,Co Rd L35/WABASH AVE,Collision with:  Animal,,,Animal,None Indicated,,,,,,,Paved,,Property Damage Only,0,0,0,0,0,0,3000,1,1,,POINT (-95.804856614803 41.213906962631)
2014806200,14-20968,07/02/2014,07-July,4-Wednesday,15:55,1500 Hours,District 3 (Northwest),SIOUX CITY,WOODBURY,I-29,I-29,Collision with:  Vehicle in traffic,On Roadway,Rear-end (front to rear),Followed too close,None Indicated,,Daylight,Dry,Clear,Work Zone (roadway-related),Non-intersection:  Non-junction/no special feature,Paved,Yes,Property Damage Only,0,0,0,0,0,0,2500,3,3,,POINT (-96.376538633303 42.453071835034)
2014807027,20140018823,07/02/2014,07-July,4-Wednesday,16:10,1600 Hours,District 1 (Central),DES MOINES,POLK,,COLLEGE AVE & 27TH ST,Collision with:  Parked motor vehicle,On Roadway,"Sideswipe, same direction",Other (explain in narrative):  Other,None Indicated,,Daylight,Dry,Unknown,None apparent,Intersection:  Other intersection (explain in narrative),Paved,,Property Damage Only,0,0,0,0,0,0,1500,2,777,,POINT (-93.65356931643 41.608147204365)
2014805980,14-3116,07/02/2014,07-July,4-Wednesday,01:49,0100 Hours,District 4 (Southwest),WEST DES MOINES,DALLAS,,68TH ST,Collision with fixed object:  Curb/island/raised median,On Roadway,Non-collision (single vehicle),"Operating vehicle in an reckless, erratic, careless, negligent manner",Alcohol (Statutory),,Dark - roadway lighted,Dry,Clear,None apparent,Intersection:  Four-way intersection,Paved,,Property Damage Only,0,0,0,0,0,0,5500,1,2,,POINT (-93.799892552338 41.573472207754)
2014807355,201402249,07/02/2014,07-July,4-Wednesday,07:35,0700 Hours,District 6 (East Central),,LINN,,Co Rd E48/WEST MT VERNON RD,Collision with:  Non-motorist (see non-motorist section - NOT a unit),On Roadway,Non-collision (single vehicle),FTYROW:  To pedestrian,None Indicated,,Daylight,Dry,Cloudy,None apparent,Non-intersection:  Non-junction/no special feature,Paved,,Minor Injury,0,1,0,1,0,0,1300,1,1,,POINT (-91.490615436708 41.967900277989)
2014806441,14-12456,07/02/2014,07-July,4-Wednesday,19:52,1900 Hours,District 6 (East Central),BETTENDORF,SCOTT,,MIDDLE RD & FAIRMEADOWS DR,Collision with:  Vehicle in traffic,On Roadway,Rear-end (front to rear),Followed too close,None Indicated,,Daylight,Dry,Clear,None apparent,Intersection:  T-intersection,Paved,,Property Damage Only,0,0,0,0,0,0,5500,2,2,,POINT (-90.504018116621 41.545103548101)
2014807733,2014038656,07/02/2014,07-July,4-Wednesday,04:20,0400 Hours,District 1 (Central),,POWESHIEK,I-80,I-80,Collision with:  Animal,,,Animal,None Indicated,,,,,,,Paved,,Property Damage Only,0,0,0,0,0,0,4000,1,1,,POINT (-92.353514129744 41.695556586763)
2014806173,20140018737,07/02/2014,07-July,4-Wednesday,15:01,1500 Hours,District 1 (Central),DES MOINES,POLK,,INGERSOLL AVE,Collision with:  Vehicle in traffic,On Roadway,Broadside (front to side),FTYROW:  Making left turn,None Indicated,,Daylight,Dry,Cloudy,None apparent,Non-intersection:  Driveway access (within),Paved,,Property Damage Only,0,0,0,0,0,0,4500,2,3,,POINT (-93.663282956847 41.586330105666)
2014807942,2014007180,07/02/2014,07-July,4-Wednesday,21:35,2100 Hours,District 6 (East Central),IOWA CITY,JOHNSON,US 6,US 6/S RIVERSIDE DR & IOWA AVE & NEWTON RD,Non-collision events:  Other non-collision (explain in narrative),On Roadway,Non-collision (single vehicle),Lost Control,None Indicated,,Dark - roadway lighted,"Mud, dirt",Cloudy,"Surface condition (e.g., wet, icy)",Non-intersection:  Non-junction/no special feature,Paved,,Minor Injury,0,1,0,1,0,0,100,1,1,,POINT (-91.542179699009 41.661233528157)
2014809986,14-12172,07/02/2014,07-July,4-Wednesday,04:35,0400 Hours,District 2 (Northeast),,BREMER,US 218,US 218,Collision with:  Animal,,,Animal,None Indicated,,,,,,,Paved,,Property Damage Only,0,0,0,0,0,0,2500,1,1,,POINT (-92.534186512107 42.770050449031)