Iowa DOT Case Number,Law Enforcement Case Number,Date of Crash,Month of Crash,Day of Week,Time of Crash,Hour,DOT District,City Name,County Name,Route with System,Location Description,First Harmful Event,Location of First Harmful Event,Manner of Crash/Collision,Major Cause,Drug or Alcohol ,Environmental Conditions,Light Conditions,Surface Conditions,Weather Conditions,Roadway Contribution,Roadway Type,Roadway Surface,Work Zone,Crash Severity,Number of Fatalities,Number of Injuries,Number of Major Injuries,Number of Minor Injuries,Number of Possible Injuries,Number of Unknown Injuries,Amount of Property Damage,Number of Vehicles Involved,Total Number of Occupants,Travel Direction,Location
2014806671,2014038982,07/03/2014,07-July,5-Thursday,15:56,1500 Hours,District 2 (Northeast),,WINNESHIEK,,Co Rd W34/NORTH WINN RD,Collision with fixed object:  Ditch,On Roadway,Non-collision (single vehicle),Lost Control,None Indicated,,Daylight,Dry,Clear,None apparent,Non-intersection:  Non-junction/no special feature,Paved,,Minor Injury,0,1,0,1,0,0,6000,1,1,,POINT (-91.809501122826 43.42217876998)
2014806519,,07/03/2014,07-July,5-Thursday,16:00,1600 Hours,District 1 (Central),MADRID,BOONE,IA 17,IA 17/S KENNEDY AVE & SOUTHERN PRAIRIE DR,Collision with:  Vehicle in traffic,On Roadway,"Angle, oncoming left turn",FTYROW:  Other (explain in narrative),None Indicated,,Daylight,Dry,Clear,None apparent,Intersection:  Four-way intersection,Paved,,Property Damage Only,0,0,0,0,0,0,10000,2,2,,POINT (-93.815695826229 41.867691967446)
2014806459,2014-44912,07/03/2014,07-July,5-Thursday,17:09,1700 Hours,District 6 (East Central),DAVENPORT,SCOTT,,IA 461/BRADY ST,Collision with:  Vehicle in traffic,On Roadway,Rear-end (front to rear),Other (explain in narrative):  Other,None Indicated,,Daylight,Dry,Clear,None apparent,Non-intersection:  Non-junction/no special feature,Paved,,Property Damage Only,0,0,0,0,0,0,2000,2,3,,POINT (-90.568324179616 41.559478399918)
2014816922,,07/03/2014,07-July,5-Thursday,17:04,1700 Hours,District 2 (Northeast),CLEAR LAKE,CERRO GORDO,,4TH AVE S,Collision with:  Vehicle in traffic,On Roadway,Broadside (front to side),FTYROW:  Making left turn,None Indicated,,Daylight,Dry,Clear,None apparent,Non-intersection:  Driveway access (within),Paved,,Possible/Unknown,0,2,0,0,2,0,18000,2,2,,POINT (-93.354168203965 43.133718041507)
2014806336,2014007191,07/03/2014,07-July,5-Thursday,09:49,0900 Hours,District 6 (East Central),IOWA CITY,JOHNSON,IA 1,IA 1/DODGE ST & N SUMMIT ST & PRAIRIE DU CHIEN RD,Collision with:  Vehicle in traffic,On Roadway,Rear-end (front to rear),Followed too close,None Indicated,,Daylight,Dry,Clear,None apparent,Intersection:  Four-way intersection,Paved,,Property Damage Only,0,0,0,0,0,0,5500,2,3,,POINT (-91.521175131921 41.675304029767)
2014806233,14-3144,07/03/2014,07-July,5-Thursday,15:45,1500 Hours,District 1 (Central),WEST DES MOINES,POLK,,GRAND AVE,Collision with:  Vehicle in traffic,On Roadway,"Sideswipe, same direction",FTYROW:  Making left turn,None Indicated,,Daylight,Dry,Clear,None apparent,Non-intersection:  Driveway access (within),Paved,,Property Damage Only,0,0,0,0,0,0,1500,2,2,,POINT (-93.705053666288 41.582685807893)
2014807691,14007831,07/03/2014,07-July,5-Thursday,05:30,0500 Hours,District 1 (Central),,TAMA,,160TH ST,Collision with:  Animal,,Non-collision (single vehicle),Animal,None Indicated,,,,,,,Unpaved,,Property Damage Only,0,0,0,0,0,0,2000,1,1,,POINT (-92.602141849924 42.210258306037)
2014828315,14070035,07/03/2014,07-July,5-Thursday,13:55,1300 Hours,District 5 (Southeast),,WAPELLO,,110TH AVE,Collision with fixed object:  Ditch,Shoulder,Non-collision (single vehicle),Swerving/Evasive Action,None Indicated,,Daylight,"Mud, dirt",Clear,None apparent,Non-intersection:  Non-junction/no special feature,Unpaved,,Property Damage Only,0,0,0,0,0,0,2000,1,2,,POINT (-92.371371257016 40.972197665222)
2014806672,2014039032,07/03/2014,07-July,5-Thursday,20:31,2000 Hours,District 2 (Northeast),,FLOYD,IA 14,IA 14/7 MILE RD & MARCH AVE,Collision with:  Non-motorist (see non-motorist section - NOT a unit),On Roadway,Non-collision (single vehicle),Ran off road - right,None Indicated,,Daylight,Dry,Clear,None apparent,Intersection:  Four-way intersection,Paved,,Fatal,1,0,0,0,0,0,2000,1,1,,POINT (-92.790283372408 43.060062427839)
2014807303,14-9643,07/03/2014,07-July,5-Thursday,11:29,1100 Hours,District 3 (Northwest),SPENCER,CLAY,,W 11TH ST,Collision with fixed object:  Curb/island/raised median,On Roadway,Non-collision (single vehicle),Ran off road - right,Drug,,Daylight,Dry,Clear,None apparent,Non-intersection:  Non-junction/no special feature,Paved,,Property Damage Only,0,0,0,0,0,0,1750,1,1,,POINT (-95.165983517328 43.148419464346)
2014806184,14-027563,07/03/2014,07-July,5-Thursday,01:38,0100 Hours,District 4 (Southwest),COUNCIL BLUFFS,POTTAWATTAMIE,I-80,I-80,Collision with:  Vehicle in traffic,On Roadway,"Sideswipe, same direction",Improper or erratic lane changing,None Indicated,,Dark - roadway not lighted,Dry,Clear,None apparent,Non-intersection:  Non-junction/no special feature,Paved,,Major Injury,0,4,3,0,1,0,5500,2,9,,POINT (-95.817841166787 41.245184285866)
2014806315,P14-007792,07/03/2014,07-July,5-Thursday,05:51,0500 Hours,District 1 (Central),WEBSTER CITY,HAMILTON,,3RD ST,Collision with:  Parked motor vehicle,On Roadway,Unknown,Unknown,None Indicated,,Dark - roadway lighted,Dry,Cloudy,None apparent,Non-intersection:  Non-junction/no special feature,Paved,,Property Damage Only,0,0,0,0,0,0,1500,2,1,,POINT (-93.828123870143 42.470431160213)
2014809135,14019945,07/03/2014,07-July,5-Thursday,19:05,1900 Hours,District 5 (Southeast),,LEE,IA 27,IA 27/IOWA 27 & Co Rd J72/300 ST,Collision with:  Vehicle in traffic,On Roadway,"Sideswipe, same direction",Made improper turn,None Indicated,,Daylight,Dry,Clear,None apparent,Non-intersection:  Non-junction/no special feature,Paved,,Property Damage Only,0,0,0,0,0,0,7500,2,4,,POINT (-91.563152840961 40.524671649088)
2014806176,14-3140,07/03/2014,07-July,5-Thursday,12:36,1200 Hours,District 1 (Central),WEST DES MOINES,POLK,,PROSPECT AVE & GRAND AVE & 12TH ST,Collision with:  Vehicle in traffic,On Roadway,Rear-end (front to rear),Followed too close,None Indicated,,Daylight,Dry,Clear,None apparent,Non-intersection:  Non-junction/no special feature,Paved,,Property Damage Only,0,0,0,0,0,0,2100,2,2,,POINT (-93.7191216592 41.581247590526)
2014808404,2014-44848,07/03/2014,07-July,5-Thursday,15:33,1500 Hours,District 6 (East Central),DAVENPORT,SCOTT,,IA 461/BRADY ST & W 3RD ST & E 3RD ST,Collision with:  Vehicle in traffic,On Roadway,"Angle, oncoming left turn","Operating vehicle in an reckless, erratic, careless, negligent manner",None Indicated,,Daylight,Dry,Clear,None apparent,Non-intersection:  Non-junction/no special feature,Paved,,Property Damage Only,0,0,0,0,0,0,5000,2,3,,POINT (-90.574063088526 41.522421256536)
2014809258,S7914222,07/03/2014,07-July,5-Thursday,05:26,0500 Hours,District 1 (Central),,POWESHIEK,IA 21,IA 21/IOWA 21 & 440TH AVE,Collision with:  Animal,,,Animal,None Indicated,,,,,,,Paved,,Property Damage Only,0,0,0,0,0,0,2800,1,1,,POINT (-92.358197788498 41.659599440026)
2014850893,14-005269,07/03/2014,07-July,5-Thursday,23:30,2300 Hours,District 5 (Southeast),,LOUISA,,Co Rd X61/COUNTY RD X 61,Collision with:  Animal,,,Animal,None Indicated,,,,,,,Paved,,Property Damage Only,0,0,0,0,0,0,1500,1,1,,POINT (-91.11721597008 41.281144033964)
2014807075,14-21050,07/03/2014,07-July,5-Thursday,01:30,0100 Hours,District 3 (Northwest),SIOUX CITY,WOODBURY,,MACOMB AVE & S RUSTIN ST,Collision with:  Parked motor vehicle,On Roadway,Rear-end (front to rear),Lost Control,None Indicated,,Dark - roadway lighted,Dry,Clear,None apparent,Intersection:  Four-way intersection,Paved,,Property Damage Only,0,0,0,0,0,0,2100,3,1,,POINT (-96.371436756817 42.480559957034)
2014806559,14004525,07/03/2014,07-July,5-Thursday,13:31,1300 Hours,District 1 (Central),WEBSTER CITY,HAMILTON,,240TH ST,Collision with fixed object:  Tree,Roadside,Non-collision (single vehicle),Ran off road - right,None Indicated,,Daylight,Dry,Cloudy,None apparent,Non-intersection:  Non-junction/no special feature,Paved,,Minor Injury,0,1,0,1,0,0,5000,1,2,,POINT (-93.892420993306 42.441814267114)
2014806399,20140018872,07/03/2014,07-July,5-Thursday,19:57,1900 Hours,District 1 (Central),DES MOINES,POLK,,SANDAHL AVE & N UNION ST,Unknown,On Roadway,Non-collision (single vehicle),Lost Control,None Indicated,,Dusk,Dry,Clear,None apparent,Non-intersection:  Non-junction/no special feature,Paved,,Minor Injury,0,1,0,1,0,0,100,1,1,,POINT (-93.610242435862 41.616825118394)
2014806217,14-4434,07/03/2014,07-July,5-Thursday,18:39,1800 Hours,District 1 (Central),GRIMES,POLK,I-35,I-35 & IA 141/IOWA 141,Collision with:  Vehicle in traffic,On Roadway,Rear-end (front to rear),Followed too close,None Indicated,,Daylight,Dry,Clear,None apparent,Intersection:  Intersection with ramp,Paved,,Property Damage Only,0,0,0,0,0,0,1700,2,6,,POINT (-93.775051156974 41.650662735493)
2014806685,2014039019,07/03/2014,07-July,5-Thursday,18:45,1800 Hours,District 2 (Northeast),,WINNESHIEK,,Co Rd A14/CO RD A14,Collision with:  Vehicle in traffic,On Roadway,Rear-end (front to rear),Lost Control,None Indicated,,Daylight,"Mud, dirt",Clear,None apparent,Non-intersection:  Non-junction/no special feature,Unpaved,,Major Injury,0,2,1,1,0,0,14000,2,3,,POINT (-91.918062519971 43.486692699158)
2014806518,,07/03/2014,07-July,5-Thursday,05:00,0500 Hours,District 5 (Southeast),COPPOCK,WASHINGTON,,COPPOCK RD,Collision with:  Animal,On Roadway,Non-collision (single vehicle),Animal,None Indicated,,Dawn,Dry,"Fog, smoke, smog",,Non-intersection:  Non-junction/no special feature,Paved,,Property Damage Only,0,0,0,0,0,0,6000,1,1,,POINT (-91.711422913726 41.166115988516)
2014806185,14-027564,07/03/2014,07-July,5-Thursday,02:08,0200 Hours,District 4 (Southwest),COUNCIL BLUFFS,POTTAWATTAMIE,,S 17TH ST,Collision with fixed object:  Utility pole/light support,Shoulder,Non-collision (single vehicle),Ran off road - left,None Indicated,,Dark - roadway not lighted,Dry,Clear,None apparent,Non-intersection:  Non-junction/no special feature,Paved,,Property Damage Only,0,0,0,0,0,0,3000,1,1,,POINT (-95.869117941877 41.255850385332)
2014806109,01-14-29063,07/03/2014,07-July,5-Thursday,13:47,1300 Hours,District 6 (East Central),DUBUQUE,DUBUQUE,US 20,US 20/DODGE ST & DEVON DR,Collision with:  Vehicle in traffic,On Roadway,Rear-end (front to rear),Lost Control,None Indicated,,Daylight,Dry,Clear,None apparent,Non-intersection:  Non-junction/no special feature,Paved,,Property Damage Only,0,0,0,0,0,0,2000,2,2,,POINT (-90.701368712985 42.491414367402)
2014806128,14097135,07/03/2014,07-July,5-Thursday,02:35,0200 Hours,District 6 (East Central),SWISHER,JOHNSON,I-380,I-380,Collision with:  Animal,On Roadway,Non-collision (single vehicle),Animal,None Indicated,,Dark - roadway not lighted,Dry,Clear,None apparent,Non-intersection:  Non-junction/no special feature,Paved,,Property Damage Only,0,0,0,0,0,0,9000,1,1,,POINT (-91.658056066441 41.825424714613)
2014811175,14-1920,07/03/2014,07-July,5-Thursday,16:44,1600 Hours,District 2 (Northeast),OSAGE,MITCHELL,,STATE ST & S 5TH ST,Collision with:  Vehicle in traffic,On Roadway,Head-on (front to front),Ran Stop Sign,None Indicated,,Daylight,Dry,Clear,None apparent,Intersection:  Four-way intersection,Paved,,Property Damage Only,0,0,0,0,0,0,3200,2,2,,POINT (-92.814601150954 43.283072668178)
2014808614,2014039011,07/03/2014,07-July,5-Thursday,17:56,1700 Hours,District 6 (East Central),,JOHNSON,I-380,I-380,Collision with:  Vehicle in traffic,On Roadway,Rear-end (front to rear),Followed too close,None Indicated,,Daylight,Dry,Clear,None apparent,Non-intersection:  Non-junction/no special feature,Paved,,Property Damage Only,0,0,0,0,0,0,5250,3,4,,POINT (-91.656373553826 41.822387809372)
2014810983,14-04473,07/03/2014,07-July,5-Thursday,18:38,1800 Hours,District 2 (Northeast),OELWEIN,FAYETTE,IA 150,IA 150/1ST AVE SE & 2ND ST SE,Collision with:  Vehicle in traffic,On Roadway,Broadside (front to side),Ran Traffic Signal,None Indicated,,Daylight,Dry,Clear,None apparent,Intersection:  Four-way intersection,Paved,,Property Damage Only,0,0,0,0,0,0,6500,2,2,,POINT (-91.912009832902 42.675478294376)
2014806588,14072037,07/03/2014,07-July,5-Thursday,19:00,1900 Hours,District 4 (Southwest),CLARINDA,PAGE,,N 17TH ST,Collision with:  Parked motor vehicle,On Roadway,Rear-end (front to rear),Unknown,None Indicated,,Daylight,Dry,Clear,None apparent,Non-intersection:  Other non-intersection (explain in narrative),Paved,,Property Damage Only,0,0,0,0,0,0,2000,2,2,,POINT (-95.039214867072 40.741825334377)
2014806366,14015282,07/03/2014,07-July,5-Thursday,17:34,1700 Hours,District 5 (Southeast),OSKALOOSA,MAHASKA,,3RD AVE W & S B ST,Collision with:  Vehicle in traffic,On Roadway,Broadside (front to side),Ran Stop Sign,None Indicated,,Daylight,Dry,Cloudy,None apparent,Intersection:  Four-way intersection,Paved,,Property Damage Only,0,0,0,0,0,0,1800,2,2,,POINT (-92.647444100784 41.29260723063)
2014806418,14-1453,07/03/2014,07-July,5-Thursday,16:31,1600 Hours,District 1 (Central),URBANDALE,POLK,,DOUGLAS AVE,Collision with:  Vehicle in traffic,On Roadway,Rear-end (front to rear),Followed too close,None Indicated,,Daylight,Dry,Clear,None apparent,Non-intersection:  Non-junction/no special feature,Paved,,Property Damage Only,0,0,0,0,0,0,4200,2,3,,POINT (-93.718047328086 41.62935277256)
2014806639,14-21130,07/03/2014,07-July,5-Thursday,18:00,1800 Hours,District 3 (Northwest),SIOUX CITY,WOODBURY,,MYERS AVE & S PAXTON ST,Collision with:  Vehicle in traffic,On Roadway,"Angle, oncoming left turn",FTYROW:  Making left turn,None Indicated,,Daylight,Dry,Clear,None apparent,Intersection:  Four-way intersection,Paved,,Property Damage Only,0,0,0,0,0,0,4000,2,2,,POINT (-96.365836284626 42.461653139451)
2014806304,01771,07/03/2014,07-July,5-Thursday,19:00,1900 Hours,District 6 (East Central),DYERSVILLE,DUBUQUE,IA 136,IA 136/9TH ST SE & 15TH AVE SE,Collision with:  Vehicle in traffic,On Roadway,Rear-end (front to rear),Followed too close,None Indicated,,Daylight,Dry,Clear,None apparent,Intersection:  Four-way intersection,Paved,,Property Damage Only,0,0,0,0,0,0,1800,2,2,,POINT (-91.114250144664 42.471353044579)
2014806298,01-14-29079,07/03/2014,07-July,5-Thursday,14:57,1400 Hours,District 6 (East Central),DUBUQUE,DUBUQUE,US 61,US 61 & LAKE ELEANOR RD,Collision with:  Vehicle in traffic,On Roadway,"Angle, oncoming left turn",FTYROW:  Making left turn,None Indicated,,Daylight,Dry,Cloudy,None apparent,Intersection:  Four-way intersection,Paved,,Possible/Unknown,0,2,0,0,2,0,11000,2,2,,POINT (-90.680150246631 42.447563231085)
2014806453,2014-44830,07/03/2014,07-July,5-Thursday,13:55,1300 Hours,District 6 (East Central),DAVENPORT,SCOTT,US 6,US 6/W KIMBERLY RD & N DIVISION ST,Collision with:  Vehicle in traffic,On Roadway,Broadside (front to side),Ran Traffic Signal,None Indicated,,Daylight,Dry,Clear,None apparent,Intersection:  Four-way intersection,Paved,,Property Damage Only,0,0,0,0,0,0,4500,2,2,,POINT (-90.600667262592 41.560041134558)
2014806899,2014-44801,07/03/2014,07-July,5-Thursday,11:49,1100 Hours,District 6 (East Central),DAVENPORT,SCOTT,,W 4TH ST,Collision with:  Vehicle in traffic,On Roadway,Rear-end (front to rear),Followed too close,None Indicated,,Daylight,Dry,Cloudy,None apparent,Non-intersection:  Non-junction/no special feature,Paved,,Property Damage Only,0,0,0,0,0,0,3200,2,3,,POINT (-90.583764116664 41.523553265632)
2014807196,2014-45108,07/03/2014,07-July,5-Thursday,23:06,2300 Hours,District 6 (East Central),DAVENPORT,SCOTT,,W 2ND ST,Collision with:  Parked motor vehicle,On Roadway,Rear-end (front to rear),Lost Control,None Indicated,,Dark - roadway not lighted,Dry,Clear,None apparent,Non-intersection:  Non-junction/no special feature,Paved,,Property Damage Only,0,0,0,0,0,0,1500,2,2,,POINT (-90.613944443092 41.52117559835)
2014806096,144649,07/03/2014,07-July,5-Thursday,00:09,0000 Hours,District 4 (Southwest),,DALLAS,I-80,I-80,Collision with fixed object:  Guardrail - face,Median,Non-collision (single vehicle),Ran off road - left,None Indicated,,Dark - roadway not lighted,Dry,Clear,None apparent,Non-intersection:  Non-junction/no special feature,Paved,,Property Damage Only,0,0,0,0,0,0,7000,1,1,,POINT (-93.94771272617 41.549425424569)
2014808908,2014-0253,07/03/2014,07-July,5-Thursday,08:54,0800 Hours,District 4 (Southwest),VAN METER,DALLAS,,RICHLAND DR & RICHLAND CIR,Collision with:  Vehicle in traffic,On Roadway,"Sideswipe, same direction",FTYROW:  Other (explain in narrative),None Indicated,,Daylight,Dry,Clear,None apparent,Intersection:  Four-way intersection,Paved,,Major Injury,0,1,1,0,0,0,1700,2,4,,POINT (-93.947901156896 41.525383536721)
2014806302,02-14-10046,07/03/2014,07-July,5-Thursday,23:24,2300 Hours,District 6 (East Central),,DUBUQUE,US 20,US 20,Collision with:  Vehicle in traffic,On Roadway,"Angle, oncoming left turn",FTYROW:  From stop sign,None Indicated,,Dark - roadway not lighted,Dry,Clear,None apparent,Non-intersection:  Driveway access (within),Paved,,Property Damage Only,0,0,0,0,0,0,12000,2,8,,POINT (-90.780928732052 42.444435516671)
2014810959,070314-50,07/03/2014,07-July,5-Thursday,04:45,0400 Hours,District 3 (Northwest),,BUENA VISTA,US 71,US 71/130TH AVE,Collision with:  Vehicle in traffic,On Roadway,"Sideswipe, opposite direction",Crossed centerline (undivided),None Indicated,,Dark - roadway not lighted,Dry,Clear,None apparent,Non-intersection:  Non-junction/no special feature,Paved,,Property Damage Only,0,0,0,0,0,0,6000,2,2,,POINT (-95.151628147382 42.668484509929)
2014806563,143685,07/03/2014,07-July,5-Thursday,22:14,2200 Hours,District 1 (Central),,HARDIN,,Co Rd D41/CO HWY D41 & I AVE,Collision with:  Animal,On Roadway,Non-collision (single vehicle),Animal,None Indicated,,Dark - roadway lighted,Dry,Clear,None apparent,Non-intersection:  Non-junction/no special feature,Paved,,Property Damage Only,0,0,0,0,0,0,1500,1,3,,POINT (-93.32934409998 42.397731852997)
2014806282,CL14002265,07/03/2014,07-July,5-Thursday,05:55,0500 Hours,District 6 (East Central),CLINTON,CLINTON,,S BLUFF BLVD & S 14TH ST,Collision with:  Vehicle in traffic,On Roadway,Rear-end (front to rear),Followed too close,None Indicated,,Daylight,Dry,Clear,None apparent,Intersection:  T-intersection,Paved,,Minor Injury,0,1,0,1,0,0,6000,2,2,,POINT (-90.218650473016 41.836115552238)
2014806934,AC14-040,07/03/2014,07-July,5-Thursday,16:15,1600 Hours,District 4 (Southwest),HARLAN,SHELBY,,WILLOW ST & 6TH ST,Collision with:  Vehicle in traffic,On Roadway,Broadside (front to side),FTYROW:  From stop sign,None Indicated,,Daylight,Dry,Clear,None apparent,Intersection:  Four-way intersection,Paved,,Property Damage Only,0,0,0,0,0,0,12000,2,2,,POINT (-95.317671687945 41.653186040361)
2014807004,14013781,07/03/2014,07-July,5-Thursday,18:46,1800 Hours,District 6 (East Central),MARION,LINN,,35TH ST,Collision with:  Vehicle in traffic,On Roadway,Rear-end (front to rear),Made improper turn,None Indicated,,Daylight,Dry,Clear,None apparent,Non-intersection:  Non-junction/no special feature,Paved,,Property Damage Only,0,0,0,0,0,0,2500,2,3,,POINT (-91.573611528198 42.037500106144)
2014806178,14-001477,07/03/2014,07-July,5-Thursday,11:34,1100 Hours,District 1 (Central),ALTOONA,POLK,US 6,US 6/SPEC CASE/SE RAMP & 8TH ST SW,Collision with:  Vehicle in traffic,On Roadway,Broadside (front to side),Ran Traffic Signal,None Indicated,,Daylight,Dry,Cloudy,None apparent,Intersection:  Five points or more,Paved,,Property Damage Only,0,0,0,0,0,0,7000,2,2,,POINT (-93.509176723673 41.64414064779)
2014806417,14-1451,07/03/2014,07-July,5-Thursday,15:49,1500 Hours,District 1 (Central),URBANDALE,POLK,,DOUGLAS AVE,Collision with:  Vehicle in traffic,On Roadway,Rear-end (front to rear),Other (explain in narrative):  Other,None Indicated,,Daylight,Dry,Clear,None apparent,Non-intersection:  Non-junction/no special feature,Paved,,Property Damage Only,0,0,0,0,0,0,4500,2,3,,POINT (-93.755659616309 41.62935486348)
2014806967,070314-0157,07/03/2014,07-July,5-Thursday,16:54,1600 Hours,District 3 (Northwest),STORM LAKE,BUENA VISTA,,W RAILROAD ST & GENESEO ST,Collision with:  Vehicle in traffic,On Roadway,Broadside (front to side),Ran Stop Sign,None Indicated,,Daylight,Dry,Cloudy,None apparent,Intersection:  Four-way intersection,Paved,,Property Damage Only,0,0,0,0,0,0,5000,2,4,,POINT (-95.203357976803 42.64405151129)
2014806232,14-3149,07/03/2014,07-July,5-Thursday,18:18,1800 Hours,District 1 (Central),WEST DES MOINES,POLK,I-35,I-35,Collision with:  Vehicle in traffic,On Roadway,Rear-end (front to rear),Followed too close,None Indicated,,Daylight,Dry,Clear,Work Zone (roadway-related),Interchange-related:  On-ramp merge area,Paved,Yes,Property Damage Only,0,0,0,0,0,0,2800,4,5,,POINT (-93.776758582162 41.562795107142)
2014809830,14-17030,07/03/2014,07-July,5-Thursday,12:49,1200 Hours,District 1 (Central),NEWTON,JASPER,,W 15TH ST S,Collision with:  Parked motor vehicle,On Roadway,Rear-end (front to rear),FTYROW:  From driveway,None Indicated,,Daylight,Dry,Clear,None apparent,Non-intersection:  Driveway access (within),Paved,,Property Damage Only,0,0,0,0,0,0,2000,2,2,,POINT (-93.073143484376 41.688740833959)
2014806673,2014039047,07/03/2014,07-July,5-Thursday,21:10,2100 Hours,District 2 (Northeast),,WORTH,I-35,I-35,Collision with:  Animal,On Roadway,Non-collision (single vehicle),Animal,None Indicated,,Dusk,Dry,Clear,None apparent,Non-intersection:  Non-junction/no special feature,Paved,,Property Damage Only,0,0,0,0,0,0,5000,1,2,,POINT (-93.349360094768 43.3039763278)
2014810206,2014006716,07/03/2014,07-July,5-Thursday,17:30,1700 Hours,District 1 (Central),MARSHALLTOWN,MARSHALL,,S 12TH ST,Collision with:  Non-motorist (see non-motorist section - NOT a unit),On Roadway,Non-collision (single vehicle),Other (explain in narrative):  Other,Alcohol (Statutory),,Daylight,Dry,Cloudy,None apparent,Non-intersection:  Driveway access (within),Paved,,Possible/Unknown,0,1,0,0,1,0,1350,1,1,,POINT (-92.931780581075 42.008705159451)
2014806502,14-009657,07/03/2014,07-July,5-Thursday,19:09,1900 Hours,District 6 (East Central),,CEDAR,IA 38,IA 38/IOWA 38,Collision with:  Animal,,,Animal,None Indicated,,,,,,,Paved,,Property Damage Only,0,0,0,0,0,0,3000,1,1,,POINT (-91.132545834444 41.731808509756)
2014806231,20140018854,07/03/2014,07-July,5-Thursday,17:38,1700 Hours,District 1 (Central),DES MOINES,POLK,,WOLCOTT AVE & SW 38TH ST,Collision with:  Vehicle in traffic,On Roadway,Broadside (front to side),FTYROW:  From stop sign,None Indicated,,Daylight,Dry,Clear,None apparent,Intersection:  Four-way intersection,Paved,,Property Damage Only,0,0,0,0,0,0,1500,2,2,,POINT (-93.669988486217 41.55141507133)
2014806314,P14-007791,07/03/2014,07-July,5-Thursday,03:53,0300 Hours,District 1 (Central),WEBSTER CITY,HAMILTON,,BANK ST,Collision with fixed object:  Utility pole/light support,Shoulder,Non-collision (single vehicle),"Operating vehicle in an reckless, erratic, careless, negligent manner",Alcohol (Statutory),,Dark - roadway lighted,Dry,Cloudy,None apparent,Non-intersection:  Non-junction/no special feature,Paved,,Possible/Unknown,0,1,0,0,1,0,5050,1,1,,POINT (-93.829680326935 42.466700489735)
2014806223,14-002863,07/03/2014,07-July,5-Thursday,17:17,1700 Hours,District 1 (Central),ANKENY,POLK,,SE CONVENIENCE BLVD,Collision with:  Vehicle in traffic,On Roadway,Rear-end (front to rear),Other (explain in narrative):  Other,None Indicated,,Daylight,Dry,Clear,None apparent,Non-intersection:  Non-junction/no special feature,Paved,,Property Damage Only,0,0,0,0,0,0,2500,2,3,,POINT (-93.571824109794 41.679631462662)
2014807552,14-22273,07/03/2014,07-July,5-Thursday,19:00,1900 Hours,District 3 (Northwest),SIOUX CITY,WOODBURY,,36TH ST & DOUGLAS ST,Collision with:  Vehicle in traffic,On Roadway,Rear-end (front to rear),Followed too close,None Indicated,,Daylight,Unknown,Unknown,None apparent,Non-intersection:  Non-junction/no special feature,Paved,,Possible/Unknown,0,1,0,0,1,0,2500,2,4,,POINT (-96.406822003905 42.532008456088)
2014806240,14-027619,07/03/2014,07-July,5-Thursday,13:47,1300 Hours,District 4 (Southwest),COUNCIL BLUFFS,POTTAWATTAMIE,,N 1ST ST,Collision with fixed object:  Utility pole/light support,On Roadway,Non-collision (single vehicle),Swerving/Evasive Action,None Indicated,,Daylight,Dry,Clear,None apparent,Non-intersection:  Non-junction/no special feature,Paved,,Minor Injury,0,1,0,1,0,0,5005,1,1,,POINT (-95.844743442917 41.264282228832)
2014806211,201409482,07/03/2014,07-July,5-Thursday,13:00,1300 Hours,District 6 (East Central),CEDAR RAPIDS,LINN,,41ST AVE SW & 41ST AVE DR SW & BOWLING ST SW,Collision with:  Vehicle in traffic,On Roadway,Broadside (front to side),FTYROW:  From stop sign,None Indicated,,Daylight,Dry,Clear,None apparent,Intersection:  Four-way intersection,Paved,,Property Damage Only,0,0,0,0,0,0,7500,2,3,,POINT (-91.657055490493 41.937698059421)
2014807548,14-21127,07/03/2014,07-July,5-Thursday,17:45,1700 Hours,District 3 (Northwest),SIOUX CITY,WOODBURY,,PETERS AVE & MORNINGSIDE AVE & S NEWTON ST,Collision with:  Vehicle in traffic,On Roadway,Broadside (front to side),Ran Traffic Signal,None Indicated,,Daylight,Dry,Clear,None apparent,Intersection:  Four-way intersection,Paved,,Property Damage Only,0,0,0,0,0,0,10500,2,5,,POINT (-96.358824842272 42.4756179964)
2014809342,070314B,07/03/2014,07-July,5-Thursday,19:58,1900 Hours,District 4 (Southwest),,FREMONT,,Co Rd L68/330 AVE,Non-collision events:  Overturn/rollover,Outside trafficway,Non-collision (single vehicle),Swerving/Evasive Action,None Indicated,,Daylight,Dry,Clear,None apparent,Non-intersection:  Non-junction/no special feature,Paved,,Minor Injury,0,1,0,1,0,0,10000,1,1,,POINT (-95.556600282529 40.783392458357)
2014806478,14-003131,07/03/2014,07-July,5-Thursday,12:08,1200 Hours,District 1 (Central),AMES,STORY,US 69,US 69/LINCOLN WAY,Collision with:  Vehicle in traffic,On Roadway,Rear-end (front to rear),Other (explain in narrative):  Other,None Indicated,,Daylight,Dry,Cloudy,None apparent,Non-intersection:  Non-junction/no special feature,Paved,,Property Damage Only,0,0,0,0,0,0,3100,3,4,,POINT (-93.617975399639 42.022904576642)
2014806271,070314-224,07/03/2014,07-July,5-Thursday,22:00,2200 Hours,District 3 (Northwest),,BUENA VISTA,,Co Rd C43/550TH ST,Collision with:  Animal,On Roadway,Non-collision (single vehicle),Animal,None Indicated,,Dark - roadway lighted,Dry,Clear,None apparent,Non-intersection:  Non-junction/no special feature,Paved,,Property Damage Only,0,0,0,0,0,0,1500,1,3,,POINT (-95.169447310638 42.719765187429)