Iowa DOT Case Number,Law Enforcement Case Number,Date of Crash,Month of Crash,Day of Week,Time of Crash,Hour,DOT District,City Name,County Name,Route with System,Location Description,First Harmful Event,Location of First Harmful Event,Manner of Crash/Collision,Major Cause,Drug or Alcohol ,Environmental Conditions,Light Conditions,Surface Conditions,Weather Conditions,Roadway Contribution,Roadway Type,Roadway Surface,Work Zone,Crash Severity,Number of Fatalities,Number of Injuries,Number of Major Injuries,Number of Minor Injuries,Number of Possible Injuries,Number of Unknown Injuries,Amount of Property Damage,Number of Vehicles Involved,Total Number of Occupants,Travel Direction,Location
2014808936,1407030536,07/03/2014,07-July,5-Thursday,05:36,0500 Hours,District 6 (East Central),MONTICELLO,JONES,US 151,US 151 & LANGWORTHY RD,Collision with:  Vehicle in traffic,On Roadway,Broadside (front to side),Ran off road - right,None Indicated,,Daylight,Dry,Clear,None apparent,Non-intersection:  Non-junction/no special feature,Paved,,Possible/Unknown,0,1,0,0,1,0,30000,2,2,,POINT (-91.213735303899 42.195886010976)
2014806918,2014-44821,07/03/2014,07-July,5-Thursday,13:30,1300 Hours,District 6 (East Central),DAVENPORT,SCOTT,,W 3RD ST & BROWN ST,Collision with:  Vehicle in traffic,On Roadway,Rear-end (front to rear),Followed too close,None Indicated,,Daylight,Dry,Cloudy,None apparent,Non-intersection:  Non-junction/no special feature,Paved,,Possible/Unknown,0,2,0,0,2,0,7000,2,2,,POINT (-90.584442664369 41.522387686132)
2014806407,20140018879,07/03/2014,07-July,5-Thursday,22:30,2200 Hours,District 1 (Central),DES MOINES,POLK,,VALE ST,Collision with:  Parked motor vehicle,On Roadway,Unknown,Unknown,None Indicated,,Dark - roadway lighted,Dry,Clear,None apparent,Non-intersection:  Non-junction/no special feature,Paved,,Property Damage Only,0,0,0,0,0,0,2000,2,1,,POINT (-93.604835403583 41.578942221448)
2014808765,14-034,07/03/2014,07-July,5-Thursday,04:30,0400 Hours,District 3 (Northwest),SOMERS,CALHOUN,,Co Rd D36/270TH ST & XENIA AVE,Collision with:  Animal,,,Animal,None Indicated,,,,,,,Paved,,Property Damage Only,0,0,0,0,0,0,2500,1,1,,POINT (-94.455860140625 42.398434199956)
2014806463,2014-45072,07/03/2014,07-July,5-Thursday,22:31,2200 Hours,District 6 (East Central),DAVENPORT,SCOTT,,W CENTRAL PARK AVE & WOODDALE AVE,Non-collision events:  Other non-collision (explain in narrative),On Roadway,Non-collision (single vehicle),Lost Control,None Indicated,,Dark - roadway not lighted,Dry,Cloudy,None apparent,Non-intersection:  Non-junction/no special feature,Paved,,Minor Injury,0,2,0,2,0,0,1500,1,2,,POINT (-90.623530389946 41.545430431012)
2014806329,14-R90703-01,07/03/2014,07-July,5-Thursday,01:05,0100 Hours,District 6 (East Central),,IOWA,US 6,US 6,Collision with:  Animal,,,Animal,None Indicated,,,,,,,Paved,,Property Damage Only,0,0,0,0,0,0,2000,1,1,,POINT (-92.036237202174 41.789086386922)
2014807646,14-004941,07/03/2014,07-July,5-Thursday,12:20,1200 Hours,District 4 (Southwest),PERRY,DALLAS,,DEWEY AVE,Collision with:  Non-motorist (see non-motorist section - NOT a unit),On Roadway,Non-collision (single vehicle),Other (explain in narrative):  Other,None Indicated,,Daylight,Dry,Clear,None apparent,Non-intersection:  Non-junction/no special feature,Paved,,Possible/Unknown,0,1,0,0,1,0,100,1,3,,POINT (-94.106031078234 41.844619365882)
2014807785,14-006837,07/03/2014,07-July,5-Thursday,13:56,1300 Hours,District 3 (Northwest),,CARROLL,,KITTYHAWK AVE,Collision with fixed object:  Ditch,On Roadway,Non-collision (single vehicle),Driving too fast for conditions,None Indicated,,Daylight,"Mud, dirt",Clear,None apparent,Non-intersection:  Non-junction/no special feature,Unpaved,,Possible/Unknown,0,1,0,0,1,0,4000,1,2,,POINT (-94.897910611969 42.100430909616)
2014806683,2014038957,07/03/2014,07-July,5-Thursday,13:45,1300 Hours,District 5 (Southeast),DONNELLSON,LEE,,340 ST & 180 AVE,Collision with:  Vehicle in traffic,On Roadway,Rear-end (front to rear),Followed too close,None Indicated,,Daylight,Dry,Clear,None apparent,Intersection:  T-intersection,Paved,,Possible/Unknown,0,4,0,0,4,0,5000,2,6,,POINT (-91.566928617351 40.46487452963)
2014806527,14-005682,07/03/2014,07-July,5-Thursday,13:45,1300 Hours,District 4 (Southwest),ATLANTIC,CASS,,5TH ST & SPRUCE ST,Collision with:  Vehicle in traffic,On Roadway,Broadside (front to side),FTYROW:  From stop sign,None Indicated,,Daylight,Dry,Clear,None apparent,Intersection:  Four-way intersection,Paved,,Property Damage Only,0,0,0,0,0,0,1600,2,2,,POINT (-95.001910885641 41.405897810844)
2014806767,14-9667,07/03/2014,07-July,5-Thursday,15:32,1500 Hours,District 3 (Northwest),SPENCER,CLAY,,W 13TH ST & 13TH AVE W,Collision with:  Vehicle in traffic,On Roadway,Broadside (front to side),FTYROW:  At uncontrolled intersection,None Indicated,,Daylight,Dry,Clear,None apparent,Non-intersection:  Non-junction/no special feature,Paved,,Property Damage Only,0,0,0,0,0,0,12000,2,3,,POINT (-95.163127998696 43.151138820559)
2014806372,14-004567,07/03/2014,07-July,5-Thursday,22:14,2200 Hours,District 3 (Northwest),MOORHEAD,MONONA,,4TH ST & OAK ST,Collision with:  Vehicle in traffic,On Roadway,"Sideswipe, same direction","Operating vehicle in an reckless, erratic, careless, negligent manner",None Indicated,,Dark - roadway not lighted,Dry,Clear,None apparent,Non-intersection:  Non-junction/no special feature,Paved,,Possible/Unknown,0,1,0,0,1,0,7000,2,3,,POINT (-95.851426461225 41.924479228324)
2014806456,2014-44858,07/03/2014,07-July,5-Thursday,15:41,1500 Hours,District 6 (East Central),DAVENPORT,SCOTT,,W LOCUST ST & MAIN ST,Collision with:  Vehicle in traffic,On Roadway,Rear-end (front to rear),Followed too close,None Indicated,,Daylight,Dry,Clear,None apparent,Intersection:  Four-way intersection,Paved,,Property Damage Only,0,0,0,0,0,0,6000,2,3,,POINT (-90.57550748619 41.538294025195)
2014807300,14-009733,07/03/2014,07-July,5-Thursday,22:46,2200 Hours,District 3 (Northwest),DICKENS,CLAY,,Co Rd N14/310TH AVE,Collision with:  Animal,,,Animal,None Indicated,,,,,,,Paved,,Property Damage Only,0,0,0,0,0,0,4500,1,1,,POINT (-94.975838146969 43.208401431957)
2014812841,14-004684,07/03/2014,07-July,5-Thursday,01:10,0100 Hours,District 3 (Northwest),,PALO ALTO,,Co Rd B14/280 ST,Non-collision events:  Overturn/rollover,On Roadway,Non-collision (single vehicle),Swerving/Evasive Action,None Indicated,,Dark - roadway not lighted,Dry,Cloudy,None apparent,Non-intersection:  Non-junction/no special feature,Paved,,Minor Injury,0,1,0,1,0,0,5000,1,1,,POINT (-94.763515763898 43.241695324698)
2014806430,14-001479,07/03/2014,07-July,5-Thursday,15:39,1500 Hours,District 1 (Central),ALTOONA,POLK,,1ST AVE S & 21ST ST SW & 21ST ST SE,Collision with:  Non-motorist (see non-motorist section - NOT a unit),On Roadway,Non-collision (single vehicle),FTYROW:  Making left turn,None Indicated,,Daylight,Dry,Cloudy,None apparent,Intersection:  Four-way intersection,Paved,,Major Injury,0,1,1,0,0,0,3100,1,1,,POINT (-93.464647364441 41.631926356743)
2014806168,20140018818,07/03/2014,07-July,5-Thursday,11:16,1100 Hours,District 1 (Central),DES MOINES,POLK,IA 28,IA 28/63RD ST & PLEASANT DR,Collision with:  Vehicle in traffic,On Roadway,Rear-end (front to rear),Lost Control,None Indicated,,Daylight,Dry,Clear,None apparent,Non-intersection:  Non-junction/no special feature,Paved,,Possible/Unknown,0,1,0,0,1,0,9000,2,2,,POINT (-93.703504400285 41.591369264962)
2014806686,2014039022,07/03/2014,07-July,5-Thursday,19:45,1900 Hours,District 1 (Central),,POLK,I-35,I-35,Collision with:  Other non-fixed object (explain in narrative),On Roadway,Non-collision (single vehicle),Equipment failure,None Indicated,,Daylight,Dry,Clear,Debris,Non-intersection:  Non-junction/no special feature,Paved,,Property Damage Only,0,0,0,0,0,0,2300,2,3,,POINT (-93.591080262218 41.650386942368)
2014810998,143686,07/03/2014,07-July,5-Thursday,22:22,2200 Hours,District 1 (Central),,HARDIN,US 65,US 65,Collision with:  Animal,,,Animal,None Indicated,,,,,,,Paved,,Property Damage Only,0,0,0,0,0,0,4000,1,1,,POINT (-93.309705188686 42.342642408887)
2014806454,2014-44831,07/03/2014,07-July,5-Thursday,14:07,1400 Hours,District 6 (East Central),DAVENPORT,SCOTT,,IA 461/BRADY ST,Collision with:  Vehicle in traffic,On Roadway,Rear-end (front to rear),Followed too close,None Indicated,,Daylight,Dry,Clear,None apparent,Non-intersection:  Non-junction/no special feature,Paved,,Minor Injury,0,1,0,1,0,0,11500,3,3,,POINT (-90.571434805191 41.582708543656)
2014806349,20140002263,07/03/2014,07-July,5-Thursday,14:40,1400 Hours,District 6 (East Central),,LINN,,Co Rd E66/76TH AVE SW,Collision with:  Parked motor vehicle,On Roadway,"Sideswipe, same direction",Lost Control,None Indicated,,Daylight,Dry,Cloudy,None apparent,Non-intersection:  Non-junction/no special feature,Unpaved,,Property Damage Only,0,0,0,0,0,0,4000,2,2,,POINT (-91.746392932877 41.905582258507)
2014806219,14-4438,07/03/2014,07-July,5-Thursday,21:36,2100 Hours,District 1 (Central),BONDURANT,POLK,,NE 70TH AVE,Collision with:  Animal,,,Animal,None Indicated,,,,,,,Paved,,Property Damage Only,0,0,0,0,0,0,2500,1,1,,POINT (-93.407315426211 41.688393609323)
2014806297,01-14-29017,07/03/2014,07-July,5-Thursday,09:00,0900 Hours,District 6 (East Central),DUBUQUE,DUBUQUE,,PENNSYLVANIA AVE & SYLVAN DR,Collision with:  Vehicle in traffic,On Roadway,Broadside (front to side),FTYROW:  From stop sign,None Indicated,,Daylight,Dry,Clear,None apparent,Intersection:  T-intersection,Paved,,Property Damage Only,0,0,0,0,0,0,4900,2,2,,POINT (-90.727457211094 42.500471882704)
2014806166,20140018798,07/03/2014,07-July,5-Thursday,04:00,0400 Hours,District 1 (Central),DES MOINES,POLK,,DES MOINES ST & E 24TH ST,Collision with:  Parked motor vehicle,On Roadway,Head-on (front to front),Unknown,None Indicated,,Unknown,Dry,Clear,None apparent,Non-intersection:  Non-junction/no special feature,Paved,,Property Damage Only,0,0,0,0,0,0,1500,2,1,,POINT (-93.572876948018 41.596426863256)
2014806784,01-14-29105,07/03/2014,07-July,5-Thursday,16:55,1600 Hours,District 6 (East Central),DUBUQUE,DUBUQUE,,SUNSET PARK CIR & JOHN F KENNEDY RD,Collision with:  Vehicle in traffic,On Roadway,Rear-end (front to rear),Exceeded authorized speed,None Indicated,,Daylight,Dry,Clear,None apparent,Intersection:  T-intersection,Paved,,Property Damage Only,0,0,0,0,0,0,1500,2,3,,POINT (-90.720576549163 42.519687418058)
2014807356,201402260,07/03/2014,07-July,5-Thursday,10:25,1000 Hours,District 6 (East Central),BERTRAM,LINN,US 151,US 151,Collision with:  Vehicle in traffic,On Roadway,"Sideswipe, same direction",Crossed centerline (undivided),None Indicated,,Daylight,Dry,Cloudy,None apparent,Non-intersection:  Non-junction/no special feature,Paved,,Minor Injury,0,1,0,1,0,0,34000,2,2,,POINT (-91.546835371491 41.947451702212)
2014806739,,07/03/2014,07-July,5-Thursday,23:03,2300 Hours,District 5 (Southeast),RUSSELL,LUCAS,,STATE ST,Non-collision events:  Other non-collision (explain in narrative),Roadside,Unknown,Unknown,None Indicated,,Dark - unknown roadway lighting,Dry,Clear,None apparent,Non-intersection:  Non-junction/no special feature,Unpaved,,Possible/Unknown,0,1,0,0,1,0,0,1,4,,POINT (-93.197110989744 40.981400050342)
2014806246,14-1997,07/03/2014,07-July,5-Thursday,13:00,1300 Hours,District 1 (Central),FORT DODGE,WEBSTER,,5TH AVE S & S 15TH ST,Collision with:  Non-motorist (see non-motorist section - NOT a unit),On Roadway,Non-collision (single vehicle),FTYROW:  Making right turn on red signal,None Indicated,,Daylight,Dry,Clear,None apparent,Intersection:  Four-way intersection,Paved,,Minor Injury,0,2,0,1,0,1,2500,1,3,,POINT (-94.177650548896 42.501036025754)
2014806740,,07/03/2014,07-July,5-Thursday,21:32,2100 Hours,District 5 (Southeast),CHARITON,LUCAS,,AUBURN AVE & N GRAND ST,Collision with:  Vehicle in traffic,On Roadway,Broadside (front to side),Swerving/Evasive Action,None Indicated,,Dark - roadway lighted,Dry,Clear,None apparent,Intersection:  Four-way intersection,Paved,,Possible/Unknown,0,2,0,0,2,0,7788,2,5,,POINT (-93.306856161258 41.018174956505)
2014806437,14-13297,07/03/2014,07-July,5-Thursday,18:35,1800 Hours,District 6 (East Central),LONG GROVE,SCOTT,,W MAIN ST,Collision with:  Vehicle in traffic,On Roadway,"Sideswipe, same direction",FTYROW:  Making left turn,None Indicated,,Daylight,Dry,Clear,None apparent,Intersection:  T-intersection,Paved,,Property Damage Only,0,0,0,0,0,0,1800,2,3,,POINT (-90.583173361963 41.697488931533)
2014807722,2014038867,07/03/2014,07-July,5-Thursday,02:05,0200 Hours,District 6 (East Central),,SCOTT,I-80,I-80,Non-collision events:  Jackknife,On Roadway,Non-collision (single vehicle),Equipment failure,None Indicated,,Dark - roadway not lighted,Dry,Clear,None apparent,Non-intersection:  Non-junction/no special feature,Paved,,Property Damage Only,0,0,0,0,0,0,28000,1,5,,POINT (-90.874242355084 41.632994108686)
2014816921,,07/03/2014,07-July,5-Thursday,23:56,2300 Hours,District 2 (Northeast),CLEAR LAKE,CERRO GORDO,,N 5TH ST,Collision with:  Parked motor vehicle,On Roadway,Head-on (front to front),Crossed centerline (undivided),None Indicated,,Dark - unknown roadway lighting,Dry,Clear,None apparent,Non-intersection:  Non-junction/no special feature,Paved,,Property Damage Only,0,0,0,0,0,0,13500,2,1,,POINT (-93.38265649018 43.139623553524)
2014806244,14-1991,07/03/2014,07-July,5-Thursday,11:59,1100 Hours,District 1 (Central),FORT DODGE,WEBSTER,,16TH AVE N,Non-collision events:  Overturn/rollover,On Roadway,Non-collision (single vehicle),Exceeded authorized speed,None Indicated,,Daylight,Dry,Clear,None apparent,Non-intersection:  Non-junction/no special feature,Paved,,Minor Injury,0,1,0,1,0,0,1500,1,1,,POINT (-94.167880593813 42.520804455134)
2014807059,S14-6585,07/03/2014,07-July,5-Thursday,16:28,1600 Hours,District 3 (Northwest),,WOODBURY,I-29,I-29 & Co Rd D51/260TH ST,Collision with:  Vehicle in traffic,On Roadway,Broadside (front to side),FTYROW:  From stop sign,None Indicated,,Daylight,Dry,Cloudy,Work Zone (roadway-related),Intersection:  T-intersection,Paved,Yes,Property Damage Only,0,0,0,0,0,0,5000,2,3,,POINT (-96.321396273876 42.330195395318)
2014806167,20140018813,07/03/2014,07-July,5-Thursday,09:50,0900 Hours,District 1 (Central),DES MOINES,POLK,,33RD ST,Collision with:  Vehicle in traffic,On Roadway,Unknown,Unknown,None Indicated,,Daylight,Dry,Cloudy,None apparent,Non-intersection:  Non-junction/no special feature,Paved,,Property Damage Only,0,0,0,0,0,0,2000,2,1,,POINT (-93.662064497222 41.60210879512)
2014806230,20140018851,07/03/2014,07-July,5-Thursday,17:16,1700 Hours,District 1 (Central),DES MOINES,POLK,,INGERSOLL AVE & 28TH ST,Collision with:  Vehicle in traffic,On Roadway,Rear-end (front to rear),Followed too close,Alcohol (Statutory),,Daylight,Dry,Cloudy,None apparent,Non-intersection:  Non-junction/no special feature,Paved,,Property Damage Only,0,0,0,0,0,0,4500,2,3,,POINT (-93.654482666323 41.585704995478)
2014808867,14-000782,07/03/2014,07-July,5-Thursday,19:45,1900 Hours,District 1 (Central),,STORY,,Co Rd E18/130TH ST,Collision with fixed object:  Ditch,On Roadway,Non-collision (single vehicle),Crossed centerline (undivided),None Indicated,,Daylight,Dry,Clear,None apparent,Non-intersection:  Non-junction/no special feature,Paved,,Minor Injury,0,1,0,1,0,0,2500,1,1,,POINT (-93.411083103277 42.166611945134)
2014815160,201409509,07/03/2014,07-July,5-Thursday,23:04,2300 Hours,District 6 (East Central),CEDAR RAPIDS,LINN,,BOYSON RD NE & C AVE NE,Collision with:  Vehicle in traffic,On Roadway,Broadside (front to side),Ran Traffic Signal,Alcohol (Statutory),,Dark - roadway lighted,Dry,Cloudy,None apparent,Intersection:  Four-way intersection,Paved,,Fatal,1,2,0,2,0,0,24000,2,5,,POINT (-91.638618260675 42.046719630671)
2014809422,2014-45110,07/03/2014,07-July,5-Thursday,23:55,2300 Hours,District 6 (East Central),DAVENPORT,SCOTT,,W 59TH ST & N PINE ST,Collision with:  Vehicle in traffic,On Roadway,Broadside (front to side),FTYROW:  From stop sign,None Indicated,,Dark - roadway lighted,Dry,Clear,None apparent,Intersection:  Four-way intersection,Paved,,Possible/Unknown,0,1,0,0,1,0,30000,2,5,,POINT (-90.610064821479 41.581275890585)
2014806241,14-027638,07/03/2014,07-July,5-Thursday,15:05,1500 Hours,District 4 (Southwest),COUNCIL BLUFFS,POTTAWATTAMIE,US 6,US 6/W BROADWAY,Non-collision events:  Other non-collision (explain in narrative),On Roadway,Non-collision (single vehicle),Swerving/Evasive Action,None Indicated,,Daylight,Dry,Clear,Work Zone (roadway-related),Non-intersection:  Non-junction/no special feature,Paved,Yes,Minor Injury,0,1,0,1,0,0,1500,2,2,,POINT (-95.877631614781 41.261924163223)
2014806626,14-7662,07/03/2014,07-July,5-Thursday,10:43,1000 Hours,District 3 (Northwest),,SIOUX,US 18,US 18/320TH ST & Co Rd L22/LILY AVE,Collision with:  Vehicle in traffic,On Roadway,Rear-end (front to rear),Followed too close,None Indicated,,Daylight,Dry,Clear,None apparent,Intersection:  Four-way intersection,Paved,,Minor Injury,0,1,0,1,0,0,10000,2,2,,POINT (-95.921478416138 43.186006341701)
2014806462,2014-45014,07/03/2014,07-July,5-Thursday,20:08,2000 Hours,District 6 (East Central),DAVENPORT,SCOTT,,N DIVISION ST,Collision with:  Vehicle in traffic,On Roadway,"Sideswipe, same direction",FTYROW:  Making left turn,None Indicated,,Dusk,Dry,Clear,None apparent,Intersection:  Four-way intersection,Paved,,Property Damage Only,0,0,0,0,0,0,3000,2,2,,POINT (-90.60065766151 41.558032506889)
2014806260,2014038991,07/03/2014,07-July,5-Thursday,16:58,1600 Hours,District 1 (Central),DES MOINES,POLK,,DES MOINES ST & PENNSYLVANIA AVE,Collision with:  Vehicle in traffic,On Roadway,Broadside (front to side),FTYROW:  From stop sign,None Indicated,,Daylight,Dry,Clear,None apparent,Intersection:  Other intersection (explain in narrative),Paved,,Property Damage Only,0,0,0,0,0,0,20000,2,5,,POINT (-93.608117178947 41.592462820419)
2014806247,14-1999,07/03/2014,07-July,5-Thursday,18:15,1800 Hours,District 1 (Central),FORT DODGE,WEBSTER,,5TH AVE S,Collision with:  Vehicle in traffic,On Roadway,Rear-end (front to rear),Followed too close,None Indicated,,Daylight,Dry,Clear,None apparent,Non-intersection:  Non-junction/no special feature,Paved,,Property Damage Only,0,0,0,0,0,0,2000,2,3,,POINT (-94.144879305523 42.501242043131)
2014808745,,07/03/2014,07-July,5-Thursday,13:03,1300 Hours,District 2 (Northeast),,BUTLER,,TIMBER RD & 202 ST,Collision with:  Vehicle in traffic,On Roadway,Broadside (front to side),FTYROW:  At uncontrolled intersection,None Indicated,,Daylight,"Mud, dirt",Clear,None apparent,Intersection:  T-intersection,Unpaved,,Property Damage Only,0,0,0,0,0,0,5000,2,3,,POINT (-92.638230204186 42.757440523192)
2014806587,14003794,07/03/2014,07-July,5-Thursday,17:31,1700 Hours,District 3 (Northwest),SHELDON,OBRIEN,US 18,US 18/PARK ST,Collision with:  Vehicle in traffic,On Roadway,Rear-end (front to rear),Lost Control,None Indicated,,Daylight,Dry,Cloudy,None apparent,Intersection:  Four-way intersection,Paved,,Minor Injury,0,1,0,1,0,0,18000,3,13,,POINT (-95.84325643232 43.186006768659)
2014806234,14-001483,07/03/2014,07-July,5-Thursday,21:14,2100 Hours,District 1 (Central),ALTOONA,POLK,US 6,US 6/FREDERICK M HUBBELL AVE,Collision with:  Vehicle in traffic,On Roadway,Rear-end (front to rear),Other (explain in narrative):  Other,None Indicated,,Dusk,Dry,Clear,None apparent,Non-intersection:  Non-junction/no special feature,Paved,,Property Damage Only,0,0,0,0,0,0,7500,3,4,,POINT (-93.499509130134 41.657982059798)
2014806670,2014038961,07/03/2014,07-July,5-Thursday,13:48,1300 Hours,District 4 (Southwest),,DALLAS,IA 141,IA 141/IOWA 141,Collision with:  Animal,On Roadway,Non-collision (single vehicle),Animal,None Indicated,,Daylight,Dry,Cloudy,None apparent,Non-intersection:  Non-junction/no special feature,Paved,,Property Damage Only,0,0,0,0,0,0,2500,1,2,,POINT (-93.891507409851 41.797920155324)
2014807619,14066629,07/03/2014,07-July,5-Thursday,15:42,1500 Hours,District 2 (Northeast),CEDAR FALLS,BLACK HAWK,,GREENHILL RD & ORCHARD HILL DR,Collision with:  Non-motorist (see non-motorist section - NOT a unit),On Roadway,Non-collision (single vehicle),Other (explain in narrative):  No improper action,None Indicated,,Daylight,Dry,Clear,None apparent,Intersection:  Four-way intersection,Paved,,Possible/Unknown,0,1,0,0,1,0,200,1,1,,POINT (-92.43165616714 42.498229830914)
2014807250,2014039070,07/03/2014,07-July,5-Thursday,23:30,2300 Hours,District 4 (Southwest),,POTTAWATTAMIE,I-680,I-680,Collision with:  Vehicle in traffic,On Roadway,Rear-end (front to rear),"Operating vehicle in an reckless, erratic, careless, negligent manner",Refused,,Dark - roadway not lighted,Dry,Cloudy,None apparent,Non-intersection:  Non-junction/no special feature,Paved,,Minor Injury,0,5,0,1,4,0,10000,2,6,,POINT (-95.92618342194 41.346744950098)
2014806455,2014-44850,07/03/2014,07-July,5-Thursday,15:37,1500 Hours,District 6 (East Central),DAVENPORT,SCOTT,,W LOCUST ST & RIPLEY ST,Collision with:  Vehicle in traffic,On Roadway,Rear-end (front to rear),Followed too close,None Indicated,,Daylight,Dry,Cloudy,None apparent,Non-intersection:  Non-junction/no special feature,Paved,,Property Damage Only,0,0,0,0,0,0,6000,2,3,,POINT (-90.578492962252 41.538275907649)
2014806790,02-14-10015,07/03/2014,07-July,5-Thursday,14:30,1400 Hours,District 6 (East Central),ASBURY,DUBUQUE,,ASBURY RD & WHITETAIL DR,Collision with:  Vehicle in traffic,On Roadway,Broadside (front to side),Improper Backing,None Indicated,,Daylight,Dry,Clear,None apparent,Non-intersection:  Non-junction/no special feature,Paved,,Property Damage Only,0,0,0,0,0,0,3000,2,2,,POINT (-90.763823511785 42.509598494856)
2014806475,14-003126,07/03/2014,07-July,5-Thursday,08:21,0800 Hours,District 1 (Central),AMES,STORY,US 30,US 30/NE RAMP CURV/NW RAMP CURV & S DAYTON AVE,Collision with:  Vehicle in traffic,On Roadway,Rear-end (front to rear),FTYROW:  From stop sign,None Indicated,,Daylight,Dry,Clear,None apparent,Intersection:  Intersection with ramp,Paved,,Property Damage Only,0,0,0,0,0,0,2000,2,2,,POINT (-93.586512012095 42.007389180359)
2014807693,14007843,07/03/2014,07-July,5-Thursday,12:34,1200 Hours,District 1 (Central),,TAMA,,K AVE,Collision with:  Vehicle in traffic,On Roadway,"Sideswipe, same direction",Crossed centerline (undivided),None Indicated,,Daylight,Dry,Clear,None apparent,Non-intersection:  Non-junction/no special feature,Unpaved,,Property Damage Only,0,0,0,0,0,0,3000,2,4,,POINT (-92.561952660631 42.075781183796)
2014806110,01-14-29066,07/03/2014,07-July,5-Thursday,12:03,1200 Hours,District 6 (East Central),DUBUQUE,DUBUQUE,,PENNSYLVANIA AVE & KEY WAY,Collision with:  Vehicle in traffic,On Roadway,"Angle, oncoming left turn",FTYROW:  Making left turn,None Indicated,,Daylight,Dry,Clear,None apparent,Intersection:  T-intersection,Paved,,Minor Injury,0,2,0,1,1,0,4000,2,3,,POINT (-90.725814176876 42.500475295283)
2014808296,14-019851,07/03/2014,07-July,5-Thursday,02:14,0200 Hours,District 5 (Southeast),,LEE,US 61,US 61,Collision with:  Animal,,,Animal,None Indicated,,,,,,,Paved,,Property Damage Only,0,0,0,0,0,0,2500,1,1,,POINT (-91.265726788465 40.672044937897)
2014806477,14-003130,07/03/2014,07-July,5-Thursday,11:59,1100 Hours,District 1 (Central),AMES,STORY,US 69,US 69/LINCOLN WAY,Collision with:  Vehicle in traffic,On Roadway,Broadside (front to side),FTYROW:  From driveway,None Indicated,,Daylight,Dry,Clear,None apparent,Non-intersection:  Driveway access (within),Paved,,Possible/Unknown,0,2,0,0,2,0,9500,2,3,,POINT (-93.617371395012 42.022898820518)
2014807233,2014039049,07/03/2014,07-July,5-Thursday,21:40,2100 Hours,District 4 (Southwest),,POTTAWATTAMIE,I-80,I-80,Collision with:  Animal,,,Animal,None Indicated,,,,,,,Paved,,Property Damage Only,0,0,0,0,0,0,2000,1,1,,POINT (-95.476339756283 41.499100549746)
2014807195,2014-44867,07/03/2014,07-July,5-Thursday,15:50,1500 Hours,District 6 (East Central),DAVENPORT,SCOTT,US 6,US 6/E KIMBERLY RD,Collision with:  Vehicle in traffic,On Roadway,Rear-end (front to rear),Other (explain in narrative):  Other,None Indicated,,Daylight,Dry,Cloudy,None apparent,Non-intersection:  Non-junction/no special feature,Paved,,Property Damage Only,0,0,0,0,0,0,2500,2,3,,POINT (-90.555796245289 41.556861966778)
2014806436,GP20140528,07/03/2014,07-July,5-Thursday,15:35,1500 Hours,District 1 (Central),GRINNELL,POWESHIEK,US 6,US 6/6TH AVE & ANN ST,Collision with:  Vehicle in traffic,On Roadway,Rear-end (front to rear),Followed too close,None Indicated,,Daylight,Dry,Clear,None apparent,Non-intersection:  Non-junction/no special feature,Paved,,Property Damage Only,0,0,0,0,0,0,3000,2,2,,POINT (-92.710677504385 41.746171473676)
2014812348,DCP14-0277,07/03/2014,07-July,5-Thursday,15:39,1500 Hours,District 4 (Southwest),DALLAS CENTER,DALLAS,IA 44,IA 44/SUGAR GROVE AVE & KELLOGG AVE,Collision with:  Vehicle in traffic,On Roadway,"Sideswipe, same direction",Crossed centerline (undivided),None Indicated,,Daylight,Dry,Clear,None apparent,Non-intersection:  Non-junction/no special feature,Paved,,Property Damage Only,0,0,0,0,0,0,2500,2,2,,POINT (-93.966966435424 41.688244888681)
2014806161,14-4423,07/03/2014,07-July,5-Thursday,12:54,1200 Hours,District 1 (Central),GRIMES,POLK,,SE 37TH ST & NW BEISSER DR,Collision with:  Vehicle in traffic,On Roadway,Rear-end (front to rear),Followed too close,None Indicated,,Daylight,Dry,Cloudy,None apparent,Intersection:  T-intersection,Paved,,Property Damage Only,0,0,0,0,0,0,5000,2,3,,POINT (-93.783636107333 41.658458726862)
2014806305,01774,07/03/2014,07-July,5-Thursday,21:22,2100 Hours,District 6 (East Central),DYERSVILLE,DUBUQUE,,5TH ST SE,Collision with:  Vehicle in traffic,Roadside,Rear-end (front to rear),Unknown,None Indicated,,Dark - roadway lighted,Dry,Clear,None apparent,Non-intersection:  Non-junction/no special feature,Paved,,Property Damage Only,0,0,0,0,0,0,9000,3,1,,POINT (-91.119102091692 42.48399543978)
2014807943,2014007189,07/03/2014,07-July,5-Thursday,05:13,0500 Hours,District 6 (East Central),IOWA CITY,JOHNSON,,S DUBUQUE ST,Collision with:  Vehicle in traffic,On Roadway,"Sideswipe, same direction",Driver Distraction:  Manual operation of an electronic communication device,None Indicated,,Dawn,Dry,Clear,None apparent,Intersection:  Four-way intersection,Paved,,Property Damage Only,0,0,0,0,0,0,2000,2,2,,POINT (-91.533177849554 41.657255038097)
2014811978,SO140269,07/03/2014,07-July,5-Thursday,18:46,1800 Hours,District 4 (Southwest),NODAWAY,ADAMS,,2ND ST & BIRCH AVE,Unknown,On Roadway,Non-collision (single vehicle),"Operating vehicle in an reckless, erratic, careless, negligent manner",Alcohol (Statutory),,Daylight,"Mud, dirt",Clear,None apparent,Intersection:  T-intersection,Paved,,Property Damage Only,0,0,0,0,0,0,8000,1,1,,POINT (-94.896431357448 40.930244037622)