Iowa DOT Case Number,Law Enforcement Case Number,Date of Crash,Month of Crash,Day of Week,Time of Crash,Hour,DOT District,City Name,County Name,Route with System,Location Description,First Harmful Event,Location of First Harmful Event,Manner of Crash/Collision,Major Cause,Drug or Alcohol ,Environmental Conditions,Light Conditions,Surface Conditions,Weather Conditions,Roadway Contribution,Roadway Type,Roadway Surface,Work Zone,Crash Severity,Number of Fatalities,Number of Injuries,Number of Major Injuries,Number of Minor Injuries,Number of Possible Injuries,Number of Unknown Injuries,Amount of Property Damage,Number of Vehicles Involved,Total Number of Occupants,Travel Direction,Location
2014807786,14-006843,07/03/2014,07-July,5-Thursday,18:06,1800 Hours,District 3 (Northwest),,CARROLL,,Co Rd E57/280TH ST,Collision with:  Animal,On Roadway,Non-collision (single vehicle),Animal,None Indicated,,Daylight,Dry,Clear,None apparent,Non-intersection:  Non-junction/no special feature,Paved,,Property Damage Only,0,0,0,0,0,0,2450,1,1,,POINT (-94.676548264083 41.950242533758)
2014806183,14-027561,07/03/2014,07-July,5-Thursday,01:22,0100 Hours,District 4 (Southwest),COUNCIL BLUFFS,POTTAWATTAMIE,I-29,I-29,Non-collision events:  Overturn/rollover,Shoulder,Non-collision (single vehicle),Ran off road - right,Refused,,Dark - roadway lighted,Dry,Clear,None apparent,"Interchange-related:  Off-ramp, diverge area",Paved,,Major Injury,0,1,1,0,0,0,10000,1,1,,POINT (-95.909276444023 41.268711524113)
2014806451,2014-44796,07/03/2014,07-July,5-Thursday,11:27,1100 Hours,District 6 (East Central),DAVENPORT,SCOTT,,E 35TH CT & ELMORE AVE,Collision with:  Vehicle in traffic,On Roadway,Rear-end (front to rear),Lost Control,None Indicated,,Daylight,Dry,Clear,None apparent,Intersection:  T-intersection,Paved,,Possible/Unknown,0,1,0,0,1,0,2500,2,3,,POINT (-90.527217340756 41.5560614394)
2014806202,W-14-1364,07/03/2014,07-July,5-Thursday,12:09,1200 Hours,District 2 (Northeast),WAUKON,ALLAMAKEE,IA 9,IA 9/ROSSVILLE RD & 2ND AVE SE,Collision with:  Vehicle in traffic,On Roadway,Rear-end (front to rear),Improper Backing,None Indicated,,Daylight,Dry,Clear,None apparent,Intersection:  T-intersection,Paved,,Property Damage Only,0,0,0,0,0,0,2500,2,2,,POINT (-91.475479508978 43.267326941269)
2014806923,2014-44823,07/03/2014,07-July,5-Thursday,13:38,1300 Hours,District 6 (East Central),DAVENPORT,SCOTT,US 6,US 6/SPRUCE HILLS DR,Collision with:  Vehicle in traffic,On Roadway,Rear-end (front to rear),Followed too close,None Indicated,,Daylight,Dry,Cloudy,None apparent,Non-intersection:  Non-junction/no special feature,Paved,,Property Damage Only,0,0,0,0,0,0,2500,2,2,,POINT (-90.52515170249 41.554891179504)
2014806235,14-001484,07/03/2014,07-July,5-Thursday,22:40,2200 Hours,District 1 (Central),ALTOONA,POLK,,,Collision with:  Vehicle in traffic,On Roadway,"Sideswipe, same direction",FTYROW:  From parked position,None Indicated,,Dark - roadway lighted,Dry,Clear,None apparent,Non-intersection:  Non-junction/no special feature,,,Property Damage Only,0,0,0,0,0,0,1500,2,4,,POINT (-96.643700149993 40.233091251414)
2014806974,14-22861,07/03/2014,07-July,5-Thursday,21:53,2100 Hours,District 5 (Southeast),,DES MOINES,,Co Rd J20/DMC 79,Collision with:  Animal,,,Animal,None Indicated,,,,,,,Paved,,Property Damage Only,0,0,0,0,0,0,1500,1,1,,POINT (-91.342085280199 40.826988657282)
2014806641,14-21146,07/03/2014,07-July,5-Thursday,20:45,2000 Hours,District 3 (Northwest),SIOUX CITY,WOODBURY,,W 19TH ST & HAMILTON BLVD,Collision with:  Vehicle in traffic,On Roadway,Rear-end (front to rear),Other (explain in narrative):  No improper action,None Indicated,,Daylight,Dry,Clear,None apparent,Intersection:  Four-way intersection,Paved,,Property Damage Only,0,0,0,0,0,0,2500,2,5,,POINT (-96.41676788328 42.510569563411)
2014806268,W14-066690,07/03/2014,07-July,5-Thursday,15:30,1500 Hours,District 2 (Northeast),WATERLOO,BLACK HAWK,,BROOKERIDGE DR,Collision with:  Parked motor vehicle,Outside trafficway,Unknown,Lost Control,None Indicated,,Daylight,Dry,Clear,None apparent,Non-intersection:  Non-junction/no special feature,Paved,,Property Damage Only,0,0,0,0,0,0,4500,2,3,,POINT (-92.354033719931 42.459372579078)
2014809262,14-059,07/03/2014,07-July,5-Thursday,15:14,1500 Hours,District 3 (Northwest),SIOUX CENTER,SIOUX,,4TH ST NW,Collision with:  Vehicle in traffic,On Roadway,Broadside (front to side),FTYROW:  Other (explain in narrative),None Indicated,,Daylight,Dry,Cloudy,None apparent,Non-intersection:  Non-junction/no special feature,Paved,,Property Damage Only,0,0,0,0,0,0,6500,2,5,,POINT (-96.176322351961 43.08088540345)
2014806208,14-22843,07/03/2014,07-July,5-Thursday,00:15,0000 Hours,District 5 (Southeast),BURLINGTON,DES MOINES,,FLORA ST & THUL ST,Collision with:  Vehicle in traffic,Outside trafficway,"Sideswipe, opposite direction",Improper Backing,None Indicated,,Dark - roadway lighted,Dry,Clear,None apparent,Non-intersection:  Non-junction/no special feature,Paved,,Property Damage Only,0,0,0,0,0,0,1500,2,1,,POINT (-91.113172984374 40.822173856581)
2014806347,201400002256,07/03/2014,07-July,5-Thursday,01:00,0100 Hours,District 6 (East Central),,LINN,US 151,US 151/DUBUQUE RD & STONE RD,Collision with:  Animal,,,Animal,None Indicated,,,,,,,Paved,,Property Damage Only,0,0,0,0,0,0,4000,1,1,,POINT (-91.481745829953 42.049623715844)
2014806133,C14002019,07/03/2014,07-July,5-Thursday,06:45,0600 Hours,District 6 (East Central),CORALVILLE,JOHNSON,US 6,US 6/2ND ST & CAMP CARDINAL BLVD & 22ND AVE,Collision with:  Vehicle in traffic,On Roadway,"Angle, oncoming left turn",Unknown,None Indicated,,Daylight,Dry,Clear,None apparent,Non-intersection:  Non-junction/no special feature,Paved,,Property Damage Only,0,0,0,0,0,0,2500,2,2,,POINT (-91.595795483899 41.681698268838)
2014806593,14-0782,07/03/2014,07-July,5-Thursday,16:57,1600 Hours,District 1 (Central),CLIVE,POLK,US 6,US 6/HICKMAN RD,Collision with:  Vehicle in traffic,On Roadway,"Angle, oncoming left turn",FTYROW:  Making left turn,None Indicated,,Daylight,Dry,Clear,None apparent,Non-intersection:  Driveway access (within),Paved,,Property Damage Only,0,0,0,0,0,0,4500,2,2,,POINT (-93.73755911052 41.614898822431)
2014806495,14-0369,07/03/2014,07-July,5-Thursday,22:09,2200 Hours,District 1 (Central),,WEBSTER,US 169,US 169,Collision with:  Animal,,,Animal,None Indicated,,,,,,,Paved,,Property Damage Only,0,0,0,0,0,0,3000,1,1,,POINT (-94.201498093056 42.468908195737)
2014806213,201409493,07/03/2014,07-July,5-Thursday,16:25,1600 Hours,District 6 (East Central),CEDAR RAPIDS,LINN,US 30,US 30/LINCOLN FWY/NW RAMP,Collision with:  Vehicle in traffic,On Roadway,"Sideswipe, same direction",Unknown,None Indicated,,Daylight,Dry,Cloudy,None apparent,Non-intersection:  Non-junction/no special feature,Paved,,Property Damage Only,0,0,0,0,0,0,5000,2,3,,POINT (-91.680870904969 41.928733500993)
2014806299,01-14-29082,07/03/2014,07-July,5-Thursday,14:59,1400 Hours,District 6 (East Central),DUBUQUE,DUBUQUE,US 61,US 61,Collision with:  Vehicle in traffic,On Roadway,Rear-end (front to rear),Lost Control,None Indicated,,Daylight,Dry,Cloudy,None apparent,Non-intersection:  Non-junction/no special feature,Paved,,Minor Injury,0,2,0,2,0,0,7000,2,3,,POINT (-90.68008013757 42.444851216963)
2014806638,14-21122,07/03/2014,07-July,5-Thursday,17:28,1700 Hours,District 3 (Northwest),SIOUX CITY,WOODBURY,IA 376,IA 376/LEWIS BLVD & 31ST ST,Collision with:  Vehicle in traffic,On Roadway,Rear-end (front to rear),Unknown,None Indicated,,Daylight,Dry,Clear,None apparent,Intersection:  T-intersection,Paved,,Property Damage Only,0,0,0,0,0,0,3700,2,2,,POINT (-96.365895469589 42.522819072762)
2014806207,W14-066593,07/03/2014,07-July,5-Thursday,12:51,1200 Hours,District 2 (Northeast),WATERLOO,BLACK HAWK,US 63,US 63/E MULLAN AVE & ALMOND ST & LOGAN AVE,Collision with:  Vehicle in traffic,On Roadway,Rear-end (front to rear),Other (explain in narrative):  Other,None Indicated,,Daylight,Dry,Cloudy,None apparent,Intersection:  Four-way intersection,Paved,,Possible/Unknown,0,1,0,0,1,0,200,2,2,,POINT (-92.337280601549 42.504837553272)
2014806220,14-4437,07/03/2014,07-July,5-Thursday,21:43,2100 Hours,District 1 (Central),ALTOONA,POLK,,ADVENTURELAND DR & 10TH AVE NW,Collision with:  Vehicle in traffic,On Roadway,Rear-end (front to rear),Followed too close,None Indicated,,Dark - roadway lighted,Dry,Clear,None apparent,Intersection:  T-intersection,Paved,,Possible/Unknown,0,2,0,0,2,0,20,2,2,,POINT (-93.475624026604 41.658515722118)
2014806346,14-2255,07/03/2014,07-July,5-Thursday,00:25,0000 Hours,District 6 (East Central),,LINN,US 151,US 151/AMANA RD,Collision with:  Non-motorist (see non-motorist section - NOT a unit),On Roadway,Non-collision (single vehicle),Other (explain in narrative):  No improper action,None Indicated,,Dark - roadway not lighted,Dry,Clear,None apparent,Non-intersection:  Non-junction/no special feature,Paved,,Fatal,1,0,0,0,0,0,7500,1,1,,POINT (-91.826018489389 41.883664283255)
2014807476,S14-002477,07/03/2014,07-July,5-Thursday,12:39,1200 Hours,District 4 (Southwest),,POTTAWATTAMIE,,DOGWOOD RD,Non-collision events:  Other non-collision (explain in narrative),On Roadway,Non-collision (single vehicle),Lost Control,None Indicated,,Daylight,Dry,Cloudy,None apparent,Non-intersection:  Non-junction/no special feature,Unpaved,,Property Damage Only,0,0,0,0,0,0,1500,1,1,,POINT (-95.356170634329 41.260058688949)
2014808282,02-14-10044,07/03/2014,07-July,5-Thursday,22:14,2200 Hours,District 6 (East Central),,DUBUQUE,US 52,US 52,Collision with fixed object:  Ditch,On Roadway,Non-collision (single vehicle),Crossed centerline (undivided),Alcohol (Statutory),,Dark - roadway not lighted,Dry,Clear,None apparent,Non-intersection:  Non-junction/no special feature,Paved,,Major Injury,0,1,1,0,0,0,10000,1,1,,POINT (-90.630894430907 42.432353914981)
2014806461,2014-44996,07/03/2014,07-July,5-Thursday,20:53,2000 Hours,District 6 (East Central),DAVENPORT,SCOTT,,W 31ST ST & SHERIDAN ST,Collision with:  Vehicle in traffic,On Roadway,Broadside (front to side),FTYROW:  From driveway,None Indicated,,Daylight,Dry,Clear,None apparent,Non-intersection:  Driveway access (within),Paved,,Property Damage Only,0,0,0,0,0,0,9000,2,2,,POINT (-90.57436031334 41.551662333421)
2014806765,9652-14,07/03/2014,07-July,5-Thursday,13:02,1300 Hours,District 3 (Northwest),SPENCER,CLAY,,W 12TH ST & 1ST AVE W,Collision with:  Vehicle in traffic,On Roadway,Broadside (front to side),FTYROW:  At uncontrolled intersection,None Indicated,,Daylight,Dry,Cloudy,None apparent,Intersection:  Four-way intersection,Paved,,Property Damage Only,0,0,0,0,0,0,6500,2,2,,POINT (-95.146722816846 43.149755100343)
2014806242,14-027643,07/03/2014,07-July,5-Thursday,16:05,1600 Hours,District 4 (Southwest),COUNCIL BLUFFS,POTTAWATTAMIE,,32ND AVE & S 7TH ST,Collision with:  Vehicle in traffic,On Roadway,"Sideswipe, same direction",Made improper turn,None Indicated,,Daylight,Dry,Clear,None apparent,Intersection:  Four-way intersection,Paved,,Property Damage Only,0,0,0,0,0,0,1900,2,2,,POINT (-95.852698881751 41.228230842658)
2014806452,2014-44806,07/03/2014,07-July,5-Thursday,12:11,1200 Hours,District 6 (East Central),DAVENPORT,SCOTT,,W LOCUST ST & GAINES ST,Collision with:  Vehicle in traffic,On Roadway,Rear-end (front to rear),"Operating vehicle in an reckless, erratic, careless, negligent manner",None Indicated,,Daylight,Dry,Cloudy,None apparent,Non-intersection:  Non-junction/no special feature,Paved,,Property Damage Only,0,0,0,0,0,0,1700,2,4,,POINT (-90.58278468434 41.538267181301)
2014806637,14-21099,07/03/2014,07-July,5-Thursday,14:42,1400 Hours,District 3 (Northwest),SIOUX CITY,WOODBURY,,SERGEANT RD,Collision with:  Vehicle in traffic,On Roadway,Rear-end (front to rear),Followed too close,None Indicated,,Daylight,Dry,Clear,None apparent,Intersection:  Four-way intersection,Paved,,Property Damage Only,0,0,0,0,0,0,5100,3,7,,POINT (-96.347034048983 42.447490884988)
2014810205,2014006703,07/03/2014,07-July,5-Thursday,13:19,1300 Hours,District 1 (Central),MARSHALLTOWN,MARSHALL,,MERLE HIBBS BLVD & S CENTER ST,Collision with:  Vehicle in traffic,On Roadway,"Angle, oncoming left turn",FTYROW:  Making left turn,None Indicated,,Daylight,Dry,Clear,None apparent,Intersection:  Four-way intersection,Paved,,Property Damage Only,0,0,0,0,0,0,2800,2,3,,POINT (-92.912706174654 42.012961392024)
2014809133,14-19933,07/03/2014,07-July,5-Thursday,17:25,1700 Hours,District 5 (Southeast),FORT MADISON,LEE,,Co Rd J48/180 ST & Co Rd X32/303 AVE,Collision with:  Vehicle in traffic,On Roadway,Broadside (front to side),FTYROW:  Other (explain in narrative),None Indicated,,Daylight,Dry,Clear,None apparent,Intersection:  Other intersection (explain in narrative),Paved,,Property Damage Only,0,0,0,0,0,0,4000,2,3,,POINT (-91.329848683689 40.69633064603)
2014807249,2014038946,07/03/2014,07-July,5-Thursday,12:45,1200 Hours,District 4 (Southwest),,ADAIR,I-80,I-80,Collision with fixed object:  Guardrail - face,On Roadway,Non-collision (single vehicle),Ran off road - right,None Indicated,,Daylight,Dry,Clear,None apparent,Non-intersection:  Non-junction/no special feature,Paved,,Property Damage Only,0,0,0,0,0,0,5000,1,1,,POINT (-94.417687028758 41.495925844914)
2014807918,14-6835,07/03/2014,07-July,5-Thursday,12:35,1200 Hours,District 3 (Northwest),CARROLL,CARROLL,US 30,US 30/6TH ST & GRANT RD,Non-collision events:  Other non-collision (explain in narrative),On Roadway,Non-collision (single vehicle),Made improper turn,None Indicated,,Daylight,Dry,Clear,None apparent,Intersection:  Four-way intersection,Paved,,Property Damage Only,0,0,0,0,0,0,3200,1,1,,POINT (-94.859285041197 42.063994566833)
2014806966,070314-,07/03/2014,07-July,5-Thursday,14:15,1400 Hours,District 3 (Northwest),STORM LAKE,BUENA VISTA,,W 4TH ST & GENESEO ST,Collision with:  Vehicle in traffic,On Roadway,Broadside (front to side),Improper Backing,None Indicated,,Daylight,Dry,Clear,None apparent,Non-intersection:  Non-junction/no special feature,Paved,,Property Damage Only,0,0,0,0,0,0,1500,2,1,,POINT (-95.203376785819 42.642511278521)
2014806640,14-21133,07/03/2014,07-July,5-Thursday,19:00,1900 Hours,District 3 (Northwest),SIOUX CITY,WOODBURY,,W 5TH ST & BLUFF ST,Collision with:  Parked motor vehicle,On Roadway,Head-on (front to front),Unknown,None Indicated,,Daylight,Dry,Clear,None apparent,Non-intersection:  Non-junction/no special feature,Paved,,Property Damage Only,0,0,0,0,0,0,3000,2,1,,POINT (-96.412566900109 42.497791482095)
2014806636,14-21096,07/03/2014,07-July,5-Thursday,14:15,1400 Hours,District 3 (Northwest),SIOUX CITY,WOODBURY,IA 12,IA 12/GORDON DR,Collision with:  Vehicle in traffic,On Roadway,Rear-end (front to rear),Driving too fast for conditions,None Indicated,,Daylight,Dry,Clear,Work Zone (roadway-related),Non-intersection:  Other non-intersection (explain in narrative),Paved,Yes,Property Damage Only,0,0,0,0,0,0,38500,3,5,,POINT (-96.386487455334 42.489849604961)
2014806684,2014039003,07/03/2014,07-July,5-Thursday,17:31,1700 Hours,District 1 (Central),ANKENY,POLK,I-35,I-35 & I-80,Collision with:  Vehicle in traffic,On Roadway,Rear-end (front to rear),Swerving/Evasive Action,None Indicated,,Daylight,Dry,Cloudy,None apparent,Non-intersection:  Non-junction/no special feature,Paved,,Property Damage Only,0,0,0,0,0,0,3700,3,4,,POINT (-93.572269267126 41.652571798031)
2014806212,201409491,07/03/2014,07-July,5-Thursday,15:04,1500 Hours,District 6 (East Central),CEDAR RAPIDS,LINN,,19TH ST SE,Non-collision events:  Overturn/rollover,On Roadway,Non-collision (single vehicle),FTYROW:  Other (explain in narrative),None Indicated,,Daylight,Dry,Clear,None apparent,Intersection:  Four-way intersection,Paved,,Property Damage Only,0,0,0,0,0,0,10500,1,1,,POINT (-91.642840006967 41.978339160007)
2014807076,14-21085,07/03/2014,07-July,5-Thursday,12:39,1200 Hours,District 3 (Northwest),SIOUX CITY,WOODBURY,,W 23RD ST & HAMILTON BLVD,Collision with:  Vehicle in traffic,On Roadway,"Angle, oncoming left turn",FTYROW:  Making left turn,None Indicated,,Daylight,Dry,Clear,None apparent,Intersection:  Four-way intersection,Paved,,Property Damage Only,0,0,0,0,0,0,3000,2,4,,POINT (-96.416846885573 42.514250026255)
2014808507,1-14-29106,07/03/2014,07-July,5-Thursday,17:01,1700 Hours,District 6 (East Central),DUBUQUE,DUBUQUE,,E 16TH ST,Collision with:  Vehicle in traffic,On Roadway,Rear-end (front to rear),Lost Control,None Indicated,,Daylight,Dry,Cloudy,None apparent,Non-intersection:  Non-junction/no special feature,Paved,,Property Damage Only,0,0,0,0,0,0,1600,2,3,,POINT (-90.655412843433 42.511861331724)
2014809814,20142371,07/03/2014,07-July,5-Thursday,14:12,1400 Hours,District 1 (Central),,GRUNDY,US 20,US 20,Collision with fixed object:  Ditch,On Roadway,Non-collision (single vehicle),Crossed centerline (undivided),None Indicated,,Daylight,Dry,Cloudy,None apparent,Non-intersection:  Non-junction/no special feature,Paved,,Minor Injury,0,2,0,1,1,0,2500,1,2,,POINT (-92.997324105735 42.462282502208)
2014806727,14000305,07/03/2014,07-July,5-Thursday,14:25,1400 Hours,District 5 (Southeast),ALBIA,MONROE,,B AVE E,Collision with:  Vehicle in traffic,On Roadway,"Sideswipe, opposite direction",Crossed centerline (undivided),None Indicated,,Daylight,Dry,Clear,None apparent,Intersection:  Other intersection (explain in narrative),Paved,,Property Damage Only,0,0,0,0,0,0,4000,2,2,,POINT (-92.801712081711 41.029042525049)
2014806642,14-21150,07/03/2014,07-July,5-Thursday,21:20,2100 Hours,District 3 (Northwest),SIOUX CITY,WOODBURY,,3RD AVE & S CLINTON ST,Collision with:  Non-motorist (see non-motorist section - NOT a unit),On Roadway,Non-collision (single vehicle),Other (explain in narrative):  No improper action,None Indicated,,Dusk,Dry,Clear,None apparent,Intersection:  Four-way intersection,Paved,,Minor Injury,0,1,0,1,0,0,1,1,1,,POINT (-96.348942231512 42.469361201992)
2014810266,14-3314,07/03/2014,07-July,5-Thursday,13:40,1300 Hours,District 6 (East Central),HIAWATHA,LINN,,BOYSON RD,Collision with:  Vehicle in traffic,On Roadway,Rear-end (front to rear),Other (explain in narrative):  Other,None Indicated,,Daylight,Dry,Clear,None apparent,Non-intersection:  Non-junction/no special feature,Paved,,Property Damage Only,0,0,0,0,0,0,2100,2,3,,POINT (-91.679896229045 42.047805325838)
2014806203,W14-066983,07/03/2014,07-July,5-Thursday,22:30,2200 Hours,District 2 (Northeast),WATERLOO,BLACK HAWK,US 63,US 63/LOGAN AVE,Collision with:  Vehicle in traffic,On Roadway,Rear-end (front to rear),Unknown,None Indicated,,Dark - roadway lighted,Dry,Clear,None apparent,Non-intersection:  Driveway access (within),Paved,,Property Damage Only,0,0,0,0,0,0,6000,2,1,,POINT (-92.337443635038 42.555072733588)
2014806321,14-5079,07/03/2014,07-July,5-Thursday,16:08,1600 Hours,District 3 (Northwest),ARTHUR,IDA,,4TH ST & MAPLE ST,Collision with:  Parked motor vehicle,On Roadway,Unknown,Unknown,None Indicated,,Daylight,Dry,Clear,None apparent,Non-intersection:  Non-junction/no special feature,Paved,,Property Damage Only,0,0,0,0,0,0,1500,2,1,,POINT (-95.600273053401 42.317386462615)
2014806318,14-11201,07/03/2014,07-July,5-Thursday,19:14,1900 Hours,District 5 (Southeast),,HENRY,,Co Rd H28/170TH ST,Collision with:  Vehicle in traffic,On Roadway,Rear-end (front to rear),Followed too close,None Indicated,,Daylight,Dry,Clear,None apparent,Non-intersection:  Driveway access (within),Paved,,Minor Injury,0,2,0,1,1,0,8500,2,2,,POINT (-91.533150968076 41.061169904899)
2014806736,,07/03/2014,07-July,5-Thursday,22:12,2200 Hours,District 1 (Central),DYSART,TAMA,,STATE ST,Collision with:  Parked motor vehicle,On Roadway,Unknown,Improper Backing,None Indicated,,Dark - roadway lighted,Dry,Clear,None apparent,Non-intersection:  Non-junction/no special feature,Paved,,Property Damage Only,0,0,0,0,0,0,2000,2,1,,POINT (-92.310381258216 42.170508468231)
2014806571,14097201,07/03/2014,07-July,5-Thursday,06:40,0600 Hours,District 6 (East Central),SWISHER,JOHNSON,,Co Rd F12/120TH ST & Co Rd W60/HWY 965 NW,Collision with:  Vehicle in traffic,On Roadway,Broadside (front to side),Unknown,None Indicated,,Daylight,Dry,Clear,None apparent,Intersection:  Four-way intersection,Paved,,Minor Injury,0,1,0,1,0,0,5000,2,3,,POINT (-91.67546315826 41.84785521364)
2014806873,S14-002494,07/03/2014,07-July,5-Thursday,23:48,2300 Hours,District 4 (Southwest),OAKLAND,POTTAWATTAMIE,US 59,US 59,Collision with:  Animal,On Roadway,Non-collision (single vehicle),Animal,None Indicated,,Dark - roadway not lighted,Dry,Clear,None apparent,Non-intersection:  Non-junction/no special feature,Paved,,Possible/Unknown,0,1,0,0,1,0,7500,1,1,,POINT (-95.384207222107 41.339668302925)
2014809796,2014006701,07/03/2014,07-July,5-Thursday,13:02,1300 Hours,District 1 (Central),MARSHALLTOWN,MARSHALL,,MERLE HIBBS BLVD & S CENTER ST,Collision with:  Vehicle in traffic,On Roadway,Broadside (front to side),FTYROW:  From stop sign,None Indicated,,Daylight,Dry,Clear,None apparent,Intersection:  Four-way intersection,Paved,,Property Damage Only,0,0,0,0,0,0,2000,2,3,,POINT (-92.912682043951 42.012943360415)
2014806229,20140018843,07/03/2014,07-July,5-Thursday,15:36,1500 Hours,District 1 (Central),DES MOINES,POLK,US 69,US 69/SE 14TH ST & GRATIS AVE,Collision with:  Vehicle in traffic,On Roadway,Broadside (front to side),FTYROW:  From stop sign,None Indicated,,Daylight,Dry,Clear,None apparent,Intersection:  T-intersection,Paved,,Possible/Unknown,0,1,0,0,0,1,2500,2,2,,POINT (-93.596929921499 41.568499064652)
2014808913,201403003,07/03/2014,07-July,5-Thursday,16:53,1600 Hours,District 1 (Central),,BOONE,,222ND DR,Collision with fixed object:  Ditch,On Roadway,Non-collision (single vehicle),Ran off road - right,None Indicated,,Daylight,"Mud, dirt",Cloudy,None apparent,Non-intersection:  Non-junction/no special feature,Unpaved,,Major Injury,0,1,1,0,0,0,0,1,1,,POINT (-93.975992028519 42.03455882045)
2014806226,20140018916,07/04/2014,07-July,6-Friday,11:46,1100 Hours,District 1 (Central),DES MOINES,POLK,,DOUGLAS AVE & 59TH ST,Collision with:  Vehicle in traffic,On Roadway,"Angle, oncoming left turn",FTYROW:  Making left turn,None Indicated,,Daylight,Dry,Clear,None apparent,Intersection:  Four-way intersection,Paved,,Property Damage Only,0,0,0,0,0,0,7500,2,3,,POINT (-93.699367800425 41.629404888004)
2014809158,14138,07/04/2014,07-July,6-Friday,18:10,1800 Hours,District 5 (Southeast),PELLA,MARION,,JEFFERSON ST & MAIN ST,Collision with:  Vehicle in traffic,On Roadway,Rear-end (front to rear),Other (explain in narrative):  Other,None Indicated,,Daylight,Dry,Clear,None apparent,Intersection:  Four-way intersection,Paved,,Property Damage Only,0,0,0,0,0,0,3800,2,5,,POINT (-92.916398677036 41.412333434552)
2014810207,2014006737,07/04/2014,07-July,6-Friday,03:16,0300 Hours,District 1 (Central),MARSHALLTOWN,MARSHALL,,E MARION ST & N 8TH AVE,Collision with:  Non-motorist (see non-motorist section - NOT a unit),Roadside,Non-collision (single vehicle),Unknown,None Indicated,,Dark - roadway lighted,Dry,Clear,None apparent,Intersection:  T-intersection,Paved,,Minor Injury,0,1,0,1,0,0,0,1,1,,POINT (-92.899993213901 42.056452954482)
2014806287,141892,07/04/2014,07-July,6-Friday,19:15,1900 Hours,District 3 (Northwest),,CRAWFORD,,Co Rd M40/BOYER BLVD,Non-collision events:  Overturn/rollover,Outside trafficway,Non-collision (single vehicle),Ran off road - right,Alcohol (Statutory),,Daylight,Dry,Clear,None apparent,Non-intersection:  Non-junction/no special feature,Unpaved,,Major Injury,0,3,1,2,0,0,10500,1,4,,POINT (-95.293443715707 42.12283339046)
2014811980,SO140271,07/04/2014,07-July,6-Friday,17:03,1700 Hours,District 4 (Southwest),CORNING,ADAMS,IA 148,IA 148 & JUNIPER AVE,Collision with fixed object:  Ditch,On Roadway,Non-collision (single vehicle),Ran off road - right,None Indicated,,Daylight,Dry,Clear,None apparent,Intersection:  T-intersection,Paved,,Possible/Unknown,0,1,0,0,1,0,1000,1,4,,POINT (-94.742726460776 41.02398110478)
2014808868,14-000789,07/04/2014,07-July,6-Friday,21:40,2100 Hours,District 1 (Central),,STORY,,245TH ST & SAND HILL TRL,Collision with:  Animal,,,Animal,None Indicated,,,,,,,Unpaved,,Property Damage Only,0,0,0,0,0,0,3000,1,1,,POINT (-93.555676845962 42.001264979416)
2014806892,2014-45291,07/04/2014,07-July,6-Friday,15:34,1500 Hours,District 6 (East Central),DAVENPORT,SCOTT,,N THORNWOOD AVE,Collision with:  Parked motor vehicle,On Roadway,Unknown,Unknown,None Indicated,,Daylight,Dry,Clear,None apparent,Non-intersection:  Non-junction/no special feature,Paved,,Property Damage Only,0,0,0,0,0,0,3000,2,1,,POINT (-90.61471091372 41.574977890436)
2014806402,20140018942,07/04/2014,07-July,6-Friday,17:00,1700 Hours,District 1 (Central),DES MOINES,POLK,,CENTER ST & 9TH ST,Collision with:  Vehicle in traffic,On Roadway,Rear-end (front to rear),Exceeded authorized speed,Refused,,Daylight,Dry,Cloudy,None apparent,Non-intersection:  Non-junction/no special feature,Paved,,Property Damage Only,0,0,0,0,0,0,6500,2,3,,POINT (-93.629298400634 41.591646267686)
2014806644,14-21258,07/04/2014,07-July,6-Friday,15:23,1500 Hours,District 3 (Northwest),SIOUX CITY,WOODBURY,,LINCOLN WAY & S LAKEPORT ST,Collision with:  Vehicle in traffic,On Roadway,Rear-end (front to rear),Other (explain in narrative):  Other,None Indicated,,Daylight,Dry,Clear,None apparent,Intersection:  Four-way intersection,Paved,,Possible/Unknown,0,2,0,0,2,0,9000,2,2,,POINT (-96.344698364004 42.450206486169)
2014806348,201400002279,07/04/2014,07-July,6-Friday,02:15,0200 Hours,District 6 (East Central),,LINN,IA 13,IA 13/IOWA 13,Collision with:  Animal,,,Animal,None Indicated,,,,,,,Paved,,Property Damage Only,0,0,0,0,0,0,5500,1,1,,POINT (-91.543071832896 42.184736973493)
2014806431,14-027767,07/04/2014,07-July,6-Friday,09:55,0900 Hours,District 4 (Southwest),COUNCIL BLUFFS,POTTAWATTAMIE,,S 9TH ST,Unknown,On Roadway,Unknown,Unknown,None Indicated,,Daylight,Unknown,Unknown,Unknown,Non-intersection:  Non-junction/no special feature,Paved,,Property Damage Only,0,0,0,0,0,0,1500,2,1,,POINT (-95.857508110541 41.256184377475)
2014809130,14-020116,07/04/2014,07-July,6-Friday,21:28,2100 Hours,District 5 (Southeast),,LEE,US 61,US 61,Collision with:  Animal,,,Animal,None Indicated,,,,,,,Paved,,Property Damage Only,0,0,0,0,0,0,2000,1,1,,POINT (-91.24839947971 40.691727227099)
2014813471,,07/04/2014,07-July,6-Friday,21:19,2100 Hours,District 2 (Northeast),,CHICKASAW,,Co Rd V48/ROANOKE AVE,Collision with:  Animal,On Roadway,Head-on (front to front),Animal,None Indicated,,Unknown,Dry,Unknown,None apparent,Non-intersection:  Non-junction/no special feature,Paved,,Possible/Unknown,0,1,0,0,1,0,8000,1,2,,POINT (-92.190713686099 43.015655016422)
2014806401,20140018940,07/04/2014,07-July,6-Friday,16:08,1600 Hours,District 1 (Central),DES MOINES,POLK,,HIGH ST & 9TH ST,Collision with:  Vehicle in traffic,On Roadway,Broadside (front to side),Ran Traffic Signal,None Indicated,,Daylight,Dry,Clear,None apparent,Intersection:  Four-way intersection,Paved,,Property Damage Only,0,0,0,0,0,0,3500,2,4,,POINT (-93.629259652006 41.587656269248)