Iowa DOT Case Number,Law Enforcement Case Number,Date of Crash,Month of Crash,Day of Week,Time of Crash,Hour,DOT District,City Name,County Name,Route with System,Location Description,First Harmful Event,Location of First Harmful Event,Manner of Crash/Collision,Major Cause,Drug or Alcohol ,Environmental Conditions,Light Conditions,Surface Conditions,Weather Conditions,Roadway Contribution,Roadway Type,Roadway Surface,Work Zone,Crash Severity,Number of Fatalities,Number of Injuries,Number of Major Injuries,Number of Minor Injuries,Number of Possible Injuries,Number of Unknown Injuries,Amount of Property Damage,Number of Vehicles Involved,Total Number of Occupants,Travel Direction,Location
2014806688,2014039173,07/04/2014,07-July,6-Friday,15:15,1500 Hours,District 4 (Southwest),LITTLE SIOUX,HARRISON,I-29,I-29,Collision with:  Animal,,Non-collision (single vehicle),Animal,None Indicated,,,,,,,Paved,,Property Damage Only,0,0,0,0,0,0,3000,1,1,,POINT (-96.051754443132 41.79124939789)
2014806713,2014039237,07/04/2014,07-July,6-Friday,21:30,2100 Hours,District 5 (Southeast),,WARREN,,Co Rd G58/HWY G58,Collision with:  Animal,On Roadway,Non-collision (single vehicle),Animal,None Indicated,,Dark - roadway not lighted,Dry,Clear,None apparent,Non-intersection:  Non-junction/no special feature,Paved,,Minor Injury,0,1,0,1,0,0,5000,1,1,,POINT (-93.465965988085 41.288727052161)
2014806950,2014039242,07/04/2014,07-July,6-Friday,21:57,2100 Hours,District 6 (East Central),,IOWA,I-80,I-80,Collision with:  Animal,,,Animal,None Indicated,,,,,,,Paved,,Property Damage Only,0,0,0,0,0,0,5000,1,1,,POINT (-92.284324266921 41.696011209574)
2014808862,1-14-000244,07/04/2014,07-July,6-Friday,20:25,2000 Hours,District 4 (Southwest),,SHELBY,,MULBERRY RD,Collision with fixed object:  Ditch,On Roadway,Non-collision (single vehicle),"Operating vehicle in an reckless, erratic, careless, negligent manner",Refused,,Daylight,"Mud, dirt",Clear,None apparent,Non-intersection:  Non-junction/no special feature,Unpaved,,Minor Injury,0,2,0,2,0,0,5000,1,2,,POINT (-95.305443347582 41.70691158712)
2014806353,201409552,07/04/2014,07-July,6-Friday,22:59,2200 Hours,District 6 (East Central),CEDAR RAPIDS,LINN,,74TH ST NE & COUNCIL ST NE,Collision with fixed object:  Ditch,On Roadway,Non-collision (single vehicle),Lost Control,None Indicated,,Dark - roadway not lighted,Dry,Clear,None apparent,Intersection:  T-intersection,Paved,,Property Damage Only,0,0,0,0,0,0,3500,1,3,,POINT (-91.658155185426 42.051389862424)
2014808749,,07/04/2014,07-July,6-Friday,19:22,1900 Hours,District 5 (Southeast),FORT MADISON,LEE,,1ST ST,Collision with fixed object:  Concrete traffic barrier (median or right side),On Roadway,Non-collision (single vehicle),Unknown,None Indicated,,Daylight,Wet,Clear,"Surface condition (e.g., wet, icy)",Non-intersection:  Non-junction/no special feature,Paved,,Property Damage Only,0,0,0,0,0,0,2300,1,4,,POINT (-91.298723923817 40.631071353815)
2014806496,14-0374,07/04/2014,07-July,6-Friday,23:15,2300 Hours,District 1 (Central),,WEBSTER,US 169,US 169/LAINSON AVE,Collision with:  Animal,,,Animal,None Indicated,,,,,,,Paved,,Property Damage Only,0,0,0,0,0,0,2800,1,1,,POINT (-94.183830630727 42.319972899328)
2014806712,2014039090,07/04/2014,07-July,6-Friday,05:27,0500 Hours,District 1 (Central),,JASPER,I-80,I-80,Collision with:  Animal,,,Animal,None Indicated,,,,,,,Paved,,Property Damage Only,0,0,0,0,0,0,5000,1,1,,POINT (-93.151935662098 41.684070028768)
2014806759,14011124,07/04/2014,07-July,6-Friday,15:49,1500 Hours,District 2 (Northeast),MASON CITY,CERRO GORDO,IA 122,IA 122/4TH ST SW & S POLK AVE,Collision with:  Vehicle in traffic,On Roadway,Rear-end (front to rear),Other (explain in narrative):  Other,None Indicated,,Daylight,Dry,Cloudy,None apparent,Intersection:  Other intersection (explain in narrative),Paved,,Possible/Unknown,0,1,0,0,1,0,2500,2,3,,POINT (-93.216081283378 43.148352850153)
2014806393,20140018924,07/04/2014,07-July,6-Friday,13:55,1300 Hours,District 1 (Central),DES MOINES,POLK,US 69,US 69/SE 14TH ST & INDIANOLA AVE,Collision with:  Vehicle in traffic,On Roadway,Rear-end (front to rear),Followed too close,None Indicated,,Daylight,Dry,Clear,None apparent,Intersection:  Four-way intersection,Paved,,Property Damage Only,0,0,0,0,0,0,4100,2,2,,POINT (-93.596862877916 41.553394171489)
2014806369,14-009014,07/04/2014,07-July,6-Friday,11:00,1100 Hours,District 4 (Southwest),GLENWOOD,MILLS,,GLENWOOD STATE HOSPITAL,Collision with:  Parked motor vehicle,Outside trafficway,Broadside (front to side),Unknown,None Indicated,,Daylight,Dry,Clear,None apparent,Non-intersection:  Driveway access (within),Paved,,Property Damage Only,0,0,0,0,0,0,1500,2,1,,POINT (-95.731216842163 41.04078741019)
2014811154,143481,07/04/2014,07-July,6-Friday,13:18,1300 Hours,District 1 (Central),IOWA FALLS,HARDIN,US 65,US 65/OAK ST & ROCKSYLVANIA AVE,Collision with:  Vehicle in traffic,On Roadway,Rear-end (front to rear),Unknown,None Indicated,,Daylight,Dry,Clear,None apparent,Non-intersection:  Non-junction/no special feature,Paved,,Property Damage Only,0,0,0,0,0,0,3200,2,2,,POINT (-93.262983976902 42.5214376915)
2014807147,1400000586,07/04/2014,07-July,6-Friday,23:20,2300 Hours,District 1 (Central),,MARSHALL,IA 146,IA 146/ZELLER AVE,Collision with:  Animal,,,Animal,None Indicated,,,,,,,Paved,,Property Damage Only,0,0,0,0,0,0,2000,1,1,,POINT (-92.785473439608 41.958943164552)
2014806618,14-0750,07/04/2014,07-July,6-Friday,22:50,2200 Hours,District 1 (Central),PLEASANT HILL,POLK,US 65,US 65/NE RAMP/SE RAMP & IA 163/E UNIVERSITY AVE,Collision with:  Vehicle in traffic,On Roadway,Broadside (front to side),Ran Traffic Signal,None Indicated,,Dark - roadway lighted,Dry,Clear,None apparent,Intersection:  Four-way intersection,Paved,,Property Damage Only,0,0,0,0,0,0,2000,2,6,,POINT (-93.495500036314 41.598722948505)
2014806585,14-027946,07/04/2014,07-July,6-Friday,17:08,1700 Hours,District 5 (Southeast),MUSCATINE,MUSCATINE,,W 11TH ST & CHESTNUT ST,Collision with:  Vehicle in traffic,On Roadway,"Sideswipe, opposite direction",Other (explain in narrative):  No improper action,None Indicated,,Daylight,Dry,Clear,None apparent,Intersection:  T-intersection,Paved,,Property Damage Only,0,0,0,0,0,0,1600,3,777,,POINT (-91.053877071992 41.427814407224)
2014806404,20140018949,07/04/2014,07-July,6-Friday,17:15,1700 Hours,District 1 (Central),DES MOINES,POLK,US 69,US 69/SE 14TH ST & E HEROLD AVE,Collision with:  Parked motor vehicle,On Roadway,Broadside (front to side),Improper or erratic lane changing,None Indicated,,Daylight,Dry,Clear,None apparent,Non-intersection:  Non-junction/no special feature,Paved,,Property Damage Only,0,0,0,0,0,0,4500,3,8,,POINT (-93.596899801841 41.541765531032)
2014806265,W14-067088,07/04/2014,07-July,6-Friday,17:05,1700 Hours,District 2 (Northeast),WATERLOO,BLACK HAWK,,NEWELL ST,Collision with fixed object:  Utility pole/light support,Roadside,Non-collision (single vehicle),Ran off road - left,None Indicated,,Daylight,Dry,Clear,None apparent,Non-intersection:  Non-junction/no special feature,Paved,,Property Damage Only,0,0,0,0,0,0,1500,1,1,,POINT (-92.3298762466 42.513205923888)
2014806406,20140018960,07/04/2014,07-July,6-Friday,20:00,2000 Hours,District 1 (Central),DES MOINES,POLK,,,Collision with fixed object:  Utility pole/light support,Outside trafficway,Non-collision (single vehicle),Lost Control,None Indicated,,Unknown,Dry,Cloudy,None apparent,Non-intersection:  Non-junction/no special feature,,,Property Damage Only,0,0,0,0,0,0,4500,1,1,,POINT (-93.631150632539 41.61181230655)
2014812793,,07/04/2014,07-July,6-Friday,21:44,2100 Hours,District 3 (Northwest),,POCAHONTAS,,PILOT CREEK RD,Collision with fixed object:  Ditch,On Roadway,Non-collision (single vehicle),Exceeded authorized speed,Alcohol (Statutory),,Dark - roadway not lighted,Dry,Clear,None apparent,Non-intersection:  Other non-intersection (explain in narrative),Paved,,Fatal,1,0,0,0,0,0,4000,1,1,,POINT (-94.447054658377 42.805169859214)
2014813995,,07/04/2014,07-July,6-Friday,23:59,2300 Hours,District 5 (Southeast),,MUSCATINE,,165TH ST,Non-collision events:  Overturn/rollover,On Roadway,Non-collision (single vehicle),Exceeded authorized speed,Alcohol (Statutory),,Dark - roadway not lighted,Dry,Clear,,Non-intersection:  Non-junction/no special feature,Unpaved,,Major Injury,0,2,2,0,0,0,5000,1,2,,POINT (-90.835016394011 41.500306448203)
2014806480,14-003146,07/04/2014,07-July,6-Friday,15:53,1500 Hours,District 1 (Central),AMES,STORY,US 30,US 30,Collision with:  Vehicle in traffic,On Roadway,"Sideswipe, same direction","Operating vehicle in an reckless, erratic, careless, negligent manner",Drug/Alcohol (Statutory),,Daylight,Dry,Cloudy,None apparent,"Interchange-related:  Off-ramp, diverge area",Paved,,Major Injury,0,3,1,2,0,0,11000,2,4,,POINT (-93.616070601153 42.004514350985)
2014806295,14-22396,07/04/2014,07-July,6-Friday,13:20,1300 Hours,District 5 (Southeast),BURLINGTON,DES MOINES,US 34,US 34/SW LOOP,Collision with:  Vehicle in traffic,On Roadway,"Sideswipe, same direction",Other (explain in narrative):  Other,None Indicated,,Daylight,Dry,Clear,None apparent,Interchange-related:  On-ramp merge area,Paved,,Property Damage Only,0,0,0,0,0,0,6500,2,3,,POINT (-91.14216064154 40.81765410721)
2014806270,201403032,07/04/2014,07-July,6-Friday,23:03,2300 Hours,District 1 (Central),,BOONE,IA 144,IA 144/325TH ST,Collision with:  Animal,,,Animal,None Indicated,,,,,,,Paved,,Property Damage Only,0,0,0,0,0,0,1500,1,1,,POINT (-94.108241501321 41.884740889901)
2014816918,,07/04/2014,07-July,6-Friday,20:53,2000 Hours,District 2 (Northeast),CLEAR LAKE,CERRO GORDO,,N SHORE DR,Collision with:  Vehicle in traffic,On Roadway,Broadside (front to side),FTYROW:  Other (explain in narrative),None Indicated,,Daylight,Dry,Clear,None apparent,Non-intersection:  Alley,Paved,,Property Damage Only,0,0,0,0,0,0,5500,2,2,,POINT (-93.392275632029 43.140131271526)
2014806674,2014039234,07/04/2014,07-July,6-Friday,21:38,2100 Hours,District 2 (Northeast),,CHICKASAW,US 18,US 18/200TH,Collision with:  Animal,,Non-collision (single vehicle),Animal,None Indicated,,,,,,,Paved,,Property Damage Only,0,0,0,0,0,0,2500,1,1,,POINT (-92.539840355769 43.068811685508)
2014806421,14-1462,07/04/2014,07-July,6-Friday,00:42,0000 Hours,District 1 (Central),URBANDALE,POLK,,DOUGLAS AVE,Collision with:  Vehicle in traffic,On Roadway,Rear-end (front to rear),Followed too close,None Indicated,,Dark - roadway lighted,Dry,Clear,None apparent,Non-intersection:  Non-junction/no special feature,Paved,,Property Damage Only,0,0,0,0,0,0,2200,2,2,,POINT (-93.730411799642 41.629274871849)
2014809134,14-20035,07/04/2014,07-July,6-Friday,00:10,0000 Hours,District 5 (Southeast),,LEE,,195 AVE,Collision with:  Animal,,,Animal,None Indicated,,,,,,,Unpaved,,Property Damage Only,0,0,0,0,0,0,1500,1,1,,POINT (-91.53710873335 40.547532689786)
2014806425,14-3165,07/04/2014,07-July,6-Friday,17:50,1700 Hours,District 1 (Central),WEST DES MOINES,POLK,,GRAND AVE,Collision with:  Vehicle in traffic,On Roadway,Rear-end (front to rear),Followed too close,None Indicated,,Daylight,Dry,Clear,None apparent,Intersection:  T-intersection,Paved,,Possible/Unknown,0,1,0,0,1,0,4000,2,3,,POINT (-93.738445262593 41.551545264475)
2014806381,14-002871,07/04/2014,07-July,6-Friday,14:45,1400 Hours,District 1 (Central),ANKENY,POLK,,CASTLETON CT & NE TRILEIN DR,Collision with:  Vehicle in traffic,On Roadway,Broadside (front to side),FTYROW:  From driveway,None Indicated,,Daylight,Dry,Clear,None apparent,Non-intersection:  Driveway access (within),Paved,,Property Damage Only,0,0,0,0,0,0,1500,2,2,,POINT (-93.587812615152 41.749238438894)
2014806214,201409521,07/04/2014,07-July,6-Friday,02:22,0200 Hours,District 6 (East Central),CEDAR RAPIDS,LINN,,42ND ST NE,Collision with:  Vehicle in traffic,On Roadway,"Sideswipe, opposite direction",Crossed centerline (undivided),Alcohol (Statutory),,Dark - roadway lighted,Dry,Cloudy,None apparent,Non-intersection:  Driveway access (within),Paved,,Possible/Unknown,0,1,0,0,1,0,10000,2,3,,POINT (-91.656904012729 42.021294014721)
2014812141,14006011,07/04/2014,07-July,6-Friday,22:55,2200 Hours,District 6 (East Central),,BUCHANAN,,Co Rd C57/120TH ST,Collision with:  Animal,,,Animal,None Indicated,,,,,,,Paved,,Property Damage Only,0,0,0,0,0,0,1500,1,1,,POINT (-91.937165860679 42.613702466388)
2014807251,2014039088,07/04/2014,07-July,6-Friday,05:11,0500 Hours,District 4 (Southwest),,MILLS,I-29,I-29,Non-collision events:  Overturn/rollover,On Roadway,Non-collision (single vehicle),Swerving/Evasive Action,None Indicated,,Dark - roadway not lighted,Dry,Clear,None apparent,Non-intersection:  Non-junction/no special feature,Paved,,Minor Injury,0,1,0,1,0,0,120000,1,1,,POINT (-95.799478163121 40.962537095093)
2014806957,14-66987,07/04/2014,07-July,6-Friday,09:01,0900 Hours,District 2 (Northeast),LA PORTE CITY,BLACK HAWK,,KOBER RD,Collision with fixed object:  Ditch,On Roadway,Non-collision (single vehicle),Swerving/Evasive Action,Refused,,Daylight,Dry,Clear,None apparent,Non-intersection:  Non-junction/no special feature,Unpaved,,Possible/Unknown,0,1,0,0,1,0,5500,1,1,,POINT (-92.220525175254 42.315086121634)
2014806374,14-027879,07/04/2014,07-July,6-Friday,02:19,0200 Hours,District 5 (Southeast),MUSCATINE,MUSCATINE,,GRANDVIEW AVE & MAIN ST,Collision with fixed object:  Curb/island/raised median,On Roadway,Non-collision (single vehicle),Unknown,None Indicated,,Dark - roadway lighted,Dry,Clear,None apparent,Intersection:  Y-intersection,Paved,,Property Damage Only,0,0,0,0,0,0,5000,1,1,,POINT (-91.05902284169 41.412553565821)
2014807234,2014039251,07/04/2014,07-July,6-Friday,22:35,2200 Hours,District 4 (Southwest),,CASS,I-80,I-80,Collision with:  Animal,,,Animal,None Indicated,,,,,,,Paved,,Property Damage Only,0,0,0,0,0,0,5000,1,1,,POINT (-94.764396545483 41.497046220113)
2014809921,14-1258,07/04/2014,07-July,6-Friday,20:00,2000 Hours,District 1 (Central),POLK CITY,POLK,,NW HUGG DR,Collision with:  Other non-fixed object (explain in narrative),On Roadway,Non-collision (single vehicle),Ran off road - right,Alcohol (Statutory),,Daylight,Dry,Clear,Unknown,Non-intersection:  Non-junction/no special feature,Paved,,Possible/Unknown,0,1,0,0,1,0,2000,1,1,,POINT (-93.721007769292 41.790272055083)
2014807696,14-173,07/04/2014,07-July,6-Friday,11:23,1100 Hours,District 4 (Southwest),BEDFORD,TAYLOR,,PEARL ST & PENNSYLVANIA ST,Collision with:  Parked motor vehicle,On Roadway,Rear-end (front to rear),Lost Control,None Indicated,,Daylight,Dry,Clear,None apparent,Intersection:  Four-way intersection,Paved,,Property Damage Only,0,0,0,0,0,0,1500,2,1,,POINT (-94.722548956738 40.668842444018)
2014806338,2014007230,07/04/2014,07-July,6-Friday,19:45,1900 Hours,District 6 (East Central),IOWA CITY,JOHNSON,,BOWERY ST & VAN BUREN ST,Collision with:  Vehicle in traffic,On Roadway,"Sideswipe, same direction",Ran off road - right,None Indicated,,Daylight,Dry,Clear,None apparent,Non-intersection:  Non-junction/no special feature,Paved,,Property Damage Only,0,0,0,0,0,0,5000,2,1,,POINT (-91.5287697149 41.654109335714)
2014809773,20142398,07/04/2014,07-July,6-Friday,22:00,2200 Hours,District 1 (Central),DIKE,GRUNDY,US 20,US 20,Collision with:  Animal,,,Animal,None Indicated,,,,,,,Paved,,Property Damage Only,0,0,0,0,0,0,5500,1,1,,POINT (-92.639373997371 42.462417689161)
2014810813,2014042040,07/04/2014,07-July,6-Friday,09:40,0900 Hours,District 6 (East Central),INDEPENDENCE,BUCHANAN,US 20,US 20/NW RAMP,Non-collision events:  Overturn/rollover,On Roadway,Non-collision (single vehicle),Lost Control,None Indicated,,Daylight,Dry,Clear,None apparent,Intersection:  Intersection with ramp,Paved,,Property Damage Only,0,0,0,0,0,0,5000,1,1,,POINT (-91.891589173489 42.449223046447)
2014806948,2014039080,07/04/2014,07-July,6-Friday,01:40,0100 Hours,District 1 (Central),,POWESHIEK,I-80,I-80,Collision with fixed object:  Guardrail - face,Median,Non-collision (single vehicle),Ran off road - left,None Indicated,,Dark - roadway not lighted,Dry,Clear,None apparent,Non-intersection:  Non-junction/no special feature,Paved,,Possible/Unknown,0,1,0,0,1,0,17302,1,1,,POINT (-92.754889888936 41.695285113933)
2014811155,143484,07/04/2014,07-July,6-Friday,15:12,1500 Hours,District 1 (Central),IOWA FALLS,HARDIN,,PIERCE ST & COLLEGE AVE,Collision with:  Vehicle in traffic,On Roadway,Broadside (front to side),FTYROW:  From stop sign,None Indicated,,Daylight,Dry,Clear,None apparent,Intersection:  Four-way intersection,Paved,,Possible/Unknown,0,1,0,0,1,0,12000,2,3,,POINT (-93.266615079795 42.52502262945)
2014807334,14-5123,07/04/2014,07-July,6-Friday,21:04,2100 Hours,District 3 (Northwest),BATTLE CREEK,IDA,,5TH ST,Collision with fixed object:  Utility pole/light support,On Roadway,Non-collision (single vehicle),Improper Backing,Alcohol (< Statutory),,Dusk,Dry,Clear,None apparent,Non-intersection:  Driveway access (within),Paved,,Property Damage Only,0,0,0,0,0,0,7000,1,1,,POINT (-95.59573432367 42.318551985941)
2014806711,2014039078,07/04/2014,07-July,6-Friday,00:40,0000 Hours,District 1 (Central),,JASPER,I-80,I-80,Collision with fixed object:  Other fixed object (explain in narrative),Shoulder,Non-collision (single vehicle),Swerving/Evasive Action,None Indicated,,Dark - roadway not lighted,Dry,Clear,None apparent,Non-intersection:  Non-junction/no special feature,Paved,,Property Damage Only,0,0,0,0,0,0,8050,1,3,,POINT (-93.340226090334 41.681054803892)
2014806647,14-21270,07/04/2014,07-July,6-Friday,17:42,1700 Hours,District 3 (Northwest),SIOUX CITY,WOODBURY,,MCDONALD BLVD,Collision with:  Vehicle in traffic,On Roadway,Unknown,Lost Control,Alcohol (Statutory),,Daylight,Dry,Clear,None apparent,Non-intersection:  Non-junction/no special feature,Paved,,Property Damage Only,0,0,0,0,0,0,2500,2,777,,POINT (-96.410810223864 42.524091835917)
2014807544,S14-6625,07/04/2014,07-July,6-Friday,23:06,2300 Hours,District 3 (Northwest),,WOODBURY,IA 31,IA 31/HWY 31,Collision with:  Animal,On Roadway,Non-collision (single vehicle),Animal,None Indicated,,Dark - roadway not lighted,Dry,Cloudy,None apparent,Non-intersection:  Non-junction/no special feature,Paved,,Major Injury,0,1,1,0,0,0,4000,1,1,,POINT (-95.810962744064 42.453331918856)
2014806400,20140018920,07/04/2014,07-July,6-Friday,13:04,1300 Hours,District 1 (Central),DES MOINES,POLK,US 69,US 69/E 14TH ST & OSCEOLA AVE,Collision with:  Vehicle in traffic,On Roadway,Rear-end (front to rear),Followed too close,None Indicated,,Daylight,Dry,Clear,None apparent,Intersection:  Other intersection (explain in narrative),Paved,,Possible/Unknown,0,1,0,0,1,0,2600,2,4,,POINT (-93.600543388688 41.608985873474)
2014806301,01-14-29268,07/04/2014,07-July,6-Friday,13:15,1300 Hours,District 6 (East Central),DUBUQUE,DUBUQUE,,LINCOLN ST & SHIRAS AVE,Collision with:  Vehicle in traffic,Shoulder,Unknown,Lost Control,None Indicated,,Daylight,Dry,Cloudy,None apparent,Non-intersection:  Non-junction/no special feature,Paved,,Property Damage Only,0,0,0,0,0,0,2000,2,1,,POINT (-90.650802517121 42.530623715177)
2014806645,14-21264,07/04/2014,07-July,6-Friday,16:15,1600 Hours,District 3 (Northwest),SIOUX CITY,WOODBURY,,S LAKEPORT ST,Collision with:  Vehicle in traffic,On Roadway,"Sideswipe, same direction",FTYROW:  Other (explain in narrative),None Indicated,,Daylight,Dry,Clear,None apparent,Non-intersection:  Non-junction/no special feature,Paved,,Property Damage Only,0,0,0,0,0,0,6000,2,7,,POINT (-96.347814129222 42.439544048512)
2014806423,14-3161,07/04/2014,07-July,6-Friday,13:05,1300 Hours,District 1 (Central),WEST DES MOINES,POLK,,22ND ST,Collision with:  Vehicle in traffic,On Roadway,Broadside (front to side),Ran Traffic Signal,None Indicated,,Daylight,Dry,Clear,None apparent,Intersection:  Four-way intersection,Paved,,Minor Injury,0,2,0,2,0,0,5000,2,2,,POINT (-93.736157551715 41.591912418643)
2014807088,,07/04/2014,07-July,6-Friday,21:44,2100 Hours,District 2 (Northeast),NASHUA,FLOYD,US 218,US 218,Collision with:  Animal,On Roadway,Non-collision (single vehicle),Animal,None Indicated,,Dark - roadway lighted,Dry,Clear,None apparent,Non-intersection:  Non-junction/no special feature,Paved,,Property Damage Only,0,0,0,0,0,0,2000,1,2,,POINT (-92.554386145603 42.959710049112)
2014806403,20140018943,07/04/2014,07-July,6-Friday,16:58,1600 Hours,District 1 (Central),DES MOINES,POLK,,MLK JR PKWY & INGERSOLL AVE,Collision with:  Vehicle in traffic,On Roadway,"Sideswipe, same direction",Separation of units,None Indicated,,Daylight,Dry,Cloudy,None apparent,Intersection:  Four-way intersection,Paved,,Property Damage Only,0,0,0,0,0,0,7500,2,2,,POINT (-93.644777356589 41.585741818722)
2014806591,14-002875,07/04/2014,07-July,6-Friday,21:47,2100 Hours,District 1 (Central),ANKENY,POLK,IA 160,IA 160/SE ORALABOR RD,Collision with:  Vehicle in traffic,On Roadway,Broadside (front to side),Ran Traffic Signal,None Indicated,,Dark - roadway lighted,Dry,Clear,None apparent,Intersection:  Intersection with ramp,Paved,,Property Damage Only,0,0,0,0,0,0,3500,2,4,,POINT (-93.575191015107 41.702880001275)
2014808479,14009693,07/04/2014,07-July,6-Friday,12:08,1200 Hours,District 6 (East Central),TIPTON,CEDAR,IA 130,IA 130/7TH ST,Collision with:  Parked motor vehicle,On Roadway,Rear-end (front to rear),Lost Control,None Indicated,,Daylight,Dry,Clear,None apparent,Non-intersection:  Non-junction/no special feature,Paved,,Property Damage Only,0,0,0,0,0,0,2000,2,2,,POINT (-91.126252235048 41.772091185903)
2014809763,14V07030,07/04/2014,07-July,6-Friday,14:05,1400 Hours,District 6 (East Central),VINTON,BENTON,,E 9TH ST & S 9TH AVE,Collision with:  Vehicle in traffic,On Roadway,Broadside (front to side),FTYROW:  At uncontrolled intersection,None Indicated,,Daylight,Dry,Clear,None apparent,Intersection:  Four-way intersection,Paved,,Minor Injury,0,1,0,1,0,0,3500,2,2,,POINT (-92.01421868967 42.162834012061)
2014807270,,07/04/2014,07-July,6-Friday,12:05,1200 Hours,District 2 (Northeast),CHARLES CITY,FLOYD,,9TH AVE & MILWAUKEE ST & N GRAND AVE,Collision with:  Vehicle in traffic,On Roadway,Rear-end (front to rear),Lost Control,None Indicated,,Daylight,Dry,Clear,None apparent,Intersection:  Four-way intersection,Paved,,Property Damage Only,0,0,0,0,0,0,3000,2,2,,POINT (-92.672540371729 43.070889230124)
2014806293,14-22987,07/04/2014,07-July,6-Friday,19:46,1900 Hours,District 5 (Southeast),BURLINGTON,DES MOINES,US 61,US 61 & WEST AVE,Collision with:  Vehicle in traffic,On Roadway,Rear-end (front to rear),Ran Traffic Signal,Refused,,Daylight,Dry,Clear,None apparent,Intersection:  Four-way intersection,Paved,,Property Damage Only,0,0,0,0,0,0,3000,2,4,,POINT (-91.141621916093 40.800422441838)
2014807010,14-004597,07/04/2014,07-July,6-Friday,21:52,2100 Hours,District 3 (Northwest),,MONONA,IA 175,IA 175/IOWA 175,Collision with:  Animal,On Roadway,Non-collision (single vehicle),Animal,None Indicated,,Dark - roadway not lighted,Dry,Cloudy,None apparent,Non-intersection:  Non-junction/no special feature,Paved,,Property Damage Only,0,0,0,0,0,0,2000,1,1,,POINT (-95.873441310624 42.105849065513)
2014816919,,07/04/2014,07-July,6-Friday,09:15,0900 Hours,District 2 (Northeast),CLEAR LAKE,CERRO GORDO,US 18,US 18,Collision with:  Vehicle in traffic,On Roadway,Rear-end (front to rear),Followed too close,None Indicated,,Daylight,Dry,Clear,None apparent,Non-intersection:  Non-junction/no special feature,Paved,,Minor Injury,0,3,0,3,0,0,13000,3,8,,POINT (-93.395918632231 43.142532024946)
2014806279,14003958,07/04/2014,07-July,6-Friday,22:23,2200 Hours,District 3 (Northwest),,CHEROKEE,,Co Rd C16/450TH ST,Collision with:  Animal,On Roadway,Non-collision (single vehicle),Animal,None Indicated,,Dark - roadway not lighted,Dry,Clear,None apparent,Non-intersection:  Non-junction/no special feature,Paved,,Property Damage Only,0,0,0,0,0,0,2000,2,3,,POINT (-95.401149977473 42.865339840998)
2014806390,20140018974,07/04/2014,07-July,6-Friday,21:38,2100 Hours,District 1 (Central),DES MOINES,POLK,US 69,US 69/SE 14TH ST,Collision with:  Vehicle in traffic,On Roadway,"Sideswipe, same direction",Unknown,None Indicated,,Dark - roadway lighted,Dry,Clear,None apparent,Non-intersection:  Non-junction/no special feature,Paved,,Property Damage Only,0,0,0,0,0,0,2000,2,3,,POINT (-93.596790137622 41.527228252614)
2014806531,14-005352,07/04/2014,07-July,6-Friday,13:14,1300 Hours,District 2 (Northeast),,CLAYTON,,Co Rd C9Y/GREAT RIVER RD,Collision with fixed object:  Ditch,On Roadway,Non-collision (single vehicle),Equipment failure,None Indicated,,Daylight,Dry,Cloudy,None apparent,Non-intersection:  Non-junction/no special feature,Paved,,Minor Injury,0,1,0,1,0,0,1000,1,1,,POINT (-91.025333196501 42.698184166473)
2014806949,2014039141,07/04/2014,07-July,6-Friday,12:00,1200 Hours,District 6 (East Central),,JOHNSON,,Co Rd W62/SHARON CENTER RD,Non-collision events:  Other non-collision (explain in narrative),Shoulder,Non-collision (single vehicle),Swerving/Evasive Action,None Indicated,,Daylight,Dry,Clear,None apparent,Non-intersection:  Non-junction/no special feature,Unpaved,,Possible/Unknown,0,1,0,0,1,0,5100,1,1,,POINT (-91.677822651558 41.537559693656)
2014806420,14-1459,07/04/2014,07-July,6-Friday,15:08,1500 Hours,District 1 (Central),URBANDALE,POLK,,MONROE CT,Collision with:  Vehicle in traffic,On Roadway,Rear-end (front to rear),Driver Distraction:  Inattentive/lost in thought,None Indicated,,Daylight,Dry,Clear,None apparent,Non-intersection:  Non-junction/no special feature,Paved,,Property Damage Only,0,0,0,0,0,0,8000,2,1,,POINT (-93.750164683026 41.628616239851)
2014806267,W14-066998,07/04/2014,07-July,6-Friday,09:43,0900 Hours,District 2 (Northeast),WATERLOO,BLACK HAWK,US 63,US 63/SERGEANT RD/UNIVERSITY AVE & IA 934,Collision with:  Vehicle in traffic,On Roadway,Broadside (front to side),Unknown,None Indicated,,Daylight,Dry,Clear,None apparent,Non-intersection:  Non-junction/no special feature,Paved,,Possible/Unknown,0,1,0,0,1,0,3900,2,2,,POINT (-92.354376815082 42.495812237584)
2014809794,14-3962,07/04/2014,07-July,6-Friday,02:51,0200 Hours,District 3 (Northwest),,CHEROKEE,IA 3,IA 3/IOWA 3,Collision with:  Animal,,,Animal,None Indicated,,,,,,,Paved,,Property Damage Only,0,0,0,0,0,0,4000,1,1,,POINT (-95.572707548199 42.792194208378)
2014812140,14006008,07/04/2014,07-July,6-Friday,22:55,2200 Hours,District 6 (East Central),,BUCHANAN,,Co Rd C57/118TH ST,Collision with:  Animal,,,Animal,None Indicated,,,,,,,Paved,,Property Damage Only,0,0,0,0,0,0,3000,1,1,,POINT (-91.919106609189 42.617360858287)
2014807225,14-0373,07/04/2014,07-July,6-Friday,23:10,2300 Hours,District 1 (Central),,WEBSTER,US 169,US 169,Collision with:  Animal,,,Animal,None Indicated,,,,,,,Paved,,Property Damage Only,0,0,0,0,0,0,5000,1,1,,POINT (-94.227140446359 42.551668866823)