Iowa DOT Case Number,Law Enforcement Case Number,Date of Crash,Month of Crash,Day of Week,Time of Crash,Hour,DOT District,City Name,County Name,Route with System,Location Description,First Harmful Event,Location of First Harmful Event,Manner of Crash/Collision,Major Cause,Drug or Alcohol ,Environmental Conditions,Light Conditions,Surface Conditions,Weather Conditions,Roadway Contribution,Roadway Type,Roadway Surface,Work Zone,Crash Severity,Number of Fatalities,Number of Injuries,Number of Major Injuries,Number of Minor Injuries,Number of Possible Injuries,Number of Unknown Injuries,Amount of Property Damage,Number of Vehicles Involved,Total Number of Occupants,Travel Direction,Location
2014807199,2014-45682,07/05/2014,07-July,7-Saturday,21:31,2100 Hours,District 6 (East Central),DAVENPORT,SCOTT,,W 76TH ST & N DIVISION ST,Collision with:  Vehicle in traffic,On Roadway,"Sideswipe, opposite direction","Operating vehicle in an reckless, erratic, careless, negligent manner",None Indicated,,Daylight,Dry,Clear,None apparent,Non-intersection:  Non-junction/no special feature,Paved,,Property Damage Only,0,0,0,0,0,0,10000,2,2,,POINT (-90.597923448365 41.596216463016)
2014806690,2014039309,07/05/2014,07-July,7-Saturday,08:45,0800 Hours,District 5 (Southeast),,WARREN,I-35,I-35,Collision with fixed object:  Ditch,Gore,Non-collision (single vehicle),Ran off road - right,None Indicated,,Daylight,Wet,Rain,None apparent,Non-intersection:  Non-junction/no special feature,Paved,,Property Damage Only,0,0,0,0,0,0,2000,1,2,,POINT (-93.778731249962 41.279812015752)
2014810940,,07/05/2014,07-July,7-Saturday,08:56,0800 Hours,District 2 (Northeast),,WINNESHIEK,,140TH AVE,Non-collision events:  Overturn/rollover,On Roadway,Non-collision (single vehicle),Ran off road - right,None Indicated,,Daylight,Dry,Clear,None apparent,Non-intersection:  Non-junction/no special feature,Unpaved,,Property Damage Only,0,0,0,0,0,0,3000,1,1,,POINT (-91.674797235433 43.085421868986)
2014808922,G14050404,07/05/2014,07-July,7-Saturday,04:04,0400 Hours,District 2 (Northeast),,FRANKLIN,,Co Rd S25/GROUSE AND HARDIN CONN/GROUSE AVE,Collision with fixed object:  Traffic sign support,On Roadway,Non-collision (single vehicle),"Operating vehicle in an reckless, erratic, careless, negligent manner",Alcohol (Statutory),,Dark - roadway not lighted,Dry,Rain,None apparent,Intersection:  Other intersection (explain in narrative),Paved,,Major Injury,0,1,1,0,0,0,15300,1,1,,POINT (-93.380802441769 42.558300715052)
2014806340,2014007249,07/05/2014,07-July,7-Saturday,10:43,1000 Hours,District 6 (East Central),IOWA CITY,JOHNSON,,W BENTON ST & MILLER AVE,Collision with:  Vehicle in traffic,On Roadway,Broadside (front to side),FTYROW:  From stop sign,None Indicated,,Daylight,Wet,Rain,None apparent,Intersection:  T-intersection,Paved,,Property Damage Only,0,0,0,0,0,0,10000,2,3,,POINT (-91.546663900957 41.650364998627)
2014806714,2014039304,07/05/2014,07-July,7-Saturday,08:38,0800 Hours,District 6 (East Central),,SCOTT,I-80,I-80,Collision with fixed object:  Other fixed object (explain in narrative),Median,Non-collision (single vehicle),Ran off road - left,None Indicated,,Daylight,Dry,Clear,None apparent,Non-intersection:  Non-junction/no special feature,Paved,,Property Damage Only,0,0,0,0,0,0,8000,1,2,,POINT (-90.731671083406 41.605968587733)
2014806434,14-027976,07/05/2014,07-July,7-Saturday,10:20,1000 Hours,District 4 (Southwest),COUNCIL BLUFFS,POTTAWATTAMIE,,MANAWA CENTRE DR,Collision with:  Vehicle in traffic,On Roadway,Broadside (front to side),Unknown,None Indicated,,Daylight,Dry,Cloudy,None apparent,Intersection:  Four-way intersection,Paved,,Property Damage Only,0,0,0,0,0,0,4500,2,3,,POINT (-95.8475345821 41.2282596981)
2014806354,201409592,07/05/2014,07-July,7-Saturday,11:51,1100 Hours,District 6 (East Central),CEDAR RAPIDS,LINN,,MT VERNON RD SE & 8TH AVE SE & 10TH ST SE,Collision with:  Vehicle in traffic,On Roadway,"Angle, oncoming left turn",FTYROW:  Making left turn,None Indicated,,Daylight,Wet,Rain,None apparent,Intersection:  Four-way intersection,Paved,,Property Damage Only,0,0,0,0,0,0,7500,2,4,,POINT (-91.653809234874 41.977891921095)
2014806283,CL14002280,07/05/2014,07-July,7-Saturday,01:13,0100 Hours,District 6 (East Central),CLINTON,CLINTON,,11TH AVE N,Collision with fixed object:  Mailbox,On Roadway,Non-collision (single vehicle),Swerving/Evasive Action,None Indicated,,Dark - roadway not lighted,Dry,Clear,None apparent,Non-intersection:  Non-junction/no special feature,Paved,,Possible/Unknown,0,1,0,0,1,0,14100,1,1,,POINT (-90.211438595705 41.856590677134)
2014806327,14-140705-01,07/05/2014,07-July,7-Saturday,13:02,1300 Hours,District 6 (East Central),,IOWA,,Co Rd V66/L AVE,Non-collision events:  Overturn/rollover,Roadside,Non-collision (single vehicle),Driving too fast for conditions,None Indicated,,Daylight,Wet,Rain,"Surface condition (e.g., wet, icy)",Non-intersection:  Non-junction/no special feature,Paved,,Minor Injury,0,2,0,1,1,0,6000,1,2,,POINT (-92.091277128214 41.862003798651)
2014809343,070514A,07/05/2014,07-July,7-Saturday,00:42,0000 Hours,District 4 (Southwest),,FREMONT,I-29,I-29,Non-collision events:  Overturn/rollover,Shoulder,Non-collision (single vehicle),Lost Control,None Indicated,,Dark - unknown roadway lighting,Unknown,Unknown,,Non-intersection:  Non-junction/no special feature,Paved,,Property Damage Only,0,0,0,0,0,0,6000,1,1,,POINT (-95.806855515431 40.793244732101)
2014806560,2014-3730,07/05/2014,07-July,7-Saturday,16:13,1600 Hours,District 1 (Central),,GRUNDY,IA 175,IA 175/240TH ST/IOWA 175 & Co Rd S75/B AVE,Collision with:  Vehicle in traffic,On Roadway,Broadside (front to side),Ran Stop Sign,None Indicated,,Daylight,Dry,Cloudy,None apparent,Intersection:  Four-way intersection,Paved,,Minor Injury,0,3,0,1,2,0,15000,2,6,,POINT (-93.002282737023 42.35380494256)
2014809925,14-4815PD,07/05/2014,07-July,7-Saturday,02:01,0200 Hours,District 1 (Central),BOONE,BOONE,,1ST ST,Collision with fixed object:  Mailbox,Shoulder,Non-collision (single vehicle),"Operating vehicle in an reckless, erratic, careless, negligent manner",None Indicated,,Dark - roadway not lighted,Wet,Cloudy,None apparent,Non-intersection:  Non-junction/no special feature,Paved,,Property Damage Only,0,0,0,0,0,0,5100,1,1,,POINT (-93.864830544292 42.056588508293)
2014806424,14-3180,07/05/2014,07-July,7-Saturday,21:52,2100 Hours,District 1 (Central),WEST DES MOINES,POLK,,CODY DR,Collision with:  Vehicle in traffic,On Roadway,Rear-end (front to rear),Exceeded authorized speed,Refused,,Dark - roadway lighted,Dry,Clear,None apparent,Non-intersection:  Non-junction/no special feature,Paved,,Possible/Unknown,0,1,0,0,1,0,10050,3,1,,POINT (-93.784719928249 41.577503917009)
2014806631,2014-14309,07/05/2014,07-July,7-Saturday,16:31,1600 Hours,District 5 (Southeast),INDIANOLA,WARREN,US 65,US 65/S JEFFERSON WAY & IA 92/E 2ND AVE,Collision with:  Vehicle in traffic,On Roadway,Rear-end (front to rear),Followed too close,None Indicated,,Daylight,Dry,Clear,None apparent,Intersection:  Four-way intersection,Paved,,Property Damage Only,0,0,0,0,0,0,3500,2,2,,POINT (-93.55833812527 41.358269711062)
2014806387,20140019015,07/05/2014,07-July,7-Saturday,06:45,0600 Hours,District 1 (Central),DES MOINES,POLK,I-235,I-235,Collision with:  Vehicle in traffic,On Roadway,"Sideswipe, same direction",Lost Control,None Indicated,,Daylight,Wet,Rain,"Surface condition (e.g., wet, icy)",Non-intersection:  Non-junction/no special feature,Paved,,Possible/Unknown,0,1,0,0,1,0,9000,2,3,,POINT (-93.575181805511 41.627616378895)
2014806961,W14-067328,07/05/2014,07-July,7-Saturday,04:00,0400 Hours,District 2 (Northeast),WATERLOO,BLACK HAWK,US 218,US 218/WASHINGTON ST,Collision with:  Vehicle in traffic,On Roadway,Rear-end (front to rear),Other (explain in narrative):  Other,None Indicated,,Dark - roadway not lighted,Unknown,Clear,None apparent,Non-intersection:  Non-junction/no special feature,Paved,,Possible/Unknown,0,2,0,0,2,0,5000,2,3,,POINT (-92.401945959418 42.538127471135)
2014806392,20140019026,07/05/2014,07-July,7-Saturday,11:11,1100 Hours,District 1 (Central),DES MOINES,POLK,,UNIVERSITY AVE & MLK JR PKWY,Collision with:  Vehicle in traffic,On Roadway,Broadside (front to side),Ran Traffic Signal,None Indicated,,Daylight,Dry,Cloudy,None apparent,Intersection:  Four-way intersection,Paved,,Property Damage Only,0,0,0,0,0,0,6500,2,2,,POINT (-93.643783372704 41.600411174845)
2014807252,2014039273,07/05/2014,07-July,7-Saturday,01:39,0100 Hours,District 1 (Central),,JASPER,I-80,I-80,Collision with fixed object:  Guardrail - face,On Roadway,Non-collision (single vehicle),Ran off road - left,Alcohol (Statutory),,Dark - roadway not lighted,Dry,Cloudy,None apparent,Non-intersection:  Non-junction/no special feature,Paved,,Property Damage Only,0,0,0,0,0,0,6500,1,1,,POINT (-93.220398082521 41.697649995547)
2014806408,20140018991,07/05/2014,07-July,7-Saturday,01:06,0100 Hours,District 1 (Central),DES MOINES,POLK,,WEST ST & SW 9TH ST,Collision with:  Vehicle in traffic,On Roadway,Head-on (front to front),Made improper turn,Alcohol (Statutory),,Dark - roadway lighted,Dry,Clear,None apparent,Non-intersection:  Non-junction/no special feature,Paved,,Property Damage Only,0,0,0,0,0,0,10000,2,2,,POINT (-93.625708118333 41.525462232737)
2014809578,2014-45981,07/05/2014,07-July,7-Saturday,00:00,0000 Hours,District 6 (East Central),DAVENPORT,SCOTT,,LE CLAIRE ST,Collision with:  Parked motor vehicle,On Roadway,"Sideswipe, same direction",Lost Control,None Indicated,,Dark - roadway lighted,Dry,Clear,None apparent,Non-intersection:  Non-junction/no special feature,Paved,,Property Damage Only,0,0,0,0,0,0,2000,2,1,,POINT (-90.568228236871 41.534537673494)
2014848167,2014039375,07/05/2014,07-July,7-Saturday,18:30,1800 Hours,District 1 (Central),ALTOONA,POLK,I-80,I-80 & US 6/FREDERICK M HUBBELL AVE,Collision with:  Vehicle in traffic,On Roadway,"Sideswipe, same direction",Made improper turn,Under Influence of Alcohol/Drugs/Medications,,Daylight,Dry,Cloudy,None apparent,Intersection:  Four-way intersection,Paved,,Property Damage Only,0,0,0,0,0,0,2250,2,3,,POINT (-93.495963531697 41.660789633812)
2014806715,2014039376,07/05/2014,07-July,7-Saturday,18:00,1800 Hours,District 2 (Northeast),,FRANKLIN,,Co Rd C47/100TH ST & CARDINAL AVE,Collision with fixed object:  Utility pole/light support,Outside trafficway,Non-collision (single vehicle),Made improper turn,None Indicated,,Daylight,Dry,Cloudy,None apparent,Intersection:  Four-way intersection,Paved,,Possible/Unknown,0,1,0,0,0,1,3000,1,5,,POINT (-93.461163299277 42.673674332011)
2014806356,201409614,07/05/2014,07-July,7-Saturday,23:25,2300 Hours,District 6 (East Central),CEDAR RAPIDS,LINN,IA 100,IA 100/PROPOSED IA100,Collision with:  Vehicle in traffic,On Roadway,Broadside (front to side),Ran Traffic Signal,None Indicated,,Dark - roadway lighted,Dry,Clear,None apparent,Intersection:  T-intersection,Unpaved,,Property Damage Only,0,0,0,0,0,0,3000,2,4,,POINT (-91.701970851153 42.028900602469)
2014808123,01-14-29421,07/05/2014,07-July,7-Saturday,07:44,0700 Hours,District 6 (East Central),DUBUQUE,DUBUQUE,,LORAS BLVD & BLUFF ST,Collision with:  Vehicle in traffic,On Roadway,"Sideswipe, same direction",Made improper turn,None Indicated,,Daylight,Dry,Cloudy,None apparent,Intersection:  Four-way intersection,Paved,,Property Damage Only,0,0,0,0,0,0,4000,2,5,,POINT (-90.671714354445 42.505214815483)
2014806839,1400000587,07/05/2014,07-July,7-Saturday,09:30,0900 Hours,District 1 (Central),,MARSHALL,,Co Rd E27/GARWIN RD & TAYLOR AVE,Collision with fixed object:  Ditch,On Roadway,Non-collision (single vehicle),Crossed centerline (undivided),None Indicated,,Daylight,Dry,Cloudy,None apparent,Intersection:  Other intersection (explain in narrative),Paved,,Property Damage Only,0,0,0,0,0,0,3300,1,1,,POINT (-92.88402433781 42.09187869913)
2014810943,,07/05/2014,07-July,7-Saturday,03:30,0300 Hours,District 2 (Northeast),,WINNESHIEK,,Co Rd A26/BIG CANOE RD,Non-collision events:  Overturn/rollover,On Roadway,Non-collision (single vehicle),Ran off road - right,None Indicated,,Dark - roadway not lighted,Dry,Clear,None apparent,Non-intersection:  Non-junction/no special feature,Paved,,Property Damage Only,0,0,0,0,0,0,10000,1,2,,POINT (-91.680114957072 43.421442741134)
2014809676,14003998,07/05/2014,07-July,7-Saturday,20:50,2000 Hours,District 3 (Northwest),,CHEROKEE,IA 3,IA 3/IOWA 3,Collision with:  Animal,,,Animal,None Indicated,,,,,,,Paved,,Property Damage Only,0,0,0,0,0,0,1500,1,1,,POINT (-95.576302597859 42.793382994591)
2014806763,S14-G0501,07/05/2014,07-July,7-Saturday,08:18,0800 Hours,District 5 (Southeast),,CLARKE,,OAKWOOD ST,Non-collision events:  Overturn/rollover,Shoulder,Non-collision (single vehicle),Driving too fast for conditions,None Indicated,,Daylight,Wet,Rain,None apparent,Non-intersection:  Non-junction/no special feature,Unpaved,,Major Injury,0,1,1,0,0,0,3500,1,1,,POINT (-93.688825195495 41.103191650175)
2014831287,2014039382,07/05/2014,07-July,7-Saturday,19:46,1900 Hours,District 4 (Southwest),ADAIR,ADAIR,I-80,I-80 & 5TH ST,Collision with fixed object:  Ditch,Roadside,Non-collision (single vehicle),Ran Stop Sign,Refused,,Daylight,Dry,Clear,None apparent,Intersection:  Intersection with ramp,Paved,,Possible/Unknown,0,1,0,0,0,1,15000,1,1,,POINT (-94.643500801358 41.492163584516)
2014806433,14-027957,07/05/2014,07-July,7-Saturday,04:19,0400 Hours,District 4 (Southwest),COUNCIL BLUFFS,POTTAWATTAMIE,,AVE G,Collision with:  Vehicle in traffic,On Roadway,"Sideswipe, opposite direction",FTYROW:  Making left turn,Alcohol (Statutory),,Dark - roadway lighted,Wet,Rain,None apparent,Intersection:  Four-way intersection,Paved,,Major Injury,0,2,2,0,0,0,12000,2,3,,POINT (-95.875130939468 41.26803894428)
2014806497,14-0375,07/05/2014,07-July,7-Saturday,22:25,2200 Hours,District 1 (Central),,WEBSTER,US 20,US 20/NE RAMP CURV/NW RAMP CURV & US 169,Collision with:  Vehicle in traffic,On Roadway,Broadside (front to side),FTYROW:  From stop sign,None Indicated,,Dark - roadway lighted,Dry,Clear,None apparent,Intersection:  Intersection with ramp,Paved,,Property Damage Only,0,0,0,0,0,0,7000,2,6,,POINT (-94.184222070085 42.446168324602)
2014806264,W14-067417,07/05/2014,07-July,7-Saturday,14:13,1400 Hours,District 2 (Northeast),WATERLOO,BLACK HAWK,,E SAN MARNAN DR & FLAMMANG DR,Collision with:  Vehicle in traffic,On Roadway,"Angle, oncoming left turn",FTYROW:  Making right turn on red signal,None Indicated,,Daylight,Dry,Cloudy,None apparent,Intersection:  Four-way intersection,Paved,,Property Damage Only,0,0,0,0,0,0,2200,2,3,,POINT (-92.331251536915 42.460682861334)
2014807602,,07/05/2014,07-July,7-Saturday,16:15,1600 Hours,District 6 (East Central),CEDAR RAPIDS,LINN,,MOUNT VERNON RD SE & 42ND ST SE,Collision with:  Vehicle in traffic,On Roadway,Rear-end (front to rear),Unknown,None Indicated,,Daylight,Wet,Cloudy,,Intersection:  T-intersection,Paved,,Possible/Unknown,0,2,0,0,2,0,7200,2,4,,POINT (-91.608797866768 41.976859841438)
2014806355,201409594,07/05/2014,07-July,7-Saturday,12:40,1200 Hours,District 6 (East Central),CEDAR RAPIDS,LINN,IA 100,IA 100/COLLINS RD NE & TWIXT TOWN RD NE,Collision with:  Vehicle in traffic,On Roadway,"Sideswipe, opposite direction",Ran Traffic Signal,None Indicated,,Daylight,Wet,Rain,None apparent,Intersection:  Four-way intersection,Paved,,Possible/Unknown,0,2,0,0,2,0,8000,2,3,,POINT (-91.623761200508 42.027439973734)
2014806648,14-21336,07/05/2014,07-July,7-Saturday,00:07,0000 Hours,District 3 (Northwest),SIOUX CITY,WOODBURY,,HARBOR DR,Non-collision events:  Overturn/rollover,On Roadway,Non-collision (single vehicle),Ran off road - right,None Indicated,,Dark - roadway lighted,Wet,Rain,"Surface condition (e.g., wet, icy)",Non-intersection:  Driveway access (within),Paved,,Minor Injury,0,1,0,1,0,0,5000,1,1,,POINT (-96.369847970219 42.425823037878)
2014807118,02-14-10148,07/05/2014,07-July,7-Saturday,19:00,1900 Hours,District 6 (East Central),SAGEVILLE,DUBUQUE,IA 32,IA 32,Collision with:  Animal,,,Animal,None Indicated,,,,,,,Paved,,Property Damage Only,0,0,0,0,0,0,5000,1,1,,POINT (-90.696601848767 42.53638971717)
2014817907,2014039345,07/05/2014,07-July,7-Saturday,12:10,1200 Hours,District 6 (East Central),DYERSVILLE,DELAWARE,US 20,US 20 & 218TH ST & 330TH AVE,Collision with:  Other non-fixed object (explain in narrative),On Roadway,Non-collision (single vehicle),Other (explain in narrative):  No improper action,None Indicated,,Daylight,Dry,Cloudy,Debris,Non-intersection:  Non-junction/no special feature,Paved,,Property Damage Only,0,0,0,0,0,0,2000,1,1,,POINT (-91.150432573108 42.47115934951)
2014806723,2014-0143,07/05/2014,07-July,7-Saturday,11:47,1100 Hours,District 5 (Southeast),CARLISLE,WARREN,IA 5,IA 5/IOWA 5 & Co Rd G16/SCOTCH RIDGE RD,Collision with:  Vehicle in traffic,On Roadway,"Angle, oncoming left turn",FTYROW:  Making left turn,Alcohol (< Statutory),,Daylight,Dry,Clear,None apparent,Intersection:  Four-way intersection,Paved,,Minor Injury,0,1,0,1,0,0,4500,3,7,,POINT (-93.497850756463 41.498542206049)
2014810267,14-3358,07/05/2014,07-July,7-Saturday,10:30,1000 Hours,District 6 (East Central),HIAWATHA,LINN,I-380,I-380 & BLAIRS FERRY RD,Collision with:  Vehicle in traffic,On Roadway,Rear-end (front to rear),FTYROW:  Other (explain in narrative),None Indicated,,Daylight,Wet,Rain,"Surface condition (e.g., wet, icy)",Intersection:  Intersection with ramp,Paved,,Property Damage Only,0,0,0,0,0,0,4000,2,2,,POINT (-91.676820118204 42.034746714846)
2014806412,20140019085,07/05/2014,07-July,7-Saturday,22:33,2200 Hours,District 1 (Central),DES MOINES,POLK,,E 30TH ST,Collision with:  Vehicle in traffic,On Roadway,Rear-end (front to rear),Followed too close,None Indicated,,Dark - roadway lighted,Dry,Clear,None apparent,Non-intersection:  Non-junction/no special feature,Paved,,Property Damage Only,0,0,0,0,0,0,1500,2,3,,POINT (-93.558365029229 41.593066495288)
2014806534,1407052791,07/05/2014,07-July,7-Saturday,08:35,0800 Hours,District 6 (East Central),,CLINTON,US 30,US 30,Collision with fixed object:  Other fixed object (explain in narrative),Roadside,Non-collision (single vehicle),Ran off road - left,None Indicated,,Daylight,Dry,Cloudy,None apparent,Non-intersection:  Non-junction/no special feature,Paved,,Property Damage Only,0,0,0,0,0,0,2500,1,1,,POINT (-90.856205742958 41.833743982375)
2014807253,2014039334,07/05/2014,07-July,7-Saturday,12:45,1200 Hours,District 4 (Southwest),,ADAIR,I-80,I-80,Non-collision events:  Overturn/rollover,On Roadway,Non-collision (single vehicle),Equipment failure,None Indicated,,Daylight,Dry,Clear,None apparent,Non-intersection:  Non-junction/no special feature,Paved,,Minor Injury,0,2,0,2,0,0,5000,1,2,,POINT (-94.274946246108 41.49305734168)
2014806691,2014039313,07/05/2014,07-July,7-Saturday,09:40,0900 Hours,District 5 (Southeast),,WARREN,I-35,I-35,Collision with fixed object:  Bridge pier or support,On Roadway,Non-collision (single vehicle),Swerving/Evasive Action,None Indicated,,Daylight,Wet,Rain,None apparent,Non-intersection:  Other non-intersection (explain in narrative),Paved,,Possible/Unknown,0,1,0,0,1,0,8790,1,1,,POINT (-93.779858778745 41.294279723372)
2014806484,14-000920,07/05/2014,07-July,7-Saturday,01:41,0100 Hours,District 1 (Central),AMES,STORY,,HABER RD & UNIVERSITY BLVD,Collision with fixed object:  Curb/island/raised median,On Roadway,Non-collision (single vehicle),Driving too fast for conditions,Refused,,Dark - roadway lighted,Wet,Rain,"Surface condition (e.g., wet, icy)",Non-intersection:  Other non-intersection (explain in narrative),Paved,,Property Damage Only,0,0,0,0,0,0,5000,1,1,,POINT (-93.638785547044 42.029950869845)
2014806575,2014007263,07/05/2014,07-July,7-Saturday,19:30,1900 Hours,District 6 (East Central),IOWA CITY,JOHNSON,,S DUBUQUE ST,Collision with:  Parked motor vehicle,Outside trafficway,"Sideswipe, same direction",Over correcting/over steering,None Indicated,,Daylight,Dry,Clear,None apparent,Non-intersection:  Non-junction/no special feature,Paved,,Property Damage Only,0,0,0,0,0,0,3000,2,1,,POINT (-91.533117510435 41.658326084564)
2014812432,2014-45522,07/05/2014,07-July,7-Saturday,04:14,0400 Hours,District 6 (East Central),DAVENPORT,SCOTT,,N PINE ST,Collision with:  Parked motor vehicle,On Roadway,Rear-end (front to rear),Lost Control,None Indicated,,Dark - roadway lighted,Dry,Clear,None apparent,Non-intersection:  Non-junction/no special feature,Paved,,Property Damage Only,0,0,0,0,0,0,3000,2,1,,POINT (-90.611300315879 41.546455802389)
2014806653,14-21478,07/05/2014,07-July,7-Saturday,21:52,2100 Hours,District 3 (Northwest),SIOUX CITY,WOODBURY,IA 12,IA 12/GORDON DR & S FAIRMOUNT ST,Collision with:  Vehicle in traffic,On Roadway,"Angle, oncoming left turn",FTYROW:  Making left turn,None Indicated,,Dark - roadway lighted,Dry,Clear,None apparent,Intersection:  Four-way intersection,Paved,,Property Damage Only,0,0,0,0,0,0,2500,2,3,,POINT (-96.374455859941 42.48987172051)
2014806733,,07/05/2014,07-July,7-Saturday,09:00,0900 Hours,District 3 (Northwest),MANSON,CALHOUN,,8TH AVE,Collision with:  Parked motor vehicle,On Roadway,"Sideswipe, same direction",Other (explain in narrative):  Other,None Indicated,,Daylight,Wet,Cloudy,None apparent,Non-intersection:  Driveway access (within),Paved,,Property Damage Only,0,0,0,0,0,0,1500,2,1,,POINT (-94.533993833615 42.525718608543)
2014807528,14-167,07/05/2014,07-July,7-Saturday,20:25,2000 Hours,District 4 (Southwest),,TAYLOR,IA 148,IA 148/IOWA 148 & 140TH ST,Collision with:  Animal,,,Animal,None Indicated,,,,,,,Paved,,Property Damage Only,0,0,0,0,0,0,5000,1,1,,POINT (-94.738276028992 40.842235919996)
2014806741,,07/05/2014,07-July,7-Saturday,10:00,1000 Hours,District 5 (Southeast),CHARITON,LUCAS,,COURT AVE,Collision with:  Vehicle in traffic,On Roadway,Rear-end (front to rear),Followed too close,None Indicated,,Daylight,Wet,Rain,None apparent,Non-intersection:  Non-junction/no special feature,Paved,,Property Damage Only,0,0,0,0,0,0,7000,2,4,,POINT (-93.315354450289 41.014494691471)
2014806627,14-7771,07/05/2014,07-July,7-Saturday,22:00,2200 Hours,District 3 (Northwest),,SIOUX,IA 10,IA 10/460TH ST,Collision with:  Animal,On Roadway,Non-collision (single vehicle),Animal,None Indicated,,Dark - roadway not lighted,Dry,Clear,None apparent,Non-intersection:  Non-junction/no special feature,Paved,,Property Damage Only,0,0,0,0,0,0,6600,1,2,,POINT (-95.885408824853 42.9819243213)
2014806339,2014007248,07/05/2014,07-July,7-Saturday,10:09,1000 Hours,District 6 (East Central),IOWA CITY,JOHNSON,US 6,US 6,Collision with:  Vehicle in traffic,On Roadway,"Sideswipe, same direction",Lost Control,None Indicated,,Daylight,Wet,Rain,"Surface condition (e.g., wet, icy)",Non-intersection:  Non-junction/no special feature,Paved,,Property Damage Only,0,0,0,0,0,0,7000,2,2,,POINT (-91.557069619729 41.665690706338)
2014807402,14-4467,07/05/2014,07-July,7-Saturday,21:45,2100 Hours,District 1 (Central),,POLK,,NW MADRID DR,Collision with fixed object:  Utility pole/light support,Shoulder,Non-collision (single vehicle),Swerving/Evasive Action,None Indicated,,Dark - roadway not lighted,Dry,Cloudy,None apparent,Non-intersection:  Non-junction/no special feature,Paved,,Property Damage Only,0,0,0,0,0,0,6000,1,1,,POINT (-93.736915294155 41.794215215536)
2014809255,S79140226,07/05/2014,07-July,7-Saturday,02:35,0200 Hours,District 1 (Central),,POWESHIEK,,,Collision with fixed object:  Ditch,Shoulder,Non-collision (single vehicle),"Operating vehicle in an reckless, erratic, careless, negligent manner",Under Influence of Alcohol/Drugs/Medications,,Dark - roadway not lighted,Dry,Cloudy,None apparent,Non-intersection:  Non-junction/no special feature,,,Major Injury,0,2,2,0,0,0,5000,1,2,,POINT (-92.543914021479 41.592553952579)
2014807106,1407058161,07/05/2014,07-July,7-Saturday,22:35,2200 Hours,District 6 (East Central),,CLINTON,US 30,US 30,Collision with:  Animal,On Roadway,Non-collision (single vehicle),Animal,None Indicated,,Dark - roadway not lighted,Dry,Clear,None apparent,Non-intersection:  Non-junction/no special feature,Paved,,Possible/Unknown,0,1,0,0,1,0,5000,1,1,,POINT (-90.505780533999 41.807536720908)
2014806651,14-21448,07/05/2014,07-July,7-Saturday,17:38,1700 Hours,District 3 (Northwest),SIOUX CITY,WOODBURY,,23RD ST & JACKSON ST,Collision with:  Vehicle in traffic,On Roadway,Broadside (front to side),Ran Stop Sign,None Indicated,,Daylight,Dry,Clear,None apparent,Intersection:  Four-way intersection,Paved,,Possible/Unknown,0,1,0,0,1,0,3000,2,5,,POINT (-96.402186969543 42.514146413454)
2014806422,14-3168,07/05/2014,07-July,7-Saturday,07:11,0700 Hours,District 1 (Central),WEST DES MOINES,POLK,I-35,I-35,Collision with fixed object:  Ditch,On Roadway,Non-collision (single vehicle),Driving too fast for conditions,None Indicated,,Dawn,Wet,Rain,"Surface condition (e.g., wet, icy)",Non-intersection:  Other non-intersection (explain in narrative),Paved,,Property Damage Only,0,0,0,0,0,0,4000,1,1,,POINT (-93.773228833645 41.592641845996)
2014806397,20140019070,07/05/2014,07-July,7-Saturday,20:02,2000 Hours,District 1 (Central),DES MOINES,POLK,,E 33RD ST,Collision with fixed object:  Utility pole/light support,Outside trafficway,Non-collision (single vehicle),Ran off road - right,Refused,,Daylight,Dry,Clear,None apparent,Non-intersection:  Non-junction/no special feature,Paved,,Property Damage Only,0,0,0,0,0,0,6500,1,1,,POINT (-93.551497719766 41.601035031123)
2014806394,20140019034,07/05/2014,07-July,7-Saturday,13:10,1300 Hours,District 1 (Central),DES MOINES,POLK,US 6,US 6/E EUCLID AVE & CORNELL ST,Collision with:  Vehicle in traffic,On Roadway,Broadside (front to side),Ran Traffic Signal,None Indicated,,Daylight,Dry,Cloudy,Work Zone (roadway-related),Intersection:  Four-way intersection,Paved,Yes,Property Damage Only,0,0,0,0,0,0,2500,2,2,,POINT (-93.615147095312 41.627715703987)
2014807585,07052014-1,07/05/2014,07-July,7-Saturday,13:03,1300 Hours,District 6 (East Central),WILLIAMSBURG,IOWA,I-80,I-80 & IA 149/P AVE & HIGHLAND ST,Collision with:  Vehicle in traffic,On Roadway,Rear-end (front to rear),Driving too fast for conditions,None Indicated,,Daylight,Wet,Rain,"Surface condition (e.g., wet, icy)",Interchange-related:  Off-ramp,Paved,,Property Damage Only,0,0,0,0,0,0,5000,3,4,,POINT (-92.008217867373 41.688411693759)
2014806731,,07/05/2014,07-July,7-Saturday,21:30,2100 Hours,District 5 (Southeast),,APPANOOSE,IA 2,IA 2/IOWA 2,Collision with:  Animal,On Roadway,Non-collision (single vehicle),Animal,None Indicated,,Dark - roadway not lighted,Dry,Cloudy,,Non-intersection:  Non-junction/no special feature,Paved,,Property Damage Only,0,0,0,0,0,0,2900,1,3,,POINT (-93.009178998289 40.739429855336)
2014819373,1407-046,07/05/2014,07-July,7-Saturday,09:12,0900 Hours,District 3 (Northwest),,OSCEOLA,,Co Rd L40/ORIOLE AVE & NORTHWEST BLVD,Collision with:  Vehicle in traffic,On Roadway,Broadside (front to side),FTYROW:  From stop sign,None Indicated,,Daylight,Dry,Clear,None apparent,Intersection:  Four-way intersection,Paved,,Possible/Unknown,0,2,0,0,1,1,3000,2,3,,POINT (-95.741696236038 43.425148252424)