Iowa DOT Case Number,Law Enforcement Case Number,Date of Crash,Month of Crash,Day of Week,Time of Crash,Hour,DOT District,City Name,County Name,Route with System,Location Description,First Harmful Event,Location of First Harmful Event,Manner of Crash/Collision,Major Cause,Drug or Alcohol ,Environmental Conditions,Light Conditions,Surface Conditions,Weather Conditions,Roadway Contribution,Roadway Type,Roadway Surface,Work Zone,Crash Severity,Number of Fatalities,Number of Injuries,Number of Major Injuries,Number of Minor Injuries,Number of Possible Injuries,Number of Unknown Injuries,Amount of Property Damage,Number of Vehicles Involved,Total Number of Occupants,Travel Direction,Location
2014806388,20140019095,07/06/2014,07-July,1-Sunday,00:56,0000 Hours,District 1 (Central),DES MOINES,POLK,,INDIANOLA AVE,Non-collision events:  Overturn/rollover,On Roadway,Non-collision (single vehicle),"Operating vehicle in an reckless, erratic, careless, negligent manner",None Indicated,,Dark - roadway lighted,Dry,Cloudy,None apparent,Non-intersection:  Non-junction/no special feature,Paved,,Property Damage Only,0,0,0,0,0,0,4000,1,1,,POINT (-93.577463756616 41.518643825479)
2014806498,14-2033,07/06/2014,07-July,1-Sunday,17:00,1700 Hours,District 1 (Central),FORT DODGE,WEBSTER,,5TH AVE S,Collision with:  Vehicle in traffic,On Roadway,Rear-end (front to rear),Driver Distraction:  Manual operation of an electronic communication device,None Indicated,,Daylight,Dry,Cloudy,None apparent,Non-intersection:  Non-junction/no special feature,Paved,,Property Damage Only,0,0,0,0,0,0,3100,2,5,,POINT (-94.169339222835 42.501094120971)
2014806288,141912,07/06/2014,07-July,1-Sunday,03:15,0300 Hours,District 3 (Northwest),,CRAWFORD,,Co Rd E26/F AVE & Co Rd M60/380TH ST,Non-collision events:  Overturn/rollover,Outside trafficway,Non-collision (single vehicle),Other (explain in narrative):  No improper action,None Indicated,,Dark - roadway not lighted,"Mud, dirt",Clear,"Shoulders (none, low, soft, high)",Non-intersection:  Non-junction/no special feature,Unpaved,,Minor Injury,0,1,0,1,0,0,250000,1,2,,POINT (-95.130000860953 42.138386346176)
2014807235,2014039544,07/06/2014,07-July,1-Sunday,16:22,1600 Hours,District 4 (Southwest),,POTTAWATTAMIE,I-80,I-80,Collision with:  Vehicle in traffic,On Roadway,Rear-end (front to rear),Driving too fast for conditions,None Indicated,,Daylight,Dry,Clear,None apparent,Non-intersection:  Non-junction/no special feature,Paved,,Minor Injury,0,1,0,1,0,0,8000,2,2,,POINT (-95.239735940681 41.497379281549)
2014809048,,07/06/2014,07-July,1-Sunday,00:05,0000 Hours,District 5 (Southeast),,HENRY,,Co Rd X23/NEW LONDON RD,Collision with:  Animal,On Roadway,Non-collision (single vehicle),Animal,None Indicated,,Dark - roadway not lighted,Dry,Cloudy,,Non-intersection:  Non-junction/no special feature,Paved,,Property Damage Only,0,0,0,0,0,0,3200,1,3,,POINT (-91.438535393728 40.849098138079)
2014806766,9957-14,07/06/2014,07-July,1-Sunday,11:47,1100 Hours,District 3 (Northwest),SPENCER,CLAY,US 18,US 18/HIGHWAY BLVD,Collision with:  Vehicle in traffic,On Roadway,Broadside (front to side),FTYROW:  From driveway,None Indicated,,Daylight,Dry,Clear,None apparent,Non-intersection:  Driveway access (within),Paved,,Property Damage Only,0,0,0,0,0,0,3300,2,8,,POINT (-95.147796647373 43.162503215649)
2014811106,2014039507,07/06/2014,07-July,1-Sunday,15:44,1500 Hours,District 1 (Central),,HAMILTON,I-35,I-35,Collision with:  Vehicle in traffic,On Roadway,Rear-end (front to rear),Driving too fast for conditions,None Indicated,,Daylight,Dry,Clear,Work Zone (roadway-related),Non-intersection:  Non-junction/no special feature,Paved,Yes,Property Damage Only,0,0,0,0,0,0,3000,2,3,,POINT (-93.568847724346 42.463851924814)
2014807904,2014039437,07/06/2014,07-July,1-Sunday,07:25,0700 Hours,District 3 (Northwest),SIOUX CITY,WOODBURY,,16TH ST & PIERCE ST,Collision with:  Vehicle in traffic,On Roadway,Broadside (front to side),Ran Stop Sign,None Indicated,,Daylight,Dry,"Fog, smoke, smog",None apparent,Intersection:  Four-way intersection,Paved,,Possible/Unknown,0,1,0,0,1,0,20000,2,5,,POINT (-96.405053319027 42.507091730827)
2014807065,14-21582,07/06/2014,07-July,1-Sunday,18:50,1800 Hours,District 3 (Northwest),SIOUX CITY,WOODBURY,,SERGEANT RD,Collision with:  Vehicle in traffic,On Roadway,"Angle, oncoming left turn",Exceeded authorized speed,None Indicated,,Daylight,Dry,Cloudy,None apparent,Non-intersection:  Non-junction/no special feature,Paved,,Property Damage Only,0,0,0,0,0,0,2500,2,4,,POINT (-96.347366128476 42.447562218413)
2014806521,,07/06/2014,07-July,1-Sunday,00:47,0000 Hours,District 4 (Southwest),GREENFIELD,ADAIR,,SE 3RD ST,Collision with:  Parked motor vehicle,On Roadway,Rear-end (front to rear),Lost Control,Alcohol (Statutory),,Dark - roadway lighted,Dry,Clear,None apparent,Non-intersection:  Non-junction/no special feature,Paved,,Property Damage Only,0,0,0,0,0,0,4500,2,1,,POINT (-94.457849171529 41.305073706156)
2014806828,14-011397,07/06/2014,07-July,1-Sunday,20:20,2000 Hours,District 5 (Southeast),,HENRY,,HICKORY AVE,Collision with fixed object:  Ditch,On Roadway,Non-collision (single vehicle),Swerving/Evasive Action,None Indicated,,Daylight,"Mud, dirt",Cloudy,None apparent,Intersection:  Y-intersection,Unpaved,,Minor Injury,0,1,0,1,0,0,3000,1,3,,POINT (-91.568144865189 41.003284638185)
2014806592,14-002900,07/06/2014,07-July,1-Sunday,16:22,1600 Hours,District 1 (Central),ANKENY,POLK,,E 1ST ST,Collision with:  Vehicle in traffic,On Roadway,"Sideswipe, same direction",Improper or erratic lane changing,None Indicated,,Daylight,Dry,Clear,None apparent,Intersection:  Four-way intersection,Paved,,Property Damage Only,0,0,0,0,0,0,2200,2,3,,POINT (-93.58083639866 41.731863341832)
2014807603,,07/06/2014,07-July,1-Sunday,20:00,2000 Hours,District 3 (Northwest),,MONONA,IA 183,IA 183/IOWA 183,Collision with:  Animal,On Roadway,Non-collision (single vehicle),Animal,None Indicated,,Daylight,Dry,Clear,,Non-intersection:  Non-junction/no special feature,Paved,,Property Damage Only,0,0,0,0,0,0,4525,1,1,,POINT (-95.73758546382 42.033337958779)
2014806576,2014007281,07/06/2014,07-July,1-Sunday,15:30,1500 Hours,District 6 (East Central),IOWA CITY,JOHNSON,US 6,US 6,Collision with:  Vehicle in traffic,On Roadway,Rear-end (front to rear),Exceeded authorized speed,None Indicated,,Daylight,Dry,Clear,None apparent,Intersection:  Four-way intersection,Paved,,Property Damage Only,0,0,0,0,0,0,5000,2,5,,POINT (-91.53175428683 41.645374817378)
2014806628,14-7784,07/06/2014,07-July,1-Sunday,01:25,0100 Hours,District 3 (Northwest),,SIOUX,,Co Rd A54B/A54B BLVD & CHERRY AVE,Collision with:  Animal,,Non-collision (single vehicle),Animal,None Indicated,,,,,,,Paved,,Property Damage Only,0,0,0,0,0,0,5000,1,1,,POINT (-96.451554770912 43.228392513878)
2014811109,2014039581,07/06/2014,07-July,1-Sunday,22:30,2200 Hours,District 2 (Northeast),,WRIGHT,I-35,I-35,Collision with:  Animal,,,Animal,None Indicated,,,,,,,Paved,,Property Damage Only,0,0,0,0,0,0,5000,1,1,,POINT (-93.539139084183 42.580728818408)
2014815787,142856,07/06/2014,07-July,1-Sunday,03:22,0300 Hours,District 1 (Central),ELDORA,HARDIN,,14TH ST,Collision with fixed object:  Curb/island/raised median,On Roadway,Non-collision (single vehicle),Crossed centerline (undivided),Refused,,Dark - roadway lighted,Dry,Clear,Work Zone (roadway-related),Intersection:  Four-way intersection,Paved,Yes,Property Damage Only,0,0,0,0,0,0,8000,1,1,,POINT (-93.100755633543 42.361100670293)
2014806841,1400000590,07/06/2014,07-July,1-Sunday,02:07,0200 Hours,District 1 (Central),,MARSHALL,,Co Rd S52/COOPER AVE,Collision with:  Animal,On Roadway,Non-collision (single vehicle),Animal,None Indicated,,Dark - roadway not lighted,Dry,Clear,None apparent,Non-intersection:  Non-junction/no special feature,Paved,,Minor Injury,0,1,0,1,0,0,100,1,1,,POINT (-93.183859549727 41.944657641382)
2014806793,02-14-10189,07/06/2014,07-July,1-Sunday,16:03,1600 Hours,District 6 (East Central),FARLEY,DUBUQUE,US 20,US 20 & 1ST AVE W & OLDE CASTLE RD,Collision with:  Vehicle in traffic,On Roadway,Broadside (front to side),Other (explain in narrative):  Other,None Indicated,,Daylight,Dry,Cloudy,None apparent,Non-intersection:  Crossover-related,Paved,,Property Damage Only,0,0,0,0,0,0,4000,2,3,,POINT (-91.0200486803 42.447466380397)
2014806700,2014039560,07/06/2014,07-July,1-Sunday,20:20,2000 Hours,District 1 (Central),,HAMILTON,I-35,I-35,Collision with:  Vehicle in traffic,On Roadway,Rear-end (front to rear),Other (explain in narrative):  Other,None Indicated,,Daylight,Dry,Clear,Work Zone (roadway-related),Non-intersection:  Non-junction/no special feature,Paved,Yes,Property Damage Only,0,0,0,0,0,0,3500,2,3,,POINT (-93.569441982611 42.443522630889)
2014806826,14004637,07/06/2014,07-July,1-Sunday,23:46,2300 Hours,District 1 (Central),WEBSTER CITY,HAMILTON,US 20,US 20/NE RAMP CURV/NW RAMP CURV & IA 17/BRIGGS WOOD RD & SUPERIOR ST,Non-collision events:  Other non-collision (explain in narrative),Outside trafficway,Non-collision (single vehicle),Ran Stop Sign,Refused,,Dark - roadway lighted,Dry,Cloudy,None apparent,Intersection:  T-intersection,Paved,,Minor Injury,0,1,0,1,0,0,2000,1,1,,POINT (-93.816022718917 42.4509662372)
2014806792,02-14-10168,07/06/2014,07-July,1-Sunday,01:53,0100 Hours,District 6 (East Central),,DUBUQUE,US 52,US 52,Non-collision events:  Overturn/rollover,On Roadway,Non-collision (single vehicle),Swerving/Evasive Action,Alcohol (Statutory),,Dark - roadway lighted,Dry,Cloudy,None apparent,Non-intersection:  Non-junction/no special feature,Paved,,Property Damage Only,0,0,0,0,0,0,10500,1,1,,POINT (-90.760197238775 42.559299513081)
2014806718,2014039515,07/06/2014,07-July,1-Sunday,15:39,1500 Hours,District 2 (Northeast),,ALLAMAKEE,,Co Rd A52/OLD HIGHWAY 9 & Co Rd W60/OLD STAGE RD,Collision with:  Vehicle in traffic,On Roadway,Broadside (front to side),FTYROW:  From stop sign,None Indicated,,Daylight,Dry,Cloudy,None apparent,Intersection:  Four-way intersection,Paved,,Major Injury,0,1,1,0,0,0,18000,2,2,,POINT (-91.527687950093 43.26936164236)
2014806342,2014007282,07/06/2014,07-July,1-Sunday,15:54,1500 Hours,District 6 (East Central),IOWA CITY,JOHNSON,,W BENTON ST & ORCHARD ST & ORCHARD CT,Collision with:  Vehicle in traffic,On Roadway,"Sideswipe, same direction","Operating vehicle in an reckless, erratic, careless, negligent manner",None Indicated,,Daylight,Dry,Cloudy,None apparent,Non-intersection:  Non-junction/no special feature,Paved,,Property Damage Only,0,0,0,0,0,0,7000,2,4,,POINT (-91.541512805732 41.650335767742)
2014810942,,07/06/2014,07-July,1-Sunday,21:29,2100 Hours,District 2 (Northeast),,WINNESHIEK,,Co Rd W34/NORTH WINN RD,Collision with:  Animal,On Roadway,Non-collision (single vehicle),Animal,None Indicated,,Dusk,Dry,Clear,None apparent,Non-intersection:  Non-junction/no special feature,Paved,,Property Damage Only,0,0,0,0,0,0,6500,1,1,,POINT (-91.809404602734 43.428994027075)
2014839068,TC3814,07/06/2014,07-July,1-Sunday,23:44,2300 Hours,District 4 (Southwest),MISSOURI VALLEY,HARRISON,,W SUPERIOR ST & BOSTON AVE,Collision with:  Vehicle in traffic,On Roadway,Rear-end (front to rear),Improper Backing,None Indicated,,Dark - roadway lighted,Dry,Clear,None apparent,Intersection:  Four-way intersection,Paved,,Property Damage Only,0,0,0,0,0,0,1500,2,2,,POINT (-95.908257516325 41.558320181885)
2014806306,2014-1580,07/06/2014,07-July,1-Sunday,14:44,1400 Hours,District 1 (Central),JEFFERSON,GREENE,,E LINCOLN WAY,Collision with:  Vehicle in traffic,On Roadway,"Angle, oncoming left turn",Crossed centerline (undivided),None Indicated,,Daylight,Dry,Clear,None apparent,Non-intersection:  Driveway access (within),Paved,,Property Damage Only,0,0,0,0,0,0,2300,2,2,,POINT (-94.371689563323 42.015299825651)
2014807724,2014039535,07/06/2014,07-July,1-Sunday,16:25,1600 Hours,District 5 (Southeast),,LOUISA,US 61,US 61,Collision with:  Vehicle in traffic,Shoulder,Head-on (front to front),Crossed centerline (undivided),None Indicated,,Daylight,Dry,Cloudy,None apparent,Non-intersection:  Non-junction/no special feature,Paved,,Fatal,2,1,1,0,0,0,10000,2,3,,POINT (-91.198091901517 41.297516789025)
2014811108,2014039550,07/06/2014,07-July,1-Sunday,19:17,1900 Hours,District 1 (Central),,HAMILTON,US 20,US 20,Non-collision events:  Overturn/rollover,Shoulder,Non-collision (single vehicle),Ran off road - right,None Indicated,,Daylight,Dry,Clear,None apparent,Non-intersection:  Non-junction/no special feature,Paved,,Minor Injury,0,1,0,1,0,0,8000,1,1,,POINT (-93.583413479012 42.448792882224)
2014810113,14-006068,07/06/2014,07-July,1-Sunday,14:36,1400 Hours,District 6 (East Central),INDEPENDENCE,BUCHANAN,,1ST ST W & 20TH AVE SW,Collision with:  Vehicle in traffic,On Roadway,Broadside (front to side),FTYROW:  From driveway,None Indicated,,Daylight,Dry,Clear,None apparent,Non-intersection:  Driveway access (within),Paved,,Possible/Unknown,0,1,0,0,1,0,10600,2,3,,POINT (-91.919764002265 42.468377222635)
2014816908,,07/06/2014,07-July,1-Sunday,10:57,1000 Hours,District 2 (Northeast),CLEAR LAKE,CERRO GORDO,,1ST AVE S & S 8TH ST,Collision with:  Vehicle in traffic,On Roadway,Rear-end (front to rear),Followed too close,None Indicated,,Daylight,Dry,Cloudy,None apparent,Intersection:  Four-way intersection,Paved,,Property Damage Only,0,0,0,0,0,0,5000,2,2,,POINT (-93.378750742638 43.136376790195)
2014808222,,07/06/2014,07-July,1-Sunday,17:13,1700 Hours,District 1 (Central),TAMA,TAMA,US 63,US 63/13TH ST/HARDING ST,Collision with:  Vehicle in traffic,On Roadway,Broadside (front to side),Ran Stop Sign,None Indicated,,Daylight,Dry,Clear,None apparent,Intersection:  Four-way intersection,Paved,,Property Damage Only,0,0,0,0,0,0,11000,2,2,,POINT (-92.581739657942 41.971153217424)
2014806525,070714-135,07/06/2014,07-July,1-Sunday,22:00,2200 Hours,District 3 (Northwest),,BUENA VISTA,,450TH ST,Collision with fixed object:  Ditch,Outside trafficway,Non-collision (single vehicle),Ran off road - straight,None Indicated,,Unknown,"Mud, dirt",Clear,None apparent,Non-intersection:  Non-junction/no special feature,Unpaved,,Minor Injury,0,1,0,1,0,0,8500,1,1,,POINT (-95.333828268295 42.867741216821)
2014806377,14-4472,07/06/2014,07-July,1-Sunday,06:00,0600 Hours,District 1 (Central),,POLK,,SE CAMP DR,Non-collision events:  Overturn/rollover,On Roadway,Non-collision (single vehicle),Swerving/Evasive Action,None Indicated,,Dark - roadway not lighted,Dry,Cloudy,None apparent,Non-intersection:  Non-junction/no special feature,Paved,,Possible/Unknown,0,1,0,0,1,0,10000,1,1,,POINT (-93.360779387773 41.570482352391)
2014806528,14-005827,07/06/2014,07-July,1-Sunday,18:14,1800 Hours,District 4 (Southwest),ATLANTIC,CASS,US 6,US 6/7TH ST,Collision with:  Vehicle in traffic,On Roadway,Broadside (front to side),Other (explain in narrative):  Vision obstructed,None Indicated,,Daylight,Dry,Clear,None apparent,Non-intersection:  Non-junction/no special feature,Paved,,Possible/Unknown,0,1,0,0,1,0,5000,2,3,,POINT (-94.995447594353 41.403839459925)
2014806996,201409628,07/06/2014,07-July,1-Sunday,08:28,0800 Hours,District 6 (East Central),CEDAR RAPIDS,LINN,I-380,I-380,Collision with fixed object:  Guardrail - face,On Roadway,Non-collision (single vehicle),Lost Control,Alcohol (Statutory),,Daylight,Dry,Clear,None apparent,Non-intersection:  Non-junction/no special feature,Paved,,Minor Injury,0,1,0,1,0,0,17000,1,1,,POINT (-91.666838102255 42.017555113267)
2014811090,2014039559,07/06/2014,07-July,1-Sunday,19:37,1900 Hours,District 5 (Southeast),,LEE,,Co Rd X32/303 AVE,Collision with fixed object:  Traffic sign support,Roadside,Non-collision (single vehicle),Ran off road - right,Refused,,Daylight,Dry,Clear,None apparent,Non-intersection:  Non-junction/no special feature,Paved,,Major Injury,0,1,1,0,0,0,5500,1,1,,POINT (-91.327529357436 40.672650668333)
2014810125,14-067852,07/06/2014,07-July,1-Sunday,21:06,2100 Hours,District 2 (Northeast),DUNKERTON,BLACK HAWK,,Co Rd C54/E MARQUIS RD,Collision with:  Animal,,,Animal,None Indicated,,,,,,,Paved,,Property Damage Only,0,0,0,0,0,0,3500,1,1,,POINT (-92.205000234359 42.642215579303)
2014816907,,07/06/2014,07-July,1-Sunday,21:11,2100 Hours,District 2 (Northeast),CLEAR LAKE,CERRO GORDO,,4TH AVE S & S 10TH ST,Collision with:  Non-motorist (see non-motorist section - NOT a unit),On Roadway,Non-collision (single vehicle),Other (explain in narrative):  No improper action,None Indicated,,Dusk,Dry,Cloudy,None apparent,Intersection:  T-intersection,Paved,,Minor Injury,0,1,0,1,0,0,0,1,2,,POINT (-93.376017073917 43.133720366202)
2014806654,14-21528,07/06/2014,07-July,1-Sunday,02:41,0200 Hours,District 3 (Northwest),SIOUX CITY,WOODBURY,,MORNINGSIDE AVE & S MAPLE ST,Collision with:  Parked motor vehicle,On Roadway,"Sideswipe, same direction",Lost Control,None Indicated,,Dark - roadway lighted,Dry,Clear,None apparent,Non-intersection:  Non-junction/no special feature,Paved,,Property Damage Only,0,0,0,0,0,0,12000,2,2,,POINT (-96.339555668544 42.470103623618)
2014807380,14-016290,07/06/2014,07-July,1-Sunday,21:19,2100 Hours,District 5 (Southeast),,MARION,,COUNTY LINE RD,Collision with fixed object:  Ditch,On Roadway,Non-collision (single vehicle),Exceeded authorized speed,None Indicated,,Dusk,Dry,Rain,"Surface condition (e.g., wet, icy)",Non-intersection:  Non-junction/no special feature,Unpaved,,Minor Injury,0,2,0,2,0,0,6500,1,2,,POINT (-93.067140291267 41.508292276905)
2014806656,14-21586,07/06/2014,07-July,1-Sunday,14:45,1400 Hours,District 3 (Northwest),SIOUX CITY,WOODBURY,I-29,I-29,Collision with:  Vehicle in traffic,On Roadway,Rear-end (front to rear),Followed too close,None Indicated,,Daylight,Dry,Clear,None apparent,Non-intersection:  Non-junction/no special feature,Paved,,Property Damage Only,0,0,0,0,0,0,3000,2,4,,POINT (-96.388337372393 42.480628280709)
2014806426,14-3185,07/06/2014,07-July,1-Sunday,13:11,1300 Hours,District 4 (Southwest),WEST DES MOINES,DALLAS,,VISTA DR & 60TH ST,Collision with:  Vehicle in traffic,On Roadway,Rear-end (front to rear),"Operating vehicle in an reckless, erratic, careless, negligent manner",None Indicated,,Daylight,Dry,Cloudy,None apparent,Non-intersection:  Non-junction/no special feature,Paved,,Property Damage Only,0,0,0,0,0,0,5500,2,3,,POINT (-93.790577422547 41.58960552102)
2014806752,14-009824,07/06/2014,07-July,1-Sunday,22:25,2200 Hours,District 6 (East Central),,CEDAR,,OLD LINCOLN HWY,Collision with fixed object:  Ditch,Shoulder,Non-collision (single vehicle),Swerving/Evasive Action,None Indicated,,Dark - unknown roadway lighting,"Mud, dirt",Cloudy,None apparent,Intersection:  T-intersection,Unpaved,,Major Injury,0,2,2,0,0,0,5000,1,3,,POINT (-91.268106638621 41.908045711814)
2014806535,CL14002302,07/06/2014,07-July,1-Sunday,18:51,1800 Hours,District 6 (East Central),CLINTON,CLINTON,,N 3RD ST,Collision with:  Vehicle in traffic,On Roadway,"Angle, oncoming left turn",FTYROW:  Making left turn,None Indicated,,Daylight,Dry,Clear,None apparent,Intersection:  Four-way intersection,Paved,,Property Damage Only,0,0,0,0,0,0,5000,2,2,,POINT (-90.183506681061 41.873253509353)
2014806429,14-001501,07/06/2014,07-July,1-Sunday,00:44,0000 Hours,District 1 (Central),ALTOONA,POLK,,34TH AVE SW,Collision with:  Animal,On Roadway,Non-collision (single vehicle),Animal,None Indicated,,Dark - roadway not lighted,Dry,Cloudy,None apparent,Non-intersection:  Non-junction/no special feature,Paved,,Property Damage Only,0,0,0,0,0,0,6000,1,2,,POINT (-93.503220854959 41.633349235125)
2014807255,2014039537,07/06/2014,07-July,1-Sunday,15:41,1500 Hours,District 4 (Southwest),,CASS,I-80,I-80,Collision with:  Vehicle in traffic,On Roadway,Rear-end (front to rear),Followed too close,None Indicated,,Daylight,Dry,Cloudy,None apparent,Non-intersection:  Non-junction/no special feature,Paved,,Fatal,1,1,0,0,1,0,12000,3,6,,POINT (-95.105940039296 41.49759335711)
2014806332,14099056,07/06/2014,07-July,1-Sunday,16:01,1600 Hours,District 6 (East Central),,JOHNSON,,Co Rd F8W/NEWPORT RD,Collision with fixed object:  Ditch,Shoulder,Non-collision (single vehicle),Ran off road - right,Alcohol (< Statutory),,Daylight,Dry,Cloudy,None apparent,Non-intersection:  Non-junction/no special feature,Paved,,Minor Injury,0,1,0,1,0,0,3000,1,1,,POINT (-91.496735536927 41.730693799052)
2014808770,14-041,07/06/2014,07-July,1-Sunday,23:30,2300 Hours,District 3 (Northwest),LAKE CITY,CALHOUN,IA 4,IA 4/360TH ST/NORRIDGE AVE & IA 175,Collision with:  Animal,,,Animal,None Indicated,,,,,,,Paved,,Property Damage Only,0,0,0,0,0,0,1500,1,1,,POINT (-94.648517022651 42.26740256096)
2014806435,14-028064,07/06/2014,07-July,1-Sunday,23:51,2300 Hours,District 4 (Southwest),COUNCIL BLUFFS,POTTAWATTAMIE,,MADISON AVE,Collision with fixed object:  Tree,Outside trafficway,Non-collision (single vehicle),Ran off road - right,Refused,,Dark - roadway not lighted,Dry,Clear,None apparent,Non-intersection:  Non-junction/no special feature,Paved,,Property Damage Only,0,0,0,0,0,0,45000,1,2,,POINT (-95.831308221113 41.249762145642)
2014806692,2014039422,07/06/2014,07-July,1-Sunday,02:10,0200 Hours,District 6 (East Central),,SCOTT,I-80,I-80 & Co Rd Y30/20 AVE,Collision with:  Animal,,Non-collision (single vehicle),Animal,None Indicated,,,,,,,Paved,,Property Damage Only,0,0,0,0,0,0,1500,1,1,,POINT (-90.860569015567 41.632983504307)
2014806775,2014-3089,07/06/2014,07-July,1-Sunday,14:41,1400 Hours,District 4 (Southwest),WAUKEE,DALLAS,US 6,US 6/HICKMAN AVE,Collision with:  Animal,,Non-collision (single vehicle),Animal,None Indicated,,,,,,,Paved,,Property Damage Only,0,0,0,0,0,0,2500,1,1,,POINT (-93.861965612125 41.614952039922)
2014806751,070714-111,07/07/2014,07-July,2-Monday,13:31,1300 Hours,District 3 (Northwest),STORM LAKE,BUENA VISTA,IA 7,IA 7/FLINDT RD & E RICHLAND ST,Collision with:  Vehicle in traffic,On Roadway,Rear-end (front to rear),Other (explain in narrative):  Other,None Indicated,,Daylight,Dry,Cloudy,None apparent,Non-intersection:  Non-junction/no special feature,Paved,,Minor Injury,0,2,0,1,1,0,9100,3,4,,POINT (-95.186192128475 42.640814513807)
2014807330,14-011466,07/07/2014,07-July,2-Monday,19:20,1900 Hours,District 5 (Southeast),,HENRY,,Co Rd J20/SALEM RD & 330TH ST,Collision with:  Animal,On Roadway,Non-collision (single vehicle),Animal,None Indicated,,Daylight,Dry,Cloudy,None apparent,Non-intersection:  Non-junction/no special feature,Paved,,Property Damage Only,0,0,0,0,0,0,6000,1,2,,POINT (-91.484240233386 40.836186831277)
2014806599,20140019252,07/07/2014,07-July,2-Monday,15:12,1500 Hours,District 1 (Central),DES MOINES,POLK,US 69,US 69/JOHNSON CT & E COURT AVE,Collision with:  Vehicle in traffic,On Roadway,"Sideswipe, same direction",Improper or erratic lane changing,None Indicated,,Daylight,Dry,Cloudy,None apparent,Non-intersection:  Non-junction/no special feature,Paved,,Property Damage Only,0,0,0,0,0,0,2500,2,2,,POINT (-93.595241454469 41.589692918566)
2014807000,201409707,07/07/2014,07-July,2-Monday,18:01,1800 Hours,District 6 (East Central),CEDAR RAPIDS,LINN,,COLDSTREAM AVE NE & 29TH ST NE & CENTER POINT RD NE,Collision with:  Vehicle in traffic,On Roadway,"Sideswipe, same direction",FTYROW:  Making left turn,None Indicated,,Daylight,Dry,Cloudy,None apparent,Intersection:  Four-way intersection,Paved,,Possible/Unknown,0,1,0,0,1,0,27000,2,2,,POINT (-91.662857546835 42.006935304659)
2014806975,14-23448,07/07/2014,07-July,2-Monday,22:02,2200 Hours,District 5 (Southeast),,DES MOINES,US 34,US 34 & 145TH ST,Collision with:  Animal,,,Animal,None Indicated,,,,,,,Paved,,Property Damage Only,0,0,0,0,0,0,2000,1,1,,POINT (-91.348679501052 40.891913203708)
2014808485,,07/07/2014,07-July,2-Monday,18:31,1800 Hours,District 2 (Northeast),,FLOYD,,REDWOOD AVE,Collision with fixed object:  Ditch,On Roadway,Non-collision (single vehicle),Ran off road - right,None Indicated,,Daylight,Dry,Clear,None apparent,Non-intersection:  Non-junction/no special feature,Unpaved,,Minor Injury,0,1,0,1,0,0,3500,1,3,,POINT (-92.68739780198 43.091155904071)
2014812143,14006111,07/07/2014,07-July,2-Monday,23:12,2300 Hours,District 6 (East Central),,BUCHANAN,,170TH ST,Non-collision events:  Other non-collision (explain in narrative),Shoulder,Non-collision (single vehicle),Driving too fast for conditions,None Indicated,,Dark - roadway not lighted,Dry,Clear,None apparent,Non-intersection:  Non-junction/no special feature,Unpaved,,Property Damage Only,0,0,0,0,0,0,2200,1,2,,POINT (-91.929378003392 42.540873526519)
2014806998,201409694,07/07/2014,07-July,2-Monday,13:51,1300 Hours,District 6 (East Central),CEDAR RAPIDS,LINN,IA 922,IA 922/1ST AVE E & 2ND ST SE & 2ND ST NE,Collision with:  Vehicle in traffic,On Roadway,"Angle, oncoming left turn",FTYROW:  Making left turn,None Indicated,,Daylight,Dry,Cloudy,None apparent,Intersection:  Four-way intersection,Paved,,Possible/Unknown,0,1,0,0,1,0,15000,2,5,,POINT (-91.668711053982 41.978705181942)
2014809774,2014006881,07/07/2014,07-July,2-Monday,17:34,1700 Hours,District 1 (Central),MARSHALLTOWN,MARSHALL,IA 14,IA 14/S CENTER ST & IOWA AVE W (OLD US 30) & IOWA AVE E (OLD US 30),Collision with:  Vehicle in traffic,On Roadway,Broadside (front to side),Ran Traffic Signal,None Indicated,,Daylight,Dry,Cloudy,None apparent,Intersection:  Four-way intersection,Paved,,Minor Injury,0,1,0,1,0,0,8000,2,6,,POINT (-92.912364170058 42.006962700734)
2014806963,W14-068181,07/07/2014,07-July,2-Monday,19:38,1900 Hours,District 2 (Northeast),WATERLOO,BLACK HAWK,,LOGAN AVE,Collision with:  Parked motor vehicle,On Roadway,"Sideswipe, same direction",Crossed centerline (undivided),None Indicated,,Daylight,Dry,Clear,None apparent,Non-intersection:  Non-junction/no special feature,Paved,,Possible/Unknown,0,1,0,0,1,0,11000,2,1,,POINT (-92.3377591754 42.512540289539)
2014807597,,07/07/2014,07-July,2-Monday,17:07,1700 Hours,District 6 (East Central),CEDAR RAPIDS,LINN,,11TH ST SW,Collision with:  Vehicle in traffic,On Roadway,Rear-end (front to rear),Unknown,None Indicated,,Daylight,Dry,Clear,,Non-intersection:  Non-junction/no special feature,Paved,,Property Damage Only,0,0,0,0,0,0,3000,2,2,,POINT (-91.684793140616 41.949745647046)
2014809866,14-68015,07/07/2014,07-July,2-Monday,10:45,1000 Hours,District 2 (Northeast),EVANSDALE,BLACK HAWK,,5TH ST,Collision with:  Parked motor vehicle,Shoulder,Rear-end (front to rear),Swerving/Evasive Action,None Indicated,,Daylight,Dry,Clear,None apparent,Non-intersection:  Non-junction/no special feature,Paved,,Possible/Unknown,0,1,0,0,0,1,8500,2,1,,POINT (-92.264822445771 42.458267711125)
2014807238,2014039775,07/07/2014,07-July,2-Monday,19:44,1900 Hours,District 5 (Southeast),,WASHINGTON,US 218,US 218,Non-collision events:  Overturn/rollover,Shoulder,Non-collision (single vehicle),Exceeded authorized speed,Refused,,Daylight,Dry,Clear,None apparent,Non-intersection:  Non-junction/no special feature,Paved,,Minor Injury,0,1,0,1,0,0,7000,1,1,,POINT (-91.538060502346 41.245915122906)