Iowa DOT Case Number,Law Enforcement Case Number,Date of Crash,Month of Crash,Day of Week,Time of Crash,Hour,DOT District,City Name,County Name,Route with System,Location Description,First Harmful Event,Location of First Harmful Event,Manner of Crash/Collision,Major Cause,Drug or Alcohol ,Environmental Conditions,Light Conditions,Surface Conditions,Weather Conditions,Roadway Contribution,Roadway Type,Roadway Surface,Work Zone,Crash Severity,Number of Fatalities,Number of Injuries,Number of Major Injuries,Number of Minor Injuries,Number of Possible Injuries,Number of Unknown Injuries,Amount of Property Damage,Number of Vehicles Involved,Total Number of Occupants,Travel Direction,Location
2014806786,01-14-29808,07/07/2014,07-July,2-Monday,17:19,1700 Hours,District 6 (East Central),DUBUQUE,DUBUQUE,US 20,US 20/DODGE ST,Collision with:  Vehicle in traffic,On Roadway,Rear-end (front to rear),Lost Control,None Indicated,,Daylight,Dry,Clear,None apparent,Non-intersection:  Non-junction/no special feature,Paved,,Property Damage Only,0,0,0,0,0,0,2500,2,2,,POINT (-90.698458811874 42.491130808563)
2014812009,14-06398,07/07/2014,07-July,2-Monday,13:10,1300 Hours,District 5 (Southeast),MOUNT PLEASANT,HENRY,,W WASHINGTON ST & E WASHINGTON ST & S MAIN ST,Collision with:  Vehicle in traffic,On Roadway,"Sideswipe, same direction","Operating vehicle in an reckless, erratic, careless, negligent manner",None Indicated,,Daylight,Dry,Clear,None apparent,Non-intersection:  Non-junction/no special feature,Paved,,Property Damage Only,0,0,0,0,0,0,2200,2,3,,POINT (-91.553359558943 40.965465170522)
2014807203,2014-46234,07/07/2014,07-July,2-Monday,15:42,1500 Hours,District 6 (East Central),DAVENPORT,SCOTT,,TELEGRAPH RD & WAVERLY RD,Collision with:  Vehicle in traffic,On Roadway,Rear-end (front to rear),Followed too close,None Indicated,,Daylight,Dry,Clear,None apparent,Intersection:  Four-way intersection,Paved,,Property Damage Only,0,0,0,0,0,0,1500,2,3,,POINT (-90.614566234743 41.523169926587)
2014816267,14015632,07/07/2014,07-July,2-Monday,17:55,1700 Hours,District 5 (Southeast),OSKALOOSA,MAHASKA,,B AVE W & N D ST,Collision with:  Vehicle in traffic,On Roadway,Broadside (front to side),FTYROW:  From stop sign,None Indicated,,Daylight,Dry,Cloudy,None apparent,Intersection:  Four-way intersection,Paved,,Possible/Unknown,0,1,0,0,1,0,10000,2,2,,POINT (-92.649820634337 41.297109353247)
2014808243,14011298,07/07/2014,07-July,2-Monday,10:56,1000 Hours,District 2 (Northeast),MASON CITY,CERRO GORDO,,1ST ST SE & S PENNSYLVANIA AVE,Collision with:  Vehicle in traffic,On Roadway,"Sideswipe, same direction",Other (explain in narrative):  Other,None Indicated,,Daylight,Dry,Clear,None apparent,Non-intersection:  Non-junction/no special feature,Paved,,Property Damage Only,0,0,0,0,0,0,4000,2,3,,POINT (-93.197826479991 43.15088921546)
2014807202,2014-46223,07/07/2014,07-July,2-Monday,14:52,1400 Hours,District 6 (East Central),DAVENPORT,SCOTT,,HOOVER DR & W 66TH ST,Collision with:  Vehicle in traffic,On Roadway,Rear-end (front to rear),Followed too close,None Indicated,,Daylight,Dry,Clear,None apparent,Non-intersection:  Non-junction/no special feature,Paved,,Possible/Unknown,0,1,0,0,1,0,3000,2,2,,POINT (-90.582815191105 41.587938020302)
2014808242,14011288,07/07/2014,07-July,2-Monday,09:21,0900 Hours,District 2 (Northeast),MASON CITY,CERRO GORDO,,S PIERCE AVE,Collision with:  Vehicle in traffic,On Roadway,Rear-end (front to rear),Followed too close,None Indicated,,Daylight,Dry,Clear,None apparent,Non-intersection:  Non-junction/no special feature,Paved,,Property Damage Only,0,0,0,0,0,0,4000,2,2,,POINT (-93.221035076025 43.134025654455)
2014806586,14-028410,07/07/2014,07-July,2-Monday,16:53,1600 Hours,District 5 (Southeast),MUSCATINE,MUSCATINE,,SYCAMORE ST & E 5TH ST,Collision with:  Vehicle in traffic,On Roadway,Broadside (front to side),FTYROW:  From stop sign,None Indicated,,Daylight,Dry,Clear,None apparent,Intersection:  Four-way intersection,Paved,,Possible/Unknown,0,1,0,0,1,0,10400,2,2,,POINT (-91.046957345631 41.424310507645)
2014806538,14005838,07/07/2014,07-July,2-Monday,13:52,1300 Hours,District 6 (East Central),MANCHESTER,DELAWARE,,E MAIN ST,Collision with:  Vehicle in traffic,On Roadway,"Sideswipe, same direction",Unknown,None Indicated,,Daylight,Dry,Cloudy,None apparent,Non-intersection:  Non-junction/no special feature,Paved,,Property Damage Only,0,0,0,0,0,0,4500,2,2,,POINT (-91.447667216558 42.484045943114)
2014814262,,07/07/2014,07-July,2-Monday,15:29,1500 Hours,District 2 (Northeast),DECORAH,WINNESHIEK,IA 9,IA 9/IOWA 9,Collision with:  Vehicle in traffic,On Roadway,Rear-end (front to rear),Swerving/Evasive Action,None Indicated,,Daylight,Dry,Clear,None apparent,Non-intersection:  Non-junction/no special feature,Paved,,Property Damage Only,0,0,0,0,0,0,16500,2,3,,POINT (-96.643700149993 40.233091251414)
2014807530,201400031795,07/07/2014,07-July,2-Monday,11:09,1100 Hours,District 5 (Southeast),OTTUMWA,WAPELLO,,S JEFFERSON ST,Collision with:  Vehicle in traffic,On Roadway,Rear-end (front to rear),Followed too close,None Indicated,,Daylight,Dry,Cloudy,None apparent,Non-intersection:  Other non-intersection (explain in narrative),Paved,,Property Damage Only,0,0,0,0,0,0,3500,2,2,,POINT (-92.411986045656 41.013372182722)
2014806616,14-3209,07/07/2014,07-July,2-Monday,15:55,1500 Hours,District 1 (Central),WEST DES MOINES,POLK,,S 51ST ST,Collision with:  Vehicle in traffic,On Roadway,Broadside (front to side),FTYROW:  Making left turn,None Indicated,,Daylight,Dry,Clear,None apparent,Non-intersection:  Driveway access (within),Paved,,Property Damage Only,0,0,0,0,0,0,3000,2,2,,POINT (-93.772834577171 41.559578936791)
2014807734,2014039692,07/07/2014,07-July,2-Monday,11:38,1100 Hours,District 6 (East Central),,BENTON,IA 21,IA 21/IOWA 21,Collision with:  Vehicle in traffic,On Roadway,Head-on (front to front),Crossed centerline (undivided),None Indicated,,Daylight,Dry,Clear,None apparent,Non-intersection:  Non-junction/no special feature,Paved,,Fatal,1,1,0,0,1,0,52000,3,4,,POINT (-92.297592124885 41.990013246074)
2014806901,2014-46282,07/07/2014,07-July,2-Monday,19:16,1900 Hours,District 6 (East Central),DAVENPORT,SCOTT,,E 53RD ST,Collision with:  Vehicle in traffic,On Roadway,Rear-end (front to rear),Other (explain in narrative):  Other,None Indicated,,Daylight,Dry,Clear,Other (explain in narrative),Non-intersection:  Non-junction/no special feature,Paved,,Property Damage Only,0,0,0,0,0,0,4500,2,4,,POINT (-90.544074867449 41.574759860069)
2014806748,070714-74,07/07/2014,07-July,2-Monday,09:34,0900 Hours,District 3 (Northwest),,BUENA VISTA,,Co Rd C49/590TH ST,Non-collision events:  Overturn/rollover,Shoulder,Non-collision (single vehicle),Ran off road - left,None Indicated,,Daylight,Dry,Clear,None apparent,Non-intersection:  Non-junction/no special feature,Paved,,Major Injury,0,1,1,0,0,0,4000,1,1,,POINT (-95.039238441807 42.661653192643)
2014809849,C14-0001937,07/07/2014,07-July,2-Monday,08:09,0800 Hours,District 2 (Northeast),MARQUETTE,CLAYTON,US 18,US 18/SW RAMP & MARQUETTE DR,Collision with:  Vehicle in traffic,On Roadway,Broadside (front to side),Other (explain in narrative):  Other,None Indicated,,Daylight,Dry,Clear,None apparent,Intersection:  Intersection with ramp,Paved,,Possible/Unknown,0,1,0,0,1,0,2500,2,2,,POINT (-91.181064246485 43.043735384884)
2014806589,SO14001610,07/07/2014,07-July,2-Monday,20:00,2000 Hours,District 3 (Northwest),,PLYMOUTH,IA 60,IA 60/IOWA 60 & 120TH ST,Collision with:  Animal,,Non-collision (single vehicle),Animal,None Indicated,,,,,,,Paved,,Property Damage Only,0,0,0,0,0,0,2000,1,1,,POINT (-96.101030960015 42.88062869257)
2014808514,2014-1034,07/07/2014,07-July,2-Monday,21:32,2100 Hours,District 1 (Central),SCRANTON,GREENE,,Co Rd E33/EATON AVE,Collision with:  Animal,On Roadway,Non-collision (single vehicle),Animal,None Indicated,,Dark - roadway not lighted,Dry,Cloudy,None apparent,Non-intersection:  Non-junction/no special feature,Paved,,Property Damage Only,0,0,0,0,0,0,3000,1,1,,POINT (-94.538173039873 42.069856628013)
2014806596,20140019297,07/07/2014,07-July,2-Monday,22:06,2200 Hours,District 1 (Central),DES MOINES,POLK,US 69,US 69/E 14TH ST & DES MOINES ST,Collision with:  Vehicle in traffic,On Roadway,"Sideswipe, same direction",FTYROW:  Other (explain in narrative),None Indicated,,Dark - roadway lighted,Dry,Clear,None apparent,Non-intersection:  Non-junction/no special feature,Paved,,Property Damage Only,0,0,0,0,0,0,1700,2,4,,POINT (-93.598368928374 41.594459534825)
2014806617,14-001514,07/07/2014,07-July,2-Monday,11:22,1100 Hours,District 1 (Central),ALTOONA,POLK,,,Collision with:  Vehicle in traffic,Outside trafficway,"Angle, oncoming left turn",Made improper turn,None Indicated,,Daylight,Dry,Cloudy,None apparent,Non-intersection:  Driveway access (within),,,Property Damage Only,0,0,0,0,0,0,2500,2,3,,POINT (-96.643700149993 40.233091251414)
2014807595,,07/07/2014,07-July,2-Monday,04:00,0400 Hours,District 5 (Southeast),,VAN BUREN,,Co Rd W40/RTE W40,Collision with:  Animal,On Roadway,Non-collision (single vehicle),Animal,None Indicated,,Dark - roadway not lighted,Dry,Clear,,Non-intersection:  Non-junction/no special feature,Paved,,Property Damage Only,0,0,0,0,0,0,1883,1,2,,POINT (-91.775743421922 40.768132744106)
2014806983,14-170707-01,07/07/2014,07-July,2-Monday,00:10,0000 Hours,District 6 (East Central),,IOWA,I-80,I-80,Collision with:  Animal,,,Animal,None Indicated,,,,,,,Paved,,Property Damage Only,0,0,0,0,0,0,3000,1,1,,POINT (-91.930385997673 41.687920776038)
2014806610,20140019243,07/07/2014,07-July,2-Monday,13:04,1300 Hours,District 1 (Central),DES MOINES,POLK,US 69,US 69/SE 14TH ST,Collision with:  Vehicle in traffic,On Roadway,Rear-end (front to rear),Followed too close,None Indicated,,Daylight,Dry,Clear,None apparent,Non-intersection:  Non-junction/no special feature,Paved,,Property Damage Only,0,0,0,0,0,0,2500,2,2,,POINT (-93.59686638202 41.55507851966)
2014807787,14-007023,07/07/2014,07-July,2-Monday,15:51,1500 Hours,District 3 (Northwest),,CARROLL,,Co Rd E37/MAHOGANY AVE,Collision with:  Vehicle in traffic,On Roadway,Rear-end (front to rear),Swerving/Evasive Action,None Indicated,,Daylight,Dry,Clear,None apparent,Non-intersection:  Driveway access (within),Paved,,Property Damage Only,0,0,0,0,0,0,4000,2,2,,POINT (-94.859418267552 42.039153609967)
2014806634,14-2047,07/07/2014,07-July,2-Monday,12:50,1200 Hours,District 1 (Central),FORT DODGE,WEBSTER,,1ST AVE S & S 5TH ST,Collision with:  Vehicle in traffic,On Roadway,Broadside (front to side),FTYROW:  From stop sign,None Indicated,,Daylight,Dry,Cloudy,None apparent,Intersection:  Other intersection (explain in narrative),Paved,,Property Damage Only,0,0,0,0,0,0,6500,2,3,,POINT (-94.191146153141 42.503526204232)
2014807780,14-146,07/07/2014,07-July,2-Monday,15:24,1500 Hours,District 2 (Northeast),WAVERLY,BREMER,IA 3,IA 3/HERITAGE WAY & 10TH AVE SW,Collision with:  Vehicle in traffic,On Roadway,Broadside (front to side),Ran Stop Sign,None Indicated,,Daylight,Dry,Clear,None apparent,Intersection:  Four-way intersection,Paved,,Major Injury,0,3,2,0,1,0,13000,2,3,,POINT (-92.500063497795 42.716324031085)
2014806851,20140019292,07/07/2014,07-July,2-Monday,21:21,2100 Hours,District 1 (Central),DES MOINES,POLK,,INGERSOLL AVE,Collision with:  Non-motorist (see non-motorist section - NOT a unit),On Roadway,Non-collision (single vehicle),Other (explain in narrative):  No improper action,None Indicated,,Dark - roadway lighted,Dry,Cloudy,None apparent,Non-intersection:  Non-junction/no special feature,Paved,,Minor Injury,0,1,0,1,0,0,200,1,4,,POINT (-93.682238370494 41.58630925927)
2014806999,201409704,07/07/2014,07-July,2-Monday,17:46,1700 Hours,District 6 (East Central),CEDAR RAPIDS,LINN,,A AVE NE & 7TH ST NE,Collision with:  Vehicle in traffic,On Roadway,Broadside (front to side),Ran Traffic Signal,None Indicated,,Daylight,Dry,Clear,None apparent,Intersection:  Four-way intersection,Paved,,Property Damage Only,0,0,0,0,0,0,6500,2,5,,POINT (-91.664075613334 41.982767266056)
2014806778,1401694,07/07/2014,07-July,2-Monday,12:41,1200 Hours,District 5 (Southeast),BLOOMFIELD,DAVIS,,COLUMBIA ST,Collision with:  Vehicle in traffic,On Roadway,Broadside (front to side),FTYROW:  From driveway,None Indicated,,Daylight,Dry,Clear,None apparent,Non-intersection:  Driveway access (within),Paved,,Property Damage Only,0,0,0,0,0,0,7000,2,3,,POINT (-92.41642941767 40.75580093559)
2014807257,2014039787,07/07/2014,07-July,2-Monday,21:30,2100 Hours,District 5 (Southeast),,WAPELLO,US 34,US 34,Collision with:  Animal,On Roadway,Non-collision (single vehicle),Animal,None Indicated,,Dark - roadway not lighted,Dry,Clear,None apparent,Non-intersection:  Non-junction/no special feature,Paved,,Property Damage Only,0,0,0,0,0,0,8000,1,1,,POINT (-92.184431610067 40.996988191445)
2014807409,14-002911,07/07/2014,07-July,2-Monday,14:25,1400 Hours,District 1 (Central),ANKENY,POLK,US 69,US 69/S ANKENY BLVD/N 14TH ST & IA 160/SW ORALABOR RD/SE ORALABOR RD,Collision with:  Vehicle in traffic,On Roadway,Rear-end (front to rear),Other (explain in narrative):  Other,None Indicated,,Daylight,Dry,Clear,None apparent,Intersection:  Four-way intersection,Paved,,Property Damage Only,0,0,0,0,0,0,2000,2,2,,POINT (-93.600562715852 41.70285829484)
2014806378,14-4484,07/07/2014,07-July,2-Monday,12:00,1200 Hours,District 1 (Central),,POLK,,Co Rd F38/NE 78TH AVE & NE 46TH ST,Collision with:  Animal,,,Animal,None Indicated,,,,,,,Paved,,Property Damage Only,0,0,0,0,0,0,4000,1,1,,POINT (-93.52247591959 41.702861546345)
2014808768,14-038,07/07/2014,07-July,2-Monday,03:19,0300 Hours,District 3 (Northwest),FARNHAMVILLE,CALHOUN,IA 175,IA 175/360TH ST & Co Rd P21/GARFIELD AVE,Collision with:  Animal,On Roadway,Non-collision (single vehicle),Animal,None Indicated,,Dark - roadway not lighted,Dry,Clear,None apparent,Intersection:  T-intersection,Paved,,Possible/Unknown,0,1,0,0,0,1,1500,1,1,,POINT (-94.403943542338 42.267037555863)
2014806958,14-68057,07/07/2014,07-July,2-Monday,13:21,1300 Hours,District 2 (Northeast),JANESVILLE,BLACK HAWK,,Co Rd C57/W CEDAR-WAPSI RD,Collision with:  Animal,On Roadway,Non-collision (single vehicle),Animal,None Indicated,,Daylight,Dry,Clear,None apparent,Non-intersection:  Non-junction/no special feature,Paved,,Minor Injury,0,1,0,1,0,0,10000,2,2,,POINT (-92.418983779156 42.614142346108)
2014806977,14004663,07/07/2014,07-July,2-Monday,16:06,1600 Hours,District 1 (Central),WEBSTER CITY,HAMILTON,IA 17,IA 17/BRIGGS WOOD RD,Collision with:  Vehicle in traffic,On Roadway,Rear-end (front to rear),Followed too close,None Indicated,,Daylight,Dry,Cloudy,None apparent,Non-intersection:  Non-junction/no special feature,Paved,,Minor Injury,0,2,0,2,0,0,9000,2,2,,POINT (-93.796423241058 42.353272426095)
2014806785,01-14-29807,07/07/2014,07-July,2-Monday,17:19,1700 Hours,District 6 (East Central),DUBUQUE,DUBUQUE,US 20,US 20/DODGE ST,Collision with:  Vehicle in traffic,On Roadway,Rear-end (front to rear),Lost Control,None Indicated,,Daylight,Dry,Clear,None apparent,Non-intersection:  Non-junction/no special feature,Paved,,Property Damage Only,0,0,0,0,0,0,2500,2,2,,POINT (-90.694155307056 42.490693056458)
2014806846,14-0802,07/07/2014,07-July,2-Monday,08:00,0800 Hours,District 1 (Central),CLIVE,POLK,,PRIMROSE LN & NW 86TH ST,Collision with:  Animal,,,Animal,None Indicated,,,,,,,Paved,,Property Damage Only,0,0,0,0,0,0,2000,1,1,,POINT (-93.736419836871 41.610762820426)
2014806411,20140019208,07/07/2014,07-July,2-Monday,07:50,0700 Hours,District 1 (Central),DES MOINES,POLK,,ARMY POST RD,Collision with:  Vehicle in traffic,On Roadway,Rear-end (front to rear),Other (explain in narrative):  Other,None Indicated,,Daylight,Dry,Clear,None apparent,Intersection:  Four-way intersection,Paved,,Property Damage Only,0,0,0,0,0,0,1750,2,2,,POINT (-93.644867305999 41.526022936465)
2014810165,14-007682,07/07/2014,07-July,2-Monday,21:33,2100 Hours,District 2 (Northeast),,FAYETTE,IA 150,IA 150/LINCOLN RD,Collision with:  Animal,,,Animal,None Indicated,,,,,,,Paved,,Property Damage Only,0,0,0,0,0,0,2500,1,1,,POINT (-91.823963662257 42.997597712743)
2014807204,2014-46235,07/07/2014,07-July,2-Monday,15:33,1500 Hours,District 6 (East Central),DAVENPORT,SCOTT,,W 3RD ST & N DIVISION ST,Collision with:  Vehicle in traffic,On Roadway,Rear-end (front to rear),Followed too close,None Indicated,,Daylight,Dry,Clear,None apparent,Non-intersection:  Non-junction/no special feature,Paved,,Property Damage Only,0,0,0,0,0,0,3000,2,3,,POINT (-90.601186970121 41.522324069453)
2014850947,14-005330,07/07/2014,07-July,2-Monday,22:40,2200 Hours,District 5 (Southeast),,LOUISA,IA 92,IA 92/IOWA 92 & P AVE,Non-collision events:  Other non-collision (explain in narrative),On Roadway,Non-collision (single vehicle),Lost Control,None Indicated,,Dark - roadway not lighted,Dry,Cloudy,None apparent,Non-intersection:  Non-junction/no special feature,Paved,,Property Damage Only,0,0,0,0,0,0,7000,1,1,,POINT (-91.292410769715 41.277337531531)
2014806345,K14-020488,07/07/2014,07-July,2-Monday,11:27,1100 Hours,District 5 (Southeast),KEOKUK,LEE,US 218,US 218/MAIN ST & CARBIDE LN & PLANK RD,Collision with:  Vehicle in traffic,On Roadway,"Angle, oncoming left turn",FTYROW:  Making left turn,None Indicated,,Daylight,Dry,Clear,None apparent,Intersection:  Four-way intersection,Paved,,Minor Injury,0,1,0,1,0,0,8000,2,2,,POINT (-91.410232372442 40.42241279974)
2014806635,14-2050,07/07/2014,07-July,2-Monday,16:16,1600 Hours,District 1 (Central),FORT DODGE,WEBSTER,,3RD AVE S & S 16TH ST,Collision with:  Non-motorist (see non-motorist section - NOT a unit),On Roadway,Non-collision (single vehicle),Swerving/Evasive Action,None Indicated,,Daylight,Dry,Clear,None apparent,Non-intersection:  Non-junction/no special feature,Paved,,Major Injury,0,1,1,0,0,0,0,1,1,,POINT (-94.176289029935 42.503067287812)
2014806947,2014039638,07/07/2014,07-July,2-Monday,08:00,0800 Hours,District 4 (Southwest),,ADAIR,I-80,I-80,Collision with fixed object:  Guardrail - face,On Roadway,Non-collision (single vehicle),Swerving/Evasive Action,None Indicated,,Daylight,Dry,Clear,None apparent,Non-intersection:  Non-junction/no special feature,Paved,,Possible/Unknown,0,1,0,0,1,0,11192,1,2,,POINT (-94.40584001508 41.495990223878)
2014806831,14001464,07/07/2014,07-July,2-Monday,17:05,1700 Hours,District 6 (East Central),IOWA CITY,JOHNSON,,UNIVERSITY OF IOWA,Collision with:  Vehicle in traffic,On Roadway,"Sideswipe, same direction",FTYROW:  From parked position,None Indicated,,Daylight,Dry,Clear,None apparent,Non-intersection:  Non-junction/no special feature,Paved,,Property Damage Only,0,0,0,0,0,0,3000,2,5,,POINT (-91.545055129809 41.661017777082)
2014806291,14-23367,07/07/2014,07-July,2-Monday,14:25,1400 Hours,District 5 (Southeast),BURLINGTON,DES MOINES,,AGENCY ST & COLUMBUS DR,Collision with:  Vehicle in traffic,On Roadway,Rear-end (front to rear),Followed too close,None Indicated,,Daylight,Dry,Cloudy,None apparent,Non-intersection:  Non-junction/no special feature,Paved,,Possible/Unknown,0,1,0,0,1,0,7000,2,4,,POINT (-91.137559905327 40.814697403701)
2014810993,143671,07/07/2014,07-July,2-Monday,07:00,0700 Hours,District 1 (Central),,HARDIN,,Co Rd D15/CO HWY D15 & MM AVE,Collision with:  Vehicle in traffic,On Roadway,Rear-end (front to rear),Followed too close,None Indicated,,Daylight,Dry,Clear,None apparent,Intersection:  T-intersection,Paved,,Property Damage Only,0,0,0,0,0,0,3000,2,3,,POINT (-93.222685986402 42.521433022509)
2014807525,2014-46137,07/07/2014,07-July,2-Monday,11:23,1100 Hours,District 6 (East Central),DAVENPORT,SCOTT,,W 3RD ST & WARREN ST,Collision with fixed object:  Other fixed object (explain in narrative),Outside trafficway,Non-collision (single vehicle),Ran off road - right,Refused,,Daylight,Dry,Clear,None apparent,Intersection:  Four-way intersection,Paved,,Possible/Unknown,0,1,0,0,1,0,12500,1,2,,POINT (-90.585916910265 41.522382632456)
2014810848,TC3914,07/07/2014,07-July,2-Monday,13:00,1300 Hours,District 4 (Southwest),MISSOURI VALLEY,HARRISON,US 30,US 30/W ERIE ST/E ERIE ST & N 1ST ST,Collision with:  Vehicle in traffic,Shoulder,"Sideswipe, same direction",FTYROW:  Other (explain in narrative),None Indicated,,Daylight,Dry,Clear,None apparent,Intersection:  T-intersection,Paved,,Property Damage Only,0,0,0,0,0,0,6000,2,2,,POINT (-95.894728697883 41.556356315475)
2014807049,2014-14519,07/07/2014,07-July,2-Monday,22:28,2200 Hours,District 5 (Southeast),,WARREN,,Co Rd S31/235TH AVE,Collision with:  Animal,,,Animal,None Indicated,,,,,,,Paved,,Property Damage Only,0,0,0,0,0,0,4000,1,1,,POINT (-93.357299789503 41.378336805259)
2014806920,2014-46089,07/07/2014,07-July,2-Monday,08:25,0800 Hours,District 6 (East Central),DAVENPORT,SCOTT,,IA 461/BRADY ST,Collision with:  Vehicle in traffic,On Roadway,Rear-end (front to rear),Followed too close,None Indicated,,Daylight,Dry,Clear,None apparent,Non-intersection:  Non-junction/no special feature,Paved,,Property Damage Only,0,0,0,0,0,0,5500,2,2,,POINT (-90.5684916948 41.570037408467)
2014806942,14-21740,07/07/2014,07-July,2-Monday,17:46,1700 Hours,District 3 (Northwest),SIOUX CITY,WOODBURY,,COURT ST & 1ST ST,Collision with:  Vehicle in traffic,On Roadway,Unknown,Improper Backing,None Indicated,,Daylight,Dry,Clear,Work Zone (roadway-related),Intersection:  Four-way intersection,Paved,Yes,Property Damage Only,0,0,0,0,0,0,1600,2,3,,POINT (-96.396389461799 42.490942947275)
2014806837,14-002971,07/07/2014,07-July,2-Monday,17:49,1700 Hours,District 3 (Northwest),,LYON,IA 182,IA 182/IOWA 182 & Co Rd A26/180TH ST,Collision with:  Vehicle in traffic,On Roadway,Broadside (front to side),FTYROW:  From stop sign,None Indicated,,Daylight,Dry,Clear,None apparent,Intersection:  Four-way intersection,Paved,,Minor Injury,0,6,0,5,1,0,12000,2,6,,POINT (-96.428825241659 43.389854743708)
2014809865,14-068246,07/07/2014,07-July,2-Monday,23:20,2300 Hours,District 2 (Northeast),EVANSDALE,BLACK HAWK,I-380,I-380,Collision with:  Animal,,,Animal,None Indicated,,,,,,,Paved,,Property Damage Only,0,0,0,0,0,0,2500,1,1,,POINT (-92.259467901111 42.459566111202)
2014806376,14-028344,07/07/2014,07-July,2-Monday,09:33,0900 Hours,District 5 (Southeast),MUSCATINE,MUSCATINE,,SYCAMORE ST & E 5TH ST,Collision with:  Vehicle in traffic,On Roadway,Broadside (front to side),Ran Stop Sign,None Indicated,,Daylight,Dry,Clear,None apparent,Intersection:  Four-way intersection,Paved,,Property Damage Only,0,0,0,0,0,0,12000,2,2,,POINT (-91.046957345631 41.424310507645)
2014808436,2014-46290,07/07/2014,07-July,2-Monday,19:45,1900 Hours,District 6 (East Central),DAVENPORT,SCOTT,,FERNWOOD AVE,Collision with:  Vehicle in traffic,On Roadway,"Sideswipe, same direction","Operating vehicle in an reckless, erratic, careless, negligent manner",None Indicated,,Dusk,Dry,Clear,None apparent,Non-intersection:  Non-junction/no special feature,Paved,,Property Damage Only,0,0,0,0,0,0,2000,2,2,,POINT (-90.532210459918 41.538597360217)
2014807104,14009859,07/07/2014,07-July,2-Monday,17:25,1700 Hours,District 6 (East Central),,CEDAR,,SPICER AVE,Collision with:  Vehicle in traffic,On Roadway,Broadside (front to side),FTYROW:  From driveway,None Indicated,,Daylight,"Mud, dirt",Clear,None apparent,Non-intersection:  Driveway access (within),Unpaved,,Property Damage Only,0,0,0,0,0,0,5900,2,2,,POINT (-91.016470492153 41.606626087509)
2014807046,14-003184,07/07/2014,07-July,2-Monday,17:00,1700 Hours,District 1 (Central),AMES,STORY,,LINCOLN WAY & COLORADO AVE,Collision with:  Vehicle in traffic,On Roadway,Rear-end (front to rear),Other (explain in narrative):  Other,None Indicated,,Daylight,Dry,Clear,None apparent,Non-intersection:  Non-junction/no special feature,Paved,,Property Damage Only,0,0,0,0,0,0,10200,4,6,,POINT (-93.662992356456 42.022770465752)
2014807921,14-7035,07/07/2014,07-July,2-Monday,21:52,2100 Hours,District 3 (Northwest),CARROLL,CARROLL,,BLUFF ST & CARROLL ST,Collision with:  Vehicle in traffic,On Roadway,"Angle, oncoming left turn",FTYROW:  Making left turn,None Indicated,,Dark - roadway lighted,Dry,Clear,None apparent,Intersection:  T-intersection,Paved,,Property Damage Only,0,0,0,0,0,0,2000,2,2,,POINT (-94.873001800199 42.060259088169)
2014809154,14132,07/07/2014,07-July,2-Monday,15:21,1500 Hours,District 5 (Southeast),PELLA,MARION,,NEIL DR & IDAHO DR,Collision with:  Vehicle in traffic,On Roadway,Rear-end (front to rear),Other (explain in narrative):  Other,None Indicated,,Daylight,Dry,Cloudy,None apparent,Intersection:  T-intersection,Paved,,Property Damage Only,0,0,0,0,0,0,4500,2,4,,POINT (-92.937619769683 41.392845428239)
2014806770,1407078161,07/07/2014,07-July,2-Monday,21:55,2100 Hours,District 6 (East Central),,CLINTON,,Co Rd Y44/170 AVE,Collision with:  Animal,,Non-collision (single vehicle),Animal,None Indicated,,,,,,,Paved,,Property Damage Only,0,0,0,0,0,0,7500,1,1,,POINT (-90.762521368051 41.876068463921)
2014807066,14-21721,07/07/2014,07-July,2-Monday,15:22,1500 Hours,District 3 (Northwest),SIOUX CITY,WOODBURY,,NICKLAUS BLVD,Collision with:  Parked motor vehicle,On Roadway,Rear-end (front to rear),Lost Control,None Indicated,,Daylight,Dry,Clear,None apparent,Non-intersection:  Non-junction/no special feature,Paved,,Property Damage Only,0,0,0,0,0,0,1500,2,1,,POINT (-96.315645838863 42.462550355906)
2014836283,B14-1270,07/07/2014,07-July,2-Monday,16:45,1600 Hours,District 3 (Northwest),SERGEANT BLUFF,WOODBURY,,C ST,Collision with:  Vehicle in traffic,On Roadway,Broadside (front to side),FTYROW:  From driveway,None Indicated,,Daylight,Dry,Clear,None apparent,Non-intersection:  Driveway access (within),Paved,,Minor Injury,0,2,0,2,0,0,3000,2,3,,POINT (-96.362412668781 42.400657654433)
2014808767,14-036,07/07/2014,07-July,2-Monday,09:35,0900 Hours,District 3 (Northwest),,CALHOUN,,Co Rd D36/270TH ST,Collision with fixed object:  Bridge overhead structure,On Roadway,Non-collision (single vehicle),Swerving/Evasive Action,None Indicated,,Daylight,Dry,Cloudy,None apparent,Non-intersection:  Other non-intersection (explain in narrative),Paved,,Possible/Unknown,0,1,0,0,1,0,3000,1,1,,POINT (-94.607196281223 42.399491981688)
2014806611,20140019261,07/07/2014,07-July,2-Monday,16:20,1600 Hours,District 1 (Central),DES MOINES,POLK,,E PAYTON AVE & SE 5TH ST,Non-collision events:  Other non-collision (explain in narrative),On Roadway,Non-collision (single vehicle),Lost Control,None Indicated,,Daylight,Dry,Cloudy,None apparent,Intersection:  T-intersection,Paved,,Major Injury,0,1,1,0,0,0,1500,1,1,,POINT (-93.606477312728 41.530032902547)
2014810031,14-23435,07/07/2014,07-July,2-Monday,21:35,2100 Hours,District 5 (Southeast),BURLINGTON,DES MOINES,,AGENCY ST,Collision with:  Vehicle in traffic,On Roadway,"Sideswipe, same direction",FTYROW:  Other (explain in narrative),None Indicated,,Dark - roadway lighted,Dry,Cloudy,None apparent,Non-intersection:  Non-junction/no special feature,Paved,,Property Damage Only,0,0,0,0,0,0,6000,2,3,,POINT (-91.141705236699 40.814854344504)