Iowa DOT Case Number,Law Enforcement Case Number,Date of Crash,Month of Crash,Day of Week,Time of Crash,Hour,DOT District,City Name,County Name,Route with System,Location Description,First Harmful Event,Location of First Harmful Event,Manner of Crash/Collision,Major Cause,Drug or Alcohol ,Environmental Conditions,Light Conditions,Surface Conditions,Weather Conditions,Roadway Contribution,Roadway Type,Roadway Surface,Work Zone,Crash Severity,Number of Fatalities,Number of Injuries,Number of Major Injuries,Number of Minor Injuries,Number of Possible Injuries,Number of Unknown Injuries,Amount of Property Damage,Number of Vehicles Involved,Total Number of Occupants,Travel Direction,Location
2014819375,1407-048,07/09/2014,07-July,4-Wednesday,00:43,0000 Hours,District 3 (Northwest),,OSCEOLA,IA 60,IA 60/IOWA 60,Collision with:  Animal,On Roadway,Non-collision (single vehicle),Animal,None Indicated,,Dark - roadway not lighted,Dry,Clear,None apparent,Non-intersection:  Non-junction/no special feature,Paved,,Property Damage Only,0,0,0,0,0,0,1500,1,1,,POINT (-95.804302665045 43.275451721936)
2014807034,14-3246,07/09/2014,07-July,4-Wednesday,12:47,1200 Hours,District 1 (Central),WEST DES MOINES,POLK,,UNIVERSITY AVE,Collision with:  Vehicle in traffic,On Roadway,Rear-end (front to rear),Swerving/Evasive Action,None Indicated,,Daylight,Dry,Clear,None apparent,Intersection:  Four-way intersection,Paved,,Possible/Unknown,0,1,0,0,1,0,10000,3,3,,POINT (-93.781529792115 41.600439997039)
2014810251,14-10340,07/09/2014,07-July,4-Wednesday,17:17,1700 Hours,District 6 (East Central),,JACKSON,,60 AVE,Collision with:  Vehicle in traffic,On Roadway,"Sideswipe, opposite direction",Unknown,None Indicated,,Daylight,"Mud, dirt",Clear,None apparent,Non-intersection:  Non-junction/no special feature,Unpaved,,Possible/Unknown,0,1,0,0,1,0,14000,2,2,,POINT (-90.839209152298 42.182695131286)
2014807090,,07/09/2014,07-July,4-Wednesday,06:17,0600 Hours,District 5 (Southeast),,LUCAS,,Co Rd H20/530TH ST & Co Rd S23/200TH AVE,Collision with:  Vehicle in traffic,On Roadway,Broadside (front to side),Ran Stop Sign,None Indicated,,Daylight,Other (explain in narrative),Clear,None apparent,Intersection:  Four-way intersection,Paved,,Possible/Unknown,0,2,0,0,2,0,30000,2,2,,POINT (-93.365830103496 41.08787893699)
2014808190,14-003223,07/09/2014,07-July,4-Wednesday,19:05,1900 Hours,District 1 (Central),AMES,STORY,,Co Rd E42/220TH ST & E 13TH ST,Collision with:  Vehicle in traffic,On Roadway,Rear-end (front to rear),Followed too close,None Indicated,,Daylight,Dry,Clear,None apparent,Non-intersection:  Non-junction/no special feature,Paved,,Property Damage Only,0,0,0,0,0,0,5000,2,2,,POINT (-93.595966442716 42.034432286757)
2014807024,20140019543,07/09/2014,07-July,4-Wednesday,17:08,1700 Hours,District 1 (Central),DES MOINES,POLK,I-235,I-235,Collision with:  Vehicle in traffic,On Roadway,Rear-end (front to rear),Followed too close,None Indicated,,Daylight,Dry,Cloudy,None apparent,Non-intersection:  Non-junction/no special feature,Paved,,Possible/Unknown,0,2,0,0,2,0,7000,2,3,,POINT (-93.68443519713 41.592114876525)
2014807475,14-0766,07/09/2014,07-July,4-Wednesday,15:23,1500 Hours,District 1 (Central),PLEASANT HILL,POLK,US 65,US 65,Collision with:  Vehicle in traffic,On Roadway,Rear-end (front to rear),Other (explain in narrative):  Other,None Indicated,,Daylight,Dry,Cloudy,None apparent,Non-intersection:  Non-junction/no special feature,Paved,,Minor Injury,0,2,0,2,0,0,2400,2,4,,POINT (-93.513350400979 41.572343382934)
2014807416,14-0819,07/09/2014,07-July,4-Wednesday,12:33,1200 Hours,District 1 (Central),CLIVE,POLK,US 6,US 6/HICKMAN RD,Collision with:  Non-motorist (see non-motorist section - NOT a unit),On Roadway,Non-collision (single vehicle),Unknown,None Indicated,,Daylight,Dry,Cloudy,None apparent,Intersection:  Four-way intersection,Paved,,Minor Injury,0,1,0,1,0,0,0,1,1,,POINT (-93.7806480313 41.614893511173)
2014807299,14-10141,07/09/2014,07-July,4-Wednesday,19:24,1900 Hours,District 3 (Northwest),,CLAY,US 71,US 71,Non-collision events:  Other non-collision (explain in narrative),On Roadway,Non-collision (single vehicle),Exceeded authorized speed,None Indicated,,Daylight,Dry,Clear,None apparent,Non-intersection:  Non-junction/no special feature,Paved,,Property Damage Only,0,0,0,0,0,0,3000,1,2,,POINT (-95.161252517718 43.086035921988)
2014807170,14-1503,07/09/2014,07-July,4-Wednesday,17:22,1700 Hours,District 1 (Central),URBANDALE,POLK,US 6,US 6/HICKMAN RD,Collision with:  Vehicle in traffic,On Roadway,Rear-end (front to rear),Followed too close,None Indicated,,Daylight,Dry,Clear,None apparent,Non-intersection:  Non-junction/no special feature,Paved,,Property Damage Only,0,0,0,0,0,0,4500,2,2,,POINT (-93.788570334876 41.614947525542)
2014807215,2014-47001,07/09/2014,07-July,4-Wednesday,15:15,1500 Hours,District 6 (East Central),DAVENPORT,SCOTT,US 6,US 6/W KIMBERLY RD,Collision with:  Vehicle in traffic,On Roadway,"Sideswipe, same direction",FTYROW:  From parked position,None Indicated,,Daylight,Dry,Clear,None apparent,Non-intersection:  Non-junction/no special feature,Paved,,Possible/Unknown,0,1,0,0,1,0,10250,4,7,,POINT (-90.655905923348 41.577419721425)
2014807726,2014040205,07/09/2014,07-July,4-Wednesday,18:40,1800 Hours,District 6 (East Central),,JACKSON,,Co Rd Y53/HURSTVILLE RD & 63 ST & ROCKDALE RD,Collision with fixed object:  Traffic sign support,On Roadway,Non-collision (single vehicle),Ran off road - right,None Indicated,,Daylight,Dry,Clear,Other (explain in narrative),Intersection:  Four-way intersection,Paved,,Property Damage Only,0,0,0,0,0,0,3000,1,1,,POINT (-90.676914654127 42.088177068588)
2014808937,1407090017,07/09/2014,07-July,4-Wednesday,00:17,0000 Hours,District 6 (East Central),WYOMING,JONES,IA 64,IA 64/IOWA 64 & 20 AVE,Collision with:  Animal,On Roadway,Non-collision (single vehicle),Animal,None Indicated,,Dark - roadway not lighted,Dry,Clear,None apparent,Non-intersection:  Non-junction/no special feature,Paved,,Property Damage Only,0,0,0,0,0,0,4000,1,1,,POINT (-90.925082467468 42.067096774018)
2014807210,2014-47070,07/09/2014,07-July,4-Wednesday,19:08,1900 Hours,District 6 (East Central),DAVENPORT,SCOTT,,IA 461/BRADY ST & E 13TH ST,Non-collision events:  Other non-collision (explain in narrative),On Roadway,Non-collision (single vehicle),FTYROW:  Other (explain in narrative),None Indicated,,Daylight,Dry,Clear,None apparent,Non-intersection:  Non-junction/no special feature,Paved,,Possible/Unknown,0,1,0,0,1,0,0,1,1,,POINT (-90.574037412743 41.533048291633)
2014808188,14-003215,07/09/2014,07-July,4-Wednesday,10:20,1000 Hours,District 1 (Central),AMES,STORY,,DUFF AVE,Collision with:  Vehicle in traffic,On Roadway,Rear-end (front to rear),Followed too close,None Indicated,,Daylight,Dry,Clear,Work Zone (roadway-related),Non-intersection:  Non-junction/no special feature,Paved,Yes,Property Damage Only,0,0,0,0,0,0,5500,2,2,,POINT (-93.610654077993 42.034111905725)
2014808545,14-016568,07/09/2014,07-July,4-Wednesday,22:45,2200 Hours,District 5 (Southeast),,MARION,,Co Rd G44/HWY G44 & 138TH PL,Collision with:  Animal,,,Animal,None Indicated,,,,,,,Paved,,Property Damage Only,0,0,0,0,0,0,3500,1,1,,POINT (-93.083009631667 41.342254378011)
2014807050,2014-14644,07/09/2014,07-July,4-Wednesday,16:17,1600 Hours,District 5 (Southeast),,WARREN,IA 92,IA 92/IOWA 92 & 165TH AVE & HWY S23,Collision with:  Vehicle in traffic,On Roadway,Rear-end (front to rear),Other (explain in narrative):  Other,None Indicated,,Daylight,Dry,Clear,None apparent,Intersection:  Four-way intersection,Paved,,Property Damage Only,0,0,0,0,0,0,9500,2,2,,POINT (-93.491228167735 41.360800619924)
2014807036,S14-002564,07/09/2014,07-July,4-Wednesday,14:14,1400 Hours,District 4 (Southwest),MINDEN,POTTAWATTAMIE,,Co Rd G18/TAMARACK RD,Collision with:  Vehicle in traffic,On Roadway,"Sideswipe, opposite direction",Separation of units,None Indicated,,Daylight,Dry,Clear,None apparent,Non-intersection:  Other non-intersection (explain in narrative),Paved,,Property Damage Only,0,0,0,0,0,0,8500,2,3,,POINT (-95.607889588196 41.460291911604)
2014808594,2014-0249,07/09/2014,07-July,4-Wednesday,18:50,1800 Hours,District 1 (Central),DES MOINES,POLK,IA 5,IA 5/SE RAMP/SW RAMP & IA 28/IOWA 28,Collision with:  Vehicle in traffic,On Roadway,Rear-end (front to rear),FTYROW:  From stop sign,None Indicated,,Daylight,Dry,Clear,None apparent,Intersection:  T-intersection,Paved,,Property Damage Only,0,0,0,0,0,0,3500,2,3,,POINT (-93.679930959091 41.512697265816)
2014807064,12-1234567,07/09/2014,07-July,4-Wednesday,14:00,1400 Hours,District 3 (Northwest),SIOUX CITY,WOODBURY,,DOUGLAS ST & 6TH ST,Collision with:  Vehicle in traffic,On Roadway,Broadside (front to side),Ran Traffic Signal,None Indicated,,Daylight,Dry,Clear,None apparent,Intersection:  Four-way intersection,Paved,,Minor Injury,0,1,0,1,0,0,5500,2,2,,POINT (-96.406441666287 42.496362115753)
2014806909,2014-46981,07/09/2014,07-July,4-Wednesday,13:14,1300 Hours,District 6 (East Central),DAVENPORT,SCOTT,,E 53RD ST & VICTORIA AVE,Collision with:  Vehicle in traffic,On Roadway,"Angle, oncoming left turn",FTYROW:  Making left turn,None Indicated,,Daylight,Dry,Clear,None apparent,Non-intersection:  Driveway access (within),Paved,,Possible/Unknown,0,1,0,0,1,0,10000,2,4,,POINT (-90.511491918303 41.574959490306)
2014807015,14-0822,07/09/2014,07-July,4-Wednesday,16:50,1600 Hours,District 1 (Central),CLIVE,POLK,US 6,US 6/HICKMAN RD,Collision with:  Vehicle in traffic,On Roadway,Rear-end (front to rear),Driving too fast for conditions,None Indicated,,Daylight,Dry,Cloudy,None apparent,Non-intersection:  Non-junction/no special feature,Paved,,Possible/Unknown,0,2,0,0,2,0,16500,5,9,,POINT (-93.790514796519 41.614952185039)
2014808272,CL14002349,07/09/2014,07-July,4-Wednesday,17:41,1700 Hours,District 6 (East Central),CLINTON,CLINTON,,8TH AVE S & S 6TH ST,Collision with fixed object:  Utility pole/light support,Shoulder,Non-collision (single vehicle),Other (explain in narrative):  Other,None Indicated,,Daylight,Dry,Clear,None apparent,Non-intersection:  Non-junction/no special feature,Paved,,Possible/Unknown,0,1,0,0,1,0,5000,1,1,,POINT (-90.198894288391 41.837652371642)
2014807102,201403122,07/09/2014,07-July,4-Wednesday,22:16,2200 Hours,District 1 (Central),,BOONE,,Co Rd E57/270TH ST,Collision with:  Animal,,,Animal,None Indicated,,,,,,,Paved,,Property Damage Only,0,0,0,0,0,0,3000,1,1,,POINT (-93.861215771065 41.965181271449)
2014807030,20140019519,07/09/2014,07-July,4-Wednesday,15:00,1500 Hours,District 1 (Central),DES MOINES,POLK,,HICKMAN RD & MLK JR PKWY,Collision with:  Vehicle in traffic,On Roadway,Rear-end (front to rear),"Operating vehicle in an reckless, erratic, careless, negligent manner",None Indicated,,Daylight,Dry,Cloudy,None apparent,Intersection:  Four-way intersection,Paved,,Property Damage Only,0,0,0,0,0,0,3000,2,4,,POINT (-93.646461472405 41.615050886462)
2014807331,80-14-218,07/09/2014,07-July,4-Wednesday,14:41,1400 Hours,District 2 (Northeast),HUMBOLDT,HUMBOLDT,US 169,US 169/13TH ST N,Collision with:  Vehicle in traffic,On Roadway,Rear-end (front to rear),Followed too close,None Indicated,,Daylight,Dry,Cloudy,None apparent,Non-intersection:  Non-junction/no special feature,Paved,,Property Damage Only,0,0,0,0,0,0,6200,2,2,,POINT (-94.227108076534 42.732481281087)
2014807577,2014040207,07/09/2014,07-July,4-Wednesday,18:30,1800 Hours,District 3 (Northwest),ESTHERVILLE,EMMET,IA 9,IA 9/CENTRAL AVE,Collision with:  Vehicle in traffic,On Roadway,Rear-end (front to rear),Followed too close,None Indicated,,Daylight,Dry,Cloudy,None apparent,Non-intersection:  Non-junction/no special feature,Paved,,Possible/Unknown,0,1,0,0,1,0,8500,3,5,,POINT (-94.834844883654 43.401984313844)
2014807025,20140019547,07/09/2014,07-July,4-Wednesday,17:48,1700 Hours,District 1 (Central),DES MOINES,POLK,I-235,I-235,Collision with:  Vehicle in traffic,On Roadway,Rear-end (front to rear),Followed too close,None Indicated,,Daylight,Dry,Clear,None apparent,Non-intersection:  Non-junction/no special feature,Paved,,Possible/Unknown,0,1,0,0,1,0,1300,2,3,,POINT (-93.682573488044 41.591927786454)
2014807101,201403120,07/09/2014,07-July,4-Wednesday,19:04,1900 Hours,District 1 (Central),,BOONE,,Co Rd R27/P AVE,Non-collision events:  Overturn/rollover,Shoulder,Non-collision (single vehicle),Swerving/Evasive Action,None Indicated,,Daylight,Dry,Clear,None apparent,Non-intersection:  Non-junction/no special feature,Paved,,Major Injury,0,1,1,0,0,0,500,1,1,,POINT (-93.874183997224 42.207004800337)
2014807176,S14-002566,07/09/2014,07-July,4-Wednesday,16:23,1600 Hours,District 4 (Southwest),NEOLA,POTTAWATTAMIE,,530TH ST,Collision with:  Vehicle in traffic,On Roadway,Head-on (front to front),Unknown,None Indicated,,Daylight,"Mud, dirt",Clear,None apparent,Non-intersection:  Non-junction/no special feature,Unpaved,,Major Injury,0,4,1,2,1,0,20000,2,4,,POINT (-95.174280502909 41.441920745982)
2014807107,1407098021,07/09/2014,07-July,4-Wednesday,23:25,2300 Hours,District 6 (East Central),,CLINTON,,Co Rd E44/105 ST & Co Rd Z34/362 AVE,Non-collision events:  Overturn/rollover,On Roadway,Non-collision (single vehicle),Other (explain in narrative):  Vision obstructed,None Indicated,,Dark - roadway not lighted,Dry,Clear,None apparent,Intersection:  Four-way intersection,Paved,,Property Damage Only,0,0,0,0,0,0,250000,1,1,,POINT (-90.400776414938 42.025894216889)
2014809867,14-68823,07/09/2014,07-July,4-Wednesday,15:22,1500 Hours,District 2 (Northeast),EVANSDALE,BLACK HAWK,I-380,I-380,Collision with:  Vehicle in traffic,On Roadway,"Sideswipe, same direction",Unknown,None Indicated,,Daylight,Dry,Clear,None apparent,Non-intersection:  Non-junction/no special feature,Paved,,Property Damage Only,0,0,0,0,0,0,6000,2,3,,POINT (-92.303402979057 42.457013703869)
2014806861,20140019470,07/09/2014,07-July,4-Wednesday,06:00,0600 Hours,District 1 (Central),DES MOINES,POLK,,SE 28TH CT,Collision with:  Vehicle in traffic,On Roadway,"Sideswipe, same direction",Unknown,None Indicated,,Unknown,Unknown,Unknown,None apparent,Non-intersection:  Non-junction/no special feature,Paved,,Property Damage Only,0,0,0,0,0,0,3000,2,1,,POINT (-93.561736126194 41.583322229992)
2014807627,14068804,07/09/2014,07-July,4-Wednesday,14:03,1400 Hours,District 2 (Northeast),CEDAR FALLS,BLACK HAWK,,UNIVERSITY AVE & S MAIN ST,Collision with:  Vehicle in traffic,On Roadway,Head-on (front to front),FTYROW:  Making left turn,None Indicated,,Daylight,Dry,Clear,None apparent,Intersection:  Four-way intersection,Paved,,Property Damage Only,0,0,0,0,0,0,3000,2,3,,POINT (-92.445824788477 42.513086797058)
2014808189,14-003220,07/09/2014,07-July,4-Wednesday,15:53,1500 Hours,District 1 (Central),AMES,STORY,,9TH ST & E 9TH ST & DUFF AVE,Collision with:  Vehicle in traffic,On Roadway,"Angle, oncoming left turn",FTYROW:  Making left turn,None Indicated,,Daylight,Dry,Clear,None apparent,Intersection:  Four-way intersection,Paved,,Property Damage Only,0,0,0,0,0,0,4000,2,3,,POINT (-93.61053133217 42.030122651421)
2014807056,14-2066,07/09/2014,07-July,4-Wednesday,13:05,1300 Hours,District 1 (Central),FORT DODGE,WEBSTER,,5TH AVE S,Collision with:  Vehicle in traffic,On Roadway,"Sideswipe, same direction",Unknown,None Indicated,,Daylight,Dry,Clear,None apparent,Non-intersection:  Non-junction/no special feature,Paved,,Property Damage Only,0,0,0,0,0,0,3000,2,2,,POINT (-94.167355647938 42.501105340064)
2014807314,2014-3154,07/09/2014,07-July,4-Wednesday,16:20,1600 Hours,District 4 (Southwest),WAUKEE,DALLAS,,VENTURE DR & N WARRIOR LN & N VENTURE DR,Collision with:  Vehicle in traffic,On Roadway,Broadside (front to side),FTYROW:  From stop sign,None Indicated,,Daylight,Dry,Clear,None apparent,Intersection:  Four-way intersection,Paved,,Property Damage Only,0,0,0,0,0,0,5500,2,2,,POINT (-93.872200157526 41.616469106948)
2014808247,14011485,07/09/2014,07-July,4-Wednesday,16:57,1600 Hours,District 2 (Northeast),MASON CITY,CERRO GORDO,IA 122,IA 122/4TH ST SW,Collision with:  Vehicle in traffic,On Roadway,Rear-end (front to rear),Followed too close,None Indicated,,Daylight,Dry,Cloudy,None apparent,Non-intersection:  Non-junction/no special feature,Paved,,Property Damage Only,0,0,0,0,0,0,2000,2,2,,POINT (-93.239189793794 43.148351900908)
2014807020,20140019526,07/09/2014,07-July,4-Wednesday,15:51,1500 Hours,District 1 (Central),DES MOINES,POLK,US 6,US 6/E EUCLID AVE,Collision with fixed object:  Utility pole/light support,On Roadway,Non-collision (single vehicle),Crossed centerline (undivided),None Indicated,,Daylight,Dry,Cloudy,None apparent,Non-intersection:  Non-junction/no special feature,Paved,,Possible/Unknown,0,1,0,0,1,0,3500,1,1,,POINT (-93.605242850762 41.627696220933)
2014806860,20140019458,07/09/2014,07-July,4-Wednesday,08:00,0800 Hours,District 1 (Central),DES MOINES,POLK,IA 163,IA 163/E UNIVERSITY AVE & E 22ND ST,Collision with fixed object:  Utility pole/light support,Roadside,Non-collision (single vehicle),Unknown,None Indicated,,Daylight,Dry,Clear,None apparent,Intersection:  T-intersection,Paved,,Property Damage Only,0,0,0,0,0,0,2500,1,1,,POINT (-93.577520542808 41.600456890521)
2014807078,14-4503,07/09/2014,07-July,4-Wednesday,18:58,1800 Hours,District 2 (Northeast),,KOSSUTH,US 169,US 169,Collision with:  Vehicle in traffic,On Roadway,Rear-end (front to rear),Swerving/Evasive Action,None Indicated,,Daylight,Dry,Clear,Work Zone (roadway-related),Non-intersection:  Non-junction/no special feature,Paved,Yes,Minor Injury,0,1,0,1,0,0,51500,2,2,,POINT (-94.226338556328 43.222432309902)
2014809344,070914B,07/09/2014,07-July,4-Wednesday,04:50,0400 Hours,District 4 (Southwest),,FREMONT,US 275,US 275,Collision with:  Animal,,Non-collision (single vehicle),Animal,None Indicated,,,,,,,Paved,,Property Damage Only,0,0,0,0,0,0,1500,1,1,,POINT (-95.649421568598 40.622247248761)
2014807563,20140105,07/09/2014,07-July,4-Wednesday,10:30,1000 Hours,District 6 (East Central),CEDAR RAPIDS,LINN,US 30,US 30 & DOGWOOD DR SW,Collision with:  Animal,,,Animal,None Indicated,,,,,,,Paved,,Property Damage Only,0,0,0,0,0,0,2000,1,1,,POINT (-91.59376941833 41.925880323671)
2014806907,2014-46893,07/09/2014,07-July,4-Wednesday,07:01,0700 Hours,District 6 (East Central),DAVENPORT,SCOTT,,IA 461/BRADY ST,Collision with:  Vehicle in traffic,On Roadway,"Sideswipe, same direction",Unknown,None Indicated,,Daylight,Dry,Clear,None apparent,Non-intersection:  Non-junction/no special feature,Paved,,Property Damage Only,0,0,0,0,0,0,3000,2,3,,POINT (-90.568361644147 41.559118938885)
2014807297,14004231,07/09/2014,07-July,4-Wednesday,15:36,1500 Hours,District 2 (Northeast),,CERRO GORDO,,Co Rd B43/210TH ST,Collision with:  Animal,,,Animal,None Indicated,,,,,,,Paved,,Property Damage Only,0,0,0,0,0,0,5000,1,1,,POINT (-93.321777887078 43.067186292977)
2014809503,201400002346,07/09/2014,07-July,4-Wednesday,21:50,2100 Hours,District 6 (East Central),CEDAR RAPIDS,LINN,,Co Rd E66/76TH AVE SW,Non-collision events:  Overturn/rollover,Shoulder,Non-collision (single vehicle),Crossed centerline (undivided),None Indicated,,Dusk,Dry,Cloudy,"Surface condition (e.g., wet, icy)",Non-intersection:  Non-junction/no special feature,Unpaved,,Property Damage Only,0,0,0,0,0,0,7500,1,1,,POINT (-91.724399711272 41.905682271052)
2014807648,14-005132,07/09/2014,07-July,4-Wednesday,13:43,1300 Hours,District 4 (Southwest),PERRY,DALLAS,,PATTEE ST & 5TH ST,Collision with:  Vehicle in traffic,On Roadway,Broadside (front to side),FTYROW:  From yield sign,None Indicated,,Daylight,Dry,Clear,None apparent,Intersection:  Other intersection (explain in narrative),Paved,,Possible/Unknown,0,1,0,0,1,0,3000,2,2,,POINT (-94.101088408167 41.841568544991)
2014807679,14-1505,07/09/2014,07-July,4-Wednesday,21:50,2100 Hours,District 1 (Central),URBANDALE,POLK,I-35,I-35,Collision with:  Animal,,Non-collision (single vehicle),Animal,None Indicated,,,,,,,Paved,,Property Damage Only,0,0,0,0,0,0,2000,1,1,,POINT (-93.775244926388 41.627756278229)
2014810103,14-23679,07/09/2014,07-July,4-Wednesday,13:53,1300 Hours,District 5 (Southeast),BURLINGTON,DES MOINES,US 34,US 34,Collision with:  Vehicle in traffic,On Roadway,Rear-end (front to rear),"Operating vehicle in an reckless, erratic, careless, negligent manner",Refused,,Daylight,Dry,Clear,Work Zone (roadway-related),Non-intersection:  Other non-intersection (explain in narrative),Paved,Yes,Possible/Unknown,0,1,0,0,1,0,8000,2,3,,POINT (-91.09742282151 40.812330819697)
2014807136,2014007372,07/09/2014,07-July,4-Wednesday,08:51,0800 Hours,District 6 (East Central),IOWA CITY,JOHNSON,,MELROSE AVE,Collision with:  Animal,On Roadway,Non-collision (single vehicle),Animal,None Indicated,,Daylight,Dry,Clear,None apparent,Non-intersection:  Non-junction/no special feature,Paved,,Property Damage Only,0,0,0,0,0,0,3500,1,1,,POINT (-91.584477183407 41.657051724059)
2014810394,14-002936,07/09/2014,07-July,4-Wednesday,16:23,1600 Hours,District 1 (Central),ANKENY,POLK,,SE DELAWARE AVE,Collision with:  Vehicle in traffic,On Roadway,Broadside (front to side),FTYROW:  From stop sign,None Indicated,,Daylight,Dry,Clear,None apparent,Intersection:  Four-way intersection,Paved,,Property Damage Only,0,0,0,0,0,0,2250,2,4,,POINT (-93.581214213607 41.705740967972)
2014806981,14-060709-14,07/09/2014,07-July,4-Wednesday,21:00,2100 Hours,District 6 (East Central),,IOWA,US 6,US 6,Collision with:  Animal,,,Animal,None Indicated,,,,,,,Paved,,Property Damage Only,0,0,0,0,0,0,3500,1,1,,POINT (-91.838514801199 41.759201127852)
2014807149,14-009287,07/09/2014,07-July,4-Wednesday,04:45,0400 Hours,District 4 (Southwest),,MILLS,,340TH ST & CARY AVE,Non-collision events:  Overturn/rollover,On Roadway,Non-collision (single vehicle),Ran Stop Sign,None Indicated,,Dark - roadway not lighted,"Mud, dirt",Clear,None apparent,Intersection:  T-intersection,Unpaved,,Property Damage Only,0,0,0,0,0,0,9000,1,1,,POINT (-95.53731275815 41.131103190126)
2014806992,2014007400,07/09/2014,07-July,4-Wednesday,21:02,2100 Hours,District 6 (East Central),IOWA CITY,JOHNSON,IA 1,IA 1/DODGE ST & E WASHINGTON ST,Collision with:  Vehicle in traffic,On Roadway,"Sideswipe, same direction",FTYROW:  From stop sign,None Indicated,,Dusk,Dry,Clear,None apparent,Intersection:  Four-way intersection,Paved,,Minor Injury,0,1,0,1,0,0,2500,2,2,,POINT (-91.52577634898 41.660033512757)
2014807223,891404427,07/09/2014,07-July,4-Wednesday,15:20,1500 Hours,District 5 (Southeast),,VAN BUREN,,IOWA OAK GROVE AVE,Collision with fixed object:  Ditch,On Roadway,Non-collision (single vehicle),Swerving/Evasive Action,None Indicated,,Daylight,Dry,Clear,None apparent,Non-intersection:  Non-junction/no special feature,Unpaved,,Property Damage Only,0,0,0,0,0,0,2500,1,1,,POINT (-92.025373132088 40.717649635151)
2014810268,14-3445,07/09/2014,07-July,4-Wednesday,14:00,1400 Hours,District 6 (East Central),HIAWATHA,LINN,,18TH AVE & BOYSON RD,Collision with:  Vehicle in traffic,On Roadway,Rear-end (front to rear),Driver Distraction:  Reaching for object(s)/fallen object(s),None Indicated,,Daylight,Dry,Clear,None apparent,Intersection:  Four-way intersection,Paved,,Property Damage Only,0,0,0,0,0,0,2200,2,3,,POINT (-91.697296930542 42.044230515107)
2014807072,14-21976,07/09/2014,07-July,4-Wednesday,14:46,1400 Hours,District 3 (Northwest),SIOUX CITY,WOODBURY,,31ST ST & JACKSON ST,Collision with:  Parked motor vehicle,On Roadway,Unknown,Ran off road - right,None Indicated,,Daylight,Dry,Cloudy,None apparent,Non-intersection:  Non-junction/no special feature,Paved,,Property Damage Only,0,0,0,0,0,0,3000,2,1,,POINT (-96.402327758972 42.523461843809)
2014807070,14-21940,07/09/2014,07-July,4-Wednesday,07:00,0700 Hours,District 3 (Northwest),SIOUX CITY,WOODBURY,,OUTER DR N & INDIAN HILLS DR,Collision with:  Vehicle in traffic,On Roadway,Rear-end (front to rear),Other (explain in narrative):  Other,None Indicated,,Daylight,Dry,Clear,None apparent,Intersection:  Four-way intersection,Paved,,Property Damage Only,0,0,0,0,0,0,2000,2,2,,POINT (-96.374452396936 42.536812211316)
2014860912,14-025-AC-Y,07/09/2014,07-July,4-Wednesday,16:55,1600 Hours,District 3 (Northwest),MILFORD,DICKINSON,US 71,US 71/OKOBOJI AVE & 6TH ST,Collision with:  Vehicle in traffic,On Roadway,"Angle, oncoming left turn",FTYROW:  Making left turn,None Indicated,,Daylight,Dry,Clear,None apparent,Intersection:  Four-way intersection,Paved,,Possible/Unknown,0,1,0,0,1,0,6000,2,2,,POINT (-95.149972237701 43.320704085292)
2014808246,14011440,07/09/2014,07-July,4-Wednesday,08:16,0800 Hours,District 2 (Northeast),MASON CITY,CERRO GORDO,IA 122,IA 122/6TH ST SW & S JEFFERSON AVE,Collision with:  Vehicle in traffic,On Roadway,Broadside (front to side),Ran Traffic Signal,None Indicated,,Daylight,Dry,Clear,None apparent,Intersection:  Four-way intersection,Paved,,Property Damage Only,0,0,0,0,0,0,4000,2,2,,POINT (-93.205952857489 43.146291407189)
2014807282,W14-068789,07/09/2014,07-July,4-Wednesday,13:27,1300 Hours,District 2 (Northeast),WATERLOO,BLACK HAWK,,EASTON AVE & BALTIMORE ST,Collision with:  Vehicle in traffic,On Roadway,Broadside (front to side),FTYROW:  From stop sign,None Indicated,,Daylight,Dry,Clear,None apparent,Intersection:  Four-way intersection,Paved,,Possible/Unknown,0,1,0,0,1,0,3000,2,2,,POINT (-92.349684720362 42.472973884836)
2014808144,14028686,07/09/2014,07-July,4-Wednesday,16:34,1600 Hours,District 5 (Southeast),MUSCATINE,MUSCATINE,US 61,US 61 & 2ND AVE,Collision with:  Vehicle in traffic,On Roadway,Rear-end (front to rear),Followed too close,None Indicated,,Daylight,Dry,Cloudy,None apparent,Intersection:  Four-way intersection,Paved,,Property Damage Only,0,0,0,0,0,0,3250,3,4,,POINT (-91.034754582347 41.452762542774)
2014806964,W14-068853,07/09/2014,07-July,4-Wednesday,16:31,1600 Hours,District 2 (Northeast),WATERLOO,BLACK HAWK,US 63,US 63/E MULLAN AVE,Collision with:  Vehicle in traffic,On Roadway,Rear-end (front to rear),Followed too close,None Indicated,,Daylight,Dry,Clear,None apparent,Intersection:  Four-way intersection,Paved,,Possible/Unknown,0,2,0,0,2,0,4500,3,7,,POINT (-92.336731769515 42.513002650155)
2014810120,14-23688,07/09/2014,07-July,4-Wednesday,15:03,1500 Hours,District 5 (Southeast),BURLINGTON,DES MOINES,US 61,US 61 & WEST AVE,Collision with:  Vehicle in traffic,On Roadway,"Angle, oncoming left turn",Unknown,None Indicated,,Daylight,Dry,Cloudy,None apparent,Intersection:  Four-way intersection,Paved,,Property Damage Only,0,0,0,0,0,0,6000,2,3,,POINT (-91.141645613111 40.800422823684)
2014807354,2014002340,07/09/2014,07-July,4-Wednesday,15:36,1500 Hours,District 6 (East Central),,LINN,,Co Rd E34/COUNTY HOME RD & N MENTZER RD,Collision with:  Vehicle in traffic,On Roadway,Rear-end (front to rear),Other (explain in narrative):  Vision obstructed,None Indicated,,Daylight,Dry,Clear,None apparent,Intersection:  T-intersection,Paved,,Property Damage Only,0,0,0,0,0,0,1500,2,2,,POINT (-91.653452419372 42.094943251718)