Iowa DOT Case Number,Law Enforcement Case Number,Date of Crash,Month of Crash,Day of Week,Time of Crash,Hour,DOT District,City Name,County Name,Route with System,Location Description,First Harmful Event,Location of First Harmful Event,Manner of Crash/Collision,Major Cause,Drug or Alcohol ,Environmental Conditions,Light Conditions,Surface Conditions,Weather Conditions,Roadway Contribution,Roadway Type,Roadway Surface,Work Zone,Crash Severity,Number of Fatalities,Number of Injuries,Number of Major Injuries,Number of Minor Injuries,Number of Possible Injuries,Number of Unknown Injuries,Amount of Property Damage,Number of Vehicles Involved,Total Number of Occupants,Travel Direction,Location
2014808191,14-003236,07/10/2014,07-July,5-Thursday,05:40,0500 Hours,District 1 (Central),AMES,STORY,,LINCOLN WAY & S HYLAND AVE,Collision with:  Vehicle in traffic,On Roadway,"Sideswipe, same direction",Made improper turn,None Indicated,,Dawn,Dry,Clear,None apparent,Intersection:  Four-way intersection,Paved,,Property Damage Only,0,0,0,0,0,0,3300,2,2,,POINT (-93.655635693246 42.022713651051)
2014814250,,07/10/2014,07-July,5-Thursday,20:35,2000 Hours,District 5 (Southeast),,MUSCATINE,US 61,US 61,Non-collision events:  Overturn/rollover,Outside trafficway,Non-collision (single vehicle),Crossed centerline (undivided),None Indicated,,Dusk,Dry,Cloudy,None apparent,Non-intersection:  Non-junction/no special feature,Paved,,Possible/Unknown,0,2,0,0,0,2,8000,1,2,,POINT (-90.984096910094 41.489245872029)
2014807539,2014-14766,07/10/2014,07-July,5-Thursday,21:43,2100 Hours,District 5 (Southeast),INDIANOLA,WARREN,US 65,US 65/N JEFFERSON WAY,Collision with:  Vehicle in traffic,On Roadway,Rear-end (front to rear),Lost Control,None Indicated,,Dark - roadway lighted,Dry,Clear,None apparent,Intersection:  Four-way intersection,Paved,,Property Damage Only,0,0,0,0,0,0,2000,2,2,,POINT (-93.558426141416 41.374158707345)
2014807166,20140019643,07/10/2014,07-July,5-Thursday,16:10,1600 Hours,District 1 (Central),DES MOINES,POLK,,UNIVERSITY AVE & 19TH ST,Collision with:  Vehicle in traffic,On Roadway,Rear-end (front to rear),"Operating vehicle in an reckless, erratic, careless, negligent manner",None Indicated,,Daylight,Dry,Clear,None apparent,Intersection:  Four-way intersection,Paved,,Property Damage Only,0,0,0,0,0,0,3000,2,3,,POINT (-93.642607810598 41.600453780218)
2014810214,2014006997,07/10/2014,07-July,5-Thursday,12:15,1200 Hours,District 1 (Central),MARSHALLTOWN,MARSHALL,,W OLIVE ST & S 6TH ST,Collision with:  Vehicle in traffic,On Roadway,Rear-end (front to rear),Followed too close,None Indicated,,Daylight,Dry,Clear,None apparent,Intersection:  Four-way intersection,Paved,,Property Damage Only,0,0,0,0,0,0,4000,2,3,,POINT (-92.922216146312 42.028486660866)
2014807167,20140019652,07/10/2014,07-July,5-Thursday,17:45,1700 Hours,District 1 (Central),DES MOINES,POLK,I-235,I-235 & 7TH ST,Collision with:  Vehicle in traffic,On Roadway,Rear-end (front to rear),Improper or erratic lane changing,None Indicated,,Daylight,Dry,Clear,None apparent,Non-intersection:  Non-junction/no special feature,Paved,,Property Damage Only,0,0,0,0,0,0,2000,2,2,,POINT (-93.626878978881 41.595802816851)
2014807179,14-028830,07/10/2014,07-July,5-Thursday,17:54,1700 Hours,District 4 (Southwest),COUNCIL BLUFFS,POTTAWATTAMIE,US 6,US 6/KANESVILLE BLVD & OAKLAND AVE,Collision with:  Vehicle in traffic,On Roadway,Broadside (front to side),Unknown,None Indicated,,Daylight,Dry,Clear,None apparent,Intersection:  Four-way intersection,Paved,,Major Injury,0,2,1,0,1,0,4000,2,2,,POINT (-95.848343311477 41.263346554735)
2014811972,SO140281,07/10/2014,07-July,5-Thursday,17:33,1700 Hours,District 4 (Southwest),PRESCOTT,ADAMS,,Co Rd H33/180TH ST & Co Rd N77/UNION AVE,Collision with:  Vehicle in traffic,On Roadway,Broadside (front to side),FTYROW:  From stop sign,None Indicated,,Daylight,Dry,Clear,None apparent,Intersection:  T-intersection,Paved,,Minor Injury,0,1,0,1,0,0,17000,2,2,,POINT (-94.528190539799 41.043375063686)
2014807016,20140019589,07/10/2014,07-July,5-Thursday,06:45,0600 Hours,District 1 (Central),DES MOINES,POLK,I-235,I-235,Collision with:  Vehicle in traffic,On Roadway,Rear-end (front to rear),Followed too close,None Indicated,,Dawn,Dry,Clear,None apparent,Interchange-related:  Off-ramp,Paved,,Property Damage Only,0,0,0,0,0,0,4000,2,2,,POINT (-93.645628971988 41.595356775031)
2014815335,,07/10/2014,07-July,5-Thursday,16:40,1600 Hours,District 4 (Southwest),WOODBINE,HARRISON,,194TH ST,Collision with:  Vehicle in traffic,On Roadway,Broadside (front to side),FTYROW:  From driveway,None Indicated,,Daylight,Dry,Clear,None apparent,Non-intersection:  Driveway access (within),Paved,,Property Damage Only,0,0,0,0,0,0,2500,2,2,,POINT (-95.699660824614 41.732508230544)
2014807259,14000318,07/10/2014,07-July,5-Thursday,16:00,1600 Hours,District 5 (Southeast),ALBIA,MONROE,,A AVE E & N 3RD ST,Collision with:  Vehicle in traffic,On Roadway,Broadside (front to side),FTYROW:  From stop sign,None Indicated,,Daylight,Dry,Clear,None apparent,Intersection:  Four-way intersection,Paved,,Property Damage Only,0,0,0,0,0,0,2600,2,4,,POINT (-92.804605522115 41.028092597935)
2014809826,14-23777,07/10/2014,07-July,5-Thursday,07:33,0700 Hours,District 5 (Southeast),BURLINGTON,DES MOINES,,CURRAN ST,Collision with:  Vehicle in traffic,On Roadway,Rear-end (front to rear),Followed too close,None Indicated,,Daylight,Dry,Cloudy,None apparent,Non-intersection:  Other non-intersection (explain in narrative),Paved,,Property Damage Only,0,0,0,0,0,0,5500,2,2,,POINT (-91.12642603141 40.816832090717)
2014810812,2014040625,07/11/2014,07-July,6-Friday,21:00,2100 Hours,District 6 (East Central),INDEPENDENCE,BUCHANAN,I-380,I-380,Collision with:  Animal,,,Animal,None Indicated,,,,,,,Paved,,Property Damage Only,0,0,0,0,0,0,5000,1,1,,POINT (-92.015508012267 42.335483879902)
2014807425,20140019801,07/11/2014,07-July,6-Friday,22:28,2200 Hours,District 1 (Central),DES MOINES,POLK,US 6,US 6/EUCLID AVE,Collision with:  Vehicle in traffic,On Roadway,"Sideswipe, same direction",Crossed centerline (undivided),None Indicated,,Dark - roadway lighted,Dry,Cloudy,None apparent,Non-intersection:  Non-junction/no special feature,Paved,,Property Damage Only,0,0,0,0,0,0,1500,2,2,,POINT (-93.625831005057 41.627667042883)
2014810166,14-007841,07/11/2014,07-July,6-Friday,10:51,1000 Hours,District 2 (Northeast),OELWEIN,FAYETTE,,4TH ST SW & FREDERICK AVE S,Collision with:  Vehicle in traffic,On Roadway,Rear-end (front to rear),FTYROW:  From parked position,None Indicated,,Daylight,Dry,Cloudy,None apparent,Intersection:  T-intersection,Paved,,Property Damage Only,0,0,0,0,0,0,3000,2,2,,POINT (-91.913418863781 42.673060193008)
2014807150,14-009392,07/11/2014,07-July,6-Friday,07:55,0700 Hours,District 4 (Southwest),,MILLS,,Co Rd L35/221ST ST,Collision with:  Vehicle in traffic,On Roadway,Rear-end (front to rear),Equipment failure,None Indicated,,Daylight,Dry,Cloudy,None apparent,Non-intersection:  Non-junction/no special feature,Paved,,Property Damage Only,0,0,0,0,0,0,3050,2,2,,POINT (-95.772949283282 41.132225376642)
2014807419,14-0832,07/11/2014,07-July,6-Friday,10:55,1000 Hours,District 1 (Central),CLIVE,POLK,,SWANSON BLVD & UNIVERSITY BLVD & NW 86TH ST,Collision with:  Vehicle in traffic,On Roadway,Rear-end (front to rear),Other (explain in narrative):  Other,None Indicated,,Daylight,Wet,Cloudy,None apparent,Intersection:  Four-way intersection,Paved,,Property Damage Only,0,0,0,0,0,0,2000,2,2,,POINT (-93.73631468507 41.605737479352)
2014807634,W14-069749,07/11/2014,07-July,6-Friday,20:25,2000 Hours,District 2 (Northeast),WATERLOO,BLACK HAWK,,JEFFERSON ST,Collision with fixed object:  Curb/island/raised median,On Roadway,Non-collision (single vehicle),Ran off road - left,None Indicated,,Dusk,Dry,Clear,None apparent,Non-intersection:  Other non-intersection (explain in narrative),Paved,,Property Damage Only,0,0,0,0,0,0,1500,1,1,,POINT (-92.334586521448 42.490313550894)
2014816916,,07/11/2014,07-July,6-Friday,14:31,1400 Hours,District 2 (Northeast),CLEAR LAKE,CERRO GORDO,,7TH AVE N & N 8TH ST,Collision with:  Vehicle in traffic,On Roadway,"Sideswipe, same direction",FTYROW:  Other (explain in narrative),None Indicated,,Daylight,Dry,Cloudy,None apparent,Intersection:  Four-way intersection,Paved,,Property Damage Only,0,0,0,0,0,0,2800,2,4,,POINT (-93.378766737299 43.140960210265)
2014807706,SA1405493,07/11/2014,07-July,6-Friday,22:49,2200 Hours,District 5 (Southeast),,WASHINGTON,IA 22,IA 22,Collision with fixed object:  Ditch,Outside trafficway,Non-collision (single vehicle),Crossed centerline (undivided),Alcohol (Statutory),,Dark - roadway not lighted,Dry,Cloudy,None apparent,Non-intersection:  Non-junction/no special feature,Paved,,Minor Injury,0,1,0,1,0,0,7075,1,1,,POINT (-91.633505242407 41.488475149645)
2014807755,2014040461,07/11/2014,07-July,6-Friday,05:35,0500 Hours,District 1 (Central),,JASPER,,Co Rd S52/HWY S-52 N,Collision with:  Animal,,,Animal,None Indicated,,,,,,,Paved,,Property Damage Only,0,0,0,0,0,0,1500,1,1,,POINT (-93.174003791924 41.704773182812)
2014807555,14-22312,07/11/2014,07-July,6-Friday,23:01,2300 Hours,District 3 (Northwest),SIOUX CITY,WOODBURY,,33RD ST,Collision with:  Parked motor vehicle,On Roadway,Rear-end (front to rear),Unknown,None Indicated,,Dark - roadway lighted,Dry,Clear,None apparent,Non-intersection:  Non-junction/no special feature,Paved,,Possible/Unknown,0,1,0,0,1,0,11900,5,777,,POINT (-96.379584463283 42.526548787007)
2014807413,14-002970,07/11/2014,07-July,6-Friday,16:36,1600 Hours,District 1 (Central),ANKENY,POLK,I-35,I-35 & NE 110TH AVE,Collision with:  Vehicle in traffic,On Roadway,"Sideswipe, same direction",Made improper turn,None Indicated,,Daylight,Dry,Cloudy,None apparent,Non-intersection:  Non-junction/no special feature,Paved,,Property Damage Only,0,0,0,0,0,0,5500,2,2,,POINT (-93.570270871464 41.760837791096)
2014807383,14-016759,07/11/2014,07-July,6-Friday,22:09,2200 Hours,District 5 (Southeast),,MARION,IA 14,IA 14/IOWA 14,Collision with:  Animal,On Roadway,Non-collision (single vehicle),Animal,None Indicated,,Dark - roadway not lighted,Dry,Clear,None apparent,Non-intersection:  Non-junction/no special feature,Paved,,Property Damage Only,0,0,0,0,0,0,5250,1,1,,POINT (-93.138939647589 41.209281308504)
2014807153,14-4622,07/11/2014,07-July,6-Friday,12:57,1200 Hours,District 1 (Central),GRIMES,POLK,,SE 37TH ST,Collision with:  Vehicle in traffic,Outside trafficway,Rear-end (front to rear),Followed too close,None Indicated,,Daylight,Wet,Cloudy,None apparent,Non-intersection:  Non-junction/no special feature,Paved,,Property Damage Only,0,0,0,0,0,0,4500,2,2,,POINT (-93.774520707952 41.658511507369)
2014807513,2014-47742,07/11/2014,07-July,6-Friday,15:31,1500 Hours,District 6 (East Central),DAVENPORT,SCOTT,,E 53RD ST,Collision with:  Vehicle in traffic,On Roadway,Rear-end (front to rear),Followed too close,None Indicated,,Daylight,Dry,Cloudy,None apparent,Non-intersection:  Non-junction/no special feature,Paved,,Possible/Unknown,0,1,0,0,1,0,3000,2,2,,POINT (-90.559885028949 41.574700392893)
2014807343,14101919,07/11/2014,07-July,6-Friday,19:55,1900 Hours,District 6 (East Central),,JOHNSON,,490TH ST,Collision with fixed object:  Tree,On Roadway,Non-collision (single vehicle),Driving too fast for conditions,None Indicated,,Daylight,"Mud, dirt",Cloudy,None apparent,Non-intersection:  Non-junction/no special feature,Unpaved,,Property Damage Only,0,0,0,0,0,0,3000,1,3,,POINT (-91.504213202936 41.576603154394)
2014807120,14-1058,07/11/2014,07-July,6-Friday,06:05,0600 Hours,District 1 (Central),,GREENE,IA 144,IA 144/U AVE,Collision with:  Animal,On Roadway,Non-collision (single vehicle),Animal,None Indicated,,Dawn,Dry,Cloudy,None apparent,Non-intersection:  Non-junction/no special feature,Paved,,Property Damage Only,0,0,0,0,0,0,2500,1,1,,POINT (-94.242026179246 42.005284085678)
2014810386,A14050,07/11/2014,07-July,6-Friday,17:07,1700 Hours,District 5 (Southeast),KNOXVILLE,MARION,IA 14,IA 14/LINCOLN ST & W BELL AVE,Collision with:  Vehicle in traffic,On Roadway,Broadside (front to side),Ran Traffic Signal,None Indicated,,Daylight,Dry,Cloudy,None apparent,Intersection:  Four-way intersection,Paved,,Minor Injury,0,1,0,1,0,0,3000,2,7,,POINT (-93.109495713812 41.306264369993)
2014807536,201400033496,07/11/2014,07-July,6-Friday,12:15,1200 Hours,District 5 (Southeast),OTTUMWA,WAPELLO,,W 2ND ST & S MARION ST & N MARION ST,Collision with:  Vehicle in traffic,On Roadway,Broadside (front to side),FTYROW:  From stop sign,None Indicated,,Daylight,Dry,Cloudy,None apparent,Intersection:  Four-way intersection,Paved,,Minor Injury,0,2,0,1,1,0,6000,2,2,,POINT (-92.414302487374 41.020383306325)
2014813781,14006212,07/11/2014,07-July,6-Friday,01:56,0100 Hours,District 6 (East Central),HAZLETON,BUCHANAN,IA 150,IA 150/MAIN ST,Collision with fixed object:  Utility pole/light support,Roadside,Non-collision (single vehicle),Crossed centerline (undivided),None Indicated,,Unknown,Dry,Clear,None apparent,Non-intersection:  Non-junction/no special feature,Paved,,Possible/Unknown,0,1,0,0,0,1,3100,1,1,,POINT (-91.905613536396 42.620573811053)
2014813660,S79140235,07/11/2014,07-July,6-Friday,13:50,1300 Hours,District 1 (Central),,POWESHIEK,,Co Rd F29/OLD 6 RD,Collision with fixed object:  Utility pole/light support,Outside trafficway,Non-collision (single vehicle),Ran off road - right,None Indicated,,Daylight,Dry,Cloudy,None apparent,Non-intersection:  Non-junction/no special feature,Paved,,Property Damage Only,0,0,0,0,0,0,3500,1,1,,POINT (-92.373062935366 41.726865348335)
2014811962,,07/11/2014,07-July,6-Friday,15:24,1500 Hours,District 3 (Northwest),HINTON,PLYMOUTH,US 75,US 75/FLOYD AVE & W MAPLE ST,Collision with:  Vehicle in traffic,On Roadway,Rear-end (front to rear),Swerving/Evasive Action,None Indicated,,Daylight,Dry,Cloudy,None apparent,Intersection:  T-intersection,Paved,,Minor Injury,0,1,0,1,0,0,15000,3,6,,POINT (-96.291314925532 42.628890480799)
2014807541,14-390,07/11/2014,07-July,6-Friday,16:09,1600 Hours,District 1 (Central),CLARE,WEBSTER,,Co Rd C66/140TH ST,Collision with:  Animal,,,Animal,None Indicated,,,,,,,Paved,,Property Damage Only,0,0,0,0,0,0,1500,1,1,,POINT (-94.289472247696 42.587420856293)
2014807155,14-002957,07/11/2014,07-July,6-Friday,00:46,0000 Hours,District 1 (Central),ANKENY,POLK,,SW WHITE BIRCH DR & SW BRAEBURN ST CONN,Collision with fixed object:  Curb/island/raised median,On Roadway,Non-collision (single vehicle),Exceeded authorized speed,Refused,,Dark - roadway lighted,Dry,Cloudy,None apparent,Intersection:  Other intersection (explain in narrative),Paved,,Property Damage Only,0,0,0,0,0,0,10000,1,3,,POINT (-93.625126190523 41.700052199917)
2014807163,20140019691,07/11/2014,07-July,6-Friday,01:00,0100 Hours,District 1 (Central),DES MOINES,POLK,,E DOUGLAS AVE & 1ST ST,Unknown,On Roadway,Non-collision (single vehicle),Exceeded authorized speed,Alcohol (Statutory),,Dark - roadway lighted,Dry,Clear,None apparent,Non-intersection:  Non-junction/no special feature,Paved,,Minor Injury,0,1,0,1,0,0,1000,1,1,,POINT (-93.618717938047 41.629534006788)
2014810167,14-007883,07/11/2014,07-July,6-Friday,20:20,2000 Hours,District 2 (Northeast),WEST UNION,FAYETTE,IA 150,IA 150/LINCOLN RD & 240TH ST,Collision with:  Vehicle in traffic,On Roadway,Broadside (front to side),FTYROW:  From stop sign,None Indicated,,Dusk,Dry,Clear,None apparent,Intersection:  T-intersection,Paved,,Property Damage Only,0,0,0,0,0,0,10500,2,2,,POINT (-91.823255594721 42.978770041749)
2014807757,,07/11/2014,07-July,6-Friday,13:00,1300 Hours,District 2 (Northeast),GUTTENBERG,CLAYTON,US 52,US 52 & SCHILLER ST,Collision with:  Vehicle in traffic,On Roadway,Rear-end (front to rear),Swerving/Evasive Action,None Indicated,,Daylight,Dry,Clear,Other (explain in narrative),Intersection:  Four-way intersection,Paved,,Property Damage Only,0,0,0,0,0,0,3500,2,3,,POINT (-91.100482463941 42.780411388888)
2014810279,2014007033,07/11/2014,07-July,6-Friday,10:17,1000 Hours,District 1 (Central),MARSHALLTOWN,MARSHALL,IA 14,IA 14/REED AVE,Non-collision events:  Other non-collision (explain in narrative),On Roadway,Non-collision (single vehicle),Crossed centerline (undivided),None Indicated,,Daylight,Dry,Cloudy,None apparent,Non-intersection:  Non-junction/no special feature,Paved,,Property Damage Only,0,0,0,0,0,0,8000,1,2,,POINT (-92.912456999084 42.000910295775)
2014807317,01-14-30428,07/11/2014,07-July,6-Friday,12:45,1200 Hours,District 6 (East Central),DUBUQUE,DUBUQUE,,JOHN F KENNEDY RD,Collision with:  Vehicle in traffic,On Roadway,"Sideswipe, same direction",Improper or erratic lane changing,None Indicated,,Daylight,Dry,Cloudy,None apparent,Non-intersection:  Driveway access (within),Paved,,Property Damage Only,0,0,0,0,0,0,6000,2,3,,POINT (-90.721389298052 42.502350504801)
2014807535,201400033437,07/11/2014,07-July,6-Friday,05:17,0500 Hours,District 5 (Southeast),OTTUMWA,WAPELLO,,E WOODLAND AVE,Collision with fixed object:  Utility pole/light support,On Roadway,Non-collision (single vehicle),Ran off road - left,Refused,,Dawn,Dry,Clear,None apparent,Non-intersection:  Non-junction/no special feature,Paved,,Property Damage Only,0,0,0,0,0,0,10500,1,1,,POINT (-92.407727655084 41.029393873455)
2014808251,14011589,07/11/2014,07-July,6-Friday,07:00,0700 Hours,District 2 (Northeast),MASON CITY,CERRO GORDO,,4TH ST NE & N CONNECTICUT AVE,Non-collision events:  Other non-collision (explain in narrative),Outside trafficway,Non-collision (single vehicle),Ran off road - left,None Indicated,,Daylight,Dry,Cloudy,None apparent,Intersection:  T-intersection,Paved,,Property Damage Only,0,0,0,0,0,0,3500,1,1,,POINT (-93.194618809057 43.155496192909)
2014810186,1405486,07/11/2014,07-July,6-Friday,16:49,1600 Hours,District 5 (Southeast),WASHINGTON,WASHINGTON,IA 92,IA 92/E WASHINGTON ST,Collision with:  Vehicle in traffic,On Roadway,"Sideswipe, same direction",Made improper turn,None Indicated,,Daylight,Dry,Cloudy,None apparent,Non-intersection:  Driveway access (within),Paved,,Property Damage Only,0,0,0,0,0,0,8000,2,4,,POINT (-91.66807479137 41.298132897655)
2014808193,14-003252,07/11/2014,07-July,6-Friday,10:45,1000 Hours,District 1 (Central),AMES,STORY,,16TH ST,Collision with:  Parked motor vehicle,On Roadway,"Sideswipe, same direction",Other (explain in narrative):  No improper action,None Indicated,,Daylight,Wet,Cloudy,None apparent,Non-intersection:  Non-junction/no special feature,Paved,,Property Damage Only,0,0,0,0,0,0,4500,2,2,,POINT (-93.625385956286 42.038319701389)
2014807500,2014-13940,07/11/2014,07-July,6-Friday,04:26,0400 Hours,District 6 (East Central),WALCOTT,SCOTT,,E WULF RD,Collision with fixed object:  Ditch,On Roadway,Non-collision (single vehicle),Ran off road - right,Alcohol (Statutory),,Dark - roadway not lighted,Dry,Clear,None apparent,Intersection:  Other intersection (explain in narrative),Unpaved,,Major Injury,0,1,1,0,0,0,15100,1,1,,POINT (-90.781882667336 41.611100797403)
2014807433,20140019747,07/11/2014,07-July,6-Friday,15:30,1500 Hours,District 1 (Central),DES MOINES,POLK,I-235,I-235,Collision with:  Vehicle in traffic,On Roadway,"Sideswipe, same direction",Other (explain in narrative):  Other,None Indicated,,Daylight,Dry,Cloudy,None apparent,Non-intersection:  Non-junction/no special feature,Paved,,Property Damage Only,0,0,0,0,0,0,3010,2,2,,POINT (-93.591358461433 41.598053669474)
2014808776,261401189,07/11/2014,07-July,6-Friday,11:55,1100 Hours,District 5 (Southeast),BLOOMFIELD,DAVIS,,Co Rd T7J/160TH ST,Non-collision events:  Overturn/rollover,On Roadway,Non-collision (single vehicle),Swerving/Evasive Action,None Indicated,,Daylight,"Mud, dirt",Cloudy,None apparent,Non-intersection:  Non-junction/no special feature,Unpaved,,Property Damage Only,0,0,0,0,0,0,15000,1,2,,POINT (-92.40105613492 40.827934251398)
2014807542,14-2089,07/11/2014,07-July,6-Friday,15:00,1500 Hours,District 1 (Central),FORT DODGE,WEBSTER,,1ST AVE S & S 25TH ST,Collision with:  Vehicle in traffic,On Roadway,"Sideswipe, opposite direction",Unknown,None Indicated,,Daylight,Dry,Cloudy,None apparent,Non-intersection:  Non-junction/no special feature,Paved,,Property Damage Only,0,0,0,0,0,0,1500,2,4,,POINT (-94.163136067955 42.505236837867)
2014811258,,07/11/2014,07-July,6-Friday,11:08,1100 Hours,District 2 (Northeast),ALGONA,KOSSUTH,,E MC GREGOR ST & S JONES ST,Collision with:  Vehicle in traffic,On Roadway,Broadside (front to side),FTYROW:  From stop sign,None Indicated,,Daylight,Dry,Clear,None apparent,Intersection:  Four-way intersection,Paved,,Property Damage Only,0,0,0,0,0,0,8500,2,4,,POINT (-94.232997224071 43.066903181295)
2014811959,,07/11/2014,07-July,6-Friday,11:53,1100 Hours,District 6 (East Central),MAQUOKETA,JACKSON,,W SUMMIT ST & E SUMMIT ST & S MAIN ST,Collision with:  Vehicle in traffic,On Roadway,Broadside (front to side),FTYROW:  From stop sign,None Indicated,,Daylight,Dry,Clear,None apparent,Intersection:  Four-way intersection,Paved,,Property Damage Only,0,0,0,0,0,0,4500,2,2,,POINT (-90.665473300767 42.061909066399)
2014808409,2014-47780,07/11/2014,07-July,6-Friday,18:26,1800 Hours,District 6 (East Central),DAVENPORT,SCOTT,,KIRKWOOD BLVD & EASTERN AVE,Collision with fixed object:  Tree,Outside trafficway,Non-collision (single vehicle),Lost Control,None Indicated,,Daylight,Dry,Cloudy,None apparent,Non-intersection:  Non-junction/no special feature,Paved,,Possible/Unknown,0,1,0,0,1,0,5250,1,1,,POINT (-90.551559968253 41.53440894825)
2014807283,W14-069567,07/11/2014,07-July,6-Friday,12:14,1200 Hours,District 2 (Northeast),WATERLOO,BLACK HAWK,IA 934,IA 934/UNIVERSITY AVE,Collision with:  Vehicle in traffic,On Roadway,Rear-end (front to rear),Other (explain in narrative):  Other,None Indicated,,Daylight,Dry,Cloudy,None apparent,Non-intersection:  Non-junction/no special feature,Paved,,Property Damage Only,0,0,0,0,0,0,8000,3,4,,POINT (-92.401304144297 42.504595516419)
2014808252,14011618,07/11/2014,07-July,6-Friday,13:17,1300 Hours,District 2 (Northeast),MASON CITY,CERRO GORDO,,N ADAMS AVE,Collision with:  Vehicle in traffic,On Roadway,"Sideswipe, same direction",Driver Distraction:  Reaching for object(s)/fallen object(s),None Indicated,,Daylight,Dry,Cloudy,None apparent,Non-intersection:  Non-junction/no special feature,Paved,,Property Damage Only,0,0,0,0,0,0,3300,2,1,,POINT (-93.205066587557 43.164437754345)
2014807484,14-028958,07/11/2014,07-July,6-Friday,14:48,1400 Hours,District 4 (Southwest),COUNCIL BLUFFS,POTTAWATTAMIE,I-29,I-29,Collision with fixed object:  Curb/island/raised median,On Roadway,Unknown,Crossed centerline (undivided),None Indicated,,Daylight,Dry,Cloudy,"Surface condition (e.g., wet, icy)",Interchange-related:  On-ramp merge area,Paved,,Minor Injury,0,1,0,1,0,0,11500,2,2,,POINT (-95.857641238193 41.232143058718)
2014807373,14-003051,07/11/2014,07-July,6-Friday,23:35,2300 Hours,District 3 (Northwest),,LYON,IA 9,IA 9/IOWA 9,Collision with:  Vehicle in traffic,On Roadway,Broadside (front to side),FTYROW:  From stop sign,None Indicated,,Dark - roadway lighted,Dry,Clear,None apparent,Intersection:  T-intersection,Paved,,Property Damage Only,0,0,0,0,0,0,5000,2,3,,POINT (-96.507541854851 43.499224621875)
2014807144,201409932,07/11/2014,07-July,6-Friday,12:35,1200 Hours,District 6 (East Central),CEDAR RAPIDS,LINN,,BLAIRS FERRY RD NE,Collision with:  Vehicle in traffic,On Roadway,"Angle, oncoming left turn",FTYROW:  Making left turn,None Indicated,,Daylight,Dry,Cloudy,None apparent,Intersection:  T-intersection,Paved,,Property Damage Only,0,0,0,0,0,0,14000,2,5,,POINT (-91.666622867912 42.034790802894)
2014807928,143870,07/11/2014,07-July,6-Friday,21:25,2100 Hours,District 1 (Central),OWASA,HARDIN,US 20,US 20,Collision with:  Animal,,,Animal,None Indicated,,,,,,,Paved,,Property Damage Only,0,0,0,0,0,0,4000,1,1,,POINT (-93.203305320472 42.435399574714)
2014824096,A390714-1667,07/11/2014,07-July,6-Friday,20:14,2000 Hours,District 4 (Southwest),,GUTHRIE,,REDWOOD AVE,Collision with:  Animal,,,Animal,None Indicated,,,,,,,Paved,,Property Damage Only,0,0,0,0,0,0,7800,1,1,,POINT (-94.415801066686 41.702082539341)
2014807105,20140711,07/11/2014,07-July,6-Friday,00:03,0000 Hours,District 6 (East Central),,CLINTON,,Co Rd Y52/190 AVE,Non-collision events:  Other non-collision (explain in narrative),Outside trafficway,Non-collision (single vehicle),Ran off road - right,Alcohol (Statutory),,Dark - unknown roadway lighting,Dry,Cloudy,None apparent,Non-intersection:  Railroad grade crossing,Paved,,Possible/Unknown,0,1,0,0,1,0,5000,1,1,,POINT (-90.723422678333 41.825685014177)
2014807313,144906,07/11/2014,07-July,6-Friday,22:33,2200 Hours,District 4 (Southwest),,DALLAS,IA 141,IA 141/141ST ST & HASTIE CT,Collision with:  Animal,,,Animal,None Indicated,,,,,,,Paved,,Property Damage Only,0,0,0,0,0,0,6000,1,1,,POINT (-94.153481180996 41.834785606819)
2014807486,14-028982,07/11/2014,07-July,6-Friday,17:50,1700 Hours,District 4 (Southwest),COUNCIL BLUFFS,POTTAWATTAMIE,,E PIERCE ST & FRANK ST,Collision with:  Vehicle in traffic,On Roadway,Broadside (front to side),FTYROW:  From stop sign,None Indicated,,Daylight,Dry,Clear,None apparent,Intersection:  Four-way intersection,Paved,,Property Damage Only,0,0,0,0,0,0,3300,2,2,,POINT (-95.83852370233 41.265912908517)
2014809787,14-23955,07/11/2014,07-July,6-Friday,14:55,1400 Hours,District 5 (Southeast),BURLINGTON,DES MOINES,US 34,US 34/SE RAMP & US 61,Collision with:  Vehicle in traffic,On Roadway,"Sideswipe, same direction",Driver Distraction:  Passenger,None Indicated,,Daylight,Dry,Cloudy,None apparent,Interchange-related:  On-ramp merge area,Paved,,Property Damage Only,0,0,0,0,0,0,3500,2,3,,POINT (-91.141415681903 40.816732314758)
2014807551,14-22258,07/11/2014,07-July,6-Friday,15:55,1500 Hours,District 3 (Northwest),SIOUX CITY,WOODBURY,,W 7TH ST & BLUFF ST,Collision with:  Vehicle in traffic,On Roadway,Broadside (front to side),FTYROW:  Making left turn,None Indicated,,Daylight,Wet,Cloudy,None apparent,Intersection:  Four-way intersection,Paved,,Property Damage Only,0,0,0,0,0,0,8500,3,6,,POINT (-96.410938678436 42.49962289398)
2014807143,201409919,07/11/2014,07-July,6-Friday,09:15,0900 Hours,District 6 (East Central),CEDAR RAPIDS,LINN,US 151,US 151/WILLIAMS BLVD & DEAN RD SW,Collision with:  Vehicle in traffic,On Roadway,Broadside (front to side),FTYROW:  From stop sign,None Indicated,,Daylight,Dry,Cloudy,None apparent,Intersection:  Four-way intersection,Paved,,Minor Injury,0,2,0,2,0,0,25000,2,2,,POINT (-91.74779670567 41.942317292847)
2014807545,S14-6848,07/11/2014,07-July,6-Friday,00:20,0000 Hours,District 3 (Northwest),MOVILLE,WOODBURY,,GARNER AVE,,On Roadway,Non-collision (single vehicle),Crossed centerline (undivided),None Indicated,,Dark - roadway not lighted,Dry,Clear,Unknown,Non-intersection:  Non-junction/no special feature,Paved,,Property Damage Only,0,0,0,0,0,0,5000,1,1,,POINT (-96.098722716839 42.484258650911)