Iowa DOT Case Number,Law Enforcement Case Number,Date of Crash,Month of Crash,Day of Week,Time of Crash,Hour,DOT District,City Name,County Name,Route with System,Location Description,First Harmful Event,Location of First Harmful Event,Manner of Crash/Collision,Major Cause,Drug or Alcohol ,Environmental Conditions,Light Conditions,Surface Conditions,Weather Conditions,Roadway Contribution,Roadway Type,Roadway Surface,Work Zone,Crash Severity,Number of Fatalities,Number of Injuries,Number of Major Injuries,Number of Minor Injuries,Number of Possible Injuries,Number of Unknown Injuries,Amount of Property Damage,Number of Vehicles Involved,Total Number of Occupants,Travel Direction,Location
2014807329,32056-14,07/12/2014,07-July,7-Saturday,21:42,2100 Hours,District 3 (Northwest),,EMMET,,360 AVE,Collision with:  Animal,On Roadway,Non-collision (single vehicle),Animal,None Indicated,,Dark - roadway not lighted,Dry,Clear,None apparent,Non-intersection:  Non-junction/no special feature,Unpaved,,Property Damage Only,0,0,0,0,0,0,2500,1,1,,POINT (-94.876377396421 43.391261514997)
2014807667,14-002986,07/12/2014,07-July,7-Saturday,21:35,2100 Hours,District 1 (Central),ANKENY,POLK,IA 160,IA 160/SW ORALABOR RD,Collision with:  Animal,On Roadway,Non-collision (single vehicle),Animal,None Indicated,,Dark - roadway lighted,Dry,Clear,None apparent,Non-intersection:  Non-junction/no special feature,Paved,,Minor Injury,0,1,0,1,0,0,2000,1,1,,POINT (-93.619265753569 41.703029243576)
2014807421,20140019888,07/12/2014,07-July,7-Saturday,15:28,1500 Hours,District 1 (Central),DES MOINES,POLK,I-235,I-235,Collision with:  Vehicle in traffic,Shoulder,Rear-end (front to rear),Other (explain in narrative):  Vision obstructed,Refused,,Daylight,Dry,Cloudy,None apparent,Non-intersection:  Non-junction/no special feature,Paved,,Property Damage Only,0,0,0,0,0,0,9500,2,3,,POINT (-93.660332702829 41.593498837185)
2014807514,2014-48021,07/12/2014,07-July,7-Saturday,09:49,0900 Hours,District 6 (East Central),DAVENPORT,SCOTT,,JERSEY RIDGE RD,Collision with fixed object:  Utility pole/light support,Outside trafficway,Non-collision (single vehicle),Ran off road - right,None Indicated,,Daylight,Wet,Cloudy,None apparent,Non-intersection:  Non-junction/no special feature,Paved,,Property Damage Only,0,0,0,0,0,0,4500,1,1,,POINT (-90.541742301129 41.548033171023)
2014807529,14S01108,07/12/2014,07-July,7-Saturday,00:37,0000 Hours,District 4 (Southwest),,UNION,,130TH ST,Collision with:  Animal,On Roadway,Non-collision (single vehicle),Animal,None Indicated,,Dark - roadway not lighted,"Mud, dirt",Clear,None apparent,Non-intersection:  Non-junction/no special feature,Unpaved,,Property Damage Only,0,0,0,0,0,0,4200,1,2,,POINT (-94.134520701703 41.11205955907)
2014807908,2014040813,07/12/2014,07-July,7-Saturday,23:15,2300 Hours,District 6 (East Central),,IOWA,I-80,I-80,Collision with fixed object:  Guardrail - face,Median,Non-collision (single vehicle),Ran off road - left,None Indicated,,Dark - roadway not lighted,Dry,Clear,None apparent,Non-intersection:  Non-junction/no special feature,Paved,,Property Damage Only,0,0,0,0,0,0,4000,1,1,,POINT (-92.294480806283 41.695857841845)
2014816915,,07/12/2014,07-July,7-Saturday,14:24,1400 Hours,District 2 (Northeast),CLEAR LAKE,CERRO GORDO,US 18,US 18 & N 9TH ST W,Collision with:  Vehicle in traffic,On Roadway,Rear-end (front to rear),FTYROW:  Making right turn on red signal,None Indicated,,Daylight,Wet,Rain,None apparent,Intersection:  T-intersection,Paved,,Property Damage Only,0,0,0,0,0,0,6000,2,3,,POINT (-93.399569271168 43.142285208351)
2014809577,2014-47986,07/12/2014,07-July,7-Saturday,05:30,0500 Hours,District 6 (East Central),DAVENPORT,SCOTT,,WARREN ST,Collision with fixed object:  Tree,Outside trafficway,Non-collision (single vehicle),Ran off road - left,None Indicated,,Dawn,Dry,Clear,None apparent,Non-intersection:  Non-junction/no special feature,Paved,,Property Damage Only,0,0,0,0,0,0,8500,1,1,,POINT (-90.585875599508 41.527038091874)
2014807743,2014040706,07/12/2014,07-July,7-Saturday,12:00,1200 Hours,District 6 (East Central),,SCOTT,,Co Rd Y30/20 AVE & 230 ST,Collision with:  Animal,,,Animal,None Indicated,,,,,,,Paved,,Property Damage Only,0,0,0,0,0,0,5000,1,1,,POINT (-90.860515297054 41.640412860548)
2014808438,2014-48199,07/12/2014,07-July,7-Saturday,23:06,2300 Hours,District 6 (East Central),DAVENPORT,SCOTT,,W 3RD ST,Collision with:  Parked motor vehicle,On Roadway,Rear-end (front to rear),Lost Control,None Indicated,,Dark - roadway lighted,Wet,Rain,None apparent,Non-intersection:  Non-junction/no special feature,Paved,,Property Damage Only,0,0,0,0,0,0,3000,2,1,,POINT (-90.608342360581 41.522302059142)
2014807579,2014040738,07/12/2014,07-July,7-Saturday,15:46,1500 Hours,District 1 (Central),,JASPER,I-80,I-80,Collision with fixed object:  Curb/island/raised median,On Roadway,Non-collision (single vehicle),Ran off road - left,None Indicated,,Daylight,Dry,Cloudy,None apparent,Non-intersection:  Non-junction/no special feature,Paved,,Possible/Unknown,0,1,0,0,1,0,6504,1,1,,POINT (-92.976522642658 41.681646052367)
2014810947,,07/12/2014,07-July,7-Saturday,11:00,1100 Hours,District 2 (Northeast),,WINNESHIEK,,Co Rd A46/CO RD A46,Collision with:  Animal,On Roadway,Non-collision (single vehicle),Animal,None Indicated,,Dark - roadway not lighted,Dry,Cloudy,None apparent,Non-intersection:  Non-junction/no special feature,Paved,,Property Damage Only,0,0,0,0,0,0,2500,1,1,,POINT (-92.058131095913 43.299074111282)
2014807990,14-3294,07/12/2014,07-July,7-Saturday,03:11,0300 Hours,District 1 (Central),WEST DES MOINES,POLK,IA 5,IA 5/IOWA 5,Collision with fixed object:  Ditch,Shoulder,Non-collision (single vehicle),Ran off road - right,None Indicated,,Dark - roadway not lighted,Dry,Cloudy,None apparent,Non-intersection:  Other non-intersection (explain in narrative),Paved,,Minor Injury,0,1,0,1,0,0,8000,1,1,,POINT (-93.720355879924 41.520638835603)
2014807558,14-22400,07/12/2014,07-July,7-Saturday,14:05,1400 Hours,District 3 (Northwest),SIOUX CITY,WOODBURY,I-29,I-29,Collision with fixed object:  Bridge overhead structure,On Roadway,Non-collision (single vehicle),Unknown,None Indicated,,Daylight,Dry,Clear,None apparent,Non-intersection:  Other non-intersection (explain in narrative),Paved,,Minor Injury,0,1,0,1,0,0,10000,1,1,,POINT (-96.423992958438 42.492002587694)
2014807341,14-17932,07/12/2014,07-July,7-Saturday,12:51,1200 Hours,District 1 (Central),,JASPER,,W 132ND ST N,Collision with:  Parked motor vehicle,On Roadway,"Sideswipe, same direction",Unknown,None Indicated,,Daylight,"Mud, dirt",Cloudy,Unknown,Non-intersection:  Non-junction/no special feature,Unpaved,,Property Damage Only,0,0,0,0,0,0,3338,2,2,,POINT (-93.309001979554 41.714235181895)
2014811264,,07/12/2014,07-July,7-Saturday,14:25,1400 Hours,District 5 (Southeast),FORT MADISON,LEE,,AVE G & 12TH ST,Collision with:  Vehicle in traffic,On Roadway,"Sideswipe, same direction","Operating vehicle in an reckless, erratic, careless, negligent manner",None Indicated,,Daylight,Dry,Clear,None apparent,Intersection:  Four-way intersection,Paved,,Property Damage Only,0,0,0,0,0,0,2000,2,2,,POINT (-91.319002838129 40.631035087271)
2014807515,2014-48047,07/12/2014,07-July,7-Saturday,12:37,1200 Hours,District 6 (East Central),DAVENPORT,SCOTT,,W PLEASANT ST & N DIVISION ST,Collision with:  Vehicle in traffic,On Roadway,"Angle, oncoming left turn",FTYROW:  Making left turn,None Indicated,,Daylight,Dry,Clear,None apparent,Intersection:  Four-way intersection,Paved,,Minor Injury,0,1,0,1,0,0,6000,2,2,,POINT (-90.601008686 41.539468606171)
2014807907,2014040791,07/12/2014,07-July,7-Saturday,21:30,2100 Hours,District 6 (East Central),,BUCHANAN,US 20,US 20,Collision with:  Animal,On Roadway,Non-collision (single vehicle),Animal,None Indicated,,Dark - roadway not lighted,Wet,Cloudy,None apparent,Non-intersection:  Non-junction/no special feature,Paved,,Property Damage Only,0,0,0,0,0,0,2000,1,2,,POINT (-91.699569842034 42.461308132685)
2014809506,201402388,07/12/2014,07-July,7-Saturday,17:33,1700 Hours,District 6 (East Central),CEDAR RAPIDS,LINN,,Co Rd E44/ELLIS RD & Co Rd W36/COVINGTON RD,Collision with:  Vehicle in traffic,On Roadway,Broadside (front to side),FTYROW:  From stop sign,None Indicated,,Daylight,Dry,Cloudy,None apparent,Intersection:  Four-way intersection,Paved,,Possible/Unknown,0,3,0,0,3,0,10000,2,3,,POINT (-91.76036207055 42.000446427074)
2014807292,071214-080,07/12/2014,07-July,7-Saturday,11:12,1100 Hours,District 3 (Northwest),STORM LAKE,BUENA VISTA,,LAKE AVE,Collision with:  Vehicle in traffic,On Roadway,"Sideswipe, same direction",Made improper turn,None Indicated,,Daylight,Dry,Cloudy,None apparent,Non-intersection:  Non-junction/no special feature,Paved,,Property Damage Only,0,0,0,0,0,0,5500,2,5,,POINT (-95.200903578112 42.643630449227)
2014807316,14-1031,07/12/2014,07-July,7-Saturday,11:10,1100 Hours,District 3 (Northwest),SPIRIT LAKE,DICKINSON,,15TH ST,Collision with:  Vehicle in traffic,Shoulder,Broadside (front to side),FTYROW:  From stop sign,None Indicated,,Daylight,Wet,Rain,"Surface condition (e.g., wet, icy)",Non-intersection:  Driveway access (within),Paved,,Property Damage Only,0,0,0,0,0,0,1700,2,2,,POINT (-95.115483391272 43.425561408976)
2014807656,2014007499,07/12/2014,07-July,7-Saturday,12:29,1200 Hours,District 6 (East Central),IOWA CITY,JOHNSON,US 218,US 218/NW RAMP CURV,Collision with:  Vehicle in traffic,On Roadway,Rear-end (front to rear),Followed too close,None Indicated,,Daylight,Dry,Cloudy,None apparent,"Interchange-related:  Off-ramp, diverge area",Paved,,Property Damage Only,0,0,0,0,0,0,1900,2,3,,POINT (-91.569214650467 41.633075511144)
2014808142,14-003060,07/12/2014,07-July,7-Saturday,11:12,1100 Hours,District 3 (Northwest),,LYON,,KINGBIRD AVE & 190TH ST,Collision with fixed object:  Traffic sign support,Shoulder,Non-collision (single vehicle),Ran off road - right,None Indicated,,Daylight,"Mud, dirt",Rain,None apparent,Intersection:  Four-way intersection,Paved,,Property Damage Only,0,0,0,0,0,0,3250,1,1,,POINT (-95.978494242678 43.37471539666)
2014807406,14-4646,07/12/2014,07-July,7-Saturday,21:45,2100 Hours,District 1 (Central),GRIMES,POLK,IA 141,IA 141/IOWA 141,Collision with:  Animal,On Roadway,Non-collision (single vehicle),Animal,None Indicated,,Dark - roadway not lighted,Wet,Rain,None apparent,Non-intersection:  Non-junction/no special feature,Paved,,Property Damage Only,0,0,0,0,0,0,5000,1,3,,POINT (-93.774741617088 41.709985410847)
2014807863,2014-48053,07/12/2014,07-July,7-Saturday,12:47,1200 Hours,District 6 (East Central),DAVENPORT,SCOTT,,W 2ND ST & MYRTLE ST,Collision with:  Vehicle in traffic,On Roadway,"Sideswipe, opposite direction",Over correcting/over steering,None Indicated,,Daylight,Dry,Cloudy,Work Zone (roadway-related),Non-intersection:  Non-junction/no special feature,Paved,Yes,Property Damage Only,0,0,0,0,0,0,1500,2,2,,POINT (-90.588845640155 41.521291284679)
2014808253,14011683,07/12/2014,07-July,7-Saturday,16:21,1600 Hours,District 2 (Northeast),MASON CITY,CERRO GORDO,,S GARFIELD AVE,Collision with:  Vehicle in traffic,On Roadway,Broadside (front to side),FTYROW:  From driveway,Alcohol (Statutory),,Daylight,Wet,Rain,None apparent,Non-intersection:  Driveway access (within),Paved,,Property Damage Only,0,0,0,0,0,0,2500,2,2,,POINT (-93.227295087839 43.147745807017)
2014807583,ACC14-016,07/12/2014,07-July,7-Saturday,19:40,1900 Hours,District 2 (Northeast),CRESCO,HOWARD,,S ELM ST,Collision with:  Vehicle in traffic,On Roadway,Broadside (front to side),Other (explain in narrative):  No improper action,None Indicated,,Dusk,Wet,Clear,None apparent,Non-intersection:  Driveway access (within),Paved,,Property Damage Only,0,0,0,0,0,0,1525,2,2,,POINT (-92.116970614342 43.370904150251)
2014809076,14-24116,07/12/2014,07-July,7-Saturday,13:15,1300 Hours,District 5 (Southeast),BURLINGTON,DES MOINES,,125TH ST,Non-collision events:  Other non-collision (explain in narrative),On Roadway,Non-collision (single vehicle),"Operating vehicle in an reckless, erratic, careless, negligent manner",None Indicated,,Daylight,"Mud, dirt",Clear,None apparent,Non-intersection:  Non-junction/no special feature,Unpaved,,Minor Injury,0,4,0,4,0,0,6000,1,4,,POINT (-91.08139441119 40.864940807519)
2014826618,14-016038,07/12/2014,07-July,7-Saturday,12:10,1200 Hours,District 5 (Southeast),,MAHASKA,,INDEPENDENCE AVE,Collision with:  Vehicle in traffic,On Roadway,Head-on (front to front),Crossed centerline (undivided),None Indicated,,Daylight,Dry,Clear,None apparent,Intersection:  T-intersection,Unpaved,,Property Damage Only,0,0,0,0,0,0,6000,2,3,,POINT (-92.70409267023 41.390013779606)
2014807384,14-016769,07/12/2014,07-July,7-Saturday,00:08,0000 Hours,District 5 (Southeast),,MARION,IA 5,IA 5/IOWA 5,Collision with fixed object:  Ditch,Outside trafficway,Non-collision (single vehicle),Ran off road - right,Alcohol (Statutory),,Dark - roadway not lighted,Dry,Cloudy,None apparent,Non-intersection:  Non-junction/no special feature,Paved,,Minor Injury,0,1,0,1,0,0,2000,1,1,,POINT (-92.997220022547 41.225966643185)
2014807395,14-009483,07/12/2014,07-July,7-Saturday,18:35,1800 Hours,District 4 (Southwest),GLENWOOD,MILLS,,ARNOLD ST,Collision with fixed object:  Traffic sign support,On Roadway,Non-collision (single vehicle),Exceeded authorized speed,None Indicated,,Daylight,Dry,Clear,None apparent,Intersection:  Four-way intersection,Paved,,Property Damage Only,0,0,0,0,0,0,5500,1,2,,POINT (-95.744742543585 41.039646231607)
2014807589,ACC14-015,07/12/2014,07-July,7-Saturday,16:12,1600 Hours,District 2 (Northeast),CRESCO,HOWARD,,,Collision with:  Vehicle in traffic,On Roadway,Rear-end (front to rear),Improper Backing,None Indicated,,Daylight,Wet,Cloudy,None apparent,Non-intersection:  Non-junction/no special feature,,,Property Damage Only,0,0,0,0,0,0,1700,2,1,,POINT (-96.643700149993 40.233091251414)
2014807811,C14002138,07/12/2014,07-July,7-Saturday,17:23,1700 Hours,District 6 (East Central),CORALVILLE,JOHNSON,,1ST AVE & AUBURN HILLS DR & AUBURN EAST LN,Collision with:  Vehicle in traffic,On Roadway,Rear-end (front to rear),Followed too close,None Indicated,,Daylight,Dry,Cloudy,None apparent,Intersection:  Four-way intersection,Paved,,Property Damage Only,0,0,0,0,0,0,6000,2,3,,POINT (-91.564422648333 41.709916253091)
2014807285,W14-069996,07/12/2014,07-July,7-Saturday,14:10,1400 Hours,District 2 (Northeast),WATERLOO,BLACK HAWK,US 63,US 63/LOGAN AVE,Collision with:  Vehicle in traffic,On Roadway,Broadside (front to side),Ran Traffic Signal,None Indicated,,Daylight,Dry,Cloudy,None apparent,Intersection:  Four-way intersection,Paved,,Possible/Unknown,0,2,0,0,2,0,5000,2,3,,POINT (-92.337573852912 42.536998937698)
2014807305,1407122791,07/12/2014,07-July,7-Saturday,19:00,1900 Hours,District 6 (East Central),,CLINTON,,Co Rd Y4F/112 AVE,Collision with fixed object:  Ditch,Roadside,Non-collision (single vehicle),Swerving/Evasive Action,None Indicated,,Daylight,"Mud, dirt",Cloudy,None apparent,Non-intersection:  Non-junction/no special feature,Unpaved,,Property Damage Only,0,0,0,0,0,0,5000,1,2,,POINT (-90.874067940255 41.81400119498)
2014807466,14-3291,07/12/2014,07-July,7-Saturday,00:35,0000 Hours,District 1 (Central),WEST DES MOINES,POLK,IA 5,IA 5/NW RAMP,Collision with:  Vehicle in traffic,On Roadway,Head-on (front to front),Traveling wrong way or on wrong side of road,None Indicated,,Dark - roadway not lighted,Dry,Clear,None apparent,Interchange-related:  On-ramp merge area,Paved,,Property Damage Only,0,0,0,0,0,0,8500,2,2,,POINT (-93.724737538284 41.522349721298)
2014813474,,07/12/2014,07-July,7-Saturday,00:34,0000 Hours,District 2 (Northeast),,CHICKASAW,US 63,US 63,Collision with:  Animal,On Roadway,Non-collision (single vehicle),Animal,None Indicated,,,,Clear,,,Paved,,Property Damage Only,0,0,0,0,0,0,8000,1,2,,POINT (-92.317417233717 42.909365132845)
2014807609,,07/12/2014,07-July,7-Saturday,09:15,0900 Hours,District 3 (Northwest),WEST BEND,PALO ALTO,,7TH ST SE,Collision with:  Vehicle in traffic,On Roadway,Broadside (front to side),FTYROW:  From driveway,None Indicated,,Daylight,Dry,Clear,None apparent,Non-intersection:  Driveway access (within),Paved,,Property Damage Only,0,0,0,0,0,0,5000,2,2,,POINT (-94.444057517489 42.954223500754)
2014807431,20140019861,07/12/2014,07-July,7-Saturday,11:50,1100 Hours,District 1 (Central),DES MOINES,POLK,IA 28,IA 28/63RD ST/IOWA 5 & ARMY POST RD,Collision with:  Vehicle in traffic,On Roadway,Rear-end (front to rear),Followed too close,None Indicated,,Daylight,Dry,Cloudy,None apparent,Non-intersection:  Non-junction/no special feature,Paved,,Property Damage Only,0,0,0,0,0,0,6000,2,7,,POINT (-93.697168519098 41.526573457602)
2014807519,2014-48160,07/12/2014,07-July,7-Saturday,21:40,2100 Hours,District 6 (East Central),DAVENPORT,SCOTT,US 6,US 6/W KIMBERLY RD & N ELSIE AVE,Collision with:  Vehicle in traffic,On Roadway,"Sideswipe, opposite direction",Crossed centerline (undivided),None Indicated,,Dark - roadway lighted,Wet,Rain,None apparent,Non-intersection:  Non-junction/no special feature,Paved,,Property Damage Only,0,0,0,0,0,0,4000,2,3,,POINT (-90.623912067019 41.560208864869)
2014807478,S14-002623,07/12/2014,07-July,7-Saturday,14:27,1400 Hours,District 4 (Southwest),,POTTAWATTAMIE,,Co Rd G6L/HUNT AVE,Collision with fixed object:  Ditch,Outside trafficway,Non-collision (single vehicle),Ran off road - left,None Indicated,,Daylight,Dry,Cloudy,"Surface condition (e.g., wet, icy)",Non-intersection:  Non-junction/no special feature,Unpaved,,Property Damage Only,0,0,0,0,0,0,10000,1,1,,POINT (-95.755663508987 41.296351860379)
2014808195,14-003275,07/12/2014,07-July,7-Saturday,12:06,1200 Hours,District 1 (Central),AMES,STORY,I-35,I-35,Non-collision events:  Other non-collision (explain in narrative),On Roadway,Non-collision (single vehicle),Equipment failure,None Indicated,,Daylight,Dry,Clear,None apparent,Non-intersection:  Non-junction/no special feature,Paved,,Property Damage Only,0,0,0,0,0,0,4450,5,6,,POINT (-93.570852170386 42.030660097043)
2014807293,071214-166,07/12/2014,07-July,7-Saturday,20:17,2000 Hours,District 3 (Northwest),STORM LAKE,BUENA VISTA,IA 7,IA 7/FLINDT RD & E LAKE SHORE DR,Collision with fixed object:  Utility pole/light support,On Roadway,Non-collision (single vehicle),Other (explain in narrative):  Vision obstructed,None Indicated,,Daylight,Dry,Clear,None apparent,Non-intersection:  Non-junction/no special feature,Paved,,Property Damage Only,0,0,0,0,0,0,2500,1,1,,POINT (-95.186233554396 42.635032440091)
2014810092,14007946,07/12/2014,07-July,7-Saturday,23:22,2300 Hours,District 2 (Northeast),ARLINGTON,FAYETTE,,LIBERTY ST,Collision with fixed object:  Utility pole/light support,Outside trafficway,Non-collision (single vehicle),Ran off road - straight,Alcohol (Statutory),,Dark - roadway lighted,Dry,Cloudy,None apparent,Non-intersection:  Other non-intersection (explain in narrative),Paved,,Minor Injury,0,1,0,1,0,0,13450,1,1,,POINT (-91.675894977384 42.747655402474)
2014807862,2014-48049,07/12/2014,07-July,7-Saturday,12:42,1200 Hours,District 6 (East Central),DAVENPORT,SCOTT,,W PLEASANT ST,Collision with:  Parked motor vehicle,On Roadway,"Sideswipe, opposite direction",Other (explain in narrative):  No improper action,None Indicated,,Daylight,Dry,Cloudy,None apparent,Non-intersection:  Non-junction/no special feature,Paved,,Property Damage Only,0,0,0,0,0,0,3000,2,1,,POINT (-90.604221491637 41.53946357269)
2014807906,2014040782,07/12/2014,07-July,7-Saturday,20:23,2000 Hours,District 6 (East Central),,JOHNSON,I-80,I-80,Collision with fixed object:  Guardrail - face,On Roadway,Non-collision (single vehicle),Driving too fast for conditions,None Indicated,,Daylight,Wet,Rain,"Surface condition (e.g., wet, icy)",Non-intersection:  Non-junction/no special feature,Paved,,Property Damage Only,0,0,0,0,0,0,4500,1,1,,POINT (-91.810483117302 41.687705923471)
2014808714,14-8029,07/12/2014,07-July,7-Saturday,03:00,0300 Hours,District 3 (Northwest),HULL,SIOUX,,IBEX AVE & 270TH ST,Collision with fixed object:  Ditch,Roadside,Non-collision (single vehicle),Ran off road - right,None Indicated,,Dark - roadway not lighted,"Mud, dirt",Rain,None apparent,Intersection:  Four-way intersection,Unpaved,,Property Damage Only,0,0,0,0,0,0,10000,1,2,,POINT (-96.11815209488 43.257334615027)
2014807284,W14-069995,07/12/2014,07-July,7-Saturday,14:06,1400 Hours,District 2 (Northeast),WATERLOO,BLACK HAWK,,DEVONSHIRE DR & ANSBOROUGH AVE,Collision with:  Vehicle in traffic,On Roadway,Rear-end (front to rear),FTYROW:  Other (explain in narrative),None Indicated,,Daylight,Dry,Clear,None apparent,Intersection:  Four-way intersection,Paved,,Property Damage Only,0,0,0,0,0,0,3000,2,6,,POINT (-92.376759131015 42.474727350761)
2014807437,20140019865,07/12/2014,07-July,7-Saturday,12:34,1200 Hours,District 1 (Central),DES MOINES,POLK,,DOUGLAS AVE & 59TH ST,Collision with:  Vehicle in traffic,On Roadway,"Sideswipe, same direction",Swerving/Evasive Action,None Indicated,,Daylight,Dry,Cloudy,None apparent,Intersection:  Four-way intersection,Paved,,Property Damage Only,0,0,0,0,0,0,4000,2,4,,POINT (-93.69936750872 41.629377868842)
2014810196,14-17938,07/12/2014,07-July,7-Saturday,14:17,1400 Hours,District 1 (Central),NEWTON,JASPER,,IOWA SPEEDWAY DR,Collision with:  Vehicle in traffic,On Roadway,Broadside (front to side),Other (explain in narrative):  Other,None Indicated,,Daylight,Dry,Clear,None apparent,Intersection:  Four-way intersection,Paved,,Property Damage Only,0,0,0,0,0,0,6000,2,5,,POINT (-93.014493891313 41.698454887492)
2014807428,20140019881,07/12/2014,07-July,7-Saturday,14:01,1400 Hours,District 1 (Central),DES MOINES,POLK,US 6,US 6/E EUCLID AVE & US 69/E 14TH ST,Collision with:  Vehicle in traffic,On Roadway,Rear-end (front to rear),"Operating vehicle in an reckless, erratic, careless, negligent manner",None Indicated,,Daylight,Dry,Cloudy,None apparent,Non-intersection:  Non-junction/no special feature,Paved,,Property Damage Only,0,0,0,0,0,0,1500,2,2,,POINT (-93.600513057949 41.627712019178)
2014807319,01-14-30578,07/12/2014,07-July,7-Saturday,01:31,0100 Hours,District 6 (East Central),DUBUQUE,DUBUQUE,,W LOCUST ST,Collision with:  Vehicle in traffic,On Roadway,Rear-end (front to rear),Ran off road - right,None Indicated,,Dark - roadway lighted,Dry,Clear,None apparent,Non-intersection:  Non-junction/no special feature,Paved,,Property Damage Only,0,0,0,0,0,0,8500,2,1,,POINT (-90.690988133792 42.50764914781)
2014807518,2014-48155,07/12/2014,07-July,7-Saturday,21:10,2100 Hours,District 6 (East Central),DAVENPORT,SCOTT,US 6,US 6/E KIMBERLY RD & SPRING ST,Collision with:  Vehicle in traffic,On Roadway,Rear-end (front to rear),Followed too close,None Indicated,,Dark - roadway lighted,Wet,Rain,None apparent,Non-intersection:  Non-junction/no special feature,Paved,,Property Damage Only,0,0,0,0,0,0,2000,2,5,,POINT (-90.547737591758 41.556888426314)
2014811152,G14120920,07/12/2014,07-July,7-Saturday,09:20,0900 Hours,District 2 (Northeast),,FRANKLIN,,Co Rd C20/230TH ST & LARK AVE,Collision with:  Vehicle in traffic,On Roadway,Broadside (front to side),FTYROW:  At uncontrolled intersection,None Indicated,,Daylight,Wet,Cloudy,None apparent,Intersection:  Four-way intersection,Unpaved,,Property Damage Only,0,0,0,0,0,0,4500,2,3,,POINT (-93.281882269892 42.862316558276)
2014808589,201400033720,07/12/2014,07-July,7-Saturday,18:55,1800 Hours,District 5 (Southeast),OTTUMWA,WAPELLO,US 34,US 34,Non-collision events:  Other non-collision (explain in narrative),On Roadway,Non-collision (single vehicle),Ran off road - left,Alcohol (Statutory),,Daylight,Dry,Cloudy,"Surface condition (e.g., wet, icy)",Non-intersection:  Non-junction/no special feature,Paved,,Major Injury,0,1,1,0,0,0,1500,1,1,,POINT (-92.387274997569 41.011874233057)
2014850910,14-005530,07/12/2014,07-July,7-Saturday,08:58,0800 Hours,District 5 (Southeast),,LOUISA,IA 78,IA 78/IOWA 78,Collision with fixed object:  Tree,Roadside,Non-collision (single vehicle),Crossed centerline (undivided),None Indicated,,Daylight,Dry,Cloudy,None apparent,Non-intersection:  Non-junction/no special feature,Paved,,Minor Injury,0,1,0,1,0,0,6000,1,1,,POINT (-91.26208744481 41.092349218105)
2014807440,20140019829,07/12/2014,07-July,7-Saturday,03:25,0300 Hours,District 1 (Central),DES MOINES,POLK,,8TH ST,Collision with:  Parked motor vehicle,On Roadway,Rear-end (front to rear),Unknown,None Indicated,,Dark - roadway lighted,Dry,Cloudy,None apparent,Non-intersection:  Non-junction/no special feature,Paved,,Property Damage Only,0,0,0,0,0,0,25000,5,1,,POINT (-93.628191173304 41.606144961495)
2014807450,20140019971,07/12/2014,07-July,7-Saturday,19:00,1900 Hours,District 1 (Central),DES MOINES,POLK,,IOWA STATE FAIRGROUNDS,Collision with:  Parked motor vehicle,Outside trafficway,Unknown,Unknown,None Indicated,,Daylight,Dry,Cloudy,Unknown,Non-intersection:  Non-junction/no special feature,Paved,,Property Damage Only,0,0,0,0,0,0,1500,2,1,,POINT (-93.556510275731 41.596444202248)
2014810252,14-10515,07/12/2014,07-July,7-Saturday,16:15,1600 Hours,District 6 (East Central),MAQUOKETA,JACKSON,,Co Rd Y31/CAVES RD,Collision with fixed object:  Ditch,Shoulder,Non-collision (single vehicle),Swerving/Evasive Action,None Indicated,,Daylight,Dry,Cloudy,None apparent,Non-intersection:  Non-junction/no special feature,Paved,,Property Damage Only,0,0,0,0,0,0,8000,1,1,,POINT (-90.711969110221 42.084694012311)
2014807520,2014-48328,07/13/2014,07-July,1-Sunday,13:31,1300 Hours,District 6 (East Central),DAVENPORT,SCOTT,,IA 461/BRADY ST,Collision with:  Vehicle in traffic,On Roadway,Rear-end (front to rear),Improper or erratic lane changing,None Indicated,,Daylight,Dry,Clear,None apparent,Non-intersection:  Non-junction/no special feature,Paved,,Property Damage Only,0,0,0,0,0,0,5000,2,4,,POINT (-90.574015595809 41.537478985765)
2014807294,14-0006063,07/13/2014,07-July,1-Sunday,18:48,1800 Hours,District 4 (Southwest),ANITA,CASS,,LAKE ANITA STATE PARK,Collision with fixed object:  Ditch,On Roadway,Non-collision (single vehicle),Exceeded authorized speed,Refused,,Daylight,Dry,Clear,None apparent,Non-intersection:  Non-junction/no special feature,Paved,,Major Injury,0,1,1,0,0,0,5000,1,2,,POINT (-94.762869866765 41.431886143834)
2014807561,14-22562,07/13/2014,07-July,1-Sunday,18:30,1800 Hours,District 3 (Northwest),SIOUX CITY,WOODBURY,,GLENN AVE & S CORNELIA ST,Collision with:  Non-motorist (see non-motorist section - NOT a unit),On Roadway,Non-collision (single vehicle),Unknown,None Indicated,,Daylight,Dry,Clear,None apparent,Intersection:  Four-way intersection,Paved,,Possible/Unknown,0,1,0,0,1,0,0,1,1,,POINT (-96.364134393329 42.465295973902)
2014807324,01-14-30787,07/13/2014,07-July,1-Sunday,07:26,0700 Hours,District 6 (East Central),DUBUQUE,DUBUQUE,IA 946,IA 946/IOWA 946,Collision with:  Vehicle in traffic,On Roadway,"Sideswipe, same direction",FTYROW:  Other (explain in narrative),None Indicated,,Daylight,Dry,Clear,None apparent,Non-intersection:  Non-junction/no special feature,Paved,,Property Damage Only,0,0,0,0,0,0,1500,2,2,,POINT (-90.664918130535 42.492928432839)