Iowa DOT Case Number,Law Enforcement Case Number,Date of Crash,Month of Crash,Day of Week,Time of Crash,Hour,DOT District,City Name,County Name,Route with System,Location Description,First Harmful Event,Location of First Harmful Event,Manner of Crash/Collision,Major Cause,Drug or Alcohol ,Environmental Conditions,Light Conditions,Surface Conditions,Weather Conditions,Roadway Contribution,Roadway Type,Roadway Surface,Work Zone,Crash Severity,Number of Fatalities,Number of Injuries,Number of Major Injuries,Number of Minor Injuries,Number of Possible Injuries,Number of Unknown Injuries,Amount of Property Damage,Number of Vehicles Involved,Total Number of Occupants,Travel Direction,Location
2014807488,14-029221,07/13/2014,07-July,1-Sunday,10:17,1000 Hours,District 4 (Southwest),COUNCIL BLUFFS,POTTAWATTAMIE,US 6,US 6/W BROADWAY & S 8TH ST & N 8TH ST,Collision with:  Vehicle in traffic,On Roadway,Rear-end (front to rear),Followed too close,None Indicated,,Daylight,Dry,Clear,None apparent,Non-intersection:  Non-junction/no special feature,Paved,,Possible/Unknown,0,1,0,0,1,0,1000,2,3,,POINT (-95.856050780954 41.261903578414)
2014807457,14-3319,07/13/2014,07-July,1-Sunday,15:50,1500 Hours,District 4 (Southwest),WEST DES MOINES,DALLAS,,,Collision with:  Parked motor vehicle,On Roadway,Broadside (front to side),FTYROW:  From driveway,None Indicated,,Daylight,Dry,Cloudy,None apparent,Non-intersection:  Driveway access (within),,,Property Damage Only,0,0,0,0,0,0,1900,2,1,,POINT (-96.643700149993 40.233091251414)
2014808440,2014-48244,07/13/2014,07-July,1-Sunday,02:43,0200 Hours,District 6 (East Central),DAVENPORT,SCOTT,,W 2ND ST,Collision with:  Vehicle in traffic,On Roadway,Rear-end (front to rear),Lost Control,Refused,,Dark - roadway lighted,Dry,Clear,None apparent,Non-intersection:  Non-junction/no special feature,Paved,,Minor Injury,0,1,0,1,0,0,14000,2,1,,POINT (-90.611619663549 41.521172347123)
2014810058,S14-G1303,07/13/2014,07-July,1-Sunday,21:13,2100 Hours,District 5 (Southeast),,CLARKE,US 69,US 69 & Co Rd R59/LIBERTY HWY,Collision with:  Animal,On Roadway,Non-collision (single vehicle),Animal,None Indicated,,Dark - roadway lighted,Dry,Clear,None apparent,Non-intersection:  Non-junction/no special feature,Paved,,Possible/Unknown,0,1,0,0,1,0,4000,1,2,,POINT (-93.653977910084 41.14499349816)
2014807448,20140019957,07/13/2014,07-July,1-Sunday,06:40,0600 Hours,District 1 (Central),DES MOINES,POLK,I-35,I-35,Collision with fixed object:  Ditch,On Roadway,Non-collision (single vehicle),Swerving/Evasive Action,None Indicated,,Daylight,Dry,Clear,None apparent,Non-intersection:  Non-junction/no special feature,Paved,,Possible/Unknown,0,1,0,0,1,0,4000,1,1,,POINT (-93.600938110086 41.647624670855)
2014810253,14-10573,07/13/2014,07-July,1-Sunday,17:21,1700 Hours,District 6 (East Central),,JACKSON,,Co Rd Y34/50 AVE,Collision with fixed object:  Utility pole/light support,Outside trafficway,Non-collision (single vehicle),Crossed centerline (undivided),None Indicated,,Daylight,Dry,Cloudy,None apparent,Non-intersection:  Non-junction/no special feature,Paved,,Property Damage Only,0,0,0,0,0,0,3000,1,1,,POINT (-90.841240982581 42.086614429135)
2014807676,20140020017,07/13/2014,07-July,1-Sunday,22:10,2200 Hours,District 1 (Central),DES MOINES,POLK,,MCKINLEY AVE & FLEUR DR,Collision with:  Vehicle in traffic,On Roadway,"Angle, oncoming left turn",Separation of units,None Indicated,,Dark - roadway lighted,Dry,Clear,None apparent,Non-intersection:  Non-junction/no special feature,Paved,,Possible/Unknown,0,1,0,0,0,1,5000,2,2,,POINT (-93.645039800208 41.5409741398)
2014808298,201410064,07/13/2014,07-July,1-Sunday,19:11,1900 Hours,District 6 (East Central),CEDAR RAPIDS,LINN,,29TH ST NE & OAKLAND RD NE,Non-collision events:  Other non-collision (explain in narrative),Outside trafficway,Non-collision (single vehicle),Lost Control,Alcohol (Statutory),,Daylight,Dry,Clear,None apparent,Intersection:  Four-way intersection,Paved,,Property Damage Only,0,0,0,0,0,0,4000,1,1,,POINT (-91.659634884074 42.006861688328)
2014807932,SO1402770,07/13/2014,07-July,1-Sunday,10:03,1000 Hours,District 5 (Southeast),,JEFFERSON,IA 1,IA 1/IOWA 1,Collision with:  Vehicle in traffic,On Roadway,Rear-end (front to rear),Swerving/Evasive Action,None Indicated,,Daylight,Dry,Cloudy,None apparent,Non-intersection:  Non-junction/no special feature,Paved,,Property Damage Only,0,0,0,0,0,0,3500,2,2,,POINT (-91.963224222129 40.980347507687)
2014807304,201407138281,07/13/2014,07-July,1-Sunday,00:57,0000 Hours,District 6 (East Central),,CLINTON,US 30,US 30,Collision with:  Animal,,,Animal,None Indicated,,,,,,,Paved,,Property Damage Only,0,0,0,0,0,0,3000,1,1,,POINT (-90.498538272206 41.807739386719)
2014809642,,07/13/2014,07-July,1-Sunday,15:20,1500 Hours,District 3 (Northwest),AKRON,PLYMOUTH,,KERR DR & N 8TH ST,Collision with:  Vehicle in traffic,On Roadway,"Angle, oncoming left turn",FTYROW:  From driveway,None Indicated,,Daylight,Dry,Clear,None apparent,Non-intersection:  Driveway access (within),Paved,,Property Damage Only,0,0,0,0,0,0,3750,2,2,,POINT (-96.551862202256 42.831625529761)
2014807491,14-029235,07/13/2014,07-July,1-Sunday,13:15,1300 Hours,District 4 (Southwest),COUNCIL BLUFFS,POTTAWATTAMIE,US 6,US 6/W BROADWAY & S 25TH ST & N 25TH ST,Collision with:  Other non-fixed object (explain in narrative),On Roadway,Non-collision (single vehicle),Unknown,None Indicated,,Daylight,Dry,Cloudy,None apparent,Non-intersection:  Non-junction/no special feature,Paved,,Possible/Unknown,0,1,0,0,1,0,0,1,2,,POINT (-95.8819050712 41.261934267902)
2014807414,14-002993,07/13/2014,07-July,1-Sunday,08:52,0800 Hours,District 1 (Central),ANKENY,POLK,,NW 9TH ST & NW NICKOLAS DR,Collision with:  Vehicle in traffic,On Roadway,Rear-end (front to rear),Followed too close,Refused,,Daylight,Dry,"Blowing sand, soil, dirt",None apparent,Non-intersection:  Non-junction/no special feature,Paved,,Property Damage Only,0,0,0,0,0,0,4500,2,6,,POINT (-93.606771623924 41.738124304289)
2014810117,14-18004,07/13/2014,07-July,1-Sunday,01:35,0100 Hours,District 1 (Central),NEWTON,JASPER,,W 16TH ST N,Collision with fixed object:  Tree,Shoulder,Non-collision (single vehicle),Ran off road - right,Refused,,Dark - roadway lighted,Dry,Clear,None apparent,Non-intersection:  Non-junction/no special feature,Paved,,Minor Injury,0,1,0,1,0,0,3000,1,1,,POINT (-93.072869344692 41.701369027315)
2014807286,W14-070340,07/13/2014,07-July,1-Sunday,15:17,1500 Hours,District 2 (Northeast),WATERLOO,BLACK HAWK,,E SAN MARNAN DR & HAMMOND AVE,Collision with:  Vehicle in traffic,On Roadway,Rear-end (front to rear),Lost Control,None Indicated,,Daylight,Dry,Clear,None apparent,Intersection:  Four-way intersection,Paved,,Possible/Unknown,0,1,0,0,1,0,700,2,5,,POINT (-92.336845789867 42.457284121277)
2014808014,2014040984,07/13/2014,07-July,1-Sunday,17:06,1700 Hours,District 1 (Central),,WEBSTER,,SOUTH RIVER RD,Collision with fixed object:  Tree,On Roadway,Non-collision (single vehicle),Unknown,None Indicated,,Daylight,Dry,Clear,None apparent,Non-intersection:  Non-junction/no special feature,Unpaved,,Fatal,2,0,0,0,0,0,500,1,2,,POINT (-94.183673002828 42.468022003015)
2014807956,14004060,07/13/2014,07-July,1-Sunday,14:00,1400 Hours,District 3 (Northwest),SHELDON,OBRIEN,,W 7TH ST & PLEASANT DR,Collision with fixed object:  Utility pole/light support,Shoulder,Non-collision (single vehicle),Lost Control,None Indicated,,Daylight,Dry,Cloudy,None apparent,Non-intersection:  Driveway access (within),Paved,,Property Damage Only,0,0,0,0,0,0,1800,1,1,,POINT (-95.857888889524 43.18394012742)
2014809345,071314A,07/13/2014,07-July,1-Sunday,19:59,1900 Hours,District 4 (Southwest),HAMBURG,FREMONT,,Co Rd L44/BLUFF RD,Non-collision events:  Overturn/rollover,On Roadway,Non-collision (single vehicle),Swerving/Evasive Action,None Indicated,,Daylight,"Mud, dirt",Clear,None apparent,Non-intersection:  Non-junction/no special feature,Paved,,Possible/Unknown,0,1,0,0,0,1,5100,1,1,,POINT (-95.663180702592 40.608842901734)
2014807751,2014040978,07/13/2014,07-July,1-Sunday,18:14,1800 Hours,District 4 (Southwest),,HARRISON,I-29,I-29,Collision with:  Animal,,Non-collision (single vehicle),Animal,None Indicated,,,,,,,Paved,,Property Damage Only,0,0,0,0,0,0,5000,1,1,,POINT (-96.043066365257 41.700424357773)
2014807580,2014040838,07/13/2014,07-July,1-Sunday,04:53,0400 Hours,District 2 (Northeast),,FRANKLIN,I-35,I-35,Collision with fixed object:  Ditch,Roadside,Non-collision (single vehicle),Ran off road - right,None Indicated,,Dark - roadway not lighted,Wet,Clear,"Surface condition (e.g., wet, icy)",Non-intersection:  Non-junction/no special feature,Paved,,Property Damage Only,0,0,0,0,0,0,2100,1,1,,POINT (-93.349974496586 42.852492997269)
2014808226,,07/13/2014,07-July,1-Sunday,15:15,1500 Hours,District 1 (Central),COLFAX,JASPER,IA 117,IA 117/IOWA 117 N & FEDERAL AVE,Collision with:  Vehicle in traffic,On Roadway,"Angle, oncoming left turn",Crossed centerline (undivided),None Indicated,,Daylight,Dry,Clear,None apparent,Intersection:  T-intersection,Paved,,Property Damage Only,0,0,0,0,0,0,6500,2,4,,POINT (-93.246755778614 41.695092441289)
2014807791,14010222,07/13/2014,07-July,1-Sunday,23:37,2300 Hours,District 6 (East Central),,CEDAR,,Co Rd F28/210TH,Collision with:  Animal,,Non-collision (single vehicle),Animal,None Indicated,,,,,,,Paved,,Property Damage Only,0,0,0,0,0,0,2500,1,1,,POINT (-91.225908033067 41.786877331676)
2014808874,14-000815,07/13/2014,07-July,1-Sunday,01:05,0100 Hours,District 1 (Central),,STORY,US 30,US 30,Collision with fixed object:  Ditch,On Roadway,Non-collision (single vehicle),Over correcting/over steering,Under Influence of Alcohol/Drugs/Medications,,Dark - roadway not lighted,Dry,"Fog, smoke, smog",None apparent,Non-intersection:  Non-junction/no special feature,Paved,,Major Injury,0,1,1,0,0,0,7500,1,1,,POINT (-93.380108823275 42.007573717337)
2014807698,2014-14947,07/13/2014,07-July,1-Sunday,11:55,1100 Hours,District 5 (Southeast),,WARREN,IA 92,IA 92/IOWA 92 & 150TH AVE,Collision with:  Vehicle in traffic,On Roadway,Broadside (front to side),FTYROW:  From stop sign,None Indicated,,Daylight,Dry,Cloudy,None apparent,Intersection:  Four-way intersection,Paved,,Property Damage Only,0,0,0,0,0,0,7500,2,4,,POINT (-93.520316836008 41.357835375428)
2014808018,2014040856,07/13/2014,07-July,1-Sunday,09:15,0900 Hours,District 5 (Southeast),,CLARKE,US 34,US 34 & 332 AVE,Collision with fixed object:  Ditch,Roadside,Non-collision (single vehicle),Crossed centerline (undivided),None Indicated,,Daylight,Dry,Clear,None apparent,Non-intersection:  Non-junction/no special feature,Paved,,Major Injury,0,3,2,1,0,0,8000,1,6,,POINT (-93.576242118549 41.029970581221)
2014807407,14-4655,07/13/2014,07-July,1-Sunday,13:35,1300 Hours,District 1 (Central),DES MOINES,POLK,,LOWER BEAVER RD,Collision with fixed object:  Mailbox,On Roadway,Non-collision (single vehicle),Ran off road - right,None Indicated,,Daylight,Dry,Clear,None apparent,Non-intersection:  Non-junction/no special feature,Paved,,Property Damage Only,0,0,0,0,0,0,3800,1,2,,POINT (-93.671519874735 41.646000009588)
2014807427,20140019944,07/13/2014,07-July,1-Sunday,02:25,0200 Hours,District 1 (Central),DES MOINES,POLK,US 6,US 6/FREDERICK M HUBBELL AVE,Collision with:  Vehicle in traffic,On Roadway,"Angle, oncoming left turn",FTYROW:  Making left turn,Under Influence of Alcohol/Drugs/Medications,,Dark - roadway lighted,Dry,Clear,None apparent,Non-intersection:  Driveway access (within),Paved,,Property Damage Only,0,0,0,0,0,0,4000,2,3,,POINT (-93.53529451847 41.634033014048)
2014807749,2014040917,07/13/2014,07-July,1-Sunday,14:54,1400 Hours,District 1 (Central),,STORY,I-35,I-35,Collision with fixed object:  Ditch,On Roadway,Non-collision (single vehicle),Ran off road - left,None Indicated,,Daylight,Wet,Rain,"Surface condition (e.g., wet, icy)",Non-intersection:  Non-junction/no special feature,Paved,,Property Damage Only,0,0,0,0,0,0,2000,1,1,,POINT (-93.570193000823 41.967680068685)
2014808615,2014040833,07/13/2014,07-July,1-Sunday,02:34,0200 Hours,District 1 (Central),,JASPER,I-80,I-80,Collision with:  Animal,,,Animal,None Indicated,,,,,,,Paved,,Property Damage Only,0,0,0,0,0,0,4500,1,1,,POINT (-93.307104989225 41.681886664778)
2014810122,14-24302,07/13/2014,07-July,1-Sunday,19:23,1900 Hours,District 5 (Southeast),BURLINGTON,DES MOINES,,DIVISION ST & E ROOSEVELT FRONTAGE,Collision with:  Vehicle in traffic,On Roadway,Head-on (front to front),Other (explain in narrative):  Other,None Indicated,,Daylight,Dry,Cloudy,None apparent,Intersection:  Other intersection (explain in narrative),Paved,,Property Damage Only,0,0,0,0,0,0,7000,2,4,,POINT (-91.14040058507 40.807654072583)
2014807865,2014-48250,07/13/2014,07-July,1-Sunday,03:29,0300 Hours,District 6 (East Central),DAVENPORT,SCOTT,IA 22,IA 22/NE LOOP/SE LOOP & IA 461/W RIVER DR,Non-collision events:  Overturn/rollover,Outside trafficway,Non-collision (single vehicle),Ran off road - right,Alcohol (Statutory),,Dark - roadway not lighted,Dry,Clear,None apparent,"Interchange-related:  Off-ramp, diverge area",Paved,,Property Damage Only,0,0,0,0,0,0,5000,1,2,,POINT (-90.640382087808 41.504663079614)
2014814245,,07/13/2014,07-July,1-Sunday,10:44,1000 Hours,District 5 (Southeast),,MUSCATINE,,,Collision with:  Railway vehicle/train,Outside trafficway,Broadside (front to side),FTYROW:  Other (explain in narrative),Under Influence of Alcohol/Drugs/Medications,,Daylight,Other (explain in narrative),Clear,None apparent,Non-intersection:  Railroad grade crossing,,,Minor Injury,0,1,0,1,0,0,7000,2,2,,POINT (-96.643700149993 40.233091251414)
2014808284,02-14-10570,07/13/2014,07-July,1-Sunday,13:00,1300 Hours,District 6 (East Central),,DUBUQUE,,Co Rd C61/S WAUPETON RD,Collision with fixed object:  Ditch,On Roadway,Non-collision (single vehicle),Ran off road - left,None Indicated,,Daylight,Dry,Clear,None apparent,Non-intersection:  Non-junction/no special feature,Paved,,Major Injury,0,1,1,0,0,0,600,1,1,,POINT (-90.874787447251 42.653173878386)
2014807452,20140019984,07/13/2014,07-July,1-Sunday,14:21,1400 Hours,District 1 (Central),DES MOINES,POLK,US 69,US 69/SE 14TH ST,Collision with:  Vehicle in traffic,On Roadway,"Sideswipe, same direction",Lost Control,None Indicated,,Daylight,Dry,Clear,None apparent,Non-intersection:  Non-junction/no special feature,Paved,,Property Damage Only,0,0,0,0,0,0,2500,2,5,,POINT (-93.596931578419 41.564770036728)
2014807465,14-3311,07/13/2014,07-July,1-Sunday,02:01,0200 Hours,District 1 (Central),WEST DES MOINES,POLK,,MILLS CIVIC PKWY,Collision with:  Vehicle in traffic,On Roadway,Rear-end (front to rear),Followed too close,Refused,,Dark - roadway lighted,Dry,Clear,None apparent,Intersection:  Five points or more,Paved,,Possible/Unknown,0,1,0,0,1,0,5500,2,3,,POINT (-93.780995540705 41.55910045218)
2014807750,2014040935,07/13/2014,07-July,1-Sunday,16:10,1600 Hours,District 1 (Central),ANKENY,POLK,I-35,I-35 & E 1ST ST,Collision with:  Vehicle in traffic,On Roadway,Broadside (front to side),Ran Traffic Signal,None Indicated,,Daylight,Wet,Cloudy,None apparent,"Interchange-related:  Off-ramp, diverge area",Paved,,Property Damage Only,0,0,0,0,0,0,4500,2,2,,POINT (-93.575485500127 41.7318542382)
2014811056,2014-48291,07/13/2014,07-July,1-Sunday,08:08,0800 Hours,District 6 (East Central),DAVENPORT,SCOTT,,FAIRMOUNT ST,Collision with fixed object:  Ditch,Outside trafficway,Non-collision (single vehicle),Swerving/Evasive Action,None Indicated,,Daylight,Unknown,Unknown,None apparent,Non-intersection:  Non-junction/no special feature,Paved,,Property Damage Only,0,0,0,0,0,0,1855,1,1,,POINT (-90.629702953102 41.555969337912)
2014808442,2014-48400,07/13/2014,07-July,1-Sunday,20:17,2000 Hours,District 6 (East Central),DAVENPORT,SCOTT,,BOIES AVE,Collision with:  Parked motor vehicle,On Roadway,Unknown,Unknown,None Indicated,,Unknown,Dry,Clear,None apparent,Non-intersection:  Non-junction/no special feature,Paved,,Property Damage Only,0,0,0,0,0,0,2500,2,1,,POINT (-90.615114119885 41.514454030432)
2014807792,14010185,07/13/2014,07-July,1-Sunday,00:43,0000 Hours,District 6 (East Central),,CEDAR,IA 38,IA 38/IOWA 38,Non-collision events:  Overturn/rollover,Shoulder,Non-collision (single vehicle),Swerving/Evasive Action,Refused,,Dark - roadway not lighted,Dry,Clear,None apparent,Non-intersection:  Non-junction/no special feature,Paved,,Property Damage Only,0,0,0,0,0,0,10000,1,2,,POINT (-91.13254467591 41.747200643064)
2014809858,14-070444,07/13/2014,07-July,1-Sunday,21:35,2100 Hours,District 2 (Northeast),WATERLOO,BLACK HAWK,,WILLISTON AVE,Collision with:  Vehicle in traffic,On Roadway,"Sideswipe, opposite direction",Traveling wrong way or on wrong side of road,None Indicated,,Dark - roadway lighted,Dry,Clear,None apparent,Non-intersection:  Non-junction/no special feature,Paved,,Possible/Unknown,0,1,0,0,1,0,15000,2,3,,POINT (-92.354146410708 42.483905211988)
2014807668,14-003007,07/13/2014,07-July,1-Sunday,22:30,2200 Hours,District 1 (Central),ANKENY,POLK,,NW ASH DR & NW 32ND ST,Collision with:  Vehicle in traffic,On Roadway,Rear-end (front to rear),Followed too close,None Indicated,,Dark - roadway lighted,Dry,Clear,None apparent,Intersection:  T-intersection,Paved,,Minor Injury,0,1,0,1,0,0,8000,3,11,,POINT (-93.609915043149 41.757688891925)
2014810247,14-13062,07/13/2014,07-July,1-Sunday,10:18,1000 Hours,District 2 (Northeast),,BREMER,,GRAND AVE,Collision with fixed object:  Ditch,On Roadway,Non-collision (single vehicle),Driving too fast for conditions,None Indicated,,Daylight,"Mud, dirt",Cloudy,None apparent,Non-intersection:  Non-junction/no special feature,Unpaved,,Property Damage Only,0,0,0,0,0,0,2000,1,1,,POINT (-92.422409675891 42.69458866355)
2014807404,14-4649,07/13/2014,07-July,1-Sunday,03:00,0300 Hours,District 1 (Central),,POLK,,NE 64TH ST,Collision with fixed object:  Ditch,On Roadway,Non-collision (single vehicle),Over correcting/over steering,Alcohol (Statutory),,Dark - roadway not lighted,Dry,Cloudy,None apparent,Non-intersection:  Non-junction/no special feature,Paved,,Property Damage Only,0,0,0,0,0,0,10000,1,1,,POINT (-93.483768158225 41.636161930151)
2014807949,14002450,07/13/2014,07-July,1-Sunday,00:48,0000 Hours,District 5 (Southeast),,KEOKUK,IA 149,IA 149/IOWA 149,Collision with:  Animal,,,Animal,None Indicated,,,,,,,Paved,,Property Damage Only,0,0,0,0,0,0,2000,1,1,,POINT (-92.214005995303 41.221284448998)
2014809519,14680717,07/13/2014,07-July,1-Sunday,06:36,0600 Hours,District 5 (Southeast),,MONROE,,Co Rd S70/520TH AVE,Collision with fixed object:  Ditch,Roadside,Non-collision (single vehicle),Separation of units,None Indicated,,Daylight,Dry,Clear,None apparent,Non-intersection:  Non-junction/no special feature,Paved,,Property Damage Only,0,0,0,0,0,0,10050,1,1,,POINT (-93.055609319661 40.997580830896)
2014808411,2014-48409,07/13/2014,07-July,1-Sunday,21:04,2100 Hours,District 6 (East Central),DAVENPORT,SCOTT,,IA 461/HARRISON ST,Collision with:  Vehicle in traffic,On Roadway,Rear-end (front to rear),Other (explain in narrative):  Other,None Indicated,,Dark - roadway lighted,Dry,Clear,None apparent,Non-intersection:  Non-junction/no special feature,Paved,,Property Damage Only,0,0,0,0,0,0,3250,2,2,,POINT (-90.577233550432 41.536691256694)
2014807468,14-0597,07/13/2014,07-July,1-Sunday,12:00,1200 Hours,District 1 (Central),WINDSOR HEIGHTS,POLK,,WASHINGTON AVE & 66TH ST,Collision with fixed object:  Other fixed object (explain in narrative),On Roadway,Non-collision (single vehicle),Improper Backing,None Indicated,,Daylight,Dry,Clear,None apparent,Non-intersection:  Non-junction/no special feature,Paved,,Property Damage Only,0,0,0,0,0,0,2500,1,1,,POINT (-93.709088380508 41.609349386902)
2014807909,2014040944,07/13/2014,07-July,1-Sunday,16:15,1600 Hours,District 6 (East Central),,LINN,I-380,I-380,Collision with:  Vehicle in traffic,On Roadway,"Sideswipe, same direction",Swerving/Evasive Action,None Indicated,,Daylight,Dry,Clear,None apparent,Non-intersection:  Non-junction/no special feature,Paved,,Minor Injury,0,2,0,1,1,0,7000,3,5,,POINT (-91.701605836009 42.094867833255)
2014808441,2014-48272,07/13/2014,07-July,1-Sunday,05:04,0500 Hours,District 6 (East Central),DAVENPORT,SCOTT,,W 8TH ST,Collision with:  Parked motor vehicle,On Roadway,Head-on (front to front),Lost Control,None Indicated,,Dark - roadway lighted,Wet,Clear,None apparent,Non-intersection:  Non-junction/no special feature,Paved,,Property Damage Only,0,0,0,0,0,0,2500,2,1,,POINT (-90.600564925706 41.527805016991)
2014808798,201400002401,07/13/2014,07-July,1-Sunday,21:50,2100 Hours,District 6 (East Central),MARION,LINN,IA 100,IA 100/COLLINS RD SE,Collision with:  Animal,,,Animal,None Indicated,,,,,,,Paved,,Property Damage Only,0,0,0,0,0,0,3000,1,1,,POINT (-91.56423776173 42.020262187846)
2014810225,CP14-0655,07/13/2014,07-July,1-Sunday,19:48,1900 Hours,District 2 (Northeast),CLARION,WRIGHT,IA 3,IA 3/CENTRAL AVE & 4TH ST SE & 4TH ST NE,Collision with fixed object:  Other fixed object (explain in narrative),On Roadway,Non-collision (single vehicle),Ran off road - straight,None Indicated,,Daylight,Dry,Clear,None apparent,Intersection:  Other intersection (explain in narrative),Paved,,Property Damage Only,0,0,0,0,0,0,4000,1,2,,POINT (-93.727588227573 42.731728206835)
2014811598,14-02277,07/13/2014,07-July,1-Sunday,07:32,0700 Hours,District 5 (Southeast),,LEE,,Co Rd W46/100 AVE,Collision with fixed object:  Ditch,Outside trafficway,Non-collision (single vehicle),Crossed centerline (undivided),None Indicated,,Daylight,Dry,Unknown,None apparent,Non-intersection:  Non-junction/no special feature,Paved,,Possible/Unknown,0,1,0,0,1,0,10100,1,1,,POINT (-91.718359086533 40.66947187383)
2014807689,14-13274,07/13/2014,07-July,1-Sunday,18:11,1800 Hours,District 6 (East Central),BETTENDORF,SCOTT,US 67,US 67/STATE ST & GEORGE THUENEN DR & 17TH ST,Collision with:  Vehicle in traffic,On Roadway,Rear-end (front to rear),Lost Control,None Indicated,,Daylight,Dry,Cloudy,None apparent,Intersection:  Other intersection (explain in narrative),Paved,,Property Damage Only,0,0,0,0,0,0,2600,2,3,,POINT (-90.508556440628 41.525261950439)
2014807630,W14-070333,07/13/2014,07-July,1-Sunday,14:46,1400 Hours,District 2 (Northeast),WATERLOO,BLACK HAWK,,PENNEYS ST & FRONTAGE RD,Collision with:  Vehicle in traffic,On Roadway,"Angle, oncoming left turn",FTYROW:  From stop sign,None Indicated,,Daylight,Dry,Clear,None apparent,Intersection:  Four-way intersection,Paved,,Property Damage Only,0,0,0,0,0,0,5000,2,2,,POINT (-92.325784478041 42.464640439149)
2014814244,,07/13/2014,07-July,1-Sunday,09:27,0900 Hours,District 5 (Southeast),,MUSCATINE,IA 22,IA 22/IOWA 22,Collision with:  Animal,On Roadway,Non-collision (single vehicle),Animal,None Indicated,,Daylight,Dry,Clear,None apparent,Non-intersection:  Non-junction/no special feature,Paved,,Minor Injury,0,1,0,1,0,0,1000,1,1,,POINT (-90.992837156483 41.44396840348)
2014807746,2014040835,07/13/2014,07-July,1-Sunday,02:33,0200 Hours,District 6 (East Central),,CEDAR,I-80,I-80 & Co Rd X40/GARFIELD AVE,Collision with fixed object:  Ditch,Outside trafficway,Non-collision (single vehicle),Ran off road - right,Alcohol (< Statutory),,Dark - roadway lighted,Dry,Cloudy,None apparent,Non-intersection:  Other non-intersection (explain in narrative),Paved,,Property Damage Only,0,0,0,0,0,0,2500,1,2,,POINT (-91.249572578388 41.664453303478)
2014808893,14-22571,07/13/2014,07-July,1-Sunday,21:33,2100 Hours,District 3 (Northwest),SIOUX CITY,WOODBURY,,EUCLID AVE & S ALICE ST,Collision with fixed object:  Utility pole/light support,On Roadway,Non-collision (single vehicle),Lost Control,None Indicated,,Dark - roadway lighted,Dry,Clear,None apparent,Non-intersection:  Non-junction/no special feature,Paved,,Property Damage Only,0,0,0,0,0,0,1600,1,1,,POINT (-96.36816900229 42.488120891388)
2014807950,201410051,07/13/2014,07-July,1-Sunday,12:19,1200 Hours,District 6 (East Central),CEDAR RAPIDS,LINN,I-380,I-380,Collision with fixed object:  Guardrail - face,On Roadway,Non-collision (single vehicle),"Operating vehicle in an reckless, erratic, careless, negligent manner",None Indicated,,Daylight,Dry,Cloudy,None apparent,Non-intersection:  Non-junction/no special feature,Paved,,Possible/Unknown,0,1,0,0,1,0,3800,1,1,,POINT (-91.666733976869 42.000567842738)
2014807547,S2014-006923,07/13/2014,07-July,1-Sunday,09:42,0900 Hours,District 3 (Northwest),,WOODBURY,,Co Rd K42/DALLAS AVE,Non-collision events:  Overturn/rollover,Roadside,Non-collision (single vehicle),Swerving/Evasive Action,None Indicated,,Daylight,"Mud, dirt",Cloudy,None apparent,Non-intersection:  Non-junction/no special feature,Unpaved,,Possible/Unknown,0,1,0,0,1,0,2500,1,1,,POINT (-96.233618900387 42.553870828918)
2014807420,20140019948,07/13/2014,07-July,1-Sunday,04:06,0400 Hours,District 1 (Central),DES MOINES,POLK,US 69,US 69/E 14TH ST & THOMPSON AVE,Collision with:  Vehicle in traffic,On Roadway,Broadside (front to side),FTYROW:  From stop sign,None Indicated,,Dark - roadway lighted,Dry,Clear,None apparent,Intersection:  Four-way intersection,Paved,,Minor Injury,0,5,0,4,1,0,15000,2,5,,POINT (-93.600498390144 41.613192479745)
2014807386,14-016871,07/13/2014,07-July,1-Sunday,00:27,0000 Hours,District 5 (Southeast),,MARION,,Co Rd G46/HWY G46,Collision with:  Animal,,,Animal,None Indicated,,,,,,,Paved,,Property Damage Only,0,0,0,0,0,0,5000,1,1,,POINT (-92.96308075751 41.339035618494)
2014807688,14-13240,07/13/2014,07-July,1-Sunday,04:09,0400 Hours,District 6 (East Central),BETTENDORF,SCOTT,,TECH DR & 18TH ST,Collision with fixed object:  Utility pole/light support,Shoulder,Non-collision (single vehicle),Ran off road - right,None Indicated,,Dark - roadway lighted,Dry,Cloudy,None apparent,Non-intersection:  Non-junction/no special feature,Paved,,Minor Injury,0,1,0,1,0,0,8000,1,2,,POINT (-90.499999760004 41.55262655478)
2014808477,2014041009,07/13/2014,07-July,1-Sunday,20:40,2000 Hours,District 5 (Southeast),,WARREN,,Co Rd R35/10TH AVE,Collision with:  Animal,On Roadway,Non-collision (single vehicle),Animal,None Indicated,,Dusk,Dry,Clear,None apparent,Non-intersection:  Non-junction/no special feature,Unpaved,,Minor Injury,0,1,0,1,0,0,200,1,1,,POINT (-93.790688428422 41.444127500037)
2014807495,14-029268,07/13/2014,07-July,1-Sunday,17:32,1700 Hours,District 4 (Southwest),COUNCIL BLUFFS,POTTAWATTAMIE,,CRESTMONT DR & FRANKLIN AVE,Non-collision events:  Other non-collision (explain in narrative),On Roadway,Non-collision (single vehicle),Lost Control,None Indicated,,Daylight,Dry,Clear,None apparent,Non-intersection:  Non-junction/no special feature,Paved,,Major Injury,0,2,1,1,0,0,100,1,2,,POINT (-95.818214152952 41.252470341183)