Iowa DOT Case Number,Law Enforcement Case Number,Date of Crash,Month of Crash,Day of Week,Time of Crash,Hour,DOT District,City Name,County Name,Route with System,Location Description,First Harmful Event,Location of First Harmful Event,Manner of Crash/Collision,Major Cause,Drug or Alcohol ,Environmental Conditions,Light Conditions,Surface Conditions,Weather Conditions,Roadway Contribution,Roadway Type,Roadway Surface,Work Zone,Crash Severity,Number of Fatalities,Number of Injuries,Number of Major Injuries,Number of Minor Injuries,Number of Possible Injuries,Number of Unknown Injuries,Amount of Property Damage,Number of Vehicles Involved,Total Number of Occupants,Travel Direction,Location
2014808146,14004093,07/14/2014,07-July,2-Monday,20:10,2000 Hours,District 3 (Northwest),SHELDON,OBRIEN,,PINE ST & N 9TH AVE,Collision with fixed object:  Other fixed object (explain in narrative),Outside trafficway,Non-collision (single vehicle),Driver Distraction:  Inattentive/lost in thought,None Indicated,,Daylight,Unknown,Cloudy,Unknown,Non-intersection:  Non-junction/no special feature,Paved,,Property Damage Only,0,0,0,0,0,0,7000,1,1,,POINT (-95.844761638406 43.189534936212)
2014809860,2014007152,07/14/2014,07-July,2-Monday,10:35,1000 Hours,District 1 (Central),MARSHALLTOWN,MARSHALL,IA 14,IA 14/N 3RD AVE & E STATE ST,Collision with:  Vehicle in traffic,On Roadway,"Angle, oncoming left turn",FTYROW:  Making left turn,None Indicated,,Daylight,Dry,Cloudy,None apparent,Intersection:  Four-way intersection,Paved,,Possible/Unknown,0,2,0,0,2,0,6000,2,3,,POINT (-92.908026675212 42.050389235843)
2014808412,2014-48633,07/14/2014,07-July,2-Monday,15:27,1500 Hours,District 6 (East Central),DAVENPORT,SCOTT,,W 36TH ST & N DIVISION ST,Collision with:  Vehicle in traffic,On Roadway,"Angle, oncoming left turn",FTYROW:  Making left turn,None Indicated,,Daylight,Dry,Clear,None apparent,Intersection:  Four-way intersection,Paved,,Property Damage Only,0,0,0,0,0,0,6000,2,3,,POINT (-90.600743233946 41.556368109141)
2014807631,W14-070588,07/14/2014,07-July,2-Monday,12:24,1200 Hours,District 2 (Northeast),WATERLOO,BLACK HAWK,US 63,US 63/SE RAMP CURV & US 218,Collision with:  Vehicle in traffic,On Roadway,Broadside (front to side),Traveling wrong way or on wrong side of road,None Indicated,,Daylight,Dry,Clear,None apparent,Intersection:  Four-way intersection,Paved,,Property Damage Only,0,0,0,0,0,0,3000,2,2,,POINT (-92.346886964997 42.496346171989)
2014807306,1407142811,07/14/2014,07-July,2-Monday,01:05,0100 Hours,District 6 (East Central),,CLINTON,,Co Rd E44/115 ST/460 AVE,Collision with fixed object:  Ditch,Roadside,Non-collision (single vehicle),Ran off road - left,None Indicated,,Dark - roadway not lighted,"Mud, dirt",Clear,None apparent,Non-intersection:  Non-junction/no special feature,Paved,,Property Damage Only,0,0,0,0,0,0,10000,1,1,,POINT (-90.199040214184 42.002377776732)
2014807846,S14-002640,07/14/2014,07-July,2-Monday,10:45,1000 Hours,District 4 (Southwest),TREYNOR,POTTAWATTAMIE,,Co Rd G36/JUNIPER RD,Collision with:  Vehicle in traffic,On Roadway,"Sideswipe, same direction",Unknown,None Indicated,,Daylight,Dry,Clear,Work Zone (roadway-related),Non-intersection:  Other non-intersection (explain in narrative),Paved,Yes,Property Damage Only,0,0,0,0,0,0,2500,2,2,,POINT (-95.788252774435 41.347299004669)
2014809914,2014007178,07/14/2014,07-July,2-Monday,20:46,2000 Hours,District 1 (Central),MARSHALLTOWN,MARSHALL,,GLENDA DR & S 2ND AVE,Collision with:  Vehicle in traffic,On Roadway,"Angle, oncoming left turn",Other (explain in narrative):  Other,None Indicated,,Dusk,Dry,Clear,None apparent,Intersection:  Four-way intersection,Paved,,Property Damage Only,0,0,0,0,0,0,5500,2,3,,POINT (-92.906978345004 42.01519053956)
2014807441,20140020043,07/14/2014,07-July,2-Monday,07:03,0700 Hours,District 1 (Central),DES MOINES,POLK,,CROCKER ST,Collision with:  Vehicle in traffic,On Roadway,"Angle, oncoming left turn",Unknown,None Indicated,,Daylight,Dry,Clear,None apparent,Intersection:  Intersection with ramp,Paved,,Property Damage Only,0,0,0,0,0,0,4000,2,2,,POINT (-93.659745999418 41.593619299544)
2014811245,2014041028,07/14/2014,07-July,2-Monday,04:40,0400 Hours,District 1 (Central),DES MOINES,POLK,,E GRAND AVE,Collision with:  Vehicle in traffic,On Roadway,"Sideswipe, same direction",Made improper turn,None Indicated,,Dark - roadway lighted,Dry,Clear,None apparent,Non-intersection:  Driveway access (within),Paved,,Property Damage Only,0,0,0,0,0,0,4000,2,2,,POINT (-93.594442213749 41.594119614823)
2014807713,14-22709,07/14/2014,07-July,2-Monday,21:49,2100 Hours,District 3 (Northwest),SIOUX CITY,WOODBURY,,MORNINGSIDE AVE & S PATTERSON ST,Collision with:  Non-motorist (see non-motorist section - NOT a unit),On Roadway,Non-collision (single vehicle),Other (explain in narrative):  No improper action,None Indicated,,Dark - roadway not lighted,Dry,Clear,None apparent,Intersection:  Four-way intersection,Paved,,Possible/Unknown,0,1,0,0,1,0,300,1,1,,POINT (-96.353633223079 42.470655610815)
2014807640,14-005755,07/14/2014,07-July,2-Monday,07:55,0700 Hours,District 6 (East Central),,DELAWARE,IA 3,IA 3/IOWA 3 & EAGLE AVE,Collision with:  Vehicle in traffic,On Roadway,Rear-end (front to rear),FTYROW:  Other (explain in narrative),None Indicated,,Daylight,Dry,Clear,None apparent,Intersection:  Four-way intersection,Paved,,Possible/Unknown,0,1,0,0,1,0,8000,2,2,,POINT (-91.438103566384 42.644213676728)
2014807951,201410104,07/14/2014,07-July,2-Monday,12:50,1200 Hours,District 6 (East Central),CEDAR RAPIDS,LINN,IA 100,IA 100/COLLINS RD NE,Collision with:  Vehicle in traffic,On Roadway,"Sideswipe, same direction",Swerving/Evasive Action,None Indicated,,Daylight,Dry,Clear,None apparent,Non-intersection:  Non-junction/no special feature,Paved,,Property Damage Only,0,0,0,0,0,0,5000,2,2,,POINT (-91.641575171479 42.028165579896)
2014807773,W14-070687,07/14/2014,07-July,2-Monday,17:35,1700 Hours,District 2 (Northeast),WATERLOO,BLACK HAWK,,W AIRLINE HWY,Collision with:  Animal,On Roadway,Non-collision (single vehicle),Animal,None Indicated,,Daylight,Dry,Clear,None apparent,Non-intersection:  Other non-intersection (explain in narrative),Paved,,Property Damage Only,0,0,0,0,0,0,2000,1,3,,POINT (-92.347225804335 42.542142583432)
2014807675,20140020114,07/14/2014,07-July,2-Monday,16:53,1600 Hours,District 1 (Central),DES MOINES,POLK,,E SHAWNEE AVE & 1ST ST,Collision with:  Vehicle in traffic,On Roadway,Broadside (front to side),FTYROW:  From driveway,None Indicated,,Daylight,Dry,Clear,None apparent,Non-intersection:  Driveway access (within),Paved,,Property Damage Only,0,0,0,0,0,0,2500,2,2,,POINT (-93.618769703578 41.634947046513)
2014810197,14-24422,07/14/2014,07-July,2-Monday,16:42,1600 Hours,District 5 (Southeast),BURLINGTON,DES MOINES,,AGENCY ST & COLUMBUS DR,Collision with:  Vehicle in traffic,On Roadway,"Angle, oncoming left turn",FTYROW:  Making left turn,None Indicated,,Daylight,Dry,Clear,None apparent,Intersection:  Four-way intersection,Paved,,Property Damage Only,0,0,0,0,0,0,4500,2,3,,POINT (-91.137548054078 40.814697211978)
2014810070,14-13119,07/14/2014,07-July,2-Monday,00:14,0000 Hours,District 2 (Northeast),,BREMER,,Co Rd C33/190TH ST,Collision with:  Animal,,,Animal,None Indicated,,,,,,,Paved,,Property Damage Only,0,0,0,0,0,0,5000,1,1,,POINT (-92.459005416547 42.773853458373)
2014808330,14-004082,07/14/2014,07-July,2-Monday,14:10,1400 Hours,District 3 (Northwest),,OBRIEN,,Co Rd B46/420TH ST,Non-collision events:  Overturn/rollover,Roadside,Non-collision (single vehicle),Swerving/Evasive Action,None Indicated,,Daylight,Dry,Clear,"Surface condition (e.g., wet, icy)",Non-intersection:  Non-junction/no special feature,Unpaved,,Minor Injury,0,2,0,2,0,0,5400,1,2,,POINT (-95.631259248791 43.041062495894)
2014807654,514-5357,07/14/2014,07-July,2-Monday,13:36,1300 Hours,District 3 (Northwest),HOLSTEIN,IDA,US 59,US 59 & Co Rd D15/140TH ST,Collision with:  Vehicle in traffic,On Roadway,Broadside (front to side),FTYROW:  From stop sign,None Indicated,,Daylight,Dry,Clear,None apparent,Intersection:  Four-way intersection,Paved,,Possible/Unknown,0,1,0,0,1,0,4500,2,2,,POINT (-95.544848604672 42.503741674893)
2014807813,C14002166,07/14/2014,07-July,2-Monday,17:15,1700 Hours,District 6 (East Central),CORALVILLE,JOHNSON,US 6,US 6/2ND ST,Collision with:  Vehicle in traffic,On Roadway,Rear-end (front to rear),Followed too close,None Indicated,,Daylight,Dry,Cloudy,None apparent,Non-intersection:  Non-junction/no special feature,Paved,,Property Damage Only,0,0,0,0,0,0,4600,3,3,,POINT (-91.560324398473 41.666785330319)
2014807809,14-R90714-01,07/14/2014,07-July,2-Monday,16:30,1600 Hours,District 6 (East Central),,IOWA,US 151,US 151/42ND AVE,Collision with:  Animal,,Non-collision (single vehicle),Animal,None Indicated,,,,,,,Paved,,Property Damage Only,0,0,0,0,0,0,3000,1,1,,POINT (-91.864875529308 41.78145027876)
2014809885,14-24427,07/14/2014,07-July,2-Monday,17:28,1700 Hours,District 5 (Southeast),BURLINGTON,DES MOINES,US 34,US 34/SW LOOP,Collision with:  Vehicle in traffic,On Roadway,Rear-end (front to rear),Followed too close,None Indicated,,Daylight,Dry,Cloudy,None apparent,Interchange-related:  On-ramp merge area,Paved,,Property Damage Only,0,0,0,0,0,0,6000,3,6,,POINT (-91.142163405454 40.817555065269)
2014807644,144991,07/14/2014,07-July,2-Monday,22:05,2200 Hours,District 4 (Southwest),,DALLAS,US 169,US 169/N AVE,Collision with:  Animal,,Non-collision (single vehicle),Animal,None Indicated,,,,,,,Paved,,Property Damage Only,0,0,0,0,0,0,1500,1,1,,POINT (-94.025449681157 41.712525088772)
2014807712,14-22687,07/14/2014,07-July,2-Monday,18:58,1800 Hours,District 3 (Northwest),SIOUX CITY,WOODBURY,IA 12,IA 12/NE LOOP & IA 376/LEWIS BLVD,Non-collision events:  Other non-collision (explain in narrative),On Roadway,Non-collision (single vehicle),Ran off road - left,None Indicated,,Daylight,"Mud, dirt",Clear,None apparent,Interchange-related:  On-ramp merge area,Paved,,Major Injury,0,1,1,0,0,0,2000,1,1,,POINT (-96.379999265733 42.490689676911)
2014807900,2014041044,07/14/2014,07-July,2-Monday,07:30,0700 Hours,District 6 (East Central),IOWA CITY,JOHNSON,I-80,I-80,Collision with fixed object:  Guardrail - face,On Roadway,Non-collision (single vehicle),Ran off road - right,None Indicated,,Daylight,Dry,Clear,None apparent,Non-intersection:  Non-junction/no special feature,Paved,,Possible/Unknown,0,1,0,0,1,0,7000,1,1,,POINT (-91.527686872137 41.687402745094)
2014807802,01-14-31000,07/14/2014,07-July,2-Monday,15:10,1500 Hours,District 6 (East Central),DUBUQUE,DUBUQUE,,E 13TH ST & ELM ST,Collision with:  Vehicle in traffic,On Roadway,"Angle, oncoming left turn",FTYROW:  Making left turn,None Indicated,,Daylight,Dry,Cloudy,None apparent,Intersection:  Four-way intersection,Paved,,Property Damage Only,0,0,0,0,0,0,6500,2,2,,POINT (-90.663346118246 42.506710376543)
2014807752,2014041024,07/14/2014,07-July,2-Monday,02:00,0200 Hours,District 4 (Southwest),WAUKEE,DALLAS,I-80,I-80,Collision with:  Animal,,,Animal,None Indicated,,,,,,,Paved,,Property Damage Only,0,0,0,0,0,0,7000,1,1,,POINT (-93.864722249712 41.565211655101)
2014813166,2014041187,07/14/2014,07-July,2-Monday,10:50,1000 Hours,District 1 (Central),,STORY,I-35,I-35,Non-collision events:  Other non-collision (explain in narrative),On Roadway,Unknown,Swerving/Evasive Action,None Indicated,,Daylight,Dry,Clear,None apparent,Non-intersection:  Non-junction/no special feature,Paved,,Property Damage Only,0,0,0,0,0,0,5000,2,3,,POINT (-93.571007503696 41.996713452511)
2014807658,2014007588,07/14/2014,07-July,2-Monday,17:50,1700 Hours,District 6 (East Central),IOWA CITY,JOHNSON,,S CAPITOL ST,Non-collision events:  Other non-collision (explain in narrative),On Roadway,Non-collision (single vehicle),Over correcting/over steering,None Indicated,,Daylight,Dry,Cloudy,None apparent,Non-intersection:  Non-junction/no special feature,Paved,,Property Damage Only,0,0,0,0,0,0,5000,1,2,,POINT (-91.536164345428 41.659022435985)
2014808124,01-14-31033,07/14/2014,07-July,2-Monday,18:40,1800 Hours,District 6 (East Central),DUBUQUE,DUBUQUE,US 52,US 52/E 11TH ST/WHITE ST,Collision with:  Vehicle in traffic,On Roadway,Broadside (front to side),FTYROW:  Other (explain in narrative),None Indicated,,Daylight,Dry,Clear,None apparent,Intersection:  Four-way intersection,Paved,,Property Damage Only,0,0,0,0,0,0,8000,2,2,,POINT (-90.665411780655 42.504186011227)
2014807736,2014041283,07/14/2014,07-July,2-Monday,20:20,2000 Hours,District 2 (Northeast),EVANSDALE,BLACK HAWK,I-380,I-380,Collision with fixed object:  Tree,Gore,Non-collision (single vehicle),Exceeded authorized speed,None Indicated,,Dusk,Dry,Clear,None apparent,Interchange-related:  Off-ramp,Paved,,Property Damage Only,0,0,0,0,0,0,5000,1,1,,POINT (-92.253932045771 42.458701670085)
2014807429,20140020042,07/14/2014,07-July,2-Monday,06:35,0600 Hours,District 1 (Central),DES MOINES,POLK,,DAY ST & 6TH AVE,Collision with:  Vehicle in traffic,On Roadway,Broadside (front to side),Ran Traffic Signal,None Indicated,,Daylight,Dry,Clear,None apparent,Intersection:  Four-way intersection,Paved,,Possible/Unknown,0,1,0,0,1,0,6000,2,3,,POINT (-93.625682968357 41.596205649639)
2014807711,14-22677,07/14/2014,07-July,2-Monday,17:46,1700 Hours,District 3 (Northwest),SIOUX CITY,WOODBURY,US 20,US 20/RAMP & SUNNYBROOK DR,Collision with:  Vehicle in traffic,On Roadway,Head-on (front to front),FTYROW:  Making left turn,None Indicated,,Daylight,Dry,Clear,None apparent,Intersection:  Intersection with ramp,Paved,,Property Damage Only,0,0,0,0,0,0,4000,2,4,,POINT (-96.335056802631 42.454107575988)
2014807673,20140020097,07/14/2014,07-July,2-Monday,16:10,1600 Hours,District 1 (Central),DES MOINES,POLK,US 6,US 6/E EUCLID AVE & E 32ND ST,Collision with:  Vehicle in traffic,On Roadway,"Sideswipe, same direction",Unknown,None Indicated,,Daylight,Dry,Clear,None apparent,Intersection:  Other intersection (explain in narrative),Paved,,Possible/Unknown,0,1,0,0,1,0,2000,2,2,,POINT (-93.555422468226 41.627704540145)
2014807820,14-003086,07/14/2014,07-July,2-Monday,02:30,0200 Hours,District 3 (Northwest),LESTER,LYON,IA 9,IA 9/IOWA 9,Collision with:  Animal,,Non-collision (single vehicle),Animal,None Indicated,,,,,,,Paved,,Property Damage Only,0,0,0,0,0,0,3000,1,1,,POINT (-96.339681536326 43.433056842024)
2014819376,1407-049,07/14/2014,07-July,2-Monday,07:20,0700 Hours,District 3 (Northwest),OCHEYEDAN,OSCEOLA,,3RD ST & PINE ST,Collision with:  Parked motor vehicle,On Roadway,Broadside (front to side),FTYROW:  Other (explain in narrative),None Indicated,,Daylight,Dry,Clear,None apparent,Non-intersection:  Non-junction/no special feature,Paved,,Property Damage Only,0,0,0,0,0,0,2400,2,1,,POINT (-95.537652820162 43.415068009004)
2014807803,01-14-31005,07/14/2014,07-July,2-Monday,15:30,1500 Hours,District 6 (East Central),DUBUQUE,DUBUQUE,,E 15TH ST & JACKSON ST,Collision with:  Vehicle in traffic,On Roadway,Broadside (front to side),FTYROW:  From stop sign,None Indicated,,Daylight,Dry,Cloudy,None apparent,Intersection:  Four-way intersection,Paved,,Property Damage Only,0,0,0,0,0,0,1650,2,3,,POINT (-90.6662162471 42.507750457799)
2014809983,145130PD,07/14/2014,07-July,2-Monday,15:44,1500 Hours,District 1 (Central),BOONE,BOONE,,W 6TH ST & WEBSTER ST,Collision with:  Vehicle in traffic,On Roadway,Broadside (front to side),FTYROW:  At uncontrolled intersection,None Indicated,,Daylight,Dry,Clear,None apparent,Intersection:  Four-way intersection,Paved,,Property Damage Only,0,0,0,0,0,0,4500,2,2,,POINT (-93.909408214291 42.062170171379)
2014807637,14004339,07/14/2014,07-July,2-Monday,05:15,0500 Hours,District 2 (Northeast),CLEAR LAKE,CERRO GORDO,IA 122,IA 122/IOWA 122 & JONQUIL AVE,Collision with:  Animal,On Roadway,Non-collision (single vehicle),Animal,None Indicated,,Dawn,Dry,Clear,None apparent,Non-intersection:  Non-junction/no special feature,Paved,,Property Damage Only,0,0,0,0,0,0,5000,1,1,,POINT (-93.320123219812 43.148028020996)
2014807840,14-1553,07/14/2014,07-July,2-Monday,16:00,1600 Hours,District 1 (Central),URBANDALE,POLK,I-35,I-35,Collision with:  Vehicle in traffic,On Roadway,Rear-end (front to rear),Followed too close,None Indicated,,Daylight,Dry,Clear,None apparent,Non-intersection:  Non-junction/no special feature,Paved,,Property Damage Only,0,0,0,0,0,0,2000,2,3,,POINT (-93.70585005425 41.652459603616)
2014807832,20140020059,07/14/2014,07-July,2-Monday,11:38,1100 Hours,District 1 (Central),DES MOINES,POLK,,KINGMAN BLVD & 31ST ST,Collision with:  Non-motorist (see non-motorist section - NOT a unit),On Roadway,Non-collision (single vehicle),FTYROW:  To pedestrian,None Indicated,,Daylight,Dry,Clear,None apparent,Intersection:  Four-way intersection,Paved,,Major Injury,0,1,1,0,0,0,3000,1,1,,POINT (-93.659343499463 41.596512930869)
2014807460,14-3331,07/14/2014,07-July,2-Monday,10:50,1000 Hours,District 4 (Southwest),WEST DES MOINES,DALLAS,,UNIVERSITY AVE,Collision with:  Vehicle in traffic,On Roadway,Rear-end (front to rear),Other (explain in narrative):  No improper action,None Indicated,,Daylight,Dry,Clear,None apparent,Non-intersection:  Non-junction/no special feature,Paved,,Property Damage Only,0,0,0,0,0,0,6500,2,3,,POINT (-93.800057596391 41.600447656359)
2014807638,10406-14,07/14/2014,07-July,2-Monday,12:08,1200 Hours,District 3 (Northwest),SPENCER,CLAY,US 18,US 18/N GRAND AVE & W 3RD ST & E 3RD ST,Collision with:  Vehicle in traffic,On Roadway,"Sideswipe, same direction",FTYROW:  Other (explain in narrative),None Indicated,,Daylight,Dry,Clear,None apparent,Non-intersection:  Non-junction/no special feature,Paved,,Property Damage Only,0,0,0,0,0,0,5000,2,5,,POINT (-95.144648743151 43.140384369594)
2014808635,,07/14/2014,07-July,2-Monday,12:00,1200 Hours,District 6 (East Central),CEDAR RAPIDS,LINN,I-380,I-380,Collision with:  Vehicle in traffic,On Roadway,Rear-end (front to rear),Unknown,None Indicated,,Daylight,Dry,Clear,,Non-intersection:  Non-junction/no special feature,Paved,,Property Damage Only,0,0,0,0,0,0,4000,2,3,,POINT (-91.667874596576 42.02171008252)
2014807680,14-3337,07/14/2014,07-July,2-Monday,17:31,1700 Hours,District 4 (Southwest),WEST DES MOINES,DALLAS,,JORDAN CREEK PKWY,Collision with:  Vehicle in traffic,On Roadway,Rear-end (front to rear),Followed too close,None Indicated,,Daylight,Dry,Cloudy,None apparent,Non-intersection:  Non-junction/no special feature,Paved,,Property Damage Only,0,0,0,0,0,0,6400,3,4,,POINT (-93.80897372923 41.595665492554)
2014807838,14-1545,07/14/2014,07-July,2-Monday,09:41,0900 Hours,District 4 (Southwest),URBANDALE,DALLAS,,,Collision with:  Parked motor vehicle,On Roadway,Rear-end (front to rear),Driver Distraction:  Manual operation of an electronic communication device,None Indicated,,Daylight,Dry,Clear,None apparent,Non-intersection:  Non-junction/no special feature,,,Property Damage Only,0,0,0,0,0,0,2000,2,1,,POINT (-96.643700149993 40.233091251414)
2014807753,2014041291,07/14/2014,07-July,2-Monday,21:15,2100 Hours,District 5 (Southeast),,WASHINGTON,IA 1,IA 1,Collision with:  Animal,,Non-collision (single vehicle),Animal,None Indicated,,,,,,,Paved,,Property Damage Only,0,0,0,0,0,0,5000,1,1,,POINT (-91.715098050169 41.424545593583)
2014807910,2014041221,07/14/2014,07-July,2-Monday,14:44,1400 Hours,District 2 (Northeast),NEW HAMPTON,CHICKASAW,,W PROSPECT ST & N WALNUT AVE,Collision with:  Vehicle in traffic,On Roadway,Broadside (front to side),FTYROW:  From stop sign,None Indicated,,Daylight,Dry,Cloudy,None apparent,Intersection:  Four-way intersection,Paved,,Minor Injury,0,3,0,3,0,0,11000,2,3,,POINT (-92.31659366161 43.060204121612)
2014807280,W14-070573,07/14/2014,07-July,2-Monday,11:05,1100 Hours,District 2 (Northeast),WATERLOO,BLACK HAWK,,W SAN MARNAN DR & E SAN MARNAN DR & KIMBALL AVE,Collision with:  Vehicle in traffic,On Roadway,Rear-end (front to rear),Followed too close,None Indicated,,Daylight,Dry,Cloudy,None apparent,Non-intersection:  Non-junction/no special feature,Paved,,Property Damage Only,0,0,0,0,0,0,3187,2,2,,POINT (-92.356655248923 42.457541114915)
2014808110,14070672,07/14/2014,07-July,2-Monday,16:58,1600 Hours,District 2 (Northeast),CEDAR FALLS,BLACK HAWK,,2ND ST & OLIVE ST,Collision with:  Vehicle in traffic,On Roadway,Broadside (front to side),FTYROW:  From yield sign,None Indicated,,Daylight,Dry,Clear,None apparent,Intersection:  Four-way intersection,Paved,,Property Damage Only,0,0,0,0,0,0,8000,2,2,,POINT (-92.454674429883 42.536895566242)
2014807633,W14-070693,07/14/2014,07-July,2-Monday,17:53,1700 Hours,District 2 (Northeast),WATERLOO,BLACK HAWK,US 218,US 218/SPECIAL CASE/NW RAMP & ANSBOROUGH AVE,Collision with:  Non-motorist (see non-motorist section - NOT a unit),On Roadway,Non-collision (single vehicle),Other (explain in narrative):  No improper action,None Indicated,,Daylight,Dry,Cloudy,None apparent,Intersection:  Four-way intersection,Paved,,Minor Injury,0,1,0,1,0,0,2000,1,1,,POINT (-92.375710121478 42.508043270752)
2014809263,14-060,07/14/2014,07-July,2-Monday,17:32,1700 Hours,District 3 (Northwest),SIOUX CENTER,SIOUX,US 75,US 75/MAIN AVE & 20TH ST SW & 20TH ST SE,Collision with:  Vehicle in traffic,On Roadway,Broadside (front to side),FTYROW:  From stop sign,None Indicated,,Daylight,Dry,Clear,None apparent,Intersection:  Four-way intersection,Paved,,Possible/Unknown,0,1,0,0,1,0,12500,2,3,,POINT (-96.175289175343 43.055189577112)
2014810759,BP14000559,07/14/2014,07-July,2-Monday,16:45,1600 Hours,District 2 (Northeast),BELMOND,WRIGHT,,4TH ST NE,Collision with:  Vehicle in traffic,On Roadway,Rear-end (front to rear),Improper Backing,None Indicated,,Daylight,Dry,Clear,None apparent,Non-intersection:  Driveway access (within),Paved,,Property Damage Only,0,0,0,0,0,0,1600,2,1,,POINT (-93.608407155368 42.849745429241)
2014807772,W14-070722,07/14/2014,07-July,2-Monday,19:27,1900 Hours,District 2 (Northeast),WATERLOO,BLACK HAWK,,COLUMBIA ST,Collision with:  Non-motorist (see non-motorist section - NOT a unit),On Roadway,Non-collision (single vehicle),Unknown,None Indicated,,Daylight,Dry,Clear,None apparent,Intersection:  Four-way intersection,Paved,,Possible/Unknown,0,1,0,0,1,0,200,1,1,,POINT (-92.342711699851 42.518521637437)
2014807642,CL14002412,07/14/2014,07-July,2-Monday,12:38,1200 Hours,District 6 (East Central),CLINTON,CLINTON,IA 136,IA 136/MAIN AVE & 16TH ST NW,Collision with:  Vehicle in traffic,On Roadway,Broadside (front to side),FTYROW:  From stop sign,None Indicated,,Daylight,Dry,Cloudy,None apparent,Intersection:  Four-way intersection,Paved,,Possible/Unknown,0,3,0,0,3,0,12000,2,6,,POINT (-90.223605153334 41.87384340582)
2014813473,,07/14/2014,07-July,2-Monday,12:30,1200 Hours,District 2 (Northeast),,CHICKASAW,IA 346,IA 346/270TH & Co Rd V21/HICKORY AVE,Collision with:  Vehicle in traffic,On Roadway,Broadside (front to side),FTYROW:  From stop sign,None Indicated,,Daylight,Dry,Clear,None apparent,Intersection:  Four-way intersection,Paved,,Minor Injury,0,2,0,1,1,0,3000,2,2,,POINT (-92.397622839594 42.965872337376)
2014807847,S14-002644,07/14/2014,07-July,2-Monday,15:43,1500 Hours,District 4 (Southwest),AVOCA,POTTAWATTAMIE,US 59,US 59 & YORK RD,Collision with:  Vehicle in traffic,On Roadway,Broadside (front to side),FTYROW:  From stop sign,None Indicated,,Daylight,Dry,Clear,Other (explain in narrative),Intersection:  T-intersection,Paved,,Minor Injury,0,2,0,2,0,0,18500,2,2,,POINT (-95.33667619093 41.502051490085)
2014807666,14-003015,07/14/2014,07-July,2-Monday,13:30,1300 Hours,District 1 (Central),ANKENY,POLK,US 69,US 69/S ANKENY BLVD & SW SOUTHLAWN DR & SE EAST LAWN DR,Collision with:  Vehicle in traffic,Shoulder,"Sideswipe, same direction",FTYROW:  From stop sign,None Indicated,,Daylight,Dry,Clear,None apparent,Intersection:  T-intersection,Paved,,Property Damage Only,0,0,0,0,0,0,1500,2,2,,POINT (-93.600408832759 41.725070509367)
2014807397,14-029443,07/14/2014,07-July,2-Monday,13:35,1300 Hours,District 5 (Southeast),MUSCATINE,MUSCATINE,IA 22,IA 22/PARK AVE & CLAY ST & COLORADO ST,Collision with:  Vehicle in traffic,On Roadway,Broadside (front to side),Unknown,None Indicated,,Daylight,Dry,Clear,Work Zone (roadway-related),Intersection:  Four-way intersection,Paved,Yes,Possible/Unknown,0,1,0,0,1,0,14000,2,4,,POINT (-91.030549151482 41.442188586479)
2014808486,,07/14/2014,07-July,2-Monday,10:48,1000 Hours,District 5 (Southeast),,LUCAS,,Co Rd H20/530TH ST,,On Roadway,Non-collision (single vehicle),Ran off road - right,None Indicated,,Daylight,"Mud, dirt",Clear,"Surface condition (e.g., wet, icy)",Non-intersection:  Non-junction/no special feature,Unpaved,,Property Damage Only,0,0,0,0,0,0,1500,1,2,,POINT (-93.245483784114 41.088279248929)
2014810198,14-24428,07/14/2014,07-July,2-Monday,17:28,1700 Hours,District 5 (Southeast),BURLINGTON,DES MOINES,,ELM ST & 5TH ST,Collision with:  Non-motorist (see non-motorist section - NOT a unit),On Roadway,Non-collision (single vehicle),Other (explain in narrative):  No improper action,None Indicated,,Daylight,Dry,Clear,None apparent,Non-intersection:  Non-junction/no special feature,Paved,,Possible/Unknown,0,1,0,0,1,0,0,1,1,,POINT (-91.105942092423 40.805841286194)
2014807853,14-029551,07/14/2014,07-July,2-Monday,12:00,1200 Hours,District 4 (Southwest),COUNCIL BLUFFS,POTTAWATTAMIE,I-29,I-29,Collision with fixed object:  Guardrail - face,On Roadway,Non-collision (single vehicle),Swerving/Evasive Action,None Indicated,,Daylight,Dry,Clear,None apparent,Non-intersection:  Non-junction/no special feature,Paved,,Property Damage Only,0,0,0,0,0,0,2000,1,1,,POINT (-95.856400251584 41.232137850077)
2014810041,CL14002409,07/14/2014,07-July,2-Monday,04:43,0400 Hours,District 6 (East Central),CLINTON,CLINTON,,N 4TH ST,Collision with:  Parked motor vehicle,On Roadway,Rear-end (front to rear),Exceeded authorized speed,None Indicated,,Dark - unknown roadway lighting,Dry,Cloudy,None apparent,Non-intersection:  Non-junction/no special feature,Paved,,Possible/Unknown,0,1,0,0,1,0,14000,3,777,,POINT (-90.193314724623 41.846827967321)
2014807685,14-029405,07/14/2014,07-July,2-Monday,14:03,1400 Hours,District 4 (Southwest),COUNCIL BLUFFS,POTTAWATTAMIE,,2ND AVE & S 32ND ST,Collision with:  Vehicle in traffic,On Roadway,Broadside (front to side),FTYROW:  From stop sign,None Indicated,,Daylight,Dry,Cloudy,None apparent,Intersection:  Four-way intersection,Paved,,Possible/Unknown,0,1,0,0,1,0,5000,2,2,,POINT (-95.895813049524 41.259837781212)
2014814246,,07/14/2014,07-July,2-Monday,16:08,1600 Hours,District 5 (Southeast),,MUSCATINE,US 61,US 61,Collision with fixed object:  Tree,On Roadway,Non-collision (single vehicle),Over correcting/over steering,None Indicated,,Daylight,Dry,Clear,None apparent,Non-intersection:  Non-junction/no special feature,Paved,,Property Damage Only,0,0,0,0,0,0,2000,1,1,,POINT (-91.200546052924 41.335088045863)