Iowa DOT Case Number,Law Enforcement Case Number,Date of Crash,Month of Crash,Day of Week,Time of Crash,Hour,DOT District,City Name,County Name,Route with System,Location Description,First Harmful Event,Location of First Harmful Event,Manner of Crash/Collision,Major Cause,Drug or Alcohol ,Environmental Conditions,Light Conditions,Surface Conditions,Weather Conditions,Roadway Contribution,Roadway Type,Roadway Surface,Work Zone,Crash Severity,Number of Fatalities,Number of Injuries,Number of Major Injuries,Number of Minor Injuries,Number of Possible Injuries,Number of Unknown Injuries,Amount of Property Damage,Number of Vehicles Involved,Total Number of Occupants,Travel Direction,Location
2014808301,201410103,07/14/2014,07-July,2-Monday,12:00,1200 Hours,District 6 (East Central),CEDAR RAPIDS,LINN,,1ST ST NE,Collision with:  Vehicle in traffic,On Roadway,Broadside (front to side),Unknown,None Indicated,,Daylight,Dry,Clear,None apparent,Intersection:  Intersection with ramp,Paved,,Property Damage Only,0,0,0,0,0,0,10000,2,4,,POINT (-91.671102551424 41.979210235553)
2014810123,14-24379,07/14/2014,07-July,2-Monday,10:47,1000 Hours,District 5 (Southeast),BURLINGTON,DES MOINES,,OAK ST & MARK LN,Collision with:  Vehicle in traffic,On Roadway,"Sideswipe, same direction",Lost Control,None Indicated,,Daylight,Dry,Cloudy,None apparent,Non-intersection:  Non-junction/no special feature,Paved,,Property Damage Only,0,0,0,0,0,0,3000,2,1,,POINT (-91.112104817635 40.823462507385)
2014811400,14-029464,07/14/2014,07-July,2-Monday,13:30,1300 Hours,District 5 (Southeast),MUSCATINE,MUSCATINE,,E 2ND ST & SYCAMORE ST,Collision with:  Vehicle in traffic,On Roadway,Rear-end (front to rear),Ran Stop Sign,None Indicated,,Daylight,Dry,Clear,None apparent,Intersection:  Other intersection (explain in narrative),Paved,,Possible/Unknown,0,1,0,0,1,0,200,2,2,,POINT (-91.044600421604 41.421901641226)
2014807385,14-016959,07/14/2014,07-July,2-Monday,07:55,0700 Hours,District 5 (Southeast),,MARION,IA 14,IA 14/IOWA 14,Collision with:  Animal,On Roadway,Non-collision (single vehicle),Animal,None Indicated,,Daylight,Dry,Cloudy,None apparent,Non-intersection:  Non-junction/no special feature,Paved,,Property Damage Only,0,0,0,0,0,0,4000,1,1,,POINT (-93.111362988006 41.406644137482)
2014807686,14-029434,07/14/2014,07-July,2-Monday,17:28,1700 Hours,District 4 (Southwest),COUNCIL BLUFFS,POTTAWATTAMIE,,AVE F,Collision with:  Parked motor vehicle,On Roadway,"Sideswipe, same direction",Lost Control,None Indicated,,Daylight,Dry,Clear,None apparent,Non-intersection:  Non-junction/no special feature,Paved,,Property Damage Only,0,0,0,0,0,0,4000,2,1,,POINT (-95.872762376397 41.267107421286)
2014807769,,07/14/2014,07-July,2-Monday,10:00,1000 Hours,District 2 (Northeast),,WINNESHIEK,,Co Rd A26/BIG CANOE RD,Collision with:  Animal,On Roadway,Non-collision (single vehicle),Animal,None Indicated,,Daylight,Dry,Clear,,Non-intersection:  Non-junction/no special feature,Paved,,Property Damage Only,0,0,0,0,0,0,2938,1,1,,POINT (-91.704768939882 43.421589614218)
2014808151,14-0840,07/14/2014,07-July,2-Monday,13:12,1300 Hours,District 1 (Central),CLIVE,POLK,,UNIVERSITY AVE,Collision with:  Vehicle in traffic,On Roadway,Broadside (front to side),FTYROW:  Other (explain in narrative),None Indicated,,Daylight,Dry,Cloudy,None apparent,Non-intersection:  Non-junction/no special feature,Paved,,Possible/Unknown,0,1,0,0,1,0,18000,2,2,,POINT (-93.737202397561 41.60043555421)
2014810064,14-7407,07/14/2014,07-July,2-Monday,23:57,2300 Hours,District 3 (Northwest),,SAC,,Co Rd D36/255TH ST,Collision with:  Animal,On Roadway,Non-collision (single vehicle),Animal,None Indicated,,Dark - roadway not lighted,Wet,Clear,None apparent,Non-intersection:  Non-junction/no special feature,Paved,,Property Damage Only,0,0,0,0,0,0,1800,1,1,,POINT (-94.952192273603 42.421277384722)
2014807710,14-22662,07/14/2014,07-July,2-Monday,16:14,1600 Hours,District 3 (Northwest),SIOUX CITY,WOODBURY,,W 20TH ST & ROSS ST,Collision with:  Non-motorist (see non-motorist section - NOT a unit),On Roadway,Non-collision (single vehicle),Other (explain in narrative):  No improper action,None Indicated,,Daylight,Dry,Clear,None apparent,Intersection:  Four-way intersection,Paved,,Minor Injury,0,1,0,1,0,0,2500,1,1,,POINT (-96.428552018144 42.511513853416)
2014807782,071414-107,07/14/2014,07-July,2-Monday,14:50,1400 Hours,District 3 (Northwest),STORM LAKE,BUENA VISTA,IA 7,IA 7/W MILWAUKEE AVE & LAKE AVE,Collision with:  Vehicle in traffic,On Roadway,Rear-end (front to rear),Followed too close,None Indicated,,Daylight,Dry,Clear,None apparent,Intersection:  Four-way intersection,Paved,,Property Damage Only,0,0,0,0,0,0,2000,2,2,,POINT (-95.200819679058 42.647477236418)
2014807839,14-1552,07/14/2014,07-July,2-Monday,17:19,1700 Hours,District 1 (Central),URBANDALE,POLK,I-35,I-35,Collision with:  Vehicle in traffic,On Roadway,Rear-end (front to rear),Other (explain in narrative):  Other,None Indicated,,Daylight,Dry,Cloudy,None apparent,Non-intersection:  Non-junction/no special feature,Paved,,Property Damage Only,0,0,0,0,0,0,4500,2,2,,POINT (-93.705754181686 41.652478205754)
2014807801,01-14-30947,07/14/2014,07-July,2-Monday,08:25,0800 Hours,District 6 (East Central),DUBUQUE,DUBUQUE,,CHAVENELLE RD,Collision with:  Vehicle in traffic,On Roadway,"Angle, oncoming left turn",FTYROW:  Making left turn,None Indicated,,Daylight,Dry,Clear,None apparent,Non-intersection:  Driveway access (within),Paved,,Property Damage Only,0,0,0,0,0,0,3800,2,2,,POINT (-90.745434588355 42.494640509018)
2014808007,S14-6973,07/14/2014,07-July,2-Monday,14:24,1400 Hours,District 3 (Northwest),CORRECTIONVILLE,WOODBURY,US 20,US 20/11TH ST & IA 31/DRIFTWOOD ST/HWY 31,Collision with:  Vehicle in traffic,On Roadway,Broadside (front to side),FTYROW:  From stop sign,None Indicated,,Daylight,Dry,Clear,None apparent,Intersection:  Four-way intersection,Paved,,Possible/Unknown,0,1,0,0,1,0,12500,2,2,,POINT (-95.78562608936 42.482226569636)
2014807662,1400000611,07/14/2014,07-July,2-Monday,00:00,0000 Hours,District 1 (Central),,MARSHALL,US 30,US 30/240TH ST,Collision with:  Animal,,,Animal,None Indicated,,,,,,,Paved,,Property Damage Only,0,0,0,0,0,0,3000,1,1,,POINT (-92.981511680908 42.006616384556)
2014810945,,07/14/2014,07-July,2-Monday,06:00,0600 Hours,District 2 (Northeast),,WINNESHIEK,US 52,US 52 & Co Rd A14/CO RD A14,Collision with:  Animal,On Roadway,Non-collision (single vehicle),Animal,None Indicated,,Dawn,Dry,Clear,None apparent,Non-intersection:  Non-junction/no special feature,Paved,,Property Damage Only,0,0,0,0,0,0,2000,1,1,,POINT (-91.870502564412 43.486583905041)
2014807828,20140020119,07/14/2014,07-July,2-Monday,18:52,1800 Hours,District 1 (Central),DES MOINES,POLK,US 69,US 69/E 14TH ST & E OVID AVE,Collision with:  Vehicle in traffic,On Roadway,"Sideswipe, same direction",Improper or erratic lane changing,None Indicated,,Daylight,Dry,Clear,None apparent,Non-intersection:  Non-junction/no special feature,Paved,,Property Damage Only,0,0,0,0,0,0,1500,2,2,,POINT (-93.600544190839 41.6258924039)
2014807807,14-070714-01,07/14/2014,07-July,2-Monday,00:20,0000 Hours,District 6 (East Central),,IOWA,US 6,US 6,Collision with:  Animal,,Non-collision (single vehicle),Animal,None Indicated,,,,,,,Paved,,Property Damage Only,0,0,0,0,0,0,3000,1,1,,POINT (-91.958160102396 41.773165222038)
2014807670,20140020072,07/14/2014,07-July,2-Monday,13:34,1300 Hours,District 1 (Central),DES MOINES,POLK,,E DUNHAM AVE,Collision with:  Parked motor vehicle,On Roadway,Broadside (front to side),Unknown,None Indicated,,Daylight,Dry,Cloudy,Unknown,Unknown,Paved,,Property Damage Only,0,0,0,0,0,0,1600,2,1,,POINT (-93.601883154878 41.572346374817)
2014807446,20140020066,07/14/2014,07-July,2-Monday,12:50,1200 Hours,District 1 (Central),DES MOINES,POLK,IA 28,IA 28/IOWA 5 & ARMY POST RD,Collision with:  Vehicle in traffic,On Roadway,Broadside (front to side),Ran Traffic Signal,None Indicated,,Daylight,Dry,Clear,None apparent,Intersection:  T-intersection,Paved,,Property Damage Only,0,0,0,0,0,0,5500,2,2,,POINT (-93.68523133781 41.516448896284)
2014807661,14016154,07/14/2014,07-July,2-Monday,07:45,0700 Hours,District 5 (Southeast),OSKALOOSA,MAHASKA,US 63,US 63/N MARKET ST & IA 92/A AVE E,Collision with:  Vehicle in traffic,On Roadway,"Angle, oncoming left turn",FTYROW:  Making left turn,None Indicated,,Daylight,Dry,Cloudy,None apparent,Intersection:  Four-way intersection,Paved,,Property Damage Only,0,0,0,0,0,0,5500,2,2,,POINT (-92.64503555051 41.296274992123)
2014808414,2014-48723,07/14/2014,07-July,2-Monday,18:59,1800 Hours,District 6 (East Central),DAVENPORT,SCOTT,,MEADOWBROOK DR & BELLE AVE,Collision with:  Parked motor vehicle,Roadside,Rear-end (front to rear),Illegally Parked/Unattended,None Indicated,,Daylight,Dry,Cloudy,None apparent,Non-intersection:  Non-junction/no special feature,Paved,,Property Damage Only,0,0,0,0,0,0,23000,2,1,,POINT (-90.546570789664 41.564590975713)
2014807824,14-003023,07/14/2014,07-July,2-Monday,19:00,1900 Hours,District 1 (Central),ANKENY,POLK,,NW 5TH ST,Collision with:  Vehicle in traffic,On Roadway,Broadside (front to side),FTYROW:  Other (explain in narrative),None Indicated,,Daylight,Dry,Clear,None apparent,Non-intersection:  Driveway access (within),Paved,,Property Damage Only,0,0,0,0,0,0,4000,2,6,,POINT (-93.607701634646 41.736002738746)
2014835159,14003963,07/14/2014,07-July,2-Monday,06:56,0600 Hours,District 2 (Northeast),KANAWHA,HANCOCK,,E 2ND ST & N LINDEN ST,Collision with:  Vehicle in traffic,On Roadway,Broadside (front to side),FTYROW:  From yield sign,None Indicated,,Daylight,Dry,Clear,None apparent,Intersection:  Four-way intersection,Paved,,Property Damage Only,0,0,0,0,0,0,5500,2,2,,POINT (-93.791418499831 42.935310690736)
2014807815,2014007575,07/14/2014,07-July,2-Monday,11:59,1100 Hours,District 6 (East Central),IOWA CITY,JOHNSON,IA 1,IA 1/E BURLINGTON ST & S GILBERT ST,Collision with:  Parked motor vehicle,Outside trafficway,Unknown,Unknown,None Indicated,,Daylight,Wet,Rain,Unknown,Non-intersection:  Driveway access (within),Paved,,Property Damage Only,0,0,0,0,0,0,1500,2,1,,POINT (-91.530137663104 41.657855679929)
2014813472,,07/14/2014,07-July,2-Monday,17:55,1700 Hours,District 2 (Northeast),,CHICKASAW,,Co Rd B54/240TH ST & Co Rd V56/UNION AVE,Collision with:  Vehicle in traffic,On Roadway,Rear-end (front to rear),Lost Control,None Indicated,,Daylight,Dry,Cloudy,None apparent,Intersection:  Four-way intersection,Paved,,Property Damage Only,0,0,0,0,0,0,6000,2,2,,POINT (-92.141112315637 43.00854877692)
2014807872,14-22649,07/14/2014,07-July,2-Monday,13:19,1300 Hours,District 3 (Northwest),SIOUX CITY,WOODBURY,,MACOMB AVE & S MARTHA ST,Collision with:  Vehicle in traffic,On Roadway,Broadside (front to side),FTYROW:  From driveway,None Indicated,,Daylight,Dry,Clear,None apparent,Non-intersection:  Driveway access (within),Paved,,Possible/Unknown,0,1,0,0,1,0,2500,2,2,,POINT (-96.361457539322 42.480484215975)
2014810087,14-008040,07/14/2014,07-July,2-Monday,17:31,1700 Hours,District 2 (Northeast),,FAYETTE,,Co Rd V68/W AVE & 30TH ST,Collision with:  Vehicle in traffic,On Roadway,Broadside (front to side),Crossed centerline (undivided),None Indicated,,Daylight,Dry,Clear,None apparent,Intersection:  Four-way intersection,Paved,,Property Damage Only,0,0,0,0,0,0,3000,2,2,,POINT (-92.031654362648 42.671293072764)
2014808718,14-000822,07/14/2014,07-July,2-Monday,19:47,1900 Hours,District 1 (Central),,STORY,I-35,I-35,Collision with:  Vehicle in traffic,On Roadway,Broadside (front to side),Made improper turn,None Indicated,,Daylight,Dry,Clear,None apparent,Non-intersection:  Crossover-related,Paved,,Property Damage Only,0,0,0,0,0,0,8000,2,5,,POINT (-93.570208282177 41.968040259529)
2014807669,20140020071,07/14/2014,07-July,2-Monday,13:25,1300 Hours,District 1 (Central),DES MOINES,POLK,,GEORGE FLAGG PKWY & FLEUR DR,Collision with:  Vehicle in traffic,On Roadway,Rear-end (front to rear),Driver Distraction:  Inattentive/lost in thought,None Indicated,,Daylight,Dry,Clear,None apparent,Non-intersection:  Non-junction/no special feature,Paved,,Possible/Unknown,0,1,0,0,1,0,2000,3,3,,POINT (-93.644955245406 41.568654042198)
2014807663,1400000612,07/14/2014,07-July,2-Monday,03:52,0300 Hours,District 1 (Central),,MARSHALL,,UNDERWOOD AVE,Collision with:  Animal,On Roadway,Head-on (front to front),Animal,None Indicated,,Dark - roadway not lighted,Dry,Clear,None apparent,Non-intersection:  Non-junction/no special feature,Unpaved,,Property Damage Only,0,0,0,0,0,0,6500,2,2,,POINT (-92.862787427044 41.969752571721)
2014808300,201410101,07/14/2014,07-July,2-Monday,11:41,1100 Hours,District 6 (East Central),CEDAR RAPIDS,LINN,,16TH AVE SW,Collision with:  Vehicle in traffic,On Roadway,Broadside (front to side),FTYROW:  From driveway,None Indicated,,Daylight,Dry,Cloudy,None apparent,Non-intersection:  Driveway access (within),Paved,,Property Damage Only,0,0,0,0,0,0,10200,2,2,,POINT (-91.697480351027 41.962436335867)
2014807768,,07/14/2014,07-July,2-Monday,04:50,0400 Hours,District 5 (Southeast),,WASHINGTON,US 218,US 218,Collision with:  Animal,On Roadway,Non-collision (single vehicle),Animal,None Indicated,,Dark - roadway not lighted,Dry,Clear,,Non-intersection:  Other non-intersection (explain in narrative),Paved,,Possible/Unknown,0,1,0,0,1,0,1500,1,1,,POINT (-91.550757852782 41.41684593124)
2014808199,14-003305,07/14/2014,07-July,2-Monday,16:42,1600 Hours,District 1 (Central),AMES,STORY,,TRIPP ST,Collision with:  Vehicle in traffic,On Roadway,"Sideswipe, opposite direction",FTYROW:  Making left turn,None Indicated,,Daylight,Dry,Clear,None apparent,Non-intersection:  Driveway access (within),Paved,,Property Damage Only,0,0,0,0,0,0,1700,2,2,,POINT (-93.669124671428 42.020104962806)
2014807643,CL14002413,07/14/2014,07-July,2-Monday,14:10,1400 Hours,District 6 (East Central),CLINTON,CLINTON,,4TH AVE S,Collision with:  Parked motor vehicle,On Roadway,Rear-end (front to rear),Other (explain in narrative):  Other,None Indicated,,Daylight,Dry,Clear,None apparent,Non-intersection:  Non-junction/no special feature,Paved,,Possible/Unknown,0,1,0,0,1,0,11000,2,1,,POINT (-90.205366460311 41.842231958761)
2014808254,14011775,07/14/2014,07-July,2-Monday,09:01,0900 Hours,District 2 (Northeast),MASON CITY,CERRO GORDO,IA 122,IA 122/4TH ST SW & VILLAGE GREEN DR & N ROOSEVELT AVE,Collision with:  Vehicle in traffic,On Roadway,Head-on (front to front),Ran Traffic Signal,None Indicated,,Daylight,Dry,Clear,None apparent,Intersection:  Four-way intersection,Paved,,Property Damage Only,0,0,0,0,0,0,5500,2,6,,POINT (-93.250381078412 43.148309948869)
2014808299,201410091,07/14/2014,07-July,2-Monday,09:29,0900 Hours,District 6 (East Central),CEDAR RAPIDS,LINN,,9TH ST SW,Collision with:  Other non-fixed object (explain in narrative),Roadside,Non-collision (single vehicle),Other (explain in narrative):  No improper action,None Indicated,,Daylight,Dry,Clear,None apparent,Non-intersection:  Alley,Paved,,Property Damage Only,0,0,0,0,0,0,5000,1,1,,POINT (-91.681214730428 41.958287771209)
2014807798,CL14002417,07/14/2014,07-July,2-Monday,17:28,1700 Hours,District 6 (East Central),CLINTON,CLINTON,US 67,US 67/N 2ND ST,Collision with:  Vehicle in traffic,On Roadway,Rear-end (front to rear),Followed too close,None Indicated,,Daylight,Dry,Clear,None apparent,Non-intersection:  Non-junction/no special feature,Paved,,Possible/Unknown,0,1,0,0,1,0,14000,3,4,,POINT (-90.181336079055 41.868634341544)
2014808943,201410081,07/14/2014,07-July,2-Monday,06:50,0600 Hours,District 6 (East Central),CEDAR RAPIDS,LINN,I-380,I-380,Collision with:  Vehicle in traffic,On Roadway,Broadside (front to side),"Operating vehicle in an reckless, erratic, careless, negligent manner",Drug,,Daylight,Dry,Clear,None apparent,Intersection:  Four-way intersection,Paved,,Fatal,1,0,0,0,0,0,10000,2,2,,POINT (-91.673855809909 42.028570158719)
2014807674,20140020112,07/14/2014,07-July,2-Monday,18:05,1800 Hours,District 1 (Central),DES MOINES,POLK,I-235,I-235,Collision with:  Vehicle in traffic,On Roadway,"Sideswipe, same direction",Swerving/Evasive Action,None Indicated,,Daylight,Dry,Cloudy,None apparent,Non-intersection:  Non-junction/no special feature,Paved,,Property Damage Only,0,0,0,0,0,0,6000,2,2,,POINT (-93.673856532926 41.591330687388)
2014807430,20140020049,07/14/2014,07-July,2-Monday,09:13,0900 Hours,District 1 (Central),DES MOINES,POLK,IA 163,IA 163/E UNIVERSITY AVE & HUBBELL AVE,Collision with:  Vehicle in traffic,On Roadway,Broadside (front to side),Ran Traffic Signal,None Indicated,,Daylight,Dry,Cloudy,None apparent,Intersection:  Four-way intersection,Paved,,Property Damage Only,0,0,0,0,0,0,5000,2,2,,POINT (-93.578516970965 41.600505924341)
2014807831,20140020046,07/14/2014,07-July,2-Monday,07:51,0700 Hours,District 1 (Central),DES MOINES,POLK,I-235,I-235,Non-collision events:  Other non-collision (explain in narrative),On Roadway,Non-collision (single vehicle),Swerving/Evasive Action,None Indicated,,Daylight,Dry,Clear,None apparent,Non-intersection:  Non-junction/no special feature,Paved,,Property Damage Only,0,0,0,0,0,0,2000,1,1,,POINT (-93.685299496606 41.592154764995)
2014807671,20140020074,07/14/2014,07-July,2-Monday,14:05,1400 Hours,District 1 (Central),DES MOINES,POLK,,BELL AVE & FLEUR DR,Collision with:  Vehicle in traffic,On Roadway,Rear-end (front to rear),FTYROW:  From yield sign,None Indicated,,Daylight,Dry,Cloudy,None apparent,Intersection:  Four-way intersection,Paved,,Property Damage Only,0,0,0,0,0,0,3500,2,2,,POINT (-93.645028402384 41.56274485456)
2014824087,390714-1682,07/14/2014,07-July,2-Monday,17:30,1700 Hours,District 4 (Southwest),JAMAICA,GUTHRIE,,RICHLAND ST & 2ND AVE,Collision with:  Vehicle in traffic,On Roadway,Broadside (front to side),FTYROW:  At uncontrolled intersection,None Indicated,,Daylight,Dry,Clear,None apparent,Intersection:  Four-way intersection,Paved,,Property Damage Only,0,0,0,0,0,0,10000,2,2,,POINT (-94.306631128916 41.846979541316)
2014808504,01-14-31024,07/14/2014,07-July,2-Monday,17:15,1700 Hours,District 6 (East Central),DUBUQUE,DUBUQUE,US 20,US 20/DODGE ST/RAMP,Collision with:  Vehicle in traffic,On Roadway,Rear-end (front to rear),Driver Distraction:  Manual operation of an electronic communication device,None Indicated,,Daylight,Dry,Clear,None apparent,Intersection:  Other intersection (explain in narrative),Paved,,Property Damage Only,0,0,0,0,0,0,1500,2,4,,POINT (-90.679580202432 42.49064188007)
2014808413,2014-48671,07/14/2014,07-July,2-Monday,17:42,1700 Hours,District 6 (East Central),DAVENPORT,SCOTT,US 6,US 6/W KIMBERLY RD & N DIVISION ST,Collision with:  Vehicle in traffic,On Roadway,Rear-end (front to rear),Followed too close,None Indicated,,Daylight,Dry,Clear,None apparent,Non-intersection:  Non-junction/no special feature,Paved,,Property Damage Only,0,0,0,0,0,0,2000,2,4,,POINT (-90.600667262592 41.560041134558)
2014808255,14011790,07/14/2014,07-July,2-Monday,11:58,1100 Hours,District 2 (Northeast),MASON CITY,CERRO GORDO,,6TH ST NW & N MADISON AVE,Collision with:  Non-motorist (see non-motorist section - NOT a unit),On Roadway,Non-collision (single vehicle),FTYROW:  From yield sign,None Indicated,,Daylight,Dry,Cloudy,None apparent,Intersection:  Four-way intersection,Paved,,Possible/Unknown,0,1,0,0,1,0,800,1,1,,POINT (-93.207318090018 43.157256846242)
2014809104,14-030714-01,07/14/2014,07-July,2-Monday,11:30,1100 Hours,District 6 (East Central),,IOWA,,Co Rd V77/P AVE,Collision with:  Animal,,Non-collision (single vehicle),Animal,None Indicated,,,,,,,Unpaved,,Property Damage Only,0,0,0,0,0,0,4000,1,1,,POINT (-92.004000754119 41.567491059079)
2014807902,2014041320,07/15/2014,07-July,3-Tuesday,07:15,0700 Hours,District 4 (Southwest),,POTTAWATTAMIE,I-80,I-80,Collision with fixed object:  Ditch,On Roadway,Non-collision (single vehicle),Crossed centerline (undivided),None Indicated,,Daylight,Dry,Clear,None apparent,Non-intersection:  Non-junction/no special feature,Paved,,Property Damage Only,0,0,0,0,0,0,1500,1,1,,POINT (-95.670004389146 41.382095901719)
2014808020,2014041425,07/15/2014,07-July,3-Tuesday,21:20,2100 Hours,District 5 (Southeast),,MARION,IA 5,IA 5/IOWA 5,Collision with:  Animal,,,Animal,None Indicated,,,,,,,Paved,,Property Damage Only,0,0,0,0,0,0,2000,1,1,,POINT (-93.289824504816 41.40738690374)
2014810320,2014041396,07/15/2014,07-July,3-Tuesday,17:15,1700 Hours,District 1 (Central),,POLK,I-80,I-80,Collision with:  Vehicle in traffic,On Roadway,Rear-end (front to rear),Followed too close,None Indicated,,Daylight,Dry,Cloudy,None apparent,Non-intersection:  Non-junction/no special feature,Paved,,Property Damage Only,0,0,0,0,0,0,3500,2,2,,POINT (-93.546337192882 41.656426947571)
2014808525,C14002182,07/15/2014,07-July,3-Tuesday,22:33,2200 Hours,District 6 (East Central),CORALVILLE,JOHNSON,US 6,US 6/2ND ST & CAMP CARDINAL BLVD & 22ND AVE,Non-collision events:  Other non-collision (explain in narrative),On Roadway,Non-collision (single vehicle),Unknown,None Indicated,,Dark - roadway lighted,Dry,Clear,None apparent,Intersection:  Four-way intersection,Paved,,Minor Injury,0,1,0,1,0,0,500,1,1,,POINT (-91.595795483899 41.681698268838)
2014809863,14-13208,07/15/2014,07-July,3-Tuesday,12:17,1200 Hours,District 2 (Northeast),,BREMER,IA 3,IA 3/IOWA 3,Collision with:  Vehicle in traffic,On Roadway,"Sideswipe, same direction",Swerving/Evasive Action,None Indicated,,Daylight,Dry,Cloudy,None apparent,Non-intersection:  Non-junction/no special feature,Paved,,Property Damage Only,0,0,0,0,0,0,3750,3,6,,POINT (-92.546358597047 42.71504884683)
2014808267,14-005803,07/15/2014,07-July,3-Tuesday,14:36,1400 Hours,District 2 (Northeast),,CLAYTON,IA 13,IA 13/IOWA 13,Collision with fixed object:  Guardrail - face,Shoulder,Non-collision (single vehicle),Crossed centerline (undivided),None Indicated,,Daylight,Dry,Cloudy,None apparent,Non-intersection:  Non-junction/no special feature,Paved,,Possible/Unknown,0,1,0,0,1,0,5500,1,1,,POINT (-91.407791974847 42.838462130778)
2014810192,14-24544,07/15/2014,07-July,3-Tuesday,15:39,1500 Hours,District 5 (Southeast),BURLINGTON,DES MOINES,,5TH ST,Collision with:  Parked motor vehicle,Outside trafficway,"Sideswipe, same direction",Other (explain in narrative):  Vision obstructed,None Indicated,,Daylight,Dry,Cloudy,None apparent,Non-intersection:  Non-junction/no special feature,Paved,,Property Damage Only,0,0,0,0,0,0,2500,2,1,,POINT (-91.105580361519 40.808555706064)
2014850988,1407152130,07/15/2014,07-July,3-Tuesday,21:30,2100 Hours,District 5 (Southeast),WAPELLO,LOUISA,,Co Rd X99/CO HWY 99,Collision with:  Animal,,,Animal,None Indicated,,,,,,,Paved,,Property Damage Only,0,0,0,0,0,0,1800,1,1,,POINT (-91.177466569433 41.181538791571)
2014807683,14-3352,07/15/2014,07-July,3-Tuesday,08:00,0800 Hours,District 1 (Central),WEST DES MOINES,POLK,I-235,I-235,Collision with:  Vehicle in traffic,On Roadway,Rear-end (front to rear),Driving too fast for conditions,None Indicated,,Daylight,Dry,Clear,None apparent,Non-intersection:  Non-junction/no special feature,Paved,,Possible/Unknown,0,1,0,0,1,0,8000,3,3,,POINT (-93.729262868969 41.593361486236)
2014807665,14-4697,07/15/2014,07-July,3-Tuesday,08:00,0800 Hours,District 1 (Central),DES MOINES,POLK,IA 415,IA 415/2ND AVE,Collision with:  Vehicle in traffic,On Roadway,Rear-end (front to rear),Followed too close,None Indicated,,Daylight,Dry,Clear,None apparent,Non-intersection:  Non-junction/no special feature,Paved,,Property Damage Only,0,0,0,0,0,0,2000,2,2,,POINT (-93.619731080774 41.686399653484)
2014809126,14-021472,07/15/2014,07-July,3-Tuesday,23:06,2300 Hours,District 5 (Southeast),,LEE,US 61,US 61,Collision with:  Animal,,,Animal,None Indicated,,,,,,,Paved,,Property Damage Only,0,0,0,0,0,0,3500,1,1,,POINT (-91.435242967331 40.442338749049)
2014809779,14006109,07/15/2014,07-July,3-Tuesday,05:47,0500 Hours,District 6 (East Central),,DELAWARE,,Co Rd C64/160TH ST,Collision with:  Animal,,,Animal,None Indicated,,,,,,,Paved,,Property Damage Only,0,0,0,0,0,0,2500,1,1,,POINT (-91.171538790611 42.557112937762)
2014807805,01-14-31148,07/15/2014,07-July,3-Tuesday,14:18,1400 Hours,District 6 (East Central),DUBUQUE,DUBUQUE,US 20,US 20/DODGE ST,Collision with:  Vehicle in traffic,On Roadway,"Angle, oncoming left turn",Made improper turn,None Indicated,,Daylight,Dry,Clear,None apparent,Non-intersection:  Non-junction/no special feature,Paved,,Property Damage Only,0,0,0,0,0,0,7000,2,2,,POINT (-90.703188939691 42.491549936567)
2014807877,14-22807,07/15/2014,07-July,3-Tuesday,19:45,1900 Hours,District 3 (Northwest),SIOUX CITY,WOODBURY,,24TH ST & DOUGLAS ST,Collision with:  Vehicle in traffic,On Roadway,Broadside (front to side),Other (explain in narrative):  Other,None Indicated,,Daylight,Dry,Clear,None apparent,Intersection:  Four-way intersection,Paved,,Possible/Unknown,0,1,0,0,1,0,6000,2,3,,POINT (-96.406610522588 42.515140411515)
2014807804,01-14-31115,07/15/2014,07-July,3-Tuesday,10:05,1000 Hours,District 6 (East Central),DUBUQUE,DUBUQUE,,BELL ST,Collision with:  Vehicle in traffic,On Roadway,Head-on (front to front),Improper Backing,None Indicated,,Daylight,Dry,Cloudy,None apparent,Non-intersection:  Non-junction/no special feature,Paved,,Property Damage Only,0,0,0,0,0,0,2500,2,3,,POINT (-90.65770683331 42.497698050682)
2014808890,14-2136,07/15/2014,07-July,3-Tuesday,18:20,1800 Hours,District 1 (Central),FORT DODGE,WEBSTER,,11TH AVE S & S 28TH ST,Collision with:  Vehicle in traffic,On Roadway,Broadside (front to side),FTYROW:  At uncontrolled intersection,None Indicated,,Daylight,Dry,Cloudy,None apparent,Intersection:  Four-way intersection,Paved,,Property Damage Only,0,0,0,0,0,0,4500,2,2,,POINT (-94.159802961844 42.492824720825)
2014807794,10461-14,07/15/2014,07-July,3-Tuesday,12:51,1200 Hours,District 3 (Northwest),SPENCER,CLAY,US 18,US 18/32ND AVE W PROPOSED US18,Collision with:  Vehicle in traffic,On Roadway,Broadside (front to side),Ran Stop Sign,None Indicated,,Daylight,Dry,Cloudy,None apparent,Intersection:  Four-way intersection,Unpaved,,Minor Injury,0,2,0,1,1,0,8500,2,5,,POINT (-95.191371422715 43.147881794032)
2014807876,14-22784,07/15/2014,07-July,3-Tuesday,16:07,1600 Hours,District 3 (Northwest),SIOUX CITY,WOODBURY,,MORNINGSIDE AVE & S CEDAR ST,Collision with:  Vehicle in traffic,On Roadway,"Sideswipe, same direction",Other (explain in narrative):  Other,None Indicated,,Daylight,Dry,Clear,None apparent,Intersection:  T-intersection,Paved,,Property Damage Only,0,0,0,0,0,0,3500,2,3,,POINT (-96.344337172067 42.470360250788)
2014807818,14014705,07/15/2014,07-July,3-Tuesday,13:41,1300 Hours,District 6 (East Central),MARION,LINN,,44TH ST & 10TH AVE,Collision with:  Vehicle in traffic,On Roadway,Rear-end (front to rear),Followed too close,None Indicated,,Daylight,Dry,Cloudy,None apparent,Non-intersection:  Non-junction/no special feature,Paved,,Property Damage Only,0,0,0,0,0,0,3000,2,2,,POINT (-91.562883076073 42.035898224293)