Iowa DOT Case Number,Law Enforcement Case Number,Date of Crash,Month of Crash,Day of Week,Time of Crash,Hour,DOT District,City Name,County Name,Route with System,Location Description,First Harmful Event,Location of First Harmful Event,Manner of Crash/Collision,Major Cause,Drug or Alcohol ,Environmental Conditions,Light Conditions,Surface Conditions,Weather Conditions,Roadway Contribution,Roadway Type,Roadway Surface,Work Zone,Crash Severity,Number of Fatalities,Number of Injuries,Number of Major Injuries,Number of Minor Injuries,Number of Possible Injuries,Number of Unknown Injuries,Amount of Property Damage,Number of Vehicles Involved,Total Number of Occupants,Travel Direction,Location
2014810387,A14051,07/15/2014,07-July,3-Tuesday,13:05,1300 Hours,District 5 (Southeast),KNOXVILLE,MARION,,E MONTGOMERY ST & S 3RD ST,Collision with:  Vehicle in traffic,On Roadway,Broadside (front to side),FTYROW:  From parked position,None Indicated,,Daylight,Dry,Cloudy,None apparent,Non-intersection:  Non-junction/no special feature,Paved,,Property Damage Only,0,0,0,0,0,0,1550,2,6,,POINT (-93.096442935029 41.317112365943)
2014807806,01-14-31197,07/15/2014,07-July,3-Tuesday,18:49,1800 Hours,District 6 (East Central),DUBUQUE,DUBUQUE,,KERPER BLVD & FENGLER ST,Collision with:  Vehicle in traffic,On Roadway,"Angle, oncoming left turn",Ran Traffic Signal,None Indicated,,Daylight,Dry,Clear,None apparent,Intersection:  Other intersection (explain in narrative),Paved,,Minor Injury,0,2,0,1,1,0,15000,2,4,,POINT (-90.655933473734 42.518445776669)
2014808200,14-003311,07/15/2014,07-July,3-Tuesday,09:01,0900 Hours,District 1 (Central),AMES,STORY,,ASH AVE,Collision with:  Vehicle in traffic,On Roadway,"Sideswipe, same direction",FTYROW:  At uncontrolled intersection,None Indicated,,Daylight,Dry,Clear,None apparent,Non-intersection:  Non-junction/no special feature,Paved,,Property Damage Only,0,0,0,0,0,0,10000,2,2,,POINT (-93.644322092133 42.014770869166)
2014807858,14-13406,07/15/2014,07-July,3-Tuesday,09:46,0900 Hours,District 6 (East Central),BETTENDORF,SCOTT,I-74,I-74 & US 67/STATE ST & 14TH ST,Collision with:  Vehicle in traffic,On Roadway,"Angle, oncoming left turn",FTYROW:  Making left turn,None Indicated,,Daylight,Dry,Cloudy,None apparent,Intersection:  Four-way intersection,Paved,,Property Damage Only,0,0,0,0,0,0,3500,2,2,,POINT (-90.513043608275 41.525133974758)
2014808162,20140020231,07/15/2014,07-July,3-Tuesday,20:37,2000 Hours,District 1 (Central),DES MOINES,POLK,,HICKMAN RD & 37TH ST,Collision with:  Vehicle in traffic,On Roadway,Rear-end (front to rear),Followed too close,Alcohol (Statutory),,Dusk,Dry,Cloudy,None apparent,Intersection:  Four-way intersection,Paved,,Property Damage Only,0,0,0,0,0,0,51000,2,2,,POINT (-93.667009300675 41.614996551221)
2014807854,14-029558,07/15/2014,07-July,3-Tuesday,12:45,1200 Hours,District 4 (Southwest),COUNCIL BLUFFS,POTTAWATTAMIE,US 6,US 6/KANESVILLE BLVD & FRANK ST,Collision with:  Vehicle in traffic,On Roadway,Broadside (front to side),Ran Traffic Signal,None Indicated,,Daylight,Dry,Cloudy,None apparent,Intersection:  Four-way intersection,Paved,,Possible/Unknown,0,1,0,0,1,0,3500,2,3,,POINT (-95.840284821373 41.266887160093)
2014807776,W14-070938,07/15/2014,07-July,3-Tuesday,14:30,1400 Hours,District 2 (Northeast),WATERLOO,BLACK HAWK,,E 6TH ST & FRANKLIN ST,Collision with:  Vehicle in traffic,On Roadway,Broadside (front to side),Ran Traffic Signal,None Indicated,,Daylight,Dry,Clear,None apparent,Intersection:  Four-way intersection,Paved,,Property Damage Only,0,0,0,0,0,0,2500,2,3,,POINT (-92.331047938337 42.49921773179)
2014809793,14-1347,07/15/2014,07-July,3-Tuesday,17:05,1700 Hours,District 1 (Central),POLK CITY,POLK,,E SOUTHSIDE DR,Collision with:  Vehicle in traffic,On Roadway,Rear-end (front to rear),Driver Distraction:  Reaching for object(s)/fallen object(s),None Indicated,,Daylight,Dry,Clear,None apparent,Intersection:  T-intersection,Unpaved,,Possible/Unknown,0,1,0,0,1,0,10000,2,2,,POINT (-93.716646724393 41.760702536225)
2014807958,14-4720,07/15/2014,07-July,3-Tuesday,19:50,1900 Hours,District 1 (Central),,POLK,IA 141,IA 141/IOWA 141 & NW TOWNER DR,Collision with:  Vehicle in traffic,On Roadway,Broadside (front to side),FTYROW:  From stop sign,None Indicated,,Daylight,Dry,Clear,None apparent,Intersection:  Other intersection (explain in narrative),Paved,,Possible/Unknown,0,3,0,0,3,0,23000,2,5,,POINT (-93.775188932465 41.725204251563)
2014815554,14145,07/15/2014,07-July,3-Tuesday,18:30,1800 Hours,District 5 (Southeast),PELLA,MARION,,PEACE ST & E 1ST ST,Collision with:  Vehicle in traffic,On Roadway,Rear-end (front to rear),Improper Backing,None Indicated,,Daylight,Dry,Cloudy,None apparent,Non-intersection:  Non-junction/no special feature,Paved,,Property Damage Only,0,0,0,0,0,0,3000,2,2,,POINT (-92.914725757261 41.40148705641)
2014808417,2014-48947,07/15/2014,07-July,3-Tuesday,16:19,1600 Hours,District 6 (East Central),DAVENPORT,SCOTT,,SLOPER TOWN RD & HARRISON ST & S 1ST ST,Collision with:  Vehicle in traffic,On Roadway,"Angle, oncoming left turn",FTYROW:  Making left turn,None Indicated,,Daylight,Dry,Clear,None apparent,Intersection:  T-intersection,Paved,,Property Damage Only,0,0,0,0,0,0,14000,2,2,,POINT (-90.580721354924 41.618290315388)
2014807913,14-0285,07/15/2014,07-July,3-Tuesday,12:36,1200 Hours,District 5 (Southeast),,DECATUR,US 69,US 69 & Co Rd J14/120TH ST,Collision with:  Other non-fixed object (explain in narrative),On Roadway,Non-collision (single vehicle),Ran off road - left,None Indicated,,Daylight,Dry,Clear,Ruts/holes/bumps,Intersection:  T-intersection,Paved,,Property Damage Only,0,0,0,0,0,0,3000,2,2,,POINT (-93.767556933756 40.870680241802)
2014807922,14004365,07/15/2014,07-July,3-Tuesday,10:08,1000 Hours,District 2 (Northeast),,CERRO GORDO,,PHEASANT AVE,Collision with:  Other non-fixed object (explain in narrative),On Roadway,Non-collision (single vehicle),Other (explain in narrative):  No improper action,None Indicated,,Daylight,Dry,Cloudy,None apparent,Non-intersection:  Non-junction/no special feature,Paved,,Minor Injury,0,2,0,1,1,0,1500,1,4,,POINT (-93.191847148921 43.000579474687)
2014807814,C14002176,07/15/2014,07-July,3-Tuesday,14:45,1400 Hours,District 6 (East Central),CORALVILLE,JOHNSON,US 6,US 6/2ND ST,Collision with:  Vehicle in traffic,On Roadway,Rear-end (front to rear),Followed too close,None Indicated,,Daylight,Dry,Cloudy,None apparent,Non-intersection:  Non-junction/no special feature,Paved,,Property Damage Only,0,0,0,0,0,0,6500,2,3,,POINT (-91.559990368716 41.666682069961)
2014807682,14-3351,07/15/2014,07-July,3-Tuesday,07:49,0700 Hours,District 1 (Central),WEST DES MOINES,POLK,I-235,I-235 & 28TH ST,Collision with:  Vehicle in traffic,On Roadway,Rear-end (front to rear),Other (explain in narrative):  Other,None Indicated,,Daylight,Dry,Clear,None apparent,Non-intersection:  Non-junction/no special feature,Paved,,Possible/Unknown,0,1,0,0,1,0,8000,3,3,,POINT (-93.742174112092 41.592387147689)
2014808797,K14-021720,07/16/2014,07-July,4-Wednesday,21:41,2100 Hours,District 5 (Southeast),KEOKUK,LEE,US 218,US 218/MAIN ST,Collision with:  Vehicle in traffic,On Roadway,"Sideswipe, opposite direction",FTYROW:  Making left turn,None Indicated,,Dark - roadway lighted,Dry,Clear,None apparent,Non-intersection:  Driveway access (within),Paved,,Property Damage Only,0,0,0,0,0,0,2800,2,6,,POINT (-91.388597988424 40.400870979175)
2014807998,14-029755,07/16/2014,07-July,4-Wednesday,17:36,1700 Hours,District 4 (Southwest),COUNCIL BLUFFS,POTTAWATTAMIE,,S 1ST ST,Collision with:  Vehicle in traffic,On Roadway,"Sideswipe, same direction",Other (explain in narrative):  Other,None Indicated,,Daylight,Dry,Clear,None apparent,Non-intersection:  Non-junction/no special feature,Paved,,Property Damage Only,0,0,0,0,0,0,2000,2,2,,POINT (-95.841663891596 41.260980951643)
2014807985,14-3374,07/16/2014,07-July,4-Wednesday,11:14,1100 Hours,District 1 (Central),WEST DES MOINES,POLK,,E P TRUE PKWY & S 41ST ST,Collision with:  Vehicle in traffic,On Roadway,"Sideswipe, same direction",Other (explain in narrative):  Other,None Indicated,,Daylight,Dry,Clear,None apparent,Non-intersection:  Non-junction/no special feature,Paved,,Property Damage Only,0,0,0,0,0,0,8000,2,3,,POINT (-93.759565472412 41.570358969324)
2014808283,02-14-10472,07/16/2014,07-July,4-Wednesday,23:52,2300 Hours,District 6 (East Central),FARLEY,DUBUQUE,US 20,US 20 & 1ST AVE W & OLDE CASTLE RD,Collision with fixed object:  Utility pole/light support,Shoulder,Non-collision (single vehicle),Ran off road - right,None Indicated,,Dark - roadway lighted,Dry,Clear,None apparent,Non-intersection:  Non-junction/no special feature,Paved,,Property Damage Only,0,0,0,0,0,0,7000,1,1,,POINT (-91.020085990209 42.447440009056)
2014810284,145019,07/16/2014,07-July,4-Wednesday,05:56,0500 Hours,District 4 (Southwest),,DALLAS,,Co Rd F60/OLD HWY 6 SOUTH,Collision with:  Animal,,,Animal,None Indicated,,,,,,,Paved,,Property Damage Only,0,0,0,0,0,0,3000,1,1,,POINT (-94.192321046878 41.541330469579)
2014808461,2014-0262,07/16/2014,07-July,4-Wednesday,17:40,1700 Hours,District 5 (Southeast),NORWALK,WARREN,IA 28,IA 28/SUNSET DR & RICHARD GEORGE DR,Collision with:  Vehicle in traffic,On Roadway,Rear-end (front to rear),Other (explain in narrative):  No improper action,None Indicated,,Daylight,Dry,Cloudy,None apparent,Non-intersection:  Non-junction/no special feature,Paved,,Property Damage Only,0,0,0,0,0,0,4000,2,2,,POINT (-93.677013815627 41.481143606075)
2014808203,14-003328,07/16/2014,07-July,4-Wednesday,07:53,0700 Hours,District 1 (Central),AMES,STORY,,KNAPP ST & ASH AVE,Collision with:  Vehicle in traffic,On Roadway,"Sideswipe, same direction",Lost Control,None Indicated,,Daylight,Dry,Clear,None apparent,Intersection:  T-intersection,Paved,,Property Damage Only,0,0,0,0,0,0,9000,2,1,,POINT (-93.644366459049 42.01916583097)
2014807997,14-029741,07/16/2014,07-July,4-Wednesday,16:10,1600 Hours,District 4 (Southwest),COUNCIL BLUFFS,POTTAWATTAMIE,I-29,I-29,Collision with:  Vehicle in traffic,On Roadway,Rear-end (front to rear),Followed too close,None Indicated,,Daylight,Dry,Cloudy,Work Zone (roadway-related),Non-intersection:  Non-junction/no special feature,Paved,Yes,Property Damage Only,0,0,0,0,0,0,5875,2,2,,POINT (-95.853751039007 41.232122532149)
2014807987,14-3383,07/16/2014,07-July,4-Wednesday,16:52,1600 Hours,District 1 (Central),WEST DES MOINES,POLK,,UNIVERSITY AVE,Collision with:  Vehicle in traffic,On Roadway,"Sideswipe, same direction",Lost Control,None Indicated,,Daylight,Dry,Clear,None apparent,Non-intersection:  Non-junction/no special feature,Paved,,Property Damage Only,0,0,0,0,0,0,15500,5,5,,POINT (-93.743346165715 41.600423015418)
2014807999,14-029783,07/16/2014,07-July,4-Wednesday,20:25,2000 Hours,District 4 (Southwest),COUNCIL BLUFFS,POTTAWATTAMIE,I-29,I-29,Collision with:  Vehicle in traffic,On Roadway,Rear-end (front to rear),Followed too close,None Indicated,,Daylight,Dry,Clear,None apparent,"Interchange-related:  Off-ramp, diverge area",Paved,,Property Damage Only,0,0,0,0,0,0,3000,2,4,,POINT (-95.852051811822 41.230633578442)
2014807974,20140020329,07/16/2014,07-July,4-Wednesday,17:00,1700 Hours,District 1 (Central),DES MOINES,POLK,US 69,US 69/SE 14TH ST,Collision with:  Vehicle in traffic,On Roadway,"Sideswipe, same direction",Crossed centerline (undivided),None Indicated,,Daylight,Dry,Cloudy,None apparent,Non-intersection:  Other non-intersection (explain in narrative),Paved,,Property Damage Only,0,0,0,0,0,0,7500,2,2,,POINT (-93.59682572153 41.584541561458)
2014809984,145198PD,07/16/2014,07-July,4-Wednesday,16:08,1600 Hours,District 1 (Central),BOONE,BOONE,,UNION ST & S BENTON ST,Collision with:  Vehicle in traffic,On Roadway,Broadside (front to side),FTYROW:  From stop sign,None Indicated,,Daylight,Dry,Clear,None apparent,Intersection:  Four-way intersection,Paved,,Property Damage Only,0,0,0,0,0,0,2300,2,2,,POINT (-93.874955946362 42.05555707397)
2014809014,2014-49251,07/16/2014,07-July,4-Wednesday,17:15,1700 Hours,District 6 (East Central),DAVENPORT,SCOTT,US 67,US 67/GAINES ST,Collision with:  Vehicle in traffic,On Roadway,"Sideswipe, same direction",Improper or erratic lane changing,None Indicated,,Daylight,Dry,Clear,None apparent,Interchange-related:  On-ramp merge area,Paved,,Property Damage Only,0,0,0,0,0,0,2500,2,4,,POINT (-90.583553603641 41.519549983122)
2014808456,2014-15171,07/16/2014,07-July,4-Wednesday,17:55,1700 Hours,District 5 (Southeast),,WARREN,,Co Rd S23/HWY S23 & 220TH AVE,Non-collision events:  Overturn/rollover,Shoulder,Non-collision (single vehicle),Swerving/Evasive Action,None Indicated,,Daylight,Dry,Clear,None apparent,Non-intersection:  Non-junction/no special feature,Paved,,Property Damage Only,0,0,0,0,0,0,10000,1,1,,POINT (-93.386265044168 41.210383794217)
2014807972,20140020325,07/16/2014,07-July,4-Wednesday,16:17,1600 Hours,District 1 (Central),DES MOINES,POLK,,FRANKLIN AVE & 2ND AVE,Collision with:  Vehicle in traffic,On Roadway,Rear-end (front to rear),Followed too close,None Indicated,,Daylight,Dry,Clear,None apparent,Non-intersection:  Non-junction/no special feature,Paved,,Property Damage Only,0,0,0,0,0,0,4000,2,3,,POINT (-93.619815671217 41.611279502774)
2014807935,14104571,07/16/2014,07-July,4-Wednesday,16:15,1600 Hours,District 6 (East Central),,JOHNSON,,Co Rd F12/120TH ST & L RD,Collision with:  Vehicle in traffic,On Roadway,"Angle, oncoming left turn",FTYROW:  From stop sign,None Indicated,,Daylight,Dry,Clear,None apparent,Intersection:  Four-way intersection,Paved,,Property Damage Only,0,0,0,0,0,0,16500,2,2,,POINT (-91.71943753092 41.847480340948)
2014808591,201400034452,07/16/2014,07-July,4-Wednesday,15:59,1500 Hours,District 5 (Southeast),OTTUMWA,WAPELLO,US 34,US 34/NE LOOP,Collision with:  Vehicle in traffic,On Roadway,Rear-end (front to rear),Followed too close,None Indicated,,Daylight,Dry,Clear,None apparent,Interchange-related:  On-ramp merge area,Paved,,Property Damage Only,0,0,0,0,0,0,5000,2,2,,POINT (-92.409501443965 41.006603363657)
2014808630,,07/16/2014,07-July,4-Wednesday,23:20,2300 Hours,District 1 (Central),OTHO,WEBSTER,,Co Rd D33/255TH ST & Co Rd P59/NELSON AVE & HIGHWAY ST,Collision with fixed object:  Other fixed object (explain in narrative),Shoulder,Non-collision (single vehicle),Exceeded authorized speed,Alcohol (Statutory),,Dark - roadway not lighted,Dry,Clear,None apparent,Non-intersection:  Other non-intersection (explain in narrative),Paved,,Possible/Unknown,0,1,0,0,1,0,3300,1,1,,POINT (-94.145573622524 42.419885901376)
2014810272,14071439,07/16/2014,07-July,4-Wednesday,22:02,2200 Hours,District 2 (Northeast),CEDAR FALLS,BLACK HAWK,,W RIDGEWAY AVE,Collision with:  Vehicle in traffic,On Roadway,Head-on (front to front),Illegally Parked/Unattended,None Indicated,,Dark - roadway lighted,Dry,Cloudy,None apparent,Non-intersection:  Non-junction/no special feature,Paved,,Possible/Unknown,0,1,0,0,1,0,8500,2,1,,POINT (-92.449019245126 42.469522861082)
2014808024,2014041670,07/16/2014,07-July,4-Wednesday,19:45,1900 Hours,District 2 (Northeast),,FRANKLIN,I-35,I-35,Collision with fixed object:  Bridge overhead structure,Roadside,Non-collision (single vehicle),Ran off road - right,None Indicated,,Daylight,Dry,Clear,None apparent,Non-intersection:  Other non-intersection (explain in narrative),Paved,,Minor Injury,0,1,0,1,0,0,5000,1,1,,POINT (-93.479463386333 42.636324981321)
2014809109,14-070716-01,07/16/2014,07-July,4-Wednesday,00:00,0000 Hours,District 6 (East Central),,IOWA,I-80,I-80,Collision with fixed object:  Other fixed object (explain in narrative),Shoulder,Non-collision (single vehicle),Swerving/Evasive Action,Alcohol (Statutory),,Dark - roadway not lighted,Dry,Clear,None apparent,Non-intersection:  Non-junction/no special feature,Paved,,Property Damage Only,0,0,0,0,0,0,2500,1,1,,POINT (-91.871375179772 41.687266293085)
2014808173,S14-002675,07/16/2014,07-July,4-Wednesday,03:07,0300 Hours,District 4 (Southwest),OAKLAND,POTTAWATTAMIE,,S CHAUTAUQUA AVE,Collision with fixed object:  Utility pole/light support,Roadside,Non-collision (single vehicle),"Operating vehicle in an reckless, erratic, careless, negligent manner",Under Influence of Alcohol/Drugs/Medications,,Dark - roadway lighted,Dry,Cloudy,None apparent,Non-intersection:  Non-junction/no special feature,Paved,,Property Damage Only,0,0,0,0,0,0,23200,1,1,,POINT (-95.40024459256 41.304839086093)
2014807925,14-10520,07/16/2014,07-July,4-Wednesday,11:53,1100 Hours,District 3 (Northwest),SPENCER,CLAY,US 18,US 18/32ND AVE W PROPOSED US18 & W 4TH ST,Collision with:  Vehicle in traffic,On Roadway,Broadside (front to side),FTYROW:  From stop sign,None Indicated,,Daylight,Dry,Clear,None apparent,Intersection:  Four-way intersection,Paved,,Property Damage Only,0,0,0,0,0,0,5100,2,2,,POINT (-95.190948769865 43.141559781105)
2014808115,W14-071304,07/16/2014,07-July,4-Wednesday,15:27,1500 Hours,District 2 (Northeast),WATERLOO,BLACK HAWK,,W PARK AVE & JEFFERSON ST,Collision with:  Vehicle in traffic,On Roadway,Broadside (front to side),Ran Traffic Signal,None Indicated,,Daylight,Dry,Clear,None apparent,Intersection:  Four-way intersection,Paved,,Minor Injury,0,1,0,1,0,0,8378,2,3,,POINT (-92.341776679427 42.495092143277)
2014807946,2014007648,07/16/2014,07-July,4-Wednesday,17:32,1700 Hours,District 6 (East Central),IOWA CITY,JOHNSON,IA 1,IA 1/E BURLINGTON ST,Collision with:  Vehicle in traffic,On Roadway,Rear-end (front to rear),Followed too close,None Indicated,,Daylight,Dry,Clear,None apparent,Non-intersection:  Non-junction/no special feature,Paved,,Possible/Unknown,0,2,0,0,2,0,3500,3,3,,POINT (-91.529981782046 41.657844679415)
2014807975,20140020335,07/16/2014,07-July,4-Wednesday,17:52,1700 Hours,District 1 (Central),DES MOINES,POLK,,BELL AVE,Collision with:  Parked motor vehicle,On Roadway,Broadside (front to side),Other (explain in narrative):  Vision obstructed,None Indicated,,Daylight,Dry,Cloudy,None apparent,Non-intersection:  Driveway access (within),Paved,,Property Damage Only,0,0,0,0,0,0,1500,2,2,,POINT (-93.617087636168 41.561763282809)
2014808264,14-010534,07/16/2014,07-July,4-Wednesday,14:20,1400 Hours,District 3 (Northwest),,CLAY,,475TH ST,Non-collision events:  Overturn/rollover,On Roadway,Non-collision (single vehicle),Swerving/Evasive Action,None Indicated,,Daylight,Dry,Cloudy,None apparent,Non-intersection:  Non-junction/no special feature,Unpaved,,Property Damage Only,0,0,0,0,0,0,25000,1,2,,POINT (-95.172976292106 42.960577860936)
2014811247,2014041667,07/16/2014,07-July,4-Wednesday,19:00,1900 Hours,District 1 (Central),,POLK,I-35,I-35,Collision with:  Vehicle in traffic,On Roadway,Head-on (front to front),Traveling wrong way or on wrong side of road,Alcohol (Statutory),,Daylight,Dry,Clear,None apparent,Non-intersection:  Non-junction/no special feature,Paved,,Property Damage Only,0,0,0,0,0,0,4000,2,2,,POINT (-93.570376264508 41.795820321756)
2014808021,2014041598,07/16/2014,07-July,4-Wednesday,14:10,1400 Hours,District 2 (Northeast),,WINNESHIEK,,Co Rd A52/OLD STAGE RD & 170TH AVE,Non-collision events:  Other non-collision (explain in narrative),Roadside,Broadside (front to side),Separation of units,None Indicated,,Daylight,Dry,Clear,None apparent,Non-intersection:  Non-junction/no special feature,Paved,,Property Damage Only,0,0,0,0,0,0,6600,2,3,,POINT (-91.734585320319 43.297122595702)
2014808450,14-003332,07/16/2014,07-July,4-Wednesday,14:20,1400 Hours,District 1 (Central),AMES,STORY,,10TH ST & DUFF AVE,Collision with:  Vehicle in traffic,On Roadway,"Sideswipe, same direction",Other (explain in narrative):  Other,None Indicated,,Daylight,Dry,Clear,None apparent,Intersection:  T-intersection,Paved,,Property Damage Only,0,0,0,0,0,0,3000,2,2,,POINT (-93.610590424473 42.03124815696)
2014807841,14-3371,07/16/2014,07-July,4-Wednesday,08:49,0800 Hours,District 1 (Central),WEST DES MOINES,POLK,,9TH ST,Collision with:  Vehicle in traffic,On Roadway,Broadside (front to side),Ran Stop Sign,None Indicated,,Daylight,Dry,Clear,None apparent,Intersection:  Four-way intersection,Paved,,Possible/Unknown,0,1,0,0,1,0,2000,2,3,,POINT (-93.714407464105 41.575836603744)
2014807973,20140020326,07/16/2014,07-July,4-Wednesday,16:55,1600 Hours,District 1 (Central),DES MOINES,POLK,,ARMY POST RD & CHAFFEE RD & S UNION ST,Collision with:  Vehicle in traffic,On Roadway,"Angle, oncoming left turn",Ran off road - right,None Indicated,,Daylight,Dry,Clear,None apparent,Intersection:  Four-way intersection,Paved,,Property Damage Only,0,0,0,0,0,0,10000,2,2,,POINT (-93.616092226185 41.526396870206)
2014807844,14-001594,07/16/2014,07-July,4-Wednesday,12:19,1200 Hours,District 1 (Central),ALTOONA,POLK,,8TH ST SW,Collision with:  Parked motor vehicle,On Roadway,Rear-end (front to rear),Followed too close,None Indicated,,Daylight,Dry,Cloudy,None apparent,Intersection:  Five points or more,Paved,,Property Damage Only,0,0,0,0,0,0,5050,2,777,,POINT (-93.498621493325 41.64411486194)
2014808289,2014007641,07/16/2014,07-July,4-Wednesday,12:09,1200 Hours,District 6 (East Central),IOWA CITY,JOHNSON,I-80,I-80 & IA 1/N DODGE ST,Collision with:  Vehicle in traffic,On Roadway,Rear-end (front to rear),Followed too close,None Indicated,,Daylight,Dry,Clear,None apparent,Non-intersection:  Non-junction/no special feature,Paved,,Property Damage Only,0,0,0,0,0,0,4100,2,5,,POINT (-91.500359897514 41.685482160976)
2014807835,20140020279,07/16/2014,07-July,4-Wednesday,11:34,1100 Hours,District 1 (Central),DES MOINES,POLK,,SE 6TH ST & INDIANOLA AVE & SE 5TH ST,Collision with:  Vehicle in traffic,On Roadway,Broadside (front to side),Ran Traffic Signal,None Indicated,,Daylight,Dry,Clear,None apparent,Intersection:  Four-way intersection,Paved,,Property Damage Only,0,0,0,0,0,0,4500,2,2,,POINT (-93.605739108534 41.560112241227)
2014808520,2014-3973,07/16/2014,07-July,4-Wednesday,19:06,1900 Hours,District 1 (Central),,HARDIN,,Co Rd D35/CO HWY D35,Collision with:  Vehicle in traffic,On Roadway,"Sideswipe, opposite direction",Crossed centerline (undivided),None Indicated,,Daylight,Dry,Clear,None apparent,Non-intersection:  Non-junction/no special feature,Paved,,Property Damage Only,0,0,0,0,0,0,30000,2,2,,POINT (-93.143456180982 42.416028142258)
2014810353,32057-14,07/16/2014,07-July,4-Wednesday,04:00,0400 Hours,District 3 (Northwest),,EMMET,,Co Rd N52/490 AVE,Collision with fixed object:  Ditch,Unknown,Non-collision (single vehicle),Ran off road - straight,None Indicated,,Unknown,Unknown,Unknown,None apparent,Non-intersection:  Non-junction/no special feature,Paved,,Major Injury,0,1,1,0,0,0,2000,1,1,,POINT (-94.620549065712 43.499604468833)
2014807959,14-4739,07/16/2014,07-July,4-Wednesday,15:34,1500 Hours,District 1 (Central),,POLK,,Co Rd R6F/NW 66TH AVE & NW 26TH ST,Collision with:  Vehicle in traffic,On Roadway,Rear-end (front to rear),Followed too close,None Indicated,,Daylight,Dry,Clear,None apparent,Intersection:  Four-way intersection,Paved,,Property Damage Only,0,0,0,0,0,0,2700,2,2,,POINT (-93.654023189351 41.680364012184)
2014809013,2014-49163,07/16/2014,07-July,4-Wednesday,11:26,1100 Hours,District 6 (East Central),DAVENPORT,SCOTT,,E 53RD ST,Collision with:  Vehicle in traffic,On Roadway,Rear-end (front to rear),Followed too close,None Indicated,,Daylight,Dry,Clear,None apparent,Intersection:  Four-way intersection,Paved,,Property Damage Only,0,0,0,0,0,0,1800,2,2,,POINT (-90.550121365463 41.574717809107)
2014811091,2014041473,07/16/2014,07-July,4-Wednesday,08:09,0800 Hours,District 5 (Southeast),,DES MOINES,US 61,US 61 & DODGEVILLE RD & 180TH ST,Collision with:  Vehicle in traffic,On Roadway,"Sideswipe, same direction",Crossed centerline (undivided),None Indicated,,Daylight,Dry,Clear,None apparent,Intersection:  Four-way intersection,Paved,,Minor Injury,0,1,0,1,0,0,25000,2,2,,POINT (-91.170113327546 40.942795384304)
2014808716,14-8204,07/16/2014,07-July,4-Wednesday,17:30,1700 Hours,District 3 (Northwest),,SIOUX,,FIG AVE,Collision with fixed object:  Ditch,Roadside,Non-collision (single vehicle),Swerving/Evasive Action,None Indicated,,Daylight,Dry,Cloudy,None apparent,Non-intersection:  Non-junction/no special feature,Unpaved,,Property Damage Only,0,0,0,0,0,0,10000,1,2,,POINT (-96.275014930001 43.1792955451)
2014808143,14-003124,07/16/2014,07-July,4-Wednesday,16:50,1600 Hours,District 3 (Northwest),,LYON,,Co Rd K30/ELMWOOD AVE,Collision with fixed object:  Ditch,On Roadway,Non-collision (single vehicle),Swerving/Evasive Action,None Indicated,,Daylight,Dry,Clear,None apparent,Non-intersection:  Railroad grade crossing,Paved,,Possible/Unknown,0,1,0,0,1,0,100000,1,1,,POINT (-96.294502913997 43.325839003187)
2014808526,C14002189,07/16/2014,07-July,4-Wednesday,17:15,1700 Hours,District 6 (East Central),CORALVILLE,JOHNSON,,1ST AVE,Collision with:  Vehicle in traffic,On Roadway,Rear-end (front to rear),Followed too close,None Indicated,,Daylight,Dry,Clear,None apparent,Non-intersection:  Non-junction/no special feature,Paved,,Possible/Unknown,0,1,0,0,1,0,4500,3,3,,POINT (-91.565760635858 41.674049784729)
2014808454,14-008516,07/16/2014,07-July,4-Wednesday,19:45,1900 Hours,District 1 (Central),,TAMA,US 63,US 63,Collision with:  Animal,,,Animal,None Indicated,,,,,,,Paved,,Property Damage Only,0,0,0,0,0,0,1501,1,1,,POINT (-92.496475363142 42.173952921202)
2014808631,,07/16/2014,07-July,4-Wednesday,14:34,1400 Hours,District 4 (Southwest),GREENFIELD,ADAIR,IA 25,IA 25/SE 6TH ST & IA 92/SE KENT ST,Collision with:  Vehicle in traffic,On Roadway,Broadside (front to side),FTYROW:  From stop sign,None Indicated,,Daylight,Dry,Clear,None apparent,Intersection:  Four-way intersection,Paved,,Possible/Unknown,0,2,0,0,2,0,5200,3,3,,POINT (-94.453256558782 41.303204209266)
2014821291,14-10735,07/16/2014,07-July,4-Wednesday,18:08,1800 Hours,District 6 (East Central),BALDWIN,JACKSON,,51ST AVE,Collision with fixed object:  Ditch,On Roadway,Non-collision (single vehicle),Crossed centerline (undivided),Refused,,Daylight,Dry,Clear,None apparent,Non-intersection:  Non-junction/no special feature,Paved,,Property Damage Only,0,0,0,0,0,0,12500,1,1,,POINT (-90.839978918688 42.075351334155)
2014808011,14-22858,07/16/2014,07-July,4-Wednesday,11:06,1100 Hours,District 3 (Northwest),SIOUX CITY,WOODBURY,,MORNINGSIDE AVE,Collision with:  Vehicle in traffic,On Roadway,Broadside (front to side),Ran Stop Sign,None Indicated,,Daylight,Dry,Clear,None apparent,Intersection:  Four-way intersection,Paved,,Property Damage Only,0,0,0,0,0,0,5000,2,2,,POINT (-96.362367029828 42.479295923401)
2014808379,14-1572,07/16/2014,07-July,4-Wednesday,17:19,1700 Hours,District 1 (Central),URBANDALE,POLK,,MEREDITH DR & 62ND ST,Collision with:  Vehicle in traffic,On Roadway,Head-on (front to front),Crossed centerline (undivided),None Indicated,,Daylight,Dry,Clear,None apparent,Intersection:  Four-way intersection,Paved,,Minor Injury,0,2,0,1,1,0,12600,3,3,,POINT (-93.703162835976 41.643892269214)