Iowa DOT Case Number,Law Enforcement Case Number,Date of Crash,Month of Crash,Day of Week,Time of Crash,Hour,DOT District,City Name,County Name,Route with System,Location Description,First Harmful Event,Location of First Harmful Event,Manner of Crash/Collision,Major Cause,Drug or Alcohol ,Environmental Conditions,Light Conditions,Surface Conditions,Weather Conditions,Roadway Contribution,Roadway Type,Roadway Surface,Work Zone,Crash Severity,Number of Fatalities,Number of Injuries,Number of Major Injuries,Number of Minor Injuries,Number of Possible Injuries,Number of Unknown Injuries,Amount of Property Damage,Number of Vehicles Involved,Total Number of Occupants,Travel Direction,Location
2014807982,14-3384,07/16/2014,07-July,4-Wednesday,17:07,1700 Hours,District 4 (Southwest),WEST DES MOINES,DALLAS,,JORDAN CREEK PKWY,Collision with:  Vehicle in traffic,On Roadway,Rear-end (front to rear),Other (explain in narrative):  Other,None Indicated,,Daylight,Dry,Clear,None apparent,Non-intersection:  Non-junction/no special feature,Paved,,Property Damage Only,0,0,0,0,0,0,2500,2,2,,POINT (-93.808949544247 41.596611418591)
2014808326,001319,07/16/2014,07-July,4-Wednesday,00:34,0000 Hours,District 2 (Northeast),,MITCHELL,,Co Rd T40/MONUMENT AVE,Collision with:  Animal,On Roadway,Non-collision (single vehicle),Animal,None Indicated,,Dark - roadway not lighted,Dry,Clear,None apparent,Non-intersection:  Non-junction/no special feature,Paved,,Property Damage Only,0,0,0,0,0,0,4000,1,1,,POINT (-92.798831419144 43.38565297226)
2014809820,20142537,07/16/2014,07-July,4-Wednesday,01:00,0100 Hours,District 1 (Central),,GRUNDY,,HAWK AVE,Collision with:  Animal,,,Animal,None Indicated,,,,,,,Paved,,Property Damage Only,0,0,0,0,0,0,3500,1,1,,POINT (-92.874722561565 42.26513374523)
2014812011,14-06696,07/16/2014,07-July,4-Wednesday,02:12,0200 Hours,District 5 (Southeast),,HENRY,US 34,US 34,Collision with:  Animal,On Roadway,Non-collision (single vehicle),Animal,None Indicated,,Dark - roadway not lighted,Dry,Cloudy,None apparent,Non-intersection:  Non-junction/no special feature,Paved,,Property Damage Only,0,0,0,0,0,0,5400,1,1,,POINT (-91.504884569688 40.953956101746)
2014808150,14-003047,07/16/2014,07-July,4-Wednesday,09:53,0900 Hours,District 1 (Central),ANKENY,POLK,IA 160,IA 160/SE ORALABOR RD & SE DELAWARE AVE,Collision with:  Vehicle in traffic,On Roadway,Rear-end (front to rear),Followed too close,None Indicated,,Daylight,Dry,Clear,None apparent,Non-intersection:  Non-junction/no special feature,Paved,,Possible/Unknown,0,1,0,0,1,0,1800,2,6,,POINT (-93.581272792163 41.702903442953)
2014809027,2014041602,07/16/2014,07-July,4-Wednesday,11:30,1100 Hours,District 1 (Central),MARSHALLTOWN,MARSHALL,,E LINN ST & S 2ND AVE,Collision with:  Vehicle in traffic,On Roadway,Broadside (front to side),Unknown,None Indicated,,Daylight,Dry,Clear,None apparent,Non-intersection:  Alley,Paved,,Fatal,1,0,0,0,0,0,3100,2,2,,POINT (-92.909639114406 42.046697815539)
2014807970,20140020318,07/16/2014,07-July,4-Wednesday,15:21,1500 Hours,District 1 (Central),DES MOINES,POLK,I-235,I-235 & KEOSAUQUA WAY,Collision with:  Vehicle in traffic,On Roadway,Head-on (front to front),Ran Traffic Signal,None Indicated,,Daylight,Dry,Clear,None apparent,Intersection:  Intersection with ramp,Paved,,Property Damage Only,0,0,0,0,0,0,10000,2,6,,POINT (-93.635988382749 41.596023002667)
2014808302,201410189,07/16/2014,07-July,4-Wednesday,06:37,0600 Hours,District 6 (East Central),CEDAR RAPIDS,LINN,,32ND ST NE & OAKLAND RD NE,Collision with:  Vehicle in traffic,On Roadway,Broadside (front to side),Ran Traffic Signal,None Indicated,,Daylight,Dry,Clear,None apparent,Intersection:  Four-way intersection,Paved,,Property Damage Only,0,0,0,0,0,0,8500,2,5,,POINT (-91.658377394536 42.010386508687)
2014807981,14-3381,07/16/2014,07-July,4-Wednesday,14:21,1400 Hours,District 1 (Central),WEST DES MOINES,POLK,,UNIVERSITY AVE,Collision with:  Vehicle in traffic,On Roadway,Rear-end (front to rear),Driver Distraction:  Reaching for object(s)/fallen object(s),None Indicated,,Daylight,Dry,Clear,None apparent,Non-intersection:  Non-junction/no special feature,Paved,,Property Damage Only,0,0,0,0,0,0,4000,2,2,,POINT (-93.753258107143 41.600430556243)
2014808653,071614-099,07/16/2014,07-July,4-Wednesday,11:35,1100 Hours,District 3 (Northwest),STORM LAKE,BUENA VISTA,,W 5TH ST & OTSEGO ST,Collision with:  Vehicle in traffic,On Roadway,Broadside (front to side),Driver Distraction:  Manual operation of an electronic communication device,None Indicated,,Daylight,Dry,Cloudy,None apparent,Non-intersection:  Non-junction/no special feature,Paved,,Property Damage Only,0,0,0,0,0,0,5000,2,2,,POINT (-95.207056056916 42.644457561525)
2014808206,14-22864,07/16/2014,07-July,4-Wednesday,12:20,1200 Hours,District 3 (Northwest),SIOUX CITY,WOODBURY,I-29,I-29,Collision with:  Vehicle in traffic,On Roadway,Rear-end (front to rear),Followed too close,None Indicated,,Daylight,Dry,Clear,None apparent,Non-intersection:  Non-junction/no special feature,Paved,,Property Damage Only,0,0,0,0,0,0,4700,2,4,,POINT (-96.386310191048 42.478230029113)
2014807984,14-3386,07/16/2014,07-July,4-Wednesday,17:40,1700 Hours,District 1 (Central),WEST DES MOINES,POLK,,22ND ST & 21ST ST,Collision with:  Vehicle in traffic,On Roadway,Rear-end (front to rear),Followed too close,None Indicated,,Daylight,Dry,Clear,None apparent,Non-intersection:  Non-junction/no special feature,Paved,,Property Damage Only,0,0,0,0,0,0,1500,2,6,,POINT (-93.736099407405 41.587850533018)
2014808317,14014787,07/16/2014,07-July,4-Wednesday,14:45,1400 Hours,District 6 (East Central),MARION,LINN,,6TH AVE & 11TH ST,Collision with:  Vehicle in traffic,On Roadway,"Sideswipe, same direction",Made improper turn,None Indicated,,Daylight,Dry,Clear,None apparent,Intersection:  Four-way intersection,Paved,,Property Damage Only,0,0,0,0,0,0,2500,2,4,,POINT (-91.598092725116 42.032361965493)
2014807923,14004393,07/16/2014,07-July,4-Wednesday,17:20,1700 Hours,District 2 (Northeast),MASON CITY,CERRO GORDO,,Co Rd B30/265TH ST,Collision with:  Vehicle in traffic,On Roadway,Rear-end (front to rear),Followed too close,None Indicated,,Daylight,Dry,Cloudy,None apparent,Non-intersection:  Non-junction/no special feature,Paved,,Minor Injury,0,1,0,1,0,0,11000,2,3,,POINT (-93.096996489484 43.148173585181)
2014808641,,07/16/2014,07-July,4-Wednesday,04:30,0400 Hours,District 2 (Northeast),,WINNESHIEK,,Co Rd W14/CO RD W14,Collision with:  Animal,On Roadway,Non-collision (single vehicle),Animal,None Indicated,,Dark - roadway not lighted,Dry,Cloudy,,Non-intersection:  Driveway access (within),Paved,,Property Damage Only,0,0,0,0,0,0,2200,1,1,,POINT (-91.951063800936 43.216911898911)
2014807870,14-2150,07/16/2014,07-July,4-Wednesday,15:20,1500 Hours,District 1 (Central),FORT DODGE,WEBSTER,,5TH AVE S & S 31ST ST,Collision with:  Vehicle in traffic,On Roadway,Rear-end (front to rear),Driver Distraction:  Manual operation of an electronic communication device,None Indicated,,Daylight,Dry,Clear,None apparent,Intersection:  Four-way intersection,Paved,,Property Damage Only,0,0,0,0,0,0,5000,2,2,,POINT (-94.15190137699 42.501225705668)
2014807967,20140020308,07/16/2014,07-July,4-Wednesday,14:40,1400 Hours,District 1 (Central),DES MOINES,POLK,IA 163,IA 163/E UNIVERSITY AVE,Collision with:  Vehicle in traffic,On Roadway,Rear-end (front to rear),"Operating vehicle in an reckless, erratic, careless, negligent manner",None Indicated,,Daylight,Dry,Cloudy,None apparent,Non-intersection:  Driveway access (within),Paved,,Possible/Unknown,0,1,0,0,0,1,2500,3,3,,POINT (-93.566468975726 41.60049386239)
2014808000,14-029784,07/16/2014,07-July,4-Wednesday,20:30,2000 Hours,District 4 (Southwest),COUNCIL BLUFFS,POTTAWATTAMIE,,RICHARD DOWNING BLVD,Collision with:  Parked motor vehicle,Outside trafficway,Unknown,Improper Backing,None Indicated,,Dusk,Dry,Cloudy,None apparent,Non-intersection:  Other non-intersection (explain in narrative),Paved,,Property Damage Only,0,0,0,0,0,0,2000,2,1,,POINT (-95.897287579468 41.22597286182)
2014807779,201403255,07/16/2014,07-July,4-Wednesday,00:02,0000 Hours,District 1 (Central),,BOONE,US 169,US 169/H AVE,Collision with:  Animal,,Non-collision (single vehicle),Animal,None Indicated,,,,,,,Paved,,Property Damage Only,0,0,0,0,0,0,2500,1,1,,POINT (-94.02836110543 41.896346099541)
2014808640,,07/16/2014,07-July,4-Wednesday,20:50,2000 Hours,District 6 (East Central),TIFFIN,JOHNSON,,,Collision with:  Animal,On Roadway,Non-collision (single vehicle),Animal,None Indicated,,Dusk,Dry,Clear,,Non-intersection:  Non-junction/no special feature,,,Possible/Unknown,0,1,0,0,1,0,0,1,1,,POINT (-96.643700149993 40.233091251414)
2014808202,14-003327,07/16/2014,07-July,4-Wednesday,07:06,0700 Hours,District 1 (Central),AMES,STORY,,MORTENSON PKWY & ASH AVE,Collision with:  Vehicle in traffic,On Roadway,"Angle, oncoming left turn",FTYROW:  From stop sign,None Indicated,,Daylight,Dry,Clear,None apparent,Intersection:  T-intersection,Paved,,Property Damage Only,0,0,0,0,0,0,4000,2,2,,POINT (-93.646739092072 42.011343779443)
2014809809,14-24640,07/16/2014,07-July,4-Wednesday,13:39,1300 Hours,District 5 (Southeast),BURLINGTON,DES MOINES,US 61,US 61 & AGENCY ST,Collision with:  Vehicle in traffic,On Roadway,"Sideswipe, same direction",FTYROW:  Other (explain in narrative),None Indicated,,Daylight,Dry,Cloudy,None apparent,Intersection:  Four-way intersection,Paved,,Property Damage Only,0,0,0,0,0,0,2250,2,4,,POINT (-91.141491919159 40.814850906989)
2014808172,14-001597,07/16/2014,07-July,4-Wednesday,16:30,1600 Hours,District 1 (Central),ALTOONA,POLK,US 6,US 6/FREDERICK M HUBBELL AVE & 34TH AVE SW & 34TH AVE NW,Collision with:  Vehicle in traffic,On Roadway,Rear-end (front to rear),Unknown,None Indicated,,Daylight,Dry,Cloudy,None apparent,Intersection:  Four-way intersection,Paved,,Minor Injury,0,1,0,1,0,0,1300,4,7,,POINT (-93.503101477841 41.655048068952)
2014808010,14-22849,07/16/2014,07-July,4-Wednesday,10:07,1000 Hours,District 3 (Northwest),SIOUX CITY,WOODBURY,,11TH ST,Collision with:  Vehicle in traffic,On Roadway,Rear-end (front to rear),Disregarded RR Signal,None Indicated,,Daylight,Dry,Clear,None apparent,Non-intersection:  Railroad grade crossing,Paved,,Property Damage Only,0,0,0,0,0,0,3500,2,2,,POINT (-96.392626919435 42.501904924943)
2014815662,C14002190,07/16/2014,07-July,4-Wednesday,17:00,1700 Hours,District 6 (East Central),CORALVILLE,JOHNSON,US 6,US 6/2ND ST,Collision with:  Vehicle in traffic,On Roadway,Rear-end (front to rear),Unknown,None Indicated,,Daylight,Dry,Clear,None apparent,Non-intersection:  Non-junction/no special feature,Paved,,Property Damage Only,0,0,0,0,0,0,8000,3,4,,POINT (-91.561240428378 41.667184099062)
2014809256,S79140239,07/16/2014,07-July,4-Wednesday,09:10,0900 Hours,District 1 (Central),,POWESHIEK,I-80,I-80,Collision with fixed object:  Guardrail - face,Outside trafficway,Non-collision (single vehicle),Ran off road - left,None Indicated,,Daylight,Dry,Clear,None apparent,Non-intersection:  Non-junction/no special feature,Paved,,Property Damage Only,0,0,0,0,0,0,6650,1,1,,POINT (-92.332110422603 41.695605321857)
2014808319,14014793,07/16/2014,07-July,4-Wednesday,16:20,1600 Hours,District 6 (East Central),MARION,LINN,,10TH AVE,Collision with:  Vehicle in traffic,Outside trafficway,Rear-end (front to rear),FTYROW:  From parked position,None Indicated,,Daylight,Dry,Clear,None apparent,Non-intersection:  Non-junction/no special feature,Paved,,Property Damage Only,0,0,0,0,0,0,1500,2,4,,POINT (-91.569935465681 42.036031356196)
2014808257,14011947,07/16/2014,07-July,4-Wednesday,19:00,1900 Hours,District 2 (Northeast),MASON CITY,CERRO GORDO,,7TH ST SW & S PRESIDENT AVE,Collision with:  Vehicle in traffic,On Roadway,"Angle, oncoming left turn",FTYROW:  From yield sign,None Indicated,,Daylight,Dry,Cloudy,None apparent,Intersection:  Four-way intersection,Paved,,Property Damage Only,0,0,0,0,0,0,8000,2,5,,POINT (-93.203561851335 43.144719835981)
2014808013,14-22885,07/16/2014,07-July,4-Wednesday,15:56,1500 Hours,District 3 (Northwest),SIOUX CITY,WOODBURY,IA 12,IA 12/GORDON DR & STONE AVE,Collision with:  Vehicle in traffic,On Roadway,"Angle, oncoming left turn",FTYROW:  Making left turn,None Indicated,,Daylight,Dry,Cloudy,None apparent,Intersection:  Four-way intersection,Paved,,Property Damage Only,0,0,0,0,0,0,8000,2,2,,POINT (-96.352010500174 42.479212427748)
2014809270,14-0400,07/16/2014,07-July,4-Wednesday,22:00,2200 Hours,District 1 (Central),,WEBSTER,,Co Rd P6D/SAMSON AVE,Collision with:  Animal,,,Animal,None Indicated,,,,,,,Paved,,Property Damage Only,0,0,0,0,0,0,2500,1,1,,POINT (-94.039692495746 42.391860214684)
2014808022,2014041654,07/16/2014,07-July,4-Wednesday,17:44,1700 Hours,District 5 (Southeast),,WARREN,IA 5,IA 5/IOWA 5,Non-collision events:  Overturn/rollover,On Roadway,Non-collision (single vehicle),Swerving/Evasive Action,None Indicated,,Daylight,Dry,Clear,None apparent,Non-intersection:  Non-junction/no special feature,Paved,,Possible/Unknown,0,1,0,0,1,0,5000,1,2,,POINT (-93.341315486217 41.438709073655)
2014809127,14-021647,07/16/2014,07-July,4-Wednesday,08:08,0800 Hours,District 5 (Southeast),MONTROSE,LEE,,Co Rd W62/ARGYLE RD,Collision with:  Animal,,,Animal,None Indicated,,,,,,,Paved,,Property Damage Only,0,0,0,0,0,0,5000,1,1,,POINT (-91.539485533927 40.484845349645)
2014807971,20140020324,07/16/2014,07-July,4-Wednesday,16:35,1600 Hours,District 1 (Central),DES MOINES,POLK,,NEW YORK AVE & 2ND AVE,Collision with:  Vehicle in traffic,On Roadway,"Angle, oncoming left turn",FTYROW:  Making left turn,None Indicated,,Daylight,Dry,Cloudy,None apparent,Intersection:  Four-way intersection,Paved,,Possible/Unknown,0,2,0,0,2,0,12000,2,2,,POINT (-93.619948195202 41.620105852524)
2014807944,2014007639,07/16/2014,07-July,4-Wednesday,11:25,1100 Hours,District 6 (East Central),IOWA CITY,JOHNSON,,CHURCH ST & CENTER ST,Collision with:  Vehicle in traffic,On Roadway,Broadside (front to side),FTYROW:  At uncontrolled intersection,None Indicated,,Daylight,Dry,Clear,None apparent,Intersection:  Four-way intersection,Paved,,Property Damage Only,0,0,0,0,0,0,5000,2,2,,POINT (-91.520072074325 41.667868200477)
2014807965,20140020301,07/16/2014,07-July,4-Wednesday,13:25,1300 Hours,District 1 (Central),DES MOINES,POLK,,UNIVERSITY AVE & 14TH PL,Collision with:  Vehicle in traffic,On Roadway,Rear-end (front to rear),Driving too fast for conditions,None Indicated,,Daylight,Dry,Cloudy,None apparent,Intersection:  T-intersection,Paved,,Possible/Unknown,0,1,0,0,1,0,6500,3,7,,POINT (-93.636655407068 41.600405833274)
2014811086,2014041690,07/16/2014,07-July,4-Wednesday,23:00,2300 Hours,District 1 (Central),WEST DES MOINES,POLK,,RAILROAD AVE & 5TH ST,Collision with:  Vehicle in traffic,On Roadway,"Angle, oncoming left turn","Operating vehicle in an reckless, erratic, careless, negligent manner",Drug/Alcohol (Statutory),,Dark - roadway lighted,Dry,Clear,None apparent,Non-intersection:  Alley,Paved,,Fatal,1,0,0,0,0,0,6000,2,2,,POINT (-93.708857058842 41.569565878323)
2014807995,14-029686,07/16/2014,07-July,4-Wednesday,09:47,0900 Hours,District 4 (Southwest),COUNCIL BLUFFS,POTTAWATTAMIE,US 6,US 6/KANESVILLE BLVD & N BROADWAY,Collision with:  Vehicle in traffic,On Roadway,Broadside (front to side),Ran Traffic Signal,None Indicated,,Daylight,Dry,Clear,None apparent,Intersection:  Four-way intersection,Paved,,Minor Injury,0,1,0,1,0,0,4000,2,5,,POINT (-95.83669757275 41.268948067618)
2014810281,2014007234,07/16/2014,07-July,4-Wednesday,14:45,1400 Hours,District 1 (Central),MARSHALLTOWN,MARSHALL,IA 14,IA 14/S CENTER ST & EDGELAND DR,Collision with:  Vehicle in traffic,On Roadway,Broadside (front to side),Unknown,None Indicated,,Daylight,Dry,Cloudy,None apparent,Non-intersection:  Driveway access (within),Paved,,Property Damage Only,0,0,0,0,0,0,4000,2,2,,POINT (-92.912567280648 42.026192033939)
2014808012,14-22863,07/16/2014,07-July,4-Wednesday,12:18,1200 Hours,District 3 (Northwest),SIOUX CITY,WOODBURY,,JONES ST,Collision with:  Parked motor vehicle,On Roadway,"Sideswipe, same direction",Other (explain in narrative):  Other,None Indicated,,Daylight,Dry,Clear,None apparent,Non-intersection:  Non-junction/no special feature,Paved,,Property Damage Only,0,0,0,0,0,0,1800,3,777,,POINT (-96.40088601776 42.50138971875)
2014808617,2014041590,07/16/2014,07-July,4-Wednesday,13:53,1300 Hours,District 6 (East Central),,BENTON,I-380,I-380,Collision with:  Parked motor vehicle,On Roadway,"Sideswipe, same direction",Other (explain in narrative):  Disregarded Warning Sign,None Indicated,,Daylight,Dry,Cloudy,Work Zone (roadway-related),Non-intersection:  Non-junction/no special feature,Paved,Yes,Property Damage Only,0,0,0,0,0,0,6000,2,1,,POINT (-91.849946614361 42.218358988459)
2014807986,14-3382,07/16/2014,07-July,4-Wednesday,16:16,1600 Hours,District 4 (Southwest),WEST DES MOINES,DALLAS,,JORDAN CREEK PKWY,Collision with:  Vehicle in traffic,On Roadway,"Sideswipe, same direction",Improper or erratic lane changing,None Indicated,,Daylight,Dry,Clear,None apparent,Non-intersection:  Non-junction/no special feature,Paved,,Property Damage Only,0,0,0,0,0,0,7000,2,2,,POINT (-93.809375890902 41.563497878218)
2014807976,20140020343,07/16/2014,07-July,4-Wednesday,19:00,1900 Hours,District 1 (Central),DES MOINES,POLK,,MCKINLEY AVE & FLEUR DR,Collision with:  Vehicle in traffic,On Roadway,"Angle, oncoming left turn",FTYROW:  Making left turn,None Indicated,,Daylight,Dry,Clear,None apparent,Intersection:  Four-way intersection,Paved,,Property Damage Only,0,0,0,0,0,0,11000,2,3,,POINT (-93.645039800208 41.5409741398)
2014819379,1407-053,07/16/2014,07-July,4-Wednesday,12:20,1200 Hours,District 3 (Northwest),,OSCEOLA,IA 60,IA 60/IOWA 60 & 200TH ST,Collision with:  Animal,On Roadway,Non-collision (single vehicle),Animal,None Indicated,,Daylight,Dry,Clear,None apparent,Intersection:  Four-way intersection,Paved,,Property Damage Only,0,0,0,0,0,0,1500,1,1,,POINT (-95.767393056308 43.36038525993)
2014807963,20140020276,07/16/2014,07-July,4-Wednesday,11:15,1100 Hours,District 1 (Central),DES MOINES,POLK,,17TH ST,Collision with:  Vehicle in traffic,On Roadway,Rear-end (front to rear),Improper Backing,None Indicated,,Daylight,Dry,Clear,None apparent,Non-intersection:  Non-junction/no special feature,Paved,,Property Damage Only,0,0,0,0,0,0,2600,2,2,,POINT (-93.639634508729 41.58492386372)
2014810280,2014007222,07/16/2014,07-July,4-Wednesday,06:46,0600 Hours,District 1 (Central),MARSHALLTOWN,MARSHALL,,W LINN ST & E LINN ST & S CENTER ST,Collision with:  Vehicle in traffic,On Roadway,Broadside (front to side),Ran Traffic Signal,None Indicated,,Daylight,Dry,Clear,None apparent,Intersection:  Four-way intersection,Paved,,Minor Injury,0,1,0,1,0,0,11000,2,2,,POINT (-92.912950031276 42.04668236062)
2014807966,20140020307,07/16/2014,07-July,4-Wednesday,14:50,1400 Hours,District 1 (Central),DES MOINES,POLK,I-235,I-235 & SCHOOL ST & 7TH ST,Collision with:  Vehicle in traffic,On Roadway,Broadside (front to side),Ran Traffic Signal,None Indicated,,Daylight,Dry,Clear,None apparent,Interchange-related:  Off-ramp,Paved,,Property Damage Only,0,0,0,0,0,0,2000,2,6,,POINT (-93.626873488333 41.595235390449)
2014810155,14-18316,07/16/2014,07-July,4-Wednesday,11:51,1100 Hours,District 1 (Central),NEWTON,JASPER,,S 13TH AVE E & E 10TH ST S,Collision with:  Vehicle in traffic,On Roadway,Broadside (front to side),Made improper turn,None Indicated,,Daylight,Dry,Clear,None apparent,Intersection:  Four-way intersection,Paved,,Possible/Unknown,0,1,0,0,1,0,7000,2,2,,POINT (-93.040398727155 41.688387715328)
2014808005,14-2147,07/16/2014,07-July,4-Wednesday,14:51,1400 Hours,District 1 (Central),FORT DODGE,WEBSTER,,3RD AVE N,Collision with:  Vehicle in traffic,On Roadway,"Sideswipe, same direction",Made improper turn,None Indicated,,Daylight,Dry,Clear,None apparent,Non-intersection:  Non-junction/no special feature,Paved,,Property Damage Only,0,0,0,0,0,0,2700,2,2,,POINT (-94.169937956776 42.509706468995)
2014808207,14-22904,07/16/2014,07-July,4-Wednesday,17:51,1700 Hours,District 3 (Northwest),SIOUX CITY,WOODBURY,I-29,I-29,Collision with:  Vehicle in traffic,On Roadway,Rear-end (front to rear),Driving too fast for conditions,None Indicated,,Daylight,Dry,Cloudy,Work Zone (roadway-related),Non-intersection:  Non-junction/no special feature,Paved,Yes,Property Damage Only,0,0,0,0,0,0,2000,2,3,,POINT (-96.379031576097 42.461435541392)
2014811580,143977,07/16/2014,07-July,4-Wednesday,22:30,2200 Hours,District 1 (Central),,HARDIN,,Co Rd S62/CO HWY S62,Collision with:  Animal,,,Animal,None Indicated,,,,,,,Paved,,Property Damage Only,0,0,0,0,0,0,2000,1,1,,POINT (-93.069667463131 42.217546754431)
2014807952,201410212,07/16/2014,07-July,4-Wednesday,16:54,1600 Hours,District 6 (East Central),CEDAR RAPIDS,LINN,,MILLER AVE SW & KIRKWOOD BLVD SW,Collision with fixed object:  Other fixed object (explain in narrative),On Roadway,Non-collision (single vehicle),Ran off road - right,None Indicated,,Daylight,Dry,Clear,None apparent,Intersection:  Four-way intersection,Paved,,Property Damage Only,0,0,0,0,0,0,7183,1,1,,POINT (-91.656706363627 41.92444540351)
2014807980,14-3375,07/16/2014,07-July,4-Wednesday,11:16,1100 Hours,District 1 (Central),WEST DES MOINES,POLK,,WESTOWN PKWY & WEST LAKES PKWY,Collision with:  Non-motorist (see non-motorist section - NOT a unit),On Roadway,Non-collision (single vehicle),Other (explain in narrative):  No improper action,None Indicated,,Daylight,Dry,Cloudy,None apparent,Intersection:  Four-way intersection,Paved,,Minor Injury,0,1,0,1,0,0,2500,1,1,,POINT (-93.785486598999 41.59523389094)
2014810278,14-13287,07/16/2014,07-July,4-Wednesday,14:50,1400 Hours,District 2 (Northeast),,BREMER,,Co Rd C33/190TH ST & Co Rd V56/VIKING AVE,Collision with:  Vehicle in traffic,On Roadway,Broadside (front to side),FTYROW:  From stop sign,None Indicated,,Daylight,Dry,Cloudy,None apparent,Intersection:  Four-way intersection,Paved,,Minor Injury,0,1,0,1,0,0,6000,2,4,,POINT (-92.141011044063 42.77315243787)
2014808023,2014041666,07/16/2014,07-July,4-Wednesday,19:00,1900 Hours,District 3 (Northwest),,CALHOUN,,180TH ST,Non-collision events:  Overturn/rollover,On Roadway,Non-collision (single vehicle),Ran off road - right,None Indicated,,Daylight,"Mud, dirt",Clear,None apparent,Non-intersection:  Non-junction/no special feature,Unpaved,,Possible/Unknown,0,1,0,0,1,0,2000,1,1,,POINT (-94.457684823805 42.531145613732)
2014808125,01-14-31339,07/16/2014,07-July,4-Wednesday,16:33,1600 Hours,District 6 (East Central),DUBUQUE,DUBUQUE,,W 3RD ST & MAIN ST,Collision with:  Vehicle in traffic,On Roadway,"Angle, oncoming left turn",FTYROW:  Making left turn,None Indicated,,Daylight,Dry,Clear,None apparent,Intersection:  Four-way intersection,Paved,,Property Damage Only,0,0,0,0,0,0,4000,2,4,,POINT (-90.664968991372 42.496792709533)
2014807834,20140020268,07/16/2014,07-July,4-Wednesday,10:14,1000 Hours,District 1 (Central),DES MOINES,POLK,,E PORTER AVE & SE 3RD ST,Collision with:  Vehicle in traffic,On Roadway,Broadside (front to side),FTYROW:  From stop sign,None Indicated,,Daylight,Dry,Clear,None apparent,Intersection:  T-intersection,Paved,,Minor Injury,0,1,0,1,0,0,8500,2,4,,POINT (-93.611281926019 41.533628414801)
2014807929,143953,07/16/2014,07-July,4-Wednesday,07:28,0700 Hours,District 1 (Central),,HARDIN,,I AVE & 100TH ST & 690TH AVE,Collision with fixed object:  Ditch,On Roadway,Non-collision (single vehicle),Over correcting/over steering,None Indicated,,Daylight,Dry,Clear,None apparent,Non-intersection:  Non-junction/no special feature,Unpaved,,Property Damage Only,0,0,0,0,0,0,2550,1,1,,POINT (-93.329138128413 42.209170149839)
2014807957,14072040,07/16/2014,07-July,4-Wednesday,13:37,1300 Hours,District 4 (Southwest),CLARINDA,PAGE,,S 16TH ST,Collision with:  Vehicle in traffic,On Roadway,Broadside (front to side),Ran Stop Sign,None Indicated,,Daylight,Dry,Cloudy,None apparent,Non-intersection:  Driveway access (within),Paved,,Possible/Unknown,0,2,0,0,2,0,7000,2,4,,POINT (-95.037826550512 40.726996003665)
2014808752,,07/16/2014,07-July,4-Wednesday,21:24,2100 Hours,District 4 (Southwest),,ADAIR,IA 25,IA 25/IOWA 25,Collision with:  Animal,On Roadway,Non-collision (single vehicle),Animal,None Indicated,,Dark - roadway not lighted,Dry,Clear,None apparent,Non-intersection:  Non-junction/no special feature,Paved,,Property Damage Only,0,0,0,0,0,0,2000,1,1,,POINT (-94.452739378303 41.38584393191)
2014808228,14071289,07/16/2014,07-July,4-Wednesday,14:37,1400 Hours,District 2 (Northeast),CEDAR FALLS,BLACK HAWK,,UNION RD & AUTUMN RIDGE RD,Collision with:  Vehicle in traffic,On Roadway,Broadside (front to side),FTYROW:  From driveway,None Indicated,,Daylight,Dry,Cloudy,None apparent,Non-intersection:  Other non-intersection (explain in narrative),Paved,,Property Damage Only,0,0,0,0,0,0,9000,2,2,,POINT (-92.495039843909 42.532766771716)
2014807947,2014007650,07/16/2014,07-July,4-Wednesday,17:32,1700 Hours,District 6 (East Central),IOWA CITY,JOHNSON,,E COLLEGE ST & S GILBERT ST,Collision with:  Vehicle in traffic,On Roadway,Rear-end (front to rear),Followed too close,None Indicated,,Daylight,Dry,Clear,None apparent,Intersection:  Four-way intersection,Paved,,Property Damage Only,0,0,0,0,0,0,2000,2,3,,POINT (-91.530173737717 41.658909943123)
2014808004,14-0398,07/16/2014,07-July,4-Wednesday,15:16,1500 Hours,District 1 (Central),LEHIGH,WEBSTER,,BRUSHY CREEK ST REC AREA,Collision with fixed object:  Ditch,Shoulder,Non-collision (single vehicle),Ran off road - right,None Indicated,,Daylight,Dry,Clear,None apparent,Non-intersection:  Non-junction/no special feature,Paved,,Possible/Unknown,0,1,0,0,1,0,3000,1,1,,POINT (-93.972350651797 42.378618076224)
2014808876,14-000833,07/16/2014,07-July,4-Wednesday,15:51,1500 Hours,District 1 (Central),,STORY,US 30,US 30,Collision with:  Vehicle in traffic,On Roadway,Rear-end (front to rear),Followed too close,None Indicated,,Daylight,Dry,Clear,None apparent,Intersection:  Other intersection (explain in narrative),Paved,,Minor Injury,0,1,0,1,0,0,12565,2,2,,POINT (-93.369253837222 42.007825307786)
2014807996,14-029736,07/16/2014,07-July,4-Wednesday,15:53,1500 Hours,District 4 (Southwest),COUNCIL BLUFFS,POTTAWATTAMIE,,,Collision with:  Parked motor vehicle,Unknown,Unknown,Unknown,None Indicated,,Daylight,Unknown,Other (explain in narrative),Unknown,Non-intersection:  Non-junction/no special feature,,,Property Damage Only,0,0,0,0,0,0,1950,2,1,,POINT (-96.643700149993 40.233091251414)