Iowa DOT Case Number,Law Enforcement Case Number,Date of Crash,Month of Crash,Day of Week,Time of Crash,Hour,DOT District,City Name,County Name,Route with System,Location Description,First Harmful Event,Location of First Harmful Event,Manner of Crash/Collision,Major Cause,Drug or Alcohol ,Environmental Conditions,Light Conditions,Surface Conditions,Weather Conditions,Roadway Contribution,Roadway Type,Roadway Surface,Work Zone,Crash Severity,Number of Fatalities,Number of Injuries,Number of Major Injuries,Number of Minor Injuries,Number of Possible Injuries,Number of Unknown Injuries,Amount of Property Damage,Number of Vehicles Involved,Total Number of Occupants,Travel Direction,Location
2014807833,20140020259,07/16/2014,07-July,4-Wednesday,08:02,0800 Hours,District 1 (Central),DES MOINES,POLK,,MLK JR PKWY,Collision with:  Vehicle in traffic,On Roadway,Rear-end (front to rear),Other (explain in narrative):  Other,None Indicated,,Daylight,Dry,Clear,None apparent,Non-intersection:  Other non-intersection (explain in narrative),Paved,,Property Damage Only,0,0,0,0,0,0,8000,3,3,,POINT (-93.644777591813 41.582147922944)
2014812162,14-179,07/16/2014,07-July,4-Wednesday,06:30,0600 Hours,District 4 (Southwest),,TAYLOR,,INDIANA AVE,Non-collision events:  Other non-collision (explain in narrative),Shoulder,Non-collision (single vehicle),Ran off road - right,None Indicated,,Dawn,Dry,Clear,None apparent,Non-intersection:  Non-junction/no special feature,Unpaved,,Property Damage Only,0,0,0,0,0,0,5900,1,1,,POINT (-94.76873351396 40.632949241179)
2014807945,2014007643,07/16/2014,07-July,4-Wednesday,13:14,1300 Hours,District 6 (East Central),IOWA CITY,JOHNSON,IA 1,IA 1/DODGE ST,Collision with:  Vehicle in traffic,Roadside,Broadside (front to side),FTYROW:  Other (explain in narrative),None Indicated,,Daylight,Dry,Cloudy,None apparent,Non-intersection:  Alley,Paved,,Property Damage Only,0,0,0,0,0,0,3000,2,2,,POINT (-91.52567612464 41.668111366506)
2014812146,14006377,07/16/2014,07-July,4-Wednesday,13:51,1300 Hours,District 6 (East Central),ROWLEY,BUCHANAN,,330TH ST,Collision with:  Vehicle in traffic,On Roadway,"Sideswipe, opposite direction",Swerving/Evasive Action,None Indicated,,Daylight,Dry,"Blowing sand, soil, dirt",None apparent,Non-intersection:  Non-junction/no special feature,Unpaved,,Property Damage Only,0,0,0,0,0,0,10000,2,3,,POINT (-91.88573643119 42.312726777159)
2014810458,C14-0002024,07/16/2014,07-July,4-Wednesday,17:23,1700 Hours,District 2 (Northeast),MCGREGOR,CLAYTON,,Co Rd X56/GREAT RIVER RD & PIKE PEAK RD,Collision with:  Vehicle in traffic,On Roadway,"Sideswipe, same direction",Made improper turn,None Indicated,,Daylight,Dry,Clear,None apparent,Intersection:  T-intersection,Paved,,Property Damage Only,0,0,0,0,0,0,7000,2,2,,POINT (-91.173678806374 42.995127222161)
2014808429,2014-49225,07/16/2014,07-July,4-Wednesday,15:49,1500 Hours,District 6 (East Central),DAVENPORT,SCOTT,I-80,I-80 & US 61/BRADY ST & IA 461,Collision with:  Vehicle in traffic,On Roadway,Rear-end (front to rear),Unknown,None Indicated,,Daylight,Dry,Cloudy,None apparent,Interchange-related:  On-ramp merge area,Paved,,Property Damage Only,0,0,0,0,0,0,10000,2,5,,POINT (-90.570113003106 41.596199113297)
2014807926,CL14002447,07/16/2014,07-July,4-Wednesday,17:52,1700 Hours,District 6 (East Central),CLINTON,CLINTON,US 67,US 67/N 2ND ST,Collision with:  Vehicle in traffic,On Roadway,Rear-end (front to rear),Followed too close,None Indicated,,Daylight,Dry,Cloudy,None apparent,Non-intersection:  Non-junction/no special feature,Paved,,Property Damage Only,0,0,0,0,0,0,6500,2,2,,POINT (-90.184378868755 41.860252708132)
2014807836,20140020296,07/16/2014,07-July,4-Wednesday,00:10,0000 Hours,District 1 (Central),DES MOINES,POLK,,KENYON AVE & FLEUR DR,Collision with:  Vehicle in traffic,On Roadway,"Sideswipe, same direction",Unknown,None Indicated,,Dark - roadway lighted,Dry,Clear,None apparent,Intersection:  T-intersection,Paved,,Property Damage Only,0,0,0,0,0,0,1500,2,3,,POINT (-93.645039511243 41.536119194047)
2014807842,14-3376,07/16/2014,07-July,4-Wednesday,11:23,1100 Hours,District 4 (Southwest),WEST DES MOINES,DALLAS,,WESTOWN PKWY & JORDAN CREEK PKWY,Collision with:  Vehicle in traffic,On Roadway,Head-on (front to front),Unknown,None Indicated,,Daylight,Dry,Clear,None apparent,Non-intersection:  Non-junction/no special feature,Paved,,Minor Injury,0,2,0,2,0,0,13000,2,3,,POINT (-93.808918948123 41.597043978253)
2014807968,20140020311,07/16/2014,07-July,4-Wednesday,14:58,1400 Hours,District 1 (Central),DES MOINES,POLK,,INDIANOLA AVE,Collision with:  Vehicle in traffic,On Roadway,Rear-end (front to rear),Followed too close,None Indicated,,Daylight,Dry,Cloudy,None apparent,Non-intersection:  Non-junction/no special feature,Paved,,Property Damage Only,0,0,0,0,0,0,2400,2,2,,POINT (-93.613285047942 41.569277691818)
2014808303,201410216,07/16/2014,07-July,4-Wednesday,17:50,1700 Hours,District 6 (East Central),CEDAR RAPIDS,LINN,IA 922,IA 922/1ST AVE W & 9TH ST NW,Collision with:  Vehicle in traffic,On Roadway,Rear-end (front to rear),Followed too close,None Indicated,,Daylight,Dry,Clear,Other (explain in narrative),Non-intersection:  Non-junction/no special feature,Paved,,Property Damage Only,0,0,0,0,0,0,3500,2,3,,POINT (-91.683472079844 41.972895151258)
2014808494,14-010334,07/16/2014,07-July,4-Wednesday,02:00,0200 Hours,District 6 (East Central),,CEDAR,,Co Rd F14/160TH & Co Rd X46/JACKSON AVE,Collision with fixed object:  Ditch,Roadside,Non-collision (single vehicle),Ran Stop Sign,Under Influence of Alcohol/Drugs/Medications,,Dark - roadway not lighted,"Mud, dirt",Clear,None apparent,Intersection:  Four-way intersection,Unpaved,,Possible/Unknown,0,1,0,0,1,0,2500,1,2,,POINT (-91.191024895646 41.859456482621)
2014808489,,07/16/2014,07-July,4-Wednesday,14:58,1400 Hours,District 2 (Northeast),,FLOYD,,Co Rd B20/120TH ST & Co Rd T38/LANCER AVE,Collision with:  Vehicle in traffic,On Roadway,Rear-end (front to rear),FTYROW:  Other (explain in narrative),None Indicated,,Daylight,,Clear,,Non-intersection:  Non-junction/no special feature,Paved,,Property Damage Only,0,0,0,0,0,0,5500,2,3,,POINT (-92.810238510535 43.183662422226)
2014808215,2014041647,07/16/2014,07-July,4-Wednesday,17:00,1700 Hours,District 1 (Central),,POLK,I-80,I-80,Collision with:  Vehicle in traffic,On Roadway,"Sideswipe, same direction",Swerving/Evasive Action,None Indicated,,Daylight,Dry,Clear,None apparent,Non-intersection:  Non-junction/no special feature,Paved,,Property Damage Only,0,0,0,0,0,0,3000,2,2,,POINT (-93.553702248176 41.655346873031)
2014808915,14-7316,07/16/2014,07-July,4-Wednesday,12:06,1200 Hours,District 3 (Northwest),CARROLL,CARROLL,,7TH ST & VINE ST,Collision with:  Vehicle in traffic,On Roadway,Broadside (front to side),FTYROW:  From stop sign,None Indicated,,Daylight,Dry,Cloudy,None apparent,Intersection:  Four-way intersection,Paved,,Property Damage Only,0,0,0,0,0,0,2500,2,3,,POINT (-94.856990779938 42.064896307746)
2014809101,14-020716-01,07/16/2014,07-July,4-Wednesday,17:02,1700 Hours,District 6 (East Central),WILLIAMSBURG,IOWA,I-80,I-80,Collision with fixed object:  Guardrail - face,Roadside,Non-collision (single vehicle),Swerving/Evasive Action,None Indicated,,Daylight,Dry,Clear,None apparent,Interchange-related:  On-ramp merge area,Paved,,Property Damage Only,0,0,0,0,0,0,7360,1,4,,POINT (-92.012154983028 41.687112569163)
2014808121,14-24690,07/16/2014,07-July,4-Wednesday,21:24,2100 Hours,District 5 (Southeast),WEST BURLINGTON,DES MOINES,,MT PLEASANT ST,Collision with:  Animal,On Roadway,Non-collision (single vehicle),Animal,None Indicated,,Dark - roadway lighted,Dry,Clear,None apparent,Non-intersection:  Non-junction/no special feature,Paved,,Property Damage Only,0,0,0,0,0,0,2000,1,1,,POINT (-91.196345373518 40.826450095568)
2014807983,14-3385,07/16/2014,07-July,4-Wednesday,17:22,1700 Hours,District 1 (Central),WEST DES MOINES,POLK,I-235,I-235,Collision with:  Vehicle in traffic,On Roadway,Rear-end (front to rear),Followed too close,None Indicated,,Daylight,Dry,Clear,None apparent,Non-intersection:  Other non-intersection (explain in narrative),Paved,,Property Damage Only,0,0,0,0,0,0,3500,2,2,,POINT (-93.733351419067 41.593101290713)
2014808490,,07/16/2014,07-July,4-Wednesday,21:20,2100 Hours,District 6 (East Central),DE WITT,CLINTON,,245 ST,Collision with:  Animal,,Non-collision (single vehicle),Animal,None Indicated,,,,,,,Paved,,Property Damage Only,0,0,0,0,0,0,5000,1,3,,POINT (-90.522973369605 41.826488358085)
2014807994,14-029660,07/16/2014,07-July,4-Wednesday,06:36,0600 Hours,District 4 (Southwest),COUNCIL BLUFFS,POTTAWATTAMIE,I-29,I-29 & NEBRASKA AVE,Collision with:  Vehicle in traffic,On Roadway,Rear-end (front to rear),Other (explain in narrative):  Other,None Indicated,,Daylight,Dry,Clear,None apparent,Intersection:  T-intersection,Paved,,Property Damage Only,0,0,0,0,0,0,2200,2,2,,POINT (-95.90285796324 41.243205681863)
2014808001,14-029812,07/17/2014,07-July,5-Thursday,01:19,0100 Hours,District 4 (Southwest),COUNCIL BLUFFS,POTTAWATTAMIE,,S 7TH ST,Collision with:  Parked motor vehicle,On Roadway,Rear-end (front to rear),Other (explain in narrative):  Other,Alcohol (Statutory),,Dark - roadway lighted,Dry,Clear,None apparent,Non-intersection:  Non-junction/no special feature,Paved,,Possible/Unknown,0,1,0,0,1,0,2000,2,1,,POINT (-95.854898297377 41.241208532546)
2014808824,060-14,07/17/2014,07-July,5-Thursday,20:19,2000 Hours,District 4 (Southwest),,MADISON,,HERITAGE AVE,Collision with fixed object:  Tree,On Roadway,Non-collision (single vehicle),Swerving/Evasive Action,None Indicated,,Daylight,"Mud, dirt",Clear,None apparent,Non-intersection:  Non-junction/no special feature,Unpaved,,Possible/Unknown,0,1,0,0,1,0,5000,1,2,,POINT (-94.108856464025 41.488023260812)
2014808568,20140020444,07/17/2014,07-July,5-Thursday,18:01,1800 Hours,District 1 (Central),DES MOINES,POLK,I-235,I-235 & 6TH AVE,Collision with:  Vehicle in traffic,On Roadway,"Sideswipe, same direction",FTYROW:  Other (explain in narrative),None Indicated,,Daylight,Dry,Cloudy,None apparent,Interchange-related:  On-ramp merge area,Paved,,Property Damage Only,0,0,0,0,0,0,2500,2,3,,POINT (-93.625654970565 41.595791470363)
2014808497,10591-14,07/17/2014,07-July,5-Thursday,12:54,1200 Hours,District 3 (Northwest),SPENCER,CLAY,US 18,US 18/S GRAND AVE & 4TH ST SW & 4TH ST SE,Collision with:  Vehicle in traffic,On Roadway,"Angle, oncoming left turn",FTYROW:  Making left turn,None Indicated,,Daylight,Dry,Cloudy,None apparent,Intersection:  Four-way intersection,Paved,,Possible/Unknown,0,1,0,0,1,0,15000,2,2,,POINT (-95.144208610883 43.134125521109)
2014808920,01-14-31421,07/17/2014,07-July,5-Thursday,08:55,0800 Hours,District 6 (East Central),DUBUQUE,DUBUQUE,US 52,US 52/KERRIGAN RD,Non-collision events:  Other non-collision (explain in narrative),On Roadway,Non-collision (single vehicle),Other (explain in narrative):  No improper action,None Indicated,,Daylight,Dry,Clear,Work Zone (roadway-related),Non-intersection:  Non-junction/no special feature,Paved,Yes,Minor Injury,0,1,0,1,0,0,1200,1,2,,POINT (-90.667919816719 42.470440458104)
2014808170,14-3409,07/17/2014,07-July,5-Thursday,16:56,1600 Hours,District 1 (Central),WEST DES MOINES,POLK,I-235,I-235 & 17TH ST,Collision with:  Vehicle in traffic,On Roadway,Rear-end (front to rear),Driving too fast for conditions,None Indicated,,Daylight,Dry,Clear,None apparent,Non-intersection:  Non-junction/no special feature,Paved,,Property Damage Only,0,0,0,0,0,0,4300,4,5,,POINT (-93.727343242015 41.593373647523)
2014808813,201410259,07/17/2014,07-July,5-Thursday,12:27,1200 Hours,District 6 (East Central),CEDAR RAPIDS,LINN,IA 100,IA 100/PROPOSED IA100 & EDGEWOOD RD NE,Collision with:  Vehicle in traffic,On Roadway,Rear-end (front to rear),Other (explain in narrative):  No improper action,None Indicated,,Daylight,Dry,Clear,None apparent,Intersection:  T-intersection,Paved,,Possible/Unknown,0,2,0,0,2,0,13500,3,4,,POINT (-91.701886861639 42.028872633028)
2014809454,2014041695,07/17/2014,07-July,5-Thursday,06:15,0600 Hours,District 6 (East Central),ELDRIDGE,SCOTT,US 61,US 61,Non-collision events:  Other non-collision (explain in narrative),On Roadway,Non-collision (single vehicle),Ran off road - left,None Indicated,,Daylight,Dry,Clear,None apparent,Non-intersection:  Non-junction/no special feature,Paved,,Property Damage Only,0,0,0,0,0,0,5100,1,1,,POINT (-90.568148384727 41.627094216764)
2014808122,14-24781,07/17/2014,07-July,5-Thursday,15:05,1500 Hours,District 5 (Southeast),WEST BURLINGTON,DES MOINES,,S PRAIRIE ST,Collision with:  Other non-fixed object (explain in narrative),On Roadway,Rear-end (front to rear),FTYROW:  To pedestrian,None Indicated,,Daylight,Dry,Clear,None apparent,Non-intersection:  Non-junction/no special feature,Paved,,Minor Injury,0,1,0,1,0,0,1500,2,1,,POINT (-91.146982782512 40.824172275193)
2014807988,14-3394,07/17/2014,07-July,5-Thursday,07:46,0700 Hours,District 4 (Southwest),WEST DES MOINES,DALLAS,,MILLS CIVIC PKWY,Collision with:  Vehicle in traffic,On Roadway,Rear-end (front to rear),Followed too close,None Indicated,,Daylight,Dry,Clear,None apparent,Intersection:  T-intersection,Paved,,Possible/Unknown,0,1,0,0,1,0,8000,3,5,,POINT (-93.791068117412 41.559031595141)
2014811280,14-007361,07/17/2014,07-July,5-Thursday,10:51,1000 Hours,District 3 (Northwest),,CARROLL,,Co Rd E53/250TH ST,Collision with:  Vehicle in traffic,On Roadway,Rear-end (front to rear),Lost Control,None Indicated,,Daylight,Dry,Clear,None apparent,Non-intersection:  Non-junction/no special feature,Paved,,Possible/Unknown,0,1,0,0,1,0,4500,2,2,,POINT (-94.68278139498 41.993624708196)
2014808229,14071745,07/17/2014,07-July,5-Thursday,17:06,1700 Hours,District 2 (Northeast),CEDAR FALLS,BLACK HAWK,,CHANCELLOR DR,Collision with:  Vehicle in traffic,On Roadway,Rear-end (front to rear),Swerving/Evasive Action,None Indicated,,Daylight,Dry,Clear,None apparent,Non-intersection:  Non-junction/no special feature,Paved,,Property Damage Only,0,0,0,0,0,0,3000,2,2,,POINT (-92.454626262218 42.478024215356)
2014809640,,07/17/2014,07-July,5-Thursday,11:07,1100 Hours,District 2 (Northeast),,FLOYD,,Co Rd T34/JERSEY AVE,Non-collision events:  Overturn/rollover,Roadside,Non-collision (single vehicle),Swerving/Evasive Action,None Indicated,,Daylight,"Mud, dirt",Clear,None apparent,Non-intersection:  Non-junction/no special feature,Unpaved,,Possible/Unknown,0,1,0,0,1,0,75000,1,1,,POINT (-92.849623685168 43.019750235616)
2014808176,14-029848,07/17/2014,07-July,5-Thursday,10:30,1000 Hours,District 4 (Southwest),COUNCIL BLUFFS,POTTAWATTAMIE,,7TH AVE & S 24TH ST,Collision with:  Parked motor vehicle,Roadside,"Sideswipe, same direction",Lost Control,None Indicated,,Daylight,Dry,Clear,None apparent,Non-intersection:  Non-junction/no special feature,Paved,,Property Damage Only,0,0,0,0,0,0,3000,2,1,,POINT (-95.879574029119 41.255336960376)
2014810026,14071650,07/17/2014,07-July,5-Thursday,12:10,1200 Hours,District 2 (Northeast),CEDAR FALLS,BLACK HAWK,,UNIVERSITY AVE & VALLEY PARK DR,Collision with:  Vehicle in traffic,On Roadway,"Angle, oncoming left turn",FTYROW:  Making left turn,None Indicated,,Daylight,Dry,Cloudy,None apparent,Intersection:  Four-way intersection,Paved,,Property Damage Only,0,0,0,0,0,0,1500,2,2,,POINT (-92.436804702414 42.513078847323)
2014810216,07-14-178,07/17/2014,07-July,5-Thursday,10:00,1000 Hours,District 3 (Northwest),LE MARS,PLYMOUTH,,1ST ST NW & 1ST ST NE & CENTRAL AVE,Collision with:  Vehicle in traffic,On Roadway,Broadside (front to side),Ran Traffic Signal,None Indicated,,Daylight,Dry,Clear,None apparent,Intersection:  Four-way intersection,Paved,,Property Damage Only,0,0,0,0,0,0,3500,2,2,,POINT (-96.166464249151 42.794276592987)
2014808258,14011968,07/17/2014,07-July,5-Thursday,00:47,0000 Hours,District 2 (Northeast),MASON CITY,CERRO GORDO,,N FEDERAL AVE,Collision with fixed object:  Other fixed object (explain in narrative),Outside trafficway,Non-collision (single vehicle),Crossed centerline (undivided),None Indicated,,Dark - roadway lighted,Dry,Clear,None apparent,Non-intersection:  Non-junction/no special feature,Paved,,Property Damage Only,0,0,0,0,0,0,5100,1,1,,POINT (-93.201047077907 43.154125346481)
2014810303,1405641,07/17/2014,07-July,5-Thursday,11:10,1100 Hours,District 5 (Southeast),WASHINGTON,WASHINGTON,,W VAN BUREN ST & E VAN BUREN ST & S IOWA AVE,Collision with:  Vehicle in traffic,On Roadway,Broadside (front to side),FTYROW:  From stop sign,None Indicated,,Daylight,Dry,Cloudy,None apparent,Intersection:  Four-way intersection,Paved,,Minor Injury,0,1,0,1,0,0,10000,2,3,,POINT (-91.691849300273 41.292451630591)
2014808132,SO1402880,07/17/2014,07-July,5-Thursday,19:29,1900 Hours,District 5 (Southeast),,JEFFERSON,US 34,US 34,Non-collision events:  Overturn/rollover,Shoulder,Non-collision (single vehicle),Ran off road - right,None Indicated,,Daylight,Dry,Clear,None apparent,Non-intersection:  Non-junction/no special feature,Paved,,Major Injury,0,1,1,0,0,0,10100,1,1,,POINT (-91.885672952594 41.002432201802)
2014808008,S14-7068,07/17/2014,07-July,5-Thursday,01:00,0100 Hours,District 3 (Northwest),OTO,WOODBURY,,Co Rd D54/DANBURY BLACK TOP,Collision with:  Animal,,,Animal,None Indicated,,,,,,,Paved,,Property Damage Only,0,0,0,0,0,0,1500,1,1,,POINT (-95.864606316743 42.277458017692)
2014809575,2014-49469,07/17/2014,07-July,5-Thursday,11:02,1100 Hours,District 6 (East Central),DAVENPORT,SCOTT,I-80,I-80 & I-280,Collision with:  Vehicle in traffic,On Roadway,"Sideswipe, same direction",Unknown,None Indicated,,Daylight,Dry,Cloudy,None apparent,Non-intersection:  Other non-intersection (explain in narrative),Paved,,Property Damage Only,0,0,0,0,0,0,9500,2,2,,POINT (-90.676153225024 41.603481229539)
2014808208,14-22976,07/17/2014,07-July,5-Thursday,09:52,0900 Hours,District 3 (Northwest),SIOUX CITY,WOODBURY,,HAMILTON BLVD,Collision with:  Non-motorist (see non-motorist section - NOT a unit),On Roadway,Non-collision (single vehicle),Other (explain in narrative):  No improper action,None Indicated,,Daylight,Dry,Clear,None apparent,Non-intersection:  Driveway access (within),Paved,,Possible/Unknown,0,1,0,0,1,0,25,1,2,,POINT (-96.403908572909 42.555002408036)
2014808155,20140020395,07/17/2014,07-July,5-Thursday,11:09,1100 Hours,District 1 (Central),DES MOINES,POLK,US 6,US 6/DOUGLAS AVE & BEAVER AVE,Collision with:  Vehicle in traffic,On Roadway,"Angle, oncoming left turn",FTYROW:  Making left turn,None Indicated,,Daylight,Ice/frost,Clear,None apparent,Intersection:  Four-way intersection,Paved,,Property Damage Only,0,0,0,0,0,0,4700,2,2,,POINT (-93.678035211176 41.629469646807)
2014808178,14-029911,07/17/2014,07-July,5-Thursday,19:00,1900 Hours,District 4 (Southwest),COUNCIL BLUFFS,POTTAWATTAMIE,,WOODBURY AVE & MADISON AVE,Collision with:  Vehicle in traffic,On Roadway,"Angle, oncoming left turn",FTYROW:  Making left turn,None Indicated,,Daylight,Dry,Clear,None apparent,Intersection:  Four-way intersection,Paved,,Property Damage Only,0,0,0,0,0,0,2000,2,2,,POINT (-95.825651949102 41.242849192185)
2014808306,201410261,07/17/2014,07-July,5-Thursday,12:43,1200 Hours,District 6 (East Central),CEDAR RAPIDS,LINN,,3RD AVE SE & 8TH ST SE,Collision with:  Vehicle in traffic,On Roadway,"Sideswipe, same direction",Other (explain in narrative):  No improper action,None Indicated,,Daylight,Dry,Cloudy,None apparent,Intersection:  Other intersection (explain in narrative),Paved,,Property Damage Only,0,0,0,0,0,0,3000,2,2,,POINT (-91.660314161525 41.980814061893)
2014808154,20140020370,07/17/2014,07-July,5-Thursday,07:53,0700 Hours,District 1 (Central),DES MOINES,POLK,I-235,I-235,Collision with:  Vehicle in traffic,On Roadway,Rear-end (front to rear),Followed too close,None Indicated,,Daylight,Dry,Clear,None apparent,Non-intersection:  Non-junction/no special feature,Paved,,Property Damage Only,0,0,0,0,0,0,5750,2,2,,POINT (-93.648913332524 41.595023031256)
2014808643,,07/17/2014,07-July,5-Thursday,15:18,1500 Hours,District 5 (Southeast),,LUCAS,IA 14,IA 14,Collision with:  Vehicle in traffic,On Roadway,Rear-end (front to rear),Swerving/Evasive Action,None Indicated,,Daylight,Dry,Cloudy,None apparent,Non-intersection:  Non-junction/no special feature,Paved,,Possible/Unknown,0,1,0,0,1,0,6000,2,3,,POINT (-93.213459181979 41.126068790508)
2014808009,S14-7070,07/17/2014,07-July,5-Thursday,04:50,0400 Hours,District 3 (Northwest),SIOUX CITY,WOODBURY,US 75,US 75,Collision with:  Animal,,,Animal,None Indicated,,,,,,,Paved,,Property Damage Only,0,0,0,0,0,0,1500,1,1,,POINT (-96.322945244894 42.486254870907)
2014808171,14-0610,07/17/2014,07-July,5-Thursday,18:01,1800 Hours,District 1 (Central),WINDSOR HEIGHTS,POLK,I-235,I-235,Collision with:  Vehicle in traffic,On Roadway,Rear-end (front to rear),Followed too close,None Indicated,,Daylight,Dry,Clear,None apparent,Non-intersection:  Non-junction/no special feature,Paved,,Property Damage Only,0,0,0,0,0,0,22000,4,8,,POINT (-93.712836635032 41.593338407746)
2014808305,201410247,07/17/2014,07-July,5-Thursday,09:30,0900 Hours,District 6 (East Central),CEDAR RAPIDS,LINN,IA 922,IA 922/1ST AVE E,Collision with:  Vehicle in traffic,On Roadway,"Angle, oncoming left turn",FTYROW:  From driveway,None Indicated,,Daylight,Dry,Clear,None apparent,Non-intersection:  Driveway access (within),Paved,,Property Damage Only,0,0,0,0,0,0,1800,2,2,,POINT (-91.642500636882 41.99374513117)
2014808370,20140020411,07/17/2014,07-July,5-Thursday,13:54,1300 Hours,District 1 (Central),DES MOINES,POLK,US 69,US 69/E 15TH ST & CAPITOL AVE,Collision with:  Vehicle in traffic,On Roadway,"Sideswipe, same direction",Improper or erratic lane changing,None Indicated,,Daylight,Dry,Clear,None apparent,Non-intersection:  Non-junction/no special feature,Paved,,Property Damage Only,0,0,0,0,0,0,3000,2,2,,POINT (-93.594924129963 41.593027244596)
2014808521,100-2014,07/17/2014,07-July,5-Thursday,17:30,1700 Hours,District 4 (Southwest),,HARRISON,,PIKE TRL,Non-collision events:  Other non-collision (explain in narrative),On Roadway,Non-collision (single vehicle),Lost Control,None Indicated,,Daylight,Dry,Cloudy,None apparent,Non-intersection:  Non-junction/no special feature,Unpaved,,Major Injury,0,3,1,2,0,0,4500,1,4,,POINT (-95.726126825145 41.75105649175)
2014816489,2014-7582,07/17/2014,07-July,5-Thursday,22:07,2200 Hours,District 3 (Northwest),,SAC,US 71,US 71/KARR AVE,Non-collision events:  Overturn/rollover,Outside trafficway,Non-collision (single vehicle),Swerving/Evasive Action,None Indicated,,Dark - roadway not lighted,Dry,Clear,None apparent,Non-intersection:  Non-junction/no special feature,Paved,,Property Damage Only,0,0,0,0,0,0,4000,1,2,,POINT (-95.147932687543 42.426024402978)
2014808430,2014-49480,07/17/2014,07-July,5-Thursday,11:52,1100 Hours,District 6 (East Central),DAVENPORT,SCOTT,,UTICA RIDGE RD,Collision with:  Vehicle in traffic,On Roadway,Rear-end (front to rear),Followed too close,None Indicated,,Daylight,Dry,Clear,None apparent,Non-intersection:  Non-junction/no special feature,Paved,,Property Damage Only,0,0,0,0,0,0,3800,2,2,,POINT (-90.513477653985 41.574471104043)
2014808118,1407178111,07/17/2014,07-July,5-Thursday,16:40,1600 Hours,District 6 (East Central),DELMAR,CLINTON,,CENTER ST & MAIN ST,Collision with:  Non-motorist (see non-motorist section - NOT a unit),On Roadway,Non-collision (single vehicle),Other (explain in narrative):  No improper action,None Indicated,,Daylight,Dry,Clear,None apparent,Non-intersection:  Non-junction/no special feature,Paved,,Possible/Unknown,0,1,0,0,1,0,500,1,1,,POINT (-90.607091407208 42.002294424573)
2014811092,2014041715,07/17/2014,07-July,5-Thursday,06:21,0600 Hours,District 2 (Northeast),,WRIGHT,,280TH ST & VICTOR AVE,Collision with:  Vehicle in traffic,On Roadway,Broadside (front to side),FTYROW:  At uncontrolled intersection,Drug,,Daylight,Dry,Clear,"Surface condition (e.g., wet, icy)",Intersection:  Four-way intersection,Unpaved,,Major Injury,0,3,2,1,0,0,12000,2,3,,POINT (-93.567661938312 42.644639343425)
2014809643,,07/17/2014,07-July,5-Thursday,19:25,1900 Hours,District 2 (Northeast),,WINNEBAGO,US 69,US 69/450TH ST,Collision with:  Vehicle in traffic,On Roadway,Rear-end (front to rear),Followed too close,None Indicated,,Daylight,Dry,Clear,None apparent,Non-intersection:  Non-junction/no special feature,Paved,,Minor Injury,0,2,0,1,1,0,3000,2,3,,POINT (-93.58700204023 43.415451761128)
2014808483,,07/17/2014,07-July,5-Thursday,12:10,1200 Hours,District 6 (East Central),DE WITT,CLINTON,US 30,US 30,Collision with:  Parked motor vehicle,Shoulder,"Sideswipe, same direction",FTYROW:  Other (explain in narrative),None Indicated,,Daylight,Dry,Clear,None apparent,Non-intersection:  Non-junction/no special feature,Paved,,Property Damage Only,0,0,0,0,0,0,14000,2,2,,POINT (-90.518087456131 41.807722385769)
2014813184,AC-14-0039,07/17/2014,07-July,5-Thursday,15:07,1500 Hours,District 6 (East Central),MONTICELLO,JONES,US 151,US 151/SW 38C RAMP/NW 38A RAMP & IA 38/IOWA 38,Collision with:  Vehicle in traffic,On Roadway,Rear-end (front to rear),Followed too close,None Indicated,,Daylight,Dry,Clear,Debris,Non-intersection:  Other non-intersection (explain in narrative),Paved,,Property Damage Only,0,0,0,0,0,0,1500,2,2,,POINT (-91.172295148612 42.230581125744)
2014808177,14-029904,07/17/2014,07-July,5-Thursday,18:10,1800 Hours,District 4 (Southwest),COUNCIL BLUFFS,POTTAWATTAMIE,I-29,I-29,Collision with:  Vehicle in traffic,On Roadway,Rear-end (front to rear),Followed too close,Alcohol (Statutory),,Daylight,Dry,Clear,None apparent,Non-intersection:  Non-junction/no special feature,Paved,,Possible/Unknown,0,1,0,0,1,0,2000,2,2,,POINT (-95.835245121846 41.223249403645)
2014808205,14C03346,07/17/2014,07-July,5-Thursday,18:20,1800 Hours,District 4 (Southwest),CRESTON,UNION,,W ADAMS ST & S LINCOLN ST,Collision with:  Vehicle in traffic,On Roadway,Broadside (front to side),Unknown,None Indicated,,Daylight,Dry,Clear,None apparent,Non-intersection:  Non-junction/no special feature,Paved,,Property Damage Only,0,0,0,0,0,0,2700,2,3,,POINT (-94.376238226961 41.057297540004)
2014808478,2014041872,07/17/2014,07-July,5-Thursday,21:00,2100 Hours,District 4 (Southwest),,POTTAWATTAMIE,I-80,I-80,Collision with fixed object:  Ditch,Shoulder,Non-collision (single vehicle),Swerving/Evasive Action,None Indicated,,Dusk,Dry,Clear,None apparent,Non-intersection:  Non-junction/no special feature,Paved,,Property Damage Only,0,0,0,0,0,0,1500,1,1,,POINT (-95.457749569984 41.498851081904)
2014808119,CL14002461,07/17/2014,07-July,5-Thursday,17:42,1700 Hours,District 6 (East Central),CLINTON,CLINTON,US 30,US 30/LINCOLN WAY & US 67/WASHINGTON BLVD & VALLEY WEST CT,Collision with:  Vehicle in traffic,On Roadway,"Angle, oncoming left turn",Ran Traffic Signal,None Indicated,,Daylight,Dry,Cloudy,None apparent,Intersection:  Four-way intersection,Paved,,Property Damage Only,0,0,0,0,0,0,7000,2,2,,POINT (-90.242377582943 41.815560543824)