Iowa DOT Case Number,Law Enforcement Case Number,Date of Crash,Month of Crash,Day of Week,Time of Crash,Hour,DOT District,City Name,County Name,Route with System,Location Description,First Harmful Event,Location of First Harmful Event,Manner of Crash/Collision,Major Cause,Drug or Alcohol ,Environmental Conditions,Light Conditions,Surface Conditions,Weather Conditions,Roadway Contribution,Roadway Type,Roadway Surface,Work Zone,Crash Severity,Number of Fatalities,Number of Injuries,Number of Major Injuries,Number of Minor Injuries,Number of Possible Injuries,Number of Unknown Injuries,Amount of Property Damage,Number of Vehicles Involved,Total Number of Occupants,Travel Direction,Location
2014809129,14-21832,07/17/2014,07-July,5-Thursday,20:10,2000 Hours,District 5 (Southeast),FORT MADISON,LEE,US 61,US 61,Non-collision events:  Overturn/rollover,On Roadway,Non-collision (single vehicle),FTYROW:  Other (explain in narrative),None Indicated,,Dusk,Dry,Clear,None apparent,Non-intersection:  Non-junction/no special feature,Paved,,Property Damage Only,0,0,0,0,0,0,8500,1,2,,POINT (-91.212940726917 40.725017815914)
2014808304,201410234,07/17/2014,07-July,5-Thursday,05:51,0500 Hours,District 6 (East Central),CEDAR RAPIDS,LINN,I-380,I-380 & CENTER POINT RD NE,Collision with:  Vehicle in traffic,On Roadway,Broadside (front to side),Other (explain in narrative):  Other,None Indicated,,Daylight,Dry,Clear,None apparent,Intersection:  Intersection with ramp,Paved,,Property Damage Only,0,0,0,0,0,0,13000,2,2,,POINT (-91.667986407319 42.027925776726)
2014809105,14-030717-01,07/17/2014,07-July,5-Thursday,21:20,2100 Hours,District 6 (East Central),,IOWA,US 6,US 6,Collision with:  Animal,,Non-collision (single vehicle),Animal,None Indicated,,,,,,,Paved,,Property Damage Only,0,0,0,0,0,0,5000,1,1,,POINT (-92.019433699399 41.785323425299)
2014808169,14-3407,07/17/2014,07-July,5-Thursday,17:15,1700 Hours,District 1 (Central),WEST DES MOINES,POLK,I-235,I-235,Collision with:  Vehicle in traffic,On Roadway,Rear-end (front to rear),Followed too close,None Indicated,,Daylight,Dry,Clear,None apparent,Non-intersection:  Non-junction/no special feature,Paved,,Possible/Unknown,0,1,0,0,1,0,3500,2,2,,POINT (-93.729262868969 41.593361486236)
2014808152,20140020356,07/17/2014,07-July,5-Thursday,02:15,0200 Hours,District 1 (Central),DES MOINES,POLK,,EASTON BLVD & E 31ST ST,Unknown,On Roadway,Non-collision (single vehicle),Swerving/Evasive Action,None Indicated,,Dark - roadway lighted,Dry,Clear,None apparent,Non-intersection:  Non-junction/no special feature,Paved,,Property Damage Only,0,0,0,0,0,0,2050,1,1,,POINT (-93.557247190887 41.610969309975)
2014808166,20140020435,07/17/2014,07-July,5-Thursday,00:01,0000 Hours,District 1 (Central),DES MOINES,POLK,,CLINTON AVE,Collision with:  Vehicle in traffic,On Roadway,Unknown,Other (explain in narrative):  No improper action,None Indicated,,Dark - roadway lighted,Dry,Cloudy,None apparent,Non-intersection:  Non-junction/no special feature,Paved,,Property Damage Only,0,0,0,0,0,0,4000,2,1,,POINT (-93.630053537038 41.62857171665)
2014808814,201410277,07/17/2014,07-July,5-Thursday,17:59,1700 Hours,District 6 (East Central),CEDAR RAPIDS,LINN,,EDGEWOOD RD NW,Collision with:  Vehicle in traffic,On Roadway,Rear-end (front to rear),Other (explain in narrative):  Other,None Indicated,,Daylight,Dry,Clear,None apparent,Non-intersection:  Non-junction/no special feature,Paved,,Property Damage Only,0,0,0,0,0,0,3000,2,2,,POINT (-91.71603415239 41.969931604906)
2014808184,14-000838,07/17/2014,07-July,5-Thursday,16:37,1600 Hours,District 1 (Central),,STORY,IA 210,IA 210/IOWA 210,Collision with:  Vehicle in traffic,On Roadway,Rear-end (front to rear),Driver Distraction:  Reaching for object(s)/fallen object(s),None Indicated,,Daylight,Dry,Clear,None apparent,Non-intersection:  Non-junction/no special feature,Paved,,Minor Injury,0,1,0,1,0,0,8000,2,2,,POINT (-93.53881795621 41.877755144493)
2014810997,143995,07/17/2014,07-July,5-Thursday,17:54,1700 Hours,District 1 (Central),,HARDIN,,JJ AVE,Collision with:  Parked motor vehicle,Roadside,Broadside (front to side),Made improper turn,None Indicated,,Daylight,Dry,Cloudy,None apparent,Non-intersection:  Non-junction/no special feature,Paved,,Property Damage Only,0,0,0,0,0,0,5000,2,1,,POINT (-93.29000301264 42.514311924767)
2014809379,14009698,07/17/2014,07-July,5-Thursday,10:31,1000 Hours,District 4 (Southwest),GLENWOOD,MILLS,,S LOCUST ST,Collision with:  Vehicle in traffic,On Roadway,"Sideswipe, same direction",Traveling wrong way or on wrong side of road,None Indicated,,Daylight,Dry,Clear,None apparent,Non-intersection:  Crossover-related,Paved,,Property Damage Only,0,0,0,0,0,0,2500,2,2,,POINT (-95.747075965236 41.037690173446)
2014808457,2014-15254,07/17/2014,07-July,5-Thursday,20:14,2000 Hours,District 5 (Southeast),,WARREN,US 65,US 65,Collision with:  Animal,,,Animal,None Indicated,,,,,,,Paved,,Property Damage Only,0,0,0,0,0,0,3000,1,1,,POINT (-93.500088008927 41.184093136741)
2014808491,,07/17/2014,07-July,5-Thursday,16:18,1600 Hours,District 2 (Northeast),CHARLES CITY,FLOYD,US 18,US 18/BRANTINGHAM ST/GILBERT ST & IA 14 & FREEMAN ST,Collision with:  Other non-fixed object (explain in narrative),,Non-collision (single vehicle),Equipment failure,None Indicated,,,,,,,Paved,,Property Damage Only,0,0,0,0,0,0,3100,2,2,,POINT (-92.676611769171 43.062778320287)
2014808120,2014-3325,07/17/2014,07-July,5-Thursday,14:28,1400 Hours,District 4 (Southwest),WAUKEE,DALLAS,US 6,US 6/HICKMAN AVE,Collision with:  Vehicle in traffic,On Roadway,Rear-end (front to rear),Other (explain in narrative):  Other,None Indicated,,Daylight,Dry,Clear,None apparent,Non-intersection:  Non-junction/no special feature,Paved,,Property Damage Only,0,0,0,0,0,0,8000,2,3,,POINT (-93.852316686161 41.615032992521)
2014808628,14-0287,07/17/2014,07-July,5-Thursday,07:00,0700 Hours,District 5 (Southeast),,DECATUR,,Co Rd J20/COUNTY HWY J20,Collision with:  Animal,,,Animal,None Indicated,,,,,,,Paved,,Property Damage Only,0,0,0,0,0,0,3000,1,1,,POINT (-93.876965797408 40.821687702372)
2014808445,14-003345,07/17/2014,07-July,5-Thursday,09:22,0900 Hours,District 1 (Central),AMES,STORY,,NORTHWESTERN AVE,Collision with:  Vehicle in traffic,On Roadway,"Sideswipe, same direction",Other (explain in narrative):  Other,None Indicated,,Daylight,Dry,Clear,None apparent,Non-intersection:  Non-junction/no special feature,Paved,,Property Damage Only,0,0,0,0,0,0,2000,2,2,,POINT (-93.625731649769 42.034147782254)
2014808801,201402454,07/17/2014,07-July,5-Thursday,01:55,0100 Hours,District 6 (East Central),,LINN,,Co Rd W6E/ELY RD,Collision with fixed object:  Ditch,Roadside,Non-collision (single vehicle),Ran off road - right,None Indicated,,Dark - roadway not lighted,Dry,Clear,None apparent,Non-intersection:  Non-junction/no special feature,Paved,,Property Damage Only,0,0,0,0,0,0,1800,1,1,,POINT (-91.62772029046 41.920770179859)
2014808261,14012002,07/17/2014,07-July,5-Thursday,16:15,1600 Hours,District 2 (Northeast),MASON CITY,CERRO GORDO,,9TH ST NE & N CAROLINA AVE,Collision with fixed object:  Other fixed object (explain in narrative),On Roadway,Non-collision (single vehicle),Ran off road - straight,None Indicated,,Daylight,Dry,Clear,None apparent,Intersection:  T-intersection,Paved,,Property Damage Only,0,0,0,0,0,0,2900,1,2,,POINT (-93.190414336043 43.160113743578)
2014809789,14-24966,07/17/2014,07-July,5-Thursday,16:51,1600 Hours,District 5 (Southeast),BURLINGTON,DES MOINES,US 61,US 61 & STONEGATE CENTER DR,Collision with:  Animal,,,Animal,None Indicated,,,,,,,Paved,,Property Damage Only,0,0,0,0,0,0,2500,1,1,,POINT (-91.142138523042 40.789549270941)
2014808335,14-0851,07/17/2014,07-July,5-Thursday,16:58,1600 Hours,District 1 (Central),CLIVE,POLK,,UNIVERSITY AVE,Collision with:  Vehicle in traffic,On Roadway,Rear-end (front to rear),Driving too fast for conditions,None Indicated,,Daylight,Dry,Cloudy,None apparent,Non-intersection:  Non-junction/no special feature,Paved,,Property Damage Only,0,0,0,0,0,0,3500,2,5,,POINT (-93.721926086127 41.600388383414)
2014808386,14-001623,07/18/2014,07-July,6-Friday,22:55,2200 Hours,District 1 (Central),ALTOONA,POLK,,,Collision with:  Vehicle in traffic,On Roadway,"Angle, oncoming left turn",FTYROW:  Making left turn,None Indicated,,Dark - roadway lighted,Dry,Clear,None apparent,Intersection:  T-intersection,,,Property Damage Only,0,0,0,0,0,0,3500,2,2,,POINT (-96.643700149993 40.233091251414)
2014812187,,07/18/2014,07-July,6-Friday,05:30,0500 Hours,District 2 (Northeast),,ALLAMAKEE,,Co Rd A26/IOWA RIVER DR,Collision with:  Animal,On Roadway,Non-collision (single vehicle),Animal,None Indicated,,Dawn,Dry,Clear,,Non-intersection:  Non-junction/no special feature,Paved,,Property Damage Only,0,0,0,0,0,0,15000,1,1,,POINT (-91.317205829258 43.473466575404)
2014808357,20140020568,07/18/2014,07-July,6-Friday,18:21,1800 Hours,District 1 (Central),DES MOINES,POLK,,UNIVERSITY AVE,Collision with fixed object:  Utility pole/light support,On Roadway,Non-collision (single vehicle),"Operating vehicle in an reckless, erratic, careless, negligent manner",None Indicated,,Daylight,Dry,Cloudy,None apparent,Non-intersection:  Non-junction/no special feature,Paved,,Possible/Unknown,0,1,0,0,1,0,3500,1,2,,POINT (-93.686790477375 41.600378471106)
2014808391,14-029996,07/18/2014,07-July,6-Friday,12:00,1200 Hours,District 4 (Southwest),COUNCIL BLUFFS,POTTAWATTAMIE,,BIG LAKE RD & JOSLIN AVE,Collision with fixed object:  Bridge overhead structure,On Roadway,Non-collision (single vehicle),Other (explain in narrative):  No improper action,None Indicated,,Daylight,Dry,Cloudy,None apparent,Non-intersection:  Other non-intersection (explain in narrative),Paved,,Property Damage Only,0,0,0,0,0,0,2000,1,2,,POINT (-95.863938540737 41.284241326618)
2014808280,01-14-31680,07/18/2014,07-July,6-Friday,16:45,1600 Hours,District 6 (East Central),DUBUQUE,DUBUQUE,,E 12TH ST & JACKSON ST,Collision with:  Vehicle in traffic,On Roadway,Broadside (front to side),FTYROW:  From stop sign,None Indicated,,Daylight,Dry,Clear,None apparent,Intersection:  Four-way intersection,Paved,,Property Damage Only,0,0,0,0,0,0,5000,2,3,,POINT (-90.664883116855 42.505309892501)
2014808324,1400000622,07/18/2014,07-July,6-Friday,11:36,1100 Hours,District 1 (Central),,MARSHALL,,Co Rd E41/235TH ST & FAIRMAN AVE,Collision with:  Vehicle in traffic,On Roadway,Rear-end (front to rear),Followed too close,None Indicated,,Daylight,Dry,Cloudy,None apparent,Intersection:  Four-way intersection,Paved,,Property Damage Only,0,0,0,0,0,0,4500,2,2,,POINT (-93.136246525339 42.014796115068)
2014808586,14003365,07/18/2014,07-July,6-Friday,21:49,2100 Hours,District 1 (Central),AMES,STORY,,S 3RD ST,Collision with:  Vehicle in traffic,On Roadway,"Sideswipe, same direction",Improper or erratic lane changing,None Indicated,,Dark - roadway lighted,Dry,Clear,None apparent,Non-intersection:  Non-junction/no special feature,Paved,,Property Damage Only,0,0,0,0,0,0,6000,2,3,,POINT (-93.61877702049 42.019621862992)
2014808533,2014007735,07/18/2014,07-July,6-Friday,13:55,1300 Hours,District 6 (East Central),IOWA CITY,JOHNSON,US 6,US 6,Collision with:  Vehicle in traffic,On Roadway,Rear-end (front to rear),Followed too close,None Indicated,,Daylight,Dry,Cloudy,None apparent,Intersection:  T-intersection,Paved,,Possible/Unknown,0,1,0,0,1,0,3000,2,2,,POINT (-91.488983333706 41.630949850279)
2014809646,,07/18/2014,07-July,6-Friday,10:43,1000 Hours,District 2 (Northeast),,FLOYD,,Co Rd B45/210TH ST,,Shoulder,Non-collision (single vehicle),Swerving/Evasive Action,None Indicated,,Daylight,Dry,Cloudy,None apparent,Non-intersection:  Non-junction/no special feature,Paved,,Property Damage Only,0,0,0,0,0,0,1500,1,1,,POINT (-92.850514004773 43.052394641996)
2014808421,2014-49719,07/18/2014,07-July,6-Friday,10:59,1000 Hours,District 6 (East Central),DAVENPORT,SCOTT,US 67,US 67/GAINES ST,Collision with:  Vehicle in traffic,On Roadway,"Sideswipe, same direction",FTYROW:  From yield sign,None Indicated,,Daylight,Dry,Clear,None apparent,Interchange-related:  On-ramp merge area,Paved,,Possible/Unknown,0,1,0,0,0,1,4000,2,2,,POINT (-90.583552595866 41.520864901641)
2014808717,14-8266,07/18/2014,07-July,6-Friday,16:18,1600 Hours,District 3 (Northwest),,SIOUX,,Co Rd K30/EAGLE AVE,Collision with:  Non-motorist (see non-motorist section - NOT a unit),On Roadway,Non-collision (single vehicle),FTYROW:  Other (explain in narrative),None Indicated,,Daylight,Dry,Clear,None apparent,Non-intersection:  Non-junction/no special feature,Paved,,Major Injury,0,1,1,0,0,0,1000,1,2,,POINT (-96.312618544877 42.936959592268)
2014811156,143774,07/18/2014,07-July,6-Friday,13:56,1300 Hours,District 1 (Central),IOWA FALLS,HARDIN,,WASHINGTON AVE & MAIN ST,Collision with:  Vehicle in traffic,On Roadway,"Sideswipe, same direction",Made improper turn,None Indicated,,Daylight,Dry,Clear,None apparent,Non-intersection:  Non-junction/no special feature,Paved,,Property Damage Only,0,0,0,0,0,0,5000,2,2,,POINT (-93.265423465446 42.519639905655)
2014812058,2014-49834,07/18/2014,07-July,6-Friday,21:55,2100 Hours,District 6 (East Central),DAVENPORT,SCOTT,,W 53RD ST,Collision with:  Vehicle in traffic,On Roadway,"Angle, oncoming left turn",Made improper turn,None Indicated,,Dark - roadway lighted,Dry,Clear,None apparent,Non-intersection:  Driveway access (within),Paved,,Possible/Unknown,0,2,0,0,2,0,9000,2,2,,POINT (-90.578012632216 41.574570532692)
2014808180,14-029946,07/18/2014,07-July,6-Friday,00:07,0000 Hours,District 4 (Southwest),COUNCIL BLUFFS,POTTAWATTAMIE,US 6,US 6/KANESVILLE BLVD & S 1ST ST & HARRISON ST,Collision with:  Vehicle in traffic,On Roadway,Head-on (front to front),Other (explain in narrative):  Other,None Indicated,,Dark - roadway lighted,Dry,Clear,None apparent,Non-intersection:  Non-junction/no special feature,Paved,,Property Damage Only,0,0,0,0,0,0,10000,2,2,,POINT (-95.844059288984 41.265019653204)
2014809595,14-23087,07/18/2014,07-July,6-Friday,06:25,0600 Hours,District 3 (Northwest),SIOUX CITY,WOODBURY,IA 376,IA 376/LEWIS BLVD,Collision with fixed object:  Utility pole/light support,Outside trafficway,Non-collision (single vehicle),Lost Control,Alcohol (Statutory),,Dawn,Dry,Clear,None apparent,Non-intersection:  Non-junction/no special feature,Paved,,Possible/Unknown,0,1,0,0,1,0,12638,1,1,,POINT (-96.3689213386 42.517516462477)
2014808371,20140020531,07/18/2014,07-July,6-Friday,13:17,1300 Hours,District 1 (Central),DES MOINES,POLK,,SW 9TH ST,Collision with:  Vehicle in traffic,On Roadway,Broadside (front to side),FTYROW:  From stop sign,None Indicated,,Daylight,Dry,Clear,None apparent,Intersection:  T-intersection,Paved,,Possible/Unknown,0,2,0,0,2,0,6000,2,2,,POINT (-93.625714799239 41.526155761826)
2014808944,201410585,07/18/2014,07-July,6-Friday,02:02,0200 Hours,District 6 (East Central),CEDAR RAPIDS,LINN,,1ST AVE E,Collision with:  Vehicle in traffic,On Roadway,Rear-end (front to rear),Swerving/Evasive Action,None Indicated,,Dark - roadway lighted,Dry,Clear,None apparent,Intersection:  Four-way intersection,Paved,,Property Damage Only,0,0,0,0,0,0,1500,2,2,,POINT (-91.620979120723 42.025938542015)
2014808233,W14-072237,07/18/2014,07-July,6-Friday,22:25,2200 Hours,District 2 (Northeast),WATERLOO,BLACK HAWK,,S HACKETT RD & GREENHILL RD,Collision with:  Vehicle in traffic,On Roadway,"Sideswipe, same direction",FTYROW:  Making left turn,None Indicated,,Dark - roadway lighted,Dry,Clear,None apparent,Intersection:  Four-way intersection,Paved,,Property Damage Only,0,0,0,0,0,0,2000,2,3,,POINT (-92.395126944261 42.500204257992)
2014808557,14-0852,07/18/2014,07-July,6-Friday,07:45,0700 Hours,District 4 (Southwest),CLIVE,DALLAS,US 6,US 6/HICKMAN AVE & NW 144TH ST,Collision with:  Vehicle in traffic,On Roadway,Rear-end (front to rear),Other (explain in narrative):  Other,None Indicated,,Daylight,Dry,Clear,None apparent,Non-intersection:  Non-junction/no special feature,Paved,,Possible/Unknown,0,1,0,0,1,0,7000,2,2,,POINT (-93.81732703114 41.614845742625)
2014808310,201410362,07/18/2014,07-July,6-Friday,23:12,2300 Hours,District 6 (East Central),CEDAR RAPIDS,LINN,,WILEY BLVD SW,Collision with:  Vehicle in traffic,On Roadway,"Angle, oncoming left turn",FTYROW:  Making left turn,None Indicated,,Dark - roadway lighted,Dry,Clear,None apparent,Intersection:  Four-way intersection,Paved,,Property Damage Only,0,0,0,0,0,0,10000,2,4,,POINT (-91.725785712402 41.960241212837)
2014809911,2014-14489,07/18/2014,07-July,6-Friday,10:04,1000 Hours,District 6 (East Central),,SCOTT,,VALLEY DR & SPENCER RD,Collision with:  Vehicle in traffic,On Roadway,Broadside (front to side),FTYROW:  From stop sign,None Indicated,,Daylight,Dry,Clear,None apparent,Intersection:  Four-way intersection,Paved,,Property Damage Only,0,0,0,0,0,0,3000,2,2,,POINT (-90.422856646037 41.569556363284)
2014808375,20140020565,07/18/2014,07-July,6-Friday,16:49,1600 Hours,District 1 (Central),DES MOINES,POLK,US 69,US 69/SE 14TH ST & CUMMINS RD,Collision with:  Vehicle in traffic,On Roadway,Rear-end (front to rear),Other (explain in narrative):  Other,None Indicated,,Daylight,Dry,Cloudy,None apparent,Intersection:  Four-way intersection,Paved,,Possible/Unknown,0,1,0,0,1,0,3000,2,2,,POINT (-93.596781891919 41.528939691847)
2014808785,4514-030,07/18/2014,07-July,6-Friday,20:30,2000 Hours,District 2 (Northeast),,HOWARD,,HOLLY AVE,Collision with fixed object:  Ditch,Shoulder,Non-collision (single vehicle),Crossed centerline (undivided),None Indicated,,Dusk,Dry,Cloudy,"Surface condition (e.g., wet, icy)",Non-intersection:  Non-junction/no special feature,Unpaved,,Possible/Unknown,0,1,0,0,1,0,2000,1,6,,POINT (-92.416694170677 43.232101998737)
2014808337,20140020481,07/18/2014,07-July,6-Friday,01:15,0100 Hours,District 1 (Central),DES MOINES,POLK,,EASTON BLVD & E 38TH CT,Collision with fixed object:  Other fixed object (explain in narrative),On Roadway,Non-collision (single vehicle),Exceeded authorized speed,Under Influence of Alcohol/Drugs/Medications,,Dark - roadway lighted,Dry,Clear,None apparent,Intersection:  Four-way intersection,Paved,,Property Damage Only,0,0,0,0,0,0,3200,1,3,,POINT (-93.540743322635 41.615119391115)
2014808157,20140020502,07/18/2014,07-July,6-Friday,09:30,0900 Hours,District 1 (Central),DES MOINES,POLK,,WASHINGTON AVE & MLK JR PKWY,Collision with:  Vehicle in traffic,On Roadway,Rear-end (front to rear),Followed too close,None Indicated,,Daylight,Dry,Clear,None apparent,Non-intersection:  Non-junction/no special feature,Paved,,Property Damage Only,0,0,0,0,0,0,4000,2,4,,POINT (-93.644073789973 41.609101516655)
2014810254,14-10853,07/18/2014,07-July,6-Friday,16:11,1600 Hours,District 6 (East Central),,JACKSON,,DARK HOLLOW RD,Collision with:  Animal,On Roadway,Non-collision (single vehicle),Animal,None Indicated,,Daylight,"Mud, dirt",Clear,None apparent,Non-intersection:  Non-junction/no special feature,Unpaved,,Minor Injury,0,5,0,4,1,0,8500,1,5,,POINT (-90.576412463156 42.111214262359)
2014808376,20140020569,07/18/2014,07-July,6-Friday,18:06,1800 Hours,District 1 (Central),DES MOINES,POLK,,FRANKLIN AVE & 55TH ST,Collision with:  Vehicle in traffic,On Roadway,Head-on (front to front),Improper Backing,None Indicated,,Daylight,Dry,Cloudy,None apparent,Intersection:  Four-way intersection,Paved,,Property Damage Only,0,0,0,0,0,0,2000,2,2,,POINT (-93.693135104852 41.611284151873)
2014808364,20140020601,07/18/2014,07-July,6-Friday,22:08,2200 Hours,District 1 (Central),DES MOINES,POLK,IA 163,IA 163/E UNIVERSITY AVE & E 30TH ST,Collision with:  Vehicle in traffic,On Roadway,"Sideswipe, same direction",FTYROW:  Making right turn on red signal,None Indicated,,Dark - roadway lighted,Dry,Clear,None apparent,Intersection:  Four-way intersection,Paved,,Property Damage Only,0,0,0,0,0,0,1500,2,3,,POINT (-93.558393312663 41.600524361461)
2014810228,SO14-0879,07/18/2014,07-July,6-Friday,21:52,2100 Hours,District 2 (Northeast),,WRIGHT,IA 17,IA 17/IOWA 17,Collision with:  Animal,,,Animal,None Indicated,,,,,,,Paved,,Property Damage Only,0,0,0,0,0,0,1550,1,1,,POINT (-93.971486455403 42.793667984702)
2014810095,14072071,07/18/2014,07-July,6-Friday,14:47,1400 Hours,District 2 (Northeast),CEDAR FALLS,BLACK HAWK,,GREENHILL RD & CEDAR HEIGHTS DR,Non-collision events:  Other non-collision (explain in narrative),On Roadway,Non-collision (single vehicle),Unknown,None Indicated,,Daylight,Dry,Clear,None apparent,Non-intersection:  Non-junction/no special feature,Paved,,Minor Injury,0,1,0,1,0,0,1500,1,1,,POINT (-92.4112841875 42.498154010193)
2014808961,14-009792,07/18/2014,07-July,6-Friday,23:25,2300 Hours,District 4 (Southwest),,MILLS,,Co Rd L35/221ST ST,Collision with:  Animal,On Roadway,Non-collision (single vehicle),Animal,None Indicated,,Dark - roadway not lighted,Dry,Clear,None apparent,Non-intersection:  Non-junction/no special feature,Paved,,Property Damage Only,0,0,0,0,0,0,4500,1,1,,POINT (-95.789605977512 41.158428311162)
2014808160,20140020514,07/18/2014,07-July,6-Friday,11:21,1100 Hours,District 1 (Central),DES MOINES,POLK,US 69,US 69/E 14TH ST & GUTHRIE AVE,Collision with:  Vehicle in traffic,On Roadway,"Angle, oncoming left turn",FTYROW:  Making left turn,None Indicated,,Daylight,Dry,Cloudy,None apparent,Intersection:  Four-way intersection,Paved,,Major Injury,0,2,2,0,0,0,9000,2,2,,POINT (-93.600539185516 41.615002717957)
2014808385,14-001620,07/18/2014,07-July,6-Friday,16:15,1600 Hours,District 1 (Central),ALTOONA,POLK,,34TH AVE SW,Collision with:  Vehicle in traffic,On Roadway,Broadside (front to side),FTYROW:  Making left turn,None Indicated,,Daylight,Dry,Cloudy,None apparent,Intersection:  T-intersection,Paved,,Minor Injury,0,2,0,2,0,0,3400,2,3,,POINT (-93.503113956316 41.652021605508)
2014810428,14-13645,07/18/2014,07-July,6-Friday,12:13,1200 Hours,District 6 (East Central),BETTENDORF,SCOTT,,FALCON AVE & 53RD AVE,Collision with:  Vehicle in traffic,On Roadway,Broadside (front to side),FTYROW:  From stop sign,None Indicated,,Daylight,Dry,Clear,None apparent,Intersection:  Four-way intersection,Paved,,Property Damage Only,0,0,0,0,0,0,2000,2,2,,POINT (-90.50121987875 41.575096828307)
2014808455,14C03359,07/18/2014,07-July,6-Friday,17:09,1700 Hours,District 4 (Southwest),CRESTON,UNION,IA 25,IA 25/N SUMNER AVE/W TOWNLINE ST,Collision with:  Vehicle in traffic,On Roadway,Broadside (front to side),Unknown,None Indicated,,Daylight,Dry,Cloudy,None apparent,Intersection:  Four-way intersection,Paved,,Property Damage Only,0,0,0,0,0,0,5000,2,2,,POINT (-94.372550479316 41.071096407122)
2014808347,20140020593,07/18/2014,07-July,6-Friday,21:00,2100 Hours,District 1 (Central),DES MOINES,POLK,US 6,US 6/EUCLID AVE & 6TH AVE,Collision with:  Vehicle in traffic,On Roadway,Rear-end (front to rear),"Operating vehicle in an reckless, erratic, careless, negligent manner",None Indicated,,Dark - roadway lighted,Dry,Clear,None apparent,Intersection:  Four-way intersection,Paved,,Property Damage Only,0,0,0,0,0,0,3000,2,5,,POINT (-93.624762711677 41.627681860805)
2014808329,14-030180,07/18/2014,07-July,6-Friday,21:48,2100 Hours,District 5 (Southeast),MUSCATINE,MUSCATINE,US 61,US 61/GRANDVIEW AVE & 33RD ST,Collision with:  Non-motorist (see non-motorist section - NOT a unit),On Roadway,Non-collision (single vehicle),Other (explain in narrative):  No improper action,None Indicated,,Dark - roadway not lighted,Dry,Clear,None apparent,Non-intersection:  Non-junction/no special feature,Paved,,Major Injury,0,1,1,0,0,0,1000,1,1,,POINT (-91.100325192426 41.385825900065)
2014808618,2014041899,07/18/2014,07-July,6-Friday,06:00,0600 Hours,District 6 (East Central),CEDAR RAPIDS,LINN,I-380,I-380 & BLAIRS FERRY RD NE,Collision with:  Vehicle in traffic,On Roadway,Broadside (front to side),Ran Traffic Signal,None Indicated,,Dawn,Dry,Clear,None apparent,Intersection:  Intersection with ramp,Paved,,Possible/Unknown,0,1,0,0,1,0,12000,2,2,,POINT (-91.675321877565 42.034756449393)
2014808237,W14-071915,07/18/2014,07-July,6-Friday,00:47,0000 Hours,District 2 (Northeast),WATERLOO,BLACK HAWK,,MIDLOTHIAN BLVD,Collision with:  Vehicle in traffic,On Roadway,"Sideswipe, same direction",Lost Control,Alcohol (Statutory),,Dark - roadway lighted,Dry,Clear,None apparent,Non-intersection:  Non-junction/no special feature,Paved,,Property Damage Only,0,0,0,0,0,0,6000,3,1,,POINT (-92.366368023589 42.47249095555)
2014810911,2014042018,07/18/2014,07-July,6-Friday,16:26,1600 Hours,District 3 (Northwest),,MONONA,I-29,I-29,Non-collision events:  Overturn/rollover,On Roadway,Non-collision (single vehicle),"Operating vehicle in an reckless, erratic, careless, negligent manner",None Indicated,,Daylight,Dry,Cloudy,Work Zone (roadway-related),Non-intersection:  Non-junction/no special feature,Paved,Yes,Major Injury,0,1,1,0,0,0,7000,1,3,,POINT (-96.143110787156 42.039888437061)
2014808528,C14002219,07/18/2014,07-July,6-Friday,21:30,2100 Hours,District 6 (East Central),CORALVILLE,JOHNSON,I-80,I-80 & IA 965/CORAL RIDGE AVE & COMMERCE DR,Collision with:  Vehicle in traffic,On Roadway,"Angle, oncoming left turn",Ran Traffic Signal,None Indicated,,Dark - roadway lighted,Dry,Clear,None apparent,Intersection:  Four-way intersection,Paved,,Property Damage Only,0,0,0,0,0,0,4000,2,7,,POINT (-91.608463777811 41.695966106141)
2014808348,20140020537,07/18/2014,07-July,6-Friday,14:42,1400 Hours,District 1 (Central),DES MOINES,POLK,US 6,US 6/EUCLID AVE,Collision with:  Vehicle in traffic,On Roadway,Rear-end (front to rear),Followed too close,None Indicated,,Daylight,Dry,Cloudy,None apparent,Non-intersection:  Other non-intersection (explain in narrative),Paved,,Possible/Unknown,0,1,0,0,1,0,7000,2,4,,POINT (-93.644798882941 41.627679305089)
2014808356,20140020547,07/18/2014,07-July,6-Friday,15:46,1500 Hours,District 1 (Central),DES MOINES,POLK,US 69,US 69/SE 14TH ST & E DIEHL AVE,Collision with:  Vehicle in traffic,On Roadway,Rear-end (front to rear),Followed too close,None Indicated,,Daylight,Dry,Clear,None apparent,Non-intersection:  Non-junction/no special feature,Paved,,Possible/Unknown,0,1,0,0,1,0,2500,3,6,,POINT (-93.59680425988 41.53267762402)
2014808159,20140020488,07/18/2014,07-July,6-Friday,03:06,0300 Hours,District 1 (Central),DES MOINES,POLK,,GEORGE FLAGG PKWY,Collision with fixed object:  Utility pole/light support,Shoulder,Non-collision (single vehicle),Ran off road - right,None Indicated,,Dark - roadway lighted,Dry,Clear,None apparent,Non-intersection:  Other non-intersection (explain in narrative),Paved,,Property Damage Only,0,0,0,0,0,0,7000,1,1,,POINT (-93.645791277886 41.568298066073)
2014809019,2014-15326,07/18/2014,07-July,6-Friday,17:18,1700 Hours,District 5 (Southeast),INDIANOLA,WARREN,US 65,US 65,Collision with:  Vehicle in traffic,On Roadway,Rear-end (front to rear),Driving too fast for conditions,None Indicated,,Daylight,Dry,Clear,Work Zone (roadway-related),Non-intersection:  Non-junction/no special feature,Paved,Yes,Possible/Unknown,0,1,0,0,1,0,15000,3,3,,POINT (-93.558729334884 41.40119797865)