Iowa DOT Case Number,Law Enforcement Case Number,Date of Crash,Month of Crash,Day of Week,Time of Crash,Hour,DOT District,City Name,County Name,Route with System,Location Description,First Harmful Event,Location of First Harmful Event,Manner of Crash/Collision,Major Cause,Drug or Alcohol ,Environmental Conditions,Light Conditions,Surface Conditions,Weather Conditions,Roadway Contribution,Roadway Type,Roadway Surface,Work Zone,Crash Severity,Number of Fatalities,Number of Injuries,Number of Major Injuries,Number of Minor Injuries,Number of Possible Injuries,Number of Unknown Injuries,Amount of Property Damage,Number of Vehicles Involved,Total Number of Occupants,Travel Direction,Location
2014809016,2014-49796,07/18/2014,07-July,6-Friday,18:17,1800 Hours,District 6 (East Central),DAVENPORT,SCOTT,,W 6TH ST & FILLMORE ST,Collision with:  Non-motorist (see non-motorist section - NOT a unit),On Roadway,Non-collision (single vehicle),FTYROW:  From stop sign,None Indicated,,Daylight,Dry,Clear,None apparent,Intersection:  Four-way intersection,Paved,,Possible/Unknown,0,1,0,0,1,0,0,1,1,,POINT (-90.59431667632 41.525647957937)
2014808116,14-10638,07/18/2014,07-July,6-Friday,06:31,0600 Hours,District 3 (Northwest),SPENCER,CLAY,US 71,US 71/11TH AVE SW & 13TH ST SW,Collision with:  Vehicle in traffic,On Roadway,Broadside (front to side),Other (explain in narrative):  Other,None Indicated,,Daylight,Dry,Clear,None apparent,Non-intersection:  Non-junction/no special feature,Paved,,Property Damage Only,0,0,0,0,0,0,7500,2,2,,POINT (-95.160812339389 43.124511424167)
2014813876,14-004995,07/18/2014,07-July,6-Friday,15:55,1500 Hours,District 3 (Northwest),MAPLETON,MONONA,,SUMAC AVE,Collision with fixed object:  Ditch,On Roadway,Non-collision (single vehicle),Ran off road - left,None Indicated,,Daylight,"Mud, dirt",Clear,None apparent,Non-intersection:  Non-junction/no special feature,Unpaved,,Possible/Unknown,0,1,0,0,1,0,7500,1,1,,POINT (-95.729781964978 42.117329057984)
2014808534,2014007742,07/18/2014,07-July,6-Friday,18:00,1800 Hours,District 6 (East Central),IOWA CITY,JOHNSON,US 6,US 6/S RIVERSIDE DR & MYRTLE AVE,Collision with:  Vehicle in traffic,On Roadway,Broadside (front to side),Ran Stop Sign,None Indicated,,Daylight,Dry,Cloudy,None apparent,Intersection:  Four-way intersection,Paved,,Property Damage Only,0,0,0,0,0,0,18000,2,2,,POINT (-91.540452745457 41.653672864593)
2014808374,20140020555,07/18/2014,07-July,6-Friday,16:43,1600 Hours,District 1 (Central),DES MOINES,POLK,,E CRESTON AVE & INDIANOLA AVE,Collision with:  Vehicle in traffic,On Roadway,"Sideswipe, same direction",FTYROW:  From stop sign,None Indicated,,Daylight,Dry,Cloudy,None apparent,Non-intersection:  Driveway access (within),Paved,,Property Damage Only,0,0,0,0,0,0,5000,2,4,,POINT (-93.607152014161 41.561158642867)
2014809057,14010203,07/18/2014,07-July,6-Friday,21:52,2100 Hours,District 5 (Southeast),,APPANOOSE,,RESORT DR,Collision with:  Animal,,,Animal,None Indicated,,,,,,,Paved,,Property Damage Only,0,0,0,0,0,0,2000,1,1,,POINT (-92.935023303508 40.886539265258)
2014808175,S14-002721,07/18/2014,07-July,6-Friday,03:01,0300 Hours,District 4 (Southwest),WALNUT,POTTAWATTAMIE,,Co Rd G24/SYCAMORE RD,Collision with fixed object:  Ditch,On Roadway,Non-collision (single vehicle),Ran off road - right,None Indicated,,Dark - roadway not lighted,Dry,Clear,None apparent,Non-intersection:  Non-junction/no special feature,Unpaved,,Minor Injury,0,1,0,1,0,0,5000,1,1,,POINT (-95.231357365435 41.447330159843)
2014809097,80-14-228,07/18/2014,07-July,6-Friday,17:45,1700 Hours,District 2 (Northeast),HUMBOLDT,HUMBOLDT,,1ST AVE N & 5TH ST N,Collision with:  Vehicle in traffic,On Roadway,Broadside (front to side),FTYROW:  From stop sign,None Indicated,,Daylight,Dry,Clear,None apparent,Intersection:  Four-way intersection,Paved,,Property Damage Only,0,0,0,0,0,0,8000,2,2,,POINT (-94.214571024711 42.722267780084)
2014808422,2014-49732,07/18/2014,07-July,6-Friday,12:11,1200 Hours,District 6 (East Central),DAVENPORT,SCOTT,,IA 461/HARRISON ST,Collision with:  Vehicle in traffic,On Roadway,"Sideswipe, same direction",Crossed centerline (undivided),None Indicated,,Daylight,Dry,Clear,Other (explain in narrative),Non-intersection:  Non-junction/no special feature,Paved,,Property Damage Only,0,0,0,0,0,0,3200,2,2,,POINT (-90.577051307661 41.521988935609)
2014810985,14-04874,07/18/2014,07-July,6-Friday,17:34,1700 Hours,District 2 (Northeast),OELWEIN,FAYETTE,,FREDERICK AVE S,Collision with:  Vehicle in traffic,On Roadway,Rear-end (front to rear),Improper Backing,Alcohol (Statutory),,Daylight,Dry,Clear,None apparent,Non-intersection:  Non-junction/no special feature,Paved,,Possible/Unknown,0,1,0,0,0,1,1500,2,1,,POINT (-91.913391342455 42.676040742927)
2014808322,14016560,07/18/2014,07-July,6-Friday,11:35,1100 Hours,District 5 (Southeast),OSKALOOSA,MAHASKA,,N 3RD ST,Collision with:  Vehicle in traffic,On Roadway,"Sideswipe, same direction",FTYROW:  From parked position,None Indicated,,Daylight,Dry,Cloudy,None apparent,Non-intersection:  Non-junction/no special feature,Paved,,Property Damage Only,0,0,0,0,0,0,2300,2,2,,POINT (-92.641502651512 41.295813656718)
2014819219,2014042004,07/18/2014,07-July,6-Friday,15:05,1500 Hours,District 2 (Northeast),ALEXANDER,FRANKLIN,,HARRIMAN ST,Collision with:  Vehicle in traffic,On Roadway,Broadside (front to side),FTYROW:  From driveway,None Indicated,,Daylight,Dry,Clear,None apparent,Non-intersection:  Driveway access (within),Paved,,Property Damage Only,0,0,0,0,0,0,5500,2,2,,POINT (-93.476668716726 42.806837866227)
2014808728,109-14,07/18/2014,07-July,6-Friday,10:57,1000 Hours,District 3 (Northwest),ROCK VALLEY,SIOUX,,20TH ST & 16TH ST & ELMWOOD AVE,Non-collision events:  Other non-collision (explain in narrative),On Roadway,Non-collision (single vehicle),Lost Control,None Indicated,,Daylight,Dry,Clear,None apparent,Intersection:  Four-way intersection,Paved,,Minor Injury,0,1,0,1,0,0,0,1,1,,POINT (-96.294982248879 43.210811264813)
2014808547,14-017385,07/18/2014,07-July,6-Friday,21:30,2100 Hours,District 5 (Southeast),,MARION,IA 5,IA 5/IOWA 5,Collision with:  Animal,,,Animal,None Indicated,,,,,,,Paved,,Property Damage Only,0,0,0,0,0,0,3500,1,1,,POINT (-93.16360571905 41.323495042741)
2014810460,SA1405680,07/18/2014,07-July,6-Friday,14:19,1400 Hours,District 5 (Southeast),,WASHINGTON,IA 22,IA 22 & NO NAME,Collision with:  Vehicle in traffic,On Roadway,Broadside (front to side),FTYROW:  Making left turn,None Indicated,,Daylight,Dry,Clear,None apparent,Non-intersection:  Driveway access (within),Paved,,Property Damage Only,0,0,0,0,0,0,6500,2,2,,POINT (-91.683477990938 41.488625744467)
2014808384,14-0616,07/18/2014,07-July,6-Friday,21:04,2100 Hours,District 1 (Central),WINDSOR HEIGHTS,POLK,I-235,I-235,Collision with:  Vehicle in traffic,On Roadway,"Sideswipe, same direction",Crossed centerline (undivided),None Indicated,,Dark - roadway lighted,Dry,Clear,None apparent,Interchange-related:  Off-ramp,Paved,,Property Damage Only,0,0,0,0,0,0,2000,2,2,,POINT (-93.6999215347 41.59290434747)
2014808420,2014-49707,07/18/2014,07-July,6-Friday,09:56,0900 Hours,District 6 (East Central),DAVENPORT,SCOTT,,IA 461/BRADY ST & E 53RD ST,Collision with:  Vehicle in traffic,On Roadway,Broadside (front to side),Ran Traffic Signal,None Indicated,,Daylight,Dry,Clear,None apparent,Intersection:  Other intersection (explain in narrative),Paved,,Property Damage Only,0,0,0,0,0,0,8700,3,6,,POINT (-90.56963083359 41.574519655131)
2014808349,20140020554,07/18/2014,07-July,6-Friday,16:30,1600 Hours,District 1 (Central),DES MOINES,POLK,,E OVID AVE & E 39TH ST,Collision with:  Vehicle in traffic,On Roadway,"Sideswipe, opposite direction",Unknown,None Indicated,,Daylight,Dry,Cloudy,None apparent,Non-intersection:  Non-junction/no special feature,Paved,,Property Damage Only,0,0,0,0,0,0,4900,2,3,,POINT (-93.538778065509 41.625595005028)
2014810316,14-465,07/18/2014,07-July,6-Friday,14:08,1400 Hours,District 5 (Southeast),,WAYNE,,Co Rd J22/J22,Non-collision events:  Overturn/rollover,On Roadway,Non-collision (single vehicle),Crossed centerline (undivided),None Indicated,,Daylight,Dry,Clear,None apparent,Non-intersection:  Non-junction/no special feature,Paved,,Property Damage Only,0,0,0,0,0,0,4500,1,1,,POINT (-93.406715009029 40.855482133127)
2014808463,14-0402,07/18/2014,07-July,6-Friday,08:30,0800 Hours,District 1 (Central),,WEBSTER,US 169,US 169/LAINSON AVE,Collision with:  Vehicle in traffic,On Roadway,Rear-end (front to rear),Followed too close,None Indicated,,Daylight,Dry,Clear,None apparent,Intersection:  Four-way intersection,Paved,,Possible/Unknown,0,2,0,0,1,1,2500,2,2,,POINT (-94.184333608325 42.270416596732)
2014809717,0718146A,07/18/2014,07-July,6-Friday,21:30,2100 Hours,District 4 (Southwest),,PAGE,US 71,US 71,Collision with:  Animal,,,Animal,None Indicated,,,,,,,Paved,,Property Damage Only,0,0,0,0,0,0,2500,1,1,,POINT (-94.9858186184 40.855299609064)
2014808458,2014-15319,07/18/2014,07-July,6-Friday,16:31,1600 Hours,District 5 (Southeast),INDIANOLA,WARREN,US 65,US 65/N JEFFERSON WAY & VALLEY PL DR,Collision with:  Vehicle in traffic,On Roadway,Head-on (front to front),Ran Traffic Signal,None Indicated,,Daylight,Dry,Clear,None apparent,Intersection:  Four-way intersection,Paved,,Minor Injury,0,1,0,1,0,0,5000,2,2,,POINT (-93.558437560059 41.374095597688)
2014808236,W14-072231,07/18/2014,07-July,6-Friday,22:10,2200 Hours,District 2 (Northeast),WATERLOO,BLACK HAWK,,OLIVER ST & LINN ST,Collision with:  Non-motorist (see non-motorist section - NOT a unit),On Roadway,Non-collision (single vehicle),Unknown,Alcohol (Statutory),,Dark - roadway lighted,Dry,Clear,None apparent,Intersection:  Four-way intersection,Paved,,Minor Injury,0,1,0,1,0,0,500,1,1,,POINT (-92.331182924694 42.51623950622)
2014809416,GP20140577,07/18/2014,07-July,6-Friday,18:27,1800 Hours,District 1 (Central),GRINNELL,POWESHIEK,IA 146,IA 146/WEST ST,Collision with:  Vehicle in traffic,On Roadway,Rear-end (front to rear),Driver Distraction:  Reaching for object(s)/fallen object(s),None Indicated,,Daylight,Dry,Cloudy,None apparent,Non-intersection:  Non-junction/no special feature,Paved,,Possible/Unknown,0,1,0,0,1,0,9000,2,4,,POINT (-92.72738935039 41.753210814825)
2014809604,2014042075,07/18/2014,07-July,6-Friday,22:08,2200 Hours,District 4 (Southwest),,FREMONT,I-29,I-29,Collision with:  Animal,,,Animal,None Indicated,,,,,,,Paved,,Property Damage Only,0,0,0,0,0,0,10000,1,1,,POINT (-95.817645030425 40.751324301177)
2014809213,20140020534,07/18/2014,07-July,6-Friday,14:10,1400 Hours,District 1 (Central),DES MOINES,POLK,,E WALNUT ST & E 27TH ST,Collision with fixed object:  Curb/island/raised median,On Roadway,Non-collision (single vehicle),Swerving/Evasive Action,None Indicated,,Daylight,Dry,Cloudy,Other (explain in narrative),Intersection:  Four-way intersection,Paved,,Minor Injury,0,1,0,1,0,0,4100,1,1,,POINT (-93.565555527131 41.59345468993)
2014811110,2014042020,07/18/2014,07-July,6-Friday,16:48,1600 Hours,District 2 (Northeast),,BREMER,US 218,US 218/SW LOOP,Non-collision events:  Overturn/rollover,Gore,Non-collision (single vehicle),Ran off road - right,Alcohol (< Statutory),,Daylight,Dry,Cloudy,None apparent,Non-intersection:  Non-junction/no special feature,Paved,,Possible/Unknown,0,4,0,0,4,0,8000,1,4,,POINT (-92.475891609401 42.690568230556)
2014808263,14012052,07/18/2014,07-July,6-Friday,13:54,1300 Hours,District 2 (Northeast),MASON CITY,CERRO GORDO,US 65,US 65/S FEDERAL AVE & IA 122/5TH ST SE/5TH ST SW,Collision with:  Vehicle in traffic,On Roadway,"Sideswipe, same direction",Crossed centerline (undivided),None Indicated,,Daylight,Dry,Cloudy,None apparent,Intersection:  Four-way intersection,Paved,,Property Damage Only,0,0,0,0,0,0,6000,2,2,,POINT (-93.201048859827 43.147164595842)
2014810200,14-25038,07/18/2014,07-July,6-Friday,23:58,2300 Hours,District 5 (Southeast),BURLINGTON,DES MOINES,,WEST AVE & S GEAR AVE,Collision with fixed object:  Traffic sign support,On Roadway,Non-collision (single vehicle),"Operating vehicle in an reckless, erratic, careless, negligent manner",None Indicated,,Dark - roadway lighted,Dry,Clear,None apparent,Non-intersection:  Non-junction/no special feature,Paved,,Possible/Unknown,0,1,0,0,1,0,10250,1,4,,POINT (-91.170532179107 40.797011207834)
2014809848,2014004190,07/18/2014,07-July,6-Friday,10:05,1000 Hours,District 6 (East Central),,BENTON,IA 150,IA 150/24 AVE DR & 55 ST DR,Collision with:  Vehicle in traffic,On Roadway,Rear-end (front to rear),FTYROW:  Other (explain in narrative),None Indicated,,Daylight,Dry,Clear,None apparent,Intersection:  T-intersection,Paved,,Major Injury,0,2,1,1,0,0,7000,2,3,,POINT (-92.01742931258 42.21036047187)
2014808360,20140020611,07/18/2014,07-July,6-Friday,23:30,2300 Hours,District 1 (Central),DES MOINES,POLK,,GUTHRIE AVE & TICHENOR ST,Collision with:  Parked motor vehicle,On Roadway,Rear-end (front to rear),Improper Backing,None Indicated,,Dark - roadway lighted,Dry,Clear,None apparent,Non-intersection:  Non-junction/no special feature,Paved,,Property Damage Only,0,0,0,0,0,0,1700,2,1,,POINT (-93.578982669376 41.615014226281)
2014808373,20140020553,07/18/2014,07-July,6-Friday,16:20,1600 Hours,District 1 (Central),DES MOINES,POLK,US 6,US 6/FREDERICK M HUBBELL AVE,Collision with:  Vehicle in traffic,On Roadway,"Angle, oncoming left turn",FTYROW:  Making left turn,None Indicated,,Daylight,Dry,Clear,None apparent,Intersection:  Four-way intersection,Paved,,Minor Injury,0,1,0,1,0,0,13000,2,3,,POINT (-93.532114422043 41.635678082201)
2014810450,14-30133,07/18/2014,07-July,6-Friday,23:19,2300 Hours,District 5 (Southeast),,MUSCATINE,,N ISETT AVE,Collision with fixed object:  Ditch,Shoulder,Non-collision (single vehicle),Ran off road - right,None Indicated,,Dark - roadway not lighted,Dry,Clear,None apparent,Non-intersection:  Non-junction/no special feature,Paved,,Minor Injury,0,1,0,1,0,0,2000,1,1,,POINT (-91.046365854581 41.456797317516)
2014810172,14-7613,07/18/2014,07-July,6-Friday,15:09,1500 Hours,District 3 (Northwest),,SAC,US 71,US 71/330TH ST,Collision with:  Vehicle in traffic,On Roadway,Rear-end (front to rear),Swerving/Evasive Action,None Indicated,,Daylight,Dry,Cloudy,Work Zone (roadway-related),Non-intersection:  Non-junction/no special feature,Paved,Yes,Property Damage Only,0,0,0,0,0,0,9000,2,3,,POINT (-95.079290795943 42.311542487236)
2014809841,14-24988,07/18/2014,07-July,6-Friday,19:32,1900 Hours,District 5 (Southeast),BURLINGTON,DES MOINES,US 61,US 61,Collision with:  Vehicle in traffic,On Roadway,"Sideswipe, same direction",Crossed centerline (undivided),None Indicated,,Daylight,Dry,Clear,None apparent,Non-intersection:  Non-junction/no special feature,Paved,,Property Damage Only,0,0,0,0,0,0,3000,2,3,,POINT (-91.141373934699 40.827144681177)
2014808307,201410308,07/18/2014,07-July,6-Friday,07:38,0700 Hours,District 6 (East Central),CEDAR RAPIDS,LINN,,KENT DR NE,Collision with:  Vehicle in traffic,On Roadway,Head-on (front to front),Lost Control,None Indicated,,Daylight,Dry,Clear,None apparent,Non-intersection:  Non-junction/no special feature,Paved,,Minor Injury,0,1,0,1,0,0,6000,2,2,,POINT (-91.629290320122 42.045581868599)
2014810217,07-14-179,07/18/2014,07-July,6-Friday,07:40,0700 Hours,District 3 (Northwest),LE MARS,PLYMOUTH,,7TH AVE SE,Collision with:  Parked motor vehicle,On Roadway,"Sideswipe, opposite direction","Operating vehicle in an reckless, erratic, careless, negligent manner",None Indicated,,Daylight,Dry,Clear,None apparent,Non-intersection:  Non-junction/no special feature,Paved,,Property Damage Only,0,0,0,0,0,0,3500,2,5,,POINT (-96.156240385482 42.792785266113)
2014808599,S14-7130,07/18/2014,07-July,6-Friday,13:08,1300 Hours,District 3 (Northwest),DANBURY,WOODBURY,,Co Rd L37/SAFFORD AVE,Non-collision events:  Overturn/rollover,On Roadway,Non-collision (single vehicle),Lost Control,None Indicated,,Daylight,Dry,Clear,None apparent,Non-intersection:  Non-junction/no special feature,Paved,,Minor Injury,0,1,0,1,0,0,10000,1,1,,POINT (-95.748744447693 42.350257012221)
2014808230,14072104,07/18/2014,07-July,6-Friday,16:33,1600 Hours,District 2 (Northeast),CEDAR FALLS,BLACK HAWK,,18TH ST,Collision with:  Non-motorist (see non-motorist section - NOT a unit),On Roadway,Non-collision (single vehicle),Improper Backing,None Indicated,,Daylight,Dry,Cloudy,None apparent,Non-intersection:  Non-junction/no special feature,Paved,,Minor Injury,0,1,0,1,0,0,0,1,3,,POINT (-92.465393691052 42.52226662406)
2014808802,201402477,07/18/2014,07-July,6-Friday,17:30,1700 Hours,District 6 (East Central),CEDAR RAPIDS,LINN,,21ST ST SW,Collision with fixed object:  Tree,Roadside,Non-collision (single vehicle),Driving too fast for conditions,None Indicated,,Daylight,Dry,Clear,None apparent,Non-intersection:  Non-junction/no special feature,Unpaved,,Property Damage Only,0,0,0,0,0,0,4000,1,2,,POINT (-91.704405171532 41.936909229677)
2014808377,20140020580,07/18/2014,07-July,6-Friday,19:27,1900 Hours,District 1 (Central),DES MOINES,POLK,,FOREST AVE & 31ST ST,Collision with:  Parked motor vehicle,Roadside,Unknown,Unknown,None Indicated,,Daylight,Dry,Cloudy,None apparent,Non-intersection:  Non-junction/no special feature,Paved,,Property Damage Only,0,0,0,0,0,0,3000,2,2,,POINT (-93.659695869989 41.604013927171)
2014831288,2014041896,07/18/2014,07-July,6-Friday,02:33,0200 Hours,District 4 (Southwest),,MILLS,I-29,I-29,Collision with:  Animal,On Roadway,Rear-end (front to rear),Animal,Alcohol (Statutory),,Dark - roadway not lighted,Dry,Clear,None apparent,Non-intersection:  Non-junction/no special feature,Paved,,Major Injury,0,3,1,2,0,0,3000,2,4,,POINT (-95.821690678602 41.064031921678)
2014810033,14-18521,07/18/2014,07-July,6-Friday,15:36,1500 Hours,District 1 (Central),NEWTON,JASPER,US 6,US 6/1ST AVE E,Collision with:  Vehicle in traffic,On Roadway,Rear-end (front to rear),Followed too close,None Indicated,,Daylight,Dry,Clear,None apparent,Non-intersection:  Non-junction/no special feature,Paved,,Minor Injury,0,1,0,1,0,0,1400,2,3,,POINT (-93.034011728504 41.699135312726)
2014810173,14006214,07/18/2014,07-July,6-Friday,08:33,0800 Hours,District 6 (East Central),,DELAWARE,IA 3,IA 3/IOWA 3,Collision with:  Animal,,,Animal,None Indicated,,,,,,,Paved,,Property Damage Only,0,0,0,0,0,0,1500,1,1,,POINT (-91.333458587015 42.63040148664)
2014809056,14010189,07/18/2014,07-July,6-Friday,14:50,1400 Hours,District 5 (Southeast),CENTERVILLE,APPANOOSE,,N 10TH ST,Collision with:  Parked motor vehicle,On Roadway,Rear-end (front to rear),Other (explain in narrative):  No improper action,None Indicated,,Daylight,Dry,Cloudy,None apparent,Non-intersection:  Non-junction/no special feature,Paved,,Property Damage Only,0,0,0,0,0,0,4100,3,0,,POINT (-92.876461451908 40.736814660991)
2014808611,14-23123,07/18/2014,07-July,6-Friday,15:27,1500 Hours,District 3 (Northwest),SIOUX CITY,WOODBURY,,DOUGLAS ST,Collision with:  Vehicle in traffic,On Roadway,"Sideswipe, same direction",Other (explain in narrative):  Other,None Indicated,,Daylight,Dry,Cloudy,None apparent,Non-intersection:  Non-junction/no special feature,Paved,,Minor Injury,0,1,0,1,0,0,5000,2,2,,POINT (-96.406404223697 42.494553328671)
2014811568,071814B,07/18/2014,07-July,6-Friday,22:00,2200 Hours,District 4 (Southwest),,FREMONT,IA 2,IA 2/IOWA 2,Collision with:  Animal,,,Animal,None Indicated,,,,,,,Paved,,Property Damage Only,0,0,0,0,0,0,1500,1,1,,POINT (-95.761154676645 40.688749233735)
2014809309,201403276,07/18/2014,07-July,6-Friday,08:32,0800 Hours,District 1 (Central),,BOONE,IA 210,IA 210/330TH ST,Collision with:  Vehicle in traffic,On Roadway,Rear-end (front to rear),Driver Distraction:  Manual operation of an electronic communication device,None Indicated,,Daylight,Dry,Clear,None apparent,Non-intersection:  Driveway access (within),Paved,,Possible/Unknown,0,1,0,0,1,0,11000,2,2,,POINT (-93.700937642564 41.877888838644)
2014809623,2014042011,07/18/2014,07-July,6-Friday,16:00,1600 Hours,District 6 (East Central),,BUCHANAN,IA 150,IA 150/JACKSON AVE & 150TH ST,Non-collision events:  Jackknife,On Roadway,Non-collision (single vehicle),Swerving/Evasive Action,None Indicated,,Daylight,Dry,Clear,None apparent,Intersection:  Four-way intersection,Paved,,Possible/Unknown,0,1,0,0,1,0,5000,1,1,,POINT (-91.904825528457 42.570198025301)
2014808448,14-003358,07/18/2014,07-July,6-Friday,12:25,1200 Hours,District 1 (Central),AMES,STORY,US 69,US 69/S DUFF AVE & CHESTNUT ST,Collision with:  Vehicle in traffic,On Roadway,Broadside (front to side),FTYROW:  From driveway,None Indicated,,Daylight,Dry,Clear,None apparent,Non-intersection:  Driveway access (within),Paved,,Property Damage Only,0,0,0,0,0,0,10998,2,4,,POINT (-93.610292893176 42.01150731613)
2014808341,20140020583,07/18/2014,07-July,6-Friday,20:43,2000 Hours,District 1 (Central),DES MOINES,POLK,,CLARK ST & 19TH ST,Collision with:  Vehicle in traffic,On Roadway,"Angle, oncoming left turn",Unknown,None Indicated,,Dark - roadway lighted,Dry,Cloudy,None apparent,Intersection:  Other intersection (explain in narrative),Paved,,Property Damage Only,0,0,0,0,0,0,6000,2,3,,POINT (-93.642661877298 41.605902848462)
2014810434,14-000949,07/18/2014,07-July,6-Friday,20:15,2000 Hours,District 1 (Central),AMES,STORY,,BEYER CT,Collision with:  Parked motor vehicle,Outside trafficway,"Sideswipe, same direction",Lost Control,None Indicated,,Dusk,Dry,Clear,None apparent,Non-intersection:  Other non-intersection (explain in narrative),Paved,,Property Damage Only,0,0,0,0,0,0,3100,2,1,,POINT (-93.650932486388 42.024640805225)
2014808365,20140020603,07/18/2014,07-July,6-Friday,23:00,2300 Hours,District 1 (Central),DES MOINES,POLK,,LOCUST ST & 10TH ST,Collision with:  Vehicle in traffic,On Roadway,Rear-end (front to rear),Other (explain in narrative):  Other,None Indicated,,Dark - roadway lighted,Dry,Clear,None apparent,Intersection:  Four-way intersection,Paved,,Property Damage Only,0,0,0,0,0,0,4000,2,2,,POINT (-93.629853545106 41.585806529904)
2014809917,14-14536,07/18/2014,07-July,6-Friday,22:06,2200 Hours,District 6 (East Central),,SCOTT,,Co Rd Z30/240 AVE,Collision with:  Animal,,,Animal,None Indicated,,,,,,,Paved,,Property Damage Only,0,0,0,0,0,0,1501,1,1,,POINT (-90.432566856372 41.654945331737)
2014811140,01-14-31748,07/18/2014,07-July,6-Friday,23:04,2300 Hours,District 6 (East Central),DUBUQUE,DUBUQUE,,JACKSON ST,Collision with:  Vehicle in traffic,On Roadway,"Sideswipe, same direction",Illegally Parked/Unattended,Alcohol (Statutory),,Dark - roadway lighted,Dry,Clear,None apparent,Non-intersection:  Non-junction/no special feature,Paved,,Property Damage Only,0,0,0,0,0,0,2000,2,2,,POINT (-90.668164411891 42.511329180409)
2014808161,20140020527,07/18/2014,07-July,6-Friday,12:14,1200 Hours,District 1 (Central),DES MOINES,POLK,,VIRGINIA AVE & S UNION ST,Collision with:  Vehicle in traffic,On Roadway,Head-on (front to front),Lost Control,None Indicated,,Daylight,Dry,Clear,None apparent,Non-intersection:  Non-junction/no special feature,Paved,,Property Damage Only,0,0,0,0,0,0,2100,2,4,,POINT (-93.616118887239 41.558255632301)
2014808423,2014-49780,07/18/2014,07-July,6-Friday,16:53,1600 Hours,District 6 (East Central),DAVENPORT,SCOTT,,E 29TH ST & EASTERN AVE,Collision with:  Vehicle in traffic,On Roadway,Rear-end (front to rear),Followed too close,None Indicated,,Daylight,Dry,Clear,None apparent,Non-intersection:  Non-junction/no special feature,Paved,,Property Damage Only,0,0,0,0,0,0,10000,2,2,,POINT (-90.551442026553 41.549284982827)
2014808392,14-030014,07/18/2014,07-July,6-Friday,15:00,1500 Hours,District 4 (Southwest),COUNCIL BLUFFS,POTTAWATTAMIE,I-29,I-29,Collision with:  Vehicle in traffic,On Roadway,"Sideswipe, same direction",Improper or erratic lane changing,None Indicated,,Daylight,Dry,Clear,None apparent,Interchange-related:  On-ramp merge area,Paved,,Possible/Unknown,0,1,0,0,1,0,4000,2,8,,POINT (-95.84301847197 41.230857145609)
2014809912,2014-14507,07/18/2014,07-July,6-Friday,14:32,1400 Hours,District 6 (East Central),,SCOTT,US 67,US 67/GREAT RIVER RD,Collision with:  Vehicle in traffic,On Roadway,Rear-end (front to rear),Made improper turn,None Indicated,,Daylight,Dry,Cloudy,None apparent,Non-intersection:  Driveway access (within),Paved,,Possible/Unknown,0,1,0,0,1,0,3000,2,6,,POINT (-90.347833436058 41.626290066368)
2014809808,14-072074,07/18/2014,07-July,6-Friday,14:59,1400 Hours,District 2 (Northeast),WATERLOO,BLACK HAWK,,Co Rd D16/E DONALD ST & Co Rd V43/N ELK RUN RD,Collision with:  Vehicle in traffic,On Roadway,Broadside (front to side),Ran Stop Sign,None Indicated,,Daylight,Dry,Clear,None apparent,Intersection:  Four-way intersection,Paved,,Property Damage Only,0,0,0,0,0,0,12000,2,2,,POINT (-92.258449057832 42.527310328302)
2014808535,2014007768,07/18/2014,07-July,6-Friday,13:30,1300 Hours,District 6 (East Central),IOWA CITY,JOHNSON,,IOWA AVE,Collision with fixed object:  Bridge overhead structure,On Roadway,Non-collision (single vehicle),Other (explain in narrative):  Disregarded Warning Sign,None Indicated,,Daylight,Dry,Cloudy,None apparent,Non-intersection:  Other non-intersection (explain in narrative),Paved,,Property Damage Only,0,0,0,0,0,0,5000,1,1,,POINT (-91.539668743308 41.661264694876)
2014808431,2014-49737,07/18/2014,07-July,6-Friday,12:45,1200 Hours,District 6 (East Central),DAVENPORT,SCOTT,,E 53RD ST & ELMORE AVE,Collision with:  Vehicle in traffic,On Roadway,Rear-end (front to rear),Followed too close,None Indicated,,Daylight,Dry,Clear,None apparent,Intersection:  Four-way intersection,Paved,,Property Damage Only,0,0,0,0,0,0,2400,2,4,,POINT (-90.528610946641 41.574860620503)
2014808231,W14-072049,07/18/2014,07-July,6-Friday,13:27,1300 Hours,District 2 (Northeast),WATERLOO,BLACK HAWK,,E MITCHELL AVE & MINNESOTA ST,Collision with:  Vehicle in traffic,On Roadway,Broadside (front to side),Ran Stop Sign,None Indicated,,Daylight,Dry,Cloudy,None apparent,Intersection:  Four-way intersection,Paved,,Possible/Unknown,0,1,0,0,1,0,5500,2,2,,POINT (-92.330084398154 42.476607436468)
2014808158,20140020475,07/18/2014,07-July,6-Friday,00:12,0000 Hours,District 1 (Central),DES MOINES,POLK,,LOGAN AVE,Collision with fixed object:  Curb/island/raised median,Roadside,Non-collision (single vehicle),Ran off road - left,None Indicated,,Dark - roadway lighted,Dry,Cloudy,None apparent,Non-intersection:  Non-junction/no special feature,Paved,,Possible/Unknown,0,1,0,0,1,0,9000,1,1,,POINT (-93.559200147719 41.592512994523)
2014811112,4014041960,07/18/2014,07-July,6-Friday,11:45,1100 Hours,District 2 (Northeast),,CERRO GORDO,I-35,I-35,Collision with:  Animal,,,Animal,None Indicated,,,,,,,Paved,,Property Damage Only,0,0,0,0,0,0,6000,1,1,,POINT (-93.351058915668 42.918579270595)