Iowa DOT Case Number,Law Enforcement Case Number,Date of Crash,Month of Crash,Day of Week,Time of Crash,Hour,DOT District,City Name,County Name,Route with System,Location Description,First Harmful Event,Location of First Harmful Event,Manner of Crash/Collision,Major Cause,Drug or Alcohol ,Environmental Conditions,Light Conditions,Surface Conditions,Weather Conditions,Roadway Contribution,Roadway Type,Roadway Surface,Work Zone,Crash Severity,Number of Fatalities,Number of Injuries,Number of Major Injuries,Number of Minor Injuries,Number of Possible Injuries,Number of Unknown Injuries,Amount of Property Damage,Number of Vehicles Involved,Total Number of Occupants,Travel Direction,Location
2014809032,,07/20/2014,07-July,1-Sunday,04:00,0400 Hours,District 3 (Northwest),AKRON,PLYMOUTH,,,Collision with:  Parked motor vehicle,Roadside,Rear-end (front to rear),Lost Control,None Indicated,,Dark - roadway not lighted,"Mud, dirt",Clear,None apparent,Non-intersection:  Other non-intersection (explain in narrative),,,Property Damage Only,0,0,0,0,0,0,18000,2,1,,POINT (-96.643700149993 40.233091251414)
2014808726,2014042260,07/20/2014,07-July,1-Sunday,09:11,0900 Hours,District 5 (Southeast),,HENRY,US 218,US 218,Collision with fixed object:  Culvert/pipe opening,Median,Non-collision (single vehicle),Crossed centerline (undivided),None Indicated,,Daylight,Dry,Cloudy,Obstruction in roadway,Non-intersection:  Non-junction/no special feature,Paved,,Property Damage Only,0,0,0,0,0,0,1906,1,1,,POINT (-91.540155635784 41.110873281607)
2014808663,14-012275,07/20/2014,07-July,1-Sunday,17:51,1700 Hours,District 5 (Southeast),,HENRY,,Co Rd W55/FRANKLIN AVE,Non-collision events:  Other non-collision (explain in narrative),On Roadway,Non-collision (single vehicle),Equipment failure,None Indicated,,Daylight,Dry,Clear,None apparent,Non-intersection:  Non-junction/no special feature,Paved,,Property Damage Only,0,0,0,0,0,0,17500,1,3,,POINT (-91.622298265231 40.864168060509)
2014808399,14-030378,07/20/2014,07-July,1-Sunday,23:08,2300 Hours,District 4 (Southwest),COUNCIL BLUFFS,POTTAWATTAMIE,,S 17TH ST,Non-collision events:  Other non-collision (explain in narrative),On Roadway,Non-collision (single vehicle),Swerving/Evasive Action,None Indicated,,Dark - roadway lighted,Dry,Clear,Obstruction in roadway,Non-intersection:  Non-junction/no special feature,Paved,,Minor Injury,0,1,0,1,0,0,500,1,1,,POINT (-95.869132587201 41.259182367817)
2014808756,,07/20/2014,07-July,1-Sunday,16:45,1600 Hours,District 2 (Northeast),,WINNESHIEK,,CHIMNEY ROCK RD,Collision with:  Vehicle in traffic,On Roadway,Broadside (front to side),Unknown,None Indicated,,Daylight,"Mud, dirt",Cloudy,,,Unpaved,,Property Damage Only,0,0,0,0,0,0,4000,2,2,,POINT (-91.948582537228 43.370407415294)
2014808608,14-23532,07/21/2014,07-July,2-Monday,16:50,1600 Hours,District 3 (Northwest),SIOUX CITY,WOODBURY,,DACE AVE & FLOYD BLVD,Collision with:  Vehicle in traffic,On Roadway,Rear-end (front to rear),Followed too close,None Indicated,,Daylight,Dry,Clear,None apparent,Intersection:  Four-way intersection,Paved,,Property Damage Only,0,0,0,0,0,0,1700,2,2,,POINT (-96.393374823391 42.488745206597)
2014808624,2014042465,07/21/2014,07-July,2-Monday,18:36,1800 Hours,District 1 (Central),GRANGER,POLK,IA 17,IA 17 & WINDCREST DR,Collision with:  Vehicle in traffic,On Roadway,Rear-end (front to rear),FTYROW:  Other (explain in narrative),None Indicated,,Daylight,Dry,Cloudy,None apparent,Intersection:  T-intersection,Paved,,Property Damage Only,0,0,0,0,0,0,7000,2,2,,POINT (-93.814704110612 41.76575944113)
2014809436,14-003397,07/21/2014,07-July,2-Monday,21:23,2100 Hours,District 1 (Central),AMES,STORY,US 30,US 30/SW RAMP CURV,Collision with:  Vehicle in traffic,On Roadway,Rear-end (front to rear),Other (explain in narrative):  Other,None Indicated,,Dark - roadway lighted,Dry,Clear,None apparent,Interchange-related:  Off-ramp,Paved,,Minor Injury,0,1,0,1,0,0,4000,2,2,,POINT (-93.642301817014 42.002434151225)
2014808499,CL14002522,07/21/2014,07-July,2-Monday,13:31,1300 Hours,District 6 (East Central),CLINTON,CLINTON,,28TH AVE N & N 4TH ST,Collision with:  Vehicle in traffic,On Roadway,Rear-end (front to rear),Followed too close,None Indicated,,Daylight,Dry,Clear,None apparent,Intersection:  T-intersection,Paved,,Property Damage Only,0,0,0,0,0,0,1500,2,5,,POINT (-90.183803882295 41.878556133189)
2014808625,14010654,07/21/2014,07-July,2-Monday,17:00,1700 Hours,District 6 (East Central),TIPTON,CEDAR,,PARK RD,Collision with:  Vehicle in traffic,On Roadway,Broadside (front to side),FTYROW:  From parked position,None Indicated,,Daylight,Dry,Clear,None apparent,Non-intersection:  Non-junction/no special feature,Paved,,Property Damage Only,0,0,0,0,0,0,5000,2,7,,POINT (-91.119962591541 41.774059889481)
2014811261,,07/21/2014,07-July,2-Monday,22:33,2200 Hours,District 5 (Southeast),FORT MADISON,LEE,,AVE H,Collision with:  Vehicle in traffic,On Roadway,Rear-end (front to rear),Other (explain in narrative):  Other,Alcohol (Statutory),,Dark - roadway lighted,Dry,Clear,None apparent,Intersection:  Four-way intersection,Paved,,Property Damage Only,0,0,0,0,0,0,2000,2,1,,POINT (-91.333742719805 40.630266856492)
2014809435,14-003393,07/21/2014,07-July,2-Monday,14:21,1400 Hours,District 1 (Central),AMES,STORY,,5TH ST,Collision with:  Parked motor vehicle,On Roadway,Broadside (front to side),Unknown,None Indicated,,Daylight,Dry,Clear,None apparent,Non-intersection:  Non-junction/no special feature,Paved,,Property Damage Only,0,0,0,0,0,0,3999,2,1,,POINT (-93.617979674654 42.025840696288)
2014808519,P14-008520,07/21/2014,07-July,2-Monday,19:18,1900 Hours,District 1 (Central),WEBSTER CITY,HAMILTON,,WOOD ST,Collision with:  Vehicle in traffic,On Roadway,Broadside (front to side),Improper Backing,None Indicated,,Daylight,Dry,Clear,None apparent,Non-intersection:  Non-junction/no special feature,Paved,,Property Damage Only,0,0,0,0,0,0,2000,2,1,,POINT (-93.833289830555 42.468295354461)
2014808576,14-3471,07/21/2014,07-July,2-Monday,18:01,1800 Hours,District 1 (Central),WEST DES MOINES,POLK,,WESTWOOD DR & S 50TH ST,Collision with:  Vehicle in traffic,On Roadway,Rear-end (front to rear),Driver Distraction:  Reaching for object(s)/fallen object(s),None Indicated,,Daylight,Dry,Cloudy,None apparent,Intersection:  Four-way intersection,Paved,,Property Damage Only,0,0,0,0,0,0,4000,2,2,,POINT (-93.770904070002 41.568680215521)
2014809457,2014042502,07/21/2014,07-July,2-Monday,23:16,2300 Hours,District 6 (East Central),,CEDAR,I-80,I-80,Collision with:  Animal,,,Animal,None Indicated,,,,,,,Paved,,Property Damage Only,0,0,0,0,0,0,7000,1,1,,POINT (-91.323096567913 41.663856548463)
2014808502,2O14-3424,07/21/2014,07-July,2-Monday,21:30,2100 Hours,District 4 (Southwest),WAUKEE,DALLAS,US 6,US 6/HICKMAN AVE & SE BRICK DR,Collision with:  Animal,,,Animal,None Indicated,,,,,,,Paved,,Property Damage Only,0,0,0,0,0,0,1500,1,1,,POINT (-93.848127395776 41.615000927449)
2014809985,145348PD,07/21/2014,07-July,2-Monday,14:26,1400 Hours,District 1 (Central),BOONE,BOONE,,S JACKSON ST,Collision with fixed object:  Mailbox,Shoulder,Non-collision (single vehicle),Swerving/Evasive Action,None Indicated,,Daylight,Dry,Clear,None apparent,Non-intersection:  Non-junction/no special feature,Paved,,Property Damage Only,0,0,0,0,0,0,4500,1,1,,POINT (-93.867213713768 42.04787927382)
2014809494,01-14-32241,07/21/2014,07-July,2-Monday,19:50,1900 Hours,District 6 (East Central),DUBUQUE,DUBUQUE,,KIRKWOOD ST & W LOCUST ST,Collision with:  Vehicle in traffic,On Roadway,Broadside (front to side),Lost Control,None Indicated,,Daylight,Dry,Clear,None apparent,Intersection:  Y-intersection,Paved,,Property Damage Only,0,0,0,0,0,0,2750,2,2,,POINT (-90.679194879231 42.508950699499)
2014811489,S14-G2101,07/21/2014,07-July,2-Monday,13:10,1300 Hours,District 5 (Southeast),,CLARKE,,Co Rd R15/130 AVE,Collision with fixed object:  Ditch,On Roadway,Non-collision (single vehicle),Crossed centerline (undivided),None Indicated,,Daylight,Dry,Clear,None apparent,Non-intersection:  Non-junction/no special feature,Paved,,Possible/Unknown,0,1,0,0,1,0,6000,1,1,,POINT (-93.956637356937 40.974662685243)
2014809473,,07/21/2014,07-July,2-Monday,16:00,1600 Hours,District 6 (East Central),CEDAR RAPIDS,LINN,I-380,I-380 & US 30/LINCOLN FWY,Collision with:  Vehicle in traffic,On Roadway,"Sideswipe, same direction",Unknown,None Indicated,,Daylight,Dry,Clear,,"Interchange-related:  Off-ramp, diverge area",Paved,,Property Damage Only,0,0,0,0,0,0,10000,2,2,,POINT (-91.674260295769 41.927045187032)
2014808657,14004536,07/21/2014,07-July,2-Monday,20:53,2000 Hours,District 2 (Northeast),,CERRO GORDO,,Co Rd B43/210TH ST & FINCH AVE,Non-collision events:  Overturn/rollover,On Roadway,Non-collision (single vehicle),Exceeded authorized speed,None Indicated,,Dusk,Dry,Clear,None apparent,Non-intersection:  Non-junction/no special feature,Paved,,Minor Injury,0,1,0,1,0,0,800,1,1,,POINT (-93.403419083986 43.067548958515)
2014810106,14-25382,07/21/2014,07-July,2-Monday,18:12,1800 Hours,District 5 (Southeast),BURLINGTON,DES MOINES,,DIVISION ST & W BURLINGTON AVE,Collision with:  Vehicle in traffic,On Roadway,Broadside (front to side),FTYROW:  From stop sign,None Indicated,,Daylight,Dry,Cloudy,None apparent,Intersection:  Four-way intersection,Paved,,Property Damage Only,0,0,0,0,0,0,5000,2,8,,POINT (-91.152268895333 40.806322480088)
2014808667,2014007825,07/21/2014,07-July,2-Monday,07:10,0700 Hours,District 6 (East Central),IOWA CITY,JOHNSON,,E COURT ST & S SCOTT BLVD,Collision with:  Vehicle in traffic,On Roadway,Broadside (front to side),Ran Traffic Signal,None Indicated,,Daylight,Dry,Clear,None apparent,Intersection:  Four-way intersection,Paved,,Property Damage Only,0,0,0,0,0,0,8000,2,2,,POINT (-91.481023092434 41.657054857037)
2014808542,201410517,07/21/2014,07-July,2-Monday,13:30,1300 Hours,District 6 (East Central),CEDAR RAPIDS,LINN,,GLASS RD NE & EDGEWOOD RD NE,Collision with:  Vehicle in traffic,On Roadway,"Angle, oncoming left turn",Ran Traffic Signal,None Indicated,,Daylight,Dry,Clear,None apparent,Intersection:  T-intersection,Paved,,Property Damage Only,0,0,0,0,0,0,6000,2,3,,POINT (-91.702440758217 42.01708053005)
2014808597,14-2204,07/21/2014,07-July,2-Monday,11:50,1100 Hours,District 1 (Central),FORT DODGE,WEBSTER,,5TH AVE S,Collision with:  Vehicle in traffic,On Roadway,"Sideswipe, same direction",Improper or erratic lane changing,None Indicated,,Daylight,Dry,Cloudy,None apparent,Non-intersection:  Non-junction/no special feature,Paved,,Property Damage Only,0,0,0,0,0,0,2500,2,2,,POINT (-94.175521301531 42.501066893831)
2014808692,20140020895,07/21/2014,07-July,2-Monday,18:32,1800 Hours,District 1 (Central),DES MOINES,POLK,,SE 11TH ST,Collision with:  Vehicle in traffic,On Roadway,Rear-end (front to rear),Exceeded authorized speed,Alcohol (Statutory),,Daylight,Dry,Clear,None apparent,Non-intersection:  Non-junction/no special feature,Paved,,Property Damage Only,0,0,0,0,0,0,4800,2,2,,POINT (-93.599940873221 41.550396734008)
2014810061,14-14672,07/21/2014,07-July,2-Monday,00:10,0000 Hours,District 6 (East Central),,SCOTT,,Co Rd F33/BLUFF RD,Collision with:  Animal,,,Animal,None Indicated,,,,,,,Paved,,Property Damage Only,0,0,0,0,0,0,1500,1,1,,POINT (-90.380628285428 41.707376792594)
2014819220,2014042347,07/21/2014,07-July,2-Monday,07:20,0700 Hours,District 3 (Northwest),,SAC,IA 175,IA 175/330TH ST,Collision with:  Other non-fixed object (explain in narrative),On Roadway,Non-collision (single vehicle),Swerving/Evasive Action,None Indicated,,Daylight,Dry,Clear,Ruts/holes/bumps,Non-intersection:  Non-junction/no special feature,Paved,,Property Damage Only,0,0,0,0,0,0,1600,2,2,,POINT (-95.172237285783 42.311700888401)
2014809064,W14-073244,07/21/2014,07-July,2-Monday,12:01,1200 Hours,District 2 (Northeast),WATERLOO,BLACK HAWK,US 63,US 63/E MULLAN AVE & CONGER ST & NEWELL ST,Collision with:  Vehicle in traffic,On Roadway,Rear-end (front to rear),Other (explain in narrative):  Other,None Indicated,,Daylight,Dry,Clear,Work Zone (roadway-related),Intersection:  Four-way intersection,Paved,Yes,Property Damage Only,0,0,0,0,0,0,3250,2,2,,POINT (-92.336669480131 42.513137376326)
2014809877,2014-004278,07/21/2014,07-July,2-Monday,20:17,2000 Hours,District 6 (East Central),,BENTON,,Co Rd E24/61 ST LN,Collision with:  Animal,,,Animal,None Indicated,,,,,,,Paved,,Property Damage Only,0,0,0,0,0,0,3000,1,1,,POINT (-91.931329055458 42.136432917856)
2014808316,14015162,07/21/2014,07-July,2-Monday,02:03,0200 Hours,District 6 (East Central),MARION,LINN,,S 31ST ST,Collision with fixed object:  Curb/island/raised median,On Roadway,Non-collision (single vehicle),Lost Control,Under Influence of Alcohol/Drugs/Medications,,Dark - roadway not lighted,Dry,Clear,None apparent,Non-intersection:  Non-junction/no special feature,Paved,,Property Damage Only,0,0,0,0,0,0,2000,1,1,,POINT (-91.579148448849 42.026491014451)
2014812148,14006549,07/21/2014,07-July,2-Monday,13:39,1300 Hours,District 6 (East Central),,BUCHANAN,IA 150,IA 150/JAMESTOWN AVE,Collision with:  Vehicle in traffic,On Roadway,Rear-end (front to rear),Exceeded authorized speed,None Indicated,,Daylight,Dry,Clear,None apparent,Non-intersection:  Driveway access (within),Paved,,Possible/Unknown,0,1,0,0,1,0,89000,2,2,,POINT (-91.88993581006 42.529015964218)
2014811958,,07/21/2014,07-July,2-Monday,15:57,1500 Hours,District 6 (East Central),MAQUOKETA,JACKSON,IA 64,IA 64/W PLATT ST & MCKINSEY DR & WESTGATE DR,Non-collision events:  Other non-collision (explain in narrative),On Roadway,Non-collision (single vehicle),Swerving/Evasive Action,None Indicated,,Daylight,,Clear,,,Paved,,Minor Injury,0,1,0,1,0,0,100,1,1,,POINT (-90.680602525672 42.068925298729)
2014808378,20140020838,07/21/2014,07-July,2-Monday,10:10,1000 Hours,District 1 (Central),DES MOINES,POLK,,31ST ST,Collision with:  Vehicle in traffic,On Roadway,"Angle, oncoming left turn",Made improper turn,None Indicated,,Daylight,Dry,Clear,None apparent,Intersection:  T-intersection,Paved,,Property Damage Only,0,0,0,0,0,0,2000,2,4,,POINT (-93.659672980062 41.584090055833)
2014811115,,07/21/2014,07-July,2-Monday,08:40,0800 Hours,District 4 (Southwest),PANORA,GUTHRIE,IA 44,IA 44/W MAIN ST & SW 2ND ST & NW 2ND ST,Collision with:  Vehicle in traffic,On Roadway,Broadside (front to side),FTYROW:  From stop sign,None Indicated,,Daylight,Dry,Clear,None apparent,Intersection:  Four-way intersection,Paved,,Property Damage Only,0,0,0,0,0,0,3850,2,3,,POINT (-94.365836912584 41.69168997479)
2014809046,,07/21/2014,07-July,2-Monday,16:00,1600 Hours,District 6 (East Central),CEDAR RAPIDS,LINN,,51ST ST NE & COUNCIL ST NE,Collision with:  Vehicle in traffic,On Roadway,Broadside (front to side),Unknown,None Indicated,,Daylight,Dry,Clear,,Non-intersection:  Crossover-related,Paved,,Property Damage Only,0,0,0,0,0,0,6000,2,3,,POINT (-91.658319613752 42.02979457129)
2014808516,2014-1733,07/21/2014,07-July,2-Monday,11:52,1100 Hours,District 1 (Central),JEFFERSON,GREENE,,SUNSET RD,Collision with:  Vehicle in traffic,On Roadway,Rear-end (front to rear),FTYROW:  From parked position,None Indicated,,Daylight,Dry,Clear,None apparent,Non-intersection:  Non-junction/no special feature,Paved,,Property Damage Only,0,0,0,0,0,0,2500,2,3,,POINT (-94.374256949393 42.002723226539)
2014808830,14-0863,07/21/2014,07-July,2-Monday,14:17,1400 Hours,District 1 (Central),CLIVE,POLK,US 6,US 6/HICKMAN RD,Collision with:  Vehicle in traffic,On Roadway,Broadside (front to side),FTYROW:  Making left turn,None Indicated,,Daylight,Dry,Clear,None apparent,Intersection:  Four-way intersection,Paved,,Property Damage Only,0,0,0,0,0,0,6000,2,2,,POINT (-93.735110469424 41.61488748543)
2014808345,20140020855,07/21/2014,07-July,2-Monday,12:50,1200 Hours,District 1 (Central),DES MOINES,POLK,,CENTER ST & 2ND AVE,Collision with:  Vehicle in traffic,On Roadway,"Sideswipe, same direction",Made improper turn,None Indicated,,Daylight,Dry,Clear,None apparent,Intersection:  Other intersection (explain in narrative),Paved,,Property Damage Only,0,0,0,0,0,0,5000,2,2,,POINT (-93.620298898387 41.59156006689)
2014808607,14-23528,07/21/2014,07-July,2-Monday,16:27,1600 Hours,District 3 (Northwest),SIOUX CITY,WOODBURY,,20TH ST & NEBRASKA ST,Collision with:  Vehicle in traffic,On Roadway,Broadside (front to side),Ran Stop Sign,None Indicated,,Daylight,Dry,Cloudy,None apparent,Intersection:  Four-way intersection,Paved,,Property Damage Only,0,0,0,0,0,0,3800,2,3,,POINT (-96.403618654048 42.511150389533)
2014809477,,07/21/2014,07-July,2-Monday,05:15,0500 Hours,District 2 (Northeast),,ALLAMAKEE,,BIG FOOT RD,Collision with:  Animal,On Roadway,Non-collision (single vehicle),Animal,None Indicated,,Dawn,"Mud, dirt",Clear,,Non-intersection:  Non-junction/no special feature,Unpaved,,Property Damage Only,0,0,0,0,0,0,6000,1,1,,POINT (-91.34936090367 43.158845649119)
2014808903,2014042451,07/21/2014,07-July,2-Monday,15:20,1500 Hours,District 1 (Central),,STORY,US 65,US 65 & 135TH ST,Collision with:  Vehicle in traffic,On Roadway,Rear-end (front to rear),Followed too close,None Indicated,,Daylight,Dry,Cloudy,None apparent,Non-intersection:  Non-junction/no special feature,Paved,,Property Damage Only,0,0,0,0,0,0,12000,2,2,,POINT (-93.309386666725 42.158492267642)
2014808344,20140020825,07/21/2014,07-July,2-Monday,07:50,0700 Hours,District 1 (Central),DES MOINES,POLK,,9TH ST,Collision with:  Vehicle in traffic,On Roadway,Rear-end (front to rear),Followed too close,None Indicated,,Daylight,Dry,Clear,None apparent,Non-intersection:  Non-junction/no special feature,Paved,,Property Damage Only,0,0,0,0,0,0,3500,2,2,,POINT (-93.629595547025 41.590122416664)
2014808882,2014-15499,07/21/2014,07-July,2-Monday,17:03,1700 Hours,District 5 (Southeast),,WARREN,,Co Rd S23/HWY S23,Collision with fixed object:  Ditch,On Roadway,Non-collision (single vehicle),FTYROW:  Other (explain in narrative),Refused,,Daylight,Dry,Clear,None apparent,Intersection:  T-intersection,Paved,,Property Damage Only,0,0,0,0,0,0,1500,1,1,,POINT (-93.404123547615 41.218420587627)
2014809434,14-003388,07/21/2014,07-July,2-Monday,07:59,0700 Hours,District 1 (Central),AMES,STORY,US 69,US 69/GRAND AVE & 16TH ST,Collision with:  Vehicle in traffic,On Roadway,Broadside (front to side),FTYROW:  From stop sign,None Indicated,,Daylight,Dry,Clear,None apparent,Intersection:  Four-way intersection,Paved,,Property Damage Only,0,0,0,0,0,0,9500,2,3,,POINT (-93.620420382032 42.038328637246)
2014809310,14-7555,07/21/2014,07-July,2-Monday,22:38,2200 Hours,District 3 (Northwest),CARROLL,CARROLL,,10TH ST & ADAMS ST,Collision with fixed object:  Curb/island/raised median,On Roadway,Non-collision (single vehicle),Unknown,None Indicated,,Dark - roadway lighted,Dry,Clear,None apparent,Non-intersection:  Non-junction/no special feature,Paved,,Property Damage Only,0,0,0,0,0,0,1500,1,1,,POINT (-94.866708512766 42.070268329791)
2014808336,20140020819,07/21/2014,07-July,2-Monday,04:25,0400 Hours,District 1 (Central),DES MOINES,POLK,,LINCOLN PL DR,Collision with:  Vehicle in traffic,On Roadway,"Sideswipe, same direction",Unknown,None Indicated,,Dark - roadway lighted,Dry,Clear,None apparent,Non-intersection:  Non-junction/no special feature,Paved,,Property Damage Only,0,0,0,0,0,0,2000,2,1,,POINT (-93.668730484595 41.574778272152)
2014808517,14-1120,07/21/2014,07-July,2-Monday,11:03,1100 Hours,District 1 (Central),,GREENE,,Co Rd P33/S AVE & 200TH,Collision with fixed object:  Ditch,Outside trafficway,Non-collision (single vehicle),Ran off road - straight,None Indicated,,Daylight,Dry,Cloudy,None apparent,Non-intersection:  Non-junction/no special feature,Paved,,Property Damage Only,0,0,0,0,0,0,5500,1,1,,POINT (-94.281033898079 42.063234674266)
2014808731,,07/21/2014,07-July,2-Monday,13:50,1300 Hours,District 3 (Northwest),MANSON,CALHOUN,,12TH AVE & 15TH ST,,On Roadway,Non-collision (single vehicle),Crossed centerline (undivided),None Indicated,,Daylight,Dry,Clear,None apparent,Intersection:  T-intersection,Paved,,Property Damage Only,0,0,0,0,0,0,4000,1,1,,POINT (-94.53026922513 42.531243791902)
2014808564,20140020884,07/21/2014,07-July,2-Monday,17:33,1700 Hours,District 1 (Central),DES MOINES,POLK,IA 28,IA 28/63RD ST & UNIVERSITY AVE,Collision with:  Vehicle in traffic,On Roadway,Rear-end (front to rear),Unknown,None Indicated,,Daylight,Dry,Clear,None apparent,Intersection:  Four-way intersection,Paved,,Property Damage Only,0,0,0,0,0,0,4500,2,3,,POINT (-93.703626699802 41.600420774312)
2014809562,2014-50559,07/21/2014,07-July,2-Monday,19:27,1900 Hours,District 6 (East Central),DAVENPORT,SCOTT,,IA 461/HARRISON ST & W 4TH ST,Collision with:  Vehicle in traffic,On Roadway,"Sideswipe, same direction",Improper or erratic lane changing,None Indicated,,Daylight,Dry,Clear,None apparent,Non-intersection:  Non-junction/no special feature,Paved,,Property Damage Only,0,0,0,0,0,0,2000,2,5,,POINT (-90.577005843071 41.5235280773)
2014808771,14-043,07/21/2014,07-July,2-Monday,13:59,1300 Hours,District 3 (Northwest),MANSON,CALHOUN,IA 7,IA 7/1ST AVE & Co Rd N65/TABOR AVE,Collision with:  Vehicle in traffic,On Roadway,Broadside (front to side),FTYROW:  From stop sign,None Indicated,,Daylight,Dry,Clear,None apparent,Intersection:  Four-way intersection,Paved,,Possible/Unknown,0,2,0,0,1,1,15000,2,3,,POINT (-94.540338362974 42.516853067258)
2014808678,SO14001727,07/21/2014,07-July,2-Monday,06:00,0600 Hours,District 3 (Northwest),AKRON,PLYMOUTH,,DIAMOND AVE,Collision with fixed object:  Ditch,Shoulder,Non-collision (single vehicle),Ran off road - right,None Indicated,,Daylight,Dry,Clear,None apparent,Non-intersection:  Non-junction/no special feature,Unpaved,,Property Damage Only,0,0,0,0,0,0,7000,1,1,,POINT (-96.507690125673 42.817204793572)
2014809034,,07/21/2014,07-July,2-Monday,12:00,1200 Hours,District 1 (Central),TAMA,TAMA,,14TH ST & STATE ST,Collision with:  Parked motor vehicle,On Roadway,,Unknown,None Indicated,,,,,,,Paved,,Property Damage Only,0,0,0,0,0,0,1500,2,1,,POINT (-92.576807717892 41.972315019169)
2014808757,,07/21/2014,07-July,2-Monday,07:45,0700 Hours,District 5 (Southeast),CENTERVILLE,APPANOOSE,,S MAIN ST,Collision with:  Vehicle in traffic,On Roadway,Rear-end (front to rear),Unknown,None Indicated,,Daylight,Dry,Clear,,Non-intersection:  Alley,Paved,,Property Damage Only,0,0,0,0,0,0,3000,2,2,,POINT (-92.874152377543 40.717749836331)
2014808747,,07/21/2014,07-July,2-Monday,21:18,2100 Hours,District 4 (Southwest),ADEL,DALLAS,US 6,US 6,Collision with:  Other non-fixed object (explain in narrative),On Roadway,Non-collision (single vehicle),Lost Control,None Indicated,,Dark - roadway not lighted,Dry,Clear,None apparent,Non-intersection:  Non-junction/no special feature,Paved,,Major Injury,0,1,1,0,0,0,4100,1,1,,POINT (-93.969418596546 41.614618507766)
2014808552,14-4846,07/21/2014,07-July,2-Monday,18:17,1800 Hours,District 1 (Central),ANKENY,POLK,US 69,US 69/NE 14TH ST/N ANKENY BLVD & NE 118TH AVE & NE 54TH ST,Collision with:  Vehicle in traffic,On Roadway,"Angle, oncoming left turn",FTYROW:  Making left turn,None Indicated,,Daylight,Dry,Cloudy,None apparent,Intersection:  Other intersection (explain in narrative),Paved,,Property Damage Only,0,0,0,0,0,0,5000,2,4,,POINT (-93.600542099673 41.776797029907)
2014809077,14-25294,07/21/2014,07-July,2-Monday,05:27,0500 Hours,District 5 (Southeast),,DES MOINES,US 61,US 61,Non-collision events:  Other non-collision (explain in narrative),On Roadway,Non-collision (single vehicle),Equipment failure,None Indicated,,Dawn,Dry,Clear,None apparent,Non-intersection:  Non-junction/no special feature,Paved,,Property Damage Only,0,0,0,0,0,0,1500,1,1,,POINT (-91.191153105696 40.729434563695)
2014809579,2014-50381,07/21/2014,07-July,2-Monday,03:34,0300 Hours,District 6 (East Central),DAVENPORT,SCOTT,,HICKORY GROVE RD,Collision with:  Vehicle in traffic,On Roadway,Rear-end (front to rear),Lost Control,Alcohol (Statutory),,Dark - roadway lighted,Dry,Clear,None apparent,Non-intersection:  Non-junction/no special feature,Paved,,Property Damage Only,0,0,0,0,0,0,3000,2,3,,POINT (-90.623007589517 41.553480375653)
2014810163,14-25338,07/21/2014,07-July,2-Monday,13:45,1300 Hours,District 5 (Southeast),BURLINGTON,DES MOINES,,BARRET ST & CENTRAL AVE,Collision with:  Vehicle in traffic,On Roadway,Broadside (front to side),FTYROW:  From stop sign,None Indicated,,Daylight,Dry,Clear,None apparent,Intersection:  Four-way intersection,Paved,,Property Damage Only,0,0,0,0,0,0,3500,2,4,,POINT (-91.109827989735 40.790888980324)
2014808602,14-23483,07/21/2014,07-July,2-Monday,10:16,1000 Hours,District 3 (Northwest),SIOUX CITY,WOODBURY,,,Collision with:  Vehicle in traffic,On Roadway,Broadside (front to side),Unknown,None Indicated,,Daylight,Dry,Clear,None apparent,Non-intersection:  Alley,,,Property Damage Only,0,0,0,0,0,0,5300,2,2,,POINT (-96.643700149993 40.233091251414)
2014808565,20140020893,07/21/2014,07-July,2-Monday,18:35,1800 Hours,District 1 (Central),DES MOINES,POLK,US 69,US 69/SE 14TH ST & E RAILROAD AVE,Collision with:  Vehicle in traffic,On Roadway,Rear-end (front to rear),Followed too close,None Indicated,,Daylight,Dry,Clear,None apparent,Non-intersection:  Non-junction/no special feature,Paved,,Possible/Unknown,0,1,0,0,1,0,6500,2,2,,POINT (-93.596875325692 41.579506242147)
2014809111,14-150721-01,07/21/2014,07-July,2-Monday,15:50,1500 Hours,District 6 (East Central),,IOWA,,Co Rd V77/P AVE & PP AVE,Collision with:  Vehicle in traffic,On Roadway,Rear-end (front to rear),Swerving/Evasive Action,None Indicated,,Daylight,Dry,Clear,Other (explain in narrative),Intersection:  Other intersection (explain in narrative),Paved,,Property Damage Only,0,0,0,0,0,0,2000,2,2,,POINT (-92.007064424282 41.72589775272)
2014808907,2014042816,07/21/2014,07-July,2-Monday,21:50,2100 Hours,District 6 (East Central),,JACKSON,,Co Rd D53/CENTERVILLE RD & 296 AVE,Collision with:  Animal,On Roadway,Non-collision (single vehicle),Animal,None Indicated,,,,,,,Paved,,Property Damage Only,0,0,0,0,0,0,5030,1,1,,POINT (-90.548932100524 42.35569669345)
2014808609,14-23549,07/21/2014,07-July,2-Monday,19:38,1900 Hours,District 3 (Northwest),SIOUX CITY,WOODBURY,,W 19TH ST,Collision with:  Vehicle in traffic,On Roadway,"Sideswipe, opposite direction",Crossed centerline (undivided),None Indicated,,Dusk,Dry,Cloudy,None apparent,Non-intersection:  Non-junction/no special feature,Paved,,Possible/Unknown,0,4,0,0,4,0,7000,2,5,,POINT (-96.457585968933 42.50876761585)
2014808992,2014-50582,07/21/2014,07-July,2-Monday,20:42,2000 Hours,District 6 (East Central),DAVENPORT,SCOTT,,W 60TH ST,Collision with fixed object:  Other fixed object (explain in narrative),Outside trafficway,Non-collision (single vehicle),Ran off road - straight,None Indicated,,Dark - roadway lighted,Dry,Clear,None apparent,Non-intersection:  Non-junction/no special feature,Paved,,Property Damage Only,0,0,0,0,0,0,2500,1,2,,POINT (-90.675704600307 41.581883774164)