Iowa DOT Case Number,Law Enforcement Case Number,Date of Crash,Month of Crash,Day of Week,Time of Crash,Hour,DOT District,City Name,County Name,Route with System,Location Description,First Harmful Event,Location of First Harmful Event,Manner of Crash/Collision,Major Cause,Drug or Alcohol ,Environmental Conditions,Light Conditions,Surface Conditions,Weather Conditions,Roadway Contribution,Roadway Type,Roadway Surface,Work Zone,Crash Severity,Number of Fatalities,Number of Injuries,Number of Major Injuries,Number of Minor Injuries,Number of Possible Injuries,Number of Unknown Injuries,Amount of Property Damage,Number of Vehicles Involved,Total Number of Occupants,Travel Direction,Location
2014810088,14-008654,07/22/2014,07-July,3-Tuesday,18:27,1800 Hours,District 2 (Northeast),,FAYETTE,US 18,US 18/HARDING RD,Non-collision events:  Overturn/rollover,On Roadway,Non-collision (single vehicle),Crossed centerline (undivided),Alcohol (Statutory),,Daylight,Dry,Clear,None apparent,Non-intersection:  Non-junction/no special feature,Paved,,Minor Injury,0,1,0,1,0,0,4150,1,1,,POINT (-91.679996352482 42.992551800202)
2014809564,2014-50806,07/22/2014,07-July,3-Tuesday,15:20,1500 Hours,District 6 (East Central),DAVENPORT,SCOTT,,E LOCUST ST & EASTMERE DR,Collision with:  Vehicle in traffic,On Roadway,Rear-end (front to rear),Followed too close,None Indicated,,Daylight,Dry,Clear,None apparent,Non-intersection:  Non-junction/no special feature,Paved,,Property Damage Only,0,0,0,0,0,0,3000,2,2,,POINT (-90.525597947075 41.538482201414)
2014808710,14-030634,07/22/2014,07-July,3-Tuesday,11:58,1100 Hours,District 4 (Southwest),COUNCIL BLUFFS,POTTAWATTAMIE,,BIG LAKE RD,Collision with fixed object:  Bridge overhead structure,On Roadway,Non-collision (single vehicle),Other (explain in narrative):  Disregarded Warning Sign,None Indicated,,Daylight,Dry,Clear,None apparent,Non-intersection:  Other non-intersection (explain in narrative),Paved,,Property Damage Only,0,0,0,0,0,0,4000,1,2,,POINT (-95.865606882832 41.282803796679)
2014810369,14004834,07/22/2014,07-July,3-Tuesday,14:21,1400 Hours,District 2 (Northeast),ALGONA,KOSSUTH,US 169,US 169/N JONES ST & E ELM ST,Collision with:  Vehicle in traffic,On Roadway,"Sideswipe, same direction",Crossed centerline (undivided),None Indicated,,Daylight,Dry,Clear,None apparent,Non-intersection:  Non-junction/no special feature,Paved,,Property Damage Only,0,0,0,0,0,0,3000,2,3,,POINT (-94.233007085574 43.073521629584)
2014808566,20140020983,07/22/2014,07-July,3-Tuesday,12:40,1200 Hours,District 1 (Central),DES MOINES,POLK,US 6,US 6/E EUCLID AVE,Collision with:  Vehicle in traffic,On Roadway,Rear-end (front to rear),Followed too close,None Indicated,,Daylight,Dry,Cloudy,None apparent,Non-intersection:  Non-junction/no special feature,Paved,,Possible/Unknown,0,1,0,0,1,0,10941,3,5,,POINT (-93.604438560858 41.62770045247)
2014808652,14-151,07/22/2014,07-July,3-Tuesday,12:02,1200 Hours,District 2 (Northeast),WAVERLY,BREMER,IA 3,IA 3/E BREMER AVE & 12TH ST NE,Collision with:  Vehicle in traffic,On Roadway,Rear-end (front to rear),Followed too close,None Indicated,,Daylight,Dry,Clear,None apparent,Non-intersection:  Non-junction/no special feature,Paved,,Property Damage Only,0,0,0,0,0,0,8000,2,3,,POINT (-92.451639608442 42.723360863644)
2014899618,NT-14-086,07/22/2014,07-July,3-Tuesday,19:20,1900 Hours,District 1 (Central),NEVADA,STORY,,J AVE & 2ND ST,Collision with:  Vehicle in traffic,On Roadway,Broadside (front to side),FTYROW:  At uncontrolled intersection,None Indicated,,Daylight,Dry,Clear,None apparent,Intersection:  Four-way intersection,Paved,,Property Damage Only,0,0,0,0,0,0,17000,2,7,,POINT (-93.457731391668 42.020665263414)
2014810276,201400035548,07/22/2014,07-July,3-Tuesday,16:41,1600 Hours,District 5 (Southeast),OTTUMWA,WAPELLO,,E MAIN ST & S GREEN ST,Collision with:  Vehicle in traffic,On Roadway,Broadside (front to side),FTYROW:  From stop sign,None Indicated,,Daylight,Dry,Clear,None apparent,Intersection:  Four-way intersection,Paved,,Possible/Unknown,0,1,0,0,1,0,4500,2,2,,POINT (-92.410378767485 41.016237570518)
2014808649,W14-073646,07/22/2014,07-July,3-Tuesday,16:05,1600 Hours,District 2 (Northeast),WATERLOO,BLACK HAWK,,PROGRESS AVE & GREENHILL RD,Collision with:  Vehicle in traffic,On Roadway,Rear-end (front to rear),Followed too close,None Indicated,,Daylight,Dry,Cloudy,None apparent,Intersection:  Four-way intersection,Paved,,Property Damage Only,0,0,0,0,0,0,7300,2,2,,POINT (-92.402271248343 42.498899872357)
2014808995,2014-50839,07/22/2014,07-July,3-Tuesday,18:22,1800 Hours,District 6 (East Central),DAVENPORT,SCOTT,,IA 461/BRADY ST & KIRKWOOD BLVD,Collision with:  Vehicle in traffic,On Roadway,Broadside (front to side),FTYROW:  From stop sign,None Indicated,,Daylight,Dry,Clear,None apparent,Intersection:  T-intersection,Paved,,Possible/Unknown,0,1,0,0,1,0,6000,2,3,,POINT (-90.574029463664 41.536146330226)
2014811716,2014-50795,07/22/2014,07-July,3-Tuesday,15:33,1500 Hours,District 6 (East Central),DAVENPORT,SCOTT,US 6,US 6/E KIMBERLY RD,Collision with:  Vehicle in traffic,On Roadway,"Sideswipe, same direction",Improper or erratic lane changing,None Indicated,,Daylight,Dry,Cloudy,None apparent,Non-intersection:  Non-junction/no special feature,Paved,,Property Damage Only,0,0,0,0,0,0,1500,2,4,,POINT (-90.553037234151 41.556893317292)
2014808831,14-0866,07/22/2014,07-July,3-Tuesday,06:30,0600 Hours,District 1 (Central),CLIVE,POLK,I-35,I-35 & UNIVERSITY AVE,Collision with:  Vehicle in traffic,On Roadway,"Sideswipe, same direction",Improper or erratic lane changing,None Indicated,,Daylight,Dry,Cloudy,None apparent,Non-intersection:  Non-junction/no special feature,Paved,,Property Damage Only,0,0,0,0,0,0,1800,2,2,,POINT (-93.776921913914 41.60044420781)
2014821330,,07/22/2014,07-July,3-Tuesday,00:54,0000 Hours,District 2 (Northeast),CLEAR LAKE,CERRO GORDO,I-35,I-35 & IA 122/IOWA 122,,Shoulder,Non-collision (single vehicle),Ran off road - left,None Indicated,,Dark - roadway lighted,Dry,Clear,None apparent,Interchange-related:  Off-ramp,Paved,,Possible/Unknown,0,1,0,0,1,0,7095,1,2,,POINT (-93.354684628331 43.146485329775)
2014808727,2014042601,07/22/2014,07-July,3-Tuesday,13:00,1300 Hours,District 5 (Southeast),CHARITON,LUCAS,US 34,US 34 & IA 14/S MAIN ST,Collision with fixed object:  Bridge overhead structure,On Roadway,Non-collision (single vehicle),Other (explain in narrative):  Disregarded Warning Sign,None Indicated,,Daylight,Dry,Cloudy,None apparent,Non-intersection:  Other non-intersection (explain in narrative),Paved,,Property Damage Only,0,0,0,0,0,0,269589,1,1,,POINT (-93.30814981149 41.004821348804)
2014809521,SO14001737,07/22/2014,07-July,3-Tuesday,16:44,1600 Hours,District 3 (Northwest),REMSEN,PLYMOUTH,IA 3,IA 3/IOWA 3,Collision with fixed object:  Mailbox,On Roadway,Non-collision (single vehicle),Traveling wrong way or on wrong side of road,None Indicated,,Daylight,Dry,Clear,None apparent,Non-intersection:  Non-junction/no special feature,Paved,,Property Damage Only,0,0,0,0,0,0,3300,1,1,,POINT (-96.011498530461 42.808257582878)
2014808709,14-3487,07/22/2014,07-July,3-Tuesday,20:00,2000 Hours,District 4 (Southwest),WEST DES MOINES,DALLAS,,GRAND AVE & S JORDAN CREEK PKWY,Collision with fixed object:  Ditch,Outside trafficway,Non-collision (single vehicle),Ran off road - straight,None Indicated,,Dusk,Dry,Clear,None apparent,Intersection:  Other intersection (explain in narrative),Paved,,Possible/Unknown,0,1,0,0,1,0,1300,1,1,,POINT (-93.806648348781 41.538972250123)
2014808886,2014-15612,07/22/2014,07-July,3-Tuesday,10:49,1000 Hours,District 5 (Southeast),INDIANOLA,WARREN,IA 92,IA 92/W 2ND AVE & S E ST,Collision with:  Vehicle in traffic,On Roadway,"Angle, oncoming left turn",FTYROW:  Making left turn,None Indicated,,Daylight,Dry,Clear,None apparent,Intersection:  Four-way intersection,Paved,,Property Damage Only,0,0,0,0,0,0,4000,2,2,,POINT (-93.568955535901 41.358397862739)
2014811000,144101,07/22/2014,07-July,3-Tuesday,06:00,0600 Hours,District 1 (Central),,HARDIN,,Co Rd S56/CO HWY S56 & 190TH ST,Non-collision events:  Overturn/rollover,Shoulder,Non-collision (single vehicle),Swerving/Evasive Action,None Indicated,,Daylight,Dry,Clear,None apparent,Intersection:  T-intersection,Paved,,Possible/Unknown,0,1,0,0,1,0,5000,1,1,,POINT (-93.05160327706 42.426562258372)
2014808669,2014007861,07/22/2014,07-July,3-Tuesday,17:10,1700 Hours,District 6 (East Central),IOWA CITY,JOHNSON,,BROWN ST & N DUBUQUE ST,Collision with:  Vehicle in traffic,On Roadway,"Angle, oncoming left turn",Made improper turn,None Indicated,,Daylight,Dry,Clear,None apparent,Non-intersection:  Non-junction/no special feature,Paved,,Property Damage Only,0,0,0,0,0,0,5000,2,2,,POINT (-91.532932750494 41.670167729762)
2014809777,201403356,07/22/2014,07-July,3-Tuesday,17:09,1700 Hours,District 1 (Central),BOONE,BOONE,IA 17,IA 17/T AVE,Collision with:  Animal,,,Animal,None Indicated,,,,,,,Paved,,Property Damage Only,0,0,0,0,0,0,2500,1,1,,POINT (-93.795892665374 42.189715317479)
2014808683,14-003143,07/22/2014,07-July,3-Tuesday,18:16,1800 Hours,District 1 (Central),ANKENY,POLK,I-35,I-35 & IA 160/SE ORALABOR RD,Collision with:  Vehicle in traffic,On Roadway,Rear-end (front to rear),Other (explain in narrative):  Other,None Indicated,,Daylight,Dry,Cloudy,None apparent,Non-intersection:  Other non-intersection (explain in narrative),Paved,,Property Damage Only,0,0,0,0,0,0,5500,2,5,,POINT (-93.576176601968 41.702884070665)
2014810912,2014042607,07/22/2014,07-July,3-Tuesday,14:00,1400 Hours,District 1 (Central),,GREENE,IA 144,IA 144/144 DIAGONAL,Collision with fixed object:  Ditch,Shoulder,Non-collision (single vehicle),Crossed centerline (undivided),None Indicated,,Daylight,Dry,Clear,None apparent,Non-intersection:  Non-junction/no special feature,Paved,,Property Damage Only,0,0,0,0,0,0,6000,1,3,,POINT (-94.171705290656 41.90551959492)
2014808570,20140020979,07/22/2014,07-July,3-Tuesday,11:44,1100 Hours,District 1 (Central),DES MOINES,POLK,I-235,I-235,Collision with fixed object:  Concrete traffic barrier (median or right side),Shoulder,Non-collision (single vehicle),Lost Control,None Indicated,,Daylight,Dry,Cloudy,None apparent,Non-intersection:  Non-junction/no special feature,Paved,,Possible/Unknown,0,1,0,0,1,0,5000,1,4,,POINT (-93.617745630734 41.595582038205)
2014809610,2014042599,07/22/2014,07-July,3-Tuesday,13:20,1300 Hours,District 2 (Northeast),,HUMBOLDT,US 169,US 169/LINCOLN AVE & Co Rd C20/130TH ST,Collision with:  Vehicle in traffic,On Roadway,Broadside (front to side),FTYROW:  From stop sign,None Indicated,,Daylight,Dry,Clear,None apparent,Intersection:  Four-way intersection,Paved,,Property Damage Only,0,0,0,0,0,0,2000,2,3,,POINT (-94.227256285934 42.863109812843)
2014809112,14-150723-01,07/22/2014,07-July,3-Tuesday,20:15,2000 Hours,District 6 (East Central),,IOWA,,Co Rd F20/220TH TRL,Collision with:  Animal,,Non-collision (single vehicle),Animal,None Indicated,,,,,,,Paved,,Property Damage Only,0,0,0,0,0,0,2000,1,1,,POINT (-91.853651769582 41.802874057881)
2014808720,14-0409,07/22/2014,07-July,3-Tuesday,15:52,1500 Hours,District 1 (Central),CLARE,WEBSTER,IA 7,IA 7/190TH ST,Collision with:  Vehicle in traffic,On Roadway,Rear-end (front to rear),FTYROW:  Other (explain in narrative),None Indicated,,Daylight,Dry,Clear,None apparent,Non-intersection:  Railroad grade crossing,Paved,,Property Damage Only,0,0,0,0,0,0,11500,2,3,,POINT (-94.296685329042 42.516150195869)
2014808906,2014042643,07/22/2014,07-July,3-Tuesday,16:46,1600 Hours,District 4 (Southwest),,MONTGOMERY,US 71,US 71 & Co Rd H34/200 ST,Collision with:  Vehicle in traffic,On Roadway,Rear-end (front to rear),Crossed centerline (undivided),None Indicated,,Daylight,Dry,Cloudy,None apparent,Intersection:  T-intersection,Paved,,Major Injury,0,3,3,0,0,0,25000,2,4,,POINT (-94.992735710227 41.015740025542)
2014810797,14-18892,07/22/2014,07-July,3-Tuesday,21:35,2100 Hours,District 1 (Central),NEWTON,JASPER,,S 4TH AVE PL E & E 17TH ST S,Collision with:  Non-motorist (see non-motorist section - NOT a unit),On Roadway,Non-collision (single vehicle),FTYROW:  To pedestrian,None Indicated,,Dark - roadway lighted,Dry,Clear,None apparent,Non-intersection:  Non-junction/no special feature,Paved,,Minor Injury,0,1,0,1,0,0,200,1,1,,POINT (-93.032903958929 41.695037384587)
2014808838,20140020939,07/22/2014,07-July,3-Tuesday,06:20,0600 Hours,District 1 (Central),DES MOINES,POLK,,HUBBELL AVE,Collision with:  Vehicle in traffic,On Roadway,"Sideswipe, same direction",Followed too close,None Indicated,,Dawn,Dry,Cloudy,None apparent,Non-intersection:  Non-junction/no special feature,Paved,,Property Damage Only,0,0,0,0,0,0,3500,2,6,,POINT (-93.571574757122 41.606593511955)
2014808789,C14002264,07/22/2014,07-July,3-Tuesday,16:54,1600 Hours,District 6 (East Central),CORALVILLE,JOHNSON,,OAKDALE BLVD & 1ST AVE,Collision with:  Non-motorist (see non-motorist section - NOT a unit),On Roadway,Non-collision (single vehicle),FTYROW:  From stop sign,None Indicated,,Daylight,Dry,Clear,None apparent,Intersection:  Four-way intersection,Paved,,Possible/Unknown,0,1,0,0,1,0,500,1,1,,POINT (-91.562725012266 41.701410622794)
2014808665,PD1406275,07/22/2014,07-July,3-Tuesday,10:10,1000 Hours,District 5 (Southeast),FAIRFIELD,JEFFERSON,IA 1,IA 1/N 4TH ST,Collision with:  Vehicle in traffic,On Roadway,"Sideswipe, same direction",FTYROW:  Other (explain in narrative),None Indicated,,Daylight,Dry,Cloudy,None apparent,Non-intersection:  Non-junction/no special feature,Paved,,Property Damage Only,0,0,0,0,0,0,2000,2,2,,POINT (-91.968081015455 41.021819022022)
2014808999,2014-50807,07/22/2014,07-July,3-Tuesday,16:19,1600 Hours,District 6 (East Central),DAVENPORT,SCOTT,,E 35TH CT & ELMORE AVE,Collision with:  Vehicle in traffic,On Roadway,"Angle, oncoming left turn",FTYROW:  Making left turn,None Indicated,,Daylight,Dry,Cloudy,None apparent,Non-intersection:  Driveway access (within),Paved,,Property Damage Only,0,0,0,0,0,0,2500,2,2,,POINT (-90.527252938902 41.556071212037)
2014809078,14-25492,07/22/2014,07-July,3-Tuesday,14:19,1400 Hours,District 5 (Southeast),MEDIAPOLIS,DES MOINES,,NORTH ST & NORTHFIELD RD,Collision with:  Vehicle in traffic,On Roadway,Broadside (front to side),FTYROW:  From stop sign,None Indicated,,Daylight,Dry,Clear,None apparent,Intersection:  Four-way intersection,Paved,,Property Damage Only,0,0,0,0,0,0,4000,2,2,,POINT (-91.160399128422 41.009405223275)
2014808571,20140020982,07/22/2014,07-July,3-Tuesday,12:12,1200 Hours,District 1 (Central),DES MOINES,POLK,,FOREST AVE & MLK JR PKWY,Collision with:  Vehicle in traffic,On Roadway,Broadside (front to side),Ran Traffic Signal,None Indicated,,Daylight,Dry,Cloudy,None apparent,Intersection:  Four-way intersection,Paved,,Property Damage Only,0,0,0,0,0,0,16500,2,4,,POINT (-93.643879362071 41.604031542099)
2014808929,2014007854,07/22/2014,07-July,3-Tuesday,14:58,1400 Hours,District 6 (East Central),IOWA CITY,JOHNSON,US 6,US 6 & LAKESIDE DR,Collision with:  Vehicle in traffic,On Roadway,Broadside (front to side),Ran Stop Sign,None Indicated,,Daylight,Dry,Clear,None apparent,Intersection:  T-intersection,Paved,,Property Damage Only,0,0,0,0,0,0,3000,2,2,,POINT (-91.497524416636 41.63536711137)
2014808703,14-1613,07/22/2014,07-July,3-Tuesday,12:03,1200 Hours,District 4 (Southwest),URBANDALE,DALLAS,,146TH ST,Collision with fixed object:  Curb/island/raised median,On Roadway,Non-collision (single vehicle),Ran off road - right,None Indicated,,Daylight,Dry,Cloudy,None apparent,Non-intersection:  Non-junction/no special feature,Paved,,Property Damage Only,0,0,0,0,0,0,10500,1,2,,POINT (-93.820228160203 41.626885658761)
2014808860,14-13956,07/22/2014,07-July,3-Tuesday,16:21,1600 Hours,District 6 (East Central),BETTENDORF,SCOTT,,MIDDLE RD & OAKBROOK DR,Collision with:  Vehicle in traffic,On Roadway,"Sideswipe, same direction",Lost Control,None Indicated,,Daylight,Dry,Cloudy,None apparent,Intersection:  T-intersection,Paved,,Property Damage Only,0,0,0,0,0,0,5000,2,4,,POINT (-90.514499926246 41.542808944673)
2014894053,1405839,07/22/2014,07-July,3-Tuesday,15:47,1500 Hours,District 5 (Southeast),WASHINGTON,WASHINGTON,IA 1,IA 1/IOWA 1 & W 5TH ST,Collision with:  Vehicle in traffic,On Roadway,Broadside (front to side),Ran Stop Sign,None Indicated,,Daylight,Dry,Clear,None apparent,Non-intersection:  Non-junction/no special feature,Paved,,Property Damage Only,0,0,0,0,0,0,24000,2,2,,POINT (-91.715591105964 41.307707448054)
2014809638,14-4815,07/22/2014,07-July,3-Tuesday,08:18,0800 Hours,District 2 (Northeast),BANCROFT,KOSSUTH,US 169,US 169 & Co Rd A42/360 ST,Collision with:  Vehicle in traffic,On Roadway,"Angle, oncoming left turn",FTYROW:  Making left turn,None Indicated,,Daylight,Dry,Clear,None apparent,Intersection:  Four-way intersection,Paved,,Minor Injury,0,1,0,1,0,0,4000,2,2,,POINT (-94.226438707725 43.283896371908)
2014808672,14015250,07/22/2014,07-July,3-Tuesday,03:41,0300 Hours,District 6 (East Central),MARION,LINN,,8TH AVE,Collision with fixed object:  Utility pole/light support,Roadside,Non-collision (single vehicle),Equipment failure,None Indicated,,Dark - roadway lighted,Dry,Clear,None apparent,Non-intersection:  Non-junction/no special feature,Paved,,Property Damage Only,0,0,0,0,0,0,6000,1,1,,POINT (-91.588582767157 42.034118712723)
2014809916,14-464,07/22/2014,07-July,3-Tuesday,16:55,1600 Hours,District 5 (Southeast),CORYDON,WAYNE,IA 2,IA 2/JEFFERSON ST,Collision with:  Vehicle in traffic,On Roadway,"Sideswipe, same direction",FTYROW:  Other (explain in narrative),None Indicated,,Daylight,Dry,Clear,None apparent,Non-intersection:  Non-junction/no special feature,Paved,,Property Damage Only,0,0,0,0,0,0,2000,2,2,,POINT (-93.317713116239 40.757181343722)
2014808666,14107792,07/22/2014,07-July,3-Tuesday,17:44,1700 Hours,District 6 (East Central),,JOHNSON,US 218,US 218,Collision with:  Vehicle in traffic,On Roadway,"Sideswipe, same direction",Unknown,None Indicated,,Daylight,Dry,Clear,None apparent,Non-intersection:  Non-junction/no special feature,Paved,,Property Damage Only,0,0,0,0,0,0,2500,2,5,,POINT (-91.5471736565 41.541531405108)
2014808993,2014-50690,07/22/2014,07-July,3-Tuesday,06:51,0600 Hours,District 6 (East Central),DAVENPORT,SCOTT,,W LOCUST ST & STURDEVANT ST,Collision with:  Vehicle in traffic,On Roadway,Broadside (front to side),FTYROW:  From stop sign,None Indicated,,Daylight,Dry,Cloudy,None apparent,Intersection:  Four-way intersection,Paved,,Property Damage Only,0,0,0,0,0,0,3500,2,2,,POINT (-90.598692296923 41.538249397814)
2014808684,14-0868,07/22/2014,07-July,3-Tuesday,12:31,1200 Hours,District 1 (Central),CLIVE,POLK,US 6,US 6/HICKMAN RD & NW 100TH ST,Collision with:  Vehicle in traffic,On Roadway,Broadside (front to side),FTYROW:  Making right turn on red signal,None Indicated,,Daylight,Dry,Clear,None apparent,Non-intersection:  Non-junction/no special feature,Paved,,Possible/Unknown,0,1,0,0,1,0,3900,2,2,,POINT (-93.755922289088 41.614842588739)
2014808702,14-1612,07/22/2014,07-July,3-Tuesday,10:17,1000 Hours,District 4 (Southwest),URBANDALE,DALLAS,,153RD ST & BROOKVIEW DR,Collision with:  Vehicle in traffic,On Roadway,Broadside (front to side),FTYROW:  Making left turn,None Indicated,,Daylight,Dry,Cloudy,None apparent,Intersection:  Four-way intersection,Paved,,Property Damage Only,0,0,0,0,0,0,4500,2,3,,POINT (-93.82894040606 41.651935019574)
2014808917,14004548,07/22/2014,07-July,3-Tuesday,11:59,1100 Hours,District 2 (Northeast),SWALEDALE,CERRO GORDO,,DOUGLAS ST & 2ND ST,Non-collision events:  Other non-collision (explain in narrative),Outside trafficway,Non-collision (single vehicle),Ran off road - right,None Indicated,,Daylight,Dry,Clear,None apparent,Non-intersection:  Non-junction/no special feature,Paved,,Property Damage Only,0,0,0,0,0,0,3000,1,2,,POINT (-93.319002082969 42.979466926846)
2014808997,2014-50724,07/22/2014,07-July,3-Tuesday,10:03,1000 Hours,District 6 (East Central),DAVENPORT,SCOTT,IA 130,IA 130/NEW LIBERTY RD,Collision with:  Vehicle in traffic,On Roadway,"Angle, oncoming left turn",FTYROW:  Making left turn,None Indicated,,Daylight,Dry,Clear,None apparent,Intersection:  Four-way intersection,Paved,,Minor Injury,0,2,0,2,0,0,5000,2,3,,POINT (-90.61730391525 41.598394230942)
2014808783,P14-008539,07/22/2014,07-July,3-Tuesday,13:19,1300 Hours,District 1 (Central),WEBSTER CITY,HAMILTON,,WOOSLEY AVE,Collision with:  Vehicle in traffic,On Roadway,Broadside (front to side),FTYROW:  From driveway,None Indicated,,Daylight,Dry,Clear,None apparent,Non-intersection:  Driveway access (within),Paved,,Property Damage Only,0,0,0,0,0,0,4000,2,2,,POINT (-93.837817684472 42.469415093791)
2014808905,2014042591,07/22/2014,07-July,3-Tuesday,12:15,1200 Hours,District 6 (East Central),NEW VIENNA,DUBUQUE,IA 136,IA 136/COLUMBUS ST,Collision with:  Vehicle in traffic,On Roadway,Rear-end (front to rear),Lost Control,None Indicated,,Daylight,Dry,Clear,None apparent,Non-intersection:  Non-junction/no special feature,Paved,,Property Damage Only,0,0,0,0,0,0,5000,2,2,,POINT (-91.112314067424 42.542590179813)
2014808994,2014-50749,07/22/2014,07-July,3-Tuesday,12:34,1200 Hours,District 6 (East Central),DAVENPORT,SCOTT,,IA 461/BRADY ST & VETERANS MEMORIAL PKWY & W 65TH ST,Collision with:  Vehicle in traffic,On Roadway,Broadside (front to side),Ran Traffic Signal,None Indicated,,Daylight,Dry,Clear,None apparent,Intersection:  Four-way intersection,Paved,,Property Damage Only,0,0,0,0,0,0,3000,2,3,,POINT (-90.571325145913 41.585633288289)
2014808687,20140020949,07/22/2014,07-July,3-Tuesday,08:05,0800 Hours,District 1 (Central),DES MOINES,POLK,,E CAULDER AVE & SE 20TH ST,Collision with:  Parked motor vehicle,On Roadway,Rear-end (front to rear),Lost Control,None Indicated,,Daylight,Dry,Cloudy,None apparent,Non-intersection:  Non-junction/no special feature,Paved,,Possible/Unknown,0,1,0,0,1,0,7000,2,1,,POINT (-93.580876723068 41.553178797631)
2014809661,14012343,07/22/2014,07-July,3-Tuesday,20:06,2000 Hours,District 2 (Northeast),MASON CITY,CERRO GORDO,,15TH ST SE,Collision with:  Parked motor vehicle,On Roadway,Broadside (front to side),Unknown,None Indicated,,Daylight,Dry,Clear,None apparent,Non-intersection:  Non-junction/no special feature,Paved,,Property Damage Only,0,0,0,0,0,0,3500,2,0,,POINT (-93.198200619212 43.137264216626)
2014808693,20140021007,07/22/2014,07-July,3-Tuesday,15:41,1500 Hours,District 1 (Central),DES MOINES,POLK,I-235,I-235 & CUMMINS PKWY,Collision with:  Vehicle in traffic,On Roadway,"Sideswipe, same direction",Improper or erratic lane changing,None Indicated,,Daylight,Dry,Cloudy,None apparent,Non-intersection:  Non-junction/no special feature,Paved,,Property Damage Only,0,0,0,0,0,0,4500,2,3,,POINT (-93.699705576068 41.592905662917)
2014808575,14-3478,07/22/2014,07-July,3-Tuesday,11:30,1100 Hours,District 1 (Central),WEST DES MOINES,POLK,I-35,I-35,Collision with:  Vehicle in traffic,On Roadway,"Sideswipe, same direction",Other (explain in narrative):  Other,None Indicated,,Daylight,Dry,Cloudy,Work Zone (roadway-related),Non-intersection:  Non-junction/no special feature,Paved,Yes,Property Damage Only,0,0,0,0,0,0,3500,2,2,,POINT (-93.776848657134 41.564307718144)
2014808966,14-0867,07/22/2014,07-July,3-Tuesday,07:35,0700 Hours,District 1 (Central),CLIVE,POLK,US 6,US 6/HICKMAN RD,Collision with:  Vehicle in traffic,On Roadway,"Angle, oncoming left turn",Other (explain in narrative):  Other,None Indicated,,Daylight,Wet,Clear,None apparent,Intersection:  Four-way intersection,Paved,,Property Damage Only,0,0,0,0,0,0,3700,2,4,,POINT (-93.778499543391 41.614890067073)
2014808996,2014-50689,07/22/2014,07-July,3-Tuesday,06:45,0600 Hours,District 6 (East Central),DAVENPORT,SCOTT,,Co Rd F55/210 ST & Co Rd Y68/S SCOTT PARK RD,Collision with:  Vehicle in traffic,On Roadway,"Angle, oncoming left turn",FTYROW:  Making left turn,None Indicated,,Daylight,Dry,Clear,None apparent,Intersection:  Four-way intersection,Paved,,Possible/Unknown,0,2,0,0,2,0,5000,2,3,,POINT (-90.557797203642 41.610987548976)
2014809037,,07/22/2014,07-July,3-Tuesday,17:40,1700 Hours,District 2 (Northeast),CHARLES CITY,FLOYD,,ALLISON ST,Collision with:  Vehicle in traffic,On Roadway,"Angle, oncoming left turn",Crossed centerline (undivided),None Indicated,,Daylight,Dry,Clear,None apparent,Non-intersection:  Other non-intersection (explain in narrative),Paved,,Property Damage Only,0,0,0,0,0,0,3000,2,6,,POINT (-92.675167223487 43.061900745266)
2014808659,2014-3441,07/22/2014,07-July,3-Tuesday,19:05,1900 Hours,District 4 (Southwest),WAUKEE,DALLAS,,BOONE DR,Collision with:  Vehicle in traffic,On Roadway,Rear-end (front to rear),Crossed centerline (undivided),None Indicated,,Daylight,Dry,Cloudy,None apparent,Non-intersection:  Non-junction/no special feature,Paved,,Property Damage Only,0,0,0,0,0,0,2000,2,6,,POINT (-93.833605514041 41.602037749424)
2014809382,14004260,07/22/2014,07-July,3-Tuesday,05:49,0500 Hours,District 3 (Northwest),SHELDON,OBRIEN,,W 7TH ST & WESTERN AVE,Collision with:  Vehicle in traffic,On Roadway,"Angle, oncoming left turn",FTYROW:  From stop sign,None Indicated,,Daylight,Dry,Cloudy,None apparent,Intersection:  T-intersection,Paved,,Major Injury,0,2,1,0,1,0,3000,2,2,,POINT (-95.861967131252 43.184846555444)
2014808685,20140020988,07/22/2014,07-July,3-Tuesday,12:47,1200 Hours,District 1 (Central),DES MOINES,POLK,US 69,US 69/E 15TH ST & DES MOINES ST,Collision with:  Vehicle in traffic,On Roadway,Broadside (front to side),Ran Stop Sign,None Indicated,,Daylight,Dry,Cloudy,None apparent,Intersection:  Four-way intersection,Paved,,Property Damage Only,0,0,0,0,0,0,1500,2,3,,POINT (-93.595674221585 41.595004955863)
2014808648,W14-073639,07/22/2014,07-July,3-Tuesday,15:51,1500 Hours,District 2 (Northeast),WATERLOO,BLACK HAWK,,CARTER ST,Collision with:  Vehicle in traffic,On Roadway,Broadside (front to side),FTYROW:  At uncontrolled intersection,None Indicated,,Daylight,Dry,Clear,None apparent,Intersection:  Four-way intersection,Paved,,Property Damage Only,0,0,0,0,0,0,2000,2,2,,POINT (-92.381976973739 42.499566731298)
2014810277,201400035549,07/22/2014,07-July,3-Tuesday,17:03,1700 Hours,District 5 (Southeast),OTTUMWA,WAPELLO,,GREENWOOD DR & WILDWOOD DR,Collision with:  Vehicle in traffic,On Roadway,Broadside (front to side),Ran Stop Sign,None Indicated,,Daylight,Dry,Cloudy,None apparent,Intersection:  Four-way intersection,Paved,,Possible/Unknown,0,2,0,0,2,0,9500,2,4,,POINT (-92.448026920901 41.005533140598)
2014808695,20140021014,07/22/2014,07-July,3-Tuesday,16:21,1600 Hours,District 1 (Central),DES MOINES,POLK,I-235,I-235,Collision with:  Vehicle in traffic,On Roadway,Rear-end (front to rear),Followed too close,None Indicated,,Daylight,Dry,Cloudy,None apparent,Non-intersection:  Non-junction/no special feature,Paved,,Property Damage Only,0,0,0,0,0,0,3300,2,2,,POINT (-93.686475925024 41.592210796604)