Iowa DOT Case Number,Law Enforcement Case Number,Date of Crash,Month of Crash,Day of Week,Time of Crash,Hour,DOT District,City Name,County Name,Route with System,Location Description,First Harmful Event,Location of First Harmful Event,Manner of Crash/Collision,Major Cause,Drug or Alcohol ,Environmental Conditions,Light Conditions,Surface Conditions,Weather Conditions,Roadway Contribution,Roadway Type,Roadway Surface,Work Zone,Crash Severity,Number of Fatalities,Number of Injuries,Number of Major Injuries,Number of Minor Injuries,Number of Possible Injuries,Number of Unknown Injuries,Amount of Property Damage,Number of Vehicles Involved,Total Number of Occupants,Travel Direction,Location
2014809004,2014-51109,07/23/2014,07-July,4-Wednesday,16:31,1600 Hours,District 6 (East Central),DAVENPORT,SCOTT,,EASTERN AVE,Unknown,On Roadway,Non-collision (single vehicle),Other (explain in narrative):  Other,None Indicated,,Daylight,Dry,Clear,Work Zone (roadway-related),Non-intersection:  Non-junction/no special feature,Paved,Yes,Property Damage Only,0,0,0,0,0,0,16000,1,1,,POINT (-90.551575707433 41.535580114503)
2014809627,2014042713,07/23/2014,07-July,4-Wednesday,08:51,0800 Hours,District 4 (Southwest),,CASS,I-80,I-80,Collision with:  Vehicle in traffic,Median,Rear-end (front to rear),Illegally Parked/Unattended,None Indicated,,Daylight,Dry,Clear,Work Zone (roadway-related),Non-intersection:  Non-junction/no special feature,Paved,Yes,Property Damage Only,0,0,0,0,0,0,3000,2,0,,POINT (-94.725968947297 41.49677380426)
2014808760,W14-073946,07/23/2014,07-July,4-Wednesday,14:42,1400 Hours,District 2 (Northeast),WATERLOO,BLACK HAWK,,W SHAULIS RD & ANSBOROUGH AVE,Collision with:  Vehicle in traffic,On Roadway,Broadside (front to side),Ran Stop Sign,None Indicated,,Daylight,Dry,Clear,None apparent,Intersection:  Four-way intersection,Paved,,Property Damage Only,0,0,0,0,0,0,2500,2,2,,POINT (-92.376344161344 42.442997321067)
2014808691,20140021089,07/23/2014,07-July,4-Wednesday,12:25,1200 Hours,District 1 (Central),DES MOINES,POLK,I-235,I-235 & EASTON BLVD,Collision with:  Vehicle in traffic,On Roadway,Rear-end (front to rear),Followed too close,None Indicated,,Daylight,Dry,Cloudy,None apparent,Non-intersection:  Non-junction/no special feature,Paved,,Property Damage Only,0,0,0,0,0,0,6000,2,2,,POINT (-93.578565736818 41.604621986149)
2014808690,20140021086,07/23/2014,07-July,4-Wednesday,11:30,1100 Hours,District 1 (Central),DES MOINES,POLK,,ARMY POST RD & SW 5TH ST,Collision with:  Vehicle in traffic,On Roadway,Rear-end (front to rear),Followed too close,None Indicated,,Daylight,Dry,Cloudy,None apparent,Intersection:  Four-way intersection,Paved,,Property Damage Only,0,0,0,0,0,0,4800,2,2,,POINT (-93.619904150107 41.526430429485)
2014808826,14-030854,07/23/2014,07-July,4-Wednesday,16:17,1600 Hours,District 5 (Southeast),MUSCATINE,MUSCATINE,,BARRY AVE & MULBERRY AVE,Collision with fixed object:  Other fixed object (explain in narrative),Outside trafficway,Non-collision (single vehicle),Other (explain in narrative):  Other,None Indicated,,Daylight,Dry,Clear,None apparent,Non-intersection:  Non-junction/no special feature,Paved,,Property Damage Only,0,0,0,0,0,0,1500,1,1,,POINT (-91.057758603289 41.438913484866)
2014810059,S14-G2301,07/23/2014,07-July,4-Wednesday,22:20,2200 Hours,District 5 (Southeast),,CLARKE,US 69,US 69,Collision with:  Animal,,Non-collision (single vehicle),Animal,None Indicated,,,,,,,Paved,,Property Damage Only,0,0,0,0,0,0,2000,1,1,,POINT (-93.710764736406 41.103508790205)
2014808820,201410615,07/23/2014,07-July,4-Wednesday,13:10,1300 Hours,District 6 (East Central),CEDAR RAPIDS,LINN,,3RD ST SE,Collision with:  Vehicle in traffic,On Roadway,Rear-end (front to rear),Followed too close,None Indicated,,Daylight,Dry,Clear,None apparent,Non-intersection:  Non-junction/no special feature,Paved,,Possible/Unknown,0,1,0,0,1,0,2000,2,2,,POINT (-91.661341855815 41.973242628838)
2014808821,201410623,07/23/2014,07-July,4-Wednesday,17:35,1700 Hours,District 6 (East Central),CEDAR RAPIDS,LINN,,4TH AVE SE & 6TH ST SE,Collision with:  Vehicle in traffic,On Roadway,Broadside (front to side),FTYROW:  From stop sign,None Indicated,,Daylight,Dry,Cloudy,None apparent,Intersection:  Four-way intersection,Paved,,Property Damage Only,0,0,0,0,0,0,3300,2,3,,POINT (-91.661638042716 41.978694980268)
2014808794,2014007899,07/23/2014,07-July,4-Wednesday,19:00,1900 Hours,District 6 (East Central),IOWA CITY,JOHNSON,,E WASHINGTON ST & S  DUBUQUE ST,Collision with:  Non-motorist (see non-motorist section - NOT a unit),On Roadway,Non-collision (single vehicle),FTYROW:  To pedestrian,None Indicated,,Daylight,Dry,Clear,None apparent,Non-intersection:  Non-junction/no special feature,Paved,,Possible/Unknown,0,1,0,0,1,0,0,1,1,,POINT (-91.533100649484 41.660127240715)
2014808841,20140021158,07/23/2014,07-July,4-Wednesday,21:42,2100 Hours,District 1 (Central),DES MOINES,POLK,,UNIVERSITY AVE,Collision with:  Non-motorist (see non-motorist section - NOT a unit),On Roadway,Non-collision (single vehicle),Other (explain in narrative):  No improper action,None Indicated,,Dark - roadway lighted,Dry,Clear,None apparent,Non-intersection:  Non-junction/no special feature,Paved,,Possible/Unknown,0,1,0,0,1,0,500,1,1,,POINT (-93.678186469077 41.600366497685)
2014808829,14-4900,07/23/2014,07-July,4-Wednesday,17:23,1700 Hours,District 1 (Central),DES MOINES,POLK,,NW 57TH PL,Collision with fixed object:  Utility pole/light support,On Roadway,Non-collision (single vehicle),"Operating vehicle in an reckless, erratic, careless, negligent manner",None Indicated,,Daylight,Dry,Clear,None apparent,Non-intersection:  Non-junction/no special feature,Paved,,Major Injury,0,1,1,0,0,0,3526,1,1,,POINT (-93.619751878435 41.664773455558)
2014809319,14-25674,07/23/2014,07-July,4-Wednesday,17:58,1700 Hours,District 5 (Southeast),WEST BURLINGTON,DES MOINES,,MT PLEASANT ST & S BROADWAY ST,Non-collision events:  Other non-collision (explain in narrative),On Roadway,Non-collision (single vehicle),Other (explain in narrative):  No improper action,None Indicated,,Daylight,"Mud, dirt",Clear,Debris,Non-intersection:  Non-junction/no special feature,Paved,,Possible/Unknown,0,1,0,0,1,0,0,1,1,,POINT (-91.156525527564 40.825991647887)
2014808791,2014007878,07/23/2014,07-July,4-Wednesday,09:54,0900 Hours,District 6 (East Central),IOWA CITY,JOHNSON,,E MARKET ST,Collision with:  Vehicle in traffic,On Roadway,"Sideswipe, same direction",Made improper turn,None Indicated,,Daylight,Dry,Clear,None apparent,Non-intersection:  Non-junction/no special feature,Paved,,Property Damage Only,0,0,0,0,0,0,3500,2,2,,POINT (-91.530860771806 41.663557257507)
2014811093,2014042832,07/23/2014,07-July,4-Wednesday,16:29,1600 Hours,District 5 (Southeast),,WAPELLO,,Co Rd H27/WHISKEY RIDGE RD,Collision with fixed object:  Ditch,Shoulder,Non-collision (single vehicle),Ran off road - right,None Indicated,,Daylight,"Mud, dirt",Cloudy,None apparent,Non-intersection:  Non-junction/no special feature,Unpaved,,Property Damage Only,0,0,0,0,0,0,2000,1,1,,POINT (-92.555150736708 41.054009794166)
2014809000,2014-50968,07/23/2014,07-July,4-Wednesday,07:27,0700 Hours,District 6 (East Central),DAVENPORT,SCOTT,IA 130,IA 130/NEW LIBERTY RD & W 83RD ST & HILLANDALE RD,Collision with:  Vehicle in traffic,On Roadway,"Sideswipe, same direction",Made improper turn,None Indicated,,Daylight,Dry,Clear,None apparent,Non-intersection:  Non-junction/no special feature,Paved,,Property Damage Only,0,0,0,0,0,0,4000,2,2,,POINT (-90.624958534145 41.60428976008)
2014808859,14-030835,07/23/2014,07-July,4-Wednesday,17:54,1700 Hours,District 4 (Southwest),COUNCIL BLUFFS,POTTAWATTAMIE,,7TH AVE & S 28TH ST,Collision with:  Vehicle in traffic,On Roadway,Broadside (front to side),FTYROW:  From stop sign,None Indicated,,Daylight,Dry,Clear,None apparent,Intersection:  Four-way intersection,Paved,,Major Injury,0,1,1,0,0,0,2750,2,2,,POINT (-95.88906582229 41.255423208847)
2014809720,SO14001747,07/23/2014,07-July,4-Wednesday,20:07,2000 Hours,District 3 (Northwest),,PLYMOUTH,,C70,Collision with fixed object:  Bridge overhead structure,On Roadway,Non-collision (single vehicle),Driving too fast for conditions,None Indicated,,Daylight,Dry,Clear,"Surface condition (e.g., wet, icy)",Non-intersection:  Other non-intersection (explain in narrative),Unpaved,,Major Injury,0,2,2,0,0,0,58000,1,2,,POINT (-95.891551706977 42.575304396402)
2014809665,14012398,07/23/2014,07-July,4-Wednesday,17:27,1700 Hours,District 2 (Northeast),MASON CITY,CERRO GORDO,IA 122,IA 122/5TH ST SE & S PENNSYLVANIA AVE,Collision with:  Vehicle in traffic,On Roadway,Broadside (front to side),FTYROW:  From stop sign,None Indicated,,Daylight,Dry,Clear,None apparent,Intersection:  Four-way intersection,Paved,,Possible/Unknown,0,1,0,0,1,0,2000,2,3,,POINT (-93.198453866373 43.147133105803)
2014809517,14-001362,07/23/2014,07-July,4-Wednesday,20:10,2000 Hours,District 2 (Northeast),,MITCHELL,US 218,US 218,Non-collision events:  Overturn/rollover,Shoulder,Non-collision (single vehicle),Driving too fast for conditions,None Indicated,,Daylight,Dry,Clear,None apparent,Non-intersection:  Non-junction/no special feature,Paved,,Major Injury,0,2,1,1,0,0,2000,1,2,,POINT (-92.923595242856 43.410575649424)
2014810296,07232014142,07/23/2014,07-July,4-Wednesday,09:55,0900 Hours,District 5 (Southeast),OSCEOLA,CLARKE,US 34,US 34/W MC LANE ST/E MC LANE ST & US 69/S MAIN ST,Non-collision events:  Other non-collision (explain in narrative),On Roadway,Non-collision (single vehicle),"Operating vehicle in an reckless, erratic, careless, negligent manner",None Indicated,,Daylight,Dry,Cloudy,None apparent,Non-intersection:  Non-junction/no special feature,Paved,,Minor Injury,0,1,0,1,0,0,0,1,2,,POINT (-93.765616889668 41.030633752449)
2014810301,14-3746,07/23/2014,07-July,4-Wednesday,16:00,1600 Hours,District 6 (East Central),HIAWATHA,LINN,,BLAIRS FERRY RD NE,Collision with:  Vehicle in traffic,On Roadway,"Sideswipe, opposite direction",Unknown,None Indicated,,Daylight,Dry,Clear,None apparent,Non-intersection:  Driveway access (within),Paved,,Property Damage Only,0,0,0,0,0,0,1500,2,2,,POINT (-91.667771033715 42.034768112185)
2014808899,14-23813,07/23/2014,07-July,4-Wednesday,22:01,2200 Hours,District 3 (Northwest),SIOUX CITY,WOODBURY,,MORNINGSIDE AVE & S PATTERSON ST,Collision with:  Non-motorist (see non-motorist section - NOT a unit),On Roadway,Non-collision (single vehicle),FTYROW:  To pedestrian,None Indicated,,Dark - roadway lighted,Dry,Clear,None apparent,Intersection:  Four-way intersection,Paved,,Possible/Unknown,0,1,0,0,1,0,500,1,3,,POINT (-96.353633223079 42.470655610815)
2014809626,2014042702,07/23/2014,07-July,4-Wednesday,06:10,0600 Hours,District 4 (Southwest),,FREMONT,IA 2,IA 2/IOWA 2,Collision with:  Animal,On Roadway,Non-collision (single vehicle),Animal,None Indicated,,Daylight,Dry,Clear,None apparent,Non-intersection:  Non-junction/no special feature,Paved,,Possible/Unknown,0,2,0,0,2,0,10000,1,2,,POINT (-95.546362064703 40.750517228737)
2014832899,14005288,07/23/2014,07-July,4-Wednesday,07:29,0700 Hours,District 3 (Northwest),EMMETSBURG,PALO ALTO,US 18,US 18/9TH ST OR MAIN & LAWLER ST,Collision with:  Vehicle in traffic,On Roadway,Unknown,Ran Traffic Signal,None Indicated,,Daylight,Dry,Clear,None apparent,Intersection:  Four-way intersection,Paved,,Property Damage Only,0,0,0,0,0,0,17000,2,2,,POINT (-94.682735296561 43.111968182224)
2014851847,,07/23/2014,07-July,4-Wednesday,16:11,1600 Hours,District 5 (Southeast),WEST LIBERTY,MUSCATINE,,PRAIRIE ST & 3RD ST,Collision with:  Vehicle in traffic,On Roadway,Broadside (front to side),FTYROW:  From driveway,None Indicated,,Daylight,Dry,Clear,None apparent,Non-intersection:  Driveway access (within),Paved,,Property Damage Only,0,0,0,0,0,0,9551,2,2,,POINT (-91.266352870471 41.570785047419)
2014812150,14006612,07/23/2014,07-July,4-Wednesday,17:35,1700 Hours,District 6 (East Central),,BUCHANAN,,Co Rd W35/QUASQUETON DIAGONAL BLVD,Collision with fixed object:  Bridge overhead structure,On Roadway,Non-collision (single vehicle),Exceeded authorized speed,None Indicated,,Daylight,Dry,Cloudy,None apparent,Non-intersection:  Other non-intersection (explain in narrative),Paved,,Minor Injury,0,1,0,1,0,0,10000,1,1,,POINT (-91.780437892911 42.416889100594)
2014809355,14-012481,07/23/2014,07-July,4-Wednesday,15:00,1500 Hours,District 5 (Southeast),,HENRY,,Co Rd J20/SALEM RD,Collision with:  Vehicle in traffic,On Roadway,Rear-end (front to rear),Swerving/Evasive Action,None Indicated,,Daylight,Dry,Cloudy,None apparent,Non-intersection:  Non-junction/no special feature,Paved,,Property Damage Only,0,0,0,0,0,0,7000,2,2,,POINT (-91.54869497405 40.844663699689)
2014808843,20140021121,07/23/2014,07-July,4-Wednesday,16:39,1600 Hours,District 1 (Central),DES MOINES,POLK,,STATE AVE & E 30TH ST,Collision with:  Vehicle in traffic,On Roadway,Broadside (front to side),Unknown,None Indicated,,Daylight,Dry,Clear,None apparent,Intersection:  T-intersection,Paved,,Minor Injury,0,1,0,1,0,0,6000,2,6,,POINT (-93.558664213067 41.601324690911)
2014809083,1-14-32529,07/23/2014,07-July,4-Wednesday,11:15,1100 Hours,District 6 (East Central),DUBUQUE,DUBUQUE,,RHOMBERG AVE & FENGLER ST,Collision with:  Animal,On Roadway,Non-collision (single vehicle),Animal,None Indicated,,Daylight,Dry,Cloudy,None apparent,Intersection:  Four-way intersection,Paved,,Property Damage Only,0,0,0,0,0,0,1600,1,1,,POINT (-90.659715435361 42.520180068003)
2014820694,2014-59-AC,07/23/2014,07-July,4-Wednesday,16:00,1600 Hours,District 3 (Northwest),,DICKINSON,,250TH AVE & 235TH ST,Collision with:  Vehicle in traffic,On Roadway,Broadside (front to side),FTYROW:  At uncontrolled intersection,Alcohol (Statutory),,Daylight,Dry,Cloudy,None apparent,Non-intersection:  Non-junction/no special feature,Unpaved,,Minor Injury,0,1,0,1,0,0,40000,2,2,,POINT (-95.092411957203 43.306203716467)
2014808978,14-001669,07/23/2014,07-July,4-Wednesday,12:42,1200 Hours,District 1 (Central),ALTOONA,POLK,,ADVENTURELAND DR,Collision with:  Vehicle in traffic,On Roadway,Rear-end (front to rear),Followed too close,None Indicated,,Daylight,Dry,Cloudy,None apparent,Non-intersection:  Non-junction/no special feature,Paved,,Property Damage Only,0,0,0,0,0,0,4000,2,3,,POINT (-93.49652267922 41.658526421423)
2014808700,20140021097,07/23/2014,07-July,4-Wednesday,13:04,1300 Hours,District 1 (Central),DES MOINES,POLK,IA 163,IA 163/E UNIVERSITY AVE & E 21ST ST,Collision with:  Vehicle in traffic,On Roadway,Broadside (front to side),FTYROW:  Making left turn,None Indicated,,Daylight,Dry,Cloudy,None apparent,Intersection:  Four-way intersection,Paved,,Property Damage Only,0,0,0,0,0,0,6500,3,4,,POINT (-93.580736849831 41.600494732831)
2014808823,201410652,07/24/2014,07-July,5-Thursday,03:13,0300 Hours,District 6 (East Central),CEDAR RAPIDS,LINN,,16TH AVE SW & 18TH ST SW & PROP 18TH ST W,Non-collision events:  Other non-collision (explain in narrative),On Roadway,Non-collision (single vehicle),Unknown,None Indicated,,Dark - roadway lighted,Dry,Clear,Debris,Non-intersection:  Non-junction/no special feature,Paved,,Possible/Unknown,0,1,0,0,1,0,2500,1,1,,POINT (-91.696009400308 41.962374603441)
2014808974,20140021295,07/24/2014,07-July,5-Thursday,23:12,2300 Hours,District 1 (Central),DES MOINES,POLK,,E LOCUST ST & E 4TH ST,Collision with:  Vehicle in traffic,On Roadway,Broadside (front to side),Ran Traffic Signal,None Indicated,,Dark - roadway lighted,Dry,Clear,None apparent,Intersection:  Four-way intersection,Paved,,Property Damage Only,0,0,0,0,0,0,7000,2,7,,POINT (-93.612659379903 41.589376239553)
2014810457,14-783,07/24/2014,07-July,5-Thursday,20:12,2000 Hours,District 3 (Northwest),,SAC,IA 175,IA 175/330TH ST & JACKSON AVE,Non-collision events:  Other non-collision (explain in narrative),On Roadway,Non-collision (single vehicle),Other (explain in narrative):  No improper action,None Indicated,,Daylight,Dry,Clear,None apparent,Non-intersection:  Non-junction/no special feature,Paved,,Property Damage Only,0,0,0,0,0,0,1500,1,6,,POINT (-95.167967596629 42.311736697813)
2014808967,14-0880,07/24/2014,07-July,5-Thursday,16:31,1600 Hours,District 1 (Central),CLIVE,POLK,US 6,US 6/HICKMAN RD & DEERCREEK TRL,Collision with:  Vehicle in traffic,On Roadway,Rear-end (front to rear),Other (explain in narrative):  Other,None Indicated,,Daylight,Wet,Rain,None apparent,Non-intersection:  Non-junction/no special feature,Paved,,Property Damage Only,0,0,0,0,0,0,5000,2,4,,POINT (-93.794199584507 41.614953807883)
2014808947,201410688,07/24/2014,07-July,5-Thursday,19:33,1900 Hours,District 6 (East Central),CEDAR RAPIDS,LINN,US 30,US 30/LINCOLN FWY,Non-collision events:  Overturn/rollover,On Roadway,"Sideswipe, same direction",Swerving/Evasive Action,None Indicated,,Dusk,Dry,Clear,None apparent,Interchange-related:  On-ramp merge area,Paved,,Possible/Unknown,0,2,0,0,2,0,15700,2,5,,POINT (-91.670860395582 41.926987861825)
2014808969,20140021273,07/24/2014,07-July,5-Thursday,18:18,1800 Hours,District 1 (Central),DES MOINES,POLK,,MULBERRY ST & 10TH ST,Collision with:  Vehicle in traffic,On Roadway,Broadside (front to side),Ran Traffic Signal,None Indicated,,Daylight,Dry,Cloudy,None apparent,Intersection:  Four-way intersection,Paved,,Property Damage Only,0,0,0,0,0,0,3000,2,6,,POINT (-93.629211888425 41.583972564163)
2014809024,14-23854,07/24/2014,07-July,5-Thursday,09:19,0900 Hours,District 3 (Northwest),SIOUX CITY,WOODBURY,,FLOYD BLVD,Collision with:  Vehicle in traffic,On Roadway,Rear-end (front to rear),Lost Control,None Indicated,,Daylight,Wet,Rain,None apparent,Non-intersection:  Non-junction/no special feature,Paved,,Property Damage Only,0,0,0,0,0,0,10000,2,777,,POINT (-96.366488974505 42.536803578605)
2014809782,14074235,07/24/2014,07-July,5-Thursday,11:07,1100 Hours,District 2 (Northeast),CEDAR FALLS,BLACK HAWK,,GREENHILL RD & ALGONQUN DR,Collision with:  Vehicle in traffic,On Roadway,Rear-end (front to rear),Other (explain in narrative):  Other,None Indicated,,Daylight,Dry,Cloudy,None apparent,Non-intersection:  Non-junction/no special feature,Paved,,Property Damage Only,0,0,0,0,0,0,6500,2,2,,POINT (-92.461114897023 42.498813419513)
2014814414,2014002586,07/24/2014,07-July,5-Thursday,23:30,2300 Hours,District 6 (East Central),,LINN,,Co Rd W36/COVINGTON RD,Collision with fixed object:  Ditch,Gore,Non-collision (single vehicle),Ran off road - right,Under Influence of Alcohol/Drugs/Medications,,Dark - roadway not lighted,Dry,Unknown,None apparent,Non-intersection:  Non-junction/no special feature,Paved,,Fatal,1,0,0,0,0,0,5000,1,1,,POINT (-91.789984690892 42.051198461761)
2014809371,201400002566,07/24/2014,07-July,5-Thursday,15:25,1500 Hours,District 6 (East Central),,LINN,US 30,US 30,Non-collision events:  Other non-collision (explain in narrative),On Roadway,Non-collision (single vehicle),Other (explain in narrative):  Other,None Indicated,,Daylight,Dry,Clear,None apparent,Non-intersection:  Other non-intersection (explain in narrative),Paved,,Property Damage Only,0,0,0,0,0,0,6500,1,2,,POINT (-91.464932547376 41.917691194787)
2014808842,20140021170,07/24/2014,07-July,5-Thursday,00:15,0000 Hours,District 1 (Central),DES MOINES,POLK,US 69,US 69/E 14TH ST & OSCEOLA AVE,Collision with:  Vehicle in traffic,On Roadway,"Sideswipe, same direction",Made improper turn,None Indicated,,Dark - roadway lighted,Dry,Clear,None apparent,Non-intersection:  Non-junction/no special feature,Paved,,Property Damage Only,0,0,0,0,0,0,5000,2,2,,POINT (-93.60054347203 41.608994880533)
2014809613,2014043073,07/24/2014,07-July,5-Thursday,21:45,2100 Hours,District 4 (Southwest),COUNCIL BLUFFS,POTTAWATTAMIE,I-29,I-29,Collision with:  Animal,,,Animal,None Indicated,,,,,,,Paved,,Property Damage Only,0,0,0,0,0,0,4000,1,1,,POINT (-95.823658909667 41.184086038089)
2014808846,20140021215,07/24/2014,07-July,5-Thursday,11:14,1100 Hours,District 1 (Central),DES MOINES,POLK,,SCHOOL ST & 31ST ST,Collision with:  Vehicle in traffic,On Roadway,Rear-end (front to rear),Other (explain in narrative):  Other,None Indicated,,Daylight,Dry,Cloudy,None apparent,Non-intersection:  Non-junction/no special feature,Paved,,Property Damage Only,0,0,0,0,0,0,6000,2,3,,POINT (-93.659368494277 41.595431919415)
2014809933,14-000850,07/24/2014,07-July,5-Thursday,07:57,0700 Hours,District 1 (Central),JOHNSTON,POLK,,NW 62ND AVE,Collision with:  Vehicle in traffic,On Roadway,"Angle, oncoming left turn",Ran Traffic Signal,None Indicated,,Daylight,Dry,Clear,None apparent,Intersection:  Four-way intersection,Paved,,Property Damage Only,0,0,0,0,0,0,10000,2,2,,POINT (-93.708175260898 41.672864434847)
2014808840,20140021221,07/24/2014,07-July,5-Thursday,11:50,1100 Hours,District 1 (Central),DES MOINES,POLK,,UNIVERSITY AVE & MLK JR PKWY,Collision with:  Vehicle in traffic,On Roadway,Broadside (front to side),Ran Traffic Signal,None Indicated,,Daylight,Dry,Clear,None apparent,Intersection:  Four-way intersection,Paved,,Property Damage Only,0,0,0,0,0,0,11500,3,3,,POINT (-93.643783372704 41.600411174845)
2014809767,201400035827,07/24/2014,07-July,5-Thursday,10:53,1000 Hours,District 5 (Southeast),OTTUMWA,WAPELLO,US 34,US 34 & ROEMER AVE,Collision with:  Vehicle in traffic,On Roadway,Broadside (front to side),Ran Traffic Signal,None Indicated,,Daylight,Dry,Cloudy,None apparent,Intersection:  Four-way intersection,Paved,,Property Damage Only,0,0,0,0,0,0,2500,2,2,,POINT (-92.388653233302 41.009440342291)
2014816912,,07/24/2014,07-July,5-Thursday,00:07,0000 Hours,District 2 (Northeast),CLEAR LAKE,CERRO GORDO,,N 3RD ST,Collision with fixed object:  Utility pole/light support,Roadside,Non-collision (single vehicle),Lost Control,Refused,,Dark - roadway not lighted,Dry,Clear,None apparent,Non-intersection:  Non-junction/no special feature,Paved,,Property Damage Only,0,0,0,0,0,0,10000,1,1,,POINT (-93.38345341437 43.137279622312)
2014808921,01-14-32679,07/24/2014,07-July,5-Thursday,09:04,0900 Hours,District 6 (East Central),DUBUQUE,DUBUQUE,,PENNSYLVANIA AVE,Collision with:  Vehicle in traffic,On Roadway,"Sideswipe, same direction",Ran Traffic Signal,None Indicated,,Daylight,Dry,Clear,None apparent,Intersection:  Four-way intersection,Paved,,Property Damage Only,0,0,0,0,0,0,3000,2,2,,POINT (-90.740422671699 42.501016539663)
2014809572,2014-51840,07/24/2014,07-July,5-Thursday,12:00,1200 Hours,District 6 (East Central),DAVENPORT,SCOTT,,W LOCUST ST,Collision with:  Vehicle in traffic,On Roadway,"Sideswipe, same direction",Improper or erratic lane changing,None Indicated,,Daylight,Dry,Clear,None apparent,Non-intersection:  Non-junction/no special feature,Paved,,Property Damage Only,0,0,0,0,0,0,4800,2,3,,POINT (-90.577964934437 41.538291800827)
2014808985,14-14069,07/24/2014,07-July,5-Thursday,17:05,1700 Hours,District 6 (East Central),BETTENDORF,SCOTT,,VALLEY DR & BELMONT RD,Collision with:  Vehicle in traffic,On Roadway,Broadside (front to side),Ran Stop Sign,None Indicated,,Daylight,Dry,Clear,None apparent,Intersection:  T-intersection,Paved,,Property Damage Only,0,0,0,0,0,0,8000,2,2,,POINT (-90.455337704625 41.549277611646)
2014809591,14-008883,07/24/2014,07-July,5-Thursday,22:29,2200 Hours,District 1 (Central),,TAMA,,Co Rd E69/HWY E69,Non-collision events:  Other non-collision (explain in narrative),Roadside,Non-collision (single vehicle),Ran off road - left,None Indicated,,Dark - roadway not lighted,Dry,Clear,None apparent,Non-intersection:  Non-junction/no special feature,Paved,,Property Damage Only,0,0,0,0,0,0,1601,1,1,,POINT (-92.678730241042 41.876975562663)
2014821799,ACC14-019,07/24/2014,07-July,5-Thursday,17:10,1700 Hours,District 2 (Northeast),CRESCO,HOWARD,,8TH AVE E,Collision with:  Parked motor vehicle,Roadside,Rear-end (front to rear),Improper Backing,None Indicated,,Daylight,Dry,Clear,None apparent,Non-intersection:  Non-junction/no special feature,Paved,,Property Damage Only,0,0,0,0,0,0,3000,2,2,,POINT (-92.113695793465 43.381341969093)
2014811717,2014-51453,07/24/2014,07-July,5-Thursday,17:11,1700 Hours,District 6 (East Central),DAVENPORT,SCOTT,,E 53RD ST,Collision with:  Vehicle in traffic,On Roadway,Rear-end (front to rear),Followed too close,None Indicated,,Daylight,Dry,Clear,None apparent,Non-intersection:  Non-junction/no special feature,Paved,,Property Damage Only,0,0,0,0,0,0,4500,2,2,,POINT (-90.531597375075 41.574861766919)
2014808837,20140021207,07/24/2014,07-July,5-Thursday,09:39,0900 Hours,District 1 (Central),DES MOINES,POLK,,COLLEGE AVE & 6TH AVE,Collision with:  Vehicle in traffic,On Roadway,Rear-end (front to rear),Other (explain in narrative):  Other,None Indicated,,Daylight,Dry,Clear,None apparent,Intersection:  Four-way intersection,Paved,,Property Damage Only,0,0,0,0,0,0,4500,2,2,,POINT (-93.625793823989 41.607680256672)
2014809222,20140021375,07/24/2014,07-July,5-Thursday,08:20,0800 Hours,District 1 (Central),DES MOINES,POLK,I-235,I-235 & IA 28/63RD ST,Collision with:  Vehicle in traffic,On Roadway,"Sideswipe, same direction",Unknown,None Indicated,,Daylight,Dry,Clear,None apparent,Non-intersection:  Non-junction/no special feature,Paved,,Property Damage Only,0,0,0,0,0,0,1500,2,2,,POINT (-93.703564549141 41.593593682941)
2014809166,14030979,07/24/2014,07-July,5-Thursday,10:45,1000 Hours,District 5 (Southeast),MUSCATINE,MUSCATINE,,GRANDVIEW AVE & FRANKLIN ST,Collision with:  Vehicle in traffic,On Roadway,Head-on (front to front),Lost Control,None Indicated,,Daylight,Dry,Cloudy,None apparent,Intersection:  T-intersection,Paved,,Property Damage Only,0,0,0,0,0,0,6000,2,2,,POINT (-91.061032764017 41.41094820403)
2014808912,W14-074151,07/24/2014,07-July,5-Thursday,04:00,0400 Hours,District 2 (Northeast),WATERLOO,BLACK HAWK,US 63,US 63/SERGEANT RD & FLETCHER AVE,Collision with:  Vehicle in traffic,On Roadway,Rear-end (front to rear),Other (explain in narrative):  Other,None Indicated,,Dark - roadway lighted,Dry,Clear,None apparent,Intersection:  Four-way intersection,Paved,,Property Damage Only,0,0,0,0,0,0,6000,2,2,,POINT (-92.367182842264 42.489417469057)
2014808927,14-12548,07/24/2014,07-July,5-Thursday,21:42,2100 Hours,District 5 (Southeast),,HENRY,US 218,US 218,Collision with:  Animal,,,Animal,None Indicated,,,,,,,Paved,,Property Damage Only,0,0,0,0,0,0,5000,1,1,,POINT (-91.561445067609 40.885855035339)
2014809008,2014-51361,07/24/2014,07-July,5-Thursday,12:35,1200 Hours,District 6 (East Central),DAVENPORT,SCOTT,,E 52ND ST & E 53RD ST,Collision with:  Vehicle in traffic,On Roadway,Rear-end (front to rear),Followed too close,None Indicated,,Daylight,Dry,Clear,None apparent,Intersection:  T-intersection,Paved,,Minor Injury,0,1,0,1,0,0,5500,2,2,,POINT (-90.544626479858 41.57476264101)