Iowa DOT Case Number,Law Enforcement Case Number,Date of Crash,Month of Crash,Day of Week,Time of Crash,Hour,DOT District,City Name,County Name,Route with System,Location Description,First Harmful Event,Location of First Harmful Event,Manner of Crash/Collision,Major Cause,Drug or Alcohol ,Environmental Conditions,Light Conditions,Surface Conditions,Weather Conditions,Roadway Contribution,Roadway Type,Roadway Surface,Work Zone,Crash Severity,Number of Fatalities,Number of Injuries,Number of Major Injuries,Number of Minor Injuries,Number of Possible Injuries,Number of Unknown Injuries,Amount of Property Damage,Number of Vehicles Involved,Total Number of Occupants,Travel Direction,Location
2014809508,201402598,07/27/2014,07-July,1-Sunday,05:30,0500 Hours,District 6 (East Central),,LINN,US 30,US 30,Collision with:  Animal,,,Animal,None Indicated,,,,,,,Paved,,Property Damage Only,0,0,0,0,0,0,4000,1,1,,POINT (-91.493130595042 41.918515100727)
2014810051,14-15156,07/27/2014,07-July,1-Sunday,14:25,1400 Hours,District 6 (East Central),DAVENPORT,SCOTT,,Co Rd Y48/110 AVE,Non-collision events:  Other non-collision (explain in narrative),Shoulder,Non-collision (single vehicle),Other (explain in narrative):  No improper action,None Indicated,,Daylight,Dry,Clear,Non-highway work,Intersection:  T-intersection,Paved,,Property Damage Only,0,0,0,0,0,0,4000,1,1,,POINT (-90.687964434369 41.530415918943)
2014809645,,07/27/2014,07-July,1-Sunday,12:30,1200 Hours,District 2 (Northeast),,BUTLER,,FLOYD LINE ST,,On Roadway,Non-collision (single vehicle),Swerving/Evasive Action,None Indicated,,Daylight,"Mud, dirt",Cloudy,None apparent,Non-intersection:  Non-junction/no special feature,Unpaved,,Minor Injury,0,1,0,1,0,0,6000,1,1,,POINT (-92.879101956036 42.907310887007)
2014811708,2014-52091,07/27/2014,07-July,1-Sunday,10:03,1000 Hours,District 6 (East Central),DAVENPORT,SCOTT,,IA 461/WELCOME WAY,Collision with:  Vehicle in traffic,On Roadway,"Sideswipe, same direction",Unknown,None Indicated,,Daylight,Dry,Clear,None apparent,Non-intersection:  Non-junction/no special feature,Paved,,Property Damage Only,0,0,0,0,0,0,4000,2,2,,POINT (-90.571056000592 41.56017562588)
2014809165,14-031478,07/27/2014,07-July,1-Sunday,01:35,0100 Hours,District 5 (Southeast),MUSCATINE,MUSCATINE,,E 9TH ST,Collision with:  Parked motor vehicle,On Roadway,Broadside (front to side),Unknown,None Indicated,,Dark - roadway not lighted,Dry,Clear,None apparent,Non-intersection:  Non-junction/no special feature,Paved,,Property Damage Only,0,0,0,0,0,0,6500,3,2,,POINT (-91.043412195678 41.431185567688)
2014810287,07-14-264,07/27/2014,07-July,1-Sunday,21:10,2100 Hours,District 3 (Northwest),LE MARS,PLYMOUTH,,5TH AVE SW & 3RD ST SW,Collision with:  Vehicle in traffic,On Roadway,Rear-end (front to rear),"Operating vehicle in an reckless, erratic, careless, negligent manner",None Indicated,,Dark - roadway lighted,Dry,Cloudy,None apparent,Intersection:  Four-way intersection,Paved,,Property Damage Only,0,0,0,0,0,0,1600,2,2,,POINT (-96.173769920998 42.789382884947)
2014810789,2014007648,07/27/2014,07-July,1-Sunday,18:45,1800 Hours,District 1 (Central),MARSHALLTOWN,MARSHALL,,W NEVADA ST,Collision with:  Vehicle in traffic,Roadside,Rear-end (front to rear),Unknown,None Indicated,,Daylight,Dry,Clear,None apparent,Non-intersection:  Non-junction/no special feature,Paved,,Property Damage Only,0,0,0,0,0,0,2500,2,1,,POINT (-92.918366585135 42.044245553275)
2014809171,SO14001786,07/27/2014,07-July,1-Sunday,21:40,2100 Hours,District 3 (Northwest),,PLYMOUTH,IA 3,IA 3/IOWA 3,Collision with:  Animal,,,Animal,None Indicated,,,,,,,Paved,,Property Damage Only,0,0,0,0,0,0,5000,1,1,,POINT (-96.118003643676 42.807763548878)
2014810914,2014043510,07/27/2014,07-July,1-Sunday,06:30,0600 Hours,District 6 (East Central),,IOWA,I-80,I-80,Collision with:  Animal,,,Animal,None Indicated,,,,,,,Paved,,Property Damage Only,0,0,0,0,0,0,5000,1,1,,POINT (-91.892424740485 41.687390038127)
2014809472,,07/27/2014,07-July,1-Sunday,09:20,0900 Hours,District 6 (East Central),CAMANCHE,CLINTON,,MIDDLE RD,Collision with:  Vehicle in traffic,On Roadway,"Sideswipe, same direction",FTYROW:  Other (explain in narrative),None Indicated,,Daylight,Dry,Clear,None apparent,Non-intersection:  Non-junction/no special feature,Paved,,Property Damage Only,0,0,0,0,0,0,6500,2,3,,POINT (-90.262213930596 41.794160262586)
2014810709,14-003473,07/27/2014,07-July,1-Sunday,16:57,1600 Hours,District 1 (Central),AMES,STORY,US 69,US 69/GRAND AVE & 9TH ST,Collision with:  Vehicle in traffic,On Roadway,Rear-end (front to rear),Followed too close,None Indicated,,Daylight,Dry,Cloudy,None apparent,Intersection:  Four-way intersection,Paved,,Property Damage Only,0,0,0,0,0,0,4500,2,2,,POINT (-93.620244477504 42.030178652315)
2014809460,14-4956,07/27/2014,07-July,1-Sunday,11:53,1100 Hours,District 2 (Northeast),,KOSSUTH,US 169,US 169 & IA 9/IOWA 9 & 190 AVE,Collision with:  Vehicle in traffic,On Roadway,"Angle, oncoming left turn",FTYROW:  Making left turn,None Indicated,,Daylight,Dry,Severe winds,None apparent,Intersection:  Four-way intersection,Paved,,Minor Injury,0,3,0,3,0,0,35000,2,5,,POINT (-94.088829086212 43.385589913688)
2014810332,,07/27/2014,07-July,1-Sunday,22:00,2200 Hours,District 6 (East Central),IOWA CITY,JOHNSON,,1ST AVE,Collision with:  Animal,On Roadway,Non-collision (single vehicle),Animal,None Indicated,,Dark - roadway lighted,Dry,Clear,,Non-intersection:  Non-junction/no special feature,Paved,,Property Damage Only,0,0,0,0,0,0,4000,1,1,,POINT (-91.565525936752 41.669471373954)
2014811903,GP20140599,07/27/2014,07-July,1-Sunday,06:11,0600 Hours,District 1 (Central),GRINNELL,POWESHIEK,,8TH AVE,Collision with:  Vehicle in traffic,On Roadway,Rear-end (front to rear),Unknown,None Indicated,,Dark - roadway lighted,Dry,Clear,None apparent,Non-intersection:  Non-junction/no special feature,Paved,,Property Damage Only,0,0,0,0,0,0,12000,2,1,,POINT (-92.709317613283 41.749023276627)
2014816202,14-006452,07/27/2014,07-July,1-Sunday,03:00,0300 Hours,District 4 (Southwest),,CASS,,Co Rd N28/690TH ST,Collision with fixed object:  Ditch,On Roadway,Non-collision (single vehicle),Swerving/Evasive Action,Alcohol (Statutory),,Dark - roadway not lighted,Dry,Clear,None apparent,Non-intersection:  Non-junction/no special feature,Paved,,Minor Injury,0,1,0,1,0,0,6000,1,1,,POINT (-94.872324884217 41.385049364291)
2014809196,20140021598,07/27/2014,07-July,1-Sunday,10:45,1000 Hours,District 1 (Central),DES MOINES,POLK,IA 5,IA 5/NE RAMP/NW RAMP & IA 28/IOWA 5,Collision with:  Vehicle in traffic,On Roadway,Rear-end (front to rear),Followed too close,None Indicated,,Daylight,Dry,Cloudy,None apparent,Intersection:  Intersection with ramp,Paved,,Property Damage Only,0,0,0,0,0,0,8500,2,4,,POINT (-93.683516783794 41.515234099753)
2014809207,20140021652,07/27/2014,07-July,1-Sunday,21:45,2100 Hours,District 1 (Central),DES MOINES,POLK,,GUTHRIE AVE & E 13TH ST,Collision with:  Parked motor vehicle,On Roadway,"Sideswipe, same direction",Unknown,None Indicated,,Dark - roadway lighted,Dry,Clear,None apparent,Non-intersection:  Non-junction/no special feature,Paved,,Property Damage Only,0,0,0,0,0,0,1500,2,777,,POINT (-93.60296358681 41.614990027444)
2014809546,20140021629,07/27/2014,07-July,1-Sunday,17:49,1700 Hours,District 1 (Central),DES MOINES,POLK,,MADISON AVE & 55TH ST,Collision with:  Vehicle in traffic,On Roadway,Broadside (front to side),FTYROW:  From stop sign,None Indicated,,Daylight,Dry,Clear,None apparent,Intersection:  Four-way intersection,Paved,,Property Damage Only,0,0,0,0,0,0,9000,2,3,,POINT (-93.693836471764 41.633050281883)
2014809303,W14-075426,07/27/2014,07-July,1-Sunday,19:37,1900 Hours,District 2 (Northeast),WATERLOO,BLACK HAWK,,BROADWAY ST,Collision with fixed object:  Guardrail - face,Median,Non-collision (single vehicle),Crossed centerline (undivided),Alcohol (Statutory),,Daylight,Dry,Clear,None apparent,Intersection:  Other intersection (explain in narrative),Paved,,Property Damage Only,0,0,0,0,0,0,10000,1,1,,POINT (-92.345143307295 42.515329493741)
2014836016,14-05126,07/27/2014,07-July,1-Sunday,09:13,0900 Hours,District 2 (Northeast),OELWEIN,FAYETTE,,6TH ST SW & 6TH ST SE & FREDERICK AVE S,Collision with fixed object:  Other fixed object (explain in narrative),On Roadway,Non-collision (single vehicle),Lost Control,None Indicated,,Daylight,Dry,Clear,None apparent,Non-intersection:  Non-junction/no special feature,Paved,,Property Damage Only,0,0,0,0,0,0,1800,1,1,,POINT (-91.913461059492 42.670638120584)
2014809466,,07/27/2014,07-July,1-Sunday,11:10,1100 Hours,District 5 (Southeast),NEW LONDON,HENRY,,E CLEVELAND ST,Collision with:  Parked motor vehicle,On Roadway,Rear-end (front to rear),Unknown,None Indicated,,Daylight,Dry,Clear,None apparent,Non-intersection:  Non-junction/no special feature,Paved,,Property Damage Only,0,0,0,0,0,0,2000,2,1,,POINT (-91.397629750295 40.922032580766)
2014809180,14-003209,07/27/2014,07-July,1-Sunday,11:00,1100 Hours,District 1 (Central),ANKENY,POLK,IA 160,IA 160/SW ORALABOR RD & IA 415/SW STATE ST,Collision with:  Vehicle in traffic,On Roadway,Rear-end (front to rear),Other (explain in narrative):  Other,None Indicated,,Daylight,Dry,Clear,None apparent,Intersection:  Four-way intersection,Paved,,Property Damage Only,0,0,0,0,0,0,2000,2,6,,POINT (-93.621550183463 41.703115988409)
2014829354,14A03PI94C39,07/27/2014,07-July,1-Sunday,15:55,1500 Hours,District 1 (Central),,WEBSTER,,,Collision with:  Vehicle in traffic,Unknown,"Sideswipe, opposite direction",Other (explain in narrative):  Vision obstructed,None Indicated,,Daylight,"Mud, dirt",Clear,None apparent,Non-intersection:  Non-junction/no special feature,,,Minor Injury,0,1,0,1,0,0,125,2,2,,POINT (-96.643700149993 40.233091251414)
2014810915,2014043592,07/27/2014,07-July,1-Sunday,18:50,1800 Hours,District 5 (Southeast),,WARREN,IA 92,IA 92/IOWA 92,Collision with:  Vehicle in traffic,On Roadway,"Sideswipe, opposite direction",Crossed centerline (undivided),None Indicated,,Daylight,Dry,Clear,None apparent,Non-intersection:  Driveway access (within),Paved,,Major Injury,0,2,2,0,0,0,14000,2,3,,POINT (-93.459691282685 41.369641290187)
2014809252,14-031353,07/27/2014,07-July,1-Sunday,11:57,1100 Hours,District 4 (Southwest),COUNCIL BLUFFS,POTTAWATTAMIE,US 6,US 6/W BROADWAY & S 21ST ST & N 21ST ST,Collision with:  Vehicle in traffic,On Roadway,Rear-end (front to rear),Lost Control,None Indicated,,Daylight,Dry,Clear,None apparent,Intersection:  Four-way intersection,Paved,,Possible/Unknown,0,1,0,0,0,1,3600,2,4,,POINT (-95.875301947796 41.261874339267)
2014809236,14-001704,07/27/2014,07-July,1-Sunday,14:35,1400 Hours,District 1 (Central),ALTOONA,POLK,,ADVENTURELAND DR,Collision with fixed object:  Utility pole/light support,On Roadway,"Sideswipe, same direction",FTYROW:  From driveway,None Indicated,,Daylight,Dry,Clear,None apparent,Non-intersection:  Driveway access (within),Paved,,Property Damage Only,0,0,0,0,0,0,4000,2,3,,POINT (-93.494853457652 41.658560642071)
2014810933,,07/27/2014,07-July,1-Sunday,23:53,2300 Hours,District 3 (Northwest),ARNOLDS PARK,DICKINSON,US 71,US 71/OKOBOJI GROVE RD & BROADWAY ST,Collision with fixed object:  Other fixed object (explain in narrative),On Roadway,Non-collision (single vehicle),Exceeded authorized speed,Alcohol (Statutory),,Dark - roadway lighted,Dry,Clear,None apparent,Intersection:  Four-way intersection,Paved,,Possible/Unknown,0,1,0,0,1,0,8000,1,1,,POINT (-95.128407104112 43.367776248255)
2014810925,2014043553,07/27/2014,07-July,1-Sunday,14:22,1400 Hours,District 4 (Southwest),,MADISON,IA 92,IA 92/IOWA 92,Non-collision events:  Overturn/rollover,On Roadway,Non-collision (single vehicle),Ran off road - right,None Indicated,,Daylight,Dry,Cloudy,None apparent,Non-intersection:  Non-junction/no special feature,Paved,,Minor Injury,0,1,0,1,0,0,1600,1,1,,POINT (-93.891318151215 41.353217985334)
2014810250,14-011385,07/27/2014,07-July,1-Sunday,22:10,2200 Hours,District 6 (East Central),,JACKSON,IA 62,IA 62/ANSEL BRIGGS HWY,Collision with:  Vehicle in traffic,On Roadway,Rear-end (front to rear),Followed too close,None Indicated,,Dark - roadway lighted,Dry,Clear,None apparent,Intersection:  T-intersection,Paved,,Property Damage Only,0,0,0,0,0,0,3000,2,2,,POINT (-90.591742907068 42.134987963272)
2014809931,201403430,07/27/2014,07-July,1-Sunday,12:25,1200 Hours,District 1 (Central),,BOONE,,OAK WOODS DR,Collision with:  Vehicle in traffic,On Roadway,Broadside (front to side),FTYROW:  From parked position,None Indicated,,Daylight,Dry,Clear,None apparent,Non-intersection:  Non-junction/no special feature,Paved,,Property Damage Only,0,0,0,0,0,0,4500,2,3,,POINT (-93.880160830842 41.994858390048)
2014810710,14-003477,07/27/2014,07-July,1-Sunday,19:53,1900 Hours,District 1 (Central),AMES,STORY,,LINCOLN WAY & HICKORY DR & BEEDLE DR,Collision with:  Vehicle in traffic,On Roadway,"Sideswipe, same direction",Made improper turn,None Indicated,,Daylight,Dry,Clear,Work Zone (roadway-related),Non-intersection:  Non-junction/no special feature,Paved,Yes,Property Damage Only,0,0,0,0,0,0,4000,2,5,,POINT (-93.673249031854 42.022926920483)
2014811014,1400000646,07/27/2014,07-July,1-Sunday,23:22,2300 Hours,District 1 (Central),,MARSHALL,,Co Rd E41/MARSHALLTOWN BLVD,Non-collision events:  Overturn/rollover,Shoulder,Non-collision (single vehicle),Ran off road - right,Alcohol (Statutory),,Dark - roadway not lighted,Dry,Clear,None apparent,Non-intersection:  Non-junction/no special feature,Paved,,Major Injury,0,2,1,0,1,0,8000,1,2,,POINT (-92.975187334605 42.028771525916)
2014809173,14-4976,07/27/2014,07-July,1-Sunday,23:18,2300 Hours,District 1 (Central),,POLK,,NE 64TH ST,Collision with:  Animal,On Roadway,Non-collision (single vehicle),Animal,None Indicated,,Dark - roadway not lighted,Dry,Clear,None apparent,Non-intersection:  Non-junction/no special feature,Paved,,Property Damage Only,0,0,0,0,0,0,4600,1,1,,POINT (-93.483432744074 41.756624401931)
2014809513,14017367,07/27/2014,07-July,1-Sunday,23:32,2300 Hours,District 5 (Southeast),OSKALOOSA,MAHASKA,,SHERIFF AVE & N 3RD ST,Non-collision events:  Other non-collision (explain in narrative),On Roadway,Non-collision (single vehicle),Exceeded authorized speed,Alcohol (Statutory),,Dark - roadway not lighted,Dry,Clear,Work Zone (roadway-related),Non-intersection:  Non-junction/no special feature,Paved,Yes,Possible/Unknown,0,1,0,0,1,0,2000,1,1,,POINT (-92.641646549179 41.310983139664)
2014809307,W14-075462,07/27/2014,07-July,1-Sunday,21:35,2100 Hours,District 2 (Northeast),WATERLOO,BLACK HAWK,,WILLISTON AVE & LINWOOD AVE,Collision with:  Non-motorist (see non-motorist section - NOT a unit),On Roadway,Non-collision (single vehicle),Unknown,None Indicated,,Dark - roadway lighted,Dry,Clear,None apparent,Non-intersection:  Non-junction/no special feature,Paved,,Possible/Unknown,0,1,0,0,1,0,0,1,1,,POINT (-92.33637005011 42.483902724863)
2014810188,14-4512,07/27/2014,07-July,1-Sunday,09:44,0900 Hours,District 3 (Northwest),CHEROKEE,CHEROKEE,,E MAPLE ST & S 1ST ST,Non-collision events:  Jackknife,On Roadway,Broadside (front to side),FTYROW:  From stop sign,None Indicated,,Daylight,Dry,Clear,None apparent,Intersection:  Four-way intersection,Paved,,Possible/Unknown,0,1,0,0,0,1,5500,2,2,,POINT (-95.549762341576 42.748818600824)
2014810963,14012689,07/27/2014,07-July,1-Sunday,14:29,1400 Hours,District 2 (Northeast),MASON CITY,CERRO GORDO,,S LOUISIANA AVE,Collision with:  Vehicle in traffic,On Roadway,Broadside (front to side),FTYROW:  From driveway,None Indicated,,Daylight,Dry,Clear,None apparent,Non-intersection:  Driveway access (within),Paved,,Property Damage Only,0,0,0,0,0,0,8000,2,3,,POINT (-93.17555591668 43.143199387247)
2014820695,2014-60-AC,07/27/2014,07-July,1-Sunday,11:10,1100 Hours,District 3 (Northwest),,DICKINSON,,178TH ST,Collision with:  Parked motor vehicle,Shoulder,"Sideswipe, same direction",Improper Backing,None Indicated,,Daylight,Dry,Clear,None apparent,Non-intersection:  Non-junction/no special feature,Paved,,Property Damage Only,0,0,0,0,0,0,3250,2,2,,POINT (-95.116527299546 43.388157073071)
2014811074,14-8654,07/27/2014,07-July,1-Sunday,23:20,2300 Hours,District 3 (Northwest),,SIOUX,,Co Rd B46/420TH ST,Collision with fixed object:  Ditch,Outside trafficway,Non-collision (single vehicle),Over correcting/over steering,Alcohol (Statutory),,Dark - roadway not lighted,Dry,Cloudy,None apparent,Non-intersection:  Non-junction/no special feature,Paved,,Minor Injury,0,1,0,1,0,0,15000,1,1,,POINT (-96.426308374302 43.040468429411)
2014814098,C14-0002114,07/27/2014,07-July,1-Sunday,03:00,0300 Hours,District 2 (Northeast),MCGREGOR,CLAYTON,,SIXTH ST & C ST,Collision with:  Parked motor vehicle,Outside trafficway,"Sideswipe, same direction",Driver Distraction:  Inattentive/lost in thought,None Indicated,,Dark - roadway lighted,Dry,Unknown,None apparent,Intersection:  Four-way intersection,Paved,,Property Damage Only,0,0,0,0,0,0,6000,2,1,,POINT (-91.180778261571 43.019346051085)
2014809903,14S01193,07/27/2014,07-July,1-Sunday,15:33,1500 Hours,District 4 (Southwest),,UNION,,190TH ST,Non-collision events:  Other non-collision (explain in narrative),On Roadway,Non-collision (single vehicle),Swerving/Evasive Action,None Indicated,,Daylight,Dry,Clear,Ruts/holes/bumps,Non-intersection:  Non-junction/no special feature,Unpaved,,Property Damage Only,0,0,0,0,0,0,1800,1,1,,POINT (-94.420689429911 41.028716789288)
2014809364,2014008060,07/27/2014,07-July,1-Sunday,12:12,1200 Hours,District 6 (East Central),IOWA CITY,JOHNSON,IA 1,IA 1/DODGE ST & FAIRCHILD ST,Collision with:  Vehicle in traffic,On Roadway,Rear-end (front to rear),Followed too close,None Indicated,,Daylight,Dry,Cloudy,None apparent,Intersection:  Four-way intersection,Paved,,Possible/Unknown,0,4,0,0,4,0,4500,3,8,,POINT (-91.525693498799 41.666823610465)
2014811456,2014008055,07/27/2014,07-July,1-Sunday,06:48,0600 Hours,District 6 (East Central),IOWA CITY,JOHNSON,,WEST SIDE DR & MORMON TREK BLVD,Collision with:  Vehicle in traffic,On Roadway,Rear-end (front to rear),Improper Backing,None Indicated,,Daylight,Dry,Clear,None apparent,Intersection:  T-intersection,Paved,,Property Damage Only,0,0,0,0,0,0,2000,2,2,,POINT (-91.566105853975 41.636837682071)
2014810558,14017337,07/27/2014,07-July,1-Sunday,16:40,1600 Hours,District 5 (Southeast),OSKALOOSA,MAHASKA,IA 92,IA 92/A AVE E,Collision with:  Vehicle in traffic,On Roadway,Rear-end (front to rear),Other (explain in narrative):  Other,None Indicated,,Daylight,Dry,Cloudy,None apparent,Non-intersection:  Non-junction/no special feature,Paved,,Property Damage Only,0,0,0,0,0,0,2000,2,4,,POINT (-92.643315790487 41.296242653335)
2014809380,14010174,07/27/2014,07-July,1-Sunday,10:19,1000 Hours,District 4 (Southwest),,MILLS,,Co Rd L35/221ST ST,Collision with fixed object:  Ditch,Roadside,Non-collision (single vehicle),"Operating vehicle in an reckless, erratic, careless, negligent manner",Alcohol (Statutory),,Daylight,Dry,Cloudy,None apparent,Non-intersection:  Non-junction/no special feature,Paved,,Minor Injury,0,1,0,1,0,0,3000,1,2,,POINT (-95.789381836238 41.157920371072)
2014811441,201400036399,07/27/2014,07-July,1-Sunday,16:14,1600 Hours,District 5 (Southeast),OTTUMWA,WAPELLO,,LINCOLN AVE & N JEFFERSON ST,Collision with:  Vehicle in traffic,On Roadway,Broadside (front to side),FTYROW:  From stop sign,None Indicated,,Daylight,Dry,Clear,None apparent,Intersection:  Four-way intersection,Paved,,Property Damage Only,0,0,0,0,0,0,2850,2,2,,POINT (-92.40154979162 41.023272465754)
2014809315,142198,07/27/2014,07-July,1-Sunday,19:50,1900 Hours,District 3 (Northwest),DENISON,CRAWFORD,US 59,US 59 & IA 39/IOWA 39,Collision with:  Vehicle in traffic,On Roadway,Broadside (front to side),Ran Traffic Signal,None Indicated,,Daylight,Dry,Clear,None apparent,Intersection:  Four-way intersection,Paved,,Property Damage Only,0,0,0,0,0,0,18500,3,4,,POINT (-95.369226711051 42.021031739711)
2014809360,C14002321,07/27/2014,07-July,1-Sunday,14:20,1400 Hours,District 6 (East Central),CORALVILLE,JOHNSON,,1ST AVE,Collision with:  Vehicle in traffic,On Roadway,"Sideswipe, same direction",FTYROW:  Making left turn,None Indicated,,Daylight,Dry,Cloudy,None apparent,Intersection:  T-intersection,Paved,,Property Damage Only,0,0,0,0,0,0,4300,2,3,,POINT (-91.565045436755 41.690559392142)
2014811114,14-004364,07/27/2014,07-July,1-Sunday,16:50,1600 Hours,District 2 (Northeast),,BUTLER,IA 57,IA 57/IOWA 57,Collision with:  Vehicle in traffic,On Roadway,Rear-end (front to rear),Other (explain in narrative):  Other,None Indicated,,Daylight,Dry,Clear,None apparent,Non-intersection:  Non-junction/no special feature,Paved,,Property Damage Only,0,0,0,0,0,0,7700,2,2,,POINT (-92.838675150717 42.577777038718)
2014809116,14110299,07/27/2014,07-July,1-Sunday,00:30,0000 Hours,District 6 (East Central),CORALVILLE,JOHNSON,I-380,I-380 & FOREVERGREEN RD,Collision with:  Vehicle in traffic,On Roadway,Rear-end (front to rear),Followed too close,Alcohol (Statutory),,Dark - roadway not lighted,Dry,Clear,None apparent,Non-intersection:  Non-junction/no special feature,Paved,,Property Damage Only,0,0,0,0,0,0,6000,2,5,,POINT (-91.642065183714 41.723325560806)
2014814247,,07/27/2014,07-July,1-Sunday,15:30,1500 Hours,District 5 (Southeast),,MUSCATINE,IA 22,IA 22/IOWA 22,Collision with fixed object:  Ditch,On Roadway,Non-collision (single vehicle),Swerving/Evasive Action,None Indicated,,Daylight,Dry,Clear,None apparent,Intersection:  T-intersection,Paved,,Minor Injury,0,2,0,1,1,0,10000,1,2,,POINT (-90.974936624548 41.444519228485)
2014810817,2014043580,07/27/2014,07-July,1-Sunday,17:50,1700 Hours,District 1 (Central),URBANDALE,POLK,I-35,I-35,Collision with:  Vehicle in traffic,On Roadway,Rear-end (front to rear),Swerving/Evasive Action,None Indicated,,Daylight,Dry,Clear,Other (explain in narrative),Interchange-related:  On-ramp merge area,Paved,,Property Damage Only,0,0,0,0,0,0,5000,3,3,,POINT (-93.77680763642 41.617927922595)
2014810501,14-006795,07/27/2014,07-July,1-Sunday,06:45,0600 Hours,District 4 (Southwest),ANITA,CASS,,HILLCREST DR,Collision with:  Parked motor vehicle,On Roadway,Rear-end (front to rear),Other (explain in narrative):  Vision obstructed,None Indicated,,Daylight,Dry,Clear,None apparent,Non-intersection:  Non-junction/no special feature,Paved,,Property Damage Only,0,0,0,0,0,0,3200,2,1,,POINT (-94.769592328368 41.434836286676)
2014809271,14-0417,07/27/2014,07-July,1-Sunday,21:23,2100 Hours,District 1 (Central),,WEBSTER,,JOHNSON AVE,Collision with:  Animal,,,Animal,None Indicated,,,,,,,Unpaved,,Property Damage Only,0,0,0,0,0,0,3000,1,1,,POINT (-94.223247119194 42.262334946067)
2014809699,201410868,07/27/2014,07-July,1-Sunday,21:10,2100 Hours,District 6 (East Central),CEDAR RAPIDS,LINN,,WILSON AVE SW & 6TH ST SW,Collision with:  Vehicle in traffic,On Roadway,Broadside (front to side),Ran Traffic Signal,None Indicated,,Dark - roadway lighted,Dry,Clear,None apparent,Intersection:  Four-way intersection,Paved,,Property Damage Only,0,0,0,0,0,0,2500,2,2,,POINT (-91.677145546413 41.956088403425)
2014810539,14-022965,07/27/2014,07-July,1-Sunday,01:54,0100 Hours,District 5 (Southeast),,LEE,IA 27,IA 27/IOWA 27,Collision with:  Animal,,,Animal,None Indicated,,,,,,,Paved,,Property Damage Only,0,0,0,0,0,0,1500,1,1,,POINT (-91.567563237842 40.473863991708)
2014826453,2014-5346,07/27/2014,07-July,1-Sunday,14:39,1400 Hours,District 6 (East Central),LE CLAIRE,SCOTT,US 67,US 67/CODY RD & W CANAL SHORE DR,Collision with fixed object:  Bridge overhead structure,Outside trafficway,Non-collision (single vehicle),"Operating vehicle in an reckless, erratic, careless, negligent manner",None Indicated,,Daylight,Dry,Clear,None apparent,Non-intersection:  Other non-intersection (explain in narrative),Paved,,Minor Injury,0,1,0,1,0,0,9100,1,1,,POINT (-90.389359138 41.582696760526)
2014811087,2014043588,07/27/2014,07-July,1-Sunday,18:50,1800 Hours,District 5 (Southeast),,MARION,IA 163,IA 163/IOWA 163,Non-collision events:  Other non-collision (explain in narrative),Shoulder,Non-collision (single vehicle),Swerving/Evasive Action,None Indicated,,Daylight,Dry,Clear,None apparent,Non-intersection:  Non-junction/no special feature,Paved,,Major Injury,0,1,1,0,0,0,8000,1,1,,POINT (-93.048123741852 41.476379346532)
2014811440,201400036349,07/27/2014,07-July,1-Sunday,11:08,1100 Hours,District 5 (Southeast),OTTUMWA,WAPELLO,,ALBIA RD & WILDWOOD DR,Collision with:  Vehicle in traffic,On Roadway,Broadside (front to side),FTYROW:  From stop sign,None Indicated,,Daylight,Dry,Clear,None apparent,Intersection:  Four-way intersection,Paved,,Possible/Unknown,0,1,0,0,1,0,5000,2,4,,POINT (-92.448079491322 41.009208725792)
2014811746,14-000966,07/27/2014,07-July,1-Sunday,01:00,0100 Hours,District 1 (Central),AMES,STORY,,13TH ST & STANGE RD,Collision with:  Vehicle in traffic,On Roadway,Rear-end (front to rear),Equipment failure,None Indicated,,Dark - roadway lighted,Dry,Clear,None apparent,Intersection:  Four-way intersection,Paved,,Property Damage Only,0,0,0,0,0,0,3000,2,2,,POINT (-93.644762635066 42.035663633103)
2014815078,14006778,07/27/2014,07-July,1-Sunday,20:44,2000 Hours,District 6 (East Central),OELWEIN,BUCHANAN,IA 281,IA 281/100TH ST & FREDERICK AVE S,Collision with fixed object:  Ditch,Outside trafficway,Non-collision (single vehicle),Swerving/Evasive Action,None Indicated,,Dusk,Dry,Clear,None apparent,Non-intersection:  Non-junction/no special feature,Paved,,Possible/Unknown,0,1,0,0,1,0,1500,1,1,,POINT (-91.910040501984 42.642202285478)
2014809209,20140021613,07/27/2014,07-July,1-Sunday,14:09,1400 Hours,District 1 (Central),DES MOINES,POLK,I-235,I-235 & KEOSAUQUA WAY,Collision with:  Vehicle in traffic,On Roadway,"Angle, oncoming left turn",Ran Traffic Signal,None Indicated,,Daylight,Dry,Cloudy,None apparent,Intersection:  Intersection with ramp,Paved,,Property Damage Only,0,0,0,0,0,0,3000,2,5,,POINT (-93.636681231993 41.596928898154)
2014809689,2014008062,07/27/2014,07-July,1-Sunday,12:23,1200 Hours,District 6 (East Central),IOWA CITY,JOHNSON,,HOLLYWOOD BLVD,Collision with:  Parked motor vehicle,On Roadway,Rear-end (front to rear),Driver Distraction:  Reaching for object(s)/fallen object(s),None Indicated,,Daylight,Dry,Clear,None apparent,Non-intersection:  Non-junction/no special feature,Paved,,Property Damage Only,0,0,0,0,0,0,8500,2,1,,POINT (-91.503575264202 41.637967981161)
2014809651,,07/27/2014,07-July,1-Sunday,14:15,1400 Hours,District 1 (Central),,HARDIN,US 65,US 65,Collision with:  Animal,On Roadway,Non-collision (single vehicle),Animal,None Indicated,,Daylight,Dry,Clear,,Non-intersection:  Non-junction/no special feature,Paved,,Property Damage Only,0,0,0,0,0,0,1665,1,3,,POINT (-93.26115278828 42.411956863555)