Iowa DOT Case Number,Law Enforcement Case Number,Date of Crash,Month of Crash,Day of Week,Time of Crash,Hour,DOT District,City Name,County Name,Route with System,Location Description,First Harmful Event,Location of First Harmful Event,Manner of Crash/Collision,Major Cause,Drug or Alcohol ,Environmental Conditions,Light Conditions,Surface Conditions,Weather Conditions,Roadway Contribution,Roadway Type,Roadway Surface,Work Zone,Crash Severity,Number of Fatalities,Number of Injuries,Number of Major Injuries,Number of Minor Injuries,Number of Possible Injuries,Number of Unknown Injuries,Amount of Property Damage,Number of Vehicles Involved,Total Number of Occupants,Travel Direction,Location
2014828324,14070711,07/29/2014,07-July,3-Tuesday,09:20,0900 Hours,District 5 (Southeast),,WAPELLO,IA 16,IA 16/IOWA 16,Collision with fixed object:  Ditch,Shoulder,Non-collision (single vehicle),Swerving/Evasive Action,None Indicated,,Daylight,Dry,Clear,None apparent,Non-intersection:  Non-junction/no special feature,Paved,,Possible/Unknown,0,1,0,0,1,0,1500,1,1,,POINT (-92.227029418197 40.943268733265)
2014810938,,07/29/2014,07-July,3-Tuesday,22:46,2200 Hours,District 5 (Southeast),,LUCAS,,527TH ST,Collision with fixed object:  Bridge overhead structure,On Roadway,Non-collision (single vehicle),Ran off road - right,None Indicated,,Dark - roadway not lighted,Dry,Clear,None apparent,Non-intersection:  Other non-intersection (explain in narrative),Unpaved,,Property Damage Only,0,0,0,0,0,0,5000,1,1,,POINT (-93.392681826372 41.084430544519)
2014809496,14005223,07/29/2014,07-July,3-Tuesday,09:45,0900 Hours,District 1 (Central),JEWELL,HAMILTON,,SARATOGA AVE & 320TH ST,Collision with fixed object:  Ditch,Roadside,Non-collision (single vehicle),Swerving/Evasive Action,None Indicated,,Daylight,Dry,Cloudy,None apparent,Non-intersection:  Non-junction/no special feature,Unpaved,,Minor Injury,0,1,0,1,0,0,3000,1,1,,POINT (-93.620413761448 42.325009119973)
2014809581,2014-52519,07/29/2014,07-July,3-Tuesday,02:59,0200 Hours,District 6 (East Central),DAVENPORT,SCOTT,,E 29TH ST,Collision with fixed object:  Curb/island/raised median,On Roadway,Non-collision (single vehicle),Exceeded authorized speed,Alcohol (Statutory),,Dark - roadway lighted,Dry,Clear,None apparent,Non-intersection:  Non-junction/no special feature,Paved,,Possible/Unknown,0,1,0,0,1,0,25000,1,2,,POINT (-90.558817587599 41.549225735536)
2014809758,14-24460,07/29/2014,07-July,3-Tuesday,15:44,1500 Hours,District 3 (Northwest),SIOUX CITY,WOODBURY,,W 19TH ST & HAMILTON BLVD,Collision with:  Vehicle in traffic,On Roadway,Rear-end (front to rear),Followed too close,None Indicated,,Daylight,Dry,Cloudy,None apparent,Intersection:  Four-way intersection,Paved,,Minor Injury,0,1,0,1,0,0,2000,2,2,,POINT (-96.416719770434 42.510580003585)
2014927521,,07/29/2014,07-July,3-Tuesday,17:41,1700 Hours,District 3 (Northwest),SERGEANT BLUFF,WOODBURY,,1ST ST & S LEWIS BLVD,Collision with:  Vehicle in traffic,On Roadway,Rear-end (front to rear),Driver Distraction:  Passenger,None Indicated,,Daylight,Dry,Clear,None apparent,Intersection:  Four-way intersection,Paved,,Property Damage Only,0,0,0,0,0,0,2000,2,2,,POINT (-96.354566053635 42.400464569123)
2014810452,14031871,07/29/2014,07-July,3-Tuesday,17:19,1700 Hours,District 5 (Southeast),,MUSCATINE,IA 22,IA 22/IOWA 22,Collision with:  Vehicle in traffic,On Roadway,"Sideswipe, same direction",Crossed centerline (undivided),None Indicated,,Daylight,Dry,Clear,None apparent,Non-intersection:  Driveway access (within),Paved,,Possible/Unknown,0,1,0,0,1,0,6000,2,2,,POINT (-90.790447831627 41.458766416787)
2014809534,20140021849,07/29/2014,07-July,3-Tuesday,18:00,1800 Hours,District 1 (Central),DES MOINES,POLK,,FLEUR DR,Collision with:  Vehicle in traffic,On Roadway,Rear-end (front to rear),Followed too close,None Indicated,,Daylight,Dry,Clear,None apparent,Interchange-related:  On-ramp merge area,Paved,,Property Damage Only,0,0,0,0,0,0,1800,2,2,,POINT (-93.644855794156 41.577950102308)
2014811710,2014-52591,07/29/2014,07-July,3-Tuesday,12:33,1200 Hours,District 6 (East Central),DAVENPORT,SCOTT,,W LOMBARD ST,Collision with:  Vehicle in traffic,On Roadway,Broadside (front to side),FTYROW:  From driveway,None Indicated,,Daylight,Dry,Cloudy,None apparent,Non-intersection:  Driveway access (within),Paved,,Major Injury,0,1,1,0,0,0,6000,2,3,,POINT (-90.594637732473 41.541884264943)
2014809387,20140021810,07/29/2014,07-July,3-Tuesday,12:51,1200 Hours,District 1 (Central),DES MOINES,POLK,US 6,US 6/HICKMAN RD & WESTOVER BLVD,Collision with:  Vehicle in traffic,On Roadway,Rear-end (front to rear),Followed too close,None Indicated,,Daylight,Dry,Cloudy,None apparent,Intersection:  T-intersection,Paved,,Minor Injury,0,1,0,1,0,0,9100,2,2,,POINT (-93.706232138171 41.614861358723)
2014812897,201402638,07/29/2014,07-July,3-Tuesday,19:22,1900 Hours,District 6 (East Central),,LINN,,Co Rd E48/MT VERNON RD,Collision with:  Parked motor vehicle,Outside trafficway,"Sideswipe, same direction",Other (explain in narrative):  No improper action,None Indicated,,Daylight,Dry,Clear,None apparent,Non-intersection:  Non-junction/no special feature,Paved,,Property Damage Only,0,0,0,0,0,0,2250,2,1,,POINT (-91.557153860906 41.976177244263)
2014810524,14-19547,07/29/2014,07-July,3-Tuesday,17:00,1700 Hours,District 1 (Central),,JASPER,,W 108TH ST S,Collision with fixed object:  Ditch,On Roadway,Non-collision (single vehicle),"Operating vehicle in an reckless, erratic, careless, negligent manner",None Indicated,,Daylight,"Mud, dirt",Clear,"Surface condition (e.g., wet, icy)",Non-intersection:  Non-junction/no special feature,Unpaved,,Minor Injury,0,3,0,3,0,0,15100,1,3,,POINT (-93.251681969873 41.648577720912)
2014812551,1407302151,07/30/2014,07-July,4-Wednesday,21:51,2100 Hours,District 6 (East Central),CASCADE,JONES,,Co Rd D61/CO RD D-61,Collision with:  Animal,On Roadway,Non-collision (single vehicle),Animal,None Indicated,,Dark - roadway not lighted,Dry,Cloudy,None apparent,Non-intersection:  Non-junction/no special feature,Paved,,Property Damage Only,0,0,0,0,0,0,1500,1,1,,POINT (-90.913849171923 42.273107875728)
2014809694,2014008176,07/30/2014,07-July,4-Wednesday,15:56,1500 Hours,District 6 (East Central),IOWA CITY,JOHNSON,,,Collision with:  Vehicle in traffic,On Roadway,Rear-end (front to rear),Followed too close,None Indicated,,Daylight,Dry,Cloudy,None apparent,Non-intersection:  Non-junction/no special feature,,,Property Damage Only,0,0,0,0,0,0,2000,2,2,,POINT (-96.643700149993 40.233091251414)
2014810366,14001567,07/30/2014,07-July,4-Wednesday,17:50,1700 Hours,District 6 (East Central),IOWA CITY,JOHNSON,,GRAND AVE & BYINGTON RD,Collision with:  Vehicle in traffic,On Roadway,Rear-end (front to rear),Followed too close,None Indicated,,Daylight,Dry,Clear,None apparent,Non-intersection:  Non-junction/no special feature,Paved,,Possible/Unknown,0,1,0,0,1,0,2300,2,2,,POINT (-91.543673706876 41.658361268788)
2014809723,20140021960,07/30/2014,07-July,4-Wednesday,15:12,1500 Hours,District 1 (Central),DES MOINES,POLK,,UNIVERSITY AVE,Collision with:  Vehicle in traffic,On Roadway,"Sideswipe, same direction",Crossed centerline (undivided),None Indicated,,Daylight,Dry,Clear,None apparent,Non-intersection:  Non-junction/no special feature,Paved,,Property Damage Only,0,0,0,0,0,0,4500,2,4,,POINT (-93.636955653478 41.600431191756)
2014811448,201400037004,07/30/2014,07-July,4-Wednesday,17:20,1700 Hours,District 5 (Southeast),OTTUMWA,WAPELLO,US 34,US 34 & N QUINCY AVE,Collision with:  Vehicle in traffic,On Roadway,Broadside (front to side),Ran Traffic Signal,None Indicated,,Daylight,Dry,Clear,None apparent,Intersection:  Four-way intersection,Paved,,Minor Injury,0,2,0,1,1,0,11000,2,3,,POINT (-92.438524131273 41.018332880247)
2014810512,01-14-33788,07/30/2014,07-July,4-Wednesday,23:25,2300 Hours,District 6 (East Central),DUBUQUE,DUBUQUE,,W 17TH ST,Collision with:  Vehicle in traffic,On Roadway,Rear-end (front to rear),Lost Control,None Indicated,,Dark - roadway not lighted,Dry,Clear,None apparent,Non-intersection:  Non-junction/no special feature,Paved,,Property Damage Only,0,0,0,0,0,0,4000,2,2,,POINT (-90.674279295144 42.507266080309)
2014832879,14-005495,07/30/2014,07-July,4-Wednesday,11:30,1100 Hours,District 3 (Northwest),EMMETSBURG,PALO ALTO,,22ND ST,Collision with:  Vehicle in traffic,On Roadway,Rear-end (front to rear),FTYROW:  From driveway,None Indicated,,Daylight,Dry,Clear,None apparent,Non-intersection:  Driveway access (within),Paved,,Property Damage Only,0,0,0,0,0,0,3000,2,1,,POINT (-94.678248687622 43.100255994579)
2014811253,2014044166,07/30/2014,07-July,4-Wednesday,16:58,1600 Hours,District 1 (Central),,POLK,I-35,I-35,Non-collision events:  Other non-collision (explain in narrative),On Roadway,Non-collision (single vehicle),Followed too close,None Indicated,,Daylight,Dry,Clear,None apparent,Non-intersection:  Non-junction/no special feature,Paved,,Property Damage Only,0,0,0,0,0,0,3000,1,1,,POINT (-93.690434795114 41.651796634466)
2014810358,P14-008822,07/30/2014,07-July,4-Wednesday,02:16,0200 Hours,District 1 (Central),WEBSTER CITY,HAMILTON,,JAMES ST & OVERPASS DR,Collision with fixed object:  Utility pole/light support,Shoulder,Non-collision (single vehicle),Ran off road - right,None Indicated,,Dark - roadway lighted,Dry,Clear,None apparent,Non-intersection:  Non-junction/no special feature,Paved,,Property Damage Only,0,0,0,0,0,0,2500,1,1,,POINT (-93.84522748777 42.472251562152)
2014811940,2014008162,07/30/2014,07-July,4-Wednesday,09:05,0900 Hours,District 6 (East Central),IOWA CITY,JOHNSON,,S GILBERT ST & SOUTHGATE AVE,Collision with:  Vehicle in traffic,On Roadway,Broadside (front to side),FTYROW:  From stop sign,None Indicated,,Daylight,Dry,Clear,None apparent,Intersection:  Four-way intersection,Paved,,Property Damage Only,0,0,0,0,0,0,6000,2,3,,POINT (-91.533493067511 41.640713441999)
2014810717,14-003517,07/30/2014,07-July,4-Wednesday,13:56,1300 Hours,District 1 (Central),AMES,STORY,,HAYES AVE & EISENHOWER AVE & PIERCE AVE,Non-collision events:  Other non-collision (explain in narrative),Shoulder,Non-collision (single vehicle),Lost Control,None Indicated,,Daylight,Dry,Clear,None apparent,Non-intersection:  Non-junction/no special feature,Paved,,Property Damage Only,0,0,0,0,0,0,5200,1,1,,POINT (-93.63365748103 42.046371216292)
2014809729,20140021956,07/30/2014,07-July,4-Wednesday,14:33,1400 Hours,District 1 (Central),DES MOINES,POLK,,HICKMAN RD & 30TH ST,Collision with:  Vehicle in traffic,On Roadway,Broadside (front to side),Ran Traffic Signal,None Indicated,,Daylight,Dry,Cloudy,None apparent,Intersection:  Four-way intersection,Paved,,Possible/Unknown,0,1,0,0,1,0,4500,2,2,,POINT (-93.658570902796 41.614937117007)
2014809493,01-14-33656,07/30/2014,07-July,4-Wednesday,08:27,0800 Hours,District 6 (East Central),DUBUQUE,DUBUQUE,,COATES ST,Collision with:  Vehicle in traffic,On Roadway,"Sideswipe, same direction",FTYROW:  From parked position,None Indicated,,Daylight,Dry,Clear,None apparent,Non-intersection:  Non-junction/no special feature,Paved,,Property Damage Only,0,0,0,0,0,0,3500,2,4,,POINT (-90.693770574901 42.487587506985)
2014810545,14-23400,07/30/2014,07-July,4-Wednesday,21:10,2100 Hours,District 5 (Southeast),DONNELLSON,LEE,IA 2,IA 2/IOWA 2,Collision with:  Animal,,,Animal,None Indicated,,,,,,,Paved,,Property Damage Only,0,0,0,0,0,0,1500,1,1,,POINT (-91.627684067805 40.638990210702)
2014811252,2014044087,07/30/2014,07-July,4-Wednesday,12:00,1200 Hours,District 2 (Northeast),,CERRO GORDO,US 18,US 18,Collision with:  Vehicle in traffic,On Roadway,"Sideswipe, same direction",Ran off road - right,None Indicated,,Daylight,Dry,Cloudy,None apparent,Non-intersection:  Non-junction/no special feature,Paved,,Possible/Unknown,0,1,0,0,1,0,5500,2,3,,POINT (-93.113980280903 43.115001952907)
2014809498,14-012838,07/30/2014,07-July,4-Wednesday,00:05,0000 Hours,District 5 (Southeast),,HENRY,,305TH ST,Collision with:  Animal,,,Animal,None Indicated,,,,,,,Unpaved,,Property Damage Only,0,0,0,0,0,0,2000,1,1,,POINT (-91.408041392221 40.863751559933)
2014810471,14-000877,07/30/2014,07-July,4-Wednesday,11:35,1100 Hours,District 1 (Central),JOHNSTON,POLK,,MERLE HAY RD,Collision with:  Vehicle in traffic,On Roadway,"Angle, oncoming left turn",Made improper turn,None Indicated,,Daylight,Dry,Clear,None apparent,Non-intersection:  Non-junction/no special feature,Paved,,Property Damage Only,0,0,0,0,0,0,10000,2,3,,POINT (-93.697668890682 41.658886600516)
2014810093,14006632,07/30/2014,07-July,4-Wednesday,02:33,0200 Hours,District 6 (East Central),,DELAWARE,,Co Rd W63/110TH AVE,Collision with:  Animal,,,Animal,None Indicated,,,,,,,Paved,,Property Damage Only,0,0,0,0,0,0,1500,1,1,,POINT (-91.579287676759 42.385123399048)
2014809492,01-14-33681,07/30/2014,07-July,4-Wednesday,11:16,1100 Hours,District 6 (East Central),DUBUQUE,DUBUQUE,US 52,US 52/CENTRAL AVE & E 20TH ST,Collision with:  Vehicle in traffic,On Roadway,"Sideswipe, same direction",Made improper turn,None Indicated,,Daylight,Dry,Clear,None apparent,Non-intersection:  Non-junction/no special feature,Paved,,Property Damage Only,0,0,0,0,0,0,4500,2,4,,POINT (-90.669980649246 42.511258078484)
2014809738,14-3647,07/30/2014,07-July,4-Wednesday,20:25,2000 Hours,District 4 (Southwest),WEST DES MOINES,DALLAS,,UNIVERSITY AVE,Collision with fixed object:  Curb/island/raised median,Outside trafficway,Non-collision (single vehicle),Ran off road - right,None Indicated,,Dark - roadway lighted,Dry,Clear,None apparent,Non-intersection:  Non-junction/no special feature,Paved,,Possible/Unknown,0,1,0,0,1,0,15000,1,1,,POINT (-93.793205403778 41.60042308224)
2014809707,201411042,07/30/2014,07-July,4-Wednesday,17:10,1700 Hours,District 6 (East Central),CEDAR RAPIDS,LINN,,42ND ST NE,Collision with:  Vehicle in traffic,On Roadway,"Angle, oncoming left turn",FTYROW:  Making left turn,None Indicated,,Daylight,Dry,Clear,None apparent,Non-intersection:  Driveway access (within),Paved,,Property Damage Only,0,0,0,0,0,0,7500,2,2,,POINT (-91.666767596251 42.021508093792)
2014811446,201400036939,07/30/2014,07-July,4-Wednesday,12:12,1200 Hours,District 5 (Southeast),OTTUMWA,WAPELLO,,E MAIN ST,Collision with:  Parked motor vehicle,Roadside,Rear-end (front to rear),Ran off road - right,None Indicated,,Daylight,Dry,Clear,None apparent,Non-intersection:  Non-junction/no special feature,Paved,,Property Damage Only,0,0,0,0,0,0,3500,2,1,,POINT (-92.385994057219 41.007660609855)
2014810453,14-26613,07/30/2014,07-July,4-Wednesday,15:39,1500 Hours,District 5 (Southeast),BURLINGTON,DES MOINES,,ARCH ST & 8TH ST,Collision with:  Vehicle in traffic,On Roadway,Broadside (front to side),FTYROW:  From stop sign,None Indicated,,Daylight,Dry,Clear,None apparent,Intersection:  Four-way intersection,Paved,,Possible/Unknown,0,1,0,0,1,0,9970,2,2,,POINT (-91.10690827646 40.815639629766)
2014810372,201402649,07/30/2014,07-July,4-Wednesday,09:25,0900 Hours,District 6 (East Central),,LINN,US 151,US 151 & Co Rd E48/MT VERNON RD/WEST MT VERNON RD,Collision with:  Vehicle in traffic,On Roadway,Rear-end (front to rear),Followed too close,None Indicated,,Daylight,Dry,Clear,None apparent,Non-intersection:  Non-junction/no special feature,Paved,,Property Damage Only,0,0,0,0,0,0,7500,2,2,,POINT (-91.551494734499 41.976105967101)
2014811711,2014-52839,07/30/2014,07-July,4-Wednesday,10:18,1000 Hours,District 6 (East Central),DAVENPORT,SCOTT,,W 53RD ST & N DIVISION ST,Collision with:  Vehicle in traffic,On Roadway,"Sideswipe, same direction",Other (explain in narrative):  Vision obstructed,None Indicated,,Daylight,Dry,Clear,None apparent,Intersection:  Four-way intersection,Paved,,Property Damage Only,0,0,0,0,0,0,6500,2,5,,POINT (-90.600359539166 41.574507980853)
2014812552,1407302247,07/30/2014,07-July,4-Wednesday,22:47,2200 Hours,District 6 (East Central),MONTICELLO,JONES,US 151,US 151,Collision with fixed object:  Curb/island/raised median,Median,Non-collision (single vehicle),Over correcting/over steering,Under Influence of Alcohol/Drugs/Medications,,Dark - roadway not lighted,Dry,Cloudy,None apparent,Non-intersection:  Non-junction/no special feature,Paved,,Possible/Unknown,0,1,0,0,1,0,15000,1,1,,POINT (-91.199721624409 42.205726479058)
2014811047,2014-52966,07/30/2014,07-July,4-Wednesday,21:19,2100 Hours,District 6 (East Central),DAVENPORT,SCOTT,,IA 461/BRADY ST & W LOCUST ST & E LOCUST ST,Collision with:  Vehicle in traffic,On Roadway,"Angle, oncoming left turn",Ran Traffic Signal,None Indicated,,Dark - roadway lighted,Dry,Clear,None apparent,Intersection:  Other intersection (explain in narrative),Paved,,Property Damage Only,0,0,0,0,0,0,4500,2,3,,POINT (-90.573997624563 41.538280176233)
2014810076,145427,07/30/2014,07-July,4-Wednesday,10:55,1000 Hours,District 4 (Southwest),,DALLAS,,HOUSTON AVE,Non-collision events:  Overturn/rollover,On Roadway,Non-collision (single vehicle),Ran off road - right,None Indicated,,Daylight,Dry,Clear,None apparent,Non-intersection:  Non-junction/no special feature,Unpaved,,Possible/Unknown,0,1,0,0,1,0,4000,1,1,,POINT (-94.135383474223 41.860184732329)
2014810345,"11,443-14",07/30/2014,07-July,4-Wednesday,14:33,1400 Hours,District 3 (Northwest),SPENCER,CLAY,,E 16TH ST & 1ST AVE E,Collision with:  Vehicle in traffic,On Roadway,Broadside (front to side),FTYROW:  At uncontrolled intersection,None Indicated,,Daylight,Dry,Clear,None apparent,Intersection:  Four-way intersection,Paved,,Property Damage Only,0,0,0,0,0,0,14000,2,2,,POINT (-95.144146778787 43.153810398095)
2014809551,14-3629,07/30/2014,07-July,4-Wednesday,10:00,1000 Hours,District 1 (Central),WEST DES MOINES,POLK,,WESTOWN PKWY & 50TH ST,Collision with:  Vehicle in traffic,On Roadway,"Angle, oncoming left turn",FTYROW:  Making left turn,None Indicated,,Daylight,Dry,Clear,None apparent,Intersection:  Four-way intersection,Paved,,Possible/Unknown,0,1,0,0,1,0,10000,2,4,,POINT (-93.7712222937 41.595429543657)
2014811283,14-007837,07/30/2014,07-July,4-Wednesday,15:25,1500 Hours,District 3 (Northwest),,CARROLL,,Co Rd N20/HAWTHORNE AVE,Collision with:  Other non-fixed object (explain in narrative),On Roadway,Non-collision (single vehicle),Ran off road - right,None Indicated,,Daylight,Dry,Clear,None apparent,Non-intersection:  Non-junction/no special feature,Paved,,Possible/Unknown,0,1,0,0,1,0,80000,1,1,,POINT (-94.955649887178 42.205982834991)
2014810829,,07/30/2014,07-July,4-Wednesday,06:25,0600 Hours,District 6 (East Central),CEDAR RAPIDS,LINN,,WILEY BLVD NW & JOHNSON AVE NW,Collision with:  Vehicle in traffic,On Roadway,"Angle, oncoming left turn",Unknown,None Indicated,,Daylight,Dry,Clear,,Intersection:  Four-way intersection,Paved,,Property Damage Only,0,0,0,0,0,0,2000,2,2,,POINT (-91.725771708565 41.971237971471)
2014810119,CL14002662,07/30/2014,07-July,4-Wednesday,08:04,0800 Hours,District 6 (East Central),CLINTON,CLINTON,US 30,US 30/LINCOLN WAY & US 67/WASHINGTON BLVD & VALLEY WEST CT,Collision with:  Vehicle in traffic,On Roadway,"Angle, oncoming left turn",Unknown,None Indicated,,Daylight,Dry,Clear,None apparent,Intersection:  Four-way intersection,Paved,,Minor Injury,0,3,0,3,0,0,10000,2,4,,POINT (-90.242365557331 41.815560254512)
2014811029,20140021935,07/30/2014,07-July,4-Wednesday,11:36,1100 Hours,District 1 (Central),DES MOINES,POLK,,CROCKER ST & 2ND AVE,Collision with:  Vehicle in traffic,On Roadway,"Sideswipe, same direction",Made improper turn,None Indicated,,Daylight,Dry,Cloudy,None apparent,Intersection:  T-intersection,Paved,,Property Damage Only,0,0,0,0,0,0,16500,4,2,,POINT (-93.620328315675 41.593379371425)
2014809743,14-031833,07/30/2014,07-July,4-Wednesday,13:57,1300 Hours,District 4 (Southwest),COUNCIL BLUFFS,POTTAWATTAMIE,US 6,US 6/W BROADWAY & S 35TH ST & N 35TH ST,Collision with:  Vehicle in traffic,On Roadway,"Sideswipe, same direction",FTYROW:  Other (explain in narrative),None Indicated,,Daylight,Dry,Clear,None apparent,Non-intersection:  Non-junction/no special feature,Paved,,Property Damage Only,0,0,0,0,0,0,4000,2,3,,POINT (-95.902086732911 41.261895236092)
2014809558,14-031761,07/30/2014,07-July,4-Wednesday,22:22,2200 Hours,District 4 (Southwest),COUNCIL BLUFFS,POTTAWATTAMIE,US 275,US 275/VETERANS MEMORIAL HWY & TANK FARM RD,Collision with:  Vehicle in traffic,On Roadway,Rear-end (front to rear),Other (explain in narrative):  Other,Alcohol (Statutory),,Dark - roadway lighted,Dry,Clear,None apparent,Non-intersection:  Non-junction/no special feature,Paved,,Property Damage Only,0,0,0,0,0,0,8000,2,2,,POINT (-95.836199330173 41.218281360143)
2014809754,14-2311,07/30/2014,07-July,4-Wednesday,18:22,1800 Hours,District 1 (Central),FORT DODGE,WEBSTER,,5TH AVE S,Collision with:  Vehicle in traffic,On Roadway,Rear-end (front to rear),Driver Distraction:  Manual operation of an electronic communication device,None Indicated,,Daylight,Dry,Clear,None apparent,Intersection:  Four-way intersection,Paved,,Possible/Unknown,0,1,0,0,0,1,5500,2,4,,POINT (-94.168243084085 42.501051267778)
2014815557,14151,07/30/2014,07-July,4-Wednesday,18:50,1800 Hours,District 5 (Southeast),PELLA,MARION,IA 163,IA 163/SW RAMP CURV/SW LOOP & WASHINGTON ST & W 15TH ST,Non-collision events:  Other non-collision (explain in narrative),On Roadway,Non-collision (single vehicle),Other (explain in narrative):  No improper action,None Indicated,,Daylight,"Mud, dirt",Clear,"Surface condition (e.g., wet, icy)",Interchange-related:  Off-ramp,Paved,,Minor Injury,0,1,0,1,0,0,4000,1,1,,POINT (-92.950584713263 41.410659767909)
2014809685,14112336,07/30/2014,07-July,4-Wednesday,17:53,1700 Hours,District 6 (East Central),,JOHNSON,I-380,I-380,Collision with:  Vehicle in traffic,On Roadway,Rear-end (front to rear),Other (explain in narrative):  Other,None Indicated,,Daylight,Dry,Clear,None apparent,Non-intersection:  Non-junction/no special feature,Paved,,Property Damage Only,0,0,0,0,0,0,17000,2,3,,POINT (-91.644252995374 41.76734950767)
2014812235,14-5044,07/30/2014,07-July,4-Wednesday,14:25,1400 Hours,District 1 (Central),URBANDALE,POLK,IA 28,IA 28/MERLE HAY RD,Collision with:  Vehicle in traffic,On Roadway,Rear-end (front to rear),Followed too close,None Indicated,,Daylight,Dry,Clear,None apparent,Non-intersection:  Non-junction/no special feature,Paved,,Property Damage Only,0,0,0,0,0,0,2500,2,2,,POINT (-93.697676265716 41.651779929367)
2014809541,20140021945,07/30/2014,07-July,4-Wednesday,12:15,1200 Hours,District 1 (Central),DES MOINES,POLK,,PORTER AVE & SW 9TH ST,Collision with:  Vehicle in traffic,On Roadway,Broadside (front to side),Other (explain in narrative):  No improper action,None Indicated,,Daylight,Dry,Clear,None apparent,Non-intersection:  Non-junction/no special feature,Paved,,Possible/Unknown,0,2,0,0,2,0,11000,2,3,,POINT (-93.625739847772 41.533730800242)
2014809724,20140021975,07/30/2014,07-July,4-Wednesday,16:44,1600 Hours,District 1 (Central),DES MOINES,POLK,,INGERSOLL AVE & 35TH ST,Collision with:  Vehicle in traffic,On Roadway,Broadside (front to side),Ran Traffic Signal,None Indicated,,Daylight,Dry,Clear,None apparent,Intersection:  Four-way intersection,Paved,,Property Damage Only,0,0,0,0,0,0,10500,2,2,,POINT (-93.664134617206 41.586316180874)
2014811416,14-477,07/30/2014,07-July,4-Wednesday,00:20,0000 Hours,District 5 (Southeast),,WAYNE,,OHIO,Collision with fixed object:  Ditch,Roadside,Non-collision (single vehicle),Swerving/Evasive Action,Alcohol (< Statutory),,Dark - roadway not lighted,"Mud, dirt",Clear,None apparent,Non-intersection:  Non-junction/no special feature,Unpaved,,Possible/Unknown,0,1,0,0,1,0,2500,1,1,,POINT (-93.26373211058 40.782613429106)
2014810747,14-24556,07/30/2014,07-July,4-Wednesday,13:08,1300 Hours,District 3 (Northwest),SIOUX CITY,WOODBURY,,6TH ST & JACKSON ST,Collision with:  Vehicle in traffic,On Roadway,Broadside (front to side),Ran Traffic Signal,None Indicated,,Daylight,Dry,Cloudy,None apparent,Intersection:  Other intersection (explain in narrative),Paved,,Property Damage Only,0,0,0,0,0,0,5500,2,3,,POINT (-96.401987599919 42.496350496811)
2014810749,14-24583,07/30/2014,07-July,4-Wednesday,17:28,1700 Hours,District 3 (Northwest),SIOUX CITY,WOODBURY,,COOK ST,Collision with:  Vehicle in traffic,On Roadway,Head-on (front to front),Crossed centerline (undivided),None Indicated,,Daylight,Dry,Clear,None apparent,Non-intersection:  Non-junction/no special feature,Paved,,Possible/Unknown,0,1,0,0,1,0,3500,2,4,,POINT (-96.418046769206 42.499653996021)
2014810367,14-005027,07/30/2014,07-July,4-Wednesday,11:06,1100 Hours,District 2 (Northeast),ALGONA,KOSSUTH,US 169,US 169/E STATE ST,Collision with:  Vehicle in traffic,On Roadway,"Sideswipe, same direction",Crossed centerline (undivided),None Indicated,,Daylight,Dry,Cloudy,None apparent,Non-intersection:  Non-junction/no special feature,Paved,,Property Damage Only,0,0,0,0,0,0,5000,2,2,,POINT (-94.230371722189 43.068885492746)
2014810383,14-018368,07/30/2014,07-July,4-Wednesday,07:19,0700 Hours,District 5 (Southeast),,MARION,,Co Rd T17/HWY T17,Collision with fixed object:  Ditch,On Roadway,Non-collision (single vehicle),Swerving/Evasive Action,None Indicated,,Dawn,Dry,Clear,None apparent,Non-intersection:  Non-junction/no special feature,Paved,,Minor Injury,0,1,0,1,0,0,3000,1,1,,POINT (-92.951383117832 41.23818010022)
2014810384,14-018419,07/30/2014,07-July,4-Wednesday,20:02,2000 Hours,District 5 (Southeast),,MARION,,DUBUQUE ST,Non-collision events:  Overturn/rollover,On Roadway,Non-collision (single vehicle),Swerving/Evasive Action,None Indicated,,Dusk,"Mud, dirt",Clear,Ruts/holes/bumps,Intersection:  T-intersection,Unpaved,,Possible/Unknown,0,2,0,0,2,0,5000,1,2,,POINT (-93.327465679624 41.450531168564)
2014810212,CL14002672,07/30/2014,07-July,4-Wednesday,16:40,1600 Hours,District 6 (East Central),CLINTON,CLINTON,,N 3RD ST,Collision with:  Vehicle in traffic,On Roadway,Rear-end (front to rear),Followed too close,None Indicated,,Daylight,Dry,Cloudy,None apparent,Non-intersection:  Non-junction/no special feature,Paved,,Property Damage Only,0,0,0,0,0,0,7000,2,2,,POINT (-90.189834124642 41.850948455329)
2014811352,14-1673,07/30/2014,07-July,4-Wednesday,07:43,0700 Hours,District 1 (Central),URBANDALE,POLK,US 6,US 6/HICKMAN RD,Collision with:  Non-motorist (see non-motorist section - NOT a unit),On Roadway,Non-collision (single vehicle),Other (explain in narrative):  No improper action,None Indicated,,Daylight,Dry,Clear,None apparent,Intersection:  Four-way intersection,Paved,,Major Injury,0,1,1,0,0,0,100,1,1,,POINT (-93.814062763715 41.614877912712)
2014811097,2014044048,07/30/2014,07-July,4-Wednesday,06:25,0600 Hours,District 5 (Southeast),,HENRY,US 34,US 34,Collision with:  Vehicle in traffic,On Roadway,Rear-end (front to rear),FTYROW:  Other (explain in narrative),None Indicated,,Daylight,Dry,Cloudy,None apparent,Non-intersection:  Non-junction/no special feature,Paved,,Fatal,1,0,0,0,0,0,5500,2,2,,POINT (-91.472053092479 40.943256635814)