Iowa DOT Case Number,Law Enforcement Case Number,Date of Crash,Month of Crash,Day of Week,Time of Crash,Hour,DOT District,City Name,County Name,Route with System,Location Description,First Harmful Event,Location of First Harmful Event,Manner of Crash/Collision,Major Cause,Drug or Alcohol ,Environmental Conditions,Light Conditions,Surface Conditions,Weather Conditions,Roadway Contribution,Roadway Type,Roadway Surface,Work Zone,Crash Severity,Number of Fatalities,Number of Injuries,Number of Major Injuries,Number of Minor Injuries,Number of Possible Injuries,Number of Unknown Injuries,Amount of Property Damage,Number of Vehicles Involved,Total Number of Occupants,Travel Direction,Location
2014811712,2014-52849,07/30/2014,07-July,4-Wednesday,11:46,1100 Hours,District 6 (East Central),DAVENPORT,SCOTT,I-74,I-74 & E 53RD ST,Collision with:  Vehicle in traffic,On Roadway,Rear-end (front to rear),Followed too close,None Indicated,,Daylight,Dry,Clear,None apparent,Interchange-related:  Off-ramp,Paved,,Property Damage Only,0,0,0,0,0,0,11500,2,2,,POINT (-90.520251225371 41.574860648392)
2014809692,2014008169,07/30/2014,07-July,4-Wednesday,13:23,1300 Hours,District 6 (East Central),IOWA CITY,JOHNSON,,ROCHESTER AVE & N 1ST AVE,Collision with:  Vehicle in traffic,On Roadway,Broadside (front to side),Ran Traffic Signal,None Indicated,,Daylight,Dry,Clear,None apparent,Intersection:  Four-way intersection,Paved,,Property Damage Only,0,0,0,0,0,0,4800,2,4,,POINT (-91.502114630635 41.666293511982)
2014811444,201400036907,07/30/2014,07-July,4-Wednesday,08:03,0800 Hours,District 5 (Southeast),OTTUMWA,WAPELLO,,LINCOLN AVE & N JEFFERSON ST,Non-collision events:  Other non-collision (explain in narrative),On Roadway,Non-collision (single vehicle),Swerving/Evasive Action,None Indicated,,Daylight,Dry,Clear,None apparent,Non-intersection:  Non-junction/no special feature,Paved,,Possible/Unknown,0,2,0,0,2,0,3500,1,2,,POINT (-92.401502541809 41.023236188453)
2014809552,14-3634,07/30/2014,07-July,4-Wednesday,12:45,1200 Hours,District 1 (Central),WEST DES MOINES,POLK,,UNIVERSITY AVE,Collision with:  Vehicle in traffic,On Roadway,Broadside (front to side),FTYROW:  From stop sign,None Indicated,,Daylight,Dry,Cloudy,None apparent,Intersection:  Four-way intersection,Paved,,Possible/Unknown,0,1,0,0,1,0,4500,2,7,,POINT (-93.753426301656 41.600447466941)
2014810455,14-26790,07/31/2014,07-July,5-Thursday,18:56,1800 Hours,District 5 (Southeast),BURLINGTON,DES MOINES,,HARRISON AVE & SUMMER ST,Collision with:  Vehicle in traffic,On Roadway,Broadside (front to side),Unknown,None Indicated,,Daylight,Dry,Clear,None apparent,Non-intersection:  Non-junction/no special feature,Paved,,Property Damage Only,0,0,0,0,0,0,5000,2,5,,POINT (-91.116049187142 40.78925223931)
2014810374,201402665,07/31/2014,07-July,5-Thursday,16:16,1600 Hours,District 6 (East Central),,LINN,IA 1,IA 1/IOWA 1,Collision with:  Vehicle in traffic,On Roadway,Rear-end (front to rear),Followed too close,None Indicated,,Daylight,Dry,Cloudy,None apparent,Non-intersection:  Non-junction/no special feature,Paved,,Property Damage Only,0,0,0,0,0,0,5500,2,2,,POINT (-91.472025933039 41.876617216249)
2014810373,201402660,07/31/2014,07-July,5-Thursday,01:50,0100 Hours,District 6 (East Central),,LINN,US 30,US 30,Collision with:  Animal,,,Animal,None Indicated,,,,,,,Paved,,Property Damage Only,0,0,0,0,0,0,4500,1,1,,POINT (-91.529700862777 41.926059362627)
2014810331,,07/31/2014,07-July,5-Thursday,02:44,0200 Hours,District 4 (Southwest),,AUDUBON,US 71,US 71,Collision with fixed object:  Ditch,On Roadway,Non-collision (single vehicle),Swerving/Evasive Action,None Indicated,,Dark - roadway not lighted,Dry,Clear,None apparent,Non-intersection:  Non-junction/no special feature,Paved,,Property Damage Only,0,0,0,0,0,0,1500,1,1,,POINT (-94.906777447669 41.669386512002)
2014810520,32061-14,07/31/2014,07-July,5-Thursday,06:15,0600 Hours,District 3 (Northwest),,EMMET,,Co Rd A34/230 ST,Collision with:  Animal,On Roadway,Non-collision (single vehicle),Animal,None Indicated,,,,,,,Paved,,Property Damage Only,0,0,0,0,0,0,1600,1,1,,POINT (-94.770498000045 43.313037252817)
2014810404,20140022087,07/31/2014,07-July,5-Thursday,17:15,1700 Hours,District 1 (Central),DES MOINES,POLK,US 6,US 6/MERLE HAY RD,Collision with:  Vehicle in traffic,On Roadway,Rear-end (front to rear),Other (explain in narrative):  Other,None Indicated,,Daylight,Dry,Cloudy,None apparent,Non-intersection:  Non-junction/no special feature,Paved,,Property Damage Only,0,0,0,0,0,0,5000,2,2,,POINT (-93.697748129838 41.619479812321)
2014810381,14016054,07/31/2014,07-July,5-Thursday,19:02,1900 Hours,District 6 (East Central),MARION,LINN,,44TH ST & 10TH AVE,Collision with:  Non-motorist (see non-motorist section - NOT a unit),On Roadway,Non-collision (single vehicle),Other (explain in narrative):  No improper action,None Indicated,,Daylight,Dry,Clear,None apparent,Non-intersection:  Non-junction/no special feature,Paved,,Minor Injury,0,1,0,1,0,0,2000,1,1,,POINT (-91.562883076073 42.035898224293)
2014809732,20140022040,07/31/2014,07-July,5-Thursday,09:19,0900 Hours,District 1 (Central),DES MOINES,POLK,,42ND ST,Collision with:  Vehicle in traffic,On Roadway,Rear-end (front to rear),Other (explain in narrative):  Other,None Indicated,,Daylight,Dry,Clear,None apparent,Non-intersection:  Non-junction/no special feature,Paved,,Property Damage Only,0,0,0,0,0,0,1500,2,3,,POINT (-93.674405061217 41.599073689154)
2014811061,2014-53151,07/31/2014,07-July,5-Thursday,12:45,1200 Hours,District 6 (East Central),DAVENPORT,SCOTT,,E LOCUST ST & ADAMS ST,Collision with:  Vehicle in traffic,On Roadway,"Angle, oncoming left turn",Improper or erratic lane changing,None Indicated,,Daylight,Dry,Clear,Work Zone (roadway-related),Intersection:  T-intersection,Paved,Yes,Minor Injury,0,2,0,1,1,0,3500,2,6,,POINT (-90.552285918214 41.538360205143)
2014810401,20140022080,07/31/2014,07-July,5-Thursday,15:19,1500 Hours,District 1 (Central),DES MOINES,POLK,,HICKMAN RD & 18TH ST,Collision with:  Vehicle in traffic,On Roadway,Head-on (front to front),FTYROW:  Making left turn,None Indicated,,Daylight,Dry,Clear,None apparent,Intersection:  Four-way intersection,Paved,,Possible/Unknown,0,2,0,0,2,0,12513,2,2,,POINT (-93.641228287489 41.615044167993)
2014811135,14-26763,07/31/2014,07-July,5-Thursday,16:05,1600 Hours,District 5 (Southeast),WEST BURLINGTON,DES MOINES,,S BROADWAY ST,Collision with:  Vehicle in traffic,On Roadway,Rear-end (front to rear),FTYROW:  At uncontrolled intersection,None Indicated,,Daylight,Dry,Clear,None apparent,Non-intersection:  Driveway access (within),Paved,,Possible/Unknown,0,2,0,0,2,0,9000,2,2,,POINT (-91.156799771408 40.814375925087)
2014811099,2014044394,07/31/2014,07-July,5-Thursday,17:00,1700 Hours,District 6 (East Central),SHUEYVILLE,JOHNSON,I-380,I-380 & Co Rd F12/120TH ST,Collision with:  Vehicle in traffic,On Roadway,Rear-end (front to rear),Swerving/Evasive Action,None Indicated,,Daylight,Dry,Cloudy,None apparent,Non-intersection:  Non-junction/no special feature,Paved,,Property Damage Only,0,0,0,0,0,0,7000,2,2,,POINT (-91.665211356043 41.847898630987)
2014810753,14-24714,07/31/2014,07-July,5-Thursday,16:09,1600 Hours,District 3 (Northwest),SIOUX CITY,WOODBURY,,2ND ST & FAIRMOUNT ST,Collision with:  Vehicle in traffic,On Roadway,Rear-end (front to rear),Other (explain in narrative):  Other,None Indicated,,Daylight,Wet,Cloudy,None apparent,Intersection:  Four-way intersection,Paved,,Property Damage Only,0,0,0,0,0,0,3000,2,4,,POINT (-96.374458242251 42.492176804616)
2014810348,142251,07/31/2014,07-July,5-Thursday,21:23,2100 Hours,District 3 (Northwest),,CRAWFORD,US 59,US 59,Collision with:  Animal,On Roadway,Non-collision (single vehicle),Animal,None Indicated,,Dark - roadway not lighted,Dry,Cloudy,None apparent,Non-intersection:  Non-junction/no special feature,Paved,,Possible/Unknown,0,1,0,0,0,1,35500,2,2,,POINT (-95.439415498382 42.19772870234)
2014812177,2014044385,07/31/2014,07-July,5-Thursday,15:30,1500 Hours,District 4 (Southwest),,HARRISON,I-29,I-29,Collision with fixed object:  Curb/island/raised median,On Roadway,Non-collision (single vehicle),Equipment failure,None Indicated,,Daylight,Dry,Clear,None apparent,Non-intersection:  Non-junction/no special feature,Paved,,Minor Injury,0,1,0,1,0,0,1501,1,1,,POINT (-96.051021595727 41.77885021671)
2014809730,20140022031,07/31/2014,07-July,5-Thursday,08:02,0800 Hours,District 1 (Central),DES MOINES,POLK,US 69,US 69/SE 14TH ST,Collision with:  Vehicle in traffic,On Roadway,Rear-end (front to rear),Unknown,None Indicated,,Daylight,Dry,Clear,None apparent,Non-intersection:  Non-junction/no special feature,Paved,,Property Damage Only,0,0,0,0,0,0,1500,2,4,,POINT (-93.596865403889 41.579731474502)
2014810575,14-003271,07/31/2014,07-July,5-Thursday,17:04,1700 Hours,District 1 (Central),ANKENY,POLK,US 69,US 69/N ANKENY BLVD,Collision with:  Vehicle in traffic,On Roadway,Rear-end (front to rear),Driving too fast for conditions,None Indicated,,Daylight,Dry,Cloudy,None apparent,Intersection:  Four-way intersection,Paved,,Property Damage Only,0,0,0,0,0,0,2101,3,6,,POINT (-93.600378395075 41.732132186795)
2014812457,145461,07/31/2014,07-July,5-Thursday,14:18,1400 Hours,District 4 (Southwest),,DALLAS,,T AVE,Collision with fixed object:  Ditch,On Roadway,Non-collision (single vehicle),Ran off road - left,None Indicated,,Daylight,"Mud, dirt",Cloudy,None apparent,Non-intersection:  Non-junction/no special feature,Unpaved,,Possible/Unknown,0,1,0,0,1,0,10000,1,2,,POINT (-93.915963966161 41.595385255871)
2014810346,1407312421,07/31/2014,07-July,5-Thursday,11:25,1100 Hours,District 6 (East Central),,CLINTON,,410 AVE,Collision with fixed object:  Ditch,On Roadway,Non-collision (single vehicle),Ran off road - right,None Indicated,,Daylight,Dry,Cloudy,Ruts/holes/bumps,Non-intersection:  Non-junction/no special feature,Unpaved,,Minor Injury,0,1,0,1,0,0,14300,1,1,,POINT (-90.296314483208 41.96853627145)
2014810402,20140022082,07/31/2014,07-July,5-Thursday,15:30,1500 Hours,District 1 (Central),DES MOINES,POLK,US 69,US 69/E 14TH ST & E COURT AVE,Collision with:  Vehicle in traffic,On Roadway,Broadside (front to side),Unknown,None Indicated,,Daylight,Dry,Clear,None apparent,Non-intersection:  Non-junction/no special feature,Paved,,Property Damage Only,0,0,0,0,0,0,6000,2,2,,POINT (-93.596897497932 41.58972937006)
2014810442,S14-7558,07/31/2014,07-July,5-Thursday,18:00,1800 Hours,District 3 (Northwest),SERGEANT BLUFF,WOODBURY,I-29,I-29,Collision with:  Vehicle in traffic,On Roadway,Rear-end (front to rear),Unknown,None Indicated,,Daylight,Dry,Cloudy,Work Zone (roadway-related),Interchange-related:  On-ramp merge area,Paved,Yes,Property Damage Only,0,0,0,0,0,0,3100,3,3,,POINT (-96.366480622441 42.406066962179)
2014812452,14-24757,07/31/2014,07-July,5-Thursday,23:49,2300 Hours,District 3 (Northwest),SIOUX CITY,WOODBURY,,5TH AVE & S PAXTON ST,Collision with:  Vehicle in traffic,On Roadway,Rear-end (front to rear),Other (explain in narrative):  Other,None Indicated,,Dark - roadway lighted,Dry,Clear,None apparent,Non-intersection:  Driveway access (within),Paved,,Possible/Unknown,0,1,0,0,0,1,7000,2,3,,POINT (-96.365791400662 42.468299812658)
2014810932,,07/31/2014,07-July,5-Thursday,21:15,2100 Hours,District 5 (Southeast),,LUCAS,,Co Rd H50/430TH LN,Collision with:  Vehicle in traffic,Roadside,Broadside (front to side),Ran off road - right,None Indicated,,Dark - roadway not lighted,Dry,Clear,None apparent,Non-intersection:  Non-junction/no special feature,Paved,,Possible/Unknown,0,2,0,0,2,0,14000,2,9,,POINT (-93.382827533587 40.941224465546)
2014810435,891404948,07/31/2014,07-July,5-Thursday,05:40,0500 Hours,District 5 (Southeast),,VAN BUREN,,Co Rd J40/RTE J40,Collision with fixed object:  Ditch,Outside trafficway,Non-collision (single vehicle),Ran off road - right,None Indicated,,Dawn,Dry,Cloudy,None apparent,Non-intersection:  Non-junction/no special feature,Paved,,Minor Injury,0,1,0,1,0,0,8000,1,1,,POINT (-91.814767225337 40.698374009521)
2014813913,2014-53035,07/31/2014,07-July,5-Thursday,01:00,0100 Hours,District 6 (East Central),DAVENPORT,SCOTT,,W LOCUST ST & MYRTLE ST,Collision with:  Vehicle in traffic,On Roadway,"Sideswipe, opposite direction",Crossed centerline (undivided),Drug/Alcohol (Statutory),,Dark - roadway lighted,Dry,Clear,None apparent,Intersection:  T-intersection,Paved,,Major Injury,0,2,1,0,1,0,8000,2,3,,POINT (-90.588862779651 41.53825075213)
2014810344,14004717,07/31/2014,07-July,5-Thursday,14:18,1400 Hours,District 2 (Northeast),MASON CITY,CERRO GORDO,US 65,US 65/S FEDERAL AVE & 22ND ST SE,Collision with:  Vehicle in traffic,On Roadway,Broadside (front to side),FTYROW:  From stop sign,None Indicated,,Daylight,Dry,Clear,None apparent,Intersection:  T-intersection,Paved,,Property Damage Only,0,0,0,0,0,0,5500,2,3,,POINT (-93.201105056635 43.130541511254)
2014810417,14-001744,07/31/2014,07-July,5-Thursday,17:40,1700 Hours,District 1 (Central),ALTOONA,POLK,,1ST AVE S,Collision with:  Vehicle in traffic,On Roadway,Rear-end (front to rear),Driving too fast for conditions,None Indicated,,Daylight,Dry,Cloudy,None apparent,Non-intersection:  Non-junction/no special feature,Paved,,Property Damage Only,0,0,0,0,0,0,2000,2,2,,POINT (-93.464634860724 41.645230042106)
2014811231,14-24721,07/31/2014,07-July,5-Thursday,18:11,1800 Hours,District 3 (Northwest),SIOUX CITY,WOODBURY,,11TH ST & STEUBEN ST,Collision with:  Vehicle in traffic,On Roadway,"Sideswipe, same direction",Other (explain in narrative):  Other,None Indicated,,Daylight,Dry,Clear,None apparent,Non-intersection:  Non-junction/no special feature,Paved,,Property Damage Only,0,0,0,0,0,0,4500,3,2,,POINT (-96.388943677627 42.501978005706)
2014809749,14-000879,07/31/2014,07-July,5-Thursday,12:05,1200 Hours,District 1 (Central),,STORY,,Co Rd R63/180TH ST,Collision with fixed object:  Ditch,On Roadway,Non-collision (single vehicle),Swerving/Evasive Action,None Indicated,,Daylight,"Mud, dirt",Cloudy,None apparent,Non-intersection:  Non-junction/no special feature,Unpaved,,Property Damage Only,0,0,0,0,0,0,6500,1,2,,POINT (-93.594923169911 42.092232519259)
2014810831,,07/31/2014,07-July,5-Thursday,10:00,1000 Hours,District 6 (East Central),,JOHNSON,IA 1,IA 1/IOWA 1,Collision with:  Animal,On Roadway,Non-collision (single vehicle),Animal,None Indicated,,Daylight,Dry,Cloudy,,Non-intersection:  Driveway access (within),Paved,,Property Damage Only,0,0,0,0,0,0,1500,1,2,,POINT (-91.648954884718 41.612991267337)
2014815786,GP14000124,07/31/2014,07-July,5-Thursday,13:45,1300 Hours,District 2 (Northeast),GOLDFIELD,WRIGHT,,OAK ST & PINE ST,Collision with:  Vehicle in traffic,On Roadway,Broadside (front to side),FTYROW:  From yield sign,None Indicated,,Daylight,Dry,Clear,None apparent,Intersection:  Four-way intersection,Paved,,Property Damage Only,0,0,0,0,0,0,3500,2,2,,POINT (-93.916667008611 42.736296482522)
2014809715,1407311-A,07/31/2014,07-July,5-Thursday,11:42,1100 Hours,District 4 (Southwest),RED OAK,MONTGOMERY,US 34,US 34 & 8TH ST,Collision with:  Vehicle in traffic,On Roadway,Broadside (front to side),FTYROW:  From stop sign,None Indicated,,Daylight,Dry,Clear,None apparent,Intersection:  Four-way intersection,Paved,,Property Damage Only,0,0,0,0,0,0,25000,2,7,,POINT (-95.223381060961 41.025940594771)
2014810573,14-003267,07/31/2014,07-July,5-Thursday,15:24,1500 Hours,District 1 (Central),ANKENY,POLK,,SE MAGAZINE RD,Collision with:  Vehicle in traffic,On Roadway,Rear-end (front to rear),Other (explain in narrative):  Other,None Indicated,,Daylight,Dry,Clear,None apparent,Non-intersection:  Non-junction/no special feature,Paved,,Property Damage Only,0,0,0,0,0,0,2500,2,2,,POINT (-93.598329557999 41.717371321303)
2014810682,2014-53206,07/31/2014,07-July,5-Thursday,16:37,1600 Hours,District 6 (East Central),DAVENPORT,SCOTT,,E LOCUST ST & SPRING ST,Collision with:  Vehicle in traffic,On Roadway,"Sideswipe, same direction",Swerving/Evasive Action,None Indicated,,Daylight,Dry,Clear,None apparent,Non-intersection:  Non-junction/no special feature,Paved,,Possible/Unknown,0,1,0,0,1,0,4000,2,3,,POINT (-90.549061254726 41.538363532261)
2014809733,20140022043,07/31/2014,07-July,5-Thursday,09:55,0900 Hours,District 1 (Central),DES MOINES,POLK,IA 163,IA 163/E UNIVERSITY AVE & IOWA STATE FAIRGROUNDS,Collision with:  Vehicle in traffic,On Roadway,Rear-end (front to rear),Other (explain in narrative):  Other,None Indicated,,Daylight,Dry,Clear,None apparent,Non-intersection:  Non-junction/no special feature,Paved,,Property Damage Only,0,0,0,0,0,0,4000,2,2,,POINT (-93.552753516721 41.600542608755)
2014820696,2014-61-AC,07/31/2014,07-July,5-Thursday,20:30,2000 Hours,District 3 (Northwest),LAKE PARK,DICKINSON,,100TH ST & 180TH AVE,Collision with fixed object:  Ditch,On Roadway,Non-collision (single vehicle),"Operating vehicle in an reckless, erratic, careless, negligent manner",None Indicated,,Dusk,Dry,Clear,None apparent,Non-intersection:  Non-junction/no special feature,Unpaved,,Possible/Unknown,0,2,0,0,1,1,4000,1,2,,POINT (-95.231204622237 43.50057026777)
2014810966,14013018,07/31/2014,07-July,5-Thursday,15:10,1500 Hours,District 2 (Northeast),MASON CITY,CERRO GORDO,IA 122,IA 122/4TH ST SW & S POLK AVE,Collision with:  Vehicle in traffic,On Roadway,Broadside (front to side),Ran Traffic Signal,None Indicated,,Daylight,Dry,Cloudy,None apparent,Intersection:  Four-way intersection,Paved,,Property Damage Only,0,0,0,0,0,0,7000,2,2,,POINT (-93.216105911387 43.148361807866)
2014810669,S79140258,07/31/2014,07-July,5-Thursday,21:00,2100 Hours,District 1 (Central),,POWESHIEK,,155TH ST,Collision with fixed object:  Ditch,Shoulder,Non-collision (single vehicle),Ran off road - right,Refused,,Daylight,"Mud, dirt",Cloudy,None apparent,Non-intersection:  Driveway access (within),Unpaved,,Possible/Unknown,0,1,0,0,1,0,5000,1,1,,POINT (-92.479815564491 41.594398514913)
2014810389,1400000664,07/31/2014,07-July,5-Thursday,11:35,1100 Hours,District 1 (Central),,MARSHALL,,Co Rd E41/MARSHALLTOWN BLVD,Collision with:  Vehicle in traffic,On Roadway,Unknown,Unknown,None Indicated,,Daylight,Dry,Clear,Other (explain in narrative),Non-intersection:  Non-junction/no special feature,Paved,,Possible/Unknown,0,1,0,0,1,0,1500,2,2,,POINT (-92.974281325206 42.028762320303)
2014812271,201402664,07/31/2014,07-July,5-Thursday,13:00,1300 Hours,District 6 (East Central),,LINN,,Co Rd E66/76TH AVE SW,Non-collision events:  Other non-collision (explain in narrative),On Roadway,Non-collision (single vehicle),Over correcting/over steering,None Indicated,,Daylight,"Mud, dirt",Clear,"Surface condition (e.g., wet, icy)",Non-intersection:  Non-junction/no special feature,Unpaved,,Property Damage Only,0,0,0,0,0,0,4500,1,1,,POINT (-91.747333674694 41.905565507183)
2014811714,2014-53114,07/31/2014,07-July,5-Thursday,10:00,1000 Hours,District 6 (East Central),DAVENPORT,SCOTT,,W LOCUST ST,Collision with:  Vehicle in traffic,On Roadway,Head-on (front to front),Made improper turn,None Indicated,,Daylight,Dry,Clear,None apparent,Non-intersection:  Non-junction/no special feature,Paved,,Possible/Unknown,0,1,0,0,1,0,12000,2,3,,POINT (-90.615703305926 41.538216278046)
2014809709,201411074,07/31/2014,07-July,5-Thursday,08:10,0800 Hours,District 6 (East Central),CEDAR RAPIDS,LINN,US 30,US 30/LINCOLN FWY,Collision with:  Vehicle in traffic,On Roadway,Rear-end (front to rear),Followed too close,None Indicated,,Daylight,Dry,Clear,None apparent,Non-intersection:  Non-junction/no special feature,Paved,,Minor Injury,0,1,0,1,0,0,4500,2,3,,POINT (-91.647406817832 41.926785986929)
2014810543,14-023436,07/31/2014,07-July,5-Thursday,05:45,0500 Hours,District 5 (Southeast),,LEE,IA 16,IA 16/IOWA 16,Collision with:  Animal,,,Animal,None Indicated,,,,,,,Paved,,Property Damage Only,0,0,0,0,0,0,2000,1,1,,POINT (-91.552413680222 40.784401168735)
2014810356,14-005290,07/31/2014,07-July,5-Thursday,21:06,2100 Hours,District 1 (Central),,HAMILTON,I-35,I-35,Non-collision events:  Overturn/rollover,On Roadway,Non-collision (single vehicle),Crossed centerline (undivided),None Indicated,,Dark - roadway not lighted,Dry,Cloudy,None apparent,Interchange-related:  Off-ramp,Paved,,Possible/Unknown,0,1,0,0,1,0,11500,2,3,,POINT (-93.56953595151 42.306045029572)
2014814458,2014044411,07/31/2014,07-July,5-Thursday,18:00,1800 Hours,District 6 (East Central),BENNETT,CEDAR,I-80,I-80,Non-collision events:  Other non-collision (explain in narrative),Median,Non-collision (single vehicle),Crossed centerline (undivided),None Indicated,,Daylight,Dry,Clear,Debris,Non-intersection:  Non-junction/no special feature,Paved,,Property Damage Only,0,0,0,0,0,0,19600,3,4,,POINT (-91.085659338442 41.644510573975)
2014810683,2014-53248,07/31/2014,07-July,5-Thursday,19:44,1900 Hours,District 6 (East Central),DAVENPORT,SCOTT,,E LOCUST ST,Collision with:  Vehicle in traffic,On Roadway,Rear-end (front to rear),Other (explain in narrative):  Other,None Indicated,,Dusk,Dry,Clear,None apparent,Non-intersection:  Non-junction/no special feature,Paved,,Possible/Unknown,0,1,0,0,1,0,18000,4,5,,POINT (-90.571612046996 41.538283834126)
2014811119,,07/31/2014,07-July,5-Thursday,16:45,1600 Hours,District 6 (East Central),CEDAR RAPIDS,LINN,,C AVE NE,Collision with:  Vehicle in traffic,On Roadway,Broadside (front to side),Unknown,None Indicated,,Daylight,Dry,Clear,,Non-intersection:  Non-junction/no special feature,Paved,,Property Damage Only,0,0,0,0,0,0,8500,2,2,,POINT (-91.638524384414 42.03527146298)
2014809734,20140022044,07/31/2014,07-July,5-Thursday,10:00,1000 Hours,District 1 (Central),DES MOINES,POLK,US 6,US 6/DOUGLAS AVE & 36TH ST,Collision with:  Vehicle in traffic,On Roadway,Rear-end (front to rear),Followed too close,None Indicated,,Daylight,Dry,Clear,None apparent,Intersection:  T-intersection,Paved,,Property Damage Only,0,0,0,0,0,0,4000,2,6,,POINT (-93.665394367871 41.629534506347)
2014816909,,07/31/2014,07-July,5-Thursday,16:30,1600 Hours,District 2 (Northeast),CLEAR LAKE,CERRO GORDO,,2ND AVE N & N 4TH ST,Collision with:  Vehicle in traffic,On Roadway,Broadside (front to side),FTYROW:  From yield sign,None Indicated,,Daylight,Dry,Cloudy,None apparent,Intersection:  Four-way intersection,Paved,,Minor Injury,0,1,0,1,0,0,6000,2,2,,POINT (-93.382609663632 43.138029851131)
2014810513,01-14-33810,07/31/2014,07-July,5-Thursday,07:53,0700 Hours,District 6 (East Central),DUBUQUE,DUBUQUE,,UNIVERSITY AVE,Collision with:  Vehicle in traffic,On Roadway,Rear-end (front to rear),FTYROW:  From driveway,None Indicated,,Daylight,Dry,Clear,None apparent,Non-intersection:  Driveway access (within),Paved,,Property Damage Only,0,0,0,0,0,0,7500,2,5,,POINT (-90.703676233512 42.496188402084)
2014810926,2014044391,07/31/2014,07-July,5-Thursday,16:10,1600 Hours,District 6 (East Central),,JOHNSON,I-380,I-380,Non-collision events:  Other non-collision (explain in narrative),On Roadway,Rear-end (front to rear),Crossed centerline (undivided),None Indicated,,Daylight,Dry,Clear,None apparent,Non-intersection:  Non-junction/no special feature,Paved,,Property Damage Only,0,0,0,0,0,0,4000,2,3,,POINT (-91.646653379468 41.780212411617)
2014810730,14-24709,07/31/2014,07-July,5-Thursday,15:31,1500 Hours,District 3 (Northwest),SIOUX CITY,WOODBURY,,W 8TH ST & PANOAH ST,Collision with:  Vehicle in traffic,On Roadway,"Angle, oncoming left turn",FTYROW:  Making left turn,None Indicated,,Daylight,Wet,Rain,None apparent,Intersection:  Four-way intersection,Paved,,Possible/Unknown,0,2,0,0,2,0,10000,2,3,,POINT (-96.418934691678 42.504778032234)
2014811713,2014-53086,07/31/2014,07-July,5-Thursday,08:41,0800 Hours,District 6 (East Central),DAVENPORT,SCOTT,,E 29TH ST & EASTERN AVE,Collision with fixed object:  Utility pole/light support,On Roadway,Non-collision (single vehicle),Lost Control,Drug,,Daylight,Dry,Clear,None apparent,Non-intersection:  Non-junction/no special feature,Paved,,Possible/Unknown,0,1,0,0,1,0,3000,1,3,,POINT (-90.551395128184 41.549256964608)
2014820697,2014-63-AC,07/31/2014,07-July,5-Thursday,12:30,1200 Hours,District 3 (Northwest),,DICKINSON,,100TH ST & 180TH AVE,Collision with fixed object:  Ditch,On Roadway,Non-collision (single vehicle),Driving too fast for conditions,None Indicated,,Daylight,Dry,Clear,None apparent,Non-intersection:  Non-junction/no special feature,Unpaved,,Possible/Unknown,0,1,0,0,1,0,4000,1,1,,POINT (-95.231166878622 43.500552997579)
2014809739,14-3662,07/31/2014,07-July,5-Thursday,11:20,1100 Hours,District 1 (Central),WEST DES MOINES,POLK,I-235,I-235,Collision with:  Vehicle in traffic,On Roadway,"Sideswipe, same direction",FTYROW:  Other (explain in narrative),None Indicated,,Daylight,Dry,Clear,None apparent,Non-intersection:  Non-junction/no special feature,Paved,,Property Damage Only,0,0,0,0,0,0,10500,2,3,,POINT (-93.744488791069 41.592300124477)
2014810426,14-032020,07/31/2014,07-July,5-Thursday,14:16,1400 Hours,District 4 (Southwest),COUNCIL BLUFFS,POTTAWATTAMIE,I-80,I-80,,On Roadway,Non-collision (single vehicle),Separation of units,None Indicated,,Daylight,Dry,Cloudy,None apparent,Non-intersection:  Non-junction/no special feature,Paved,,Property Damage Only,0,0,0,0,0,0,10000,1,2,,POINT (-95.799310706597 41.265324676137)
2014813453,145679PD,07/31/2014,07-July,5-Thursday,16:35,1600 Hours,District 1 (Central),BOONE,BOONE,,S MARSHALL ST,Collision with:  Vehicle in traffic,On Roadway,Head-on (front to front),Swerving/Evasive Action,None Indicated,,Daylight,Dry,Cloudy,None apparent,Non-intersection:  Non-junction/no special feature,Paved,,Property Damage Only,0,0,0,0,0,0,5000,2,3,,POINT (-93.878267452639 42.041535708156)
2014826620,14-017769,07/31/2014,07-July,5-Thursday,23:28,2300 Hours,District 5 (Southeast),,MAHASKA,IA 92,IA 92/IOWA 92,Non-collision events:  Overturn/rollover,On Roadway,Non-collision (single vehicle),Swerving/Evasive Action,None Indicated,,Dark - roadway not lighted,Dry,Clear,Other (explain in narrative),Non-intersection:  Non-junction/no special feature,Paved,,Property Damage Only,0,0,0,0,0,0,8000,1,1,,POINT (-92.450183242748 41.328756649756)
2014810405,20140022099,07/31/2014,07-July,5-Thursday,18:46,1800 Hours,District 1 (Central),DES MOINES,POLK,,SCOTT AVE & SE 30TH ST,Collision with:  Vehicle in traffic,On Roadway,Broadside (front to side),Ran Traffic Signal,None Indicated,,Daylight,Dry,Cloudy,None apparent,Intersection:  Four-way intersection,Paved,,Minor Injury,0,3,0,3,0,0,14000,2,3,,POINT (-93.558324500859 41.584185530574)
2014810574,14-003265,07/31/2014,07-July,5-Thursday,14:24,1400 Hours,District 1 (Central),ANKENY,POLK,US 69,US 69/S ANKENY BLVD & SE SHURFINE DR,Collision with:  Vehicle in traffic,On Roadway,Rear-end (front to rear),Other (explain in narrative):  Other,None Indicated,,Daylight,Dry,Clear,None apparent,Intersection:  T-intersection,Paved,,Property Damage Only,0,0,0,0,0,0,2500,2,3,,POINT (-93.600514995592 41.711937671887)