Iowa DOT Case Number,Law Enforcement Case Number,Date of Crash,Month of Crash,Day of Week,Time of Crash,Hour,DOT District,City Name,County Name,Route with System,Location Description,First Harmful Event,Location of First Harmful Event,Manner of Crash/Collision,Major Cause,Drug or Alcohol ,Environmental Conditions,Light Conditions,Surface Conditions,Weather Conditions,Roadway Contribution,Roadway Type,Roadway Surface,Work Zone,Crash Severity,Number of Fatalities,Number of Injuries,Number of Major Injuries,Number of Minor Injuries,Number of Possible Injuries,Number of Unknown Injuries,Amount of Property Damage,Number of Vehicles Involved,Total Number of Occupants,Travel Direction,Location
2014814403,14-005751,08/01/2014,08-August,6-Friday,07:39,0700 Hours,District 4 (Southwest),PERRY,DALLAS,,15TH ST,Collision with:  Vehicle in traffic,On Roadway,Broadside (front to side),FTYROW:  From parked position,None Indicated,,Daylight,Dry,Clear,None apparent,Non-intersection:  Other non-intersection (explain in narrative),Paved,,Property Damage Only,0,0,0,0,0,0,6000,2,2,,POINT (-94.088231295884 41.836980567611)
2014810415,14-3677,08/01/2014,08-August,6-Friday,00:39,0000 Hours,District 1 (Central),WEST DES MOINES,POLK,,S 60TH ST,Collision with fixed object:  Curb/island/raised median,Median,Non-collision (single vehicle),Lost Control,None Indicated,,Dark - roadway lighted,Dry,Clear,None apparent,Non-intersection:  Non-junction/no special feature,Paved,,Possible/Unknown,0,1,0,0,0,1,1600,1,1,,POINT (-93.790504725574 41.560035276005)
2014810406,20140022124,08/01/2014,08-August,6-Friday,00:19,0000 Hours,District 1 (Central),DES MOINES,POLK,US 6,US 6/DOUGLAS AVE,Collision with:  Vehicle in traffic,On Roadway,"Sideswipe, same direction","Operating vehicle in an reckless, erratic, careless, negligent manner",Refused,,Dark - roadway lighted,Dry,Clear,None apparent,Non-intersection:  Non-junction/no special feature,Paved,,Property Damage Only,0,0,0,0,0,0,13000,2,2,,POINT (-93.677675170655 41.629480776738)
2014810535,2014008245,08/01/2014,08-August,6-Friday,14:21,1400 Hours,District 6 (East Central),IOWA CITY,JOHNSON,US 6,US 6 & SYCAMORE ST,Collision with:  Vehicle in traffic,On Roadway,Rear-end (front to rear),Followed too close,None Indicated,,Daylight,Dry,Clear,None apparent,Intersection:  Four-way intersection,Paved,,Property Damage Only,0,0,0,0,0,0,4000,2,3,,POINT (-91.511630523247 41.641143928478)
2014810380,14016128,08/01/2014,08-August,6-Friday,13:32,1300 Hours,District 6 (East Central),MARION,LINN,,8TH AVE & 10TH ST,Collision with:  Vehicle in traffic,On Roadway,Rear-end (front to rear),Other (explain in narrative):  Other,None Indicated,,Daylight,Dry,Clear,None apparent,Intersection:  Four-way intersection,Paved,,Possible/Unknown,0,1,0,0,1,0,1000,2,3,,POINT (-91.599332971514 42.034196387811)
2014810659,14-032248,08/01/2014,08-August,6-Friday,20:37,2000 Hours,District 4 (Southwest),COUNCIL BLUFFS,POTTAWATTAMIE,,HARMONY ST & HARRISON ST,Collision with:  Parked motor vehicle,On Roadway,"Sideswipe, same direction",Oversized Load/Vehicle,None Indicated,,Dusk,Dry,Clear,None apparent,Intersection:  T-intersection,Paved,,Property Damage Only,0,0,0,0,0,0,1500,2,1,,POINT (-95.844483826297 41.265999857224)
2014810725,14-2321,08/01/2014,08-August,6-Friday,07:10,0700 Hours,District 1 (Central),FORT DODGE,WEBSTER,,D ST W,Collision with:  Parked motor vehicle,Roadside,Broadside (front to side),Improper Backing,None Indicated,,Daylight,Dry,Clear,None apparent,Non-intersection:  Non-junction/no special feature,Paved,,Property Damage Only,0,0,0,0,0,0,1600,2,1,,POINT (-94.211789320489 42.48720756004)
2014810349,142252,08/01/2014,08-August,6-Friday,03:00,0300 Hours,District 3 (Northwest),,CRAWFORD,IA 141,IA 141/IOWA 141,Non-collision events:  Other non-collision (explain in narrative),Shoulder,Non-collision (single vehicle),Swerving/Evasive Action,Alcohol (Statutory),,Dark - roadway not lighted,Dry,Clear,None apparent,Non-intersection:  Non-junction/no special feature,Paved,,Property Damage Only,0,0,0,0,0,0,1500,1,1,,POINT (-95.605332224832 42.067487682108)
2014810391,SO14001826,08/01/2014,08-August,6-Friday,14:18,1400 Hours,District 3 (Northwest),,PLYMOUTH,IA 60,IA 60/IOWA 60,Non-collision events:  Other non-collision (explain in narrative),On Roadway,Non-collision (single vehicle),Swerving/Evasive Action,None Indicated,,Daylight,Dry,Clear,Debris,Non-intersection:  Non-junction/no special feature,Paved,,Property Damage Only,0,0,0,0,0,0,2000,1,1,,POINT (-96.091976466657 42.892012120871)
2014811745,14-000985,08/01/2014,08-August,6-Friday,08:00,0800 Hours,District 1 (Central),AMES,STORY,,MORRILL RD,Collision with:  Vehicle in traffic,Outside trafficway,Broadside (front to side),FTYROW:  From parked position,None Indicated,,Daylight,Dry,Clear,None apparent,Non-intersection:  Non-junction/no special feature,Paved,,Property Damage Only,0,0,0,0,0,0,4000,2,2,,POINT (-93.647980896171 42.027791790884)
2014810590,20140022217,08/01/2014,08-August,6-Friday,20:01,2000 Hours,District 1 (Central),DES MOINES,POLK,US 69,US 69/SE 14TH ST & E CRESTON AVE,Collision with:  Vehicle in traffic,On Roadway,Rear-end (front to rear),Followed too close,None Indicated,,Dusk,Dry,Clear,None apparent,Non-intersection:  Non-junction/no special feature,Paved,,Property Damage Only,0,0,0,0,0,0,4000,2,3,,POINT (-93.596900244845 41.561365442892)
2014810639,14-3689,08/01/2014,08-August,6-Friday,16:34,1600 Hours,District 1 (Central),WEST DES MOINES,POLK,,WESTOWN PKWY & 22ND ST,Collision with:  Vehicle in traffic,On Roadway,Rear-end (front to rear),Followed too close,None Indicated,,Daylight,Dry,Cloudy,None apparent,Intersection:  Four-way intersection,Paved,,Possible/Unknown,0,1,0,0,1,0,10500,3,4,,POINT (-93.736059295202 41.596993118397)
2014810856,14016411,08/01/2014,08-August,6-Friday,21:30,2100 Hours,District 6 (East Central),MARION,LINN,,7TH AVE & 26TH ST,Collision with:  Vehicle in traffic,On Roadway,Rear-end (front to rear),Followed too close,None Indicated,,Dark - roadway lighted,Dry,Clear,None apparent,Non-intersection:  Non-junction/no special feature,Paved,,Property Damage Only,0,0,0,0,0,0,3000,2,2,,POINT (-91.584675364335 42.033269026182)
2014810647,14-0662,08/01/2014,08-August,6-Friday,13:21,1300 Hours,District 1 (Central),WINDSOR HEIGHTS,POLK,IA 28,IA 28/63RD ST,Collision with:  Vehicle in traffic,On Roadway,Rear-end (front to rear),Driving too fast for conditions,None Indicated,,Daylight,Dry,Cloudy,None apparent,Non-intersection:  Non-junction/no special feature,Paved,,Possible/Unknown,0,1,0,0,1,0,6000,3,4,,POINT (-93.703715427077 41.601960464749)
2014810410,20140022142,08/01/2014,08-August,6-Friday,07:55,0700 Hours,District 1 (Central),DES MOINES,POLK,I-235,I-235 & 9TH ST,Collision with:  Vehicle in traffic,On Roadway,Rear-end (front to rear),Followed too close,None Indicated,,Daylight,Dry,Clear,None apparent,Non-intersection:  Non-junction/no special feature,Paved,,Possible/Unknown,0,2,0,0,2,0,7000,2,7,,POINT (-93.629326907771 41.595816464073)
2014810654,S14-002964,08/01/2014,08-August,6-Friday,11:30,1100 Hours,District 4 (Southwest),,POTTAWATTAMIE,US 6,US 6 & Co Rd G60/MCPHERSON AVE & 260TH ST,Collision with:  Vehicle in traffic,On Roadway,"Sideswipe, same direction",FTYROW:  Other (explain in narrative),None Indicated,,Daylight,Dry,Clear,None apparent,Intersection:  Four-way intersection,Paved,,Property Damage Only,0,0,0,0,0,0,4000,2,2,,POINT (-95.689116240919 41.289550788176)
2014810734,14-24846,08/01/2014,08-August,6-Friday,18:51,1800 Hours,District 3 (Northwest),SIOUX CITY,WOODBURY,US 20,US 20/RAMP,Non-collision events:  Other non-collision (explain in narrative),On Roadway,Non-collision (single vehicle),Other (explain in narrative):  No improper action,None Indicated,,Daylight,Dry,Clear,Obstruction in roadway,Non-intersection:  Other non-intersection (explain in narrative),Paved,,Property Damage Only,0,0,0,0,0,0,4000,1,2,,POINT (-96.32609425447 42.460977653392)
2014810547,201411152,08/01/2014,08-August,6-Friday,12:08,1200 Hours,District 6 (East Central),CEDAR RAPIDS,LINN,IA 922,IA 922/1ST AVE E & 10TH ST SE & 10TH ST NE,Collision with:  Vehicle in traffic,On Roadway,Rear-end (front to rear),Lost Control,None Indicated,,Daylight,Dry,Cloudy,None apparent,Non-intersection:  Non-junction/no special feature,Paved,,Property Damage Only,0,0,0,0,0,0,3000,2,3,,POINT (-91.659841160485 41.983798675724)
2014812502,01-14-33967,08/01/2014,08-August,6-Friday,01:11,0100 Hours,District 6 (East Central),DUBUQUE,DUBUQUE,,W LOCUST ST,Collision with:  Vehicle in traffic,On Roadway,Rear-end (front to rear),"Operating vehicle in an reckless, erratic, careless, negligent manner",Alcohol (Statutory),,Dark - roadway lighted,Dry,Clear,None apparent,Non-intersection:  Non-junction/no special feature,Paved,,Property Damage Only,0,0,0,0,0,0,6000,2,1,,POINT (-90.683844702019 42.509269947114)
2014811768,14-000894,08/01/2014,08-August,6-Friday,14:15,1400 Hours,District 1 (Central),JOHNSTON,POLK,,NW 62ND AVE,Collision with:  Vehicle in traffic,On Roadway,Broadside (front to side),FTYROW:  From yield sign,None Indicated,,Daylight,Dry,Clear,None apparent,Intersection:  Other intersection (explain in narrative),Paved,,Property Damage Only,0,0,0,0,0,0,4500,2,2,,POINT (-93.720522652179 41.672661590307)
2014811586,PD1406604,08/01/2014,08-August,6-Friday,12:31,1200 Hours,District 5 (Southeast),FAIRFIELD,JEFFERSON,IA 1,IA 1/S MAIN ST,Collision with:  Vehicle in traffic,On Roadway,Rear-end (front to rear),Followed too close,None Indicated,,Daylight,Dry,Clear,None apparent,Intersection:  Four-way intersection,Paved,,Property Damage Only,0,0,0,0,0,0,2700,2,2,,POINT (-91.96378332359 41.006133549348)
2014810808,2014044697,08/01/2014,08-August,6-Friday,05:55,0500 Hours,District 1 (Central),,POLK,I-80,I-80 & NE 38TH ST,Collision with:  Vehicle in traffic,On Roadway,Rear-end (front to rear),Followed too close,None Indicated,,Daylight,Dry,Clear,None apparent,Non-intersection:  Non-junction/no special feature,Paved,,Property Damage Only,0,0,0,0,0,0,6000,2,6,,POINT (-93.543242375546 41.656882966434)
2014811722,2014-53488,08/01/2014,08-August,6-Friday,18:13,1800 Hours,District 6 (East Central),DAVENPORT,SCOTT,,W LOCUST ST & CEDAR ST,Collision with:  Vehicle in traffic,On Roadway,Broadside (front to side),FTYROW:  From stop sign,None Indicated,,Daylight,Dry,Cloudy,None apparent,Intersection:  T-intersection,Paved,,Property Damage Only,0,0,0,0,0,0,3600,2,4,,POINT (-90.609289107815 41.538245150981)
2014810551,201411154,08/01/2014,08-August,6-Friday,12:13,1200 Hours,District 6 (East Central),CEDAR RAPIDS,LINN,IA 922,IA 922/1ST AVE W,Collision with:  Vehicle in traffic,On Roadway,Rear-end (front to rear),Other (explain in narrative):  Other,None Indicated,,Daylight,Dry,Cloudy,None apparent,Intersection:  T-intersection,Paved,,Minor Injury,0,2,0,1,1,0,34000,3,4,,POINT (-91.680529705802 41.97394214044)
2014811878,20140022216,08/01/2014,08-August,6-Friday,20:10,2000 Hours,District 1 (Central),DES MOINES,POLK,,SW 4TH ST,Collision with:  Parked motor vehicle,Outside trafficway,"Sideswipe, opposite direction",Illegally Parked/Unattended,None Indicated,,Dusk,Dry,Clear,None apparent,Non-intersection:  Railroad grade crossing,Unpaved,,Property Damage Only,0,0,0,0,0,0,4000,2,2,,POINT (-93.620671132303 41.581569011919)
2014811144,01-14-34117,08/01/2014,08-August,6-Friday,18:16,1800 Hours,District 6 (East Central),DUBUQUE,DUBUQUE,US 52,US 52/CENTRAL AVE & W 10TH ST & E 10TH ST,Collision with:  Vehicle in traffic,On Roadway,Broadside (front to side),FTYROW:  From stop sign,None Indicated,,Daylight,Dry,Clear,None apparent,Intersection:  Four-way intersection,Paved,,Property Damage Only,0,0,0,0,0,0,2500,2,3,,POINT (-90.665988063295 42.503090115351)
2014810527,14113416,08/01/2014,08-August,6-Friday,16:41,1600 Hours,District 6 (East Central),OXFORD,JOHNSON,US 6,US 6 & LOWER OLD HWY 6 RD,Collision with:  Vehicle in traffic,On Roadway,Rear-end (front to rear),Followed too close,None Indicated,,Daylight,Dry,Clear,None apparent,Non-intersection:  Non-junction/no special feature,Paved,,Possible/Unknown,0,1,0,0,1,0,9000,2,4,,POINT (-91.742603340174 41.722983711064)
2014811975,SO140306,08/01/2014,08-August,6-Friday,19:01,1900 Hours,District 4 (Southwest),CORNING,ADAMS,,15TH ST & JOHN ST,Collision with:  Vehicle in traffic,On Roadway,Broadside (front to side),Ran Stop Sign,None Indicated,,Daylight,Dry,Clear,None apparent,Intersection:  Four-way intersection,Paved,,Possible/Unknown,0,1,0,0,1,0,7000,2,2,,POINT (-94.730480997895 40.996467152959)
2014810549,201411162,08/01/2014,08-August,6-Friday,15:05,1500 Hours,District 6 (East Central),CEDAR RAPIDS,LINN,I-380,I-380 & E AVE & 1ST ST NE & A AVE NE,Collision with:  Vehicle in traffic,On Roadway,Broadside (front to side),Ran Traffic Signal,None Indicated,,Daylight,Dry,Cloudy,None apparent,Intersection:  Four-way intersection,Paved,,Property Damage Only,0,0,0,0,0,0,5500,2,3,,POINT (-91.671197407455 41.979292390269)
2014810657,14-032215,08/01/2014,08-August,6-Friday,16:48,1600 Hours,District 4 (Southwest),COUNCIL BLUFFS,POTTAWATTAMIE,I-29,I-29 & IA 192/S EXPRESSWAY,Collision with:  Vehicle in traffic,On Roadway,"Sideswipe, same direction",Crossed centerline (undivided),None Indicated,,Daylight,Dry,Clear,None apparent,Non-intersection:  Non-junction/no special feature,Paved,,Property Damage Only,0,0,0,0,0,0,2000,2,3,,POINT (-95.851316731227 41.232110833706)
2014810719,14003549,08/01/2014,08-August,6-Friday,16:54,1600 Hours,District 1 (Central),AMES,STORY,,Co Rd R38/SOUTH DAKOTA AVE & MORTENSON RD,Collision with:  Vehicle in traffic,On Roadway,Rear-end (front to rear),Other (explain in narrative):  Other,None Indicated,,Daylight,Dry,Clear,None apparent,Intersection:  Four-way intersection,Paved,,Property Damage Only,0,0,0,0,0,0,1800,2,2,,POINT (-93.678654241653 42.012123226936)
2014856951,14-120801-01,08/01/2014,08-August,6-Friday,14:25,1400 Hours,District 6 (East Central),,IOWA,I-80,I-80,Collision with:  Vehicle in traffic,On Roadway,"Sideswipe, same direction",Other (explain in narrative):  Other,None Indicated,,Daylight,Dry,Cloudy,None apparent,Non-intersection:  Non-junction/no special feature,Paved,,Property Damage Only,0,0,0,0,0,0,6000,2,5,,POINT (-92.059481643099 41.688194177335)
2014811546,01-14-34034,08/01/2014,08-August,6-Friday,13:04,1300 Hours,District 6 (East Central),DUBUQUE,DUBUQUE,,ROSEDALE AVE & ASBURY RD,Collision with:  Vehicle in traffic,On Roadway,Rear-end (front to rear),Followed too close,None Indicated,,Daylight,Dry,Clear,None apparent,Non-intersection:  Non-junction/no special feature,Paved,,Property Damage Only,0,0,0,0,0,0,2000,2,2,,POINT (-90.699768131621 42.503872504581)
2014810850,TC4414,08/01/2014,08-August,6-Friday,16:58,1600 Hours,District 4 (Southwest),,HARRISON,I-29,I-29,Collision with:  Other non-fixed object (explain in narrative),On Roadway,Non-collision (single vehicle),Other (explain in narrative):  No improper action,None Indicated,,Daylight,Dry,Clear,Debris,Non-intersection:  Non-junction/no special feature,Paved,,Property Damage Only,0,0,0,0,0,0,1500,2,2,,POINT (-95.91126634452 41.5123675254)
2014810584,20140022189,08/01/2014,08-August,6-Friday,16:34,1600 Hours,District 1 (Central),DES MOINES,POLK,,FREMONT ST & E 13TH ST,Collision with:  Vehicle in traffic,On Roadway,Broadside (front to side),Ran Stop Sign,None Indicated,,Daylight,Dry,Cloudy,None apparent,Intersection:  Four-way intersection,Paved,,Property Damage Only,0,0,0,0,0,0,1600,2,2,,POINT (-93.602924502639 41.599191557208)
2014810777,CL14002701,08/01/2014,08-August,6-Friday,12:06,1200 Hours,District 6 (East Central),CLINTON,CLINTON,,S BLUFF BLVD & TERRACE DR,Collision with:  Vehicle in traffic,On Roadway,Rear-end (front to rear),Unknown,None Indicated,,Daylight,Dry,Clear,None apparent,Intersection:  T-intersection,Paved,,Property Damage Only,0,0,0,0,0,0,2000,2,3,,POINT (-90.217330540618 41.836840039875)
2014810902,2014-0300,08/02/2014,08-August,7-Saturday,14:25,1400 Hours,District 5 (Southeast),NORWALK,WARREN,IA 28,IA 28/IOWA 28 & PROP COUNTY LINE RD & CO LINE RD,Collision with:  Vehicle in traffic,On Roadway,"Angle, oncoming left turn",FTYROW:  Making left turn,Refused,,Daylight,Dry,Clear,None apparent,Intersection:  T-intersection,Paved,,Possible/Unknown,0,1,0,0,1,0,4500,2,2,,POINT (-93.677420300553 41.510964655621)
2014810569,14-5105,08/02/2014,08-August,7-Saturday,12:05,1200 Hours,District 1 (Central),,POLK,IA 141,IA 141/IOWA 141 & Co Rd F4R/NW 121ST ST,Collision with:  Vehicle in traffic,On Roadway,Rear-end (front to rear),Followed too close,None Indicated,,Daylight,Dry,Clear,None apparent,Intersection:  Four-way intersection,Paved,,Property Damage Only,0,0,0,0,0,0,4000,2,4,,POINT (-93.785115295536 41.74358316806)
2014811284,14-007959,08/02/2014,08-August,7-Saturday,13:30,1300 Hours,District 3 (Northwest),,CARROLL,,215TH ST,Non-collision events:  Overturn/rollover,On Roadway,Non-collision (single vehicle),Exceeded authorized speed,None Indicated,,Daylight,Dry,Clear,None apparent,Non-intersection:  Non-junction/no special feature,Unpaved,,Minor Injury,0,1,0,1,0,0,4000,1,2,,POINT (-94.778134808334 42.042216261456)
2014810629,20140022258,08/02/2014,08-August,7-Saturday,03:43,0300 Hours,District 1 (Central),DES MOINES,POLK,,E 42ND ST,Collision with:  Parked motor vehicle,On Roadway,Rear-end (front to rear),Ran off road - right,None Indicated,,Dark - roadway lighted,Dry,Clear,None apparent,Non-intersection:  Non-junction/no special feature,Paved,,Property Damage Only,0,0,0,0,0,0,6400,2,2,,POINT (-93.532124365809 41.616447643142)
2014813047,C14002398,08/02/2014,08-August,7-Saturday,21:58,2100 Hours,District 6 (East Central),CORALVILLE,JOHNSON,I-80,I-80,Non-collision events:  Overturn/rollover,Roadside,Non-collision (single vehicle),Followed too close,None Indicated,,Dark - roadway lighted,Dry,Clear,None apparent,Interchange-related:  On-ramp merge area,Paved,,Minor Injury,0,1,0,1,0,0,7500,1,1,,POINT (-91.639720612061 41.697682409651)
2014810778,145534,08/02/2014,08-August,7-Saturday,17:23,1700 Hours,District 4 (Southwest),,DALLAS,US 169,US 169/N AVE & 170TH ST,Collision with:  Other non-fixed object (explain in narrative),On Roadway,Non-collision (single vehicle),Equipment failure,None Indicated,,Daylight,Dry,Clear,Debris,Non-intersection:  Non-junction/no special feature,Paved,,Property Damage Only,0,0,0,0,0,0,1500,2,6,,POINT (-94.027898188495 41.791448613501)
2014810500,14-161,08/02/2014,08-August,7-Saturday,17:44,1700 Hours,District 2 (Northeast),WAVERLY,BREMER,IA 3,IA 3/BREMER AVE & 6TH ST SW & 6TH ST NW,Collision with:  Vehicle in traffic,On Roadway,Rear-end (front to rear),Followed too close,None Indicated,,Daylight,Dry,Clear,None apparent,Non-intersection:  Non-junction/no special feature,Paved,,Property Damage Only,0,0,0,0,0,0,6000,2,5,,POINT (-92.478136339958 42.725727026662)
2014810591,20140022272,08/02/2014,08-August,7-Saturday,08:50,0800 Hours,District 1 (Central),DES MOINES,POLK,,LOCUST ST,Collision with:  Vehicle in traffic,On Roadway,"Sideswipe, same direction",FTYROW:  Other (explain in narrative),None Indicated,,Daylight,Dry,Clear,None apparent,Intersection:  Other intersection (explain in narrative),Paved,,Property Damage Only,0,0,0,0,0,0,3000,2,2,,POINT (-93.639670404061 41.583698677757)
2014811723,2014-53710,08/02/2014,08-August,7-Saturday,14:13,1400 Hours,District 6 (East Central),DAVENPORT,SCOTT,,W 4TH ST & WESTERN AVE,Collision with:  Vehicle in traffic,On Roadway,Rear-end (front to rear),Followed too close,None Indicated,,Daylight,Dry,Clear,None apparent,Non-intersection:  Non-junction/no special feature,Paved,,Property Damage Only,0,0,0,0,0,0,6500,3,4,,POINT (-90.581463903191 41.523531906805)
2014810503,1408028281,08/02/2014,08-August,7-Saturday,07:30,0700 Hours,District 6 (East Central),,CLINTON,,Co Rd F64/367 AVE,Collision with fixed object:  Ditch,On Roadway,Non-collision (single vehicle),Swerving/Evasive Action,None Indicated,,Dawn,"Mud, dirt","Fog, smoke, smog",None apparent,Intersection:  T-intersection,Unpaved,,Property Damage Only,0,0,0,0,0,0,7500,1,1,,POINT (-90.378918872156 41.864509358466)
2014810691,2014-53679,08/02/2014,08-August,7-Saturday,09:32,0900 Hours,District 6 (East Central),DAVENPORT,SCOTT,,E 53RD ST & ELMORE CIR,Collision with:  Vehicle in traffic,On Roadway,"Angle, oncoming left turn",Ran Traffic Signal,None Indicated,,Daylight,Dry,Clear,None apparent,Intersection:  Four-way intersection,Paved,,Possible/Unknown,0,1,0,0,1,0,7500,2,3,,POINT (-90.531044736835 41.574885919282)
2014810491,W14-077354,08/02/2014,08-August,7-Saturday,09:10,0900 Hours,District 2 (Northeast),WATERLOO,BLACK HAWK,,W 6TH ST & SOUTH ST,Collision with:  Vehicle in traffic,On Roadway,Broadside (front to side),Ran Stop Sign,None Indicated,,Daylight,Dry,Clear,None apparent,Intersection:  Four-way intersection,Paved,,Minor Injury,0,3,0,2,1,0,9700,2,4,,POINT (-92.341337086103 42.490595704035)
2014810617,20140022342,08/02/2014,08-August,7-Saturday,23:35,2300 Hours,District 1 (Central),DES MOINES,POLK,,E UNIVERSITY AVE & PENNSYLVANIA AVE,Collision with:  Vehicle in traffic,On Roadway,Rear-end (front to rear),Followed too close,None Indicated,,Dark - roadway lighted,Dry,Clear,None apparent,Intersection:  Four-way intersection,Paved,,Minor Injury,0,1,0,1,0,0,1700,2,3,,POINT (-93.608863543303 41.600385242357)
2014815705,144039,08/02/2014,08-August,7-Saturday,18:25,1800 Hours,District 1 (Central),IOWA FALLS,HARDIN,,S 1ST ST,Collision with:  Vehicle in traffic,On Roadway,"Sideswipe, same direction",Other (explain in narrative):  No improper action,None Indicated,,Daylight,Dry,Clear,None apparent,Non-intersection:  Non-junction/no special feature,Paved,,Property Damage Only,0,0,0,0,0,0,2300,2,1,,POINT (-93.246376215186 42.521033312798)
2014810613,20140022312,08/02/2014,08-August,7-Saturday,17:00,1700 Hours,District 1 (Central),DES MOINES,POLK,I-235,I-235 & 31ST ST,Collision with:  Vehicle in traffic,On Roadway,Broadside (front to side),Ran Traffic Signal,None Indicated,,Daylight,Dry,Cloudy,None apparent,Intersection:  Four-way intersection,Paved,,Possible/Unknown,0,1,0,0,0,1,3500,2,2,,POINT (-93.659373148673 41.593531365621)
2014810909,S14-7620,08/02/2014,08-August,7-Saturday,21:34,2100 Hours,District 3 (Northwest),,WOODBURY,US 20,US 20,Collision with:  Animal,,,Animal,None Indicated,,,,,,,Paved,,Property Damage Only,0,0,0,0,0,0,5000,1,1,,POINT (-96.128680361531 42.474853497103)
2014811042,14-0853,08/02/2014,08-August,7-Saturday,18:03,1800 Hours,District 1 (Central),PLEASANT HILL,POLK,IA 163,IA 163/E UNIVERSITY AVE,Collision with:  Vehicle in traffic,On Roadway,Rear-end (front to rear),Followed too close,None Indicated,,Daylight,Dry,Clear,None apparent,Non-intersection:  Non-junction/no special feature,Paved,,Possible/Unknown,0,1,0,0,1,0,500,2,2,,POINT (-93.482177707026 41.59834724561)
2014811088,2014044840,08/02/2014,08-August,7-Saturday,18:33,1800 Hours,District 4 (Southwest),,POTTAWATTAMIE,I-680,I-680,Collision with fixed object:  Ditch,On Roadway,Non-collision (single vehicle),Swerving/Evasive Action,None Indicated,,Daylight,Dry,Clear,None apparent,Non-intersection:  Non-junction/no special feature,Paved,,Property Damage Only,0,0,0,0,0,0,8000,1,1,,POINT (-95.628093050402 41.498946203755)
2014810670,S79140259,08/02/2014,08-August,7-Saturday,12:40,1200 Hours,District 1 (Central),,POWESHIEK,I-80,I-80,Collision with:  Vehicle in traffic,On Roadway,"Sideswipe, same direction",Swerving/Evasive Action,None Indicated,,Daylight,Dry,Clear,None apparent,Non-intersection:  Non-junction/no special feature,Paved,,Minor Injury,0,2,0,1,1,0,13500,2,3,,POINT (-92.392253344744 41.696119259088)
2014811078,2014-16538,08/02/2014,08-August,7-Saturday,21:25,2100 Hours,District 5 (Southeast),INDIANOLA,WARREN,IA 92,IA 92/W 2ND AVE & S R ST,Collision with:  Vehicle in traffic,On Roadway,"Angle, oncoming left turn",FTYROW:  Making left turn,Alcohol (Statutory),,Dark - roadway lighted,Dry,Clear,None apparent,Intersection:  Other intersection (explain in narrative),Paved,,Major Injury,0,1,1,0,0,0,3800,2,3,,POINT (-93.587167044803 41.356135549662)
2014810625,20140022309,08/02/2014,08-August,7-Saturday,16:31,1600 Hours,District 1 (Central),DES MOINES,POLK,I-235,I-235,Collision with:  Vehicle in traffic,On Roadway,"Sideswipe, same direction",Unknown,None Indicated,,Daylight,Dry,Clear,None apparent,Non-intersection:  Non-junction/no special feature,Paved,,Property Damage Only,0,0,0,0,0,0,2500,2,3,,POINT (-93.58282408079 41.601745184319)
2014812534,90-14-000253,08/02/2014,08-August,7-Saturday,06:35,0600 Hours,District 2 (Northeast),,HUMBOLDT,,Co Rd C29/190TH ST & COLORADO AVE,Collision with fixed object:  Ditch,Roadside,Non-collision (single vehicle),Ran off road - straight,None Indicated,,Daylight,"Mud, dirt",Clear,None apparent,Intersection:  T-intersection,Unpaved,,Minor Injury,0,1,0,1,0,0,3500,1,1,,POINT (-94.403205229605 42.775701324665)
2014812533,90-14-000255,08/02/2014,08-August,7-Saturday,21:30,2100 Hours,District 2 (Northeast),DAKOTA CITY,HUMBOLDT,,2ND AVE N,Collision with:  Parked motor vehicle,On Roadway,Rear-end (front to rear),Other (explain in narrative):  Other,Alcohol (Statutory),,Dark - roadway lighted,Dry,Clear,None apparent,Non-intersection:  Non-junction/no special feature,Paved,,Property Damage Only,0,0,0,0,0,0,6000,2,1,,POINT (-94.200515744936 42.723667729762)
2014811890,20140022297,08/02/2014,08-August,7-Saturday,14:44,1400 Hours,District 1 (Central),DES MOINES,POLK,I-235,I-235,Collision with:  Other non-fixed object (explain in narrative),On Roadway,Non-collision (single vehicle),Other (explain in narrative):  No improper action,None Indicated,,Daylight,Dry,Clear,Debris,Non-intersection:  Non-junction/no special feature,Paved,,Property Damage Only,0,0,0,0,0,0,5000,1,1,,POINT (-93.578816746972 41.611223022843)
2014810686,2014-53765,08/02/2014,08-August,7-Saturday,19:02,1900 Hours,District 6 (East Central),DAVENPORT,SCOTT,,W 37TH ST & N THORNWOOD AVE,Collision with:  Vehicle in traffic,On Roadway,Broadside (front to side),FTYROW:  From yield sign,None Indicated,,Daylight,Dry,Cloudy,None apparent,Intersection:  Four-way intersection,Paved,,Property Damage Only,0,0,0,0,0,0,3500,2,2,,POINT (-90.615580057877 41.557874753372)
2014810626,20140022313,08/02/2014,08-August,7-Saturday,17:04,1700 Hours,District 1 (Central),DES MOINES,POLK,,WATROUS AVE & SW 12TH ST,Collision with:  Vehicle in traffic,On Roadway,Broadside (front to side),FTYROW:  From stop sign,None Indicated,,Daylight,Dry,Cloudy,None apparent,Intersection:  Four-way intersection,Paved,,Major Injury,0,2,2,0,0,0,6000,2,3,,POINT (-93.630543596974 41.548206351011)