Iowa DOT Case Number,Law Enforcement Case Number,Date of Crash,Month of Crash,Day of Week,Time of Crash,Hour,DOT District,City Name,County Name,Route with System,Location Description,First Harmful Event,Location of First Harmful Event,Manner of Crash/Collision,Major Cause,Drug or Alcohol ,Environmental Conditions,Light Conditions,Surface Conditions,Weather Conditions,Roadway Contribution,Roadway Type,Roadway Surface,Work Zone,Crash Severity,Number of Fatalities,Number of Injuries,Number of Major Injuries,Number of Minor Injuries,Number of Possible Injuries,Number of Unknown Injuries,Amount of Property Damage,Number of Vehicles Involved,Total Number of Occupants,Travel Direction,Location
2014811801,14-077273,08/02/2014,08-August,7-Saturday,00:02,0000 Hours,District 2 (Northeast),,BLACK HAWK,IA 175,IA 175/W REINBECK RD,Collision with:  Animal,On Roadway,Non-collision (single vehicle),Animal,None Indicated,,Dark - roadway not lighted,Dry,Clear,None apparent,Non-intersection:  Non-junction/no special feature,Paved,,Property Damage Only,0,0,0,0,0,0,12200,1,1,,POINT (-92.467943009374 42.326191642043)
2014810651,14-001766,08/02/2014,08-August,7-Saturday,11:28,1100 Hours,District 1 (Central),ALTOONA,POLK,US 6,US 6/FREDERICK M HUBBELL AVE,Collision with:  Vehicle in traffic,On Roadway,Rear-end (front to rear),Followed too close,None Indicated,,Daylight,Dry,Cloudy,None apparent,Non-intersection:  Non-junction/no special feature,Paved,,Possible/Unknown,0,2,0,0,2,0,5000,3,12,,POINT (-93.502575925558 41.655419662897)
2014811499,2014044835,08/02/2014,08-August,7-Saturday,17:45,1700 Hours,District 6 (East Central),,BUCHANAN,I-380,I-380,Collision with:  Vehicle in traffic,On Roadway,"Sideswipe, same direction",Crossed centerline (undivided),None Indicated,,Daylight,Dry,Clear,Debris,Non-intersection:  Other non-intersection (explain in narrative),Paved,,Property Damage Only,0,0,0,0,0,0,2000,2,3,,POINT (-91.986261969375 42.319126266469)
2014811550,01-14-34193,08/02/2014,08-August,7-Saturday,05:58,0500 Hours,District 6 (East Central),DUBUQUE,DUBUQUE,,E 16TH ST,Collision with fixed object:  Utility pole/light support,On Roadway,Non-collision (single vehicle),Ran off road - right,None Indicated,,Dawn,Dry,Clear,None apparent,Non-intersection:  Non-junction/no special feature,Paved,,Property Damage Only,0,0,0,0,0,0,1500,1,1,,POINT (-90.662341914834 42.509814691505)
2014811065,2014-53782,08/02/2014,08-August,7-Saturday,20:34,2000 Hours,District 6 (East Central),DAVENPORT,SCOTT,,E 53RD ST & FREIDRICHS CT,Collision with:  Vehicle in traffic,On Roadway,Rear-end (front to rear),FTYROW:  Other (explain in narrative),None Indicated,,Dark - roadway lighted,Dry,Cloudy,None apparent,Intersection:  T-intersection,Paved,,Property Damage Only,0,0,0,0,0,0,9000,2,2,,POINT (-90.53724906835 41.574793899577)
2014815825,K14-023741,08/02/2014,08-August,7-Saturday,12:13,1200 Hours,District 5 (Southeast),KEOKUK,LEE,IA 136,US 136/7TH ST S & JOHNSON ST,Collision with:  Vehicle in traffic,On Roadway,Broadside (front to side),Ran Traffic Signal,None Indicated,,Daylight,Dry,Clear,Non-highway work,Intersection:  Four-way intersection,Paved,,Possible/Unknown,0,2,0,0,2,0,3000,2,2,,POINT (-91.386022744835 40.396700105701)
2014810863,14-003301,08/02/2014,08-August,7-Saturday,21:26,2100 Hours,District 1 (Central),ANKENY,POLK,,SE PETERSON DR & SE TRILEIN DR,Collision with:  Vehicle in traffic,On Roadway,Broadside (front to side),Ran Stop Sign,None Indicated,,Dark - roadway lighted,Dry,Clear,None apparent,Intersection:  Four-way intersection,Paved,,Minor Injury,0,2,0,2,0,0,2000,2,4,,POINT (-93.590783318149 41.726921809968)
2014817935,2014044740,08/02/2014,08-August,7-Saturday,02:30,0200 Hours,District 1 (Central),DES MOINES,POLK,I-235,I-235,Non-collision events:  Other non-collision (explain in narrative),On Roadway,Non-collision (single vehicle),Swerving/Evasive Action,None Indicated,,Dark - roadway lighted,Dry,Clear,None apparent,Non-intersection:  Non-junction/no special feature,Paved,,Property Damage Only,0,0,0,0,0,0,7500,1,1,,POINT (-93.575670272666 41.624497442013)
2014810662,14-032366,08/02/2014,08-August,7-Saturday,13:55,1300 Hours,District 4 (Southwest),COUNCIL BLUFFS,POTTAWATTAMIE,,MID AMERICA DR & 27TH AVE & S 24TH ST,Collision with:  Vehicle in traffic,On Roadway,Rear-end (front to rear),Followed too close,None Indicated,,Daylight,Dry,Cloudy,None apparent,Intersection:  Four-way intersection,Paved,,Property Damage Only,0,0,0,0,0,0,3000,2,4,,POINT (-95.879164256112 41.235145973221)
2014810607,20140022266,08/02/2014,08-August,7-Saturday,07:25,0700 Hours,District 1 (Central),DES MOINES,POLK,,MADISON AVE & 6TH AVE,Collision with:  Vehicle in traffic,On Roadway,Broadside (front to side),Ran Traffic Signal,None Indicated,,Daylight,Dry,Clear,None apparent,Intersection:  Four-way intersection,Paved,,Property Damage Only,0,0,0,0,0,0,9000,2,2,,POINT (-93.624755300464 41.633131247818)
2014811362,14-003563,08/02/2014,08-August,7-Saturday,13:10,1300 Hours,District 1 (Central),AMES,STORY,,6TH ST & N HAZEL AVE & BROOKRIDGE AVE,Collision with:  Vehicle in traffic,On Roadway,"Angle, oncoming left turn",FTYROW:  Making left turn,None Indicated,,Daylight,Dry,Clear,None apparent,Intersection:  Four-way intersection,Paved,,Property Damage Only,0,0,0,0,0,0,17999,2,3,,POINT (-93.626673687743 42.026739248151)
2014811053,2014-53730,08/02/2014,08-August,7-Saturday,16:07,1600 Hours,District 6 (East Central),DAVENPORT,SCOTT,,E 53RD ST & ELMORE AVE,Collision with:  Vehicle in traffic,On Roadway,Broadside (front to side),Ran Traffic Signal,None Indicated,,Daylight,Dry,Cloudy,None apparent,Intersection:  Four-way intersection,Paved,,Property Damage Only,0,0,0,0,0,0,7000,2,2,,POINT (-90.52862121443 41.57490587274)
2014811460,2014008275,08/02/2014,08-August,7-Saturday,10:48,1000 Hours,District 6 (East Central),IOWA CITY,JOHNSON,,E WASHINGTON ST & S CLINTON ST,Collision with:  Vehicle in traffic,On Roadway,Broadside (front to side),Ran Traffic Signal,None Indicated,,Daylight,Dry,Cloudy,None apparent,Intersection:  Four-way intersection,Paved,,Property Damage Only,0,0,0,0,0,0,8000,2,4,,POINT (-91.534674598293 41.660102286673)
2014810661,14-032357,08/02/2014,08-August,7-Saturday,11:28,1100 Hours,District 4 (Southwest),COUNCIL BLUFFS,POTTAWATTAMIE,,AVE E & N 31ST ST,Collision with:  Vehicle in traffic,On Roadway,Broadside (front to side),Ran Stop Sign,None Indicated,,Daylight,Dry,Clear,None apparent,Intersection:  Four-way intersection,Paved,,Minor Injury,0,2,0,1,1,0,10200,2,2,,POINT (-95.894130514991 41.266328643069)
2014810928,2014044817,08/02/2014,08-August,7-Saturday,14:07,1400 Hours,District 1 (Central),,TAMA,IA 8,IA 8/IOWA 8,Collision with:  Vehicle in traffic,On Roadway,Head-on (front to front),Crossed centerline (undivided),None Indicated,,Daylight,Dry,Cloudy,None apparent,Non-intersection:  Non-junction/no special feature,Paved,,Fatal,1,2,0,0,2,0,23500,2,3,,POINT (-92.412475195441 42.181470061918)
2014810499,W14-077523,08/02/2014,08-August,7-Saturday,19:33,1900 Hours,District 2 (Northeast),WATERLOO,BLACK HAWK,,CEDAR TER DR,Collision with fixed object:  Ditch,On Roadway,Non-collision (single vehicle),Swerving/Evasive Action,None Indicated,,Dusk,Dry,Clear,None apparent,Non-intersection:  Non-junction/no special feature,Paved,,Property Damage Only,0,0,0,0,0,0,4300,1,2,,POINT (-92.298648729858 42.450374385729)
2014812898,201402681,08/02/2014,08-August,7-Saturday,04:44,0400 Hours,District 6 (East Central),,LINN,,Co Rd W58/N ALBURNETT RD & ARABIAN RD,Collision with fixed object:  Tree,Outside trafficway,Non-collision (single vehicle),Ran off road - right,None Indicated,,Dark - roadway not lighted,Dry,Clear,None apparent,Non-intersection:  Non-junction/no special feature,Paved,,Property Damage Only,0,0,0,0,0,0,10000,1,1,,POINT (-91.618811238771 42.134888337582)
2014810794,1406167,08/02/2014,08-August,7-Saturday,16:25,1600 Hours,District 5 (Southeast),WASHINGTON,WASHINGTON,,W MAIN ST,Collision with:  Vehicle in traffic,On Roadway,Rear-end (front to rear),FTYROW:  From parked position,None Indicated,,Daylight,Dry,Clear,None apparent,Non-intersection:  Alley,Paved,,Property Damage Only,0,0,0,0,0,0,2500,2,3,,POINT (-91.693595867731 41.299488285329)
2014810648,14-001765,08/02/2014,08-August,7-Saturday,10:15,1000 Hours,District 1 (Central),ALTOONA,POLK,US 65,US 65,Collision with:  Vehicle in traffic,On Roadway,Rear-end (front to rear),Ran off road - right,None Indicated,,Daylight,Dry,Clear,Work Zone (roadway-related),Non-intersection:  Non-junction/no special feature,Paved,Yes,Possible/Unknown,0,4,0,0,4,0,25000,4,17,,POINT (-93.492513303038 41.663542646495)
2014810675,14-14684,08/02/2014,08-August,7-Saturday,11:05,1100 Hours,District 6 (East Central),BETTENDORF,SCOTT,US 67,US 67/STATE ST,Collision with:  Vehicle in traffic,On Roadway,"Sideswipe, same direction",Improper or erratic lane changing,None Indicated,,Daylight,Dry,Clear,None apparent,Non-intersection:  Non-junction/no special feature,Paved,,Property Damage Only,0,0,0,0,0,0,3500,2,3,,POINT (-90.511758864435 41.525196231613)
2014811216,2014-53660,08/02/2014,08-August,7-Saturday,04:40,0400 Hours,District 6 (East Central),DAVENPORT,SCOTT,,W 65TH ST & HAZELWOOD AVE,Collision with:  Parked motor vehicle,On Roadway,"Sideswipe, opposite direction",Lost Control,Refused,,Dark - roadway lighted,Dry,Clear,None apparent,Non-intersection:  Non-junction/no special feature,Paved,,Minor Injury,0,1,0,1,0,0,4000,2,1,,POINT (-90.61759840081 41.587781825947)
2014812015,14-07300,08/02/2014,08-August,7-Saturday,00:03,0000 Hours,District 5 (Southeast),MOUNT PLEASANT,HENRY,,S JEFFERSON ST,Non-collision events:  Other non-collision (explain in narrative),On Roadway,Rear-end (front to rear),Improper Backing,Refused,,Dark - roadway lighted,Dry,Clear,None apparent,Non-intersection:  Non-junction/no special feature,Paved,,Minor Injury,0,2,0,2,0,0,3500,2,2,,POINT (-91.554621416696 40.966453851753)
2014810844,11656-14,08/02/2014,08-August,7-Saturday,12:26,1200 Hours,District 3 (Northwest),SPENCER,CLAY,US 71,US 71/11TH AVE SW & 13TH ST SW,Collision with:  Vehicle in traffic,On Roadway,Broadside (front to side),Ran Stop Sign,None Indicated,,Daylight,Dry,Clear,None apparent,Intersection:  Four-way intersection,Paved,,Possible/Unknown,0,1,0,0,1,0,5000,2,2,,POINT (-95.160836909277 43.124510959948)
2014810608,20140022281,08/02/2014,08-August,7-Saturday,11:30,1100 Hours,District 1 (Central),DES MOINES,POLK,IA 28,IA 28/MERLE HAY RD,Collision with:  Vehicle in traffic,On Roadway,Rear-end (front to rear),Followed too close,None Indicated,,Daylight,Dry,Clear,None apparent,Non-intersection:  Non-junction/no special feature,Paved,,Property Damage Only,0,0,0,0,0,0,3500,2,3,,POINT (-93.697743844964 41.635782822405)
2014810663,14-032388,08/02/2014,08-August,7-Saturday,17:15,1700 Hours,District 4 (Southwest),COUNCIL BLUFFS,POTTAWATTAMIE,US 6,US 6/W BROADWAY & N 28TH ST,Collision with:  Non-motorist (see non-motorist section - NOT a unit),On Roadway,Non-collision (single vehicle),FTYROW:  Making right turn on red signal,None Indicated,,Daylight,Dry,Clear,None apparent,Intersection:  Four-way intersection,Paved,,Minor Injury,0,1,0,1,0,0,1,1,2,,POINT (-95.889128158274 41.261978246716)
2014850952,14-006126,08/02/2014,08-August,7-Saturday,05:04,0500 Hours,District 5 (Southeast),,LOUISA,,145TH ST & I AVE & J AVE,Collision with fixed object:  Ditch,On Roadway,Non-collision (single vehicle),Driving too fast for conditions,None Indicated,,Dark - roadway lighted,Dry,"Fog, smoke, smog",None apparent,Intersection:  T-intersection,Unpaved,,Property Damage Only,0,0,0,0,0,0,2000,1,1,,POINT (-91.188292904147 41.269224435541)
2014810560,14-010431,08/02/2014,08-August,7-Saturday,23:49,2300 Hours,District 4 (Southwest),MALVERN,MILLS,,3RD AVE,Collision with:  Parked motor vehicle,Outside trafficway,Rear-end (front to rear),Ran off road - right,Under Influence of Alcohol/Drugs/Medications,,Dark - roadway lighted,Dry,Clear,None apparent,Non-intersection:  Non-junction/no special feature,Paved,,Property Damage Only,0,0,0,0,0,0,9000,2,1,,POINT (-95.587549437775 41.004042110574)
2014810969,32062-14,08/03/2014,08-August,1-Sunday,15:45,1500 Hours,District 3 (Northwest),,EMMET,,150 ST & 500 AVE,Collision with:  Vehicle in traffic,On Roadway,Broadside (front to side),Swerving/Evasive Action,None Indicated,,Daylight,"Mud, dirt",Clear,None apparent,Non-intersection:  Non-junction/no special feature,Unpaved,,Minor Injury,0,2,0,2,0,0,6000,2,3,,POINT (-94.600482878433 43.430609155055)
2014811825,2014044926,08/03/2014,08-August,1-Sunday,11:45,1100 Hours,District 6 (East Central),,CEDAR,I-80,I-80,Collision with:  Vehicle in traffic,On Roadway,"Sideswipe, same direction",Swerving/Evasive Action,None Indicated,,Daylight,Dry,Clear,None apparent,Non-intersection:  Non-junction/no special feature,Paved,,Property Damage Only,0,0,0,0,0,0,25000,3,3,,POINT (-91.288335874189 41.663425068904)
2014810999,2014-4443,08/03/2014,08-August,1-Sunday,14:15,1400 Hours,District 1 (Central),,HARDIN,US 20,US 20,Collision with fixed object:  Ditch,On Roadway,Non-collision (single vehicle),Swerving/Evasive Action,None Indicated,,Daylight,Dry,Clear,None apparent,Non-intersection:  Non-junction/no special feature,Paved,,Property Damage Only,0,0,0,0,0,0,7100,1,2,,POINT (-93.154286740809 42.426416009637)
2014810809,2014044945,08/03/2014,08-August,1-Sunday,15:00,1500 Hours,District 3 (Northwest),SIOUX CITY,WOODBURY,,23RD ST,Collision with:  Vehicle in traffic,On Roadway,"Sideswipe, same direction",FTYROW:  Other (explain in narrative),None Indicated,,Daylight,Dry,Clear,None apparent,Non-intersection:  Non-junction/no special feature,Paved,,Possible/Unknown,0,2,0,0,2,0,3002,2,4,,POINT (-96.387723840705 42.513855005227)
2014811055,2014-53999,08/03/2014,08-August,1-Sunday,20:01,2000 Hours,District 6 (East Central),DAVENPORT,SCOTT,,W CENTRAL PARK AVE,Collision with:  Vehicle in traffic,On Roadway,"Sideswipe, opposite direction",Other (explain in narrative):  Other,None Indicated,,Dusk,Dry,Clear,None apparent,Non-intersection:  Non-junction/no special feature,Paved,,Possible/Unknown,0,1,0,0,1,0,100,2,2,,POINT (-90.592393570483 41.545502884959)
2014811501,2014045019,08/03/2014,08-August,1-Sunday,19:17,1900 Hours,District 5 (Southeast),,MARION,IA 14,IA 14/IOWA 14 & Co Rd G44/HWY G44,Collision with:  Vehicle in traffic,On Roadway,Rear-end (front to rear),Followed too close,Refused,,Daylight,Dry,Clear,None apparent,Intersection:  T-intersection,Paved,,Fatal,1,1,0,0,1,0,7000,2,2,,POINT (-93.109627576008 41.349312150648)
2014811298,080314C,08/03/2014,08-August,1-Sunday,13:30,1300 Hours,District 4 (Southwest),,FREMONT,I-29,I-29 & IA 2/IOWA 2,Collision with:  Vehicle in traffic,On Roadway,Rear-end (front to rear),Followed too close,None Indicated,,Daylight,Dry,Clear,None apparent,Interchange-related:  Off-ramp,Paved,,Property Damage Only,0,0,0,0,0,0,3500,2,9,,POINT (-95.781582554807 40.689141194427)
2014810968,14-27054,08/03/2014,08-August,1-Sunday,00:45,0000 Hours,District 5 (Southeast),,DES MOINES,,60TH ST,Non-collision events:  Overturn/rollover,On Roadway,Non-collision (single vehicle),Swerving/Evasive Action,None Indicated,,Dark - roadway not lighted,Dry,Clear,None apparent,Non-intersection:  Non-junction/no special feature,Unpaved,,Minor Injury,0,1,0,1,0,0,6000,1,1,,POINT (-91.156809733814 40.767742315215)
2014811500,2014044902,08/03/2014,08-August,1-Sunday,13:15,1300 Hours,District 4 (Southwest),WEST DES MOINES,DALLAS,I-80,I-80,Collision with:  Other non-fixed object (explain in narrative),On Roadway,Non-collision (single vehicle),Unknown,None Indicated,,Daylight,Dry,Clear,Debris,Non-intersection:  Non-junction/no special feature,Paved,,Property Damage Only,0,0,0,0,0,0,3900,5,11,,POINT (-93.818275616215 41.587331052429)
2014810640,14-3723,08/03/2014,08-August,1-Sunday,10:38,1000 Hours,District 1 (Central),WEST DES MOINES,POLK,I-35,I-35,Non-collision events:  Other non-collision (explain in narrative),Shoulder,Rear-end (front to rear),Ran off road - right,None Indicated,,Daylight,"Mud, dirt",Clear,"Surface condition (e.g., wet, icy)",Interchange-related:  On-ramp,Paved,,Property Damage Only,0,0,0,0,0,0,6000,2,5,,POINT (-93.779287141204 41.594564511333)
2014819734,14-032653,08/03/2014,08-August,1-Sunday,14:27,1400 Hours,District 5 (Southeast),ATALISSA,MUSCATINE,,DEPOT ST & CHERRY ST,Collision with fixed object:  Utility pole/light support,Outside trafficway,Non-collision (single vehicle),"Operating vehicle in an reckless, erratic, careless, negligent manner",None Indicated,,Daylight,Dry,Clear,None apparent,Non-intersection:  Non-junction/no special feature,Paved,,Property Damage Only,0,0,0,0,0,0,18000,1,3,,POINT (-91.165893461338 41.570775166655)
2014812178,2014044981,08/03/2014,08-August,1-Sunday,17:23,1700 Hours,District 4 (Southwest),,HARRISON,I-29,I-29,Non-collision events:  Overturn/rollover,On Roadway,Non-collision (single vehicle),Ran off road - left,None Indicated,,Daylight,Dry,Clear,None apparent,Non-intersection:  Non-junction/no special feature,Paved,,Major Injury,0,1,1,0,0,0,1501,1,1,,POINT (-96.051106493752 41.779118126524)
2014811577,2014-4429,08/03/2014,08-August,1-Sunday,07:05,0700 Hours,District 1 (Central),,HARDIN,,234TH ST,Collision with fixed object:  Ditch,On Roadway,Non-collision (single vehicle),Swerving/Evasive Action,None Indicated,,Daylight,Dry,Clear,None apparent,Non-intersection:  Non-junction/no special feature,Unpaved,,Property Damage Only,0,0,0,0,0,0,10100,1,5,,POINT (-93.077203848619 42.356769000507)
2014810825,2014044985,08/03/2014,08-August,1-Sunday,17:16,1700 Hours,District 2 (Northeast),,ALLAMAKEE,IA 51,IA 51/IOWA 51,Collision with fixed object:  Ditch,Roadside,Non-collision (single vehicle),Ran off road - left,None Indicated,,Daylight,Dry,Clear,None apparent,Non-intersection:  Non-junction/no special feature,Paved,,Property Damage Only,0,0,0,0,0,0,8000,1,1,,POINT (-91.568160651508 43.116473085026)
2014811054,2014-53855,08/03/2014,08-August,1-Sunday,01:01,0100 Hours,District 6 (East Central),DAVENPORT,SCOTT,,IA 461/BRADY ST & E RUSHOLME ST,Collision with:  Vehicle in traffic,On Roadway,"Sideswipe, same direction",Swerving/Evasive Action,None Indicated,,Dark - roadway lighted,Dry,Clear,None apparent,Non-intersection:  Non-junction/no special feature,Paved,,Property Damage Only,0,0,0,0,0,0,1700,2,2,,POINT (-90.57338917606 41.542689475441)
2014812207,14114512,08/03/2014,08-August,1-Sunday,16:58,1600 Hours,District 6 (East Central),,JOHNSON,,Co Rd W66/DUBUQUE ST,Collision with:  Vehicle in traffic,On Roadway,Rear-end (front to rear),Swerving/Evasive Action,None Indicated,,Daylight,Dry,Clear,None apparent,Intersection:  T-intersection,Paved,,Minor Injury,0,1,0,1,0,0,6000,2,4,,POINT (-91.561183362001 41.729042160224)
2014810615,20140022413,08/03/2014,08-August,1-Sunday,18:15,1800 Hours,District 1 (Central),DES MOINES,POLK,US 69,US 69/SE 14TH ST,Collision with:  Vehicle in traffic,On Roadway,Rear-end (front to rear),Unknown,None Indicated,,Daylight,Dry,Clear,None apparent,Non-intersection:  Non-junction/no special feature,Paved,,Possible/Unknown,0,1,0,0,1,0,2500,2,3,,POINT (-93.595611206834 41.518920573534)
2014828329,14080063,08/03/2014,08-August,1-Sunday,15:05,1500 Hours,District 5 (Southeast),,WAPELLO,,Co Rd V3H/AIRPORT RD,Non-collision events:  Other non-collision (explain in narrative),On Roadway,Non-collision (single vehicle),Swerving/Evasive Action,None Indicated,,Daylight,Dry,Clear,None apparent,Non-intersection:  Non-junction/no special feature,Unpaved,,Major Injury,0,1,1,0,0,0,4500,1,1,,POINT (-92.464470706077 41.13339026137)
2014810920,2014044995,08/03/2014,08-August,1-Sunday,19:45,1900 Hours,District 2 (Northeast),,ALLAMAKEE,,Co Rd B25/LANSING HARPERS RD,Collision with fixed object:  Tree,Roadside,Non-collision (single vehicle),Swerving/Evasive Action,None Indicated,,Dusk,Dry,Clear,None apparent,Non-intersection:  Non-junction/no special feature,Paved,,Major Injury,0,1,1,0,0,0,3000,1,1,,POINT (-91.173849352496 43.200606481385)
2014810900,14-000895,08/03/2014,08-August,1-Sunday,17:14,1700 Hours,District 1 (Central),,STORY,,550TH AVE,Collision with:  Vehicle in traffic,On Roadway,Head-on (front to front),Other (explain in narrative):  Vision obstructed,None Indicated,,Daylight,"Mud, dirt",Clear,None apparent,Non-intersection:  Other non-intersection (explain in narrative),Unpaved,,Minor Injury,0,1,0,1,0,0,12000,2,2,,POINT (-93.600921363737 42.146059715025)
2014810627,20140022381,08/03/2014,08-August,1-Sunday,11:30,1100 Hours,District 1 (Central),DES MOINES,POLK,,EVERGREEN AVE & INDIANOLA AVE,Collision with:  Vehicle in traffic,On Roadway,Broadside (front to side),Ran Traffic Signal,None Indicated,,Daylight,Dry,Cloudy,None apparent,Intersection:  T-intersection,Paved,,Possible/Unknown,0,2,0,0,1,1,4000,2,2,,POINT (-93.595251767218 41.551619075051)
2014810616,20140022417,08/03/2014,08-August,1-Sunday,19:14,1900 Hours,District 1 (Central),DES MOINES,POLK,,HICKMAN RD & 56TH ST,Collision with:  Vehicle in traffic,On Roadway,Rear-end (front to rear),Followed too close,None Indicated,,Daylight,Dry,Clear,None apparent,Non-intersection:  Non-junction/no special feature,Paved,,Possible/Unknown,0,1,0,0,1,0,3900,2,4,,POINT (-93.694349749512 41.614870694115)
2014817036,A14057,08/03/2014,08-August,1-Sunday,00:00,0000 Hours,District 5 (Southeast),KNOXVILLE,MARION,,W PLEASANT ST,Collision with fixed object:  Other fixed object (explain in narrative),Outside trafficway,Non-collision (single vehicle),Other (explain in narrative):  Vision obstructed,None Indicated,,Dark - unknown roadway lighting,Dry,Cloudy,Unknown,Non-intersection:  Non-junction/no special feature,Paved,,Property Damage Only,0,0,0,0,0,0,7000,1,1,,POINT (-93.117202825243 41.320741234652)
2014810598,20140022476,08/03/2014,08-August,1-Sunday,19:00,1900 Hours,District 1 (Central),DES MOINES,POLK,,E UNIVERSITY AVE & YORK ST,Collision with:  Vehicle in traffic,On Roadway,"Sideswipe, same direction",Unknown,None Indicated,,Daylight,Unknown,Unknown,Unknown,Intersection:  Four-way intersection,Paved,,Property Damage Only,0,0,0,0,0,0,2000,2,2,,POINT (-93.601929052635 41.600538852297)
2014810745,14-25117,08/03/2014,08-August,1-Sunday,22:32,2200 Hours,District 3 (Northwest),SIOUX CITY,WOODBURY,,MORNINGSIDE AVE,Collision with:  Vehicle in traffic,On Roadway,"Sideswipe, same direction",FTYROW:  At uncontrolled intersection,None Indicated,,Dark - roadway lighted,Dry,Clear,None apparent,Non-intersection:  Non-junction/no special feature,Paved,,Property Damage Only,0,0,0,0,0,0,4000,2,3,,POINT (-96.346589555641 42.470402488844)
2014810865,20140022418,08/03/2014,08-August,1-Sunday,20:16,2000 Hours,District 1 (Central),DES MOINES,POLK,,CLEVELAND AVE & HUTTON ST,Non-collision events:  Other non-collision (explain in narrative),Outside trafficway,Non-collision (single vehicle),Ran off road - straight,None Indicated,,Dusk,Dry,Cloudy,None apparent,Intersection:  Four-way intersection,Paved,,Property Damage Only,0,0,0,0,0,0,2070,1,1,,POINT (-93.596378505911 41.605035367509)
2014844090,CP14-0728,08/03/2014,08-August,1-Sunday,12:00,1200 Hours,District 2 (Northeast),CLARION,WRIGHT,,1ST ST SW,Unknown,On Roadway,Rear-end (front to rear),Other (explain in narrative):  No improper action,None Indicated,,Daylight,Dry,Clear,None apparent,Non-intersection:  Non-junction/no special feature,Paved,,Property Damage Only,0,0,0,0,0,0,2000,2,1,,POINT (-93.733930020416 42.723600838572)
2014810542,14-23900,08/03/2014,08-August,1-Sunday,21:20,2100 Hours,District 5 (Southeast),FORT MADISON,LEE,,Co Rd X32/303 AVE & 303RD AVE,Collision with:  Vehicle in traffic,On Roadway,"Sideswipe, opposite direction",Crossed centerline (undivided),None Indicated,,Dark - roadway not lighted,Dry,Clear,None apparent,Non-intersection:  Non-junction/no special feature,Paved,,Property Damage Only,0,0,0,0,0,0,4000,2,3,,POINT (-91.319865364465 40.659819833293)
2014810898,14-000889,08/03/2014,08-August,1-Sunday,02:35,0200 Hours,District 1 (Central),HUXLEY,STORY,I-35,I-35,Collision with fixed object:  Guardrail - face,On Roadway,Non-collision (single vehicle),Swerving/Evasive Action,None Indicated,,Dark - roadway not lighted,Dry,Clear,None apparent,Non-intersection:  Non-junction/no special feature,Paved,,Property Damage Only,0,0,0,0,0,0,7500,1,1,,POINT (-93.571115311411 41.883057195631)
2014811425,14080313RT01,08/03/2014,08-August,1-Sunday,12:20,1200 Hours,District 5 (Southeast),OSCEOLA,CLARKE,,SOUTHWEST BLVD,Collision with:  Vehicle in traffic,On Roadway,"Sideswipe, same direction",Improper or erratic lane changing,None Indicated,,Daylight,Dry,Cloudy,None apparent,Non-intersection:  Driveway access (within),Unpaved,,Property Damage Only,0,0,0,0,0,0,6000,2,3,,POINT (-93.798391538442 41.024880412222)
2014810994,144447,08/03/2014,08-August,1-Sunday,16:27,1600 Hours,District 1 (Central),,HARDIN,US 20,US 20,Collision with:  Vehicle in traffic,On Roadway,Rear-end (front to rear),Driving too fast for conditions,None Indicated,,Daylight,Dry,Cloudy,Non-highway work,Non-intersection:  Non-junction/no special feature,Paved,,Major Injury,0,3,1,0,2,0,13000,2,3,,POINT (-93.150494012447 42.42642105158)
2014810561,14-010506,08/03/2014,08-August,1-Sunday,02:10,0200 Hours,District 4 (Southwest),GLENWOOD,MILLS,,FAIRVIEW DR,Collision with fixed object:  Curb/island/raised median,On Roadway,Non-collision (single vehicle),Lost Control,Alcohol (Statutory),,Dark - roadway not lighted,Wet,Rain,None apparent,Non-intersection:  Non-junction/no special feature,Paved,,Property Damage Only,0,0,0,0,0,0,2400,1,3,,POINT (-95.735929685204 41.053753325849)
2014811769,14-000902,08/03/2014,08-August,1-Sunday,22:45,2200 Hours,District 1 (Central),JOHNSTON,POLK,,NW 62ND AVE,Collision with fixed object:  Traffic sign support,On Roadway,Non-collision (single vehicle),Ran off road - left,None Indicated,,Dark - roadway lighted,Dry,Clear,None apparent,Intersection:  Other intersection (explain in narrative),Paved,,Property Damage Only,0,0,0,0,0,0,5050,1,1,,POINT (-93.720510438527 41.672643652957)
2014812103,S14-7671,08/03/2014,08-August,1-Sunday,23:00,2300 Hours,District 3 (Northwest),BRONSON,WOODBURY,,MAPLE ST & W 1ST ST,Collision with:  Non-motorist (see non-motorist section - NOT a unit),On Roadway,Non-collision (single vehicle),"Operating vehicle in an reckless, erratic, careless, negligent manner",None Indicated,,Dark - roadway lighted,Dry,Clear,None apparent,Non-intersection:  Non-junction/no special feature,Paved,,Minor Injury,0,1,0,1,0,0,0,1,14,,POINT (-96.213605178786 42.409189480269)
2014810743,14-25090,08/03/2014,08-August,1-Sunday,19:17,1900 Hours,District 3 (Northwest),SIOUX CITY,WOODBURY,,SMITHS RIVER RD,Non-collision events:  Other non-collision (explain in narrative),On Roadway,Non-collision (single vehicle),Over correcting/over steering,None Indicated,,Daylight,Dry,Clear,None apparent,Non-intersection:  Non-junction/no special feature,Unpaved,,Minor Injury,0,1,0,1,0,0,0,1,1,,POINT (-96.341993383925 42.536386822073)