Iowa DOT Case Number,Law Enforcement Case Number,Date of Crash,Month of Crash,Day of Week,Time of Crash,Hour,DOT District,City Name,County Name,Route with System,Location Description,First Harmful Event,Location of First Harmful Event,Manner of Crash/Collision,Major Cause,Drug or Alcohol ,Environmental Conditions,Light Conditions,Surface Conditions,Weather Conditions,Roadway Contribution,Roadway Type,Roadway Surface,Work Zone,Crash Severity,Number of Fatalities,Number of Injuries,Number of Major Injuries,Number of Minor Injuries,Number of Possible Injuries,Number of Unknown Injuries,Amount of Property Damage,Number of Vehicles Involved,Total Number of Occupants,Travel Direction,Location
2014810665,14-032462,08/03/2014,08-August,1-Sunday,03:58,0300 Hours,District 4 (Southwest),COUNCIL BLUFFS,POTTAWATTAMIE,,23RD AVE,Collision with:  Vehicle in traffic,On Roadway,"Sideswipe, opposite direction",Driving too fast for conditions,None Indicated,,Dark - roadway lighted,Wet,Rain,"Surface condition (e.g., wet, icy)",Non-intersection:  Non-junction/no special feature,Paved,,Minor Injury,0,3,0,2,1,0,15000,2,4,,POINT (-95.896049722499 41.240351137238)
2014810744,14-25096,08/03/2014,08-August,1-Sunday,20:08,2000 Hours,District 3 (Northwest),SIOUX CITY,WOODBURY,,W 19TH ST & HAMILTON BLVD,Collision with:  Vehicle in traffic,On Roadway,Rear-end (front to rear),Improper Backing,None Indicated,,Dusk,Dry,Clear,None apparent,Intersection:  Four-way intersection,Paved,,Property Damage Only,0,0,0,0,0,0,1700,2,5,,POINT (-96.41676788328 42.510569563411)
2014811077,14-3570,08/03/2014,08-August,1-Sunday,00:19,0000 Hours,District 1 (Central),AMES,STORY,,BLOOMINGTON RD & GEORGE W CARVER AVE,Collision with fixed object:  Curb/island/raised median,Shoulder,Non-collision (single vehicle),Ran Stop Sign,Alcohol (Statutory),,Dark - roadway lighted,Dry,Clear,None apparent,Intersection:  T-intersection,Paved,,Property Damage Only,0,0,0,0,0,0,6000,1,1,,POINT (-93.649599247021 42.056225299571)
2014810496,W14-077895,08/03/2014,08-August,1-Sunday,22:27,2200 Hours,District 2 (Northeast),WATERLOO,BLACK HAWK,,FRONTAGE RD,Non-collision events:  Other non-collision (explain in narrative),On Roadway,"Sideswipe, opposite direction",Unknown,None Indicated,,Dark - roadway lighted,Dry,Clear,None apparent,Non-intersection:  Driveway access (within),Paved,,Property Damage Only,0,0,0,0,0,0,1600,2,2,,POINT (-92.354317287433 42.45781615728)
2014811384,08-14-001,08/03/2014,08-August,1-Sunday,22:00,2200 Hours,District 3 (Northwest),LE MARS,PLYMOUTH,,4TH AVE NE,Non-collision events:  Other non-collision (explain in narrative),Shoulder,Non-collision (single vehicle),Swerving/Evasive Action,None Indicated,,Dark - roadway lighted,Dry,Clear,None apparent,Non-intersection:  Non-junction/no special feature,Paved,,Minor Injury,0,1,0,1,0,0,800,1,1,,POINT (-96.159016544336 42.803126663945)
2014812504,01-14-34396,08/03/2014,08-August,1-Sunday,16:21,1600 Hours,District 6 (East Central),DUBUQUE,DUBUQUE,,E 15TH ST,Collision with:  Vehicle in traffic,On Roadway,Rear-end (front to rear),Improper Backing,None Indicated,,Daylight,Dry,Clear,None apparent,Non-intersection:  Non-junction/no special feature,Paved,,Property Damage Only,0,0,0,0,0,0,2000,2,4,,POINT (-90.666708413563 42.507607395692)
2014810720,14009303,08/03/2014,08-August,1-Sunday,07:30,0700 Hours,District 1 (Central),,TAMA,US 30,US 30,Collision with fixed object:  Ditch,On Roadway,Non-collision (single vehicle),Driving too fast for conditions,None Indicated,,Daylight,Wet,Rain,"Surface condition (e.g., wet, icy)",Non-intersection:  Non-junction/no special feature,Paved,,Property Damage Only,0,0,0,0,0,0,5000,1,1,,POINT (-92.731966525567 42.005476341266)
2014811001,14-013129,08/03/2014,08-August,1-Sunday,14:35,1400 Hours,District 5 (Southeast),,HENRY,US 218,US 218,Collision with fixed object:  Ditch,Roadside,Non-collision (single vehicle),Ran off road - right,None Indicated,,Daylight,Dry,Cloudy,None apparent,Non-intersection:  Non-junction/no special feature,Paved,,Property Damage Only,0,0,0,0,0,0,10150,1,2,,POINT (-91.539873538801 41.149386354021)
2014812200,14-27105,08/03/2014,08-August,1-Sunday,08:10,0800 Hours,District 5 (Southeast),WEST BURLINGTON,DES MOINES,,W AGENCY RD & S BROADWAY ST,Collision with:  Vehicle in traffic,On Roadway,Rear-end (front to rear),Other (explain in narrative):  Other,None Indicated,,Daylight,Dry,Cloudy,None apparent,Non-intersection:  Non-junction/no special feature,Paved,,Property Damage Only,0,0,0,0,0,0,1505,2,5,,POINT (-91.156804985072 40.813331098967)
2014810740,14-25060,08/03/2014,08-August,1-Sunday,12:39,1200 Hours,District 3 (Northwest),SIOUX CITY,WOODBURY,,W 28TH ST & ISABELLA ST,Collision with:  Vehicle in traffic,On Roadway,Head-on (front to front),Crossed centerline (undivided),None Indicated,,Daylight,Dry,Clear,None apparent,Intersection:  Four-way intersection,Paved,,Property Damage Only,0,0,0,0,0,0,5500,2,2,,POINT (-96.424180451592 42.518821248942)
2014810742,14-25081,08/03/2014,08-August,1-Sunday,17:15,1700 Hours,District 3 (Northwest),SIOUX CITY,WOODBURY,,4TH AVE & S PALMETTO ST,Collision with:  Vehicle in traffic,On Roadway,Broadside (front to side),FTYROW:  From stop sign,None Indicated,,Daylight,Dry,Clear,None apparent,Intersection:  Four-way intersection,Paved,,Property Damage Only,0,0,0,0,0,0,10500,2,4,,POINT (-96.34508100771 42.468798741272)
2014812327,CL14002732,08/03/2014,08-August,1-Sunday,11:45,1100 Hours,District 6 (East Central),CLINTON,CLINTON,,5TH AVE S & S 9TH ST,Collision with:  Vehicle in traffic,On Roadway,Broadside (front to side),FTYROW:  From stop sign,None Indicated,,Daylight,Dry,Clear,None apparent,Intersection:  Four-way intersection,Paved,,Possible/Unknown,0,1,0,0,1,0,4000,2,4,,POINT (-90.20718625605 41.841096507101)
2014828328,14080054,08/03/2014,08-August,1-Sunday,02:52,0200 Hours,District 5 (Southeast),OTTUMWA,WAPELLO,,RABBIT RUN,Collision with:  Animal,On Roadway,Non-collision (single vehicle),Animal,Refused,,Dark - roadway not lighted,Dry,"Fog, smoke, smog",None apparent,Non-intersection:  Non-junction/no special feature,Paved,,Possible/Unknown,0,1,0,0,1,0,10000,1,2,,POINT (-92.389155208087 40.984697556751)
2014811946,107-2014,08/03/2014,08-August,1-Sunday,20:15,2000 Hours,District 4 (Southwest),,HARRISON,,Co Rd F66/335TH ST,Collision with:  Animal,,,Animal,None Indicated,,,,,,,Paved,,Property Damage Only,0,0,0,0,0,0,1500,1,1,,POINT (-95.824363906761 41.531683843475)
2014812438,2014-53869,08/03/2014,08-August,1-Sunday,02:02,0200 Hours,District 6 (East Central),DAVENPORT,SCOTT,,W 3RD ST & RIPLEY ST,Collision with:  Vehicle in traffic,On Roadway,"Sideswipe, same direction",Unknown,None Indicated,,Dark - roadway lighted,Dry,Clear,None apparent,Non-intersection:  Non-junction/no special feature,Paved,,Property Damage Only,0,0,0,0,0,0,2500,2,3,,POINT (-90.57847451016 41.522388191868)
2014810562,14-005406,08/03/2014,08-August,1-Sunday,11:57,1100 Hours,District 3 (Northwest),ONAWA,MONONA,,EMERALD ST & 10TH ST,Collision with:  Vehicle in traffic,On Roadway,"Angle, oncoming left turn",FTYROW:  From driveway,None Indicated,,Daylight,Dry,Clear,None apparent,Non-intersection:  Driveway access (within),Paved,,Property Damage Only,0,0,0,0,0,0,2300,2,4,,POINT (-96.097383287316 42.033361253123)
2014819340,1408-056,08/03/2014,08-August,1-Sunday,11:45,1100 Hours,District 3 (Northwest),,OSCEOLA,,Co Rd A6L/POLK AVE/200TH ST,Collision with fixed object:  Other fixed object (explain in narrative),Outside trafficway,Non-collision (single vehicle),Exceeded authorized speed,None Indicated,,Daylight,Dry,Clear,None apparent,Intersection:  Four-way intersection,Paved,,Property Damage Only,0,0,0,0,0,0,3750,1,1,,POINT (-95.702559219362 43.360424157296)
2014810645,14-3719,08/03/2014,08-August,1-Sunday,04:00,0400 Hours,District 4 (Southwest),WEST DES MOINES,DALLAS,,RACCOON RIVER DR,Collision with:  Vehicle in traffic,Outside trafficway,Head-on (front to front),Crossed centerline (undivided),None Indicated,,Dark - roadway lighted,Wet,Rain,None apparent,Non-intersection:  Driveway access (within),Paved,,Property Damage Only,0,0,0,0,0,0,4000,2,2,,POINT (-93.798202706371 41.537526967515)
2014811435,2014-15822,08/03/2014,08-August,1-Sunday,22:09,2200 Hours,District 6 (East Central),,SCOTT,US 61,US 61,Collision with:  Animal,,,Animal,None Indicated,,,,,,,Paved,,Property Damage Only,0,0,0,0,0,0,10000,1,1,,POINT (-90.568844419532 41.745432562665)
2014810727,14-2353,08/03/2014,08-August,1-Sunday,10:23,1000 Hours,District 1 (Central),FORT DODGE,WEBSTER,,5TH AVE S & S 25TH ST,Collision with:  Vehicle in traffic,On Roadway,"Sideswipe, same direction",FTYROW:  Making right turn on red signal,None Indicated,,Daylight,Dry,Clear,None apparent,Intersection:  Four-way intersection,Paved,,Property Damage Only,0,0,0,0,0,0,4500,2,5,,POINT (-94.163109292837 42.501166529642)
2014831032,,08/03/2014,08-August,1-Sunday,14:00,1400 Hours,District 1 (Central),MARSHALLTOWN,MARSHALL,,,Miscellaneous events:  Hit and run,,,Unknown,None Indicated,,,,,,,,,Property Damage Only,0,0,0,0,0,0,7046,2,2,,POINT (-96.643700149993 40.233091251414)
2014810864,14-003308,08/03/2014,08-August,1-Sunday,10:52,1000 Hours,District 1 (Central),ANKENY,POLK,US 69,US 69/S ANKENY BLVD/N ANKENY BLVD & W 1ST ST & E 1ST ST,Collision with:  Vehicle in traffic,On Roadway,"Angle, oncoming left turn",FTYROW:  Making left turn,None Indicated,,Daylight,Dry,Clear,None apparent,Intersection:  Four-way intersection,Paved,,Property Damage Only,0,0,0,0,0,0,6000,2,4,,POINT (-93.600375962325 41.731870994936)
2014817558,032-075-14,08/03/2014,08-August,1-Sunday,01:30,0100 Hours,District 3 (Northwest),ESTHERVILLE,EMMET,,5TH AVE N,Collision with:  Vehicle in traffic,On Roadway,Rear-end (front to rear),Unknown,None Indicated,,Unknown,Dry,Clear,None apparent,Non-intersection:  Non-junction/no special feature,Paved,,Possible/Unknown,0,1,0,0,0,1,3000,2,1,,POINT (-94.823802566727 43.406437993907)
2014813095,2014-53840,08/03/2014,08-August,1-Sunday,00:02,0000 Hours,District 6 (East Central),DAVENPORT,SCOTT,,W LOCUST ST,Collision with:  Vehicle in traffic,On Roadway,"Sideswipe, same direction",Made improper turn,None Indicated,,Dark - roadway lighted,Dry,Clear,None apparent,Intersection:  Other intersection (explain in narrative),Paved,,Property Damage Only,0,0,0,0,0,0,4300,2,6,,POINT (-90.612634283915 41.538224621082)
2014810564,14-005405,08/03/2014,08-August,1-Sunday,04:30,0400 Hours,District 3 (Northwest),,MONONA,I-29,I-29,Collision with fixed object:  Ditch,Shoulder,Non-collision (single vehicle),Ran off road - right,None Indicated,,Dark - roadway not lighted,Dry,Clear,None apparent,Non-intersection:  Non-junction/no special feature,Paved,,Property Damage Only,0,0,0,0,0,0,10061,1,2,,POINT (-96.103296862717 41.955548879449)
2014810921,2014045010,08/03/2014,08-August,1-Sunday,21:15,2100 Hours,District 5 (Southeast),,WARREN,,30TH AVE,Non-collision events:  Other non-collision (explain in narrative),On Roadway,Non-collision (single vehicle),Swerving/Evasive Action,None Indicated,,Dark - roadway not lighted,"Mud, dirt",Clear,None apparent,Non-intersection:  Non-junction/no special feature,Unpaved,,Minor Injury,0,1,0,1,0,0,500,1,1,,POINT (-93.750916211706 41.423992095721)
2014810667,14-032496,08/03/2014,08-August,1-Sunday,15:13,1500 Hours,District 4 (Southwest),COUNCIL BLUFFS,POTTAWATTAMIE,I-29,I-29,Collision with:  Vehicle in traffic,On Roadway,Rear-end (front to rear),Followed too close,None Indicated,,Daylight,Dry,Clear,None apparent,"Interchange-related:  Off-ramp, diverge area",Paved,,Property Damage Only,0,0,0,0,0,0,6000,2,7,,POINT (-95.83258254308 41.218496543314)
2014810739,14-25055,08/03/2014,08-August,1-Sunday,11:55,1100 Hours,District 3 (Northwest),SIOUX CITY,WOODBURY,,LEIF DR & VIKING CT & VIKING DR,Collision with:  Vehicle in traffic,On Roadway,Rear-end (front to rear),FTYROW:  Other (explain in narrative),None Indicated,,Daylight,Dry,Clear,None apparent,Intersection:  Four-way intersection,Paved,,Possible/Unknown,0,1,0,0,1,0,2250,2,4,,POINT (-96.392761412325 42.523718774995)
2014811256,2014044906,08/03/2014,08-August,1-Sunday,07:41,0700 Hours,District 4 (Southwest),,POTTAWATTAMIE,I-80,I-80,Non-collision events:  Other non-collision (explain in narrative),Median,Non-collision (single vehicle),Ran off road - left,None Indicated,,Daylight,Wet,Clear,None apparent,Non-intersection:  Non-junction/no special feature,Paved,,Major Injury,0,2,2,0,0,0,10500,1,2,,POINT (-95.668520859071 41.386462412041)
2014810554,201411265,08/03/2014,08-August,1-Sunday,06:36,0600 Hours,District 6 (East Central),CEDAR RAPIDS,LINN,,WISCONSIN ST SW,Collision with:  Vehicle in traffic,On Roadway,Broadside (front to side),"Operating vehicle in an reckless, erratic, careless, negligent manner",None Indicated,,Daylight,Dry,Clear,None apparent,Non-intersection:  Non-junction/no special feature,Paved,,Minor Injury,0,1,0,1,0,0,7000,2,1,,POINT (-91.672718041297 41.954308052205)
2014810930,2014044947,08/03/2014,08-August,1-Sunday,14:44,1400 Hours,District 4 (Southwest),,POTTAWATTAMIE,I-80,I-80,Collision with:  Vehicle in traffic,On Roadway,"Sideswipe, same direction",Swerving/Evasive Action,None Indicated,,Daylight,Dry,Clear,Work Zone (roadway-related),Non-intersection:  Non-junction/no special feature,Paved,Yes,Property Damage Only,0,0,0,0,0,0,5000,2,2,,POINT (-95.178801422619 41.497937841424)
2014810666,14-032491,08/03/2014,08-August,1-Sunday,14:30,1400 Hours,District 4 (Southwest),COUNCIL BLUFFS,POTTAWATTAMIE,,FRANKLIN AVE,Collision with:  Vehicle in traffic,On Roadway,Head-on (front to front),FTYROW:  Making left turn,None Indicated,,Daylight,Dry,Clear,None apparent,Intersection:  T-intersection,Paved,,Possible/Unknown,0,1,0,0,1,0,6500,2,2,,POINT (-95.810615990749 41.253673940319)
2014810515,01-14-34383,08/03/2014,08-August,1-Sunday,15:15,1500 Hours,District 6 (East Central),DUBUQUE,DUBUQUE,US 20,US 20/DODGE ST & IA 946/IOWA 946,Collision with:  Vehicle in traffic,On Roadway,"Sideswipe, same direction",Crossed centerline (undivided),None Indicated,,Daylight,Dry,Clear,None apparent,Intersection:  Four-way intersection,Paved,,Property Damage Only,0,0,0,0,0,0,2000,2,9,,POINT (-90.665098532681 42.492004570747)
2014811434,2014-15820,08/03/2014,08-August,1-Sunday,21:57,2100 Hours,District 6 (East Central),DIXON,SCOTT,,Co Rd Y4E/BIG ROCK RD,Collision with:  Animal,,,Animal,None Indicated,,,,,,,Paved,,Property Damage Only,0,0,0,0,0,0,1500,1,1,,POINT (-90.788364399195 41.746438596672)
2014810537,2014008307,08/03/2014,08-August,1-Sunday,13:43,1300 Hours,District 6 (East Central),IOWA CITY,JOHNSON,IA 1,IA 1/E BURLINGTON ST & S GILBERT ST,Collision with:  Vehicle in traffic,On Roadway,Rear-end (front to rear),Followed too close,None Indicated,,Daylight,Dry,Clear,None apparent,Intersection:  Four-way intersection,Paved,,Property Damage Only,0,0,0,0,0,0,5000,3,5,,POINT (-91.530162905741 41.657801962034)
2014810929,2014044925,08/03/2014,08-August,1-Sunday,11:10,1100 Hours,District 4 (Southwest),,POTTAWATTAMIE,I-80,I-80,Non-collision events:  Jackknife,On Roadway,Non-collision (single vehicle),Swerving/Evasive Action,None Indicated,,Daylight,Dry,Cloudy,None apparent,Non-intersection:  Non-junction/no special feature,Paved,,Property Damage Only,0,0,0,0,0,0,12000,2,3,,POINT (-95.622104622138 41.436020655746)
2014813395,20140022410,08/03/2014,08-August,1-Sunday,17:45,1700 Hours,District 1 (Central),DES MOINES,POLK,,UNIVERSITY AVE & 48TH ST,Collision with:  Vehicle in traffic,On Roadway,Broadside (front to side),Ran Stop Sign,None Indicated,,Daylight,Dry,Cloudy,None apparent,Intersection:  T-intersection,Paved,,Property Damage Only,0,0,0,0,0,0,3250,2,2,,POINT (-93.682542422572 41.600367740414)
2014811137,14-27061,08/03/2014,08-August,1-Sunday,00:36,0000 Hours,District 5 (Southeast),WEST BURLINGTON,DES MOINES,,AGENCY ST,Collision with:  Vehicle in traffic,On Roadway,Rear-end (front to rear),"Operating vehicle in an reckless, erratic, careless, negligent manner",None Indicated,,Dark - roadway lighted,Dry,Clear,None apparent,Intersection:  Four-way intersection,Paved,,Property Damage Only,0,0,0,0,0,0,2500,2,2,,POINT (-91.149345741556 40.814247557033)
2014810536,2014008305,08/03/2014,08-August,1-Sunday,11:31,1100 Hours,District 6 (East Central),IOWA CITY,JOHNSON,,FRIENDSHIP ST & E COURT ST,Collision with:  Vehicle in traffic,On Roadway,"Angle, oncoming left turn",Made improper turn,None Indicated,,Daylight,Dry,Clear,None apparent,Intersection:  Four-way intersection,Paved,,Property Damage Only,0,0,0,0,0,0,1500,2,3,,POINT (-91.484747137294 41.657013952216)
2014810935,,08/03/2014,08-August,1-Sunday,16:30,1600 Hours,District 6 (East Central),CAMANCHE,CLINTON,US 67,US 67,Collision with fixed object:  Other fixed object (explain in narrative),On Roadway,Non-collision (single vehicle),Other (explain in narrative):  No improper action,None Indicated,,Daylight,,Clear,Ruts/holes/bumps,Non-intersection:  Non-junction/no special feature,Paved,,Property Damage Only,0,0,0,0,0,0,1500,1,1,,POINT (-90.279314789228 41.786200400952)
2014811947,108-2014,08/03/2014,08-August,1-Sunday,20:15,2000 Hours,District 4 (Southwest),,HARRISON,,Co Rd F66/335TH ST,Collision with:  Animal,,,Animal,None Indicated,,,,,,,Paved,,Property Damage Only,0,0,0,0,0,0,2500,1,1,,POINT (-95.824363906761 41.531683843475)
2014810577,14-003306,08/03/2014,08-August,1-Sunday,10:14,1000 Hours,District 1 (Central),ANKENY,POLK,I-35,I-35,Miscellaneous events:  Fire/explosion,On Roadway,Non-collision (single vehicle),Unknown,None Indicated,,Daylight,Dry,Clear,None apparent,Interchange-related:  Off-ramp,Paved,,Property Damage Only,0,0,0,0,0,0,3000,1,1,,POINT (-93.575094367252 41.701475380443)
2014832880,14-005614,08/03/2014,08-August,1-Sunday,08:20,0800 Hours,District 3 (Northwest),EMMETSBURG,PALO ALTO,,7TH ST & BROADWAY ST,Collision with:  Non-motorist (see non-motorist section - NOT a unit),On Roadway,Non-collision (single vehicle),Other (explain in narrative):  Vision obstructed,None Indicated,,Daylight,Dry,Cloudy,None apparent,Non-intersection:  Non-junction/no special feature,Paved,,Minor Injury,0,2,0,2,0,0,0,1,1,,POINT (-94.678890434224 43.11384361306)
2014810649,14-001780,08/03/2014,08-August,1-Sunday,14:20,1400 Hours,District 1 (Central),ALTOONA,POLK,US 6,US 6/FREDERICK M HUBBELL AVE & 36TH AVE SW & PRAIRIE CROSSING NW,Collision with:  Vehicle in traffic,On Roadway,Broadside (front to side),Ran Traffic Signal,None Indicated,,Daylight,Dry,Cloudy,None apparent,Intersection:  Four-way intersection,Paved,,Minor Injury,0,2,0,1,1,0,14000,2,2,,POINT (-93.509164764424 41.65024756987)
2014811079,2014-16579,08/03/2014,08-August,1-Sunday,11:23,1100 Hours,District 5 (Southeast),INDIANOLA,WARREN,US 65,US 65/N JEFFERSON WAY,Collision with:  Vehicle in traffic,On Roadway,Broadside (front to side),FTYROW:  From stop sign,None Indicated,,Daylight,Dry,Clear,None apparent,Non-intersection:  Driveway access (within),Paved,,Possible/Unknown,0,1,0,0,1,0,10000,2,3,,POINT (-93.558627336304 41.383696768632)
2014810899,14-000893,08/03/2014,08-August,1-Sunday,09:05,0900 Hours,District 1 (Central),,STORY,I-35,I-35,Collision with:  Vehicle in traffic,On Roadway,Rear-end (front to rear),Followed too close,None Indicated,,Daylight,Dry,Clear,None apparent,Interchange-related:  Off-ramp,Paved,,Property Damage Only,0,0,0,0,0,0,7250,2,3,,POINT (-93.566580631847 42.08152314238)
2014810904,14-0433,08/03/2014,08-August,1-Sunday,22:30,2200 Hours,District 1 (Central),FORT DODGE,WEBSTER,,PARAGON AVE,Collision with fixed object:  Ditch,Outside trafficway,Non-collision (single vehicle),Driving too fast for conditions,None Indicated,,Dark - roadway not lighted,Dry,Clear,None apparent,Non-intersection:  Non-junction/no special feature,Paved,,Possible/Unknown,0,1,0,0,1,0,10000,1,1,,POINT (-94.148294057197 42.479675168288)
2014817081,,08/03/2014,08-August,1-Sunday,20:00,2000 Hours,District 1 (Central),,HAMILTON,I-35,I-35,Non-collision events:  Other non-collision (explain in narrative),Median,Non-collision (single vehicle),Other (explain in narrative):  Other,None Indicated,,Dusk,Dry,Clear,Ruts/holes/bumps,Non-intersection:  Crossover-related,Paved,,Property Damage Only,0,0,0,0,0,0,1600,1,1,,POINT (-93.569586755911 42.440712060957)
2014811451,201400037785,08/03/2014,08-August,1-Sunday,21:28,2100 Hours,District 5 (Southeast),OTTUMWA,WAPELLO,,MADISON AVE & E FINLEY AVE,Collision with:  Vehicle in traffic,Outside trafficway,Broadside (front to side),Lost Control,Alcohol (Statutory),,Dark - roadway not lighted,"Mud, dirt",Clear,"Surface condition (e.g., wet, icy)",Non-intersection:  Non-junction/no special feature,Paved,,Minor Injury,0,1,0,1,0,0,3000,2,1,,POINT (-92.412633322287 41.002088257828)
2014811048,2014-53951,08/03/2014,08-August,1-Sunday,16:26,1600 Hours,District 6 (East Central),DAVENPORT,SCOTT,,IA 461/HARRISON ST,Collision with:  Vehicle in traffic,On Roadway,Unknown,Made improper turn,None Indicated,,Daylight,Dry,Clear,None apparent,Non-intersection:  Non-junction/no special feature,Paved,,Property Damage Only,0,0,0,0,0,0,7000,2,2,,POINT (-90.577233380448 41.538942855904)
2014810628,20140022386,08/03/2014,08-August,1-Sunday,09:30,0900 Hours,District 5 (Southeast),DES MOINES,WARREN,US 65,US 65,Collision with:  Non-motorist (see non-motorist section - NOT a unit),Shoulder,Non-collision (single vehicle),Unknown,None Indicated,,Daylight,Dry,Cloudy,Unknown,Non-intersection:  Non-junction/no special feature,Paved,,Minor Injury,0,1,0,1,0,0,0,1,1,,POINT (-93.567565449458 41.495445031437)
2014810635,14-3724,08/03/2014,08-August,1-Sunday,10:39,1000 Hours,District 1 (Central),WEST DES MOINES,POLK,I-35,I-35,Collision with:  Vehicle in traffic,On Roadway,"Sideswipe, same direction",Unknown,None Indicated,,Daylight,"Mud, dirt",Cloudy,"Surface condition (e.g., wet, icy)",Interchange-related:  On-ramp,Paved,,Property Damage Only,0,0,0,0,0,0,6000,2,2,,POINT (-93.778619596559 41.594929321786)
2014810722,2014-0301,08/03/2014,08-August,1-Sunday,01:47,0100 Hours,District 5 (Southeast),NORWALK,WARREN,IA 28,IA 28/IOWA 28,Non-collision events:  Overturn/rollover,On Roadway,Non-collision (single vehicle),Over correcting/over steering,None Indicated,,Dark - roadway not lighted,Dry,Clear,None apparent,Non-intersection:  Non-junction/no special feature,Paved,,Minor Injury,0,2,0,2,0,0,10000,1,2,,POINT (-93.676514479755 41.51028542799)
2014811164,201411282,08/03/2014,08-August,1-Sunday,14:10,1400 Hours,District 6 (East Central),CEDAR RAPIDS,LINN,IA 922,IA 922/WILLIAMS BLVD/1ST AVE W & 18TH ST NW & 18TH ST SW,Collision with:  Vehicle in traffic,On Roadway,Broadside (front to side),Ran Traffic Signal,None Indicated,,Daylight,Dry,Clear,None apparent,Intersection:  Four-way intersection,Paved,,Property Damage Only,0,0,0,0,0,0,9000,2,4,,POINT (-91.696596552765 41.970865366801)
2014811481,201403526,08/03/2014,08-August,1-Sunday,11:40,1100 Hours,District 1 (Central),BOONE,BOONE,,280TH ST & X AVE,Collision with:  Vehicle in traffic,On Roadway,Broadside (front to side),FTYROW:  At uncontrolled intersection,None Indicated,,Daylight,"Mud, dirt",Clear,None apparent,Intersection:  Four-way intersection,Unpaved,,Property Damage Only,0,0,0,0,0,0,10000,2,2,,POINT (-93.71746569416 41.950498063999)
2014817557,032-074-14,08/03/2014,08-August,1-Sunday,03:30,0300 Hours,District 3 (Northwest),ESTHERVILLE,EMMET,,W 8TH AVE N,Collision with:  Parked motor vehicle,On Roadway,Rear-end (front to rear),"Operating vehicle in an reckless, erratic, careless, negligent manner",None Indicated,,Dark - roadway lighted,Dry,Clear,None apparent,Non-intersection:  Non-junction/no special feature,Paved,,Property Damage Only,0,0,0,0,0,0,1500,2,1,,POINT (-94.855156998464 43.410003381688)
2014811706,2014-14743,08/03/2014,08-August,1-Sunday,13:03,1300 Hours,District 6 (East Central),BETTENDORF,SCOTT,I-74,I-74 & US 67/STATE ST & 14TH ST,Collision with:  Vehicle in traffic,Roadside,Rear-end (front to rear),Other (explain in narrative):  Other,None Indicated,,Daylight,Dry,Cloudy,None apparent,Intersection:  Four-way intersection,Paved,,Possible/Unknown,0,2,0,0,2,0,800,2,4,,POINT (-90.513078152607 41.525170747955)
2014812130,CL14002735,08/03/2014,08-August,1-Sunday,19:11,1900 Hours,District 6 (East Central),CLINTON,CLINTON,,2ND AVE S & S 6TH ST,Collision with:  Vehicle in traffic,On Roadway,Broadside (front to side),Ran Stop Sign,None Indicated,,Daylight,Dry,Cloudy,None apparent,Unknown,Paved,,Property Damage Only,0,0,0,0,0,0,9000,2,2,,POINT (-90.198946330243 41.844461964624)
2014811845,14013208,08/03/2014,08-August,1-Sunday,16:49,1600 Hours,District 2 (Northeast),MASON CITY,CERRO GORDO,,S VAN BUREN AVE,Collision with:  Non-motorist (see non-motorist section - NOT a unit),On Roadway,Non-collision (single vehicle),FTYROW:  To pedestrian,None Indicated,,Daylight,Dry,Clear,None apparent,Non-intersection:  Non-junction/no special feature,Paved,,Minor Injury,0,1,0,1,0,0,100,1,1,,POINT (-93.212821004204 43.147998766354)
2014810892,14-032667,08/04/2014,08-August,2-Monday,16:45,1600 Hours,District 4 (Southwest),COUNCIL BLUFFS,POTTAWATTAMIE,,RAMELLE DR,Collision with:  Parked motor vehicle,Roadside,Broadside (front to side),Unknown,None Indicated,,Daylight,Dry,Clear,None apparent,Non-intersection:  Non-junction/no special feature,Paved,,Property Damage Only,0,0,0,0,0,0,2500,2,1,,POINT (-95.889887673853 41.222367287807)
2014811971,,08/04/2014,08-August,2-Monday,18:20,1800 Hours,District 2 (Northeast),,FLOYD,,GILBERT ST,,Roadside,Non-collision (single vehicle),Swerving/Evasive Action,None Indicated,,Daylight,Dry,Clear,None apparent,Non-intersection:  Non-junction/no special feature,Paved,,Property Damage Only,0,0,0,0,0,0,5000,1,1,,POINT (-92.702019009963 43.081046336614)
2014811417,14004466,08/04/2014,08-August,2-Monday,23:43,2300 Hours,District 2 (Northeast),,HANCOCK,,Co Rd B63/120TH ST & Co Rd R26/FORD AVE,Collision with fixed object:  Ditch,Roadside,Non-collision (single vehicle),Swerving/Evasive Action,None Indicated,,Dark - roadway not lighted,Dry,Clear,None apparent,Intersection:  Four-way intersection,Paved,,Possible/Unknown,0,1,0,0,1,0,5000,1,1,,POINT (-93.872014266449 42.937192490288)
2014810859,14018020,08/04/2014,08-August,2-Monday,11:10,1100 Hours,District 5 (Southeast),OSKALOOSA,MAHASKA,,5TH AVE W,Collision with:  Parked motor vehicle,On Roadway,Broadside (front to side),Unknown,None Indicated,,Daylight,Dry,Cloudy,None apparent,Non-intersection:  Driveway access (within),Paved,,Property Damage Only,0,0,0,0,0,0,2000,2,2,,POINT (-92.650558930092 41.290815175608)