Iowa DOT Case Number,Law Enforcement Case Number,Date of Crash,Month of Crash,Day of Week,Time of Crash,Hour,DOT District,City Name,County Name,Route with System,Location Description,First Harmful Event,Location of First Harmful Event,Manner of Crash/Collision,Major Cause,Drug or Alcohol ,Environmental Conditions,Light Conditions,Surface Conditions,Weather Conditions,Roadway Contribution,Roadway Type,Roadway Surface,Work Zone,Crash Severity,Number of Fatalities,Number of Injuries,Number of Major Injuries,Number of Minor Injuries,Number of Possible Injuries,Number of Unknown Injuries,Amount of Property Damage,Number of Vehicles Involved,Total Number of Occupants,Travel Direction,Location
2014811859,P14-009192,08/09/2014,08-August,7-Saturday,11:13,1100 Hours,District 1 (Central),WEBSTER CITY,HAMILTON,,2ND ST & BROADWAY ST,Collision with:  Vehicle in traffic,On Roadway,Broadside (front to side),FTYROW:  From stop sign,None Indicated,,Daylight,Dry,Clear,None apparent,Intersection:  Four-way intersection,Paved,,Property Damage Only,0,0,0,0,0,0,9000,2,2,,POINT (-93.826299312524 42.469516726584)
2014812683,14-003668,08/09/2014,08-August,7-Saturday,14:50,1400 Hours,District 1 (Central),AMES,STORY,US 69,US 69/S DUFF AVE & S 5TH ST & SE 5TH ST,Collision with:  Vehicle in traffic,On Roadway,Rear-end (front to rear),Followed too close,None Indicated,,Daylight,Dry,Cloudy,None apparent,Intersection:  Four-way intersection,Paved,,Property Damage Only,0,0,0,0,0,0,3500,2,3,,POINT (-93.61039743035 42.017388064091)
2014812073,2014-55445,08/09/2014,08-August,7-Saturday,00:23,0000 Hours,District 6 (East Central),DAVENPORT,SCOTT,,W 7TH ST & WILKES AVE,Collision with fixed object:  Other fixed object (explain in narrative),On Roadway,Non-collision (single vehicle),Ran off road - right,None Indicated,,Dark - roadway lighted,Dry,Clear,None apparent,Intersection:  Four-way intersection,Paved,,Property Damage Only,0,0,0,0,0,0,2500,1,2,,POINT (-90.603648032694 41.526752540625)
2014811662,20140023061,08/09/2014,08-August,7-Saturday,10:34,1000 Hours,District 1 (Central),DES MOINES,POLK,,DEAN AVE,Collision with:  Vehicle in traffic,On Roadway,Broadside (front to side),FTYROW:  From driveway,None Indicated,,Daylight,Dry,Cloudy,None apparent,Non-intersection:  Driveway access (within),Paved,,Possible/Unknown,0,1,0,0,1,0,3600,2,2,,POINT (-93.570575676891 41.591268143586)
2014811592,14117926,08/09/2014,08-August,7-Saturday,23:19,2300 Hours,District 6 (East Central),,JOHNSON,I-80,I-80,Collision with fixed object:  Traffic sign support,Gore,Non-collision (single vehicle),Swerving/Evasive Action,None Indicated,,Dark - roadway not lighted,Dry,Clear,None apparent,Interchange-related:  Off-ramp,Paved,,Property Damage Only,0,0,0,0,0,0,12500,1,2,,POINT (-91.439946702757 41.669591447451)
2014817075,,08/09/2014,08-August,7-Saturday,16:35,1600 Hours,District 2 (Northeast),GARNER,HANCOCK,US 18,US 18 & N STATE ST,Collision with:  Vehicle in traffic,On Roadway,Rear-end (front to rear),Other (explain in narrative):  Other,None Indicated,,Daylight,Dry,Clear,None apparent,Intersection:  Four-way intersection,Paved,,Property Damage Only,0,0,0,0,0,0,2100,3,6,,POINT (-93.602137561674 43.105811282425)
2014811837,081114-132,08/09/2014,08-August,7-Saturday,11:00,1100 Hours,District 3 (Northwest),,BUENA VISTA,,220TH AVE,,On Roadway,Non-collision (single vehicle),Driving too fast for conditions,None Indicated,,Daylight,Wet,Clear,None apparent,Non-intersection:  Non-junction/no special feature,Unpaved,,Property Damage Only,0,0,0,0,0,0,2000,1,1,,POINT (-94.973912600163 42.683626855191)
2014812570,14-019641,08/09/2014,08-August,7-Saturday,15:16,1500 Hours,District 5 (Southeast),HAMILTON,MARION,,WABASH DR & EAST ST,Collision with fixed object:  Ditch,On Roadway,Non-collision (single vehicle),Crossed centerline (undivided),Alcohol (< Statutory),,Daylight,Dry,Cloudy,Non-highway work,Non-intersection:  Non-junction/no special feature,Paved,,Major Injury,0,1,1,0,0,0,2000,1,1,,POINT (-92.904897408405 41.167429915575)
2014811891,20140023015,08/09/2014,08-August,7-Saturday,01:15,0100 Hours,District 5 (Southeast),DES MOINES,WARREN,IA 5,IA 5/IOWA 5,Collision with:  Animal,On Roadway,Non-collision (single vehicle),Animal,None Indicated,,Dark - unknown roadway lighting,Dry,Clear,None apparent,Non-intersection:  Non-junction/no special feature,Paved,,Property Damage Only,0,0,0,0,0,0,1500,1,2,,POINT (-93.643900577516 41.50709488654)
2014811683,14-001829,08/09/2014,08-August,7-Saturday,15:34,1500 Hours,District 1 (Central),ALTOONA,POLK,I-80,I-80,Collision with:  Vehicle in traffic,On Roadway,Rear-end (front to rear),Followed too close,None Indicated,,Daylight,Dry,Cloudy,None apparent,Intersection:  Intersection with ramp,Paved,,Property Damage Only,0,0,0,0,0,0,4500,2,3,,POINT (-93.464733521883 41.665639901857)
2014813801,2014-3805,08/09/2014,08-August,7-Saturday,22:02,2200 Hours,District 4 (Southwest),WAUKEE,DALLAS,,Co Rd R22/UTE AVE,Non-collision events:  Other non-collision (explain in narrative),Outside trafficway,Non-collision (single vehicle),Ran off road - right,Alcohol (Statutory),,Dark - roadway not lighted,"Mud, dirt",Cloudy,None apparent,Non-intersection:  Driveway access (within),Paved,,Possible/Unknown,0,1,0,0,1,0,3000,1,1,,POINT (-93.880543090204 41.573288146577)
2014813456,145963PD,08/09/2014,08-August,7-Saturday,13:28,1300 Hours,District 1 (Central),BOONE,BOONE,,PARK AVE & S STORY ST,Collision with:  Vehicle in traffic,On Roadway,Broadside (front to side),Ran Traffic Signal,None Indicated,,Daylight,Dry,Cloudy,None apparent,Intersection:  Four-way intersection,Paved,,Possible/Unknown,0,3,0,0,3,0,12000,2,3,,POINT (-93.879904180459 42.048070887242)
2014814639,90-14-000263,08/09/2014,08-August,7-Saturday,01:15,0100 Hours,District 2 (Northeast),,HUMBOLDT,,Co Rd P66/UTAH AVE,Collision with fixed object:  Ditch,On Roadway,Non-collision (single vehicle),Exceeded authorized speed,Alcohol (Statutory),,Dark - roadway not lighted,Dry,Clear,None apparent,Non-intersection:  Non-junction/no special feature,Paved,,Fatal,1,0,0,0,0,0,6000,1,1,,POINT (-94.050141604943 42.797674404849)
2014812776,2014046430,08/09/2014,08-August,7-Saturday,06:50,0600 Hours,District 6 (East Central),DAVENPORT,SCOTT,I-280,I-280,Non-collision events:  Other non-collision (explain in narrative),On Roadway,Non-collision (single vehicle),Other (explain in narrative):  No improper action,None Indicated,,Daylight,Dry,Cloudy,None apparent,Non-intersection:  Non-junction/no special feature,Paved,,Property Damage Only,0,0,0,0,0,0,4000,1,1,,POINT (-90.674143276915 41.521427783947)
2014811529,W14-080000,08/09/2014,08-August,7-Saturday,18:07,1800 Hours,District 2 (Northeast),WATERLOO,BLACK HAWK,,BLOWERS AVE & IDAHO ST,Collision with:  Vehicle in traffic,On Roadway,Broadside (front to side),Other (explain in narrative):  Other,None Indicated,,Daylight,Dry,Clear,None apparent,Intersection:  Four-way intersection,Paved,,Major Injury,0,1,1,0,0,0,1400,2,2,,POINT (-92.307632547228 42.488172600712)
2014811809,2014008540,08/09/2014,08-August,7-Saturday,21:16,2100 Hours,District 6 (East Central),IOWA CITY,JOHNSON,,SHERMAN DR,Collision with:  Vehicle in traffic,On Roadway,Rear-end (front to rear),Improper Backing,None Indicated,,Dark - roadway not lighted,Dry,Clear,None apparent,Non-intersection:  Non-junction/no special feature,Paved,,Property Damage Only,0,0,0,0,0,0,1500,2,1,,POINT (-91.508714460478 41.630658148214)
2014811791,02136,08/09/2014,08-August,7-Saturday,20:45,2000 Hours,District 6 (East Central),DYERSVILLE,DUBUQUE,US 20,US 20,Collision with:  Animal,,,Animal,None Indicated,,,,,,,Paved,,Property Damage Only,0,0,0,0,0,0,2500,1,1,,POINT (-91.095599667487 42.469432589791)
2014811528,W14-079967,08/09/2014,08-August,7-Saturday,16:09,1600 Hours,District 2 (Northeast),WATERLOO,BLACK HAWK,,E RIDGEWAY AVE & W 11TH ST,Collision with:  Vehicle in traffic,On Roadway,Broadside (front to side),FTYROW:  From stop sign,None Indicated,,Daylight,Dry,Clear,None apparent,Intersection:  T-intersection,Paved,,Property Damage Only,0,0,0,0,0,0,4300,2,2,,POINT (-92.334929975722 42.469376927372)
2014811798,S14-H0901,08/09/2014,08-August,7-Saturday,15:11,1500 Hours,District 5 (Southeast),,CLARKE,,250 AVE,Non-collision events:  Other non-collision (explain in narrative),On Roadway,Non-collision (single vehicle),Over correcting/over steering,None Indicated,,Daylight,Dry,Cloudy,Ruts/holes/bumps,Non-intersection:  Non-junction/no special feature,Unpaved,,Property Damage Only,0,0,0,0,0,0,4300,1,1,,POINT (-93.729795087335 40.948360485876)
2014811688,S14-003115,08/09/2014,08-August,7-Saturday,03:54,0300 Hours,District 4 (Southwest),,POTTAWATTAMIE,I-680,I-680 & IA 191/IOWA 191 & Co Rd G8L/RAILROAD HWY,Non-collision events:  Overturn/rollover,On Roadway,Non-collision (single vehicle),"Operating vehicle in an reckless, erratic, careless, negligent manner",None Indicated,,Dark - roadway not lighted,Dry,Cloudy,None apparent,Non-intersection:  Non-junction/no special feature,Paved,,Minor Injury,0,1,0,1,0,0,5000,1,1,,POINT (-95.601911367421 41.497596515073)
2014811956,,08/09/2014,08-August,7-Saturday,11:10,1100 Hours,District 5 (Southeast),,LUCAS,US 34,US 34,Collision with:  Animal,On Roadway,Non-collision (single vehicle),Animal,None Indicated,,Daylight,Dry,Cloudy,None apparent,Non-intersection:  Non-junction/no special feature,Paved,,Possible/Unknown,0,1,0,0,1,0,15000,1,3,,POINT (-93.208796800654 41.000512990187)
2014811876,20140023207,08/10/2014,08-August,1-Sunday,15:36,1500 Hours,District 1 (Central),DES MOINES,POLK,,DEAN AVE & ROCK ISLAND AVE,Collision with:  Vehicle in traffic,On Roadway,"Sideswipe, same direction",Unknown,None Indicated,,Daylight,Dry,Clear,None apparent,Non-intersection:  Non-junction/no special feature,Paved,,Property Damage Only,0,0,0,0,0,0,1500,2,3,,POINT (-93.55214616313 41.591232027996)
2014811823,2014046643,08/10/2014,08-August,1-Sunday,14:00,1400 Hours,District 1 (Central),,HAMILTON,I-35,I-35,Collision with:  Vehicle in traffic,On Roadway,Rear-end (front to rear),Followed too close,None Indicated,,Daylight,Dry,Clear,Work Zone (roadway-related),Non-intersection:  Other non-intersection (explain in narrative),Paved,Yes,Property Damage Only,0,0,0,0,0,0,2000,2,2,,POINT (-93.569152249072 42.447783872433)
2014811562,02-14-11926,08/10/2014,08-August,1-Sunday,07:13,0700 Hours,District 6 (East Central),,DUBUQUE,,Co Rd Y13/HOLY CROSS RD,Collision with:  Animal,,,Animal,None Indicated,,,,,,,Paved,,Property Damage Only,0,0,0,0,0,0,5000,1,1,,POINT (-90.999877502962 42.559242132266)
2014811690,S14-003129,08/10/2014,08-August,1-Sunday,00:13,0000 Hours,District 4 (Southwest),,POTTAWATTAMIE,,Co Rd H10/BUNGE AVE & Co Rd L35/WABASH AVE,Collision with fixed object:  Ditch,Outside trafficway,Non-collision (single vehicle),Ran off road - left,None Indicated,,Dark - roadway not lighted,Dry,Cloudy,None apparent,Non-intersection:  Non-junction/no special feature,Paved,,Property Damage Only,0,0,0,0,0,0,11000,1,3,,POINT (-95.792049296405 41.166853225994)
2014819457,,08/10/2014,08-August,1-Sunday,12:09,1200 Hours,District 6 (East Central),MAQUOKETA,JACKSON,US 61,US 61/NE RAMP/SE RAMP & IA 64/W PLATT ST,Collision with:  Vehicle in traffic,On Roadway,Rear-end (front to rear),Other (explain in narrative):  Other,None Indicated,,Daylight,Dry,Cloudy,None apparent,Intersection:  Intersection with ramp,Paved,,Property Damage Only,0,0,0,0,0,0,3500,2,2,,POINT (-90.682078317771 42.068892090703)
2014811703,14-033600,08/10/2014,08-August,1-Sunday,12:33,1200 Hours,District 4 (Southwest),COUNCIL BLUFFS,POTTAWATTAMIE,US 6,US 6/KANESVILLE BLVD & IA 192/S 6TH ST & N 6TH ST,Collision with:  Vehicle in traffic,On Roadway,Broadside (front to side),Made improper turn,None Indicated,,Daylight,Wet,Rain,None apparent,Non-intersection:  Non-junction/no special feature,Paved,,Property Damage Only,0,0,0,0,0,0,2500,2,2,,POINT (-95.851808955811 41.262071854397)
2014811596,14-24667,08/10/2014,08-August,1-Sunday,15:33,1500 Hours,District 5 (Southeast),FORT MADISON,LEE,US 61,US 61/US 61 NE RAMP/US 61 NW RAMP & Co Rd X32/303 AVE,Non-collision events:  Overturn/rollover,On Roadway,Non-collision (single vehicle),Ran off road - right,None Indicated,,Daylight,Dry,Cloudy,None apparent,Non-intersection:  Other non-intersection (explain in narrative),Paved,,Possible/Unknown,0,1,0,0,1,0,10000,1,1,,POINT (-91.327278045718 40.671818275728)
2014812110,14-25908,08/10/2014,08-August,1-Sunday,07:00,0700 Hours,District 3 (Northwest),SIOUX CITY,WOODBURY,,LARIMER AVE,Collision with:  Parked motor vehicle,On Roadway,"Sideswipe, opposite direction",Unknown,None Indicated,,Unknown,Dry,Clear,None apparent,Non-intersection:  Non-junction/no special feature,Paved,,Property Damage Only,0,0,0,0,0,0,1500,2,1,,POINT (-96.368469580964 42.465852851764)
2014811635,20140023202,08/10/2014,08-August,1-Sunday,14:50,1400 Hours,District 1 (Central),DES MOINES,POLK,,SE 5TH ST,Collision with:  Vehicle in traffic,On Roadway,Broadside (front to side),Ran Traffic Signal,None Indicated,,Daylight,Dry,Cloudy,None apparent,Intersection:  Four-way intersection,Paved,,Property Damage Only,0,0,0,0,0,0,3000,2,3,,POINT (-93.606442489289 41.526304044653)
2014811541,1408108161,08/10/2014,08-August,1-Sunday,04:02,0400 Hours,District 6 (East Central),,CLINTON,US 30,US 30,Collision with:  Animal,,,Animal,None Indicated,,,,,,,Paved,,Property Damage Only,0,0,0,0,0,0,1500,1,1,,POINT (-90.820649696984 41.82932797839)
2014811870,14010844,08/10/2014,08-August,1-Sunday,04:00,0400 Hours,District 4 (Southwest),,MILLS,,BUNGE AVE,Non-collision events:  Overturn/rollover,On Roadway,Non-collision (single vehicle),Exceeded authorized speed,Drug/Alcohol (Statutory),,Dark - roadway not lighted,Dry,Clear,None apparent,Non-intersection:  Non-junction/no special feature,Paved,,Fatal,1,0,0,0,0,0,8000,1,1,,POINT (-95.860189157839 41.147167074439)
2014814288,2014-1253,08/10/2014,08-August,1-Sunday,21:01,2100 Hours,District 1 (Central),JEFFERSON,GREENE,,Co Rd E57/305TH & Q AVE,Collision with:  Animal,On Roadway,Non-collision (single vehicle),Animal,None Indicated,,Dark - roadway not lighted,Dry,Cloudy,None apparent,Non-intersection:  Non-junction/no special feature,Paved,,Possible/Unknown,0,1,0,0,1,0,3000,1,2,,POINT (-94.31876131477 41.913804897245)
2014812458,14-196,08/10/2014,08-August,1-Sunday,23:41,2300 Hours,District 4 (Southwest),,TAYLOR,,110TH ST,Non-collision events:  Overturn/rollover,On Roadway,Non-collision (single vehicle),Swerving/Evasive Action,None Indicated,,Dark - roadway not lighted,"Mud, dirt",Clear,None apparent,Non-intersection:  Non-junction/no special feature,Unpaved,,Property Damage Only,0,0,0,0,0,0,10000,1,1,,POINT (-94.595047139973 40.884661323433)
2014811936,14-27996,08/10/2014,08-August,1-Sunday,04:43,0400 Hours,District 5 (Southeast),BURLINGTON,DES MOINES,,MADISON AVE,Collision with:  Vehicle in traffic,On Roadway,"Sideswipe, same direction",Other (explain in narrative):  Other,Alcohol (Statutory),,Dark - roadway lighted,Dry,Clear,None apparent,Non-intersection:  Non-junction/no special feature,Paved,,Property Damage Only,0,0,0,0,0,0,14000,2,1,,POINT (-91.107433018372 40.79258822338)
2014811999,02-14-11927,08/10/2014,08-August,1-Sunday,06:30,0600 Hours,District 6 (East Central),,DUBUQUE,,KEMP RD,Collision with fixed object:  Ditch,Roadside,Non-collision (single vehicle),Animal,None Indicated,,Dawn,Dry,Cloudy,None apparent,Non-intersection:  Non-junction/no special feature,Paved,,Property Damage Only,0,0,0,0,0,0,14000,1,1,,POINT (-90.650967311151 42.436513439651)
2014811591,J14000636,08/10/2014,08-August,1-Sunday,11:18,1100 Hours,District 6 (East Central),,JOHNSON,,LOWER OXFORD RD & LOWER OLD HWY 6 RD,Collision with:  Vehicle in traffic,On Roadway,Head-on (front to front),Crossed centerline (undivided),Alcohol (Statutory),,Daylight,Dry,Clear,None apparent,Intersection:  Y-intersection,Paved,,Minor Injury,0,1,0,1,0,0,7000,2,4,,POINT (-91.764218024206 41.72682997487)
2014812999,2014046597,08/10/2014,08-August,1-Sunday,06:25,0600 Hours,District 6 (East Central),,CEDAR,I-80,I-80,Collision with:  Animal,,,Animal,None Indicated,,,,,,,Paved,,Property Damage Only,0,0,0,0,0,0,4000,1,1,,POINT (-91.335929324129 41.664133173981)
2014811835,W14-080330,08/10/2014,08-August,1-Sunday,19:06,1900 Hours,District 2 (Northeast),WATERLOO,BLACK HAWK,,WYTH ROAD,Collision with:  Vehicle in traffic,On Roadway,Rear-end (front to rear),Improper Backing,None Indicated,,Daylight,Dry,Clear,None apparent,Non-intersection:  Driveway access (within),Paved,,Property Damage Only,0,0,0,0,0,0,5000,2,3,,POINT (-92.401854123905 42.53371415967)
2014811743,14-001007,08/10/2014,08-August,1-Sunday,16:44,1600 Hours,District 1 (Central),AMES,STORY,,IOWA STATE UNIVERSITY,Collision with fixed object:  Curb/island/raised median,Outside trafficway,Non-collision (single vehicle),Lost Control,None Indicated,,Daylight,Dry,Cloudy,None apparent,Non-intersection:  Other non-intersection (explain in narrative),Paved,,Possible/Unknown,0,2,0,0,2,0,2500,1,2,,POINT (-93.6492456741 42.029811120562)
2014811821,2014046619,08/10/2014,08-August,1-Sunday,10:49,1000 Hours,District 1 (Central),,HAMILTON,I-35,I-35,Collision with:  Other non-fixed object (explain in narrative),Roadside,Non-collision (single vehicle),Swerving/Evasive Action,None Indicated,,Daylight,Dry,Clear,Work Zone (roadway-related),Non-intersection:  Non-junction/no special feature,Paved,Yes,Property Damage Only,0,0,0,0,0,0,15000,1,1,,POINT (-93.569634339626 42.325029459011)
2014811677,14-1766,08/10/2014,08-August,1-Sunday,16:45,1600 Hours,District 1 (Central),URBANDALE,POLK,,86TH ST,Collision with:  Vehicle in traffic,On Roadway,Broadside (front to side),Ran Traffic Signal,None Indicated,,Daylight,Dry,Cloudy,None apparent,Intersection:  Four-way intersection,Paved,,Property Damage Only,0,0,0,0,0,0,8200,2,4,,POINT (-93.736549998826 41.629586984346)
2014811991,14011755,08/10/2014,08-August,1-Sunday,14:12,1400 Hours,District 6 (East Central),,CEDAR,,CHARLES AVE,Non-collision events:  Overturn/rollover,On Roadway,Non-collision (single vehicle),Driving too fast for conditions,None Indicated,,Daylight,"Mud, dirt",Clear,Non-highway work,Non-intersection:  Non-junction/no special feature,Unpaved,,Possible/Unknown,0,1,0,0,1,0,5050,1,1,,POINT (-91.327002380695 41.740254171903)
2014813122,CL14002816,08/10/2014,08-August,1-Sunday,15:41,1500 Hours,District 6 (East Central),CLINTON,CLINTON,,7TH AVE N & N 3RD ST,Collision with:  Vehicle in traffic,On Roadway,Broadside (front to side),Ran Traffic Signal,None Indicated,,Daylight,Dry,Clear,None apparent,Intersection:  Four-way intersection,Paved,,Minor Injury,0,4,0,4,0,0,23800,3,6,,POINT (-90.189692916868 41.851422299616)
2014811911,14-9273,08/10/2014,08-August,1-Sunday,22:30,2200 Hours,District 3 (Northwest),,SIOUX,,Co Rd K30/ELMWOOD AVE,Collision with:  Animal,On Roadway,Non-collision (single vehicle),Animal,None Indicated,,Dark - roadway not lighted,Dry,Cloudy,None apparent,Non-intersection:  Non-junction/no special feature,Paved,,Property Damage Only,0,0,0,0,0,0,7500,1,2,,POINT (-96.29516457717 43.230407283329)
2014812476,14011331,08/10/2014,08-August,1-Sunday,13:30,1300 Hours,District 5 (Southeast),,APPANOOSE,,Co Rd J45/540TH ST,Collision with fixed object:  Ditch,On Roadway,Non-collision (single vehicle),Swerving/Evasive Action,None Indicated,,Daylight,"Mud, dirt",Cloudy,None apparent,Non-intersection:  Non-junction/no special feature,Unpaved,,Property Damage Only,0,0,0,0,0,0,3000,1,1,,POINT (-92.792215707042 40.696100662262)
2014812112,14-25974,08/10/2014,08-August,1-Sunday,21:26,2100 Hours,District 3 (Northwest),SIOUX CITY,WOODBURY,,27TH ST & JACKSON ST,Collision with:  Vehicle in traffic,On Roadway,"Angle, oncoming left turn",FTYROW:  Making left turn,None Indicated,,Dark - roadway lighted,Dry,Clear,None apparent,Intersection:  Four-way intersection,Paved,,Possible/Unknown,0,1,0,0,1,0,10000,2,4,,POINT (-96.402257428947 42.51813329608)
2014820242,2014-55715,08/10/2014,08-August,1-Sunday,02:19,0200 Hours,District 6 (East Central),DAVENPORT,SCOTT,,E 53RD ST & UTICA RIDGE RD,Collision with fixed object:  Other fixed object (explain in narrative),Roadside,Non-collision (single vehicle),Ran off road - right,None Indicated,,Dark - roadway lighted,Dry,Clear,None apparent,Intersection:  Four-way intersection,Paved,,Property Damage Only,0,0,0,0,0,0,5500,1,1,,POINT (-90.513376845179 41.57491023282)
2014811520,14-011350,08/10/2014,08-August,1-Sunday,20:53,2000 Hours,District 5 (Southeast),,APPANOOSE,IA 5,IA 5/IOWA 5,Collision with:  Animal,On Roadway,Non-collision (single vehicle),Animal,None Indicated,,Dark - roadway not lighted,Dry,Cloudy,None apparent,Non-intersection:  Non-junction/no special feature,Paved,,Major Injury,0,1,1,0,0,0,3000,1,1,,POINT (-92.867560848784 40.674212365581)
2014831682,14-005767,08/10/2014,08-August,1-Sunday,11:00,1100 Hours,District 3 (Northwest),,PALO ALTO,,Co Rd N60/530 AVE & 350 ST,Collision with:  Animal,,,Animal,None Indicated,,,,,,,Paved,,Property Damage Only,0,0,0,0,0,0,4000,1,1,,POINT (-94.541539559741 43.140836884935)
2014811536,14004934,08/10/2014,08-August,1-Sunday,01:00,0100 Hours,District 2 (Northeast),,CERRO GORDO,,Co Rd B20/310TH ST & DOGWOOD AVE,Collision with:  Animal,,,Animal,None Indicated,,,,,,,Paved,,Property Damage Only,0,0,0,0,0,0,6000,1,1,,POINT (-93.438322890788 43.213587337018)
2014812826,14018257,08/10/2014,08-August,1-Sunday,20:42,2000 Hours,District 5 (Southeast),OSKALOOSA,MAHASKA,IA 92,IA 92/A AVE E & N 6TH ST,Collision with:  Vehicle in traffic,On Roadway,Rear-end (front to rear),Driver Distraction:  Manual operation of an electronic communication device,None Indicated,,Dusk,Dry,Clear,None apparent,Non-intersection:  Non-junction/no special feature,Paved,,Possible/Unknown,0,3,0,0,3,0,1500,2,4,,POINT (-92.637988610869 41.296271063113)
2014811559,01-14-35566,08/10/2014,08-August,1-Sunday,20:31,2000 Hours,District 6 (East Central),DUBUQUE,DUBUQUE,,W 9TH ST & IOWA ST,Collision with:  Vehicle in traffic,On Roadway,"Sideswipe, same direction",Made improper turn,None Indicated,,Dark - roadway lighted,Dry,Clear,None apparent,Intersection:  Other intersection (explain in narrative),Paved,,Property Damage Only,0,0,0,0,0,0,1500,2,3,,POINT (-90.666441713591 42.502018732028)
2014816219,14-2280,08/10/2014,08-August,1-Sunday,19:00,1900 Hours,District 2 (Northeast),OSAGE,MITCHELL,US 218,US 218/MAIN ST,Collision with:  Other non-fixed object (explain in narrative),Outside trafficway,Non-collision (single vehicle),Over correcting/over steering,None Indicated,,Daylight,Dry,Clear,None apparent,Non-intersection:  Non-junction/no special feature,Paved,,Property Damage Only,0,0,0,0,0,0,1969,1,2,,POINT (-92.810123828933 43.284100856727)
2014811789,14-033563,08/10/2014,08-August,1-Sunday,12:06,1200 Hours,District 5 (Southeast),MUSCATINE,MUSCATINE,,HARRISON ST,Collision with:  Vehicle in traffic,On Roadway,"Angle, oncoming left turn",FTYROW:  Making left turn,None Indicated,,Daylight,Dry,Clear,None apparent,Intersection:  Four-way intersection,Paved,,Minor Injury,0,3,0,1,2,0,8250,3,6,,POINT (-91.030347856252 41.444094595961)
2014811545,142366,08/10/2014,08-August,1-Sunday,13:04,1300 Hours,District 3 (Northwest),DENISON,CRAWFORD,,BROADWAY & N 17TH ST,Collision with:  Non-motorist (see non-motorist section - NOT a unit),On Roadway,Non-collision (single vehicle),Other (explain in narrative):  No improper action,None Indicated,,Daylight,Dry,Cloudy,None apparent,Intersection:  Four-way intersection,Paved,,Minor Injury,0,1,0,1,0,0,2500,1,2,,POINT (-95.348163234783 42.016763760309)
2014814315,081014667,08/10/2014,08-August,1-Sunday,20:00,2000 Hours,District 2 (Northeast),,MITCHELL,,370TH ST,Non-collision events:  Overturn/rollover,On Roadway,Non-collision (single vehicle),Equipment failure,None Indicated,,Daylight,Dry,Clear,None apparent,Non-intersection:  Non-junction/no special feature,Unpaved,,Minor Injury,0,1,0,1,0,0,1000,1,1,,POINT (-92.652186348513 43.298731355804)
2014811700,14-033557,08/10/2014,08-August,1-Sunday,02:51,0200 Hours,District 4 (Southwest),COUNCIL BLUFFS,POTTAWATTAMIE,,S 17TH ST,Collision with:  Vehicle in traffic,On Roadway,"Sideswipe, same direction",Other (explain in narrative):  Other,Refused,,Dark - roadway not lighted,Dry,Clear,None apparent,Non-intersection:  Non-junction/no special feature,Paved,,Property Damage Only,0,0,0,0,0,0,3500,2,1,,POINT (-95.869085736533 41.254842477891)
2014812426,14-0895,08/10/2014,08-August,1-Sunday,10:45,1000 Hours,District 1 (Central),PLEASANT HILL,POLK,IA 163,IA 163/E UNIVERSITY AVE,Collision with:  Vehicle in traffic,On Roadway,Rear-end (front to rear),Other (explain in narrative):  Other,None Indicated,,Daylight,Dry,Cloudy,None apparent,Non-intersection:  Non-junction/no special feature,Paved,,Property Damage Only,0,0,0,0,0,0,1500,2,4,,POINT (-93.501633218115 41.598903518063)
2014812111,14-25966,08/10/2014,08-August,1-Sunday,20:00,2000 Hours,District 3 (Northwest),SIOUX CITY,WOODBURY,,4TH ST & PIERCE ST,Collision with:  Vehicle in traffic,On Roadway,Broadside (front to side),Unknown,None Indicated,,Daylight,Dry,Clear,None apparent,Intersection:  Four-way intersection,Paved,,Possible/Unknown,0,1,0,0,1,0,5000,2,6,,POINT (-96.40492206544 42.494147199329)
2014811704,14-033607,08/10/2014,08-August,1-Sunday,14:07,1400 Hours,District 4 (Southwest),COUNCIL BLUFFS,POTTAWATTAMIE,,ELLIOT ST & MIDLAND DR & N BROADWAY,Collision with:  Vehicle in traffic,On Roadway,Rear-end (front to rear),Followed too close,None Indicated,,Daylight,Wet,Rain,None apparent,Non-intersection:  Non-junction/no special feature,Paved,,Possible/Unknown,0,1,0,0,1,0,6500,2,2,,POINT (-95.835398404011 41.279193309229)
2014813170,2014046676,08/10/2014,08-August,1-Sunday,16:55,1600 Hours,District 2 (Northeast),,BREMER,US 218,US 218/SW RAMP CURV,Collision with:  Vehicle in traffic,On Roadway,"Sideswipe, same direction",FTYROW:  Other (explain in narrative),None Indicated,,Daylight,Dry,Cloudy,Work Zone (roadway-related),Interchange-related:  On-ramp merge area,Paved,Yes,Property Damage Only,0,0,0,0,0,0,6000,2,5,,POINT (-92.534379647153 42.711596690843)
2014811597,14-24693,08/10/2014,08-August,1-Sunday,20:32,2000 Hours,District 5 (Southeast),FORT MADISON,LEE,IA 2,IA 2/IOWA 2,Collision with:  Animal,,,Animal,None Indicated,,,,,,,Paved,,Property Damage Only,0,0,0,0,0,0,1500,1,1,,POINT (-91.42227064984 40.632654581355)
2014812427,14-0897,08/10/2014,08-August,1-Sunday,15:58,1500 Hours,District 1 (Central),PLEASANT HILL,POLK,IA 163,IA 163/NE UNIVERSITY AVE & NE 80TH ST,Collision with:  Vehicle in traffic,On Roadway,"Angle, oncoming left turn",Swerving/Evasive Action,None Indicated,,Daylight,Dry,Cloudy,None apparent,Intersection:  Four-way intersection,Paved,,Property Damage Only,0,0,0,0,0,0,5000,2,6,,POINT (-93.443998074356 41.600509652521)