Iowa DOT Case Number,Law Enforcement Case Number,Date of Crash,Month of Crash,Day of Week,Time of Crash,Hour,DOT District,City Name,County Name,Route with System,Location Description,First Harmful Event,Location of First Harmful Event,Manner of Crash/Collision,Major Cause,Drug or Alcohol ,Environmental Conditions,Light Conditions,Surface Conditions,Weather Conditions,Roadway Contribution,Roadway Type,Roadway Surface,Work Zone,Crash Severity,Number of Fatalities,Number of Injuries,Number of Major Injuries,Number of Minor Injuries,Number of Possible Injuries,Number of Unknown Injuries,Amount of Property Damage,Number of Vehicles Involved,Total Number of Occupants,Travel Direction,Location
2014812335,2014046632,08/10/2014,08-August,1-Sunday,12:43,1200 Hours,District 4 (Southwest),,POTTAWATTAMIE,I-80,I-80,Collision with:  Vehicle in traffic,On Roadway,Rear-end (front to rear),Followed too close,None Indicated,,Daylight,Wet,Rain,Work Zone (roadway-related),Non-intersection:  Non-junction/no special feature,Paved,Yes,Property Damage Only,0,0,0,0,0,0,20500,3,8,,POINT (-95.235602277998 41.497360670013)
2014812538,14118254,08/10/2014,08-August,1-Sunday,17:30,1700 Hours,District 6 (East Central),TIFFIN,JOHNSON,US 6,US 6 & JASPER AVE,Collision with:  Vehicle in traffic,On Roadway,Broadside (front to side),Ran Stop Sign,None Indicated,,Daylight,Dry,Clear,None apparent,Intersection:  Four-way intersection,Paved,,Possible/Unknown,0,2,0,0,2,0,10000,2,2,,POINT (-91.647068675924 41.706028438903)
2014811754,14-2447,08/10/2014,08-August,1-Sunday,12:30,1200 Hours,District 1 (Central),FORT DODGE,WEBSTER,,4TH AVE S,Collision with:  Parked motor vehicle,Outside trafficway,"Sideswipe, opposite direction",Improper Backing,None Indicated,,Daylight,Dry,Clear,None apparent,Non-intersection:  Driveway access (within),Paved,,Property Damage Only,0,0,0,0,0,0,7500,2,1,,POINT (-94.172545948516 42.502060987523)
2014812428,14-0900,08/10/2014,08-August,1-Sunday,18:45,1800 Hours,District 1 (Central),PLEASANT HILL,POLK,,N HICKORY BLVD,Collision with:  Vehicle in traffic,On Roadway,"Sideswipe, same direction",Unknown,None Indicated,,Daylight,Dry,Cloudy,None apparent,Intersection:  Four-way intersection,Paved,,Property Damage Only,0,0,0,0,0,0,3000,2,6,,POINT (-93.517028458722 41.598871342898)
2014812208,14118217,08/10/2014,08-August,1-Sunday,16:04,1600 Hours,District 6 (East Central),,JOHNSON,,FISHER POND RD,Collision with:  Vehicle in traffic,On Roadway,Broadside (front to side),FTYROW:  From stop sign,None Indicated,,Daylight,Dry,Clear,None apparent,Intersection:  Four-way intersection,Unpaved,,Minor Injury,0,2,0,1,1,0,13000,2,4,,POINT (-91.617230811379 41.860876850964)
2014811702,14-033578,08/10/2014,08-August,1-Sunday,07:55,0700 Hours,District 4 (Southwest),COUNCIL BLUFFS,POTTAWATTAMIE,,9TH AVE,Collision with:  Vehicle in traffic,On Roadway,Broadside (front to side),Ran Stop Sign,None Indicated,,Daylight,Wet,Rain,None apparent,Intersection:  Four-way intersection,Paved,,Possible/Unknown,0,2,0,0,0,2,4600,3,3,,POINT (-95.904588288214 41.253708409847)
2014811822,2014046623,08/10/2014,08-August,1-Sunday,11:45,1100 Hours,District 1 (Central),,HAMILTON,I-35,I-35,Collision with:  Vehicle in traffic,On Roadway,Rear-end (front to rear),Followed too close,None Indicated,,Daylight,Dry,Cloudy,Work Zone (roadway-related),Non-intersection:  Non-junction/no special feature,Paved,Yes,Property Damage Only,0,0,0,0,0,0,3000,2,3,,POINT (-93.569429967419 42.307747716614)
2014815061,C14080274,08/10/2014,08-August,1-Sunday,13:44,1300 Hours,District 2 (Northeast),CEDAR FALLS,BLACK HAWK,,UNIVERSITY AVE,Collision with:  Vehicle in traffic,On Roadway,"Angle, oncoming left turn",Ran Traffic Signal,None Indicated,,Daylight,Dry,Clear,None apparent,Unknown,Paved,,Property Damage Only,0,0,0,0,0,0,3500,2,2,,POINT (-92.444193443205 42.513105914036)
2014811582,14-013526,08/10/2014,08-August,1-Sunday,01:52,0100 Hours,District 5 (Southeast),,HENRY,US 218,US 218,Collision with:  Animal,,,Animal,None Indicated,,,,,,,Paved,,Property Damage Only,0,0,0,0,0,0,10000,1,1,,POINT (-91.564990541045 40.865135716958)
2014811854,01-14-35569,08/10/2014,08-August,1-Sunday,20:46,2000 Hours,District 6 (East Central),DUBUQUE,DUBUQUE,US 52,US 52/CENTRAL AVE & E 19TH ST,Collision with:  Parked motor vehicle,Outside trafficway,"Angle, oncoming left turn",Lost Control,None Indicated,,Dark - roadway lighted,Dry,Clear,None apparent,Non-intersection:  Non-junction/no special feature,Paved,,Property Damage Only,0,0,0,0,0,0,3500,2,5,,POINT (-90.669580378618 42.510565539878)
2014814651,,08/10/2014,08-August,1-Sunday,02:42,0200 Hours,District 2 (Northeast),NEW HAMPTON,CHICKASAW,IA 24,IA 24/E MAIN ST & S PLEASANT HILL AVE & N PLEASANT HILL AVE,Collision with fixed object:  Tree,Outside trafficway,Non-collision (single vehicle),Lost Control,None Indicated,,Dark - roadway lighted,Unknown,Unknown,None apparent,Intersection:  Four-way intersection,Paved,,Possible/Unknown,0,1,0,0,1,0,1500,1,1,,POINT (-92.308644857082 43.05939995947)
2014811969,,08/10/2014,08-August,1-Sunday,00:54,0000 Hours,District 2 (Northeast),,ALLAMAKEE,IA 9,IA 9/IOWA 9 & MAYS PRAIRIE RD,Collision with fixed object:  Ditch,Shoulder,Non-collision (single vehicle),Swerving/Evasive Action,None Indicated,,Dark - roadway not lighted,Dry,Clear,None apparent,Non-intersection:  Non-junction/no special feature,Paved,,Possible/Unknown,0,1,0,0,1,0,5100,1,1,,POINT (-91.336862534673 43.357113601174)
2014813132,14-009964,08/10/2014,08-August,1-Sunday,21:36,2100 Hours,District 2 (Northeast),,FAYETTE,,T AVE,Collision with fixed object:  Ditch,On Roadway,Non-collision (single vehicle),Swerving/Evasive Action,None Indicated,,Dark - roadway not lighted,"Mud, dirt",Clear,None apparent,Non-intersection:  Non-junction/no special feature,Unpaved,,Property Damage Only,0,0,0,0,0,0,5000,1,1,,POINT (-91.98251040155 42.784119047073)
2014817037,A14058,08/10/2014,08-August,1-Sunday,01:08,0100 Hours,District 5 (Southeast),KNOXVILLE,MARION,IA 14,IA 14/LINCOLN ST,Collision with:  Vehicle in traffic,On Roadway,Broadside (front to side),FTYROW:  At uncontrolled intersection,None Indicated,,Dark - roadway lighted,Dry,Cloudy,None apparent,Intersection:  Other intersection (explain in narrative),Paved,,Property Damage Only,0,0,0,0,0,0,3000,2,4,,POINT (-93.109508458211 41.321019043094)
2014812943,14-006906,08/10/2014,08-August,1-Sunday,13:55,1300 Hours,District 4 (Southwest),MARNE,CASS,I-80,I-80,Collision with:  Vehicle in traffic,On Roadway,Rear-end (front to rear),Followed too close,None Indicated,,Daylight,Wet,Rain,None apparent,Non-intersection:  Non-junction/no special feature,Paved,,Property Damage Only,0,0,0,0,0,0,2700,3,4,,POINT (-95.070039509352 41.496948399879)
2014811977,SO140323,08/10/2014,08-August,1-Sunday,23:17,2300 Hours,District 4 (Southwest),CORNING,ADAMS,,Co Rd P13/WALNUT AVE,Collision with:  Animal,,,Animal,None Indicated,,,,,,,Unpaved,,Property Damage Only,0,0,0,0,0,0,2500,1,1,,POINT (-94.499535012544 41.109615791616)
2014812078,2014-55868,08/10/2014,08-August,1-Sunday,21:38,2100 Hours,District 6 (East Central),DAVENPORT,SCOTT,,SYLVAN AVE,Collision with fixed object:  Tree,Outside trafficway,Non-collision (single vehicle),Ran off road - right,None Indicated,,Dark - roadway lighted,Dry,Clear,None apparent,Non-intersection:  Non-junction/no special feature,Unpaved,,Minor Injury,0,1,0,1,0,0,4500,1,1,,POINT (-90.563610959373 41.530134824519)
2014815579,14-003424,08/10/2014,08-August,1-Sunday,15:06,1500 Hours,District 1 (Central),ANKENY,POLK,,SW 3RD ST,Collision with:  Parked motor vehicle,Outside trafficway,"Sideswipe, same direction",Illegally Parked/Unattended,None Indicated,,Daylight,Dry,Cloudy,None apparent,Non-intersection:  Non-junction/no special feature,Paved,,Property Damage Only,0,0,0,0,0,0,2000,2,1,,POINT (-93.606787625165 41.729603571387)
2014811963,,08/10/2014,08-August,1-Sunday,15:56,1500 Hours,District 4 (Southwest),ADEL,DALLAS,US 169,US 169/N 8TH ST,Collision with:  Vehicle in traffic,On Roadway,Rear-end (front to rear),Followed too close,None Indicated,,Daylight,Dry,Clear,None apparent,Intersection:  Four-way intersection,Paved,,Property Damage Only,0,0,0,0,0,0,4000,2,6,,POINT (-94.017503164077 41.61863443365)
2014811961,,08/10/2014,08-August,1-Sunday,04:35,0400 Hours,District 5 (Southeast),,VAN BUREN,,Co Rd J40/RTE J40,Collision with:  Animal,On Roadway,Non-collision (single vehicle),Animal,None Indicated,,Dark - roadway not lighted,Dry,Clear,,Non-intersection:  Non-junction/no special feature,Paved,,Property Damage Only,0,0,0,0,0,0,14500,1,1,,POINT (-92.063232250311 40.725566267534)
2014812102,S2014-007873,08/10/2014,08-August,1-Sunday,07:30,0700 Hours,District 3 (Northwest),SIOUX CITY,WOODBURY,,Co Rd D18/CORRECTIONVILLE RD,Collision with fixed object:  Ditch,Shoulder,Non-collision (single vehicle),Ran off road - right,Alcohol (Statutory),,Daylight,Dry,Cloudy,None apparent,Non-intersection:  Non-junction/no special feature,Paved,,Property Damage Only,0,0,0,0,0,0,26200,1,1,,POINT (-96.3214649859 42.496896184141)
2014811650,20140023172,08/10/2014,08-August,1-Sunday,10:15,1000 Hours,District 1 (Central),DES MOINES,POLK,US 6,US 6/E EUCLID AVE & US 69/E 14TH ST,Collision with:  Vehicle in traffic,On Roadway,"Angle, oncoming left turn",Made improper turn,None Indicated,,Daylight,Dry,Cloudy,None apparent,Non-intersection:  Non-junction/no special feature,Paved,,Property Damage Only,0,0,0,0,0,0,4500,2,2,,POINT (-93.600512974607 41.627703011862)
2014812100,S14-7883,08/10/2014,08-August,1-Sunday,17:26,1700 Hours,District 3 (Northwest),SLOAN,WOODBURY,I-29,I-29,Collision with:  Vehicle in traffic,On Roadway,Rear-end (front to rear),Swerving/Evasive Action,None Indicated,,Daylight,Dry,Cloudy,None apparent,Non-intersection:  Non-junction/no special feature,Paved,,Property Damage Only,0,0,0,0,0,0,4500,2,6,,POINT (-96.240897394155 42.217860631117)
2014812380,201411728,08/10/2014,08-August,1-Sunday,15:18,1500 Hours,District 6 (East Central),CEDAR RAPIDS,LINN,,15TH ST SE,Collision with:  Vehicle in traffic,On Roadway,Broadside (front to side),Ran Stop Sign,None Indicated,,Daylight,Dry,Cloudy,None apparent,Intersection:  Four-way intersection,Paved,,Possible/Unknown,0,1,0,0,1,0,4500,2,3,,POINT (-91.650525162203 41.984797315952)
2014814024,14-019739,08/10/2014,08-August,1-Sunday,03:39,0300 Hours,District 5 (Southeast),,MARION,,OLD HWY 92 & 195TH PL,Unknown,On Roadway,Non-collision (single vehicle),Ran off road - right,None Indicated,,Dark - roadway not lighted,Dry,Clear,None apparent,Non-intersection:  Non-junction/no special feature,Paved,,Property Damage Only,0,0,0,0,0,0,6000,1,1,,POINT (-92.976671023682 41.302665938182)
2014813000,2014046629,08/10/2014,08-August,1-Sunday,11:40,1100 Hours,District 4 (Southwest),,HARRISON,I-29,I-29,Collision with fixed object:  Ditch,Roadside,Non-collision (single vehicle),Ran off road - right,None Indicated,,Daylight,Dry,Cloudy,None apparent,Non-intersection:  Non-junction/no special feature,Paved,,Property Damage Only,0,0,0,0,0,0,4500,1,2,,POINT (-96.052823351139 41.785124212305)
2014811527,W14-080202,08/10/2014,08-August,1-Sunday,08:01,0800 Hours,District 2 (Northeast),WATERLOO,BLACK HAWK,US 63,US 63/W MULLAN AVE,Collision with:  Vehicle in traffic,On Roadway,"Sideswipe, same direction",Improper or erratic lane changing,None Indicated,,Daylight,Dry,Clear,None apparent,Intersection:  T-intersection,Paved,,Property Damage Only,0,0,0,0,0,0,1800,2,2,,POINT (-92.346400277584 42.497505150263)
2014812537,14117982,08/10/2014,08-August,1-Sunday,01:51,0100 Hours,District 6 (East Central),,JOHNSON,,Co Rd G20/660TH ST & Co Rd X14/WAPSI AVE,Collision with fixed object:  Ditch,On Roadway,Non-collision (single vehicle),Swerving/Evasive Action,None Indicated,,Dark - roadway not lighted,Dry,Clear,None apparent,Intersection:  Four-way intersection,Paved,,Possible/Unknown,0,1,0,0,0,1,8000,1,1,,POINT (-91.426100909635 41.452497390345)
2014826608,TC4614,08/10/2014,08-August,1-Sunday,09:52,0900 Hours,District 4 (Southwest),MISSOURI VALLEY,HARRISON,US 30,US 30/E ERIE ST & S 8TH ST & N 8TH ST,Collision with:  Vehicle in traffic,On Roadway,Broadside (front to side),FTYROW:  From stop sign,None Indicated,,Daylight,Wet,Rain,None apparent,Intersection:  Four-way intersection,Paved,,Property Damage Only,0,0,0,0,0,0,10000,2,3,,POINT (-95.885016896991 41.556357434322)
2014811671,20140023245,08/10/2014,08-August,1-Sunday,22:49,2200 Hours,District 1 (Central),DES MOINES,POLK,,EUCLID AVE & 30TH ST,Collision with fixed object:  Other fixed object (explain in narrative),Outside trafficway,Non-collision (single vehicle),Ran Stop Sign,None Indicated,,Dark - roadway lighted,Dry,Clear,None apparent,Intersection:  T-intersection,Paved,,Property Damage Only,0,0,0,0,0,0,3000,1,1,,POINT (-93.658766752417 41.628284652923)
2014811839,081014-003,08/10/2014,08-August,1-Sunday,00:06,0000 Hours,District 3 (Northwest),STORM LAKE,BUENA VISTA,,E 10TH ST & ONEIDA ST,Collision with:  Vehicle in traffic,On Roadway,Head-on (front to front),Crossed centerline (undivided),Under Influence of Alcohol/Drugs/Medications,,Dark - roadway lighted,Dry,Clear,None apparent,Intersection:  T-intersection,Paved,,Minor Injury,0,1,0,1,0,0,21000,2,2,,POINT (-95.195640123835 42.651079653255)
2014813134,201403645,08/10/2014,08-August,1-Sunday,05:00,0500 Hours,District 1 (Central),,BOONE,,Co Rd E41/216TH DR,Collision with fixed object:  Ditch,,,Swerving/Evasive Action,None Indicated,,,,,,,Paved,,Property Damage Only,0,0,0,0,0,0,6000,1,1,,POINT (-93.924356421322 42.04865814032)
2014831681,14-005762,08/10/2014,08-August,1-Sunday,01:52,0100 Hours,District 3 (Northwest),,PALO ALTO,,545 AVE,Collision with:  Animal,,,Animal,None Indicated,,,,,,,Unpaved,,Property Damage Only,0,0,0,0,0,0,1500,1,1,,POINT (-94.509461498976 42.968291709435)
2014811748,891405193,08/10/2014,08-August,1-Sunday,04:40,0400 Hours,District 5 (Southeast),,VAN BUREN,,Co Rd J40/RTE J40,Collision with fixed object:  Ditch,Shoulder,Non-collision (single vehicle),Crossed centerline (undivided),None Indicated,,Dark - roadway not lighted,Dry,Clear,None apparent,Non-intersection:  Non-junction/no special feature,Paved,,Major Injury,0,1,1,0,0,0,20000,1,1,,POINT (-92.016412186005 40.731203438941)
2014812934,14-28031,08/10/2014,08-August,1-Sunday,15:20,1500 Hours,District 5 (Southeast),BURLINGTON,DES MOINES,,9TH ST,Collision with:  Vehicle in traffic,On Roadway,"Sideswipe, opposite direction","Operating vehicle in an reckless, erratic, careless, negligent manner",None Indicated,,Daylight,Dry,Cloudy,None apparent,Non-intersection:  Non-junction/no special feature,Paved,,Property Damage Only,0,0,0,0,0,0,2000,2,1,,POINT (-91.109114184929 40.799335636884)
2014811652,20140023187,08/10/2014,08-August,1-Sunday,12:30,1200 Hours,District 1 (Central),DES MOINES,POLK,,DEAN AVE,Collision with:  Vehicle in traffic,On Roadway,Rear-end (front to rear),Other (explain in narrative):  Other,None Indicated,,Daylight,Dry,Cloudy,None apparent,Non-intersection:  Non-junction/no special feature,Paved,,Possible/Unknown,0,1,0,0,1,0,2000,2,4,,POINT (-93.548197627192 41.591097798968)
2014811593,14118334,08/10/2014,08-August,1-Sunday,20:14,2000 Hours,District 6 (East Central),,JOHNSON,I-80,I-80,Collision with:  Vehicle in traffic,On Roadway,"Sideswipe, same direction",FTYROW:  Other (explain in narrative),None Indicated,,Dusk,Dry,Cloudy,None apparent,Non-intersection:  Non-junction/no special feature,Paved,,Property Damage Only,0,0,0,0,0,0,11500,2,4,,POINT (-91.469812832658 41.680594041451)
2014811636,20140023216,08/10/2014,08-August,1-Sunday,17:22,1700 Hours,District 1 (Central),DES MOINES,POLK,IA 163,IA 163/E UNIVERSITY AVE,Collision with:  Vehicle in traffic,On Roadway,Rear-end (front to rear),Followed too close,None Indicated,,Daylight,Dry,Cloudy,None apparent,Non-intersection:  Non-junction/no special feature,Paved,,Property Damage Only,0,0,0,0,0,0,3000,2,4,,POINT (-93.575372420064 41.600440640747)
2014811759,14-2449,08/10/2014,08-August,1-Sunday,16:00,1600 Hours,District 1 (Central),FORT DODGE,WEBSTER,,5TH AVE N & N 9TH ST,Collision with fixed object:  Curb/island/raised median,On Roadway,Non-collision (single vehicle),Unknown,None Indicated,,Daylight,Dry,Cloudy,None apparent,Non-intersection:  Non-junction/no special feature,Paved,,Property Damage Only,0,0,0,0,0,0,3000,1,1,,POINT (-94.187414330263 42.510202133538)
2014812233,14-005562,08/10/2014,08-August,1-Sunday,05:00,0500 Hours,District 3 (Northwest),,MONONA,IA 37,IA 37/IOWA 37 & Co Rd E54,Collision with fixed object:  Ditch,On Roadway,Non-collision (single vehicle),Ran Stop Sign,None Indicated,,Dark - roadway not lighted,Dry,Cloudy,None apparent,Intersection:  T-intersection,Paved,,Possible/Unknown,0,1,0,0,0,1,5300,1,1,,POINT (-95.686840715756 41.907405119181)
2014811701,14-033565,08/10/2014,08-August,1-Sunday,04:15,0400 Hours,District 4 (Southwest),COUNCIL BLUFFS,POTTAWATTAMIE,IA 192,IA 192/S EXPRESSWAY,Collision with fixed object:  Curb/island/raised median,On Roadway,Non-collision (single vehicle),Swerving/Evasive Action,None Indicated,,Dark - roadway lighted,Dry,Clear,Work Zone (roadway-related),Intersection:  Four-way intersection,Paved,Yes,Property Damage Only,0,0,0,0,0,0,10000,1,1,,POINT (-95.851349084075 41.234226534313)
2014811637,20140023219,08/10/2014,08-August,1-Sunday,18:02,1800 Hours,District 1 (Central),DES MOINES,POLK,,EASTON BLVD & E 41ST ST,Collision with:  Parked motor vehicle,On Roadway,Rear-end (front to rear),Swerving/Evasive Action,None Indicated,,Daylight,Dry,Cloudy,None apparent,Non-intersection:  Non-junction/no special feature,Paved,,Property Damage Only,0,0,0,0,0,0,3900,2,777,,POINT (-93.535414147813 41.615117313265)
2014899608,NT-14-094,08/10/2014,08-August,1-Sunday,11:15,1100 Hours,District 1 (Central),NEVADA,STORY,,LINCOLN HWY & 8TH ST,Collision with:  Vehicle in traffic,On Roadway,Broadside (front to side),Ran Stop Sign,None Indicated,,Daylight,Dry,Clear,None apparent,Intersection:  Four-way intersection,Paved,,Property Damage Only,0,0,0,0,0,0,8000,2,2,,POINT (-93.449556479678 42.022706043274)
2014812336,2014046711,08/10/2014,08-August,1-Sunday,22:43,2200 Hours,District 4 (Southwest),,POTTAWATTAMIE,I-29,I-29,Collision with:  Animal,,,Animal,None Indicated,,,,,,,Paved,,Property Damage Only,0,0,0,0,0,0,4000,1,1,,POINT (-95.901361843366 41.356992523081)
2014812906,2014-004720,08/10/2014,08-August,1-Sunday,20:28,2000 Hours,District 6 (East Central),,BENTON,,Co Rd V66/21 AVE,Collision with fixed object:  Ditch,On Roadway,Non-collision (single vehicle),Ran off road - left,None Indicated,,Dark - roadway not lighted,Dry,Clear,None apparent,Non-intersection:  Non-junction/no special feature,Paved,,Possible/Unknown,0,1,0,0,1,0,6000,1,1,,POINT (-92.084765878164 41.932429544326)
2014812334,2014046622,08/10/2014,08-August,1-Sunday,11:32,1100 Hours,District 4 (Southwest),,CASS,I-80,I-80,Collision with:  Vehicle in traffic,On Roadway,Rear-end (front to rear),Followed too close,None Indicated,,Daylight,Wet,Rain,Work Zone (roadway-related),Non-intersection:  Non-junction/no special feature,Paved,Yes,Property Damage Only,0,0,0,0,0,0,4500,2,11,,POINT (-95.074521421652 41.49699370829)
2014813351,2014046630,08/10/2014,08-August,1-Sunday,12:45,1200 Hours,District 6 (East Central),NORTH LIBERTY,JOHNSON,I-380,I-380,Collision with:  Vehicle in traffic,On Roadway,Rear-end (front to rear),Swerving/Evasive Action,None Indicated,,Daylight,Dry,Clear,None apparent,Non-intersection:  Non-junction/no special feature,Paved,,Possible/Unknown,0,1,0,0,1,0,14000,3,4,,POINT (-91.642263386022 41.730470299427)
2014812660,14-15373,08/11/2014,08-August,2-Monday,14:54,1400 Hours,District 6 (East Central),BETTENDORF,SCOTT,,20TH ST,Collision with:  Vehicle in traffic,On Roadway,Broadside (front to side),FTYROW:  From driveway,None Indicated,,Daylight,Dry,Cloudy,None apparent,Non-intersection:  Driveway access (within),Paved,,Possible/Unknown,0,1,0,0,1,0,7000,2,2,,POINT (-90.504821823136 41.540104467448)
2014813513,14013740,08/11/2014,08-August,2-Monday,19:59,1900 Hours,District 2 (Northeast),MASON CITY,CERRO GORDO,,16TH ST SE,Collision with:  Parked motor vehicle,On Roadway,Rear-end (front to rear),Lost Control,None Indicated,,Daylight,Dry,Clear,None apparent,Non-intersection:  Non-junction/no special feature,Paved,,Property Damage Only,0,0,0,0,0,0,5000,2,1,,POINT (-93.199267067586 43.136244813014)
2014812126,14080664,08/11/2014,08-August,2-Monday,17:58,1700 Hours,District 2 (Northeast),CEDAR FALLS,BLACK HAWK,,MAIN ST,Collision with:  Vehicle in traffic,On Roadway,Rear-end (front to rear),FTYROW:  From parked position,Alcohol (Statutory),,Daylight,Dry,Clear,None apparent,Intersection:  Four-way intersection,Paved,,Property Damage Only,0,0,0,0,0,0,5500,2,2,,POINT (-92.445466036432 42.535761676011)
2014811951,14-20767,08/11/2014,08-August,2-Monday,00:19,0000 Hours,District 1 (Central),NEWTON,JASPER,,S 8TH AVE E & S 7TH AVE E & E 20TH ST S & E 21ST ST S,Collision with fixed object:  Traffic sign support,On Roadway,Non-collision (single vehicle),Ran Stop Sign,None Indicated,,Dark - roadway lighted,Dry,Clear,None apparent,Intersection:  Four-way intersection,Paved,,Property Damage Only,0,0,0,0,0,0,2250,1,1,,POINT (-93.027855902937 41.693417432274)
2014812000,02-14-11968,08/11/2014,08-August,2-Monday,14:16,1400 Hours,District 6 (East Central),PEOSTA,DUBUQUE,US 20,US 20/RAMP,Non-collision events:  Other non-collision (explain in narrative),On Roadway,Non-collision (single vehicle),Swerving/Evasive Action,None Indicated,,Daylight,Dry,Cloudy,None apparent,Interchange-related:  Off-ramp,Paved,,Minor Injury,0,1,0,1,0,0,10000,1,1,,POINT (-90.853639057619 42.440516542533)
2014812275,201402800,08/11/2014,08-August,2-Monday,20:09,2000 Hours,District 6 (East Central),,LINN,US 151,US 151 & IA 100/COLLINS RD SE & SECRIST RD,Collision with:  Vehicle in traffic,On Roadway,Rear-end (front to rear),Followed too close,None Indicated,,Daylight,Dry,Cloudy,None apparent,Intersection:  Four-way intersection,Paved,,Property Damage Only,0,0,0,0,0,0,5000,2,3,,POINT (-91.550235811205 42.019879013094)
2014812686,14-003696,08/11/2014,08-August,2-Monday,16:24,1600 Hours,District 1 (Central),AMES,STORY,,LINCOLN WAY,Collision with:  Vehicle in traffic,On Roadway,Rear-end (front to rear),Driver Distraction:  Passenger,None Indicated,,Daylight,Dry,Clear,None apparent,Intersection:  Four-way intersection,Paved,,Possible/Unknown,0,1,0,0,1,0,2000,2,5,,POINT (-93.649355283477 42.02277637299)
2014811644,20140023273,08/11/2014,08-August,2-Monday,08:03,0800 Hours,District 1 (Central),DES MOINES,POLK,,DAY ST & 6TH AVE,Collision with:  Vehicle in traffic,On Roadway,Broadside (front to side),Ran Traffic Signal,None Indicated,,Daylight,Dry,Clear,None apparent,Intersection:  Four-way intersection,Paved,,Possible/Unknown,0,1,0,0,1,0,4500,2,2,,POINT (-93.625682968357 41.596205649639)
2014812181,14-11813,08/11/2014,08-August,2-Monday,20:00,2000 Hours,District 6 (East Central),TIPTON,CEDAR,,9TH ST,Collision with:  Vehicle in traffic,On Roadway,Broadside (front to side),Driving too fast for conditions,None Indicated,,Dusk,Dry,Clear,None apparent,Non-intersection:  Non-junction/no special feature,Paved,,Property Damage Only,0,0,0,0,0,0,1600,2,3,,POINT (-91.128213603165 41.77414962562)
2014811873,14-5310,08/11/2014,08-August,2-Monday,15:16,1500 Hours,District 1 (Central),PLEASANT HILL,POLK,,NE OAKHILL DR & NE 56TH ST,Collision with:  Vehicle in traffic,On Roadway,"Angle, oncoming left turn",Unknown,None Indicated,,Daylight,Dry,Cloudy,None apparent,Intersection:  T-intersection,Paved,,Property Damage Only,0,0,0,0,0,0,5000,2,2,,POINT (-93.503265576642 41.61748733243)
2014811841,081114-92,08/11/2014,08-August,2-Monday,12:12,1200 Hours,District 3 (Northwest),STORM LAKE,BUENA VISTA,IA 7,IA 7/FLINDT RD,Collision with:  Vehicle in traffic,On Roadway,Broadside (front to side),FTYROW:  Making left turn,None Indicated,,Daylight,Dry,Clear,None apparent,Non-intersection:  Driveway access (within),Paved,,Possible/Unknown,0,1,0,0,1,0,4500,2,2,,POINT (-95.189132940435 42.645720140853)
2014812055,14-15383,08/11/2014,08-August,2-Monday,16:54,1600 Hours,District 6 (East Central),BETTENDORF,SCOTT,I-74,I-74,Collision with:  Vehicle in traffic,On Roadway,Rear-end (front to rear),Driving too fast for conditions,None Indicated,,Daylight,Dry,Clear,None apparent,Non-intersection:  Other non-intersection (explain in narrative),Paved,,Minor Injury,0,2,0,1,1,0,10050,3,6,,POINT (-90.513432841842 41.524358841444)
2014844861,2014-002339,08/11/2014,08-August,2-Monday,13:39,1300 Hours,District 2 (Northeast),,ALLAMAKEE,,BURGER RD,Collision with fixed object:  Ditch,,,Other (explain in narrative):  Other,None Indicated,,,,,,,Unpaved,,Property Damage Only,0,0,0,0,0,0,9500,1,1,,POINT (-91.257499217817 43.099700571231)
2014812056,14-15398,08/11/2014,08-August,2-Monday,19:27,1900 Hours,District 6 (East Central),BETTENDORF,SCOTT,,MIDDLE RD & DEVILS GLEN RD,Collision with:  Vehicle in traffic,On Roadway,Rear-end (front to rear),Other (explain in narrative):  Other,None Indicated,,Daylight,Dry,Clear,None apparent,Intersection:  Four-way intersection,Paved,,Possible/Unknown,0,1,0,0,1,0,2500,2,3,,POINT (-90.48363896317 41.551566975965)
2014812659,14-15360,08/11/2014,08-August,2-Monday,12:47,1200 Hours,District 6 (East Central),BETTENDORF,SCOTT,,53RD AVE,Collision with:  Vehicle in traffic,On Roadway,Rear-end (front to rear),Followed too close,None Indicated,,Daylight,Dry,Clear,None apparent,Non-intersection:  Driveway access (within),Paved,,Possible/Unknown,0,2,0,0,2,0,16000,2,2,,POINT (-90.497702716169 41.575173397831)
2014812337,2014046733,08/11/2014,08-August,2-Monday,06:30,0600 Hours,District 2 (Northeast),,WORTH,I-35,I-35,Non-collision events:  Overturn/rollover,On Roadway,Non-collision (single vehicle),Ran off road - left,None Indicated,,Daylight,Dry,Cloudy,None apparent,Non-intersection:  Non-junction/no special feature,Paved,,Minor Injury,0,5,0,5,0,0,15000,1,5,,POINT (-93.349559977599 43.433388366745)
2014821011,20140023335,08/11/2014,08-August,2-Monday,15:24,1500 Hours,District 1 (Central),DES MOINES,POLK,US 6,US 6/DOUGLAS AVE & 50TH ST,Collision with:  Vehicle in traffic,On Roadway,Broadside (front to side),Ran Traffic Signal,None Indicated,,Daylight,Dry,Clear,None apparent,Intersection:  Four-way intersection,Paved,,Possible/Unknown,0,1,0,0,0,1,2200,2,2,,POINT (-93.687747211113 41.629447979128)
2014811914,2014-17159,08/11/2014,08-August,2-Monday,08:39,0800 Hours,District 5 (Southeast),CUMMING,WARREN,,CUMMING AVE,Collision with fixed object:  Other fixed object (explain in narrative),Roadside,Non-collision (single vehicle),Crossed centerline (undivided),None Indicated,,Daylight,Dry,Clear,None apparent,Non-intersection:  Non-junction/no special feature,Paved,,Property Damage Only,0,0,0,0,0,0,5500,1,1,,POINT (-93.760163563766 41.483182225686)