Iowa DOT Case Number,Law Enforcement Case Number,Date of Crash,Month of Crash,Day of Week,Time of Crash,Hour,DOT District,City Name,County Name,Route with System,Location Description,First Harmful Event,Location of First Harmful Event,Manner of Crash/Collision,Major Cause,Drug or Alcohol ,Environmental Conditions,Light Conditions,Surface Conditions,Weather Conditions,Roadway Contribution,Roadway Type,Roadway Surface,Work Zone,Crash Severity,Number of Fatalities,Number of Injuries,Number of Major Injuries,Number of Minor Injuries,Number of Possible Injuries,Number of Unknown Injuries,Amount of Property Damage,Number of Vehicles Involved,Total Number of Occupants,Travel Direction,Location
2014811647,20140023293,08/11/2014,08-August,2-Monday,11:50,1100 Hours,District 1 (Central),DES MOINES,POLK,,,Collision with:  Parked motor vehicle,Outside trafficway,"Sideswipe, same direction",Lost Control,None Indicated,,Daylight,Dry,Clear,None apparent,Non-intersection:  Alley,,,Property Damage Only,0,0,0,0,0,0,2000,2,777,,POINT (-96.643700149993 40.233091251414)
2014812444,2014-55965,08/11/2014,08-August,2-Monday,08:50,0800 Hours,District 6 (East Central),DAVENPORT,SCOTT,,W CENTRAL PARK AVE,Collision with:  Non-motorist (see non-motorist section - NOT a unit),On Roadway,Non-collision (single vehicle),Other (explain in narrative):  No improper action,None Indicated,,Daylight,Dry,Clear,None apparent,Non-intersection:  Non-junction/no special feature,Paved,,Possible/Unknown,0,1,0,0,1,0,1000,1,1,,POINT (-90.585847266711 41.545518669662)
2014812117,14-26047,08/11/2014,08-August,2-Monday,13:17,1300 Hours,District 3 (Northwest),SIOUX CITY,WOODBURY,,LINCOLN WAY & S LAKEPORT ST,Collision with:  Vehicle in traffic,On Roadway,"Angle, oncoming left turn",Made improper turn,None Indicated,,Daylight,Dry,Clear,None apparent,Intersection:  Four-way intersection,Paved,,Property Damage Only,0,0,0,0,0,0,6000,2,3,,POINT (-96.344723602262 42.450223758147)
2014813150,14-000932,08/11/2014,08-August,2-Monday,06:19,0600 Hours,District 1 (Central),,STORY,US 30,US 30,Collision with:  Animal,,,Animal,None Indicated,,,,,,,Paved,,Property Damage Only,0,0,0,0,0,0,4000,1,1,,POINT (-93.389154865867 42.007741552921)
2014812325,AP 14-0242,08/11/2014,08-August,2-Monday,08:15,0800 Hours,District 6 (East Central),ANAMOSA,JONES,,W WALNUT ST & JACKSON ST,Collision with:  Vehicle in traffic,On Roadway,Rear-end (front to rear),Other (explain in narrative):  No improper action,None Indicated,,Daylight,Dry,Cloudy,None apparent,Non-intersection:  Non-junction/no special feature,Paved,,Property Damage Only,0,0,0,0,0,0,1900,2,1,,POINT (-91.290473849226 42.109075772654)
2014811949,14-015282,08/11/2014,08-August,2-Monday,22:47,2200 Hours,District 2 (Northeast),,BREMER,,Co Rd V21/IVORY AVE,Non-collision events:  Overturn/rollover,Outside trafficway,Non-collision (single vehicle),Ran off road - left,Alcohol (Statutory),,Dark - roadway not lighted,Dry,Clear,None apparent,Non-intersection:  Non-junction/no special feature,Paved,,Minor Injury,0,1,0,1,0,0,3000,1,1,,POINT (-92.396201927304 42.811290097912)
2014811887,20140023360,08/11/2014,08-August,2-Monday,17:50,1700 Hours,District 1 (Central),DES MOINES,POLK,US 69,US 69/E 14TH ST & MATTERN AVE,Collision with:  Vehicle in traffic,On Roadway,Rear-end (front to rear),Driver Distraction:  Manual operation of an electronic communication device,None Indicated,,Daylight,Dry,Clear,None apparent,Intersection:  Other intersection (explain in narrative),Paved,,Possible/Unknown,0,2,0,0,2,0,7500,3,3,,POINT (-93.600540103347 41.611219682265)
2014812004,14-013636,08/11/2014,08-August,2-Monday,20:55,2000 Hours,District 5 (Southeast),,HENRY,,Co Rd H46/260TH ST & DAKOTA AVE,Collision with:  Animal,,,Animal,None Indicated,,,,,,,Unpaved,,Property Damage Only,0,0,0,0,0,0,5000,1,1,,POINT (-91.646070234463 40.926785210806)
2014812505,01-14-35652,08/11/2014,08-August,2-Monday,12:47,1200 Hours,District 6 (East Central),DUBUQUE,DUBUQUE,,W 9TH ST,Collision with:  Vehicle in traffic,On Roadway,"Sideswipe, same direction",Lost Control,None Indicated,,Daylight,Dry,Cloudy,None apparent,Non-intersection:  Non-junction/no special feature,Paved,,Property Damage Only,0,0,0,0,0,0,19000,2,1,,POINT (-90.668238595845 42.501478990355)
2014836625,811124314,08/11/2014,08-August,2-Monday,12:43,1200 Hours,District 4 (Southwest),,RINGGOLD,US 169,US 169,Collision with:  Vehicle in traffic,On Roadway,Rear-end (front to rear),Followed too close,None Indicated,,Daylight,Dry,Clear,None apparent,Non-intersection:  Non-junction/no special feature,Paved,,Minor Injury,0,2,0,1,0,1,10000,2,2,,POINT (-94.223995184892 40.897700439456)
2014812046,14-1773,08/11/2014,08-August,2-Monday,09:10,0900 Hours,District 1 (Central),URBANDALE,POLK,I-35,I-35 & US 6/HICKMAN RD,Collision with:  Vehicle in traffic,On Roadway,"Sideswipe, same direction",FTYROW:  Making right turn on red signal,None Indicated,,Daylight,Dry,Clear,None apparent,Intersection:  T-intersection,Paved,,Property Damage Only,0,0,0,0,0,0,2500,2,2,,POINT (-93.778211506253 41.614892017443)
2014811896,14-1777,08/11/2014,08-August,2-Monday,16:00,1600 Hours,District 1 (Central),URBANDALE,POLK,,ROSELAND DR,Collision with:  Parked motor vehicle,On Roadway,Broadside (front to side),Improper Backing,None Indicated,,Daylight,Dry,Clear,None apparent,Non-intersection:  Driveway access (within),Paved,,Property Damage Only,0,0,0,0,0,0,2700,2,1,,POINT (-93.719326358191 41.625615807593)
2014811994,14004952,08/11/2014,08-August,2-Monday,07:25,0700 Hours,District 2 (Northeast),,CERRO GORDO,US 18,US 18,Collision with fixed object:  Guardrail - face,Median,Non-collision (single vehicle),Ran off road - left,None Indicated,,Daylight,Dry,Cloudy,None apparent,Non-intersection:  Non-junction/no special feature,Paved,,Property Damage Only,0,0,0,0,0,0,9778,1,4,,POINT (-93.091898545845 43.119227107868)
2014813457,146010PD,08/11/2014,08-August,2-Monday,14:47,1400 Hours,District 1 (Central),BOONE,BOONE,,UNION ST & S BENTON ST,Collision with:  Vehicle in traffic,On Roadway,"Angle, oncoming left turn",Made improper turn,None Indicated,,Daylight,Dry,Clear,None apparent,Intersection:  Four-way intersection,Paved,,Possible/Unknown,0,1,0,0,1,0,2000,2,2,,POINT (-93.87493190228 42.055566262662)
2014811882,20140023315,08/11/2014,08-August,2-Monday,13:53,1300 Hours,District 1 (Central),DES MOINES,POLK,,AURORA AVE,Collision with:  Vehicle in traffic,On Roadway,"Sideswipe, same direction",Other (explain in narrative):  Other,None Indicated,,Daylight,Dry,Cloudy,None apparent,Non-intersection:  Non-junction/no special feature,Paved,,Property Damage Only,0,0,0,0,0,0,9500,3,1,,POINT (-93.674121504674 41.636383151415)
2014812202,P14-009280,08/11/2014,08-August,2-Monday,18:36,1800 Hours,District 1 (Central),WEBSTER CITY,HAMILTON,,BANK ST & UNION ST,Collision with:  Vehicle in traffic,On Roadway,Broadside (front to side),FTYROW:  From stop sign,None Indicated,,Daylight,Dry,Clear,None apparent,Intersection:  Four-way intersection,Paved,,Property Damage Only,0,0,0,0,0,0,4500,2,2,,POINT (-93.814619551431 42.466556360996)
2014811852,142385,08/11/2014,08-August,2-Monday,13:42,1300 Hours,District 3 (Northwest),WESTSIDE,CRAWFORD,US 30,US 30/FIRST ST,Collision with:  Vehicle in traffic,On Roadway,Broadside (front to side),FTYROW:  From stop sign,None Indicated,,Daylight,Dry,Cloudy,None apparent,Intersection:  Four-way intersection,Paved,,Possible/Unknown,0,1,0,0,1,0,12500,2,3,,POINT (-95.092480346821 42.073748361224)
2014813149,14-000930,08/11/2014,08-August,2-Monday,04:16,0400 Hours,District 1 (Central),,STORY,,Co Rd E29/190TH ST,Collision with:  Animal,,,Animal,None Indicated,,,,,,,Paved,,Property Damage Only,0,0,0,0,0,0,3000,1,1,,POINT (-93.571130192498 42.07788898524)
2014811874,14-003439,08/11/2014,08-August,2-Monday,16:49,1600 Hours,District 1 (Central),ANKENY,POLK,,NE DELAWARE AVE,Collision with:  Vehicle in traffic,On Roadway,Rear-end (front to rear),Driving too fast for conditions,None Indicated,,Daylight,Dry,Clear,None apparent,Intersection:  Four-way intersection,Paved,,Property Damage Only,0,0,0,0,0,0,1500,2,2,,POINT (-93.58104250621 41.732051447217)
2014811672,20140023252,08/11/2014,08-August,2-Monday,00:47,0000 Hours,District 1 (Central),DES MOINES,POLK,IA 163,IA 163/E UNIVERSITY AVE & WILLIAMS ST,Collision with:  Vehicle in traffic,On Roadway,"Sideswipe, same direction",Ran Traffic Signal,None Indicated,,Dark - roadway lighted,Dry,Cloudy,None apparent,Intersection:  Four-way intersection,Paved,,Property Damage Only,0,0,0,0,0,0,3500,2,3,,POINT (-93.533362575861 41.600652218685)
2014815511,,08/11/2014,08-August,2-Monday,20:50,2000 Hours,District 1 (Central),,STORY,US 69,US 69,Collision with:  Animal,On Roadway,Non-collision (single vehicle),Animal,None Indicated,,Dusk,Dry,Cloudy,,Non-intersection:  Non-junction/no special feature,Paved,,Property Damage Only,0,0,0,0,0,0,5600,1,5,,POINT (-93.620415188108 42.104823655166)
2014811646,20140023282,08/11/2014,08-August,2-Monday,10:30,1000 Hours,District 1 (Central),DES MOINES,POLK,,MLK JR PKWY,Collision with:  Vehicle in traffic,On Roadway,Rear-end (front to rear),Lost Control,None Indicated,,Daylight,Dry,Clear,None apparent,Non-intersection:  Non-junction/no special feature,Paved,,Property Damage Only,0,0,0,0,0,0,6500,2,3,,POINT (-93.644766637016 41.588281923596)
2014811934,2014-3834,08/11/2014,08-August,2-Monday,14:50,1400 Hours,District 4 (Southwest),WAUKEE,DALLAS,,UNIVERSITY AVE & ALICES RD & GRAND PRAIRIE PKWY,Collision with:  Vehicle in traffic,On Roadway,"Angle, oncoming left turn",Unknown,None Indicated,,Daylight,Dry,Cloudy,Work Zone (roadway-related),Intersection:  T-intersection,Paved,Yes,Minor Injury,0,1,0,1,0,0,10000,2,3,,POINT (-93.853480155775 41.600405732426)
2014813043,144635,08/11/2014,08-August,2-Monday,14:02,1400 Hours,District 1 (Central),,HARDIN,,S AVE & 145TH ST,Collision with:  Vehicle in traffic,On Roadway,Broadside (front to side),FTYROW:  At uncontrolled intersection,None Indicated,,Daylight,"Mud, dirt",Cloudy,None apparent,Intersection:  Four-way intersection,Unpaved,,Minor Injury,0,2,0,2,0,0,14200,2,2,,POINT (-93.124665799328 42.489628746333)
2014812133,CL4002827,08/11/2014,08-August,2-Monday,13:02,1300 Hours,District 6 (East Central),CLINTON,CLINTON,,19TH AVE N & N 3RD ST,Collision with:  Vehicle in traffic,On Roadway,"Angle, oncoming left turn",FTYROW:  From stop sign,None Indicated,,Daylight,Dry,Cloudy,None apparent,Intersection:  Four-way intersection,Paved,,Property Damage Only,0,0,0,0,0,0,6000,2,4,,POINT (-90.184601512673 41.866706236569)
2014812216,201411796,08/11/2014,08-August,2-Monday,16:58,1600 Hours,District 6 (East Central),CEDAR RAPIDS,LINN,,C AVE NE & CRANDALL DR NE,Collision with:  Vehicle in traffic,On Roadway,Rear-end (front to rear),Other (explain in narrative):  Other,None Indicated,,Daylight,Dry,Cloudy,None apparent,Intersection:  T-intersection,Paved,,Property Damage Only,0,0,0,0,0,0,8000,2,2,,POINT (-91.638647709224 42.044774612682)
2014811871,14004728,08/11/2014,08-August,2-Monday,19:16,1900 Hours,District 3 (Northwest),SHELDON,OBRIEN,,7TH ST & 4TH AVE,Collision with:  Vehicle in traffic,On Roadway,Broadside (front to side),FTYROW:  From stop sign,None Indicated,,Daylight,Dry,Clear,None apparent,Intersection:  Four-way intersection,Paved,,Property Damage Only,0,0,0,0,0,0,3000,2,3,,POINT (-95.852653544901 43.182756293653)
2014811985,W14-080668,08/11/2014,08-August,2-Monday,18:06,1800 Hours,District 2 (Northeast),WATERLOO,BLACK HAWK,US 218,US 218/WASHINGTON ST,Collision with fixed object:  Concrete traffic barrier (median or right side),On Roadway,Non-collision (single vehicle),Equipment failure,None Indicated,,Daylight,Dry,Clear,None apparent,Non-intersection:  Other non-intersection (explain in narrative),Paved,,Possible/Unknown,0,1,0,0,1,0,2000,1,1,,POINT (-92.388496802318 42.536129254159)
2014819125,2014-035720,08/11/2014,08-August,2-Monday,20:30,2000 Hours,District 6 (East Central),DUBUQUE,DUBUQUE,,W 3RD ST,Collision with:  Parked motor vehicle,On Roadway,"Sideswipe, same direction",Unknown,None Indicated,,Dark - roadway lighted,Dry,Clear,None apparent,Non-intersection:  Non-junction/no special feature,Paved,,Property Damage Only,0,0,0,0,0,0,1500,2,1,,POINT (-90.685242075191 42.495484180522)
2014812441,2014-56059,08/11/2014,08-August,2-Monday,17:59,1700 Hours,District 6 (East Central),DAVENPORT,SCOTT,,ROCKINGHAM RD & FARRAGUT AVE,Collision with:  Vehicle in traffic,On Roadway,Rear-end (front to rear),Other (explain in narrative):  Other,None Indicated,,Daylight,Dry,Clear,None apparent,Non-intersection:  Non-junction/no special feature,Paved,,Property Damage Only,0,0,0,0,0,0,1500,2,1,,POINT (-90.616628335444 41.512702156034)
2014812080,2014-55975,08/11/2014,08-August,2-Monday,09:50,0900 Hours,District 6 (East Central),DAVENPORT,SCOTT,US 6,US 6/W KIMBERLY RD & HILLANDALE RD,Collision with:  Vehicle in traffic,On Roadway,Broadside (front to side),FTYROW:  Making right turn on red signal,None Indicated,,Daylight,Dry,Clear,None apparent,Intersection:  Four-way intersection,Paved,,Property Damage Only,0,0,0,0,0,0,6000,2,2,,POINT (-90.619880449516 41.560278546097)
2014812981,2014046882,08/11/2014,08-August,2-Monday,16:01,1600 Hours,District 1 (Central),,BOONE,,300TH ST & 500TH AVE,Collision with:  Vehicle in traffic,On Roadway,Broadside (front to side),FTYROW:  At uncontrolled intersection,None Indicated,,Daylight,"Mud, dirt",Cloudy,None apparent,Intersection:  Four-way intersection,Unpaved,,Minor Injury,0,1,0,1,0,0,15400,2,2,,POINT (-93.698122992247 41.921552702635)
2014811526,W14-080433,08/11/2014,08-August,2-Monday,01:54,0100 Hours,District 2 (Northeast),WATERLOO,BLACK HAWK,,ANSBOROUGH AVE & W 4TH ST,Miscellaneous events:  Hit and run,On Roadway,Non-collision (single vehicle),Unknown,None Indicated,,Dark - roadway lighted,Dry,Cloudy,Unknown,Intersection:  Four-way intersection,Paved,,Minor Injury,0,1,0,1,0,0,0,1,1,,POINT (-92.376679506976 42.472943755501)
2014813010,,08/11/2014,08-August,2-Monday,17:20,1700 Hours,District 6 (East Central),CEDAR RAPIDS,LINN,,EDGEWOOD RD NE & NORTH RIVER BLVD NE,Collision with:  Vehicle in traffic,On Roadway,Rear-end (front to rear),Unknown,None Indicated,,Daylight,Dry,Clear,,Intersection:  T-intersection,Paved,,Possible/Unknown,0,1,0,0,1,0,0,2,3,,POINT (-91.702408415251 42.026392770444)
2014812215,201411772,08/11/2014,08-August,2-Monday,11:15,1100 Hours,District 6 (East Central),CEDAR RAPIDS,LINN,,EDGEWOOD RD NE,Collision with:  Vehicle in traffic,On Roadway,Rear-end (front to rear),Lost Control,None Indicated,,Daylight,Dry,Cloudy,None apparent,Intersection:  T-intersection,Paved,,Property Damage Only,0,0,0,0,0,0,8000,2,3,,POINT (-91.701678051575 42.029635813655)
2014814292,14-07605,08/11/2014,08-August,2-Monday,15:35,1500 Hours,District 5 (Southeast),MOUNT PLEASANT,HENRY,,E WASHINGTON ST & S LOCUST ST,Collision with:  Vehicle in traffic,On Roadway,"Angle, oncoming left turn",FTYROW:  Making left turn,None Indicated,,Daylight,Dry,Cloudy,None apparent,Intersection:  Four-way intersection,Paved,,Property Damage Only,0,0,0,0,0,0,4500,2,2,,POINT (-91.549268916579 40.965044437157)
2014811679,14-3886,08/11/2014,08-August,2-Monday,07:45,0700 Hours,District 4 (Southwest),WEST DES MOINES,DALLAS,,UNIVERSITY AVE,Collision with:  Vehicle in traffic,On Roadway,Rear-end (front to rear),Followed too close,None Indicated,,Daylight,Dry,Clear,None apparent,Non-intersection:  Non-junction/no special feature,Paved,,Property Damage Only,0,0,0,0,0,0,8500,2,2,,POINT (-93.811469653623 41.600466749111)
2014812442,2014-56071,08/11/2014,08-August,2-Monday,18:35,1800 Hours,District 6 (East Central),DAVENPORT,SCOTT,,JEBENS AVE,Collision with:  Parked motor vehicle,Shoulder,Broadside (front to side),Unknown,None Indicated,,Daylight,Unknown,Unknown,Unknown,Non-intersection:  Non-junction/no special feature,Paved,,Property Damage Only,0,0,0,0,0,0,4000,2,1,,POINT (-90.615336544479 41.543954775145)
2014812429,14-0907,08/11/2014,08-August,2-Monday,20:28,2000 Hours,District 1 (Central),PLEASANT HILL,POLK,,FAIRVIEW DR,Collision with:  Vehicle in traffic,On Roadway,Broadside (front to side),Improper Backing,Alcohol (Statutory),,Dark - roadway lighted,Dry,Cloudy,None apparent,Non-intersection:  Railroad grade crossing,Paved,,Property Damage Only,0,0,0,0,0,0,3500,2,4,,POINT (-93.524002171721 41.590210814901)
2014812306,S14-003143,08/11/2014,08-August,2-Monday,12:25,1200 Hours,District 4 (Southwest),,POTTAWATTAMIE,,BERRYHILL AVE,Collision with fixed object:  Tree,Outside trafficway,Non-collision (single vehicle),Driving too fast for conditions,None Indicated,,Daylight,"Mud, dirt",Cloudy,None apparent,Non-intersection:  Non-junction/no special feature,Unpaved,,Minor Injury,0,1,0,1,0,0,4000,1,1,,POINT (-95.782449587519 41.211190615349)
2014811627,14-5299,08/11/2014,08-August,2-Monday,10:25,1000 Hours,District 1 (Central),,POLK,I-35,I-35 & US 69/NE 14TH ST,Collision with:  Vehicle in traffic,On Roadway,Rear-end (front to rear),Driving too fast for conditions,None Indicated,,Daylight,Dry,Cloudy,None apparent,Intersection:  Intersection with ramp,Paved,,Property Damage Only,0,0,0,0,0,0,5300,3,4,,POINT (-93.600383082395 41.651221428253)
2014813830,2014-3833,08/11/2014,08-August,2-Monday,07:45,0700 Hours,District 4 (Southwest),WAUKEE,DALLAS,,UNIVERSITY AVE & ALICES RD & GRAND PRAIRIE PKWY,Collision with:  Vehicle in traffic,On Roadway,Broadside (front to side),Unknown,None Indicated,,Daylight,Dry,Cloudy,Work Zone (roadway-related),Non-intersection:  Non-junction/no special feature,Paved,Yes,Property Damage Only,0,0,0,0,0,0,9300,2,2,,POINT (-93.853528150178 41.600405376128)
2014812693,2014-17188,08/11/2014,08-August,2-Monday,15:35,1500 Hours,District 5 (Southeast),INDIANOLA,WARREN,US 65,US 65/S JEFFERSON WAY,Collision with:  Vehicle in traffic,On Roadway,Rear-end (front to rear),Other (explain in narrative):  Other,None Indicated,,Daylight,Dry,Clear,None apparent,Non-intersection:  Non-junction/no special feature,Paved,,Property Damage Only,0,0,0,0,0,0,3000,2,3,,POINT (-93.558270575622 41.353162715596)
2014811930,14S0128,08/11/2014,08-August,2-Monday,14:43,1400 Hours,District 4 (Southwest),,UNION,,Co Rd P61/REDWOOD AVE,Non-collision events:  Other non-collision (explain in narrative),On Roadway,Non-collision (single vehicle),Ran off road - left,None Indicated,,Daylight,Dry,Clear,None apparent,Non-intersection:  Non-junction/no special feature,Unpaved,,Possible/Unknown,0,1,0,0,1,0,2100,1,2,,POINT (-94.142844067099 41.057668909566)
2014814008,201411749,08/11/2014,08-August,2-Monday,02:20,0200 Hours,District 6 (East Central),CEDAR RAPIDS,LINN,I-380,I-380,Collision with fixed object:  Guardrail - face,Shoulder,Non-collision (single vehicle),Ran off road - right,Alcohol (Statutory),,Dark - roadway lighted,Dry,Clear,None apparent,"Interchange-related:  Off-ramp, diverge area",Paved,,Possible/Unknown,0,1,0,0,1,0,19000,1,1,,POINT (-91.666920146446 41.998012185408)
2014811860,14118726,08/11/2014,08-August,2-Monday,15:40,1500 Hours,District 6 (East Central),,JOHNSON,,LOWER WEST BRANCH RD,Collision with fixed object:  Ditch,On Roadway,Non-collision (single vehicle),Traveling wrong way or on wrong side of road,None Indicated,,Daylight,Dry,Cloudy,None apparent,Non-intersection:  Non-junction/no special feature,Unpaved,,Possible/Unknown,0,1,0,0,1,0,5000,1,1,,POINT (-91.415293119652 41.662426951029)
2014813171,2014046815,08/11/2014,08-August,2-Monday,11:19,1100 Hours,District 4 (Southwest),,POTTAWATTAMIE,I-80,I-80,Collision with fixed object:  Guardrail - face,Shoulder,Non-collision (single vehicle),Traveling wrong way or on wrong side of road,None Indicated,,Daylight,Dry,Cloudy,None apparent,"Interchange-related:  Off-ramp, diverge area",Paved,,Minor Injury,0,1,0,1,0,0,5500,1,2,,POINT (-95.585538694657 41.49346281757)
2014813342,14-000944,08/11/2014,08-August,2-Monday,21:52,2100 Hours,District 1 (Central),JOHNSTON,POLK,,MERLE HAY RD,Collision with:  Animal,,Non-collision (single vehicle),Animal,None Indicated,,,,,,,Paved,,Property Damage Only,0,0,0,0,0,0,2000,1,1,,POINT (-93.697663349694 41.658373228976)
2014811888,20140023362,08/11/2014,08-August,2-Monday,18:12,1800 Hours,District 1 (Central),DES MOINES,POLK,,UNIVERSITY AVE & 55TH ST,Collision with:  Vehicle in traffic,On Roadway,Rear-end (front to rear),Followed too close,None Indicated,,Daylight,Dry,Clear,None apparent,Non-intersection:  Non-junction/no special feature,Paved,,Property Damage Only,0,0,0,0,0,0,2500,2,3,,POINT (-93.693078756184 41.600412791085)
2014811895,20140023356,08/11/2014,08-August,2-Monday,17:00,1700 Hours,District 1 (Central),DES MOINES,POLK,I-235,I-235,Collision with:  Vehicle in traffic,On Roadway,Rear-end (front to rear),Followed too close,None Indicated,,Daylight,Dry,Clear,None apparent,Non-intersection:  Non-junction/no special feature,Paved,,Property Damage Only,0,0,0,0,0,0,2500,2,3,,POINT (-93.624382969507 41.595780370694)
2014812209,C14002493,08/11/2014,08-August,2-Monday,07:48,0700 Hours,District 6 (East Central),CORALVILLE,JOHNSON,I-80,I-80 & IA 965/CORAL RIDGE AVE & COMMERCE DR,Collision with:  Vehicle in traffic,On Roadway,Rear-end (front to rear),Other (explain in narrative):  Other,None Indicated,,Daylight,Dry,Cloudy,None apparent,Intersection:  Four-way intersection,Paved,,Property Damage Only,0,0,0,0,0,0,1600,2,3,,POINT (-91.608463777811 41.695966106141)
2014812127,2014008212,08/11/2014,08-August,2-Monday,11:42,1100 Hours,District 1 (Central),MARSHALLTOWN,MARSHALL,IA 14,IA 14/N 3RD AVE & E STATE ST,Collision with:  Vehicle in traffic,On Roadway,"Angle, oncoming left turn",Made improper turn,None Indicated,,Daylight,Dry,Cloudy,None apparent,Non-intersection:  Non-junction/no special feature,Paved,,Possible/Unknown,0,1,0,0,1,0,3000,2,2,,POINT (-92.908026675212 42.050389235843)
2014811886,20140023357,08/11/2014,08-August,2-Monday,17:33,1700 Hours,District 1 (Central),DES MOINES,POLK,US 6,US 6/HUBBELL AVE & E 46TH ST & NE 46TH ST,Collision with:  Vehicle in traffic,On Roadway,Broadside (front to side),FTYROW:  From stop sign,None Indicated,,Daylight,Dry,Cloudy,None apparent,Intersection:  Four-way intersection,Paved,,Minor Injury,0,1,0,1,0,0,8000,2,2,,POINT (-93.522354847149 41.641829720543)
2014812367,081114D,08/11/2014,08-August,2-Monday,19:43,1900 Hours,District 4 (Southwest),,FREMONT,,200 ST,Non-collision events:  Overturn/rollover,Roadside,Non-collision (single vehicle),Swerving/Evasive Action,None Indicated,,Dusk,"Mud, dirt",Cloudy,None apparent,Non-intersection:  Non-junction/no special feature,Unpaved,,Property Damage Only,0,0,0,0,0,0,5000,1,2,,POINT (-95.67952582607 40.757930727034)
2014812164,14080564,08/11/2014,08-August,2-Monday,13:03,1300 Hours,District 2 (Northeast),CEDAR FALLS,BLACK HAWK,,S FRONTAGE RD & VALLEY PARK DR,Collision with:  Vehicle in traffic,On Roadway,"Angle, oncoming left turn",FTYROW:  Making left turn,None Indicated,,Daylight,Dry,Cloudy,None apparent,Intersection:  Other intersection (explain in narrative),Paved,,Minor Injury,0,1,0,1,0,0,5000,2,2,,POINT (-92.436794793749 42.512826635783)
2014812115,14-26020,08/11/2014,08-August,2-Monday,08:16,0800 Hours,District 3 (Northwest),SIOUX CITY,WOODBURY,I-29,I-29 & IA 12/GORDON DR & PIERCE ST,Collision with:  Vehicle in traffic,On Roadway,Broadside (front to side),Ran Traffic Signal,None Indicated,,Daylight,Dry,Clear,Work Zone (roadway-related),Intersection:  T-intersection,Paved,Yes,Major Injury,0,1,1,0,0,0,6000,2,3,,POINT (-96.404949111939 42.489716189088)
2014814447,2014046797,08/11/2014,08-August,2-Monday,09:52,0900 Hours,District 1 (Central),,BOONE,US 30,US 30/220TH ST & Co Rd E41/T AVE,Collision with:  Vehicle in traffic,On Roadway,Broadside (front to side),Ran Stop Sign,None Indicated,,Daylight,Dry,Clear,None apparent,Intersection:  Other intersection (explain in narrative),Paved,,Fatal,2,3,1,0,2,0,20000,2,5,,POINT (-93.79702359464 42.032716851289)
2014812399,14-0964,08/11/2014,08-August,2-Monday,09:25,0900 Hours,District 1 (Central),CLIVE,POLK,,NW 114TH ST & UNIVERSITY AVE & 50TH ST,Collision with:  Vehicle in traffic,On Roadway,"Sideswipe, same direction",Other (explain in narrative):  Other,None Indicated,,Daylight,Dry,Clear,None apparent,Intersection:  Four-way intersection,Paved,,Property Damage Only,0,0,0,0,0,0,2000,2,4,,POINT (-93.771330018051 41.600445833471)
2014811900,14-033709,08/11/2014,08-August,2-Monday,07:28,0700 Hours,District 4 (Southwest),COUNCIL BLUFFS,POTTAWATTAMIE,,S 24TH ST,Collision with:  Vehicle in traffic,On Roadway,Rear-end (front to rear),Followed too close,None Indicated,,Daylight,Dry,Clear,None apparent,Non-intersection:  Non-junction/no special feature,Paved,,Property Damage Only,0,0,0,0,0,0,3000,2,2,,POINT (-95.879180124133 41.235235639263)
2014812260,14-0688,08/11/2014,08-August,2-Monday,17:08,1700 Hours,District 1 (Central),WINDSOR HEIGHTS,POLK,,UNIVERSITY AVE & 73RD ST,Collision with:  Vehicle in traffic,On Roadway,"Sideswipe, same direction",Separation of units,None Indicated,,Daylight,Dry,Clear,None apparent,Non-intersection:  Non-junction/no special feature,Paved,,Property Damage Only,0,0,0,0,0,0,2100,2,3,,POINT (-93.718025914137 41.600367772793)
2014811866,070-14,08/11/2014,08-August,2-Monday,16:22,1600 Hours,District 4 (Southwest),,MADISON,,HOGBACK BRIDGE RD,Non-collision events:  Overturn/rollover,On Roadway,Non-collision (single vehicle),Ran off road - left,None Indicated,,Daylight,"Mud, dirt",Clear,None apparent,Non-intersection:  Non-junction/no special feature,Unpaved,,Major Injury,0,1,1,0,0,0,2600,1,1,,POINT (-94.05148521792 41.420304505263)
2014812252,14-1771,08/11/2014,08-August,2-Monday,07:00,0700 Hours,District 1 (Central),URBANDALE,POLK,,BROOKSHIRE DR,Collision with:  Parked motor vehicle,On Roadway,Head-on (front to front),Other (explain in narrative):  Other,None Indicated,,Daylight,Dry,Clear,None apparent,Non-intersection:  Non-junction/no special feature,Paved,,Property Damage Only,0,0,0,0,0,0,1500,2,1,,POINT (-93.724963734005 41.62304937852)
2014812768,2014-17163,08/11/2014,08-August,2-Monday,10:30,1000 Hours,District 5 (Southeast),SAINT MARYS,WARREN,,Co Rd G50/HWY G50 & Co Rd R45/HWY R45 & NEWBOLD ST,Unknown,On Roadway,Unknown,Ran Stop Sign,None Indicated,,Daylight,Dry,Clear,None apparent,Intersection:  Four-way intersection,Paved,,Property Damage Only,0,0,0,0,0,0,3000,2,4,,POINT (-93.731451251419 41.300659660706)
2014814514,14-004724,08/11/2014,08-August,2-Monday,15:45,1500 Hours,District 3 (Northwest),,OBRIEN,,STARLING AVE,Collision with fixed object:  Ditch,Roadside,Non-collision (single vehicle),Ran off road - right,None Indicated,,Daylight,Dry,Clear,None apparent,Non-intersection:  Non-junction/no special feature,Unpaved,,Possible/Unknown,0,1,0,0,1,0,0,1,1,,POINT (-95.584735898293 43.128141766014)