Iowa DOT Case Number,Law Enforcement Case Number,Date of Crash,Month of Crash,Day of Week,Time of Crash,Hour,DOT District,City Name,County Name,Route with System,Location Description,First Harmful Event,Location of First Harmful Event,Manner of Crash/Collision,Major Cause,Drug or Alcohol ,Environmental Conditions,Light Conditions,Surface Conditions,Weather Conditions,Roadway Contribution,Roadway Type,Roadway Surface,Work Zone,Crash Severity,Number of Fatalities,Number of Injuries,Number of Major Injuries,Number of Minor Injuries,Number of Possible Injuries,Number of Unknown Injuries,Amount of Property Damage,Number of Vehicles Involved,Total Number of Occupants,Travel Direction,Location
2014812952,111-2014,08/12/2014,08-August,3-Tuesday,08:16,0800 Hours,District 4 (Southwest),,HARRISON,,Co Rd L20/LOESS HILLS TRL,Collision with fixed object:  Bridge overhead structure,On Roadway,Non-collision (single vehicle),Other (explain in narrative):  Other,None Indicated,,Daylight,Dry,Clear,None apparent,Non-intersection:  Other non-intersection (explain in narrative),Paved,,Property Damage Only,0,0,0,0,0,0,1600,1,1,,POINT (-95.885237272618 41.522507357072)
2014812409,20140023467,08/12/2014,08-August,3-Tuesday,16:33,1600 Hours,District 1 (Central),DES MOINES,POLK,US 69,US 69/SE 14TH ST & E MCKINLEY AVE,Collision with:  Vehicle in traffic,On Roadway,"Angle, oncoming left turn",Ran Traffic Signal,None Indicated,,Daylight,Dry,Clear,None apparent,Intersection:  Four-way intersection,Paved,,Property Damage Only,0,0,0,0,0,0,2100,2,5,,POINT (-93.596865471869 41.540639792421)
2014812220,201411831,08/12/2014,08-August,3-Tuesday,12:06,1200 Hours,District 6 (East Central),CEDAR RAPIDS,LINN,,L ST SW & 27TH AVE SW,Collision with:  Vehicle in traffic,On Roadway,Broadside (front to side),FTYROW:  From stop sign,None Indicated,,Daylight,Dry,Clear,None apparent,Intersection:  Four-way intersection,Paved,,Property Damage Only,0,0,0,0,0,0,3000,2,2,,POINT (-91.671595536477 41.95142200009)
2014812219,201411825,08/12/2014,08-August,3-Tuesday,07:54,0700 Hours,District 6 (East Central),CEDAR RAPIDS,LINN,IA 100,IA 100/COLLINS RD NE/COLLINS RD SE & IA 922/1ST AVE E,Collision with:  Vehicle in traffic,On Roadway,Rear-end (front to rear),Other (explain in narrative):  Other,None Indicated,,Daylight,Dry,Clear,None apparent,Intersection:  Four-way intersection,Paved,,Property Damage Only,0,0,0,0,0,0,1500,2,2,,POINT (-91.621297575243 42.025735221426)
2014812189,W14-081016,08/12/2014,08-August,3-Tuesday,15:55,1500 Hours,District 2 (Northeast),WATERLOO,BLACK HAWK,,W 9TH ST,Collision with:  Vehicle in traffic,On Roadway,Rear-end (front to rear),Other (explain in narrative):  Other,None Indicated,,Daylight,Dry,Clear,None apparent,Non-intersection:  Other non-intersection (explain in narrative),Paved,,Property Damage Only,0,0,0,0,0,0,7000,2,3,,POINT (-92.346426742918 42.463400116787)
2014812125,14-28254,08/12/2014,08-August,3-Tuesday,12:04,1200 Hours,District 5 (Southeast),BURLINGTON,DES MOINES,,DIVISION ST & PLANE ST,Collision with:  Vehicle in traffic,On Roadway,Head-on (front to front),Made improper turn,None Indicated,,Daylight,Dry,Clear,None apparent,Intersection:  Four-way intersection,Paved,,Minor Injury,0,2,0,1,1,0,8000,2,4,,POINT (-91.124844452603 40.807735512003)
2014811850,14-12142,08/12/2014,08-August,3-Tuesday,12:24,1200 Hours,District 3 (Northwest),SPENCER,CLAY,US 18,US 18/S GRAND AVE & 8TH ST SW,Collision with:  Vehicle in traffic,On Roadway,Broadside (front to side),Ran Stop Sign,None Indicated,,Daylight,Dry,Clear,None apparent,Intersection:  Four-way intersection,Paved,,Possible/Unknown,0,2,0,0,1,1,7000,2,2,,POINT (-95.143945799921 43.130123463229)
2014812035,20140023478,08/12/2014,08-August,3-Tuesday,18:11,1800 Hours,District 1 (Central),DES MOINES,POLK,,PARK AVE,Collision with:  Vehicle in traffic,On Roadway,Head-on (front to front),FTYROW:  Other (explain in narrative),None Indicated,,Daylight,Dry,Clear,None apparent,Non-intersection:  Non-junction/no special feature,Paved,,Property Damage Only,0,0,0,0,0,0,3000,2,3,,POINT (-93.693642563066 41.555553277425)
2014812307,S14-003172,08/12/2014,08-August,3-Tuesday,16:58,1600 Hours,District 4 (Southwest),COUNCIL BLUFFS,POTTAWATTAMIE,,Co Rd H10/BUNGE AVE & Co Rd L35/WABASH AVE,Collision with:  Vehicle in traffic,On Roadway,Rear-end (front to rear),Followed too close,None Indicated,,Daylight,Dry,Clear,None apparent,Intersection:  T-intersection,Paved,,Property Damage Only,0,0,0,0,0,0,2500,2,2,,POINT (-95.792049296405 41.166853225994)
2014835976,2014-85477,08/12/2014,08-August,3-Tuesday,20:00,2000 Hours,District 6 (East Central),DAVENPORT,SCOTT,,ARLINGTON AVE,Collision with:  Parked motor vehicle,On Roadway,"Sideswipe, same direction",Lost Control,None Indicated,,Dark - roadway lighted,Dry,Clear,None apparent,Non-intersection:  Non-junction/no special feature,Paved,,Property Damage Only,0,0,0,0,0,0,2000,2,1,,POINT (-90.562500135818 41.535776299268)
2014812027,14-003458,08/12/2014,08-August,3-Tuesday,20:00,2000 Hours,District 1 (Central),ANKENY,POLK,,SE SHURFINE DR & SE CORTINA DR,Collision with:  Animal,On Roadway,Non-collision (single vehicle),Animal,None Indicated,,Dusk,Dry,Clear,None apparent,Non-intersection:  Non-junction/no special feature,Paved,,Property Damage Only,0,0,0,0,0,0,1501,1,2,,POINT (-93.591538190292 41.712218415775)
2014812639,14-1787,08/12/2014,08-August,3-Tuesday,12:44,1200 Hours,District 1 (Central),URBANDALE,POLK,,86TH ST,Collision with:  Vehicle in traffic,On Roadway,Rear-end (front to rear),Followed too close,None Indicated,,Daylight,Dry,Clear,Work Zone (roadway-related),Non-intersection:  Non-junction/no special feature,Paved,Yes,Property Damage Only,0,0,0,0,0,0,6500,3,3,,POINT (-93.736481213881 41.647799878162)
2014812121,14-26187,08/12/2014,08-August,3-Tuesday,16:00,1600 Hours,District 3 (Northwest),SIOUX CITY,WOODBURY,,4TH ST & HOEVEN DR,Collision with:  Vehicle in traffic,On Roadway,Broadside (front to side),FTYROW:  From stop sign,None Indicated,,Daylight,Dry,Clear,None apparent,Intersection:  Four-way intersection,Paved,,Minor Injury,0,1,0,1,0,0,8000,2,2,,POINT (-96.390851346972 42.49427670326)
2014812309,SA1406520,08/12/2014,08-August,3-Tuesday,14:02,1400 Hours,District 5 (Southeast),,WASHINGTON,US 218,US 218/SW RAMP CURV,Non-collision events:  Other non-collision (explain in narrative),On Roadway,Non-collision (single vehicle),Other (explain in narrative):  No improper action,None Indicated,,Daylight,"Mud, dirt",Clear,"Surface condition (e.g., wet, icy)",Non-intersection:  Non-junction/no special feature,Paved,,Property Damage Only,0,0,0,0,0,0,5000,1,1,,POINT (-91.535180202205 41.289357379122)
2014811988,W14-080933,08/12/2014,08-August,3-Tuesday,12:33,1200 Hours,District 2 (Northeast),WATERLOO,BLACK HAWK,,FLETCHER AVE & W 4TH ST,Collision with:  Vehicle in traffic,On Roadway,Broadside (front to side),Ran Stop Sign,None Indicated,,Daylight,Dry,Clear,None apparent,Intersection:  Four-way intersection,Paved,,Property Damage Only,0,0,0,0,0,0,6000,2,5,,POINT (-92.364995238945 42.47952594682)
2014812050,14-001860,08/12/2014,08-August,3-Tuesday,18:30,1800 Hours,District 1 (Central),ALTOONA,POLK,,8TH ST SW,Collision with:  Vehicle in traffic,On Roadway,Rear-end (front to rear),Followed too close,None Indicated,,Daylight,Dry,Clear,None apparent,Non-intersection:  Non-junction/no special feature,Paved,,Property Damage Only,0,0,0,0,0,0,3000,2,3,,POINT (-93.476490052641 41.644019582802)
2014812018,14119369,08/12/2014,08-August,3-Tuesday,19:48,1900 Hours,District 6 (East Central),,JOHNSON,I-80,I-80,Collision with:  Vehicle in traffic,On Roadway,Rear-end (front to rear),Driver Distraction:  Reaching for object(s)/fallen object(s),None Indicated,,Dusk,Dry,Clear,None apparent,Non-intersection:  Non-junction/no special feature,Paved,,Property Damage Only,0,0,0,0,0,0,6000,2,3,,POINT (-91.723581510754 41.695158915773)
2014812218,201411823,08/12/2014,08-August,3-Tuesday,07:25,0700 Hours,District 6 (East Central),CEDAR RAPIDS,LINN,,C AVE NE,Collision with:  Vehicle in traffic,On Roadway,Rear-end (front to rear),Lost Control,None Indicated,,Daylight,Dry,Clear,None apparent,Intersection:  Four-way intersection,Paved,,Property Damage Only,0,0,0,0,0,0,2800,2,2,,POINT (-91.638584168128 42.046052756594)
2014812021,071-14,08/12/2014,08-August,3-Tuesday,12:04,1200 Hours,District 5 (Southeast),CUMMING,WARREN,,Co Rd R35/10TH AVE,Non-collision events:  Overturn/rollover,Outside trafficway,Non-collision (single vehicle),Driving too fast for conditions,None Indicated,,Daylight,Dry,Clear,Work Zone (roadway-related),Non-intersection:  Non-junction/no special feature,Unpaved,Yes,Possible/Unknown,0,1,0,0,1,0,3000,1,1,,POINT (-93.790602555522 41.479446133345)
2014812092,14-9327,08/12/2014,08-August,3-Tuesday,12:05,1200 Hours,District 3 (Northwest),SIOUX CENTER,SIOUX,US 75,US 75,Collision with:  Vehicle in traffic,On Roadway,Rear-end (front to rear),Followed too close,None Indicated,,Daylight,Dry,Clear,None apparent,Non-intersection:  Non-junction/no special feature,Paved,,Property Damage Only,0,0,0,0,0,0,7000,2,2,,POINT (-96.175845138967 43.107523507718)
2014813797,2014-16511,08/12/2014,08-August,3-Tuesday,10:03,1000 Hours,District 6 (East Central),LONG GROVE,SCOTT,,Co Rd F33/290 ST & 170 AVE,Collision with:  Vehicle in traffic,On Roadway,"Angle, oncoming left turn",FTYROW:  From stop sign,None Indicated,,Daylight,Dry,Clear,None apparent,Intersection:  T-intersection,Paved,,Major Injury,0,2,1,1,0,0,8000,2,2,,POINT (-90.566746624161 41.727745091379)
2014811836,W14-080808,08/12/2014,08-August,3-Tuesday,02:29,0200 Hours,District 2 (Northeast),WATERLOO,BLACK HAWK,,LOCKE AVE & LA PORTE RD,Collision with:  Vehicle in traffic,On Roadway,Broadside (front to side),Ran Stop Sign,None Indicated,,Dark - roadway lighted,Dry,Cloudy,None apparent,Intersection:  Other intersection (explain in narrative),Paved,,Property Damage Only,0,0,0,0,0,0,1500,2,2,,POINT (-92.322700378661 42.472034087881)
2014812824,14119386,08/12/2014,08-August,3-Tuesday,22:24,2200 Hours,District 6 (East Central),,JOHNSON,,GABLE AVE,Non-collision events:  Overturn/rollover,On Roadway,Non-collision (single vehicle),Ran off road - left,None Indicated,,Unknown,"Mud, dirt",Unknown,None apparent,Non-intersection:  Non-junction/no special feature,Unpaved,,Possible/Unknown,0,1,0,0,1,0,4000,1,3,,POINT (-91.70509293429 41.53166414428)
2014812294,1406523,08/12/2014,08-August,3-Tuesday,17:18,1700 Hours,District 5 (Southeast),WASHINGTON,WASHINGTON,IA 92,IA 92/E WASHINGTON ST & S 11TH AVE,Collision with:  Vehicle in traffic,On Roadway,"Sideswipe, same direction",Improper or erratic lane changing,None Indicated,,Daylight,Dry,Clear,None apparent,Non-intersection:  Non-junction/no special feature,Paved,,Property Damage Only,0,0,0,0,0,0,5500,2,2,,POINT (-91.679885162946 41.298241942108)
2014814461,2014047096,08/12/2014,08-August,3-Tuesday,13:14,1300 Hours,District 1 (Central),MARSHALLTOWN,MARSHALL,,S 6TH ST & S 3RD ST,Collision with:  Non-motorist (see non-motorist section - NOT a unit),On Roadway,Non-collision (single vehicle),Other (explain in narrative):  No improper action,None Indicated,,Daylight,Dry,Cloudy,None apparent,Non-intersection:  Non-junction/no special feature,Paved,,Minor Injury,0,1,0,1,0,0,1500,1,3,,POINT (-92.92111732261 42.037879809069)
2014812401,14-0969,08/12/2014,08-August,3-Tuesday,17:25,1700 Hours,District 1 (Central),URBANDALE,POLK,US 6,US 6/HICKMAN RD,Collision with:  Vehicle in traffic,On Roadway,"Angle, oncoming left turn",FTYROW:  Making left turn,None Indicated,,Daylight,Dry,Clear,None apparent,Non-intersection:  Driveway access (within),Paved,,Property Damage Only,0,0,0,0,0,0,7500,2,5,,POINT (-93.786697990635 41.614951347164)
2014812053,14-033961,08/12/2014,08-August,3-Tuesday,19:21,1900 Hours,District 4 (Southwest),COUNCIL BLUFFS,POTTAWATTAMIE,I-29,I-29,Collision with:  Vehicle in traffic,On Roadway,"Sideswipe, same direction",Crossed centerline (undivided),None Indicated,,Daylight,Dry,Clear,None apparent,Non-intersection:  Non-junction/no special feature,Paved,,Property Damage Only,0,0,0,0,0,0,4000,2,4,,POINT (-95.904094728554 41.270571665542)
2014812347,14-006424,08/12/2014,08-August,3-Tuesday,10:52,1000 Hours,District 5 (Southeast),COLUMBUS JUNCTION,LOUISA,,EAST ACCESS ST,Collision with:  Vehicle in traffic,On Roadway,"Sideswipe, same direction","Operating vehicle in an reckless, erratic, careless, negligent manner",None Indicated,,Daylight,Dry,Clear,None apparent,Non-intersection:  Non-junction/no special feature,Paved,,Property Damage Only,0,0,0,0,0,0,3000,2,4,,POINT (-91.356581180207 41.279028316432)
2014812262,2014-15409,08/12/2014,08-August,3-Tuesday,00:43,0000 Hours,District 6 (East Central),BETTENDORF,SCOTT,I-74,I-74,Collision with fixed object:  Traffic sign support,Outside trafficway,Non-collision (single vehicle),Ran off road - straight,Refused,,Dark - roadway lighted,Dry,Clear,None apparent,"Interchange-related:  Off-ramp, diverge area",Paved,,Property Damage Only,0,0,0,0,0,0,5500,1,1,,POINT (-90.516189292467 41.534379489975)
2014812310,SA1406521,08/12/2014,08-August,3-Tuesday,14:18,1400 Hours,District 5 (Southeast),,WASHINGTON,IA 1,IA 1,Collision with:  Vehicle in traffic,On Roadway,Rear-end (front to rear),Traveling wrong way or on wrong side of road,None Indicated,,Daylight,Dry,Clear,None apparent,Non-intersection:  Non-junction/no special feature,Paved,,Property Damage Only,0,0,0,0,0,0,12500,3,5,,POINT (-91.71412055111 41.499501846027)
2014812091,2014-56359,08/12/2014,08-August,3-Tuesday,22:17,2200 Hours,District 6 (East Central),DAVENPORT,SCOTT,,E 53RD ST & ELMORE CIR,Collision with:  Vehicle in traffic,On Roadway,Rear-end (front to rear),Followed too close,None Indicated,,Dark - roadway not lighted,Dry,Clear,None apparent,Intersection:  Four-way intersection,Paved,,Possible/Unknown,0,1,0,0,1,0,4000,2,3,,POINT (-90.531045423282 41.57486792232)
2014812475,,08/12/2014,08-August,3-Tuesday,17:42,1700 Hours,District 4 (Southwest),TABOR,FREMONT,US 275,US 275/MAIN ST & NEW ST,Collision with:  Vehicle in traffic,On Roadway,Unknown,FTYROW:  Other (explain in narrative),None Indicated,,Daylight,Dry,,None apparent,Intersection:  T-intersection,Paved,,Property Damage Only,0,0,0,0,0,0,6000,2,2,,POINT (-95.671394862673 40.899233123635)
2014813189,AC-14-0048,08/12/2014,08-August,3-Tuesday,14:10,1400 Hours,District 6 (East Central),MONTICELLO,JONES,IA 38,IA 38/S MAIN ST & E GRAND ST,Collision with:  Non-motorist (see non-motorist section - NOT a unit),On Roadway,Non-collision (single vehicle),Other (explain in narrative):  No improper action,None Indicated,,Daylight,Dry,Clear,None apparent,Intersection:  Other intersection (explain in narrative),Paved,,Minor Injury,0,1,0,1,0,0,2000,1,1,,POINT (-91.184532098227 42.236998566638)
2014812172,08-14-016,08/12/2014,08-August,3-Tuesday,16:10,1600 Hours,District 3 (Northwest),LE MARS,PLYMOUTH,,1ST AVE NW,Collision with:  Vehicle in traffic,On Roadway,Broadside (front to side),FTYROW:  From parked position,None Indicated,,Daylight,Dry,Clear,None apparent,Non-intersection:  Non-junction/no special feature,Paved,,Property Damage Only,0,0,0,0,0,0,3000,2,2,,POINT (-96.167818645303 42.793743857283)
2014812052,14-033903,08/12/2014,08-August,3-Tuesday,13:50,1300 Hours,District 4 (Southwest),COUNCIL BLUFFS,POTTAWATTAMIE,US 6,US 6/W BROADWAY & S 21ST ST & N 21ST ST,Collision with:  Vehicle in traffic,On Roadway,Broadside (front to side),Made improper turn,None Indicated,,Daylight,Dry,Clear,None apparent,Non-intersection:  Driveway access (within),Paved,,Property Damage Only,0,0,0,0,0,0,4500,2,4,,POINT (-95.875314659856 41.261892034097)
2014812217,201411813,08/12/2014,08-August,3-Tuesday,00:22,0000 Hours,District 6 (East Central),CEDAR RAPIDS,LINN,,2ND ST SW,Collision with:  Vehicle in traffic,On Roadway,Rear-end (front to rear),Lost Control,Refused,,Dark - roadway lighted,Dry,Clear,None apparent,Non-intersection:  Non-junction/no special feature,Paved,,Property Damage Only,0,0,0,0,0,0,8000,2,1,,POINT (-91.664986487156 41.95360595595)
2014816221,14-2302,08/12/2014,08-August,3-Tuesday,19:00,1900 Hours,District 2 (Northeast),OSAGE,MITCHELL,,ELM ST & S 6TH ST,Collision with:  Vehicle in traffic,On Roadway,Broadside (front to side),FTYROW:  At uncontrolled intersection,None Indicated,,Daylight,Dry,Clear,None apparent,Intersection:  Four-way intersection,Paved,,Property Damage Only,0,0,0,0,0,0,2000,2,3,,POINT (-92.812856262336 43.277315858309)
2014811989,W14-080978,08/12/2014,08-August,3-Tuesday,14:19,1400 Hours,District 2 (Northeast),WATERLOO,BLACK HAWK,,W RIDGEWAY AVE,Collision with:  Vehicle in traffic,On Roadway,Rear-end (front to rear),Followed too close,None Indicated,,Daylight,Dry,Clear,None apparent,Non-intersection:  Non-junction/no special feature,Paved,,Property Damage Only,0,0,0,0,0,0,1650,2,3,,POINT (-92.37574214534 42.46933630273)
2014812661,14-15424,08/12/2014,08-August,3-Tuesday,11:30,1100 Hours,District 6 (East Central),BETTENDORF,SCOTT,,SPRUCE HILLS DR & MAGNOLIA DR,Collision with:  Vehicle in traffic,On Roadway,"Angle, oncoming left turn",FTYROW:  Making left turn,None Indicated,,Daylight,Dry,Cloudy,None apparent,Intersection:  Four-way intersection,Paved,,Property Damage Only,0,0,0,0,0,0,8000,2,3,,POINT (-90.516453859052 41.554082100032)
2014811998,01-14-35794,08/12/2014,08-August,3-Tuesday,10:26,1000 Hours,District 6 (East Central),DUBUQUE,DUBUQUE,IA 946,IA 946/IOWA 946,Collision with:  Vehicle in traffic,On Roadway,"Sideswipe, same direction",FTYROW:  From driveway,None Indicated,,Daylight,Dry,Clear,None apparent,Non-intersection:  Driveway access (within),Paved,,Property Damage Only,0,0,0,0,0,0,10000,2,2,,POINT (-90.664740020778 42.48823307677)
2014814448,2014046961,08/12/2014,08-August,3-Tuesday,06:45,0600 Hours,District 4 (Southwest),,MADISON,US 169,US 169,Collision with:  Animal,On Roadway,Non-collision (single vehicle),Animal,None Indicated,,Dawn,Dry,Clear,None apparent,Non-intersection:  Non-junction/no special feature,Paved,,Property Damage Only,0,0,0,0,0,0,3000,1,1,,POINT (-94.017671439191 41.455773370767)
2014813782,14007307,08/12/2014,08-August,3-Tuesday,04:57,0400 Hours,District 6 (East Central),,BUCHANAN,IA 150,IA 150/JACKSON AVE,Collision with:  Animal,,,Animal,None Indicated,,,,,,,Paved,,Property Damage Only,0,0,0,0,0,0,3000,1,1,,POINT (-91.902107034168 42.599449225511)
2014812964,2014047193,08/12/2014,08-August,3-Tuesday,20:50,2000 Hours,District 4 (Southwest),,MADISON,IA 92,IA 92/IOWA 92,Collision with:  Animal,,,Animal,None Indicated,,,,,,,Paved,,Property Damage Only,0,0,0,0,0,0,6000,1,1,,POINT (-93.85760512591 41.349420760461)
2014814402,1433898,08/12/2014,08-August,3-Tuesday,18:00,1800 Hours,District 5 (Southeast),,MUSCATINE,,Co Rd X61/STEWART RD,Non-collision events:  Overturn/rollover,Shoulder,Non-collision (single vehicle),Swerving/Evasive Action,None Indicated,,Daylight,Dry,Clear,None apparent,Non-intersection:  Non-junction/no special feature,Paved,,Possible/Unknown,0,2,0,0,2,0,4000,1,2,,POINT (-91.109157793038 41.334406105374)
2014812364,142394,08/12/2014,08-August,3-Tuesday,09:34,0900 Hours,District 3 (Northwest),DENISON,CRAWFORD,US 59,US 59 & ARROWHEAD DR,Collision with:  Vehicle in traffic,On Roadway,"Angle, oncoming left turn",Ran Stop Sign,None Indicated,,Daylight,Dry,Clear,None apparent,Intersection:  Four-way intersection,Paved,,Property Damage Only,0,0,0,0,0,0,9000,2,5,,POINT (-95.372583924261 42.023294865526)
2014812029,20140023443,08/12/2014,08-August,3-Tuesday,13:49,1300 Hours,District 1 (Central),DES MOINES,POLK,IA 28,IA 28/63RD ST & SCHOOL ST,Collision with:  Vehicle in traffic,On Roadway,Rear-end (front to rear),Driver Distraction:  Passenger,None Indicated,,Daylight,Dry,Cloudy,None apparent,Non-intersection:  Non-junction/no special feature,Paved,,Property Damage Only,0,0,0,0,0,0,7000,2,4,,POINT (-93.703595913415 41.595376921439)
2014814280,32063-14,08/12/2014,08-August,3-Tuesday,10:25,1000 Hours,District 3 (Northwest),ARMSTRONG,EMMET,IA 9,IA 9/IOWA 9,Collision with fixed object:  Guardrail - face,On Roadway,Non-collision (single vehicle),Swerving/Evasive Action,None Indicated,,Daylight,Dry,Clear,None apparent,Non-intersection:  Other non-intersection (explain in narrative),Paved,,Property Damage Only,0,0,0,0,0,0,5100,1,1,,POINT (-94.512127605966 43.396191051615)
2014812190,W14-081043,08/12/2014,08-August,3-Tuesday,17:01,1700 Hours,District 2 (Northeast),WATERLOO,BLACK HAWK,,MARTIN RD & ANSBOROUGH AVE,Collision with:  Vehicle in traffic,On Roadway,"Angle, oncoming left turn",FTYROW:  Making left turn,Alcohol (Statutory),,Daylight,Dry,Clear,None apparent,Intersection:  Four-way intersection,Paved,,Possible/Unknown,0,1,0,0,1,0,9500,3,4,,POINT (-92.376776324792 42.476672712931)
2014816343,14-12205,08/12/2014,08-August,3-Tuesday,19:51,1900 Hours,District 6 (East Central),,JACKSON,,Co Rd D61/BELLEVUE-CASCADE RD & 182ND ST,Collision with:  Vehicle in traffic,On Roadway,Broadside (front to side),Ran Stop Sign,None Indicated,,Dusk,Dry,Cloudy,None apparent,Intersection:  Four-way intersection,Paved,,Property Damage Only,0,0,0,0,0,0,8000,2,6,,POINT (-90.685153154936 42.240377363417)
2014812231,1400000698,08/12/2014,08-August,3-Tuesday,20:50,2000 Hours,District 1 (Central),,MARSHALL,IA 330,IA 330/MARSH AVE,Collision with:  Animal,,,Animal,None Indicated,,,,,,,Paved,,Property Damage Only,0,0,0,0,0,0,3000,1,1,,POINT (-93.000132903079 42.039257906916)
2014812024,14-5331,08/12/2014,08-August,3-Tuesday,14:50,1400 Hours,District 1 (Central),DES MOINES,POLK,US 69,US 69/N 14TH ST,Collision with:  Vehicle in traffic,On Roadway,Rear-end (front to rear),Followed too close,None Indicated,,Daylight,Dry,Clear,None apparent,Non-intersection:  Non-junction/no special feature,Paved,,Property Damage Only,0,0,0,0,0,0,3500,2,3,,POINT (-93.600612926421 41.677250854493)
2014812247,20140023451,08/12/2014,08-August,3-Tuesday,14:30,1400 Hours,District 1 (Central),DES MOINES,POLK,,COLLEGE AVE & 19TH ST,Collision with:  Vehicle in traffic,On Roadway,Broadside (front to side),Ran Stop Sign,None Indicated,,Daylight,Dry,Clear,None apparent,Intersection:  Four-way intersection,Paved,,Property Damage Only,0,0,0,0,0,0,1800,2,2,,POINT (-93.64263193088 41.607722474339)
2014812168,2014008637,08/12/2014,08-August,3-Tuesday,16:13,1600 Hours,District 6 (East Central),IOWA CITY,JOHNSON,IA 1,IA 1/N DODGE ST,Non-collision events:  Other non-collision (explain in narrative),On Roadway,Rear-end (front to rear),"Operating vehicle in an reckless, erratic, careless, negligent manner",None Indicated,,Daylight,Dry,Clear,None apparent,Non-intersection:  Crossover-related,Paved,,Property Damage Only,0,0,0,0,0,0,13000,4,7,,POINT (-91.495574560362 41.692841203791)
2014812122,14-26194,08/12/2014,08-August,3-Tuesday,17:14,1700 Hours,District 3 (Northwest),SIOUX CITY,WOODBURY,,25TH ST & VIRGINIA ST,Collision with:  Vehicle in traffic,On Roadway,Broadside (front to side),FTYROW:  From stop sign,None Indicated,,Daylight,Dry,Clear,None apparent,Intersection:  Four-way intersection,Paved,,Property Damage Only,0,0,0,0,0,0,5500,2,3,,POINT (-96.398416792263 42.515771157597)
2014812240,14-0968,08/12/2014,08-August,3-Tuesday,17:47,1700 Hours,District 1 (Central),URBANDALE,POLK,US 6,US 6/HICKMAN RD,Collision with:  Vehicle in traffic,On Roadway,Rear-end (front to rear),Other (explain in narrative):  Other,None Indicated,,Daylight,Dry,Clear,None apparent,Non-intersection:  Non-junction/no special feature,Paved,,Property Damage Only,0,0,0,0,0,0,7000,2,2,,POINT (-93.767600757348 41.614846265267)
2014812320,S14-081057,08/12/2014,08-August,3-Tuesday,17:45,1700 Hours,District 2 (Northeast),WATERLOO,BLACK HAWK,US 218,US 218,Collision with:  Other non-fixed object (explain in narrative),On Roadway,Non-collision (single vehicle),Equipment failure,None Indicated,,Daylight,Dry,Cloudy,None apparent,Non-intersection:  Non-junction/no special feature,Paved,,Property Damage Only,0,0,0,0,0,0,4500,3,1,,POINT (-92.268714233358 42.413317072697)
2014812525,02-14-12005,08/12/2014,08-August,3-Tuesday,09:13,0900 Hours,District 6 (East Central),DUBUQUE,DUBUQUE,,OLD HIGHWAY RD,Collision with fixed object:  Other fixed object (explain in narrative),On Roadway,Non-collision (single vehicle),Swerving/Evasive Action,None Indicated,,Daylight,Dry,Clear,None apparent,Non-intersection:  Non-junction/no special feature,Paved,,Property Damage Only,0,0,0,0,0,0,8000,1,1,,POINT (-90.766740489129 42.482711612564)
2014812032,20140023470,08/12/2014,08-August,3-Tuesday,16:44,1600 Hours,District 1 (Central),DES MOINES,POLK,,FLEUR DR,Collision with:  Vehicle in traffic,On Roadway,Rear-end (front to rear),Other (explain in narrative):  Other,None Indicated,,Daylight,Dry,Cloudy,None apparent,Non-intersection:  Non-junction/no special feature,Paved,,Property Damage Only,0,0,0,0,0,0,4000,2,4,,POINT (-93.644964113956 41.569545711966)
2014812338,2014047110,08/12/2014,08-August,3-Tuesday,14:00,1400 Hours,District 5 (Southeast),,DECATUR,I-35,I-35,Collision with:  Vehicle in traffic,On Roadway,Rear-end (front to rear),Lost Control,None Indicated,,Daylight,Dry,Clear,None apparent,Non-intersection:  Non-junction/no special feature,Paved,,Minor Injury,0,1,0,1,0,0,9000,2,4,,POINT (-93.862658423527 40.649760257601)
2014812166,2014-16547,08/12/2014,08-August,3-Tuesday,21:15,2100 Hours,District 6 (East Central),MCCAUSLAND,SCOTT,,Co Rd F33/300 ST,Collision with fixed object:  Ditch,On Roadway,Non-collision (single vehicle),Ran off road - right,Refused,,Dark - roadway not lighted,Dry,Clear,None apparent,Non-intersection:  Non-junction/no special feature,Paved,,Property Damage Only,0,0,0,0,0,0,2100,1,1,,POINT (-90.468045808637 41.742677887384)
2014812195,14-006693,08/12/2014,08-August,3-Tuesday,18:05,1800 Hours,District 2 (Northeast),,CLAYTON,IA 13,IA 13/IOWA 13,Non-collision events:  Other non-collision (explain in narrative),Shoulder,Non-collision (single vehicle),Crossed centerline (undivided),None Indicated,,Daylight,Dry,Clear,None apparent,Non-intersection:  Non-junction/no special feature,Paved,,Possible/Unknown,0,1,0,0,1,0,2000,1,1,,POINT (-91.334130470253 42.965779585177)
2014816006,H14122116,08/12/2014,08-August,3-Tuesday,21:16,2100 Hours,District 2 (Northeast),,FRANKLIN,I-35,I-35,Collision with:  Animal,,,Animal,None Indicated,,,,,,,Paved,,Property Damage Only,0,0,0,0,0,0,8000,1,1,,POINT (-93.466038707538 42.658128958312)
2014812048,14-3918,08/12/2014,08-August,3-Tuesday,17:01,1700 Hours,District 1 (Central),WEST DES MOINES,POLK,,WESTOWN PL & 35TH ST/VALLEY WEST DR,Collision with:  Vehicle in traffic,On Roadway,Rear-end (front to rear),Followed too close,None Indicated,,Daylight,Dry,Cloudy,None apparent,Non-intersection:  Non-junction/no special feature,Paved,,Possible/Unknown,0,1,0,0,1,0,8500,3,3,,POINT (-93.751903493306 41.596413202642)