Iowa DOT Case Number,Law Enforcement Case Number,Date of Crash,Month of Crash,Day of Week,Time of Crash,Hour,DOT District,City Name,County Name,Route with System,Location Description,First Harmful Event,Location of First Harmful Event,Manner of Crash/Collision,Major Cause,Drug or Alcohol ,Environmental Conditions,Light Conditions,Surface Conditions,Weather Conditions,Roadway Contribution,Roadway Type,Roadway Surface,Work Zone,Crash Severity,Number of Fatalities,Number of Injuries,Number of Major Injuries,Number of Minor Injuries,Number of Possible Injuries,Number of Unknown Injuries,Amount of Property Damage,Number of Vehicles Involved,Total Number of Occupants,Travel Direction,Location
2014813458,146043PD,08/12/2014,08-August,3-Tuesday,15:20,1500 Hours,District 1 (Central),BOONE,BOONE,,W MAMIE EISENHOWER AVE & S MAIN ST,Collision with:  Vehicle in traffic,On Roadway,"Angle, oncoming left turn",FTYROW:  From stop sign,None Indicated,,Daylight,Dry,Clear,None apparent,Intersection:  Four-way intersection,Paved,,Property Damage Only,0,0,0,0,0,0,2500,2,2,,POINT (-93.906853658723 42.059317328394)
2014816062,,08/12/2014,08-August,3-Tuesday,11:06,1100 Hours,District 5 (Southeast),FORT MADISON,LEE,,AVE G & 10TH ST,Collision with:  Vehicle in traffic,On Roadway,Broadside (front to side),FTYROW:  From stop sign,None Indicated,,Daylight,Dry,Clear,None apparent,Intersection:  Four-way intersection,Paved,,Property Damage Only,0,0,0,0,0,0,2000,2,2,,POINT (-91.315315129987 40.630981335489)
2014812221,201411833,08/12/2014,08-August,3-Tuesday,12:38,1200 Hours,District 6 (East Central),CEDAR RAPIDS,LINN,IA 922,IA 922/1ST AVE E & 4TH ST NE,Collision with:  Vehicle in traffic,On Roadway,Rear-end (front to rear),Lost Control,None Indicated,,Daylight,Dry,Cloudy,None apparent,Non-intersection:  Non-junction/no special feature,Paved,,Property Damage Only,0,0,0,0,0,0,6500,3,3,,POINT (-91.666268440199 41.980072823444)
2014811898,14-3905,08/12/2014,08-August,3-Tuesday,07:36,0700 Hours,District 1 (Central),WEST DES MOINES,POLK,I-35,I-35,Collision with:  Vehicle in traffic,On Roadway,Rear-end (front to rear),Followed too close,None Indicated,,Daylight,Dry,Clear,None apparent,Interchange-related:  On-ramp merge area,Paved,,Property Damage Only,0,0,0,0,0,0,2100,2,2,,POINT (-93.776839193135 41.603552249044)
2014812239,14-0966,08/12/2014,08-August,3-Tuesday,08:10,0800 Hours,District 1 (Central),CLIVE,POLK,,UNIVERSITY BLVD & NW 84TH ST,Collision with:  Vehicle in traffic,On Roadway,Broadside (front to side),FTYROW:  From stop sign,None Indicated,,Daylight,Dry,Clear,None apparent,Intersection:  Four-way intersection,Paved,,Property Damage Only,0,0,0,0,0,0,1750,2,7,,POINT (-93.732697174788 41.604211353517)
2014813515,14013769,08/12/2014,08-August,3-Tuesday,10:40,1000 Hours,District 2 (Northeast),MASON CITY,CERRO GORDO,IA 122,IA 122/4TH ST SW,Collision with:  Vehicle in traffic,On Roadway,Rear-end (front to rear),Unknown,None Indicated,,Daylight,Dry,Cloudy,None apparent,Non-intersection:  Non-junction/no special feature,Paved,,Property Damage Only,0,0,0,0,0,0,6000,2,5,,POINT (-93.232241374411 43.148384223951)
2014813138,14-80823,08/12/2014,08-August,3-Tuesday,04:00,0400 Hours,District 2 (Northeast),,BLACK HAWK,I-380,I-380,Collision with:  Animal,,,Animal,None Indicated,,,,,,,Paved,,Property Damage Only,0,0,0,0,0,0,4000,1,1,,POINT (-92.216903582982 42.449439779097)
2014812036,20140023487,08/12/2014,08-August,3-Tuesday,18:57,1800 Hours,District 1 (Central),DES MOINES,POLK,IA 163,IA 163/E UNIVERSITY AVE,Collision with:  Vehicle in traffic,On Roadway,Rear-end (front to rear),Followed too close,None Indicated,,Daylight,Dry,Clear,None apparent,Intersection:  Four-way intersection,Paved,,Property Damage Only,0,0,0,0,0,0,3500,2,3,,POINT (-93.578060995379 41.600508217908)
2014811929,2014008629,08/12/2014,08-August,3-Tuesday,11:45,1100 Hours,District 6 (East Central),IOWA CITY,JOHNSON,,AMBER LN,Collision with:  Vehicle in traffic,On Roadway,Broadside (front to side),FTYROW:  From driveway,None Indicated,,Daylight,Dry,Clear,None apparent,Non-intersection:  Driveway access (within),Paved,,Property Damage Only,0,0,0,0,0,0,4500,2,2,,POINT (-91.505332493135 41.6325867224)
2014812132,CL14002840,08/12/2014,08-August,3-Tuesday,15:33,1500 Hours,District 6 (East Central),CLINTON,CLINTON,,6TH AVE S,Collision with:  Parked motor vehicle,On Roadway,Rear-end (front to rear),Unknown,None Indicated,,Daylight,Dry,Cloudy,None apparent,Non-intersection:  Non-junction/no special feature,Paved,,Property Damage Only,0,0,0,0,0,0,1500,2,1,,POINT (-90.187045914979 41.840091319244)
2014835741,1408122232,08/12/2014,08-August,3-Tuesday,22:32,2200 Hours,District 6 (East Central),MONTICELLO,JONES,,Co Rd D65/RICHLAND RD,Collision with:  Animal,,,Animal,None Indicated,,,,,,,Paved,,Property Damage Only,0,0,0,0,0,0,3000,1,1,,POINT (-91.125179499972 42.248624595139)
2014812672,2014-56284,08/12/2014,08-August,3-Tuesday,16:40,1600 Hours,District 6 (East Central),DAVENPORT,SCOTT,,E 13TH ST & LE CLAIRE ST,Collision with:  Vehicle in traffic,On Roadway,Broadside (front to side),FTYROW:  From stop sign,None Indicated,,Daylight,Dry,Clear,None apparent,Intersection:  Four-way intersection,Paved,,Property Damage Only,0,0,0,0,0,0,2888,2,3,,POINT (-90.568225349035 41.533015529974)
2014812085,2014-56186,08/12/2014,08-August,3-Tuesday,03:09,0300 Hours,District 6 (East Central),DAVENPORT,SCOTT,,W LOCUST ST,Collision with fixed object:  Utility pole/light support,Shoulder,Non-collision (single vehicle),Ran off road - straight,Alcohol (Statutory),,Dark - roadway lighted,Dry,Clear,None apparent,Non-intersection:  Non-junction/no special feature,Paved,,Property Damage Only,0,0,0,0,0,0,5000,1,1,,POINT (-90.598320649136 41.538250638865)
2014820139,,08/12/2014,08-August,3-Tuesday,17:05,1700 Hours,District 2 (Northeast),CLEAR LAKE,CERRO GORDO,,2ND AVE N & N 10TH ST,Collision with:  Parked motor vehicle,On Roadway,"Sideswipe, same direction",Other (explain in narrative):  Vision obstructed,None Indicated,,Daylight,Dry,Clear,None apparent,Non-intersection:  Non-junction/no special feature,Paved,,Property Damage Only,0,0,0,0,0,0,3500,2,1,,POINT (-93.376137026204 43.139248957339)
2014812443,2014-56134,08/12/2014,08-August,3-Tuesday,23:46,2300 Hours,District 6 (East Central),DAVENPORT,SCOTT,,FEDERAL ST,Collision with:  Parked motor vehicle,Outside trafficway,Rear-end (front to rear),Unknown,None Indicated,,Dark - roadway lighted,"Mud, dirt",Clear,None apparent,Non-intersection:  Non-junction/no special feature,Paved,,Property Damage Only,0,0,0,0,0,0,2120,2,1,,POINT (-90.565965951213 41.525186161219)
2014812222,201411841,08/12/2014,08-August,3-Tuesday,14:38,1400 Hours,District 6 (East Central),CEDAR RAPIDS,LINN,,1ST AVE W & EDGEWOOD RD SW & EDGEWOOD RD NW,Collision with:  Vehicle in traffic,On Roadway,Rear-end (front to rear),Unknown,None Indicated,,Daylight,Dry,Cloudy,None apparent,Intersection:  Four-way intersection,Paved,,Possible/Unknown,0,1,0,0,1,0,6000,2,2,,POINT (-91.716020119492 41.967625789777)
2014812020,14-003625,08/12/2014,08-August,3-Tuesday,08:29,0800 Hours,District 3 (Northwest),,LYON,,Co Rd K60/INDIAN AVE,Collision with:  Vehicle in traffic,On Roadway,"Angle, oncoming left turn",Crossed centerline (undivided),None Indicated,,Daylight,Dry,Clear,None apparent,Non-intersection:  Driveway access (within),Paved,,Minor Injury,0,1,0,1,0,0,6300,2,2,,POINT (-96.096356492217 43.398449370535)
2014813151,14-024826,08/12/2014,08-August,3-Tuesday,09:10,0900 Hours,District 5 (Southeast),DONNELLSON,LEE,US 218,US 218/SE RAMP,Collision with:  Other non-fixed object (explain in narrative),Shoulder,Non-collision (single vehicle),Ran off road - right,None Indicated,,Daylight,Dry,Clear,None apparent,"Interchange-related:  Off-ramp, diverge area",Paved,,Property Damage Only,0,0,0,0,0,0,1601,1,1,,POINT (-91.556159928 40.63474882429)
2014812088,2014-56232,08/12/2014,08-August,3-Tuesday,11:40,1100 Hours,District 6 (East Central),DAVENPORT,SCOTT,,BOIES AVE & S MICHIGAN AVE,Collision with fixed object:  Utility pole/light support,Shoulder,Non-collision (single vehicle),Swerving/Evasive Action,None Indicated,,Daylight,Dry,Clear,None apparent,Non-intersection:  Non-junction/no special feature,Paved,,Property Damage Only,0,0,0,0,0,0,1500,1,1,,POINT (-90.627120371221 41.510532511077)
2014813352,2014047089,08/12/2014,08-August,3-Tuesday,12:48,1200 Hours,District 4 (Southwest),COUNCIL BLUFFS,POTTAWATTAMIE,I-29,I-29,Collision with:  Vehicle in traffic,On Roadway,Rear-end (front to rear),Followed too close,None Indicated,,Daylight,Dry,Clear,Work Zone (roadway-related),Non-intersection:  Non-junction/no special feature,Paved,Yes,Property Damage Only,0,0,0,0,0,0,5000,2,3,,POINT (-95.901702176782 41.239200002289)
2014812128,2014008253,08/12/2014,08-August,3-Tuesday,11:46,1100 Hours,District 1 (Central),MARSHALLTOWN,MARSHALL,,WESTWOOD DR & S CENTER ST,Collision with:  Vehicle in traffic,On Roadway,Broadside (front to side),FTYROW:  From stop sign,None Indicated,,Daylight,Dry,Clear,None apparent,Intersection:  T-intersection,Paved,,Property Damage Only,0,0,0,0,0,0,3000,2,4,,POINT (-92.912731311469 42.021076392864)
2014812093,14-9351,08/12/2014,08-August,3-Tuesday,23:30,2300 Hours,District 3 (Northwest),,SIOUX,US 18,US 18/310TH ST,Collision with:  Animal,,,Animal,None Indicated,,,,,,,Paved,,Property Damage Only,0,0,0,0,0,0,4000,1,1,,POINT (-96.326673560906 43.199844870723)
2014812037,20140023495,08/12/2014,08-August,3-Tuesday,20:12,2000 Hours,District 1 (Central),DES MOINES,POLK,,E 4TH ST,Collision with:  Parked motor vehicle,On Roadway,Unknown,Unknown,None Indicated,,Daylight,Dry,Clear,None apparent,Non-intersection:  Non-junction/no special feature,Paved,,Property Damage Only,0,0,0,0,0,0,1500,2,1,,POINT (-93.613583221827 41.591911358224)
2014812300,14080826,08/12/2014,08-August,3-Tuesday,05:09,0500 Hours,District 2 (Northeast),CEDAR FALLS,BLACK HAWK,,E LONE TREE RD,Collision with fixed object:  Guardrail - face,Shoulder,Non-collision (single vehicle),Swerving/Evasive Action,None Indicated,,Dawn,Dry,Clear,None apparent,Non-intersection:  Railroad grade crossing,Paved,,Property Damage Only,0,0,0,0,0,0,2600,1,2,,POINT (-92.430353957604 42.561209887365)
2014816220,14-2297,08/12/2014,08-August,3-Tuesday,12:00,1200 Hours,District 2 (Northeast),OSAGE,MITCHELL,,MECHANIC ST,Collision with:  Vehicle in traffic,On Roadway,Broadside (front to side),Unknown,None Indicated,,Daylight,Dry,Clear,None apparent,Non-intersection:  Non-junction/no special feature,Paved,,Property Damage Only,0,0,0,0,0,0,4000,2,1,,POINT (-92.810684661358 43.286082806442)
2014812210,C14002505,08/12/2014,08-August,3-Tuesday,11:45,1100 Hours,District 6 (East Central),CORALVILLE,JOHNSON,US 6,US 6,Collision with:  Vehicle in traffic,On Roadway,Rear-end (front to rear),Followed too close,None Indicated,,Daylight,Dry,Cloudy,Non-highway work,Non-intersection:  Driveway access (within),Paved,,Possible/Unknown,0,2,0,0,2,0,11000,2,3,,POINT (-91.634870104853 41.703146077885)
2014812223,201411848,08/12/2014,08-August,3-Tuesday,17:18,1700 Hours,District 6 (East Central),CEDAR RAPIDS,LINN,IA 922,IA 922/1ST AVE E & 24TH ST NE CONN,Collision with:  Vehicle in traffic,On Roadway,Rear-end (front to rear),Followed too close,None Indicated,,Daylight,Dry,Clear,None apparent,Non-intersection:  Non-junction/no special feature,Paved,,Property Damage Only,0,0,0,0,0,0,4000,2,2,,POINT (-91.63584271537 42.000790254691)
2014813090,14-15448,08/12/2014,08-August,3-Tuesday,16:48,1600 Hours,District 6 (East Central),BETTENDORF,SCOTT,,53RD AVE & DEVILS GLEN RD,Collision with:  Vehicle in traffic,On Roadway,"Angle, oncoming left turn",Swerving/Evasive Action,None Indicated,,Daylight,Dry,Cloudy,None apparent,Intersection:  Four-way intersection,Paved,,Minor Injury,0,2,0,2,0,0,10000,2,2,,POINT (-90.483502758518 41.573917633353)
2014812033,20140023472,08/12/2014,08-August,3-Tuesday,17:30,1700 Hours,District 1 (Central),DES MOINES,POLK,,CLINTON AVE & BEAVER AVE,Collision with:  Vehicle in traffic,On Roadway,"Angle, oncoming left turn",Other (explain in narrative):  Other,None Indicated,,Daylight,Dry,Cloudy,None apparent,Non-intersection:  Non-junction/no special feature,Paved,,Minor Injury,0,1,0,1,0,0,7000,2,8,,POINT (-93.677423577674 41.628383384771)
2014813669,2014-56166,08/12/2014,08-August,3-Tuesday,01:24,0100 Hours,District 6 (East Central),DAVENPORT,SCOTT,,SPRING ST,Collision with:  Parked motor vehicle,Outside trafficway,Unknown,Unknown,None Indicated,,Dark - roadway lighted,Dry,Clear,None apparent,Non-intersection:  Other non-intersection (explain in narrative),Paved,,Property Damage Only,0,0,0,0,0,0,1500,2,1,,POINT (-90.547736162382 41.55660919886)
2014812047,14-3915,08/12/2014,08-August,3-Tuesday,16:00,1600 Hours,District 1 (Central),WEST DES MOINES,POLK,,ASHWORTH RD & 58TH ST,Collision with:  Vehicle in traffic,On Roadway,Broadside (front to side),FTYROW:  Making left turn,None Indicated,,Daylight,Dry,Cloudy,None apparent,Intersection:  Other intersection (explain in narrative),Paved,,Possible/Unknown,0,1,0,0,1,0,8000,2,3,,POINT (-93.787263043794 41.58442209429)
2014812023,14-5329,08/12/2014,08-August,3-Tuesday,13:50,1300 Hours,District 1 (Central),DES MOINES,POLK,US 69,US 69/NE 14TH ST,Collision with:  Vehicle in traffic,On Roadway,Rear-end (front to rear),Swerving/Evasive Action,None Indicated,,Daylight,Dry,Clear,None apparent,Non-intersection:  Non-junction/no special feature,Paved,,Property Damage Only,0,0,0,0,0,0,2500,2,3,,POINT (-93.600412453105 41.651797732816)
2014813514,14013761,08/12/2014,08-August,3-Tuesday,07:30,0700 Hours,District 2 (Northeast),MASON CITY,CERRO GORDO,,24TH ST SW & S ADAMS AVE,Collision with:  Vehicle in traffic,On Roadway,Broadside (front to side),FTYROW:  At uncontrolled intersection,None Indicated,,Daylight,Dry,Clear,None apparent,Non-intersection:  Non-junction/no special feature,Paved,,Property Damage Only,0,0,0,0,0,0,8500,2,2,,POINT (-93.205304832448 43.129039242851)
2014820155,,08/12/2014,08-August,3-Tuesday,16:38,1600 Hours,District 2 (Northeast),CLEAR LAKE,CERRO GORDO,IA 122,IA 122/IOWA 122,Collision with:  Vehicle in traffic,On Roadway,Rear-end (front to rear),Other (explain in narrative):  Other,None Indicated,,Daylight,Dry,Clear,None apparent,Non-intersection:  Non-junction/no special feature,Paved,,Property Damage Only,0,0,0,0,0,0,3100,3,3,,POINT (-93.350764698233 43.14702870043)
2014812777,2014047013,08/12/2014,08-August,3-Tuesday,09:11,0900 Hours,District 6 (East Central),,JACKSON,IA 64,IA 64/HWY 64,Collision with:  Animal,,,Animal,None Indicated,,,,,,,Paved,,Property Damage Only,0,0,0,0,0,0,5000,1,1,,POINT (-90.69974029667 42.057089789182)
2014812739,2014008803,08/12/2014,08-August,3-Tuesday,08:20,0800 Hours,District 6 (East Central),IOWA CITY,JOHNSON,IA 1,IA 1/GOVERNOR ST & E BLOOMINGTON ST,Collision with:  Non-motorist (see non-motorist section - NOT a unit),On Roadway,Non-collision (single vehicle),Unknown,None Indicated,,Daylight,Dry,Clear,None apparent,Non-intersection:  Non-junction/no special feature,Paved,,Minor Injury,0,1,0,1,0,0,0,1,1,,POINT (-91.522789282339 41.664606658829)
2014812830,0812145A,08/12/2014,08-August,3-Tuesday,12:30,1200 Hours,District 4 (Southwest),,PAGE,IA 2,IA 2/IOWA 2 & Co Rd J40/A AVE,Collision with:  Vehicle in traffic,On Roadway,Rear-end (front to rear),Followed too close,None Indicated,,Daylight,Dry,Clear,None apparent,Intersection:  Four-way intersection,Paved,,Possible/Unknown,0,1,0,0,1,0,5500,2,3,,POINT (-95.36598030191 40.742990854322)
2014812119,14-26137,08/12/2014,08-August,3-Tuesday,07:40,0700 Hours,District 3 (Northwest),SIOUX CITY,WOODBURY,,6TH ST & JACKSON ST,Collision with:  Vehicle in traffic,On Roadway,Broadside (front to side),Ran Traffic Signal,None Indicated,,Daylight,Dry,Clear,None apparent,Intersection:  Other intersection (explain in narrative),Paved,,Minor Injury,0,2,0,2,0,0,4500,2,3,,POINT (-96.401999260344 42.496341145775)
2014812506,01-14-35860,08/12/2014,08-August,3-Tuesday,16:10,1600 Hours,District 6 (East Central),DUBUQUE,DUBUQUE,US 61,US 61 & LAKE ELEANOR RD,Collision with:  Vehicle in traffic,On Roadway,Rear-end (front to rear),Other (explain in narrative):  Other,None Indicated,,Daylight,Dry,Clear,None apparent,Intersection:  T-intersection,Paved,,Property Damage Only,0,0,0,0,0,0,3500,2,2,,POINT (-90.680101312455 42.447571245392)
2014812807,,08/12/2014,08-August,3-Tuesday,06:40,0600 Hours,District 6 (East Central),CAMANCHE,CLINTON,,9TH ST & 14TH AVE,Collision with:  Vehicle in traffic,On Roadway,"Sideswipe, opposite direction",Crossed centerline (undivided),None Indicated,,Daylight,Dry,Clear,None apparent,Intersection:  Four-way intersection,Paved,,Property Damage Only,0,0,0,0,0,0,2500,2,2,,POINT (-90.261058684205 41.786531782334)
2014820500,BP14000618,08/12/2014,08-August,3-Tuesday,18:48,1800 Hours,District 2 (Northeast),BELMOND,WRIGHT,,5TH ST SE,Collision with:  Vehicle in traffic,On Roadway,Broadside (front to side),FTYROW:  From driveway,None Indicated,,Daylight,Dry,Clear,None apparent,Non-intersection:  Driveway access (within),Paved,,Minor Injury,0,4,0,4,0,0,9900,2,7,,POINT (-93.602708394325 42.841400643943)
2014812339,2014045956,08/12/2014,08-August,3-Tuesday,04:21,0400 Hours,District 5 (Southeast),,WARREN,I-35,I-35,Collision with:  Animal,,,Animal,None Indicated,,,,,,,Paved,,Property Damage Only,0,0,0,0,0,0,5000,1,1,,POINT (-93.78014502956 41.493325839614)
2014812536,14-6108,08/12/2014,08-August,3-Tuesday,14:56,1400 Hours,District 3 (Northwest),IDA GROVE,IDA,,S MAIN ST,Collision with:  Parked motor vehicle,On Roadway,"Sideswipe, same direction",Other (explain in narrative):  Other,None Indicated,,Daylight,Dry,Clear,None apparent,Non-intersection:  Non-junction/no special feature,Paved,,Property Damage Only,0,0,0,0,0,0,3000,2,1,,POINT (-95.471313442665 42.338493918698)
2014927522,,08/12/2014,08-August,3-Tuesday,17:38,1700 Hours,District 3 (Northwest),SERGEANT BLUFF,WOODBURY,,AIRVIEW DR & 1ST ST,Collision with:  Vehicle in traffic,On Roadway,Broadside (front to side),FTYROW:  From driveway,None Indicated,,Daylight,Dry,Clear,None apparent,Non-intersection:  Non-junction/no special feature,Paved,,Minor Injury,0,2,0,2,0,0,2500,2,2,,POINT (-96.358993615233 42.400334779594)
2014812173,14007088,08/12/2014,08-August,3-Tuesday,09:00,0900 Hours,District 6 (East Central),,DELAWARE,,Co Rd D47/315TH ST,Non-collision events:  Overturn/rollover,Outside trafficway,Non-collision (single vehicle),Ran off road - right,None Indicated,,Daylight,Dry,Clear,None apparent,Non-intersection:  Non-junction/no special feature,Paved,,Property Damage Only,0,0,0,0,0,0,5000,1,1,,POINT (-91.314106076779 42.329053301329)
2014812196,1408122621,08/12/2014,08-August,3-Tuesday,19:55,1900 Hours,District 6 (East Central),,CLINTON,IA 136,IA 136/IOWA 136,Collision with:  Animal,,,Animal,None Indicated,,,,,,,Paved,,Property Damage Only,0,0,0,0,0,0,2500,1,1,,POINT (-90.582694085763 42.004412661618)
2014812657,GP20140640,08/12/2014,08-August,3-Tuesday,16:05,1600 Hours,District 1 (Central),GRINNELL,POWESHIEK,,8TH AVE & PENROSE ST,Collision with:  Vehicle in traffic,On Roadway,Unknown,FTYROW:  From parked position,None Indicated,,Daylight,Dry,Clear,None apparent,Non-intersection:  Driveway access (within),Paved,,Property Damage Only,0,0,0,0,0,0,8000,2,4,,POINT (-92.707994596766 41.749019921514)
2014813196,,08/12/2014,08-August,3-Tuesday,16:37,1600 Hours,District 4 (Southwest),PANORA,GUTHRIE,IA 44,IA 44/W MAIN ST & SW 2ND ST & NW 2ND ST,Collision with:  Vehicle in traffic,On Roadway,Broadside (front to side),FTYROW:  From stop sign,None Indicated,,Daylight,Dry,Clear,None apparent,Intersection:  Four-way intersection,Paved,,Property Damage Only,0,0,0,0,0,0,22000,2,2,,POINT (-94.365836912584 41.69168997479)
2014813360,2014047053,08/12/2014,08-August,3-Tuesday,09:52,0900 Hours,District 4 (Southwest),,ADAIR,I-80,I-80,Collision with:  Vehicle in traffic,On Roadway,"Sideswipe, same direction",Crossed centerline (undivided),None Indicated,,Daylight,Dry,Clear,None apparent,Non-intersection:  Non-junction/no special feature,Paved,,Property Damage Only,0,0,0,0,0,0,12000,2,2,,POINT (-94.439538645085 41.495915584345)
2014811983,W14-081101,08/12/2014,08-August,3-Tuesday,20:35,2000 Hours,District 2 (Northeast),WATERLOO,BLACK HAWK,,COLUMBIA ST,Collision with:  Parked motor vehicle,On Roadway,Unknown,Unknown,None Indicated,,Daylight,Dry,Clear,None apparent,Non-intersection:  Other non-intersection (explain in narrative),Paved,,Property Damage Only,0,0,0,0,0,0,1500,2,1,,POINT (-92.342595747875 42.509839377024)
2014813516,14013787,08/12/2014,08-August,3-Tuesday,15:01,1500 Hours,District 2 (Northeast),MASON CITY,CERRO GORDO,,S TAFT AVE,Collision with:  Vehicle in traffic,On Roadway,Rear-end (front to rear),Other (explain in narrative):  Other,None Indicated,,Daylight,Dry,Clear,None apparent,Non-intersection:  Non-junction/no special feature,Paved,,Possible/Unknown,0,1,0,0,1,0,800,2,2,,POINT (-93.240616632516 43.148411943125)
2014812756,14080992,08/12/2014,08-August,3-Tuesday,15:05,1500 Hours,District 2 (Northeast),CEDAR FALLS,BLACK HAWK,,UNIVERSITY AVE & HUDSON RD,Collision with:  Vehicle in traffic,On Roadway,Rear-end (front to rear),Followed too close,None Indicated,,Daylight,Dry,Cloudy,None apparent,Non-intersection:  Non-junction/no special feature,Paved,,Property Damage Only,0,0,0,0,0,0,6500,2,2,,POINT (-92.465561519861 42.506858445858)
2014813534,14004902,08/12/2014,08-August,3-Tuesday,11:02,1100 Hours,District 3 (Northwest),MERIDEN,CHEROKEE,,Co Rd L51/L AVE,Collision with:  Railway vehicle/train,On Roadway,Broadside (front to side),Other (explain in narrative):  Disregarded Warning Sign,None Indicated,,Daylight,Dry,Clear,None apparent,Non-intersection:  Railroad grade crossing,Paved,,Major Injury,0,2,1,0,1,0,7000,2,3,,POINT (-95.641919698943 42.79730776733)
2014812123,14-26196,08/12/2014,08-August,3-Tuesday,17:19,1700 Hours,District 3 (Northwest),SIOUX CITY,WOODBURY,,3RD ST & COURT ST,Collision with:  Vehicle in traffic,On Roadway,"Sideswipe, same direction",Made improper turn,None Indicated,,Daylight,Dry,Clear,None apparent,Non-intersection:  Non-junction/no special feature,Paved,,Property Damage Only,0,0,0,0,0,0,2000,2,4,,POINT (-96.396363487731 42.493158822559)
2014812174,2014008639,08/12/2014,08-August,3-Tuesday,17:35,1700 Hours,District 6 (East Central),IOWA CITY,JOHNSON,,HOLLYWOOD BLVD & BOYRUM ST,Collision with:  Vehicle in traffic,On Roadway,Broadside (front to side),Other (explain in narrative):  Vision obstructed,None Indicated,,Daylight,Dry,Clear,None apparent,Intersection:  T-intersection,Paved,,Property Damage Only,0,0,0,0,0,0,3000,2,3,,POINT (-91.527907642012 41.643974577741)
2014812131,CL14002839,08/12/2014,08-August,3-Tuesday,15:57,1500 Hours,District 6 (East Central),CLINTON,CLINTON,US 30,US 30/S 3RD ST/8TH AVE S,Collision with:  Vehicle in traffic,On Roadway,"Sideswipe, same direction",Made improper turn,None Indicated,,Daylight,Dry,Clear,None apparent,Non-intersection:  Non-junction/no special feature,Paved,,Property Damage Only,0,0,0,0,0,0,1800,2,2,,POINT (-90.190663843606 41.837775410328)
2014812120,14-26182,08/12/2014,08-August,3-Tuesday,14:25,1400 Hours,District 3 (Northwest),SIOUX CITY,WOODBURY,,HAMILTON BLVD,Collision with:  Vehicle in traffic,On Roadway,"Sideswipe, same direction",Other (explain in narrative):  Other,None Indicated,,Daylight,Dry,Clear,None apparent,Non-intersection:  Non-junction/no special feature,Paved,,Property Damage Only,0,0,0,0,0,0,2000,2,2,,POINT (-96.417296828365 42.504646849537)
2014812030,20140023448,08/12/2014,08-August,3-Tuesday,14:05,1400 Hours,District 1 (Central),DES MOINES,POLK,,E MADISON AVE,Collision with:  Vehicle in traffic,On Roadway,Rear-end (front to rear),Improper Backing,None Indicated,,Daylight,Dry,Clear,None apparent,Non-intersection:  Non-junction/no special feature,Paved,,Property Damage Only,0,0,0,0,0,0,1800,2,2,,POINT (-93.615510954684 41.633154098582)
2014816013,2014047049,08/12/2014,08-August,3-Tuesday,09:44,0900 Hours,District 3 (Northwest),,WOODBURY,I-29,I-29,,On Roadway,Non-collision (single vehicle),Cargo/equipment loss or shift,None Indicated,,Daylight,Dry,Clear,Work Zone (roadway-related),Non-intersection:  Other non-intersection (explain in narrative),Paved,Yes,Property Damage Only,0,0,0,0,0,0,6000,2,2,,POINT (-96.316596233841 42.328227379965)
2014812688,14-003711,08/12/2014,08-August,3-Tuesday,13:40,1300 Hours,District 1 (Central),AMES,STORY,US 69,US 69/LINCOLN WAY/GRAND AVE,Collision with:  Vehicle in traffic,On Roadway,Broadside (front to side),Ran Traffic Signal,None Indicated,,Daylight,Dry,Clear,None apparent,Intersection:  Four-way intersection,Paved,,Property Damage Only,0,0,0,0,0,0,4500,2,5,,POINT (-93.620221972999 42.022892459134)
2014812031,20140023461,08/12/2014,08-August,3-Tuesday,16:31,1600 Hours,District 1 (Central),DES MOINES,POLK,,E KENYON AVE & SE 5TH ST,Collision with:  Vehicle in traffic,On Roadway,Rear-end (front to rear),Followed too close,None Indicated,,Daylight,Dry,Clear,None apparent,Non-intersection:  Non-junction/no special feature,Paved,,Property Damage Only,0,0,0,0,0,0,20000,2,6,,POINT (-93.606492168033 41.535473257205)
2014812455,14-26354,08/13/2014,08-August,4-Wednesday,19:10,1900 Hours,District 3 (Northwest),SIOUX CITY,WOODBURY,,S LEONARD ST,Collision with:  Parked motor vehicle,On Roadway,Rear-end (front to rear),FTYROW:  From driveway,None Indicated,,Daylight,Dry,Clear,None apparent,Non-intersection:  Driveway access (within),Paved,,Property Damage Only,0,0,0,0,0,0,1500,2,1,,POINT (-96.440333139093 42.495105453936)
2014814136,,08/13/2014,08-August,4-Wednesday,09:30,0900 Hours,District 6 (East Central),CEDAR RAPIDS,LINN,I-380,I-380,Collision with:  Vehicle in traffic,On Roadway,Broadside (front to side),Unknown,None Indicated,,Daylight,Dry,Clear,,Non-intersection:  Non-junction/no special feature,Paved,,Property Damage Only,0,0,0,0,0,0,10000,2,2,,POINT (-91.670918386909 41.890485003341)
2014812291,2014008685,08/13/2014,08-August,4-Wednesday,18:07,1800 Hours,District 6 (East Central),IOWA CITY,JOHNSON,,KIRKWOOD AVE & GILBERT CT,Collision with:  Vehicle in traffic,On Roadway,"Angle, oncoming left turn",FTYROW:  Making left turn,None Indicated,,Daylight,Dry,Clear,None apparent,Intersection:  Other intersection (explain in narrative),Paved,,Minor Injury,0,1,0,1,0,0,6000,2,2,,POINT (-91.529788248395 41.649456815259)
2014812662,14-15497,08/13/2014,08-August,4-Wednesday,07:25,0700 Hours,District 6 (East Central),BETTENDORF,SCOTT,,MIDDLE RD,Collision with:  Vehicle in traffic,On Roadway,Rear-end (front to rear),Lost Control,None Indicated,,Daylight,Dry,Clear,None apparent,Intersection:  Intersection with ramp,Paved,,Property Damage Only,0,0,0,0,0,0,3500,2,3,,POINT (-90.518757494949 41.540253075336)