Iowa DOT Case Number,Law Enforcement Case Number,Date of Crash,Month of Crash,Day of Week,Time of Crash,Hour,DOT District,City Name,County Name,Route with System,Location Description,First Harmful Event,Location of First Harmful Event,Manner of Crash/Collision,Major Cause,Drug or Alcohol ,Environmental Conditions,Light Conditions,Surface Conditions,Weather Conditions,Roadway Contribution,Roadway Type,Roadway Surface,Work Zone,Crash Severity,Number of Fatalities,Number of Injuries,Number of Major Injuries,Number of Minor Injuries,Number of Possible Injuries,Number of Unknown Injuries,Amount of Property Damage,Number of Vehicles Involved,Total Number of Occupants,Travel Direction,Location
2014812199,14-007111,08/13/2014,08-August,4-Wednesday,09:22,0900 Hours,District 6 (East Central),MANCHESTER,DELAWARE,,E MAIN ST & S MADISON ST & N MADISON ST,Collision with fixed object:  Other fixed object (explain in narrative),Outside trafficway,Non-collision (single vehicle),Other (explain in narrative):  No improper action,None Indicated,,Daylight,Dry,Clear,None apparent,Non-intersection:  Non-junction/no special feature,Paved,,Property Damage Only,0,0,0,0,0,0,2000,1,1,,POINT (-91.456672436896 42.483978465825)
2014812527,02-14-12056,08/13/2014,08-August,4-Wednesday,10:17,1000 Hours,District 6 (East Central),,DUBUQUE,,TOM LUCAS RD & KLUESNER RD,Collision with:  Vehicle in traffic,On Roadway,Broadside (front to side),Ran Stop Sign,None Indicated,,Daylight,"Mud, dirt",Cloudy,None apparent,Intersection:  Four-way intersection,Unpaved,,Possible/Unknown,0,3,0,0,3,0,16000,2,3,,POINT (-91.020460116269 42.558978324106)
2014812528,02-14-12064,08/13/2014,08-August,4-Wednesday,14:45,1400 Hours,District 6 (East Central),,DUBUQUE,IA 136,IA 136/IOWA 136 & FLOYD RD,Collision with:  Vehicle in traffic,On Roadway,Rear-end (front to rear),Followed too close,None Indicated,,Daylight,Dry,Cloudy,None apparent,Non-intersection:  Non-junction/no special feature,Paved,,Property Damage Only,0,0,0,0,0,0,2900,2,2,,POINT (-91.109447480516 42.515301561922)
2014812397,14-003473,08/13/2014,08-August,4-Wednesday,12:25,1200 Hours,District 1 (Central),ANKENY,POLK,US 69,US 69/N ANKENY BLVD,Collision with:  Vehicle in traffic,On Roadway,Broadside (front to side),FTYROW:  From driveway,None Indicated,,Daylight,Dry,Clear,None apparent,Non-intersection:  Other non-intersection (explain in narrative),Paved,,Property Damage Only,0,0,0,0,0,0,2000,2,2,,POINT (-93.60035490312 41.733483363554)
2014812356,W14-081306,08/13/2014,08-August,4-Wednesday,15:12,1500 Hours,District 2 (Northeast),WATERLOO,BLACK HAWK,,W RIDGEWAY AVE & E RIDGEWAY AVE & KIMBALL AVE,Collision with:  Parked motor vehicle,Outside trafficway,Unknown,"Operating vehicle in an reckless, erratic, careless, negligent manner",None Indicated,,Daylight,Dry,Clear,None apparent,Non-intersection:  Non-junction/no special feature,Paved,,Property Damage Only,0,0,0,0,0,0,2500,2,1,,POINT (-92.356983956971 42.469394705664)
2014812211,C14002513,08/13/2014,08-August,4-Wednesday,11:30,1100 Hours,District 6 (East Central),CORALVILLE,JOHNSON,,6TH ST & 12TH AVE,Collision with:  Vehicle in traffic,On Roadway,Broadside (front to side),Ran Stop Sign,None Indicated,,Daylight,Dry,Clear,None apparent,Intersection:  Four-way intersection,Paved,,Property Damage Only,0,0,0,0,0,0,6000,2,2,,POINT (-91.580464202218 41.676808322484)
2014812041,20140023567,08/13/2014,08-August,4-Wednesday,13:07,1300 Hours,District 1 (Central),DES MOINES,POLK,,E GRAND AVE & HUBBELL AVE & E 18TH ST,Collision with:  Vehicle in traffic,On Roadway,Broadside (front to side),Ran Traffic Signal,None Indicated,,Daylight,Dry,Clear,None apparent,Intersection:  Y-intersection,Paved,,Property Damage Only,0,0,0,0,0,0,2300,2,2,,POINT (-93.587136814383 41.595643350996)
2014812054,14-033999,08/13/2014,08-August,4-Wednesday,01:15,0100 Hours,District 4 (Southwest),COUNCIL BLUFFS,POTTAWATTAMIE,US 6,US 6/W BROADWAY & S 25TH ST & N 25TH ST,Non-collision events:  Other non-collision (explain in narrative),On Roadway,Non-collision (single vehicle),Ran off road - left,None Indicated,,Dark - roadway lighted,Dry,Clear,None apparent,Intersection:  Four-way intersection,Paved,,Property Damage Only,0,0,0,0,0,0,2200,1,2,,POINT (-95.88190427947 41.261916274682)
2014812236,14-5356,08/13/2014,08-August,4-Wednesday,18:43,1800 Hours,District 1 (Central),DES MOINES,POLK,,NE 88TH ST & NE 54TH AVE,Collision with:  Vehicle in traffic,On Roadway,Broadside (front to side),FTYROW:  From stop sign,None Indicated,,Daylight,Dry,Clear,None apparent,Intersection:  Four-way intersection,Paved,,Property Damage Only,0,0,0,0,0,0,7000,2,5,,POINT (-93.42579258675 41.658648072378)
2014812445,2014-56493,08/13/2014,08-August,4-Wednesday,12:33,1200 Hours,District 6 (East Central),DAVENPORT,SCOTT,,,Collision with:  Vehicle in traffic,On Roadway,Broadside (front to side),Other (explain in narrative):  Other,None Indicated,,Daylight,Dry,Cloudy,None apparent,Intersection:  Four-way intersection,,,Property Damage Only,0,0,0,0,0,0,5000,2,2,,POINT (-96.643700149993 40.233091251414)
2014812677,2014-56598,08/13/2014,08-August,4-Wednesday,20:58,2000 Hours,District 6 (East Central),DAVENPORT,SCOTT,,E 53RD ST & ELMORE CIR,Collision with:  Vehicle in traffic,On Roadway,"Angle, oncoming left turn",Other (explain in narrative):  Other,None Indicated,,Dark - roadway lighted,Dry,Clear,None apparent,Non-intersection:  Non-junction/no special feature,Paved,,Property Damage Only,0,0,0,0,0,0,2000,2,3,,POINT (-90.53105706345 41.574877177362)
2014813016,,08/13/2014,08-August,4-Wednesday,20:48,2000 Hours,District 6 (East Central),CEDAR RAPIDS,LINN,,8TH AVE SE & 2ND ST SE,Collision with:  Vehicle in traffic,On Roadway,Rear-end (front to rear),Unknown,None Indicated,,Dark - roadway lighted,Dry,Clear,,Intersection:  Four-way intersection,Paved,,Possible/Unknown,0,1,0,0,1,0,700,2,2,,POINT (-91.662653878637 41.972834618831)
2014813798,2014-17356,08/13/2014,08-August,4-Wednesday,07:15,0700 Hours,District 5 (Southeast),,WARREN,,140TH AVE,Collision with fixed object:  Utility pole/light support,Roadside,Non-collision (single vehicle),Crossed centerline (undivided),Alcohol (Statutory),,Daylight,"Mud, dirt",Clear,None apparent,Non-intersection:  Non-junction/no special feature,Unpaved,,Property Damage Only,0,0,0,0,0,0,5500,1,1,,POINT (-93.539098011367 41.305594538003)
2014812290,2014008666,08/13/2014,08-August,4-Wednesday,12:17,1200 Hours,District 6 (East Central),IOWA CITY,JOHNSON,,E BLOOMINGTON ST & N LINN ST,Collision with:  Vehicle in traffic,On Roadway,Broadside (front to side),FTYROW:  From driveway,None Indicated,,Daylight,Dry,Clear,None apparent,Non-intersection:  Driveway access (within),Paved,,Property Damage Only,0,0,0,0,0,0,1900,2,2,,POINT (-91.531580080882 41.664674293274)
2014812509,01-14-36006,08/13/2014,08-August,4-Wednesday,14:04,1400 Hours,District 6 (East Central),DUBUQUE,DUBUQUE,,SUTTER ST & QUEEN ST,Non-collision events:  Other non-collision (explain in narrative),On Roadway,Head-on (front to front),Ran Stop Sign,None Indicated,,Daylight,Dry,Cloudy,None apparent,Intersection:  T-intersection,Paved,,Property Damage Only,0,0,0,0,0,0,10000,3,3,,POINT (-90.669844953961 42.521458205726)
2014812642,14-3932,08/13/2014,08-August,4-Wednesday,08:41,0800 Hours,District 4 (Southwest),WEST DES MOINES,DALLAS,I-80,I-80,Collision with fixed object:  Bridge pier or support,Median,Non-collision (single vehicle),Ran off road - left,None Indicated,,Daylight,Dry,Clear,None apparent,Non-intersection:  Other non-intersection (explain in narrative),Paved,,Fatal,1,0,0,0,0,0,7000,1,2,,POINT (-93.805545980933 41.592122710286)
2014812402,14-0972,08/13/2014,08-August,4-Wednesday,18:54,1800 Hours,District 1 (Central),CLIVE,POLK,US 6,US 6/HICKMAN RD,Collision with:  Vehicle in traffic,On Roadway,Rear-end (front to rear),Followed too close,None Indicated,,Daylight,Dry,Clear,None apparent,Non-intersection:  Non-junction/no special feature,Paved,,Property Damage Only,0,0,0,0,0,0,6000,3,3,,POINT (-93.780227977883 41.614896362952)
2014812318,14-16597,08/13/2014,08-August,4-Wednesday,15:34,1500 Hours,District 6 (East Central),,SCOTT,,315 ST,Non-collision events:  Other non-collision (explain in narrative),On Roadway,Non-collision (single vehicle),Crossed centerline (undivided),None Indicated,,Daylight,"Mud, dirt",Clear,None apparent,Non-intersection:  Non-junction/no special feature,Unpaved,,Possible/Unknown,0,1,0,0,1,0,1501,1,1,,POINT (-90.782668513905 41.765169901824)
2014812264,2014-0322,08/13/2014,08-August,4-Wednesday,16:02,1600 Hours,District 5 (Southeast),NORWALK,WARREN,,Co Rd G14/HWY G14 & Co Rd R45/CLARKE ST,Collision with:  Vehicle in traffic,On Roadway,Rear-end (front to rear),Followed too close,None Indicated,,Daylight,Dry,Clear,None apparent,Intersection:  T-intersection,Paved,,Property Damage Only,0,0,0,0,0,0,2000,2,3,,POINT (-93.711266256105 41.476388158036)
2014812312,14-21007,08/13/2014,08-August,4-Wednesday,09:32,0900 Hours,District 1 (Central),NEWTON,JASPER,,N 2ND AVE W & 1ST ST N & N 2ND AVE E,Collision with:  Vehicle in traffic,On Roadway,"Sideswipe, same direction",Other (explain in narrative):  Other,None Indicated,,Daylight,Dry,Clear,None apparent,Intersection:  Four-way intersection,Paved,,Property Damage Only,0,0,0,0,0,0,2100,2,3,,POINT (-93.053626668637 41.700469897731)
2014813221,14-1194,08/13/2014,08-August,4-Wednesday,17:20,1700 Hours,District 3 (Northwest),SPIRIT LAKE,DICKINSON,US 71,US 71 & 23RD ST & ENTERPRISE AVE,Collision with:  Non-motorist (see non-motorist section - NOT a unit),On Roadway,Non-collision (single vehicle),FTYROW:  Making left turn,None Indicated,,Daylight,Dry,Clear,None apparent,Intersection:  Four-way intersection,Paved,,Minor Injury,0,1,0,1,0,0,300,1,1,,POINT (-95.126423848342 43.418362241638)
2014813327,14-004673,08/13/2014,08-August,4-Wednesday,13:22,1300 Hours,District 2 (Northeast),,HANCOCK,US 18,US 18 & Co Rd R44/NASH AVE,Collision with:  Vehicle in traffic,On Roadway,"Sideswipe, same direction",Other (explain in narrative):  Other,None Indicated,,Daylight,Dry,Clear,None apparent,Intersection:  Four-way intersection,Paved,,Property Damage Only,0,0,0,0,0,0,7000,2,4,,POINT (-93.714870703962 43.104703274773)
2014812313,14-1542,08/13/2014,08-August,4-Wednesday,16:28,1600 Hours,District 1 (Central),POLK CITY,POLK,,N 3RD ST,Collision with fixed object:  Curb/island/raised median,On Roadway,Non-collision (single vehicle),Ran off road - right,None Indicated,,Daylight,Dry,Clear,None apparent,Non-intersection:  Non-junction/no special feature,Paved,,Property Damage Only,0,0,0,0,0,0,7500,1,1,,POINT (-93.709564900474 41.777409353493)
2014812501,01-14-12055,08/13/2014,08-August,4-Wednesday,09:47,0900 Hours,District 6 (East Central),DUBUQUE,DUBUQUE,,E 7TH ST & WHITE ST,Collision with:  Vehicle in traffic,On Roadway,"Angle, oncoming left turn",FTYROW:  From stop sign,None Indicated,,Daylight,Dry,Clear,None apparent,Intersection:  Four-way intersection,Paved,,Property Damage Only,0,0,0,0,0,0,2500,2,2,,POINT (-90.663669123564 42.500980645703)
2014813091,14-15566,08/13/2014,08-August,4-Wednesday,20:22,2000 Hours,District 6 (East Central),BETTENDORF,SCOTT,,TANGLEFOOT LN & 18TH ST,Collision with:  Non-motorist (see non-motorist section - NOT a unit),On Roadway,Non-collision (single vehicle),Unknown,None Indicated,,Dark - roadway lighted,Dry,Cloudy,None apparent,Intersection:  Four-way intersection,Paved,,Minor Injury,0,1,0,1,0,0,600,1,1,,POINT (-90.498639011932 41.560549527494)
2014812675,2014-56487,08/13/2014,08-August,4-Wednesday,12:39,1200 Hours,District 6 (East Central),DAVENPORT,SCOTT,,IA 461/WELCOME WAY & W 46TH ST & E 46TH ST,Collision with:  Vehicle in traffic,On Roadway,Rear-end (front to rear),Followed too close,None Indicated,,Daylight,Dry,Clear,None apparent,Intersection:  Four-way intersection,Paved,,Property Damage Only,0,0,0,0,0,0,5000,2,3,,POINT (-90.570270941351 41.567364126847)
2014812343,2014047437,08/13/2014,08-August,4-Wednesday,18:00,1800 Hours,District 2 (Northeast),,HANCOCK,,210TH ST,Collision with:  Vehicle in traffic,On Roadway,Broadside (front to side),FTYROW:  From driveway,None Indicated,,Daylight,"Mud, dirt",Clear,None apparent,Non-intersection:  Driveway access (within),Unpaved,,Minor Injury,0,1,0,1,0,0,22000,2,2,,POINT (-93.507707204015 43.067629076353)
2014812249,20140023594,08/13/2014,08-August,4-Wednesday,16:27,1600 Hours,District 1 (Central),DES MOINES,POLK,I-235,I-235 & EASTON BLVD,Collision with:  Vehicle in traffic,On Roadway,Rear-end (front to rear),Followed too close,None Indicated,,Daylight,Dry,Clear,None apparent,Intersection:  Intersection with ramp,Paved,,Property Damage Only,0,0,0,0,0,0,2300,2,2,,POINT (-93.578757014261 41.604539958224)
2014822707,14-034054,08/13/2014,08-August,4-Wednesday,16:57,1600 Hours,District 5 (Southeast),WEST LIBERTY,MUSCATINE,US 6,US 6/3RD ST & CLARK ST,Collision with:  Vehicle in traffic,On Roadway,"Angle, oncoming left turn",FTYROW:  Making left turn,None Indicated,,Daylight,Dry,Clear,None apparent,Intersection:  Four-way intersection,Paved,,Minor Injury,0,1,0,1,0,0,3500,2,3,,POINT (-91.257597067506 41.569905091207)
2014812965,2014047268,08/13/2014,08-August,4-Wednesday,08:25,0800 Hours,District 5 (Southeast),,DECATUR,I-35,I-35,Collision with:  Vehicle in traffic,On Roadway,"Sideswipe, same direction",FTYROW:  From yield sign,None Indicated,,Daylight,Dry,Clear,Work Zone (roadway-related),"Interchange-related:  Off-ramp, diverge area",Paved,Yes,Property Damage Only,0,0,0,0,0,0,7700,2,3,,POINT (-93.841732898213 40.742684920823)
2014812766,14-4925,08/13/2014,08-August,4-Wednesday,06:51,0600 Hours,District 3 (Northwest),CHEROKEE,CHEROKEE,,W MAIN ST & S 5TH ST & N 5TH ST,Collision with:  Vehicle in traffic,On Roadway,"Sideswipe, opposite direction",Crossed centerline (undivided),Alcohol (Statutory),,Daylight,Dry,Clear,None apparent,Non-intersection:  Non-junction/no special feature,Paved,,Property Damage Only,0,0,0,0,0,0,7042,2,2,,POINT (-95.554528544005 42.749738865914)
2014812526,02-14-12051,08/13/2014,08-August,4-Wednesday,06:58,0600 Hours,District 6 (East Central),FARLEY,DUBUQUE,US 20,US 20,Non-collision events:  Other non-collision (explain in narrative),Shoulder,Non-collision (single vehicle),Ran off road - right,None Indicated,,Daylight,Dry,Clear,None apparent,Non-intersection:  Non-junction/no special feature,Paved,,Minor Injury,0,1,0,1,0,0,50,1,1,,POINT (-90.996264514957 42.440217773373)
2014812304,2014-3862,08/13/2014,08-August,4-Wednesday,07:28,0700 Hours,District 4 (Southwest),WAUKEE,DALLAS,,UNIVERSITY AVE,Collision with:  Vehicle in traffic,On Roadway,Rear-end (front to rear),Driving too fast for conditions,None Indicated,,Daylight,Dry,Clear,None apparent,Non-intersection:  Non-junction/no special feature,Paved,,Property Damage Only,0,0,0,0,0,0,3500,2,5,,POINT (-93.844071938714 41.600376114792)
2014812354,W14-081217,08/13/2014,08-August,4-Wednesday,06:52,0600 Hours,District 2 (Northeast),WATERLOO,BLACK HAWK,,BELLE ST & SOUTHCREST DR,Collision with:  Vehicle in traffic,On Roadway,Broadside (front to side),FTYROW:  At uncontrolled intersection,None Indicated,,Daylight,Dry,Clear,None apparent,Intersection:  Four-way intersection,Paved,,Possible/Unknown,0,1,0,0,1,0,3000,2,5,,POINT (-92.291836267843 42.447351547165)
2014812901,201402820,08/13/2014,08-August,4-Wednesday,06:10,0600 Hours,District 6 (East Central),,LINN,,Co Rd E16/CENTRAL CITY RD,Collision with:  Animal,,,Animal,None Indicated,,,,,,,Paved,,Property Damage Only,0,0,0,0,0,0,3000,1,1,,POINT (-91.540767258866 42.195956266212)
2014812255,14-3940,08/13/2014,08-August,4-Wednesday,13:29,1300 Hours,District 1 (Central),WEST DES MOINES,POLK,,STONEBRIDGE RD & 50TH ST,Collision with:  Vehicle in traffic,On Roadway,Broadside (front to side),FTYROW:  Making left turn,None Indicated,,Daylight,Dry,Clear,None apparent,Intersection:  Four-way intersection,Paved,,Major Injury,0,1,1,0,0,0,13000,2,2,,POINT (-93.770923668569 41.576381274846)
2014812818,14-006698,08/13/2014,08-August,4-Wednesday,04:31,0400 Hours,District 2 (Northeast),ELKADER,CLAYTON,,Co Rd X16/GUNDER RD,Collision with:  Animal,,,Animal,None Indicated,,,,,,,Paved,,Property Damage Only,0,0,0,0,0,0,1500,1,1,,POINT (-91.412981744679 42.899552311491)
2014812226,073-14,08/13/2014,08-August,4-Wednesday,20:53,2000 Hours,District 4 (Southwest),,MADISON,,Co Rd R21/PERU RD & 295TH ST,Collision with:  Animal,,,Animal,None Indicated,,,,,,,Paved,,Property Damage Only,0,0,0,0,0,0,2000,1,1,,POINT (-93.912816856949 41.22162802393)
2014812305,2014-3863,08/13/2014,08-August,4-Wednesday,07:47,0700 Hours,District 4 (Southwest),WAUKEE,DALLAS,US 6,US 6/HICKMAN AVE & CAREFREE LN,Collision with:  Vehicle in traffic,On Roadway,Rear-end (front to rear),Followed too close,None Indicated,,Daylight,Dry,Clear,None apparent,Non-intersection:  Non-junction/no special feature,Paved,,Property Damage Only,0,0,0,0,0,0,5500,2,4,,POINT (-93.869142971402 41.614943032469)
2014812292,14-4932,08/13/2014,08-August,4-Wednesday,13:02,1300 Hours,District 3 (Northwest),CHEROKEE,CHEROKEE,,W MAIN ST & S 6TH ST & N 6TH ST,Collision with:  Parked motor vehicle,Outside trafficway,"Sideswipe, same direction",Swerving/Evasive Action,None Indicated,,Daylight,Dry,Clear,None apparent,Non-intersection:  Non-junction/no special feature,Paved,,Minor Injury,0,1,0,1,0,0,12000,3,1,,POINT (-95.556545664263 42.749765865327)
2014812225,201411916,08/13/2014,08-August,4-Wednesday,21:26,2100 Hours,District 6 (East Central),CEDAR RAPIDS,LINN,,BEVERLY RD & WEST POINT RD SW,Collision with:  Vehicle in traffic,On Roadway,"Sideswipe, opposite direction",Swerving/Evasive Action,None Indicated,,Dark - roadway not lighted,Dry,Clear,None apparent,Intersection:  Four-way intersection,Paved,,Property Damage Only,0,0,0,0,0,0,3500,2,3,,POINT (-91.740468749203 41.938301277075)
2014812507,01-14-35946,08/13/2014,08-August,4-Wednesday,06:07,0600 Hours,District 6 (East Central),DUBUQUE,DUBUQUE,US 20,US 20/DODGE ST & IA 32/IA32 NW ARTERIAL,Collision with:  Vehicle in traffic,On Roadway,Broadside (front to side),Ran Traffic Signal,None Indicated,,Daylight,Dry,Cloudy,None apparent,Intersection:  Four-way intersection,Paved,,Minor Injury,0,2,0,2,0,0,134500,4,3,,POINT (-90.739032964682 42.488588869427)
2014812880,14-26644,08/13/2014,08-August,4-Wednesday,20:00,2000 Hours,District 3 (Northwest),SIOUX CITY,WOODBURY,,8TH ST,Collision with:  Parked motor vehicle,On Roadway,Unknown,Unknown,None Indicated,,Unknown,Dry,Clear,None apparent,Non-intersection:  Non-junction/no special feature,Paved,,Property Damage Only,0,0,0,0,0,0,1500,2,1,,POINT (-96.398399819472 42.498627143339)
2014812510,01-14-36010,08/13/2014,08-August,4-Wednesday,14:13,1400 Hours,District 6 (East Central),DUBUQUE,DUBUQUE,IA 32,IA 32/IA32 NW ARTERIAL,Collision with:  Vehicle in traffic,On Roadway,"Sideswipe, same direction",FTYROW:  From driveway,None Indicated,,Daylight,Dry,Cloudy,None apparent,Non-intersection:  Driveway access (within),Paved,,Property Damage Only,0,0,0,0,0,0,2500,2,2,,POINT (-90.7409307544 42.516641658063)
2014812156,14-034016,08/13/2014,08-August,4-Wednesday,06:46,0600 Hours,District 4 (Southwest),COUNCIL BLUFFS,POTTAWATTAMIE,,HARRY LANGDON BLVD,Collision with:  Vehicle in traffic,On Roadway,Rear-end (front to rear),Swerving/Evasive Action,None Indicated,,Daylight,Dry,Clear,None apparent,Non-intersection:  Non-junction/no special feature,Paved,,Possible/Unknown,0,1,0,0,1,0,2000,2,2,,POINT (-95.819316115054 41.221767469461)
2014812003,14-1272,08/13/2014,08-August,4-Wednesday,02:28,0200 Hours,District 1 (Central),,GREENE,US 30,US 30/220TH,Collision with fixed object:  Ditch,Roadside,Non-collision (single vehicle),Swerving/Evasive Action,None Indicated,,Dark - roadway not lighted,Dry,Clear,None apparent,Non-intersection:  Non-junction/no special feature,Paved,,Possible/Unknown,0,1,0,0,1,0,7000,1,2,,POINT (-94.467784947058 42.034591420499)
2014812324,14-034155,08/13/2014,08-August,4-Wednesday,21:31,2100 Hours,District 4 (Southwest),COUNCIL BLUFFS,POTTAWATTAMIE,IA 192,IA 192/S EXPRESSWAY,Collision with:  Vehicle in traffic,On Roadway,Rear-end (front to rear),Followed too close,None Indicated,,Dark - roadway lighted,Dry,Clear,None apparent,Intersection:  Four-way intersection,Paved,,Major Injury,0,1,1,0,0,0,1000,2,2,,POINT (-95.851341469999 41.230759260877)
2014812911,14081451,08/13/2014,08-August,4-Wednesday,21:44,2100 Hours,District 2 (Northeast),CEDAR FALLS,BLACK HAWK,IA 27,IA 27 & W VIKING RD & E VIKING RD,Collision with:  Vehicle in traffic,On Roadway,Rear-end (front to rear),Other (explain in narrative):  Other,None Indicated,,Dark - roadway lighted,Dry,Clear,None apparent,Intersection:  Four-way intersection,Paved,,Property Damage Only,0,0,0,0,0,0,4000,2,4,,POINT (-92.445704096001 42.484033358727)
2014812571,14-020022,08/13/2014,08-August,4-Wednesday,12:36,1200 Hours,District 5 (Southeast),,MARION,,DUBUQUE ST,Non-collision events:  Overturn/rollover,On Roadway,Non-collision (single vehicle),Driving too fast for conditions,None Indicated,,Daylight,"Mud, dirt",Clear,None apparent,Non-intersection:  Non-junction/no special feature,Unpaved,,Possible/Unknown,0,1,0,0,1,0,5000,1,1,,POINT (-93.282103024405 41.450588298965)
2014813172,2014047412,08/13/2014,08-August,4-Wednesday,15:40,1500 Hours,District 5 (Southeast),MOUNT PLEASANT,HENRY,,E WASHINGTON ST & S GRAND AVE,Collision with:  Vehicle in traffic,On Roadway,Broadside (front to side),Ran Stop Sign,None Indicated,,Daylight,Dry,Cloudy,None apparent,Intersection:  Four-way intersection,Paved,,Major Injury,0,1,1,0,0,0,10500,2,2,,POINT (-91.539344404015 40.964045341147)
2014812370,PD1406933,08/13/2014,08-August,4-Wednesday,13:37,1300 Hours,District 5 (Southeast),FAIRFIELD,JEFFERSON,,E JEFFERSON AVE & S D ST,Collision with:  Vehicle in traffic,On Roadway,Broadside (front to side),Improper Backing,None Indicated,,Daylight,Dry,Clear,None apparent,Non-intersection:  Non-junction/no special feature,Paved,,Property Damage Only,0,0,0,0,0,0,5000,2,1,,POINT (-91.958470051869 41.003734564854)
2014812276,145854,08/13/2014,08-August,4-Wednesday,16:43,1600 Hours,District 4 (Southwest),,DALLAS,IA 44,IA 44/240TH ST & Co Rd R22/U AVE,Collision with:  Vehicle in traffic,On Roadway,Rear-end (front to rear),Driver Distraction:  Passenger,None Indicated,,Daylight,Dry,Clear,None apparent,Intersection:  T-intersection,Paved,,Property Damage Only,0,0,0,0,0,0,5500,2,3,,POINT (-93.891794732581 41.688303390937)
2014812224,201411901,08/13/2014,08-August,4-Wednesday,16:37,1600 Hours,District 6 (East Central),CEDAR RAPIDS,LINN,,CAPITOL DR SW & ATLANTIC DR SW,Collision with:  Vehicle in traffic,On Roadway,Broadside (front to side),Ran Stop Sign,None Indicated,,Daylight,Dry,Clear,None apparent,Intersection:  Other intersection (explain in narrative),Paved,,Property Damage Only,0,0,0,0,0,0,7500,2,2,,POINT (-91.67921905482 41.887770733798)
2014812902,201402825,08/13/2014,08-August,4-Wednesday,16:47,1600 Hours,District 6 (East Central),,LINN,US 30,US 30,Collision with fixed object:  Traffic sign support,On Roadway,Non-collision (single vehicle),"Operating vehicle in an reckless, erratic, careless, negligent manner",None Indicated,,Daylight,Dry,Clear,None apparent,Non-intersection:  Non-junction/no special feature,Paved,,Property Damage Only,0,0,0,0,0,0,2300,1,1,,POINT (-91.468055405781 41.917705889963)
2014812203,14-013722,08/13/2014,08-August,4-Wednesday,05:41,0500 Hours,District 5 (Southeast),,HENRY,,Co Rd J20/SALEM RD,Non-collision events:  Overturn/rollover,Outside trafficway,Non-collision (single vehicle),Over correcting/over steering,None Indicated,,Dawn,Dry,Cloudy,None apparent,Non-intersection:  Non-junction/no special feature,Paved,,Property Damage Only,0,0,0,0,0,0,8100,1,5,,POINT (-91.67394024793 40.835460975132)
2014812454,14-26352,08/13/2014,08-August,4-Wednesday,18:37,1800 Hours,District 3 (Northwest),SIOUX CITY,WOODBURY,,HAMILTON BLVD,Collision with:  Vehicle in traffic,On Roadway,"Sideswipe, same direction",FTYROW:  Other (explain in narrative),None Indicated,,Daylight,Dry,Clear,None apparent,Non-intersection:  Other non-intersection (explain in narrative),Paved,,Property Damage Only,0,0,0,0,0,0,2100,2,2,,POINT (-96.423970689157 42.495605040449)
2014812967,2014047440,08/13/2014,08-August,4-Wednesday,07:30,0700 Hours,District 5 (Southeast),,WARREN,I-35,I-35,Collision with:  Animal,,,Animal,None Indicated,,,,,,,Paved,,Property Damage Only,0,0,0,0,0,0,3000,1,1,,POINT (-93.780758283264 41.380656521277)
2014812459,2014-17397,08/13/2014,08-August,4-Wednesday,17:30,1700 Hours,District 5 (Southeast),,WARREN,IA 28,IA 28/IOWA 28,Collision with:  Animal,,,Animal,None Indicated,,,,,,,Paved,,Property Damage Only,0,0,0,0,0,0,3000,1,1,,POINT (-93.68925076084 41.438889108268)
2014812676,2014-56579,08/13/2014,08-August,4-Wednesday,19:49,1900 Hours,District 6 (East Central),DAVENPORT,SCOTT,,ELMORE AVE,Collision with:  Vehicle in traffic,On Roadway,"Angle, oncoming left turn",FTYROW:  Making left turn,None Indicated,,Dusk,Dry,Clear,None apparent,Non-intersection:  Driveway access (within),Paved,,Property Damage Only,0,0,0,0,0,0,8000,2,3,,POINT (-90.527082624703 41.561165137218)
2014812464,2014008682,08/13/2014,08-August,4-Wednesday,17:18,1700 Hours,District 6 (East Central),IOWA CITY,JOHNSON,IA 1,IA 1/GOVERNOR ST & IOWA AVE,Collision with:  Vehicle in traffic,On Roadway,Broadside (front to side),FTYROW:  From stop sign,None Indicated,,Daylight,Dry,Clear,None apparent,Intersection:  Four-way intersection,Paved,,Possible/Unknown,0,1,0,0,0,1,7000,2,2,,POINT (-91.522831271324 41.661193604586)
2014812950,CL14002854,08/13/2014,08-August,4-Wednesday,14:14,1400 Hours,District 6 (East Central),CLINTON,CLINTON,US 30,US 30/LINCOLN WAY,Collision with:  Vehicle in traffic,On Roadway,"Sideswipe, same direction",Unknown,None Indicated,,Daylight,Dry,Clear,None apparent,Non-intersection:  Non-junction/no special feature,Paved,,Property Damage Only,0,0,0,0,0,0,7000,2,4,,POINT (-90.228934108854 41.816038296403)
2014812757,2014-16587,08/13/2014,08-August,4-Wednesday,13:58,1300 Hours,District 6 (East Central),RIVERDALE,SCOTT,,BELMONT RD,Collision with:  Vehicle in traffic,On Roadway,Rear-end (front to rear),Followed too close,None Indicated,,Daylight,Dry,Cloudy,None apparent,Non-intersection:  Non-junction/no special feature,Paved,,Property Damage Only,0,0,0,0,0,0,10000,2,3,,POINT (-90.457971216447 41.549993356124)
2014815305,14-4930,08/13/2014,08-August,4-Wednesday,06:30,0600 Hours,District 3 (Northwest),CHEROKEE,CHEROKEE,,E CEDAR ST & N 1ST ST,Collision with:  Parked motor vehicle,On Roadway,"Sideswipe, same direction",Crossed centerline (undivided),Alcohol (Statutory),,Daylight,Dry,Clear,None apparent,Non-intersection:  Non-junction/no special feature,Paved,,Property Damage Only,0,0,0,0,0,0,8000,2,1,,POINT (-95.549618133563 42.751856421448)
2014812362,14011917,08/13/2014,08-August,4-Wednesday,17:40,1700 Hours,District 6 (East Central),,CEDAR,IA 130,IA 130/IOWA 130,Collision with:  Animal,On Roadway,Non-collision (single vehicle),Animal,None Indicated,,Daylight,Dry,Clear,None apparent,Non-intersection:  Non-junction/no special feature,Paved,,Property Damage Only,0,0,0,0,0,0,3500,1,1,,POINT (-91.077618230716 41.771827825354)