Iowa DOT Case Number,Law Enforcement Case Number,Date of Crash,Month of Crash,Day of Week,Time of Crash,Hour,DOT District,City Name,County Name,Route with System,Location Description,First Harmful Event,Location of First Harmful Event,Manner of Crash/Collision,Major Cause,Drug or Alcohol ,Environmental Conditions,Light Conditions,Surface Conditions,Weather Conditions,Roadway Contribution,Roadway Type,Roadway Surface,Work Zone,Crash Severity,Number of Fatalities,Number of Injuries,Number of Major Injuries,Number of Minor Injuries,Number of Possible Injuries,Number of Unknown Injuries,Amount of Property Damage,Number of Vehicles Involved,Total Number of Occupants,Travel Direction,Location
2014812039,20140023544,08/13/2014,08-August,4-Wednesday,09:44,0900 Hours,District 1 (Central),DES MOINES,POLK,I-235,I-235 & SCHOOL ST & 2ND AVE,Collision with:  Vehicle in traffic,On Roadway,Broadside (front to side),Unknown,None Indicated,,Daylight,Dry,Clear,None apparent,Intersection:  Four-way intersection,Paved,,Property Damage Only,0,0,0,0,0,0,2000,2,4,,POINT (-93.619769991121 41.59521986063)
2014812803,,08/13/2014,08-August,4-Wednesday,09:59,0900 Hours,District 2 (Northeast),NEW HAMPTON,CHICKASAW,,W MAIN ST & S MAPLE AVE & N MAPLE AVE,Collision with:  Vehicle in traffic,On Roadway,Broadside (front to side),FTYROW:  From stop sign,None Indicated,,Daylight,Dry,Clear,None apparent,Intersection:  Four-way intersection,Paved,,Possible/Unknown,0,2,0,0,2,0,8000,2,6,,POINT (-92.320423223976 43.059272401597)
2014812101,S14-7990,08/13/2014,08-August,4-Wednesday,12:30,1200 Hours,District 3 (Northwest),,WOODBURY,IA 31,IA 31/HWY 31,Non-collision events:  Overturn/rollover,Shoulder,Non-collision (single vehicle),Swerving/Evasive Action,None Indicated,,Daylight,Dry,Clear,None apparent,Non-intersection:  Non-junction/no special feature,Paved,,Property Damage Only,0,0,0,0,0,0,8000,1,1,,POINT (-95.913898394603 42.265877305114)
2014812395,14-003479,08/13/2014,08-August,4-Wednesday,18:30,1800 Hours,District 1 (Central),ANKENY,POLK,,W 1ST ST & NW ASH DR & SW CHERRY ST,Collision with:  Vehicle in traffic,On Roadway,Rear-end (front to rear),Other (explain in narrative):  Other,None Indicated,,Daylight,Dry,Clear,None apparent,Non-intersection:  Non-junction/no special feature,Paved,,Property Damage Only,0,0,0,0,0,0,4000,2,3,,POINT (-93.607230154004 41.731907034617)
2014814294,14-07715,08/14/2014,08-August,5-Thursday,11:54,1100 Hours,District 5 (Southeast),MOUNT PLEASANT,HENRY,,W HENRY ST & N JACKSON ST,Collision with:  Vehicle in traffic,On Roadway,Broadside (front to side),Ran Stop Sign,None Indicated,,Daylight,Dry,Clear,None apparent,Intersection:  Four-way intersection,Paved,,Property Damage Only,0,0,0,0,0,0,10400,2,2,,POINT (-91.55560180139 40.96890727721)
2014812392,14-5382,08/14/2014,08-August,5-Thursday,20:58,2000 Hours,District 1 (Central),GRIMES,POLK,IA 141,IA 141/IOWA 141 & SE 37TH ST,Collision with:  Other non-fixed object (explain in narrative),On Roadway,Broadside (front to side),Ran Traffic Signal,None Indicated,,Dark - roadway lighted,Dry,Cloudy,None apparent,Intersection:  Four-way intersection,Paved,,Property Damage Only,0,0,0,0,0,0,9000,2,5,,POINT (-93.775000769302 41.658481250353)
2014814293,14-07709,08/14/2014,08-August,5-Thursday,08:48,0800 Hours,District 5 (Southeast),MOUNT PLEASANT,HENRY,,W MADISON ST,Collision with:  Vehicle in traffic,Shoulder,Head-on (front to front),Other (explain in narrative):  Other,None Indicated,,Daylight,Dry,Clear,None apparent,Non-intersection:  Non-junction/no special feature,Paved,,Property Damage Only,0,0,0,0,0,0,6000,3,1,,POINT (-91.55466479286 40.967733514602)
2014812357,W14-081821,08/14/2014,08-August,5-Thursday,23:20,2300 Hours,District 2 (Northeast),WATERLOO,BLACK HAWK,,DANE ST & IOWA ST,Collision with:  Vehicle in traffic,On Roadway,Rear-end (front to rear),Improper Backing,None Indicated,,Dark - roadway lighted,Dry,Clear,None apparent,Non-intersection:  Non-junction/no special feature,Paved,,Property Damage Only,0,0,0,0,0,0,1500,2,3,,POINT (-92.334329279456 42.507684297457)
2014812640,14-1801,08/14/2014,08-August,5-Thursday,17:25,1700 Hours,District 1 (Central),URBANDALE,POLK,,,Collision with fixed object:  Curb/island/raised median,On Roadway,Non-collision (single vehicle),Ran off road - left,None Indicated,,Daylight,Dry,Clear,None apparent,Non-intersection:  Non-junction/no special feature,,,Major Injury,0,2,1,1,0,0,6500,1,2,,POINT (-96.643700149993 40.233091251414)
2014814258,,08/14/2014,08-August,5-Thursday,15:41,1500 Hours,District 2 (Northeast),GREENE,BUTLER,,S 1ST ST,Collision with:  Vehicle in traffic,On Roadway,"Sideswipe, same direction",Followed too close,None Indicated,,Daylight,Dry,Clear,None apparent,Non-intersection:  Non-junction/no special feature,Paved,,Property Damage Only,0,0,0,0,0,0,5000,2,2,,POINT (-92.800814779097 42.894540074383)
2014812398,14-003489,08/14/2014,08-August,5-Thursday,13:42,1300 Hours,District 1 (Central),ANKENY,POLK,I-35,I-35,Collision with:  Vehicle in traffic,On Roadway,Rear-end (front to rear),Other (explain in narrative):  Other,None Indicated,,Daylight,Dry,Cloudy,None apparent,"Interchange-related:  Off-ramp, diverge area",Paved,,Property Damage Only,0,0,0,0,0,0,4500,2,2,,POINT (-93.574703784348 41.702152865639)
2014812821,142423,08/14/2014,08-August,5-Thursday,12:25,1200 Hours,District 3 (Northwest),DENISON,CRAWFORD,US 59,US 59,Collision with:  Vehicle in traffic,On Roadway,"Sideswipe, same direction",FTYROW:  Other (explain in narrative),None Indicated,,Daylight,Dry,Clear,None apparent,Intersection:  Other intersection (explain in narrative),Paved,,Property Damage Only,0,0,0,0,0,0,15100,2,2,,POINT (-95.36537034563 42.01246571923)
2014812411,20140023714,08/14/2014,08-August,5-Thursday,15:19,1500 Hours,District 1 (Central),DES MOINES,POLK,,LOCUST ST & 15TH ST,Collision with:  Vehicle in traffic,On Roadway,"Angle, oncoming left turn",FTYROW:  Making left turn,None Indicated,,Daylight,Dry,Cloudy,None apparent,Intersection:  Four-way intersection,Paved,,Property Damage Only,0,0,0,0,0,0,2000,2,4,,POINT (-93.63667712914 41.584300764199)
2014812512,01-14-36113,08/14/2014,08-August,5-Thursday,08:19,0800 Hours,District 6 (East Central),DUBUQUE,DUBUQUE,US 20,US 20/DODGE ST,Collision with:  Vehicle in traffic,On Roadway,Rear-end (front to rear),Lost Control,None Indicated,,Daylight,Dry,Clear,None apparent,Intersection:  Four-way intersection,Paved,,Minor Injury,0,1,0,1,0,0,5000,2,4,,POINT (-90.715234059714 42.492250083527)
2014812903,201402831,08/14/2014,08-August,5-Thursday,08:52,0800 Hours,District 6 (East Central),,LINN,,Co Rd E34/COUNTY HOME RD,Collision with:  Vehicle in traffic,On Roadway,Rear-end (front to rear),Followed too close,None Indicated,,Daylight,Dry,Clear,None apparent,Intersection:  T-intersection,Paved,,Possible/Unknown,0,1,0,0,1,0,9000,2,2,,POINT (-91.653391782551 42.09495154534)
2014812982,2014047666,08/14/2014,08-August,5-Thursday,17:30,1700 Hours,District 5 (Southeast),OSKALOOSA,MAHASKA,IA 163,IA 163/IOWA 163,Collision with fixed object:  Ditch,Shoulder,Non-collision (single vehicle),Swerving/Evasive Action,Alcohol (Statutory),,Daylight,Dry,Cloudy,None apparent,Non-intersection:  Non-junction/no special feature,Paved,,Property Damage Only,0,0,0,0,0,0,2000,1,1,,POINT (-92.821881489727 41.382969221878)
2014813193,120-14,08/14/2014,08-August,5-Thursday,17:36,1700 Hours,District 3 (Northwest),ROCK VALLEY,SIOUX,,GOLF COURSE RD & 13TH AVE S,Collision with:  Vehicle in traffic,On Roadway,Broadside (front to side),Other (explain in narrative):  Other,None Indicated,,Daylight,Dry,Cloudy,None apparent,Intersection:  Other intersection (explain in narrative),Paved,,Minor Injury,0,1,0,1,0,0,4500,2,4,,POINT (-96.29923198252 43.197633119333)
2014812315,14-034217,08/14/2014,08-August,5-Thursday,08:57,0800 Hours,District 4 (Southwest),COUNCIL BLUFFS,POTTAWATTAMIE,I-29,I-29,Collision with:  Vehicle in traffic,On Roadway,"Sideswipe, same direction",Improper or erratic lane changing,None Indicated,,Daylight,Dry,Clear,Work Zone (roadway-related),Non-intersection:  Non-junction/no special feature,Paved,Yes,Property Damage Only,0,0,0,0,0,0,2750,2,2,,POINT (-95.885284803714 41.232434838388)
2014812403,14-0976,08/14/2014,08-August,5-Thursday,09:40,0900 Hours,District 1 (Central),CLIVE,POLK,,NW 138TH ST & UNIVERSITY AVE & JORDAN CREEK PKWY,Collision with:  Vehicle in traffic,On Roadway,Rear-end (front to rear),Swerving/Evasive Action,None Indicated,,Daylight,Dry,Clear,None apparent,Intersection:  Four-way intersection,Paved,,Property Damage Only,0,0,0,0,0,0,2500,2,2,,POINT (-93.80888935865 41.600439897821)
2014812373,C14002520,08/14/2014,08-August,5-Thursday,08:58,0800 Hours,District 6 (East Central),CORALVILLE,JOHNSON,I-80,I-80 & IA 965/CORAL RIDGE AVE,Collision with:  Vehicle in traffic,On Roadway,Broadside (front to side),Ran Traffic Signal,None Indicated,,Daylight,Dry,Cloudy,None apparent,Intersection:  Four-way intersection,Paved,,Possible/Unknown,0,1,0,0,1,0,60000,2,2,,POINT (-91.60851295049 41.692012698922)
2014812446,2014-56663,08/14/2014,08-August,5-Thursday,07:44,0700 Hours,District 6 (East Central),DAVENPORT,SCOTT,,E CENTRAL PARK AVE & PERSHING AVE,Collision with:  Vehicle in traffic,On Roadway,Broadside (front to side),FTYROW:  From stop sign,None Indicated,,Daylight,Dry,Clear,None apparent,Intersection:  T-intersection,Paved,,Property Damage Only,0,0,0,0,0,0,5000,2,5,,POINT (-90.570711376284 41.546010303192)
2014812969,2014047660,08/14/2014,08-August,5-Thursday,16:38,1600 Hours,District 6 (East Central),,CEDAR,I-80,I-80,Collision with:  Vehicle in traffic,On Roadway,"Sideswipe, same direction",Driver Distraction:  Inattentive/lost in thought,None Indicated,,Daylight,Dry,Clear,None apparent,Non-intersection:  Non-junction/no special feature,Paved,,Property Damage Only,0,0,0,0,0,0,10500,2,3,,POINT (-90.938435716364 41.634046698655)
2014812368,081414A,08/14/2014,08-August,5-Thursday,09:40,0900 Hours,District 4 (Southwest),,FREMONT,,195 ST,Non-collision events:  Overturn/rollover,On Roadway,Non-collision (single vehicle),Ran off road - right,None Indicated,,Daylight,"Mud, dirt",Clear,None apparent,Non-intersection:  Non-junction/no special feature,Unpaved,,Fatal,1,0,0,0,0,0,2000,1,1,,POINT (-95.439778440461 40.764494548004)
2014813135,14-002920,08/14/2014,08-August,5-Thursday,11:44,1100 Hours,District 5 (Southeast),,KEOKUK,IA 22,IA 22/IOWA 22,Collision with:  Vehicle in traffic,On Roadway,"Sideswipe, same direction",Crossed centerline (undivided),None Indicated,,Daylight,Dry,Clear,None apparent,Non-intersection:  Non-junction/no special feature,Paved,,Property Damage Only,0,0,0,0,0,0,5000,2,3,,POINT (-91.976009326088 41.460941547249)
2014812460,14-034304,08/14/2014,08-August,5-Thursday,18:18,1800 Hours,District 4 (Southwest),COUNCIL BLUFFS,POTTAWATTAMIE,,MADISON AVE,Collision with:  Parked motor vehicle,On Roadway,Broadside (front to side),Improper Backing,None Indicated,,Daylight,Dry,Clear,None apparent,Non-intersection:  Non-junction/no special feature,Paved,,Property Damage Only,0,0,0,0,0,0,2000,2,3,,POINT (-95.837861591751 41.256967902982)
2014812781,2014047519,08/14/2014,08-August,5-Thursday,08:30,0800 Hours,District 2 (Northeast),,CLAYTON,IA 13,IA 13/IOWA 13 & 318TH ST,Collision with:  Animal,,,Animal,None Indicated,,,,,,,Paved,,Property Damage Only,0,0,0,0,0,0,5000,1,1,,POINT (-91.463710522225 42.765879298538)
2014812365,14-28525,08/14/2014,08-August,5-Thursday,11:55,1100 Hours,District 5 (Southeast),WEST BURLINGTON,DES MOINES,,W AGENCY RD,Collision with:  Vehicle in traffic,On Roadway,"Angle, oncoming left turn",FTYROW:  From driveway,None Indicated,,Daylight,Dry,Clear,None apparent,Non-intersection:  Driveway access (within),Paved,,Major Injury,0,3,2,1,0,0,9000,2,4,,POINT (-91.166429059885 40.812151331445)
2014812750,14034177,08/14/2014,08-August,5-Thursday,13:44,1300 Hours,District 5 (Southeast),MUSCATINE,MUSCATINE,US 61,US 61 & 2ND AVE,Collision with:  Vehicle in traffic,On Roadway,Rear-end (front to rear),Followed too close,None Indicated,,Daylight,Dry,Cloudy,Non-highway work,Intersection:  Four-way intersection,Paved,,Property Damage Only,0,0,0,0,0,0,81400,2,2,,POINT (-91.034754582347 41.452762542774)
2014812378,201411945,08/14/2014,08-August,5-Thursday,13:25,1300 Hours,District 6 (East Central),CEDAR RAPIDS,LINN,I-380,I-380 & IA 922/1ST AVE/1ST AVE W & 3RD ST SW & 3RD ST NW,Collision with:  Vehicle in traffic,On Roadway,Broadside (front to side),Ran Traffic Signal,None Indicated,,Daylight,Dry,Clear,None apparent,Intersection:  Four-way intersection,Paved,,Possible/Unknown,0,2,0,0,2,0,14000,2,3,,POINT (-91.675702708089 41.975651816104)
2014812242,20140023657,08/14/2014,08-August,5-Thursday,07:15,0700 Hours,District 1 (Central),DES MOINES,POLK,I-235,I-235,Collision with:  Vehicle in traffic,On Roadway,Rear-end (front to rear),Lost Control,None Indicated,,Daylight,Dry,Clear,None apparent,Non-intersection:  Non-junction/no special feature,Paved,,Property Damage Only,0,0,0,0,0,0,6000,2,2,,POINT (-93.636018807789 41.595455377684)
2014812410,20140023700,08/14/2014,08-August,5-Thursday,13:52,1300 Hours,District 1 (Central),DES MOINES,POLK,,2ND AVE,Collision with fixed object:  Bridge overhead structure,On Roadway,Non-collision (single vehicle),"Operating vehicle in an reckless, erratic, careless, negligent manner",None Indicated,,Daylight,Dry,Cloudy,None apparent,Non-intersection:  Other non-intersection (explain in narrative),Paved,,Property Damage Only,0,0,0,0,0,0,10000,1,6,,POINT (-93.619852332497 41.613855368087)
2014813747,14-26430,08/14/2014,08-August,5-Thursday,10:47,1000 Hours,District 3 (Northwest),SIOUX CITY,WOODBURY,,18TH ST & SUMMIT ST,Collision with:  Vehicle in traffic,On Roadway,Broadside (front to side),FTYROW:  From stop sign,None Indicated,,Daylight,Dry,Cloudy,None apparent,Intersection:  Four-way intersection,Paved,,Possible/Unknown,0,1,0,0,1,0,5000,2,3,,POINT (-96.409559893338 42.509172687067)
2014812413,20140023741,08/14/2014,08-August,5-Thursday,20:49,2000 Hours,District 1 (Central),DES MOINES,POLK,US 6,US 6/HUBBELL AVE & NE 46TH AVE & E BROADWAY AVE,Collision with:  Vehicle in traffic,On Roadway,Rear-end (front to rear),Crossed centerline (undivided),None Indicated,,Dark - roadway lighted,Dry,Clear,None apparent,Intersection:  Four-way intersection,Paved,,Minor Injury,0,1,0,1,0,0,11000,3,4,,POINT (-93.517774358671 41.64412926226)
2014812258,14-3960,08/14/2014,08-August,5-Thursday,10:20,1000 Hours,District 1 (Central),WEST DES MOINES,POLK,I-235,I-235,Collision with:  Other non-fixed object (explain in narrative),On Roadway,Non-collision (single vehicle),Swerving/Evasive Action,None Indicated,,Daylight,Dry,Clear,None apparent,Non-intersection:  Non-junction/no special feature,Paved,,Property Damage Only,0,0,0,0,0,0,1500,2,3,,POINT (-93.729394640143 41.59334263618)
2014812689,14-003744,08/14/2014,08-August,5-Thursday,18:24,1800 Hours,District 1 (Central),AMES,STORY,US 69,US 69/S DUFF AVE,Non-collision events:  Overturn/rollover,Shoulder,Non-collision (single vehicle),Swerving/Evasive Action,None Indicated,,Daylight,Dry,Clear,None apparent,Non-intersection:  Non-junction/no special feature,Paved,,Minor Injury,0,1,0,1,0,0,10000,1,1,,POINT (-93.610188145481 41.996755051586)
2014812678,2014-56748,08/14/2014,08-August,5-Thursday,15:43,1500 Hours,District 6 (East Central),DAVENPORT,SCOTT,,NORTHWEST BLVD,Collision with:  Vehicle in traffic,On Roadway,Rear-end (front to rear),Other (explain in narrative):  Other,None Indicated,,Daylight,Dry,Clear,None apparent,Non-intersection:  Non-junction/no special feature,Paved,,Property Damage Only,0,0,0,0,0,0,5459,2,2,,POINT (-90.592410927641 41.573450091396)
2014812404,20140023724,08/14/2014,08-August,5-Thursday,16:44,1600 Hours,District 1 (Central),DES MOINES,POLK,,SCHOOL ST & 31ST ST,Collision with:  Vehicle in traffic,On Roadway,Rear-end (front to rear),Followed too close,None Indicated,,Daylight,Dry,Clear,None apparent,Non-intersection:  Non-junction/no special feature,Paved,,Possible/Unknown,0,1,0,0,1,0,1300,2,2,,POINT (-93.659368494277 41.595431919415)
2014812782,2014047544,08/14/2014,08-August,5-Thursday,10:59,1000 Hours,District 3 (Northwest),,CLAY,US 18,US 18/HIGHWAY BLVD & US 71 & Co Rd B19/320TH ST,Collision with:  Vehicle in traffic,On Roadway,Broadside (front to side),Ran Stop Sign,None Indicated,,Daylight,Dry,Cloudy,None apparent,Intersection:  Four-way intersection,Paved,,Minor Injury,0,2,0,1,1,0,19800,2,5,,POINT (-95.150189737034 43.184077819357)
2014812801,,08/14/2014,08-August,5-Thursday,07:40,0700 Hours,District 6 (East Central),DE WITT,CLINTON,,11TH ST & MAYNARD WAY,Collision with:  Vehicle in traffic,On Roadway,"Angle, oncoming left turn",FTYROW:  Making left turn,None Indicated,,Daylight,Dry,Clear,None apparent,Intersection:  T-intersection,Paved,,Minor Injury,0,2,0,1,1,0,23000,2,4,,POINT (-90.552116761988 41.825735578191)
2014815907,2014-56784,08/14/2014,08-August,5-Thursday,17:15,1700 Hours,District 6 (East Central),DAVENPORT,SCOTT,,W 53RD ST & VINE ST,Collision with:  Vehicle in traffic,On Roadway,Rear-end (front to rear),Other (explain in narrative):  Other,None Indicated,,Daylight,Dry,Clear,None apparent,Non-intersection:  Non-junction/no special feature,Paved,,Property Damage Only,0,0,0,0,0,0,2000,2,3,,POINT (-90.585918111582 41.574529735484)
2014812360,14-8438,08/14/2014,08-August,5-Thursday,12:50,1200 Hours,District 3 (Northwest),CARROLL,CARROLL,,8TH ST & CARROLL ST,Collision with:  Vehicle in traffic,On Roadway,Broadside (front to side),FTYROW:  From stop sign,None Indicated,,Daylight,Dry,Clear,Non-highway work,Intersection:  Four-way intersection,Paved,,Property Damage Only,0,0,0,0,0,0,4500,2,2,,POINT (-94.869110619581 42.068509061383)
2014812376,C14002526,08/14/2014,08-August,5-Thursday,12:01,1200 Hours,District 6 (East Central),CORALVILLE,JOHNSON,,JAMES ST & CAMP CARDINAL BLVD,Collision with:  Vehicle in traffic,On Roadway,Rear-end (front to rear),Other (explain in narrative):  Other,None Indicated,,Daylight,Dry,Cloudy,None apparent,Intersection:  T-intersection,Paved,,Property Damage Only,0,0,0,0,0,0,7000,2,4,,POINT (-91.596748658714 41.6798545019)
2014812414,20140023742,08/14/2014,08-August,5-Thursday,21:17,2100 Hours,District 1 (Central),DES MOINES,POLK,IA 28,IA 28/63RD ST,Collision with:  Other non-fixed object (explain in narrative),On Roadway,Non-collision (single vehicle),Other (explain in narrative):  Other,Alcohol (Statutory),,Dark - roadway lighted,Dry,Clear,Work Zone (roadway-related),Non-intersection:  Non-junction/no special feature,Paved,Yes,Property Damage Only,0,0,0,0,0,0,11500,1,1,,POINT (-93.703260637964 41.573329249724)
2014812423,14-001870,08/14/2014,08-August,5-Thursday,10:19,1000 Hours,District 1 (Central),ALTOONA,POLK,,8TH ST SW,Collision with:  Vehicle in traffic,On Roadway,Broadside (front to side),FTYROW:  From stop sign,None Indicated,,Daylight,Dry,Cloudy,None apparent,Intersection:  Other intersection (explain in narrative),Paved,,Possible/Unknown,0,1,0,0,1,0,2800,2,3,,POINT (-93.479720566902 41.644069196051)
2014812769,2014-17439,08/14/2014,08-August,5-Thursday,00:00,0000 Hours,District 5 (Southeast),NORWALK,WARREN,,COOLIDGE ST,Collision with:  Vehicle in traffic,On Roadway,Head-on (front to front),Crossed centerline (undivided),None Indicated,,Dark - roadway not lighted,Dry,Clear,None apparent,Non-intersection:  Driveway access (within),Paved,,Property Damage Only,0,0,0,0,0,0,8000,2,1,,POINT (-93.682684980784 41.46798628172)
2014813152,14-025120,08/14/2014,08-August,5-Thursday,19:07,1900 Hours,District 5 (Southeast),,LEE,IA 27,IA 27/IOWA 27,Collision with:  Animal,,,Animal,None Indicated,,,,,,,Paved,,Property Damage Only,0,0,0,0,0,0,1500,1,1,,POINT (-91.567369315445 40.484095365577)
2014812579,S014001938,08/14/2014,08-August,5-Thursday,18:48,1800 Hours,District 3 (Northwest),,PLYMOUTH,,230TH ST,Non-collision events:  Overturn/rollover,On Roadway,Non-collision (single vehicle),Driving too fast for conditions,None Indicated,,Daylight,"Mud, dirt",Cloudy,None apparent,Non-intersection:  Non-junction/no special feature,Unpaved,,Possible/Unknown,0,1,0,0,1,0,2000,1,2,,POINT (-96.073155707102 42.721490003867)
2014813630,20140024712,08/14/2014,08-August,5-Thursday,19:00,1900 Hours,District 1 (Central),DES MOINES,POLK,,50TH ST,Collision with:  Parked motor vehicle,On Roadway,Broadside (front to side),Other (explain in narrative):  Other,None Indicated,,Daylight,Dry,Unknown,Unknown,Non-intersection:  Non-junction/no special feature,Paved,,Property Damage Only,0,0,0,0,0,0,2500,2,1,,POINT (-93.687640692435 41.619423624848)
2014812831,0814147A,08/14/2014,08-August,5-Thursday,11:40,1100 Hours,District 4 (Southwest),CLARINDA,PAGE,US 71,US 71,Collision with:  Animal,,,Animal,None Indicated,,,,,,,Paved,,Property Damage Only,0,0,0,0,0,0,6500,1,1,,POINT (-94.98592546494 40.829085380265)
2014813354,2014047511,08/14/2014,08-August,5-Thursday,07:32,0700 Hours,District 6 (East Central),CORALVILLE,JOHNSON,I-80,I-80,Non-collision events:  Overturn/rollover,Outside trafficway,Non-collision (single vehicle),Separation of units,None Indicated,,Daylight,Dry,Clear,None apparent,Non-intersection:  Non-junction/no special feature,Paved,,Property Damage Only,0,0,0,0,0,0,5000,1,2,,POINT (-91.622764584289 41.694264982381)
2014812379,201411961,08/14/2014,08-August,5-Thursday,16:11,1600 Hours,District 6 (East Central),CEDAR RAPIDS,LINN,IA 922,IA 922/1ST AVE W,Collision with:  Vehicle in traffic,On Roadway,Rear-end (front to rear),Lost Control,None Indicated,,Daylight,Dry,Cloudy,None apparent,Non-intersection:  Non-junction/no special feature,Paved,,Minor Injury,0,1,0,1,0,0,6000,2,3,,POINT (-91.681806912305 41.973461460292)
2014812717,S14-81505,08/14/2014,08-August,5-Thursday,02:11,0200 Hours,District 2 (Northeast),WATERLOO,BLACK HAWK,US 218,US 218/WASHINGTON ST/NW RAMP CURV,Collision with fixed object:  Guardrail - face,Median,Non-collision (single vehicle),Swerving/Evasive Action,None Indicated,,Dark - roadway not lighted,Dry,Clear,None apparent,Non-intersection:  Non-junction/no special feature,Paved,,Property Damage Only,0,0,0,0,0,0,20000,1,1,,POINT (-92.401628750614 42.538188855952)
2014812393,14-5381,08/14/2014,08-August,5-Thursday,18:50,1800 Hours,District 1 (Central),,POLK,,NW 45TH AVE,Collision with fixed object:  Traffic sign support,On Roadway,Non-collision (single vehicle),Driving too fast for conditions,None Indicated,,Daylight,Dry,Cloudy,None apparent,Non-intersection:  Non-junction/no special feature,Paved,,Property Damage Only,0,0,0,0,0,0,1800,1,1,,POINT (-93.63047074594 41.64181898609)
2014812418,14-3975,08/14/2014,08-August,5-Thursday,17:55,1700 Hours,District 1 (Central),WEST DES MOINES,POLK,,GRAND AVE,Collision with:  Vehicle in traffic,On Roadway,"Angle, oncoming left turn",FTYROW:  Making left turn,None Indicated,,Daylight,Dry,Cloudy,None apparent,Non-intersection:  Driveway access (within),Paved,,Minor Injury,0,1,0,1,0,0,4000,2,4,,POINT (-93.720793809186 41.580588598099)
2014812375,C14002525,08/14/2014,08-August,5-Thursday,11:45,1100 Hours,District 6 (East Central),CORALVILLE,JOHNSON,US 6,US 6/2ND ST,Collision with:  Vehicle in traffic,On Roadway,Broadside (front to side),Ran Stop Sign,None Indicated,,Daylight,Dry,Clear,None apparent,Non-intersection:  Driveway access (within),Paved,,Property Damage Only,0,0,0,0,0,0,9000,2,2,,POINT (-91.593085916304 41.680332112705)
2014813139,201400039541,08/14/2014,08-August,5-Thursday,12:53,1200 Hours,District 5 (Southeast),OTTUMWA,WAPELLO,,MINNESOTA ST,Collision with:  Vehicle in traffic,On Roadway,"Sideswipe, same direction",Lost Control,None Indicated,,Daylight,Dry,Cloudy,None apparent,Non-intersection:  Non-junction/no special feature,Paved,,Property Damage Only,0,0,0,0,0,0,5500,3,4,,POINT (-92.432462598111 40.998440192197)
2014813355,2014047640,08/14/2014,08-August,5-Thursday,15:20,1500 Hours,District 6 (East Central),,BUCHANAN,I-380,I-380,Collision with:  Vehicle in traffic,On Roadway,Rear-end (front to rear),Made improper turn,None Indicated,,Daylight,Dry,Clear,None apparent,Non-intersection:  Crossover-related,Paved,,Property Damage Only,0,0,0,0,0,0,7000,2,6,,POINT (-92.001643375567 42.330266588569)
2014831289,2014047708,08/14/2014,08-August,5-Thursday,20:09,2000 Hours,District 4 (Southwest),,HARRISON,US 30,US 30,Collision with:  Vehicle in traffic,On Roadway,Head-on (front to front),Crossed centerline (undivided),Drug/Alcohol (Statutory),,Dusk,Dry,Cloudy,None apparent,Non-intersection:  Non-junction/no special feature,Paved,,Fatal,1,1,1,0,0,0,20000,2,2,,POINT (-95.765714944787 41.644497252562)
2014812417,14-1800,08/14/2014,08-August,5-Thursday,17:08,1700 Hours,District 1 (Central),URBANDALE,POLK,I-35,I-35,Collision with:  Vehicle in traffic,On Roadway,Rear-end (front to rear),Swerving/Evasive Action,None Indicated,,Daylight,Dry,Clear,None apparent,Non-intersection:  Non-junction/no special feature,Paved,,Possible/Unknown,0,1,0,0,0,1,4500,2,2,,POINT (-93.711089205102 41.65273355295)
2014812815,14-006734,08/14/2014,08-August,5-Thursday,16:39,1600 Hours,District 2 (Northeast),,CLAYTON,US 18,US 18 & Co Rd X26/FALCON AVE,Collision with:  Vehicle in traffic,On Roadway,Broadside (front to side),FTYROW:  From stop sign,None Indicated,,Daylight,Dry,Clear,None apparent,Intersection:  Four-way intersection,Paved,,Property Damage Only,0,0,0,0,0,0,20000,2,2,,POINT (-91.390323223116 43.040549481079)
2014813194,14-004735,08/14/2014,08-August,5-Thursday,14:24,1400 Hours,District 2 (Northeast),PARKERSBURG,BUTLER,,DAY ST,Collision with:  Vehicle in traffic,On Roadway,"Sideswipe, same direction",Equipment failure,None Indicated,,Daylight,Dry,Clear,None apparent,Non-intersection:  Non-junction/no special feature,Paved,,Property Damage Only,0,0,0,0,0,0,4500,2,1,,POINT (-92.792075129795 42.574829118908)
2014812386,14-011009,08/14/2014,08-August,5-Thursday,06:30,0600 Hours,District 4 (Southwest),GLENWOOD,MILLS,,HAROLDS DR,Collision with:  Parked motor vehicle,On Roadway,Rear-end (front to rear),Unknown,None Indicated,,Daylight,Dry,Clear,None apparent,Intersection:  Other intersection (explain in narrative),Paved,,Property Damage Only,0,0,0,0,0,0,2500,2,1,,POINT (-95.747816069233 41.053470312246)
2014813353,2014047493,08/14/2014,08-August,5-Thursday,23:57,2300 Hours,District 1 (Central),,POWESHIEK,I-80,I-80,Collision with:  Other non-fixed object (explain in narrative),Roadside,Non-collision (single vehicle),Ran off road - right,None Indicated,,Dark - roadway not lighted,Dry,Clear,None apparent,Non-intersection:  Non-junction/no special feature,Paved,,Possible/Unknown,0,1,0,0,1,0,5800,1,2,,POINT (-92.476074234855 41.69491068444)