Iowa DOT Case Number,Law Enforcement Case Number,Date of Crash,Month of Crash,Day of Week,Time of Crash,Hour,DOT District,City Name,County Name,Route with System,Location Description,First Harmful Event,Location of First Harmful Event,Manner of Crash/Collision,Major Cause,Drug or Alcohol ,Environmental Conditions,Light Conditions,Surface Conditions,Weather Conditions,Roadway Contribution,Roadway Type,Roadway Surface,Work Zone,Crash Severity,Number of Fatalities,Number of Injuries,Number of Major Injuries,Number of Minor Injuries,Number of Possible Injuries,Number of Unknown Injuries,Amount of Property Damage,Number of Vehicles Involved,Total Number of Occupants,Travel Direction,Location
2014813017,,08/14/2014,08-August,5-Thursday,14:15,1400 Hours,District 6 (East Central),CEDAR RAPIDS,LINN,,ELLIS RD NW,Collision with:  Vehicle in traffic,On Roadway,Rear-end (front to rear),Unknown,None Indicated,,Daylight,Dry,Cloudy,,Non-intersection:  Non-junction/no special feature,Paved,,Property Damage Only,0,0,0,0,0,0,2500,2,2,,POINT (-91.712663596009 42.004847864632)
2014812448,14-0451,08/14/2014,08-August,5-Thursday,06:57,0600 Hours,District 1 (Central),,WEBSTER,,Co Rd D43/GARFIELD AVE/290TH ST,Non-collision events:  Overturn/rollover,On Roadway,Non-collision (single vehicle),Crossed centerline (undivided),None Indicated,,Daylight,Dry,Clear,Work Zone (roadway-related),Non-intersection:  Non-junction/no special feature,Paved,Yes,Minor Injury,0,1,0,1,0,0,10100,1,1,,POINT (-94.280639348843 42.366834922512)
2014812351,14011500,08/14/2014,08-August,5-Thursday,10:35,1000 Hours,District 5 (Southeast),CENTERVILLE,APPANOOSE,,E ORCHARD ST & HAYNES AVE,Collision with:  Vehicle in traffic,On Roadway,Broadside (front to side),FTYROW:  From stop sign,None Indicated,,Daylight,Dry,Clear,None apparent,Intersection:  T-intersection,Paved,,Property Damage Only,0,0,0,0,0,0,6000,2,2,,POINT (-92.871992216589 40.739043935193)
2014812656,S79140269,08/14/2014,08-August,5-Thursday,00:22,0000 Hours,District 1 (Central),,POWESHIEK,IA 21,IA 21/IOWA 21,Collision with:  Animal,,,Animal,None Indicated,,,,,,,Paved,,Property Damage Only,0,0,0,0,0,0,4000,1,1,,POINT (-92.357617960095 41.621243687047)
2014812369,P14-009399,08/14/2014,08-August,5-Thursday,12:03,1200 Hours,District 1 (Central),WEBSTER CITY,HAMILTON,,2ND ST,Collision with:  Non-motorist (see non-motorist section - NOT a unit),On Roadway,Non-collision (single vehicle),Other (explain in narrative):  No improper action,None Indicated,,Daylight,Dry,Clear,None apparent,Non-intersection:  Non-junction/no special feature,Paved,,Major Injury,0,1,1,0,0,0,1025,1,1,,POINT (-93.815423206405 42.469432516985)
2014812251,20140023643,08/14/2014,08-August,5-Thursday,01:09,0100 Hours,District 1 (Central),DES MOINES,POLK,,CLARK ST,Collision with:  Vehicle in traffic,On Roadway,Head-on (front to front),Crossed centerline (undivided),Refused,,Dark - roadway lighted,Dry,Clear,None apparent,Non-intersection:  Non-junction/no special feature,Paved,,Property Damage Only,0,0,0,0,0,0,15500,3,777,,POINT (-93.638053262725 41.605874475974)
2014815663,14081528,08/14/2014,08-August,5-Thursday,04:59,0400 Hours,District 2 (Northeast),CEDAR FALLS,BLACK HAWK,IA 27,IA 27 & GREENHILL RD,Collision with:  Animal,,,Animal,None Indicated,,,,,,,Paved,,Property Damage Only,0,0,0,0,0,0,4000,1,1,,POINT (-92.45277882123 42.498755907917)
2014812773,14081638,08/14/2014,08-August,5-Thursday,13:40,1300 Hours,District 2 (Northeast),CEDAR FALLS,BLACK HAWK,,SEERLEY BLVD & COLLEGE ST,Collision with:  Vehicle in traffic,On Roadway,Broadside (front to side),Ran Stop Sign,None Indicated,,Daylight,Dry,Clear,None apparent,Intersection:  Four-way intersection,Paved,,Possible/Unknown,0,1,0,0,1,0,2000,2,2,,POINT (-92.455781973554 42.515926317879)
2014812447,2014-56679,08/14/2014,08-August,5-Thursday,09:48,0900 Hours,District 6 (East Central),DAVENPORT,SCOTT,,W 4TH ST,Collision with:  Vehicle in traffic,On Roadway,Broadside (front to side),Other (explain in narrative):  Other,None Indicated,,Daylight,Dry,Clear,None apparent,Non-intersection:  Driveway access (within),Paved,,Property Damage Only,0,0,0,0,0,0,2500,2,2,,POINT (-90.580684855363 41.523533523742)
2014812374,C14002521,08/14/2014,08-August,5-Thursday,09:15,0900 Hours,District 6 (East Central),CORALVILLE,JOHNSON,IA 965,IA 965/CORAL RIDGE AVE,Collision with:  Vehicle in traffic,On Roadway,"Sideswipe, same direction",FTYROW:  Other (explain in narrative),None Indicated,,Daylight,Dry,Clear,None apparent,Non-intersection:  Non-junction/no special feature,Paved,,Property Damage Only,0,0,0,0,0,0,2000,2,3,,POINT (-91.608570010825 41.689365378773)
2014815875,2014-56747,08/14/2014,08-August,5-Thursday,15:47,1500 Hours,District 6 (East Central),DAVENPORT,SCOTT,,N DIVISION ST,Collision with:  Vehicle in traffic,On Roadway,"Angle, oncoming left turn",FTYROW:  Making left turn,None Indicated,,Daylight,Dry,Clear,None apparent,Non-intersection:  Driveway access (within),Paved,,Possible/Unknown,0,2,0,0,2,0,6000,2,3,,POINT (-90.600677945447 41.558780462418)
2014812422,14-3974,08/14/2014,08-August,5-Thursday,17:43,1700 Hours,District 1 (Central),WEST DES MOINES,POLK,,MAPLE ST & 8TH ST,Collision with:  Vehicle in traffic,On Roadway,Broadside (front to side),Ran Stop Sign,None Indicated,,Daylight,Dry,Clear,None apparent,Intersection:  Four-way intersection,Paved,,Possible/Unknown,0,2,0,0,2,0,5000,2,4,,POINT (-93.713047864124 41.571098221054)
2014814229,2014008723,08/14/2014,08-August,5-Thursday,20:25,2000 Hours,District 6 (East Central),IOWA CITY,JOHNSON,,E BLOOMINGTON ST & N LINN ST,Collision with:  Vehicle in traffic,On Roadway,Broadside (front to side),Exceeded authorized speed,Alcohol (Statutory),,Dark - roadway lighted,Dry,Cloudy,Other (explain in narrative),Intersection:  Four-way intersection,Paved,,Major Injury,0,1,1,0,0,0,18000,2,2,,POINT (-91.531580080882 41.664674293274)
2014812257,14-3956,08/14/2014,08-August,5-Thursday,08:55,0800 Hours,District 1 (Central),WEST DES MOINES,POLK,I-235,I-235,Collision with:  Vehicle in traffic,On Roadway,Rear-end (front to rear),Followed too close,None Indicated,,Daylight,Dry,Clear,None apparent,Interchange-related:  Off-ramp,Paved,,Property Damage Only,0,0,0,0,0,0,8000,2,3,,POINT (-93.737876561128 41.592198637567)
2014814352,2014-56738,08/14/2014,08-August,5-Thursday,15:18,1500 Hours,District 6 (East Central),DAVENPORT,SCOTT,I-280,I-280 & IA 461/140 ST/W RIVER DR,Collision with:  Vehicle in traffic,On Roadway,"Angle, oncoming left turn",Unknown,None Indicated,,Daylight,Dry,Clear,None apparent,Non-intersection:  Non-junction/no special feature,Paved,,Possible/Unknown,0,2,0,0,2,0,12000,2,3,,POINT (-90.671229485132 41.509110920704)
2014812450,14-2498,08/14/2014,08-August,5-Thursday,20:45,2000 Hours,District 1 (Central),FORT DODGE,WEBSTER,US 169,US 169,Collision with:  Animal,On Roadway,Non-collision (single vehicle),Animal,None Indicated,,Dark - roadway not lighted,Dry,Cloudy,None apparent,Non-intersection:  Non-junction/no special feature,Paved,,Property Damage Only,0,0,0,0,0,0,1500,1,1,,POINT (-94.207012674807 42.492544326688)
2014816690,H14-0261,08/14/2014,08-August,5-Thursday,17:01,1700 Hours,District 1 (Central),HUXLEY,STORY,IA 210,IA 210/IOWA 210,Collision with:  Vehicle in traffic,On Roadway,Rear-end (front to rear),Driver Distraction:  Passenger,None Indicated,,Daylight,Dry,Clear,None apparent,Non-intersection:  Non-junction/no special feature,Paved,,Property Damage Only,0,0,0,0,0,0,10000,2,3,,POINT (-93.576672475396 41.877796470554)
2014812707,14-26478,08/14/2014,08-August,5-Thursday,16:13,1600 Hours,District 3 (Northwest),SIOUX CITY,WOODBURY,,22ND ST & NEBRASKA ST,Collision with:  Vehicle in traffic,On Roadway,Broadside (front to side),FTYROW:  From stop sign,None Indicated,,Daylight,Dry,Cloudy,None apparent,Intersection:  Four-way intersection,Paved,,Possible/Unknown,0,1,0,0,1,0,7700,2,2,,POINT (-96.403606044508 42.513158760205)
2014812463,2014008694,08/14/2014,08-August,5-Thursday,01:56,0100 Hours,District 6 (East Central),IOWA CITY,JOHNSON,,WAYNE ST & WILLIAMS ST,Collision with:  Vehicle in traffic,On Roadway,"Sideswipe, same direction",Swerving/Evasive Action,Refused,,Dark - roadway lighted,Dry,Clear,None apparent,Non-intersection:  Non-junction/no special feature,Paved,,Property Damage Only,0,0,0,0,0,0,20000,2,1,,POINT (-91.498720619601 41.647451942638)
2014813001,2014047658,08/14/2014,08-August,5-Thursday,15:06,1500 Hours,District 1 (Central),,JASPER,IA 163,IA 163/IOWA 163 W & Co Rd S36/W 124TH ST S,Collision with:  Vehicle in traffic,On Roadway,Rear-end (front to rear),Swerving/Evasive Action,None Indicated,,Daylight,Dry,Cloudy,None apparent,Non-intersection:  Non-junction/no special feature,Paved,,Minor Injury,0,3,0,2,1,0,16000,2,3,,POINT (-93.290186634886 41.601334040151)
2014812241,20140023655,08/14/2014,08-August,5-Thursday,02:00,0200 Hours,District 1 (Central),DES MOINES,POLK,,MATTERN AVE,Collision with:  Parked motor vehicle,On Roadway,"Sideswipe, opposite direction",Unknown,None Indicated,,Unknown,Unknown,Unknown,None apparent,Non-intersection:  Non-junction/no special feature,Paved,,Property Damage Only,0,0,0,0,0,0,1500,2,1,,POINT (-93.605666080936 41.61134591175)
2014812358,14-166,08/14/2014,08-August,5-Thursday,18:21,1800 Hours,District 2 (Northeast),WAVERLY,BREMER,IA 3,IA 3/BREMER AVE,Collision with:  Vehicle in traffic,On Roadway,Rear-end (front to rear),Followed too close,None Indicated,,Daylight,Dry,Clear,None apparent,Non-intersection:  Non-junction/no special feature,Paved,,Property Damage Only,0,0,0,0,0,0,6500,2,3,,POINT (-92.485929687792 42.725663211695)
2014812280,20141053,08/14/2014,08-August,5-Thursday,10:10,1000 Hours,District 6 (East Central),MOUNT VERNON,LINN,US 30,US 30 & IA 1/S 1ST AVE,Collision with:  Vehicle in traffic,On Roadway,"Sideswipe, same direction",Other (explain in narrative):  Other,None Indicated,,Daylight,Dry,Clear,None apparent,Intersection:  Four-way intersection,Paved,,Property Damage Only,0,0,0,0,0,0,3000,2,3,,POINT (-91.423079613363 41.916106202116)
2014812970,2014047714,08/14/2014,08-August,5-Thursday,21:35,2100 Hours,District 6 (East Central),,CEDAR,I-80,I-80,Collision with:  Animal,,,Animal,None Indicated,,,,,,,Paved,,Property Damage Only,0,0,0,0,0,0,3000,1,1,,POINT (-91.266822684873 41.663480871922)
2014812308,S14-003191,08/14/2014,08-August,5-Thursday,06:16,0600 Hours,District 4 (Southwest),,POTTAWATTAMIE,I-29,I-29,Collision with:  Animal,,,Animal,None Indicated,,,,,,,Paved,,Property Damage Only,0,0,0,0,0,0,5000,1,1,,POINT (-95.901675712009 41.500722152079)
2014812513,01-14-36141,08/14/2014,08-August,5-Thursday,10:57,1000 Hours,District 6 (East Central),DUBUQUE,DUBUQUE,US 20,US 20/DODGE ST,Collision with:  Vehicle in traffic,On Roadway,Rear-end (front to rear),Lost Control,None Indicated,,Daylight,Dry,Clear,None apparent,Non-intersection:  Non-junction/no special feature,Paved,,Possible/Unknown,0,1,0,0,1,0,3500,2,3,,POINT (-90.726236023173 42.491523440682)
2014812388,14004780,08/14/2014,08-August,5-Thursday,07:49,0700 Hours,District 3 (Northwest),SHELDON,OBRIEN,US 18,US 18/PARK ST & PARK ROW AVE & D ST,Collision with:  Vehicle in traffic,On Roadway,Broadside (front to side),FTYROW:  From stop sign,None Indicated,,Daylight,Dry,Cloudy,None apparent,Intersection:  Four-way intersection,Paved,,Property Damage Only,0,0,0,0,0,0,6300,2,2,,POINT (-95.859686703847 43.185813035457)
2014850049,14011507,08/14/2014,08-August,5-Thursday,14:40,1400 Hours,District 5 (Southeast),,APPANOOSE,,Co Rd T24/200TH AVE,Collision with fixed object:  Other fixed object (explain in narrative),On Roadway,Non-collision (single vehicle),Swerving/Evasive Action,None Indicated,,Daylight,"Mud, dirt",Clear,None apparent,Non-intersection:  Non-junction/no special feature,Unpaved,,Property Damage Only,0,0,0,0,0,0,8000,1,1,,POINT (-92.906288190594 40.775399622674)
2014813002,2014047659,08/14/2014,08-August,5-Thursday,16:20,1600 Hours,District 4 (Southwest),,CASS,I-80,I-80,Collision with:  Other non-fixed object (explain in narrative),On Roadway,Non-collision (single vehicle),Swerving/Evasive Action,None Indicated,,Daylight,Dry,Cloudy,Work Zone (roadway-related),Non-intersection:  Other non-intersection (explain in narrative),Paved,Yes,Fatal,1,0,0,0,0,0,3000,2,3,,POINT (-95.140556953773 41.49853020144)
2014817980,14-006737,08/14/2014,08-August,5-Thursday,17:28,1700 Hours,District 2 (Northeast),,CLAYTON,,Co Rd X3C/COLESBURG RD,Non-collision events:  Overturn/rollover,Shoulder,Non-collision (single vehicle),Crossed centerline (undivided),None Indicated,,Daylight,Dry,Cloudy,"Shoulders (none, low, soft, high)",Non-intersection:  Non-junction/no special feature,Paved,,Property Damage Only,0,0,0,0,0,0,15200,1,2,,POINT (-91.279719857818 42.724828607402)
2014812715,14-28574,08/14/2014,08-August,5-Thursday,17:16,1700 Hours,District 5 (Southeast),BURLINGTON,DES MOINES,,VALLEY ST & ARGYLE CT,Collision with:  Vehicle in traffic,On Roadway,Broadside (front to side),Improper Backing,None Indicated,,Daylight,Dry,Clear,None apparent,Non-intersection:  Non-junction/no special feature,Paved,,Property Damage Only,0,0,0,0,0,0,2000,2,5,,POINT (-91.13323415811 40.811672904554)
2014813518,14013947,08/14/2014,08-August,5-Thursday,14:50,1400 Hours,District 2 (Northeast),MASON CITY,CERRO GORDO,US 65,US 65/N FEDERAL AVE & 15TH ST NW & 15TH ST NE,Collision with:  Vehicle in traffic,On Roadway,"Sideswipe, same direction",Other (explain in narrative):  Other,None Indicated,,Daylight,Dry,Clear,None apparent,Non-intersection:  Non-junction/no special feature,Paved,,Possible/Unknown,0,1,0,0,1,0,6500,3,3,,POINT (-93.201074756573 43.166317843038)
2014812636,20140023659,08/14/2014,08-August,5-Thursday,07:25,0700 Hours,District 1 (Central),DES MOINES,POLK,,MULBERRY ST,Collision with:  Non-motorist (see non-motorist section - NOT a unit),Shoulder,Non-collision (single vehicle),FTYROW:  To pedestrian,None Indicated,,Daylight,Dry,Clear,None apparent,Intersection:  Shared use path or trail,Paved,,Possible/Unknown,0,1,0,0,1,0,50,1,1,,POINT (-93.625906856329 41.584603097163)
2014812749,14034135,08/14/2014,08-August,5-Thursday,10:42,1000 Hours,District 5 (Southeast),MUSCATINE,MUSCATINE,US 61,US 61 & ISETT AVE,Collision with:  Vehicle in traffic,On Roadway,Rear-end (front to rear),Followed too close,None Indicated,,Daylight,Dry,Cloudy,None apparent,Intersection:  Four-way intersection,Paved,,Possible/Unknown,0,1,0,0,1,0,5000,2,2,,POINT (-91.042147048766 41.45177178921)
2014812588,14-003483,08/14/2014,08-August,5-Thursday,02:13,0200 Hours,District 1 (Central),ANKENY,POLK,,SE LOWELL CT & SE 8TH ST,Collision with fixed object:  Mailbox,On Roadway,Non-collision (single vehicle),Ran off road - right,None Indicated,,Dark - roadway not lighted,Dry,Clear,None apparent,Non-intersection:  Non-junction/no special feature,Paved,,Minor Injury,0,1,0,1,0,0,600,1,1,,POINT (-93.582198263608 41.72421847883)
2014812243,20140023658,08/14/2014,08-August,5-Thursday,07:21,0700 Hours,District 1 (Central),DES MOINES,POLK,I-235,I-235 & SCHOOL ST & 3RD ST,Collision with:  Vehicle in traffic,On Roadway,Broadside (front to side),Unknown,None Indicated,,Daylight,Dry,Clear,None apparent,Intersection:  Four-way intersection,Paved,,Property Damage Only,0,0,0,0,0,0,3800,2,3,,POINT (-93.621521134619 41.595147356628)
2014812748,14-34211,08/14/2014,08-August,5-Thursday,15:59,1500 Hours,District 5 (Southeast),MUSCATINE,MUSCATINE,,MAIN ST,Collision with:  Vehicle in traffic,On Roadway,Broadside (front to side),FTYROW:  From stop sign,None Indicated,,Daylight,Dry,Clear,None apparent,Intersection:  T-intersection,Paved,,Property Damage Only,0,0,0,0,0,0,6000,2,6,,POINT (-91.058943374452 41.413615043063)
2014812664,14-15618,08/14/2014,08-August,5-Thursday,14:55,1400 Hours,District 6 (East Central),BETTENDORF,SCOTT,,LINCOLN RD & KIMBERLY RD,Collision with:  Vehicle in traffic,On Roadway,Broadside (front to side),Ran Traffic Signal,None Indicated,,Daylight,Dry,Clear,None apparent,Intersection:  Four-way intersection,Paved,,Property Damage Only,0,0,0,0,0,0,3000,2,2,,POINT (-90.521579704498 41.536666394825)
2014812483,W14-081713,08/14/2014,08-August,5-Thursday,17:15,1700 Hours,District 2 (Northeast),WATERLOO,BLACK HAWK,,E DONALD ST,Non-collision events:  Other non-collision (explain in narrative),On Roadway,Non-collision (single vehicle),Ran off road - right,None Indicated,,Daylight,Dry,Clear,None apparent,Non-intersection:  Non-junction/no special feature,Paved,,Property Damage Only,0,0,0,0,0,0,3000,1,1,,POINT (-92.311436166787 42.527442834818)
2014813662,GP20140646,08/14/2014,08-August,5-Thursday,16:20,1600 Hours,District 1 (Central),GRINNELL,POWESHIEK,,PRAIRIE ST,Collision with:  Parked motor vehicle,On Roadway,Unknown,Improper Backing,None Indicated,,Daylight,Dry,Cloudy,None apparent,Non-intersection:  Non-junction/no special feature,Paved,,Property Damage Only,0,0,0,0,0,0,2600,2,2,,POINT (-92.734007178339 41.758495445941)
2014812371,14120204,08/14/2014,08-August,5-Thursday,13:05,1300 Hours,District 6 (East Central),SOLON,JOHNSON,IA 1,IA 1/IOWA 1,Collision with:  Vehicle in traffic,On Roadway,Rear-end (front to rear),Swerving/Evasive Action,None Indicated,,Daylight,Dry,Clear,None apparent,Non-intersection:  Driveway access (within),Paved,,Possible/Unknown,0,1,0,0,1,0,9500,2,2,,POINT (-91.489892804472 41.79435335842)
2014812381,201411902,08/14/2014,08-August,5-Thursday,16:40,1600 Hours,District 6 (East Central),CEDAR RAPIDS,LINN,I-380,I-380 & 8TH ST NE,Collision with:  Vehicle in traffic,On Roadway,Broadside (front to side),FTYROW:  From stop sign,None Indicated,,Daylight,Dry,Cloudy,None apparent,Intersection:  Intersection with ramp,Paved,,Property Damage Only,0,0,0,0,0,0,5000,2,2,,POINT (-91.663631194013 41.983815844649)
2014812592,14-0977,08/14/2014,08-August,5-Thursday,17:20,1700 Hours,District 4 (Southwest),WEST DES MOINES,DALLAS,,UNIVERSITY AVE,Collision with:  Vehicle in traffic,On Roadway,Rear-end (front to rear),Followed too close,None Indicated,,Daylight,Dry,Clear,None apparent,Non-intersection:  Non-junction/no special feature,Paved,,Property Damage Only,0,0,0,0,0,0,9500,3,3,,POINT (-93.792197394137 41.600421025649)
2014812279,2014008707,08/14/2014,08-August,5-Thursday,11:53,1100 Hours,District 6 (East Central),IOWA CITY,JOHNSON,US 6,US 6,Collision with:  Vehicle in traffic,On Roadway,Rear-end (front to rear),Followed too close,None Indicated,,Daylight,Dry,Clear,None apparent,Intersection:  Four-way intersection,Paved,,Property Damage Only,0,0,0,0,0,0,1750,2,3,,POINT (-91.511834581852 41.641146570933)
2014812408,20140023787,08/14/2014,08-August,5-Thursday,00:00,0000 Hours,District 1 (Central),DES MOINES,POLK,,CLARK ST,Collision with:  Parked motor vehicle,On Roadway,"Sideswipe, same direction",Lost Control,None Indicated,,Unknown,Dry,Clear,None apparent,Non-intersection:  Non-junction/no special feature,Paved,,Property Damage Only,0,0,0,0,0,0,4000,2,777,,POINT (-93.663889990773 41.60576420503)
2014812213,201411935,08/14/2014,08-August,5-Thursday,09:55,0900 Hours,District 6 (East Central),CEDAR RAPIDS,LINN,,ELLIS RD NW & EDGEWOOD RD NW,Collision with:  Vehicle in traffic,On Roadway,"Angle, oncoming left turn",FTYROW:  Making left turn,None Indicated,,Daylight,Dry,Cloudy,None apparent,Intersection:  Four-way intersection,Paved,,Minor Injury,0,2,0,1,1,0,12000,2,2,,POINT (-91.707865865363 42.005037125751)
2014812663,14-15595,08/14/2014,08-August,5-Thursday,10:59,1000 Hours,District 6 (East Central),BETTENDORF,SCOTT,,MIDDLE RD & 18TH ST,Collision with:  Vehicle in traffic,On Roadway,"Angle, oncoming left turn",FTYROW:  Making left turn,None Indicated,,Daylight,Dry,Clear,None apparent,Intersection:  Four-way intersection,Paved,,Property Damage Only,0,0,0,0,0,0,4500,2,2,,POINT (-90.506876824609 41.544337016429)
2014814492,261401399,08/14/2014,08-August,5-Thursday,02:30,0200 Hours,District 5 (Southeast),BLOOMFIELD,DAVIS,US 63,US 63 & 230TH ST,Collision with:  Animal,On Roadway,Non-collision (single vehicle),Animal,None Indicated,,Dark - roadway not lighted,Dry,Clear,None apparent,Intersection:  T-intersection,Paved,,Property Damage Only,0,0,0,0,0,0,7500,1,1,,POINT (-92.504839537047 40.725692997438)
2014813805,2014008702,08/14/2014,08-August,5-Thursday,10:10,1000 Hours,District 6 (East Central),IOWA CITY,JOHNSON,,MORMON TREK BLVD,Non-collision events:  Other non-collision (explain in narrative),On Roadway,Non-collision (single vehicle),Unknown,None Indicated,,Daylight,Dry,Clear,None apparent,Non-intersection:  Non-junction/no special feature,Paved,,Minor Injury,0,1,0,1,0,0,500,1,1,,POINT (-91.569642695724 41.6658298775)
2014815274,0-14-36215,08/14/2014,08-August,5-Thursday,18:42,1800 Hours,District 6 (East Central),DUBUQUE,DUBUQUE,,KAUFMANN AVE & N MAIN ST & FRANCIS ST,Collision with:  Non-motorist (see non-motorist section - NOT a unit),On Roadway,Non-collision (single vehicle),Other (explain in narrative):  Other,None Indicated,,Daylight,Dry,Clear,None apparent,Non-intersection:  Non-junction/no special feature,Paved,,Minor Injury,0,1,0,1,0,0,0,1,1,,POINT (-90.673594650483 42.512925458264)
2014812377,C14002529,08/14/2014,08-August,5-Thursday,15:30,1500 Hours,District 6 (East Central),CORALVILLE,JOHNSON,I-80,I-80,Collision with:  Vehicle in traffic,On Roadway,"Sideswipe, same direction",Improper or erratic lane changing,None Indicated,,Daylight,Dry,Clear,None apparent,Non-intersection:  Non-junction/no special feature,Paved,,Property Damage Only,0,0,0,0,0,0,2500,2,3,,POINT (-91.604493889885 41.693936456723)
2014812951,CL14002873,08/14/2014,08-August,5-Thursday,13:04,1300 Hours,District 6 (East Central),CLINTON,CLINTON,US 67,US 67/N 2ND ST & IA 136/IOWA 136 & 19TH AVE N,Collision with:  Vehicle in traffic,On Roadway,Rear-end (front to rear),Followed too close,None Indicated,,Daylight,Dry,Clear,None apparent,Non-intersection:  Non-junction/no special feature,Paved,,Property Damage Only,0,0,0,0,0,0,2000,2,2,,POINT (-90.182141275269 41.866213579789)
2014816689,H14-0051,08/14/2014,08-August,5-Thursday,11:15,1100 Hours,District 1 (Central),HUXLEY,STORY,,E 1ST ST,Collision with:  Vehicle in traffic,On Roadway,Unknown,Improper Backing,None Indicated,,Daylight,Dry,Clear,None apparent,Intersection:  T-intersection,Paved,,Property Damage Only,0,0,0,0,0,0,2000,2,2,,POINT (-93.598633951123 41.892365168544)
2014812968,2014047616,08/14/2014,08-August,5-Thursday,13:00,1300 Hours,District 4 (Southwest),,ADAIR,I-80,I-80,Collision with fixed object:  Ditch,On Roadway,Non-collision (single vehicle),Swerving/Evasive Action,None Indicated,,Daylight,Dry,Clear,None apparent,Non-intersection:  Non-junction/no special feature,Paved,,Property Damage Only,0,0,0,0,0,0,5000,1,1,,POINT (-94.538591343708 41.49646137158)
2014814190,2014-56764,08/14/2014,08-August,5-Thursday,16:36,1600 Hours,District 6 (East Central),DAVENPORT,SCOTT,,W 4TH ST & WESTERN AVE,Collision with:  Vehicle in traffic,On Roadway,Broadside (front to side),FTYROW:  From parked position,None Indicated,,Daylight,Dry,Clear,None apparent,Intersection:  Four-way intersection,Paved,,Property Damage Only,0,0,0,0,0,0,3000,2,2,,POINT (-90.581463903191 41.523531906805)
2014812415,14-1798,08/14/2014,08-August,5-Thursday,09:45,0900 Hours,District 1 (Central),URBANDALE,POLK,I-35,I-35 & MEREDITH DR,Collision with:  Vehicle in traffic,On Roadway,Rear-end (front to rear),Swerving/Evasive Action,None Indicated,,Daylight,Dry,Clear,None apparent,Non-intersection:  Non-junction/no special feature,Paved,,Possible/Unknown,0,1,0,0,1,0,5500,2,2,,POINT (-93.777012889717 41.644020247389)
2014812907,2014-004808,08/14/2014,08-August,5-Thursday,22:37,2200 Hours,District 6 (East Central),,BENTON,IA 21,IA 21/IOWA 21,Collision with fixed object:  Tree,Shoulder,Non-collision (single vehicle),Crossed centerline (undivided),None Indicated,,Dark - roadway not lighted,Dry,Cloudy,None apparent,Non-intersection:  Non-junction/no special feature,Paved,,Major Injury,0,1,1,0,0,0,10000,1,1,,POINT (-92.298065633092 41.919394874941)
2014812405,20140023725,08/14/2014,08-August,5-Thursday,17:05,1700 Hours,District 1 (Central),DES MOINES,POLK,,OVID AVE & 6TH AVE,Collision with:  Vehicle in traffic,On Roadway,Rear-end (front to rear),Followed too close,None Indicated,,Daylight,Dry,Cloudy,None apparent,Intersection:  T-intersection,Paved,,Property Damage Only,0,0,0,0,0,0,2200,2,9,,POINT (-93.624768458829 41.625790318979)
2014812706,14-26409,08/14/2014,08-August,5-Thursday,08:28,0800 Hours,District 3 (Northwest),SIOUX CITY,WOODBURY,,6TH ST & PIERCE ST,Collision with:  Vehicle in traffic,On Roadway,Broadside (front to side),Ran Traffic Signal,None Indicated,,Daylight,Dry,Cloudy,None apparent,Intersection:  Other intersection (explain in narrative),Paved,,Minor Injury,0,2,0,2,0,0,9500,3,3,,POINT (-96.404944016695 42.496343640485)
2014812355,W14-081662,08/14/2014,08-August,5-Thursday,14:58,1400 Hours,District 2 (Northeast),WATERLOO,BLACK HAWK,,CROSSROADS BLVD,Collision with:  Vehicle in traffic,On Roadway,Broadside (front to side),Ran Stop Sign,None Indicated,,Daylight,Dry,Clear,None apparent,Intersection:  T-intersection,Paved,,Property Damage Only,0,0,0,0,0,0,3500,2,2,,POINT (-92.323391807286 42.46431113302)
2014812244,20140023663,08/14/2014,08-August,5-Thursday,08:13,0800 Hours,District 1 (Central),DES MOINES,POLK,US 6,US 6/E EUCLID AVE & E 29TH ST,Collision with:  Vehicle in traffic,On Roadway,Rear-end (front to rear),Followed too close,None Indicated,,Daylight,Dry,Clear,None apparent,Non-intersection:  Non-junction/no special feature,Paved,,Property Damage Only,0,0,0,0,0,0,13700,3,5,,POINT (-93.561196911681 41.62771252409)
2014813040,2014-4738,08/15/2014,08-August,6-Friday,18:58,1800 Hours,District 1 (Central),,HARDIN,US 20,US 20,Collision with fixed object:  Ditch,On Roadway,Non-collision (single vehicle),Swerving/Evasive Action,None Indicated,,Daylight,Wet,Cloudy,None apparent,Non-intersection:  Non-junction/no special feature,Paved,,Property Damage Only,0,0,0,0,0,0,3600,1,1,,POINT (-93.195135063463 42.427524533018)
2014812786,14000372,08/15/2014,08-August,6-Friday,13:49,1300 Hours,District 5 (Southeast),ALBIA,MONROE,IA 5,IA 5/S MAIN ST & WASHINGTON AVE W & WASHINGTON AVE E,Collision with:  Vehicle in traffic,On Roadway,Broadside (front to side),FTYROW:  From parked position,None Indicated,,Daylight,Wet,Cloudy,None apparent,Non-intersection:  Non-junction/no special feature,Paved,,Property Damage Only,0,0,0,0,0,0,1700,2,2,,POINT (-92.807097228514 41.026187058966)
2014812382,201411985,08/15/2014,08-August,6-Friday,05:55,0500 Hours,District 6 (East Central),CEDAR RAPIDS,LINN,,3RD AVE SE & 3RD ST SE,Collision with:  Vehicle in traffic,On Roadway,Broadside (front to side),FTYROW:  Other (explain in narrative),None Indicated,,Dawn,Dry,Clear,None apparent,Intersection:  Four-way intersection,Paved,,Property Damage Only,0,0,0,0,0,0,5500,2,3,,POINT (-91.66584799204 41.977663218098)