Iowa DOT Case Number,Law Enforcement Case Number,Date of Crash,Month of Crash,Day of Week,Time of Crash,Hour,DOT District,City Name,County Name,Route with System,Location Description,First Harmful Event,Location of First Harmful Event,Manner of Crash/Collision,Major Cause,Drug or Alcohol ,Environmental Conditions,Light Conditions,Surface Conditions,Weather Conditions,Roadway Contribution,Roadway Type,Roadway Surface,Work Zone,Crash Severity,Number of Fatalities,Number of Injuries,Number of Major Injuries,Number of Minor Injuries,Number of Possible Injuries,Number of Unknown Injuries,Amount of Property Damage,Number of Vehicles Involved,Total Number of Occupants,Travel Direction,Location
2014817038,A14059,08/15/2014,08-August,6-Friday,10:55,1000 Hours,District 5 (Southeast),KNOXVILLE,MARION,IA 14,IA 14/LINCOLN ST & W SOUTH ST,Collision with:  Vehicle in traffic,On Roadway,Rear-end (front to rear),Followed too close,None Indicated,,Daylight,Wet,Rain,"Surface condition (e.g., wet, icy)",Intersection:  T-intersection,Paved,,Property Damage Only,0,0,0,0,0,0,6500,2,4,,POINT (-93.109522628168 41.315209038704)
2014812585,14-5396,08/15/2014,08-August,6-Friday,13:25,1300 Hours,District 1 (Central),,POLK,,NE 22ND ST,Collision with:  Vehicle in traffic,On Roadway,Rear-end (front to rear),FTYROW:  Other (explain in narrative),None Indicated,,Daylight,Dry,Rain,None apparent,Intersection:  Four-way intersection,Paved,,Property Damage Only,0,0,0,0,0,0,2500,2,3,,POINT (-93.581298733869 41.644365995481)
2014816897,CL14002890,08/15/2014,08-August,6-Friday,17:20,1700 Hours,District 6 (East Central),CLINTON,CLINTON,,15TH AVE S,Collision with:  Vehicle in traffic,On Roadway,Rear-end (front to rear),Other (explain in narrative):  No improper action,None Indicated,,Daylight,Dry,Cloudy,None apparent,Non-intersection:  Non-junction/no special feature,Paved,,Property Damage Only,0,0,0,0,0,0,3000,2,3,,POINT (-90.21796291476 41.830029017669)
2014812617,20140023803,08/15/2014,08-August,6-Friday,14:25,1400 Hours,District 1 (Central),DES MOINES,POLK,US 6,US 6/E EUCLID AVE,Collision with:  Vehicle in traffic,On Roadway,Rear-end (front to rear),Followed too close,None Indicated,,Daylight,Wet,Cloudy,None apparent,Non-intersection:  Driveway access (within),Paved,,Property Damage Only,0,0,0,0,0,0,10000,2,5,,POINT (-93.605279031735 41.627714044164)
2014813365,,08/15/2014,08-August,6-Friday,23:55,2300 Hours,District 4 (Southwest),ADEL,DALLAS,,GREENE ST,Collision with fixed object:  Curb/island/raised median,On Roadway,Non-collision (single vehicle),"Operating vehicle in an reckless, erratic, careless, negligent manner",Refused,,Dark - roadway lighted,Dry,Cloudy,None apparent,Non-intersection:  Non-junction/no special feature,Paved,,Minor Injury,0,2,0,2,0,0,3000,1,2,,POINT (-94.020652519077 41.614355162488)
2014812555,201412021,08/15/2014,08-August,6-Friday,21:54,2100 Hours,District 6 (East Central),CEDAR RAPIDS,LINN,,OLD MARION RD NE,Collision with:  Vehicle in traffic,On Roadway,Broadside (front to side),"Operating vehicle in an reckless, erratic, careless, negligent manner",Refused,,Dark - roadway lighted,Dry,Clear,None apparent,Non-intersection:  Driveway access (within),Paved,,Minor Injury,0,2,0,1,1,0,19000,2,2,,POINT (-91.652196981002 42.020554347867)
2014813520,14014012,08/15/2014,08-August,6-Friday,15:17,1500 Hours,District 2 (Northeast),MASON CITY,CERRO GORDO,,19TH ST SW & S PIERCE AVE,Collision with:  Vehicle in traffic,On Roadway,Rear-end (front to rear),Followed too close,None Indicated,,Daylight,Dry,Cloudy,None apparent,Intersection:  Four-way intersection,Paved,,Property Damage Only,0,0,0,0,0,0,2000,2,2,,POINT (-93.220997930037 43.133953688203)
2014812697,14-2520,08/15/2014,08-August,6-Friday,21:00,2100 Hours,District 1 (Central),FORT DODGE,WEBSTER,,S 15TH ST,Collision with:  Parked motor vehicle,Shoulder,"Sideswipe, opposite direction",Unknown,None Indicated,,Dark - roadway lighted,Dry,Clear,None apparent,Non-intersection:  Non-junction/no special feature,Paved,,Property Damage Only,0,0,0,0,0,0,2000,2,1,,POINT (-94.177664077367 42.495920642217)
2014813370,14-006784,08/15/2014,08-August,6-Friday,22:10,2200 Hours,District 2 (Northeast),ELKADER,CLAYTON,IA 13,IA 13/IOWA 13,Collision with:  Animal,,,Animal,None Indicated,,,,,,,Paved,,Property Damage Only,0,0,0,0,0,0,5000,1,1,,POINT (-91.41485347317 42.811130596989)
2014813521,14014038,08/15/2014,08-August,6-Friday,19:51,1900 Hours,District 2 (Northeast),MASON CITY,CERRO GORDO,,FRONTAGE RD N,Collision with:  Vehicle in traffic,On Roadway,"Sideswipe, same direction",FTYROW:  From stop sign,None Indicated,,Dusk,Dry,Clear,None apparent,Intersection:  Four-way intersection,Paved,,Property Damage Only,0,0,0,0,0,0,3500,2,3,,POINT (-93.245229397058 43.148636274612)
2014812542,C14002549,08/15/2014,08-August,6-Friday,19:58,1900 Hours,District 6 (East Central),CORALVILLE,JOHNSON,,1ST AVE,Collision with:  Animal,On Roadway,Non-collision (single vehicle),Animal,None Indicated,,Dusk,Dry,Cloudy,None apparent,Non-intersection:  Non-junction/no special feature,Paved,,Property Damage Only,0,0,0,0,0,0,2000,1,2,,POINT (-91.564116414606 41.710714030858)
2014813098,2014-56991,08/15/2014,08-August,6-Friday,11:29,1100 Hours,District 6 (East Central),DAVENPORT,SCOTT,,E HIGH ST & ARLINGTON AVE,Collision with:  Parked motor vehicle,On Roadway,"Sideswipe, same direction",Lost Control,None Indicated,,Daylight,Dry,Clear,None apparent,Non-intersection:  Alley,Paved,,Property Damage Only,0,0,0,0,0,0,3500,2,1,,POINT (-90.56229340322 41.540959599087)
2014812419,14-3983,08/15/2014,08-August,6-Friday,07:10,0700 Hours,District 1 (Central),WEST DES MOINES,POLK,,MILLS CIVIC PKWY,Collision with:  Vehicle in traffic,On Roadway,Rear-end (front to rear),Followed too close,None Indicated,,Daylight,Wet,Rain,"Surface condition (e.g., wet, icy)",Non-intersection:  Non-junction/no special feature,Paved,,Possible/Unknown,0,1,0,0,1,0,5500,2,3,,POINT (-93.789053714467 41.559054443839)
2014812700,14-2507,08/15/2014,08-August,6-Friday,13:20,1300 Hours,District 1 (Central),FORT DODGE,WEBSTER,,KENYON RD & S 8TH ST & E KENYON RD,Collision with:  Vehicle in traffic,On Roadway,"Sideswipe, same direction",Swerving/Evasive Action,None Indicated,,Daylight,Wet,Rain,None apparent,Non-intersection:  Non-junction/no special feature,Paved,,Possible/Unknown,0,1,0,0,1,0,2100,2,2,,POINT (-94.185971121295 42.499536319261)
2014812620,20140023821,08/15/2014,08-August,6-Friday,16:14,1600 Hours,District 1 (Central),DES MOINES,POLK,I-235,I-235 & 5TH AVE,Collision with:  Vehicle in traffic,On Roadway,Rear-end (front to rear),Followed too close,None Indicated,,Daylight,Wet,Rain,None apparent,Non-intersection:  Non-junction/no special feature,Paved,,Property Damage Only,0,0,0,0,0,0,2000,2,6,,POINT (-93.624647020145 41.595787943234)
2014904353,,08/15/2014,08-August,6-Friday,15:34,1500 Hours,District 3 (Northwest),REMSEN,PLYMOUTH,IA 3,IA 3/IOWA 3 & S WASHINGTON ST,Collision with:  Vehicle in traffic,On Roadway,Rear-end (front to rear),FTYROW:  Making left turn,None Indicated,,Daylight,Dry,Clear,None apparent,Intersection:  T-intersection,Paved,,Property Damage Only,0,0,0,0,0,0,5400,2,3,,POINT (-95.973511360627 42.808458804766)
2014812593,14-0981,08/15/2014,08-August,6-Friday,07:47,0700 Hours,District 4 (Southwest),CLIVE,DALLAS,US 6,US 6/HICKMAN AVE,Collision with:  Vehicle in traffic,On Roadway,Rear-end (front to rear),Followed too close,None Indicated,,Daylight,Wet,Rain,None apparent,Non-intersection:  Non-junction/no special feature,Paved,,Property Damage Only,0,0,0,0,0,0,3000,3,3,,POINT (-93.816175124909 41.614871941888)
2014813644,14-1806,08/15/2014,08-August,6-Friday,15:50,1500 Hours,District 1 (Central),URBANDALE,POLK,,DOUGLAS AVE,Collision with:  Vehicle in traffic,On Roadway,Rear-end (front to rear),Other (explain in narrative):  Other,None Indicated,,Daylight,Wet,Rain,None apparent,Non-intersection:  Non-junction/no special feature,Paved,,Property Damage Only,0,0,0,0,0,0,1500,2,5,,POINT (-93.754855225525 41.629351142289)
2014812519,01-14-36337,08/15/2014,08-August,6-Friday,14:44,1400 Hours,District 6 (East Central),DUBUQUE,DUBUQUE,US 52,US 52/CENTRAL AVE,Collision with:  Vehicle in traffic,On Roadway,Rear-end (front to rear),Lost Control,None Indicated,,Daylight,Dry,Cloudy,None apparent,Non-intersection:  Non-junction/no special feature,Paved,,Possible/Unknown,0,1,0,0,1,0,2750,3,3,,POINT (-90.666170584027 42.503418020951)
2014812708,14-28693,08/15/2014,08-August,6-Friday,19:10,1900 Hours,District 5 (Southeast),BURLINGTON,DES MOINES,US 61,US 61 & DIVISION ST,Collision with:  Vehicle in traffic,On Roadway,Rear-end (front to rear),Followed too close,None Indicated,,Daylight,Dry,Cloudy,None apparent,Intersection:  Four-way intersection,Paved,,Possible/Unknown,0,1,0,0,1,0,1500,3,6,,POINT (-91.141490761185 40.807671643824)
2014812811,14011539,08/15/2014,08-August,6-Friday,06:24,0600 Hours,District 5 (Southeast),CENTERVILLE,APPANOOSE,IA 5,IA 5/IOWA 5,Collision with:  Animal,,,Animal,None Indicated,,,,,,,Paved,,Property Damage Only,0,0,0,0,0,0,3500,1,1,,POINT (-92.867603134416 40.670780081386)
2014813140,201400039704,08/15/2014,08-August,6-Friday,09:47,0900 Hours,District 5 (Southeast),OTTUMWA,WAPELLO,,N HANCOCK ST,Collision with:  Vehicle in traffic,On Roadway,Rear-end (front to rear),Followed too close,None Indicated,,Daylight,Dry,Cloudy,None apparent,Non-intersection:  Non-junction/no special feature,Paved,,Property Damage Only,0,0,0,0,0,0,11000,2,4,,POINT (-92.416108874185 41.005736207177)
2014813161,02205,08/15/2014,08-August,6-Friday,22:14,2200 Hours,District 6 (East Central),DYERSVILLE,DUBUQUE,US 20,US 20 & IA 136/9TH ST SE,Collision with:  Animal,,,Animal,None Indicated,,,,,,,Paved,,Property Damage Only,0,0,0,0,0,0,1500,1,1,,POINT (-91.114275839087 42.46887695789)
2014815306,14-4981,08/15/2014,08-August,6-Friday,09:18,0900 Hours,District 3 (Northwest),CHEROKEE,CHEROKEE,US 59,US 59/N 2ND ST & INDIAN ST & E INDIAN ST,Collision with:  Vehicle in traffic,On Roadway,Rear-end (front to rear),Driving too fast for conditions,None Indicated,,Daylight,Wet,Rain,None apparent,Non-intersection:  Non-junction/no special feature,Paved,,Property Damage Only,0,0,0,0,0,0,4000,2,2,,POINT (-95.552272025239 42.764115783775)
2014813519,14013999,08/15/2014,08-August,6-Friday,12:16,1200 Hours,District 2 (Northeast),MASON CITY,CERRO GORDO,IA 122,IA 122/6TH ST SE & S PENNSYLVANIA AVE,Collision with:  Vehicle in traffic,On Roadway,"Sideswipe, same direction",Improper or erratic lane changing,None Indicated,,Daylight,Dry,Cloudy,None apparent,Intersection:  Four-way intersection,Paved,,Property Damage Only,0,0,0,0,0,0,1800,2,4,,POINT (-93.198450865573 43.146205611299)
2014826454,2014-5804,08/15/2014,08-August,6-Friday,14:40,1400 Hours,District 6 (East Central),LE CLAIRE,SCOTT,,BLACKSTONE WAY,Collision with:  Vehicle in traffic,On Roadway,"Sideswipe, same direction",FTYROW:  From driveway,None Indicated,,Daylight,Dry,Clear,None apparent,Non-intersection:  Driveway access (within),Paved,,Property Damage Only,0,0,0,0,0,0,1501,2,37,,POINT (-90.394821647177 41.592718554647)
2014814095,2014-9698,08/15/2014,08-August,6-Friday,14:46,1400 Hours,District 2 (Northeast),FOREST CITY,WINNEBAGO,US 69,US 69/170TH AVE & E J ST,Collision with:  Vehicle in traffic,On Roadway,Broadside (front to side),Ran Stop Sign,None Indicated,,Daylight,Dry,Cloudy,None apparent,Intersection:  Four-way intersection,Paved,,Property Damage Only,0,0,0,0,0,0,7000,2,2,,POINT (-93.632951861605 43.263408436692)
2014812869,2014-56927,08/15/2014,08-August,6-Friday,04:50,0400 Hours,District 6 (East Central),DAVENPORT,SCOTT,I-280,I-280,Collision with:  Animal,,,Animal,None Indicated,,,,,,,Paved,,Property Damage Only,0,0,0,0,0,0,2500,1,1,,POINT (-90.673406565721 41.510884257789)
2014812482,W14-081997,08/15/2014,08-August,6-Friday,12:44,1200 Hours,District 2 (Northeast),WATERLOO,BLACK HAWK,US 63,US 63/LOGAN AVE & W DONALD ST & E DONALD ST,Collision with:  Vehicle in traffic,On Roadway,Rear-end (front to rear),Other (explain in narrative):  Other,None Indicated,,Daylight,Dry,Cloudy,None apparent,Intersection:  Four-way intersection,Paved,,Property Damage Only,0,0,0,0,0,0,3000,2,2,,POINT (-92.337612420597 42.527588124782)
2014812517,01-14-36300,08/15/2014,08-August,6-Friday,11:09,1100 Hours,District 6 (East Central),DUBUQUE,DUBUQUE,,ROCKDALE RD,Collision with:  Vehicle in traffic,On Roadway,Broadside (front to side),FTYROW:  From driveway,None Indicated,,Daylight,Dry,Cloudy,None apparent,Non-intersection:  Driveway access (within),Paved,,Possible/Unknown,0,1,0,0,1,0,6500,2,3,,POINT (-90.677980649638 42.455930215522)
2014812518,01-14-36329,08/15/2014,08-August,6-Friday,13:44,1300 Hours,District 6 (East Central),DUBUQUE,DUBUQUE,US 52,US 52/CENTRAL AVE & W 11TH ST & E 11TH ST,Collision with:  Vehicle in traffic,On Roadway,"Sideswipe, same direction",Made improper turn,None Indicated,,Daylight,Dry,Cloudy,None apparent,Non-intersection:  Non-junction/no special feature,Paved,,Possible/Unknown,0,1,0,0,1,0,3500,2,4,,POINT (-90.666396057638 42.503899891794)
2014813475,,08/15/2014,08-August,6-Friday,13:48,1300 Hours,District 6 (East Central),CEDAR RAPIDS,LINN,,42ND ST NE & GOLF ST NE,Collision with:  Vehicle in traffic,On Roadway,Broadside (front to side),FTYROW:  Making left turn,None Indicated,,Daylight,Dry,Cloudy,,Non-intersection:  Driveway access (within),Paved,,Property Damage Only,0,0,0,0,0,0,5378,2,2,,POINT (-91.653234606976 42.021178962696)
2014812985,2014047885,08/15/2014,08-August,6-Friday,15:47,1500 Hours,District 6 (East Central),,CLINTON,,Co Rd Z24/245 ST/320 AVE,Collision with:  Non-motorist (see non-motorist section - NOT a unit),On Roadway,Non-collision (single vehicle),Other (explain in narrative):  Other,None Indicated,,Daylight,Dry,Cloudy,None apparent,Non-intersection:  Non-junction/no special feature,Paved,,Major Injury,0,1,1,0,0,0,3000,1,3,,POINT (-90.471260261896 41.822767138883)
2014812566,14017233,08/15/2014,08-August,6-Friday,21:46,2100 Hours,District 6 (East Central),MARION,LINN,,BLAIRS FERRY RD NE & NORTHLAND AVE NE,Collision with:  Vehicle in traffic,On Roadway,Rear-end (front to rear),Followed too close,None Indicated,,Dark - roadway not lighted,Dry,Clear,None apparent,Non-intersection:  Non-junction/no special feature,Paved,,Minor Injury,0,1,0,1,0,0,2000,2,3,,POINT (-91.63172853993 42.033875711961)
2014812823,14-28622,08/15/2014,08-August,6-Friday,02:18,0200 Hours,District 5 (Southeast),,DES MOINES,US 61,US 61,Collision with:  Animal,,,Animal,None Indicated,,,,,,,Paved,,Property Damage Only,0,0,0,0,0,0,10000,1,1,,POINT (-91.170815207621 40.735293424852)
2014812618,20140023811,08/15/2014,08-August,6-Friday,15:32,1500 Hours,District 1 (Central),DES MOINES,POLK,US 69,US 69/E 14TH ST & DES MOINES ST,Collision with:  Vehicle in traffic,On Roadway,Broadside (front to side),FTYROW:  From stop sign,None Indicated,,Daylight,Wet,Rain,None apparent,Intersection:  Four-way intersection,Paved,,Minor Injury,0,1,0,1,0,0,7000,2,2,,POINT (-93.598368928374 41.594459534825)
2014812385,14017199,08/15/2014,08-August,6-Friday,07:21,0700 Hours,District 6 (East Central),MARION,LINN,US 151,US 151 & LINN AIRE AVE,Collision with:  Vehicle in traffic,On Roadway,"Angle, oncoming left turn",Ran Traffic Signal,None Indicated,,Daylight,Dry,Clear,None apparent,Intersection:  Four-way intersection,Paved,,Property Damage Only,0,0,0,0,0,0,3800,2,2,,POINT (-91.550261896552 42.030957120022)
2014812391,14-5389,08/15/2014,08-August,6-Friday,06:46,0600 Hours,District 1 (Central),BONDURANT,POLK,US 65,US 65/HUBBELL AVE & 32ND ST SW,Collision with:  Non-motorist (see non-motorist section - NOT a unit),On Roadway,Non-collision (single vehicle),Other (explain in narrative):  Other,None Indicated,,Daylight,Dry,Cloudy,None apparent,Intersection:  Four-way intersection,Paved,,Major Injury,0,1,1,0,0,0,100,1,1,,POINT (-93.480404688496 41.673114454136)
2014812883,14-26656,08/15/2014,08-August,6-Friday,19:37,1900 Hours,District 3 (Northwest),SIOUX CITY,WOODBURY,IA 12,IA 12/GORDON DR & S FAIRMOUNT ST,Collision with:  Vehicle in traffic,On Roadway,"Sideswipe, same direction",Improper or erratic lane changing,None Indicated,,Daylight,Dry,Clear,None apparent,Non-intersection:  Non-junction/no special feature,Paved,,Property Damage Only,0,0,0,0,0,0,3000,2,2,,POINT (-96.374518048422 42.489896901474)
2014813459,146145PD,08/15/2014,08-August,6-Friday,12:44,1200 Hours,District 1 (Central),BOONE,BOONE,,7TH ST & TAMA ST,Collision with:  Vehicle in traffic,On Roadway,Broadside (front to side),FTYROW:  From stop sign,None Indicated,,Daylight,Wet,Rain,None apparent,Intersection:  Four-way intersection,Paved,,Property Damage Only,0,0,0,0,0,0,2000,2,2,,POINT (-93.876674026423 42.062731120036)
2014812701,14-2508,08/15/2014,08-August,6-Friday,14:18,1400 Hours,District 1 (Central),FORT DODGE,WEBSTER,,5TH AVE S,Collision with:  Vehicle in traffic,On Roadway,Rear-end (front to rear),Followed too close,None Indicated,,Daylight,Wet,Rain,None apparent,Intersection:  Four-way intersection,Paved,,Property Damage Only,0,0,0,0,0,0,5500,2,3,,POINT (-94.170337009109 42.501083934693)
2014814295,14-07745,08/15/2014,08-August,6-Friday,11:43,1100 Hours,District 5 (Southeast),MOUNT PLEASANT,HENRY,,W MONROE ST,Collision with:  Vehicle in traffic,On Roadway,"Sideswipe, same direction",FTYROW:  From parked position,None Indicated,,Daylight,Dry,Clear,None apparent,Non-intersection:  Non-junction/no special feature,Paved,,Possible/Unknown,0,1,0,0,1,0,4500,2,5,,POINT (-91.555375095202 40.966769567105)
2014813173,2014047901,08/15/2014,08-August,6-Friday,17:51,1700 Hours,District 1 (Central),DES MOINES,POLK,I-235,I-235 & US 69/E 14TH ST & MAPLE ST,Collision with:  Vehicle in traffic,On Roadway,Rear-end (front to rear),Followed too close,None Indicated,,Daylight,Wet,Rain,None apparent,Intersection:  Four-way intersection,Paved,,Minor Injury,0,2,0,2,0,0,2000,2,3,,POINT (-93.599120390713 41.596572323006)
2014812603,20140023816,08/15/2014,08-August,6-Friday,15:39,1500 Hours,District 1 (Central),DES MOINES,POLK,I-235,I-235,Collision with:  Vehicle in traffic,On Roadway,Rear-end (front to rear),Driving too fast for conditions,None Indicated,,Daylight,Wet,Cloudy,"Surface condition (e.g., wet, icy)","Interchange-related:  Off-ramp, diverge area",Paved,,Property Damage Only,0,0,0,0,0,0,5000,2,3,,POINT (-93.601591131691 41.595163298569)
2014812520,01-14-36342,08/15/2014,08-August,6-Friday,15:10,1500 Hours,District 6 (East Central),DUBUQUE,DUBUQUE,US 52,US 52/KERRIGAN RD,Collision with:  Vehicle in traffic,On Roadway,Rear-end (front to rear),Lost Control,None Indicated,,Daylight,Dry,Clear,None apparent,Non-intersection:  Non-junction/no special feature,Paved,,Property Damage Only,0,0,0,0,0,0,1500,2,3,,POINT (-90.662978702152 42.495014113059)
2014815762,2014047844,08/15/2014,08-August,6-Friday,11:45,1100 Hours,District 1 (Central),WEST DES MOINES,POLK,I-35,I-35,Collision with fixed object:  Ditch,On Roadway,Non-collision (single vehicle),Ran off road - right,None Indicated,,Daylight,Wet,Rain,None apparent,Interchange-related:  Off-ramp,Paved,,Property Damage Only,0,0,0,0,0,0,2500,1,1,,POINT (-93.773798344919 41.527767730149)
2014812568,14017217,08/15/2014,08-August,6-Friday,15:00,1500 Hours,District 6 (East Central),MARION,LINN,,S 14TH ST,Collision with:  Vehicle in traffic,On Roadway,Unknown,Improper Backing,None Indicated,,Daylight,Dry,Cloudy,None apparent,Non-intersection:  Non-junction/no special feature,Paved,,Property Damage Only,0,0,0,0,0,0,3000,2,1,,POINT (-91.594931799051 42.023398026057)
2014812481,W14-081993,08/15/2014,08-August,6-Friday,12:34,1200 Hours,District 2 (Northeast),WATERLOO,BLACK HAWK,,QUINCY ST & LINN ST,Collision with:  Vehicle in traffic,On Roadway,Broadside (front to side),FTYROW:  At uncontrolled intersection,None Indicated,,Daylight,Dry,Clear,None apparent,Intersection:  Four-way intersection,Paved,,Property Damage Only,0,0,0,0,0,0,25000,2,2,,POINT (-92.331140162056 42.512258692511)
2014812655,14-0926,08/15/2014,08-August,6-Friday,08:58,0800 Hours,District 1 (Central),PLEASANT HILL,POLK,IA 163,IA 163/E UNIVERSITY AVE & N HICKORY BLVD,Collision with:  Vehicle in traffic,On Roadway,"Sideswipe, same direction",FTYROW:  From yield sign,None Indicated,,Daylight,Wet,Rain,None apparent,Intersection:  Four-way intersection,Paved,,Property Damage Only,0,0,0,0,0,0,6000,2,6,,POINT (-93.517020054017 41.599321744304)
2014812732,2014-3919,08/15/2014,08-August,6-Friday,12:33,1200 Hours,District 4 (Southwest),WAUKEE,DALLAS,US 6,US 6/HICKMAN AVE,Collision with:  Vehicle in traffic,On Roadway,Rear-end (front to rear),Other (explain in narrative):  Other,None Indicated,,Daylight,Wet,Rain,None apparent,Non-intersection:  Non-junction/no special feature,Paved,,Possible/Unknown,0,1,0,0,1,0,1500,2,2,,POINT (-93.854860251852 41.614960063174)
2014812577,2014081506,08/15/2014,08-August,6-Friday,19:06,1900 Hours,District 4 (Southwest),SHENANDOAH,PAGE,US 59,US 59/FREMONT ST,Collision with:  Vehicle in traffic,On Roadway,Rear-end (front to rear),Separation of units,None Indicated,,Daylight,Wet,Rain,"Surface condition (e.g., wet, icy)",Non-intersection:  Non-junction/no special feature,Paved,,Property Damage Only,0,0,0,0,0,0,2000,2,4,,POINT (-95.385054036145 40.761063362724)
2014813706,14-003754,08/15/2014,08-August,6-Friday,15:29,1500 Hours,District 1 (Central),AMES,STORY,US 69,US 69/LINCOLN WAY & CLARK AVE & S WALNUT ST,Collision with:  Vehicle in traffic,On Roadway,"Angle, oncoming left turn",FTYROW:  Making left turn,None Indicated,,Daylight,Wet,Rain,Other (explain in narrative),Intersection:  Four-way intersection,Paved,,Property Damage Only,0,0,0,0,0,0,3500,2,2,,POINT (-93.616876268892 42.022910487938)
2014814058,1-14-000309,08/15/2014,08-August,6-Friday,14:30,1400 Hours,District 4 (Southwest),,SHELBY,US 59,US 59,Collision with:  Animal,,,Animal,None Indicated,,,,,,,Paved,,Property Damage Only,0,0,0,0,0,0,2000,1,1,,POINT (-95.334957869065 41.564204142614)
2014812407,20140023779,08/15/2014,08-August,6-Friday,11:30,1100 Hours,District 1 (Central),DES MOINES,POLK,IA 163,IA 163/E UNIVERSITY AVE & E 36TH ST & IOWA STATE FAIRGROUNDS,Collision with:  Vehicle in traffic,On Roadway,Rear-end (front to rear),Followed too close,None Indicated,,Daylight,Wet,Rain,None apparent,Non-intersection:  Non-junction/no special feature,Paved,,Property Damage Only,0,0,0,0,0,0,3200,3,2,,POINT (-93.545626469455 41.600648711906)
2014812986,2014047952,08/15/2014,08-August,6-Friday,23:09,2300 Hours,District 4 (Southwest),COUNCIL BLUFFS,POTTAWATTAMIE,I-80,I-80,Collision with fixed object:  Guardrail - face,Shoulder,Non-collision (single vehicle),Swerving/Evasive Action,Drug,,Dark - roadway not lighted,Wet,Rain,None apparent,Non-intersection:  Other non-intersection (explain in narrative),Paved,,Property Damage Only,0,0,0,0,0,0,5000,1,2,,POINT (-95.820728243212 41.244059789452)
2014812699,14-2503,08/15/2014,08-August,6-Friday,08:50,0800 Hours,District 1 (Central),FORT DODGE,WEBSTER,,S 21ST ST,Collision with:  Vehicle in traffic,On Roadway,Rear-end (front to rear),Other (explain in narrative):  Other,None Indicated,,Daylight,Dry,Cloudy,None apparent,Intersection:  Four-way intersection,Paved,,Property Damage Only,0,0,0,0,0,0,3000,2,2,,POINT (-94.169446890166 42.500993960357)
2014813963,20142961,08/15/2014,08-August,6-Friday,23:00,2300 Hours,District 1 (Central),,GRUNDY,,120TH ST,Collision with fixed object:  Ditch,On Roadway,Non-collision (single vehicle),Swerving/Evasive Action,None Indicated,,Dark - roadway not lighted,"Mud, dirt",Unknown,None apparent,Non-intersection:  Non-junction/no special feature,Unpaved,,Property Damage Only,0,0,0,0,0,0,10000,1,2,,POINT (-92.56633271195 42.527808357173)
2014812702,14-2512,08/15/2014,08-August,6-Friday,15:30,1500 Hours,District 1 (Central),FORT DODGE,WEBSTER,,CENTRAL AVE,Collision with:  Vehicle in traffic,On Roadway,Rear-end (front to rear),Driving too fast for conditions,None Indicated,,Daylight,Wet,Rain,None apparent,Non-intersection:  Non-junction/no special feature,Paved,,Possible/Unknown,0,1,0,0,1,0,1000,2,3,,POINT (-94.177782380954 42.506113889227)
2014812406,20140023773,08/15/2014,08-August,6-Friday,10:10,1000 Hours,District 1 (Central),DES MOINES,POLK,I-235,I-235,Collision with fixed object:  Concrete traffic barrier (median or right side),On Roadway,Non-collision (single vehicle),Lost Control,None Indicated,,Daylight,Wet,Rain,Ruts/holes/bumps,Non-intersection:  Non-junction/no special feature,Paved,,Property Damage Only,0,0,0,0,0,0,10000,1,1,,POINT (-93.633582979094 41.59545081315)
2014813328,14-004718,08/15/2014,08-August,6-Friday,11:08,1100 Hours,District 2 (Northeast),,HANCOCK,US 18,US 18 & VAIL AVE,Collision with:  Vehicle in traffic,On Roadway,Rear-end (front to rear),FTYROW:  Other (explain in narrative),None Indicated,,Daylight,Dry,Cloudy,None apparent,Non-intersection:  Non-junction/no special feature,Paved,,Property Damage Only,0,0,0,0,0,0,2100,2,4,,POINT (-93.557043359287 43.114954529918)
2014812644,14-3992,08/15/2014,08-August,6-Friday,15:37,1500 Hours,District 1 (Central),WEST DES MOINES,POLK,I-235,I-235 & 22ND ST,Collision with:  Vehicle in traffic,On Roadway,Broadside (front to side),Ran Traffic Signal,None Indicated,,Daylight,Wet,Cloudy,None apparent,Intersection:  Intersection with ramp,Paved,,Possible/Unknown,0,1,0,0,1,0,20000,2,3,,POINT (-93.736134477005 41.59199363224)
2014812589,14-003506,08/15/2014,08-August,6-Friday,15:45,1500 Hours,District 1 (Central),ANKENY,POLK,,W 1ST ST & SW SCHOOL ST & NW SCHOOL ST,Collision with:  Vehicle in traffic,On Roadway,"Angle, oncoming left turn",FTYROW:  Making left turn,None Indicated,,Daylight,Dry,Cloudy,None apparent,Intersection:  Other intersection (explain in narrative),Paved,,Property Damage Only,0,0,0,0,0,0,3000,2,4,,POINT (-93.603201619519 41.731865203958)
2014812679,2014-56987,08/15/2014,08-August,6-Friday,11:06,1100 Hours,District 6 (East Central),DAVENPORT,SCOTT,,NORTHWEST BLVD,Collision with:  Vehicle in traffic,On Roadway,Rear-end (front to rear),Followed too close,None Indicated,,Daylight,Dry,Cloudy,None apparent,Non-intersection:  Non-junction/no special feature,Paved,,Property Damage Only,0,0,0,0,0,0,6500,2,2,,POINT (-90.584650007192 41.567685263729)
2014812561,201412023,08/15/2014,08-August,6-Friday,23:16,2300 Hours,District 6 (East Central),CEDAR RAPIDS,LINN,,33RD AVE SW & J ST SW,Collision with:  Vehicle in traffic,On Roadway,Rear-end (front to rear),Followed too close,Alcohol (Statutory),,Dark - roadway lighted,Dry,Clear,None apparent,Non-intersection:  Non-junction/no special feature,Paved,,Property Damage Only,0,0,0,0,0,0,2000,2,5,,POINT (-91.666831102807 41.944990176673)
2014812734,14-007399,08/15/2014,08-August,6-Friday,09:24,0900 Hours,District 6 (East Central),INDEPENDENCE,BUCHANAN,,6TH ST NE & 1ST AVE NE,Collision with:  Vehicle in traffic,On Roadway,Broadside (front to side),Ran Stop Sign,None Indicated,,Daylight,Dry,Cloudy,None apparent,Intersection:  Four-way intersection,Paved,,Possible/Unknown,0,2,0,0,2,0,6000,2,3,,POINT (-91.894785771183 42.473515511591)