Iowa DOT Case Number,Law Enforcement Case Number,Date of Crash,Month of Crash,Day of Week,Time of Crash,Hour,DOT District,City Name,County Name,Route with System,Location Description,First Harmful Event,Location of First Harmful Event,Manner of Crash/Collision,Major Cause,Drug or Alcohol ,Environmental Conditions,Light Conditions,Surface Conditions,Weather Conditions,Roadway Contribution,Roadway Type,Roadway Surface,Work Zone,Crash Severity,Number of Fatalities,Number of Injuries,Number of Major Injuries,Number of Minor Injuries,Number of Possible Injuries,Number of Unknown Injuries,Amount of Property Damage,Number of Vehicles Involved,Total Number of Occupants,Travel Direction,Location
2014812484,W14-082030,08/15/2014,08-August,6-Friday,15:09,1500 Hours,District 2 (Northeast),WATERLOO,BLACK HAWK,,W 9TH ST & SOUTH ST,Collision with:  Vehicle in traffic,On Roadway,Broadside (front to side),FTYROW:  From stop sign,None Indicated,,Daylight,Dry,Cloudy,None apparent,Intersection:  Four-way intersection,Paved,,Property Damage Only,0,0,0,0,0,0,3000,2,3,,POINT (-92.338207358191 42.488515335945)
2014812653,14-001882,08/15/2014,08-August,6-Friday,18:40,1800 Hours,District 1 (Central),ALTOONA,POLK,,9TH ST SE & 3RD AVE SE,Collision with:  Vehicle in traffic,On Roadway,Broadside (front to side),FTYROW:  From stop sign,None Indicated,,Daylight,Wet,Cloudy,None apparent,Unknown,Paved,,Property Damage Only,0,0,0,0,0,0,6000,2,3,,POINT (-93.46219131321 41.642726886236)
2014812420,14-3987,08/15/2014,08-August,6-Friday,12:07,1200 Hours,District 1 (Central),WEST DES MOINES,POLK,,MILLS CIVIC PKWY,Collision with:  Vehicle in traffic,On Roadway,Rear-end (front to rear),Driver Distraction:  Manual operation of an electronic communication device,None Indicated,,Daylight,Wet,Rain,None apparent,Non-intersection:  Non-junction/no special feature,Paved,,Property Damage Only,0,0,0,0,0,0,11000,3,4,,POINT (-93.787471100486 41.559083307469)
2014813421,14-4985,08/15/2014,08-August,6-Friday,12:30,1200 Hours,District 3 (Northwest),CHEROKEE,CHEROKEE,US 59,US 59/N 2ND ST & W CHERRY ST & E CHERRY ST,Collision with:  Non-motorist (see non-motorist section - NOT a unit),Outside trafficway,Non-collision (single vehicle),FTYROW:  To pedestrian,None Indicated,,Daylight,Wet,Rain,Other (explain in narrative),Non-intersection:  Driveway access (within),Paved,,Possible/Unknown,0,1,0,0,1,0,0,1,1,,POINT (-95.551166569994 42.752668365465)
2014812871,14-9478,08/15/2014,08-August,6-Friday,23:52,2300 Hours,District 3 (Northwest),,SIOUX,IA 60,IA 60/IOWA 60,Collision with:  Animal,,,Animal,None Indicated,,,,,,,Paved,,Property Damage Only,0,0,0,0,0,0,4000,1,1,,POINT (-96.014075053183 42.974760830485)
2014812909,2014004816,08/15/2014,08-August,6-Friday,12:10,1200 Hours,District 6 (East Central),,BENTON,,Co Rd E44/70 ST,Collision with:  Vehicle in traffic,On Roadway,Broadside (front to side),FTYROW:  From driveway,None Indicated,,Daylight,Dry,Clear,None apparent,Non-intersection:  Driveway access (within),Paved,,Minor Injury,0,2,0,1,1,0,4000,2,3,,POINT (-92.018919705043 42.007198736597)
2014820140,,08/15/2014,08-August,6-Friday,17:07,1700 Hours,District 2 (Northeast),CLEAR LAKE,CERRO GORDO,US 18,US 18,Collision with:  Vehicle in traffic,On Roadway,Rear-end (front to rear),Other (explain in narrative):  Other,None Indicated,,Daylight,Dry,Clear,None apparent,Non-intersection:  Non-junction/no special feature,Paved,,Possible/Unknown,0,1,0,0,1,0,3500,2,6,,POINT (-93.38104529668 43.143528031774)
2014812881,14-26645,08/15/2014,08-August,6-Friday,18:49,1800 Hours,District 3 (Northwest),SIOUX CITY,WOODBURY,I-29,I-29 & LEECH AVE & I-29 TO DACE AVE RAMP,Collision with:  Vehicle in traffic,On Roadway,Broadside (front to side),FTYROW:  From stop sign,None Indicated,,Daylight,Dry,Clear,None apparent,Intersection:  Four-way intersection,Paved,,Possible/Unknown,0,1,0,0,1,0,6000,2,4,,POINT (-96.394632181325 42.487699424854)
2014812627,20140023817,08/15/2014,08-August,6-Friday,15:54,1500 Hours,District 1 (Central),DES MOINES,POLK,US 6,US 6/EUCLID AVE & 3RD ST,Collision with:  Vehicle in traffic,On Roadway,"Sideswipe, same direction",Unknown,None Indicated,,Daylight,Wet,Rain,None apparent,Intersection:  Four-way intersection,Paved,,Property Damage Only,0,0,0,0,0,0,3000,2,3,,POINT (-93.621125151605 41.627674551029)
2014813784,14007431,08/15/2014,08-August,6-Friday,23:35,2300 Hours,District 6 (East Central),,BUCHANAN,,Co Rd D48/330TH ST & GENTRY AVE,Collision with fixed object:  Ditch,Outside trafficway,Non-collision (single vehicle),Swerving/Evasive Action,None Indicated,,Dark - roadway not lighted,Dry,Clear,None apparent,Non-intersection:  Non-junction/no special feature,Paved,,Minor Injury,0,1,0,1,0,0,7000,1,1,,POINT (-91.962969257726 42.312037358463)
2014813003,2014047830,08/15/2014,08-August,6-Friday,10:30,1000 Hours,District 5 (Southeast),,DECATUR,I-35,I-35,Collision with fixed object:  Ditch,Outside trafficway,Non-collision (single vehicle),Driving too fast for conditions,None Indicated,,Daylight,Wet,Rain,None apparent,Non-intersection:  Non-junction/no special feature,Paved,,Property Damage Only,0,0,0,0,0,0,2500,1,2,,POINT (-93.843647573024 40.721735160116)
2014812468,14-034406,08/15/2014,08-August,6-Friday,13:09,1300 Hours,District 4 (Southwest),COUNCIL BLUFFS,POTTAWATTAMIE,,COLLEGE RD,Collision with:  Vehicle in traffic,On Roadway,"Sideswipe, same direction",Followed too close,None Indicated,,Daylight,Dry,Cloudy,None apparent,Non-intersection:  Non-junction/no special feature,Paved,,Property Damage Only,0,0,0,0,0,0,2500,2,4,,POINT (-95.808589674594 41.269043318262)
2014812480,W14-082025,08/15/2014,08-August,6-Friday,14:29,1400 Hours,District 2 (Northeast),WATERLOO,BLACK HAWK,US 63,US 63/E MULLAN AVE,Collision with:  Vehicle in traffic,On Roadway,Rear-end (front to rear),Driving too fast for conditions,None Indicated,,Daylight,Wet,Clear,None apparent,Non-intersection:  Other non-intersection (explain in narrative),Paved,,Property Damage Only,0,0,0,0,0,0,4000,2,3,,POINT (-92.336640106142 42.512461771434)
2014812383,201411989,08/15/2014,08-August,6-Friday,08:50,0800 Hours,District 6 (East Central),CEDAR RAPIDS,LINN,I-380,I-380,Collision with:  Vehicle in traffic,On Roadway,"Sideswipe, same direction",Other (explain in narrative):  Vision obstructed,None Indicated,,Daylight,Dry,Cloudy,None apparent,Non-intersection:  Non-junction/no special feature,Paved,,Minor Injury,0,1,0,1,0,0,3000,2,2,,POINT (-91.669134054457 41.938090902012)
2014812514,01-14-36274,08/15/2014,08-August,6-Friday,07:45,0700 Hours,District 6 (East Central),DUBUQUE,DUBUQUE,,AUBURN ST,Collision with:  Parked motor vehicle,On Roadway,Unknown,Unknown,None Indicated,,Daylight,Dry,Clear,None apparent,Non-intersection:  Non-junction/no special feature,Paved,,Property Damage Only,0,0,0,0,0,0,2700,2,777,,POINT (-90.69072531187 42.498260402445)
2014812726,2014008754,08/15/2014,08-August,6-Friday,18:04,1800 Hours,District 6 (East Central),IOWA CITY,JOHNSON,IA 1,IA 1/DODGE ST & E BLOOMINGTON ST,Collision with:  Vehicle in traffic,On Roadway,"Sideswipe, same direction",Made improper turn,None Indicated,,Daylight,Dry,Cloudy,None apparent,Intersection:  Other intersection (explain in narrative),Paved,,Property Damage Only,0,0,0,0,0,0,3500,2,2,,POINT (-91.52571981883 41.66461727275)
2014812857,20140024139,08/15/2014,08-August,6-Friday,20:15,2000 Hours,District 1 (Central),DES MOINES,POLK,,DES MOINES ST,Collision with:  Parked motor vehicle,On Roadway,"Sideswipe, same direction",Unknown,None Indicated,,Dark - roadway lighted,Dry,Clear,None apparent,Non-intersection:  Non-junction/no special feature,Paved,,Property Damage Only,0,0,0,0,0,0,2435,2,1,,POINT (-93.580208088968 41.596390099816)
2014812710,14-4241,08/15/2014,08-August,6-Friday,12:35,1200 Hours,District 6 (East Central),HIAWATHA,LINN,,BLAIRS FERRY RD NE & CENTER POINT RD NE,Collision with:  Vehicle in traffic,On Roadway,"Sideswipe, same direction",Other (explain in narrative):  Other,None Indicated,,Daylight,Dry,Clear,None apparent,Intersection:  Four-way intersection,Paved,,Property Damage Only,0,0,0,0,0,0,6000,2,3,,POINT (-91.668302466931 42.034774280173)
2014813142,201400039771,08/15/2014,08-August,6-Friday,17:48,1700 Hours,District 5 (Southeast),OTTUMWA,WAPELLO,,WAPELLO ST,Collision with:  Vehicle in traffic,On Roadway,Rear-end (front to rear),Crossed centerline (undivided),Alcohol (Statutory),,Daylight,Wet,Rain,None apparent,Non-intersection:  Non-junction/no special feature,Paved,,Possible/Unknown,0,1,0,0,1,0,10000,2,3,,POINT (-92.431504255693 41.00895701347)
2014812984,2014047765,08/15/2014,08-August,6-Friday,08:07,0800 Hours,District 1 (Central),,POLK,I-35,I-35,Collision with:  Vehicle in traffic,On Roadway,"Sideswipe, same direction",Unknown,None Indicated,,Daylight,Dry,Cloudy,None apparent,Interchange-related:  On-ramp merge area,Paved,,Property Damage Only,0,0,0,0,0,0,2100,2,3,,POINT (-93.591080262218 41.650386942368)
2014812619,20140023815,08/15/2014,08-August,6-Friday,15:24,1500 Hours,District 1 (Central),DES MOINES,POLK,IA 163,IA 163/E UNIVERSITY AVE & HUBBELL AVE,Collision with:  Vehicle in traffic,On Roadway,"Sideswipe, same direction",Made improper turn,None Indicated,,Daylight,Wet,Rain,None apparent,Intersection:  Four-way intersection,Paved,,Property Damage Only,0,0,0,0,0,0,2500,2,2,,POINT (-93.578528969717 41.600505864068)
2014812565,14017220,08/15/2014,08-August,6-Friday,16:44,1600 Hours,District 6 (East Central),MARION,LINN,,7TH AVE,Collision with:  Vehicle in traffic,On Roadway,Rear-end (front to rear),Other (explain in narrative):  Other,None Indicated,,Daylight,Dry,Cloudy,None apparent,Non-intersection:  Non-junction/no special feature,Paved,,Property Damage Only,0,0,0,0,0,0,7500,3,5,,POINT (-91.582428383049 42.033268310662)
2014812472,14-006510,08/15/2014,08-August,6-Friday,11:07,1100 Hours,District 5 (Southeast),COLUMBUS JUNCTION,LOUISA,,GAMBLE ST & 2ND ST,Collision with:  Vehicle in traffic,On Roadway,"Sideswipe, opposite direction",Crossed centerline (undivided),None Indicated,,Daylight,Dry,Cloudy,None apparent,Intersection:  Four-way intersection,Paved,,Property Damage Only,0,0,0,0,0,0,3700,2,3,,POINT (-91.361844032995 41.271501163572)
2014812586,14-5402,08/15/2014,08-August,6-Friday,18:29,1800 Hours,District 1 (Central),ALTOONA,POLK,US 6,US 6/SE RAMP,Collision with:  Vehicle in traffic,On Roadway,Rear-end (front to rear),Driver Distraction:  Manual operation of an electronic communication device,None Indicated,,Daylight,Dry,Clear,None apparent,Non-intersection:  Non-junction/no special feature,Paved,,Property Damage Only,0,0,0,0,0,0,4000,2,3,,POINT (-93.508454469201 41.642387443841)
2014816060,,08/15/2014,08-August,6-Friday,14:08,1400 Hours,District 5 (Southeast),FORT MADISON,LEE,,AVE L,Collision with:  Vehicle in traffic,On Roadway,Rear-end (front to rear),Followed too close,None Indicated,,Daylight,Dry,Clear,None apparent,Non-intersection:  Non-junction/no special feature,Paved,,Property Damage Only,0,0,0,0,0,0,2000,2,2,,POINT (-91.356676094358 40.62660489525)
2014816054,,08/15/2014,08-August,6-Friday,16:30,1600 Hours,District 1 (Central),GOWRIE,WEBSTER,,LINCOLN ST,Collision with:  Vehicle in traffic,On Roadway,Broadside (front to side),FTYROW:  From parked position,None Indicated,,Daylight,Dry,Cloudy,None apparent,Non-intersection:  Non-junction/no special feature,Paved,,Property Damage Only,0,0,0,0,0,0,5000,2,4,,POINT (-94.295871196275 42.278864842083)
2014812983,2014047751,08/15/2014,08-August,6-Friday,06:10,0600 Hours,District 5 (Southeast),,WARREN,I-35,I-35,Collision with fixed object:  Ditch,On Roadway,Non-collision (single vehicle),Swerving/Evasive Action,None Indicated,,Dawn,Dry,Clear,None apparent,Non-intersection:  Non-junction/no special feature,Paved,,Property Damage Only,0,0,0,0,0,0,2500,1,1,,POINT (-93.780647249451 41.369370822789)
2014812515,01-14-36296,08/15/2014,08-August,6-Friday,10:54,1000 Hours,District 6 (East Central),DUBUQUE,DUBUQUE,US 20,US 20/DODGE ST & IA 32/IA32 NW ARTERIAL,Collision with:  Vehicle in traffic,On Roadway,Rear-end (front to rear),Lost Control,None Indicated,,Daylight,Dry,Cloudy,None apparent,Intersection:  Four-way intersection,Paved,,Minor Injury,0,1,0,1,0,0,14000,3,4,,POINT (-90.739022103085 42.488552633559)
2014812621,20140023822,08/15/2014,08-August,6-Friday,16:35,1600 Hours,District 1 (Central),DES MOINES,POLK,,E WALNUT ST & E 27TH ST,Collision with:  Vehicle in traffic,On Roadway,Broadside (front to side),FTYROW:  From stop sign,None Indicated,,Daylight,Wet,Rain,None apparent,Intersection:  Four-way intersection,Paved,,Property Damage Only,0,0,0,0,0,0,6500,2,5,,POINT (-93.565531530749 41.593454808441)
2014814057,1-14-000308,08/15/2014,08-August,6-Friday,10:30,1000 Hours,District 4 (Southwest),HARLAN,SHELBY,IA 44,IA 44/CHATBURN AVE,Collision with:  Vehicle in traffic,On Roadway,Broadside (front to side),FTYROW:  From stop sign,None Indicated,,Daylight,Dry,Cloudy,None apparent,Non-intersection:  Driveway access (within),Paved,,Property Damage Only,0,0,0,0,0,0,4000,2,3,,POINT (-95.326909175201 41.645929331816)
2014812774,14-16737,08/15/2014,08-August,6-Friday,00:11,0000 Hours,District 6 (East Central),,SCOTT,I-80,I-80,Collision with:  Vehicle in traffic,On Roadway,Unknown,Unknown,None Indicated,,Dark - roadway not lighted,Dry,Clear,None apparent,Non-intersection:  Non-junction/no special feature,Paved,,Property Damage Only,0,0,0,0,0,0,2000,2,2,,POINT (-90.881373143317 41.632999720472)
2014812761,2014008751,08/15/2014,08-August,6-Friday,16:22,1600 Hours,District 6 (East Central),IOWA CITY,JOHNSON,,E PRENTISS ST & S LINN ST,Collision with:  Vehicle in traffic,On Roadway,"Sideswipe, same direction",Illegally Parked/Unattended,None Indicated,,Daylight,Dry,Clear,None apparent,Non-intersection:  Non-junction/no special feature,Paved,,Property Damage Only,0,0,0,0,0,0,4000,2,1,,POINT (-91.531741462931 41.654399534283)
2014812562,201412002,08/15/2014,08-August,6-Friday,14:22,1400 Hours,District 6 (East Central),CEDAR RAPIDS,LINN,,3RD AVE SE & 2ND ST SE,Collision with:  Vehicle in traffic,On Roadway,Rear-end (front to rear),Followed too close,None Indicated,,Daylight,Dry,Cloudy,None apparent,Intersection:  Other intersection (explain in narrative),Paved,,Property Damage Only,0,0,0,0,0,0,4000,2,4,,POINT (-91.666984894339 41.976973923622)
2014813030,081514-193,08/15/2014,08-August,6-Friday,21:10,2100 Hours,District 3 (Northwest),,BUENA VISTA,,Co Rd M50/160TH AVE,Collision with:  Animal,,,Animal,None Indicated,,,,,,,Paved,,Property Damage Only,0,0,0,0,0,0,2000,1,1,,POINT (-95.092321991893 42.801011918142)
2014812753,S14-003212,08/15/2014,08-August,6-Friday,12:00,1200 Hours,District 4 (Southwest),,POTTAWATTAMIE,I-29,I-29,Collision with:  Vehicle in traffic,On Roadway,"Sideswipe, same direction",Unknown,None Indicated,,Daylight,Unknown,Unknown,Unknown,Non-intersection:  Non-junction/no special feature,Paved,,Possible/Unknown,0,1,0,0,0,1,1500,2,2,,POINT (-95.876883921368 41.316340922007)
2014817224,14-071,08/15/2014,08-August,6-Friday,16:40,1600 Hours,District 3 (Northwest),SIOUX CENTER,SIOUX,US 75,US 75/MAIN AVE,Collision with:  Vehicle in traffic,On Roadway,Rear-end (front to rear),Followed too close,None Indicated,,Daylight,Dry,Cloudy,None apparent,Intersection:  Shared use path or trail,Paved,,Possible/Unknown,0,1,0,0,1,0,5000,2,2,,POINT (-96.175481898085 43.078171529919)
2014812724,14-28686,08/15/2014,08-August,6-Friday,17:55,1700 Hours,District 5 (Southeast),BURLINGTON,DES MOINES,,E ROOSEVELT FRONTAGE,Collision with:  Vehicle in traffic,On Roadway,Broadside (front to side),FTYROW:  Making left turn,None Indicated,,Daylight,Dry,Cloudy,None apparent,Non-intersection:  Driveway access (within),Paved,,Property Damage Only,0,0,0,0,0,0,3700,2,3,,POINT (-91.141167159341 40.809071651868)
2014812904,201402857,08/15/2014,08-August,6-Friday,23:41,2300 Hours,District 6 (East Central),,LINN,US 151,US 151 & IA 100/COLLINS RD SE & SECRIST RD,Collision with:  Vehicle in traffic,On Roadway,Rear-end (front to rear),Followed too close,None Indicated,,Dark - roadway lighted,Dry,Clear,None apparent,Intersection:  Four-way intersection,Paved,,Property Damage Only,0,0,0,0,0,0,3000,2,4,,POINT (-91.550211048314 42.019905720092)
2014812956,14-010271,08/15/2014,08-August,6-Friday,17:10,1700 Hours,District 2 (Northeast),WADENA,FAYETTE,,EMPIRE RD,Collision with fixed object:  Ditch,Shoulder,Non-collision (single vehicle),Ran off road - right,Alcohol (< Statutory),,Daylight,Dry,Clear,None apparent,Non-intersection:  Non-junction/no special feature,Unpaved,,Property Damage Only,0,0,0,0,0,0,6000,1,1,,POINT (-91.691626729816 42.859338824613)
2014812759,145924,08/15/2014,08-August,6-Friday,21:50,2100 Hours,District 4 (Southwest),,DALLAS,,Co Rd P46/EL PASO AVE,Collision with:  Animal,,,Animal,None Indicated,,,,,,,Paved,,Property Damage Only,0,0,0,0,0,0,1500,1,1,,POINT (-94.18821730921 41.632074285439)
2014812560,201412011,08/15/2014,08-August,6-Friday,17:41,1700 Hours,District 6 (East Central),CEDAR RAPIDS,LINN,,12TH AVE SW,Collision with:  Parked motor vehicle,On Roadway,Rear-end (front to rear),Lost Control,None Indicated,,Daylight,Dry,Cloudy,None apparent,Non-intersection:  Non-junction/no special feature,Paved,,Property Damage Only,0,0,0,0,0,0,3200,2,1,,POINT (-91.720054749832 41.965626378169)
2014812623,20140023828,08/15/2014,08-August,6-Friday,17:41,1700 Hours,District 1 (Central),DES MOINES,POLK,,GRAND AVE,Collision with:  Vehicle in traffic,On Roadway,"Sideswipe, same direction",Improper or erratic lane changing,None Indicated,,Daylight,Wet,Cloudy,None apparent,Non-intersection:  Non-junction/no special feature,Paved,,Property Damage Only,0,0,0,0,0,0,2200,2,6,,POINT (-93.643816750304 41.584450157551)
2014813547,14-005704,08/15/2014,08-August,6-Friday,14:45,1400 Hours,District 1 (Central),,HAMILTON,US 20,US 20,Collision with fixed object:  Tree,Roadside,Non-collision (single vehicle),Swerving/Evasive Action,None Indicated,,Daylight,Wet,Rain,None apparent,Non-intersection:  Non-junction/no special feature,Paved,,Possible/Unknown,0,2,0,0,2,0,1501,1,2,,POINT (-93.754537260632 42.448928881554)
2014812772,2014-3913,08/15/2014,08-August,6-Friday,07:30,0700 Hours,District 4 (Southwest),WAUKEE,DALLAS,,UNIVERSITY AVE & 98TH ST & SE WACO PL,Collision with:  Vehicle in traffic,On Roadway,Broadside (front to side),FTYROW:  From stop sign,None Indicated,,Daylight,Wet,Cloudy,None apparent,Intersection:  Four-way intersection,Paved,,Property Damage Only,0,0,0,0,0,0,5500,2,2,,POINT (-93.84341236509 41.600407977211)
2014812624,20140023808,08/15/2014,08-August,6-Friday,14:49,1400 Hours,District 1 (Central),DES MOINES,POLK,US 6,US 6/MERLE HAY RD & HOLCOMB AVE,Collision with:  Vehicle in traffic,On Roadway,"Sideswipe, same direction",Other (explain in narrative):  Vision obstructed,None Indicated,,Daylight,Wet,Rain,None apparent,Non-intersection:  Non-junction/no special feature,Paved,,Property Damage Only,0,0,0,0,0,0,7580,2,4,,POINT (-93.69772993983 41.616678687736)
2014812908,2014-004842,08/15/2014,08-August,6-Friday,21:25,2100 Hours,District 6 (East Central),,BENTON,US 30,US 30/73 ST,Non-collision events:  Other non-collision (explain in narrative),On Roadway,Non-collision (single vehicle),Equipment failure,None Indicated,,Dark - roadway not lighted,Dry,Clear,None apparent,Non-intersection:  Non-junction/no special feature,Paved,,Property Damage Only,0,0,0,0,0,0,1500,2,3,,POINT (-92.22111307064 41.964121148119)
2014812516,01-14-36297,08/15/2014,08-August,6-Friday,10:59,1000 Hours,District 6 (East Central),DUBUQUE,DUBUQUE,,CENTER GROVE DR & CEDAR CROSS RD,Collision with:  Vehicle in traffic,On Roadway,Rear-end (front to rear),Lost Control,None Indicated,,Daylight,Dry,Clear,None apparent,Non-intersection:  Non-junction/no special feature,Paved,,Property Damage Only,0,0,0,0,0,0,7000,2,2,,POINT (-90.714993068426 42.491182656076)
2014813783,14007409,08/15/2014,08-August,6-Friday,16:03,1600 Hours,District 6 (East Central),INDEPENDENCE,BUCHANAN,IA 150,IA 150/JAMESTOWN AVE,Collision with:  Vehicle in traffic,On Roadway,Rear-end (front to rear),Followed too close,None Indicated,,Daylight,Dry,Cloudy,None apparent,Non-intersection:  Driveway access (within),Paved,,Property Damage Only,0,0,0,0,0,0,2500,2,2,,POINT (-91.88945162066 42.487602986791)
2014815876,2014-57076,08/15/2014,08-August,6-Friday,16:10,1600 Hours,District 6 (East Central),DAVENPORT,SCOTT,,W CENTRAL PARK AVE,Collision with:  Vehicle in traffic,On Roadway,Broadside (front to side),FTYROW:  Making left turn,None Indicated,,Daylight,Dry,Clear,None apparent,Non-intersection:  Alley,Paved,,Property Damage Only,0,0,0,0,0,0,4500,2,2,,POINT (-90.581507477838 41.545517490723)
2014812626,20140023805,08/15/2014,08-August,6-Friday,13:38,1300 Hours,District 1 (Central),DES MOINES,POLK,US 69,US 69/E 14TH ST & GUTHRIE AVE,Collision with:  Vehicle in traffic,On Roadway,"Sideswipe, same direction",Unknown,None Indicated,,Daylight,Wet,Rain,Unknown,Intersection:  Four-way intersection,Paved,,Property Damage Only,0,0,0,0,0,0,1500,2,2,,POINT (-93.600503096643 41.614993898257)
2014812595,14-0982,08/15/2014,08-August,6-Friday,10:40,1000 Hours,District 1 (Central),CLIVE,POLK,US 6,US 6/HICKMAN RD,Collision with:  Vehicle in traffic,On Roadway,Rear-end (front to rear),Driver Distraction:  Reaching for object(s)/fallen object(s),None Indicated,,Daylight,Wet,Rain,None apparent,Non-intersection:  Driveway access (within),Paved,,Possible/Unknown,0,1,0,0,1,0,4600,2,6,,POINT (-93.780420002095 41.614895059823)
2014812666,2014-15716,08/15/2014,08-August,6-Friday,16:52,1600 Hours,District 6 (East Central),BETTENDORF,SCOTT,,FALCON AVE & 53RD AVE,Collision with:  Vehicle in traffic,On Roadway,Rear-end (front to rear),Lost Control,None Indicated,,Daylight,Dry,Cloudy,None apparent,Non-intersection:  Non-junction/no special feature,Paved,,Possible/Unknown,0,4,0,0,4,0,2500,3,9,,POINT (-90.50121987875 41.575096828307)
2014812712,14C03780,08/15/2014,08-August,6-Friday,16:04,1600 Hours,District 4 (Southwest),CRESTON,UNION,US 34,US 34/W TAYLOR ST & S ELM ST,Collision with:  Vehicle in traffic,On Roadway,"Sideswipe, same direction",Improper or erratic lane changing,None Indicated,,Daylight,Wet,Rain,None apparent,Non-intersection:  Non-junction/no special feature,Paved,,Possible/Unknown,0,1,0,0,1,0,1200,2,4,,POINT (-94.363837395129 41.049193846628)
2014812625,20140023813,08/15/2014,08-August,6-Friday,15:07,1500 Hours,District 1 (Central),DES MOINES,POLK,,INDIANOLA AVE,Collision with:  Vehicle in traffic,On Roadway,"Sideswipe, same direction",Unknown,None Indicated,,Daylight,Wet,Rain,None apparent,Non-intersection:  Non-junction/no special feature,Paved,,Property Damage Only,0,0,0,0,0,0,1500,2,2,,POINT (-93.597068624141 41.553600271365)
2014812713,AP14-0248,08/15/2014,08-August,6-Friday,16:20,1600 Hours,District 6 (East Central),ANAMOSA,JONES,US 151,US 151 & 130 ST,Collision with:  Vehicle in traffic,On Roadway,Broadside (front to side),FTYROW:  From stop sign,None Indicated,,Daylight,Dry,Clear,None apparent,Intersection:  Four-way intersection,Paved,,Property Damage Only,0,0,0,0,0,0,4000,2,3,,POINT (-91.266812350743 42.117654745577)
2014814072,14-003763,08/15/2014,08-August,6-Friday,22:56,2200 Hours,District 1 (Central),AMES,STORY,,S 4TH ST & GRANDWOOD DR & GRAND AVE,Collision with fixed object:  Utility pole/light support,Roadside,Non-collision (single vehicle),Crossed centerline (undivided),None Indicated,,Dark - roadway lighted,Dry,Clear,None apparent,Intersection:  Four-way intersection,Paved,,Property Damage Only,0,0,0,0,0,0,8000,1,2,,POINT (-93.620622023226 42.019314683952)
2014812372,14120657,08/15/2014,08-August,6-Friday,10:00,1000 Hours,District 6 (East Central),,JOHNSON,,480TH ST,Non-collision events:  Overturn/rollover,Shoulder,Non-collision (single vehicle),Ran off road - right,None Indicated,,Daylight,Dry,Cloudy,None apparent,Non-intersection:  Non-junction/no special feature,Unpaved,,Property Damage Only,0,0,0,0,0,0,5000,1,1,,POINT (-91.600007383488 41.583195883767)
2014812882,14-26651,08/15/2014,08-August,6-Friday,19:32,1900 Hours,District 3 (Northwest),SIOUX CITY,WOODBURY,,DODGE AVE & S PAXTON ST,Collision with fixed object:  Tree,On Roadway,Non-collision (single vehicle),Exceeded authorized speed,None Indicated,,Daylight,Dry,Cloudy,None apparent,Intersection:  T-intersection,Paved,,Possible/Unknown,0,1,0,0,0,1,2200,1,4,,POINT (-96.365608678707 42.4848465091)
2014812421,14-3988,08/15/2014,08-August,6-Friday,13:14,1300 Hours,District 4 (Southwest),WEST DES MOINES,DALLAS,,POMMEL PL & JORDAN CREEK PKWY,Collision with:  Vehicle in traffic,On Roadway,Rear-end (front to rear),Followed too close,None Indicated,,Daylight,Dry,Cloudy,None apparent,Non-intersection:  Non-junction/no special feature,Paved,,Property Damage Only,0,0,0,0,0,0,11000,2,2,,POINT (-93.809179722178 41.578532331446)
2014813141,201400039768,08/15/2014,08-August,6-Friday,17:41,1700 Hours,District 5 (Southeast),OTTUMWA,WAPELLO,IA 149,IA 149/KITTERMAN AVE/WAPELLO ST & W 4TH ST,Collision with:  Vehicle in traffic,On Roadway,"Angle, oncoming left turn",FTYROW:  Making left turn,None Indicated,,Daylight,Wet,Rain,None apparent,Intersection:  Four-way intersection,Paved,,Minor Injury,0,4,0,2,2,0,25000,2,5,,POINT (-92.414286208149 41.022220882823)
2014812622,20140023823,08/15/2014,08-August,6-Friday,16:53,1600 Hours,District 1 (Central),DES MOINES,POLK,,E DIEHL AVE & SE 5TH ST,Collision with:  Vehicle in traffic,On Roadway,Rear-end (front to rear),Followed too close,None Indicated,,Daylight,Wet,Rain,None apparent,Intersection:  T-intersection,Paved,,Property Damage Only,0,0,0,0,0,0,2750,3,6,,POINT (-93.606526103779 41.532689811914)
2014812650,14-0704,08/15/2014,08-August,6-Friday,12:07,1200 Hours,District 1 (Central),WINDSOR HEIGHTS,POLK,I-235,I-235 & 73RD ST,Collision with:  Vehicle in traffic,On Roadway,"Angle, oncoming left turn",FTYROW:  Making left turn,None Indicated,,Daylight,Wet,Cloudy,"Surface condition (e.g., wet, icy)",Intersection:  Intersection with ramp,Paved,,Property Damage Only,0,0,0,0,0,0,7000,2,2,,POINT (-93.717450902433 41.595039091718)
2014812471,2014-001247,08/15/2014,08-August,6-Friday,15:17,1500 Hours,District 6 (East Central),BELLE PLAINE,BENTON,,6TH ST & 6TH AVE,Collision with:  Vehicle in traffic,On Roadway,"Sideswipe, same direction",FTYROW:  From yield sign,None Indicated,,Daylight,Dry,Cloudy,None apparent,Unknown,Paved,,Property Damage Only,0,0,0,0,0,0,9000,2,4,,POINT (-92.279727504159 41.888982630796)