Iowa DOT Case Number,Law Enforcement Case Number,Date of Crash,Month of Crash,Day of Week,Time of Crash,Hour,DOT District,City Name,County Name,Route with System,Location Description,First Harmful Event,Location of First Harmful Event,Manner of Crash/Collision,Major Cause,Drug or Alcohol ,Environmental Conditions,Light Conditions,Surface Conditions,Weather Conditions,Roadway Contribution,Roadway Type,Roadway Surface,Work Zone,Crash Severity,Number of Fatalities,Number of Injuries,Number of Major Injuries,Number of Minor Injuries,Number of Possible Injuries,Number of Unknown Injuries,Amount of Property Damage,Number of Vehicles Involved,Total Number of Occupants,Travel Direction,Location
2014812955,14-010250,08/15/2014,08-August,6-Friday,10:29,1000 Hours,District 2 (Northeast),,FAYETTE,IA 150,IA 150/LINCOLN RD,Collision with:  Vehicle in traffic,Shoulder,Unknown,Crossed centerline (undivided),None Indicated,,Daylight,Dry,Cloudy,None apparent,Intersection:  T-intersection,Paved,,Major Injury,0,1,1,0,0,0,5000,2,2,,POINT (-91.823986905289 43.013743820002)
2014812486,W14-082042,08/15/2014,08-August,6-Friday,15:54,1500 Hours,District 2 (Northeast),WATERLOO,BLACK HAWK,,WASHINGTON ST & W 4TH ST,Collision with:  Vehicle in traffic,On Roadway,Rear-end (front to rear),Followed too close,None Indicated,,Daylight,Dry,Cloudy,None apparent,Intersection:  Four-way intersection,Paved,,Possible/Unknown,0,1,0,0,1,0,2500,2,2,,POINT (-92.341696424838 42.493461624552)
2014813400,14-1804,08/15/2014,08-August,6-Friday,15:56,1500 Hours,District 1 (Central),URBANDALE,POLK,,DOUGLAS PKWY,Collision with:  Vehicle in traffic,On Roadway,Broadside (front to side),Ran Traffic Signal,None Indicated,,Daylight,Wet,Cloudy,None apparent,Intersection:  T-intersection,Paved,,Minor Injury,0,1,0,1,0,0,14000,2,2,,POINT (-93.780812463466 41.629520025734)
2014812575,14004835,08/16/2014,08-August,7-Saturday,00:01,0000 Hours,District 3 (Northwest),SHELDON,OBRIEN,,5TH ST & E 5TH ST & WASHINGTON AVE,Collision with:  Vehicle in traffic,Outside trafficway,Rear-end (front to rear),Other (explain in narrative):  No improper action,None Indicated,,Dark - unknown roadway lighting,Unknown,Unknown,Unknown,Non-intersection:  Non-junction/no special feature,Paved,,Property Damage Only,0,0,0,0,0,0,7000,2,1,,POINT (-95.8421229047 43.183324726306)
2014812599,20140023912,08/16/2014,08-August,7-Saturday,13:43,1300 Hours,District 1 (Central),DES MOINES,POLK,I-235,I-235 & SCHOOL ST & 7TH ST,Collision with:  Vehicle in traffic,On Roadway,Broadside (front to side),Ran Traffic Signal,None Indicated,,Daylight,Dry,Cloudy,None apparent,Intersection:  Four-way intersection,Paved,,Possible/Unknown,0,2,0,0,2,0,7500,2,4,,POINT (-93.626885660865 41.595253338269)
2014812788,14019408,08/16/2014,08-August,7-Saturday,16:57,1600 Hours,District 2 (Northeast),NORTHWOOD,WORTH,,Co Rd A15/MALLARD AVE & CO 105,Collision with:  Vehicle in traffic,On Roadway,Unknown,Crossed centerline (undivided),Alcohol (< Statutory),,Daylight,Dry,Clear,None apparent,Intersection:  Four-way intersection,Paved,,Property Damage Only,0,0,0,0,0,0,6500,2,3,,POINT (-93.260916469511 43.444304183002)
2014812735,14-0816,08/16/2014,08-August,7-Saturday,22:02,2200 Hours,District 5 (Southeast),OSCEOLA,CLARKE,US 34,US 34/W MC LANE ST & WARREN AVE,Collision with:  Vehicle in traffic,On Roadway,"Angle, oncoming left turn",FTYROW:  Making left turn,None Indicated,,Dark - roadway not lighted,Dry,Clear,None apparent,Intersection:  Four-way intersection,Paved,,Major Injury,0,1,1,0,0,0,12500,2,6,,POINT (-93.78862732393 41.027983360301)
2014812604,20140023882,08/16/2014,08-August,7-Saturday,05:21,0500 Hours,District 1 (Central),DES MOINES,POLK,,UNIVERSITY AVE,Collision with:  Vehicle in traffic,On Roadway,Rear-end (front to rear),Other (explain in narrative):  Other,None Indicated,,Dark - roadway lighted,Wet,Rain,None apparent,Non-intersection:  Non-junction/no special feature,Paved,,Property Damage Only,0,0,0,0,0,0,3000,2,777,,POINT (-93.68329845983 41.600372257443)
2014812522,01-14-36545,08/16/2014,08-August,7-Saturday,18:56,1800 Hours,District 6 (East Central),DUBUQUE,DUBUQUE,IA 32,IA 32/IA32 NW ARTERIAL & PENNSYLVANIA AVE,Collision with:  Vehicle in traffic,On Roadway,Rear-end (front to rear),Lost Control,None Indicated,,Daylight,Dry,Clear,None apparent,Non-intersection:  Non-junction/no special feature,Paved,,Property Damage Only,0,0,0,0,0,0,3000,2,3,,POINT (-90.740752968148 42.500969022354)
2014812946,S14-003232,08/16/2014,08-August,7-Saturday,23:29,2300 Hours,District 4 (Southwest),MCCLELLAND,POTTAWATTAMIE,,Co Rd G6L/HUNT AVE,Collision with fixed object:  Ditch,Roadside,Non-collision (single vehicle),Ran off road - left,None Indicated,,Dark - roadway not lighted,Dry,Clear,None apparent,Non-intersection:  Non-junction/no special feature,Unpaved,,Fatal,1,0,0,0,0,0,800,1,1,,POINT (-95.721081256746 41.311342247788)
2014844862,2014-002385,08/16/2014,08-August,7-Saturday,21:00,2100 Hours,District 2 (Northeast),,ALLAMAKEE,,LA FAYETTE RIDGE DR,Collision with:  Animal,,,Animal,None Indicated,,,,,,,Paved,,Property Damage Only,0,0,0,0,0,0,7000,1,1,,POINT (-91.211533615064 43.284510973005)
2014813143,201400039842,08/16/2014,08-August,7-Saturday,07:48,0700 Hours,District 5 (Southeast),OTTUMWA,WAPELLO,,E ALTA VISTA AVE & N ELM ST,Collision with:  Vehicle in traffic,On Roadway,Broadside (front to side),Ran Stop Sign,None Indicated,,Daylight,Wet,Rain,None apparent,Intersection:  Four-way intersection,Paved,,Property Damage Only,0,0,0,0,0,0,7600,2,2,,POINT (-92.397225620745 41.038329527057)
2014812558,201412047,08/16/2014,08-August,7-Saturday,03:00,0300 Hours,District 6 (East Central),CEDAR RAPIDS,LINN,,PLEASANT RIDGE DR SW & ROCK VALLEY DR SW,Non-collision events:  Other non-collision (explain in narrative),Shoulder,Non-collision (single vehicle),Driving too fast for conditions,None Indicated,,Dark - roadway lighted,Dry,Cloudy,None apparent,Intersection:  T-intersection,Paved,,Property Damage Only,0,0,0,0,0,0,1500,1,1,,POINT (-91.759591586451 41.971104048013)
2014813145,201400039860,08/16/2014,08-August,7-Saturday,11:31,1100 Hours,District 5 (Southeast),OTTUMWA,WAPELLO,IA 149,IA 149/IOWA 149 & W WOODLAND AVE & N MCLEAN ST,Collision with:  Vehicle in traffic,On Roadway,Broadside (front to side),Ran Traffic Signal,None Indicated,,Daylight,Wet,Cloudy,None apparent,Intersection:  Four-way intersection,Paved,,Possible/Unknown,0,1,0,0,1,0,6500,2,6,,POINT (-92.413154035907 41.02916940326)
2014812680,2014-57367,08/16/2014,08-August,7-Saturday,16:49,1600 Hours,District 6 (East Central),DAVENPORT,SCOTT,IA 130,IA 130/NEW LIBERTY RD & W 76TH ST & NORTHWEST BLVD,Collision with:  Vehicle in traffic,On Roadway,"Angle, oncoming left turn",FTYROW:  Making left turn,None Indicated,,Daylight,Dry,Cloudy,None apparent,Intersection:  T-intersection,Paved,,Minor Injury,0,2,0,2,0,0,4000,2,8,,POINT (-90.615017967676 41.596284348034)
2014812850,14-003516,08/16/2014,08-August,7-Saturday,17:47,1700 Hours,District 1 (Central),ANKENY,POLK,,NE 5TH ST,Collision with:  Vehicle in traffic,On Roadway,"Sideswipe, same direction",Improper Backing,Refused,,Daylight,Dry,Clear,None apparent,Non-intersection:  Non-junction/no special feature,Paved,,Property Damage Only,0,0,0,0,0,0,3000,2,1,,POINT (-93.583349067224 41.735804701083)
2014812764,14-28804,08/16/2014,08-August,7-Saturday,15:10,1500 Hours,District 5 (Southeast),BURLINGTON,DES MOINES,,JACKSON ST & WHITTIER ST,Collision with:  Vehicle in traffic,On Roadway,Broadside (front to side),Swerving/Evasive Action,None Indicated,,Daylight,Wet,Rain,None apparent,Intersection:  Four-way intersection,Paved,,Property Damage Only,0,0,0,0,0,0,4500,2,2,,POINT (-91.117016034607 40.790267897666)
2014812557,201412073,08/16/2014,08-August,7-Saturday,18:44,1800 Hours,District 6 (East Central),CEDAR RAPIDS,LINN,,N PINE DR NE & BLAIRS FERRY RD,Collision with:  Vehicle in traffic,On Roadway,Rear-end (front to rear),Lost Control,None Indicated,,Daylight,Dry,Clear,None apparent,Intersection:  T-intersection,Paved,,Property Damage Only,0,0,0,0,0,0,7000,2,3,,POINT (-91.694700732491 42.034708311364)
2014812635,20140023860,08/16/2014,08-August,7-Saturday,00:06,0000 Hours,District 1 (Central),DES MOINES,POLK,,FULTON DR & COURTLAND DR,Collision with fixed object:  Utility pole/light support,On Roadway,Non-collision (single vehicle),Ran Stop Sign,Alcohol (< Statutory),,Dark - roadway lighted,Dry,Clear,None apparent,Intersection:  Four-way intersection,Paved,,Property Damage Only,0,0,0,0,0,0,30000,1,1,,POINT (-93.62021073256 41.568555988905)
2014812597,20140023898,08/16/2014,08-August,7-Saturday,10:52,1000 Hours,District 1 (Central),DES MOINES,POLK,,E PHILIP ST,Collision with:  Vehicle in traffic,On Roadway,Broadside (front to side),Other (explain in narrative):  No improper action,None Indicated,,Daylight,Dry,Cloudy,None apparent,Non-intersection:  Driveway access (within),Paved,,Property Damage Only,0,0,0,0,0,0,2500,2,3,,POINT (-93.610886439773 41.54255678209)
2014813208,,08/16/2014,08-August,7-Saturday,12:43,1200 Hours,District 4 (Southwest),,MILLS,,189TH ST,Non-collision events:  Overturn/rollover,On Roadway,Non-collision (single vehicle),Made improper turn,None Indicated,,Daylight,Dry,Clear,None apparent,Non-intersection:  Driveway access (within),Paved,,Minor Injury,0,1,0,1,0,0,3000,1,1,,POINT (-95.823581530855 41.152880417437)
2014812596,20140023892,08/16/2014,08-August,7-Saturday,08:30,0800 Hours,District 1 (Central),DES MOINES,POLK,,PORTER AVE,Collision with:  Vehicle in traffic,On Roadway,Broadside (front to side),Unknown,None Indicated,,Daylight,Wet,Rain,None apparent,Non-intersection:  Driveway access (within),Paved,,Property Damage Only,0,0,0,0,0,0,2100,2,3,,POINT (-93.638267106072 41.53376103206)
2014812747,14-034515,08/16/2014,08-August,7-Saturday,07:31,0700 Hours,District 5 (Southeast),MUSCATINE,MUSCATINE,IA 38,IA 38/PARK AVE & E 4TH ST,Collision with fixed object:  Other fixed object (explain in narrative),On Roadway,Non-collision (single vehicle),Ran off road - right,None Indicated,,Daylight,Dry,Cloudy,None apparent,Intersection:  Four-way intersection,Paved,,Property Damage Only,0,0,0,0,0,0,4000,1,1,,POINT (-91.031220842818 41.429473358345)
2014813557,PD1407032,08/16/2014,08-August,7-Saturday,03:02,0300 Hours,District 5 (Southeast),FAIRFIELD,JEFFERSON,,E BURLINGTON AVE & GLASGOW RD,Collision with fixed object:  Tree,On Roadway,Non-collision (single vehicle),Ran Stop Sign,None Indicated,,Dark - roadway lighted,Wet,Rain,None apparent,Intersection:  T-intersection,Paved,,Property Damage Only,0,0,0,0,0,0,3000,1,1,,POINT (-91.949745268854 41.006537960246)
2014813670,2014-57240,08/16/2014,08-August,7-Saturday,00:23,0000 Hours,District 6 (East Central),DAVENPORT,SCOTT,,TAYLOR ST,Collision with:  Vehicle in traffic,On Roadway,Rear-end (front to rear),Lost Control,Alcohol (Statutory),,Dark - roadway not lighted,Dry,Clear,None apparent,Non-intersection:  Non-junction/no special feature,Paved,,Major Injury,0,2,1,0,1,0,1500,2,2,,POINT (-90.592402504273 41.554950792504)
2014812971,2014048049,08/16/2014,08-August,7-Saturday,15:33,1500 Hours,District 1 (Central),DES MOINES,POLK,IA 163,IA 163/E UNIVERSITY AVE & E 30TH ST,Collision with:  Vehicle in traffic,On Roadway,Rear-end (front to rear),Followed too close,None Indicated,,Daylight,Dry,Clear,None apparent,Non-intersection:  Non-junction/no special feature,Paved,,Possible/Unknown,0,1,0,0,1,0,5000,2,3,,POINT (-93.558393312663 41.600524361461)
2014812580,SO14001951,08/16/2014,08-August,7-Saturday,11:18,1100 Hours,District 3 (Northwest),,PLYMOUTH,US 75,US 75,Collision with fixed object:  Ditch,On Roadway,Non-collision (single vehicle),Ran off road - right,None Indicated,,Daylight,Dry,Cloudy,None apparent,Non-intersection:  Non-junction/no special feature,Paved,,Minor Injury,0,1,0,1,0,0,1500,1,1,,POINT (-96.199306141091 42.805212512628)
2014812729,14-034534,08/16/2014,08-August,7-Saturday,10:44,1000 Hours,District 4 (Southwest),COUNCIL BLUFFS,POTTAWATTAMIE,I-29,I-29 & S EXPRESSWAY,Collision with:  Vehicle in traffic,On Roadway,Rear-end (front to rear),Followed too close,None Indicated,,Daylight,Dry,Cloudy,None apparent,"Interchange-related:  Off-ramp, diverge area",Paved,,Possible/Unknown,0,2,0,0,2,0,4500,2,5,,POINT (-95.851394406124 41.230604840334)
2014814103,14-000950,08/16/2014,08-August,7-Saturday,03:34,0300 Hours,District 1 (Central),,STORY,I-35,I-35,Non-collision events:  Other non-collision (explain in narrative),On Roadway,Non-collision (single vehicle),"Operating vehicle in an reckless, erratic, careless, negligent manner",None Indicated,,Dark - roadway not lighted,Dry,"Fog, smoke, smog",None apparent,Non-intersection:  Non-junction/no special feature,Paved,,Property Damage Only,0,0,0,0,0,0,2000,1,1,,POINT (-93.56078518239 42.138670514508)
2014812698,14-2521,08/16/2014,08-August,7-Saturday,13:20,1300 Hours,District 1 (Central),FORT DODGE,WEBSTER,,1ST AVE N & N 9TH ST,Collision with:  Vehicle in traffic,On Roadway,"Angle, oncoming left turn",Unknown,None Indicated,,Daylight,Dry,Cloudy,None apparent,Intersection:  Four-way intersection,Paved,,Property Damage Only,0,0,0,0,0,0,4000,2,4,,POINT (-94.186377303556 42.506214345989)
2014813226,14121485,08/16/2014,08-August,7-Saturday,18:51,1800 Hours,District 6 (East Central),,JOHNSON,I-80,I-80,Collision with:  Vehicle in traffic,On Roadway,"Sideswipe, same direction",FTYROW:  Other (explain in narrative),None Indicated,,Daylight,Dry,Cloudy,None apparent,Non-intersection:  Non-junction/no special feature,Paved,,Property Damage Only,0,0,0,0,0,0,2500,2,6,,POINT (-91.766343810789 41.689861550017)
2014813737,2014-17630,08/16/2014,08-August,7-Saturday,09:45,0900 Hours,District 5 (Southeast),INDIANOLA,WARREN,,E BOSTON AVE & N 4TH ST,Collision with:  Parked motor vehicle,On Roadway,Broadside (front to side),Unknown,None Indicated,,Daylight,Wet,Rain,None apparent,Non-intersection:  Non-junction/no special feature,Paved,,Property Damage Only,0,0,0,0,0,0,2000,2,1,,POINT (-93.555610810693 41.362309317191)
2014812648,14-4004,08/16/2014,08-August,7-Saturday,11:45,1100 Hours,District 4 (Southwest),WEST DES MOINES,DALLAS,,JORDAN CREEK PKWY,Collision with:  Vehicle in traffic,On Roadway,Rear-end (front to rear),Followed too close,None Indicated,,Daylight,Dry,Cloudy,None apparent,Non-intersection:  Non-junction/no special feature,Paved,,Property Damage Only,0,0,0,0,0,0,8500,2,2,,POINT (-93.80913454049 41.58452244965)
2014812573,14-020319,08/16/2014,08-August,7-Saturday,21:40,2100 Hours,District 5 (Southeast),,MARION,IA 92,IA 92/IOWA 92,Collision with:  Animal,,,Animal,None Indicated,,,,,,,Paved,,Property Damage Only,0,0,0,0,0,0,4000,1,1,,POINT (-92.970433701673 41.306934184389)
2014813356,2014048098,08/16/2014,08-August,7-Saturday,20:30,2000 Hours,District 6 (East Central),,IOWA,US 151,US 151/U AVE & 170TH ST,Collision with:  Animal,,,Animal,None Indicated,,,,,,,Paved,,Property Damage Only,0,0,0,0,0,0,6000,1,1,,POINT (-91.90909675391 41.759523759668)
2014812885,14-26789,08/16/2014,08-August,7-Saturday,20:13,2000 Hours,District 3 (Northwest),SIOUX CITY,WOODBURY,,W 19TH ST,Non-collision events:  Overturn/rollover,On Roadway,Non-collision (single vehicle),Driving too fast for conditions,Alcohol (Statutory),,Dusk,Dry,Clear,None apparent,Non-intersection:  Non-junction/no special feature,Paved,,Possible/Unknown,0,1,0,0,1,0,4500,1,1,,POINT (-96.443205884919 42.509525236275)
2014812849,14-003514,08/16/2014,08-August,7-Saturday,14:49,1400 Hours,District 1 (Central),ANKENY,POLK,IA 160,IA 160/SE ORALABOR RD & SE PDI PL,Collision with:  Vehicle in traffic,On Roadway,Rear-end (front to rear),Other (explain in narrative):  Other,None Indicated,,Daylight,Dry,Clear,None apparent,Non-intersection:  Non-junction/no special feature,Paved,,Property Damage Only,0,0,0,0,0,0,2200,2,4,,POINT (-93.584457819892 41.702905302246)
2014814564,2014-57362,08/16/2014,08-August,7-Saturday,16:05,1600 Hours,District 6 (East Central),DAVENPORT,SCOTT,,JERSEY RIDGE RD,Collision with:  Vehicle in traffic,On Roadway,"Angle, oncoming left turn",FTYROW:  Making left turn,None Indicated,,Daylight,Dry,Clear,None apparent,Intersection:  T-intersection,Paved,,Property Damage Only,0,0,0,0,0,0,2000,2,2,,POINT (-90.54367199027 41.531583749179)
2014812572,14-020286,08/16/2014,08-August,7-Saturday,14:17,1400 Hours,District 5 (Southeast),,MARION,IA 5,IA 5/IOWA 5 & Co Rd G71/HWY G71,Collision with:  Vehicle in traffic,On Roadway,Rear-end (front to rear),Swerving/Evasive Action,None Indicated,,Daylight,Dry,Clear,None apparent,Intersection:  T-intersection,Paved,,Possible/Unknown,0,3,0,0,3,0,11500,3,6,,POINT (-92.966942127154 41.218881730523)
2014816784,144293,08/16/2014,08-August,7-Saturday,18:52,1800 Hours,District 1 (Central),IOWA FALLS,HARDIN,,PARK AVE,Collision with:  Vehicle in traffic,On Roadway,"Sideswipe, same direction",Lost Control,None Indicated,,Daylight,Dry,Clear,None apparent,Non-intersection:  Non-junction/no special feature,Paved,,Property Damage Only,0,0,0,0,0,0,2000,2,1,,POINT (-93.263503346126 42.517554982253)
2014909171,076-14,08/16/2014,08-August,7-Saturday,21:49,2100 Hours,District 4 (Southwest),,MADISON,,Co Rd P71/CLARK TOWER RD,Collision with:  Animal,On Roadway,Non-collision (single vehicle),Animal,None Indicated,,Dark - roadway not lighted,Dry,Clear,None apparent,Non-intersection:  Non-junction/no special feature,Paved,,Property Damage Only,0,0,0,0,0,0,3000,1,1,,POINT (-94.011140797837 41.283229650291)
2014812733,2014008796,08/16/2014,08-August,7-Saturday,12:37,1200 Hours,District 6 (East Central),IOWA CITY,JOHNSON,,LINCOLN AVE,Collision with:  Parked motor vehicle,On Roadway,"Sideswipe, same direction",Swerving/Evasive Action,None Indicated,,Daylight,Dry,Cloudy,None apparent,Non-intersection:  Non-junction/no special feature,Paved,,Property Damage Only,0,0,0,0,0,0,3000,2,1,,POINT (-91.551317997098 41.663997108857)
2014815759,2014047986,08/16/2014,08-August,7-Saturday,06:45,0600 Hours,District 1 (Central),,POLK,I-80,I-80,Collision with fixed object:  Traffic sign support,On Roadway,Non-collision (single vehicle),Swerving/Evasive Action,None Indicated,,Daylight,Wet,Rain,None apparent,Interchange-related:  On-ramp merge area,Paved,,Property Damage Only,0,0,0,0,0,0,9293,2,5,,POINT (-93.362054041443 41.680501728218)
2014812600,20140023934,08/16/2014,08-August,7-Saturday,17:17,1700 Hours,District 1 (Central),DES MOINES,POLK,US 69,US 69/SE 14TH ST & E PARK AVE,Collision with:  Vehicle in traffic,On Roadway,Broadside (front to side),Made improper turn,None Indicated,,Daylight,Dry,Clear,None apparent,Non-intersection:  Non-junction/no special feature,Paved,,Property Damage Only,0,0,0,0,0,0,4000,2,3,,POINT (-93.59685679356 41.555339782516)
2014812703,14-2526,08/16/2014,08-August,7-Saturday,19:05,1900 Hours,District 1 (Central),FORT DODGE,WEBSTER,,2ND AVE S & S 10TH ST,Collision with:  Vehicle in traffic,On Roadway,"Sideswipe, same direction",FTYROW:  Making left turn,None Indicated,,Daylight,Dry,Clear,None apparent,Intersection:  Four-way intersection,Paved,,Property Damage Only,0,0,0,0,0,0,4000,2,6,,POINT (-94.18427987061 42.503426263762)
2014813583,1400000712,08/16/2014,08-August,7-Saturday,15:02,1500 Hours,District 1 (Central),MARSHALLTOWN,MARSHALL,,Co Rd S75/160TH ST/MARSH AVE,Collision with fixed object:  Ditch,On Roadway,Non-collision (single vehicle),Over correcting/over steering,None Indicated,,Daylight,Dry,Clear,Non-highway work,Intersection:  T-intersection,Paved,,Possible/Unknown,0,1,0,0,1,0,3500,1,1,,POINT (-92.997023893304 42.122694455964)
2014812615,20140023959,08/16/2014,08-August,7-Saturday,23:33,2300 Hours,District 1 (Central),DES MOINES,POLK,I-235,I-235 & KEOSAUQUA WAY,Collision with fixed object:  Curb/island/raised median,On Roadway,Non-collision (single vehicle),Crossed centerline (undivided),None Indicated,,Dark - roadway lighted,Dry,Cloudy,None apparent,Intersection:  Four-way intersection,Paved,,Minor Injury,0,1,0,1,0,0,1500,2,3,,POINT (-93.635430537941 41.595422601314)
2014812612,20140023900,08/16/2014,08-August,7-Saturday,11:38,1100 Hours,District 1 (Central),DES MOINES,POLK,,DES MOINES ST & E 26TH ST,Collision with:  Vehicle in traffic,On Roadway,Broadside (front to side),Unknown,None Indicated,,Daylight,Dry,Clear,None apparent,Intersection:  Y-intersection,Paved,,Property Damage Only,0,0,0,0,0,0,1500,2,2,,POINT (-93.567969909559 41.596496246289)
2014814636,80-14-000264,08/16/2014,08-August,7-Saturday,21:05,2100 Hours,District 2 (Northeast),HUMBOLDT,HUMBOLDT,US 169,US 169/13TH ST S,Collision with:  Animal,,,Animal,None Indicated,,,,,,,Paved,,Property Damage Only,0,0,0,0,0,0,4000,1,1,,POINT (-94.227028335691 42.706744801998)
2014812727,14-034514,08/16/2014,08-August,7-Saturday,03:50,0300 Hours,District 4 (Southwest),COUNCIL BLUFFS,POTTAWATTAMIE,,S 8TH ST,Collision with fixed object:  Tree,On Roadway,Non-collision (single vehicle),Exceeded authorized speed,Refused,,Dark - roadway lighted,Wet,Rain,None apparent,Non-intersection:  Non-junction/no special feature,Paved,,Minor Injury,0,2,0,1,1,0,5100,1,2,,POINT (-95.856089643062 41.24417808761)
2014812598,20140023905,08/16/2014,08-August,7-Saturday,12:10,1200 Hours,District 1 (Central),DES MOINES,POLK,,WOODLAND AVE & 29TH ST,Collision with fixed object:  Utility pole/light support,Outside trafficway,Non-collision (single vehicle),Made improper turn,Refused,,Daylight,Dry,Cloudy,None apparent,Intersection:  T-intersection,Paved,,Property Damage Only,0,0,0,0,0,0,6000,1,1,,POINT (-93.656605859492 41.588043780417)
2014813309,14-27379,08/16/2014,08-August,7-Saturday,02:46,0200 Hours,District 3 (Northwest),SIOUX CITY,WOODBURY,US 75,US 75,Collision with:  Vehicle in traffic,On Roadway,Rear-end (front to rear),Followed too close,None Indicated,,Dark - roadway not lighted,Dry,Cloudy,None apparent,Non-intersection:  Non-junction/no special feature,Paved,,Property Damage Only,0,0,0,0,0,0,4500,2,6,,POINT (-96.340297067057 42.544072139196)
2014812738,2014008799,08/16/2014,08-August,7-Saturday,14:01,1400 Hours,District 6 (East Central),IOWA CITY,JOHNSON,I-80,I-80,Collision with fixed object:  Concrete traffic barrier (median or right side),On Roadway,Non-collision (single vehicle),Swerving/Evasive Action,None Indicated,,Daylight,Dry,Clear,None apparent,Non-intersection:  Non-junction/no special feature,Paved,,Major Injury,0,1,1,0,0,0,6500,1,1,,POINT (-91.543829123527 41.686104308906)
2014812754,S14-003222,08/16/2014,08-August,7-Saturday,10:00,1000 Hours,District 4 (Southwest),NEOLA,POTTAWATTAMIE,I-80,I-80,Collision with:  Vehicle in traffic,On Roadway,"Sideswipe, same direction",Crossed centerline (undivided),None Indicated,,Daylight,Dry,Clear,None apparent,Non-intersection:  Non-junction/no special feature,Paved,,Property Damage Only,0,0,0,0,0,0,2500,2,2,,POINT (-95.654191088169 41.407247573027)
2014812709,14-034581,08/16/2014,08-August,7-Saturday,18:12,1800 Hours,District 4 (Southwest),COUNCIL BLUFFS,POTTAWATTAMIE,,MADISON AVE,Collision with:  Vehicle in traffic,On Roadway,Rear-end (front to rear),Followed too close,None Indicated,,Daylight,Dry,Clear,None apparent,Non-intersection:  Non-junction/no special feature,Paved,,Property Damage Only,0,0,0,0,0,0,16500,2,2,,POINT (-95.830935694952 41.249149871623)
2014812497,14-12359,08/16/2014,08-August,7-Saturday,01:30,0100 Hours,District 3 (Northwest),SPENCER,CLAY,,10TH AVE E,Collision with:  Parked motor vehicle,On Roadway,"Sideswipe, same direction",Driver Distraction:  Manual operation of an electronic communication device,None Indicated,,Dark - roadway not lighted,Unknown,Unknown,None apparent,Non-intersection:  Non-junction/no special feature,Paved,,Property Damage Only,0,0,0,0,0,0,2500,2,1,,POINT (-95.131167959132 43.151585773054)
2014812695,2014-0333,08/16/2014,08-August,7-Saturday,20:45,2000 Hours,District 5 (Southeast),NORWALK,WARREN,IA 28,IA 28/IOWA 28 & BEARDSLEY ST,Collision with:  Vehicle in traffic,On Roadway,"Sideswipe, same direction",Swerving/Evasive Action,None Indicated,,Dark - roadway lighted,Dry,Clear,None apparent,Intersection:  Four-way intersection,Paved,,Property Damage Only,0,0,0,0,0,0,6000,2,4,,POINT (-93.674147745204 41.496995437597)
2014816379,,08/16/2014,08-August,7-Saturday,20:33,2000 Hours,District 2 (Northeast),,WINNESHIEK,,310TH ST,Non-collision events:  Overturn/rollover,On Roadway,Non-collision (single vehicle),Ran off road - left,None Indicated,,Dusk,Dry,Clear,None apparent,Non-intersection:  Non-junction/no special feature,Unpaved,,Possible/Unknown,0,1,0,0,1,0,4000,1,1,,POINT (-92.007288823283 43.385348166059)
2014812521,01-14-36529,08/16/2014,08-August,7-Saturday,17:04,1700 Hours,District 6 (East Central),DUBUQUE,DUBUQUE,US 52,US 52/KERRIGAN RD & W 5TH ST & E 5TH ST,Collision with:  Vehicle in traffic,On Roadway,Broadside (front to side),Lost Control,None Indicated,,Daylight,Dry,Clear,None apparent,Non-intersection:  Railroad grade crossing,Paved,,Property Damage Only,0,0,0,0,0,0,2500,2,4,,POINT (-90.66247460878 42.499398373872)
2014812613,20140023932,08/16/2014,08-August,7-Saturday,16:43,1600 Hours,District 1 (Central),DES MOINES,POLK,,DEAN AVE,Collision with:  Non-motorist (see non-motorist section - NOT a unit),On Roadway,Non-collision (single vehicle),Followed too close,None Indicated,,Daylight,Dry,Cloudy,None apparent,Non-intersection:  Non-junction/no special feature,Paved,,Possible/Unknown,0,1,0,0,1,0,0,1,1,,POINT (-93.576214330222 41.591213000991)
2014812543,C14002558,08/16/2014,08-August,7-Saturday,19:00,1900 Hours,District 6 (East Central),CORALVILLE,JOHNSON,US 6,US 6/2ND ST,Collision with:  Non-motorist (see non-motorist section - NOT a unit),Outside trafficway,Non-collision (single vehicle),Other (explain in narrative):  No improper action,None Indicated,,Daylight,Dry,Cloudy,None apparent,Non-intersection:  Driveway access (within),Paved,,Minor Injury,0,1,0,1,0,0,500,1,2,,POINT (-91.58012453277 41.673678746727)
2014813205,,08/16/2014,08-August,7-Saturday,22:14,2200 Hours,District 2 (Northeast),DENVER,BREMER,,LARRABEE AVE,Collision with:  Animal,On Roadway,Non-collision (single vehicle),Animal,None Indicated,,,,,,,Paved,,Property Damage Only,0,0,0,0,0,0,9000,1,4,,POINT (-92.338031144957 42.66073051246)
2014813775,2014008797,08/16/2014,08-August,7-Saturday,00:00,0000 Hours,District 6 (East Central),IOWA CITY,JOHNSON,,FAIRCHILD ST,Collision with:  Vehicle in traffic,On Roadway,Unknown,Unknown,None Indicated,,Dark - roadway lighted,Dry,Clear,None apparent,Non-intersection:  Non-junction/no special feature,Paved,,Property Damage Only,0,0,0,0,0,0,1500,2,1,,POINT (-91.532046302898 41.666886926799)
2014812696,2014-0332,08/16/2014,08-August,7-Saturday,20:32,2000 Hours,District 1 (Central),NORWALK,POLK,IA 5,IA 5/SE RAMP/SW RAMP & IA 28/IOWA 28,Collision with:  Vehicle in traffic,On Roadway,Rear-end (front to rear),FTYROW:  From stop sign,None Indicated,,Dark - roadway lighted,Dry,Clear,None apparent,Intersection:  Four-way intersection,Paved,,Property Damage Only,0,0,0,0,0,0,2500,2,5,,POINT (-93.679930959091 41.512697265816)