Iowa DOT Case Number,Law Enforcement Case Number,Date of Crash,Month of Crash,Day of Week,Time of Crash,Hour,DOT District,City Name,County Name,Route with System,Location Description,First Harmful Event,Location of First Harmful Event,Manner of Crash/Collision,Major Cause,Drug or Alcohol ,Environmental Conditions,Light Conditions,Surface Conditions,Weather Conditions,Roadway Contribution,Roadway Type,Roadway Surface,Work Zone,Crash Severity,Number of Fatalities,Number of Injuries,Number of Major Injuries,Number of Minor Injuries,Number of Possible Injuries,Number of Unknown Injuries,Amount of Property Damage,Number of Vehicles Involved,Total Number of Occupants,Travel Direction,Location
2014812500,14-007233,08/17/2014,08-August,1-Sunday,01:19,0100 Hours,District 6 (East Central),MANCHESTER,DELAWARE,US 20,US 20,Collision with:  Vehicle in traffic,On Roadway,"Sideswipe, opposite direction",Crossed centerline (undivided),Alcohol (Statutory),,Dark - roadway not lighted,Dry,Clear,Work Zone (roadway-related),Non-intersection:  Non-junction/no special feature,Paved,Yes,Minor Injury,0,1,0,1,0,0,15000,2,2,,POINT (-91.46536529967 42.46682242166)
2014813162,02223,08/17/2014,08-August,1-Sunday,19:15,1900 Hours,District 6 (East Central),DYERSVILLE,DUBUQUE,IA 136,IA 136/9TH ST SE & OLDE CASTLE RD & 23RD AVE SE,Collision with:  Vehicle in traffic,On Roadway,Rear-end (front to rear),Followed too close,None Indicated,,Daylight,Dry,Clear,None apparent,Intersection:  T-intersection,Paved,,Possible/Unknown,0,1,0,0,1,0,8000,2,2,,POINT (-91.114509832027 42.465134523507)
2014836018,14-05703,08/17/2014,08-August,1-Sunday,11:29,1100 Hours,District 2 (Northeast),OELWEIN,FAYETTE,,5TH AVE SE,Collision with:  Non-motorist (see non-motorist section - NOT a unit),Shoulder,Non-collision (single vehicle),FTYROW:  To pedestrian,None Indicated,,Daylight,Dry,Cloudy,None apparent,Non-intersection:  Non-junction/no special feature,Paved,,Minor Injury,0,1,0,1,0,0,0,1,3,,POINT (-91.906603731053 42.676147252029)
2014820589,2014-57490,08/17/2014,08-August,1-Sunday,02:22,0200 Hours,District 6 (East Central),DAVENPORT,SCOTT,,E 2ND ST & LE CLAIRE ST,Collision with:  Vehicle in traffic,On Roadway,"Sideswipe, opposite direction",Unknown,None Indicated,,Dark - roadway lighted,Dry,Clear,None apparent,Intersection:  Other intersection (explain in narrative),Paved,,Property Damage Only,0,0,0,0,0,0,5000,2,2,,POINT (-90.568243857047 41.521325591283)
2014813041,2014-4785,08/17/2014,08-August,1-Sunday,10:17,1000 Hours,District 1 (Central),,HARDIN,,Co Rd D65/CO HWY D65 & U AVE,Collision with:  Vehicle in traffic,On Roadway,"Sideswipe, same direction",Other (explain in narrative):  Other,None Indicated,,Daylight,Dry,Clear,None apparent,Intersection:  T-intersection,Paved,,Property Damage Only,0,0,0,0,0,0,3000,2,2,,POINT (-93.098849537239 42.24504857812)
2014813237,201412175,08/18/2014,08-August,2-Monday,15:43,1500 Hours,District 6 (East Central),CEDAR RAPIDS,LINN,,26TH AVE SW & WISCONSIN ST SW,Collision with:  Vehicle in traffic,On Roadway,"Sideswipe, same direction",FTYROW:  From parked position,None Indicated,,Daylight,Dry,Clear,None apparent,Intersection:  T-intersection,Paved,,Property Damage Only,0,0,0,0,0,0,4300,2,4,,POINT (-91.67272071639 41.952434735437)
2014813039,14-1303,08/18/2014,08-August,2-Monday,18:23,1800 Hours,District 1 (Central),,GREENE,,Co Rd E26/160TH & M AVE,Collision with:  Vehicle in traffic,On Roadway,Broadside (front to side),FTYROW:  At uncontrolled intersection,None Indicated,,Daylight,"Mud, dirt",Clear,None apparent,Intersection:  Four-way intersection,Unpaved,,Major Injury,0,4,2,0,2,0,20000,2,6,,POINT (-94.397270576897 42.122823427868)
2014814515,14-004890,08/18/2014,08-August,2-Monday,14:58,1400 Hours,District 3 (Northwest),SHELDON,OBRIEN,US 18,US 18/PARK ST & WESTERN AVE,Collision with:  Vehicle in traffic,On Roadway,Rear-end (front to rear),"Operating vehicle in an reckless, erratic, careless, negligent manner",None Indicated,,Daylight,Dry,Clear,None apparent,Intersection:  Four-way intersection,Paved,,Property Damage Only,0,0,0,0,0,0,12200,2,2,,POINT (-95.862011703231 43.185799871577)
2014813234,201412158,08/18/2014,08-August,2-Monday,10:22,1000 Hours,District 6 (East Central),CEDAR RAPIDS,LINN,IA 922,IA 922/1ST AVE E & 19TH ST SE & 19TH ST NE,Collision with:  Vehicle in traffic,On Roadway,Rear-end (front to rear),Other (explain in narrative):  Other,None Indicated,,Daylight,Dry,Cloudy,None apparent,Non-intersection:  Non-junction/no special feature,Paved,,Property Damage Only,0,0,0,0,0,0,2700,3,4,,POINT (-91.644284666692 41.992739487348)
2014813527,14014232,08/18/2014,08-August,2-Monday,14:44,1400 Hours,District 2 (Northeast),MASON CITY,CERRO GORDO,,E STATE ST & S LOUISIANA AVE,Collision with:  Vehicle in traffic,On Roadway,"Angle, oncoming left turn",FTYROW:  From yield sign,None Indicated,,Daylight,Dry,Clear,None apparent,Intersection:  T-intersection,Paved,,Property Damage Only,0,0,0,0,0,0,4500,2,3,,POINT (-93.175198901056 43.151673502607)
2014813673,2014-57842,08/18/2014,08-August,2-Monday,15:34,1500 Hours,District 6 (East Central),DAVENPORT,SCOTT,,IA 461/BRADY ST & E 53RD ST,Collision with:  Vehicle in traffic,On Roadway,Rear-end (front to rear),Followed too close,None Indicated,,Daylight,Dry,Cloudy,None apparent,Intersection:  Other intersection (explain in narrative),Paved,,Property Damage Only,0,0,0,0,0,0,7000,2,2,,POINT (-90.56963083359 41.574519655131)
2014812851,14-003550,08/18/2014,08-August,2-Monday,16:42,1600 Hours,District 1 (Central),ANKENY,POLK,,SW STATE ST,Collision with:  Vehicle in traffic,On Roadway,Broadside (front to side),FTYROW:  From stop sign,None Indicated,,Daylight,Dry,Clear,None apparent,Non-intersection:  Driveway access (within),Paved,,Property Damage Only,0,0,0,0,0,0,19200,3,3,,POINT (-93.621934428191 41.705572840645)
2014813735,14009970,08/18/2014,08-August,2-Monday,16:07,1600 Hours,District 1 (Central),,TAMA,,Co Rd T47/HWY T47,Collision with:  Vehicle in traffic,On Roadway,"Angle, oncoming left turn",Crossed centerline (undivided),None Indicated,,Daylight,Dry,Clear,None apparent,Non-intersection:  Driveway access (within),Paved,,Minor Injury,0,1,0,1,0,0,6000,2,3,,POINT (-92.693120443163 42.015196299636)
2014812944,14-034838,08/18/2014,08-August,2-Monday,13:55,1300 Hours,District 5 (Southeast),MUSCATINE,MUSCATINE,,FULLIAM AVE & HOUSER ST & W FULLIAM AVE,Collision with:  Vehicle in traffic,On Roadway,"Angle, oncoming left turn",Unknown,None Indicated,,Daylight,Dry,Clear,None apparent,Intersection:  T-intersection,Paved,,Property Damage Only,0,0,0,0,0,0,4500,2,3,,POINT (-91.079363321096 41.43119712355)
2014813470,,08/18/2014,08-August,2-Monday,17:11,1700 Hours,District 1 (Central),TAMA,TAMA,US 63,US 63/HARDING ST,Collision with:  Vehicle in traffic,Roadside,Rear-end (front to rear),Ran Traffic Signal,None Indicated,,Daylight,Dry,"Fog, smoke, smog",None apparent,Intersection:  T-intersection,Paved,,Minor Injury,0,4,0,3,0,1,9000,2,5,,POINT (-92.581684817074 41.975845499813)
2014813266,14-1000,08/18/2014,08-August,2-Monday,17:36,1700 Hours,District 1 (Central),CLIVE,POLK,US 6,US 6/HICKMAN RD,Non-collision events:  Other non-collision (explain in narrative),On Roadway,Rear-end (front to rear),Other (explain in narrative):  Other,None Indicated,,Daylight,Dry,Clear,None apparent,Intersection:  Four-way intersection,Paved,,Property Damage Only,0,0,0,0,0,0,4000,3,5,,POINT (-93.780227977883 41.614896362952)
2014813052,14-003766,08/18/2014,08-August,2-Monday,09:24,0900 Hours,District 3 (Northwest),,LYON,,Co Rd A34/210TH ST,Collision with fixed object:  Ditch,On Roadway,Non-collision (single vehicle),Swerving/Evasive Action,None Indicated,,Daylight,Dry,Cloudy,None apparent,Non-intersection:  Non-junction/no special feature,Paved,,Minor Injury,0,1,0,1,0,0,8500,1,1,,POINT (-95.983814491389 43.345791416871)
2014812928,146025,08/18/2014,08-August,2-Monday,23:54,2300 Hours,District 4 (Southwest),,DALLAS,,OLD PORTLAND RD,Collision with fixed object:  Ditch,On Roadway,Non-collision (single vehicle),Ran off road - right,Alcohol (Statutory),,Dark - roadway not lighted,Dry,Clear,None apparent,Non-intersection:  Non-junction/no special feature,Unpaved,,Property Damage Only,0,0,0,0,0,0,5000,1,2,,POINT (-93.973759003348 41.546451586887)
2014816058,,08/18/2014,08-August,2-Monday,07:33,0700 Hours,District 5 (Southeast),FORT MADISON,LEE,,AVE H & 15TH ST,Collision with fixed object:  Utility pole/light support,On Roadway,Non-collision (single vehicle),Cargo/equipment loss or shift,None Indicated,,Daylight,Dry,Clear,None apparent,Intersection:  Four-way intersection,Paved,,Property Damage Only,0,0,0,0,0,0,2400,1,1,,POINT (-91.324605562127 40.630161653176)
2014814170,20140024132,08/18/2014,08-August,2-Monday,15:30,1500 Hours,District 1 (Central),DES MOINES,POLK,,UNIVERSITY AVE & 18TH ST,Collision with:  Non-motorist (see non-motorist section - NOT a unit),On Roadway,Non-collision (single vehicle),Ran Stop Sign,None Indicated,,Daylight,Dry,Clear,None apparent,Intersection:  T-intersection,Paved,,Possible/Unknown,0,1,0,0,1,0,0,1,1,,POINT (-93.641383445898 41.600415581585)
2014813235,201412167,08/18/2014,08-August,2-Monday,13:00,1300 Hours,District 6 (East Central),CEDAR RAPIDS,LINN,,C AVE NW & 9TH ST NW,Collision with:  Vehicle in traffic,On Roadway,Broadside (front to side),Ran Stop Sign,None Indicated,,Daylight,Dry,Cloudy,None apparent,Intersection:  Four-way intersection,Paved,,Property Damage Only,0,0,0,0,0,0,5500,2,2,,POINT (-91.684471099752 41.975959792528)
2014822534,,08/18/2014,08-August,2-Monday,05:10,0500 Hours,District 6 (East Central),MAQUOKETA,JACKSON,,SUSAN DR,Collision with:  Parked motor vehicle,On Roadway,Rear-end (front to rear),Unknown,None Indicated,,Dark - roadway lighted,,Clear,,,Paved,,Property Damage Only,0,0,0,0,0,0,3000,2,1,,POINT (-90.652318738349 42.073537217502)
2014813953,201402900,08/18/2014,08-August,2-Monday,15:38,1500 Hours,District 6 (East Central),,LINN,US 151,US 151 & IA 100/COLLINS RD SE & SECRIST RD,Collision with:  Vehicle in traffic,On Roadway,Broadside (front to side),Ran Traffic Signal,None Indicated,,Daylight,Dry,Cloudy,None apparent,Intersection:  Four-way intersection,Paved,,Property Damage Only,0,0,0,0,0,0,1600,2,3,,POINT (-91.550199177886 42.019896563715)
2014813526,14014230,08/18/2014,08-August,2-Monday,14:35,1400 Hours,District 2 (Northeast),MASON CITY,CERRO GORDO,IA 122,IA 122/4TH ST SW,Collision with:  Vehicle in traffic,On Roadway,Rear-end (front to rear),Other (explain in narrative):  Other,None Indicated,,Daylight,Dry,Clear,None apparent,Non-intersection:  Non-junction/no special feature,Paved,,Property Damage Only,0,0,0,0,0,0,1500,2,2,,POINT (-93.2416248379 43.148346783398)
2014812949,2014008869,08/18/2014,08-August,2-Monday,03:25,0300 Hours,District 6 (East Central),IOWA CITY,JOHNSON,,KIRKWOOD AVE,Collision with fixed object:  Other fixed object (explain in narrative),On Roadway,Non-collision (single vehicle),Crossed centerline (undivided),Drug,,Dark - roadway lighted,Dry,Clear,None apparent,Non-intersection:  Non-junction/no special feature,Paved,,Property Damage Only,0,0,0,0,0,0,5000,1,1,,POINT (-91.527242147973 41.649469249487)
2014812894,14-21555,08/18/2014,08-August,2-Monday,20:00,2000 Hours,District 1 (Central),,JASPER,,W 64TH ST N,Non-collision events:  Overturn/rollover,On Roadway,Non-collision (single vehicle),Driving too fast for conditions,None Indicated,,Dusk,"Mud, dirt",Clear,None apparent,Non-intersection:  Non-junction/no special feature,Unpaved,,Possible/Unknown,0,1,0,0,1,0,15100,1,1,,POINT (-93.144821793476 41.833569123577)
2014816763,01-14-36791,08/18/2014,08-August,2-Monday,10:55,1000 Hours,District 6 (East Central),DUBUQUE,DUBUQUE,,UNIVERSITY AVE & GRANDVIEW AVE N,Collision with:  Vehicle in traffic,On Roadway,Broadside (front to side),FTYROW:  From stop sign,None Indicated,,Daylight,Dry,Cloudy,None apparent,Intersection:  Four-way intersection,Paved,,Property Damage Only,0,0,0,0,0,0,3700,2,2,,POINT (-90.688118383802 42.498333891322)
2014812814,14-12494,08/18/2014,08-August,2-Monday,18:40,1800 Hours,District 3 (Northwest),SPENCER,CLAY,,,Collision with fixed object:  Ditch,On Roadway,Non-collision (single vehicle),Driving too fast for conditions,None Indicated,,Daylight,"Mud, dirt",Cloudy,None apparent,Non-intersection:  Non-junction/no special feature,,,Property Damage Only,0,0,0,0,0,0,1700,1,2,,POINT (-96.643700149993 40.233091251414)
2014813831,2014-3966,08/18/2014,08-August,2-Monday,08:33,0800 Hours,District 4 (Southwest),WAUKEE,DALLAS,,DOUGLAS AVE & ALICES RD,Collision with:  Vehicle in traffic,On Roadway,Rear-end (front to rear),Other (explain in narrative):  Other,None Indicated,,Daylight,Dry,Cloudy,None apparent,Non-intersection:  Non-junction/no special feature,Paved,,Possible/Unknown,0,2,0,0,2,0,10000,2,2,,POINT (-93.852853757406 41.629377388116)
2014812936,2014008878,08/18/2014,08-August,2-Monday,16:06,1600 Hours,District 6 (East Central),IOWA CITY,JOHNSON,,W BENTON ST,Collision with:  Vehicle in traffic,On Roadway,Rear-end (front to rear),Followed too close,None Indicated,,Daylight,Dry,Clear,None apparent,Non-intersection:  Non-junction/no special feature,Paved,,Property Damage Only,0,0,0,0,0,0,3000,3,3,,POINT (-91.540720049613 41.650343717756)
2014812860,20140024104,08/18/2014,08-August,2-Monday,11:35,1100 Hours,District 1 (Central),DES MOINES,POLK,I-235,I-235,Collision with:  Other non-fixed object (explain in narrative),On Roadway,Non-collision (single vehicle),Lost Control,None Indicated,,Daylight,Dry,Clear,None apparent,Non-intersection:  Non-junction/no special feature,Paved,,Possible/Unknown,0,1,0,0,1,0,33784,1,1,,POINT (-93.592195006021 41.597680066924)
2014812938,CL14002915,08/18/2014,08-August,2-Monday,07:27,0700 Hours,District 6 (East Central),CLINTON,CLINTON,US 67,US 67/N 2ND ST & 17TH AVE N,Collision with:  Vehicle in traffic,On Roadway,Rear-end (front to rear),Followed too close,None Indicated,,Daylight,Dry,Cloudy,None apparent,Intersection:  Four-way intersection,Paved,,Property Damage Only,0,0,0,0,0,0,3000,2,3,,POINT (-90.183085502549 41.863643126063)
2014813885,14-003544,08/18/2014,08-August,2-Monday,12:15,1200 Hours,District 1 (Central),ANKENY,POLK,US 69,US 69/S ANKENY BLVD,Collision with:  Vehicle in traffic,On Roadway,"Angle, oncoming left turn",Made improper turn,None Indicated,,Daylight,Dry,Clear,None apparent,Non-intersection:  Driveway access (within),Paved,,Major Injury,0,1,1,0,0,0,7500,2,4,,POINT (-93.600370908763 41.728745580541)
2014813088,14-0939,08/18/2014,08-August,2-Monday,07:38,0700 Hours,District 1 (Central),PLEASANT HILL,POLK,US 65,US 65/SW RAMP/NW RAMP & IA 163/E UNIVERSITY AVE,Collision with:  Vehicle in traffic,On Roadway,"Angle, oncoming left turn",FTYROW:  Making left turn,None Indicated,,Daylight,Dry,Clear,None apparent,Intersection:  Intersection with ramp,Paved,,Property Damage Only,0,0,0,0,0,0,8000,2,3,,POINT (-93.4988726378 41.598816451155)
2014812730,14-034882,08/18/2014,08-August,2-Monday,14:11,1400 Hours,District 4 (Southwest),COUNCIL BLUFFS,POTTAWATTAMIE,I-29,I-29,Collision with:  Vehicle in traffic,On Roadway,Rear-end (front to rear),"Operating vehicle in an reckless, erratic, careless, negligent manner",None Indicated,,Daylight,Dry,Clear,None apparent,Non-intersection:  Non-junction/no special feature,Paved,,Minor Injury,0,1,0,1,0,0,3500,2,2,,POINT (-95.906857809083 41.254560723115)
2014812856,20140024135,08/18/2014,08-August,2-Monday,16:07,1600 Hours,District 1 (Central),DES MOINES,POLK,,GRAND AVE,Collision with:  Vehicle in traffic,On Roadway,"Sideswipe, same direction",Improper or erratic lane changing,None Indicated,,Daylight,Dry,Cloudy,None apparent,Intersection:  Four-way intersection,Paved,,Property Damage Only,0,0,0,0,0,0,1700,2,5,,POINT (-93.626271214648 41.587546485518)
2014812723,14-034797,08/18/2014,08-August,2-Monday,20:46,2000 Hours,District 4 (Southwest),COUNCIL BLUFFS,POTTAWATTAMIE,,27TH AVE,Collision with fixed object:  Utility pole/light support,Shoulder,Non-collision (single vehicle),Made improper turn,None Indicated,,Dusk,Dry,Clear,None apparent,Non-intersection:  Driveway access (within),Paved,,Property Damage Only,0,0,0,0,0,0,3400,1,1,,POINT (-95.877481080069 41.235125036933)
2014812641,14-1819,08/18/2014,08-August,2-Monday,02:10,0200 Hours,District 1 (Central),URBANDALE,POLK,I-35,I-35 & IA 28/MERLE HAY RD,Collision with:  Vehicle in traffic,On Roadway,"Angle, oncoming left turn",Ran Traffic Signal,Alcohol (Statutory),,Dark - roadway lighted,Dry,Clear,None apparent,Intersection:  Four-way intersection,Paved,,Possible/Unknown,0,3,0,0,3,0,20000,2,5,,POINT (-93.697671017511 41.651293576711)
2014812583,14-5438,08/18/2014,08-August,2-Monday,07:20,0700 Hours,District 1 (Central),GRIMES,POLK,IA 141,IA 141/IOWA 141 & SE 37TH ST,Collision with:  Vehicle in traffic,On Roadway,Rear-end (front to rear),Other (explain in narrative):  Other,None Indicated,,Daylight,Dry,Clear,None apparent,Intersection:  Four-way intersection,Paved,,Property Damage Only,0,0,0,0,0,0,2000,2,2,,POINT (-93.775013102497 41.658508187682)
2014813675,2014-57893,08/18/2014,08-August,2-Monday,19:33,1900 Hours,District 6 (East Central),DAVENPORT,SCOTT,,W 46TH ST & RIPLEY ST,Collision with:  Vehicle in traffic,On Roadway,Broadside (front to side),FTYROW:  From stop sign,None Indicated,,Dusk,Dry,Clear,None apparent,Intersection:  Four-way intersection,Paved,,Possible/Unknown,0,2,0,0,2,0,6500,2,2,,POINT (-90.577912565261 41.567300284069)
2014813483,,08/18/2014,08-August,2-Monday,21:13,2100 Hours,District 5 (Southeast),,MARION,,Co Rd T15/HWY T15,Collision with:  Animal,On Roadway,Non-collision (single vehicle),Animal,None Indicated,,Dark - roadway not lighted,Dry,Clear,,Non-intersection:  Non-junction/no special feature,Paved,,Property Damage Only,0,0,0,0,0,0,1500,1,1,,POINT (-92.964754671877 41.382137858166)
2014812853,20140024117,08/18/2014,08-August,2-Monday,14:03,1400 Hours,District 1 (Central),DES MOINES,POLK,,E ARMY POST RD & INDIANOLA AVE,Collision with:  Vehicle in traffic,On Roadway,Rear-end (front to rear),Followed too close,None Indicated,,Daylight,Dry,Clear,None apparent,Intersection:  Four-way intersection,Paved,,Minor Injury,0,2,0,1,1,0,13000,3,3,,POINT (-93.577458951415 41.526192019304)
2014812868,14-15886,08/18/2014,08-August,2-Monday,08:03,0800 Hours,District 6 (East Central),BETTENDORF,SCOTT,,BELMONT RD,Collision with:  Vehicle in traffic,On Roadway,Rear-end (front to rear),Other (explain in narrative):  Other,None Indicated,,Daylight,Dry,Clear,None apparent,Non-intersection:  Driveway access (within),Paved,,Property Damage Only,0,0,0,0,0,0,5500,2,2,,POINT (-90.471644582824 41.553537272937)
2014812584,14-5447,08/18/2014,08-August,2-Monday,11:52,1100 Hours,District 1 (Central),GRIMES,POLK,,SE MIEHE DR,Collision with:  Vehicle in traffic,On Roadway,"Angle, oncoming left turn",Crossed centerline (undivided),None Indicated,,Daylight,Dry,Clear,None apparent,Non-intersection:  Non-junction/no special feature,Paved,,Property Damage Only,0,0,0,0,0,0,38000,2,2,,POINT (-93.766820520847 41.660418602535)
2014812874,14-2541,08/18/2014,08-August,2-Monday,13:29,1300 Hours,District 1 (Central),FORT DODGE,WEBSTER,,N 18TH ST,Collision with fixed object:  Utility pole/light support,Shoulder,Non-collision (single vehicle),Other (explain in narrative):  Other,None Indicated,,Daylight,Dry,Clear,None apparent,Non-intersection:  Alley,Paved,,Property Damage Only,0,0,0,0,0,0,1500,1,1,,POINT (-94.173730318873 42.513323998887)
2014813038,14-012502,08/18/2014,08-August,2-Monday,23:33,2300 Hours,District 3 (Northwest),SPENCER,CLAY,US 71,US 71,Collision with:  Animal,,,Animal,None Indicated,,,,,,,Paved,,Property Damage Only,0,0,0,0,0,0,3500,1,1,,POINT (-95.15041545959 43.187702343182)
2014832844,,08/18/2014,08-August,2-Monday,16:30,1600 Hours,District 5 (Southeast),KEOKUK,LEE,,PLEASANT LN,Collision with:  Vehicle in traffic,On Roadway,Broadside (front to side),Unknown,None Indicated,,,,,,,Paved,,Property Damage Only,0,0,0,0,0,0,2415,2,1,,POINT (-91.4010643237 40.41782709372)
2014813263,14-003549,08/18/2014,08-August,2-Monday,16:21,1600 Hours,District 1 (Central),ANKENY,POLK,,SW STATE ST,Non-collision events:  Other non-collision (explain in narrative),On Roadway,Non-collision (single vehicle),FTYROW:  From driveway,None Indicated,,Daylight,Dry,Clear,None apparent,Non-intersection:  Driveway access (within),Paved,,Property Damage Only,0,0,0,0,0,0,3500,2,2,,POINT (-93.621511304355 41.704070948282)
2014813087,14-0940,08/18/2014,08-August,2-Monday,16:15,1600 Hours,District 1 (Central),PLEASANT HILL,POLK,IA 163,IA 163/E UNIVERSITY AVE & NE 56TH ST,Collision with:  Vehicle in traffic,On Roadway,Broadside (front to side),Ran Traffic Signal,None Indicated,,Daylight,Dry,Clear,None apparent,Intersection:  Four-way intersection,Paved,,Minor Injury,0,2,0,1,1,0,16000,2,4,,POINT (-93.503217532876 41.598950638302)
2014812813,"12,479",08/18/2014,08-August,2-Monday,13:35,1300 Hours,District 3 (Northwest),SPENCER,CLAY,US 71,US 71,Collision with:  Vehicle in traffic,On Roadway,"Sideswipe, same direction",FTYROW:  Other (explain in narrative),None Indicated,,Daylight,Dry,Clear,None apparent,Non-intersection:  Non-junction/no special feature,Paved,,Property Damage Only,0,0,0,0,0,0,5500,2,3,,POINT (-95.161034941085 43.107092560659)
2014812892,14-27059,08/18/2014,08-August,2-Monday,18:37,1800 Hours,District 3 (Northwest),SIOUX CITY,WOODBURY,,LEECH AVE,Collision with:  Parked motor vehicle,On Roadway,Broadside (front to side),Other (explain in narrative):  Other,None Indicated,,Daylight,Dry,Clear,None apparent,Non-intersection:  Non-junction/no special feature,Paved,,Property Damage Only,0,0,0,0,0,0,2100,2,3,,POINT (-96.374777526882 42.487710159956)
2014813481,,08/18/2014,08-August,2-Monday,13:18,1300 Hours,District 6 (East Central),CEDAR RAPIDS,LINN,US 30,US 30/SE RAMP/SE LOOP & C STREET RD SW & C ST RD SW,Collision with:  Vehicle in traffic,On Roadway,"Angle, oncoming left turn",Unknown,None Indicated,,Daylight,Dry,Clear,,Intersection:  Intersection with ramp,Paved,,Property Damage Only,0,0,0,0,0,0,7500,2,3,,POINT (-91.637387842879 41.924929253468)
2014815236,01-14-36848,08/18/2014,08-August,2-Monday,17:43,1700 Hours,District 6 (East Central),DUBUQUE,DUBUQUE,,PENNSYLVANIA AVE & HAMBLIN CT,Collision with:  Vehicle in traffic,On Roadway,Rear-end (front to rear),Lost Control,None Indicated,,Daylight,Dry,Clear,None apparent,Non-intersection:  Non-junction/no special feature,Paved,,Property Damage Only,0,0,0,0,0,0,2000,2,4,,POINT (-90.723465809437 42.500464669086)
2014813709,14-003797,08/18/2014,08-August,2-Monday,18:32,1800 Hours,District 1 (Central),AMES,STORY,,LINCOLN WAY & WELCH AVE & WELCH RD,Collision with:  Vehicle in traffic,On Roadway,Rear-end (front to rear),Driving too fast for conditions,None Indicated,,Daylight,Dry,Clear,None apparent,Intersection:  Four-way intersection,Paved,,Property Damage Only,0,0,0,0,0,0,3200,2,4,,POINT (-93.650152632031 42.022789872112)
2014813060,14-003557,08/18/2014,08-August,2-Monday,20:00,2000 Hours,District 1 (Central),ANKENY,POLK,,NE FOUNTAINVIEW CT,Collision with fixed object:  Mailbox,Shoulder,Non-collision (single vehicle),Unknown,None Indicated,,Unknown,Unknown,Unknown,Unknown,Non-intersection:  Non-junction/no special feature,Paved,,Property Damage Only,0,0,0,0,0,0,3000,1,1,,POINT (-93.581783706241 41.73956856752)
2014813264,14-003548,08/18/2014,08-August,2-Monday,15:51,1500 Hours,District 1 (Central),ANKENY,POLK,,E 1ST ST & NE GRANT ST,Collision with:  Vehicle in traffic,On Roadway,Rear-end (front to rear),Driving too fast for conditions,None Indicated,,Daylight,Dry,Cloudy,None apparent,Non-intersection:  Non-junction/no special feature,Paved,,Property Damage Only,0,0,0,0,0,0,4000,2,2,,POINT (-93.59848798751 41.731853823718)
2014813133,2014-8836,08/18/2014,08-August,2-Monday,08:47,0800 Hours,District 3 (Northwest),,SAC,IA 110,IA 110/DEAN AVE,Collision with:  Animal,,,Animal,None Indicated,,,,,,,Paved,,Property Damage Only,0,0,0,0,0,0,2000,1,1,,POINT (-95.289303695063 42.551882055418)
2014813708,14-003796,08/18/2014,08-August,2-Monday,18:04,1800 Hours,District 1 (Central),AMES,STORY,,MAIN ST,Collision with:  Vehicle in traffic,On Roadway,Broadside (front to side),FTYROW:  From parked position,None Indicated,,Daylight,Dry,Clear,None apparent,Non-intersection:  Non-junction/no special feature,Paved,,Possible/Unknown,0,1,0,0,1,0,3500,2,3,,POINT (-93.612887097663 42.025102443099)
2014812931,14-034902,08/18/2014,08-August,2-Monday,15:53,1500 Hours,District 4 (Southwest),COUNCIL BLUFFS,POTTAWATTAMIE,,AVE J & N 21ST ST,Collision with:  Vehicle in traffic,On Roadway,Broadside (front to side),FTYROW:  From stop sign,None Indicated,,Daylight,Dry,Clear,None apparent,Non-intersection:  Driveway access (within),Paved,,Property Damage Only,0,0,0,0,0,0,3000,2,4,,POINT (-95.874809429329 41.27077589664)
2014813286,14-1825,08/18/2014,08-August,2-Monday,17:35,1700 Hours,District 1 (Central),URBANDALE,POLK,,DOUGLAS AVE,Collision with:  Vehicle in traffic,On Roadway,Rear-end (front to rear),Followed too close,None Indicated,,Daylight,Dry,Cloudy,None apparent,Non-intersection:  Non-junction/no special feature,Paved,,Property Damage Only,0,0,0,0,0,0,4500,2,3,,POINT (-93.706582745394 41.629387787354)
2014812991,2014048311,08/18/2014,08-August,2-Monday,08:50,0800 Hours,District 1 (Central),,POLK,I-35,I-35 & IA 415/2ND AVE,Collision with fixed object:  Concrete traffic barrier (median or right side),Shoulder,Non-collision (single vehicle),Swerving/Evasive Action,None Indicated,,Daylight,Dry,Clear,None apparent,Non-intersection:  Non-junction/no special feature,Paved,,Property Damage Only,0,0,0,0,0,0,1500,1,1,,POINT (-93.61999352053 41.648640355424)
2014835073,14-004772,08/18/2014,08-August,2-Monday,11:41,1100 Hours,District 2 (Northeast),GARNER,HANCOCK,US 69,US 69,Collision with fixed object:  Ditch,On Roadway,Non-collision (single vehicle),Crossed centerline (undivided),None Indicated,,Daylight,Dry,Clear,None apparent,Non-intersection:  Non-junction/no special feature,Paved,,Possible/Unknown,0,1,0,0,1,0,3500,1,2,,POINT (-93.616226656574 43.060963797639)
2014813433,14-007171,08/18/2014,08-August,2-Monday,17:45,1700 Hours,District 4 (Southwest),ATLANTIC,CASS,US 6,US 6/7TH ST & PLUM ST,Collision with:  Vehicle in traffic,On Roadway,Rear-end (front to rear),Followed too close,None Indicated,,Daylight,Dry,Clear,None apparent,Intersection:  Four-way intersection,Paved,,Possible/Unknown,0,2,0,0,2,0,6800,3,5,,POINT (-94.996380747315 41.403841280539)
2014812930,14-034896,08/18/2014,08-August,2-Monday,15:09,1500 Hours,District 4 (Southwest),COUNCIL BLUFFS,POTTAWATTAMIE,,S EXPRESSWAY,Collision with:  Vehicle in traffic,On Roadway,Rear-end (front to rear),Followed too close,None Indicated,,Daylight,Dry,Cloudy,None apparent,Non-intersection:  Non-junction/no special feature,Paved,,Property Damage Only,0,0,0,0,0,0,3000,2,3,,POINT (-95.851334036306 41.230588323347)