Iowa DOT Case Number,Law Enforcement Case Number,Date of Crash,Month of Crash,Day of Week,Time of Crash,Hour,DOT District,City Name,County Name,Route with System,Location Description,First Harmful Event,Location of First Harmful Event,Manner of Crash/Collision,Major Cause,Drug or Alcohol ,Environmental Conditions,Light Conditions,Surface Conditions,Weather Conditions,Roadway Contribution,Roadway Type,Roadway Surface,Work Zone,Crash Severity,Number of Fatalities,Number of Injuries,Number of Major Injuries,Number of Minor Injuries,Number of Possible Injuries,Number of Unknown Injuries,Amount of Property Damage,Number of Vehicles Involved,Total Number of Occupants,Travel Direction,Location
2014813339,14-29308,08/20/2014,08-August,4-Wednesday,01:13,0100 Hours,District 5 (Southeast),BURLINGTON,DES MOINES,,PLANE ST,Collision with fixed object:  Utility pole/light support,On Roadway,Non-collision (single vehicle),Ran off road - left,None Indicated,,Dark - roadway lighted,Dry,Clear,None apparent,Non-intersection:  Non-junction/no special feature,Paved,,Property Damage Only,0,0,0,0,0,0,6000,1,1,,POINT (-91.125475783374 40.810997599285)
2014818956,2014048889,08/20/2014,08-August,4-Wednesday,20:53,2000 Hours,District 1 (Central),,GRUNDY,US 20,US 20,Collision with:  Animal,,,Animal,None Indicated,,,,,,,Paved,,Property Damage Only,0,0,0,0,0,0,2500,1,1,,POINT (-92.811857706834 42.46315480022)
2014813078,20140024331,08/20/2014,08-August,4-Wednesday,07:25,0700 Hours,District 1 (Central),DES MOINES,POLK,,WATROUS AVE & FLEUR DR,Collision with:  Vehicle in traffic,On Roadway,Broadside (front to side),Other (explain in narrative):  Other,None Indicated,,Dawn,Wet,Rain,Traffic control obscured,Intersection:  Four-way intersection,Paved,,Minor Injury,0,2,0,2,0,0,6000,2,3,,POINT (-93.645003960258 41.548225227773)
2014814066,14-9663,08/20/2014,08-August,4-Wednesday,11:57,1100 Hours,District 3 (Northwest),HULL,SIOUX,,1ST ST,Collision with:  Vehicle in traffic,On Roadway,Broadside (front to side),FTYROW:  From driveway,None Indicated,,Daylight,Dry,Clear,None apparent,Non-intersection:  Driveway access (within),Paved,,Property Damage Only,0,0,0,0,0,0,7000,2,2,,POINT (-96.125273533155 43.188728511159)
2014813712,14-003822,08/20/2014,08-August,4-Wednesday,11:19,1100 Hours,District 1 (Central),AMES,STORY,,LINCOLN WAY,Collision with:  Vehicle in traffic,On Roadway,Rear-end (front to rear),Followed too close,None Indicated,,Daylight,Wet,Cloudy,"Surface condition (e.g., wet, icy)",Non-intersection:  Non-junction/no special feature,Paved,,Property Damage Only,0,0,0,0,0,0,3000,2,2,,POINT (-93.654645648271 42.022755328006)
2014813272,20140024379,08/20/2014,08-August,4-Wednesday,15:33,1500 Hours,District 1 (Central),DES MOINES,POLK,,BUCHANAN ST & E 9TH ST,Collision with fixed object:  Tree,Outside trafficway,Non-collision (single vehicle),Exceeded authorized speed,None Indicated,,Daylight,Dry,Cloudy,None apparent,Non-intersection:  Non-junction/no special feature,Paved,,Minor Injury,0,3,0,2,0,1,6000,1,3,,POINT (-93.606496700191 41.597515436915)
2014816765,01-14-36975,08/20/2014,08-August,4-Wednesday,20:54,2000 Hours,District 6 (East Central),DUBUQUE,DUBUQUE,US 52,US 52/KERRIGAN RD & IA 946/IOWA 946,Collision with:  Vehicle in traffic,On Roadway,"Sideswipe, same direction",Ran Traffic Signal,None Indicated,,Dark - roadway lighted,Dry,Clear,None apparent,Intersection:  T-intersection,Paved,,Property Damage Only,0,0,0,0,0,0,1750,2,3,,POINT (-90.662730641235 42.494486748879)
2014813289,14-1838,08/20/2014,08-August,4-Wednesday,16:20,1600 Hours,District 1 (Central),URBANDALE,POLK,,AIRLINE AVE,Collision with:  Parked motor vehicle,On Roadway,Rear-end (front to rear),Improper Backing,None Indicated,,Daylight,Dry,Clear,None apparent,Non-intersection:  Non-junction/no special feature,Paved,,Property Damage Only,0,0,0,0,0,0,2000,2,1,,POINT (-93.732567590181 41.633062175466)
2014813359,2014048738,08/20/2014,08-August,4-Wednesday,12:15,1200 Hours,District 5 (Southeast),,HENRY,,Co Rd H28/1ST ST & Co Rd W55/FRANKLIN AVE/BIRCH AVE,Collision with fixed object:  Utility pole/light support,Shoulder,Non-collision (single vehicle),Swerving/Evasive Action,None Indicated,,Daylight,Wet,Cloudy,None apparent,Non-intersection:  Non-junction/no special feature,Paved,,Possible/Unknown,0,1,0,0,1,0,5500,1,1,,POINT (-91.640357021076 41.065079122426)
2014813084,14-4078,08/20/2014,08-August,4-Wednesday,13:45,1300 Hours,District 1 (Central),WEST DES MOINES,POLK,,WESTOWN PKWY,Collision with:  Vehicle in traffic,On Roadway,"Sideswipe, same direction",Other (explain in narrative):  Other,None Indicated,,Daylight,Dry,Clear,None apparent,Non-intersection:  Non-junction/no special feature,Paved,,Property Damage Only,0,0,0,0,0,0,5500,2,4,,POINT (-93.781826382001 41.595186782347)
2014813713,14-003823,08/20/2014,08-August,4-Wednesday,12:00,1200 Hours,District 1 (Central),AMES,STORY,,CHAMBERLAIN ST,Collision with:  Parked motor vehicle,On Roadway,Rear-end (front to rear),Improper Backing,None Indicated,,Daylight,Wet,Rain,None apparent,Non-intersection:  Non-junction/no special feature,Paved,,Property Damage Only,0,0,0,0,0,0,2000,2,2,,POINT (-93.649329918018 42.021470563335)
2014813541,14-29345,08/20/2014,08-August,4-Wednesday,12:20,1200 Hours,District 5 (Southeast),WEST BURLINGTON,DES MOINES,,S GEAR AVE,Collision with:  Vehicle in traffic,On Roadway,"Sideswipe, same direction",FTYROW:  From driveway,None Indicated,,Daylight,Dry,Cloudy,None apparent,Non-intersection:  Driveway access (within),Paved,,Property Damage Only,0,0,0,0,0,0,3050,2,3,,POINT (-91.170136248173 40.814011775851)
2014813325,2014008967,08/20/2014,08-August,4-Wednesday,15:30,1500 Hours,District 6 (East Central),IOWA CITY,JOHNSON,,ROCHESTER AVE,Collision with:  Vehicle in traffic,On Roadway,Unknown,Unknown,None Indicated,,Daylight,Dry,Cloudy,None apparent,Non-intersection:  Driveway access (within),Paved,,Property Damage Only,0,0,0,0,0,0,3500,2,1,,POINT (-91.519009250675 41.663927526056)
2014813163,14-29323,08/20/2014,08-August,4-Wednesday,07:30,0700 Hours,District 5 (Southeast),BURLINGTON,DES MOINES,,LOUISA ST & MADISON AVE,Collision with:  Vehicle in traffic,On Roadway,Broadside (front to side),FTYROW:  From stop sign,None Indicated,,Daylight,Wet,Cloudy,Non-highway work,Intersection:  Four-way intersection,Paved,,Property Damage Only,0,0,0,0,0,0,3000,2,3,,POINT (-91.107447321551 40.794588196904)
2014814429,2014048893,08/20/2014,08-August,4-Wednesday,20:46,2000 Hours,District 4 (Southwest),,ADAIR,I-80,I-80,Collision with:  Animal,,,Animal,None Indicated,,,,,,,Paved,,Property Damage Only,0,0,0,0,0,0,4000,1,1,,POINT (-94.363814428441 41.494325587884)
2014813728,14003829,08/20/2014,08-August,4-Wednesday,14:01,1400 Hours,District 1 (Central),AMES,STORY,US 69,US 69/GRAND AVE & 16TH ST,Collision with:  Vehicle in traffic,On Roadway,Rear-end (front to rear),Other (explain in narrative):  Other,None Indicated,,Daylight,Dry,Clear,None apparent,Non-intersection:  Non-junction/no special feature,Paved,,Property Damage Only,0,0,0,0,0,0,2000,2,3,,POINT (-93.620420382032 42.038328637246)
2014813367,W14-083692,08/20/2014,08-August,4-Wednesday,06:00,0600 Hours,District 2 (Northeast),WATERLOO,BLACK HAWK,US 63,US 63/E MULLAN AVE & CONGER ST & NEWELL ST,Collision with:  Vehicle in traffic,On Roadway,Rear-end (front to rear),Followed too close,None Indicated,,Dark - roadway lighted,Dry,Clear,Work Zone (roadway-related),Intersection:  Four-way intersection,Paved,Yes,Possible/Unknown,0,1,0,0,1,0,4000,2,3,,POINT (-92.336656927096 42.513173326759)
2014813874,14-020607,08/20/2014,08-August,4-Wednesday,14:10,1400 Hours,District 5 (Southeast),,MARION,,Co Rd T15/HWY T15,Collision with:  Vehicle in traffic,On Roadway,Rear-end (front to rear),Separation of units,None Indicated,,Daylight,Dry,Clear,Work Zone (roadway-related),Intersection:  Other intersection (explain in narrative),Paved,Yes,Possible/Unknown,0,2,0,0,2,0,10000,2,3,,POINT (-92.975832593531 41.373466354643)
2014813283,20140024409,08/20/2014,08-August,4-Wednesday,20:18,2000 Hours,District 1 (Central),DES MOINES,POLK,,INGERSOLL AVE,Collision with:  Vehicle in traffic,On Roadway,Broadside (front to side),FTYROW:  From parked position,None Indicated,,Dark - roadway lighted,Dry,Cloudy,None apparent,Non-intersection:  Non-junction/no special feature,Paved,,Minor Injury,0,2,0,1,1,0,10500,2,2,,POINT (-93.647656416516 41.585716628761)
2014814839,14005639,08/20/2014,08-August,4-Wednesday,12:59,1200 Hours,District 2 (Northeast),ALGONA,KOSSUTH,,W STATE ST & S THORINGTON ST & N THORINGTON ST & E STATE ST,Collision with:  Vehicle in traffic,On Roadway,"Sideswipe, same direction",FTYROW:  Making left turn,None Indicated,,Daylight,Dry,Cloudy,None apparent,Intersection:  Four-way intersection,Paved,,Property Damage Only,0,0,0,0,0,0,5000,2,6,,POINT (-94.237924731227 43.068858056374)
2014813322,2014008960,08/20/2014,08-August,4-Wednesday,16:58,1600 Hours,District 6 (East Central),IOWA CITY,JOHNSON,,WESTWINDS DR & MORMON TREK BLVD,Collision with:  Vehicle in traffic,On Roadway,Rear-end (front to rear),Followed too close,None Indicated,,Daylight,Dry,Cloudy,None apparent,Intersection:  Four-way intersection,Paved,,Property Damage Only,0,0,0,0,0,0,1700,2,2,,POINT (-91.574057739882 41.650825251077)
2014813384,14-003569,08/20/2014,08-August,4-Wednesday,08:13,0800 Hours,District 1 (Central),ANKENY,POLK,US 69,US 69/S ANKENY BLVD & SW 3RD ST & SE 3RD ST,Collision with:  Vehicle in traffic,On Roadway,Broadside (front to side),Ran Traffic Signal,None Indicated,,Daylight,Wet,Rain,None apparent,Intersection:  Four-way intersection,Paved,,Property Damage Only,0,0,0,0,0,0,2900,2,2,,POINT (-93.600367019754 41.729619283243)
2014815225,01-14-036960,08/20/2014,08-August,4-Wednesday,07:42,0700 Hours,District 6 (East Central),DUBUQUE,DUBUQUE,,WOODWORTH ST,Collision with:  Parked motor vehicle,On Roadway,"Sideswipe, same direction",Lost Control,None Indicated,,Daylight,Dry,Clear,None apparent,Non-intersection:  Non-junction/no special feature,Paved,,Property Damage Only,0,0,0,0,0,0,1800,2,1,,POINT (-90.683120156798 42.511749737975)
2014814067,14-9671,08/20/2014,08-August,4-Wednesday,15:17,1500 Hours,District 3 (Northwest),,SIOUX,IA 60,IA 60/IOWA 60,Collision with:  Vehicle in traffic,On Roadway,Rear-end (front to rear),Followed too close,None Indicated,,Daylight,Dry,Cloudy,None apparent,Non-intersection:  Non-junction/no special feature,Paved,,Property Damage Only,0,0,0,0,0,0,5050,2,2,,POINT (-95.885058189109 43.126756964239)
2014813079,20140024337,08/20/2014,08-August,4-Wednesday,08:14,0800 Hours,District 1 (Central),DES MOINES,POLK,IA 163,IA 163/E UNIVERSITY AVE,Collision with:  Vehicle in traffic,On Roadway,"Sideswipe, same direction",Improper or erratic lane changing,None Indicated,,Daylight,Wet,Rain,None apparent,Intersection:  Four-way intersection,Paved,,Property Damage Only,0,0,0,0,0,0,2200,2,2,,POINT (-93.60036989333 41.600628070636)
2014813308,14-27356,08/20/2014,08-August,4-Wednesday,23:31,2300 Hours,District 3 (Northwest),SIOUX CITY,WOODBURY,I-29,I-29 & LARSEN PARK RD & HAMILTON BLVD,Collision with:  Vehicle in traffic,On Roadway,"Angle, oncoming left turn",Unknown,None Indicated,,Dark - roadway lighted,Dry,Cloudy,None apparent,Intersection:  Four-way intersection,Paved,,Property Damage Only,0,0,0,0,0,0,2000,2,2,,POINT (-96.424364355102 42.491451211284)
2014813076,20140023345,08/20/2014,08-August,4-Wednesday,09:30,0900 Hours,District 1 (Central),DES MOINES,POLK,I-235,I-235,Collision with fixed object:  Bridge overhead structure,On Roadway,Non-collision (single vehicle),Lost Control,None Indicated,,Daylight,Wet,Rain,"Surface condition (e.g., wet, icy)",Interchange-related:  Off-ramp,Paved,,Possible/Unknown,0,1,0,0,1,0,5000,1,1,,POINT (-93.632168235042 41.595566687656)
2014813984,,08/20/2014,08-August,4-Wednesday,17:09,1700 Hours,District 2 (Northeast),NEW HAMPTON,CHICKASAW,,E PROSPECT ST,Collision with:  Vehicle in traffic,On Roadway,"Sideswipe, same direction",FTYROW:  From driveway,None Indicated,,Daylight,Dry,Cloudy,None apparent,Non-intersection:  Other non-intersection (explain in narrative),Paved,,Property Damage Only,0,0,0,0,0,0,4000,2,2,,POINT (-92.312061712543 43.060240002495)
2014813077,20140024332,08/20/2014,08-August,4-Wednesday,07:55,0700 Hours,District 1 (Central),DES MOINES,POLK,I-235,I-235,Collision with:  Vehicle in traffic,On Roadway,Rear-end (front to rear),Other (explain in narrative):  Other,None Indicated,,Daylight,Wet,Rain,None apparent,Non-intersection:  Non-junction/no special feature,Paved,,Property Damage Only,0,0,0,0,0,0,6500,3,3,,POINT (-93.60593308465 41.594987372901)
2014813358,2014048672,08/20/2014,08-August,4-Wednesday,09:00,0900 Hours,District 5 (Southeast),,WARREN,I-35,I-35,Collision with:  Vehicle in traffic,On Roadway,"Sideswipe, same direction",Crossed centerline (undivided),None Indicated,,Daylight,Water (standing or moving),Rain,"Surface condition (e.g., wet, icy)",Non-intersection:  Non-junction/no special feature,Paved,,Property Damage Only,0,0,0,0,0,0,3500,2,3,,POINT (-93.780103150776 41.485841001274)
2014813288,14-1835,08/20/2014,08-August,4-Wednesday,15:35,1500 Hours,District 1 (Central),URBANDALE,POLK,,MEREDITH DR,Collision with:  Vehicle in traffic,On Roadway,Rear-end (front to rear),Other (explain in narrative):  Other,None Indicated,,Daylight,Dry,Cloudy,None apparent,Non-intersection:  Non-junction/no special feature,Paved,,Possible/Unknown,0,1,0,0,1,0,4000,3,3,,POINT (-93.760500885422 41.643923518486)
2014813326,S14-003286,08/20/2014,08-August,4-Wednesday,06:15,0600 Hours,District 4 (Southwest),,POTTAWATTAMIE,US 6,US 6,Collision with:  Animal,,,Animal,None Indicated,,,,,,,Paved,,Property Damage Only,0,0,0,0,0,0,2500,1,1,,POINT (-95.617417938487 41.289457181994)
2014813282,20140024407,08/20/2014,08-August,4-Wednesday,19:48,1900 Hours,District 1 (Central),DES MOINES,POLK,,MLK JR PKWY,Collision with:  Vehicle in traffic,On Roadway,Rear-end (front to rear),Followed too close,None Indicated,,Dusk,Dry,Cloudy,None apparent,Non-intersection:  Non-junction/no special feature,Paved,,Property Damage Only,0,0,0,0,0,0,3000,2,2,,POINT (-93.64688294644 41.616390589348)
2014813062,20140024339,08/20/2014,08-August,4-Wednesday,08:08,0800 Hours,District 1 (Central),DES MOINES,POLK,,PARK AVE & SW 9TH ST,Collision with:  Vehicle in traffic,On Roadway,Broadside (front to side),FTYROW:  Making left turn,None Indicated,,Daylight,Wet,Rain,None apparent,Intersection:  Four-way intersection,Paved,,Property Damage Only,0,0,0,0,0,0,10000,2,3,,POINT (-93.625781552216 41.555465232575)
2014813364,14005634,08/20/2014,08-August,4-Wednesday,07:20,0700 Hours,District 2 (Northeast),,KOSSUTH,US 18,US 18 & Co Rd P30/90 AVE,Collision with:  Vehicle in traffic,On Roadway,Broadside (front to side),FTYROW:  From stop sign,None Indicated,,Daylight,Dry,Cloudy,None apparent,Intersection:  Four-way intersection,Paved,,Possible/Unknown,0,1,0,0,1,0,13000,2,2,,POINT (-94.285972270673 43.082933956206)
2014813528,14014354,08/20/2014,08-August,4-Wednesday,13:51,1300 Hours,District 2 (Northeast),MASON CITY,CERRO GORDO,US 65,US 65/S WASHINGTON AVE & 2ND ST SW,Collision with:  Vehicle in traffic,On Roadway,"Sideswipe, same direction","Operating vehicle in an reckless, erratic, careless, negligent manner",None Indicated,,Daylight,Dry,Cloudy,None apparent,Non-intersection:  Non-junction/no special feature,Paved,,Property Damage Only,0,0,0,0,0,0,5000,2,2,,POINT (-93.202644552673 43.14996228877)
2014814161,20140024390,08/20/2014,08-August,4-Wednesday,16:25,1600 Hours,District 1 (Central),DES MOINES,POLK,,MAURY ST & SE 30TH ST,Collision with:  Vehicle in traffic,On Roadway,Rear-end (front to rear),Driving too fast for conditions,None Indicated,,Daylight,Dry,Cloudy,None apparent,Non-intersection:  Non-junction/no special feature,Paved,,Possible/Unknown,0,1,0,0,0,1,1500,2,2,,POINT (-93.55832379137 41.579925094415)
2014813412,08-14-062,08/20/2014,08-August,4-Wednesday,12:15,1200 Hours,District 3 (Northwest),LE MARS,PLYMOUTH,,PLYMOUTH ST,Collision with:  Parked motor vehicle,Shoulder,Rear-end (front to rear),Driving too fast for conditions,None Indicated,,Daylight,Wet,Rain,None apparent,Non-intersection:  Non-junction/no special feature,Paved,,Property Damage Only,0,0,0,0,0,0,4500,2,1,,POINT (-96.157233124213 42.793073025072)
2014815034,14-012613,08/20/2014,08-August,4-Wednesday,12:53,1200 Hours,District 2 (Northeast),CHARLES CITY,FLOYD,,5TH AVE,Collision with:  Vehicle in traffic,On Roadway,Broadside (front to side),Improper Backing,None Indicated,,Daylight,Dry,Clear,None apparent,Non-intersection:  Non-junction/no special feature,Paved,,Property Damage Only,0,0,0,0,0,0,3000,2,1,,POINT (-92.663617891911 43.067342407017)
2014813422,14-5092,08/20/2014,08-August,4-Wednesday,11:46,1100 Hours,District 3 (Northwest),CHEROKEE,CHEROKEE,IA 3,IA 3/IOWA 3 & RIVERVIEW DR,Collision with:  Vehicle in traffic,On Roadway,Broadside (front to side),FTYROW:  From stop sign,None Indicated,,Daylight,Wet,Rain,Unknown,Intersection:  Four-way intersection,Paved,,Property Damage Only,0,0,0,0,0,0,9500,2,2,,POINT (-95.534715265043 42.763038183555)
2014813386,14-003575,08/20/2014,08-August,4-Wednesday,14:00,1400 Hours,District 1 (Central),ANKENY,POLK,US 69,US 69/S ANKENY BLVD,Collision with:  Vehicle in traffic,On Roadway,Rear-end (front to rear),Other (explain in narrative):  Other,None Indicated,,Daylight,Dry,Cloudy,None apparent,Non-intersection:  Non-junction/no special feature,Paved,,Possible/Unknown,0,1,0,0,1,0,7000,3,4,,POINT (-93.600337019616 41.728979940726)
2014813181,2014048647,08/20/2014,08-August,4-Wednesday,04:20,0400 Hours,District 1 (Central),,JASPER,I-80,I-80,Collision with:  Animal,,,Animal,None Indicated,,,,,,,Paved,,Property Damage Only,0,0,0,0,0,0,2000,1,1,,POINT (-92.929280547271 41.680752997916)
2014813300,14-2571,08/20/2014,08-August,4-Wednesday,18:25,1800 Hours,District 1 (Central),FORT DODGE,WEBSTER,,5TH AVE N,Collision with:  Vehicle in traffic,On Roadway,Head-on (front to front),Lost Control,None Indicated,,Daylight,Dry,Cloudy,None apparent,Intersection:  Four-way intersection,Paved,,Property Damage Only,0,0,0,0,0,0,7500,2,1,,POINT (-94.1778562677 42.511345439659)
2014813582,14-020612,08/20/2014,08-August,4-Wednesday,15:07,1500 Hours,District 5 (Southeast),,MARION,,Co Rd T15/OLD HWY 92,Non-collision events:  Other non-collision (explain in narrative),On Roadway,Non-collision (single vehicle),Equipment failure,None Indicated,,Daylight,Dry,Cloudy,None apparent,Non-intersection:  Non-junction/no special feature,Paved,,Possible/Unknown,0,1,0,0,1,0,1700,1,1,,POINT (-93.032343957153 41.319463214579)
2014813299,14-2569,08/20/2014,08-August,4-Wednesday,13:27,1300 Hours,District 1 (Central),FORT DODGE,WEBSTER,,1ST AVE S,Collision with:  Vehicle in traffic,On Roadway,Unknown,FTYROW:  From stop sign,None Indicated,,Daylight,Wet,Rain,None apparent,Non-intersection:  Driveway access (within),Paved,,Property Damage Only,0,0,0,0,0,0,3000,2,2,,POINT (-94.162259067919 42.505200708267)
2014816056,,08/20/2014,08-August,4-Wednesday,15:24,1500 Hours,District 5 (Southeast),FORT MADISON,LEE,,AVE L,Collision with:  Vehicle in traffic,On Roadway,"Sideswipe, same direction",Crossed centerline (undivided),None Indicated,,Daylight,Dry,Cloudy,None apparent,Non-intersection:  Non-junction/no special feature,Paved,,Property Damage Only,0,0,0,0,0,0,2000,2,4,,POINT (-91.352322045606 40.626732015662)
2014814678,C14002613,08/20/2014,08-August,4-Wednesday,17:58,1700 Hours,District 6 (East Central),CORALVILLE,JOHNSON,I-80,I-80 & IA 965/CORAL RIDGE AVE & COMMERCE DR,Collision with:  Vehicle in traffic,On Roadway,Rear-end (front to rear),Followed too close,None Indicated,,Daylight,Dry,Clear,None apparent,Non-intersection:  Non-junction/no special feature,Paved,,Property Damage Only,0,0,0,0,0,0,1600,2,5,,POINT (-91.608463777811 41.695966106141)
2014813340,14-29318,08/20/2014,08-August,4-Wednesday,05:07,0500 Hours,District 5 (Southeast),BURLINGTON,DES MOINES,,OSBORN ST,Collision with:  Vehicle in traffic,On Roadway,Head-on (front to front),Swerving/Evasive Action,Alcohol (< Statutory),,Dark - roadway lighted,Dry,Clear,None apparent,Non-intersection:  Non-junction/no special feature,Paved,,Minor Injury,0,1,0,1,0,0,4000,2,1,,POINT (-91.112619401421 40.821624330196)
2014813679,2014-58221,08/20/2014,08-August,4-Wednesday,14:09,1400 Hours,District 6 (East Central),DAVENPORT,SCOTT,,IA 461/BRADY ST,Collision with:  Vehicle in traffic,On Roadway,Rear-end (front to rear),Followed too close,None Indicated,,Daylight,Dry,Clear,None apparent,Non-intersection:  Non-junction/no special feature,Paved,,Property Damage Only,0,0,0,0,0,0,7500,3,4,,POINT (-90.574015595809 41.537478985765)
2014813124,14-29352,08/20/2014,08-August,4-Wednesday,13:29,1300 Hours,District 5 (Southeast),BURLINGTON,DES MOINES,US 61,US 61 & WEST AVE,Collision with:  Vehicle in traffic,On Roadway,Rear-end (front to rear),Other (explain in narrative):  Other,None Indicated,,Daylight,Dry,Cloudy,None apparent,Non-intersection:  Non-junction/no special feature,Paved,,Property Damage Only,0,0,0,0,0,0,1500,2,2,,POINT (-91.141634016804 40.800413628696)
2014813290,14-1839,08/20/2014,08-August,4-Wednesday,16:38,1600 Hours,District 4 (Southwest),URBANDALE,DALLAS,,156TH ST & 260TH ST,Collision with:  Vehicle in traffic,On Roadway,"Sideswipe, same direction",FTYROW:  From stop sign,None Indicated,,Daylight,Dry,Cloudy,None apparent,Intersection:  Four-way intersection,Paved,,Property Damage Only,0,0,0,0,0,0,2000,2,4,,POINT (-93.833680432683 41.658169676786)
2014813081,20140024330,08/20/2014,08-August,4-Wednesday,07:26,0700 Hours,District 1 (Central),DES MOINES,POLK,I-235,I-235 & 31ST ST,Collision with:  Vehicle in traffic,On Roadway,Rear-end (front to rear),Followed too close,None Indicated,,Dawn,Wet,Rain,None apparent,Non-intersection:  Other non-intersection (explain in narrative),Paved,,Property Damage Only,0,0,0,0,0,0,2500,2,2,,POINT (-93.6593927445 41.593098907076)
2014813080,20140024329,08/20/2014,08-August,4-Wednesday,07:00,0700 Hours,District 1 (Central),DES MOINES,POLK,,31ST ST,Collision with:  Vehicle in traffic,On Roadway,Rear-end (front to rear),Driving too fast for conditions,None Indicated,,Dark - roadway lighted,Wet,Rain,None apparent,Non-intersection:  Non-junction/no special feature,Paved,,Possible/Unknown,0,1,0,0,1,0,5000,2,2,,POINT (-93.659357714381 41.587298444173)
2014814771,2014-58519,08/20/2014,08-August,4-Wednesday,18:28,1800 Hours,District 6 (East Central),DAVENPORT,SCOTT,,ELMORE AVE,Collision with:  Vehicle in traffic,On Roadway,"Sideswipe, same direction",FTYROW:  Other (explain in narrative),None Indicated,,Daylight,Dry,Cloudy,None apparent,Non-intersection:  Non-junction/no special feature,Paved,,Property Damage Only,0,0,0,0,0,0,5000,2,4,,POINT (-90.528466317005 41.572677978983)
2014813434,14-007229,08/20/2014,08-August,4-Wednesday,16:09,1600 Hours,District 4 (Southwest),ATLANTIC,CASS,US 6,US 6/7TH ST,Collision with:  Vehicle in traffic,On Roadway,Rear-end (front to rear),Driving too fast for conditions,None Indicated,,Daylight,Dry,Clear,None apparent,Intersection:  Four-way intersection,Paved,,Possible/Unknown,0,1,0,0,1,0,2150,2,2,,POINT (-95.00294895902 41.403862191083)
2014813385,14-003573,08/20/2014,08-August,4-Wednesday,12:10,1200 Hours,District 1 (Central),ANKENY,POLK,,SE DELAWARE AVE,Collision with:  Vehicle in traffic,On Roadway,Rear-end (front to rear),Other (explain in narrative):  Other,None Indicated,,Daylight,Wet,Rain,None apparent,Non-intersection:  Driveway access (within),Paved,,Minor Injury,0,1,0,1,0,0,5000,2,3,,POINT (-93.581287419386 41.701858546783)
2014813315,14C03843,08/20/2014,08-August,4-Wednesday,07:02,0700 Hours,District 4 (Southwest),CRESTON,UNION,,N OAK ST,Collision with:  Parked motor vehicle,On Roadway,"Angle, oncoming left turn",Crossed centerline (undivided),None Indicated,,Daylight,Dry,Clear,None apparent,Non-intersection:  Non-junction/no special feature,Paved,,Property Damage Only,0,0,0,0,0,0,7000,2,2,,POINT (-94.364999559828 41.057638409152)
2014813580,14019327,08/20/2014,08-August,4-Wednesday,11:34,1100 Hours,District 5 (Southeast),OSKALOOSA,MAHASKA,IA 23,IA 23/IOWA 23 & 17TH AVE E,Collision with:  Vehicle in traffic,On Roadway,"Sideswipe, same direction",Driving too fast for conditions,None Indicated,,Daylight,Wet,Rain,"Surface condition (e.g., wet, icy)",Intersection:  T-intersection,Paved,,Property Damage Only,0,0,0,0,0,0,4000,2,2,,POINT (-92.621452722595 41.278607699681)
2014813600,14-1005,08/20/2014,08-August,4-Wednesday,08:54,0800 Hours,District 1 (Central),CLIVE,POLK,I-35,I-35,Collision with:  Vehicle in traffic,On Roadway,"Sideswipe, same direction",Swerving/Evasive Action,None Indicated,,Daylight,Wet,Rain,"Surface condition (e.g., wet, icy)",Interchange-related:  On-ramp merge area,Paved,,Possible/Unknown,0,1,0,0,1,0,8000,2,3,,POINT (-93.776880370134 41.604984113833)
2014813686,2014-58499,08/20/2014,08-August,4-Wednesday,18:41,1800 Hours,District 6 (East Central),DAVENPORT,SCOTT,,IA 461/BRADY ST & GEORGE WASHINGTON BLVD,Collision with:  Vehicle in traffic,On Roadway,"Angle, oncoming left turn",FTYROW:  Making left turn,None Indicated,,Daylight,Dry,Clear,None apparent,Intersection:  Four-way intersection,Paved,,Property Damage Only,0,0,0,0,0,0,4000,2,3,,POINT (-90.569271150531 41.553410122511)
2014813802,2014-4009,08/20/2014,08-August,4-Wednesday,07:25,0700 Hours,District 4 (Southwest),WAUKEE,DALLAS,,Co Rd F64/ASHWORTH RD & SE LA GRANT PAR,Collision with:  Vehicle in traffic,On Roadway,Broadside (front to side),FTYROW:  From stop sign,None Indicated,,Dawn,Wet,Rain,"Surface condition (e.g., wet, icy)",Intersection:  T-intersection,Paved,,Possible/Unknown,0,2,0,0,2,0,7900,2,2,,POINT (-93.866317639892 41.577800741898)
2014813280,20140024381,08/20/2014,08-August,4-Wednesday,15:36,1500 Hours,District 1 (Central),DES MOINES,POLK,,SW 7TH ST & SW 6TH AVE,Collision with:  Vehicle in traffic,On Roadway,Broadside (front to side),Ran Traffic Signal,None Indicated,,Daylight,Dry,Cloudy,None apparent,Intersection:  Four-way intersection,Paved,,Property Damage Only,0,0,0,0,0,0,3000,2,2,,POINT (-93.624294888661 41.581657480933)
2014813255,201412294,08/20/2014,08-August,4-Wednesday,18:39,1800 Hours,District 6 (East Central),CEDAR RAPIDS,LINN,,16TH AVE SW & EDGEWOOD RD SW,Collision with:  Vehicle in traffic,On Roadway,Rear-end (front to rear),Followed too close,None Indicated,,Daylight,Dry,Cloudy,None apparent,Intersection:  Four-way intersection,Paved,,Property Damage Only,0,0,0,0,0,0,4700,3,3,,POINT (-91.716017216317 41.963563836534)