Iowa DOT Case Number,Law Enforcement Case Number,Date of Crash,Month of Crash,Day of Week,Time of Crash,Hour,DOT District,City Name,County Name,Route with System,Location Description,First Harmful Event,Location of First Harmful Event,Manner of Crash/Collision,Major Cause,Drug or Alcohol ,Environmental Conditions,Light Conditions,Surface Conditions,Weather Conditions,Roadway Contribution,Roadway Type,Roadway Surface,Work Zone,Crash Severity,Number of Fatalities,Number of Injuries,Number of Major Injuries,Number of Minor Injuries,Number of Possible Injuries,Number of Unknown Injuries,Amount of Property Damage,Number of Vehicles Involved,Total Number of Occupants,Travel Direction,Location
2014813684,2014-58484,08/20/2014,08-August,4-Wednesday,17:16,1700 Hours,District 6 (East Central),DAVENPORT,SCOTT,IA 130,IA 130/NEW LIBERTY RD,Collision with:  Vehicle in traffic,Outside trafficway,Broadside (front to side),Other (explain in narrative):  Other,None Indicated,,Daylight,Dry,Clear,None apparent,Non-intersection:  Non-junction/no special feature,Paved,,Property Damage Only,0,0,0,0,0,0,6000,2,2,,POINT (-90.625027174348 41.604381242061)
2014813344,14-29361,08/20/2014,08-August,4-Wednesday,15:23,1500 Hours,District 5 (Southeast),BURLINGTON,DES MOINES,,WEST AVE & LAWRENCE DR,Collision with:  Vehicle in traffic,On Roadway,Broadside (front to side),Unknown,None Indicated,,Daylight,Dry,Clear,None apparent,Intersection:  T-intersection,Paved,,Possible/Unknown,0,1,0,0,1,0,5500,2,3,,POINT (-91.140010025186 40.800414475809)
2014813727,14003826,08/20/2014,08-August,4-Wednesday,13:20,1300 Hours,District 1 (Central),AMES,STORY,US 30,US 30/SW RAMP CURV,Collision with:  Vehicle in traffic,On Roadway,Rear-end (front to rear),Driving too fast for conditions,None Indicated,,Daylight,Wet,Rain,None apparent,Non-intersection:  Non-junction/no special feature,Paved,,Property Damage Only,0,0,0,0,0,0,2500,2,5,,POINT (-93.611566323632 42.003241484498)
2014813576,14-003796,08/20/2014,08-August,4-Wednesday,12:49,1200 Hours,District 3 (Northwest),LARCHWOOD,LYON,,FELL ST,Collision with:  Vehicle in traffic,On Roadway,Broadside (front to side),FTYROW:  From driveway,None Indicated,,Daylight,Dry,Cloudy,None apparent,Non-intersection:  Driveway access (within),Paved,,Property Damage Only,0,0,0,0,0,0,4000,2,2,,POINT (-96.440280673955 43.454758772732)
2014813917,2014-58498,08/20/2014,08-August,4-Wednesday,17:46,1700 Hours,District 6 (East Central),DAVENPORT,SCOTT,,E 53RD ST,Collision with:  Vehicle in traffic,On Roadway,"Sideswipe, same direction",FTYROW:  Other (explain in narrative),None Indicated,,Daylight,Dry,Clear,None apparent,Non-intersection:  Non-junction/no special feature,Paved,,Minor Injury,0,1,0,1,0,0,2000,2,3,,POINT (-90.542647047295 41.574774366517)
2014813442,14-29368,08/20/2014,08-August,4-Wednesday,16:20,1600 Hours,District 5 (Southeast),BURLINGTON,DES MOINES,US 61,US 61,Collision with:  Vehicle in traffic,On Roadway,"Angle, oncoming left turn",FTYROW:  Making left turn,None Indicated,,Daylight,Dry,Cloudy,None apparent,Intersection:  Four-way intersection,Paved,,Possible/Unknown,0,2,0,0,2,0,9500,2,2,,POINT (-91.14136846991 40.828189500478)
2014814463,2014048850,08/20/2014,08-August,4-Wednesday,12:28,1200 Hours,District 1 (Central),,POWESHIEK,I-80,I-80,Non-collision events:  Overturn/rollover,On Roadway,Non-collision (single vehicle),Over correcting/over steering,None Indicated,,Daylight,Wet,Cloudy,None apparent,Non-intersection:  Non-junction/no special feature,Paved,,Fatal,1,1,0,1,0,0,10500,1,2,,POINT (-92.519620866001 41.6955242936)
2014813296,891405460,08/20/2014,08-August,4-Wednesday,17:20,1700 Hours,District 5 (Southeast),,VAN BUREN,,ROBIN AVE,Collision with fixed object:  Ditch,On Roadway,Non-collision (single vehicle),Swerving/Evasive Action,Alcohol (Statutory),,Daylight,Dry,Clear,None apparent,Non-intersection:  Non-junction/no special feature,Unpaved,,Minor Injury,0,1,0,1,0,0,5000,1,1,,POINT (-91.843763367248 40.655382417949)
2014814428,2014048655,08/20/2014,08-August,4-Wednesday,07:15,0700 Hours,District 4 (Southwest),,DALLAS,,I AVE,Non-collision events:  Overturn/rollover,Roadside,Non-collision (single vehicle),Swerving/Evasive Action,None Indicated,,Dark - roadway not lighted,"Mud, dirt",Rain,"Surface condition (e.g., wet, icy)",Non-intersection:  Non-junction/no special feature,Unpaved,,Possible/Unknown,0,1,0,0,1,0,1500,1,1,,POINT (-94.127088345684 41.546041633119)
2014813535,14005091,08/20/2014,08-August,4-Wednesday,11:29,1100 Hours,District 3 (Northwest),MARCUS,CHEROKEE,IA 143,IA 143/AMES AVE & E FENTON ST,Collision with:  Vehicle in traffic,On Roadway,Broadside (front to side),Ran off road - right,None Indicated,,Daylight,Wet,Rain,None apparent,Intersection:  T-intersection,Paved,,Major Injury,0,1,1,0,0,0,23000,2,2,,POINT (-95.799494236744 42.818963093116)
2014815250,02-14-12361,08/20/2014,08-August,4-Wednesday,15:04,1500 Hours,District 6 (East Central),,DUBUQUE,US 52,US 52 & IA 32 & Co Rd Y35/JOHN DEERE RD S,Collision with:  Vehicle in traffic,On Roadway,Rear-end (front to rear),Followed too close,None Indicated,,Daylight,Dry,Cloudy,None apparent,Intersection:  Four-way intersection,Paved,,Property Damage Only,0,0,0,0,0,0,1600,2,2,,POINT (-90.693563438219 42.541524561256)
2014813682,2014-58402,08/20/2014,08-August,4-Wednesday,10:08,1000 Hours,District 6 (East Central),DAVENPORT,SCOTT,,E HIGH ST,Collision with:  Parked motor vehicle,On Roadway,Unknown,Unknown,None Indicated,,Daylight,Unknown,Unknown,Unknown,Non-intersection:  Non-junction/no special feature,Paved,,Property Damage Only,0,0,0,0,0,0,3500,2,1,,POINT (-90.537495361023 41.540530006758)
2014820698,2014-64-AC,08/20/2014,08-August,4-Wednesday,13:00,1300 Hours,District 3 (Northwest),,DICKINSON,IA 9,IA 9/IOWA 9 & Co Rd N14/310TH AVE,Collision with:  Vehicle in traffic,On Roadway,Rear-end (front to rear),Other (explain in narrative):  Vision obstructed,None Indicated,,Daylight,Dry,Cloudy,None apparent,Intersection:  Four-way intersection,Paved,,Property Damage Only,0,0,0,0,0,0,2000,2,2,,POINT (-94.973908550513 43.430506918207)
2014813212,W14-083800,08/20/2014,08-August,4-Wednesday,14:20,1400 Hours,District 2 (Northeast),WATERLOO,BLACK HAWK,US 20,US 20/NW RAMP & IA 21/HAWKEYE RD,Collision with:  Vehicle in traffic,On Roadway,Rear-end (front to rear),Followed too close,None Indicated,,Daylight,Wet,Rain,None apparent,Intersection:  Other intersection (explain in narrative),Paved,,Property Damage Only,0,0,0,0,0,0,2800,2,4,,POINT (-92.346759020871 42.454837408237)
2014813314,14083823,08/20/2014,08-August,4-Wednesday,15:42,1500 Hours,District 2 (Northeast),CEDAR FALLS,BLACK HAWK,,MIDWAY DR,Collision with:  Vehicle in traffic,On Roadway,Broadside (front to side),FTYROW:  From driveway,None Indicated,,Daylight,Dry,Cloudy,None apparent,Non-intersection:  Driveway access (within),Paved,,Property Damage Only,0,0,0,0,0,0,3500,2,2,,POINT (-92.406386371236 42.506450136973)
2014814139,14005143,08/20/2014,08-August,4-Wednesday,09:35,0900 Hours,District 2 (Northeast),,CERRO GORDO,,Co Rd B60/150TH ST & SPRUCE AVE,Collision with fixed object:  Guardrail - face,Shoulder,Non-collision (single vehicle),Crossed centerline (undivided),None Indicated,,Daylight,Dry,Cloudy,None apparent,Non-intersection:  Non-junction/no special feature,Paved,,Property Damage Only,0,0,0,0,0,0,16765,1,1,,POINT (-93.142625471267 42.979669499825)
2014813301,14-27251,08/20/2014,08-August,4-Wednesday,07:41,0700 Hours,District 3 (Northwest),SIOUX CITY,WOODBURY,,14TH ST & GRANDVIEW BLVD,Collision with:  Parked motor vehicle,On Roadway,"Sideswipe, same direction",Swerving/Evasive Action,None Indicated,,Daylight,Wet,Cloudy,None apparent,Intersection:  Four-way intersection,Paved,,Property Damage Only,0,0,0,0,0,0,7300,3,1,,POINT (-96.40798382318 42.505032543462)
2014813075,20140024333,08/20/2014,08-August,4-Wednesday,07:20,0700 Hours,District 1 (Central),DES MOINES,POLK,,E PORTER AVE & SE 5TH ST,Collision with:  Vehicle in traffic,On Roadway,Rear-end (front to rear),Driving too fast for conditions,None Indicated,,Dark - roadway not lighted,Wet,Rain,None apparent,Non-intersection:  Non-junction/no special feature,Paved,,Possible/Unknown,0,1,0,0,1,0,7000,2,2,,POINT (-93.606475003878 41.533635851799)
2014813256,14017642,08/20/2014,08-August,4-Wednesday,15:10,1500 Hours,District 6 (East Central),MARION,LINN,,S 22ND ST & HILLVIEW DR,Collision with:  Vehicle in traffic,On Roadway,Rear-end (front to rear),FTYROW:  From stop sign,None Indicated,,Daylight,Dry,Cloudy,None apparent,Intersection:  Four-way intersection,Paved,,Property Damage Only,0,0,0,0,0,0,3000,2,3,,POINT (-91.588856975921 42.022269748221)
2014813213,W14-083815,08/20/2014,08-August,4-Wednesday,15:10,1500 Hours,District 2 (Northeast),WATERLOO,BLACK HAWK,,CORNWALL AVE & KIMBALL AVE,Collision with:  Vehicle in traffic,On Roadway,Rear-end (front to rear),Other (explain in narrative):  Other,None Indicated,,Daylight,Dry,Cloudy,None apparent,Intersection:  T-intersection,Paved,,Property Damage Only,0,0,0,0,0,0,20000,3,4,,POINT (-92.35703803573 42.474807539527)
2014813719,14-003851,08/21/2014,08-August,5-Thursday,16:54,1600 Hours,District 1 (Central),AMES,STORY,,UNIVERSITY BLVD & S 4TH ST,Collision with:  Vehicle in traffic,On Roadway,Rear-end (front to rear),FTYROW:  Making right turn on red signal,None Indicated,,Daylight,Dry,Cloudy,None apparent,Intersection:  Four-way intersection,Paved,,Property Damage Only,0,0,0,0,0,0,4000,2,2,,POINT (-93.632283833913 42.016287872545)
2014813807,14-169,08/21/2014,08-August,5-Thursday,06:31,0600 Hours,District 2 (Northeast),WAVERLY,BREMER,IA 3,IA 3/BREMER AVE & 10TH ST SW & 10TH ST NW,Collision with:  Vehicle in traffic,On Roadway,Rear-end (front to rear),Followed too close,None Indicated,,Daylight,Wet,Cloudy,None apparent,Non-intersection:  Non-junction/no special feature,Paved,,Possible/Unknown,0,1,0,0,1,0,1550,2,2,,POINT (-92.483059177895 42.725677307316)
2014813275,20140024467,08/21/2014,08-August,5-Thursday,10:45,1000 Hours,District 1 (Central),DES MOINES,POLK,,COLLEGE AVE,Collision with:  Vehicle in traffic,On Roadway,"Sideswipe, same direction",Separation of units,None Indicated,,Daylight,Wet,Rain,None apparent,Non-intersection:  Non-junction/no special feature,Paved,,Possible/Unknown,0,1,0,0,1,0,3000,2,3,,POINT (-93.62423348917 41.607661718276)
2014813530,14014434,08/21/2014,08-August,5-Thursday,15:06,1500 Hours,District 2 (Northeast),MASON CITY,CERRO GORDO,,MAPLE DR & E STATE ST & S KENTUCKY AVE & N KENTUCKY AVE,Collision with:  Vehicle in traffic,On Roadway,Broadside (front to side),FTYROW:  Other (explain in narrative),None Indicated,,Daylight,Dry,Cloudy,None apparent,Intersection:  Five points or more,Paved,,Property Damage Only,0,0,0,0,0,0,6500,2,5,,POINT (-93.18109032124 43.151745373587)
2014813691,2014-58665,08/21/2014,08-August,5-Thursday,08:56,0800 Hours,District 6 (East Central),DAVENPORT,SCOTT,,W 83RD ST,Collision with:  Vehicle in traffic,On Roadway,Broadside (front to side),FTYROW:  From driveway,None Indicated,,Daylight,Dry,Clear,None apparent,Non-intersection:  Driveway access (within),Paved,,Property Damage Only,0,0,0,0,0,0,4000,2,2,,POINT (-90.627036266565 41.603585159441)
2014814466,2014049024,08/21/2014,08-August,5-Thursday,16:15,1600 Hours,District 6 (East Central),,JOHNSON,I-380,I-380,Collision with:  Vehicle in traffic,On Roadway,Rear-end (front to rear),Followed too close,None Indicated,,Daylight,Wet,Cloudy,None apparent,Non-intersection:  Non-junction/no special feature,Paved,,Property Damage Only,0,0,0,0,0,0,6000,2,2,,POINT (-91.668298740764 41.854689447955)
2014813497,W14-084195,08/21/2014,08-August,5-Thursday,16:53,1600 Hours,District 2 (Northeast),WATERLOO,BLACK HAWK,,E MITCHELL AVE & LA PORTE RD,Collision with:  Vehicle in traffic,On Roadway,"Angle, oncoming left turn",FTYROW:  Making left turn,None Indicated,,Daylight,Dry,Clear,None apparent,Intersection:  Other intersection (explain in narrative),Paved,,Possible/Unknown,0,1,0,0,1,0,2500,2,3,,POINT (-92.322736007507 42.476627289269)
2014813806,14-168,08/21/2014,08-August,5-Thursday,14:50,1400 Hours,District 2 (Northeast),WAVERLY,BREMER,IA 116,IA 116/4TH ST SW & 5TH AVE SW,Collision with:  Vehicle in traffic,On Roadway,Rear-end (front to rear),Other (explain in narrative):  Other,None Indicated,,Daylight,Dry,Cloudy,None apparent,Non-intersection:  Non-junction/no special feature,Paved,,Property Damage Only,0,0,0,0,0,0,6500,2,2,,POINT (-92.475599615252 42.720915510384)
2014813423,14-035408,08/21/2014,08-August,5-Thursday,18:15,1800 Hours,District 4 (Southwest),COUNCIL BLUFFS,POTTAWATTAMIE,,AVE C & N 26TH ST,Collision with:  Vehicle in traffic,On Roadway,Broadside (front to side),FTYROW:  At uncontrolled intersection,None Indicated,,Daylight,Dry,Clear,None apparent,Intersection:  Four-way intersection,Paved,,Property Damage Only,0,0,0,0,0,0,2500,2,3,,POINT (-95.884348836938 41.264574918419)
2014813368,W14-084185,08/21/2014,08-August,5-Thursday,16:05,1600 Hours,District 2 (Northeast),WATERLOO,BLACK HAWK,US 63,US 63/E MULLAN AVE & DANE ST,Collision with:  Vehicle in traffic,On Roadway,Broadside (front to side),Ran Traffic Signal,None Indicated,,Daylight,Dry,Clear,None apparent,Intersection:  Four-way intersection,Paved,,Property Damage Only,0,0,0,0,0,0,12000,3,3,,POINT (-92.336666136691 42.507697847959)
2014813720,14-003852,08/21/2014,08-August,5-Thursday,17:10,1700 Hours,District 1 (Central),AMES,STORY,,S 16TH ST,Non-collision events:  Other non-collision (explain in narrative),On Roadway,Non-collision (single vehicle),Lost Control,None Indicated,,Daylight,Dry,Cloudy,None apparent,Intersection:  Four-way intersection,Paved,,Minor Injury,0,1,0,1,0,0,1500,1,1,,POINT (-93.625708241694 42.008353072122)
2014813427,14-035398,08/21/2014,08-August,5-Thursday,17:21,1700 Hours,District 4 (Southwest),COUNCIL BLUFFS,POTTAWATTAMIE,,S 21ST ST,Collision with:  Vehicle in traffic,On Roadway,"Sideswipe, same direction",Lost Control,None Indicated,,Daylight,Dry,Clear,None apparent,Non-intersection:  Non-junction/no special feature,Paved,,Property Damage Only,0,0,0,0,0,0,4500,2,1,,POINT (-95.87531727685 41.256785375035)
2014814297,14-07938,08/21/2014,08-August,5-Thursday,11:25,1100 Hours,District 5 (Southeast),MOUNT PLEASANT,HENRY,,N JEFFERSON ST,Collision with:  Parked motor vehicle,On Roadway,"Sideswipe, same direction",FTYROW:  From parked position,None Indicated,,Daylight,Dry,Clear,None apparent,Non-intersection:  Non-junction/no special feature,Paved,,Property Damage Only,0,0,0,0,0,0,2000,2,3,,POINT (-91.554485510868 40.967235833653)
2014813210,W14-084103,08/21/2014,08-August,5-Thursday,11:52,1100 Hours,District 2 (Northeast),WATERLOO,BLACK HAWK,,HAMMOND AVE,Collision with:  Vehicle in traffic,On Roadway,Rear-end (front to rear),Followed too close,None Indicated,,Daylight,Wet,Rain,None apparent,Non-intersection:  Non-junction/no special feature,Paved,,Possible/Unknown,0,1,0,0,1,0,4500,2,2,,POINT (-92.336863646511 42.461354886106)
2014813269,20140024457,08/21/2014,08-August,5-Thursday,08:40,0800 Hours,District 1 (Central),DES MOINES,POLK,,56TH ST,Collision with:  Parked motor vehicle,On Roadway,Broadside (front to side),Improper Backing,None Indicated,,Daylight,Dry,Cloudy,None apparent,Non-intersection:  Non-junction/no special feature,Paved,,Property Damage Only,0,0,0,0,0,0,1500,2,1,,POINT (-93.694344173399 41.617707993099)
2014814947,20140024525,08/21/2014,08-August,5-Thursday,22:17,2200 Hours,District 1 (Central),DES MOINES,POLK,,HICKMAN RD,Collision with:  Vehicle in traffic,Outside trafficway,Broadside (front to side),Over correcting/over steering,None Indicated,,Dark - roadway lighted,Dry,Cloudy,None apparent,Non-intersection:  Driveway access (within),Paved,,Property Damage Only,0,0,0,0,0,0,1700,2,5,,POINT (-93.649917744862 41.615004376882)
2014814052,14-16174,08/21/2014,08-August,5-Thursday,17:40,1700 Hours,District 6 (East Central),BETTENDORF,SCOTT,,CROW CREEK RD & 31ST ST,Collision with:  Vehicle in traffic,On Roadway,"Angle, oncoming left turn",Crossed centerline (undivided),None Indicated,,Daylight,Wet,Rain,"Surface condition (e.g., wet, icy)",Non-intersection:  Non-junction/no special feature,Paved,,Property Damage Only,0,0,0,0,0,0,1700,2,3,,POINT (-90.488814837726 41.567756457155)
2014813431,14084118,08/21/2014,08-August,5-Thursday,12:40,1200 Hours,District 2 (Northeast),CEDAR FALLS,BLACK HAWK,IA 57,IA 57/1ST ST,Collision with:  Vehicle in traffic,On Roadway,Rear-end (front to rear),Other (explain in narrative):  Other,None Indicated,,Daylight,Wet,Cloudy,None apparent,Non-intersection:  Non-junction/no special feature,Paved,,Property Damage Only,0,0,0,0,0,0,12500,2,2,,POINT (-92.46381164018 42.53784826876)
2014814298,14-07939,08/21/2014,08-August,5-Thursday,12:48,1200 Hours,District 5 (Southeast),MOUNT PLEASANT,HENRY,,E WASHINGTON ST & S WILSON ST,Collision with:  Vehicle in traffic,On Roadway,"Sideswipe, same direction",FTYROW:  Other (explain in narrative),None Indicated,,Daylight,Dry,Clear,None apparent,Non-intersection:  Non-junction/no special feature,Paved,,Property Damage Only,0,0,0,0,0,0,6500,2,2,,POINT (-91.540470827443 40.964158695428)
2014813251,201412322,08/21/2014,08-August,5-Thursday,08:35,0800 Hours,District 6 (East Central),CEDAR RAPIDS,LINN,,5TH AVE SE & 8TH ST SE,Collision with:  Vehicle in traffic,On Roadway,Broadside (front to side),FTYROW:  From stop sign,None Indicated,,Daylight,Dry,Cloudy,None apparent,Intersection:  Four-way intersection,Paved,,Property Damage Only,0,0,0,0,0,0,18000,2,2,,POINT (-91.658575731749 41.979100548345)
2014813835,2014049042,08/21/2014,08-August,5-Thursday,17:40,1700 Hours,District 3 (Northwest),,SAC,,Co Rd N28/DAKOTA AVE & 280TH ST,Non-collision events:  Overturn/rollover,Roadside,Non-collision (single vehicle),Made improper turn,None Indicated,,Daylight,Dry,Clear,None apparent,Intersection:  Four-way intersection,Paved,,Possible/Unknown,0,1,0,0,1,0,10000,1,1,,POINT (-94.857165642174 42.384970300158)
2014814198,CL14002974,08/21/2014,08-August,5-Thursday,16:55,1600 Hours,District 6 (East Central),CLINTON,CLINTON,,5TH AVE S,Collision with:  Vehicle in traffic,On Roadway,Rear-end (front to rear),FTYROW:  From parked position,None Indicated,,Daylight,Dry,Clear,None apparent,Non-intersection:  Non-junction/no special feature,Paved,,Property Damage Only,0,0,0,0,0,0,6000,2,3,,POINT (-90.194597603178 41.841176730412)
2014817041,A14062,08/21/2014,08-August,5-Thursday,10:40,1000 Hours,District 5 (Southeast),KNOXVILLE,MARION,,E ROBINSON ST & S 2ND ST,Collision with:  Vehicle in traffic,On Roadway,"Sideswipe, same direction",Improper Backing,None Indicated,,Daylight,Dry,Cloudy,None apparent,Non-intersection:  Other non-intersection (explain in narrative),Paved,,Property Damage Only,0,0,0,0,0,0,5000,2,2,,POINT (-93.097627140904 41.318030157931)
2014814791,14-27374,08/21/2014,08-August,5-Thursday,06:06,0600 Hours,District 3 (Northwest),SIOUX CITY,WOODBURY,I-29,I-29 & 1ST ST,Collision with:  Vehicle in traffic,On Roadway,Rear-end (front to rear),Followed too close,None Indicated,,Dark - roadway lighted,Dry,Cloudy,None apparent,Non-intersection:  Non-junction/no special feature,Paved,,Property Damage Only,0,0,0,0,0,0,2500,2,2,,POINT (-96.368317590555 42.40066420583)
2014813748,14-27426,08/21/2014,08-August,5-Thursday,15:10,1500 Hours,District 3 (Northwest),SIOUX CITY,WOODBURY,,6TH AVE & S OLEANDER ST,Non-collision events:  Other non-collision (explain in narrative),On Roadway,Non-collision (single vehicle),Swerving/Evasive Action,None Indicated,,Daylight,Dry,Clear,None apparent,Intersection:  T-intersection,Paved,,Possible/Unknown,0,1,0,0,1,0,54500,1,4,,POINT (-96.335323801427 42.467372537701)
2014813688,2014-58618,08/21/2014,08-August,5-Thursday,06:02,0600 Hours,District 6 (East Central),DAVENPORT,SCOTT,,W 4TH ST & FILLMORE ST,Collision with:  Vehicle in traffic,On Roadway,Broadside (front to side),Ran Traffic Signal,Refused,,Daylight,Dry,Clear,None apparent,Intersection:  Other intersection (explain in narrative),Paved,,Minor Injury,0,2,0,2,0,0,17000,2,2,,POINT (-90.594314230409 41.523450335371)
2014813250,201412320,08/21/2014,08-August,5-Thursday,08:03,0800 Hours,District 6 (East Central),CEDAR RAPIDS,LINN,,OLD MARION RD NE,Collision with:  Vehicle in traffic,On Roadway,Rear-end (front to rear),Lost Control,None Indicated,,Daylight,Wet,Cloudy,None apparent,Intersection:  Four-way intersection,Paved,,Possible/Unknown,0,1,0,0,1,0,5300,2,6,,POINT (-91.643055552734 42.02501285487)
2014813837,2014049057,08/21/2014,08-August,5-Thursday,20:43,2000 Hours,District 1 (Central),,WEBSTER,US 20,US 20,Collision with:  Animal,,,Animal,None Indicated,,,,,,,Paved,,Property Damage Only,0,0,0,0,0,0,5000,1,1,,POINT (-94.313403951893 42.449488747484)
2014813254,201412341,08/21/2014,08-August,5-Thursday,11:41,1100 Hours,District 6 (East Central),CENTRAL CITY,LINN,,F AVE NW & WESTWOOD DR NW,Collision with:  Vehicle in traffic,On Roadway,Broadside (front to side),FTYROW:  From stop sign,None Indicated,,Daylight,Dry,Cloudy,None apparent,Intersection:  Four-way intersection,Paved,,Possible/Unknown,0,1,0,0,1,0,17000,2,3,,POINT (-91.703016932295 41.979800444764)
2014813383,14-5519,08/21/2014,08-August,5-Thursday,18:29,1800 Hours,District 1 (Central),,POLK,IA 141,IA 141/IOWA 141 & Co Rd F4R/NW 121ST ST,Collision with:  Vehicle in traffic,On Roadway,Broadside (front to side),FTYROW:  From stop sign,None Indicated,,Daylight,Dry,Clear,None apparent,Intersection:  Four-way intersection,Paved,,Property Damage Only,0,0,0,0,0,0,7000,2,3,,POINT (-93.785115295536 41.74358316806)
2014813954,201402940,08/21/2014,08-August,5-Thursday,14:12,1400 Hours,District 6 (East Central),,LINN,US 151,US 151/DUBUQUE RD,Collision with:  Animal,,,Animal,None Indicated,,,,,,,Paved,,Property Damage Only,0,0,0,0,0,0,5500,1,1,,POINT (-91.467372503605 42.05036928991)
2014815226,01-14-036989,08/21/2014,08-August,5-Thursday,10:35,1000 Hours,District 6 (East Central),DUBUQUE,DUBUQUE,,BELLEVUE RD & ROCKDALE RD,Collision with:  Vehicle in traffic,On Roadway,Rear-end (front to rear),Lost Control,None Indicated,,Daylight,Dry,Cloudy,None apparent,Non-intersection:  Non-junction/no special feature,Paved,,Possible/Unknown,0,1,0,0,1,0,4000,2,2,,POINT (-90.677268297251 42.461381978041)
2014813377,201412323,08/21/2014,08-August,5-Thursday,08:54,0800 Hours,District 6 (East Central),CEDAR RAPIDS,LINN,,WILEY BLVD NW & JOHNSON AVE NW,Collision with:  Vehicle in traffic,On Roadway,"Angle, oncoming left turn",FTYROW:  Making left turn,None Indicated,,Daylight,Wet,"Fog, smoke, smog",None apparent,Intersection:  Four-way intersection,Paved,,Minor Injury,0,1,0,1,0,0,10000,2,4,,POINT (-91.725783774758 41.971238105181)
2014813211,W14-084119,08/21/2014,08-August,5-Thursday,12:41,1200 Hours,District 2 (Northeast),WATERLOO,BLACK HAWK,US 218,US 218/WASHINGTON ST,Collision with:  Vehicle in traffic,On Roadway,Rear-end (front to rear),Other (explain in narrative):  Other,None Indicated,,Daylight,Wet,Rain,None apparent,Intersection:  Four-way intersection,Paved,,Possible/Unknown,0,1,0,0,1,0,3000,2,2,,POINT (-92.327867009081 42.483727091137)
2014813375,201412336,08/21/2014,08-August,5-Thursday,10:43,1000 Hours,District 6 (East Central),CEDAR RAPIDS,LINN,I-380,I-380 & CENTER POINT RD NE,Collision with:  Vehicle in traffic,On Roadway,Unknown,Ran Traffic Signal,None Indicated,,Daylight,Wet,Cloudy,None apparent,Intersection:  Intersection with ramp,Paved,,Property Damage Only,0,0,0,0,0,0,17200,3,5,,POINT (-91.668029119516 42.028772871128)
2014813749,14-27431,08/21/2014,08-August,5-Thursday,14:28,1400 Hours,District 3 (Northwest),SIOUX CITY,WOODBURY,,FLOYD BLVD,Collision with:  Vehicle in traffic,On Roadway,Rear-end (front to rear),Followed too close,None Indicated,,Daylight,Dry,Clear,None apparent,Non-intersection:  Non-junction/no special feature,Paved,,Possible/Unknown,0,1,0,0,1,0,1800,2,2,,POINT (-96.37519226737 42.527047564638)
2014814131,14-012649,08/21/2014,08-August,5-Thursday,05:45,0500 Hours,District 2 (Northeast),MARBLE ROCK,FLOYD,IA 14,IA 14/IOWA 14,Collision with:  Animal,,,Animal,None Indicated,,,,,,,Paved,,Property Damage Only,0,0,0,0,0,0,2500,1,1,,POINT (-92.810247896133 42.973612670037)
2014814430,2014048959,08/21/2014,08-August,5-Thursday,10:35,1000 Hours,District 6 (East Central),DAVENPORT,SCOTT,I-80,I-80 & Co Rd Y48/BUFFALO AVE,Collision with:  Vehicle in traffic,On Roadway,Rear-end (front to rear),Driver Distraction:  Inattentive/lost in thought,None Indicated,,Daylight,Dry,Cloudy,None apparent,Non-intersection:  Non-junction/no special feature,Paved,,Major Injury,0,1,1,0,0,0,23500,2,3,,POINT (-90.685671573428 41.603736378519)
2014813292,14-4093,08/21/2014,08-August,5-Thursday,11:10,1100 Hours,District 1 (Central),WEST DES MOINES,POLK,,22ND ST,Collision with:  Vehicle in traffic,On Roadway,"Angle, oncoming left turn",FTYROW:  Making left turn,None Indicated,,Daylight,Wet,Cloudy,None apparent,Non-intersection:  Driveway access (within),Paved,,Property Damage Only,0,0,0,0,0,0,2400,2,2,,POINT (-93.736105193499 41.598920367258)
2014813312,14-035375,08/21/2014,08-August,5-Thursday,15:08,1500 Hours,District 4 (Southwest),COUNCIL BLUFFS,POTTAWATTAMIE,,MID AMERICA DR,Collision with:  Vehicle in traffic,On Roadway,"Sideswipe, same direction",Other (explain in narrative):  Other,None Indicated,,Daylight,Dry,Clear,None apparent,Non-intersection:  Non-junction/no special feature,Paved,,Property Damage Only,0,0,0,0,0,0,2000,2,5,,POINT (-95.880869860437 41.234319723669)
2014813716,14-003844,08/21/2014,08-August,5-Thursday,13:30,1300 Hours,District 1 (Central),AMES,STORY,,MAIN ST & KELLOGG AVE,Collision with:  Vehicle in traffic,On Roadway,"Sideswipe, opposite direction",FTYROW:  From stop sign,None Indicated,,Daylight,Dry,Clear,None apparent,Intersection:  Four-way intersection,Paved,,Property Damage Only,0,0,0,0,0,0,2800,2,2,,POINT (-93.613720707274 42.025116001602)
2014813396,20140024498,08/21/2014,08-August,5-Thursday,17:05,1700 Hours,District 1 (Central),DES MOINES,POLK,,6TH AVE,Collision with:  Vehicle in traffic,On Roadway,Rear-end (front to rear),Followed too close,None Indicated,,Daylight,Dry,Cloudy,None apparent,Non-intersection:  Non-junction/no special feature,Paved,,Minor Injury,0,1,0,1,0,0,2000,3,3,,POINT (-93.625713685103 41.600628035369)
2014814068,14-9714,08/21/2014,08-August,5-Thursday,18:15,1800 Hours,District 3 (Northwest),,SIOUX,US 75,US 75 & Co Rd B30/360TH ST,Collision with fixed object:  Traffic sign support,Roadside,Non-collision (single vehicle),Swerving/Evasive Action,None Indicated,,Daylight,Dry,Clear,None apparent,Intersection:  Four-way intersection,Paved,,Property Damage Only,0,0,0,0,0,0,7000,1,2,,POINT (-96.176433119872 43.127901186206)