Iowa DOT Case Number,Law Enforcement Case Number,Date of Crash,Month of Crash,Day of Week,Time of Crash,Hour,DOT District,City Name,County Name,Route with System,Location Description,First Harmful Event,Location of First Harmful Event,Manner of Crash/Collision,Major Cause,Drug or Alcohol ,Environmental Conditions,Light Conditions,Surface Conditions,Weather Conditions,Roadway Contribution,Roadway Type,Roadway Surface,Work Zone,Crash Severity,Number of Fatalities,Number of Injuries,Number of Major Injuries,Number of Minor Injuries,Number of Possible Injuries,Number of Unknown Injuries,Amount of Property Damage,Number of Vehicles Involved,Total Number of Occupants,Travel Direction,Location
2014816235,14000385,08/22/2014,08-August,6-Friday,20:59,2000 Hours,District 5 (Southeast),ALBIA,MONROE,,B AVE E,Collision with:  Vehicle in traffic,On Roadway,Rear-end (front to rear),Other (explain in narrative):  Other,None Indicated,,Dark - roadway not lighted,Dry,Clear,None apparent,Non-intersection:  Non-junction/no special feature,Paved,,Possible/Unknown,0,2,0,0,2,0,4000,2,4,,POINT (-92.806613072553 41.029041843399)
2014815309,2014049105,08/22/2014,08-August,6-Friday,05:14,0500 Hours,District 6 (East Central),BENNETT,CEDAR,IA 130,IA 130/IOWA 130 & UNION AVE,Collision with fixed object:  Ditch,Outside trafficway,Non-collision (single vehicle),Ran off road - right,None Indicated,,Dark - roadway not lighted,Dry,Clear,None apparent,Non-intersection:  Driveway access (within),Paved,,Minor Injury,0,1,0,1,0,0,16000,1,1,,POINT (-90.975714819223 41.745066106238)
2014814433,2014049118,08/22/2014,08-August,6-Friday,07:00,0700 Hours,District 6 (East Central),CORALVILLE,JOHNSON,I-380,I-380,Collision with:  Vehicle in traffic,On Roadway,Rear-end (front to rear),Equipment failure,None Indicated,,Daylight,Wet,Rain,None apparent,Non-intersection:  Non-junction/no special feature,Paved,,Property Damage Only,0,0,0,0,0,0,3000,2,2,,POINT (-91.639815911118 41.697152133413)
2014813392,20140024551,08/22/2014,08-August,6-Friday,07:45,0700 Hours,District 1 (Central),DES MOINES,POLK,US 6,US 6/E EUCLID AVE,Collision with:  Vehicle in traffic,On Roadway,Head-on (front to front),Lost Control,None Indicated,,Daylight,Dry,Cloudy,Work Zone (roadway-related),Non-intersection:  Non-junction/no special feature,Paved,Yes,Possible/Unknown,0,1,0,0,1,0,13000,3,3,,POINT (-93.619588774765 41.627700857786)
2014813854,14-049,08/22/2014,08-August,6-Friday,14:52,1400 Hours,District 3 (Northwest),,CALHOUN,,Co Rd N41/JENNINGS AVE,Collision with:  Vehicle in traffic,On Roadway,"Sideswipe, opposite direction",Crossed centerline (undivided),None Indicated,,Daylight,Dry,Cloudy,None apparent,Intersection:  T-intersection,Paved,,Possible/Unknown,0,1,0,0,1,0,10000,2,3,,POINT (-94.726973480256 42.296516293049)
2014813428,14-035519,08/22/2014,08-August,6-Friday,14:13,1400 Hours,District 4 (Southwest),COUNCIL BLUFFS,POTTAWATTAMIE,,7TH AVE & S 16TH ST,Collision with:  Parked motor vehicle,On Roadway,"Sideswipe, same direction",Lost Control,None Indicated,,Daylight,Dry,Clear,None apparent,Non-intersection:  Non-junction/no special feature,Paved,,Property Damage Only,0,0,0,0,0,0,4000,2,777,,POINT (-95.867589031631 41.255276073533)
2014813967,CL14002982,08/22/2014,08-August,6-Friday,11:25,1100 Hours,District 6 (East Central),CLINTON,CLINTON,US 67,US 67/N 2ND ST & IA 136/IOWA 136 & 19TH AVE N,Collision with:  Vehicle in traffic,On Roadway,Broadside (front to side),FTYROW:  From stop sign,None Indicated,,Daylight,Wet,Rain,None apparent,Intersection:  Four-way intersection,Paved,,Property Damage Only,0,0,0,0,0,0,5000,2,2,,POINT (-90.182141275269 41.866213579789)
2014814023,14-020792,08/22/2014,08-August,6-Friday,17:27,1700 Hours,District 5 (Southeast),,MARION,IA 163,IA 163/IOWA 163,Collision with:  Vehicle in traffic,On Roadway,Rear-end (front to rear),Swerving/Evasive Action,None Indicated,,Daylight,Dry,Clear,None apparent,Non-intersection:  Non-junction/no special feature,Paved,,Possible/Unknown,0,1,0,0,1,0,9500,3,5,,POINT (-92.958093559864 41.418670493888)
2014813464,14-035494,08/22/2014,08-August,6-Friday,12:17,1200 Hours,District 4 (Southwest),COUNCIL BLUFFS,POTTAWATTAMIE,I-29,I-29,Collision with:  Vehicle in traffic,On Roadway,Rear-end (front to rear),Unknown,None Indicated,,Daylight,Dry,Cloudy,None apparent,"Interchange-related:  Off-ramp, diverge area",Paved,,Property Damage Only,0,0,0,0,0,0,1500,2,2,,POINT (-95.852910245725 41.230621302881)
2014813925,14-27570,08/22/2014,08-August,6-Friday,18:15,1800 Hours,District 3 (Northwest),SIOUX CITY,WOODBURY,,STONE AVE & S CECELIA ST,Collision with:  Vehicle in traffic,On Roadway,Broadside (front to side),FTYROW:  From stop sign,None Indicated,,Daylight,Dry,Clear,None apparent,Intersection:  Four-way intersection,Paved,,Property Damage Only,0,0,0,0,0,0,4500,2,4,,POINT (-96.367218361667 42.479252388454)
2014813869,14-014322,08/22/2014,08-August,6-Friday,20:15,2000 Hours,District 5 (Southeast),,HENRY,US 34,US 34,Collision with:  Animal,,,Animal,None Indicated,,,,,,,Paved,,Property Damage Only,0,0,0,0,0,0,7000,1,1,,POINT (-91.71053243732 40.984436614051)
2014813650,14-4124,08/22/2014,08-August,6-Friday,16:45,1600 Hours,District 1 (Central),WEST DES MOINES,POLK,I-235,I-235,Collision with:  Vehicle in traffic,On Roadway,"Sideswipe, same direction",Improper or erratic lane changing,None Indicated,,Daylight,Dry,Cloudy,None apparent,Non-intersection:  Non-junction/no special feature,Paved,,Property Damage Only,0,0,0,0,0,0,2000,2,4,,POINT (-93.720263605786 41.593328146214)
2014813721,14-003872,08/22/2014,08-August,6-Friday,12:25,1200 Hours,District 1 (Central),AMES,STORY,US 69,US 69/S DUFF AVE,Collision with:  Vehicle in traffic,On Roadway,"Angle, oncoming left turn",FTYROW:  Making left turn,None Indicated,,Daylight,Dry,Cloudy,None apparent,Non-intersection:  Driveway access (within),Paved,,Property Damage Only,0,0,0,0,0,0,5000,2,2,,POINT (-93.610310262955 42.014587478613)
2014813585,14680750,08/22/2014,08-August,6-Friday,17:14,1700 Hours,District 5 (Southeast),,MONROE,IA 137,IA 137/IOWA 137 & Co Rd H33/160TH ST,Collision with:  Vehicle in traffic,On Roadway,Rear-end (front to rear),Followed too close,None Indicated,,Daylight,Dry,Clear,None apparent,Intersection:  T-intersection,Paved,,Possible/Unknown,0,1,0,0,1,0,11500,2,2,,POINT (-92.802979771034 41.074643956013)
2014816535,2014049259,08/22/2014,08-August,6-Friday,17:13,1700 Hours,District 4 (Southwest),,POTTAWATTAMIE,I-29,I-29,Collision with:  Vehicle in traffic,Median,"Sideswipe, same direction",Ran off road - left,None Indicated,,Daylight,Wet,Rain,None apparent,Non-intersection:  Non-junction/no special feature,Paved,,Property Damage Only,0,0,0,0,0,0,3501,2,4,,POINT (-95.901817134705 41.502546805515)
2014815419,14-1603,08/22/2014,08-August,6-Friday,22:30,2200 Hours,District 1 (Central),POLK CITY,POLK,,NW 118TH AVE,Collision with:  Vehicle in traffic,On Roadway,Unknown,Unknown,None Indicated,,Dark - roadway not lighted,Dry,Clear,None apparent,Non-intersection:  Non-junction/no special feature,Paved,,Property Damage Only,0,0,0,0,0,0,2000,2,3,,POINT (-93.692377020289 41.776937781387)
2014813623,20140024615,08/22/2014,08-August,6-Friday,18:50,1800 Hours,District 1 (Central),DES MOINES,POLK,,19TH ST,Collision with:  Vehicle in traffic,On Roadway,Rear-end (front to rear),Followed too close,None Indicated,,Daylight,Dry,Cloudy,None apparent,Non-intersection:  Non-junction/no special feature,Paved,,Property Damage Only,0,0,0,0,0,0,2500,2,2,,POINT (-93.643905063074 41.60903040365)
2014817225,14-072,08/22/2014,08-August,6-Friday,17:33,1700 Hours,District 3 (Northwest),SIOUX CENTER,SIOUX,,410TH ST,Collision with fixed object:  Ditch,On Roadway,Non-collision (single vehicle),Lost Control,None Indicated,,Daylight,Dry,Cloudy,None apparent,Non-intersection:  Non-junction/no special feature,Paved,,Property Damage Only,0,0,0,0,0,0,1500,1,3,,POINT (-96.16229910429 43.055198464743)
2014813868,144928,08/22/2014,08-August,6-Friday,23:50,2300 Hours,District 1 (Central),,HARDIN,,R AVE,Collision with fixed object:  Ditch,On Roadway,Non-collision (single vehicle),Ran off road - straight,None Indicated,,Dark - roadway not lighted,Dry,Clear,None apparent,Non-intersection:  Non-junction/no special feature,Unpaved,,Possible/Unknown,0,1,0,0,1,0,2000,1,3,,POINT (-93.144811386426 42.492577007751)
2014814468,2014049244,08/22/2014,08-August,6-Friday,16:07,1600 Hours,District 1 (Central),,POLK,I-35,I-35,Collision with:  Vehicle in traffic,On Roadway,Rear-end (front to rear),Followed too close,None Indicated,,Daylight,Dry,Clear,None apparent,Interchange-related:  On-ramp merge area,Paved,,Property Damage Only,0,0,0,0,0,0,3000,2,3,,POINT (-93.624673140593 41.649488712837)
2014813723,14-003878,08/22/2014,08-August,6-Friday,15:00,1500 Hours,District 1 (Central),AMES,STORY,,S 16TH ST,Collision with:  Vehicle in traffic,On Roadway,Rear-end (front to rear),Followed too close,None Indicated,,Daylight,Dry,Cloudy,None apparent,Non-intersection:  Non-junction/no special feature,Paved,,Property Damage Only,0,0,0,0,0,0,8000,2,2,,POINT (-93.626590731201 42.00844733107)
2014813758,14-035543,08/22/2014,08-August,6-Friday,17:08,1700 Hours,District 4 (Southwest),COUNCIL BLUFFS,POTTAWATTAMIE,,3RD AVE,Collision with:  Vehicle in traffic,On Roadway,Broadside (front to side),Ran Stop Sign,None Indicated,,Daylight,Wet,Clear,None apparent,Intersection:  Four-way intersection,Paved,,Possible/Unknown,0,1,0,0,1,0,3000,2,3,,POINT (-95.893611031165 41.258893488466)
2014815459,14-8736,08/22/2014,08-August,6-Friday,22:10,2200 Hours,District 3 (Northwest),CARROLL,CARROLL,,AMY AVE,Collision with:  Vehicle in traffic,On Roadway,Unknown,Unknown,None Indicated,,Dark - unknown roadway lighting,Wet,Rain,None apparent,Non-intersection:  Non-junction/no special feature,Paved,,Property Damage Only,0,0,0,0,0,0,1500,2,1,,POINT (-94.852233996547 42.069233074018)
2014813978,2014049219,08/22/2014,08-August,6-Friday,13:57,1300 Hours,District 1 (Central),DES MOINES,POLK,I-35,I-35 & NE 22ND ST,Collision with:  Vehicle in traffic,On Roadway,Rear-end (front to rear),Other (explain in narrative):  Other,None Indicated,,Daylight,Wet,Rain,None apparent,Non-intersection:  Non-junction/no special feature,Paved,,Property Damage Only,0,0,0,0,0,0,15000,3,6,,POINT (-93.581312882986 41.651283428051)
2014814249,,08/22/2014,08-August,6-Friday,14:15,1400 Hours,District 3 (Northwest),PAULLINA,OBRIEN,,W BERTHA ST & S RUTLEDGE ST,Collision with:  Vehicle in traffic,On Roadway,Broadside (front to side),FTYROW:  From yield sign,None Indicated,,Daylight,Dry,Clear,None apparent,Intersection:  Four-way intersection,Paved,,Property Damage Only,0,0,0,0,0,0,7500,2,2,,POINT (-95.689066034168 42.974436171461)
2014813376,201412397,08/22/2014,08-August,6-Friday,09:47,0900 Hours,District 6 (East Central),CEDAR RAPIDS,LINN,,19TH ST SE,Collision with:  Vehicle in traffic,On Roadway,"Sideswipe, same direction",Lost Control,None Indicated,,Daylight,Dry,Cloudy,None apparent,Non-intersection:  Non-junction/no special feature,Paved,,Property Damage Only,0,0,0,0,0,0,7000,2,2,,POINT (-91.642139077602 41.975538876121)
2014813571,201412420,08/22/2014,08-August,6-Friday,19:04,1900 Hours,District 6 (East Central),CEDAR RAPIDS,LINN,,2ND AVE SW & 11TH ST SW,Collision with:  Vehicle in traffic,On Roadway,"Sideswipe, same direction",Made improper turn,None Indicated,,Dusk,Dry,Clear,None apparent,Intersection:  Four-way intersection,Paved,,Property Damage Only,0,0,0,0,0,0,6000,2,6,,POINT (-91.685029310264 41.97112071571)
2014813606,20140024594,08/22/2014,08-August,6-Friday,16:23,1600 Hours,District 1 (Central),DES MOINES,POLK,,COTTAGE GROVE AVE & 31ST ST,Collision with:  Vehicle in traffic,On Roadway,Broadside (front to side),FTYROW:  From stop sign,None Indicated,,Daylight,Dry,Cloudy,None apparent,Intersection:  Four-way intersection,Paved,,Possible/Unknown,0,1,0,0,1,0,11000,3,3,,POINT (-93.659351668944 41.598494473139)
2014813575,14-003824,08/22/2014,08-August,6-Friday,07:59,0700 Hours,District 3 (Northwest),ROCK RAPIDS,LYON,,S 2ND AVE & S ADAMS ST,Collision with:  Vehicle in traffic,On Roadway,Broadside (front to side),FTYROW:  At uncontrolled intersection,None Indicated,,Daylight,Dry,Clear,None apparent,Non-intersection:  Non-junction/no special feature,Paved,,Possible/Unknown,0,1,0,0,1,0,24000,2,2,,POINT (-96.173988353524 43.430848060739)
2014814126,14-8991,08/22/2014,08-August,6-Friday,11:22,1100 Hours,District 3 (Northwest),,CALHOUN,US 20,US 20/US20 & Co Rd N28/DAKOTA AVE,Collision with:  Vehicle in traffic,On Roadway,Broadside (front to side),FTYROW:  From yield sign,None Indicated,,Daylight,Dry,Cloudy,None apparent,Intersection:  Other intersection (explain in narrative),Paved,,Property Damage Only,0,0,0,0,0,0,27000,2,3,,POINT (-94.856828704862 42.449734857536)
2014813602,20140024579,08/22/2014,08-August,6-Friday,13:30,1300 Hours,District 1 (Central),DES MOINES,POLK,US 6,US 6/MERLE HAY RD,Collision with:  Vehicle in traffic,On Roadway,Rear-end (front to rear),Swerving/Evasive Action,None Indicated,,Daylight,"Mud, dirt",Rain,"Surface condition (e.g., wet, icy)",Intersection:  Four-way intersection,Paved,,Possible/Unknown,0,1,0,0,1,0,950,3,4,,POINT (-93.697769657829 41.62927048593)
2014815189,2014-58896,08/22/2014,08-August,6-Friday,00:28,0000 Hours,District 6 (East Central),DAVENPORT,SCOTT,,W 6TH ST & N DIVISION ST,Collision with fixed object:  Other fixed object (explain in narrative),On Roadway,Non-collision (single vehicle),Other (explain in narrative):  Other,Refused,,Dark - roadway lighted,Dry,Clear,Work Zone (roadway-related),Non-intersection:  Non-junction/no special feature,Paved,Yes,Property Damage Only,0,0,0,0,0,0,11000,1,1,,POINT (-90.601181675855 41.525710382195)
2014814978,2014-59002,08/22/2014,08-August,6-Friday,11:49,1100 Hours,District 6 (East Central),DAVENPORT,SCOTT,,W 7TH ST,Collision with fixed object:  Other fixed object (explain in narrative),Outside trafficway,Non-collision (single vehicle),Ran off road - right,None Indicated,,Daylight,Wet,Cloudy,None apparent,Non-intersection:  Non-junction/no special feature,Paved,,Possible/Unknown,0,1,0,0,1,0,2300,1,2,,POINT (-90.593868140424 41.526755367547)
2014813701,2014-59093,08/22/2014,08-August,6-Friday,17:22,1700 Hours,District 6 (East Central),DAVENPORT,SCOTT,,IA 461/BRADY ST & E 13TH ST,Collision with:  Vehicle in traffic,On Roadway,"Angle, oncoming left turn",Lost Control,Under Influence of Alcohol/Drugs/Medications,,Daylight,Dry,Clear,None apparent,Non-intersection:  Non-junction/no special feature,Paved,,Property Damage Only,0,0,0,0,0,0,4000,2,3,,POINT (-90.574025772576 41.533039040048)
2014813664,14-16219,08/22/2014,08-August,6-Friday,09:39,0900 Hours,District 6 (East Central),BETTENDORF,SCOTT,US 67,US 67/STATE ST,Collision with:  Vehicle in traffic,On Roadway,Rear-end (front to rear),Driving too fast for conditions,None Indicated,,Daylight,Wet,Rain,None apparent,Intersection:  Four-way intersection,Paved,,Major Injury,0,4,1,3,0,0,6000,2,5,,POINT (-90.481484987992 41.5292291287)
2014814432,2014049115,08/22/2014,08-August,6-Friday,07:10,0700 Hours,District 6 (East Central),TIFFIN,JOHNSON,I-380,I-380,Collision with fixed object:  Guardrail - face,Shoulder,Non-collision (single vehicle),Ran off road - right,None Indicated,,Daylight,Wet,Rain,"Surface condition (e.g., wet, icy)",Non-intersection:  Non-junction/no special feature,Paved,,Property Damage Only,0,0,0,0,0,0,3500,1,1,,POINT (-91.641352995786 41.700061516412)
2014813702,2014-59132,08/22/2014,08-August,6-Friday,20:37,2000 Hours,District 6 (East Central),DAVENPORT,SCOTT,,W 49TH ST & N DIVISION ST,Collision with:  Vehicle in traffic,On Roadway,Rear-end (front to rear),FTYROW:  Other (explain in narrative),None Indicated,,Dark - roadway lighted,Dry,Clear,None apparent,Non-intersection:  Non-junction/no special feature,Paved,,Property Damage Only,0,0,0,0,0,0,1501,2,4,,POINT (-90.600459575422 41.57018700463)
2014813815,S14-003324,08/22/2014,08-August,6-Friday,10:27,1000 Hours,District 4 (Southwest),,POTTAWATTAMIE,IA 92,IA 92/IOWA 92 & Co Rd M47/500TH ST,Collision with:  Vehicle in traffic,On Roadway,Broadside (front to side),Ran Stop Sign,None Indicated,,Daylight,Dry,Clear,None apparent,Intersection:  Four-way intersection,Paved,,Fatal,1,3,3,0,0,0,20000,2,4,,POINT (-95.232117003297 41.231989299115)
2014813566,C14002629,08/22/2014,08-August,6-Friday,07:06,0700 Hours,District 6 (East Central),CORALVILLE,JOHNSON,US 6,US 6/2ND ST,Collision with fixed object:  Concrete traffic barrier (median or right side),On Roadway,Non-collision (single vehicle),Driving too fast for conditions,None Indicated,,Daylight,Wet,Rain,"Surface condition (e.g., wet, icy)",Non-intersection:  Non-junction/no special feature,Paved,,Property Damage Only,0,0,0,0,0,0,2500,1,1,,POINT (-91.565501506124 41.668948671603)
2014814070,14-9742,08/22/2014,08-August,6-Friday,08:25,0800 Hours,District 3 (Northwest),,SIOUX,IA 12,IA 12/IOWA 12,Non-collision events:  Overturn/rollover,Shoulder,Non-collision (single vehicle),Ran off road - right,None Indicated,,Daylight,Dry,Cloudy,None apparent,Non-intersection:  Non-junction/no special feature,Paved,,Possible/Unknown,0,2,0,0,2,0,400,1,2,,POINT (-96.489430325723 42.967995365555)
2014813838,2014049253,08/22/2014,08-August,6-Friday,15:44,1500 Hours,District 1 (Central),WEST DES MOINES,POLK,I-35,I-35,Collision with:  Vehicle in traffic,On Roadway,"Sideswipe, same direction",FTYROW:  Other (explain in narrative),None Indicated,,Daylight,Dry,Cloudy,Work Zone (roadway-related),Non-intersection:  Non-junction/no special feature,Paved,Yes,Property Damage Only,0,0,0,0,0,0,2000,2,3,,POINT (-93.777565090432 41.582047134923)
2014814413,201400002959,08/22/2014,08-August,6-Friday,23:32,2300 Hours,District 6 (East Central),,LINN,,ROGERS RD,Collision with fixed object:  Tree,Outside trafficway,Non-collision (single vehicle),Swerving/Evasive Action,None Indicated,,Dark - roadway not lighted,Dry,Clear,None apparent,Non-intersection:  Non-junction/no special feature,Paved,,Property Damage Only,0,0,0,0,0,0,3000,1,1,,POINT (-91.736609560624 41.992000578903)
2014813381,14017763,08/22/2014,08-August,6-Friday,09:04,0900 Hours,District 6 (East Central),MARION,LINN,,7TH AVE & 7TH ST,Collision with:  Vehicle in traffic,On Roadway,Rear-end (front to rear),Driver Distraction:  Passenger,None Indicated,,Daylight,Dry,Cloudy,None apparent,Intersection:  Four-way intersection,Paved,,Property Damage Only,0,0,0,0,0,0,3500,2,5,,POINT (-91.602783126714 42.033319800987)
2014813554,14-6392,08/22/2014,08-August,6-Friday,19:12,1900 Hours,District 3 (Northwest),IDA GROVE,IDA,,KOLB LN,Collision with:  Parked motor vehicle,Outside trafficway,Rear-end (front to rear),Improper Backing,None Indicated,,Daylight,Dry,Clear,None apparent,Non-intersection:  Driveway access (within),Paved,,Property Damage Only,0,0,0,0,0,0,2000,2,1,,POINT (-95.488684261367 42.340981680634)
2014813753,14-27494,08/22/2014,08-August,6-Friday,04:02,0400 Hours,District 3 (Northwest),SIOUX CITY,WOODBURY,,WESLEY PKWY,Collision with:  Non-motorist (see non-motorist section - NOT a unit),On Roadway,Non-collision (single vehicle),Unknown,None Indicated,,Dark - roadway lighted,Dry,Cloudy,None apparent,Intersection:  T-intersection,Paved,,Possible/Unknown,0,1,0,0,1,0,0,1,1,,POINT (-96.411449644616 42.493583675347)
2014814300,14-07995,08/22/2014,08-August,6-Friday,15:27,1500 Hours,District 5 (Southeast),MOUNT PLEASANT,HENRY,,E WASHINGTON ST,Collision with:  Vehicle in traffic,On Roadway,Broadside (front to side),FTYROW:  Other (explain in narrative),None Indicated,,Daylight,Dry,Cloudy,None apparent,Non-intersection:  Non-junction/no special feature,Paved,,Property Damage Only,0,0,0,0,0,0,3000,2,3,,POINT (-91.552564753879 40.965401146384)
2014814116,146387PD,08/22/2014,08-August,6-Friday,11:45,1100 Hours,District 1 (Central),BOONE,BOONE,,MAMIE EISENHOWER AVE & S BENTON ST,Collision with:  Vehicle in traffic,On Roadway,Unknown,Improper Backing,None Indicated,,Daylight,Dry,Clear,Other (explain in narrative),Intersection:  Four-way intersection,Paved,,Property Damage Only,0,0,0,0,0,0,1600,2,3,,POINT (-93.874963488617 42.059627939542)
2014814102,08-14-202,08/22/2014,08-August,6-Friday,14:40,1400 Hours,District 3 (Northwest),LE MARS,PLYMOUTH,,LINCOLN ST SE & CENTRAL AVE,Collision with:  Vehicle in traffic,On Roadway,Broadside (front to side),Made improper turn,None Indicated,,Daylight,Dry,Cloudy,None apparent,Non-intersection:  Non-junction/no special feature,Paved,,Property Damage Only,0,0,0,0,0,0,6000,2,2,,POINT (-96.166461172151 42.791341262515)
2014813865,P14-0009759,08/22/2014,08-August,6-Friday,15:34,1500 Hours,District 1 (Central),WEBSTER CITY,HAMILTON,,JAMES ST & MACKINLAY KANTOR DR,Collision with:  Vehicle in traffic,On Roadway,Rear-end (front to rear),Swerving/Evasive Action,None Indicated,,Daylight,Dry,Clear,None apparent,Non-intersection:  Non-junction/no special feature,Paved,,Property Damage Only,0,0,0,0,0,0,4500,2,2,,POINT (-93.853310871808 42.471786400847)
2014814076,14003866,08/22/2014,08-August,6-Friday,06:33,0600 Hours,District 1 (Central),AMES,STORY,US 30,US 30,Non-collision events:  Other non-collision (explain in narrative),On Roadway,Non-collision (single vehicle),Lost Control,None Indicated,,Daylight,Wet,Cloudy,None apparent,Non-intersection:  Non-junction/no special feature,Paved,,Property Damage Only,0,0,0,0,0,0,4367,1,3,,POINT (-93.67437592353 42.007257866623)
2014813565,C14002628,08/22/2014,08-August,6-Friday,07:09,0700 Hours,District 6 (East Central),CORALVILLE,JOHNSON,I-80,I-80,Collision with:  Vehicle in traffic,On Roadway,"Sideswipe, same direction",FTYROW:  Other (explain in narrative),None Indicated,,Daylight,Wet,Rain,None apparent,Non-intersection:  Non-junction/no special feature,Paved,,Property Damage Only,0,0,0,0,0,0,2000,2,2,,POINT (-91.613539487249 41.694081986363)
2014813380,14017759,08/22/2014,08-August,6-Friday,07:53,0700 Hours,District 6 (East Central),MARION,LINN,,MC GOWAN BLVD,Collision with:  Vehicle in traffic,On Roadway,Rear-end (front to rear),Driver Distraction:  Manual operation of an electronic communication device,None Indicated,,Daylight,Dry,Cloudy,None apparent,Intersection:  T-intersection,Paved,,Property Damage Only,0,0,0,0,0,0,12500,2,3,,POINT (-91.599283706197 42.043039997587)
2014815090,2014049186,08/22/2014,08-August,6-Friday,10:52,1000 Hours,District 2 (Northeast),,BREMER,,Co Rd C33/190TH ST,Collision with:  Vehicle in traffic,On Roadway,"Sideswipe, opposite direction",Crossed centerline (undivided),None Indicated,,Daylight,Dry,Cloudy,None apparent,Non-intersection:  Non-junction/no special feature,Paved,,Minor Injury,0,2,0,1,1,0,14000,2,2,,POINT (-92.202143063748 42.773054356275)
2014813829,CL14002994,08/22/2014,08-August,6-Friday,21:10,2100 Hours,District 6 (East Central),CLINTON,CLINTON,,MCKINLEY ST,Collision with:  Vehicle in traffic,On Roadway,Head-on (front to front),Other (explain in narrative):  Other,None Indicated,,Dark - roadway not lighted,Dry,Cloudy,None apparent,Non-intersection:  Non-junction/no special feature,Paved,,Property Damage Only,0,0,0,0,0,0,17000,3,1,,POINT (-90.176233549539 41.871507785516)
2014814357,14-27571,08/22/2014,08-August,6-Friday,17:00,1700 Hours,District 3 (Northwest),SIOUX CITY,WOODBURY,IA 12,IA 12/GORDON DR,Collision with:  Vehicle in traffic,On Roadway,Rear-end (front to rear),Unknown,None Indicated,,Daylight,Dry,Clear,None apparent,Non-intersection:  Other non-intersection (explain in narrative),Paved,,Property Damage Only,0,0,0,0,0,0,3000,2,3,,POINT (-96.383544429946 42.489873595276)
2014813955,201402949,08/22/2014,08-August,6-Friday,07:49,0700 Hours,District 6 (East Central),SPRINGVILLE,LINN,,BROADWAY ST,Collision with fixed object:  Bridge overhead structure,On Roadway,Non-collision (single vehicle),Ran off road - right,None Indicated,,Daylight,Dry,Cloudy,None apparent,Non-intersection:  Other non-intersection (explain in narrative),Paved,,Property Damage Only,0,0,0,0,0,0,3000,1,1,,POINT (-91.44335654013 42.056035154331)
2014815281,01-14-37047,08/23/2014,08-August,7-Saturday,13:25,1300 Hours,District 6 (East Central),DUBUQUE,DUBUQUE,,LORAS BLVD & LOCUST ST S,Collision with:  Vehicle in traffic,On Roadway,Broadside (front to side),Ran Traffic Signal,None Indicated,,Daylight,Wet,Rain,None apparent,Intersection:  Four-way intersection,Paved,,Possible/Unknown,0,2,0,0,2,0,4000,2,4,,POINT (-90.670927001154 42.505441950543)
2014814378,2014008669,08/23/2014,08-August,7-Saturday,09:09,0900 Hours,District 1 (Central),MARSHALLTOWN,MARSHALL,,S 7TH ST,Collision with:  Parked motor vehicle,On Roadway,Broadside (front to side),Improper Backing,None Indicated,,Daylight,Wet,Rain,None apparent,Non-intersection:  Non-junction/no special feature,Paved,,Property Damage Only,0,0,0,0,0,0,2100,2,1,,POINT (-92.924174630994 42.047545951235)
2014813502,W14-084893,08/23/2014,08-August,7-Saturday,13:38,1300 Hours,District 2 (Northeast),WATERLOO,BLACK HAWK,US 63,US 63/LOGAN AVE & W DONALD ST,Collision with:  Vehicle in traffic,On Roadway,Rear-end (front to rear),Followed too close,None Indicated,,Daylight,Dry,Cloudy,Work Zone (roadway-related),Intersection:  Four-way intersection,Paved,Yes,Possible/Unknown,0,1,0,0,1,0,6000,2,2,,POINT (-92.337648468889 42.527633361936)
2014813538,142546,08/23/2014,08-August,7-Saturday,21:18,2100 Hours,District 3 (Northwest),DENISON,CRAWFORD,,4TH AVE N & N 20TH ST,Collision with:  Animal,On Roadway,Non-collision (single vehicle),Animal,None Indicated,,Dark - roadway lighted,Dry,Clear,None apparent,Non-intersection:  Non-junction/no special feature,Paved,,Property Damage Only,0,0,0,0,0,0,1500,1,2,,POINT (-95.343770405064 42.021122357575)
2014813593,14-003619,08/23/2014,08-August,7-Saturday,17:22,1700 Hours,District 1 (Central),ANKENY,POLK,US 69,US 69/S ANKENY BLVD & SW SOUTHLAWN DR & SE EAST LAWN DR,Collision with:  Vehicle in traffic,On Roadway,Rear-end (front to rear),Other (explain in narrative):  Other,None Indicated,,Daylight,Dry,Clear,None apparent,Non-intersection:  Non-junction/no special feature,Paved,,Property Damage Only,0,0,0,0,0,0,3000,2,2,,POINT (-93.600408832759 41.725070509367)
2014813774,2014008689,08/23/2014,08-August,7-Saturday,19:00,1900 Hours,District 1 (Central),MARSHALLTOWN,MARSHALL,,N 1ST ST,Collision with:  Vehicle in traffic,On Roadway,"Angle, oncoming left turn",Swerving/Evasive Action,None Indicated,,Daylight,Dry,Cloudy,None apparent,Non-intersection:  Alley,Paved,,Possible/Unknown,0,1,0,0,0,1,3000,2,6,,POINT (-92.914618597096 42.054933647813)