Iowa DOT Case Number,Law Enforcement Case Number,Date of Crash,Month of Crash,Day of Week,Time of Crash,Hour,DOT District,City Name,County Name,Route with System,Location Description,First Harmful Event,Location of First Harmful Event,Manner of Crash/Collision,Major Cause,Drug or Alcohol ,Environmental Conditions,Light Conditions,Surface Conditions,Weather Conditions,Roadway Contribution,Roadway Type,Roadway Surface,Work Zone,Crash Severity,Number of Fatalities,Number of Injuries,Number of Major Injuries,Number of Minor Injuries,Number of Possible Injuries,Number of Unknown Injuries,Amount of Property Damage,Number of Vehicles Involved,Total Number of Occupants,Travel Direction,Location
2014813501,W14-084880,08/23/2014,08-August,7-Saturday,12:38,1200 Hours,District 2 (Northeast),WATERLOO,BLACK HAWK,,E SAN MARNAN DR & HAWKEYE RD,Collision with:  Vehicle in traffic,On Roadway,Rear-end (front to rear),Other (explain in narrative):  Other,None Indicated,,Daylight,Dry,Cloudy,None apparent,Intersection:  Four-way intersection,Paved,,Property Damage Only,0,0,0,0,0,0,3000,2,3,,POINT (-92.346733469011 42.457295872089)
2014813506,082314-92,08/23/2014,08-August,7-Saturday,14:06,1400 Hours,District 3 (Northwest),STORM LAKE,BUENA VISTA,,BARTON ST,Collision with:  Railway vehicle/train,On Roadway,Non-collision (single vehicle),FTYROW:  Other (explain in narrative),None Indicated,,Daylight,Dry,Clear,None apparent,Non-intersection:  Railroad grade crossing,Paved,,Possible/Unknown,0,1,0,0,1,0,8400,2,3,,POINT (-95.214338528514 42.646874407374)
2014814235,14-5709,08/23/2014,08-August,7-Saturday,09:07,0900 Hours,District 2 (Northeast),,KOSSUTH,,Co Rd B40/210 ST & Co Rd R14/240 AVE,Collision with fixed object:  Ditch,On Roadway,Non-collision (single vehicle),Ran off road - right,None Indicated,,Daylight,Unknown,Unknown,Unknown,Non-intersection:  Non-junction/no special feature,Paved,,Major Injury,0,1,1,0,0,0,1900,1,1,,POINT (-93.990598267673 43.06663797282)
2014813884,14-003629,08/23/2014,08-August,7-Saturday,22:30,2200 Hours,District 1 (Central),ANKENY,POLK,,NW 26TH ST,Collision with:  Vehicle in traffic,On Roadway,Rear-end (front to rear),FTYROW:  Other (explain in narrative),None Indicated,,Dark - roadway lighted,Dry,Clear,None apparent,Non-intersection:  Non-junction/no special feature,Paved,,Property Damage Only,0,0,0,0,0,0,3000,2,777,,POINT (-93.613841881697 41.753200510426)
2014813845,14011982,08/23/2014,08-August,7-Saturday,09:53,0900 Hours,District 5 (Southeast),,APPANOOSE,,Co Rd T14/HWY T14 & 500TH ST,Collision with:  Vehicle in traffic,On Roadway,Broadside (front to side),FTYROW:  Making left turn,None Indicated,,Daylight,Wet,Cloudy,None apparent,Non-intersection:  Driveway access (within),Paved,,Property Damage Only,0,0,0,0,0,0,1500,2,2,,POINT (-92.93463100444 40.754266948385)
2014813743,14-2607,08/23/2014,08-August,7-Saturday,18:05,1800 Hours,District 1 (Central),FORT DODGE,WEBSTER,,5TH AVE S,Collision with:  Vehicle in traffic,On Roadway,Rear-end (front to rear),Other (explain in narrative):  Other,None Indicated,,Daylight,Dry,Cloudy,None apparent,Non-intersection:  Non-junction/no special feature,Paved,,Property Damage Only,0,0,0,0,0,0,3000,2,2,,POINT (-94.170726557401 42.501088961752)
2014814122,2014009136,08/23/2014,08-August,7-Saturday,12:44,1200 Hours,District 6 (East Central),IOWA CITY,JOHNSON,US 6,US 6/S RIVERSIDE DR & MYRTLE AVE,Collision with:  Vehicle in traffic,On Roadway,Broadside (front to side),FTYROW:  From stop sign,None Indicated,,Daylight,Dry,Clear,None apparent,Intersection:  T-intersection,Paved,,Property Damage Only,0,0,0,0,0,0,7000,2,3,,POINT (-91.540488763049 41.6536733222)
2014813803,2014-4088,08/23/2014,08-August,7-Saturday,18:50,1800 Hours,District 4 (Southwest),WAUKEE,DALLAS,,UNIVERSITY AVE & ALICES RD & GRAND PRAIRIE PKWY,Collision with:  Vehicle in traffic,On Roadway,Rear-end (front to rear),Followed too close,None Indicated,,Daylight,Dry,Clear,None apparent,Intersection:  Four-way intersection,Paved,,Property Damage Only,0,0,0,0,0,0,2500,2,4,,POINT (-93.853528150178 41.600405376128)
2014813569,201412446,08/23/2014,08-August,7-Saturday,10:24,1000 Hours,District 6 (East Central),CEDAR RAPIDS,LINN,IA 100,IA 100/COLLINS RD NE & COUNCIL ST NE,Collision with:  Vehicle in traffic,On Roadway,Rear-end (front to rear),Lost Control,None Indicated,,Daylight,Wet,Rain,None apparent,Non-intersection:  Non-junction/no special feature,Paved,,Minor Injury,0,1,0,1,0,0,10000,2,2,,POINT (-91.658286499335 42.028497267939)
2014813725,14-003894,08/23/2014,08-August,7-Saturday,11:19,1100 Hours,District 1 (Central),AMES,STORY,US 69,US 69/S DUFF AVE,Collision with:  Vehicle in traffic,On Roadway,Rear-end (front to rear),Followed too close,None Indicated,,Daylight,Wet,Cloudy,None apparent,Non-intersection:  Non-junction/no special feature,Paved,,Possible/Unknown,0,2,0,0,0,2,4000,3,3,,POINT (-93.610098637998 42.007608492535)
2014813629,20140024706,08/23/2014,08-August,7-Saturday,14:54,1400 Hours,District 1 (Central),DES MOINES,POLK,,UNIVERSITY AVE & 19TH ST,Collision with:  Vehicle in traffic,On Roadway,Broadside (front to side),Ran Traffic Signal,None Indicated,,Daylight,Dry,Cloudy,None apparent,Intersection:  Four-way intersection,Paved,,Minor Injury,0,3,0,2,1,0,8000,2,3,,POINT (-93.642559277767 41.600400007501)
2014813929,14-27663,08/23/2014,08-August,7-Saturday,14:07,1400 Hours,District 3 (Northwest),SIOUX CITY,WOODBURY,IA 12,IA 12/GORDON DR,Collision with:  Vehicle in traffic,On Roadway,Rear-end (front to rear),Crossed centerline (undivided),None Indicated,,Daylight,Dry,Clear,Work Zone (roadway-related),Non-intersection:  Non-junction/no special feature,Paved,Yes,Property Damage Only,0,0,0,0,0,0,3000,2,4,,POINT (-96.405158051944 42.489754996062)
2014820141,,08/23/2014,08-August,7-Saturday,16:46,1600 Hours,District 2 (Northeast),CLEAR LAKE,CERRO GORDO,,N 8TH ST,Collision with:  Vehicle in traffic,On Roadway,"Sideswipe, same direction",FTYROW:  Other (explain in narrative),None Indicated,,Daylight,Dry,Clear,None apparent,Non-intersection:  Non-junction/no special feature,Paved,,Property Damage Only,0,0,0,0,0,0,8500,2,2,,POINT (-93.378767805351 43.139141225409)
2014813932,14-27690,08/23/2014,08-August,7-Saturday,19:48,1900 Hours,District 3 (Northwest),SIOUX CITY,WOODBURY,,18TH ST & SUMMIT ST,Collision with:  Vehicle in traffic,On Roadway,Broadside (front to side),Ran Stop Sign,None Indicated,,Dusk,Dry,Clear,None apparent,Intersection:  Four-way intersection,Paved,,Property Damage Only,0,0,0,0,0,0,3000,2,3,,POINT (-96.409559893338 42.509172687067)
2014814470,2014049427,08/23/2014,08-August,7-Saturday,23:11,2300 Hours,District 6 (East Central),CEDAR RAPIDS,LINN,,18TH ST SW & 16TH AVE SW & WEST POST RD SW,Collision with fixed object:  Ditch,On Roadway,Non-collision (single vehicle),Lost Control,None Indicated,,Dark - roadway not lighted,Dry,Clear,None apparent,Non-intersection:  Non-junction/no special feature,Paved,,Major Injury,0,2,1,0,1,0,6000,1,2,,POINT (-91.695160851511 41.861932919385)
2014813742,14-2604,08/23/2014,08-August,7-Saturday,13:15,1300 Hours,District 1 (Central),FORT DODGE,WEBSTER,,26TH AVE N & N 15TH ST,Collision with:  Vehicle in traffic,On Roadway,Rear-end (front to rear),Exceeded authorized speed,None Indicated,,Daylight,Dry,Cloudy,None apparent,Non-intersection:  Non-junction/no special feature,Paved,,Property Damage Only,0,0,0,0,0,0,6100,2,3,,POINT (-94.178071362782 42.531218759704)
2014813796,14084922,08/23/2014,08-August,7-Saturday,15:45,1500 Hours,District 2 (Northeast),CEDAR FALLS,BLACK HAWK,,W 12TH ST & HUDSON RD,Collision with:  Vehicle in traffic,On Roadway,"Angle, oncoming left turn",FTYROW:  Making left turn,None Indicated,,Daylight,Dry,Cloudy,None apparent,Intersection:  Other intersection (explain in narrative),Paved,,Property Damage Only,0,0,0,0,0,0,2800,2,3,,POINT (-92.465566543262 42.527697932171)
2014813635,20140024734,08/23/2014,08-August,7-Saturday,19:28,1900 Hours,District 1 (Central),DES MOINES,POLK,,SE 8TH ST & INDIANOLA AVE,Collision with:  Vehicle in traffic,On Roadway,Broadside (front to side),FTYROW:  From stop sign,None Indicated,,Daylight,Dry,Clear,None apparent,Intersection:  Four-way intersection,Paved,,Property Damage Only,0,0,0,0,0,0,13000,2,2,,POINT (-93.602557371086 41.558417571731)
2014814144,14-014351,08/23/2014,08-August,7-Saturday,10:35,1000 Hours,District 5 (Southeast),,HENRY,,HICKORY AVE,Collision with fixed object:  Ditch,Outside trafficway,Non-collision (single vehicle),Separation of units,Under Influence of Alcohol/Drugs/Medications,,Daylight,Wet,Clear,None apparent,Non-intersection:  Non-junction/no special feature,Unpaved,,Property Damage Only,0,0,0,0,0,0,1500,1,1,,POINT (-91.568830822445 41.00949955411)
2014813573,201412474,08/23/2014,08-August,7-Saturday,22:30,2200 Hours,District 6 (East Central),CEDAR RAPIDS,LINN,IA 922,IA 922/1ST AVE E,Collision with:  Vehicle in traffic,On Roadway,"Sideswipe, same direction",Other (explain in narrative):  No improper action,None Indicated,,Dark - roadway not lighted,Dry,Clear,None apparent,Intersection:  Four-way intersection,Paved,,Property Damage Only,0,0,0,0,0,0,4500,2,3,,POINT (-91.625293410916 42.023603618724)
2014816536,2014049312,08/23/2014,08-August,7-Saturday,05:55,0500 Hours,District 4 (Southwest),WEST DES MOINES,DALLAS,I-80,I-80,Collision with:  Vehicle in traffic,On Roadway,"Sideswipe, same direction",Unknown,None Indicated,,Dark - roadway not lighted,Wet,Rain,None apparent,Non-intersection:  Non-junction/no special feature,Paved,,Property Damage Only,0,0,0,0,0,0,8000,2,2,,POINT (-93.798251328562 41.592146569973)
2014814774,2014-59231,08/23/2014,08-August,7-Saturday,05:58,0500 Hours,District 6 (East Central),DAVENPORT,SCOTT,,E 12TH ST,Collision with:  Parked motor vehicle,On Roadway,Rear-end (front to rear),Lost Control,None Indicated,,Dark - roadway not lighted,Dry,Clear,None apparent,Non-intersection:  Non-junction/no special feature,Paved,,Property Damage Only,0,0,0,0,0,0,8750,3,1,,POINT (-90.567641691923 41.531958434725)
2014814863,14-012790,08/23/2014,08-August,7-Saturday,01:12,0100 Hours,District 2 (Northeast),,FLOYD,US 218,US 218,Collision with:  Animal,,,Animal,None Indicated,,,,,,,Paved,,Property Damage Only,0,0,0,0,0,0,2000,1,1,,POINT (-92.56239933342 42.974293243843)
2014813588,14-5555,08/23/2014,08-August,7-Saturday,13:05,1300 Hours,District 1 (Central),,POLK,IA 163,IA 163/NE UNIVERSITY AVE,Collision with:  Vehicle in traffic,On Roadway,"Sideswipe, same direction",Separation of units,None Indicated,,Daylight,Dry,Clear,None apparent,Non-intersection:  Non-junction/no special feature,Paved,,Property Damage Only,0,0,0,0,0,0,2100,2,3,,POINT (-93.362087929489 41.600751768158)
2014820691,2014-32-DD,08/23/2014,08-August,7-Saturday,21:21,2100 Hours,District 3 (Northwest),,DICKINSON,,Co Rd M56/260TH AVE,Collision with fixed object:  Ditch,Shoulder,Non-collision (single vehicle),Crossed centerline (undivided),Alcohol (Statutory),,Dark - roadway not lighted,Dry,Clear,None apparent,Intersection:  Other intersection (explain in narrative),Paved,,Possible/Unknown,0,1,0,0,1,0,800,1,1,,POINT (-95.077406309332 43.448229686951)
2014813647,14-1861,08/23/2014,08-August,7-Saturday,05:15,0500 Hours,District 1 (Central),URBANDALE,POLK,I-35,I-35,Collision with fixed object:  Concrete traffic barrier (median or right side),On Roadway,Non-collision (single vehicle),Driving too fast for conditions,None Indicated,,Dark - roadway lighted,Wet,Rain,None apparent,Non-intersection:  Non-junction/no special feature,Paved,,Property Damage Only,0,0,0,0,0,0,7500,1,1,,POINT (-93.770906511533 41.650537487979)
2014813745,14-2601,08/23/2014,08-August,7-Saturday,03:00,0300 Hours,District 1 (Central),FORT DODGE,WEBSTER,,S 22ND ST,Collision with:  Vehicle in traffic,Roadside,Rear-end (front to rear),Unknown,None Indicated,,Dark - roadway lighted,Dry,Cloudy,None apparent,Non-intersection:  Non-junction/no special feature,Paved,,Property Damage Only,0,0,0,0,0,0,4000,2,1,,POINT (-94.167933390676 42.49618233246)
2014814871,14-26182,08/23/2014,08-August,7-Saturday,23:32,2300 Hours,District 5 (Southeast),HOUGHTON,LEE,US 218,US 218,Collision with:  Animal,,,Animal,None Indicated,,,,,,,Paved,,Property Damage Only,0,0,0,0,0,0,4500,1,1,,POINT (-91.564240792668 40.783873345472)
2014813568,201412462,08/23/2014,08-August,7-Saturday,18:28,1800 Hours,District 6 (East Central),CEDAR RAPIDS,LINN,,SEMINOLE VALLEY RD NE,Collision with fixed object:  Ditch,On Roadway,Non-collision (single vehicle),Lost Control,Refused,,Daylight,Dry,Clear,None apparent,Non-intersection:  Non-junction/no special feature,Paved,,Property Damage Only,0,0,0,0,0,0,14000,1,1,,POINT (-91.726616754381 42.017252242121)
2014813999,W14-084950,08/23/2014,08-August,7-Saturday,17:30,1700 Hours,District 2 (Northeast),WATERLOO,BLACK HAWK,I-380,I-380 & E SAN MARNAN DR,Collision with:  Vehicle in traffic,On Roadway,Rear-end (front to rear),Followed too close,None Indicated,,Daylight,Dry,Clear,None apparent,Intersection:  Four-way intersection,Paved,,Property Damage Only,0,0,0,0,0,0,4500,2,4,,POINT (-92.317671183787 42.469140392777)
2014813491,W14-084757,08/23/2014,08-August,7-Saturday,00:45,0000 Hours,District 2 (Northeast),WATERLOO,BLACK HAWK,,LOCUST ST,Miscellaneous events:  Hit and run,On Roadway,Non-collision (single vehicle),Ran off road - right,None Indicated,,Dark - roadway lighted,Dry,Clear,None apparent,Non-intersection:  Alley,Paved,,Property Damage Only,0,0,0,0,0,0,2000,1,1,,POINT (-92.347614286214 42.487254415824)
2014813648,14-1867,08/23/2014,08-August,7-Saturday,21:40,2100 Hours,District 1 (Central),URBANDALE,POLK,,MEREDITH DR & 86TH ST,Collision with:  Vehicle in traffic,On Roadway,Rear-end (front to rear),Driver Distraction:  Manual operation of an electronic communication device,None Indicated,,Dark - roadway lighted,Dry,Clear,None apparent,Intersection:  Four-way intersection,Paved,,Property Damage Only,0,0,0,0,0,0,1800,2,2,,POINT (-93.736460611963 41.643881905931)
2014813779,14-16123,08/23/2014,08-August,7-Saturday,15:16,1500 Hours,District 2 (Northeast),DENVER,BREMER,,Co Rd C50/260TH ST,Collision with:  Vehicle in traffic,On Roadway,Rear-end (front to rear),Followed too close,None Indicated,,Daylight,Dry,Clear,None apparent,Non-intersection:  Non-junction/no special feature,Paved,,Minor Injury,0,2,0,2,0,0,32500,2,3,,POINT (-92.320991660056 42.671365412196)
2014813599,14-1025,08/23/2014,08-August,7-Saturday,12:00,1200 Hours,District 1 (Central),CLIVE,POLK,,UNIVERSITY AVE,Collision with:  Vehicle in traffic,On Roadway,Rear-end (front to rear),FTYROW:  Making left turn,None Indicated,,Daylight,Dry,Cloudy,None apparent,Non-intersection:  Driveway access (within),Paved,,Minor Injury,0,1,0,1,0,0,5000,2,2,,POINT (-93.756054376649 41.600457235752)
2014813578,14019682,08/23/2014,08-August,7-Saturday,20:43,2000 Hours,District 5 (Southeast),OSKALOOSA,MAHASKA,US 63,US 63/N MARKET ST,Collision with:  Non-motorist (see non-motorist section - NOT a unit),On Roadway,Non-collision (single vehicle),FTYROW:  To pedestrian,None Indicated,,Dark - roadway lighted,Dry,Cloudy,None apparent,Non-intersection:  Alley,Paved,,Possible/Unknown,0,1,0,0,1,0,1000,1,1,,POINT (-92.645098638182 41.295653651652)
2014814453,2014049366,08/23/2014,08-August,7-Saturday,14:04,1400 Hours,District 5 (Southeast),,KEOKUK,IA 22,IA 22/IOWA 22,Collision with fixed object:  Ditch,Outside trafficway,Non-collision (single vehicle),Ran off road - right,None Indicated,,Daylight,Dry,Clear,None apparent,Non-intersection:  Non-junction/no special feature,Paved,,Minor Injury,0,1,0,1,0,0,5200,1,1,,POINT (-91.957113488868 41.467725429846)
2014814146,14001701,08/23/2014,08-August,7-Saturday,17:00,1700 Hours,District 6 (East Central),IOWA CITY,JOHNSON,,HAWKEYE CT,Collision with fixed object:  Curb/island/raised median,Shoulder,Non-collision (single vehicle),Driving too fast for conditions,None Indicated,,Daylight,Dry,Clear,None apparent,Intersection:  T-intersection,Paved,,Property Damage Only,0,0,0,0,0,0,3500,1,1,,POINT (-91.574532567827 41.666322967865)
2014815421,2014-9013,08/23/2014,08-August,7-Saturday,00:30,0000 Hours,District 3 (Northwest),,SAC,,100TH ST & BIRCH AVE & OTTER AVE,Collision with:  Vehicle in traffic,On Roadway,Broadside (front to side),FTYROW:  At uncontrolled intersection,Alcohol (Statutory),,Dark - roadway not lighted,"Mud, dirt",Cloudy,None apparent,Intersection:  Four-way intersection,Unpaved,,Fatal,2,4,3,1,0,0,9000,2,6,,POINT (-95.072286292155 42.210400417828)
2014815550,201412439,08/23/2014,08-August,7-Saturday,02:11,0200 Hours,District 6 (East Central),CEDAR RAPIDS,LINN,,EDGEWOOD RD NW,Collision with fixed object:  Utility pole/light support,Median,Non-collision (single vehicle),Swerving/Evasive Action,None Indicated,,Dark - roadway lighted,Wet,Cloudy,None apparent,Non-intersection:  Non-junction/no special feature,Paved,,Property Damage Only,0,0,0,0,0,0,22000,2,3,,POINT (-91.705964008994 42.007717621775)
2014813960,114-2014,08/23/2014,08-August,7-Saturday,21:15,2100 Hours,District 4 (Southwest),,HARRISON,,Co Rd F32/194TH ST & TAMA TRL,Non-collision events:  Overturn/rollover,On Roadway,Non-collision (single vehicle),Swerving/Evasive Action,None Indicated,,Dark - roadway not lighted,Dry,Clear,None apparent,Non-intersection:  Non-junction/no special feature,Paved,,Property Damage Only,0,0,0,0,0,0,4000,1,1,,POINT (-95.634681830024 41.729109295665)
2014813933,14-27698,08/23/2014,08-August,7-Saturday,22:06,2200 Hours,District 3 (Northwest),SIOUX CITY,WOODBURY,,W 22ND ST & HAMILTON BLVD,Collision with:  Vehicle in traffic,On Roadway,Broadside (front to side),Ran Traffic Signal,None Indicated,,Dark - roadway lighted,Dry,Clear,None apparent,Intersection:  Four-way intersection,Paved,,Possible/Unknown,0,2,0,0,2,0,18000,2,4,,POINT (-96.416827447647 42.513224099144)
2014813703,2014-59272,08/23/2014,08-August,7-Saturday,13:13,1300 Hours,District 6 (East Central),DAVENPORT,SCOTT,,ELMORE CIR,Collision with:  Vehicle in traffic,On Roadway,Head-on (front to front),FTYROW:  Making left turn,None Indicated,,Daylight,Wet,Cloudy,None apparent,Intersection:  Four-way intersection,Paved,,Property Damage Only,0,0,0,0,0,0,8000,2,5,,POINT (-90.53109061593 41.57494094293)
2014814489,1402214,08/23/2014,08-August,7-Saturday,13:23,1300 Hours,District 5 (Southeast),BLOOMFIELD,DAVIS,US 63,US 63/WASHINGTON ST & JEFFERSON ST,Collision with:  Vehicle in traffic,On Roadway,Rear-end (front to rear),Followed too close,None Indicated,,Daylight,Dry,Clear,None apparent,Intersection:  Four-way intersection,Paved,,Property Damage Only,0,0,0,0,0,0,4050,2,4,,POINT (-92.413681738015 40.751670100437)
2014813927,14-27603,08/23/2014,08-August,7-Saturday,00:40,0000 Hours,District 3 (Northwest),SIOUX CITY,WOODBURY,,41ST ST,Collision with:  Parked motor vehicle,On Roadway,Rear-end (front to rear),Other (explain in narrative):  Other,Refused,,Dark - roadway lighted,Dry,Clear,None apparent,Non-intersection:  Non-junction/no special feature,Paved,,Property Damage Only,0,0,0,0,0,0,5500,2,1,,POINT (-96.369143337168 42.540876539371)
2014813804,2014009159,08/23/2014,08-August,7-Saturday,20:41,2000 Hours,District 6 (East Central),IOWA CITY,JOHNSON,US 6,US 6 & SYCAMORE ST,Collision with:  Non-motorist (see non-motorist section - NOT a unit),On Roadway,Non-collision (single vehicle),Unknown,None Indicated,,Dark - roadway lighted,Dry,Clear,None apparent,Non-intersection:  Non-junction/no special feature,Paved,,Minor Injury,0,1,0,1,0,0,1500,1,3,,POINT (-91.511630523247 41.641143928478)
2014831338,140824BJ01,08/23/2014,08-August,7-Saturday,01:00,0100 Hours,District 3 (Northwest),ORANGE CITY,SIOUX,,4TH ST SE,Collision with:  Vehicle in traffic,On Roadway,Rear-end (front to rear),Other (explain in narrative):  Other,None Indicated,,Unknown,Unknown,Unknown,None apparent,Non-intersection:  Non-junction/no special feature,Paved,,Property Damage Only,0,0,0,0,0,0,1500,2,1,,POINT (-96.05760628514 43.002688760531)
2014813763,14-29853,08/23/2014,08-August,7-Saturday,18:20,1800 Hours,District 5 (Southeast),BURLINGTON,DES MOINES,,WEST AVE,Non-collision events:  Other non-collision (explain in narrative),On Roadway,Non-collision (single vehicle),Lost Control,None Indicated,,Daylight,Dry,Clear,None apparent,Non-intersection:  Non-junction/no special feature,Paved,,Possible/Unknown,0,1,0,0,1,0,300,1,1,,POINT (-91.12035031239 40.800212887536)
2014813542,14-29823,08/23/2014,08-August,7-Saturday,13:40,1300 Hours,District 5 (Southeast),WEST BURLINGTON,DES MOINES,,W AGENCY RD,Collision with:  Vehicle in traffic,On Roadway,Broadside (front to side),FTYROW:  From driveway,None Indicated,,Daylight,Dry,Clear,None apparent,Non-intersection:  Driveway access (within),Paved,,Property Damage Only,0,0,0,0,0,0,6000,2,2,,POINT (-91.158244667457 40.813146915566)
2014814105,14-000975,08/23/2014,08-August,7-Saturday,09:45,0900 Hours,District 1 (Central),,STORY,,290TH ST & 595TH AVE,Collision with:  Vehicle in traffic,On Roadway,Broadside (front to side),FTYROW:  At uncontrolled intersection,None Indicated,,Daylight,Wet,Rain,None apparent,Intersection:  Four-way intersection,Unpaved,,Property Damage Only,0,0,0,0,0,0,10000,2,2,,POINT (-93.51203117533 41.935593112361)
2014813499,W14-084842,08/23/2014,08-August,7-Saturday,09:58,0900 Hours,District 2 (Northeast),WATERLOO,BLACK HAWK,US 218,US 218/WASHINGTON ST & E SHAULIS RD,Collision with fixed object:  Traffic sign support,Median,Non-collision (single vehicle),Lost Control,None Indicated,,Daylight,Wet,Rain,None apparent,Non-intersection:  Non-junction/no special feature,Paved,,Property Damage Only,0,0,0,0,0,0,2575,1,1,,POINT (-92.298848057822 42.442315322613)
2014813810,201400041126,08/23/2014,08-August,7-Saturday,03:00,0300 Hours,District 5 (Southeast),OTTUMWA,WAPELLO,,S FAIRVIEW AVE,Non-collision events:  Overturn/rollover,On Roadway,Non-collision (single vehicle),"Operating vehicle in an reckless, erratic, careless, negligent manner",None Indicated,,Dark - roadway lighted,Dry,Clear,None apparent,Non-intersection:  Non-junction/no special feature,Paved,,Major Injury,0,4,1,1,0,2,2000,1,4,,POINT (-92.437505490317 41.03740714245)
2014815500,,08/23/2014,08-August,7-Saturday,14:24,1400 Hours,District 6 (East Central),CEDAR RAPIDS,LINN,,29TH AVE SW,Collision with:  Vehicle in traffic,On Roadway,"Angle, oncoming left turn",Unknown,None Indicated,,,,,,,Paved,,Property Damage Only,0,0,0,0,0,0,3000,2,6,,POINT (-91.716607063585 41.949205076433)
2014814469,2014049414,08/23/2014,08-August,7-Saturday,21:46,2100 Hours,District 4 (Southwest),WEST DES MOINES,DALLAS,I-80,I-80,Non-collision events:  Jackknife,On Roadway,Non-collision (single vehicle),Swerving/Evasive Action,None Indicated,,Dark - roadway not lighted,Dry,Clear,None apparent,Non-intersection:  Non-junction/no special feature,Paved,,Property Damage Only,0,0,0,0,0,0,23000,1,2,,POINT (-93.861084792699 41.565851444639)
2014813567,C14002641,08/23/2014,08-August,7-Saturday,08:33,0800 Hours,District 6 (East Central),CORALVILLE,JOHNSON,I-80,I-80,Collision with:  Vehicle in traffic,On Roadway,"Sideswipe, same direction",Lost Control,None Indicated,,Daylight,Wet,Rain,"Surface condition (e.g., wet, icy)",Non-intersection:  Non-junction/no special feature,Paved,,Property Damage Only,0,0,0,0,0,0,3700,2,3,,POINT (-91.598413492865 41.693376079731)
2014815766,2014049321,08/23/2014,08-August,7-Saturday,07:12,0700 Hours,District 5 (Southeast),,LEE,IA 16,IA 16/IOWA 16,Non-collision events:  Overturn/rollover,Roadside,Non-collision (single vehicle),Ran off road - right,None Indicated,,Daylight,Wet,Rain,None apparent,Non-intersection:  Non-junction/no special feature,Paved,,Minor Injury,0,1,0,1,0,0,3650,1,1,,POINT (-91.573898025735 40.784497577465)
2014813792,14-035552,08/23/2014,08-August,7-Saturday,04:10,0400 Hours,District 5 (Southeast),MUSCATINE,MUSCATINE,,COLORADO ST & UNIVERSITY DR,Collision with fixed object:  Other fixed object (explain in narrative),On Roadway,Non-collision (single vehicle),Ran off road - right,None Indicated,,Dark - unknown roadway lighting,Unknown,Unknown,None apparent,Intersection:  T-intersection,Paved,,Property Damage Only,0,0,0,0,0,0,8800,1,1,,POINT (-91.016895301948 41.442458328028)
2014813608,20140024661,08/23/2014,08-August,7-Saturday,02:35,0200 Hours,District 1 (Central),DES MOINES,POLK,,CLEVELAND AVE,Unknown,Unknown,Non-collision (single vehicle),Unknown,None Indicated,,Dark - roadway lighted,Dry,Cloudy,Unknown,Non-intersection:  Non-junction/no special feature,Paved,,Property Damage Only,0,0,0,0,0,0,6000,1,1,,POINT (-93.602714998447 41.605047358922)
2014813981,2014049338,08/23/2014,08-August,7-Saturday,10:55,1000 Hours,District 4 (Southwest),AFTON,UNION,US 34,US 34 & US 169/DOUGLAS ST & THREE MILE CREEK DR,Collision with:  Vehicle in traffic,On Roadway,Broadside (front to side),FTYROW:  From stop sign,None Indicated,,Daylight,Dry,Clear,None apparent,Intersection:  Four-way intersection,Paved,,Minor Injury,0,2,0,2,0,0,17500,2,4,,POINT (-94.196946476902 41.034203534359)
2014813980,2014049327,08/23/2014,08-August,7-Saturday,08:30,0800 Hours,District 5 (Southeast),,WAPELLO,US 63,US 63,Collision with:  Animal,,,Animal,None Indicated,,,,,,,Paved,,Property Damage Only,0,0,0,0,0,0,3500,1,1,,POINT (-92.409691577673 40.925269078874)
2014814909,14-007009,08/23/2014,08-August,7-Saturday,02:30,0200 Hours,District 2 (Northeast),,CLAYTON,,Co Rd X28/GOLDEN AVE,Non-collision events:  Overturn/rollover,On Roadway,Non-collision (single vehicle),Ran off road - right,None Indicated,,Dark - roadway not lighted,Unknown,Unknown,None apparent,Non-intersection:  Non-junction/no special feature,Paved,,Property Damage Only,0,0,0,0,0,0,2000,1,1,,POINT (-91.369565069863 42.981138955159)
2014813771,1406900,08/23/2014,08-August,7-Saturday,09:30,0900 Hours,District 5 (Southeast),WASHINGTON,WASHINGTON,IA 92,IA 92/E WASHINGTON ST & S 12TH AVE,Collision with:  Vehicle in traffic,On Roadway,Broadside (front to side),FTYROW:  From stop sign,None Indicated,,Daylight,Wet,Rain,None apparent,Intersection:  T-intersection,Paved,,Minor Injury,0,1,0,1,0,0,5000,2,2,,POINT (-91.678499800564 41.298235051512)
2014813655,14-4176,08/23/2014,08-August,7-Saturday,22:52,2200 Hours,District 1 (Central),WEST DES MOINES,POLK,I-235,I-235 & 22ND ST,Collision with:  Vehicle in traffic,On Roadway,Broadside (front to side),Ran Traffic Signal,None Indicated,,Dark - roadway lighted,Dry,Clear,None apparent,Intersection:  Intersection with ramp,Paved,,Possible/Unknown,0,2,0,0,1,1,19000,2,3,,POINT (-93.736069936376 41.59370541682)
2014813633,20140024731,08/23/2014,08-August,7-Saturday,18:28,1800 Hours,District 1 (Central),DES MOINES,POLK,,COURT AVE,Collision with:  Vehicle in traffic,On Roadway,Rear-end (front to rear),"Operating vehicle in an reckless, erratic, careless, negligent manner",None Indicated,,Daylight,Dry,Cloudy,None apparent,Non-intersection:  Non-junction/no special feature,Paved,,Property Damage Only,0,0,0,0,0,0,3500,3,777,,POINT (-93.622430523683 41.584892186833)