Iowa DOT Case Number,Law Enforcement Case Number,Date of Crash,Month of Crash,Day of Week,Time of Crash,Hour,DOT District,City Name,County Name,Route with System,Location Description,First Harmful Event,Location of First Harmful Event,Manner of Crash/Collision,Major Cause,Drug or Alcohol ,Environmental Conditions,Light Conditions,Surface Conditions,Weather Conditions,Roadway Contribution,Roadway Type,Roadway Surface,Work Zone,Crash Severity,Number of Fatalities,Number of Injuries,Number of Major Injuries,Number of Minor Injuries,Number of Possible Injuries,Number of Unknown Injuries,Amount of Property Damage,Number of Vehicles Involved,Total Number of Occupants,Travel Direction,Location
2014816321,2014-18235,08/24/2014,08-August,1-Sunday,04:59,0400 Hours,District 5 (Southeast),,WARREN,IA 92,IA 92/IOWA 92 & INWOOD ST,Collision with fixed object:  Utility pole/light support,On Roadway,Non-collision (single vehicle),Ran off road - right,Alcohol (Statutory),,Dark - roadway lighted,Dry,Clear,None apparent,Non-intersection:  Non-junction/no special feature,Paved,,Possible/Unknown,0,1,0,0,1,0,10000,1,1,,POINT (-93.412043817046 41.371974580377)
2014817133,20140024838,08/24/2014,08-August,1-Sunday,19:39,1900 Hours,District 1 (Central),DES MOINES,POLK,I-235,I-235 & SCHOOL ST & 5TH AVE,Collision with:  Vehicle in traffic,On Roadway,Broadside (front to side),Ran Traffic Signal,None Indicated,,Dark - roadway lighted,Dry,Clear,None apparent,Intersection:  Four-way intersection,Paved,,Property Damage Only,0,0,0,0,0,0,7000,2,3,,POINT (-93.624653199903 41.595184424198)
2014813637,20140024803,08/24/2014,08-August,1-Sunday,13:57,1300 Hours,District 1 (Central),DES MOINES,POLK,,E GRAND AVE & E 16TH ST,Collision with:  Vehicle in traffic,On Roadway,Broadside (front to side),Ran Traffic Signal,None Indicated,,Daylight,Dry,Cloudy,None apparent,Intersection:  Four-way intersection,Paved,,Minor Injury,0,4,0,3,1,0,8500,2,6,,POINT (-93.592597632099 41.594471412566)
2014813879,14082045,08/24/2014,08-August,1-Sunday,17:09,1700 Hours,District 4 (Southwest),CLARINDA,PAGE,,W WASHINGTON ST & E WASHINGTON ST & N 16TH ST,Collision with:  Vehicle in traffic,On Roadway,"Angle, oncoming left turn",Unknown,None Indicated,,Daylight,Dry,Clear,None apparent,Intersection:  Four-way intersection,Paved,,Possible/Unknown,0,1,0,0,1,0,14000,2,2,,POINT (-95.037834756735 40.739291507056)
2014816537,2014049500,08/24/2014,08-August,1-Sunday,12:23,1200 Hours,District 1 (Central),CLIVE,POLK,I-35,I-35,Collision with:  Other non-fixed object (explain in narrative),On Roadway,Non-collision (single vehicle),Equipment failure,None Indicated,,Daylight,Dry,Clear,None apparent,Non-intersection:  Non-junction/no special feature,Paved,,Property Damage Only,0,0,0,0,0,0,2500,2,6,,POINT (-93.776880585594 41.605002126179)
2014814437,2014049572,08/24/2014,08-August,1-Sunday,20:15,2000 Hours,District 1 (Central),,POLK,I-35,I-35,Non-collision events:  Overturn/rollover,Roadside,Non-collision (single vehicle),Swerving/Evasive Action,None Indicated,,Dark - roadway not lighted,Dry,Clear,None apparent,Non-intersection:  Non-junction/no special feature,Paved,,Minor Injury,0,1,0,1,0,0,7000,1,1,,POINT (-93.578866078091 41.651629041702)
2014813873,14019723,08/24/2014,08-August,1-Sunday,12:26,1200 Hours,District 5 (Southeast),OSKALOOSA,MAHASKA,,14TH AVE E,Collision with:  Parked motor vehicle,On Roadway,Rear-end (front to rear),Improper Backing,None Indicated,,Daylight,Dry,Clear,None apparent,Non-intersection:  Non-junction/no special feature,Paved,,Property Damage Only,0,0,0,0,0,0,2000,2,1,,POINT (-92.645086602711 41.282448234657)
2014813946,14085231,08/24/2014,08-August,1-Sunday,11:50,1100 Hours,District 2 (Northeast),CEDAR FALLS,BLACK HAWK,,ORCHARD DR & MCCLAIN DR,Collision with:  Vehicle in traffic,On Roadway,Broadside (front to side),Ran Stop Sign,None Indicated,,Daylight,Dry,Clear,None apparent,Intersection:  Four-way intersection,Paved,,Major Injury,0,3,1,0,2,0,6400,2,3,,POINT (-92.426036857974 42.505856787426)
2014813777,2014009216,08/24/2014,08-August,1-Sunday,15:34,1500 Hours,District 6 (East Central),IOWA CITY,JOHNSON,IA 1,IA 1/GOVERNOR ST,Collision with:  Vehicle in traffic,On Roadway,"Sideswipe, same direction",Crossed centerline (undivided),None Indicated,,Daylight,Dry,Cloudy,None apparent,Non-intersection:  Non-junction/no special feature,Paved,,Property Damage Only,0,0,0,0,0,0,2500,2,2,,POINT (-91.522861731489 41.659860983298)
2014814867,14-026235,08/24/2014,08-August,1-Sunday,13:07,1300 Hours,District 5 (Southeast),,LEE,IA 2,IA 2/IOWA 2,Collision with:  Animal,,,Animal,None Indicated,,,,,,,Paved,,Property Damage Only,0,0,0,0,0,0,1500,1,1,,POINT (-91.482517298784 40.628921923418)
2014813581,14-020951,08/24/2014,08-August,1-Sunday,09:17,0900 Hours,District 5 (Southeast),,MARION,IA 5,IA 5/IOWA 5,Collision with:  Animal,On Roadway,Non-collision (single vehicle),Animal,None Indicated,,Daylight,Dry,Clear,None apparent,Non-intersection:  Non-junction/no special feature,Paved,,Property Damage Only,0,0,0,0,0,0,3000,1,2,,POINT (-92.925961580441 41.177606368092)
2014814796,14-27736,08/24/2014,08-August,1-Sunday,02:47,0200 Hours,District 3 (Northwest),SIOUX CITY,WOODBURY,,DACE AVE & S FAIRMOUNT ST,Collision with fixed object:  Utility pole/light support,On Roadway,Non-collision (single vehicle),Ran off road - right,None Indicated,,Dark - roadway lighted,Dry,Clear,None apparent,Intersection:  Four-way intersection,Paved,,Property Damage Only,0,0,0,0,0,0,8000,1,1,,POINT (-96.374422099636 42.488792175249)
2014814011,201412518,08/24/2014,08-August,1-Sunday,21:04,2100 Hours,District 6 (East Central),CEDAR RAPIDS,LINN,,WILSON AVE SW & EDGEWOOD RD SW,Collision with:  Vehicle in traffic,On Roadway,"Angle, oncoming left turn",FTYROW:  Making left turn,None Indicated,,Dark - roadway lighted,Dry,Clear,None apparent,Intersection:  Four-way intersection,Paved,,Property Damage Only,0,0,0,0,0,0,3000,2,4,,POINT (-91.716267883224 41.956487540699)
2014815282,01-14-37063,08/24/2014,08-August,1-Sunday,00:55,0000 Hours,District 6 (East Central),DUBUQUE,DUBUQUE,,W 5TH ST,Collision with:  Parked motor vehicle,On Roadway,Rear-end (front to rear),Lost Control,Refused,,Dark - roadway lighted,Dry,Clear,None apparent,Non-intersection:  Non-junction/no special feature,Paved,,Property Damage Only,0,0,0,0,0,0,15000,2,1,,POINT (-90.675119433217 42.49642284224)
2014813818,S14-003350,08/24/2014,08-August,1-Sunday,18:00,1800 Hours,District 4 (Southwest),,POTTAWATTAMIE,IA 92,IA 92/IOWA 92 & Co Rd L52/275TH ST,,On Roadway,Non-collision (single vehicle),Ran off road - right,None Indicated,,Daylight,Dry,Clear,Work Zone (roadway-related),Non-intersection:  Non-junction/no special feature,Paved,Yes,Property Damage Only,0,0,0,0,0,0,3000,1,2,,POINT (-95.660889826995 41.232601260975)
2014813786,4514-034,08/24/2014,08-August,1-Sunday,17:10,1700 Hours,District 2 (Northeast),,HOWARD,US 63,US 63,Collision with fixed object:  Ditch,Roadside,Non-collision (single vehicle),Swerving/Evasive Action,None Indicated,,Daylight,Dry,Cloudy,None apparent,Non-intersection:  Non-junction/no special feature,Paved,,Major Injury,0,2,1,0,1,0,10000,1,2,,POINT (-92.298250345894 43.39583288101)
2014813656,14-4187,08/24/2014,08-August,1-Sunday,20:18,2000 Hours,District 1 (Central),WEST DES MOINES,POLK,,WESTWOOD DR & S 41ST ST,Collision with fixed object:  Curb/island/raised median,Shoulder,Non-collision (single vehicle),Other (explain in narrative):  No improper action,None Indicated,,Dusk,Dry,Clear,None apparent,Non-intersection:  Non-junction/no special feature,Paved,,Minor Injury,0,1,0,1,0,0,2500,1,1,,POINT (-93.760017271168 41.568995890109)
2014815288,02-14-12434,08/24/2014,08-August,1-Sunday,04:00,0400 Hours,District 6 (East Central),DUBUQUE,DUBUQUE,,OLD HIGHWAY RD,Collision with fixed object:  Ditch,On Roadway,Non-collision (single vehicle),Ran off road - right,Alcohol (Statutory),,Dark - roadway not lighted,Dry,"Fog, smoke, smog",None apparent,Non-intersection:  Non-junction/no special feature,Paved,,Property Damage Only,0,0,0,0,0,0,5100,1,2,,POINT (-90.7923786579 42.480182767256)
2014813640,20140024814,08/24/2014,08-August,1-Sunday,15:40,1500 Hours,District 1 (Central),DES MOINES,POLK,,E UNIVERSITY AVE & YORK ST,Collision with:  Vehicle in traffic,On Roadway,Head-on (front to front),Unknown,None Indicated,,Daylight,Dry,Clear,None apparent,Non-intersection:  Non-junction/no special feature,Paved,,Property Damage Only,0,0,0,0,0,0,3000,2,3,,POINT (-93.601952716191 41.60050270006)
2014813587,14-5569,08/24/2014,08-August,1-Sunday,03:00,0300 Hours,District 1 (Central),RUNNELLS,POLK,,W HANCOCK ST,Collision with:  Parked motor vehicle,Unknown,"Sideswipe, same direction","Operating vehicle in an reckless, erratic, careless, negligent manner",Alcohol (Statutory),,Dark - roadway lighted,Dry,Clear,None apparent,Non-intersection:  Non-junction/no special feature,Paved,,Property Damage Only,0,0,0,0,0,0,8000,2,1,,POINT (-93.358251437856 41.510176913274)
2014814100,08-14-200,08/24/2014,08-August,1-Sunday,13:15,1300 Hours,District 3 (Northwest),LE MARS,PLYMOUTH,,3RD ST SE,Collision with fixed object:  Tree,On Roadway,Non-collision (single vehicle),Over correcting/over steering,None Indicated,,Daylight,Dry,Cloudy,None apparent,Non-intersection:  Driveway access (within),Paved,,Property Damage Only,0,0,0,0,0,0,1800,1,2,,POINT (-96.158573898717 42.789389253162)
2014814073,14-003919,08/24/2014,08-August,1-Sunday,12:36,1200 Hours,District 1 (Central),AMES,STORY,,LINCOLN WAY & S SHELDON AVE,Collision with:  Vehicle in traffic,On Roadway,Broadside (front to side),Improper or erratic lane changing,None Indicated,,Daylight,Dry,Clear,None apparent,Intersection:  Four-way intersection,Paved,,Property Damage Only,0,0,0,0,0,0,2000,2,14,,POINT (-93.654246790019 42.022730583)
2014813765,14-035808,08/24/2014,08-August,1-Sunday,18:03,1800 Hours,District 4 (Southwest),COUNCIL BLUFFS,POTTAWATTAMIE,,MANAWA CENTRE DR,Collision with:  Vehicle in traffic,On Roadway,Broadside (front to side),Other (explain in narrative):  Other,None Indicated,,Daylight,Dry,Cloudy,None apparent,Non-intersection:  Non-junction/no special feature,Paved,,Property Damage Only,0,0,0,0,0,0,3000,2,5,,POINT (-95.84747013741 41.225676454867)
2014815030,14-000979,08/24/2014,08-August,1-Sunday,02:34,0200 Hours,District 1 (Central),,STORY,US 30,US 30,Collision with:  Vehicle in traffic,On Roadway,Unknown,Crossed centerline (undivided),Alcohol (Statutory),,Dark - roadway not lighted,Dry,Clear,None apparent,Non-intersection:  Non-junction/no special feature,Paved,,Minor Injury,0,1,0,1,0,0,8500,2,3,,POINT (-93.388393974069 42.00772611663)
2014815540,14-170824-01,08/24/2014,08-August,1-Sunday,22:30,2200 Hours,District 6 (East Central),,IOWA,,Q AVE & KEOKUK-IOWA RD,Collision with fixed object:  Traffic sign support,Outside trafficway,Non-collision (single vehicle),Swerving/Evasive Action,None Indicated,,Dark - roadway not lighted,"Mud, dirt",Cloudy,None apparent,Intersection:  T-intersection,Unpaved,,Possible/Unknown,0,1,0,0,0,1,2200,1,1,,POINT (-91.988923300225 41.510631977327)
2014813657,14-001946,08/24/2014,08-August,1-Sunday,12:58,1200 Hours,District 1 (Central),ALTOONA,POLK,,8TH ST SW,Collision with:  Vehicle in traffic,On Roadway,Rear-end (front to rear),Improper or erratic lane changing,None Indicated,,Daylight,Dry,Clear,None apparent,Non-intersection:  Non-junction/no special feature,Paved,,Property Damage Only,0,0,0,0,0,0,2000,2,2,,POINT (-93.50352093965 41.644138540969)
2014814106,14-000980,08/24/2014,08-August,1-Sunday,14:51,1400 Hours,District 1 (Central),,STORY,,260TH ST & 520TH AVE & IOWA STATE UNIVERSITY,Collision with:  Vehicle in traffic,On Roadway,Unknown,FTYROW:  At uncontrolled intersection,None Indicated,,Daylight,Dry,Clear,None apparent,Intersection:  Four-way intersection,Unpaved,,Minor Injury,0,2,0,2,0,0,12000,2,3,,POINT (-93.658582347221 41.979329988818)
2014814775,2014-59444,08/24/2014,08-August,1-Sunday,07:43,0700 Hours,District 6 (East Central),DAVENPORT,SCOTT,,W LOCUST ST,Collision with fixed object:  Traffic sign support,Median,Non-collision (single vehicle),Crossed centerline (undivided),None Indicated,,Unknown,Dry,Clear,None apparent,Non-intersection:  Non-junction/no special feature,Paved,,Property Damage Only,0,0,0,0,0,0,2200,1,1,,POINT (-90.648872227075 41.538206086965)
2014815079,14007713,08/24/2014,08-August,1-Sunday,20:24,2000 Hours,District 6 (East Central),,BUCHANAN,,Co Rd W40/RACINE AVE,Collision with:  Animal,,,Animal,None Indicated,,,,,,,Paved,,Property Damage Only,0,0,0,0,0,0,1500,1,1,,POINT (-91.755014277515 42.406916501045)
2014813965,14007447,08/24/2014,08-August,1-Sunday,06:14,0600 Hours,District 6 (East Central),MANCHESTER,DELAWARE,IA 13,IA 13/N FRANKLIN ST & W FAYETTE ST & E FAYETTE ST,Collision with:  Vehicle in traffic,On Roadway,Rear-end (front to rear),FTYROW:  Other (explain in narrative),Alcohol (Statutory),,Dawn,Dry,Clear,None apparent,Non-intersection:  Non-junction/no special feature,Paved,,Property Damage Only,0,0,0,0,0,0,1500,2,3,,POINT (-91.457916373282 42.484850747371)
2014817802,14007717,08/24/2014,08-August,1-Sunday,21:28,2100 Hours,District 6 (East Central),,BUCHANAN,I-380,I-380,Collision with fixed object:  Ditch,Roadside,Non-collision (single vehicle),Ran off road - right,None Indicated,,Dark - roadway not lighted,Dry,Clear,None apparent,Non-intersection:  Non-junction/no special feature,Paved,,Minor Injury,0,1,0,1,0,0,0,1,1,,POINT (-92.030702531713 42.341206075721)
2014813641,20140024815,08/24/2014,08-August,1-Sunday,15:16,1500 Hours,District 1 (Central),DES MOINES,POLK,IA 5,IA 5/NE RAMP & IA 28/IOWA 5,Collision with:  Vehicle in traffic,On Roadway,Rear-end (front to rear),Followed too close,None Indicated,,Daylight,Dry,Cloudy,None apparent,Intersection:  Intersection with ramp,Paved,,Possible/Unknown,0,1,0,0,1,0,1900,2,4,,POINT (-93.683480454217 41.515198285678)
2014813591,14-5567,08/24/2014,08-August,1-Sunday,00:30,0000 Hours,District 1 (Central),ALTOONA,POLK,US 6,US 6/HUBBELL AVE & US 65,Collision with:  Vehicle in traffic,On Roadway,"Angle, oncoming left turn",FTYROW:  Making left turn,None Indicated,,Dark - roadway lighted,Dry,Clear,None apparent,Intersection:  Four-way intersection,Paved,,Possible/Unknown,0,2,0,0,2,0,20000,2,3,,POINT (-93.512649242454 41.647448864086)
2014813982,2014049449,08/24/2014,08-August,1-Sunday,05:00,0500 Hours,District 1 (Central),,WEBSTER,,Co Rd D14/170TH ST & TAYLOR AVE,Non-collision events:  Overturn/rollover,Roadside,Non-collision (single vehicle),Ran off road - left,None Indicated,,Dark - roadway not lighted,Dry,Cloudy,None apparent,Non-intersection:  Non-junction/no special feature,Paved,,Major Injury,0,1,1,0,0,0,10000,1,1,,POINT (-94.06952934268 42.544639098083)
2014813958,SA1406969,08/24/2014,08-August,1-Sunday,23:58,2300 Hours,District 5 (Southeast),,WASHINGTON,IA 22,IA 22,Collision with:  Vehicle in traffic,On Roadway,Rear-end (front to rear),Followed too close,None Indicated,,Dark - roadway not lighted,Dry,Clear,None apparent,Non-intersection:  Non-junction/no special feature,Paved,,Property Damage Only,0,0,0,0,0,0,10000,2,2,,POINT (-91.728632247858 41.485882194943)
2014831265,,08/24/2014,08-August,1-Sunday,12:04,1200 Hours,District 5 (Southeast),WAPELLO,LOUISA,,,Collision with:  Vehicle in traffic,Unknown,Broadside (front to side),FTYROW:  At uncontrolled intersection,None Indicated,,Daylight,Unknown,Unknown,Unknown,Non-intersection:  Alley,,,Property Damage Only,0,0,0,0,0,0,3331,2,3,,POINT (-96.643700149993 40.233091251414)
2014819453,,08/24/2014,08-August,1-Sunday,19:20,1900 Hours,District 6 (East Central),MAQUOKETA,JACKSON,,S MAIN ST & DAVID ST & 17TH ST,Collision with:  Vehicle in traffic,On Roadway,Broadside (front to side),FTYROW:  From stop sign,None Indicated,,Daylight,Dry,Clear,None apparent,Intersection:  Four-way intersection,Paved,,Property Damage Only,0,0,0,0,0,0,4800,2,5,,POINT (-90.66530941691 42.048243930038)
2014813957,SA140255,08/24/2014,08-August,1-Sunday,06:16,0600 Hours,District 5 (Southeast),,WASHINGTON,,120TH ST,,On Roadway,Non-collision (single vehicle),Driving too fast for conditions,Alcohol (Statutory),,Dark - roadway not lighted,"Mud, dirt","Fog, smoke, smog",None apparent,Non-intersection:  Non-junction/no special feature,Unpaved,,Property Damage Only,0,0,0,0,0,0,8000,1,1,,POINT (-91.917048606377 41.483307096894)
2014814497,1408241238,08/24/2014,08-August,1-Sunday,11:15,1100 Hours,District 6 (East Central),,JONES,,Co Rd E17/CO RD E-17 & Co Rd X44/AMBER RD X-44,Collision with fixed object:  Traffic sign support,On Roadway,Non-collision (single vehicle),Swerving/Evasive Action,None Indicated,,Daylight,Dry,Clear,Work Zone (roadway-related),Non-intersection:  Non-junction/no special feature,Paved,Yes,Property Damage Only,0,0,0,0,0,0,3600,1,1,,POINT (-91.189956918069 42.165037092878)
2014813642,20140024817,08/24/2014,08-August,1-Sunday,16:12,1600 Hours,District 1 (Central),DES MOINES,POLK,,GARFIELD AVE & IDAHO ST,Collision with:  Vehicle in traffic,On Roadway,Broadside (front to side),Ran Stop Sign,None Indicated,,Daylight,Dry,Clear,None apparent,Intersection:  Four-way intersection,Paved,,Possible/Unknown,0,1,0,0,1,0,4000,2,3,,POINT (-93.599053712296 41.602337303201)
2014814436,2014049557,08/24/2014,08-August,1-Sunday,17:43,1700 Hours,District 5 (Southeast),,WARREN,,Co Rd G24/HWY G24,Collision with:  Animal,On Roadway,Non-collision (single vehicle),Animal,None Indicated,,Daylight,Dry,Clear,None apparent,Non-intersection:  Non-junction/no special feature,Paved,,Minor Injury,0,1,0,1,0,0,1000,1,1,,POINT (-93.677823202414 41.440407208536)
2014815122,14014670,08/24/2014,08-August,1-Sunday,16:20,1600 Hours,District 2 (Northeast),MASON CITY,CERRO GORDO,IA 122,IA 122/5TH ST SW & S ADAMS AVE,Collision with:  Vehicle in traffic,On Roadway,"Angle, oncoming left turn",Made improper turn,None Indicated,,Daylight,Dry,Clear,None apparent,Non-intersection:  Non-junction/no special feature,Paved,,Possible/Unknown,0,1,0,0,1,0,5000,2,2,,POINT (-93.20472611104 43.147203099997)
2014813638,20140024809,08/24/2014,08-August,1-Sunday,15:07,1500 Hours,District 1 (Central),DES MOINES,POLK,US 69,US 69/SE 14TH ST & E WATROUS AVE,Collision with:  Vehicle in traffic,On Roadway,Rear-end (front to rear),Unknown,None Indicated,,Daylight,Dry,Clear,None apparent,Intersection:  Four-way intersection,Paved,,Property Damage Only,0,0,0,0,0,0,1500,2,2,,POINT (-93.596837977403 41.548079984926)
2014832981,2014010715,08/24/2014,08-August,1-Sunday,15:25,1500 Hours,District 6 (East Central),IOWA CITY,JOHNSON,,E HARRISON ST,Collision with:  Vehicle in traffic,On Roadway,"Sideswipe, opposite direction",Other (explain in narrative):  Vision obstructed,None Indicated,,Daylight,Dry,Unknown,None apparent,Intersection:  T-intersection,Paved,,Property Damage Only,0,0,0,0,0,0,2000,2,41,,POINT (-91.532485112151 41.655498863378)
2014813816,S14-003348,08/24/2014,08-August,1-Sunday,17:45,1700 Hours,District 4 (Southwest),,POTTAWATTAMIE,I-80,I-80,Collision with:  Vehicle in traffic,On Roadway,"Sideswipe, same direction",Unknown,None Indicated,,Daylight,Dry,Clear,None apparent,Intersection:  Four-way intersection,Paved,,Property Damage Only,0,0,0,0,0,0,4500,2,6,,POINT (-95.553402370039 41.498098969739)
2014813983,2014049456,08/24/2014,08-August,1-Sunday,05:03,0500 Hours,District 5 (Southeast),,WAPELLO,US 63,US 63,Collision with:  Vehicle in traffic,On Roadway,"Sideswipe, opposite direction",Crossed centerline (undivided),Alcohol (Statutory),,Dark - roadway not lighted,Dry,"Fog, smoke, smog",None apparent,Non-intersection:  Non-junction/no special feature,Paved,,Major Injury,0,2,1,0,1,0,10000,2,2,,POINT (-92.40410744943 40.98363177513)
2014813744,14-2613,08/24/2014,08-August,1-Sunday,20:20,2000 Hours,District 1 (Central),FORT DODGE,WEBSTER,,KENYON RD,Collision with:  Vehicle in traffic,On Roadway,"Sideswipe, same direction",Improper or erratic lane changing,None Indicated,,Dusk,Dry,Clear,None apparent,Non-intersection:  Non-junction/no special feature,Paved,,Property Damage Only,0,0,0,0,0,0,3002,2,7,,POINT (-94.190080207531 42.492244119437)
2014813966,14007449,08/24/2014,08-August,1-Sunday,08:39,0800 Hours,District 6 (East Central),,DELAWARE,US 20,US 20,Non-collision events:  Other non-collision (explain in narrative),Shoulder,Non-collision (single vehicle),Ran off road - right,None Indicated,,Daylight,Dry,Clear,None apparent,Non-intersection:  Non-junction/no special feature,Paved,,Property Damage Only,0,0,0,0,0,0,7300,1,2,,POINT (-91.307262399072 42.470899889753)
2014813819,2014009204,08/24/2014,08-August,1-Sunday,06:09,0600 Hours,District 6 (East Central),IOWA CITY,JOHNSON,,WELLINGTON DR & VILLAGE RD & WAKEFIELD CT,Collision with fixed object:  Other fixed object (explain in narrative),On Roadway,Non-collision (single vehicle),"Operating vehicle in an reckless, erratic, careless, negligent manner",Alcohol (Statutory),,Daylight,Dry,Clear,None apparent,Intersection:  T-intersection,Paved,,Property Damage Only,0,0,0,0,0,0,4000,1,1,,POINT (-91.48972389225 41.644478888645)
2014813619,20140024793,08/24/2014,08-August,1-Sunday,11:13,1100 Hours,District 1 (Central),DES MOINES,POLK,,E 26TH ST,Collision with:  Vehicle in traffic,On Roadway,Rear-end (front to rear),Other (explain in narrative):  Other,None Indicated,,Daylight,Dry,Clear,None apparent,Non-intersection:  Non-junction/no special feature,Paved,,Property Damage Only,0,0,0,0,0,0,6500,2,1,,POINT (-93.567987362119 41.598486761087)
2014813589,14-5570,08/24/2014,08-August,1-Sunday,04:23,0400 Hours,District 1 (Central),DES MOINES,POLK,,NE 54TH AVE,Collision with:  Parked motor vehicle,Outside trafficway,Unknown,Unknown,Under Influence of Alcohol/Drugs/Medications,,Dark - roadway lighted,Dry,Clear,None apparent,Intersection:  Other intersection (explain in narrative),Paved,,Property Damage Only,0,0,0,0,0,0,5500,2,2,,POINT (-93.597257074608 41.658632586501)
2014813590,14-5583,08/24/2014,08-August,1-Sunday,18:24,1800 Hours,District 1 (Central),POLK CITY,POLK,,SE RUNNELS DR,Non-collision events:  Overturn/rollover,Outside trafficway,Non-collision (single vehicle),"Operating vehicle in an reckless, erratic, careless, negligent manner",None Indicated,,Daylight,Dry,Clear,None apparent,Non-intersection:  Driveway access (within),Unpaved,,Minor Injury,0,1,0,1,0,0,1000,1,1,,POINT (-93.377066296759 41.559918544682)
2014815820,14-14415,08/24/2014,08-August,1-Sunday,11:49,1100 Hours,District 5 (Southeast),,HENRY,US 218,US 218,,Shoulder,Non-collision (single vehicle),Swerving/Evasive Action,None Indicated,,Daylight,Dry,Clear,None apparent,Non-intersection:  Crossover-related,Paved,,Property Damage Only,0,0,0,0,0,0,2000,1,1,,POINT (-91.54178086326 40.920829205742)
2014813510,14-008813,08/24/2014,08-August,1-Sunday,17:07,1700 Hours,District 3 (Northwest),,CARROLL,US 30,US 30 & Co Rd N33/OLYMPIC AVE,Collision with:  Vehicle in traffic,On Roadway,"Angle, oncoming left turn",Crossed centerline (undivided),None Indicated,,Daylight,Dry,Cloudy,None apparent,Intersection:  Four-way intersection,Paved,,Property Damage Only,0,0,0,0,0,0,18650,3,7,,POINT (-94.822933063985 42.064109602827)
2014814834,02296,08/24/2014,08-August,1-Sunday,18:41,1800 Hours,District 6 (East Central),DYERSVILLE,DUBUQUE,US 20,US 20/SW RAMP/SW LOOP & IA 136/9TH ST SE,Collision with:  Vehicle in traffic,On Roadway,"Sideswipe, same direction",Crossed centerline (undivided),None Indicated,,Daylight,Dry,Clear,None apparent,Intersection:  Intersection with ramp,Paved,,Property Damage Only,0,0,0,0,0,0,3000,2,2,,POINT (-91.114286661742 42.467301175052)
2014813609,20140024790,08/24/2014,08-August,1-Sunday,09:20,0900 Hours,District 1 (Central),DES MOINES,POLK,,MADISON AVE & 29TH ST,Collision with:  Vehicle in traffic,On Roadway,"Sideswipe, same direction",Other (explain in narrative):  Other,None Indicated,,Daylight,Dry,Clear,None apparent,Intersection:  Four-way intersection,Paved,,Property Damage Only,0,0,0,0,0,0,5000,2,2,,POINT (-93.657688420993 41.633217754131)
2014814776,2014-59470,08/24/2014,08-August,1-Sunday,19:30,1900 Hours,District 6 (East Central),DAVENPORT,SCOTT,,W CENTRAL PARK AVE,Collision with:  Vehicle in traffic,On Roadway,"Sideswipe, same direction",Unknown,None Indicated,,Unknown,Unknown,Unknown,Unknown,Unknown,Paved,,Property Damage Only,0,0,0,0,0,0,3500,2,1,,POINT (-90.587490750536 41.545490134827)
2014813936,14-27795,08/24/2014,08-August,1-Sunday,13:47,1300 Hours,District 3 (Northwest),SIOUX CITY,WOODBURY,IA 376,IA 376/S LEWIS BLVD,Collision with:  Vehicle in traffic,On Roadway,Rear-end (front to rear),Followed too close,None Indicated,,Daylight,Dry,Clear,None apparent,Non-intersection:  Non-junction/no special feature,Paved,,Minor Injury,0,1,0,1,0,0,4500,2,2,,POINT (-96.378926922165 42.470560220254)
2014814700,14-5568,08/24/2014,08-August,1-Sunday,00:37,0000 Hours,District 1 (Central),GRIMES,POLK,IA 44,IA 44/NW 70 AVE,Collision with fixed object:  Traffic sign support,Roadside,Non-collision (single vehicle),Crossed centerline (undivided),None Indicated,,Dark - roadway lighted,Dry,Clear,None apparent,Non-intersection:  Crossover-related,Paved,,Minor Injury,0,1,0,1,0,0,7300,1,1,,POINT (-93.807298065843 41.688351575921)
2014816691,H14-0809,08/25/2014,08-August,2-Monday,22:20,2200 Hours,District 1 (Central),,STORY,IA 210,IA 210/IOWA 210 & 578TH AVE,Collision with:  Animal,On Roadway,Non-collision (single vehicle),Animal,None Indicated,,Dark - roadway not lighted,Dry,Clear,None apparent,Intersection:  T-intersection,Paved,,Property Damage Only,0,0,0,0,0,0,5000,1,1,,POINT (-93.546037126854 41.877784093972)
2014813618,20140024888,08/25/2014,08-August,2-Monday,10:23,1000 Hours,District 1 (Central),DES MOINES,POLK,IA 415,IA 415/2ND AVE & MADISON AVE & E MADISON AVE,Collision with:  Vehicle in traffic,On Roadway,"Angle, oncoming left turn",Ran Traffic Signal,None Indicated,,Daylight,Dry,Clear,None apparent,Intersection:  Four-way intersection,Paved,,Property Damage Only,0,0,0,0,0,0,4500,2,2,,POINT (-93.619953266304 41.633166254014)
2014814226,2014008776,08/25/2014,08-August,2-Monday,12:30,1200 Hours,District 1 (Central),MARSHALLTOWN,MARSHALL,,W MAIN ST,Collision with:  Non-motorist (see non-motorist section - NOT a unit),On Roadway,Non-collision (single vehicle),Other (explain in narrative):  No improper action,None Indicated,,Daylight,Dry,Clear,None apparent,Non-intersection:  Non-junction/no special feature,Paved,,Possible/Unknown,0,1,0,0,1,0,0,1,1,,POINT (-92.937090604736 42.049093884569)