Iowa DOT Case Number,Law Enforcement Case Number,Date of Crash,Month of Crash,Day of Week,Time of Crash,Hour,DOT District,City Name,County Name,Route with System,Location Description,First Harmful Event,Location of First Harmful Event,Manner of Crash/Collision,Major Cause,Drug or Alcohol ,Environmental Conditions,Light Conditions,Surface Conditions,Weather Conditions,Roadway Contribution,Roadway Type,Roadway Surface,Work Zone,Crash Severity,Number of Fatalities,Number of Injuries,Number of Major Injuries,Number of Minor Injuries,Number of Possible Injuries,Number of Unknown Injuries,Amount of Property Damage,Number of Vehicles Involved,Total Number of Occupants,Travel Direction,Location
2014814183,2014-59688,08/25/2014,08-August,2-Monday,09:31,0900 Hours,District 6 (East Central),DAVENPORT,SCOTT,,N DIVISION ST & NORTHWEST BLVD,Collision with:  Vehicle in traffic,On Roadway,Broadside (front to side),Ran Traffic Signal,None Indicated,,Daylight,Dry,Clear,None apparent,Intersection:  Four-way intersection,Paved,,Property Damage Only,0,0,0,0,0,0,5000,2,2,,POINT (-90.60027389765 41.583620643993)
2014814864,14-012925,08/25/2014,08-August,2-Monday,13:49,1300 Hours,District 2 (Northeast),,FLOYD,,Co Rd T64/UNDERWOOD AVE,Non-collision events:  Overturn/rollover,On Roadway,Non-collision (single vehicle),Swerving/Evasive Action,None Indicated,,Daylight,Dry,Cloudy,None apparent,Non-intersection:  Non-junction/no special feature,Paved,,Minor Injury,0,2,0,2,0,0,10000,1,2,,POINT (-92.633940155457 43.199983069156)
2014815110,,08/25/2014,08-August,2-Monday,13:23,1300 Hours,District 6 (East Central),CEDAR RAPIDS,LINN,,MT VERNON RD SE & 8TH AVE SE & 10TH ST SE,Collision with:  Vehicle in traffic,On Roadway,Rear-end (front to rear),Unknown,None Indicated,,Daylight,Wet,Cloudy,,Non-intersection:  Non-junction/no special feature,Paved,,Possible/Unknown,0,2,0,0,2,0,3600,2,3,,POINT (-91.653808476606 41.977927938579)
2014815124,14014739,08/25/2014,08-August,2-Monday,17:01,1700 Hours,District 2 (Northeast),MASON CITY,CERRO GORDO,,7TH ST SE & S DELAWARE AVE,Collision with:  Vehicle in traffic,On Roadway,Broadside (front to side),FTYROW:  From stop sign,None Indicated,,Daylight,Dry,Cloudy,None apparent,Intersection:  Four-way intersection,Paved,,Property Damage Only,0,0,0,0,0,0,5000,2,2,,POINT (-93.199737209873 43.14469055734)
2014813813,14-035890,08/25/2014,08-August,2-Monday,08:17,0800 Hours,District 4 (Southwest),COUNCIL BLUFFS,POTTAWATTAMIE,I-29,I-29,Collision with:  Other non-fixed object (explain in narrative),On Roadway,Non-collision (single vehicle),Equipment failure,None Indicated,,Daylight,Dry,Clear,None apparent,Non-intersection:  Non-junction/no special feature,Paved,,Property Damage Only,0,0,0,0,0,0,1500,2,3,,POINT (-95.886633827762 41.232455037883)
2014813974,14-30161,08/25/2014,08-August,2-Monday,17:42,1700 Hours,District 5 (Southeast),BURLINGTON,DES MOINES,,PILGER AVE & SUNNYSIDE AVE,Collision with:  Vehicle in traffic,On Roadway,Rear-end (front to rear),Followed too close,None Indicated,,Daylight,Dry,Clear,None apparent,Intersection:  T-intersection,Paved,,Possible/Unknown,0,1,0,0,1,0,4500,2,4,,POINT (-91.116899648946 40.830855222652)
2014813891,20140024919,08/25/2014,08-August,2-Monday,14:22,1400 Hours,District 1 (Central),DES MOINES,POLK,,SE 8TH ST & INDIANOLA AVE,Collision with:  Vehicle in traffic,On Roadway,Rear-end (front to rear),Swerving/Evasive Action,None Indicated,,Daylight,Dry,Clear,None apparent,Non-intersection:  Non-junction/no special feature,Paved,,Property Damage Only,0,0,0,0,0,0,3500,2,2,,POINT (-93.602592843693 41.558363341832)
2014813863,142575,08/25/2014,08-August,2-Monday,12:40,1200 Hours,District 3 (Northwest),DENISON,CRAWFORD,,,Collision with:  Vehicle in traffic,Outside trafficway,Broadside (front to side),Unknown,None Indicated,,Daylight,Dry,Cloudy,None apparent,Non-intersection:  Non-junction/no special feature,,,Property Damage Only,0,0,0,0,0,0,1500,2,2,,POINT (-96.643700149993 40.233091251414)
2014814681,C14002673,08/25/2014,08-August,2-Monday,16:40,1600 Hours,District 6 (East Central),CORALVILLE,JOHNSON,US 6,US 6/2ND ST,Collision with:  Vehicle in traffic,On Roadway,Rear-end (front to rear),Followed too close,None Indicated,,Daylight,Dry,Clear,None apparent,Non-intersection:  Non-junction/no special feature,Paved,,Property Damage Only,0,0,0,0,0,0,3450,3,4,,POINT (-91.560799923286 41.667007451976)
2014813820,14-035923,08/25/2014,08-August,2-Monday,13:27,1300 Hours,District 4 (Southwest),COUNCIL BLUFFS,POTTAWATTAMIE,,VALLEY VIEW DR & FAWN PARK DR,Collision with:  Vehicle in traffic,On Roadway,Broadside (front to side),Made improper turn,None Indicated,,Daylight,Dry,Clear,None apparent,Intersection:  T-intersection,Paved,,Possible/Unknown,0,1,0,0,1,0,7000,2,5,,POINT (-95.817694312742 41.237604478222)
2014813847,W14-085503,08/25/2014,08-August,2-Monday,05:14,0500 Hours,District 2 (Northeast),WATERLOO,BLACK HAWK,US 20,US 20,Non-collision events:  Other non-collision (explain in narrative),On Roadway,Non-collision (single vehicle),Unknown,None Indicated,,Dark - roadway not lighted,Wet,Rain,None apparent,Non-intersection:  Non-junction/no special feature,Paved,,Possible/Unknown,0,1,0,0,0,1,3000,1,1,,POINT (-92.452321433246 42.464693517181)
2014815536,14-070825-01,08/25/2014,08-August,2-Monday,06:15,0600 Hours,District 6 (East Central),,IOWA,IA 21,IA 21/B AVE,Collision with:  Animal,,,Animal,None Indicated,,,,,,,Paved,,Property Damage Only,0,0,0,0,0,0,2500,1,1,,POINT (-92.279112121471 41.792461487838)
2014817253,201400003006,08/25/2014,08-August,2-Monday,20:29,2000 Hours,District 6 (East Central),,LINN,,Co Rd W6E/ELY RD,Collision with fixed object:  Ditch,On Roadway,Non-collision (single vehicle),Crossed centerline (undivided),Alcohol (Statutory),,Dusk,Dry,Clear,None apparent,Non-intersection:  Non-junction/no special feature,Paved,,Possible/Unknown,0,1,0,0,1,0,12500,1,1,,POINT (-91.613988104824 41.905564335634)
2014814118,146483PD,08/25/2014,08-August,2-Monday,11:06,1100 Hours,District 1 (Central),BOONE,BOONE,,W 8TH ST & MCPHERSON ST,Collision with:  Vehicle in traffic,On Roadway,Broadside (front to side),FTYROW:  From stop sign,None Indicated,,Daylight,Dry,Cloudy,None apparent,Intersection:  Four-way intersection,Paved,,Property Damage Only,0,0,0,0,0,0,4000,2,3,,POINT (-93.898069002074 42.063727519524)
2014813870,C14002576,08/25/2014,08-August,2-Monday,20:35,2000 Hours,District 6 (East Central),CORALVILLE,JOHNSON,US 6,US 6/2ND ST,Collision with:  Non-motorist (see non-motorist section - NOT a unit),Outside trafficway,Non-collision (single vehicle),Other (explain in narrative):  No improper action,None Indicated,,Dusk,Dry,Clear,None apparent,Non-intersection:  Driveway access (within),Paved,,Possible/Unknown,0,2,0,0,2,0,1500,1,2,,POINT (-91.568531017939 41.669923162606)
2014814014,201412547,08/25/2014,08-August,2-Monday,13:05,1300 Hours,District 6 (East Central),CEDAR RAPIDS,LINN,,18TH ST SW & WRIGHT BROTHERS BLVD SW,Collision with:  Vehicle in traffic,On Roadway,Broadside (front to side),FTYROW:  From stop sign,None Indicated,,Daylight,Wet,Cloudy,None apparent,Intersection:  Four-way intersection,Paved,,Minor Injury,0,1,0,1,0,0,25000,2,2,,POINT (-91.695602200974 41.892371244192)
2014814182,2014-59662,08/25/2014,08-August,2-Monday,07:29,0700 Hours,District 6 (East Central),DAVENPORT,SCOTT,,W 53RD ST & SHERIDAN ST,Collision with:  Vehicle in traffic,On Roadway,Broadside (front to side),Ran Traffic Signal,None Indicated,,Daylight,Dry,Clear,None apparent,Intersection:  Four-way intersection,Paved,,Property Damage Only,0,0,0,0,0,0,3500,2,2,,POINT (-90.574871372159 41.574540308043)
2014813858,14012666,08/25/2014,08-August,2-Monday,20:25,2000 Hours,District 6 (East Central),,CEDAR,,Co Rd Y24/HOOVER HWY,Collision with:  Animal,,,Animal,None Indicated,,,,,,,Paved,,Property Damage Only,0,0,0,0,0,0,3000,1,1,,POINT (-90.911427069037 41.927138339334)
2014814415,201402993,08/25/2014,08-August,2-Monday,10:18,1000 Hours,District 6 (East Central),CENTER POINT,LINN,I-380,I-380 & Co Rd W36/LEWIS ACCESS RD,Collision with:  Vehicle in traffic,On Roadway,Broadside (front to side),Crossed centerline (undivided),None Indicated,,Daylight,Wet,Cloudy,None apparent,Intersection:  Intersection with ramp,Paved,,Major Injury,0,1,1,0,0,0,9000,2,2,,POINT (-91.778105631995 42.171486587481)
2014813894,20140024938,08/25/2014,08-August,2-Monday,16:09,1600 Hours,District 5 (Southeast),DES MOINES,WARREN,US 65,US 65 & US 69 & IA 5/IOWA 5,Collision with fixed object:  Guardrail - face,Shoulder,Non-collision (single vehicle),Lost Control,None Indicated,,Daylight,Dry,Cloudy,None apparent,Non-intersection:  Other non-intersection (explain in narrative),Paved,,Property Damage Only,0,0,0,0,0,0,5000,1,1,,POINT (-93.571912708766 41.506151307785)
2014814064,AC14-051,08/25/2014,08-August,2-Monday,11:10,1100 Hours,District 4 (Southwest),HARLAN,SHELBY,IA 44,IA 44/CHATBURN AVE & 12TH ST,Collision with:  Vehicle in traffic,On Roadway,Rear-end (front to rear),Followed too close,None Indicated,,Daylight,Dry,Cloudy,None apparent,Non-intersection:  Non-junction/no special feature,Paved,,Possible/Unknown,0,1,0,0,1,0,3500,2,2,,POINT (-95.3255540131 41.645641549735)
2014813862,14-007080,08/25/2014,08-August,2-Monday,05:25,0500 Hours,District 2 (Northeast),,CLAYTON,US 18,US 18 & Co Rd X26/FALCON AVE,Collision with:  Vehicle in traffic,On Roadway,Head-on (front to front),Crossed centerline (undivided),None Indicated,,Dark - roadway lighted,Wet,Rain,None apparent,Intersection:  Four-way intersection,Paved,,Minor Injury,0,2,0,2,0,0,18000,2,2,,POINT (-91.390323223116 43.040549481079)
2014815828,K14-026406,08/25/2014,08-August,2-Monday,22:44,2200 Hours,District 5 (Southeast),KEOKUK,LEE,,11TH ST S,Collision with:  Non-motorist (see non-motorist section - NOT a unit),On Roadway,Non-collision (single vehicle),"Operating vehicle in an reckless, erratic, careless, negligent manner",None Indicated,,Dark - roadway lighted,Dry,Clear,None apparent,Non-intersection:  Non-junction/no special feature,Paved,,Minor Injury,0,2,0,1,0,1,500,1,2,,POINT (-91.393968827108 40.397008959139)
2014813620,20140024875,08/25/2014,08-August,2-Monday,07:34,0700 Hours,District 1 (Central),DES MOINES,POLK,,WEST ST & SW 9TH ST,Collision with:  Vehicle in traffic,On Roadway,Broadside (front to side),FTYROW:  From stop sign,None Indicated,,Daylight,Dry,Cloudy,Non-highway work,Intersection:  Four-way intersection,Paved,,Possible/Unknown,0,1,0,0,1,0,4000,2,2,,POINT (-93.625756232818 41.52547998608)
2014815568,14011491,08/25/2014,08-August,2-Monday,13:11,1300 Hours,District 4 (Southwest),GLENWOOD,MILLS,,MAIN ST,Collision with fixed object:  Other fixed object (explain in narrative),Outside trafficway,Unknown,Other (explain in narrative):  Other,None Indicated,,Daylight,Dry,Clear,None apparent,Unknown,Paved,,Property Damage Only,0,0,0,0,0,0,5500,2,0,,POINT (-95.735599019188 41.037738194559)
2014821163,2014-037951,08/25/2014,08-August,2-Monday,07:00,0700 Hours,District 6 (East Central),DUBUQUE,DUBUQUE,,WOOD ST,Collision with:  Vehicle in traffic,On Roadway,"Sideswipe, opposite direction",Ran off road - left,None Indicated,,Dark - roadway lighted,Wet,Cloudy,None apparent,Non-intersection:  Non-junction/no special feature,Paved,,Property Damage Only,0,0,0,0,0,0,1500,2,1,,POINT (-90.688441411039 42.504427943769)
2014814001,082514-41,08/25/2014,08-August,2-Monday,14:36,1400 Hours,District 3 (Northwest),STORM LAKE,BUENA VISTA,IA 7,IA 7/W MILWAUKEE AVE,Collision with:  Vehicle in traffic,On Roadway,Rear-end (front to rear),Driver Distraction:  Inattentive/lost in thought,None Indicated,,Daylight,Dry,Clear,None apparent,Non-intersection:  Non-junction/no special feature,Paved,,Property Damage Only,0,0,0,0,0,0,3500,2,2,,POINT (-95.22105246479 42.6490676831)
2014814374,14-001002,08/25/2014,08-August,2-Monday,17:51,1700 Hours,District 1 (Central),JOHNSTON,POLK,,NW 62ND AVE,Collision with:  Vehicle in traffic,On Roadway,Rear-end (front to rear),Followed too close,None Indicated,,Daylight,Dry,Cloudy,None apparent,Intersection:  T-intersection,Paved,,Property Damage Only,0,0,0,0,0,0,5000,2,4,,POINT (-93.706025520715 41.672922696359)
2014814418,2014-10140,08/25/2014,08-August,2-Monday,14:12,1400 Hours,District 2 (Northeast),FOREST CITY,WINNEBAGO,,W N ST & N 6TH ST,Collision with:  Vehicle in traffic,On Roadway,Broadside (front to side),FTYROW:  At uncontrolled intersection,None Indicated,,Daylight,Dry,Clear,None apparent,Intersection:  Four-way intersection,Paved,,Minor Injury,0,2,0,2,0,0,7500,2,3,,POINT (-93.639230029988 43.267569685253)
2014814013,201412539,08/25/2014,08-August,2-Monday,10:28,1000 Hours,District 6 (East Central),CEDAR RAPIDS,LINN,,WILEY BLVD NW,Collision with:  Parked motor vehicle,On Roadway,"Sideswipe, same direction",Lost Control,None Indicated,,Daylight,Dry,Cloudy,None apparent,Non-intersection:  Driveway access (within),Paved,,Property Damage Only,0,0,0,0,0,0,5500,2,1,,POINT (-91.725678041769 41.976541742762)
2014813969,14-5786,08/25/2014,08-August,2-Monday,16:42,1600 Hours,District 2 (Northeast),ALGONA,KOSSUTH,,E OAK ST & N PHILLIPS ST,Collision with:  Vehicle in traffic,On Roadway,Broadside (front to side),Ran Stop Sign,None Indicated,,Daylight,Dry,Cloudy,None apparent,Intersection:  Four-way intersection,Paved,,Property Damage Only,0,0,0,0,0,0,4500,2,2,,POINT (-94.226859693234 43.074461176826)
2014813896,20140024958,08/25/2014,08-August,2-Monday,17:30,1700 Hours,District 1 (Central),DES MOINES,POLK,,COLLEGE AVE & 11TH ST,Collision with:  Vehicle in traffic,On Roadway,Head-on (front to front),Driver Distraction:  Reaching for object(s)/fallen object(s),None Indicated,,Daylight,Dry,Clear,None apparent,Intersection:  Four-way intersection,Paved,,Property Damage Only,0,0,0,0,0,0,5500,2,4,,POINT (-93.631806546359 41.60769240584)
2014814471,2014049612,08/25/2014,08-August,2-Monday,07:30,0700 Hours,District 4 (Southwest),,CASS,I-80,I-80,Collision with:  Vehicle in traffic,On Roadway,"Sideswipe, same direction",Ran off road - left,None Indicated,,Daylight,Dry,Clear,None apparent,Non-intersection:  Non-junction/no special feature,Paved,,Possible/Unknown,0,1,0,0,1,0,19000,3,3,,POINT (-94.89896477541 41.497316321157)
2014813615,20140024866,08/25/2014,08-August,2-Monday,06:33,0600 Hours,District 1 (Central),DES MOINES,POLK,,MCKINLEY AVE & SW 15TH ST,Collision with fixed object:  Curb/island/raised median,On Roadway,Non-collision (single vehicle),Downhill runaway,None Indicated,,Dawn,Dry,Cloudy,None apparent,Intersection:  T-intersection,Paved,,Minor Injury,0,1,0,1,0,0,7950,1,2,,POINT (-93.636827969796 41.541028916555)
2014814184,2014-59740,08/25/2014,08-August,2-Monday,12:14,1200 Hours,District 6 (East Central),DAVENPORT,SCOTT,,UTICA RIDGE RD,Collision with:  Vehicle in traffic,On Roadway,Rear-end (front to rear),Followed too close,None Indicated,,Daylight,Dry,Clear,None apparent,Non-intersection:  Non-junction/no special feature,Paved,,Property Damage Only,0,0,0,0,0,0,2100,2,2,,POINT (-90.512944443767 41.576801205176)
2014813795,14-30068,08/25/2014,08-August,2-Monday,07:12,0700 Hours,District 5 (Southeast),BURLINGTON,DES MOINES,,WEST AVE & LEEBRICK ST,Collision with:  Vehicle in traffic,On Roadway,Head-on (front to front),Made improper turn,None Indicated,,Daylight,Dry,Clear,None apparent,Non-intersection:  Non-junction/no special feature,Paved,,Property Damage Only,0,0,0,0,0,0,7000,2,3,,POINT (-91.12138035117 40.800256691496)
2014815086,2014049594,08/25/2014,08-August,2-Monday,00:03,0000 Hours,District 3 (Northwest),ALTON,SIOUX,,3RD AVE & 10TH ST,Collision with fixed object:  Utility pole/light support,Outside trafficway,Non-collision (single vehicle),Ran Stop Sign,None Indicated,,Dark - roadway lighted,Dry,Clear,None apparent,Intersection:  T-intersection,Paved,,Property Damage Only,0,0,0,0,0,0,7209,1,1,,POINT (-96.01043749859 42.987156421964)
2014814109,201403904,08/25/2014,08-August,2-Monday,20:38,2000 Hours,District 1 (Central),,BOONE,US 169,US 169/D AVE,Collision with:  Animal,,,Animal,None Indicated,,,,,,,Paved,,Property Damage Only,0,0,0,0,0,0,2000,1,1,,POINT (-94.105930709153 42.064911724855)
2014814201,14-171,08/25/2014,08-August,2-Monday,12:31,1200 Hours,District 2 (Northeast),WAVERLY,BREMER,IA 3,IA 3/BREMER AVE & 4TH ST SE,Collision with:  Parked motor vehicle,On Roadway,"Angle, oncoming left turn",Equipment failure,None Indicated,,Daylight,Dry,Clear,None apparent,Non-intersection:  Non-junction/no special feature,Paved,,Property Damage Only,0,0,0,0,0,0,4500,2,2,,POINT (-92.465627845173 42.725831449568)
2014813607,20140024891,08/25/2014,08-August,2-Monday,10:40,1000 Hours,District 5 (Southeast),DES MOINES,WARREN,,CO LINE RD,Non-collision events:  Overturn/rollover,Shoulder,Non-collision (single vehicle),Ran off road - right,None Indicated,,Daylight,Dry,Clear,None apparent,Non-intersection:  Non-junction/no special feature,Paved,,Minor Injury,0,1,0,1,0,0,3500,1,1,,POINT (-93.642404145118 41.512084329285)
2014813616,20140024873,08/25/2014,08-August,2-Monday,07:41,0700 Hours,District 1 (Central),DES MOINES,POLK,,DOUGLAS AVE,Collision with fixed object:  Utility pole/light support,Outside trafficway,Non-collision (single vehicle),Ran off road - left,None Indicated,,Daylight,Dry,Cloudy,None apparent,Non-intersection:  Non-junction/no special feature,Paved,,Minor Injury,0,1,0,1,0,0,7000,1,2,,POINT (-93.62552473789 41.629515183279)
2014815460,14-8842,08/25/2014,08-August,2-Monday,18:14,1800 Hours,District 3 (Northwest),CARROLL,CARROLL,,11TH ST & COURT ST,Collision with:  Vehicle in traffic,On Roadway,"Angle, oncoming left turn",FTYROW:  From stop sign,None Indicated,,Daylight,Dry,Cloudy,None apparent,Intersection:  Four-way intersection,Paved,,Property Damage Only,0,0,0,0,0,0,5000,2,2,,POINT (-94.863309395529 42.070593767475)
2014816345,14-12850,08/25/2014,08-August,2-Monday,18:06,1800 Hours,District 6 (East Central),,JACKSON,US 61,US 61 & Co Rd Y53/HURSTVILLE RD/ESGATE RD,Collision with:  Vehicle in traffic,On Roadway,Broadside (front to side),FTYROW:  From stop sign,None Indicated,,Daylight,Dry,Cloudy,None apparent,Intersection:  Four-way intersection,Paved,,Possible/Unknown,0,7,0,0,7,0,16000,2,7,,POINT (-90.683309865041 42.09749229861)
2014815311,2014049683,08/25/2014,08-August,2-Monday,12:25,1200 Hours,District 1 (Central),DES MOINES,POLK,US 69,US 69/E 15TH ST & E GRAND AVE,Collision with:  Vehicle in traffic,On Roadway,Broadside (front to side),Ran Traffic Signal,None Indicated,,Daylight,Dry,Clear,None apparent,Intersection:  Four-way intersection,Paved,,Minor Injury,0,1,0,1,0,0,4000,2,2,,POINT (-93.59528059346 41.593953145691)
2014814991,14-003935,08/25/2014,08-August,2-Monday,17:08,1700 Hours,District 1 (Central),AMES,STORY,,6TH ST & E 6TH ST & DUFF AVE,Collision with:  Vehicle in traffic,On Roadway,"Angle, oncoming left turn",FTYROW:  Making left turn,None Indicated,,Daylight,Dry,Cloudy,None apparent,Intersection:  Four-way intersection,Paved,,Property Damage Only,0,0,0,0,0,0,3500,2,2,,POINT (-93.610537321126 42.026961314065)
2014814385,14V08118,08/25/2014,08-August,2-Monday,20:30,2000 Hours,District 6 (East Central),VINTON,BENTON,,W 4TH ST & S E AVE,Collision with fixed object:  Other fixed object (explain in narrative),On Roadway,Non-collision (single vehicle),Ran off road - right,None Indicated,,Dark - roadway lighted,Dry,Clear,None apparent,Intersection:  Four-way intersection,Paved,,Property Damage Only,0,0,0,0,0,0,6081,1,1,,POINT (-92.029699657875 42.167712302245)
2014813943,2014008785,08/25/2014,08-August,2-Monday,15:20,1500 Hours,District 1 (Central),MARSHALLTOWN,MARSHALL,,W GRANT ST & N 3RD ST,Collision with:  Vehicle in traffic,On Roadway,"Sideswipe, same direction",Other (explain in narrative):  Vision obstructed,None Indicated,,Daylight,Dry,Clear,None apparent,Non-intersection:  Non-junction/no special feature,Paved,,Minor Injury,0,1,0,1,0,0,8000,2,8,,POINT (-92.917836858763 42.052125942)
2014814454,2014049709,08/25/2014,08-August,2-Monday,14:00,1400 Hours,District 5 (Southeast),,LEE,US 218,US 218,Collision with:  Vehicle in traffic,On Roadway,Rear-end (front to rear),Swerving/Evasive Action,None Indicated,,Daylight,Dry,Cloudy,Work Zone (roadway-related),Non-intersection:  Non-junction/no special feature,Paved,Yes,Property Damage Only,0,0,0,0,0,0,10000,2,4,,POINT (-91.563847218823 40.760330087643)
2014814566,2014-59801,08/25/2014,08-August,2-Monday,16:39,1600 Hours,District 6 (East Central),DAVENPORT,SCOTT,,E 53RD ST & E 52ND ST,Collision with:  Vehicle in traffic,On Roadway,Rear-end (front to rear),Followed too close,None Indicated,,Daylight,Dry,Cloudy,Work Zone (roadway-related),Intersection:  T-intersection,Paved,Yes,Property Damage Only,0,0,0,0,0,0,7000,2,2,,POINT (-90.556407216463 41.574689534482)
2014815111,,08/25/2014,08-August,2-Monday,15:30,1500 Hours,District 6 (East Central),CEDAR RAPIDS,LINN,I-380,I-380 & 33RD AVE SW,Collision with:  Vehicle in traffic,On Roadway,"Sideswipe, same direction",Unknown,None Indicated,,Daylight,Dry,Clear,,Interchange-related:  On-ramp merge area,Paved,,Property Damage Only,0,0,0,0,0,0,1600,2,2,,POINT (-91.671328952208 41.945087355573)
2014813855,14012656,08/25/2014,08-August,2-Monday,15:41,1500 Hours,District 6 (East Central),,CEDAR,IA 38,IA 38/IOWA 38,Collision with:  Vehicle in traffic,On Roadway,Rear-end (front to rear),Followed too close,None Indicated,,Daylight,Dry,Clear,None apparent,Non-intersection:  Driveway access (within),Paved,,Possible/Unknown,0,2,0,0,2,0,10000,2,3,,POINT (-91.132290231294 41.850860649456)
2014814003,142586,08/25/2014,08-August,2-Monday,12:12,1200 Hours,District 3 (Northwest),DENISON,CRAWFORD,,N 10TH ST,Collision with:  Vehicle in traffic,On Roadway,Broadside (front to side),FTYROW:  Other (explain in narrative),None Indicated,,Daylight,Dry,Cloudy,None apparent,Non-intersection:  Alley,Paved,,Possible/Unknown,0,1,0,0,0,1,4500,2,2,,POINT (-95.359413081518 42.022485802327)
2014813892,20140024935,08/25/2014,08-August,2-Monday,15:52,1500 Hours,District 1 (Central),DES MOINES,POLK,IA 163,IA 163/E UNIVERSITY AVE & E 25TH CT,Collision with:  Vehicle in traffic,On Roadway,Rear-end (front to rear),Followed too close,None Indicated,,Daylight,Dry,Clear,None apparent,Intersection:  Four-way intersection,Paved,,Property Damage Only,0,0,0,0,0,0,2800,2,2,,POINT (-93.569432740676 41.60047021284)
2014813617,20140024874,08/25/2014,08-August,2-Monday,07:30,0700 Hours,District 1 (Central),DES MOINES,POLK,US 69,US 69/SE 14TH ST,Collision with:  Vehicle in traffic,On Roadway,Rear-end (front to rear),Driver Distraction:  Manual operation of an electronic communication device,None Indicated,,Daylight,Dry,Clear,None apparent,Non-intersection:  Other non-intersection (explain in narrative),Paved,,Minor Injury,0,1,0,1,0,0,7000,2,2,,POINT (-93.596971941207 41.575668641249)
2014813924,S14-8501,08/25/2014,08-August,2-Monday,15:30,1500 Hours,District 3 (Northwest),DANBURY,WOODBURY,,Co Rd D54/DANBURY BLACK TOP,Collision with:  Animal,,,Animal,None Indicated,,,,,,,Paved,,Property Damage Only,0,0,0,0,0,0,20000,1,1,,POINT (-95.781266178292 42.255196943368)
2014813881,14-5617,08/25/2014,08-August,2-Monday,18:04,1800 Hours,District 1 (Central),GRIMES,POLK,IA 44,IA 44/1ST ST,Collision with:  Vehicle in traffic,On Roadway,Rear-end (front to rear),Other (explain in narrative):  Other,None Indicated,,Daylight,Dry,Clear,None apparent,Non-intersection:  Non-junction/no special feature,Paved,,Property Damage Only,0,0,0,0,0,0,2300,2,4,,POINT (-93.79301121932 41.688378993298)
2014813903,20140024969,08/25/2014,08-August,2-Monday,20:56,2000 Hours,District 1 (Central),DES MOINES,POLK,,HICKMAN RD & 40TH ST,Collision with:  Non-motorist (see non-motorist section - NOT a unit),On Roadway,Non-collision (single vehicle),Swerving/Evasive Action,None Indicated,,Dark - roadway lighted,Dry,Clear,None apparent,Intersection:  Four-way intersection,Paved,,Fatal,1,0,0,0,0,0,3000,1,1,,POINT (-93.670621756272 41.614966526678)
2014813755,14-30041,08/25/2014,08-August,2-Monday,01:34,0100 Hours,District 5 (Southeast),BURLINGTON,DES MOINES,,WEST AVE & WELLSHIRE DR & W ROOSEVELT FRONTAGE,Non-collision events:  Other non-collision (explain in narrative),On Roadway,Non-collision (single vehicle),Unknown,None Indicated,,Dark - roadway lighted,Dry,Clear,None apparent,Non-intersection:  Non-junction/no special feature,Paved,,Minor Injury,0,1,0,1,0,0,2500,1,1,,POINT (-91.1429615463 40.8004169935)
2014813889,20140024970,08/25/2014,08-August,2-Monday,21:45,2100 Hours,District 1 (Central),DES MOINES,POLK,,FOREST AVE & 25TH ST,Collision with:  Vehicle in traffic,On Roadway,"Angle, oncoming left turn",FTYROW:  Making left turn,None Indicated,,Dark - roadway lighted,Dry,Clear,None apparent,Intersection:  Four-way intersection,Paved,,Property Damage Only,0,0,0,0,0,0,3000,2,2,,POINT (-93.650899450934 41.604010024531)
2014850953,14-006824,08/25/2014,08-August,2-Monday,20:40,2000 Hours,District 5 (Southeast),,LOUISA,,Co Rd W66/90TH ST,Collision with:  Animal,,,Animal,None Indicated,,,,,,,Paved,,Property Damage Only,0,0,0,0,0,0,4500,1,1,,POINT (-91.443372547389 41.191133384222)
2014813867,P14-009877,08/25/2014,08-August,2-Monday,09:17,0900 Hours,District 1 (Central),WEBSTER CITY,HAMILTON,,2ND ST,Collision with:  Vehicle in traffic,On Roadway,Rear-end (front to rear),FTYROW:  From parked position,None Indicated,,Daylight,Dry,Clear,None apparent,Non-intersection:  Non-junction/no special feature,Paved,,Property Damage Only,0,0,0,0,0,0,3500,2,2,,POINT (-93.817466289749 42.469390946008)
2014813592,14-5589,08/25/2014,08-August,2-Monday,06:42,0600 Hours,District 1 (Central),DES MOINES,POLK,US 69,US 69/NE 14TH ST & NE 54TH AVE,Collision with:  Vehicle in traffic,On Roadway,Rear-end (front to rear),Followed too close,None Indicated,,Daylight,Wet,Cloudy,None apparent,Non-intersection:  Non-junction/no special feature,Paved,,Property Damage Only,0,0,0,0,0,0,2000,2,2,,POINT (-93.600511808392 41.65861562797)
2014815109,,08/25/2014,08-August,2-Monday,10:35,1000 Hours,District 6 (East Central),CEDAR RAPIDS,LINN,,DIAGONAL DR SW & 3RD ST SW,Collision with:  Vehicle in traffic,On Roadway,"Sideswipe, same direction",Unknown,None Indicated,,Daylight,Dry,Cloudy,,Intersection:  Four-way intersection,Paved,,Property Damage Only,0,0,0,0,0,0,4500,2,4,,POINT (-91.672650860653 41.97091519922)
2014814053,14-16426,08/25/2014,08-August,2-Monday,11:04,1100 Hours,District 6 (East Central),BETTENDORF,SCOTT,,MIDDLE RD & DEVILS GLEN RD,Collision with:  Vehicle in traffic,On Roadway,Rear-end (front to rear),Lost Control,None Indicated,,Daylight,Dry,Clear,None apparent,Intersection:  Four-way intersection,Paved,,Property Damage Only,0,0,0,0,0,0,2500,2,2,,POINT (-90.48363896317 41.551566975965)
2014813875,14-011492,08/25/2014,08-August,2-Monday,13:37,1300 Hours,District 4 (Southwest),GLENWOOD,MILLS,,S LOCUST ST,Collision with:  Vehicle in traffic,On Roadway,"Angle, oncoming left turn",FTYROW:  Making left turn,None Indicated,,Daylight,Dry,Clear,None apparent,Non-intersection:  Driveway access (within),Paved,,Property Damage Only,0,0,0,0,0,0,2500,2,2,,POINT (-95.747565334862 41.03744432385)