Iowa DOT Case Number,Law Enforcement Case Number,Date of Crash,Month of Crash,Day of Week,Time of Crash,Hour,DOT District,City Name,County Name,Route with System,Location Description,First Harmful Event,Location of First Harmful Event,Manner of Crash/Collision,Major Cause,Drug or Alcohol ,Environmental Conditions,Light Conditions,Surface Conditions,Weather Conditions,Roadway Contribution,Roadway Type,Roadway Surface,Work Zone,Crash Severity,Number of Fatalities,Number of Injuries,Number of Major Injuries,Number of Minor Injuries,Number of Possible Injuries,Number of Unknown Injuries,Amount of Property Damage,Number of Vehicles Involved,Total Number of Occupants,Travel Direction,Location
2014814112,14-6480PD,08/25/2014,08-August,2-Monday,09:00,0900 Hours,District 1 (Central),BOONE,BOONE,,MAMIE EISENHOWER AVE,Collision with:  Vehicle in traffic,On Roadway,Broadside (front to side),FTYROW:  Other (explain in narrative),None Indicated,,Daylight,Dry,Cloudy,None apparent,Intersection:  Other intersection (explain in narrative),Paved,,Property Damage Only,0,0,0,0,0,0,2500,2,2,,POINT (-93.879773404955 42.059609179467)
2014814638,80-14-272,08/25/2014,08-August,2-Monday,15:31,1500 Hours,District 2 (Northeast),HUMBOLDT,HUMBOLDT,US 169,US 169/13TH ST S & 4TH AVE SW,Collision with:  Vehicle in traffic,On Roadway,"Sideswipe, same direction",Unknown,None Indicated,,Daylight,Dry,Clear,None apparent,Intersection:  Four-way intersection,Paved,,Property Damage Only,0,0,0,0,0,0,3000,2,3,,POINT (-94.226928479818 42.716552727195)
2014813488,14012095,08/25/2014,08-August,2-Monday,11:11,1100 Hours,District 5 (Southeast),CENTERVILLE,APPANOOSE,IA 2,IA 2/W MAPLE ST & S 10TH ST & N 10TH ST,Collision with:  Vehicle in traffic,On Roadway,Rear-end (front to rear),Swerving/Evasive Action,None Indicated,,Daylight,Dry,Clear,None apparent,Intersection:  Four-way intersection,Paved,,Property Damage Only,0,0,0,0,0,0,3000,2,2,,POINT (-92.876433871922 40.732517504782)
2014814012,201412535,08/25/2014,08-August,2-Monday,08:48,0800 Hours,District 6 (East Central),CEDAR RAPIDS,LINN,,KIRKWOOD BLVD SW & KIRKWOOD CT SW,Collision with:  Vehicle in traffic,On Roadway,Rear-end (front to rear),Other (explain in narrative):  Other,None Indicated,,Daylight,Dry,Cloudy,None apparent,Non-intersection:  Non-junction/no special feature,Paved,,Minor Injury,0,1,0,1,0,0,1500,2,2,,POINT (-91.656698625651 41.921365082645)
2014813871,14018067,08/25/2014,08-August,2-Monday,15:59,1500 Hours,District 6 (East Central),MARION,LINN,,8TH AVE & 44TH ST,Collision with:  Vehicle in traffic,On Roadway,Rear-end (front to rear),Other (explain in narrative):  Other,None Indicated,,Daylight,Dry,Clear,None apparent,Intersection:  Four-way intersection,Paved,,Property Damage Only,0,0,0,0,0,0,4000,2,2,,POINT (-91.562925681348 42.034007430923)
2014813492,W14-085540,08/25/2014,08-August,2-Monday,08:35,0800 Hours,District 2 (Northeast),WATERLOO,BLACK HAWK,,E 7TH ST & MULBERRY ST,Collision with:  Vehicle in traffic,On Roadway,Broadside (front to side),Unknown,None Indicated,,Daylight,Dry,Clear,None apparent,Intersection:  Four-way intersection,Paved,,Property Damage Only,0,0,0,0,0,0,5300,2,2,,POINT (-92.330942565033 42.497686126372)
2014813940,14-010083,08/25/2014,08-August,2-Monday,17:07,1700 Hours,District 5 (Southeast),,WAYNE,,Co Rd S40/S 40,Non-collision events:  Overturn/rollover,Shoulder,Non-collision (single vehicle),Swerving/Evasive Action,None Indicated,,Daylight,Dry,Clear,None apparent,Non-intersection:  Non-junction/no special feature,Paved,,Minor Injury,0,1,0,1,0,0,10000,1,2,,POINT (-93.269386386826 40.747674055772)
2014826439,14-6025,08/25/2014,08-August,2-Monday,15:04,1500 Hours,District 6 (East Central),LE CLAIRE,SCOTT,US 67,US 67/CODY RD,Collision with:  Parked motor vehicle,On Roadway,Rear-end (front to rear),Driving too fast for conditions,None Indicated,,Daylight,Wet,Rain,None apparent,Non-intersection:  Non-junction/no special feature,Paved,,Property Damage Only,0,0,0,0,0,0,5000,2,1,,POINT (-90.343778700546 41.60314072034)
2014814401,14035886,08/25/2014,08-August,2-Monday,10:41,1000 Hours,District 5 (Southeast),,MUSCATINE,US 6,US 6,Collision with:  Animal,On Roadway,Non-collision (single vehicle),Animal,None Indicated,,Daylight,Dry,Clear,None apparent,Non-intersection:  Non-junction/no special feature,Paved,,Property Damage Only,0,0,0,0,0,0,5000,1,1,,POINT (-91.23815930998 41.567996583859)
2014817226,14-073,08/25/2014,08-August,2-Monday,12:25,1200 Hours,District 3 (Northwest),SIOUX CENTER,SIOUX,,FRONTAGE RD,Collision with:  Vehicle in traffic,On Roadway,Rear-end (front to rear),FTYROW:  From parked position,None Indicated,,Daylight,Dry,Clear,None apparent,Non-intersection:  Non-junction/no special feature,Paved,,Possible/Unknown,0,1,0,0,1,0,11500,2,2,,POINT (-96.175322023297 43.092186219334)
2014813895,20140024940,08/25/2014,08-August,2-Monday,15:45,1500 Hours,District 1 (Central),DES MOINES,POLK,,FLEUR DR,Collision with:  Vehicle in traffic,On Roadway,Rear-end (front to rear),"Operating vehicle in an reckless, erratic, careless, negligent manner",None Indicated,,Daylight,Dry,Cloudy,None apparent,Non-intersection:  Non-junction/no special feature,Paved,,Property Damage Only,0,0,0,0,0,0,2800,2,2,,POINT (-93.644964113956 41.569545711966)
2014813852,W14-085595,08/25/2014,08-August,2-Monday,12:14,1200 Hours,District 2 (Northeast),WATERLOO,BLACK HAWK,,E SAN MARNAN DR & SEARS ST,Collision with:  Vehicle in traffic,On Roadway,Rear-end (front to rear),Other (explain in narrative):  Other,None Indicated,,Daylight,Dry,Cloudy,None apparent,Intersection:  Four-way intersection,Paved,,Property Damage Only,0,0,0,0,0,0,10000,3,4,,POINT (-92.323523313637 42.465653785408)
2014816845,C14002672,08/25/2014,08-August,2-Monday,16:03,1600 Hours,District 6 (East Central),CORALVILLE,JOHNSON,US 6,US 6/2ND ST,Collision with:  Vehicle in traffic,On Roadway,"Sideswipe, opposite direction",Traveling wrong way or on wrong side of road,None Indicated,,Daylight,Dry,Clear,None apparent,Non-intersection:  Non-junction/no special feature,Paved,,Property Damage Only,0,0,0,0,0,0,1500,2,2,,POINT (-91.571705531135 41.670863349427)
2014814123,AP 14-0258,08/25/2014,08-August,2-Monday,07:23,0700 Hours,District 6 (East Central),ANAMOSA,JONES,US 151,US 151 & 130 ST,Collision with:  Vehicle in traffic,On Roadway,Broadside (front to side),FTYROW:  Other (explain in narrative),None Indicated,,Daylight,Dry,Cloudy,None apparent,Non-intersection:  Crossover-related,Paved,,Major Injury,0,2,1,0,1,0,13000,2,2,,POINT (-91.266775340738 42.117681204871)
2014814113,14-6488PD,08/25/2014,08-August,2-Monday,14:16,1400 Hours,District 1 (Central),BOONE,BOONE,,19TH ST & LINN ST,Collision with:  Animal,On Roadway,Rear-end (front to rear),Animal,None Indicated,,Daylight,Dry,Cloudy,None apparent,Non-intersection:  Non-junction/no special feature,Paved,,Property Damage Only,0,0,0,0,0,0,4000,2,1,,POINT (-93.873786035445 42.075119002475)
2014815692,14-1260,08/25/2014,08-August,2-Monday,12:20,1200 Hours,District 3 (Northwest),SPIRIT LAKE,DICKINSON,US 71,US 71/18TH ST & HILL AVE,Collision with:  Vehicle in traffic,On Roadway,"Sideswipe, same direction",FTYROW:  Making left turn,None Indicated,,Daylight,Dry,Clear,None apparent,Intersection:  Four-way intersection,Paved,,Property Damage Only,0,0,0,0,0,0,3000,2,2,,POINT (-95.102274707312 43.422635664958)
2014814007,C14002670,08/25/2014,08-August,2-Monday,08:00,0800 Hours,District 6 (East Central),CORALVILLE,JOHNSON,US 6,US 6/2ND ST,Collision with:  Vehicle in traffic,On Roadway,Rear-end (front to rear),Followed too close,None Indicated,,Daylight,Dry,Cloudy,None apparent,Non-intersection:  Non-junction/no special feature,Paved,,Possible/Unknown,0,1,0,0,1,0,1050,2,3,,POINT (-91.56971254214 41.67027112828)
2014813897,20140024961,08/25/2014,08-August,2-Monday,18:25,1800 Hours,District 1 (Central),DES MOINES,POLK,US 6,US 6/FREDERICK M HUBBELL AVE & E DOUGLAS AVE,Collision with:  Non-motorist (see non-motorist section - NOT a unit),On Roadway,Non-collision (single vehicle),Other (explain in narrative):  No improper action,None Indicated,,Daylight,Dry,Clear,None apparent,Non-intersection:  Non-junction/no special feature,Paved,,Possible/Unknown,0,1,0,0,1,0,1500,1,1,,POINT (-93.54361366641 41.629616474221)
2014814417,14085605,08/25/2014,08-August,2-Monday,12:33,1200 Hours,District 2 (Northeast),CEDAR FALLS,BLACK HAWK,IA 27,IA 27 & E RIDGEWAY AVE,Collision with:  Vehicle in traffic,On Roadway,Rear-end (front to rear),Followed too close,None Indicated,,Daylight,Dry,Clear,None apparent,Non-intersection:  Non-junction/no special feature,Paved,,Major Injury,0,1,1,0,0,0,25000,3,4,,POINT (-92.445783465099 42.46952527193)
2014814990,14-003932,08/25/2014,08-August,2-Monday,10:00,1000 Hours,District 1 (Central),AMES,STORY,,HUTCHINSON ST,Collision with:  Parked motor vehicle,On Roadway,Unknown,Unknown,None Indicated,,Daylight,Dry,Clear,None apparent,Non-intersection:  Non-junction/no special feature,Paved,,Property Damage Only,0,0,0,0,0,0,1500,2,1,,POINT (-93.68068720305 42.035149978763)
2014814031,14-003640,08/25/2014,08-August,2-Monday,16:00,1600 Hours,District 1 (Central),ANKENY,POLK,,NW 18TH ST,Collision with:  Non-motorist (see non-motorist section - NOT a unit),On Roadway,Non-collision (single vehicle),Other (explain in narrative):  No improper action,None Indicated,,Daylight,Dry,Clear,None apparent,Non-intersection:  Non-junction/no special feature,Paved,,Minor Injury,0,1,0,1,0,0,1500,1,1,,POINT (-93.611900643433 41.7463745503)
2014813848,W14-085508,08/25/2014,08-August,2-Monday,05:40,0500 Hours,District 2 (Northeast),WATERLOO,BLACK HAWK,,E DONALD ST,Collision with:  Vehicle in traffic,On Roadway,Head-on (front to front),Crossed centerline (undivided),None Indicated,,Dark - roadway not lighted,Wet,Rain,None apparent,Non-intersection:  Non-junction/no special feature,Paved,,Minor Injury,0,3,0,2,1,0,13000,3,4,,POINT (-92.316635249274 42.527437933543)
2014813945,14-035900,08/25/2014,08-August,2-Monday,12:03,1200 Hours,District 5 (Southeast),MUSCATINE,MUSCATINE,,MULBERRY AVE & BONNIE DR,Collision with:  Vehicle in traffic,On Roadway,Head-on (front to front),Crossed centerline (undivided),None Indicated,,Daylight,Dry,Clear,None apparent,Intersection:  T-intersection,Paved,,Possible/Unknown,0,1,0,0,1,0,8000,2,3,,POINT (-91.076429625904 41.44462243381)
2014815434,201400041619,08/25/2014,08-August,2-Monday,16:39,1600 Hours,District 5 (Southeast),OTTUMWA,WAPELLO,,W 4TH ST & N MARION ST,Collision with fixed object:  Other fixed object (explain in narrative),On Roadway,Non-collision (single vehicle),"Operating vehicle in an reckless, erratic, careless, negligent manner",None Indicated,,Daylight,Dry,Clear,None apparent,Intersection:  Four-way intersection,Paved,,Property Damage Only,0,0,0,0,0,0,2200,1,3,,POINT (-92.413045280761 41.021322766007)
2014813841,2014-001299,08/25/2014,08-August,2-Monday,11:15,1100 Hours,District 6 (East Central),,BENTON,,Co Rd V40/13 AVE,Collision with:  Vehicle in traffic,On Roadway,"Sideswipe, opposite direction",Crossed centerline (undivided),None Indicated,,Daylight,Dry,Clear,None apparent,Non-intersection:  Non-junction/no special feature,Paved,,Minor Injury,0,2,0,2,0,0,1500,2,2,,POINT (-92.240238201938 41.925709776559)
2014814221,20141053,08/25/2014,08-August,2-Monday,01:59,0100 Hours,District 6 (East Central),MOUNT VERNON,LINN,IA 1,IA 1/S 1ST AVE & 3RD ST SW & 3RD ST SE,Collision with fixed object:  Utility pole/light support,Shoulder,Non-collision (single vehicle),Made improper turn,None Indicated,,Dark - roadway lighted,Dry,Clear,None apparent,Intersection:  Four-way intersection,Paved,,Property Damage Only,0,0,0,0,0,0,1600,1,2,,POINT (-91.418480238008 41.920708258577)
2014813840,08252014,08/25/2014,08-August,2-Monday,08:00,0800 Hours,District 6 (East Central),WILLIAMSBURG,IOWA,IA 149,IA 149/HIGHLAND ST & HAWKEYE DR,Collision with:  Vehicle in traffic,On Roadway,Rear-end (front to rear),Driving too fast for conditions,None Indicated,,Daylight,Wet,Cloudy,"Surface condition (e.g., wet, icy)",Intersection:  Four-way intersection,Paved,,Possible/Unknown,0,1,0,0,1,0,7500,2,2,,POINT (-92.007741527788 41.681093894117)
2014814185,2014-59751,08/25/2014,08-August,2-Monday,13:21,1300 Hours,District 6 (East Central),DAVENPORT,SCOTT,,W LOCUST ST,Collision with:  Vehicle in traffic,On Roadway,"Sideswipe, same direction",Other (explain in narrative):  Other,None Indicated,,Daylight,Dry,Clear,None apparent,Intersection:  Other intersection (explain in narrative),Paved,,Possible/Unknown,0,2,0,0,2,0,1100,2,4,,POINT (-90.600705916896 41.538255425367)
2014813939,14-035966,08/25/2014,08-August,2-Monday,19:08,1900 Hours,District 4 (Southwest),COUNCIL BLUFFS,POTTAWATTAMIE,,23RD AVE & S 18TH ST,Collision with:  Vehicle in traffic,On Roadway,Rear-end (front to rear),Followed too close,None Indicated,,Daylight,Dry,Clear,None apparent,Non-intersection:  Non-junction/no special feature,Paved,,Property Damage Only,0,0,0,0,0,0,2000,2,3,,POINT (-95.870545739573 41.239405186575)
2014814394,14085620,08/25/2014,08-August,2-Monday,14:00,1400 Hours,District 2 (Northeast),CEDAR FALLS,BLACK HAWK,,12TH ST & COLLEGE ST,Collision with:  Vehicle in traffic,On Roadway,Broadside (front to side),FTYROW:  From stop sign,None Indicated,,Daylight,Dry,Clear,None apparent,Intersection:  Four-way intersection,Paved,,Property Damage Only,0,0,0,0,0,0,1750,2,2,,POINT (-92.455802034866 42.527642971724)
2014815406,2014-18355,08/25/2014,08-August,2-Monday,17:23,1700 Hours,District 5 (Southeast),INDIANOLA,WARREN,US 65,US 65/N JEFFERSON WAY & E BOSTON AVE,Collision with:  Vehicle in traffic,On Roadway,"Sideswipe, same direction",FTYROW:  Other (explain in narrative),None Indicated,,Daylight,Dry,Clear,None apparent,Intersection:  Four-way intersection,Paved,,Property Damage Only,0,0,0,0,0,0,3500,2,3,,POINT (-93.558336980457 41.362332153404)
2014813850,W14-085722,08/25/2014,08-August,2-Monday,20:32,2000 Hours,District 2 (Northeast),WATERLOO,BLACK HAWK,I-380,I-380,Collision with:  Vehicle in traffic,On Roadway,"Sideswipe, same direction",FTYROW:  Other (explain in narrative),None Indicated,,Dark - roadway lighted,Dry,Clear,Work Zone (roadway-related),Intersection:  Four-way intersection,Paved,Yes,Property Damage Only,0,0,0,0,0,0,3300,2,2,,POINT (-92.314581318593 42.457999694692)
2014814127,BP14000682,08/25/2014,08-August,2-Monday,08:00,0800 Hours,District 2 (Northeast),BELMOND,WRIGHT,,1ST ST SE,Collision with:  Parked motor vehicle,On Roadway,Rear-end (front to rear),Over correcting/over steering,None Indicated,,Daylight,Dry,Clear,None apparent,Non-intersection:  Non-junction/no special feature,Paved,,Property Damage Only,0,0,0,0,0,0,3020,2,1,,POINT (-93.602989117851 42.845100343936)
2014813898,20140024967,08/25/2014,08-August,2-Monday,15:18,1500 Hours,District 1 (Central),DES MOINES,POLK,,E 12TH ST,Collision with:  Vehicle in traffic,On Roadway,Broadside (front to side),Improper Backing,None Indicated,,Daylight,Dry,Clear,None apparent,Non-intersection:  Non-junction/no special feature,Paved,,Property Damage Only,0,0,0,0,0,0,3000,2,2,,POINT (-93.604788670235 41.600929170504)
2014813919,14-010314,08/25/2014,08-August,2-Monday,16:55,1600 Hours,District 1 (Central),,TAMA,US 30,US 30,Collision with fixed object:  Ditch,Median,Non-collision (single vehicle),Crossed centerline (undivided),None Indicated,,Daylight,Dry,Clear,None apparent,Intersection:  Four-way intersection,Paved,,Property Damage Only,0,0,0,0,0,0,1501,1,3,,POINT (-92.731097686792 42.005330201933)
2014813887,14-003633,08/25/2014,08-August,2-Monday,09:33,0900 Hours,District 1 (Central),ANKENY,POLK,IA 160,IA 160/SE ORALABOR RD,Collision with:  Vehicle in traffic,On Roadway,Rear-end (front to rear),Followed too close,None Indicated,,Daylight,Dry,Cloudy,None apparent,Non-intersection:  Non-junction/no special feature,Paved,,Possible/Unknown,0,1,0,0,1,0,17500,3,4,,POINT (-93.58319581138 41.702902706539)
2014815239,01-14-37104,08/25/2014,08-August,2-Monday,13:14,1300 Hours,District 6 (East Central),DUBUQUE,DUBUQUE,,VALENTINE DR & FREMONT AVE,Collision with:  Vehicle in traffic,On Roadway,Rear-end (front to rear),Lost Control,None Indicated,,Daylight,Dry,Cloudy,None apparent,Intersection:  T-intersection,Paved,,Minor Injury,0,2,0,2,0,0,2800,2,2,,POINT (-90.70026089461 42.476488432392)
2014927524,,08/25/2014,08-August,2-Monday,07:59,0700 Hours,District 3 (Northwest),SERGEANT BLUFF,WOODBURY,,S LEWIS BLVD & 8TH ST,Collision with:  Vehicle in traffic,On Roadway,Broadside (front to side),FTYROW:  From stop sign,None Indicated,,Daylight,Dry,Clear,None apparent,Intersection:  T-intersection,Paved,,Property Damage Only,0,0,0,0,0,0,2000,2,2,,POINT (-96.360039585612 42.407633848048)
2014813849,W14-085666,08/25/2014,08-August,2-Monday,16:53,1600 Hours,District 2 (Northeast),WATERLOO,BLACK HAWK,,RIDGEMONT RD & ANSBOROUGH AVE,Collision with:  Vehicle in traffic,On Roadway,Rear-end (front to rear),Driver Distraction:  Manual operation of an electronic communication device,None Indicated,,Daylight,Dry,Clear,None apparent,Non-intersection:  Non-junction/no special feature,Paved,,Possible/Unknown,0,2,0,0,2,0,5000,3,5,,POINT (-92.376214817418 42.463385986785)
2014819341,1408-058,08/25/2014,08-August,2-Monday,15:00,1500 Hours,District 3 (Northwest),,OSCEOLA,,OAK HILL AVE & 190TH ST,Collision with fixed object:  Ditch,On Roadway,Non-collision (single vehicle),Swerving/Evasive Action,None Indicated,,Daylight,Dry,Cloudy,None apparent,Non-intersection:  Non-junction/no special feature,Unpaved,,Property Damage Only,0,0,0,0,0,0,5500,1,1,,POINT (-95.781815333832 43.374882525531)
2014813908,14-4205,08/25/2014,08-August,2-Monday,18:10,1800 Hours,District 4 (Southwest),WEST DES MOINES,DALLAS,,VISTA DR & 65TH ST,Collision with:  Vehicle in traffic,On Roadway,Rear-end (front to rear),Other (explain in narrative):  Other,None Indicated,,Daylight,Dry,Clear,None apparent,Intersection:  Four-way intersection,Paved,,Minor Injury,0,2,0,2,0,0,3000,2,2,,POINT (-93.796233775159 41.590043866578)
2014814567,2014-59846,08/25/2014,08-August,2-Monday,20:19,2000 Hours,District 6 (East Central),DAVENPORT,SCOTT,,E 15TH ST & GRAND AVE,Collision with:  Vehicle in traffic,On Roadway,Broadside (front to side),FTYROW:  From stop sign,None Indicated,,Dark - roadway lighted,Dry,Clear,None apparent,Intersection:  Four-way intersection,Paved,,Property Damage Only,0,0,0,0,0,0,2000,2,4,,POINT (-90.564923594599 41.53508014032)
2014813893,20140024936,08/25/2014,08-August,2-Monday,15:45,1500 Hours,District 1 (Central),DES MOINES,POLK,US 69,US 69/SE 14TH ST & E BELL AVE,Collision with:  Vehicle in traffic,On Roadway,Rear-end (front to rear),"Operating vehicle in an reckless, erratic, careless, negligent manner",None Indicated,,Daylight,Dry,Cloudy,None apparent,Intersection:  Four-way intersection,Paved,,Property Damage Only,0,0,0,0,0,0,6000,2,3,,POINT (-93.596947329098 41.562572175875)
2014814202,14-17600,08/25/2014,08-August,2-Monday,16:41,1600 Hours,District 6 (East Central),,SCOTT,,Co Rd Y48/110 AVE & CHAPEL HILL RD & 130 ST,Collision with:  Vehicle in traffic,On Roadway,Broadside (front to side),FTYROW:  From stop sign,None Indicated,,Daylight,Dry,Clear,None apparent,Intersection:  Four-way intersection,Paved,,Property Damage Only,0,0,0,0,0,0,9000,2,3,,POINT (-90.688285219119 41.494477302582)
2014813938,14-27852,08/25/2014,08-August,2-Monday,07:31,0700 Hours,District 3 (Northwest),SIOUX CITY,WOODBURY,,4TH ST,Collision with:  Vehicle in traffic,On Roadway,"Sideswipe, same direction",FTYROW:  Other (explain in narrative),None Indicated,,Daylight,Dry,Clear,None apparent,Non-intersection:  Non-junction/no special feature,Paved,,Property Damage Only,0,0,0,0,0,0,4500,2,3,,POINT (-96.38204497757 42.494330109896)
2014813910,14-4195,08/25/2014,08-August,2-Monday,11:40,1100 Hours,District 1 (Central),WEST DES MOINES,POLK,I-235,I-235 & 50TH ST,Collision with:  Vehicle in traffic,On Roadway,Broadside (front to side),Ran Traffic Signal,None Indicated,,Daylight,Dry,Clear,None apparent,Intersection:  Intersection with ramp,Paved,,Property Damage Only,0,0,0,0,0,0,3000,2,2,,POINT (-93.771179205378 41.592817742785)
2014814373,14-000999,08/25/2014,08-August,2-Monday,13:21,1300 Hours,District 1 (Central),JOHNSTON,POLK,,MERLE HAY RD,Collision with:  Vehicle in traffic,On Roadway,Rear-end (front to rear),Followed too close,None Indicated,,Daylight,Dry,Clear,None apparent,Non-intersection:  Non-junction/no special feature,Paved,,Possible/Unknown,0,1,0,0,1,0,4000,2,2,,POINT (-93.69767503426 41.655004491471)
2014814438,2014049783,08/25/2014,08-August,2-Monday,20:27,2000 Hours,District 2 (Northeast),,WRIGHT,US 69,US 69,Collision with:  Vehicle in traffic,On Roadway,Rear-end (front to rear),Driver Distraction:  Manual operation of an electronic communication device,None Indicated,,Dusk,Dry,Clear,None apparent,Non-intersection:  Non-junction/no special feature,Paved,,Minor Injury,0,1,0,1,0,0,12000,2,2,,POINT (-93.636793107976 42.604146806191)
2014813586,14-5590,08/25/2014,08-August,2-Monday,07:45,0700 Hours,District 1 (Central),,POLK,,NE 62ND AVE,Collision with:  Vehicle in traffic,On Roadway,Rear-end (front to rear),"Operating vehicle in an reckless, erratic, careless, negligent manner",None Indicated,,Daylight,Dry,Cloudy,None apparent,Non-intersection:  Driveway access (within),Paved,,Property Damage Only,0,0,0,0,0,0,12000,2,2,,POINT (-93.533599717621 41.673086960622)
2014813912,14-0965,08/25/2014,08-August,2-Monday,17:25,1700 Hours,District 1 (Central),PLEASANT HILL,POLK,IA 163,IA 163/E UNIVERSITY AVE & NE 64TH ST,Collision with:  Vehicle in traffic,On Roadway,Broadside (front to side),Ran Traffic Signal,None Indicated,,Daylight,Dry,Clear,None apparent,Intersection:  Four-way intersection,Paved,,Property Damage Only,0,0,0,0,0,0,13000,2,2,,POINT (-93.481961589392 41.598330136724)
2014814032,14-003657,08/26/2014,08-August,3-Tuesday,16:04,1600 Hours,District 1 (Central),ANKENY,POLK,IA 160,IA 160/SE ORALABOR RD,Collision with:  Vehicle in traffic,On Roadway,Rear-end (front to rear),Followed too close,None Indicated,,Daylight,Dry,Cloudy,None apparent,Non-intersection:  Non-junction/no special feature,Paved,,Property Damage Only,0,0,0,0,0,0,3000,2,2,,POINT (-93.589229185546 41.702889943262)
2014814191,14HPD0083,08/26/2014,08-August,3-Tuesday,06:30,0600 Hours,District 3 (Northwest),HAWARDEN,SIOUX,IA 10,IA 10/10TH ST,Collision with fixed object:  Utility pole/light support,Outside trafficway,Non-collision (single vehicle),Other (explain in narrative):  No improper action,None Indicated,,Daylight,Dry,Cloudy,None apparent,Non-intersection:  Other non-intersection (explain in narrative),Paved,,Property Damage Only,0,0,0,0,0,0,3050,1,1,,POINT (-96.48179788675 42.996752521918)
2014814228,2014-18436,08/26/2014,08-August,3-Tuesday,16:23,1600 Hours,District 5 (Southeast),,WARREN,IA 92,IA 92/IOWA 92 & KENNEDY ST,Collision with:  Vehicle in traffic,On Roadway,Rear-end (front to rear),FTYROW:  At uncontrolled intersection,None Indicated,,Daylight,Dry,Clear,None apparent,Intersection:  T-intersection,Paved,,Possible/Unknown,0,2,0,0,1,1,4000,2,3,,POINT (-93.653959320909 41.356171721175)
2014815829,K14-026521,08/26/2014,08-August,3-Tuesday,20:38,2000 Hours,District 5 (Southeast),KEOKUK,LEE,US 61,US 61 & US 218 & WIRTZ LN,Collision with:  Vehicle in traffic,On Roadway,Broadside (front to side),FTYROW:  From stop sign,None Indicated,,Dark - roadway lighted,Dry,Cloudy,None apparent,Intersection:  T-intersection,Paved,,Major Injury,0,1,1,0,0,0,7000,2,2,,POINT (-91.425626984722 40.436550778503)
2014816133,14-003959,08/26/2014,08-August,3-Tuesday,18:03,1800 Hours,District 1 (Central),AMES,STORY,US 30,US 30,Collision with:  Vehicle in traffic,On Roadway,Rear-end (front to rear),Followed too close,None Indicated,,Daylight,Dry,Cloudy,None apparent,Non-intersection:  Other non-intersection (explain in narrative),Paved,,Property Damage Only,0,0,0,0,0,0,7000,2,4,,POINT (-93.631202854256 42.003459425705)
2014814440,2014049903,08/26/2014,08-August,3-Tuesday,07:40,0700 Hours,District 6 (East Central),CORALVILLE,JOHNSON,I-80,I-80,Collision with fixed object:  Ditch,Roadside,Non-collision (single vehicle),Ran off road - right,None Indicated,,Daylight,Wet,Rain,"Surface condition (e.g., wet, icy)",Non-intersection:  Non-junction/no special feature,Paved,,Property Damage Only,0,0,0,0,0,0,2600,1,2,,POINT (-91.60156390552 41.693837786442)
2014815080,14007744,08/26/2014,08-August,3-Tuesday,13:18,1300 Hours,District 6 (East Central),,BUCHANAN,IA 150,IA 150/JAMESTOWN AVE,Collision with fixed object:  Ditch,Roadside,Non-collision (single vehicle),Traveling wrong way or on wrong side of road,None Indicated,,Daylight,Dry,Clear,None apparent,Non-intersection:  Non-junction/no special feature,Paved,,Possible/Unknown,0,1,0,0,1,0,3250,1,1,,POINT (-91.889916079374 42.526692306)
2014814084,14-28007,08/26/2014,08-August,3-Tuesday,15:54,1500 Hours,District 3 (Northwest),SIOUX CITY,WOODBURY,I-29,I-29,Collision with:  Vehicle in traffic,On Roadway,"Sideswipe, same direction",FTYROW:  Other (explain in narrative),None Indicated,,Daylight,Dry,Clear,Work Zone (roadway-related),Non-intersection:  Non-junction/no special feature,Paved,Yes,Property Damage Only,0,0,0,0,0,0,6000,2,5,,POINT (-96.395640285806 42.486994189474)
2014816216,146242,08/26/2014,08-August,3-Tuesday,06:15,0600 Hours,District 4 (Southwest),,DALLAS,US 169,US 169/N AVE,Collision with fixed object:  Ditch,On Roadway,Non-collision (single vehicle),Crossed centerline (undivided),None Indicated,,Dark - roadway not lighted,Wet,Rain,None apparent,Non-intersection:  Non-junction/no special feature,Paved,,Possible/Unknown,0,1,0,0,1,0,2000,1,1,,POINT (-94.028587454112 41.751740200268)
2014814151,14-003904,08/26/2014,08-August,3-Tuesday,15:30,1500 Hours,District 3 (Northwest),,LYON,,Co Rd A26/180TH ST,Non-collision events:  Overturn/rollover,On Roadway,Non-collision (single vehicle),Ran off road - right,None Indicated,,Daylight,Dry,Cloudy,None apparent,Non-intersection:  Non-junction/no special feature,Paved,,Possible/Unknown,0,1,0,0,1,0,9000,1,1,,POINT (-96.460108433759 43.390054863744)
2014814065,AC14-052,08/26/2014,08-August,3-Tuesday,13:36,1300 Hours,District 4 (Southwest),HARLAN,SHELBY,,CYCLONE AVE & 7TH ST,Collision with:  Vehicle in traffic,On Roadway,"Sideswipe, same direction",Made improper turn,None Indicated,,Daylight,Dry,Clear,None apparent,Non-intersection:  Non-junction/no special feature,Paved,,Property Damage Only,0,0,0,0,0,0,2700,2,2,,POINT (-95.318973425978 41.660346826825)