Iowa DOT Case Number,Law Enforcement Case Number,Date of Crash,Month of Crash,Day of Week,Time of Crash,Hour,DOT District,City Name,County Name,Route with System,Location Description,First Harmful Event,Location of First Harmful Event,Manner of Crash/Collision,Major Cause,Drug or Alcohol ,Environmental Conditions,Light Conditions,Surface Conditions,Weather Conditions,Roadway Contribution,Roadway Type,Roadway Surface,Work Zone,Crash Severity,Number of Fatalities,Number of Injuries,Number of Major Injuries,Number of Minor Injuries,Number of Possible Injuries,Number of Unknown Injuries,Amount of Property Damage,Number of Vehicles Involved,Total Number of Occupants,Travel Direction,Location
2014815770,2014050320,08/28/2014,08-August,5-Thursday,10:10,1000 Hours,District 4 (Southwest),WALNUT,POTTAWATTAMIE,I-80,I-80,Collision with:  Parked motor vehicle,Shoulder,"Sideswipe, same direction",Ran off road - right,None Indicated,,Daylight,Wet,Cloudy,None apparent,Interchange-related:  Off-ramp,Paved,,Property Damage Only,0,0,0,0,0,0,6000,2,2,,POINT (-95.220041652854 41.498094538357)
2014815293,1-14-037200,08/28/2014,08-August,5-Thursday,19:45,1900 Hours,District 6 (East Central),DUBUQUE,DUBUQUE,,W 8TH ST & BLUFF ST,Collision with:  Vehicle in traffic,On Roadway,Broadside (front to side),Ran Traffic Signal,None Indicated,,Daylight,Dry,Cloudy,None apparent,Intersection:  Other intersection (explain in narrative),Paved,,Property Damage Only,0,0,0,0,0,0,2000,2,2,,POINT (-90.66930590229 42.500266997897)
2014816134,14-003986,08/28/2014,08-August,5-Thursday,08:32,0800 Hours,District 1 (Central),AMES,STORY,US 69,US 69/GRAND AVE & 24TH ST,Collision with:  Vehicle in traffic,On Roadway,Rear-end (front to rear),Followed too close,None Indicated,,Daylight,Wet,Rain,None apparent,Intersection:  Four-way intersection,Paved,,Property Damage Only,0,0,0,0,0,0,1600,2,2,,POINT (-93.620553170301 42.045767326099)
2014814575,2014-60625,08/28/2014,08-August,5-Thursday,14:30,1400 Hours,District 6 (East Central),DAVENPORT,SCOTT,,E LOCUST ST & ESPLANADE AVE,Collision with:  Vehicle in traffic,On Roadway,Rear-end (front to rear),Other (explain in narrative):  Other,None Indicated,,Daylight,Wet,Rain,None apparent,Intersection:  T-intersection,Paved,,Property Damage Only,0,0,0,0,0,0,4000,2,2,,POINT (-90.555140299129 41.53832189057)
2014831340,140828BJ01,08/28/2014,08-August,5-Thursday,17:05,1700 Hours,District 3 (Northwest),ORANGE CITY,SIOUX,,ALBANY AVE SE,Collision with:  Vehicle in traffic,On Roadway,Rear-end (front to rear),Lost Control,None Indicated,,Daylight,Dry,Cloudy,None apparent,Intersection:  Shared use path or trail,Paved,,Minor Injury,0,3,0,3,0,0,13000,2,3,,POINT (-96.056798906716 42.998532406514)
2014814579,2014-60663,08/28/2014,08-August,5-Thursday,18:44,1800 Hours,District 6 (East Central),DAVENPORT,SCOTT,,IA 461/HARRISON ST & W 3RD ST,Collision with:  Vehicle in traffic,On Roadway,"Sideswipe, same direction",Traveling wrong way or on wrong side of road,None Indicated,,Daylight,Wet,Cloudy,None apparent,Intersection:  Other intersection (explain in narrative),Paved,,Property Damage Only,0,0,0,0,0,0,1500,2,4,,POINT (-90.577035184698 41.522420904313)
2014814313,A14-056,08/28/2014,08-August,5-Thursday,11:37,1100 Hours,District 4 (Southwest),WINTERSET,MADISON,,E BUCHANAN ST & N 10TH ST,Collision with:  Vehicle in traffic,On Roadway,Broadside (front to side),FTYROW:  From stop sign,None Indicated,,Daylight,Wet,Cloudy,None apparent,Intersection:  Four-way intersection,Paved,,Property Damage Only,0,0,0,0,0,0,6000,2,3,,POINT (-94.003018332368 41.33919268692)
2014814334,20140025276,08/28/2014,08-August,5-Thursday,14:45,1400 Hours,District 1 (Central),DES MOINES,POLK,,MCKINLEY AVE & FLEUR DR,Collision with:  Vehicle in traffic,On Roadway,Broadside (front to side),Ran Traffic Signal,None Indicated,,Daylight,Dry,Cloudy,None apparent,Intersection:  Four-way intersection,Paved,,Property Damage Only,0,0,0,0,0,0,5500,2,2,,POINT (-93.645028081079 41.541001227162)
2014814167,20140025265,08/28/2014,08-August,5-Thursday,12:49,1200 Hours,District 1 (Central),DES MOINES,POLK,,INGERSOLL AVE & 38TH ST,Collision with:  Vehicle in traffic,On Roadway,Head-on (front to front),FTYROW:  From driveway,None Indicated,,Daylight,Wet,Cloudy,None apparent,Non-intersection:  Driveway access (within),Paved,,Property Damage Only,0,0,0,0,0,0,3500,2,2,,POINT (-93.668261606125 41.586310282878)
2014815043,201403941,08/28/2014,08-August,5-Thursday,09:46,0900 Hours,District 1 (Central),,BOONE,IA 17,IA 17/T AVE & Co Rd E26/190TH ST,Collision with:  Vehicle in traffic,On Roadway,Rear-end (front to rear),Other (explain in narrative):  Vision obstructed,None Indicated,,Daylight,Wet,Rain,None apparent,Intersection:  Four-way intersection,Paved,,Property Damage Only,0,0,0,0,0,0,1600,2,2,,POINT (-93.795851851901 42.07821676089)
2014815129,14014907,08/28/2014,08-August,5-Thursday,07:54,0700 Hours,District 2 (Northeast),MASON CITY,CERRO GORDO,,3RD ST NW & N ADAMS AVE,Collision with:  Vehicle in traffic,On Roadway,Broadside (front to side),FTYROW:  From stop sign,None Indicated,,Daylight,Wet,Rain,None apparent,Intersection:  Four-way intersection,Paved,,Property Damage Only,0,0,0,0,0,0,3000,2,3,,POINT (-93.204283137535 43.154515828419)
2014814663,082814-48,08/28/2014,08-August,5-Thursday,08:10,0800 Hours,District 3 (Northwest),STORM LAKE,BUENA VISTA,,LAKE AVE & W 10TH ST & E 10TH ST,Collision with:  Vehicle in traffic,On Roadway,Broadside (front to side),Ran Traffic Signal,None Indicated,,Daylight,Wet,Rain,"Surface condition (e.g., wet, icy)",Intersection:  Four-way intersection,Paved,,Property Damage Only,0,0,0,0,0,0,4000,2,2,,POINT (-95.200824419019 42.651070176185)
2014814607,14086688,08/28/2014,08-August,5-Thursday,16:14,1600 Hours,District 2 (Northeast),CEDAR FALLS,BLACK HAWK,IA 27,IA 27/SPECIAL CASE/SE RAMP & 18TH ST,Collision with:  Vehicle in traffic,On Roadway,Broadside (front to side),Ran Traffic Signal,None Indicated,,Daylight,Dry,Cloudy,None apparent,Intersection:  Other intersection (explain in narrative),Paved,,Property Damage Only,0,0,0,0,0,0,3500,2,3,,POINT (-92.441364992498 42.521791777837)
2014817549,1619,08/28/2014,08-August,5-Thursday,19:21,1900 Hours,District 2 (Northeast),OSAGE,MITCHELL,IA 9,IA 9/IOWA 9,Collision with:  Vehicle in traffic,On Roadway,Rear-end (front to rear),Other (explain in narrative):  Vision obstructed,Alcohol (< Statutory),,Daylight,Wet,Other (explain in narrative),None apparent,Non-intersection:  Non-junction/no special feature,Paved,,Possible/Unknown,0,1,0,0,1,0,10500,2,2,,POINT (-92.843317189468 43.283917019551)
2014819320,2014-60652,08/28/2014,08-August,5-Thursday,16:41,1600 Hours,District 6 (East Central),DAVENPORT,SCOTT,,E LOCUST ST & PERSHING AVE,Collision with:  Vehicle in traffic,On Roadway,Rear-end (front to rear),Driving too fast for conditions,None Indicated,,Daylight,Wet,Rain,None apparent,Non-intersection:  Non-junction/no special feature,Paved,,Property Damage Only,0,0,0,0,0,0,3500,2,2,,POINT (-90.571121300051 41.538264458297)
2014815351,14-013042,08/28/2014,08-August,5-Thursday,14:34,1400 Hours,District 3 (Northwest),,CLAY,,Co Rd M44/200TH AVE,Non-collision events:  Other non-collision (explain in narrative),On Roadway,Non-collision (single vehicle),Swerving/Evasive Action,None Indicated,,Daylight,Wet,Rain,"Surface condition (e.g., wet, icy)",Intersection:  Other intersection (explain in narrative),Paved,,Property Damage Only,0,0,0,0,0,0,1500,1,1,,POINT (-95.192351119862 43.18077409602)
2014814369,14-036454,08/28/2014,08-August,5-Thursday,17:15,1700 Hours,District 4 (Southwest),COUNCIL BLUFFS,POTTAWATTAMIE,,N 15TH ST,Collision with:  Non-motorist (see non-motorist section - NOT a unit),On Roadway,Non-collision (single vehicle),Other (explain in narrative):  No improper action,None Indicated,,Daylight,Dry,Clear,None apparent,Non-intersection:  Non-junction/no special feature,Paved,,Minor Injury,0,1,0,1,0,0,2000,1,2,,POINT (-95.865900684122 41.273970279268)
2014815295,2014-005150,08/28/2014,08-August,5-Thursday,21:50,2100 Hours,District 6 (East Central),,BENTON,,Co Rd E24/61 ST LN,Collision with:  Animal,,Non-collision (single vehicle),Animal,None Indicated,,,,,,,Paved,,Property Damage Only,0,0,0,0,0,0,1500,1,1,,POINT (-91.937078561681 42.136324215831)
2014814216,14-036352,08/28/2014,08-August,5-Thursday,02:45,0200 Hours,District 4 (Southwest),COUNCIL BLUFFS,POTTAWATTAMIE,I-29,I-29,Collision with fixed object:  Guardrail - face,On Roadway,Non-collision (single vehicle),Lost Control,Alcohol (Statutory),,Dark - roadway not lighted,Wet,Rain,None apparent,Non-intersection:  Non-junction/no special feature,Paved,,Property Damage Only,0,0,0,0,0,0,13000,1,1,,POINT (-95.825036021945 41.213323239518)
2014814390,14086681,08/28/2014,08-August,5-Thursday,16:13,1600 Hours,District 2 (Northeast),CEDAR FALLS,BLACK HAWK,IA 57,IA 57/WEST 1ST ST & HUDSON RD,Collision with:  Vehicle in traffic,On Roadway,Head-on (front to front),FTYROW:  Making left turn,None Indicated,,Daylight,Dry,Cloudy,None apparent,Intersection:  T-intersection,Paved,,Property Damage Only,0,0,0,0,0,0,2250,2,2,,POINT (-92.465322083511 42.537801292133)
2014814580,2014-60680,08/28/2014,08-August,5-Thursday,21:17,2100 Hours,District 6 (East Central),DAVENPORT,SCOTT,,W 2ND ST & MAIN ST,Collision with:  Vehicle in traffic,On Roadway,Broadside (front to side),Ran Traffic Signal,None Indicated,,Dark - roadway lighted,Dry,Cloudy,None apparent,Intersection:  Four-way intersection,Paved,,Possible/Unknown,0,1,0,0,1,0,13200,2,3,,POINT (-90.575566021963 41.521327166407)
2014814836,08281416,08/28/2014,08-August,5-Thursday,17:20,1700 Hours,District 5 (Southeast),OSCEOLA,CLARKE,I-35,I-35,Collision with:  Vehicle in traffic,On Roadway,Rear-end (front to rear),Other (explain in narrative):  Other,None Indicated,,Daylight,Dry,Cloudy,None apparent,Intersection:  T-intersection,Paved,,Property Damage Only,0,0,0,0,0,0,2000,2,2,,POINT (-93.79611286776 41.026292425917)
2014815131,14014936,08/28/2014,08-August,5-Thursday,18:38,1800 Hours,District 2 (Northeast),MASON CITY,CERRO GORDO,,S EISENHOWER AVE & 9TH ST SW,Collision with:  Vehicle in traffic,On Roadway,Broadside (front to side),FTYROW:  From stop sign,None Indicated,,Daylight,Wet,Rain,None apparent,Intersection:  Four-way intersection,Paved,,Possible/Unknown,0,3,0,0,2,1,6000,2,4,,POINT (-93.26058998147 43.142830211362)
2014814737,14-1910,08/28/2014,08-August,5-Thursday,23:15,2300 Hours,District 1 (Central),URBANDALE,POLK,I-35,I-35 & NW 86TH ST,Collision with:  Vehicle in traffic,On Roadway,"Angle, oncoming left turn",Other (explain in narrative):  Other,None Indicated,,Dark - roadway lighted,Wet,Rain,None apparent,Intersection:  Four-way intersection,Paved,,Property Damage Only,0,0,0,0,0,0,2000,2,2,,POINT (-93.736442179612 41.65386192511)
2014817917,2014050347,08/28/2014,08-August,5-Thursday,11:30,1100 Hours,District 2 (Northeast),,FAYETTE,IA 3,IA 3/PALACE RD,Collision with:  Vehicle in traffic,On Roadway,Rear-end (front to rear),Ran off road - right,None Indicated,,Daylight,Wet,Rain,None apparent,Non-intersection:  Driveway access (within),Paved,,Possible/Unknown,0,2,0,0,2,0,13000,2,3,,POINT (-91.913138686363 42.708034685586)
2014825025,SA1407089,08/28/2014,08-August,5-Thursday,11:33,1100 Hours,District 5 (Southeast),,WASHINGTON,,Co Rd G36/220TH ST,Collision with fixed object:  Ditch,On Roadway,Non-collision (single vehicle),Crossed centerline (undivided),None Indicated,,Daylight,Dry,Clear,None apparent,Non-intersection:  Non-junction/no special feature,Paved,,Major Injury,0,1,1,0,0,0,7000,1,1,,POINT (-91.618541245778 41.337830110702)
2014815130,14014914,08/28/2014,08-August,5-Thursday,11:10,1100 Hours,District 2 (Northeast),MASON CITY,CERRO GORDO,IA 122,IA 122/IOWA 122/5TH ST SW & S MONROE AVE,Collision with:  Vehicle in traffic,On Roadway,Rear-end (front to rear),Lost Control,None Indicated,,Daylight,Wet,Clear,None apparent,Non-intersection:  Non-junction/no special feature,Paved,,Property Damage Only,0,0,0,0,0,0,3500,2,2,,POINT (-93.208625219919 43.147385158018)
2014815960,14-001000,08/28/2014,08-August,5-Thursday,19:40,1900 Hours,District 1 (Central),AMES,STORY,US 30,US 30,Collision with fixed object:  Ditch,Shoulder,Non-collision (single vehicle),Ran off road - right,None Indicated,,Daylight,Dry,Clear,None apparent,Non-intersection:  Non-junction/no special feature,Paved,,Property Damage Only,0,0,0,0,0,0,6000,1,1,,POINT (-93.656439116859 42.006875488236)
2014816346,14-13062,08/28/2014,08-August,5-Thursday,18:27,1800 Hours,District 6 (East Central),,JACKSON,,Co Rd E17/150 ST,Collision with:  Animal,On Roadway,Non-collision (single vehicle),Animal,None Indicated,,Daylight,Dry,Clear,None apparent,Non-intersection:  Non-junction/no special feature,Paved,,Property Damage Only,0,0,0,0,0,0,11000,1,1,,POINT (-90.747007561774 42.157667880683)
2014814306,201412695,08/28/2014,08-August,5-Thursday,13:44,1300 Hours,District 6 (East Central),CEDAR RAPIDS,LINN,IA 922,IA 922/1ST AVE E & 13TH ST SE & COLLEGE DR NE,Collision with:  Vehicle in traffic,On Roadway,Rear-end (front to rear),Lost Control,None Indicated,,Daylight,Wet,Rain,None apparent,Non-intersection:  Non-junction/no special feature,Paved,,Property Damage Only,0,0,0,0,0,0,4500,2,2,,POINT (-91.655577018921 41.98623458299)
2014814512,14-003929,08/28/2014,08-August,5-Thursday,08:30,0800 Hours,District 3 (Northwest),,LYON,,MARSH AVE,Collision with fixed object:  Ditch,On Roadway,Non-collision (single vehicle),Driving too fast for conditions,None Indicated,,Daylight,"Mud, dirt",Rain,"Surface condition (e.g., wet, icy)",Non-intersection:  Non-junction/no special feature,Unpaved,,Property Damage Only,0,0,0,0,0,0,3000,1,1,,POINT (-95.881243996356 43.309040569488)
2014814733,20140025264,08/28/2014,08-August,5-Thursday,12:38,1200 Hours,District 1 (Central),DES MOINES,POLK,I-235,I-235,Collision with:  Vehicle in traffic,On Roadway,"Sideswipe, same direction",Improper or erratic lane changing,None Indicated,,Daylight,Wet,Cloudy,None apparent,Non-intersection:  Non-junction/no special feature,Paved,,Property Damage Only,0,0,0,0,0,0,2500,2,2,,POINT (-93.659880251065 41.592663762645)
2014818145,2014050438,08/28/2014,08-August,5-Thursday,15:10,1500 Hours,District 1 (Central),,JASPER,I-80,I-80,Collision with:  Vehicle in traffic,On Roadway,"Sideswipe, same direction",Oversized Load/Vehicle,None Indicated,,Daylight,Dry,Cloudy,None apparent,Non-intersection:  Non-junction/no special feature,Paved,,Property Damage Only,0,0,0,0,0,0,36000,2,2,,POINT (-93.333582701182 41.681218392623)
2014814799,14-28237,08/28/2014,08-August,5-Thursday,10:50,1000 Hours,District 3 (Northwest),SIOUX CITY,WOODBURY,IA 12,IA 12/GORDON DR,Collision with:  Vehicle in traffic,On Roadway,"Sideswipe, same direction",Crossed centerline (undivided),None Indicated,,Daylight,Dry,Cloudy,None apparent,Non-intersection:  Non-junction/no special feature,Paved,,Property Damage Only,0,0,0,0,0,0,7000,2,3,,POINT (-96.372288851399 42.489620418422)
2014814908,14-13030,08/28/2014,08-August,5-Thursday,07:55,0700 Hours,District 3 (Northwest),,CLAY,US 18,US 18 & Co Rd M27/130TH AVE,Collision with fixed object:  Other fixed object (explain in narrative),Outside trafficway,Non-collision (single vehicle),Other (explain in narrative):  Other,None Indicated,,Daylight,Wet,Rain,None apparent,Non-intersection:  Non-junction/no special feature,Paved,,Property Damage Only,0,0,0,0,0,0,1700,1,1,,POINT (-95.3285600993 43.183727328005)
2014814384,14-036418,08/28/2014,08-August,5-Thursday,14:27,1400 Hours,District 4 (Southwest),COUNCIL BLUFFS,POTTAWATTAMIE,IA 192,IA 192/S EXPRESSWAY,Collision with:  Vehicle in traffic,On Roadway,Broadside (front to side),FTYROW:  Making left turn,None Indicated,,Daylight,Dry,Cloudy,None apparent,Intersection:  Four-way intersection,Paved,,Property Damage Only,0,0,0,0,0,0,7000,2,3,,POINT (-95.851384987087 41.233406062661)
2014814273,14-8932,08/28/2014,08-August,5-Thursday,06:00,0600 Hours,District 3 (Northwest),CARROLL,CARROLL,US 30,US 30/6TH ST & ADAMS ST,Collision with fixed object:  Utility pole/light support,Outside trafficway,Non-collision (single vehicle),Other (explain in narrative):  Other,None Indicated,,Dark - roadway lighted,Wet,Rain,None apparent,Non-intersection:  Non-junction/no special feature,Paved,,Property Damage Only,0,0,0,0,0,0,2500,1,1,,POINT (-94.86866162642 42.06597666657)
2014814153,14-5676,08/28/2014,08-August,5-Thursday,10:55,1000 Hours,District 1 (Central),DES MOINES,POLK,IA 415,IA 415/2ND AVE & NW 54TH AVE,Collision with:  Vehicle in traffic,On Roadway,"Angle, oncoming left turn",FTYROW:  Making left turn,None Indicated,,Daylight,Wet,Rain,None apparent,Intersection:  Four-way intersection,Paved,,Property Damage Only,0,0,0,0,0,0,9500,2,2,,POINT (-93.620220992129 41.658583022152)
2014814203,2014009353,08/28/2014,08-August,5-Thursday,11:50,1100 Hours,District 6 (East Central),IOWA CITY,JOHNSON,,VAN BUREN ST,Collision with:  Vehicle in traffic,On Roadway,Broadside (front to side),FTYROW:  Other (explain in narrative),None Indicated,,Daylight,Wet,Rain,None apparent,Non-intersection:  Alley,Paved,,Property Damage Only,0,0,0,0,0,0,2000,2,2,,POINT (-91.528661661024 41.665186381289)
2014814388,SA1407077,08/28/2014,08-August,5-Thursday,00:20,0000 Hours,District 5 (Southeast),,WASHINGTON,IA 1,IA 1 & KIWI AVE,,On Roadway,Non-collision (single vehicle),Exceeded authorized speed,None Indicated,,Dark - roadway not lighted,Dry,Clear,None apparent,Non-intersection:  Non-junction/no special feature,Paved,,Major Injury,0,3,1,1,1,0,10000,1,4,,POINT (-91.744622244577 41.267683157583)
2014814319,14-5688,08/28/2014,08-August,5-Thursday,17:24,1700 Hours,District 1 (Central),GRIMES,POLK,IA 44,IA 44/1ST ST,Collision with:  Other non-fixed object (explain in narrative),On Roadway,Rear-end (front to rear),Followed too close,None Indicated,,Daylight,Dry,Cloudy,None apparent,Non-intersection:  Non-junction/no special feature,Paved,,Property Damage Only,0,0,0,0,0,0,8500,2,3,,POINT (-93.79197791878 41.688386118902)
2014815771,2014050351,08/28/2014,08-August,5-Thursday,12:00,1200 Hours,District 5 (Southeast),WEST BURLINGTON,DES MOINES,US 34,US 34,Collision with:  Vehicle in traffic,Median,"Sideswipe, same direction",Made improper turn,None Indicated,,Daylight,Dry,Cloudy,None apparent,Non-intersection:  Crossover-related,Paved,,Property Damage Only,0,0,0,0,0,0,2000,2,2,,POINT (-91.174550784087 40.818189307157)
2014814343,14-1897,08/28/2014,08-August,5-Thursday,07:09,0700 Hours,District 1 (Central),URBANDALE,POLK,,MEREDITH DR & 72ND ST,Collision with fixed object:  Other fixed object (explain in narrative),Unknown,Non-collision (single vehicle),Ran off road - right,None Indicated,,Daylight,Wet,Rain,None apparent,Non-intersection:  Non-junction/no special feature,Paved,,Property Damage Only,0,0,0,0,0,0,2500,1,1,,POINT (-93.717007394364 41.643842770151)
2014814307,201412698,08/28/2014,08-August,5-Thursday,14:00,1400 Hours,District 6 (East Central),CEDAR RAPIDS,LINN,,EDGEWOOD RD NW,Collision with:  Vehicle in traffic,On Roadway,"Angle, oncoming left turn",FTYROW:  Making left turn,None Indicated,,Daylight,Wet,Rain,None apparent,Intersection:  Four-way intersection,Paved,,Minor Injury,0,2,0,2,0,0,7400,3,10,,POINT (-91.716013584451 41.974560698755)
2014814844,N14000456,08/29/2014,08-August,6-Friday,16:20,1600 Hours,District 6 (East Central),NORTH LIBERTY,JOHNSON,,CHERRY ST,Collision with:  Vehicle in traffic,On Roadway,Broadside (front to side),FTYROW:  From driveway,None Indicated,,Daylight,Dry,Cloudy,None apparent,Non-intersection:  Driveway access (within),Paved,,Property Damage Only,0,0,0,0,0,0,13000,2,2,,POINT (-91.60609777961 41.749293680679)
2014816742,01-14-037225,08/29/2014,08-August,6-Friday,15:55,1500 Hours,District 6 (East Central),DUBUQUE,DUBUQUE,,DORGAN ST & W LOCUST ST & ELLIS ST & CLARK ST,Collision with:  Non-motorist (see non-motorist section - NOT a unit),On Roadway,Non-collision (single vehicle),Other (explain in narrative):  No improper action,None Indicated,,Daylight,Dry,Clear,None apparent,Non-intersection:  Non-junction/no special feature,Paved,,Possible/Unknown,0,1,0,0,1,0,150,1,1,,POINT (-90.673749948714 42.508083810432)
2014815537,14-140829-01,08/29/2014,08-August,6-Friday,07:34,0700 Hours,District 6 (East Central),LADORA,IOWA,US 6,US 6,Collision with fixed object:  Other fixed object (explain in narrative),Roadside,Non-collision (single vehicle),Ran off road - left,None Indicated,,Daylight,Dry,Clear,None apparent,Non-intersection:  Non-junction/no special feature,Paved,,Property Damage Only,0,0,0,0,0,0,1600,1,1,,POINT (-92.188008169815 41.753880472713)
2014815135,14015002,08/29/2014,08-August,6-Friday,14:28,1400 Hours,District 2 (Northeast),MASON CITY,CERRO GORDO,IA 122,IA 122/4TH ST SW & S POLK AVE,Collision with:  Vehicle in traffic,On Roadway,Broadside (front to side),Ran Traffic Signal,None Indicated,,Daylight,Dry,Clear,None apparent,Intersection:  Four-way intersection,Paved,,Property Damage Only,0,0,0,0,0,0,5000,2,3,,POINT (-93.216068921661 43.148334863121)
2014927531,,08/29/2014,08-August,6-Friday,21:11,2100 Hours,District 3 (Northwest),SERGEANT BLUFF,WOODBURY,I-29,I-29,Collision with:  Vehicle in traffic,On Roadway,"Sideswipe, same direction",FTYROW:  Other (explain in narrative),None Indicated,,Dark - roadway not lighted,Dry,Cloudy,None apparent,Interchange-related:  On-ramp merge area,Paved,Yes,Major Injury,0,2,1,1,0,0,8000,2,8,,POINT (-96.359438027996 42.38340205332)
2014814680,C14002709,08/29/2014,08-August,6-Friday,12:50,1200 Hours,District 6 (East Central),CORALVILLE,JOHNSON,US 6,US 6/2ND ST,Collision with:  Vehicle in traffic,On Roadway,Rear-end (front to rear),Followed too close,None Indicated,,Daylight,Dry,Cloudy,None apparent,Non-intersection:  Non-junction/no special feature,Paved,,Possible/Unknown,0,1,0,0,1,0,9000,3,4,,POINT (-91.601391830218 41.684585665753)
2014814329,20140025324,08/29/2014,08-August,6-Friday,00:30,0000 Hours,District 1 (Central),DES MOINES,POLK,,MLK JR PKWY,Collision with:  Parked motor vehicle,On Roadway,Rear-end (front to rear),Unknown,None Indicated,,Dark - roadway lighted,Wet,Rain,Unknown,Non-intersection:  Non-junction/no special feature,Paved,,Property Damage Only,0,0,0,0,0,0,10000,2,1,,POINT (-93.643733322237 41.598997319774)
2014814397,S14-08697,08/29/2014,08-August,6-Friday,07:55,0700 Hours,District 2 (Northeast),RAYMOND,BLACK HAWK,,S 3RD ST & OLD US 20,Collision with:  Vehicle in traffic,On Roadway,"Angle, oncoming left turn",FTYROW:  Making left turn,None Indicated,,Daylight,Dry,Clear,None apparent,Intersection:  Four-way intersection,Paved,,Minor Injury,0,1,0,1,0,0,10000,2,2,,POINT (-92.21973671389 42.464156683527)
2014815881,2014-60752,08/29/2014,08-August,6-Friday,05:49,0500 Hours,District 6 (East Central),DAVENPORT,SCOTT,,E 32ND ST & DAVENPORT AVE,Collision with:  Vehicle in traffic,On Roadway,"Sideswipe, same direction",Ran off road - right,None Indicated,,Daylight,Dry,Clear,None apparent,Non-intersection:  Non-junction/no special feature,Paved,,Property Damage Only,0,0,0,0,0,0,2000,2,1,,POINT (-90.563526838255 41.552802135906)
2014815096,2014050690,08/29/2014,08-August,6-Friday,17:30,1700 Hours,District 1 (Central),,HAMILTON,I-35,I-35,Collision with:  Vehicle in traffic,On Roadway,Rear-end (front to rear),Driving too fast for conditions,None Indicated,,Daylight,Wet,Cloudy,Work Zone (roadway-related),Non-intersection:  Non-junction/no special feature,Paved,Yes,Property Damage Only,0,0,0,0,0,0,5750,3,5,,POINT (-93.570438533028 42.252786975465)
2014820674,AC14-053,08/29/2014,08-August,6-Friday,21:30,2100 Hours,District 4 (Southwest),HARLAN,SHELBY,,MORNINGVIEW DR,Collision with:  Vehicle in traffic,On Roadway,Broadside (front to side),FTYROW:  From parked position,None Indicated,,Dark - roadway not lighted,Wet,Rain,None apparent,Non-intersection:  Non-junction/no special feature,Paved,,Property Damage Only,0,0,0,0,0,0,5000,2,3,,POINT (-95.324850876327 41.647123814265)
2014816548,,08/29/2014,08-August,6-Friday,07:35,0700 Hours,District 6 (East Central),CEDAR RAPIDS,LINN,,BLAKE BLVD SE & 3RD AVE SE & 17TH ST SE,Collision with:  Vehicle in traffic,On Roadway,Broadside (front to side),Unknown,None Indicated,,Daylight,Dry,Clear,,Non-intersection:  Non-junction/no special feature,Paved,,Possible/Unknown,0,1,0,0,1,0,0,2,2,,POINT (-91.646140250841 41.988924656963)
2014814808,14-28434,08/29/2014,08-August,6-Friday,23:03,2300 Hours,District 3 (Northwest),SIOUX CITY,WOODBURY,,W 20TH ST & HAMILTON BLVD,Collision with:  Vehicle in traffic,On Roadway,Rear-end (front to rear),Driving too fast for conditions,Alcohol (Statutory),,Dark - roadway lighted,Dry,Clear,None apparent,Non-intersection:  Non-junction/no special feature,Paved,,Possible/Unknown,0,1,0,0,1,0,17500,2,3,,POINT (-96.416779088101 42.511667772972)
2014815467,14-173,08/29/2014,08-August,6-Friday,16:40,1600 Hours,District 2 (Northeast),WAVERLY,BREMER,IA 116,IA 116/4TH ST SW,Collision with:  Vehicle in traffic,On Roadway,Rear-end (front to rear),Followed too close,None Indicated,,Daylight,Dry,Cloudy,None apparent,Non-intersection:  Non-junction/no special feature,Paved,,Property Damage Only,0,0,0,0,0,0,3100,2,2,,POINT (-92.475516309445 42.711954649206)
2014814887,2014-001321,08/29/2014,08-August,6-Friday,16:06,1600 Hours,District 6 (East Central),,BENTON,IA 21,IA 21/11 AVE,Collision with:  Animal,On Roadway,Non-collision (single vehicle),Animal,None Indicated,,Daylight,Dry,Cloudy,None apparent,Non-intersection:  Other non-intersection (explain in narrative),Paved,,Property Damage Only,0,0,0,0,0,0,2000,1,1,,POINT (-92.277806168744 41.866930971563)
2014814582,2014-60772,08/29/2014,08-August,6-Friday,07:32,0700 Hours,District 6 (East Central),DAVENPORT,SCOTT,,W LOCUST ST & WILKES AVE,Collision with:  Vehicle in traffic,On Roadway,Rear-end (front to rear),Followed too close,None Indicated,,Daylight,Dry,Clear,None apparent,Intersection:  Four-way intersection,Paved,,Possible/Unknown,0,1,0,0,1,0,1500,2,3,,POINT (-90.603607569025 41.538234906145)
2014814326,20140025319,08/29/2014,08-August,6-Friday,00:15,0000 Hours,District 1 (Central),DES MOINES,POLK,US 69,US 69/SE 14TH ST & E VIRGINIA AVE,Collision with:  Vehicle in traffic,On Roadway,Broadside (front to side),FTYROW:  From stop sign,None Indicated,,Dark - roadway lighted,Water (standing or moving),Rain,None apparent,Intersection:  Four-way intersection,Paved,,Minor Injury,0,3,0,1,2,0,10000,2,3,,POINT (-93.596854936517 41.557744742404)