Iowa DOT Case Number,Law Enforcement Case Number,Date of Crash,Month of Crash,Day of Week,Time of Crash,Hour,DOT District,City Name,County Name,Route with System,Location Description,First Harmful Event,Location of First Harmful Event,Manner of Crash/Collision,Major Cause,Drug or Alcohol ,Environmental Conditions,Light Conditions,Surface Conditions,Weather Conditions,Roadway Contribution,Roadway Type,Roadway Surface,Work Zone,Crash Severity,Number of Fatalities,Number of Injuries,Number of Major Injuries,Number of Minor Injuries,Number of Possible Injuries,Number of Unknown Injuries,Amount of Property Damage,Number of Vehicles Involved,Total Number of Occupants,Travel Direction,Location
2014815748,2014-17917,08/29/2014,08-August,6-Friday,20:48,2000 Hours,District 6 (East Central),LE CLAIRE,SCOTT,,277 AVE,Collision with fixed object:  Ditch,On Roadway,Non-collision (single vehicle),Ran off road - right,None Indicated,,Dark - roadway lighted,Wet,Cloudy,None apparent,Intersection:  T-intersection,Paved,,Property Damage Only,0,0,0,0,0,0,2250,1,2,,POINT (-90.357991006731 41.612996930464)
2014814610,146378,08/29/2014,08-August,6-Friday,20:57,2000 Hours,District 4 (Southwest),,DALLAS,US 169,US 169/N AVE,Collision with:  Animal,,,Animal,None Indicated,,,,,,,Paved,,Property Damage Only,0,0,0,0,0,0,1500,1,1,,POINT (-94.017556286086 41.625830630907)
2014814868,14-026772,08/29/2014,08-August,6-Friday,03:03,0300 Hours,District 5 (Southeast),,LEE,,346 AVE,Collision with fixed object:  Ditch,On Roadway,Non-collision (single vehicle),Driving too fast for conditions,Under Influence of Alcohol/Drugs/Medications,,Dark - roadway not lighted,"Mud, dirt",Clear,None apparent,Non-intersection:  Non-junction/no special feature,Unpaved,,Property Damage Only,0,0,0,0,0,0,5500,1,1,,POINT (-91.243741937025 40.705943245693)
2014814340,20140025370,08/29/2014,08-August,6-Friday,09:00,0900 Hours,District 1 (Central),DES MOINES,POLK,,39TH ST,Collision with:  Parked motor vehicle,On Roadway,"Sideswipe, same direction",Unknown,None Indicated,,Daylight,Dry,Cloudy,None apparent,Non-intersection:  Non-junction/no special feature,Paved,,Property Damage Only,0,0,0,0,0,0,2000,2,1,,POINT (-93.669749173251 41.586301626156)
2014816390,14015007,08/29/2014,08-August,6-Friday,16:04,1600 Hours,District 2 (Northeast),MASON CITY,CERRO GORDO,US 65,US 65/N FEDERAL AVE & 15TH ST NW & 15TH ST NE,Collision with:  Vehicle in traffic,On Roadway,Rear-end (front to rear),Followed too close,None Indicated,,Daylight,Dry,Cloudy,None apparent,Non-intersection:  Non-junction/no special feature,Paved,,Property Damage Only,0,0,0,0,0,0,5000,2,2,,POINT (-93.201074756573 43.166317843038)
2014814590,2014-60939,08/29/2014,08-August,6-Friday,21:22,2100 Hours,District 6 (East Central),DAVENPORT,SCOTT,,E 53RD ST,Collision with:  Vehicle in traffic,On Roadway,Rear-end (front to rear),Swerving/Evasive Action,None Indicated,,Dark - roadway lighted,Dry,Cloudy,None apparent,Non-intersection:  Non-junction/no special feature,Paved,,Property Damage Only,0,0,0,0,0,0,3500,3,7,,POINT (-90.53790750976 41.57482602196)
2014815316,2014050746,08/29/2014,08-August,6-Friday,23:30,2300 Hours,District 3 (Northwest),,LYON,IA 182,IA 182/IOWA 182 & Co Rd A34/210TH ST,Collision with:  Vehicle in traffic,On Roadway,Broadside (front to side),Ran Stop Sign,None Indicated,,Dark - roadway not lighted,Dry,"Fog, smoke, smog",None apparent,Intersection:  Four-way intersection,Paved,,Fatal,1,2,1,1,0,0,16400,2,3,,POINT (-96.428608644257 43.346184902441)
2014828335,14080661,08/29/2014,08-August,6-Friday,19:20,1900 Hours,District 5 (Southeast),,WAPELLO,US 63,US 63,Collision with fixed object:  Guardrail - face,On Roadway,Non-collision (single vehicle),Lost Control,None Indicated,,Dusk,Wet,Rain,Unknown,Non-intersection:  Other non-intersection (explain in narrative),Paved,,Possible/Unknown,0,1,0,0,1,0,7500,1,1,,POINT (-92.37226949664 41.041646403561)
2014814556,14-4277,08/29/2014,08-August,6-Friday,12:10,1200 Hours,District 1 (Central),WEST DES MOINES,POLK,,35TH ST,Collision with:  Vehicle in traffic,On Roadway,Broadside (front to side),FTYROW:  From driveway,None Indicated,,Daylight,Dry,Clear,None apparent,Non-intersection:  Driveway access (within),Paved,,Property Damage Only,0,0,0,0,0,0,6500,2,3,,POINT (-93.751938125382 41.570445133621)
2014814530,20140025402,08/29/2014,08-August,6-Friday,15:50,1500 Hours,District 5 (Southeast),DES MOINES,WARREN,,E CO LINE RD & SUNCREST DR,Collision with:  Vehicle in traffic,On Roadway,Rear-end (front to rear),Followed too close,None Indicated,,Daylight,Wet,Rain,None apparent,Intersection:  T-intersection,Paved,,Property Damage Only,0,0,0,0,0,0,5500,2,4,,POINT (-93.611724917625 41.511936348076)
2014815423,SA1407132,08/29/2014,08-August,6-Friday,14:59,1400 Hours,District 5 (Southeast),KALONA,WASHINGTON,IA 22,IA 22/E AVE,Collision with:  Vehicle in traffic,On Roadway,Rear-end (front to rear),Other (explain in narrative):  Other,None Indicated,,Daylight,Dry,Clear,None apparent,Intersection:  Four-way intersection,Paved,,Property Damage Only,0,0,0,0,0,0,7500,2,2,,POINT (-91.704771883639 41.485850133109)
2014814739,14-1918,08/29/2014,08-August,6-Friday,16:43,1600 Hours,District 1 (Central),URBANDALE,POLK,,COLBY PKWY & 86TH ST,Collision with:  Vehicle in traffic,On Roadway,Rear-end (front to rear),Driving too fast for conditions,None Indicated,,Daylight,Wet,Rain,"Surface condition (e.g., wet, icy)",Intersection:  Four-way intersection,Paved,,Property Damage Only,0,0,0,0,0,0,8000,2,2,,POINT (-93.736507148468 41.625822264332)
2014814395,CL14003065,08/29/2014,08-August,6-Friday,08:51,0800 Hours,District 6 (East Central),CLINTON,CLINTON,,7TH AVE N,Collision with:  Vehicle in traffic,On Roadway,Rear-end (front to rear),Other (explain in narrative):  Other,None Indicated,,Daylight,Dry,Clear,None apparent,Non-intersection:  Non-junction/no special feature,Paved,,Property Damage Only,0,0,0,0,0,0,1500,2,2,,POINT (-90.194706504166 41.85218436632)
2014815920,2014-18731,08/29/2014,08-August,6-Friday,15:36,1500 Hours,District 5 (Southeast),INDIANOLA,WARREN,US 65,US 65,Collision with:  Vehicle in traffic,On Roadway,Rear-end (front to rear),Other (explain in narrative):  Other,None Indicated,,Daylight,Wet,Rain,None apparent,Non-intersection:  Non-junction/no special feature,Paved,,Possible/Unknown,0,2,0,0,2,0,4200,3,3,,POINT (-93.558698168554 41.397559075997)
2014814563,14-4291,08/29/2014,08-August,6-Friday,17:19,1700 Hours,District 1 (Central),WEST DES MOINES,POLK,,S 50TH ST,Collision with:  Vehicle in traffic,On Roadway,Broadside (front to side),FTYROW:  At uncontrolled intersection,None Indicated,,Daylight,Dry,Cloudy,None apparent,Non-intersection:  Driveway access (within),Paved,,Possible/Unknown,0,1,0,0,0,1,8000,2,2,,POINT (-93.77088803038 41.558249921686)
2014818858,2014008942,08/29/2014,08-August,6-Friday,03:16,0300 Hours,District 1 (Central),MARSHALLTOWN,MARSHALL,,IOWA AVE E & S 18TH AVE & S 18TH ST,Collision with:  Vehicle in traffic,On Roadway,"Sideswipe, same direction",Driver Distraction:  Passenger,None Indicated,,Dark - roadway not lighted,Wet,Cloudy,None apparent,Non-intersection:  Non-junction/no special feature,Paved,,Property Damage Only,0,0,0,0,0,0,2400,2,4,,POINT (-92.883720047745 42.006829179558)
2014814706,20140025459,08/29/2014,08-August,6-Friday,23:43,2300 Hours,District 1 (Central),DES MOINES,POLK,,WASHINGTON AVE,Collision with fixed object:  Curb/island/raised median,On Roadway,Non-collision (single vehicle),Exceeded authorized speed,Alcohol (Statutory),,Dark - roadway lighted,Dry,Cloudy,None apparent,Non-intersection:  Non-junction/no special feature,Paved,,Minor Injury,0,1,0,1,0,0,15000,1,1,,POINT (-93.638125296831 41.609531006534)
2014814500,201412738,08/29/2014,08-August,6-Friday,06:55,0600 Hours,District 6 (East Central),CEDAR RAPIDS,LINN,IA 922,IA 922/1ST AVE E,Collision with:  Vehicle in traffic,On Roadway,"Sideswipe, same direction",Other (explain in narrative):  No improper action,None Indicated,,Daylight,Dry,Cloudy,None apparent,Intersection:  Four-way intersection,Paved,,Property Damage Only,0,0,0,0,0,0,3100,2,2,,POINT (-91.66306583217 41.981989961423)
2014814346,14-4273,08/29/2014,08-August,6-Friday,08:50,0800 Hours,District 1 (Central),WEST DES MOINES,POLK,,MILLS CIVIC PKWY,Collision with:  Vehicle in traffic,On Roadway,Rear-end (front to rear),Followed too close,None Indicated,,Daylight,Dry,Cloudy,None apparent,Non-intersection:  Non-junction/no special feature,Paved,,Property Damage Only,0,0,0,0,0,0,9500,3,4,,POINT (-93.774040968985 41.559174502752)
2014814980,2014-60812,08/29/2014,08-August,6-Friday,11:59,1100 Hours,District 6 (East Central),DAVENPORT,SCOTT,,ELMORE AVE,Collision with:  Vehicle in traffic,On Roadway,Rear-end (front to rear),Lost Control,None Indicated,,Daylight,Dry,Clear,None apparent,Non-intersection:  Non-junction/no special feature,Paved,,Property Damage Only,0,0,0,0,0,0,2500,2,2,,POINT (-90.527742656715 41.571212394321)
2014814581,2014-60768,08/29/2014,08-August,6-Friday,07:35,0700 Hours,District 6 (East Central),DAVENPORT,SCOTT,,MAIN ST,Collision with:  Vehicle in traffic,On Roadway,Broadside (front to side),Made improper turn,None Indicated,,Daylight,Wet,Clear,None apparent,Non-intersection:  Non-junction/no special feature,Paved,,Minor Injury,0,2,0,2,0,0,2000,2,5,,POINT (-90.575543546542 41.531233758387)
2014824749,80-14-277,08/29/2014,08-August,6-Friday,09:31,0900 Hours,District 2 (Northeast),HUMBOLDT,HUMBOLDT,IA 3,IA 3/10TH AVE N & 5TH ST N,Collision with:  Vehicle in traffic,On Roadway,Broadside (front to side),FTYROW:  From stop sign,None Indicated,,Daylight,Dry,Clear,None apparent,Intersection:  T-intersection,Paved,,Property Damage Only,0,0,0,0,0,0,2500,2,2,,POINT (-94.214963291417 42.731728250335)
2014815005,14-004005,08/29/2014,08-August,6-Friday,09:25,0900 Hours,District 1 (Central),AMES,STORY,,ROSS RD & HYLAND AVE,Collision with:  Vehicle in traffic,On Roadway,Rear-end (front to rear),Followed too close,None Indicated,,Daylight,Dry,Clear,None apparent,Intersection:  T-intersection,Paved,,Property Damage Only,0,0,0,0,0,0,4000,2,3,,POINT (-93.655599848917 42.03333259171)
2014814631,14-22736,08/29/2014,08-August,6-Friday,20:57,2000 Hours,District 1 (Central),NEWTON,JASPER,US 6,US 6/1ST AVE E & E 4TH ST S & E 4TH ST N,Collision with:  Vehicle in traffic,On Roadway,Broadside (front to side),Ran Traffic Signal,None Indicated,,Dark - roadway lighted,Wet,Unknown,None apparent,Intersection:  Four-way intersection,Paved,,Possible/Unknown,0,1,0,0,1,0,1800,2,5,,POINT (-93.049780032037 41.699552899824)
2014814331,20140025368,08/29/2014,08-August,6-Friday,11:52,1100 Hours,District 1 (Central),DES MOINES,POLK,,STANTON AVE & SW 31ST ST,Collision with:  Vehicle in traffic,On Roadway,Broadside (front to side),FTYROW:  From stop sign,None Indicated,,Daylight,Dry,Cloudy,None apparent,Intersection:  Four-way intersection,Paved,,Major Injury,0,1,1,0,0,0,6000,2,3,,POINT (-93.659451401457 41.54461241613)
2014815353,14129494,08/29/2014,08-August,6-Friday,17:24,1700 Hours,District 6 (East Central),,JOHNSON,I-380,I-380,Collision with:  Vehicle in traffic,On Roadway,Rear-end (front to rear),Other (explain in narrative):  Other,None Indicated,,Daylight,Dry,Cloudy,None apparent,Non-intersection:  Other non-intersection (explain in narrative),Paved,,Property Damage Only,0,0,0,0,0,0,2500,2,3,,POINT (-91.648096772658 41.807726885409)
2014814502,201412775,08/29/2014,08-August,6-Friday,20:00,2000 Hours,District 6 (East Central),CEDAR RAPIDS,LINN,,OAKLAND RD NE,Collision with:  Vehicle in traffic,Outside trafficway,Rear-end (front to rear),Improper Backing,None Indicated,,Dark - roadway not lighted,Wet,Cloudy,None apparent,Non-intersection:  Non-junction/no special feature,Paved,,Property Damage Only,0,0,0,0,0,0,2100,2,2,,POINT (-91.659835174269 41.9984700605)
2014816360,,08/29/2014,08-August,6-Friday,09:46,0900 Hours,District 2 (Northeast),TRIPOLI,BREMER,IA 93,IA 93/7TH AVE SW/MAIN ST & 7TH AVE SE,Collision with:  Vehicle in traffic,On Roadway,"Angle, oncoming left turn",FTYROW:  From stop sign,None Indicated,,Daylight,Dry,Clear,None apparent,Intersection:  Four-way intersection,Paved,,Property Damage Only,0,0,0,0,0,0,2000,2,2,,POINT (-92.258120249981 42.802337905362)
2014815133,14014993,08/29/2014,08-August,6-Friday,12:18,1200 Hours,District 2 (Northeast),MASON CITY,CERRO GORDO,IA 122,IA 122/4TH ST SW,Collision with:  Vehicle in traffic,On Roadway,Rear-end (front to rear),Other (explain in narrative):  Other,None Indicated,,Daylight,Dry,Cloudy,None apparent,Non-intersection:  Non-junction/no special feature,Paved,,Property Damage Only,0,0,0,0,0,0,4000,3,5,,POINT (-93.241538749539 43.148346965812)
2014815724,S14-H2902,08/29/2014,08-August,6-Friday,17:37,1700 Hours,District 5 (Southeast),,CLARKE,US 34,US 34,Collision with:  Animal,,,Animal,None Indicated,,,,,,,Paved,,Property Damage Only,0,0,0,0,0,0,1500,1,1,,POINT (-93.93340623722 41.026442338816)
2014815099,2014050705,08/29/2014,08-August,6-Friday,18:20,1800 Hours,District 1 (Central),,HAMILTON,I-35,I-35,Collision with:  Vehicle in traffic,On Roadway,Rear-end (front to rear),Other (explain in narrative):  Disregarded Warning Sign,None Indicated,,Daylight,Wet,Cloudy,Work Zone (roadway-related),Non-intersection:  Non-junction/no special feature,Paved,Yes,Property Damage Only,0,0,0,0,0,0,4000,3,5,,POINT (-93.570438064804 42.275599702877)
2014817227,14-077,08/29/2014,08-August,6-Friday,15:55,1500 Hours,District 3 (Northwest),SIOUX CENTER,SIOUX,US 75,US 75/MAIN AVE & 20TH ST SW & 20TH ST SE,Collision with:  Vehicle in traffic,On Roadway,Broadside (front to side),FTYROW:  From stop sign,None Indicated,,Daylight,Wet,Cloudy,Non-highway work,Intersection:  Four-way intersection,Paved,,Possible/Unknown,0,1,0,0,1,0,13500,2,2,,POINT (-96.175289175343 43.055189577112)
2014814837,14-011371,08/29/2014,08-August,6-Friday,19:07,1900 Hours,District 2 (Northeast),OELWEIN,FAYETTE,IA 3,IA 3/60TH ST,Collision with:  Animal,,,Animal,None Indicated,,,,,,,Paved,,Property Damage Only,0,0,0,0,0,0,1500,1,1,,POINT (-91.977424493404 42.714993541909)
2014815007,14-004019,08/29/2014,08-August,6-Friday,21:34,2100 Hours,District 1 (Central),AMES,STORY,,20TH ST,Collision with:  Vehicle in traffic,On Roadway,Broadside (front to side),FTYROW:  Making left turn,None Indicated,,Dark - roadway lighted,Dry,Rain,None apparent,Non-intersection:  Driveway access (within),Paved,,Property Damage Only,0,0,0,0,0,0,1800,2,3,,POINT (-93.630339071806 42.04194025765)
2014815533,082914C,08/29/2014,08-August,6-Friday,16:08,1600 Hours,District 4 (Southwest),,FREMONT,I-29,I-29 & IA 2/IOWA 2,Collision with:  Vehicle in traffic,On Roadway,Rear-end (front to rear),Driving too fast for conditions,None Indicated,,Daylight,Wet,Rain,None apparent,Interchange-related:  Off-ramp,Paved,,Property Damage Only,0,0,0,0,0,0,3000,2,2,,POINT (-95.781582554807 40.689141194427)
2014814270,W14-086966,08/29/2014,08-August,6-Friday,08:06,0800 Hours,District 2 (Northeast),WATERLOO,BLACK HAWK,,CORNWALL AVE,Collision with:  Parked motor vehicle,On Roadway,Rear-end (front to rear),Driver Distraction:  Reaching for object(s)/fallen object(s),None Indicated,,Daylight,Wet,Clear,None apparent,Non-intersection:  Non-junction/no special feature,Paved,,Property Damage Only,0,0,0,0,0,0,2750,2,1,,POINT (-92.346234571764 42.474854494774)
2014814476,W14-087168,08/29/2014,08-August,6-Friday,19:08,1900 Hours,District 2 (Northeast),WATERLOO,BLACK HAWK,,E RIDGEWAY AVE & HAMMOND AVE,Non-collision events:  Other non-collision (explain in narrative),On Roadway,Non-collision (single vehicle),Unknown,None Indicated,,Daylight,Dry,Clear,None apparent,Intersection:  Four-way intersection,Paved,,Property Damage Only,0,0,0,0,0,0,5000,1,1,,POINT (-92.336815540806 42.469369841204)
2014816019,2014050730,08/29/2014,08-August,6-Friday,21:28,2100 Hours,District 6 (East Central),WILLIAMSBURG,IOWA,I-80,I-80,Collision with fixed object:  Ditch,On Roadway,Non-collision (single vehicle),Ran off road - right,None Indicated,,Dark - roadway not lighted,Wet,Cloudy,None apparent,Interchange-related:  On-ramp merge area,Paved,,Property Damage Only,0,0,0,0,0,0,5000,1,1,,POINT (-92.015735232742 41.687143288927)
2014814646,14-036608,08/29/2014,08-August,6-Friday,17:20,1700 Hours,District 4 (Southwest),COUNCIL BLUFFS,POTTAWATTAMIE,US 6,US 6/W BROADWAY & S 17TH ST & N 17TH ST,Collision with:  Vehicle in traffic,On Roadway,Broadside (front to side),FTYROW:  From stop sign,None Indicated,,Daylight,Wet,Rain,None apparent,Intersection:  Four-way intersection,Paved,,Possible/Unknown,0,2,0,0,2,0,2600,2,6,,POINT (-95.869107341824 41.261875895131)
2014816457,S14-8664,08/29/2014,08-August,6-Friday,08:35,0800 Hours,District 3 (Northwest),SALIX,WOODBURY,I-29,I-29,Collision with:  Vehicle in traffic,On Roadway,"Sideswipe, same direction",Crossed centerline (undivided),None Indicated,,Daylight,Wet,Rain,None apparent,Non-intersection:  Non-junction/no special feature,Paved,,Property Damage Only,0,0,0,0,0,0,1500,2,2,,POINT (-96.301436368412 42.304523597826)
2014814526,20140025392,08/29/2014,08-August,6-Friday,14:44,1400 Hours,District 1 (Central),DES MOINES,POLK,,E TIFFIN AVE & E 29TH ST,Collision with:  Vehicle in traffic,On Roadway,Rear-end (front to rear),Other (explain in narrative):  Other,None Indicated,,Daylight,Dry,Cloudy,None apparent,Non-intersection:  Non-junction/no special feature,Paved,,Minor Injury,0,3,0,3,0,0,4100,3,47,,POINT (-93.561258732818 41.623767066455)
2014814783,14-010503,08/29/2014,08-August,6-Friday,20:23,2000 Hours,District 1 (Central),,TAMA,,Co Rd E27/HWY E27 & D AVE,Collision with:  Animal,,,Animal,None Indicated,,,,,,,Paved,,Property Damage Only,0,0,0,0,0,0,1500,1,1,,POINT (-92.708403802846 42.093314097981)
2014815315,2014050693,08/29/2014,08-August,6-Friday,18:05,1800 Hours,District 1 (Central),,POLK,I-80,I-80,Collision with:  Vehicle in traffic,On Roadway,Rear-end (front to rear),Followed too close,None Indicated,,Daylight,Wet,Cloudy,Work Zone (roadway-related),Non-intersection:  Non-junction/no special feature,Paved,Yes,Property Damage Only,0,0,0,0,0,0,5500,2,3,,POINT (-93.531126587215 41.658668965452)
2014814898,,08/29/2014,08-August,6-Friday,13:55,1300 Hours,District 6 (East Central),CAMANCHE,CLINTON,US 67,US 67,Collision with:  Vehicle in traffic,On Roadway,"Sideswipe, same direction",Other (explain in narrative):  Other,None Indicated,,Daylight,Dry,Clear,None apparent,Non-intersection:  Non-junction/no special feature,Paved,,Property Damage Only,0,0,0,0,0,0,10000,2,2,,POINT (-90.271151288762 41.793976807498)
2014815713,14-06213,08/29/2014,08-August,6-Friday,14:00,1400 Hours,District 3 (Northwest),EMMETSBURG,PALO ALTO,US 18,US 18/9TH ST OR MAIN & IA 4/BROADWAY ST,Collision with:  Vehicle in traffic,On Roadway,"Angle, oncoming left turn",FTYROW:  Making left turn,None Indicated,,Daylight,Dry,Cloudy,None apparent,Intersection:  Four-way intersection,Paved,,Property Damage Only,0,0,0,0,0,0,17000,2,3,,POINT (-94.678876838874 43.111997859168)
2014814589,2014-60870,08/29/2014,08-August,6-Friday,16:14,1600 Hours,District 6 (East Central),DAVENPORT,SCOTT,,E 53RD ST,Collision with:  Vehicle in traffic,On Roadway,Rear-end (front to rear),Followed too close,None Indicated,,Daylight,Dry,Clear,None apparent,Non-intersection:  Non-junction/no special feature,Paved,,Property Damage Only,0,0,0,0,0,0,4500,2,3,,POINT (-90.543091143133 41.574765850583)
2014814583,2014-60777,08/29/2014,08-August,6-Friday,08:30,0800 Hours,District 6 (East Central),DAVENPORT,SCOTT,,W CENTRAL PARK AVE & CLARK ST,Collision with:  Vehicle in traffic,On Roadway,"Sideswipe, same direction",Made improper turn,None Indicated,,Daylight,Dry,Clear,Work Zone (roadway-related),Non-intersection:  Non-junction/no special feature,Paved,Yes,Property Damage Only,0,0,0,0,0,0,2500,2,2,,POINT (-90.620724893844 41.545435430379)
2014814857,2014008959,08/29/2014,08-August,6-Friday,11:58,1100 Hours,District 1 (Central),MARSHALLTOWN,MARSHALL,,E LINN ST & S 1ST AVE,Collision with:  Vehicle in traffic,On Roadway,"Sideswipe, same direction",Unknown,None Indicated,,Daylight,Dry,Clear,None apparent,Non-intersection:  Non-junction/no special feature,Paved,,Property Damage Only,0,0,0,0,0,0,2800,2,3,,POINT (-92.911294572841 42.046690100296)
2014814587,2014-60850,08/29/2014,08-August,6-Friday,15:05,1500 Hours,District 6 (East Central),DAVENPORT,SCOTT,,W 7TH ST & N DIVISION ST,Collision with:  Vehicle in traffic,On Roadway,"Angle, oncoming left turn",FTYROW:  Making left turn,None Indicated,,Daylight,Dry,Cloudy,None apparent,Intersection:  Four-way intersection,Paved,,Property Damage Only,0,0,0,0,0,0,1500,2,3,,POINT (-90.601179021041 41.526755075707)
2014814615,CL14003073,08/29/2014,08-August,6-Friday,20:04,2000 Hours,District 6 (East Central),CLINTON,CLINTON,,S 10TH ST,Collision with fixed object:  Utility pole/light support,On Roadway,Head-on (front to front),Crossed centerline (undivided),Alcohol (Statutory),,Dark - roadway lighted,Dry,Cloudy,None apparent,Non-intersection:  Non-junction/no special feature,Paved,,Property Damage Only,0,0,0,0,0,0,13000,2,1,,POINT (-90.209024254958 41.834278850925)
2014815149,14-30759,08/29/2014,08-August,6-Friday,18:13,1800 Hours,District 5 (Southeast),,DES MOINES,,Co Rd J20/DMC 79,Collision with fixed object:  Ditch,Roadside,Non-collision (single vehicle),Ran off road - left,None Indicated,,Daylight,Wet,Rain,None apparent,Non-intersection:  Non-junction/no special feature,Paved,,Property Damage Only,0,0,0,0,0,0,2500,1,1,,POINT (-91.294374394601 40.827121712909)
2014818260,C14002713,08/29/2014,08-August,6-Friday,17:30,1700 Hours,District 6 (East Central),CORALVILLE,JOHNSON,,1ST AVE,Collision with:  Vehicle in traffic,On Roadway,Rear-end (front to rear),Followed too close,None Indicated,,Daylight,Dry,Clear,None apparent,Non-intersection:  Non-junction/no special feature,Paved,,Property Damage Only,0,0,0,0,0,0,4700,3,4,,POINT (-91.565639318334 41.682217476701)
2014814873,14026813,08/29/2014,08-August,6-Friday,12:59,1200 Hours,District 5 (Southeast),,LEE,,CHALK RIDGE RD,Non-collision events:  Overturn/rollover,Outside trafficway,Non-collision (single vehicle),Ran off road - right,None Indicated,,Daylight,"Mud, dirt",Cloudy,"Surface condition (e.g., wet, icy)",Non-intersection:  Non-junction/no special feature,Unpaved,,Property Damage Only,0,0,0,0,0,0,1500,1,2,,POINT (-91.421994017107 40.66799021651)
2014814806,14-28389,08/29/2014,08-August,6-Friday,17:20,1700 Hours,District 3 (Northwest),SIOUX CITY,WOODBURY,,1ST ST & S FAIRMOUNT ST,Collision with:  Vehicle in traffic,On Roadway,Broadside (front to side),FTYROW:  From stop sign,None Indicated,,Daylight,Wet,Cloudy,None apparent,Intersection:  Four-way intersection,Paved,,Property Damage Only,0,0,0,0,0,0,27000,2,2,,POINT (-96.37445022463 42.491123514214)
2014815015,14-001112,08/29/2014,08-August,6-Friday,13:20,1300 Hours,District 1 (Central),AMES,STORY,,IOWA STATE UNIVERSITY & S 4TH ST,Collision with:  Non-motorist (see non-motorist section - NOT a unit),On Roadway,Non-collision (single vehicle),Other (explain in narrative):  No improper action,None Indicated,,Daylight,Dry,Cloudy,None apparent,Non-intersection:  Driveway access (within),Paved,,Minor Injury,0,1,0,1,0,0,3000,1,1,,POINT (-93.637283467837 42.016233203692)
2014814859,2014008986,08/29/2014,08-August,6-Friday,22:10,2200 Hours,District 1 (Central),MARSHALLTOWN,MARSHALL,,S 7TH AVE,Collision with:  Vehicle in traffic,On Roadway,"Sideswipe, opposite direction",Improper Backing,None Indicated,,Dark - roadway lighted,Wet,Clear,None apparent,Non-intersection:  Non-junction/no special feature,Paved,,Property Damage Only,0,0,0,0,0,0,3000,2,1,,POINT (-92.901281347802 42.036270293572)
2014814531,20140025405,08/29/2014,08-August,6-Friday,16:30,1600 Hours,District 1 (Central),DES MOINES,POLK,US 69,US 69/SE 14TH ST & INDIANOLA AVE,Collision with:  Vehicle in traffic,On Roadway,Broadside (front to side),FTYROW:  Other (explain in narrative),None Indicated,,Daylight,Wet,Rain,None apparent,Intersection:  Four-way intersection,Paved,,Property Damage Only,0,0,0,0,0,0,7000,2,4,,POINT (-93.596862215027 41.553322117413)
2014815004,14-004002,08/29/2014,08-August,6-Friday,07:19,0700 Hours,District 1 (Central),AMES,STORY,,13TH ST,Collision with:  Vehicle in traffic,On Roadway,"Sideswipe, same direction",Improper or erratic lane changing,None Indicated,,Daylight,Dry,Clear,None apparent,Non-intersection:  Non-junction/no special feature,Paved,,Property Damage Only,0,0,0,0,0,0,6000,2,2,,POINT (-93.627886137593 42.034559325015)
2014814539,20140025408,08/29/2014,08-August,6-Friday,16:35,1600 Hours,District 1 (Central),DES MOINES,POLK,US 6,US 6/MERLE HAY RD & URBANDALE AVE,Collision with:  Vehicle in traffic,On Roadway,Rear-end (front to rear),Other (explain in narrative):  Other,None Indicated,,Daylight,Wet,Rain,"Surface condition (e.g., wet, icy)",Non-intersection:  Non-junction/no special feature,Paved,,Property Damage Only,0,0,0,0,0,0,2000,2,2,,POINT (-93.697740568943 41.6221189642)
2014814608,146363,08/29/2014,08-August,6-Friday,15:30,1500 Hours,District 4 (Southwest),,DALLAS,US 169,US 169/N AVE,Collision with:  Animal,,,Animal,None Indicated,,,,,,,Paved,,Property Damage Only,0,0,0,0,0,0,1500,1,1,,POINT (-94.02310465224 41.666961629064)
2014814588,2014-60854,08/29/2014,08-August,6-Friday,15:13,1500 Hours,District 6 (East Central),DAVENPORT,SCOTT,,E 53RD ST,Collision with:  Vehicle in traffic,On Roadway,Rear-end (front to rear),Followed too close,None Indicated,,Daylight,Dry,Clear,None apparent,Non-intersection:  Non-junction/no special feature,Paved,,Property Damage Only,0,0,0,0,0,0,4000,2,4,,POINT (-90.540403965978 41.574780414454)
2014814528,20140025400,08/29/2014,08-August,6-Friday,15:30,1500 Hours,District 1 (Central),DES MOINES,POLK,IA 163,IA 163/E UNIVERSITY AVE & E 23RD ST,Collision with fixed object:  Traffic sign support,On Roadway,Head-on (front to front),Traveling wrong way or on wrong side of road,None Indicated,,Daylight,Dry,Cloudy,None apparent,Intersection:  Four-way intersection,Paved,,Possible/Unknown,0,1,0,0,1,0,6000,2,4,,POINT (-93.574460628973 41.600463214444)
2014815098,2014050702,08/29/2014,08-August,6-Friday,18:15,1800 Hours,District 1 (Central),,HAMILTON,I-35,I-35,Collision with:  Vehicle in traffic,On Roadway,Rear-end (front to rear),Other (explain in narrative):  Disregarded Warning Sign,None Indicated,,Daylight,Wet,Cloudy,Work Zone (roadway-related),Non-intersection:  Non-junction/no special feature,Paved,Yes,Property Damage Only,0,0,0,0,0,0,5500,2,3,,POINT (-93.570471863467 42.269934637588)
2014816767,01-14-37221,08/29/2014,08-August,6-Friday,13:42,1300 Hours,District 6 (East Central),DUBUQUE,DUBUQUE,US 20,US 20/DODGE ST & CENTURY DR,Collision with:  Vehicle in traffic,On Roadway,"Angle, oncoming left turn",Ran Traffic Signal,None Indicated,,Daylight,Dry,Clear,None apparent,Intersection:  Four-way intersection,Paved,,Property Damage Only,0,0,0,0,0,0,8000,2,2,,POINT (-90.723824336679 42.491925808541)