Iowa DOT Case Number,Law Enforcement Case Number,Date of Crash,Month of Crash,Day of Week,Time of Crash,Hour,DOT District,City Name,County Name,Route with System,Location Description,First Harmful Event,Location of First Harmful Event,Manner of Crash/Collision,Major Cause,Drug or Alcohol ,Environmental Conditions,Light Conditions,Surface Conditions,Weather Conditions,Roadway Contribution,Roadway Type,Roadway Surface,Work Zone,Crash Severity,Number of Fatalities,Number of Injuries,Number of Major Injuries,Number of Minor Injuries,Number of Possible Injuries,Number of Unknown Injuries,Amount of Property Damage,Number of Vehicles Involved,Total Number of Occupants,Travel Direction,Location
2014815006,14-004013,08/29/2014,08-August,6-Friday,17:20,1700 Hours,District 1 (Central),AMES,STORY,US 69,US 69/GRAND AVE & 13TH ST,Collision with:  Vehicle in traffic,On Roadway,Rear-end (front to rear),Followed too close,None Indicated,,Daylight,Wet,Rain,"Surface condition (e.g., wet, icy)",Intersection:  Four-way intersection,Paved,,Possible/Unknown,0,1,0,0,0,1,2500,2,2,,POINT (-93.620395496879 42.034528005687)
2014814317,1408291-A,08/29/2014,08-August,6-Friday,08:43,0800 Hours,District 4 (Southwest),RED OAK,MONTGOMERY,,COOLBAUGH ST,Collision with:  Vehicle in traffic,On Roadway,Rear-end (front to rear),Other (explain in narrative):  Other,None Indicated,,Daylight,Dry,Cloudy,None apparent,Non-intersection:  Non-junction/no special feature,Paved,,Property Damage Only,0,0,0,0,0,0,11000,2,1,,POINT (-95.222926418789 41.008889617746)
2014815704,14-8978,08/29/2014,08-August,6-Friday,17:00,1700 Hours,District 3 (Northwest),CARROLL,CARROLL,US 71,US 71,Collision with:  Vehicle in traffic,On Roadway,Rear-end (front to rear),Followed too close,None Indicated,,Daylight,Dry,Cloudy,None apparent,Non-intersection:  Non-junction/no special feature,Paved,,Property Damage Only,0,0,0,0,0,0,2000,2,3,,POINT (-94.87858560552 42.077891712275)
2014814527,20140025393,08/29/2014,08-August,6-Friday,15:08,1500 Hours,District 1 (Central),DES MOINES,POLK,US 6,US 6/EUCLID AVE & 3RD ST,Collision with:  Vehicle in traffic,On Roadway,Rear-end (front to rear),Driving too fast for conditions,None Indicated,,Daylight,Dry,Cloudy,None apparent,Non-intersection:  Non-junction/no special feature,Paved,,Property Damage Only,0,0,0,0,0,0,5500,2,2,,POINT (-93.621185605865 41.627719260091)
2014818130,2014050687,08/29/2014,08-August,6-Friday,17:20,1700 Hours,District 1 (Central),ANKENY,POLK,I-35,I-35,Collision with:  Vehicle in traffic,On Roadway,Rear-end (front to rear),Followed too close,None Indicated,,Daylight,Wet,Rain,None apparent,Non-intersection:  Non-junction/no special feature,Paved,,Property Damage Only,0,0,0,0,0,0,9000,2,3,,POINT (-93.576223179593 41.665008934094)
2014814597,14-2644,08/29/2014,08-August,6-Friday,08:40,0800 Hours,District 1 (Central),FORT DODGE,WEBSTER,,5TH AVE S,Collision with:  Vehicle in traffic,On Roadway,Rear-end (front to rear),Other (explain in narrative):  Other,None Indicated,,Daylight,Dry,Clear,None apparent,Non-intersection:  Non-junction/no special feature,Paved,,Property Damage Only,0,0,0,0,0,0,4500,3,4,,POINT (-94.16894967452 42.501089090287)
2014814970,14-16792,08/29/2014,08-August,6-Friday,21:45,2100 Hours,District 6 (East Central),BETTENDORF,SCOTT,,VALLEY DR,Collision with fixed object:  Ditch,On Roadway,Non-collision (single vehicle),Ran off road - right,Alcohol (Statutory),,Dark - roadway lighted,Wet,Rain,"Surface condition (e.g., wet, icy)",Non-intersection:  Non-junction/no special feature,Paved,,Major Injury,0,2,2,0,0,0,4000,1,2,,POINT (-90.435671199646 41.567276274094)
2014814705,20140025451,08/29/2014,08-August,6-Friday,21:55,2100 Hours,District 1 (Central),DES MOINES,POLK,,SE 6TH ST,Collision with:  Animal,On Roadway,Non-collision (single vehicle),Animal,None Indicated,,Dark - roadway lighted,Wet,Clear,None apparent,Non-intersection:  Other non-intersection (explain in narrative),Paved,,Property Damage Only,0,0,0,0,0,0,4000,1,1,,POINT (-93.605224070245 41.576886518009)
2014815097,2014050695,08/29/2014,08-August,6-Friday,18:05,1800 Hours,District 1 (Central),,HAMILTON,I-35,I-35,Collision with:  Vehicle in traffic,On Roadway,Rear-end (front to rear),Other (explain in narrative):  Disregarded Warning Sign,None Indicated,,Daylight,Wet,Cloudy,Work Zone (roadway-related),Non-intersection:  Non-junction/no special feature,Paved,Yes,Possible/Unknown,0,1,0,0,1,0,4000,2,2,,POINT (-93.570661764174 42.241239872316)
2014814838,14-011375,08/29/2014,08-August,6-Friday,20:11,2000 Hours,District 2 (Northeast),,FAYETTE,,Co Rd C24/KORNHILL RD,Collision with:  Animal,,,Animal,None Indicated,,,,,,,Paved,,Property Damage Only,0,0,0,0,0,0,2000,1,1,,POINT (-91.784794994004 42.817861239616)
2014814538,20140025436,08/29/2014,08-August,6-Friday,20:30,2000 Hours,District 1 (Central),DES MOINES,POLK,US 69,US 69/E 14TH ST & THOMPSON AVE,Collision with:  Vehicle in traffic,Shoulder,Broadside (front to side),Unknown,None Indicated,,Dark - roadway lighted,Wet,Rain,None apparent,Intersection:  Four-way intersection,Paved,,Property Damage Only,0,0,0,0,0,0,6200,2,2,,POINT (-93.600570483449 41.613201111536)
2014814692,14-006042,08/29/2014,08-August,6-Friday,23:30,2300 Hours,District 3 (Northwest),SOLDIER,MONONA,,POPLAR AVE,Non-collision events:  Overturn/rollover,Shoulder,Non-collision (single vehicle),Ran off road - right,None Indicated,,Dark - unknown roadway lighting,"Mud, dirt",Rain,"Surface condition (e.g., wet, icy)",Non-intersection:  Non-junction/no special feature,Unpaved,,Possible/Unknown,0,1,0,0,1,0,9000,1,1,,POINT (-95.81810081961 42.054216717031)
2014814803,14-28359,08/29/2014,08-August,6-Friday,12:25,1200 Hours,District 3 (Northwest),SIOUX CITY,WOODBURY,,S LAKEPORT ST,Collision with:  Vehicle in traffic,On Roadway,Rear-end (front to rear),Followed too close,None Indicated,,Daylight,Wet,Rain,None apparent,Non-intersection:  Other non-intersection (explain in narrative),Paved,,Property Damage Only,0,0,0,0,0,0,5000,2,3,,POINT (-96.347135009111 42.444138230857)
2014814856,2014008951,08/29/2014,08-August,6-Friday,07:49,0700 Hours,District 1 (Central),MARSHALLTOWN,MARSHALL,,E BOONE ST & S 4TH AVE,Collision with:  Vehicle in traffic,On Roadway,Broadside (front to side),Ran Stop Sign,None Indicated,,Daylight,Dry,Clear,None apparent,Intersection:  Four-way intersection,Paved,,Minor Injury,0,1,0,1,0,0,17000,2,2,,POINT (-92.906414590763 42.045479340575)
2014816389,14014992,08/29/2014,08-August,6-Friday,12:07,1200 Hours,District 2 (Northeast),MASON CITY,CERRO GORDO,IA 122,IA 122/4TH ST SW,Collision with:  Vehicle in traffic,On Roadway,Broadside (front to side),FTYROW:  Making left turn,None Indicated,,Daylight,Dry,Cloudy,None apparent,Intersection:  Four-way intersection,Paved,,Property Damage Only,0,0,0,0,0,0,4000,2,3,,POINT (-93.242842358875 43.148344206456)
2014814827,2014009406,08/29/2014,08-August,6-Friday,11:38,1100 Hours,District 6 (East Central),IOWA CITY,JOHNSON,,MORMON TREK BLVD,Collision with:  Vehicle in traffic,On Roadway,Rear-end (front to rear),Followed too close,None Indicated,,Daylight,Dry,Clear,None apparent,Non-intersection:  Non-junction/no special feature,Paved,,Property Damage Only,0,0,0,0,0,0,2300,2,4,,POINT (-91.573892264884 41.658325930132)
2014814537,20140025432,08/29/2014,08-August,6-Friday,19:57,1900 Hours,District 1 (Central),DES MOINES,POLK,US 6,US 6/DOUGLAS AVE & BEAVER AVE,Collision with:  Vehicle in traffic,On Roadway,Rear-end (front to rear),Unknown,None Indicated,,Daylight,Wet,Rain,None apparent,Non-intersection:  Non-junction/no special feature,Paved,,Possible/Unknown,0,2,0,0,2,0,5500,2,4,,POINT (-93.678047310248 41.629478582552)
2014815831,K14-026822,08/29/2014,08-August,6-Friday,14:05,1400 Hours,District 5 (Southeast),KEOKUK,LEE,,EXCHANGE ST,Collision with fixed object:  Other fixed object (explain in narrative),Roadside,Non-collision (single vehicle),Unknown,None Indicated,,Daylight,Dry,Clear,None apparent,Non-intersection:  Non-junction/no special feature,Paved,,Property Damage Only,0,0,0,0,0,0,1600,1,1,,POINT (-91.386164242113 40.395215661201)
2014816347,14-13094,08/29/2014,08-August,6-Friday,07:51,0700 Hours,District 6 (East Central),MILES,JACKSON,,SECTION RD & WASHINGTON ST,Collision with:  Vehicle in traffic,On Roadway,Rear-end (front to rear),Other (explain in narrative):  Vision obstructed,None Indicated,,Daylight,Dry,Clear,None apparent,Non-intersection:  Alley,Paved,,Property Damage Only,0,0,0,0,0,0,4000,2,2,,POINT (-90.315135092542 42.048128565236)
2014814660,082914-160,08/29/2014,08-August,6-Friday,21:00,2100 Hours,District 3 (Northwest),,BUENA VISTA,,Co Rd M54/210TH AVE & 600TH ST,Collision with:  Animal,On Roadway,Non-collision (single vehicle),Animal,None Indicated,,Dark - roadway not lighted,Wet,Rain,None apparent,Non-intersection:  Non-junction/no special feature,Paved,,Property Damage Only,0,0,0,0,0,0,45000,1,1,,POINT (-94.99414263952 42.647156606177)
2014815056,2014009431,08/29/2014,08-August,6-Friday,20:28,2000 Hours,District 6 (East Central),IOWA CITY,JOHNSON,,E DAVENPORT ST & N DUBUQUE ST,Collision with:  Vehicle in traffic,On Roadway,Rear-end (front to rear),Other (explain in narrative):  Other,None Indicated,,Dark - roadway lighted,Dry,Cloudy,None apparent,Intersection:  Four-way intersection,Paved,,Property Damage Only,0,0,0,0,0,0,1600,2,4,,POINT (-91.533044328215 41.665782822113)
2014818146,2014050688,08/29/2014,08-August,6-Friday,17:29,1700 Hours,District 1 (Central),,POLK,I-35,I-35,Collision with:  Vehicle in traffic,On Roadway,Rear-end (front to rear),Followed too close,None Indicated,,Daylight,Wet,Rain,None apparent,Non-intersection:  Non-junction/no special feature,Paved,,Possible/Unknown,0,1,0,0,1,0,4500,2,2,,POINT (-93.575092404388 41.648621576427)
2014814640,CL14003064,08/29/2014,08-August,6-Friday,08:15,0800 Hours,District 6 (East Central),CLINTON,CLINTON,US 30,US 30/CAMANCHE AVE & 14TH AVE S,Collision with fixed object:  Utility pole/light support,Outside trafficway,Non-collision (single vehicle),"Operating vehicle in an reckless, erratic, careless, negligent manner",None Indicated,,Daylight,Dry,Clear,None apparent,Non-intersection:  Driveway access (within),Paved,,Property Damage Only,0,0,0,0,0,0,14000,1,1,,POINT (-90.200971781747 41.830606542752)
2014815739,14-007532,08/29/2014,08-August,6-Friday,14:55,1400 Hours,District 4 (Southwest),ATLANTIC,CASS,US 71,US 71/WHITNEY ST,Collision with:  Vehicle in traffic,On Roadway,"Angle, oncoming left turn",FTYROW:  From stop sign,None Indicated,,Daylight,Dry,Cloudy,None apparent,Intersection:  T-intersection,Paved,,Property Damage Only,0,0,0,0,0,0,3200,2,2,,POINT (-94.984119375314 41.401891789752)
2014815230,01-14-037227,08/29/2014,08-August,6-Friday,16:17,1600 Hours,District 6 (East Central),DUBUQUE,DUBUQUE,,FOOTHILL CT,Collision with:  Vehicle in traffic,On Roadway,"Angle, oncoming left turn",FTYROW:  From driveway,None Indicated,,Daylight,Dry,Clear,None apparent,Non-intersection:  Driveway access (within),Paved,,Property Damage Only,0,0,0,0,0,0,5000,2,3,,POINT (-90.720131447212 42.5081608721)
2014815094,2014050677,08/29/2014,08-August,6-Friday,16:50,1600 Hours,District 1 (Central),,HAMILTON,I-35,I-35,Collision with:  Vehicle in traffic,On Roadway,Rear-end (front to rear),Other (explain in narrative):  Disregarded Warning Sign,None Indicated,,Daylight,Dry,Cloudy,Work Zone (roadway-related),Non-intersection:  Non-junction/no special feature,Paved,Yes,Property Damage Only,0,0,0,0,0,0,6000,2,2,,POINT (-93.570454732213 42.296268789812)
2014814809,14-28447,08/29/2014,08-August,6-Friday,23:45,2300 Hours,District 3 (Northwest),SIOUX CITY,WOODBURY,,25TH ST,Collision with:  Parked motor vehicle,On Roadway,Broadside (front to side),Lost Control,None Indicated,,Dark - roadway lighted,Dry,Clear,None apparent,Non-intersection:  Non-junction/no special feature,Paved,,Property Damage Only,0,0,0,0,0,0,4000,2,1,,POINT (-96.38688437702 42.515662732009)
2014814478,W14-086948,08/29/2014,08-August,6-Friday,06:13,0600 Hours,District 2 (Northeast),WATERLOO,BLACK HAWK,I-380,I-380 & US 20,Unknown,On Roadway,"Sideswipe, same direction",Crossed centerline (undivided),None Indicated,,Daylight,Wet,Clear,None apparent,Non-intersection:  Non-junction/no special feature,Paved,,Property Damage Only,0,0,0,0,0,0,1500,2,2,,POINT (-92.319647213127 42.452914531264)
2014814802,14-28358,08/29/2014,08-August,6-Friday,12:23,1200 Hours,District 3 (Northwest),SIOUX CITY,WOODBURY,I-29,I-29,Collision with:  Vehicle in traffic,On Roadway,Rear-end (front to rear),Followed too close,None Indicated,,Daylight,Wet,Rain,Work Zone (roadway-related),Non-intersection:  Non-junction/no special feature,Paved,Yes,Property Damage Only,0,0,0,0,0,0,1500,2,5,,POINT (-96.39733848058 42.487799232767)
2014816517,2014050723,08/29/2014,08-August,6-Friday,20:55,2000 Hours,District 4 (Southwest),ADAIR,ADAIR,I-80,I-80,Collision with:  Vehicle in traffic,On Roadway,Rear-end (front to rear),Crossed centerline (undivided),None Indicated,,Dark - roadway not lighted,Wet,Cloudy,None apparent,Non-intersection:  Non-junction/no special feature,Paved,,Property Damage Only,0,0,0,0,0,0,2500,2,5,,POINT (-94.652115688254 41.493175014645)
2014815539,14-150829-01,08/29/2014,08-August,6-Friday,18:44,1800 Hours,District 6 (East Central),NORTH ENGLISH,IOWA,,CLARK ST,Collision with:  Vehicle in traffic,On Roadway,Rear-end (front to rear),Improper Backing,None Indicated,,Daylight,Wet,Rain,None apparent,Non-intersection:  Non-junction/no special feature,Paved,,Property Damage Only,0,0,0,0,0,0,1500,2,5,,POINT (-92.076317192756 41.513943213632)
2014814559,14-4288,08/29/2014,08-August,6-Friday,17:07,1700 Hours,District 1 (Central),WEST DES MOINES,POLK,,WESTOWN PKWY,Collision with:  Vehicle in traffic,On Roadway,"Angle, oncoming left turn",FTYROW:  Making left turn,None Indicated,,Daylight,Wet,Rain,None apparent,Non-intersection:  Driveway access (within),Paved,,Property Damage Only,0,0,0,0,0,0,3300,2,2,,POINT (-93.737367316591 41.59700275077)
2014819343,1408-060,08/29/2014,08-August,6-Friday,13:00,1300 Hours,District 3 (Northwest),SIBLEY,OSCEOLA,,2ND AVE & 9TH ST W,Collision with:  Vehicle in traffic,On Roadway,Broadside (front to side),FTYROW:  From stop sign,None Indicated,,Daylight,Wet,Rain,None apparent,Intersection:  Four-way intersection,Paved,,Property Damage Only,0,0,0,0,0,0,2000,2,3,,POINT (-95.751870318958 43.399413791428)
2014814601,14-036603,08/29/2014,08-August,6-Friday,16:45,1600 Hours,District 4 (Southwest),COUNCIL BLUFFS,POTTAWATTAMIE,US 6,US 6/W BROADWAY & N 18TH ST,Collision with:  Vehicle in traffic,On Roadway,Rear-end (front to rear),Followed too close,None Indicated,,Daylight,Wet,Rain,None apparent,Intersection:  Four-way intersection,Paved,,Property Damage Only,0,0,0,0,0,0,3500,2,2,,POINT (-95.870812690084 41.261842356007)
2014815773,2014050513,08/29/2014,08-August,6-Friday,06:55,0600 Hours,District 4 (Southwest),,CASS,I-80,I-80,Collision with:  Animal,,,Animal,None Indicated,,,,,,,Paved,,Property Damage Only,0,0,0,0,0,0,4500,1,1,,POINT (-94.783399114641 41.496248667608)
2014815083,14007847,08/29/2014,08-August,6-Friday,15:40,1500 Hours,District 6 (East Central),HAZLETON,BUCHANAN,IA 150,IA 150/MAIN ST & SUFFICOOL ST,Collision with:  Vehicle in traffic,On Roadway,Rear-end (front to rear),Other (explain in narrative):  Other,None Indicated,,Daylight,Dry,Cloudy,None apparent,Intersection:  Four-way intersection,Paved,,Property Damage Only,0,0,0,0,0,0,6500,2,2,,POINT (-91.905517717551 42.61560183051)
2014814377,14-036532,08/29/2014,08-August,6-Friday,05:15,0500 Hours,District 4 (Southwest),COUNCIL BLUFFS,POTTAWATTAMIE,I-29,I-29,Collision with:  Vehicle in traffic,On Roadway,"Sideswipe, same direction",FTYROW:  Other (explain in narrative),None Indicated,,Dark - roadway lighted,Wet,Clear,None apparent,Non-intersection:  Non-junction/no special feature,Paved,,Possible/Unknown,0,1,0,0,1,0,10400,2,2,,POINT (-95.849752403217 41.232077538671)
2014814614,CL14003072,08/29/2014,08-August,6-Friday,19:41,1900 Hours,District 6 (East Central),CLINTON,CLINTON,,6TH AVE S & S 5TH ST,Collision with:  Vehicle in traffic,On Roadway,Broadside (front to side),Ran Stop Sign,None Indicated,,Dusk,Dry,Cloudy,None apparent,Intersection:  Four-way intersection,Paved,,Property Damage Only,0,0,0,0,0,0,3000,2,6,,POINT (-90.19573222297 41.840015704279)
2014814862,14-0036532,08/29/2014,08-August,6-Friday,14:49,1400 Hours,District 5 (Southeast),MUSCATINE,MUSCATINE,IA 22,IA 22/PARK AVE/WASHINGTON ST & IA 38,Collision with:  Vehicle in traffic,On Roadway,Rear-end (front to rear),Followed too close,None Indicated,,Daylight,Dry,Clear,None apparent,Intersection:  Four-way intersection,Paved,,Possible/Unknown,0,1,0,0,1,0,2100,2,2,,POINT (-91.030793303088 41.435302503603)
2014815088,2014050620,08/29/2014,08-August,6-Friday,13:21,1300 Hours,District 2 (Northeast),,WORTH,I-35,I-35,Non-collision events:  Overturn/rollover,Shoulder,Non-collision (single vehicle),Swerving/Evasive Action,None Indicated,,Daylight,Dry,Cloudy,None apparent,Non-intersection:  Non-junction/no special feature,Paved,,Minor Injury,0,1,0,1,0,0,10000,1,1,,POINT (-93.350915808631 43.47129259708)
2014814529,20140025401,08/29/2014,08-August,6-Friday,15:03,1500 Hours,District 1 (Central),DES MOINES,POLK,,E 25TH ST,Collision with:  Vehicle in traffic,On Roadway,Broadside (front to side),"Operating vehicle in an reckless, erratic, careless, negligent manner",None Indicated,,Daylight,Wet,Cloudy,None apparent,Intersection:  T-intersection,Paved,,Property Damage Only,0,0,0,0,0,0,1500,2,2,,POINT (-93.57083900544 41.626593189939)
2014817352,14003997,08/29/2014,08-August,6-Friday,00:56,0000 Hours,District 1 (Central),AMES,STORY,US 30,US 30/NE RAMP CURV,Non-collision events:  Other non-collision (explain in narrative),On Roadway,Non-collision (single vehicle),Driving too fast for conditions,None Indicated,,Dark - roadway lighted,Wet,Rain,"Surface condition (e.g., wet, icy)",Non-intersection:  Non-junction/no special feature,Paved,,Property Damage Only,0,0,0,0,0,0,1500,1,1,,POINT (-93.676732841538 42.008594983664)
2014814535,20140025418,08/29/2014,08-August,6-Friday,17:35,1700 Hours,District 1 (Central),DES MOINES,POLK,,CLEVELAND AVE & E 17TH ST,Collision with:  Vehicle in traffic,Shoulder,Broadside (front to side),FTYROW:  From stop sign,None Indicated,,Daylight,Wet,Cloudy,None apparent,Intersection:  Four-way intersection,Paved,,Property Damage Only,0,0,0,0,0,0,10600,2,4,,POINT (-93.591517702393 41.6049794159)
2014819237,,08/29/2014,08-August,6-Friday,16:45,1600 Hours,District 1 (Central),DES MOINES,POLK,US 69,US 69/SE 14TH ST & E WATROUS AVE,,On Roadway,"Sideswipe, same direction",Unknown,None Indicated,,Daylight,Dry,Clear,,Non-intersection:  Driveway access (within),Paved,,Possible/Unknown,0,1,0,0,1,0,0,2,3,,POINT (-93.596837977403 41.548079984926)
2014815070,1407161,08/30/2014,08-August,7-Saturday,10:12,1000 Hours,District 5 (Southeast),WASHINGTON,WASHINGTON,,W WASHINGTON ST & S MARION AVE,Collision with:  Vehicle in traffic,On Roadway,Rear-end (front to rear),FTYROW:  From parked position,None Indicated,,Daylight,Dry,Clear,None apparent,Non-intersection:  Non-junction/no special feature,Paved,,Property Damage Only,0,0,0,0,0,0,7000,2,2,,POINT (-91.693007709183 41.298436742239)
2014814626,14-18005,08/30/2014,08-August,7-Saturday,20:30,2000 Hours,District 6 (East Central),LE CLAIRE,SCOTT,US 67,US 67/CODY RD,Non-collision events:  Other non-collision (explain in narrative),On Roadway,Non-collision (single vehicle),Ran off road - right,None Indicated,,Dark - roadway not lighted,Dry,Clear,None apparent,Non-intersection:  Non-junction/no special feature,Paved,,Minor Injury,0,1,0,1,0,0,7000,1,1,,POINT (-90.392377347413 41.582810328874)
2014814643,14-036738,08/30/2014,08-August,7-Saturday,13:44,1300 Hours,District 4 (Southwest),COUNCIL BLUFFS,POTTAWATTAMIE,I-29,I-29,Collision with fixed object:  Ditch,Shoulder,Non-collision (single vehicle),Ran off road - right,None Indicated,,Daylight,Dry,Clear,None apparent,Non-intersection:  Non-junction/no special feature,Paved,,Fatal,1,0,0,0,0,0,3500,1,1,,POINT (-95.867858429176 41.285413553838)
2014815882,2014-61099,08/30/2014,08-August,7-Saturday,17:05,1700 Hours,District 6 (East Central),DAVENPORT,SCOTT,,IA 461/WELCOME WAY & W 46TH ST & E 46TH ST,Collision with:  Vehicle in traffic,On Roadway,"Sideswipe, same direction",FTYROW:  Making left turn,None Indicated,,Daylight,Dry,Clear,None apparent,Intersection:  Four-way intersection,Paved,,Property Damage Only,0,0,0,0,0,0,5000,2,3,,POINT (-90.570270941351 41.567364126847)
2014814503,201412796,08/30/2014,08-August,7-Saturday,01:01,0100 Hours,District 6 (East Central),CEDAR RAPIDS,LINN,,C AVE NW & 24TH ST NW,Collision with:  Parked motor vehicle,On Roadway,Rear-end (front to rear),Ran off road - right,Refused,,Dark - roadway lighted,Dry,Cloudy,None apparent,Non-intersection:  Non-junction/no special feature,Paved,,Property Damage Only,0,0,0,0,0,0,10000,3,1,,POINT (-91.705910785004 41.975780201951)
2014814620,2014009501,08/30/2014,08-August,7-Saturday,14:50,1400 Hours,District 6 (East Central),IOWA CITY,JOHNSON,,JENSEN CT,Collision with:  Vehicle in traffic,On Roadway,Rear-end (front to rear),Improper Backing,None Indicated,,Daylight,Dry,Clear,None apparent,Non-intersection:  Non-junction/no special feature,Paved,,Property Damage Only,0,0,0,0,0,0,2000,2,1,,POINT (-91.578469621521 41.648430034124)
2014817072,,08/30/2014,08-August,7-Saturday,18:57,1800 Hours,District 2 (Northeast),GARNER,HANCOCK,,W 8TH ST,Collision with:  Parked motor vehicle,On Roadway,Rear-end (front to rear),Other (explain in narrative):  Vision obstructed,None Indicated,,Daylight,Dry,Clear,None apparent,Non-intersection:  Non-junction/no special feature,Paved,,Property Damage Only,0,0,0,0,0,0,8000,2,2,,POINT (-93.608584135112 43.097807845335)
2014814841,14087353,08/30/2014,08-August,7-Saturday,07:01,0700 Hours,District 2 (Northeast),CEDAR FALLS,BLACK HAWK,,HOLIDAY RD,Collision with:  Vehicle in traffic,On Roadway,Rear-end (front to rear),Other (explain in narrative):  Other,None Indicated,,Daylight,Dry,Cloudy,None apparent,Intersection:  Four-way intersection,Paved,,Possible/Unknown,0,2,0,0,2,0,3000,2,2,,POINT (-92.43329839813 42.51313360839)
2014814641,CL14003087,08/30/2014,08-August,7-Saturday,14:35,1400 Hours,District 6 (East Central),CLINTON,CLINTON,US 30,US 30/LINCOLN WAY & S 17TH ST,Collision with:  Vehicle in traffic,On Roadway,Rear-end (front to rear),Other (explain in narrative):  Other,None Indicated,,Daylight,Dry,Clear,None apparent,Intersection:  Four-way intersection,Paved,,Property Damage Only,0,0,0,0,0,0,7500,2,2,,POINT (-90.226906363862 41.816160435162)
2014814644,14-036750,08/30/2014,08-August,7-Saturday,17:02,1700 Hours,District 4 (Southwest),COUNCIL BLUFFS,POTTAWATTAMIE,,5TH AVE & S 8TH ST,Collision with:  Vehicle in traffic,On Roadway,Broadside (front to side),Ran Stop Sign,None Indicated,,Daylight,Dry,Clear,None apparent,Intersection:  Four-way intersection,Paved,,Property Damage Only,0,0,0,0,0,0,3200,2,2,,POINT (-95.856089726403 41.257048184653)
2014815011,14-4022,08/30/2014,08-August,7-Saturday,00:00,0000 Hours,District 1 (Central),AMES,STORY,,WEST ST & CAMPUS AVE,Collision with:  Parked motor vehicle,On Roadway,"Sideswipe, same direction",Other (explain in narrative):  No improper action,None Indicated,,Dark - roadway lighted,Dry,Clear,None apparent,Non-intersection:  Non-junction/no special feature,Paved,,Property Damage Only,0,0,0,0,0,0,5000,2,1,,POINT (-93.657087910049 42.02532625755)
2014816186,14-30915,08/30/2014,08-August,7-Saturday,20:24,2000 Hours,District 5 (Southeast),BURLINGTON,DES MOINES,,SUNNYSIDE AVE & BITTERSWEET PL,Collision with fixed object:  Curb/island/raised median,On Roadway,Non-collision (single vehicle),Lost Control,None Indicated,,Dusk,Dry,Clear,None apparent,Non-intersection:  Non-junction/no special feature,Paved,,Major Injury,0,1,1,0,0,0,16000,1,1,,POINT (-91.122907798015 40.833115038654)
2014815231,01-14-037376,08/30/2014,08-August,7-Saturday,21:49,2100 Hours,District 6 (East Central),DUBUQUE,DUBUQUE,IA 32,IA 32/IA32 NW ARTERIAL,Collision with:  Animal,On Roadway,Non-collision (single vehicle),Animal,None Indicated,,Dark - roadway lighted,Dry,Clear,None apparent,Non-intersection:  Non-junction/no special feature,Paved,,Property Damage Only,0,0,0,0,0,0,1500,1,15,,POINT (-90.739102027049 42.48869829453)
2014814675,SO1403577,08/30/2014,08-August,7-Saturday,18:39,1800 Hours,District 5 (Southeast),,JEFFERSON,,OASIS BLVD,Collision with:  Animal,On Roadway,Non-collision (single vehicle),Animal,None Indicated,,Daylight,Dry,Clear,None apparent,Non-intersection:  Non-junction/no special feature,Unpaved,,Property Damage Only,0,0,0,0,0,0,2500,1,1,,POINT (-91.894822968712 40.934401426826)
2014814523,14-003711,08/30/2014,08-August,7-Saturday,13:00,1300 Hours,District 1 (Central),ANKENY,POLK,I-35,I-35,Collision with fixed object:  Guardrail - face,Median,Non-collision (single vehicle),Crossed centerline (undivided),None Indicated,,Daylight,Dry,Clear,None apparent,Non-intersection:  Non-junction/no special feature,Paved,,Property Damage Only,0,0,0,0,0,0,8000,1,1,,POINT (-93.577818866936 41.74131792245)
2014815100,2014050803,08/30/2014,08-August,7-Saturday,14:32,1400 Hours,District 2 (Northeast),,FRANKLIN,I-35,I-35,Collision with fixed object:  Guardrail - face,Median,Non-collision (single vehicle),Ran off road - left,None Indicated,,Daylight,Dry,Clear,None apparent,Non-intersection:  Non-junction/no special feature,Paved,,Possible/Unknown,0,1,0,0,1,0,14294,1,1,,POINT (-93.353970842166 42.810713929569)
2014814591,2014-61042,08/30/2014,08-August,7-Saturday,09:03,0900 Hours,District 6 (East Central),DAVENPORT,SCOTT,,MIDDLE RD & KENWOOD AVE,Collision with fixed object:  Other fixed object (explain in narrative),On Roadway,Non-collision (single vehicle),"Operating vehicle in an reckless, erratic, careless, negligent manner",None Indicated,,Daylight,Wet,Cloudy,None apparent,Non-intersection:  Non-junction/no special feature,Paved,,Property Damage Only,0,0,0,0,0,0,4500,1,1,,POINT (-90.53561091935 41.536490783426)
2014814517,14-5724,08/30/2014,08-August,7-Saturday,09:15,0900 Hours,District 1 (Central),URBANDALE,POLK,I-35,I-35 & IA 28/MERLE HAY RD,Collision with:  Vehicle in traffic,On Roadway,Rear-end (front to rear),Followed too close,None Indicated,,Daylight,Dry,Cloudy,None apparent,Intersection:  Four-way intersection,Paved,,Property Damage Only,0,0,0,0,0,0,6000,2,2,,POINT (-93.697671017511 41.651293576711)