Iowa DOT Case Number,Law Enforcement Case Number,Date of Crash,Month of Crash,Day of Week,Time of Crash,Hour,DOT District,City Name,County Name,Route with System,Location Description,First Harmful Event,Location of First Harmful Event,Manner of Crash/Collision,Major Cause,Drug or Alcohol ,Environmental Conditions,Light Conditions,Surface Conditions,Weather Conditions,Roadway Contribution,Roadway Type,Roadway Surface,Work Zone,Crash Severity,Number of Fatalities,Number of Injuries,Number of Major Injuries,Number of Minor Injuries,Number of Possible Injuries,Number of Unknown Injuries,Amount of Property Damage,Number of Vehicles Involved,Total Number of Occupants,Travel Direction,Location
2014814623,14-036704,08/30/2014,08-August,7-Saturday,07:53,0700 Hours,District 4 (Southwest),COUNCIL BLUFFS,POTTAWATTAMIE,,STATE ORCHARD RD,Non-collision events:  Overturn/rollover,Shoulder,Non-collision (single vehicle),Ran off road - right,None Indicated,,Daylight,Dry,Clear,None apparent,Non-intersection:  Non-junction/no special feature,Paved,,Minor Injury,0,1,0,1,0,0,3500,1,1,,POINT (-95.784557952243 41.249056834506)
2014814712,20140025493,08/30/2014,08-August,7-Saturday,09:27,0900 Hours,District 1 (Central),DES MOINES,POLK,,PENNSYLVANIA AVE,Collision with:  Vehicle in traffic,On Roadway,Rear-end (front to rear),Unknown,None Indicated,,Daylight,Dry,Cloudy,None apparent,Intersection:  Four-way intersection,Paved,,Possible/Unknown,0,1,0,0,1,0,300,2,5,,POINT (-93.608840136867 41.600448416919)
2014815340,,08/30/2014,08-August,7-Saturday,20:54,2000 Hours,District 5 (Southeast),,LUCAS,US 34,US 34,Collision with:  Animal,On Roadway,Non-collision (single vehicle),Animal,None Indicated,,Dark - roadway not lighted,Dry,Clear,None apparent,Non-intersection:  Non-junction/no special feature,Paved,,Property Damage Only,0,0,0,0,0,0,3000,1,1,,POINT (-93.136146596544 41.000801851635)
2014814510,14018503,08/30/2014,08-August,7-Saturday,20:30,2000 Hours,District 6 (East Central),MARION,LINN,,29TH AVE & 35TH ST,Collision with:  Non-motorist (see non-motorist section - NOT a unit),On Roadway,Non-collision (single vehicle),Ran Stop Sign,None Indicated,,Dark - roadway lighted,Dry,Cloudy,None apparent,Intersection:  Four-way intersection,Paved,,Possible/Unknown,0,1,0,0,1,0,200,1,1,,POINT (-91.574495059997 42.050399108057)
2014815049,14-22854,08/30/2014,08-August,7-Saturday,22:45,2200 Hours,District 1 (Central),SULLY,JASPER,,Co Rd F62/HWY T-14 S/HWY F-62 E & Co Rd T14,Collision with fixed object:  Ditch,On Roadway,Non-collision (single vehicle),Ran Stop Sign,None Indicated,,Dark - roadway not lighted,Dry,"Fog, smoke, smog",None apparent,Intersection:  T-intersection,Paved,,Property Damage Only,0,0,0,0,0,0,8000,1,4,,POINT (-92.948925461759 41.573487011463)
2014815818,14-014871,08/30/2014,08-August,7-Saturday,11:27,1100 Hours,District 5 (Southeast),,HENRY,,249TH ST & IOWA AVE & E HARVEST DR,Collision with:  Vehicle in traffic,On Roadway,Broadside (front to side),Ran Stop Sign,None Indicated,,Daylight,Dry,Clear,None apparent,Intersection:  Four-way intersection,Paved,,Property Damage Only,0,0,0,0,0,0,30400,2,2,,POINT (-91.55455101155 40.946806743938)
2014814758,2014-61148,08/30/2014,08-August,7-Saturday,21:32,2100 Hours,District 6 (East Central),DAVENPORT,SCOTT,,E 53RD ST & UTICA RIDGE RD,Collision with:  Vehicle in traffic,On Roadway,Rear-end (front to rear),Other (explain in narrative):  Other,None Indicated,,Dark - roadway lighted,Dry,Clear,None apparent,Intersection:  Four-way intersection,Paved,,Property Damage Only,0,0,0,0,0,0,2500,2,2,,POINT (-90.513411415293 41.574947005619)
2014815318,2014050776,08/30/2014,08-August,7-Saturday,00:00,0000 Hours,District 1 (Central),,POLK,I-35,I-35,Collision with:  Parked motor vehicle,Shoulder,"Sideswipe, same direction",Unknown,None Indicated,,Dark - roadway not lighted,Unknown,Unknown,Unknown,Non-intersection:  Non-junction/no special feature,Paved,,Property Damage Only,0,0,0,0,0,0,4000,2,1,,POINT (-93.571184236156 41.855604053492)
2014814491,1402352,08/30/2014,08-August,7-Saturday,10:24,1000 Hours,District 5 (Southeast),BLOOMFIELD,DAVIS,US 63,US 63,Collision with:  Vehicle in traffic,On Roadway,Rear-end (front to rear),Followed too close,None Indicated,,Daylight,Dry,Clear,None apparent,Non-intersection:  Driveway access (within),Paved,,Property Damage Only,0,0,0,0,0,0,42000,2,7,,POINT (-92.406751241078 40.763733161569)
2014818131,2014050780,08/30/2014,08-August,7-Saturday,11:30,1100 Hours,District 1 (Central),MITCHELLVILLE,POLK,I-80,I-80,Collision with:  Vehicle in traffic,On Roadway,Rear-end (front to rear),Separation of units,None Indicated,,Daylight,Dry,Cloudy,None apparent,Non-intersection:  Non-junction/no special feature,Paved,,Property Damage Only,0,0,0,0,0,0,6000,2,2,,POINT (-93.388209815057 41.680434371657)
2014814624,S14-087452,08/30/2014,08-August,7-Saturday,15:37,1500 Hours,District 2 (Northeast),DUNKERTON,BLACK HAWK,,Co Rd C57/E CEDAR-WAPSI RD,Non-collision events:  Overturn/rollover,Shoulder,Non-collision (single vehicle),Swerving/Evasive Action,None Indicated,,Daylight,Dry,Cloudy,"Shoulders (none, low, soft, high)",Non-intersection:  Non-junction/no special feature,Paved,,Minor Injury,0,2,0,2,0,0,10000,1,3,,POINT (-92.17061731116 42.613487099105)
2014814647,14-036737,08/30/2014,08-August,7-Saturday,13:35,1300 Hours,District 4 (Southwest),COUNCIL BLUFFS,POTTAWATTAMIE,,CREEK TOP & N 8TH ST,Collision with:  Vehicle in traffic,On Roadway,Rear-end (front to rear),Followed too close,None Indicated,,Daylight,Dry,Clear,None apparent,Non-intersection:  Non-junction/no special feature,Paved,,Possible/Unknown,0,1,0,0,1,0,2500,3,6,,POINT (-95.856042233686 41.262255038561)
2014815245,01-14-37254,08/30/2014,08-August,7-Saturday,11:51,1100 Hours,District 6 (East Central),DUBUQUE,DUBUQUE,US 52,US 52/CENTRAL AVE,Collision with:  Vehicle in traffic,On Roadway,Rear-end (front to rear),Lost Control,None Indicated,,Daylight,Dry,Clear,None apparent,Non-intersection:  Non-junction/no special feature,Paved,,Property Damage Only,0,0,0,0,0,0,9000,2,2,,POINT (-90.671836036573 42.514393594921)
2014826623,14-020272,08/30/2014,08-August,7-Saturday,07:31,0700 Hours,District 5 (Southeast),,MAHASKA,IA 92,IA 92/IOWA 92,Collision with:  Vehicle in traffic,On Roadway,Rear-end (front to rear),Other (explain in narrative):  Other,None Indicated,,Daylight,Dry,Cloudy,None apparent,Non-intersection:  Non-junction/no special feature,Paved,,Property Damage Only,0,0,0,0,0,0,11000,2,7,,POINT (-92.529100559 41.307154812486)
2014814757,2014-16838,08/30/2014,08-August,7-Saturday,15:27,1500 Hours,District 6 (East Central),BETTENDORF,SCOTT,I-74,I-74,Collision with:  Vehicle in traffic,On Roadway,"Sideswipe, same direction",Swerving/Evasive Action,None Indicated,,Daylight,Dry,Cloudy,None apparent,Non-intersection:  Non-junction/no special feature,Paved,,Minor Injury,0,2,0,2,0,0,9000,2,2,,POINT (-90.521401156116 41.549496604482)
2014814709,20140025482,08/30/2014,08-August,7-Saturday,06:30,0600 Hours,District 1 (Central),DES MOINES,POLK,US 6,US 6/DOUGLAS AVE & BEAVER AVE,Collision with:  Vehicle in traffic,On Roadway,Rear-end (front to rear),Unknown,None Indicated,,Dark - roadway lighted,Wet,Cloudy,None apparent,Intersection:  Four-way intersection,Paved,,Minor Injury,0,1,0,1,0,0,2300,2,2,,POINT (-93.678047310248 41.629478582552)
2014814715,20140025504,08/30/2014,08-August,7-Saturday,10:50,1000 Hours,District 1 (Central),DES MOINES,POLK,,HUBBELL AVE,Collision with:  Vehicle in traffic,On Roadway,Unknown,FTYROW:  From driveway,None Indicated,,Daylight,Dry,Cloudy,None apparent,Non-intersection:  Driveway access (within),Paved,,Major Injury,0,1,1,0,0,0,3000,2,2,,POINT (-93.569309980592 41.609712244405)
2014814716,20140025516,08/30/2014,08-August,7-Saturday,13:10,1300 Hours,District 1 (Central),DES MOINES,POLK,,E LACONA AVE & SE 10TH ST,Collision with:  Vehicle in traffic,On Roadway,Broadside (front to side),Improper Backing,None Indicated,,Daylight,Dry,Cloudy,None apparent,Non-intersection:  Non-junction/no special feature,Paved,,Property Damage Only,0,0,0,0,0,0,3000,2,4,,POINT (-93.5993389466 41.564415237088)
2014814479,W14-087506,08/30/2014,08-August,7-Saturday,19:23,1900 Hours,District 2 (Northeast),WATERLOO,BLACK HAWK,US 63,US 63/E MULLAN AVE & CONGER ST & NEWELL ST,Collision with:  Vehicle in traffic,On Roadway,Rear-end (front to rear),"Operating vehicle in an reckless, erratic, careless, negligent manner",Alcohol (Statutory),,Dusk,Dry,Clear,None apparent,Intersection:  Four-way intersection,Paved,,Property Damage Only,0,0,0,0,0,0,1750,2,5,,POINT (-92.336681367021 42.513164462829)
2014814694,14-5722,08/30/2014,08-August,7-Saturday,06:25,0600 Hours,District 1 (Central),CARLISLE,POLK,US 65,US 65,Collision with:  Animal,On Roadway,Non-collision (single vehicle),Animal,None Indicated,,Dark - roadway not lighted,Dry,Clear,None apparent,Non-intersection:  Non-junction/no special feature,Paved,,Property Damage Only,0,0,0,0,0,0,9000,1,1,,POINT (-93.537951702629 41.511611516651)
2014814875,2014009509,08/30/2014,08-August,7-Saturday,16:49,1600 Hours,District 6 (East Central),IOWA CITY,JOHNSON,IA 1,IA 1/IOWA 1,Collision with:  Vehicle in traffic,On Roadway,Rear-end (front to rear),Followed too close,Alcohol (Statutory),,Daylight,Dry,Clear,None apparent,Non-intersection:  Non-junction/no special feature,Paved,,Property Damage Only,0,0,0,0,0,0,8000,2,2,,POINT (-91.541035966661 41.647519570918)
2014815254,02-14-12533,08/30/2014,08-August,7-Saturday,11:39,1100 Hours,District 6 (East Central),,DUBUQUE,,Co Rd Y21/SUNDOWN RD,Collision with:  Animal,On Roadway,Non-collision (single vehicle),Animal,None Indicated,,Daylight,Dry,Clear,None apparent,Non-intersection:  Non-junction/no special feature,Paved,,Minor Injury,0,1,0,1,0,0,4000,1,1,,POINT (-90.862215154767 42.372055349038)
2014814592,2014-61063,08/30/2014,08-August,7-Saturday,13:55,1300 Hours,District 6 (East Central),DAVENPORT,SCOTT,,W 3RD ST,Collision with:  Vehicle in traffic,On Roadway,"Sideswipe, same direction",Made improper turn,None Indicated,,Daylight,Dry,Clear,None apparent,Non-intersection:  Non-junction/no special feature,Paved,,Property Damage Only,0,0,0,0,0,0,4000,2,3,,POINT (-90.601499981771 41.522285569286)
2014814929,14-011694,08/30/2014,08-August,7-Saturday,11:50,1100 Hours,District 4 (Southwest),GLENWOOD,MILLS,,FAIRVIEW DR,Collision with:  Vehicle in traffic,On Roadway,Head-on (front to front),Traveling wrong way or on wrong side of road,None Indicated,,Daylight,Dry,Cloudy,None apparent,Non-intersection:  Non-junction/no special feature,Paved,,Property Damage Only,0,0,0,0,0,0,7000,2,3,,POINT (-95.737379602476 41.05256600745)
2014814735,20140025544,08/30/2014,08-August,7-Saturday,19:33,1900 Hours,District 1 (Central),DES MOINES,POLK,,E DOUGLAS AVE,Collision with fixed object:  Other fixed object (explain in narrative),Outside trafficway,Non-collision (single vehicle),Ran off road - right,None Indicated,,Daylight,Dry,Clear,None apparent,Non-intersection:  Non-junction/no special feature,Paved,,Property Damage Only,0,0,0,0,0,0,7000,1,2,,POINT (-93.544417988114 41.629612668627)
2014820699,2014-65-AC,08/30/2014,08-August,7-Saturday,22:56,2200 Hours,District 3 (Northwest),ARNOLDS PARK,DICKINSON,,190TH ST,Non-collision events:  Overturn/rollover,On Roadway,Non-collision (single vehicle),Swerving/Evasive Action,None Indicated,,Dark - roadway not lighted,Dry,Clear,None apparent,Non-intersection:  Non-junction/no special feature,Unpaved,,Minor Injury,0,1,0,1,0,0,9000,1,2,,POINT (-95.018754338878 43.37132289558)
2014815468,14-174,08/30/2014,08-August,7-Saturday,18:23,1800 Hours,District 2 (Northeast),WAVERLY,BREMER,,3RD ST SW,Collision with:  Vehicle in traffic,On Roadway,"Sideswipe, same direction",Crossed centerline (undivided),None Indicated,,Daylight,Dry,Clear,None apparent,Non-intersection:  Non-junction/no special feature,Paved,,Property Damage Only,0,0,0,0,0,0,4250,2,6,,POINT (-92.474439076796 42.725286862891)
2014817563,032-080-14,08/30/2014,08-August,7-Saturday,13:06,1300 Hours,District 3 (Northwest),ESTHERVILLE,EMMET,IA 4,IA 4/N 9TH ST,Collision with:  Vehicle in traffic,Outside trafficway,Broadside (front to side),Lost Control,None Indicated,,Daylight,Dry,Clear,None apparent,Non-intersection:  Non-junction/no special feature,Paved,,Property Damage Only,0,0,0,0,0,0,7700,2,1,,POINT (-94.831108840604 43.412831226459)
2014815101,2014050812,08/30/2014,08-August,7-Saturday,16:25,1600 Hours,District 1 (Central),,HAMILTON,I-35,I-35,Collision with:  Vehicle in traffic,On Roadway,Rear-end (front to rear),Other (explain in narrative):  Disregarded Warning Sign,None Indicated,,Daylight,Dry,Cloudy,Work Zone (roadway-related),Non-intersection:  Non-junction/no special feature,Paved,Yes,Possible/Unknown,0,1,0,0,1,0,8000,2,3,,POINT (-93.57016474207 42.300431075565)
2014814676,SO1403578,08/30/2014,08-August,7-Saturday,19:28,1900 Hours,District 5 (Southeast),,JEFFERSON,,OLD HWY 34,Collision with fixed object:  Other fixed object (explain in narrative),On Roadway,Non-collision (single vehicle),Ran off road - straight,None Indicated,,Daylight,Dry,Clear,None apparent,Non-intersection:  Non-junction/no special feature,Paved,,Property Damage Only,0,0,0,0,0,0,3500,1,2,,POINT (-92.069227372079 41.0125822463)
2014814613,2014009486,08/30/2014,08-August,7-Saturday,09:25,0900 Hours,District 6 (East Central),IOWA CITY,JOHNSON,,WYLDE GREEN RD,Collision with:  Vehicle in traffic,On Roadway,"Sideswipe, same direction",Over correcting/over steering,None Indicated,,Daylight,Dry,Cloudy,None apparent,Non-intersection:  Non-junction/no special feature,Paved,,Property Damage Only,0,0,0,0,0,0,2000,2,2,,POINT (-91.558226131554 41.649925188548)
2014816092,14011710,08/30/2014,08-August,7-Saturday,17:30,1700 Hours,District 4 (Southwest),,MILLS,,Co Rd H34/JAMISON RD,Collision with fixed object:  Ditch,On Roadway,Non-collision (single vehicle),Other (explain in narrative):  Other,None Indicated,,Daylight,Dry,Clear,None apparent,Non-intersection:  Non-junction/no special feature,Paved,,Major Injury,0,2,1,1,0,0,5000,1,2,,POINT (-95.42906133352 41.017283713)
2014815102,2014050844,08/30/2014,08-August,7-Saturday,20:08,2000 Hours,District 2 (Northeast),,CERRO GORDO,US 18,US 18,Collision with:  Animal,On Roadway,Non-collision (single vehicle),Animal,None Indicated,,Dusk,Dry,Cloudy,None apparent,Non-intersection:  Non-junction/no special feature,Paved,,Property Damage Only,0,0,0,0,0,0,5000,1,1,,POINT (-93.161552871783 43.111846989864)
2014814741,14-1924,08/30/2014,08-August,7-Saturday,11:25,1100 Hours,District 1 (Central),URBANDALE,POLK,,URBANDALE AVE & 64TH ST,Collision with:  Vehicle in traffic,On Roadway,"Angle, oncoming left turn",Made improper turn,None Indicated,,Daylight,Dry,Clear,None apparent,Intersection:  T-intersection,Paved,,Property Damage Only,0,0,0,0,0,0,2000,2,2,,POINT (-93.704966804836 41.622110904149)
2014814595,14-2655,08/30/2014,08-August,7-Saturday,16:20,1600 Hours,District 1 (Central),FORT DODGE,WEBSTER,US 169,US 169,Collision with fixed object:  Bridge overhead structure,Shoulder,Non-collision (single vehicle),Unknown,Alcohol (Statutory),,Daylight,Dry,Cloudy,None apparent,Non-intersection:  Other non-intersection (explain in narrative),Paved,,Minor Injury,0,1,0,1,0,0,7000,1,1,,POINT (-94.213009502297 42.501864949201)
2014815413,2014-18783,08/30/2014,08-August,7-Saturday,07:12,0700 Hours,District 5 (Southeast),INDIANOLA,WARREN,,N 7TH ST,Collision with:  Parked motor vehicle,On Roadway,Unknown,Unknown,None Indicated,,Dark - roadway lighted,Wet,Cloudy,None apparent,Non-intersection:  Non-junction/no special feature,Paved,,Property Damage Only,0,0,0,0,0,0,1500,2,1,,POINT (-93.550920762178 41.364754913212)
2014814707,20140025470,08/30/2014,08-August,7-Saturday,00:53,0000 Hours,District 1 (Central),DES MOINES,POLK,,MLK JR PKWY & INGERSOLL AVE,Collision with:  Vehicle in traffic,On Roadway,"Sideswipe, same direction",Traveling wrong way or on wrong side of road,None Indicated,,Dark - roadway lighted,Wet,Rain,None apparent,Intersection:  Four-way intersection,Paved,,Property Damage Only,0,0,0,0,0,0,1500,2,2,,POINT (-93.644765359499 41.58574188598)
2014819441,,08/30/2014,08-August,7-Saturday,12:00,1200 Hours,District 2 (Northeast),DECORAH,WINNESHIEK,,E BROADWAY ST,Collision with:  Parked motor vehicle,On Roadway,"Sideswipe, same direction",Unknown,None Indicated,,Unknown,Unknown,Unknown,Unknown,Non-intersection:  Non-junction/no special feature,Paved,,Property Damage Only,0,0,0,0,0,0,2000,2,1,,POINT (-91.784409962486 43.302345359724)
2014814683,C14002727,08/30/2014,08-August,7-Saturday,15:24,1500 Hours,District 6 (East Central),CORALVILLE,JOHNSON,US 6,US 6/2ND ST,Collision with:  Vehicle in traffic,On Roadway,Rear-end (front to rear),Other (explain in narrative):  Other,None Indicated,,Daylight,Dry,Cloudy,None apparent,Non-intersection:  Non-junction/no special feature,Paved,,Possible/Unknown,0,1,0,0,1,0,9500,3,5,,POINT (-91.601783935744 41.684788587365)
2014814985,14-10134,08/30/2014,08-August,7-Saturday,22:10,2200 Hours,District 3 (Northwest),,SIOUX,,Co Rd K22/DIPPER AVE,Collision with fixed object:  Ditch,Shoulder,Non-collision (single vehicle),Swerving/Evasive Action,None Indicated,,Dark - roadway not lighted,Dry,Clear,None apparent,Non-intersection:  Non-junction/no special feature,Paved,,Property Damage Only,0,0,0,0,0,0,5000,1,1,,POINT (-96.37133506856 42.93098456511)
2014814840,14011422,08/30/2014,08-August,7-Saturday,05:28,0500 Hours,District 2 (Northeast),,FAYETTE,,Co Rd B40/GREAT RIVER RD,,On Roadway,Non-collision (single vehicle),Ran off road - right,None Indicated,,Dark - roadway not lighted,Wet,Rain,None apparent,Non-intersection:  Non-junction/no special feature,Paved,,Property Damage Only,0,0,0,0,0,0,3050,1,1,,POINT (-91.698650509766 43.007848692447)
2014814513,14-003972,08/30/2014,08-August,7-Saturday,17:36,1700 Hours,District 3 (Northwest),,LYON,,FIR AVE,Collision with fixed object:  Ditch,Shoulder,Non-collision (single vehicle),Ran off road - right,None Indicated,,Daylight,Dry,Clear,None apparent,Non-intersection:  Non-junction/no special feature,Unpaved,,Minor Injury,0,1,0,1,0,0,6000,1,1,,POINT (-96.253583563373 43.428941968393)
2014814784,14-010547,08/30/2014,08-August,7-Saturday,19:05,1900 Hours,District 1 (Central),MONTOUR,TAMA,US 30,US 30 & Co Rd T47/HWY T47 & C AVE,Collision with:  Vehicle in traffic,On Roadway,"Sideswipe, opposite direction",Other (explain in narrative):  Vision obstructed,None Indicated,,Dusk,Dry,Clear,None apparent,Intersection:  Four-way intersection,Paved,,Minor Injury,0,1,0,1,0,0,10000,2,4,,POINT (-92.729818778948 42.005066006903)
2014814504,201412825,08/30/2014,08-August,7-Saturday,15:30,1500 Hours,District 6 (East Central),CEDAR RAPIDS,LINN,IA 100,IA 100/COLLINS RD NE,Collision with:  Vehicle in traffic,On Roadway,Rear-end (front to rear),Other (explain in narrative):  Other,None Indicated,,Daylight,Dry,Clear,None apparent,Non-intersection:  Non-junction/no special feature,Paved,,Possible/Unknown,0,1,0,0,1,0,10500,4,4,,POINT (-91.646656966373 42.028342702025)
2014814812,14-28510,08/30/2014,08-August,7-Saturday,14:09,1400 Hours,District 3 (Northwest),SIOUX CITY,WOODBURY,,10TH ST & NEBRASKA ST,Collision with:  Vehicle in traffic,On Roadway,Broadside (front to side),FTYROW:  From stop sign,None Indicated,,Daylight,Dry,Clear,None apparent,Intersection:  Four-way intersection,Paved,,Property Damage Only,0,0,0,0,0,0,6000,2,5,,POINT (-96.403527606964 42.500734923851)
2014814666,13205-14,08/30/2014,08-August,7-Saturday,22:06,2200 Hours,District 3 (Northwest),SPENCER,CLAY,,9TH AVE E,Collision with:  Vehicle in traffic,On Roadway,Rear-end (front to rear),Other (explain in narrative):  Other,Alcohol (Statutory),,Dark - unknown roadway lighting,Dry,Clear,None apparent,Non-intersection:  Non-junction/no special feature,Paved,,Property Damage Only,0,0,0,0,0,0,4500,2,1,,POINT (-95.132778117459 43.148377189948)
2014815454,201400003094,08/30/2014,08-August,7-Saturday,18:39,1800 Hours,District 6 (East Central),,LINN,US 151,US 151,Non-collision events:  Other non-collision (explain in narrative),On Roadway,Non-collision (single vehicle),Ran off road - left,None Indicated,,Daylight,Dry,Clear,None apparent,Non-intersection:  Non-junction/no special feature,Paved,,Possible/Unknown,0,1,0,0,1,0,5000,1,1,,POINT (-91.552468004065 41.966706553005)
2014815320,2014050860,08/30/2014,08-August,7-Saturday,21:32,2100 Hours,District 6 (East Central),,CEDAR,I-80,I-80,Collision with:  Vehicle in traffic,On Roadway,"Sideswipe, same direction",Unknown,None Indicated,,Dark - roadway not lighted,Dry,Clear,None apparent,Non-intersection:  Non-junction/no special feature,Paved,,Property Damage Only,0,0,0,0,0,0,3000,2,5,,POINT (-90.976099374275 41.633563424525)
2014814673,PD1407568,08/30/2014,08-August,7-Saturday,15:17,1500 Hours,District 5 (Southeast),FAIRFIELD,JEFFERSON,,E JEFFERSON AVE & S D ST,Collision with:  Parked motor vehicle,On Roadway,Rear-end (front to rear),Other (explain in narrative):  Other,None Indicated,,Daylight,Dry,Clear,None apparent,Non-intersection:  Non-junction/no special feature,Paved,,Property Damage Only,0,0,0,0,0,0,3700,2,1,,POINT (-91.958469625842 41.003761584342)
2014814830,S14-003427,08/30/2014,08-August,7-Saturday,13:35,1300 Hours,District 4 (Southwest),MINDEN,POTTAWATTAMIE,,1ST ST & LINCOLN ST,Collision with:  Vehicle in traffic,On Roadway,Broadside (front to side),FTYROW:  From stop sign,None Indicated,,Daylight,Dry,Cloudy,None apparent,Intersection:  Four-way intersection,Paved,,Property Damage Only,0,0,0,0,0,0,5000,2,3,,POINT (-95.54582523798 41.465835074878)
2014814483,W14-087328,08/30/2014,08-August,7-Saturday,03:07,0300 Hours,District 2 (Northeast),WATERLOO,BLACK HAWK,,MARTIN RD,Collision with fixed object:  Utility pole/light support,On Roadway,Non-collision (single vehicle),Swerving/Evasive Action,None Indicated,,Dark - roadway not lighted,Wet,Clear,None apparent,Non-intersection:  Non-junction/no special feature,Paved,,Possible/Unknown,0,1,0,0,1,0,4500,1,1,,POINT (-92.370559901324 42.476638740819)
2014814714,20140025496,08/30/2014,08-August,7-Saturday,09:50,0900 Hours,District 1 (Central),DES MOINES,POLK,,2ND AVE,Collision with:  Vehicle in traffic,On Roadway,"Sideswipe, same direction",Other (explain in narrative):  Other,None Indicated,,Daylight,Dry,Cloudy,None apparent,Intersection:  Four-way intersection,Paved,,Property Damage Only,0,0,0,0,0,0,3500,2,2,,POINT (-93.619781157023 41.603911780564)
2014822186,14-08337,08/30/2014,08-August,7-Saturday,14:13,1400 Hours,District 5 (Southeast),MOUNT PLEASANT,HENRY,,W WASHINGTON ST & JACKSON ST & S JACKSON ST,Collision with:  Vehicle in traffic,On Roadway,Rear-end (front to rear),Other (explain in narrative):  Other,None Indicated,,Daylight,Dry,Clear,None apparent,Intersection:  Four-way intersection,Paved,,Property Damage Only,0,0,0,0,0,0,2500,2,2,,POINT (-91.556146349089 40.965734316187)
2014815564,14163,08/30/2014,08-August,7-Saturday,22:55,2200 Hours,District 5 (Southeast),PELLA,MARION,,BIG ROCK RD & MAIN ST,Collision with:  Animal,,,Animal,None Indicated,,,,,,,Paved,,Property Damage Only,0,0,0,0,0,0,8000,1,1,,POINT (-92.91656136016 41.425457597623)
2014816486,14-16849,08/30/2014,08-August,7-Saturday,19:01,1900 Hours,District 6 (East Central),BETTENDORF,SCOTT,I-74,I-74 & US 67/STATE ST & 14TH ST,Collision with:  Vehicle in traffic,On Roadway,Broadside (front to side),Ran Traffic Signal,None Indicated,,Daylight,Dry,Cloudy,None apparent,Intersection:  Four-way intersection,Paved,,Possible/Unknown,0,1,0,0,1,0,7000,2,4,,POINT (-90.513078497493 41.5251617481)
2014815911,2014-61093,08/30/2014,08-August,7-Saturday,16:34,1600 Hours,District 6 (East Central),DAVENPORT,SCOTT,,WASHINGTON LN,Collision with:  Vehicle in traffic,On Roadway,"Sideswipe, same direction",Unknown,None Indicated,,Daylight,Dry,Clear,None apparent,Non-intersection:  Non-junction/no special feature,Paved,,Property Damage Only,0,0,0,0,0,0,1500,2,1,,POINT (-90.597486234094 41.537476659163)
2014815317,2014050755,08/30/2014,08-August,7-Saturday,02:20,0200 Hours,District 1 (Central),MARSHALLTOWN,MARSHALL,US 30,US 30/240TH ST,Collision with:  Vehicle in traffic,On Roadway,Head-on (front to front),Traveling wrong way or on wrong side of road,Alcohol (Statutory),,Dark - roadway not lighted,Dry,Clear,None apparent,Non-intersection:  Non-junction/no special feature,Paved,,Minor Injury,0,1,0,1,0,0,14000,2,3,,POINT (-92.893857825231 42.003218324977)
2014817562,032-079-14,08/30/2014,08-August,7-Saturday,09:54,0900 Hours,District 3 (Northwest),ESTHERVILLE,EMMET,,6TH AVE S,Collision with:  Vehicle in traffic,On Roadway,Head-on (front to front),Traveling wrong way or on wrong side of road,None Indicated,,Daylight,Dry,Clear,None apparent,Non-intersection:  Non-junction/no special feature,Paved,,Major Injury,0,1,1,0,0,0,7500,2,2,,POINT (-94.828256588134 43.396030037532)
2014814495,14130346,08/30/2014,08-August,7-Saturday,16:22,1600 Hours,District 6 (East Central),,JOHNSON,,Co Rd F46/IWV RD & IVY AVE,Collision with:  Vehicle in traffic,On Roadway,"Angle, oncoming left turn",Crossed centerline (undivided),None Indicated,,Daylight,Dry,Clear,None apparent,Intersection:  Four-way intersection,Paved,,Property Damage Only,0,0,0,0,0,0,11000,2,3,,POINT (-91.676315160742 41.657776941133)
2014814689,14001773,08/30/2014,08-August,7-Saturday,10:44,1000 Hours,District 6 (East Central),IOWA CITY,JOHNSON,,MELROSE AVE & HAWKINS DR,Collision with:  Non-motorist (see non-motorist section - NOT a unit),On Roadway,Non-collision (single vehicle),FTYROW:  To pedestrian,None Indicated,,Daylight,Dry,Cloudy,None apparent,Non-intersection:  Non-junction/no special feature,Paved,,Minor Injury,0,1,0,1,0,0,0,1,2,,POINT (-91.549963406842 41.656918645458)
2014814724,20140025549,08/30/2014,08-August,7-Saturday,20:13,2000 Hours,District 1 (Central),DES MOINES,POLK,,MAURY ST,Collision with:  Vehicle in traffic,On Roadway,"Angle, oncoming left turn",FTYROW:  Making left turn,None Indicated,,Dark - roadway lighted,Dry,Clear,None apparent,Intersection:  Four-way intersection,Paved,,Property Damage Only,0,0,0,0,0,0,2200,2,6,,POINT (-93.596339446421 41.581238418425)
2014814742,14-1927,08/30/2014,08-August,7-Saturday,17:15,1700 Hours,District 1 (Central),URBANDALE,POLK,I-35,I-35,Collision with:  Vehicle in traffic,On Roadway,"Sideswipe, same direction",Improper or erratic lane changing,None Indicated,,Daylight,Dry,Clear,None apparent,Non-intersection:  Non-junction/no special feature,Paved,,Property Damage Only,0,0,0,0,0,0,7000,2,5,,POINT (-93.776943966611 41.63528379156)
2014814688,C14002726,08/30/2014,08-August,7-Saturday,15:00,1500 Hours,District 6 (East Central),CORALVILLE,JOHNSON,,HEARTLAND DR,Collision with:  Vehicle in traffic,On Roadway,"Sideswipe, same direction",Other (explain in narrative):  Other,None Indicated,,Daylight,Dry,Cloudy,None apparent,Intersection:  Four-way intersection,Paved,,Property Damage Only,0,0,0,0,0,0,2000,2,3,,POINT (-91.608473478673 41.700532687254)