Iowa DOT Case Number,Law Enforcement Case Number,Date of Crash,Month of Crash,Day of Week,Time of Crash,Hour,DOT District,City Name,County Name,Route with System,Location Description,First Harmful Event,Location of First Harmful Event,Manner of Crash/Collision,Major Cause,Drug or Alcohol ,Environmental Conditions,Light Conditions,Surface Conditions,Weather Conditions,Roadway Contribution,Roadway Type,Roadway Surface,Work Zone,Crash Severity,Number of Fatalities,Number of Injuries,Number of Major Injuries,Number of Minor Injuries,Number of Possible Injuries,Number of Unknown Injuries,Amount of Property Damage,Number of Vehicles Involved,Total Number of Occupants,Travel Direction,Location
2014814664,14012973,08/30/2014,08-August,7-Saturday,21:35,2100 Hours,District 6 (East Central),MECHANICSVILLE,CEDAR,,Co Rd X40/GARFIELD AVE,Collision with:  Vehicle in traffic,On Roadway,Rear-end (front to rear),Followed too close,None Indicated,,Dark - unknown roadway lighting,Dry,Clear,None apparent,Non-intersection:  Non-junction/no special feature,Paved,,Major Injury,0,1,1,0,0,0,6000,2,3,,POINT (-91.249171035723 41.911811335582)
2014815341,,08/30/2014,08-August,7-Saturday,18:34,1800 Hours,District 5 (Southeast),,LUCAS,US 34,US 34,Collision with:  Animal,On Roadway,Non-collision (single vehicle),Animal,None Indicated,,Daylight,Dry,Clear,None apparent,Non-intersection:  Non-junction/no special feature,Paved,,Property Damage Only,0,0,0,0,0,0,5000,1,3,,POINT (-93.423727921134 41.031947387765)
2014828337,14080683,08/30/2014,08-August,7-Saturday,09:23,0900 Hours,District 5 (Southeast),EDDYVILLE,WAPELLO,,MARKET ST & 3RD ST,Collision with:  Vehicle in traffic,On Roadway,Head-on (front to front),Crossed centerline (undivided),None Indicated,,Daylight,Dry,Cloudy,None apparent,Intersection:  Four-way intersection,Paved,,Property Damage Only,0,0,0,0,0,0,12500,2,6,,POINT (-92.63550154245 41.154956901999)
2014815010,14-004038,08/30/2014,08-August,7-Saturday,13:44,1300 Hours,District 1 (Central),AMES,STORY,,UNIVERSITY BLVD,Collision with:  Non-motorist (see non-motorist section - NOT a unit),On Roadway,Non-collision (single vehicle),Other (explain in narrative):  No improper action,None Indicated,,Daylight,Dry,Cloudy,None apparent,Non-intersection:  Non-junction/no special feature,Paved,,Major Injury,0,1,1,0,0,0,1500,1,2,,POINT (-93.634949484739 42.01107635721)
2014814810,14-28486,08/30/2014,08-August,7-Saturday,10:16,1000 Hours,District 3 (Northwest),SIOUX CITY,WOODBURY,IA 376,IA 376/S LEWIS BLVD,Collision with:  Parked motor vehicle,On Roadway,"Sideswipe, same direction",Over correcting/over steering,None Indicated,,Daylight,Dry,Cloudy,None apparent,Non-intersection:  Non-junction/no special feature,Paved,,Property Damage Only,0,0,0,0,0,0,11300,3,3,,POINT (-96.380309919216 42.482684500743)
2014817883,2014-61120,08/30/2014,08-August,7-Saturday,19:25,1900 Hours,District 6 (East Central),DAVENPORT,SCOTT,,E 2ND ST,Collision with:  Parked motor vehicle,Shoulder,"Sideswipe, same direction",Other (explain in narrative):  No improper action,None Indicated,,Dusk,Dry,Clear,None apparent,Non-intersection:  Non-junction/no special feature,Paved,,Property Damage Only,0,0,0,0,0,0,3500,2,2,,POINT (-90.57019603971 41.521357872404)
2014814668,14-007595,08/30/2014,08-August,7-Saturday,09:32,0900 Hours,District 6 (East Central),MANCHESTER,DELAWARE,,E DELAWARE ST & S MADISON ST,Collision with:  Parked motor vehicle,Roadside,Unknown,FTYROW:  From parked position,None Indicated,,Daylight,Wet,Cloudy,None apparent,Non-intersection:  Non-junction/no special feature,Paved,,Property Damage Only,0,0,0,0,0,0,1500,2,1,,POINT (-91.456658301478 42.483068709907)
2014814883,14C04003,08/30/2014,08-August,7-Saturday,12:29,1200 Hours,District 4 (Southwest),CRESTON,UNION,IA 25,IA 25/S SUMNER AVE,Collision with:  Vehicle in traffic,On Roadway,Broadside (front to side),FTYROW:  Making left turn,None Indicated,,Daylight,Dry,Cloudy,None apparent,Non-intersection:  Driveway access (within),Paved,,Property Damage Only,0,0,0,0,0,0,4000,2,2,,POINT (-94.371761980134 41.05263083468)
2014814633,14-30859,08/30/2014,08-August,7-Saturday,10:51,1000 Hours,District 5 (Southeast),BURLINGTON,DES MOINES,US 34,US 34/SW RAMP & CURRAN ST,Collision with:  Vehicle in traffic,On Roadway,Broadside (front to side),FTYROW:  From stop sign,None Indicated,,Daylight,Dry,Cloudy,None apparent,Intersection:  Four-way intersection,Paved,,Major Injury,0,2,1,1,0,0,10000,2,2,,POINT (-91.126400301347 40.816903735687)
2014815319,2014050813,08/30/2014,08-August,7-Saturday,16:49,1600 Hours,District 1 (Central),,HAMILTON,I-35,I-35,Collision with:  Vehicle in traffic,On Roadway,Rear-end (front to rear),Followed too close,None Indicated,,Daylight,Dry,Clear,None apparent,Non-intersection:  Non-junction/no special feature,Paved,,Property Damage Only,0,0,0,0,0,0,10200,2,7,,POINT (-93.570475729457 42.263639282785)
2014814618,14-036674,08/30/2014,08-August,7-Saturday,01:05,0100 Hours,District 4 (Southwest),COUNCIL BLUFFS,POTTAWATTAMIE,,S 7TH ST,Collision with:  Vehicle in traffic,On Roadway,Broadside (front to side),FTYROW:  From driveway,None Indicated,,Dark - roadway lighted,Dry,Cloudy,None apparent,Non-intersection:  Driveway access (within),Paved,,Property Damage Only,0,0,0,0,0,0,3300,2,5,,POINT (-95.852832746831 41.228839957302)
2014828336,14080679,08/30/2014,08-August,7-Saturday,01:15,0100 Hours,District 5 (Southeast),EDDYVILLE,WAPELLO,US 63,US 63,Collision with fixed object:  Ditch,Shoulder,Non-collision (single vehicle),Driving too fast for conditions,None Indicated,,Dark - roadway not lighted,Wet,Rain,"Surface condition (e.g., wet, icy)",Non-intersection:  Non-junction/no special feature,Paved,,Property Damage Only,0,0,0,0,0,0,2500,1,2,,POINT (-92.593699508755 41.138314425013)
2014815008,14-004033,08/30/2014,08-August,7-Saturday,10:06,1000 Hours,District 1 (Central),AMES,STORY,,LINCOLN WAY & WELCH AVE & WELCH RD,Collision with:  Vehicle in traffic,On Roadway,Rear-end (front to rear),Driving too fast for conditions,None Indicated,,Daylight,Dry,Clear,None apparent,Intersection:  Four-way intersection,Paved,,Property Damage Only,0,0,0,0,0,0,2100,2,5,,POINT (-93.650152632031 42.022789872112)
2014814711,20140025489,08/30/2014,08-August,7-Saturday,08:23,0800 Hours,District 1 (Central),DES MOINES,POLK,,CHERRY ST & 5TH AVE,Collision with:  Vehicle in traffic,On Roadway,Broadside (front to side),FTYROW:  Making left turn,None Indicated,,Daylight,Dry,Cloudy,None apparent,Intersection:  T-intersection,Paved,,Property Damage Only,0,0,0,0,0,0,5500,3,4,,POINT (-93.622712637666 41.584287173621)
2014814750,14-0989,08/30/2014,08-August,7-Saturday,12:30,1200 Hours,District 1 (Central),PLEASANT HILL,POLK,,MAPLE DR & N PLEASANT HILL BLVD,Collision with:  Parked motor vehicle,Unknown,Head-on (front to front),Lost Control,Under Influence of Alcohol/Drugs/Medications,,Daylight,Dry,Clear,None apparent,Non-intersection:  Driveway access (within),Paved,,Property Damage Only,0,0,0,0,0,0,3200,2,3,,POINT (-93.520202668175 41.598163465263)
2014814665,13168-14,08/30/2014,08-August,7-Saturday,12:00,1200 Hours,District 3 (Northwest),SPENCER,CLAY,US 18,US 18/N GRAND AVE & W 3RD ST & E 3RD ST,Collision with:  Vehicle in traffic,On Roadway,"Sideswipe, same direction",Improper or erratic lane changing,None Indicated,,Daylight,Dry,Clear,None apparent,Non-intersection:  Non-junction/no special feature,Paved,,Property Damage Only,0,0,0,0,0,0,4000,2,3,,POINT (-95.144623852519 43.140375831188)
2014815457,201403087,08/30/2014,08-August,7-Saturday,11:40,1100 Hours,District 6 (East Central),,LINN,,Co Rd E34/COUNTY HOME RD & Co Rd W56/C AVE EXT,Collision with fixed object:  Ditch,On Roadway,Non-collision (single vehicle),Followed too close,None Indicated,,Daylight,Dry,Clear,None apparent,Non-intersection:  Non-junction/no special feature,Paved,,Minor Injury,0,1,0,1,0,0,10000,1,1,,POINT (-91.648483504395 42.094893834188)
2014815357,201412801,08/30/2014,08-August,7-Saturday,04:39,0400 Hours,District 6 (East Central),CEDAR RAPIDS,LINN,,19TH ST SE,Collision with:  Vehicle in traffic,On Roadway,Rear-end (front to rear),Lost Control,None Indicated,,Dark - roadway lighted,Wet,Rain,None apparent,Non-intersection:  Non-junction/no special feature,Paved,,Property Damage Only,0,0,0,0,0,0,10000,2,1,,POINT (-91.642160149945 41.975683228407)
2014814611,14-036775,08/30/2014,08-August,7-Saturday,20:43,2000 Hours,District 4 (Southwest),COUNCIL BLUFFS,POTTAWATTAMIE,,VALLEY VIEW DR,Collision with:  Vehicle in traffic,On Roadway,"Sideswipe, opposite direction",Traveling wrong way or on wrong side of road,None Indicated,,Dark - roadway lighted,Dry,Clear,None apparent,Non-intersection:  Non-junction/no special feature,Paved,,Property Damage Only,0,0,0,0,0,0,2000,2,3,,POINT (-95.818656254126 41.24332701174)
2014814505,201412833,08/30/2014,08-August,7-Saturday,18:14,1800 Hours,District 6 (East Central),CEDAR RAPIDS,LINN,,A AVE NE,Collision with:  Vehicle in traffic,On Roadway,Head-on (front to front),Traveling wrong way or on wrong side of road,None Indicated,,Daylight,Dry,Clear,None apparent,Non-intersection:  Non-junction/no special feature,Paved,,Possible/Unknown,0,1,0,0,1,0,200,2,3,,POINT (-91.649840047117 41.990940643187)
2014814913,14-30817,08/30/2014,08-August,7-Saturday,00:50,0000 Hours,District 5 (Southeast),,DES MOINES,,HUNT RD,Collision with:  Animal,,,Animal,None Indicated,,,,,,,Unpaved,,Property Damage Only,0,0,0,0,0,0,1500,1,1,,POINT (-91.161330941905 40.767913548319)
2014815338,,08/30/2014,08-August,7-Saturday,09:53,0900 Hours,District 4 (Southwest),,GUTHRIE,IA 25,IA 25/IOWA 25,Collision with:  Vehicle in traffic,On Roadway,"Sideswipe, opposite direction",Crossed centerline (undivided),None Indicated,,Daylight,Dry,Cloudy,None apparent,Non-intersection:  Non-junction/no special feature,Paved,,Property Damage Only,0,0,0,0,0,0,2000,2,3,,POINT (-94.493039763735 41.771492419077)
2014814708,20140025473,08/30/2014,08-August,7-Saturday,01:51,0100 Hours,District 1 (Central),DES MOINES,POLK,,WOODLAND AVE,Collision with:  Non-motorist (see non-motorist section - NOT a unit),On Roadway,Non-collision (single vehicle),FTYROW:  To pedestrian,None Indicated,,Dark - roadway lighted,Wet,Clear,None apparent,Non-intersection:  Non-junction/no special feature,Paved,,Possible/Unknown,0,1,0,0,1,0,0,1,1,,POINT (-93.638981622568 41.588062017718)
2014814635,14087351,08/30/2014,08-August,7-Saturday,06:45,0600 Hours,District 2 (Northeast),CEDAR FALLS,BLACK HAWK,,LANTZ AVE,Collision with fixed object:  Traffic sign support,Shoulder,Non-collision (single vehicle),Ran off road - right,None Indicated,,Daylight,Dry,Cloudy,None apparent,Non-intersection:  Non-junction/no special feature,Paved,,Property Damage Only,0,0,0,0,0,0,1600,1,1,,POINT (-92.455032075496 42.558781286693)
2014814755,14-16817,08/30/2014,08-August,7-Saturday,11:00,1100 Hours,District 6 (East Central),BETTENDORF,SCOTT,,MIDDLE RD & HAPPY JOE DR,Collision with:  Vehicle in traffic,On Roadway,"Sideswipe, same direction",Swerving/Evasive Action,None Indicated,,Daylight,Dry,Clear,None apparent,Non-intersection:  Non-junction/no special feature,Paved,,Property Damage Only,0,0,0,0,0,0,5500,2,2,,POINT (-90.493652534734 41.548714649117)
2014816020,2014050750,08/30/2014,08-August,7-Saturday,02:14,0200 Hours,District 6 (East Central),,JOHNSON,I-80,I-80,Non-collision events:  Other non-collision (explain in narrative),On Roadway,Non-collision (single vehicle),Driving too fast for conditions,Alcohol (Statutory),,Dark - roadway not lighted,Wet,Rain,None apparent,Non-intersection:  Non-junction/no special feature,Paved,,Property Damage Only,0,0,0,0,0,0,3000,1,1,,POINT (-91.736734817058 41.694826908201)
2014814625,14-17936,08/30/2014,08-August,7-Saturday,00:35,0000 Hours,District 6 (East Central),,SCOTT,I-80,I-80,Collision with:  Animal,,,Animal,None Indicated,,,,,,,Paved,,Property Damage Only,0,0,0,0,0,0,2700,1,1,,POINT (-90.686776331243 41.603713592361)
2014814813,14-28527,08/30/2014,08-August,7-Saturday,11:00,1100 Hours,District 3 (Northwest),SIOUX CITY,WOODBURY,IA 12,IA 12/RIVERSIDE BLVD & W 19TH ST & PAUL AVE,Collision with:  Vehicle in traffic,On Roadway,Rear-end (front to rear),Followed too close,None Indicated,,Daylight,Dry,Clear,None apparent,Intersection:  Four-way intersection,Paved,,Possible/Unknown,0,2,0,0,1,1,0,3,4,,POINT (-96.474646332657 42.5153104692)
2014814850,14-16740,08/30/2014,08-August,7-Saturday,20:23,2000 Hours,District 2 (Northeast),,BREMER,US 218,US 218,Collision with:  Animal,,,Animal,None Indicated,,,,,,,Paved,,Property Damage Only,0,0,0,0,0,0,6000,1,1,,POINT (-92.50040382353 42.693685618147)
2014814544,20140025527,08/30/2014,08-August,7-Saturday,14:35,1400 Hours,District 1 (Central),DES MOINES,POLK,US 69,US 69/SE 14TH ST,Collision with:  Vehicle in traffic,On Roadway,"Sideswipe, same direction",Other (explain in narrative):  Other,None Indicated,,Daylight,Dry,Clear,None apparent,Non-intersection:  Non-junction/no special feature,Paved,,Property Damage Only,0,0,0,0,0,0,1500,2,4,,POINT (-93.596783515961 41.526507699471)
2014815438,201400042690,08/30/2014,08-August,7-Saturday,18:40,1800 Hours,District 5 (Southeast),OTTUMWA,WAPELLO,,BRICK ROW,Collision with:  Vehicle in traffic,On Roadway,"Sideswipe, opposite direction",Crossed centerline (undivided),None Indicated,,Daylight,Dry,Clear,None apparent,Non-intersection:  Other non-intersection (explain in narrative),Paved,,Property Damage Only,0,0,0,0,0,0,7000,2,3,,POINT (-92.375993341355 41.005120652623)
2014816745,01-14-037250,08/30/2014,08-August,7-Saturday,09:07,0900 Hours,District 6 (East Central),DUBUQUE,DUBUQUE,,E 22ND ST & JACKSON ST,Collision with:  Vehicle in traffic,On Roadway,Broadside (front to side),Ran Traffic Signal,None Indicated,,Daylight,Dry,Rain,Non-highway work,Intersection:  Four-way intersection,Paved,,Property Damage Only,0,0,0,0,0,0,4000,2,2,,POINT (-90.669744853005 42.513999868477)
2014814557,14-4307,08/30/2014,08-August,7-Saturday,18:00,1800 Hours,District 4 (Southwest),WEST DES MOINES,DALLAS,,MILLS CIVIC PKWY,Collision with:  Vehicle in traffic,On Roadway,Rear-end (front to rear),Followed too close,None Indicated,,Daylight,Dry,Cloudy,None apparent,Non-intersection:  Non-junction/no special feature,Paved,,Property Damage Only,0,0,0,0,0,0,3500,2,3,,POINT (-93.797962607155 41.561875283869)
2014814602,14-036688,08/30/2014,08-August,7-Saturday,02:17,0200 Hours,District 4 (Southwest),COUNCIL BLUFFS,POTTAWATTAMIE,,NASH BLVD,,On Roadway,Non-collision (single vehicle),Equipment failure,Alcohol (Statutory),,Dark - roadway not lighted,Dry,Clear,None apparent,Non-intersection:  Non-junction/no special feature,Paved,,Property Damage Only,0,0,0,0,0,0,5500,1,2,,POINT (-95.875103563983 41.276658678414)
2014817168,2014-61011,08/30/2014,08-August,7-Saturday,02:00,0200 Hours,District 6 (East Central),DAVENPORT,SCOTT,,W GARFIELD ST,Collision with:  Parked motor vehicle,Roadside,Rear-end (front to rear),Driver Distraction:  Reaching for object(s)/fallen object(s),None Indicated,,Dark - roadway lighted,Dry,Clear,None apparent,Non-intersection:  Non-junction/no special feature,Paved,,Property Damage Only,0,0,0,0,0,0,10000,2,1,,POINT (-90.630061326283 41.548132125395)
2014814603,14-036691,08/30/2014,08-August,7-Saturday,02:35,0200 Hours,District 4 (Southwest),COUNCIL BLUFFS,POTTAWATTAMIE,,S 24TH ST,Collision with fixed object:  Other fixed object (explain in narrative),On Roadway,Non-collision (single vehicle),Other (explain in narrative):  Other,Alcohol (Statutory),,Dark - roadway lighted,Dry,Cloudy,Work Zone (roadway-related),Non-intersection:  Non-junction/no special feature,Paved,Yes,Possible/Unknown,0,1,0,0,1,0,5000,1,1,,POINT (-95.879142400258 41.236821703002)
2014817803,14007912,08/31/2014,08-August,1-Sunday,16:03,1600 Hours,District 6 (East Central),HAZLETON,BUCHANAN,IA 150,IA 150/MAIN ST,Collision with:  Vehicle in traffic,On Roadway,Rear-end (front to rear),Lost Control,None Indicated,,Daylight,Dry,Clear,None apparent,Non-intersection:  Non-junction/no special feature,Paved,,Property Damage Only,0,0,0,0,0,0,5750,2,2,,POINT (-91.905484881118 42.614691954954)
2014814481,W14-087936,08/31/2014,08-August,1-Sunday,23:17,2300 Hours,District 2 (Northeast),WATERLOO,BLACK HAWK,,FLAMMANG DR & SARAH DR,Collision with:  Vehicle in traffic,On Roadway,Rear-end (front to rear),Followed too close,None Indicated,,Dark - roadway lighted,Wet,Rain,None apparent,Intersection:  Four-way intersection,Paved,,Property Damage Only,0,0,0,0,0,0,2500,2,2,,POINT (-92.328948158722 42.459975945735)
2014814599,14-31018,08/31/2014,08-August,1-Sunday,18:38,1800 Hours,District 5 (Southeast),BURLINGTON,DES MOINES,,WEST AVE & STARR AVE,Collision with:  Vehicle in traffic,On Roadway,Rear-end (front to rear),Other (explain in narrative):  Other,None Indicated,,Daylight,Dry,Clear,None apparent,Non-intersection:  Non-junction/no special feature,Paved,,Possible/Unknown,0,1,0,0,1,0,2200,2,2,,POINT (-91.123146508436 40.800258418927)
2014815027,118-2014,08/31/2014,08-August,1-Sunday,21:30,2100 Hours,District 4 (Southwest),,HARRISON,,260TH ST & QUINTANA LN,Non-collision events:  Overturn/rollover,Shoulder,Non-collision (single vehicle),Ran off road - right,None Indicated,,Dark - roadway not lighted,Wet,Cloudy,None apparent,Non-intersection:  Non-junction/no special feature,Unpaved,,Minor Injury,0,1,0,1,0,0,15000,1,1,,POINT (-95.717508639209 41.631355310568)
2014814904,083114-149,08/31/2014,08-August,1-Sunday,18:55,1800 Hours,District 3 (Northwest),STORM LAKE,BUENA VISTA,,W 6TH ST & PARK CT,Collision with:  Vehicle in traffic,On Roadway,Broadside (front to side),FTYROW:  From driveway,Alcohol (Statutory),,Daylight,Wet,Rain,None apparent,Non-intersection:  Driveway access (within),Paved,,Property Damage Only,0,0,0,0,0,0,4000,2,2,,POINT (-95.213203516697 42.64548255287)
2014814717,20140025578,08/31/2014,08-August,1-Sunday,02:38,0200 Hours,District 1 (Central),DES MOINES,POLK,,E WALNUT ST & E 2ND ST,Collision with:  Vehicle in traffic,On Roadway,Broadside (front to side),FTYROW:  From stop sign,Alcohol (Statutory),,Dark - roadway lighted,Dry,Clear,None apparent,Intersection:  Four-way intersection,Paved,,Property Damage Only,0,0,0,0,0,0,9000,2,5,,POINT (-93.614769299027 41.587932824102)
2014815103,2014050965,08/31/2014,08-August,1-Sunday,16:20,1600 Hours,District 5 (Southeast),,CLARKE,I-35,I-35,Collision with fixed object:  Concrete traffic barrier (median or right side),Shoulder,Non-collision (single vehicle),Ran off road - left,None Indicated,,Daylight,Dry,Cloudy,Work Zone (roadway-related),Non-intersection:  Other non-intersection (explain in narrative),Paved,Yes,Minor Injury,0,1,0,1,0,0,8000,1,1,,POINT (-93.78111694815 41.070867758787)
2014814634,14-30971,08/31/2014,08-August,1-Sunday,07:33,0700 Hours,District 5 (Southeast),BURLINGTON,DES MOINES,,WEST AVE & TERRACE DR,Collision with:  Non-motorist (see non-motorist section - NOT a unit),On Roadway,Non-collision (single vehicle),FTYROW:  Making left turn,None Indicated,,Daylight,Dry,Clear,None apparent,Intersection:  T-intersection,Paved,,Minor Injury,0,1,0,1,0,0,0,1,1,,POINT (-91.137912600998 40.80038964468)
2014815927,14-28699,08/31/2014,08-August,1-Sunday,23:17,2300 Hours,District 3 (Northwest),SIOUX CITY,WOODBURY,,24TH ST,Collision with fixed object:  Curb/island/raised median,Roadside,Non-collision (single vehicle),Crossed centerline (undivided),None Indicated,,Dark - roadway not lighted,Dry,Clear,None apparent,Non-intersection:  Alley,Paved,,Property Damage Only,0,0,0,0,0,0,4000,1,1,,POINT (-96.402947923302 42.515159307601)
2014814962,14-1932,08/31/2014,08-August,1-Sunday,05:31,0500 Hours,District 1 (Central),URBANDALE,POLK,I-35,I-35,Collision with:  Vehicle in traffic,On Roadway,"Sideswipe, same direction",FTYROW:  Other (explain in narrative),None Indicated,,Dark - roadway lighted,Dry,Clear,None apparent,Non-intersection:  Non-junction/no special feature,Paved,,Property Damage Only,0,0,0,0,0,0,3500,2,2,,POINT (-93.777025425774 41.641065823213)
2014816769,01-14-37277,08/31/2014,08-August,1-Sunday,02:01,0200 Hours,District 6 (East Central),DUBUQUE,DUBUQUE,,LORAS BLVD & LOCUST ST S,Collision with fixed object:  Curb/island/raised median,Outside trafficway,Non-collision (single vehicle),Swerving/Evasive Action,Alcohol (Statutory),,Dark - roadway lighted,Dry,Clear,None apparent,Non-intersection:  Non-junction/no special feature,Paved,,Property Damage Only,0,0,0,0,0,0,4000,1,1,,POINT (-90.670962816984 42.505460687873)
2014815285,01-14-37301,08/31/2014,08-August,1-Sunday,18:35,1800 Hours,District 6 (East Central),DUBUQUE,DUBUQUE,US 52,US 52/CENTRAL AVE/E 9TH ST & W 9TH ST,Collision with:  Vehicle in traffic,On Roadway,"Sideswipe, same direction",Made improper turn,None Indicated,,Daylight,Dry,Clear,None apparent,Intersection:  Other intersection (explain in narrative),Paved,,Possible/Unknown,0,1,0,0,1,0,6000,2,2,,POINT (-90.66554359679 42.502279592739)
2014816941,1400000750,08/31/2014,08-August,1-Sunday,21:46,2100 Hours,District 1 (Central),,MARSHALL,,Co Rd E29/190TH ST & Co Rd S62/HOPKINS AVE,Collision with fixed object:  Ditch,Shoulder,Non-collision (single vehicle),Ran Stop Sign,None Indicated,,Dark - roadway not lighted,Wet,Rain,None apparent,Intersection:  T-intersection,Paved,,Possible/Unknown,0,1,0,0,0,1,1750,1,1,,POINT (-93.087805350648 42.077502264128)
2014814819,14-28674,08/31/2014,08-August,1-Sunday,20:13,2000 Hours,District 3 (Northwest),SIOUX CITY,WOODBURY,,W 7TH ST & PERRY ST & WESLEY PKWY,Collision with:  Vehicle in traffic,On Roadway,Broadside (front to side),FTYROW:  Making left turn,None Indicated,,Dark - roadway lighted,Wet,Cloudy,None apparent,Intersection:  Four-way intersection,Paved,,Possible/Unknown,0,1,0,0,1,0,2200,2,4,,POINT (-96.409703184058 42.499056402054)
2014814846,02414,08/31/2014,08-August,1-Sunday,17:37,1700 Hours,District 6 (East Central),DYERSVILLE,DUBUQUE,,3RD AVE SE,Collision with:  Parked motor vehicle,Roadside,Broadside (front to side),Other (explain in narrative):  No improper action,None Indicated,,Daylight,Dry,Clear,None apparent,Non-intersection:  Non-junction/no special feature,Paved,,Property Damage Only,0,0,0,0,0,0,2500,2,1,,POINT (-91.114621266646 42.482895169987)
2014815278,01-14-037287,08/31/2014,08-August,1-Sunday,13:15,1300 Hours,District 6 (East Central),DUBUQUE,DUBUQUE,,ST ANNE DR & AVALON RD,Collision with:  Vehicle in traffic,On Roadway,Broadside (front to side),Ran Stop Sign,None Indicated,,Daylight,Dry,Clear,None apparent,Intersection:  Four-way intersection,Paved,,Possible/Unknown,0,2,0,0,2,0,9000,2,4,,POINT (-90.710829458247 42.503580796626)
2014826609,TC4814,08/31/2014,08-August,1-Sunday,16:05,1600 Hours,District 4 (Southwest),MISSOURI VALLEY,HARRISON,,WILLOW RD,Collision with:  Vehicle in traffic,On Roadway,Rear-end (front to rear),Other (explain in narrative):  Other,None Indicated,,Daylight,Dry,Clear,None apparent,Intersection:  Four-way intersection,Paved,,Property Damage Only,0,0,0,0,0,0,3500,2,7,,POINT (-95.9115989745 41.550760606908)
2014814677,SO1403584,08/31/2014,08-August,1-Sunday,00:13,0000 Hours,District 5 (Southeast),,JEFFERSON,US 34,US 34 & Co Rd V63/PACKWOOD RD,Collision with:  Animal,,,Animal,None Indicated,,,,,,,Paved,,Property Damage Only,0,0,0,0,0,0,2500,1,1,,POINT (-92.088796161691 41.009576785)
2014816140,14-004066,08/31/2014,08-August,1-Sunday,12:41,1200 Hours,District 1 (Central),AMES,STORY,,13TH ST & E 13TH ST & DUFF AVE,Collision with:  Vehicle in traffic,On Roadway,"Sideswipe, same direction",FTYROW:  Other (explain in narrative),None Indicated,,Daylight,Dry,Clear,None apparent,Non-intersection:  Non-junction/no special feature,Paved,,Possible/Unknown,0,2,0,0,0,2,2800,2,4,,POINT (-93.610682377889 42.034544069544)
2014814880,14-007910,08/31/2014,08-August,1-Sunday,09:00,0900 Hours,District 6 (East Central),INDEPENDENCE,BUCHANAN,,15TH AVE NW,Collision with:  Parked motor vehicle,On Roadway,Unknown,Unknown,None Indicated,,Daylight,Unknown,Unknown,None apparent,Non-intersection:  Non-junction/no special feature,Paved,,Property Damage Only,0,0,0,0,0,0,1500,2,1,,POINT (-91.911378501592 42.469333540829)
2014815221,14-1398,08/31/2014,08-August,1-Sunday,19:10,1900 Hours,District 1 (Central),PATON,GREENE,,Co Rd E18/130TH,Collision with:  Animal,,,Animal,None Indicated,,,,,,,Paved,,Property Damage Only,0,0,0,0,0,0,1500,1,1,,POINT (-94.34460476536 42.166061053285)
2014816458,S14-8756,08/31/2014,08-August,1-Sunday,21:54,2100 Hours,District 3 (Northwest),SERGEANT BLUFF,WOODBURY,,Co Rd K45/OLD HWY 75,Collision with fixed object:  Ditch,Roadside,Non-collision (single vehicle),Ran off road - right,None Indicated,,Dark - roadway not lighted,Wet,Cloudy,None apparent,Intersection:  T-intersection,Paved,,Property Damage Only,0,0,0,0,0,0,2000,1,1,,POINT (-96.323630094595 42.359215790559)
2014814661,083114-78,08/31/2014,08-August,1-Sunday,07:20,0700 Hours,District 3 (Northwest),,BUENA VISTA,,Co Rd C43/550TH ST,Non-collision events:  Overturn/rollover,On Roadway,Non-collision (single vehicle),Swerving/Evasive Action,None Indicated,,Daylight,Dry,Clear,None apparent,Non-intersection:  Non-junction/no special feature,Paved,,Possible/Unknown,0,1,0,0,1,0,2200,1,1,,POINT (-95.204799832056 42.720026320436)
2014814645,14-036914,08/31/2014,08-August,1-Sunday,20:32,2000 Hours,District 4 (Southwest),COUNCIL BLUFFS,POTTAWATTAMIE,,6TH AVE & S 8TH ST,Collision with:  Vehicle in traffic,On Roadway,Broadside (front to side),Ran Stop Sign,None Indicated,,Dark - roadway lighted,Wet,Rain,None apparent,Intersection:  Four-way intersection,Paved,,Property Damage Only,0,0,0,0,0,0,2000,2,4,,POINT (-95.856049328536 41.256121533112)
2014817614,1408311813,08/31/2014,08-August,1-Sunday,18:13,1800 Hours,District 6 (East Central),,JONES,,230 AVE,Non-collision events:  Overturn/rollover,Roadside,Non-collision (single vehicle),Ran off road - right,Alcohol (< Statutory),,Daylight,Dry,Clear,None apparent,Non-intersection:  Non-junction/no special feature,Unpaved,,Possible/Unknown,0,1,0,0,1,0,11000,1,1,,POINT (-91.331517637694 42.032713430008)
2014814524,14-003723,08/31/2014,08-August,1-Sunday,12:06,1200 Hours,District 1 (Central),ANKENY,POLK,IA 160,IA 160/SW ORALABOR RD & IA 415/SW STATE ST,Collision with:  Vehicle in traffic,On Roadway,"Sideswipe, same direction",Other (explain in narrative):  Other,None Indicated,,Daylight,Dry,Clear,None apparent,Intersection:  Four-way intersection,Paved,,Property Damage Only,0,0,0,0,0,0,4000,2,8,,POINT (-93.621550183463 41.703115988409)
2014814814,14-28632,08/31/2014,08-August,1-Sunday,15:16,1500 Hours,District 3 (Northwest),SIOUX CITY,WOODBURY,IA 376,IA 376/S LEWIS BLVD & GLENN AVE,Collision with:  Vehicle in traffic,On Roadway,Rear-end (front to rear),Followed too close,None Indicated,,Daylight,Dry,Cloudy,None apparent,Intersection:  T-intersection,Paved,,Property Damage Only,0,0,0,0,0,0,1750,2,3,,POINT (-96.37570331359 42.465351646412)