Iowa DOT Case Number,Law Enforcement Case Number,Date of Crash,Month of Crash,Day of Week,Time of Crash,Hour,DOT District,City Name,County Name,Route with System,Location Description,First Harmful Event,Location of First Harmful Event,Manner of Crash/Collision,Major Cause,Drug or Alcohol ,Environmental Conditions,Light Conditions,Surface Conditions,Weather Conditions,Roadway Contribution,Roadway Type,Roadway Surface,Work Zone,Crash Severity,Number of Fatalities,Number of Injuries,Number of Major Injuries,Number of Minor Injuries,Number of Possible Injuries,Number of Unknown Injuries,Amount of Property Damage,Number of Vehicles Involved,Total Number of Occupants,Travel Direction,Location
2014814484,W14-087706,08/31/2014,08-August,1-Sunday,07:31,0700 Hours,District 2 (Northeast),WATERLOO,BLACK HAWK,,WASHINGTON ST & W 6TH ST,Collision with:  Vehicle in traffic,On Roadway,Broadside (front to side),Ran Traffic Signal,None Indicated,,Daylight,Dry,Clear,None apparent,Intersection:  Four-way intersection,Paved,,Property Damage Only,0,0,0,0,0,0,8000,2,3,,POINT (-92.339691535255 42.49201816305)
2014815217,SO14002073,08/31/2014,08-August,1-Sunday,18:30,1800 Hours,District 3 (Northwest),WESTFIELD,PLYMOUTH,,UNION ST & MARTIN ST,Non-collision events:  Other non-collision (explain in narrative),On Roadway,Non-collision (single vehicle),Swerving/Evasive Action,None Indicated,,Daylight,Dry,Cloudy,"Surface condition (e.g., wet, icy)",Intersection:  Four-way intersection,Paved,,Property Damage Only,0,0,0,0,0,0,3000,1,1,,POINT (-96.604513036766 42.756478210465)
2014814691,14-006099,08/31/2014,08-August,1-Sunday,18:23,1800 Hours,District 3 (Northwest),MOORHEAD,MONONA,,E54 & 1ST ST,Non-collision events:  Overturn/rollover,On Roadway,Non-collision (single vehicle),Driving too fast for conditions,None Indicated,,Daylight,Wet,Rain,None apparent,Non-intersection:  Non-junction/no special feature,Paved,,Major Injury,0,1,1,0,0,0,1500,1,1,,POINT (-95.847756927731 41.921958751121)
2014815258,14-001030,08/31/2014,08-August,1-Sunday,18:55,1800 Hours,District 1 (Central),JOHNSTON,POLK,,NW 70TH AVE,Collision with:  Vehicle in traffic,On Roadway,"Angle, oncoming left turn",FTYROW:  From stop sign,None Indicated,,Daylight,Dry,Cloudy,None apparent,Intersection:  T-intersection,Paved,,Property Damage Only,0,0,0,0,0,0,2200,2,3,,POINT (-93.69261747863 41.688496479459)
2014829620,2014050984,08/31/2014,08-August,1-Sunday,17:50,1700 Hours,District 1 (Central),DES MOINES,POLK,I-235,I-235,Collision with:  Vehicle in traffic,On Roadway,Rear-end (front to rear),Crossed centerline (undivided),None Indicated,,Daylight,Dry,Clear,None apparent,Intersection:  Four-way intersection,Paved,,Property Damage Only,0,0,0,0,0,0,18000,3,5,,POINT (-93.59944568404 41.595417699716)
2014819442,,08/31/2014,08-August,1-Sunday,05:44,0500 Hours,District 2 (Northeast),DECORAH,WINNESHIEK,,SUNRISE BLVD,Collision with fixed object:  Mailbox,On Roadway,Non-collision (single vehicle),Ran off road - left,None Indicated,,,,Rain,None apparent,,Paved,,Property Damage Only,0,0,0,0,0,0,15300,1,1,,POINT (-91.792432110415 43.286357305333)
2014817046,2014050988,08/31/2014,08-August,1-Sunday,18:07,1800 Hours,District 3 (Northwest),SIOUX CITY,WOODBURY,I-29,I-29 & I-129 & US 20,Collision with:  Vehicle in traffic,On Roadway,Rear-end (front to rear),Improper Backing,None Indicated,,Daylight,Wet,Rain,None apparent,Non-intersection:  Other non-intersection (explain in narrative),Paved,,Possible/Unknown,0,1,0,0,1,0,4500,2,5,,POINT (-96.375372018148 42.446298793257)
2014815044,14036920,08/31/2014,08-August,1-Sunday,14:58,1400 Hours,District 5 (Southeast),,MUSCATINE,,Co Rd G28/231ST ST & BURLINGTON RD,Non-collision events:  Other non-collision (explain in narrative),Roadside,Non-collision (single vehicle),Swerving/Evasive Action,None Indicated,,Daylight,Dry,Clear,"Surface condition (e.g., wet, icy)",Non-intersection:  Non-junction/no special feature,Paved,,Major Injury,0,1,1,0,0,0,5000,1,1,,POINT (-91.105138300927 41.417339654528)
2014816138,14-004062,08/31/2014,08-August,1-Sunday,00:00,0000 Hours,District 1 (Central),AMES,STORY,,ROSS RD,Collision with:  Parked motor vehicle,On Roadway,"Sideswipe, same direction",Unknown,None Indicated,,Dark - roadway lighted,Dry,Clear,None apparent,Non-intersection:  Non-junction/no special feature,Paved,,Property Damage Only,0,0,0,0,0,0,2500,3,1,,POINT (-93.666763038702 42.032214518755)
2014814543,20140025617,08/31/2014,08-August,1-Sunday,12:27,1200 Hours,District 1 (Central),DES MOINES,POLK,US 69,US 69/JOHNSON CT & WALKER ST,Collision with:  Vehicle in traffic,On Roadway,"Sideswipe, same direction",Made improper turn,None Indicated,,Daylight,Dry,Cloudy,None apparent,Intersection:  Four-way intersection,Paved,,Property Damage Only,0,0,0,0,0,0,4500,2,2,,POINT (-93.597393970087 41.598031472558)
2014816538,2014050882,08/31/2014,08-August,1-Sunday,00:40,0000 Hours,District 1 (Central),,STORY,I-35,I-35,Collision with fixed object:  Guardrail - face,Roadside,Non-collision (single vehicle),Ran off road - left,None Indicated,,Dark - roadway not lighted,Dry,Clear,None apparent,Non-intersection:  Non-junction/no special feature,Paved,,Property Damage Only,0,0,0,0,0,0,7328,1,1,,POINT (-93.570721841749 41.907908866163)
2014815054,14087768,08/31/2014,08-August,1-Sunday,12:51,1200 Hours,District 2 (Northeast),CEDAR FALLS,BLACK HAWK,,W LONE TREE RD & CENTER ST,Collision with:  Vehicle in traffic,On Roadway,Broadside (front to side),FTYROW:  From stop sign,None Indicated,,Daylight,Dry,Clear,None apparent,Intersection:  Four-way intersection,Paved,,Property Damage Only,0,0,0,0,0,0,7000,2,4,,POINT (-92.455954054898 42.56202773732)
2014816141,14-004068,08/31/2014,08-August,1-Sunday,13:40,1300 Hours,District 1 (Central),AMES,STORY,,GREENSBORO DR & STANGE RD,Collision with:  Vehicle in traffic,On Roadway,Rear-end (front to rear),Followed too close,None Indicated,,Daylight,Dry,Cloudy,None apparent,Non-intersection:  Non-junction/no special feature,Paved,,Possible/Unknown,0,3,0,0,2,1,9800,2,3,,POINT (-93.644845310884 42.043841111689)
2014816361,,08/31/2014,08-August,1-Sunday,19:28,1900 Hours,District 2 (Northeast),,WINNESHIEK,,Co Rd W34/NORTH WINN RD & 360TH ST,Collision with:  Vehicle in traffic,On Roadway,Broadside (front to side),Ran Stop Sign,Refused,,Dusk,Dry,Cloudy,None apparent,Intersection:  Four-way intersection,Paved,,Major Injury,0,4,1,2,1,0,62500,2,4,,POINT (-91.80971070104 43.457495764442)
2014814506,201412852,08/31/2014,08-August,1-Sunday,00:11,0000 Hours,District 6 (East Central),CEDAR RAPIDS,LINN,,KIRKWOOD BLVD SW,Collision with:  Vehicle in traffic,On Roadway,Broadside (front to side),Other (explain in narrative):  Other,Alcohol (Statutory),,Dark - roadway lighted,Dry,Clear,None apparent,Non-intersection:  Non-junction/no special feature,Paved,,Property Damage Only,0,0,0,0,0,0,22000,2,2,,POINT (-91.6566977451 41.916807771694)
2014816245,,08/31/2014,08-August,1-Sunday,17:15,1700 Hours,District 6 (East Central),CEDAR RAPIDS,LINN,IA 100,IA 100/COLLINS RD NE/COLLINS RD SE & IA 922/1ST AVE E,Collision with:  Vehicle in traffic,On Roadway,Rear-end (front to rear),Unknown,None Indicated,,Daylight,Dry,Cloudy,,Intersection:  Four-way intersection,Paved,,Minor Injury,0,1,0,1,0,0,0,2,4,,POINT (-91.621272839211 42.02576194308)
2014816139,14-004063,08/31/2014,08-August,1-Sunday,10:31,1000 Hours,District 1 (Central),AMES,STORY,US 69,US 69/GRAND AVE & 30TH ST & DUFF AVE,Collision with:  Vehicle in traffic,On Roadway,Head-on (front to front),FTYROW:  Making left turn,None Indicated,,Daylight,Dry,Clear,None apparent,Intersection:  Four-way intersection,Paved,,Major Injury,0,4,1,0,1,2,13000,2,4,,POINT (-93.62058186056 42.051198112449)
2014815167,1400000754,08/31/2014,08-August,1-Sunday,18:58,1800 Hours,District 1 (Central),MARSHALLTOWN,MARSHALL,IA 14,IA 14/REED AVE & 300TH ST,Collision with fixed object:  Ditch,On Roadway,Non-collision (single vehicle),Ran off road - right,None Indicated,,Daylight,Dry,Clear,None apparent,Intersection:  T-intersection,Paved,,Possible/Unknown,0,1,0,0,1,0,2000,1,1,,POINT (-92.921973789787 41.920324950007)
2014814815,14-28645,08/31/2014,08-August,1-Sunday,16:55,1600 Hours,District 3 (Northwest),SIOUX CITY,WOODBURY,,3RD AVE & S CLINTON ST,Collision with:  Vehicle in traffic,On Roadway,Broadside (front to side),FTYROW:  From stop sign,None Indicated,,Daylight,Dry,Cloudy,None apparent,Intersection:  Four-way intersection,Paved,,Property Damage Only,0,0,0,0,0,0,2000,2,2,,POINT (-96.348942231512 42.469361201992)
2014816518,2014050928,08/31/2014,08-August,1-Sunday,12:40,1200 Hours,District 6 (East Central),,BENTON,I-380,I-380,Collision with:  Vehicle in traffic,On Roadway,"Sideswipe, same direction",Swerving/Evasive Action,None Indicated,,Daylight,Dry,Clear,None apparent,Non-intersection:  Non-junction/no special feature,Paved,,Property Damage Only,0,0,0,0,0,0,5000,2,5,,POINT (-91.83665127509 42.208020937122)
2014814719,20140025661,08/31/2014,08-August,1-Sunday,21:30,2100 Hours,District 1 (Central),DES MOINES,POLK,US 6,US 6/E EUCLID AVE & US 69/E 14TH ST,Collision with:  Vehicle in traffic,On Roadway,"Angle, oncoming left turn",FTYROW:  Making left turn,None Indicated,,Dark - roadway lighted,Wet,Rain,None apparent,Intersection:  Four-way intersection,Paved,,Property Damage Only,0,0,0,0,0,0,5000,2,2,,POINT (-93.600513391852 41.627748046332)
2014815816,14-007650,08/31/2014,08-August,1-Sunday,10:30,1000 Hours,District 6 (East Central),MANCHESTER,DELAWARE,,S 12TH ST,Collision with:  Parked motor vehicle,Outside trafficway,Rear-end (front to rear),Improper Backing,None Indicated,,Daylight,Dry,Clear,None apparent,Non-intersection:  Non-junction/no special feature,Paved,,Property Damage Only,0,0,0,0,0,0,6000,2,2,,POINT (-91.477215759869 42.482749375808)
2014814874,14027064,08/31/2014,08-August,1-Sunday,13:25,1300 Hours,District 5 (Southeast),,LEE,US 61,US 61,Non-collision events:  Other non-collision (explain in narrative),Shoulder,Non-collision (single vehicle),Ran off road - right,None Indicated,,Daylight,Dry,Clear,None apparent,Non-intersection:  Non-junction/no special feature,Paved,,Property Damage Only,0,0,0,0,0,0,1700,1,1,,POINT (-91.427873797124 40.437779502689)
2014816883,14-001029,08/31/2014,08-August,1-Sunday,02:30,0200 Hours,District 1 (Central),JOHNSTON,POLK,,NORTHGLENN DR & MERLE HAY RD,Collision with fixed object:  Curb/island/raised median,On Roadway,Non-collision (single vehicle),Made improper turn,Alcohol (< Statutory),,Dark - roadway lighted,Dry,Clear,None apparent,Intersection:  Four-way intersection,Paved,,Property Damage Only,0,0,0,0,0,0,8000,1,1,,POINT (-93.697722116312 41.682728089847)
2014820142,,08/31/2014,08-August,1-Sunday,21:22,2100 Hours,District 2 (Northeast),CLEAR LAKE,CERRO GORDO,,W 7TH AVE N,Collision with:  Parked motor vehicle,On Roadway,Rear-end (front to rear),Driver Distraction:  Manual operation of an electronic communication device,Alcohol (Statutory),,Dark - roadway not lighted,Wet,Rain,None apparent,Non-intersection:  Non-junction/no special feature,Paved,,Property Damage Only,0,0,0,0,0,0,8000,2,1,,POINT (-93.403852730575 43.141036505033)
2014814684,C14002742,08/31/2014,08-August,1-Sunday,15:50,1500 Hours,District 6 (East Central),CORALVILLE,JOHNSON,US 6,US 6,Collision with:  Vehicle in traffic,On Roadway,"Sideswipe, same direction","Operating vehicle in an reckless, erratic, careless, negligent manner",None Indicated,,Daylight,Dry,Cloudy,None apparent,Non-intersection:  Non-junction/no special feature,Paved,,Property Damage Only,0,0,0,0,0,0,7500,2,6,,POINT (-91.641233670747 41.705157976682)
2014814541,20140025591,08/31/2014,08-August,1-Sunday,07:00,0700 Hours,District 1 (Central),DES MOINES,POLK,,MONDAMIN AVE & 19TH ST,Collision with:  Vehicle in traffic,On Roadway,Broadside (front to side),Lost Control,Alcohol (Statutory),,Daylight,Dry,Clear,None apparent,Non-intersection:  Non-junction/no special feature,Paved,,Property Damage Only,0,0,0,0,0,0,5000,2,4,,POINT (-93.643396645346 41.608591896775)
2014822978,2014-012558,08/31/2014,08-August,1-Sunday,16:03,1600 Hours,District 6 (East Central),,DUBUQUE,US 52,US 52,Collision with:  Vehicle in traffic,On Roadway,Head-on (front to front),Crossed centerline (undivided),None Indicated,,Daylight,Dry,Clear,None apparent,Non-intersection:  Driveway access (within),Paved,,Fatal,1,1,0,0,1,0,45000,3,5,,POINT (-90.585597744077 42.394405559515)
2014814833,S14-87715,08/31/2014,08-August,1-Sunday,08:29,0800 Hours,District 2 (Northeast),,BLACK HAWK,IA 281,IA 281/FAIRBANK RD,Collision with fixed object:  Ditch,Outside trafficway,Non-collision (single vehicle),Swerving/Evasive Action,None Indicated,,Daylight,Dry,Clear,None apparent,Non-intersection:  Non-junction/no special feature,Paved,,Minor Injury,0,1,0,1,0,0,7000,1,1,,POINT (-92.149157033288 42.635096262279)
2014814550,20140025665,08/31/2014,08-August,1-Sunday,21:50,2100 Hours,District 1 (Central),DES MOINES,POLK,,FRANKLIN AVE & 2ND AVE,Collision with:  Vehicle in traffic,On Roadway,Rear-end (front to rear),Followed too close,None Indicated,,Dark - roadway lighted,Wet,Rain,None apparent,Intersection:  T-intersection,Paved,,Possible/Unknown,0,1,0,0,1,0,4000,2,2,,POINT (-93.619815671217 41.611279502774)
2014816804,02-14-12561,08/31/2014,08-August,1-Sunday,23:40,2300 Hours,District 6 (East Central),,DUBUQUE,,OLD HIGHWAY RD,Collision with fixed object:  Ditch,On Roadway,Non-collision (single vehicle),Ran off road - right,None Indicated,,Dark - roadway not lighted,Dry,Cloudy,None apparent,Non-intersection:  Non-junction/no special feature,Paved,,Property Damage Only,0,0,0,0,0,0,5800,1,1,,POINT (-90.868665405571 42.458834852349)
2014816879,14007683,08/31/2014,08-August,1-Sunday,22:48,2200 Hours,District 6 (East Central),,DELAWARE,,150TH AVE,Non-collision events:  Overturn/rollover,On Roadway,Non-collision (single vehicle),Swerving/Evasive Action,Alcohol (Statutory),,Dark - roadway not lighted,"Mud, dirt",Clear,None apparent,Non-intersection:  Non-junction/no special feature,Unpaved,,Minor Injury,0,2,0,2,0,0,5000,1,2,,POINT (-91.514883771734 42.568067250285)
2014814547,20140025610,08/31/2014,08-August,1-Sunday,11:30,1100 Hours,District 1 (Central),DES MOINES,POLK,,E KENYON AVE & SE 5TH ST,Collision with:  Vehicle in traffic,On Roadway,Broadside (front to side),FTYROW:  From stop sign,None Indicated,,Daylight,Dry,Clear,None apparent,Intersection:  Four-way intersection,Paved,,Property Damage Only,0,0,0,0,0,0,14000,2,4,,POINT (-93.606467941391 41.535446364113)
2014814982,2014-61319,08/31/2014,08-August,1-Sunday,17:38,1700 Hours,District 6 (East Central),DAVENPORT,SCOTT,US 6,US 6/W KIMBERLY RD/E KIMBERLY RD & IA 461/WELCOME WAY,Collision with:  Vehicle in traffic,On Roadway,Unknown,Ran Traffic Signal,None Indicated,,Daylight,Dry,Clear,None apparent,Intersection:  Other intersection (explain in narrative),Paved,,Property Damage Only,0,0,0,0,0,0,4000,2,2,,POINT (-90.570930788018 41.560317081912)
2014814511,14-003997,08/31/2014,08-August,1-Sunday,15:48,1500 Hours,District 3 (Northwest),,LYON,US 75,US 75,Collision with fixed object:  Ditch,On Roadway,Non-collision (single vehicle),Crossed centerline (undivided),None Indicated,,Daylight,Dry,Clear,None apparent,Non-intersection:  Non-junction/no special feature,Paved,,Minor Injury,0,2,0,2,0,0,3000,1,3,,POINT (-96.175869675955 43.399985271237)
2014817775,90-14-000283,08/31/2014,08-August,1-Sunday,02:36,0200 Hours,District 2 (Northeast),HUMBOLDT,HUMBOLDT,,215TH ST,Collision with fixed object:  Ditch,On Roadway,Non-collision (single vehicle),"Operating vehicle in an reckless, erratic, careless, negligent manner",None Indicated,,Dark - roadway not lighted,Dry,Cloudy,None apparent,Non-intersection:  Non-junction/no special feature,Unpaved,,Property Damage Only,0,0,0,0,0,0,7060,1,1,,POINT (-94.2079689924 42.73891646491)
2014814860,2014009044,08/31/2014,08-August,1-Sunday,11:56,1100 Hours,District 1 (Central),MARSHALLTOWN,MARSHALL,,E STATE ST,Collision with:  Vehicle in traffic,On Roadway,Broadside (front to side),FTYROW:  From driveway,None Indicated,,Daylight,Dry,Clear,None apparent,Non-intersection:  Driveway access (within),Paved,,Property Damage Only,0,0,0,0,0,0,1600,2,7,,POINT (-92.903132528656 42.050403223768)
2014831291,2014050994,08/31/2014,08-August,1-Sunday,20:00,2000 Hours,District 3 (Northwest),,CRAWFORD,,Co Rd M36/DONNA REED RD,Non-collision events:  Other non-collision (explain in narrative),On Roadway,Non-collision (single vehicle),Other (explain in narrative):  No improper action,None Indicated,,Dark - roadway not lighted,Wet,Rain,Debris,Non-intersection:  Non-junction/no special feature,Paved,,Property Damage Only,0,0,0,0,0,0,5000,1,1,,POINT (-95.305025728015 41.96930390076)
2014816519,2014050950,08/31/2014,08-August,1-Sunday,14:40,1400 Hours,District 6 (East Central),CEDAR RAPIDS,LINN,,BLAIRS FERRY RD NE & C AVE,Collision with:  Vehicle in traffic,On Roadway,Head-on (front to front),Swerving/Evasive Action,None Indicated,,Daylight,Dry,Clear,None apparent,Non-intersection:  Non-junction/no special feature,Paved,,Possible/Unknown,0,2,0,0,2,0,11000,2,2,,POINT (-91.666985585188 42.034777003755)
2014814549,20140025638,08/31/2014,08-August,1-Sunday,16:20,1600 Hours,District 1 (Central),DES MOINES,POLK,US 69,US 69/E 14TH ST & E COURT AVE,Collision with:  Vehicle in traffic,On Roadway,Broadside (front to side),"Operating vehicle in an reckless, erratic, careless, negligent manner",None Indicated,,Daylight,Dry,Cloudy,None apparent,Non-intersection:  Non-junction/no special feature,Paved,,Property Damage Only,0,0,0,0,0,0,1500,2,2,,POINT (-93.5968376764 41.589747694631)
2014815325,201450898,08/31/2014,08-August,1-Sunday,02:53,0200 Hours,District 1 (Central),,POLK,I-80,I-80,Non-collision events:  Other non-collision (explain in narrative),Roadside,Non-collision (single vehicle),Ran off road - right,Alcohol (Statutory),,Dark - roadway not lighted,Dry,Clear,None apparent,Non-intersection:  Other non-intersection (explain in narrative),Paved,,Minor Injury,0,1,0,1,0,0,8662,1,1,,POINT (-93.34935613724 41.680820249312)
2014814488,142663,08/31/2014,08-August,1-Sunday,19:30,1900 Hours,District 3 (Northwest),DENISON,CRAWFORD,US 59,US 59 & S 5TH ST,Collision with:  Other non-fixed object (explain in narrative),On Roadway,Non-collision (single vehicle),Other (explain in narrative):  No improper action,None Indicated,,Daylight,Wet,Rain,Debris,Non-intersection:  Non-junction/no special feature,Paved,,Property Damage Only,0,0,0,0,0,0,3000,1,4,,POINT (-95.366471229237 42.018053649122)
2014814816,14-28653,08/31/2014,08-August,1-Sunday,18:01,1800 Hours,District 3 (Northwest),SIOUX CITY,WOODBURY,I-29,I-29,Non-collision events:  Other non-collision (explain in narrative),On Roadway,Non-collision (single vehicle),Other (explain in narrative):  No improper action,None Indicated,,Daylight,Wet,Rain,Work Zone (roadway-related),Non-intersection:  Non-junction/no special feature,Paved,Yes,Property Damage Only,0,0,0,0,0,0,3000,1,1,,POINT (-96.365487714288 42.411579951108)
2014814820,14-28696,08/31/2014,08-August,1-Sunday,23:24,2300 Hours,District 3 (Northwest),SIOUX CITY,WOODBURY,,FLOYD BLVD,Collision with fixed object:  Other fixed object (explain in narrative),On Roadway,Non-collision (single vehicle),Made improper turn,None Indicated,,Dark - roadway lighted,Dry,Cloudy,None apparent,Non-intersection:  Non-junction/no special feature,Paved,,Property Damage Only,0,0,0,0,0,0,3000,1,1,,POINT (-96.372585495587 42.53086125408)
2014814612,14-036824,08/31/2014,08-August,1-Sunday,03:16,0300 Hours,District 4 (Southwest),COUNCIL BLUFFS,POTTAWATTAMIE,I-80,I-80,Collision with:  Vehicle in traffic,On Roadway,Head-on (front to front),Traveling wrong way or on wrong side of road,Alcohol (Statutory),,Dark - roadway not lighted,Dry,Clear,None apparent,Non-intersection:  Non-junction/no special feature,Paved,,Minor Injury,0,2,0,1,1,0,23000,2,2,,POINT (-95.813596196664 41.248314331712)
2014815535,14-030831-01,08/31/2014,08-August,1-Sunday,17:20,1700 Hours,District 6 (East Central),,IOWA,US 6,US 6,Collision with:  Animal,,,Animal,None Indicated,,,,,,,Paved,,Property Damage Only,0,0,0,0,0,0,1500,1,1,,POINT (-92.266054874131 41.742732505212)
2014816227,14-181,08/31/2014,08-August,1-Sunday,20:17,2000 Hours,District 2 (Northeast),WAVERLY,BREMER,,W BREMER AVE & WILLOW CIR,Collision with:  Parked motor vehicle,On Roadway,Rear-end (front to rear),FTYROW:  From driveway,None Indicated,,Dark - unknown roadway lighting,Unknown,Unknown,None apparent,Non-intersection:  Driveway access (within),Paved,,Property Damage Only,0,0,0,0,0,0,2500,2,1,,POINT (-92.499801775186 42.724580935965)
2014814983,2014-61350,08/31/2014,08-August,1-Sunday,20:13,2000 Hours,District 6 (East Central),DAVENPORT,SCOTT,,W LOCUST ST,Collision with:  Vehicle in traffic,On Roadway,Rear-end (front to rear),Followed too close,None Indicated,,Dark - roadway lighted,Dry,Clear,None apparent,Non-intersection:  Non-junction/no special feature,Paved,,Possible/Unknown,0,1,0,0,1,0,7000,2,3,,POINT (-90.590624522641 41.538260679321)
2014816249,,08/31/2014,08-August,1-Sunday,04:20,0400 Hours,District 2 (Northeast),,HOWARD,IA 9,IA 9/IOWA 9,Collision with:  Animal,On Roadway,Non-collision (single vehicle),Animal,None Indicated,,Dark - roadway not lighted,Wet,"Fog, smoke, smog",,Non-intersection:  Non-junction/no special feature,Paved,,Property Damage Only,0,0,0,0,0,0,2300,1,1,,POINT (-92.234501922622 43.370886831064)
2014815961,14-001012,08/31/2014,08-August,1-Sunday,12:42,1200 Hours,District 1 (Central),,STORY,IA 210,IA 210/IOWA 210,Collision with fixed object:  Ditch,Shoulder,Non-collision (single vehicle),Ran off road - right,None Indicated,,Daylight,Dry,Clear,None apparent,Non-intersection:  Non-junction/no special feature,Paved,,Minor Injury,0,1,0,1,0,0,10000,1,1,,POINT (-93.58377072054 41.877778621517)
2014814546,20140025603,08/31/2014,08-August,1-Sunday,10:37,1000 Hours,District 1 (Central),DES MOINES,POLK,,MCKINLEY AVE & FLEUR DR,Collision with:  Vehicle in traffic,On Roadway,Broadside (front to side),FTYROW:  Making right turn on red signal,None Indicated,,Daylight,Dry,Clear,None apparent,Intersection:  Four-way intersection,Paved,,Property Damage Only,0,0,0,0,0,0,1700,2,4,,POINT (-93.645099562519 41.540955789491)
2014814818,14-28673,08/31/2014,08-August,1-Sunday,20:01,2000 Hours,District 3 (Northwest),SIOUX CITY,WOODBURY,,,Collision with:  Vehicle in traffic,On Roadway,"Sideswipe, opposite direction",Exceeded authorized speed,None Indicated,,Dusk,Wet,Clear,None apparent,Non-intersection:  Non-junction/no special feature,,,Possible/Unknown,0,2,0,0,2,0,3500,2,5,,POINT (-96.643700149993 40.233091251414)
2014814604,14-036926,08/31/2014,08-August,1-Sunday,21:39,2100 Hours,District 4 (Southwest),COUNCIL BLUFFS,POTTAWATTAMIE,US 6,US 6/W BROADWAY & S 8TH ST & N 8TH ST,Collision with:  Vehicle in traffic,On Roadway,Rear-end (front to rear),Unknown,None Indicated,,Dark - roadway lighted,Wet,Rain,None apparent,Intersection:  Four-way intersection,Paved,,Possible/Unknown,0,1,0,0,1,0,100,2,4,,POINT (-95.856049604318 41.261876587954)
2014814981,2014-61311,08/31/2014,08-August,1-Sunday,16:42,1600 Hours,District 6 (East Central),DAVENPORT,SCOTT,US 6,US 6/W KIMBERLY RD,Collision with:  Vehicle in traffic,On Roadway,Rear-end (front to rear),Other (explain in narrative):  Other,None Indicated,,Daylight,Dry,Clear,None apparent,Non-intersection:  Non-junction/no special feature,Paved,,Property Damage Only,0,0,0,0,0,0,3000,2,4,,POINT (-90.601231079355 41.560034892815)
2014815741,2014009064,08/31/2014,08-August,1-Sunday,20:08,2000 Hours,District 1 (Central),MARSHALLTOWN,MARSHALL,,LINCOLN WAY,Collision with fixed object:  Tree,On Roadway,Non-collision (single vehicle),Other (explain in narrative):  No improper action,Drug/Alcohol (Statutory),,Dark - roadway not lighted,Dry,Clear,Debris,Non-intersection:  Non-junction/no special feature,Paved,,Minor Injury,0,1,0,1,0,0,6500,1,1,,POINT (-92.955671859984 42.037411998926)
2014814746,14-1937,08/31/2014,08-August,1-Sunday,22:20,2200 Hours,District 1 (Central),URBANDALE,POLK,I-35,I-35,Collision with fixed object:  Guardrail - face,Shoulder,Non-collision (single vehicle),Ran off road - right,None Indicated,,Dark - roadway not lighted,Wet,Rain,None apparent,Non-intersection:  Non-junction/no special feature,Paved,,Property Damage Only,0,0,0,0,0,0,8500,1,1,,POINT (-93.706739386382 41.652517188387)
2014814907,14-13256,08/31/2014,08-August,1-Sunday,15:21,1500 Hours,District 3 (Northwest),,CLAY,,Co Rd B40/400TH ST & Co Rd M27/130TH AVE,Collision with:  Vehicle in traffic,On Roadway,Broadside (front to side),Ran Stop Sign,None Indicated,,Daylight,Wet,Cloudy,None apparent,Intersection:  Four-way intersection,Paved,,Major Injury,0,6,3,2,1,0,45000,4,6,,POINT (-95.328731139428 43.068710721304)
2014814658,W14-087937,08/31/2014,08-August,1-Sunday,23:22,2300 Hours,District 2 (Northeast),WATERLOO,BLACK HAWK,,LA PORTE RD,Collision with:  Vehicle in traffic,On Roadway,"Sideswipe, same direction",Unknown,None Indicated,,Dark - roadway lighted,Wet,Rain,None apparent,Intersection:  Other intersection (explain in narrative),Paved,,Property Damage Only,0,0,0,0,0,0,3000,2,3,,POINT (-92.322285084945 42.468807531809)
2014815150,14-30987,08/31/2014,08-August,1-Sunday,13:25,1300 Hours,District 5 (Southeast),BURLINGTON,DES MOINES,,Co Rd X99/DMC 99 & 80TH AVE,Collision with:  Vehicle in traffic,On Roadway,Rear-end (front to rear),Swerving/Evasive Action,None Indicated,,Daylight,Dry,Clear,None apparent,Intersection:  Y-intersection,Paved,,Property Damage Only,0,0,0,0,0,0,10000,2,2,,POINT (-91.084435945876 40.877971483347)
2014814545,20140025589,08/31/2014,08-August,1-Sunday,04:55,0400 Hours,District 1 (Central),DES MOINES,POLK,,WITMER ST & 27TH ST,Collision with fixed object:  Other fixed object (explain in narrative),Roadside,Head-on (front to front),"Operating vehicle in an reckless, erratic, careless, negligent manner",None Indicated,,Dark - roadway lighted,Dry,Clear,None apparent,Non-intersection:  Non-junction/no special feature,Paved,,Possible/Unknown,0,1,0,0,0,1,6250,2,3,,POINT (-93.653595588761 41.610750138514)
2014816768,01-14-37271,08/31/2014,08-August,1-Sunday,00:17,0000 Hours,District 6 (East Central),DUBUQUE,DUBUQUE,,LOCUST ST S,Collision with:  Vehicle in traffic,On Roadway,Rear-end (front to rear),Lost Control,Alcohol (Statutory),,Dark - roadway lighted,Dry,Cloudy,None apparent,Non-intersection:  Non-junction/no special feature,Paved,,Property Damage Only,0,0,0,0,0,0,4000,3,1,,POINT (-90.66595036738 42.49625438781)