Iowa DOT Case Number,Law Enforcement Case Number,Date of Crash,Month of Crash,Day of Week,Time of Crash,Hour,DOT District,City Name,County Name,Route with System,Location Description,First Harmful Event,Location of First Harmful Event,Manner of Crash/Collision,Major Cause,Drug or Alcohol ,Environmental Conditions,Light Conditions,Surface Conditions,Weather Conditions,Roadway Contribution,Roadway Type,Roadway Surface,Work Zone,Crash Severity,Number of Fatalities,Number of Injuries,Number of Major Injuries,Number of Minor Injuries,Number of Possible Injuries,Number of Unknown Injuries,Amount of Property Damage,Number of Vehicles Involved,Total Number of Occupants,Travel Direction,Location
2014818147,2014051020,08/31/2014,08-August,1-Sunday,22:23,2200 Hours,District 1 (Central),,POLK,I-35,I-35,Collision with fixed object:  Utility pole/light support,Roadside,Non-collision (single vehicle),Driving too fast for conditions,None Indicated,,Dark - roadway lighted,Wet,Rain,None apparent,Non-intersection:  Non-junction/no special feature,Paved,,Property Damage Only,0,0,0,0,0,0,10500,1,1,,POINT (-93.682745191039 41.651455261089)
2014817613,1408311232,08/31/2014,08-August,1-Sunday,12:32,1200 Hours,District 6 (East Central),MARTELLE,JONES,IA 1,IA 1/IOWA 1,Collision with:  Vehicle in traffic,On Roadway,"Sideswipe, same direction",Other (explain in narrative):  Other,None Indicated,,Daylight,Dry,Clear,None apparent,Intersection:  Four-way intersection,Paved,,Property Damage Only,0,0,0,0,0,0,5500,2,2,,POINT (-91.361891928718 42.019848842551)
2014814744,14-1935,08/31/2014,08-August,1-Sunday,16:21,1600 Hours,District 1 (Central),URBANDALE,POLK,US 6,US 6/HICKMAN RD & 73RD ST,Collision with:  Vehicle in traffic,On Roadway,Head-on (front to front),Ran Traffic Signal,None Indicated,,Daylight,Dry,Cloudy,None apparent,Intersection:  Four-way intersection,Paved,,Property Damage Only,0,0,0,0,0,0,12500,2,4,,POINT (-93.718521064376 41.614713149091)
2014815055,14087791,08/31/2014,08-August,1-Sunday,14:04,1400 Hours,District 2 (Northeast),CEDAR FALLS,BLACK HAWK,,18TH ST & EAST ST,Collision with:  Vehicle in traffic,On Roadway,Broadside (front to side),FTYROW:  From stop sign,None Indicated,,Daylight,Dry,Clear,None apparent,Intersection:  Four-way intersection,Paved,,Property Damage Only,0,0,0,0,0,0,8000,2,3,,POINT (-92.43843329033 42.521525287371)
2014814745,14-1936,08/31/2014,08-August,1-Sunday,16:30,1600 Hours,District 1 (Central),URBANDALE,POLK,I-35,I-35 & US 6/HICKMAN RD,Collision with:  Vehicle in traffic,On Roadway,"Sideswipe, same direction",Other (explain in narrative):  Other,None Indicated,,Daylight,Dry,Cloudy,None apparent,Intersection:  Four-way intersection,Paved,,Property Damage Only,0,0,0,0,0,0,7000,2,6,,POINT (-93.775726975844 41.614890795075)
2014814548,20140025612,08/31/2014,08-August,1-Sunday,11:30,1100 Hours,District 1 (Central),DES MOINES,POLK,,E GRAND AVE,Collision with:  Vehicle in traffic,On Roadway,"Sideswipe, opposite direction",FTYROW:  Making left turn,None Indicated,,Daylight,Dry,Cloudy,None apparent,Non-intersection:  Driveway access (within),Paved,,Property Damage Only,0,0,0,0,0,0,3000,2,2,,POINT (-93.571608670388 41.595478408273)
2014815033,14-009043,08/31/2014,08-August,1-Sunday,08:00,0800 Hours,District 3 (Northwest),,CARROLL,,QUARTZ AVE,Non-collision events:  Overturn/rollover,Gore,Non-collision (single vehicle),Driving too fast for conditions,None Indicated,,Daylight,"Mud, dirt",Cloudy,None apparent,Intersection:  Other intersection (explain in narrative),Unpaved,,Property Damage Only,0,0,0,0,0,0,3000,1,1,,POINT (-94.774076377894 42.034876024833)
2014814759,2014-61352,08/31/2014,08-August,1-Sunday,20:29,2000 Hours,District 6 (East Central),DAVENPORT,SCOTT,,IA 461/BRADY ST & W 3RD ST & E 3RD ST,Collision with:  Parked motor vehicle,On Roadway,Rear-end (front to rear),Lost Control,None Indicated,,Dark - roadway lighted,Dry,Clear,None apparent,Non-intersection:  Non-junction/no special feature,Paved,,Property Damage Only,0,0,0,0,0,0,7000,2,2,,POINT (-90.574063088526 41.522421256536)
2014815291,02-14-12560,08/31/2014,08-August,1-Sunday,23:15,2300 Hours,District 6 (East Central),,DUBUQUE,,OLD HIGHWAY RD,Collision with:  Animal,,Non-collision (single vehicle),Animal,None Indicated,,,,,,,Paved,,Property Damage Only,0,0,0,0,0,0,2000,1,1,,POINT (-90.865033777972 42.46012704822)
2014815046,14036955,08/31/2014,08-August,1-Sunday,19:38,1900 Hours,District 5 (Southeast),,MUSCATINE,,Co Rd X54/N MULBERRY RD & BAYFIELD RD,Collision with:  Vehicle in traffic,On Roadway,Broadside (front to side),FTYROW:  From stop sign,None Indicated,,Dark - roadway not lighted,Dry,Clear,None apparent,Intersection:  Four-way intersection,Paved,,Minor Injury,0,3,0,1,2,0,12000,2,3,,POINT (-91.093207722661 41.465203402334)
2014815774,2014050981,08/31/2014,08-August,1-Sunday,15:20,1500 Hours,District 5 (Southeast),,WAPELLO,,CLIFFLAND RD,Collision with:  Vehicle in traffic,On Roadway,Head-on (front to front),Crossed centerline (undivided),None Indicated,,Daylight,"Mud, dirt",Cloudy,None apparent,Non-intersection:  Non-junction/no special feature,Unpaved,,Major Injury,0,5,4,0,1,0,13000,2,5,,POINT (-92.363719077453 41.001675493381)
2014814817,14-28658,08/31/2014,08-August,1-Sunday,18:23,1800 Hours,District 3 (Northwest),SIOUX CITY,WOODBURY,,VIRGINIA ST,Collision with:  Parked motor vehicle,On Roadway,"Sideswipe, same direction",Lost Control,Under Influence of Alcohol/Drugs/Medications,,Daylight,Wet,Rain,None apparent,Non-intersection:  Non-junction/no special feature,Paved,,Property Damage Only,0,0,0,0,0,0,3800,2,1,,POINT (-96.397970647481 42.504402750046)
2014828338,14080710,08/31/2014,08-August,1-Sunday,12:01,1200 Hours,District 5 (Southeast),,WAPELLO,US 63,US 63,Collision with:  Animal,,Non-collision (single vehicle),Animal,None Indicated,,,,,,,Paved,,Property Damage Only,0,0,0,0,0,0,5000,1,1,,POINT (-92.61745671806 41.144791437697)
2014815775,2014050993,08/31/2014,08-August,1-Sunday,19:30,1900 Hours,District 4 (Southwest),,CASS,IA 173,IA 173/590TH ST,Collision with:  Animal,,,Animal,None Indicated,,,,,,,Paved,,Property Damage Only,0,0,0,0,0,0,3500,1,1,,POINT (-95.060146869868 41.485696533487)
2014814971,14-16949,08/31/2014,08-August,1-Sunday,19:24,1900 Hours,District 6 (East Central),BETTENDORF,SCOTT,I-74,I-74 & US 67/STATE ST & 14TH ST,Collision with:  Vehicle in traffic,On Roadway,Broadside (front to side),Ran Traffic Signal,None Indicated,,Dusk,Dry,Clear,None apparent,Intersection:  Intersection with ramp,Paved,,Property Damage Only,0,0,0,0,0,0,5400,2,4,,POINT (-90.513078152607 41.525170747955)
2014814695,14-5742,08/31/2014,08-August,1-Sunday,22:00,2200 Hours,District 1 (Central),GRIMES,POLK,,NW 70TH AVE & E 1ST ST,Collision with fixed object:  Ditch,Shoulder,Non-collision (single vehicle),Ran off road - right,None Indicated,,Dark - roadway not lighted,Water (standing or moving),Rain,"Surface condition (e.g., wet, icy)",Non-intersection:  Non-junction/no special feature,Paved,,Property Damage Only,0,0,0,0,0,0,7000,1,1,,POINT (-93.765493893282 41.688349410758)
2014814600,14-31042,08/31/2014,08-August,1-Sunday,21:31,2100 Hours,District 5 (Southeast),BURLINGTON,DES MOINES,US 61,US 61 & MT PLEASANT ST,Collision with:  Vehicle in traffic,On Roadway,Rear-end (front to rear),Other (explain in narrative):  Other,None Indicated,,Dark - roadway lighted,Dry,Clear,None apparent,Non-intersection:  Non-junction/no special feature,Paved,,Property Damage Only,0,0,0,0,0,0,2700,2,3,,POINT (-91.141349623592 40.825892203932)
2014814756,14-16931,08/31/2014,08-August,1-Sunday,12:39,1200 Hours,District 6 (East Central),BETTENDORF,SCOTT,,TANGLEFOOT LN & UTICA RIDGE RD,Collision with:  Vehicle in traffic,On Roadway,Rear-end (front to rear),Followed too close,None Indicated,,Daylight,Dry,Clear,Work Zone (roadway-related),Intersection:  Four-way intersection,Paved,Yes,Property Damage Only,0,0,0,0,0,0,1600,2,7,,POINT (-90.517377142268 41.560343441577)
2014814826,14-9345,08/31/2014,08-August,1-Sunday,11:09,1100 Hours,District 3 (Northwest),,SAC,,QUINCY AVE & 180TH ST,Collision with:  Vehicle in traffic,On Roadway,Broadside (front to side),FTYROW:  At uncontrolled intersection,None Indicated,,Daylight,Dry,Clear,None apparent,Intersection:  Four-way intersection,Unpaved,,Major Injury,0,3,2,0,1,0,26000,2,3,,POINT (-95.032759324742 42.532696258587)
2014815045,14036923,08/31/2014,08-August,1-Sunday,15:41,1500 Hours,District 5 (Southeast),,MUSCATINE,,Co Rd F70/155TH ST,Collision with:  Vehicle in traffic,On Roadway,"Sideswipe, opposite direction",Crossed centerline (undivided),None Indicated,,Daylight,Dry,Clear,None apparent,Non-intersection:  Other non-intersection (explain in narrative),Paved,,Property Damage Only,0,0,0,0,0,0,9000,2,2,,POINT (-91.150543387058 41.518136588282)
2014817580,,08/31/2014,08-August,1-Sunday,10:20,1000 Hours,District 5 (Southeast),LEON,DECATUR,IA 2,IA 2/W 1ST ST/E 1ST ST & S MAIN ST & N MAIN ST,Collision with:  Vehicle in traffic,On Roadway,Broadside (front to side),FTYROW:  From stop sign,None Indicated,,Daylight,,Clear,,Intersection:  T-intersection,Paved,,Property Damage Only,0,0,0,0,0,0,15000,2,2,,POINT (-93.746931318209 40.739508762047)
2014814821,14-28737,08/31/2014,08-August,1-Sunday,05:00,0500 Hours,District 3 (Northwest),SIOUX CITY,WOODBURY,,S NEWTON ST,Collision with:  Vehicle in traffic,On Roadway,Rear-end (front to rear),FTYROW:  Other (explain in narrative),None Indicated,,Dark - roadway lighted,Dry,Clear,None apparent,Non-intersection:  Non-junction/no special feature,Paved,,Property Damage Only,0,0,0,0,0,0,4000,2,777,,POINT (-96.358855980103 42.478471521016)
2014816803,02-14-12545,08/31/2014,08-August,1-Sunday,01:07,0100 Hours,District 6 (East Central),,DUBUQUE,,SWISS VALLEY RD,Collision with:  Animal,,,Animal,None Indicated,,,,,,,Paved,,Property Damage Only,0,0,0,0,0,0,2000,1,1,,POINT (-90.745957672247 42.425507999266)
2014815971,14005397,08/31/2014,08-August,1-Sunday,17:59,1700 Hours,District 2 (Northeast),,CERRO GORDO,,Co Rd B35/SOUTHSHORE DR,Collision with:  Vehicle in traffic,On Roadway,Rear-end (front to rear),Followed too close,None Indicated,,Daylight,Wet,Rain,None apparent,Non-intersection:  Non-junction/no special feature,Paved,,Property Damage Only,0,0,0,0,0,0,4500,2,2,,POINT (-93.402274169545 43.108444405037)
2014814516,14-5736,08/31/2014,08-August,1-Sunday,15:09,1500 Hours,District 1 (Central),,POLK,IA 17,IA 17/SPEC CASE,Collision with fixed object:  Ditch,On Roadway,Non-collision (single vehicle),Swerving/Evasive Action,None Indicated,,Daylight,Wet,Rain,"Surface condition (e.g., wet, icy)",Interchange-related:  On-ramp,Paved,,Major Injury,0,1,1,0,0,0,1000,1,1,,POINT (-93.81043124524 41.747433503749)
2014814542,20140025594,08/31/2014,08-August,1-Sunday,08:40,0800 Hours,District 1 (Central),DES MOINES,POLK,,MLK JR PKWY,Collision with:  Vehicle in traffic,On Roadway,Rear-end (front to rear),Lost Control,None Indicated,,Daylight,Dry,Clear,None apparent,Non-intersection:  Non-junction/no special feature,Paved,,Possible/Unknown,0,1,0,0,1,0,750,2,3,,POINT (-93.646375660927 41.614871224548)
2014814594,891405762,08/31/2014,08-August,1-Sunday,18:40,1800 Hours,District 5 (Southeast),,VAN BUREN,IA 1,IA 1/IOWA 1 & Co Rd J40/RTE J40,Non-collision events:  Other non-collision (explain in narrative),On Roadway,Non-collision (single vehicle),Ran Stop Sign,None Indicated,,Daylight,Dry,Clear,None apparent,Intersection:  T-intersection,Paved,,Major Injury,0,2,1,0,1,0,4000,1,2,,POINT (-91.950724861818 40.717571721498)
2014815032,14-001010,08/31/2014,08-August,1-Sunday,00:35,0000 Hours,District 1 (Central),HUXLEY,STORY,I-35,I-35,Collision with fixed object:  Guardrail - face,On Roadway,Non-collision (single vehicle),Swerving/Evasive Action,None Indicated,,Dark - roadway not lighted,Dry,Cloudy,Other (explain in narrative),Non-intersection:  Non-junction/no special feature,Paved,,Property Damage Only,0,0,0,0,0,0,10000,1,3,,POINT (-93.571075118046 41.894784240278)
2014814701,20140025783,09/01/2014,09-September,2-Monday,21:13,2100 Hours,District 1 (Central),DES MOINES,POLK,,E UNIVERSITY AVE & E 9TH ST,Collision with:  Vehicle in traffic,On Roadway,"Angle, oncoming left turn",Unknown,None Indicated,,Dark - roadway lighted,Dry,Cloudy,None apparent,Intersection:  Four-way intersection,Paved,,Possible/Unknown,0,1,0,0,1,0,3500,2,4,,POINT (-93.6065834295 41.600370273013)
2014814822,14-28745,09/01/2014,09-September,2-Monday,12:43,1200 Hours,District 3 (Northwest),SIOUX CITY,WOODBURY,,W 7TH ST & HAMILTON BLVD,Collision with:  Vehicle in traffic,On Roadway,Rear-end (front to rear),Unknown,None Indicated,,Daylight,Dry,Clear,None apparent,Intersection:  Four-way intersection,Paved,,Minor Injury,0,2,0,1,1,0,10400,2,3,,POINT (-96.418485860259 42.503242668767)
2014850954,14-007052,09/01/2014,09-September,2-Monday,06:23,0600 Hours,District 5 (Southeast),,LOUISA,,Co Rd G62/COUNTY RD G62,Collision with:  Animal,,,Animal,None Indicated,,,,,,,Paved,,Property Damage Only,0,0,0,0,0,0,1500,1,1,,POINT (-91.33916942411 41.175914121418)
2014814876,14-31162,09/01/2014,09-September,2-Monday,23:51,2300 Hours,District 5 (Southeast),BURLINGTON,DES MOINES,,12TH ST,Collision with:  Vehicle in traffic,On Roadway,Unknown,Unknown,None Indicated,,Unknown,Dry,Clear,None apparent,Non-intersection:  Non-junction/no special feature,Paved,,Property Damage Only,0,0,0,0,0,0,2000,2,1,,POINT (-91.111835633934 40.797416510084)
2014814552,20140025678,09/01/2014,09-September,2-Monday,01:00,0100 Hours,District 1 (Central),DES MOINES,POLK,US 69,US 69/E 14TH ST & E FLEMING AVE,Collision with:  Vehicle in traffic,On Roadway,"Sideswipe, same direction",Made improper turn,Refused,,Dark - roadway lighted,Wet,Cloudy,None apparent,Non-intersection:  Non-junction/no special feature,Paved,,Property Damage Only,0,0,0,0,0,0,15000,2,2,,POINT (-93.600531177776 41.632251549213)
2014815136,14015241,09/01/2014,09-September,2-Monday,21:34,2100 Hours,District 2 (Northeast),MASON CITY,CERRO GORDO,,S EISENHOWER AVE & FRONTAGE RD SW,Collision with fixed object:  Curb/island/raised median,On Roadway,Non-collision (single vehicle),Lost Control,None Indicated,,Dark - roadway lighted,Dry,Clear,None apparent,Non-intersection:  Non-junction/no special feature,Paved,,Property Damage Only,0,0,0,0,0,0,3400,1,2,,POINT (-93.260609183071 43.147350605075)
2014814851,14088045,09/01/2014,09-September,2-Monday,11:43,1100 Hours,District 2 (Northeast),CEDAR FALLS,BLACK HAWK,,CENTER ST,Collision with:  Animal,,,Animal,None Indicated,,,,,,,Paved,,Property Damage Only,0,0,0,0,0,0,5000,1,2,,POINT (-92.450377073562 42.540909626213)
2014815451,201404030,09/01/2014,09-September,2-Monday,06:25,0600 Hours,District 1 (Central),OGDEN,BOONE,US 30,US 30/220TH ST,Collision with:  Animal,On Roadway,Non-collision (single vehicle),Animal,None Indicated,,Dark - roadway not lighted,Dry,Cloudy,None apparent,Non-intersection:  Non-junction/no special feature,Paved,,Property Damage Only,0,0,0,0,0,0,3500,1,1,,POINT (-93.992381807879 42.029626828515)
2014815190,2014-61463,09/01/2014,09-September,2-Monday,11:35,1100 Hours,District 6 (East Central),DAVENPORT,SCOTT,,EASTERN AVE,Collision with:  Vehicle in traffic,On Roadway,Broadside (front to side),FTYROW:  Making left turn,None Indicated,,Daylight,Dry,Cloudy,None apparent,Intersection:  Four-way intersection,Paved,,Possible/Unknown,0,1,0,0,1,0,3000,2,3,,POINT (-90.551387772891 41.556119661264)
2014814832,S14-003454,09/01/2014,09-September,2-Monday,19:02,1900 Hours,District 4 (Southwest),CRESCENT,POTTAWATTAMIE,,Co Rd L20/OLD LINCOLN HWY & MISSOURI AVE,Collision with fixed object:  Utility pole/light support,On Roadway,Non-collision (single vehicle),Ran off road - right,Alcohol (Statutory),,Daylight,Dry,Clear,None apparent,Non-intersection:  Non-junction/no special feature,Paved,,Possible/Unknown,0,1,0,0,1,0,3000,1,1,,POINT (-95.856623168544 41.376431315574)
2014814671,14-31157,09/01/2014,09-September,2-Monday,20:54,2000 Hours,District 5 (Southeast),WEST BURLINGTON,DES MOINES,,MT PLEASANT ST,Collision with:  Vehicle in traffic,On Roadway,Rear-end (front to rear),FTYROW:  At uncontrolled intersection,Alcohol (Statutory),,Dark - roadway lighted,Dry,Clear,None apparent,Non-intersection:  Driveway access (within),Paved,,Possible/Unknown,0,4,0,0,4,0,15500,3,6,,POINT (-91.164196000196 40.82605994976)
2014816238,143650,09/01/2014,09-September,2-Monday,13:45,1300 Hours,District 1 (Central),ELDORA,HARDIN,,11TH ST,Collision with:  Parked motor vehicle,On Roadway,Unknown,Unknown,None Indicated,,Daylight,Dry,Clear,None apparent,Intersection:  Other intersection (explain in narrative),Paved,,Property Damage Only,0,0,0,0,0,0,4000,2,1,,POINT (-93.096961830526 42.365751085694)
2014815153,201412914,09/01/2014,09-September,2-Monday,14:25,1400 Hours,District 6 (East Central),CEDAR RAPIDS,LINN,,11TH ST NW,Collision with:  Vehicle in traffic,On Roadway,"Angle, oncoming left turn",FTYROW:  From stop sign,None Indicated,,Daylight,Dry,Clear,None apparent,Intersection:  Four-way intersection,Paved,,Property Damage Only,0,0,0,0,0,0,2000,2,5,,POINT (-91.6869412354 41.97498835994)
2014814901,W14-087949,09/01/2014,09-September,2-Monday,00:21,0000 Hours,District 2 (Northeast),WATERLOO,BLACK HAWK,US 218,US 218/SW RAMP CURV,Collision with:  Vehicle in traffic,On Roadway,"Sideswipe, same direction",Other (explain in narrative):  Other,None Indicated,,Dark - roadway lighted,Wet,Rain,None apparent,Non-intersection:  Non-junction/no special feature,Paved,,Property Damage Only,0,0,0,0,0,0,2000,2,6,,POINT (-92.346152351571 42.495603505029)
2014814732,20140025792,09/01/2014,09-September,2-Monday,22:33,2200 Hours,District 1 (Central),DES MOINES,POLK,,LINCOLN AVE & 16TH ST,Collision with fixed object:  Utility pole/light support,Roadside,Non-collision (single vehicle),Exceeded authorized speed,None Indicated,,Dark - roadway lighted,Dry,Clear,None apparent,Intersection:  Four-way intersection,Paved,,Possible/Unknown,0,1,0,0,1,0,7000,1,1,,POINT (-93.639085279169 41.613164587616)
2014909173,080-14,09/01/2014,09-September,2-Monday,19:15,1900 Hours,District 4 (Southwest),,MADISON,,Co Rd R21/HOLLIWELL BRIDGE TRL,Collision with fixed object:  Ditch,On Roadway,Non-collision (single vehicle),Crossed centerline (undivided),None Indicated,,Daylight,"Mud, dirt",Clear,None apparent,Non-intersection:  Non-junction/no special feature,Unpaved,,Property Damage Only,0,0,0,0,0,0,7750,1,4,,POINT (-93.972499158383 41.325087588831)
2014815040,2014009596,09/01/2014,09-September,2-Monday,15:18,1500 Hours,District 6 (East Central),IOWA CITY,JOHNSON,,E HARRISON ST,Collision with:  Parked motor vehicle,On Roadway,"Sideswipe, same direction",Other (explain in narrative):  Other,None Indicated,,Daylight,Dry,Cloudy,None apparent,Non-intersection:  Non-junction/no special feature,Paved,,Property Damage Only,0,0,0,0,0,0,2600,2,16,,POINT (-91.532412666302 41.655515953005)
2014814847,AP14-0276,09/01/2014,09-September,2-Monday,18:40,1800 Hours,District 6 (East Central),ANAMOSA,JONES,US 151,US 151,Non-collision events:  Overturn/rollover,On Roadway,Non-collision (single vehicle),Swerving/Evasive Action,None Indicated,,Daylight,Dry,Cloudy,None apparent,Non-intersection:  Non-junction/no special feature,Paved,,Property Damage Only,0,0,0,0,0,0,2000,1,1,,POINT (-91.265296649303 42.120892028608)
2014815105,2014051067,09/01/2014,09-September,2-Monday,12:20,1200 Hours,District 3 (Northwest),CLEGHORN,CHEROKEE,IA 3,IA 3/IOWA 3,Collision with:  Vehicle in traffic,On Roadway,Head-on (front to front),FTYROW:  Making left turn,None Indicated,,Daylight,Dry,Cloudy,None apparent,Non-intersection:  Driveway access (within),Paved,,Property Damage Only,0,0,0,0,0,0,8000,2,4,,POINT (-95.712541531373 42.808117899471)
2014815154,201412923,09/01/2014,09-September,2-Monday,16:39,1600 Hours,District 6 (East Central),CEDAR RAPIDS,LINN,IA 922,IA 922/1ST AVE E & 2ND ST SE & 2ND ST NE,Collision with:  Vehicle in traffic,On Roadway,Rear-end (front to rear),Followed too close,None Indicated,,Daylight,Dry,Cloudy,None apparent,Intersection:  Four-way intersection,Paved,,Minor Injury,0,2,0,1,1,0,14500,3,8,,POINT (-91.668711053982 41.978705181942)
2014815745,14-16999,09/01/2014,09-September,2-Monday,15:05,1500 Hours,District 6 (East Central),BETTENDORF,SCOTT,,MISSISSIPPI BLVD,Collision with:  Parked motor vehicle,Roadside,Rear-end (front to rear),Ran off road - right,Alcohol (Statutory),,Daylight,Dry,Cloudy,None apparent,Non-intersection:  Non-junction/no special feature,Paved,,Property Damage Only,0,0,0,0,0,0,2000,2,1,,POINT (-90.516053668464 41.529468088363)
2014814685,C14002751,09/01/2014,09-September,2-Monday,03:03,0300 Hours,District 6 (East Central),CORALVILLE,JOHNSON,,23RD AVE,Collision with fixed object:  Mailbox,On Roadway,Non-collision (single vehicle),Ran off road - right,Alcohol (Statutory),,Dark - roadway not lighted,Wet,Rain,None apparent,Non-intersection:  Non-junction/no special feature,Paved,,Property Damage Only,0,0,0,0,0,0,3850,1,1,,POINT (-91.597633647289 41.684467805966)
2014814662,090114-52,09/01/2014,09-September,2-Monday,05:35,0500 Hours,District 3 (Northwest),,BUENA VISTA,IA 7,IA 7/630TH ST,Collision with:  Other non-fixed object (explain in narrative),Roadside,Non-collision (single vehicle),FTYROW:  Other (explain in narrative),None Indicated,,Dark - roadway not lighted,Dry,Cloudy,None apparent,Non-intersection:  Other non-intersection (explain in narrative),Paved,,Major Injury,0,1,1,0,0,0,2200,1,1,,POINT (-95.045836596091 42.604622718573)
2014814881,14-4574,09/01/2014,09-September,2-Monday,21:19,2100 Hours,District 6 (East Central),HIAWATHA,LINN,,TOWER TERRACE RD,Collision with:  Animal,,,Animal,None Indicated,,,,,,,Paved,,Property Damage Only,0,0,0,0,0,0,1500,1,1,,POINT (-91.707496886088 42.059026193261)
2014814749,14-4328,09/01/2014,09-September,2-Monday,17:30,1700 Hours,District 1 (Central),WEST DES MOINES,POLK,I-235,I-235,Collision with fixed object:  Guardrail - face,On Roadway,Non-collision (single vehicle),Swerving/Evasive Action,None Indicated,,Daylight,Dry,Cloudy,None apparent,Non-intersection:  Non-junction/no special feature,Paved,,Possible/Unknown,0,1,0,0,1,0,5500,1,1,,POINT (-93.733770722975 41.593044572208)
2014819706,14-004082,09/01/2014,09-September,2-Monday,10:00,1000 Hours,District 1 (Central),AMES,STORY,,RIDGEWOOD AVE,Collision with:  Parked motor vehicle,On Roadway,"Sideswipe, same direction",Lost Control,None Indicated,,Daylight,Unknown,Cloudy,None apparent,Non-intersection:  Non-junction/no special feature,Paved,,Property Damage Only,0,0,0,0,0,0,6000,2,1,,POINT (-93.629005448633 42.036579671146)
2014815279,01-14-037326,09/01/2014,09-September,2-Monday,13:45,1300 Hours,District 6 (East Central),DUBUQUE,DUBUQUE,,HAWTHORNE ST,Non-collision events:  Other non-collision (explain in narrative),Unknown,Non-collision (single vehicle),Improper Backing,Alcohol (< Statutory),,Daylight,Dry,Cloudy,None apparent,Non-intersection:  Other non-intersection (explain in narrative),Paved,,Property Damage Only,0,0,0,0,0,0,5000,1,1,,POINT (-90.643000615439 42.525699692611)
2014815675,14088110,09/01/2014,09-September,2-Monday,15:57,1500 Hours,District 2 (Northeast),CEDAR FALLS,BLACK HAWK,,MAPLEWOOD DR & BOULDER DR,Collision with:  Vehicle in traffic,On Roadway,Rear-end (front to rear),Swerving/Evasive Action,None Indicated,,Daylight,Dry,Cloudy,None apparent,Intersection:  T-intersection,Paved,,Property Damage Only,0,0,0,0,0,0,5700,2,2,,POINT (-92.438556236275 42.509151896391)
2014814790,14-2682,09/01/2014,09-September,2-Monday,16:25,1600 Hours,District 1 (Central),FORT DODGE,WEBSTER,,N 27TH ST,Collision with:  Vehicle in traffic,On Roadway,Broadside (front to side),FTYROW:  From driveway,None Indicated,,Daylight,Dry,Clear,None apparent,Non-intersection:  Driveway access (within),Paved,,Property Damage Only,0,0,0,0,0,0,8000,2,3,,POINT (-94.160762049954 42.51178103969)
2014815388,20140025755,09/01/2014,09-September,2-Monday,17:28,1700 Hours,District 1 (Central),DES MOINES,POLK,US 69,US 69/SE 14TH ST,Collision with:  Vehicle in traffic,On Roadway,Broadside (front to side),FTYROW:  From stop sign,None Indicated,,Daylight,Dry,Cloudy,None apparent,Intersection:  T-intersection,Paved,,Possible/Unknown,0,1,0,0,1,0,2500,2,2,,POINT (-93.59679469006 41.527723633615)
2014819739,14-37047,09/01/2014,09-September,2-Monday,11:40,1100 Hours,District 5 (Southeast),MUSCATINE,MUSCATINE,US 61,US 61 & OLD US 61 & NEW ERA RD,Collision with:  Vehicle in traffic,On Roadway,Broadside (front to side),Ran Stop Sign,None Indicated,,Daylight,Dry,Clear,None apparent,Intersection:  Four-way intersection,Paved,,Possible/Unknown,0,4,0,0,4,0,23100,2,4,,POINT (-91.007562611036 41.464624979097)
2014814555,20140025693,09/01/2014,09-September,2-Monday,05:00,0500 Hours,District 1 (Central),DES MOINES,POLK,,E 33RD ST,Collision with fixed object:  Tree,On Roadway,Non-collision (single vehicle),Other (explain in narrative):  Other,Alcohol (Statutory),,Dark - roadway lighted,Wet,Cloudy,None apparent,Non-intersection:  Non-junction/no special feature,Paved,,Property Damage Only,0,0,0,0,0,0,1500,1,2,,POINT (-93.551546132492 41.619400543372)
2014814748,14-4327,09/01/2014,09-September,2-Monday,14:45,1400 Hours,District 1 (Central),WEST DES MOINES,POLK,I-235,I-235,Collision with:  Vehicle in traffic,On Roadway,"Sideswipe, same direction",Crossed centerline (undivided),None Indicated,,Daylight,Dry,Cloudy,None apparent,Non-intersection:  Non-junction/no special feature,Paved,,Property Damage Only,0,0,0,0,0,0,2000,2,2,,POINT (-93.750103894862 41.592290647219)
2014814963,14-1944,09/01/2014,09-September,2-Monday,18:45,1800 Hours,District 1 (Central),URBANDALE,POLK,,128TH ST,Collision with fixed object:  Curb/island/raised median,Median,Non-collision (single vehicle),Crossed centerline (undivided),Alcohol (Statutory),,Daylight,Dry,Clear,None apparent,Non-intersection:  Non-junction/no special feature,Paved,,Fatal,1,0,0,0,0,0,3000,1,1,,POINT (-93.789446624323 41.619877438116)
2014815321,2014051048,09/01/2014,09-September,2-Monday,09:00,0900 Hours,District 6 (East Central),,CEDAR,I-80,I-80,Collision with fixed object:  Ditch,On Roadway,Non-collision (single vehicle),Over correcting/over steering,None Indicated,,Daylight,Dry,Clear,None apparent,Non-intersection:  Non-junction/no special feature,Paved,,Property Damage Only,0,0,0,0,0,0,8000,1,1,,POINT (-91.219245967042 41.660474703488)
2014815458,201403113,09/01/2014,09-September,2-Monday,12:22,1200 Hours,District 6 (East Central),,LINN,,Co Rd W42/80TH ST SW & 16TH AVE SW & 80TH ST NW,Collision with:  Vehicle in traffic,On Roadway,Broadside (front to side),Other (explain in narrative):  Other,None Indicated,,Daylight,Dry,Cloudy,None apparent,Intersection:  Four-way intersection,Paved,,Property Damage Only,0,0,0,0,0,0,12500,2,3,,POINT (-91.77470588477 41.963971114595)
2014816271,14-021767,09/01/2014,09-September,2-Monday,19:35,1900 Hours,District 5 (Southeast),,MARION,IA 5,IA 5/IOWA 5,,On Roadway,Non-collision (single vehicle),Crossed centerline (undivided),None Indicated,,Dusk,Dry,Cloudy,None apparent,Non-intersection:  Non-junction/no special feature,Paved,,Minor Injury,0,1,0,1,0,0,5000,1,1,,POINT (-93.205105526987 41.327608157782)