Iowa DOT Case Number,Law Enforcement Case Number,Date of Crash,Month of Crash,Day of Week,Time of Crash,Hour,DOT District,City Name,County Name,Route with System,Location Description,First Harmful Event,Location of First Harmful Event,Manner of Crash/Collision,Major Cause,Drug or Alcohol ,Environmental Conditions,Light Conditions,Surface Conditions,Weather Conditions,Roadway Contribution,Roadway Type,Roadway Surface,Work Zone,Crash Severity,Number of Fatalities,Number of Injuries,Number of Major Injuries,Number of Minor Injuries,Number of Possible Injuries,Number of Unknown Injuries,Amount of Property Damage,Number of Vehicles Involved,Total Number of Occupants,Travel Direction,Location
2014815832,K14-027240,09/02/2014,09-September,3-Tuesday,10:26,1000 Hours,District 5 (Southeast),KEOKUK,LEE,IA 136,US 136/MAIN ST,Collision with:  Vehicle in traffic,On Roadway,Rear-end (front to rear),Followed too close,None Indicated,,Daylight,Dry,Clear,None apparent,Non-intersection:  Non-junction/no special feature,Paved,,Property Damage Only,0,0,0,0,0,0,9053,3,3,,POINT (-91.382124893192 40.394636702116)
2014815204,14-28943,09/02/2014,09-September,3-Tuesday,22:55,2200 Hours,District 3 (Northwest),SIOUX CITY,WOODBURY,,28TH ST,Collision with fixed object:  Utility pole/light support,Roadside,Non-collision (single vehicle),Downhill runaway,None Indicated,,Dark - roadway lighted,Dry,Clear,None apparent,Non-intersection:  Non-junction/no special feature,Paved,,Property Damage Only,0,0,0,0,0,0,3151,1,1,,POINT (-96.363706302012 42.519002488656)
2014814984,2014-61795,09/02/2014,09-September,3-Tuesday,17:10,1700 Hours,District 6 (East Central),DAVENPORT,SCOTT,,,Collision with:  Non-motorist (see non-motorist section - NOT a unit),On Roadway,Non-collision (single vehicle),Other (explain in narrative):  No improper action,None Indicated,,Daylight,Dry,Clear,None apparent,Non-intersection:  Alley,,,Possible/Unknown,0,1,0,0,1,0,1700,1,1,,POINT (-96.643700149993 40.233091251414)
2014814966,14-4343,09/02/2014,09-September,3-Tuesday,16:50,1600 Hours,District 1 (Central),WEST DES MOINES,POLK,,50TH ST,Collision with:  Vehicle in traffic,On Roadway,Rear-end (front to rear),Followed too close,None Indicated,,Daylight,Dry,Clear,None apparent,Non-intersection:  Non-junction/no special feature,Paved,,Property Damage Only,0,0,0,0,0,0,3300,3,4,,POINT (-93.771192937789 41.59497938121)
2014815884,2014-61755,09/02/2014,09-September,3-Tuesday,13:47,1300 Hours,District 6 (East Central),DAVENPORT,SCOTT,,DIEHN AVE & S CLARK ST,Collision with:  Vehicle in traffic,On Roadway,Broadside (front to side),FTYROW:  From yield sign,None Indicated,,Daylight,Dry,Cloudy,None apparent,Intersection:  Four-way intersection,Paved,,Possible/Unknown,0,1,0,0,1,0,6000,2,2,,POINT (-90.620997366187 41.515116336309)
2014815213,2014009126,09/02/2014,09-September,3-Tuesday,14:05,1400 Hours,District 1 (Central),MARSHALLTOWN,MARSHALL,,S 6TH ST & S 3RD ST,Collision with:  Vehicle in traffic,On Roadway,Rear-end (front to rear),Followed too close,None Indicated,,Daylight,Dry,Clear,None apparent,Intersection:  T-intersection,Paved,,Property Damage Only,0,0,0,0,0,0,5500,2,2,,POINT (-92.92111732261 42.037879809069)
2014814986,14-10240,09/02/2014,09-September,3-Tuesday,16:16,1600 Hours,District 3 (Northwest),,SIOUX,IA 60,IA 60/IA 60 SW RAMP/IA 60 NW RAMP & IA 450/450TH ST,Collision with:  Vehicle in traffic,On Roadway,Rear-end (front to rear),Followed too close,None Indicated,,Daylight,Dry,Clear,None apparent,Intersection:  Intersection with ramp,Paved,,Property Damage Only,0,0,0,0,0,0,1510,2,2,,POINT (-95.995246175126 42.997351921474)
2014815085,2014-19051,09/02/2014,09-September,3-Tuesday,14:10,1400 Hours,District 5 (Southeast),INDIANOLA,WARREN,,ELK HORN ST,Collision with:  Animal,,,Animal,None Indicated,,,,,,,Unpaved,,Property Damage Only,0,0,0,0,0,0,2500,1,1,,POINT (-93.552190521849 41.445582581765)
2014815187,2014-61674,09/02/2014,09-September,3-Tuesday,07:57,0700 Hours,District 6 (East Central),DAVENPORT,SCOTT,US 67,US 67/E RIVER DR & MOUND ST,Collision with:  Vehicle in traffic,On Roadway,Rear-end (front to rear),Followed too close,None Indicated,,Daylight,Dry,Clear,None apparent,Non-intersection:  Non-junction/no special feature,Paved,,Possible/Unknown,0,1,0,0,1,0,6000,2,2,,POINT (-90.546473741003 41.530076482383)
2014814943,20140025881,09/02/2014,09-September,3-Tuesday,15:16,1500 Hours,District 1 (Central),DES MOINES,POLK,,MAURY ST & SE 18TH ST,Collision with fixed object:  Curb/island/raised median,On Roadway,Non-collision (single vehicle),Swerving/Evasive Action,None Indicated,,Daylight,Dry,Clear,None apparent,Intersection:  T-intersection,Paved,,Property Damage Only,0,0,0,0,0,0,2100,1,1,,POINT (-93.58713894449 41.581312791412)
2014814825,14-28817,09/02/2014,09-September,3-Tuesday,00:54,0000 Hours,District 3 (Northwest),SIOUX CITY,WOODBURY,,STONE AVE & S MAPLE ST,Collision with:  Parked motor vehicle,Outside trafficway,Rear-end (front to rear),Driving too fast for conditions,Alcohol (Statutory),,Dark - roadway lighted,Wet,Rain,"Surface condition (e.g., wet, icy)",Intersection:  T-intersection,Paved,,Property Damage Only,0,0,0,0,0,0,5500,3,1,,POINT (-96.339547466161 42.479090408356)
2014815201,14-28894,09/02/2014,09-September,3-Tuesday,14:46,1400 Hours,District 3 (Northwest),SIOUX CITY,WOODBURY,,W 15TH ST & REBECCA ST,Collision with:  Vehicle in traffic,On Roadway,"Angle, oncoming left turn",FTYROW:  Making left turn,None Indicated,,Daylight,Dry,Clear,None apparent,Intersection:  Four-way intersection,Paved,,Property Damage Only,0,0,0,0,0,0,5000,2,3,,POINT (-96.425459491579 42.506149743039)
2014817564,032-081-14,09/02/2014,09-September,3-Tuesday,08:10,0800 Hours,District 3 (Northwest),ESTHERVILLE,EMMET,,5TH AVE N & N 13TH ST,Collision with:  Vehicle in traffic,On Roadway,Broadside (front to side),FTYROW:  From stop sign,None Indicated,,Daylight,Dry,Clear,None apparent,Intersection:  Four-way intersection,Paved,,Property Damage Only,0,0,0,0,0,0,1500,2,2,,POINT (-94.827866756918 43.406472132762)
2014815273,S14-088537,09/02/2014,09-September,3-Tuesday,17:01,1700 Hours,District 2 (Northeast),DUNKERTON,BLACK HAWK,,Co Rd D20/OSAGE RD,Non-collision events:  Other non-collision (explain in narrative),On Roadway,Non-collision (single vehicle),Swerving/Evasive Action,None Indicated,,Daylight,Dry,Clear,None apparent,Non-intersection:  Other non-intersection (explain in narrative),Paved,,Minor Injury,0,1,0,1,0,0,6000,1,1,,POINT (-92.081763108005 42.482749012714)
2014816393,14015264,09/02/2014,09-September,3-Tuesday,09:35,0900 Hours,District 2 (Northeast),MASON CITY,CERRO GORDO,,S PIERCE AVE,Collision with:  Vehicle in traffic,On Roadway,Broadside (front to side),FTYROW:  From driveway,None Indicated,,Daylight,Dry,Cloudy,None apparent,Non-intersection:  Driveway access (within),Paved,,Possible/Unknown,0,1,0,0,1,0,4700,2,2,,POINT (-93.220986035489 43.147722147018)
2014814925,C14002773,09/02/2014,09-September,3-Tuesday,17:00,1700 Hours,District 6 (East Central),CORALVILLE,JOHNSON,,CORAL RIDGE AVE & HEARTLAND DR & HOLIDAY RD,Collision with:  Vehicle in traffic,On Roadway,Rear-end (front to rear),Followed too close,None Indicated,,Daylight,Dry,Cloudy,Work Zone (roadway-related),Intersection:  Four-way intersection,Paved,Yes,Property Damage Only,0,0,0,0,0,0,2000,2,2,,POINT (-91.608377552929 41.7005225177)
2014814725,20140025820,09/02/2014,09-September,3-Tuesday,08:45,0800 Hours,District 1 (Central),DES MOINES,POLK,I-235,I-235 & KEOSAUQUA WAY,Collision with:  Vehicle in traffic,On Roadway,"Sideswipe, same direction","Operating vehicle in an reckless, erratic, careless, negligent manner",None Indicated,,Daylight,Dry,Clear,None apparent,Intersection:  Four-way intersection,Paved,,Property Damage Only,0,0,0,0,0,0,7000,2,3,,POINT (-93.635418628032 41.595431674626)
2014816025,2014051401,09/02/2014,09-September,3-Tuesday,19:21,1900 Hours,District 6 (East Central),,CEDAR,I-80,I-80,Collision with fixed object:  Other fixed object (explain in narrative),On Roadway,Non-collision (single vehicle),Crossed centerline (undivided),None Indicated,,Dusk,Dry,Clear,None apparent,Non-intersection:  Non-junction/no special feature,Paved,,Property Damage Only,0,0,0,0,0,0,23040,1,1,,POINT (-91.159585877284 41.646294820362)
2014815069,14-037264,09/02/2014,09-September,3-Tuesday,17:59,1700 Hours,District 4 (Southwest),COUNCIL BLUFFS,POTTAWATTAMIE,IA 92,IA 92/OMAHA BRIDGE RD & HARRY LANGDON BLVD,Collision with:  Vehicle in traffic,On Roadway,Rear-end (front to rear),Followed too close,None Indicated,,Daylight,Dry,Clear,None apparent,Non-intersection:  Non-junction/no special feature,Paved,,Property Damage Only,0,0,0,0,0,0,2200,2,2,,POINT (-95.824478582883 41.226693469951)
2014817156,2014-61756,09/02/2014,09-September,3-Tuesday,13:56,1300 Hours,District 6 (East Central),DAVENPORT,SCOTT,,E 30TH ST & IOWA ST,Collision with:  Parked motor vehicle,On Roadway,"Sideswipe, same direction",Unknown,None Indicated,,Daylight,Unknown,Unknown,Unknown,Intersection:  T-intersection,Paved,,Property Damage Only,0,0,0,0,0,0,2000,2,1,,POINT (-90.56930131625 41.551006055437)
2014815017,14-0486,09/02/2014,09-September,3-Tuesday,08:30,0800 Hours,District 1 (Central),,WEBSTER,US 20,US 20/235TH ST & RIVERSIDE TRL,Collision with:  Vehicle in traffic,On Roadway,Broadside (front to side),Equipment failure,None Indicated,,Daylight,Dry,Clear,None apparent,Intersection:  Four-way intersection,Paved,,Property Damage Only,0,0,0,0,0,0,3000,2,2,,POINT (-94.139183624758 42.446922023497)
2014815223,14037200,09/02/2014,09-September,3-Tuesday,12:53,1200 Hours,District 5 (Southeast),,MUSCATINE,IA 22,IA 22/IOWA 22,Collision with:  Vehicle in traffic,On Roadway,"Sideswipe, same direction",Crossed centerline (undivided),None Indicated,,Daylight,Dry,Clear,Other (explain in narrative),Non-intersection:  Non-junction/no special feature,Paved,,Minor Injury,0,1,0,1,0,0,12500,3,3,,POINT (-90.791474672225 41.458849191472)
2014816770,01-14-37348,09/02/2014,09-September,3-Tuesday,09:37,0900 Hours,District 6 (East Central),DUBUQUE,DUBUQUE,US 52,US 52/CENTRAL AVE & E 24TH ST,Collision with:  Vehicle in traffic,On Roadway,Broadside (front to side),FTYROW:  From stop sign,None Indicated,,Daylight,Wet,Clear,None apparent,Intersection:  T-intersection,Paved,,Property Damage Only,0,0,0,0,0,0,6000,2,3,,POINT (-90.672823279815 42.515998573168)
2014815297,2014005281,09/02/2014,09-September,3-Tuesday,22:30,2200 Hours,District 6 (East Central),,BENTON,,Co Rd E22/61 ST & 19 AVE,Non-collision events:  Overturn/rollover,Roadside,Non-collision (single vehicle),Ran off road - right,None Indicated,,Dark - roadway not lighted,Dry,Cloudy,None apparent,Intersection:  Four-way intersection,Paved,,Minor Injury,0,1,0,1,0,0,5000,1,1,,POINT (-92.12445779095 42.137763084828)
2014815018,14-2695,09/02/2014,09-September,3-Tuesday,18:38,1800 Hours,District 1 (Central),FORT DODGE,WEBSTER,,5TH AVE S & S 29TH ST,Collision with:  Vehicle in traffic,On Roadway,"Angle, oncoming left turn",Made improper turn,None Indicated,,Daylight,Dry,Clear,None apparent,Intersection:  Four-way intersection,Paved,,Property Damage Only,0,0,0,0,0,0,10000,2,3,,POINT (-94.158217014844 42.501180058906)
2014821354,14-004039,09/02/2014,09-September,3-Tuesday,07:30,0700 Hours,District 3 (Northwest),,LYON,,EAGLE AVE & 220TH ST,Collision with fixed object:  Bridge overhead structure,Shoulder,Non-collision (single vehicle),Ran off road - left,None Indicated,,Daylight,Dry,Clear,None apparent,Intersection:  Four-way intersection,Unpaved,,Property Damage Only,0,0,0,0,0,0,3600,1,1,,POINT (-96.314056752341 43.330486616063)
2014814938,14-003748,09/02/2014,09-September,3-Tuesday,17:05,1700 Hours,District 1 (Central),ANKENY,POLK,US 69,US 69/S ANKENY BLVD & SE SHURFINE DR,Collision with:  Vehicle in traffic,On Roadway,Rear-end (front to rear),Driver Distraction:  Manual operation of an electronic communication device,None Indicated,,Daylight,Dry,Clear,None apparent,Intersection:  Other intersection (explain in narrative),Paved,,Property Damage Only,0,0,0,0,0,0,2000,2,2,,POINT (-93.600514995592 41.711937671887)
2014814912,142671,09/02/2014,09-September,3-Tuesday,07:46,0700 Hours,District 3 (Northwest),DENISON,CRAWFORD,US 30,US 30/4TH AVE S & DONNA REED DR,Collision with:  Vehicle in traffic,On Roadway,"Sideswipe, same direction",FTYROW:  From stop sign,None Indicated,,Daylight,Dry,Cloudy,None apparent,Intersection:  T-intersection,Paved,,Property Damage Only,0,0,0,0,0,0,3000,2,2,,POINT (-95.334578629121 42.012853282489)
2014814928,14018681,09/02/2014,09-September,3-Tuesday,17:49,1700 Hours,District 6 (East Central),MARION,LINN,,7TH AVE,Collision with:  Vehicle in traffic,On Roadway,"Sideswipe, same direction",Improper or erratic lane changing,None Indicated,,Daylight,Dry,Clear,None apparent,Non-intersection:  Non-junction/no special feature,Paved,,Property Damage Only,0,0,0,0,0,0,3000,2,5,,POINT (-91.601961663875 42.03331880283)
2014815084,2014-19049,09/02/2014,09-September,3-Tuesday,13:48,1300 Hours,District 5 (Southeast),BEVINGTON,WARREN,IA 92,IA 92/IOWA 92,Collision with:  Vehicle in traffic,On Roadway,Broadside (front to side),Traveling wrong way or on wrong side of road,None Indicated,,Daylight,Dry,Clear,Work Zone (roadway-related),Non-intersection:  Other non-intersection (explain in narrative),Paved,Yes,Possible/Unknown,0,1,0,0,1,0,6500,2,6,,POINT (-93.786818361267 41.361528249211)
2014815051,14-9448,09/02/2014,09-September,3-Tuesday,17:45,1700 Hours,District 3 (Northwest),SCHALLER,SAC,,Co Rd D15/200TH ST & CORY AVE,Non-collision events:  Overturn/rollover,Outside trafficway,Non-collision (single vehicle),Ran off road - right,None Indicated,,Daylight,"Mud, dirt",Clear,None apparent,Intersection:  Other intersection (explain in narrative),Paved,,Possible/Unknown,0,1,0,0,1,0,3000,1,1,,POINT (-95.308641313252 42.503865417071)
2014816459,S14-8827,09/02/2014,09-September,3-Tuesday,18:58,1800 Hours,District 3 (Northwest),LAWTON,WOODBURY,,BIRCH ST & ELM ST,Collision with:  Other non-fixed object (explain in narrative),On Roadway,Non-collision (single vehicle),Swerving/Evasive Action,None Indicated,,Daylight,Dry,Clear,None apparent,Non-intersection:  Non-junction/no special feature,Paved,,Property Damage Only,0,0,0,0,0,0,5001,1,1,,POINT (-96.181027623147 42.47760735671)
2014814924,14132191,09/02/2014,09-September,3-Tuesday,16:00,1600 Hours,District 6 (East Central),NORTH LIBERTY,JOHNSON,I-380,I-380,Collision with:  Vehicle in traffic,On Roadway,Rear-end (front to rear),Followed too close,None Indicated,,Daylight,Dry,Clear,None apparent,Non-intersection:  Non-junction/no special feature,Paved,,Property Damage Only,0,0,0,0,0,0,5000,2,3,,POINT (-91.649385956533 41.809966704163)
2014815048,N14000465,09/02/2014,09-September,3-Tuesday,15:49,1500 Hours,District 6 (East Central),NORTH LIBERTY,JOHNSON,,GOLFVIEW DR & RACHAEL ST,Collision with:  Vehicle in traffic,On Roadway,Broadside (front to side),FTYROW:  From stop sign,None Indicated,,Daylight,Dry,Clear,None apparent,Intersection:  Four-way intersection,Unpaved,,Property Damage Only,0,0,0,0,0,0,1700,2,2,,POINT (-91.599848233528 41.736905437781)
2014815019,14-2696,09/02/2014,09-September,3-Tuesday,19:00,1900 Hours,District 1 (Central),FORT DODGE,WEBSTER,,2ND AVE N & N 27TH ST,Collision with:  Vehicle in traffic,On Roadway,Rear-end (front to rear),Other (explain in narrative):  Other,None Indicated,,Daylight,Dry,Clear,None apparent,Non-intersection:  Non-junction/no special feature,Paved,,Possible/Unknown,0,1,0,0,1,0,10000,2,2,,POINT (-94.160760916078 42.508430930294)
2014814915,14-31273,09/02/2014,09-September,3-Tuesday,19:39,1900 Hours,District 5 (Southeast),,DES MOINES,,UPPER FLINT RD,Collision with:  Animal,,,Animal,None Indicated,,,,,,,Paved,,Property Damage Only,0,0,0,0,0,0,2500,1,1,,POINT (-91.147106991713 40.855053007759)
2014817961,14-013099,09/02/2014,09-September,3-Tuesday,15:20,1500 Hours,District 6 (East Central),TIPTON,CEDAR,,PLUM ST,Collision with:  Vehicle in traffic,On Roadway,Broadside (front to side),FTYROW:  From parked position,None Indicated,,Daylight,Dry,Clear,None apparent,Non-intersection:  Non-junction/no special feature,Paved,,Property Damage Only,0,0,0,0,0,0,4000,2,2,,POINT (-91.122913784793 41.770640669493)
2014815179,14-1949,09/02/2014,09-September,3-Tuesday,15:50,1500 Hours,District 1 (Central),URBANDALE,POLK,I-35,I-35 & DOUGLAS AVE,Collision with:  Vehicle in traffic,On Roadway,"Sideswipe, same direction",Made improper turn,None Indicated,,Daylight,Dry,Clear,None apparent,Intersection:  Intersection with ramp,Paved,,Property Damage Only,0,0,0,0,0,0,2000,2,2,,POINT (-93.77509693685 41.629432607126)
2014814959,20140025927,09/02/2014,09-September,3-Tuesday,21:04,2100 Hours,District 1 (Central),DES MOINES,POLK,,DAVIS AVE & SW 9TH ST,Collision with:  Vehicle in traffic,On Roadway,Broadside (front to side),FTYROW:  From stop sign,Refused,,Dark - roadway lighted,Dry,Clear,Other (explain in narrative),Intersection:  Four-way intersection,Paved,,Minor Injury,0,1,0,1,0,0,10200,2,3,,POINT (-93.623543058978 41.565853795643)
2014814911,1409028091,09/02/2014,09-September,3-Tuesday,08:10,0800 Hours,District 6 (East Central),WHEATLAND,CLINTON,,105 AVE & 240 ST,Collision with:  Vehicle in traffic,On Roadway,Broadside (front to side),FTYROW:  From stop sign,None Indicated,,Daylight,"Mud, dirt",Cloudy,None apparent,Intersection:  Y-intersection,Unpaved,,Property Damage Only,0,0,0,0,0,0,2200,2,3,,POINT (-90.888563062793 41.829741413454)
2014816520,2014051402,09/02/2014,09-September,3-Tuesday,17:30,1700 Hours,District 4 (Southwest),,MILLS,US 34,US 34,Collision with:  Vehicle in traffic,On Roadway,Head-on (front to front),Crossed centerline (undivided),None Indicated,,Daylight,Dry,Cloudy,None apparent,Non-intersection:  Non-junction/no special feature,Paved,,Fatal,1,2,2,0,0,0,18000,2,4,,POINT (-95.559547039585 41.030679780993)
2014815073,2014-18137,09/02/2014,09-September,3-Tuesday,14:54,1400 Hours,District 6 (East Central),DONAHUE,SCOTT,,Co Rd Y52/115 AVE & 245 ST,Non-collision events:  Overturn/rollover,On Roadway,Non-collision (single vehicle),Swerving/Evasive Action,None Indicated,,Daylight,Dry,Clear,None apparent,Intersection:  T-intersection,Paved,,Property Damage Only,0,0,0,0,0,0,8000,1,1,,POINT (-90.675658912553 41.661994582448)
2014816521,2014051413,09/02/2014,09-September,3-Tuesday,21:00,2100 Hours,District 4 (Southwest),,CASS,I-80,I-80,Collision with fixed object:  Traffic sign support,On Roadway,Non-collision (single vehicle),Ran off road - right,None Indicated,,Dark - roadway lighted,Dry,Clear,None apparent,"Interchange-related:  Off-ramp, diverge area",Paved,,Property Damage Only,0,0,0,0,0,0,5000,1,2,,POINT (-94.940375613191 41.497174326488)
2014815155,201412956,09/02/2014,09-September,3-Tuesday,08:57,0800 Hours,District 6 (East Central),CEDAR RAPIDS,LINN,,MOUNT VERNON RD SE,Collision with:  Vehicle in traffic,On Roadway,Rear-end (front to rear),Ran off road - right,None Indicated,,Daylight,Dry,Clear,None apparent,Non-intersection:  Non-junction/no special feature,Paved,,Property Damage Only,0,0,0,0,0,0,22800,2,2,,POINT (-91.610149738609 41.976858206528)
2014815141,14-13351,09/02/2014,09-September,3-Tuesday,11:56,1100 Hours,District 3 (Northwest),SPENCER,CLAY,,10TH ST SW & 2ND AVE SW,Collision with:  Vehicle in traffic,On Roadway,Broadside (front to side),Ran Stop Sign,None Indicated,,Daylight,Dry,Clear,None apparent,Intersection:  Four-way intersection,Paved,,Minor Injury,0,1,0,1,0,0,33500,2,3,,POINT (-95.146787380517 43.127710991759)
2014815138,14015293,09/02/2014,09-September,3-Tuesday,15:50,1500 Hours,District 2 (Northeast),MASON CITY,CERRO GORDO,IA 122,IA 122/4TH ST SE & TENNESSEE PL,Collision with:  Vehicle in traffic,On Roadway,"Angle, oncoming left turn",FTYROW:  Making left turn,None Indicated,,Daylight,Dry,Clear,None apparent,Intersection:  Four-way intersection,Paved,,Property Damage Only,0,0,0,0,0,0,9000,2,2,,POINT (-93.178779791178 43.148102043207)
2014815171,20140025925,09/02/2014,09-September,3-Tuesday,20:17,2000 Hours,District 1 (Central),DES MOINES,POLK,US 6,US 6/FREDERICK M HUBBELL AVE & E DOUGLAS AVE,Collision with:  Vehicle in traffic,On Roadway,Broadside (front to side),FTYROW:  From stop sign,None Indicated,,Dark - roadway lighted,Dry,Clear,None apparent,Intersection:  Four-way intersection,Paved,,Property Damage Only,0,0,0,0,0,0,9000,2,4,,POINT (-93.543685543154 41.629598120802)
2014814969,14-1002,09/02/2014,09-September,3-Tuesday,16:29,1600 Hours,District 1 (Central),PLEASANT HILL,POLK,,MAPLE DR,Collision with:  Vehicle in traffic,On Roadway,Broadside (front to side),Lost Control,None Indicated,,Daylight,Dry,Clear,None apparent,Non-intersection:  Non-junction/no special feature,Paved,,Property Damage Only,0,0,0,0,0,0,5000,2,2,,POINT (-93.517753425028 41.597994377098)
2014815912,2014-61677,09/02/2014,09-September,3-Tuesday,08:01,0800 Hours,District 6 (East Central),DAVENPORT,SCOTT,,W 29TH ST,Collision with:  Parked motor vehicle,On Roadway,Rear-end (front to rear),Other (explain in narrative):  Other,None Indicated,,Daylight,Unknown,Unknown,Unknown,Non-intersection:  Non-junction/no special feature,Paved,,Property Damage Only,0,0,0,0,0,0,1500,2,1,,POINT (-90.5760050637 41.549679605448)
2014817615,1409022021,09/02/2014,09-September,3-Tuesday,20:21,2000 Hours,District 6 (East Central),OLIN,JONES,IA 38,IA 38/WALNUT ST,Collision with:  Vehicle in traffic,On Roadway,"Sideswipe, same direction",Made improper turn,None Indicated,,Dark - roadway lighted,Dry,Clear,None apparent,Non-intersection:  Non-junction/no special feature,Paved,,Property Damage Only,0,0,0,0,0,0,2500,2,4,,POINT (-91.141445431455 41.990849646951)
2014815074,14C04068,09/02/2014,09-September,3-Tuesday,17:43,1700 Hours,District 4 (Southwest),CRESTON,UNION,IA 25,IA 25/N SUMNER AVE/S SUMNER AVE & W ADAMS ST,Collision with:  Vehicle in traffic,On Roadway,"Angle, oncoming left turn",FTYROW:  Making left turn,None Indicated,,Daylight,Dry,Clear,None apparent,Intersection:  Four-way intersection,Paved,,Minor Injury,0,1,0,1,0,0,3500,2,2,,POINT (-94.372655649219 41.057268213568)
2014814939,20140025891,09/02/2014,09-September,3-Tuesday,16:40,1600 Hours,District 1 (Central),DES MOINES,POLK,,MLK JR PKWY,Collision with:  Vehicle in traffic,On Roadway,Broadside (front to side),Ran Traffic Signal,None Indicated,,Daylight,Dry,Clear,None apparent,Intersection:  Intersection with ramp,Paved,,Property Damage Only,0,0,0,0,0,0,3000,2,2,,POINT (-93.644272100303 41.596463269128)
2014817047,2014051219,09/02/2014,09-September,3-Tuesday,09:05,0900 Hours,District 6 (East Central),,CEDAR,I-80,I-80,Collision with fixed object:  Other fixed object (explain in narrative),Median,"Sideswipe, opposite direction",Crossed centerline (undivided),None Indicated,,Daylight,Dry,Clear,None apparent,Non-intersection:  Non-junction/no special feature,Paved,,Fatal,1,1,1,0,0,0,21000,2,2,,POINT (-91.02769913438 41.634307569539)
2014816024,2014051388,09/02/2014,09-September,3-Tuesday,16:48,1600 Hours,District 6 (East Central),DAVENPORT,SCOTT,I-280,I-280 & US 61/140 ST,Collision with:  Vehicle in traffic,On Roadway,Rear-end (front to rear),Lost Control,None Indicated,,Daylight,Dry,Clear,None apparent,Intersection:  Intersection with ramp,Paved,,Property Damage Only,0,0,0,0,0,0,2000,2,2,,POINT (-90.674249946375 41.509082006429)
2014815117,W14-088521,09/02/2014,09-September,3-Tuesday,16:14,1600 Hours,District 2 (Northeast),WATERLOO,BLACK HAWK,,W MULLAN AVE,Collision with:  Vehicle in traffic,On Roadway,"Sideswipe, same direction",Driver Distraction:  Manual operation of an electronic communication device,None Indicated,,Daylight,Dry,Clear,None apparent,Non-intersection:  Non-junction/no special feature,Paved,,Property Damage Only,0,0,0,0,0,0,3500,2,1,,POINT (-92.351395577833 42.493426868359)
2014816228,14-182,09/02/2014,09-September,3-Tuesday,16:34,1600 Hours,District 2 (Northeast),WAVERLY,BREMER,,3RD AVE SW & 3RD ST SW,Collision with fixed object:  Ditch,Outside trafficway,Non-collision (single vehicle),"Operating vehicle in an reckless, erratic, careless, negligent manner",Under Influence of Alcohol/Drugs/Medications,,Daylight,Dry,Clear,None apparent,Non-intersection:  Non-junction/no special feature,Paved,,Possible/Unknown,0,1,0,0,1,0,2500,1,1,,POINT (-92.474435172426 42.722855360795)
2014815404,14-001171,09/02/2014,09-September,3-Tuesday,18:45,1800 Hours,District 1 (Central),AMES,STORY,,OSBORN DR & SIXTH ST & IOWA STATE UNIVERSITY & WALLACE RD,Collision with:  Other non-fixed object (explain in narrative),On Roadway,Non-collision (single vehicle),Swerving/Evasive Action,None Indicated,,Dusk,Dry,Clear,None apparent,Intersection:  Four-way intersection,Paved,,Major Injury,0,1,1,0,0,0,7000,1,1,,POINT (-93.641517119097 42.028890874766)
2014814964,14-1950,09/02/2014,09-September,3-Tuesday,17:10,1700 Hours,District 1 (Central),URBANDALE,POLK,US 6,US 6/HICKMAN RD,Collision with:  Vehicle in traffic,On Roadway,Rear-end (front to rear),Other (explain in narrative):  Other,None Indicated,,Daylight,Dry,Clear,None apparent,Non-intersection:  Non-junction/no special feature,Paved,,Property Damage Only,0,0,0,0,0,0,2000,2,2,,POINT (-93.786049799474 41.614946773347)
2014815567,1400000761,09/02/2014,09-September,3-Tuesday,13:38,1300 Hours,District 1 (Central),,MARSHALL,,Co Rd S62/HART AVE & MAIN ST RD,Collision with:  Vehicle in traffic,On Roadway,Broadside (front to side),FTYROW:  From stop sign,None Indicated,,Daylight,Dry,Clear,None apparent,Intersection:  Four-way intersection,Unpaved,,Possible/Unknown,0,2,0,0,2,0,9000,2,2,,POINT (-93.097154405226 42.048376498234)
2014828339,14090042,09/02/2014,09-September,3-Tuesday,23:08,2300 Hours,District 5 (Southeast),OTTUMWA,WAPELLO,,65TH ST,Collision with:  Animal,On Roadway,Non-collision (single vehicle),Animal,None Indicated,,Dark - roadway not lighted,Dry,Clear,None apparent,Non-intersection:  Non-junction/no special feature,Paved,,Possible/Unknown,0,1,0,0,1,0,1600,1,1,,POINT (-92.415739870768 40.978844904838)
2014815546,14132075,09/02/2014,09-September,3-Tuesday,12:48,1200 Hours,District 6 (East Central),,JOHNSON,,580TH ST & SIOUX AVE,Collision with:  Vehicle in traffic,On Roadway,Broadside (front to side),FTYROW:  At uncontrolled intersection,None Indicated,,Daylight,Dry,Clear,None apparent,Intersection:  Four-way intersection,Unpaved,,Minor Injury,0,4,0,4,0,0,11000,2,4,,POINT (-91.483174296018 41.510936653224)
2014814926,C14002775,09/02/2014,09-September,3-Tuesday,19:30,1900 Hours,District 6 (East Central),CORALVILLE,JOHNSON,,13TH AVE,Collision with:  Vehicle in traffic,On Roadway,Rear-end (front to rear),Improper Backing,None Indicated,,Daylight,Dry,Clear,None apparent,Non-intersection:  Non-junction/no special feature,Paved,,Property Damage Only,0,0,0,0,0,0,2200,2,1,,POINT (-91.581412307547 41.680134550081)