Iowa DOT Case Number,Law Enforcement Case Number,Date of Crash,Month of Crash,Day of Week,Time of Crash,Hour,DOT District,City Name,County Name,Route with System,Location Description,First Harmful Event,Location of First Harmful Event,Manner of Crash/Collision,Major Cause,Drug or Alcohol ,Environmental Conditions,Light Conditions,Surface Conditions,Weather Conditions,Roadway Contribution,Roadway Type,Roadway Surface,Work Zone,Crash Severity,Number of Fatalities,Number of Injuries,Number of Major Injuries,Number of Minor Injuries,Number of Possible Injuries,Number of Unknown Injuries,Amount of Property Damage,Number of Vehicles Involved,Total Number of Occupants,Travel Direction,Location
2014815602,20140025903,09/02/2014,09-September,3-Tuesday,17:01,1700 Hours,District 1 (Central),DES MOINES,POLK,,FOREST AVE & 11TH ST,Collision with:  Vehicle in traffic,On Roadway,Broadside (front to side),Ran Stop Sign,None Indicated,,Daylight,Dry,Clear,None apparent,Intersection:  Four-way intersection,Paved,,Property Damage Only,0,0,0,0,0,0,2000,2,2,,POINT (-93.631783047262 41.604053617638)
2014815358,201412973,09/02/2014,09-September,3-Tuesday,13:08,1300 Hours,District 6 (East Central),CEDAR RAPIDS,LINN,,42ND ST NE & EDGEWOOD RD NE,Collision with:  Vehicle in traffic,On Roadway,"Angle, oncoming left turn",FTYROW:  Making left turn,None Indicated,,Daylight,Dry,Cloudy,None apparent,Intersection:  Four-way intersection,Paved,,Minor Injury,0,2,0,2,0,0,20250,4,4,,POINT (-91.702333108425 42.02178064958)
2014820701,2014-67-AC,09/02/2014,09-September,3-Tuesday,16:33,1600 Hours,District 3 (Northwest),,DICKINSON,,240TH AVE,Non-collision events:  Other non-collision (explain in narrative),On Roadway,Non-collision (single vehicle),Crossed centerline (undivided),None Indicated,,Daylight,Dry,Clear,None apparent,Non-intersection:  Non-junction/no special feature,Paved,,Major Injury,0,1,1,0,0,0,1000,1,1,,POINT (-95.112265722314 43.331203531337)
2014820243,2014-61660,09/02/2014,09-September,3-Tuesday,06:03,0600 Hours,District 6 (East Central),DAVENPORT,SCOTT,,E 41ST ST & JERSEY RIDGE RD,Collision with:  Vehicle in traffic,On Roadway,Broadside (front to side),FTYROW:  From stop sign,None Indicated,,Daylight,Dry,Clear,None apparent,Intersection:  T-intersection,Paved,,Property Damage Only,0,0,0,0,0,0,2300,2,2,,POINT (-90.541634862442 41.562251914077)
2014829923,032-082-14,09/02/2014,09-September,3-Tuesday,21:00,2100 Hours,District 3 (Northwest),ESTHERVILLE,EMMET,,N 4TH ST,Non-collision events:  Other non-collision (explain in narrative),On Roadway,Rear-end (front to rear),FTYROW:  From driveway,None Indicated,,Dark - unknown roadway lighting,Dry,Clear,None apparent,Non-intersection:  Driveway access (within),Paved,,Property Damage Only,0,0,0,0,0,0,1500,2,2,,POINT (-94.839398822919 43.406377211109)
2014816143,14-004097,09/02/2014,09-September,3-Tuesday,17:37,1700 Hours,District 1 (Central),AMES,STORY,,AIRPORT RD,Collision with:  Vehicle in traffic,On Roadway,"Angle, oncoming left turn",FTYROW:  Making left turn,None Indicated,,Daylight,Dry,Clear,None apparent,Non-intersection:  Driveway access (within),Paved,,Minor Injury,0,2,0,1,1,0,14000,2,3,,POINT (-93.611207632448 42.001090815353)
2014815147,261401565,09/02/2014,09-September,3-Tuesday,18:55,1800 Hours,District 5 (Southeast),BLOOMFIELD,DAVIS,,MULBERRY TRL,Non-collision events:  Other non-collision (explain in narrative),Shoulder,Non-collision (single vehicle),Swerving/Evasive Action,None Indicated,,Daylight,Dry,Clear,None apparent,Non-intersection:  Non-junction/no special feature,Unpaved,,Possible/Unknown,0,2,0,0,2,0,3150,1,2,,POINT (-92.414259817398 40.844991935748)
2014817155,2014-61751,09/02/2014,09-September,3-Tuesday,13:00,1300 Hours,District 6 (East Central),DAVENPORT,SCOTT,,FILLMORE ST,Collision with:  Non-motorist (see non-motorist section - NOT a unit),On Roadway,Non-collision (single vehicle),Other (explain in narrative):  No improper action,None Indicated,,Daylight,Dry,Clear,None apparent,Non-intersection:  Alley,Paved,,Possible/Unknown,0,1,0,0,1,0,750,1,1,,POINT (-90.594326695724 41.521820429615)
2014815465,14-001042,09/02/2014,09-September,3-Tuesday,19:51,1900 Hours,District 1 (Central),JOHNSTON,POLK,,NW 54TH AVE,Collision with:  Vehicle in traffic,On Roadway,Rear-end (front to rear),Followed too close,None Indicated,,Dark - roadway lighted,Dry,Clear,None apparent,Non-intersection:  Non-junction/no special feature,Paved,,Possible/Unknown,0,2,0,0,2,0,18000,3,5,,POINT (-93.735220351304 41.658364301332)
2014815220,20143174,09/02/2014,09-September,3-Tuesday,15:13,1500 Hours,District 1 (Central),,GRUNDY,,Co Rd T47/Q AVE,Collision with fixed object:  Ditch,Shoulder,Non-collision (single vehicle),Ran off road - right,None Indicated,,Daylight,Dry,Cloudy,None apparent,Non-intersection:  Non-junction/no special feature,Paved,,Minor Injury,0,1,0,1,0,0,5000,1,1,,POINT (-92.711489165481 42.494250628173)
2014814728,20140025840,09/02/2014,09-September,3-Tuesday,11:10,1100 Hours,District 1 (Central),DES MOINES,POLK,,WOODLAND AVE & 19TH ST,Collision with:  Vehicle in traffic,On Roadway,"Angle, oncoming left turn",FTYROW:  Making left turn,None Indicated,,Daylight,Dry,Clear,None apparent,Intersection:  Four-way intersection,Paved,,Possible/Unknown,0,1,0,0,1,0,3000,2,4,,POINT (-93.642484985274 41.588069514871)
2014815203,14-28903,09/02/2014,09-September,3-Tuesday,16:11,1600 Hours,District 3 (Northwest),SIOUX CITY,WOODBURY,IA 12,IA 12/GORDON DR,Collision with:  Vehicle in traffic,On Roadway,Rear-end (front to rear),Followed too close,None Indicated,,Daylight,Dry,Cloudy,Work Zone (roadway-related),Non-intersection:  Other non-intersection (explain in narrative),Paved,Yes,Property Damage Only,0,0,0,0,0,0,3700,2,2,,POINT (-96.395598307241 42.489813842473)
2014815481,,09/02/2014,09-September,3-Tuesday,12:30,1200 Hours,District 2 (Northeast),NASHUA,CHICKASAW,,LAKE SHORE DR & CHICKASAW ST,Collision with:  Vehicle in traffic,On Roadway,Rear-end (front to rear),Unknown,None Indicated,,,,,,,Paved,,Property Damage Only,0,0,0,0,0,0,2400,2,2,,POINT (-92.534298885959 42.958657534345)
2014815374,14-003750,09/02/2014,09-September,3-Tuesday,19:05,1900 Hours,District 1 (Central),ANKENY,POLK,,SE 72ND ST & SE FOUR MILE DR,Collision with:  Vehicle in traffic,On Roadway,"Angle, oncoming left turn",FTYROW:  From stop sign,None Indicated,,Daylight,Dry,Clear,None apparent,Intersection:  Four-way intersection,Paved,,Minor Injury,0,1,0,1,0,0,1500,2,2,,POINT (-93.561048892521 41.672929223685)
2014815272,S14-088506,09/02/2014,09-September,3-Tuesday,15:47,1500 Hours,District 2 (Northeast),,BLACK HAWK,,Co Rd C66/E DUNKERTON RD,Collision with:  Vehicle in traffic,On Roadway,"Sideswipe, same direction",Swerving/Evasive Action,None Indicated,,Daylight,Dry,Clear,None apparent,Non-intersection:  Non-junction/no special feature,Paved,,Property Damage Only,0,0,0,0,0,0,5000,2,2,,POINT (-92.231645780605 42.570388277411)
2014815016,14-001166,09/02/2014,09-September,3-Tuesday,07:50,0700 Hours,District 1 (Central),AMES,STORY,,MORTENSON RD,Collision with:  Vehicle in traffic,On Roadway,Rear-end (front to rear),Other (explain in narrative):  Other,None Indicated,,Daylight,Dry,Clear,None apparent,Non-intersection:  Non-junction/no special feature,Paved,,Property Damage Only,0,0,0,0,0,0,6500,2,3,,POINT (-93.663531943254 42.011932436004)
2014814948,20140025938,09/02/2014,09-September,3-Tuesday,22:46,2200 Hours,District 1 (Central),DES MOINES,POLK,,LYON ST,Collision with:  Vehicle in traffic,On Roadway,Rear-end (front to rear),Crossed centerline (undivided),Alcohol (Statutory),,Dark - roadway lighted,Dry,Clear,None apparent,Non-intersection:  Non-junction/no special feature,Paved,,Property Damage Only,0,0,0,0,0,0,9000,2,1,,POINT (-93.563610320897 41.597427433277)
2014814729,20140025842,09/02/2014,09-September,3-Tuesday,11:30,1100 Hours,District 1 (Central),DES MOINES,POLK,US 6,US 6/E EUCLID AVE & US 69/E 14TH ST,Collision with:  Vehicle in traffic,On Roadway,Rear-end (front to rear),Followed too close,None Indicated,,Daylight,Dry,Cloudy,None apparent,Intersection:  Four-way intersection,Paved,,Major Injury,0,2,1,0,1,0,3000,2,3,,POINT (-93.600513057949 41.627712019178)
2014815157,201412969,09/02/2014,09-September,3-Tuesday,12:30,1200 Hours,District 6 (East Central),CEDAR RAPIDS,LINN,,42ND ST NE,Collision with:  Vehicle in traffic,On Roadway,Rear-end (front to rear),Lost Control,None Indicated,,Daylight,Dry,Clear,None apparent,Non-intersection:  Non-junction/no special feature,Paved,,Property Damage Only,0,0,0,0,0,0,6500,3,8,,POINT (-91.665101175877 42.021488723293)
2014816394,14015284,09/02/2014,09-September,3-Tuesday,14:33,1400 Hours,District 2 (Northeast),MASON CITY,CERRO GORDO,IA 122,IA 122/4TH ST SW & CERRO GORDO & WINNEBAGO WAY,Collision with:  Non-motorist (see non-motorist section - NOT a unit),On Roadway,Non-collision (single vehicle),Unknown,None Indicated,,Daylight,Dry,Clear,None apparent,Intersection:  Four-way intersection,Paved,,Possible/Unknown,0,1,0,0,1,0,0,1,1,,POINT (-93.230310385296 43.148343102799)
2014815067,14007741,09/02/2014,09-September,3-Tuesday,21:30,2100 Hours,District 6 (East Central),,DELAWARE,,PHEASANT RD,Non-collision events:  Overturn/rollover,Shoulder,Non-collision (single vehicle),Ran off road - right,None Indicated,,Dark - roadway not lighted,"Mud, dirt",Clear,None apparent,Non-intersection:  Non-junction/no special feature,Unpaved,,Property Damage Only,0,0,0,0,0,0,5000,1,1,,POINT (-91.278580445447 42.34687905691)
2014815140,14015299,09/02/2014,09-September,3-Tuesday,17:06,1700 Hours,District 2 (Northeast),MASON CITY,CERRO GORDO,,3RD ST NW,Collision with:  Vehicle in traffic,On Roadway,Broadside (front to side),Improper Backing,None Indicated,,Daylight,Dry,Cloudy,None apparent,Non-intersection:  Non-junction/no special feature,Paved,,Property Damage Only,0,0,0,0,0,0,4800,2,1,,POINT (-93.206472503056 43.154529907807)
2014814940,20140025893,09/02/2014,09-September,3-Tuesday,16:59,1600 Hours,District 1 (Central),DES MOINES,POLK,I-235,I-235,Collision with:  Vehicle in traffic,On Roadway,"Sideswipe, same direction",Swerving/Evasive Action,None Indicated,,Daylight,Dry,Cloudy,None apparent,Non-intersection:  Non-junction/no special feature,Paved,,Possible/Unknown,0,2,0,0,2,0,4300,3,4,,POINT (-93.678463449436 41.59129458658)
2014814902,W14-088406,09/02/2014,09-September,3-Tuesday,10:35,1000 Hours,District 2 (Northeast),WATERLOO,BLACK HAWK,US 218,US 218/WASHINGTON ST & E SHAULIS RD,Collision with:  Vehicle in traffic,On Roadway,Broadside (front to side),Ran Traffic Signal,None Indicated,,Daylight,Dry,Clear,None apparent,Intersection:  Four-way intersection,Paved,,Minor Injury,0,2,0,2,0,0,13000,3,3,,POINT (-92.298836502097 42.442261216517)
2014815802,W14-088447,09/02/2014,09-September,3-Tuesday,12:55,1200 Hours,District 2 (Northeast),WATERLOO,BLACK HAWK,US 63,US 63/W 1ST ST,Collision with:  Vehicle in traffic,On Roadway,"Sideswipe, same direction",Unknown,None Indicated,,Daylight,Dry,Clear,None apparent,Non-intersection:  Non-junction/no special feature,Paved,,Property Damage Only,0,0,0,0,0,0,8000,2,2,,POINT (-92.344464624731 42.497566140823)
2014814941,20140025898,09/02/2014,09-September,3-Tuesday,17:09,1700 Hours,District 1 (Central),DES MOINES,POLK,,CLARK ST & 6TH AVE,Collision with:  Vehicle in traffic,On Roadway,Broadside (front to side),Ran Stop Sign,None Indicated,,Daylight,Dry,Clear,None apparent,Intersection:  Four-way intersection,Paved,,Major Injury,0,1,1,0,0,0,2500,2,2,,POINT (-93.62577633031 41.605869900691)
2014815429,CL14003141,09/02/2014,09-September,3-Tuesday,16:30,1600 Hours,District 6 (East Central),CLINTON,CLINTON,,6TH AVE S,Collision with:  Vehicle in traffic,On Roadway,Rear-end (front to rear),Other (explain in narrative):  Other,None Indicated,,Daylight,Dry,Clear,None apparent,Non-intersection:  Non-junction/no special feature,Paved,,Property Damage Only,0,0,0,0,0,0,7000,2,1,,POINT (-90.198611361297 41.839995958735)
2014818396,2014-5158,09/02/2014,09-September,3-Tuesday,13:39,1300 Hours,District 1 (Central),,HARDIN,,Co Rd S27/ST HWY 359,Collision with:  Vehicle in traffic,On Roadway,Unknown,Crossed centerline (undivided),None Indicated,,Daylight,Dry,Clear,None apparent,Non-intersection:  Other non-intersection (explain in narrative),Paved,,Property Damage Only,0,0,0,0,0,0,19400,2,2,,POINT (-93.380789248325 42.477932699899)
2014816144,14-004098,09/02/2014,09-September,3-Tuesday,17:46,1700 Hours,District 1 (Central),AMES,STORY,US 69,US 69/S DUFF AVE,Collision with:  Vehicle in traffic,On Roadway,Rear-end (front to rear),Followed too close,None Indicated,,Daylight,Dry,Clear,None apparent,Non-intersection:  Non-junction/no special feature,Paved,,Possible/Unknown,0,3,0,0,3,0,4100,4,5,,POINT (-93.610035712045 42.002285922468)
2014815042,2014009652,09/02/2014,09-September,3-Tuesday,16:15,1600 Hours,District 6 (East Central),IOWA CITY,JOHNSON,,HOLLYWOOD BLVD & HOLLYWOOD CT,Collision with:  Vehicle in traffic,On Roadway,"Sideswipe, same direction","Operating vehicle in an reckless, erratic, careless, negligent manner",None Indicated,,Daylight,Dry,Clear,None apparent,Non-intersection:  Non-junction/no special feature,Paved,,Property Damage Only,0,0,0,0,0,0,1500,2,2,,POINT (-91.50963970986 41.639478878269)
2014815296,2014-037345,09/02/2014,09-September,3-Tuesday,07:50,0700 Hours,District 6 (East Central),DUBUQUE,DUBUQUE,,JOHN F KENNEDY RD,Collision with:  Vehicle in traffic,On Roadway,"Sideswipe, opposite direction",Crossed centerline (undivided),None Indicated,,Daylight,Wet,Rain,"Surface condition (e.g., wet, icy)",Intersection:  Four-way intersection,Paved,,Property Damage Only,0,0,0,0,0,0,4500,2,2,,POINT (-90.721301166765 42.500421628709)
2014815964,14-001027,09/02/2014,09-September,3-Tuesday,20:30,2000 Hours,District 1 (Central),,STORY,,Co Rd E26/190TH ST & Co Rd R38/500TH AVE,Collision with fixed object:  Ditch,On Roadway,Non-collision (single vehicle),Ran Stop Sign,None Indicated,,Dark - roadway not lighted,Dry,Clear,None apparent,Intersection:  T-intersection,Paved,,Possible/Unknown,0,1,0,0,1,0,6050,1,1,,POINT (-93.698650059988 42.077967063826)
2014815156,201412961,09/02/2014,09-September,3-Tuesday,10:05,1000 Hours,District 6 (East Central),CEDAR RAPIDS,LINN,,2ND AVE SE & 15TH ST SE,Collision with:  Vehicle in traffic,Outside trafficway,Broadside (front to side),FTYROW:  From driveway,None Indicated,,Daylight,Dry,Clear,None apparent,Non-intersection:  Other non-intersection (explain in narrative),Paved,,Property Damage Only,0,0,0,0,0,0,3700,2,3,,POINT (-91.6514150004 41.987248514598)
2014815191,2014-61690,09/02/2014,09-September,3-Tuesday,08:21,0800 Hours,District 6 (East Central),DAVENPORT,SCOTT,,E 15TH ST & GRAND AVE,Collision with:  Vehicle in traffic,On Roadway,Broadside (front to side),Ran Stop Sign,None Indicated,,Daylight,Dry,Clear,None apparent,Intersection:  Four-way intersection,Paved,,Possible/Unknown,0,1,0,0,1,0,6000,2,3,,POINT (-90.564886312651 41.535115375774)
2014815202,14-28897,09/02/2014,09-September,3-Tuesday,15:10,1500 Hours,District 3 (Northwest),SIOUX CITY,WOODBURY,,PEARL ST,Collision with:  Parked motor vehicle,On Roadway,"Sideswipe, same direction",Lost Control,None Indicated,,Daylight,Dry,Cloudy,None apparent,Non-intersection:  Non-junction/no special feature,Paved,,Property Damage Only,0,0,0,0,0,0,3000,2,2,,POINT (-96.407871739371 42.494689741226)
2014816022,2014051220,09/02/2014,09-September,3-Tuesday,08:54,0800 Hours,District 5 (Southeast),,WARREN,I-35,I-35,Non-collision events:  Overturn/rollover,On Roadway,Non-collision (single vehicle),Swerving/Evasive Action,None Indicated,,Daylight,Dry,Clear,None apparent,Interchange-related:  On-ramp merge area,Paved,,Property Damage Only,0,0,0,0,0,0,2500,1,1,,POINT (-93.783925622671 41.180934550703)
2014816322,S14-88393,09/02/2014,09-September,3-Tuesday,10:01,1000 Hours,District 2 (Northeast),,BLACK HAWK,US 63,US 63/LOGAN AVE & Co Rd C57/E CEDAR-WAPSI RD/W CEDAR-WAPSI RD,Collision with:  Vehicle in traffic,On Roadway,"Angle, oncoming left turn",FTYROW:  Making left turn,None Indicated,,Daylight,Dry,Clear,None apparent,Intersection:  Four-way intersection,Paved,,Minor Injury,0,3,0,3,0,0,30000,2,3,,POINT (-92.337707020046 42.614223656891)
2014815215,14088576,09/02/2014,09-September,3-Tuesday,19:00,1900 Hours,District 2 (Northeast),CEDAR FALLS,BLACK HAWK,,UNIVERSITY AVE & WALNUT ST,Collision with:  Vehicle in traffic,On Roadway,Broadside (front to side),FTYROW:  Making left turn,None Indicated,,Daylight,Dry,Cloudy,None apparent,Intersection:  Four-way intersection,Paved,,Property Damage Only,0,0,0,0,0,0,6500,2,4,,POINT (-92.453408377739 42.513105206757)
2014815139,14015296,09/02/2014,09-September,3-Tuesday,16:24,1600 Hours,District 2 (Northeast),MASON CITY,CERRO GORDO,,1ST ST NW & N ADAMS AVE,Collision with:  Non-motorist (see non-motorist section - NOT a unit),On Roadway,Non-collision (single vehicle),Other (explain in narrative):  No improper action,None Indicated,,Daylight,Dry,Cloudy,None apparent,Intersection:  Four-way intersection,Paved,,Property Damage Only,0,0,0,0,0,0,3500,1,1,,POINT (-93.204277168881 43.152723875353)
2014815470,14-176,09/02/2014,09-September,3-Tuesday,20:42,2000 Hours,District 2 (Northeast),WAVERLY,BREMER,IA 3,IA 3/IOWA 3,Collision with:  Animal,On Roadway,Non-collision (single vehicle),Animal,None Indicated,,Dark - roadway not lighted,Dry,Cloudy,None apparent,Non-intersection:  Non-junction/no special feature,Paved,,Property Damage Only,0,0,0,0,0,0,3000,1,3,,POINT (-92.517500991074 42.715020972615)
2014814690,14018640,09/02/2014,09-September,3-Tuesday,08:06,0800 Hours,District 6 (East Central),MARION,LINN,,35TH ST,Collision with:  Vehicle in traffic,On Roadway,"Angle, oncoming left turn",FTYROW:  Making left turn,None Indicated,,Daylight,Dry,Cloudy,None apparent,Non-intersection:  Driveway access (within),Paved,,Property Damage Only,0,0,0,0,0,0,6500,2,4,,POINT (-91.573661853369 42.037410668558)
2014814942,20140025905,09/02/2014,09-September,3-Tuesday,17:40,1700 Hours,District 1 (Central),DES MOINES,POLK,,UNIVERSITY AVE & 22ND ST,Collision with:  Vehicle in traffic,On Roadway,Broadside (front to side),FTYROW:  From stop sign,None Indicated,,Daylight,Dry,Clear,None apparent,Intersection:  Four-way intersection,Paved,,Property Damage Only,0,0,0,0,0,0,3000,2,6,,POINT (-93.646759259205 41.60040347943)
2014850918,14007101,09/02/2014,09-September,3-Tuesday,17:30,1700 Hours,District 5 (Southeast),WAPELLO,LOUISA,,K AVE,Non-collision events:  Overturn/rollover,Roadside,Non-collision (single vehicle),Swerving/Evasive Action,None Indicated,,Daylight,Dry,Clear,None apparent,Non-intersection:  Non-junction/no special feature,Paved,,Property Damage Only,0,0,0,0,0,0,4000,1,2,,POINT (-91.196989434427 41.173063989801)
2014823867,,09/02/2014,09-September,3-Tuesday,16:15,1600 Hours,District 2 (Northeast),DECORAH,WINNESHIEK,IA 9,IA 9/IOWA 9 & OLD STAGE RD & TROUT RUN RD,Collision with:  Vehicle in traffic,On Roadway,Rear-end (front to rear),Improper or erratic lane changing,None Indicated,,Daylight,Dry,Clear,None apparent,Intersection:  Four-way intersection,Paved,,Property Damage Only,0,0,0,0,0,0,3300,2,3,,POINT (-91.755449155537 43.288428081059)
2014826624,14-020596,09/02/2014,09-September,3-Tuesday,15:36,1500 Hours,District 5 (Southeast),,MAHASKA,US 63,US 63,Collision with:  Vehicle in traffic,On Roadway,Rear-end (front to rear),FTYROW:  Other (explain in narrative),None Indicated,,Daylight,Dry,Clear,None apparent,Non-intersection:  Driveway access (within),Paved,,Possible/Unknown,0,1,0,0,1,0,16500,3,4,,POINT (-92.655888151514 41.38568217702)
2014823866,,09/02/2014,09-September,3-Tuesday,12:37,1200 Hours,District 2 (Northeast),DECORAH,WINNESHIEK,,OLD STAGE RD,Collision with:  Vehicle in traffic,On Roadway,"Angle, oncoming left turn",FTYROW:  Making left turn,None Indicated,,Daylight,Dry,Clear,None apparent,Non-intersection:  Driveway access (within),Paved,,Property Damage Only,0,0,0,0,0,0,2700,2,2,,POINT (-91.754287076919 43.289198822376)
2014815719,2014009664,09/02/2014,09-September,3-Tuesday,18:51,1800 Hours,District 6 (East Central),IOWA CITY,JOHNSON,,KIRKWOOD AVE & DODGE ST,Collision with:  Vehicle in traffic,On Roadway,"Angle, oncoming left turn",Ran Stop Sign,None Indicated,,Daylight,Dry,Clear,None apparent,Intersection:  T-intersection,Paved,,Possible/Unknown,0,1,0,0,1,0,10000,2,3,,POINT (-91.526186112667 41.649437696868)
2014814935,14-5775,09/02/2014,09-September,3-Tuesday,15:49,1500 Hours,District 1 (Central),DES MOINES,POLK,US 69,US 69/NE 14TH ST & NE 51ST AVE,Collision with:  Vehicle in traffic,On Roadway,Rear-end (front to rear),Followed too close,None Indicated,,Daylight,Dry,Clear,None apparent,Non-intersection:  Non-junction/no special feature,Paved,,Property Damage Only,0,0,0,0,0,0,16500,4,5,,POINT (-93.600436924852 41.653139670951)
2014814934,14-5764,09/02/2014,09-September,3-Tuesday,12:30,1200 Hours,District 1 (Central),GRIMES,POLK,IA 44,IA 44/1ST ST & GATEWAY DR,Collision with:  Vehicle in traffic,On Roadway,Rear-end (front to rear),Followed too close,None Indicated,,Daylight,Dry,Clear,None apparent,Intersection:  Other intersection (explain in narrative),Paved,,Property Damage Only,0,0,0,0,0,0,8000,2,2,,POINT (-93.780370410532 41.688393468464)
2014814965,14-4341,09/02/2014,09-September,3-Tuesday,16:00,1600 Hours,District 1 (Central),WEST DES MOINES,POLK,,WESTOWN PKWY & 22ND ST,Collision with:  Vehicle in traffic,On Roadway,Rear-end (front to rear),Followed too close,None Indicated,,Daylight,Dry,Clear,None apparent,Intersection:  Four-way intersection,Paved,,Property Damage Only,0,0,0,0,0,0,1800,2,2,,POINT (-93.736059295202 41.596993118397)
2014815200,14-28854,09/02/2014,09-September,3-Tuesday,09:58,0900 Hours,District 3 (Northwest),SIOUX CITY,WOODBURY,IA 12,IA 12/GORDON DR & S CLEVELAND ST,Collision with:  Vehicle in traffic,On Roadway,Rear-end (front to rear),Followed too close,None Indicated,,Daylight,Dry,Clear,None apparent,Intersection:  T-intersection,Paved,,Property Damage Only,0,0,0,0,0,0,1500,2,2,,POINT (-96.350971958009 42.478216312106)
2014814952,20140025815,09/02/2014,09-September,3-Tuesday,08:40,0800 Hours,District 1 (Central),DES MOINES,POLK,,OVID AVE,Collision with:  Vehicle in traffic,On Roadway,Broadside (front to side),FTYROW:  From driveway,None Indicated,,Daylight,Dry,Clear,None apparent,Non-intersection:  Driveway access (within),Paved,,Property Damage Only,0,0,0,0,0,0,6500,2,2,,POINT (-93.69717097599 41.624959681734)
2014814949,20140025894,09/02/2014,09-September,3-Tuesday,16:51,1600 Hours,District 1 (Central),DES MOINES,POLK,US 6,US 6/HUBBELL AVE & E BROADWAY AVE,Collision with:  Vehicle in traffic,On Roadway,Rear-end (front to rear),Followed too close,None Indicated,,Daylight,Dry,Clear,None apparent,Intersection:  Intersection with ramp,Paved,,Property Damage Only,0,0,0,0,0,0,3000,2,2,,POINT (-93.517654787449 41.644192852057)
2014816313,120-2014,09/02/2014,09-September,3-Tuesday,05:00,0500 Hours,District 4 (Southwest),,HARRISON,,MOUNDS TRL,Collision with fixed object:  Mailbox,On Roadway,Non-collision (single vehicle),Driving too fast for conditions,None Indicated,,Dark - roadway not lighted,Unknown,Unknown,None apparent,Non-intersection:  Non-junction/no special feature,Unpaved,,Possible/Unknown,0,1,0,0,1,0,4250,1,1,,POINT (-95.83742044515 41.554525716566)
2014816023,2014051381,09/02/2014,09-September,3-Tuesday,16:02,1600 Hours,District 6 (East Central),,IOWA,I-80,I-80,Collision with fixed object:  Guardrail - face,Median,Non-collision (single vehicle),Ran off road - left,None Indicated,,Daylight,Dry,Clear,None apparent,Non-intersection:  Non-junction/no special feature,Paved,,Possible/Unknown,0,1,0,0,1,0,13500,1,1,,POINT (-91.979220883269 41.687031907327)
2014814937,14-5781,09/02/2014,09-September,3-Tuesday,19:13,1900 Hours,District 1 (Central),BONDURANT,POLK,,15TH ST SW,,On Roadway,Non-collision (single vehicle),Swerving/Evasive Action,None Indicated,,Daylight,Dry,Clear,None apparent,Non-intersection:  Non-junction/no special feature,Unpaved,,Property Damage Only,0,0,0,0,0,0,5000,1,2,,POINT (-93.467733559928 41.688460833884)
2014815477,ACC14-020,09/02/2014,09-September,3-Tuesday,09:12,0900 Hours,District 2 (Northeast),CRESCO,HOWARD,,N ELM ST,Collision with:  Non-motorist (see non-motorist section - NOT a unit),On Roadway,Non-collision (single vehicle),Other (explain in narrative):  No improper action,None Indicated,,Daylight,Wet,Clear,None apparent,Non-intersection:  Alley,Paved,,Possible/Unknown,0,1,0,0,1,0,750,1,1,,POINT (-92.115893196348 43.375398044996)
2014816142,14-004091,09/02/2014,09-September,3-Tuesday,10:45,1000 Hours,District 1 (Central),AMES,STORY,US 69,US 69/S DUFF AVE & AIRPORT RD & BILLY SUNDAY RD,Collision with:  Vehicle in traffic,On Roadway,"Angle, oncoming left turn",FTYROW:  Making left turn,None Indicated,,Daylight,Dry,Clear,None apparent,Intersection:  Four-way intersection,Paved,,Possible/Unknown,0,2,0,0,0,2,15500,2,2,,POINT (-93.610036344234 42.001088039793)
2014815076,2014009630,09/02/2014,09-September,3-Tuesday,11:22,1100 Hours,District 6 (East Central),IOWA CITY,JOHNSON,,LOWER MUSCATINE RD & KIRKWOOD AVE & FRANKLIN ST,Non-collision events:  Overturn/rollover,On Roadway,Non-collision (single vehicle),Crossed centerline (undivided),None Indicated,,Daylight,Dry,Clear,None apparent,Intersection:  Four-way intersection,Paved,,Minor Injury,0,1,0,1,0,0,500,1,1,,POINT (-91.515727056426 41.649420177509)
2014815659,14-28815,09/02/2014,09-September,3-Tuesday,01:12,0100 Hours,District 3 (Northwest),SIOUX CITY,WOODBURY,,4TH ST,Collision with fixed object:  Curb/island/raised median,On Roadway,Non-collision (single vehicle),Over correcting/over steering,Alcohol (Statutory),,Dark - roadway lighted,Wet,Rain,None apparent,Non-intersection:  Non-junction/no special feature,Paved,,Minor Injury,0,1,0,1,0,0,1000,1,1,,POINT (-96.395679930885 42.494241630577)
2014814944,20140025887,09/02/2014,09-September,3-Tuesday,16:25,1600 Hours,District 1 (Central),DES MOINES,POLK,,E HULL AVE & E 37TH ST,Collision with:  Vehicle in traffic,On Roadway,Broadside (front to side),Ran Stop Sign,None Indicated,,Daylight,Dry,Clear,None apparent,Intersection:  Four-way intersection,Paved,,Property Damage Only,0,0,0,0,0,0,7200,2,6,,POINT (-93.543984889834 41.622363916994)
2014814958,20140025889,09/02/2014,09-September,3-Tuesday,16:23,1600 Hours,District 1 (Central),DES MOINES,POLK,,THORNTON AVE & SW 9TH ST,Collision with:  Vehicle in traffic,On Roadway,"Angle, oncoming left turn",FTYROW:  Making left turn,None Indicated,,Daylight,Dry,Clear,None apparent,Intersection:  Four-way intersection,Paved,,Property Damage Only,0,0,0,0,0,0,4500,2,3,,POINT (-93.625734727308 41.551853557939)