Iowa DOT Case Number,Law Enforcement Case Number,Date of Crash,Month of Crash,Day of Week,Time of Crash,Hour,DOT District,City Name,County Name,Route with System,Location Description,First Harmful Event,Location of First Harmful Event,Manner of Crash/Collision,Major Cause,Drug or Alcohol ,Environmental Conditions,Light Conditions,Surface Conditions,Weather Conditions,Roadway Contribution,Roadway Type,Roadway Surface,Work Zone,Crash Severity,Number of Fatalities,Number of Injuries,Number of Major Injuries,Number of Minor Injuries,Number of Possible Injuries,Number of Unknown Injuries,Amount of Property Damage,Number of Vehicles Involved,Total Number of Occupants,Travel Direction,Location
2014816728,90-14-287,09/03/2014,09-September,4-Wednesday,21:50,2100 Hours,District 2 (Northeast),LIVERMORE,HUMBOLDT,,3RD AVE & 6TH ST,Collision with:  Animal,On Roadway,Non-collision (single vehicle),Animal,None Indicated,,Unknown,Unknown,Unknown,Unknown,Non-intersection:  Non-junction/no special feature,Paved,,Property Damage Only,0,0,0,0,0,0,1700,1,1,,POINT (-94.18793855569 42.87020638314)
2014815148,14007759,09/03/2014,09-September,4-Wednesday,15:55,1500 Hours,District 6 (East Central),MANCHESTER,DELAWARE,,E MAIN ST & IOWA ST,Collision with:  Vehicle in traffic,On Roadway,Broadside (front to side),FTYROW:  From stop sign,None Indicated,,Daylight,Dry,Clear,None apparent,Intersection:  T-intersection,Paved,,Property Damage Only,0,0,0,0,0,0,5000,2,5,,POINT (-91.448433702525 42.484047318283)
2014816805,02-14-12606,09/03/2014,09-September,4-Wednesday,14:38,1400 Hours,District 6 (East Central),SHERRILL,DUBUQUE,,SHERRIL RD,Collision with:  Vehicle in traffic,On Roadway,"Sideswipe, same direction",FTYROW:  From driveway,None Indicated,,Daylight,Dry,Clear,None apparent,Non-intersection:  Driveway access (within),Paved,,Property Damage Only,0,0,0,0,0,0,3500,2,2,,POINT (-90.782958029782 42.602435889011)
2014815270,C14002790,09/03/2014,09-September,4-Wednesday,18:15,1800 Hours,District 6 (East Central),CORALVILLE,JOHNSON,US 6,US 6/2ND ST,Collision with:  Vehicle in traffic,On Roadway,"Sideswipe, same direction",Improper or erratic lane changing,None Indicated,,Daylight,Dry,Clear,None apparent,Non-intersection:  Non-junction/no special feature,Paved,,Property Damage Only,0,0,0,0,0,0,2500,2,2,,POINT (-91.56478717385 41.668660539761)
2014822149,,09/03/2014,09-September,4-Wednesday,13:42,1300 Hours,District 2 (Northeast),CLEAR LAKE,CERRO GORDO,,N 4TH ST,Collision with:  Parked motor vehicle,On Roadway,"Sideswipe, same direction",Other (explain in narrative):  Other,None Indicated,,Daylight,Dry,Clear,None apparent,Non-intersection:  Non-junction/no special feature,Paved,,Property Damage Only,0,0,0,0,0,0,2500,2,1,,POINT (-93.381199532339 43.136683828428)
2014814956,20140025976,09/03/2014,09-September,4-Wednesday,09:56,0900 Hours,District 1 (Central),DES MOINES,POLK,US 6,US 6/E EUCLID AVE & N UNION ST,Collision with:  Vehicle in traffic,On Roadway,Broadside (front to side),FTYROW:  From stop sign,None Indicated,,Daylight,Dry,Clear,None apparent,Intersection:  Four-way intersection,Paved,,Minor Injury,0,1,0,1,0,0,13000,2,2,,POINT (-93.610236988635 41.627705845449)
2014815173,20140026033,09/03/2014,09-September,4-Wednesday,16:20,1600 Hours,District 1 (Central),DES MOINES,POLK,,BOSTON AVE & MLK JR PKWY,Collision with:  Vehicle in traffic,On Roadway,Rear-end (front to rear),Unknown,None Indicated,,Daylight,Dry,Clear,None apparent,Non-intersection:  Non-junction/no special feature,Paved,,Possible/Unknown,0,1,0,0,0,1,3000,3,3,,POINT (-93.648987150752 41.622746818248)
2014821599,32067-14,09/03/2014,09-September,4-Wednesday,08:57,0800 Hours,District 3 (Northwest),,EMMET,IA 9,IA 9/IOWA 9,Collision with fixed object:  Ditch,On Roadway,Non-collision (single vehicle),Ran off road - left,None Indicated,,Daylight,Dry,Cloudy,None apparent,Non-intersection:  Non-junction/no special feature,Paved,,Property Damage Only,0,0,0,0,0,0,4900,1,1,,POINT (-94.736754611639 43.399356561489)
2014815516,W14-088917,09/03/2014,09-September,4-Wednesday,18:09,1800 Hours,District 2 (Northeast),WATERLOO,BLACK HAWK,,UPTON AVE & BEVERLY HILLS ST,Collision with:  Vehicle in traffic,On Roadway,Broadside (front to side),FTYROW:  From yield sign,None Indicated,,Daylight,Dry,Clear,None apparent,Intersection:  Four-way intersection,Paved,,Property Damage Only,0,0,0,0,0,0,6500,2,2,,POINT (-92.38797801372 42.505695883062)
2014817157,2014-62093,09/03/2014,09-September,4-Wednesday,18:33,1800 Hours,District 6 (East Central),DAVENPORT,SCOTT,,E LOCUST ST,Collision with:  Vehicle in traffic,On Roadway,Broadside (front to side),FTYROW:  At uncontrolled intersection,None Indicated,,Daylight,Dry,Clear,None apparent,Non-intersection:  Driveway access (within),Paved,,Property Damage Only,0,0,0,0,0,0,2500,2,2,,POINT (-90.568843862464 41.538261336778)
2014815271,14007754,09/03/2014,09-September,4-Wednesday,14:50,1400 Hours,District 6 (East Central),,DELAWARE,IA 13,IA 13/IOWA 13,Collision with:  Vehicle in traffic,On Roadway,Rear-end (front to rear),Followed too close,None Indicated,,Daylight,Dry,Clear,None apparent,Non-intersection:  Non-junction/no special feature,Paved,,Possible/Unknown,0,1,0,0,1,0,7000,2,4,,POINT (-91.468450649706 42.629872665288)
2014815172,20140026016,09/03/2014,09-September,4-Wednesday,14:48,1400 Hours,District 1 (Central),DES MOINES,POLK,,E HIGHVIEW DR & SE 45TH ST,Collision with fixed object:  Traffic sign support,On Roadway,Non-collision (single vehicle),Ran off road - right,Under Influence of Alcohol/Drugs/Medications,,Daylight,Dry,Clear,None apparent,Non-intersection:  Non-junction/no special feature,Paved,,Property Damage Only,0,0,0,0,0,0,3000,1,1,,POINT (-93.524845106631 41.52982193672)
2014814967,14-4354,09/03/2014,09-September,4-Wednesday,08:20,0800 Hours,District 1 (Central),WEST DES MOINES,POLK,,MILLS CIVIC PKWY & S 50TH ST,Collision with:  Vehicle in traffic,Shoulder,"Sideswipe, same direction",Unknown,None Indicated,,Daylight,Dry,Clear,None apparent,Intersection:  Other intersection (explain in narrative),Paved,,Property Damage Only,0,0,0,0,0,0,1500,2,2,,POINT (-93.770875499803 41.559213782206)
2014815921,2014-19127,09/03/2014,09-September,4-Wednesday,07:43,0700 Hours,District 5 (Southeast),INDIANOLA,WARREN,US 65,US 65/S JEFFERSON WAY & IA 92/E 2ND AVE,Collision with:  Non-motorist (see non-motorist section - NOT a unit),On Roadway,Non-collision (single vehicle),FTYROW:  To pedestrian,None Indicated,,Daylight,Dry,Clear,None apparent,Non-intersection:  Non-junction/no special feature,Paved,,Minor Injury,0,1,0,1,0,0,0,1,2,,POINT (-93.558326324462 41.358287784294)
2014815168,14-003757,09/03/2014,09-September,4-Wednesday,13:00,1300 Hours,District 1 (Central),ANKENY,POLK,,NW CHAPEL DR,Collision with:  Vehicle in traffic,On Roadway,Broadside (front to side),Unknown,None Indicated,,Daylight,Dry,Clear,None apparent,Non-intersection:  Non-junction/no special feature,Paved,,Property Damage Only,0,0,0,0,0,0,1500,2,2,,POINT (-93.618805931712 41.752822609344)
2014831683,14-006402,09/03/2014,09-September,4-Wednesday,19:30,1900 Hours,District 3 (Northwest),,PALO ALTO,,Co Rd N48/NORTH HURON RD & 340 ST,Collision with fixed object:  Traffic sign support,Shoulder,Non-collision (single vehicle),Ran Stop Sign,None Indicated,,Dusk,Dry,Clear,None apparent,Intersection:  T-intersection,Paved,,Possible/Unknown,0,1,0,0,0,1,3750,1,1,,POINT (-94.643830028655 43.155368878335)
2014815180,14-4365,09/03/2014,09-September,4-Wednesday,16:00,1600 Hours,District 4 (Southwest),WEST DES MOINES,DALLAS,,JORDAN CREEK PKWY,Collision with:  Vehicle in traffic,On Roadway,"Sideswipe, same direction",Improper or erratic lane changing,None Indicated,,Daylight,Dry,Cloudy,None apparent,Non-intersection:  Non-junction/no special feature,Paved,,Possible/Unknown,0,1,0,0,1,0,1500,2,2,,POINT (-93.808884072065 41.600016597194)
2014815143,1409038281,09/03/2014,09-September,4-Wednesday,05:30,0500 Hours,District 6 (East Central),,CLINTON,,Co Rd F12/220 ST,Collision with:  Animal,,,Animal,None Indicated,,,,,,,Paved,,Property Damage Only,0,0,0,0,0,0,1500,1,1,,POINT (-90.263126724522 41.85917680662)
2014815299,2014009680,09/03/2014,09-September,4-Wednesday,07:59,0700 Hours,District 6 (East Central),IOWA CITY,JOHNSON,,N DUBUQUE ST,Collision with:  Vehicle in traffic,On Roadway,Rear-end (front to rear),Followed too close,None Indicated,,Daylight,Dry,Clear,None apparent,Non-intersection:  Non-junction/no special feature,Paved,,Property Damage Only,0,0,0,0,0,0,6500,3,3,,POINT (-91.532160911579 41.677174196443)
2014815694,14-1299,09/03/2014,09-September,4-Wednesday,11:53,1100 Hours,District 3 (Northwest),SPIRIT LAKE,DICKINSON,US 71,US 71 & 23RD ST & ENTERPRISE AVE,Collision with:  Vehicle in traffic,On Roadway,Rear-end (front to rear),Unknown,None Indicated,,Daylight,Dry,Clear,None apparent,Non-intersection:  Non-junction/no special feature,Paved,,Property Damage Only,0,0,0,0,0,0,2000,2,2,,POINT (-95.126423848342 43.418362241638)
2014816259,PD1407700,09/03/2014,09-September,4-Wednesday,11:14,1100 Hours,District 5 (Southeast),FAIRFIELD,JEFFERSON,IA 1,IA 1/S MAIN ST & W FILLMORE AVE & E FILLMORE AVE,Collision with:  Vehicle in traffic,On Roadway,Rear-end (front to rear),Separation of units,None Indicated,,Daylight,Dry,Clear,None apparent,Intersection:  Four-way intersection,Paved,,Property Damage Only,0,0,0,0,0,0,1800,2,2,,POINT (-91.963163504145 40.995606596872)
2014814953,20140025957,09/03/2014,09-September,4-Wednesday,07:41,0700 Hours,District 1 (Central),DES MOINES,POLK,,E CRESTON AVE & S UNION ST,Collision with:  Vehicle in traffic,On Roadway,Rear-end (front to rear),Driving too fast for conditions,None Indicated,,Daylight,Dry,Clear,None apparent,Intersection:  T-intersection,Paved,,Minor Injury,0,2,0,1,1,0,11000,3,3,,POINT (-93.616086646254 41.561174168578)
2014817570,14020844,09/03/2014,09-September,4-Wednesday,07:12,0700 Hours,District 2 (Northeast),,WORTH,,Co Rd S28/WHEELERWOOD RD,Collision with fixed object:  Ditch,On Roadway,Non-collision (single vehicle),Ran off road - straight,None Indicated,,Dark - roadway not lighted,Dry,Clear,None apparent,Non-intersection:  Non-junction/no special feature,Paved,,Possible/Unknown,0,1,0,0,1,0,2000,1,1,,POINT (-93.365285761377 43.463656933876)
2014815249,01-14-37422,09/03/2014,09-September,4-Wednesday,21:16,2100 Hours,District 6 (East Central),DUBUQUE,DUBUQUE,,DUNHAM CT,Collision with:  Vehicle in traffic,On Roadway,Unknown,Other (explain in narrative):  Vision obstructed,None Indicated,,Dark - roadway not lighted,Dry,Clear,None apparent,Non-intersection:  Non-junction/no special feature,Paved,,Property Damage Only,0,0,0,0,0,0,4000,2,1,,POINT (-90.691058705598 42.514656627602)
2014815367,14018777,09/03/2014,09-September,4-Wednesday,18:54,1800 Hours,District 6 (East Central),MARION,LINN,,MARION BLVD & ARMAR DR,Collision with:  Vehicle in traffic,On Roadway,Rear-end (front to rear),Followed too close,None Indicated,,Daylight,Dry,Cloudy,None apparent,Intersection:  Other intersection (explain in narrative),Paved,,Possible/Unknown,0,1,0,0,1,0,1000,2,6,,POINT (-91.616897680813 42.028104986819)
2014815345,W14-088840,09/03/2014,09-September,4-Wednesday,15:00,1500 Hours,District 2 (Northeast),WATERLOO,BLACK HAWK,,MAPLE ST,Collision with:  Vehicle in traffic,Outside trafficway,Head-on (front to front),Swerving/Evasive Action,None Indicated,,Daylight,Dry,Clear,None apparent,Non-intersection:  Driveway access (within),Paved,,Property Damage Only,0,0,0,0,0,0,2250,2,2,,POINT (-92.329111297471 42.500503250717)
2014815209,14-29042,09/03/2014,09-September,4-Wednesday,17:23,1700 Hours,District 3 (Northwest),SIOUX CITY,WOODBURY,I-29,I-29,Collision with:  Vehicle in traffic,On Roadway,Rear-end (front to rear),Followed too close,None Indicated,,Daylight,Dry,Clear,None apparent,Non-intersection:  Non-junction/no special feature,Paved,,Possible/Unknown,0,1,0,0,1,0,3000,2,2,,POINT (-96.388095440793 42.480428336953)
2014816157,14004106,09/03/2014,09-September,4-Wednesday,08:00,0800 Hours,District 1 (Central),AMES,STORY,US 30,US 30,Collision with:  Vehicle in traffic,On Roadway,Rear-end (front to rear),Lost Control,None Indicated,,Daylight,Dry,Clear,None apparent,"Interchange-related:  Off-ramp, diverge area",Paved,,Property Damage Only,0,0,0,0,0,0,4000,2,2,,POINT (-93.604148014187 42.005361294035)
2014815667,14-006734,09/03/2014,09-September,4-Wednesday,09:34,0900 Hours,District 4 (Southwest),PERRY,DALLAS,IA 144,IA 144/1ST AVE & PATTEE ST,Collision with:  Vehicle in traffic,On Roadway,"Sideswipe, same direction",Made improper turn,None Indicated,,Daylight,Dry,Clear,None apparent,Intersection:  Four-way intersection,Paved,,Property Damage Only,0,0,0,0,0,0,3000,2,2,,POINT (-94.106581096762 41.841587807228)
2014815177,20140026053,09/03/2014,09-September,4-Wednesday,21:15,2100 Hours,District 1 (Central),DES MOINES,POLK,,MLK JR PKWY,Collision with:  Vehicle in traffic,On Roadway,"Sideswipe, same direction",Driving too fast for conditions,None Indicated,,Dark - roadway lighted,Dry,Clear,None apparent,Non-intersection:  Non-junction/no special feature,Paved,,Possible/Unknown,0,1,0,0,1,0,15050,2,2,,POINT (-93.644317482113 41.592580895731)
2014815420,14-23218,09/03/2014,09-September,4-Wednesday,14:03,1400 Hours,District 1 (Central),NEWTON,JASPER,US 6,US 6/1ST AVE E,Collision with:  Vehicle in traffic,On Roadway,Rear-end (front to rear),Followed too close,None Indicated,,Daylight,Dry,Clear,None apparent,Non-intersection:  Non-junction/no special feature,Paved,,Major Injury,0,1,1,0,0,0,1300,2,2,,POINT (-93.048734442723 41.699562354359)
2014815634,S79140287,09/03/2014,09-September,4-Wednesday,16:20,1600 Hours,District 1 (Central),,POWESHIEK,,20TH ST,Non-collision events:  Overturn/rollover,On Roadway,Non-collision (single vehicle),Swerving/Evasive Action,None Indicated,,Daylight,"Mud, dirt",Cloudy,None apparent,Non-intersection:  Non-junction/no special feature,Unpaved,,Possible/Unknown,0,2,0,0,2,0,15000,1,2,,POINT (-92.746689794631 41.760613737887)
2014815205,14-28956,09/03/2014,09-September,4-Wednesday,01:15,0100 Hours,District 3 (Northwest),SIOUX CITY,WOODBURY,I-29,I-29,Collision with:  Animal,,,Animal,None Indicated,,,,,,,Paved,,Property Damage Only,0,0,0,0,0,0,4500,1,1,,POINT (-96.380081490867 42.464898308197)
2014815248,01-14-37404,09/03/2014,09-September,4-Wednesday,12:05,1200 Hours,District 6 (East Central),DUBUQUE,DUBUQUE,,E 22ND ST & THOMAS ST & STAFFORD ST,Collision with:  Vehicle in traffic,On Roadway,Broadside (front to side),FTYROW:  At uncontrolled intersection,None Indicated,,Daylight,Dry,Clear,None apparent,Intersection:  Four-way intersection,Paved,,Property Damage Only,0,0,0,0,0,0,5500,2,2,,POINT (-90.665162897308 42.517733767736)
2014815529,14-31525,09/03/2014,09-September,4-Wednesday,18:55,1800 Hours,District 5 (Southeast),,DES MOINES,,210TH ST,Collision with:  Animal,,,Animal,None Indicated,,,,,,,Unpaved,,Property Damage Only,0,0,0,0,0,0,3000,1,1,,POINT (-91.338825297648 40.987263253329)
2014815165,14-021919,09/03/2014,09-September,4-Wednesday,13:59,1300 Hours,District 5 (Southeast),,MARION,,Co Rd S45/HWY 181,Collision with:  Vehicle in traffic,On Roadway,"Sideswipe, same direction",Followed too close,None Indicated,,Daylight,Dry,Cloudy,None apparent,Non-intersection:  Non-junction/no special feature,Paved,,Property Damage Only,0,0,0,0,0,0,5500,2,3,,POINT (-93.246190715033 41.270958889079)
2014815552,14018821,09/03/2014,09-September,4-Wednesday,10:00,1000 Hours,District 6 (East Central),MARION,LINN,,35TH ST CT,Collision with:  Non-motorist (see non-motorist section - NOT a unit),On Roadway,Non-collision (single vehicle),Unknown,None Indicated,,Daylight,Dry,Clear,None apparent,Non-intersection:  Non-junction/no special feature,Paved,,Minor Injury,0,1,0,1,0,0,0,1,1,,POINT (-91.574302596599 42.039012748064)
2014815453,S14-088915,09/03/2014,09-September,4-Wednesday,18:00,1800 Hours,District 2 (Northeast),,BLACK HAWK,,Co Rd V49/N RAYMOND RD,Collision with:  Vehicle in traffic,On Roadway,"Sideswipe, same direction",Crossed centerline (undivided),None Indicated,,Daylight,Dry,Clear,None apparent,Non-intersection:  Non-junction/no special feature,Paved,,Property Damage Only,0,0,0,0,0,0,2400,2,4,,POINT (-92.21922966798 42.567503571101)
2014816475,C14088792,09/03/2014,09-September,4-Wednesday,11:59,1100 Hours,District 2 (Northeast),CEDAR FALLS,BLACK HAWK,,6TH ST & WALNUT ST,Collision with:  Non-motorist (see non-motorist section - NOT a unit),On Roadway,Non-collision (single vehicle),Other (explain in narrative):  No improper action,None Indicated,,Daylight,Dry,Clear,None apparent,Non-intersection:  Non-junction/no special feature,Paved,,Possible/Unknown,0,1,0,0,1,0,5000,1,1,,POINT (-92.453415780733 42.533206203292)
2014816314,121-2014,09/03/2014,09-September,4-Wednesday,15:45,1500 Hours,District 4 (Southwest),,HARRISON,,Co Rd L23/LAREDO AVE,Collision with:  Animal,,,Animal,None Indicated,,,,,,,Paved,,Property Damage Only,0,0,0,0,0,0,1500,1,777,,POINT (-95.87276360893 41.797120628058)
2014816189,CL14003151,09/03/2014,09-September,4-Wednesday,08:56,0800 Hours,District 6 (East Central),CLINTON,CLINTON,,7TH AVE S & S 9TH ST,Collision with:  Vehicle in traffic,On Roadway,Broadside (front to side),FTYROW:  From stop sign,None Indicated,,Daylight,Dry,Clear,None apparent,Intersection:  Four-way intersection,Paved,,Minor Injury,0,1,0,1,0,0,12000,3,3,,POINT (-90.207161472318 41.838898505769)
2014816246,,09/03/2014,09-September,4-Wednesday,09:43,0900 Hours,District 6 (East Central),CEDAR RAPIDS,LINN,I-380,I-380,Collision with:  Vehicle in traffic,On Roadway,"Sideswipe, same direction",Unknown,None Indicated,,Daylight,Dry,Clear,,Non-intersection:  Other non-intersection (explain in narrative),Paved,,Property Damage Only,0,0,0,0,0,0,9500,2,2,,POINT (-91.668985181067 41.936549064762)
2014815182,14-4369,09/03/2014,09-September,4-Wednesday,17:16,1700 Hours,District 1 (Central),WEST DES MOINES,POLK,,60TH ST,Collision with:  Vehicle in traffic,On Roadway,"Angle, oncoming left turn",FTYROW:  Making left turn,None Indicated,,Daylight,Dry,Clear,None apparent,Intersection:  Four-way intersection,Paved,,Property Damage Only,0,0,0,0,0,0,8000,2,2,,POINT (-93.790566624011 41.584786735273)
2014815718,14-5429,09/03/2014,09-September,4-Wednesday,09:15,0900 Hours,District 3 (Northwest),CHEROKEE,CHEROKEE,,W MAIN ST & S 4TH ST & N 4TH ST,Collision with:  Vehicle in traffic,On Roadway,Broadside (front to side),Ran Stop Sign,None Indicated,,Daylight,Dry,Clear,None apparent,Intersection:  Four-way intersection,Paved,,Property Damage Only,0,0,0,0,0,0,9500,2,2,,POINT (-95.552975293054 42.749701484455)
2014815159,201413040,09/03/2014,09-September,4-Wednesday,16:26,1600 Hours,District 6 (East Central),CEDAR RAPIDS,LINN,,18TH AVE SW & HAMILTON ST SW,Collision with:  Vehicle in traffic,On Roadway,Broadside (front to side),FTYROW:  From stop sign,None Indicated,,Daylight,Dry,Clear,None apparent,Intersection:  Four-way intersection,Paved,,Property Damage Only,0,0,0,0,0,0,5000,2,4,,POINT (-91.662465347008 41.961078997955)
2014815216,CL14003159,09/03/2014,09-September,4-Wednesday,18:24,1800 Hours,District 6 (East Central),CLINTON,CLINTON,,8TH AVE S & S 9TH ST,Collision with:  Vehicle in traffic,On Roadway,Rear-end (front to rear),Followed too close,None Indicated,,Daylight,Dry,Clear,None apparent,Non-intersection:  Non-junction/no special feature,Paved,,Property Damage Only,0,0,0,0,0,0,3000,2,3,,POINT (-90.207161997585 41.837502630929)
2014815211,14-29058,09/03/2014,09-September,4-Wednesday,19:25,1900 Hours,District 3 (Northwest),SIOUX CITY,WOODBURY,,W 1ST ST & HAMILTON BLVD,Collision with:  Vehicle in traffic,On Roadway,Broadside (front to side),FTYROW:  From stop sign,None Indicated,,Daylight,Dry,Cloudy,None apparent,Intersection:  Four-way intersection,Paved,,Property Damage Only,0,0,0,0,0,0,4000,2,3,,POINT (-96.423129428729 42.497133945454)
2014815929,14-29031,09/03/2014,09-September,4-Wednesday,16:26,1600 Hours,District 3 (Northwest),SIOUX CITY,WOODBURY,,PIERCE ST,Collision with:  Vehicle in traffic,On Roadway,"Sideswipe, same direction",Other (explain in narrative):  Other,None Indicated,,Daylight,Dry,Clear,None apparent,Non-intersection:  Non-junction/no special feature,Paved,,Property Damage Only,0,0,0,0,0,0,2000,2,6,,POINT (-96.405028345054 42.504616243925)
2014819258,S14-005196,09/03/2014,09-September,4-Wednesday,05:49,0500 Hours,District 3 (Northwest),,OBRIEN,US 59,US 59/SILVER AVE,Collision with:  Animal,On Roadway,Non-collision (single vehicle),Animal,None Indicated,,Dark - roadway not lighted,Dry,Clear,None apparent,Non-intersection:  Other non-intersection (explain in narrative),Paved,,Possible/Unknown,0,1,0,0,1,0,6500,1,1,,POINT (-95.623986469297 42.988805975602)
2014815720,N14000469,09/03/2014,09-September,4-Wednesday,18:38,1800 Hours,District 6 (East Central),NORTH LIBERTY,JOHNSON,,PENN ST,Collision with:  Vehicle in traffic,On Roadway,Rear-end (front to rear),Followed too close,None Indicated,,Daylight,Dry,Clear,None apparent,Intersection:  Four-way intersection,Unpaved,,Possible/Unknown,0,2,0,0,2,0,1100,2,2,,POINT (-91.603498633962 41.752126261141)
2014815263,14088755,09/03/2014,09-September,4-Wednesday,09:46,0900 Hours,District 2 (Northeast),CEDAR FALLS,BLACK HAWK,,VALLEY PARK DR,Collision with:  Vehicle in traffic,On Roadway,Rear-end (front to rear),Other (explain in narrative):  Other,None Indicated,,Daylight,Dry,Clear,None apparent,Non-intersection:  Non-junction/no special feature,Paved,,Property Damage Only,0,0,0,0,0,0,3500,2,2,,POINT (-92.436829693388 42.513006923699)
2014817965,132-14,09/03/2014,09-September,4-Wednesday,08:10,0800 Hours,District 3 (Northwest),ROCK VALLEY,SIOUX,,SUNSET DR,Collision with:  Parked motor vehicle,On Roadway,Rear-end (front to rear),Lost Control,None Indicated,,Dawn,Dry,Clear,None apparent,Non-intersection:  Non-junction/no special feature,Paved,,Property Damage Only,0,0,0,0,0,0,7500,2,2,,POINT (-96.295474907708 43.19094363095)
2014814955,20140025970,09/03/2014,09-September,4-Wednesday,08:20,0800 Hours,District 1 (Central),DES MOINES,POLK,,OAKRIDGE DR & KEOSAUQUA WAY,Collision with:  Vehicle in traffic,On Roadway,Broadside (front to side),Unknown,None Indicated,,Daylight,Dry,Clear,None apparent,Non-intersection:  Non-junction/no special feature,Paved,,Property Damage Only,0,0,0,0,0,0,1500,2,2,,POINT (-93.63330008708 41.593515815707)
2014816396,14015367,09/03/2014,09-September,4-Wednesday,15:04,1500 Hours,District 2 (Northeast),MASON CITY,CERRO GORDO,IA 122,IA 122/4TH ST SW & FRONTAGE RD N,Collision with:  Vehicle in traffic,On Roadway,Rear-end (front to rear),Improper Backing,None Indicated,,Daylight,Dry,Clear,None apparent,Non-intersection:  Non-junction/no special feature,Paved,,Property Damage Only,0,0,0,0,0,0,3400,2,3,,POINT (-93.255607767766 43.148289386469)
2014815267,14-037502,09/03/2014,09-September,4-Wednesday,21:41,2100 Hours,District 4 (Southwest),COUNCIL BLUFFS,POTTAWATTAMIE,,S 13TH ST,Collision with:  Vehicle in traffic,On Roadway,Rear-end (front to rear),Other (explain in narrative):  Other,None Indicated,,Dark - roadway not lighted,Dry,Clear,None apparent,Non-intersection:  Non-junction/no special feature,Paved,,Possible/Unknown,0,1,0,0,1,0,6500,2,1,,POINT (-95.863408409696 41.242086815647)
2014815194,2014-62014,09/03/2014,09-September,4-Wednesday,11:52,1100 Hours,District 6 (East Central),DAVENPORT,SCOTT,US 6,US 6/W KIMBERLY RD & MARQUETTE ST,Collision with:  Vehicle in traffic,On Roadway,Rear-end (front to rear),Followed too close,None Indicated,,Daylight,Dry,Clear,None apparent,Intersection:  Four-way intersection,Paved,,Possible/Unknown,0,2,0,0,2,0,250,2,4,,POINT (-90.591048099902 41.560101088658)
2014815181,14-4373,09/03/2014,09-September,4-Wednesday,20:00,2000 Hours,District 1 (Central),WEST DES MOINES,POLK,,ASHWORTH RD & 60TH ST,Collision with:  Non-motorist (see non-motorist section - NOT a unit),On Roadway,Non-collision (single vehicle),FTYROW:  To pedestrian,None Indicated,,Unknown,Dry,Cloudy,None apparent,Intersection:  Four-way intersection,Paved,,Possible/Unknown,0,1,0,0,1,0,0,1,1,,POINT (-93.790549904522 41.584399540415)
2014815301,2014009691,09/03/2014,09-September,4-Wednesday,15:00,1500 Hours,District 6 (East Central),IOWA CITY,JOHNSON,,HOLLYWOOD BLVD & UNION RD & FAIR MEADOWS BLVD,Collision with:  Vehicle in traffic,On Roadway,Broadside (front to side),FTYROW:  From stop sign,None Indicated,,Daylight,Dry,Clear,None apparent,Intersection:  Four-way intersection,Paved,,Property Damage Only,0,0,0,0,0,0,8000,2,2,,POINT (-91.503907385893 41.638143436393)
2014814927,14018753,09/03/2014,09-September,4-Wednesday,12:32,1200 Hours,District 6 (East Central),MARION,LINN,,6TH AVE & MARION BLVD,Collision with:  Vehicle in traffic,On Roadway,"Sideswipe, same direction",Made improper turn,None Indicated,,Daylight,Dry,Clear,None apparent,Intersection:  T-intersection,Paved,,Property Damage Only,0,0,0,0,0,0,2400,2,4,,POINT (-91.61122844454 42.03161203954)
2014815476,14-00903,09/03/2014,09-September,4-Wednesday,16:30,1600 Hours,District 1 (Central),TOLEDO,TAMA,,BUSINESS US 30,Collision with fixed object:  Ditch,Outside trafficway,Non-collision (single vehicle),Swerving/Evasive Action,None Indicated,,Daylight,Dry,Clear,None apparent,Non-intersection:  Non-junction/no special feature,Paved,,Minor Injury,0,1,0,1,0,0,3000,1,1,,POINT (-92.591082371581 41.99173109405)
2014819735,14-037394,09/03/2014,09-September,4-Wednesday,21:14,2100 Hours,District 5 (Southeast),MUSCATINE,MUSCATINE,US 61,US 61,Collision with:  Vehicle in traffic,On Roadway,Rear-end (front to rear),Followed too close,None Indicated,,Dark - roadway not lighted,Dry,Clear,None apparent,Non-intersection:  Non-junction/no special feature,Paved,,Property Damage Only,0,0,0,0,0,0,10000,2,2,,POINT (-91.002118837415 41.470330917104)
2014819201,2014051548,09/03/2014,09-September,4-Wednesday,17:17,1700 Hours,District 2 (Northeast),,FRANKLIN,I-35,I-35,Collision with:  Animal,,,Animal,None Indicated,,,,,,,Paved,,Property Damage Only,0,0,0,0,0,0,3000,1,1,,POINT (-93.46040409346 42.666716066641)
2014815269,C14002785,09/03/2014,09-September,4-Wednesday,14:50,1400 Hours,District 6 (East Central),CORALVILLE,JOHNSON,,8TH ST & 12TH AVE,Collision with:  Vehicle in traffic,On Roadway,Broadside (front to side),FTYROW:  From stop sign,None Indicated,,Daylight,Dry,Clear,None apparent,Intersection:  Four-way intersection,Paved,,Property Damage Only,0,0,0,0,0,0,3000,2,3,,POINT (-91.58037995994 41.681734027066)