Iowa DOT Case Number,Law Enforcement Case Number,Date of Crash,Month of Crash,Day of Week,Time of Crash,Hour,DOT District,City Name,County Name,Route with System,Location Description,First Harmful Event,Location of First Harmful Event,Manner of Crash/Collision,Major Cause,Drug or Alcohol ,Environmental Conditions,Light Conditions,Surface Conditions,Weather Conditions,Roadway Contribution,Roadway Type,Roadway Surface,Work Zone,Crash Severity,Number of Fatalities,Number of Injuries,Number of Major Injuries,Number of Minor Injuries,Number of Possible Injuries,Number of Unknown Injuries,Amount of Property Damage,Number of Vehicles Involved,Total Number of Occupants,Travel Direction,Location
2014815219,14-31504,09/04/2014,09-September,5-Thursday,09:51,0900 Hours,District 5 (Southeast),BURLINGTON,DES MOINES,,DIVISION ST,Collision with:  Animal,,,Animal,None Indicated,,,,,,,Paved,,Property Damage Only,0,0,0,0,0,0,1500,1,1,,POINT (-91.126612836478 40.807665161056)
2014815364,201413068,09/04/2014,09-September,5-Thursday,05:14,0500 Hours,District 6 (East Central),CEDAR RAPIDS,LINN,IA 922,IA 922/WILLIAMS BLVD,Collision with:  Vehicle in traffic,On Roadway,Rear-end (front to rear),Swerving/Evasive Action,None Indicated,,Dark - roadway lighted,Dry,Cloudy,None apparent,Non-intersection:  Non-junction/no special feature,Paved,,Possible/Unknown,0,1,0,0,1,0,7500,2,3,,POINT (-91.716605213123 41.957716195606)
2014815777,2014051753,09/04/2014,09-September,5-Thursday,16:25,1600 Hours,District 2 (Northeast),,HUMBOLDT,IA 3,IA 3/220TH ST,Non-collision events:  Overturn/rollover,Shoulder,Non-collision (single vehicle),Other (explain in narrative):  No improper action,None Indicated,,Daylight,Dry,Cloudy,Work Zone (roadway-related),Non-intersection:  Non-junction/no special feature,Paved,Yes,Property Damage Only,0,0,0,0,0,0,4500,1,1,,POINT (-94.083193553741 42.731645575208)
2014815653,14-29168,09/04/2014,09-September,5-Thursday,17:15,1700 Hours,District 3 (Northwest),SIOUX CITY,WOODBURY,,1ST ST & S FAIRMOUNT ST,Collision with:  Vehicle in traffic,On Roadway,"Angle, oncoming left turn",FTYROW:  Making left turn,None Indicated,,Daylight,Dry,Cloudy,None apparent,Intersection:  Four-way intersection,Paved,,Property Damage Only,0,0,0,0,0,0,3000,2,4,,POINT (-96.374459953452 42.491078204543)
2014816746,01-14-037437,09/04/2014,09-September,5-Thursday,11:42,1100 Hours,District 6 (East Central),DUBUQUE,DUBUQUE,,W 5TH ST & WHITE ST,Collision with:  Vehicle in traffic,On Roadway,"Angle, oncoming left turn",FTYROW:  Making left turn,None Indicated,,Daylight,Dry,Cloudy,None apparent,Intersection:  Four-way intersection,Paved,,Property Damage Only,0,0,0,0,0,0,7000,2,3,,POINT (-90.662818446838 42.4993153384)
2014815721,N14000470,09/04/2014,09-September,5-Thursday,17:18,1700 Hours,District 6 (East Central),NORTH LIBERTY,JOHNSON,,CHERRY ST & HWY 965 & W CHERRY ST,Collision with:  Vehicle in traffic,On Roadway,Rear-end (front to rear),Driver Distraction:  Reaching for object(s)/fallen object(s),None Indicated,,Daylight,Dry,Clear,None apparent,Non-intersection:  Non-junction/no special feature,Paved,,Property Damage Only,0,0,0,0,0,0,7000,2,3,,POINT (-91.607598647125 41.749410955303)
2014816775,01-14-37445,09/04/2014,09-September,5-Thursday,15:40,1500 Hours,District 6 (East Central),DUBUQUE,DUBUQUE,,CLARKE DR,Collision with:  Vehicle in traffic,On Roadway,"Sideswipe, same direction",FTYROW:  From parked position,None Indicated,,Daylight,Dry,Clear,None apparent,Non-intersection:  Non-junction/no special feature,Paved,,Property Damage Only,0,0,0,0,0,0,5000,2,7,,POINT (-90.691340585997 42.509646405346)
2014815655,14-29178,09/04/2014,09-September,5-Thursday,19:44,1900 Hours,District 3 (Northwest),SIOUX CITY,WOODBURY,,W 3RD ST & JOHN ST,Collision with:  Vehicle in traffic,On Roadway,Broadside (front to side),Ran Stop Sign,None Indicated,,Dusk,Dry,Clear,None apparent,Intersection:  Four-way intersection,Paved,,Possible/Unknown,0,1,0,0,1,0,4500,2,2,,POINT (-96.435562503747 42.499084627353)
2014815493,,09/04/2014,09-September,5-Thursday,06:55,0600 Hours,District 4 (Southwest),,ADAIR,IA 92,IA 92/IOWA 92,Collision with:  Animal,On Roadway,Non-collision (single vehicle),Animal,None Indicated,,Dawn,Dry,Clear,None apparent,Non-intersection:  Non-junction/no special feature,Paved,,Property Damage Only,0,0,0,0,0,0,8000,1,1,,POINT (-94.266518247621 41.315940369853)
2014815390,20140026144,09/04/2014,09-September,5-Thursday,14:43,1400 Hours,District 1 (Central),DES MOINES,POLK,,CROCKER ST,Collision with:  Vehicle in traffic,On Roadway,"Angle, oncoming left turn",FTYROW:  Making left turn,None Indicated,,Daylight,Dry,Clear,None apparent,Non-intersection:  Driveway access (within),Paved,,Property Damage Only,0,0,0,0,0,0,3000,2,2,,POINT (-93.627216083437 41.593441081594)
2014815261,14-037569,09/04/2014,09-September,5-Thursday,11:43,1100 Hours,District 4 (Southwest),COUNCIL BLUFFS,POTTAWATTAMIE,,AVE B & N 35TH ST,Collision with:  Vehicle in traffic,On Roadway,Rear-end (front to rear),Lost Control,None Indicated,,Daylight,Dry,Clear,None apparent,Non-intersection:  Non-junction/no special feature,Paved,,Property Damage Only,0,0,0,0,0,0,7500,2,2,,POINT (-95.90203570593 41.263706791023)
2014819467,SO140357,09/04/2014,09-September,5-Thursday,11:41,1100 Hours,District 4 (Southwest),,ADAMS,,Co Rd H45/250TH ST,Collision with:  Vehicle in traffic,On Roadway,Rear-end (front to rear),Ran off road - right,None Indicated,,Daylight,Dry,Clear,None apparent,Non-intersection:  Non-junction/no special feature,Unpaved,,Possible/Unknown,0,1,0,0,1,0,4500,2,3,,POINT (-94.470604203531 40.942732291972)
2014815913,2014-62303,09/04/2014,09-September,5-Thursday,12:07,1200 Hours,District 6 (East Central),DAVENPORT,SCOTT,,E 53RD ST,Collision with:  Vehicle in traffic,On Roadway,Broadside (front to side),FTYROW:  Making left turn,None Indicated,,Daylight,Dry,Cloudy,None apparent,Intersection:  Four-way intersection,Paved,,Possible/Unknown,0,1,0,0,1,0,8000,3,3,,POINT (-90.543091143133 41.574765850583)
2014817169,2014-62364,09/04/2014,09-September,5-Thursday,18:34,1800 Hours,District 6 (East Central),DAVENPORT,SCOTT,,E 50TH ST,Collision with:  Vehicle in traffic,On Roadway,Broadside (front to side),Other (explain in narrative):  Vision obstructed,None Indicated,,Daylight,Dry,Clear,None apparent,Non-intersection:  Non-junction/no special feature,Paved,,Property Damage Only,0,0,0,0,0,0,2000,2,6,,POINT (-90.570448233057 41.570952408165)
2014815651,14-29143,09/04/2014,09-September,5-Thursday,13:40,1300 Hours,District 3 (Northwest),SIOUX CITY,WOODBURY,,CHICAGO AVE,Collision with:  Parked motor vehicle,On Roadway,"Sideswipe, opposite direction",Lost Control,None Indicated,,Daylight,Dry,Clear,None apparent,Non-intersection:  Non-junction/no special feature,Paved,,Property Damage Only,0,0,0,0,0,0,5700,2,2,,POINT (-96.366208833267 42.485828365155)
2014815401,14-1005,09/04/2014,09-September,5-Thursday,17:33,1700 Hours,District 1 (Central),PLEASANT HILL,POLK,US 65,US 65,Collision with:  Vehicle in traffic,On Roadway,"Sideswipe, same direction","Operating vehicle in an reckless, erratic, careless, negligent manner",None Indicated,,Daylight,Dry,Clear,None apparent,Non-intersection:  Non-junction/no special feature,Paved,,Property Damage Only,0,0,0,0,0,0,2000,2,3,,POINT (-93.502329000156 41.58649747451)
2014815969,14-089224,09/04/2014,09-September,5-Thursday,14:47,1400 Hours,District 2 (Northeast),EVANSDALE,BLACK HAWK,,EVANSDALE DR,Unknown,Shoulder,Non-collision (single vehicle),Swerving/Evasive Action,None Indicated,,Daylight,Dry,Clear,None apparent,Non-intersection:  Non-junction/no special feature,Paved,,Major Injury,0,1,1,0,0,0,2000,1,1,,POINT (-92.256184447446 42.45644682728)
2014815424,2014005310,09/04/2014,09-September,5-Thursday,08:00,0800 Hours,District 6 (East Central),,BENTON,,Co Rd V66/21 AVE,Collision with fixed object:  Ditch,Roadside,Non-collision (single vehicle),Ran off road - left,None Indicated,,Daylight,Dry,Cloudy,None apparent,Non-intersection:  Non-junction/no special feature,Paved,,Property Damage Only,0,0,0,0,0,0,5050,1,1,,POINT (-92.085524647535 41.995797025877)
2014815389,20140026136,09/04/2014,09-September,5-Thursday,13:51,1300 Hours,District 1 (Central),DES MOINES,POLK,US 69,US 69/SE 14TH ST & E PARK AVE,Collision with:  Vehicle in traffic,On Roadway,Broadside (front to side),Over correcting/over steering,None Indicated,,Daylight,Dry,Clear,None apparent,Non-intersection:  Non-junction/no special feature,Paved,,Property Damage Only,0,0,0,0,0,0,4000,2,2,,POINT (-93.596808250331 41.555276983535)
2014815612,20140026155,09/04/2014,09-September,5-Thursday,16:40,1600 Hours,District 1 (Central),DES MOINES,POLK,US 69,US 69/E 14TH ST & E OVID AVE,Collision with:  Vehicle in traffic,On Roadway,"Sideswipe, same direction",Improper or erratic lane changing,None Indicated,,Daylight,Dry,Clear,None apparent,Intersection:  T-intersection,Paved,,Property Damage Only,0,0,0,0,0,0,1500,2,6,,POINT (-93.600519931835 41.625865508264)
2014815432,14-1400,09/04/2014,09-September,5-Thursday,05:05,0500 Hours,District 1 (Central),,GREENE,,Co Rd E53/230TH & T AVE,Collision with:  Animal,,,Animal,None Indicated,,,,,,,Paved,,Property Damage Only,0,0,0,0,0,0,8500,1,1,,POINT (-94.261626844699 42.022506723174)
2014815387,20140026161,09/04/2014,09-September,5-Thursday,17:24,1700 Hours,District 1 (Central),DES MOINES,POLK,IA 28,IA 28/63RD ST & PLEASANT DR,Collision with:  Vehicle in traffic,On Roadway,"Angle, oncoming left turn",FTYROW:  From stop sign,None Indicated,,Daylight,Dry,Clear,None apparent,Intersection:  T-intersection,Paved,,Property Damage Only,0,0,0,0,0,0,1750,2,2,,POINT (-93.703504400285 41.591369264962)
2014815737,201403161,09/04/2014,09-September,5-Thursday,05:39,0500 Hours,District 6 (East Central),,LINN,US 30,US 30/SPECIAL CASE,Collision with:  Animal,,,Animal,None Indicated,,,,,,,Paved,,Property Damage Only,0,0,0,0,0,0,3500,1,1,,POINT (-91.536394337497 41.925532454421)
2014815888,2014-62418,09/04/2014,09-September,5-Thursday,23:19,2300 Hours,District 6 (East Central),DAVENPORT,SCOTT,,W 41ST ST & MARQUETTE ST,Collision with fixed object:  Tree,Outside trafficway,Non-collision (single vehicle),Ran off road - straight,None Indicated,,Dark - roadway lighted,Dry,Clear,None apparent,Intersection:  T-intersection,Paved,,Property Damage Only,0,0,0,0,0,0,4000,1,1,,POINT (-90.591012644296 41.562991396008)
2014821279,14-034-AC-F,09/04/2014,09-September,5-Thursday,17:20,1700 Hours,District 3 (Northwest),MILFORD,DICKINSON,US 71,US 71/OKOBOJI AVE & 6TH ST,Collision with:  Vehicle in traffic,On Roadway,Head-on (front to front),FTYROW:  Making left turn,None Indicated,,Daylight,Dry,Clear,None apparent,Intersection:  Four-way intersection,Paved,,Possible/Unknown,0,1,0,0,1,0,7000,2,3,,POINT (-95.149972237701 43.320704085292)
2014815619,14-1962,09/04/2014,09-September,5-Thursday,16:35,1600 Hours,District 1 (Central),URBANDALE,POLK,I-35,I-35,Collision with:  Vehicle in traffic,On Roadway,Rear-end (front to rear),Driving too fast for conditions,None Indicated,,Daylight,Dry,Clear,None apparent,Non-intersection:  Non-junction/no special feature,Paved,,Minor Injury,0,1,0,1,0,0,8000,3,5,,POINT (-93.775316155603 41.647724626778)
2014815264,14089098,09/04/2014,09-September,5-Thursday,06:45,0600 Hours,District 2 (Northeast),CEDAR FALLS,BLACK HAWK,IA 27,IA 27,Collision with fixed object:  Curb/island/raised median,Median,Non-collision (single vehicle),Equipment failure,None Indicated,,Daylight,Dry,Clear,None apparent,Non-intersection:  Non-junction/no special feature,Paved,,Property Damage Only,0,0,0,0,0,0,3200,1,1,,POINT (-92.452000839837 42.491682598565)
2014815736,20140003163,09/04/2014,09-September,5-Thursday,15:20,1500 Hours,District 6 (East Central),PALO,LINN,,1ST ST,Collision with:  Vehicle in traffic,On Roadway,Broadside (front to side),FTYROW:  From stop sign,None Indicated,,Daylight,Dry,Cloudy,None apparent,Intersection:  Four-way intersection,Paved,,Property Damage Only,0,0,0,0,0,0,10000,2,2,,POINT (-91.795738877292 42.070910877019)
2014815755,CL14003160,09/04/2014,09-September,5-Thursday,18:42,1800 Hours,District 6 (East Central),CLINTON,CLINTON,,2ND AVE S,Collision with:  Animal,On Roadway,Non-collision (single vehicle),Animal,None Indicated,,Daylight,Dry,Clear,None apparent,Non-intersection:  Non-junction/no special feature,Paved,,Possible/Unknown,0,1,0,0,1,0,4000,1,1,,POINT (-90.220571076461 41.844600454185)
2014815566,14166,09/04/2014,09-September,5-Thursday,17:16,1700 Hours,District 5 (Southeast),PELLA,MARION,,NEIL DR & IDAHO DR,Collision with:  Vehicle in traffic,On Roadway,Rear-end (front to rear),Driver Distraction:  Manual operation of an electronic communication device,None Indicated,,Daylight,Dry,Clear,None apparent,Intersection:  T-intersection,Paved,,Property Damage Only,0,0,0,0,0,0,4000,2,2,,POINT (-92.937667633606 41.392827438636)
2014815691,14-008042,09/04/2014,09-September,5-Thursday,12:00,1200 Hours,District 6 (East Central),INDEPENDENCE,BUCHANAN,,8TH ST NW & 7TH AVE NW,Collision with:  Parked motor vehicle,On Roadway,Unknown,Unknown,None Indicated,,Daylight,Dry,Cloudy,None apparent,Non-intersection:  Driveway access (within),Paved,,Property Damage Only,0,0,0,0,0,0,1500,2,1,,POINT (-91.901524350291 42.474958182383)
2014815169,20140026102,09/04/2014,09-September,5-Thursday,09:26,0900 Hours,District 1 (Central),DES MOINES,POLK,US 6,US 6/MERLE HAY RD,Collision with:  Vehicle in traffic,On Roadway,Broadside (front to side),Crossed centerline (undivided),None Indicated,,Daylight,Dry,Cloudy,None apparent,Intersection:  Four-way intersection,Paved,,Minor Injury,0,1,0,1,0,0,5200,3,3,,POINT (-93.697783313502 41.614948982786)
2014815450,2014009742,09/04/2014,09-September,5-Thursday,20:10,2000 Hours,District 6 (East Central),IOWA CITY,JOHNSON,US 6,US 6 & FAIR MEADOWS BLVD,Collision with:  Non-motorist (see non-motorist section - NOT a unit),On Roadway,Non-collision (single vehicle),Unknown,None Indicated,,Dusk,Dry,Cloudy,None apparent,Non-intersection:  Non-junction/no special feature,Paved,,Possible/Unknown,0,1,0,0,1,0,0,1,1,,POINT (-91.503039969937 41.63878964253)
2014815363,201413106,09/04/2014,09-September,5-Thursday,17:03,1700 Hours,District 6 (East Central),CEDAR RAPIDS,LINN,,KIRKWOOD BLVD SW,Collision with:  Vehicle in traffic,On Roadway,Rear-end (front to rear),Other (explain in narrative):  Other,None Indicated,,Daylight,Dry,Clear,None apparent,Intersection:  Other intersection (explain in narrative),Paved,,Property Damage Only,0,0,0,0,0,0,9500,2,2,,POINT (-91.656706369106 41.920995906582)
2014815262,14-037575,09/04/2014,09-September,5-Thursday,12:12,1200 Hours,District 4 (Southwest),COUNCIL BLUFFS,POTTAWATTAMIE,I-29,I-29,Collision with:  Vehicle in traffic,On Roadway,"Sideswipe, same direction",Unknown,None Indicated,,Daylight,Dry,Clear,Work Zone (roadway-related),Non-intersection:  Non-junction/no special feature,Paved,Yes,Property Damage Only,0,0,0,0,0,0,9000,2,4,,POINT (-95.900693401708 41.238243750973)
2014816747,01-14-037442,09/04/2014,09-September,5-Thursday,13:24,1300 Hours,District 6 (East Central),DUBUQUE,DUBUQUE,IA 946,IA 946/IOWA 946 & CHARTER ST,Collision with:  Vehicle in traffic,On Roadway,Rear-end (front to rear),Lost Control,None Indicated,,Daylight,Dry,Clear,None apparent,Intersection:  T-intersection,Paved,,Property Damage Only,0,0,0,0,0,0,5000,2,3,,POINT (-90.665255994998 42.489081082397)
2014816029,2014051777,09/04/2014,09-September,5-Thursday,20:52,2000 Hours,District 1 (Central),,HAMILTON,,Co Rd D20/220TH ST,Collision with:  Vehicle in traffic,On Roadway,"Sideswipe, same direction",Crossed centerline (undivided),None Indicated,,Dark - roadway lighted,Dry,Cloudy,None apparent,Non-intersection:  Driveway access (within),Paved,,Major Injury,0,4,2,0,2,0,11000,2,4,,POINT (-93.888456754952 42.471897583446)
2014815359,201413088,09/04/2014,09-September,5-Thursday,13:01,1300 Hours,District 6 (East Central),CEDAR RAPIDS,LINN,,13TH AVE SE & 16TH ST SE,Collision with:  Vehicle in traffic,On Roadway,"Angle, oncoming left turn",FTYROW:  Making left turn,None Indicated,,Daylight,Dry,Clear,None apparent,Intersection:  Four-way intersection,Paved,,Property Damage Only,0,0,0,0,0,0,14000,2,2,,POINT (-91.647680049543 41.972641172174)
2014815396,14-4387,09/04/2014,09-September,5-Thursday,16:58,1600 Hours,District 1 (Central),WEST DES MOINES,POLK,I-35,I-35,Collision with:  Vehicle in traffic,On Roadway,Rear-end (front to rear),Driving too fast for conditions,None Indicated,,Daylight,Dry,Clear,None apparent,Non-intersection:  Non-junction/no special feature,Paved,,Property Damage Only,0,0,0,0,0,0,3700,2,2,,POINT (-93.776957276859 41.598390326736)
2014815369,14018868,09/04/2014,09-September,5-Thursday,18:40,1800 Hours,District 6 (East Central),MARION,LINN,,9TH AVE & 3RD ST,Collision with:  Vehicle in traffic,On Roadway,Broadside (front to side),FTYROW:  From yield sign,None Indicated,,Daylight,Dry,Clear,None apparent,Intersection:  Four-way intersection,Paved,,Property Damage Only,0,0,0,0,0,0,6000,2,3,,POINT (-91.607843059175 42.03506547923)
2014815414,14-0491,09/04/2014,09-September,5-Thursday,00:00,0000 Hours,District 1 (Central),,WEBSTER,,Co Rd P61/PARAGON AVE,Collision with fixed object:  Ditch,On Roadway,Non-collision (single vehicle),Over correcting/over steering,None Indicated,,Dark - roadway not lighted,Dry,Clear,None apparent,Non-intersection:  Non-junction/no special feature,Paved,,Property Damage Only,0,0,0,0,0,0,5000,1,1,,POINT (-94.106089122764 42.271360101345)
2014815365,201413072,09/04/2014,09-September,5-Thursday,07:18,0700 Hours,District 6 (East Central),CEDAR RAPIDS,LINN,,2ND ST SE,Collision with:  Vehicle in traffic,On Roadway,Broadside (front to side),Ran Traffic Signal,None Indicated,,Daylight,Dry,Cloudy,None apparent,Intersection:  Four-way intersection,Paved,,Property Damage Only,0,0,0,0,0,0,8500,2,2,,POINT (-91.662688193787 41.972925083585)
2014815778,2014051776,09/04/2014,09-September,5-Thursday,20:29,2000 Hours,District 1 (Central),,HAMILTON,US 69,US 69/LITTLE WALL LAKE RD & Co Rd D65/380TH ST,Collision with:  Vehicle in traffic,On Roadway,Head-on (front to front),Crossed centerline (undivided),Alcohol (< Statutory),,Dark - roadway not lighted,Dry,Cloudy,None apparent,Intersection:  Y-intersection,Paved,,Fatal,1,1,0,1,0,0,23000,2,2,,POINT (-93.624035802226 42.238287043709)
2014844091,CP14-0858,09/04/2014,09-September,5-Thursday,15:40,1500 Hours,District 2 (Northeast),CLARION,WRIGHT,,WILLOW DR & 11TH ST NE,Collision with:  Vehicle in traffic,On Roadway,Rear-end (front to rear),Driver Distraction:  Manual operation of an electronic communication device,None Indicated,,Daylight,Dry,Clear,None apparent,Non-intersection:  Driveway access (within),Paved,,Property Damage Only,0,0,0,0,0,0,3001,2,2,,POINT (-93.718321202947 42.736361474137)
2014816370,,09/04/2014,09-September,5-Thursday,20:35,2000 Hours,District 2 (Northeast),,BUTLER,IA 3,IA 3/IOWA 3,Collision with:  Vehicle in traffic,On Roadway,Rear-end (front to rear),Followed too close,None Indicated,,Dark - roadway not lighted,Dry,Clear,None apparent,Non-intersection:  Non-junction/no special feature,Paved,,Property Damage Only,0,0,0,0,0,0,3500,2,2,,POINT (-92.710269479881 42.744704560433)
2014816398,14015446,09/04/2014,09-September,5-Thursday,16:39,1600 Hours,District 2 (Northeast),MASON CITY,CERRO GORDO,US 65,US 65/S FEDERAL AVE & IA 122/5TH ST SE/5TH ST SW,Collision with:  Vehicle in traffic,On Roadway,Rear-end (front to rear),Other (explain in narrative):  Other,None Indicated,,Daylight,Dry,Cloudy,None apparent,Non-intersection:  Non-junction/no special feature,Paved,,Possible/Unknown,0,1,0,0,1,0,1100,2,2,,POINT (-93.20104891961 43.147182605224)
2014816992,2014-18570,09/04/2014,09-September,5-Thursday,08:00,0800 Hours,District 6 (East Central),,SCOTT,,210 AVE,Collision with fixed object:  Bridge overhead structure,On Roadway,Non-collision (single vehicle),Driving too fast for conditions,None Indicated,,Daylight,Wet,Rain,None apparent,Non-intersection:  Other non-intersection (explain in narrative),Unpaved,,Property Damage Only,0,0,0,0,0,0,13000,1,1,,POINT (-90.492768773213 41.751650040093)
2014816148,14-004122,09/04/2014,09-September,5-Thursday,07:34,0700 Hours,District 1 (Central),AMES,STORY,US 69,US 69/S DUFF AVE & CRYSTAL ST,Collision with:  Vehicle in traffic,On Roadway,"Sideswipe, same direction",Made improper turn,None Indicated,,Daylight,Dry,Clear,None apparent,Intersection:  T-intersection,Paved,,Property Damage Only,0,0,0,0,0,0,3500,2,2,,POINT (-93.61019689231 41.995142819346)
2014815350,W14-089192,09/04/2014,09-September,5-Thursday,12:36,1200 Hours,District 2 (Northeast),WATERLOO,BLACK HAWK,,INDEPENDENCE AVE & VINTON ST,Collision with:  Vehicle in traffic,On Roadway,Broadside (front to side),FTYROW:  From stop sign,None Indicated,,Daylight,Dry,Cloudy,None apparent,Intersection:  Four-way intersection,Paved,,Major Injury,0,5,1,0,4,0,9500,2,5,,POINT (-92.320809729292 42.498374007167)
2014815449,2014009728,09/04/2014,09-September,5-Thursday,16:02,1600 Hours,District 6 (East Central),IOWA CITY,JOHNSON,IA 1,IA 1/E BURLINGTON ST & LUCAS ST,Collision with:  Vehicle in traffic,On Roadway,"Sideswipe, same direction",Improper or erratic lane changing,None Indicated,,Daylight,Dry,Cloudy,None apparent,Non-intersection:  Non-junction/no special feature,Paved,,Property Damage Only,0,0,0,0,0,0,2000,2,2,,POINT (-91.524350473589 41.657781513136)
2014828340,14090086,09/04/2014,09-September,5-Thursday,15:11,1500 Hours,District 5 (Southeast),,WAPELLO,US 63,US 63,Non-collision events:  Overturn/rollover,Shoulder,Non-collision (single vehicle),Crossed centerline (undivided),None Indicated,,Daylight,Dry,Clear,None apparent,Non-intersection:  Non-junction/no special feature,Paved,,Possible/Unknown,0,1,0,0,1,0,5000,1,2,,POINT (-92.475940782079 41.096384069562)
2014815425,14-23354,09/04/2014,09-September,5-Thursday,19:05,1900 Hours,District 1 (Central),,JASPER,IA 14,IA 14/IOWA 14 E,Collision with fixed object:  Ditch,Outside trafficway,Non-collision (single vehicle),Lost Control,None Indicated,,Daylight,Other (explain in narrative),Clear,Unknown,Unknown,Paved,,Minor Injury,0,1,0,1,0,0,500,1,3,,POINT (-93.034593535131 41.820315932007)
2014815954,C14002800,09/04/2014,09-September,5-Thursday,13:40,1300 Hours,District 6 (East Central),CORALVILLE,JOHNSON,,HEARTLAND DR & COMMERCE DR,Collision with:  Vehicle in traffic,On Roadway,Broadside (front to side),FTYROW:  From stop sign,None Indicated,,Daylight,Dry,Clear,None apparent,Intersection:  T-intersection,Paved,,Property Damage Only,0,0,0,0,0,0,1800,2,3,,POINT (-91.61720000799 41.695981505666)
2014815186,14-1004,09/04/2014,09-September,5-Thursday,12:40,1200 Hours,District 1 (Central),PLEASANT HILL,POLK,IA 163,IA 163/E UNIVERSITY AVE & SHERRY LYNN BLVD,Collision with:  Vehicle in traffic,On Roadway,Rear-end (front to rear),Made improper turn,None Indicated,,Daylight,Dry,Clear,None apparent,Non-intersection:  Non-junction/no special feature,Paved,,Property Damage Only,0,0,0,0,0,0,5000,2,2,,POINT (-93.50693947121 41.599213512225)
2014815370,A14-058,09/04/2014,09-September,5-Thursday,13:51,1300 Hours,District 4 (Southwest),WINTERSET,MADISON,US 169,US 169 & N 8TH AVE,Collision with:  Vehicle in traffic,On Roadway,Broadside (front to side),FTYROW:  From stop sign,None Indicated,,Daylight,Dry,Clear,None apparent,Intersection:  Four-way intersection,Paved,,Property Damage Only,0,0,0,0,0,0,7000,2,2,,POINT (-94.023066993066 41.344907122277)
2014815447,2014-19210,09/04/2014,09-September,5-Thursday,06:06,0600 Hours,District 5 (Southeast),,WARREN,US 65,US 65,Collision with:  Animal,,,Animal,None Indicated,,,,,,,Paved,,Property Damage Only,0,0,0,0,0,0,4000,1,1,,POINT (-93.566359174447 41.487623536717)
2014815348,W14-089144,09/04/2014,09-September,5-Thursday,10:02,1000 Hours,District 2 (Northeast),WATERLOO,BLACK HAWK,,LESTER ST,Collision with:  Vehicle in traffic,On Roadway,"Sideswipe, same direction",Other (explain in narrative):  Other,None Indicated,,Daylight,Dry,Clear,None apparent,Intersection:  Other intersection (explain in narrative),Paved,,Possible/Unknown,0,1,0,0,1,0,5000,2,2,,POINT (-92.331879534083 42.518269874611)
2014815636,14-17201,09/04/2014,09-September,5-Thursday,14:27,1400 Hours,District 6 (East Central),BETTENDORF,SCOTT,I-74,I-74,Collision with:  Vehicle in traffic,On Roadway,Rear-end (front to rear),Followed too close,None Indicated,,Daylight,Dry,Clear,None apparent,Non-intersection:  Other non-intersection (explain in narrative),Paved,,Property Damage Only,0,0,0,0,0,0,3500,5,6,,POINT (-90.513283744771 41.522932607408)
2014818223,14-011826,09/04/2014,09-September,5-Thursday,20:33,2000 Hours,District 2 (Northeast),HAWKEYE,FAYETTE,US 18,US 18/230TH ST,Non-collision events:  Other non-collision (explain in narrative),On Roadway,Non-collision (single vehicle),Other (explain in narrative):  No improper action,None Indicated,,Dark - roadway not lighted,Dry,Clear,None apparent,Non-intersection:  Non-junction/no special feature,Paved,,Property Damage Only,0,0,0,0,0,0,4000,1,1,,POINT (-91.970696616891 42.964819436121)
2014815654,14-29170,09/04/2014,09-September,5-Thursday,17:58,1700 Hours,District 3 (Northwest),SIOUX CITY,WOODBURY,,OUTER DR N & INDIAN HILLS DR,Collision with:  Vehicle in traffic,On Roadway,"Angle, oncoming left turn",FTYROW:  Making left turn,None Indicated,,Daylight,Dry,Cloudy,None apparent,Intersection:  Four-way intersection,Paved,,Property Damage Only,0,0,0,0,0,0,6000,2,6,,POINT (-96.374476709682 42.536811495022)
2014815391,20140026154,09/04/2014,09-September,5-Thursday,16:00,1600 Hours,District 1 (Central),DES MOINES,POLK,,UNIVERSITY AVE,Collision with:  Vehicle in traffic,On Roadway,Rear-end (front to rear),Followed too close,None Indicated,,Daylight,Dry,Cloudy,None apparent,Intersection:  Four-way intersection,Paved,,Minor Injury,0,1,0,1,0,0,7000,3,4,,POINT (-93.703038649816 41.600415365113)
2014815635,14-17177,09/04/2014,09-September,5-Thursday,08:08,0800 Hours,District 6 (East Central),BETTENDORF,SCOTT,,53RD AVE,Collision with:  Vehicle in traffic,On Roadway,Rear-end (front to rear),Followed too close,None Indicated,,Dawn,Wet,Rain,None apparent,Non-intersection:  Non-junction/no special feature,Paved,,Minor Injury,0,1,0,1,0,0,17000,4,5,,POINT (-90.479565895626 41.573993461448)
2014815324,2014051617,09/04/2014,09-September,5-Thursday,08:00,0800 Hours,District 4 (Southwest),,DALLAS,I-80,I-80,Collision with:  Animal,,,Animal,None Indicated,,,,,,,Paved,,Property Damage Only,0,0,0,0,0,0,10000,1,1,,POINT (-94.00368803562 41.541195227846)
2014815145,142702,09/04/2014,09-September,5-Thursday,14:15,1400 Hours,District 3 (Northwest),DENISON,CRAWFORD,,S MAIN ST,Collision with:  Vehicle in traffic,On Roadway,Rear-end (front to rear),FTYROW:  From parked position,None Indicated,,Daylight,Dry,Clear,None apparent,Non-intersection:  Non-junction/no special feature,Paved,,Property Damage Only,0,0,0,0,0,0,3500,2,2,,POINT (-95.355274963438 42.015086985669)