Iowa DOT Case Number,Law Enforcement Case Number,Date of Crash,Month of Crash,Day of Week,Time of Crash,Hour,DOT District,City Name,County Name,Route with System,Location Description,First Harmful Event,Location of First Harmful Event,Manner of Crash/Collision,Major Cause,Drug or Alcohol ,Environmental Conditions,Light Conditions,Surface Conditions,Weather Conditions,Roadway Contribution,Roadway Type,Roadway Surface,Work Zone,Crash Severity,Number of Fatalities,Number of Injuries,Number of Major Injuries,Number of Minor Injuries,Number of Possible Injuries,Number of Unknown Injuries,Amount of Property Damage,Number of Vehicles Involved,Total Number of Occupants,Travel Direction,Location
2014836087,14-06141,09/04/2014,09-September,5-Thursday,18:00,1800 Hours,District 2 (Northeast),OELWEIN,FAYETTE,IA 150,IA 150/1ST AVE SE & 2ND ST SE,Collision with:  Vehicle in traffic,On Roadway,Broadside (front to side),FTYROW:  Making left turn,None Indicated,,Daylight,Dry,Clear,None apparent,Intersection:  Four-way intersection,Paved,,Property Damage Only,0,0,0,0,0,0,2500,2,4,,POINT (-91.912009832902 42.675478294376)
2014815327,2014-001601,09/04/2014,09-September,5-Thursday,14:45,1400 Hours,District 6 (East Central),ASBURY,DUBUQUE,,RED VIOLET DR & RADFORD RD,Collision with:  Non-motorist (see non-motorist section - NOT a unit),On Roadway,Non-collision (single vehicle),Other (explain in narrative):  No improper action,None Indicated,,Daylight,Dry,Cloudy,None apparent,Intersection:  T-intersection,Paved,,Minor Injury,0,1,0,1,0,0,500,1,2,,POINT (-90.750124473467 42.510446896667)
2014815695,14-1306,09/04/2014,09-September,5-Thursday,17:45,1700 Hours,District 3 (Northwest),SPIRIT LAKE,DICKINSON,US 71,US 71/18TH ST & ZENITH AVE,Collision with:  Vehicle in traffic,On Roadway,"Angle, oncoming left turn",FTYROW:  Making left turn,None Indicated,,Daylight,Dry,Cloudy,None apparent,Intersection:  T-intersection,Paved,,Possible/Unknown,0,1,0,0,1,0,9000,2,2,,POINT (-95.122335959471 43.422625110856)
2014815354,14133559,09/04/2014,09-September,5-Thursday,22:19,2200 Hours,District 6 (East Central),,JOHNSON,,Co Rd F62/500TH ST,Collision with:  Animal,On Roadway,Non-collision (single vehicle),Animal,None Indicated,,Dark - roadway not lighted,Dry,Clear,None apparent,Non-intersection:  Non-junction/no special feature,Paved,,Property Damage Only,0,0,0,0,0,0,6500,1,2,,POINT (-91.551072257652 41.561828387654)
2014815386,20140026199,09/04/2014,09-September,5-Thursday,22:00,2200 Hours,District 1 (Central),DES MOINES,POLK,,UNIVERSITY AVE,Collision with:  Parked motor vehicle,On Roadway,"Sideswipe, same direction",Unknown,None Indicated,,Dark - roadway lighted,Dry,Clear,None apparent,Non-intersection:  Non-junction/no special feature,Paved,,Property Damage Only,0,0,0,0,0,0,1500,2,1,,POINT (-93.678294743917 41.600392881599)
2014816397,14015440,09/04/2014,09-September,5-Thursday,15:28,1500 Hours,District 2 (Northeast),MASON CITY,CERRO GORDO,,19TH ST SW & S EISENHOWER AVE,Collision with:  Vehicle in traffic,On Roadway,Broadside (front to side),FTYROW:  From parked position,None Indicated,,Daylight,Dry,Cloudy,None apparent,Non-intersection:  Non-junction/no special feature,Paved,,Property Damage Only,0,0,0,0,0,0,5000,2,2,,POINT (-93.260624866309 43.133672183085)
2014828260,S79140289,09/04/2014,09-September,5-Thursday,10:28,1000 Hours,District 1 (Central),MONTEZUMA,POWESHIEK,,DALLAS ST & 4TH ST,Collision with:  Parked motor vehicle,Outside trafficway,"Sideswipe, same direction",Made improper turn,None Indicated,,Daylight,Dry,Clear,None apparent,Intersection:  Four-way intersection,Paved,,Property Damage Only,0,0,0,0,0,0,2500,2,1,,POINT (-92.523631553701 41.5834554175)
2014825534,2014051602,09/04/2014,09-September,5-Thursday,01:03,0100 Hours,District 5 (Southeast),,WASHINGTON,US 218,US 218,Collision with:  Vehicle in traffic,On Roadway,Broadside (front to side),Made improper turn,None Indicated,,Dark - roadway not lighted,Dry,Clear,None apparent,Non-intersection:  Crossover-related,Paved,,Fatal,1,1,1,0,0,0,19000,2,3,,POINT (-91.536351297415 41.300541443023)
2014815444,14SO1415,09/04/2014,09-September,5-Thursday,21:17,2100 Hours,District 4 (Southwest),,UNION,IA 25,IA 25/IOWA 25,Collision with fixed object:  Ditch,Shoulder,Non-collision (single vehicle),Swerving/Evasive Action,None Indicated,,Dark - roadway not lighted,Dry,Clear,None apparent,Non-intersection:  Non-junction/no special feature,Paved,,Possible/Unknown,0,1,0,0,1,0,10000,1,1,,POINT (-94.414248599245 41.120080473723)
2014815161,14018816,09/04/2014,09-September,5-Thursday,09:40,0900 Hours,District 6 (East Central),MARION,LINN,IA 13,IA 13/IOWA 13 & 29TH AVE & FERNOW RD,Collision with:  Vehicle in traffic,On Roadway,Rear-end (front to rear),Other (explain in narrative):  Other,None Indicated,,Daylight,Dry,Clear,None apparent,Intersection:  T-intersection,Paved,,Property Damage Only,0,0,0,0,0,0,3500,2,2,,POINT (-91.550308205513 42.050177152532)
2014815346,W14-089113,09/04/2014,09-September,5-Thursday,08:13,0800 Hours,District 2 (Northeast),WATERLOO,BLACK HAWK,IA 934,IA 934/UNIVERSITY AVE & SAGER AVE,Collision with:  Vehicle in traffic,On Roadway,Rear-end (front to rear),FTYROW:  Making right turn on red signal,None Indicated,,Daylight,Dry,Cloudy,None apparent,Intersection:  Four-way intersection,Paved,,Possible/Unknown,0,2,0,0,2,0,10000,2,4,,POINT (-92.382482723492 42.497642208446)
2014815360,201413094,09/04/2014,09-September,5-Thursday,14:39,1400 Hours,District 6 (East Central),CEDAR RAPIDS,LINN,IA 922,IA 922/1ST AVE W & 6TH ST SW & 6TH ST NW,Collision with:  Vehicle in traffic,On Roadway,Rear-end (front to rear),Followed too close,None Indicated,,Daylight,Dry,Clear,None apparent,Intersection:  Four-way intersection,Paved,,Property Damage Only,0,0,0,0,0,0,4750,3,3,,POINT (-91.679471727373 41.97432625792)
2014831292,2014051629,09/04/2014,09-September,5-Thursday,08:38,0800 Hours,District 3 (Northwest),,CRAWFORD,,Co Rd E16/D AVE,Non-collision events:  Overturn/rollover,On Roadway,Non-collision (single vehicle),Ran off road - left,None Indicated,,Daylight,Dry,Clear,Work Zone (roadway-related),Non-intersection:  Non-junction/no special feature,Paved,Yes,Property Damage Only,0,0,0,0,0,0,10500,1,1,,POINT (-95.555173927954 42.167677374942)
2014815965,14-001034,09/04/2014,09-September,5-Thursday,17:30,1700 Hours,District 1 (Central),AMES,STORY,,Co Rd E29/190TH ST & Co Rd R63/N DAYTON AVE,Collision with fixed object:  Ditch,Shoulder,Non-collision (single vehicle),Lost Control,None Indicated,,Daylight,Dry,Clear,None apparent,Non-intersection:  Non-junction/no special feature,Paved,,Minor Injury,0,1,0,1,0,0,4000,1,1,,POINT (-93.581465840028 42.077801056541)
2014815433,14-9540,09/04/2014,09-September,5-Thursday,13:35,1300 Hours,District 3 (Northwest),,SAC,US 71,US 71/KARR AVE & 200TH ST,Collision with:  Vehicle in traffic,On Roadway,Rear-end (front to rear),Followed too close,None Indicated,,Daylight,Dry,Cloudy,Work Zone (roadway-related),Non-intersection:  Non-junction/no special feature,Paved,Yes,Minor Injury,0,1,0,1,0,0,10000,3,3,,POINT (-95.150743727913 42.503543879044)
2014816774,01-14-37444,09/04/2014,09-September,5-Thursday,14:43,1400 Hours,District 6 (East Central),DUBUQUE,DUBUQUE,,CLARKE DR,Collision with:  Vehicle in traffic,On Roadway,Rear-end (front to rear),Improper Backing,None Indicated,,Daylight,Dry,Clear,None apparent,Non-intersection:  Non-junction/no special feature,Paved,,Property Damage Only,0,0,0,0,0,0,1510,2,4,,POINT (-90.674704110441 42.510579618005)
2014817540,14-27484,09/04/2014,09-September,5-Thursday,10:00,1000 Hours,District 5 (Southeast),,LEE,,Co Rd W62/ARGYLE RD,Collision with fixed object:  Ditch,On Roadway,Non-collision (single vehicle),Crossed centerline (undivided),None Indicated,,Daylight,Dry,Clear,None apparent,Non-intersection:  Non-junction/no special feature,Paved,,Minor Injury,0,1,0,1,0,0,2000,1,1,,POINT (-91.448779405889 40.443854490919)
2014821280,14-035-AC-F,09/04/2014,09-September,5-Thursday,12:45,1200 Hours,District 3 (Northwest),MILFORD,DICKINSON,US 71,US 71/OKOBOJI AVE & 6TH ST,Collision with:  Vehicle in traffic,On Roadway,Broadside (front to side),Ran Traffic Signal,None Indicated,,Daylight,Dry,Clear,None apparent,Intersection:  Four-way intersection,Paved,,Property Damage Only,0,0,0,0,0,0,3500,2,3,,POINT (-95.149972237701 43.320704085292)
2014815637,14-17214,09/04/2014,09-September,5-Thursday,17:11,1700 Hours,District 6 (East Central),BETTENDORF,SCOTT,US 67,US 67/STATE ST,Collision with:  Vehicle in traffic,On Roadway,"Sideswipe, same direction",Made improper turn,None Indicated,,Daylight,Dry,Clear,None apparent,Non-intersection:  Driveway access (within),Paved,,Property Damage Only,0,0,0,0,0,0,15000,2,4,,POINT (-90.472494423398 41.534192388218)
2014815726,S14-I0401,09/04/2014,09-September,5-Thursday,02:18,0200 Hours,District 5 (Southeast),,CLARKE,,Co Rd H33/270 AVE,Collision with:  Animal,,,Animal,None Indicated,,,,,,,Paved,,Property Damage Only,0,0,0,0,0,0,2500,1,1,,POINT (-93.69267482683 41.03543712368)
2014815617,20140026185,09/04/2014,09-September,5-Thursday,22:14,2200 Hours,District 1 (Central),DES MOINES,POLK,,E 38TH CT,Collision with:  Vehicle in traffic,On Roadway,"Sideswipe, opposite direction",Other (explain in narrative):  Other,None Indicated,,Dark - roadway lighted,Dry,Clear,None apparent,Non-intersection:  Non-junction/no special feature,Paved,,Property Damage Only,0,0,0,0,0,0,3900,2,777,,POINT (-93.540808599636 41.615749590352)
2014815405,14-001177,09/04/2014,09-September,5-Thursday,15:00,1500 Hours,District 1 (Central),AMES,STORY,,HABER RD,Collision with:  Non-motorist (see non-motorist section - NOT a unit),On Roadway,Non-collision (single vehicle),Unknown,None Indicated,,Daylight,Dry,Clear,None apparent,Intersection:  Four-way intersection,Paved,,Minor Injury,0,1,0,1,0,0,0,1,1,,POINT (-93.638796544063 42.029842730539)
2014815383,20140026089,09/04/2014,09-September,5-Thursday,07:40,0700 Hours,District 1 (Central),DES MOINES,POLK,US 69,US 69/E 14TH ST & BUCHANAN ST,Collision with:  Vehicle in traffic,On Roadway,Rear-end (front to rear),Unknown,None Indicated,,Daylight,Dry,Clear,None apparent,Intersection:  Four-way intersection,Paved,,Property Damage Only,0,0,0,0,0,0,5500,2,2,,POINT (-93.599835990622 41.598694301431)
2014815466,14-001059,09/04/2014,09-September,5-Thursday,18:10,1800 Hours,District 1 (Central),JOHNSTON,POLK,,NW 78TH AVE,Collision with:  Parked motor vehicle,On Roadway,Rear-end (front to rear),Other (explain in narrative):  Other,None Indicated,,Daylight,Dry,Clear,Work Zone (roadway-related),Non-intersection:  Non-junction/no special feature,Paved,Yes,Property Damage Only,0,0,0,0,0,0,4700,3,1,,POINT (-93.760498475153 41.702910954604)
2014815197,2014-62257,09/04/2014,09-September,5-Thursday,09:01,0900 Hours,District 6 (East Central),DAVENPORT,SCOTT,US 6,US 6/W KIMBERLY RD & LILLIE AVE,Collision with:  Vehicle in traffic,On Roadway,Rear-end (front to rear),Other (explain in narrative):  Other,None Indicated,,Daylight,Dry,Cloudy,Other (explain in narrative),Non-intersection:  Non-junction/no special feature,Paved,,Property Damage Only,0,0,0,0,0,0,3000,2,3,,POINT (-90.588865394984 41.560109352158)
2014815446,2014-19206,09/04/2014,09-September,5-Thursday,01:25,0100 Hours,District 5 (Southeast),,WARREN,,150TH AVE & ILLINOIS ST,Collision with fixed object:  Ditch,On Roadway,Non-collision (single vehicle),Ran off road - right,None Indicated,,Dark - roadway not lighted,Dry,Cloudy,None apparent,Intersection:  T-intersection,Unpaved,,Property Damage Only,0,0,0,0,0,0,1500,1,3,,POINT (-93.520344013571 41.379255356377)
2014816748,01-14-037454,09/04/2014,09-September,5-Thursday,20:59,2000 Hours,District 6 (East Central),DUBUQUE,DUBUQUE,US 20,US 20/DODGE ST & IA 946/IOWA 946,Collision with:  Vehicle in traffic,On Roadway,"Sideswipe, same direction",Made improper turn,None Indicated,,Dark - roadway lighted,Dry,Cloudy,None apparent,Non-intersection:  Non-junction/no special feature,Paved,,Property Damage Only,0,0,0,0,0,0,3500,2,2,,POINT (-90.665073545547 42.492022072554)
2014815638,14-17223,09/04/2014,09-September,5-Thursday,19:59,1900 Hours,District 6 (East Central),BETTENDORF,SCOTT,,MIDDLE RD & 18TH ST,Collision with:  Vehicle in traffic,On Roadway,"Angle, oncoming left turn",FTYROW:  Making left turn,None Indicated,,Dark - roadway lighted,Dry,Cloudy,None apparent,Intersection:  Four-way intersection,Paved,,Property Damage Only,0,0,0,0,0,0,6000,2,2,,POINT (-90.506876824609 41.544337016429)
2014815176,20140026115,09/04/2014,09-September,5-Thursday,10:47,1000 Hours,District 1 (Central),DES MOINES,POLK,,UNIVERSITY AVE & 19TH ST,Collision with:  Vehicle in traffic,On Roadway,Rear-end (front to rear),Lost Control,None Indicated,,Daylight,Dry,Clear,None apparent,Intersection:  Four-way intersection,Paved,,Possible/Unknown,0,1,0,0,0,1,2500,2,2,,POINT (-93.642559455971 41.600418021531)
2014822187,14-08531,09/04/2014,09-September,5-Thursday,09:55,0900 Hours,District 5 (Southeast),MOUNT PLEASANT,HENRY,,E WASHINGTON ST & S ADAMS ST,Collision with:  Vehicle in traffic,On Roadway,"Sideswipe, same direction",Made improper turn,None Indicated,,Daylight,Dry,Clear,None apparent,Intersection:  Four-way intersection,Paved,,Property Damage Only,0,0,0,0,0,0,4000,2,2,,POINT (-91.551971325747 40.965366668408)
2014815368,14018859,09/04/2014,09-September,5-Thursday,17:26,1700 Hours,District 6 (East Central),MARION,LINN,,10TH AVE & 50TH ST,Collision with:  Vehicle in traffic,On Roadway,"Angle, oncoming left turn",FTYROW:  From yield sign,None Indicated,,Daylight,Dry,Clear,None apparent,Intersection:  Four-way intersection,Paved,,Minor Injury,0,2,0,1,1,0,11500,2,3,,POINT (-91.556953135366 42.035814802853)
2014815362,201413099,09/04/2014,09-September,5-Thursday,15:40,1500 Hours,District 6 (East Central),CEDAR RAPIDS,LINN,,3RD AVE SW & 11TH ST SW,Collision with:  Non-motorist (see non-motorist section - NOT a unit),On Roadway,Non-collision (single vehicle),FTYROW:  From stop sign,None Indicated,,Daylight,Dry,Clear,None apparent,Intersection:  Four-way intersection,Paved,,Minor Injury,0,1,0,1,0,0,500,1,1,,POINT (-91.685037274683 41.970733529284)
2014815742,2014009211,09/04/2014,09-September,5-Thursday,16:57,1600 Hours,District 1 (Central),MARSHALLTOWN,MARSHALL,,HIGHLAND ACRES RD & LINCOLN WAY,Collision with:  Vehicle in traffic,On Roadway,Rear-end (front to rear),Followed too close,None Indicated,,Daylight,Dry,Clear,None apparent,Intersection:  Four-way intersection,Paved,,Property Damage Only,0,0,0,0,0,0,3700,2,4,,POINT (-92.960458675852 42.033504877678)
2014819504,SC14-050,09/04/2014,09-September,5-Thursday,19:21,1900 Hours,District 1 (Central),STATE CENTER,MARSHALL,,4TH ST SW & 3RD AVE SW,Collision with:  Vehicle in traffic,On Roadway,"Angle, oncoming left turn",FTYROW:  Making left turn,None Indicated,,Daylight,Dry,Clear,None apparent,Intersection:  Four-way intersection,Paved,,Property Damage Only,0,0,0,0,0,0,3800,2,5,,POINT (-93.165978348233 42.013631144346)
2014815347,W14-089163,09/04/2014,09-September,5-Thursday,10:56,1000 Hours,District 2 (Northeast),WATERLOO,BLACK HAWK,US 63,US 63/E MULLAN AVE & DANE ST,Collision with:  Vehicle in traffic,On Roadway,"Sideswipe, same direction",Improper or erratic lane changing,None Indicated,,Daylight,Dry,Clear,None apparent,Intersection:  Four-way intersection,Paved,,Property Damage Only,0,0,0,0,0,0,4000,2,2,,POINT (-92.336665851027 42.507724864057)
2014815815,142703,09/04/2014,09-September,5-Thursday,15:37,1500 Hours,District 3 (Northwest),,CRAWFORD,,360TH ST & T AVE,Collision with:  Vehicle in traffic,On Roadway,Broadside (front to side),FTYROW:  At uncontrolled intersection,None Indicated,,Daylight,Dry,Clear,"Surface condition (e.g., wet, icy)",Intersection:  Four-way intersection,Unpaved,,Property Damage Only,0,0,0,0,0,0,5500,2,2,,POINT (-95.170264024736 41.935916638631)
2014815518,W14-089244,09/04/2014,09-September,5-Thursday,16:05,1600 Hours,District 2 (Northeast),WATERLOO,BLACK HAWK,,DAWSON ST & BROADWAY ST,Collision with:  Vehicle in traffic,On Roadway,Broadside (front to side),FTYROW:  From stop sign,None Indicated,,Daylight,Dry,Cloudy,None apparent,Intersection:  Four-way intersection,Paved,,Possible/Unknown,0,1,0,0,1,0,23000,2,2,,POINT (-92.345180814586 42.514068894412)
2014816399,14015490,09/05/2014,09-September,6-Friday,15:28,1500 Hours,District 2 (Northeast),MASON CITY,CERRO GORDO,US 65,US 65/S WASHINGTON AVE & 2ND ST SW,Collision with:  Vehicle in traffic,On Roadway,Broadside (front to side),Other (explain in narrative):  Other,None Indicated,,Daylight,Dry,Clear,None apparent,Non-intersection:  Non-junction/no special feature,Paved,,Major Injury,0,2,1,1,0,0,6000,2,3,,POINT (-93.202644552673 43.14996228877)
2014815431,14-037659,09/05/2014,09-September,6-Friday,00:15,0000 Hours,District 4 (Southwest),COUNCIL BLUFFS,POTTAWATTAMIE,I-80,I-80,Collision with fixed object:  Guardrail - face,On Roadway,Non-collision (single vehicle),Other (explain in narrative):  Other,None Indicated,,Dark - roadway lighted,Dry,Clear,None apparent,Non-intersection:  Non-junction/no special feature,Paved,,Property Damage Only,0,0,0,0,0,0,10000,1,1,,POINT (-95.820141919249 41.244299322487)
2014818958,2014051920,09/05/2014,09-September,6-Friday,15:30,1500 Hours,District 6 (East Central),,CEDAR,,205TH,Collision with:  Vehicle in traffic,On Roadway,Head-on (front to front),Crossed centerline (undivided),None Indicated,,Daylight,Wet,Rain,None apparent,Non-intersection:  Non-junction/no special feature,Unpaved,,Major Injury,0,2,1,1,0,0,9000,2,2,,POINT (-91.163604195522 41.793760652721)
2014816731,14-011881,09/05/2014,09-September,6-Friday,17:50,1700 Hours,District 2 (Northeast),FAYETTE,FAYETTE,,Co Rd C24/KORNHILL RD,Non-collision events:  Overturn/rollover,On Roadway,Non-collision (single vehicle),Ran off road - right,None Indicated,,Daylight,Dry,Clear,None apparent,Non-intersection:  Non-junction/no special feature,Paved,,Major Injury,0,1,1,0,0,0,9000,1,1,,POINT (-91.791632808295 42.824147209889)
2014817150,2014-62633,09/05/2014,09-September,6-Friday,17:48,1700 Hours,District 6 (East Central),DAVENPORT,SCOTT,,IA 461/HARRISON ST & W 4TH ST,Collision with:  Vehicle in traffic,On Roadway,"Sideswipe, same direction",Made improper turn,None Indicated,,Daylight,Dry,Cloudy,None apparent,Intersection:  Four-way intersection,Paved,,Property Damage Only,0,0,0,0,0,0,3000,2,4,,POINT (-90.577029456748 41.523537581881)
2014816031,2014051885,09/05/2014,09-September,6-Friday,13:00,1300 Hours,District 5 (Southeast),,JEFFERSON,,Co Rd V64/DOUDS RD & 275TH ST,Collision with fixed object:  Ditch,On Roadway,Non-collision (single vehicle),Crossed centerline (undivided),None Indicated,,Daylight,Dry,Cloudy,None apparent,Non-intersection:  Non-junction/no special feature,Paved,,Major Injury,0,1,1,0,0,0,50600,1,1,,POINT (-92.06905787099 40.907086639434)
2014815686,2014009777,09/05/2014,09-September,6-Friday,17:04,1700 Hours,District 6 (East Central),IOWA CITY,JOHNSON,,N DUBUQUE ST,Collision with:  Vehicle in traffic,On Roadway,Rear-end (front to rear),Driving too fast for conditions,None Indicated,,Daylight,Wet,Rain,None apparent,Non-intersection:  Non-junction/no special feature,Paved,,Property Damage Only,0,0,0,0,0,0,3000,2,2,,POINT (-91.539676244443 41.686438898516)
2014815833,K14-027547,09/05/2014,09-September,6-Friday,01:39,0100 Hours,District 5 (Southeast),KEOKUK,LEE,,18TH ST S & BANK ST,Collision with fixed object:  Tree,On Roadway,Non-collision (single vehicle),Ran off road - right,None Indicated,,Dark - roadway lighted,Dry,Clear,None apparent,Intersection:  Other intersection (explain in narrative),Paved,,Minor Injury,0,1,0,1,0,0,6000,1,1,,POINT (-91.397147229875 40.404088792022)
2014817878,14-013672,09/05/2014,09-September,6-Friday,07:01,0700 Hours,District 2 (Northeast),,FLOYD,IA 14,IA 14/IOWA 14,Collision with:  Animal,,,Animal,None Indicated,,,,,,,Paved,,Property Damage Only,0,0,0,0,0,0,150000,1,1,,POINT (-92.809983406871 42.991802561703)
2014815547,201413155,09/05/2014,09-September,6-Friday,16:28,1600 Hours,District 6 (East Central),CEDAR RAPIDS,LINN,,CENTER POINT RD NE,Collision with:  Vehicle in traffic,On Roadway,Rear-end (front to rear),Unknown,None Indicated,,Daylight,Wet,Rain,None apparent,Non-intersection:  Other non-intersection (explain in narrative),Paved,,Property Damage Only,0,0,0,0,0,0,2000,2,4,,POINT (-91.66795059753 42.028483755782)
2014815641,2014-17320,09/05/2014,09-September,6-Friday,17:27,1700 Hours,District 6 (East Central),BETTENDORF,SCOTT,,DEVILS GLEN RD & TANGLEFOOT LN,Collision with:  Vehicle in traffic,On Roadway,Rear-end (front to rear),Driving too fast for conditions,None Indicated,,Daylight,Wet,Cloudy,"Surface condition (e.g., wet, icy)",Non-intersection:  Non-junction/no special feature,Paved,,Property Damage Only,0,0,0,0,0,0,2500,2,2,,POINT (-90.483451831318 41.560713289287)
2014816152,14-004142,09/05/2014,09-September,6-Friday,16:27,1600 Hours,District 1 (Central),AMES,STORY,,S 5TH ST,Collision with:  Vehicle in traffic,On Roadway,"Angle, oncoming left turn",FTYROW:  Making left turn,None Indicated,,Daylight,Dry,Clear,None apparent,Non-intersection:  Driveway access (within),Paved,,Property Damage Only,0,0,0,0,0,0,4000,2,3,,POINT (-93.612342139277 42.017404726178)
2014816250,14012673,09/05/2014,09-September,6-Friday,21:28,2100 Hours,District 5 (Southeast),,APPANOOSE,,550TH ST,Collision with fixed object:  Tree,On Roadway,Non-collision (single vehicle),Swerving/Evasive Action,None Indicated,,Dark - roadway not lighted,"Mud, dirt",Cloudy,Debris,Non-intersection:  Non-junction/no special feature,Unpaved,,Property Damage Only,0,0,0,0,0,0,5400,1,1,,POINT (-92.795479367497 40.681638488271)
2014815727,S14-I05,09/05/2014,09-September,6-Friday,15:25,1500 Hours,District 5 (Southeast),,CLARKE,US 69,US 69,Non-collision events:  Overturn/rollover,On Roadway,Non-collision (single vehicle),Ran off road - right,None Indicated,,Daylight,Wet,Rain,Debris,Non-intersection:  Non-junction/no special feature,Paved,,Property Damage Only,0,0,0,0,0,0,2500,1,1,,POINT (-93.693560061072 41.111783880223)
2014816211,2014-005360,09/05/2014,09-September,6-Friday,22:06,2200 Hours,District 6 (East Central),,BENTON,US 218,US 218/15 AVE,Collision with:  Vehicle in traffic,On Roadway,Rear-end (front to rear),Followed too close,None Indicated,,Dark - roadway not lighted,Dry,Clear,None apparent,Non-intersection:  Non-junction/no special feature,Paved,,Property Damage Only,0,0,0,0,0,0,10000,2,4,,POINT (-92.200847327292 42.268668198337)
2014816032,2014051918,09/05/2014,09-September,6-Friday,15:40,1500 Hours,District 4 (Southwest),WAUKEE,DALLAS,I-80,I-80 & Co Rd R22/UTE AVE,Collision with:  Vehicle in traffic,On Roadway,Broadside (front to side),FTYROW:  From stop sign,None Indicated,,Daylight,Wet,Rain,None apparent,Intersection:  Intersection with ramp,Paved,,Property Damage Only,0,0,0,0,0,0,6000,2,2,,POINT (-93.88067484714 41.56179392777)
2014815702,SO14002094,09/05/2014,09-September,6-Friday,22:56,2200 Hours,District 3 (Northwest),LE MARS,PLYMOUTH,IA 60,IA 60/IOWA 60 & 120TH ST,Collision with:  Animal,,,Animal,None Indicated,,,,,,,Paved,,Property Damage Only,0,0,0,0,0,0,3000,1,1,,POINT (-96.101030960015 42.88062869257)
2014815689,2014009781,09/05/2014,09-September,6-Friday,17:27,1700 Hours,District 6 (East Central),IOWA CITY,JOHNSON,,E MARKET ST & N DUBUQUE ST,Collision with:  Vehicle in traffic,On Roadway,"Angle, oncoming left turn",Other (explain in narrative):  No improper action,None Indicated,,Daylight,Dry,Cloudy,None apparent,Intersection:  Four-way intersection,Paved,,Property Damage Only,0,0,0,0,0,0,2800,2,3,,POINT (-91.533094818991 41.663558775511)
2014820700,2014-66-AC,09/05/2014,09-September,6-Friday,15:48,1500 Hours,District 3 (Northwest),,DICKINSON,IA 86,IA 86/IOWA 86,Collision with:  Vehicle in traffic,On Roadway,Rear-end (front to rear),Ran off road - right,None Indicated,,Daylight,Dry,Clear,None apparent,Non-intersection:  Non-junction/no special feature,Paved,,Possible/Unknown,0,2,0,0,1,1,22000,2,3,,POINT (-95.183749035508 43.41830791254)
2014817453,1402466,09/05/2014,09-September,6-Friday,10:06,1000 Hours,District 5 (Southeast),BLOOMFIELD,DAVIS,,WASHINGTON ST,Collision with:  Parked motor vehicle,On Roadway,Broadside (front to side),Improper Backing,None Indicated,,Daylight,Dry,Clear,None apparent,Non-intersection:  Non-junction/no special feature,Paved,,Property Damage Only,0,0,0,0,0,0,2300,2,2,,POINT (-92.413700952777 40.758922082479)
2014817170,2014-62638,09/05/2014,09-September,6-Friday,17:56,1700 Hours,District 6 (East Central),DAVENPORT,SCOTT,,W 16TH ST & GAINES ST,Collision with:  Vehicle in traffic,On Roadway,Broadside (front to side),Ran Stop Sign,None Indicated,,Daylight,Wet,Rain,None apparent,Intersection:  Four-way intersection,Paved,,Possible/Unknown,0,1,0,0,1,0,3000,2,2,,POINT (-90.582840189198 41.536133828593)
2014820351,144716,09/05/2014,09-September,6-Friday,12:28,1200 Hours,District 1 (Central),IOWA FALLS,HARDIN,,HIDDEN VALLEY DR,Collision with:  Vehicle in traffic,On Roadway,Rear-end (front to rear),Unknown,None Indicated,,Daylight,Dry,Clear,None apparent,Non-intersection:  Non-junction/no special feature,Paved,,Property Damage Only,0,0,0,0,0,0,2100,2,2,,POINT (-93.278396657447 42.52957858093)
2014816319,2014009273,09/05/2014,09-September,6-Friday,22:16,2200 Hours,District 1 (Central),MARSHALLTOWN,MARSHALL,,PLEASANT VIEW RD,Collision with fixed object:  Traffic sign support,Outside trafficway,Non-collision (single vehicle),"Operating vehicle in an reckless, erratic, careless, negligent manner",Alcohol (Statutory),,Dark - roadway lighted,Dry,Cloudy,None apparent,Non-intersection:  Non-junction/no special feature,Paved,,Minor Injury,0,1,0,1,0,0,5000,1,1,,POINT (-92.921352151119 42.023802625845)
2014815931,14-29249,09/05/2014,09-September,6-Friday,13:25,1300 Hours,District 3 (Northwest),SIOUX CITY,WOODBURY,IA 376,IA 376/LEWIS BLVD,Non-collision events:  Other non-collision (explain in narrative),On Roadway,Non-collision (single vehicle),Ran off road - right,None Indicated,,Daylight,Wet,Rain,"Surface condition (e.g., wet, icy)",Non-intersection:  Non-junction/no special feature,Paved,,Property Damage Only,0,0,0,0,0,0,5000,1,1,,POINT (-96.361827777474 42.529133692958)
2014815893,2014-62583,09/05/2014,09-September,6-Friday,13:45,1300 Hours,District 6 (East Central),DAVENPORT,SCOTT,,E 53RD ST,Collision with:  Vehicle in traffic,On Roadway,Rear-end (front to rear),Followed too close,None Indicated,,Daylight,Dry,Clear,None apparent,Non-intersection:  Non-junction/no special feature,Paved,,Property Damage Only,0,0,0,0,0,0,13000,3,4,,POINT (-90.552688367189 41.574709462565)