Iowa DOT Case Number,Law Enforcement Case Number,Date of Crash,Month of Crash,Day of Week,Time of Crash,Hour,DOT District,City Name,County Name,Route with System,Location Description,First Harmful Event,Location of First Harmful Event,Manner of Crash/Collision,Major Cause,Drug or Alcohol ,Environmental Conditions,Light Conditions,Surface Conditions,Weather Conditions,Roadway Contribution,Roadway Type,Roadway Surface,Work Zone,Crash Severity,Number of Fatalities,Number of Injuries,Number of Major Injuries,Number of Minor Injuries,Number of Possible Injuries,Number of Unknown Injuries,Amount of Property Damage,Number of Vehicles Involved,Total Number of Occupants,Travel Direction,Location
2014816034,2014051955,09/05/2014,09-September,6-Friday,18:12,1800 Hours,District 2 (Northeast),,WRIGHT,,IDA AVE & 140TH ST,Collision with:  Vehicle in traffic,On Roadway,Broadside (front to side),FTYROW:  At uncontrolled intersection,Drug,,Daylight,"Mud, dirt",Cloudy,None apparent,Intersection:  Four-way intersection,Unpaved,,Fatal,2,2,2,0,0,0,40000,2,5,,POINT (-93.813174340657 42.848762386543)
2014815519,W14-089618,09/05/2014,09-September,6-Friday,16:17,1600 Hours,District 2 (Northeast),WATERLOO,BLACK HAWK,,W RIDGEWAY AVE & E RIDGEWAY AVE & KIMBALL AVE,Collision with:  Vehicle in traffic,On Roadway,Rear-end (front to rear),Other (explain in narrative):  Other,None Indicated,,Daylight,Dry,Rain,None apparent,Intersection:  Four-way intersection,Paved,,Property Damage Only,0,0,0,0,0,0,5000,3,3,,POINT (-92.356996212866 42.469385769596)
2014815817,P14-010306,09/05/2014,09-September,6-Friday,08:02,0800 Hours,District 1 (Central),WEBSTER CITY,HAMILTON,,ELM ST & BEACH ST,Collision with:  Vehicle in traffic,On Roadway,Broadside (front to side),FTYROW:  Making left turn,None Indicated,,Daylight,Wet,Rain,None apparent,Intersection:  Four-way intersection,Paved,,Major Injury,0,2,1,1,0,0,5500,3,4,,POINT (-93.835436186178 42.465046631427)
2014816522,2014051795,09/05/2014,09-September,6-Friday,01:33,0100 Hours,District 6 (East Central),CORALVILLE,JOHNSON,US 218,US 218,Collision with:  Vehicle in traffic,On Roadway,Head-on (front to front),Crossed centerline (undivided),Alcohol (Statutory),,Dark - roadway lighted,Dry,Clear,None apparent,Non-intersection:  Non-junction/no special feature,Paved,,Fatal,1,0,0,0,0,0,19800,2,2,,POINT (-91.634190639317 41.686979716483)
2014815701,CL14003183,09/05/2014,09-September,6-Friday,16:33,1600 Hours,District 6 (East Central),CLINTON,CLINTON,,9TH AVE S & S 5TH ST,Collision with:  Vehicle in traffic,On Roadway,"Angle, oncoming left turn",Unknown,Alcohol (Statutory),,Daylight,Wet,Rain,None apparent,Non-intersection:  Non-junction/no special feature,Paved,,Minor Injury,0,1,0,1,0,0,9000,2,12,,POINT (-90.195715524322 41.836539089037)
2014815621,14-1969,09/05/2014,09-September,6-Friday,09:05,0900 Hours,District 1 (Central),URBANDALE,POLK,,AURORA AVE & 70TH ST,Collision with:  Vehicle in traffic,On Roadway,Broadside (front to side),FTYROW:  From driveway,None Indicated,,Daylight,Wet,Cloudy,None apparent,Non-intersection:  Driveway access (within),Paved,,Property Damage Only,0,0,0,0,0,0,4000,2,2,,POINT (-93.71223308931 41.636648717885)
2014815891,2014-62548,09/05/2014,09-September,6-Friday,10:27,1000 Hours,District 6 (East Central),DAVENPORT,SCOTT,,W 14TH ST,Collision with:  Parked motor vehicle,On Roadway,Rear-end (front to rear),Lost Control,None Indicated,,Daylight,Dry,Cloudy,None apparent,Non-intersection:  Non-junction/no special feature,Paved,,Property Damage Only,0,0,0,0,0,0,8000,2,1,,POINT (-90.589473743706 41.534066575501)
2014815524,"13,561-14",09/05/2014,09-September,6-Friday,17:31,1700 Hours,District 3 (Northwest),SPENCER,CLAY,,E 9TH ST & 3RD AVE E,Collision with:  Vehicle in traffic,On Roadway,Broadside (front to side),FTYROW:  At uncontrolled intersection,None Indicated,,Daylight,Dry,Clear,None apparent,Intersection:  Four-way intersection,Paved,,Possible/Unknown,0,1,0,0,1,0,13000,2,5,,POINT (-95.140904288276 43.146892703505)
2014815372,14-5838,09/05/2014,09-September,6-Friday,07:35,0700 Hours,District 1 (Central),,POLK,US 69,US 69/NE 14TH ST & NE 54TH AVE,Collision with:  Vehicle in traffic,On Roadway,Broadside (front to side),FTYROW:  Making right turn on red signal,None Indicated,,Daylight,Wet,Rain,None apparent,Intersection:  Four-way intersection,Paved,,Possible/Unknown,0,1,0,0,1,0,10000,2,4,,POINT (-93.600511641171 41.658597614206)
2014816749,01-14-037483,09/05/2014,09-September,6-Friday,14:08,1400 Hours,District 6 (East Central),DUBUQUE,DUBUQUE,,SOLON ST & BOOTH ST,Collision with:  Vehicle in traffic,On Roadway,Broadside (front to side),FTYROW:  From driveway,None Indicated,,Daylight,Dry,Rain,None apparent,Non-intersection:  Driveway access (within),Paved,,Property Damage Only,0,0,0,0,0,0,8500,2,2,,POINT (-90.682560816272 42.493619915173)
2014816091,1400000774,09/05/2014,09-September,6-Friday,05:14,0500 Hours,District 1 (Central),GILMAN,MARSHALL,IA 146,IA 146/STRAIT ST,Collision with fixed object:  Other fixed object (explain in narrative),On Roadway,Non-collision (single vehicle),Over correcting/over steering,None Indicated,,Dark - roadway lighted,Dry,Cloudy,None apparent,Intersection:  Other intersection (explain in narrative),Paved,,Property Damage Only,0,0,0,0,0,0,3500,1,1,,POINT (-92.783542375372 41.876968744161)
2014815711,C14002819,09/05/2014,09-September,6-Friday,17:00,1700 Hours,District 6 (East Central),CORALVILLE,JOHNSON,,10TH ST & 22ND AVE,Collision with:  Vehicle in traffic,On Roadway,Broadside (front to side),FTYROW:  From stop sign,None Indicated,,Daylight,Wet,Rain,None apparent,Intersection:  Four-way intersection,Paved,,Property Damage Only,0,0,0,0,0,0,3000,2,2,,POINT (-91.593772036941 41.687996330112)
2014816151,14-004139,09/05/2014,09-September,6-Friday,13:13,1300 Hours,District 1 (Central),AMES,STORY,,6TH ST & NORTHWESTERN AVE,Collision with:  Vehicle in traffic,On Roadway,Broadside (front to side),FTYROW:  From stop sign,None Indicated,,Daylight,Dry,Cloudy,None apparent,Intersection:  Four-way intersection,Paved,,Property Damage Only,0,0,0,0,0,0,6000,2,3,,POINT (-93.622651798523 42.026806168922)
2014815532,14-31678,09/05/2014,09-September,6-Friday,12:57,1200 Hours,District 5 (Southeast),WEST BURLINGTON,DES MOINES,,SE COMM COLL BURLINGTON,Collision with:  Vehicle in traffic,On Roadway,Rear-end (front to rear),Other (explain in narrative):  Other,None Indicated,,Daylight,Dry,Cloudy,None apparent,Non-intersection:  Non-junction/no special feature,Paved,,Property Damage Only,0,0,0,0,0,0,1600,2,3,,POINT (-91.173522466389 40.812453041134)
2014815380,20140026205,09/05/2014,09-September,6-Friday,07:36,0700 Hours,District 1 (Central),DES MOINES,POLK,,EASTER LAKE DR & SE 34TH ST,Collision with:  Vehicle in traffic,On Roadway,Rear-end (front to rear),Driving too fast for conditions,None Indicated,,Daylight,Wet,Rain,None apparent,Non-intersection:  Non-junction/no special feature,Paved,,Property Damage Only,0,0,0,0,0,0,3000,2,2,,POINT (-93.548949126272 41.536735137389)
2014815416,14-2734,09/05/2014,09-September,6-Friday,13:10,1300 Hours,District 1 (Central),FORT DODGE,WEBSTER,,6TH AVE N & N 15TH ST,Collision with:  Vehicle in traffic,On Roadway,Broadside (front to side),Ran Traffic Signal,None Indicated,,Daylight,Dry,Cloudy,None apparent,Intersection:  Four-way intersection,Paved,,Property Damage Only,0,0,0,0,0,0,3000,2,3,,POINT (-94.17796377439 42.511884676212)
2014816400,14015496,09/05/2014,09-September,6-Friday,14:57,1400 Hours,District 2 (Northeast),MASON CITY,CERRO GORDO,,2ND ST SW & S MADISON AVE,Collision with:  Vehicle in traffic,On Roadway,Broadside (front to side),Exceeded authorized speed,None Indicated,,Daylight,Dry,Cloudy,None apparent,Intersection:  Four-way intersection,Paved,,Property Damage Only,0,0,0,0,0,0,6000,2,2,,POINT (-93.207330423213 43.149989914426)
2014815894,2014-62602,09/05/2014,09-September,6-Friday,14:57,1400 Hours,District 6 (East Central),DAVENPORT,SCOTT,I-280,I-280 & IA 461/140 ST/W RIVER DR,Collision with:  Vehicle in traffic,On Roadway,Rear-end (front to rear),Followed too close,None Indicated,,Daylight,Dry,Cloudy,None apparent,Intersection:  Intersection with ramp,Paved,,Property Damage Only,0,0,0,0,0,0,2000,2,2,,POINT (-90.671181269789 41.509118950128)
2014815417,14-2727,09/05/2014,09-September,6-Friday,08:45,0800 Hours,District 1 (Central),FORT DODGE,WEBSTER,,1ST AVE S,Collision with fixed object:  Other fixed object (explain in narrative),Outside trafficway,Non-collision (single vehicle),Unknown,None Indicated,,Daylight,Wet,Cloudy,None apparent,Non-intersection:  Driveway access (within),Paved,,Property Damage Only,0,0,0,0,0,0,4300,1,1,,POINT (-94.165022256986 42.505217677671)
2014816030,2014051816,09/05/2014,09-September,6-Friday,08:32,0800 Hours,District 5 (Southeast),BEVINGTON,WARREN,IA 92,IA 92/IOWA 92 & WARREN ST/10TH AVE,Collision with:  Vehicle in traffic,On Roadway,Broadside (front to side),FTYROW:  From stop sign,None Indicated,,Daylight,Wet,Cloudy,None apparent,Intersection:  Four-way intersection,Paved,,Possible/Unknown,0,1,0,0,1,0,30000,2,2,,POINT (-93.790426939398 41.36036856665)
2014815696,14089549,09/05/2014,09-September,6-Friday,12:13,1200 Hours,District 2 (Northeast),CEDAR FALLS,BLACK HAWK,,VIKING RD CONN & CEDAR HEIGHTS DR CONN,Collision with:  Vehicle in traffic,On Roadway,Broadside (front to side),Unknown,None Indicated,,Daylight,Dry,Cloudy,None apparent,Intersection:  Other intersection (explain in narrative),Paved,,Property Damage Only,0,0,0,0,0,0,4000,2,3,,POINT (-92.41634901286 42.488768804732)
2014815983,S14-003515,09/05/2014,09-September,6-Friday,06:28,0600 Hours,District 4 (Southwest),OAKLAND,POTTAWATTAMIE,US 59,US 59 & IDLEWOOD RD,Collision with:  Vehicle in traffic,On Roadway,"Angle, oncoming left turn",Made improper turn,None Indicated,,Dark - roadway not lighted,Wet,Rain,None apparent,Non-intersection:  Non-junction/no special feature,Paved,,Property Damage Only,0,0,0,0,0,0,9000,2,6,,POINT (-95.38434755975 41.328776286681)
2014819740,14037709,09/05/2014,09-September,6-Friday,17:55,1700 Hours,District 5 (Southeast),,MUSCATINE,,102ND ST,Collision with fixed object:  Mailbox,On Roadway,Non-collision (single vehicle),Driving too fast for conditions,None Indicated,,Daylight,Wet,Cloudy,"Surface condition (e.g., wet, icy)",Non-intersection:  Driveway access (within),Paved,,Property Damage Only,0,0,0,0,0,0,10100,1,1,,POINT (-91.051764818259 41.586631575717)
2014815935,14-29276,09/05/2014,09-September,6-Friday,17:17,1700 Hours,District 3 (Northwest),SIOUX CITY,WOODBURY,I-29,I-29,Collision with:  Vehicle in traffic,On Roadway,Rear-end (front to rear),FTYROW:  Other (explain in narrative),None Indicated,,Daylight,Dry,Clear,Work Zone (roadway-related),Non-intersection:  Non-junction/no special feature,Paved,Yes,Property Damage Only,0,0,0,0,0,0,1600,2,2,,POINT (-96.365538649708 42.411623477246)
2014815580,14-003795,09/05/2014,09-September,6-Friday,16:29,1600 Hours,District 1 (Central),ANKENY,POLK,,SE PETERSON DR & SE TRILEIN DR,Collision with:  Vehicle in traffic,On Roadway,Broadside (front to side),Ran Stop Sign,None Indicated,,Daylight,Dry,Cloudy,None apparent,Intersection:  Four-way intersection,Paved,,Property Damage Only,0,0,0,0,0,0,10000,2,2,,POINT (-93.590783318149 41.726921809968)
2014820593,2014-62550,09/05/2014,09-September,6-Friday,10:25,1000 Hours,District 6 (East Central),DAVENPORT,SCOTT,,IA 461/BRADY ST & W 3RD ST & E 3RD ST,Collision with:  Vehicle in traffic,On Roadway,Rear-end (front to rear),Unknown,None Indicated,,Daylight,Dry,Clear,None apparent,Non-intersection:  Non-junction/no special feature,Paved,,Property Damage Only,0,0,0,0,0,0,2500,2,2,,POINT (-90.574063760735 41.522403258919)
2014816315,122-2014,09/05/2014,09-September,6-Friday,23:55,2300 Hours,District 4 (Southwest),,HARRISON,,Co Rd F50/260TH ST,Collision with:  Animal,,Non-collision (single vehicle),Animal,None Indicated,,,,,,,Paved,,Property Damage Only,0,0,0,0,0,0,2000,1,1,,POINT (-95.859483431493 41.631979360602)
2014818132,2014051817,09/05/2014,09-September,6-Friday,08:25,0800 Hours,District 2 (Northeast),,CLAYTON,,Co Rd B45/PLEASANT RIDGE RD,Collision with fixed object:  Ditch,On Roadway,Non-collision (single vehicle),Swerving/Evasive Action,None Indicated,,Daylight,Dry,Clear,None apparent,Non-intersection:  Non-junction/no special feature,Paved,,Minor Injury,0,1,0,1,0,0,5000,1,1,,POINT (-91.350141981803 43.06255204237)
2014816337,201403179,09/05/2014,09-September,6-Friday,16:34,1600 Hours,District 6 (East Central),,LINN,IA 100,IA 100/COLLINS RD SE,Collision with:  Animal,,,Animal,None Indicated,,,,,,,Paved,,Property Damage Only,0,0,0,0,0,0,3000,1,1,,POINT (-91.576906507966 42.017610002174)
2014816461,S14-8967,09/05/2014,09-September,6-Friday,18:37,1800 Hours,District 3 (Northwest),,WOODBURY,,Co Rd D25/OLD HWY 141 & Co Rd D54/230TH ST,Collision with fixed object:  Ditch,On Roadway,Non-collision (single vehicle),Ran off road - right,None Indicated,,Daylight,Dry,Cloudy,None apparent,Non-intersection:  Non-junction/no special feature,Paved,,Possible/Unknown,0,1,0,0,1,0,1000,1,1,,POINT (-96.183441203964 42.372833247829)
2014815613,20140026250,09/05/2014,09-September,6-Friday,15:30,1500 Hours,District 1 (Central),DES MOINES,POLK,,MADISON AVE & BEAVER AVE,Collision with:  Vehicle in traffic,On Roadway,"Angle, oncoming left turn",FTYROW:  Making left turn,None Indicated,,Daylight,Wet,Rain,None apparent,Intersection:  Four-way intersection,Paved,,Property Damage Only,0,0,0,0,0,0,5000,2,3,,POINT (-93.6780736259 41.633135339244)
2014815534,14006249,09/05/2014,09-September,6-Friday,06:45,0600 Hours,District 1 (Central),BLAIRSBURG,HAMILTON,,Co Rd D20/190TH ST & Co Rd R53/POPLAR GROVE AVE,Non-collision events:  Overturn/rollover,Roadside,Non-collision (single vehicle),Ran off road - left,None Indicated,,Dawn,Wet,Rain,None apparent,Non-intersection:  Non-junction/no special feature,Paved,,Possible/Unknown,0,1,0,0,1,0,46000,1,1,,POINT (-93.675960896801 42.509272128481)
2014815896,2014-62635,09/05/2014,09-September,6-Friday,17:53,1700 Hours,District 6 (East Central),DAVENPORT,SCOTT,US 6,US 6/E KIMBERLY RD & JERSEY RIDGE RD,Collision with:  Vehicle in traffic,On Roadway,Rear-end (front to rear),Followed too close,None Indicated,,Daylight,Wet,Cloudy,None apparent,Non-intersection:  Non-junction/no special feature,Paved,,Possible/Unknown,0,1,0,0,1,0,6000,2,4,,POINT (-90.541695492682 41.556858405524)
2014815443,14-037710,09/05/2014,09-September,6-Friday,10:08,1000 Hours,District 4 (Southwest),COUNCIL BLUFFS,POTTAWATTAMIE,I-29,I-29 & IA 192/S EXPRESSWAY & SERVICE ROAD E,Collision with:  Vehicle in traffic,On Roadway,"Sideswipe, same direction",Other (explain in narrative):  Other,None Indicated,,Daylight,Dry,Cloudy,Work Zone (roadway-related),Intersection:  Four-way intersection,Paved,Yes,Property Damage Only,0,0,0,0,0,0,1500,2,2,,POINT (-95.851353146346 41.233496916106)
2014816402,14015506,09/05/2014,09-September,6-Friday,17:01,1700 Hours,District 2 (Northeast),MASON CITY,CERRO GORDO,,19TH ST SW,Collision with:  Vehicle in traffic,On Roadway,"Sideswipe, same direction",Improper or erratic lane changing,None Indicated,,Daylight,Dry,Cloudy,None apparent,Non-intersection:  Non-junction/no special feature,Paved,,Property Damage Only,0,0,0,0,0,0,1500,2,3,,POINT (-93.202049619481 43.133628520461)
2014815973,14005508,09/05/2014,09-September,6-Friday,06:42,0600 Hours,District 2 (Northeast),ROCKWELL,CERRO GORDO,US 65,US 65,Collision with:  Animal,,,Animal,None Indicated,,,,,,,Paved,,Property Damage Only,0,0,0,0,0,0,2000,1,1,,POINT (-93.201921940717 42.98248890943)
2014815381,20140026207,09/05/2014,09-September,6-Friday,08:22,0800 Hours,District 1 (Central),DES MOINES,POLK,IA 28,IA 28/63RD ST,Collision with:  Vehicle in traffic,On Roadway,Rear-end (front to rear),Followed too close,None Indicated,,Daylight,Wet,Cloudy,None apparent,Non-intersection:  Non-junction/no special feature,Paved,,Property Damage Only,0,0,0,0,0,0,9500,3,3,,POINT (-93.70375559082 41.60676106194)
2014816241,,09/05/2014,09-September,6-Friday,23:00,2300 Hours,District 4 (Southwest),,ADAIR,,270TH ST,,Gore,Non-collision (single vehicle),Swerving/Evasive Action,None Indicated,,Dark - roadway not lighted,"Mud, dirt",Clear,None apparent,Non-intersection:  Non-junction/no special feature,Unpaved,,Property Damage Only,0,0,0,0,0,0,9950,1,2,,POINT (-94.584894494022 41.258582705501)
2014815710,14-9588,09/05/2014,09-September,6-Friday,20:28,2000 Hours,District 3 (Northwest),,SAC,,Co Rd M64/NEEDHAM AVE,Collision with:  Animal,,,Animal,None Indicated,,,,,,,Paved,,Property Damage Only,0,0,0,0,0,0,1501,1,1,,POINT (-95.090848327161 42.217114937742)
2014815749,2014009757,09/05/2014,09-September,6-Friday,09:04,0900 Hours,District 6 (East Central),IOWA CITY,JOHNSON,US 6,US 6/S RIVERSIDE DR & W BENTON ST,Collision with:  Vehicle in traffic,On Roadway,Broadside (front to side),FTYROW:  From driveway,None Indicated,,Daylight,Dry,Cloudy,None apparent,Non-intersection:  Driveway access (within),Paved,,Property Damage Only,0,0,0,0,0,0,1650,2,4,,POINT (-91.54025082628 41.650382793036)
2014815930,14-29224,09/05/2014,09-September,6-Friday,07:00,0700 Hours,District 3 (Northwest),SIOUX CITY,WOODBURY,,COURT ST,Collision with:  Parked motor vehicle,On Roadway,Broadside (front to side),Unknown,None Indicated,,Unknown,Unknown,Clear,Unknown,Non-intersection:  Non-junction/no special feature,Paved,,Property Damage Only,0,0,0,0,0,0,1500,2,1,,POINT (-96.396448357797 42.526833030941)
2014816298,GP20140733,09/05/2014,09-September,6-Friday,18:30,1800 Hours,District 1 (Central),GRINNELL,POWESHIEK,IA 146,IA 146/WEST ST,Collision with:  Vehicle in traffic,On Roadway,"Angle, oncoming left turn",FTYROW:  Making left turn,Refused,,Daylight,Dry,Cloudy,None apparent,Non-intersection:  Driveway access (within),Paved,,Possible/Unknown,0,1,0,0,1,0,5000,2,2,,POINT (-92.727368933794 41.740979188535)
2014815615,20140026264,09/05/2014,09-September,6-Friday,17:07,1700 Hours,District 1 (Central),DES MOINES,POLK,,ARMY POST RD & FLEUR DR,Collision with:  Vehicle in traffic,On Roadway,Rear-end (front to rear),Other (explain in narrative):  Other,None Indicated,,Daylight,Dry,Cloudy,None apparent,Intersection:  Four-way intersection,Paved,,Minor Injury,0,1,0,1,0,0,3000,2,2,,POINT (-93.644951114054 41.526013459335)
2014815716,14-17246,09/05/2014,09-September,6-Friday,23:50,2300 Hours,District 2 (Northeast),,BREMER,,FAIRVIEW AVE,Non-collision events:  Overturn/rollover,On Roadway,Non-collision (single vehicle),Swerving/Evasive Action,None Indicated,,Dark - roadway not lighted,Dry,Clear,None apparent,Non-intersection:  Non-junction/no special feature,Unpaved,,Minor Injury,0,1,0,1,0,0,15000,1,1,,POINT (-92.455959406184 42.874563718156)
2014816225,146912PD,09/05/2014,09-September,6-Friday,13:59,1300 Hours,District 1 (Central),BOONE,BOONE,,2ND ST & S STORY ST,Collision with:  Vehicle in traffic,On Roadway,Rear-end (front to rear),Followed too close,None Indicated,,Daylight,Dry,Cloudy,None apparent,Intersection:  Four-way intersection,Paved,,Property Damage Only,0,0,0,0,0,0,6500,2,2,,POINT (-93.879962950917 42.057581272386)
2014815845,20140026247,09/05/2014,09-September,6-Friday,10:30,1000 Hours,District 1 (Central),DES MOINES,POLK,,GRAND AVE & 19TH ST,Collision with:  Non-motorist (see non-motorist section - NOT a unit),On Roadway,Non-collision (single vehicle),Unknown,None Indicated,,Daylight,Wet,Clear,None apparent,Intersection:  T-intersection,Paved,,Minor Injury,0,1,0,1,0,0,0,1,1,,POINT (-93.642460908853 41.584430720507)
2014815975,14037592,09/05/2014,09-September,6-Friday,03:57,0300 Hours,District 5 (Southeast),MUSCATINE,MUSCATINE,,LUCAS ST,Collision with:  Parked motor vehicle,On Roadway,"Sideswipe, same direction","Operating vehicle in an reckless, erratic, careless, negligent manner",Under Influence of Alcohol/Drugs/Medications,,Dark - roadway lighted,Dry,Clear,None apparent,Non-intersection:  Non-junction/no special feature,Paved,,Minor Injury,0,1,0,1,0,0,20000,2,1,,POINT (-91.070535373263 41.422564832812)
2014815366,201413135,09/05/2014,09-September,6-Friday,10:15,1000 Hours,District 6 (East Central),CEDAR RAPIDS,LINN,IA 922,IA 922/1ST AVE W,Collision with:  Vehicle in traffic,On Roadway,"Sideswipe, same direction",FTYROW:  From yield sign,None Indicated,,Daylight,Dry,Cloudy,None apparent,Intersection:  Intersection with ramp,Paved,,Property Damage Only,0,0,0,0,0,0,8500,2,5,,POINT (-91.677295956641 41.975066755356)
2014815528,142706,09/05/2014,09-September,6-Friday,10:40,1000 Hours,District 3 (Northwest),DENISON,CRAWFORD,,BROADWAY,Collision with:  Vehicle in traffic,On Roadway,Broadside (front to side),FTYROW:  From parked position,None Indicated,,Daylight,Dry,Cloudy,None apparent,Non-intersection:  Non-junction/no special feature,Paved,,Property Damage Only,0,0,0,0,0,0,2500,2,2,,POINT (-95.355710191264 42.016735123181)
2014815623,14-4406,09/05/2014,09-September,6-Friday,14:30,1400 Hours,District 1 (Central),WEST DES MOINES,POLK,,WESTOWN PKWY & 35TH ST/VALLEY WEST DR,Collision with:  Vehicle in traffic,On Roadway,Broadside (front to side),Ran Traffic Signal,None Indicated,,Daylight,Wet,Rain,None apparent,Intersection:  Four-way intersection,Paved,,Property Damage Only,0,0,0,0,0,0,2700,2,2,,POINT (-93.751845756921 41.594540080136)
2014818066,201400043693,09/05/2014,09-September,6-Friday,09:43,0900 Hours,District 5 (Southeast),OTTUMWA,WAPELLO,,W 2ND ST,Collision with:  Vehicle in traffic,On Roadway,Rear-end (front to rear),Followed too close,None Indicated,,Daylight,Dry,Cloudy,None apparent,Non-intersection:  Non-junction/no special feature,Paved,,Property Damage Only,0,0,0,0,0,0,2200,2,2,,POINT (-92.417197719581 41.022514894682)
2014815685,2014009767,09/05/2014,09-September,6-Friday,12:39,1200 Hours,District 6 (East Central),IOWA CITY,JOHNSON,IA 1,IA 1/E BURLINGTON ST & S CLINTON ST,Non-collision events:  Other non-collision (explain in narrative),On Roadway,Non-collision (single vehicle),Other (explain in narrative):  No improper action,None Indicated,,Daylight,Other (explain in narrative),Cloudy,"Surface condition (e.g., wet, icy)",Intersection:  Four-way intersection,Paved,,Possible/Unknown,0,1,0,0,1,0,150,1,1,,POINT (-91.534641180695 41.657868159233)
2014815889,2014-62504,09/05/2014,09-September,6-Friday,07:43,0700 Hours,District 6 (East Central),DAVENPORT,SCOTT,,W LOCUST ST & N ELSIE AVE,Collision with:  Vehicle in traffic,On Roadway,Rear-end (front to rear),Lost Control,None Indicated,,Daylight,Dry,Clear,None apparent,Intersection:  Four-way intersection,Paved,,Property Damage Only,0,0,0,0,0,0,11000,3,5,,POINT (-90.625247426074 41.538152690463)
2014815603,20140026226,09/05/2014,09-September,6-Friday,10:26,1000 Hours,District 1 (Central),DES MOINES,POLK,IA 415,IA 415/2ND AVE,Collision with:  Vehicle in traffic,On Roadway,Broadside (front to side),FTYROW:  From driveway,None Indicated,,Daylight,Dry,Cloudy,None apparent,Non-intersection:  Driveway access (within),Paved,,Property Damage Only,0,0,0,0,0,0,2500,2,2,,POINT (-93.619888439471 41.6289062053)
2014815397,14-4395,09/05/2014,09-September,6-Friday,08:00,0800 Hours,District 1 (Central),WEST DES MOINES,POLK,I-235,I-235,Collision with:  Vehicle in traffic,On Roadway,Rear-end (front to rear),Followed too close,None Indicated,,Daylight,Wet,Rain,None apparent,Non-intersection:  Non-junction/no special feature,Paved,,Property Damage Only,0,0,0,0,0,0,4500,2,2,,POINT (-93.771748002222 41.592219450064)
2014815632,14-002053,09/05/2014,09-September,6-Friday,14:58,1400 Hours,District 1 (Central),ALTOONA,POLK,,8TH ST SW,Collision with:  Vehicle in traffic,On Roadway,Rear-end (front to rear),Driver Distraction:  Manual operation of an electronic communication device,None Indicated,,Daylight,Wet,Rain,None apparent,Intersection:  Four-way intersection,Paved,,Possible/Unknown,0,2,0,0,2,0,5500,4,7,,POINT (-93.497792969638 41.644118453222)
2014815684,2014009765,09/05/2014,09-September,6-Friday,12:46,1200 Hours,District 6 (East Central),IOWA CITY,JOHNSON,,PRINCETON RD & N 1ST AVE,Collision with:  Vehicle in traffic,On Roadway,Rear-end (front to rear),Followed too close,None Indicated,,Daylight,Dry,Clear,None apparent,Non-intersection:  Non-junction/no special feature,Paved,,Minor Injury,0,2,0,2,0,0,3800,2,2,,POINT (-91.502085253367 41.662897552898)
2014815530,14-31673,09/05/2014,09-September,6-Friday,12:11,1200 Hours,District 5 (Southeast),,DES MOINES,US 61,US 61 & PFEIFF RD,Non-collision events:  Other non-collision (explain in narrative),On Roadway,"Sideswipe, same direction",Swerving/Evasive Action,None Indicated,,Daylight,Dry,Cloudy,None apparent,Intersection:  Four-way intersection,Paved,,Property Damage Only,0,0,0,0,0,0,10000,2,2,,POINT (-91.169708270358 40.87741094346)
2014815543,SO1403737,09/05/2014,09-September,6-Friday,20:17,2000 Hours,District 5 (Southeast),,JEFFERSON,,Co Rd W21/PLEASANT PLAIN RD & 175TH ST,Collision with:  Animal,On Roadway,Non-collision (single vehicle),Animal,None Indicated,,,,,,,Paved,,Property Damage Only,0,0,0,0,0,0,5000,1,1,,POINT (-91.926172429104 41.053657632796)
2014816401,14015502,09/05/2014,09-September,6-Friday,16:26,1600 Hours,District 2 (Northeast),MASON CITY,CERRO GORDO,IA 122,IA 122/IOWA 122 & SEDARS DR,Collision with:  Vehicle in traffic,On Roadway,"Angle, oncoming left turn",Made improper turn,None Indicated,,Daylight,Wet,Rain,None apparent,Non-intersection:  Crossover-related,Paved,,Property Damage Only,0,0,0,0,0,0,1500,2,3,,POINT (-93.27052595766 43.148372151268)
2014815541,14-R90905-01,09/05/2014,09-September,6-Friday,06:35,0600 Hours,District 6 (East Central),,IOWA,US 6,US 6 & NO NAME,Collision with:  Animal,On Roadway,Non-collision (single vehicle),Animal,None Indicated,,Dawn,Dry,Clear,None apparent,Non-intersection:  Non-junction/no special feature,Paved,,Property Damage Only,0,0,0,0,0,0,2000,1,1,,POINT (-91.862669723359 41.759866121268)
2014818430,14-013734,09/05/2014,09-September,6-Friday,22:23,2200 Hours,District 2 (Northeast),CHARLES CITY,FLOYD,US 18,US 18/BRANTINGHAM ST/GILBERT ST & IA 14 & FREEMAN ST,Collision with:  Vehicle in traffic,On Roadway,Broadside (front to side),FTYROW:  Making right turn on red signal,None Indicated,,Dark - roadway lighted,Dry,Clear,None apparent,Intersection:  Four-way intersection,Paved,,Property Damage Only,0,0,0,0,0,0,5000,2,3,,POINT (-92.676611769171 43.062778320287)
2014830000,13541-14,09/05/2014,09-September,6-Friday,13:56,1300 Hours,District 3 (Northwest),SPENCER,CLAY,US 18,US 18/N GRAND AVE,Collision with:  Vehicle in traffic,On Roadway,"Sideswipe, opposite direction",Other (explain in narrative):  Other,None Indicated,,Daylight,Dry,Cloudy,None apparent,Non-intersection:  Non-junction/no special feature,Paved,,Property Damage Only,0,0,0,0,0,0,2500,2,3,,POINT (-95.144871671071 43.143945950168)