Iowa DOT Case Number,Law Enforcement Case Number,Date of Crash,Month of Crash,Day of Week,Time of Crash,Hour,DOT District,City Name,County Name,Route with System,Location Description,First Harmful Event,Location of First Harmful Event,Manner of Crash/Collision,Major Cause,Drug or Alcohol ,Environmental Conditions,Light Conditions,Surface Conditions,Weather Conditions,Roadway Contribution,Roadway Type,Roadway Surface,Work Zone,Crash Severity,Number of Fatalities,Number of Injuries,Number of Major Injuries,Number of Minor Injuries,Number of Possible Injuries,Number of Unknown Injuries,Amount of Property Damage,Number of Vehicles Involved,Total Number of Occupants,Travel Direction,Location
2014815977,2014-4351,09/05/2014,09-September,6-Friday,17:22,1700 Hours,District 4 (Southwest),WAUKEE,DALLAS,US 6,US 6/HICKMAN AVE,Collision with:  Vehicle in traffic,On Roadway,Rear-end (front to rear),Followed too close,None Indicated,,Daylight,Dry,Cloudy,None apparent,Non-intersection:  Non-junction/no special feature,Paved,,Property Damage Only,0,0,0,0,0,0,3000,2,3,,POINT (-93.848690985557 41.614960738705)
2014815934,14-29266,09/05/2014,09-September,6-Friday,16:01,1600 Hours,District 3 (Northwest),SIOUX CITY,WOODBURY,IA 376,IA 376/LEWIS BLVD,Collision with:  Vehicle in traffic,On Roadway,Rear-end (front to rear),Other (explain in narrative):  Other,None Indicated,,Daylight,Dry,Cloudy,None apparent,Intersection:  T-intersection,Paved,,Possible/Unknown,0,1,0,0,1,0,3500,2,2,,POINT (-96.3783407939 42.494232379888)
2014844104,CP14-862,09/05/2014,09-September,6-Friday,10:01,1000 Hours,District 2 (Northeast),CLARION,WRIGHT,IA 3,IA 3/CENTRAL AVE,Collision with:  Vehicle in traffic,On Roadway,"Sideswipe, same direction",Made improper turn,None Indicated,,Daylight,Dry,Clear,Work Zone (roadway-related),Non-intersection:  Non-junction/no special feature,Paved,Yes,Property Damage Only,0,0,0,0,0,0,2200,2,2,,POINT (-93.736016135599 42.73165634527)
2014824881,14-007184,09/05/2014,09-September,6-Friday,17:38,1700 Hours,District 5 (Southeast),COLUMBUS JUNCTION,LOUISA,,GAMBLE ST & 3RD ST,Collision with fixed object:  Curb/island/raised median,On Roadway,Non-collision (single vehicle),FTYROW:  Making left turn,None Indicated,,Daylight,Wet,Rain,None apparent,Intersection:  Four-way intersection,Paved,,Property Damage Only,0,0,0,0,0,0,2000,2,2,,POINT (-91.362989307682 41.27153547286)
2014815629,14-4409,09/05/2014,09-September,6-Friday,16:30,1600 Hours,District 1 (Central),WEST DES MOINES,POLK,,UNIVERSITY AVE,Collision with:  Vehicle in traffic,On Roadway,Rear-end (front to rear),Followed too close,None Indicated,,Daylight,Dry,Clear,None apparent,Non-intersection:  Non-junction/no special feature,Paved,,Minor Injury,0,1,0,1,0,0,3500,2,2,,POINT (-93.781446235746 41.600476592937)
2014815620,14-1967,09/05/2014,09-September,6-Friday,07:48,0700 Hours,District 1 (Central),URBANDALE,POLK,,142ND ST,Collision with:  Vehicle in traffic,On Roadway,"Sideswipe, same direction",Other (explain in narrative):  Other,None Indicated,,Daylight,Wet,Rain,None apparent,Intersection:  Other intersection (explain in narrative),Paved,,Property Damage Only,0,0,0,0,0,0,4000,2,2,,POINT (-93.80926424738 41.629476361323)
2014815442,14-037699,09/05/2014,09-September,6-Friday,08:46,0800 Hours,District 4 (Southwest),COUNCIL BLUFFS,POTTAWATTAMIE,,21ST AVE,Collision with:  Vehicle in traffic,On Roadway,Rear-end (front to rear),Improper Backing,None Indicated,,Daylight,Dry,Clear,None apparent,Non-intersection:  Non-junction/no special feature,Paved,,Property Damage Only,0,0,0,0,0,0,1500,2,2,,POINT (-95.858362149908 41.2415638397)
2014815979,201404160,09/05/2014,09-September,6-Friday,08:59,0800 Hours,District 1 (Central),,BOONE,IA 17,IA 17/T AVE & 200TH ST,Collision with:  Vehicle in traffic,On Roadway,"Sideswipe, same direction",Crossed centerline (undivided),None Indicated,,Daylight,Wet,Cloudy,None apparent,Intersection:  Four-way intersection,Paved,,Property Damage Only,0,0,0,0,0,0,4500,2,3,,POINT (-93.795863999774 42.063707261498)
2014817113,14-020905-01,09/05/2014,09-September,6-Friday,10:16,1000 Hours,District 6 (East Central),,IOWA,IA 220,IA 220/220TH TRL,Collision with:  Vehicle in traffic,On Roadway,"Sideswipe, same direction",Ran off road - left,None Indicated,,Daylight,Dry,Clear,None apparent,Non-intersection:  Driveway access (within),Paved,,Minor Injury,0,1,0,1,0,0,8000,2,2,,POINT (-91.967714389991 41.779105927914)
2014815715,14-17230,09/05/2014,09-September,6-Friday,20:32,2000 Hours,District 2 (Northeast),,BREMER,US 63,US 63,Collision with:  Animal,,,Animal,None Indicated,,,,,,,Paved,,Property Damage Only,0,0,0,0,0,0,1500,1,1,,POINT (-92.33742249961 42.688166918292)
2014815549,201413171,09/05/2014,09-September,6-Friday,20:46,2000 Hours,District 6 (East Central),CEDAR RAPIDS,LINN,IA 100,IA 100/COLLINS RD NE & C AVE NE,Collision with:  Vehicle in traffic,On Roadway,"Angle, oncoming left turn",FTYROW:  Making left turn,None Indicated,,Dark - roadway lighted,Dry,Cloudy,None apparent,Intersection:  Four-way intersection,Paved,,Possible/Unknown,0,1,0,0,1,0,7000,2,2,,POINT (-91.638484703717 42.028074918738)
2014815932,14-29256,09/05/2014,09-September,6-Friday,07:30,0700 Hours,District 3 (Northwest),SIOUX CITY,WOODBURY,,COUNTRY CLUB BLVD,Collision with fixed object:  Utility pole/light support,Outside trafficway,Non-collision (single vehicle),Separation of units,None Indicated,,Daylight,Dry,Cloudy,None apparent,Non-intersection:  Non-junction/no special feature,Paved,,Property Damage Only,0,0,0,0,0,0,2000,1,1,,POINT (-96.412995462413 42.538947051677)
2014818672,14133926,09/05/2014,09-September,6-Friday,13:50,1300 Hours,District 6 (East Central),IOWA CITY,JOHNSON,,Co Rd W66/DUBUQUE ST,Collision with:  Vehicle in traffic,On Roadway,"Sideswipe, opposite direction",Crossed centerline (undivided),None Indicated,,Daylight,Dry,Cloudy,None apparent,Non-intersection:  Non-junction/no special feature,Paved,,Minor Injury,0,1,0,1,0,0,3500,2,2,,POINT (-91.547253697246 41.693037871322)
2014815428,14-4640,09/05/2014,09-September,6-Friday,10:00,1000 Hours,District 6 (East Central),HIAWATHA,LINN,I-380,I-380,Collision with:  Vehicle in traffic,On Roadway,Rear-end (front to rear),Followed too close,None Indicated,,Daylight,Wet,Cloudy,None apparent,Intersection:  Intersection with ramp,Paved,,Property Damage Only,0,0,0,0,0,0,3500,2,2,,POINT (-91.676876148868 42.035539920053)
2014815426,14-23403,09/05/2014,09-September,6-Friday,05:50,0500 Hours,District 1 (Central),REASNOR,JASPER,,ROBIN AVE,Collision with fixed object:  Ditch,Roadside,Non-collision (single vehicle),Ran off road - right,None Indicated,,Dark - roadway not lighted,"Mud, dirt",Cloudy,None apparent,Non-intersection:  Non-junction/no special feature,Unpaved,,Property Damage Only,0,0,0,0,0,0,5000,1,1,,POINT (-93.016325131476 41.573452158289)
2014816375,,09/05/2014,09-September,6-Friday,18:30,1800 Hours,District 6 (East Central),,JACKSON,,45 ST,Collision with fixed object:  Tree,On Roadway,Non-collision (single vehicle),Swerving/Evasive Action,None Indicated,,Dusk,"Mud, dirt",Rain,None apparent,Non-intersection:  Non-junction/no special feature,Unpaved,,Property Damage Only,0,0,0,0,0,0,5000,1,1,,POINT (-90.412558910983 42.074836030929)
2014815955,14-9221,09/05/2014,09-September,6-Friday,15:30,1500 Hours,District 3 (Northwest),CARROLL,CARROLL,,6TH ST W,Collision with:  Other non-fixed object (explain in narrative),On Roadway,Non-collision (single vehicle),Ran off road - right,None Indicated,,Daylight,Wet,Cloudy,None apparent,Non-intersection:  Non-junction/no special feature,Unpaved,,Property Damage Only,0,0,0,0,0,0,1500,1,3,,POINT (-94.883380068904 42.071598932414)
2014815548,201413161,09/05/2014,09-September,6-Friday,17:54,1700 Hours,District 6 (East Central),CEDAR RAPIDS,LINN,IA 922,IA 922/WILLIAMS BLVD & EDGEWOOD RD SW,Collision with:  Vehicle in traffic,On Roadway,Broadside (front to side),Ran Traffic Signal,None Indicated,,Daylight,Dry,Cloudy,None apparent,Intersection:  Four-way intersection,Paved,,Property Damage Only,0,0,0,0,0,0,4000,2,2,,POINT (-91.716434333635 41.957813356326)
2014815382,20140026236,09/05/2014,09-September,6-Friday,12:01,1200 Hours,District 1 (Central),DES MOINES,POLK,,VIRGINIA AVE & SW 9TH ST,Collision with:  Vehicle in traffic,On Roadway,Rear-end (front to rear),Lost Control,None Indicated,,Daylight,Wet,Rain,"Surface condition (e.g., wet, icy)",Non-intersection:  Non-junction/no special feature,Paved,,Property Damage Only,0,0,0,0,0,0,5000,2,2,,POINT (-93.625699260203 41.558122832644)
2014815723,14-037733,09/05/2014,09-September,6-Friday,13:30,1300 Hours,District 4 (Southwest),COUNCIL BLUFFS,POTTAWATTAMIE,US 6,US 6/W BROADWAY,Collision with:  Vehicle in traffic,On Roadway,Broadside (front to side),FTYROW:  Making left turn,None Indicated,,Daylight,Wet,Rain,None apparent,Intersection:  Four-way intersection,Paved,,Major Injury,0,1,1,0,0,0,19000,3,4,,POINT (-95.870740364857 41.261826148202)
2014815752,2014-19310,09/05/2014,09-September,6-Friday,09:25,0900 Hours,District 5 (Southeast),,WARREN,IA 5,IA 5/IOWA 5,Collision with fixed object:  Ditch,Roadside,Non-collision (single vehicle),Swerving/Evasive Action,None Indicated,,Daylight,Wet,Rain,None apparent,Non-intersection:  Non-junction/no special feature,Paved,,Property Damage Only,0,0,0,0,0,0,3500,1,1,,POINT (-93.33012760426 41.437165402646)
2014815624,14-4415,09/05/2014,09-September,6-Friday,19:05,1900 Hours,District 1 (Central),WEST DES MOINES,POLK,I-235,I-235,Collision with:  Vehicle in traffic,On Roadway,Rear-end (front to rear),Other (explain in narrative):  Other,None Indicated,,Dusk,Dry,Cloudy,None apparent,Interchange-related:  Off-ramp,Paved,,Possible/Unknown,0,1,0,0,1,0,800,2,6,,POINT (-93.750409880227 41.592811069146)
2014818067,201400043768,09/05/2014,09-September,6-Friday,15:00,1500 Hours,District 5 (Southeast),OTTUMWA,WAPELLO,US 34,US 34 & BARDELL ST,Collision with:  Non-motorist (see non-motorist section - NOT a unit),On Roadway,Non-collision (single vehicle),Unknown,None Indicated,,Daylight,Wet,Rain,None apparent,Non-intersection:  Other non-intersection (explain in narrative),Paved,,Possible/Unknown,0,1,0,0,1,0,0,1,1,,POINT (-92.415803599949 41.010680139775)
2014815604,20140026242,09/05/2014,09-September,6-Friday,13:41,1300 Hours,District 1 (Central),DES MOINES,POLK,,SW 9TH ST,Collision with:  Vehicle in traffic,On Roadway,Rear-end (front to rear),Followed too close,None Indicated,,Daylight,Wet,Rain,None apparent,Non-intersection:  Non-junction/no special feature,Paved,,Possible/Unknown,0,1,0,0,1,0,500,2,2,,POINT (-93.625724635521 41.557023804669)
2014815895,2014-62628,09/05/2014,09-September,6-Friday,17:05,1700 Hours,District 6 (East Central),DAVENPORT,SCOTT,I-74,I-74 & E 53RD ST,Collision with:  Vehicle in traffic,On Roadway,"Sideswipe, same direction",Other (explain in narrative):  Other,None Indicated,,Daylight,Wet,Rain,None apparent,Intersection:  Intersection with ramp,Paved,,Property Damage Only,0,0,0,0,0,0,3000,2,2,,POINT (-90.524055649821 41.574798583309)
2014816033,2014051925,09/05/2014,09-September,6-Friday,15:36,1500 Hours,District 3 (Northwest),MAURICE,SIOUX,US 75,US 75 & 5TH ST,Collision with:  Vehicle in traffic,On Roadway,Rear-end (front to rear),Followed too close,None Indicated,,Daylight,Dry,Cloudy,None apparent,Non-intersection:  Non-junction/no special feature,Paved,,Property Damage Only,0,0,0,0,0,0,6000,2,2,,POINT (-96.175393228931 42.968936448793)
2014815578,14-003792,09/05/2014,09-September,6-Friday,13:50,1300 Hours,District 1 (Central),ANKENY,POLK,IA 415,IA 415/SW ORALABOR RD,Collision with:  Vehicle in traffic,On Roadway,"Sideswipe, same direction",Improper or erratic lane changing,None Indicated,,Daylight,Wet,Rain,None apparent,Non-intersection:  Non-junction/no special feature,Paved,,Property Damage Only,0,0,0,0,0,0,3000,2,2,,POINT (-93.622728238663 41.703136632076)
2014815427,14-31670,09/05/2014,09-September,6-Friday,11:50,1100 Hours,District 5 (Southeast),BURLINGTON,DES MOINES,US 61,US 61 & MT PLEASANT ST,Collision with:  Vehicle in traffic,On Roadway,Rear-end (front to rear),Followed too close,None Indicated,,Daylight,Dry,Cloudy,None apparent,Intersection:  Four-way intersection,Paved,,Possible/Unknown,0,1,0,0,1,0,3500,2,2,,POINT (-91.141361728144 40.825883391691)
2014815683,2014009764,09/05/2014,09-September,6-Friday,12:05,1200 Hours,District 6 (East Central),IOWA CITY,JOHNSON,IA 1,IA 1/W BURLINGTON ST/E BURLINGTON ST & S MADISON ST,Non-collision events:  Other non-collision (explain in narrative),On Roadway,Non-collision (single vehicle),Other (explain in narrative):  No improper action,None Indicated,,Daylight,"Mud, dirt",Cloudy,None apparent,Intersection:  Four-way intersection,Paved,,Minor Injury,0,1,0,1,0,0,525,1,1,,POINT (-91.537752133032 41.657853745591)
2014815982,S14-003514,09/05/2014,09-September,6-Friday,04:15,0400 Hours,District 4 (Southwest),,POTTAWATTAMIE,I-80,I-80 & Co Rd G18/TAMARACK RD,Collision with fixed object:  Guardrail - face,Shoulder,Non-collision (single vehicle),Ran off road - left,None Indicated,,Dark - roadway not lighted,Wet,Rain,None apparent,Non-intersection:  Non-junction/no special feature,Paved,,Minor Injury,0,1,0,1,0,0,3000,1,1,,POINT (-95.596388460466 41.462803839663)
2014816183,2014009770,09/05/2014,09-September,6-Friday,18:54,1800 Hours,District 6 (East Central),IOWA CITY,JOHNSON,,N DUBUQUE ST,Collision with:  Vehicle in traffic,On Roadway,Rear-end (front to rear),Driving too fast for conditions,None Indicated,,Daylight,Wet,Rain,None apparent,Non-intersection:  Non-junction/no special feature,Paved,,Possible/Unknown,0,1,0,0,1,0,19500,5,5,,POINT (-91.538916450858 41.685501536862)
2014815430,CL14003181,09/05/2014,09-September,6-Friday,13:00,1300 Hours,District 6 (East Central),CLINTON,CLINTON,US 67,US 67/S 2ND ST,Collision with:  Vehicle in traffic,On Roadway,Rear-end (front to rear),Other (explain in narrative):  Other,None Indicated,,Daylight,Dry,Cloudy,None apparent,Non-intersection:  Non-junction/no special feature,Paved,,Property Damage Only,0,0,0,0,0,0,8500,2,3,,POINT (-90.18824332254 41.843822006285)
2014815892,2014-62581,09/05/2014,09-September,6-Friday,13:34,1300 Hours,District 6 (East Central),DAVENPORT,SCOTT,,W 10TH ST & RIPLEY ST,Collision with:  Vehicle in traffic,On Roadway,Broadside (front to side),FTYROW:  From stop sign,None Indicated,,Daylight,Dry,Cloudy,Other (explain in narrative),Intersection:  Four-way intersection,Paved,,Property Damage Only,0,0,0,0,0,0,3000,3,3,,POINT (-90.578505192365 41.529918211593)
2014816750,01-14-037495,09/05/2014,09-September,6-Friday,20:15,2000 Hours,District 6 (East Central),DUBUQUE,DUBUQUE,,GARFIELD AVE & DECATUR ST,Collision with:  Vehicle in traffic,On Roadway,Rear-end (front to rear),Lost Control,None Indicated,,Dark - roadway lighted,Dry,Cloudy,None apparent,Non-intersection:  Non-junction/no special feature,Paved,,Property Damage Only,0,0,0,0,0,0,16500,4,1,,POINT (-90.655380397386 42.52346835448)
2014815445,146591,09/05/2014,09-September,6-Friday,08:03,0800 Hours,District 4 (Southwest),WEST DES MOINES,DALLAS,,360TH ST,Collision with:  Animal,,,Animal,None Indicated,,,,,,,Paved,,Property Damage Only,0,0,0,0,0,0,2500,1,1,,POINT (-93.833084923783 41.532595759173)
2014815753,2014-19329,09/05/2014,09-September,6-Friday,17:00,1700 Hours,District 5 (Southeast),,WARREN,IA 92,IA 92/IOWA 92,Collision with fixed object:  Ditch,Gore,Non-collision (single vehicle),Ran off road - right,None Indicated,,Daylight,Wet,Cloudy,None apparent,Non-intersection:  Non-junction/no special feature,Paved,,Property Damage Only,0,0,0,0,0,0,5000,1,2,,POINT (-93.50563549837 41.360882342145)
2014821153,2014-037479,09/05/2014,09-September,6-Friday,12:23,1200 Hours,District 6 (East Central),DUBUQUE,DUBUQUE,,BURLINGTON ST,Collision with:  Vehicle in traffic,On Roadway,Head-on (front to front),Traveling wrong way or on wrong side of road,None Indicated,,Daylight,Dry,Cloudy,None apparent,Non-intersection:  Non-junction/no special feature,Paved,,Property Damage Only,0,0,0,0,0,0,3500,2,3,,POINT (-90.683672619597 42.521504543243)
2014817407,20143218,09/05/2014,09-September,6-Friday,02:40,0200 Hours,District 1 (Central),,GRUNDY,US 20,US 20,Collision with:  Animal,,,Animal,None Indicated,,,,,,,Paved,,Property Damage Only,0,0,0,0,0,0,3000,1,1,,POINT (-92.570047635474 42.463664580656)
2014816008,I14051542,09/05/2014,09-September,6-Friday,15:42,1500 Hours,District 2 (Northeast),,FRANKLIN,IA 3,IA 3/IOWA 3,Collision with:  Vehicle in traffic,On Roadway,Rear-end (front to rear),Swerving/Evasive Action,None Indicated,,Daylight,Wet,Rain,None apparent,Non-intersection:  Non-junction/no special feature,Paved,,Property Damage Only,0,0,0,0,0,0,7500,2,3,,POINT (-93.114472481366 42.738061577878)
2014816778,01-14-37494,09/05/2014,09-September,6-Friday,19:50,1900 Hours,District 6 (East Central),DUBUQUE,DUBUQUE,,E 24TH ST & WHITE ST,Collision with:  Vehicle in traffic,On Roadway,"Sideswipe, same direction",Other (explain in narrative):  Other,None Indicated,,Dark - roadway lighted,Dry,Cloudy,None apparent,Non-intersection:  Driveway access (within),Paved,,Possible/Unknown,0,1,0,0,1,0,1000,2,2,,POINT (-90.672095274329 42.516262940415)
2014816205,14-007828,09/05/2014,09-September,6-Friday,20:10,2000 Hours,District 4 (Southwest),,CASS,IA 83,IA 83/MARNE RD,Collision with fixed object:  Ditch,Shoulder,Non-collision (single vehicle),Over correcting/over steering,None Indicated,,Dark - roadway not lighted,Dry,Cloudy,None apparent,Non-intersection:  Non-junction/no special feature,Paved,,Possible/Unknown,0,2,0,0,2,0,5000,1,2,,POINT (-95.044766230186 41.420878894002)
2014819831,14-000489,09/05/2014,09-September,6-Friday,20:13,2000 Hours,District 1 (Central),WEBSTER CITY,HAMILTON,,CEDAR ST,Collision with:  Parked motor vehicle,On Roadway,Rear-end (front to rear),"Operating vehicle in an reckless, erratic, careless, negligent manner",Refused,,Dark - roadway lighted,Dry,Clear,None apparent,Non-intersection:  Non-junction/no special feature,Paved,,Property Damage Only,0,0,0,0,0,0,2250,2,1,,POINT (-93.818256862019 42.461910448055)
2014815385,20140026192,09/05/2014,09-September,6-Friday,00:22,0000 Hours,District 1 (Central),DES MOINES,POLK,I-235,I-235 & DAY ST & 7TH ST,,Outside trafficway,Non-collision (single vehicle),Ran Traffic Signal,Alcohol (Statutory),,Dark - roadway lighted,Dry,Clear,None apparent,Intersection:  Intersection with ramp,Paved,,Property Damage Only,0,0,0,0,0,0,3000,1,1,,POINT (-93.62688368538 41.596289182303)
2014815658,14-29213,09/05/2014,09-September,6-Friday,04:05,0400 Hours,District 3 (Northwest),SIOUX CITY,WOODBURY,,19TH ST & JONES ST,Collision with:  Vehicle in traffic,On Roadway,Broadside (front to side),Unknown,Refused,,Dark - roadway lighted,Dry,Clear,None apparent,Intersection:  Four-way intersection,Paved,,Property Damage Only,0,0,0,0,0,0,8000,2,2,,POINT (-96.400969466669 42.510103570671)
2014815933,14-29258,09/05/2014,09-September,6-Friday,14:37,1400 Hours,District 3 (Northwest),SIOUX CITY,WOODBURY,,MORNINGSIDE AVE & S HENRY ST,Collision with:  Vehicle in traffic,On Roadway,Broadside (front to side),FTYROW:  Making left turn,None Indicated,,Daylight,Dry,Cloudy,None apparent,Intersection:  T-intersection,Paved,,Property Damage Only,0,0,0,0,0,0,2000,2,2,,POINT (-96.347684907579 42.47041548809)
2014815970,14001037,09/05/2014,09-September,6-Friday,08:30,0800 Hours,District 1 (Central),,STORY,,Co Rd R50/GEORGE W CARVER AVE,Collision with:  Vehicle in traffic,Outside trafficway,"Sideswipe, opposite direction",FTYROW:  From parked position,None Indicated,,Daylight,Wet,Clear,Ruts/holes/bumps,Non-intersection:  Other non-intersection (explain in narrative),Paved,,Property Damage Only,0,0,0,0,0,0,4000,2,2,,POINT (-93.659396669689 42.07455169799)
2014815639,14-17260,09/05/2014,09-September,6-Friday,08:04,0800 Hours,District 6 (East Central),BETTENDORF,SCOTT,,MIDDLE RD & WOODFIELD DR,Collision with:  Vehicle in traffic,On Roadway,Rear-end (front to rear),Followed too close,None Indicated,,Daylight,Dry,Clear,None apparent,Non-intersection:  Non-junction/no special feature,Paved,,Property Damage Only,0,0,0,0,0,0,5000,3,3,,POINT (-90.473834988999 41.556710631327)
2014816928,W14-089462,09/05/2014,09-September,6-Friday,04:35,0400 Hours,District 2 (Northeast),WATERLOO,BLACK HAWK,,W 4TH ST,Collision with fixed object:  Other fixed object (explain in narrative),On Roadway,Non-collision (single vehicle),Lost Control,None Indicated,,Dark - roadway lighted,Dry,Clear,None apparent,Non-intersection:  Other non-intersection (explain in narrative),Paved,,Property Damage Only,0,0,0,0,0,0,15000,1,1,,POINT (-92.341928758096 42.493354888971)
2014815664,2014009782,09/05/2014,09-September,6-Friday,17:45,1700 Hours,District 6 (East Central),IOWA CITY,JOHNSON,IA 1,IA 1/E BURLINGTON ST & S CLINTON ST,Non-collision events:  Other non-collision (explain in narrative),On Roadway,Non-collision (single vehicle),Other (explain in narrative):  No improper action,None Indicated,,Daylight,Other (explain in narrative),Clear,"Surface condition (e.g., wet, icy)",Non-intersection:  Non-junction/no special feature,Paved,,Possible/Unknown,0,1,0,0,1,0,200,1,1,,POINT (-91.534641180695 41.657868159233)
2014852957,,09/05/2014,09-September,6-Friday,15:45,1500 Hours,District 1 (Central),DES MOINES,POLK,,LAUREL ST & 2ND AVE,Collision with fixed object:  Utility pole/light support,Roadside,Non-collision (single vehicle),Unknown,None Indicated,,Daylight,,,None apparent,Intersection:  T-intersection,Paved,,Property Damage Only,0,0,0,0,0,0,2120,1,1,,POINT (-93.619733521205 41.597679033655)
2014815614,20140026261,09/05/2014,09-September,6-Friday,16:47,1600 Hours,District 1 (Central),DES MOINES,POLK,US 69,US 69/PROPOSED E 15TH,Collision with:  Vehicle in traffic,On Roadway,Rear-end (front to rear),Followed too close,None Indicated,,Daylight,Dry,Cloudy,None apparent,Non-intersection:  Other non-intersection (explain in narrative),Unpaved,,Possible/Unknown,0,3,0,0,3,0,4000,4,5,,POINT (-93.59438736794 41.586833030676)
2014815415,14-2732,09/05/2014,09-September,6-Friday,11:32,1100 Hours,District 1 (Central),FORT DODGE,WEBSTER,,S 29TH ST,Collision with:  Vehicle in traffic,On Roadway,"Angle, oncoming left turn",FTYROW:  Making left turn,None Indicated,,Daylight,Dry,Cloudy,None apparent,Non-intersection:  Driveway access (within),Paved,,Possible/Unknown,0,1,0,0,1,0,4600,2,2,,POINT (-94.158210900888 42.500189492357)
2014815600,20140026377,09/06/2014,09-September,7-Saturday,20:27,2000 Hours,District 1 (Central),DES MOINES,POLK,IA 415,IA 415/2ND AVE & SHAWNEE AVE & E SHAWNEE AVE,Collision with:  Vehicle in traffic,On Roadway,"Angle, oncoming left turn",Crossed centerline (undivided),None Indicated,,Dark - roadway lighted,Dry,Clear,None apparent,Intersection:  Four-way intersection,Paved,,Major Injury,0,2,1,1,0,0,17000,2,3,,POINT (-93.619958262868 41.63494064156)
2014818057,2014010015,09/06/2014,09-September,7-Saturday,19:42,1900 Hours,District 6 (East Central),IOWA CITY,JOHNSON,,WESTWINDS DR & MORMON TREK BLVD,Collision with:  Non-motorist (see non-motorist section - NOT a unit),On Roadway,Non-collision (single vehicle),Unknown,None Indicated,,Dusk,Dry,Clear,Unknown,Intersection:  T-intersection,Paved,,Minor Injury,0,2,0,1,0,1,0,1,1,,POINT (-91.574057739882 41.650825251077)
2014815648,14-2746,09/06/2014,09-September,7-Saturday,11:45,1100 Hours,District 1 (Central),FORT DODGE,WEBSTER,,8TH AVE S & S 25TH ST,Non-collision events:  Other non-collision (explain in narrative),On Roadway,Non-collision (single vehicle),Lost Control,Alcohol (Statutory),,Daylight,Dry,Clear,None apparent,Intersection:  Four-way intersection,Paved,,Minor Injury,0,1,0,1,0,0,1000,1,1,,POINT (-94.163127708188 42.49756405689)
2014815591,20140026334,09/06/2014,09-September,7-Saturday,11:45,1100 Hours,District 1 (Central),DES MOINES,POLK,US 69,US 69/SE 14TH ST,Collision with:  Vehicle in traffic,On Roadway,"Angle, oncoming left turn",FTYROW:  Making left turn,None Indicated,,Daylight,Dry,Cloudy,None apparent,Non-intersection:  Driveway access (within),Paved,,Minor Injury,0,1,0,1,0,0,8000,2,3,,POINT (-93.596789879941 41.554583516392)
2014817014,2014-0373,09/06/2014,09-September,7-Saturday,12:09,1200 Hours,District 5 (Southeast),NORWALK,WARREN,,SOUTH AVE & CHERRY ST,Collision with:  Parked motor vehicle,Outside trafficway,Rear-end (front to rear),Unknown,None Indicated,,Daylight,Dry,Clear,Unknown,Non-intersection:  Other non-intersection (explain in narrative),Paved,,Possible/Unknown,0,1,0,0,0,1,1600,2,1,,POINT (-93.67395714873 41.473982650015)
2014815527,142728,09/06/2014,09-September,7-Saturday,23:28,2300 Hours,District 3 (Northwest),,CRAWFORD,US 30,US 30,Collision with fixed object:  Ditch,On Roadway,Non-collision (single vehicle),Ran off road - right,None Indicated,,Dark - roadway not lighted,Dry,Clear,None apparent,Non-intersection:  Non-junction/no special feature,Paved,,Possible/Unknown,0,1,0,0,1,0,8000,1,3,,POINT (-95.303047605847 42.021208605547)
2014816554,14012700,09/06/2014,09-September,7-Saturday,13:56,1300 Hours,District 5 (Southeast),MOULTON,APPANOOSE,,W 1ST ST,Collision with:  Vehicle in traffic,Outside trafficway,Broadside (front to side),Ran off road - left,None Indicated,,Daylight,Dry,Clear,None apparent,Non-intersection:  Non-junction/no special feature,Paved,,Property Damage Only,0,0,0,0,0,0,2500,2,3,,POINT (-92.677638923393 40.681910134119)
2014816505,2014-0375,09/06/2014,09-September,7-Saturday,19:28,1900 Hours,District 5 (Southeast),NORWALK,WARREN,,MERLE HUFF AVE,Collision with:  Vehicle in traffic,On Roadway,Rear-end (front to rear),FTYROW:  From driveway,None Indicated,,Daylight,Dry,Clear,None apparent,Non-intersection:  Driveway access (within),Paved,,Property Damage Only,0,0,0,0,0,0,4500,2,2,,POINT (-93.667899662501 41.482403883149)
2014816751,01-14-037506,09/06/2014,09-September,7-Saturday,06:49,0600 Hours,District 6 (East Central),DUBUQUE,DUBUQUE,,LORAS BLVD,Collision with fixed object:  Traffic sign support,Outside trafficway,Non-collision (single vehicle),Ran off road - right,Alcohol (Statutory),,Dawn,Dry,Clear,None apparent,Non-intersection:  Non-junction/no special feature,Paved,,Property Damage Only,0,0,0,0,0,0,9000,1,1,,POINT (-90.687988481192 42.500537550227)
2014816036,2014051985,09/06/2014,09-September,7-Saturday,06:00,0600 Hours,District 6 (East Central),,CLINTON,US 61,US 61,Collision with:  Animal,On Roadway,Non-collision (single vehicle),Animal,None Indicated,,Dark - roadway not lighted,Dry,Clear,None apparent,Non-intersection:  Non-junction/no special feature,Paved,,Property Damage Only,0,0,0,0,0,0,2500,1,2,,POINT (-90.56823685542 41.846783014342)
2014816177,14-010265,09/06/2014,09-September,7-Saturday,09:12,0900 Hours,District 5 (Southeast),,WAYNE,,Co Rd J54/95TH/DAVIS,Collision with:  Vehicle in traffic,On Roadway,Broadside (front to side),FTYROW:  At uncontrolled intersection,None Indicated,,Daylight,"Mud, dirt",Clear,None apparent,Intersection:  Four-way intersection,Unpaved,,Property Damage Only,0,0,0,0,0,0,15000,2,3,,POINT (-93.393858060126 40.623248605892)