Iowa DOT Case Number,Law Enforcement Case Number,Date of Crash,Month of Crash,Day of Week,Time of Crash,Hour,DOT District,City Name,County Name,Route with System,Location Description,First Harmful Event,Location of First Harmful Event,Manner of Crash/Collision,Major Cause,Drug or Alcohol ,Environmental Conditions,Light Conditions,Surface Conditions,Weather Conditions,Roadway Contribution,Roadway Type,Roadway Surface,Work Zone,Crash Severity,Number of Fatalities,Number of Injuries,Number of Major Injuries,Number of Minor Injuries,Number of Possible Injuries,Number of Unknown Injuries,Amount of Property Damage,Number of Vehicles Involved,Total Number of Occupants,Travel Direction,Location
2014817105,14-31918,09/07/2014,09-September,1-Sunday,06:30,0600 Hours,District 5 (Southeast),,DES MOINES,,ROOSEVELT ST,Collision with:  Railway vehicle/train,Outside trafficway,Broadside (front to side),Illegally Parked/Unattended,None Indicated,,Dawn,Dry,Clear,Unknown,Non-intersection:  Railroad grade crossing,Unpaved,,Property Damage Only,0,0,0,0,0,0,8000,2,2,,POINT (-91.269708265019 40.833510237625)
2014850956,14-007271,09/07/2014,09-September,1-Sunday,20:00,2000 Hours,District 5 (Southeast),,LOUISA,,Co Rd G52/COUNTY RD G 52 & X AVE,Collision with:  Animal,,,Animal,None Indicated,,,,,,,Paved,,Property Damage Only,0,0,0,0,0,0,1501,1,1,,POINT (-91.446985523874 41.249118102279)
2014817176,2014-63100,09/07/2014,09-September,1-Sunday,18:11,1800 Hours,District 6 (East Central),DAVENPORT,SCOTT,,LAKEHURST DR,Collision with:  Vehicle in traffic,On Roadway,"Sideswipe, same direction",Made improper turn,None Indicated,,Daylight,Dry,Cloudy,None apparent,Non-intersection:  Non-junction/no special feature,Paved,,Property Damage Only,0,0,0,0,0,0,7000,2,2,,POINT (-90.519810172532 41.583875452344)
2014815941,14-29515,09/07/2014,09-September,1-Sunday,12:32,1200 Hours,District 3 (Northwest),SIOUX CITY,WOODBURY,IA 376,IA 376/LEWIS BLVD & 7TH ST,Collision with:  Vehicle in traffic,On Roadway,Broadside (front to side),FTYROW:  From stop sign,None Indicated,,Daylight,Dry,Clear,None apparent,Intersection:  Four-way intersection,Paved,,Major Injury,0,2,2,0,0,0,15000,2,2,,POINT (-96.378252776115 42.497566642507)
2014815746,14-17439,09/07/2014,09-September,1-Sunday,12:58,1200 Hours,District 6 (East Central),BETTENDORF,SCOTT,,MIDDLE RD & DEVILS GLEN RD,Collision with:  Vehicle in traffic,On Roadway,"Angle, oncoming left turn",FTYROW:  Making left turn,None Indicated,,Daylight,Dry,Clear,None apparent,Intersection:  Four-way intersection,Paved,,Property Damage Only,0,0,0,0,0,0,4500,2,2,,POINT (-90.48363896317 41.551566975965)
2014816739,1407472,09/07/2014,09-September,1-Sunday,22:42,2200 Hours,District 5 (Southeast),WASHINGTON,WASHINGTON,,S B AVE,Collision with:  Parked motor vehicle,On Roadway,"Sideswipe, same direction",Ran off road - right,Alcohol (Statutory),,Dark - roadway lighted,Dry,Clear,None apparent,Non-intersection:  Non-junction/no special feature,Paved,,Property Damage Only,0,0,0,0,0,0,6500,2,2,,POINT (-91.694423988434 41.293300543374)
2014815757,C14002843,09/07/2014,09-September,1-Sunday,15:56,1500 Hours,District 6 (East Central),CORALVILLE,JOHNSON,,FOREVERGREEN RD & CORAL RIDGE AVE & HWY 965,Collision with:  Vehicle in traffic,On Roadway,Rear-end (front to rear),Other (explain in narrative):  Other,None Indicated,,Daylight,Dry,Clear,None apparent,Non-intersection:  Non-junction/no special feature,Paved,,Property Damage Only,0,0,0,0,0,0,5200,3,4,,POINT (-91.607819344617 41.723050799214)
2014816779,01-14-37547,09/07/2014,09-September,1-Sunday,17:00,1700 Hours,District 6 (East Central),DUBUQUE,DUBUQUE,,ROSEDALE AVE & ST AMBROSE ST,Collision with:  Vehicle in traffic,On Roadway,Broadside (front to side),Ran Stop Sign,None Indicated,,Daylight,Dry,Clear,None apparent,Intersection:  Four-way intersection,Paved,,Minor Injury,0,1,0,1,0,0,3000,2,3,,POINT (-90.698207842841 42.503940218709)
2014817854,14090438,09/07/2014,09-September,1-Sunday,19:28,1900 Hours,District 2 (Northeast),CEDAR FALLS,BLACK HAWK,,HIAWATHA RD,Collision with fixed object:  Mailbox,On Roadway,Non-collision (single vehicle),Exceeded authorized speed,Alcohol (Statutory),,Dusk,Dry,Cloudy,None apparent,Non-intersection:  Non-junction/no special feature,Paved,,Possible/Unknown,0,1,0,0,1,0,6080,1,1,,POINT (-92.461073307721 42.557477007806)
2014815584,20140026447,09/07/2014,09-September,1-Sunday,17:20,1700 Hours,District 1 (Central),DES MOINES,POLK,US 69,US 69/SE 14TH ST & INDIANOLA AVE,Collision with:  Vehicle in traffic,On Roadway,Broadside (front to side),Ran Traffic Signal,Refused,,Daylight,Dry,Clear,None apparent,Intersection:  Four-way intersection,Paved,,Property Damage Only,0,0,0,0,0,0,23000,3,6,,POINT (-93.596826491319 41.553349324757)
2014816204,14090359,09/07/2014,09-September,1-Sunday,14:58,1400 Hours,District 2 (Northeast),CEDAR FALLS,BLACK HAWK,,MAIN ST,Collision with fixed object:  Utility pole/light support,On Roadway,Non-collision (single vehicle),Crossed centerline (undivided),Under Influence of Alcohol/Drugs/Medications,,Daylight,Dry,Cloudy,None apparent,Non-intersection:  Non-junction/no special feature,Paved,,Property Damage Only,0,0,0,0,0,0,4500,1,1,,POINT (-92.445479881245 42.52731430953)
2014816041,2014052159,09/07/2014,09-September,1-Sunday,12:10,1200 Hours,District 6 (East Central),,JOHNSON,,520TH ST,Collision with fixed object:  Culvert/pipe opening,Roadside,Non-collision (single vehicle),Ran off road - right,None Indicated,,Daylight,"Mud, dirt",Clear,None apparent,Non-intersection:  Non-junction/no special feature,Unpaved,,Property Damage Only,0,0,0,0,0,0,4000,1,1,,POINT (-91.66074985706 41.554502575359)
2014816263,201413265,09/07/2014,09-September,1-Sunday,18:10,1800 Hours,District 6 (East Central),CEDAR RAPIDS,LINN,IA 922,IA 922/1ST AVE E & 20TH ST NE,Collision with:  Vehicle in traffic,On Roadway,Rear-end (front to rear),Followed too close,None Indicated,,Daylight,Dry,Cloudy,None apparent,Non-intersection:  Non-junction/no special feature,Paved,,Possible/Unknown,0,1,0,0,1,0,4000,2,2,,POINT (-91.640826717597 41.99467999945)
2014815570,1409071-A,09/07/2014,09-September,1-Sunday,12:15,1200 Hours,District 4 (Southwest),RED OAK,MONTGOMERY,,WASHINGTON ST & 8TH ST,Collision with:  Vehicle in traffic,On Roadway,Broadside (front to side),FTYROW:  From stop sign,None Indicated,,Daylight,Dry,Clear,None apparent,Intersection:  Four-way intersection,Paved,,Property Damage Only,0,0,0,0,0,0,8500,3,5,,POINT (-95.223181643636 41.007992973318)
2014816274,1409047,09/07/2014,09-September,1-Sunday,00:35,0000 Hours,District 4 (Southwest),CLARINDA,PAGE,,E PAGE ST,Collision with:  Parked motor vehicle,Outside trafficway,"Angle, oncoming left turn",Ran off road - left,None Indicated,,Dark - roadway lighted,Dry,Clear,None apparent,Non-intersection:  Non-junction/no special feature,Paved,,Possible/Unknown,0,1,0,0,1,0,4500,2,1,,POINT (-95.035243001999 40.725366151168)
2014815733,14-038050,09/07/2014,09-September,1-Sunday,11:30,1100 Hours,District 4 (Southwest),COUNCIL BLUFFS,POTTAWATTAMIE,I-29,I-29 & IA 192/S EXPRESSWAY & 30TH AVE,Collision with:  Vehicle in traffic,On Roadway,Rear-end (front to rear),Followed too close,None Indicated,,Daylight,Dry,Clear,None apparent,Intersection:  Four-way intersection,Paved,,Possible/Unknown,0,1,0,0,1,0,2000,2,2,,POINT (-95.851337557948 41.230669294291)
2014816450,14-004190,09/07/2014,09-September,1-Sunday,12:51,1200 Hours,District 1 (Central),AMES,STORY,US 69,US 69/LINCOLN WAY & CLARK AVE & S WALNUT ST,Collision with:  Vehicle in traffic,On Roadway,"Angle, oncoming left turn",FTYROW:  Making left turn,None Indicated,,Daylight,Dry,Clear,None apparent,Intersection:  Four-way intersection,Paved,,Possible/Unknown,0,2,0,0,2,0,5000,2,2,,POINT (-93.616876268892 42.022910487938)
2014815660,2014009894,09/07/2014,09-September,1-Sunday,11:14,1100 Hours,District 6 (East Central),IOWA CITY,JOHNSON,,MORMON TREK BLVD,Collision with:  Vehicle in traffic,On Roadway,Rear-end (front to rear),"Operating vehicle in an reckless, erratic, careless, negligent manner",None Indicated,,Daylight,Dry,Clear,None apparent,Non-intersection:  Driveway access (within),Paved,,Property Damage Only,0,0,0,0,0,0,5500,2,4,,POINT (-91.574082456174 41.650249118074)
2014815513,W14-090223,09/07/2014,09-September,1-Sunday,02:40,0200 Hours,District 2 (Northeast),WATERLOO,BLACK HAWK,,E 4TH ST,Collision with:  Parked motor vehicle,On Roadway,Rear-end (front to rear),Unknown,None Indicated,,Dark - roadway lighted,Dry,Clear,None apparent,Non-intersection:  Other non-intersection (explain in narrative),Paved,,Property Damage Only,0,0,0,0,0,0,1500,2,1,,POINT (-92.332757513912 42.513555949867)
2014815611,20140026432,09/07/2014,09-September,1-Sunday,13:05,1300 Hours,District 1 (Central),DES MOINES,POLK,,DAY ST & 5TH AVE,Collision with:  Vehicle in traffic,On Roadway,Broadside (front to side),Ran Traffic Signal,None Indicated,,Daylight,Dry,Clear,None apparent,Intersection:  Four-way intersection,Paved,,Minor Injury,0,2,0,1,1,0,26000,2,5,,POINT (-93.624698922197 41.596192986582)
2014815990,2014009900,09/07/2014,09-September,1-Sunday,13:50,1300 Hours,District 6 (East Central),IOWA CITY,JOHNSON,IA 1,IA 1/IOWA 1 & HUDSON AVE,Collision with:  Vehicle in traffic,On Roadway,Broadside (front to side),FTYROW:  From stop sign,None Indicated,,Daylight,Dry,Clear,None apparent,Intersection:  T-intersection,Paved,,Property Damage Only,0,0,0,0,0,0,5000,2,3,,POINT (-91.545396948521 41.647430741105)
2014822189,14-08638,09/07/2014,09-September,1-Sunday,11:50,1100 Hours,District 5 (Southeast),MOUNT PLEASANT,HENRY,,W WASHINGTON ST & S MAIN ST,Collision with:  Vehicle in traffic,On Roadway,"Sideswipe, same direction",FTYROW:  Other (explain in narrative),None Indicated,,Daylight,Dry,Clear,None apparent,Intersection:  Four-way intersection,Paved,,Property Damage Only,0,0,0,0,0,0,2000,2,2,,POINT (-91.553394019957 40.965519650749)
2014816524,2014052141,09/07/2014,09-September,1-Sunday,09:30,0900 Hours,District 4 (Southwest),,MONTGOMERY,,Co Rd H34/200 ST & P AVE,Collision with fixed object:  Traffic sign support,On Roadway,Non-collision (single vehicle),Swerving/Evasive Action,Refused,,Daylight,Dry,Clear,None apparent,Intersection:  T-intersection,Paved,,Property Damage Only,0,0,0,0,0,0,2000,1,2,,POINT (-95.079821792713 41.01611049528)
2014815740,SA1407456,09/07/2014,09-September,1-Sunday,06:43,0600 Hours,District 5 (Southeast),,WASHINGTON,US 218,US 218,Non-collision events:  Overturn/rollover,Shoulder,Non-collision (single vehicle),Swerving/Evasive Action,None Indicated,,Dawn,Dry,Clear,None apparent,Non-intersection:  Non-junction/no special feature,Paved,,Minor Injury,0,1,0,1,0,0,15000,1,2,,POINT (-91.532415902303 41.185069658697)
2014816542,2014052127,09/07/2014,09-September,1-Sunday,04:30,0400 Hours,District 1 (Central),ANKENY,POLK,I-35,I-35,Collision with fixed object:  Guardrail - face,Shoulder,Non-collision (single vehicle),Ran off road - left,None Indicated,,Dark - roadway not lighted,Dry,Clear,None apparent,Non-intersection:  Non-junction/no special feature,Paved,,Property Damage Only,0,0,0,0,0,0,9900,1,1,,POINT (-93.577113303993 41.743104858191)
2014815672,CL14003201,09/07/2014,09-September,1-Sunday,10:40,1000 Hours,District 6 (East Central),CLINTON,CLINTON,US 67,US 67/N 2ND ST & 20TH AVE N,Collision with:  Vehicle in traffic,On Roadway,Rear-end (front to rear),Other (explain in narrative):  Other,None Indicated,,Daylight,Dry,Clear,None apparent,Intersection:  Four-way intersection,Paved,,Minor Injury,0,1,0,1,0,0,4000,2,4,,POINT (-90.181617912854 41.86770467508)
2014816729,90-140000293,09/07/2014,09-September,1-Sunday,23:37,2300 Hours,District 2 (Northeast),,HUMBOLDT,US 169,US 169/LINCOLN AVE,Collision with:  Animal,On Roadway,Non-collision (single vehicle),Animal,None Indicated,,Dark - roadway not lighted,Dry,Clear,None apparent,Non-intersection:  Non-junction/no special feature,Paved,,Property Damage Only,0,0,0,0,0,0,5000,1,2,,POINT (-94.227308883215 42.794660718438)
2014815754,2014009892,09/07/2014,09-September,1-Sunday,10:26,1000 Hours,District 6 (East Central),IOWA CITY,JOHNSON,,E COURT ST & S SCOTT BLVD,Collision with:  Vehicle in traffic,On Roadway,Rear-end (front to rear),Followed too close,None Indicated,,Daylight,Dry,Clear,None apparent,Intersection:  Four-way intersection,Paved,,Property Damage Only,0,0,0,0,0,0,1500,2,2,,POINT (-91.48107132918 41.657046487551)
2014817526,14-027825,09/07/2014,09-September,1-Sunday,01:24,0100 Hours,District 5 (Southeast),,LEE,IA 2,IA 2/IOWA 2 & 140 AVE,Collision with fixed object:  Ditch,Outside trafficway,Non-collision (single vehicle),Ran off road - right,Alcohol (Statutory),,Dark - roadway lighted,Dry,Clear,None apparent,Non-intersection:  Non-junction/no special feature,Paved,,Major Injury,0,1,1,0,0,0,15000,1,1,,POINT (-91.641405943432 40.638783140282)
2014816043,2014052245,09/07/2014,09-September,1-Sunday,20:20,2000 Hours,District 3 (Northwest),,DICKINSON,IA 86,IA 86/IOWA 86,Collision with:  Animal,,,Animal,None Indicated,,,,,,,Paved,,Property Damage Only,0,0,0,0,0,0,2000,1,2,,POINT (-95.181200926139 43.494512465728)
2014816563,W14-090469,09/07/2014,09-September,1-Sunday,22:24,2200 Hours,District 2 (Northeast),WATERLOO,BLACK HAWK,,INDEPENDENCE AVE & LANE ST,Collision with:  Vehicle in traffic,On Roadway,Broadside (front to side),Ran Stop Sign,None Indicated,,Dark - roadway lighted,Dry,Clear,None apparent,Intersection:  Four-way intersection,Paved,,Property Damage Only,0,0,0,0,0,0,5000,2,2,,POINT (-92.325251620927 42.498391239579)
2014815609,20140026415,09/07/2014,09-September,1-Sunday,09:45,0900 Hours,District 1 (Central),DES MOINES,POLK,,E ARMY POST RD & INDIANOLA AVE,Collision with:  Vehicle in traffic,On Roadway,Broadside (front to side),Ran Traffic Signal,None Indicated,,Daylight,Dry,Clear,None apparent,Intersection:  Four-way intersection,Paved,,Minor Injury,0,1,0,1,0,0,6500,2,2,,POINT (-93.577422995223 41.526192200735)
2014815576,14-5873,09/07/2014,09-September,1-Sunday,11:20,1100 Hours,District 1 (Central),,POLK,,NE 29TH ST,Collision with:  Vehicle in traffic,On Roadway,"Sideswipe, same direction",Made improper turn,None Indicated,,Daylight,Dry,Clear,None apparent,Non-intersection:  Driveway access (within),Paved,,Property Damage Only,0,0,0,0,0,0,7000,2,2,,POINT (-93.56117063113 41.639908391625)
2014815942,14-29523,09/07/2014,09-September,1-Sunday,13:09,1300 Hours,District 3 (Northwest),SIOUX CITY,WOODBURY,IA 12,IA 12/GORDON DR & S CLEVELAND ST,Collision with:  Vehicle in traffic,On Roadway,"Angle, oncoming left turn",FTYROW:  Making left turn,None Indicated,,Daylight,Dry,Clear,None apparent,Intersection:  T-intersection,Paved,,Property Damage Only,0,0,0,0,0,0,13000,2,2,,POINT (-96.350970998518 42.478198332093)
2014815630,14-4447,09/07/2014,09-September,1-Sunday,08:40,0800 Hours,District 4 (Southwest),WEST DES MOINES,DALLAS,,S 64TH ST & MILLS CIVIC PKWY,Collision with:  Vehicle in traffic,On Roadway,"Angle, oncoming left turn",FTYROW:  Making left turn,None Indicated,,Daylight,Dry,Clear,None apparent,Intersection:  Four-way intersection,Paved,,Property Damage Only,0,0,0,0,0,0,6000,2,4,,POINT (-93.796627551865 41.561560278879)
2014815671,CL14003200,09/07/2014,09-September,1-Sunday,09:29,0900 Hours,District 6 (East Central),CLINTON,CLINTON,,MILL CREEK PKWY,Collision with:  Vehicle in traffic,On Roadway,Broadside (front to side),FTYROW:  From stop sign,None Indicated,,Daylight,Dry,Clear,None apparent,Intersection:  Four-way intersection,Paved,,Property Damage Only,0,0,0,0,0,0,5500,2,4,,POINT (-90.236384937807 41.844595085913)
2014815804,W14-090426,09/07/2014,09-September,1-Sunday,18:56,1800 Hours,District 2 (Northeast),WATERLOO,BLACK HAWK,,LUNAR LN,Collision with:  Parked motor vehicle,On Roadway,Unknown,Improper Backing,None Indicated,,Daylight,Dry,Clear,None apparent,Non-intersection:  Driveway access (within),Paved,,Property Damage Only,0,0,0,0,0,0,3100,2,1,,POINT (-92.371348307868 42.493889280181)
2014825535,2014052144,09/07/2014,09-September,1-Sunday,11:05,1100 Hours,District 2 (Northeast),,WRIGHT,I-35,I-35,Collision with:  Animal,,,Animal,None Indicated,,,,,,,Paved,,Property Damage Only,0,0,0,0,0,0,6000,1,1,,POINT (-93.529326094498 42.588996788726)
2014815544,14135127,09/07/2014,09-September,1-Sunday,02:10,0200 Hours,District 6 (East Central),SOLON,JOHNSON,,ANCHORAGE RD,Collision with fixed object:  Ditch,On Roadway,Broadside (front to side),"Operating vehicle in an reckless, erratic, careless, negligent manner",None Indicated,,Dark - roadway not lighted,"Mud, dirt",Clear,Unknown,Non-intersection:  Driveway access (within),Paved,,Possible/Unknown,0,1,0,0,0,1,20800,3,777,,POINT (-91.526440776045 41.733555506952)
2014816905,14-6190,09/07/2014,09-September,1-Sunday,22:19,2200 Hours,District 2 (Northeast),,KOSSUTH,US 169,US 169,Collision with:  Vehicle in traffic,On Roadway,"Sideswipe, opposite direction",Crossed centerline (undivided),Alcohol (Statutory),,Dark - roadway not lighted,Dry,Clear,None apparent,Non-intersection:  Non-junction/no special feature,Paved,,Minor Injury,0,2,0,2,0,0,2000,2,2,,POINT (-94.236955884696 43.125085465859)
2014815917,2014-63064,09/07/2014,09-September,1-Sunday,14:26,1400 Hours,District 6 (East Central),DAVENPORT,SCOTT,,W DOVER CT,Collision with:  Parked motor vehicle,On Roadway,Broadside (front to side),Unknown,None Indicated,,Daylight,Dry,Clear,None apparent,Non-intersection:  Non-junction/no special feature,Paved,,Property Damage Only,0,0,0,0,0,0,3500,2,1,,POINT (-90.601454538022 41.543620867914)
2014821959,,09/07/2014,09-September,1-Sunday,03:13,0300 Hours,District 5 (Southeast),FORT MADISON,LEE,,AVE F,Collision with:  Parked motor vehicle,On Roadway,Rear-end (front to rear),Other (explain in narrative):  Other,Alcohol (Statutory),,Dark - roadway not lighted,Dry,Clear,None apparent,Non-intersection:  Non-junction/no special feature,Paved,,Property Damage Only,0,0,0,0,0,0,4000,2,1,,POINT (-91.333835970995 40.632222988931)
2014815668,14-038090,09/07/2014,09-September,1-Sunday,17:50,1700 Hours,District 4 (Southwest),COUNCIL BLUFFS,POTTAWATTAMIE,,25TH AVE & S 11TH ST,Collision with:  Vehicle in traffic,On Roadway,"Angle, oncoming left turn",Other (explain in narrative):  Other,None Indicated,,Daylight,Dry,Clear,None apparent,Non-intersection:  Non-junction/no special feature,Paved,,Property Damage Only,0,0,0,0,0,0,3000,2,2,,POINT (-95.860497155946 41.23716970321)
2014816040,2014052148,09/07/2014,09-September,1-Sunday,11:10,1100 Hours,District 5 (Southeast),OSCEOLA,CLARKE,US 34,US 34,Collision with:  Vehicle in traffic,On Roadway,"Sideswipe, same direction",FTYROW:  From stop sign,None Indicated,,Daylight,Dry,Clear,None apparent,Intersection:  Intersection with ramp,Paved,,Minor Injury,0,1,0,1,0,0,10000,2,2,,POINT (-93.796647661417 41.026252699329)
2014815714,14-06469,09/07/2014,09-September,1-Sunday,10:05,1000 Hours,District 3 (Northwest),EMMETSBURG,PALO ALTO,IA 4,IA 4/BROADWAY ST & 20TH ST,Collision with:  Vehicle in traffic,On Roadway,Rear-end (front to rear),Swerving/Evasive Action,None Indicated,,Daylight,Dry,Clear,None apparent,Intersection:  T-intersection,Paved,,Property Damage Only,0,0,0,0,0,0,3250,2,4,,POINT (-94.678863662408 43.102074918439)
2014816336,2014003210,09/07/2014,09-September,1-Sunday,11:57,1100 Hours,District 6 (East Central),ALBURNETT,LINN,,1ST ST S & MAIN ST,Collision with fixed object:  Other fixed object (explain in narrative),Outside trafficway,Non-collision (single vehicle),Cargo/equipment loss or shift,None Indicated,,Daylight,Dry,Cloudy,None apparent,Non-intersection:  Non-junction/no special feature,Paved,,Property Damage Only,0,0,0,0,0,0,1550,1,1,,POINT (-91.618556864875 42.148259450533)
2014850955,14-007264,09/07/2014,09-September,1-Sunday,18:27,1800 Hours,District 5 (Southeast),,LOUISA,,123RD AVE,Non-collision events:  Other non-collision (explain in narrative),On Roadway,Non-collision (single vehicle),"Operating vehicle in an reckless, erratic, careless, negligent manner",None Indicated,,Daylight,Dry,Clear,None apparent,Non-intersection:  Non-junction/no special feature,Unpaved,,Minor Injury,0,1,0,1,0,0,5200,1,1,,POINT (-91.164377935901 41.15926286538)
2014817174,2014-63065,09/07/2014,09-September,1-Sunday,14:30,1400 Hours,District 6 (East Central),DAVENPORT,SCOTT,,W 70TH ST,Collision with:  Non-motorist (see non-motorist section - NOT a unit),On Roadway,Non-collision (single vehicle),Other (explain in narrative):  No improper action,None Indicated,,Daylight,Dry,Cloudy,None apparent,Non-intersection:  Driveway access (within),Paved,,Possible/Unknown,0,1,0,0,1,0,200,1,1,,POINT (-90.605852129082 41.591401420907)
2014816329,S14-003552,09/07/2014,09-September,1-Sunday,10:00,1000 Hours,District 4 (Southwest),,POTTAWATTAMIE,,538TH ST & ELMTREE RD,Non-collision events:  Overturn/rollover,On Roadway,Non-collision (single vehicle),Driving too fast for conditions,None Indicated,,Daylight,Dry,Clear,"Surface condition (e.g., wet, icy)",Intersection:  T-intersection,Unpaved,,Property Damage Only,0,0,0,0,0,0,3500,1,1,,POINT (-95.162097142988 41.273722323825)
2014815991,2014009903,09/07/2014,09-September,1-Sunday,16:44,1600 Hours,District 6 (East Central),IOWA CITY,JOHNSON,,TAFT SPEEDWAY & N DUBUQUE ST,Collision with:  Non-motorist (see non-motorist section - NOT a unit),On Roadway,Non-collision (single vehicle),Other (explain in narrative):  No improper action,None Indicated,,Daylight,Dry,Cloudy,None apparent,Non-intersection:  Non-junction/no special feature,Paved,,Minor Injury,0,1,0,1,0,0,1501,1,1,,POINT (-91.533144303093 41.679366406308)
2014816039,2014052134,09/07/2014,09-September,1-Sunday,07:39,0700 Hours,District 6 (East Central),,CEDAR,I-80,I-80,Collision with fixed object:  Guardrail - face,Shoulder,Non-collision (single vehicle),Ran off road - left,None Indicated,,Daylight,Dry,Clear,None apparent,Non-intersection:  Non-junction/no special feature,Paved,,Property Damage Only,0,0,0,0,0,0,10000,1,3,,POINT (-90.979088714103 41.633561998452)
2014816042,2014052164,09/07/2014,09-September,1-Sunday,12:47,1200 Hours,District 6 (East Central),,JOHNSON,I-80,I-80,Collision with:  Other non-fixed object (explain in narrative),On Roadway,Non-collision (single vehicle),Unknown,None Indicated,,Daylight,Dry,Clear,Debris,Non-intersection:  Non-junction/no special feature,Paved,,Property Damage Only,0,0,0,0,0,0,3000,1,1,,POINT (-91.369696020808 41.666859896325)
2014816884,14-001075,09/07/2014,09-September,1-Sunday,16:15,1600 Hours,District 1 (Central),JOHNSTON,POLK,,NW 97TH ST & NW 62ND AVE,Collision with:  Vehicle in traffic,On Roadway,"Sideswipe, same direction",Made improper turn,None Indicated,,Daylight,Dry,Clear,None apparent,Non-intersection:  Non-junction/no special feature,Paved,,Property Damage Only,0,0,0,0,0,0,6000,2,2,,POINT (-93.751868404528 41.672938179219)
2014826677,,09/07/2014,09-September,1-Sunday,03:13,0300 Hours,District 5 (Southeast),FORT MADISON,LEE,,AVE F,Collision with:  Parked motor vehicle,On Roadway,Rear-end (front to rear),Unknown,Alcohol (Statutory),,Dark - roadway not lighted,Dry,Clear,None apparent,Non-intersection:  Non-junction/no special feature,Paved,,Property Damage Only,0,0,0,0,0,0,2000,2,1,,POINT (-91.333824151007 40.632222817492)
2014815645,14-2759,09/07/2014,09-September,1-Sunday,15:43,1500 Hours,District 1 (Central),FORT DODGE,WEBSTER,,5TH AVE S & S 21ST ST,Collision with:  Vehicle in traffic,On Roadway,"Angle, oncoming left turn",FTYROW:  Making left turn,None Indicated,,Daylight,Dry,Clear,None apparent,Intersection:  Four-way intersection,Paved,,Property Damage Only,0,0,0,0,0,0,3000,2,2,,POINT (-94.169424232162 42.501084248787)
2014815863,14-1995,09/07/2014,09-September,1-Sunday,17:15,1700 Hours,District 1 (Central),URBANDALE,POLK,,MARY LYNN DR,Collision with:  Vehicle in traffic,On Roadway,Rear-end (front to rear),Lost Control,Alcohol (Statutory),,Daylight,Dry,Clear,None apparent,Non-intersection:  Non-junction/no special feature,Paved,,Property Damage Only,0,0,0,0,0,0,12000,2,1,,POINT (-93.747033397413 41.623592619682)
2014815661,CL14003204,09/07/2014,09-September,1-Sunday,18:03,1800 Hours,District 6 (East Central),CLINTON,CLINTON,,14TH AVE N & N 3RD ST,Collision with:  Vehicle in traffic,On Roadway,Broadside (front to side),Ran Stop Sign,None Indicated,,Daylight,Dry,Clear,None apparent,Intersection:  Four-way intersection,Paved,,Property Damage Only,0,0,0,0,0,0,5000,2,4,,POINT (-90.186918404536 41.860305981184)
2014827441,14-1418,09/07/2014,09-September,1-Sunday,06:00,0600 Hours,District 1 (Central),,GREENE,,130TH,Collision with:  Animal,On Roadway,Non-collision (single vehicle),Animal,None Indicated,,Dawn,"Mud, dirt",Clear,None apparent,Non-intersection:  Non-junction/no special feature,Unpaved,,Property Damage Only,0,0,0,0,0,0,5000,1,1,,POINT (-94.407153497441 42.165950238501)
2014815945,14-29567,09/07/2014,09-September,1-Sunday,19:15,1900 Hours,District 3 (Northwest),SIOUX CITY,WOODBURY,,W VILLA AVE & MYRTLE ST,Collision with:  Vehicle in traffic,On Roadway,Rear-end (front to rear),Crossed centerline (undivided),None Indicated,,Daylight,Dry,Clear,None apparent,Intersection:  Four-way intersection,Paved,,Property Damage Only,0,0,0,0,0,0,2500,2,4,,POINT (-96.422527304186 42.504157419995)
2014815943,14-29528,09/07/2014,09-September,1-Sunday,14:18,1400 Hours,District 3 (Northwest),SIOUX CITY,WOODBURY,,18TH ST & GRANDVIEW BLVD,Collision with:  Vehicle in traffic,On Roadway,"Angle, oncoming left turn",FTYROW:  Making left turn,None Indicated,,Daylight,Dry,Clear,None apparent,Intersection:  Four-way intersection,Paved,,Property Damage Only,0,0,0,0,0,0,3500,2,2,,POINT (-96.408050276794 42.509163614818)
2014817073,,09/07/2014,09-September,1-Sunday,10:55,1000 Hours,District 2 (Northeast),,ALLAMAKEE,IA 76,IA 76/IOWA 76,Collision with fixed object:  Other fixed object (explain in narrative),Shoulder,Non-collision (single vehicle),Ran off road - right,None Indicated,,Daylight,Dry,Clear,None apparent,Non-intersection:  Driveway access (within),Paved,,Fatal,1,0,0,0,0,0,3500,1,1,,POINT (-91.524218715013 43.368977695529)
2014815583,20140026444,09/07/2014,09-September,1-Sunday,16:14,1600 Hours,District 1 (Central),DES MOINES,POLK,,MAURY ST,Collision with:  Vehicle in traffic,On Roadway,Unknown,Crossed centerline (undivided),None Indicated,,Daylight,Dry,Cloudy,None apparent,Non-intersection:  Non-junction/no special feature,Paved,,Possible/Unknown,0,1,0,0,1,0,8000,2,3,,POINT (-93.584295700955 41.58130025544)
2014817173,2014-63025,09/07/2014,09-September,1-Sunday,07:39,0700 Hours,District 6 (East Central),DAVENPORT,SCOTT,,IA 461/WELCOME WAY & W 53RD ST,Collision with:  Vehicle in traffic,On Roadway,Broadside (front to side),Ran Traffic Signal,None Indicated,,Daylight,Dry,Clear,None apparent,Intersection:  Four-way intersection,Paved,,Major Injury,0,3,2,1,0,0,12000,3,5,,POINT (-90.571731130253 41.574482998987)