Iowa DOT Case Number,Law Enforcement Case Number,Date of Crash,Month of Crash,Day of Week,Time of Crash,Hour,DOT District,City Name,County Name,Route with System,Location Description,First Harmful Event,Location of First Harmful Event,Manner of Crash/Collision,Major Cause,Drug or Alcohol ,Environmental Conditions,Light Conditions,Surface Conditions,Weather Conditions,Roadway Contribution,Roadway Type,Roadway Surface,Work Zone,Crash Severity,Number of Fatalities,Number of Injuries,Number of Major Injuries,Number of Minor Injuries,Number of Possible Injuries,Number of Unknown Injuries,Amount of Property Damage,Number of Vehicles Involved,Total Number of Occupants,Travel Direction,Location
2014815790,14-0480,09/07/2014,09-September,1-Sunday,12:18,1200 Hours,District 4 (Southwest),STUART,GUTHRIE,,N DIVISION ST,Collision with:  Vehicle in traffic,On Roadway,Rear-end (front to rear),FTYROW:  From parked position,None Indicated,,Daylight,Dry,Clear,None apparent,Non-intersection:  Non-junction/no special feature,Paved,,Property Damage Only,0,0,0,0,0,0,1500,2,3,,POINT (-94.318343502762 41.505790545121)
2014816240,,09/07/2014,09-September,1-Sunday,09:13,0900 Hours,District 5 (Southeast),,LUCAS,US 34,US 34 & Co Rd S23/200TH AVE,Collision with:  Vehicle in traffic,On Roadway,Rear-end (front to rear),FTYROW:  Other (explain in narrative),None Indicated,,Daylight,Dry,Clear,None apparent,Intersection:  Four-way intersection,Paved,,Possible/Unknown,0,2,0,0,2,0,18000,2,3,,POINT (-93.365827623046 41.014390593535)
2014816000,I14070459,09/07/2014,09-September,1-Sunday,04:59,0400 Hours,District 2 (Northeast),,FRANKLIN,,140TH ST,Collision with fixed object:  Ditch,On Roadway,Non-collision (single vehicle),Swerving/Evasive Action,Alcohol (Statutory),,Dark - roadway not lighted,Dry,Clear,None apparent,Non-intersection:  Non-junction/no special feature,Unpaved,,Property Damage Only,0,0,0,0,0,0,1500,1,2,,POINT (-93.264429144356 42.730924322524)
2014816335,201400031214,09/07/2014,09-September,1-Sunday,16:37,1600 Hours,District 6 (East Central),,LINN,,Co Rd E70/WRIGHT BROTHER S BLVD & Co Rd W6E/ELY RD & MABIE RD,Collision with:  Vehicle in traffic,On Roadway,"Angle, oncoming left turn",FTYROW:  From stop sign,None Indicated,,Daylight,Dry,Clear,None apparent,Intersection:  Four-way intersection,Paved,,Property Damage Only,0,0,0,0,0,0,12000,2,2,,POINT (-91.600261934464 41.889825517027)
2014816044,2014052252,09/07/2014,09-September,1-Sunday,20:10,2000 Hours,District 5 (Southeast),,WASHINGTON,,Co Rd W38/GINKGO AVE,Collision with:  Vehicle in traffic,On Roadway,"Sideswipe, opposite direction",Crossed centerline (undivided),None Indicated,,Dark - roadway not lighted,Dry,Clear,None apparent,Non-intersection:  Non-junction/no special feature,Paved,,Minor Injury,0,1,0,1,0,0,5150,2,2,,POINT (-91.836908189758 41.455583819111)
2014816257,14-31987,09/07/2014,09-September,1-Sunday,20:27,2000 Hours,District 5 (Southeast),,DES MOINES,US 61,US 61 & 198TH ST,Collision with:  Vehicle in traffic,On Roadway,Unknown,Other (explain in narrative):  Other,None Indicated,,Dark - roadway not lighted,Dry,Clear,None apparent,Non-intersection:  Non-junction/no special feature,Paved,,Possible/Unknown,0,2,0,0,0,2,2000,2,2,,POINT (-91.170133201335 40.968314382516)
2014815574,14-5877,09/07/2014,09-September,1-Sunday,15:01,1500 Hours,District 1 (Central),GRIMES,POLK,,E 1ST ST & SE DESTINATION DR,Collision with:  Other non-fixed object (explain in narrative),On Roadway,"Sideswipe, same direction",Made improper turn,None Indicated,,Daylight,Dry,Clear,None apparent,Non-intersection:  Non-junction/no special feature,Paved,,Property Damage Only,0,0,0,0,0,0,6000,2,5,,POINT (-93.769027002262 41.688379865421)
2014815582,20140026434,09/07/2014,09-September,1-Sunday,13:15,1300 Hours,District 1 (Central),DES MOINES,POLK,,WEDGEWOOD RD & E 26TH ST,Collision with:  Vehicle in traffic,On Roadway,"Sideswipe, same direction",FTYROW:  From stop sign,None Indicated,,Daylight,Dry,Clear,None apparent,Non-intersection:  Driveway access (within),Paved,,Property Damage Only,0,0,0,0,0,0,2500,2,2,,POINT (-93.56658801784 41.626443085517)
2014819644,14015628,09/07/2014,09-September,1-Sunday,03:00,0300 Hours,District 2 (Northeast),MASON CITY,CERRO GORDO,,S HARRISON AVE,Collision with:  Parked motor vehicle,On Roadway,Rear-end (front to rear),Unknown,None Indicated,,Dark - roadway not lighted,Dry,Clear,None apparent,Non-intersection:  Non-junction/no special feature,Unpaved,,Property Damage Only,0,0,0,0,0,0,1500,2,1,,POINT (-93.214070243636 43.142989735145)
2014815809,14013371,09/07/2014,09-September,1-Sunday,02:30,0200 Hours,District 6 (East Central),TIPTON,CEDAR,,Co Rd X46/SNAGGY RIDGE RD,Non-collision events:  Overturn/rollover,On Roadway,Non-collision (single vehicle),Swerving/Evasive Action,None Indicated,,Dark - roadway not lighted,"Mud, dirt",Clear,None apparent,Non-intersection:  Non-junction/no special feature,Unpaved,,Property Damage Only,0,0,0,0,0,0,1550,1,1,,POINT (-91.176191703558 41.731807263008)
2014815585,20140026457,09/07/2014,09-September,1-Sunday,14:00,1400 Hours,District 1 (Central),DES MOINES,POLK,IA 163,IA 163/E UNIVERSITY AVE & E 35TH CT,Collision with:  Vehicle in traffic,Outside trafficway,"Sideswipe, opposite direction",Unknown,None Indicated,,Daylight,Dry,Cloudy,None apparent,Non-intersection:  Non-junction/no special feature,Paved,,Property Damage Only,0,0,0,0,0,0,1500,2,777,,POINT (-93.54676618777 41.600616276031)
2014819400,2014-63015,09/07/2014,09-September,1-Sunday,02:39,0200 Hours,District 6 (East Central),DAVENPORT,SCOTT,,E 53RD ST & UTICA RIDGE RD,Collision with fixed object:  Other fixed object (explain in narrative),Shoulder,Non-collision (single vehicle),Ran off road - right,None Indicated,,Dark - roadway lighted,Dry,Clear,None apparent,Non-intersection:  Non-junction/no special feature,Paved,,Property Damage Only,0,0,0,0,0,0,5000,1,1,,POINT (-90.513376500316 41.574919231094)
2014815734,14-038058,09/07/2014,09-September,1-Sunday,12:00,1200 Hours,District 4 (Southwest),COUNCIL BLUFFS,POTTAWATTAMIE,,DILLMAN DR,Collision with:  Parked motor vehicle,On Roadway,Unknown,Unknown,None Indicated,,Daylight,Dry,Clear,None apparent,Non-intersection:  Non-junction/no special feature,Paved,,Property Damage Only,0,0,0,0,0,0,2000,2,1,,POINT (-95.826844961027 41.274927659255)
2014816180,14-23632,09/07/2014,09-September,1-Sunday,01:17,0100 Hours,District 1 (Central),MITCHELLVILLE,JASPER,,W 148TH ST S & NE 44TH AVE,Collision with fixed object:  Ditch,On Roadway,Non-collision (single vehicle),Ran Stop Sign,None Indicated,,Dark - roadway not lighted,Dry,Clear,None apparent,Intersection:  T-intersection,Paved,,Possible/Unknown,0,1,0,0,0,1,2000,1,2,,POINT (-93.348575135868 41.640722647438)
2014818834,2014-5275,09/07/2014,09-September,1-Sunday,18:37,1800 Hours,District 1 (Central),,HARDIN,,Co Rd S33/K AVE,Collision with:  Animal,,,Animal,None Indicated,,,,,,,Paved,,Property Damage Only,0,0,0,0,0,0,5000,1,1,,POINT (-93.290190321572 42.336100977272)
2014821728,2014-63002,09/07/2014,09-September,1-Sunday,02:22,0200 Hours,District 6 (East Central),DAVENPORT,SCOTT,,VOLQUARDSEN AVE,Collision with:  Vehicle in traffic,On Roadway,"Sideswipe, opposite direction",Lost Control,Refused,,Dark - roadway lighted,Dry,Clear,None apparent,Non-intersection:  Non-junction/no special feature,Paved,,Possible/Unknown,0,1,0,0,1,0,2500,2,1,,POINT (-90.606507838917 41.592486838668)
2014816356,14-6171,09/07/2014,09-September,1-Sunday,00:56,0000 Hours,District 2 (Northeast),LAKOTA,KOSSUTH,,3RD ST & BREWER ST,Collision with:  Parked motor vehicle,On Roadway,Head-on (front to front),Improper Backing,Alcohol (Statutory),,Unknown,Dry,Clear,None apparent,Non-intersection:  Non-junction/no special feature,Paved,,Property Damage Only,0,0,0,0,0,0,2500,2,1,,POINT (-94.093562305829 43.378296212183)
2014815995,14-23731,09/08/2014,09-September,2-Monday,06:13,0600 Hours,District 1 (Central),,JASPER,,Co Rd S74/HWY S-74 S,Collision with:  Animal,,,Animal,None Indicated,,,,,,,Paved,,Property Damage Only,0,0,0,0,0,0,2000,1,1,,POINT (-93.039118264911 41.677264307147)
2014815812,14-13783,09/08/2014,09-September,2-Monday,11:41,1100 Hours,District 3 (Northwest),SPENCER,CLAY,US 71,US 71/11TH AVE SW & 13TH ST SW,Collision with:  Vehicle in traffic,On Roadway,Broadside (front to side),Ran Stop Sign,None Indicated,,Daylight,Wet,Rain,None apparent,Non-intersection:  Driveway access (within),Paved,,Property Damage Only,0,0,0,0,0,0,3300,2,5,,POINT (-95.160775802031 43.124521118901)
2014815988,14006219,09/08/2014,09-September,2-Monday,18:23,1800 Hours,District 2 (Northeast),ALGONA,KOSSUTH,,E STATE ST & N ROAN ST,Collision with:  Vehicle in traffic,On Roadway,Broadside (front to side),FTYROW:  From stop sign,None Indicated,,Daylight,Dry,Cloudy,None apparent,Intersection:  Four-way intersection,Paved,,Property Damage Only,0,0,0,0,0,0,3200,2,2,,POINT (-94.220437340981 43.068982879831)
2014815947,14-29610,09/08/2014,09-September,2-Monday,07:28,0700 Hours,District 3 (Northwest),SIOUX CITY,WOODBURY,IA 12,IA 12/GORDON DR & S MARTHA ST,Collision with:  Vehicle in traffic,On Roadway,Rear-end (front to rear),Lost Control,None Indicated,,Daylight,Wet,Rain,None apparent,Intersection:  Four-way intersection,Paved,,Possible/Unknown,0,2,0,0,2,0,10000,2,2,,POINT (-96.36151855229 42.486389395157)
2014815924,14-0501,09/08/2014,09-September,2-Monday,12:45,1200 Hours,District 1 (Central),,WEBSTER,,NATIONAL AVE,Collision with fixed object:  Ditch,On Roadway,Non-collision (single vehicle),Ran off road - left,None Indicated,,Daylight,Wet,Rain,None apparent,Non-intersection:  Non-junction/no special feature,Paved,,Property Damage Only,0,0,0,0,0,0,2000,1,1,,POINT (-94.191949433091 42.538108649062)
2014816726,80-14-290,09/08/2014,09-September,2-Monday,07:46,0700 Hours,District 2 (Northeast),HUMBOLDT,HUMBOLDT,,1ST AVE N,Collision with:  Vehicle in traffic,On Roadway,"Sideswipe, same direction",Unknown,None Indicated,,Daylight,Dry,Cloudy,None apparent,Intersection:  Four-way intersection,Paved,,Property Damage Only,0,0,0,0,0,0,2700,2,3,,POINT (-94.214510144986 42.722277431182)
2014815948,14-23735,09/08/2014,09-September,2-Monday,07:30,0700 Hours,District 1 (Central),NEWTON,JASPER,,N 2ND AVE W,Collision with:  Vehicle in traffic,On Roadway,Head-on (front to front),FTYROW:  Making left turn,None Indicated,,Daylight,Dry,Clear,None apparent,Non-intersection:  Driveway access (within),Paved,,Property Damage Only,0,0,0,0,0,0,2100,2,2,,POINT (-93.061342524718 41.700430009125)
2014815976,14S01435,09/08/2014,09-September,2-Monday,12:15,1200 Hours,District 4 (Southwest),,UNION,,110TH ST,Non-collision events:  Overturn/rollover,Shoulder,Non-collision (single vehicle),FTYROW:  Other (explain in narrative),None Indicated,,Daylight,Dry,Clear,None apparent,Non-intersection:  Non-junction/no special feature,Unpaved,,Property Damage Only,0,0,0,0,0,0,15000,1,1,,POINT (-94.264629751941 41.143168603968)
2014816338,201403225,09/08/2014,09-September,2-Monday,13:30,1300 Hours,District 6 (East Central),,LINN,US 151,US 151/DUBUQUE RD,Collision with:  Vehicle in traffic,On Roadway,Rear-end (front to rear),Followed too close,None Indicated,,Daylight,Dry,Cloudy,None apparent,Non-intersection:  Non-junction/no special feature,Paved,,Property Damage Only,0,0,0,0,0,0,14100,2,2,,POINT (-91.486800985173 42.048429613058)
2014816105,20140026546,09/08/2014,09-September,2-Monday,17:35,1700 Hours,District 1 (Central),DES MOINES,POLK,I-235,I-235,Collision with:  Vehicle in traffic,On Roadway,Rear-end (front to rear),Lost Control,None Indicated,,Daylight,Wet,Rain,"Surface condition (e.g., wet, icy)",Non-intersection:  Other non-intersection (explain in narrative),Paved,,Property Damage Only,0,0,0,0,0,0,6000,2,2,,POINT (-93.617637730918 41.59559162487)
2014816104,20140026543,09/08/2014,09-September,2-Monday,17:12,1700 Hours,District 1 (Central),DES MOINES,POLK,US 69,US 69/E 14TH ST & E MADISON AVE,Collision with:  Vehicle in traffic,On Roadway,"Angle, oncoming left turn",FTYROW:  Making left turn,None Indicated,,Daylight,Wet,Rain,None apparent,Intersection:  Four-way intersection,Paved,,Property Damage Only,0,0,0,0,0,0,3000,2,2,,POINT (-93.600527699432 41.633170299949)
2014816455,2014-19550,09/08/2014,09-September,2-Monday,15:19,1500 Hours,District 5 (Southeast),INDIANOLA,WARREN,US 65,US 65/N JEFFERSON WAY,Collision with:  Vehicle in traffic,On Roadway,Rear-end (front to rear),Other (explain in narrative):  Other,None Indicated,,Daylight,Dry,Cloudy,Work Zone (roadway-related),Intersection:  Four-way intersection,Paved,Yes,Property Damage Only,0,0,0,0,0,0,3200,2,2,,POINT (-93.558623735699 41.380481077292)
2014818299,14-013804,09/08/2014,09-September,2-Monday,20:40,2000 Hours,District 3 (Northwest),SPENCER,CLAY,US 18,US 18/HIGHWAY BLVD,Collision with:  Animal,,,Animal,None Indicated,,,,,,,Paved,,Property Damage Only,0,0,0,0,0,0,1500,1,1,,POINT (-95.147477139039 43.168479142468)
2014815810,14013434,09/08/2014,09-September,2-Monday,17:42,1700 Hours,District 6 (East Central),,CEDAR,,130TH,Non-collision events:  Other non-collision (explain in narrative),On Roadway,Non-collision (single vehicle),Ran off road - right,None Indicated,,Daylight,"Mud, dirt",Clear,None apparent,Non-intersection:  Non-junction/no special feature,Unpaved,,Property Damage Only,0,0,0,0,0,0,5000,1,1,,POINT (-91.188799138025 41.903291358844)
2014815800,W14-090691,09/08/2014,09-September,2-Monday,17:10,1700 Hours,District 2 (Northeast),WATERLOO,BLACK HAWK,,E SAN MARNAN DR & HAWKEYE RD,Collision with:  Vehicle in traffic,On Roadway,Rear-end (front to rear),Followed too close,None Indicated,,Daylight,Dry,Clear,None apparent,Non-intersection:  Non-junction/no special feature,Paved,,Property Damage Only,0,0,0,0,0,0,2700,2,2,,POINT (-92.346733749173 42.457268856443)
2014816181,14-23722,09/08/2014,09-September,2-Monday,00:35,0000 Hours,District 1 (Central),COLFAX,JASPER,I-80,I-80,Collision with:  Animal,,,Animal,None Indicated,,,,,,,Paved,,Property Damage Only,0,0,0,0,0,0,2000,1,1,,POINT (-93.195541844473 41.696650148927)
2014815628,14-4456,09/08/2014,09-September,2-Monday,01:55,0100 Hours,District 1 (Central),WEST DES MOINES,POLK,,FULLER RD & GRAND AVE,Collision with fixed object:  Other fixed object (explain in narrative),Outside trafficway,Non-collision (single vehicle),Exceeded authorized speed,None Indicated,,Dark - roadway lighted,Dry,Clear,None apparent,Intersection:  Four-way intersection,Paved,,Property Damage Only,0,0,0,0,0,0,7000,1,1,,POINT (-93.736913067545 41.559166242813)
2014816451,14-004204,09/08/2014,09-September,2-Monday,10:50,1000 Hours,District 1 (Central),AMES,STORY,US 30,US 30/SE RAMP CURV/SW RAMP CURV & UNIVERSITY BLVD,Collision with:  Vehicle in traffic,On Roadway,"Angle, oncoming left turn",Ran Traffic Signal,None Indicated,,Daylight,Dry,Cloudy,None apparent,Intersection:  Other intersection (explain in narrative),Paved,,Possible/Unknown,0,2,0,0,2,0,4000,2,5,,POINT (-93.63947297372 42.002107694496)
2014821028,S79140295,09/08/2014,09-September,2-Monday,08:45,0800 Hours,District 1 (Central),,POWESHIEK,,Co Rd F46/EWART RD & 70TH ST,Non-collision events:  Overturn/rollover,On Roadway,Non-collision (single vehicle),Ran off road - left,None Indicated,,Daylight,Dry,Clear,None apparent,Non-intersection:  Non-junction/no special feature,Paved,,Minor Injury,0,1,0,1,0,0,50000,1,2,,POINT (-92.649693185856 41.658938946039)
2014816357,,09/08/2014,09-September,2-Monday,08:32,0800 Hours,District 6 (East Central),,JOHNSON,,Co Rd W46/ORVAL YODDER TURNPIKE,Non-collision events:  Overturn/rollover,On Roadway,Non-collision (single vehicle),Swerving/Evasive Action,None Indicated,,Daylight,Dry,Cloudy,None apparent,Non-intersection:  Non-junction/no special feature,Paved,,Possible/Unknown,0,1,0,0,1,0,1500,1,1,,POINT (-91.746367763723 41.584813095605)
2014816837,2014037580,09/08/2014,09-September,2-Monday,17:58,1700 Hours,District 6 (East Central),DUBUQUE,DUBUQUE,IA 32,IA 32/IA32 NW ARTERIAL & PENNSYLVANIA AVE,Collision with:  Vehicle in traffic,On Roadway,Rear-end (front to rear),Lost Control,None Indicated,,Daylight,Dry,Cloudy,None apparent,Non-intersection:  Non-junction/no special feature,Paved,,Possible/Unknown,0,1,0,0,1,0,600,2,3,,POINT (-90.740752968148 42.500969022354)
2014815974,14007862,09/08/2014,09-September,2-Monday,08:01,0800 Hours,District 6 (East Central),EDGEWOOD,DELAWARE,,E LINCOLN ST,Collision with:  Parked motor vehicle,Roadside,Rear-end (front to rear),Other (explain in narrative):  Vision obstructed,None Indicated,,Daylight,Dry,Clear,None apparent,Non-intersection:  Non-junction/no special feature,Paved,,Property Damage Only,0,0,0,0,0,0,3500,2,1,,POINT (-91.399122901192 42.643558392105)
2014815857,20140026549,09/08/2014,09-September,2-Monday,17:10,1700 Hours,District 1 (Central),DES MOINES,POLK,,FLEUR DR,Collision with:  Vehicle in traffic,On Roadway,Rear-end (front to rear),Followed too close,None Indicated,,Daylight,Wet,Cloudy,None apparent,Non-intersection:  Non-junction/no special feature,Paved,,Property Damage Only,0,0,0,0,0,0,2000,2,2,,POINT (-93.644893996676 41.575761122353)
2014815849,20140026523,09/08/2014,09-September,2-Monday,14:05,1400 Hours,District 1 (Central),DES MOINES,POLK,,UNIVERSITY AVE,Collision with:  Vehicle in traffic,On Roadway,Rear-end (front to rear),Other (explain in narrative):  Other,None Indicated,,Daylight,Dry,Cloudy,None apparent,Non-intersection:  Non-junction/no special feature,Paved,,Property Damage Only,0,0,0,0,0,0,7500,4,6,,POINT (-93.642103397583 41.600411563119)
2014820702,2014-69-AC,09/08/2014,09-September,2-Monday,07:30,0700 Hours,District 3 (Northwest),,DICKINSON,,230TH ST,Non-collision events:  Overturn/rollover,On Roadway,Non-collision (single vehicle),Ran off road - right,None Indicated,,Daylight,"Mud, dirt",Rain,None apparent,Non-intersection:  Non-junction/no special feature,Unpaved,,Property Damage Only,0,0,0,0,0,0,10000,1,1,,POINT (-95.358843151899 43.313280662189)
2014815835,14019129,09/08/2014,09-September,2-Monday,18:48,1800 Hours,District 6 (East Central),MARION,LINN,,BLAIRS FERRY RD & LINDALE DR,Collision with:  Vehicle in traffic,On Roadway,Broadside (front to side),Other (explain in narrative):  Other,None Indicated,,Dusk,Dry,Cloudy,None apparent,Intersection:  Four-way intersection,Paved,,Property Damage Only,0,0,0,0,0,0,3500,2,5,,POINT (-91.623668765729 42.032284280023)
2014816046,AC14-036,09/08/2014,09-September,2-Monday,18:30,1800 Hours,District 1 (Central),STORY CITY,STORY,,LAFAYETTE AVE,Collision with:  Vehicle in traffic,On Roadway,Rear-end (front to rear),Other (explain in narrative):  Other,None Indicated,,Daylight,Dry,Cloudy,None apparent,Non-intersection:  Non-junction/no special feature,Paved,,Property Damage Only,0,0,0,0,0,0,8900,2,777,,POINT (-93.592551876904 42.189441825647)
2014815796,W14-090518,09/08/2014,09-September,2-Monday,05:25,0500 Hours,District 2 (Northeast),WATERLOO,BLACK HAWK,,W ARLINGTON ST & LINCOLN ST,Collision with fixed object:  Utility pole/light support,On Roadway,Non-collision (single vehicle),Other (explain in narrative):  Other,Refused,,Dark - roadway lighted,Dry,Clear,None apparent,Non-intersection:  Alley,Paved,,Property Damage Only,0,0,0,0,0,0,3000,1,1,,POINT (-92.341410484907 42.518388085526)
2014817516,14-003240,09/08/2014,09-September,2-Monday,20:13,2000 Hours,District 5 (Southeast),OLLIE,KEOKUK,,Co Rd V67/280TH AVE,Collision with:  Animal,,,Animal,None Indicated,,,,,,,Paved,,Property Damage Only,0,0,0,0,0,0,3000,1,1,,POINT (-92.06053499069 41.263011239152)
2014817918,2014052428,09/08/2014,09-September,2-Monday,19:30,1900 Hours,District 2 (Northeast),,CLAYTON,IA 13,IA 13/IOWA 13 & 305TH ST,Collision with:  Animal,,,Animal,None Indicated,,,,,,,Paved,,Property Damage Only,0,0,0,0,0,0,1500,1,1,,POINT (-91.454047493183 42.78239982581)
2014819401,2014-63263,09/08/2014,09-September,2-Monday,02:30,0200 Hours,District 6 (East Central),DAVENPORT,SCOTT,,W 2ND ST & CEDAR ST,Collision with:  Parked motor vehicle,Roadside,Rear-end (front to rear),Lost Control,None Indicated,,Dark - roadway lighted,Dry,Clear,None apparent,Non-intersection:  Non-junction/no special feature,Paved,,Property Damage Only,0,0,0,0,0,0,2250,2,1,,POINT (-90.60722058827 41.521197937447)
2014815958,H14-90727,09/08/2014,09-September,2-Monday,19:10,1900 Hours,District 2 (Northeast),HUDSON,BLACK HAWK,US 63,US 63 & WATERLOO RD & E ELDORA RD,Collision with:  Vehicle in traffic,On Roadway,Broadside (front to side),FTYROW:  From stop sign,None Indicated,,Dusk,Dry,Cloudy,None apparent,Intersection:  Four-way intersection,Paved,,Property Damage Only,0,0,0,0,0,0,7500,2,2,,POINT (-92.450632007803 42.40886660561)
2014815821,14135697,09/08/2014,09-September,2-Monday,09:55,0900 Hours,District 6 (East Central),,JOHNSON,,Co Rd F46/IWV RD & Co Rd W38/BLACK HAWK AVE,Collision with:  Vehicle in traffic,On Roadway,Broadside (front to side),FTYROW:  From stop sign,None Indicated,,Daylight,Dry,Clear,None apparent,Intersection:  Other intersection (explain in narrative),Paved,,Property Damage Only,0,0,0,0,0,0,7000,2,2,,POINT (-91.804008336629 41.658411162239)
2014815841,14-5909,09/08/2014,09-September,2-Monday,16:14,1600 Hours,District 1 (Central),DES MOINES,POLK,,E 44TH ST,Collision with:  Vehicle in traffic,On Roadway,Rear-end (front to rear),Driving too fast for conditions,None Indicated,,Daylight,Wet,Rain,None apparent,Intersection:  Four-way intersection,Paved,,Property Damage Only,0,0,0,0,0,0,4000,3,3,,POINT (-93.525897525971 41.637454088436)
2014816550,,09/08/2014,09-September,2-Monday,07:25,0700 Hours,District 6 (East Central),CEDAR RAPIDS,LINN,US 30,US 30/LINCOLN FWY,Collision with:  Vehicle in traffic,On Roadway,Rear-end (front to rear),Unknown,None Indicated,,Daylight,Dry,Clear,,Non-intersection:  Non-junction/no special feature,Paved,,Property Damage Only,0,0,0,0,0,0,6000,2,2,,POINT (-91.67576732658 41.927071586666)
2014816754,01-14-037564,09/08/2014,09-September,2-Monday,12:05,1200 Hours,District 6 (East Central),DUBUQUE,DUBUQUE,,CHANEY RD,Collision with:  Vehicle in traffic,On Roadway,Rear-end (front to rear),Lost Control,None Indicated,,Daylight,Dry,Cloudy,None apparent,Non-intersection:  Non-junction/no special feature,Paved,,Property Damage Only,0,0,0,0,0,0,3300,2,3,,POINT (-90.707477671962 42.509042975921)
2014815946,14-29608,09/08/2014,09-September,2-Monday,07:16,0700 Hours,District 3 (Northwest),SIOUX CITY,WOODBURY,I-29,I-29,Collision with fixed object:  Concrete traffic barrier (median or right side),On Roadway,Non-collision (single vehicle),Unknown,None Indicated,,Daylight,Water (standing or moving),Rain,Work Zone (roadway-related),Non-intersection:  Non-junction/no special feature,Paved,Yes,Minor Injury,0,1,0,1,0,0,1500,1,2,,POINT (-96.381468473428 42.46942264749)
2014815852,20140026536,09/08/2014,09-September,2-Monday,16:43,1600 Hours,District 1 (Central),DES MOINES,POLK,,E ARMY POST RD & SHOREVIEW CIR,Collision with:  Vehicle in traffic,On Roadway,Rear-end (front to rear),Other (explain in narrative):  Other,None Indicated,,Daylight,Wet,Rain,"Surface condition (e.g., wet, icy)",Non-intersection:  Non-junction/no special feature,Paved,,Property Damage Only,0,0,0,0,0,0,6000,2,3,,POINT (-93.562690701325 41.52604004438)
2014817050,2014052447,09/08/2014,09-September,2-Monday,22:24,2200 Hours,District 6 (East Central),,IOWA,US 151,US 151/W AVE & Co Rd F12/110TH ST,Collision with:  Vehicle in traffic,On Roadway,Broadside (front to side),Ran Stop Sign,None Indicated,,Dark - roadway not lighted,Dry,Clear,None apparent,Intersection:  Four-way intersection,Paved,,Major Injury,0,1,1,0,0,0,25000,2,2,,POINT (-91.869999096627 41.846664721451)
2014816676,14-004211,09/08/2014,09-September,2-Monday,16:04,1600 Hours,District 1 (Central),AMES,STORY,US 30,US 30/NE RAMP CURV,Collision with fixed object:  Other fixed object (explain in narrative),Gore,Non-collision (single vehicle),Other (explain in narrative):  Other,None Indicated,,Daylight,Wet,Cloudy,None apparent,Interchange-related:  Off-ramp,Paved,,Property Damage Only,0,0,0,0,0,0,1500,1,1,,POINT (-93.677659660119 42.009445141756)
2014815836,14019123,09/08/2014,09-September,2-Monday,17:14,1700 Hours,District 6 (East Central),MARION,LINN,,10TH AVE,Collision with:  Vehicle in traffic,On Roadway,Rear-end (front to rear),Followed too close,None Indicated,,Daylight,Dry,Cloudy,None apparent,Intersection:  Four-way intersection,Paved,,Possible/Unknown,0,1,0,0,1,0,5000,2,2,,POINT (-91.553462899202 42.035761853824)
2014850979,14007297,09/08/2014,09-September,2-Monday,21:55,2100 Hours,District 5 (Southeast),,LOUISA,,190TH ST,Collision with:  Animal,,,Animal,None Indicated,,,,,,,Unpaved,,Property Damage Only,0,0,0,0,0,0,2500,1,1,,POINT (-91.191269637198 41.334762452499)
2014815853,20140026540,09/08/2014,09-September,2-Monday,16:45,1600 Hours,District 1 (Central),DES MOINES,POLK,,HUBBELL AVE & E 33RD ST,Collision with:  Vehicle in traffic,On Roadway,Head-on (front to front),FTYROW:  Making left turn,None Indicated,,Daylight,Wet,Rain,None apparent,Intersection:  Four-way intersection,Paved,,Possible/Unknown,0,1,0,0,1,0,6000,2,2,,POINT (-93.551525996082 41.625489514646)
2014815919,14-001229,09/08/2014,09-September,2-Monday,14:30,1400 Hours,District 1 (Central),AMES,STORY,,13TH ST & STANGE RD,Collision with:  Vehicle in traffic,On Roadway,Broadside (front to side),Ran Traffic Signal,None Indicated,,Daylight,Wet,Rain,None apparent,Intersection:  Four-way intersection,Paved,,Possible/Unknown,0,1,0,0,0,1,11000,2,2,,POINT (-93.644762635066 42.035663633103)
2014818431,14-013920,09/08/2014,09-September,2-Monday,13:55,1300 Hours,District 2 (Northeast),CHARLES CITY,FLOYD,,MAIN ST,Collision with:  Parked motor vehicle,Outside trafficway,Rear-end (front to rear),Separation of units,None Indicated,,Daylight,Dry,Cloudy,None apparent,Non-intersection:  Non-junction/no special feature,Paved,,Property Damage Only,0,0,0,0,0,0,3000,2,1,,POINT (-92.679008152954 43.067188500824)
2014815707,CL14003207,09/08/2014,09-September,2-Monday,08:20,0800 Hours,District 6 (East Central),CLINTON,CLINTON,,S BLUFF BLVD & COLLEGE AVE,Collision with fixed object:  Utility pole/light support,On Roadway,Non-collision (single vehicle),Other (explain in narrative):  Other,Alcohol (< Statutory),,Daylight,Dry,Cloudy,None apparent,Non-intersection:  Non-junction/no special feature,Paved,,Property Damage Only,0,0,0,0,0,0,3000,1,1,,POINT (-90.226660569574 41.832725095506)
2014822147,,09/08/2014,09-September,2-Monday,23:43,2300 Hours,District 2 (Northeast),CLEAR LAKE,CERRO GORDO,,9TH AVE S & S 8TH ST,Collision with fixed object:  Other fixed object (explain in narrative),Outside trafficway,Non-collision (single vehicle),"Operating vehicle in an reckless, erratic, careless, negligent manner",Refused,,Dark - roadway lighted,Dry,Cloudy,None apparent,Intersection:  T-intersection,Paved,,Property Damage Only,0,0,0,0,0,0,2200,1,1,,POINT (-93.378708846291 43.129587258988)