Iowa DOT Case Number,Law Enforcement Case Number,Date of Crash,Month of Crash,Day of Week,Time of Crash,Hour,DOT District,City Name,County Name,Route with System,Location Description,First Harmful Event,Location of First Harmful Event,Manner of Crash/Collision,Major Cause,Drug or Alcohol ,Environmental Conditions,Light Conditions,Surface Conditions,Weather Conditions,Roadway Contribution,Roadway Type,Roadway Surface,Work Zone,Crash Severity,Number of Fatalities,Number of Injuries,Number of Major Injuries,Number of Minor Injuries,Number of Possible Injuries,Number of Unknown Injuries,Amount of Property Damage,Number of Vehicles Involved,Total Number of Occupants,Travel Direction,Location
2014816224,14-7073PD,09/09/2014,09-September,3-Tuesday,07:34,0700 Hours,District 1 (Central),BOONE,BOONE,,PRAIRIE AVE,Collision with:  Parked motor vehicle,On Roadway,"Sideswipe, same direction",Improper Backing,None Indicated,,Daylight,Dry,Cloudy,None apparent,Non-intersection:  Non-junction/no special feature,Paved,,Property Damage Only,0,0,0,0,0,0,4000,2,1,,POINT (-93.880272410763 42.051985879929)
2014816733,14-012143,09/09/2014,09-September,3-Tuesday,20:20,2000 Hours,District 2 (Northeast),CLERMONT,FAYETTE,US 18,US 18/HARDING RD,Collision with:  Animal,,,Animal,None Indicated,,,,,,,Paved,,Property Damage Only,0,0,0,0,0,0,1500,1,1,,POINT (-91.698651775762 42.986281901201)
2014817078,,09/09/2014,09-September,3-Tuesday,08:00,0800 Hours,District 6 (East Central),CEDAR RAPIDS,LINN,IA 922,IA 922/1ST AVE W,Collision with:  Vehicle in traffic,On Roadway,Rear-end (front to rear),Unknown,None Indicated,,Daylight,Wet,Rain,,Non-intersection:  Non-junction/no special feature,Paved,,Property Damage Only,0,0,0,0,0,0,1500,2,2,,POINT (-91.68206197925 41.97338333031)
2014816215,14-4730,09/09/2014,09-September,3-Tuesday,19:30,1900 Hours,District 6 (East Central),HIAWATHA,LINN,,BLAIRS FERRY RD NE & CENTER POINT RD NE,Collision with:  Vehicle in traffic,On Roadway,Rear-end (front to rear),Swerving/Evasive Action,None Indicated,,Dark - roadway lighted,Wet,Rain,"Surface condition (e.g., wet, icy)",Non-intersection:  Non-junction/no special feature,Paved,,Minor Injury,0,2,0,1,1,0,1250,2,3,,POINT (-91.668302466931 42.034774280173)
2014815998,2014009961,09/09/2014,09-September,3-Tuesday,14:38,1400 Hours,District 6 (East Central),IOWA CITY,JOHNSON,,S SCOTT BLVD,Collision with:  Vehicle in traffic,On Roadway,Rear-end (front to rear),"Operating vehicle in an reckless, erratic, careless, negligent manner",None Indicated,,Daylight,Dry,Cloudy,None apparent,Non-intersection:  Driveway access (within),Paved,,Property Damage Only,0,0,0,0,0,0,5000,2,2,,POINT (-91.482872059862 41.648892063333)
2014817530,14-028073,09/09/2014,09-September,3-Tuesday,08:16,0800 Hours,District 5 (Southeast),,LEE,,180 ST,Non-collision events:  Overturn/rollover,On Roadway,Non-collision (single vehicle),Ran off road - right,None Indicated,,Daylight,Wet,Rain,None apparent,Non-intersection:  Non-junction/no special feature,Unpaved,,Property Damage Only,0,0,0,0,0,0,20000,1,1,,POINT (-91.232219626728 40.69583143793)
2014817399,CL14003286,09/09/2014,09-September,3-Tuesday,07:45,0700 Hours,District 6 (East Central),CLINTON,CLINTON,,8TH AVE S,Collision with:  Non-motorist (see non-motorist section - NOT a unit),On Roadway,Non-collision (single vehicle),FTYROW:  To pedestrian,None Indicated,,Daylight,Wet,Rain,None apparent,Non-intersection:  Driveway access (within),Paved,,Minor Injury,0,1,0,1,0,0,0,1,1,,POINT (-90.204596520659 41.837512220379)
2014816115,20140026694,09/09/2014,09-September,3-Tuesday,20:40,2000 Hours,District 1 (Central),DES MOINES,POLK,,ROSE AVE,Collision with:  Parked motor vehicle,On Roadway,Unknown,Illegally Parked/Unattended,None Indicated,,Dark - roadway lighted,Wet,Cloudy,None apparent,Non-intersection:  Non-junction/no special feature,Paved,,Property Damage Only,0,0,0,0,0,0,1500,2,777,,POINT (-93.621064491204 41.549996349042)
2014817343,14-004231,09/09/2014,09-September,3-Tuesday,20:49,2000 Hours,District 1 (Central),AMES,STORY,,LINCOLN WAY & WELCH AVE & WELCH RD,Collision with:  Vehicle in traffic,On Roadway,"Angle, oncoming left turn",FTYROW:  Making left turn,None Indicated,,Dark - roadway lighted,Wet,Rain,"Surface condition (e.g., wet, icy)",Intersection:  Four-way intersection,Paved,,Minor Injury,0,1,0,1,0,0,8000,2,3,,POINT (-93.650116122634 42.022763059602)
2014824741,1409-064,09/09/2014,09-September,3-Tuesday,08:00,0800 Hours,District 3 (Northwest),,OSCEOLA,US 59,US 59 & Co Rd A30/180TH ST,Collision with:  Vehicle in traffic,On Roadway,Broadside (front to side),Ran Stop Sign,None Indicated,,Daylight,Dry,"Fog, smoke, smog",None apparent,Intersection:  Four-way intersection,Paved,,Minor Injury,0,2,0,1,1,0,17000,2,2,,POINT (-95.64288673721 43.389227641348)
2014816273,14-022486,09/09/2014,09-September,3-Tuesday,19:58,1900 Hours,District 5 (Southeast),,MARION,IA 14,IA 14/IOWA 14,Non-collision events:  Other non-collision (explain in narrative),On Roadway,Non-collision (single vehicle),Driving too fast for conditions,None Indicated,,Dark - roadway not lighted,Wet,Rain,None apparent,Non-intersection:  Non-junction/no special feature,Paved,,Possible/Unknown,0,1,0,0,1,0,5000,1,1,,POINT (-93.122977560403 41.252699396814)
2014816169,14-29745,09/09/2014,09-September,3-Tuesday,11:07,1100 Hours,District 3 (Northwest),SIOUX CITY,WOODBURY,,W 7TH ST & PERRY ST & WESLEY PKWY,Collision with:  Vehicle in traffic,On Roadway,"Angle, oncoming left turn",FTYROW:  Making left turn,None Indicated,,Daylight,Dry,Clear,None apparent,Intersection:  Four-way intersection,Paved,,Minor Injury,0,2,0,1,0,1,10200,3,4,,POINT (-96.409751778828 42.499054955254)
2014817254,201403235,09/09/2014,09-September,3-Tuesday,07:48,0700 Hours,District 6 (East Central),MARION,LINN,,ALBURNETT RD & W WILLIAMS DR,Collision with:  Vehicle in traffic,On Roadway,Head-on (front to front),Crossed centerline (undivided),None Indicated,,Daylight,Wet,Cloudy,None apparent,Intersection:  T-intersection,Paved,,Minor Injury,0,2,0,2,0,0,14500,2,5,,POINT (-91.618997778453 42.065002153564)
2014816404,14015793,09/09/2014,09-September,3-Tuesday,17:20,1700 Hours,District 2 (Northeast),MASON CITY,CERRO GORDO,,S EISENHOWER AVE & FRONTAGE RD SW,Collision with:  Vehicle in traffic,On Roadway,"Angle, oncoming left turn",FTYROW:  From stop sign,None Indicated,,Daylight,Dry,Cloudy,None apparent,Intersection:  Other intersection (explain in narrative),Paved,,Possible/Unknown,0,1,0,0,1,0,5000,2,3,,POINT (-93.260609183071 43.147350605075)
2014816124,14-4485,09/09/2014,09-September,3-Tuesday,15:53,1500 Hours,District 4 (Southwest),WEST DES MOINES,DALLAS,I-80,I-80 & JORDAN CREEK PKWY,Collision with:  Vehicle in traffic,On Roadway,"Sideswipe, same direction",Ran Traffic Signal,None Indicated,,Daylight,Wet,Rain,None apparent,Intersection:  Intersection with ramp,Paved,,Property Damage Only,0,0,0,0,0,0,2300,2,2,,POINT (-93.808980368993 41.593314566958)
2014816200,SA1407518,09/09/2014,09-September,3-Tuesday,12:44,1200 Hours,District 5 (Southeast),,WASHINGTON,US 218,US 218,Non-collision events:  Overturn/rollover,On Roadway,Non-collision (single vehicle),Swerving/Evasive Action,None Indicated,,Daylight,Dry,Cloudy,None apparent,Non-intersection:  Other non-intersection (explain in narrative),Paved,,Minor Injury,0,1,0,1,0,0,15000,1,1,,POINT (-91.537688443332 41.272761589533)
2014817185,2014-63592,09/09/2014,09-September,3-Tuesday,17:06,1700 Hours,District 6 (East Central),DAVENPORT,SCOTT,,IA 461/BRADY ST,Collision with:  Vehicle in traffic,On Roadway,Rear-end (front to rear),Other (explain in narrative):  Other,None Indicated,,Daylight,Dry,Cloudy,None apparent,Non-intersection:  Non-junction/no special feature,Paved,,Property Damage Only,0,0,0,0,0,0,4500,2,3,,POINT (-90.569222691744 41.573250132456)
2014816129,14-002087,09/09/2014,09-September,3-Tuesday,15:45,1500 Hours,District 1 (Central),ALTOONA,POLK,,8TH ST SW & 34TH AVE SW,Collision with:  Vehicle in traffic,On Roadway,Broadside (front to side),FTYROW:  Making left turn,None Indicated,,Daylight,Wet,Rain,None apparent,Intersection:  Four-way intersection,Paved,,Property Damage Only,0,0,0,0,0,0,4000,2,4,,POINT (-93.503136346757 41.64409518883)
2014815811,14-013795,09/09/2014,09-September,3-Tuesday,18:07,1800 Hours,District 3 (Northwest),SPENCER,CLAY,,E 10TH ST & 6TH AVE E,Collision with:  Vehicle in traffic,On Roadway,Broadside (front to side),FTYROW:  At uncontrolled intersection,None Indicated,,Daylight,Dry,Clear,None apparent,Non-intersection:  Non-junction/no special feature,Paved,,Property Damage Only,0,0,0,0,0,0,5500,2,2,,POINT (-95.136900889507 43.148111138968)
2014817184,2014-63529,09/09/2014,09-September,3-Tuesday,11:34,1100 Hours,District 6 (East Central),DAVENPORT,SCOTT,US 6,US 6/E KIMBERLY RD & BRIDGE AVE,Non-collision events:  Other non-collision (explain in narrative),On Roadway,"Sideswipe, same direction",Swerving/Evasive Action,None Indicated,,Daylight,Dry,Cloudy,None apparent,Intersection:  Four-way intersection,Paved,,Possible/Unknown,0,2,0,0,2,0,6000,3,4,,POINT (-90.557090189382 41.556889480335)
2014816116,20140026705,09/09/2014,09-September,3-Tuesday,23:07,2300 Hours,District 1 (Central),DES MOINES,POLK,I-235,I-235,Collision with fixed object:  Curb/island/raised median,On Roadway,Non-collision (single vehicle),Driving too fast for conditions,None Indicated,,Dark - roadway not lighted,Wet,Rain,None apparent,"Interchange-related:  Off-ramp, diverge area",Paved,,Property Damage Only,0,0,0,0,0,0,1500,1,1,,POINT (-93.700533414947 41.592900621706)
2014817180,2014-63475,09/09/2014,09-September,3-Tuesday,07:58,0700 Hours,District 6 (East Central),DAVENPORT,SCOTT,US 67,US 67/E RIVER DR,Collision with:  Vehicle in traffic,On Roadway,Rear-end (front to rear),Lost Control,None Indicated,,Daylight,Wet,Rain,None apparent,Non-intersection:  Non-junction/no special feature,Paved,,Property Damage Only,0,0,0,0,0,0,9000,2,2,,POINT (-90.566162141317 41.522191178334)
2014816094,14-5931,09/09/2014,09-September,3-Tuesday,12:50,1200 Hours,District 1 (Central),,POLK,,NE 15TH ST & NE 51ST AVE,Collision with:  Vehicle in traffic,On Roadway,Broadside (front to side),FTYROW:  At uncontrolled intersection,None Indicated,,Daylight,Dry,Cloudy,None apparent,Intersection:  Four-way intersection,Paved,,Possible/Unknown,0,1,0,0,1,0,22500,2,2,,POINT (-93.599212083686 41.653155069667)
2014816818,2014-037622,09/09/2014,09-September,3-Tuesday,23:53,2300 Hours,District 6 (East Central),DUBUQUE,DUBUQUE,,JONES ST & BLUFF ST,Collision with fixed object:  Utility pole/light support,On Roadway,Non-collision (single vehicle),Ran off road - right,Alcohol (Statutory),,Dark - roadway lighted,Wet,Rain,None apparent,Non-intersection:  Non-junction/no special feature,Paved,,Property Damage Only,0,0,0,0,0,0,11025,1,1,,POINT (-90.666443687437 42.493788001913)
2014816327,14-17503,09/09/2014,09-September,3-Tuesday,15:09,1500 Hours,District 2 (Northeast),,BREMER,US 63,US 63,Collision with:  Vehicle in traffic,On Roadway,Rear-end (front to rear),Followed too close,None Indicated,,Daylight,Dry,Clear,None apparent,Non-intersection:  Non-junction/no special feature,Paved,,Property Damage Only,0,0,0,0,0,0,2500,2,3,,POINT (-92.33667257577 42.751723280756)
2014816680,14-004247,09/09/2014,09-September,3-Tuesday,14:51,1400 Hours,District 1 (Central),AMES,STORY,US 69,US 69/LINCOLN WAY & CLARK AVE & S WALNUT ST,Collision with:  Vehicle in traffic,On Roadway,"Angle, oncoming left turn",FTYROW:  Making left turn,None Indicated,,Daylight,Wet,Rain,None apparent,Intersection:  Four-way intersection,Paved,,Property Damage Only,0,0,0,0,0,0,2500,2,2,,POINT (-93.616876268892 42.022910487938)
2014817179,2014-63473,09/09/2014,09-September,3-Tuesday,07:56,0700 Hours,District 6 (East Central),DAVENPORT,SCOTT,,W 4TH ST & RIPLEY ST,Collision with:  Vehicle in traffic,On Roadway,"Sideswipe, same direction",Made improper turn,None Indicated,,Daylight,Wet,Cloudy,None apparent,Non-intersection:  Non-junction/no special feature,Paved,,Property Damage Only,0,0,0,0,0,0,5500,2,2,,POINT (-90.578503389042 41.523541624014)
2014816551,,09/09/2014,09-September,3-Tuesday,08:00,0800 Hours,District 6 (East Central),CEDAR RAPIDS,LINN,,QUARRY AVE SW & C ST SW,Collision with:  Vehicle in traffic,On Roadway,Rear-end (front to rear),Unknown,None Indicated,,Daylight,Wet,Cloudy,,Non-intersection:  Non-junction/no special feature,Paved,,Property Damage Only,0,0,0,0,0,0,3000,2,2,,POINT (-91.645890087259 41.954012735368)
2014817529,14-028061,09/09/2014,09-September,3-Tuesday,04:53,0400 Hours,District 5 (Southeast),,LEE,US 218,US 218,Collision with:  Animal,,,Animal,None Indicated,,,,,,,Paved,,Property Damage Only,0,0,0,0,0,0,2500,1,1,,POINT (-91.528709355502 40.586495675914)
2014822190,14-08694,09/09/2014,09-September,3-Tuesday,11:35,1100 Hours,District 5 (Southeast),MOUNT PLEASANT,HENRY,,E WASHINGTON ST & S GRAND AVE,Collision with fixed object:  Traffic sign support,Median,Non-collision (single vehicle),Made improper turn,None Indicated,,Daylight,Dry,Cloudy,None apparent,Intersection:  Four-way intersection,Paved,,Property Damage Only,0,0,0,0,0,0,3000,1,1,,POINT (-91.539344404015 40.964045341147)
2014817020,14090945,09/09/2014,09-September,3-Tuesday,13:54,1300 Hours,District 2 (Northeast),CEDAR FALLS,BLACK HAWK,,UNIVERSITY AVE & COLLEGE ST,Collision with:  Vehicle in traffic,On Roadway,Rear-end (front to rear),Other (explain in narrative):  Other,None Indicated,,Daylight,Dry,Cloudy,None apparent,Non-intersection:  Non-junction/no special feature,Paved,,Property Damage Only,0,0,0,0,0,0,1500,2,4,,POINT (-92.455843415827 42.513053753681)
2014816162,14-2782,09/09/2014,09-September,3-Tuesday,05:50,0500 Hours,District 1 (Central),FORT DODGE,WEBSTER,,5TH AVE S & S 18TH ST,Collision with:  Vehicle in traffic,On Roadway,Broadside (front to side),Other (explain in narrative):  Other,None Indicated,,Daylight,Wet,Rain,None apparent,Non-intersection:  Non-junction/no special feature,Paved,,Minor Injury,0,2,0,2,0,0,7000,2,4,,POINT (-94.173525225656 42.501060335956)
2014823868,,09/09/2014,09-September,3-Tuesday,15:52,1500 Hours,District 2 (Northeast),DECORAH,WINNESHIEK,,W BROADWAY ST & RIVER ST,Collision with:  Vehicle in traffic,On Roadway,Broadside (front to side),FTYROW:  From stop sign,None Indicated,,Daylight,Dry,Cloudy,None apparent,Intersection:  Four-way intersection,Paved,,Property Damage Only,0,0,0,0,0,0,5000,2,2,,POINT (-91.789686616249 43.302356299478)
2014818092,201400044452,09/09/2014,09-September,3-Tuesday,16:25,1600 Hours,District 5 (Southeast),OTTUMWA,WAPELLO,,VANNESS AVE & N ELM ST,Collision with:  Vehicle in traffic,On Roadway,Rear-end (front to rear),Followed too close,None Indicated,,Daylight,Wet,Cloudy,None apparent,Non-intersection:  Non-junction/no special feature,Paved,,Property Damage Only,0,0,0,0,0,0,6000,2,2,,POINT (-92.397254362005 41.036483014128)
2014817426,,09/09/2014,09-September,3-Tuesday,06:15,0600 Hours,District 2 (Northeast),,WORTH,,CO 105,Collision with:  Animal,On Roadway,Non-collision (single vehicle),Animal,None Indicated,,Dawn,Dry,Clear,,Non-intersection:  Non-junction/no special feature,Paved,,Property Damage Only,0,0,0,0,0,0,2993,1,1,,POINT (-93.398294556614 43.422549789626)
2014816178,14-038356,09/09/2014,09-September,3-Tuesday,18:11,1800 Hours,District 5 (Southeast),MUSCATINE,MUSCATINE,,49TH ST S & 55TH AVE WEST,Collision with fixed object:  Utility pole/light support,On Roadway,Non-collision (single vehicle),Other (explain in narrative):  Other,None Indicated,,Daylight,Wet,Rain,None apparent,Intersection:  T-intersection,Paved,,Property Damage Only,0,0,0,0,0,0,25000,1,1,,POINT (-91.114411764655 41.370574600672)
2014816545,2014052483,09/09/2014,09-September,3-Tuesday,07:46,0700 Hours,District 1 (Central),,WEBSTER,US 20,US 20/NE RAMP CURV/NW RAMP CURV & US 169,Collision with:  Vehicle in traffic,On Roadway,Rear-end (front to rear),Other (explain in narrative):  Other,None Indicated,,Daylight,Dry,Clear,None apparent,Intersection:  Intersection with ramp,Paved,,Property Damage Only,0,0,0,0,0,0,3500,2,2,,POINT (-94.184222070085 42.446168324602)
2014816422,20140026639,09/09/2014,09-September,3-Tuesday,13:46,1300 Hours,District 1 (Central),DES MOINES,POLK,,FRANCIS AVE & 62ND ST,Collision with fixed object:  Tree,Outside trafficway,Non-collision (single vehicle),Ran off road - left,None Indicated,,Daylight,Dry,Cloudy,None apparent,Intersection:  T-intersection,Paved,,Property Damage Only,0,0,0,0,0,0,5000,1,1,,POINT (-93.702567489918 41.613397627615)
2014816817,2014-037591,09/09/2014,09-September,3-Tuesday,07:13,0700 Hours,District 6 (East Central),DUBUQUE,DUBUQUE,,PENNSYLVANIA AVE,Collision with:  Vehicle in traffic,On Roadway,Rear-end (front to rear),Lost Control,None Indicated,,Daylight,Wet,Rain,None apparent,Non-intersection:  Non-junction/no special feature,Paved,,Possible/Unknown,0,1,0,0,1,0,11300,4,4,,POINT (-90.735110151127 42.501532984667)
2014816100,20140026626,09/09/2014,09-September,3-Tuesday,11:26,1100 Hours,District 1 (Central),DES MOINES,POLK,,5TH AVE,Collision with fixed object:  Bridge overhead structure,On Roadway,Non-collision (single vehicle),Made improper turn,None Indicated,,Daylight,Dry,Cloudy,None apparent,Intersection:  Four-way intersection,Paved,,Possible/Unknown,0,1,0,0,1,0,5000,1,1,,POINT (-93.624614687038 41.594923424576)
2014816122,20140026668,09/09/2014,09-September,3-Tuesday,16:59,1600 Hours,District 1 (Central),DES MOINES,POLK,US 69,US 69/E 14TH ST & E WASHINGTON AVE,Collision with:  Vehicle in traffic,On Roadway,Rear-end (front to rear),Ran Traffic Signal,None Indicated,,Daylight,Wet,Rain,"Surface condition (e.g., wet, icy)",Intersection:  Four-way intersection,Paved,,Property Damage Only,0,0,0,0,0,0,2100,2,3,,POINT (-93.600531610922 41.607715916208)
2014816095,14-5932,09/09/2014,09-September,3-Tuesday,14:26,1400 Hours,District 1 (Central),DES MOINES,POLK,,E BROADWAY AVE,Collision with:  Vehicle in traffic,On Roadway,Broadside (front to side),Ran Traffic Signal,None Indicated,,Daylight,Wet,Rain,None apparent,Intersection:  Four-way intersection,Paved,,Property Damage Only,0,0,0,0,0,0,6100,2,2,,POINT (-93.517594460952 41.644157094692)
2014816412,201413364,09/09/2014,09-September,3-Tuesday,20:33,2000 Hours,District 6 (East Central),CEDAR RAPIDS,LINN,,BLAIRS FERRY RD NE & COUNCIL ST NE,Collision with:  Vehicle in traffic,On Roadway,"Angle, oncoming left turn",FTYROW:  Making left turn,None Indicated,,Dark - roadway lighted,Wet,Rain,None apparent,Intersection:  Four-way intersection,Paved,,Property Damage Only,0,0,0,0,0,0,6000,2,5,,POINT (-91.658313538715 42.035252351199)
2014816279,14-003858,09/09/2014,09-September,3-Tuesday,12:37,1200 Hours,District 1 (Central),ANKENY,POLK,,NE 9TH ST & NE GRANT ST,Collision with:  Vehicle in traffic,On Roadway,Broadside (front to side),Ran Stop Sign,None Indicated,,Daylight,Dry,Cloudy,None apparent,Intersection:  Four-way intersection,Paved,,Possible/Unknown,0,1,0,0,1,0,14000,3,3,,POINT (-93.598491078748 41.738663118973)
2014817178,2014-63469,09/09/2014,09-September,3-Tuesday,07:18,0700 Hours,District 6 (East Central),DAVENPORT,SCOTT,,E 53RD ST & AMESBURY DR,Collision with:  Vehicle in traffic,On Roadway,Broadside (front to side),FTYROW:  From stop sign,None Indicated,,Daylight,Wet,Rain,None apparent,Intersection:  T-intersection,Paved,,Possible/Unknown,0,1,0,0,1,0,20000,2,2,,POINT (-90.509451545131 41.57499634266)
2014816179,14-038369,09/09/2014,09-September,3-Tuesday,20:10,2000 Hours,District 5 (Southeast),MUSCATINE,MUSCATINE,,E 4TH ST & SYCAMORE ST,Collision with:  Vehicle in traffic,On Roadway,Broadside (front to side),FTYROW:  From stop sign,None Indicated,,Dark - roadway lighted,Wet,Rain,None apparent,Intersection:  Four-way intersection,Paved,,Property Damage Only,0,0,0,0,0,0,5000,2,4,,POINT (-91.046131907162 41.423503879088)
2014816174,14-29792,09/09/2014,09-September,3-Tuesday,17:07,1700 Hours,District 3 (Northwest),SIOUX CITY,WOODBURY,I-29,I-29,Collision with:  Vehicle in traffic,On Roadway,Rear-end (front to rear),Followed too close,None Indicated,,Daylight,Wet,Cloudy,Work Zone (roadway-related),Non-intersection:  Non-junction/no special feature,Paved,Yes,Property Damage Only,0,0,0,0,0,0,2000,2,2,,POINT (-96.380835392537 42.467379307397)
2014816300,14-29831,09/09/2014,09-September,3-Tuesday,22:29,2200 Hours,District 3 (Northwest),SIOUX CITY,WOODBURY,I-29,I-29,Collision with:  Vehicle in traffic,On Roadway,Rear-end (front to rear),Followed too close,None Indicated,,Dark - roadway lighted,Dry,Cloudy,Work Zone (roadway-related),"Interchange-related:  Off-ramp, diverge area",Paved,Yes,Property Damage Only,0,0,0,0,0,0,6000,2,4,,POINT (-96.400675073232 42.488528578067)
2014816197,14007877,09/09/2014,09-September,3-Tuesday,04:31,0400 Hours,District 6 (East Central),,DELAWARE,US 20,US 20,Collision with:  Vehicle in traffic,On Roadway,Rear-end (front to rear),Other (explain in narrative):  Other,None Indicated,,Dark - roadway not lighted,Wet,Rain,None apparent,Non-intersection:  Non-junction/no special feature,Paved,,Possible/Unknown,0,2,0,0,2,0,9000,2,2,,POINT (-91.30369650794 42.470964228225)
2014817182,2014-63489,09/09/2014,09-September,3-Tuesday,09:21,0900 Hours,District 6 (East Central),DAVENPORT,SCOTT,,N DIVISION ST & NORTHWEST BLVD & PROP W 61ST ST,Collision with:  Vehicle in traffic,On Roadway,Rear-end (front to rear),Driving too fast for conditions,None Indicated,,Daylight,Wet,Clear,None apparent,Non-intersection:  Non-junction/no special feature,Paved,,Property Damage Only,0,0,0,0,0,0,6000,2,4,,POINT (-90.600224951976 41.583646640632)
2014827942,2014052620,09/09/2014,09-September,3-Tuesday,14:10,1400 Hours,District 4 (Southwest),,DALLAS,I-80,I-80,Collision with:  Vehicle in traffic,On Roadway,"Sideswipe, same direction",Unknown,None Indicated,,Daylight,Wet,Rain,None apparent,Non-intersection:  Non-junction/no special feature,Paved,,Property Damage Only,0,0,0,0,0,0,8000,2,4,,POINT (-93.896906832995 41.55962381244)
2014816166,14-29730,09/09/2014,09-September,3-Tuesday,07:33,0700 Hours,District 3 (Northwest),SIOUX CITY,WOODBURY,,LEIF DR & CHEYENNE BLVD,Collision with:  Vehicle in traffic,On Roadway,Rear-end (front to rear),Driver Distraction:  Passenger,None Indicated,,Daylight,Dry,"Fog, smoke, smog",None apparent,Intersection:  T-intersection,Paved,,Property Damage Only,0,0,0,0,0,0,5000,2,6,,POINT (-96.391826570081 42.523989599192)
2014853279,,09/09/2014,09-September,3-Tuesday,15:42,1500 Hours,District 6 (East Central),WALCOTT,SCOTT,I-80,I-80 & Co Rd Y40/60 AVE,Non-collision events:  Other non-collision (explain in narrative),On Roadway,Rear-end (front to rear),Other (explain in narrative):  Other,None Indicated,,Daylight,Dry,Clear,None apparent,Interchange-related:  Off-ramp,Paved,,Property Damage Only,0,0,0,0,0,0,2500,2,3,,POINT (-90.783075185254 41.617977733006)
2014816077,W14-090954,09/09/2014,09-September,3-Tuesday,14:21,1400 Hours,District 2 (Northeast),WATERLOO,BLACK HAWK,,MIDLOTHIAN BLVD,Collision with:  Parked motor vehicle,On Roadway,"Sideswipe, same direction",Other (explain in narrative):  Other,None Indicated,,Daylight,Dry,Cloudy,None apparent,Non-intersection:  Other non-intersection (explain in narrative),Paved,,Property Damage Only,0,0,0,0,0,0,2500,2,1,,POINT (-92.358453705833 42.471987628763)
2014816552,,09/09/2014,09-September,3-Tuesday,07:45,0700 Hours,District 6 (East Central),CEDAR RAPIDS,LINN,I-380,I-380 & US 30/LINCOLN FWY,Collision with:  Vehicle in traffic,On Roadway,Rear-end (front to rear),Unknown,None Indicated,,Daylight,Wet,Rain,,Non-intersection:  Other non-intersection (explain in narrative),Paved,,Possible/Unknown,0,1,0,0,1,0,0,2,2,,POINT (-91.674260295769 41.927045187032)
2014816192,C14002869,09/09/2014,09-September,3-Tuesday,13:55,1300 Hours,District 6 (East Central),CORALVILLE,JOHNSON,US 6,US 6/2ND ST,Collision with:  Vehicle in traffic,On Roadway,Broadside (front to side),FTYROW:  From driveway,None Indicated,,Daylight,Dry,Cloudy,None apparent,Non-intersection:  Driveway access (within),Paved,,Minor Injury,0,2,0,2,0,0,10000,2,2,,POINT (-91.601391830218 41.684585665753)
2014816082,142752,09/09/2014,09-September,3-Tuesday,12:59,1200 Hours,District 3 (Northwest),DENISON,CRAWFORD,,BROADWAY & S MAIN ST & N MAIN ST,Collision with:  Vehicle in traffic,On Roadway,Broadside (front to side),FTYROW:  From parked position,None Indicated,,Daylight,Dry,Cloudy,None apparent,Non-intersection:  Non-junction/no special feature,Paved,,Property Damage Only,0,0,0,0,0,0,2000,2,2,,POINT (-95.35529989025 42.016743547188)
2014816317,2014009959,09/09/2014,09-September,3-Tuesday,14:15,1400 Hours,District 6 (East Central),IOWA CITY,JOHNSON,,KIRKWOOD AVE & S GILBERT ST,Collision with:  Vehicle in traffic,On Roadway,Rear-end (front to rear),Unknown,None Indicated,,Daylight,Dry,Cloudy,None apparent,Intersection:  Four-way intersection,Paved,,Property Damage Only,0,0,0,0,0,0,1500,2,5,,POINT (-91.531975014484 41.649403709011)
2014816107,20140026641,09/09/2014,09-September,3-Tuesday,12:30,1200 Hours,District 1 (Central),DES MOINES,POLK,I-235,I-235,Collision with:  Vehicle in traffic,On Roadway,Rear-end (front to rear),Other (explain in narrative):  Other,None Indicated,,Daylight,Unknown,Unknown,Unknown,Interchange-related:  Off-ramp,Paved,,Possible/Unknown,0,1,0,0,1,0,1000,2,2,,POINT (-93.599026240871 41.595473930252)
2014817183,2014-63528,09/09/2014,09-September,3-Tuesday,11:38,1100 Hours,District 6 (East Central),DAVENPORT,SCOTT,,W CENTRAL PARK AVE & MARQUETTE ST,Collision with:  Vehicle in traffic,On Roadway,Broadside (front to side),Ran Traffic Signal,None Indicated,,Daylight,Dry,Clear,None apparent,Intersection:  Four-way intersection,Paved,,Property Damage Only,0,0,0,0,0,0,8000,2,3,,POINT (-90.591230588295 41.545505535434)
2014822385,2014-5308,09/09/2014,09-September,3-Tuesday,12:36,1200 Hours,District 1 (Central),WHITTEN,GRUNDY,,Co Rd S75/B AVE,Collision with:  Animal,On Roadway,Non-collision (single vehicle),Animal,None Indicated,,Daylight,Wet,Rain,None apparent,Non-intersection:  Non-junction/no special feature,Paved,,Property Damage Only,0,0,0,0,0,0,25500,1,1,,POINT (-93.00190350586 42.260203677963)
2014815837,14019169,09/09/2014,09-September,3-Tuesday,11:22,1100 Hours,District 6 (East Central),MARION,LINN,,7TH AVE,Collision with:  Vehicle in traffic,On Roadway,"Angle, oncoming left turn",FTYROW:  Making left turn,None Indicated,,Daylight,Dry,Cloudy,None apparent,Non-intersection:  Driveway access (within),Paved,,Property Damage Only,0,0,0,0,0,0,5000,2,4,,POINT (-91.604909149599 42.033327652651)
2014816732,14-012142,09/09/2014,09-September,3-Tuesday,20:03,2000 Hours,District 2 (Northeast),WEST UNION,FAYETTE,,Co Rd C14/190TH ST,Collision with:  Vehicle in traffic,On Roadway,Rear-end (front to rear),Other (explain in narrative):  Other,None Indicated,,Dark - unknown roadway lighting,Wet,Rain,"Surface condition (e.g., wet, icy)",Non-intersection:  Non-junction/no special feature,Paved,,Property Damage Only,0,0,0,0,0,0,3000,2,2,,POINT (-91.832341690856 42.906228420706)