Iowa DOT Case Number,Law Enforcement Case Number,Date of Crash,Month of Crash,Day of Week,Time of Crash,Hour,DOT District,City Name,County Name,Route with System,Location Description,First Harmful Event,Location of First Harmful Event,Manner of Crash/Collision,Major Cause,Drug or Alcohol ,Environmental Conditions,Light Conditions,Surface Conditions,Weather Conditions,Roadway Contribution,Roadway Type,Roadway Surface,Work Zone,Crash Severity,Number of Fatalities,Number of Injuries,Number of Major Injuries,Number of Minor Injuries,Number of Possible Injuries,Number of Unknown Injuries,Amount of Property Damage,Number of Vehicles Involved,Total Number of Occupants,Travel Direction,Location
2014815868,14-4480,09/09/2014,09-September,3-Tuesday,13:41,1300 Hours,District 1 (Central),WEST DES MOINES,POLK,I-235,I-235,Collision with fixed object:  Curb/island/raised median,On Roadway,Non-collision (single vehicle),Swerving/Evasive Action,None Indicated,,Daylight,Dry,Cloudy,None apparent,Non-intersection:  Non-junction/no special feature,Paved,,Minor Injury,0,1,0,1,0,0,3500,1,1,,POINT (-93.729262868969 41.593361486236)
2014816111,20140026667,09/09/2014,09-September,3-Tuesday,16:54,1600 Hours,District 1 (Central),DES MOINES,POLK,,THORNTON AVE,Collision with:  Vehicle in traffic,On Roadway,Broadside (front to side),"Operating vehicle in an reckless, erratic, careless, negligent manner",None Indicated,,Daylight,Wet,Rain,None apparent,Non-intersection:  Non-junction/no special feature,Paved,,Property Damage Only,0,0,0,0,0,0,2000,2,2,,POINT (-93.702693113134 41.5519494533)
2014815867,14-4474,09/09/2014,09-September,3-Tuesday,07:03,0700 Hours,District 1 (Central),WEST DES MOINES,POLK,,E P TRUE PKWY & MILLS CIVIC PKWY & 35TH ST,Collision with:  Vehicle in traffic,On Roadway,Broadside (front to side),FTYROW:  Making left turn,None Indicated,,Daylight,Dry,Clear,None apparent,Intersection:  Four-way intersection,Paved,,Property Damage Only,0,0,0,0,0,0,6000,2,2,,POINT (-93.751922372525 41.570120974989)
2014816161,14-2780,09/09/2014,09-September,3-Tuesday,16:42,1600 Hours,District 1 (Central),FORT DODGE,WEBSTER,,1ST AVE S,Collision with:  Vehicle in traffic,On Roadway,Broadside (front to side),FTYROW:  Other (explain in narrative),None Indicated,,Daylight,Wet,Cloudy,None apparent,Intersection:  Four-way intersection,Paved,,Property Damage Only,0,0,0,0,0,0,8500,2,3,,POINT (-94.162601300036 42.505278288439)
2014816171,14-29770,09/09/2014,09-September,3-Tuesday,14:38,1400 Hours,District 3 (Northwest),SIOUX CITY,WOODBURY,,4TH ST & PIERCE ST,Collision with:  Vehicle in traffic,On Roadway,Broadside (front to side),Ran Traffic Signal,None Indicated,,Daylight,Dry,Cloudy,None apparent,Intersection:  Four-way intersection,Paved,,Major Injury,0,3,1,0,2,0,12000,2,7,,POINT (-96.40492206544 42.494147199329)
2014816172,14-29782,09/09/2014,09-September,3-Tuesday,15:34,1500 Hours,District 3 (Northwest),SIOUX CITY,WOODBURY,,MORNINGSIDE AVE & S HENRY ST,Collision with:  Vehicle in traffic,On Roadway,"Angle, oncoming left turn",FTYROW:  Making left turn,None Indicated,,Daylight,Dry,Cloudy,None apparent,Intersection:  T-intersection,Paved,,Property Damage Only,0,0,0,0,0,0,4500,2,2,,POINT (-96.347672764086 42.470415843189)
2014816109,20140026650,09/09/2014,09-September,3-Tuesday,14:39,1400 Hours,District 1 (Central),DES MOINES,POLK,,UNIVERSITY AVE,Collision with:  Vehicle in traffic,On Roadway,Rear-end (front to rear),Followed too close,None Indicated,,Daylight,Wet,Rain,None apparent,Non-intersection:  Non-junction/no special feature,Paved,,Property Damage Only,0,0,0,0,0,0,1600,2,4,,POINT (-93.626111489541 41.600815021493)
2014816233,090914D,09/09/2014,09-September,3-Tuesday,18:30,1800 Hours,District 4 (Southwest),SIDNEY,FREMONT,,WEBSTER ST & NEBRASKA ST,Collision with:  Vehicle in traffic,On Roadway,Rear-end (front to rear),Unknown,None Indicated,,Daylight,Wet,Rain,None apparent,Non-intersection:  Non-junction/no special feature,Paved,,Property Damage Only,0,0,0,0,0,0,2600,2,4,,POINT (-95.648404151956 40.749174040136)
2014817186,2014-63605,09/09/2014,09-September,3-Tuesday,18:00,1800 Hours,District 6 (East Central),DAVENPORT,SCOTT,,W 7TH ST & WARREN ST,Collision with fixed object:  Utility pole/light support,Shoulder,Non-collision (single vehicle),Crossed centerline (undivided),None Indicated,,Daylight,Wet,Rain,None apparent,Intersection:  Four-way intersection,Paved,,Possible/Unknown,0,1,0,0,1,0,13000,1,1,,POINT (-90.58589661209 41.526795359999)
2014816079,14013456,09/09/2014,09-September,3-Tuesday,05:30,0500 Hours,District 6 (East Central),,CEDAR,,Co Rd F14/160TH & Co Rd X46/JACKSON AVE,Collision with fixed object:  Utility pole/light support,On Roadway,Non-collision (single vehicle),Ran off road - straight,None Indicated,,Dark - roadway not lighted,"Mud, dirt",Rain,None apparent,Intersection:  Four-way intersection,Unpaved,,Property Damage Only,0,0,0,0,0,0,1700,1,1,,POINT (-91.191024895646 41.859456482621)
2014816175,14-29798,09/09/2014,09-September,3-Tuesday,17:08,1700 Hours,District 3 (Northwest),SIOUX CITY,WOODBURY,,DACE AVE TO 129 RAMP & LEECH AVE,Collision with:  Vehicle in traffic,On Roadway,"Sideswipe, same direction",FTYROW:  From yield sign,None Indicated,,Daylight,Dry,Clear,None apparent,Intersection:  Y-intersection,Paved,,Property Damage Only,0,0,0,0,0,0,1700,2,3,,POINT (-96.395591768898 42.487670966389)
2014816411,201413359,09/09/2014,09-September,3-Tuesday,18:08,1800 Hours,District 6 (East Central),CEDAR RAPIDS,LINN,,12TH AVE SW,Collision with fixed object:  Mailbox,On Roadway,Non-collision (single vehicle),Ran off road - right,None Indicated,,Daylight,Wet,Rain,None apparent,Non-intersection:  Non-junction/no special feature,Paved,,Property Damage Only,0,0,0,0,0,0,5500,1,1,,POINT (-91.710015430105 41.965568036222)
2014816003,14-32201,09/09/2014,09-September,3-Tuesday,13:01,1300 Hours,District 5 (Southeast),BURLINGTON,DES MOINES,,BARRET ST & MAIN ST,Collision with:  Vehicle in traffic,On Roadway,Broadside (front to side),Other (explain in narrative):  Other,None Indicated,,Daylight,Wet,Cloudy,None apparent,Non-intersection:  Non-junction/no special feature,Paved,,Property Damage Only,0,0,0,0,0,0,5000,2,2,,POINT (-91.098616071937 40.790884870755)
2014816605,14-003864,09/09/2014,09-September,3-Tuesday,17:00,1700 Hours,District 1 (Central),ANKENY,POLK,US 69,US 69/S ANKENY BLVD,Collision with:  Vehicle in traffic,On Roadway,Rear-end (front to rear),Other (explain in narrative):  Other,None Indicated,,Daylight,Wet,Rain,None apparent,Non-intersection:  Non-junction/no special feature,Paved,,Property Damage Only,0,0,0,0,0,0,6500,4,6,,POINT (-93.600405408134 41.731159285771)
2014816110,20140026661,09/09/2014,09-September,3-Tuesday,16:25,1600 Hours,District 1 (Central),DES MOINES,POLK,US 6,US 6/E EUCLID AVE,Collision with:  Vehicle in traffic,On Roadway,Broadside (front to side),FTYROW:  From driveway,None Indicated,,Daylight,Wet,Rain,"Surface condition (e.g., wet, icy)",Non-intersection:  Driveway access (within),Paved,,Possible/Unknown,0,1,0,0,1,0,11500,2,3,,POINT (-93.581845932563 41.627771992023)
2014822568,14136330,09/09/2014,09-September,3-Tuesday,16:29,1600 Hours,District 6 (East Central),,JOHNSON,,Co Rd F28/WHITE OAK AVE & Co Rd F8W/MORSE RD,Collision with fixed object:  Ditch,Outside trafficway,Non-collision (single vehicle),Crossed centerline (undivided),None Indicated,,Daylight,Wet,Rain,None apparent,Non-intersection:  Non-junction/no special feature,Paved,,Possible/Unknown,0,1,0,0,0,1,5000,1,1,,POINT (-91.394401448383 41.768848372386)
2014816237,14000427,09/09/2014,09-September,3-Tuesday,17:58,1700 Hours,District 5 (Southeast),ALBIA,MONROE,,A AVE E & N 3RD ST,Collision with:  Vehicle in traffic,On Roadway,Broadside (front to side),FTYROW:  From stop sign,None Indicated,,Daylight,Wet,Rain,None apparent,Intersection:  Four-way intersection,Paved,,Possible/Unknown,0,1,0,0,1,0,2000,2,2,,POINT (-92.804605522115 41.028092597935)
2014816529,2014052655,09/09/2014,09-September,3-Tuesday,16:50,1600 Hours,District 4 (Southwest),,FREMONT,I-29,I-29,Collision with fixed object:  Guardrail - face,On Roadway,Non-collision (single vehicle),Ran off road - left,None Indicated,,Daylight,Wet,Rain,None apparent,Non-intersection:  Other non-intersection (explain in narrative),Paved,,Property Damage Only,0,0,0,0,0,0,3000,1,1,,POINT (-95.806382609252 40.81829556223)
2014816294,14-2009,09/09/2014,09-September,3-Tuesday,14:28,1400 Hours,District 1 (Central),URBANDALE,POLK,I-35,I-35,Collision with fixed object:  Guardrail - face,On Roadway,Non-collision (single vehicle),Other (explain in narrative):  Other,None Indicated,,Daylight,Wet,Rain,None apparent,Non-intersection:  Non-junction/no special feature,Paved,,Property Damage Only,0,0,0,0,0,0,3000,1,1,,POINT (-93.76790037925 41.651224137082)
2014816755,01-14-037609,09/09/2014,09-September,3-Tuesday,15:12,1500 Hours,District 6 (East Central),DUBUQUE,DUBUQUE,,BLUFF ST,Collision with:  Vehicle in traffic,On Roadway,"Sideswipe, same direction",Improper or erratic lane changing,None Indicated,,Daylight,Dry,Cloudy,None apparent,Non-intersection:  Non-junction/no special feature,Paved,,Property Damage Only,0,0,0,0,0,0,1500,2,3,,POINT (-90.667343705702 42.496417848371)
2014816352,2014-4427,09/09/2014,09-September,3-Tuesday,15:20,1500 Hours,District 4 (Southwest),WAUKEE,DALLAS,,ASHWORTH DR,Collision with:  Vehicle in traffic,On Roadway,Rear-end (front to rear),Swerving/Evasive Action,None Indicated,,Daylight,Wet,Rain,None apparent,Non-intersection:  Non-junction/no special feature,Paved,,Property Damage Only,0,0,0,0,0,0,2500,2,4,,POINT (-93.866140434267 41.60223857821)
2014815847,20140026591,09/09/2014,09-September,3-Tuesday,06:52,0600 Hours,District 1 (Central),DES MOINES,POLK,,VANDALIA RD,Collision with:  Vehicle in traffic,On Roadway,Rear-end (front to rear),Driver Distraction:  Passenger,None Indicated,,Daylight,Dry,Cloudy,None apparent,Non-intersection:  Driveway access (within),Paved,,Minor Injury,0,1,0,1,0,0,7433,2,3,,POINT (-93.557637353268 41.574037663424)
2014816121,20140026660,09/09/2014,09-September,3-Tuesday,15:53,1500 Hours,District 1 (Central),DES MOINES,POLK,US 69,US 69/E 14TH ST & E JEFFERSON AVE,Collision with:  Vehicle in traffic,On Roadway,Rear-end (front to rear),Driving too fast for conditions,None Indicated,,Daylight,Wet,Rain,"Surface condition (e.g., wet, icy)",Non-intersection:  Non-junction/no special feature,Paved,,Property Damage Only,0,0,0,0,0,0,2500,2,3,,POINT (-93.600517826947 41.610111910033)
2014816123,14-2010,09/09/2014,09-September,3-Tuesday,14:54,1400 Hours,District 1 (Central),URBANDALE,POLK,,MEREDITH DR,Collision with fixed object:  Curb/island/raised median,On Roadway,Non-collision (single vehicle),Ran off road - left,None Indicated,,Daylight,Wet,Rain,None apparent,Non-intersection:  Non-junction/no special feature,Paved,,Property Damage Only,0,0,0,0,0,0,2750,1,1,,POINT (-93.751903370507 41.64393504459)
2014822141,,09/09/2014,09-September,3-Tuesday,12:50,1200 Hours,District 2 (Northeast),CLEAR LAKE,CERRO GORDO,I-35,I-35,Collision with:  Vehicle in traffic,On Roadway,Rear-end (front to rear),Followed too close,None Indicated,,Daylight,Dry,Clear,None apparent,Interchange-related:  Off-ramp,Paved,,Property Damage Only,0,0,0,0,0,0,7000,2,2,,POINT (-93.357007687893 43.146270993332)
2014815861,20140026663,09/09/2014,09-September,3-Tuesday,12:55,1200 Hours,District 1 (Central),DES MOINES,POLK,,42ND ST,Collision with:  Vehicle in traffic,On Roadway,"Angle, oncoming left turn",FTYROW:  Making left turn,None Indicated,,Daylight,Dry,Cloudy,None apparent,Non-intersection:  Driveway access (within),Paved,,Property Damage Only,0,0,0,0,0,0,11000,2,2,,POINT (-93.674370849126 41.600397950909)
2014815860,20140026620,09/09/2014,09-September,3-Tuesday,00:05,0000 Hours,District 1 (Central),DES MOINES,POLK,,E 40TH ST,Collision with:  Vehicle in traffic,On Roadway,Rear-end (front to rear),Unknown,None Indicated,,Unknown,Unknown,Unknown,Unknown,Non-intersection:  Non-junction/no special feature,Paved,,Property Damage Only,0,0,0,0,0,0,2510,2,1,,POINT (-93.536514724398 41.630604590019)
2014816108,20140026644,09/09/2014,09-September,3-Tuesday,13:45,1300 Hours,District 1 (Central),DES MOINES,POLK,,DAY ST,Collision with:  Vehicle in traffic,On Roadway,Broadside (front to side),Unknown,None Indicated,,Daylight,Wet,Rain,None apparent,Intersection:  Intersection with ramp,Paved,,Property Damage Only,0,0,0,0,0,0,10000,2,3,,POINT (-93.62442295781 41.596194486086)
2014816045,2014052531,09/09/2014,09-September,3-Tuesday,10:46,1000 Hours,District 1 (Central),FORT DODGE,WEBSTER,,Co Rd D14/170TH ST & Co Rd P56/NELSON AVE,Collision with:  Vehicle in traffic,On Roadway,"Angle, oncoming left turn",Crossed centerline (undivided),None Indicated,,Daylight,Dry,Cloudy,None apparent,Intersection:  Four-way intersection,Paved,,Property Damage Only,0,0,0,0,0,0,18400,2,2,,POINT (-94.17825594946 42.544275058975)
2014816560,W14-090902,09/09/2014,09-September,3-Tuesday,11:41,1100 Hours,District 2 (Northeast),WATERLOO,BLACK HAWK,,WELLINGTON ST & W 4TH ST,Collision with:  Non-motorist (see non-motorist section - NOT a unit),On Roadway,Non-collision (single vehicle),FTYROW:  From stop sign,None Indicated,,Daylight,Dry,Cloudy,None apparent,Intersection:  T-intersection,Paved,,Possible/Unknown,0,1,0,0,1,0,225,1,1,,POINT (-92.345596395067 42.490566067537)
2014816942,1400000784,09/09/2014,09-September,3-Tuesday,06:44,0600 Hours,District 1 (Central),MARSHALLTOWN,MARSHALL,,Co Rd E35/MAIN ST RD,Collision with:  Animal,,,Animal,None Indicated,,,,,,,Paved,,Property Damage Only,0,0,0,0,0,0,1500,1,1,,POINT (-92.860344340635 42.049404436605)
2014815953,14-038364,09/09/2014,09-September,3-Tuesday,09:55,0900 Hours,District 4 (Southwest),COUNCIL BLUFFS,POTTAWATTAMIE,US 6,US 6/W BROADWAY,Collision with:  Vehicle in traffic,On Roadway,Rear-end (front to rear),Followed too close,None Indicated,,Daylight,Dry,Cloudy,None apparent,Non-intersection:  Non-junction/no special feature,Paved,,Property Damage Only,0,0,0,0,0,0,2500,2,3,,POINT (-95.887753887749 41.261940703201)
2014816185,C14002876,09/09/2014,09-September,3-Tuesday,18:48,1800 Hours,District 6 (East Central),CORALVILLE,JOHNSON,I-80,I-80,Collision with:  Vehicle in traffic,On Roadway,"Sideswipe, same direction",Lost Control,None Indicated,,Daylight,Wet,Rain,None apparent,Non-intersection:  Non-junction/no special feature,Paved,,Property Damage Only,0,0,0,0,0,0,5000,2,4,,POINT (-91.601455977183 41.693827465573)
2014816799,01-14-37613,09/09/2014,09-September,3-Tuesday,17:56,1700 Hours,District 6 (East Central),DUBUQUE,DUBUQUE,,E 20TH ST & JACKSON ST,Collision with:  Vehicle in traffic,On Roadway,Rear-end (front to rear),Lost Control,None Indicated,,Daylight,Dry,Cloudy,None apparent,Intersection:  Four-way intersection,Paved,,Property Damage Only,0,0,0,0,0,0,2000,2,2,,POINT (-90.668369952514 42.511693571618)
2014816114,20140026682,09/09/2014,09-September,3-Tuesday,18:37,1800 Hours,District 1 (Central),DES MOINES,POLK,,HICKMAN RD & MLK JR PKWY,Collision with:  Vehicle in traffic,On Roadway,"Sideswipe, opposite direction",Unknown,None Indicated,,Daylight,Wet,Rain,None apparent,Non-intersection:  Non-junction/no special feature,Paved,,Property Damage Only,0,0,0,0,0,0,2000,2,2,,POINT (-93.646461472405 41.615050886462)
2014816555,14012835,09/09/2014,09-September,3-Tuesday,11:40,1100 Hours,District 5 (Southeast),CENTERVILLE,APPANOOSE,,E GREEN ST,Collision with fixed object:  Mailbox,On Roadway,Non-collision (single vehicle),Driver Distraction:  Reaching for object(s)/fallen object(s),None Indicated,,Daylight,Dry,Cloudy,None apparent,Non-intersection:  Non-junction/no special feature,Paved,,Property Damage Only,0,0,0,0,0,0,3100,1,1,,POINT (-92.869896485523 40.714402896658)
2014815844,20140026638,09/09/2014,09-September,3-Tuesday,13:40,1300 Hours,District 1 (Central),DES MOINES,POLK,,GRAND AVE,Collision with:  Vehicle in traffic,On Roadway,Rear-end (front to rear),Lost Control,None Indicated,,Daylight,Dry,Cloudy,None apparent,Non-intersection:  Driveway access (within),Paved,,Property Damage Only,0,0,0,0,0,0,4500,2,2,,POINT (-93.627588511434 41.587296106245)
2014816334,201400003243,09/09/2014,09-September,3-Tuesday,22:03,2200 Hours,District 6 (East Central),,LINN,,Co Rd W58/ALBURNETT RD,Collision with fixed object:  Ditch,On Roadway,Non-collision (single vehicle),Ran off road - right,None Indicated,,Dark - roadway not lighted,Wet,Rain,None apparent,Non-intersection:  Non-junction/no special feature,Paved,,Minor Injury,0,1,0,1,0,0,4500,1,1,,POINT (-91.619043091183 42.090229271644)
2014816167,14-29736,09/09/2014,09-September,3-Tuesday,08:42,0800 Hours,District 3 (Northwest),SIOUX CITY,WOODBURY,,11TH ST & NEBRASKA ST,Collision with:  Vehicle in traffic,On Roadway,Broadside (front to side),Unknown,None Indicated,,Daylight,Dry,Cloudy,None apparent,Intersection:  Four-way intersection,Paved,,Property Damage Only,0,0,0,0,0,0,4500,2,2,,POINT (-96.403536612597 42.501797183915)
2014816410,201413348,09/09/2014,09-September,3-Tuesday,16:20,1600 Hours,District 6 (East Central),CEDAR RAPIDS,LINN,,19TH ST SE,Collision with:  Vehicle in traffic,On Roadway,Rear-end (front to rear),Other (explain in narrative):  Other,None Indicated,,Daylight,Wet,Cloudy,None apparent,Non-intersection:  Non-junction/no special feature,Paved,,Minor Injury,0,1,0,1,0,0,5500,2,3,,POINT (-91.642597680602 41.990314836487)
2014818135,2014052665,09/09/2014,09-September,3-Tuesday,17:50,1700 Hours,District 1 (Central),ANKENY,POLK,I-35,I-35 & I-80 & I-235,Collision with:  Vehicle in traffic,On Roadway,"Sideswipe, same direction",Swerving/Evasive Action,None Indicated,,Dusk,Wet,Rain,Other (explain in narrative),"Interchange-related:  Off-ramp, diverge area",Paved,,Property Damage Only,0,0,0,0,0,0,2000,2,2,,POINT (-93.575663968447 41.6521225026)
2014816201,146720,09/09/2014,09-September,3-Tuesday,15:29,1500 Hours,District 4 (Southwest),,DALLAS,I-80,I-80,Collision with fixed object:  Guardrail - face,On Roadway,Non-collision (single vehicle),Lost Control,None Indicated,,Daylight,Wet,Rain,"Surface condition (e.g., wet, icy)",Non-intersection:  Non-junction/no special feature,Paved,,Property Damage Only,0,0,0,0,0,0,5000,1,1,,POINT (-94.180721682914 41.51791442466)
2014816208,14-17575,09/09/2014,09-September,3-Tuesday,07:53,0700 Hours,District 6 (East Central),BETTENDORF,SCOTT,US 67,US 67/GRANT ST & 10TH ST,Collision with:  Vehicle in traffic,On Roadway,Rear-end (front to rear),Other (explain in narrative):  Other,None Indicated,,Daylight,Wet,Rain,None apparent,Non-intersection:  Non-junction/no special feature,Paved,,Property Damage Only,0,0,0,0,0,0,5000,3,3,,POINT (-90.519053364385 41.526245553746)
2014816002,14-038409,09/09/2014,09-September,3-Tuesday,14:06,1400 Hours,District 4 (Southwest),COUNCIL BLUFFS,POTTAWATTAMIE,I-29,I-29 & DODGE RIVERSIDE DR,Collision with:  Vehicle in traffic,On Roadway,"Sideswipe, same direction",Driving too fast for conditions,None Indicated,,Daylight,Wet,Rain,None apparent,Interchange-related:  On-ramp merge area,Paved,,Minor Injury,0,4,0,4,0,0,10000,2,5,,POINT (-95.907287931267 41.255378434212)
2014816276,14-5930,09/09/2014,09-September,3-Tuesday,09:00,0900 Hours,District 1 (Central),,POLK,,Co Rd R38/NW SHELDAHL DR & NW 126TH AVE,Collision with fixed object:  Ditch,Shoulder,Non-collision (single vehicle),Ran off road - right,None Indicated,,Daylight,Dry,Clear,None apparent,Intersection:  T-intersection,Paved,,Possible/Unknown,0,1,0,0,1,0,7000,1,1,,POINT (-93.7078665045 41.791470639519)
2014816184,2014009969,09/09/2014,09-September,3-Tuesday,17:08,1700 Hours,District 6 (East Central),IOWA CITY,JOHNSON,IA 1,IA 1/W BURLINGTON ST,Collision with:  Vehicle in traffic,On Roadway,Rear-end (front to rear),Followed too close,None Indicated,,Daylight,Wet,Rain,"Surface condition (e.g., wet, icy)",Non-intersection:  Non-junction/no special feature,Paved,,Minor Injury,0,1,0,1,0,0,1100,2,2,,POINT (-91.53813573679 41.657885646797)
2014816530,2014052673,09/09/2014,09-September,3-Tuesday,18:40,1800 Hours,District 4 (Southwest),,POTTAWATTAMIE,I-80,I-80,Collision with fixed object:  Utility pole/light support,Shoulder,Non-collision (single vehicle),Ran off road - left,None Indicated,,Daylight,Wet,Rain,"Surface condition (e.g., wet, icy)",Intersection:  Y-intersection,Paved,,Property Damage Only,0,0,0,0,0,0,6200,1,1,,POINT (-95.57999896841 41.498450715423)
2014816286,20140026764,09/10/2014,09-September,4-Wednesday,15:39,1500 Hours,District 1 (Central),DES MOINES,POLK,,CROCKER ST & 9TH ST,Collision with:  Vehicle in traffic,On Roadway,Head-on (front to front),FTYROW:  From stop sign,None Indicated,,Daylight,Dry,Cloudy,None apparent,Intersection:  Four-way intersection,Paved,,Possible/Unknown,0,2,0,0,2,0,8000,2,4,,POINT (-93.629243733567 41.593430000383)
2014816901,2014052843,09/10/2014,09-September,4-Wednesday,18:02,1800 Hours,District 2 (Northeast),,WINNESHIEK,,Co Rd W38/LOCUST RD,Collision with fixed object:  Other fixed object (explain in narrative),On Roadway,Non-collision (single vehicle),Lost Control,None Indicated,,Daylight,Dry,Cloudy,None apparent,Non-intersection:  Other non-intersection (explain in narrative),Paved,,Fatal,1,0,0,0,0,0,5000,1,1,,POINT (-91.751933729939 43.372869429987)
2014816193,14-038573,09/10/2014,09-September,4-Wednesday,13:26,1300 Hours,District 4 (Southwest),COUNCIL BLUFFS,POTTAWATTAMIE,I-480,I-480,Collision with:  Vehicle in traffic,On Roadway,Rear-end (front to rear),Cargo/equipment loss or shift,None Indicated,,Daylight,Dry,Cloudy,Other (explain in narrative),Non-intersection:  Non-junction/no special feature,Paved,,Possible/Unknown,0,1,0,0,1,0,6000,3,5,,POINT (-95.910276266083 41.261931512682)
2014820596,2014-63833,09/10/2014,09-September,4-Wednesday,15:40,1500 Hours,District 6 (East Central),DAVENPORT,SCOTT,,E 53RD ST & EASTERN AVE,Collision with:  Vehicle in traffic,On Roadway,"Sideswipe, same direction",Other (explain in narrative):  Other,None Indicated,,Daylight,Dry,Cloudy,None apparent,Non-intersection:  Non-junction/no special feature,Paved,,Property Damage Only,0,0,0,0,0,0,1500,2,2,,POINT (-90.551367723639 41.57474437413)
2014834578,124-2014,09/10/2014,09-September,4-Wednesday,08:27,0800 Hours,District 4 (Southwest),,HARRISON,,295TH ST & LIBERTY AVE,Collision with:  Vehicle in traffic,On Roadway,Head-on (front to front),Other (explain in narrative):  Other,None Indicated,,Daylight,Dry,Cloudy,None apparent,Non-intersection:  Non-junction/no special feature,Paved,,Property Damage Only,0,0,0,0,0,0,5500,2,2,,POINT (-95.876413028494 41.578889963106)
2014816487,CL14003228,09/10/2014,09-September,4-Wednesday,12:52,1200 Hours,District 6 (East Central),CLINTON,CLINTON,,15TH AVE S & 16TH PL,Collision with:  Vehicle in traffic,On Roadway,Head-on (front to front),Made improper turn,Alcohol (Statutory),,Daylight,Dry,Clear,None apparent,Non-intersection:  Non-junction/no special feature,Paved,,Property Damage Only,0,0,0,0,0,0,2000,2,2,,POINT (-90.206104634884 41.830254300312)
2014816297,14-4510,09/10/2014,09-September,4-Wednesday,15:35,1500 Hours,District 1 (Central),WEST DES MOINES,POLK,,PLEASANT ST & 22ND ST,Collision with:  Vehicle in traffic,On Roadway,Broadside (front to side),FTYROW:  From stop sign,None Indicated,,Daylight,Dry,Cloudy,None apparent,Intersection:  Four-way intersection,Paved,,Property Damage Only,0,0,0,0,0,0,2000,2,3,,POINT (-93.736186379618 41.591281728614)
2014819618,2014052821,09/10/2014,09-September,4-Wednesday,16:25,1600 Hours,District 1 (Central),,JASPER,I-80,I-80,Collision with fixed object:  Ditch,On Roadway,Non-collision (single vehicle),Ran off road - right,None Indicated,,Daylight,Dry,Severe winds,None apparent,Non-intersection:  Non-junction/no special feature,Paved,,Property Damage Only,0,0,0,0,0,0,2000,1,2,,POINT (-92.870074089754 41.691329764695)
2014817885,2014-63757,09/10/2014,09-September,4-Wednesday,08:22,0800 Hours,District 6 (East Central),DAVENPORT,SCOTT,US 67,US 67/E RIVER DR & E 3RD ST,Collision with:  Vehicle in traffic,On Roadway,Rear-end (front to rear),Driving too fast for conditions,None Indicated,,Daylight,Wet,Rain,"Surface condition (e.g., wet, icy)",Intersection:  Y-intersection,Paved,,Property Damage Only,0,0,0,0,0,0,4000,2,3,,POINT (-90.565794803624 41.522399552914)
2014816482,14-23978,09/10/2014,09-September,4-Wednesday,21:19,2100 Hours,District 1 (Central),NEWTON,JASPER,,E 31ST ST N,Collision with fixed object:  Ditch,Roadside,Non-collision (single vehicle),Ran off road - right,Alcohol (Statutory),,Dark - unknown roadway lighting,Dry,Cloudy,None apparent,Non-intersection:  Non-junction/no special feature,Paved,,Minor Injury,0,1,0,1,0,0,20000,1,1,,POINT (-93.014509465427 41.71427140622)
2014816130,14-002089,09/10/2014,09-September,4-Wednesday,01:37,0100 Hours,District 1 (Central),ALTOONA,POLK,,4TH ST SW,Collision with fixed object:  Other fixed object (explain in narrative),On Roadway,Non-collision (single vehicle),Ran off road - right,None Indicated,,Dark - roadway lighted,Wet,Rain,"Surface condition (e.g., wet, icy)",Non-intersection:  Non-junction/no special feature,Paved,,Minor Injury,0,1,0,1,0,0,8500,1,1,,POINT (-93.472505666894 41.649260199732)
2014816882,01-14-37629,09/10/2014,09-September,4-Wednesday,09:20,0900 Hours,District 6 (East Central),DUBUQUE,DUBUQUE,US 52,US 52/KERRIGAN RD & IA 946/IOWA 946,Collision with:  Vehicle in traffic,On Roadway,Rear-end (front to rear),Lost Control,None Indicated,,Daylight,Dry,Cloudy,None apparent,Intersection:  T-intersection,Paved,,Property Damage Only,0,0,0,0,0,0,6500,2,3,,POINT (-90.662729970149 42.494504745226)
2014816253,14-007588,09/10/2014,09-September,4-Wednesday,12:56,1200 Hours,District 2 (Northeast),,CLAYTON,,Co Rd W64/GUNDER RD,Non-collision events:  Other non-collision (explain in narrative),Shoulder,Non-collision (single vehicle),Swerving/Evasive Action,None Indicated,,Daylight,Dry,Cloudy,None apparent,Non-intersection:  Non-junction/no special feature,Paved,,Minor Injury,0,2,0,1,1,0,5000,1,2,,POINT (-91.548402257813 43.045959917591)
2014817189,2014-63762,09/10/2014,09-September,4-Wednesday,08:35,0800 Hours,District 6 (East Central),DAVENPORT,SCOTT,,IA 461/HARRISON ST,Collision with:  Vehicle in traffic,On Roadway,Rear-end (front to rear),Lost Control,None Indicated,,Daylight,Wet,Rain,None apparent,Non-intersection:  Non-junction/no special feature,Paved,,Property Damage Only,0,0,0,0,0,0,1500,2,2,,POINT (-90.576955648379 41.545736836474)
2014816262,14001909,09/10/2014,09-September,4-Wednesday,13:15,1300 Hours,District 6 (East Central),IOWA CITY,JOHNSON,,HAWKINS DR,Collision with:  Vehicle in traffic,On Roadway,"Sideswipe, same direction",Crossed centerline (undivided),None Indicated,,Daylight,Dry,Clear,None apparent,Non-intersection:  Non-junction/no special feature,Paved,,Property Damage Only,0,0,0,0,0,0,2100,2,2,,POINT (-91.557491377766 41.662939902356)