Iowa DOT Case Number,Law Enforcement Case Number,Date of Crash,Month of Crash,Day of Week,Time of Crash,Hour,DOT District,City Name,County Name,Route with System,Location Description,First Harmful Event,Location of First Harmful Event,Manner of Crash/Collision,Major Cause,Drug or Alcohol ,Environmental Conditions,Light Conditions,Surface Conditions,Weather Conditions,Roadway Contribution,Roadway Type,Roadway Surface,Work Zone,Crash Severity,Number of Fatalities,Number of Injuries,Number of Major Injuries,Number of Minor Injuries,Number of Possible Injuries,Number of Unknown Injuries,Amount of Property Damage,Number of Vehicles Involved,Total Number of Occupants,Travel Direction,Location
2014816194,2014009984,09/10/2014,09-September,4-Wednesday,08:00,0800 Hours,District 6 (East Central),IOWA CITY,JOHNSON,US 6,US 6/S RIVERSIDE DR,Collision with:  Vehicle in traffic,On Roadway,Rear-end (front to rear),Followed too close,None Indicated,,Daylight,Wet,Cloudy,None apparent,Intersection:  T-intersection,Paved,,Property Damage Only,0,0,0,0,0,0,3000,2,2,,POINT (-91.540342243447 41.65324813863)
2014818254,14-006925,09/10/2014,09-September,4-Wednesday,12:42,1200 Hours,District 4 (Southwest),PERRY,DALLAS,,WARFORD ST,Collision with:  Vehicle in traffic,Outside trafficway,Rear-end (front to rear),FTYROW:  From parked position,None Indicated,,Daylight,Dry,Cloudy,None apparent,Non-intersection:  Driveway access (within),Paved,,Property Damage Only,0,0,0,0,0,0,1750,2,2,,POINT (-94.105727155536 41.839560510974)
2014816849,14-32269,09/10/2014,09-September,4-Wednesday,04:58,0400 Hours,District 5 (Southeast),BURLINGTON,DES MOINES,US 34,US 34 & US 61,Collision with:  Vehicle in traffic,On Roadway,"Angle, oncoming left turn",Other (explain in narrative):  Other,None Indicated,,Dark - roadway lighted,Wet,Rain,None apparent,Non-intersection:  Other non-intersection (explain in narrative),Paved,,Property Damage Only,0,0,0,0,0,0,3000,2,2,,POINT (-91.141414749811 40.817615066642)
2014816126,14-4505,09/10/2014,09-September,4-Wednesday,11:55,1100 Hours,District 1 (Central),WEST DES MOINES,POLK,I-35,I-35,Collision with fixed object:  Concrete traffic barrier (median or right side),On Roadway,Non-collision (single vehicle),Equipment failure,None Indicated,,Daylight,Dry,Cloudy,Work Zone (roadway-related),Non-intersection:  Non-junction/no special feature,Paved,Yes,Property Damage Only,0,0,0,0,0,0,11000,1,1,,POINT (-93.776811079662 41.517091763846)
2014816443,14-2018,09/10/2014,09-September,4-Wednesday,16:03,1600 Hours,District 1 (Central),URBANDALE,POLK,,BENTON DR,Collision with:  Parked motor vehicle,On Roadway,Rear-end (front to rear),Lost Control,None Indicated,,Daylight,Dry,Cloudy,None apparent,Intersection:  Other intersection (explain in narrative),Paved,,Property Damage Only,0,0,0,0,0,0,1600,2,1,,POINT (-93.721952084315 41.619942840165)
2014816509,2014052732,09/10/2014,09-September,4-Wednesday,08:45,0800 Hours,District 4 (Southwest),,CASS,US 6,US 6/WHITE POLE RD,Collision with:  Vehicle in traffic,On Roadway,Rear-end (front to rear),Lost Control,None Indicated,,Daylight,Dry,Cloudy,Other (explain in narrative),Non-intersection:  Non-junction/no special feature,Paved,,Possible/Unknown,0,1,0,0,1,0,13000,2,2,,POINT (-95.069882198356 41.328117889226)
2014817069,,09/10/2014,09-September,4-Wednesday,10:11,1000 Hours,District 3 (Northwest),COON RAPIDS,CARROLL,IA 141,IA 141/IOWA 141 & 5TH AVE,Collision with:  Vehicle in traffic,On Roadway,Head-on (front to front),Crossed centerline (undivided),None Indicated,,Daylight,Unknown,Unknown,None apparent,Non-intersection:  Non-junction/no special feature,Paved,,Possible/Unknown,0,2,0,0,2,0,10000,2,2,,POINT (-94.677517838721 41.865694395798)
2014816198,14007901,09/10/2014,09-September,4-Wednesday,03:04,0300 Hours,District 6 (East Central),,DELAWARE,US 20,US 20 & IA 13/IOWA 13,Collision with:  Animal,,,Animal,None Indicated,,,,,,,Paved,,Property Damage Only,0,0,0,0,0,0,2000,1,1,,POINT (-91.480778591563 42.464227043421)
2014817414,A14065,09/10/2014,09-September,4-Wednesday,20:27,2000 Hours,District 5 (Southeast),KNOXVILLE,MARION,,E MAIN ST & S 1ST ST & N 1ST ST,Collision with:  Vehicle in traffic,On Roadway,Rear-end (front to rear),Improper Backing,None Indicated,,Dark - roadway lighted,Dry,Clear,None apparent,Non-intersection:  Non-junction/no special feature,Paved,,Possible/Unknown,0,1,0,0,1,0,4000,2,5,,POINT (-93.098775534789 41.318947967861)
2014816101,20140026730,09/10/2014,09-September,4-Wednesday,10:20,1000 Hours,District 1 (Central),DES MOINES,POLK,,E HULL AVE & E 13TH ST,Collision with:  Vehicle in traffic,On Roadway,Broadside (front to side),FTYROW:  From stop sign,None Indicated,,Daylight,Dry,Cloudy,None apparent,Intersection:  Four-way intersection,Paved,,Property Damage Only,0,0,0,0,0,0,3000,2,2,,POINT (-93.603511511433 41.62226497551)
2014819594,2014052832,09/10/2014,09-September,4-Wednesday,17:15,1700 Hours,District 6 (East Central),,CEDAR,I-80,I-80,Collision with:  Vehicle in traffic,On Roadway,Rear-end (front to rear),Driving too fast for conditions,None Indicated,,Daylight,Dry,Cloudy,None apparent,Non-intersection:  Non-junction/no special feature,Paved,,Minor Injury,0,1,0,1,0,0,22150,3,3,,POINT (-90.94050288271 41.633975689795)
2014816453,14-004236,09/10/2014,09-September,4-Wednesday,07:45,0700 Hours,District 1 (Central),AMES,STORY,,LINCOLN WAY & BELL AVE,Collision with:  Vehicle in traffic,On Roadway,Broadside (front to side),FTYROW:  From stop sign,None Indicated,,Daylight,Dry,Cloudy,None apparent,Intersection:  Four-way intersection,Paved,,Property Damage Only,0,0,0,0,0,0,15998,2,2,,POINT (-93.574948649823 42.022749887553)
2014817858,14091156,09/10/2014,09-September,4-Wednesday,04:49,0400 Hours,District 2 (Northeast),CEDAR FALLS,BLACK HAWK,IA 27,IA 27,Collision with fixed object:  Guardrail - face,,,Swerving/Evasive Action,None Indicated,,,,,,,Paved,,Property Damage Only,0,0,0,0,0,0,2000,1,1,,POINT (-92.43124220192 42.527784878022)
2014816207,2014-9769,09/10/2014,09-September,4-Wednesday,06:35,0600 Hours,District 3 (Northwest),,SAC,,Co Rd M43/FOX AVE & 280TH ST,Collision with:  Other non-fixed object (explain in narrative),Shoulder,Non-collision (single vehicle),Ran off road - right,None Indicated,,Dawn,Wet,Cloudy,None apparent,Intersection:  Four-way intersection,Paved,,Possible/Unknown,0,1,0,0,1,0,4500,1,1,,POINT (-95.24481558465 42.385624156429)
2014817278,14-9377,09/10/2014,09-September,4-Wednesday,14:30,1400 Hours,District 3 (Northwest),CARROLL,CARROLL,,5TH ST & CARROLL ST,Collision with:  Vehicle in traffic,On Roadway,Broadside (front to side),Ran Stop Sign,None Indicated,,Daylight,Dry,Cloudy,None apparent,Unknown,Paved,,Property Damage Only,0,0,0,0,0,0,11000,2,4,,POINT (-94.870648265134 42.065304860683)
2014816098,14-003873,09/10/2014,09-September,4-Wednesday,08:59,0800 Hours,District 1 (Central),ANKENY,POLK,,NW 18TH ST,Collision with:  Vehicle in traffic,On Roadway,Rear-end (front to rear),Followed too close,None Indicated,,Daylight,Dry,Cloudy,None apparent,Non-intersection:  Other non-intersection (explain in narrative),Paved,,Property Damage Only,0,0,0,0,0,0,6000,3,5,,POINT (-93.612478167387 41.746398495243)
2014816332,SO14002127,09/10/2014,09-September,4-Wednesday,06:35,0600 Hours,District 3 (Northwest),,PLYMOUTH,,Co Rd C12/110TH ST,Collision with:  Vehicle in traffic,On Roadway,Rear-end (front to rear),Ran off road - right,None Indicated,,Dark - roadway not lighted,Dry,Rain,None apparent,Non-intersection:  Driveway access (within),Paved,,Possible/Unknown,0,1,0,0,1,0,80000,2,2,,POINT (-96.146563748491 42.895043527382)
2014816302,14-29926,09/10/2014,09-September,4-Wednesday,19:22,1900 Hours,District 3 (Northwest),SIOUX CITY,WOODBURY,,JONES ST,Collision with:  Parked motor vehicle,On Roadway,Broadside (front to side),Lost Control,None Indicated,,Daylight,Dry,Cloudy,None apparent,Intersection:  Four-way intersection,Paved,,Property Damage Only,0,0,0,0,0,0,4000,3,1,,POINT (-96.400865928489 42.500570909069)
2014816088,201413376,09/10/2014,09-September,4-Wednesday,07:44,0700 Hours,District 6 (East Central),CEDAR RAPIDS,LINN,IA 922,IA 922/1ST AVE E & 29TH ST DR SE & 29TH ST NE,Collision with fixed object:  Other fixed object (explain in narrative),Outside trafficway,Non-collision (single vehicle),Ran off road - right,None Indicated,,Daylight,Wet,Cloudy,None apparent,Intersection:  Four-way intersection,Paved,,Property Damage Only,0,0,0,0,0,0,4500,1,1,,POINT (-91.634847345406 42.006119209874)
2014826626,14-021276,09/10/2014,09-September,4-Wednesday,22:11,2200 Hours,District 5 (Southeast),,MAHASKA,IA 163,IA 163/3RD INNERLEG,Collision with fixed object:  Bridge overhead structure,Shoulder,Non-collision (single vehicle),Swerving/Evasive Action,None Indicated,,Dark - roadway not lighted,Dry,Cloudy,None apparent,Non-intersection:  Other non-intersection (explain in narrative),Paved,,Property Damage Only,0,0,0,0,0,0,8500,1,1,,POINT (-92.870485467601 41.389483652075)
2014816306,14-23913,09/10/2014,09-September,4-Wednesday,07:50,0700 Hours,District 1 (Central),NEWTON,JASPER,US 6,US 6/1ST AVE W & W 9TH ST S & W 9TH ST N,Collision with:  Vehicle in traffic,On Roadway,"Angle, oncoming left turn",FTYROW:  Making left turn,None Indicated,,Daylight,Wet,Cloudy,None apparent,Intersection:  Four-way intersection,Paved,,Property Damage Only,0,0,0,0,0,0,2900,2,4,,POINT (-93.063925541384 41.699455830218)
2014817220,14091317,09/10/2014,09-September,4-Wednesday,16:46,1600 Hours,District 2 (Northeast),CEDAR FALLS,BLACK HAWK,,9TH ST & GROVE ST,Collision with:  Vehicle in traffic,On Roadway,Broadside (front to side),FTYROW:  At uncontrolled intersection,None Indicated,,Daylight,Dry,Cloudy,None apparent,Intersection:  Four-way intersection,Paved,,Property Damage Only,0,0,0,0,0,0,2500,2,2,,POINT (-92.441628398347 42.530492665106)
2014816413,201413387,09/10/2014,09-September,4-Wednesday,11:10,1100 Hours,District 6 (East Central),CEDAR RAPIDS,LINN,,B AVE NE & 3RD ST NE,Collision with:  Vehicle in traffic,Shoulder,"Sideswipe, same direction",Crossed centerline (undivided),None Indicated,,Daylight,Dry,Cloudy,None apparent,Non-intersection:  Non-junction/no special feature,Paved,,Property Damage Only,0,0,0,0,0,0,7000,2,2,,POINT (-91.669374661918 41.981036537586)
2014816118,20140026747,09/10/2014,09-September,4-Wednesday,12:55,1200 Hours,District 1 (Central),DES MOINES,POLK,,SW 9TH ST,Collision with:  Vehicle in traffic,On Roadway,"Sideswipe, same direction",FTYROW:  Other (explain in narrative),None Indicated,,Daylight,Dry,Cloudy,None apparent,Non-intersection:  Non-junction/no special feature,Paved,,Property Damage Only,0,0,0,0,0,0,3000,2,3,,POINT (-93.625747969575 41.527110360772)
2014816417,14005367,09/10/2014,09-September,4-Wednesday,15:24,1500 Hours,District 3 (Northwest),SHELDON,OBRIEN,US 18,US 18/PARK ST,Collision with:  Vehicle in traffic,On Roadway,"Sideswipe, same direction",FTYROW:  From stop sign,None Indicated,,Daylight,Dry,Cloudy,None apparent,Intersection:  T-intersection,Paved,,Possible/Unknown,0,1,0,0,1,0,3700,2,2,,POINT (-95.831948724177 43.186017327159)
2014818960,2014052793,09/10/2014,09-September,4-Wednesday,14:25,1400 Hours,District 2 (Northeast),,BUTLER,IA 57,IA 57/IOWA 57,Collision with:  Animal,,,Animal,None Indicated,,,,,,,Paved,,Property Damage Only,0,0,0,0,0,0,4000,1,1,,POINT (-92.8449994422 42.577785769136)
2014816290,20140026781,09/10/2014,09-September,4-Wednesday,17:43,1700 Hours,District 1 (Central),DES MOINES,POLK,,INGERSOLL AVE,Collision with:  Vehicle in traffic,On Roadway,Rear-end (front to rear),Followed too close,None Indicated,,Daylight,Dry,Cloudy,None apparent,Non-intersection:  Non-junction/no special feature,Paved,,Property Damage Only,0,0,0,0,0,0,1900,2,2,,POINT (-93.653438794251 41.585692917222)
2014817187,2014-63744,09/10/2014,09-September,4-Wednesday,06:50,0600 Hours,District 6 (East Central),DAVENPORT,SCOTT,,E 53RD ST & EASTERN AVE,Collision with:  Vehicle in traffic,On Roadway,"Angle, oncoming left turn",Ran Traffic Signal,None Indicated,,Daylight,Wet,Rain,None apparent,Intersection:  Four-way intersection,Paved,,Property Damage Only,0,0,0,0,0,0,5500,2,2,,POINT (-90.551320806069 41.574716355054)
2014816531,2014052689,09/10/2014,09-September,4-Wednesday,01:28,0100 Hours,District 4 (Southwest),,ADAIR,I-80,I-80,Collision with fixed object:  Other fixed object (explain in narrative),Median,Non-collision (single vehicle),Swerving/Evasive Action,None Indicated,,Dark - roadway not lighted,Wet,Cloudy,Other (explain in narrative),Non-intersection:  Non-junction/no special feature,Paved,,Property Damage Only,0,0,0,0,0,0,25000,1,2,,POINT (-94.50073846936 41.49614196916)
2014816212,661703,09/10/2014,09-September,4-Wednesday,08:05,0800 Hours,District 2 (Northeast),,MITCHELL,,Co Rd A19/480TH ST & EPIC AVE,Collision with fixed object:  Ditch,Shoulder,Non-collision (single vehicle),Ran off road - right,None Indicated,,Daylight,Wet,Clear,None apparent,Non-intersection:  Railroad grade crossing,Paved,,Possible/Unknown,0,1,0,0,1,0,5300,1,1,,POINT (-92.935191485961 43.458360175426)
2014816325,14-23910,09/10/2014,09-September,4-Wednesday,02:00,0200 Hours,District 1 (Central),NEWTON,JASPER,,E 5TH ST N,Collision with:  Parked motor vehicle,On Roadway,Head-on (front to front),Crossed centerline (undivided),Under Influence of Alcohol/Drugs/Medications,,Dark - roadway lighted,Dry,Clear,None apparent,Non-intersection:  Non-junction/no special feature,Paved,,Property Damage Only,0,0,0,0,0,0,6000,2,5,,POINT (-93.048342646981 41.705984607349)
2014816473,14091189,09/10/2014,09-September,4-Wednesday,09:03,0900 Hours,District 2 (Northeast),CEDAR FALLS,BLACK HAWK,IA 27,IA 27,Collision with fixed object:  Ditch,On Roadway,Non-collision (single vehicle),Ran off road - right,None Indicated,,Daylight,Dry,Cloudy,None apparent,Non-intersection:  Non-junction/no special feature,Paved,,Possible/Unknown,0,1,0,0,1,0,1500,1,1,,POINT (-92.453061134797 42.49289444733)
2014821154,2014-037644,09/10/2014,09-September,4-Wednesday,12:28,1200 Hours,District 6 (East Central),DUBUQUE,DUBUQUE,,PENNSYLVANIA AVE & JOHN F KENNEDY RD,Collision with:  Vehicle in traffic,On Roadway,Broadside (front to side),Ran Traffic Signal,None Indicated,,Daylight,Dry,Cloudy,None apparent,Intersection:  Four-way intersection,Paved,,Minor Injury,0,2,0,1,1,0,12500,3,3,,POINT (-90.721250888193 42.500465654626)
2014823711,14005580,09/10/2014,09-September,4-Wednesday,02:30,0200 Hours,District 3 (Northwest),,CHEROKEE,IA 3,IA 3/IOWA 3,Non-collision events:  Overturn/rollover,On Roadway,Non-collision (single vehicle),Swerving/Evasive Action,None Indicated,,Dark - roadway not lighted,Wet,Rain,None apparent,Non-intersection:  Non-junction/no special feature,Paved,,Property Damage Only,0,0,0,0,0,0,64700,1,1,,POINT (-95.560192585253 42.778382480338)
2014816254,14-007591,09/10/2014,09-September,4-Wednesday,15:40,1500 Hours,District 2 (Northeast),STRAWBERRY POINT,CLAYTON,IA 3,IA 3/W MISSION ST/COMMERCIAL ST & IA 13/ELKADER ST & E MISSION ST,Collision with:  Vehicle in traffic,On Roadway,"Sideswipe, same direction",Made improper turn,None Indicated,,Daylight,Dry,Cloudy,None apparent,Intersection:  Four-way intersection,Paved,,Property Damage Only,0,0,0,0,0,0,3000,2,2,,POINT (-91.534230201453 42.68346887222)
2014817627,201413396,09/10/2014,09-September,4-Wednesday,12:49,1200 Hours,District 6 (East Central),CEDAR RAPIDS,LINN,,BLAIRS FERRY RD NE,Collision with:  Vehicle in traffic,On Roadway,Rear-end (front to rear),Other (explain in narrative):  Other,None Indicated,,Daylight,Dry,Cloudy,None apparent,Non-intersection:  Non-junction/no special feature,Paved,,Property Damage Only,0,0,0,0,0,0,14500,6,6,,POINT (-91.651633043079 42.035237097512)
2014816511,2014052802,09/10/2014,09-September,4-Wednesday,15:10,1500 Hours,District 6 (East Central),,JOHNSON,I-80,I-80,Collision with fixed object:  Guardrail - face,Median,Non-collision (single vehicle),Ran off road - left,None Indicated,,Daylight,Dry,Cloudy,None apparent,Non-intersection:  Other non-intersection (explain in narrative),Paved,,Possible/Unknown,0,1,0,0,1,0,3000,1,1,,POINT (-91.366422615069 41.666155913433)
2014816813,2014-012709,09/10/2014,09-September,4-Wednesday,10:31,1000 Hours,District 6 (East Central),,DUBUQUE,,WHITETOP RD,Non-collision events:  Overturn/rollover,On Roadway,Non-collision (single vehicle),Swerving/Evasive Action,None Indicated,,Daylight,Dry,Cloudy,None apparent,Non-intersection:  Non-junction/no special feature,Unpaved,,Possible/Unknown,0,1,0,0,1,0,2500,1,1,,POINT (-90.743144337266 42.437852985978)
2014820353,144830,09/10/2014,09-September,4-Wednesday,07:51,0700 Hours,District 1 (Central),IOWA FALLS,HARDIN,US 65,US 65/OAK ST & ESTES ST,Collision with:  Vehicle in traffic,On Roadway,"Sideswipe, same direction",Lost Control,None Indicated,,Daylight,Dry,Cloudy,None apparent,Non-intersection:  Non-junction/no special feature,Paved,,Property Damage Only,0,0,0,0,0,0,5001,2,1,,POINT (-93.262992488529 42.520564106216)
2014816442,14-2017,09/10/2014,09-September,4-Wednesday,13:12,1300 Hours,District 1 (Central),URBANDALE,POLK,I-35,I-35,Collision with:  Vehicle in traffic,On Roadway,"Sideswipe, same direction",Improper or erratic lane changing,None Indicated,,Daylight,Dry,Cloudy,None apparent,Non-intersection:  Non-junction/no special feature,Paved,,Property Damage Only,0,0,0,0,0,0,5300,2,2,,POINT (-93.776852149739 41.644633818184)
2014816783,14-1334,09/10/2014,09-September,4-Wednesday,20:14,2000 Hours,District 3 (Northwest),SPIRIT LAKE,DICKINSON,,245TH AVE,Collision with:  Vehicle in traffic,On Roadway,Broadside (front to side),FTYROW:  From driveway,Alcohol (Statutory),,Dark - roadway lighted,Dry,Cloudy,None apparent,Non-intersection:  Driveway access (within),Paved,,Minor Injury,0,1,0,1,0,0,9500,2,2,,POINT (-95.102333033127 43.407903901241)
2014816331,S14-003602,09/10/2014,09-September,4-Wednesday,17:06,1700 Hours,District 4 (Southwest),,POTTAWATTAMIE,I-29,I-29 & I-680,Non-collision events:  Overturn/rollover,Shoulder,Non-collision (single vehicle),Ran off road - left,None Indicated,,Daylight,Dry,Cloudy,None apparent,Non-intersection:  Other non-intersection (explain in narrative),Paved,,Major Injury,0,1,1,0,0,0,3000,1,1,,POINT (-95.899030823765 41.354835789648)
2014816326,2014009992,09/10/2014,09-September,4-Wednesday,14:59,1400 Hours,District 6 (East Central),IOWA CITY,JOHNSON,,W BENTON ST & MORMON TREK BLVD,Collision with:  Vehicle in traffic,On Roadway,Broadside (front to side),FTYROW:  Making right turn on red signal,None Indicated,,Daylight,Dry,Cloudy,None apparent,Non-intersection:  Non-junction/no special feature,Paved,,Property Damage Only,0,0,0,0,0,0,4000,2,2,,POINT (-91.574060144133 41.649627365912)
2014816102,20140026739,09/10/2014,09-September,4-Wednesday,12:00,1200 Hours,District 1 (Central),DES MOINES,POLK,,CENTER ST,Collision with fixed object:  Other fixed object (explain in narrative),Outside trafficway,Non-collision (single vehicle),Ran off road - straight,None Indicated,,Daylight,Dry,Cloudy,None apparent,Non-intersection:  Non-junction/no special feature,Paved,,Property Damage Only,0,0,0,0,0,0,3100,1,1,,POINT (-93.671101041814 41.591725108612)
2014816946,14-006368,09/10/2014,09-September,4-Wednesday,15:52,1500 Hours,District 3 (Northwest),ONAWA,MONONA,I-29,I-29,Non-collision events:  Overturn/rollover,Median,Non-collision (single vehicle),Crossed centerline (undivided),None Indicated,,Daylight,Dry,Cloudy,None apparent,Non-intersection:  Non-junction/no special feature,Paved,,Possible/Unknown,0,1,0,0,0,1,4500,1,1,,POINT (-96.169543821313 42.072200700772)
2014827112,14-003885,09/10/2014,09-September,4-Wednesday,17:50,1700 Hours,District 1 (Central),ANKENY,POLK,US 69,US 69/N ANKENY BLVD,Collision with:  Vehicle in traffic,On Roadway,Rear-end (front to rear),Followed too close,None Indicated,,Daylight,Dry,Cloudy,None apparent,Non-intersection:  Non-junction/no special feature,Paved,,Major Injury,0,4,1,0,3,0,15000,2,4,,POINT (-93.600254989125 41.760198674686)
2014816350,14-32434,09/11/2014,09-September,5-Thursday,07:43,0700 Hours,District 5 (Southeast),BURLINGTON,DES MOINES,,GNAHN ST,Collision with:  Vehicle in traffic,On Roadway,Head-on (front to front),Other (explain in narrative):  Other,None Indicated,,Daylight,Dry,Cloudy,None apparent,Non-intersection:  Non-junction/no special feature,Paved,,Minor Injury,0,4,0,2,2,0,6000,2,4,,POINT (-91.114216865766 40.827181247585)
2014816569,091114-156,09/11/2014,09-September,5-Thursday,16:22,1600 Hours,District 3 (Northwest),STORM LAKE,BUENA VISTA,IA 7,IA 7/MILWAUKEE AVE,Collision with:  Vehicle in traffic,On Roadway,Rear-end (front to rear),Followed too close,None Indicated,,Daylight,Dry,Clear,None apparent,Non-intersection:  Non-junction/no special feature,Paved,,Property Damage Only,0,0,0,0,0,0,4000,2,4,,POINT (-95.197989656389 42.647477564296)
2014819047,14-29990,09/11/2014,09-September,5-Thursday,11:09,1100 Hours,District 3 (Northwest),SIOUX CITY,WOODBURY,I-29,I-29,Collision with:  Vehicle in traffic,On Roadway,"Sideswipe, same direction",FTYROW:  Other (explain in narrative),None Indicated,,Daylight,Dry,Cloudy,Work Zone (roadway-related),Interchange-related:  On-ramp,Paved,Yes,Property Damage Only,0,0,0,0,0,0,2500,2,2,,POINT (-96.397043065107 42.487735963239)
2014817160,2014-64144,09/11/2014,09-September,5-Thursday,21:36,2100 Hours,District 6 (East Central),DAVENPORT,SCOTT,,IA 461/HARRISON ST & W CENTRAL PARK AVE,Collision with fixed object:  Other fixed object (explain in narrative),Outside trafficway,Non-collision (single vehicle),Ran off road - right,Refused,,Dark - roadway lighted,Dry,Cloudy,None apparent,Intersection:  Four-way intersection,Paved,,Property Damage Only,0,0,0,0,0,0,12000,1,1,,POINT (-90.576950392494 41.545556597099)
2014816309,14-4529,09/11/2014,09-September,5-Thursday,13:31,1300 Hours,District 1 (Central),WEST DES MOINES,POLK,,22ND ST,Collision with:  Vehicle in traffic,On Roadway,Broadside (front to side),FTYROW:  From stop sign,None Indicated,,Daylight,Dry,Cloudy,None apparent,Intersection:  T-intersection,Paved,,Property Damage Only,0,0,0,0,0,0,3000,2,4,,POINT (-93.736109083608 41.599262616685)
2014819462,SO140373,09/11/2014,09-September,5-Thursday,05:57,0500 Hours,District 4 (Southwest),,ADAMS,,Co Rd N61/QUINCE AVE & 135TH ST,Collision with:  Animal,,,Animal,None Indicated,,,,,,,Paved,,Property Damage Only,0,0,0,0,0,0,10000,1,1,,POINT (-94.604051615181 41.107595240938)
2014869628,14-078,09/11/2014,09-September,5-Thursday,01:07,0100 Hours,District 3 (Northwest),SIOUX CENTER,SIOUX,,7TH ST NW,Collision with fixed object:  Curb/island/raised median,On Roadway,Non-collision (single vehicle),Lost Control,None Indicated,,Dark - roadway lighted,Dry,Cloudy,None apparent,Intersection:  Other intersection (explain in narrative),Paved,,Property Damage Only,0,0,0,0,0,0,2000,1,777,,POINT (-96.18830252727 43.084270566982)
2014816264,201413431,09/11/2014,09-September,5-Thursday,07:45,0700 Hours,District 6 (East Central),CEDAR RAPIDS,LINN,,EDGEWOOD RD SW,Collision with:  Vehicle in traffic,On Roadway,Rear-end (front to rear),Lost Control,None Indicated,,Daylight,Dry,Cloudy,None apparent,Non-intersection:  Non-junction/no special feature,Paved,,Property Damage Only,0,0,0,0,0,0,2000,2,2,,POINT (-91.715922115181 41.941253676594)
2014818027,126-2014,09/11/2014,09-September,5-Thursday,20:25,2000 Hours,District 4 (Southwest),,HARRISON,I-29,I-29,Collision with:  Animal,,,Animal,None Indicated,,,,,,,Paved,,Property Damage Only,0,0,0,0,0,0,6000,1,1,,POINT (-96.042843103411 41.698494058448)
2014816466,14-29973,09/11/2014,09-September,5-Thursday,08:08,0800 Hours,District 3 (Northwest),SIOUX CITY,WOODBURY,,W 3RD ST,Collision with:  Vehicle in traffic,On Roadway,Broadside (front to side),FTYROW:  From driveway,None Indicated,,Daylight,Dry,Cloudy,None apparent,Non-intersection:  Other non-intersection (explain in narrative),Paved,,Property Damage Only,0,0,0,0,0,0,2000,2,2,,POINT (-96.411370968547 42.495044744781)
2014817566,14-008279,09/11/2014,09-September,5-Thursday,13:14,1300 Hours,District 6 (East Central),INDEPENDENCE,BUCHANAN,,2ND ST NW & 1ST ST W & 2ND AVE SW,Collision with:  Vehicle in traffic,On Roadway,Rear-end (front to rear),Other (explain in narrative):  Other,None Indicated,,Daylight,Dry,Clear,None apparent,Intersection:  T-intersection,Paved,,Property Damage Only,0,0,0,0,0,0,1600,2,2,,POINT (-91.895369335633 42.468694043254)
2014817108,14006389,09/11/2014,09-September,5-Thursday,20:21,2000 Hours,District 1 (Central),ELLSWORTH,HAMILTON,,Co Rd D41/270TH ST,Collision with:  Animal,,,Animal,None Indicated,,,,,,,Paved,,Property Damage Only,0,0,0,0,0,0,3000,1,1,,POINT (-93.58585960514 42.398076866519)
2014816423,20140026869,09/11/2014,09-September,5-Thursday,14:59,1400 Hours,District 1 (Central),DES MOINES,POLK,,PARK AVE,Collision with:  Vehicle in traffic,On Roadway,Broadside (front to side),FTYROW:  Making left turn,None Indicated,,Daylight,Dry,Clear,None apparent,Non-intersection:  Driveway access (within),Paved,,Property Damage Only,0,0,0,0,0,0,3000,2,4,,POINT (-93.651815262637 41.555473726854)
2014816406,14-13954,09/11/2014,09-September,5-Thursday,07:53,0700 Hours,District 3 (Northwest),SPENCER,CLAY,,4TH AVE SW,Collision with:  Vehicle in traffic,On Roadway,Rear-end (front to rear),Followed too close,None Indicated,,Daylight,Dry,Cloudy,None apparent,Non-intersection:  Non-junction/no special feature,Paved,,Possible/Unknown,0,1,0,0,1,0,2900,2,2,,POINT (-95.150814060677 43.124744904562)
2014817438,,09/11/2014,09-September,5-Thursday,15:17,1500 Hours,District 5 (Southeast),WILTON,MUSCATINE,US 6,US 6 & W 3RD ST,Collision with:  Vehicle in traffic,On Roadway,Broadside (front to side),FTYROW:  From stop sign,None Indicated,,Daylight,Dry,Cloudy,None apparent,Intersection:  Four-way intersection,Paved,,Property Damage Only,0,0,0,0,0,0,6000,2,4,,POINT (-91.038209404025 41.588589618177)
2014816506,14-18769,09/11/2014,09-September,5-Thursday,06:04,0600 Hours,District 6 (East Central),BUFFALO,SCOTT,IA 22,IA 22/IOWA 22,Collision with:  Animal,,,Animal,None Indicated,,,,,,,Paved,,Property Damage Only,0,0,0,0,0,0,2500,1,1,,POINT (-90.71486670502 41.456658658241)
2014816512,2014052876,09/11/2014,09-September,5-Thursday,06:55,0600 Hours,District 6 (East Central),,IOWA,I-80,I-80,Collision with:  Animal,,,Animal,None Indicated,,,,,,,Paved,,Property Damage Only,0,0,0,0,0,0,1600,1,1,,POINT (-91.89062266543 41.687372654793)
2014817678,20140026851,09/11/2014,09-September,5-Thursday,12:38,1200 Hours,District 1 (Central),DES MOINES,POLK,,E GRAND AVE,Collision with:  Vehicle in traffic,On Roadway,Rear-end (front to rear),Followed too close,None Indicated,,Daylight,Dry,Cloudy,None apparent,Non-intersection:  Non-junction/no special feature,Paved,,Possible/Unknown,0,1,0,0,1,0,1250,2,4,,POINT (-93.597292287871 41.593510364511)