Iowa DOT Case Number,Law Enforcement Case Number,Date of Crash,Month of Crash,Day of Week,Time of Crash,Hour,DOT District,City Name,County Name,Route with System,Location Description,First Harmful Event,Location of First Harmful Event,Manner of Crash/Collision,Major Cause,Drug or Alcohol ,Environmental Conditions,Light Conditions,Surface Conditions,Weather Conditions,Roadway Contribution,Roadway Type,Roadway Surface,Work Zone,Crash Severity,Number of Fatalities,Number of Injuries,Number of Major Injuries,Number of Minor Injuries,Number of Possible Injuries,Number of Unknown Injuries,Amount of Property Damage,Number of Vehicles Involved,Total Number of Occupants,Travel Direction,Location
2014816387,14-013597,09/11/2014,09-September,5-Thursday,15:38,1500 Hours,District 6 (East Central),STANWOOD,CEDAR,US 30,US 30 & FRONT ST,Collision with:  Vehicle in traffic,On Roadway,Rear-end (front to rear),Followed too close,None Indicated,,Daylight,Dry,Clear,None apparent,Non-intersection:  Non-junction/no special feature,Paved,,Property Damage Only,0,0,0,0,0,0,7000,3,4,,POINT (-91.144128047953 41.888455970395)
2014817616,1409112310,09/11/2014,09-September,5-Thursday,23:00,2300 Hours,District 6 (East Central),,JONES,,Co Rd X64/CO RD X-64,Collision with:  Animal,,,Animal,None Indicated,,,,,,,Paved,,Property Damage Only,0,0,0,0,0,0,5000,1,1,,POINT (-90.976343166196 41.968432626936)
2014816424,20140026878,09/11/2014,09-September,5-Thursday,16:23,1600 Hours,District 1 (Central),DES MOINES,POLK,,HICKMAN RD,Collision with:  Vehicle in traffic,On Roadway,Broadside (front to side),FTYROW:  Making left turn,None Indicated,,Daylight,Dry,Cloudy,None apparent,Non-intersection:  Driveway access (within),Paved,,Possible/Unknown,0,1,0,0,1,0,6000,2,4,,POINT (-93.645669258015 41.615046331508)
2014816416,14019320,09/11/2014,09-September,5-Thursday,22:16,2200 Hours,District 6 (East Central),MARION,LINN,,PARKVIEW DR,Collision with:  Parked motor vehicle,On Roadway,Unknown,Lost Control,Alcohol (Statutory),,Dark - roadway not lighted,Dry,Cloudy,None apparent,Non-intersection:  Non-junction/no special feature,Paved,,Property Damage Only,0,0,0,0,0,0,9425,3,1,,POINT (-91.616618462885 42.037080942993)
2014817159,2014-63970,09/11/2014,09-September,5-Thursday,04:37,0400 Hours,District 6 (East Central),DAVENPORT,SCOTT,,GAYMAN AVE,Collision with fixed object:  Utility pole/light support,Outside trafficway,Non-collision (single vehicle),Ran off road - right,None Indicated,,Dark - roadway lighted,Dry,Clear,None apparent,Non-intersection:  Non-junction/no special feature,Paved,,Property Damage Only,0,0,0,0,0,0,14000,1,1,,POINT (-90.631035682002 41.506010952334)
2014818961,2014052881,09/11/2014,09-September,5-Thursday,07:30,0700 Hours,District 2 (Northeast),,FRANKLIN,,THRUSH AVE,Collision with fixed object:  Ditch,On Roadway,Non-collision (single vehicle),Ran off road - left,None Indicated,,Daylight,Dry,Cloudy,None apparent,Non-intersection:  Non-junction/no special feature,Unpaved,,Property Damage Only,0,0,0,0,0,0,3000,1,1,,POINT (-93.12400353909 42.898167244259)
2014828420,,09/11/2014,09-September,5-Thursday,16:03,1600 Hours,District 1 (Central),URBANDALE,POLK,,TOWNSEND AVE & 62ND ST,Collision with:  Vehicle in traffic,On Roadway,Broadside (front to side),Unknown,None Indicated,,Daylight,Dry,Cloudy,,Intersection:  Four-way intersection,Paved,,Property Damage Only,0,0,0,0,0,0,2500,2,3,,POINT (-93.703172185372 41.640334386857)
2014816681,14-004254,09/11/2014,09-September,5-Thursday,13:48,1300 Hours,District 1 (Central),AMES,STORY,,ONTARIO ST,Collision with:  Vehicle in traffic,On Roadway,Rear-end (front to rear),Lost Control,None Indicated,,Daylight,Dry,Cloudy,None apparent,Non-intersection:  Non-junction/no special feature,Paved,,Possible/Unknown,0,1,0,0,0,1,11500,2,1,,POINT (-93.664503276815 42.03447025548)
2014816903,2014052942,09/11/2014,09-September,5-Thursday,13:30,1300 Hours,District 5 (Southeast),,DECATUR,US 69,US 69,Collision with fixed object:  Tree,Roadside,Non-collision (single vehicle),Ran off road - left,None Indicated,,Daylight,Dry,Cloudy,None apparent,Non-intersection:  Non-junction/no special feature,Paved,,Property Damage Only,0,0,0,0,0,0,3000,1,1,,POINT (-93.798057219764 40.655909272409)
2014816500,14-7141PD,09/11/2014,09-September,5-Thursday,22:12,2200 Hours,District 1 (Central),BOONE,BOONE,,10TH ST & DIVISION ST,Collision with fixed object:  Curb/island/raised median,On Roadway,Non-collision (single vehicle),"Operating vehicle in an reckless, erratic, careless, negligent manner",Refused,,Dark - roadway lighted,Dry,Cloudy,None apparent,Intersection:  T-intersection,Paved,,Property Damage Only,0,0,0,0,0,0,6300,1,1,,POINT (-93.893094458927 42.065819811864)
2014818026,125-2014,09/11/2014,09-September,5-Thursday,05:15,0500 Hours,District 4 (Southwest),,HARRISON,US 30,US 30 & DESOTO NWR,Collision with:  Animal,,,Animal,None Indicated,,,,,,,Paved,,Property Damage Only,0,0,0,0,0,0,3000,1,1,,POINT (-96.026464660476 41.551295483395)
2014816441,20140026815,09/11/2014,09-September,5-Thursday,05:30,0500 Hours,District 1 (Central),DES MOINES,POLK,,COLLEGE AVE & MICHIGAN ST,Collision with fixed object:  Utility pole/light support,On Roadway,Non-collision (single vehicle),Swerving/Evasive Action,None Indicated,,Dark - roadway lighted,Dry,Cloudy,None apparent,Intersection:  T-intersection,Paved,,Property Damage Only,0,0,0,0,0,0,1500,1,1,,POINT (-93.613768717577 41.607691043945)
2014816492,S14-003616,09/11/2014,09-September,5-Thursday,15:25,1500 Hours,District 4 (Southwest),OAKLAND,POTTAWATTAMIE,US 6,US 6,Collision with:  Vehicle in traffic,On Roadway,Rear-end (front to rear),Followed too close,None Indicated,,Daylight,Wet,Rain,None apparent,Non-intersection:  Non-junction/no special feature,Paved,,Property Damage Only,0,0,0,0,0,0,4000,2,2,,POINT (-95.400246196839 41.305208328485)
2014816469,14-30047,09/11/2014,09-September,5-Thursday,20:34,2000 Hours,District 3 (Northwest),SIOUX CITY,WOODBURY,I-29,I-29,Collision with:  Vehicle in traffic,On Roadway,Rear-end (front to rear),Followed too close,None Indicated,,Dark - roadway not lighted,Dry,Clear,Work Zone (roadway-related),Interchange-related:  On-ramp merge area,Paved,Yes,Property Damage Only,0,0,0,0,0,0,3000,2,4,,POINT (-96.416786720817 42.492163876196)
2014816305,146766,09/11/2014,09-September,5-Thursday,00:34,0000 Hours,District 4 (Southwest),WOODWARD,DALLAS,IA 141,IA 141/IOWA 141,Collision with:  Animal,,,Animal,None Indicated,,,,,,,Paved,,Property Damage Only,0,0,0,0,0,0,1500,1,777,,POINT (-93.91291975198 41.828393224779)
2014819117,2014-012731,09/11/2014,09-September,5-Thursday,16:33,1600 Hours,District 6 (East Central),,DUBUQUE,US 52,US 52,Collision with:  Animal,,,Animal,None Indicated,,,,,,,Paved,,Property Damage Only,0,0,0,0,0,0,3000,1,2,,POINT (-90.670201390599 42.463696914794)
2014817229,14005654,09/11/2014,09-September,5-Thursday,20:05,2000 Hours,District 2 (Northeast),,CERRO GORDO,IA 122,IA 122/IOWA 122,Collision with:  Animal,,,Animal,None Indicated,,,,,,,Paved,,Property Damage Only,0,0,0,0,0,0,3000,1,1,,POINT (-93.315929582074 43.148039677731)
2014816610,14-003894,09/11/2014,09-September,5-Thursday,08:12,0800 Hours,District 1 (Central),ANKENY,POLK,,SW MAGAZINE RD,Collision with:  Vehicle in traffic,On Roadway,Broadside (front to side),FTYROW:  Making left turn,None Indicated,,Daylight,Dry,Cloudy,None apparent,Intersection:  T-intersection,Paved,,Possible/Unknown,0,1,0,0,1,0,2200,2,4,,POINT (-93.604664629917 41.717338160408)
2014816493,14S01452,09/11/2014,09-September,5-Thursday,20:44,2000 Hours,District 4 (Southwest),,UNION,,Co Rd P43/REA RD & 125TH ST,Non-collision events:  Overturn/rollover,Outside trafficway,Non-collision (single vehicle),Swerving/Evasive Action,None Indicated,,Dark - roadway not lighted,Wet,Rain,None apparent,Intersection:  T-intersection,Paved,,Property Damage Only,0,0,0,0,0,0,3500,1,4,,POINT (-94.260986384395 41.121544949456)
2014816425,20140026879,09/11/2014,09-September,5-Thursday,16:13,1600 Hours,District 1 (Central),DES MOINES,POLK,,CLEVELAND AVE & E 15TH ST & E WASHINGTON AVE,Collision with:  Vehicle in traffic,On Roadway,Broadside (front to side),Ran Stop Sign,None Indicated,,Daylight,Dry,Clear,None apparent,Intersection:  Four-way intersection,Paved,,Possible/Unknown,0,1,0,0,1,0,3400,2,2,,POINT (-93.597591102165 41.605092121405)
2014816415,14019294,09/11/2014,09-September,5-Thursday,12:59,1200 Hours,District 6 (East Central),MARION,LINN,,,Collision with:  Vehicle in traffic,On Roadway,Rear-end (front to rear),Followed too close,None Indicated,,Daylight,Dry,Clear,None apparent,Non-intersection:  Non-junction/no special feature,,,Property Damage Only,0,0,0,0,0,0,7000,2,2,,POINT (-96.643700149993 40.233091251414)
2014816481,14-4534,09/11/2014,09-September,5-Thursday,21:44,2100 Hours,District 1 (Central),WEST DES MOINES,POLK,I-35,I-35,Collision with:  Vehicle in traffic,On Roadway,"Sideswipe, same direction",Improper or erratic lane changing,None Indicated,,Dark - roadway lighted,Dry,Clear,None apparent,Interchange-related:  On-ramp merge area,Paved,,Possible/Unknown,0,1,0,0,1,0,6000,2,3,,POINT (-93.777244284864 41.593308324332)
2014816308,14-4522,09/11/2014,09-September,5-Thursday,09:23,0900 Hours,District 1 (Central),WEST DES MOINES,POLK,I-80,I-80,Collision with fixed object:  Bridge overhead structure,On Roadway,Non-collision (single vehicle),Lost Control,None Indicated,,Daylight,Dry,Cloudy,None apparent,Non-intersection:  Other non-intersection (explain in narrative),Paved,,Property Damage Only,0,0,0,0,0,0,23000,1,1,,POINT (-93.778418837578 41.592201498126)
2014816307,14-4519,09/11/2014,09-September,5-Thursday,06:12,0600 Hours,District 1 (Central),WEST DES MOINES,POLK,,NW 114TH ST & UNIVERSITY AVE & 50TH ST,Collision with:  Vehicle in traffic,On Roadway,"Angle, oncoming left turn",Made improper turn,None Indicated,,Dawn,Dry,Clear,None apparent,Intersection:  Four-way intersection,Paved,,Property Damage Only,0,0,0,0,0,0,3000,2,2,,POINT (-93.771330018051 41.600445833471)
2014817550,N14000483,09/11/2014,09-September,5-Thursday,17:40,1700 Hours,District 6 (East Central),NORTH LIBERTY,JOHNSON,,SCALES BEND RD,Collision with:  Vehicle in traffic,On Roadway,Broadside (front to side),FTYROW:  From stop sign,None Indicated,,Daylight,Dry,Cloudy,None apparent,Intersection:  Four-way intersection,Paved,,Property Damage Only,0,0,0,0,0,0,5100,2,2,,POINT (-91.607741356096 41.765066406403)
2014816444,14-2020,09/11/2014,09-September,5-Thursday,00:35,0000 Hours,District 1 (Central),URBANDALE,POLK,,MEREDITH DR,Collision with:  Animal,,,Animal,None Indicated,,,,,,,Paved,,Property Damage Only,0,0,0,0,0,0,2000,1,1,,POINT (-93.721090292689 41.643862264704)
2014817495,14-2024,09/11/2014,09-September,5-Thursday,14:27,1400 Hours,District 1 (Central),URBANDALE,POLK,IA 28,IA 28/MERLE HAY RD & AURORA AVE,Collision with:  Vehicle in traffic,On Roadway,Rear-end (front to rear),FTYROW:  Other (explain in narrative),None Indicated,,Daylight,Dry,Cloudy,None apparent,Intersection:  Four-way intersection,Paved,,Property Damage Only,0,0,0,0,0,0,2500,2,2,,POINT (-93.69772983841 41.636710645654)
2014816498,201404265,09/11/2014,09-September,5-Thursday,15:30,1500 Hours,District 1 (Central),,BOONE,,250TH ST,Non-collision events:  Overturn/rollover,On Roadway,Non-collision (single vehicle),Swerving/Evasive Action,None Indicated,,Daylight,Dry,Cloudy,None apparent,Non-intersection:  Non-junction/no special feature,Unpaved,,Major Injury,0,1,1,0,0,0,6000,1,1,,POINT (-94.009016168688 41.993716975516)
2014816474,146770,09/11/2014,09-September,5-Thursday,07:35,0700 Hours,District 4 (Southwest),,DALLAS,,Co Rd P58/J AVE,Collision with:  Vehicle in traffic,Shoulder,"Sideswipe, opposite direction",Swerving/Evasive Action,None Indicated,,Daylight,Dry,Clear,None apparent,Non-intersection:  Non-junction/no special feature,Paved,,Property Damage Only,0,0,0,0,0,0,14000,2,2,,POINT (-94.106027897075 41.809457040239)
2014819741,14038653,09/11/2014,09-September,5-Thursday,18:05,1800 Hours,District 5 (Southeast),MUSCATINE,MUSCATINE,,N ISETT AVE,Non-collision events:  Overturn/rollover,On Roadway,Non-collision (single vehicle),Swerving/Evasive Action,None Indicated,,Daylight,Dry,Cloudy,None apparent,Non-intersection:  Non-junction/no special feature,Unpaved,,Property Damage Only,0,0,0,0,0,0,1500,1,1,,POINT (-91.059174651718 41.488565218508)
2014816491,2014-4474,09/11/2014,09-September,5-Thursday,17:55,1700 Hours,District 4 (Southwest),WAUKEE,DALLAS,US 6,US 6/HICKMAN AVE & NE DARTMOOR DR,Collision with:  Vehicle in traffic,On Roadway,"Angle, oncoming left turn",FTYROW:  From stop sign,None Indicated,,Daylight,Dry,Cloudy,None apparent,Intersection:  Four-way intersection,Paved,,Property Damage Only,0,0,0,0,0,0,17000,2,3,,POINT (-93.866058647219 41.61496631148)
2014816608,14-003904,09/11/2014,09-September,5-Thursday,17:39,1700 Hours,District 1 (Central),ANKENY,POLK,,SW 2ND ST,Non-collision events:  Other non-collision (explain in narrative),On Roadway,Non-collision (single vehicle),Driving too fast for conditions,None Indicated,,Daylight,"Mud, dirt",Clear,Work Zone (roadway-related),Non-intersection:  Alley,Paved,Yes,Minor Injury,0,1,0,1,0,0,500,1,1,,POINT (-93.6067504644 41.730765675129)
2014816496,2014010036,09/11/2014,09-September,5-Thursday,17:18,1700 Hours,District 6 (East Central),IOWA CITY,JOHNSON,US 6,US 6,Collision with:  Vehicle in traffic,On Roadway,Rear-end (front to rear),FTYROW:  Other (explain in narrative),None Indicated,,Daylight,Dry,Clear,None apparent,Non-intersection:  Non-junction/no special feature,Paved,,Property Damage Only,0,0,0,0,0,0,2000,2,4,,POINT (-91.533772402242 41.645868940758)
2014816990,CL14003245,09/11/2014,09-September,5-Thursday,15:50,1500 Hours,District 6 (East Central),CLINTON,CLINTON,,13TH AVE N & N 4TH ST,Collision with:  Vehicle in traffic,On Roadway,Rear-end (front to rear),Other (explain in narrative):  Other,None Indicated,,Daylight,Dry,Cloudy,None apparent,Non-intersection:  Non-junction/no special feature,Paved,,Property Damage Only,0,0,0,0,0,0,3500,2,3,,POINT (-90.188610818135 41.859347823446)
2014817969,,09/11/2014,09-September,5-Thursday,20:45,2000 Hours,District 6 (East Central),IOWA CITY,JOHNSON,,,Collision with:  Animal,On Roadway,Non-collision (single vehicle),Animal,None Indicated,,Dark - roadway not lighted,Dry,Clear,,Non-intersection:  Driveway access (within),,,Property Damage Only,0,0,0,0,0,0,5000,1,1,,POINT (-96.643700149993 40.233091251414)
2014816429,20140026835,09/11/2014,09-September,5-Thursday,09:50,0900 Hours,District 1 (Central),DES MOINES,POLK,US 6,US 6/FREDERICK M HUBBELL AVE,Collision with:  Vehicle in traffic,On Roadway,Rear-end (front to rear),Lost Control,None Indicated,,Daylight,Dry,Cloudy,None apparent,Non-intersection:  Non-junction/no special feature,Paved,,Possible/Unknown,0,1,0,0,1,0,3000,2,2,,POINT (-93.540446380745 41.631306748527)
2014816513,2014052972,09/11/2014,09-September,5-Thursday,16:01,1600 Hours,District 2 (Northeast),,HUMBOLDT,,GOTCH PARK RD,Non-collision events:  Overturn/rollover,On Roadway,Non-collision (single vehicle),Ran off road - straight,None Indicated,,Daylight,Dry,Cloudy,None apparent,Non-intersection:  Driveway access (within),Paved,,Major Injury,0,1,1,0,0,0,2500,1,1,,POINT (-94.207223641277 42.678426134076)
2014816494,2014010022,09/11/2014,09-September,5-Thursday,09:13,0900 Hours,District 6 (East Central),IOWA CITY,JOHNSON,I-80,I-80 & IA 1/N DODGE ST,Collision with:  Vehicle in traffic,On Roadway,Broadside (front to side),Ran Traffic Signal,None Indicated,,Daylight,Dry,Cloudy,None apparent,Intersection:  Intersection with ramp,Paved,,Property Damage Only,0,0,0,0,0,0,6300,2,2,,POINT (-91.500360943085 41.685437140257)
2014816320,14-17603,09/11/2014,09-September,5-Thursday,07:27,0700 Hours,District 2 (Northeast),,BREMER,IA 93,IA 93/IOWA 93 & Co Rd V56/VIKING AVE,Collision with:  Vehicle in traffic,On Roadway,Broadside (front to side),Ran Stop Sign,None Indicated,,Daylight,Dry,Cloudy,None apparent,Intersection:  Four-way intersection,Paved,,Property Damage Only,0,0,0,0,0,0,10000,2,2,,POINT (-92.140740723207 42.847471240821)
2014819046,14-29975,09/11/2014,09-September,5-Thursday,08:22,0800 Hours,District 3 (Northwest),SIOUX CITY,WOODBURY,,26TH ST & COURT ST,Collision with:  Vehicle in traffic,On Roadway,"Angle, oncoming left turn",FTYROW:  Making left turn,None Indicated,,Daylight,Dry,Cloudy,None apparent,Intersection:  Four-way intersection,Paved,,Property Damage Only,0,0,0,0,0,0,1600,2,3,,POINT (-96.396090507682 42.516641594614)
2014816471,14-038765,09/11/2014,09-September,5-Thursday,16:37,1600 Hours,District 4 (Southwest),COUNCIL BLUFFS,POTTAWATTAMIE,US 6,US 6/W BROADWAY & S 35TH ST & N 35TH ST,Collision with:  Vehicle in traffic,On Roadway,Rear-end (front to rear),Followed too close,None Indicated,,Daylight,Wet,Rain,None apparent,Intersection:  Four-way intersection,Paved,,Possible/Unknown,0,1,0,0,1,0,3500,2,2,,POINT (-95.902109382157 41.261867645958)
2014816819,2014-037676,09/11/2014,09-September,5-Thursday,15:17,1500 Hours,District 6 (East Central),DUBUQUE,DUBUQUE,,PROVIDENCE ST & WINDSOR AVE,Collision with:  Vehicle in traffic,On Roadway,"Sideswipe, same direction",Lost Control,None Indicated,,Daylight,Dry,Cloudy,None apparent,Intersection:  Four-way intersection,Paved,,Possible/Unknown,0,1,0,0,1,0,3000,2,4,,POINT (-90.665752153552 42.516620128283)
2014817195,2014-63948,09/11/2014,09-September,5-Thursday,02:09,0200 Hours,District 6 (East Central),DAVENPORT,SCOTT,,BROWN ST,Collision with fixed object:  Utility pole/light support,Outside trafficway,Non-collision (single vehicle),Ran off road - left,Alcohol (Statutory),,Dark - roadway lighted,Dry,Clear,None apparent,Intersection:  T-intersection,Paved,,Possible/Unknown,0,1,0,0,1,0,3500,1,3,,POINT (-90.584430385454 41.526260192996)
2014818111,14-001064,09/11/2014,09-September,5-Thursday,06:42,0600 Hours,District 1 (Central),,STORY,US 30,US 30,Collision with:  Animal,,,Animal,None Indicated,,,,,,,Paved,,Property Damage Only,0,0,0,0,0,0,2000,1,1,,POINT (-93.391751572746 42.007795767081)
2014816408,14006382,09/11/2014,09-September,5-Thursday,17:02,1700 Hours,District 1 (Central),,HAMILTON,,Co Rd D20/220TH ST,Non-collision events:  Overturn/rollover,On Roadway,Non-collision (single vehicle),Swerving/Evasive Action,None Indicated,,Daylight,Dry,Cloudy,None apparent,Non-intersection:  Non-junction/no special feature,Paved,,Possible/Unknown,0,3,0,0,3,0,5000,1,3,,POINT (-93.89061008588 42.471907888528)
2014816430,20140026843,09/11/2014,09-September,5-Thursday,10:55,1000 Hours,District 1 (Central),DES MOINES,POLK,,ARMY POST RD & FLEUR DR,Collision with:  Vehicle in traffic,On Roadway,Rear-end (front to rear),FTYROW:  Other (explain in narrative),None Indicated,,Daylight,Dry,Cloudy,None apparent,Intersection:  Four-way intersection,Paved,,Property Damage Only,0,0,0,0,0,0,2500,2,2,,POINT (-93.644974905912 41.52599531044)
2014816820,2014-037680,09/11/2014,09-September,5-Thursday,16:16,1600 Hours,District 6 (East Central),DUBUQUE,DUBUQUE,,CEDAR CROSS RD & HUGHES CT,Collision with fixed object:  Utility pole/light support,On Roadway,Non-collision (single vehicle),Other (explain in narrative):  Other,None Indicated,,Daylight,Dry,Cloudy,None apparent,Non-intersection:  Non-junction/no special feature,Paved,,Property Damage Only,0,0,0,0,0,0,10500,1,1,,POINT (-90.710096964486 42.479972394996)
2014825989,201413484,09/11/2014,09-September,5-Thursday,20:20,2000 Hours,District 6 (East Central),CEDAR RAPIDS,LINN,,C AVE NE,Collision with:  Vehicle in traffic,On Roadway,Rear-end (front to rear),Other (explain in narrative):  Other,Alcohol (Statutory),,Dark - roadway not lighted,Dry,Clear,None apparent,Intersection:  Four-way intersection,Paved,,Possible/Unknown,0,1,0,0,1,0,20000,2,3,,POINT (-91.638461719467 42.034811395944)
2014817106,14-32517,09/11/2014,09-September,5-Thursday,21:19,2100 Hours,District 5 (Southeast),,DES MOINES,US 61,US 61 & Co Rd H40/PLEASANT GROVE RD,Collision with:  Animal,,,Animal,None Indicated,,,,,,,Paved,,Property Damage Only,0,0,0,0,0,0,2500,1,1,,POINT (-91.170127456384 40.971962382941)
2014816467,14-30025,09/11/2014,09-September,5-Thursday,17:19,1700 Hours,District 3 (Northwest),SIOUX CITY,WOODBURY,,11TH ST & TERMINAL DR,Collision with:  Vehicle in traffic,On Roadway,Broadside (front to side),FTYROW:  From stop sign,None Indicated,,Daylight,Dry,Cloudy,None apparent,Intersection:  T-intersection,Paved,,Possible/Unknown,0,1,0,0,1,0,12000,3,6,,POINT (-96.38335440644 42.501909220273)
2014816945,1400000793,09/11/2014,09-September,5-Thursday,15:06,1500 Hours,District 1 (Central),MARSHALLTOWN,MARSHALL,,Co Rd E23/160TH ST & DAVIDSON AVE,Collision with:  Vehicle in traffic,On Roadway,"Sideswipe, same direction",Other (explain in narrative):  Other,None Indicated,,Daylight,Dry,Clear,None apparent,Intersection:  Four-way intersection,Paved,,Possible/Unknown,0,1,0,0,1,0,5050,2,3,,POINT (-93.175637293063 42.122208821921)
2014816568,091114-133,09/11/2014,09-September,5-Thursday,14:15,1400 Hours,District 3 (Northwest),STORM LAKE,BUENA VISTA,IA 7,IA 7/FLINDT RD & E 4TH ST,Collision with:  Vehicle in traffic,On Roadway,"Sideswipe, same direction",Improper or erratic lane changing,None Indicated,,Daylight,Dry,Cloudy,None apparent,Non-intersection:  Non-junction/no special feature,Paved,,Property Damage Only,0,0,0,0,0,0,4500,2,2,,POINT (-95.186433598408 42.642484853137)
2014816497,2014010038,09/11/2014,09-September,5-Thursday,17:38,1700 Hours,District 6 (East Central),IOWA CITY,JOHNSON,,1ST ST & S GILBERT ST,Collision with:  Vehicle in traffic,On Roadway,Broadside (front to side),Ran Stop Sign,None Indicated,,Daylight,Dry,Cloudy,None apparent,Intersection:  Four-way intersection,Paved,,Property Damage Only,0,0,0,0,0,0,9000,2,2,,POINT (-91.53199709568 41.648431249295)
2014816431,20140026855,09/11/2014,09-September,5-Thursday,12:50,1200 Hours,District 1 (Central),DES MOINES,POLK,,EASTON BLVD & E 25TH ST,Collision with:  Vehicle in traffic,On Roadway,"Sideswipe, same direction",Made improper turn,None Indicated,,Daylight,Dry,Cloudy,None apparent,Non-intersection:  Non-junction/no special feature,Paved,,Property Damage Only,0,0,0,0,0,0,6500,2,3,,POINT (-93.570728992518 41.607309286058)
2014819574,14-014169,09/11/2014,09-September,5-Thursday,22:07,2200 Hours,District 2 (Northeast),,FLOYD,US 18,US 18,Collision with:  Animal,,,Animal,None Indicated,,,,,,,Paved,,Property Damage Only,0,0,0,0,0,0,4000,1,1,,POINT (-92.631625100895 43.067000762175)
2014816414,201413444,09/11/2014,09-September,5-Thursday,10:09,1000 Hours,District 6 (East Central),CEDAR RAPIDS,LINN,,DIAGONAL DR SW,Collision with:  Vehicle in traffic,On Roadway,Broadside (front to side),FTYROW:  From stop sign,None Indicated,,Daylight,Dry,Cloudy,None apparent,Intersection:  Four-way intersection,Paved,,Property Damage Only,0,0,0,0,0,0,5000,2,4,,POINT (-91.672229299437 41.970874297861)
2014816701,14-30112,09/11/2014,09-September,5-Thursday,22:30,2200 Hours,District 3 (Northwest),SIOUX CITY,WOODBURY,,TALBOT RD,Collision with fixed object:  Tree,On Roadway,Non-collision (single vehicle),Ran off road - right,None Indicated,,Dark - roadway not lighted,Wet,Rain,None apparent,Non-intersection:  Non-junction/no special feature,Unpaved,,Property Damage Only,0,0,0,0,0,0,4500,1,1,,POINT (-96.440293501156 42.529404535718)
2014816999,14-039353,09/11/2014,09-September,5-Thursday,19:45,1900 Hours,District 4 (Southwest),COUNCIL BLUFFS,POTTAWATTAMIE,,LINCOLN AVE,Collision with:  Vehicle in traffic,On Roadway,Broadside (front to side),Improper Backing,None Indicated,,Daylight,Dry,Clear,None apparent,Intersection:  Four-way intersection,Paved,,Property Damage Only,0,0,0,0,0,0,2000,2,2,,POINT (-95.83794252513 41.264621324978)
2014816446,GP20140750,09/11/2014,09-September,5-Thursday,18:59,1800 Hours,District 1 (Central),GRINNELL,POWESHIEK,,PENROSE ST,Collision with:  Vehicle in traffic,On Roadway,Rear-end (front to rear),Driver Distraction:  Manual operation of an electronic communication device,None Indicated,,Daylight,Dry,Cloudy,None apparent,Non-intersection:  Non-junction/no special feature,Paved,,Property Damage Only,0,0,0,0,0,0,6000,3,4,,POINT (-92.708001780975 41.747434699458)
2014816885,14-001107,09/11/2014,09-September,5-Thursday,23:43,2300 Hours,District 1 (Central),JOHNSTON,POLK,,NW JOHNSTON DR,Collision with:  Animal,,,Animal,None Indicated,,,,,,,Paved,,Property Damage Only,0,0,0,0,0,0,3000,1,1,,POINT (-93.689656449095 41.657637931178)
2014816328,14-23994,09/11/2014,09-September,5-Thursday,04:37,0400 Hours,District 1 (Central),,JASPER,I-80,I-80,Collision with fixed object:  Other fixed object (explain in narrative),On Roadway,Non-collision (single vehicle),Ran off road - right,None Indicated,,Dark - roadway not lighted,Dry,Clear,None apparent,Non-intersection:  Non-junction/no special feature,Paved,,Property Damage Only,0,0,0,0,0,0,2000,1,1,,POINT (-92.83683789914 41.69516045842)
2014816485,2014-18795,09/11/2014,09-September,5-Thursday,14:01,1400 Hours,District 6 (East Central),,SCOTT,,Co Rd F55/210 ST & JERSEY RIDGE RD,Collision with:  Vehicle in traffic,On Roadway,Rear-end (front to rear),Other (explain in narrative):  Other,None Indicated,,Daylight,Dry,Cloudy,None apparent,Intersection:  T-intersection,Paved,,Possible/Unknown,0,1,0,0,1,0,6000,2,2,,POINT (-90.539535493469 41.611219360045)
2014816902,2014052910,09/11/2014,09-September,5-Thursday,10:41,1000 Hours,District 5 (Southeast),,DECATUR,I-35,I-35,Collision with:  Other non-fixed object (explain in narrative),On Roadway,Non-collision (single vehicle),Equipment failure,None Indicated,,Daylight,Dry,Cloudy,Work Zone (roadway-related),Non-intersection:  Non-junction/no special feature,Paved,Yes,Minor Injury,0,2,0,2,0,0,11800,2,3,,POINT (-93.835745103217 40.775276049619)
2014816427,20140026895,09/11/2014,09-September,5-Thursday,19:11,1900 Hours,District 1 (Central),DES MOINES,POLK,,ARMY POST RD & FLEUR DR,Collision with:  Vehicle in traffic,On Roadway,"Angle, oncoming left turn",Unknown,None Indicated,,Dusk,Wet,Cloudy,None apparent,Non-intersection:  Non-junction/no special feature,Paved,,Property Damage Only,0,0,0,0,0,0,2000,2,2,,POINT (-93.644975174576 41.526022331005)
2014817048,2014052897,09/11/2014,09-September,5-Thursday,07:45,0700 Hours,District 4 (Southwest),,ADAMS,,VANILLA AVE & 200TH ST,Collision with:  Vehicle in traffic,On Roadway,Broadside (front to side),Ran Stop Sign,None Indicated,,Dawn,"Mud, dirt",Rain,None apparent,Intersection:  Four-way intersection,Unpaved,,Fatal,1,0,0,0,0,0,30000,2,2,,POINT (-94.509223652667 41.014638100056)
2014822131,,09/11/2014,09-September,5-Thursday,09:37,0900 Hours,District 2 (Northeast),CLEAR LAKE,CERRO GORDO,,2ND AVE N & N 5TH ST,Collision with:  Vehicle in traffic,On Roadway,Broadside (front to side),FTYROW:  From yield sign,None Indicated,,Daylight,Dry,Cloudy,None apparent,Intersection:  Four-way intersection,Paved,,Property Damage Only,0,0,0,0,0,0,6000,2,4,,POINT (-93.381580497722 43.138627607518)