Iowa DOT Case Number,Law Enforcement Case Number,Date of Crash,Month of Crash,Day of Week,Time of Crash,Hour,DOT District,City Name,County Name,Route with System,Location Description,First Harmful Event,Location of First Harmful Event,Manner of Crash/Collision,Major Cause,Drug or Alcohol ,Environmental Conditions,Light Conditions,Surface Conditions,Weather Conditions,Roadway Contribution,Roadway Type,Roadway Surface,Work Zone,Crash Severity,Number of Fatalities,Number of Injuries,Number of Major Injuries,Number of Minor Injuries,Number of Possible Injuries,Number of Unknown Injuries,Amount of Property Damage,Number of Vehicles Involved,Total Number of Occupants,Travel Direction,Location
2014816834,2014-37706,09/12/2014,09-September,6-Friday,13:07,1300 Hours,District 6 (East Central),DUBUQUE,DUBUQUE,,ASBURY RD,Collision with:  Vehicle in traffic,On Roadway,"Angle, oncoming left turn",FTYROW:  Making left turn,None Indicated,,Daylight,Wet,Rain,None apparent,Non-intersection:  Driveway access (within),Paved,,Property Damage Only,0,0,0,0,0,0,10000,2,3,,POINT (-90.719836552089 42.51191918934)
2014817952,2014053036,09/12/2014,09-September,6-Friday,08:30,0800 Hours,District 4 (Southwest),,POTTAWATTAMIE,I-29,I-29,Non-collision events:  Other non-collision (explain in narrative),Shoulder,Non-collision (single vehicle),Ran off road - right,None Indicated,,Daylight,Wet,Rain,None apparent,Interchange-related:  On-ramp merge area,Paved,,Property Damage Only,0,0,0,0,0,0,3000,1,1,,POINT (-95.899787911535 41.353312664327)
2014816717,146796,09/12/2014,09-September,6-Friday,00:30,0000 Hours,District 4 (Southwest),,DALLAS,,270TH ST,Collision with fixed object:  Other fixed object (explain in narrative),On Roadway,Non-collision (single vehicle),Lost Control,None Indicated,,Dark - roadway lighted,Dry,Clear,None apparent,Non-intersection:  Non-junction/no special feature,Unpaved,,Property Damage Only,0,0,0,0,0,0,5000,1,1,,POINT (-94.020666722497 41.63656651187)
2014816616,20140026970,09/12/2014,09-September,6-Friday,14:00,1400 Hours,District 1 (Central),DES MOINES,POLK,I-235,I-235 & KEOSAUQUA WAY,Collision with:  Non-motorist (see non-motorist section - NOT a unit),On Roadway,Non-collision (single vehicle),FTYROW:  To pedestrian,None Indicated,,Daylight,Wet,Cloudy,None apparent,Non-intersection:  Non-junction/no special feature,Paved,,Minor Injury,0,1,0,1,0,0,0,1,1,,POINT (-93.63547826642 41.595395316558)
2014816878,14002909,09/12/2014,09-September,6-Friday,15:30,1500 Hours,District 6 (East Central),CORALVILLE,JOHNSON,US 6,US 6/2ND ST,Collision with:  Vehicle in traffic,On Roadway,Rear-end (front to rear),Driver Distraction:  Reaching for object(s)/fallen object(s),None Indicated,,Daylight,Wet,Rain,None apparent,Non-intersection:  Non-junction/no special feature,Paved,,Property Damage Only,0,0,0,0,0,0,3500,3,3,,POINT (-91.593395853178 41.680443988698)
2014816891,14-190,09/12/2014,09-September,6-Friday,16:44,1600 Hours,District 2 (Northeast),WAVERLY,BREMER,,SHEPHERD AVE,Collision with:  Parked motor vehicle,On Roadway,Rear-end (front to rear),Improper Backing,None Indicated,,Daylight,Dry,Cloudy,None apparent,Non-intersection:  Non-junction/no special feature,Paved,,Property Damage Only,0,0,0,0,0,0,2000,2,1,,POINT (-92.488365914575 42.736876944634)
2014820598,2014-64350,09/12/2014,09-September,6-Friday,15:16,1500 Hours,District 6 (East Central),DAVENPORT,SCOTT,,E LOCUST ST & GRAND AVE,Collision with:  Vehicle in traffic,On Roadway,Rear-end (front to rear),Followed too close,None Indicated,,Daylight,Wet,Rain,None apparent,Intersection:  Four-way intersection,Paved,,Property Damage Only,0,0,0,0,0,0,2000,3,4,,POINT (-90.564862904598 41.538294139284)
2014821331,W14-091994,09/12/2014,09-September,6-Friday,20:05,2000 Hours,District 2 (Northeast),WATERLOO,BLACK HAWK,,FRONTAGE RD & TAMI TER,Collision with:  Vehicle in traffic,On Roadway,"Angle, oncoming left turn",Crossed centerline (undivided),None Indicated,,Dark - roadway not lighted,Wet,Rain,None apparent,Intersection:  T-intersection,Paved,,Property Damage Only,0,0,0,0,0,0,3500,2,2,,POINT (-92.342899428769 42.457580156662)
2014816870,14-038956,09/12/2014,09-September,6-Friday,22:10,2200 Hours,District 4 (Southwest),COUNCIL BLUFFS,POTTAWATTAMIE,,MID AMERICA DR,Collision with:  Vehicle in traffic,On Roadway,"Angle, oncoming left turn",FTYROW:  From driveway,None Indicated,,Dark - roadway not lighted,Dry,Clear,None apparent,Non-intersection:  Driveway access (within),Paved,,Property Damage Only,0,0,0,0,0,0,2900,2,2,,POINT (-95.887996266755 41.233321481038)
2014816621,20140026997,09/12/2014,09-September,6-Friday,17:00,1700 Hours,District 1 (Central),DES MOINES,POLK,,UNIVERSITY AVE & MAINE ST,Collision with:  Vehicle in traffic,On Roadway,Rear-end (front to rear),Unknown,None Indicated,,Daylight,Dry,Cloudy,None apparent,Intersection:  T-intersection,Paved,,Possible/Unknown,0,1,0,0,1,0,2000,2,3,,POINT (-93.618402856589 41.600325317853)
2014816861,2014010064,09/12/2014,09-September,6-Friday,11:28,1100 Hours,District 6 (East Central),IOWA CITY,JOHNSON,IA 1,IA 1/IOWA 1,Collision with:  Vehicle in traffic,On Roadway,"Sideswipe, same direction",FTYROW:  Other (explain in narrative),None Indicated,,Daylight,Wet,Rain,None apparent,Non-intersection:  Driveway access (within),Paved,,Property Damage Only,0,0,0,0,0,0,3300,2,2,,POINT (-91.543054394036 41.64747312203)
2014831343,140912BVZ01,09/12/2014,09-September,6-Friday,09:15,0900 Hours,District 3 (Northwest),ORANGE CITY,SIOUX,,IRONWOOD AVE & 2ND ST SW,Collision with:  Vehicle in traffic,On Roadway,"Sideswipe, same direction",FTYROW:  At uncontrolled intersection,None Indicated,,Daylight,"Mud, dirt",Cloudy,None apparent,Intersection:  T-intersection,Unpaved,,Property Damage Only,0,0,0,0,0,0,3000,2,2,,POINT (-96.076573462293 43.004917281484)
2014816825,2014-037717,09/12/2014,09-September,6-Friday,17:29,1700 Hours,District 6 (East Central),DUBUQUE,DUBUQUE,US 52,US 52/PINE ST/E 11TH ST,Collision with:  Vehicle in traffic,On Roadway,Broadside (front to side),FTYROW:  From stop sign,None Indicated,,Daylight,Dry,Cloudy,None apparent,Intersection:  Intersection with ramp,Paved,,Property Damage Only,0,0,0,0,0,0,4500,2,2,,POINT (-90.659677537685 42.505870036373)
2014817922,2014053072,09/12/2014,09-September,6-Friday,10:45,1000 Hours,District 6 (East Central),,CEDAR,I-80,I-80,Collision with:  Vehicle in traffic,On Roadway,"Sideswipe, same direction",FTYROW:  Other (explain in narrative),None Indicated,,Daylight,Dry,Cloudy,Work Zone (roadway-related),Non-intersection:  Non-junction/no special feature,Paved,Yes,Property Damage Only,0,0,0,0,0,0,3500,2,3,,POINT (-91.054136028486 41.640657628687)
2014817923,2014053086,09/12/2014,09-September,6-Friday,12:10,1200 Hours,District 6 (East Central),,CEDAR,I-80,I-80,Collision with fixed object:  Guardrail - face,Shoulder,Non-collision (single vehicle),FTYROW:  Other (explain in narrative),None Indicated,,Daylight,Wet,Rain,Work Zone (roadway-related),Non-intersection:  Non-junction/no special feature,Paved,Yes,Property Damage Only,0,0,0,0,0,0,3500,2,2,,POINT (-91.054136028486 41.640657628687)
2014819619,2014053155,09/12/2014,09-September,6-Friday,17:26,1700 Hours,District 1 (Central),,POLK,I-35,I-35,Collision with:  Vehicle in traffic,On Roadway,"Sideswipe, same direction",Followed too close,None Indicated,,Daylight,Dry,Cloudy,None apparent,Non-intersection:  Non-junction/no special feature,Paved,,Property Damage Only,0,0,0,0,0,0,6000,2,2,,POINT (-93.672292204377 41.650985454795)
2014817473,A14-060,09/12/2014,09-September,6-Friday,01:54,0100 Hours,District 4 (Southwest),WINTERSET,MADISON,,W JEFFERSON ST,Collision with:  Parked motor vehicle,Roadside,Rear-end (front to rear),Lost Control,None Indicated,,Dark - roadway lighted,Wet,Clear,None apparent,Non-intersection:  Non-junction/no special feature,Paved,,Property Damage Only,0,0,0,0,0,0,8400,2,1,,POINT (-94.028308965414 41.335456554547)
2014816670,14-0793,09/12/2014,09-September,6-Friday,16:48,1600 Hours,District 1 (Central),WINDSOR HEIGHTS,POLK,,FOREST CT,Collision with:  Vehicle in traffic,On Roadway,Rear-end (front to rear),Exceeded authorized speed,None Indicated,,Daylight,Dry,Clear,None apparent,Non-intersection:  Non-junction/no special feature,Paved,,Property Damage Only,0,0,0,0,0,0,11000,2,1,,POINT (-93.709900942435 41.603552741029)
2014816906,14-038807,09/12/2014,09-September,6-Friday,14:36,1400 Hours,District 5 (Southeast),WEST LIBERTY,MUSCATINE,US 6,US 6/COLUMBUS ST & MAXSON AVE,Collision with:  Vehicle in traffic,On Roadway,Rear-end (front to rear),Driving too fast for conditions,None Indicated,,Daylight,Wet,Rain,"Surface condition (e.g., wet, icy)",Intersection:  Four-way intersection,Paved,,Property Damage Only,0,0,0,0,0,0,7500,2,3,,POINT (-91.260580928846 41.578939102313)
2014816875,2014009529,09/12/2014,09-September,6-Friday,17:38,1700 Hours,District 1 (Central),MARSHALLTOWN,MARSHALL,,N 3RD ST,Collision with:  Non-motorist (see non-motorist section - NOT a unit),On Roadway,Non-collision (single vehicle),Other (explain in narrative):  No improper action,None Indicated,,Daylight,Dry,Cloudy,None apparent,Non-intersection:  Non-junction/no special feature,Paved,,Minor Injury,0,1,0,1,0,0,500,1,1,,POINT (-92.917873402162 42.051900803904)
2014816420,14-5993,09/12/2014,09-September,6-Friday,08:38,0800 Hours,District 1 (Central),GRIMES,POLK,,SE 37TH ST & NW 114TH ST,Collision with:  Vehicle in traffic,On Roadway,Broadside (front to side),FTYROW:  From driveway,None Indicated,,Daylight,Wet,Rain,None apparent,Non-intersection:  Driveway access (within),Paved,,Property Damage Only,0,0,0,0,0,0,5000,2,2,,POINT (-93.774292525225 41.658513044334)
2014816488,14-038863,09/12/2014,09-September,6-Friday,12:00,1200 Hours,District 4 (Southwest),COUNCIL BLUFFS,POTTAWATTAMIE,,9TH AVE,Collision with:  Vehicle in traffic,On Roadway,Rear-end (front to rear),Lost Control,None Indicated,,Daylight,Dry,Cloudy,None apparent,Non-intersection:  Other non-intersection (explain in narrative),Paved,,Possible/Unknown,0,2,0,0,2,0,2000,2,3,,POINT (-95.90644754865 41.253652445237)
2014816822,2014-037709,09/12/2014,09-September,6-Friday,15:22,1500 Hours,District 6 (East Central),DUBUQUE,DUBUQUE,IA 32,IA 32/IA32 NW ARTERIAL,Collision with:  Vehicle in traffic,On Roadway,Rear-end (front to rear),Lost Control,None Indicated,,Daylight,Wet,Rain,None apparent,Non-intersection:  Non-junction/no special feature,Paved,,Property Damage Only,0,0,0,0,0,0,4000,2,3,,POINT (-90.740724047584 42.497717553985)
2014817275,2014-005562,09/13/2014,09-September,7-Saturday,22:22,2200 Hours,District 6 (East Central),BELLE PLAINE,BENTON,,11 AVE DR & 77 ST & 13TH AVE,Collision with fixed object:  Ditch,Roadside,Non-collision (single vehicle),Made improper turn,Alcohol (Statutory),,Dark - roadway not lighted,Dry,Clear,None apparent,Intersection:  Four-way intersection,Paved,,Fatal,1,0,0,0,0,0,13000,1,1,,POINT (-92.268884572778 41.90647726824)
2014816667,14-2042,09/13/2014,09-September,7-Saturday,17:35,1700 Hours,District 1 (Central),URBANDALE,POLK,I-35,I-35,Collision with:  Vehicle in traffic,On Roadway,"Sideswipe, same direction",Other (explain in narrative):  Other,None Indicated,,Daylight,Dry,Clear,None apparent,Non-intersection:  Non-junction/no special feature,Paved,,Property Damage Only,0,0,0,0,0,0,3000,2,3,,POINT (-93.774033993657 41.648958236496)
2014816828,2014-037733,09/13/2014,09-September,7-Saturday,07:30,0700 Hours,District 6 (East Central),DUBUQUE,DUBUQUE,,ASBURY RD & CARTER RD,Collision with:  Vehicle in traffic,On Roadway,"Angle, oncoming left turn",Crossed centerline (undivided),None Indicated,,Daylight,Dry,Clear,None apparent,Intersection:  Four-way intersection,Paved,,Possible/Unknown,0,2,0,0,1,1,3000,2,2,,POINT (-90.712123741723 42.509135868178)
2014817410,20143341,09/13/2014,09-September,7-Saturday,13:52,1300 Hours,District 1 (Central),,GRUNDY,US 20,US 20/SE RAMP/SW RAMP & IA 14/N AVE,Collision with:  Vehicle in traffic,On Roadway,Broadside (front to side),FTYROW:  From stop sign,None Indicated,,Daylight,Dry,Clear,None apparent,Intersection:  Intersection with ramp,Paved,,Property Damage Only,0,0,0,0,0,0,9500,2,2,,POINT (-92.768719181331 42.461860072868)
2014817910,2014053235,09/13/2014,09-September,7-Saturday,10:14,1000 Hours,District 6 (East Central),TIFFIN,JOHNSON,I-80,I-80 & I-380,Collision with:  Vehicle in traffic,On Roadway,Rear-end (front to rear),Followed too close,None Indicated,,Daylight,Dry,Clear,None apparent,"Interchange-related:  Off-ramp, diverge area",Paved,,Property Damage Only,0,0,0,0,0,0,15000,4,8,,POINT (-91.638611224486 41.695012249605)
2014821030,S79140301,09/13/2014,09-September,7-Saturday,03:00,0300 Hours,District 1 (Central),,POWESHIEK,IA 85,IA 85/IOWA 85 & Co Rd V21/202ND ST,Collision with fixed object:  Ditch,Outside trafficway,Non-collision (single vehicle),Ran Stop Sign,None Indicated,,Dark - roadway not lighted,Wet,Cloudy,None apparent,Intersection:  T-intersection,Paved,,Property Damage Only,0,0,0,0,0,0,7000,1,1,,POINT (-92.39126497973 41.589261977021)
2014817339,1-14-000351,09/13/2014,09-September,7-Saturday,23:45,2300 Hours,District 4 (Southwest),,SHELBY,US 59,US 59,Collision with fixed object:  Guardrail - face,Shoulder,Non-collision (single vehicle),Ran off road - left,None Indicated,,Dark - roadway not lighted,Dry,Clear,None apparent,Non-intersection:  Non-junction/no special feature,Paved,,Property Damage Only,0,0,0,0,0,0,2000,1,2,,POINT (-95.343797266241 41.680188275125)
2014818605,14-7190PD,09/13/2014,09-September,7-Saturday,08:52,0800 Hours,District 1 (Central),BOONE,BOONE,,KEELER ST,Collision with:  Vehicle in traffic,On Roadway,"Sideswipe, same direction",FTYROW:  Other (explain in narrative),None Indicated,,Daylight,Dry,Cloudy,None apparent,Non-intersection:  Non-junction/no special feature,Paved,,Property Damage Only,0,0,0,0,0,0,4500,2,2,,POINT (-93.881178174002 42.064182690461)
2014817909,2014053211,09/13/2014,09-September,7-Saturday,04:00,0400 Hours,District 1 (Central),,POWESHIEK,I-80,I-80,Collision with fixed object:  Other fixed object (explain in narrative),Shoulder,Non-collision (single vehicle),Ran off road - left,None Indicated,,Dark - roadway not lighted,Dry,Clear,None apparent,Non-intersection:  Non-junction/no special feature,Paved,,Property Damage Only,0,0,0,0,0,0,6590,1,1,,POINT (-92.501397233347 41.694618020421)
2014817290,,09/13/2014,09-September,7-Saturday,01:47,0100 Hours,District 3 (Northwest),MAPLETON,MONONA,,,Non-collision events:  Overturn/rollover,Roadside,Non-collision (single vehicle),Driving too fast for conditions,None Indicated,,Dark - roadway not lighted,"Mud, dirt","Fog, smoke, smog",None apparent,Non-intersection:  Non-junction/no special feature,,,Minor Injury,0,2,0,1,0,1,10000,1,3,,POINT (-96.643700149993 40.233091251414)
2014828341,14090296,09/13/2014,09-September,7-Saturday,17:30,1700 Hours,District 5 (Southeast),CHILLICOTHE,WAPELLO,US 63,US 63 & EDDYVILLE RD,Collision with:  Vehicle in traffic,On Roadway,Broadside (front to side),FTYROW:  From stop sign,None Indicated,,Daylight,Dry,Clear,None apparent,Intersection:  T-intersection,Paved,,Possible/Unknown,0,1,0,0,1,0,18000,2,4,,POINT (-92.513246028406 41.094980308262)
2014816655,20140027059,09/13/2014,09-September,7-Saturday,12:43,1200 Hours,District 1 (Central),DES MOINES,POLK,,LAUREL ST & 7TH ST,Non-collision events:  Other non-collision (explain in narrative),On Roadway,Non-collision (single vehicle),Swerving/Evasive Action,None Indicated,,Daylight,Dry,Cloudy,None apparent,Intersection:  Four-way intersection,Paved,,Minor Injury,0,1,0,1,0,0,2000,1,1,,POINT (-93.626894754218 41.597433041189)
2014817002,SO14-1121,09/13/2014,09-September,7-Saturday,20:45,2000 Hours,District 2 (Northeast),,WRIGHT,IA 17,IA 17/IOWA 17,Collision with:  Animal,On Roadway,Head-on (front to front),Animal,None Indicated,,Dark - roadway not lighted,Dry,Clear,None apparent,Non-intersection:  Non-junction/no special feature,Paved,,Possible/Unknown,0,1,0,0,1,0,30000,2,3,,POINT (-93.912088152955 42.56613723495)
2014816858,2014010142,09/13/2014,09-September,7-Saturday,12:55,1200 Hours,District 6 (East Central),IOWA CITY,JOHNSON,,MONTROSE AVE,Collision with:  Parked motor vehicle,On Roadway,Rear-end (front to rear),Improper Backing,None Indicated,,Daylight,Dry,Clear,None apparent,Non-intersection:  Non-junction/no special feature,Paved,,Property Damage Only,0,0,0,0,0,0,3500,2,1,,POINT (-91.512807945157 41.661992029736)
2014816600,14-6025,09/13/2014,09-September,7-Saturday,11:24,1100 Hours,District 1 (Central),GRIMES,POLK,IA 141,IA 141/IOWA 141 & SE 37TH ST,Collision with:  Vehicle in traffic,On Roadway,Rear-end (front to rear),Followed too close,None Indicated,,Daylight,Dry,Clear,None apparent,Intersection:  Four-way intersection,Paved,,Property Damage Only,0,0,0,0,0,0,2000,2,3,,POINT (-93.775013102497 41.658508187682)
2014817010,14-008080,09/13/2014,09-September,7-Saturday,09:21,0900 Hours,District 4 (Southwest),ATLANTIC,CASS,US 6,US 6/WHITE POLE RD & LANSING RD,Non-collision events:  Overturn/rollover,On Roadway,Non-collision (single vehicle),Swerving/Evasive Action,None Indicated,,Daylight,Dry,Clear,None apparent,Non-intersection:  Non-junction/no special feature,Paved,,Property Damage Only,0,0,0,0,0,0,7000,1,1,,POINT (-95.061940583539 41.346058235872)
2014816847,14-4562,09/13/2014,09-September,7-Saturday,16:09,1600 Hours,District 1 (Central),WEST DES MOINES,POLK,,WATERFORD DR & S 50TH ST,Collision with:  Vehicle in traffic,On Roadway,"Angle, oncoming left turn",FTYROW:  Making left turn,None Indicated,,Daylight,Dry,Clear,None apparent,Intersection:  T-intersection,Paved,,Possible/Unknown,0,2,0,0,2,0,11500,2,2,,POINT (-93.770873992564 41.562114129899)
2014817279,14-9482,09/13/2014,09-September,7-Saturday,09:11,0900 Hours,District 3 (Northwest),CARROLL,CARROLL,,ALTA VISTA DR,Collision with:  Vehicle in traffic,On Roadway,Rear-end (front to rear),Improper Backing,None Indicated,,Daylight,Dry,Clear,None apparent,Non-intersection:  Driveway access (within),Paved,,Property Damage Only,0,0,0,0,0,0,2100,2,1,,POINT (-94.853800925089 42.072819198889)
2014818305,14070-14,09/13/2014,09-September,7-Saturday,10:19,1000 Hours,District 3 (Northwest),SPENCER,CLAY,,W 11TH ST & 4TH AVE W,Collision with:  Vehicle in traffic,On Roadway,Broadside (front to side),Ran Stop Sign,None Indicated,,Daylight,Dry,Clear,None apparent,Intersection:  Four-way intersection,Paved,,Property Damage Only,0,0,0,0,0,0,9500,3,6,,POINT (-95.150470870125 43.148622161456)
2014816840,14-4558,09/13/2014,09-September,7-Saturday,11:32,1100 Hours,District 4 (Southwest),WEST DES MOINES,DALLAS,I-80,I-80,Collision with fixed object:  Guardrail - face,Shoulder,Non-collision (single vehicle),Swerving/Evasive Action,None Indicated,,Daylight,Dry,Clear,Work Zone (roadway-related),Non-intersection:  Non-junction/no special feature,Paved,Yes,Property Damage Only,0,0,0,0,0,0,6000,1,1,,POINT (-93.81903848516 41.586938309946)
2014816625,20140027040,09/13/2014,09-September,7-Saturday,09:17,0900 Hours,District 1 (Central),DES MOINES,POLK,,HICKMAN RD & MLK JR PKWY,Collision with:  Vehicle in traffic,On Roadway,Broadside (front to side),Ran Traffic Signal,None Indicated,,Daylight,Dry,Clear,None apparent,Intersection:  Four-way intersection,Paved,,Property Damage Only,0,0,0,0,0,0,8000,2,2,,POINT (-93.646461832629 41.615086913723)
2014816838,14-039022,09/13/2014,09-September,7-Saturday,11:08,1100 Hours,District 4 (Southwest),COUNCIL BLUFFS,POTTAWATTAMIE,I-29,I-29,Collision with:  Vehicle in traffic,On Roadway,"Sideswipe, same direction","Operating vehicle in an reckless, erratic, careless, negligent manner",None Indicated,,Daylight,Dry,Cloudy,Other (explain in narrative),Non-intersection:  Non-junction/no special feature,Paved,,Possible/Unknown,0,2,0,0,2,0,4000,3,5,,POINT (-95.862688994799 41.232170684493)
2014819005,14171,09/13/2014,09-September,7-Saturday,13:05,1300 Hours,District 5 (Southeast),PELLA,MARION,,WASHINGTON ST & W 8TH ST,Collision with:  Vehicle in traffic,On Roadway,Rear-end (front to rear),Followed too close,None Indicated,,Daylight,Dry,Cloudy,None apparent,Intersection:  Four-way intersection,Paved,,Property Damage Only,0,0,0,0,0,0,1500,2,4,,POINT (-92.933702446698 41.410372043144)
2014819049,14-30246,09/13/2014,09-September,7-Saturday,10:30,1000 Hours,District 3 (Northwest),SIOUX CITY,WOODBURY,,24TH ST & CLARK ST,Collision with:  Vehicle in traffic,On Roadway,Rear-end (front to rear),Unknown,None Indicated,,Daylight,Dry,Clear,None apparent,Intersection:  Four-way intersection,Paved,,Property Damage Only,0,0,0,0,0,0,1500,2,1,,POINT (-96.391122519857 42.514807894689)
2014816657,20140027068,09/13/2014,09-September,7-Saturday,15:20,1500 Hours,District 1 (Central),DES MOINES,POLK,US 6,US 6/EUCLID AVE & IA 415/2ND AVE,Collision with:  Vehicle in traffic,On Roadway,"Angle, oncoming left turn",FTYROW:  Making left turn,None Indicated,,Daylight,Dry,Clear,None apparent,Intersection:  Four-way intersection,Paved,,Minor Injury,0,3,0,3,0,0,9000,2,6,,POINT (-93.619961339306 41.62774388448)
2014817122,14-022767,09/13/2014,09-September,7-Saturday,04:17,0400 Hours,District 5 (Southeast),,MARION,,Co Rd T15/HWY T15,Collision with:  Animal,,,Animal,None Indicated,,,,,,,Paved,,Property Damage Only,0,0,0,0,0,0,3500,1,1,,POINT (-92.989121268335 41.354381130219)
2014817239,20140913EEP3,09/13/2014,09-September,7-Saturday,08:05,0800 Hours,District 5 (Southeast),OSCEOLA,CLARKE,,W GARFIELD ST,Collision with:  Vehicle in traffic,On Roadway,Rear-end (front to rear),Other (explain in narrative):  Vision obstructed,None Indicated,,Daylight,Dry,Clear,None apparent,Non-intersection:  Driveway access (within),Paved,,Possible/Unknown,0,1,0,0,1,0,2300,2,1,,POINT (-93.767970987258 41.040761175903)
2014816807,14-2837,09/13/2014,09-September,7-Saturday,23:30,2300 Hours,District 1 (Central),FORT DODGE,WEBSTER,,AVE O,Collision with:  Vehicle in traffic,Shoulder,Rear-end (front to rear),Exceeded authorized speed,None Indicated,,Dark - roadway not lighted,Dry,Clear,None apparent,Non-intersection:  Non-junction/no special feature,Paved,,Property Damage Only,0,0,0,0,0,0,20000,2,8,,POINT (-94.188541942388 42.486838639187)
2014816626,20140027057,09/13/2014,09-September,7-Saturday,13:00,1300 Hours,District 1 (Central),DES MOINES,POLK,,31ST ST,Collision with:  Vehicle in traffic,On Roadway,Rear-end (front to rear),Lost Control,None Indicated,,Daylight,Dry,Clear,None apparent,Intersection:  Four-way intersection,Paved,,Property Damage Only,0,0,0,0,0,0,1500,2,2,,POINT (-93.65931146134 41.586289897417)
2014817940,2014053212,09/13/2014,09-September,7-Saturday,05:43,0500 Hours,District 1 (Central),,POLK,I-35,I-35,Collision with:  Vehicle in traffic,On Roadway,"Sideswipe, same direction",FTYROW:  Other (explain in narrative),None Indicated,,Dark - roadway lighted,Dry,Clear,None apparent,Intersection:  Intersection with ramp,Paved,,Minor Injury,0,1,0,1,0,0,18000,3,4,,POINT (-93.630161120489 41.649476769845)
2014927525,,09/13/2014,09-September,7-Saturday,08:06,0800 Hours,District 3 (Northwest),SERGEANT BLUFF,WOODBURY,,CARRIAGE LN,Collision with:  Parked motor vehicle,On Roadway,"Sideswipe, same direction",Other (explain in narrative):  Vision obstructed,None Indicated,,Daylight,Dry,Clear,None apparent,Non-intersection:  Non-junction/no special feature,Paved,,Property Damage Only,0,0,0,0,0,0,3500,2,1,,POINT (-96.361198588331 42.393624671917)
2014819423,14008336,09/13/2014,09-September,7-Saturday,21:40,2100 Hours,District 6 (East Central),,BUCHANAN,US 20,US 20,Collision with:  Animal,,,Animal,None Indicated,,,,,,,Paved,,Property Damage Only,0,0,0,0,0,0,5500,1,1,,POINT (-91.857684437058 42.451312698277)
2014816571,14-014089,09/13/2014,09-September,7-Saturday,16:52,1600 Hours,District 3 (Northwest),,CLAY,US 18,US 18 & Co Rd M50/240TH AVE,Collision with:  Vehicle in traffic,On Roadway,Broadside (front to side),FTYROW:  From stop sign,None Indicated,,Daylight,Dry,Cloudy,None apparent,Intersection:  Four-way intersection,Paved,,Minor Injury,0,1,0,1,0,0,5500,2,3,,POINT (-95.112594931509 43.126168590617)
2014817886,2014-64581,09/13/2014,09-September,7-Saturday,18:52,1800 Hours,District 6 (East Central),DAVENPORT,SCOTT,,W 42ND ST,Collision with:  Parked motor vehicle,On Roadway,Rear-end (front to rear),Lost Control,None Indicated,,Dusk,Dry,Clear,None apparent,Non-intersection:  Non-junction/no special feature,Paved,,Property Damage Only,0,0,0,0,0,0,8000,2,1,,POINT (-90.59225403225 41.563791961018)
2014817029,2014-005556,09/13/2014,09-September,7-Saturday,20:24,2000 Hours,District 6 (East Central),,BENTON,US 30,US 30/73 ST,Collision with:  Animal,,,Animal,None Indicated,,,,,,,Paved,,Property Damage Only,0,0,0,0,0,0,5000,1,1,,POINT (-91.996397809756 41.963412354792)
2014817286,,09/13/2014,09-September,7-Saturday,23:11,2300 Hours,District 5 (Southeast),,WASHINGTON,IA 22,IA 22,Collision with fixed object:  Ditch,Roadside,Non-collision (single vehicle),Crossed centerline (undivided),Refused,,Dark - roadway not lighted,Dry,Clear,None apparent,Non-intersection:  Non-junction/no special feature,Paved,,Minor Injury,0,1,0,1,0,0,0,1,1,,POINT (-91.635745440289 41.48960962729)
2014816892,14-24217,09/13/2014,09-September,7-Saturday,03:30,0300 Hours,District 1 (Central),NEWTON,JASPER,,S 11TH AVE W,Non-collision events:  Other non-collision (explain in narrative),Roadside,"Sideswipe, same direction","Operating vehicle in an reckless, erratic, careless, negligent manner",None Indicated,,Unknown,Unknown,Unknown,Unknown,Non-intersection:  Non-junction/no special feature,Paved,,Property Damage Only,0,0,0,0,0,0,3000,2,1,,POINT (-93.057415476728 41.690298998392)
2014816658,20140027080,09/13/2014,09-September,7-Saturday,17:18,1700 Hours,District 1 (Central),DES MOINES,POLK,,GRAND AVE & 36TH ST,Collision with:  Vehicle in traffic,On Roadway,Broadside (front to side),FTYROW:  Making left turn,None Indicated,,Daylight,Dry,Clear,None apparent,Intersection:  T-intersection,Paved,,Property Damage Only,0,0,0,0,0,0,6000,2,2,,POINT (-93.665399010768 41.584435363326)
2014816656,20140027062,09/13/2014,09-September,7-Saturday,13:08,1300 Hours,District 1 (Central),DES MOINES,POLK,,SCHOOL ST & 3RD ST,Collision with:  Vehicle in traffic,On Roadway,Broadside (front to side),Ran Traffic Signal,None Indicated,,Daylight,Dry,Clear,None apparent,Intersection:  Four-way intersection,Paved,,Property Damage Only,0,0,0,0,0,0,5500,2,2,,POINT (-93.621485052865 41.595138543653)
2014820267,2014-64556,09/13/2014,09-September,7-Saturday,16:15,1600 Hours,District 6 (East Central),DAVENPORT,SCOTT,,IA 461/W RIVER DR,Collision with:  Vehicle in traffic,On Roadway,"Sideswipe, same direction",Other (explain in narrative):  No improper action,None Indicated,,Daylight,Dry,Clear,None apparent,Non-intersection:  Non-junction/no special feature,Paved,,Property Damage Only,0,0,0,0,0,0,3000,2,5,,POINT (-90.602270495491 41.51505144921)