Iowa DOT Case Number,Law Enforcement Case Number,Date of Crash,Month of Crash,Day of Week,Time of Crash,Hour,DOT District,City Name,County Name,Route with System,Location Description,First Harmful Event,Location of First Harmful Event,Manner of Crash/Collision,Major Cause,Drug or Alcohol ,Environmental Conditions,Light Conditions,Surface Conditions,Weather Conditions,Roadway Contribution,Roadway Type,Roadway Surface,Work Zone,Crash Severity,Number of Fatalities,Number of Injuries,Number of Major Injuries,Number of Minor Injuries,Number of Possible Injuries,Number of Unknown Injuries,Amount of Property Damage,Number of Vehicles Involved,Total Number of Occupants,Travel Direction,Location
2014823504,14-020913-01,09/13/2014,09-September,7-Saturday,15:18,1500 Hours,District 6 (East Central),,IOWA,US 6,US 6/42ND AVE & US 151,Collision with:  Vehicle in traffic,On Roadway,Rear-end (front to rear),Other (explain in narrative):  Other,None Indicated,,Daylight,Dry,Clear,None apparent,Intersection:  T-intersection,Paved,,Property Damage Only,0,0,0,0,0,0,2600,2,4,,POINT (-91.873612094491 41.764927692475)
2014816634,20140027106,09/13/2014,09-September,7-Saturday,21:55,2100 Hours,District 1 (Central),DES MOINES,POLK,,30TH ST,Collision with:  Vehicle in traffic,On Roadway,Rear-end (front to rear),Followed too close,Alcohol (Statutory),,Dark - roadway lighted,Dry,Clear,None apparent,Non-intersection:  Non-junction/no special feature,Paved,,Property Damage Only,0,0,0,0,0,0,2500,2,2,,POINT (-93.658465833797 41.606966338909)
2014817124,14-012335,09/13/2014,09-September,7-Saturday,22:09,2200 Hours,District 4 (Southwest),,MILLS,US 34,US 34,Non-collision events:  Overturn/rollover,On Roadway,Non-collision (single vehicle),Ran off road - right,Alcohol (Statutory),,Dark - roadway not lighted,Dry,Cloudy,Work Zone (roadway-related),Non-intersection:  Non-junction/no special feature,Paved,Yes,Possible/Unknown,0,1,0,0,1,0,15000,1,1,,POINT (-95.813251293811 41.04583784622)
2014818837,2014-64594,09/13/2014,09-September,7-Saturday,19:36,1900 Hours,District 6 (East Central),DAVENPORT,SCOTT,,N DIVISION ST,Collision with:  Vehicle in traffic,On Roadway,"Angle, oncoming left turn",FTYROW:  Making left turn,None Indicated,,Dark - roadway lighted,Dry,Clear,None apparent,Non-intersection:  Driveway access (within),Paved,,Property Damage Only,0,0,0,0,0,0,8500,2,2,,POINT (-90.600640292292 41.560445860205)
2014816987,S14-003654,09/13/2014,09-September,7-Saturday,22:30,2200 Hours,District 4 (Southwest),,POTTAWATTAMIE,US 6,US 6 & 290TH ST,Collision with:  Animal,,,Animal,None Indicated,,,,,,,Paved,,Property Damage Only,0,0,0,0,0,0,3200,1,1,,POINT (-95.636719210076 41.289565817029)
2014817461,201413600,09/13/2014,09-September,7-Saturday,22:22,2200 Hours,District 6 (East Central),CEDAR RAPIDS,LINN,,CIRCLE DR NE,Non-collision events:  Other non-collision (explain in narrative),On Roadway,Non-collision (single vehicle),Ran off road - right,None Indicated,,Dark - roadway lighted,Dry,Clear,None apparent,Non-intersection:  Non-junction/no special feature,Paved,,Property Damage Only,0,0,0,0,0,0,2250,1,1,,POINT (-91.673192426215 42.011675527125)
2014817054,2014053264,09/13/2014,09-September,7-Saturday,14:45,1400 Hours,District 2 (Northeast),,KOSSUTH,US 169,US 169,Collision with:  Animal,,,Animal,None Indicated,,,,,,,Paved,,Property Damage Only,0,0,0,0,0,0,4000,1,1,,POINT (-94.227385939083 43.042353226246)
2014822047,2014-10915,09/13/2014,09-September,7-Saturday,08:30,0800 Hours,District 2 (Northeast),FOREST CITY,WINNEBAGO,,W K ST,Collision with:  Parked motor vehicle,On Roadway,Rear-end (front to rear),Other (explain in narrative):  Vision obstructed,None Indicated,,Daylight,Dry,Clear,None apparent,Non-intersection:  Non-junction/no special feature,Paved,,Property Damage Only,0,0,0,0,0,0,2500,2,2,,POINT (-93.642305038754 43.264697990788)
2014817310,14-004230,09/13/2014,09-September,7-Saturday,18:56,1800 Hours,District 3 (Northwest),,LYON,,220TH ST & ELDER AVE,Non-collision events:  Overturn/rollover,Roadside,Non-collision (single vehicle),Driving too fast for conditions,None Indicated,,Daylight,"Mud, dirt",Clear,None apparent,Intersection:  T-intersection,Unpaved,,Property Damage Only,0,0,0,0,0,0,2000,1,2,,POINT (-96.304115717647 43.33048642382)
2014816666,14-2038,09/13/2014,09-September,7-Saturday,11:21,1100 Hours,District 1 (Central),URBANDALE,POLK,,70TH ST,Collision with:  Vehicle in traffic,On Roadway,Rear-end (front to rear),Other (explain in narrative):  Other,None Indicated,,Daylight,Dry,Cloudy,None apparent,Non-intersection:  Non-junction/no special feature,Paved,,Property Damage Only,0,0,0,0,0,0,7000,2,1,,POINT (-93.712238834283 41.638260963428)
2014816632,20140027102,09/13/2014,09-September,7-Saturday,21:38,2100 Hours,District 1 (Central),DES MOINES,POLK,US 6,US 6/E EUCLID AVE,Collision with:  Vehicle in traffic,On Roadway,"Sideswipe, same direction",FTYROW:  Other (explain in narrative),None Indicated,,Dark - roadway lighted,Dry,Cloudy,None apparent,Non-intersection:  Non-junction/no special feature,Paved,,Property Damage Only,0,0,0,0,0,0,5000,2,4,,POINT (-93.599372561603 41.627708965098)
2014817091,14016037,09/13/2014,09-September,7-Saturday,14:37,1400 Hours,District 2 (Northeast),MASON CITY,CERRO GORDO,IA 122,IA 122/4TH ST SW & CERRO GORDO & WINNEBAGO WAY,Collision with fixed object:  Utility pole/light support,On Roadway,Non-collision (single vehicle),Other (explain in narrative):  No improper action,None Indicated,,Daylight,Dry,Clear,None apparent,Non-intersection:  Non-junction/no special feature,Paved,,Property Damage Only,0,0,0,0,0,0,10500,1,1,,POINT (-93.230310385296 43.148343102799)
2014817427,,09/13/2014,09-September,7-Saturday,09:00,0900 Hours,District 4 (Southwest),,FREMONT,US 275,US 275,Collision with:  Animal,On Roadway,Non-collision (single vehicle),Animal,None Indicated,,Daylight,Dry,Clear,,Non-intersection:  Non-junction/no special feature,Paved,,Property Damage Only,0,0,0,0,0,0,3200,1,1,,POINT (-95.646990971085 40.707872349934)
2014816789,14-4571,09/13/2014,09-September,7-Saturday,22:02,2200 Hours,District 4 (Southwest),WEST DES MOINES,DALLAS,,VISTA DR & JORDAN CREEK PKWY,Collision with:  Vehicle in traffic,On Roadway,Broadside (front to side),Ran Traffic Signal,None Indicated,,Dark - roadway lighted,Dry,Clear,None apparent,Intersection:  Four-way intersection,Paved,,Property Damage Only,0,0,0,0,0,0,12000,2,2,,POINT (-93.809034476274 41.58899973632)
2014817056,2014053276,09/13/2014,09-September,7-Saturday,16:43,1600 Hours,District 1 (Central),WEBSTER CITY,HAMILTON,US 20,US 20,Non-collision events:  Overturn/rollover,Shoulder,Non-collision (single vehicle),Swerving/Evasive Action,None Indicated,,Daylight,Dry,Clear,None apparent,Non-intersection:  Non-junction/no special feature,Paved,,Minor Injury,0,5,0,1,4,0,10000,1,5,,POINT (-93.849914570587 42.449134901428)
2014816609,14-003944,09/13/2014,09-September,7-Saturday,20:26,2000 Hours,District 1 (Central),ANKENY,POLK,IA 160,IA 160/SW ORALABOR RD & IA 415/SW STATE ST,Non-collision events:  Other non-collision (explain in narrative),On Roadway,Non-collision (single vehicle),Driving too fast for conditions,None Indicated,,Dark - roadway lighted,Dry,Clear,None apparent,Intersection:  Four-way intersection,Paved,,Property Damage Only,0,0,0,0,0,0,1500,1,1,,POINT (-93.621562375218 41.703133937302)
2014816692,891406055,09/13/2014,09-September,7-Saturday,11:40,1100 Hours,District 5 (Southeast),,VAN BUREN,IA 2,IA 2/IOWA 2 & Co Rd V64/RTE V64,Collision with:  Vehicle in traffic,On Roadway,Rear-end (front to rear),Followed too close,None Indicated,,Daylight,Dry,Clear,None apparent,Intersection:  Four-way intersection,Paved,,Possible/Unknown,0,4,0,0,4,0,3500,2,4,,POINT (-92.082847659768 40.646547608045)
2014816871,14-1446,09/13/2014,09-September,7-Saturday,12:32,1200 Hours,District 1 (Central),,GREENE,,Co Rd E53/230TH/235TH,Non-collision events:  Other non-collision (explain in narrative),On Roadway,Non-collision (single vehicle),Ran off road - right,None Indicated,,Daylight,Dry,Clear,None apparent,Non-intersection:  Non-junction/no special feature,Paved,,Property Damage Only,0,0,0,0,0,0,2800,1,1,,POINT (-94.294053963789 42.019326673005)
2014817145,14-0802,09/13/2014,09-September,7-Saturday,09:30,0900 Hours,District 1 (Central),WINDSOR HEIGHTS,POLK,US 6,US 6/HICKMAN RD & 70TH ST,Collision with:  Non-motorist (see non-motorist section - NOT a unit),On Roadway,Non-collision (single vehicle),FTYROW:  To pedestrian,None Indicated,,Daylight,Unknown,Unknown,Unknown,Intersection:  Other intersection (explain in narrative),Paved,,Minor Injury,0,2,0,2,0,0,0,1,1,,POINT (-93.712844180027 41.614739484089)
2014817381,14-039001,09/13/2014,09-September,7-Saturday,04:00,0400 Hours,District 4 (Southwest),COUNCIL BLUFFS,POTTAWATTAMIE,,HARRISON ST,Collision with:  Parked motor vehicle,Shoulder,Unknown,Lost Control,None Indicated,,Dark - roadway lighted,Unknown,Unknown,Unknown,Non-intersection:  Non-junction/no special feature,Paved,,Property Damage Only,0,0,0,0,0,0,2000,2,777,,POINT (-95.84907036019 41.276766028129)
2014816603,14-6027,09/13/2014,09-September,7-Saturday,19:42,1900 Hours,District 1 (Central),DES MOINES,POLK,,NW MORNINGSTAR DR,Collision with:  Animal,,,Animal,None Indicated,,,,,,,Paved,,Property Damage Only,0,0,0,0,0,0,3000,1,1,,POINT (-93.645590073139 41.646815101673)
2014816985,S14-003632,09/13/2014,09-September,7-Saturday,18:25,1800 Hours,District 4 (Southwest),COUNCIL BLUFFS,POTTAWATTAMIE,,Co Rd G66/PIONEER TRL,Collision with fixed object:  Ditch,On Roadway,Non-collision (single vehicle),Swerving/Evasive Action,None Indicated,,Daylight,"Mud, dirt",Clear,Ruts/holes/bumps,Non-intersection:  Non-junction/no special feature,Unpaved,,Property Damage Only,0,0,0,0,0,0,5500,1,1,,POINT (-95.725385336171 41.195227668392)
2014817266,2014009553,09/13/2014,09-September,7-Saturday,13:45,1300 Hours,District 1 (Central),MARSHALLTOWN,MARSHALL,IA 14,IA 14/S CENTER ST & EDGELAND DR,Collision with:  Vehicle in traffic,On Roadway,Rear-end (front to rear),Other (explain in narrative):  Other,None Indicated,,Daylight,Dry,Cloudy,None apparent,Non-intersection:  Non-junction/no special feature,Paved,,Minor Injury,0,2,0,2,0,0,1600,3,6,,POINT (-92.912579372062 42.026183035684)
2014816663,20140027101,09/13/2014,09-September,7-Saturday,21:29,2100 Hours,District 1 (Central),DES MOINES,POLK,,HICKMAN RD & 23RD ST,Collision with:  Vehicle in traffic,On Roadway,Rear-end (front to rear),Other (explain in narrative):  Other,Alcohol (Statutory),,Dark - roadway lighted,Dry,Clear,None apparent,Non-intersection:  Non-junction/no special feature,Paved,,Possible/Unknown,0,2,0,0,2,0,5000,2,4,,POINT (-93.648117192384 41.614987520822)
2014817003,2014010226,09/14/2014,09-September,1-Sunday,03:57,0300 Hours,District 6 (East Central),IOWA CITY,JOHNSON,,MUSCATINE AVE & S SCOTT BLVD,Collision with fixed object:  Tree,Shoulder,Non-collision (single vehicle),Swerving/Evasive Action,Alcohol (Statutory),,Dark - roadway lighted,Dry,Clear,None apparent,Non-intersection:  Non-junction/no special feature,Paved,,Property Damage Only,0,0,0,0,0,0,6000,1,1,,POINT (-91.482874938917 41.649792786365)
2014816627,20140027175,09/14/2014,09-September,1-Sunday,15:50,1500 Hours,District 1 (Central),DES MOINES,POLK,,FLEUR DR,Collision with:  Vehicle in traffic,On Roadway,Rear-end (front to rear),Other (explain in narrative):  Other,None Indicated,,Daylight,Dry,Clear,None apparent,Non-intersection:  Non-junction/no special feature,Paved,,Minor Injury,0,2,0,2,0,0,30000,2,3,,POINT (-93.645003499692 41.545766235824)
2014909174,081-14,09/14/2014,09-September,1-Sunday,10:17,1000 Hours,District 4 (Southwest),,MADISON,US 169,US 169,Collision with:  Animal,,,Animal,None Indicated,,,,,,,Paved,,Property Damage Only,0,0,0,0,0,0,2000,1,777,,POINT (-94.041380630512 41.214348770763)
2014818113,14-001079,09/14/2014,09-September,1-Sunday,02:13,0200 Hours,District 1 (Central),,STORY,I-35,I-35,Collision with fixed object:  Bridge overhead structure,On Roadway,Non-collision (single vehicle),Ran off road - right,None Indicated,,Dark - roadway not lighted,Dry,Clear,None apparent,Non-intersection:  Other non-intersection (explain in narrative),Paved,,Property Damage Only,0,0,0,0,0,0,4000,1,1,,POINT (-93.553296138836 42.12493606086)
2014819998,90-14-000310,09/14/2014,09-September,1-Sunday,19:16,1900 Hours,District 2 (Northeast),,HUMBOLDT,,Co Rd C20/110TH ST,Collision with:  Animal,,,Animal,None Indicated,,,,,,,Paved,,Property Damage Only,0,0,0,0,0,0,3000,1,1,,POINT (-94.396380282535 42.891807066469)
2014816857,14-24300,09/14/2014,09-September,1-Sunday,06:00,0600 Hours,District 1 (Central),LYNNVILLE,JASPER,,Co Rd T38/HWY T-38 N,Collision with:  Animal,,,Animal,None Indicated,,,,,,,Paved,,Property Damage Only,0,0,0,0,0,0,1800,1,1,,POINT (-92.798983644216 41.702567397349)
2014817925,2014053353,09/14/2014,09-September,1-Sunday,11:00,1100 Hours,District 6 (East Central),IOWA CITY,JOHNSON,,N DUBUQUE ST,Collision with:  Vehicle in traffic,On Roadway,Rear-end (front to rear),Followed too close,None Indicated,,Daylight,Dry,Clear,None apparent,Non-intersection:  Other non-intersection (explain in narrative),Paved,,Property Damage Only,0,0,0,0,0,0,9000,3,4,,POINT (-91.538495234527 41.685000806132)
2014817030,2014-005576,09/14/2014,09-September,1-Sunday,19:38,1900 Hours,District 6 (East Central),,BENTON,,Co Rd E24/61 ST LN,Collision with:  Animal,,,Animal,None Indicated,,,,,,,Paved,,Property Damage Only,0,0,0,0,0,0,1500,1,1,,POINT (-91.887563143058 42.138439585696)
2014821032,S79140303,09/14/2014,09-September,1-Sunday,14:55,1400 Hours,District 1 (Central),,POWESHIEK,US 63,US 63 & 480TH AVE,Collision with:  Vehicle in traffic,On Roadway,Rear-end (front to rear),Followed too close,None Indicated,,Daylight,Dry,Clear,None apparent,Intersection:  T-intersection,Paved,,Minor Injury,0,1,0,1,0,0,5000,2,2,,POINT (-92.544521642072 41.601698737291)
2014817273,201404307,09/14/2014,09-September,1-Sunday,00:42,0000 Hours,District 1 (Central),,BOONE,,MONTANA RD,Non-collision events:  Overturn/rollover,On Roadway,Non-collision (single vehicle),Ran off road - left,Alcohol (< Statutory),,Dark - roadway not lighted,"Mud, dirt",Cloudy,None apparent,Non-intersection:  Non-junction/no special feature,Unpaved,,Possible/Unknown,0,1,0,0,1,0,8200,1,2,,POINT (-93.915264542395 42.012110584309)
2014817944,2014053412,09/14/2014,09-September,1-Sunday,19:14,1900 Hours,District 4 (Southwest),,POTTAWATTAMIE,I-680,I-680,Collision with:  Vehicle in traffic,On Roadway,"Sideswipe, same direction",Crossed centerline (undivided),Alcohol (Statutory),,Dusk,Dry,Cloudy,None apparent,Non-intersection:  Non-junction/no special feature,Paved,,Minor Injury,0,1,0,1,0,0,6500,2,2,,POINT (-95.636479688769 41.498673076034)
2014817942,2014053385,09/14/2014,09-September,1-Sunday,16:00,1600 Hours,District 2 (Northeast),,MITCHELL,,Co Rd T38/LANCER AVE,Collision with fixed object:  Ditch,On Roadway,Non-collision (single vehicle),Ran off road - right,None Indicated,,Daylight,Dry,Clear,None apparent,Non-intersection:  Non-junction/no special feature,Paved,,Minor Injury,0,1,0,1,0,0,10000,1,1,,POINT (-92.81157089017 43.250533857333)
2014816854,CL14003275,09/14/2014,09-September,1-Sunday,08:10,0800 Hours,District 6 (East Central),CLINTON,CLINTON,,4TH AVE S & S 5TH ST,Collision with:  Vehicle in traffic,On Roadway,Broadside (front to side),Ran Stop Sign,None Indicated,,Daylight,Dry,Clear,None apparent,Intersection:  Four-way intersection,Paved,,Property Damage Only,0,0,0,0,0,0,9000,2,2,,POINT (-90.195741044381 41.842294365823)
2014816707,14-30327,09/14/2014,09-September,1-Sunday,08:44,0800 Hours,District 3 (Northwest),SIOUX CITY,WOODBURY,,MORNINGSIDE AVE & S LAKEPORT ST & S PALMETTO ST,Collision with:  Vehicle in traffic,On Roadway,Rear-end (front to rear),Improper Backing,None Indicated,,Daylight,Dry,Cloudy,None apparent,Intersection:  Four-way intersection,Paved,,Property Damage Only,0,0,0,0,0,0,1500,2,4,,POINT (-96.346541458695 42.470412898518)
2014816628,20140027148,09/14/2014,09-September,1-Sunday,10:30,1000 Hours,District 1 (Central),DES MOINES,POLK,,E UNIVERSITY AVE & E 6TH ST,Collision with:  Vehicle in traffic,On Roadway,Broadside (front to side),FTYROW:  From stop sign,None Indicated,,Daylight,Dry,Clear,None apparent,Intersection:  Other intersection (explain in narrative),Paved,,Minor Injury,0,1,0,1,0,0,6000,2,6,,POINT (-93.612007518495 41.600386562993)
2014816954,14-003957,09/14/2014,09-September,1-Sunday,03:00,0300 Hours,District 1 (Central),ANKENY,POLK,,NW 10TH ST,Collision with:  Parked motor vehicle,On Roadway,"Sideswipe, same direction",Unknown,None Indicated,,Dark - roadway lighted,Dry,Clear,None apparent,Non-intersection:  Non-junction/no special feature,Paved,,Property Damage Only,0,0,0,0,0,0,3000,2,1,,POINT (-93.608745285778 41.73955498839)
2014816793,14-4585,09/14/2014,09-September,1-Sunday,15:19,1500 Hours,District 4 (Southwest),WEST DES MOINES,DALLAS,,MILLS CIVIC PKWY,Collision with:  Vehicle in traffic,On Roadway,Rear-end (front to rear),Followed too close,None Indicated,,Daylight,Dry,Cloudy,None apparent,Non-intersection:  Non-junction/no special feature,Paved,,Property Damage Only,0,0,0,0,0,0,2150,3,5,,POINT (-93.793785167502 41.559589333753)
2014819596,2014053312,09/14/2014,09-September,1-Sunday,00:03,0000 Hours,District 6 (East Central),,CEDAR,I-80,I-80,Collision with fixed object:  Guardrail - face,On Roadway,Non-collision (single vehicle),Equipment failure,Alcohol (Statutory),,Dark - roadway not lighted,Dry,Clear,None apparent,Non-intersection:  Non-junction/no special feature,Paved,,Possible/Unknown,0,1,0,0,1,0,13000,1,1,,POINT (-90.939974093348 41.633993229333)
2014817927,2014053390,09/14/2014,09-September,1-Sunday,16:20,1600 Hours,District 6 (East Central),,IOWA,US 151,US 151/U AVE,Collision with:  Vehicle in traffic,On Roadway,"Sideswipe, same direction",Other (explain in narrative):  Other,None Indicated,,Daylight,Dry,Clear,None apparent,Non-intersection:  Driveway access (within),Paved,,Property Damage Only,0,0,0,0,0,0,6000,2,3,,POINT (-91.911180948451 41.690982922929)
2014817396,2014-012763,09/14/2014,09-September,1-Sunday,20:19,2000 Hours,District 6 (East Central),,DUBUQUE,US 52,US 52 & BELLEVUE EXIT RD,Collision with:  Animal,,,Animal,None Indicated,,,,,,,Paved,,Property Damage Only,0,0,0,0,0,0,3500,1,1,,POINT (-90.660710488961 42.45531771403)
2014816647,20140027149,09/14/2014,09-September,1-Sunday,10:14,1000 Hours,District 1 (Central),DES MOINES,POLK,,E OVID AVE & E 7TH ST,Collision with:  Vehicle in traffic,On Roadway,Broadside (front to side),FTYROW:  From stop sign,None Indicated,,Daylight,Dry,Clear,None apparent,Intersection:  Four-way intersection,Paved,,Property Damage Only,0,0,0,0,0,0,5000,2,3,,POINT (-93.609583451644 41.62587184692)
2014819581,14-079,09/14/2014,09-September,1-Sunday,17:44,1700 Hours,District 3 (Northwest),SIOUX CENTER,SIOUX,,9TH ST SE & 4TH AVE SE,Collision with:  Vehicle in traffic,On Roadway,Broadside (front to side),Unknown,None Indicated,,Daylight,Dry,Clear,None apparent,Non-intersection:  Non-junction/no special feature,Paved,,Possible/Unknown,0,1,0,0,1,0,2200,2,3,,POINT (-96.169677977559 43.069715739236)
2014835407,2014-001393,09/14/2014,09-September,1-Sunday,09:43,0900 Hours,District 6 (East Central),BELLE PLAINE,BENTON,,14TH ST & 7TH AVE,Collision with:  Vehicle in traffic,On Roadway,Broadside (front to side),FTYROW:  From yield sign,None Indicated,,Daylight,Dry,Clear,None apparent,Intersection:  Four-way intersection,Paved,,Property Damage Only,0,0,0,0,0,0,5500,2,3,,POINT (-92.278226867511 41.898079039527)
2014817281,14-9589,09/14/2014,09-September,1-Sunday,13:00,1300 Hours,District 3 (Northwest),CARROLL,CARROLL,US 30,US 30/6TH ST & MAIN ST,Collision with:  Vehicle in traffic,On Roadway,Rear-end (front to rear),Followed too close,None Indicated,,Daylight,Dry,Clear,None apparent,Intersection:  Four-way intersection,Paved,,Property Damage Only,0,0,0,0,0,0,2000,2,2,,POINT (-94.867236300955 42.065594599805)
2014817060,2014053357,09/14/2014,09-September,1-Sunday,11:05,1100 Hours,District 4 (Southwest),,ADAIR,,Co Rd G15/130TH ST & ELK AVE,Collision with:  Vehicle in traffic,On Roadway,Broadside (front to side),Ran Stop Sign,None Indicated,,Daylight,Dry,Clear,None apparent,Intersection:  Four-way intersection,Unpaved,,Possible/Unknown,0,1,0,0,1,0,23400,2,2,,POINT (-94.62418461906 41.460769287499)
2014816671,14-002119,09/14/2014,09-September,1-Sunday,14:25,1400 Hours,District 1 (Central),ALTOONA,POLK,,34TH AVE SW,Collision with:  Vehicle in traffic,On Roadway,"Sideswipe, same direction",Other (explain in narrative):  Other,None Indicated,,Daylight,Dry,Cloudy,None apparent,Non-intersection:  Non-junction/no special feature,Paved,,Property Damage Only,0,0,0,0,0,0,2000,2,3,,POINT (-93.503117250438 41.652444928233)
2014817628,201413609,09/14/2014,09-September,1-Sunday,03:32,0300 Hours,District 6 (East Central),CEDAR RAPIDS,LINN,I-380,I-380 & US 30/LINCOLN FWY,Collision with fixed object:  Ditch,On Roadway,Non-collision (single vehicle),Ran off road - right,Refused,,Dark - roadway lighted,Dry,Clear,None apparent,Non-intersection:  Non-junction/no special feature,Paved,,Minor Injury,0,3,0,1,2,0,6000,1,4,,POINT (-91.674260295769 41.927045187032)
2014817163,2014-64791,09/14/2014,09-September,1-Sunday,19:15,1900 Hours,District 6 (East Central),DAVENPORT,SCOTT,,W 3RD ST & BROWN ST,Collision with:  Non-motorist (see non-motorist section - NOT a unit),On Roadway,Non-collision (single vehicle),Ran Stop Sign,None Indicated,,Dark - roadway lighted,Dry,Clear,None apparent,Intersection:  Four-way intersection,Paved,,Possible/Unknown,0,1,0,0,1,0,0,1,1,,POINT (-90.584442664369 41.522387686132)
2014820676,AC14-057,09/14/2014,09-September,1-Sunday,16:00,1600 Hours,District 4 (Southwest),HARLAN,SHELBY,US 59,US 59 & CYCLONE AVE,Collision with:  Vehicle in traffic,On Roadway,Rear-end (front to rear),Driving too fast for conditions,None Indicated,,Daylight,Dry,Clear,None apparent,Intersection:  Four-way intersection,Paved,,Possible/Unknown,0,1,0,0,0,1,7000,2,3,,POINT (-95.340790137187 41.660201565777)
2014817618,1409142027,09/14/2014,09-September,1-Sunday,20:27,2000 Hours,District 6 (East Central),,JONES,US 151,US 151 & LANGWORTHY RD,Collision with:  Animal,,,Animal,None Indicated,,,,,,,Paved,,Property Damage Only,0,0,0,0,0,0,4500,1,1,,POINT (-91.221509489636 42.184272104247)
2014816654,20140027197,09/14/2014,09-September,1-Sunday,20:16,2000 Hours,District 1 (Central),DES MOINES,POLK,,2ND AVE,Collision with:  Vehicle in traffic,On Roadway,"Sideswipe, same direction",FTYROW:  From driveway,None Indicated,,Dark - roadway lighted,Dry,Clear,None apparent,Non-intersection:  Driveway access (within),Paved,,Property Damage Only,0,0,0,0,0,0,6000,2,2,,POINT (-93.619747459779 41.600390135366)
2014826661,,09/14/2014,09-September,1-Sunday,05:30,0500 Hours,District 2 (Northeast),,WINNESHIEK,,Co Rd A52/OLD STAGE RD & Co Rd A6W/RIVER RD,Collision with:  Animal,On Roadway,Non-collision (single vehicle),Animal,None Indicated,,Dark - roadway not lighted,Dry,Cloudy,None apparent,Intersection:  Y-intersection,Paved,,Property Damage Only,0,0,0,0,0,0,2500,1,1,,POINT (-91.74351058049 43.296536659459)
2014817259,201403314,09/14/2014,09-September,1-Sunday,19:46,1900 Hours,District 6 (East Central),,LINN,,Co Rd D62/NORTH CENTER POINT RD & Co Rd D66/WILEY RD,Collision with:  Animal,,,Animal,None Indicated,,,,,,,Paved,,Property Damage Only,0,0,0,0,0,0,2000,1,1,,POINT (-91.783673373552 42.254897502329)
2014816830,2014-037761,09/14/2014,09-September,1-Sunday,10:18,1000 Hours,District 6 (East Central),DUBUQUE,DUBUQUE,,WALNUT ST,Collision with:  Vehicle in traffic,On Roadway,"Angle, oncoming left turn",Lost Control,None Indicated,,Daylight,Dry,Clear,None apparent,Non-intersection:  Alley,Paved,,Property Damage Only,0,0,0,0,0,0,2000,2,1,,POINT (-90.675176892158 42.500782536328)
2014817462,201413627,09/14/2014,09-September,1-Sunday,14:43,1400 Hours,District 6 (East Central),CEDAR RAPIDS,LINN,,74TH ST NE & C AVE NE,Collision with:  Vehicle in traffic,On Roadway,"Sideswipe, same direction",FTYROW:  Other (explain in narrative),None Indicated,,Daylight,Dry,Clear,None apparent,Non-intersection:  Non-junction/no special feature,Paved,,Property Damage Only,0,0,0,0,0,0,6000,2,2,,POINT (-91.638546084029 42.051230942546)
2014817346,14-004306,09/14/2014,09-September,1-Sunday,08:23,0800 Hours,District 1 (Central),AMES,STORY,US 69,US 69/GRAND AVE,Collision with:  Vehicle in traffic,On Roadway,Rear-end (front to rear),Exceeded authorized speed,None Indicated,,Daylight,Dry,Clear,None apparent,Non-intersection:  Non-junction/no special feature,Paved,,Major Injury,0,1,1,0,0,0,29000,2,2,,POINT (-93.620297517789 42.028178908034)
2014817074,,09/14/2014,09-September,1-Sunday,19:32,1900 Hours,District 6 (East Central),,IOWA,,Co Rd F15/F15 BLVD,Collision with:  Animal,On Roadway,Non-collision (single vehicle),Animal,None Indicated,,,,,,,Unpaved,,Property Damage Only,0,0,0,0,0,0,1500,1,1,,POINT (-92.101140665674 41.83046760496)
2014817943,2014053402,09/14/2014,09-September,1-Sunday,18:30,1800 Hours,District 2 (Northeast),,WINNEBAGO,,80TH AVE & 420TH ST,Non-collision events:  Overturn/rollover,On Roadway,Non-collision (single vehicle),"Operating vehicle in an reckless, erratic, careless, negligent manner",None Indicated,,Daylight,"Mud, dirt",Cloudy,None apparent,Non-intersection:  Non-junction/no special feature,Unpaved,,Major Injury,0,4,3,1,0,0,10000,1,6,,POINT (-93.813444050164 43.371285209665)
2014817507,S14-I1402,09/14/2014,09-September,1-Sunday,11:41,1100 Hours,District 5 (Southeast),,CLARKE,,332 AVE & KENDALL ST,Non-collision events:  Overturn/rollover,Shoulder,Non-collision (single vehicle),Swerving/Evasive Action,None Indicated,,Daylight,Dry,Clear,"Surface condition (e.g., wet, icy)",Non-intersection:  Non-junction/no special feature,Unpaved,,Possible/Unknown,0,1,0,0,1,0,1000,1,3,,POINT (-93.578698975211 41.059216596657)
2014817280,14-9539,09/14/2014,09-September,1-Sunday,16:07,1600 Hours,District 3 (Northwest),CARROLL,CARROLL,US 30,US 30,Collision with:  Vehicle in traffic,On Roadway,"Sideswipe, same direction",Swerving/Evasive Action,None Indicated,,Daylight,Dry,Clear,None apparent,Non-intersection:  Non-junction/no special feature,Paved,,Property Damage Only,0,0,0,0,0,0,3300,2,3,,POINT (-94.877720088827 42.071907853863)
2014817284,2014053376,09/14/2014,09-September,1-Sunday,14:25,1400 Hours,District 3 (Northwest),,PALO ALTO,,450 ST,Non-collision events:  Overturn/rollover,On Roadway,Non-collision (single vehicle),Swerving/Evasive Action,None Indicated,,Daylight,"Mud, dirt",Clear,None apparent,Non-intersection:  Non-junction/no special feature,Unpaved,,Property Damage Only,0,0,0,0,0,0,8000,1,1,,POINT (-94.752609395019 42.995208438761)
2014817057,2014053324,09/14/2014,09-September,1-Sunday,06:25,0600 Hours,District 4 (Southwest),,MADISON,US 169,US 169,Collision with:  Animal,,,Animal,None Indicated,,,,,,,Paved,,Property Damage Only,0,0,0,0,0,0,2500,1,1,,POINT (-94.041878981673 41.332064773073)