Iowa DOT Case Number,Law Enforcement Case Number,Date of Crash,Month of Crash,Day of Week,Time of Crash,Hour,DOT District,City Name,County Name,Route with System,Location Description,First Harmful Event,Location of First Harmful Event,Manner of Crash/Collision,Major Cause,Drug or Alcohol ,Environmental Conditions,Light Conditions,Surface Conditions,Weather Conditions,Roadway Contribution,Roadway Type,Roadway Surface,Work Zone,Crash Severity,Number of Fatalities,Number of Injuries,Number of Major Injuries,Number of Minor Injuries,Number of Possible Injuries,Number of Unknown Injuries,Amount of Property Damage,Number of Vehicles Involved,Total Number of Occupants,Travel Direction,Location
2014816868,14-32811,09/14/2014,09-September,1-Sunday,12:12,1200 Hours,District 5 (Southeast),BURLINGTON,DES MOINES,,MARKET ST & GARFIELD AVE,Collision with:  Vehicle in traffic,On Roadway,Broadside (front to side),FTYROW:  From stop sign,None Indicated,,Daylight,Dry,Clear,None apparent,Intersection:  Four-way intersection,Paved,,Property Damage Only,0,0,0,0,0,0,3500,2,4,,POINT (-91.118905748066 40.809809696711)
2014817061,2014053360,09/14/2014,09-September,1-Sunday,12:35,1200 Hours,District 1 (Central),ANKENY,POLK,I-35,I-35,Collision with:  Vehicle in traffic,On Roadway,"Sideswipe, same direction",Swerving/Evasive Action,None Indicated,,Daylight,Dry,Clear,None apparent,Non-intersection:  Non-junction/no special feature,Paved,,Property Damage Only,0,0,0,0,0,0,4000,2,3,,POINT (-93.575648335111 41.661156755984)
2014816570,14005655,09/14/2014,09-September,1-Sunday,07:11,0700 Hours,District 3 (Northwest),,CHEROKEE,,S AVE,Non-collision events:  Other non-collision (explain in narrative),On Roadway,Non-collision (single vehicle),Ran off road - right,None Indicated,,Dawn,Wet,Clear,"Shoulders (none, low, soft, high)",Non-intersection:  Non-junction/no special feature,Unpaved,,Property Damage Only,0,0,0,0,0,0,25000,1,1,,POINT (-95.50562360583 42.684031046508)
2014816639,20140027171,09/14/2014,09-September,1-Sunday,14:44,1400 Hours,District 1 (Central),DES MOINES,POLK,US 69,US 69/E 14TH ST & E HULL AVE,Collision with:  Vehicle in traffic,On Roadway,Rear-end (front to rear),Ran Traffic Signal,None Indicated,,Daylight,Dry,Cloudy,None apparent,Intersection:  Four-way intersection,Paved,,Minor Injury,0,1,0,1,0,0,5100,2,3,,POINT (-93.600582698763 41.622280314385)
2014817454,091414A,09/14/2014,09-September,1-Sunday,09:22,0900 Hours,District 4 (Southwest),,FREMONT,,Co Rd J18/120 ST,Collision with:  Animal,On Roadway,Non-collision (single vehicle),Animal,None Indicated,,Daylight,Dry,Cloudy,None apparent,Non-intersection:  Non-junction/no special feature,Paved,,Minor Injury,0,2,0,2,0,0,2000,1,2,,POINT (-95.659632397779 40.872898458074)
2014819128,2014-037764,09/14/2014,09-September,1-Sunday,11:55,1100 Hours,District 6 (East Central),DUBUQUE,DUBUQUE,US 20,US 20/DODGE ST/RAMP,Collision with:  Vehicle in traffic,On Roadway,Rear-end (front to rear),Lost Control,None Indicated,,Daylight,Dry,Clear,None apparent,Non-intersection:  Non-junction/no special feature,Paved,,Possible/Unknown,0,1,0,0,1,0,13500,2,2,,POINT (-90.691090635159 42.490649336184)
2014824680,2014053420,09/14/2014,09-September,1-Sunday,21:44,2100 Hours,District 5 (Southeast),,HENRY,,HICKORY AVE,Collision with fixed object:  Ditch,Shoulder,Non-collision (single vehicle),Ran off road - right,None Indicated,,Dark - roadway not lighted,"Mud, dirt",Clear,None apparent,Non-intersection:  Non-junction/no special feature,Unpaved,,Minor Injury,0,7,0,6,1,0,3000,1,7,,POINT (-91.56960103514 41.009626219247)
2014816582,J14000751,09/14/2014,09-September,1-Sunday,23:53,2300 Hours,District 6 (East Central),SOLON,JOHNSON,IA 1,IA 1/S MARKET ST,Unknown,On Roadway,Non-collision (single vehicle),Crossed centerline (undivided),Alcohol (Statutory),,Dark - roadway lighted,Dry,Clear,None apparent,Non-intersection:  Non-junction/no special feature,Paved,,Property Damage Only,0,0,0,0,0,0,8000,1,1,,POINT (-91.490560820082 41.797172208295)
2014816709,14-30350,09/14/2014,09-September,1-Sunday,15:21,1500 Hours,District 3 (Northwest),SIOUX CITY,WOODBURY,,W 8TH ST & HAMILTON BLVD,Collision with:  Vehicle in traffic,On Roadway,Rear-end (front to rear),Followed too close,None Indicated,,Daylight,Dry,Cloudy,None apparent,Intersection:  Four-way intersection,Paved,,Property Damage Only,0,0,0,0,0,0,5000,3,3,,POINT (-96.417707742906 42.504148340545)
2014816933,14-008030,09/14/2014,09-September,1-Sunday,12:40,1200 Hours,District 6 (East Central),MANCHESTER,DELAWARE,,KANE ST & S 5TH ST,Collision with:  Vehicle in traffic,Roadside,Rear-end (front to rear),FTYROW:  From driveway,None Indicated,,Daylight,Dry,Clear,None apparent,Non-intersection:  Driveway access (within),Paved,,Property Damage Only,0,0,0,0,0,0,2500,2,3,,POINT (-91.46455808191 42.478446886616)
2014817204,2014-64672,09/14/2014,09-September,1-Sunday,02:30,0200 Hours,District 6 (East Central),DAVENPORT,SCOTT,,PERSHING AVE,Collision with:  Vehicle in traffic,On Roadway,"Sideswipe, same direction",Lost Control,None Indicated,,Dark - roadway not lighted,Dry,Clear,None apparent,Non-intersection:  Non-junction/no special feature,Paved,,Possible/Unknown,0,1,0,0,1,0,7000,3,1,,POINT (-90.571153476896 41.526196545237)
2014816895,14-039173,09/14/2014,09-September,1-Sunday,13:40,1300 Hours,District 4 (Southwest),COUNCIL BLUFFS,POTTAWATTAMIE,,N 25TH ST,Collision with:  Vehicle in traffic,On Roadway,Rear-end (front to rear),Followed too close,None Indicated,,Daylight,Dry,Clear,None apparent,Non-intersection:  Non-junction/no special feature,Paved,,Property Damage Only,0,0,0,0,0,0,5000,2,2,,POINT (-95.881930499721 41.261969655872)
2014817058,2014053348,09/14/2014,09-September,1-Sunday,10:30,1000 Hours,District 2 (Northeast),,FRANKLIN,I-35,I-35 & IA 3/IOWA 3,Collision with:  Vehicle in traffic,On Roadway,Broadside (front to side),FTYROW:  From stop sign,None Indicated,,Daylight,Dry,Clear,None apparent,Intersection:  Intersection with ramp,Paved,,Property Damage Only,0,0,0,0,0,0,7000,2,7,,POINT (-93.399906848327 42.745453506972)
2014820268,2014-64737,09/14/2014,09-September,1-Sunday,13:17,1300 Hours,District 6 (East Central),DAVENPORT,SCOTT,,IA 461/HARRISON ST & W 6TH ST,Collision with:  Vehicle in traffic,On Roadway,"Sideswipe, same direction",Made improper turn,None Indicated,,Daylight,Dry,Clear,None apparent,Non-intersection:  Non-junction/no special feature,Paved,,Major Injury,0,2,1,1,0,0,8000,2,4,,POINT (-90.577008038419 41.525716685544)
2014819391,201404316,09/14/2014,09-September,1-Sunday,15:25,1500 Hours,District 1 (Central),BOONE,BOONE,,198TH RD,Non-collision events:  Overturn/rollover,On Roadway,Non-collision (single vehicle),Ran off road - right,None Indicated,,Daylight,Other (explain in narrative),Clear,Debris,Non-intersection:  Non-junction/no special feature,Paved,,Possible/Unknown,0,1,0,0,1,0,16000,1,1,,POINT (-93.950617905984 42.064285961688)
2014819050,14-30336,09/14/2014,09-September,1-Sunday,12:49,1200 Hours,District 3 (Northwest),SIOUX CITY,WOODBURY,IA 376,IA 376/LEWIS BLVD & 6TH ST & FAIRMOUNT ST,Collision with:  Vehicle in traffic,On Roadway,Rear-end (front to rear),Driver Distraction:  Reaching for object(s)/fallen object(s),None Indicated,,Daylight,Dry,Clear,None apparent,Intersection:  Four-way intersection,Paved,,Property Damage Only,0,0,0,0,0,0,5000,2,4,,POINT (-96.378389017508 42.496482082583)
2014819597,2014053342,09/14/2014,09-September,1-Sunday,09:40,0900 Hours,District 6 (East Central),DURANT,CEDAR,,5TH ST & 1ST AVE,Collision with:  Vehicle in traffic,On Roadway,Rear-end (front to rear),Followed too close,None Indicated,,Daylight,Dry,Clear,None apparent,Non-intersection:  Non-junction/no special feature,Paved,,Property Damage Only,0,0,0,0,0,0,6000,2,2,,POINT (-90.919152618861 41.602032050489)
2014817218,SA1407675,09/14/2014,09-September,1-Sunday,11:03,1100 Hours,District 5 (Southeast),,WASHINGTON,,270TH ST,Non-collision events:  Overturn/rollover,Shoulder,Non-collision (single vehicle),Driving too fast for conditions,None Indicated,,Daylight,"Mud, dirt",Clear,None apparent,Non-intersection:  Non-junction/no special feature,Unpaved,,Major Injury,0,1,1,0,0,0,12000,1,1,,POINT (-91.814310880724 41.263512924146)
2014818473,2014053338,09/14/2014,09-September,1-Sunday,07:35,0700 Hours,District 1 (Central),,BOONE,,L AVE & 170TH ST,Collision with fixed object:  Ditch,On Roadway,Non-collision (single vehicle),Ran off road - right,Alcohol (Statutory),,Dark - roadway not lighted,Dry,Cloudy,None apparent,Non-intersection:  Non-junction/no special feature,Unpaved,,Fatal,1,0,0,0,0,0,10000,1,1,,POINT (-93.950824215834 42.107253807212)
2014816898,2014010233,09/14/2014,09-September,1-Sunday,05:10,0500 Hours,District 6 (East Central),IOWA CITY,JOHNSON,I-80,I-80,Collision with fixed object:  Guardrail - face,On Roadway,Non-collision (single vehicle),Driver Distraction:  Inattentive/lost in thought,None Indicated,,Dark - roadway not lighted,Dry,Clear,None apparent,Non-intersection:  Non-junction/no special feature,Paved,,Property Damage Only,0,0,0,0,0,0,6000,1,1,,POINT (-91.555688274096 41.685569466272)
2014817114,14-050914-01,09/14/2014,09-September,1-Sunday,07:30,0700 Hours,District 6 (East Central),,IOWA,I-80,I-80,Collision with fixed object:  Guardrail - face,Shoulder,Non-collision (single vehicle),Swerving/Evasive Action,None Indicated,,Daylight,Dry,Clear,None apparent,Non-intersection:  Non-junction/no special feature,Paved,,Property Damage Only,0,0,0,0,0,0,3000,1,1,,POINT (-92.224382337885 41.695865472223)
2014818028,127-2014,09/14/2014,09-September,1-Sunday,05:00,0500 Hours,District 4 (Southwest),,HARRISON,IA 127,IA 127/IOWA 127,Collision with fixed object:  Ditch,On Roadway,Non-collision (single vehicle),Crossed centerline (undivided),None Indicated,,Dark - roadway not lighted,Dry,Clear,None apparent,Non-intersection:  Non-junction/no special feature,Paved,,Property Damage Only,0,0,0,0,0,0,10000,1,1,,POINT (-95.952705337432 41.70733157516)
2014817542,14028642,09/14/2014,09-September,1-Sunday,20:02,2000 Hours,District 5 (Southeast),,LEE,US 61,US 61,Collision with:  Animal,,,Animal,None Indicated,,,,,,,Paved,,Property Damage Only,0,0,0,0,0,0,3000,1,1,,POINT (-91.421524319485 40.60911468711)
2014817926,2014053358,09/14/2014,09-September,1-Sunday,11:40,1100 Hours,District 6 (East Central),CORALVILLE,JOHNSON,I-80,I-80,Collision with:  Vehicle in traffic,On Roadway,Rear-end (front to rear),Followed too close,None Indicated,,Daylight,Dry,Clear,None apparent,Interchange-related:  Off-ramp,Paved,,Property Damage Only,0,0,0,0,0,0,5000,2,6,,POINT (-91.598916110238 41.693472278259)
2014817107,14-32826,09/14/2014,09-September,1-Sunday,15:22,1500 Hours,District 5 (Southeast),,DES MOINES,US 61,US 61,Collision with:  Vehicle in traffic,On Roadway,Rear-end (front to rear),Followed too close,None Indicated,,Daylight,Dry,Clear,None apparent,Non-intersection:  Non-junction/no special feature,Paved,,Property Damage Only,0,0,0,0,0,0,4000,2,2,,POINT (-91.147788195871 40.84422758497)
2014818208,2014-19986,09/14/2014,09-September,1-Sunday,14:36,1400 Hours,District 5 (Southeast),DES MOINES,WARREN,,BRONZE ST & BLUE ST,Collision with fixed object:  Ditch,Gore,Non-collision (single vehicle),Driving too fast for conditions,None Indicated,,Daylight,Dry,Cloudy,None apparent,Non-intersection:  Other non-intersection (explain in narrative),Paved,,Minor Injury,0,1,0,1,0,0,1500,1,1,,POINT (-93.644212677398 41.493852286222)
2014817617,1409140220,09/14/2014,09-September,1-Sunday,02:20,0200 Hours,District 6 (East Central),,JONES,,SHAW RD,Collision with:  Animal,,,Animal,None Indicated,,,,,,,Paved,,Property Damage Only,0,0,0,0,0,0,4000,1,1,,POINT (-91.274411749321 42.094812812538)
2014816668,14-2045,09/14/2014,09-September,1-Sunday,15:51,1500 Hours,District 1 (Central),URBANDALE,POLK,,DOUGLAS AVE,Collision with:  Vehicle in traffic,On Roadway,"Angle, oncoming left turn",FTYROW:  Making left turn,None Indicated,,Daylight,Dry,Clear,None apparent,Intersection:  Four-way intersection,Paved,,Property Damage Only,0,0,0,0,0,0,3500,2,3,,POINT (-93.703329747492 41.629425749989)
2014816986,S14-003637,09/14/2014,09-September,1-Sunday,08:50,0800 Hours,District 4 (Southwest),AVOCA,POTTAWATTAMIE,I-80,I-80,Non-collision events:  Overturn/rollover,Shoulder,Non-collision (single vehicle),Swerving/Evasive Action,None Indicated,,Daylight,Dry,Clear,None apparent,Non-intersection:  Non-junction/no special feature,Paved,,Possible/Unknown,0,2,0,0,2,0,4000,1,2,,POINT (-95.334765944094 41.497569026382)
2014817311,1400000797,09/14/2014,09-September,1-Sunday,04:15,0400 Hours,District 1 (Central),,MARSHALL,IA 96,IA 96/120TH ST,Collision with fixed object:  Ditch,On Roadway,Non-collision (single vehicle),Swerving/Evasive Action,None Indicated,,Dark - roadway not lighted,Dry,Cloudy,None apparent,Non-intersection:  Non-junction/no special feature,Paved,,Property Damage Only,0,0,0,0,0,0,4000,1,2,,POINT (-92.874137643937 42.181185251188)
2014817101,SO1409148091,09/14/2014,09-September,1-Sunday,21:32,2100 Hours,District 6 (East Central),GRAND MOUND,CLINTON,US 30,US 30,Collision with:  Animal,,,Animal,None Indicated,,,,,,,Paved,,Property Damage Only,0,0,0,0,0,0,2000,1,1,,POINT (-90.622812218564 41.82561817017)
2014824679,2014053400,09/14/2014,09-September,1-Sunday,18:26,1800 Hours,District 5 (Southeast),OLDS,HENRY,US 218,US 218 & SCHOOL AVE & E SCHOOL AVE,Collision with:  Vehicle in traffic,On Roadway,Broadside (front to side),FTYROW:  From stop sign,None Indicated,,Daylight,Dry,Clear,None apparent,Intersection:  Four-way intersection,Paved,,Minor Injury,0,1,0,1,0,0,11000,2,2,,POINT (-91.54010763534 41.13453576042)
2014817063,2014053413,09/14/2014,09-September,1-Sunday,19:45,1900 Hours,District 4 (Southwest),,MADISON,US 169,US 169,Collision with:  Animal,,,Animal,None Indicated,,,,,,,Paved,,Property Damage Only,0,0,0,0,0,0,1500,1,1,,POINT (-94.04727477349 41.185254413358)
2014816721,14-039146,09/14/2014,09-September,1-Sunday,08:17,0800 Hours,District 4 (Southwest),COUNCIL BLUFFS,POTTAWATTAMIE,I-29,I-29,Collision with fixed object:  Guardrail - face,On Roadway,Non-collision (single vehicle),Lost Control,None Indicated,,Daylight,Dry,Cloudy,None apparent,Interchange-related:  On-ramp,Paved,,Property Damage Only,0,0,0,0,0,0,1500,1,2,,POINT (-95.901929450975 41.239482473072)
2014817059,2014053349,09/14/2014,09-September,1-Sunday,10:15,1000 Hours,District 1 (Central),,POLK,I-35,I-35,Collision with:  Vehicle in traffic,Roadside,"Sideswipe, same direction",FTYROW:  Other (explain in narrative),None Indicated,,Daylight,Dry,Clear,None apparent,Interchange-related:  On-ramp merge area,Paved,,Property Damage Only,0,0,0,0,0,0,3300,2,2,,POINT (-93.578086470478 41.651741050763)
2014816795,C14002933,09/14/2014,09-September,1-Sunday,17:45,1700 Hours,District 6 (East Central),CORALVILLE,JOHNSON,,5TH ST & 20TH AVE,Collision with:  Vehicle in traffic,On Roadway,Broadside (front to side),FTYROW:  From stop sign,None Indicated,,Daylight,Dry,Clear,None apparent,Intersection:  Four-way intersection,Paved,,Property Damage Only,0,0,0,0,0,0,5000,2,2,,POINT (-91.591215713691 41.680147075017)
2014817162,2014-64685,09/14/2014,09-September,1-Sunday,03:37,0300 Hours,District 6 (East Central),DAVENPORT,SCOTT,,E 11TH ST,Collision with:  Vehicle in traffic,On Roadway,Rear-end (front to rear),Lost Control,None Indicated,,Dark - roadway not lighted,Dry,Clear,None apparent,Non-intersection:  Non-junction/no special feature,Paved,,Property Damage Only,0,0,0,0,0,0,5000,2,1,,POINT (-90.555264443606 41.531209478077)
2014816829,2014-037760,09/14/2014,09-September,1-Sunday,10:27,1000 Hours,District 6 (East Central),DUBUQUE,DUBUQUE,,KAUFMANN AVE & JOHN F KENNEDY RD,Collision with:  Vehicle in traffic,On Roadway,Rear-end (front to rear),Lost Control,None Indicated,,Daylight,Dry,Clear,None apparent,Non-intersection:  Non-junction/no special feature,Paved,,Possible/Unknown,0,2,0,0,2,0,1600,2,6,,POINT (-90.720531677259 42.514895744767)
2014816712,14-30375,09/14/2014,09-September,1-Sunday,19:27,1900 Hours,District 3 (Northwest),SIOUX CITY,WOODBURY,,VIRGINIA ST,Collision with:  Parked motor vehicle,On Roadway,Unknown,Unknown,None Indicated,,Dark - roadway lighted,Wet,Cloudy,None apparent,Non-intersection:  Non-junction/no special feature,Paved,,Property Damage Only,0,0,0,0,0,0,1500,2,1,,POINT (-96.398395450156 42.510441146084)
2014819444,,09/14/2014,09-September,1-Sunday,10:37,1000 Hours,District 5 (Southeast),CHARITON,LUCAS,,N GRAND ST,Collision with:  Vehicle in traffic,On Roadway,Rear-end (front to rear),FTYROW:  From driveway,None Indicated,,Daylight,Dry,Clear,None apparent,Non-intersection:  Driveway access (within),Paved,,Property Damage Only,0,0,0,0,0,0,8500,2,3,,POINT (-93.306865462415 41.017616423815)
2014816653,20140027183,09/14/2014,09-September,1-Sunday,17:41,1700 Hours,District 1 (Central),DES MOINES,POLK,,CLARK ST,Collision with:  Non-motorist (see non-motorist section - NOT a unit),On Roadway,Non-collision (single vehicle),Other (explain in narrative):  No improper action,None Indicated,,Daylight,Dry,Clear,None apparent,Non-intersection:  Non-junction/no special feature,Paved,,Minor Injury,0,1,0,1,0,0,1,1,1,,POINT (-93.635233389424 41.605908106757)
2014816814,2014-012758,09/14/2014,09-September,1-Sunday,07:50,0700 Hours,District 6 (East Central),,DUBUQUE,US 151,US 151 & ACCESS TO REITER RD,Collision with:  Animal,,,Animal,None Indicated,,,,,,,Paved,,Property Damage Only,0,0,0,0,0,0,5000,1,1,,POINT (-90.972342948607 42.314367675085)
2014817062,2014053382,09/14/2014,09-September,1-Sunday,15:15,1500 Hours,District 5 (Southeast),,WARREN,I-35,I-35,Collision with fixed object:  Bridge overhead structure,Roadside,Non-collision (single vehicle),Ran off road - right,None Indicated,,Daylight,Dry,Cloudy,None apparent,Non-intersection:  Other non-intersection (explain in narrative),Paved,,Property Damage Only,0,0,0,0,0,0,3500,1,1,,POINT (-93.779566421654 41.351948509631)
2014816711,14-30371,09/14/2014,09-September,1-Sunday,18:55,1800 Hours,District 3 (Northwest),SIOUX CITY,WOODBURY,,RIDGE AVE & S CLEVELAND ST,Collision with:  Vehicle in traffic,On Roadway,Rear-end (front to rear),Improper Backing,None Indicated,,Daylight,Dry,Clear,None apparent,Intersection:  T-intersection,Paved,,Property Damage Only,0,0,0,0,0,0,1800,2,2,,POINT (-96.351511434066 42.477840339154)
2014816590,201413608,09/14/2014,09-September,1-Sunday,02:45,0200 Hours,District 6 (East Central),CEDAR RAPIDS,LINN,,EDGEWOOD RD NE,Collision with:  Vehicle in traffic,On Roadway,Rear-end (front to rear),Ran Traffic Signal,None Indicated,,Dark - roadway lighted,Dry,Clear,None apparent,Unknown,Paved,,Property Damage Only,0,0,0,0,0,0,2000,2,2,,POINT (-91.702137392586 42.027839732947)
2014817347,14-004307,09/14/2014,09-September,1-Sunday,08:57,0800 Hours,District 1 (Central),AMES,STORY,,UNIVERSITY BLVD & S 4TH ST,Collision with:  Vehicle in traffic,On Roadway,Broadside (front to side),Ran Traffic Signal,None Indicated,,Daylight,Dry,Clear,None apparent,Intersection:  Four-way intersection,Paved,,Possible/Unknown,0,2,0,0,1,1,13000,2,2,,POINT (-93.632344308453 42.016296546322)
2014817428,,09/14/2014,09-September,1-Sunday,04:55,0400 Hours,District 3 (Northwest),,CHEROKEE,US 59,US 59,Collision with:  Animal,On Roadway,Non-collision (single vehicle),Animal,None Indicated,,Dark - roadway not lighted,Dry,"Fog, smoke, smog",,Non-intersection:  Non-junction/no special feature,Paved,,Property Damage Only,0,0,0,0,0,0,4800,1,1,,POINT (-95.553222761824 42.782788420865)
2014817827,14092694,09/14/2014,09-September,1-Sunday,19:51,1900 Hours,District 2 (Northeast),CEDAR FALLS,BLACK HAWK,,UNIVERSITY AVE,Collision with:  Vehicle in traffic,On Roadway,Broadside (front to side),FTYROW:  Other (explain in narrative),None Indicated,,Dark - roadway lighted,Dry,Clear,None apparent,Non-intersection:  Driveway access (within),Paved,,Property Damage Only,0,0,0,0,0,0,4000,2,4,,POINT (-92.447869836347 42.51308766195)
2014816637,20140027708,09/14/2014,09-September,1-Sunday,23:38,2300 Hours,District 1 (Central),DES MOINES,POLK,US 6,US 6/MERLE HAY RD,Collision with:  Vehicle in traffic,On Roadway,"Sideswipe, opposite direction",FTYROW:  Making left turn,None Indicated,,Dark - roadway lighted,Dry,Clear,None apparent,Intersection:  Four-way intersection,Paved,,Property Damage Only,0,0,0,0,0,0,8936,2,2,,POINT (-93.697711205375 41.614940413133)
2014817356,14011203,09/14/2014,09-September,1-Sunday,08:54,0800 Hours,District 1 (Central),,TAMA,,Co Rd T53/F AVE,Collision with:  Animal,On Roadway,Non-collision (single vehicle),Animal,None Indicated,,Daylight,Dry,Cloudy,None apparent,Non-intersection:  Non-junction/no special feature,Unpaved,,Property Damage Only,0,0,0,0,0,0,1500,1,1,,POINT (-92.67002710006 42.181013915819)
2014817345,14-004305,09/14/2014,09-September,1-Sunday,08:18,0800 Hours,District 1 (Central),AMES,STORY,,POLK DR,Non-collision events:  Other non-collision (explain in narrative),Shoulder,Non-collision (single vehicle),Ran off road - left,None Indicated,,Daylight,Dry,Cloudy,None apparent,Non-intersection:  Non-junction/no special feature,Paved,,Property Damage Only,0,0,0,0,0,0,2500,1,1,,POINT (-93.636385262214 42.053327177986)
2014817340,1-14-000353,09/14/2014,09-September,1-Sunday,09:05,0900 Hours,District 4 (Southwest),,SHELBY,US 59,US 59 & IA 37/IOWA 37 & Co Rd F24/STREET F24,Collision with:  Vehicle in traffic,On Roadway,Rear-end (front to rear),FTYROW:  Other (explain in narrative),None Indicated,,Daylight,Dry,Clear,None apparent,Intersection:  Four-way intersection,Paved,,Property Damage Only,0,0,0,0,0,0,3000,2,5,,POINT (-95.344536334524 41.777521451849)
2014817331,20140027194,09/14/2014,09-September,1-Sunday,19:13,1900 Hours,District 1 (Central),DES MOINES,POLK,,E PHILIP ST,Collision with:  Parked motor vehicle,On Roadway,Rear-end (front to rear),"Operating vehicle in an reckless, erratic, careless, negligent manner",Refused,,Daylight,Dry,Clear,None apparent,Non-intersection:  Non-junction/no special feature,Paved,,Property Damage Only,0,0,0,0,0,0,9000,2,1,,POINT (-93.606905056982 41.542451761248)
2014829247,14-6912,09/14/2014,09-September,1-Sunday,13:32,1300 Hours,District 3 (Northwest),,IDA,,Co Rd D56/310TH ST & Co Rd L51/DODGE AVE,Non-collision events:  Overturn/rollover,Shoulder,Non-collision (single vehicle),Ran off road - right,None Indicated,,Daylight,Dry,Clear,None apparent,Non-intersection:  Non-junction/no special feature,Paved,,Possible/Unknown,0,1,0,0,1,0,10000,1,1,,POINT (-95.594214941563 42.254387401163)
2014816580,14-015803,09/14/2014,09-September,1-Sunday,22:52,2200 Hours,District 5 (Southeast),,HENRY,,IOWA AVE,Collision with:  Animal,,,Animal,None Indicated,,,,,,,Paved,,Property Damage Only,0,0,0,0,0,0,4000,1,1,,POINT (-91.554454669661 40.950678936848)
2014816808,14-2838,09/14/2014,09-September,1-Sunday,23:20,2300 Hours,District 1 (Central),FORT DODGE,WEBSTER,,AVE B S,Non-collision events:  Other non-collision (explain in narrative),Unknown,Non-collision (single vehicle),Unknown,None Indicated,,Dark - unknown roadway lighting,Unknown,Clear,Unknown,Non-intersection:  Non-junction/no special feature,Paved,,Property Damage Only,0,0,0,0,0,0,7000,1,1,,POINT (-94.18097208666 42.483521737817)
2014817911,2014053321,09/14/2014,09-September,1-Sunday,03:15,0300 Hours,District 1 (Central),,POWESHIEK,I-80,I-80,Collision with fixed object:  Ditch,Roadside,Non-collision (single vehicle),Ran off road - right,None Indicated,,Dark - roadway not lighted,Dry,Clear,None apparent,Non-intersection:  Non-junction/no special feature,Paved,,Property Damage Only,0,0,0,0,0,0,1500,1,4,,POINT (-92.66223269785 41.695653622126)
2014816594,14019463,09/14/2014,09-September,1-Sunday,03:00,0300 Hours,District 6 (East Central),MARION,LINN,,WINSLOW RD,Collision with fixed object:  Other fixed object (explain in narrative),Shoulder,Non-collision (single vehicle),Exceeded authorized speed,Under Influence of Alcohol/Drugs/Medications,,Dark - roadway not lighted,Dry,Clear,None apparent,Non-intersection:  Other non-intersection (explain in narrative),Paved,,Property Damage Only,0,0,0,0,0,0,7000,1,2,,POINT (-91.588575910271 42.059534428539)
2014817012,14-0510,09/14/2014,09-September,1-Sunday,18:45,1800 Hours,District 1 (Central),,WEBSTER,,370TH ST,Collision with fixed object:  Ditch,On Roadway,Non-collision (single vehicle),Driving too fast for conditions,None Indicated,,Dusk,"Mud, dirt",Clear,None apparent,Non-intersection:  Non-junction/no special feature,Unpaved,,Minor Injury,0,1,0,1,0,0,5500,1,1,,POINT (-94.329405562997 42.25298493776)
2014817005,2014010254,09/14/2014,09-September,1-Sunday,03:00,0300 Hours,District 6 (East Central),IOWA CITY,JOHNSON,,MCCOLLISTER BLVD,Collision with fixed object:  Curb/island/raised median,On Roadway,Non-collision (single vehicle),Exceeded authorized speed,None Indicated,,Dark - roadway not lighted,Dry,Clear,None apparent,Non-intersection:  Non-junction/no special feature,Paved,,Property Damage Only,0,0,0,0,0,0,2200,1,1,,POINT (-91.521986701435 41.627740232877)
2014818433,14-014338,09/14/2014,09-September,1-Sunday,12:15,1200 Hours,District 2 (Northeast),CHARLES CITY,FLOYD,,HULIN ST & N IOWA ST,Collision with:  Vehicle in traffic,On Roadway,Broadside (front to side),FTYROW:  At uncontrolled intersection,None Indicated,,Daylight,Dry,Clear,None apparent,Intersection:  Four-way intersection,Paved,,Possible/Unknown,0,2,0,0,2,0,8000,2,5,,POINT (-92.679167865439 43.071889543844)
2014850971,14-7434,09/14/2014,09-September,1-Sunday,07:14,0700 Hours,District 5 (Southeast),,LOUISA,,Co Rd X37/COUNTY RD X 37,Collision with:  Animal,,,Animal,None Indicated,,,,,,,Paved,,Property Damage Only,0,0,0,0,0,0,3500,1,1,,POINT (-91.330256812375 41.242331889453)
2014825497,14-007079,09/15/2014,09-September,2-Monday,18:57,1800 Hours,District 4 (Southwest),PERRY,DALLAS,,WILLIS AVE & 10TH ST,Collision with:  Vehicle in traffic,On Roadway,Head-on (front to front),FTYROW:  Making left turn,None Indicated,,Daylight,Dry,Clear,None apparent,Intersection:  Four-way intersection,Paved,,Possible/Unknown,0,1,0,0,1,0,40000,2,2,,POINT (-94.094471124125 41.838461426791)
2014818312,14-050915-01,09/15/2014,09-September,2-Monday,09:42,0900 Hours,District 6 (East Central),,IOWA,US 6,US 6/42ND AVE & US 151,Collision with:  Vehicle in traffic,On Roadway,"Sideswipe, opposite direction",Made improper turn,None Indicated,,Daylight,Dry,Clear,Work Zone (roadway-related),Intersection:  T-intersection,Paved,Yes,Property Damage Only,0,0,0,0,0,0,5000,2,2,,POINT (-91.873623493416 41.764963830559)
2014909175,082-14,09/15/2014,09-September,2-Monday,17:15,1700 Hours,District 4 (Southwest),,MADISON,,FAWN AVE,Collision with fixed object:  Ditch,On Roadway,Non-collision (single vehicle),Ran off road - right,None Indicated,,Daylight,"Mud, dirt",Clear,None apparent,Non-intersection:  Non-junction/no special feature,Unpaved,,Minor Injury,0,1,0,1,0,0,6100,1,1,,POINT (-94.147037622034 41.161937784278)