Iowa DOT Case Number,Law Enforcement Case Number,Date of Crash,Month of Crash,Day of Week,Time of Crash,Hour,DOT District,City Name,County Name,Route with System,Location Description,First Harmful Event,Location of First Harmful Event,Manner of Crash/Collision,Major Cause,Drug or Alcohol ,Environmental Conditions,Light Conditions,Surface Conditions,Weather Conditions,Roadway Contribution,Roadway Type,Roadway Surface,Work Zone,Crash Severity,Number of Fatalities,Number of Injuries,Number of Major Injuries,Number of Minor Injuries,Number of Possible Injuries,Number of Unknown Injuries,Amount of Property Damage,Number of Vehicles Involved,Total Number of Occupants,Travel Direction,Location
2014817004,2014010290,09/15/2014,09-September,2-Monday,20:56,2000 Hours,District 6 (East Central),IOWA CITY,JOHNSON,,N RIVERSIDE DR,Collision with:  Vehicle in traffic,On Roadway,Rear-end (front to rear),Followed too close,None Indicated,,Dark - roadway lighted,Dry,Clear,None apparent,Non-intersection:  Non-junction/no special feature,Paved,,Property Damage Only,0,0,0,0,0,0,6000,2,3,,POINT (-91.541564143597 41.66349544567)
2014816966,20140027323,09/15/2014,09-September,2-Monday,07:00,0700 Hours,District 1 (Central),DES MOINES,POLK,,E EMMA AVE & S UNION ST,Collision with:  Parked motor vehicle,On Roadway,Broadside (front to side),Unknown,None Indicated,,Dark - roadway lighted,Dry,Clear,None apparent,Non-intersection:  Non-junction/no special feature,Paved,,Property Damage Only,0,0,0,0,0,0,2000,2,1,,POINT (-93.616089727094 41.54255604507)
2014818487,,09/15/2014,09-September,2-Monday,19:00,1900 Hours,District 6 (East Central),CEDAR RAPIDS,LINN,IA 100,IA 100/COLLINS RD NE & NORTHLAND AVE NE,Collision with:  Vehicle in traffic,On Roadway,Rear-end (front to rear),Unknown,None Indicated,,Daylight,Dry,Clear,,Intersection:  Four-way intersection,Paved,,Property Damage Only,0,0,0,0,0,0,1500,2,5,,POINT (-91.631723935413 42.027895441796)
2014817067,14-6424,09/15/2014,09-September,2-Monday,17:22,1700 Hours,District 2 (Northeast),,KOSSUTH,US 18,US 18,Collision with fixed object:  Ditch,On Roadway,Non-collision (single vehicle),Ran off road - right,None Indicated,,Daylight,Dry,Cloudy,None apparent,Non-intersection:  Non-junction/no special feature,Paved,,Property Damage Only,0,0,0,0,0,0,5000,1,1,,POINT (-94.004693234186 43.093421635076)
2014818425,20143380,09/15/2014,09-September,2-Monday,18:55,1800 Hours,District 1 (Central),,GRUNDY,,T AVE & 130TH ST,Collision with fixed object:  Ditch,On Roadway,Non-collision (single vehicle),Ran off road - left,None Indicated,,Dusk,"Mud, dirt",Clear,None apparent,Intersection:  Four-way intersection,Unpaved,,Minor Injury,0,2,0,2,0,0,300,1,2,,POINT (-92.652605107975 42.513431857863)
2014819100,14-009566,09/15/2014,09-September,2-Monday,15:47,1500 Hours,District 3 (Northwest),,CARROLL,US 71,US 71,Collision with:  Vehicle in traffic,On Roadway,"Angle, oncoming left turn",Crossed centerline (undivided),None Indicated,,Daylight,Dry,Cloudy,None apparent,Non-intersection:  Driveway access (within),Paved,,Property Damage Only,0,0,0,0,0,0,25000,2,2,,POINT (-94.878376848636 42.130616292089)
2014817534,14-028809,09/15/2014,09-September,2-Monday,23:00,2300 Hours,District 5 (Southeast),,LEE,,GOLDEN RD,Collision with:  Animal,,,Animal,None Indicated,,,,,,,Unpaved,,Property Damage Only,0,0,0,0,0,0,1500,1,1,,POINT (-91.463747990035 40.655446394615)
2014817206,2014-64961,09/15/2014,09-September,2-Monday,12:42,1200 Hours,District 6 (East Central),DAVENPORT,SCOTT,US 6,US 6/W KIMBERLY RD,Collision with:  Vehicle in traffic,On Roadway,Rear-end (front to rear),Lost Control,None Indicated,,Daylight,Dry,Cloudy,None apparent,Non-intersection:  Non-junction/no special feature,Paved,,Minor Injury,0,3,0,1,2,0,19200,4,4,,POINT (-90.596037574575 41.56007047242)
2014816872,14-039335,09/15/2014,09-September,2-Monday,14:07,1400 Hours,District 4 (Southwest),COUNCIL BLUFFS,POTTAWATTAMIE,,HARRISON ST,Collision with:  Vehicle in traffic,On Roadway,Broadside (front to side),Improper Backing,None Indicated,,Daylight,Dry,Clear,None apparent,Non-intersection:  Non-junction/no special feature,Paved,,Possible/Unknown,0,1,0,0,1,0,1500,2,2,,POINT (-95.844312406203 41.265625828187)
2014817000,14-32875,09/15/2014,09-September,2-Monday,06:51,0600 Hours,District 5 (Southeast),BURLINGTON,DES MOINES,,Co Rd X99/DMC 99 & TAMA RD,Collision with:  Animal,On Roadway,Non-collision (single vehicle),Animal,None Indicated,,Daylight,Wet,Cloudy,None apparent,Non-intersection:  Non-junction/no special feature,Paved,,Property Damage Only,0,0,0,0,0,0,2500,1,1,,POINT (-91.111173706499 40.840390901361)
2014818298,"14,211-14",09/15/2014,09-September,2-Monday,17:08,1700 Hours,District 3 (Northwest),SPENCER,CLAY,US 18,US 18/S GRAND AVE & 4TH ST SW & 4TH ST SE,Collision with:  Non-motorist (see non-motorist section - NOT a unit),On Roadway,Non-collision (single vehicle),FTYROW:  To pedestrian,None Indicated,,Daylight,Dry,Cloudy,None apparent,Intersection:  Four-way intersection,Paved,,Minor Injury,0,1,0,1,0,0,100,1,2,,POINT (-95.144197267901 43.134152747415)
2014817431,,09/15/2014,09-September,2-Monday,10:50,1000 Hours,District 2 (Northeast),CEDAR FALLS,BLACK HAWK,,22ND ST & CAMPUS ST,Collision with:  Vehicle in traffic,On Roadway,"Angle, oncoming left turn",Unknown,None Indicated,,Daylight,Wet,Rain,None apparent,Intersection:  Four-way intersection,Paved,,Property Damage Only,0,0,0,0,0,0,1500,2,2,,POINT (-92.460598394256 42.517840310953)
2014817215,C14002941,09/15/2014,09-September,2-Monday,12:00,1200 Hours,District 6 (East Central),CORALVILLE,JOHNSON,US 6,US 6/2ND ST,Collision with:  Vehicle in traffic,On Roadway,"Sideswipe, same direction",Improper or erratic lane changing,None Indicated,,Daylight,Dry,Cloudy,None apparent,Non-intersection:  Non-junction/no special feature,Paved,,Property Damage Only,0,0,0,0,0,0,2750,2,3,,POINT (-91.609115261994 41.688597390642)
2014817342,1-14-000358,09/15/2014,09-September,2-Monday,13:15,1300 Hours,District 4 (Southwest),ELK HORN,SHELBY,,FYN ST,Collision with:  Vehicle in traffic,On Roadway,Broadside (front to side),Other (explain in narrative):  Other,None Indicated,,Daylight,Dry,Clear,None apparent,Non-intersection:  Non-junction/no special feature,Paved,,Property Damage Only,0,0,0,0,0,0,7000,2,1,,POINT (-95.057357362947 41.592358583512)
2014816644,20140027268,09/15/2014,09-September,2-Monday,12:28,1200 Hours,District 1 (Central),DES MOINES,POLK,,42ND ST,Collision with:  Vehicle in traffic,On Roadway,Broadside (front to side),FTYROW:  From driveway,None Indicated,,Daylight,Dry,Cloudy,None apparent,Non-intersection:  Driveway access (within),Paved,,Possible/Unknown,0,1,0,0,1,0,6000,2,2,,POINT (-93.674381423959 41.593345230577)
2014821220,2014053484,09/15/2014,09-September,2-Monday,12:50,1200 Hours,District 5 (Southeast),ALBIA,MONROE,US 34,US 34,Collision with:  Vehicle in traffic,On Roadway,Head-on (front to front),Crossed centerline (undivided),None Indicated,,Daylight,Dry,Cloudy,None apparent,Non-intersection:  Non-junction/no special feature,Paved,,Major Injury,0,2,1,0,1,0,9000,2,2,,POINT (-92.805142566501 41.015391948646)
2014817064,2014053439,09/15/2014,09-September,2-Monday,05:33,0500 Hours,District 4 (Southwest),,HARRISON,I-29,I-29,Collision with:  Animal,,,Animal,None Indicated,,,,,,,Paved,,Property Damage Only,0,0,0,0,0,0,4000,1,1,,POINT (-96.030761910954 41.659764893846)
2014816965,20140027320,09/15/2014,09-September,2-Monday,16:40,1600 Hours,District 1 (Central),DES MOINES,POLK,,UNIVERSITY CT & UNIVERSITY AVE & 10TH ST,Collision with:  Non-motorist (see non-motorist section - NOT a unit),On Roadway,Non-collision (single vehicle),FTYROW:  To pedestrian,None Indicated,,Daylight,Dry,Cloudy,None apparent,Intersection:  Four-way intersection,Paved,,Minor Injury,0,2,0,2,0,0,0,1,1,,POINT (-93.630547896108 41.600448500149)
2014817001,14-32921,09/15/2014,09-September,2-Monday,15:29,1500 Hours,District 5 (Southeast),BURLINGTON,DES MOINES,,MASON RD & LAWRENCE DR,Collision with:  Vehicle in traffic,Shoulder,Rear-end (front to rear),FTYROW:  Other (explain in narrative),None Indicated,,Daylight,Dry,Cloudy,None apparent,Non-intersection:  Non-junction/no special feature,Paved,,Property Damage Only,0,0,0,0,0,0,4500,2,2,,POINT (-91.140111840105 40.796767938528)
2014819402,2014-64486,09/15/2014,09-September,2-Monday,05:42,0500 Hours,District 6 (East Central),DAVENPORT,SCOTT,,N DIVISION ST,Collision with fixed object:  Utility pole/light support,On Roadway,Non-collision (single vehicle),Ran off road - right,Alcohol (Statutory),,Dark - roadway lighted,Dry,Clear,None apparent,Non-intersection:  Non-junction/no special feature,Paved,,Property Damage Only,0,0,0,0,0,0,20000,1,1,,POINT (-90.600681275187 41.558690467039)
2014819101,14-009571,09/15/2014,09-September,2-Monday,19:40,1900 Hours,District 3 (Northwest),TEMPLETON,CARROLL,,S RYE AVE,Collision with fixed object:  Ditch,Gore,Non-collision (single vehicle),Exceeded authorized speed,Alcohol (Statutory),,Dark - roadway lighted,Dry,Cloudy,None apparent,Intersection:  Other intersection (explain in narrative),Paved,,Major Injury,0,1,1,0,0,0,34000,1,1,,POINT (-94.937443100652 41.918242926449)
2014816929,091514-73,09/15/2014,09-September,2-Monday,08:26,0800 Hours,District 3 (Northwest),,BUENA VISTA,,Co Rd M44/100TH AVE,Collision with:  Vehicle in traffic,On Roadway,"Sideswipe, same direction",Ran off road - left,None Indicated,,Daylight,Wet,Cloudy,None apparent,Non-intersection:  Driveway access (within),Paved,,Property Damage Only,0,0,0,0,0,0,4000,2,2,,POINT (-95.210062525842 42.833035562634)
2014816956,20140027270,09/15/2014,09-September,2-Monday,12:15,1200 Hours,District 1 (Central),DES MOINES,POLK,,E FULTON DR & INDIANOLA AVE,Collision with:  Vehicle in traffic,On Roadway,Rear-end (front to rear),Other (explain in narrative):  Other,None Indicated,,Daylight,Dry,Cloudy,None apparent,Intersection:  Four-way intersection,Paved,,Property Damage Only,0,0,0,0,0,0,2500,2,2,,POINT (-93.612993287377 41.568864912108)
2014816983,14-192,09/15/2014,09-September,2-Monday,11:28,1100 Hours,District 2 (Northeast),WAVERLY,BREMER,IA 116,IA 116/4TH ST SW & OAK RIDGE DR & TECHNOLOGY PL,Collision with:  Vehicle in traffic,On Roadway,Broadside (front to side),Ran Traffic Signal,None Indicated,,Daylight,Wet,Rain,None apparent,Intersection:  Four-way intersection,Paved,,Possible/Unknown,0,1,0,0,1,0,15000,2,3,,POINT (-92.475663808278 42.707488588167)
2014817533,14-028749,09/15/2014,09-September,2-Monday,21:47,2100 Hours,District 5 (Southeast),MONTROSE,LEE,,270 AVE,Collision with:  Animal,,,Animal,None Indicated,,,,,,,Paved,,Property Damage Only,0,0,0,0,0,0,3000,1,1,,POINT (-91.397034593939 40.44656264291)
2014817289,,09/15/2014,09-September,2-Monday,01:27,0100 Hours,District 5 (Southeast),,LUCAS,,Co Rd H30/495TH ST,Collision with fixed object:  Traffic sign support,Outside trafficway,Non-collision (single vehicle),Ran off road - right,Under Influence of Alcohol/Drugs/Medications,,Dark - roadway not lighted,Dry,Clear,None apparent,Non-intersection:  Non-junction/no special feature,Paved,,Possible/Unknown,0,1,0,0,1,0,5300,1,1,,POINT (-93.309163991569 41.036077047163)
2014817016,C14002952,09/15/2014,09-September,2-Monday,20:30,2000 Hours,District 6 (East Central),CORALVILLE,JOHNSON,,5TH ST,Collision with:  Vehicle in traffic,On Roadway,Rear-end (front to rear),Followed too close,Alcohol (Statutory),,Dark - roadway lighted,Dry,Cloudy,None apparent,Non-intersection:  Non-junction/no special feature,Paved,,Possible/Unknown,0,1,0,0,1,0,5500,3,3,,POINT (-91.570063353348 41.673959298065)
2014850980,14007461,09/15/2014,09-September,2-Monday,06:35,0600 Hours,District 5 (Southeast),,LOUISA,IA 92,IA 92/IOWA 92,Collision with:  Animal,,,Animal,None Indicated,,,,,,,Paved,,Property Damage Only,0,0,0,0,0,0,1500,1,1,,POINT (-91.333356940978 41.27810888313)
2014816970,20140027228,09/15/2014,09-September,2-Monday,07:19,0700 Hours,District 1 (Central),DES MOINES,POLK,,E 29TH ST,Collision with:  Vehicle in traffic,On Roadway,"Angle, oncoming left turn",FTYROW:  Making left turn,None Indicated,,Daylight,Wet,Cloudy,None apparent,Non-intersection:  Driveway access (within),Paved,,Property Damage Only,0,0,0,0,0,0,3000,2,2,,POINT (-93.561257039157 41.62495602628)
2014817464,201413683,09/15/2014,09-September,2-Monday,12:45,1200 Hours,District 6 (East Central),CEDAR RAPIDS,LINN,IA 100,IA 100/COLLINS RD NE & CENTER POINT RD NE,Collision with:  Vehicle in traffic,On Roadway,Broadside (front to side),Ran Traffic Signal,None Indicated,,Daylight,Dry,Cloudy,None apparent,Intersection:  Four-way intersection,Paved,,Property Damage Only,0,0,0,0,0,0,6000,2,3,,POINT (-91.668001161205 42.02837626603)
2014826668,,09/15/2014,09-September,2-Monday,23:50,2300 Hours,District 2 (Northeast),DECORAH,WINNESHIEK,,MONTGOMERY ST,Collision with fixed object:  Other fixed object (explain in narrative),Outside trafficway,Non-collision (single vehicle),"Operating vehicle in an reckless, erratic, careless, negligent manner",Alcohol (Statutory),,Dark - roadway lighted,Other (explain in narrative),Clear,None apparent,Non-intersection:  Other non-intersection (explain in narrative),Paved,,Property Damage Only,0,0,0,0,0,0,4500,2,4,,POINT (-91.775971326104 43.301390923641)
2014816629,20140027222,09/15/2014,09-September,2-Monday,06:15,0600 Hours,District 1 (Central),DES MOINES,POLK,,COTTAGE GROVE AVE & MLK JR PKWY,Collision with:  Vehicle in traffic,On Roadway,Broadside (front to side),Ran Traffic Signal,None Indicated,,Daylight,Wet,Cloudy,None apparent,Intersection:  Four-way intersection,Paved,,Property Damage Only,0,0,0,0,0,0,7000,2,4,,POINT (-93.644395206889 41.594363893633)
2014817017,C14002949,09/15/2014,09-September,2-Monday,19:00,1900 Hours,District 6 (East Central),CORALVILLE,JOHNSON,,1ST AVE,Collision with:  Vehicle in traffic,On Roadway,"Sideswipe, same direction",FTYROW:  Other (explain in narrative),None Indicated,,Dusk,Dry,Cloudy,None apparent,Intersection:  T-intersection,Paved,,Property Damage Only,0,0,0,0,0,0,10000,3,3,,POINT (-91.565653134648 41.673481010507)
2014816630,20140027273,09/15/2014,09-September,2-Monday,12:45,1200 Hours,District 1 (Central),DES MOINES,POLK,,WALKER ST & E 13TH ST,Collision with fixed object:  Traffic sign support,Shoulder,Non-collision (single vehicle),Ran off road - right,None Indicated,,Daylight,Dry,Cloudy,"Surface condition (e.g., wet, icy)",Intersection:  Other intersection (explain in narrative),Paved,,Property Damage Only,0,0,0,0,0,0,2000,1,1,,POINT (-93.602221046223 41.597096558116)
2014817355,14-001267,09/15/2014,09-September,2-Monday,07:45,0700 Hours,District 1 (Central),AMES,STORY,,CHRISTENSEN DR & S 16TH ST,Collision with:  Vehicle in traffic,On Roadway,Rear-end (front to rear),Driver Distraction:  Reaching for object(s)/fallen object(s),None Indicated,,Daylight,Dry,Cloudy,None apparent,Intersection:  T-intersection,Paved,,Property Damage Only,0,0,0,0,0,0,2600,2,2,,POINT (-93.632073811595 42.00971421958)
2014817082,W-14-1984,09/15/2014,09-September,2-Monday,10:41,1000 Hours,District 2 (Northeast),WAUKON,ALLAMAKEE,IA 9,IA 9/ROSSVILLE RD,Collision with:  Vehicle in traffic,On Roadway,Rear-end (front to rear),FTYROW:  Other (explain in narrative),None Indicated,,Daylight,Wet,Rain,None apparent,Non-intersection:  Non-junction/no special feature,Paved,,Property Damage Only,0,0,0,0,0,0,7750,2,2,,POINT (-91.474233956793 43.263915645053)
2014817397,2014-037791,09/15/2014,09-September,2-Monday,12:56,1200 Hours,District 6 (East Central),DUBUQUE,DUBUQUE,,W 5TH ST & MAIN ST,Collision with:  Vehicle in traffic,On Roadway,Broadside (front to side),Ran Stop Sign,None Indicated,,Daylight,Wet,Rain,None apparent,Intersection:  Four-way intersection,Paved,,Property Damage Only,0,0,0,0,0,0,2500,2,2,,POINT (-90.665880829086 42.498450243197)
2014817341,1-14-000354,09/15/2014,09-September,2-Monday,00:34,0000 Hours,District 4 (Southwest),,SHELBY,,HACKBERRY RD,Collision with:  Other non-fixed object (explain in narrative),On Roadway,Non-collision (single vehicle),Crossed centerline (undivided),None Indicated,,Dark - roadway not lighted,Dry,Clear,None apparent,Non-intersection:  Other non-intersection (explain in narrative),Unpaved,,Possible/Unknown,0,1,0,0,1,0,3000,1,1,,POINT (-95.422168943701 41.572369151955)
2014817641,14021649,09/15/2014,09-September,2-Monday,21:11,2100 Hours,District 5 (Southeast),OSKALOOSA,MAHASKA,IA 92,IA 92/A AVE W,Collision with:  Vehicle in traffic,On Roadway,Broadside (front to side),FTYROW:  From driveway,Refused,,Dark - roadway lighted,Dry,Clear,None apparent,Non-intersection:  Driveway access (within),Paved,,Property Damage Only,0,0,0,0,0,0,4500,2,3,,POINT (-92.649263852123 41.296251922645)
2014818620,2014053536,09/15/2014,09-September,2-Monday,16:03,1600 Hours,District 4 (Southwest),,CASS,I-80,I-80,Non-collision events:  Other non-collision (explain in narrative),On Roadway,Non-collision (single vehicle),Unknown,None Indicated,,Daylight,Dry,Cloudy,None apparent,Non-intersection:  Non-junction/no special feature,Paved,,Property Damage Only,0,0,0,0,0,0,7500,2,3,,POINT (-94.703498755579 41.496946773245)
2014820545,2014053548,09/15/2014,09-September,2-Monday,16:55,1600 Hours,District 1 (Central),DES MOINES,POLK,,LYON ST & PENNSYLVANIA AVE,Collision with:  Vehicle in traffic,On Roadway,"Sideswipe, same direction",Crossed centerline (undivided),None Indicated,,Daylight,Dry,Cloudy,None apparent,Intersection:  Four-way intersection,Paved,,Property Damage Only,0,0,0,0,0,0,2000,2,3,,POINT (-93.608127746099 41.593588669664)
2014818098,201400045570,09/15/2014,09-September,2-Monday,16:53,1600 Hours,District 5 (Southeast),OTTUMWA,WAPELLO,US 34,US 34 & E VINE ST,Collision with:  Vehicle in traffic,On Roadway,"Sideswipe, same direction",Other (explain in narrative):  Other,None Indicated,,Daylight,Dry,Cloudy,None apparent,Non-intersection:  Non-junction/no special feature,Paved,,Property Damage Only,0,0,0,0,0,0,3500,2,3,,POINT (-92.41034096247 41.007139141842)
2014816938,14019547,09/15/2014,09-September,2-Monday,16:55,1600 Hours,District 6 (East Central),MARION,LINN,,8TH AVE & 3RD ST,Collision with:  Vehicle in traffic,On Roadway,Rear-end (front to rear),Followed too close,None Indicated,,Daylight,Dry,Cloudy,None apparent,Intersection:  Four-way intersection,Paved,,Property Damage Only,0,0,0,0,0,0,4500,2,2,,POINT (-91.60788647482 42.034183385086)
2014816979,14-10829,09/15/2014,09-September,2-Monday,21:25,2100 Hours,District 3 (Northwest),,SIOUX,IA 60,IA 60/IOWA 60,Collision with:  Animal,,,Animal,None Indicated,,,,,,,Paved,,Property Damage Only,0,0,0,0,0,0,3500,1,1,,POINT (-95.888223431848 43.122706224035)
2014816982,14-191,09/15/2014,09-September,2-Monday,10:52,1000 Hours,District 2 (Northeast),WAVERLY,BREMER,IA 116,IA 116/4TH ST SW & 2ND AVE SW,Collision with:  Vehicle in traffic,On Roadway,Rear-end (front to rear),Followed too close,None Indicated,,Daylight,Wet,Rain,"Surface condition (e.g., wet, icy)",Intersection:  Four-way intersection,Paved,,Property Damage Only,0,0,0,0,0,0,2000,2,3,,POINT (-92.47564870405 42.723788489306)
2014816643,20140027251,09/15/2014,09-September,2-Monday,10:30,1000 Hours,District 1 (Central),DES MOINES,POLK,US 69,US 69/E 14TH ST,Collision with:  Vehicle in traffic,On Roadway,Rear-end (front to rear),Followed too close,None Indicated,,Daylight,Wet,Rain,None apparent,Non-intersection:  Non-junction/no special feature,Paved,,Possible/Unknown,0,1,0,0,1,0,7000,2,2,,POINT (-93.600494337732 41.602401846053)
2014817423,,09/15/2014,09-September,2-Monday,20:00,2000 Hours,District 5 (Southeast),,WASHINGTON,,Co Rd W21/ELM AVE/310TH ST,Collision with:  Animal,On Roadway,Non-collision (single vehicle),Animal,None Indicated,,Dark - roadway not lighted,Dry,Cloudy,,Non-intersection:  Non-junction/no special feature,Paved,,Property Damage Only,0,0,0,0,0,0,6000,1,1,,POINT (-91.869730450792 41.208529310106)
2014816949,14-6067,09/15/2014,09-September,2-Monday,20:11,2000 Hours,District 1 (Central),,POLK,US 6,US 6/HUBBELL AVE/SPEC CASE/NW RAMP,Collision with:  Vehicle in traffic,On Roadway,Broadside (front to side),Ran Traffic Signal,None Indicated,,Dark - roadway lighted,Dry,Clear,None apparent,Intersection:  Four-way intersection,Paved,,Property Damage Only,0,0,0,0,0,0,5000,2,3,,POINT (-93.513472730096 41.646805678321)
2014817065,2014053445,09/15/2014,09-September,2-Monday,07:40,0700 Hours,District 5 (Southeast),,LUCAS,US 65,US 65,Collision with:  Animal,On Roadway,Non-collision (single vehicle),Animal,None Indicated,,Dawn,Wet,Rain,None apparent,Non-intersection:  Non-junction/no special feature,Paved,,Minor Injury,0,1,0,1,0,0,3000,1,1,,POINT (-93.47065374201 41.051394033617)
2014821155,2014-037777,09/15/2014,09-September,2-Monday,07:15,0700 Hours,District 6 (East Central),DUBUQUE,DUBUQUE,,CHERRY ST & ASBURY RD,Collision with:  Vehicle in traffic,On Roadway,Broadside (front to side),Ran Stop Sign,None Indicated,,Daylight,Dry,Clear,None apparent,Intersection:  Four-way intersection,Paved,,Property Damage Only,0,0,0,0,0,0,4500,2,3,,POINT (-90.697014297968 42.500980522416)
2014817832,14-1359,09/15/2014,09-September,2-Monday,20:06,2000 Hours,District 3 (Northwest),SPIRIT LAKE,DICKINSON,,12TH ST,Collision with:  Parked motor vehicle,On Roadway,Rear-end (front to rear),"Operating vehicle in an reckless, erratic, careless, negligent manner",Alcohol (Statutory),,Dark - roadway not lighted,Dry,Clear,None apparent,Non-intersection:  Non-junction/no special feature,Paved,,Property Damage Only,0,0,0,0,0,0,9000,2,1,,POINT (-95.104667228946 43.4285793478)
2014816980,14-30451,09/15/2014,09-September,2-Monday,15:14,1500 Hours,District 3 (Northwest),SIOUX CITY,WOODBURY,,VIRGINIA ST,Collision with:  Parked motor vehicle,On Roadway,"Sideswipe, same direction",Made improper turn,None Indicated,,Daylight,Dry,Clear,None apparent,Intersection:  Four-way intersection,Paved,,Property Damage Only,0,0,0,0,0,0,3000,2,2,,POINT (-96.397469849309 42.506164483426)
2014817243,2014-037817,09/16/2014,09-September,3-Tuesday,08:18,0800 Hours,District 6 (East Central),DUBUQUE,DUBUQUE,US 52,US 52/CENTRAL AVE & KAUFMANN AVE & E 22ND ST,Collision with:  Vehicle in traffic,On Roadway,"Sideswipe, same direction",FTYROW:  Other (explain in narrative),None Indicated,,Daylight,Dry,Clear,None apparent,Intersection:  Four-way intersection,Paved,,Property Damage Only,0,0,0,0,0,0,3500,2,4,,POINT (-90.671274134995 42.513463641702)
2014816972,20140027354,09/16/2014,09-September,3-Tuesday,06:59,0600 Hours,District 1 (Central),DES MOINES,POLK,,STANTON AVE & FLEUR DR,Collision with:  Vehicle in traffic,On Roadway,Rear-end (front to rear),Followed too close,None Indicated,,Daylight,Dry,Clear,None apparent,Intersection:  Four-way intersection,Paved,,Property Damage Only,0,0,0,0,0,0,4000,3,3,,POINT (-93.645004030439 41.544613296754)
2014816973,20140027356,09/16/2014,09-September,3-Tuesday,07:28,0700 Hours,District 1 (Central),DES MOINES,POLK,I-235,I-235 & 56TH ST,Collision with:  Vehicle in traffic,On Roadway,Rear-end (front to rear),Lost Control,None Indicated,,Daylight,Dry,Clear,None apparent,Non-intersection:  Non-junction/no special feature,Paved,,Property Damage Only,0,0,0,0,0,0,4500,2,2,,POINT (-93.693738974058 41.592590539428)
2014817333,20140027438,09/16/2014,09-September,3-Tuesday,18:05,1800 Hours,District 1 (Central),DES MOINES,POLK,,COLLEGE AVE & 5TH AVE,Collision with:  Vehicle in traffic,On Roadway,"Angle, oncoming left turn",FTYROW:  At uncontrolled intersection,None Indicated,,Daylight,Dry,Cloudy,None apparent,Non-intersection:  Non-junction/no special feature,Paved,,Property Damage Only,0,0,0,0,0,0,4000,3,777,,POINT (-93.624617594076 41.607668639219)
2014817814,201403344,09/16/2014,09-September,3-Tuesday,00:10,0000 Hours,District 6 (East Central),,LINN,,Co Rd E28/BURNET STATION RD,Collision with fixed object:  Ditch,Roadside,Non-collision (single vehicle),Crossed centerline (undivided),None Indicated,,Dark - roadway not lighted,"Mud, dirt",Clear,None apparent,Non-intersection:  Non-junction/no special feature,Unpaved,,Property Damage Only,0,0,0,0,0,0,12500,1,1,,POINT (-91.543199711782 42.152262567085)
2014817350,14-004333,09/16/2014,09-September,3-Tuesday,16:40,1600 Hours,District 1 (Central),AMES,STORY,,KEATS ST,Collision with:  Vehicle in traffic,On Roadway,Broadside (front to side),FTYROW:  From driveway,None Indicated,,Daylight,Dry,Clear,None apparent,Non-intersection:  Driveway access (within),Paved,,Property Damage Only,0,0,0,0,0,0,3700,2,3,,POINT (-93.68686161777 42.016154388061)
2014817465,201413729,09/16/2014,09-September,3-Tuesday,07:55,0700 Hours,District 6 (East Central),CEDAR RAPIDS,LINN,,J AVE NE & OAKLAND RD NE,Collision with:  Vehicle in traffic,On Roadway,Broadside (front to side),FTYROW:  From stop sign,None Indicated,,Daylight,Dry,Clear,None apparent,Intersection:  Four-way intersection,Paved,,Property Damage Only,0,0,0,0,0,0,5200,2,3,,POINT (-91.659873801175 41.999506249524)
2014821162,2014-037840,09/16/2014,09-September,3-Tuesday,17:35,1700 Hours,District 6 (East Central),DUBUQUE,DUBUQUE,,JEFFREY DR,Collision with:  Vehicle in traffic,On Roadway,Rear-end (front to rear),Other (explain in narrative):  No improper action,None Indicated,,Daylight,Dry,Clear,None apparent,Intersection:  Four-way intersection,Paved,,Property Damage Only,0,0,0,0,0,0,2300,2,2,,POINT (-90.713777919362 42.50549476195)
2014817274,201404341,09/16/2014,09-September,3-Tuesday,14:17,1400 Hours,District 1 (Central),,BOONE,US 169,US 169/D AVE,Collision with:  Vehicle in traffic,On Roadway,Rear-end (front to rear),Swerving/Evasive Action,None Indicated,,Daylight,Dry,Clear,Work Zone (roadway-related),Non-intersection:  Other non-intersection (explain in narrative),Paved,Yes,Property Damage Only,0,0,0,0,0,0,2300,2,2,,POINT (-94.106007336817 42.037288322672)
2014817268,2014009670,09/16/2014,09-September,3-Tuesday,15:34,1500 Hours,District 1 (Central),MARSHALLTOWN,MARSHALL,,LINCOLN WAY,Collision with:  Vehicle in traffic,On Roadway,Rear-end (front to rear),Other (explain in narrative):  Other,None Indicated,,Daylight,Dry,Clear,None apparent,Non-intersection:  Non-junction/no special feature,Paved,,Property Damage Only,0,0,0,0,0,0,1500,2,2,,POINT (-92.930923520089 42.041849035895)
2014817946,2014053598,09/16/2014,09-September,3-Tuesday,07:15,0700 Hours,District 4 (Southwest),,MILLS,I-29,I-29 & US 34,Collision with:  Vehicle in traffic,On Roadway,"Sideswipe, same direction",Made improper turn,None Indicated,,Daylight,Dry,"Fog, smoke, smog",Work Zone (roadway-related),Non-intersection:  Other non-intersection (explain in narrative),Paved,Yes,Property Damage Only,0,0,0,0,0,0,5100,2,4,,POINT (-95.822216471588 41.044888942174)