Iowa DOT Case Number,Law Enforcement Case Number,Date of Crash,Month of Crash,Day of Week,Time of Crash,Hour,DOT District,City Name,County Name,Route with System,Location Description,First Harmful Event,Location of First Harmful Event,Manner of Crash/Collision,Major Cause,Drug or Alcohol ,Environmental Conditions,Light Conditions,Surface Conditions,Weather Conditions,Roadway Contribution,Roadway Type,Roadway Surface,Work Zone,Crash Severity,Number of Fatalities,Number of Injuries,Number of Major Injuries,Number of Minor Injuries,Number of Possible Injuries,Number of Unknown Injuries,Amount of Property Damage,Number of Vehicles Involved,Total Number of Occupants,Travel Direction,Location
2014816971,20140027352,09/16/2014,09-September,3-Tuesday,06:46,0600 Hours,District 1 (Central),DES MOINES,POLK,,E DOUGLAS AVE & E 29TH ST,Collision with:  Vehicle in traffic,On Roadway,Broadside (front to side),Ran Stop Sign,None Indicated,,Daylight,Dry,Clear,None apparent,Intersection:  Four-way intersection,Paved,,Minor Injury,0,1,0,1,0,0,11000,2,2,,POINT (-93.561200373563 41.629495932756)
2014817970,,09/16/2014,09-September,3-Tuesday,16:51,1600 Hours,District 6 (East Central),CEDAR RAPIDS,LINN,I-380,I-380,Collision with:  Vehicle in traffic,On Roadway,Rear-end (front to rear),Unknown,None Indicated,,Daylight,Dry,Cloudy,,Non-intersection:  Other non-intersection (explain in narrative),Paved,,Property Damage Only,0,0,0,0,0,0,8000,2,2,,POINT (-91.67094632548 41.890881616579)
2014817595,W14-093339,09/16/2014,09-September,3-Tuesday,22:05,2200 Hours,District 2 (Northeast),WATERLOO,BLACK HAWK,US 218,US 218/SPECIAL CASE/NW RAMP & ANSBOROUGH AVE,Collision with:  Vehicle in traffic,On Roadway,Broadside (front to side),Unknown,None Indicated,,Dark - roadway lighted,Dry,Clear,None apparent,Intersection:  Four-way intersection,Paved,,Property Damage Only,0,0,0,0,0,0,5000,2,2,,POINT (-92.375710210299 42.508034265836)
2014817576,,09/16/2014,09-September,3-Tuesday,17:30,1700 Hours,District 3 (Northwest),CORRECTIONVILLE,WOODBURY,IA 31,IA 31/DRIFTWOOD ST & 6TH ST,Collision with fixed object:  Traffic sign support,Shoulder,Non-collision (single vehicle),Over correcting/over steering,Alcohol (< Statutory),,Daylight,Dry,Clear,None apparent,Intersection:  T-intersection,Paved,,Property Damage Only,0,0,0,0,0,0,2000,1,1,,POINT (-95.785761388219 42.476505127323)
2014816927,W14-093086,09/16/2014,09-September,3-Tuesday,07:10,0700 Hours,District 2 (Northeast),WATERLOO,BLACK HAWK,,W RIDGEWAY AVE,Collision with:  Vehicle in traffic,On Roadway,Rear-end (front to rear),Ran off road - right,None Indicated,,Daylight,Dry,Clear,None apparent,Non-intersection:  Non-junction/no special feature,Paved,,Property Damage Only,0,0,0,0,0,0,38000,2,2,,POINT (-92.420576104959 42.469796871683)
2014817142,20140027437,09/16/2014,09-September,3-Tuesday,17:51,1700 Hours,District 1 (Central),DES MOINES,POLK,,GRAND AVE,Collision with:  Vehicle in traffic,On Roadway,Rear-end (front to rear),Followed too close,None Indicated,,Daylight,Dry,Clear,None apparent,Intersection:  Four-way intersection,Paved,,Possible/Unknown,0,2,0,0,2,0,6700,4,4,,POINT (-93.660000544375 41.584448465858)
2014817130,20140027444,09/16/2014,09-September,3-Tuesday,18:57,1800 Hours,District 1 (Central),DES MOINES,POLK,US 6,US 6/EUCLID AVE,Collision with:  Vehicle in traffic,On Roadway,Broadside (front to side),Ran Traffic Signal,None Indicated,,Dusk,Dry,Clear,None apparent,Non-intersection:  Driveway access (within),Paved,,Possible/Unknown,0,1,0,0,0,1,2100,2,2,,POINT (-93.647572131456 41.627690737372)
2014817510,14-039586,09/16/2014,09-September,3-Tuesday,21:03,2100 Hours,District 4 (Southwest),COUNCIL BLUFFS,POTTAWATTAMIE,US 6,US 6/W BROADWAY & S 8TH ST & N 8TH ST,Collision with:  Vehicle in traffic,On Roadway,Rear-end (front to rear),Followed too close,None Indicated,,Dark - roadway lighted,Dry,Clear,None apparent,Intersection:  Four-way intersection,Paved,,Possible/Unknown,0,1,0,0,1,0,100,2,4,,POINT (-95.856073057354 41.261866999289)
2014817216,S14-003678,09/16/2014,09-September,3-Tuesday,18:00,1800 Hours,District 4 (Southwest),,POTTAWATTAMIE,,HICKORY RD,Non-collision events:  Overturn/rollover,On Roadway,Non-collision (single vehicle),Driving too fast for conditions,None Indicated,,Daylight,"Mud, dirt",Clear,None apparent,Non-intersection:  Non-junction/no special feature,Unpaved,,Property Damage Only,0,0,0,0,0,0,4000,1,2,,POINT (-95.38219566534 41.305790661747)
2014817140,20140027400,09/16/2014,09-September,3-Tuesday,13:30,1300 Hours,District 1 (Central),DES MOINES,POLK,,INGERSOLL AVE,Collision with:  Non-motorist (see non-motorist section - NOT a unit),On Roadway,Non-collision (single vehicle),Other (explain in narrative):  No improper action,None Indicated,,Daylight,Dry,Clear,None apparent,Non-intersection:  Driveway access (within),Paved,,Minor Injury,0,1,0,1,0,0,300,1,1,,POINT (-93.645316928048 41.585711769899)
2014817021,14C04246,09/16/2014,09-September,3-Tuesday,06:40,0600 Hours,District 4 (Southwest),CRESTON,UNION,,W HOWARD ST & S SYCAMORE ST,Collision with:  Vehicle in traffic,On Roadway,Head-on (front to front),Lost Control,None Indicated,,Dawn,Dry,Clear,None apparent,Non-intersection:  Non-junction/no special feature,Paved,,Property Damage Only,0,0,0,0,0,0,1600,2,777,,POINT (-94.368211951498 41.061050290871)
2014818838,2014-65332,09/16/2014,09-September,3-Tuesday,15:44,1500 Hours,District 6 (East Central),DAVENPORT,SCOTT,,UTICA RIDGE RD,Collision with:  Vehicle in traffic,On Roadway,"Angle, oncoming left turn",FTYROW:  Making left turn,None Indicated,,Daylight,Dry,Clear,None apparent,Intersection:  Four-way intersection,Paved,,Major Injury,0,1,1,0,0,0,12500,2,2,,POINT (-90.514306166174 41.572570684626)
2014817271,14-0519,09/16/2014,09-September,3-Tuesday,16:35,1600 Hours,District 1 (Central),,WEBSTER,US 169,US 169/PARAGON AVE/360TH ST & IA 175 & Co Rd P61,Collision with:  Vehicle in traffic,On Roadway,"Angle, oncoming left turn",Ran Stop Sign,None Indicated,,Daylight,Dry,Clear,None apparent,Intersection:  Four-way intersection,Paved,,Property Damage Only,0,0,0,0,0,0,7000,2,2,,POINT (-94.106027878435 42.267857327031)
2014816991,CL14003293,09/16/2014,09-September,3-Tuesday,00:27,0000 Hours,District 6 (East Central),CLINTON,CLINTON,,2ND AVE S & S 11TH ST,Non-collision events:  Other non-collision (explain in narrative),On Roadway,Non-collision (single vehicle),Ran off road - straight,Refused,,Dark - roadway lighted,Dry,Clear,None apparent,Non-intersection:  Non-junction/no special feature,Paved,,Property Damage Only,0,0,0,0,0,0,4500,1,1,,POINT (-90.211317436104 41.844691181316)
2014817467,201413737,09/16/2014,09-September,3-Tuesday,11:12,1100 Hours,District 6 (East Central),CEDAR RAPIDS,LINN,,F AVE NW & ELLIS BLVD NW,Collision with:  Vehicle in traffic,On Roadway,Broadside (front to side),Ran Traffic Signal,None Indicated,,Daylight,Dry,Clear,None apparent,Intersection:  Four-way intersection,Paved,,Possible/Unknown,0,1,0,0,1,0,10000,2,2,,POINT (-91.682030584816 41.979002995366)
2014817739,14-30560,09/16/2014,09-September,3-Tuesday,08:31,0800 Hours,District 3 (Northwest),SIOUX CITY,WOODBURY,,S CEDAR ST,Collision with:  Parked motor vehicle,Shoulder,"Sideswipe, same direction",Lost Control,None Indicated,,Daylight,Dry,Clear,None apparent,Non-intersection:  Non-junction/no special feature,Paved,,Possible/Unknown,0,1,0,0,0,1,2000,2,1,,POINT (-96.343613473936 42.466365355281)
2014817394,SO14002181,09/16/2014,09-September,3-Tuesday,07:49,0700 Hours,District 3 (Northwest),HINTON,PLYMOUTH,US 75,US 75/FLOYD AVE,Collision with:  Vehicle in traffic,On Roadway,"Sideswipe, same direction",Driver Distraction:  Inattentive/lost in thought,None Indicated,,Daylight,Dry,Clear,None apparent,Non-intersection:  Non-junction/no special feature,Paved,,Property Damage Only,0,0,0,0,0,0,3000,2,2,,POINT (-96.29099960227 42.630079130189)
2014817134,20140027415,09/16/2014,09-September,3-Tuesday,15:12,1500 Hours,District 1 (Central),DES MOINES,POLK,,GRAND AVE & 9TH ST,Collision with:  Vehicle in traffic,On Roadway,Broadside (front to side),Unknown,None Indicated,,Daylight,Dry,Cloudy,None apparent,Intersection:  Four-way intersection,Paved,,Property Damage Only,0,0,0,0,0,0,4300,2,3,,POINT (-93.629012895487 41.586955053569)
2014817270,CL14003301,09/16/2014,09-September,3-Tuesday,14:14,1400 Hours,District 6 (East Central),CLINTON,CLINTON,,21ST AVE N & N 3RD ST,Collision with:  Vehicle in traffic,On Roadway,"Angle, oncoming left turn",FTYROW:  From stop sign,None Indicated,,Daylight,Dry,Clear,None apparent,Intersection:  Four-way intersection,Paved,,Possible/Unknown,0,1,0,0,1,0,4500,2,3,,POINT (-90.183614468475 41.869428745702)
2014817247,2014010323,09/16/2014,09-September,3-Tuesday,16:04,1600 Hours,District 6 (East Central),IOWA CITY,JOHNSON,IA 1,IA 1/E BURLINGTON ST & S LINN ST,Collision with:  Vehicle in traffic,On Roadway,"Sideswipe, same direction",Improper or erratic lane changing,None Indicated,,Daylight,Dry,Clear,None apparent,Non-intersection:  Non-junction/no special feature,Paved,,Property Damage Only,0,0,0,0,0,0,3000,2,3,,POINT (-91.531675127737 41.657848314581)
2014817630,201413770,09/16/2014,09-September,3-Tuesday,16:52,1600 Hours,District 6 (East Central),CEDAR RAPIDS,LINN,,BLAIRS FERRY RD NE,Collision with:  Vehicle in traffic,On Roadway,"Angle, oncoming left turn",FTYROW:  From driveway,None Indicated,,Daylight,Dry,Clear,None apparent,Non-intersection:  Driveway access (within),Paved,,Property Damage Only,0,0,0,0,0,0,4000,2,3,,POINT (-91.638149423864 42.034726632861)
2014816957,20140027359,09/16/2014,09-September,3-Tuesday,07:51,0700 Hours,District 1 (Central),DES MOINES,POLK,IA 163,IA 163/E UNIVERSITY AVE,Collision with:  Vehicle in traffic,On Roadway,Rear-end (front to rear),Followed too close,None Indicated,,Daylight,Dry,Clear,None apparent,Non-intersection:  Non-junction/no special feature,Paved,,Property Damage Only,0,0,0,0,0,0,7000,3,4,,POINT (-93.573200378261 41.600433475904)
2014817139,20140027431,09/16/2014,09-September,3-Tuesday,15:59,1500 Hours,District 1 (Central),DES MOINES,POLK,,GRAND AVE & COUNTRY CLUB BLVD,Collision with:  Vehicle in traffic,On Roadway,Rear-end (front to rear),Other (explain in narrative):  Other,None Indicated,,Daylight,Dry,Clear,None apparent,Non-intersection:  Non-junction/no special feature,Paved,,Property Damage Only,0,0,0,0,0,0,4500,3,3,,POINT (-93.685878040373 41.584468140773)
2014816998,2014010301,09/16/2014,09-September,3-Tuesday,07:28,0700 Hours,District 6 (East Central),IOWA CITY,JOHNSON,IA 1,IA 1/IOWA 1,Collision with:  Vehicle in traffic,On Roadway,Rear-end (front to rear),Followed too close,None Indicated,,Daylight,Dry,Clear,None apparent,Intersection:  Four-way intersection,Paved,,Property Damage Only,0,0,0,0,0,0,3000,2,2,,POINT (-91.569880290347 41.632291187475)
2014817223,14-33037,09/16/2014,09-September,3-Tuesday,14:47,1400 Hours,District 5 (Southeast),BURLINGTON,DES MOINES,,LENOX AVE & MELVIN AVE,Collision with:  Vehicle in traffic,On Roadway,Broadside (front to side),FTYROW:  From stop sign,None Indicated,,Daylight,Dry,Clear,None apparent,Intersection:  Four-way intersection,Paved,,Property Damage Only,0,0,0,0,0,0,1800,2,2,,POINT (-91.143737934912 40.830821910757)
2014817269,2014009673,09/16/2014,09-September,3-Tuesday,16:00,1600 Hours,District 1 (Central),MARSHALLTOWN,MARSHALL,IA 14,IA 14/S CENTER ST,Collision with:  Vehicle in traffic,On Roadway,Rear-end (front to rear),Followed too close,None Indicated,,Daylight,Dry,Clear,None apparent,Intersection:  T-intersection,Paved,,Property Damage Only,0,0,0,0,0,0,7000,2,4,,POINT (-92.912689570284 42.033928812436)
2014817252,SO14002190,09/16/2014,09-September,3-Tuesday,20:50,2000 Hours,District 3 (Northwest),,PLYMOUTH,IA 12,IA 12/IOWA 12,Collision with:  Animal,,,Animal,None Indicated,,,,,,,Paved,,Property Damage Only,0,0,0,0,0,0,6000,1,1,,POINT (-96.55802343339 42.676896615524)
2014819466,SO140381,09/16/2014,09-September,3-Tuesday,08:23,0800 Hours,District 4 (Southwest),CORNING,ADAMS,,8TH ST & WASHINGTON AVE,Collision with:  Parked motor vehicle,On Roadway,"Sideswipe, same direction",Other (explain in narrative):  Vision obstructed,None Indicated,,Daylight,Dry,Clear,None apparent,Non-intersection:  Non-junction/no special feature,Paved,,Property Damage Only,0,0,0,0,0,0,4000,2,1,,POINT (-94.739334510208 40.989992472766)
2014817508,S14-I1601,09/16/2014,09-September,3-Tuesday,07:00,0700 Hours,District 5 (Southeast),,CLARKE,US 69,US 69,Collision with:  Animal,On Roadway,Non-collision (single vehicle),Animal,None Indicated,,Daylight,Dry,Clear,None apparent,Non-intersection:  Non-junction/no special feature,Paved,,Possible/Unknown,0,1,0,0,0,1,2300,1,1,,POINT (-93.767387110845 41.008921479625)
2014821158,2014-037826,09/16/2014,09-September,3-Tuesday,11:53,1100 Hours,District 6 (East Central),DUBUQUE,DUBUQUE,US 20,US 20/DODGE ST,Collision with:  Vehicle in traffic,On Roadway,Rear-end (front to rear),Lost Control,None Indicated,,Daylight,Dry,Clear,None apparent,Non-intersection:  Non-junction/no special feature,Paved,,Property Damage Only,0,0,0,0,0,0,10000,2,2,,POINT (-90.701526450008 42.491426538327)
2014818224,14-012503,09/16/2014,09-September,3-Tuesday,12:49,1200 Hours,District 2 (Northeast),,FAYETTE,IA 187,IA 187/C AVE & 70TH ST,Collision with:  Vehicle in traffic,On Roadway,Rear-end (front to rear),Driving too fast for conditions,None Indicated,,Daylight,Dry,Cloudy,None apparent,Intersection:  T-intersection,Paved,,Major Injury,0,2,2,0,0,0,4000,2,4,,POINT (-91.645897093826 42.730878933628)
2014819322,2014-65348,09/16/2014,09-September,3-Tuesday,17:09,1700 Hours,District 6 (East Central),DAVENPORT,SCOTT,US 67,US 67/W RIVER DR,Collision with:  Vehicle in traffic,On Roadway,Rear-end (front to rear),Followed too close,Refused,,Daylight,Dry,Clear,None apparent,Non-intersection:  Non-junction/no special feature,Paved,,Property Damage Only,0,0,0,0,0,0,4300,2,5,,POINT (-90.576278597515 41.520216389616)
2014817565,032-087-14,09/16/2014,09-September,3-Tuesday,08:02,0800 Hours,District 3 (Northwest),ESTHERVILLE,EMMET,IA 9,IA 9/CENTRAL AVE,Collision with:  Vehicle in traffic,On Roadway,Rear-end (front to rear),Unknown,None Indicated,,Daylight,Dry,Clear,None apparent,Non-intersection:  Non-junction/no special feature,Paved,,Property Damage Only,0,0,0,0,0,0,4500,2,3,,POINT (-94.822673938608 43.40216099467)
2014817263,14-2878,09/16/2014,09-September,3-Tuesday,12:38,1200 Hours,District 1 (Central),FORT DODGE,WEBSTER,,5TH AVE S,Collision with:  Vehicle in traffic,Shoulder,"Sideswipe, same direction",Other (explain in narrative):  Other,None Indicated,,Daylight,Dry,Cloudy,None apparent,Non-intersection:  Non-junction/no special feature,Paved,,Property Damage Only,0,0,0,0,0,0,2500,2,2,,POINT (-94.163887722736 42.501140614259)
2014817720,14-004329,09/16/2014,09-September,3-Tuesday,12:25,1200 Hours,District 1 (Central),AMES,STORY,,LINCOLN WAY & N OAK AVE,Collision with:  Vehicle in traffic,On Roadway,"Angle, oncoming left turn",FTYROW:  Making left turn,None Indicated,,Daylight,Dry,Clear,None apparent,Intersection:  Four-way intersection,Paved,,Property Damage Only,0,0,0,0,0,0,28999,2,3,,POINT (-93.623652661774 42.022918903386)
2014816926,W14-093085,09/16/2014,09-September,3-Tuesday,07:07,0700 Hours,District 2 (Northeast),WATERLOO,BLACK HAWK,,W RIDGEWAY AVE,Collision with:  Vehicle in traffic,On Roadway,Rear-end (front to rear),Other (explain in narrative):  Vision obstructed,None Indicated,,Daylight,Dry,Clear,None apparent,Non-intersection:  Other non-intersection (explain in narrative),Paved,,Property Damage Only,0,0,0,0,0,0,14000,3,3,,POINT (-92.424397579522 42.469599984816)
2014823044,14-039377,09/16/2014,09-September,3-Tuesday,15:49,1500 Hours,District 5 (Southeast),,MUSCATINE,US 6,US 6,Collision with:  Vehicle in traffic,On Roadway,Rear-end (front to rear),Disregarded RR Signal,None Indicated,,Daylight,Dry,Cloudy,None apparent,Non-intersection:  Railroad grade crossing,Paved,,Property Damage Only,0,0,0,0,0,0,7000,2,2,,POINT (-91.289262382447 41.582548964636)
2014817219,14-5701,09/16/2014,09-September,3-Tuesday,08:11,0800 Hours,District 3 (Northwest),CHEROKEE,CHEROKEE,,W CHERRY ST,Collision with:  Vehicle in traffic,On Roadway,Rear-end (front to rear),Driving too fast for conditions,None Indicated,,Daylight,Dry,Clear,None apparent,Non-intersection:  Non-junction/no special feature,Paved,,Property Damage Only,0,0,0,0,0,0,5400,2,4,,POINT (-95.551496545699 42.752670014527)
2014817135,20140027433,09/16/2014,09-September,3-Tuesday,16:36,1600 Hours,District 1 (Central),DES MOINES,POLK,US 69,US 69/SE 14TH ST & E HARTFORD AVE,Collision with:  Vehicle in traffic,On Roadway,"Angle, oncoming left turn",FTYROW:  Making left turn,None Indicated,,Daylight,Dry,Cloudy,None apparent,Intersection:  Four-way intersection,Paved,,Possible/Unknown,0,1,0,0,1,0,5200,2,2,,POINT (-93.596941198141 41.569723997102)
2014817111,P14-010680,09/16/2014,09-September,3-Tuesday,13:00,1300 Hours,District 1 (Central),WEBSTER CITY,HAMILTON,,2ND ST,Collision with:  Parked motor vehicle,Roadside,"Sideswipe, same direction",Other (explain in narrative):  Other,None Indicated,,Daylight,Dry,Clear,None apparent,Non-intersection:  Non-junction/no special feature,Paved,,Property Damage Only,0,0,0,0,0,0,1500,2,2,,POINT (-93.823342923709 42.469483967542)
2014817132,20140027432,09/16/2014,09-September,3-Tuesday,16:42,1600 Hours,District 1 (Central),DES MOINES,POLK,US 6,US 6/DOUGLAS AVE & 36TH ST,Collision with:  Vehicle in traffic,On Roadway,"Angle, oncoming left turn",FTYROW:  Making left turn,None Indicated,,Daylight,Dry,Clear,None apparent,Intersection:  Four-way intersection,Paved,,Property Damage Only,0,0,0,0,0,0,1800,2,3,,POINT (-93.666546803186 41.629527829557)
2014817096,14005711,09/16/2014,09-September,3-Tuesday,15:59,1500 Hours,District 3 (Northwest),,CHEROKEE,,Co Rd C38/530TH ST & Co Rd L36/D AVE,Collision with:  Vehicle in traffic,On Roadway,Rear-end (front to rear),Other (explain in narrative):  No improper action,None Indicated,,Daylight,Dry,Clear,None apparent,Intersection:  Four-way intersection,Paved,,Property Damage Only,0,0,0,0,0,0,11000,2,3,,POINT (-95.800428864605 42.749694961575)
2014816932,1409162381,09/16/2014,09-September,3-Tuesday,08:00,0800 Hours,District 6 (East Central),CALAMUS,CLINTON,US 30,US 30/CLINTON ST,Collision with:  Vehicle in traffic,On Roadway,"Sideswipe, same direction",FTYROW:  From driveway,None Indicated,,Daylight,Dry,Clear,None apparent,Non-intersection:  Driveway access (within),Paved,,Property Damage Only,0,0,0,0,0,0,3000,2,2,,POINT (-90.764525327181 41.829284606042)
2014816952,14-6074,09/16/2014,09-September,3-Tuesday,08:02,0800 Hours,District 1 (Central),MITCHELLVILLE,POLK,,NE 78TH AVE,Collision with:  Vehicle in traffic,On Roadway,Broadside (front to side),FTYROW:  From driveway,None Indicated,,Daylight,Dry,Clear,None apparent,Non-intersection:  Driveway access (within),Paved,,Property Damage Only,0,0,0,0,0,0,15000,2,3,,POINT (-93.361085613257 41.702842462642)
2014817365,2014-65370,09/16/2014,09-September,3-Tuesday,18:48,1800 Hours,District 6 (East Central),DAVENPORT,SCOTT,,W 53RD ST & SHERIDAN ST,Collision with:  Vehicle in traffic,On Roadway,Rear-end (front to rear),Followed too close,None Indicated,,Dusk,Dry,Clear,None apparent,Intersection:  Four-way intersection,Paved,,Minor Injury,0,1,0,1,0,0,6000,2,2,,POINT (-90.574894667271 41.574558811247)
2014817299,W14-093208,09/16/2014,09-September,3-Tuesday,15:08,1500 Hours,District 2 (Northeast),WATERLOO,BLACK HAWK,,E MITCHELL AVE & LA PORTE RD,Collision with:  Vehicle in traffic,On Roadway,"Angle, oncoming left turn",FTYROW:  Making left turn,None Indicated,,Daylight,Dry,Clear,None apparent,Intersection:  Four-way intersection,Paved,,Property Damage Only,0,0,0,0,0,0,8000,2,3,,POINT (-92.322736395714 42.476591268892)
2014817148,14-002142,09/16/2014,09-September,3-Tuesday,16:08,1600 Hours,District 1 (Central),ALTOONA,POLK,,3RD ST SW & 3RD ST SE & 1ST AVE S,Non-collision events:  Other non-collision (explain in narrative),Roadside,Non-collision (single vehicle),Crossed centerline (undivided),None Indicated,,Daylight,Dry,Clear,None apparent,Non-intersection:  Non-junction/no special feature,Paved,,Property Damage Only,0,0,0,0,0,0,11500,1,1,,POINT (-93.464580958528 41.649427609368)
2014817123,14-023012,09/16/2014,09-September,3-Tuesday,08:19,0800 Hours,District 5 (Southeast),,MARION,,Co Rd S6G/CARPENTER ST,Collision with fixed object:  Ditch,Shoulder,Non-collision (single vehicle),Ran off road - right,None Indicated,,Daylight,Dry,"Fog, smoke, smog",None apparent,Non-intersection:  Non-junction/no special feature,Unpaved,,Possible/Unknown,0,1,0,0,0,1,2600,1,1,,POINT (-93.197787701764 41.479966479848)
2014817513,14-001123,09/16/2014,09-September,3-Tuesday,07:20,0700 Hours,District 1 (Central),JOHNSTON,POLK,,CATALINA DR,Collision with:  Parked motor vehicle,On Roadway,"Sideswipe, same direction",Other (explain in narrative):  Vision obstructed,None Indicated,,Daylight,Dry,Clear,None apparent,Non-intersection:  Non-junction/no special feature,Paved,,Property Damage Only,0,0,0,0,0,0,5500,2,1,,POINT (-93.761744853608 41.676124701025)
2014819665,14-33099,09/16/2014,09-September,3-Tuesday,20:36,2000 Hours,District 5 (Southeast),,DES MOINES,,Co Rd X37/MORNING SUN RD,Collision with fixed object:  Ditch,Roadside,Non-collision (single vehicle),Ran off road - left,None Indicated,,Dark - roadway not lighted,"Mud, dirt",Clear,None apparent,Non-intersection:  Non-junction/no special feature,Unpaved,,Property Damage Only,0,0,0,0,0,0,2000,1,2,,POINT (-91.255532696875 41.072784859111)
2014817631,201413787,09/16/2014,09-September,3-Tuesday,23:29,2300 Hours,District 6 (East Central),CEDAR RAPIDS,LINN,US 30,US 30/NW LOOP,Non-collision events:  Other non-collision (explain in narrative),On Roadway,Non-collision (single vehicle),Lost Control,Alcohol (Statutory),,Dark - roadway lighted,Dry,Clear,None apparent,Interchange-related:  Off-ramp,Paved,,Property Damage Only,0,0,0,0,0,0,1550,1,1,,POINT (-91.678431668627 41.928291148247)
2014816953,14-6076,09/16/2014,09-September,3-Tuesday,09:15,0900 Hours,District 1 (Central),,POLK,IA 415,IA 415/2ND AVE & NW 54TH AVE,Collision with:  Vehicle in traffic,On Roadway,Rear-end (front to rear),Other (explain in narrative):  Other,None Indicated,,Daylight,Dry,Clear,None apparent,Intersection:  Four-way intersection,Paved,,Property Damage Only,0,0,0,0,0,0,4000,2,2,,POINT (-93.620220992129 41.658583022152)
2014818475,2014053607,09/16/2014,09-September,3-Tuesday,07:30,0700 Hours,District 1 (Central),DES MOINES,POLK,I-35,I-35,Collision with:  Vehicle in traffic,On Roadway,Rear-end (front to rear),Followed too close,None Indicated,,Daylight,Dry,Clear,None apparent,Non-intersection:  Non-junction/no special feature,Paved,,Property Damage Only,0,0,0,0,0,0,7000,2,2,,POINT (-93.607452644938 41.6495269668)
2014817028,14005737,09/16/2014,09-September,3-Tuesday,07:46,0700 Hours,District 2 (Northeast),,CERRO GORDO,,Co Rd S14/BALSAM AVE,Collision with fixed object:  Ditch,On Roadway,Non-collision (single vehicle),Crossed centerline (undivided),None Indicated,,Daylight,Dry,Clear,None apparent,Non-intersection:  Non-junction/no special feature,Paved,,Property Damage Only,0,0,0,0,0,0,12300,2,3,,POINT (-93.477590355082 43.073819063385)
2014820010,2014-037818,09/16/2014,09-September,3-Tuesday,08:23,0800 Hours,District 6 (East Central),DUBUQUE,DUBUQUE,US 52,US 52/E 11TH ST/WHITE ST,Collision with fixed object:  Utility pole/light support,Roadside,Non-collision (single vehicle),Made improper turn,None Indicated,,Daylight,Dry,Clear,None apparent,Intersection:  Four-way intersection,Paved,,Property Damage Only,0,0,0,0,0,0,2500,1,1,,POINT (-90.665411780655 42.504186011227)
2014817146,14-0804,09/16/2014,09-September,3-Tuesday,09:45,0900 Hours,District 1 (Central),WINDSOR HEIGHTS,POLK,,COLLEGE DR & 75TH ST,Collision with:  Parked motor vehicle,On Roadway,"Sideswipe, opposite direction",Driver Distraction:  Reaching for object(s)/fallen object(s),None Indicated,,Daylight,Dry,Clear,None apparent,Intersection:  T-intersection,Paved,,Property Damage Only,0,0,0,0,0,0,4000,2,1,,POINT (-93.720189389493 41.609316408517)
2014817242,2014-037798,09/16/2014,09-September,3-Tuesday,14:59,1400 Hours,District 6 (East Central),DUBUQUE,DUBUQUE,,JEFFREY DR & AVALON RD,Non-collision events:  Other non-collision (explain in narrative),On Roadway,Rear-end (front to rear),FTYROW:  From driveway,None Indicated,,Daylight,Dry,Clear,None apparent,Non-intersection:  Driveway access (within),Paved,,Property Damage Only,0,0,0,0,0,0,2250,2,2,,POINT (-90.711293595116 42.504535621653)
2014818170,1400000814,09/16/2014,09-September,3-Tuesday,21:00,2100 Hours,District 1 (Central),,MARSHALL,,Co Rd E27/GARWIN RD & TAYLOR AVE,Non-collision events:  Overturn/rollover,On Roadway,Non-collision (single vehicle),Ran off road - right,None Indicated,,Dark - roadway not lighted,Dry,Cloudy,None apparent,Non-intersection:  Non-junction/no special feature,Paved,,Minor Injury,0,1,0,1,0,0,22000,1,1,,POINT (-92.883382466207 42.092418439431)
2014817272,14-18060,09/16/2014,09-September,3-Tuesday,10:38,1000 Hours,District 6 (East Central),BETTENDORF,SCOTT,US 67,US 67/GRANT ST & 13TH ST,Collision with:  Vehicle in traffic,On Roadway,"Sideswipe, same direction",Made improper turn,None Indicated,,Daylight,Dry,Clear,None apparent,Intersection:  Four-way intersection,Paved,,Property Damage Only,0,0,0,0,0,0,12000,2,2,,POINT (-90.515183389892 41.526215989546)
2014816951,14-6073,09/16/2014,09-September,3-Tuesday,07:55,0700 Hours,District 1 (Central),,POLK,IA 415,IA 415/2ND AVE & NW 54TH AVE,Collision with:  Vehicle in traffic,On Roadway,Rear-end (front to rear),Followed too close,None Indicated,,Daylight,Dry,Clear,None apparent,Non-intersection:  Non-junction/no special feature,Paved,,Property Damage Only,0,0,0,0,0,0,8000,4,4,,POINT (-93.620220992129 41.658583022152)
2014817244,2014-037827,09/16/2014,09-September,3-Tuesday,12:23,1200 Hours,District 6 (East Central),DUBUQUE,DUBUQUE,,E 22ND ST & WASHINGTON ST,Collision with:  Vehicle in traffic,On Roadway,Broadside (front to side),Ran Stop Sign,None Indicated,,Daylight,Dry,Clear,None apparent,Intersection:  Four-way intersection,Paved,,Possible/Unknown,0,1,0,0,1,0,6000,2,3,,POINT (-90.668832737846 42.514305495167)
2014818237,GP20140763,09/16/2014,09-September,3-Tuesday,16:48,1600 Hours,District 1 (Central),GRINNELL,POWESHIEK,IA 146,IA 146/WEST ST & 5TH AVE,Collision with:  Vehicle in traffic,On Roadway,Rear-end (front to rear),Followed too close,None Indicated,,Daylight,Dry,Clear,None apparent,Non-intersection:  Non-junction/no special feature,Paved,,Minor Injury,0,1,0,1,0,0,750,2,41,,POINT (-92.727377213499 41.74470813099)