Iowa DOT Case Number,Law Enforcement Case Number,Date of Crash,Month of Crash,Day of Week,Time of Crash,Hour,DOT District,City Name,County Name,Route with System,Location Description,First Harmful Event,Location of First Harmful Event,Manner of Crash/Collision,Major Cause,Drug or Alcohol ,Environmental Conditions,Light Conditions,Surface Conditions,Weather Conditions,Roadway Contribution,Roadway Type,Roadway Surface,Work Zone,Crash Severity,Number of Fatalities,Number of Injuries,Number of Major Injuries,Number of Minor Injuries,Number of Possible Injuries,Number of Unknown Injuries,Amount of Property Damage,Number of Vehicles Involved,Total Number of Occupants,Travel Direction,Location
2014817405,2014-4579,09/17/2014,09-September,4-Wednesday,15:38,1500 Hours,District 4 (Southwest),WAUKEE,DALLAS,,ASHWORTH DR,Collision with:  Vehicle in traffic,On Roadway,Rear-end (front to rear),Driver Distraction:  Passenger,None Indicated,,Daylight,Dry,Cloudy,None apparent,Non-intersection:  Non-junction/no special feature,Paved,,Property Damage Only,0,0,0,0,0,0,2500,2,4,,POINT (-93.866177544592 41.60052693671)
2014817402,14-9613,09/17/2014,09-September,4-Wednesday,11:32,1100 Hours,District 3 (Northwest),CARROLL,CARROLL,US 30,US 30/6TH ST,Collision with:  Vehicle in traffic,On Roadway,Rear-end (front to rear),Lost Control,None Indicated,,Daylight,Dry,Clear,None apparent,Intersection:  Four-way intersection,Paved,,Property Damage Only,0,0,0,0,0,0,5000,2,2,,POINT (-94.86453303704 42.064909072172)
2014817388,14-4638,09/17/2014,09-September,4-Wednesday,22:18,2200 Hours,District 1 (Central),WEST DES MOINES,POLK,,WALNUT WOODS DR,Collision with fixed object:  Other fixed object (explain in narrative),On Roadway,Non-collision (single vehicle),Ran off road - right,Under Influence of Alcohol/Drugs/Medications,,Dark - roadway lighted,Dry,Cloudy,None apparent,Non-intersection:  Non-junction/no special feature,Paved,,Possible/Unknown,0,1,0,0,1,0,5000,1,1,,POINT (-93.718684603931 41.537483976299)
2014817143,20140027485,09/17/2014,09-September,4-Wednesday,06:30,0600 Hours,District 1 (Central),DES MOINES,POLK,,E 30TH ST,Collision with:  Vehicle in traffic,On Roadway,"Angle, oncoming left turn",FTYROW:  From driveway,None Indicated,,Dark - roadway lighted,Dry,Cloudy,None apparent,Non-intersection:  Driveway access (within),Paved,,Property Damage Only,0,0,0,0,0,0,5500,2,3,,POINT (-93.558389818981 41.600119052544)
2014818606,14-7311PD,09/17/2014,09-September,4-Wednesday,05:53,0500 Hours,District 1 (Central),BOONE,BOONE,,BENTON ST,Collision with fixed object:  Bridge overhead structure,On Roadway,Non-collision (single vehicle),Other (explain in narrative):  Other,None Indicated,,Dawn,Dry,Cloudy,None apparent,Non-intersection:  Other non-intersection (explain in narrative),Paved,,Property Damage Only,0,0,0,0,0,0,1500,1,1,,POINT (-93.873806921927 42.065184730734)
2014817457,14-6991,09/17/2014,09-September,4-Wednesday,18:27,1800 Hours,District 3 (Northwest),,IDA,US 59,US 59,Collision with:  Vehicle in traffic,Roadside,"Angle, oncoming left turn",FTYROW:  Making left turn,None Indicated,,Daylight,Dry,Clear,None apparent,Intersection:  T-intersection,Paved,,Property Damage Only,0,0,0,0,0,0,2500,2,2,,POINT (-95.449013555266 42.335316485356)
2014817646,14680783,09/17/2014,09-September,4-Wednesday,20:22,2000 Hours,District 5 (Southeast),,MONROE,,690TH AVE,Collision with:  Animal,,,Animal,None Indicated,,,,,,,Unpaved,,Property Damage Only,0,0,0,0,0,0,1500,1,1,,POINT (-92.734732936375 40.932861815646)
2014817535,14-028877,09/17/2014,09-September,4-Wednesday,04:21,0400 Hours,District 5 (Southeast),,LEE,,243 AVE,Collision with:  Animal,,,Animal,None Indicated,,,,,,,Paved,,Property Damage Only,0,0,0,0,0,0,1500,1,1,,POINT (-91.446560186072 40.457274476805)
2014818099,201400045902,09/17/2014,09-September,4-Wednesday,16:20,1600 Hours,District 5 (Southeast),OTTUMWA,WAPELLO,,E 4TH ST & N JEFFERSON ST,Collision with:  Vehicle in traffic,On Roadway,Broadside (front to side),FTYROW:  From stop sign,None Indicated,,Daylight,Dry,Clear,None apparent,Intersection:  Four-way intersection,Paved,,Property Damage Only,0,0,0,0,0,0,2500,2,2,,POINT (-92.407101175036 41.017013474973)
2014817403,2014-20165,09/17/2014,09-September,4-Wednesday,07:00,0700 Hours,District 5 (Southeast),INDIANOLA,WARREN,US 65,US 65,Collision with:  Animal,,,Animal,None Indicated,,,,,,,Paved,,Property Damage Only,0,0,0,0,0,0,3500,1,1,,POINT (-93.558559993358 41.444272769032)
2014817484,20140027559,09/17/2014,09-September,4-Wednesday,17:00,1700 Hours,District 1 (Central),DES MOINES,POLK,,SE 5TH ST,Collision with:  Vehicle in traffic,On Roadway,Rear-end (front to rear),Followed too close,None Indicated,,Daylight,Dry,Clear,None apparent,Non-intersection:  Non-junction/no special feature,Paved,,Property Damage Only,0,0,0,0,0,0,2600,2,2,,POINT (-93.60657136553 41.563188348455)
2014823712,14005739,09/17/2014,09-September,4-Wednesday,20:30,2000 Hours,District 3 (Northwest),,CHEROKEE,IA 31,IA 31/IOWA 31,Collision with:  Animal,,,Animal,None Indicated,,,,,,,Paved,,Property Damage Only,0,0,0,0,0,0,2000,1,1,,POINT (-95.605843836339 42.634157846231)
2014817283,14-039694,09/17/2014,09-September,4-Wednesday,13:10,1300 Hours,District 4 (Southwest),COUNCIL BLUFFS,POTTAWATTAMIE,US 6,US 6/W BROADWAY & S 35TH ST & N 35TH ST,Collision with:  Vehicle in traffic,On Roadway,Rear-end (front to rear),Followed too close,None Indicated,,Daylight,Dry,Clear,None apparent,Non-intersection:  Non-junction/no special feature,Paved,,Possible/Unknown,0,1,0,0,1,0,800,2,3,,POINT (-95.902063286478 41.261904834224)
2014817317,20140027528,09/17/2014,09-September,4-Wednesday,12:45,1200 Hours,District 1 (Central),DES MOINES,POLK,US 69,US 69/SE 14TH ST & E THORNTON AVE,Collision with:  Vehicle in traffic,On Roadway,Rear-end (front to rear),Lost Control,None Indicated,,Daylight,Dry,Cloudy,Work Zone (roadway-related),Non-intersection:  Non-junction/no special feature,Paved,Yes,Possible/Unknown,0,1,0,0,1,0,13000,3,4,,POINT (-93.596831334361 41.551268610428)
2014818476,2014053971,09/17/2014,09-September,4-Wednesday,19:45,1900 Hours,District 5 (Southeast),,CLARKE,,Co Rd R45/STARLINE AVE & PACIFIC ST,Collision with:  Animal,,,Animal,None Indicated,,,,,,,Paved,,Property Damage Only,0,0,0,0,0,0,7000,1,1,,POINT (-93.750384791089 41.118075649226)
2014817411,20143399,09/17/2014,09-September,4-Wednesday,04:57,0400 Hours,District 1 (Central),,GRUNDY,US 20,US 20,Collision with:  Animal,,,Animal,None Indicated,,,,,,,Paved,,Property Damage Only,0,0,0,0,0,0,10000,1,1,,POINT (-92.692946826083 42.463627417046)
2014817328,20140027516,09/17/2014,09-September,4-Wednesday,11:55,1100 Hours,District 1 (Central),DES MOINES,POLK,,E 6TH ST,Collision with:  Parked motor vehicle,On Roadway,"Sideswipe, same direction",Lost Control,None Indicated,,Daylight,Dry,Clear,None apparent,Non-intersection:  Non-junction/no special feature,Paved,,Property Damage Only,0,0,0,0,0,0,2500,2,1,,POINT (-93.611979010258 41.598639310316)
2014817451,14-014341,09/17/2014,09-September,4-Wednesday,16:22,1600 Hours,District 3 (Northwest),WEBB,CLAY,,490TH ST,Collision with fixed object:  Bridge overhead structure,On Roadway,Non-collision (single vehicle),Crossed centerline (undivided),None Indicated,,Daylight,"Mud, dirt",Clear,None apparent,Non-intersection:  Non-junction/no special feature,Unpaved,,Possible/Unknown,0,1,0,0,1,0,0,1,1,,POINT (-95.025517382592 42.938754371485)
2014817326,20140027560,09/17/2014,09-September,4-Wednesday,16:26,1600 Hours,District 1 (Central),DES MOINES,POLK,IA 163,IA 163/E UNIVERSITY AVE & E 28TH ST & E 28TH CT,Collision with:  Vehicle in traffic,On Roadway,"Sideswipe, opposite direction","Operating vehicle in an reckless, erratic, careless, negligent manner",None Indicated,,Daylight,Dry,Cloudy,None apparent,Intersection:  Four-way intersection,Paved,,Property Damage Only,0,0,0,0,0,0,3500,2,4,,POINT (-93.562305270124 41.600523309395)
2014817721,14-004347,09/17/2014,09-September,4-Wednesday,07:58,0700 Hours,District 1 (Central),AMES,STORY,,CESSNA ST & BEACH AVE & S 4TH ST,Collision with:  Vehicle in traffic,On Roadway,Broadside (front to side),FTYROW:  From stop sign,None Indicated,,Daylight,Dry,Clear,None apparent,Intersection:  Four-way intersection,Paved,,Property Damage Only,0,0,0,0,0,0,8000,2,2,,POINT (-93.639421013547 42.016212310113)
2014817723,14-004352,09/17/2014,09-September,4-Wednesday,10:45,1000 Hours,District 1 (Central),AMES,STORY,,CLARK AVE,Collision with fixed object:  Other fixed object (explain in narrative),On Roadway,Non-collision (single vehicle),FTYROW:  Other (explain in narrative),None Indicated,,Daylight,Dry,Cloudy,None apparent,Non-intersection:  Railroad grade crossing,Paved,,Property Damage Only,0,0,0,0,0,0,1500,1,1,,POINT (-93.616850480709 42.023991416742)
2014817392,S14-003690,09/17/2014,09-September,4-Wednesday,16:30,1600 Hours,District 4 (Southwest),,POTTAWATTAMIE,I-80,I-80,Collision with:  Vehicle in traffic,On Roadway,Head-on (front to front),Crossed centerline (undivided),Alcohol (Statutory),,Daylight,Dry,Cloudy,Work Zone (roadway-related),Non-intersection:  Non-junction/no special feature,Paved,Yes,Property Damage Only,0,0,0,0,0,0,12000,2,2,,POINT (-95.401016709997 41.497654384667)
2014817363,14-30646,09/17/2014,09-September,4-Wednesday,05:52,0500 Hours,District 3 (Northwest),SIOUX CITY,WOODBURY,,24TH ST,Collision with:  Parked motor vehicle,On Roadway,Rear-end (front to rear),Unknown,None Indicated,,Unknown,Unknown,Unknown,None apparent,Non-intersection:  Non-junction/no special feature,Paved,,Property Damage Only,0,0,0,0,0,0,5000,2,1,,POINT (-96.407369316102 42.515216876034)
2014820677,AC14-058,09/17/2014,09-September,4-Wednesday,18:50,1800 Hours,District 4 (Southwest),HARLAN,SHELBY,,ELM ST,Collision with:  Vehicle in traffic,On Roadway,Rear-end (front to rear),Other (explain in narrative):  Vision obstructed,None Indicated,,Dusk,Dry,Clear,None apparent,Non-intersection:  Non-junction/no special feature,Paved,,Property Damage Only,0,0,0,0,0,0,5000,2,1,,POINT (-95.322799199654 41.6495069639)
2014817903,14093534,09/17/2014,09-September,4-Wednesday,12:29,1200 Hours,District 2 (Northeast),CEDAR FALLS,BLACK HAWK,,CRESCENT DR,Collision with:  Vehicle in traffic,On Roadway,"Sideswipe, opposite direction",Other (explain in narrative):  Other,None Indicated,,Daylight,Dry,Clear,None apparent,Non-intersection:  Non-junction/no special feature,Paved,,Property Damage Only,0,0,0,0,0,0,3000,2,1,,POINT (-92.471607534806 42.537596296565)
2014817374,2014010371,09/17/2014,09-September,4-Wednesday,15:17,1500 Hours,District 6 (East Central),IOWA CITY,JOHNSON,,MORMON TREK BLVD & PRAIRIE MEADOW DR,Collision with fixed object:  Curb/island/raised median,On Roadway,Non-collision (single vehicle),Driver Distraction:  Passenger,None Indicated,,Daylight,Dry,Clear,None apparent,Non-intersection:  Non-junction/no special feature,Paved,,Minor Injury,0,1,0,1,0,0,500,1,2,,POINT (-91.573857889952 41.659883693092)
2014817947,2014053823,09/17/2014,09-September,4-Wednesday,08:00,0800 Hours,District 6 (East Central),,LINN,I-380,I-380,Collision with:  Vehicle in traffic,On Roadway,Rear-end (front to rear),Followed too close,None Indicated,,Daylight,Dry,Cloudy,None apparent,Non-intersection:  Non-junction/no special feature,Paved,,Property Damage Only,0,0,0,0,0,0,3200,2,2,,POINT (-91.66904752965 41.862732033649)
2014818302,14-14316,09/17/2014,09-September,4-Wednesday,12:37,1200 Hours,District 3 (Northwest),SPENCER,CLAY,,E 5TH ST & 2ND AVE E,Collision with:  Vehicle in traffic,On Roadway,Broadside (front to side),Ran Stop Sign,None Indicated,,Daylight,Dry,Clear,None apparent,Intersection:  Four-way intersection,Paved,,Possible/Unknown,0,1,0,0,0,1,2000,2,9,,POINT (-95.141968806688 43.142514619888)
2014818266,,09/17/2014,09-September,4-Wednesday,06:50,0600 Hours,District 1 (Central),,HAMILTON,,Co Rd R38/NORTH STONEGA AVE,Collision with:  Animal,On Roadway,Non-collision (single vehicle),Animal,None Indicated,,Dawn,Dry,Clear,,Non-intersection:  Non-junction/no special feature,Paved,,Property Damage Only,0,0,0,0,0,0,4200,1,1,,POINT (-93.714996451662 42.514555787116)
2014817325,20140027551,09/17/2014,09-September,4-Wednesday,16:13,1600 Hours,District 1 (Central),DES MOINES,POLK,,UNIVERSITY AVE & 48TH ST,Collision with:  Vehicle in traffic,On Roadway,"Angle, oncoming left turn",FTYROW:  Making left turn,None Indicated,,Daylight,Dry,Cloudy,None apparent,Intersection:  T-intersection,Paved,,Property Damage Only,0,0,0,0,0,0,11500,2,5,,POINT (-93.682554705888 41.600394690129)
2014818192,14-30748,09/17/2014,09-September,4-Wednesday,18:44,1800 Hours,District 3 (Northwest),SIOUX CITY,WOODBURY,,32ND ST & MCDONALD BLVD,Non-collision events:  Other non-collision (explain in narrative),On Roadway,Non-collision (single vehicle),FTYROW:  From stop sign,None Indicated,,Daylight,Dry,Clear,None apparent,Intersection:  Four-way intersection,Paved,,Major Injury,0,1,1,0,0,0,1500,2,2,,POINT (-96.410859183799 42.524990822393)
2014817245,2014010015,09/17/2014,09-September,4-Wednesday,19:42,1900 Hours,District 6 (East Central),IOWA CITY,JOHNSON,,WESTWINDS DR & MORMON TREK BLVD,Collision with:  Non-motorist (see non-motorist section - NOT a unit),On Roadway,Non-collision (single vehicle),Unknown,None Indicated,,Dusk,Dry,Clear,Unknown,Intersection:  T-intersection,Paved,,Minor Injury,0,2,0,2,0,0,0,1,1,,POINT (-91.574057739882 41.650825251077)
2014817296,W14-093596,09/17/2014,09-September,4-Wednesday,15:38,1500 Hours,District 2 (Northeast),WATERLOO,BLACK HAWK,,FLAMMANG DR & FRONTAGE RD,Collision with:  Vehicle in traffic,On Roadway,Broadside (front to side),FTYROW:  From stop sign,None Indicated,,Daylight,Dry,Clear,None apparent,Intersection:  Four-way intersection,Paved,,Possible/Unknown,0,1,0,0,1,0,4000,2,3,,POINT (-92.331503873925 42.4609725212)
2014817536,14-028890,09/17/2014,09-September,4-Wednesday,06:30,0600 Hours,District 5 (Southeast),,LEE,,OLD QUARRY RD,Collision with:  Vehicle in traffic,On Roadway,Head-on (front to front),Swerving/Evasive Action,None Indicated,,Dawn,Dry,Cloudy,None apparent,Non-intersection:  Non-junction/no special feature,Unpaved,,Possible/Unknown,0,1,0,0,1,0,2000,2,2,,POINT (-91.260712425899 40.740196622379)
2014817316,14-1114,09/17/2014,09-September,4-Wednesday,13:15,1300 Hours,District 4 (Southwest),CLIVE,DALLAS,,UNIVERSITY AVE & 60TH ST & NW 128TH ST,Collision with:  Vehicle in traffic,On Roadway,Broadside (front to side),Ran Traffic Signal,None Indicated,,Daylight,Dry,Cloudy,None apparent,Intersection:  Four-way intersection,Paved,,Property Damage Only,0,0,0,0,0,0,7000,2,3,,POINT (-93.794237520002 41.600433970365)
2014817861,2014009700,09/17/2014,09-September,4-Wednesday,09:50,0900 Hours,District 1 (Central),MARSHALLTOWN,MARSHALL,,BOHEN ST,Collision with:  Vehicle in traffic,On Roadway,Rear-end (front to rear),Other (explain in narrative):  Other,None Indicated,,Daylight,Dry,Cloudy,None apparent,Non-intersection:  Non-junction/no special feature,Paved,,Property Damage Only,0,0,0,0,0,0,4000,2,2,,POINT (-92.912172729773 42.023228552454)
2014817379,E14-93707,09/17/2014,09-September,4-Wednesday,20:59,2000 Hours,District 2 (Northeast),EVANSDALE,BLACK HAWK,,GILBERTVILLE RD & PLAZA DR & EVANSDALE DR,Collision with:  Vehicle in traffic,On Roadway,Broadside (front to side),FTYROW:  From stop sign,Alcohol (Statutory),,Dark - roadway lighted,Dry,Clear,None apparent,Intersection:  Four-way intersection,Paved,,Property Damage Only,0,0,0,0,0,0,20000,2,3,,POINT (-92.2486976749 42.461117076182)
2014819129,2014-037850,09/17/2014,09-September,4-Wednesday,11:43,1100 Hours,District 6 (East Central),DUBUQUE,DUBUQUE,,W 9TH ST & LOCUST ST S,Collision with:  Vehicle in traffic,On Roadway,"Angle, oncoming left turn",FTYROW:  Making left turn,None Indicated,,Daylight,Dry,Cloudy,None apparent,Intersection:  Four-way intersection,Paved,,Property Damage Only,0,0,0,0,0,0,1700,2,3,,POINT (-90.668754695066 42.501345412936)
2014817744,14-30738,09/17/2014,09-September,4-Wednesday,06:00,0600 Hours,District 3 (Northwest),SIOUX CITY,WOODBURY,,WHITCHER AVE,Collision with:  Vehicle in traffic,On Roadway,Rear-end (front to rear),Unknown,None Indicated,,Dawn,Dry,Clear,None apparent,Non-intersection:  Non-junction/no special feature,Paved,,Property Damage Only,0,0,0,0,0,0,1500,2,1,,POINT (-96.483090472747 42.519637062716)
2014817237,14-93441,09/17/2014,09-September,4-Wednesday,07:07,0700 Hours,District 2 (Northeast),EVANSDALE,BLACK HAWK,,DUBUQUE RD & ROOSEVELT RD N,Collision with:  Animal,,,Animal,None Indicated,,,,,,,Paved,,Property Damage Only,0,0,0,0,0,0,5000,1,1,,POINT (-92.275670071612 42.477357165142)
2014817383,2014010370,09/17/2014,09-September,4-Wednesday,15:18,1500 Hours,District 6 (East Central),IOWA CITY,JOHNSON,,MUSCATINE AVE & S SCOTT BLVD,Collision with:  Vehicle in traffic,On Roadway,"Sideswipe, opposite direction",Driver Distraction:  Manual operation of an electronic communication device,None Indicated,,Daylight,Dry,Clear,None apparent,Non-intersection:  Non-junction/no special feature,Paved,,Property Damage Only,0,0,0,0,0,0,2500,2,47,,POINT (-91.482911165413 41.649784257808)
2014819203,2014053970,09/17/2014,09-September,4-Wednesday,17:59,1700 Hours,District 6 (East Central),DAVENPORT,SCOTT,,W LOMBARD ST & N DIVISION ST,Collision with:  Vehicle in traffic,On Roadway,Broadside (front to side),FTYROW:  From stop sign,None Indicated,,Daylight,Dry,Clear,None apparent,Intersection:  Four-way intersection,Paved,,Major Injury,0,2,1,0,1,0,22600,2,2,,POINT (-90.600943120618 41.541889966733)
2014835160,14005415,09/17/2014,09-September,4-Wednesday,15:59,1500 Hours,District 2 (Northeast),GARNER,HANCOCK,,235TH ST,Collision with:  Vehicle in traffic,On Roadway,Rear-end (front to rear),Followed too close,None Indicated,,Daylight,Dry,Clear,None apparent,Non-intersection:  Non-junction/no special feature,Paved,,Property Damage Only,0,0,0,0,0,0,14000,2,2,,POINT (-93.589335504102 43.10493241937)
2014817334,14-0811,09/17/2014,09-September,4-Wednesday,12:09,1200 Hours,District 1 (Central),WINDSOR HEIGHTS,POLK,I-235,I-235,Collision with:  Vehicle in traffic,On Roadway,Rear-end (front to rear),Followed too close,None Indicated,,Daylight,Dry,Cloudy,None apparent,Interchange-related:  On-ramp merge area,Paved,,Property Damage Only,0,0,0,0,0,0,5500,2,2,,POINT (-93.715654065163 41.592050885161)
2014817960,14013961,09/17/2014,09-September,4-Wednesday,18:00,1800 Hours,District 6 (East Central),TIPTON,CEDAR,,2ND ST,Collision with:  Vehicle in traffic,On Roadway,Broadside (front to side),FTYROW:  From parked position,None Indicated,,Daylight,Dry,Clear,None apparent,Non-intersection:  Non-junction/no special feature,Paved,,Possible/Unknown,0,2,0,0,0,2,3400,2,2,,POINT (-91.125875143852 41.766861276363)
2014820234,A14067,09/17/2014,09-September,4-Wednesday,05:36,0500 Hours,District 5 (Southeast),KNOXVILLE,MARION,IA 5,IA 5/NW RAMP CURV,Collision with:  Animal,,,Animal,None Indicated,,,,,,,Paved,,Property Damage Only,0,0,0,0,0,0,1600,1,1,,POINT (-93.111225426359 41.304830477827)
2014817949,2014053977,09/17/2014,09-September,4-Wednesday,20:50,2000 Hours,District 6 (East Central),,IOWA,I-80,I-80,Collision with:  Vehicle in traffic,On Roadway,"Sideswipe, same direction",FTYROW:  Other (explain in narrative),None Indicated,,Dark - roadway not lighted,Dry,Clear,None apparent,Non-intersection:  Non-junction/no special feature,Paved,,Property Damage Only,0,0,0,0,0,0,1500,2,2,,POINT (-91.968683953131 41.686973855934)
2014817332,20140027533,09/17/2014,09-September,4-Wednesday,13:53,1300 Hours,District 1 (Central),DES MOINES,POLK,US 69,US 69/SE 14TH ST,Collision with:  Vehicle in traffic,On Roadway,"Sideswipe, same direction",Other (explain in narrative):  No improper action,None Indicated,,Daylight,Dry,Clear,None apparent,Non-intersection:  Non-junction/no special feature,Paved,,Property Damage Only,0,0,0,0,0,0,1600,2,2,,POINT (-93.596829285955 41.552349497925)
2014817469,201413800,09/17/2014,09-September,4-Wednesday,09:25,0900 Hours,District 6 (East Central),CEDAR RAPIDS,LINN,IA 922,IA 922/1ST AVE E,Collision with:  Vehicle in traffic,On Roadway,Broadside (front to side),FTYROW:  From driveway,None Indicated,,Daylight,Dry,Clear,None apparent,Non-intersection:  Driveway access (within),Paved,,Property Damage Only,0,0,0,0,0,0,8000,2,2,,POINT (-91.653157597169 41.987620225875)
2014818613,201404358,09/17/2014,09-September,4-Wednesday,18:09,1800 Hours,District 1 (Central),BOONE,BOONE,,MONTANA RD,Collision with:  Animal,,,Animal,None Indicated,,,,,,,Unpaved,,Property Damage Only,0,0,0,0,0,0,3000,1,1,,POINT (-93.912794168222 42.018398796692)
2014819118,2014-012812,09/17/2014,09-September,4-Wednesday,14:26,1400 Hours,District 6 (East Central),DUBUQUE,DUBUQUE,,ENGLISH MILL RD,Non-collision events:  Overturn/rollover,On Roadway,Non-collision (single vehicle),Followed too close,None Indicated,,Daylight,Dry,Clear,None apparent,Non-intersection:  Non-junction/no special feature,Paved,,Possible/Unknown,0,1,0,0,1,0,4000,1,2,,POINT (-90.736627282482 42.480733787301)
2014817217,S14-003682,09/17/2014,09-September,4-Wednesday,02:15,0200 Hours,District 4 (Southwest),,POTTAWATTAMIE,I-80,I-80,Collision with:  Vehicle in traffic,On Roadway,Rear-end (front to rear),Other (explain in narrative):  Other,None Indicated,,Dark - roadway lighted,Dry,Clear,None apparent,Non-intersection:  Non-junction/no special feature,Paved,,Minor Injury,0,1,0,1,0,0,5000,2,4,,POINT (-95.576313407354 41.498857612082)
2014829455,2014-7032,09/17/2014,09-September,4-Wednesday,18:16,1800 Hours,District 6 (East Central),ELDRIDGE,SCOTT,,PRICE ST & N 1ST ST & E PRICE ST,Collision with:  Vehicle in traffic,On Roadway,Rear-end (front to rear),Followed too close,None Indicated,,Daylight,Dry,Clear,None apparent,Non-intersection:  Driveway access (within),Paved,,Property Damage Only,0,0,0,0,0,0,3000,2,2,,POINT (-90.583424973583 41.660280472009)
2014817398,2014-037863,09/17/2014,09-September,4-Wednesday,17:02,1700 Hours,District 6 (East Central),DUBUQUE,DUBUQUE,,KAUFMANN AVE,Collision with:  Parked motor vehicle,On Roadway,Rear-end (front to rear),Lost Control,None Indicated,,Daylight,Dry,Clear,None apparent,Non-intersection:  Non-junction/no special feature,Paved,,Property Damage Only,0,0,0,0,0,0,5000,3,2,,POINT (-90.680772895792 42.515646515928)
2014817948,2014053933,09/17/2014,09-September,4-Wednesday,15:20,1500 Hours,District 1 (Central),,JASPER,I-80,I-80,Collision with fixed object:  Guardrail - face,Median,Non-collision (single vehicle),Ran off road - left,None Indicated,,Daylight,Dry,Cloudy,None apparent,Non-intersection:  Non-junction/no special feature,Paved,,Property Damage Only,0,0,0,0,0,0,5500,1,3,,POINT (-92.879814268965 41.687809559569)
2014817640,14019642,09/17/2014,09-September,4-Wednesday,14:01,1400 Hours,District 6 (East Central),MARION,LINN,,A AVE & STARRY DR & S 14TH ST,Collision with:  Parked motor vehicle,On Roadway,Broadside (front to side),FTYROW:  From driveway,None Indicated,,Daylight,Dry,Clear,None apparent,Non-intersection:  Driveway access (within),Paved,,Property Damage Only,0,0,0,0,0,0,2100,2,777,,POINT (-91.594998009222 42.026424967812)
2014819346,2014-005668,09/17/2014,09-September,4-Wednesday,20:45,2000 Hours,District 6 (East Central),,BENTON,,26 AVE DR,Non-collision events:  Overturn/rollover,On Roadway,Non-collision (single vehicle),Swerving/Evasive Action,None Indicated,,Dark - roadway not lighted,Dry,Clear,None apparent,Non-intersection:  Non-junction/no special feature,Unpaved,,Property Damage Only,0,0,0,0,0,0,3000,1,1,,POINT (-91.983362098088 42.190033766962)
2014817741,14-30670,09/17/2014,09-September,4-Wednesday,10:01,1000 Hours,District 3 (Northwest),SIOUX CITY,WOODBURY,IA 12,IA 12/GORDON DR & S FAIRMOUNT ST,Collision with:  Vehicle in traffic,On Roadway,"Sideswipe, opposite direction",Made improper turn,Alcohol (Statutory),,Daylight,Dry,Clear,None apparent,Intersection:  Four-way intersection,Paved,,Property Damage Only,0,0,0,0,0,0,2000,2,2,,POINT (-96.374455859941 42.48987172051)
2014817743,14-30717,09/17/2014,09-September,4-Wednesday,15:19,1500 Hours,District 3 (Northwest),SIOUX CITY,WOODBURY,I-29,I-29,Collision with:  Vehicle in traffic,On Roadway,Rear-end (front to rear),Other (explain in narrative):  Other,None Indicated,,Daylight,Dry,Clear,Work Zone (roadway-related),Non-intersection:  Non-junction/no special feature,Paved,Yes,Possible/Unknown,0,2,0,0,2,0,3300,2,5,,POINT (-96.380836360808 42.467397287686)
2014817740,14-30668,09/17/2014,09-September,4-Wednesday,09:43,0900 Hours,District 3 (Northwest),SIOUX CITY,WOODBURY,IA 12,IA 12/GORDON DR & STONE AVE,Collision with:  Vehicle in traffic,On Roadway,Broadside (front to side),Ran Traffic Signal,None Indicated,,Daylight,Dry,Clear,None apparent,Intersection:  Four-way intersection,Paved,,Possible/Unknown,0,1,0,0,1,0,10000,2,2,,POINT (-96.351998834809 42.479221773263)
2014817543,14093618,09/17/2014,09-September,4-Wednesday,16:32,1600 Hours,District 2 (Northeast),CEDAR FALLS,BLACK HAWK,IA 57,IA 57/WEST 1ST ST & UNION RD & N UNION RD,Collision with:  Vehicle in traffic,On Roadway,Broadside (front to side),FTYROW:  From stop sign,None Indicated,,Daylight,Dry,Cloudy,None apparent,Intersection:  Four-way intersection,Paved,,Minor Injury,0,3,0,2,1,0,16000,2,3,,POINT (-92.495073473173 42.5421959823)
2014817578,,09/17/2014,09-September,4-Wednesday,21:30,2100 Hours,District 4 (Southwest),DUNLAP,HARRISON,US 30,US 30/6TH ST & IA 37 & CLINTON ST,Collision with:  Railway vehicle/train,On Roadway,Broadside (front to side),Ran off road - left,None Indicated,,Dark - roadway lighted,Dry,Clear,,Non-intersection:  Railroad grade crossing,Paved,,Possible/Unknown,0,1,0,0,1,0,8000,2,2,,POINT (-95.601961516052 41.857685686803)
2014836496,032-088-14,09/17/2014,09-September,4-Wednesday,18:25,1800 Hours,District 3 (Northwest),ESTHERVILLE,EMMET,,WN 9TH ST,Collision with:  Animal,,,Animal,None Indicated,,,,,,,Paved,,Property Damage Only,0,0,0,0,0,0,1500,1,1,,POINT (-94.856875125125 43.406815022772)
2014817404,2014-4570,09/17/2014,09-September,4-Wednesday,08:45,0800 Hours,District 4 (Southwest),WAUKEE,DALLAS,,INDIAN RIDGE DR,Collision with:  Vehicle in traffic,On Roadway,Unknown,Improper Backing,None Indicated,,Daylight,Dry,Clear,None apparent,Non-intersection:  Non-junction/no special feature,Paved,,Property Damage Only,0,0,0,0,0,0,2000,2,2,,POINT (-93.872247075635 41.567370592262)
2014817406,2014-4580,09/17/2014,09-September,4-Wednesday,16:01,1600 Hours,District 4 (Southwest),WAUKEE,DALLAS,US 6,US 6/HICKMAN AVE,Collision with:  Vehicle in traffic,On Roadway,Rear-end (front to rear),Other (explain in narrative):  Other,None Indicated,,Daylight,Dry,Cloudy,None apparent,Non-intersection:  Non-junction/no special feature,Paved,,Minor Injury,0,1,0,1,0,0,17500,4,4,,POINT (-93.87163935196 41.614933138381)