Iowa DOT Case Number,Law Enforcement Case Number,Date of Crash,Month of Crash,Day of Week,Time of Crash,Hour,DOT District,City Name,County Name,Route with System,Location Description,First Harmful Event,Location of First Harmful Event,Manner of Crash/Collision,Major Cause,Drug or Alcohol ,Environmental Conditions,Light Conditions,Surface Conditions,Weather Conditions,Roadway Contribution,Roadway Type,Roadway Surface,Work Zone,Crash Severity,Number of Fatalities,Number of Injuries,Number of Major Injuries,Number of Minor Injuries,Number of Possible Injuries,Number of Unknown Injuries,Amount of Property Damage,Number of Vehicles Involved,Total Number of Occupants,Travel Direction,Location
2014818839,2014-65641,09/17/2014,09-September,4-Wednesday,16:08,1600 Hours,District 6 (East Central),DAVENPORT,SCOTT,,E 53RD ST & JERSEY RIDGE RD,Collision with:  Vehicle in traffic,On Roadway,"Angle, oncoming left turn",FTYROW:  Making left turn,None Indicated,,Daylight,Dry,Clear,None apparent,Intersection:  Four-way intersection,Paved,,Property Damage Only,0,0,0,0,0,0,18000,3,3,,POINT (-90.541615387236 41.574779319312)
2014817483,20140027548,09/17/2014,09-September,4-Wednesday,16:30,1600 Hours,District 1 (Central),DES MOINES,POLK,US 6,US 6/FREDERICK M HUBBELL AVE & E DOUGLAS AVE,Collision with:  Vehicle in traffic,On Roadway,Broadside (front to side),FTYROW:  From stop sign,None Indicated,,Daylight,Dry,Cloudy,None apparent,Intersection:  Four-way intersection,Paved,,Property Damage Only,0,0,0,0,0,0,4500,2,5,,POINT (-93.543709855338 41.6296340342)
2014817330,20140027592,09/17/2014,09-September,4-Wednesday,22:36,2200 Hours,District 1 (Central),DES MOINES,POLK,I-235,I-235,Collision with fixed object:  Other fixed object (explain in narrative),Shoulder,Non-collision (single vehicle),Ran off road - right,None Indicated,,Dark - roadway lighted,Dry,Clear,None apparent,Intersection:  Four-way intersection,Paved,,Property Damage Only,0,0,0,0,0,0,3000,1,1,,POINT (-93.703324789331 41.593613164389)
2014817447,W14-093460,09/17/2014,09-September,4-Wednesday,08:07,0800 Hours,District 2 (Northeast),WATERLOO,BLACK HAWK,,W 11TH ST,Collision with:  Parked motor vehicle,On Roadway,"Sideswipe, same direction",Unknown,None Indicated,,Daylight,Dry,Clear,Work Zone (roadway-related),Non-intersection:  Non-junction/no special feature,Paved,Yes,Property Damage Only,0,0,0,0,0,0,3000,2,5,,POINT (-92.334885856607 42.470097140553)
2014819737,14-039430,09/17/2014,09-September,4-Wednesday,14:20,1400 Hours,District 5 (Southeast),MUSCATINE,MUSCATINE,US 61,US 61 & IA 22/IOWA 22,Collision with:  Vehicle in traffic,On Roadway,"Angle, oncoming left turn",Over correcting/over steering,None Indicated,,Daylight,Dry,Clear,None apparent,Intersection:  Four-way intersection,Paved,,Property Damage Only,0,0,0,0,0,0,10500,2,2,,POINT (-91.091916082477 41.436152721549)
2014818557,2014-20191,09/17/2014,09-September,4-Wednesday,14:43,1400 Hours,District 5 (Southeast),INDIANOLA,WARREN,US 65,US 65/N JEFFERSON WAY,Collision with:  Vehicle in traffic,On Roadway,Broadside (front to side),FTYROW:  From driveway,None Indicated,,Daylight,Dry,Clear,Other (explain in narrative),Non-intersection:  Driveway access (within),Paved,,Property Damage Only,0,0,0,0,0,0,3000,2,2,,POINT (-93.558340598602 41.362755493445)
2014835374,14-01124,09/17/2014,09-September,4-Wednesday,08:15,0800 Hours,District 6 (East Central),WEST BRANCH,CEDAR,,ORANGE ST,Collision with:  Parked motor vehicle,On Roadway,Rear-end (front to rear),Lost Control,None Indicated,,Daylight,Dry,Cloudy,None apparent,Non-intersection:  Non-junction/no special feature,Unpaved,,Property Damage Only,0,0,0,0,0,0,5500,2,1,,POINT (-91.35361352297 41.674826733441)
2014817385,4514-036,09/17/2014,09-September,4-Wednesday,16:05,1600 Hours,District 2 (Northeast),,HOWARD,,VALLEY AVE,Non-collision events:  Overturn/rollover,On Roadway,Non-collision (single vehicle),Ran off road - left,None Indicated,,Daylight,"Mud, dirt",Clear,"Surface condition (e.g., wet, icy)",Non-intersection:  Non-junction/no special feature,Unpaved,,Property Damage Only,0,0,0,0,0,0,8000,1,2,,POINT (-92.140077317056 43.364759109329)
2014817329,20140027503,09/17/2014,09-September,4-Wednesday,10:30,1000 Hours,District 1 (Central),DES MOINES,POLK,US 6,US 6/DOUGLAS AVE & LOWER BEAVER RD,Collision with:  Vehicle in traffic,On Roadway,"Sideswipe, same direction",FTYROW:  From yield sign,None Indicated,,Daylight,Dry,Clear,None apparent,Intersection:  Four-way intersection,Paved,,Property Damage Only,0,0,0,0,0,0,6000,2,2,,POINT (-93.6618893186 41.629581763214)
2014817644,1400000815,09/17/2014,09-September,4-Wednesday,16:28,1600 Hours,District 1 (Central),,MARSHALL,IA 330,IA 330/MARSHALLTOWN BLVD,Non-collision events:  Overturn/rollover,On Roadway,Non-collision (single vehicle),Ran off road - right,None Indicated,,Daylight,Dry,Cloudy,None apparent,Non-intersection:  Non-junction/no special feature,Paved,,Property Damage Only,0,0,0,0,0,0,4500,1,2,,POINT (-93.148045339528 41.920571260989)
2014844866,2014-002716,09/17/2014,09-September,4-Wednesday,19:21,1900 Hours,District 2 (Northeast),,ALLAMAKEE,IA 76,IA 76/IOWA 76,Collision with:  Animal,,,Animal,None Indicated,,,,,,,Paved,,Property Damage Only,0,0,0,0,0,0,3000,1,1,,POINT (-91.492468872669 43.310845509341)
2014817282,14-039677,09/17/2014,09-September,4-Wednesday,11:56,1100 Hours,District 4 (Southwest),COUNCIL BLUFFS,POTTAWATTAMIE,,7TH AVE,Collision with:  Non-motorist (see non-motorist section - NOT a unit),On Roadway,Non-collision (single vehicle),FTYROW:  To pedestrian,None Indicated,,Daylight,Dry,Clear,None apparent,Non-intersection:  Non-junction/no special feature,Paved,,Possible/Unknown,0,1,0,0,1,0,300,1,2,,POINT (-95.897672634005 41.255467923685)
2014817393,S14-003691,09/17/2014,09-September,4-Wednesday,17:20,1700 Hours,District 4 (Southwest),,POTTAWATTAMIE,,260TH ST,Collision with fixed object:  Ditch,On Roadway,Non-collision (single vehicle),Driving too fast for conditions,None Indicated,,Daylight,"Mud, dirt",Clear,None apparent,Non-intersection:  Non-junction/no special feature,Unpaved,,Property Damage Only,0,0,0,0,0,0,4000,1,1,,POINT (-95.689561896097 41.383693579205)
2014817583,,09/17/2014,09-September,4-Wednesday,16:10,1600 Hours,District 6 (East Central),DE WITT,CLINTON,,11TH ST & 14TH AVE,Collision with:  Vehicle in traffic,On Roadway,Rear-end (front to rear),FTYROW:  From stop sign,None Indicated,,Daylight,Dry,Clear,,Intersection:  Four-way intersection,Paved,,Property Damage Only,0,0,0,0,0,0,2000,2,5,,POINT (-90.550539684099 41.825728956468)
2014819995,80-14-301,09/17/2014,09-September,4-Wednesday,17:06,1700 Hours,District 2 (Northeast),HUMBOLDT,HUMBOLDT,,10TH ST N,Collision with:  Vehicle in traffic,On Roadway,Broadside (front to side),FTYROW:  At uncontrolled intersection,None Indicated,,Daylight,Dry,Clear,None apparent,Intersection:  Four-way intersection,Paved,,Property Damage Only,0,0,0,0,0,0,10000,2,2,,POINT (-94.222604710826 42.728963329959)
2014820823,14-30767,09/17/2014,09-September,4-Wednesday,22:29,2200 Hours,District 3 (Northwest),SIOUX CITY,WOODBURY,IA 12,IA 12/GORDON DR & COURT ST,Collision with fixed object:  Concrete traffic barrier (median or right side),On Roadway,Non-collision (single vehicle),Ran off road - straight,None Indicated,,Dark - roadway lighted,Dry,Clear,Work Zone (roadway-related),Intersection:  Four-way intersection,Paved,Yes,Property Damage Only,0,0,0,0,0,0,2500,1,6,,POINT (-96.396337818529 42.48976489148)
2014817304,14-33178,09/17/2014,09-September,4-Wednesday,12:46,1200 Hours,District 5 (Southeast),WEST BURLINGTON,DES MOINES,,MT PLEASANT ST & S SWAN ST,Collision with:  Vehicle in traffic,On Roadway,Rear-end (front to rear),Followed too close,None Indicated,,Daylight,Dry,Cloudy,None apparent,Intersection:  T-intersection,Paved,,Property Damage Only,0,0,0,0,0,0,2000,2,3,,POINT (-91.155433794849 40.826019230934)
2014817417,139-14,09/17/2014,09-September,4-Wednesday,13:31,1300 Hours,District 3 (Northwest),ROCK VALLEY,SIOUX,,14TH ST & 19TH AVE,Collision with:  Vehicle in traffic,On Roadway,Broadside (front to side),FTYROW:  From stop sign,None Indicated,,Daylight,Dry,Cloudy,None apparent,Intersection:  Four-way intersection,Paved,,Property Damage Only,0,0,0,0,0,0,5500,2,2,,POINT (-96.290008587923 43.204165682064)
2014817972,,09/17/2014,09-September,4-Wednesday,12:50,1200 Hours,District 6 (East Central),CEDAR RAPIDS,LINN,IA 100,IA 100/COLLINS RD NE & NORTHLAND AVE NE,Collision with:  Vehicle in traffic,On Roadway,Rear-end (front to rear),Unknown,None Indicated,,Daylight,Dry,Clear,,Non-intersection:  Non-junction/no special feature,Paved,,Property Damage Only,0,0,0,0,0,0,6700,2,2,,POINT (-91.631723935413 42.027895441796)
2014819080,14-039544,09/17/2014,09-September,4-Wednesday,15:34,1500 Hours,District 5 (Southeast),MUSCATINE,MUSCATINE,IA 22,IA 22/PARK AVE,Collision with:  Vehicle in traffic,On Roadway,Broadside (front to side),Ran Traffic Signal,None Indicated,,Daylight,Dry,Clear,None apparent,Intersection:  Four-way intersection,Paved,,Possible/Unknown,0,1,0,0,0,1,3000,2,2,,POINT (-91.030174247952 41.451810508008)
2014817553,2014-19201,09/17/2014,09-September,4-Wednesday,21:10,2100 Hours,District 6 (East Central),,SCOTT,,Co Rd F45/240 ST,Collision with:  Animal,,,Animal,None Indicated,,,,,,,Paved,,Property Damage Only,0,0,0,0,0,0,5000,1,1,,POINT (-90.465560856603 41.655398854798)
2014819006,14173,09/17/2014,09-September,4-Wednesday,07:56,0700 Hours,District 5 (Southeast),PELLA,MARION,,UNIVERSITY ST & E 3RD ST,Collision with:  Vehicle in traffic,On Roadway,Broadside (front to side),FTYROW:  From stop sign,None Indicated,,Daylight,Dry,Cloudy,None apparent,Intersection:  Four-way intersection,Paved,,Possible/Unknown,0,1,0,0,1,0,10000,2,3,,POINT (-92.911330063549 41.400106326365)
2014817391,S14-003685,09/17/2014,09-September,4-Wednesday,09:40,0900 Hours,District 4 (Southwest),,POTTAWATTAMIE,,HEMLOCK AVE,Collision with fixed object:  Ditch,On Roadway,Non-collision (single vehicle),FTYROW:  From driveway,None Indicated,,Daylight,Dry,Clear,"Surface condition (e.g., wet, icy)",Non-intersection:  Driveway access (within),Unpaved,,Property Damage Only,0,0,0,0,0,0,1500,2,3,,POINT (-95.35679654525 41.296361296916)
2014817806,14008433,09/17/2014,09-September,4-Wednesday,15:22,1500 Hours,District 6 (East Central),,BUCHANAN,,OVERLAND AVE,Collision with fixed object:  Bridge overhead structure,On Roadway,Non-collision (single vehicle),Lost Control,None Indicated,,Daylight,Dry,Clear,None apparent,Non-intersection:  Non-junction/no special feature,Unpaved,,Property Damage Only,0,0,0,0,0,0,7500,1,2,,POINT (-91.792794773972 42.298475036396)
2014817496,14-2065,09/17/2014,09-September,4-Wednesday,19:42,1900 Hours,District 1 (Central),URBANDALE,POLK,,BOSTON AVE,Collision with:  Vehicle in traffic,On Roadway,Rear-end (front to rear),Improper Backing,None Indicated,,Dark - roadway not lighted,Dry,Cloudy,None apparent,Non-intersection:  Driveway access (within),Paved,,Property Damage Only,0,0,0,0,0,0,4000,2,1,,POINT (-93.740188203686 41.624393502757)
2014817366,2014-65525,09/17/2014,09-September,4-Wednesday,06:22,0600 Hours,District 6 (East Central),DAVENPORT,SCOTT,,NORTHWEST BLVD,Collision with:  Vehicle in traffic,On Roadway,Broadside (front to side),Traveling wrong way or on wrong side of road,None Indicated,,Daylight,Dry,Clear,None apparent,Non-intersection:  Driveway access (within),Paved,,Property Damage Only,0,0,0,0,0,0,8500,2,3,,POINT (-90.614500356815 41.595679183657)
2014817722,14-004349,09/17/2014,09-September,4-Wednesday,09:45,0900 Hours,District 1 (Central),AMES,STORY,,13TH ST & KELLOGG AVE,Collision with:  Vehicle in traffic,On Roadway,"Angle, oncoming left turn","Operating vehicle in an reckless, erratic, careless, negligent manner",None Indicated,,Daylight,Dry,Cloudy,None apparent,Non-intersection:  Non-junction/no special feature,Paved,,Possible/Unknown,0,2,0,0,2,0,10000,2,3,,POINT (-93.613944304124 42.034544680797)
2014817725,14-004357,09/17/2014,09-September,4-Wednesday,14:08,1400 Hours,District 1 (Central),AMES,STORY,,UNIVERSITY BLVD & IOWA STATE UNIVERSITY & S 16TH ST,Collision with:  Vehicle in traffic,On Roadway,"Angle, oncoming left turn",FTYROW:  Making left turn,None Indicated,,Daylight,Dry,Cloudy,None apparent,Intersection:  Four-way intersection,Paved,,Property Damage Only,0,0,0,0,0,0,11000,2,4,,POINT (-93.633782218215 42.011497110753)
2014825026,14-1467,09/17/2014,09-September,4-Wednesday,07:26,0700 Hours,District 1 (Central),JEFFERSON,GREENE,,Co Rd P18/245TH,Collision with:  Animal,On Roadway,Non-collision (single vehicle),Animal,None Indicated,,Daylight,Dry,Clear,None apparent,Non-intersection:  Non-junction/no special feature,Unpaved,,Property Damage Only,0,0,0,0,0,0,3000,1,1,,POINT (-94.412805163834 42.000778137058)
2014818608,147309PD,09/17/2014,09-September,4-Wednesday,06:26,0600 Hours,District 1 (Central),BOONE,BOONE,,S STORY ST,Collision with:  Vehicle in traffic,On Roadway,"Sideswipe, same direction",Made improper turn,None Indicated,,Dawn,Dry,Cloudy,None apparent,Non-intersection:  Driveway access (within),Paved,,Property Damage Only,0,0,0,0,0,0,4500,2,2,,POINT (-93.879997664672 42.059220182137)
2014817862,2014009767,09/18/2014,09-September,5-Thursday,16:00,1600 Hours,District 1 (Central),MARSHALLTOWN,MARSHALL,,S CENTER ST,Collision with:  Vehicle in traffic,On Roadway,Rear-end (front to rear),Unknown,None Indicated,,Daylight,Dry,Clear,None apparent,Non-intersection:  Non-junction/no special feature,Paved,,Property Damage Only,0,0,0,0,0,0,1800,2,3,,POINT (-92.912935451754 42.048510687431)
2014817471,201413828,09/18/2014,09-September,5-Thursday,05:31,0500 Hours,District 6 (East Central),CEDAR RAPIDS,LINN,,2ND AVE SW & 1ST ST SW,Collision with:  Vehicle in traffic,On Roadway,Broadside (front to side),Ran Traffic Signal,None Indicated,,Dark - roadway lighted,Dry,Clear,None apparent,Intersection:  Four-way intersection,Paved,,Possible/Unknown,0,1,0,0,1,0,20000,2,2,,POINT (-91.672481411644 41.975587586795)
2014818023,14-011410,09/18/2014,09-September,5-Thursday,16:36,1600 Hours,District 1 (Central),,TAMA,,220TH ST,Collision with:  Vehicle in traffic,On Roadway,Unknown,FTYROW:  Other (explain in narrative),None Indicated,,Daylight,"Mud, dirt",Clear,None apparent,Non-intersection:  Non-junction/no special feature,Unpaved,,Major Injury,0,1,1,0,0,0,6003,2,6,,POINT (-92.553146562094 42.123040274966)
2014817890,2014-65930,09/18/2014,09-September,5-Thursday,13:00,1300 Hours,District 6 (East Central),DAVENPORT,SCOTT,,UTICA RIDGE RD,Collision with:  Vehicle in traffic,On Roadway,"Angle, oncoming left turn",FTYROW:  Making left turn,None Indicated,,Daylight,Dry,Clear,None apparent,Non-intersection:  Driveway access (within),Paved,,Property Damage Only,0,0,0,0,0,0,2500,2,2,,POINT (-90.513691840556 41.573890328857)
2014817982,142841,09/18/2014,09-September,5-Thursday,17:47,1700 Hours,District 3 (Northwest),SCHLESWIG,CRAWFORD,US 59,US 59 & ASH RD,Collision with:  Vehicle in traffic,On Roadway,Broadside (front to side),Crossed centerline (undivided),None Indicated,,Daylight,Dry,Clear,None apparent,Intersection:  Four-way intersection,Paved,,Major Injury,0,2,1,0,1,0,10000,2,3,,POINT (-95.4394233866 42.167397788731)
2014817544,14093983,09/18/2014,09-September,5-Thursday,17:11,1700 Hours,District 2 (Northeast),CEDAR FALLS,BLACK HAWK,,COLLEGE ST,Collision with:  Vehicle in traffic,On Roadway,Rear-end (front to rear),FTYROW:  Other (explain in narrative),None Indicated,,Daylight,Dry,Cloudy,None apparent,Non-intersection:  Non-junction/no special feature,Paved,,Minor Injury,0,1,0,1,0,0,3500,2,2,,POINT (-92.455761655639 42.518267734791)
2014817509,2014010432,09/18/2014,09-September,5-Thursday,18:50,1800 Hours,District 6 (East Central),IOWA CITY,JOHNSON,I-80,I-80 & IA 1/N DODGE ST,Collision with:  Vehicle in traffic,On Roadway,"Sideswipe, same direction",Swerving/Evasive Action,None Indicated,,Daylight,Dry,Clear,None apparent,Intersection:  Intersection with ramp,Paved,,Property Damage Only,0,0,0,0,0,0,2000,2,2,,POINT (-91.500360943085 41.685437140257)
2014817727,14-004365,09/18/2014,09-September,5-Thursday,09:48,0900 Hours,District 1 (Central),AMES,STORY,US 69,US 69/GRAND AVE & 6TH ST,Collision with:  Vehicle in traffic,On Roadway,Broadside (front to side),Ran Traffic Signal,None Indicated,,Daylight,Dry,Clear,None apparent,Intersection:  Four-way intersection,Paved,,Possible/Unknown,0,1,0,0,1,0,7000,2,3,,POINT (-93.620223989605 42.026828320378)
2014818492,W14-094022,09/18/2014,09-September,5-Thursday,19:02,1900 Hours,District 2 (Northeast),WATERLOO,BLACK HAWK,,E RIDGEWAY AVE & W 9TH ST,Collision with:  Vehicle in traffic,On Roadway,"Angle, oncoming left turn",FTYROW:  Making left turn,None Indicated,,Daylight,Dry,Clear,None apparent,Intersection:  Four-way intersection,Paved,,Property Damage Only,0,0,0,0,0,0,2500,2,2,,POINT (-92.342593497707 42.469385116026)
2014823092,201413829,09/18/2014,09-September,5-Thursday,07:48,0700 Hours,District 6 (East Central),CEDAR RAPIDS,LINN,I-380,I-380,Collision with:  Vehicle in traffic,On Roadway,Rear-end (front to rear),Followed too close,None Indicated,,Daylight,Dry,Clear,None apparent,Non-intersection:  Non-junction/no special feature,Paved,,Property Damage Only,0,0,0,0,0,0,23000,3,3,,POINT (-91.6700339658 41.942964840381)
2014817665,14-004026,09/18/2014,09-September,5-Thursday,18:50,1800 Hours,District 1 (Central),ANKENY,POLK,,NW 9TH ST & NW MAPLE ST,Collision with:  Parked motor vehicle,On Roadway,Rear-end (front to rear),Lost Control,None Indicated,,Daylight,Dry,Clear,None apparent,Non-intersection:  Non-junction/no special feature,Paved,,Possible/Unknown,0,1,0,0,1,0,5000,2,1,,POINT (-93.609158613867 41.73748118255)
2014817368,2014-65878,09/18/2014,09-September,5-Thursday,08:54,0800 Hours,District 6 (East Central),DAVENPORT,SCOTT,,E 53RD ST,Collision with:  Vehicle in traffic,On Roadway,Rear-end (front to rear),Improper or erratic lane changing,None Indicated,,Daylight,Dry,Clear,None apparent,Non-intersection:  Non-junction/no special feature,Paved,,Property Damage Only,0,0,0,0,0,0,1500,2,3,,POINT (-90.53781129505 41.574832966518)
2014817318,20140027605,09/18/2014,09-September,5-Thursday,06:28,0600 Hours,District 1 (Central),DES MOINES,POLK,I-235,I-235 & KEOSAUQUA WAY,Collision with:  Vehicle in traffic,On Roadway,"Sideswipe, same direction",Made improper turn,None Indicated,,Dawn,Dry,Clear,None apparent,Intersection:  Four-way intersection,Paved,,Property Damage Only,0,0,0,0,0,0,9000,2,2,,POINT (-93.635442624953 41.595431543002)
2014817384,14-039877,09/18/2014,09-September,5-Thursday,12:49,1200 Hours,District 4 (Southwest),COUNCIL BLUFFS,POTTAWATTAMIE,,VALLEY VIEW DR & GREENVIEW DR,Collision with:  Vehicle in traffic,On Roadway,Rear-end (front to rear),Lost Control,None Indicated,,Daylight,Dry,Cloudy,None apparent,Non-intersection:  Non-junction/no special feature,Paved,,Property Damage Only,0,0,0,0,0,0,5000,2,2,,POINT (-95.816958121336 41.239630938139)
2014817389,14-4641,09/18/2014,09-September,5-Thursday,00:45,0000 Hours,District 1 (Central),WEST DES MOINES,POLK,I-35,I-35,,On Roadway,Non-collision (single vehicle),Equipment failure,None Indicated,,Dark - roadway not lighted,Dry,Clear,Work Zone (roadway-related),Non-intersection:  Non-junction/no special feature,Paved,Yes,Property Damage Only,0,0,0,0,0,0,8000,1,1,,POINT (-93.773021005574 41.522881988045)
2014817315,14-004015,09/18/2014,09-September,5-Thursday,03:00,0300 Hours,District 1 (Central),ANKENY,POLK,I-35,I-35,Collision with:  Animal,,,Animal,None Indicated,,,,,,,Paved,,Property Damage Only,0,0,0,0,0,0,4000,1,1,,POINT (-93.577325412559 41.742617414032)
2014819599,2014054126,09/18/2014,09-September,5-Thursday,17:53,1700 Hours,District 6 (East Central),,SCOTT,I-80,I-80,Collision with fixed object:  Tree,On Roadway,Non-collision (single vehicle),Equipment failure,None Indicated,,Daylight,Dry,Clear,None apparent,Non-intersection:  Non-junction/no special feature,Paved,,Property Damage Only,0,0,0,0,0,0,7000,1,1,,POINT (-90.843616839523 41.633017860638)
2014833486,14-24747,09/18/2014,09-September,5-Thursday,20:45,2000 Hours,District 1 (Central),NEWTON,JASPER,,W 4TH ST S,Collision with:  Vehicle in traffic,On Roadway,Broadside (front to side),Unknown,None Indicated,,Dark - roadway lighted,Dry,Cloudy,None apparent,Non-intersection:  Non-junction/no special feature,Paved,,Property Damage Only,0,0,0,0,0,0,2800,2,3,,POINT (-93.05793455099 41.692928826244)
2014817592,W14-093978,09/18/2014,09-September,5-Thursday,17:04,1700 Hours,District 2 (Northeast),WATERLOO,BLACK HAWK,US 63,US 63/LOGAN AVE,Collision with:  Vehicle in traffic,On Roadway,Rear-end (front to rear),Other (explain in narrative):  Other,None Indicated,,Daylight,Dry,Clear,None apparent,Intersection:  Four-way intersection,Paved,,Possible/Unknown,0,1,0,0,1,0,7000,2,3,,POINT (-92.337731413932 42.517475308987)
2014818334,14012533,09/18/2014,09-September,5-Thursday,11:33,1100 Hours,District 4 (Southwest),MALVERN,MILLS,,E 4TH ST & MARION AVE,Collision with:  Vehicle in traffic,On Roadway,Broadside (front to side),FTYROW:  From yield sign,None Indicated,,Daylight,Dry,Clear,None apparent,Intersection:  Four-way intersection,Paved,,Possible/Unknown,0,1,0,0,1,0,5500,2,3,,POINT (-95.582406097526 41.002338125265)
2014821360,14-004274,09/18/2014,09-September,5-Thursday,01:15,0100 Hours,District 3 (Northwest),,LYON,,Co Rd K42/GARFIELD AVE,,,,Swerving/Evasive Action,None Indicated,,,,,,,Paved,,Property Damage Only,0,0,0,0,0,0,3000,1,1,,POINT (-96.236307248158 43.261576744346)
2014817604,091814A,09/18/2014,09-September,5-Thursday,00:15,0000 Hours,District 4 (Southwest),,FREMONT,,Co Rd J18/PLUM CREEK RD,Non-collision events:  Overturn/rollover,Roadside,Non-collision (single vehicle),Crossed centerline (undivided),None Indicated,,Dark - roadway not lighted,Dry,Clear,None apparent,Non-intersection:  Non-junction/no special feature,Paved,,Possible/Unknown,0,1,0,0,0,1,6000,1,1,,POINT (-95.722442516364 40.832476798907)
2014817928,2014054119,09/18/2014,09-September,5-Thursday,16:39,1600 Hours,District 6 (East Central),,IOWA,I-80,I-80,Collision with:  Vehicle in traffic,On Roadway,Rear-end (front to rear),Other (explain in narrative):  Other,None Indicated,,Daylight,Dry,Clear,Work Zone (roadway-related),Interchange-related:  On-ramp merge area,Paved,Yes,Property Damage Only,0,0,0,0,0,0,9000,2,3,,POINT (-92.295382160725 41.695854364409)
2014817523,CL14003308,09/18/2014,09-September,5-Thursday,01:00,0100 Hours,District 6 (East Central),CLINTON,CLINTON,,BREEZY POINT DR,Collision with fixed object:  Curb/island/raised median,On Roadway,Non-collision (single vehicle),Swerving/Evasive Action,None Indicated,,Dark - roadway not lighted,Dry,Cloudy,None apparent,Non-intersection:  Non-junction/no special feature,Paved,,Minor Injury,0,1,0,1,0,0,500,1,1,,POINT (-90.190220047109 41.856712544544)
2014818281,14016323,09/18/2014,09-September,5-Thursday,08:18,0800 Hours,District 2 (Northeast),MASON CITY,CERRO GORDO,,3RD ST SE & S ILLINOIS AVE,Collision with:  Vehicle in traffic,On Roadway,"Angle, oncoming left turn",FTYROW:  Making left turn,None Indicated,,Daylight,Dry,Clear,None apparent,Intersection:  Four-way intersection,Paved,,Property Damage Only,0,0,0,0,0,0,3000,2,2,,POINT (-93.171145319677 43.149086240752)
2014817606,14-7006,09/18/2014,09-September,5-Thursday,12:39,1200 Hours,District 3 (Northwest),,IDA,US 59,US 59,Non-collision events:  Overturn/rollover,On Roadway,Non-collision (single vehicle),Crossed centerline (undivided),None Indicated,,Daylight,Dry,Clear,None apparent,Non-intersection:  Non-junction/no special feature,Paved,,Possible/Unknown,0,1,0,0,1,0,4500,1,1,,POINT (-95.49925172185 42.350036173552)
2014818138,2014054019,09/18/2014,09-September,5-Thursday,07:56,0700 Hours,District 2 (Northeast),,WINNESHIEK,IA 150,IA 150/IOWA 150,Collision with:  Animal,On Roadway,Non-collision (single vehicle),Animal,None Indicated,,Daylight,Dry,Clear,None apparent,Non-intersection:  Non-junction/no special feature,Paved,,Property Damage Only,0,0,0,0,0,0,3500,1,1,,POINT (-91.857593465096 43.093354205049)
2014817745,14-30805,09/18/2014,09-September,5-Thursday,07:45,0700 Hours,District 3 (Northwest),SIOUX CITY,WOODBURY,I-29,I-29,Collision with:  Vehicle in traffic,On Roadway,"Sideswipe, same direction",FTYROW:  Other (explain in narrative),None Indicated,,Daylight,Dry,Clear,None apparent,Interchange-related:  On-ramp merge area,Paved,,Property Damage Only,0,0,0,0,0,0,1500,2,2,,POINT (-96.461694796365 42.493479973726)
2014817432,,09/18/2014,09-September,5-Thursday,07:16,0700 Hours,District 3 (Northwest),MANNING,CARROLL,,11TH ST & CENTER ST,Collision with:  Parked motor vehicle,On Roadway,"Sideswipe, same direction",Driver Distraction:  Passenger,None Indicated,,Dawn,Dry,"Fog, smoke, smog",None apparent,Intersection:  Four-way intersection,Paved,,Property Damage Only,0,0,0,0,0,0,15500,2,2,,POINT (-95.063728161874 41.901668014111)
2014817455,091814A,09/18/2014,09-September,5-Thursday,19:42,1900 Hours,District 4 (Southwest),,FREMONT,I-29,I-29,Collision with:  Vehicle in traffic,On Roadway,"Sideswipe, same direction",Crossed centerline (undivided),None Indicated,,Dusk,Dry,Clear,None apparent,Non-intersection:  Non-junction/no special feature,Paved,,Property Damage Only,0,0,0,0,0,0,24000,2,3,,POINT (-95.760351681798 40.66356642527)
2014818444,2014-65932,09/18/2014,09-September,5-Thursday,13:30,1300 Hours,District 6 (East Central),DAVENPORT,SCOTT,,IA 461/WELCOME WAY & W 50TH ST & E 50TH ST,Collision with:  Vehicle in traffic,On Roadway,"Sideswipe, same direction",Made improper turn,None Indicated,,Daylight,Dry,Clear,None apparent,Intersection:  Four-way intersection,Paved,,Property Damage Only,0,0,0,0,0,0,6500,2,7,,POINT (-90.571626343616 41.570878241062)
2014850900,14007549,09/18/2014,09-September,5-Thursday,04:00,0400 Hours,District 5 (Southeast),,LOUISA,IA 92,IA 92/IOWA 92,Collision with:  Vehicle in traffic,On Roadway,Rear-end (front to rear),Followed too close,None Indicated,,Dark - roadway not lighted,Dry,"Fog, smoke, smog",Unknown,Non-intersection:  Non-junction/no special feature,Paved,,Minor Injury,0,1,0,1,0,0,10000,2,2,,POINT (-91.383361550507 41.281028910681)
2014818226,14-012610,09/18/2014,09-September,5-Thursday,09:32,0900 Hours,District 2 (Northeast),,FAYETTE,,QUARTZ RD,Collision with:  Animal,On Roadway,Non-collision (single vehicle),Animal,None Indicated,,Daylight,"Mud, dirt",Clear,None apparent,Non-intersection:  Non-junction/no special feature,Unpaved,,Property Damage Only,0,0,0,0,0,0,2000,1,1,,POINT (-91.938742627144 42.979106744229)
2014817480,20140027708,09/18/2014,09-September,5-Thursday,22:13,2200 Hours,District 1 (Central),DES MOINES,POLK,IA 28,IA 28/63RD ST & GRAND AVE,Collision with:  Vehicle in traffic,On Roadway,"Sideswipe, same direction",Crossed centerline (undivided),Refused,,Dark - roadway lighted,Dry,Clear,None apparent,Intersection:  Four-way intersection,Paved,,Property Damage Only,0,0,0,0,0,0,4000,2,2,,POINT (-93.703422244254 41.582695800847)