Iowa DOT Case Number,Law Enforcement Case Number,Date of Crash,Month of Crash,Day of Week,Time of Crash,Hour,DOT District,City Name,County Name,Route with System,Location Description,First Harmful Event,Location of First Harmful Event,Manner of Crash/Collision,Major Cause,Drug or Alcohol ,Environmental Conditions,Light Conditions,Surface Conditions,Weather Conditions,Roadway Contribution,Roadway Type,Roadway Surface,Work Zone,Crash Severity,Number of Fatalities,Number of Injuries,Number of Major Injuries,Number of Minor Injuries,Number of Possible Injuries,Number of Unknown Injuries,Amount of Property Damage,Number of Vehicles Involved,Total Number of Occupants,Travel Direction,Location
2014817537,14-029069,09/18/2014,09-September,5-Thursday,22:28,2200 Hours,District 5 (Southeast),MONTROSE,LEE,,Co Rd J72/300 ST,Non-collision events:  Other non-collision (explain in narrative),Unknown,Non-collision (single vehicle),Crossed centerline (undivided),None Indicated,,Dark - roadway not lighted,Dry,Clear,None apparent,Non-intersection:  Non-junction/no special feature,Paved,,Property Damage Only,0,0,0,0,0,0,3500,1,2,,POINT (-91.527366808959 40.524311117797)
2014819130,2014-037908,09/18/2014,09-September,5-Thursday,21:02,2100 Hours,District 6 (East Central),DUBUQUE,DUBUQUE,,LORAS BLVD & GRANDVIEW AVE N,Collision with:  Vehicle in traffic,On Roadway,Broadside (front to side),Ran Traffic Signal,None Indicated,,Dark - roadway lighted,Dry,Clear,None apparent,Intersection:  Four-way intersection,Paved,,Minor Injury,0,2,0,1,1,0,9000,3,4,,POINT (-90.688702088615 42.50032682115)
2014818050,CL14003311,09/18/2014,09-September,5-Thursday,16:40,1600 Hours,District 6 (East Central),CLINTON,CLINTON,US 67,US 67/N 2ND ST & 22ND AVE N,Collision with:  Vehicle in traffic,On Roadway,Rear-end (front to rear),Followed too close,None Indicated,,Daylight,Dry,Clear,None apparent,Non-intersection:  Non-junction/no special feature,Paved,,Possible/Unknown,0,1,0,0,1,0,8400,3,3,,POINT (-90.180724865538 41.870204325682)
2014817891,2014-65958,09/18/2014,09-September,5-Thursday,14:52,1400 Hours,District 6 (East Central),DAVENPORT,SCOTT,US 6,US 6/E KIMBERLY RD,Collision with:  Vehicle in traffic,On Roadway,Rear-end (front to rear),Followed too close,None Indicated,,Daylight,Dry,Clear,None apparent,Non-intersection:  Non-junction/no special feature,Paved,,Property Damage Only,0,0,0,0,0,0,6000,2,3,,POINT (-90.550699254583 41.556888543245)
2014817477,14-004016,09/18/2014,09-September,5-Thursday,07:30,0700 Hours,District 1 (Central),ANKENY,POLK,,SW 3RD ST & SW SHARMIN DR,Collision with:  Vehicle in traffic,On Roadway,Rear-end (front to rear),Other (explain in narrative):  Other,None Indicated,,Daylight,Dry,"Fog, smoke, smog",None apparent,Intersection:  T-intersection,Paved,,Major Injury,0,2,1,1,0,0,4100,3,8,,POINT (-93.624752282147 41.729705455753)
2014818942,14-19225,09/18/2014,09-September,5-Thursday,08:22,0800 Hours,District 6 (East Central),,SCOTT,US 61,US 61,Collision with:  Vehicle in traffic,On Roadway,"Sideswipe, same direction",FTYROW:  Other (explain in narrative),None Indicated,,Daylight,Dry,Cloudy,None apparent,Interchange-related:  On-ramp merge area,Paved,,Property Damage Only,0,0,0,0,0,0,4500,2,3,,POINT (-90.56638995614 41.691649771213)
2014817904,14093806,09/18/2014,09-September,5-Thursday,07:50,0700 Hours,District 2 (Northeast),CEDAR FALLS,BLACK HAWK,,GREENHILL RD & ROWND ST,Collision with:  Vehicle in traffic,On Roadway,"Angle, oncoming left turn",FTYROW:  Making left turn,None Indicated,,Daylight,Dry,Clear,None apparent,Intersection:  Four-way intersection,Paved,,Major Injury,0,6,2,4,0,0,20550,2,6,,POINT (-92.421141964087 42.498150190006)
2014817400,14-039823,09/18/2014,09-September,5-Thursday,07:52,0700 Hours,District 4 (Southwest),COUNCIL BLUFFS,POTTAWATTAMIE,,BENNETT AVE,Collision with:  Vehicle in traffic,On Roadway,Rear-end (front to rear),Lost Control,None Indicated,,Daylight,Dry,Cloudy,None apparent,Non-intersection:  Non-junction/no special feature,Paved,,Property Damage Only,0,0,0,0,0,0,3000,2,4,,POINT (-95.819813130577 41.253574973923)
2014817499,14-001288,09/18/2014,09-September,5-Thursday,16:24,1600 Hours,District 1 (Central),AMES,STORY,,CHRISTENSEN DR,Collision with:  Vehicle in traffic,On Roadway,Rear-end (front to rear),Improper Backing,None Indicated,,Daylight,Dry,Clear,None apparent,Intersection:  Y-intersection,Paved,,Property Damage Only,0,0,0,0,0,0,2000,2,1,,POINT (-93.634715798842 42.007006669127)
2014817413,14-4644,09/18/2014,09-September,5-Thursday,08:15,0800 Hours,District 4 (Southwest),WEST DES MOINES,DALLAS,,JORDAN CREEK PKWY,Collision with:  Vehicle in traffic,On Roadway,Rear-end (front to rear),Driving too fast for conditions,None Indicated,,Daylight,Dry,"Fog, smoke, smog",None apparent,Non-intersection:  Other non-intersection (explain in narrative),Paved,,Possible/Unknown,0,1,0,0,1,0,6000,2,2,,POINT (-93.808991430713 41.592278661632)
2014818053,14005860,09/18/2014,09-September,5-Thursday,19:50,1900 Hours,District 2 (Northeast),,CERRO GORDO,US 18,US 18,Collision with:  Animal,,,Animal,None Indicated,,,,,,,Paved,,Property Damage Only,0,0,0,0,0,0,6000,1,1,,POINT (-93.153895676498 43.111884558824)
2014853280,,09/18/2014,09-September,5-Thursday,13:57,1300 Hours,District 6 (East Central),WALCOTT,SCOTT,,Co Rd Y40/60 AVE,Collision with:  Vehicle in traffic,On Roadway,"Sideswipe, opposite direction",Crossed centerline (undivided),None Indicated,,Daylight,,,None apparent,Non-intersection:  Other non-intersection (explain in narrative),Paved,,Property Damage Only,0,0,0,0,0,0,9000,2,2,,POINT (-90.783098962874 41.61693344185)
2014817481,20140027709,09/18/2014,09-September,5-Thursday,22:49,2200 Hours,District 1 (Central),DES MOINES,POLK,,LAUREL HILL RD & SE 36TH ST,Collision with fixed object:  Ditch,Shoulder,Non-collision (single vehicle),Driving too fast for conditions,Refused,,Dark - roadway not lighted,Dry,Clear,None apparent,Intersection:  T-intersection,Unpaved,,Possible/Unknown,0,1,0,0,1,0,2000,1,1,,POINT (-93.544566798443 41.585935875813)
2014817324,20140027635,09/18/2014,09-September,5-Thursday,11:44,1100 Hours,District 1 (Central),DES MOINES,POLK,,HICKMAN RD & 30TH ST,Collision with:  Vehicle in traffic,On Roadway,Rear-end (front to rear),Lost Control,Alcohol (Statutory),,Daylight,Dry,Clear,None apparent,Intersection:  Four-way intersection,Paved,,Property Damage Only,0,0,0,0,0,0,1500,2,3,,POINT (-93.658547540243 41.61500030029)
2014817319,20140027606,09/18/2014,09-September,5-Thursday,06:46,0600 Hours,District 1 (Central),DES MOINES,POLK,,INGERSOLL AVE & 17TH ST,Collision with:  Vehicle in traffic,On Roadway,"Angle, oncoming left turn",FTYROW:  Making left turn,None Indicated,,Daylight,Dry,Clear,None apparent,Intersection:  Four-way intersection,Paved,,Property Damage Only,0,0,0,0,0,0,10000,2,2,,POINT (-93.640026663034 41.585759355388)
2014817889,2014-65862,09/18/2014,09-September,5-Thursday,07:41,0700 Hours,District 6 (East Central),DAVENPORT,SCOTT,,MAIN ST,Collision with:  Vehicle in traffic,On Roadway,Broadside (front to side),FTYROW:  Other (explain in narrative),None Indicated,,Daylight,Dry,Clear,None apparent,Non-intersection:  Alley,Paved,,Property Damage Only,0,0,0,0,0,0,3500,2,2,,POINT (-90.575566742412 41.522912312366)
2014817571,14000450,09/18/2014,09-September,5-Thursday,20:17,2000 Hours,District 5 (Southeast),ALBIA,MONROE,,13TH AVE W & S C ST,Collision with:  Vehicle in traffic,On Roadway,"Sideswipe, same direction",FTYROW:  From driveway,None Indicated,,Dusk,Dry,Clear,None apparent,Non-intersection:  Driveway access (within),Paved,,Property Damage Only,0,0,0,0,0,0,3000,2,2,,POINT (-92.811932727995 41.015682482412)
2014817663,14-004023,09/18/2014,09-September,5-Thursday,16:06,1600 Hours,District 1 (Central),ANKENY,POLK,I-35,I-35 & CORPORATE WOODS DR,Collision with:  Vehicle in traffic,On Roadway,Broadside (front to side),Ran Stop Sign,None Indicated,,Daylight,Dry,Clear,None apparent,Interchange-related:  Off-ramp,Paved,,Property Damage Only,0,0,0,0,0,0,2000,2,3,,POINT (-93.574735515426 41.680067295519)
2014817882,2014-4600,09/18/2014,09-September,5-Thursday,19:52,1900 Hours,District 4 (Southwest),WAUKEE,DALLAS,,NORTHVIEW DR & ASHWORTH DR & WARRIOR LN,Collision with:  Vehicle in traffic,On Roadway,Rear-end (front to rear),Followed too close,None Indicated,,Dark - roadway lighted,Dry,Clear,None apparent,Intersection:  Five points or more,Paved,,Property Damage Only,0,0,0,0,0,0,3500,2,4,,POINT (-93.872231440637 41.60720951712)
2014817746,14-30871,09/18/2014,09-September,5-Thursday,16:35,1600 Hours,District 3 (Northwest),SIOUX CITY,WOODBURY,,SERGEANT RD & S LAKEPORT ST,Collision with:  Vehicle in traffic,On Roadway,"Angle, oncoming left turn",FTYROW:  Making left turn,None Indicated,,Daylight,Dry,Clear,None apparent,Intersection:  Four-way intersection,Paved,,Minor Injury,0,1,0,1,0,0,15000,2,3,,POINT (-96.346442249789 42.447337096361)
2014817488,20140027680,09/18/2014,09-September,5-Thursday,17:50,1700 Hours,District 1 (Central),DES MOINES,POLK,US 6,US 6/E EUCLID AVE & E 29TH ST,Collision with:  Vehicle in traffic,On Roadway,"Angle, oncoming left turn",FTYROW:  Making left turn,None Indicated,,Daylight,Dry,Clear,None apparent,Intersection:  Four-way intersection,Paved,,Minor Injury,0,2,0,2,0,0,10500,2,3,,POINT (-93.561232456108 41.62765830811)
2014817323,20140027630,09/18/2014,09-September,5-Thursday,11:30,1100 Hours,District 1 (Central),DES MOINES,POLK,,19TH ST,Collision with:  Vehicle in traffic,On Roadway,Rear-end (front to rear),Driver Distraction:  Manual operation of an electronic communication device,None Indicated,,Daylight,Dry,Clear,None apparent,Non-intersection:  Non-junction/no special feature,Paved,,Minor Injury,0,1,0,1,0,0,2000,2,2,,POINT (-93.642519973734 41.600066960589)
2014817512,SO14002200,09/18/2014,09-September,5-Thursday,07:36,0700 Hours,District 3 (Northwest),,PLYMOUTH,,Co Rd K22/K22,Collision with:  Animal,Shoulder,Non-collision (single vehicle),Animal,None Indicated,,Daylight,Dry,Clear,None apparent,Non-intersection:  Non-junction/no special feature,Paved,,Minor Injury,0,1,0,1,0,0,3500,1,2,,POINT (-96.370918779151 42.857325325613)
2014817520,S14-003714,09/18/2014,09-September,5-Thursday,18:00,1800 Hours,District 4 (Southwest),CARSON,POTTAWATTAMIE,,BROADWAY BLVD & S MILDRED ST & N MILDRED ST,Collision with:  Vehicle in traffic,On Roadway,Broadside (front to side),FTYROW:  From stop sign,None Indicated,,Daylight,Dry,Clear,None apparent,Intersection:  Four-way intersection,Paved,,Property Damage Only,0,0,0,0,0,0,5000,2,2,,POINT (-95.418106291987 41.236427981089)
2014818153,,09/18/2014,09-September,5-Thursday,17:45,1700 Hours,District 1 (Central),,POLK,,Co Rd R6F/NW 66TH AVE & NW TONI DR,Collision with:  Vehicle in traffic,On Roadway,Rear-end (front to rear),Unknown,None Indicated,,Daylight,Dry,Clear,,Intersection:  T-intersection,Paved,,Property Damage Only,0,0,0,0,0,0,1800,2,2,,POINT (-93.66339539266 41.680436395388)
2014820269,2014-66039,09/18/2014,09-September,5-Thursday,22:57,2200 Hours,District 6 (East Central),DAVENPORT,SCOTT,,IA 461/HARRISON ST & W 14TH ST,Collision with:  Non-motorist (see non-motorist section - NOT a unit),On Roadway,Non-collision (single vehicle),FTYROW:  To pedestrian,None Indicated,,Dark - roadway lighted,Dry,Clear,None apparent,Non-intersection:  Non-junction/no special feature,Paved,,Minor Injury,0,1,0,1,0,0,0,1,1,,POINT (-90.57722387479 41.534061180026)
2014820600,2014-65970,09/18/2014,09-September,5-Thursday,15:46,1500 Hours,District 6 (East Central),DAVENPORT,SCOTT,,E LOCUST ST,Collision with:  Vehicle in traffic,On Roadway,Rear-end (front to rear),Followed too close,None Indicated,,Daylight,Dry,Clear,Work Zone (roadway-related),Non-intersection:  Non-junction/no special feature,Paved,Yes,Property Damage Only,0,0,0,0,0,0,3500,2,2,,POINT (-90.538882873771 41.538398197111)
2014817786,14-39708,09/18/2014,09-September,5-Thursday,16:44,1600 Hours,District 5 (Southeast),MUSCATINE,MUSCATINE,,GRANDVIEW AVE,Collision with:  Vehicle in traffic,On Roadway,Rear-end (front to rear),Followed too close,None Indicated,,Daylight,Dry,Clear,None apparent,Intersection:  T-intersection,Paved,,Property Damage Only,0,0,0,0,0,0,5000,2,2,,POINT (-91.060041649867 41.411688073929)
2014817726,14-004364,09/18/2014,09-September,5-Thursday,07:43,0700 Hours,District 1 (Central),AMES,STORY,,DUFF AVE,Collision with:  Vehicle in traffic,On Roadway,Rear-end (front to rear),Driving too fast for conditions,None Indicated,,Daylight,Dry,Clear,None apparent,Non-intersection:  Non-junction/no special feature,Paved,,Possible/Unknown,0,1,0,0,1,0,18500,3,3,,POINT (-93.619929340664 42.051201639411)
2014817893,2014-65984,09/18/2014,09-September,5-Thursday,16:39,1600 Hours,District 6 (East Central),DAVENPORT,SCOTT,,W LOMBARD ST & FAIRMOUNT ST,Collision with:  Vehicle in traffic,On Roadway,"Sideswipe, opposite direction",FTYROW:  From driveway,None Indicated,,Daylight,Dry,Clear,None apparent,Non-intersection:  Driveway access (within),Paved,,Property Damage Only,0,0,0,0,0,0,2000,2,3,,POINT (-90.629801995866 41.54177723422)
2014817487,20140027678,09/18/2014,09-September,5-Thursday,16:25,1600 Hours,District 1 (Central),DES MOINES,POLK,,56TH ST,Collision with:  Vehicle in traffic,On Roadway,"Sideswipe, same direction",Other (explain in narrative):  Other,None Indicated,,Daylight,Dry,Clear,None apparent,Non-intersection:  Non-junction/no special feature,Paved,,Property Damage Only,0,0,0,0,0,0,2000,2,3,,POINT (-93.693778324691 41.59626525035)
2014817955,2014054111,09/18/2014,09-September,5-Thursday,15:35,1500 Hours,District 4 (Southwest),,MILLS,I-29,I-29,Collision with:  Vehicle in traffic,On Roadway,"Sideswipe, same direction",Traveling wrong way or on wrong side of road,None Indicated,,Daylight,Dry,Clear,None apparent,Interchange-related:  Off-ramp,Paved,,Property Damage Only,0,0,0,0,0,0,9200,2,2,,POINT (-95.820450791327 41.148787157812)
2014817486,20140027677,09/18/2014,09-September,5-Thursday,17:00,1700 Hours,District 1 (Central),DES MOINES,POLK,I-235,I-235 & 6TH AVE,Collision with:  Vehicle in traffic,On Roadway,Rear-end (front to rear),Driver Distraction:  Manual operation of an electronic communication device,None Indicated,,Daylight,Dry,Cloudy,None apparent,Non-intersection:  Non-junction/no special feature,Paved,,Property Damage Only,0,0,0,0,0,0,6000,2,3,,POINT (-93.625712091784 41.595493920395)
2014850981,14007550,09/18/2014,09-September,5-Thursday,05:50,0500 Hours,District 5 (Southeast),,LOUISA,,Co Rd G44X/180TH ST & Co Rd X61/COUNTY RD X 61,Collision with fixed object:  Ditch,On Roadway,Non-collision (single vehicle),Ran Stop Sign,None Indicated,,Dark - roadway lighted,Dry,"Fog, smoke, smog",None apparent,Intersection:  T-intersection,Paved,,Property Damage Only,0,0,0,0,0,0,6800,1,1,,POINT (-91.109262548952 41.320041519286)
2014817502,14-039910,09/18/2014,09-September,5-Thursday,16:22,1600 Hours,District 4 (Southwest),COUNCIL BLUFFS,POTTAWATTAMIE,,AVE I & N 25TH ST,Collision with:  Vehicle in traffic,On Roadway,Rear-end (front to rear),Improper Backing,None Indicated,,Daylight,Dry,Clear,None apparent,Intersection:  Four-way intersection,Paved,,Property Damage Only,0,0,0,0,0,0,2600,2,2,,POINT (-95.881778492311 41.26990803424)
2014817609,PD1408237,09/18/2014,09-September,5-Thursday,12:39,1200 Hours,District 5 (Southeast),FAIRFIELD,JEFFERSON,,S 5TH ST,Collision with:  Parked motor vehicle,On Roadway,Rear-end (front to rear),Separation of units,None Indicated,,Daylight,Dry,Clear,None apparent,Non-intersection:  Non-junction/no special feature,Paved,,Property Damage Only,0,0,0,0,0,0,1750,2,1,,POINT (-91.96926272608 41.006290775821)
2014817709,14-2072,09/18/2014,09-September,5-Thursday,17:44,1700 Hours,District 1 (Central),URBANDALE,POLK,,100TH ST & PLUM DR,Collision with:  Vehicle in traffic,On Roadway,"Angle, oncoming left turn",Made improper turn,None Indicated,,Daylight,Dry,Clear,None apparent,Intersection:  Four-way intersection,Paved,,Minor Injury,0,1,0,1,0,0,5500,2,2,,POINT (-93.755949694194 41.649042569411)
2014817494,20140027653,09/18/2014,09-September,5-Thursday,14:31,1400 Hours,District 1 (Central),DES MOINES,POLK,,E BROADWAY AVE & E 50TH ST,Collision with:  Vehicle in traffic,On Roadway,Broadside (front to side),Crossed centerline (undivided),None Indicated,,Daylight,Dry,Cloudy,None apparent,Non-intersection:  Crossover-related,Paved,,Possible/Unknown,0,1,0,0,1,0,12000,2,3,,POINT (-93.514568481201 41.644161672579)
2014818241,02638,09/18/2014,09-September,5-Thursday,12:00,1200 Hours,District 6 (East Central),DYERSVILLE,DUBUQUE,,3RD AVE SW,Collision with:  Parked motor vehicle,Shoulder,Rear-end (front to rear),Unknown,None Indicated,,Daylight,Dry,Clear,None apparent,Non-intersection:  Non-junction/no special feature,Paved,,Property Damage Only,0,0,0,0,0,0,2500,2,1,,POINT (-91.126585084869 42.482758213327)
2014818642,W14-093959,09/18/2014,09-September,5-Thursday,16:19,1600 Hours,District 2 (Northeast),WATERLOO,BLACK HAWK,I-380,I-380 & E SAN MARNAN DR,Collision with:  Vehicle in traffic,On Roadway,Rear-end (front to rear),Followed too close,None Indicated,,Daylight,Dry,Clear,None apparent,Intersection:  Four-way intersection,Paved,,Possible/Unknown,0,1,0,0,1,0,6000,2,2,,POINT (-92.319419362126 42.468340257982)
2014817590,W14-093987,09/18/2014,09-September,5-Thursday,17:32,1700 Hours,District 2 (Northeast),WATERLOO,BLACK HAWK,,FALLS AVE & THORNDALE AVE,Collision with:  Vehicle in traffic,On Roadway,Rear-end (front to rear),Followed too close,None Indicated,,Daylight,Dry,Clear,None apparent,Non-intersection:  Non-junction/no special feature,Paved,,Minor Injury,0,3,0,3,0,0,10000,3,5,,POINT (-92.380561469779 42.499946339585)
2014817448,W14-093834,09/18/2014,09-September,5-Thursday,09:35,0900 Hours,District 2 (Northeast),WATERLOO,BLACK HAWK,,LA PORTE RD & SOVIA DR,Collision with:  Vehicle in traffic,On Roadway,Rear-end (front to rear),Followed too close,None Indicated,,Daylight,Dry,Clear,None apparent,Intersection:  T-intersection,Paved,,Possible/Unknown,0,1,0,0,1,0,3000,2,3,,POINT (-92.322594733954 42.469421762165)
2014819054,14-30818,09/18/2014,09-September,5-Thursday,10:05,1000 Hours,District 3 (Northwest),SIOUX CITY,WOODBURY,,W 8TH ST & SIOUX ST,Collision with:  Vehicle in traffic,On Roadway,"Sideswipe, same direction",FTYROW:  From parked position,None Indicated,,Daylight,Dry,Clear,None apparent,Intersection:  T-intersection,Paved,,Property Damage Only,0,0,0,0,0,0,4500,2,2,,POINT (-96.412720530999 42.501730859631)
2014817807,14008473,09/18/2014,09-September,5-Thursday,19:11,1900 Hours,District 6 (East Central),,BUCHANAN,US 20,US 20,Collision with fixed object:  Ditch,Roadside,Non-collision (single vehicle),Ran off road - straight,None Indicated,,Daylight,Dry,Clear,None apparent,Non-intersection:  Non-junction/no special feature,Paved,,Property Damage Only,0,0,0,0,0,0,10000,1,1,,POINT (-92.00803390682 42.450226972794)
2014817511,14-039899,09/18/2014,09-September,5-Thursday,16:05,1600 Hours,District 4 (Southwest),COUNCIL BLUFFS,POTTAWATTAMIE,,AVE I,Collision with:  Vehicle in traffic,On Roadway,Unknown,Unknown,None Indicated,,Daylight,Dry,Clear,None apparent,Non-intersection:  Non-junction/no special feature,Paved,,Property Damage Only,0,0,0,0,0,0,1500,2,3,,POINT (-95.886824697279 41.270375925053)
2014819635,,09/18/2014,09-September,5-Thursday,18:15,1800 Hours,District 2 (Northeast),SHELL ROCK,BUTLER,IA 3,IA 3/IOWA 3 & N PUBLIC RD,Collision with:  Vehicle in traffic,On Roadway,Broadside (front to side),FTYROW:  From stop sign,None Indicated,,Daylight,Dry,Cloudy,None apparent,Intersection:  Four-way intersection,Paved,,Major Injury,0,5,1,1,3,0,23000,3,9,,POINT (-92.574539455338 42.7158234025)
2014818100,201400046084,09/18/2014,09-September,5-Thursday,15:11,1500 Hours,District 5 (Southeast),OTTUMWA,WAPELLO,,W 2ND ST & N CLAY ST,Collision with:  Vehicle in traffic,On Roadway,Rear-end (front to rear),Followed too close,None Indicated,,Daylight,Dry,Clear,None apparent,Intersection:  Four-way intersection,Paved,,Minor Injury,0,1,0,1,0,0,8100,3,3,,POINT (-92.42334338044 41.027031857698)
2014819784,2014054130,09/18/2014,09-September,5-Thursday,06:45,0600 Hours,District 1 (Central),,STORY,I-35,I-35,Collision with:  Animal,On Roadway,Non-collision (single vehicle),Animal,None Indicated,,Dawn,Dry,"Fog, smoke, smog",None apparent,Non-intersection:  Non-junction/no special feature,Paved,,Property Damage Only,0,0,0,0,0,0,2300,1,4,,POINT (-93.570301843713 42.160833356235)
2014817569,14-2912,09/18/2014,09-September,5-Thursday,20:45,2000 Hours,District 1 (Central),FORT DODGE,WEBSTER,,E KENYON RD,Collision with:  Vehicle in traffic,On Roadway,"Sideswipe, same direction",Driver Distraction:  Reaching for object(s)/fallen object(s),None Indicated,,Dark - roadway lighted,Dry,Clear,None apparent,Non-intersection:  Non-junction/no special feature,Paved,,Property Damage Only,0,0,0,0,0,0,1500,2,5,,POINT (-94.18455531193 42.4999652249)
2014818509,14002050,09/18/2014,09-September,5-Thursday,18:35,1800 Hours,District 6 (East Central),IOWA CITY,JOHNSON,,GRAND AVE & BYINGTON RD,Collision with:  Non-motorist (see non-motorist section - NOT a unit),On Roadway,Non-collision (single vehicle),FTYROW:  To pedestrian,None Indicated,,Daylight,Dry,Clear,None apparent,Intersection:  Four-way intersection,Paved,,Possible/Unknown,0,1,0,0,1,0,400,1,1,,POINT (-91.543673504014 41.658370274672)
2014836680,2014-66009,09/18/2014,09-September,5-Thursday,19:42,1900 Hours,District 6 (East Central),DAVENPORT,SCOTT,,E 12TH ST,Collision with:  Vehicle in traffic,On Roadway,Rear-end (front to rear),Followed too close,None Indicated,,Dark - roadway lighted,Dry,Clear,None apparent,Non-intersection:  Non-junction/no special feature,Paved,,Property Damage Only,0,0,0,0,0,0,2000,2,3,,POINT (-90.573405079699 41.532008212137)
2014818280,14016319,09/18/2014,09-September,5-Thursday,05:15,0500 Hours,District 2 (Northeast),MASON CITY,CERRO GORDO,IA 122,IA 122/4TH ST SE & YORKTOWN PIKE,Collision with:  Animal,On Roadway,Non-collision (single vehicle),Animal,None Indicated,,Dark - roadway lighted,Dry,Clear,None apparent,Non-intersection:  Non-junction/no special feature,Paved,,Property Damage Only,0,0,0,0,0,0,5000,1,1,,POINT (-93.146816471214 43.148039462923)
2014817892,2014-65980,09/18/2014,09-September,5-Thursday,16:51,1600 Hours,District 6 (East Central),DAVENPORT,SCOTT,,E LOCUST ST,Collision with:  Vehicle in traffic,On Roadway,Broadside (front to side),FTYROW:  Making left turn,None Indicated,,Daylight,Dry,Clear,None apparent,Non-intersection:  Alley,Paved,,Possible/Unknown,0,1,0,0,1,0,2000,2,6,,POINT (-90.555895223351 41.538328941256)
2014817497,14-2068,09/18/2014,09-September,5-Thursday,00:59,0000 Hours,District 1 (Central),URBANDALE,POLK,,70TH ST,Collision with:  Vehicle in traffic,Outside trafficway,Head-on (front to front),"Operating vehicle in an reckless, erratic, careless, negligent manner",None Indicated,,Dark - roadway lighted,Dry,Clear,None apparent,Non-intersection:  Non-junction/no special feature,Paved,,Property Damage Only,0,0,0,0,0,0,1500,2,1,,POINT (-93.712242284667 41.627668518691)
2014817591,W14-094100,09/18/2014,09-September,5-Thursday,21:55,2100 Hours,District 2 (Northeast),WATERLOO,BLACK HAWK,,SUMNER ST & LINN ST,Collision with:  Vehicle in traffic,On Roadway,Broadside (front to side),Ran Stop Sign,Alcohol (Statutory),,Dark - roadway lighted,Dry,Clear,None apparent,Intersection:  Four-way intersection,Paved,,Property Damage Only,0,0,0,0,0,0,10500,2,2,,POINT (-92.331182120342 42.508323398169)
2014844654,ACSO-14-2724,09/18/2014,09-September,5-Thursday,13:56,1300 Hours,District 2 (Northeast),,ALLAMAKEE,IA 76,IA 76/IOWA 76,Collision with:  Vehicle in traffic,On Roadway,Rear-end (front to rear),Followed too close,None Indicated,,Daylight,Dry,Clear,None apparent,Intersection:  T-intersection,Paved,,Possible/Unknown,0,1,0,0,1,0,8500,2,2,,POINT (-91.372698623745 43.189714561551)
2014817800,C14003004,09/19/2014,09-September,6-Friday,15:48,1500 Hours,District 6 (East Central),CORALVILLE,JOHNSON,,1ST AVE,Collision with:  Vehicle in traffic,On Roadway,Rear-end (front to rear),Other (explain in narrative):  Other,None Indicated,,Daylight,Dry,Clear,None apparent,Non-intersection:  Non-junction/no special feature,Paved,,Property Damage Only,0,0,0,0,0,0,2300,2,3,,POINT (-91.565917896975 41.67887040883)
2014817868,147022,09/19/2014,09-September,6-Friday,16:00,1600 Hours,District 4 (Southwest),,DALLAS,,OLD PORTLAND RD & 338TH LN,Non-collision events:  Overturn/rollover,On Roadway,Non-collision (single vehicle),Ran off road - right,None Indicated,,Daylight,"Mud, dirt",Clear,None apparent,Non-intersection:  Non-junction/no special feature,Unpaved,,Property Damage Only,0,0,0,0,0,0,2500,1,1,,POINT (-93.978396076257 41.550231284241)
2014824859,2014-1483,09/19/2014,09-September,6-Friday,21:55,2100 Hours,District 1 (Central),CHURDAN,GREENE,,130TH,Collision with fixed object:  Ditch,On Roadway,Non-collision (single vehicle),Swerving/Evasive Action,Alcohol (Statutory),,Dark - roadway not lighted,Dry,Clear,None apparent,Non-intersection:  Non-junction/no special feature,Unpaved,,Property Damage Only,0,0,0,0,0,0,6000,1,1,,POINT (-94.390848290984 42.166014009275)
2014821344,PD1408258,09/19/2014,09-September,6-Friday,03:02,0300 Hours,District 5 (Southeast),FAIRFIELD,JEFFERSON,,W WASHINGTON AVE,Collision with:  Parked motor vehicle,On Roadway,Rear-end (front to rear),Unknown,None Indicated,,Dark - roadway lighted,Dry,Clear,None apparent,Non-intersection:  Non-junction/no special feature,Paved,,Property Damage Only,0,0,0,0,0,0,3322,2,2,,POINT (-91.97364760398 41.005717359888)
2014817799,14-040105,09/19/2014,09-September,6-Friday,20:24,2000 Hours,District 4 (Southwest),COUNCIL BLUFFS,POTTAWATTAMIE,I-29,I-29,Non-collision events:  Other non-collision (explain in narrative),On Roadway,Non-collision (single vehicle),Lost Control,None Indicated,,Dark - unknown roadway lighting,Dry,Clear,None apparent,Non-intersection:  Non-junction/no special feature,Paved,,Property Damage Only,0,0,0,0,0,0,1500,1,1,,POINT (-95.894596482043 41.233110584172)
2014820601,2014-66183,09/19/2014,09-September,6-Friday,07:20,0700 Hours,District 6 (East Central),DAVENPORT,SCOTT,,W CENTRAL PARK AVE & WASHINGTON ST,Collision with:  Vehicle in traffic,On Roadway,Rear-end (front to rear),Other (explain in narrative):  Other,None Indicated,,Daylight,Dry,Clear,None apparent,Intersection:  Four-way intersection,Paved,,Property Damage Only,0,0,0,0,0,0,3000,2,5,,POINT (-90.596097812813 41.545508373857)
2014817730,14-004383,09/19/2014,09-September,6-Friday,08:50,0800 Hours,District 1 (Central),AMES,STORY,US 30,US 30/NE RAMP CURV,Collision with:  Vehicle in traffic,On Roadway,Rear-end (front to rear),Followed too close,None Indicated,,Daylight,Dry,Clear,None apparent,Intersection:  Intersection with ramp,Paved,,Property Damage Only,0,0,0,0,0,0,11000,2,2,,POINT (-93.607580759048 42.005703440566)