Iowa DOT Case Number,Law Enforcement Case Number,Date of Crash,Month of Crash,Day of Week,Time of Crash,Hour,DOT District,City Name,County Name,Route with System,Location Description,First Harmful Event,Location of First Harmful Event,Manner of Crash/Collision,Major Cause,Drug or Alcohol ,Environmental Conditions,Light Conditions,Surface Conditions,Weather Conditions,Roadway Contribution,Roadway Type,Roadway Surface,Work Zone,Crash Severity,Number of Fatalities,Number of Injuries,Number of Major Injuries,Number of Minor Injuries,Number of Possible Injuries,Number of Unknown Injuries,Amount of Property Damage,Number of Vehicles Involved,Total Number of Occupants,Travel Direction,Location
2014817636,14019786,09/19/2014,09-September,6-Friday,16:54,1600 Hours,District 6 (East Central),MARION,LINN,,BOYSON RD,Collision with:  Vehicle in traffic,On Roadway,Rear-end (front to rear),Other (explain in narrative):  Other,None Indicated,,Daylight,Dry,Clear,None apparent,Non-intersection:  Non-junction/no special feature,Paved,,Major Injury,0,3,1,1,1,0,18500,5,7,,POINT (-91.619264852887 42.043750478177)
2014818703,14092049,09/19/2014,09-September,6-Friday,15:20,1500 Hours,District 4 (Southwest),CLARINDA,PAGE,IA 2,IA 2/IOWA 2,Unknown,On Roadway,Non-collision (single vehicle),Swerving/Evasive Action,None Indicated,,Daylight,Dry,Clear,None apparent,Non-intersection:  Non-junction/no special feature,Paved,,Property Damage Only,0,0,0,0,0,0,5000,1,1,,POINT (-95.038358591237 40.725806583134)
2014817753,14-31031,09/19/2014,09-September,6-Friday,19:48,1900 Hours,District 3 (Northwest),SIOUX CITY,WOODBURY,,OUTER DR N,Collision with:  Animal,,,Animal,None Indicated,,,,,,,Paved,,Property Damage Only,0,0,0,0,0,0,2500,1,2,,POINT (-96.353761505511 42.52582253996)
2014817932,2014054299,09/19/2014,09-September,6-Friday,14:58,1400 Hours,District 3 (Northwest),SPIRIT LAKE,DICKINSON,US 71,US 71/18TH ST & ERIE AVE,Collision with:  Vehicle in traffic,On Roadway,Broadside (front to side),FTYROW:  From stop sign,None Indicated,,Daylight,Dry,Clear,None apparent,Intersection:  Four-way intersection,Paved,,Property Damage Only,0,0,0,0,0,0,15000,2,3,,POINT (-95.097357513467 43.422617944418)
2014817705,20140027837,09/19/2014,09-September,6-Friday,23:48,2300 Hours,District 1 (Central),DES MOINES,POLK,,SE 6TH ST & INDIANOLA AVE & SE 5TH ST,Collision with:  Vehicle in traffic,On Roadway,"Angle, oncoming left turn",FTYROW:  Making left turn,None Indicated,,Dark - roadway lighted,Dry,Clear,None apparent,Intersection:  Four-way intersection,Paved,,Minor Injury,0,2,0,2,0,0,10000,2,5,,POINT (-93.605739108534 41.560112241227)
2014818101,201400046191,09/19/2014,09-September,6-Friday,08:24,0800 Hours,District 5 (Southeast),OTTUMWA,WAPELLO,,E MAIN ST,Collision with fixed object:  Guardrail - face,Outside trafficway,Non-collision (single vehicle),Made improper turn,None Indicated,,Daylight,Dry,Clear,None apparent,Non-intersection:  Non-junction/no special feature,Paved,,Property Damage Only,0,0,0,0,0,0,1500,1,1,,POINT (-92.408039419401 41.01450502423)
2014817964,142-14,09/19/2014,09-September,6-Friday,11:31,1100 Hours,District 3 (Northwest),ROCK VALLEY,SIOUX,,11TH ST & 18TH AVE,Collision with:  Vehicle in traffic,On Roadway,"Angle, oncoming left turn",FTYROW:  From yield sign,None Indicated,,Daylight,Dry,Clear,None apparent,Intersection:  T-intersection,Paved,,Property Damage Only,0,0,0,0,0,0,2250,2,4,,POINT (-96.291326823381 43.201444584852)
2014817816,14-2920,09/19/2014,09-September,6-Friday,11:30,1100 Hours,District 1 (Central),FORT DODGE,WEBSTER,,1ST AVE S & S 29TH ST,Collision with:  Vehicle in traffic,On Roadway,Rear-end (front to rear),Other (explain in narrative):  Other,None Indicated,,Daylight,Dry,Clear,None apparent,Intersection:  Four-way intersection,Paved,,Property Damage Only,0,0,0,0,0,0,4500,2,2,,POINT (-94.15829231345 42.505258884515)
2014817490,20140027742,09/19/2014,09-September,6-Friday,10:27,1000 Hours,District 1 (Central),DES MOINES,POLK,US 69,US 69/SE 14TH ST & E EDISON AVE,Collision with:  Vehicle in traffic,On Roadway,"Sideswipe, same direction",Improper or erratic lane changing,None Indicated,,Daylight,Dry,Clear,None apparent,Non-intersection:  Non-junction/no special feature,Paved,,Property Damage Only,0,0,0,0,0,0,5500,2,2,,POINT (-93.596935535408 41.571714634726)
2014817817,2014010478,09/19/2014,09-September,6-Friday,17:07,1700 Hours,District 6 (East Central),IOWA CITY,JOHNSON,,LAKESIDE DR,Collision with:  Vehicle in traffic,On Roadway,Broadside (front to side),Ran Traffic Signal,None Indicated,,Daylight,Dry,Clear,None apparent,Intersection:  Four-way intersection,Paved,,Property Damage Only,0,0,0,0,0,0,4000,3,4,,POINT (-91.49828674603 41.634593477071)
2014817857,14-18305,09/19/2014,09-September,6-Friday,13:33,1300 Hours,District 6 (East Central),BETTENDORF,SCOTT,,TANGLEFOOT LN,Collision with:  Vehicle in traffic,On Roadway,Rear-end (front to rear),Lost Control,None Indicated,,Daylight,Dry,Clear,None apparent,Non-intersection:  Non-junction/no special feature,Paved,,Property Damage Only,0,0,0,0,0,0,6000,2,2,,POINT (-90.50784172017 41.560407233389)
2014817737,2014-20402,09/19/2014,09-September,6-Friday,16:37,1600 Hours,District 5 (Southeast),INDIANOLA,WARREN,US 65,US 65/N JEFFERSON WAY & E ASHLAND AVE,Collision with:  Vehicle in traffic,On Roadway,"Angle, oncoming left turn",FTYROW:  Making left turn,None Indicated,,Daylight,Dry,Clear,None apparent,Intersection:  Four-way intersection,Paved,,Minor Injury,0,1,0,1,0,0,5500,2,2,,POINT (-93.558304293145 41.361305442234)
2014818636,,09/19/2014,09-September,6-Friday,10:50,1000 Hours,District 2 (Northeast),ELKADER,CLAYTON,,DAVIDSON ST NW,Collision with:  Parked motor vehicle,On Roadway,Rear-end (front to rear),Unknown,None Indicated,,Daylight,Dry,Clear,,Non-intersection:  Other non-intersection (explain in narrative),Paved,,Property Damage Only,0,0,0,0,0,0,1500,2,1,,POINT (-91.412098283622 42.858558213658)
2014817790,2014010477,09/19/2014,09-September,6-Friday,16:46,1600 Hours,District 6 (East Central),IOWA CITY,JOHNSON,,N DUBUQUE ST,Collision with:  Vehicle in traffic,On Roadway,Broadside (front to side),FTYROW:  Other (explain in narrative),None Indicated,,Daylight,Dry,Cloudy,None apparent,Non-intersection:  Alley,Paved,,Property Damage Only,0,0,0,0,0,0,7000,2,4,,POINT (-91.533027553345 41.668637778188)
2014817835,201404385,09/19/2014,09-September,6-Friday,22:11,2200 Hours,District 1 (Central),,BOONE,,Co Rd R18/L AVE,Collision with fixed object:  Other fixed object (explain in narrative),Shoulder,Non-collision (single vehicle),Ran off road - right,None Indicated,,Dark - roadway lighted,Dry,Cloudy,None apparent,Non-intersection:  Non-junction/no special feature,Paved,,Property Damage Only,0,0,0,0,0,0,5200,1,1,,POINT (-93.950608029658 41.912705751235)
2014835408,2014-001435,09/19/2014,09-September,6-Friday,21:02,2100 Hours,District 6 (East Central),BELLE PLAINE,BENTON,IA 21,IA 21/11 AVE,Collision with:  Animal,,Non-collision (single vehicle),Animal,None Indicated,,,,,,,Paved,,Property Damage Only,0,0,0,0,0,0,9000,1,1,,POINT (-92.278040610191 41.881433371678)
2014818480,14-022142,09/19/2014,09-September,6-Friday,20:19,2000 Hours,District 2 (Northeast),MANLY,WORTH,IA 9,IA 9/W SOUTH ST,Collision with:  Vehicle in traffic,On Roadway,"Angle, oncoming left turn",FTYROW:  Making left turn,None Indicated,,Dark - roadway lighted,Dry,Cloudy,None apparent,Non-intersection:  Driveway access (within),Paved,,Property Damage Only,0,0,0,0,0,0,6000,2,5,,POINT (-93.210521670182 43.284127755918)
2014817643,14-023322,09/19/2014,09-September,6-Friday,20:20,2000 Hours,District 5 (Southeast),,MARION,,JESUP DR,Non-collision events:  Overturn/rollover,Roadside,Non-collision (single vehicle),Ran off road - right,Alcohol (Statutory),,Dark - roadway not lighted,Dry,Clear,None apparent,Non-intersection:  Non-junction/no special feature,Unpaved,,Property Damage Only,0,0,0,0,0,0,8500,1,1,,POINT (-92.89471342614 41.355612575419)
2014817798,147023,09/19/2014,09-September,6-Friday,17:50,1700 Hours,District 4 (Southwest),,DALLAS,,150TH ST,Non-collision events:  Overturn/rollover,Outside trafficway,Non-collision (single vehicle),Swerving/Evasive Action,None Indicated,,Daylight,Dry,Clear,None apparent,Non-intersection:  Non-junction/no special feature,Unpaved,,Property Damage Only,0,0,0,0,0,0,4000,1,1,,POINT (-94.096064934686 41.820342658105)
2014829870,032-089-14,09/19/2014,09-September,6-Friday,17:03,1700 Hours,District 3 (Northwest),ESTHERVILLE,EMMET,,S 17TH ST,Collision with:  Vehicle in traffic,On Roadway,"Angle, oncoming left turn",Driver Distraction:  Manual operation of an electronic communication device,None Indicated,,Daylight,Dry,Clear,None apparent,Non-intersection:  Non-junction/no special feature,Paved,,Property Damage Only,0,0,0,0,0,0,4200,2,6,,POINT (-94.821746982944 43.401311366644)
2014817639,14019789,09/19/2014,09-September,6-Friday,17:27,1700 Hours,District 6 (East Central),MARION,LINN,,6TH ST,Collision with:  Vehicle in traffic,On Roadway,Broadside (front to side),FTYROW:  Making left turn,None Indicated,,Daylight,Dry,Clear,None apparent,Intersection:  Four-way intersection,Paved,,Minor Injury,0,1,0,1,0,0,9000,3,3,,POINT (-91.603957107021 42.038188499571)
2014817635,14019806,09/19/2014,09-September,6-Friday,22:35,2200 Hours,District 6 (East Central),MARION,LINN,,BLAIRS FERRY RD & MARION BLVD,Collision with fixed object:  Utility pole/light support,On Roadway,Non-collision (single vehicle),Ran off road - right,Under Influence of Alcohol/Drugs/Medications,,Dark - roadway lighted,Dry,Clear,None apparent,Intersection:  Four-way intersection,Paved,,Property Damage Only,0,0,0,0,0,0,3000,1,2,,POINT (-91.612871062614 42.03051511925)
2014817750,14-31001,09/19/2014,09-September,6-Friday,16:04,1600 Hours,District 3 (Northwest),SIOUX CITY,WOODBURY,I-29,I-29,Collision with:  Vehicle in traffic,On Roadway,Rear-end (front to rear),Driving too fast for conditions,None Indicated,,Daylight,Dry,Clear,Work Zone (roadway-related),Non-intersection:  Non-junction/no special feature,Paved,Yes,Property Damage Only,0,0,0,0,0,0,6500,2,4,,POINT (-96.402281906175 42.488768978188)
2014818520,A14-062,09/19/2014,09-September,6-Friday,19:11,1900 Hours,District 4 (Southwest),WINTERSET,MADISON,,W JEFFERSON ST,Collision with:  Parked motor vehicle,On Roadway,Broadside (front to side),Improper Backing,None Indicated,,Daylight,Dry,Cloudy,None apparent,Non-intersection:  Non-junction/no special feature,Paved,,Property Damage Only,0,0,0,0,0,0,3098,2,2,,POINT (-94.029121656182 41.335458297215)
2014817493,20140027764,09/19/2014,09-September,6-Friday,12:21,1200 Hours,District 1 (Central),DES MOINES,POLK,US 6,US 6/DOUGLAS AVE & 40TH ST,Collision with:  Vehicle in traffic,On Roadway,"Sideswipe, same direction",Unknown,None Indicated,,Daylight,Dry,Clear,None apparent,Intersection:  Four-way intersection,Paved,,Property Damage Only,0,0,0,0,0,0,8000,2,2,,POINT (-93.672020956909 41.629504965219)
2014817808,14008480,09/19/2014,09-September,6-Friday,00:09,0000 Hours,District 6 (East Central),,BUCHANAN,US 20,US 20,Collision with:  Animal,,,Animal,None Indicated,,,,,,,Paved,,Property Damage Only,0,0,0,0,0,0,2000,1,1,,POINT (-91.993550711753 42.450217784781)
2014818317,201413967,09/20/2014,09-September,7-Saturday,16:35,1600 Hours,District 6 (East Central),CEDAR RAPIDS,LINN,,A AVE NE & 7TH ST NE,Collision with:  Vehicle in traffic,On Roadway,"Sideswipe, same direction",Other (explain in narrative):  Other,None Indicated,,Daylight,Dry,Cloudy,None apparent,Intersection:  Four-way intersection,Paved,,Property Damage Only,0,0,0,0,0,0,4000,2,6,,POINT (-91.664087305042 41.982785414243)
2014852948,,09/20/2014,09-September,7-Saturday,19:30,1900 Hours,District 6 (East Central),WALCOTT,SCOTT,,WALKER ST & 60TH AVE,Collision with:  Vehicle in traffic,On Roadway,"Sideswipe, same direction",FTYROW:  Other (explain in narrative),None Indicated,,Dusk,Dry,Clear,None apparent,Non-intersection:  Driveway access (within),Paved,,Property Damage Only,0,0,0,0,0,0,2200,2,3,,POINT (-90.783044038103 41.61888678587)
2014818478,2014054481,09/20/2014,09-September,7-Saturday,22:10,2200 Hours,District 5 (Southeast),,WARREN,I-35,I-35 & Co Rd G50/HWY G50,Collision with:  Vehicle in traffic,On Roadway,"Angle, oncoming left turn",FTYROW:  From stop sign,None Indicated,,Dark - roadway lighted,Dry,Clear,None apparent,Intersection:  T-intersection,Paved,,Property Damage Only,0,0,0,0,0,0,14000,2,6,,POINT (-93.780756639504 41.293453938706)
2014817902,14003356,09/20/2014,09-September,7-Saturday,15:48,1500 Hours,District 5 (Southeast),,KEOKUK,IA 21,IA 21/IOWA 21,Non-collision events:  Overturn/rollover,On Roadway,Non-collision (single vehicle),Swerving/Evasive Action,None Indicated,,Daylight,Dry,Clear,None apparent,Non-intersection:  Non-junction/no special feature,Paved,,Minor Injury,0,1,0,1,0,0,10000,1,1,,POINT (-92.344464442148 41.277291635074)
2014818055,14005898,09/20/2014,09-September,7-Saturday,21:34,2100 Hours,District 2 (Northeast),MASON CITY,CERRO GORDO,US 18,US 18,Collision with:  Animal,,,Animal,None Indicated,,,,,,,Paved,,Property Damage Only,0,0,0,0,0,0,1500,1,1,,POINT (-93.272450468754 43.105396280637)
2014817820,14-040257,09/20/2014,09-September,7-Saturday,17:31,1700 Hours,District 4 (Southwest),COUNCIL BLUFFS,POTTAWATTAMIE,I-29,I-29,Collision with:  Vehicle in traffic,On Roadway,"Sideswipe, same direction",Other (explain in narrative):  Other,None Indicated,,Daylight,Dry,Clear,None apparent,Non-intersection:  Non-junction/no special feature,Paved,,Property Damage Only,0,0,0,0,0,0,3000,2,2,,POINT (-95.894575818703 41.233993726492)
2014817837,14008202,09/20/2014,09-September,7-Saturday,10:09,1000 Hours,District 6 (East Central),,DELAWARE,,Co Rd C64/150TH ST & 190TH AVE,Collision with fixed object:  Ditch,On Roadway,Non-collision (single vehicle),Swerving/Evasive Action,None Indicated,,Daylight,Dry,Cloudy,None apparent,Intersection:  Four-way intersection,Paved,,Property Damage Only,0,0,0,0,0,0,4500,1,2,,POINT (-91.430027685659 42.572411104742)
2014817934,2014054460,09/20/2014,09-September,7-Saturday,15:40,1500 Hours,District 6 (East Central),,JOHNSON,I-380,I-380,Collision with:  Vehicle in traffic,On Roadway,Rear-end (front to rear),Followed too close,Refused,,Daylight,Dry,Cloudy,None apparent,Non-intersection:  Non-junction/no special feature,Paved,,Property Damage Only,0,0,0,0,0,0,8000,2,3,,POINT (-91.667760013677 41.849882666113)
2014817839,2014010510,09/20/2014,09-September,7-Saturday,11:10,1100 Hours,District 6 (East Central),IOWA CITY,JOHNSON,,PLAEN VIEW DR,Collision with:  Parked motor vehicle,On Roadway,Head-on (front to front),Improper Backing,None Indicated,,Daylight,Dry,Cloudy,None apparent,Non-intersection:  Driveway access (within),Paved,,Property Damage Only,0,0,0,0,0,0,4500,2,1,,POINT (-91.571952627059 41.642287600106)
2014817897,2014-66510,09/20/2014,09-September,7-Saturday,10:00,1000 Hours,District 6 (East Central),DAVENPORT,SCOTT,I-74,I-74 & E 53RD ST,Collision with:  Vehicle in traffic,On Roadway,Rear-end (front to rear),Followed too close,None Indicated,,Daylight,Dry,Cloudy,None apparent,Non-intersection:  Non-junction/no special feature,Paved,,Property Damage Only,0,0,0,0,0,0,1500,2,2,,POINT (-90.520251225371 41.574860648392)
2014817700,20140027885,09/20/2014,09-September,7-Saturday,12:47,1200 Hours,District 1 (Central),DES MOINES,POLK,,E GRAND AVE & E 17TH ST,Collision with:  Vehicle in traffic,On Roadway,"Sideswipe, same direction",Made improper turn,None Indicated,,Daylight,Dry,Clear,None apparent,Intersection:  Four-way intersection,Paved,,Property Damage Only,0,0,0,0,0,0,11000,2,3,,POINT (-93.589927444737 41.595079623386)
2014817687,20140027876,09/20/2014,09-September,7-Saturday,11:15,1100 Hours,District 1 (Central),DES MOINES,POLK,,W MLK JR PKWY & SW 2ND ST,Collision with:  Vehicle in traffic,On Roadway,Rear-end (front to rear),"Operating vehicle in an reckless, erratic, careless, negligent manner",None Indicated,,Daylight,Dry,Cloudy,None apparent,Intersection:  Four-way intersection,Paved,,Possible/Unknown,0,1,0,0,1,0,1500,2,3,,POINT (-93.618038765856 41.582285759964)
2014817698,20140027883,09/20/2014,09-September,7-Saturday,11:53,1100 Hours,District 1 (Central),DES MOINES,POLK,,EASTON BLVD & E 29TH ST,Collision with:  Vehicle in traffic,On Roadway,Broadside (front to side),Ran Traffic Signal,None Indicated,,Daylight,Dry,Cloudy,None apparent,Intersection:  Four-way intersection,Paved,,Property Damage Only,0,0,0,0,0,0,3800,2,4,,POINT (-93.561118779519 41.610392030295)
2014817588,W14-094723,09/20/2014,09-September,7-Saturday,16:00,1600 Hours,District 2 (Northeast),WATERLOO,BLACK HAWK,,LOGAN AVE,Collision with:  Parked motor vehicle,On Roadway,"Sideswipe, same direction",Swerving/Evasive Action,Alcohol (Statutory),,Daylight,Dry,Clear,None apparent,Intersection:  Four-way intersection,Paved,,Property Damage Only,0,0,0,0,0,0,10100,2,3,,POINT (-92.337756311684 42.508199472804)
2014820270,2014-66579,09/20/2014,09-September,7-Saturday,17:43,1700 Hours,District 6 (East Central),DAVENPORT,SCOTT,,IA 461/WELCOME WAY,Collision with:  Vehicle in traffic,On Roadway,"Sideswipe, same direction",FTYROW:  Other (explain in narrative),None Indicated,,Daylight,Dry,Cloudy,None apparent,Non-intersection:  Non-junction/no special feature,Paved,,Property Damage Only,0,0,0,0,0,0,5000,2,3,,POINT (-90.571657936534 41.571635442882)
2014817661,14-004065,09/20/2014,09-September,7-Saturday,17:15,1700 Hours,District 1 (Central),ANKENY,POLK,I-35,I-35 & IA 160/SE ORALABOR RD & NE 78TH AVE,Collision with:  Vehicle in traffic,On Roadway,Broadside (front to side),Ran Traffic Signal,None Indicated,,Daylight,Dry,Clear,None apparent,Intersection:  Four-way intersection,Paved,,Property Damage Only,0,0,0,0,0,0,6500,2,3,,POINT (-93.574265520642 41.702875622816)
2014820356,145021,09/20/2014,09-September,7-Saturday,00:30,0000 Hours,District 1 (Central),IOWA FALLS,HARDIN,,OHIO AVE,Collision with:  Vehicle in traffic,On Roadway,Rear-end (front to rear),Lost Control,None Indicated,,Dark - roadway lighted,Dry,Clear,None apparent,Non-intersection:  Non-junction/no special feature,Paved,,Property Damage Only,0,0,0,0,0,0,4000,2,1,,POINT (-93.280938999363 42.520872743736)
2014817655,14-6187,09/20/2014,09-September,7-Saturday,11:28,1100 Hours,District 1 (Central),,POLK,,NE 27TH AVE,Collision with:  Vehicle in traffic,On Roadway,Rear-end (front to rear),Other (explain in narrative):  Other,None Indicated,,Daylight,Dry,Cloudy,None apparent,Non-intersection:  Non-junction/no special feature,Paved,,Property Damage Only,0,0,0,0,0,0,9000,2,3,,POINT (-93.49700897353 41.618658470448)
2014817626,201413947,09/20/2014,09-September,7-Saturday,05:56,0500 Hours,District 6 (East Central),CEDAR RAPIDS,LINN,I-380,I-380,Collision with fixed object:  Curb/island/raised median,On Roadway,Non-collision (single vehicle),Lost Control,None Indicated,,Dark - roadway lighted,Wet,Rain,None apparent,Non-intersection:  Non-junction/no special feature,Paved,,Possible/Unknown,0,1,0,0,1,0,50000,1,1,,POINT (-91.668601692989 41.980478181392)
2014817625,201413993,09/20/2014,09-September,7-Saturday,23:21,2300 Hours,District 6 (East Central),CEDAR RAPIDS,LINN,,3RD AVE SW & L ST SW,Collision with:  Vehicle in traffic,On Roadway,Broadside (front to side),FTYROW:  Other (explain in narrative),None Indicated,,Dark - roadway lighted,Dry,Clear,None apparent,Intersection:  Other intersection (explain in narrative),Paved,,Property Damage Only,0,0,0,0,0,0,7000,2,4,,POINT (-91.675946328409 41.973213878771)
2014817819,14-040254,09/20/2014,09-September,7-Saturday,17:32,1700 Hours,District 4 (Southwest),COUNCIL BLUFFS,POTTAWATTAMIE,IA 192,IA 192/S 7TH ST & WILLOW AVE,Collision with:  Vehicle in traffic,On Roadway,"Sideswipe, same direction",Made improper turn,None Indicated,,Daylight,Dry,Clear,None apparent,Intersection:  Four-way intersection,Paved,,Property Damage Only,0,0,0,0,0,0,2000,2,3,,POINT (-95.854382956423 41.258963868296)
2014819121,2014-012864,09/20/2014,09-September,7-Saturday,23:55,2300 Hours,District 6 (East Central),CASCADE,DUBUQUE,US 151,US 151/NW LOOP/SW LOOP,Collision with:  Animal,,,Animal,None Indicated,,,,,,,Paved,,Property Damage Only,0,0,0,0,0,0,3000,1,1,,POINT (-91.024250677243 42.30432323177)
2014818142,2014054447,09/20/2014,09-September,7-Saturday,14:21,1400 Hours,District 4 (Southwest),,DALLAS,I-80,I-80,Non-collision events:  Overturn/rollover,Shoulder,Non-collision (single vehicle),Swerving/Evasive Action,None Indicated,,Daylight,Dry,Cloudy,None apparent,Interchange-related:  Off-ramp,Paved,,Minor Injury,0,1,0,1,0,0,3500,1,1,,POINT (-94.193941840359 41.515382010195)
2014817758,14-31099,09/20/2014,09-September,7-Saturday,09:47,0900 Hours,District 3 (Northwest),SIOUX CITY,WOODBURY,,W 19TH ST,Collision with:  Vehicle in traffic,On Roadway,Broadside (front to side),FTYROW:  From stop sign,None Indicated,,Daylight,Wet,Cloudy,None apparent,Intersection:  Four-way intersection,Paved,,Property Damage Only,0,0,0,0,0,0,2200,2,3,,POINT (-96.417874099017 42.510545542645)
2014817714,14-0820,09/20/2014,09-September,7-Saturday,00:40,0000 Hours,District 1 (Central),WINDSOR HEIGHTS,POLK,,MOTT AVE & 69TH ST,Collision with:  Parked motor vehicle,Roadside,Rear-end (front to rear),Other (explain in narrative):  Other,None Indicated,,Dark - roadway lighted,Dry,Clear,None apparent,Non-intersection:  Non-junction/no special feature,Paved,,Property Damage Only,0,0,0,0,0,0,4000,2,3,,POINT (-93.712202965272 41.597908995384)
2014819135,2014-037965,09/20/2014,09-September,7-Saturday,22:29,2200 Hours,District 6 (East Central),DUBUQUE,DUBUQUE,,ALGONA ST N,Collision with:  Vehicle in traffic,On Roadway,Rear-end (front to rear),Lost Control,None Indicated,,Dark - roadway lighted,Wet,Cloudy,None apparent,Non-intersection:  Non-junction/no special feature,Paved,,Property Damage Only,0,0,0,0,0,0,5500,2,1,,POINT (-90.693014294762 42.502529979321)
2014817761,14-31178,09/20/2014,09-September,7-Saturday,20:25,2000 Hours,District 3 (Northwest),SIOUX CITY,WOODBURY,IA 12,IA 12/SIOUX RIVER RD & SAVANNA PARKWAY,Collision with:  Animal,,,Animal,None Indicated,,,,,,,Paved,,Property Damage Only,0,0,0,0,0,0,1500,1,1,,POINT (-96.476567017803 42.556483208451)
2014817653,14-6197,09/20/2014,09-September,7-Saturday,19:36,1900 Hours,District 1 (Central),,POLK,,Co Rd S27/NE 112TH ST,Collision with fixed object:  Ditch,Roadside,Non-collision (single vehicle),Exceeded authorized speed,Under Influence of Alcohol/Drugs/Medications,,Dusk,Dry,Clear,None apparent,Non-intersection:  Non-junction/no special feature,Paved,,Property Damage Only,0,0,0,0,0,0,3000,1,1,,POINT (-93.366973056712 41.600952453346)
2014821353,14-004336,09/20/2014,09-September,7-Saturday,17:45,1700 Hours,District 3 (Northwest),,LYON,,170TH ST & GRANT AVE,Collision with fixed object:  Ditch,On Roadway,Non-collision (single vehicle),Ran off road - right,None Indicated,,Daylight,Dry,Clear,None apparent,Non-intersection:  Non-junction/no special feature,Unpaved,,Property Damage Only,0,0,0,0,0,0,3400,1,1,,POINT (-96.195727271976 43.404482581779)
2014817840,2014010520,09/20/2014,09-September,7-Saturday,16:08,1600 Hours,District 6 (East Central),IOWA CITY,JOHNSON,,S SOCCER ACCESS RD,Collision with:  Vehicle in traffic,On Roadway,"Sideswipe, same direction",Other (explain in narrative):  Vision obstructed,None Indicated,,Daylight,Dry,Cloudy,None apparent,Non-intersection:  Non-junction/no special feature,Paved,,Property Damage Only,0,0,0,0,0,0,4400,2,2,,POINT (-91.509680384071 41.614782511238)
2014817989,14005565,09/20/2014,09-September,7-Saturday,12:14,1200 Hours,District 3 (Northwest),SHELDON,OBRIEN,US 18,US 18/PARK ST & WESTERN AVE,Collision with fixed object:  Other fixed object (explain in narrative),On Roadway,Non-collision (single vehicle),Other (explain in narrative):  No improper action,None Indicated,,Daylight,Dry,Clear,None apparent,Non-intersection:  Non-junction/no special feature,Paved,,Property Damage Only,0,0,0,0,0,0,2000,1,2,,POINT (-95.862011703231 43.185799871577)
2014821430,14004406,09/20/2014,09-September,7-Saturday,02:30,0200 Hours,District 1 (Central),AMES,STORY,,KNAPP ST & ASH AVE,Collision with:  Parked motor vehicle,Roadside,"Sideswipe, same direction",Other (explain in narrative):  Other,None Indicated,,Dark - roadway lighted,Dry,Clear,None apparent,Non-intersection:  Non-junction/no special feature,Paved,,Possible/Unknown,0,1,0,0,0,1,7500,2,1,,POINT (-93.644366459049 42.01916583097)
2014818416,14094694,09/20/2014,09-September,7-Saturday,14:53,1400 Hours,District 2 (Northeast),CEDAR FALLS,BLACK HAWK,,S FRONTAGE RD & VALLEY PARK DR,Collision with:  Vehicle in traffic,On Roadway,Broadside (front to side),FTYROW:  From stop sign,None Indicated,,Daylight,Dry,Clear,None apparent,Intersection:  Four-way intersection,Paved,,Property Damage Only,0,0,0,0,0,0,4700,3,4,,POINT (-92.436819462318 42.512790732844)
2014819601,2014054494,09/20/2014,09-September,7-Saturday,19:40,1900 Hours,District 6 (East Central),ANDREW,JACKSON,IA 64,IA 64/HWY 64 & 550 AVE,Collision with:  Animal,,,Animal,None Indicated,,,,,,,Paved,,Property Damage Only,0,0,0,0,0,0,3500,1,1,,POINT (-90.256949237744 42.069661686266)
2014817624,201413981,09/20/2014,09-September,7-Saturday,20:07,2000 Hours,District 6 (East Central),CEDAR RAPIDS,LINN,,PARK AVE SE & 19TH ST SE,Collision with:  Vehicle in traffic,On Roadway,"Sideswipe, same direction",Swerving/Evasive Action,None Indicated,,Dark - roadway lighted,Dry,Cloudy,None apparent,Non-intersection:  Non-junction/no special feature,Paved,,Property Damage Only,0,0,0,0,0,0,6000,2,4,,POINT (-91.642833587606 41.986597976521)
2014817901,14-003362,09/20/2014,09-September,7-Saturday,21:00,2100 Hours,District 5 (Southeast),,KEOKUK,IA 92,IA 92/IOWA 92,Collision with:  Animal,,,Animal,None Indicated,,,,,,,Paved,,Property Damage Only,0,0,0,0,0,0,3000,1,1,,POINT (-92.230619021147 41.3366681147)
2014823069,,09/20/2014,09-September,7-Saturday,01:35,0100 Hours,District 2 (Northeast),CEDAR FALLS,BLACK HAWK,,W 27TH ST,Collision with:  Vehicle in traffic,On Roadway,Rear-end (front to rear),Swerving/Evasive Action,None Indicated,,Dark - roadway lighted,Wet,Rain,None apparent,Non-intersection:  Other non-intersection (explain in narrative),Paved,,Property Damage Only,0,0,0,0,0,0,5000,2,3,,POINT (-92.466116667073 42.513138096534)
2014817853,14-33517,09/20/2014,09-September,7-Saturday,02:17,0200 Hours,District 5 (Southeast),BURLINGTON,DES MOINES,,SPRUCE ST,Collision with:  Vehicle in traffic,On Roadway,Rear-end (front to rear),Unknown,None Indicated,,Dark - roadway not lighted,Dry,Clear,None apparent,Non-intersection:  Non-junction/no special feature,Paved,,Property Damage Only,0,0,0,0,0,0,2200,2,1,,POINT (-91.111302860162 40.799902957724)