Iowa DOT Case Number,Law Enforcement Case Number,Date of Crash,Month of Crash,Day of Week,Time of Crash,Hour,DOT District,City Name,County Name,Route with System,Location Description,First Harmful Event,Location of First Harmful Event,Manner of Crash/Collision,Major Cause,Drug or Alcohol ,Environmental Conditions,Light Conditions,Surface Conditions,Weather Conditions,Roadway Contribution,Roadway Type,Roadway Surface,Work Zone,Crash Severity,Number of Fatalities,Number of Injuries,Number of Major Injuries,Number of Minor Injuries,Number of Possible Injuries,Number of Unknown Injuries,Amount of Property Damage,Number of Vehicles Involved,Total Number of Occupants,Travel Direction,Location
2014817715,14-0821,09/20/2014,09-September,7-Saturday,16:33,1600 Hours,District 1 (Central),WINDSOR HEIGHTS,POLK,US 6,US 6/HICKMAN RD & 70TH ST,Collision with:  Vehicle in traffic,On Roadway,Broadside (front to side),FTYROW:  Other (explain in narrative),None Indicated,,Daylight,Dry,Clear,Traffic control obscured,Intersection:  Four-way intersection,Paved,,Property Damage Only,0,0,0,0,0,0,5000,2,6,,POINT (-93.712844180027 41.614739484089)
2014817697,20140027878,09/20/2014,09-September,7-Saturday,11:43,1100 Hours,District 1 (Central),DES MOINES,POLK,,,Collision with:  Parked motor vehicle,On Roadway,"Angle, oncoming left turn",Made improper turn,None Indicated,,Daylight,Dry,Cloudy,None apparent,Non-intersection:  Non-junction/no special feature,,,Property Damage Only,0,0,0,0,0,0,4000,2,4,,POINT (-96.643700149993 40.233091251414)
2014817656,14-6203,09/20/2014,09-September,7-Saturday,11:21,1100 Hours,District 1 (Central),,POLK,US 65,US 65,Collision with:  Animal,,,Animal,None Indicated,,,,,,,Paved,,Property Damage Only,0,0,0,0,0,0,5000,1,1,,POINT (-93.50253860853 41.632073196187)
2014818184,14-1129,09/20/2014,09-September,7-Saturday,16:05,1600 Hours,District 1 (Central),CLIVE,POLK,,UNIVERSITY AVE,Collision with:  Vehicle in traffic,On Roadway,Rear-end (front to rear),Followed too close,None Indicated,,Daylight,Dry,Cloudy,None apparent,Non-intersection:  Non-junction/no special feature,Paved,,Property Damage Only,0,0,0,0,0,0,4600,2,4,,POINT (-93.770033818851 41.60042750129)
2014818289,14016525,09/20/2014,09-September,7-Saturday,20:11,2000 Hours,District 2 (Northeast),MASON CITY,CERRO GORDO,IA 122,IA 122/4TH ST SW & S GROVER AVE,Collision with:  Vehicle in traffic,On Roadway,Rear-end (front to rear),Improper Backing,None Indicated,,Dark - roadway lighted,Wet,Clear,None apparent,Non-intersection:  Non-junction/no special feature,Paved,,Property Damage Only,0,0,0,0,0,0,3000,2,3,,POINT (-93.233704793834 43.148363235551)
2014817756,14-31077,09/20/2014,09-September,7-Saturday,02:15,0200 Hours,District 3 (Northwest),SIOUX CITY,WOODBURY,IA 12,IA 12/GORDON DR,Non-collision events:  Other non-collision (explain in narrative),On Roadway,Non-collision (single vehicle),Traveling wrong way or on wrong side of road,None Indicated,,Dark - roadway not lighted,Wet,Clear,Work Zone (roadway-related),Non-intersection:  Non-junction/no special feature,Paved,Yes,Property Damage Only,0,0,0,0,0,0,2000,1,1,,POINT (-96.406884870075 42.489739636058)
2014818499,142871,09/20/2014,09-September,7-Saturday,07:39,0700 Hours,District 3 (Northwest),,CRAWFORD,IA 39,IA 39/IOWA 39,Non-collision events:  Overturn/rollover,On Roadway,Non-collision (single vehicle),Crossed centerline (undivided),None Indicated,,Daylight,Wet,Cloudy,None apparent,Non-intersection:  Non-junction/no special feature,Paved,,Property Damage Only,0,0,0,0,0,0,2000,1,3,,POINT (-95.325131444692 42.094871916804)
2014817596,W14-094728,09/20/2014,09-September,7-Saturday,16:46,1600 Hours,District 2 (Northeast),WATERLOO,BLACK HAWK,,KERN ST & AVON AVE,Collision with:  Vehicle in traffic,On Roadway,Broadside (front to side),FTYROW:  At uncontrolled intersection,None Indicated,,Daylight,Dry,Clear,None apparent,Intersection:  Four-way intersection,Paved,,Property Damage Only,0,0,0,0,0,0,10500,2,2,,POINT (-92.355068191066 42.514980515961)
2014819257,1400000826,09/20/2014,09-September,7-Saturday,02:19,0200 Hours,District 1 (Central),,MARSHALL,,Co Rd T31/DILLON RD,Collision with fixed object:  Ditch,Unknown,Non-collision (single vehicle),Ran off road - left,None Indicated,,Dark - roadway not lighted,Dry,Cloudy,None apparent,Non-intersection:  Non-junction/no special feature,Paved,,Property Damage Only,0,0,0,0,0,0,18000,1,1,,POINT (-92.82384896796 41.98866753252)
2014817622,201413971,09/20/2014,09-September,7-Saturday,17:00,1700 Hours,District 6 (East Central),CEDAR RAPIDS,LINN,,J AVE NE,Collision with fixed object:  Tree,Shoulder,Non-collision (single vehicle),Ran off road - right,None Indicated,,Daylight,Dry,Cloudy,None apparent,Non-intersection:  Non-junction/no special feature,Paved,,Property Damage Only,0,0,0,0,0,0,5000,1,2,,POINT (-91.662190364615 41.999587312556)
2014818460,201400003398,09/20/2014,09-September,7-Saturday,23:45,2300 Hours,District 6 (East Central),,LINN,,Co Rd E70/WRIGHT BROTHER S BLVD & LEFEBURE RD,Collision with fixed object:  Ditch,On Roadway,Non-collision (single vehicle),Ran Stop Sign,None Indicated,,Dark - roadway not lighted,Dry,Cloudy,None apparent,Intersection:  T-intersection,Paved,,Possible/Unknown,0,1,0,0,1,0,10000,1,1,,POINT (-91.773533349739 41.891041509241)
2014817669,20140027889,09/20/2014,09-September,7-Saturday,13:33,1300 Hours,District 1 (Central),DES MOINES,POLK,US 69,US 69/SE 14TH ST,Collision with:  Vehicle in traffic,On Roadway,Broadside (front to side),FTYROW:  Making left turn,None Indicated,,Daylight,Dry,Clear,None apparent,Non-intersection:  Driveway access (within),Paved,,Property Damage Only,0,0,0,0,0,0,3000,2,2,,POINT (-93.596840494594 41.554871487378)
2014821206,14-040209,09/20/2014,09-September,7-Saturday,13:15,1300 Hours,District 4 (Southwest),COUNCIL BLUFFS,POTTAWATTAMIE,I-29,I-29 & NEBRASKA AVE & RIVER RD,Collision with:  Non-motorist (see non-motorist section - NOT a unit),On Roadway,Non-collision (single vehicle),Other (explain in narrative):  No improper action,None Indicated,,Daylight,Dry,Clear,None apparent,Non-intersection:  Non-junction/no special feature,Paved,,Possible/Unknown,0,1,0,0,1,0,0,1,2,,POINT (-95.906846081757 41.241114586576)
2014817612,J14000769,09/20/2014,09-September,7-Saturday,23:16,2300 Hours,District 6 (East Central),IOWA CITY,JOHNSON,,Co Rd F44/HERBERT HOOVER HWY,Collision with fixed object:  Ditch,On Roadway,Non-collision (single vehicle),"Operating vehicle in an reckless, erratic, careless, negligent manner",Alcohol (Statutory),,Dark - roadway not lighted,Dry,Clear,None apparent,Non-intersection:  Non-junction/no special feature,Paved,,Property Damage Only,0,0,0,0,0,0,1500,1,2,,POINT (-91.454351261798 41.671020036401)
2014818472,2014054491,09/20/2014,09-September,7-Saturday,18:25,1800 Hours,District 1 (Central),,JASPER,I-80,I-80,Non-collision events:  Other non-collision (explain in narrative),On Roadway,Non-collision (single vehicle),Swerving/Evasive Action,None Indicated,,Daylight,Dry,Clear,Debris,Non-intersection:  Non-junction/no special feature,Paved,,Property Damage Only,0,0,0,0,0,0,2250,1,1,,POINT (-93.125365129894 41.681841286098)
2014818311,14-040920-01,09/20/2014,09-September,7-Saturday,06:25,0600 Hours,District 6 (East Central),,IOWA,US 151,US 151/U AVE,Collision with:  Vehicle in traffic,On Roadway,Broadside (front to side),Unknown,None Indicated,,Dark - roadway not lighted,Wet,Rain,None apparent,Non-intersection:  Non-junction/no special feature,Paved,,Minor Injury,0,1,0,1,0,0,7000,2,3,,POINT (-91.908787614808 41.765699525663)
2014817823,14-2958,09/20/2014,09-September,7-Saturday,03:30,0300 Hours,District 1 (Central),FORT DODGE,WEBSTER,,1ST AVE N & N 4TH ST,Non-collision events:  Other non-collision (explain in narrative),On Roadway,Non-collision (single vehicle),Other (explain in narrative):  Other,None Indicated,,Dark - roadway lighted,Dry,Cloudy,Work Zone (roadway-related),Non-intersection:  Non-junction/no special feature,Paved,Yes,Property Damage Only,0,0,0,0,0,0,5000,1,3,,POINT (-94.193018525881 42.505343889458)
2014817642,14-023397,09/20/2014,09-September,7-Saturday,18:40,1800 Hours,District 5 (Southeast),,MARION,,Co Rd S37/20TH PL,Non-collision events:  Overturn/rollover,Roadside,Non-collision (single vehicle),Swerving/Evasive Action,Refused,,Daylight,Dry,Clear,None apparent,Non-intersection:  Non-junction/no special feature,Unpaved,,Minor Injury,0,1,0,1,0,0,2500,1,1,,POINT (-93.309262557327 41.259988367176)
2014818918,S14-I2001,09/20/2014,09-September,7-Saturday,16:35,1600 Hours,District 5 (Southeast),,CLARKE,,KENDALL ST,Collision with:  Vehicle in traffic,On Roadway,Broadside (front to side),Driving too fast for conditions,None Indicated,,Daylight,"Mud, dirt",Clear,None apparent,Unknown,Unpaved,,Property Damage Only,0,0,0,0,0,0,9000,2,3,,POINT (-93.702742915801 41.052545565587)
2014820132,,09/20/2014,09-September,7-Saturday,20:00,2000 Hours,District 2 (Northeast),,WINNEBAGO,,200TH AVE,Non-collision events:  Other non-collision (explain in narrative),Shoulder,Non-collision (single vehicle),Swerving/Evasive Action,None Indicated,,Unknown,"Mud, dirt",Unknown,None apparent,Non-intersection:  Non-junction/no special feature,Unpaved,,Property Damage Only,0,0,0,0,0,0,3300,1,1,,POINT (-93.57653432268 43.48904354356)
2014817915,2014054385,09/20/2014,09-September,7-Saturday,05:40,0500 Hours,District 6 (East Central),IOWA CITY,JOHNSON,US 218,US 218/NW RAMP CURV,Collision with:  Animal,,,Animal,None Indicated,,,,,,,Paved,,Property Damage Only,0,0,0,0,0,0,2000,1,1,,POINT (-91.601829058211 41.659948197194)
2014819722,14005885,09/20/2014,09-September,7-Saturday,04:00,0400 Hours,District 2 (Northeast),,CERRO GORDO,,Co Rd B35/CLAYBANKS DR,Collision with fixed object:  Ditch,On Roadway,Non-collision (single vehicle),Driving too fast for conditions,None Indicated,,Unknown,"Mud, dirt",Cloudy,None apparent,Non-intersection:  Non-junction/no special feature,Unpaved,,Minor Injury,0,1,0,1,0,0,8000,1,1,,POINT (-93.072886180962 43.101960365119)
2014821807,,09/20/2014,09-September,7-Saturday,11:55,1100 Hours,District 2 (Northeast),NEW HAMPTON,CHICKASAW,,S LINN AVE & W HAMILTON ST,Collision with:  Vehicle in traffic,On Roadway,Broadside (front to side),Ran Traffic Signal,None Indicated,,Daylight,Dry,Clear,None apparent,Intersection:  Four-way intersection,Paved,,Property Damage Only,0,0,0,0,0,0,1500,2,2,,POINT (-92.317839907946 43.057456041318)
2014817958,14-005575,09/20/2014,09-September,7-Saturday,23:45,2300 Hours,District 2 (Northeast),PARKERSBURG,BUTLER,,N JOHNSON ST,Collision with:  Vehicle in traffic,On Roadway,Rear-end (front to rear),Other (explain in narrative):  Vision obstructed,None Indicated,,Dark - roadway lighted,Dry,Clear,None apparent,Non-intersection:  Non-junction/no special feature,Paved,,Possible/Unknown,0,1,0,0,0,1,3500,2,2,,POINT (-92.780875882398 42.571701261928)
2014818559,2014-20506,09/20/2014,09-September,7-Saturday,13:37,1300 Hours,District 5 (Southeast),INDIANOLA,WARREN,IA 92,IA 92/IOWA 92 & S 20TH ST,Collision with:  Vehicle in traffic,On Roadway,Rear-end (front to rear),Driving too fast for conditions,None Indicated,,Daylight,Dry,Cloudy,None apparent,Intersection:  T-intersection,Paved,,Possible/Unknown,0,1,0,0,1,0,9000,2,4,,POINT (-93.532295148795 41.357735557492)
2014829695,261401711,09/20/2014,09-September,7-Saturday,23:45,2300 Hours,District 5 (Southeast),BLOOMFIELD,DAVIS,,SCARLET AVE & 145TH ST,Collision with:  Animal,On Roadway,Non-collision (single vehicle),Animal,None Indicated,,Dark - roadway not lighted,"Mud, dirt",Clear,None apparent,Non-intersection:  Non-junction/no special feature,Unpaved,,Possible/Unknown,0,1,0,0,0,1,8000,1,2,,POINT (-92.294894450737 40.849900277218)
2014818477,2014054471,09/20/2014,09-September,7-Saturday,15:16,1500 Hours,District 5 (Southeast),,CLARKE,,KENDALL ST,Collision with:  Railway vehicle/train,On Roadway,Broadside (front to side),Equipment failure,None Indicated,,Daylight,Dry,Cloudy,None apparent,Non-intersection:  Railroad grade crossing,Unpaved,,Property Damage Only,0,0,0,0,0,0,25000,2,2,,POINT (-93.898388372246 41.048375918759)
2014817896,2014-66484,09/20/2014,09-September,7-Saturday,07:05,0700 Hours,District 6 (East Central),DAVENPORT,SCOTT,,IA 461/HARRISON ST,Collision with:  Vehicle in traffic,On Roadway,Broadside (front to side),Ran Traffic Signal,None Indicated,,Dawn,Wet,Clear,None apparent,Intersection:  Four-way intersection,Paved,,Minor Injury,0,1,0,1,0,0,3000,2,3,,POINT (-90.577232276756 41.538330396532)
2014817585,W14-094670,09/20/2014,09-September,7-Saturday,13:26,1300 Hours,District 2 (Northeast),WATERLOO,BLACK HAWK,,CROSSROADS BLVD,Collision with:  Vehicle in traffic,On Roadway,"Angle, oncoming left turn",FTYROW:  Making left turn,None Indicated,,Daylight,Dry,Clear,None apparent,Intersection:  Four-way intersection,Paved,,Property Damage Only,0,0,0,0,0,0,4000,2,4,,POINT (-92.323244302973 42.464454356467)
2014817881,2014-10232,09/20/2014,09-September,7-Saturday,22:36,2200 Hours,District 3 (Northwest),,SAC,US 71,US 71/KARR AVE,Collision with fixed object:  Culvert/pipe opening,Roadside,Non-collision (single vehicle),Crossed centerline (undivided),None Indicated,,Dark - roadway not lighted,Dry,"Blowing sand, soil, dirt",None apparent,Non-intersection:  Non-junction/no special feature,Paved,,Major Injury,0,1,1,0,0,0,15000,1,1,,POINT (-95.147794963032 42.394219771121)
2014832007,1409201928,09/20/2014,09-September,7-Saturday,19:25,1900 Hours,District 6 (East Central),,JONES,,Co Rd E45/CO RD E-45,Collision with:  Animal,,,Animal,None Indicated,,,,,,,Paved,,Property Damage Only,0,0,0,0,0,0,6000,1,1,,POINT (-91.171575846678 42.003573065027)
2014817905,CL14003334,09/20/2014,09-September,7-Saturday,14:44,1400 Hours,District 6 (East Central),CLINTON,CLINTON,,5TH AVE S,Collision with:  Vehicle in traffic,On Roadway,Rear-end (front to rear),FTYROW:  From parked position,None Indicated,,Daylight,Wet,Rain,None apparent,Non-intersection:  Non-junction/no special feature,Paved,,Property Damage Only,0,0,0,0,0,0,9000,2,7,,POINT (-90.189177657617 41.841188209317)
2014818471,2014054473,09/20/2014,09-September,7-Saturday,15:17,1500 Hours,District 1 (Central),,JASPER,I-80,I-80,Collision with:  Vehicle in traffic,On Roadway,Rear-end (front to rear),Swerving/Evasive Action,None Indicated,,Daylight,Dry,Clear,None apparent,Non-intersection:  Non-junction/no special feature,Paved,,Minor Injury,0,2,0,1,1,0,95000,2,2,,POINT (-92.946858772419 41.68015898899)
2014818304,14-14504,09/20/2014,09-September,7-Saturday,04:39,0400 Hours,District 3 (Northwest),SPENCER,CLAY,,2ND AVE SE,Collision with:  Parked motor vehicle,On Roadway,Rear-end (front to rear),Improper Backing,None Indicated,,Dark - roadway lighted,Wet,Clear,None apparent,Non-intersection:  Non-junction/no special feature,Paved,,Property Damage Only,0,0,0,0,0,0,3500,2,1,,POINT (-95.14187186551 43.128118306504)
2014825832,2014054380,09/20/2014,09-September,7-Saturday,03:30,0300 Hours,District 1 (Central),,POLK,I-80,I-80,Collision with fixed object:  Guardrail - face,,,Lost Control,None Indicated,,,,,,,Paved,,Property Damage Only,0,0,0,0,0,0,6734,1,1,,POINT (-93.460119531365 41.66881997664)
2014817672,20140027898,09/20/2014,09-September,7-Saturday,14:45,1400 Hours,District 1 (Central),DES MOINES,POLK,US 69,US 69/E 14TH ST & CLEVELAND AVE,Collision with:  Vehicle in traffic,On Roadway,Broadside (front to side),FTYROW:  Making left turn,None Indicated,,Daylight,Dry,Clear,None apparent,Intersection:  Four-way intersection,Paved,,Property Damage Only,0,0,0,0,0,0,10000,3,5,,POINT (-93.600507223615 41.60508593362)
2014818609,147414PD,09/20/2014,09-September,7-Saturday,11:23,1100 Hours,District 1 (Central),BOONE,BOONE,,W 11TH ST & DIVISION ST,Collision with:  Vehicle in traffic,On Roadway,"Sideswipe, opposite direction",Crossed centerline (undivided),None Indicated,,Daylight,Dry,Cloudy,None apparent,Intersection:  Four-way intersection,Paved,,Property Damage Only,0,0,0,0,0,0,3000,2,4,,POINT (-93.89312106186 42.066855346371)
2014818400,14-9733,09/20/2014,09-September,7-Saturday,17:41,1700 Hours,District 3 (Northwest),CARROLL,CARROLL,,4TH ST & MAIN ST,Collision with:  Vehicle in traffic,On Roadway,"Angle, oncoming left turn",FTYROW:  Making left turn,None Indicated,,Daylight,Dry,Clear,None apparent,Intersection:  Four-way intersection,Paved,,Possible/Unknown,0,1,0,0,1,0,4700,2,2,,POINT (-94.868009745811 42.063942904361)
2014818038,14094567,09/20/2014,09-September,7-Saturday,02:51,0200 Hours,District 2 (Northeast),CEDAR FALLS,BLACK HAWK,,28TH ST & COLLEGE ST,Collision with fixed object:  Curb/island/raised median,Roadside,Non-collision (single vehicle),"Operating vehicle in an reckless, erratic, careless, negligent manner",Alcohol (Statutory),,Dark - roadway lighted,Wet,Rain,None apparent,Non-intersection:  Non-junction/no special feature,Paved,,Property Damage Only,0,0,0,0,0,0,2125,1,1,,POINT (-92.455814243061 42.512207067763)
2014818025,S14-9525,09/20/2014,09-September,7-Saturday,21:56,2100 Hours,District 3 (Northwest),,WOODBURY,US 20,US 20 & CHARLES AVE,Collision with:  Vehicle in traffic,On Roadway,Broadside (front to side),Crossed centerline (undivided),None Indicated,,Dark - roadway not lighted,Dry,Clear,None apparent,Intersection:  Four-way intersection,Paved,,Minor Injury,0,2,0,1,1,0,12000,2,3,,POINT (-96.252827869879 42.475139798379)
2014818417,14094739,09/20/2014,09-September,7-Saturday,17:58,1700 Hours,District 2 (Northeast),CEDAR FALLS,BLACK HAWK,IA 934,IA 934/UNIVERSITY AVE & MIDWAY DR,Collision with:  Vehicle in traffic,On Roadway,Broadside (front to side),Ran Traffic Signal,None Indicated,,Daylight,Dry,Clear,None apparent,Intersection:  Four-way intersection,Paved,,Property Damage Only,0,0,0,0,0,0,2500,2,3,,POINT (-92.406381187171 42.505711632456)
2014818214,SO14002215,09/20/2014,09-September,7-Saturday,04:48,0400 Hours,District 3 (Northwest),KINGSLEY,PLYMOUTH,,Co Rd C60/C60,Collision with fixed object:  Guardrail - face,On Roadway,Non-collision (single vehicle),Other (explain in narrative):  No improper action,None Indicated,,Dark - roadway lighted,"Mud, dirt","Blowing sand, soil, dirt",Debris,Non-intersection:  Non-junction/no special feature,Paved,,Property Damage Only,0,0,0,0,0,0,3000,1,1,,POINT (-96.044316463299 42.633196850261)
2014821326,,09/20/2014,09-September,7-Saturday,15:31,1500 Hours,District 2 (Northeast),GARNER,HANCOCK,,W 4TH ST & ALLEN AVE,Collision with:  Vehicle in traffic,On Roadway,Broadside (front to side),FTYROW:  At uncontrolled intersection,None Indicated,,Daylight,Dry,Clear,None apparent,Intersection:  Four-way intersection,Paved,,Property Damage Only,0,0,0,0,0,0,9600,2,2,,POINT (-93.604687755629 43.101448471092)
2014818550,14-2083,09/20/2014,09-September,7-Saturday,14:00,1400 Hours,District 1 (Central),URBANDALE,POLK,,MEREDITH DR,Collision with:  Vehicle in traffic,On Roadway,"Sideswipe, same direction",FTYROW:  Other (explain in narrative),None Indicated,,Daylight,Dry,Clear,None apparent,Non-intersection:  Non-junction/no special feature,Paved,,Property Damage Only,0,0,0,0,0,0,2100,2,2,,POINT (-93.698600134522 41.643920090689)
2014817772,SO14002216,09/20/2014,09-September,7-Saturday,07:40,0700 Hours,District 3 (Northwest),,PLYMOUTH,,Co Rd C44/230TH ST,Non-collision events:  Overturn/rollover,On Roadway,Non-collision (single vehicle),Over correcting/over steering,None Indicated,,Dawn,"Mud, dirt",Rain,"Surface condition (e.g., wet, icy)",Non-intersection:  Non-junction/no special feature,Paved,,Property Damage Only,0,0,0,0,0,0,10200,1,5,,POINT (-96.180487889385 42.721474415693)
2014821729,2014-66598,09/20/2014,09-September,7-Saturday,21:09,2100 Hours,District 6 (East Central),DAVENPORT,SCOTT,,MYRTLE ST & ASH ST,Collision with:  Parked motor vehicle,Shoulder,"Sideswipe, same direction",Lost Control,None Indicated,,Dark - roadway lighted,Dry,Clear,None apparent,Non-intersection:  Non-junction/no special feature,Paved,,Property Damage Only,0,0,0,0,0,0,7000,2,1,,POINT (-90.58899570114 41.526608230993)
2014817586,W14-094675,09/20/2014,09-September,7-Saturday,13:51,1300 Hours,District 2 (Northeast),WATERLOO,BLACK HAWK,US 63,US 63/W MULLAN AVE & JEFFERSON ST,Collision with:  Vehicle in traffic,On Roadway,Rear-end (front to rear),Followed too close,None Indicated,,Daylight,Dry,Clear,None apparent,Intersection:  Four-way intersection,Paved,,Property Damage Only,0,0,0,0,0,0,10000,2,5,,POINT (-92.345994940772 42.497863070717)
2014818446,2014-66574,09/20/2014,09-September,7-Saturday,18:01,1800 Hours,District 6 (East Central),DAVENPORT,SCOTT,,W LOCUST ST,Collision with:  Vehicle in traffic,On Roadway,"Angle, oncoming left turn",FTYROW:  Making left turn,Alcohol (Statutory),,Daylight,Dry,Clear,None apparent,Non-intersection:  Driveway access (within),Paved,,Fatal,1,0,0,0,0,0,7500,2,2,,POINT (-90.619132994629 41.538179300072)
2014817792,CL14003337,09/20/2014,09-September,7-Saturday,16:40,1600 Hours,District 6 (East Central),CLINTON,CLINTON,US 67,US 67/N 2ND ST,Collision with:  Vehicle in traffic,On Roadway,Rear-end (front to rear),Followed too close,None Indicated,,Daylight,Dry,Cloudy,None apparent,Non-intersection:  Non-junction/no special feature,Paved,,Possible/Unknown,0,1,0,0,1,0,4000,2,3,,POINT (-90.186782111063 41.852701838524)
2014818183,14-004050,09/20/2014,09-September,7-Saturday,00:37,0000 Hours,District 1 (Central),ANKENY,POLK,,SE ASTER CT,Collision with:  Parked motor vehicle,On Roadway,Unknown,Illegally Parked/Unattended,None Indicated,,Dark - roadway lighted,Dry,Clear,None apparent,Non-intersection:  Non-junction/no special feature,Paved,,Property Damage Only,0,0,0,0,0,0,1500,2,1,,POINT (-93.592047254986 41.700884895097)
2014817673,20140027907,09/20/2014,09-September,7-Saturday,17:49,1700 Hours,District 1 (Central),DES MOINES,POLK,US 69,US 69/JOHNSON CT,Collision with:  Vehicle in traffic,On Roadway,Rear-end (front to rear),Followed too close,None Indicated,,Daylight,Dry,Clear,None apparent,Non-intersection:  Non-junction/no special feature,Paved,,Property Damage Only,0,0,0,0,0,0,8700,3,9,,POINT (-93.595717869153 41.589312147046)
2014818502,P14-010870,09/20/2014,09-September,7-Saturday,16:00,1600 Hours,District 1 (Central),WEBSTER CITY,HAMILTON,,WEBSTER ST & PROSPECT ST,Collision with:  Vehicle in traffic,On Roadway,Broadside (front to side),FTYROW:  At uncontrolled intersection,None Indicated,,Daylight,Dry,Clear,None apparent,Non-intersection:  Non-junction/no special feature,Paved,,Major Injury,0,2,1,1,0,0,3000,2,6,,POINT (-93.823619643624 42.460899403046)
2014817660,14-004056,09/20/2014,09-September,7-Saturday,10:04,1000 Hours,District 1 (Central),ANKENY,POLK,US 69,US 69/N ANKENY BLVD,Collision with:  Vehicle in traffic,On Roadway,"Angle, oncoming left turn",FTYROW:  Making left turn,None Indicated,,Daylight,Dry,Clear,None apparent,Non-intersection:  Crossover-related,Paved,,Property Damage Only,0,0,0,0,0,0,6500,2,3,,POINT (-93.600330656737 41.734753480719)
2014819016,14-1127,09/20/2014,09-September,7-Saturday,09:08,0900 Hours,District 1 (Central),CLIVE,POLK,,NW 92ND ST & UNIVERSITY AVE,Collision with:  Vehicle in traffic,On Roadway,Broadside (front to side),FTYROW:  Other (explain in narrative),None Indicated,,Daylight,Dry,Cloudy,None apparent,Non-intersection:  Non-junction/no special feature,Paved,,Property Damage Only,0,0,0,0,0,0,2000,2,4,,POINT (-93.745314612242 41.600464314491)
2014817732,891406195,09/20/2014,09-September,7-Saturday,09:25,0900 Hours,District 5 (Southeast),,LEE,,Co Rd W46/100 AVE,Collision with fixed object:  Ditch,On Roadway,Non-collision (single vehicle),Ran off road - right,None Indicated,,Daylight,Dry,Cloudy,None apparent,Non-intersection:  Non-junction/no special feature,Unpaved,,Possible/Unknown,0,1,0,0,1,0,10000,1,1,,POINT (-91.718478408832 40.731171503389)
2014817674,20140027919,09/20/2014,09-September,7-Saturday,20:10,2000 Hours,District 1 (Central),DES MOINES,POLK,,31ST ST,Collision with:  Vehicle in traffic,On Roadway,Rear-end (front to rear),Driver Distraction:  Manual operation of an electronic communication device,None Indicated,,Dark - roadway lighted,Dry,Cloudy,None apparent,Non-intersection:  Non-junction/no special feature,Paved,,Possible/Unknown,0,1,0,0,1,0,7300,3,5,,POINT (-93.659411433456 41.593756327638)
2014817679,20140027861,09/20/2014,09-September,7-Saturday,07:54,0700 Hours,District 1 (Central),DES MOINES,POLK,US 69,US 69/SE 14TH ST & E PARK AVE,Collision with:  Vehicle in traffic,On Roadway,Rear-end (front to rear),Driving too fast for conditions,None Indicated,,Daylight,Wet,Cloudy,None apparent,Non-intersection:  Non-junction/no special feature,Paved,,Property Damage Only,0,0,0,0,0,0,5000,2,2,,POINT (-93.596856296814 41.555285741232)
2014818780,14-1092,09/20/2014,09-September,7-Saturday,19:00,1900 Hours,District 1 (Central),PLEASANT HILL,POLK,,FAIRVIEW DR,Collision with:  Parked motor vehicle,On Roadway,Unknown,Unknown,None Indicated,,Unknown,Unknown,Unknown,None apparent,Non-intersection:  Non-junction/no special feature,Paved,,Property Damage Only,0,0,0,0,0,0,1500,2,2,,POINT (-93.5188655579 41.590026942487)
2014821800,ACC14-021,09/20/2014,09-September,7-Saturday,08:12,0800 Hours,District 2 (Northeast),CRESCO,HOWARD,IA 9,IA 9/2ND AVE SW & 2ND ST SW,Collision with:  Vehicle in traffic,On Roadway,Broadside (front to side),FTYROW:  From stop sign,None Indicated,,Daylight,Wet,Cloudy,None apparent,Intersection:  Four-way intersection,Paved,,Possible/Unknown,0,1,0,0,1,0,800,2,2,,POINT (-92.118720401361 43.371106741338)
2014817731,14011489,09/20/2014,09-September,7-Saturday,08:00,0800 Hours,District 1 (Central),TRAER,TAMA,IA 8,IA 8/2ND ST,Collision with:  Vehicle in traffic,On Roadway,Rear-end (front to rear),Other (explain in narrative):  Other,None Indicated,,Daylight,Dry,Clear,Work Zone (roadway-related),Intersection:  Four-way intersection,Paved,Yes,Property Damage Only,0,0,0,0,0,0,10000,2,2,,POINT (-92.465376347593 42.193400999387)
2014818140,2014054387,09/20/2014,09-September,7-Saturday,06:28,0600 Hours,District 3 (Northwest),,CRAWFORD,US 59,US 59,Collision with:  Vehicle in traffic,On Roadway,"Sideswipe, opposite direction",Crossed centerline (undivided),None Indicated,,Dark - roadway not lighted,Wet,Cloudy,None apparent,Non-intersection:  Non-junction/no special feature,Paved,,Possible/Unknown,0,1,0,0,1,0,7000,2,2,,POINT (-95.344175844396 41.900885062654)
2014821372,0920145A,09/20/2014,09-September,7-Saturday,00:00,0000 Hours,District 4 (Southwest),,PAGE,,220 ST & TEAK AVE,Collision with fixed object:  Ditch,On Roadway,Non-collision (single vehicle),Ran off road - straight,None Indicated,,Dark - roadway not lighted,Dry,Unknown,None apparent,Intersection:  T-intersection,Unpaved,,Property Damage Only,0,0,0,0,0,0,2000,1,1,,POINT (-95.003530186122 40.724029523984)