Iowa DOT Case Number,Law Enforcement Case Number,Date of Crash,Month of Crash,Day of Week,Time of Crash,Hour,DOT District,City Name,County Name,Route with System,Location Description,First Harmful Event,Location of First Harmful Event,Manner of Crash/Collision,Major Cause,Drug or Alcohol ,Environmental Conditions,Light Conditions,Surface Conditions,Weather Conditions,Roadway Contribution,Roadway Type,Roadway Surface,Work Zone,Crash Severity,Number of Fatalities,Number of Injuries,Number of Major Injuries,Number of Minor Injuries,Number of Possible Injuries,Number of Unknown Injuries,Amount of Property Damage,Number of Vehicles Involved,Total Number of Occupants,Travel Direction,Location
2014818228,14-012853,09/21/2014,09-September,1-Sunday,20:00,2000 Hours,District 2 (Northeast),SUMNER,FAYETTE,IA 93,IA 93/150TH ST,Collision with:  Animal,,,Animal,None Indicated,,,,,,,Paved,,Property Damage Only,0,0,0,0,0,0,6000,1,1,,POINT (-92.074384242416 42.847485315566)
2014818479,2014054598,09/21/2014,09-September,1-Sunday,16:37,1600 Hours,District 5 (Southeast),,APPANOOSE,IA 5,IA 5/IOWA 5 & Co Rd J18/HWY J18,Collision with:  Vehicle in traffic,On Roadway,Broadside (front to side),FTYROW:  From stop sign,None Indicated,,Daylight,Dry,Clear,None apparent,Intersection:  Four-way intersection,Paved,,Property Damage Only,0,0,0,0,0,0,6500,2,5,,POINT (-92.831097928737 40.892406471591)
2014818689,14022199,09/21/2014,09-September,1-Sunday,18:43,1800 Hours,District 5 (Southeast),OSKALOOSA,MAHASKA,IA 92,IA 92/A AVE W & N L ST,Collision with:  Vehicle in traffic,On Roadway,Broadside (front to side),Ran Traffic Signal,None Indicated,,Daylight,Dry,Cloudy,None apparent,Intersection:  Four-way intersection,Paved,,Property Damage Only,0,0,0,0,0,0,3000,2,3,,POINT (-92.659201526915 41.296200702072)
2014818063,1407937,09/21/2014,09-September,1-Sunday,16:43,1600 Hours,District 5 (Southeast),WASHINGTON,WASHINGTON,IA 92,IA 92/E WASHINGTON ST & S 4TH AVE,Collision with:  Non-motorist (see non-motorist section - NOT a unit),On Roadway,Non-collision (single vehicle),Other (explain in narrative):  No improper action,None Indicated,,Daylight,Dry,Clear,None apparent,Intersection:  Four-way intersection,Paved,,Possible/Unknown,0,1,0,0,1,0,1500,1,2,,POINT (-91.687993448037 41.298325647561)
2014822966,14-40244,09/21/2014,09-September,1-Sunday,22:29,2200 Hours,District 5 (Southeast),,MUSCATINE,,N ISETT AVE,Collision with fixed object:  Ditch,On Roadway,Non-collision (single vehicle),Ran off road - right,Alcohol (Statutory),,Dark - roadway not lighted,Dry,Clear,None apparent,Non-intersection:  Non-junction/no special feature,Unpaved,,Minor Injury,0,1,0,1,0,0,2000,1,1,,POINT (-91.059222706982 41.485350590423)
2014818332,14-023497,09/21/2014,09-September,1-Sunday,23:35,2300 Hours,District 5 (Southeast),,MARION,,243RD PL & OLD HWY 92,Non-collision events:  Overturn/rollover,Shoulder,Non-collision (single vehicle),Made improper turn,None Indicated,,Dark - roadway not lighted,"Mud, dirt",Clear,None apparent,Non-intersection:  Non-junction/no special feature,Unpaved,,Property Damage Only,0,0,0,0,0,0,8250,1,1,,POINT (-92.880365729491 41.284752724267)
2014817675,20140027997,09/21/2014,09-September,1-Sunday,14:38,1400 Hours,District 5 (Southeast),DES MOINES,WARREN,IA 5,IA 5/IOWA 5,Collision with:  Vehicle in traffic,On Roadway,Rear-end (front to rear),Driving too fast for conditions,None Indicated,,Daylight,Dry,Clear,None apparent,Non-intersection:  Non-junction/no special feature,Paved,,Possible/Unknown,0,1,0,0,1,0,6000,2,3,,POINT (-93.588330270435 41.503681538074)
2014818087,14008546,09/21/2014,09-September,1-Sunday,02:00,0200 Hours,District 6 (East Central),,BUCHANAN,,BUTLER AVE & 110TH ST,Collision with fixed object:  Ditch,Shoulder,Non-collision (single vehicle),Driving too fast for conditions,None Indicated,,Dark - roadway not lighted,Dry,Cloudy,None apparent,Non-intersection:  Non-junction/no special feature,Unpaved,,Property Damage Only,0,0,0,0,0,0,6000,1,1,,POINT (-92.047512341986 42.6277671823)
2014817773,SO14002232,09/21/2014,09-September,1-Sunday,19:10,1900 Hours,District 3 (Northwest),,PLYMOUTH,,GROUSE AVE,Collision with fixed object:  Mailbox,On Roadway,Non-collision (single vehicle),Ran off road - left,None Indicated,,Daylight,Dry,Clear,None apparent,Non-intersection:  Non-junction/no special feature,Unpaved,,Property Damage Only,0,0,0,0,0,0,1700,1,2,,POINT (-96.370998842376 42.56334203704)
2014817900,2014-66773,09/21/2014,09-September,1-Sunday,14:46,1400 Hours,District 6 (East Central),DAVENPORT,SCOTT,,RIPLEY ST,Collision with:  Vehicle in traffic,On Roadway,"Sideswipe, same direction","Operating vehicle in an reckless, erratic, careless, negligent manner",None Indicated,,Daylight,Dry,Cloudy,None apparent,Non-intersection:  Non-junction/no special feature,Paved,,Property Damage Only,0,0,0,0,0,0,3000,2,2,,POINT (-90.578521360828 41.542653621159)
2014817764,14-31263,09/21/2014,09-September,1-Sunday,03:00,0300 Hours,District 3 (Northwest),SIOUX CITY,WOODBURY,,W 4TH ST,Collision with:  Parked motor vehicle,On Roadway,"Sideswipe, same direction",Unknown,None Indicated,,Dark - roadway lighted,Dry,Clear,None apparent,Non-intersection:  Non-junction/no special feature,Paved,,Property Damage Only,0,0,0,0,0,0,2000,3,777,,POINT (-96.431687940097 42.500326403982)
2014817776,14-040407,09/21/2014,09-September,1-Sunday,16:50,1600 Hours,District 4 (Southwest),COUNCIL BLUFFS,POTTAWATTAMIE,US 275,US 275/VETERANS MEMORIAL HWY & PIUTE ST & S EXPRESSWAY,Collision with:  Vehicle in traffic,On Roadway,Rear-end (front to rear),Followed too close,None Indicated,,Daylight,Dry,Clear,None apparent,Intersection:  Four-way intersection,Paved,,Possible/Unknown,0,1,0,0,1,0,200,2,5,,POINT (-95.850847324773 41.21966661147)
2014817690,20140027975,09/21/2014,09-September,1-Sunday,10:25,1000 Hours,District 1 (Central),DES MOINES,POLK,,EASTON BLVD & E 27TH CT,Collision with:  Vehicle in traffic,On Roadway,"Sideswipe, same direction",FTYROW:  From stop sign,None Indicated,,Daylight,Dry,Clear,None apparent,Intersection:  Four-way intersection,Paved,,Property Damage Only,0,0,0,0,0,0,6500,2,3,,POINT (-93.563907531989 41.60951369114)
2014818634,,09/21/2014,09-September,1-Sunday,20:12,2000 Hours,District 2 (Northeast),,ALLAMAKEE,IA 76,IA 76/IOWA 76,Collision with:  Animal,On Roadway,Non-collision (single vehicle),Animal,None Indicated,,Dark - roadway not lighted,Dry,"Fog, smoke, smog",,Non-intersection:  Other non-intersection (explain in narrative),Paved,,Property Damage Only,0,0,0,0,0,0,4000,1,1,,POINT (-91.254384603454 43.139669620338)
2014817676,20140027954,09/21/2014,09-September,1-Sunday,06:47,0600 Hours,District 1 (Central),DES MOINES,POLK,US 69,US 69/E 14TH ST & E GRAND AVE,Collision with:  Vehicle in traffic,On Roadway,Rear-end (front to rear),Unknown,None Indicated,,Daylight,Dry,Cloudy,None apparent,Intersection:  Four-way intersection,Paved,,Property Damage Only,0,0,0,0,0,0,2500,2,2,,POINT (-93.597987258441 41.593407671492)
2014818320,201414048,09/22/2014,09-September,2-Monday,07:26,0700 Hours,District 6 (East Central),CEDAR RAPIDS,LINN,,35TH ST NE,Collision with:  Parked motor vehicle,On Roadway,Rear-end (front to rear),Lost Control,None Indicated,,Daylight,Dry,Clear,None apparent,Non-intersection:  Non-junction/no special feature,Paved,,Property Damage Only,0,0,0,0,0,0,9000,2,2,,POINT (-91.635825922399 42.013444027124)
2014818333,14-023521,09/22/2014,09-September,2-Monday,06:33,0600 Hours,District 5 (Southeast),HAMILTON,MARION,IA 5,IA 5/IOWA 5 & WABASH DR,Collision with fixed object:  Ditch,On Roadway,Non-collision (single vehicle),Exceeded authorized speed,None Indicated,,Dark - roadway lighted,Dry,Clear,None apparent,Intersection:  T-intersection,Paved,,Possible/Unknown,0,1,0,0,0,1,1900,1,1,,POINT (-92.91233895428 41.165111761439)
2014818058,14-4709,09/22/2014,09-September,2-Monday,16:00,1600 Hours,District 1 (Central),WEST DES MOINES,POLK,,35TH ST/VALLEY WEST DR,Collision with:  Vehicle in traffic,On Roadway,Rear-end (front to rear),Other (explain in narrative):  Other,None Indicated,,Daylight,Dry,Cloudy,None apparent,Non-intersection:  Non-junction/no special feature,Paved,,Property Damage Only,0,0,0,0,0,0,1500,2,2,,POINT (-93.751941972731 41.595593294942)
2014817782,14-040498,09/22/2014,09-September,2-Monday,07:42,0700 Hours,District 4 (Southwest),COUNCIL BLUFFS,POTTAWATTAMIE,,BENNETT AVE & FRANKLIN AVE,Collision with:  Vehicle in traffic,On Roadway,Rear-end (front to rear),Followed too close,None Indicated,,Daylight,Dry,Clear,None apparent,Non-intersection:  Non-junction/no special feature,Paved,,Possible/Unknown,0,2,0,0,2,0,1700,3,4,,POINT (-95.820056047449 41.253118699026)
2014817979,092214-47,09/22/2014,09-September,2-Monday,07:44,0700 Hours,District 3 (Northwest),STORM LAKE,BUENA VISTA,,Co Rd C49/590TH ST & 120TH AVE,Collision with:  Vehicle in traffic,On Roadway,Rear-end (front to rear),Followed too close,None Indicated,,Daylight,Dry,Clear,None apparent,Intersection:  Four-way intersection,Paved,,Property Damage Only,0,0,0,0,0,0,5000,2,2,,POINT (-95.171251531139 42.661873552944)
2014817875,14-040530,09/22/2014,09-September,2-Monday,12:57,1200 Hours,District 4 (Southwest),COUNCIL BLUFFS,POTTAWATTAMIE,,COLLEGE RD & VALLEY VIEW DR,Collision with:  Vehicle in traffic,On Roadway,"Angle, oncoming left turn",FTYROW:  Other (explain in narrative),None Indicated,,Daylight,Dry,Clear,None apparent,Non-intersection:  Non-junction/no special feature,Paved,,Possible/Unknown,0,1,0,0,1,0,10000,2,3,,POINT (-95.803680118405 41.268685736948)
2014818064,1407955,09/22/2014,09-September,2-Monday,07:05,0700 Hours,District 5 (Southeast),WASHINGTON,WASHINGTON,,E VAN BUREN ST,Collision with:  Vehicle in traffic,On Roadway,Rear-end (front to rear),Lost Control,None Indicated,,Dawn,Dry,Clear,None apparent,Non-intersection:  Non-junction/no special feature,Paved,,Property Damage Only,0,0,0,0,0,0,2600,2,1,,POINT (-91.682797734233 41.292393437526)
2014818449,2014-66956,09/22/2014,09-September,2-Monday,07:27,0700 Hours,District 6 (East Central),DAVENPORT,SCOTT,,W LOCUST ST,Collision with fixed object:  Utility pole/light support,Outside trafficway,Non-collision (single vehicle),Ran off road - right,None Indicated,,Daylight,Dry,Clear,None apparent,Non-intersection:  Non-junction/no special feature,Paved,,Property Damage Only,0,0,0,0,0,0,2000,1,1,,POINT (-90.596773835624 41.538263336666)
2014822144,,09/22/2014,09-September,2-Monday,11:09,1100 Hours,District 2 (Northeast),CLEAR LAKE,CERRO GORDO,US 18,US 18 & 7TH AVE N & N 24TH ST,Collision with:  Vehicle in traffic,On Roadway,"Angle, oncoming left turn",Ran Traffic Signal,None Indicated,,Daylight,Dry,Clear,None apparent,Intersection:  Four-way intersection,Paved,,Possible/Unknown,0,2,0,0,2,0,12500,3,4,,POINT (-93.35941486197 43.145723165894)
2014819394,14-001157,09/22/2014,09-September,2-Monday,07:38,0700 Hours,District 1 (Central),JOHNSTON,POLK,,NW 62ND AVE,Collision with:  Vehicle in traffic,On Roadway,Rear-end (front to rear),Followed too close,None Indicated,,Daylight,Dry,Clear,None apparent,Non-intersection:  Non-junction/no special feature,Paved,,Property Damage Only,0,0,0,0,0,0,5500,2,2,,POINT (-93.715694959237 41.672808846797)
2014820056,14-029433,09/22/2014,09-September,2-Monday,04:30,0400 Hours,District 5 (Southeast),MONTROSE,LEE,,Co Rd W62/170 AVE & 280 ST,Collision with fixed object:  Ditch,On Roadway,Non-collision (single vehicle),Driving too fast for conditions,Under Influence of Alcohol/Drugs/Medications,,Dark - roadway not lighted,"Mud, dirt",Clear,None apparent,Intersection:  Four-way intersection,Unpaved,,Property Damage Only,0,0,0,0,0,0,1501,1,1,,POINT (-91.584716510611 40.554071404653)
2014817770,14-31379,09/22/2014,09-September,2-Monday,08:03,0800 Hours,District 3 (Northwest),SIOUX CITY,WOODBURY,,W 19TH ST & HAMILTON BLVD,Collision with:  Vehicle in traffic,On Roadway,Broadside (front to side),Ran Traffic Signal,None Indicated,,Daylight,Dry,Clear,None apparent,Intersection:  Four-way intersection,Paved,,Possible/Unknown,0,1,0,0,1,0,7000,2,3,,POINT (-96.416780034993 42.510569200462)
2014818450,2014-66973,09/22/2014,09-September,2-Monday,08:07,0800 Hours,District 6 (East Central),DAVENPORT,SCOTT,,W 10TH ST,Collision with:  Parked motor vehicle,On Roadway,Rear-end (front to rear),Other (explain in narrative):  Vision obstructed,None Indicated,,Daylight,Dry,Clear,None apparent,Non-intersection:  Non-junction/no special feature,Paved,,Property Damage Only,0,0,0,0,0,0,3500,2,2,,POINT (-90.586166037595 41.529863204617)
2014820247,2014-67032,09/22/2014,09-September,2-Monday,13:36,1300 Hours,District 6 (East Central),DAVENPORT,SCOTT,,IA 461/HARRISON ST & W 5TH ST,Collision with fixed object:  Bridge overhead structure,On Roadway,Non-collision (single vehicle),Lost Control,None Indicated,,Daylight,Dry,Clear,None apparent,Non-intersection:  Non-junction/no special feature,Paved,,Property Damage Only,0,0,0,0,0,0,11000,1,1,,POINT (-90.577011080855 41.524672003176)
2014818451,2014-66985,09/22/2014,09-September,2-Monday,09:47,0900 Hours,District 6 (East Central),DAVENPORT,SCOTT,,E 53RD ST & ELMORE AVE,Collision with:  Vehicle in traffic,On Roadway,Rear-end (front to rear),Followed too close,None Indicated,,Daylight,Dry,Clear,None apparent,Non-intersection:  Non-junction/no special feature,Paved,,Property Damage Only,0,0,0,0,0,0,4000,2,2,,POINT (-90.528586977681 41.574860104089)
2014818991,14-008125,09/22/2014,09-September,2-Monday,01:30,0100 Hours,District 2 (Northeast),STRAWBERRY POINT,CLAYTON,,E ELM AVE,Collision with:  Parked motor vehicle,On Roadway,Broadside (front to side),Improper Backing,None Indicated,,Unknown,Dry,Clear,None apparent,Non-intersection:  Non-junction/no special feature,Paved,,Possible/Unknown,0,1,0,0,0,1,1700,2,777,,POINT (-91.53390451664 42.680709066838)
2014818117,14-001110,09/22/2014,09-September,2-Monday,21:30,2100 Hours,District 1 (Central),,STORY,US 30,US 30,Collision with:  Animal,,,Animal,None Indicated,,,,,,,Paved,,Property Damage Only,0,0,0,0,0,0,1750,1,1,,POINT (-93.235763874017 42.007879874279)
2014817997,20140028116,09/22/2014,09-September,2-Monday,14:46,1400 Hours,District 1 (Central),DES MOINES,POLK,,MADISON AVE & 52ND ST,Collision with:  Vehicle in traffic,On Roadway,Broadside (front to side),Ran Stop Sign,None Indicated,,Daylight,Dry,Cloudy,None apparent,Intersection:  Four-way intersection,Paved,,Property Damage Only,0,0,0,0,0,0,3000,2,3,,POINT (-93.690174909807 41.633072325771)
2014818656,14007939,09/22/2014,09-September,2-Monday,18:05,1800 Hours,District 2 (Northeast),,CLAYTON,,Co Rd W7C/BIRCH RD,Collision with:  Animal,,,Animal,None Indicated,,,,,,,Unpaved,,Property Damage Only,0,0,0,0,0,0,1500,1,1,,POINT (-91.542567738984 42.816393732545)
2014820357,145060,09/22/2014,09-September,2-Monday,16:34,1600 Hours,District 1 (Central),IOWA FALLS,HARDIN,,WASHINGTON AVE,Collision with:  Vehicle in traffic,On Roadway,"Sideswipe, opposite direction",FTYROW:  Making left turn,None Indicated,,Daylight,Dry,Clear,None apparent,Non-intersection:  Driveway access (within),Paved,,Property Damage Only,0,0,0,0,0,0,9000,2,2,,POINT (-93.267200890011 42.519635775628)
2014818579,14005936,09/22/2014,09-September,2-Monday,22:44,2200 Hours,District 2 (Northeast),,CERRO GORDO,US 18,US 18,Non-collision events:  Overturn/rollover,Shoulder,Non-collision (single vehicle),Swerving/Evasive Action,Alcohol (Statutory),,Dark - roadway not lighted,Dry,Clear,None apparent,Non-intersection:  Non-junction/no special feature,Paved,,Property Damage Only,0,0,0,0,0,0,12000,1,1,,POINT (-93.27294205075 43.10539510934)
2014817682,20140028061,09/22/2014,09-September,2-Monday,07:20,0700 Hours,District 1 (Central),DES MOINES,POLK,,E ARMY POST RD,Collision with:  Vehicle in traffic,On Roadway,Broadside (front to side),Ran Traffic Signal,None Indicated,,Daylight,Dry,Clear,None apparent,Intersection:  Four-way intersection,Paved,,Property Damage Only,0,0,0,0,0,0,10000,2,3,,POINT (-93.603626131073 41.526345883716)
2014818041,14-4698,09/22/2014,09-September,2-Monday,07:36,0700 Hours,District 1 (Central),WEST DES MOINES,POLK,IA 5,IA 5/IOWA 5,Collision with:  Vehicle in traffic,On Roadway,Rear-end (front to rear),Followed too close,None Indicated,,Daylight,Dry,Clear,None apparent,Non-intersection:  Non-junction/no special feature,Paved,,Property Damage Only,0,0,0,0,0,0,4000,2,2,,POINT (-93.761776760689 41.522722830218)
2014817684,20140028069,09/22/2014,09-September,2-Monday,08:05,0800 Hours,District 1 (Central),DES MOINES,POLK,,ARMY POST RD,Collision with:  Vehicle in traffic,On Roadway,Rear-end (front to rear),Other (explain in narrative):  Other,None Indicated,,Daylight,Dry,Clear,None apparent,Intersection:  Four-way intersection,Paved,,Property Damage Only,0,0,0,0,0,0,2250,2,2,,POINT (-93.596853607999 41.526309173143)
2014818513,201414091,09/22/2014,09-September,2-Monday,17:09,1700 Hours,District 6 (East Central),CEDAR RAPIDS,LINN,,BOYSON RD NE,Collision with:  Vehicle in traffic,On Roadway,Rear-end (front to rear),Lost Control,None Indicated,,Daylight,Dry,Clear,None apparent,Non-intersection:  Non-junction/no special feature,Paved,,Minor Injury,0,1,0,1,0,0,8000,2,2,,POINT (-91.663632664511 42.047770191121)
2014818116,14-001109,09/22/2014,09-September,2-Monday,09:51,0900 Hours,District 1 (Central),,STORY,,Co Rd E18/130TH ST,Collision with:  Vehicle in traffic,On Roadway,Rear-end (front to rear),Followed too close,None Indicated,,Daylight,Dry,Clear,None apparent,Intersection:  Other intersection (explain in narrative),Paved,,Property Damage Only,0,0,0,0,0,0,2000,2,2,,POINT (-93.575360737699 42.166058807979)
2014818052,14-25154,09/22/2014,09-September,2-Monday,11:18,1100 Hours,District 1 (Central),,JASPER,I-80,I-80,Non-collision events:  Other non-collision (explain in narrative),On Roadway,Non-collision (single vehicle),Ran off road - right,None Indicated,,Daylight,Dry,Clear,None apparent,Interchange-related:  On-ramp merge area,Paved,,Possible/Unknown,0,1,0,0,1,0,0,1,1,,POINT (-93.008662994447 41.682855083857)
2014819546,14-014819,09/22/2014,09-September,2-Monday,10:25,1000 Hours,District 2 (Northeast),,FLOYD,,185TH ST & INDIGO AVE,Non-collision events:  Overturn/rollover,Shoulder,Non-collision (single vehicle),Ran off road - right,None Indicated,,Daylight,"Mud, dirt",Cloudy,"Surface condition (e.g., wet, icy)",Intersection:  T-intersection,Unpaved,,Property Damage Only,0,0,0,0,0,0,92700,1,1,,POINT (-92.86914716479 43.090112293661)
2014819138,2014-038008,09/22/2014,09-September,2-Monday,17:09,1700 Hours,District 6 (East Central),DUBUQUE,DUBUQUE,,JOHN F KENNEDY RD,Collision with:  Non-motorist (see non-motorist section - NOT a unit),On Roadway,Non-collision (single vehicle),Swerving/Evasive Action,None Indicated,,Daylight,Dry,Clear,None apparent,Non-intersection:  Non-junction/no special feature,Paved,,Possible/Unknown,0,1,0,0,1,0,0,1,2,,POINT (-90.720526198232 42.519398248198)
2014818441,14-95297,09/22/2014,09-September,2-Monday,10:15,1000 Hours,District 2 (Northeast),EVANSDALE,BLACK HAWK,I-380,I-380 & EVANSDALE DR,Collision with:  Vehicle in traffic,On Roadway,Rear-end (front to rear),Followed too close,None Indicated,,Daylight,Dry,Clear,None apparent,Interchange-related:  Off-ramp,Paved,,Possible/Unknown,0,1,0,0,1,0,2000,2,2,,POINT (-92.2529010009 42.458469806873)
2014818171,1400000833,09/22/2014,09-September,2-Monday,05:05,0500 Hours,District 1 (Central),,MARSHALL,,MARSH AVE,Collision with fixed object:  Ditch,On Roadway,Non-collision (single vehicle),Swerving/Evasive Action,None Indicated,,Dark - roadway not lighted,Dry,Clear,None apparent,Non-intersection:  Non-junction/no special feature,Unpaved,,Minor Injury,0,1,0,1,0,0,8500,1,1,,POINT (-92.999674280877 41.941490362707)
2014817834,14C04322,09/22/2014,09-September,2-Monday,10:53,1000 Hours,District 4 (Southwest),CRESTON,UNION,,E HOWARD ST & N CHERRY ST,Collision with:  Vehicle in traffic,On Roadway,Broadside (front to side),Ran Stop Sign,None Indicated,,Daylight,Dry,Clear,None apparent,Intersection:  Four-way intersection,Paved,,Property Damage Only,0,0,0,0,0,0,4500,2,2,,POINT (-94.356736708453 41.060915752333)
2014818292,14016620,09/22/2014,09-September,2-Monday,07:18,0700 Hours,District 2 (Northeast),MASON CITY,CERRO GORDO,,FRONTAGE RD SW,Collision with:  Vehicle in traffic,On Roadway,Rear-end (front to rear),Unknown,None Indicated,,Daylight,Dry,Clear,None apparent,Non-intersection:  Non-junction/no special feature,Paved,,Property Damage Only,0,0,0,0,0,0,5500,2,2,,POINT (-93.246985654979 43.148038178435)
2014817681,20140028060,09/22/2014,09-September,2-Monday,06:35,0600 Hours,District 1 (Central),DES MOINES,POLK,IA 163,IA 163/E UNIVERSITY AVE & E 22ND ST,Collision with:  Vehicle in traffic,On Roadway,Rear-end (front to rear),Lost Control,None Indicated,,Dawn,Dry,Clear,None apparent,Non-intersection:  Non-junction/no special feature,Paved,,Property Damage Only,0,0,0,0,0,0,4000,2,2,,POINT (-93.577520864113 41.600492917737)
2014820740,I14221812,09/22/2014,09-September,2-Monday,18:12,1800 Hours,District 2 (Northeast),,FRANKLIN,,Co Rd C65/50TH ST,Collision with fixed object:  Other fixed object (explain in narrative),On Roadway,Non-collision (single vehicle),Crossed centerline (undivided),None Indicated,,Daylight,"Mud, dirt",Clear,"Surface condition (e.g., wet, icy)",Non-intersection:  Non-junction/no special feature,Unpaved,,Minor Injury,0,2,0,1,1,0,7000,1,5,,POINT (-93.304228483231 42.601045713603)
2014819230,,09/22/2014,09-September,2-Monday,20:35,2000 Hours,District 4 (Southwest),,ADAIR,,MARION AVE,Non-collision events:  Overturn/rollover,Outside trafficway,Non-collision (single vehicle),Crossed centerline (undivided),None Indicated,,Dark - roadway not lighted,Dry,Clear,None apparent,Non-intersection:  Non-junction/no special feature,Unpaved,,Possible/Unknown,0,1,0,0,1,0,200,1,1,,POINT (-94.471043667453 41.458722791825)
2014818965,2014054765,09/22/2014,09-September,2-Monday,14:20,1400 Hours,District 1 (Central),,POWESHIEK,I-80,I-80,Collision with fixed object:  Guardrail - face,Median,Non-collision (single vehicle),Crossed centerline (undivided),None Indicated,,Daylight,Dry,Clear,None apparent,Non-intersection:  Non-junction/no special feature,Paved,,Property Damage Only,0,0,0,0,0,0,7000,1,2,,POINT (-92.618932532078 41.695779411141)
2014818368,14-2094,09/22/2014,09-September,2-Monday,08:45,0800 Hours,District 1 (Central),URBANDALE,POLK,,MEREDITH DR,Collision with fixed object:  Mailbox,Outside trafficway,Non-collision (single vehicle),Ran off road - right,None Indicated,,Daylight,Dry,Clear,None apparent,Non-intersection:  Non-junction/no special feature,Paved,,Fatal,1,0,0,0,0,0,17025,1,1,,POINT (-93.703270900272 41.643891607512)
2014818452,2014-67001,09/22/2014,09-September,2-Monday,10:53,1000 Hours,District 6 (East Central),DAVENPORT,SCOTT,US 6,US 6/E KIMBERLY RD,Collision with:  Vehicle in traffic,On Roadway,Rear-end (front to rear),Followed too close,None Indicated,,Daylight,Dry,Clear,None apparent,Non-intersection:  Non-junction/no special feature,Paved,,Property Damage Only,0,0,0,0,0,0,4000,3,3,,POINT (-90.541768059175 41.556841945786)
2014819602,2014054791,09/22/2014,09-September,2-Monday,05:02,0500 Hours,District 6 (East Central),DAVENPORT,SCOTT,I-74,I-74 & E 53RD ST,Collision with:  Vehicle in traffic,On Roadway,Rear-end (front to rear),Other (explain in narrative):  Other,None Indicated,,Dark - unknown roadway lighting,Dry,Clear,None apparent,Intersection:  Intersection with ramp,Paved,,Possible/Unknown,0,1,0,0,1,0,4500,2,2,,POINT (-90.520251225371 41.574860648392)
2014818169,14022246,09/22/2014,09-September,2-Monday,11:06,1100 Hours,District 5 (Southeast),OSKALOOSA,MAHASKA,,B AVE E & N 1ST ST,Collision with:  Vehicle in traffic,On Roadway,Broadside (front to side),FTYROW:  From stop sign,None Indicated,,Daylight,Dry,Clear,None apparent,Intersection:  Four-way intersection,Paved,,Possible/Unknown,0,2,0,0,2,0,15500,2,2,,POINT (-92.643872347359 41.297127136979)
2014818427,20143483,09/22/2014,09-September,2-Monday,20:15,2000 Hours,District 1 (Central),,GRUNDY,,Co Rd T55/U AVE,Collision with:  Animal,,,Animal,None Indicated,,,,,,,Paved,,Property Damage Only,0,0,0,0,0,0,3000,1,1,,POINT (-92.631453074394 42.365316836391)
2014818409,14-001156,09/22/2014,09-September,2-Monday,07:23,0700 Hours,District 1 (Central),JOHNSTON,POLK,,NW 62ND AVE,Collision with:  Vehicle in traffic,On Roadway,Rear-end (front to rear),Other (explain in narrative):  Other,None Indicated,,Daylight,Dry,Clear,None apparent,Intersection:  Other intersection (explain in narrative),Paved,,Property Damage Only,0,0,0,0,0,0,7000,2,2,,POINT (-93.70400791247 41.672980108436)
2014818158,W14-095401,09/22/2014,09-September,2-Monday,16:12,1600 Hours,District 2 (Northeast),WATERLOO,BLACK HAWK,US 218,US 218/WASHINGTON ST/SW RAMP,Collision with:  Vehicle in traffic,On Roadway,Rear-end (front to rear),Other (explain in narrative):  Other,None Indicated,,Daylight,Dry,Clear,None apparent,Non-intersection:  Non-junction/no special feature,Paved,,Property Damage Only,0,0,0,0,0,0,3600,2,2,,POINT (-92.322639634357 42.479922863719)
2014818786,14-004433,09/22/2014,09-September,2-Monday,07:42,0700 Hours,District 1 (Central),AMES,STORY,,BLOOMINGTON RD,Collision with:  Vehicle in traffic,On Roadway,Rear-end (front to rear),Other (explain in narrative):  Other,None Indicated,,Daylight,Dry,Clear,None apparent,Non-intersection:  Non-junction/no special feature,Paved,,Possible/Unknown,0,1,0,0,1,0,100,2,2,,POINT (-93.621644050942 42.056028869949)
2014818016,14-2099,09/22/2014,09-September,2-Monday,18:24,1800 Hours,District 1 (Central),URBANDALE,POLK,,HORTON AVE,Collision with:  Vehicle in traffic,On Roadway,"Sideswipe, same direction",Unknown,None Indicated,,Daylight,Dry,Clear,None apparent,Non-intersection:  Non-junction/no special feature,Paved,,Property Damage Only,0,0,0,0,0,0,3000,2,1,,POINT (-93.722046198516 41.631606535613)
2014818069,N14000507,09/22/2014,09-September,2-Monday,07:03,0700 Hours,District 6 (East Central),NORTH LIBERTY,JOHNSON,,PENN ST & MEADE DR,Collision with:  Vehicle in traffic,On Roadway,Rear-end (front to rear),Followed too close,None Indicated,,Daylight,Dry,Clear,None apparent,Non-intersection:  Non-junction/no special feature,Paved,,Property Damage Only,0,0,0,0,0,0,7000,2,2,,POINT (-91.608717309536 41.752189583084)
2014821164,2014-037990,09/22/2014,09-September,2-Monday,07:17,0700 Hours,District 6 (East Central),DUBUQUE,DUBUQUE,IA 32,IA 32/IA32 NW ARTERIAL & CHAVENELLE RD,Collision with:  Vehicle in traffic,On Roadway,Rear-end (front to rear),Lost Control,None Indicated,,Daylight,Dry,Clear,None apparent,Intersection:  Four-way intersection,Paved,,Property Damage Only,0,0,0,0,0,0,2300,2,2,,POINT (-90.740680423036 42.497239414903)