Iowa DOT Case Number,Law Enforcement Case Number,Date of Crash,Month of Crash,Day of Week,Time of Crash,Hour,DOT District,City Name,County Name,Route with System,Location Description,First Harmful Event,Location of First Harmful Event,Manner of Crash/Collision,Major Cause,Drug or Alcohol ,Environmental Conditions,Light Conditions,Surface Conditions,Weather Conditions,Roadway Contribution,Roadway Type,Roadway Surface,Work Zone,Crash Severity,Number of Fatalities,Number of Injuries,Number of Major Injuries,Number of Minor Injuries,Number of Possible Injuries,Number of Unknown Injuries,Amount of Property Damage,Number of Vehicles Involved,Total Number of Occupants,Travel Direction,Location
2014818248,2014-4668,09/22/2014,09-September,2-Monday,07:33,0700 Hours,District 4 (Southwest),WAUKEE,DALLAS,,WARRIOR LN,Collision with:  Vehicle in traffic,On Roadway,Rear-end (front to rear),Other (explain in narrative):  Other,None Indicated,,Daylight,Dry,Clear,None apparent,Non-intersection:  Non-junction/no special feature,Paved,,Property Damage Only,0,0,0,0,0,0,1900,2,3,,POINT (-93.872277388296 41.607947754616)
2014818939,14-008589,09/22/2014,09-September,2-Monday,20:23,2000 Hours,District 6 (East Central),INDEPENDENCE,BUCHANAN,,1ST ST E,Collision with:  Vehicle in traffic,On Roadway,Rear-end (front to rear),Other (explain in narrative):  Other,None Indicated,,Dark - roadway lighted,Dry,Clear,None apparent,Non-intersection:  Non-junction/no special feature,Paved,,Property Damage Only,0,0,0,0,0,0,5273,2,2,,POINT (-91.891999474504 42.468715547062)
2014817649,14-6228,09/22/2014,09-September,2-Monday,08:20,0800 Hours,District 1 (Central),,POLK,,NW 118TH AVE,Collision with:  Vehicle in traffic,On Roadway,"Sideswipe, same direction",Other (explain in narrative):  Vision obstructed,None Indicated,,Daylight,Dry,Clear,None apparent,Non-intersection:  Non-junction/no special feature,Paved,,Minor Injury,0,2,0,2,0,0,13000,2,3,,POINT (-93.677323167473 41.776847381847)
2014818197,14-31443,09/22/2014,09-September,2-Monday,18:28,1800 Hours,District 3 (Northwest),SIOUX CITY,WOODBURY,,HAMILTON BLVD,Collision with:  Vehicle in traffic,On Roadway,Rear-end (front to rear),Unknown,None Indicated,,Daylight,Dry,Clear,None apparent,Non-intersection:  Non-junction/no special feature,Paved,,Property Damage Only,0,0,0,0,0,0,3000,2,2,,POINT (-96.424116444428 42.494709238579)
2014819173,14095497,09/22/2014,09-September,2-Monday,22:12,2200 Hours,District 2 (Northeast),CEDAR FALLS,BLACK HAWK,,W VIKING RD & HUDSON RD,Collision with:  Vehicle in traffic,On Roadway,Rear-end (front to rear),Followed too close,None Indicated,,Dark - roadway lighted,Dry,Cloudy,None apparent,Intersection:  Four-way intersection,Paved,,Property Damage Only,0,0,0,0,0,0,3500,2,2,,POINT (-92.465329572047 42.484081564546)
2014817963,14-0040279,09/22/2014,09-September,2-Monday,07:40,0700 Hours,District 5 (Southeast),WEST LIBERTY,MUSCATINE,,4TH ST & CLAY ST,Collision with:  Parked motor vehicle,Shoulder,Rear-end (front to rear),Other (explain in narrative):  Vision obstructed,None Indicated,,Daylight,Dry,Clear,None apparent,Intersection:  Four-way intersection,Paved,,Property Damage Only,0,0,0,0,0,0,2700,2,5,,POINT (-91.264917027755 41.571105641847)
2014818258,2014009932,09/22/2014,09-September,2-Monday,13:19,1300 Hours,District 1 (Central),MARSHALLTOWN,MARSHALL,IA 14,IA 14/3RD AVE,Collision with:  Vehicle in traffic,On Roadway,Rear-end (front to rear),Other (explain in narrative):  Other,None Indicated,,Daylight,Dry,Clear,None apparent,Non-intersection:  Non-junction/no special feature,Paved,,Possible/Unknown,0,1,0,0,1,0,2800,2,2,,POINT (-92.90797242977 42.046111062238)
2014818377,14-011611,09/22/2014,09-September,2-Monday,16:56,1600 Hours,District 1 (Central),,TAMA,US 30,US 30,Collision with:  Vehicle in traffic,On Roadway,Rear-end (front to rear),Lost Control,None Indicated,,Daylight,Dry,Clear,None apparent,Non-intersection:  Non-junction/no special feature,Paved,,Property Damage Only,0,0,0,0,0,0,4501,2,2,,POINT (-92.712311133825 42.001925177649)
2014822523,143-14,09/22/2014,09-September,2-Monday,07:44,0700 Hours,District 3 (Northwest),ROCK VALLEY,SIOUX,,16TH ST,Collision with:  Other non-fixed object (explain in narrative),On Roadway,Non-collision (single vehicle),Other (explain in narrative):  Vision obstructed,None Indicated,,Dawn,Dry,Clear,None apparent,Non-intersection:  Non-junction/no special feature,Paved,,Property Damage Only,0,0,0,0,0,0,8000,1,3,,POINT (-96.298809326953 43.20622596033)
2014817781,14-040497,09/22/2014,09-September,2-Monday,07:45,0700 Hours,District 4 (Southwest),COUNCIL BLUFFS,POTTAWATTAMIE,,16TH AVE,Collision with:  Vehicle in traffic,Roadside,Rear-end (front to rear),Other (explain in narrative):  No improper action,None Indicated,,Daylight,Dry,Clear,None apparent,Non-intersection:  Non-junction/no special feature,Paved,,Property Damage Only,0,0,0,0,0,0,3000,2,2,,POINT (-95.858631129647 41.246636751265)
2014819307,2014-20660,09/22/2014,09-September,2-Monday,16:00,1600 Hours,District 5 (Southeast),,WARREN,,Co Rd R57/80TH AVE,Collision with:  Animal,,,Animal,None Indicated,,,,,,,Paved,,Property Damage Only,0,0,0,0,0,0,3500,1,1,,POINT (-93.655018600974 41.292463570323)
2014818172,14680794,09/22/2014,09-September,2-Monday,15:52,1500 Hours,District 5 (Southeast),,MONROE,IA 137,IA 137/IOWA 137,Collision with:  Vehicle in traffic,On Roadway,Rear-end (front to rear),Followed too close,None Indicated,,Daylight,Dry,Clear,None apparent,Non-intersection:  Non-junction/no special feature,Paved,,Minor Injury,0,1,0,1,0,0,1200,2,3,,POINT (-92.641206895016 41.14685862579)
2014822193,14-09131,09/22/2014,09-September,2-Monday,16:36,1600 Hours,District 5 (Southeast),MOUNT PLEASANT,HENRY,,E WASHINGTON ST,Collision with:  Vehicle in traffic,On Roadway,Rear-end (front to rear),Other (explain in narrative):  Other,None Indicated,,Daylight,Dry,Clear,None apparent,Non-intersection:  Non-junction/no special feature,Paved,,Property Damage Only,0,0,0,0,0,0,2000,2,2,,POINT (-91.552540599596 40.965418858783)
2014817645,14006607,09/22/2014,09-September,2-Monday,07:46,0700 Hours,District 3 (Northwest),UTE,MONONA,,E 7TH ST & S MONONA AVE,Collision with:  Vehicle in traffic,On Roadway,Broadside (front to side),FTYROW:  From driveway,None Indicated,,Daylight,Dry,Clear,None apparent,Non-intersection:  Driveway access (within),Paved,,Possible/Unknown,0,1,0,0,1,0,6500,2,2,,POINT (-95.706357411413 42.044948774406)
2014819787,2014054679,09/22/2014,09-September,2-Monday,07:15,0700 Hours,District 6 (East Central),,CEDAR,,310TH,Collision with:  Vehicle in traffic,On Roadway,Rear-end (front to rear),Followed too close,None Indicated,,Dawn,Dry,Clear,None apparent,Non-intersection:  Non-junction/no special feature,Unpaved,,Minor Injury,0,4,0,2,2,0,9000,2,5,,POINT (-90.932998625288 41.640766971722)
2014817703,20140028050,09/22/2014,09-September,2-Monday,00:46,0000 Hours,District 1 (Central),DES MOINES,POLK,IA 163,IA 163/E UNIVERSITY AVE & HUBBELL AVE,Collision with fixed object:  Utility pole/light support,On Roadway,Non-collision (single vehicle),Made improper turn,None Indicated,,Dark - roadway lighted,Dry,Clear,None apparent,Non-intersection:  Non-junction/no special feature,Paved,,Property Damage Only,0,0,0,0,0,0,5000,1,1,,POINT (-93.578528969717 41.600505864068)
2014818256,14-18440,09/22/2014,09-September,2-Monday,09:39,0900 Hours,District 2 (Northeast),,BREMER,,Co Rd V21/212TH ST,Collision with fixed object:  Ditch,Gore,Non-collision (single vehicle),Ran off road - left,None Indicated,,Daylight,Dry,Clear,None apparent,Non-intersection:  Non-junction/no special feature,Paved,,Possible/Unknown,0,1,0,0,1,0,3000,1,1,,POINT (-92.396343681726 42.742588624922)
2014817824,14-33791,09/22/2014,09-September,2-Monday,00:18,0000 Hours,District 5 (Southeast),BURLINGTON,DES MOINES,,MT PLEASANT ST,Collision with fixed object:  Bridge overhead structure,On Roadway,Non-collision (single vehicle),Ran off road - right,Alcohol (Statutory),,Dark - roadway lighted,Dry,Clear,None apparent,Non-intersection:  Non-junction/no special feature,Paved,,Property Damage Only,0,0,0,0,0,0,4000,1,2,,POINT (-91.113149187014 40.817993846326)
2014818788,14-004441,09/22/2014,09-September,2-Monday,15:59,1500 Hours,District 1 (Central),AMES,STORY,US 69,US 69/S DUFF AVE,Collision with:  Vehicle in traffic,On Roadway,Rear-end (front to rear),Followed too close,None Indicated,,Daylight,Dry,Cloudy,None apparent,Non-intersection:  Non-junction/no special feature,Paved,,Property Damage Only,0,0,0,0,0,0,3500,3,4,,POINT (-93.610031324651 42.001826608856)
2014826223,2014054731,09/22/2014,09-September,2-Monday,12:10,1200 Hours,District 6 (East Central),CORALVILLE,JOHNSON,,CORAL RIDGE AVE & OAKDALE BLVD,Collision with:  Vehicle in traffic,On Roadway,Rear-end (front to rear),Followed too close,None Indicated,,Daylight,Dry,Clear,Work Zone (roadway-related),Non-intersection:  Non-junction/no special feature,Paved,Yes,Property Damage Only,0,0,0,0,0,0,2000,2,2,,POINT (-91.608122337963 41.708454438357)
2014818397,14-008395,09/22/2014,09-September,2-Monday,14:38,1400 Hours,District 4 (Southwest),ATLANTIC,CASS,,BRYN MAWR BLVD,Collision with:  Vehicle in traffic,On Roadway,Rear-end (front to rear),Lost Control,None Indicated,,Daylight,Dry,Clear,None apparent,Non-intersection:  Non-junction/no special feature,Paved,,Property Damage Only,0,0,0,0,0,0,14000,2,1,,POINT (-95.009581631315 41.396270763673)
2014821190,2014-37996,09/22/2014,09-September,2-Monday,09:04,0900 Hours,District 6 (East Central),DUBUQUE,DUBUQUE,,LORAS BLVD & MAIN ST,Collision with:  Vehicle in traffic,On Roadway,Rear-end (front to rear),Lost Control,None Indicated,,Daylight,Dry,Clear,None apparent,Non-intersection:  Non-junction/no special feature,Paved,,Property Damage Only,0,0,0,0,0,0,2500,2,2,,POINT (-90.669844423236 42.505753124734)
2014817994,14-1143,09/22/2014,09-September,2-Monday,19:05,1900 Hours,District 1 (Central),CLIVE,POLK,,NW 96TH ST,Non-collision events:  Other non-collision (explain in narrative),On Roadway,"Sideswipe, opposite direction",Driver Distraction:  Passenger,None Indicated,,Dusk,Dry,Clear,None apparent,Non-intersection:  Non-junction/no special feature,Paved,,Property Damage Only,0,0,0,0,0,0,3200,2,3,,POINT (-93.749296939185 41.604473652537)
2014818352,20140028142,09/22/2014,09-September,2-Monday,17:54,1700 Hours,District 1 (Central),DES MOINES,POLK,US 69,US 69/E 14TH ST & IA 163/E UNIVERSITY AVE,Collision with:  Vehicle in traffic,On Roadway,Rear-end (front to rear),Followed too close,None Indicated,,Dusk,Dry,Cloudy,None apparent,Intersection:  Four-way intersection,Paved,,Minor Injury,0,1,0,1,0,0,1000,2,2,,POINT (-93.600441639031 41.600600673698)
2014818267,,09/22/2014,09-September,2-Monday,19:00,1900 Hours,District 6 (East Central),CAMANCHE,CLINTON,,9TH ST,Collision with:  Parked motor vehicle,On Roadway,Unknown,Unknown,None Indicated,,Dusk,Dry,Clear,None apparent,Non-intersection:  Alley,Paved,,Property Damage Only,0,0,0,0,0,0,1500,2,1,,POINT (-90.256289823121 41.788876495743)
2014818143,2014054683,09/22/2014,09-September,2-Monday,07:10,0700 Hours,District 3 (Northwest),,CALHOUN,US 20,US 20/US20,Collision with:  Vehicle in traffic,On Roadway,Rear-end (front to rear),Exceeded authorized speed,None Indicated,,Daylight,Dry,Clear,None apparent,Non-intersection:  Non-junction/no special feature,Paved,,Possible/Unknown,0,1,0,0,1,0,7000,2,2,,POINT (-94.622939347037 42.44974690791)
2014818523,1400000835,09/22/2014,09-September,2-Monday,17:44,1700 Hours,District 1 (Central),MARSHALLTOWN,MARSHALL,IA 330,IA 330/MARSHALLTOWN BLVD/MARSH AVE & Co Rd E41 & Co Rd S75,Collision with:  Vehicle in traffic,On Roadway,Broadside (front to side),FTYROW:  From stop sign,None Indicated,,Daylight,Dry,Clear,None apparent,Intersection:  Four-way intersection,Paved,,Possible/Unknown,0,1,0,0,1,0,20500,2,4,,POINT (-92.999987919775 42.02600016761)
2014827945,2014054681,09/22/2014,09-September,2-Monday,07:50,0700 Hours,District 1 (Central),,POLK,IA 415,IA 415/2ND AVE & NW 54TH AVE,Collision with:  Vehicle in traffic,On Roadway,Rear-end (front to rear),Driving too fast for conditions,None Indicated,,Daylight,Dry,Cloudy,None apparent,Non-intersection:  Non-junction/no special feature,Paved,,Property Damage Only,0,0,0,0,0,0,6000,4,5,,POINT (-93.620220992129 41.658583022152)
2014818277,W14-095428,09/22/2014,09-September,2-Monday,17:39,1700 Hours,District 2 (Northeast),WATERLOO,BLACK HAWK,,WILLISTON AVE & JOHNSON ST,Collision with:  Vehicle in traffic,On Roadway,Broadside (front to side),Other (explain in narrative):  Vision obstructed,None Indicated,,Daylight,Dry,Clear,None apparent,Intersection:  T-intersection,Paved,,Property Damage Only,0,0,0,0,0,0,4000,2,2,,POINT (-92.341869419072 42.483925429205)
2014817995,14-1140,09/22/2014,09-September,2-Monday,11:38,1100 Hours,District 1 (Central),CLIVE,POLK,,UNIVERSITY AVE,Collision with:  Vehicle in traffic,On Roadway,Broadside (front to side),FTYROW:  Making left turn,None Indicated,,Daylight,Dry,Clear,None apparent,Intersection:  Four-way intersection,Paved,,Property Damage Only,0,0,0,0,0,0,2900,2,4,,POINT (-93.759258294534 41.60045413487)
2014821775,2014-20645,09/22/2014,09-September,2-Monday,12:27,1200 Hours,District 5 (Southeast),,WARREN,US 65,US 65,Collision with:  Vehicle in traffic,On Roadway,Rear-end (front to rear),Followed too close,None Indicated,,Daylight,Dry,Clear,None apparent,Non-intersection:  Crossover-related,Paved,,Fatal,1,1,0,0,1,0,15600,2,2,,POINT (-93.558309993157 41.448624596903)
2014818017,14-2100,09/22/2014,09-September,2-Monday,20:10,2000 Hours,District 1 (Central),URBANDALE,POLK,,AIRLINE AVE & 64TH ST,Collision with fixed object:  Traffic sign support,On Roadway,Non-collision (single vehicle),Ran off road - right,None Indicated,,Dark - roadway lighted,Dry,Clear,None apparent,Non-intersection:  Non-junction/no special feature,Paved,,Property Damage Only,0,0,0,0,0,0,5150,1,1,,POINT (-93.705337448712 41.632989294775)
2014818083,2014010613,09/22/2014,09-September,2-Monday,14:27,1400 Hours,District 6 (East Central),IOWA CITY,JOHNSON,IA 1,IA 1/DODGE ST & BROWN ST,Collision with:  Vehicle in traffic,On Roadway,"Sideswipe, same direction",Made improper turn,None Indicated,,Daylight,Dry,Clear,None apparent,Intersection:  Other intersection (explain in narrative),Paved,,Property Damage Only,0,0,0,0,0,0,15500,2,3,,POINT (-91.525666328377 41.670119765853)
2014818195,14-31391,09/22/2014,09-September,2-Monday,09:35,0900 Hours,District 3 (Northwest),SIOUX CITY,WOODBURY,,6TH ST,Collision with:  Vehicle in traffic,On Roadway,Rear-end (front to rear),Followed too close,None Indicated,,Daylight,Dry,Clear,None apparent,Non-intersection:  Non-junction/no special feature,Paved,,Property Damage Only,0,0,0,0,0,0,4500,3,3,,POINT (-96.391602683749 42.496469550836)
2014818418,14095467,09/22/2014,09-September,2-Monday,20:13,2000 Hours,District 2 (Northeast),CEDAR FALLS,BLACK HAWK,IA 57,IA 57/1ST ST & FRANKLIN ST & CENTER ST,Collision with:  Vehicle in traffic,On Roadway,Rear-end (front to rear),Other (explain in narrative):  Other,None Indicated,,Dark - roadway lighted,Dry,Clear,None apparent,Intersection:  Four-way intersection,Paved,,Minor Injury,0,1,0,1,0,0,6200,3,3,,POINT (-92.449514908551 42.537852527681)
2014818787,14-004436,09/22/2014,09-September,2-Monday,09:40,0900 Hours,District 1 (Central),AMES,STORY,,UNIVERSITY BLVD & IOWA STATE UNIVERSITY,Collision with:  Vehicle in traffic,On Roadway,Rear-end (front to rear),Followed too close,None Indicated,,Daylight,Dry,Clear,None apparent,Non-intersection:  Non-junction/no special feature,Paved,,Property Damage Only,0,0,0,0,0,0,1500,2,2,,POINT (-93.639412818845 42.006953581193)
2014819137,2014-037993,09/22/2014,09-September,2-Monday,08:15,0800 Hours,District 6 (East Central),DUBUQUE,DUBUQUE,US 61,US 61 & MAQUOKETA ST,Collision with:  Vehicle in traffic,On Roadway,Rear-end (front to rear),Lost Control,None Indicated,,Daylight,Dry,Clear,None apparent,Non-intersection:  Non-junction/no special feature,Paved,,Property Damage Only,0,0,0,0,0,0,3000,2,2,,POINT (-90.67789487708 42.454631716195)
2014818463,201403418,09/22/2014,09-September,2-Monday,17:10,1700 Hours,District 6 (East Central),,LINN,,Co Rd E48/MT VERNON RD,Collision with:  Animal,,,Animal,None Indicated,,,,,,,Paved,,Property Damage Only,0,0,0,0,0,0,3000,1,1,,POINT (-91.577303657757 41.976482804293)
2014821222,2014054802,09/22/2014,09-September,2-Monday,19:00,1900 Hours,District 5 (Southeast),,WASHINGTON,US 218,US 218,Collision with:  Animal,,,Animal,None Indicated,,,,,,,Paved,,Property Damage Only,0,0,0,0,0,0,5000,1,1,,POINT (-91.535299747667 41.279207552236)
2014817771,14-31384,09/22/2014,09-September,2-Monday,08:31,0800 Hours,District 3 (Northwest),SIOUX CITY,WOODBURY,,7TH ST,Collision with:  Vehicle in traffic,On Roadway,"Sideswipe, opposite direction",FTYROW:  Making left turn,None Indicated,,Daylight,Dry,Clear,None apparent,Intersection:  T-intersection,Paved,,Property Damage Only,0,0,0,0,0,0,2000,2,2,,POINT (-96.38432179505 42.497513445217)
2014819166,2014-38009,09/22/2014,09-September,2-Monday,17:46,1700 Hours,District 6 (East Central),DUBUQUE,DUBUQUE,,CEDAR CROSS RD,Collision with:  Vehicle in traffic,On Roadway,Rear-end (front to rear),Lost Control,None Indicated,,Daylight,Dry,Clear,None apparent,Intersection:  Four-way intersection,Paved,,Property Damage Only,0,0,0,0,0,0,2500,2,3,,POINT (-90.714671127342 42.49233791235)
2014818000,20140028136,09/22/2014,09-September,2-Monday,17:24,1700 Hours,District 1 (Central),DES MOINES,POLK,,INGERSOLL AVE,Collision with:  Vehicle in traffic,On Roadway,Rear-end (front to rear),Followed too close,None Indicated,,Daylight,Dry,Clear,None apparent,Non-intersection:  Non-junction/no special feature,Paved,,Property Damage Only,0,0,0,0,0,0,10000,3,5,,POINT (-93.652478988454 41.585689361656)
2014820368,,09/22/2014,09-September,2-Monday,06:45,0600 Hours,District 6 (East Central),DURANT,CEDAR,,5TH ST & 10TH AVE,Collision with fixed object:  Other fixed object (explain in narrative),Outside trafficway,Non-collision (single vehicle),"Operating vehicle in an reckless, erratic, careless, negligent manner",None Indicated,,Daylight,Dry,Clear,None apparent,Intersection:  T-intersection,Paved,,Property Damage Only,0,0,0,0,0,0,2400,1,1,,POINT (-90.905664279988 41.599841602765)
2014818362,20140028327,09/22/2014,09-September,2-Monday,12:00,1200 Hours,District 1 (Central),DES MOINES,POLK,,INDIANA AVE & 6TH AVE,Unknown,Unknown,Non-collision (single vehicle),Unknown,None Indicated,,Daylight,Unknown,Unknown,Unknown,Unknown,Paved,,Property Damage Only,0,0,0,0,0,0,1500,1,1,,POINT (-93.625753085099 41.602222100528)
2014817634,14019945,09/22/2014,09-September,2-Monday,07:24,0700 Hours,District 6 (East Central),MARION,LINN,,8TH AVE & 7TH ST,Collision with:  Vehicle in traffic,On Roadway,Broadside (front to side),Ran Stop Sign,None Indicated,,Daylight,Dry,Clear,None apparent,Intersection:  Four-way intersection,Paved,,Property Damage Only,0,0,0,0,0,0,3500,2,2,,POINT (-91.602775873402 42.034202332669)
2014818150,ACC14-022,09/22/2014,09-September,2-Monday,14:07,1400 Hours,District 2 (Northeast),CRESCO,HOWARD,,N PARK PL,Collision with:  Parked motor vehicle,On Roadway,"Sideswipe, same direction",Over correcting/over steering,None Indicated,,Daylight,Dry,Clear,None apparent,Non-intersection:  Non-junction/no special feature,Paved,,Property Damage Only,0,0,0,0,0,0,1500,2,1,,POINT (-92.115533214486 43.373837494111)
2014817702,20140028045,09/22/2014,09-September,2-Monday,00:00,0000 Hours,District 1 (Central),DES MOINES,POLK,,E GRAND AVE,Collision with:  Vehicle in traffic,On Roadway,"Sideswipe, same direction",Unknown,None Indicated,,Dark - roadway lighted,Dry,Clear,None apparent,Non-intersection:  Non-junction/no special feature,Paved,,Property Damage Only,0,0,0,0,0,0,3000,2,1,,POINT (-93.574751938291 41.595426707426)
2014818321,201414064,09/22/2014,09-September,2-Monday,11:25,1100 Hours,District 6 (East Central),CEDAR RAPIDS,LINN,,BLAIRS FERRY RD NE & COUNCIL ST NE,Collision with:  Vehicle in traffic,On Roadway,Broadside (front to side),Ran Traffic Signal,None Indicated,,Daylight,Dry,Clear,None apparent,Intersection:  Four-way intersection,Paved,,Property Damage Only,0,0,0,0,0,0,14000,2,2,,POINT (-91.65834977233 42.035252775527)
2014819404,2014-67076,09/22/2014,09-September,2-Monday,16:51,1600 Hours,District 6 (East Central),DAVENPORT,SCOTT,,W 12TH ST,Collision with:  Vehicle in traffic,On Roadway,"Sideswipe, same direction",Unknown,None Indicated,,Daylight,Dry,Clear,None apparent,Non-intersection:  Non-junction/no special feature,Paved,,Property Damage Only,0,0,0,0,0,0,2464,2,1,,POINT (-90.597354153675 41.531655743742)
2014822479,2014054713,09/22/2014,09-September,2-Monday,10:45,1000 Hours,District 1 (Central),,JASPER,I-80,I-80,Collision with:  Vehicle in traffic,On Roadway,Rear-end (front to rear),Ran off road - right,None Indicated,,Daylight,Dry,Clear,Work Zone (roadway-related),Non-intersection:  Non-junction/no special feature,Paved,Yes,Possible/Unknown,0,3,0,0,3,0,41000,4,4,,POINT (-93.330711547037 41.681298746453)
2014818012,20140028062,09/22/2014,09-September,2-Monday,07:20,0700 Hours,District 1 (Central),DES MOINES,POLK,,MADISON AVE & 47TH ST,Collision with:  Vehicle in traffic,On Roadway,"Sideswipe, opposite direction",Other (explain in narrative):  Vision obstructed,None Indicated,,Daylight,Dry,Clear,None apparent,Intersection:  T-intersection,Paved,,Property Damage Only,0,0,0,0,0,0,6000,2,2,,POINT (-93.681771405548 41.633131481403)
2014821034,S79140313,09/22/2014,09-September,2-Monday,20:00,2000 Hours,District 1 (Central),,POWESHIEK,IA 146,IA 146/IOWA 146,Collision with:  Animal,On Roadway,Non-collision (single vehicle),Animal,None Indicated,,Dark - roadway not lighted,Dry,Cloudy,None apparent,Non-intersection:  Non-junction/no special feature,Paved,,Property Damage Only,0,0,0,0,0,0,6000,1,2,,POINT (-92.727482303878 41.8221865677)
2014818272,,09/22/2014,09-September,2-Monday,14:00,1400 Hours,District 6 (East Central),CEDAR RAPIDS,LINN,I-380,I-380 & 33RD AVE SW,Collision with:  Vehicle in traffic,On Roadway,"Sideswipe, same direction",Unknown,None Indicated,,Daylight,Dry,Clear,,Non-intersection:  Other non-intersection (explain in narrative),Paved,,Minor Injury,0,1,0,1,0,0,6000,2,2,,POINT (-91.670472426349 41.945086444111)
2014822531,,09/22/2014,09-September,2-Monday,06:32,0600 Hours,District 3 (Northwest),MANNING,CARROLL,,5TH ST & SUE ST,Collision with:  Parked motor vehicle,On Roadway,"Sideswipe, same direction",Other (explain in narrative):  Vision obstructed,None Indicated,,Dawn,Dry,Rain,None apparent,Non-intersection:  Non-junction/no special feature,Paved,,Property Damage Only,0,0,0,0,0,0,4500,2,1,,POINT (-95.0596685899 41.90738780398)
2014818401,14-9788,09/22/2014,09-September,2-Monday,12:45,1200 Hours,District 3 (Northwest),CARROLL,CARROLL,,3RD ST & MAIN ST,Collision with:  Vehicle in traffic,On Roadway,Broadside (front to side),FTYROW:  From stop sign,None Indicated,,Daylight,Dry,Clear,None apparent,Unknown,Paved,,Property Damage Only,0,0,0,0,0,0,3500,2,2,,POINT (-94.868588616924 42.062663622461)
2014817962,2014-0217,09/22/2014,09-September,2-Monday,07:27,0700 Hours,District 5 (Southeast),CARLISLE,WARREN,,MARKET ST,Collision with:  Parked motor vehicle,On Roadway,Rear-end (front to rear),Separation of units,None Indicated,,Daylight,Dry,Clear,None apparent,Non-intersection:  Non-junction/no special feature,Paved,,Property Damage Only,0,0,0,0,0,0,7200,2,1,,POINT (-93.491613192111 41.500730816565)
2014819636,,09/22/2014,09-September,2-Monday,07:06,0700 Hours,District 2 (Northeast),SHELL ROCK,BUTLER,IA 3,IA 3/IOWA 3 & CENTER ST,Collision with:  Vehicle in traffic,On Roadway,Rear-end (front to rear),Other (explain in narrative):  Other,None Indicated,,Daylight,Dry,Clear,None apparent,Intersection:  T-intersection,Paved,,Major Injury,0,2,1,0,1,0,18000,2,5,,POINT (-92.569110692745 42.714983606082)
2014818089,14S01497,09/22/2014,09-September,2-Monday,13:09,1300 Hours,District 4 (Southwest),,UNION,,Co Rd H37/205TH ST & CHERRY ST RD,Collision with:  Vehicle in traffic,On Roadway,Rear-end (front to rear),Swerving/Evasive Action,None Indicated,,Daylight,Dry,Clear,None apparent,Intersection:  Four-way intersection,Unpaved,,Possible/Unknown,0,3,0,0,3,0,4500,2,4,,POINT (-94.357024716553 41.006586123643)
2014817598,W14-095298,09/22/2014,09-September,2-Monday,02:00,0200 Hours,District 2 (Northeast),WATERLOO,BLACK HAWK,,ELM ST,Collision with:  Vehicle in traffic,On Roadway,Unknown,Unknown,None Indicated,,Dark - roadway lighted,Dry,Clear,Unknown,Non-intersection:  Non-junction/no special feature,Paved,,Property Damage Only,0,0,0,0,0,0,2500,2,1,,POINT (-92.323868741758 42.496843092586)
2014818454,2014-67090,09/22/2014,09-September,2-Monday,17:32,1700 Hours,District 6 (East Central),DAVENPORT,SCOTT,,W LOCUST ST & N PINE ST,Collision with:  Vehicle in traffic,On Roadway,"Angle, oncoming left turn",FTYROW:  Making left turn,None Indicated,,Daylight,Dry,Clear,None apparent,Intersection:  Other intersection (explain in narrative),Paved,,Property Damage Only,0,0,0,0,0,0,8000,2,4,,POINT (-90.610715483231 41.53824779355)
2014818144,2014054814,09/22/2014,09-September,2-Monday,21:26,2100 Hours,District 5 (Southeast),,WARREN,I-35,I-35,Collision with:  Animal,,,Animal,None Indicated,,,,,,,Paved,,Property Damage Only,0,0,0,0,0,0,1501,1,1,,POINT (-93.780763135065 41.388060676608)
2014818622,2014054778,09/22/2014,09-September,2-Monday,15:44,1500 Hours,District 4 (Southwest),,POTTAWATTAMIE,I-680,I-680,Non-collision events:  Overturn/rollover,Roadside,Non-collision (single vehicle),Ran off road - right,None Indicated,,Daylight,Dry,Clear,None apparent,Non-intersection:  Non-junction/no special feature,Paved,,Minor Injury,0,1,0,1,0,0,40000,1,1,,POINT (-95.638789593244 41.498620066589)
2014817977,W14-095266,09/22/2014,09-September,2-Monday,07:43,0700 Hours,District 2 (Northeast),WATERLOO,BLACK HAWK,,EASTON AVE & SIOUX ST,Collision with:  Vehicle in traffic,On Roadway,Broadside (front to side),FTYROW:  From stop sign,None Indicated,,Daylight,Dry,Clear,None apparent,Intersection:  Four-way intersection,Paved,,Property Damage Only,0,0,0,0,0,0,3000,2,3,,POINT (-92.353358105045 42.47302168547)
2014827834,2014054764,09/22/2014,09-September,2-Monday,14:15,1400 Hours,District 5 (Southeast),,DES MOINES,US 61,US 61 & DODGEVILLE RD & 180TH ST,Collision with:  Vehicle in traffic,On Roadway,Rear-end (front to rear),Swerving/Evasive Action,None Indicated,,Daylight,Dry,Clear,None apparent,Intersection:  Four-way intersection,Paved,,Property Damage Only,0,0,0,0,0,0,14000,2,2,,POINT (-91.170113327546 40.942795384304)
2014818370,14-2098,09/22/2014,09-September,2-Monday,17:49,1700 Hours,District 1 (Central),URBANDALE,POLK,I-35,I-35 & IA 141/IOWA 141 &  NW URBANDALE DR,Collision with:  Vehicle in traffic,On Roadway,"Sideswipe, same direction",Other (explain in narrative):  Other,None Indicated,,Daylight,Dry,Clear,None apparent,Interchange-related:  Off-ramp,Paved,,Property Damage Only,0,0,0,0,0,0,2100,2,2,,POINT (-93.772433141989 41.647644959089)