Iowa DOT Case Number,Law Enforcement Case Number,Date of Crash,Month of Crash,Day of Week,Time of Crash,Hour,DOT District,City Name,County Name,Route with System,Location Description,First Harmful Event,Location of First Harmful Event,Manner of Crash/Collision,Major Cause,Drug or Alcohol ,Environmental Conditions,Light Conditions,Surface Conditions,Weather Conditions,Roadway Contribution,Roadway Type,Roadway Surface,Work Zone,Crash Severity,Number of Fatalities,Number of Injuries,Number of Major Injuries,Number of Minor Injuries,Number of Possible Injuries,Number of Unknown Injuries,Amount of Property Damage,Number of Vehicles Involved,Total Number of Occupants,Travel Direction,Location
2014820057,14-029730,09/24/2014,09-September,4-Wednesday,17:10,1700 Hours,District 5 (Southeast),,LEE,,PEACH ORCHARD RD,Collision with fixed object:  Culvert/pipe opening,Roadside,Non-collision (single vehicle),Over correcting/over steering,None Indicated,,Daylight,Dry,Cloudy,"Surface condition (e.g., wet, icy)",Non-intersection:  Non-junction/no special feature,Paved,,Property Damage Only,0,0,0,0,0,0,5000,1,1,,POINT (-91.464127975649 40.538180510113)
2014818468,14-4747,09/24/2014,09-September,4-Wednesday,11:00,1100 Hours,District 4 (Southwest),WEST DES MOINES,DALLAS,,S 60TH ST,Non-collision events:  Other non-collision (explain in narrative),On Roadway,Non-collision (single vehicle),Driving too fast for conditions,None Indicated,,Daylight,"Mud, dirt",Rain,"Surface condition (e.g., wet, icy)",Non-intersection:  Non-junction/no special feature,Paved,,Property Damage Only,0,0,0,0,0,0,5000,1,2,,POINT (-93.792013084881 41.545081841013)
2014819395,14-001178,09/24/2014,09-September,4-Wednesday,17:00,1700 Hours,District 1 (Central),JOHNSTON,POLK,,NW 62ND AVE,Collision with:  Vehicle in traffic,On Roadway,Rear-end (front to rear),Lost Control,None Indicated,,Daylight,Dry,Clear,None apparent,Non-intersection:  Non-junction/no special feature,Paved,,Property Damage Only,0,0,0,0,0,0,2000,2,2,,POINT (-93.700668044358 41.67296449043)
2014818365,20140028363,09/24/2014,09-September,4-Wednesday,16:45,1600 Hours,District 1 (Central),DES MOINES,POLK,,MARION ST & SW 9TH ST,Collision with:  Vehicle in traffic,On Roadway,Rear-end (front to rear),Unknown,None Indicated,,Daylight,Dry,Cloudy,None apparent,Intersection:  Four-way intersection,Paved,,Property Damage Only,0,0,0,0,0,0,1500,2,2,,POINT (-93.625762283174 41.547250672332)
2014818470,CL4003401,09/24/2014,09-September,4-Wednesday,16:08,1600 Hours,District 6 (East Central),CLINTON,CLINTON,,SPRINGDALE DR,Collision with:  Parked motor vehicle,On Roadway,Rear-end (front to rear),Over correcting/over steering,None Indicated,,Daylight,Dry,Cloudy,None apparent,Non-intersection:  Non-junction/no special feature,Paved,,Property Damage Only,0,0,0,0,0,0,2650,2,777,,POINT (-90.2060932272 41.859837808168)
2014818466,14-4745,09/24/2014,09-September,4-Wednesday,12:59,1200 Hours,District 1 (Central),WEST DES MOINES,POLK,,GRAND AVE,Collision with:  Vehicle in traffic,On Roadway,Rear-end (front to rear),Other (explain in narrative):  Other,None Indicated,,Daylight,Wet,Rain,None apparent,Non-intersection:  Non-junction/no special feature,Paved,,Property Damage Only,0,0,0,0,0,0,4000,2,2,,POINT (-93.768527254625 41.541178920075)
2014818588,14-008629,09/24/2014,09-September,4-Wednesday,15:04,1500 Hours,District 6 (East Central),INDEPENDENCE,BUCHANAN,,1ST ST W & 9TH AVE SW,Collision with:  Vehicle in traffic,On Roadway,Rear-end (front to rear),Other (explain in narrative):  Other,None Indicated,,Daylight,Wet,Rain,"Surface condition (e.g., wet, icy)",Non-intersection:  Non-junction/no special feature,Paved,,Property Damage Only,0,0,0,0,0,0,2500,2,4,,POINT (-91.903886145836 42.468586694352)
2014818207,14-31649,09/24/2014,09-September,4-Wednesday,11:07,1100 Hours,District 3 (Northwest),SIOUX CITY,WOODBURY,,PEARL ST,Collision with:  Vehicle in traffic,On Roadway,Rear-end (front to rear),Followed too close,None Indicated,,Daylight,Dry,Clear,None apparent,Non-intersection:  Non-junction/no special feature,Paved,,Possible/Unknown,0,1,0,0,1,0,250,2,4,,POINT (-96.40787787857 42.495698060207)
2014818246,2014010677,09/24/2014,09-September,4-Wednesday,08:22,0800 Hours,District 6 (East Central),IOWA CITY,JOHNSON,,DEFOREST AVE & YEWELL ST,Collision with:  Parked motor vehicle,On Roadway,"Sideswipe, same direction",Other (explain in narrative):  Other,None Indicated,,Daylight,Dry,Clear,None apparent,Intersection:  T-intersection,Paved,,Property Damage Only,0,0,0,0,0,0,2900,2,56,,POINT (-91.51694385145 41.644013754826)
2014818359,20140028303,09/24/2014,09-September,4-Wednesday,07:46,0700 Hours,District 1 (Central),DES MOINES,POLK,IA 163,IA 163/E UNIVERSITY AVE,Collision with:  Vehicle in traffic,On Roadway,Rear-end (front to rear),Driving too fast for conditions,None Indicated,,Daylight,Wet,Rain,"Surface condition (e.g., wet, icy)",Non-intersection:  Non-junction/no special feature,Paved,,Possible/Unknown,0,2,0,0,2,0,8500,3,4,,POINT (-93.580881083602 41.60052102525)
2014819434,2014055040,09/24/2014,09-September,4-Wednesday,07:15,0700 Hours,District 4 (Southwest),,POTTAWATTAMIE,I-80,I-80,Collision with:  Vehicle in traffic,On Roadway,Rear-end (front to rear),Ran off road - right,None Indicated,,Daylight,Wet,Cloudy,None apparent,Non-intersection:  Non-junction/no special feature,Paved,,Minor Injury,0,1,0,1,0,0,3000,2,2,,POINT (-95.697425240591 41.354932139689)
2014818335,14012769,09/24/2014,09-September,4-Wednesday,08:43,0800 Hours,District 4 (Southwest),,MILLS,I-29,I-29,Collision with fixed object:  Tree,On Roadway,Non-collision (single vehicle),Crossed centerline (undivided),None Indicated,,Daylight,Dry,Cloudy,None apparent,Non-intersection:  Non-junction/no special feature,Paved,,Property Damage Only,0,0,0,0,0,0,2500,1,2,,POINT (-95.823605710897 41.12207747243)
2014820032,14096017,09/24/2014,09-September,4-Wednesday,15:27,1500 Hours,District 2 (Northeast),CEDAR FALLS,BLACK HAWK,IA 57,IA 57/WEST 1ST ST & MAGNOLIA DR & OAK PARK BLVD,Collision with:  Vehicle in traffic,On Roadway,Broadside (front to side),Ran Traffic Signal,None Indicated,,Daylight,Wet,Rain,None apparent,Unknown,Paved,,Possible/Unknown,0,2,0,0,0,2,8000,2,2,,POINT (-92.473837038312 42.540380336847)
2014818850,2014-67564,09/24/2014,09-September,4-Wednesday,15:57,1500 Hours,District 6 (East Central),DAVENPORT,SCOTT,,IA 461/WELCOME WAY & W 53RD ST,Collision with:  Vehicle in traffic,On Roadway,"Angle, oncoming left turn",Ran Traffic Signal,None Indicated,,Daylight,Dry,Cloudy,None apparent,Intersection:  Other intersection (explain in narrative),Paved,,Property Damage Only,0,0,0,0,0,0,14000,2,3,,POINT (-90.57165686298 41.574544474554)
2014818587,14095970,09/24/2014,09-September,4-Wednesday,11:49,1100 Hours,District 2 (Northeast),CEDAR FALLS,BLACK HAWK,,20TH ST & OLIVE ST,Collision with:  Vehicle in traffic,On Roadway,Broadside (front to side),FTYROW:  From yield sign,None Indicated,,Daylight,Wet,Rain,None apparent,Intersection:  Four-way intersection,Paved,,Property Damage Only,0,0,0,0,0,0,17000,2,2,,POINT (-92.454701427042 42.519793681948)
2014818242,14-040764,09/24/2014,09-September,4-Wednesday,07:24,0700 Hours,District 4 (Southwest),COUNCIL BLUFFS,POTTAWATTAMIE,,9TH AVE & S 32ND ST,Collision with:  Vehicle in traffic,On Roadway,Broadside (front to side),FTYROW:  From stop sign,None Indicated,,Dawn,Dry,Cloudy,None apparent,Intersection:  Four-way intersection,Paved,,Minor Injury,0,1,0,1,0,0,4000,2,2,,POINT (-95.895885968561 41.253657610122)
2014818356,20140028293,09/24/2014,09-September,4-Wednesday,01:20,0100 Hours,District 5 (Southeast),DES MOINES,WARREN,,CO LINE RD,Non-collision events:  Overturn/rollover,Unknown,Non-collision (single vehicle),Ran off road - left,None Indicated,,Dark - roadway not lighted,"Mud, dirt",Clear,Unknown,Non-intersection:  Non-junction/no special feature,Paved,,Property Damage Only,0,0,0,0,0,0,5000,1,1,,POINT (-93.640378863598 41.512077610763)
2014818341,14-1150,09/24/2014,09-September,4-Wednesday,11:50,1100 Hours,District 1 (Central),CLIVE,POLK,US 6,US 6/HICKMAN RD,Collision with:  Vehicle in traffic,On Roadway,Rear-end (front to rear),Other (explain in narrative):  Other,None Indicated,,Daylight,Wet,Rain,None apparent,Intersection:  Four-way intersection,Paved,,Property Damage Only,0,0,0,0,0,0,2500,3,3,,POINT (-93.754817934818 41.614831829711)
2014819007,14175,09/24/2014,09-September,4-Wednesday,11:20,1100 Hours,District 5 (Southeast),PELLA,MARION,,UNIVERSITY ST & PRAIRIE ST,Collision with:  Vehicle in traffic,On Roadway,Rear-end (front to rear),Followed too close,None Indicated,,Daylight,Dry,Cloudy,None apparent,Non-intersection:  Non-junction/no special feature,Paved,,Property Damage Only,0,0,0,0,0,0,2050,2,3,,POINT (-92.908853846823 41.400014315561)
2014819765,14098429,09/24/2014,09-September,4-Wednesday,11:30,1100 Hours,District 2 (Northeast),CEDAR FALLS,BLACK HAWK,,HUDSON RD,Collision with:  Vehicle in traffic,On Roadway,Rear-end (front to rear),Driving too fast for conditions,None Indicated,,Daylight,Wet,Cloudy,None apparent,Non-intersection:  Non-junction/no special feature,Paved,,Minor Injury,0,2,0,1,1,0,5000,2,9,,POINT (-92.465492154829 42.499284210725)
2014819036,14-11179,09/24/2014,09-September,4-Wednesday,07:45,0700 Hours,District 3 (Northwest),,SIOUX,,Co Rd K42/GARFIELD AVE,Collision with:  Other non-fixed object (explain in narrative),Roadside,Broadside (front to side),Ran off road - left,None Indicated,,Daylight,Dry,Cloudy,None apparent,Non-intersection:  Driveway access (within),Paved,,Possible/Unknown,0,1,0,0,1,0,11550,2,1,,POINT (-96.235190171386 43.130404106388)
2014818340,14-004123,09/24/2014,09-September,4-Wednesday,10:54,1000 Hours,District 1 (Central),ANKENY,POLK,US 69,US 69/S ANKENY BLVD & SE 8TH ST,Collision with:  Vehicle in traffic,On Roadway,Broadside (front to side),Ran Traffic Signal,None Indicated,,Daylight,Wet,Rain,None apparent,Intersection:  T-intersection,Paved,,Property Damage Only,0,0,0,0,0,0,3500,2,2,,POINT (-93.6004170291 41.723368136072)
2014818625,2014055159,09/24/2014,09-September,4-Wednesday,20:11,2000 Hours,District 4 (Southwest),WEST DES MOINES,DALLAS,I-80,I-80,Collision with:  Animal,On Roadway,Non-collision (single vehicle),Animal,None Indicated,,Dark - roadway not lighted,Dry,Clear,None apparent,Non-intersection:  Non-junction/no special feature,Paved,,Property Damage Only,0,0,0,0,0,0,6900,1,5,,POINT (-93.858184394528 41.566908961347)
2014818992,1409242771,09/24/2014,09-September,4-Wednesday,10:30,1000 Hours,District 6 (East Central),,CLINTON,,Co Rd F12/220 ST & 425 AVE,Collision with:  Vehicle in traffic,On Roadway,Broadside (front to side),Swerving/Evasive Action,None Indicated,,Daylight,Dry,Clear,None apparent,Non-intersection:  Non-junction/no special feature,Paved,,Possible/Unknown,0,1,0,0,1,0,5000,2,2,,POINT (-90.266054162634 41.859174534514)
2014818631,,09/24/2014,09-September,4-Wednesday,10:10,1000 Hours,District 2 (Northeast),NASHUA,CHICKASAW,US 218,US 218/NE RAMP/SE RAMP & IA 346/SAMPLE ST,Collision with:  Vehicle in traffic,On Roadway,Broadside (front to side),Ran Stop Sign,None Indicated,,Daylight,Dry,Cloudy,None apparent,Intersection:  Intersection with ramp,Paved,,Possible/Unknown,0,1,0,0,1,0,9000,2,2,,POINT (-92.548965474113 42.953196112913)
2014818402,14-9852,09/24/2014,09-September,4-Wednesday,15:43,1500 Hours,District 3 (Northwest),CARROLL,CARROLL,US 30,US 30 & HEIRES AVE,Collision with:  Vehicle in traffic,On Roadway,Rear-end (front to rear),Followed too close,None Indicated,,Daylight,Dry,Clear,None apparent,Non-intersection:  Non-junction/no special feature,Paved,,Property Damage Only,0,0,0,0,0,0,5500,2,2,,POINT (-94.88217680673 42.076283810411)
2014819406,2014-67505,09/24/2014,09-September,4-Wednesday,10:17,1000 Hours,District 6 (East Central),DAVENPORT,SCOTT,,KIMBERLY RD,Collision with:  Vehicle in traffic,On Roadway,Rear-end (front to rear),FTYROW:  Other (explain in narrative),None Indicated,,Daylight,Dry,Clear,None apparent,Non-intersection:  Non-junction/no special feature,Paved,,Property Damage Only,0,0,0,0,0,0,2000,2,2,,POINT (-90.523782396729 41.551187094087)
2014819820,14-007998,09/24/2014,09-September,4-Wednesday,16:25,1600 Hours,District 2 (Northeast),SAINT OLAF,CLAYTON,,HILL ST,Collision with:  Parked motor vehicle,On Roadway,Rear-end (front to rear),FTYROW:  From driveway,None Indicated,,Daylight,Dry,Cloudy,None apparent,Non-intersection:  Driveway access (within),Paved,,Property Damage Only,0,0,0,0,0,0,1600,2,4,,POINT (-91.388309330078 42.928383627259)
2014818851,2014-67578,09/24/2014,09-September,4-Wednesday,16:53,1600 Hours,District 6 (East Central),DAVENPORT,SCOTT,,E LOCUST ST & IOWA ST,Collision with:  Vehicle in traffic,On Roadway,Rear-end (front to rear),Followed too close,None Indicated,,Daylight,Dry,Clear,None apparent,Intersection:  Four-way intersection,Paved,,Possible/Unknown,0,1,0,0,1,0,4000,2,3,,POINT (-90.569658678399 41.538269563264)
2014819584,14-95958,09/24/2014,09-September,4-Wednesday,10:58,1000 Hours,District 2 (Northeast),WATERLOO,BLACK HAWK,US 63,US 63/W 1ST ST & JEFFERSON ST,Collision with:  Vehicle in traffic,On Roadway,"Sideswipe, same direction",Made improper turn,None Indicated,,Daylight,Wet,Rain,None apparent,Intersection:  Four-way intersection,Paved,,Property Damage Only,0,0,0,0,0,0,4000,2,2,,POINT (-92.344967791491 42.4971637559)
2014818395,14008344,09/24/2014,09-September,4-Wednesday,23:55,2300 Hours,District 6 (East Central),,DELAWARE,IA 13,IA 13/IOWA 13,Collision with:  Animal,,,Animal,None Indicated,,,,,,,Paved,,Property Damage Only,0,0,0,0,0,0,2500,1,1,,POINT (-91.479445908724 42.478078053202)
2014820358,145093,09/24/2014,09-September,4-Wednesday,09:13,0900 Hours,District 1 (Central),IOWA FALLS,HARDIN,,ROCKSYLVANIA AVE & STEVENS ST,Collision with:  Vehicle in traffic,On Roadway,Rear-end (front to rear),Driver Distraction:  Reaching for object(s)/fallen object(s),None Indicated,,Daylight,Wet,Rain,None apparent,Non-intersection:  Non-junction/no special feature,Paved,,Property Damage Only,0,0,0,0,0,0,5000,2,1,,POINT (-93.264177116029 42.521443953472)
2014818393,14-34065,09/24/2014,09-September,4-Wednesday,07:55,0700 Hours,District 5 (Southeast),BURLINGTON,DES MOINES,,DIVISION ST & W BURLINGTON AVE,Collision with:  Vehicle in traffic,On Roadway,"Sideswipe, same direction","Operating vehicle in an reckless, erratic, careless, negligent manner",None Indicated,,Daylight,Dry,Cloudy,None apparent,Non-intersection:  Non-junction/no special feature,Paved,,Property Damage Only,0,0,0,0,0,0,5000,2,3,,POINT (-91.15229259399 40.806322859826)
2014818436,CL14003398,09/24/2014,09-September,4-Wednesday,12:10,1200 Hours,District 6 (East Central),CLINTON,CLINTON,US 30,US 30/LINCOLN WAY,Collision with:  Vehicle in traffic,On Roadway,Rear-end (front to rear),Followed too close,None Indicated,,Daylight,Dry,Cloudy,None apparent,Non-intersection:  Non-junction/no special feature,Paved,,Property Damage Only,0,0,0,0,0,0,7000,2,2,,POINT (-90.242281761358 41.815549235635)
2014818217,14-4740,09/24/2014,09-September,4-Wednesday,07:36,0700 Hours,District 1 (Central),WEST DES MOINES,POLK,,ASHWORTH RD & 28TH ST,Collision with:  Vehicle in traffic,On Roadway,"Angle, oncoming left turn",FTYROW:  Making left turn,None Indicated,,Daylight,Wet,Rain,None apparent,Intersection:  T-intersection,Paved,,Minor Injury,0,2,0,2,0,0,2400,2,2,,POINT (-93.742554074125 41.584710539679)
2014818343,20140028326,09/24/2014,09-September,4-Wednesday,11:53,1100 Hours,District 1 (Central),DES MOINES,POLK,,HUBBELL AVE,Collision with:  Vehicle in traffic,On Roadway,Rear-end (front to rear),Unknown,None Indicated,,Daylight,Wet,Rain,None apparent,Non-intersection:  Non-junction/no special feature,Paved,,Minor Injury,0,2,0,2,0,0,4000,2,4,,POINT (-93.570221213538 41.608248557151)
2014818467,14-4755,09/24/2014,09-September,4-Wednesday,16:55,1600 Hours,District 1 (Central),WEST DES MOINES,POLK,,UNIVERSITY AVE,Collision with:  Vehicle in traffic,On Roadway,Rear-end (front to rear),Followed too close,None Indicated,,Daylight,Dry,Cloudy,None apparent,Non-intersection:  Non-junction/no special feature,Paved,,Possible/Unknown,0,1,0,0,1,0,4200,2,2,,POINT (-93.785021340875 41.600407200646)
2014818813,201400047201,09/24/2014,09-September,4-Wednesday,22:35,2200 Hours,District 5 (Southeast),OTTUMWA,WAPELLO,US 34,US 34 & US 63,Non-collision events:  Other non-collision (explain in narrative),Shoulder,Non-collision (single vehicle),Unknown,None Indicated,,Dark - roadway lighted,Dry,Clear,None apparent,Intersection:  Other intersection (explain in narrative),Paved,,Property Damage Only,0,0,0,0,0,0,5000,1,1,,POINT (-92.404582598118 41.000848866813)
2014818406,2014-4719,09/24/2014,09-September,4-Wednesday,18:12,1800 Hours,District 4 (Southwest),WAUKEE,DALLAS,,ALICES RD & SE FRONTIER AVE,Collision with:  Vehicle in traffic,On Roadway,Rear-end (front to rear),Swerving/Evasive Action,None Indicated,,Daylight,Dry,Cloudy,None apparent,Non-intersection:  Non-junction/no special feature,Paved,,Property Damage Only,0,0,0,0,0,0,3500,3,6,,POINT (-93.852927765335 41.604931432973)
2014818435,14095971,09/24/2014,09-September,4-Wednesday,11:59,1100 Hours,District 2 (Northeast),WATERLOO,BLACK HAWK,,W 8TH ST & RANDOLPH ST,Collision with:  Vehicle in traffic,On Roadway,Broadside (front to side),Other (explain in narrative):  Other,None Indicated,,Daylight,Wet,Clear,None apparent,Intersection:  Four-way intersection,Paved,,Property Damage Only,0,0,0,0,0,0,10000,2,2,,POINT (-92.340240076144 42.488455009753)
2014819043,14-011677,09/24/2014,09-September,4-Wednesday,15:18,1500 Hours,District 1 (Central),TRAER,TAMA,US 63,US 63/N MAIN ST & WOODLAWN AVE,Collision with:  Vehicle in traffic,On Roadway,Rear-end (front to rear),Followed too close,None Indicated,,Daylight,Dry,Clear,Work Zone (roadway-related),Non-intersection:  Non-junction/no special feature,Paved,Yes,Possible/Unknown,0,1,0,0,0,1,4000,2,2,,POINT (-92.465475372278 42.196022300138)
2014818612,SO14-1164,09/24/2014,09-September,4-Wednesday,20:07,2000 Hours,District 2 (Northeast),EAGLE GROVE,WRIGHT,,Co Rd C54/270TH ST,Collision with:  Animal,,,Animal,None Indicated,,,,,,,Paved,,Property Damage Only,0,0,0,0,0,0,5000,1,1,,POINT (-93.94612619358 42.662671367804)
2014818363,20140028329,09/24/2014,09-September,4-Wednesday,12:15,1200 Hours,District 1 (Central),DES MOINES,POLK,US 69,US 69/E 15TH ST & DES MOINES ST,Collision with:  Vehicle in traffic,On Roadway,Broadside (front to side),Ran Traffic Signal,None Indicated,,Daylight,Wet,Rain,None apparent,Intersection:  Four-way intersection,Paved,,Property Damage Only,0,0,0,0,0,0,10000,2,4,,POINT (-93.595685805271 41.59495985958)
2014818231,14-040792,09/24/2014,09-September,4-Wednesday,12:49,1200 Hours,District 4 (Southwest),COUNCIL BLUFFS,POTTAWATTAMIE,,W MADISON & GRAHAM AVE,Collision with:  Vehicle in traffic,On Roadway,Rear-end (front to rear),Other (explain in narrative):  No improper action,None Indicated,,Daylight,Dry,Clear,Other (explain in narrative),Intersection:  T-intersection,Paved,,Property Damage Only,0,0,0,0,0,0,2000,2,2,,POINT (-95.839236708287 41.257303234771)
2014818345,20140028384,09/24/2014,09-September,4-Wednesday,22:42,2200 Hours,District 1 (Central),DES MOINES,POLK,US 69,US 69/E 14TH ST & THOMPSON AVE,Collision with:  Vehicle in traffic,On Roadway,"Angle, oncoming left turn",FTYROW:  Making left turn,None Indicated,,Dark - roadway lighted,Dry,Cloudy,None apparent,Intersection:  Four-way intersection,Paved,,Property Damage Only,0,0,0,0,0,0,9000,2,4,,POINT (-93.600510726079 41.613228445314)
2014818351,20140028380,09/24/2014,09-September,4-Wednesday,20:39,2000 Hours,District 1 (Central),DES MOINES,POLK,US 6,US 6/DOUGLAS AVE & 37TH ST,Collision with:  Vehicle in traffic,On Roadway,Rear-end (front to rear),Unknown,None Indicated,,Dark - roadway lighted,Dry,Clear,None apparent,Non-intersection:  Non-junction/no special feature,Paved,,Property Damage Only,0,0,0,0,0,0,2000,2,2,,POINT (-93.66723106074 41.629523860022)
2014818500,14-34149,09/24/2014,09-September,4-Wednesday,19:03,1900 Hours,District 5 (Southeast),,DES MOINES,,Co Rd H40/PLEASANT GROVE RD,Collision with:  Animal,,,Animal,None Indicated,,,,,,,Paved,,Property Damage Only,0,0,0,0,0,0,3000,1,1,,POINT (-91.250558218407 40.972553760778)
2014819585,14-95986,09/24/2014,09-September,4-Wednesday,13:13,1300 Hours,District 2 (Northeast),WATERLOO,BLACK HAWK,,SUMNER ST & MOBILE ST,Collision with:  Vehicle in traffic,On Roadway,"Sideswipe, same direction",FTYROW:  From parked position,None Indicated,,Daylight,Wet,Cloudy,None apparent,Non-intersection:  Non-junction/no special feature,Paved,,Property Damage Only,0,0,0,0,0,0,4000,2,2,,POINT (-92.322856801964 42.508292521539)
2014820778,201414161,09/24/2014,09-September,4-Wednesday,01:00,0100 Hours,District 6 (East Central),CEDAR RAPIDS,LINN,,E AVE NW,Collision with fixed object:  Ditch,On Roadway,Non-collision (single vehicle),Ran off road - right,Alcohol (Statutory),,Dark - roadway lighted,Dry,Cloudy,None apparent,Non-intersection:  Non-junction/no special feature,Paved,,Possible/Unknown,0,1,0,0,1,0,5020,1,1,,POINT (-91.695784285282 41.978142364118)
2014818255,14-040799,09/24/2014,09-September,4-Wednesday,13:29,1300 Hours,District 4 (Southwest),COUNCIL BLUFFS,POTTAWATTAMIE,,7TH AVE,Collision with:  Parked motor vehicle,On Roadway,Unknown,Improper Backing,None Indicated,,Daylight,Dry,Cloudy,None apparent,Non-intersection:  Non-junction/no special feature,Paved,,Property Damage Only,0,0,0,0,0,0,3000,2,1,,POINT (-95.857800322891 41.255222445322)
2014818381,14-31668,09/24/2014,09-September,4-Wednesday,12:48,1200 Hours,District 3 (Northwest),SIOUX CITY,WOODBURY,,TRANSIT AVE & S CECELIA ST,Collision with:  Vehicle in traffic,On Roadway,Broadside (front to side),Ran Stop Sign,None Indicated,,Daylight,Dry,Clear,None apparent,Intersection:  Four-way intersection,Paved,,Minor Injury,0,1,0,1,0,0,4000,2,2,,POINT (-96.367501818969 42.470482640694)
2014818372,14-0836,09/24/2014,09-September,4-Wednesday,09:25,0900 Hours,District 1 (Central),WINDSOR HEIGHTS,POLK,,BUFFALO RD & 73RD ST,Collision with:  Vehicle in traffic,On Roadway,"Angle, oncoming left turn",FTYROW:  Making left turn,None Indicated,,Daylight,Wet,Rain,None apparent,Intersection:  Four-way intersection,Paved,,Property Damage Only,0,0,0,0,0,0,5500,2,3,,POINT (-93.718380315529 41.597699423715)
2014819296,14-0535,09/24/2014,09-September,4-Wednesday,18:49,1800 Hours,District 1 (Central),,WEBSTER,US 169,US 169 & Co Rd D14/170TH ST,Collision with:  Vehicle in traffic,On Roadway,Rear-end (front to rear),FTYROW:  From parked position,None Indicated,,Daylight,Dry,Clear,None apparent,Intersection:  Four-way intersection,Paved,,Possible/Unknown,0,1,0,0,1,0,8000,2,2,,POINT (-94.22720970283 42.544013345082)
2014820133,,09/24/2014,09-September,4-Wednesday,07:32,0700 Hours,District 3 (Northwest),SIOUX CITY,WOODBURY,,STONE PARK BLVD & HAMILTON BLVD,Collision with:  Vehicle in traffic,On Roadway,Broadside (front to side),Ran Traffic Signal,None Indicated,,Daylight,Dry,"Blowing sand, soil, dirt",None apparent,Intersection:  Four-way intersection,Paved,,Minor Injury,0,3,0,2,1,0,21500,4,4,,POINT (-96.415262059805 42.525588898602)
2014818218,14-4748,09/24/2014,09-September,4-Wednesday,11:34,1100 Hours,District 1 (Central),WEST DES MOINES,POLK,,MAPLE ST,Collision with:  Vehicle in traffic,On Roadway,Broadside (front to side),Other (explain in narrative):  Other,None Indicated,,Daylight,Wet,Rain,None apparent,Non-intersection:  Alley,Paved,,Possible/Unknown,0,1,0,0,1,0,5500,2,2,,POINT (-93.709557334099 41.571083785153)
2014818955,14096050,09/24/2014,09-September,4-Wednesday,07:45,0700 Hours,District 2 (Northeast),CEDAR FALLS,BLACK HAWK,IA 27,IA 27,Collision with:  Animal,On Roadway,Non-collision (single vehicle),Animal,None Indicated,,Dark - roadway not lighted,Dry,Cloudy,None apparent,Non-intersection:  Non-junction/no special feature,Paved,,Property Damage Only,0,0,0,0,0,0,1600,1,1,,POINT (-92.442448481127 42.519059288154)
2014818189,14-002206,09/24/2014,09-September,4-Wednesday,07:50,0700 Hours,District 1 (Central),ALTOONA,POLK,,2ND ST NW & 1ST AVE N,Collision with:  Vehicle in traffic,On Roadway,Rear-end (front to rear),Other (explain in narrative):  Other,None Indicated,,Daylight,Wet,Rain,None apparent,Non-intersection:  Non-junction/no special feature,Paved,,Property Damage Only,0,0,0,0,0,0,4500,2,2,,POINT (-93.464595224426 41.653084468158)
2014818392,14-18598,09/24/2014,09-September,4-Wednesday,20:00,2000 Hours,District 2 (Northeast),,BREMER,IA 3,IA 3/IOWA 3,Collision with:  Animal,,,Animal,None Indicated,,,,,,,Paved,,Property Damage Only,0,0,0,0,0,0,2000,1,1,,POINT (-92.397991275523 42.714986500938)
2014818892,14145306,09/24/2014,09-September,4-Wednesday,14:34,1400 Hours,District 6 (East Central),NORTH LIBERTY,JOHNSON,,Co Rd W66/DUBUQUE ST/S DUBUQUE ST & JUNIPER ST,Collision with:  Vehicle in traffic,On Roadway,"Sideswipe, opposite direction",Crossed centerline (undivided),None Indicated,,Daylight,Dry,Cloudy,None apparent,Intersection:  Four-way intersection,Paved,,Property Damage Only,0,0,0,0,0,0,2500,2,3,,POINT (-91.589217504991 41.741882218516)
2014818173,14005668,09/24/2014,09-September,4-Wednesday,08:24,0800 Hours,District 3 (Northwest),SHELDON,OBRIEN,US 18,US 18/2ND AVE/PARK ST,Collision with:  Vehicle in traffic,On Roadway,"Sideswipe, same direction",Other (explain in narrative):  Other,None Indicated,,Daylight,Dry,Cloudy,None apparent,Intersection:  Four-way intersection,Paved,,Property Damage Only,0,0,0,0,0,0,2800,2,2,,POINT (-95.854238650293 43.185877159784)
2014818357,20140028297,09/24/2014,09-September,4-Wednesday,06:46,0600 Hours,District 1 (Central),DES MOINES,POLK,US 69,US 69/SE 14TH ST & E RAILROAD AVE,Collision with:  Vehicle in traffic,On Roadway,Rear-end (front to rear),Followed too close,None Indicated,,Dark - roadway lighted,Wet,Rain,None apparent,Non-intersection:  Non-junction/no special feature,Paved,,Possible/Unknown,0,1,0,0,1,0,3500,2,2,,POINT (-93.596881682013 41.578893714273)
2014818398,14-016367,09/24/2014,09-September,4-Wednesday,06:29,0600 Hours,District 5 (Southeast),,HENRY,,Co Rd J20/SALEM RD,Collision with:  Animal,On Roadway,Non-collision (single vehicle),Animal,None Indicated,,Dawn,Dry,Clear,None apparent,Non-intersection:  Non-junction/no special feature,Paved,,Property Damage Only,0,0,0,0,0,0,5500,1,1,,POINT (-91.528364378088 40.842478364752)
2014818339,14-004120,09/24/2014,09-September,4-Wednesday,07:59,0700 Hours,District 1 (Central),ANKENY,POLK,,SW MAGAZINE RD,Collision with:  Vehicle in traffic,On Roadway,Rear-end (front to rear),Other (explain in narrative):  Other,None Indicated,,Daylight,Wet,Rain,None apparent,Intersection:  T-intersection,Paved,,Property Damage Only,0,0,0,0,0,0,4000,2,2,,POINT (-93.609004718176 41.717369283982)