Iowa DOT Case Number,Law Enforcement Case Number,Date of Crash,Month of Crash,Day of Week,Time of Crash,Hour,DOT District,City Name,County Name,Route with System,Location Description,First Harmful Event,Location of First Harmful Event,Manner of Crash/Collision,Major Cause,Drug or Alcohol ,Environmental Conditions,Light Conditions,Surface Conditions,Weather Conditions,Roadway Contribution,Roadway Type,Roadway Surface,Work Zone,Crash Severity,Number of Fatalities,Number of Injuries,Number of Major Injuries,Number of Minor Injuries,Number of Possible Injuries,Number of Unknown Injuries,Amount of Property Damage,Number of Vehicles Involved,Total Number of Occupants,Travel Direction,Location
2014818832,14-16419,09/24/2014,09-September,4-Wednesday,19:45,1900 Hours,District 5 (Southeast),,HENRY,US 218,US 218,Collision with:  Animal,,,Animal,None Indicated,,,,,,,Paved,,Property Damage Only,0,0,0,0,0,0,1500,1,1,,POINT (-91.564765810363 40.843117235326)
2014818614,CL14003403,09/24/2014,09-September,4-Wednesday,17:44,1700 Hours,District 6 (East Central),CLINTON,CLINTON,US 30,US 30/8TH AVE S/S 4TH ST & US 67,Collision with:  Vehicle in traffic,On Roadway,"Sideswipe, same direction",Unknown,None Indicated,,Daylight,Dry,Clear,None apparent,Intersection:  Four-way intersection,Paved,,Property Damage Only,0,0,0,0,0,0,3500,2,3,,POINT (-90.193240952457 41.837775423813)
2014818374,14-001329,09/24/2014,09-September,4-Wednesday,17:22,1700 Hours,District 1 (Central),AMES,STORY,,UNIVERSITY BLVD & S 4TH ST,Collision with:  Vehicle in traffic,On Roadway,Rear-end (front to rear),Driver Distraction:  Manual operation of an electronic communication device,None Indicated,,Daylight,Dry,Clear,None apparent,Intersection:  Four-way intersection,Paved,,Property Damage Only,0,0,0,0,0,0,2000,2,2,,POINT (-93.632283833913 42.016287872545)
2014818848,2014-67531,09/24/2014,09-September,4-Wednesday,12:33,1200 Hours,District 6 (East Central),DAVENPORT,SCOTT,,E 4TH ST & LE CLAIRE ST,Collision with:  Vehicle in traffic,On Roadway,Broadside (front to side),FTYROW:  From stop sign,None Indicated,,Daylight,Dry,Cloudy,None apparent,Intersection:  Other intersection (explain in narrative),Paved,,Minor Injury,0,1,0,1,0,0,3420,2,2,,POINT (-90.568221810391 41.523513686192)
2014825093,TC051-14,09/24/2014,09-September,4-Wednesday,14:30,1400 Hours,District 4 (Southwest),MISSOURI VALLEY,HARRISON,,N 5TH ST,Collision with:  Vehicle in traffic,On Roadway,Rear-end (front to rear),FTYROW:  From parked position,None Indicated,,Daylight,Dry,Clear,None apparent,Non-intersection:  Non-junction/no special feature,Paved,,Property Damage Only,0,0,0,0,0,0,3000,2,3,,POINT (-95.889009595344 41.556896530223)
2014818328,201414169,09/24/2014,09-September,4-Wednesday,08:29,0800 Hours,District 6 (East Central),CEDAR RAPIDS,LINN,,GLASS RD NE,Collision with:  Vehicle in traffic,On Roadway,Rear-end (front to rear),Followed too close,None Indicated,,Daylight,Dry,Cloudy,None apparent,Intersection:  Four-way intersection,Paved,,Property Damage Only,0,0,0,0,0,0,5000,2,2,,POINT (-91.665641278621 42.011254747046)
2014818380,14-31664,09/24/2014,09-September,4-Wednesday,13:07,1300 Hours,District 3 (Northwest),SIOUX CITY,WOODBURY,I-29,I-29 & IA 376/SINGING HILLS BLVD,Collision with:  Vehicle in traffic,On Roadway,"Sideswipe, same direction",Unknown,None Indicated,,Daylight,Dry,Clear,Work Zone (roadway-related),Intersection:  Four-way intersection,Paved,Yes,Property Damage Only,0,0,0,0,0,0,4000,2,2,,POINT (-96.374050327387 42.43459580019)
2014818391,14-040582,09/24/2014,09-September,4-Wednesday,06:36,0600 Hours,District 5 (Southeast),MUSCATINE,MUSCATINE,,LUCAS ST,Collision with:  Vehicle in traffic,Roadside,Rear-end (front to rear),Lost Control,None Indicated,,Daylight,Dry,Clear,None apparent,Non-intersection:  Non-junction/no special feature,Paved,,Property Damage Only,0,0,0,0,0,0,5500,2,3,,POINT (-91.067624901385 41.42144414457)
2014818410,2014010004,09/24/2014,09-September,4-Wednesday,11:02,1100 Hours,District 1 (Central),MARSHALLTOWN,MARSHALL,,W CHURCH ST & E CHURCH ST & S CENTER ST,Collision with:  Vehicle in traffic,On Roadway,Broadside (front to side),Ran Traffic Signal,None Indicated,,Daylight,Wet,Cloudy,None apparent,Intersection:  Four-way intersection,Paved,,Property Damage Only,0,0,0,0,0,0,2500,2,6,,POINT (-92.912924142773 42.047943264054)
2014819671,SO1404062,09/24/2014,09-September,4-Wednesday,13:26,1300 Hours,District 5 (Southeast),,JEFFERSON,,256TH ST,Collision with:  Vehicle in traffic,On Roadway,Broadside (front to side),FTYROW:  From driveway,None Indicated,,Daylight,"Mud, dirt",Clear,None apparent,Non-intersection:  Driveway access (within),Unpaved,,Minor Injury,0,2,0,1,0,1,5500,2,2,,POINT (-91.921012800872 40.933784713919)
2014818515,201414207,09/24/2014,09-September,4-Wednesday,21:20,2100 Hours,District 6 (East Central),CEDAR RAPIDS,LINN,,MOUNT VERNON RD SE,Collision with:  Vehicle in traffic,On Roadway,Broadside (front to side),FTYROW:  From driveway,None Indicated,,Dark - roadway lighted,Dry,Clear,None apparent,Non-intersection:  Driveway access (within),Paved,,Possible/Unknown,0,1,0,0,0,1,7000,2,2,,POINT (-91.623389393179 41.976909679351)
2014819425,14008635,09/24/2014,09-September,4-Wednesday,19:09,1900 Hours,District 6 (East Central),,BUCHANAN,IA 150,IA 150/JAMESTOWN AVE,Collision with:  Animal,,,Animal,None Indicated,,,,,,,Paved,,Property Damage Only,0,0,0,0,0,0,4500,1,1,,POINT (-91.890087733029 42.539689162486)
2014818358,20140028301,09/24/2014,09-September,4-Wednesday,07:34,0700 Hours,District 1 (Central),DES MOINES,POLK,,MADISON AVE & BEAVER AVE,Collision with:  Vehicle in traffic,On Roadway,Rear-end (front to rear),Driving too fast for conditions,None Indicated,,Dark - roadway lighted,Wet,Rain,None apparent,Intersection:  Four-way intersection,Paved,,Property Damage Only,0,0,0,0,0,0,4300,2,5,,POINT (-93.678121646062 41.633135056075)
2014818394,14008313,09/24/2014,09-September,4-Wednesday,05:40,0500 Hours,District 6 (East Central),,DELAWARE,IA 13,IA 13/IOWA 13 & 180TH ST,Collision with:  Animal,,,Animal,None Indicated,,,,,,,Paved,,Property Damage Only,0,0,0,0,0,0,3000,1,1,,POINT (-91.466599861978 42.527329545164)
2014831999,2014-7235,09/25/2014,09-September,5-Thursday,15:26,1500 Hours,District 6 (East Central),ELDRIDGE,SCOTT,,SLOPERTOWN RD & HILLANDALE RD,Collision with:  Vehicle in traffic,On Roadway,Broadside (front to side),FTYROW:  From stop sign,None Indicated,,Daylight,Dry,Clear,None apparent,Intersection:  Four-way intersection,Paved,,Minor Injury,0,2,0,2,0,0,5000,2,3,,POINT (-90.617503034873 41.620040617873)
2014818969,2014055341,09/25/2014,09-September,5-Thursday,17:14,1700 Hours,District 2 (Northeast),FORT ATKINSON,WINNESHIEK,,Co Rd B32/CO RD B32 & 235TH AVE,Collision with:  Vehicle in traffic,On Roadway,Broadside (front to side),Ran Stop Sign,None Indicated,,Daylight,Dry,Clear,None apparent,Intersection:  T-intersection,Paved,,Property Damage Only,0,0,0,0,0,0,5000,2,2,,POINT (-91.86444110471 43.120409759965)
2014819323,2014-67840,09/25/2014,09-September,5-Thursday,15:26,1500 Hours,District 6 (East Central),DAVENPORT,SCOTT,,S HOWELL ST,Collision with fixed object:  Curb/island/raised median,On Roadway,Non-collision (single vehicle),Swerving/Evasive Action,None Indicated,,Daylight,Dry,Cloudy,None apparent,Non-intersection:  Alley,Paved,,Possible/Unknown,0,1,0,0,1,0,2000,1,1,,POINT (-90.604965158419 41.518665180589)
2014818497,14014810,09/25/2014,09-September,5-Thursday,21:27,2100 Hours,District 3 (Northwest),,CLAY,,Co Rd M50/240TH AVE,Collision with:  Animal,,,Animal,None Indicated,,,,,,,Paved,,Property Damage Only,0,0,0,0,0,0,1500,1,1,,POINT (-95.112105533901 43.100514806719)
2014818884,14-040775,09/25/2014,09-September,5-Thursday,12:52,1200 Hours,District 5 (Southeast),MUSCATINE,MUSCATINE,IA 22,IA 22/PARK AVE,Collision with:  Vehicle in traffic,On Roadway,Broadside (front to side),FTYROW:  Other (explain in narrative),None Indicated,,Daylight,Dry,Cloudy,None apparent,Intersection:  Four-way intersection,Paved,,Possible/Unknown,0,1,0,0,1,0,2200,2,2,,POINT (-91.030551312828 41.442512870441)
2014830248,AC-14-0052,09/25/2014,09-September,5-Thursday,16:22,1600 Hours,District 6 (East Central),MONTICELLO,JONES,IA 38,IA 38/N CEDAR ST & W 7TH ST & E 7TH ST,Collision with:  Vehicle in traffic,On Roadway,Broadside (front to side),FTYROW:  From stop sign,None Indicated,,Daylight,Dry,Clear,None apparent,Intersection:  Four-way intersection,Paved,,Property Damage Only,0,0,0,0,0,0,5000,2,2,,POINT (-91.191841157958 42.245444467055)
2014818619,14-34321,09/25/2014,09-September,5-Thursday,23:11,2300 Hours,District 5 (Southeast),BURLINGTON,DES MOINES,,FLINT HILLS DR,Collision with:  Vehicle in traffic,On Roadway,Head-on (front to front),Lost Control,Alcohol (Statutory),,Dark - roadway not lighted,Dry,Clear,None apparent,Non-intersection:  Non-junction/no special feature,Paved,,Property Damage Only,0,0,0,0,0,0,10000,2,1,,POINT (-91.130744119591 40.810839887845)
2014819057,14-31790,09/25/2014,09-September,5-Thursday,08:58,0800 Hours,District 3 (Northwest),SIOUX CITY,WOODBURY,,14TH ST & JACKSON ST,Collision with:  Parked motor vehicle,Outside trafficway,"Sideswipe, same direction",Other (explain in narrative):  Other,None Indicated,,Daylight,Dry,Clear,None apparent,Non-intersection:  Driveway access (within),Paved,,Property Damage Only,0,0,0,0,0,0,2300,2,777,,POINT (-96.402117798054 42.505026943556)
2014818738,20140028481,09/25/2014,09-September,5-Thursday,22:59,2200 Hours,District 1 (Central),DES MOINES,POLK,US 6,US 6/E EUCLID AVE & E 26TH ST,Collision with:  Vehicle in traffic,On Roadway,"Angle, oncoming left turn",Made improper turn,Alcohol (Statutory),,Dark - roadway lighted,Dry,Cloudy,None apparent,Intersection:  Four-way intersection,Paved,,Minor Injury,0,2,0,1,1,0,16000,2,2,,POINT (-93.567943869174 41.627733430873)
2014819143,2014-038095,09/25/2014,09-September,5-Thursday,13:38,1300 Hours,District 6 (East Central),DUBUQUE,DUBUQUE,,W 9TH ST & IOWA ST,Collision with:  Vehicle in traffic,Outside trafficway,"Sideswipe, same direction",FTYROW:  From parked position,None Indicated,,Daylight,Dry,Clear,None apparent,Non-intersection:  Non-junction/no special feature,Paved,,Property Damage Only,0,0,0,0,0,0,2500,2,5,,POINT (-90.666441713591 42.502018732028)
2014818507,SO1404048,09/25/2014,09-September,5-Thursday,20:32,2000 Hours,District 5 (Southeast),,JEFFERSON,,160TH ST,Collision with:  Animal,,,Animal,None Indicated,,,,,,,Unpaved,,Property Damage Only,0,0,0,0,0,0,2000,1,1,,POINT (-92.144300991649 41.07622025533)
2014818810,14-31862,09/25/2014,09-September,5-Thursday,15:35,1500 Hours,District 3 (Northwest),SIOUX CITY,WOODBURY,,3RD ST & JACKSON ST,Collision with:  Vehicle in traffic,On Roadway,Rear-end (front to rear),Driver Distraction:  Passenger,None Indicated,,Daylight,Dry,Clear,None apparent,Intersection:  Four-way intersection,Paved,,Property Damage Only,0,0,0,0,0,0,2500,2,5,,POINT (-96.401981077477 42.493091067643)
2014818519,14020164,09/25/2014,09-September,5-Thursday,16:53,1600 Hours,District 6 (East Central),MARION,LINN,,29TH AVE & 10TH ST,Collision with:  Vehicle in traffic,On Roadway,Rear-end (front to rear),Followed too close,None Indicated,,Daylight,Dry,Clear,None apparent,Intersection:  Four-way intersection,Paved,,Property Damage Only,0,0,0,0,0,0,5000,2,2,,POINT (-91.599386066641 42.050480460011)
2014819788,2014055329,09/25/2014,09-September,5-Thursday,16:15,1600 Hours,District 1 (Central),,HARDIN,US 20,US 20,Collision with:  Vehicle in traffic,On Roadway,Rear-end (front to rear),FTYROW:  Other (explain in narrative),None Indicated,,Daylight,Dry,Cloudy,None apparent,Non-intersection:  Non-junction/no special feature,Paved,,Property Damage Only,0,0,0,0,0,0,13000,2,3,,POINT (-93.049342383498 42.457768942507)
2014819407,2014-67710,09/25/2014,09-September,5-Thursday,07:38,0700 Hours,District 6 (East Central),DAVENPORT,SCOTT,,E GARFIELD ST & IOWA ST,Collision with:  Parked motor vehicle,On Roadway,"Sideswipe, same direction",Unknown,None Indicated,,Daylight,Unknown,Unknown,Unknown,Intersection:  Four-way intersection,Paved,,Property Damage Only,0,0,0,0,0,0,1500,2,1,,POINT (-90.569346989204 41.548188021629)
2014820271,2014-67845,09/25/2014,09-September,5-Thursday,15:42,1500 Hours,District 6 (East Central),DAVENPORT,SCOTT,,IA 461/HARRISON ST,Collision with:  Parked motor vehicle,On Roadway,Rear-end (front to rear),Other (explain in narrative):  Other,None Indicated,,Daylight,Dry,Clear,None apparent,Non-intersection:  Non-junction/no special feature,Paved,,Major Injury,0,1,1,0,0,0,8500,2,1,,POINT (-90.57721283061 41.532430786762)
2014819228,,09/25/2014,09-September,5-Thursday,16:05,1600 Hours,District 5 (Southeast),NEW LONDON,HENRY,,E WILSON ST & S ELM ST,Collision with:  Vehicle in traffic,On Roadway,Broadside (front to side),FTYROW:  From driveway,None Indicated,,Daylight,Dry,Clear,None apparent,Non-intersection:  Driveway access (within),Paved,,Property Damage Only,0,0,0,0,0,0,1500,2,4,,POINT (-91.400661187154 40.924858100987)
2014824114,K14-029796,09/25/2014,09-September,5-Thursday,10:14,1000 Hours,District 5 (Southeast),KEOKUK,LEE,US 218,US 218/MAIN ST & 18TH ST S & 18TH ST N,Collision with:  Vehicle in traffic,On Roadway,"Angle, oncoming left turn",Lost Control,None Indicated,,Daylight,Dry,Cloudy,None apparent,Intersection:  Four-way intersection,Paved,,Property Damage Only,0,0,0,0,0,0,10000,2,2,,POINT (-91.393967009547 40.406008528533)
2014818553,14-2126,09/25/2014,09-September,5-Thursday,14:17,1400 Hours,District 1 (Central),URBANDALE,POLK,I-35,I-35,Collision with:  Vehicle in traffic,On Roadway,"Sideswipe, same direction",Swerving/Evasive Action,None Indicated,,Daylight,Dry,Clear,None apparent,Non-intersection:  Non-junction/no special feature,Paved,,Property Damage Only,0,0,0,0,0,0,2400,2,4,,POINT (-93.776815941322 41.622620598786)
2014818422,14-040881,09/25/2014,09-September,5-Thursday,23:59,2300 Hours,District 4 (Southwest),COUNCIL BLUFFS,POTTAWATTAMIE,,AVE B,Collision with:  Vehicle in traffic,On Roadway,"Sideswipe, same direction",Unknown,None Indicated,,Dark - roadway lighted,Dry,Clear,None apparent,Non-intersection:  Non-junction/no special feature,Paved,,Property Damage Only,0,0,0,0,0,0,15200,3,777,,POINT (-95.876050601261 41.26370192367)
2014818809,14-31853,09/25/2014,09-September,5-Thursday,14:45,1400 Hours,District 3 (Northwest),SIOUX CITY,WOODBURY,,36TH ST & JACKSON ST,Collision with:  Vehicle in traffic,On Roadway,Rear-end (front to rear),Lost Control,None Indicated,,Daylight,Dry,Clear,None apparent,Intersection:  Four-way intersection,Paved,,Minor Injury,0,1,0,1,0,0,4000,2,2,,POINT (-96.402411579064 42.531950548377)
2014818331,201414222,09/25/2014,09-September,5-Thursday,09:52,0900 Hours,District 6 (East Central),CEDAR RAPIDS,LINN,,A AVE NE & 8TH ST NE,Collision with:  Vehicle in traffic,On Roadway,Broadside (front to side),Ran Traffic Signal,None Indicated,,Daylight,Dry,Cloudy,None apparent,Intersection:  Four-way intersection,Paved,,Minor Injury,0,2,0,2,0,0,21400,2,2,,POINT (-91.662950832587 41.983447664701)
2014825402,14-004492,09/25/2014,09-September,5-Thursday,16:13,1600 Hours,District 1 (Central),AMES,STORY,,FLETCHER BLVD,Collision with:  Vehicle in traffic,On Roadway,"Angle, oncoming left turn",FTYROW:  At uncontrolled intersection,None Indicated,,Daylight,Dry,Clear,None apparent,Intersection:  Four-way intersection,Paved,,Property Damage Only,0,0,0,0,0,0,2200,2,3,,POINT (-93.63328570878 42.061252048081)
2014819797,20140003449,09/25/2014,09-September,5-Thursday,15:11,1500 Hours,District 6 (East Central),,LINN,,Co Rd E45/SECRIST RD & HINDMAN RD,Collision with:  Vehicle in traffic,On Roadway,Rear-end (front to rear),Driver Distraction:  Manual operation of an electronic communication device,None Indicated,,Daylight,Dry,Cloudy,None apparent,Intersection:  Four-way intersection,Paved,,Possible/Unknown,0,1,0,0,1,0,10000,2,2,,POINT (-91.52050631634 42.019589660961)
2014818524,14-6328,09/25/2014,09-September,5-Thursday,15:50,1500 Hours,District 1 (Central),GRIMES,POLK,IA 141,IA 141/IOWA 141 & Co Rd F4R/NW 121ST ST,Collision with:  Vehicle in traffic,On Roadway,Broadside (front to side),FTYROW:  From stop sign,None Indicated,,Daylight,Dry,Clear,None apparent,Intersection:  Four-way intersection,Paved,,Possible/Unknown,0,1,0,0,1,0,8000,2,2,,POINT (-93.785115295536 41.74358316806)
2014818583,2014-20910,09/25/2014,09-September,5-Thursday,11:50,1100 Hours,District 5 (Southeast),,WARREN,IA 28,IA 28/IOWA 28,Collision with:  Parked motor vehicle,Shoulder,"Sideswipe, same direction",Swerving/Evasive Action,None Indicated,,Daylight,Dry,Clear,None apparent,Non-intersection:  Non-junction/no special feature,Paved,,Possible/Unknown,0,1,0,0,1,0,16000,2,2,,POINT (-93.688009605369 41.441508702256)
2014818692,1400000843,09/25/2014,09-September,5-Thursday,14:00,1400 Hours,District 1 (Central),,MARSHALL,IA 14,IA 14/SANFORD AVE,Collision with fixed object:  Ditch,Outside trafficway,Non-collision (single vehicle),Ran off road - left,None Indicated,,Daylight,Dry,Clear,None apparent,Non-intersection:  Non-junction/no special feature,Paved,,Possible/Unknown,0,1,0,0,1,0,1000,1,2,,POINT (-92.903585735948 42.110270075831)
2014818376,14011705,09/25/2014,09-September,5-Thursday,07:00,0700 Hours,District 1 (Central),,TAMA,US 30,US 30,Collision with:  Animal,,,Animal,None Indicated,,,,,,,Paved,,Property Damage Only,0,0,0,0,0,0,5000,1,1,,POINT (-92.744317053046 42.006216039271)
2014819651,14016838,09/25/2014,09-September,5-Thursday,12:33,1200 Hours,District 2 (Northeast),MASON CITY,CERRO GORDO,,CAROLINA PL,Collision with:  Parked motor vehicle,On Roadway,Unknown,Improper Backing,None Indicated,,Daylight,Dry,Cloudy,None apparent,Non-intersection:  Non-junction/no special feature,Paved,,Property Damage Only,0,0,0,0,0,0,3500,2,1,,POINT (-93.189077099667 43.169237851459)
2014818316,14145630,09/25/2014,09-September,5-Thursday,07:36,0700 Hours,District 6 (East Central),,JOHNSON,US 218,US 218,Collision with:  Vehicle in traffic,On Roadway,Rear-end (front to rear),Other (explain in narrative):  Disregarded Warning Sign,None Indicated,,Daylight,Dry,Cloudy,Work Zone (roadway-related),Non-intersection:  Other non-intersection (explain in narrative),Paved,Yes,Minor Injury,0,1,0,1,0,0,7000,2,2,,POINT (-91.544816724254 41.560560451886)
2014818639,,09/25/2014,09-September,5-Thursday,08:15,0800 Hours,District 6 (East Central),CEDAR RAPIDS,LINN,,E AVE NW,Collision with:  Vehicle in traffic,On Roadway,Broadside (front to side),Unknown,None Indicated,,Daylight,Dry,Clear,,Intersection:  T-intersection,Paved,,Property Damage Only,0,0,0,0,0,0,2500,2,2,,POINT (-91.708384034392 41.978221788916)
2014820265,14-9897,09/25/2014,09-September,5-Thursday,20:01,2000 Hours,District 3 (Northwest),CARROLL,CARROLL,US 30,US 30/6TH ST & GRANT RD,Collision with:  Vehicle in traffic,On Roadway,Broadside (front to side),Other (explain in narrative):  No improper action,None Indicated,,Dark - roadway lighted,Dry,Cloudy,None apparent,Intersection:  Four-way intersection,Paved,,Property Damage Only,0,0,0,0,0,0,4000,2,2,,POINT (-94.859274537106 42.064048773326)
2014818853,2014-67887,09/25/2014,09-September,5-Thursday,17:49,1700 Hours,District 6 (East Central),DAVENPORT,SCOTT,,E 53RD ST & GRAND AVE,Collision with:  Vehicle in traffic,On Roadway,Rear-end (front to rear),Followed too close,None Indicated,,Daylight,Dry,Cloudy,None apparent,Intersection:  T-intersection,Paved,,Property Damage Only,0,0,0,0,0,0,8000,2,2,,POINT (-90.565226504065 41.574588535063)
2014818577,14-0536,09/25/2014,09-September,5-Thursday,18:42,1800 Hours,District 1 (Central),FORT DODGE,WEBSTER,,PATTERSON FIELD RD,Collision with:  Vehicle in traffic,On Roadway,"Angle, oncoming left turn",FTYROW:  Making left turn,None Indicated,,Dusk,Dry,Clear,None apparent,Intersection:  T-intersection,Paved,,Major Injury,0,1,1,0,0,0,15000,2,2,,POINT (-94.172526765016 42.479537864091)
2014818852,2014-67821,09/25/2014,09-September,5-Thursday,14:10,1400 Hours,District 6 (East Central),DAVENPORT,SCOTT,US 6,US 6/E KIMBERLY RD,Collision with:  Vehicle in traffic,On Roadway,Rear-end (front to rear),Followed too close,None Indicated,,Daylight,Dry,Cloudy,None apparent,Non-intersection:  Railroad grade crossing,Paved,,Property Damage Only,0,0,0,0,0,0,8000,2,2,,POINT (-90.552978008067 41.556874042208)
2014818495,092514-095,09/25/2014,09-September,5-Thursday,09:00,0900 Hours,District 3 (Northwest),STORM LAKE,BUENA VISTA,,W 6TH ST & GENESEO ST,Collision with:  Vehicle in traffic,On Roadway,"Sideswipe, opposite direction",Improper Backing,None Indicated,,Daylight,Dry,Clear,None apparent,Non-intersection:  Non-junction/no special feature,Paved,,Property Damage Only,0,0,0,0,0,0,6000,2,2,,POINT (-95.203335674622 42.645492755121)
2014818568,CL14003410,09/25/2014,09-September,5-Thursday,05:24,0500 Hours,District 6 (East Central),CLINTON,CLINTON,US 67,US 67/N 3RD ST,Collision with:  Parked motor vehicle,On Roadway,Rear-end (front to rear),Ran off road - right,None Indicated,,Dark - roadway lighted,Dry,Clear,None apparent,Non-intersection:  Non-junction/no special feature,Paved,,Possible/Unknown,0,1,0,0,1,0,4500,2,1,,POINT (-90.17996711598 41.886332848573)
2014818481,14-6657,09/25/2014,09-September,5-Thursday,03:02,0300 Hours,District 2 (Northeast),,KOSSUTH,,Co Rd P20/40 AVE,Non-collision events:  Jackknife,Shoulder,Non-collision (single vehicle),Swerving/Evasive Action,None Indicated,,Dark - roadway not lighted,Dry,Cloudy,None apparent,Non-intersection:  Railroad grade crossing,Paved,,Property Damage Only,0,0,0,0,0,0,20000,1,1,,POINT (-94.383697066393 43.057174732756)
2014818913,H14-96177,09/25/2014,09-September,5-Thursday,08:15,0800 Hours,District 2 (Northeast),HUDSON,BLACK HAWK,IA 58,IA 58/IOWA 58,Collision with fixed object:  Mailbox,Shoulder,Non-collision (single vehicle),Crossed centerline (undivided),None Indicated,,Daylight,Wet,Cloudy,None apparent,Non-intersection:  Driveway access (within),Paved,,Property Damage Only,0,0,0,0,0,0,4100,1,1,,POINT (-92.466037842422 42.44370240408)
2014819745,201400003447,09/25/2014,09-September,5-Thursday,06:19,0600 Hours,District 6 (East Central),,LINN,,Co Rd E48/WEST MT VERNON RD,Non-collision events:  Overturn/rollover,Roadside,Non-collision (single vehicle),Ran off road - left,None Indicated,,Dark - roadway not lighted,Dry,Cloudy,None apparent,Non-intersection:  Non-junction/no special feature,Paved,,Minor Injury,0,1,0,1,0,0,1000,1,1,,POINT (-91.498637380696 41.973184156087)
2014819145,2014-038107,09/25/2014,09-September,5-Thursday,17:36,1700 Hours,District 6 (East Central),DUBUQUE,DUBUQUE,US 52,US 52/PINE ST/E 11TH ST,Collision with:  Vehicle in traffic,On Roadway,Broadside (front to side),FTYROW:  From stop sign,None Indicated,,Daylight,Dry,Cloudy,None apparent,Intersection:  T-intersection,Paved,,Property Damage Only,0,0,0,0,0,0,3500,2,2,,POINT (-90.659689699257 42.505870285361)
2014818494,W14-096247,09/25/2014,09-September,5-Thursday,12:25,1200 Hours,District 2 (Northeast),WATERLOO,BLACK HAWK,,ANSBOROUGH AVE,Collision with:  Vehicle in traffic,On Roadway,"Angle, oncoming left turn",FTYROW:  Making left turn,None Indicated,,Daylight,Dry,Cloudy,None apparent,Non-intersection:  Driveway access (within),Paved,,Property Damage Only,0,0,0,0,0,0,10500,2,2,,POINT (-92.376610900212 42.472502095243)
2014818498,1409252791,09/25/2014,09-September,5-Thursday,17:40,1700 Hours,District 6 (East Central),,CLINTON,US 30,US 30,Collision with:  Vehicle in traffic,On Roadway,Rear-end (front to rear),Driver Distraction:  Manual operation of an electronic communication device,None Indicated,,Daylight,Dry,Clear,None apparent,Non-intersection:  Non-junction/no special feature,Paved,,Minor Injury,0,1,0,1,0,0,8500,2,2,,POINT (-90.38023819269 41.815673641194)
2014818602,14-4775,09/25/2014,09-September,5-Thursday,16:10,1600 Hours,District 1 (Central),WEST DES MOINES,POLK,,BOULDER DR & WESTERN HILLS DR & 41ST ST,Collision with:  Non-motorist (see non-motorist section - NOT a unit),On Roadway,Non-collision (single vehicle),Unknown,None Indicated,,Daylight,Dry,Cloudy,None apparent,Intersection:  Four-way intersection,Paved,,Major Injury,0,1,1,0,0,0,0,1,2,,POINT (-93.759518935368 41.578672961055)
2014820547,2014055345,09/25/2014,09-September,5-Thursday,17:40,1700 Hours,District 2 (Northeast),,ALLAMAKEE,,MCCABE DR,Non-collision events:  Overturn/rollover,Roadside,Non-collision (single vehicle),Ran off road - right,None Indicated,,Daylight,Dry,Cloudy,None apparent,Non-intersection:  Non-junction/no special feature,Unpaved,,Major Injury,0,2,1,1,0,0,6000,1,2,,POINT (-91.469580003754 43.218515768442)
2014818423,14-040904,09/25/2014,09-September,5-Thursday,07:23,0700 Hours,District 4 (Southwest),COUNCIL BLUFFS,POTTAWATTAMIE,,MADISON AVE,Collision with:  Vehicle in traffic,On Roadway,Head-on (front to front),Lost Control,None Indicated,,Daylight,Dry,Clear,None apparent,Non-intersection:  Non-junction/no special feature,Paved,,Minor Injury,0,2,0,1,1,0,6000,2,2,,POINT (-95.833616226325 41.253460987941)
2014818629,,09/25/2014,09-September,5-Thursday,23:30,2300 Hours,District 4 (Southwest),STANTON,MONTGOMERY,,CENTER ST & HALLAND AVE,Collision with fixed object:  Other fixed object (explain in narrative),Shoulder,Non-collision (single vehicle),Other (explain in narrative):  No improper action,None Indicated,,Dark - roadway lighted,Dry,Clear,"Shoulders (none, low, soft, high)",Intersection:  T-intersection,Paved,,Property Damage Only,0,0,0,0,0,0,3750,1,2,,POINT (-95.09939810978 40.982833447451)
2014819097,C14003075,09/25/2014,09-September,5-Thursday,09:33,0900 Hours,District 6 (East Central),CORALVILLE,JOHNSON,US 6,US 6/2ND ST & 1ST AVE,Collision with:  Vehicle in traffic,On Roadway,Rear-end (front to rear),Other (explain in narrative):  Other,None Indicated,,Daylight,Dry,Cloudy,None apparent,Intersection:  Four-way intersection,Paved,,Property Damage Only,0,0,0,0,0,0,1800,2,2,,POINT (-91.565727676625 41.669041563756)
2014819102,14-009894,09/25/2014,09-September,5-Thursday,18:09,1800 Hours,District 3 (Northwest),,CARROLL,,CONCORD AVE & 290TH ST,Collision with:  Vehicle in traffic,On Roadway,Broadside (front to side),FTYROW:  At uncontrolled intersection,None Indicated,,Daylight,Dry,Clear,None apparent,Intersection:  Four-way intersection,Unpaved,,Property Damage Only,0,0,0,0,0,0,15700,2,2,,POINT (-95.054153374881 41.935405732699)
2014818581,14008366,09/25/2014,09-September,5-Thursday,15:45,1500 Hours,District 6 (East Central),,DELAWARE,,Co Rd X21/197TH AVE,Non-collision events:  Overturn/rollover,On Roadway,Non-collision (single vehicle),Swerving/Evasive Action,None Indicated,,Daylight,Dry,Clear,None apparent,Non-intersection:  Non-junction/no special feature,Paved,,Minor Injury,0,1,0,1,0,0,8000,1,1,,POINT (-91.407867969783 42.416885115967)