Iowa DOT Case Number,Law Enforcement Case Number,Date of Crash,Month of Crash,Day of Week,Time of Crash,Hour,DOT District,City Name,County Name,Route with System,Location Description,First Harmful Event,Location of First Harmful Event,Manner of Crash/Collision,Major Cause,Drug or Alcohol ,Environmental Conditions,Light Conditions,Surface Conditions,Weather Conditions,Roadway Contribution,Roadway Type,Roadway Surface,Work Zone,Crash Severity,Number of Fatalities,Number of Injuries,Number of Major Injuries,Number of Minor Injuries,Number of Possible Injuries,Number of Unknown Injuries,Amount of Property Damage,Number of Vehicles Involved,Total Number of Occupants,Travel Direction,Location
2014822631,14-082,09/26/2014,09-September,6-Friday,13:58,1300 Hours,District 3 (Northwest),SIOUX CENTER,SIOUX,US 75,US 75/MAIN AVE & 10TH ST SW & 10TH ST SE,Collision with:  Vehicle in traffic,On Roadway,Rear-end (front to rear),Driver Distraction:  Manual operation of an electronic communication device,None Indicated,,Daylight,Dry,Clear,None apparent,Non-intersection:  Non-junction/no special feature,Paved,,Possible/Unknown,0,1,0,0,1,0,4600,3,3,,POINT (-96.175415152226 43.068800189517)
2014818589,14-041071,09/26/2014,09-September,6-Friday,05:03,0500 Hours,District 4 (Southwest),COUNCIL BLUFFS,POTTAWATTAMIE,I-29,I-29 & S 24TH ST,Non-collision events:  Overturn/rollover,On Roadway,Non-collision (single vehicle),Ran off road - right,None Indicated,,Dark - roadway lighted,Dry,Clear,None apparent,Non-intersection:  Non-junction/no special feature,Paved,,Property Damage Only,0,0,0,0,0,0,10000,1,1,,POINT (-95.879227327906 41.232235339376)
2014818765,14-2140,09/26/2014,09-September,6-Friday,14:44,1400 Hours,District 1 (Central),URBANDALE,POLK,,64TH ST,Collision with:  Vehicle in traffic,On Roadway,Broadside (front to side),Improper Backing,None Indicated,,Daylight,Dry,Clear,None apparent,Non-intersection:  Driveway access (within),Paved,,Property Damage Only,0,0,0,0,0,0,2000,2,1,,POINT (-93.705023156244 41.622876169231)
2014818724,20140028549,09/26/2014,09-September,6-Friday,15:46,1500 Hours,District 1 (Central),DES MOINES,POLK,,PORTER AVE & SW 9TH ST,Collision with:  Vehicle in traffic,On Roadway,Broadside (front to side),Ran Traffic Signal,None Indicated,,Daylight,Dry,Clear,None apparent,Intersection:  Four-way intersection,Paved,,Property Damage Only,0,0,0,0,0,0,2000,2,3,,POINT (-93.625739847772 41.533730800242)
2014818828,CL14003427,09/26/2014,09-September,6-Friday,17:05,1700 Hours,District 6 (East Central),CLINTON,CLINTON,US 67,US 67/S 4TH ST,Collision with:  Vehicle in traffic,On Roadway,"Sideswipe, same direction",Improper or erratic lane changing,None Indicated,,Daylight,Dry,Clear,None apparent,Non-intersection:  Non-junction/no special feature,Paved,,Property Damage Only,0,0,0,0,0,0,1500,2,2,,POINT (-90.193239833942 41.838351761772)
2014818648,W14-096611,09/26/2014,09-September,6-Friday,12:30,1200 Hours,District 2 (Northeast),WATERLOO,BLACK HAWK,,W 6TH ST & JEFFERSON ST,Collision with:  Vehicle in traffic,On Roadway,"Sideswipe, same direction",Made improper turn,None Indicated,,Daylight,Dry,Clear,None apparent,Intersection:  Four-way intersection,Paved,,Property Damage Only,0,0,0,0,0,0,2800,2,4,,POINT (-92.338574369661 42.49294832817)
2014818867,S14-003814,09/26/2014,09-September,6-Friday,15:50,1500 Hours,District 4 (Southwest),TREYNOR,POTTAWATTAMIE,,SHERWOOD DR,Collision with:  Vehicle in traffic,On Roadway,Rear-end (front to rear),Improper Backing,None Indicated,,Daylight,Dry,Clear,None apparent,Non-intersection:  Non-junction/no special feature,Paved,,Property Damage Only,0,0,0,0,0,0,3000,2,1,,POINT (-95.600873772148 41.228281241953)
2014819149,2014-038140,09/26/2014,09-September,6-Friday,14:49,1400 Hours,District 6 (East Central),DUBUQUE,DUBUQUE,IA 32,IA 32/IA32 NW ARTERIAL & PENNSYLVANIA AVE,Collision with:  Vehicle in traffic,On Roadway,Rear-end (front to rear),Lost Control,None Indicated,,Daylight,Dry,Clear,None apparent,Non-intersection:  Non-junction/no special feature,Paved,,Property Damage Only,0,0,0,0,0,0,1750,2,3,,POINT (-90.740752968148 42.500969022354)
2014820249,2014-68109,09/26/2014,09-September,6-Friday,13:07,1300 Hours,District 6 (East Central),DAVENPORT,SCOTT,,E 2ND ST,Collision with:  Vehicle in traffic,On Roadway,Rear-end (front to rear),Improper Backing,None Indicated,,Daylight,Dry,Clear,None apparent,Non-intersection:  Non-junction/no special feature,Paved,,Property Damage Only,0,0,0,0,0,0,2500,2,3,,POINT (-90.571814959126 41.52132903913)
2014819432,2014010753,09/26/2014,09-September,6-Friday,07:53,0700 Hours,District 6 (East Central),IOWA CITY,JOHNSON,IA 1,IA 1/IOWA 1,Collision with fixed object:  Utility pole/light support,Roadside,Non-collision (single vehicle),Ran off road - right,None Indicated,,Daylight,Dry,Clear,None apparent,Non-intersection:  Non-junction/no special feature,Paved,,Possible/Unknown,0,1,0,0,1,0,7000,1,4,,POINT (-91.558262536792 41.642368868311)
2014819242,14013747,09/26/2014,09-September,6-Friday,12:46,1200 Hours,District 5 (Southeast),CENTERVILLE,APPANOOSE,,N 13TH ST,Collision with:  Vehicle in traffic,On Roadway,Rear-end (front to rear),Other (explain in narrative):  No improper action,None Indicated,,Daylight,Dry,Clear,None apparent,Non-intersection:  Non-junction/no special feature,Paved,,Property Damage Only,0,0,0,0,0,0,1500,2,2,,POINT (-92.873257469322 40.733874367431)
2014818932,2014010776,09/26/2014,09-September,6-Friday,17:54,1700 Hours,District 6 (East Central),IOWA CITY,JOHNSON,,MUSCATINE AVE & E COURT ST,Collision with:  Vehicle in traffic,On Roadway,Rear-end (front to rear),Followed too close,None Indicated,,Daylight,Dry,Clear,None apparent,Non-intersection:  Non-junction/no special feature,Paved,,Property Damage Only,0,0,0,0,0,0,1600,2,2,,POINT (-91.514874388875 41.656740742089)
2014818538,20140028525,09/26/2014,09-September,6-Friday,12:07,1200 Hours,District 1 (Central),DES MOINES,POLK,,GRAND AVE & 7TH ST,Collision with:  Vehicle in traffic,On Roadway,Broadside (front to side),Ran Traffic Signal,None Indicated,,Daylight,Dry,Clear,None apparent,Intersection:  Four-way intersection,Paved,,Property Damage Only,0,0,0,0,0,0,5000,2,3,,POINT (-93.626498980669 41.587527229422)
2014819411,2014-68133,09/26/2014,09-September,6-Friday,14:29,1400 Hours,District 6 (East Central),DAVENPORT,SCOTT,,W 3RD ST & N HOWELL ST,Non-collision events:  Other non-collision (explain in narrative),On Roadway,Non-collision (single vehicle),FTYROW:  To pedestrian,None Indicated,,Daylight,Dry,Clear,None apparent,Non-intersection:  Non-junction/no special feature,Paved,,Possible/Unknown,0,1,0,0,1,0,0,1,2,,POINT (-90.605214223788 41.522308977347)
2014819207,2014055377,09/26/2014,09-September,6-Friday,02:49,0200 Hours,District 1 (Central),,JASPER,I-80,I-80,Collision with:  Vehicle in traffic,On Roadway,Rear-end (front to rear),"Operating vehicle in an reckless, erratic, careless, negligent manner",Alcohol (Statutory),,Dark - roadway not lighted,Dry,Clear,None apparent,Non-intersection:  Non-junction/no special feature,Paved,,Property Damage Only,0,0,0,0,0,0,6800,2,2,,POINT (-93.193725056092 41.695950668145)
2014818722,20140028545,09/26/2014,09-September,6-Friday,15:03,1500 Hours,District 1 (Central),DES MOINES,POLK,,VIRGINIA AVE & S UNION ST,Collision with:  Vehicle in traffic,On Roadway,"Sideswipe, same direction",Swerving/Evasive Action,None Indicated,,Daylight,Dry,Cloudy,None apparent,Non-intersection:  Non-junction/no special feature,Paved,,Property Damage Only,0,0,0,0,0,0,3100,2,4,,POINT (-93.616118887239 41.558255632301)
2014819772,14-007392,09/26/2014,09-September,6-Friday,15:57,1500 Hours,District 4 (Southwest),PERRY,DALLAS,,ESTELLA ST & 3RD ST,Collision with:  Vehicle in traffic,On Roadway,Broadside (front to side),FTYROW:  From yield sign,None Indicated,,Daylight,Dry,Clear,None apparent,Intersection:  Four-way intersection,Paved,,Possible/Unknown,0,1,0,0,1,0,3200,2,2,,POINT (-94.103811329332 41.835309746936)
2014819303,147589PD,09/26/2014,09-September,6-Friday,13:13,1300 Hours,District 1 (Central),BOONE,BOONE,,W 9TH ST & DIVISION ST,Collision with:  Parked motor vehicle,On Roadway,Broadside (front to side),FTYROW:  From driveway,None Indicated,,Daylight,Dry,Clear,None apparent,Non-intersection:  Driveway access (within),Paved,,Property Damage Only,0,0,0,0,0,0,2600,2,3,,POINT (-93.893174229369 42.064612326337)
2014819084,14-0540,09/26/2014,09-September,6-Friday,22:30,2200 Hours,District 1 (Central),,WEBSTER,,MINING BLVD,Collision with fixed object:  Ditch,On Roadway,Non-collision (single vehicle),Swerving/Evasive Action,None Indicated,,Dark - roadway not lighted,Dry,Clear,None apparent,Non-intersection:  Non-junction/no special feature,Unpaved,,Property Damage Only,0,0,0,0,0,0,5000,1,1,,POINT (-94.145206205329 42.439765430257)
2014818725,20140028559,09/26/2014,09-September,6-Friday,16:16,1600 Hours,District 1 (Central),DES MOINES,POLK,,E JEFFERSON AVE & E 23RD ST,Collision with:  Vehicle in traffic,On Roadway,Broadside (front to side),Ran Stop Sign,None Indicated,,Daylight,Dry,Clear,None apparent,Intersection:  Four-way intersection,Paved,,Possible/Unknown,0,2,0,0,2,0,3000,2,4,,POINT (-93.575049688912 41.610043967022)
2014818693,14680798,09/26/2014,09-September,6-Friday,19:18,1900 Hours,District 5 (Southeast),,MONROE,IA 5,IA 5/IOWA 5 & 606TH AVE,Collision with:  Vehicle in traffic,On Roadway,"Angle, oncoming left turn",FTYROW:  Making left turn,None Indicated,,Dusk,Dry,Clear,None apparent,Intersection:  T-intersection,Paved,,Property Damage Only,0,0,0,0,0,0,4700,2,4,,POINT (-92.899841630877 41.121385686947)
2014819147,2014-038129,09/26/2014,09-September,6-Friday,10:35,1000 Hours,District 6 (East Central),DUBUQUE,DUBUQUE,US 52,US 52/CENTRAL AVE & E 20TH ST,Collision with:  Non-motorist (see non-motorist section - NOT a unit),On Roadway,Non-collision (single vehicle),FTYROW:  To pedestrian,None Indicated,,Daylight,Dry,Clear,None apparent,Intersection:  Four-way intersection,Paved,,Possible/Unknown,0,1,0,0,1,0,0,1,1,,POINT (-90.669957661178 42.511221589402)
2014818706,14-6350,09/26/2014,09-September,6-Friday,18:01,1800 Hours,District 1 (Central),BONDURANT,POLK,US 65,US 65/HUBBELL AVE & OLESON DR SE,Collision with:  Vehicle in traffic,On Roadway,Rear-end (front to rear),FTYROW:  From stop sign,None Indicated,,Daylight,Dry,Clear,None apparent,Intersection:  Four-way intersection,Paved,,Property Damage Only,0,0,0,0,0,0,8000,2,3,,POINT (-93.459702937652 41.689619126584)
2014818726,20140028560,09/26/2014,09-September,6-Friday,16:39,1600 Hours,District 1 (Central),DES MOINES,POLK,US 6,US 6/FREDERICK M HUBBELL AVE & E 38TH ST,Collision with:  Vehicle in traffic,On Roadway,Rear-end (front to rear),Driver Distraction:  Passenger,None Indicated,,Daylight,Dry,Clear,None apparent,Non-intersection:  Non-junction/no special feature,Paved,,Property Damage Only,0,0,0,0,0,0,6000,2,5,,POINT (-93.541904595262 41.630534271569)
2014818683,201414312,09/26/2014,09-September,6-Friday,16:06,1600 Hours,District 6 (East Central),CEDAR RAPIDS,LINN,IA 922,IA 922/WILLIAMS BLVD & EDGEWOOD RD SW,Collision with:  Vehicle in traffic,On Roadway,Broadside (front to side),Exceeded authorized speed,None Indicated,,Daylight,Dry,Cloudy,None apparent,Intersection:  Four-way intersection,Paved,,Property Damage Only,0,0,0,0,0,0,19000,2,4,,POINT (-91.716434333635 41.957813356326)
2014821050,2014-68155,09/26/2014,09-September,6-Friday,16:23,1600 Hours,District 6 (East Central),DAVENPORT,SCOTT,US 6,US 6/E KIMBERLY RD & EASTERN AVE,Collision with:  Vehicle in traffic,On Roadway,Rear-end (front to rear),Other (explain in narrative):  Other,None Indicated,,Daylight,Dry,Clear,None apparent,Intersection:  Four-way intersection,Paved,,Property Damage Only,0,0,0,0,0,0,2500,2,4,,POINT (-90.551381827796 41.556912094702)
2014820548,2014055480,09/26/2014,09-September,6-Friday,12:25,1200 Hours,District 6 (East Central),,IOWA,I-80,I-80,Collision with:  Vehicle in traffic,On Roadway,"Sideswipe, same direction","Operating vehicle in an reckless, erratic, careless, negligent manner",None Indicated,,Daylight,Dry,Cloudy,None apparent,Non-intersection:  Non-junction/no special feature,Paved,,Property Damage Only,0,0,0,0,0,0,2000,2,2,,POINT (-92.208722696859 41.695929847757)
2014819996,80-14-310,09/26/2014,09-September,6-Friday,14:17,1400 Hours,District 2 (Northeast),HUMBOLDT,HUMBOLDT,,6TH AVE S & TAFT ST S,Collision with:  Vehicle in traffic,On Roadway,Broadside (front to side),FTYROW:  From yield sign,None Indicated,,Daylight,Dry,Clear,None apparent,Intersection:  Four-way intersection,Paved,,Possible/Unknown,0,1,0,0,1,0,6500,2,2,,POINT (-94.217302859925 42.714566198863)
2014818859,2014010074,09/26/2014,09-September,6-Friday,15:37,1500 Hours,District 1 (Central),MARSHALLTOWN,MARSHALL,IA 14,IA 14/S CENTER ST,Collision with:  Vehicle in traffic,On Roadway,Rear-end (front to rear),Other (explain in narrative):  Other,None Indicated,,Daylight,Dry,Cloudy,None apparent,Non-intersection:  Non-junction/no special feature,Paved,,Property Damage Only,0,0,0,0,0,0,10000,2,3,,POINT (-92.912713177942 42.034334128334)
2014818564,14-4786,09/26/2014,09-September,6-Friday,12:00,1200 Hours,District 1 (Central),WEST DES MOINES,POLK,,UNIVERSITY AVE,Collision with:  Vehicle in traffic,On Roadway,"Sideswipe, same direction",FTYROW:  Other (explain in narrative),None Indicated,,Daylight,Dry,Clear,None apparent,Non-intersection:  Non-junction/no special feature,Paved,,Property Damage Only,0,0,0,0,0,0,2000,2,2,,POINT (-93.782177837997 41.600444596084)
2014819388,2014-4770,09/26/2014,09-September,6-Friday,23:20,2300 Hours,District 4 (Southwest),WAUKEE,DALLAS,US 6,US 6/HICKMAN AVE,Collision with:  Vehicle in traffic,On Roadway,Rear-end (front to rear),Followed too close,Refused,,Dark - roadway lighted,Dry,Clear,None apparent,Intersection:  Four-way intersection,Paved,,Property Damage Only,0,0,0,0,0,0,3250,2,3,,POINT (-93.853000167885 41.614982887974)
2014818934,14096780,09/26/2014,09-September,6-Friday,19:40,1900 Hours,District 2 (Northeast),CEDAR FALLS,BLACK HAWK,US 20,US 20/NE RAMP/NW RAMP & IA 58 & HUDSON RD,Collision with:  Vehicle in traffic,On Roadway,Rear-end (front to rear),Followed too close,None Indicated,,Dark - roadway lighted,Dry,Clear,None apparent,Non-intersection:  Non-junction/no special feature,Paved,,Possible/Unknown,0,1,0,0,1,0,15000,2,2,,POINT (-92.465612607702 42.466548429201)
2014819562,14-008500,09/26/2014,09-September,6-Friday,15:35,1500 Hours,District 4 (Southwest),ATLANTIC,CASS,US 6,US 6/7TH ST,Collision with:  Vehicle in traffic,On Roadway,"Sideswipe, same direction",Swerving/Evasive Action,None Indicated,,Daylight,Dry,Clear,None apparent,Intersection:  Four-way intersection,Paved,,Possible/Unknown,0,1,0,0,1,0,10000,2,2,,POINT (-95.01450739327 41.403939540246)
2014818768,14-2147,09/26/2014,09-September,6-Friday,23:49,2300 Hours,District 1 (Central),URBANDALE,POLK,,ROSELAND DR,Collision with fixed object:  Utility pole/light support,On Roadway,Non-collision (single vehicle),Ran off road - right,Alcohol (Statutory),,Dark - roadway lighted,Dry,Cloudy,None apparent,Non-intersection:  Non-junction/no special feature,Paved,,Property Damage Only,0,0,0,0,0,0,5150,1,1,,POINT (-93.72310270975 41.624087917488)
2014820274,2014-68135,09/26/2014,09-September,6-Friday,14:35,1400 Hours,District 6 (East Central),DAVENPORT,SCOTT,,E LOCUST ST,Collision with:  Vehicle in traffic,On Roadway,Rear-end (front to rear),Followed too close,None Indicated,,Daylight,Dry,Clear,None apparent,Non-intersection:  Non-junction/no special feature,Paved,,Property Damage Only,0,0,0,0,0,0,6500,2,2,,POINT (-90.573542472485 41.538270567511)
2014818731,20140028554,09/26/2014,09-September,6-Friday,16:14,1600 Hours,District 1 (Central),DES MOINES,POLK,IA 28,IA 28/63RD ST,Collision with:  Vehicle in traffic,On Roadway,Rear-end (front to rear),Followed too close,None Indicated,,Daylight,Dry,Clear,None apparent,Non-intersection:  Non-junction/no special feature,Paved,,Property Damage Only,0,0,0,0,0,0,3000,2,3,,POINT (-93.703408382419 41.578102190251)
2014818775,14-002222,09/26/2014,09-September,6-Friday,17:25,1700 Hours,District 1 (Central),ALTOONA,POLK,I-80,I-80 & NE 72ND ST & 1ST AVE N,Collision with:  Vehicle in traffic,On Roadway,Rear-end (front to rear),FTYROW:  From stop sign,None Indicated,,Daylight,Dry,Clear,None apparent,Intersection:  Intersection with ramp,Paved,,Property Damage Only,0,0,0,0,0,0,2400,2,2,,POINT (-93.464565100388 41.66560455369)
2014818754,20140028596,09/26/2014,09-September,6-Friday,23:14,2300 Hours,District 1 (Central),DES MOINES,POLK,US 69,US 69/SE 14TH ST & E KENYON AVE,Collision with:  Vehicle in traffic,On Roadway,"Sideswipe, same direction",Ran off road - left,None Indicated,,Dark - roadway lighted,Dry,Clear,None apparent,Non-intersection:  Non-junction/no special feature,Paved,,Property Damage Only,0,0,0,0,0,0,3000,2,3,,POINT (-93.596853239016 41.535397587469)
2014818814,201400047473,09/26/2014,09-September,6-Friday,13:41,1300 Hours,District 5 (Southeast),OTTUMWA,WAPELLO,,N HANCOCK ST,Collision with:  Vehicle in traffic,On Roadway,Broadside (front to side),FTYROW:  Making left turn,None Indicated,,Daylight,Dry,Clear,None apparent,Intersection:  T-intersection,Paved,,Possible/Unknown,0,1,0,0,1,0,6000,2,2,,POINT (-92.416106575755 41.00869087251)
2014819150,2014-038141,09/26/2014,09-September,6-Friday,15:42,1500 Hours,District 6 (East Central),DUBUQUE,DUBUQUE,,KELLY LN,Collision with:  Vehicle in traffic,On Roadway,Rear-end (front to rear),Lost Control,None Indicated,,Daylight,Dry,Clear,None apparent,Non-intersection:  Non-junction/no special feature,Paved,,Property Damage Only,0,0,0,0,0,0,4500,2,4,,POINT (-90.697446844682 42.476927194178)
2014818645,W14-096814,09/26/2014,09-September,6-Friday,21:11,2100 Hours,District 2 (Northeast),WATERLOO,BLACK HAWK,,E MITCHELL AVE,Collision with:  Parked motor vehicle,On Roadway,Rear-end (front to rear),Other (explain in narrative):  Other,Alcohol (Statutory),,Dark - roadway lighted,Dry,Clear,None apparent,Non-intersection:  Other non-intersection (explain in narrative),Paved,,Property Damage Only,0,0,0,0,0,0,7000,2,1,,POINT (-92.331629461523 42.476607451027)
2014818825,2014010765,09/26/2014,09-September,6-Friday,14:27,1400 Hours,District 6 (East Central),IOWA CITY,JOHNSON,I-80,I-80,Collision with:  Vehicle in traffic,On Roadway,Rear-end (front to rear),Followed too close,None Indicated,,Daylight,Dry,Clear,None apparent,Interchange-related:  On-ramp merge area,Paved,,Minor Injury,0,1,0,1,0,0,4000,2,3,,POINT (-91.498809956023 41.68806488622)
2014818593,14-041083,09/26/2014,09-September,6-Friday,07:30,0700 Hours,District 4 (Southwest),COUNCIL BLUFFS,POTTAWATTAMIE,I-29,I-29,Collision with:  Vehicle in traffic,On Roadway,Unknown,Unknown,None Indicated,,Daylight,Dry,Clear,None apparent,Non-intersection:  Non-junction/no special feature,Paved,,Property Damage Only,0,0,0,0,0,0,3400,2,2,,POINT (-95.870801476504 41.232166690182)
2014818875,2014010772,09/26/2014,09-September,6-Friday,16:33,1600 Hours,District 6 (East Central),IOWA CITY,JOHNSON,,MORMON TREK BLVD & GRACE DR,Collision with:  Vehicle in traffic,On Roadway,Rear-end (front to rear),Improper Backing,None Indicated,,Daylight,Dry,Cloudy,None apparent,Non-intersection:  Non-junction/no special feature,Paved,,Property Damage Only,0,0,0,0,0,0,2000,2,2,,POINT (-91.563074514157 41.634394979086)
2014818887,14-0538,09/26/2014,09-September,6-Friday,18:00,1800 Hours,District 1 (Central),MOORLAND,WEBSTER,,OLD US 20 & 2ND ST,Collision with:  Vehicle in traffic,On Roadway,Rear-end (front to rear),FTYROW:  Other (explain in narrative),None Indicated,,Dusk,Dry,Clear,None apparent,Non-intersection:  Non-junction/no special feature,Paved,,Property Damage Only,0,0,0,0,0,0,9000,2,3,,POINT (-94.295690895572 42.443224239403)
2014818880,14-041207,09/26/2014,09-September,6-Friday,23:35,2300 Hours,District 4 (Southwest),COUNCIL BLUFFS,POTTAWATTAMIE,,9TH AVE,Collision with:  Vehicle in traffic,On Roadway,Rear-end (front to rear),Followed too close,None Indicated,,Dark - roadway lighted,Dry,Clear,None apparent,Non-intersection:  Non-junction/no special feature,Paved,,Property Damage Only,0,0,0,0,0,0,4000,2,2,,POINT (-95.897640739523 41.253667462164)
2014818626,14-00918,09/26/2014,09-September,6-Friday,10:25,1000 Hours,District 1 (Central),TOLEDO,TAMA,,,Collision with:  Vehicle in traffic,On Roadway,Rear-end (front to rear),Lost Control,None Indicated,,Daylight,Dry,Clear,None apparent,Non-intersection:  Non-junction/no special feature,,,Minor Injury,0,2,0,2,0,0,10500,2,2,,POINT (-96.643700149993 40.233091251414)
2014818730,20140028546,09/26/2014,09-September,6-Friday,15:15,1500 Hours,District 1 (Central),DES MOINES,POLK,,MLK JR PKWY,Collision with:  Vehicle in traffic,On Roadway,Rear-end (front to rear),Followed too close,None Indicated,,Daylight,Dry,Clear,None apparent,Non-intersection:  Non-junction/no special feature,Paved,,Property Damage Only,0,0,0,0,0,0,4000,2,2,,POINT (-93.644766582196 41.582247065403)
2014818945,14-041184,09/26/2014,09-September,6-Friday,12:00,1200 Hours,District 4 (Southwest),COUNCIL BLUFFS,POTTAWATTAMIE,,AVE F & N 28TH ST,Collision with:  Vehicle in traffic,On Roadway,Head-on (front to front),Other (explain in narrative):  Other,None Indicated,,Daylight,Dry,Unknown,Unknown,Non-intersection:  Non-junction/no special feature,Paved,,Property Damage Only,0,0,0,0,0,0,4000,2,1,,POINT (-95.889108351365 41.26721141477)
2014818767,14-2145,09/26/2014,09-September,6-Friday,21:10,2100 Hours,District 1 (Central),URBANDALE,POLK,,86TH ST,Collision with:  Vehicle in traffic,On Roadway,"Sideswipe, same direction",FTYROW:  Making right turn on red signal,None Indicated,,Dark - roadway lighted,Dry,Clear,None apparent,Intersection:  Four-way intersection,Paved,,Property Damage Only,0,0,0,0,0,0,4500,2,3,,POINT (-93.736571239513 41.629343655656)
2014818680,201414317,09/26/2014,09-September,6-Friday,16:32,1600 Hours,District 6 (East Central),CEDAR RAPIDS,LINN,IA 922,IA 922/1ST AVE E & 27TH ST NE,Collision with:  Vehicle in traffic,On Roadway,Broadside (front to side),Ran Traffic Signal,None Indicated,,Daylight,Dry,Clear,None apparent,Intersection:  Four-way intersection,Paved,,Property Damage Only,0,0,0,0,0,0,7000,2,3,,POINT (-91.634859892984 42.00327333994)
2014820275,2014-68183,09/26/2014,09-September,6-Friday,17:59,1700 Hours,District 6 (East Central),DAVENPORT,SCOTT,,IA 461/W RIVER DR & WARREN ST,Collision with fixed object:  Curb/island/raised median,Outside trafficway,Non-collision (single vehicle),Made improper turn,None Indicated,,Daylight,Dry,Clear,None apparent,Non-intersection:  Non-junction/no special feature,Paved,,Property Damage Only,0,0,0,0,0,0,4500,1,1,,POINT (-90.585950332826 41.520194770236)
2014818671,14146523,09/26/2014,09-September,6-Friday,17:42,1700 Hours,District 6 (East Central),SWISHER,JOHNSON,,DIVISION ST & SUMMIT AVE,Collision with:  Vehicle in traffic,On Roadway,"Angle, oncoming left turn",Made improper turn,None Indicated,,Daylight,Dry,Clear,None apparent,Non-intersection:  Other non-intersection (explain in narrative),Paved,,Property Damage Only,0,0,0,0,0,0,5500,2,2,,POINT (-91.691706167994 41.847591077564)
2014818974,14000467,09/26/2014,09-September,6-Friday,18:20,1800 Hours,District 5 (Southeast),ALBIA,MONROE,,13TH AVE W & S B ST,Collision with:  Vehicle in traffic,On Roadway,Broadside (front to side),FTYROW:  From driveway,None Indicated,,Daylight,Dry,Clear,None apparent,Non-intersection:  Driveway access (within),Paved,,Property Damage Only,0,0,0,0,0,0,2500,2,7,,POINT (-92.810707836388 41.015644443939)
2014819211,2014055593,09/26/2014,09-September,6-Friday,19:23,1900 Hours,District 4 (Southwest),,FREMONT,I-29,I-29,Collision with:  Animal,,,Animal,None Indicated,,,,,,,Paved,,Property Damage Only,0,0,0,0,0,0,4000,1,1,,POINT (-95.802267336138 40.872283988988)
2014818662,P14-011110,09/26/2014,09-September,6-Friday,14:12,1400 Hours,District 1 (Central),WEBSTER CITY,HAMILTON,,DIVISION ST & WILLSON AVE,Collision with:  Vehicle in traffic,On Roadway,Broadside (front to side),Ran Stop Sign,None Indicated,,Daylight,Dry,Clear,None apparent,Intersection:  Four-way intersection,Paved,,Possible/Unknown,0,2,0,0,2,0,7000,3,4,,POINT (-93.819291386334 42.46755873223)
2014818508,14146103,09/26/2014,09-September,6-Friday,01:03,0100 Hours,District 6 (East Central),,JOHNSON,,Co Rd W66/SAND RD,Collision with fixed object:  Tree,Outside trafficway,Non-collision (single vehicle),Exceeded authorized speed,Alcohol (Statutory),,Dark - unknown roadway lighting,Dry,Clear,None apparent,Non-intersection:  Other non-intersection (explain in narrative),Paved,,Possible/Unknown,0,1,0,0,1,0,5250,1,1,,POINT (-91.521561386114 41.615881676751)
2014819210,2014055564,09/26/2014,09-September,6-Friday,17:55,1700 Hours,District 4 (Southwest),,FREMONT,I-29,I-29,Collision with:  Vehicle in traffic,On Roadway,"Sideswipe, same direction",Swerving/Evasive Action,None Indicated,,Daylight,Dry,Clear,None apparent,Non-intersection:  Non-junction/no special feature,Paved,,Property Damage Only,0,0,0,0,0,0,12000,2,6,,POINT (-95.814254482913 40.764719432258)
2014819628,14-007019,09/26/2014,09-September,6-Friday,14:30,1400 Hours,District 3 (Northwest),EMMETSBURG,PALO ALTO,US 18,US 18/9TH ST OR MAIN,Collision with:  Vehicle in traffic,On Roadway,Rear-end (front to rear),Other (explain in narrative):  Other,None Indicated,,Daylight,Dry,Clear,None apparent,Non-intersection:  Non-junction/no special feature,Paved,,Minor Injury,0,1,0,1,0,0,1500,2,2,,POINT (-94.669475030753 43.112018393343)
2014818822,14096648,09/26/2014,09-September,6-Friday,14:14,1400 Hours,District 2 (Northeast),CEDAR FALLS,BLACK HAWK,,OLIVE ST,Collision with:  Vehicle in traffic,On Roadway,Broadside (front to side),FTYROW:  From yield sign,None Indicated,,Daylight,Dry,Clear,None apparent,Intersection:  Four-way intersection,Paved,,Property Damage Only,0,0,0,0,0,0,2000,2,2,,POINT (-92.454701279539 42.514210075773)
2014819090,20143546,09/26/2014,09-September,6-Friday,22:25,2200 Hours,District 1 (Central),,GRUNDY,US 20,US 20,Collision with:  Animal,,,Animal,None Indicated,,,,,,,Paved,,Property Damage Only,0,0,0,0,0,0,3500,1,1,,POINT (-92.886831661893 42.463577557341)
2014818714,14-004167,09/26/2014,09-September,6-Friday,15:44,1500 Hours,District 1 (Central),ANKENY,POLK,,W 1ST ST,Collision with:  Vehicle in traffic,On Roadway,Rear-end (front to rear),Improper or erratic lane changing,None Indicated,,Daylight,Dry,Clear,None apparent,Non-intersection:  Non-junction/no special feature,Paved,,Property Damage Only,0,0,0,0,0,0,3500,2,2,,POINT (-93.602444293786 41.731887189885)
2014820618,092614A,09/26/2014,09-September,6-Friday,09:57,0900 Hours,District 4 (Southwest),SIDNEY,FREMONT,,FILMORE ST & WEST ST,Collision with:  Parked motor vehicle,,,Unknown,None Indicated,,,,,,,Paved,,Property Damage Only,0,0,0,0,0,0,1500,2,2,,POINT (-95.64978009694 40.748331789297)