Iowa DOT Case Number,Law Enforcement Case Number,Date of Crash,Month of Crash,Day of Week,Time of Crash,Hour,DOT District,City Name,County Name,Route with System,Location Description,First Harmful Event,Location of First Harmful Event,Manner of Crash/Collision,Major Cause,Drug or Alcohol ,Environmental Conditions,Light Conditions,Surface Conditions,Weather Conditions,Roadway Contribution,Roadway Type,Roadway Surface,Work Zone,Crash Severity,Number of Fatalities,Number of Injuries,Number of Major Injuries,Number of Minor Injuries,Number of Possible Injuries,Number of Unknown Injuries,Amount of Property Damage,Number of Vehicles Involved,Total Number of Occupants,Travel Direction,Location
2014819479,201414523,09/29/2014,09-September,2-Monday,18:19,1800 Hours,District 6 (East Central),CEDAR RAPIDS,LINN,IA 922,IA 922/1ST AVE E,Collision with:  Vehicle in traffic,On Roadway,Rear-end (front to rear),Lost Control,None Indicated,,Daylight,Wet,Rain,"Surface condition (e.g., wet, icy)",Intersection:  Other intersection (explain in narrative),Paved,,Property Damage Only,0,0,0,0,0,0,1500,2,3,,POINT (-91.662235780965 41.982430612923)
2014819569,2014055941,09/29/2014,09-September,2-Monday,10:15,1000 Hours,District 5 (Southeast),,WARREN,I-35,I-35,Collision with fixed object:  Guardrail - face,On Roadway,Non-collision (single vehicle),Ran off road - left,None Indicated,,Daylight,Dry,Clear,None apparent,Non-intersection:  Non-junction/no special feature,Paved,,Property Damage Only,0,0,0,0,0,0,6000,1,1,,POINT (-93.780834199799 41.243847969137)
2014818781,14-1102,09/29/2014,09-September,2-Monday,07:33,0700 Hours,District 1 (Central),PLEASANT HILL,POLK,IA 163,IA 163/E UNIVERSITY AVE & NE 64TH ST,Collision with:  Vehicle in traffic,On Roadway,Rear-end (front to rear),Followed too close,None Indicated,,Dawn,Dry,Clear,None apparent,Intersection:  Four-way intersection,Paved,,Property Damage Only,0,0,0,0,0,0,3200,2,6,,POINT (-93.481961589392 41.598330136724)
2014819768,14-001200,09/29/2014,09-September,2-Monday,17:40,1700 Hours,District 1 (Central),JOHNSTON,POLK,,NW 62ND AVE,Collision with:  Vehicle in traffic,On Roadway,Broadside (front to side),Unknown,None Indicated,,Daylight,Dry,Cloudy,None apparent,Intersection:  Other intersection (explain in narrative),Paved,,Minor Injury,0,3,0,2,1,0,3000,2,3,,POINT (-93.703407189344 41.672974779435)
2014819026,20140028828,09/29/2014,09-September,2-Monday,07:50,0700 Hours,District 1 (Central),DES MOINES,POLK,US 69,US 69/E 14TH ST & OSCEOLA AVE,Collision with:  Vehicle in traffic,On Roadway,Rear-end (front to rear),Followed too close,None Indicated,,Daylight,Dry,Cloudy,None apparent,Intersection:  T-intersection,Paved,,Property Damage Only,0,0,0,0,0,0,2600,2,2,,POINT (-93.60054347203 41.608994880533)
2014819088,2014010900,09/29/2014,09-September,2-Monday,18:00,1800 Hours,District 6 (East Central),IOWA CITY,JOHNSON,US 6,US 6 & HEINZ RD & S HEINZ RD,Collision with:  Vehicle in traffic,On Roadway,Rear-end (front to rear),Improper Backing,None Indicated,,Daylight,Dry,Cloudy,None apparent,Intersection:  Four-way intersection,Paved,,Property Damage Only,0,0,0,0,0,0,2000,2,2,,POINT (-91.491075843031 41.631823988366)
2014818669,14148083,09/29/2014,09-September,2-Monday,13:28,1300 Hours,District 6 (East Central),,JOHNSON,,Co Rd F46/IWV RD,Collision with fixed object:  Ditch,On Roadway,Non-collision (single vehicle),Swerving/Evasive Action,None Indicated,,Daylight,Dry,Clear,None apparent,Non-intersection:  Non-junction/no special feature,Paved,,Property Damage Only,0,0,0,0,0,0,2500,1,1,,POINT (-91.666660886209 41.657683351084)
2014819543,S14-097817,09/29/2014,09-September,2-Monday,20:43,2000 Hours,District 2 (Northeast),DUNKERTON,BLACK HAWK,,Co Rd C66/E DUNKERTON RD,Unknown,,,Swerving/Evasive Action,None Indicated,,,,,,,Paved,,Property Damage Only,0,0,0,0,0,0,2500,1,1,,POINT (-92.187421094659 42.570128203757)
2014819243,W14-097686,09/29/2014,09-September,2-Monday,14:27,1400 Hours,District 2 (Northeast),WATERLOO,BLACK HAWK,,QUINCY ST & LINN ST,Collision with:  Vehicle in traffic,On Roadway,Broadside (front to side),FTYROW:  At uncontrolled intersection,None Indicated,,Daylight,Dry,Cloudy,None apparent,Intersection:  Four-way intersection,Paved,,Possible/Unknown,0,2,0,0,2,0,12000,2,2,,POINT (-92.331176581555 42.512267910205)
2014819709,14-004586,09/29/2014,09-September,2-Monday,12:58,1200 Hours,District 1 (Central),AMES,STORY,,MORTENSON PKWY & UNIVERSITY BLVD,Collision with:  Vehicle in traffic,On Roadway,"Sideswipe, same direction",Made improper turn,None Indicated,,Daylight,Dry,Clear,None apparent,Non-intersection:  Non-junction/no special feature,Paved,,Property Damage Only,0,0,0,0,0,0,1500,2,2,,POINT (-93.639305863182 42.008332185317)
2014819754,201403511,09/29/2014,09-September,2-Monday,12:04,1200 Hours,District 6 (East Central),CEDAR RAPIDS,LINN,,Co Rd E70/WRIGHT BROTHER S BLVD & PRAIRIE VIEW LN SW,Collision with:  Vehicle in traffic,On Roadway,Rear-end (front to rear),FTYROW:  At uncontrolled intersection,None Indicated,,Daylight,Dry,Clear,None apparent,Intersection:  T-intersection,Paved,,Property Damage Only,0,0,0,0,0,0,7000,2,2,,POINT (-91.662828355428 41.890580212256)
2014818760,20140028815,09/29/2014,09-September,2-Monday,23:25,2300 Hours,District 1 (Central),DES MOINES,POLK,US 69,US 69/E 14TH ST,Collision with:  Vehicle in traffic,On Roadway,"Sideswipe, same direction",FTYROW:  Making left turn,None Indicated,,Dark - roadway lighted,Dry,Clear,None apparent,Intersection:  Four-way intersection,Paved,,Property Damage Only,0,0,0,0,0,0,1700,2,3,,POINT (-93.598269948672 41.594135788275)
2014819001,14020437,09/29/2014,09-September,2-Monday,13:14,1300 Hours,District 6 (East Central),MARION,LINN,IA 100,IA 100/COLLINS RD SE & E POST RD,Collision with:  Vehicle in traffic,On Roadway,"Angle, oncoming left turn",Ran Traffic Signal,None Indicated,,Daylight,Dry,Clear,None apparent,Intersection:  Four-way intersection,Paved,,Property Damage Only,0,0,0,0,0,0,1800,2,2,,POINT (-91.599347790101 42.015364302084)
2014819607,2014055905,09/29/2014,09-September,2-Monday,02:34,0200 Hours,District 4 (Southwest),,DALLAS,I-80,I-80,Non-collision events:  Overturn/rollover,Median,Non-collision (single vehicle),Crossed centerline (undivided),None Indicated,,Dark - roadway not lighted,Dry,Clear,None apparent,Non-intersection:  Non-junction/no special feature,Paved,,Property Damage Only,0,0,0,0,0,0,11000,1,1,,POINT (-94.024870773326 41.53882863095)
2014819297,14-0549,09/29/2014,09-September,2-Monday,07:00,0700 Hours,District 1 (Central),STRATFORD,WEBSTER,IA 175,IA 175/360TH ST,Collision with:  Animal,,,Animal,None Indicated,,,,,,,Paved,,Property Damage Only,0,0,0,0,0,0,5000,1,1,,POINT (-93.935977826462 42.26774119825)
2014819028,20140028872,09/29/2014,09-September,2-Monday,13:58,1300 Hours,District 1 (Central),DES MOINES,POLK,,HICKMAN RD,Collision with:  Vehicle in traffic,On Roadway,"Sideswipe, same direction",Crossed centerline (undivided),None Indicated,,Daylight,Dry,Cloudy,None apparent,Non-intersection:  Non-junction/no special feature,Paved,,Property Damage Only,0,0,0,0,0,0,1700,2,3,,POINT (-93.6757460583 41.61489148414)
2014819077,14-32334,09/29/2014,09-September,2-Monday,08:10,0800 Hours,District 3 (Northwest),SIOUX CITY,WOODBURY,,14TH ST,Non-collision events:  Other non-collision (explain in narrative),On Roadway,Non-collision (single vehicle),Ran off road - left,None Indicated,,Daylight,Dry,Cloudy,None apparent,Non-intersection:  Non-junction/no special feature,Paved,,Property Damage Only,0,0,0,0,0,0,3000,1,4,,POINT (-96.411769764837 42.505054835116)
2014855907,2014055959,09/29/2014,09-September,2-Monday,12:00,1200 Hours,District 6 (East Central),DAVENPORT,SCOTT,,W 5TH ST & MAIN ST,Collision with:  Vehicle in traffic,On Roadway,Broadside (front to side),"Operating vehicle in an reckless, erratic, careless, negligent manner",None Indicated,,Daylight,Dry,Clear,None apparent,Non-intersection:  Other non-intersection (explain in narrative),Paved,,Minor Injury,0,1,0,1,0,0,25,2,2,,POINT (-90.575573385476 41.524659700061)
2014818996,14148218,09/29/2014,09-September,2-Monday,17:48,1700 Hours,District 6 (East Central),,JOHNSON,,Co Rd F12/120TH ST,Collision with fixed object:  Ditch,Roadside,Non-collision (single vehicle),Ran off road - right,Alcohol (Statutory),,Daylight,Dry,Clear,None apparent,Non-intersection:  Non-junction/no special feature,Paved,,Possible/Unknown,0,1,0,0,1,0,20000,1,1,,POINT (-91.780699128093 41.847624727852)
2014820283,2014-68783,09/29/2014,09-September,2-Monday,07:57,0700 Hours,District 6 (East Central),DAVENPORT,SCOTT,,W 36TH ST & N DIVISION ST,Collision with:  Vehicle in traffic,On Roadway,"Sideswipe, same direction",FTYROW:  Other (explain in narrative),None Indicated,,Daylight,Dry,Clear,None apparent,Non-intersection:  Non-junction/no special feature,Paved,,Property Damage Only,0,0,0,0,0,0,8000,2,2,,POINT (-90.600706957549 41.556376358363)
2014819821,14-008188,09/29/2014,09-September,2-Monday,19:33,1900 Hours,District 2 (Northeast),,CLAYTON,US 52,US 52 & MINERS CREEK RD,Collision with:  Animal,On Roadway,Non-collision (single vehicle),Animal,None Indicated,,Dark - roadway not lighted,Dry,Unknown,None apparent,Non-intersection:  Non-junction/no special feature,Paved,,Property Damage Only,0,0,0,0,0,0,2500,2,5,,POINT (-91.157032730814 42.820408608094)
2014819183,C14003121,09/29/2014,09-September,2-Monday,13:37,1300 Hours,District 6 (East Central),CORALVILLE,JOHNSON,,1ST AVE,Collision with:  Vehicle in traffic,On Roadway,"Sideswipe, same direction",FTYROW:  From driveway,None Indicated,,Daylight,Dry,Clear,None apparent,Non-intersection:  Driveway access (within),Paved,,Property Damage Only,0,0,0,0,0,0,3000,2,3,,POINT (-91.565982933812 41.678105639513)
2014819031,20140028890,09/29/2014,09-September,2-Monday,16:10,1600 Hours,District 1 (Central),DES MOINES,POLK,,CENTER ST & 12TH ST & METHODIST DR,Collision with:  Parked motor vehicle,Outside trafficway,"Sideswipe, same direction",Unknown,None Indicated,,Daylight,Dry,Cloudy,None apparent,Non-intersection:  Driveway access (within),Paved,,Property Damage Only,0,0,0,0,0,0,3000,2,1,,POINT (-93.634051659081 41.590620347419)
2014819106,14-5090,09/29/2014,09-September,2-Monday,08:20,0800 Hours,District 6 (East Central),HIAWATHA,LINN,,BOYSON RD & TERRY AVE,Collision with:  Vehicle in traffic,On Roadway,Rear-end (front to rear),Improper Backing,None Indicated,,Daylight,Dry,Cloudy,None apparent,Non-intersection:  Non-junction/no special feature,Paved,,Property Damage Only,0,0,0,0,0,0,8000,2,2,,POINT (-91.6685626335 42.047773458513)
2014819174,14-4845,09/29/2014,09-September,2-Monday,17:13,1700 Hours,District 1 (Central),WEST DES MOINES,POLK,,ASHWORTH RD,Collision with:  Vehicle in traffic,On Roadway,Rear-end (front to rear),Followed too close,None Indicated,,Daylight,Dry,Clear,None apparent,Non-intersection:  Non-junction/no special feature,Paved,,Property Damage Only,0,0,0,0,0,0,11000,2,4,,POINT (-93.742926054177 41.584717144427)
2014819711,14-004604,09/30/2014,09-September,3-Tuesday,15:17,1500 Hours,District 1 (Central),AMES,STORY,,13TH ST,Collision with:  Vehicle in traffic,On Roadway,Rear-end (front to rear),Followed too close,None Indicated,,Daylight,Dry,Cloudy,None apparent,Non-intersection:  Non-junction/no special feature,Paved,,Possible/Unknown,0,1,0,0,1,0,1200,3,5,,POINT (-93.619512829731 42.034451713595)
2014820384,,09/30/2014,09-September,3-Tuesday,19:30,1900 Hours,District 5 (Southeast),,WASHINGTON,,Co Rd G62/320TH ST & YUCCA AVE,Collision with:  Animal,On Roadway,Non-collision (single vehicle),Animal,None Indicated,,Dark - roadway not lighted,Dry,Clear,,Non-intersection:  Non-junction/no special feature,Paved,,Property Damage Only,0,0,0,0,0,0,8500,1,1,,POINT (-91.504958375317 41.191805365662)
2014819115,14-19026,09/30/2014,09-September,3-Tuesday,08:00,0800 Hours,District 6 (East Central),BETTENDORF,SCOTT,,MIDDLE RD & DEVILS GLEN RD,Collision with:  Vehicle in traffic,On Roadway,"Sideswipe, same direction",Swerving/Evasive Action,None Indicated,,Daylight,Dry,Cloudy,None apparent,Intersection:  Four-way intersection,Paved,,Property Damage Only,0,0,0,0,0,0,2500,2,2,,POINT (-90.48363896317 41.551566975965)
2014822381,145776,09/30/2014,09-September,3-Tuesday,21:30,2100 Hours,District 1 (Central),,HARDIN,,125TH ST,Collision with fixed object:  Ditch,On Roadway,Non-collision (single vehicle),Swerving/Evasive Action,None Indicated,,Dark - roadway not lighted,"Mud, dirt",Rain,None apparent,Non-intersection:  Non-junction/no special feature,Unpaved,,Possible/Unknown,0,1,0,0,1,0,3200,1,1,,POINT (-93.338613962002 42.521680468124)
2014820603,2014-69024,09/30/2014,09-September,3-Tuesday,05:47,0500 Hours,District 6 (East Central),DAVENPORT,SCOTT,,W RUSHOLME ST & CEDAR ST,Collision with:  Parked motor vehicle,On Roadway,"Sideswipe, same direction",Unknown,None Indicated,,Dark - roadway lighted,Dry,Clear,Unknown,Non-intersection:  Non-junction/no special feature,Paved,,Property Damage Only,0,0,0,0,0,0,2000,2,1,,POINT (-90.608977839705 41.542462693623)
2014820068,14-5118,09/30/2014,09-September,3-Tuesday,16:00,1600 Hours,District 6 (East Central),HIAWATHA,LINN,,BOYSON RD,Collision with:  Vehicle in traffic,On Roadway,Rear-end (front to rear),Followed too close,None Indicated,,Daylight,Dry,Cloudy,None apparent,Non-intersection:  Non-junction/no special feature,Paved,,Possible/Unknown,0,1,0,0,1,0,4000,2,2,,POINT (-91.682724782296 42.046585947463)
2014819312,2014010934,09/30/2014,09-September,3-Tuesday,18:00,1800 Hours,District 6 (East Central),IOWA CITY,JOHNSON,,FRIENDSHIP ST,Collision with:  Vehicle in traffic,On Roadway,Broadside (front to side),FTYROW:  Other (explain in narrative),None Indicated,,Daylight,Dry,Cloudy,None apparent,Non-intersection:  Alley,Paved,,Property Damage Only,0,0,0,0,0,0,2000,2,3,,POINT (-91.50558600732 41.65382820669)
2014819113,14-041731,09/30/2014,09-September,3-Tuesday,15:18,1500 Hours,District 4 (Southwest),COUNCIL BLUFFS,POTTAWATTAMIE,,HAPPY HOLLOW BLVD & N BROADWAY,Collision with:  Vehicle in traffic,On Roadway,Rear-end (front to rear),Followed too close,None Indicated,,Daylight,Wet,Rain,None apparent,Non-intersection:  Non-junction/no special feature,Paved,,Property Damage Only,0,0,0,0,0,0,3000,2,2,,POINT (-95.83560684727 41.277666098325)
2014819290,14-4875,09/30/2014,09-September,3-Tuesday,21:39,2100 Hours,District 4 (Southwest),WEST DES MOINES,DALLAS,,JORDAN CREEK PKWY & BRIDGEWOOD BLVD,Collision with:  Vehicle in traffic,On Roadway,"Sideswipe, same direction",Improper or erratic lane changing,None Indicated,,Dark - roadway lighted,Wet,Cloudy,None apparent,Non-intersection:  Non-junction/no special feature,Paved,,Property Damage Only,0,0,0,0,0,0,2000,2,2,,POINT (-93.809293465646 41.568425419801)
2014852294,14-075,09/30/2014,09-September,3-Tuesday,00:00,0000 Hours,District 3 (Northwest),ROCKWELL CITY,CALHOUN,,Co Rd N57/OGDEN AVE & 230TH ST,Non-collision events:  Other non-collision (explain in narrative),Median,Non-collision (single vehicle),Ran off road - left,None Indicated,,Dark - roadway not lighted,Dry,Cloudy,None apparent,Non-intersection:  Non-junction/no special feature,Paved,,Minor Injury,0,1,0,1,0,0,650,1,1,,POINT (-94.630321712912 42.456819601567)
2014819271,14-2171,09/30/2014,09-September,3-Tuesday,08:20,0800 Hours,District 1 (Central),URBANDALE,POLK,I-35,I-35 & IA 141/IOWA 141,Collision with:  Vehicle in traffic,On Roadway,Rear-end (front to rear),Followed too close,None Indicated,,Daylight,Dry,Cloudy,None apparent,Non-intersection:  Non-junction/no special feature,Paved,,Possible/Unknown,0,2,0,0,2,0,2500,2,3,,POINT (-93.775051156974 41.650662735493)
2014835375,14-01180,09/30/2014,09-September,3-Tuesday,17:30,1700 Hours,District 6 (East Central),WEST BRANCH,CEDAR,I-80,I-80 & Co Rd X30/BAKER AVE,Collision with:  Vehicle in traffic,On Roadway,Rear-end (front to rear),Lost Control,None Indicated,,Daylight,Dry,Clear,None apparent,Interchange-related:  Off-ramp,Paved,,Property Damage Only,0,0,0,0,0,0,8000,2,2,,POINT (-91.346720996629 41.662973963352)
2014819384,14-041755,09/30/2014,09-September,3-Tuesday,18:30,1800 Hours,District 4 (Southwest),COUNCIL BLUFFS,POTTAWATTAMIE,,LOCUST LDG & N BROADWAY,Collision with:  Vehicle in traffic,On Roadway,Rear-end (front to rear),Followed too close,None Indicated,,Dark - roadway lighted,Wet,Rain,None apparent,Non-intersection:  Non-junction/no special feature,Paved,,Property Damage Only,0,0,0,0,0,0,2600,2,2,,POINT (-95.835922770338 41.275037459501)
2014820044,14041486,09/30/2014,09-September,3-Tuesday,13:34,1300 Hours,District 5 (Southeast),MUSCATINE,MUSCATINE,,E 5TH ST & WALNUT ST,Collision with:  Vehicle in traffic,On Roadway,Broadside (front to side),FTYROW:  From stop sign,None Indicated,,Daylight,Dry,Clear,None apparent,Intersection:  Four-way intersection,Paved,,Property Damage Only,0,0,0,0,0,0,8000,2,2,,POINT (-91.044828331288 41.425472251842)
2014818988,W14-098022,09/30/2014,09-September,3-Tuesday,12:34,1200 Hours,District 2 (Northeast),WATERLOO,BLACK HAWK,,INDEPENDENCE AVE & MOBILE ST,Collision with:  Vehicle in traffic,On Roadway,Broadside (front to side),FTYROW:  From stop sign,None Indicated,,Daylight,Dry,Cloudy,None apparent,Intersection:  Four-way intersection,Paved,,Property Damage Only,0,0,0,0,0,0,2000,2,2,,POINT (-92.32270823728 42.498376236619)
2014820060,14-030442,09/30/2014,09-September,3-Tuesday,15:32,1500 Hours,District 5 (Southeast),,LEE,,PEACH ORCHARD RD,Non-collision events:  Overturn/rollover,On Roadway,Non-collision (single vehicle),Ran off road - left,None Indicated,,Daylight,Dry,Clear,"Surface condition (e.g., wet, icy)",Non-intersection:  Non-junction/no special feature,Paved,,Possible/Unknown,0,1,0,0,1,0,3050,1,1,,POINT (-91.464690254451 40.53837716144)
2014819612,2014056066,09/30/2014,09-September,3-Tuesday,06:45,0600 Hours,District 4 (Southwest),,RINGGOLD,US 169,US 169,Collision with:  Animal,,,Animal,None Indicated,,,,,,,Paved,,Property Damage Only,0,0,0,0,0,0,3500,1,1,,POINT (-94.223859407366 40.774253586667)
2014822535,,09/30/2014,09-September,3-Tuesday,16:47,1600 Hours,District 6 (East Central),MAQUOKETA,JACKSON,,E PLEASANT ST & S ELIZA ST,Collision with:  Vehicle in traffic,On Roadway,Broadside (front to side),Ran Stop Sign,None Indicated,,Daylight,Dry,Cloudy,None apparent,Intersection:  Four-way intersection,Paved,,Minor Injury,0,1,0,1,0,0,6020,2,3,,POINT (-90.662951420968 42.067729485881)
2014819473,14-34902,09/30/2014,09-September,3-Tuesday,15:15,1500 Hours,District 5 (Southeast),,DES MOINES,,DMC HWY 34,Collision with:  Vehicle in traffic,On Roadway,Rear-end (front to rear),Other (explain in narrative):  Other,None Indicated,,Daylight,Dry,Clear,None apparent,Non-intersection:  Railroad grade crossing,Paved,,Property Damage Only,0,0,0,0,0,0,6000,2,2,,POINT (-91.22345473863 40.826861848296)
2014819283,14-32461,09/30/2014,09-September,3-Tuesday,10:18,1000 Hours,District 3 (Northwest),SIOUX CITY,WOODBURY,,SERGEANT RD & S LAKEPORT ST,Collision with:  Vehicle in traffic,On Roadway,Rear-end (front to rear),FTYROW:  Other (explain in narrative),None Indicated,,Daylight,Dry,Cloudy,None apparent,Intersection:  Four-way intersection,Paved,,Possible/Unknown,0,1,0,0,1,0,5600,3,3,,POINT (-96.346442249789 42.447337096361)
2014819382,14-4866,09/30/2014,09-September,3-Tuesday,17:32,1700 Hours,District 1 (Central),WEST DES MOINES,POLK,,UNIVERSITY AVE,Collision with:  Vehicle in traffic,On Roadway,Rear-end (front to rear),Followed too close,None Indicated,,Daylight,Dry,Cloudy,None apparent,Intersection:  Four-way intersection,Paved,,Possible/Unknown,0,1,0,0,1,0,1800,3,3,,POINT (-93.785513510616 41.600421853048)
2014821454,2014056205,09/30/2014,09-September,3-Tuesday,20:59,2000 Hours,District 1 (Central),,STORY,I-35,I-35,Collision with:  Vehicle in traffic,On Roadway,"Sideswipe, same direction",Other (explain in narrative):  Other,None Indicated,,Dark - roadway lighted,Dry,Clear,None apparent,Interchange-related:  On-ramp merge area,Paved,,Property Damage Only,0,0,0,0,0,0,2300,2,3,,POINT (-93.571009275218 41.996911590278)
2014819563,14-008603,09/30/2014,09-September,3-Tuesday,07:04,0700 Hours,District 4 (Southwest),ATLANTIC,CASS,US 6,US 6/7TH ST,Collision with:  Vehicle in traffic,On Roadway,Rear-end (front to rear),Ran off road - right,None Indicated,,Dawn,Dry,Cloudy,None apparent,Non-intersection:  Driveway access (within),Paved,,Minor Injury,0,2,0,1,0,1,7000,2,2,,POINT (-95.041414720784 41.388369562549)
2014819107,14-5108,09/30/2014,09-September,3-Tuesday,08:05,0800 Hours,District 6 (East Central),HIAWATHA,LINN,,KAINZ DR & BOYSON RD,Collision with:  Vehicle in traffic,On Roadway,"Sideswipe, same direction",FTYROW:  Making left turn,None Indicated,,Daylight,Dry,Cloudy,None apparent,Intersection:  T-intersection,Paved,,Possible/Unknown,0,1,0,0,1,0,4000,2,3,,POINT (-91.678639665581 42.047799870418)
2014822856,2014010261,09/30/2014,09-September,3-Tuesday,17:40,1700 Hours,District 1 (Central),MARSHALLTOWN,MARSHALL,,LINCOLN WAY,Collision with fixed object:  Ditch,Outside trafficway,Non-collision (single vehicle),"Operating vehicle in an reckless, erratic, careless, negligent manner",Alcohol (Statutory),,Daylight,Dry,Clear,None apparent,Non-intersection:  Driveway access (within),Paved,,Possible/Unknown,0,1,0,0,1,0,43000,1,1,,POINT (-92.965013888793 42.032317483573)
2014820635,14017170,09/30/2014,09-September,3-Tuesday,12:22,1200 Hours,District 2 (Northeast),MASON CITY,CERRO GORDO,,3RD ST NW,Collision with:  Vehicle in traffic,On Roadway,Rear-end (front to rear),Improper Backing,None Indicated,,Daylight,Dry,Clear,None apparent,Non-intersection:  Non-junction/no special feature,Paved,,Property Damage Only,0,0,0,0,0,0,5500,2,2,,POINT (-93.202807231417 43.154527457916)
2014819274,14-002261,09/30/2014,09-September,3-Tuesday,17:45,1700 Hours,District 1 (Central),ALTOONA,POLK,,8TH ST SW,Collision with:  Vehicle in traffic,On Roadway,Rear-end (front to rear),Followed too close,None Indicated,,Daylight,Dry,Cloudy,None apparent,Non-intersection:  Non-junction/no special feature,Paved,,Property Damage Only,0,0,0,0,0,0,1500,2,2,,POINT (-93.504565880874 41.644169987601)
2014819484,2014-14550,09/30/2014,09-September,3-Tuesday,08:16,0800 Hours,District 6 (East Central),CEDAR RAPIDS,LINN,,HAVEN CT SW,Collision with:  Parked motor vehicle,On Roadway,"Sideswipe, opposite direction",Equipment failure,None Indicated,,Daylight,Dry,Cloudy,None apparent,Non-intersection:  Non-junction/no special feature,Paved,,Property Damage Only,0,0,0,0,0,0,7200,2,2,,POINT (-91.65998173827 41.956943083741)
2014820624,W14-098244,09/30/2014,09-September,3-Tuesday,22:23,2200 Hours,District 2 (Northeast),WATERLOO,BLACK HAWK,,W 5TH ST & LOCUST ST,Collision with:  Vehicle in traffic,On Roadway,Rear-end (front to rear),Unknown,None Indicated,,Dark - roadway lighted,Dry,Clear,None apparent,Intersection:  Four-way intersection,Paved,,Possible/Unknown,0,1,0,0,1,0,1500,2,2,,POINT (-92.34804856497 42.487617120633)
2014819331,2014-69131,09/30/2014,09-September,3-Tuesday,15:02,1500 Hours,District 6 (East Central),DAVENPORT,SCOTT,,W KIMBERLY RD & BUFFALO AVE,Collision with:  Vehicle in traffic,On Roadway,Broadside (front to side),FTYROW:  From stop sign,None Indicated,,Daylight,Dry,Clear,None apparent,Intersection:  Four-way intersection,Paved,,Property Damage Only,0,0,0,0,0,0,3500,2,2,,POINT (-90.685809599481 41.596182776359)
2014819335,14-3088,09/30/2014,09-September,3-Tuesday,19:20,1900 Hours,District 1 (Central),FORT DODGE,WEBSTER,,5TH AVE S & S 17TH ST,Collision with:  Vehicle in traffic,On Roadway,Rear-end (front to rear),Other (explain in narrative):  Other,None Indicated,,Dark - roadway lighted,Wet,Rain,None apparent,Non-intersection:  Non-junction/no special feature,Paved,,Property Damage Only,0,0,0,0,0,0,3000,2,2,,POINT (-94.174875210855 42.501010479382)
2014819246,W14-097947,09/30/2014,09-September,3-Tuesday,05:58,0500 Hours,District 2 (Northeast),WATERLOO,BLACK HAWK,,W AIRLINE HWY,Collision with:  Vehicle in traffic,On Roadway,Broadside (front to side),FTYROW:  From stop sign,None Indicated,,Dark - roadway not lighted,Dry,Clear,None apparent,Intersection:  T-intersection,Paved,,Possible/Unknown,0,2,0,0,2,0,10000,2,2,,POINT (-92.363168573699 42.542043173313)
2014819110,01-14-038274,09/30/2014,09-September,3-Tuesday,11:12,1100 Hours,District 6 (East Central),DUBUQUE,DUBUQUE,,EMILY DR,Collision with:  Parked motor vehicle,On Roadway,Broadside (front to side),Improper Backing,None Indicated,,Daylight,Dry,Cloudy,None apparent,Non-intersection:  Non-junction/no special feature,Paved,,Property Damage Only,0,0,0,0,0,0,2500,2,1,,POINT (-90.682396993254 42.464448584672)
2014819397,14-041739,09/30/2014,09-September,3-Tuesday,16:17,1600 Hours,District 4 (Southwest),COUNCIL BLUFFS,POTTAWATTAMIE,,E PIERCE ST & UNION ST,Collision with:  Vehicle in traffic,On Roadway,Rear-end (front to rear),Followed too close,None Indicated,,Daylight,Wet,Rain,None apparent,Non-intersection:  Non-junction/no special feature,Paved,,Property Damage Only,0,0,0,0,0,0,2000,2,2,,POINT (-95.839949197195 41.26465286095)
2014820034,14098145,09/30/2014,09-September,3-Tuesday,18:32,1800 Hours,District 2 (Northeast),CEDAR FALLS,BLACK HAWK,IA 27,IA 27 & W RIDGEWAY AVE & E RIDGEWAY AVE,Collision with:  Vehicle in traffic,On Roadway,Rear-end (front to rear),Followed too close,None Indicated,,Dusk,Dry,Clear,None apparent,Intersection:  Four-way intersection,Paved,,Property Damage Only,0,0,0,0,0,0,2100,2,3,,POINT (-92.445832359254 42.469498490896)
2014820856,14-201,09/30/2014,09-September,3-Tuesday,15:22,1500 Hours,District 2 (Northeast),WAVERLY,BREMER,IA 3,IA 3/E BREMER AVE & 12TH ST SE,Collision with:  Vehicle in traffic,On Roadway,Rear-end (front to rear),Followed too close,None Indicated,,Daylight,Dry,Clear,None apparent,Non-intersection:  Non-junction/no special feature,Paved,,Property Damage Only,0,0,0,0,0,0,4000,2,2,,POINT (-92.452952729455 42.724042556164)
2014820604,2014-69035,09/30/2014,09-September,3-Tuesday,02:00,0200 Hours,District 6 (East Central),DAVENPORT,SCOTT,,E 15TH ST,Collision with:  Parked motor vehicle,On Roadway,"Sideswipe, same direction",Ran off road - right,None Indicated,,Dark - roadway lighted,Dry,Clear,None apparent,Non-intersection:  Non-junction/no special feature,Paved,,Possible/Unknown,0,1,0,0,0,1,5000,2,777,,POINT (-90.559458708054 41.535054287891)
2014819428,2014-013014,09/30/2014,09-September,3-Tuesday,02:22,0200 Hours,District 6 (East Central),,DUBUQUE,US 20,US 20,Collision with:  Animal,,,Animal,None Indicated,,,,,,,Paved,,Property Damage Only,0,0,0,0,0,0,2000,1,1,,POINT (-91.122288511518 42.469801032916)
2014819781,14041556,09/30/2014,09-September,3-Tuesday,20:20,2000 Hours,District 5 (Southeast),,MUSCATINE,,Co Rd X61/STEWART RD,Collision with:  Animal,,Non-collision (single vehicle),Animal,None Indicated,,,,,,,Paved,,Property Damage Only,0,0,0,0,0,0,2500,1,1,,POINT (-91.105697569633 41.348652410252)