Iowa DOT Case Number,Law Enforcement Case Number,Date of Crash,Month of Crash,Day of Week,Time of Crash,Hour,DOT District,City Name,County Name,Route with System,Location Description,First Harmful Event,Location of First Harmful Event,Manner of Crash/Collision,Major Cause,Drug or Alcohol ,Environmental Conditions,Light Conditions,Surface Conditions,Weather Conditions,Roadway Contribution,Roadway Type,Roadway Surface,Work Zone,Crash Severity,Number of Fatalities,Number of Injuries,Number of Major Injuries,Number of Minor Injuries,Number of Possible Injuries,Number of Unknown Injuries,Amount of Property Damage,Number of Vehicles Involved,Total Number of Occupants,Travel Direction,Location
2014819499,201414564,09/30/2014,09-September,3-Tuesday,11:16,1100 Hours,District 6 (East Central),CEDAR RAPIDS,LINN,I-380,I-380,Collision with fixed object:  Other fixed object (explain in narrative),On Roadway,Non-collision (single vehicle),Ran off road - left,None Indicated,,Daylight,Dry,Cloudy,None apparent,Non-intersection:  Non-junction/no special feature,Paved,,Possible/Unknown,0,1,0,0,1,0,13500,1,1,,POINT (-91.671168196869 41.915643201234)
2014819285,14-32509,09/30/2014,09-September,3-Tuesday,15:26,1500 Hours,District 3 (Northwest),SIOUX CITY,WOODBURY,,LEECH AVE,Collision with:  Vehicle in traffic,On Roadway,Head-on (front to front),Disregarded RR Signal,None Indicated,,Daylight,Wet,Rain,None apparent,Non-intersection:  Railroad grade crossing,Paved,,Property Damage Only,0,0,0,0,0,0,1500,2,2,,POINT (-96.380533666826 42.487738429179)
2014819306,147737PD,09/30/2014,09-September,3-Tuesday,12:52,1200 Hours,District 1 (Central),BOONE,BOONE,,STORY ST,Collision with:  Vehicle in traffic,On Roadway,"Sideswipe, same direction",FTYROW:  From parked position,None Indicated,,Daylight,Dry,"Fog, smoke, smog",None apparent,Non-intersection:  Non-junction/no special feature,Paved,,Property Damage Only,0,0,0,0,0,0,2500,2,4,,POINT (-93.880036150116 42.064632769289)
2014821036,S79140321,09/30/2014,09-September,3-Tuesday,05:25,0500 Hours,District 1 (Central),,POWESHIEK,US 63,US 63,Collision with:  Animal,,,Animal,None Indicated,,,,,,,Paved,,Property Damage Only,0,0,0,0,0,0,4000,1,1,,POINT (-92.552048097516 41.653384721763)
2014819292,CL14003481,09/30/2014,09-September,3-Tuesday,19:13,1900 Hours,District 6 (East Central),CLINTON,CLINTON,,S 19TH ST,Collision with:  Animal,,,Animal,None Indicated,,,,,,,Paved,,Property Damage Only,0,0,0,0,0,0,1500,1,1,,POINT (-90.230758631932 41.826772175635)
2014819269,20140029022,09/30/2014,09-September,3-Tuesday,17:56,1700 Hours,District 1 (Central),DES MOINES,POLK,US 69,US 69/SE 14TH ST,Collision with:  Vehicle in traffic,On Roadway,Rear-end (front to rear),Followed too close,None Indicated,,Daylight,Dry,Cloudy,Other (explain in narrative),Intersection:  Four-way intersection,Paved,,Possible/Unknown,0,1,0,0,1,0,1600,2,2,,POINT (-93.596867020789 41.553844516359)
2014819623,201400048281,09/30/2014,09-September,3-Tuesday,18:23,1800 Hours,District 5 (Southeast),OTTUMWA,WAPELLO,IA 149,IA 149/IOWA 149,Collision with fixed object:  Curb/island/raised median,On Roadway,Non-collision (single vehicle),Over correcting/over steering,None Indicated,,Daylight,Dry,Clear,None apparent,Non-intersection:  Non-junction/no special feature,Paved,,Minor Injury,0,2,0,1,1,0,8000,1,2,,POINT (-92.415597772584 41.036658561603)
2014819020,20140028943,09/30/2014,09-September,3-Tuesday,07:50,0700 Hours,District 1 (Central),DES MOINES,POLK,US 6,US 6/DOUGLAS AVE,Collision with:  Vehicle in traffic,On Roadway,"Sideswipe, same direction",FTYROW:  Other (explain in narrative),None Indicated,,Daylight,Dry,Cloudy,None apparent,Non-intersection:  Non-junction/no special feature,Paved,,Property Damage Only,0,0,0,0,0,0,4500,2,3,,POINT (-93.677855237796 41.629479716113)
2014820373,,09/30/2014,09-September,3-Tuesday,17:15,1700 Hours,District 6 (East Central),CEDAR RAPIDS,LINN,,C AVE NE,Collision with:  Vehicle in traffic,On Roadway,Head-on (front to front),Unknown,None Indicated,,Daylight,Dry,Clear,,Non-intersection:  Non-junction/no special feature,Paved,,Property Damage Only,0,0,0,0,0,0,8000,2,3,,POINT (-91.638514996638 42.03514526301)
2014821455,2014056214,09/30/2014,09-September,3-Tuesday,20:50,2000 Hours,District 1 (Central),,STORY,I-35,I-35,Collision with:  Vehicle in traffic,On Roadway,Rear-end (front to rear),FTYROW:  Other (explain in narrative),None Indicated,,Dark - roadway not lighted,Wet,Rain,Work Zone (roadway-related),Non-intersection:  Other non-intersection (explain in narrative),Paved,Yes,Possible/Unknown,0,1,0,0,1,0,9000,2,1,,POINT (-93.568027258861 42.068852847417)
2014819334,14-3087,09/30/2014,09-September,3-Tuesday,16:20,1600 Hours,District 1 (Central),FORT DODGE,WEBSTER,,FLORAL AVE & N 15TH ST,Collision with:  Vehicle in traffic,On Roadway,Broadside (front to side),FTYROW:  From stop sign,None Indicated,,Daylight,Dry,Clear,None apparent,Intersection:  T-intersection,Paved,,Property Damage Only,0,0,0,0,0,0,6000,2,4,,POINT (-94.178091984463 42.519358077133)
2014819793,W-14-2138,09/30/2014,09-September,3-Tuesday,12:08,1200 Hours,District 2 (Northeast),WAUKON,ALLAMAKEE,IA 76,IA 76/W MAIN ST,Collision with fixed object:  Tree,On Roadway,Non-collision (single vehicle),Other (explain in narrative):  Other,None Indicated,,Daylight,Dry,Clear,None apparent,Non-intersection:  Non-junction/no special feature,Paved,,Property Damage Only,0,0,0,0,0,0,6000,1,1,,POINT (-91.481420343645 43.269242892024)
2014820614,14013935,09/30/2014,09-September,3-Tuesday,17:29,1700 Hours,District 5 (Southeast),CENTERVILLE,APPANOOSE,IA 5,IA 5/N 18TH ST & E VAN BUREN ST,Collision with fixed object:  Utility pole/light support,Outside trafficway,Non-collision (single vehicle),Ran off road - right,None Indicated,,Daylight,Dry,Clear,None apparent,Non-intersection:  Non-junction/no special feature,Paved,,Property Damage Only,0,0,0,0,0,0,3500,1,1,,POINT (-92.867973419707 40.734949483115)
2014819244,W14-098070,09/30/2014,09-September,3-Tuesday,15:18,1500 Hours,District 2 (Northeast),WATERLOO,BLACK HAWK,US 63,US 63/W MULLAN AVE & COMMERCIAL ST & W COMMERCIAL ST,Collision with:  Vehicle in traffic,On Roadway,"Angle, oncoming left turn",Driver Distraction:  Manual operation of an electronic communication device,None Indicated,,Daylight,Dry,Clear,None apparent,Intersection:  Four-way intersection,Paved,,Property Damage Only,0,0,0,0,0,0,3000,2,2,,POINT (-92.345074259189 42.49862330823)
2014819710,14-004598,09/30/2014,09-September,3-Tuesday,09:56,0900 Hours,District 1 (Central),AMES,STORY,,BEACH AVE,Collision with:  Vehicle in traffic,On Roadway,Rear-end (front to rear),Other (explain in narrative):  Other,None Indicated,,Daylight,Dry,Cloudy,None apparent,Intersection:  Four-way intersection,Paved,,Property Damage Only,0,0,0,0,0,0,4500,2,2,,POINT (-93.639507791657 42.022462390349)
2014819577,14-015366,09/30/2014,09-September,3-Tuesday,19:44,1900 Hours,District 2 (Northeast),CHARLES CITY,FLOYD,US 18,US 18,Collision with:  Animal,,,Animal,None Indicated,,,,,,,Paved,,Property Damage Only,0,0,0,0,0,0,2000,1,1,,POINT (-92.574500890954 43.067081778374)
2014819261,20140028944,09/30/2014,09-September,3-Tuesday,07:40,0700 Hours,District 1 (Central),DES MOINES,POLK,,FLEUR DR,Collision with:  Vehicle in traffic,On Roadway,"Sideswipe, same direction",FTYROW:  Other (explain in narrative),None Indicated,,Daylight,Dry,Cloudy,None apparent,Non-intersection:  Non-junction/no special feature,Paved,,Property Damage Only,0,0,0,0,0,0,4000,2,5,,POINT (-93.644960977758 41.569230475689)
2014819779,14-041422,09/30/2014,09-September,3-Tuesday,00:18,0000 Hours,District 6 (East Central),,SCOTT,,Co Rd F58/HWY 927,Collision with:  Animal,On Roadway,Non-collision (single vehicle),Animal,None Indicated,,Dark - roadway not lighted,Dry,Clear,None apparent,Non-intersection:  Non-junction/no special feature,Paved,,Property Damage Only,0,0,0,0,0,0,10000,1,2,,POINT (-96.643700149993 40.233091251414)
2014820855,14-19068,09/30/2014,09-September,3-Tuesday,20:49,2000 Hours,District 6 (East Central),BETTENDORF,SCOTT,,CROW CREEK RD,Collision with:  Vehicle in traffic,On Roadway,Rear-end (front to rear),Swerving/Evasive Action,None Indicated,,Dark - roadway not lighted,Dry,Clear,None apparent,Non-intersection:  Non-junction/no special feature,Paved,,Property Damage Only,0,0,0,0,0,0,7000,2,1,,POINT (-90.516428300051 41.567582037794)
2014819272,14-2173,09/30/2014,09-September,3-Tuesday,12:10,1200 Hours,District 1 (Central),URBANDALE,POLK,I-35,I-35,Collision with:  Vehicle in traffic,On Roadway,"Sideswipe, same direction",FTYROW:  Other (explain in narrative),None Indicated,,Daylight,Dry,Cloudy,None apparent,Interchange-related:  On-ramp merge area,Paved,,Property Damage Only,0,0,0,0,0,0,2200,2,2,,POINT (-93.776693136862 41.645391492169)
2014819851,1400000852,09/30/2014,09-September,3-Tuesday,19:48,1900 Hours,District 1 (Central),MARSHALLTOWN,MARSHALL,,Co Rd E67/330TH ST,Collision with:  Vehicle in traffic,On Roadway,Rear-end (front to rear),Driver Distraction:  Manual operation of an electronic communication device,None Indicated,,Dark - roadway not lighted,Dry,Clear,None apparent,Non-intersection:  Non-junction/no special feature,Paved,,Property Damage Only,0,0,0,0,0,0,18500,2,2,,POINT (-92.906578226258 41.884042990314)
2014819273,14-0857,09/30/2014,09-September,3-Tuesday,16:56,1600 Hours,District 1 (Central),WINDSOR HEIGHTS,POLK,IA 28,IA 28/63RD ST & CENTER ST,Collision with:  Vehicle in traffic,On Roadway,"Sideswipe, same direction",FTYROW:  Other (explain in narrative),None Indicated,,Daylight,Dry,Clear,None apparent,Non-intersection:  Non-junction/no special feature,Paved,,Property Damage Only,0,0,0,0,0,0,2500,2,3,,POINT (-93.70350948567 41.591837610082)
2014819024,20140028982,09/30/2014,09-September,3-Tuesday,12:50,1200 Hours,District 1 (Central),DES MOINES,POLK,,HIGH ST & 7TH ST,Collision with:  Vehicle in traffic,On Roadway,"Sideswipe, same direction",Unknown,None Indicated,,Daylight,Dry,Cloudy,None apparent,Intersection:  Four-way intersection,Paved,,Possible/Unknown,0,1,0,0,1,0,3000,2,2,,POINT (-93.626781180172 41.588174214323)
2014819254,14020534,09/30/2014,09-September,3-Tuesday,15:45,1500 Hours,District 6 (East Central),MARION,LINN,,7TH AVE & 3RD ST,Collision with:  Vehicle in traffic,On Roadway,Rear-end (front to rear),Followed too close,None Indicated,,Daylight,Dry,Clear,None apparent,Intersection:  T-intersection,Paved,,Property Damage Only,0,0,0,0,0,0,2000,2,2,,POINT (-91.607703167837 42.033172452586)
2014821891,133-2014,09/30/2014,09-September,3-Tuesday,16:25,1600 Hours,District 4 (Southwest),,HARRISON,,Co Rd L23/LAREDO AVE,Non-collision events:  Other non-collision (explain in narrative),On Roadway,Non-collision (single vehicle),Lost Control,None Indicated,,Daylight,Wet,Rain,None apparent,Non-intersection:  Non-junction/no special feature,Paved,,Property Damage Only,0,0,0,0,0,0,1900,1,1,,POINT (-95.888842740309 41.65663224217)
2014819611,2014056052,09/30/2014,09-September,3-Tuesday,00:29,0000 Hours,District 5 (Southeast),,MUSCATINE,US 6,US 6 & BANCROFT AVE,Collision with fixed object:  Tree,Roadside,Non-collision (single vehicle),Exceeded authorized speed,None Indicated,,Dark - roadway not lighted,Dry,Clear,None apparent,Intersection:  T-intersection,Paved,,Property Damage Only,0,0,0,0,0,0,8000,1,1,,POINT (-91.348733575971 41.587453774405)
2014819498,201414548,09/30/2014,09-September,3-Tuesday,07:41,0700 Hours,District 6 (East Central),CEDAR RAPIDS,LINN,,SALLY DR NE & WESTCHESTER DR NE & 42ND ST NE,Collision with:  Vehicle in traffic,On Roadway,Head-on (front to front),FTYROW:  Making left turn,None Indicated,,Daylight,Dry,Clear,None apparent,Intersection:  Four-way intersection,Paved,,Property Damage Only,0,0,0,0,0,0,11000,2,2,,POINT (-91.686970425167 42.021722998588)
2014821949,,09/30/2014,09-September,3-Tuesday,16:14,1600 Hours,District 5 (Southeast),FORT MADISON,LEE,,AVE E & 11TH ST,Collision with:  Vehicle in traffic,On Roadway,Broadside (front to side),FTYROW:  From stop sign,None Indicated,,Daylight,Dry,Clear,None apparent,Intersection:  Four-way intersection,Paved,,Property Damage Only,0,0,0,0,0,0,2000,2,4,,POINT (-91.317118790704 40.633079530539)
2014819654,14017156,09/30/2014,09-September,3-Tuesday,08:46,0800 Hours,District 2 (Northeast),MASON CITY,CERRO GORDO,,3RD ST NE & N PENNSYLVANIA AVE,Collision with:  Vehicle in traffic,On Roadway,Broadside (front to side),Improper Backing,None Indicated,,Daylight,Dry,Cloudy,None apparent,Non-intersection:  Non-junction/no special feature,Paved,,Property Damage Only,0,0,0,0,0,0,2000,2,1,,POINT (-93.197862900568 43.154554124758)
2014819255,14020530,09/30/2014,09-September,3-Tuesday,14:44,1400 Hours,District 6 (East Central),MARION,LINN,,29TH AVE & INDIAN CREEK RD,Collision with:  Vehicle in traffic,On Roadway,Rear-end (front to rear),Ran Stop Sign,None Indicated,,Daylight,Dry,Cloudy,None apparent,Intersection:  Four-way intersection,Paved,,Property Damage Only,0,0,0,0,0,0,5000,2,2,,POINT (-91.591670664546 42.050746282603)
2014820237,A14071,09/30/2014,09-September,3-Tuesday,05:50,0500 Hours,District 5 (Southeast),KNOXVILLE,MARION,IA 14,IA 14/LINCOLN ST & W ROBINSON ST,Collision with:  Vehicle in traffic,On Roadway,"Angle, oncoming left turn",FTYROW:  Making left turn,None Indicated,,Dark - roadway lighted,Dry,Cloudy,None apparent,Intersection:  Four-way intersection,Paved,,Minor Injury,0,2,0,2,0,0,6200,2,2,,POINT (-93.109527272728 41.317983418321)
2014819314,2014010940,09/30/2014,09-September,3-Tuesday,19:07,1900 Hours,District 6 (East Central),IOWA CITY,JOHNSON,,IOWA AVE & S  DUBUQUE ST & N DUBUQUE ST,Collision with:  Vehicle in traffic,On Roadway,Broadside (front to side),Ran Traffic Signal,None Indicated,,Dark - roadway lighted,Dry,Cloudy,None apparent,Intersection:  Four-way intersection,Paved,,Property Damage Only,0,0,0,0,0,0,3700,2,4,,POINT (-91.533111327398 41.661244225786)
2014819017,20140028936,09/30/2014,09-September,3-Tuesday,05:33,0500 Hours,District 1 (Central),DES MOINES,POLK,US 69,US 69/SE 14TH ST & E HARTFORD AVE,Collision with:  Vehicle in traffic,On Roadway,Broadside (front to side),Made improper turn,None Indicated,,Dark - roadway lighted,Dry,Clear,None apparent,Intersection:  Four-way intersection,Paved,,Possible/Unknown,0,3,0,0,1,2,25000,2,3,,POINT (-93.596917376661 41.569742135372)
2014819171,14-34838,09/30/2014,09-September,3-Tuesday,04:55,0400 Hours,District 5 (Southeast),BURLINGTON,DES MOINES,US 61,US 61 & DIVISION ST,Collision with:  Vehicle in traffic,On Roadway,Broadside (front to side),Ran Traffic Signal,None Indicated,,Dark - roadway lighted,Dry,Cloudy,None apparent,Intersection:  Four-way intersection,Paved,,Property Damage Only,0,0,0,0,0,0,4000,2,2,,POINT (-91.141466810303 40.80768026511)
2014822871,14013386,09/30/2014,09-September,3-Tuesday,03:26,0300 Hours,District 2 (Northeast),,FAYETTE,IA 150,IA 150/LINCOLN RD,Collision with:  Animal,,,Animal,None Indicated,,,,,,,Paved,,Property Damage Only,0,0,0,0,0,0,3700,1,1,,POINT (-91.811823004652 42.848807638824)
2014819313,2014010938,09/30/2014,09-September,3-Tuesday,17:25,1700 Hours,District 6 (East Central),IOWA CITY,JOHNSON,,N SCOTT BLVD & MIDDLEBURY RD,Collision with:  Vehicle in traffic,On Roadway,Rear-end (front to rear),Followed too close,None Indicated,,Daylight,Dry,Cloudy,None apparent,Non-intersection:  Non-junction/no special feature,Paved,,Property Damage Only,0,0,0,0,0,0,3000,2,4,,POINT (-91.482939914893 41.666978679596)
2014822831,4514-041,09/30/2014,09-September,3-Tuesday,08:13,0800 Hours,District 2 (Northeast),,HOWARD,,VALLEY AVE,Non-collision events:  Overturn/rollover,On Roadway,Non-collision (single vehicle),Ran off road - right,None Indicated,,Dawn,"Mud, dirt",Clear,None apparent,Non-intersection:  Non-junction/no special feature,Unpaved,,Property Damage Only,0,0,0,0,0,0,3000,1,1,,POINT (-92.139979577568 43.317493799638)
2014819712,14-004605,09/30/2014,09-September,3-Tuesday,15:40,1500 Hours,District 1 (Central),AMES,STORY,,LINCOLN WAY,Collision with:  Vehicle in traffic,On Roadway,Rear-end (front to rear),Driving too fast for conditions,None Indicated,,Daylight,Dry,Clear,None apparent,Intersection:  T-intersection,Paved,,Property Damage Only,0,0,0,0,0,0,5200,3,4,,POINT (-93.658667699794 42.02273231815)
2014819622,201400048132,09/30/2014,09-September,3-Tuesday,06:15,0600 Hours,District 5 (Southeast),OTTUMWA,WAPELLO,US 34,US 34,Collision with:  Animal,On Roadway,Non-collision (single vehicle),Animal,None Indicated,,Dark - roadway lighted,Dry,Clear,None apparent,Interchange-related:  On-ramp merge area,Paved,,Property Damage Only,0,0,0,0,0,0,5000,1,1,,POINT (-92.404284053027 41.000991455993)
2014820449,14022991,09/30/2014,09-September,3-Tuesday,08:52,0800 Hours,District 5 (Southeast),OSKALOOSA,MAHASKA,,C AVE E & N 1ST ST,Collision with:  Vehicle in traffic,On Roadway,Broadside (front to side),FTYROW:  From stop sign,None Indicated,,Daylight,Dry,Cloudy,None apparent,Intersection:  Four-way intersection,Paved,,Possible/Unknown,0,1,0,0,1,0,7000,2,2,,POINT (-92.643900879177 41.298469379808)
2014819655,14017164,09/30/2014,09-September,3-Tuesday,11:11,1100 Hours,District 2 (Northeast),MASON CITY,CERRO GORDO,US 65,US 65/N FEDERAL AVE & 15TH ST NW & 15TH ST NE,Collision with:  Vehicle in traffic,On Roadway,"Sideswipe, same direction",Improper or erratic lane changing,None Indicated,,Daylight,Dry,Cloudy,None apparent,Non-intersection:  Non-junction/no special feature,Paved,,Property Damage Only,0,0,0,0,0,0,1500,2,4,,POINT (-93.201074756573 43.166317843038)
2014819105,14-4857,09/30/2014,09-September,3-Tuesday,12:00,1200 Hours,District 4 (Southwest),WEST DES MOINES,DALLAS,,MILLS CIVIC PKWY,Collision with:  Vehicle in traffic,On Roadway,Rear-end (front to rear),Followed too close,None Indicated,,Daylight,Dry,Cloudy,None apparent,Intersection:  Four-way intersection,Paved,,Property Damage Only,0,0,0,0,0,0,6200,2,2,,POINT (-93.8037266781 41.561519882497)
2014819333,14-3085,09/30/2014,09-September,3-Tuesday,15:35,1500 Hours,District 1 (Central),FORT DODGE,WEBSTER,,S 21ST ST,Collision with:  Vehicle in traffic,On Roadway,Broadside (front to side),Other (explain in narrative):  Vision obstructed,None Indicated,,Daylight,Dry,Cloudy,None apparent,Non-intersection:  Non-junction/no special feature,Paved,,Property Damage Only,0,0,0,0,0,0,1500,2,3,,POINT (-94.16944244081 42.501408268111)
2014831132,090-14,09/30/2014,09-September,3-Tuesday,11:48,1100 Hours,District 4 (Southwest),,MADISON,US 169,US 169,Collision with fixed object:  Ditch,On Roadway,Non-collision (single vehicle),Equipment failure,None Indicated,,Daylight,Dry,Clear,None apparent,Non-intersection:  Non-junction/no special feature,Paved,,Property Damage Only,0,0,0,0,0,0,20500,1,1,,POINT (-94.010654061623 41.431010938786)
2014819431,2014-0415,09/30/2014,09-September,3-Tuesday,17:55,1700 Hours,District 5 (Southeast),NORWALK,WARREN,,50TH AVE,Collision with fixed object:  Ditch,On Roadway,Non-collision (single vehicle),Exceeded authorized speed,None Indicated,,Daylight,Dry,Cloudy,None apparent,Non-intersection:  Non-junction/no special feature,Unpaved,,Property Damage Only,0,0,0,0,0,0,5600,1,2,,POINT (-93.712510153032 41.506843421541)
2014819832,PD1408628,09/30/2014,09-September,3-Tuesday,12:02,1200 Hours,District 5 (Southeast),FAIRFIELD,JEFFERSON,,W BURLINGTON AVE,Collision with:  Vehicle in traffic,On Roadway,"Sideswipe, same direction",Other (explain in narrative):  Other,None Indicated,,Daylight,Dry,Cloudy,None apparent,Non-intersection:  Non-junction/no special feature,Paved,,Possible/Unknown,0,1,0,0,1,0,4500,2,2,,POINT (-91.967140753406 41.006632101137)
2014819383,C14003129,09/30/2014,09-September,3-Tuesday,20:20,2000 Hours,District 6 (East Central),CORALVILLE,JOHNSON,I-80,I-80 & IA 965/CORAL RIDGE AVE,Collision with:  Vehicle in traffic,On Roadway,Rear-end (front to rear),Followed too close,None Indicated,,Daylight,Dry,Cloudy,None apparent,Intersection:  Four-way intersection,Paved,,Property Damage Only,0,0,0,0,0,0,3000,2,2,,POINT (-91.60851295049 41.692012698922)
2014818999,14020512,09/30/2014,09-September,3-Tuesday,08:55,0800 Hours,District 6 (East Central),MARION,LINN,,10TH ST,Collision with:  Vehicle in traffic,On Roadway,Broadside (front to side),FTYROW:  From stop sign,None Indicated,,Daylight,Dry,Cloudy,None apparent,Intersection:  T-intersection,Paved,,Property Damage Only,0,0,0,0,0,0,3000,2,2,,POINT (-91.599309051355 42.042986268703)
2014819268,20140029005,09/30/2014,09-September,3-Tuesday,15:50,1500 Hours,District 1 (Central),DES MOINES,POLK,I-235,I-235,Collision with:  Vehicle in traffic,On Roadway,"Sideswipe, same direction",Swerving/Evasive Action,None Indicated,,Daylight,Dry,Cloudy,None apparent,Non-intersection:  Non-junction/no special feature,Paved,,Property Damage Only,0,0,0,0,0,0,3500,2,3,,POINT (-93.691818297692 41.592503032617)
2014819436,14-024200,09/30/2014,09-September,3-Tuesday,09:03,0900 Hours,District 5 (Southeast),PLEASANTVILLE,MARION,IA 5,IA 5/IOWA 5 & JASPER ST,Collision with:  Vehicle in traffic,On Roadway,Broadside (front to side),FTYROW:  Other (explain in narrative),None Indicated,,Daylight,Dry,Clear,None apparent,Non-intersection:  Non-junction/no special feature,Paved,,Property Damage Only,0,0,0,0,0,0,9000,2,3,,POINT (-93.280500477415 41.384242454304)
2014821560,14022994,09/30/2014,09-September,3-Tuesday,11:09,1100 Hours,District 2 (Northeast),,WORTH,I-35,I-35 & CO 105,Collision with fixed object:  Utility pole/light support,On Roadway,Non-collision (single vehicle),Ran Stop Sign,Alcohol (Statutory),,Daylight,Dry,Clear,None apparent,Intersection:  Intersection with ramp,Paved,,Property Damage Only,0,0,0,0,0,0,3800,1,1,,POINT (-93.35204542036 43.444375098272)
2014821611,14182,09/30/2014,09-September,3-Tuesday,15:45,1500 Hours,District 5 (Southeast),PELLA,MARION,,E OSKALOOSA ST & SE 9TH ST,Collision with:  Non-motorist (see non-motorist section - NOT a unit),On Roadway,Non-collision (single vehicle),Made improper turn,None Indicated,,Daylight,Dry,Clear,None apparent,Non-intersection:  Non-junction/no special feature,Paved,,Possible/Unknown,0,1,0,0,1,0,0,1,1,,POINT (-92.903114781652 41.397874822391)
2014819430,2014-038284,09/30/2014,09-September,3-Tuesday,18:41,1800 Hours,District 6 (East Central),DUBUQUE,DUBUQUE,US 20,US 20/DODGE ST,Collision with:  Vehicle in traffic,On Roadway,Rear-end (front to rear),Lost Control,None Indicated,,Dark - roadway not lighted,Dry,Clear,None apparent,Non-intersection:  Non-junction/no special feature,Paved,,Property Damage Only,0,0,0,0,0,0,1500,2,2,,POINT (-90.701526450008 42.491426538327)
2014821652,2014-21356,09/30/2014,09-September,3-Tuesday,06:05,0600 Hours,District 5 (Southeast),INDIANOLA,WARREN,US 65,US 65/N JEFFERSON WAY,Collision with:  Vehicle in traffic,On Roadway,"Sideswipe, same direction",FTYROW:  Other (explain in narrative),None Indicated,,Dark - roadway not lighted,Dry,Clear,Work Zone (roadway-related),Non-intersection:  Non-junction/no special feature,Paved,Yes,Property Damage Only,0,0,0,0,0,0,6000,2,2,,POINT (-93.558630342022 41.384048049716)
2014819021,20140028966,09/30/2014,09-September,3-Tuesday,11:15,1100 Hours,District 1 (Central),DES MOINES,POLK,,E HULL AVE & OXFORD ST,Collision with:  Vehicle in traffic,On Roadway,"Angle, oncoming left turn",FTYROW:  Making left turn,None Indicated,,Daylight,Dry,Cloudy,None apparent,Intersection:  T-intersection,Paved,,Property Damage Only,0,0,0,0,0,0,5500,2,2,,POINT (-93.617496048879 41.622262764676)
2014821338,093014-161,09/30/2014,09-September,3-Tuesday,17:28,1700 Hours,District 3 (Northwest),,BUENA VISTA,US 71,US 71/130TH AVE & Co Rd C25/480TH ST,Collision with:  Vehicle in traffic,On Roadway,"Angle, oncoming left turn",Crossed centerline (undivided),None Indicated,,Daylight,Wet,Rain,None apparent,Intersection:  Four-way intersection,Paved,,Possible/Unknown,0,1,0,0,0,1,3900,2,2,,POINT (-95.151155707788 42.821875272686)
2014820067,14-5115,09/30/2014,09-September,3-Tuesday,13:30,1300 Hours,District 6 (East Central),HIAWATHA,LINN,,BOYSON RD,Collision with:  Vehicle in traffic,On Roadway,Rear-end (front to rear),Lost Control,None Indicated,,Daylight,Dry,Cloudy,None apparent,Non-intersection:  Non-junction/no special feature,Paved,,Property Damage Only,0,0,0,0,0,0,1500,2,2,,POINT (-91.668658712766 42.047801591443)
2014823105,201414591,09/30/2014,09-September,3-Tuesday,19:05,1900 Hours,District 6 (East Central),CEDAR RAPIDS,LINN,,F AVE NW & 13TH ST NW,Collision with:  Vehicle in traffic,On Roadway,"Angle, oncoming left turn",FTYROW:  Making left turn,None Indicated,,Dusk,Dry,Clear,None apparent,Intersection:  Four-way intersection,Paved,,Possible/Unknown,0,1,0,0,1,0,12000,3,4,,POINT (-91.689391810322 41.97908728206)
2014820152,,09/30/2014,09-September,3-Tuesday,23:30,2300 Hours,District 6 (East Central),DE WITT,CLINTON,,11TH ST,Collision with:  Animal,On Roadway,Non-collision (single vehicle),Animal,None Indicated,,Dark - roadway lighted,Dry,Clear,None apparent,Non-intersection:  Non-junction/no special feature,Paved,,Property Damage Only,0,0,0,0,0,0,4000,1,1,,POINT (-90.563099264524 41.825699053937)
2014819163,2014-038261,09/30/2014,09-September,3-Tuesday,06:43,0600 Hours,District 6 (East Central),DUBUQUE,DUBUQUE,,W 5TH ST,Collision with:  Vehicle in traffic,On Roadway,"Angle, oncoming left turn",Ran Stop Sign,None Indicated,,Dawn,Dry,Cloudy,None apparent,Non-intersection:  Driveway access (within),Paved,,Property Damage Only,0,0,0,0,0,0,1800,2,3,,POINT (-90.674660031906 42.496341474447)
2014819421,14-013402,09/30/2014,09-September,3-Tuesday,15:50,1500 Hours,District 2 (Northeast),OELWEIN,FAYETTE,,OUTER RD,Non-collision events:  Overturn/rollover,Shoulder,Non-collision (single vehicle),Ran off road - left,None Indicated,,Daylight,Dry,Clear,None apparent,Non-intersection:  Non-junction/no special feature,Unpaved,,Property Damage Only,0,0,0,0,0,0,9000,1,1,,POINT (-91.898917337782 42.646274463691)
2014826664,,09/30/2014,09-September,3-Tuesday,10:30,1000 Hours,District 2 (Northeast),,WINNESHIEK,,177TH ST,Collision with fixed object:  Other fixed object (explain in narrative),On Roadway,Non-collision (single vehicle),FTYROW:  Other (explain in narrative),None Indicated,,Daylight,"Mud, dirt",Cloudy,Work Zone (roadway-related),Non-intersection:  Other non-intersection (explain in narrative),Unpaved,Yes,Property Damage Only,0,0,0,0,0,0,3713,1,1,,POINT (-91.805597012487 43.194270563834)
2014819680,A14-064,09/30/2014,09-September,3-Tuesday,13:16,1300 Hours,District 4 (Southwest),WINTERSET,MADISON,US 169,US 169,Collision with:  Vehicle in traffic,On Roadway,Rear-end (front to rear),Followed too close,None Indicated,,Daylight,Dry,Clear,None apparent,Non-intersection:  Driveway access (within),Paved,,Possible/Unknown,0,1,0,0,1,0,4000,3,3,,POINT (-94.015164846226 41.344814965857)