Iowa DOT Case Number,Law Enforcement Case Number,Date of Crash,Month of Crash,Day of Week,Time of Crash,Hour,DOT District,City Name,County Name,Route with System,Location Description,First Harmful Event,Location of First Harmful Event,Manner of Crash/Collision,Major Cause,Drug or Alcohol ,Environmental Conditions,Light Conditions,Surface Conditions,Weather Conditions,Roadway Contribution,Roadway Type,Roadway Surface,Work Zone,Crash Severity,Number of Fatalities,Number of Injuries,Number of Major Injuries,Number of Minor Injuries,Number of Possible Injuries,Number of Unknown Injuries,Amount of Property Damage,Number of Vehicles Involved,Total Number of Occupants,Travel Direction,Location
2014819116,14-4855,09/30/2014,09-September,3-Tuesday,09:14,0900 Hours,District 1 (Central),WEST DES MOINES,POLK,I-35,I-35,Collision with:  Vehicle in traffic,On Roadway,"Sideswipe, opposite direction",Crossed centerline (undivided),None Indicated,,Daylight,Dry,Cloudy,Work Zone (roadway-related),Non-intersection:  Non-junction/no special feature,Paved,Yes,Minor Injury,0,3,0,3,0,0,260000,4,4,,POINT (-93.774897696067 41.519446575625)
2014818998,14148546,09/30/2014,09-September,3-Tuesday,10:42,1000 Hours,District 6 (East Central),LONE TREE,JOHNSON,,JAYNE ST & RIGGS ST,Collision with:  Vehicle in traffic,On Roadway,Broadside (front to side),FTYROW:  At uncontrolled intersection,None Indicated,,Daylight,Dry,Cloudy,None apparent,Intersection:  Four-way intersection,Paved,,Property Damage Only,0,0,0,0,0,0,3200,2,4,,POINT (-91.423021077006 41.487204499521)
2014819177,14-19024,09/30/2014,09-September,3-Tuesday,06:14,0600 Hours,District 6 (East Central),BETTENDORF,SCOTT,,VALLEY DR,Collision with:  Vehicle in traffic,On Roadway,Rear-end (front to rear),Followed too close,None Indicated,,Dark - roadway lighted,Dry,Cloudy,None apparent,Non-intersection:  Non-junction/no special feature,Paved,,Possible/Unknown,0,1,0,0,1,0,1250,2,2,,POINT (-90.435246496212 41.567401889288)
2014826240,201460579,09/30/2014,09-September,3-Tuesday,06:25,0600 Hours,District 4 (Southwest),,CASS,I-80,I-80,Collision with:  Animal,,Non-collision (single vehicle),Animal,None Indicated,,,,,,,Paved,,Property Damage Only,0,0,0,0,0,0,1600,1,1,,POINT (-95.127700877202 41.498120371878)
2014819481,201414547,09/30/2014,09-September,3-Tuesday,07:56,0700 Hours,District 6 (East Central),CEDAR RAPIDS,LINN,I-380,I-380,Collision with:  Vehicle in traffic,On Roadway,Rear-end (front to rear),Followed too close,None Indicated,,Daylight,Dry,Cloudy,None apparent,Non-intersection:  Non-junction/no special feature,Paved,,Property Damage Only,0,0,0,0,0,0,18000,5,7,,POINT (-91.668295308481 41.980699787272)
2014819429,2014-038276,09/30/2014,09-September,3-Tuesday,13:25,1300 Hours,District 6 (East Central),DUBUQUE,DUBUQUE,,JOHN F KENNEDY RD,Collision with:  Vehicle in traffic,On Roadway,Rear-end (front to rear),Lost Control,None Indicated,,Daylight,Dry,Clear,None apparent,Non-intersection:  Non-junction/no special feature,Paved,,Possible/Unknown,0,1,0,0,1,0,10000,3,5,,POINT (-90.721300642059 42.501106017162)
2014820059,14-030384,09/30/2014,09-September,3-Tuesday,01:20,0100 Hours,District 5 (Southeast),,LEE,,Co Rd J40/CO RD 103,Non-collision events:  Other non-collision (explain in narrative),On Roadway,Non-collision (single vehicle),Swerving/Evasive Action,None Indicated,,Dark - roadway not lighted,Dry,Clear,None apparent,Non-intersection:  Non-junction/no special feature,Paved,,Property Damage Only,0,0,0,0,0,0,4200,1,1,,POINT (-91.521391073553 40.718995726364)
2014819300,1408246,09/30/2014,09-September,3-Tuesday,08:19,0800 Hours,District 5 (Southeast),WASHINGTON,WASHINGTON,,N 6TH AVE,Collision with:  Vehicle in traffic,Shoulder,"Sideswipe, opposite direction",Ran off road - right,None Indicated,,Daylight,Dry,Clear,None apparent,Non-intersection:  Non-junction/no special feature,Paved,,Property Damage Only,0,0,0,0,0,0,4000,2,777,,POINT (-91.686297103748 41.300125804865)
2014819586,14148737,09/30/2014,09-September,3-Tuesday,17:28,1700 Hours,District 6 (East Central),UNIVERSITY HEIGHTS,JOHNSON,,MELROSE AVE & GEORGE ST,Collision with:  Vehicle in traffic,On Roadway,Rear-end (front to rear),Other (explain in narrative):  Other,None Indicated,,Daylight,Dry,Clear,None apparent,Intersection:  Other intersection (explain in narrative),Paved,,Property Damage Only,0,0,0,0,0,0,4000,3,3,,POINT (-91.556674751928 41.656480733797)
2014818989,W14-097963,09/30/2014,09-September,3-Tuesday,08:20,0800 Hours,District 2 (Northeast),WATERLOO,BLACK HAWK,,E SAN MARNAN DR & HAMMOND AVE,Collision with:  Vehicle in traffic,On Roadway,Rear-end (front to rear),Followed too close,None Indicated,,Daylight,Dry,Cloudy,None apparent,Intersection:  Four-way intersection,Paved,,Property Damage Only,0,0,0,0,0,0,1500,2,2,,POINT (-92.336857856038 42.457293197009)
2014819286,14-32518,09/30/2014,09-September,3-Tuesday,18:04,1800 Hours,District 3 (Northwest),SIOUX CITY,WOODBURY,,3RD AVE & S ST AUBIN ST,Collision with:  Vehicle in traffic,On Roadway,"Angle, oncoming left turn",FTYROW:  Making left turn,None Indicated,,Daylight,Dry,Clear,None apparent,Non-intersection:  Driveway access (within),Paved,,Minor Injury,0,1,0,1,0,0,3000,2,5,,POINT (-96.356039880131 42.470170879677)
2014820288,2014-69054,09/30/2014,09-September,3-Tuesday,09:57,0900 Hours,District 6 (East Central),DAVENPORT,SCOTT,,E 46TH ST & ELMORE AVE,Collision with:  Vehicle in traffic,On Roadway,Broadside (front to side),FTYROW:  From stop sign,None Indicated,,Daylight,Dry,Clear,None apparent,Intersection:  T-intersection,Paved,,Property Damage Only,0,0,0,0,0,0,6000,2,2,,POINT (-90.524655259373 41.567579423493)
2014819022,20140028973,09/30/2014,09-September,3-Tuesday,12:03,1200 Hours,District 1 (Central),DES MOINES,POLK,,E UNIVERSITY AVE & E 9TH ST,Collision with:  Vehicle in traffic,On Roadway,Broadside (front to side),Ran Traffic Signal,None Indicated,,Daylight,Dry,Cloudy,None apparent,Intersection:  Four-way intersection,Paved,,Major Injury,0,2,1,1,0,0,10000,2,2,,POINT (-93.606559600362 41.60038841334)
2014819427,147336,09/30/2014,09-September,3-Tuesday,12:30,1200 Hours,District 4 (Southwest),WOODWARD,DALLAS,,W 2ND ST,Collision with fixed object:  Utility pole/light support,On Roadway,Non-collision (single vehicle),Other (explain in narrative):  No improper action,None Indicated,,Daylight,Dry,Clear,Obstruction in roadway,Non-intersection:  Non-junction/no special feature,Paved,,Property Damage Only,0,0,0,0,0,0,12000,1,1,,POINT (-93.924394848645 41.856762882302)
2014819262,20140028971,09/30/2014,09-September,3-Tuesday,11:32,1100 Hours,District 1 (Central),DES MOINES,POLK,IA 28,IA 28/IOWA 5 & ARMY POST RD,Collision with:  Vehicle in traffic,On Roadway,Broadside (front to side),Ran Traffic Signal,None Indicated,,Daylight,Dry,Cloudy,None apparent,Intersection:  T-intersection,Paved,,Property Damage Only,0,0,0,0,0,0,8500,2,2,,POINT (-93.685255399432 41.516457760235)
2014819482,201414558,09/30/2014,09-September,3-Tuesday,10:45,1000 Hours,District 6 (East Central),CEDAR RAPIDS,LINN,IA 922,IA 922/1ST AVE E & 28TH ST DR SE,Collision with:  Vehicle in traffic,On Roadway,"Angle, oncoming left turn",FTYROW:  Making left turn,None Indicated,,Daylight,Dry,Cloudy,None apparent,Intersection:  T-intersection,Paved,,Major Injury,0,3,1,0,2,0,11000,2,4,,POINT (-91.63482061855 42.005110175428)
2014819319,14-34930,09/30/2014,09-September,3-Tuesday,19:33,1900 Hours,District 5 (Southeast),BURLINGTON,DES MOINES,,ASH ST,Collision with:  Vehicle in traffic,On Roadway,Rear-end (front to rear),Improper Backing,None Indicated,,Dark - roadway not lighted,Dry,Clear,None apparent,Non-intersection:  Non-junction/no special feature,Paved,,Property Damage Only,0,0,0,0,0,0,2250,2,2,,POINT (-91.109003340818 40.824528662743)
2014819480,201414545,09/30/2014,09-September,3-Tuesday,07:46,0700 Hours,District 6 (East Central),CEDAR RAPIDS,LINN,IA 922,IA 922/1ST AVE W,Collision with:  Vehicle in traffic,On Roadway,"Angle, oncoming left turn",FTYROW:  From stop sign,None Indicated,,Daylight,Dry,Cloudy,None apparent,Intersection:  T-intersection,Paved,,Possible/Unknown,0,1,0,0,1,0,14000,2,2,,POINT (-91.693436159625 41.970784404575)
2014819104,14-4854,09/30/2014,09-September,3-Tuesday,08:52,0800 Hours,District 1 (Central),WEST DES MOINES,POLK,,GILES ST & WESTERN HILLS DR & 35TH ST,Collision with:  Vehicle in traffic,On Roadway,Broadside (front to side),FTYROW:  From stop sign,None Indicated,,Daylight,Dry,Clear,None apparent,Intersection:  Four-way intersection,Paved,,Property Damage Only,0,0,0,0,0,0,2000,2,3,,POINT (-93.751724754661 41.577904526541)
2014819345,14-4862,09/30/2014,09-September,3-Tuesday,16:10,1600 Hours,District 1 (Central),WEST DES MOINES,POLK,,50TH ST,Collision with:  Vehicle in traffic,On Roadway,Rear-end (front to rear),Followed too close,None Indicated,,Daylight,Dry,Cloudy,None apparent,Non-intersection:  Non-junction/no special feature,Paved,,Property Damage Only,0,0,0,0,0,0,1800,2,4,,POINT (-93.771291219545 41.599203099505)
2014819390,2014-4833,09/30/2014,09-September,3-Tuesday,15:17,1500 Hours,District 4 (Southwest),WAUKEE,DALLAS,,ASHWORTH DR,Collision with:  Vehicle in traffic,On Roadway,Rear-end (front to rear),Swerving/Evasive Action,None Indicated,,Daylight,Dry,Clear,None apparent,Non-intersection:  Non-junction/no special feature,Paved,,Property Damage Only,0,0,0,0,0,0,3700,2,2,,POINT (-93.868468171267 41.605796861354)
2014820481,14-002264,09/30/2014,09-September,3-Tuesday,20:13,2000 Hours,District 1 (Central),ALTOONA,POLK,,9TH ST NW & 1ST AVE N,Collision with:  Vehicle in traffic,On Roadway,Broadside (front to side),Ran Stop Sign,None Indicated,,Dark - roadway lighted,Dry,Cloudy,None apparent,Unknown,Paved,,Possible/Unknown,0,3,0,0,3,0,7500,2,3,,POINT (-93.464574593986 41.658569919927)
2014820289,2014-69115,09/30/2014,09-September,3-Tuesday,14:20,1400 Hours,District 6 (East Central),DAVENPORT,SCOTT,,IA 461/WELCOME WAY & W 50TH ST & E 50TH ST,Collision with:  Vehicle in traffic,On Roadway,Broadside (front to side),FTYROW:  Making left turn,None Indicated,,Daylight,Dry,Clear,None apparent,Non-intersection:  Driveway access (within),Paved,,Property Damage Only,0,0,0,0,0,0,6000,2,2,,POINT (-90.571601701907 41.570895732133)
2014819349,C14003128,09/30/2014,09-September,3-Tuesday,16:47,1600 Hours,District 6 (East Central),CORALVILLE,JOHNSON,US 6,US 6/2ND ST,Collision with:  Vehicle in traffic,On Roadway,Rear-end (front to rear),Followed too close,None Indicated,,Daylight,Dry,Clear,None apparent,Non-intersection:  Non-junction/no special feature,Paved,,Property Damage Only,0,0,0,0,0,0,8000,3,4,,POINT (-91.563680762393 41.668178359958)
2014819263,20140029066,10/01/2014,10-October,4-Wednesday,06:45,0600 Hours,District 1 (Central),DES MOINES,POLK,,HICKMAN RD,Collision with:  Vehicle in traffic,On Roadway,Rear-end (front to rear),Followed too close,None Indicated,,Dark - roadway lighted,Wet,Rain,None apparent,Non-intersection:  Non-junction/no special feature,Paved,,Property Damage Only,0,0,0,0,0,0,3000,2,3,,POINT (-93.625940238309 41.612894638215)
2014819508,14-6458,10/01/2014,10-October,4-Wednesday,17:49,1700 Hours,District 1 (Central),ALTOONA,POLK,I-80,I-80 & US 65,Collision with:  Vehicle in traffic,On Roadway,Broadside (front to side),Ran Traffic Signal,None Indicated,,Daylight,Dry,Clear,None apparent,Intersection:  Intersection with ramp,Paved,,Property Damage Only,0,0,0,0,0,0,5000,2,3,,POINT (-93.492883384905 41.663243823917)
2014819573,C14098431,10/01/2014,10-October,4-Wednesday,14:08,1400 Hours,District 2 (Northeast),CEDAR FALLS,BLACK HAWK,,NORDIC DR,Collision with:  Vehicle in traffic,On Roadway,Rear-end (front to rear),FTYROW:  From driveway,None Indicated,,Daylight,Dry,Clear,None apparent,Non-intersection:  Driveway access (within),Paved,,Property Damage Only,0,0,0,0,0,0,1500,2,2,,POINT (-92.451242379712 42.489355457346)
2014819977,2014056242,10/01/2014,10-October,4-Wednesday,08:28,0800 Hours,District 1 (Central),,POLK,I-80,I-80,Collision with:  Vehicle in traffic,On Roadway,Rear-end (front to rear),Other (explain in narrative):  Other,None Indicated,,Daylight,Wet,Rain,None apparent,Non-intersection:  Non-junction/no special feature,Paved,,Property Damage Only,0,0,0,0,0,0,1500,2,2,,POINT (-93.565325174299 41.653650991205)
2014819275,S14-10011,10/01/2014,10-October,4-Wednesday,06:58,0600 Hours,District 3 (Northwest),,WOODBURY,,Co Rd K25/PORT NEAL RD,Collision with:  Vehicle in traffic,On Roadway,Rear-end (front to rear),Other (explain in narrative):  Other,None Indicated,,Dawn,Dry,Cloudy,None apparent,Non-intersection:  Driveway access (within),Paved,,Property Damage Only,0,0,0,0,0,0,11000,2,3,,POINT (-96.350357494252 42.353817641038)
2014820014,2014-038320,10/01/2014,10-October,4-Wednesday,19:10,1900 Hours,District 6 (East Central),DUBUQUE,DUBUQUE,,LINCOLN ST & FENGLER ST,Collision with:  Parked motor vehicle,On Roadway,"Sideswipe, same direction",Made improper turn,None Indicated,,Dark - roadway lighted,Dry,Cloudy,None apparent,Non-intersection:  Non-junction/no special feature,Paved,,Property Damage Only,0,0,0,0,0,0,8500,2,777,,POINT (-90.660791407517 42.520706337739)
2014822748,14023079,10/01/2014,10-October,4-Wednesday,06:18,0600 Hours,District 5 (Southeast),OSKALOOSA,MAHASKA,,N 3RD ST,Collision with:  Vehicle in traffic,On Roadway,Broadside (front to side),Other (explain in narrative):  Other,None Indicated,,Dawn,Dry,Cloudy,None apparent,Non-intersection:  Non-junction/no special feature,Paved,,Property Damage Only,0,0,0,0,0,0,1600,2,2,,POINT (-92.641563410054 41.308712932302)
2014820387,,10/01/2014,10-October,4-Wednesday,20:30,2000 Hours,District 5 (Southeast),,JEFFERSON,,Co Rd H33/32ND ST,Collision with:  Vehicle in traffic,On Roadway,"Sideswipe, same direction",Unknown,None Indicated,,Dark - roadway not lighted,Dry,Clear,,Non-intersection:  Non-junction/no special feature,Paved,,Property Damage Only,0,0,0,0,0,0,7461,2,2,,POINT (-91.992967002538 40.98408829275)
2014819264,20140029070,10/01/2014,10-October,4-Wednesday,07:23,0700 Hours,District 1 (Central),DES MOINES,POLK,,GRAND AVE & 51ST ST,Collision with:  Vehicle in traffic,On Roadway,"Angle, oncoming left turn",FTYROW:  From stop sign,None Indicated,,Dawn,Wet,Rain,None apparent,Intersection:  T-intersection,Paved,,Property Damage Only,0,0,0,0,0,0,12000,3,3,,POINT (-93.686451278914 41.584221524205)
2014819729,2014010962,10/01/2014,10-October,4-Wednesday,16:06,1600 Hours,District 6 (East Central),IOWA CITY,JOHNSON,IA 1,IA 1/DODGE ST & IOWA AVE,Collision with:  Vehicle in traffic,On Roadway,"Angle, oncoming left turn",FTYROW:  Making left turn,None Indicated,,Daylight,Dry,Cloudy,None apparent,Intersection:  Four-way intersection,Paved,,Property Damage Only,0,0,0,0,0,0,3000,2,2,,POINT (-91.525784640183 41.661249543879)
2014820012,2014-038293,10/01/2014,10-October,4-Wednesday,05:54,0500 Hours,District 6 (East Central),DUBUQUE,DUBUQUE,,BRYANT ST,Collision with:  Parked motor vehicle,On Roadway,Rear-end (front to rear),Crossed centerline (undivided),None Indicated,,Dawn,Dry,Clear,None apparent,Non-intersection:  Non-junction/no special feature,Paved,,Possible/Unknown,0,1,0,0,1,0,8000,2,1,,POINT (-90.677740554262 42.486759362627)
2014819353,14-34979,10/01/2014,10-October,4-Wednesday,09:34,0900 Hours,District 5 (Southeast),BURLINGTON,DES MOINES,,FLINT HILLS DR,Collision with:  Vehicle in traffic,On Roadway,"Sideswipe, same direction",Other (explain in narrative):  Other,None Indicated,,Daylight,Dry,Clear,None apparent,Non-intersection:  Non-junction/no special feature,Paved,,Property Damage Only,0,0,0,0,0,0,3000,2,1,,POINT (-91.13238071637 40.810821361728)
2014819556,2014010964,10/01/2014,10-October,4-Wednesday,16:12,1600 Hours,District 6 (East Central),IOWA CITY,JOHNSON,,BOWERY ST & S GILBERT ST,Collision with:  Vehicle in traffic,On Roadway,Rear-end (front to rear),Followed too close,None Indicated,,Daylight,Dry,Cloudy,None apparent,Intersection:  Four-way intersection,Paved,,Property Damage Only,0,0,0,0,0,0,5500,2,3,,POINT (-91.5302344398 41.654128078292)
2014819386,14C04470,10/01/2014,10-October,4-Wednesday,12:27,1200 Hours,District 4 (Southwest),CRESTON,UNION,IA 25,IA 25/N SUMNER AVE/S SUMNER AVE & W ADAMS ST,Collision with:  Vehicle in traffic,On Roadway,"Angle, oncoming left turn",FTYROW:  Making left turn,None Indicated,,Daylight,Dry,Cloudy,None apparent,Intersection:  Four-way intersection,Paved,,Minor Injury,0,1,0,1,0,0,13000,2,2,,POINT (-94.372644313356 41.057295372346)
2014819978,2014056388,10/01/2014,10-October,4-Wednesday,21:50,2100 Hours,District 4 (Southwest),,RINGGOLD,,Co Rd J55/CO HWY J55,Collision with:  Animal,,,Animal,None Indicated,,,,,,,Paved,,Property Damage Only,0,0,0,0,0,0,2500,1,1,,POINT (-94.184440128103 40.619485888138)
2014819983,14013068,10/01/2014,10-October,4-Wednesday,08:00,0800 Hours,District 4 (Southwest),GLENWOOD,MILLS,,E SHARP ST,Collision with:  Vehicle in traffic,On Roadway,Rear-end (front to rear),FTYROW:  Other (explain in narrative),None Indicated,,Daylight,Wet,Cloudy,"Surface condition (e.g., wet, icy)",Non-intersection:  Non-junction/no special feature,Paved,,Property Damage Only,0,0,0,0,0,0,4000,2,2,,POINT (-95.732600777886 41.048356271976)
2014820293,2014-69344,10/01/2014,10-October,4-Wednesday,13:10,1300 Hours,District 6 (East Central),DAVENPORT,SCOTT,I-74,I-74 & I-80,Collision with:  Vehicle in traffic,On Roadway,Rear-end (front to rear),Followed too close,None Indicated,,Daylight,Dry,Clear,None apparent,Intersection:  T-intersection,Paved,,Property Damage Only,0,0,0,0,0,0,4000,2,3,,POINT (-90.521269051016 41.596218541474)
2014820718,SO14-1197,10/01/2014,10-October,4-Wednesday,17:40,1700 Hours,District 2 (Northeast),DOWS,WRIGHT,,ESKRIDGE ST,Collision with:  Parked motor vehicle,On Roadway,Rear-end (front to rear),Other (explain in narrative):  Vision obstructed,None Indicated,,Daylight,Dry,Cloudy,None apparent,Non-intersection:  Non-junction/no special feature,Paved,,Property Damage Only,0,0,0,0,0,0,5000,2,1,,POINT (-93.50303946534 42.655928182257)
2014830918,145258,10/01/2014,10-October,4-Wednesday,10:57,1000 Hours,District 1 (Central),IOWA FALLS,HARDIN,US 65,US 65/OAK ST & ROCKSYLVANIA AVE,Collision with:  Vehicle in traffic,On Roadway,Rear-end (front to rear),Other (explain in narrative):  Other,None Indicated,,Daylight,Wet,Rain,None apparent,Intersection:  Four-way intersection,Paved,,Property Damage Only,0,0,0,0,0,0,8000,3,4,,POINT (-93.262996190015 42.521446669441)
2014820006,01-14-038308,10/01/2014,10-October,4-Wednesday,13:00,1300 Hours,District 6 (East Central),DUBUQUE,DUBUQUE,IA 32,IA 32/IA32 NW ARTERIAL & PLAZA DR,Collision with:  Vehicle in traffic,On Roadway,"Angle, oncoming left turn",FTYROW:  Making left turn,None Indicated,,Daylight,Dry,Cloudy,None apparent,Intersection:  Four-way intersection,Paved,,Property Damage Only,0,0,0,0,0,0,3500,2,3,,POINT (-90.738556667319 42.520701197088)
2014819641,W14-098525,10/01/2014,10-October,4-Wednesday,18:32,1800 Hours,District 2 (Northeast),WATERLOO,BLACK HAWK,,CROSSROADS BLVD,Collision with fixed object:  Mailbox,On Roadway,Non-collision (single vehicle),"Operating vehicle in an reckless, erratic, careless, negligent manner",None Indicated,,Dark - unknown roadway lighting,Dry,Clear,None apparent,Non-intersection:  Driveway access (within),Paved,,Property Damage Only,0,0,0,0,0,0,5000,1,5,,POINT (-92.323379159928 42.464356088338)
2014819557,14-008541,10/01/2014,10-October,4-Wednesday,12:11,1200 Hours,District 6 (East Central),MANCHESTER,DELAWARE,,S 9TH ST,Collision with:  Parked motor vehicle,Outside trafficway,Broadside (front to side),Unknown,None Indicated,,Daylight,Dry,Cloudy,None apparent,Non-intersection:  Non-junction/no special feature,Paved,,Property Damage Only,0,0,0,0,0,0,9000,2,2,,POINT (-91.469561730404 42.48329580855)
2014819617,2014010954,10/01/2014,10-October,4-Wednesday,11:25,1100 Hours,District 6 (East Central),IOWA CITY,JOHNSON,US 6,US 6 & SYCAMORE ST,Collision with:  Vehicle in traffic,On Roadway,Broadside (front to side),Ran Traffic Signal,None Indicated,,Daylight,Dry,Clear,None apparent,Intersection:  Four-way intersection,Paved,,Minor Injury,0,2,0,1,1,0,10000,2,2,,POINT (-91.511618727379 41.641134768985)
2014820551,2014056272,10/01/2014,10-October,4-Wednesday,10:45,1000 Hours,District 4 (Southwest),,POTTAWATTAMIE,I-680,I-680,Collision with:  Other non-fixed object (explain in narrative),On Roadway,Non-collision (single vehicle),Swerving/Evasive Action,None Indicated,,Daylight,Dry,Cloudy,Obstruction in roadway,Non-intersection:  Non-junction/no special feature,Paved,,Minor Injury,0,1,0,1,0,0,4500,1,1,,POINT (-95.692534145792 41.498436312987)
2014820648,14-015142,10/01/2014,10-October,4-Wednesday,18:45,1800 Hours,District 3 (Northwest),DICKENS,CLAY,US 18,US 18 & 290TH AVE & 1ST ST S,Collision with:  Animal,,,Animal,None Indicated,,,,,,,Paved,,Property Damage Only,0,0,0,0,0,0,1500,1,1,,POINT (-95.011786820436 43.126833569253)
2014820143,,10/01/2014,10-October,4-Wednesday,19:44,1900 Hours,District 4 (Southwest),,AUDUBON,,Co Rd F24/150 ST,Collision with:  Animal,On Roadway,Non-collision (single vehicle),Animal,None Indicated,,Dark - roadway not lighted,Dry,Cloudy,None apparent,Non-intersection:  Other non-intersection (explain in narrative),Paved,,Possible/Unknown,0,1,0,0,1,0,6000,1,1,,POINT (-95.062963084982 41.791310078456)
2014819613,2014056341,10/01/2014,10-October,4-Wednesday,05:30,0500 Hours,District 3 (Northwest),,SIOUX,,BIRCH AVE,Collision with:  Animal,On Roadway,Non-collision (single vehicle),Animal,None Indicated,,Dark - roadway not lighted,Dry,Clear,None apparent,Non-intersection:  Non-junction/no special feature,Paved,,Property Damage Only,0,0,0,0,0,0,2000,1,1,,POINT (-96.490489131523 43.224310580024)
2014819256,14023111,10/01/2014,10-October,4-Wednesday,12:22,1200 Hours,District 5 (Southeast),OSKALOOSA,MAHASKA,,HIGH AVE W & S D ST & N D ST,Collision with:  Vehicle in traffic,On Roadway,Broadside (front to side),FTYROW:  Making left turn,None Indicated,,Daylight,Wet,Cloudy,None apparent,Intersection:  Four-way intersection,Paved,,Possible/Unknown,0,1,0,0,1,0,4200,2,2,,POINT (-92.649806381577 41.295307759876)
2014819548,14-19112,10/01/2014,10-October,4-Wednesday,21:48,2100 Hours,District 2 (Northeast),,BREMER,US 63,US 63,Collision with:  Animal,,,Animal,None Indicated,,,,,,,Paved,,Property Damage Only,0,0,0,0,0,0,2000,1,1,,POINT (-92.337531185676 42.74682929269)
2014820295,2014-69352,10/01/2014,10-October,4-Wednesday,13:57,1300 Hours,District 6 (East Central),DAVENPORT,SCOTT,US 6,US 6/E KIMBERLY RD & BRIDGE AVE,Collision with:  Vehicle in traffic,Outside trafficway,Rear-end (front to rear),FTYROW:  From parked position,None Indicated,,Daylight,Dry,Clear,None apparent,Non-intersection:  Other non-intersection (explain in narrative),Paved,,Property Damage Only,0,0,0,0,0,0,2000,2,2,,POINT (-90.557090189382 41.556889480335)
2014820292,2014-69335,10/01/2014,10-October,4-Wednesday,12:04,1200 Hours,District 6 (East Central),DAVENPORT,SCOTT,,W 15TH ST & GAINES ST,Collision with:  Vehicle in traffic,On Roadway,Broadside (front to side),Unknown,None Indicated,,Daylight,Dry,Cloudy,None apparent,Non-intersection:  Non-junction/no special feature,Paved,,Property Damage Only,0,0,0,0,0,0,6500,2,2,,POINT (-90.582830164291 41.535115892085)
2014819535,14-32584,10/01/2014,10-October,4-Wednesday,12:29,1200 Hours,District 3 (Northwest),SIOUX CITY,WOODBURY,,12TH ST & FLOYD BLVD,Collision with:  Vehicle in traffic,On Roadway,Rear-end (front to rear),Followed too close,None Indicated,,Daylight,Dry,Clear,Work Zone (roadway-related),Intersection:  T-intersection,Paved,Yes,Property Damage Only,0,0,0,0,0,0,8000,2,2,,POINT (-96.393525587824 42.502994842947)
2014819666,14006921,10/01/2014,10-October,4-Wednesday,18:55,1800 Hours,District 1 (Central),WEBSTER CITY,HAMILTON,,Co Rd D20/190TH ST & Co Rd R33/WHITE FOX RD,Collision with:  Animal,,Non-collision (single vehicle),Animal,None Indicated,,,,,,,Paved,,Property Damage Only,0,0,0,0,0,0,2000,1,1,,POINT (-93.813631435858 42.507647925141)
2014819265,20140029071,10/01/2014,10-October,4-Wednesday,08:08,0800 Hours,District 1 (Central),DES MOINES,POLK,I-235,I-235,Collision with:  Vehicle in traffic,On Roadway,Rear-end (front to rear),Swerving/Evasive Action,None Indicated,,Dark - roadway lighted,Wet,Rain,"Surface condition (e.g., wet, icy)",Non-intersection:  Non-junction/no special feature,Paved,,Property Damage Only,0,0,0,0,0,0,12500,5,5,,POINT (-93.575489168712 41.633829804171)
2014821027,S79130323,10/01/2014,10-October,4-Wednesday,22:45,2200 Hours,District 1 (Central),,POWESHIEK,IA 146,IA 146/IOWA 146,Non-collision events:  Overturn/rollover,Outside trafficway,Non-collision (single vehicle),Crossed centerline (undivided),None Indicated,,Dark - roadway not lighted,Dry,Cloudy,None apparent,Non-intersection:  Non-junction/no special feature,Paved,,Minor Injury,0,1,0,1,0,0,8000,1,1,,POINT (-92.727161226884 41.68205418289)
2014819536,14-32602,10/01/2014,10-October,4-Wednesday,14:15,1400 Hours,District 3 (Northwest),SIOUX CITY,WOODBURY,US 20,US 20/SE RAMP,Collision with:  Vehicle in traffic,On Roadway,"Sideswipe, same direction",FTYROW:  Other (explain in narrative),None Indicated,,Daylight,Dry,Clear,None apparent,Interchange-related:  On-ramp merge area,Paved,,Property Damage Only,0,0,0,0,0,0,3500,2,2,,POINT (-96.323724030616 42.470186130863)
2014819433,C14003132,10/01/2014,10-October,4-Wednesday,00:00,0000 Hours,District 6 (East Central),CORALVILLE,JOHNSON,,6TH AVE,Collision with fixed object:  Ditch,Outside trafficway,Non-collision (single vehicle),Other (explain in narrative):  Other,None Indicated,,Dark - roadway not lighted,Dry,Cloudy,None apparent,Non-intersection:  Other non-intersection (explain in narrative),Paved,,Property Damage Only,0,0,0,0,0,0,3000,1,1,,POINT (-91.573533949263 41.680541403535)
2014819624,201400048414,10/01/2014,10-October,4-Wednesday,12:45,1200 Hours,District 5 (Southeast),OTTUMWA,WAPELLO,US 34,US 34 & N QUINCY AVE,Collision with:  Vehicle in traffic,On Roadway,Rear-end (front to rear),Followed too close,None Indicated,,Daylight,Dry,Clear,None apparent,Intersection:  Four-way intersection,Paved,,Property Damage Only,0,0,0,0,0,0,10000,3,4,,POINT (-92.438524131273 41.018332880247)
2014820218,14-3095,10/01/2014,10-October,4-Wednesday,12:42,1200 Hours,District 1 (Central),FORT DODGE,WEBSTER,,1ST AVE S,Collision with:  Vehicle in traffic,On Roadway,Rear-end (front to rear),Other (explain in narrative):  Other,None Indicated,,Daylight,Dry,Cloudy,None apparent,Non-intersection:  Non-junction/no special feature,Paved,,Property Damage Only,0,0,0,0,0,0,4700,3,4,,POINT (-94.159764760965 42.505243991513)
2014819501,201414628,10/01/2014,10-October,4-Wednesday,13:15,1300 Hours,District 6 (East Central),CEDAR RAPIDS,LINN,,2ND AVE SW & 6TH ST SW,Collision with:  Vehicle in traffic,On Roadway,Broadside (front to side),Unknown,None Indicated,,Daylight,Dry,Clear,None apparent,Intersection:  Four-way intersection,Paved,,Property Damage Only,0,0,0,0,0,0,15000,2,2,,POINT (-91.678840600025 41.973328285436)