Iowa DOT Case Number,Law Enforcement Case Number,Date of Crash,Month of Crash,Day of Week,Time of Crash,Hour,DOT District,City Name,County Name,Route with System,Location Description,First Harmful Event,Location of First Harmful Event,Manner of Crash/Collision,Major Cause,Drug or Alcohol ,Environmental Conditions,Light Conditions,Surface Conditions,Weather Conditions,Roadway Contribution,Roadway Type,Roadway Surface,Work Zone,Crash Severity,Number of Fatalities,Number of Injuries,Number of Major Injuries,Number of Minor Injuries,Number of Possible Injuries,Number of Unknown Injuries,Amount of Property Damage,Number of Vehicles Involved,Total Number of Occupants,Travel Direction,Location
2014819555,14-3097,10/01/2014,10-October,4-Wednesday,15:43,1500 Hours,District 1 (Central),FORT DODGE,WEBSTER,,6TH AVE N,Collision with:  Vehicle in traffic,On Roadway,"Sideswipe, same direction",Improper or erratic lane changing,None Indicated,,Daylight,Dry,Cloudy,None apparent,Non-intersection:  Non-junction/no special feature,Paved,,Property Damage Only,0,0,0,0,0,0,3300,2,2,,POINT (-94.166231673159 42.512004679544)
2014819515,20140029120,10/01/2014,10-October,4-Wednesday,17:20,1700 Hours,District 1 (Central),DES MOINES,POLK,I-235,I-235,Collision with:  Vehicle in traffic,On Roadway,"Sideswipe, same direction",FTYROW:  Other (explain in narrative),None Indicated,,Daylight,Dry,Cloudy,None apparent,Non-intersection:  Non-junction/no special feature,Paved,,Minor Injury,0,1,0,1,0,0,12500,4,5,,POINT (-93.679412189133 41.591379055236)
2014822421,14-010111,10/01/2014,10-October,4-Wednesday,21:45,2100 Hours,District 3 (Northwest),,CARROLL,,Co Rd N41/TIMBER AVE,Collision with:  Animal,On Roadway,Non-collision (single vehicle),Animal,None Indicated,,Dark - roadway not lighted,Dry,Cloudy,None apparent,Non-intersection:  Non-junction/no special feature,Paved,,Property Damage Only,0,0,0,0,0,0,8500,1,1,,POINT (-94.726234420192 42.151144982189)
2014819663,SO1410018091,10/01/2014,10-October,4-Wednesday,20:40,2000 Hours,District 6 (East Central),CLINTON,CLINTON,,Co Rd E62/180 ST & 420 AVE,Collision with fixed object:  Ditch,On Roadway,Non-collision (single vehicle),Swerving/Evasive Action,None Indicated,,Dark - roadway not lighted,"Mud, dirt",Cloudy,None apparent,Intersection:  Four-way intersection,Unpaved,,Possible/Unknown,0,2,0,0,2,0,5000,1,2,,POINT (-90.27670867481 41.917181562661)
2014819387,14C04471,10/01/2014,10-October,4-Wednesday,13:04,1300 Hours,District 4 (Southwest),CRESTON,UNION,IA 25,IA 25/S SUMNER AVE & RUSSELL ST,Collision with:  Vehicle in traffic,On Roadway,Rear-end (front to rear),Driver Distraction:  Manual operation of an electronic communication device,None Indicated,,Daylight,Dry,Cloudy,None apparent,Intersection:  Four-way intersection,Paved,,Property Damage Only,0,0,0,0,0,0,3800,2,2,,POINT (-94.372606780845 41.054917761744)
2014819667,P14-011298,10/01/2014,10-October,4-Wednesday,07:49,0700 Hours,District 1 (Central),WEBSTER CITY,HAMILTON,,WALNUT ST & BROADWAY ST,Collision with:  Vehicle in traffic,On Roadway,Broadside (front to side),FTYROW:  From stop sign,None Indicated,,Dawn,Wet,Rain,None apparent,Intersection:  Four-way intersection,Paved,,Property Damage Only,0,0,0,0,0,0,2500,2,2,,POINT (-93.826421665761 42.464022277314)
2014819917,14-004615,10/01/2014,10-October,4-Wednesday,11:15,1100 Hours,District 1 (Central),AMES,STORY,US 30,US 30,Collision with:  Vehicle in traffic,On Roadway,Broadside (front to side),Made improper turn,None Indicated,,Daylight,Wet,Cloudy,None apparent,Intersection:  Intersection with ramp,Paved,,Minor Injury,0,1,0,1,0,0,16000,2,3,,POINT (-93.581641402994 42.006954626623)
2014819948,14-32655,10/01/2014,10-October,4-Wednesday,21:01,2100 Hours,District 3 (Northwest),SIOUX CITY,WOODBURY,,MORNINGSIDE AVE,Collision with:  Parked motor vehicle,On Roadway,"Sideswipe, same direction",Unknown,None Indicated,,Dark - roadway lighted,Dry,Clear,None apparent,Non-intersection:  Non-junction/no special feature,Paved,,Property Damage Only,0,0,0,0,0,0,4000,2,777,,POINT (-96.36635004378 42.482339462715)
2014819385,14-3094,10/01/2014,10-October,4-Wednesday,12:20,1200 Hours,District 1 (Central),FORT DODGE,WEBSTER,,5TH AVE S,Collision with:  Vehicle in traffic,On Roadway,"Angle, oncoming left turn",FTYROW:  Making left turn,None Indicated,,Daylight,Dry,Cloudy,None apparent,Non-intersection:  Driveway access (within),Paved,,Property Damage Only,0,0,0,0,0,0,5500,2,4,,POINT (-94.164690821743 42.501132454812)
2014819538,14-32630,10/01/2014,10-October,4-Wednesday,18:25,1800 Hours,District 3 (Northwest),SIOUX CITY,WOODBURY,,OUTER DR N & INDIAN HILLS DR,Collision with:  Vehicle in traffic,On Roadway,Rear-end (front to rear),Followed too close,None Indicated,,Daylight,Dry,Cloudy,None apparent,Intersection:  Four-way intersection,Paved,,Property Damage Only,0,0,0,0,0,0,3500,2,5,,POINT (-96.374428568337 42.536821917474)
2014820605,2014-69308,10/01/2014,10-October,4-Wednesday,09:38,0900 Hours,District 6 (East Central),DAVENPORT,SCOTT,,W 3RD ST & SCOTT ST,Collision with:  Vehicle in traffic,On Roadway,Rear-end (front to rear),Followed too close,None Indicated,,Daylight,Dry,Clear,None apparent,Non-intersection:  Non-junction/no special feature,Paved,,Property Damage Only,0,0,0,0,0,0,2800,2,2,,POINT (-90.579959720735 41.522410467325)
2014819500,201414604,10/01/2014,10-October,4-Wednesday,04:40,0400 Hours,District 6 (East Central),CEDAR RAPIDS,LINN,,EDGEWOOD RD SW,Collision with fixed object:  Utility pole/light support,On Roadway,Non-collision (single vehicle),Lost Control,None Indicated,,Dark - roadway lighted,Dry,Clear,None apparent,Non-intersection:  Non-junction/no special feature,Paved,,Property Damage Only,0,0,0,0,0,0,3200,1,1,,POINT (-91.716108715186 41.954198111308)
2014820402,1410018161,10/01/2014,10-October,4-Wednesday,05:07,0500 Hours,District 6 (East Central),,CLINTON,US 61,US 61,Collision with:  Animal,,,Animal,None Indicated,,,,,,,Paved,,Property Damage Only,0,0,0,0,0,0,1500,1,1,,POINT (-90.568489350332 41.843933458315)
2014821600,32069-14,10/01/2014,10-October,4-Wednesday,17:46,1700 Hours,District 3 (Northwest),ARMSTRONG,EMMET,IA 15,IA 15/IOWA 15,Collision with fixed object:  Ditch,On Roadway,Non-collision (single vehicle),Ran off road - left,None Indicated,,Daylight,Dry,Cloudy,None apparent,Non-intersection:  Non-junction/no special feature,Paved,,Possible/Unknown,0,1,0,0,1,0,100,1,1,,POINT (-94.45244378027 43.404744499172)
2014844093,CP14-0967,10/01/2014,10-October,4-Wednesday,19:24,1900 Hours,District 2 (Northeast),CLARION,WRIGHT,,4TH ST NE & 1ST AVE NE,Collision with:  Vehicle in traffic,On Roadway,Broadside (front to side),FTYROW:  From stop sign,None Indicated,,Dark - roadway lighted,Dry,Clear,None apparent,Intersection:  Four-way intersection,Paved,,Property Damage Only,0,0,0,0,0,0,4500,2,3,,POINT (-93.72757453462 42.732646850477)
2014820291,2014-69334,10/01/2014,10-October,4-Wednesday,12:13,1200 Hours,District 6 (East Central),DAVENPORT,SCOTT,,E LOCUST ST & BRIDGE AVE,Collision with:  Vehicle in traffic,On Roadway,"Angle, oncoming left turn",FTYROW:  Making left turn,None Indicated,,Daylight,Dry,Cloudy,None apparent,Intersection:  Four-way intersection,Paved,,Possible/Unknown,0,1,0,0,1,0,7500,2,2,,POINT (-90.558160334323 41.538341063249)
2014819259,14-6432,10/01/2014,10-October,4-Wednesday,07:18,0700 Hours,District 1 (Central),,POLK,US 69,US 69/N 14TH ST & NE 70TH AVE,Collision with:  Vehicle in traffic,On Roadway,"Angle, oncoming left turn",FTYROW:  Making left turn,None Indicated,,Dark - roadway lighted,Wet,Rain,None apparent,Intersection:  Four-way intersection,Paved,,Property Damage Only,0,0,0,0,0,0,9000,2,2,,POINT (-93.600608653068 41.688419691481)
2014821892,134-2014,10/01/2014,10-October,4-Wednesday,06:45,0600 Hours,District 4 (Southwest),,HARRISON,,Co Rd K45/AUSTIN AVE,Collision with:  Animal,,,Animal,None Indicated,,,,,,,Paved,,Property Damage Only,0,0,0,0,0,0,1500,1,1,,POINT (-96.052072928891 41.81543880521)
2014819704,14-11482,10/01/2014,10-October,4-Wednesday,07:57,0700 Hours,District 3 (Northwest),MAURICE,SIOUX,US 75,US 75 & Co Rd B58/470TH ST & 4TH ST,Collision with:  Vehicle in traffic,On Roadway,"Angle, oncoming left turn",FTYROW:  From stop sign,None Indicated,,Daylight,Dry,Cloudy,None apparent,Intersection:  Four-way intersection,Paved,,Fatal,1,1,0,0,1,0,30000,2,2,,POINT (-96.17537162528 42.967802526223)
2014820388,,10/01/2014,10-October,4-Wednesday,16:00,1600 Hours,District 6 (East Central),CEDAR RAPIDS,LINN,,5TH ST NW,Collision with:  Vehicle in traffic,On Roadway,Rear-end (front to rear),Unknown,None Indicated,,Daylight,Dry,Clear,,Intersection:  T-intersection,Paved,,Minor Injury,0,1,0,1,0,0,2895,2,3,,POINT (-91.678429863126 41.975097828418)
2014819472,W14-098501,10/01/2014,10-October,4-Wednesday,17:15,1700 Hours,District 2 (Northeast),WATERLOO,BLACK HAWK,I-380,I-380,Collision with:  Vehicle in traffic,On Roadway,"Sideswipe, same direction",Improper or erratic lane changing,None Indicated,,Daylight,Dry,Cloudy,None apparent,Non-intersection:  Non-junction/no special feature,Paved,,Property Damage Only,0,0,0,0,0,0,10000,2,2,,POINT (-92.322160052752 42.475885404828)
2014820290,2014-69281,10/01/2014,10-October,4-Wednesday,07:27,0700 Hours,District 6 (East Central),DAVENPORT,SCOTT,,W LOCUST ST & N OHIO AVE,Collision with:  Vehicle in traffic,On Roadway,Rear-end (front to rear),Followed too close,None Indicated,,Daylight,Dry,Cloudy,None apparent,Non-intersection:  Non-junction/no special feature,Paved,,Property Damage Only,0,0,0,0,0,0,5500,2,3,,POINT (-90.62620633378 41.538154485557)
2014822040,201403533,10/01/2014,10-October,4-Wednesday,10:17,1000 Hours,District 6 (East Central),,LINN,,COTTAGE GROVE AVE SE,Collision with fixed object:  Tree,Roadside,Non-collision (single vehicle),Ran off road - straight,None Indicated,,Daylight,Dry,Cloudy,None apparent,Non-intersection:  Non-junction/no special feature,Paved,,Fatal,1,0,0,0,0,0,8000,1,1,,POINT (-91.604085677296 41.995869187661)
2014820094,S14-098465,10/01/2014,10-October,4-Wednesday,15:54,1500 Hours,District 2 (Northeast),,BLACK HAWK,,Co Rd C66/E DUNKERTON RD & N PILOT GROVE RD,Collision with fixed object:  Ditch,Shoulder,Non-collision (single vehicle),Lost Control,None Indicated,,Daylight,"Mud, dirt",Rain,None apparent,Non-intersection:  Non-junction/no special feature,Paved,,Property Damage Only,0,0,0,0,0,0,50000,1,1,,POINT (-92.180489408509 42.570051818153)
2014819338,14-6027,10/01/2014,10-October,4-Wednesday,09:20,0900 Hours,District 3 (Northwest),CHEROKEE,CHEROKEE,US 59,US 59/N 2ND ST & INDIAN ST & E INDIAN ST,Collision with:  Vehicle in traffic,On Roadway,Broadside (front to side),Ran Traffic Signal,None Indicated,,Daylight,Wet,Rain,None apparent,Intersection:  Four-way intersection,Paved,,Minor Injury,0,2,0,2,0,0,4500,2,2,,POINT (-95.552272025239 42.764115783775)
2014821124,14-008630,10/01/2014,10-October,4-Wednesday,10:06,1000 Hours,District 4 (Southwest),ATLANTIC,CASS,,LAUREL ST,Collision with:  Parked motor vehicle,On Roadway,Broadside (front to side),Improper Backing,None Indicated,,Daylight,Dry,Cloudy,None apparent,Non-intersection:  Driveway access (within),Paved,,Property Damage Only,0,0,0,0,0,0,1700,2,2,,POINT (-95.021117865387 41.404165830075)
2014820008,14-6047,10/01/2014,10-October,4-Wednesday,20:14,2000 Hours,District 3 (Northwest),CHEROKEE,CHEROKEE,,HAYWARD ST,Collision with fixed object:  Utility pole/light support,On Roadway,Non-collision (single vehicle),Ran off road - right,None Indicated,,Dark - unknown roadway lighting,Dry,Clear,None apparent,Non-intersection:  Non-junction/no special feature,Unpaved,,Property Damage Only,0,0,0,0,0,0,4500,1,2,,POINT (-95.545971190633 42.757979804264)
2014819510,14-004233,10/01/2014,10-October,4-Wednesday,08:14,0800 Hours,District 1 (Central),ANKENY,POLK,IA 160,IA 160/SE ORALABOR RD & SE PDI PL,Collision with:  Vehicle in traffic,On Roadway,Broadside (front to side),Ran Traffic Signal,None Indicated,,Daylight,Wet,Rain,None apparent,Intersection:  Four-way intersection,Paved,,Property Damage Only,0,0,0,0,0,0,6000,2,2,,POINT (-93.584469674959 41.7028872272)
2014819483,201414621,10/01/2014,10-October,4-Wednesday,11:19,1100 Hours,District 6 (East Central),CEDAR RAPIDS,LINN,US 30,US 30/RAMP/LOOP,Collision with:  Vehicle in traffic,On Roadway,"Angle, oncoming left turn",Other (explain in narrative):  Other,None Indicated,,Daylight,Dry,Cloudy,None apparent,Non-intersection:  Non-junction/no special feature,Paved,,Property Damage Only,0,0,0,0,0,0,4000,2,3,,POINT (-91.6566660025 41.925219490377)
2014820726,201403536,10/01/2014,10-October,4-Wednesday,14:00,1400 Hours,District 6 (East Central),,LINN,US 151,US 151 & IA 100/COLLINS RD SE & SECRIST RD,Collision with:  Vehicle in traffic,On Roadway,"Sideswipe, same direction",Unknown,None Indicated,,Daylight,Dry,Cloudy,None apparent,Non-intersection:  Non-junction/no special feature,Paved,,Property Damage Only,0,0,0,0,0,0,1800,2,2,,POINT (-91.550246657442 42.019933188797)
2014819664,143004,10/01/2014,10-October,4-Wednesday,10:17,1000 Hours,District 3 (Northwest),,CRAWFORD,,Co Rd E16/D AVE,Collision with:  Other non-fixed object (explain in narrative),On Roadway,Non-collision (single vehicle),Unknown,None Indicated,,Daylight,Dry,Cloudy,Work Zone (roadway-related),Non-intersection:  Non-junction/no special feature,Paved,Yes,Property Damage Only,0,0,0,0,0,0,3500,1,1,,POINT (-95.448771492647 42.167468690478)
2014820296,2014-69356,10/01/2014,10-October,4-Wednesday,14:23,1400 Hours,District 6 (East Central),DAVENPORT,SCOTT,,W 36TH ST & N DIVISION ST,Collision with:  Vehicle in traffic,On Roadway,Head-on (front to front),FTYROW:  Making left turn,None Indicated,,Daylight,Dry,Cloudy,None apparent,Intersection:  Four-way intersection,Paved,,Possible/Unknown,0,1,0,0,1,0,7500,2,2,,POINT (-90.600706957549 41.556376358363)
2014819516,20140029123,10/01/2014,10-October,4-Wednesday,17:44,1700 Hours,District 1 (Central),DES MOINES,POLK,I-235,I-235,Collision with:  Vehicle in traffic,On Roadway,"Sideswipe, same direction",Followed too close,None Indicated,,Daylight,Dry,Cloudy,None apparent,Non-intersection:  Non-junction/no special feature,Paved,,Possible/Unknown,0,1,0,0,1,0,8000,2,4,,POINT (-93.661528903054 41.593140677489)
2014819502,201414644,10/01/2014,10-October,4-Wednesday,16:40,1600 Hours,District 6 (East Central),CEDAR RAPIDS,LINN,,16TH AVE SW & EDGEWOOD RD SW,Collision with:  Non-motorist (see non-motorist section - NOT a unit),On Roadway,Non-collision (single vehicle),Unknown,None Indicated,,Daylight,Dry,Cloudy,None apparent,Intersection:  Four-way intersection,Paved,,Possible/Unknown,0,1,0,0,1,0,0,1,1,,POINT (-91.716076998346 41.963591523624)
2014820337,201400048424,10/01/2014,10-October,4-Wednesday,13:13,1300 Hours,District 5 (Southeast),OTTUMWA,WAPELLO,,THEATRE DR,Collision with:  Vehicle in traffic,On Roadway,"Angle, oncoming left turn",FTYROW:  From driveway,None Indicated,,Daylight,Dry,Cloudy,None apparent,Non-intersection:  Driveway access (within),Paved,,Property Damage Only,0,0,0,0,0,0,5500,2,2,,POINT (-92.436160077295 41.019402318334)
2014819511,14-004239,10/01/2014,10-October,4-Wednesday,16:03,1600 Hours,District 1 (Central),ANKENY,POLK,,E 1ST ST,Collision with:  Vehicle in traffic,On Roadway,Rear-end (front to rear),Other (explain in narrative):  Other,None Indicated,,Daylight,Dry,Clear,None apparent,Non-intersection:  Non-junction/no special feature,Paved,,Property Damage Only,0,0,0,0,0,0,3500,2,2,,POINT (-93.582519887227 41.73187283457)
2014819583,14-5138,10/01/2014,10-October,4-Wednesday,13:45,1300 Hours,District 6 (East Central),HIAWATHA,LINN,,BLAIRS FERRY RD & MILLER RD & BUFFALO RD NE,Collision with:  Vehicle in traffic,On Roadway,"Angle, oncoming left turn",FTYROW:  Making left turn,None Indicated,,Daylight,Dry,Clear,Unknown,Intersection:  T-intersection,Paved,,Property Damage Only,0,0,0,0,0,0,3000,2,4,,POINT (-91.703530615766 42.034772377164)
2014819266,20140029072,10/01/2014,10-October,4-Wednesday,07:40,0700 Hours,District 1 (Central),DES MOINES,POLK,,PORTER AVE,Collision with:  Vehicle in traffic,On Roadway,Rear-end (front to rear),Other (explain in narrative):  Other,None Indicated,,Daylight,Wet,Rain,None apparent,Non-intersection:  Non-junction/no special feature,Paved,,Possible/Unknown,0,2,0,0,2,0,2500,2,3,,POINT (-93.626567116985 41.533744309936)
2014819547,14-19104,10/01/2014,10-October,4-Wednesday,20:13,2000 Hours,District 2 (Northeast),,BREMER,,Co Rd V43/PIEDMONT AVE,Collision with:  Animal,,,Animal,None Indicated,,,,,,,Paved,,Property Damage Only,0,0,0,0,0,0,2000,1,1,,POINT (-92.258151479934 42.792558296365)
2014819470,W14-098409,10/01/2014,10-October,4-Wednesday,12:37,1200 Hours,District 2 (Northeast),WATERLOO,BLACK HAWK,,KING DR & ST FRANCIS DR,Collision with:  Vehicle in traffic,On Roadway,Broadside (front to side),Unknown,None Indicated,,Daylight,Dry,Clear,None apparent,Intersection:  Four-way intersection,Paved,,Property Damage Only,0,0,0,0,0,0,3000,2,3,,POINT (-92.344248449515 42.458839701178)
2014836497,032-092-14,10/01/2014,10-October,4-Wednesday,15:11,1500 Hours,District 3 (Northwest),ESTHERVILLE,EMMET,,W 2ND AVE N & WN 2ND ST,Collision with:  Non-motorist (see non-motorist section - NOT a unit),On Roadway,Non-collision (single vehicle),Other (explain in narrative):  Vision obstructed,None Indicated,,Daylight,Dry,Clear,None apparent,Intersection:  T-intersection,Paved,,Possible/Unknown,0,2,0,0,1,1,200,1,1,,POINT (-94.84686956678 43.404311862571)
2014819505,14-6454,10/01/2014,10-October,4-Wednesday,16:27,1600 Hours,District 1 (Central),,POLK,US 6,US 6/SE RAMP,Collision with:  Vehicle in traffic,On Roadway,Rear-end (front to rear),Driver Distraction:  Manual operation of an electronic communication device,None Indicated,,Daylight,Dry,Cloudy,None apparent,Intersection:  Intersection with ramp,Paved,,Property Damage Only,0,0,0,0,0,0,10100,3,3,,POINT (-93.508724366232 41.643115830598)
2014819582,14-0551,10/01/2014,10-October,4-Wednesday,10:55,1000 Hours,District 1 (Central),,WEBSTER,,OSCEOLA AVE,Collision with fixed object:  Ditch,On Roadway,Non-collision (single vehicle),Driving too fast for conditions,None Indicated,,Daylight,"Mud, dirt",Clear,"Surface condition (e.g., wet, icy)",Non-intersection:  Non-junction/no special feature,Unpaved,,Property Damage Only,0,0,0,0,0,0,4500,1,1,,POINT (-94.11649373014 42.401062405625)
2014819721,14-35023,10/01/2014,10-October,4-Wednesday,14:58,1400 Hours,District 5 (Southeast),BURLINGTON,DES MOINES,,WEST AVE & WELLSHIRE DR & W ROOSEVELT FRONTAGE,Collision with:  Vehicle in traffic,On Roadway,Broadside (front to side),FTYROW:  From stop sign,None Indicated,,Daylight,Wet,Cloudy,None apparent,Intersection:  Four-way intersection,Paved,,Property Damage Only,0,0,0,0,0,0,4500,2,2,,POINT (-91.142950701703 40.800380786703)
2014825283,14-001140,10/01/2014,10-October,4-Wednesday,01:47,0100 Hours,District 1 (Central),NEVADA,STORY,,Co Rd S14/620TH AVE,Collision with:  Animal,,Non-collision (single vehicle),Animal,None Indicated,,,,,,,Paved,,Property Damage Only,0,0,0,0,0,0,2800,1,1,,POINT (-93.462756823073 42.099002036166)
2014819549,CL14003491,10/01/2014,10-October,4-Wednesday,09:00,0900 Hours,District 6 (East Central),CLINTON,CLINTON,,4TH AVE N,Collision with:  Parked motor vehicle,On Roadway,Head-on (front to front),Lost Control,None Indicated,,Daylight,Dry,Clear,None apparent,Non-intersection:  Non-junction/no special feature,Paved,,Major Injury,0,1,1,0,0,0,3500,2,2,,POINT (-90.188323522287 41.848038640222)
2014819684,14-6457,10/01/2014,10-October,4-Wednesday,17:24,1700 Hours,District 1 (Central),,POLK,US 69,US 69/N 14TH ST,Collision with:  Vehicle in traffic,On Roadway,Rear-end (front to rear),Followed too close,None Indicated,,Daylight,Dry,Cloudy,None apparent,Non-intersection:  Non-junction/no special feature,Paved,,Property Damage Only,0,0,0,0,0,0,6000,3,4,,POINT (-93.600622946387 41.68220471467)
2014819614,14-041882,10/01/2014,10-October,4-Wednesday,17:27,1700 Hours,District 4 (Southwest),COUNCIL BLUFFS,POTTAWATTAMIE,,WOODBURY AVE,Collision with:  Vehicle in traffic,On Roadway,Rear-end (front to rear),Followed too close,None Indicated,,Daylight,Dry,Cloudy,None apparent,Non-intersection:  Non-junction/no special feature,Paved,,Property Damage Only,0,0,0,0,0,0,2500,2,4,,POINT (-95.829496170491 41.236261094089)
2014819512,14-004242,10/01/2014,10-October,4-Wednesday,18:06,1800 Hours,District 1 (Central),ANKENY,POLK,,E 1ST ST & SE SHARON DR & NE CRESTMOOR PL,Collision with:  Vehicle in traffic,On Roadway,"Angle, oncoming left turn",FTYROW:  Making left turn,None Indicated,,Daylight,Dry,Clear,None apparent,Intersection:  T-intersection,Paved,,Property Damage Only,0,0,0,0,0,0,5500,2,3,,POINT (-93.595313475392 41.731843292083)
2014819587,2014-21483,10/01/2014,10-October,4-Wednesday,19:54,1900 Hours,District 5 (Southeast),,WARREN,,Co Rd R63/105TH AVE,Collision with:  Animal,,,Animal,None Indicated,,,,,,,Paved,,Property Damage Only,0,0,0,0,0,0,300000,1,1,,POINT (-93.606519517197 41.366168743026)
2014819475,14148948,10/01/2014,10-October,4-Wednesday,02:30,0200 Hours,District 6 (East Central),,JOHNSON,,Co Rd W66/SAND RD,Collision with fixed object:  Bridge overhead structure,On Roadway,Non-collision (single vehicle),Swerving/Evasive Action,None Indicated,,Dark - roadway not lighted,Dry,Clear,None apparent,Non-intersection:  Other non-intersection (explain in narrative),Paved,,Possible/Unknown,0,1,0,0,1,0,3000,1,1,,POINT (-91.501822952311 41.55442387076)
2014819789,2014056282,10/01/2014,10-October,4-Wednesday,11:36,1100 Hours,District 1 (Central),,WEBSTER,US 20,US 20/235TH ST,Collision with fixed object:  Other fixed object (explain in narrative),On Roadway,Non-collision (single vehicle),Crossed centerline (undivided),None Indicated,,Daylight,Wet,Cloudy,None apparent,Non-intersection:  Non-junction/no special feature,Paved,,Property Damage Only,0,0,0,0,0,0,2000,1,1,,POINT (-94.25207938987 42.448896303916)
2014820005,01-14-038294,10/01/2014,10-October,4-Wednesday,07:31,0700 Hours,District 6 (East Central),DUBUQUE,DUBUQUE,,GARFIELD AVE & ROOSEVELT ST,Collision with:  Vehicle in traffic,On Roadway,Rear-end (front to rear),Improper Backing,None Indicated,,Daylight,Dry,Cloudy,None apparent,Non-intersection:  Non-junction/no special feature,Paved,,Property Damage Only,0,0,0,0,0,0,2600,2,2,,POINT (-90.651700900407 42.527769488962)
2014819458,,10/01/2014,10-October,4-Wednesday,17:50,1700 Hours,District 1 (Central),,STORY,I-35,I-35,Collision with:  Animal,On Roadway,Non-collision (single vehicle),Animal,None Indicated,,Daylight,Dry,Cloudy,None apparent,Non-intersection:  Non-junction/no special feature,Paved,,Minor Injury,0,1,0,1,0,0,5500,1,1,,POINT (-93.570723976236 42.172782696886)
2014819550,2014010952,10/01/2014,10-October,4-Wednesday,11:00,1100 Hours,District 6 (East Central),IOWA CITY,JOHNSON,IA 1,IA 1/E BURLINGTON ST & S DUBUQUE ST,Collision with:  Non-motorist (see non-motorist section - NOT a unit),On Roadway,Non-collision (single vehicle),FTYROW:  Making right turn on red signal,None Indicated,,Daylight,Wet,Rain,None apparent,Intersection:  Four-way intersection,Paved,,Minor Injury,0,1,0,1,0,0,0,1,1,,POINT (-91.533152559194 41.657840161495)
2014820074,S14-98340,10/01/2014,10-October,4-Wednesday,08:45,0800 Hours,District 2 (Northeast),GILBERTVILLE,BLACK HAWK,I-380,I-380,Collision with:  Animal,,,Animal,None Indicated,,,,,,,Paved,,Property Damage Only,0,0,0,0,0,0,10000,1,1,,POINT (-92.12069135192 42.382305420073)
2014819570,2014056375,10/01/2014,10-October,4-Wednesday,19:20,1900 Hours,District 2 (Northeast),,FRANKLIN,I-35,I-35,Collision with:  Animal,,,Animal,None Indicated,,,,,,,Paved,,Property Damage Only,0,0,0,0,0,0,7000,1,1,,POINT (-93.461635092443 42.664864966578)
2014822311,14HPD0095,10/01/2014,10-October,4-Wednesday,14:50,1400 Hours,District 3 (Northwest),HAWARDEN,SIOUX,,CENTRAL AVE,Collision with:  Parked motor vehicle,On Roadway,"Sideswipe, same direction",Lost Control,None Indicated,,Daylight,Dry,Clear,None apparent,Non-intersection:  Non-junction/no special feature,Paved,,Property Damage Only,0,0,0,0,0,0,4000,2,1,,POINT (-96.485225440404 42.997278350553)
2014819337,14-3092,10/01/2014,10-October,4-Wednesday,07:08,0700 Hours,District 1 (Central),FORT DODGE,WEBSTER,,KENYON RD & AVE C,Collision with:  Vehicle in traffic,On Roadway,"Sideswipe, same direction",Made improper turn,None Indicated,,Dark - roadway lighted,Wet,Rain,None apparent,Intersection:  Four-way intersection,Paved,,Property Damage Only,0,0,0,0,0,0,11500,2,3,,POINT (-94.189974295261 42.492434338659)
2014819529,20140029067,10/01/2014,10-October,4-Wednesday,06:35,0600 Hours,District 1 (Central),DES MOINES,POLK,IA 28,IA 28/MERLE HAY RD & NW MEREDITH DR,Collision with:  Vehicle in traffic,On Roadway,"Angle, oncoming left turn",FTYROW:  Making left turn,None Indicated,,Dark - roadway lighted,Wet,Rain,None apparent,Intersection:  Four-way intersection,Paved,,Property Damage Only,0,0,0,0,0,0,6900,2,2,,POINT (-93.697723614792 41.643925414308)
2014819668,P14-011302,10/01/2014,10-October,4-Wednesday,11:02,1100 Hours,District 1 (Central),WEBSTER CITY,HAMILTON,,BOONE ST & WILLSON AVE,Collision with:  Vehicle in traffic,On Roadway,Broadside (front to side),FTYROW:  From stop sign,None Indicated,,Daylight,Wet,Cloudy,None apparent,Intersection:  Four-way intersection,Paved,,Property Damage Only,0,0,0,0,0,0,4800,2,2,,POINT (-93.819304356098 42.462956650314)
2014819260,14-6435,10/01/2014,10-October,4-Wednesday,09:13,0900 Hours,District 1 (Central),,POLK,I-35,I-35 & US 69/NE 14TH ST,Collision with:  Vehicle in traffic,On Roadway,"Angle, oncoming left turn",Ran Traffic Signal,None Indicated,,Daylight,Wet,Rain,None apparent,Intersection:  Intersection with ramp,Paved,,Property Damage Only,0,0,0,0,0,0,2850,2,3,,POINT (-93.600383082395 41.651221428253)
2014822528,,10/01/2014,10-October,4-Wednesday,15:00,1500 Hours,District 6 (East Central),CEDAR RAPIDS,LINN,US 30,US 30/LINCOLN FWY & 21ST ST SW & 26TH ST SW,,On Roadway,"Sideswipe, same direction",Unknown,None Indicated,,Daylight,Dry,Cloudy,,Non-intersection:  Non-junction/no special feature,Paved,,Possible/Unknown,0,1,0,0,1,0,3500,2,2,,POINT (-91.705704261871 41.935897140523)
2014820550,2014056237,10/01/2014,10-October,4-Wednesday,08:42,0800 Hours,District 1 (Central),,POWESHIEK,I-80,I-80,Non-collision events:  Jackknife,On Roadway,Non-collision (single vehicle),Driving too fast for conditions,None Indicated,,Daylight,Wet,Rain,None apparent,Interchange-related:  Off-ramp,Paved,,Property Damage Only,0,0,0,0,0,0,10000,1,1,,POINT (-92.356369635215 41.697229917253)