Iowa DOT Case Number,Law Enforcement Case Number,Date of Crash,Month of Crash,Day of Week,Time of Crash,Hour,DOT District,City Name,County Name,Route with System,Location Description,First Harmful Event,Location of First Harmful Event,Manner of Crash/Collision,Major Cause,Drug or Alcohol ,Environmental Conditions,Light Conditions,Surface Conditions,Weather Conditions,Roadway Contribution,Roadway Type,Roadway Surface,Work Zone,Crash Severity,Number of Fatalities,Number of Injuries,Number of Major Injuries,Number of Minor Injuries,Number of Possible Injuries,Number of Unknown Injuries,Amount of Property Damage,Number of Vehicles Involved,Total Number of Occupants,Travel Direction,Location
2014819918,14-004626,10/02/2014,10-October,5-Thursday,08:50,0800 Hours,District 1 (Central),AMES,STORY,US 69,US 69/GRAND AVE,Collision with:  Vehicle in traffic,On Roadway,Rear-end (front to rear),Driver Distraction:  Reaching for object(s)/fallen object(s),None Indicated,,Daylight,Dry,"Fog, smoke, smog",None apparent,Non-intersection:  Non-junction/no special feature,Paved,,Property Damage Only,0,0,0,0,0,0,2500,3,3,,POINT (-93.620410124102 42.036032020794)
2014822197,14-09471,10/02/2014,10-October,5-Thursday,14:17,1400 Hours,District 5 (Southeast),MOUNT PLEASANT,HENRY,,E WASHINGTON ST,Collision with:  Vehicle in traffic,On Roadway,Broadside (front to side),FTYROW:  From parked position,None Indicated,,Daylight,Wet,Cloudy,None apparent,Non-intersection:  Driveway access (within),Paved,,Property Damage Only,0,0,0,0,0,0,4000,2,2,,POINT (-91.551699259128 40.965309203838)
2014820444,14149783,10/02/2014,10-October,5-Thursday,18:51,1800 Hours,District 6 (East Central),OXFORD,JOHNSON,,Co Rd W38/BLACK HAWK AVE,Non-collision events:  Overturn/rollover,On Roadway,Non-collision (single vehicle),Driving too fast for conditions,None Indicated,,Dark - roadway not lighted,Wet,Clear,None apparent,Non-intersection:  Non-junction/no special feature,Paved,,Possible/Unknown,0,1,0,0,1,0,3200,1,1,,POINT (-91.798761537162 41.719027090339)
2014819810,W14-098906,10/02/2014,10-October,5-Thursday,17:05,1700 Hours,District 2 (Northeast),WATERLOO,BLACK HAWK,US 218,US 218,Collision with:  Vehicle in traffic,On Roadway,"Sideswipe, same direction",Improper or erratic lane changing,None Indicated,,Daylight,Wet,Rain,None apparent,Non-intersection:  Non-junction/no special feature,Paved,,Possible/Unknown,0,2,0,0,2,0,15000,2,3,,POINT (-92.336688036944 42.489506201439)
2014819524,20140029197,10/02/2014,10-October,5-Thursday,12:05,1200 Hours,District 1 (Central),DES MOINES,POLK,,E AURORA AVE & E 29TH ST,Collision with:  Vehicle in traffic,Shoulder,Broadside (front to side),FTYROW:  From stop sign,None Indicated,,Daylight,Wet,Rain,None apparent,Intersection:  Four-way intersection,Paved,,Minor Injury,0,1,0,1,0,0,11700,2,2,,POINT (-93.561155290578 41.636755951227)
2014819518,20140029173,10/02/2014,10-October,5-Thursday,07:42,0700 Hours,District 1 (Central),DES MOINES,POLK,,SCOTT AVE,Collision with:  Vehicle in traffic,On Roadway,Head-on (front to front),Crossed centerline (undivided),None Indicated,,Daylight,Dry,Cloudy,None apparent,Non-intersection:  Non-junction/no special feature,Paved,,Minor Injury,0,4,0,4,0,0,18000,2,4,,POINT (-93.60475626807 41.582032130584)
2014820375,,10/02/2014,10-October,5-Thursday,07:20,0700 Hours,District 6 (East Central),CEDAR RAPIDS,LINN,,WILLOW CREEK DR SW,Collision with:  Vehicle in traffic,On Roadway,Rear-end (front to rear),Unknown,None Indicated,,Dawn,Dry,Cloudy,,Non-intersection:  Non-junction/no special feature,Paved,,Property Damage Only,0,0,0,0,0,0,1500,2,2,,POINT (-91.691112566037 41.926869288204)
2014819625,201400048602,10/02/2014,10-October,5-Thursday,13:05,1300 Hours,District 5 (Southeast),OTTUMWA,WAPELLO,,W 2ND ST & S MARION ST & N MARION ST,Collision with:  Vehicle in traffic,On Roadway,Broadside (front to side),Ran Stop Sign,None Indicated,,Daylight,Wet,Rain,None apparent,Intersection:  Four-way intersection,Paved,,Possible/Unknown,0,1,0,0,1,0,9000,2,3,,POINT (-92.414290594443 41.02038324509)
2014820764,,10/02/2014,10-October,5-Thursday,05:52,0500 Hours,District 2 (Northeast),,WINNEBAGO,US 69,US 69,Collision with:  Vehicle in traffic,On Roadway,Broadside (front to side),Crossed centerline (undivided),None Indicated,,Dark - roadway not lighted,Dry,"Fog, smoke, smog",None apparent,Intersection:  Other intersection (explain in narrative),Paved,,Possible/Unknown,0,2,0,0,2,0,16000,2,2,,POINT (-93.634103617592 43.414524951931)
2014819758,2014011006,10/02/2014,10-October,5-Thursday,17:25,1700 Hours,District 6 (East Central),IOWA CITY,JOHNSON,I-80,I-80 & N DUBUQUE ST,Collision with:  Vehicle in traffic,On Roadway,Rear-end (front to rear),Followed too close,None Indicated,,Daylight,Wet,Rain,None apparent,Interchange-related:  On-ramp,Paved,,Possible/Unknown,0,1,0,0,1,0,3000,2,3,,POINT (-91.537363139045 41.683527296199)
2014820099,14006066,10/02/2014,10-October,5-Thursday,17:21,1700 Hours,District 3 (Northwest),CHEROKEE,CHEROKEE,,W WILLOW ST & N 4TH ST,Collision with:  Vehicle in traffic,On Roadway,Broadside (front to side),FTYROW:  From yield sign,Alcohol (Statutory),,Daylight,Wet,Clear,None apparent,Non-intersection:  Driveway access (within),Paved,,Property Damage Only,0,0,0,0,0,0,5000,2,2,,POINT (-95.552483265875 42.75051388267)
2014820636,14017291,10/02/2014,10-October,5-Thursday,07:04,0700 Hours,District 2 (Northeast),MASON CITY,CERRO GORDO,IA 122,IA 122/4TH ST SW & S TAFT AVE,Collision with:  Vehicle in traffic,On Roadway,Broadside (front to side),Ran Traffic Signal,None Indicated,,Daylight,Wet,Rain,None apparent,Intersection:  Four-way intersection,Paved,,Minor Injury,0,2,0,2,0,0,14000,3,3,,POINT (-93.240604050959 43.148339930608)
2014819659,14017318,10/02/2014,10-October,5-Thursday,15:33,1500 Hours,District 2 (Northeast),MASON CITY,CERRO GORDO,IA 122,IA 122/4TH ST SW & S TAFT AVE,Collision with:  Vehicle in traffic,On Roadway,Broadside (front to side),Ran Traffic Signal,None Indicated,,Daylight,Wet,Cloudy,None apparent,Intersection:  Four-way intersection,Paved,,Property Damage Only,0,0,0,0,0,0,9000,2,3,,POINT (-93.240604050959 43.148339930608)
2014819953,14-32730,10/02/2014,10-October,5-Thursday,16:23,1600 Hours,District 3 (Northwest),SIOUX CITY,WOODBURY,,22ND ST & PIERCE ST,Collision with fixed object:  Tree,On Roadway,Non-collision (single vehicle),Other (explain in narrative):  No improper action,None Indicated,,Daylight,Dry,Clear,None apparent,Intersection:  Four-way intersection,Paved,,Property Damage Only,0,0,0,0,0,0,4500,1,1,,POINT (-96.40512986719 42.513203485621)
2014819730,2014010999,10/02/2014,10-October,5-Thursday,14:04,1400 Hours,District 6 (East Central),IOWA CITY,JOHNSON,,E JEFFERSON ST & N LINN ST,Collision with:  Vehicle in traffic,On Roadway,Rear-end (front to rear),Followed too close,None Indicated,,Daylight,Wet,Rain,None apparent,Intersection:  T-intersection,Paved,,Property Damage Only,0,0,0,0,0,0,2000,2,3,,POINT (-91.531594598465 41.662449787295)
2014820544,2014010339,10/02/2014,10-October,5-Thursday,12:30,1200 Hours,District 1 (Central),MARSHALLTOWN,MARSHALL,,W MAIN ST & S 3RD ST & N 3RD ST,Collision with:  Vehicle in traffic,On Roadway,Broadside (front to side),FTYROW:  From stop sign,None Indicated,,Daylight,Wet,Rain,None apparent,Intersection:  Four-way intersection,Paved,,Property Damage Only,0,0,0,0,0,0,2500,2,3,,POINT (-92.917864868054 42.049144781494)
2014820484,14-004636,10/02/2014,10-October,5-Thursday,15:30,1500 Hours,District 1 (Central),AMES,STORY,US 69,US 69/S DUFF AVE & KEN MARIL RD,Collision with:  Vehicle in traffic,On Roadway,Rear-end (front to rear),Other (explain in narrative):  Other,None Indicated,,Daylight,Dry,Cloudy,None apparent,Non-intersection:  Non-junction/no special feature,Paved,,Property Damage Only,0,0,0,0,0,0,10500,2,3,,POINT (-93.610187438193 41.986568560858)
2014819591,14-3105,10/02/2014,10-October,5-Thursday,07:23,0700 Hours,District 1 (Central),FORT DODGE,WEBSTER,,S 14TH ST,Collision with:  Parked motor vehicle,On Roadway,"Sideswipe, same direction",Unknown,None Indicated,,Dawn,Wet,Cloudy,None apparent,Non-intersection:  Non-junction/no special feature,Paved,,Property Damage Only,0,0,0,0,0,0,1600,2,11,,POINT (-94.1794100664 42.502701997042)
2014820945,14-024435,10/02/2014,10-October,5-Thursday,19:19,1900 Hours,District 5 (Southeast),,MARION,IA 92,IA 92/IOWA 92,Collision with:  Animal,,,Animal,None Indicated,,,,,,,Paved,,Property Damage Only,0,0,0,0,0,0,1500,1,1,,POINT (-93.053715722134 41.300421844431)
2014819802,W14-098903,10/02/2014,10-October,5-Thursday,17:04,1700 Hours,District 2 (Northeast),WATERLOO,BLACK HAWK,,E RIDGEWAY AVE & W 11TH ST,Collision with:  Vehicle in traffic,On Roadway,Rear-end (front to rear),Driving too fast for conditions,None Indicated,,Daylight,Wet,Rain,None apparent,Intersection:  Four-way intersection,Paved,,Property Damage Only,0,0,0,0,0,0,4500,2,2,,POINT (-92.334930165963 42.469358916922)
2014820485,14-004637,10/02/2014,10-October,5-Thursday,16:01,1600 Hours,District 1 (Central),AMES,STORY,,ONTARIO ST,Collision with:  Vehicle in traffic,On Roadway,Rear-end (front to rear),Followed too close,None Indicated,,Daylight,Wet,Rain,None apparent,Non-intersection:  Non-junction/no special feature,Paved,,Possible/Unknown,0,1,0,0,1,0,8000,2,5,,POINT (-93.667789812959 42.034514226441)
2014819662,1410022711,10/02/2014,10-October,5-Thursday,08:26,0800 Hours,District 6 (East Central),DELMAR,CLINTON,,Co Rd Y60/250 AVE & 130 ST & MAIN ST,Non-collision events:  Overturn/rollover,Roadside,Non-collision (single vehicle),Made improper turn,None Indicated,,Daylight,Dry,Cloudy,None apparent,Intersection:  Four-way intersection,Paved,,Property Damage Only,0,0,0,0,0,0,35000,1,1,,POINT (-90.606883519916 41.98915957547)
2014819957,14-32780,10/02/2014,10-October,5-Thursday,23:15,2300 Hours,District 3 (Northwest),SIOUX CITY,WOODBURY,,3RD ST & PIERCE ST,Collision with:  Vehicle in traffic,On Roadway,Broadside (front to side),Ran Traffic Signal,None Indicated,,Dark - roadway lighted,Dry,Clear,None apparent,Intersection:  Four-way intersection,Paved,,Property Damage Only,0,0,0,0,0,0,6000,2,3,,POINT (-96.404913045546 42.493084939081)
2014819949,14-32702,10/02/2014,10-October,5-Thursday,12:55,1200 Hours,District 3 (Northwest),SIOUX CITY,WOODBURY,I-29,I-29,Collision with:  Vehicle in traffic,On Roadway,Rear-end (front to rear),Followed too close,None Indicated,,Daylight,Wet,Rain,Work Zone (roadway-related),Non-intersection:  Non-junction/no special feature,Paved,Yes,Property Damage Only,0,0,0,0,0,0,8000,2,2,,POINT (-96.397365209075 42.487843462459)
2014821404,1-14-000384,10/02/2014,10-October,5-Thursday,13:00,1300 Hours,District 4 (Southwest),,SHELBY,US 59,US 59,Collision with fixed object:  Other fixed object (explain in narrative),On Roadway,Non-collision (single vehicle),Crossed centerline (undivided),None Indicated,,Daylight,Wet,Rain,None apparent,Non-intersection:  Non-junction/no special feature,Paved,,Property Damage Only,0,0,0,0,0,0,4150,1,1,,POINT (-95.334676659752 41.587356382823)
2014820924,14-171002-01,10/02/2014,10-October,5-Thursday,06:37,0600 Hours,District 6 (East Central),,IOWA,IA 220,IA 220/220TH TRL & Co Rd W20/13TH AVE,Collision with:  Vehicle in traffic,On Roadway,Broadside (front to side),FTYROW:  From stop sign,None Indicated,,Dawn,Dry,Cloudy,None apparent,Intersection:  Other intersection (explain in narrative),Paved,,Property Damage Only,0,0,0,0,0,0,3000,2,2,,POINT (-91.940945716318 41.802216954382)
2014819705,14-11520,10/02/2014,10-October,5-Thursday,02:55,0200 Hours,District 3 (Northwest),,SIOUX,IA 60,IA 60/IOWA 60,Non-collision events:  Overturn/rollover,Outside trafficway,Non-collision (single vehicle),Ran off road - right,None Indicated,,Dark - roadway not lighted,Dry,Clear,None apparent,Non-intersection:  Non-junction/no special feature,Paved,,Possible/Unknown,0,1,0,0,1,0,60000,1,1,,POINT (-96.022244510805 42.97131270431)
2014822383,145810,10/02/2014,10-October,5-Thursday,17:00,1700 Hours,District 1 (Central),,HARDIN,,Co Rd D25/CO HWY D25,Collision with fixed object:  Ditch,On Roadway,Non-collision (single vehicle),Ran off road - left,None Indicated,,Daylight,"Mud, dirt",Rain,"Surface condition (e.g., wet, icy)",Non-intersection:  Non-junction/no special feature,Unpaved,,Property Damage Only,0,0,0,0,0,0,3000,1,1,,POINT (-93.172842270374 42.450408464726)
2014820652,32074-14,10/02/2014,10-October,5-Thursday,17:05,1700 Hours,District 3 (Northwest),,EMMET,,Co Rd N60/540 AVE,Non-collision events:  Overturn/rollover,On Roadway,Non-collision (single vehicle),Driving too fast for conditions,None Indicated,,Daylight,Wet,Cloudy,None apparent,Non-intersection:  Non-junction/no special feature,Paved,,Minor Injury,0,1,0,1,0,0,15700,1,1,,POINT (-94.522620217966 43.312176347579)
2014819474,14149413,10/02/2014,10-October,5-Thursday,00:29,0000 Hours,District 6 (East Central),,JOHNSON,US 6,US 6,Collision with fixed object:  Tree,On Roadway,Non-collision (single vehicle),Ran off road - right,None Indicated,,Dark - roadway not lighted,Dry,Clear,None apparent,Non-intersection:  Non-junction/no special feature,Paved,,Possible/Unknown,0,1,0,0,1,0,5300,1,1,,POINT (-91.709610865282 41.714124453756)
2014819989,201404616,10/02/2014,10-October,5-Thursday,20:27,2000 Hours,District 1 (Central),WOODWARD,BOONE,,315TH ST,Collision with fixed object:  Other fixed object (explain in narrative),,,Ran off road - right,None Indicated,,,,,,,Unpaved,,Property Damage Only,0,0,0,0,0,0,2000,1,1,,POINT (-93.89357487556 41.899851869784)
2014819958,14-32700,10/02/2014,10-October,5-Thursday,12:42,1200 Hours,District 3 (Northwest),SIOUX CITY,WOODBURY,,28TH ST & FLOYD BLVD,Collision with:  Vehicle in traffic,On Roadway,Broadside (front to side),FTYROW:  From yield sign,None Indicated,,Daylight,Wet,Rain,None apparent,Intersection:  Four-way intersection,Paved,,Property Damage Only,0,0,0,0,0,0,2100,2,2,,POINT (-96.38041609741 42.519176581438)
2014819723,2014010349,10/02/2014,10-October,5-Thursday,15:24,1500 Hours,District 1 (Central),MARSHALLTOWN,MARSHALL,IA 14,IA 14/N 3RD AVE & E STATE ST,Collision with:  Vehicle in traffic,On Roadway,Broadside (front to side),Ran Traffic Signal,None Indicated,,Daylight,Wet,Rain,None apparent,Intersection:  Four-way intersection,Paved,,Property Damage Only,0,0,0,0,0,0,7000,2,2,,POINT (-92.908014565181 42.050407239755)
2014820779,201414702,10/02/2014,10-October,5-Thursday,13:23,1300 Hours,District 6 (East Central),CEDAR RAPIDS,LINN,,12TH AVE SE,Collision with:  Vehicle in traffic,On Roadway,Rear-end (front to rear),Followed too close,None Indicated,,Daylight,Wet,Rain,None apparent,Intersection:  Four-way intersection,Paved,,Property Damage Only,0,0,0,0,0,0,5500,2,2,,POINT (-91.658060911122 41.970277223068)
2014819859,14-004246,10/02/2014,10-October,5-Thursday,05:30,0500 Hours,District 1 (Central),ANKENY,POLK,I-35,I-35,Collision with fixed object:  Guardrail - face,Median,Non-collision (single vehicle),Exceeded authorized speed,None Indicated,,Dark - roadway not lighted,Dry,Clear,None apparent,Non-intersection:  Non-junction/no special feature,Paved,,Major Injury,0,1,1,0,0,0,17088,1,1,,POINT (-93.577374758477 41.733357941693)
2014819521,20140029183,10/02/2014,10-October,5-Thursday,09:18,0900 Hours,District 1 (Central),DES MOINES,POLK,,CROCKER ST & 2ND AVE,Non-collision events:  Other non-collision (explain in narrative),Shoulder,"Sideswipe, same direction",Made improper turn,None Indicated,,Daylight,Dry,Cloudy,None apparent,Intersection:  Other intersection (explain in narrative),Paved,,Property Damage Only,0,0,0,0,0,0,9000,2,3,,POINT (-93.620340141164 41.593361292682)
2014819689,20140029214,10/02/2014,10-October,5-Thursday,15:15,1500 Hours,District 1 (Central),DES MOINES,POLK,IA 28,IA 28/63RD ST & UNIVERSITY AVE,Collision with:  Vehicle in traffic,On Roadway,Rear-end (front to rear),"Operating vehicle in an reckless, erratic, careless, negligent manner",None Indicated,,Daylight,Wet,Rain,None apparent,Intersection:  Four-way intersection,Paved,,Property Damage Only,0,0,0,0,0,0,3000,2,3,,POINT (-93.703662600052 41.600411548357)
2014819757,14-3115,10/02/2014,10-October,5-Thursday,15:42,1500 Hours,District 1 (Central),FORT DODGE,WEBSTER,,10TH AVE N & MARTIN LUTHER KING DR,Collision with:  Non-motorist (see non-motorist section - NOT a unit),On Roadway,Non-collision (single vehicle),Other (explain in narrative):  No improper action,None Indicated,,Daylight,Wet,Rain,None apparent,Intersection:  T-intersection,Paved,,Minor Injury,0,1,0,1,0,0,100,1,1,,POINT (-94.160882059262 42.515634261206)
2014820072,14030682,10/02/2014,10-October,5-Thursday,18:48,1800 Hours,District 5 (Southeast),,LEE,,BUS US 61,Collision with:  Animal,,,Animal,None Indicated,,,,,,,Paved,,Property Damage Only,0,0,0,0,0,0,1501,1,1,,POINT (-91.27180276245 40.663542307022)
2014819694,20140029227,10/02/2014,10-October,5-Thursday,16:55,1600 Hours,District 1 (Central),DES MOINES,POLK,US 69,US 69/SE 14TH ST,Collision with:  Vehicle in traffic,On Roadway,Rear-end (front to rear),Lost Control,None Indicated,,Daylight,Wet,Rain,None apparent,Non-intersection:  Non-junction/no special feature,Paved,,Possible/Unknown,0,1,0,0,1,0,4100,2,2,,POINT (-93.596849737091 41.544143724438)
2014819522,20140029194,10/02/2014,10-October,5-Thursday,11:30,1100 Hours,District 1 (Central),DES MOINES,POLK,,COTTAGE GROVE AVE,Collision with:  Vehicle in traffic,On Roadway,"Sideswipe, opposite direction",Crossed centerline (undivided),None Indicated,,Daylight,Wet,Rain,None apparent,Non-intersection:  Other non-intersection (explain in narrative),Paved,,Property Damage Only,0,0,0,0,0,0,6500,2,2,,POINT (-93.649102780884 41.595967721443)
2014822663,14041884,10/02/2014,10-October,5-Thursday,23:34,2300 Hours,District 5 (Southeast),MUSCATINE,MUSCATINE,US 61,US 61,Collision with:  Vehicle in traffic,On Roadway,Broadside (front to side),FTYROW:  From yield sign,None Indicated,,Dark - roadway not lighted,Wet,Rain,None apparent,Intersection:  Other intersection (explain in narrative),Paved,,Minor Injury,0,2,0,1,0,1,22700,2,2,,POINT (-91.003066038074 41.469122442602)
2014822705,10022014-1,10/02/2014,10-October,5-Thursday,12:09,1200 Hours,District 6 (East Central),WILLIAMSBURG,IOWA,I-80,I-80 & IA 149/P AVE & HIGHLAND ST,Collision with:  Vehicle in traffic,On Roadway,Rear-end (front to rear),Driving too fast for conditions,None Indicated,,Daylight,Wet,Rain,None apparent,Intersection:  Intersection with ramp,Paved,,Property Damage Only,0,0,0,0,0,0,1500,2,2,,POINT (-92.008217867373 41.688411693759)
2014820383,,10/02/2014,10-October,5-Thursday,13:00,1300 Hours,District 6 (East Central),CEDAR RAPIDS,LINN,,5TH ST NW,Collision with:  Vehicle in traffic,On Roadway,Rear-end (front to rear),Unknown,None Indicated,,Daylight,Wet,Rain,,Intersection:  Four-way intersection,Paved,,Property Damage Only,0,0,0,0,0,0,6000,2,3,,POINT (-91.678429863126 41.975097828418)
2014819769,14-98717,10/02/2014,10-October,5-Thursday,07:00,0700 Hours,District 2 (Northeast),,BLACK HAWK,,Co Rd D16/E DONALD ST,Collision with:  Animal,On Roadway,Non-collision (single vehicle),Animal,None Indicated,,Daylight,Dry,Cloudy,None apparent,Non-intersection:  Non-junction/no special feature,Unpaved,,Property Damage Only,0,0,0,0,0,0,3000,1,1,,POINT (-92.193216927944 42.526914662503)
2014819592,14-3110,10/02/2014,10-October,5-Thursday,12:00,1200 Hours,District 1 (Central),FORT DODGE,WEBSTER,,7TH AVE S,Collision with:  Vehicle in traffic,On Roadway,"Sideswipe, same direction",FTYROW:  From driveway,None Indicated,,Daylight,Wet,Cloudy,None apparent,Non-intersection:  Driveway access (within),Paved,,Property Damage Only,0,0,0,0,0,0,2000,2,2,,POINT (-94.156659307418 42.499205529233)
2014820385,,10/02/2014,10-October,5-Thursday,08:00,0800 Hours,District 1 (Central),DES MOINES,POLK,,FLEUR DR & GRAND AVE & LOCUST ST,Collision with:  Vehicle in traffic,On Roadway,Rear-end (front to rear),Unknown,None Indicated,,Daylight,Dry,Cloudy,,Intersection:  Y-intersection,Paved,,Property Damage Only,0,0,0,0,0,0,3461,2,2,,POINT (-93.640704917956 41.583981148999)
2014819806,W14-098890,10/02/2014,10-October,5-Thursday,16:52,1600 Hours,District 2 (Northeast),WATERLOO,BLACK HAWK,,W 11TH ST & COMMERCIAL ST,Collision with:  Vehicle in traffic,On Roadway,Rear-end (front to rear),Followed too close,None Indicated,,Daylight,Wet,Rain,None apparent,Non-intersection:  Railroad grade crossing,Paved,,Property Damage Only,0,0,0,0,0,0,3000,2,2,,POINT (-92.332348324293 42.490237492954)
2014820556,2014056515,10/02/2014,10-October,5-Thursday,17:21,1700 Hours,District 6 (East Central),CORALVILLE,JOHNSON,I-80,I-80 & I-380,Collision with:  Vehicle in traffic,On Roadway,Rear-end (front to rear),Driving too fast for conditions,None Indicated,,Daylight,Dry,Cloudy,None apparent,Intersection:  Y-intersection,Paved,,Property Damage Only,0,0,0,0,0,0,16500,3,3,,POINT (-91.640069985111 41.697641510589)
2014820036,14098854,10/02/2014,10-October,5-Thursday,15:08,1500 Hours,District 2 (Northeast),CEDAR FALLS,BLACK HAWK,,12TH ST & WALNUT ST,Collision with:  Vehicle in traffic,On Roadway,Rear-end (front to rear),Followed too close,None Indicated,,Daylight,Wet,Rain,None apparent,Intersection:  Four-way intersection,Paved,,Property Damage Only,0,0,0,0,0,0,2200,2,2,,POINT (-92.453403427797 42.527640561908)
2014821293,14-14849,10/02/2014,10-October,5-Thursday,12:05,1200 Hours,District 6 (East Central),BELLEVUE,JACKSON,IA 62,IA 62/ANSEL BRIGGS HWY & 300 AVE,Collision with fixed object:  Culvert/pipe opening,Roadside,Non-collision (single vehicle),Ran off road - right,None Indicated,,Daylight,Dry,Cloudy,None apparent,Intersection:  T-intersection,Paved,,Possible/Unknown,0,1,0,0,1,0,3500,1,2,,POINT (-90.548933660965 42.20085728569)
2014819952,14-32722,10/02/2014,10-October,5-Thursday,15:53,1500 Hours,District 3 (Northwest),SIOUX CITY,WOODBURY,US 20,US 20,Collision with:  Vehicle in traffic,On Roadway,Rear-end (front to rear),Other (explain in narrative):  Other,None Indicated,,Daylight,Dry,Clear,Work Zone (roadway-related),Non-intersection:  Non-junction/no special feature,Paved,Yes,Property Damage Only,0,0,0,0,0,0,3000,2,3,,POINT (-96.330069768388 42.45774650859)
2014819506,14-6462,10/02/2014,10-October,5-Thursday,07:08,0700 Hours,District 1 (Central),PLEASANT HILL,POLK,IA 163,IA 163/NE UNIVERSITY AVE,Collision with fixed object:  Ditch,On Roadway,Non-collision (single vehicle),Ran off road - right,None Indicated,,Dark - unknown roadway lighting,Dry,"Fog, smoke, smog",None apparent,Non-intersection:  Non-junction/no special feature,Paved,,Possible/Unknown,0,1,0,0,1,0,37000,1,1,,POINT (-93.437518224221 41.600525487336)
2014819691,20140029218,10/02/2014,10-October,5-Thursday,15:49,1500 Hours,District 1 (Central),DES MOINES,POLK,US 6,US 6/FREDERICK M HUBBELL AVE & E DOUGLAS AVE,Collision with:  Vehicle in traffic,On Roadway,"Angle, oncoming left turn",FTYROW:  Making left turn,None Indicated,,Daylight,Wet,Cloudy,None apparent,Non-intersection:  Driveway access (within),Paved,,Major Injury,0,1,1,0,0,0,9000,2,3,,POINT (-93.543685543154 41.629598120802)
2014820207,14-012050,10/02/2014,10-October,5-Thursday,19:59,1900 Hours,District 1 (Central),,TAMA,US 63,US 63,Non-collision events:  Other non-collision (explain in narrative),On Roadway,Non-collision (single vehicle),Swerving/Evasive Action,None Indicated,,Dark - roadway not lighted,Dry,Clear,None apparent,Intersection:  Four-way intersection,Paved,,Property Damage Only,0,0,0,0,0,0,1501,1,3,,POINT (-92.561868464953 42.174050173737)
2014820179,14-004253,10/02/2014,10-October,5-Thursday,13:13,1300 Hours,District 1 (Central),ANKENY,POLK,,NE 22ND ST & NE 66TH AVE & SE DELAWARE AVE & CORPORATE WOODS DR,Collision with:  Vehicle in traffic,On Roadway,Broadside (front to side),Ran Traffic Signal,None Indicated,,Daylight,Wet,Rain,None apparent,Intersection:  Four-way intersection,Paved,,Major Injury,0,3,1,2,0,0,25000,2,4,,POINT (-93.581311937734 41.680556633538)
2014819951,14-32715,10/02/2014,10-October,5-Thursday,14:56,1400 Hours,District 3 (Northwest),SIOUX CITY,WOODBURY,,CHEYENNE BLVD,Collision with:  Vehicle in traffic,On Roadway,Rear-end (front to rear),Driving too fast for conditions,None Indicated,,Daylight,Wet,Rain,"Surface condition (e.g., wet, icy)",Non-intersection:  Non-junction/no special feature,Paved,,Possible/Unknown,0,1,0,0,1,0,8500,4,8,,POINT (-96.393822421692 42.541723237525)
2014819673,14149842,10/02/2014,10-October,5-Thursday,21:17,2100 Hours,District 6 (East Central),SOLON,JOHNSON,IA 1,IA 1/IOWA 1 & Co Rd F8W/MORSE RD,Collision with:  Vehicle in traffic,On Roadway,Broadside (front to side),Ran Stop Sign,None Indicated,,Dark - roadway not lighted,Wet,Rain,"Surface condition (e.g., wet, icy)",Intersection:  Four-way intersection,Paved,,Property Damage Only,0,0,0,0,0,0,4000,2,3,,POINT (-91.473923472194 41.738445040602)
2014820317,14-001144,10/02/2014,10-October,5-Thursday,01:18,0100 Hours,District 1 (Central),MAXWELL,STORY,IA 210,IA 210/IOWA 210,Collision with:  Animal,,,Animal,None Indicated,,,,,,,Paved,,Property Damage Only,0,0,0,0,0,0,1500,1,1,,POINT (-93.408083300457 41.877996881728)
2014819750,2014011000,10/02/2014,10-October,5-Thursday,15:12,1500 Hours,District 6 (East Central),IOWA CITY,JOHNSON,,E COURT ST & SUMMIT ST,Collision with:  Vehicle in traffic,On Roadway,Broadside (front to side),FTYROW:  From stop sign,None Indicated,,Daylight,Wet,Rain,"Surface condition (e.g., wet, icy)",Intersection:  T-intersection,Paved,,Minor Injury,0,1,0,1,0,0,1500,2,2,,POINT (-91.521192833404 41.656687121171)
2014820301,2014-69598,10/02/2014,10-October,5-Thursday,15:25,1500 Hours,District 6 (East Central),DAVENPORT,SCOTT,,W LOCUST ST & WASHINGTON LN,Collision with:  Vehicle in traffic,On Roadway,Rear-end (front to rear),Followed too close,None Indicated,,Daylight,Wet,Rain,None apparent,Non-intersection:  Non-junction/no special feature,Paved,,Property Damage Only,0,0,0,0,0,0,2000,2,5,,POINT (-90.597493508225 41.538251364049)
2014820637,14017298,10/02/2014,10-October,5-Thursday,08:41,0800 Hours,District 2 (Northeast),MASON CITY,CERRO GORDO,,8TH ST SE & S KENTUCKY AVE,Collision with:  Vehicle in traffic,On Roadway,Broadside (front to side),FTYROW:  From stop sign,None Indicated,,Daylight,Wet,Cloudy,None apparent,Intersection:  Four-way intersection,Paved,,Minor Injury,0,3,0,1,2,0,11000,3,3,,POINT (-93.181164643894 43.143595862986)
2014819643,14014699,10/02/2014,10-October,5-Thursday,07:34,0700 Hours,District 6 (East Central),MECHANICSVILLE,CEDAR,US 30,US 30 & CHERRY ST,Collision with:  Vehicle in traffic,Shoulder,"Sideswipe, same direction",FTYROW:  From parked position,None Indicated,,Daylight,Dry,Clear,None apparent,Non-intersection:  Non-junction/no special feature,Paved,,Property Damage Only,0,0,0,0,0,0,5000,2,2,,POINT (-91.254701132929 41.90179041343)
2014819717,S14-10057,10/02/2014,10-October,5-Thursday,06:50,0600 Hours,District 3 (Northwest),,WOODBURY,US 20,US 20,Collision with:  Animal,,Non-collision (single vehicle),Animal,None Indicated,,,,,,,Paved,,Property Damage Only,0,0,0,0,0,0,4000,1,1,,POINT (-96.144829103541 42.474996415367)