Iowa DOT Case Number,Law Enforcement Case Number,Date of Crash,Month of Crash,Day of Week,Time of Crash,Hour,DOT District,City Name,County Name,Route with System,Location Description,First Harmful Event,Location of First Harmful Event,Manner of Crash/Collision,Major Cause,Drug or Alcohol ,Environmental Conditions,Light Conditions,Surface Conditions,Weather Conditions,Roadway Contribution,Roadway Type,Roadway Surface,Work Zone,Crash Severity,Number of Fatalities,Number of Injuries,Number of Major Injuries,Number of Minor Injuries,Number of Possible Injuries,Number of Unknown Injuries,Amount of Property Damage,Number of Vehicles Involved,Total Number of Occupants,Travel Direction,Location
2014819922,14-004662,10/03/2014,10-October,6-Friday,16:59,1600 Hours,District 1 (Central),AMES,STORY,US 69,US 69/S DUFF AVE,Collision with:  Vehicle in traffic,On Roadway,Rear-end (front to rear),Followed too close,None Indicated,,Daylight,Dry,Cloudy,None apparent,Non-intersection:  Non-junction/no special feature,Paved,,Possible/Unknown,0,1,0,0,1,0,2500,2,2,,POINT (-93.610324708157 42.017361430984)
2014819762,2014011040,10/03/2014,10-October,6-Friday,13:01,1300 Hours,District 6 (East Central),IOWA CITY,JOHNSON,,W BENTON ST & WYLDE GREEN RD,Collision with:  Vehicle in traffic,On Roadway,Broadside (front to side),Followed too close,None Indicated,,Daylight,Dry,Cloudy,None apparent,Non-intersection:  Driveway access (within),Paved,,Property Damage Only,0,0,0,0,0,0,4100,2,3,,POINT (-91.558166262344 41.650455843345)
2014820017,2014-038384,10/03/2014,10-October,6-Friday,19:21,1900 Hours,District 6 (East Central),DUBUQUE,DUBUQUE,,W 11TH ST & IOWA ST,Collision with:  Vehicle in traffic,On Roadway,Broadside (front to side),Ran Stop Sign,None Indicated,,Dark - roadway lighted,Dry,Cloudy,None apparent,Intersection:  Four-way intersection,Paved,,Property Damage Only,0,0,0,0,0,0,4000,2,6,,POINT (-90.66744146657 42.503606002386)
2014819885,20140029309,10/03/2014,10-October,6-Friday,13:39,1300 Hours,District 1 (Central),DES MOINES,POLK,,LYON ST & PENNSYLVANIA AVE,Collision with:  Vehicle in traffic,On Roadway,"Sideswipe, same direction",Made improper turn,None Indicated,,Daylight,Dry,Cloudy,None apparent,Intersection:  Other intersection (explain in narrative),Paved,,Possible/Unknown,0,1,0,0,1,0,3500,2,2,,POINT (-93.608092259232 41.593642900748)
2014820325,201404621,10/03/2014,10-October,6-Friday,06:06,0600 Hours,District 1 (Central),,BOONE,IA 210,IA 210/334TH RD,Collision with:  Animal,,,Animal,None Indicated,,,,,,,Paved,,Property Damage Only,0,0,0,0,0,0,6000,1,1,,POINT (-93.886769270454 41.870641765501)
2014820669,14-2206,10/03/2014,10-October,6-Friday,12:55,1200 Hours,District 1 (Central),URBANDALE,POLK,I-35,I-35 & IA 141/IOWA 141 &  NW URBANDALE DR,Collision with:  Vehicle in traffic,On Roadway,"Sideswipe, same direction",Other (explain in narrative):  Other,None Indicated,,Daylight,Dry,Clear,None apparent,Intersection:  T-intersection,Paved,,Property Damage Only,0,0,0,0,0,0,2000,2,2,,POINT (-93.772456834066 41.647617777963)
2014819928,14-32818,10/03/2014,10-October,6-Friday,09:54,0900 Hours,District 3 (Northwest),SIOUX CITY,WOODBURY,,NICOLET WAY & S LAKEPORT ST,Collision with:  Vehicle in traffic,On Roadway,Rear-end (front to rear),Followed too close,None Indicated,,Daylight,Dry,Cloudy,None apparent,Intersection:  T-intersection,Paved,,Possible/Unknown,0,1,0,0,1,0,6000,3,5,,POINT (-96.345664495939 42.44848539878)
2014820487,14-004660,10/03/2014,10-October,6-Friday,17:17,1700 Hours,District 1 (Central),AMES,STORY,I-35,I-35,Collision with:  Vehicle in traffic,On Roadway,Rear-end (front to rear),Driving too fast for conditions,None Indicated,,Daylight,Dry,Cloudy,None apparent,"Interchange-related:  Off-ramp, diverge area",Paved,,Possible/Unknown,0,1,0,0,1,0,2100,2,2,,POINT (-93.56900644938 42.033659442049)
2014820309,2014-69859,10/03/2014,10-October,6-Friday,14:27,1400 Hours,District 6 (East Central),DAVENPORT,SCOTT,,W 2ND ST,Collision with:  Vehicle in traffic,On Roadway,"Sideswipe, same direction",Other (explain in narrative):  Other,None Indicated,,Daylight,Dry,Cloudy,None apparent,Non-intersection:  Non-junction/no special feature,Paved,,Property Damage Only,0,0,0,0,0,0,1500,2,4,,POINT (-90.59314723091 41.521309390151)
2014819780,14-042137,10/03/2014,10-October,6-Friday,11:39,1100 Hours,District 4 (Southwest),COUNCIL BLUFFS,POTTAWATTAMIE,US 6,US 6/KANESVILLE BLVD,Collision with:  Vehicle in traffic,On Roadway,Broadside (front to side),Made improper turn,None Indicated,,Daylight,Dry,Cloudy,None apparent,Non-intersection:  Non-junction/no special feature,Paved,,Property Damage Only,0,0,0,0,0,0,5000,2,2,,POINT (-95.819181056899 41.279096551728)
2014819964,CL14003523,10/03/2014,10-October,6-Friday,16:00,1600 Hours,District 6 (East Central),CLINTON,CLINTON,,N 3RD ST,Collision with:  Vehicle in traffic,On Roadway,Broadside (front to side),FTYROW:  From stop sign,None Indicated,,Daylight,Dry,Cloudy,None apparent,Intersection:  T-intersection,Paved,,Minor Injury,0,1,0,1,0,0,6000,2,2,,POINT (-90.183645832749 41.86953758455)
2014819911,14-2213,10/03/2014,10-October,6-Friday,23:40,2300 Hours,District 4 (Southwest),URBANDALE,DALLAS,,MEREDITH DR,Collision with fixed object:  Traffic sign support,Roadside,Non-collision (single vehicle),Ran off road - right,Alcohol (Statutory),,Dark - roadway lighted,Dry,Clear,None apparent,Non-intersection:  Non-junction/no special feature,Unpaved,,Property Damage Only,0,0,0,0,0,0,3200,1,1,,POINT (-93.81442679361 41.643806274243)
2014820781,201414778,10/03/2014,10-October,6-Friday,23:20,2300 Hours,District 6 (East Central),CEDAR RAPIDS,LINN,,3RD AVE SE,Collision with:  Non-motorist (see non-motorist section - NOT a unit),On Roadway,Non-collision (single vehicle),Swerving/Evasive Action,None Indicated,,Dark - roadway lighted,Dry,Clear,Unknown,Unknown,Paved,,Minor Injury,0,1,0,1,0,0,1600,1,2,,POINT (-91.649122660324 41.987185533055)
2014819719,14-042143,10/03/2014,10-October,6-Friday,13:13,1300 Hours,District 4 (Southwest),COUNCIL BLUFFS,POTTAWATTAMIE,,23RD AVE,Collision with:  Vehicle in traffic,On Roadway,Broadside (front to side),FTYROW:  From driveway,None Indicated,,Daylight,Dry,Cloudy,None apparent,Non-intersection:  Driveway access (within),Paved,,Property Damage Only,0,0,0,0,0,0,2000,2,3,,POINT (-95.885527609285 41.240120175193)
2014819791,14-4921,10/03/2014,10-October,6-Friday,08:25,0800 Hours,District 1 (Central),WEST DES MOINES,POLK,I-35,I-35,Collision with:  Vehicle in traffic,On Roadway,"Sideswipe, same direction",Swerving/Evasive Action,None Indicated,,Daylight,Dry,Cloudy,Work Zone (roadway-related),Non-intersection:  Non-junction/no special feature,Paved,Yes,Property Damage Only,0,0,0,0,0,0,10000,2,2,,POINT (-93.779454845551 41.513696127536)
2014819932,14-32846,10/03/2014,10-October,6-Friday,14:23,1400 Hours,District 3 (Northwest),SIOUX CITY,WOODBURY,,S TURNER ST,Collision with:  Vehicle in traffic,On Roadway,Broadside (front to side),"Operating vehicle in an reckless, erratic, careless, negligent manner",None Indicated,,Daylight,Dry,Cloudy,None apparent,Non-intersection:  Non-junction/no special feature,Paved,,Property Damage Only,0,0,0,0,0,0,2250,2,2,,POINT (-96.434014584364 42.494817940256)
2014821226,2014056739,10/03/2014,10-October,6-Friday,13:22,1300 Hours,District 6 (East Central),,IOWA,I-80,I-80,Collision with:  Vehicle in traffic,On Roadway,"Sideswipe, same direction",Unknown,None Indicated,,Daylight,Dry,Cloudy,None apparent,Non-intersection:  Non-junction/no special feature,Paved,,Property Damage Only,0,0,0,0,0,0,6000,2,5,,POINT (-92.102709876207 41.692052572674)
2014831877,2014010379,10/03/2014,10-October,6-Friday,12:00,1200 Hours,District 1 (Central),MARSHALLTOWN,MARSHALL,,NICHOLAS DR & S 6TH ST,Collision with:  Vehicle in traffic,On Roadway,Rear-end (front to rear),Other (explain in narrative):  Other,None Indicated,,Daylight,Dry,Cloudy,None apparent,Non-intersection:  Non-junction/no special feature,Paved,,Property Damage Only,0,0,0,0,0,0,1800,2,2,,POINT (-92.922075788929 42.014823503703)
2014820076,2014011044,10/03/2014,10-October,6-Friday,14:55,1400 Hours,District 6 (East Central),IOWA CITY,JOHNSON,,Co Rd W66/DUBUQUE ST,Collision with:  Animal,On Roadway,Non-collision (single vehicle),Animal,None Indicated,,Daylight,Dry,Cloudy,None apparent,Non-intersection:  Non-junction/no special feature,Paved,,Property Damage Only,0,0,0,0,0,0,7000,1,1,,POINT (-91.546460212458 41.690920242396)
2014819823,14-008267,10/03/2014,10-October,6-Friday,14:40,1400 Hours,District 2 (Northeast),,CLAYTON,,Co Rd C24/BUSH RD,Collision with:  Animal,,,Animal,None Indicated,,,,,,,Paved,,Property Damage Only,0,0,0,0,0,0,15000,1,1,,POINT (-91.581294325243 42.81906843716)
2014820339,201400048716,10/03/2014,10-October,6-Friday,08:05,0800 Hours,District 5 (Southeast),OTTUMWA,WAPELLO,,E ALTA VISTA AVE & N ELM ST,Collision with:  Vehicle in traffic,On Roadway,Broadside (front to side),FTYROW:  From stop sign,None Indicated,,Daylight,Dry,Cloudy,None apparent,Unknown,Paved,,Possible/Unknown,0,1,0,0,1,0,3000,2,2,,POINT (-92.397201909466 41.038320394883)
2014820307,2014-69849,10/03/2014,10-October,6-Friday,14:09,1400 Hours,District 6 (East Central),DAVENPORT,SCOTT,US 67,US 67/E RIVER DR & MCCLELLAN BLVD,Collision with:  Vehicle in traffic,On Roadway,Rear-end (front to rear),Lost Control,None Indicated,,Daylight,Dry,Cloudy,None apparent,Intersection:  T-intersection,Paved,,Possible/Unknown,0,1,0,0,1,0,9000,2,2,,POINT (-90.538452548186 41.528887246123)
2014819688,20140029288,10/03/2014,10-October,6-Friday,02:00,0200 Hours,District 1 (Central),DES MOINES,POLK,,SHERMAN BLVD,Collision with:  Parked motor vehicle,On Roadway,Unknown,Lost Control,None Indicated,,Dark - roadway lighted,Unknown,Unknown,None apparent,Non-intersection:  Non-junction/no special feature,Paved,,Property Damage Only,0,0,0,0,0,0,4500,2,2,,POINT (-93.679774006118 41.6327109672)
2014819990,210404629,10/03/2014,10-October,6-Friday,15:23,1500 Hours,District 1 (Central),,BOONE,US 30,US 30/230TH ST & U AVE,Collision with:  Vehicle in traffic,On Roadway,Rear-end (front to rear),Other (explain in narrative):  Other,None Indicated,,Daylight,Dry,Cloudy,None apparent,Intersection:  Four-way intersection,Paved,,Property Damage Only,0,0,0,0,0,0,4000,2,6,,POINT (-93.776794079989 42.023272593904)
2014828350,14100043,10/03/2014,10-October,6-Friday,07:46,0700 Hours,District 5 (Southeast),,WAPELLO,,EDDYVILLE RD,Collision with:  Vehicle in traffic,On Roadway,Rear-end (front to rear),Followed too close,None Indicated,,Daylight,Dry,Clear,None apparent,Non-intersection:  Non-junction/no special feature,Paved,,Property Damage Only,0,0,0,0,0,0,3000,2,2,,POINT (-92.452548754601 41.049676567176)
2014826348,,10/03/2014,10-October,6-Friday,19:05,1900 Hours,District 2 (Northeast),,WINNESHIEK,US 52,US 52 & BIG TIMBER RD,Collision with:  Animal,On Roadway,Non-collision (single vehicle),Animal,None Indicated,,Dark - roadway not lighted,Dry,Clear,None apparent,Non-intersection:  Non-junction/no special feature,Paved,,Property Damage Only,0,0,0,0,0,0,3500,1,1,,POINT (-91.842736085286 43.248535976407)
2014819923,14-004664,10/03/2014,10-October,6-Friday,18:32,1800 Hours,District 1 (Central),AMES,STORY,,BRICKMAN AVE,Collision with fixed object:  Utility pole/light support,On Roadway,Non-collision (single vehicle),Improper Backing,None Indicated,,Dark - roadway lighted,Dry,Cloudy,None apparent,Non-intersection:  Non-junction/no special feature,Paved,,Property Damage Only,0,0,0,0,0,0,3000,1,2,,POINT (-93.642853847229 42.059640724952)
2014820305,2014-69841,10/03/2014,10-October,6-Friday,13:21,1300 Hours,District 6 (East Central),DAVENPORT,SCOTT,I-80,I-80,Collision with:  Vehicle in traffic,On Roadway,Rear-end (front to rear),Followed too close,None Indicated,,Daylight,Dry,Cloudy,None apparent,Non-intersection:  Non-junction/no special feature,Paved,,Property Damage Only,0,0,0,0,0,0,2500,2,3,,POINT (-90.640077806524 41.600998731564)
2014820004,14-20115,10/03/2014,10-October,6-Friday,15:21,1500 Hours,District 6 (East Central),,SCOTT,US 67,US 67/GREAT RIVER RD,Collision with:  Vehicle in traffic,On Roadway,"Sideswipe, opposite direction",Crossed centerline (undivided),None Indicated,,Daylight,Dry,Clear,None apparent,Non-intersection:  Non-junction/no special feature,Paved,,Property Damage Only,0,0,0,0,0,0,3002,2,2,,POINT (-90.424357085864 41.568617331462)
2014820522,14-006894,10/03/2014,10-October,6-Friday,16:20,1600 Hours,District 2 (Northeast),ALGONA,KOSSUTH,US 169,US 169/N JONES ST & E CALL ST,Collision with:  Vehicle in traffic,On Roadway,Broadside (front to side),Ran Traffic Signal,None Indicated,,Daylight,Dry,Cloudy,None apparent,Intersection:  Four-way intersection,Paved,,Property Damage Only,0,0,0,0,0,0,6000,2,4,,POINT (-94.232995023243 43.069856792686)
2014819888,20140029319,10/03/2014,10-October,6-Friday,15:20,1500 Hours,District 1 (Central),DES MOINES,POLK,,E ARMY POST RD,Collision with:  Vehicle in traffic,On Roadway,Rear-end (front to rear),"Operating vehicle in an reckless, erratic, careless, negligent manner",None Indicated,,Daylight,Dry,Cloudy,None apparent,Non-intersection:  Driveway access (within),Paved,,Property Damage Only,0,0,0,0,0,0,6000,2,3,,POINT (-93.603626131073 41.526345883716)
2014825556,,10/03/2014,10-October,6-Friday,09:25,0900 Hours,District 4 (Southwest),,MILLS,US 275,US 275 & Co Rd H40/NOYES AVE,Collision with:  Vehicle in traffic,On Roadway,Rear-end (front to rear),Ran off road - right,None Indicated,,Daylight,Dry,Cloudy,None apparent,Intersection:  Four-way intersection,Paved,,Possible/Unknown,0,1,0,0,1,0,10000,2,2,,POINT (-95.671195350487 40.973833208867)
2014825792,20140033240,10/03/2014,10-October,6-Friday,22:00,2200 Hours,District 1 (Central),DES MOINES,POLK,,SW 2ND ST,Collision with:  Parked motor vehicle,On Roadway,"Sideswipe, same direction",Unknown,None Indicated,,Dark - roadway lighted,Dry,Unknown,Unknown,Non-intersection:  Non-junction/no special feature,Paved,,Property Damage Only,0,0,0,0,0,0,1500,2,777,,POINT (-93.618310322007 41.583085946038)
2014819886,20140029315,10/03/2014,10-October,6-Friday,15:01,1500 Hours,District 1 (Central),DES MOINES,POLK,,BUCHANAN ST & E 16TH ST,Collision with:  Vehicle in traffic,On Roadway,"Angle, oncoming left turn",FTYROW:  Making left turn,None Indicated,,Daylight,Dry,Cloudy,None apparent,Intersection:  T-intersection,Paved,,Property Damage Only,0,0,0,0,0,0,4000,2,6,,POINT (-93.594457872867 41.599749061027)
2014819892,20140029334,10/03/2014,10-October,6-Friday,18:50,1800 Hours,District 1 (Central),DES MOINES,POLK,US 6,US 6/EUCLID AVE & 11TH ST,Collision with:  Vehicle in traffic,On Roadway,Rear-end (front to rear),Unknown,None Indicated,,Dark - roadway lighted,Dry,Cloudy,None apparent,Intersection:  Four-way intersection,Paved,,Property Damage Only,0,0,0,0,0,0,3000,2,3,,POINT (-93.631953534186 41.627669575652)
2014820306,2014-69845,10/03/2014,10-October,6-Friday,13:56,1300 Hours,District 6 (East Central),DAVENPORT,SCOTT,US 6,US 6/W KIMBERLY RD & MARQUETTE ST,Collision with:  Vehicle in traffic,On Roadway,"Sideswipe, opposite direction",FTYROW:  Making left turn,None Indicated,,Daylight,Dry,Cloudy,None apparent,Intersection:  Four-way intersection,Paved,,Property Damage Only,0,0,0,0,0,0,1550,2,3,,POINT (-90.591048099902 41.560101088658)
2014819913,14-002281,10/03/2014,10-October,6-Friday,20:10,2000 Hours,District 1 (Central),ALTOONA,POLK,,9TH ST NW & 1ST AVE N,Collision with:  Vehicle in traffic,On Roadway,Broadside (front to side),Ran Stop Sign,None Indicated,,Dark - roadway lighted,Dry,Cloudy,None apparent,Intersection:  Four-way intersection,Paved,,Possible/Unknown,0,1,0,0,1,0,6000,2,3,,POINT (-93.464562583197 41.658569969491)
2014819910,14-2210,10/03/2014,10-October,6-Friday,20:32,2000 Hours,District 1 (Central),URBANDALE,POLK,I-35,I-35,Collision with:  Vehicle in traffic,On Roadway,"Sideswipe, same direction",Unknown,None Indicated,,Dark - roadway not lighted,Dry,Clear,None apparent,Non-intersection:  Non-junction/no special feature,Paved,,Property Damage Only,0,0,0,0,0,0,2500,2,5,,POINT (-93.776001156648 41.615735619842)
2014820367,,10/03/2014,10-October,6-Friday,13:20,1300 Hours,District 5 (Southeast),,LUCAS,IA 14,IA 14,Collision with:  Vehicle in traffic,On Roadway,"Sideswipe, same direction",Crossed centerline (undivided),None Indicated,,Daylight,Dry,Cloudy,None apparent,Non-intersection:  Non-junction/no special feature,Paved,,Property Damage Only,0,0,0,0,0,0,3000,2,4,,POINT (-93.194437933185 41.139524419795)
2014819969,2014-20099,10/03/2014,10-October,6-Friday,05:45,0500 Hours,District 6 (East Central),,SCOTT,,Co Rd Z16/UTICA RIDGE RD,Collision with:  Animal,,,Animal,None Indicated,,,,,,,Paved,,Property Damage Only,0,0,0,0,0,0,3000,1,1,,POINT (-90.503887520421 41.606712820026)
2014820560,2014056818,10/03/2014,10-October,6-Friday,01:35,0100 Hours,District 1 (Central),,TAMA,,275TH ST,Collision with fixed object:  Ditch,Roadside,Non-collision (single vehicle),"Operating vehicle in an reckless, erratic, careless, negligent manner",Drug,,Dark - roadway not lighted,Dry,Clear,None apparent,Non-intersection:  Non-junction/no special feature,Unpaved,,Property Damage Only,0,0,0,0,0,0,2200,1,2,,POINT (-92.591429936907 42.039305293055)
2014820167,100314-116,10/03/2014,10-October,6-Friday,12:17,1200 Hours,District 3 (Northwest),,BUENA VISTA,,220TH AVE & 490TH ST,Collision with:  Vehicle in traffic,On Roadway,Broadside (front to side),FTYROW:  At uncontrolled intersection,None Indicated,,Daylight,Dry,Cloudy,None apparent,Intersection:  Four-way intersection,Unpaved,,Possible/Unknown,0,1,0,0,1,0,45000,2,2,,POINT (-94.972936906066 42.806895983812)
2014819855,14-6483,10/03/2014,10-October,6-Friday,05:40,0500 Hours,District 1 (Central),ANKENY,POLK,IA 415,IA 415/2ND AVE,Collision with:  Animal,,,Animal,None Indicated,,,,,,,Paved,,Property Damage Only,0,0,0,0,0,0,4500,1,1,,POINT (-93.620478812006 41.670426010129)
2014819852,1410031-A,10/03/2014,10-October,6-Friday,01:03,0100 Hours,District 4 (Southwest),RED OAK,MONTGOMERY,,,Non-collision events:  Other non-collision (explain in narrative),On Roadway,Non-collision (single vehicle),Exceeded authorized speed,Alcohol (Statutory),,Dark - unknown roadway lighting,Dry,Clear,None apparent,Non-intersection:  Non-junction/no special feature,,,Possible/Unknown,0,1,0,0,1,0,2000,1,1,,POINT (-96.643700149993 40.233091251414)
2014820239,A14073,10/03/2014,10-October,6-Friday,05:43,0500 Hours,District 5 (Southeast),KNOXVILLE,MARION,,W ROBINSON ST & S HARLAN ST,Non-collision events:  Other non-collision (explain in narrative),On Roadway,Non-collision (single vehicle),Other (explain in narrative):  No improper action,None Indicated,,Dawn,Dry,Severe winds,None apparent,Non-intersection:  Non-junction/no special feature,Paved,,Property Damage Only,0,0,0,0,0,0,4000,1,1,,POINT (-93.100972591147 41.318036278845)
2014819890,20140029325,10/03/2014,10-October,6-Friday,16:45,1600 Hours,District 1 (Central),DES MOINES,POLK,,GUTHRIE AVE & SAYLOR RD,Collision with:  Vehicle in traffic,On Roadway,Broadside (front to side),FTYROW:  From stop sign,None Indicated,,Daylight,Dry,Cloudy,None apparent,Intersection:  T-intersection,Paved,,Property Damage Only,0,0,0,0,0,0,3000,2,2,,POINT (-93.612476969372 41.614498381388)
2014820607,2014-69942,10/03/2014,10-October,6-Friday,22:05,2200 Hours,District 6 (East Central),DAVENPORT,SCOTT,,KEOTA AVE & GARDEN AVE,Collision with:  Vehicle in traffic,On Roadway,Rear-end (front to rear),Unknown,None Indicated,,Dark - roadway lighted,Dry,Clear,Unknown,Intersection:  Four-way intersection,Paved,,Possible/Unknown,0,4,0,0,4,0,3000,2,5,,POINT (-90.621932536854 41.503976654663)
2014820780,201414747,10/03/2014,10-October,6-Friday,12:26,1200 Hours,District 6 (East Central),CEDAR RAPIDS,LINN,,WILSON AVE SW & BOWLING ST SW,Collision with:  Vehicle in traffic,On Roadway,"Angle, oncoming left turn",Unknown,None Indicated,,Daylight,Dry,Cloudy,Non-highway work,Intersection:  Four-way intersection,Paved,,Property Damage Only,0,0,0,0,0,0,3000,2,3,,POINT (-91.657542942215 41.955860831497)
2014819845,14-024486,10/03/2014,10-October,6-Friday,11:46,1100 Hours,District 5 (Southeast),,MARION,IA 92,IA 92/IOWA 92,Collision with fixed object:  Guardrail - face,On Roadway,Non-collision (single vehicle),Swerving/Evasive Action,None Indicated,,Daylight,Dry,Cloudy,None apparent,Non-intersection:  Non-junction/no special feature,Paved,,Possible/Unknown,0,1,0,0,1,0,3000,1,1,,POINT (-93.013176367522 41.30670302574)
2014829037,14-19220,10/03/2014,10-October,6-Friday,01:14,0100 Hours,District 6 (East Central),BETTENDORF,SCOTT,I-74,I-74,Collision with fixed object:  Ditch,,,Lost Control,None Indicated,,,,,,,Paved,,Property Damage Only,0,0,0,0,0,0,8000,1,1,,POINT (-90.518063811754 41.541778183414)
2014820070,14008616,10/03/2014,10-October,6-Friday,21:22,2100 Hours,District 6 (East Central),,DELAWARE,,Co Rd X15/180TH AVE,Collision with:  Animal,,,Animal,None Indicated,,,,,,,Paved,,Property Damage Only,0,0,0,0,0,0,5000,1,1,,POINT (-91.451999083211 42.529402600306)
2014824657,14008778,10/03/2014,10-October,6-Friday,23:45,2300 Hours,District 6 (East Central),,BUCHANAN,,Co Rd D22/220TH ST,Non-collision events:  Other non-collision (explain in narrative),On Roadway,Non-collision (single vehicle),Ran off road - left,None Indicated,,Dark - roadway not lighted,Dry,Clear,None apparent,Non-intersection:  Non-junction/no special feature,Paved,,Property Damage Only,0,0,0,0,0,0,2000,1,1,,POINT (-91.777986456077 42.467997832446)
2014819828,P14-011373,10/03/2014,10-October,6-Friday,09:42,0900 Hours,District 1 (Central),WEBSTER CITY,HAMILTON,,DIVISION ST & SENECA ST,Collision with:  Vehicle in traffic,On Roadway,Broadside (front to side),FTYROW:  From stop sign,None Indicated,,Daylight,Wet,Rain,None apparent,Intersection:  Four-way intersection,Paved,,Property Damage Only,0,0,0,0,0,0,6000,2,2,,POINT (-93.81712568109 42.467520157794)
2014819720,N14000529,10/03/2014,10-October,6-Friday,09:56,0900 Hours,District 6 (East Central),NORTH LIBERTY,JOHNSON,,JORDAN ST & SARA CT,Collision with:  Vehicle in traffic,On Roadway,Broadside (front to side),FTYROW:  From stop sign,None Indicated,,Daylight,Dry,Cloudy,None apparent,Intersection:  Four-way intersection,Unpaved,,Property Damage Only,0,0,0,0,0,0,15000,2,4,,POINT (-91.606618222388 41.725224889377)
2014819829,P14-011386,10/03/2014,10-October,6-Friday,18:47,1800 Hours,District 1 (Central),WEBSTER CITY,HAMILTON,,E 2ND ST & PARK AVE,Collision with:  Vehicle in traffic,On Roadway,Broadside (front to side),FTYROW:  From stop sign,None Indicated,,Dark - unknown roadway lighting,Dry,Cloudy,None apparent,Intersection:  Four-way intersection,Paved,,Property Damage Only,0,0,0,0,0,0,6000,2,3,,POINT (-93.808452927329 42.469427861089)
2014821052,2014-69869,10/03/2014,10-October,6-Friday,15:30,1500 Hours,District 6 (East Central),DAVENPORT,SCOTT,,E 6TH ST,Collision with:  Vehicle in traffic,On Roadway,Rear-end (front to rear),"Operating vehicle in an reckless, erratic, careless, negligent manner",None Indicated,,Daylight,Dry,Cloudy,None apparent,Non-intersection:  Non-junction/no special feature,Paved,,Property Damage Only,0,0,0,0,0,0,4000,2,1,,POINT (-90.571986994947 41.525700789276)
2014820639,14017352,10/03/2014,10-October,6-Friday,10:10,1000 Hours,District 2 (Northeast),MASON CITY,CERRO GORDO,US 65,US 65/N WASHINGTON AVE & 1ST ST NW,Collision with:  Vehicle in traffic,On Roadway,"Sideswipe, same direction",Unknown,None Indicated,,Daylight,Dry,Cloudy,None apparent,Intersection:  Four-way intersection,Paved,,Property Damage Only,0,0,0,0,0,0,3000,2,2,,POINT (-93.202653656986 43.15271775703)
2014820304,2014-69829,10/03/2014,10-October,6-Friday,10:30,1000 Hours,District 6 (East Central),DAVENPORT,SCOTT,,E 53RD ST,Collision with:  Vehicle in traffic,On Roadway,Rear-end (front to rear),Followed too close,None Indicated,,Daylight,Dry,Cloudy,Work Zone (roadway-related),Non-intersection:  Non-junction/no special feature,Paved,Yes,Possible/Unknown,0,2,0,0,1,1,2250,3,3,,POINT (-90.552449362346 41.574686359767)
2014824891,,10/03/2014,10-October,6-Friday,19:45,1900 Hours,District 1 (Central),JEFFERSON,GREENE,,Co Rd E53/237TH ST,Collision with:  Animal,On Roadway,Non-collision (single vehicle),Animal,None Indicated,,Dark - roadway lighted,Dry,Clear,,Non-intersection:  Non-junction/no special feature,Paved,,Property Damage Only,0,0,0,0,0,0,4000,1,1,,POINT (-94.409493159171 42.011554450835)
2014819790,201456577,10/03/2014,10-October,6-Friday,06:10,0600 Hours,District 6 (East Central),,DUBUQUE,,COMER RD,Non-collision events:  Overturn/rollover,Shoulder,Non-collision (single vehicle),Ran off road - right,None Indicated,,Dark - roadway not lighted,"Mud, dirt",Cloudy,None apparent,Non-intersection:  Non-junction/no special feature,Unpaved,,Property Damage Only,0,0,0,0,0,0,5300,1,1,,POINT (-91.038707101617 42.407919876917)
2014819679,14020741,10/03/2014,10-October,6-Friday,07:25,0700 Hours,District 6 (East Central),MARION,LINN,,E POST RD,Collision with:  Vehicle in traffic,On Roadway,Rear-end (front to rear),Other (explain in narrative):  Other,None Indicated,,Daylight,Dry,Cloudy,None apparent,Intersection:  Four-way intersection,Paved,,Property Damage Only,0,0,0,0,0,0,4300,3,3,,POINT (-91.59935729522 42.015481501628)
2014820045,2014-3565,10/03/2014,10-October,6-Friday,11:39,1100 Hours,District 6 (East Central),FAIRFAX,LINN,,LINN ST & FAIRFAX RD,Collision with:  Vehicle in traffic,On Roadway,Head-on (front to front),Crossed centerline (undivided),None Indicated,,Daylight,Dry,Cloudy,None apparent,Intersection:  T-intersection,Paved,,Property Damage Only,0,0,0,0,0,0,11000,2,2,,POINT (-91.774021179787 41.91658040839)
2014819672,14150058,10/03/2014,10-October,6-Friday,08:27,0800 Hours,District 6 (East Central),,JOHNSON,,Co Rd W66/DUBUQUE ST & 275TH ST,Collision with:  Vehicle in traffic,On Roadway,Rear-end (front to rear),Followed too close,None Indicated,,Daylight,Dry,Cloudy,None apparent,Intersection:  Y-intersection,Paved,,Property Damage Only,0,0,0,0,0,0,16000,3,3,,POINT (-91.566654161303 41.73336173747)
2014820486,14-004658,10/03/2014,10-October,6-Friday,16:33,1600 Hours,District 1 (Central),AMES,STORY,,AIRPORT RD,Collision with:  Vehicle in traffic,On Roadway,Broadside (front to side),FTYROW:  From driveway,None Indicated,,Daylight,Dry,Cloudy,None apparent,Non-intersection:  Driveway access (within),Paved,,Possible/Unknown,0,1,0,0,1,0,18600,3,3,,POINT (-93.612125360415 42.00109493142)
2014820364,2014011184,10/03/2014,10-October,6-Friday,17:00,1700 Hours,District 6 (East Central),IOWA CITY,JOHNSON,,WESTWINDS DR & MORMON TREK BLVD,Collision with:  Vehicle in traffic,On Roadway,Broadside (front to side),FTYROW:  Making left turn,None Indicated,,Daylight,Dry,Clear,None apparent,Intersection:  Four-way intersection,Paved,,Property Damage Only,0,0,0,0,0,0,2300,2,2,,POINT (-91.574057739882 41.650825251077)