Iowa DOT Case Number,Law Enforcement Case Number,Date of Crash,Month of Crash,Day of Week,Time of Crash,Hour,DOT District,City Name,County Name,Route with System,Location Description,First Harmful Event,Location of First Harmful Event,Manner of Crash/Collision,Major Cause,Drug or Alcohol ,Environmental Conditions,Light Conditions,Surface Conditions,Weather Conditions,Roadway Contribution,Roadway Type,Roadway Surface,Work Zone,Crash Severity,Number of Fatalities,Number of Injuries,Number of Major Injuries,Number of Minor Injuries,Number of Possible Injuries,Number of Unknown Injuries,Amount of Property Damage,Number of Vehicles Involved,Total Number of Occupants,Travel Direction,Location
2014819763,AP 14-0311,10/03/2014,10-October,6-Friday,12:00,1200 Hours,District 6 (East Central),ANAMOSA,JONES,,E 1ST ST & BOOTH ST,Collision with:  Vehicle in traffic,On Roadway,"Sideswipe, same direction",Other (explain in narrative):  Other,None Indicated,,Daylight,Dry,Cloudy,None apparent,Non-intersection:  Driveway access (within),Paved,,Property Damage Only,0,0,0,0,0,0,2500,2,4,,POINT (-91.284364585923 42.106435848052)
2014823046,14041987,10/03/2014,10-October,6-Friday,16:28,1600 Hours,District 5 (Southeast),,MUSCATINE,US 6,US 6,Collision with:  Vehicle in traffic,On Roadway,Broadside (front to side),FTYROW:  Making left turn,None Indicated,,Daylight,Dry,Cloudy,None apparent,Intersection:  T-intersection,Paved,,Property Damage Only,0,0,0,0,0,0,6000,2,2,,POINT (-91.301182473601 41.582698736076)
2014820047,201400003570,10/03/2014,10-October,6-Friday,19:20,1900 Hours,District 6 (East Central),,LINN,,TOWER TERRACE RD,Collision with:  Animal,,,Animal,None Indicated,,,,,,,Paved,,Property Damage Only,0,0,0,0,0,0,2500,1,1,,POINT (-91.744983860339 42.073267030937)
2014820864,2014-006083,10/03/2014,10-October,6-Friday,15:50,1500 Hours,District 6 (East Central),,BENTON,,77 ST TRL,Non-collision events:  Overturn/rollover,On Roadway,Non-collision (single vehicle),Lost Control,None Indicated,,Daylight,Dry,Cloudy,None apparent,Non-intersection:  Non-junction/no special feature,Unpaved,,Minor Injury,0,3,0,3,0,0,5000,1,3,,POINT (-92.209341386291 41.888384480032)
2014820657,14102052,10/03/2014,10-October,6-Friday,10:25,1000 Hours,District 4 (Southwest),CLARINDA,PAGE,,N 16TH ST,Collision with:  Vehicle in traffic,On Roadway,Rear-end (front to rear),FTYROW:  Other (explain in narrative),None Indicated,,Daylight,Dry,Clear,None apparent,Non-intersection:  Driveway access (within),Paved,,Property Damage Only,0,0,0,0,0,0,4200,2,2,,POINT (-95.037875483588 40.746055635763)
2014822549,,10/03/2014,10-October,6-Friday,17:05,1700 Hours,District 1 (Central),WEST DES MOINES,POLK,,KINGMAN AVE & 22ND ST,Collision with:  Vehicle in traffic,On Roadway,Rear-end (front to rear),Unknown,None Indicated,,Daylight,Dry,Clear,,Non-intersection:  Non-junction/no special feature,Paved,,Minor Injury,0,1,0,1,0,0,1700,2,2,,POINT (-93.736054613924 41.595524972524)
2014820075,14-042197,10/03/2014,10-October,6-Friday,16:00,1600 Hours,District 4 (Southwest),COUNCIL BLUFFS,POTTAWATTAMIE,,S 35TH ST,Collision with:  Vehicle in traffic,On Roadway,"Sideswipe, same direction",Made improper turn,None Indicated,,Daylight,Dry,Clear,None apparent,Non-intersection:  Non-junction/no special feature,Paved,,Possible/Unknown,0,1,0,0,1,0,3700,2,3,,POINT (-95.902029699435 41.260338583023)
2014819700,20140029286,10/03/2014,10-October,6-Friday,07:49,0700 Hours,District 1 (Central),DES MOINES,POLK,US 6,US 6/E EUCLID AVE/FREDERICK M HUBBELL AVE,Collision with:  Vehicle in traffic,On Roadway,Broadside (front to side),Ran Stop Sign,None Indicated,,Daylight,Dry,Cloudy,None apparent,Intersection:  Y-intersection,Paved,,Property Damage Only,0,0,0,0,0,0,7000,2,2,,POINT (-93.547235509267 41.627752813497)
2014819980,2014056550,10/03/2014,10-October,6-Friday,00:55,0000 Hours,District 4 (Southwest),,MILLS,I-29,I-29,Non-collision events:  Overturn/rollover,Shoulder,Non-collision (single vehicle),Ran off road - right,None Indicated,,Dark - roadway not lighted,Dry,Clear,None apparent,Non-intersection:  Non-junction/no special feature,Paved,,Property Damage Only,0,0,0,0,0,0,10000,1,1,,POINT (-95.804253723189 40.995322589214)
2014821053,2014-69894,10/03/2014,10-October,6-Friday,17:55,1700 Hours,District 6 (East Central),DAVENPORT,SCOTT,,E 15TH ST & ARLINGTON AVE,Collision with:  Vehicle in traffic,On Roadway,Broadside (front to side),FTYROW:  From stop sign,None Indicated,,Dusk,Dry,Cloudy,None apparent,Intersection:  Other intersection (explain in narrative),Paved,,Property Damage Only,0,0,0,0,0,0,17500,2,7,,POINT (-90.562514190095 41.535083104374)
2014820030,14-015502,10/03/2014,10-October,6-Friday,10:52,1000 Hours,District 2 (Northeast),,FLOYD,,Co Rd B57/220TH ST,Collision with fixed object:  Ditch,On Roadway,Non-collision (single vehicle),Ran off road - left,None Indicated,,Daylight,Dry,Cloudy,None apparent,Non-intersection:  Non-junction/no special feature,Paved,,Property Damage Only,0,0,0,0,0,0,2100,1,1,,POINT (-92.574420441184 43.037869291172)
2014820822,2014-21642,10/03/2014,10-October,6-Friday,19:40,1900 Hours,District 5 (Southeast),INDIANOLA,WARREN,US 65,US 65,Collision with:  Vehicle in traffic,On Roadway,Broadside (front to side),FTYROW:  From stop sign,None Indicated,,Dark - roadway lighted,Dry,Clear,Work Zone (roadway-related),Non-intersection:  Driveway access (within),Paved,Yes,Property Damage Only,0,0,0,0,0,0,4500,2,3,,POINT (-93.558665902888 41.385408021332)
2014820069,14006142,10/03/2014,10-October,6-Friday,14:37,1400 Hours,District 2 (Northeast),NORA SPRINGS,CERRO GORDO,US 18,US 18,Collision with fixed object:  Ditch,On Roadway,Non-collision (single vehicle),Swerving/Evasive Action,None Indicated,,Daylight,Dry,Cloudy,None apparent,Non-intersection:  Non-junction/no special feature,Paved,,Property Damage Only,0,0,0,0,0,0,2500,1,1,,POINT (-93.043207476775 43.118409392823)
2014819934,14-32860,10/03/2014,10-October,6-Friday,16:29,1600 Hours,District 3 (Northwest),SIOUX CITY,WOODBURY,,6TH ST,Collision with:  Vehicle in traffic,On Roadway,Rear-end (front to rear),Other (explain in narrative):  Other,None Indicated,,Daylight,Dry,Cloudy,Work Zone (roadway-related),Intersection:  Four-way intersection,Paved,Yes,Property Damage Only,0,0,0,0,0,0,2500,2,2,,POINT (-96.401914709944 42.496352662849)
2014830920,145299,10/03/2014,10-October,6-Friday,16:11,1600 Hours,District 1 (Central),IOWA FALLS,HARDIN,,WASHINGTON AVE & RIVER ST,Collision with:  Vehicle in traffic,On Roadway,Broadside (front to side),Unknown,None Indicated,,Daylight,Dry,Cloudy,None apparent,Non-intersection:  Non-junction/no special feature,Paved,,Property Damage Only,0,0,0,0,0,0,4500,2,5,,POINT (-93.267882680837 42.519643189883)
2014819887,20140029317,10/03/2014,10-October,6-Friday,15:00,1500 Hours,District 1 (Central),DES MOINES,POLK,IA 415,IA 415/2ND AVE & SHAWNEE AVE & E SHAWNEE AVE,Collision with:  Vehicle in traffic,On Roadway,Broadside (front to side),FTYROW:  From stop sign,None Indicated,,Daylight,Dry,Cloudy,None apparent,Intersection:  Four-way intersection,Paved,,Possible/Unknown,0,1,0,0,1,0,10400,2,2,,POINT (-93.619934251687 41.634940771861)
2014824376,1408356,10/03/2014,10-October,6-Friday,19:17,1900 Hours,District 5 (Southeast),KALONA,WASHINGTON,,D AVE,Collision with:  Vehicle in traffic,On Roadway,Rear-end (front to rear),Swerving/Evasive Action,None Indicated,,Dark - roadway lighted,Dry,Cloudy,"Surface condition (e.g., wet, icy)",Non-intersection:  Non-junction/no special feature,Paved,,Property Damage Only,0,0,0,0,0,0,5000,2,1,,POINT (-91.708395716219 41.484927118979)
2014819893,20140029337,10/03/2014,10-October,6-Friday,19:39,1900 Hours,District 1 (Central),DES MOINES,POLK,US 6,US 6/MERLE HAY RD & BOSTON AVE,Collision with:  Vehicle in traffic,On Roadway,Rear-end (front to rear),Other (explain in narrative):  Other,None Indicated,,Dark - roadway lighted,Dry,Cloudy,None apparent,Non-intersection:  Non-junction/no special feature,Paved,,Property Damage Only,0,0,0,0,0,0,3500,2,6,,POINT (-93.69775066677 41.623055649009)
2014819909,14-2205,10/03/2014,10-October,6-Friday,09:56,0900 Hours,District 1 (Central),URBANDALE,POLK,,DOUGLAS AVE,Collision with:  Vehicle in traffic,On Roadway,Rear-end (front to rear),Other (explain in narrative):  No improper action,None Indicated,,Daylight,Dry,Clear,None apparent,Non-intersection:  Non-junction/no special feature,Paved,,Property Damage Only,0,0,0,0,0,0,2500,2,2,,POINT (-93.711624788849 41.629374698042)
2014819815,14-15207,10/03/2014,10-October,6-Friday,05:29,0500 Hours,District 3 (Northwest),EVERLY,CLAY,,Co Rd B24/350TH ST,Collision with:  Animal,,,Animal,None Indicated,,,,,,,Paved,,Property Damage Only,0,0,0,0,0,0,5500,1,1,,POINT (-95.252595589897 43.141703823241)
2014823232,2014-69875,10/03/2014,10-October,6-Friday,15:58,1500 Hours,District 6 (East Central),DAVENPORT,SCOTT,,MARQUETTE ST,Collision with:  Vehicle in traffic,On Roadway,"Sideswipe, same direction",Unknown,None Indicated,,Daylight,Dry,Cloudy,None apparent,Non-intersection:  Non-junction/no special feature,Paved,,Property Damage Only,0,0,0,0,0,0,1500,2,2,,POINT (-90.591175070277 41.54926004373)
2014819805,W14-099292,10/03/2014,10-October,6-Friday,23:12,2300 Hours,District 2 (Northeast),WATERLOO,BLACK HAWK,,GARDEN AVE,Collision with:  Vehicle in traffic,On Roadway,"Sideswipe, same direction",Swerving/Evasive Action,None Indicated,,Dark - roadway lighted,Dry,Cloudy,None apparent,Non-intersection:  Non-junction/no special feature,Paved,,Property Damage Only,0,0,0,0,0,0,3000,2,2,,POINT (-92.381421560041 42.49294444257)
2014819687,20140029284,10/03/2014,10-October,6-Friday,07:38,0700 Hours,District 1 (Central),DES MOINES,POLK,,BEL AIRE RD & LOWER BEAVER RD,Collision with:  Vehicle in traffic,Shoulder,Rear-end (front to rear),Followed too close,None Indicated,,Daylight,Dry,Cloudy,None apparent,Intersection:  Four-way intersection,Paved,,Property Damage Only,0,0,0,0,0,0,4300,2,2,,POINT (-93.665947370176 41.640105721633)
2014819889,20140029322,10/03/2014,10-October,6-Friday,16:15,1600 Hours,District 1 (Central),MITCHELLVILLE,POLK,,HUBBELL AVE & BURSON ST,Collision with:  Vehicle in traffic,On Roadway,Rear-end (front to rear),Followed too close,None Indicated,,Daylight,Dry,Cloudy,None apparent,Intersection:  T-intersection,Paved,,Property Damage Only,0,0,0,0,0,0,5500,2,2,,POINT (-93.583641153472 41.597867925096)
2014819933,14-32859,10/03/2014,10-October,6-Friday,16:14,1600 Hours,District 3 (Northwest),SIOUX CITY,WOODBURY,,HAMILTON BLVD,Collision with:  Vehicle in traffic,On Roadway,"Sideswipe, same direction",Improper or erratic lane changing,None Indicated,,Daylight,Dry,Cloudy,None apparent,Non-intersection:  Non-junction/no special feature,Paved,,Property Damage Only,0,0,0,0,0,0,3400,2,2,,POINT (-96.417177552667 42.523658806031)
2014821930,32071-14,10/03/2014,10-October,6-Friday,19:55,1900 Hours,District 3 (Northwest),,EMMET,IA 9,IA 9/IOWA 9,Collision with:  Animal,,,Animal,None Indicated,,,,,,,Paved,,Property Damage Only,0,0,0,0,0,0,2000,1,1,,POINT (-94.862662920509 43.407477218245)
2014820113,14-042193,10/03/2014,10-October,6-Friday,18:48,1800 Hours,District 4 (Southwest),COUNCIL BLUFFS,POTTAWATTAMIE,,S 24TH ST,Collision with:  Vehicle in traffic,On Roadway,Rear-end (front to rear),Followed too close,None Indicated,,Dark - roadway lighted,Dry,Clear,None apparent,Non-intersection:  Non-junction/no special feature,Paved,,Property Damage Only,0,0,0,0,0,0,9500,3,6,,POINT (-95.879216804052 41.226561589582)
2014820038,CL14003522,10/03/2014,10-October,6-Friday,16:01,1600 Hours,District 6 (East Central),CLINTON,CLINTON,,N BLUFF BLVD & 4TH AVE N,Collision with:  Vehicle in traffic,On Roadway,"Angle, oncoming left turn",FTYROW:  Making left turn,None Indicated,,Daylight,Dry,Cloudy,None apparent,Intersection:  T-intersection,Paved,,Property Damage Only,0,0,0,0,0,0,10000,2,2,,POINT (-90.198047893799 41.849591299714)
2014821594,14014834,10/04/2014,10-October,7-Saturday,19:29,1900 Hours,District 6 (East Central),,CEDAR,,Co Rd F28/210TH & SOLON RD & PLATO RD,Collision with:  Animal,,,Animal,None Indicated,,,,,,,Paved,,Property Damage Only,0,0,0,0,0,0,4500,1,1,,POINT (-91.330206737766 41.786423602335)
2014819844,14020867,10/04/2014,10-October,7-Saturday,16:28,1600 Hours,District 6 (East Central),MARION,LINN,,E POST RD,Collision with fixed object:  Ditch,On Roadway,Non-collision (single vehicle),Ran off road - right,None Indicated,,Daylight,Dry,Cloudy,None apparent,Non-intersection:  Non-junction/no special feature,Paved,,Minor Injury,0,2,0,1,1,0,5000,1,3,,POINT (-91.599172314878 42.01235403655)
2014822633,14-085,10/04/2014,10-October,7-Saturday,12:55,1200 Hours,District 3 (Northwest),SIOUX CENTER,SIOUX,,9TH ST NE,Collision with:  Vehicle in traffic,On Roadway,"Sideswipe, same direction",FTYROW:  From driveway,None Indicated,,Daylight,Dry,Cloudy,None apparent,Non-intersection:  Driveway access (within),Paved,,Property Damage Only,0,0,0,0,0,0,3500,2,3,,POINT (-96.167049234759 43.086383017464)
2014820102,14-4949,10/04/2014,10-October,7-Saturday,16:31,1600 Hours,District 1 (Central),WEST DES MOINES,POLK,I-235,I-235 & 50TH ST,Collision with:  Vehicle in traffic,On Roadway,Broadside (front to side),Driver Distraction:  Passenger,None Indicated,,Daylight,Dry,Cloudy,None apparent,Intersection:  T-intersection,Paved,,Property Damage Only,0,0,0,0,0,0,7000,2,4,,POINT (-93.771215304672 41.592826507705)
2014819939,14-32934,10/04/2014,10-October,7-Saturday,11:44,1100 Hours,District 3 (Northwest),SIOUX CITY,WOODBURY,,FLOYD BLVD & TRINITY DR,Collision with:  Other non-fixed object (explain in narrative),Outside trafficway,Non-collision (single vehicle),Ran off road - right,None Indicated,,Daylight,Dry,Clear,None apparent,Intersection:  T-intersection,Paved,,Property Damage Only,0,0,0,0,0,0,3700,1,2,,POINT (-96.373585460748 42.529310031918)
2014819836,14150878,10/04/2014,10-October,7-Saturday,19:30,1900 Hours,District 6 (East Central),,JOHNSON,,Co Rd X14/WAPSI AVE,Collision with:  Other non-fixed object (explain in narrative),On Roadway,Non-collision (single vehicle),Equipment failure,None Indicated,,Dark - roadway not lighted,Dry,Cloudy,None apparent,Non-intersection:  Non-junction/no special feature,Paved,,Property Damage Only,0,0,0,0,0,0,2300,2,2,,POINT (-91.425767084401 41.474713302038)
2014820116,14-008914,10/04/2014,10-October,7-Saturday,10:49,1000 Hours,District 6 (East Central),INDEPENDENCE,BUCHANAN,,1ST ST W & 6TH AVE SW & 6TH AVE NW,Collision with:  Vehicle in traffic,On Roadway,Broadside (front to side),FTYROW:  From stop sign,None Indicated,,Daylight,Dry,Clear,None apparent,Intersection:  Four-way intersection,Paved,,Possible/Unknown,0,5,0,0,5,0,7000,2,5,,POINT (-91.90019960007 42.468632428399)
2014820001,CL14003534,10/04/2014,10-October,7-Saturday,16:22,1600 Hours,District 6 (East Central),CLINTON,CLINTON,,S 22ND ST,Collision with:  Vehicle in traffic,On Roadway,"Sideswipe, opposite direction",FTYROW:  Other (explain in narrative),None Indicated,,Daylight,Dry,Clear,None apparent,Non-intersection:  Non-junction/no special feature,Paved,,Property Damage Only,0,0,0,0,0,0,1800,2,3,,POINT (-90.23866447314 41.832483180572)
2014820024,2014-21717,10/04/2014,10-October,7-Saturday,18:05,1800 Hours,District 5 (Southeast),,WARREN,US 69,US 69 & TAFT ST,Collision with:  Animal,,,Animal,None Indicated,,,,,,,Paved,,Property Damage Only,0,0,0,0,0,0,5000,1,1,,POINT (-93.592082111303 41.216283423733)
2014820563,2014056895,10/04/2014,10-October,7-Saturday,14:13,1400 Hours,District 5 (Southeast),,MAHASKA,IA 146,IA 146/IOWA 146,Collision with:  Vehicle in traffic,On Roadway,Head-on (front to front),Crossed centerline (undivided),None Indicated,,Daylight,Dry,Cloudy,None apparent,Non-intersection:  Non-junction/no special feature,Paved,,Major Injury,0,3,3,0,0,0,29000,2,3,,POINT (-92.651633048484 41.503784984313)
2014820582,C14-0002685,10/04/2014,10-October,7-Saturday,11:45,1100 Hours,District 2 (Northeast),MARQUETTE,CLAYTON,US 18,US 18 & IA 76/IOWA 76/1ST ST,Collision with:  Vehicle in traffic,On Roadway,Rear-end (front to rear),Other (explain in narrative):  Other,None Indicated,,Daylight,Dry,Clear,None apparent,Non-intersection:  Other non-intersection (explain in narrative),Paved,,Property Damage Only,0,0,0,0,0,0,4000,2,5,,POINT (-91.178113569159 43.043877533928)
2014820160,W14-099435,10/04/2014,10-October,7-Saturday,13:55,1300 Hours,District 2 (Northeast),WATERLOO,BLACK HAWK,US 218,US 218/WASHINGTON ST,Collision with:  Vehicle in traffic,On Roadway,Rear-end (front to rear),Followed too close,None Indicated,,Daylight,Dry,Clear,None apparent,Non-intersection:  Non-junction/no special feature,Paved,,Possible/Unknown,0,3,0,0,3,0,11000,3,5,,POINT (-92.334778246296 42.488297355391)
2014819834,14150715,10/04/2014,10-October,7-Saturday,12:28,1200 Hours,District 6 (East Central),HILLS,JOHNSON,,MAIN ST,Collision with:  Vehicle in traffic,On Roadway,Unknown,Unknown,None Indicated,,Daylight,Dry,Cloudy,None apparent,Non-intersection:  Non-junction/no special feature,Paved,,Property Damage Only,0,0,0,0,0,0,2500,2,3,,POINT (-91.535401661267 41.55424407249)
2014820644,14017451,10/04/2014,10-October,7-Saturday,16:41,1600 Hours,District 2 (Northeast),MASON CITY,CERRO GORDO,US 65,US 65/N FEDERAL AVE,Collision with:  Vehicle in traffic,On Roadway,Rear-end (front to rear),Unknown,None Indicated,,Daylight,Dry,Cloudy,None apparent,Non-intersection:  Non-junction/no special feature,Paved,,Property Damage Only,0,0,0,0,0,0,1500,2,3,,POINT (-93.201025425454 43.173782924091)
2014819936,14-32918,10/04/2014,10-October,7-Saturday,09:24,0900 Hours,District 3 (Northwest),SIOUX CITY,WOODBURY,,W 7TH ST & 8TH ST & PEARL ST & GRANDVIEW BLVD,Collision with:  Vehicle in traffic,On Roadway,"Angle, oncoming left turn",FTYROW:  From stop sign,None Indicated,,Daylight,Dry,Clear,None apparent,Intersection:  Four-way intersection,Paved,,Possible/Unknown,0,1,0,0,1,0,2000,2,2,,POINT (-96.407943365552 42.498469489151)
2014821055,2014-70151,10/04/2014,10-October,7-Saturday,20:00,2000 Hours,District 6 (East Central),DAVENPORT,SCOTT,,W 46TH ST & RIPLEY ST,Collision with:  Vehicle in traffic,On Roadway,Broadside (front to side),Improper Backing,None Indicated,,Dark - roadway lighted,Dry,Clear,None apparent,Non-intersection:  Non-junction/no special feature,Paved,,Property Damage Only,0,0,0,0,0,0,4000,2,1,,POINT (-90.577912565261 41.567300284069)
2014824860,2014-1575,10/04/2014,10-October,7-Saturday,05:28,0500 Hours,District 1 (Central),SCRANTON,GREENE,,230TH,Collision with:  Animal,On Roadway,Non-collision (single vehicle),Animal,None Indicated,,Dark - roadway not lighted,Dry,Cloudy,None apparent,Non-intersection:  Non-junction/no special feature,Unpaved,,Property Damage Only,0,0,0,0,0,0,4000,1,1,,POINT (-94.585412393287 42.022786484498)
2014819894,20140029426,10/04/2014,10-October,7-Saturday,22:15,2200 Hours,District 1 (Central),DES MOINES,POLK,,UNIVERSITY AVE,Collision with:  Vehicle in traffic,On Roadway,"Sideswipe, same direction",Improper or erratic lane changing,None Indicated,,Dark - roadway lighted,Dry,Clear,Non-highway work,Non-intersection:  Non-junction/no special feature,Paved,,Property Damage Only,0,0,0,0,0,0,3500,2,4,,POINT (-93.698442625582 41.600407351119)
2014820723,20140003585,10/04/2014,10-October,7-Saturday,21:05,2100 Hours,District 6 (East Central),,LINN,IA 100,IA 100/COLLINS RD SE,Collision with:  Animal,,,Animal,None Indicated,,,,,,,Paved,,Property Damage Only,0,0,0,0,0,0,2000,1,1,,POINT (-91.553589086628 42.02007443351)
2014819963,2014011097,10/04/2014,10-October,7-Saturday,20:02,2000 Hours,District 6 (East Central),IOWA CITY,JOHNSON,US 6,US 6/S RIVERSIDE DR,Collision with:  Vehicle in traffic,On Roadway,Rear-end (front to rear),Improper Backing,None Indicated,,Dark - roadway lighted,Dry,Cloudy,None apparent,Non-intersection:  Non-junction/no special feature,Paved,,Property Damage Only,0,0,0,0,0,0,1550,2,3,,POINT (-91.541948586786 41.658168264765)
2014819839,201414791,10/04/2014,10-October,7-Saturday,05:18,0500 Hours,District 6 (East Central),CEDAR RAPIDS,LINN,I-380,I-380,Non-collision events:  Other non-collision (explain in narrative),Shoulder,Non-collision (single vehicle),"Operating vehicle in an reckless, erratic, careless, negligent manner",Alcohol (Statutory),,Dark - roadway not lighted,Wet,Rain,None apparent,"Interchange-related:  Off-ramp, diverge area",Paved,,Property Damage Only,0,0,0,0,0,0,11684,1,1,,POINT (-91.670220796627 41.924683793131)
2014819879,20140029382,10/04/2014,10-October,7-Saturday,23:30,2300 Hours,District 1 (Central),DES MOINES,POLK,,BENNETT AVE,Collision with:  Parked motor vehicle,On Roadway,Rear-end (front to rear),Unknown,None Indicated,,Dark - roadway lighted,Dry,Cloudy,None apparent,Non-intersection:  Non-junction/no special feature,Paved,,Property Damage Only,0,0,0,0,0,0,2000,2,1,,POINT (-93.650645626403 41.618161787699)
2014819800,14014136,10/04/2014,10-October,7-Saturday,15:55,1500 Hours,District 5 (Southeast),CENTERVILLE,APPANOOSE,,N 10TH ST,Collision with:  Parked motor vehicle,On Roadway,Broadside (front to side),Improper Backing,None Indicated,,Daylight,Dry,Clear,None apparent,Non-intersection:  Driveway access (within),Paved,,Property Damage Only,0,0,0,0,0,0,1500,2,2,,POINT (-92.876462618123 40.736184056714)
2014820120,14-042274,10/04/2014,10-October,7-Saturday,10:45,1000 Hours,District 4 (Southwest),COUNCIL BLUFFS,POTTAWATTAMIE,IA 192,IA 192/N 16TH ST & AVE E,Collision with:  Vehicle in traffic,On Roadway,Broadside (front to side),FTYROW:  From yield sign,None Indicated,,Daylight,Dry,Clear,None apparent,Intersection:  Four-way intersection,Paved,,Property Damage Only,0,0,0,0,0,0,2500,2,2,,POINT (-95.867504833775 41.266166842598)
2014820021,2014-038430,10/04/2014,10-October,7-Saturday,19:47,1900 Hours,District 6 (East Central),DUBUQUE,DUBUQUE,,PENNSYLVANIA AVE & JOHN F KENNEDY RD,Collision with fixed object:  Utility pole/light support,Shoulder,Non-collision (single vehicle),Ran off road - right,Alcohol (Statutory),,Dark - roadway lighted,Dry,Clear,None apparent,Intersection:  Four-way intersection,Paved,,Property Damage Only,0,0,0,0,0,0,1600,1,1,,POINT (-90.721250888193 42.500465654626)
2014820206,14-11637,10/04/2014,10-October,7-Saturday,10:08,1000 Hours,District 3 (Northwest),,SIOUX,IA 60,IA 60/IOWA 60 & 440TH ST,Collision with:  Animal,,,Animal,None Indicated,,,,,,,Paved,,Property Damage Only,0,0,0,0,0,0,1500,1,1,,POINT (-95.967815340995 43.012590928839)
2014820865,2014-006109,10/04/2014,10-October,7-Saturday,07:00,0700 Hours,District 6 (East Central),,BENTON,,56 ST DR,Collision with fixed object:  Ditch,On Roadway,Non-collision (single vehicle),Ran off road - right,None Indicated,,Daylight,"Mud, dirt",Clear,None apparent,Non-intersection:  Non-junction/no special feature,Unpaved,,Property Damage Only,0,0,0,0,0,0,1500,1,1,,POINT (-91.933699886259 42.202794968212)
2014819937,14-32929,10/04/2014,10-October,7-Saturday,11:10,1100 Hours,District 3 (Northwest),SIOUX CITY,WOODBURY,IA 12,IA 12/GORDON DR & VIRGINIA ST,Collision with:  Vehicle in traffic,On Roadway,"Sideswipe, same direction",Other (explain in narrative):  Other,None Indicated,,Daylight,Dry,Clear,Work Zone (roadway-related),Intersection:  Four-way intersection,Paved,Yes,Property Damage Only,0,0,0,0,0,0,6500,2,5,,POINT (-96.397799362247 42.48979355681)
2014820380,,10/04/2014,10-October,7-Saturday,19:30,1900 Hours,District 6 (East Central),CAMANCHE,CLINTON,US 67,US 67 & 37TH AVE,Collision with:  Animal,On Roadway,Non-collision (single vehicle),Animal,None Indicated,,Dark - roadway lighted,Dry,Clear,None apparent,Intersection:  T-intersection,Paved,,Property Damage Only,0,0,0,0,0,0,1500,1,2,,POINT (-90.295774874469 41.779357603799)
2014820180,14-004281,10/04/2014,10-October,7-Saturday,00:08,0000 Hours,District 1 (Central),ANKENY,POLK,,SW WESTVIEW DR,Collision with:  Parked motor vehicle,Outside trafficway,Rear-end (front to rear),Lost Control,Under Influence of Alcohol/Drugs/Medications,,Dark - roadway lighted,Dry,Clear,None apparent,Non-intersection:  Non-junction/no special feature,Paved,,Possible/Unknown,0,1,0,0,0,1,18500,2,1,,POINT (-93.619150132757 41.728555856538)
2014819827,14-35394,10/04/2014,10-October,7-Saturday,12:31,1200 Hours,District 5 (Southeast),,DES MOINES,US 61,US 61,Collision with:  Other non-fixed object (explain in narrative),On Roadway,Non-collision (single vehicle),Other (explain in narrative):  No improper action,None Indicated,,Daylight,Dry,Severe winds,None apparent,Non-intersection:  Non-junction/no special feature,Paved,,Property Damage Only,0,0,0,0,0,0,2000,2,5,,POINT (-91.170134832496 41.025845917284)
2014819878,20140029387,10/04/2014,10-October,7-Saturday,12:10,1200 Hours,District 1 (Central),DES MOINES,POLK,,AMOS AVE & SW 14TH ST,Collision with:  Vehicle in traffic,On Roadway,Broadside (front to side),FTYROW:  From stop sign,None Indicated,,Daylight,Dry,Clear,None apparent,Intersection:  Four-way intersection,Paved,,Property Damage Only,0,0,0,0,0,0,3500,2,2,,POINT (-93.635284611047 41.519302744782)
2014820377,,10/04/2014,10-October,7-Saturday,12:59,1200 Hours,District 2 (Northeast),GUTTENBERG,CLAYTON,,REGENT ST,,Shoulder,Non-collision (single vehicle),Ran off road - right,None Indicated,,Daylight,Dry,Clear,None apparent,Non-intersection:  Non-junction/no special feature,Paved,,Property Damage Only,0,0,0,0,0,0,1700,1,1,,POINT (-91.1030424898 42.787450755227)
2014821458,2014056926,10/04/2014,10-October,7-Saturday,19:40,1900 Hours,District 2 (Northeast),,WORTH,I-35,I-35,Collision with:  Animal,,,Animal,None Indicated,,,,,,,Paved,,Property Damage Only,0,0,0,0,0,0,2500,1,1,,POINT (-93.34926549752 43.268057152916)
2014819868,14-004289,10/04/2014,10-October,7-Saturday,14:00,1400 Hours,District 1 (Central),ANKENY,POLK,,SE NATIONAL DR & SE DELAWARE AVE,Collision with:  Vehicle in traffic,On Roadway,Rear-end (front to rear),Followed too close,None Indicated,,Daylight,Dry,Clear,None apparent,Non-intersection:  Driveway access (within),Paved,,Property Damage Only,0,0,0,0,0,0,2000,2,2,,POINT (-93.581278295871 41.704848944279)
2014819824,1410042621,10/04/2014,10-October,7-Saturday,19:15,1900 Hours,District 6 (East Central),,CLINTON,,235 AVE & 110 ST,Collision with:  Animal,,,Animal,None Indicated,,,,,,,Unpaved,,Property Damage Only,0,0,0,0,0,0,2000,1,1,,POINT (-90.645805472771 42.018207169979)
2014820025,2014-21730,10/04/2014,10-October,7-Saturday,20:51,2000 Hours,District 5 (Southeast),,WARREN,,Co Rd G64/SHAW ST,Collision with:  Animal,,,Animal,None Indicated,,,,,,,Paved,,Property Damage Only,0,0,0,0,0,0,5000,1,1,,POINT (-93.783363886114 41.227824001564)