Iowa DOT Case Number,Law Enforcement Case Number,Date of Crash,Month of Crash,Day of Week,Time of Crash,Hour,DOT District,City Name,County Name,Route with System,Location Description,First Harmful Event,Location of First Harmful Event,Manner of Crash/Collision,Major Cause,Drug or Alcohol ,Environmental Conditions,Light Conditions,Surface Conditions,Weather Conditions,Roadway Contribution,Roadway Type,Roadway Surface,Work Zone,Crash Severity,Number of Fatalities,Number of Injuries,Number of Major Injuries,Number of Minor Injuries,Number of Possible Injuries,Number of Unknown Injuries,Amount of Property Damage,Number of Vehicles Involved,Total Number of Occupants,Travel Direction,Location
2014819840,201414805,10/04/2014,10-October,7-Saturday,12:43,1200 Hours,District 6 (East Central),CEDAR RAPIDS,LINN,IA 922,IA 922/WILLIAMS BLVD & 10TH AVE SW,Collision with:  Vehicle in traffic,On Roadway,Rear-end (front to rear),Lost Control,None Indicated,,Daylight,Dry,Clear,None apparent,Non-intersection:  Non-junction/no special feature,Paved,,Property Damage Only,0,0,0,0,0,0,8000,2,3,,POINT (-91.703065760087 41.96728201537)
2014820564,2014056907,10/04/2014,10-October,7-Saturday,17:00,1700 Hours,District 5 (Southeast),,WARREN,I-35,I-35,Non-collision events:  Other non-collision (explain in narrative),On Roadway,Non-collision (single vehicle),Other (explain in narrative):  Other,None Indicated,,Daylight,Dry,Cloudy,Work Zone (roadway-related),Interchange-related:  Off-ramp,Paved,Yes,Property Damage Only,0,0,0,0,0,0,20000,1,2,,POINT (-93.78055973223 41.491944899868)
2014820173,14-024629,10/04/2014,10-October,7-Saturday,20:36,2000 Hours,District 5 (Southeast),,MARION,IA 5,IA 5/IOWA 5/SW RAMP CURVE,Collision with:  Animal,,,Animal,None Indicated,,,,,,,Paved,,Property Damage Only,0,0,0,0,0,0,3500,1,1,,POINT (-93.144280114952 41.32164728244)
2014820066,14-30900,10/04/2014,10-October,7-Saturday,12:30,1200 Hours,District 5 (Southeast),,LEE,,Co Rd J72/300 ST,Collision with:  Animal,,,Animal,None Indicated,,,,,,,Paved,,Property Damage Only,0,0,0,0,0,0,6000,1,1,,POINT (-91.508717544597 40.524170985666)
2014820019,2014-038420,10/04/2014,10-October,7-Saturday,14:20,1400 Hours,District 6 (East Central),DUBUQUE,DUBUQUE,US 52,US 52/CENTRAL AVE,Collision with:  Vehicle in traffic,On Roadway,Rear-end (front to rear),Lost Control,None Indicated,,Daylight,Dry,Cloudy,None apparent,Intersection:  Four-way intersection,Paved,,Property Damage Only,0,0,0,0,0,0,1500,2,3,,POINT (-90.671549336712 42.513919496751)
2014820608,2014-69989,10/04/2014,10-October,7-Saturday,00:48,0000 Hours,District 6 (East Central),DAVENPORT,SCOTT,,E 15TH ST,Collision with:  Parked motor vehicle,On Roadway,"Sideswipe, opposite direction",Unknown,None Indicated,,Dark - roadway lighted,Dry,Clear,None apparent,Non-intersection:  Non-junction/no special feature,Paved,,Property Damage Only,0,0,0,0,0,0,1500,2,1,,POINT (-90.569467277034 41.53505923551)
2014820319,14-013682,10/04/2014,10-October,7-Saturday,20:47,2000 Hours,District 2 (Northeast),MAYNARD,FAYETTE,,Co Rd W25/NEON RD,Collision with fixed object:  Ditch,On Roadway,Non-collision (single vehicle),Crossed centerline (undivided),Under Influence of Alcohol/Drugs/Medications,,Dark - roadway lighted,Dry,Clear,None apparent,Non-intersection:  Non-junction/no special feature,Paved,,Possible/Unknown,0,1,0,0,1,0,10000,1,2,,POINT (-91.877196998623 42.786169598271)
2014819881,20140029427,10/04/2014,10-October,7-Saturday,22:52,2200 Hours,District 1 (Central),DES MOINES,POLK,,E GRAND AVE & E 4TH ST,Collision with:  Vehicle in traffic,On Roadway,Head-on (front to front),FTYROW:  Making left turn,Alcohol (< Statutory),,Dark - roadway lighted,Dry,Clear,None apparent,Intersection:  Four-way intersection,Paved,,Possible/Unknown,0,3,0,0,3,0,14000,2,4,,POINT (-93.613052408179 41.590337921213)
2014819864,14-004292,10/04/2014,10-October,7-Saturday,17:01,1700 Hours,District 1 (Central),ANKENY,POLK,US 69,US 69/N ANKENY BLVD,Collision with:  Non-motorist (see non-motorist section - NOT a unit),On Roadway,Non-collision (single vehicle),Other (explain in narrative):  No improper action,None Indicated,,Daylight,Dry,Clear,None apparent,Intersection:  Four-way intersection,Paved,,Major Injury,0,2,2,0,0,0,5000,1,1,,POINT (-93.600332837824 41.734987652437)
2014819817,14-15358,10/05/2014,10-October,1-Sunday,21:53,2100 Hours,District 3 (Northwest),,CLAY,US 18,US 18,Collision with:  Animal,,,Animal,None Indicated,,,,,,,Paved,,Property Damage Only,0,0,0,0,0,0,1500,1,1,,POINT (-95.031666275051 43.126860375024)
2014820341,201400049136,10/05/2014,10-October,1-Sunday,17:39,1700 Hours,District 5 (Southeast),OTTUMWA,WAPELLO,IA 149,IA 149/WAPELLO ST VIADUCT,Collision with:  Vehicle in traffic,On Roadway,Rear-end (front to rear),Followed too close,None Indicated,,Daylight,Dry,Clear,Other (explain in narrative),Non-intersection:  Other non-intersection (explain in narrative),Paved,,Property Damage Only,0,0,0,0,0,0,3000,3,11,,POINT (-92.419315928268 41.018336799485)
2014820129,1005164514,10/05/2014,10-October,1-Sunday,16:45,1600 Hours,District 4 (Southwest),MOUNT AYR,RINGGOLD,US 169,US 169/E SOUTH ST & S LINCOLN ST,Collision with:  Vehicle in traffic,On Roadway,Broadside (front to side),FTYROW:  From stop sign,None Indicated,,Daylight,Dry,Clear,None apparent,Intersection:  T-intersection,Paved,,Major Injury,0,3,1,0,0,2,3500,2,5,,POINT (-94.231971360503 40.711081928316)
2014820096,10-14-011,10/05/2014,10-October,1-Sunday,10:30,1000 Hours,District 3 (Northwest),LE MARS,PLYMOUTH,,2ND ST SW & 1ST AVE SW,Non-collision events:  Other non-collision (explain in narrative),On Roadway,Non-collision (single vehicle),Lost Control,None Indicated,,Daylight,Dry,Clear,None apparent,Non-intersection:  Railroad grade crossing,Paved,,Minor Injury,0,1,0,1,0,0,500,1,1,,POINT (-96.167780991609 42.790611389447)
2014820346,20143645,10/05/2014,10-October,1-Sunday,19:30,1900 Hours,District 1 (Central),,GRUNDY,,Co Rd T25/J AVE,Collision with:  Animal,,,Animal,None Indicated,,,,,,,Paved,,Property Damage Only,0,0,0,0,0,0,1500,1,1,,POINT (-92.849578532541 42.518029373307)
2014820256,14-008762,10/05/2014,10-October,1-Sunday,09:13,0900 Hours,District 4 (Southwest),ATLANTIC,CASS,,OLIVE ST,Collision with:  Vehicle in traffic,On Roadway,Rear-end (front to rear),Lost Control,None Indicated,,Daylight,Dry,Clear,None apparent,Non-intersection:  Non-junction/no special feature,Paved,,Property Damage Only,0,0,0,0,0,0,10200,3,2,,POINT (-95.00327291233 41.405450771632)
2014819944,14-33040,10/05/2014,10-October,1-Sunday,03:00,0300 Hours,District 3 (Northwest),SIOUX CITY,WOODBURY,,GARRETSON AVE,Collision with:  Parked motor vehicle,On Roadway,"Sideswipe, opposite direction",Unknown,None Indicated,,Dark - roadway lighted,Dry,Cloudy,None apparent,Non-intersection:  Non-junction/no special feature,Paved,,Property Damage Only,0,0,0,0,0,0,2000,2,1,,POINT (-96.352037295032 42.472656334876)
2014820521,S14-099590,10/05/2014,10-October,1-Sunday,00:13,0000 Hours,District 2 (Northeast),CEDAR FALLS,BLACK HAWK,US 218,US 218,Collision with:  Animal,,,Animal,None Indicated,,,,,,,Paved,,Property Damage Only,0,0,0,0,0,0,3500,1,1,,POINT (-92.439631957307 42.602582854421)
2014821511,14001155,10/05/2014,10-October,1-Sunday,20:36,2000 Hours,District 1 (Central),,STORY,,Co Rd E26/CAMERON SCHOOL RD,Collision with fixed object:  Ditch,,,Swerving/Evasive Action,None Indicated,,,,,,,Paved,,Property Damage Only,0,0,0,0,0,0,5500,1,2,,POINT (-93.679434411792 42.070643083871)
2014819984,14019386,10/05/2014,10-October,1-Sunday,12:41,1200 Hours,District 2 (Northeast),,BREMER,,Co Rd T76/130TH ST/CASPER AVE,Non-collision events:  Overturn/rollover,On Roadway,Non-collision (single vehicle),Swerving/Evasive Action,None Indicated,,Daylight,Dry,"Fog, smoke, smog",None apparent,Intersection:  T-intersection,Unpaved,,Possible/Unknown,0,1,0,0,1,0,5000,1,1,,POINT (-92.510065089269 42.862119606965)
2014819874,20140029468,10/05/2014,10-October,1-Sunday,12:00,1200 Hours,District 1 (Central),DES MOINES,POLK,I-235,I-235,Collision with:  Vehicle in traffic,On Roadway,Rear-end (front to rear),Followed too close,None Indicated,,Daylight,Dry,Cloudy,None apparent,Non-intersection:  Non-junction/no special feature,Paved,,Property Damage Only,0,0,0,0,0,0,14000,2,3,,POINT (-93.658324940186 41.593105026291)
2014821722,14V10020,10/05/2014,10-October,1-Sunday,02:09,0200 Hours,District 6 (East Central),VINTON,BENTON,IA 150,IA 150/S C AVE,Collision with fixed object:  Utility pole/light support,On Roadway,Non-collision (single vehicle),Ran off road - right,None Indicated,,Dark - roadway lighted,Dry,Clear,None apparent,Non-intersection:  Non-junction/no special feature,Paved,,Possible/Unknown,0,1,0,0,1,0,7038,1,1,,POINT (-92.027856284638 42.163968097495)
2014820516,2014-70379,10/05/2014,10-October,1-Sunday,22:29,2200 Hours,District 6 (East Central),DAVENPORT,SCOTT,,PERSHING AVE,Collision with:  Parked motor vehicle,On Roadway,Rear-end (front to rear),Lost Control,None Indicated,,Dark - roadway lighted,Dry,Clear,None apparent,Non-intersection:  Non-junction/no special feature,Paved,,Property Damage Only,0,0,0,0,0,0,9000,2,1,,POINT (-90.571161244494 41.523746962349)
2014820569,2014057029,10/05/2014,10-October,1-Sunday,18:00,1800 Hours,District 4 (Southwest),,MILLS,I-29,I-29,Non-collision events:  Overturn/rollover,Median,Non-collision (single vehicle),Swerving/Evasive Action,None Indicated,,Daylight,Dry,Cloudy,None apparent,Non-intersection:  Non-junction/no special feature,Paved,,Minor Injury,0,1,0,1,0,0,3500,1,4,,POINT (-95.815396689921 41.028636727683)
2014821185,2014-0421,10/05/2014,10-October,1-Sunday,21:59,2100 Hours,District 5 (Southeast),NORWALK,WARREN,,CO LINE RD,Collision with:  Animal,On Roadway,Non-collision (single vehicle),Animal,None Indicated,,Dark - roadway not lighted,Dry,Clear,None apparent,Non-intersection:  Non-junction/no special feature,Paved,,Property Damage Only,0,0,0,0,0,0,2000,1,1,,POINT (-93.669438493471 41.512038232447)
2014819858,14-004302,10/05/2014,10-October,1-Sunday,13:05,1300 Hours,District 1 (Central),ANKENY,POLK,,NE 54TH AVE & NE 29TH ST,Collision with:  Vehicle in traffic,On Roadway,Broadside (front to side),Ran Stop Sign,None Indicated,,Daylight,Dry,Clear,None apparent,Intersection:  Four-way intersection,Paved,,Property Damage Only,0,0,0,0,0,0,4500,2,3,,POINT (-93.561055518584 41.658472727041)
2014826320,,10/05/2014,10-October,1-Sunday,00:11,0000 Hours,District 2 (Northeast),HAMPTON,FRANKLIN,,6TH AVE NE & 2ND ST NE,Collision with:  Parked motor vehicle,Outside trafficway,"Sideswipe, opposite direction",Downhill runaway,None Indicated,,Dark - unknown roadway lighting,Dry,Unknown,None apparent,Intersection:  Four-way intersection,Paved,,Property Damage Only,0,0,0,0,0,0,4000,2,1,,POINT (-93.204932599633 42.747337175835)
2014820542,201056961,10/05/2014,10-October,1-Sunday,07:00,0700 Hours,District 6 (East Central),,JOHNSON,,Co Rd F20/AMANA RD & Co Rd W60/HWY 965 NW,Collision with:  Animal,,,Animal,None Indicated,,,,,,,Paved,,Property Damage Only,0,0,0,0,0,0,4000,1,1,,POINT (-91.666200726069 41.814180187123)
2014820347,SA1408416,10/05/2014,10-October,1-Sunday,12:57,1200 Hours,District 5 (Southeast),,WASHINGTON,,NUTMEG AVE,Non-collision events:  Overturn/rollover,Outside trafficway,Non-collision (single vehicle),Driving too fast for conditions,None Indicated,,Daylight,"Mud, dirt",Cloudy,None apparent,Non-intersection:  Non-junction/no special feature,Unpaved,,Possible/Unknown,0,1,0,0,1,0,8000,1,2,,POINT (-91.692641206519 41.322761690197)
2014821567,,10/05/2014,10-October,1-Sunday,14:09,1400 Hours,District 4 (Southwest),,ADAIR,,JORDAN AVE & 320TH ST,Collision with:  Vehicle in traffic,On Roadway,Broadside (front to side),FTYROW:  From stop sign,None Indicated,,Daylight,"Mud, dirt",Cloudy,None apparent,Intersection:  Four-way intersection,Unpaved,,Minor Injury,0,3,0,2,1,0,7000,2,4,,POINT (-94.527880446663 41.186627347315)
2014820232,147883PD,10/05/2014,10-October,1-Sunday,12:14,1200 Hours,District 1 (Central),BOONE,BOONE,US 30,US 30/220TH ST & S LINN ST,Collision with:  Vehicle in traffic,On Roadway,Broadside (front to side),FTYROW:  From stop sign,None Indicated,,Daylight,Dry,Clear,None apparent,Intersection:  Four-way intersection,Paved,,Minor Injury,0,3,0,3,0,0,12000,2,8,,POINT (-93.873665812316 42.034608807028)
2014820091,14-042473,10/05/2014,10-October,1-Sunday,15:40,1500 Hours,District 4 (Southwest),COUNCIL BLUFFS,POTTAWATTAMIE,US 6,US 6/W BROADWAY,Collision with:  Vehicle in traffic,On Roadway,Rear-end (front to rear),Followed too close,None Indicated,,Daylight,Dry,Cloudy,None apparent,Non-intersection:  Non-junction/no special feature,Paved,,Property Damage Only,0,0,0,0,0,0,2000,2,2,,POINT (-95.902885534445 41.261875080726)
2014819865,14-004306,10/05/2014,10-October,1-Sunday,16:51,1600 Hours,District 1 (Central),ANKENY,POLK,,SE HULSIZER DR,Collision with:  Vehicle in traffic,On Roadway,"Sideswipe, opposite direction",Unknown,None Indicated,,Daylight,Dry,Cloudy,None apparent,Non-intersection:  Non-junction/no special feature,Paved,,Possible/Unknown,0,1,0,0,1,0,14000,2,3,,POINT (-93.586020859965 41.7029693981)
2014820048,201400003597,10/05/2014,10-October,1-Sunday,22:30,2200 Hours,District 6 (East Central),,LINN,I-380,I-380,Collision with:  Animal,,,Animal,None Indicated,,,,,,,Paved,,Property Damage Only,0,0,0,0,0,0,1500,1,1,,POINT (-91.706376675318 42.108232992294)
2014820002,CL14003539,10/05/2014,10-October,1-Sunday,10:15,1000 Hours,District 6 (East Central),CLINTON,CLINTON,,N 3RD ST,Collision with:  Vehicle in traffic,On Roadway,Broadside (front to side),FTYROW:  From stop sign,None Indicated,,Daylight,Dry,Clear,None apparent,Intersection:  Four-way intersection,Paved,,Property Damage Only,0,0,0,0,0,0,1800,2,2,,POINT (-90.185065599663 41.865465830917)
2014820504,14099714,10/05/2014,10-October,1-Sunday,00:00,0000 Hours,District 2 (Northeast),CEDAR FALLS,BLACK HAWK,,22ND ST,Collision with fixed object:  Utility pole/light support,On Roadway,Non-collision (single vehicle),Ran off road - left,None Indicated,,Unknown,Unknown,Clear,None apparent,Non-intersection:  Non-junction/no special feature,Paved,,Property Damage Only,0,0,0,0,0,0,1500,1,1,,POINT (-92.459149994642 42.517806467088)
2014819811,140114865,10/05/2014,10-October,1-Sunday,08:53,0800 Hours,District 6 (East Central),,CEDAR,US 30,US 30,Collision with:  Animal,,,Animal,None Indicated,,,,,,,Paved,,Property Damage Only,0,0,0,0,0,0,3000,1,1,,POINT (-90.947671158515 41.863803125673)
2014819884,20140029456,10/05/2014,10-October,1-Sunday,04:00,0400 Hours,District 1 (Central),DES MOINES,POLK,,LOCUST ST,Collision with:  Parked motor vehicle,On Roadway,Rear-end (front to rear),Driver Distraction:  Inattentive/lost in thought,None Indicated,,Dark - roadway lighted,Dry,Clear,None apparent,Non-intersection:  Non-junction/no special feature,Paved,,Property Damage Only,0,0,0,0,0,0,4000,2,777,,POINT (-93.635216944617 41.584651116521)
2014820022,2014-038444,10/05/2014,10-October,1-Sunday,12:17,1200 Hours,District 6 (East Central),DUBUQUE,DUBUQUE,,CRESCENT RDG,Collision with:  Vehicle in traffic,On Roadway,"Sideswipe, same direction",Made improper turn,None Indicated,,Daylight,Dry,Cloudy,None apparent,Non-intersection:  Non-junction/no special feature,Paved,,Property Damage Only,0,0,0,0,0,0,3800,2,2,,POINT (-90.727179874351 42.488309281905)
2014819804,W14-099720,10/05/2014,10-October,1-Sunday,12:32,1200 Hours,District 2 (Northeast),WATERLOO,BLACK HAWK,,NEWELL ST & MOBILE ST,Collision with:  Vehicle in traffic,On Roadway,Head-on (front to front),Unknown,None Indicated,,Daylight,Dry,Cloudy,None apparent,Intersection:  Four-way intersection,Paved,,Possible/Unknown,0,1,0,0,1,0,1500,2,3,,POINT (-92.322843255415 42.512930431016)
2014820750,2014056976,10/05/2014,10-October,1-Sunday,11:00,1100 Hours,District 6 (East Central),DE WITT,CLINTON,US 30,US 30/RAMP/11TH ST,Collision with:  Animal,,,Animal,None Indicated,,,,,,,Paved,,Property Damage Only,0,0,0,0,0,0,5000,1,1,,POINT (-90.566713005318 41.825658630249)
2014820312,2014-70296,10/05/2014,10-October,1-Sunday,13:58,1300 Hours,District 6 (East Central),DAVENPORT,SCOTT,,N DIVISION ST,Collision with:  Vehicle in traffic,On Roadway,Rear-end (front to rear),Followed too close,None Indicated,,Daylight,Dry,Cloudy,None apparent,Non-intersection:  Non-junction/no special feature,Paved,,Property Damage Only,0,0,0,0,0,0,4000,2,2,,POINT (-90.597997556636 41.601333618262)
2014821227,2014056946,10/05/2014,10-October,1-Sunday,02:08,0200 Hours,District 1 (Central),COLFAX,JASPER,I-80,I-80,Collision with:  Animal,,,Animal,None Indicated,,,,,,,Paved,,Property Damage Only,0,0,0,0,0,0,8000,1,1,,POINT (-93.252363731076 41.690936979099)
2014819866,14-004309,10/05/2014,10-October,1-Sunday,19:37,1900 Hours,District 1 (Central),ANKENY,POLK,,SE NATIONAL DR & SE DELAWARE AVE,Collision with:  Vehicle in traffic,On Roadway,"Angle, oncoming left turn",FTYROW:  Making left turn,None Indicated,,Dark - roadway lighted,Dry,Cloudy,None apparent,Intersection:  Four-way intersection,Paved,,Possible/Unknown,0,1,0,0,1,0,5500,2,2,,POINT (-93.581278295871 41.704848944279)
2014820568,2014057014,10/05/2014,10-October,1-Sunday,16:15,1600 Hours,District 5 (Southeast),LIBERTYVILLE,JEFFERSON,,W MAPLE ST & E MAPLE ST & S MAIN ST,Collision with:  Vehicle in traffic,On Roadway,"Angle, oncoming left turn",FTYROW:  From stop sign,None Indicated,,Daylight,Dry,Cloudy,None apparent,Intersection:  Four-way intersection,Paved,,Possible/Unknown,0,1,0,0,1,0,1500,2,7,,POINT (-92.051395263741 40.95737943083)
2014821934,14-7885PD,10/05/2014,10-October,1-Sunday,14:53,1400 Hours,District 1 (Central),BOONE,BOONE,,W MAMIE EISENHOWER AVE & S DIVISION ST,Collision with:  Vehicle in traffic,On Roadway,Broadside (front to side),FTYROW:  From stop sign,None Indicated,,Daylight,Dry,Clear,None apparent,Intersection:  Four-way intersection,Paved,,Possible/Unknown,0,1,0,0,1,0,10000,2,2,,POINT (-93.893075846194 42.05931729623)
2014819876,20140029475,10/05/2014,10-October,1-Sunday,13:05,1300 Hours,District 1 (Central),DES MOINES,POLK,I-235,I-235,Collision with:  Vehicle in traffic,On Roadway,Rear-end (front to rear),Followed too close,None Indicated,,Daylight,Dry,Clear,None apparent,Non-intersection:  Non-junction/no special feature,Paved,,Possible/Unknown,0,2,0,0,2,0,11000,2,2,,POINT (-93.663844845826 41.593163357084)
2014821811,,10/05/2014,10-October,1-Sunday,11:04,1100 Hours,District 5 (Southeast),WAPELLO,LOUISA,,LOCUST ST & ROY EL RD,Non-collision events:  Other non-collision (explain in narrative),On Roadway,Non-collision (single vehicle),Equipment failure,None Indicated,,Daylight,Dry,Clear,None apparent,Non-intersection:  Non-junction/no special feature,Paved,,Property Damage Only,0,0,0,0,0,0,6500,2,3,,POINT (-91.192223774805 41.171232831021)
2014820101,14-35529,10/05/2014,10-October,1-Sunday,13:58,1300 Hours,District 5 (Southeast),BURLINGTON,DES MOINES,,LEWIS ST & MAIN ST,Collision with:  Vehicle in traffic,On Roadway,Head-on (front to front),Crossed centerline (undivided),None Indicated,,Daylight,Dry,Cloudy,None apparent,Non-intersection:  Non-junction/no special feature,Paved,,Minor Injury,0,3,0,2,1,0,27000,2,4,,POINT (-91.098628706697 40.795010665587)
2014820727,201403589,10/05/2014,10-October,1-Sunday,02:00,0200 Hours,District 6 (East Central),,LINN,,OLD BRIDGE RD,Collision with fixed object:  Ditch,Roadside,Non-collision (single vehicle),Ran off road - left,Under Influence of Alcohol/Drugs/Medications,,Dark - roadway not lighted,"Mud, dirt",Cloudy,None apparent,Non-intersection:  Non-junction/no special feature,Unpaved,,Property Damage Only,0,0,0,0,0,0,8000,1,1,,POINT (-91.730585374111 41.92329560755)
2014821527,CL14003542,10/05/2014,10-October,1-Sunday,16:56,1600 Hours,District 6 (East Central),CLINTON,CLINTON,,23RD AVE N & N 3RD ST,Collision with:  Vehicle in traffic,On Roadway,Broadside (front to side),Ran off road - left,None Indicated,,Daylight,Dry,Cloudy,None apparent,Intersection:  Four-way intersection,Paved,,Minor Injury,0,1,0,1,0,0,16600,4,1,,POINT (-90.183743775098 41.871422172564)
2014819899,20140029473,10/05/2014,10-October,1-Sunday,12:41,1200 Hours,District 1 (Central),DES MOINES,POLK,I-235,I-235,Collision with fixed object:  Concrete traffic barrier (median or right side),On Roadway,Non-collision (single vehicle),Swerving/Evasive Action,None Indicated,,Daylight,Dry,Cloudy,None apparent,Non-intersection:  Non-junction/no special feature,Paved,,Property Damage Only,0,0,0,0,0,0,4000,1,3,,POINT (-93.667492451623 41.593169259778)
2014820571,2014057054,10/05/2014,10-October,1-Sunday,23:40,2300 Hours,District 3 (Northwest),,CARROLL,US 71,US 71 & 260TH ST,Collision with:  Animal,,,Animal,None Indicated,,,,,,,Paved,,Property Damage Only,0,0,0,0,0,0,3150,1,1,,POINT (-94.879509239102 41.978854376583)
2014819812,14014870,10/05/2014,10-October,1-Sunday,10:35,1000 Hours,District 6 (East Central),,CEDAR,IA 130,IA 130/IOWA 130 & Co Rd Y14/HOOVER HWY,Collision with fixed object:  Ditch,On Roadway,Non-collision (single vehicle),Ran Stop Sign,None Indicated,,Daylight,Dry,Cloudy,None apparent,Unknown,Paved,,Possible/Unknown,0,1,0,0,1,0,2500,1,2,,POINT (-90.976973047827 41.771242873459)
2014826655,,10/05/2014,10-October,1-Sunday,22:00,2200 Hours,District 2 (Northeast),,WINNESHIEK,,MADISON RD,Non-collision events:  Overturn/rollover,On Roadway,Non-collision (single vehicle),Swerving/Evasive Action,Under Influence of Alcohol/Drugs/Medications,,Dark - roadway not lighted,Dry,Cloudy,None apparent,Non-intersection:  Non-junction/no special feature,Unpaved,,Major Injury,0,1,1,0,0,0,12000,1,2,,POINT (-92.051852852409 43.313546548073)
2014820054,14-008756,10/05/2014,10-October,1-Sunday,01:38,0100 Hours,District 4 (Southwest),,CASS,,OSAGE RD,Collision with fixed object:  Ditch,Outside trafficway,Non-collision (single vehicle),"Operating vehicle in an reckless, erratic, careless, negligent manner",Alcohol (Statutory),,Dark - roadway not lighted,"Mud, dirt",Clear,None apparent,Non-intersection:  Non-junction/no special feature,Unpaved,,Minor Injury,0,1,0,1,0,0,10250,1,1,,POINT (-95.147732600188 41.292221412599)
2014820175,1400000867,10/05/2014,10-October,1-Sunday,01:02,0100 Hours,District 1 (Central),MARSHALLTOWN,MARSHALL,,Co Rd E29/SUMMIT RD & VALLEY VIEW RD & SUMMIT ST,Collision with fixed object:  Ditch,On Roadway,Non-collision (single vehicle),Crossed centerline (undivided),Refused,,Dark - roadway not lighted,Dry,Clear,None apparent,Non-intersection:  Non-junction/no special feature,Paved,,Property Damage Only,0,0,0,0,0,0,10000,1,2,,POINT (-92.956422625455 42.052615421084)
2014820496,14-012153,10/05/2014,10-October,1-Sunday,03:21,0300 Hours,District 1 (Central),,TAMA,US 30,US 30,Collision with:  Animal,,,Animal,None Indicated,,,,,,,Paved,,Property Damage Only,0,0,0,0,0,0,7500,1,2,,POINT (-92.393214057973 41.963979892925)
2014820570,2014057039,10/05/2014,10-October,1-Sunday,20:20,2000 Hours,District 3 (Northwest),,BUENA VISTA,IA 3,IA 3/530TH ST,Collision with:  Animal,,,Animal,None Indicated,,,,,,,Paved,,Property Damage Only,0,0,0,0,0,0,2500,1,1,,POINT (-95.377105527679 42.748752569406)
2014821228,2014056956,10/05/2014,10-October,1-Sunday,07:00,0700 Hours,District 1 (Central),,STORY,I-35,I-35,Collision with:  Animal,On Roadway,Non-collision (single vehicle),Animal,None Indicated,,Dawn,Dry,Cloudy,None apparent,Non-intersection:  Non-junction/no special feature,Paved,,Property Damage Only,0,0,0,0,0,0,1500,1,1,,POINT (-93.570810295419 41.905656735817)
2014821566,,10/05/2014,10-October,1-Sunday,11:37,1100 Hours,District 2 (Northeast),NEW HAMPTON,CHICKASAW,IA 24,IA 24/200TH & KLENSKE AVE,Collision with:  Vehicle in traffic,On Roadway,"Angle, oncoming left turn",FTYROW:  From stop sign,None Indicated,,Daylight,Dry,Clear,None apparent,Intersection:  T-intersection,Paved,,Property Damage Only,0,0,0,0,0,0,4000,2,3,,POINT (-92.328960158552 43.066967979938)
2014820785,201414863,10/05/2014,10-October,1-Sunday,15:17,1500 Hours,District 6 (East Central),CEDAR RAPIDS,LINN,IA 922,IA 922/1ST AVE E & 16TH ST NE,Collision with:  Vehicle in traffic,On Roadway,"Sideswipe, same direction",Lost Control,None Indicated,,Daylight,Dry,Cloudy,None apparent,Intersection:  T-intersection,Paved,,Property Damage Only,0,0,0,0,0,0,5000,2,2,,POINT (-91.650297870447 41.989270834288)
2014822084,14008760,10/05/2014,10-October,1-Sunday,03:34,0300 Hours,District 4 (Southwest),,CASS,US 71,US 71/630TH ST & WITCHITA RD,Collision with:  Animal,On Roadway,Non-collision (single vehicle),Animal,None Indicated,,Dark - roadway not lighted,Dry,Clear,None apparent,Intersection:  Four-way intersection,Paved,,Property Damage Only,0,0,0,0,0,0,11000,1,1,,POINT (-94.985058014983 41.187462307365)
2014821459,2014056957,10/05/2014,10-October,1-Sunday,06:30,0600 Hours,District 2 (Northeast),CLEAR LAKE,CERRO GORDO,I-35,I-35 & Co Rd B20/300TH ST,Collision with:  Animal,On Roadway,Non-collision (single vehicle),Animal,None Indicated,,Dawn,Dry,Clear,None apparent,Non-intersection:  Other non-intersection (explain in narrative),Paved,,Property Damage Only,0,0,0,0,0,0,13510,1,1,,POINT (-93.349263838399 43.198756899707)
2014820041,14-017099,10/05/2014,10-October,1-Sunday,16:59,1600 Hours,District 5 (Southeast),,HENRY,IA 438,IA 438/OLD HWY 218,Collision with fixed object:  Ditch,On Roadway,Non-collision (single vehicle),Ran off road - right,None Indicated,,Daylight,Dry,Clear,Ruts/holes/bumps,Non-intersection:  Non-junction/no special feature,Paved,,Property Damage Only,0,0,0,0,0,0,1500,1,4,,POINT (-91.54488718532 40.992472189337)
2014820490,14-004687,10/05/2014,10-October,1-Sunday,20:11,2000 Hours,District 1 (Central),AMES,STORY,,UNIVERSITY BLVD & S 4TH ST,Collision with:  Vehicle in traffic,On Roadway,"Angle, oncoming left turn",FTYROW:  Making left turn,None Indicated,,Dark - roadway lighted,Dry,Clear,None apparent,Intersection:  Four-way intersection,Paved,,Minor Injury,0,2,0,1,1,0,4100,2,3,,POINT (-93.632283833913 42.016287872545)
2014835162,14005726,10/05/2014,10-October,1-Sunday,02:00,0200 Hours,District 2 (Northeast),BRITT,HANCOCK,,KENT AVE,Collision with fixed object:  Ditch,On Roadway,Non-collision (single vehicle),Ran off road - right,None Indicated,,Dark - roadway not lighted,Dry,Cloudy,None apparent,Non-intersection:  Non-junction/no special feature,Unpaved,,Property Damage Only,0,0,0,0,0,0,4864,1,1,,POINT (-93.773639137377 43.149579328014)
2014819877,20140029476,10/05/2014,10-October,1-Sunday,12:42,1200 Hours,District 1 (Central),DES MOINES,POLK,,EASTON BLVD & WAYNE ST,Collision with:  Vehicle in traffic,On Roadway,Rear-end (front to rear),Driver Distraction:  Manual operation of an electronic communication device,Alcohol (< Statutory),,Daylight,Dry,Cloudy,None apparent,Intersection:  T-intersection,Paved,,Possible/Unknown,0,1,0,0,1,0,5000,2,3,,POINT (-93.583398851228 41.602940231368)