Iowa DOT Case Number,Law Enforcement Case Number,Date of Crash,Month of Crash,Day of Week,Time of Crash,Hour,DOT District,City Name,County Name,Route with System,Location Description,First Harmful Event,Location of First Harmful Event,Manner of Crash/Collision,Major Cause,Drug or Alcohol ,Environmental Conditions,Light Conditions,Surface Conditions,Weather Conditions,Roadway Contribution,Roadway Type,Roadway Surface,Work Zone,Crash Severity,Number of Fatalities,Number of Injuries,Number of Major Injuries,Number of Minor Injuries,Number of Possible Injuries,Number of Unknown Injuries,Amount of Property Damage,Number of Vehicles Involved,Total Number of Occupants,Travel Direction,Location
2014820185,20140029496,10/05/2014,10-October,1-Sunday,19:13,1900 Hours,District 1 (Central),DES MOINES,POLK,,HUBBELL AVE,Non-collision events:  Other non-collision (explain in narrative),On Roadway,Non-collision (single vehicle),Exceeded authorized speed,None Indicated,,Dark - roadway lighted,Dry,Clear,None apparent,Non-intersection:  Non-junction/no special feature,Paved,,Property Damage Only,0,0,0,0,0,0,8000,1,2,,POINT (-93.564128449345 41.618339686112)
2014819875,20140029474,10/05/2014,10-October,1-Sunday,12:27,1200 Hours,District 1 (Central),DES MOINES,POLK,,PARK AVE & SW 14TH ST,Collision with:  Vehicle in traffic,On Roadway,Broadside (front to side),FTYROW:  From stop sign,None Indicated,,Daylight,Dry,Cloudy,None apparent,Intersection:  Four-way intersection,Paved,,Possible/Unknown,0,2,0,0,2,0,5700,2,5,,POINT (-93.635338647586 41.55544885209)
2014821460,2014057038,10/05/2014,10-October,1-Sunday,20:09,2000 Hours,District 1 (Central),NEWTON,JASPER,I-80,I-80,Collision with:  Vehicle in traffic,On Roadway,Broadside (front to side),Crossed centerline (undivided),None Indicated,,Dark - roadway not lighted,Dry,Clear,None apparent,Non-intersection:  Non-junction/no special feature,Paved,,Property Damage Only,0,0,0,0,0,0,3500,3,5,,POINT (-93.050248455959 41.683736135228)
2014820344,201404675,10/05/2014,10-October,1-Sunday,21:30,2100 Hours,District 1 (Central),FRASER,BOONE,,JUNIPER RD,Collision with:  Animal,,,Animal,None Indicated,,,,,,,Unpaved,,Property Damage Only,0,0,0,0,0,0,3000,1,1,,POINT (-93.977392649191 42.125097307686)
2014832011,1410052228,10/05/2014,10-October,1-Sunday,22:28,2200 Hours,District 6 (East Central),,JONES,IA 38,IA 38/IOWA 38,Collision with fixed object:  Ditch,,,Unknown,Alcohol (Statutory),,,,,,,Paved,,Property Damage Only,0,0,0,0,0,0,12500,1,1,,POINT (-91.195238095209 42.264887538439)
2014820348,14-1447,10/05/2014,10-October,1-Sunday,06:00,0600 Hours,District 3 (Northwest),ORLEANS,DICKINSON,,Co Rd M56/140TH ST/255TH AVE,Collision with fixed object:  Ditch,On Roadway,Non-collision (single vehicle),Ran off road - straight,None Indicated,,Dark - roadway not lighted,Dry,Cloudy,None apparent,Non-intersection:  Non-junction/no special feature,Paved,,Property Damage Only,0,0,0,0,0,0,2500,1,4,,POINT (-95.082321892318 43.446699593476)
2014820680,14-33013,10/05/2014,10-October,1-Sunday,04:13,0400 Hours,District 3 (Northwest),SIOUX CITY,WOODBURY,,W 6TH ST,Collision with:  Parked motor vehicle,On Roadway,Rear-end (front to rear),Ran off road - left,Alcohol (Statutory),,Dark - roadway lighted,Dry,Clear,None apparent,Non-intersection:  Non-junction/no special feature,Paved,,Property Damage Only,0,0,0,0,0,0,4700,2,1,,POINT (-96.412464847248 42.499046145106)
2014820233,147890PD,10/05/2014,10-October,1-Sunday,19:55,1900 Hours,District 1 (Central),BOONE,BOONE,,S LINN ST,Collision with:  Vehicle in traffic,On Roadway,"Angle, oncoming left turn",FTYROW:  From driveway,None Indicated,,Dark - roadway lighted,Dry,Clear,None apparent,Non-intersection:  Driveway access (within),Paved,,Property Damage Only,0,0,0,0,0,0,6000,2,3,,POINT (-93.873629333058 42.035473709325)
2014820866,2014-006121,10/05/2014,10-October,1-Sunday,05:34,0500 Hours,District 6 (East Central),,BENTON,I-380,I-380,Collision with:  Animal,,,Animal,None Indicated,,,,,,,Paved,,Property Damage Only,0,0,0,0,0,0,6000,1,1,,POINT (-91.958219118476 42.296197693544)
2014820567,2014056968,10/05/2014,10-October,1-Sunday,09:11,0900 Hours,District 2 (Northeast),,CLAYTON,,HORSESHOE RD & IDEAL RD,Collision with:  Vehicle in traffic,On Roadway,Head-on (front to front),Swerving/Evasive Action,None Indicated,,Daylight,Dry,Clear,None apparent,Non-intersection:  Other non-intersection (explain in narrative),Unpaved,,Possible/Unknown,0,1,0,0,1,0,10500,2,2,,POINT (-91.280467095067 42.667242331673)
2014820115,14-35549,10/05/2014,10-October,1-Sunday,16:50,1600 Hours,District 5 (Southeast),BURLINGTON,DES MOINES,,MASON RD,Collision with:  Vehicle in traffic,On Roadway,Rear-end (front to rear),Followed too close,None Indicated,,Daylight,Dry,Clear,None apparent,Intersection:  T-intersection,Paved,,Property Damage Only,0,0,0,0,0,0,6000,3,5,,POINT (-91.140266616348 40.796743410292)
2014821537,100514A,10/05/2014,10-October,1-Sunday,02:30,0200 Hours,District 4 (Southwest),,FREMONT,US 59,US 59,Non-collision events:  Overturn/rollover,Roadside,Non-collision (single vehicle),Crossed centerline (undivided),None Indicated,,Dark - roadway not lighted,Dry,Clear,None apparent,Non-intersection:  Non-junction/no special feature,Paved,,Property Damage Only,0,0,0,0,0,0,12000,1,1,,POINT (-95.390379681081 40.714960958392)
2014820332,1408431,10/05/2014,10-October,1-Sunday,20:39,2000 Hours,District 5 (Southeast),,WASHINGTON,,Co Rd W21/DOGWOOD AVE,Collision with:  Animal,Shoulder,Non-collision (single vehicle),Animal,None Indicated,,Dark - roadway not lighted,Dry,Clear,None apparent,Non-intersection:  Non-junction/no special feature,Paved,,Property Damage Only,0,0,0,0,0,0,3000,1,2,,POINT (-91.887139091509 41.508521103765)
2014819873,20140029431,10/05/2014,10-October,1-Sunday,22:52,2200 Hours,District 1 (Central),DES MOINES,POLK,I-235,I-235,Collision with:  Vehicle in traffic,On Roadway,Rear-end (front to rear),Followed too close,Alcohol (Statutory),,Dark - roadway lighted,Dry,Clear,None apparent,Non-intersection:  Non-junction/no special feature,Paved,,Property Damage Only,0,0,0,0,0,0,3500,2,2,,POINT (-93.584628617678 41.60091636284)
2014824681,2014057004,10/05/2014,10-October,1-Sunday,15:00,1500 Hours,District 5 (Southeast),,HENRY,,Co Rd J6W/AGENCY RD & CLAYTON AVE,Collision with:  Animal,On Roadway,Non-collision (single vehicle),Animal,None Indicated,,Daylight,"Mud, dirt",Cloudy,None apparent,Non-intersection:  Non-junction/no special feature,Unpaved,,Property Damage Only,0,0,0,0,0,0,5000,1,4,,POINT (-91.655893424496 40.87454544292)
2014820079,14-4967,10/05/2014,10-October,1-Sunday,22:20,2200 Hours,District 4 (Southwest),WEST DES MOINES,DALLAS,,JORDAN CREEK PKWY,Collision with:  Vehicle in traffic,On Roadway,Rear-end (front to rear),Driver Distraction:  Manual operation of an electronic communication device,None Indicated,,Dark - roadway lighted,Dry,Clear,None apparent,Intersection:  Four-way intersection,Paved,,Possible/Unknown,0,3,0,0,3,0,6000,2,3,,POINT (-93.809245518944 41.572271846308)
2014820611,2014-70290,10/05/2014,10-October,1-Sunday,12:58,1200 Hours,District 6 (East Central),DAVENPORT,SCOTT,,E 15TH ST & BRIDGE AVE,Collision with fixed object:  Other fixed object (explain in narrative),Median,Non-collision (single vehicle),Unknown,None Indicated,,Daylight,Dry,Cloudy,None apparent,Non-intersection:  Non-junction/no special feature,Paved,,Property Damage Only,0,0,0,0,0,0,2000,1,1,,POINT (-90.557865095976 41.535038449327)
2014821704,2014-21787,10/05/2014,10-October,1-Sunday,13:15,1300 Hours,District 5 (Southeast),,WARREN,,210TH AVE & PERSHING ST,Collision with:  Vehicle in traffic,On Roadway,Broadside (front to side),Ran Stop Sign,None Indicated,,Daylight,"Mud, dirt",Cloudy,None apparent,Intersection:  Four-way intersection,Unpaved,,Major Injury,0,3,1,0,2,0,9000,2,3,,POINT (-93.404830127091 41.276869855003)
2014819985,2014-20241,10/05/2014,10-October,1-Sunday,06:30,0600 Hours,District 6 (East Central),,SCOTT,I-80,I-80,Collision with fixed object:  Guardrail - face,Median,Non-collision (single vehicle),Ran off road - left,None Indicated,,Dark - roadway not lighted,Dry,Cloudy,None apparent,Non-intersection:  Non-junction/no special feature,Paved,,Property Damage Only,0,0,0,0,0,0,24000,1,1,,POINT (-90.883449936526 41.633001968217)
2014820318,14-001154,10/05/2014,10-October,1-Sunday,03:23,0300 Hours,District 1 (Central),,STORY,I-35,I-35,Collision with:  Animal,,,Animal,None Indicated,,,,,,,Paved,,Property Damage Only,0,0,0,0,0,0,2500,1,1,,POINT (-93.569726065499 41.950488626471)
2014820031,14-042495,10/05/2014,10-October,1-Sunday,16:30,1600 Hours,District 4 (Southwest),COUNCIL BLUFFS,POTTAWATTAMIE,,WOODBURY AVE,Collision with:  Vehicle in traffic,On Roadway,"Sideswipe, opposite direction",Driving too fast for conditions,None Indicated,,Daylight,Wet,Cloudy,None apparent,Non-intersection:  Non-junction/no special feature,Paved,,Possible/Unknown,0,1,0,0,1,0,4000,2,6,,POINT (-95.826857732308 41.236776271184)
2014820751,2014057056,10/05/2014,10-October,1-Sunday,23:30,2300 Hours,District 3 (Northwest),,CARROLL,US 71,US 71,Collision with:  Animal,,Non-collision (single vehicle),Animal,None Indicated,,,,,,,Paved,,Property Damage Only,0,0,0,0,0,0,4000,1,1,,POINT (-94.912928405534 41.906144396268)
2014820171,14-7387,10/05/2014,10-October,1-Sunday,10:16,1000 Hours,District 3 (Northwest),,IDA,,Co Rd L51/ALPINE AVE,Collision with fixed object:  Ditch,On Roadway,Non-collision (single vehicle),Swerving/Evasive Action,None Indicated,,Daylight,Dry,Cloudy,None apparent,Non-intersection:  Non-junction/no special feature,Paved,,Property Damage Only,0,0,0,0,0,0,1550,1,1,,POINT (-95.653051564474 42.423977759136)
2014820489,14-004686,10/05/2014,10-October,1-Sunday,18:33,1800 Hours,District 1 (Central),AMES,STORY,,HAYWARD AVE,Collision with:  Parked motor vehicle,On Roadway,"Sideswipe, same direction",Ran off road - right,None Indicated,,Dark - unknown roadway lighting,Dry,Clear,None apparent,Non-intersection:  Non-junction/no special feature,Paved,,Property Damage Only,0,0,0,0,0,0,3000,2,1,,POINT (-93.651704380685 42.022159619154)
2014820159,14014176,10/05/2014,10-October,1-Sunday,14:44,1400 Hours,District 5 (Southeast),MORAVIA,APPANOOSE,IA 5,IA 5/IOWA 5,Collision with:  Vehicle in traffic,On Roadway,"Sideswipe, opposite direction",Crossed centerline (undivided),None Indicated,,Daylight,Dry,Clear,None apparent,Non-intersection:  Non-junction/no special feature,Paved,,Property Damage Only,0,0,0,0,0,0,8500,2,2,,POINT (-92.830304991158 40.835670111965)
2014819973,14-3143,10/05/2014,10-October,1-Sunday,01:51,0100 Hours,District 1 (Central),FORT DODGE,WEBSTER,,S 22ND ST,Collision with:  Vehicle in traffic,On Roadway,"Sideswipe, same direction",Other (explain in narrative):  Other,Alcohol (Statutory),,Dark - roadway not lighted,Dry,Cloudy,None apparent,Non-intersection:  Non-junction/no special feature,Paved,,Property Damage Only,0,0,0,0,0,0,11000,2,3,,POINT (-94.167820130232 42.490095617428)
2014850957,14-008074,10/05/2014,10-October,1-Sunday,17:30,1700 Hours,District 5 (Southeast),,LOUISA,,M AVE & 100TH ST,Collision with:  Animal,On Roadway,Non-collision (single vehicle),Animal,None Indicated,,,,,,,Unpaved,,Property Damage Only,0,0,0,0,0,0,3500,1,1,,POINT (-91.244285015327 41.204537029016)
2014819947,14-33094,10/05/2014,10-October,1-Sunday,20:00,2000 Hours,District 3 (Northwest),SIOUX CITY,WOODBURY,,36TH ST & HAMILTON BLVD,Collision with:  Animal,On Roadway,Non-collision (single vehicle),Animal,None Indicated,,Dark - roadway lighted,Dry,Cloudy,None apparent,Intersection:  Four-way intersection,Paved,,Property Damage Only,0,0,0,0,0,0,2000,1,1,,POINT (-96.410163355158 42.532332165619)
2014820119,S14-003956,10/05/2014,10-October,1-Sunday,08:41,0800 Hours,District 4 (Southwest),,POTTAWATTAMIE,IA 92,IA 92/IOWA 92,Collision with:  Vehicle in traffic,On Roadway,Rear-end (front to rear),Driver Distraction:  Passenger,None Indicated,,Daylight,Dry,Clear,None apparent,Non-intersection:  Non-junction/no special feature,Paved,,Property Damage Only,0,0,0,0,0,0,8000,2,6,,POINT (-95.788279873575 41.232755085107)
2014819991,SO14002362,10/05/2014,10-October,1-Sunday,22:00,2200 Hours,District 3 (Northwest),,PLYMOUTH,,Co Rd C16/140TH ST,Collision with fixed object:  Tree,On Roadway,Non-collision (single vehicle),Over correcting/over steering,None Indicated,,Dark - roadway not lighted,"Mud, dirt",Cloudy,"Surface condition (e.g., wet, icy)",Non-intersection:  Non-junction/no special feature,Paved,,Major Injury,0,2,1,0,1,0,15200,1,2,,POINT (-96.332530575459 42.850823836582)
2014820098,14-26521,10/05/2014,10-October,1-Sunday,11:20,1100 Hours,District 1 (Central),COLFAX,JASPER,IA 117,IA 117/IOWA 117 S & S 44TH AVE W,Collision with:  Vehicle in traffic,On Roadway,Broadside (front to side),Swerving/Evasive Action,None Indicated,,Daylight,Dry,Cloudy,None apparent,Intersection:  Four-way intersection,Paved,,Major Injury,0,3,2,0,1,0,5400,2,4,,POINT (-93.232240230676 41.658778771515)
2014819803,W14-099733,10/05/2014,10-October,1-Sunday,13:55,1300 Hours,District 2 (Northeast),WATERLOO,BLACK HAWK,,STRATFORD AVE & ANSBOROUGH AVE,Collision with:  Vehicle in traffic,On Roadway,Broadside (front to side),Ran Traffic Signal,None Indicated,,Daylight,Dry,Cloudy,None apparent,Intersection:  Four-way intersection,Paved,,Property Damage Only,0,0,0,0,0,0,8000,2,2,,POINT (-92.376806773413 42.504248781888)
2014820342,201400049139,10/05/2014,10-October,1-Sunday,17:49,1700 Hours,District 5 (Southeast),OTTUMWA,WAPELLO,IA 149,IA 149/WAPELLO ST VIADUCT,Collision with:  Vehicle in traffic,On Roadway,Rear-end (front to rear),Driving too fast for conditions,None Indicated,,Daylight,Dry,Clear,None apparent,Non-intersection:  Non-junction/no special feature,Paved,,Property Damage Only,0,0,0,0,0,0,2000,2,2,,POINT (-92.419315928268 41.018336799485)
2014820345,20143637,10/05/2014,10-October,1-Sunday,07:00,0700 Hours,District 1 (Central),,GRUNDY,US 20,US 20,Collision with:  Animal,,,Animal,None Indicated,,,,,,,Paved,,Property Damage Only,0,0,0,0,0,0,3500,1,1,,POINT (-92.996010485753 42.462264452903)
2014820515,2014-70336,10/05/2014,10-October,1-Sunday,18:39,1800 Hours,District 6 (East Central),DAVENPORT,SCOTT,I-80,I-80 & IA 130/NEW LIBERTY RD,Collision with:  Vehicle in traffic,On Roadway,Broadside (front to side),FTYROW:  Making left turn,None Indicated,,Dark - unknown roadway lighting,Dry,Cloudy,None apparent,Intersection:  Intersection with ramp,Paved,,Possible/Unknown,0,1,0,0,1,0,5500,2,2,,POINT (-90.617830845392 41.598747398221)
2014819883,20140029447,10/05/2014,10-October,1-Sunday,01:28,0100 Hours,District 1 (Central),DES MOINES,POLK,,SE 6TH ST,Collision with:  Parked motor vehicle,On Roadway,Rear-end (front to rear),Over correcting/over steering,Alcohol (Statutory),,Dark - roadway lighted,Dry,Clear,None apparent,Non-intersection:  Non-junction/no special feature,Paved,,Possible/Unknown,0,1,0,0,1,0,14000,2,2,,POINT (-93.605321246647 41.568022843997)
2014826285,145880,10/05/2014,10-October,1-Sunday,20:37,2000 Hours,District 1 (Central),,HARDIN,US 20,US 20,Collision with:  Animal,,,Animal,None Indicated,,,,,,,Paved,,Property Damage Only,0,0,0,0,0,0,5000,1,1,,POINT (-93.3063579088 42.44825614164)
2014820118,14-19372,10/05/2014,10-October,1-Sunday,14:58,1400 Hours,District 6 (East Central),BETTENDORF,SCOTT,,BARR ST,Collision with fixed object:  Ditch,On Roadway,Non-collision (single vehicle),Driving too fast for conditions,None Indicated,,Daylight,Dry,Cloudy,None apparent,Non-intersection:  Other non-intersection (explain in narrative),Paved,,Property Damage Only,0,0,0,0,0,0,2000,1,1,,POINT (-90.476170380633 41.610655457759)
2014820222,201403592,10/05/2014,10-October,1-Sunday,11:08,1100 Hours,District 6 (East Central),ROBINS,LINN,,Co Rd E34/COUNTY HOME RD & Co Rd W6E/NORTH CENTER POINT RD,Collision with:  Vehicle in traffic,On Roadway,"Angle, oncoming left turn",FTYROW:  Making left turn,None Indicated,,Daylight,Dry,Cloudy,None apparent,Intersection:  Four-way intersection,Paved,,Property Damage Only,0,0,0,0,0,0,10000,2,5,,POINT (-91.692713837151 42.094478664269)
2014819813,14006107,10/05/2014,10-October,1-Sunday,00:15,0000 Hours,District 3 (Northwest),,CHEROKEE,,540TH ST,Non-collision events:  Other non-collision (explain in narrative),On Roadway,Non-collision (single vehicle),Ran off road - left,None Indicated,,Dark - roadway lighted,Dry,Unknown,None apparent,Non-intersection:  Non-junction/no special feature,Unpaved,,Property Damage Only,0,0,0,0,0,0,11000,1,1,,POINT (-95.615715777404 42.735471039701)
2014819993,14-19360,10/05/2014,10-October,1-Sunday,12:10,1200 Hours,District 6 (East Central),BETTENDORF,SCOTT,US 67,US 67/GRANT ST & 14TH ST,Collision with:  Vehicle in traffic,On Roadway,Broadside (front to side),Ran Traffic Signal,None Indicated,,Daylight,Dry,Clear,None apparent,Intersection:  Four-way intersection,Paved,,Property Damage Only,0,0,0,0,0,0,2500,2,3,,POINT (-90.51303850097 41.526205621717)
2014821612,14184,10/05/2014,10-October,1-Sunday,19:34,1900 Hours,District 5 (Southeast),PELLA,MARION,IA 163,IA 163/IOWA 163,Collision with:  Animal,,,Animal,None Indicated,,,,,,,Paved,,Property Damage Only,0,0,0,0,0,0,3000,1,1,,POINT (-92.939440209132 41.403295232136)
2014820211,S14-10197,10/05/2014,10-October,1-Sunday,00:00,0000 Hours,District 3 (Northwest),SLOAN,WOODBURY,I-29,I-29,Collision with fixed object:  Tree,Outside trafficway,Non-collision (single vehicle),Ran off road - right,None Indicated,,Dark - roadway not lighted,Dry,Clear,None apparent,Non-intersection:  Non-junction/no special feature,Paved,,Major Injury,0,2,1,1,0,0,15000,1,1,,POINT (-96.24423977564 42.236748371268)
2014821319,,10/06/2014,10-October,2-Monday,03:30,0300 Hours,District 3 (Northwest),,PLYMOUTH,IA 12,IA 12/IOWA 12,Collision with:  Animal,On Roadway,Non-collision (single vehicle),Animal,None Indicated,,Dark - roadway not lighted,Dry,Clear,,Non-intersection:  Non-junction/no special feature,Paved,,Property Damage Only,0,0,0,0,0,0,6507,1,1,,POINT (-96.535101341497 42.858400626017)
2014820191,20140029593,10/06/2014,10-October,2-Monday,15:58,1500 Hours,District 1 (Central),DES MOINES,POLK,,MLK JR PKWY & INGERSOLL AVE,Collision with:  Vehicle in traffic,On Roadway,Rear-end (front to rear),Followed too close,None Indicated,,Daylight,Dry,Cloudy,None apparent,Non-intersection:  Non-junction/no special feature,Paved,,Property Damage Only,0,0,0,0,0,0,1900,2,2,,POINT (-93.644777356589 41.585741818722)
2014822524,150-14,10/06/2014,10-October,2-Monday,17:23,1700 Hours,District 3 (Northwest),ROCK VALLEY,SIOUX,US 18,US 18/10TH ST & 13TH AVE,Collision with:  Vehicle in traffic,On Roadway,"Sideswipe, same direction",Made improper turn,None Indicated,,Daylight,Dry,Clear,Obstruction in roadway,Intersection:  T-intersection,Paved,,Property Damage Only,0,0,0,0,0,0,2500,2,2,,POINT (-96.299873192896 43.19993759179)
2014820923,14-141006-01,10/06/2014,10-October,2-Monday,12:24,1200 Hours,District 6 (East Central),,IOWA,IA 220,IA 220/220TH TRL,Collision with:  Vehicle in traffic,On Roadway,"Sideswipe, same direction",FTYROW:  From parked position,None Indicated,,Daylight,Dry,Clear,None apparent,Non-intersection:  Non-junction/no special feature,Paved,,Property Damage Only,0,0,0,0,0,0,5400,2,5,,POINT (-91.967149277632 41.774579408444)
2014820963,14-004235,10/06/2014,10-October,2-Monday,16:05,1600 Hours,District 1 (Central),ANKENY,POLK,,SE MILL POND CT & SE DELAWARE AVE & SE 8TH ST,Collision with:  Vehicle in traffic,On Roadway,"Sideswipe, same direction",Improper or erratic lane changing,None Indicated,,Daylight,Dry,Clear,None apparent,Intersection:  Four-way intersection,Paved,,Property Damage Only,0,0,0,0,0,0,3500,2,2,,POINT (-93.581164099517 41.724196692841)
2014822993,2014057063,10/06/2014,10-October,2-Monday,05:24,0500 Hours,District 1 (Central),,JASPER,IA 163,IA 163/IOWA 163 W,Non-collision events:  Overturn/rollover,On Roadway,Non-collision (single vehicle),Swerving/Evasive Action,None Indicated,,Dark - roadway not lighted,Dry,Clear,None apparent,Non-intersection:  Non-junction/no special feature,Paved,,Minor Injury,0,1,0,1,0,0,20000,1,1,,POINT (-93.13030390381 41.527045559591)
2014820194,20140029626,10/06/2014,10-October,2-Monday,21:15,2100 Hours,District 1 (Central),DES MOINES,POLK,US 69,US 69/SE 14TH ST,Collision with:  Vehicle in traffic,On Roadway,Broadside (front to side),Unknown,None Indicated,,Dark - roadway lighted,Wet,Rain,None apparent,Non-intersection:  Non-junction/no special feature,Paved,,Possible/Unknown,0,1,0,0,1,0,2500,2,2,,POINT (-93.596804573504 41.531407587129)
2014821563,,10/06/2014,10-October,2-Monday,20:26,2000 Hours,District 2 (Northeast),,CLAYTON,US 52,US 52,Collision with:  Animal,On Roadway,Non-collision (single vehicle),Animal,None Indicated,,Dark - roadway not lighted,Dry,Clear,None apparent,Non-intersection:  Non-junction/no special feature,Paved,,Property Damage Only,0,0,0,0,0,0,3500,1,1,,POINT (-91.086702621669 42.741586192615)
2014820363,2014011177,10/06/2014,10-October,2-Monday,16:49,1600 Hours,District 6 (East Central),IOWA CITY,JOHNSON,,FOSTER RD & N DUBUQUE ST & B'JAYSVILLE LN,Collision with:  Vehicle in traffic,On Roadway,Rear-end (front to rear),Followed too close,None Indicated,,Daylight,Dry,Cloudy,None apparent,Intersection:  Four-way intersection,Paved,,Property Damage Only,0,0,0,0,0,0,3500,2,2,,POINT (-91.535316076232 41.681078384973)
2014820787,201414887,10/06/2014,10-October,2-Monday,02:17,0200 Hours,District 6 (East Central),CEDAR RAPIDS,LINN,,28TH AVE SW & 6TH ST SW,Collision with fixed object:  Utility pole/light support,Shoulder,Non-collision (single vehicle),Ran off road - right,Alcohol (Statutory),,Dark - roadway lighted,Wet,Cloudy,"Surface condition (e.g., wet, icy)",Non-intersection:  Non-junction/no special feature,Paved,,Property Damage Only,0,0,0,0,0,0,8500,1,1,,POINT (-91.676951707918 41.949709579788)
2014819854,14-6541,10/06/2014,10-October,2-Monday,06:33,0600 Hours,District 1 (Central),GRIMES,POLK,IA 44,IA 44/1ST ST/SW RAMP/NW RAMP,Collision with:  Vehicle in traffic,On Roadway,Broadside (front to side),FTYROW:  From stop sign,None Indicated,,Dark - roadway lighted,Dry,Clear,None apparent,Intersection:  Four-way intersection,Paved,,Property Damage Only,0,0,0,0,0,0,4500,2,2,,POINT (-93.775576464713 41.688434929028)
2014820028,C14003180,10/06/2014,10-October,2-Monday,08:23,0800 Hours,District 6 (East Central),CORALVILLE,JOHNSON,,12TH AVE,Collision with:  Vehicle in traffic,On Roadway,Rear-end (front to rear),Followed too close,None Indicated,,Daylight,Dry,Clear,None apparent,Non-intersection:  Non-junction/no special feature,Paved,,Property Damage Only,0,0,0,0,0,0,5200,2,21,,POINT (-91.581090063799 41.684958239031)
2014820255,14-042657,10/06/2014,10-October,2-Monday,17:53,1700 Hours,District 4 (Southwest),COUNCIL BLUFFS,POTTAWATTAMIE,I-480,I-480,Collision with:  Vehicle in traffic,On Roadway,Rear-end (front to rear),Other (explain in narrative):  Other,None Indicated,,Daylight,Dry,Cloudy,None apparent,Non-intersection:  Other non-intersection (explain in narrative),Paved,,Property Damage Only,0,0,0,0,0,0,6000,2,3,,POINT (-95.921576553131 41.259726732523)
2014821931,32072-14,10/06/2014,10-October,2-Monday,20:25,2000 Hours,District 3 (Northwest),RINGSTED,EMMET,,480 AVE,Collision with fixed object:  Ditch,On Roadway,Non-collision (single vehicle),Swerving/Evasive Action,None Indicated,,Dark - roadway not lighted,Dry,Cloudy,None apparent,Non-intersection:  Non-junction/no special feature,Unpaved,,Property Damage Only,0,0,0,0,0,0,3000,1,1,,POINT (-94.639690676919 43.283733529866)
2014820176,14-6575,10/06/2014,10-October,2-Monday,21:19,2100 Hours,District 1 (Central),,POLK,,NE 54TH AVE & NE 15TH ST,Collision with:  Vehicle in traffic,On Roadway,"Angle, oncoming left turn",FTYROW:  Making left turn,None Indicated,,Dark - roadway not lighted,Wet,Rain,None apparent,Intersection:  T-intersection,Paved,,Property Damage Only,0,0,0,0,0,0,6500,2,4,,POINT (-93.599166679395 41.658622647909)
2014820168,100614-50,10/06/2014,10-October,2-Monday,07:57,0700 Hours,District 3 (Northwest),,BUENA VISTA,,Co Rd C49/590TH ST & Co Rd M50/160TH AVE,Collision with:  Animal,On Roadway,Non-collision (single vehicle),Animal,None Indicated,,Daylight,Dry,Clear,None apparent,Non-intersection:  Non-junction/no special feature,Paved,,Property Damage Only,0,0,0,0,0,0,2000,1,1,,POINT (-95.092405625023 42.661837653899)
2014821405,1-14-000389,10/06/2014,10-October,2-Monday,07:10,0700 Hours,District 4 (Southwest),,SHELBY,US 59,US 59,Collision with fixed object:  Ditch,On Roadway,Non-collision (single vehicle),Ran off road - right,None Indicated,,Daylight,Dry,Clear,None apparent,Non-intersection:  Non-junction/no special feature,Paved,,Property Damage Only,0,0,0,0,0,0,5000,1,1,,POINT (-95.343642048611 41.743712489502)
2014820213,14-33147,10/06/2014,10-October,2-Monday,13:18,1300 Hours,District 3 (Northwest),SIOUX CITY,WOODBURY,,W 8TH ST & HAMILTON BLVD,Collision with:  Vehicle in traffic,On Roadway,"Angle, oncoming left turn",FTYROW:  Making left turn,None Indicated,,Daylight,Dry,Cloudy,None apparent,Intersection:  Four-way intersection,Paved,,Property Damage Only,0,0,0,0,0,0,5000,2,2,,POINT (-96.417708233611 42.504157330259)
2014819960,14-042550,10/06/2014,10-October,2-Monday,02:56,0200 Hours,District 4 (Southwest),COUNCIL BLUFFS,POTTAWATTAMIE,I-29,I-29,Non-collision events:  Overturn/rollover,On Roadway,Non-collision (single vehicle),Exceeded authorized speed,None Indicated,,Dark - roadway lighted,Dry,Clear,None apparent,Interchange-related:  Off-ramp,Paved,,Possible/Unknown,0,2,0,0,2,0,6000,1,3,,POINT (-95.898358093415 41.235618716191)
2014821550,2014011171,10/06/2014,10-October,2-Monday,13:46,1300 Hours,District 6 (East Central),IOWA CITY,JOHNSON,,E DAVENPORT ST,Collision with:  Parked motor vehicle,On Roadway,"Sideswipe, same direction",Illegally Parked/Unattended,None Indicated,,Daylight,Dry,Clear,None apparent,Non-intersection:  Non-junction/no special feature,Paved,,Property Damage Only,0,0,0,0,0,0,4000,2,1,,POINT (-91.523593135234 41.665697810296)
2014820362,2014011173,10/06/2014,10-October,2-Monday,15:28,1500 Hours,District 6 (East Central),IOWA CITY,JOHNSON,,E WASHINGTON ST & S GILBERT ST,Collision with:  Vehicle in traffic,On Roadway,Rear-end (front to rear),Followed too close,None Indicated,,Daylight,Dry,Clear,None apparent,Non-intersection:  Non-junction/no special feature,Paved,,Property Damage Only,0,0,0,0,0,0,2000,2,3,,POINT (-91.530196372702 41.660027082026)
2014820678,AC14-060,10/06/2014,10-October,2-Monday,07:45,0700 Hours,District 4 (Southwest),HARLAN,SHELBY,IA 44,IA 44/CHATBURN AVE,Collision with:  Vehicle in traffic,On Roadway,Rear-end (front to rear),Other (explain in narrative):  Other,None Indicated,,Dawn,Dry,Clear,None apparent,Non-intersection:  Non-junction/no special feature,Paved,,Possible/Unknown,0,2,0,0,2,0,10000,2,2,,POINT (-95.342243811888 41.645968962908)