Iowa DOT Case Number,Law Enforcement Case Number,Date of Crash,Month of Crash,Day of Week,Time of Crash,Hour,DOT District,City Name,County Name,Route with System,Location Description,First Harmful Event,Location of First Harmful Event,Manner of Crash/Collision,Major Cause,Drug or Alcohol ,Environmental Conditions,Light Conditions,Surface Conditions,Weather Conditions,Roadway Contribution,Roadway Type,Roadway Surface,Work Zone,Crash Severity,Number of Fatalities,Number of Injuries,Number of Major Injuries,Number of Minor Injuries,Number of Possible Injuries,Number of Unknown Injuries,Amount of Property Damage,Number of Vehicles Involved,Total Number of Occupants,Travel Direction,Location
2014820505,14099965,10/06/2014,10-October,2-Monday,09:02,0900 Hours,District 2 (Northeast),CEDAR FALLS,BLACK HAWK,IA 57,IA 57/WEST 1ST ST & UNION RD & N UNION RD,Collision with:  Vehicle in traffic,On Roadway,Broadside (front to side),FTYROW:  From stop sign,None Indicated,,Daylight,Dry,Clear,None apparent,Intersection:  Four-way intersection,Paved,,Property Damage Only,0,0,0,0,0,0,2000,2,5,,POINT (-92.495110224913 42.542169126929)
2014820518,2014-70531,10/06/2014,10-October,2-Monday,16:38,1600 Hours,District 6 (East Central),DAVENPORT,SCOTT,,E 46TH ST & EASTERN AVE,Collision with:  Vehicle in traffic,On Roadway,"Sideswipe, same direction",Crossed centerline (undivided),None Indicated,,Daylight,Dry,Cloudy,None apparent,Non-intersection:  Non-junction/no special feature,Paved,,Property Damage Only,0,0,0,0,0,0,3500,2,3,,POINT (-90.551343225571 41.567457717578)
2014823957,14-33168,10/06/2014,10-October,2-Monday,13:00,1300 Hours,District 3 (Northwest),SIOUX CITY,WOODBURY,IA 12,IA 12/GORDON DR & STONE AVE,Collision with:  Vehicle in traffic,On Roadway,Broadside (front to side),Ran Traffic Signal,None Indicated,,Daylight,Dry,Cloudy,None apparent,Intersection:  Four-way intersection,Paved,,Possible/Unknown,0,1,0,0,0,1,4100,2,2,,POINT (-96.351971661647 42.479168541752)
2014819902,20140029536,10/06/2014,10-October,2-Monday,08:54,0800 Hours,District 1 (Central),DES MOINES,POLK,US 6,US 6/FREDERICK M HUBBELL AVE & E 38TH ST,Collision with:  Vehicle in traffic,On Roadway,Broadside (front to side),Ran Traffic Signal,None Indicated,,Daylight,Dry,Clear,None apparent,Intersection:  Four-way intersection,Paved,,Possible/Unknown,0,1,0,0,1,0,8000,2,6,,POINT (-93.541856877203 41.630570525419)
2014820333,2014-038466,10/06/2014,10-October,2-Monday,11:38,1100 Hours,District 6 (East Central),DUBUQUE,DUBUQUE,US 52,US 52/E 11TH ST,Collision with:  Vehicle in traffic,On Roadway,Broadside (front to side),Ran Stop Sign,None Indicated,,Daylight,Dry,Clear,None apparent,Intersection:  Four-way intersection,Paved,,Property Damage Only,0,0,0,0,0,0,3500,2,3,,POINT (-90.661842779623 42.505247871101)
2014820520,N14000540,10/06/2014,10-October,2-Monday,16:18,1600 Hours,District 6 (East Central),NORTH LIBERTY,JOHNSON,,PENN ST & KANSAS AVE & N KANSAS AVE,Collision with:  Vehicle in traffic,On Roadway,Rear-end (front to rear),Followed too close,None Indicated,,Daylight,Dry,Cloudy,None apparent,Intersection:  Four-way intersection,Paved,,Property Damage Only,0,0,0,0,0,0,4000,2,2,,POINT (-91.636964520021 41.752474168262)
2014820335,2014-038478,10/06/2014,10-October,2-Monday,18:25,1800 Hours,District 6 (East Central),DUBUQUE,DUBUQUE,,ELM ST,Collision with:  Non-motorist (see non-motorist section - NOT a unit),On Roadway,Non-collision (single vehicle),Unknown,None Indicated,,Daylight,Dry,Clear,None apparent,Non-intersection:  Non-junction/no special feature,Paved,,Possible/Unknown,0,1,0,0,1,0,0,1,1,,POINT (-90.670892688182 42.519471359013)
2014820791,201414925,10/06/2014,10-October,2-Monday,17:05,1700 Hours,District 6 (East Central),CEDAR RAPIDS,LINN,,A AVE NE & 17TH ST NE,Collision with:  Vehicle in traffic,On Roadway,Broadside (front to side),Ran Stop Sign,None Indicated,,Daylight,Dry,Clear,None apparent,Intersection:  Four-way intersection,Paved,,Minor Injury,0,1,0,1,0,0,10000,2,5,,POINT (-91.649412468445 41.991178785832)
2014820190,20140029588,10/06/2014,10-October,2-Monday,15:29,1500 Hours,District 1 (Central),DES MOINES,POLK,,FOREST AVE & 19TH ST,Collision with:  Vehicle in traffic,On Roadway,Broadside (front to side),Ran Traffic Signal,None Indicated,,Daylight,Dry,Cloudy,None apparent,Intersection:  Four-way intersection,Paved,,Property Damage Only,0,0,0,0,0,0,2500,2,8,,POINT (-93.642667555369 41.604056336644)
2014821613,14185,10/06/2014,10-October,2-Monday,10:46,1000 Hours,District 5 (Southeast),PELLA,MARION,,INDEPENDENCE ST & E 1ST ST,Collision with:  Vehicle in traffic,On Roadway,Broadside (front to side),Ran Stop Sign,None Indicated,,Daylight,Dry,Clear,None apparent,Intersection:  Four-way intersection,Paved,,Property Damage Only,0,0,0,0,0,0,14000,2,2,,POINT (-92.914748012281 41.402766153875)
2014820097,14-042618,10/06/2014,10-October,2-Monday,13:29,1300 Hours,District 4 (Southwest),COUNCIL BLUFFS,POTTAWATTAMIE,I-29,I-29,Collision with fixed object:  Ditch,Median,Non-collision (single vehicle),Followed too close,None Indicated,,Daylight,Dry,Cloudy,Work Zone (roadway-related),Non-intersection:  Non-junction/no special feature,Paved,Yes,Property Damage Only,0,0,0,0,0,0,10000,1,1,,POINT (-95.896450810616 41.233226029438)
2014821281,14-100197,10/06/2014,10-October,2-Monday,20:16,2000 Hours,District 2 (Northeast),,BLACK HAWK,I-380,I-380,Collision with:  Animal,On Roadway,Non-collision (single vehicle),Animal,None Indicated,,Dark - roadway not lighted,Dry,Clear,None apparent,Non-intersection:  Non-junction/no special feature,Paved,,Property Damage Only,0,0,0,0,0,0,2500,1,1,,POINT (-92.075856323687 42.358167981679)
2014820215,14-33155,10/06/2014,10-October,2-Monday,14:41,1400 Hours,District 3 (Northwest),SIOUX CITY,WOODBURY,,WESLEY PKWY,Collision with:  Vehicle in traffic,On Roadway,Rear-end (front to rear),Followed too close,None Indicated,,Daylight,Dry,Cloudy,None apparent,Non-intersection:  Non-junction/no special feature,Paved,,Possible/Unknown,0,1,0,0,1,0,4500,3,5,,POINT (-96.411187368241 42.493906647645)
2014819903,20140029561,10/06/2014,10-October,2-Monday,11:48,1100 Hours,District 1 (Central),DES MOINES,POLK,US 6,US 6/HUBBELL AVE,Collision with:  Vehicle in traffic,On Roadway,Rear-end (front to rear),Lost Control,None Indicated,,Daylight,Dry,Clear,None apparent,Non-intersection:  Non-junction/no special feature,Paved,,Property Damage Only,0,0,0,0,0,0,3000,2,2,,POINT (-93.526237816065 41.639434113031)
2014820320,14-013788,10/06/2014,10-October,2-Monday,17:00,1700 Hours,District 2 (Northeast),CLERMONT,FAYETTE,,STATE ST,Collision with:  Vehicle in traffic,On Roadway,Rear-end (front to rear),FTYROW:  From driveway,None Indicated,,Daylight,Dry,Clear,None apparent,Non-intersection:  Driveway access (within),Paved,,Property Damage Only,0,0,0,0,0,0,2000,2,4,,POINT (-91.657340666115 42.995304886525)
2014820492,14-004699,10/06/2014,10-October,2-Monday,15:01,1500 Hours,District 1 (Central),AMES,STORY,,MORTENSON PKWY & GATEWAY HILLS PARK DR & WELCH AVE & MORTENSON RD,Collision with:  Vehicle in traffic,On Roadway,"Angle, oncoming left turn",FTYROW:  Making left turn,None Indicated,,Daylight,Dry,Cloudy,None apparent,Intersection:  Four-way intersection,Paved,,Minor Injury,0,1,0,1,0,0,9000,2,6,,POINT (-93.649352841384 42.011851405821)
2014822114,14-3154,10/06/2014,10-October,2-Monday,06:15,0600 Hours,District 1 (Central),FORT DODGE,WEBSTER,,N 3RD ST,Collision with:  Vehicle in traffic,On Roadway,Head-on (front to front),Crossed centerline (undivided),None Indicated,,Dark - roadway lighted,Dry,Clear,None apparent,Non-intersection:  Other non-intersection (explain in narrative),Paved,,Minor Injury,0,3,0,3,0,0,10200,2,5,,POINT (-94.195176742051 42.508104159281)
2014821059,2014-70516,10/06/2014,10-October,2-Monday,15:38,1500 Hours,District 6 (East Central),DAVENPORT,SCOTT,,E LOCUST ST & MARLO AVE,Collision with:  Vehicle in traffic,On Roadway,Rear-end (front to rear),Followed too close,None Indicated,,Daylight,Dry,Clear,None apparent,Intersection:  Four-way intersection,Paved,,Possible/Unknown,0,1,0,0,1,0,3000,2,2,,POINT (-90.530117164342 41.538480341476)
2014820223,201403599,10/06/2014,10-October,2-Monday,07:14,0700 Hours,District 6 (East Central),,LINN,US 30,US 30,Collision with:  Vehicle in traffic,On Roadway,Rear-end (front to rear),Followed too close,None Indicated,,Daylight,Dry,Cloudy,None apparent,Non-intersection:  Non-junction/no special feature,Paved,,Property Damage Only,0,0,0,0,0,0,5500,2,2,,POINT (-91.563289362517 41.925502923672)
2014820517,2014-70506,10/06/2014,10-October,2-Monday,14:51,1400 Hours,District 6 (East Central),DAVENPORT,SCOTT,,E LOCUST ST & FOREST RD,Collision with:  Vehicle in traffic,On Roadway,Broadside (front to side),FTYROW:  Making right turn on red signal,None Indicated,,Daylight,Dry,Clear,None apparent,Intersection:  T-intersection,Paved,,Possible/Unknown,0,2,0,0,2,0,10000,2,2,,POINT (-90.534612776714 41.538468791199)
2014821145,14013261,10/06/2014,10-October,2-Monday,16:34,1600 Hours,District 4 (Southwest),,MILLS,,Co Rd L55/MAIN ST,Non-collision events:  Overturn/rollover,On Roadway,Non-collision (single vehicle),Ran off road - right,None Indicated,,Daylight,Dry,Cloudy,None apparent,Non-intersection:  Non-junction/no special feature,Paved,,Property Damage Only,0,0,0,0,0,0,30000,1,1,,POINT (-95.63574904931 41.106816077721)
2014820217,14-042640,10/06/2014,10-October,2-Monday,15:59,1500 Hours,District 4 (Southwest),COUNCIL BLUFFS,POTTAWATTAMIE,,4TH AVE & S 24TH ST,Collision with fixed object:  Other fixed object (explain in narrative),Outside trafficway,Non-collision (single vehicle),Exceeded authorized speed,None Indicated,,Daylight,Dry,Cloudy,None apparent,Non-intersection:  Non-junction/no special feature,Paved,,Property Damage Only,0,0,0,0,0,0,3500,1,1,,POINT (-95.879558359042 41.257967202328)
2014820621,,10/06/2014,10-October,2-Monday,17:30,1700 Hours,District 1 (Central),TAMA,TAMA,,3RD ST & MC CLELLAN ST,Collision with:  Parked motor vehicle,On Roadway,Unknown,Unknown,None Indicated,,Daylight,Dry,,None apparent,Non-intersection:  Non-junction/no special feature,Paved,,Property Damage Only,0,0,0,0,0,0,3500,2,1,,POINT (-92.578179518903 41.961962370573)
2014820189,20140029587,10/06/2014,10-October,2-Monday,15:08,1500 Hours,District 1 (Central),DES MOINES,POLK,US 6,US 6/DOUGLAS AVE,Collision with:  Vehicle in traffic,On Roadway,Rear-end (front to rear),Other (explain in narrative):  Other,None Indicated,,Daylight,Dry,Clear,None apparent,Non-intersection:  Non-junction/no special feature,Paved,,Possible/Unknown,0,1,0,0,1,0,6000,2,3,,POINT (-93.667723153182 41.62951199528)
2014847710,2014057216,10/06/2014,10-October,2-Monday,22:00,2200 Hours,District 1 (Central),,STORY,I-35,I-35,Collision with:  Animal,,,Animal,None Indicated,,,,,,,Paved,,Property Damage Only,0,0,0,0,0,0,1500,1,1,,POINT (-93.571043885353 41.996731285815)
2014826347,,10/06/2014,10-October,2-Monday,12:25,1200 Hours,District 2 (Northeast),,WINNESHIEK,IA 9,IA 9/IOWA 9 & Co Rd W4B/FRANKVILLE RD,Collision with:  Vehicle in traffic,On Roadway,"Angle, oncoming left turn",FTYROW:  From stop sign,None Indicated,,Daylight,Dry,Clear,None apparent,Intersection:  T-intersection,Paved,,Minor Injury,0,1,0,1,0,0,13000,2,2,,POINT (-91.689005086805 43.24102428872)
2014821462,2014057139,10/06/2014,10-October,2-Monday,14:15,1400 Hours,District 6 (East Central),CORALVILLE,JOHNSON,I-80,I-80 & US 218,Non-collision events:  Overturn/rollover,Shoulder,Non-collision (single vehicle),Swerving/Evasive Action,None Indicated,,Daylight,Dry,Clear,None apparent,Interchange-related:  On-ramp,Paved,,Minor Injury,0,1,0,1,0,0,6000,1,2,,POINT (-91.636353694149 41.690950410059)
2014820876,2014-038474,10/06/2014,10-October,2-Monday,15:05,1500 Hours,District 6 (East Central),DUBUQUE,DUBUQUE,,DAVIS ST,Collision with:  Parked motor vehicle,On Roadway,"Sideswipe, same direction",Lost Control,None Indicated,,Daylight,Dry,Clear,None apparent,Non-intersection:  Non-junction/no special feature,Paved,,Property Damage Only,0,0,0,0,0,0,4000,2,1,,POINT (-90.672389334963 42.529650628504)
2014827179,,10/06/2014,10-October,2-Monday,07:38,0700 Hours,District 2 (Northeast),DECORAH,WINNESHIEK,,,Collision with:  Animal,On Roadway,Non-collision (single vehicle),Animal,None Indicated,,Daylight,Dry,"Blowing sand, soil, dirt",None apparent,Non-intersection:  Non-junction/no special feature,,,Property Damage Only,0,0,0,0,0,0,3500,1,1,,POINT (-96.643700149993 40.233091251414)
2014820195,20140029628,10/06/2014,10-October,2-Monday,21:30,2100 Hours,District 1 (Central),DES MOINES,POLK,US 69,US 69/SE 14TH ST,Collision with:  Vehicle in traffic,On Roadway,Rear-end (front to rear),Followed too close,Refused,,Dark - roadway lighted,Wet,Rain,None apparent,Non-intersection:  Non-junction/no special feature,Paved,,Property Damage Only,0,0,0,0,0,0,3795,2,2,,POINT (-93.596773912139 41.531984215731)
2014819904,20140029566,10/06/2014,10-October,2-Monday,12:58,1200 Hours,District 1 (Central),DES MOINES,POLK,I-235,I-235 & PENNSYLVANIA AVE,Collision with:  Vehicle in traffic,On Roadway,Rear-end (front to rear),Followed too close,None Indicated,,Daylight,Dry,Clear,None apparent,Intersection:  Four-way intersection,Paved,,Possible/Unknown,0,1,0,0,1,0,1500,2,3,,POINT (-93.608736889292 41.595846265018)
2014820476,14-2235,10/06/2014,10-October,2-Monday,17:25,1700 Hours,District 1 (Central),URBANDALE,POLK,I-35,I-35,Collision with:  Vehicle in traffic,On Roadway,Rear-end (front to rear),Followed too close,None Indicated,,Daylight,Dry,Clear,Other (explain in narrative),Interchange-related:  On-ramp merge area,Paved,,Property Damage Only,0,0,0,0,0,0,3000,2,6,,POINT (-93.774378446364 41.648640668025)
2014820328,14-042353,10/06/2014,10-October,2-Monday,13:49,1300 Hours,District 5 (Southeast),MUSCATINE,MUSCATINE,US 61,US 61 & MULBERRY AVE,Collision with:  Vehicle in traffic,On Roadway,Broadside (front to side),Ran Traffic Signal,None Indicated,,Daylight,Dry,Clear,None apparent,Intersection:  Four-way intersection,Paved,,Property Damage Only,0,0,0,0,0,0,6000,2,3,,POINT (-91.085971269981 41.44946522841)
2014820786,201414884,10/06/2014,10-October,2-Monday,01:10,0100 Hours,District 6 (East Central),CEDAR RAPIDS,LINN,,15TH ST SE,Collision with:  Parked motor vehicle,On Roadway,"Sideswipe, same direction",Ran off road - right,Alcohol (Statutory),,Dark - roadway not lighted,Wet,Rain,None apparent,Non-intersection:  Non-junction/no special feature,Paved,,Property Damage Only,0,0,0,0,0,0,9400,3,1,,POINT (-91.650457480412 41.979428688649)
2014821056,2014-70481,10/06/2014,10-October,2-Monday,12:06,1200 Hours,District 6 (East Central),DAVENPORT,SCOTT,US 6,US 6/W KIMBERLY RD & N DIVISION ST,Collision with:  Vehicle in traffic,On Roadway,Broadside (front to side),Ran Traffic Signal,None Indicated,,Daylight,Dry,Clear,None apparent,Intersection:  Four-way intersection,Paved,,Possible/Unknown,0,2,0,0,2,0,9000,3,3,,POINT (-90.600608685136 41.560003886802)
2014832012,1410061526,10/06/2014,10-October,2-Monday,15:26,1500 Hours,District 6 (East Central),,JONES,,148 AVE,Non-collision events:  Overturn/rollover,On Roadway,Non-collision (single vehicle),Driving too fast for conditions,None Indicated,,Daylight,Dry,Clear,None apparent,Non-intersection:  Non-junction/no special feature,Unpaved,,Property Damage Only,0,0,0,0,0,0,10000,1,2,,POINT (-91.164515258506 42.286166801836)
2014820219,CL14003549,10/06/2014,10-October,2-Monday,14:25,1400 Hours,District 6 (East Central),CLINTON,CLINTON,,7TH AVE S,Collision with:  Parked motor vehicle,On Roadway,Broadside (front to side),"Operating vehicle in an reckless, erratic, careless, negligent manner",None Indicated,,Daylight,Dry,Cloudy,None apparent,Non-intersection:  Non-junction/no special feature,Paved,,Property Damage Only,0,0,0,0,0,0,3000,2,1,,POINT (-90.205679427001 41.838916467774)
2014856785,SO1400408,10/06/2014,10-October,2-Monday,00:37,0000 Hours,District 4 (Southwest),CORNING,ADAMS,US 34,US 34,Collision with:  Animal,,,Animal,None Indicated,,,,,,,Paved,,Property Damage Only,0,0,0,0,0,0,3000,1,1,,POINT (-94.919847267784 40.980073727324)
2014820454,14-004329,10/06/2014,10-October,2-Monday,18:05,1800 Hours,District 1 (Central),ANKENY,POLK,,SE 3RD ST,Collision with:  Vehicle in traffic,On Roadway,Broadside (front to side),FTYROW:  From driveway,None Indicated,,Dusk,Dry,Clear,None apparent,Non-intersection:  Driveway access (within),Paved,,Property Damage Only,0,0,0,0,0,0,1500,2,2,,POINT (-93.582391740777 41.729666760058)
2014819901,20140029535,10/06/2014,10-October,2-Monday,08:03,0800 Hours,District 1 (Central),DES MOINES,POLK,,UNIVERSITY AVE & 2ND AVE,Collision with:  Vehicle in traffic,On Roadway,Broadside (front to side),Ran Traffic Signal,Refused,,Daylight,Dry,Clear,None apparent,Intersection:  Four-way intersection,Paved,,Minor Injury,0,5,0,3,2,0,25500,5,5,,POINT (-93.619758855403 41.60032702265)
2014820788,201414894,10/06/2014,10-October,2-Monday,07:40,0700 Hours,District 6 (East Central),CEDAR RAPIDS,LINN,,MT VERNON RD SE & 8TH AVE SE & 10TH ST SE,Collision with:  Vehicle in traffic,On Roadway,Rear-end (front to rear),Other (explain in narrative):  Other,None Indicated,,Daylight,Dry,Clear,None apparent,Intersection:  Four-way intersection,Paved,,Property Damage Only,0,0,0,0,0,0,3000,2,2,,POINT (-91.653808476606 41.977927938579)
2014820064,14-031049,10/06/2014,10-October,2-Monday,06:20,0600 Hours,District 5 (Southeast),,LEE,IA 2,IA 2/IOWA 2,Collision with:  Vehicle in traffic,On Roadway,Rear-end (front to rear),FTYROW:  Other (explain in narrative),None Indicated,,Dawn,Dry,Clear,None apparent,Non-intersection:  Non-junction/no special feature,Paved,,Possible/Unknown,0,2,0,0,2,0,11500,2,3,,POINT (-91.452421209715 40.631179911187)
2014820616,20143655,10/06/2014,10-October,2-Monday,13:20,1300 Hours,District 1 (Central),,GRUNDY,IA 57,IA 57/110TH ST & Co Rd T55/V AVE,Non-collision events:  Jackknife,On Roadway,Non-collision (single vehicle),Ran Stop Sign,None Indicated,,Daylight,Dry,Clear,None apparent,Intersection:  Four-way intersection,Paved,,Property Damage Only,0,0,0,0,0,0,20000,1,1,,POINT (-92.61361796804 42.542557940988)
2014820651,143065,10/06/2014,10-October,2-Monday,12:10,1200 Hours,District 3 (Northwest),DENISON,CRAWFORD,IA 39,IA 39/IOWA 39 & AVE C,Collision with:  Vehicle in traffic,On Roadway,Broadside (front to side),Unknown,None Indicated,,Daylight,Dry,Cloudy,None apparent,Intersection:  Four-way intersection,Paved,,Property Damage Only,0,0,0,0,0,0,2000,2,2,,POINT (-95.367283343219 42.023665534968)
2014820839,14-35695,10/06/2014,10-October,2-Monday,16:29,1600 Hours,District 5 (Southeast),BURLINGTON,DES MOINES,,MT PLEASANT ST & RHEIN ST,Collision with:  Vehicle in traffic,On Roadway,Broadside (front to side),FTYROW:  From stop sign,None Indicated,,Daylight,Dry,Cloudy,None apparent,Intersection:  T-intersection,Paved,,Minor Injury,0,1,0,1,0,0,7500,2,2,,POINT (-91.115095235419 40.81835895669)
2014821699,2014-20301,10/06/2014,10-October,2-Monday,14:43,1400 Hours,District 6 (East Central),ELDRIDGE,SCOTT,,Co Rd Y68/SCOTT PK RD,Non-collision events:  Overturn/rollover,On Roadway,Non-collision (single vehicle),Swerving/Evasive Action,Alcohol (Statutory),,Daylight,Dry,Clear,None apparent,Non-intersection:  Non-junction/no special feature,Paved,,Possible/Unknown,0,1,0,0,1,0,5000,1,1,,POINT (-90.549147024005 41.66539929588)
2014819962,147526,10/06/2014,10-October,2-Monday,02:20,0200 Hours,District 4 (Southwest),,DALLAS,I-80,I-80,Collision with:  Animal,,,Animal,None Indicated,,,,,,,Paved,,Property Damage Only,0,0,0,0,0,0,10000,1,1,,POINT (-94.10508254086 41.517585325372)
2014821406,1-14-000390,10/06/2014,10-October,2-Monday,12:59,1200 Hours,District 4 (Southwest),,SHELBY,,Co Rd F24/STREET F24,Collision with:  Vehicle in traffic,On Roadway,Broadside (front to side),FTYROW:  From driveway,None Indicated,,Daylight,Dry,Clear,None apparent,Non-intersection:  Driveway access (within),Paved,,Possible/Unknown,0,1,0,0,1,0,40000,2,2,,POINT (-95.248175031588 41.792021194377)
2014820182,14-004316,10/06/2014,10-October,2-Monday,08:59,0800 Hours,District 1 (Central),ANKENY,POLK,,NW WAGNER BLVD & NW 18TH ST & NW SCHOOL ST,Collision with:  Vehicle in traffic,On Roadway,Rear-end (front to rear),Swerving/Evasive Action,None Indicated,,Daylight,Dry,Clear,None apparent,Intersection:  Other intersection (explain in narrative),Paved,,Property Damage Only,0,0,0,0,0,0,3500,2,4,,POINT (-93.605995338932 41.74636982015)
2014820458,20140029618,10/06/2014,10-October,2-Monday,19:06,1900 Hours,District 1 (Central),DES MOINES,POLK,,INGERSOLL AVE & 28TH ST,Collision with:  Vehicle in traffic,On Roadway,"Angle, oncoming left turn",FTYROW:  Making left turn,None Indicated,,Dark - roadway lighted,Dry,Clear,None apparent,Intersection:  Four-way intersection,Paved,,Property Damage Only,0,0,0,0,0,0,10000,2,2,,POINT (-93.654482756783 41.585714001672)
2014820254,2014010503,10/06/2014,10-October,2-Monday,14:38,1400 Hours,District 1 (Central),MARSHALLTOWN,MARSHALL,,W MAIN ST & S 1ST ST & N 1ST ST,Collision with:  Vehicle in traffic,On Roadway,Broadside (front to side),FTYROW:  From stop sign,None Indicated,,Daylight,Dry,Clear,None apparent,Intersection:  Four-way intersection,Paved,,Property Damage Only,0,0,0,0,0,0,4000,2,2,,POINT (-92.914614244242 42.049160422691)
2014820789,201414895,10/06/2014,10-October,2-Monday,07:41,0700 Hours,District 6 (East Central),CEDAR RAPIDS,LINN,,4TH AVE SE & 20TH ST SE,Collision with:  Vehicle in traffic,On Roadway,Unknown,Improper Backing,None Indicated,,Daylight,Dry,Clear,None apparent,Non-intersection:  Non-junction/no special feature,Paved,,Property Damage Only,0,0,0,0,0,0,5000,2,9,,POINT (-91.64042731436 41.983381226116)
2014820531,261401813,10/06/2014,10-October,2-Monday,07:57,0700 Hours,District 5 (Southeast),DRAKESVILLE,DAVIS,,ICE AVE,Collision with:  Other non-fixed object (explain in narrative),On Roadway,Non-collision (single vehicle),Swerving/Evasive Action,None Indicated,,Daylight,Dry,Clear,None apparent,Non-intersection:  Non-junction/no special feature,Paved,,Major Injury,0,2,2,0,0,0,5000,1,1,,POINT (-92.485804255378 40.783390735894)
2014820882,2104-038470,10/06/2014,10-October,2-Monday,14:36,1400 Hours,District 6 (East Central),DUBUQUE,DUBUQUE,,GRANDVIEW AVE N,Collision with:  Vehicle in traffic,On Roadway,Rear-end (front to rear),Lost Control,None Indicated,,Daylight,Dry,Clear,None apparent,Non-intersection:  Non-junction/no special feature,Paved,,Property Damage Only,0,0,0,0,0,0,2500,2,3,,POINT (-90.68856710392 42.500026924112)
2014820401,100614-125,10/06/2014,10-October,2-Monday,14:46,1400 Hours,District 3 (Northwest),STORM LAKE,BUENA VISTA,IA 7,IA 7/MILWAUKEE AVE & ONEIDA ST,Collision with fixed object:  Utility pole/light support,Median,Non-collision (single vehicle),Made improper turn,None Indicated,,Daylight,Dry,Clear,None apparent,Intersection:  Four-way intersection,Paved,,Property Damage Only,0,0,0,0,0,0,1500,1,1,,POINT (-95.195440005802 42.647472447401)
2014820192,20140029615,10/06/2014,10-October,2-Monday,17:37,1700 Hours,District 1 (Central),DES MOINES,POLK,,HICKMAN RD,Collision with fixed object:  Utility pole/light support,Shoulder,Non-collision (single vehicle),Ran off road - right,None Indicated,,Daylight,Dry,Cloudy,None apparent,Non-intersection:  Non-junction/no special feature,Paved,,Property Damage Only,0,0,0,0,0,0,2500,1,1,,POINT (-93.653674056466 41.614956057483)
2014833409,14-081006-01,10/06/2014,10-October,2-Monday,06:30,0600 Hours,District 6 (East Central),,IOWA,,Co Rd V66/M AVE,Collision with:  Animal,,,Animal,None Indicated,,,,,,,Paved,,Property Damage Only,0,0,0,0,0,0,2500,1,1,,POINT (-92.066234964549 41.679863709545)
2014820216,14-33186,10/06/2014,10-October,2-Monday,17:19,1700 Hours,District 3 (Northwest),SIOUX CITY,WOODBURY,,2ND ST & FAIRMOUNT ST,Collision with:  Vehicle in traffic,On Roadway,"Sideswipe, same direction",Improper or erratic lane changing,None Indicated,,Daylight,Dry,Cloudy,None apparent,Intersection:  Four-way intersection,Paved,,Property Damage Only,0,0,0,0,0,0,3500,2,4,,POINT (-96.374510220503 42.492238304931)
2014820349,14-1457,10/06/2014,10-October,2-Monday,15:43,1500 Hours,District 3 (Northwest),SPIRIT LAKE,DICKINSON,US 71,US 71/18TH ST & ERIE AVE,Collision with:  Vehicle in traffic,On Roadway,Broadside (front to side),FTYROW:  From stop sign,None Indicated,,Daylight,Dry,Cloudy,None apparent,Intersection:  Four-way intersection,Paved,,Property Damage Only,0,0,0,0,0,0,7000,2,2,,POINT (-95.097357513467 43.422617944418)
2014820331,14008705,10/06/2014,10-October,2-Monday,20:09,2000 Hours,District 6 (East Central),,DELAWARE,US 20,US 20,Collision with:  Animal,,,Animal,None Indicated,,,,,,,Paved,,Property Damage Only,0,0,0,0,0,0,5000,1,1,,POINT (-91.406301608706 42.471023333751)
2014820258,2014011188,10/06/2014,10-October,2-Monday,19:44,1900 Hours,District 6 (East Central),IOWA CITY,JOHNSON,,MELROSE AVE & HAWKINS DR,Collision with:  Vehicle in traffic,On Roadway,"Angle, oncoming left turn",Unknown,None Indicated,,Dark - roadway lighted,Dry,Clear,None apparent,Intersection:  T-intersection,Paved,,Property Damage Only,0,0,0,0,0,0,13000,2,2,,POINT (-91.54996401325 41.656891632512)
2014820224,201403600,10/06/2014,10-October,2-Monday,07:27,0700 Hours,District 6 (East Central),,LINN,US 30,US 30,Collision with:  Vehicle in traffic,On Roadway,Rear-end (front to rear),Followed too close,None Indicated,,Daylight,Dry,Clear,None apparent,Non-intersection:  Non-junction/no special feature,Paved,,Property Damage Only,0,0,0,0,0,0,10500,2,2,,POINT (-91.562468282382 41.925546683984)
2014820253,2014010483,10/06/2014,10-October,2-Monday,06:50,0600 Hours,District 1 (Central),MARSHALLTOWN,MARSHALL,,N 15TH ST,Collision with:  Parked motor vehicle,On Roadway,"Sideswipe, opposite direction",Improper Backing,None Indicated,,Dawn,Dry,Clear,None apparent,Non-intersection:  Driveway access (within),Paved,,Property Damage Only,0,0,0,0,0,0,3000,2,1,,POINT (-92.939720013727 42.05428308857)
2014820336,2014-38473,10/06/2014,10-October,2-Monday,16:52,1600 Hours,District 6 (East Central),DUBUQUE,DUBUQUE,,FENELON PL & BURCH ST,Collision with:  Non-motorist (see non-motorist section - NOT a unit),On Roadway,Non-collision (single vehicle),Lost Control,None Indicated,,Daylight,Dry,Clear,None apparent,Non-intersection:  Non-junction/no special feature,Paved,,Possible/Unknown,0,1,0,0,1,0,50,1,1,,POINT (-90.673661683107 42.495042461047)
2014826319,,10/06/2014,10-October,2-Monday,15:19,1500 Hours,District 2 (Northeast),HAMPTON,FRANKLIN,US 65,US 65/4TH ST NE & 6TH AVE NE,Collision with:  Vehicle in traffic,On Roadway,Rear-end (front to rear),FTYROW:  Other (explain in narrative),None Indicated,,Daylight,Dry,Clear,None apparent,Intersection:  Four-way intersection,Paved,,Property Damage Only,0,0,0,0,0,0,2000,2,2,,POINT (-93.202464429611 42.747341566592)