Iowa DOT Case Number,Law Enforcement Case Number,Date of Crash,Month of Crash,Day of Week,Time of Crash,Hour,DOT District,City Name,County Name,Route with System,Location Description,First Harmful Event,Location of First Harmful Event,Manner of Crash/Collision,Major Cause,Drug or Alcohol ,Environmental Conditions,Light Conditions,Surface Conditions,Weather Conditions,Roadway Contribution,Roadway Type,Roadway Surface,Work Zone,Crash Severity,Number of Fatalities,Number of Injuries,Number of Major Injuries,Number of Minor Injuries,Number of Possible Injuries,Number of Unknown Injuries,Amount of Property Damage,Number of Vehicles Involved,Total Number of Occupants,Travel Direction,Location
2014820321,14-013795,10/06/2014,10-October,2-Monday,18:54,1800 Hours,District 2 (Northeast),WAUCOMA,FAYETTE,,Co Rd V68/W AVE,Collision with:  Animal,,,Animal,None Indicated,,,,,,,Paved,,Property Damage Only,0,0,0,0,0,0,1500,1,1,,POINT (-92.042586703933 42.970315096618)
2014820792,201414926,10/06/2014,10-October,2-Monday,18:01,1800 Hours,District 6 (East Central),CEDAR RAPIDS,LINN,,WILSON AVE SW & WILEY BLVD SW,Collision with:  Vehicle in traffic,On Roadway,Broadside (front to side),Unknown,None Indicated,,Daylight,Dry,Clear,None apparent,Non-intersection:  Non-junction/no special feature,Paved,,Possible/Unknown,0,1,0,0,1,0,4500,2,2,,POINT (-91.725847202914 41.956549233569)
2014821270,2014-19483,10/06/2014,10-October,2-Monday,18:54,1800 Hours,District 6 (East Central),BETTENDORF,SCOTT,,TANGLEFOOT LN & 29TH ST,Collision with:  Vehicle in traffic,On Roadway,Rear-end (front to rear),Followed too close,None Indicated,,Dark - unknown roadway lighting,Dry,Cloudy,None apparent,Intersection:  T-intersection,Paved,,Possible/Unknown,0,1,0,0,1,0,20000,2,5,,POINT (-90.490373260122 41.560648504549)
2014822458,2014-70518,10/06/2014,10-October,2-Monday,15:38,1500 Hours,District 6 (East Central),DAVENPORT,SCOTT,,IA 461/BRADY ST,Collision with:  Vehicle in traffic,On Roadway,"Sideswipe, same direction",FTYROW:  Other (explain in narrative),None Indicated,,Daylight,Dry,Clear,None apparent,Non-intersection:  Non-junction/no special feature,Paved,,Property Damage Only,0,0,0,0,0,0,2521,2,4,,POINT (-90.56799170866 41.561948118561)
2014821720,10061417,10/06/2014,10-October,2-Monday,20:45,2000 Hours,District 5 (Southeast),OSCEOLA,CLARKE,US 69,US 69/N MAIN ST,Collision with:  Vehicle in traffic,On Roadway,"Angle, oncoming left turn",FTYROW:  From driveway,None Indicated,,Dark - roadway not lighted,Wet,Rain,None apparent,Non-intersection:  Driveway access (within),Paved,,Property Damage Only,0,0,0,0,0,0,9900,2,2,,POINT (-93.764677519668 41.061501584077)
2014821413,14-004698,10/06/2014,10-October,2-Monday,14:33,1400 Hours,District 1 (Central),AMES,STORY,,AIRPORT RD,Collision with:  Vehicle in traffic,On Roadway,"Angle, oncoming left turn",FTYROW:  Making left turn,None Indicated,,Daylight,Dry,Clear,None apparent,Non-intersection:  Crossover-related,Paved,,Property Damage Only,0,0,0,0,0,0,11000,2,3,,POINT (-93.624923946784 42.001016963684)
2014820117,14-10854,10/06/2014,10-October,2-Monday,06:55,0600 Hours,District 3 (Northwest),,SAC,,Co Rd D59/370TH ST,Collision with:  Animal,,,Animal,None Indicated,,,,,,,Paved,,Property Damage Only,0,0,0,0,0,0,5000,1,1,,POINT (-94.988846041788 42.253637792009)
2014820100,CL14003546,10/06/2014,10-October,2-Monday,11:53,1100 Hours,District 6 (East Central),CLINTON,CLINTON,US 30,US 30/8TH AVE S/S 4TH ST & US 67,Collision with:  Vehicle in traffic,On Roadway,Broadside (front to side),Other (explain in narrative):  Other,None Indicated,,Daylight,Dry,Cloudy,None apparent,Non-intersection:  Non-junction/no special feature,Paved,,Property Damage Only,0,0,0,0,0,0,3000,2,3,,POINT (-90.193264618213 41.837785007918)
2014820181,14-004315,10/06/2014,10-October,2-Monday,08:07,0800 Hours,District 1 (Central),ANKENY,POLK,,E 1ST ST & NE DELAWARE AVE,Collision with:  Vehicle in traffic,On Roadway,"Sideswipe, same direction",FTYROW:  Making right turn on red signal,None Indicated,,Daylight,Dry,Clear,None apparent,Intersection:  Four-way intersection,Paved,,Property Damage Only,0,0,0,0,0,0,4000,2,2,,POINT (-93.581065011793 41.731880200447)
2014820166,W14-100028,10/06/2014,10-October,2-Monday,12:05,1200 Hours,District 2 (Northeast),WATERLOO,BLACK HAWK,,W 3RD ST,Collision with:  Parked motor vehicle,On Roadway,"Sideswipe, same direction",Other (explain in narrative):  Other,Refused,,Daylight,Dry,Clear,None apparent,Non-intersection:  Non-junction/no special feature,Paved,,Property Damage Only,0,0,0,0,0,0,4200,2,1,,POINT (-92.348352138943 42.491194167245)
2014820443,14007018,10/06/2014,10-October,2-Monday,23:18,2300 Hours,District 1 (Central),WEBSTER CITY,HAMILTON,,Co Rd D20/210TH ST & 212TH ST,Collision with:  Animal,On Roadway,Non-collision (single vehicle),Animal,None Indicated,,Dark - roadway not lighted,Dry,Clear,None apparent,Intersection:  Four-way intersection,Paved,,Property Damage Only,0,0,0,0,0,0,6000,1,1,,POINT (-93.834326913182 42.485930230861)
2014820202,14-2231,10/06/2014,10-October,2-Monday,12:48,1200 Hours,District 1 (Central),URBANDALE,POLK,,MEREDITH DR,Collision with:  Vehicle in traffic,On Roadway,Rear-end (front to rear),Followed too close,None Indicated,,Daylight,Dry,Clear,None apparent,Non-intersection:  Non-junction/no special feature,Paved,,Property Damage Only,0,0,0,0,0,0,2000,2,2,,POINT (-93.71326089216 41.643839058003)
2014822025,14-001504,10/06/2014,10-October,2-Monday,11:55,1100 Hours,District 1 (Central),AMES,STORY,,OSBORN DR & SIXTH ST & IOWA STATE UNIVERSITY & WALLACE RD,Collision with:  Vehicle in traffic,On Roadway,Rear-end (front to rear),Unknown,None Indicated,,Daylight,Dry,Clear,None apparent,Intersection:  Four-way intersection,Paved,,Property Damage Only,0,0,0,0,0,0,2000,2,2,,POINT (-93.641517119097 42.028890874766)
2014823581,2014-006155,10/06/2014,10-October,2-Monday,15:07,1500 Hours,District 6 (East Central),,BENTON,,19 AVE & 64 ST,Collision with:  Vehicle in traffic,On Roadway,Broadside (front to side),FTYROW:  From yield sign,None Indicated,,Daylight,"Mud, dirt",Clear,None apparent,Intersection:  Four-way intersection,Unpaved,,Major Injury,0,1,1,0,0,0,39000,2,2,,POINT (-92.124406127962 42.09406374877)
2014819906,20140029562,10/06/2014,10-October,2-Monday,12:43,1200 Hours,District 1 (Central),DES MOINES,POLK,,UNIVERSITY AVE & 24TH ST,Collision with:  Vehicle in traffic,On Roadway,"Angle, oncoming left turn",Made improper turn,None Indicated,,Daylight,Dry,Clear,None apparent,Intersection:  Four-way intersection,Paved,,Possible/Unknown,0,2,0,0,2,0,10000,2,2,,POINT (-93.649723054855 41.600386767173)
2014820188,20140029585,10/06/2014,10-October,2-Monday,14:52,1400 Hours,District 1 (Central),DES MOINES,POLK,IA 28,IA 28/MERLE HAY RD,Collision with:  Vehicle in traffic,On Roadway,Rear-end (front to rear),Ran Traffic Signal,None Indicated,,Daylight,Dry,Cloudy,None apparent,Intersection:  Four-way intersection,Paved,,Minor Injury,0,1,0,1,0,0,3500,2,2,,POINT (-93.697785982015 41.636350018841)
2014820212,14-33146,10/06/2014,10-October,2-Monday,13:22,1300 Hours,District 3 (Northwest),SIOUX CITY,WOODBURY,,SOUTHBRIDGE DR,Non-collision events:  Overturn/rollover,Outside trafficway,Non-collision (single vehicle),Ran off road - left,None Indicated,,Daylight,Dry,Cloudy,None apparent,Non-intersection:  Non-junction/no special feature,Paved,,Property Damage Only,0,0,0,0,0,0,10000,1,1,,POINT (-96.36249619499 42.385626489108)
2014826656,,10/06/2014,10-October,2-Monday,07:44,0700 Hours,District 2 (Northeast),,WINNESHIEK,,QUARRY HILL RD,Collision with fixed object:  Ditch,Roadside,Non-collision (single vehicle),Swerving/Evasive Action,None Indicated,,Daylight,"Mud, dirt",Clear,"Surface condition (e.g., wet, icy)",Non-intersection:  Non-junction/no special feature,Unpaved,,Possible/Unknown,0,1,0,0,1,0,1500,1,1,,POINT (-91.769676651515 43.315181272733)
2014820225,14-4988,10/06/2014,10-October,2-Monday,15:00,1500 Hours,District 1 (Central),WEST DES MOINES,POLK,,MAPLE ST & 3RD ST,Collision with:  Parked motor vehicle,On Roadway,Broadside (front to side),Other (explain in narrative):  Other,None Indicated,,Daylight,Dry,Clear,None apparent,Non-intersection:  Non-junction/no special feature,Paved,,Property Damage Only,0,0,0,0,0,0,1500,2,15,,POINT (-93.706138765798 41.571068802461)
2014821962,,10/06/2014,10-October,2-Monday,12:30,1200 Hours,District 6 (East Central),JESUP,BUCHANAN,,Co Rd D22/SOUTH ST & Co Rd V62/BLACKHAWK-BUCHANAN AVE & 6TH ST,Collision with:  Vehicle in traffic,On Roadway,"Angle, oncoming left turn",FTYROW:  Making left turn,None Indicated,,Daylight,Dry,Clear,None apparent,Intersection:  Four-way intersection,Paved,,Property Damage Only,0,0,0,0,0,0,4500,2,2,,POINT (-92.06341288274 42.468227245418)
2014821461,2014057126,10/06/2014,10-October,2-Monday,13:30,1300 Hours,District 5 (Southeast),,WARREN,I-35,I-35,Collision with:  Vehicle in traffic,On Roadway,Rear-end (front to rear),Made improper turn,None Indicated,,Daylight,Dry,Clear,None apparent,Non-intersection:  Crossover-related,Paved,,Property Damage Only,0,0,0,0,0,0,6000,2,2,,POINT (-93.780704762672 41.371180950532)
2014822968,14042398,10/06/2014,10-October,2-Monday,19:17,1900 Hours,District 5 (Southeast),,MUSCATINE,IA 70,IA 70/IOWA 70,Collision with:  Animal,,,Animal,None Indicated,,,,,,,Paved,,Property Damage Only,0,0,0,0,0,0,7000,1,1,,POINT (-91.331741530045 41.445790167149)
2014820214,14-33153,10/06/2014,10-October,2-Monday,13:36,1300 Hours,District 3 (Northwest),SIOUX CITY,WOODBURY,,4TH ST & HOEVEN DR,Collision with:  Vehicle in traffic,On Roadway,Broadside (front to side),Ran Stop Sign,None Indicated,,Daylight,Dry,Clear,None apparent,Intersection:  Four-way intersection,Paved,,Property Damage Only,0,0,0,0,0,0,9000,2,2,,POINT (-96.390863009058 42.494267354347)
2014821407,1-14-000391,10/06/2014,10-October,2-Monday,11:30,1100 Hours,District 4 (Southwest),,SHELBY,IA 37,IA 37/IOWA 37 & ELMWOOD RD,Collision with fixed object:  Ditch,On Roadway,Non-collision (single vehicle),Ran off road - right,None Indicated,,Daylight,Dry,Clear,None apparent,Non-intersection:  Non-junction/no special feature,Paved,,Property Damage Only,0,0,0,0,0,0,8000,1,1,,POINT (-95.480430882794 41.802080614959)
2014820313,2014-70410,10/06/2014,10-October,2-Monday,03:53,0300 Hours,District 6 (East Central),DAVENPORT,SCOTT,,E LOCUST ST,Collision with fixed object:  Utility pole/light support,On Roadway,Non-collision (single vehicle),Swerving/Evasive Action,None Indicated,,Dark - roadway lighted,Wet,Rain,"Surface condition (e.g., wet, icy)",Non-intersection:  Non-junction/no special feature,Paved,,Property Damage Only,0,0,0,0,0,0,1500,1,2,,POINT (-90.570270212682 41.538264480856)
2014821580,,10/06/2014,10-October,2-Monday,07:30,0700 Hours,District 4 (Southwest),,GUTHRIE,IA 25,IA 25/IOWA 25,Collision with:  Animal,On Roadway,Non-collision (single vehicle),Animal,None Indicated,,Daylight,Dry,Clear,,Non-intersection:  Non-junction/no special feature,Paved,,Property Damage Only,0,0,0,0,0,0,2330,1,1,,POINT (-94.502418937971 41.715564522552)
2014820536,14-035639,10/06/2014,10-October,2-Monday,10:08,1000 Hours,District 5 (Southeast),WEST BURLINGTON,DES MOINES,,MT PLEASANT ST,Collision with:  Vehicle in traffic,On Roadway,Rear-end (front to rear),Followed too close,None Indicated,,Daylight,Dry,Clear,None apparent,Non-intersection:  Non-junction/no special feature,Paved,,Property Damage Only,0,0,0,0,0,0,3500,2,2,,POINT (-91.146886233359 40.825936257711)
2014827180,,10/06/2014,10-October,2-Monday,14:06,1400 Hours,District 2 (Northeast),DECORAH,WINNESHIEK,,MONTGOMERY ST,Collision with:  Vehicle in traffic,On Roadway,"Angle, oncoming left turn",FTYROW:  Making left turn,None Indicated,,Daylight,Dry,,None apparent,Non-intersection:  Driveway access (within),Paved,,Possible/Unknown,0,1,0,0,1,0,16000,2,2,,POINT (-91.770505479507 43.29364245671)
2014821151,2014-014653,10/06/2014,10-October,2-Monday,19:06,1900 Hours,District 6 (East Central),,DUBUQUE,US 52,US 52,Collision with:  Animal,,,Animal,None Indicated,,,,,,,Paved,,Property Damage Only,0,0,0,0,0,0,2000,1,1,,POINT (-90.639618745159 42.43828836829)
2014824745,1410-068,10/06/2014,10-October,2-Monday,19:20,1900 Hours,District 3 (Northwest),,OSCEOLA,,Co Rd L54/TAFT AVE,Collision with:  Animal,,,Animal,None Indicated,,,,,,,Paved,,Property Damage Only,0,0,0,0,0,0,2500,1,1,,POINT (-95.56480317585 43.293601217907)
2014819900,20140029531,10/06/2014,10-October,2-Monday,07:11,0700 Hours,District 1 (Central),DES MOINES,POLK,,MLK JR PKWY,Collision with:  Vehicle in traffic,On Roadway,Rear-end (front to rear),Driver Distraction:  Manual operation of an electronic communication device,None Indicated,,Daylight,Dry,Clear,None apparent,Non-intersection:  Non-junction/no special feature,Paved,,Property Damage Only,0,0,0,0,0,0,7500,3,5,,POINT (-93.64383781609 41.601059390167)
2014819895,20140029523,10/06/2014,10-October,2-Monday,00:28,0000 Hours,District 1 (Central),DES MOINES,POLK,,HUBBELL AVE,Collision with fixed object:  Utility pole/light support,On Roadway,Non-collision (single vehicle),Ran off road - right,None Indicated,,Dark - roadway lighted,Dry,Clear,None apparent,Non-intersection:  Non-junction/no special feature,Paved,,Possible/Unknown,0,1,0,0,0,1,55000,1,1,,POINT (-93.581873494448 41.598786616313)
2014821323,,10/06/2014,10-October,2-Monday,13:10,1300 Hours,District 5 (Southeast),CUMMING,WARREN,,CUMMING AVE,Collision with:  Vehicle in traffic,On Roadway,Rear-end (front to rear),Unknown,None Indicated,,Daylight,Dry,Clear,,Unknown,Paved,,Property Damage Only,0,0,0,0,0,0,2500,2,2,,POINT (-93.788658469442 41.483089451942)
2014820203,14-002297,10/06/2014,10-October,2-Monday,07:04,0700 Hours,District 1 (Central),ALTOONA,POLK,,36TH AVE SW,Collision with:  Vehicle in traffic,On Roadway,Rear-end (front to rear),Followed too close,None Indicated,,Dawn,Dry,Cloudy,None apparent,Non-intersection:  Non-junction/no special feature,Paved,,Possible/Unknown,0,1,0,0,1,0,3000,2,3,,POINT (-93.506139721145 41.644271153477)
2014821463,2014057154,10/06/2014,10-October,2-Monday,16:20,1600 Hours,District 1 (Central),,JASPER,IA 163,IA 163/IOWA 163 W,Collision with:  Vehicle in traffic,On Roadway,Rear-end (front to rear),Driver Distraction:  Passenger,None Indicated,,Daylight,Dry,Cloudy,None apparent,Non-intersection:  Non-junction/no special feature,Paved,,Minor Injury,0,2,0,2,0,0,75000,2,3,,POINT (-93.319526304554 41.601220212884)
2014820169,14-015382,10/06/2014,10-October,2-Monday,13:15,1300 Hours,District 3 (Northwest),SPENCER,CLAY,US 18,US 18/N GRAND AVE & W 3RD ST & E 3RD ST,Collision with:  Vehicle in traffic,On Roadway,Broadside (front to side),FTYROW:  From parked position,None Indicated,,Daylight,Dry,Clear,None apparent,Non-intersection:  Non-junction/no special feature,Paved,,Property Damage Only,0,0,0,0,0,0,4000,2,4,,POINT (-95.144649057876 43.140393368082)
2014820532,14-099910,10/06/2014,10-October,2-Monday,03:49,0300 Hours,District 2 (Northeast),LA PORTE CITY,BLACK HAWK,,HAMMOND AVE,Collision with fixed object:  Ditch,Outside trafficway,Non-collision (single vehicle),Ran off road - right,None Indicated,,Dark - roadway not lighted,"Mud, dirt",Clear,None apparent,Non-intersection:  Driveway access (within),Unpaved,,Property Damage Only,0,0,0,0,0,0,5000,1,1,,POINT (-92.337912263484 42.316607527975)
2014820654,14151669,10/06/2014,10-October,2-Monday,11:43,1100 Hours,District 6 (East Central),IOWA CITY,JOHNSON,IA 1,IA 1/IOWA 1,Collision with:  Vehicle in traffic,On Roadway,Rear-end (front to rear),Followed too close,None Indicated,,Daylight,Dry,Clear,Work Zone (roadway-related),Non-intersection:  Non-junction/no special feature,Paved,Yes,Property Damage Only,0,0,0,0,0,0,2000,2,3,,POINT (-91.712989162379 41.560836736734)
2014828228,GP20140821,10/06/2014,10-October,2-Monday,12:39,1200 Hours,District 1 (Central),GRINNELL,POWESHIEK,IA 146,IA 146/WEST ST & HAMILTON AVE,Unknown,On Roadway,Rear-end (front to rear),Swerving/Evasive Action,None Indicated,,Daylight,Dry,Clear,None apparent,Non-intersection:  Non-junction/no special feature,Paved,,Property Damage Only,0,0,0,0,0,0,6000,2,2,,POINT (-92.72734786637 41.737430353345)
2014820493,14-004704,10/06/2014,10-October,2-Monday,19:59,1900 Hours,District 1 (Central),AMES,STORY,,LINCOLN WAY & COLORADO AVE,Collision with:  Vehicle in traffic,On Roadway,Rear-end (front to rear),Driving too fast for conditions,None Indicated,,Dark - roadway lighted,Dry,Clear,None apparent,Intersection:  T-intersection,Paved,,Minor Injury,0,1,0,1,0,0,6000,2,2,,POINT (-93.663004528449 42.022779401359)
2014820241,14-19461,10/06/2014,10-October,2-Monday,15:32,1500 Hours,District 6 (East Central),BETTENDORF,SCOTT,US 67,US 67/GRANT ST & 23RD ST,Collision with:  Vehicle in traffic,On Roadway,Broadside (front to side),Ran Traffic Signal,None Indicated,,Daylight,Dry,Cloudy,None apparent,Intersection:  Four-way intersection,Paved,,Possible/Unknown,0,2,0,0,2,0,10000,2,2,,POINT (-90.500235367644 41.526603344281)
2014820330,14-5235,10/06/2014,10-October,2-Monday,23:40,2300 Hours,District 6 (East Central),HIAWATHA,LINN,I-380,I-380,Collision with:  Animal,,,Animal,None Indicated,,,,,,,Paved,,Property Damage Only,0,0,0,0,0,0,4500,1,1,,POINT (-91.679086167848 42.041995917097)
2014820455,14-004332,10/06/2014,10-October,2-Monday,19:00,1900 Hours,District 1 (Central),ANKENY,POLK,,SE 7TH ST,Collision with:  Other non-fixed object (explain in narrative),On Roadway,Non-collision (single vehicle),Improper Backing,None Indicated,,Dark - unknown roadway lighting,Dry,Cloudy,None apparent,Non-intersection:  Non-junction/no special feature,Paved,,Property Damage Only,0,0,0,0,0,0,1500,1,1,,POINT (-93.591769265774 41.724304693767)
2014820162,W14-100069,10/06/2014,10-October,2-Monday,14:20,1400 Hours,District 2 (Northeast),WATERLOO,BLACK HAWK,,W 3RD ST & WELLINGTON ST,Collision with:  Vehicle in traffic,On Roadway,"Angle, oncoming left turn",FTYROW:  Making left turn,None Indicated,,Daylight,Dry,Clear,None apparent,Intersection:  Four-way intersection,Paved,,Property Damage Only,0,0,0,0,0,0,11200,2,3,,POINT (-92.347836779888 42.491605504878)
2014820579,14-3165,10/06/2014,10-October,2-Monday,17:08,1700 Hours,District 1 (Central),FORT DODGE,WEBSTER,,6TH AVE N & N 25TH ST,Collision with:  Vehicle in traffic,On Roadway,"Sideswipe, same direction",Made improper turn,None Indicated,,Daylight,Dry,Cloudy,None apparent,Non-intersection:  Non-junction/no special feature,Paved,,Property Damage Only,0,0,0,0,0,0,5000,2,4,,POINT (-94.164478150114 42.511968477853)
2014820186,20140029574,10/06/2014,10-October,2-Monday,13:15,1300 Hours,District 1 (Central),DES MOINES,POLK,,WOODLAND AVE & 18TH ST,Collision with:  Parked motor vehicle,On Roadway,Broadside (front to side),Lost Control,None Indicated,,Daylight,Dry,Clear,None apparent,Intersection:  T-intersection,Paved,,Property Damage Only,0,0,0,0,0,0,2800,3,1,,POINT (-93.641309200566 41.588067072006)
2014820161,W14-100040,10/06/2014,10-October,2-Monday,12:49,1200 Hours,District 2 (Northeast),WATERLOO,BLACK HAWK,,E SAN MARNAN DR & FLAMMANG DR,Collision with:  Vehicle in traffic,On Roadway,"Sideswipe, same direction",FTYROW:  Making right turn on red signal,None Indicated,,Daylight,Dry,Cloudy,None apparent,Intersection:  Four-way intersection,Paved,,Property Damage Only,0,0,0,0,0,0,2400,2,2,,POINT (-92.331202792463 42.460691582629)
2014820765,,10/06/2014,10-October,2-Monday,17:48,1700 Hours,District 4 (Southwest),,ADAIR,IA 92,IA 92/IOWA 92,Collision with:  Vehicle in traffic,On Roadway,Broadside (front to side),Swerving/Evasive Action,None Indicated,,Daylight,Dry,Cloudy,None apparent,Non-intersection:  Driveway access (within),Paved,,Property Damage Only,0,0,0,0,0,0,13000,2,2,,POINT (-94.480223449023 41.303536086329)
2014820630,100614-52,10/06/2014,10-October,2-Monday,08:02,0800 Hours,District 3 (Northwest),,BUENA VISTA,,170TH AVE & 550TH ST,Collision with:  Animal,On Roadway,Non-collision (single vehicle),Animal,None Indicated,,Daylight,Dry,Clear,None apparent,Non-intersection:  Non-junction/no special feature,Unpaved,,Property Damage Only,0,0,0,0,0,0,2000,1,1,,POINT (-95.07281039696 42.719817646231)
2014821057,2014-70483,10/06/2014,10-October,2-Monday,12:09,1200 Hours,District 6 (East Central),DAVENPORT,SCOTT,US 6,US 6/E KIMBERLY RD & SPRING ST,Collision with:  Vehicle in traffic,On Roadway,Broadside (front to side),Ran Traffic Signal,None Indicated,,Daylight,Dry,Clear,None apparent,Intersection:  Four-way intersection,Paved,,Possible/Unknown,0,3,0,0,3,0,10000,2,3,,POINT (-90.547737591758 41.556888426314)
2014820221,14-4987,10/06/2014,10-October,2-Monday,15:00,1500 Hours,District 1 (Central),WEST DES MOINES,POLK,,NW 100TH ST & UNIVERSITY AVE & 35TH ST/VALLEY WEST DR,Collision with:  Vehicle in traffic,On Roadway,"Angle, oncoming left turn",Unknown,None Indicated,,Daylight,Dry,Cloudy,None apparent,Intersection:  Four-way intersection,Paved,,Property Damage Only,0,0,0,0,0,0,4000,2,2,,POINT (-93.75194991193 41.600412097768)
2014821250,14006209,10/06/2014,10-October,2-Monday,06:56,0600 Hours,District 2 (Northeast),,CERRO GORDO,,Co Rd S14/BALSAM AVE,Collision with:  Animal,,,Animal,None Indicated,,,,,,,Paved,,Property Damage Only,0,0,0,0,0,0,2500,1,1,,POINT (-93.478009049843 43.216003752645)
2014823518,14-015721,10/06/2014,10-October,2-Monday,22:09,2200 Hours,District 2 (Northeast),CHARLES CITY,FLOYD,US 218,US 218,Collision with:  Animal,,,Animal,None Indicated,,,,,,,Paved,,Property Damage Only,0,0,0,0,0,0,2000,1,1,,POINT (-92.647144818266 43.020700883595)
2014820334,2014-038475,10/06/2014,10-October,2-Monday,17:32,1700 Hours,District 6 (East Central),DUBUQUE,DUBUQUE,,PERU RD & TOLEDO ST,Collision with:  Vehicle in traffic,On Roadway,Rear-end (front to rear),Lost Control,None Indicated,,Daylight,Dry,Clear,None apparent,Non-intersection:  Non-junction/no special feature,Paved,,Possible/Unknown,0,1,0,0,1,0,10000,2,5,,POINT (-90.675970045242 42.538809564125)
2014819905,20140029556,10/06/2014,10-October,2-Monday,11:00,1100 Hours,District 1 (Central),DES MOINES,POLK,,E 33RD ST,Collision with:  Parked motor vehicle,Outside trafficway,Unknown,Unknown,None Indicated,,Daylight,Dry,Clear,Unknown,Non-intersection:  Non-junction/no special feature,Paved,,Property Damage Only,0,0,0,0,0,0,3000,2,1,,POINT (-93.551503852363 41.614437766145)
2014821058,2014-70507,10/06/2014,10-October,2-Monday,14:58,1400 Hours,District 6 (East Central),DAVENPORT,SCOTT,,ROCKINGHAM RD & N DIVISION ST,Collision with:  Vehicle in traffic,On Roadway,"Angle, oncoming left turn",FTYROW:  Making left turn,None Indicated,,Daylight,Dry,Clear,None apparent,Intersection:  Other intersection (explain in narrative),Paved,,Possible/Unknown,0,2,0,0,2,0,5500,2,3,,POINT (-90.601122410829 41.519530721538)
2014820710,14100083,10/06/2014,10-October,2-Monday,15:10,1500 Hours,District 2 (Northeast),CEDAR FALLS,BLACK HAWK,,5TH ST & CLAY ST,Collision with:  Vehicle in traffic,On Roadway,Broadside (front to side),Ran Stop Sign,None Indicated,,Daylight,Dry,Cloudy,None apparent,Intersection:  Four-way intersection,Paved,,Property Damage Only,0,0,0,0,0,0,4800,2,2,,POINT (-92.448171468296 42.534144688081)
2014820187,20140029576,10/06/2014,10-October,2-Monday,14:15,1400 Hours,District 1 (Central),DES MOINES,POLK,,6TH AVE,Collision with:  Vehicle in traffic,On Roadway,"Sideswipe, same direction","Operating vehicle in an reckless, erratic, careless, negligent manner",None Indicated,,Daylight,Dry,Clear,None apparent,Non-intersection:  Non-junction/no special feature,Paved,,Property Damage Only,0,0,0,0,0,0,2000,2,2,,POINT (-93.62567359318 41.612625873593)
2014820867,2014-006143,10/06/2014,10-October,2-Monday,10:13,1000 Hours,District 6 (East Central),,BENTON,,29 AVE DR,Collision with:  Vehicle in traffic,On Roadway,Head-on (front to front),Lost Control,None Indicated,,Daylight,Dry,Clear,None apparent,Non-intersection:  Non-junction/no special feature,Unpaved,,Major Injury,0,2,1,1,0,0,5500,2,2,,POINT (-91.913894156132 42.162522462256)
2014820193,20140029620,10/06/2014,10-October,2-Monday,19:21,1900 Hours,District 1 (Central),DES MOINES,POLK,,HICKMAN RD & MLK JR PKWY,Collision with:  Non-motorist (see non-motorist section - NOT a unit),On Roadway,Non-collision (single vehicle),Unknown,None Indicated,,Dark - roadway lighted,Dry,Cloudy,None apparent,Intersection:  Four-way intersection,Paved,,Minor Injury,0,1,0,1,0,0,0,1,1,,POINT (-93.646461472405 41.615050886462)
2014823047,14042314,10/06/2014,10-October,2-Monday,08:21,0800 Hours,District 5 (Southeast),,MUSCATINE,US 61,US 61,Collision with:  Vehicle in traffic,On Roadway,"Sideswipe, same direction",FTYROW:  From stop sign,None Indicated,,Daylight,Dry,Clear,None apparent,Intersection:  Other intersection (explain in narrative),Paved,,Property Damage Only,0,0,0,0,0,0,3000,2,2,,POINT (-90.793475072972 41.512810396358)
2014820464,20140029718,10/07/2014,10-October,3-Tuesday,15:54,1500 Hours,District 1 (Central),DES MOINES,POLK,,UNIVERSITY AVE & 8TH ST,Collision with:  Vehicle in traffic,On Roadway,Rear-end (front to rear),Driving too fast for conditions,None Indicated,,Daylight,Dry,Cloudy,None apparent,Non-intersection:  Non-junction/no special feature,Paved,,Property Damage Only,0,0,0,0,0,0,6500,2,3,,POINT (-93.628163282434 41.60079482185)
2014820459,20140029695,10/07/2014,10-October,3-Tuesday,12:53,1200 Hours,District 1 (Central),DES MOINES,POLK,,41ST ST,Collision with:  Vehicle in traffic,On Roadway,Rear-end (front to rear),Other (explain in narrative):  Vision obstructed,None Indicated,,Daylight,Dry,Cloudy,None apparent,Intersection:  Four-way intersection,Paved,,Property Damage Only,0,0,0,0,0,0,3000,2,2,,POINT (-93.672943639759 41.603937142992)
2014820494,14-004710,10/07/2014,10-October,3-Tuesday,11:22,1100 Hours,District 1 (Central),AMES,STORY,,S RIVERSIDE DR,Collision with:  Vehicle in traffic,On Roadway,Rear-end (front to rear),FTYROW:  From driveway,None Indicated,,Daylight,Dry,Clear,None apparent,Non-intersection:  Driveway access (within),Paved,,Property Damage Only,0,0,0,0,0,0,3500,2,6,,POINT (-93.629650438895 42.022363777199)
2014820845,201400049396,10/07/2014,10-October,3-Tuesday,07:40,0700 Hours,District 5 (Southeast),OTTUMWA,WAPELLO,,N COURT ST,Non-collision events:  Other non-collision (explain in narrative),Outside trafficway,Non-collision (single vehicle),Unknown,None Indicated,,Daylight,Dry,Cloudy,None apparent,Non-intersection:  Non-junction/no special feature,Paved,,Possible/Unknown,0,1,0,0,1,0,0,1,1,,POINT (-92.408898282609 41.028850386923)
2014820462,20140029711,10/07/2014,10-October,3-Tuesday,14:45,1400 Hours,District 1 (Central),DES MOINES,POLK,,EBELL AVE & SE 5TH ST,Collision with:  Non-motorist (see non-motorist section - NOT a unit),On Roadway,Non-collision (single vehicle),Other (explain in narrative):  No improper action,None Indicated,,Daylight,Dry,Clear,None apparent,Non-intersection:  Non-junction/no special feature,Paved,,Minor Injury,0,1,0,1,0,0,500,1,1,,POINT (-93.606599561783 41.563638564774)