Iowa DOT Case Number,Law Enforcement Case Number,Date of Crash,Month of Crash,Day of Week,Time of Crash,Hour,DOT District,City Name,County Name,Route with System,Location Description,First Harmful Event,Location of First Harmful Event,Manner of Crash/Collision,Major Cause,Drug or Alcohol ,Environmental Conditions,Light Conditions,Surface Conditions,Weather Conditions,Roadway Contribution,Roadway Type,Roadway Surface,Work Zone,Crash Severity,Number of Fatalities,Number of Injuries,Number of Major Injuries,Number of Minor Injuries,Number of Possible Injuries,Number of Unknown Injuries,Amount of Property Damage,Number of Vehicles Involved,Total Number of Occupants,Travel Direction,Location
2014820227,14-7935PD,10/07/2014,10-October,3-Tuesday,08:06,0800 Hours,District 1 (Central),BOONE,BOONE,,MAMIE EISENHOWER AVE,Collision with:  Vehicle in traffic,On Roadway,Rear-end (front to rear),Other (explain in narrative):  Vision obstructed,None Indicated,,Daylight,Dry,Clear,None apparent,Non-intersection:  Non-junction/no special feature,Paved,,Possible/Unknown,0,1,0,0,0,1,7000,2,2,,POINT (-93.875979089854 42.059656217018)
2014820183,14-004341,10/07/2014,10-October,3-Tuesday,14:22,1400 Hours,District 1 (Central),ANKENY,POLK,US 69,US 69/S ANKENY BLVD,Collision with:  Vehicle in traffic,On Roadway,Rear-end (front to rear),Other (explain in narrative):  Other,None Indicated,,Daylight,Dry,Clear,None apparent,Non-intersection:  Non-junction/no special feature,Paved,,Property Damage Only,0,0,0,0,0,0,5000,2,4,,POINT (-93.600379828854 41.728412272881)
2014820841,14014278,10/07/2014,10-October,3-Tuesday,16:29,1600 Hours,District 5 (Southeast),NUMA,APPANOOSE,,WALNUT ST,Collision with:  Vehicle in traffic,On Roadway,Head-on (front to front),Crossed centerline (undivided),None Indicated,,Daylight,Dry,Clear,None apparent,Non-intersection:  Non-junction/no special feature,Paved,,Minor Injury,0,1,0,1,0,0,14700,2,2,,POINT (-92.977986938792 40.689240727568)
2014820620,,10/07/2014,10-October,3-Tuesday,16:46,1600 Hours,District 3 (Northwest),,POCAHONTAS,IA 4,IA 4/220TH AVE & Co Rd C49/570TH ST,Collision with:  Vehicle in traffic,On Roadway,Rear-end (front to rear),FTYROW:  Other (explain in narrative),None Indicated,,,,,,,Paved,,Property Damage Only,0,0,0,0,0,0,2000,2,2,,POINT (-94.678377416898 42.659676072587)
2014820512,14-10948,10/07/2014,10-October,3-Tuesday,21:05,2100 Hours,District 3 (Northwest),,SAC,IA 110,IA 110/DEAN AVE,Collision with:  Animal,,,Animal,None Indicated,,,,,,,Paved,,Property Damage Only,0,0,0,0,0,0,1500,1,1,,POINT (-95.289008610238 42.512481201018)
2014820653,32075-14,10/07/2014,10-October,3-Tuesday,19:15,1900 Hours,District 3 (Northwest),,EMMET,,Co Rd A33/210 ST,Collision with:  Animal,,,Animal,None Indicated,,,,,,,Paved,,Property Damage Only,0,0,0,0,0,0,3000,1,1,,POINT (-94.703060776438 43.341785878938)
2014850895,14-008128,10/07/2014,10-October,3-Tuesday,15:16,1500 Hours,District 5 (Southeast),,LOUISA,,170TH ST,Collision with:  Vehicle in traffic,On Roadway,"Angle, oncoming left turn",FTYROW:  Making left turn,None Indicated,,Daylight,Dry,Cloudy,None apparent,Non-intersection:  Driveway access (within),Paved,,Property Damage Only,0,0,0,0,0,0,5000,2,2,,POINT (-91.205167974982 41.305589724013)
2014824522,14186,10/07/2014,10-October,3-Tuesday,15:19,1500 Hours,District 5 (Southeast),PELLA,MARION,,,Collision with:  Vehicle in traffic,On Roadway,Broadside (front to side),FTYROW:  From driveway,None Indicated,,Daylight,Dry,Clear,None apparent,Non-intersection:  Driveway access (within),,,Property Damage Only,0,0,0,0,0,0,1500,2,2,,POINT (-96.643700149993 40.233091251414)
2014821467,2014057315,10/07/2014,10-October,3-Tuesday,20:12,2000 Hours,District 2 (Northeast),WAUKON,ALLAMAKEE,,2ND AVE NW & 5TH ST NW,Collision with fixed object:  Other fixed object (explain in narrative),Outside trafficway,Non-collision (single vehicle),Lost Control,None Indicated,,Dark - roadway lighted,Dry,Clear,None apparent,Non-intersection:  Driveway access (within),Paved,,Property Damage Only,0,0,0,0,0,0,1500,1,1,,POINT (-91.482214585623 43.271000301336)
2014820795,201414982,10/07/2014,10-October,3-Tuesday,16:43,1600 Hours,District 6 (East Central),CEDAR RAPIDS,LINN,,18TH AVE SW & EDGEWOOD RD SW,Collision with:  Vehicle in traffic,On Roadway,"Sideswipe, same direction",FTYROW:  Other (explain in narrative),None Indicated,,Daylight,Dry,Clear,Work Zone (roadway-related),Non-intersection:  Non-junction/no special feature,Paved,Yes,Property Damage Only,0,0,0,0,0,0,3000,2,2,,POINT (-91.716050124009 41.961925023937)
2014820469,20140029689,10/07/2014,10-October,3-Tuesday,11:45,1100 Hours,District 1 (Central),DES MOINES,POLK,,WOODLAND AVE & 31ST ST & MLK JR PKWY,Collision with:  Vehicle in traffic,On Roadway,Rear-end (front to rear),Other (explain in narrative):  Other,None Indicated,,Daylight,Dry,Clear,None apparent,Non-intersection:  Non-junction/no special feature,Paved,,Property Damage Only,0,0,0,0,0,0,2500,2,3,,POINT (-93.644748535289 41.5864625611)
2014821464,2014057187,10/07/2014,10-October,3-Tuesday,01:08,0100 Hours,District 1 (Central),PLEASANT HILL,POLK,US 65,US 65/NE RAMP,Non-collision events:  Overturn/rollover,On Roadway,Non-collision (single vehicle),Swerving/Evasive Action,None Indicated,,Dark - roadway lighted,Dry,Clear,None apparent,Interchange-related:  On-ramp,Paved,,Property Damage Only,0,0,0,0,0,0,15000,1,1,,POINT (-93.511370150365 41.573721315753)
2014820533,14-042866,10/07/2014,10-October,3-Tuesday,22:22,2200 Hours,District 4 (Southwest),COUNCIL BLUFFS,POTTAWATTAMIE,I-29,I-29,Collision with:  Vehicle in traffic,On Roadway,Rear-end (front to rear),Illegally Parked/Unattended,None Indicated,,Dark - roadway lighted,Dry,Clear,None apparent,Interchange-related:  On-ramp merge area,Paved,,Possible/Unknown,0,3,0,0,3,0,35000,4,4,,POINT (-95.906812387792 41.251923021452)
2014821968,14017641,10/07/2014,10-October,3-Tuesday,11:37,1100 Hours,District 2 (Northeast),MASON CITY,CERRO GORDO,,19TH ST SW & S MONROE AVE,Collision with:  Vehicle in traffic,On Roadway,Rear-end (front to rear),Swerving/Evasive Action,None Indicated,,Daylight,Dry,Clear,None apparent,Non-intersection:  Non-junction/no special feature,Paved,,Minor Injury,0,1,0,1,0,0,11500,4,5,,POINT (-93.211075065612 43.133819339097)
2014821512,14001163,10/07/2014,10-October,3-Tuesday,20:42,2000 Hours,District 1 (Central),,STORY,,Co Rd S27/650TH AVE,Collision with:  Animal,,,Animal,None Indicated,,,,,,,Paved,,Property Damage Only,0,0,0,0,0,0,1500,1,1,,POINT (-93.405877782912 41.938899584663)
2014832340,2014-038488,10/07/2014,10-October,3-Tuesday,08:38,0800 Hours,District 6 (East Central),DUBUQUE,DUBUQUE,,ROCKDALE RD,Collision with:  Vehicle in traffic,On Roadway,Head-on (front to front),Crossed centerline (undivided),Drug,,Daylight,Dry,Cloudy,None apparent,Non-intersection:  Non-junction/no special feature,Paved,,Fatal,1,1,0,1,0,0,16000,2,2,,POINT (-90.676838087346 42.459202984096)
2014821494,14-001161,10/07/2014,10-October,3-Tuesday,16:33,1600 Hours,District 1 (Central),,STORY,,RIVERSIDE RD,Collision with:  Vehicle in traffic,Roadside,Rear-end (front to rear),Swerving/Evasive Action,None Indicated,,Daylight,Dry,Clear,None apparent,Non-intersection:  Non-junction/no special feature,Paved,,Possible/Unknown,0,1,0,0,1,0,2000,2,3,,POINT (-93.608738648732 42.065059533286)
2014820451,14005975,10/07/2014,10-October,3-Tuesday,16:11,1600 Hours,District 3 (Northwest),SHELDON,OBRIEN,,6TH ST & 7TH AVE,Collision with:  Parked motor vehicle,On Roadway,Unknown,FTYROW:  Other (explain in narrative),None Indicated,,Daylight,Dry,Clear,None apparent,Non-intersection:  Non-junction/no special feature,Paved,,Property Damage Only,0,0,0,0,0,0,3000,2,2,,POINT (-95.847930953298 43.18333325072)
2014821465,2014057194,10/07/2014,10-October,3-Tuesday,06:00,0600 Hours,District 1 (Central),DES MOINES,POLK,I-235,I-235,Collision with:  Vehicle in traffic,On Roadway,"Sideswipe, same direction",Crossed centerline (undivided),None Indicated,,Dark - roadway lighted,Wet,Clear,None apparent,Non-intersection:  Non-junction/no special feature,Paved,,Property Damage Only,0,0,0,0,0,0,2501,2,2,,POINT (-93.664696781406 41.593167443252)
2014820722,201400003612,10/07/2014,10-October,3-Tuesday,03:35,0300 Hours,District 6 (East Central),,LINN,US 151,US 151/DUBUQUE RD & CARLTON LN,Collision with:  Animal,,,Animal,None Indicated,,,,,,,Paved,,Property Damage Only,0,0,0,0,0,0,1500,1,1,,POINT (-91.46760137278 42.050399365772)
2014833091,2014-79-AC,10/07/2014,10-October,3-Tuesday,22:12,2200 Hours,District 3 (Northwest),,DICKINSON,,Co Rd A18/140TH ST,Collision with fixed object:  Ditch,On Roadway,Non-collision (single vehicle),Swerving/Evasive Action,None Indicated,,Dark - roadway not lighted,"Mud, dirt",Clear,None apparent,Non-intersection:  Driveway access (within),Unpaved,,Property Damage Only,0,0,0,0,0,0,1700,1,1,,POINT (-95.300821602065 43.444977136527)
2014821605,14-7420,10/07/2014,10-October,3-Tuesday,07:54,0700 Hours,District 3 (Northwest),,IDA,,Co Rd M31/QUAIL AVE & 190TH ST,Collision with:  Vehicle in traffic,On Roadway,Broadside (front to side),Ran Stop Sign,None Indicated,,Daylight,Dry,Clear,None apparent,Intersection:  Four-way intersection,Paved,,Minor Injury,0,2,0,2,0,0,25300,2,2,,POINT (-95.342126410771 42.428982320333)
2014821311,2014-70729,10/07/2014,10-October,3-Tuesday,15:54,1500 Hours,District 6 (East Central),DAVENPORT,SCOTT,,E 53RD ST & EASTERN AVE,Collision with:  Vehicle in traffic,On Roadway,Rear-end (front to rear),Unknown,None Indicated,,Daylight,Dry,Cloudy,None apparent,Non-intersection:  Non-junction/no special feature,Paved,,Property Damage Only,0,0,0,0,0,0,3000,4,4,,POINT (-90.551320806069 41.574716355054)
2014820574,14-042809,10/07/2014,10-October,3-Tuesday,16:39,1600 Hours,District 4 (Southwest),COUNCIL BLUFFS,POTTAWATTAMIE,,KESTREL CT,Collision with:  Vehicle in traffic,On Roadway,Broadside (front to side),Improper Backing,None Indicated,,Daylight,Dry,Clear,None apparent,Non-intersection:  Non-junction/no special feature,Paved,,Property Damage Only,0,0,0,0,0,0,1500,2,777,,POINT (-95.836383876269 41.203236063494)
2014820870,14-008800,10/07/2014,10-October,3-Tuesday,16:00,1600 Hours,District 4 (Southwest),,CASS,IA 173,IA 173/590TH ST & EASTLAND RD,Unknown,On Roadway,Non-collision (single vehicle),Swerving/Evasive Action,None Indicated,,Daylight,Dry,Clear,None apparent,Non-intersection:  Non-junction/no special feature,Paved,,Property Damage Only,0,0,0,0,0,0,1500,1,3,,POINT (-95.060221537947 41.446839946693)
2014820453,14-6596,10/07/2014,10-October,3-Tuesday,17:27,1700 Hours,District 1 (Central),,POLK,IA 17,IA 17,Collision with:  Vehicle in traffic,On Roadway,Rear-end (front to rear),Other (explain in narrative):  Other,None Indicated,,Daylight,Dry,Clear,None apparent,Non-intersection:  Non-junction/no special feature,Paved,,Property Damage Only,0,0,0,0,0,0,4000,2,2,,POINT (-93.815294970035 41.838981146811)
2014820178,14-6581,10/07/2014,10-October,3-Tuesday,07:49,0700 Hours,District 1 (Central),GRIMES,POLK,IA 141,IA 141/IOWA 141,Collision with:  Vehicle in traffic,On Roadway,Rear-end (front to rear),Followed too close,None Indicated,,Dawn,Dry,Cloudy,None apparent,Intersection:  T-intersection,Paved,,Property Damage Only,0,0,0,0,0,0,5000,2,2,,POINT (-93.775132792161 41.652463608202)
2014826346,,10/07/2014,10-October,3-Tuesday,18:54,1800 Hours,District 2 (Northeast),,WINNESHIEK,,WHITETAIL RD,Non-collision events:  Overturn/rollover,Outside trafficway,Non-collision (single vehicle),Ran off road - right,Alcohol (Statutory),,Dark - roadway lighted,"Mud, dirt",Cloudy,None apparent,Non-intersection:  Non-junction/no special feature,Unpaved,,Property Damage Only,0,0,0,0,0,0,5000,1,1,,POINT (-91.749223440794 43.309520711015)
2014820197,20140029660,10/07/2014,10-October,3-Tuesday,07:43,0700 Hours,District 1 (Central),DES MOINES,POLK,,MLK JR PKWY,Collision with:  Vehicle in traffic,On Roadway,Rear-end (front to rear),Followed too close,None Indicated,,Daylight,Dry,Clear,None apparent,Non-intersection:  Non-junction/no special feature,Paved,,Property Damage Only,0,0,0,0,0,0,5000,2,2,,POINT (-93.64871468171 41.621910686433)
2014820508,2014011205,10/07/2014,10-October,3-Tuesday,10:54,1000 Hours,District 6 (East Central),IOWA CITY,JOHNSON,I-80,I-80,Collision with:  Vehicle in traffic,On Roadway,"Sideswipe, same direction",FTYROW:  Other (explain in narrative),None Indicated,,Daylight,Dry,Clear,None apparent,Non-intersection:  Non-junction/no special feature,Paved,,Property Damage Only,0,0,0,0,0,0,3500,2,3,,POINT (-91.506251221736 41.68687389215)
2014820711,14100402,10/07/2014,10-October,3-Tuesday,14:53,1400 Hours,District 2 (Northeast),CEDAR FALLS,BLACK HAWK,IA 27,IA 27,Collision with:  Vehicle in traffic,On Roadway,Rear-end (front to rear),Driving too fast for conditions,None Indicated,,Daylight,Dry,Clear,None apparent,Intersection:  Four-way intersection,Paved,,Property Damage Only,0,0,0,0,0,0,2500,2,2,,POINT (-92.445868135604 42.469579717679)
2014826534,14008730,10/07/2014,10-October,3-Tuesday,19:19,1900 Hours,District 6 (East Central),MANCHESTER,DELAWARE,,E ACERS ST & CORNERSTONE BLVD,Collision with:  Vehicle in traffic,On Roadway,"Sideswipe, opposite direction",Crossed centerline (undivided),Alcohol (Statutory),,Dark - roadway lighted,Dry,Clear,None apparent,Non-intersection:  Non-junction/no special feature,Paved,,Possible/Unknown,0,1,0,0,1,0,6000,2,2,,POINT (-91.448712114484 42.495920470006)
2014821173,2014-038510,10/07/2014,10-October,3-Tuesday,20:00,2000 Hours,District 6 (East Central),DUBUQUE,DUBUQUE,IA 32,IA 32,Collision with:  Animal,,,Animal,None Indicated,,,,,,,Paved,,Property Damage Only,0,0,0,0,0,0,1500,1,1,,POINT (-90.71266309278 42.530380940588)
2014835169,14-005774,10/07/2014,10-October,3-Tuesday,19:30,1900 Hours,District 2 (Northeast),,HANCOCK,,Co Rd B20/290TH ST & TAYLOR AVE,Collision with:  Vehicle in traffic,On Roadway,Broadside (front to side),FTYROW:  From driveway,None Indicated,,Dark - roadway not lighted,Dry,Cloudy,None apparent,Non-intersection:  Driveway access (within),Paved,,Property Damage Only,0,0,0,0,0,0,6000,2,2,,POINT (-93.586590555461 43.184216050681)
2014820847,2014011211,10/07/2014,10-October,3-Tuesday,13:18,1300 Hours,District 6 (East Central),IOWA CITY,JOHNSON,,FRIENDSHIP ST & S 1ST AVE,Collision with:  Vehicle in traffic,On Roadway,"Angle, oncoming left turn",FTYROW:  Making left turn,None Indicated,,Daylight,Dry,Cloudy,None apparent,Intersection:  Four-way intersection,Paved,,Property Damage Only,0,0,0,0,0,0,7000,2,2,,POINT (-91.501969982358 41.653880202788)
2014820452,14-6594,10/07/2014,10-October,3-Tuesday,15:57,1500 Hours,District 1 (Central),,POLK,,NW 70TH AVE,Collision with fixed object:  Ditch,Roadside,Non-collision (single vehicle),Ran off road - left,None Indicated,,Daylight,Dry,Cloudy,None apparent,Non-intersection:  Non-junction/no special feature,Paved,,Property Damage Only,0,0,0,0,0,0,3125,1,1,,POINT (-93.642436413524 41.688355611833)
2014820540,14-5011,10/07/2014,10-October,3-Tuesday,16:45,1600 Hours,District 1 (Central),WEST DES MOINES,POLK,,60TH ST,Collision with:  Vehicle in traffic,On Roadway,Rear-end (front to rear),Other (explain in narrative):  Other,None Indicated,,Daylight,Dry,Clear,None apparent,Non-intersection:  Non-junction/no special feature,Paved,,Property Damage Only,0,0,0,0,0,0,3700,3,4,,POINT (-93.790566253928 41.586723289841)
2014821601,32073-14,10/07/2014,10-October,3-Tuesday,06:15,0600 Hours,District 3 (Northwest),,EMMET,,100TH ST & 465 AVE,Non-collision events:  Overturn/rollover,Shoulder,Non-collision (single vehicle),Made improper turn,None Indicated,,Dark - roadway not lighted,"Mud, dirt",Clear,None apparent,Intersection:  T-intersection,Unpaved,,Property Damage Only,0,0,0,0,0,0,46744,1,1,,POINT (-94.670255018331 43.500752850769)
2014820164,W14-100304,10/07/2014,10-October,3-Tuesday,08:00,0800 Hours,District 2 (Northeast),WATERLOO,BLACK HAWK,,MULBERRY ST & VINTON ST,Collision with:  Vehicle in traffic,On Roadway,"Sideswipe, same direction",Other (explain in narrative):  Other,None Indicated,,Daylight,Dry,Clear,None apparent,Non-intersection:  Non-junction/no special feature,Paved,,Property Damage Only,0,0,0,0,0,0,1500,2,3,,POINT (-92.320841120965 42.494348587381)
2014821408,14-11763,10/07/2014,10-October,3-Tuesday,19:55,1900 Hours,District 3 (Northwest),,SIOUX,US 75,US 75,Collision with:  Animal,,,Animal,None Indicated,,,,,,,Paved,,Property Damage Only,0,0,0,0,0,0,3000,1,1,,POINT (-96.177460454499 43.237297131279)
2014820715,10-14-056,10/07/2014,10-October,3-Tuesday,13:44,1300 Hours,District 3 (Northwest),LE MARS,PLYMOUTH,,12TH ST SW & LINCOLN ST W,Collision with:  Vehicle in traffic,On Roadway,Broadside (front to side),FTYROW:  From stop sign,None Indicated,,Daylight,Dry,Clear,None apparent,Intersection:  T-intersection,Paved,,Minor Injury,0,1,0,1,0,0,9000,2,2,,POINT (-96.184836552872 42.778711334792)
2014824013,02796,10/07/2014,10-October,3-Tuesday,05:23,0500 Hours,District 6 (East Central),DYERSVILLE,DELAWARE,,Co Rd X49/332ND AVE,Collision with:  Animal,,,Animal,None Indicated,,,,,,,Paved,,Property Damage Only,0,0,0,0,0,0,3000,1,1,,POINT (-91.149031425507 42.495991863076)
2014821415,14-004719,10/07/2014,10-October,3-Tuesday,17:40,1700 Hours,District 1 (Central),AMES,STORY,,E 6TH ST & CARROLL AVE,Collision with fixed object:  Other fixed object (explain in narrative),Outside trafficway,Non-collision (single vehicle),Lost Control,None Indicated,,Daylight,Dry,Clear,None apparent,Intersection:  Four-way intersection,Paved,,Major Injury,0,1,1,0,0,0,14500,1,1,,POINT (-93.608786103068 42.026997634911)
2014820177,14-6580,10/07/2014,10-October,3-Tuesday,04:59,0400 Hours,District 1 (Central),DES MOINES,POLK,,E DOUGLAS AVE,Collision with fixed object:  Other fixed object (explain in narrative),Outside trafficway,Non-collision (single vehicle),Ran off road - right,None Indicated,,Dark - roadway lighted,Dry,Clear,None apparent,Non-intersection:  Non-junction/no special feature,Paved,,Property Damage Only,0,0,0,0,0,0,4000,1,1,,POINT (-93.532352835817 41.629633147768)
2014820163,W14-100292,10/07/2014,10-October,3-Tuesday,07:18,0700 Hours,District 2 (Northeast),WATERLOO,BLACK HAWK,,W RIDGEWAY AVE,Collision with:  Parked motor vehicle,On Roadway,Rear-end (front to rear),Illegally Parked/Unattended,None Indicated,,Dawn,Dry,Cloudy,None apparent,Intersection:  T-intersection,Paved,,Property Damage Only,0,0,0,0,0,0,12000,2,1,,POINT (-92.433582515558 42.469519661986)
2014820768,201410078281,10/07/2014,10-October,3-Tuesday,04:30,0400 Hours,District 6 (East Central),,CLINTON,IA 136,IA 136/IOWA 136,Collision with:  Animal,,,Animal,None Indicated,,,,,,,Paved,,Property Damage Only,0,0,0,0,0,0,1500,1,1,,POINT (-90.424352128803 41.963386055818)
2014820743,J14071522,10/07/2014,10-October,3-Tuesday,15:20,1500 Hours,District 2 (Northeast),,FRANKLIN,,Co Rd S14/HWY 107/BALSAM AVE,Collision with:  Vehicle in traffic,On Roadway,"Sideswipe, same direction",Other (explain in narrative):  Other,None Indicated,,Daylight,Dry,Clear,None apparent,Non-intersection:  Driveway access (within),Paved,,Possible/Unknown,0,1,0,0,0,1,1500,2,4,,POINT (-93.478540871243 42.883060017792)
2014820877,2014-038506,10/07/2014,10-October,3-Tuesday,17:18,1700 Hours,District 6 (East Central),DUBUQUE,DUBUQUE,,JOHN F KENNEDY RD,Collision with:  Vehicle in traffic,On Roadway,Rear-end (front to rear),Improper or erratic lane changing,None Indicated,,Daylight,Dry,Cloudy,None apparent,Non-intersection:  Non-junction/no special feature,Paved,,Property Damage Only,0,0,0,0,0,0,2000,2,3,,POINT (-90.72058502461 42.506062672909)
2014820480,14-0883,10/07/2014,10-October,3-Tuesday,12:12,1200 Hours,District 1 (Central),WINDSOR HEIGHTS,POLK,US 6,US 6/HICKMAN RD & WESTOVER BLVD,Collision with:  Vehicle in traffic,On Roadway,"Sideswipe, same direction",FTYROW:  Other (explain in narrative),None Indicated,,Daylight,Dry,Clear,None apparent,Intersection:  Four-way intersection,Paved,,Property Damage Only,0,0,0,0,0,0,2500,2,2,,POINT (-93.706196231858 41.614870587951)
2014822151,,10/07/2014,10-October,3-Tuesday,19:56,1900 Hours,District 2 (Northeast),,ALLAMAKEE,,OLD SIXTEEN RD,Collision with:  Animal,On Roadway,Non-collision (single vehicle),Animal,None Indicated,,Dark - roadway not lighted,"Mud, dirt",Cloudy,,Non-intersection:  Non-junction/no special feature,Unpaved,,Property Damage Only,0,0,0,0,0,0,3000,1,1,,POINT (-91.316366074428 43.12815430649)
2014820519,2014-70743,10/07/2014,10-October,3-Tuesday,16:54,1600 Hours,District 6 (East Central),DAVENPORT,SCOTT,,W 16TH ST & GAINES ST,Collision with:  Vehicle in traffic,On Roadway,Broadside (front to side),FTYROW:  From stop sign,None Indicated,,Daylight,Dry,Clear,None apparent,Intersection:  Four-way intersection,Paved,,Property Damage Only,0,0,0,0,0,0,8173,2,2,,POINT (-90.58283951919 41.536151826912)
2014820725,2014003621,10/07/2014,10-October,3-Tuesday,19:20,1900 Hours,District 6 (East Central),,LINN,IA 1,IA 1/IOWA 1,Collision with:  Animal,,,Animal,None Indicated,,,,,,,Paved,,Property Damage Only,0,0,0,0,0,0,1500,1,1,,POINT (-91.442537560481 41.898926338938)
2014820857,14-202,10/07/2014,10-October,3-Tuesday,16:57,1600 Hours,District 2 (Northeast),WAVERLY,BREMER,IA 116,IA 116/4TH ST SW,Collision with:  Vehicle in traffic,On Roadway,Rear-end (front to rear),Followed too close,None Indicated,,Daylight,Dry,Cloudy,None apparent,Intersection:  T-intersection,Paved,,Property Damage Only,0,0,0,0,0,0,4500,2,2,,POINT (-92.475494240309 42.713125265175)
2014820539,14-35824,10/07/2014,10-October,3-Tuesday,16:09,1600 Hours,District 5 (Southeast),WEST BURLINGTON,DES MOINES,US 34,US 34 & S GEAR AVE,Collision with:  Vehicle in traffic,On Roadway,Rear-end (front to rear),FTYROW:  From parked position,None Indicated,,Daylight,Dry,Clear,None apparent,Non-intersection:  Other non-intersection (explain in narrative),Paved,,Property Damage Only,0,0,0,0,0,0,2000,2,2,,POINT (-91.170081469805 40.817298771947)
2014820199,20140029683,10/07/2014,10-October,3-Tuesday,10:46,1000 Hours,District 1 (Central),DES MOINES,POLK,,E PORTER AVE & SE 8TH ST,Collision with:  Vehicle in traffic,On Roadway,"Angle, oncoming left turn",Made improper turn,None Indicated,,Daylight,Dry,Clear,None apparent,Intersection:  T-intersection,Paved,,Possible/Unknown,0,1,0,0,1,0,4300,2,4,,POINT (-93.602207073086 41.533595229456)
2014822980,2014-038496,10/07/2014,10-October,3-Tuesday,14:22,1400 Hours,District 6 (East Central),DUBUQUE,DUBUQUE,,W 3RD ST & LOCUST ST S,Collision with:  Non-motorist (see non-motorist section - NOT a unit),On Roadway,Non-collision (single vehicle),FTYROW:  From stop sign,None Indicated,,Daylight,Dry,Clear,None apparent,Intersection:  Four-way intersection,Paved,,Possible/Unknown,0,1,0,0,1,0,400,1,1,,POINT (-90.666038270585 42.496508324511)
2014820463,20140029713,10/07/2014,10-October,3-Tuesday,15:27,1500 Hours,District 1 (Central),DES MOINES,POLK,US 69,US 69/SE 14TH ST,Collision with:  Vehicle in traffic,On Roadway,"Sideswipe, same direction",Unknown,None Indicated,,Daylight,Dry,Clear,None apparent,Non-intersection:  Non-junction/no special feature,Paved,,Property Damage Only,0,0,0,0,0,0,2000,2,2,,POINT (-93.596805681037 41.554997770445)
2014820573,SO14002371,10/07/2014,10-October,3-Tuesday,07:50,0700 Hours,District 3 (Northwest),,PLYMOUTH,IA 12,IA 12/IOWA 12,Collision with:  Animal,,,Animal,None Indicated,,,,,,,Paved,,Property Damage Only,0,0,0,0,0,0,2500,1,1,,POINT (-96.565443427716 42.683301679086)
2014820809,14-1207,10/07/2014,10-October,3-Tuesday,10:15,1000 Hours,District 1 (Central),CLIVE,POLK,,UNIVERSITY BLVD & NW 81ST ST,Collision with:  Parked motor vehicle,Outside trafficway,Rear-end (front to rear),Unknown,None Indicated,,Daylight,Dry,Cloudy,None apparent,Non-intersection:  Driveway access (within),Paved,,Property Damage Only,0,0,0,0,0,0,3500,2,1,,POINT (-93.729417338729 41.602818078786)
2014820528,14-19550,10/07/2014,10-October,3-Tuesday,14:48,1400 Hours,District 6 (East Central),BETTENDORF,SCOTT,,CROW CREEK RD & DEVILS GLEN RD,Collision with:  Vehicle in traffic,On Roadway,"Angle, oncoming left turn",FTYROW:  Making left turn,None Indicated,,Daylight,Dry,Cloudy,None apparent,Intersection:  T-intersection,Paved,,Possible/Unknown,0,1,0,0,1,0,4500,2,2,,POINT (-90.483410009554 41.567350015408)
2014820460,20140029699,10/07/2014,10-October,3-Tuesday,12:39,1200 Hours,District 1 (Central),DES MOINES,POLK,US 69,US 69/E 14TH ST,Collision with:  Vehicle in traffic,On Roadway,Rear-end (front to rear),Followed too close,None Indicated,,Daylight,Dry,Cloudy,None apparent,Non-intersection:  Non-junction/no special feature,Paved,,Property Damage Only,0,0,0,0,0,0,1650,2,2,,POINT (-93.599822990159 41.598586281924)
2014821061,2014-70748,10/07/2014,10-October,3-Tuesday,17:02,1700 Hours,District 6 (East Central),DAVENPORT,SCOTT,,IA 461/WELCOME WAY & W 37TH ST & MAIN ST,Collision with:  Vehicle in traffic,On Roadway,"Sideswipe, same direction",Made improper turn,None Indicated,,Daylight,Dry,Clear,None apparent,Intersection:  Four-way intersection,Paved,,Minor Injury,0,1,0,1,0,0,6500,2,3,,POINT (-90.574882896623 41.558527223219)
2014822078,14-008710,10/07/2014,10-October,3-Tuesday,05:00,0500 Hours,District 6 (East Central),,DELAWARE,US 20,US 20,Collision with:  Animal,,,Animal,None Indicated,,,,,,,Paved,,Property Damage Only,0,0,0,0,0,0,5000,1,1,,POINT (-91.259101086558 42.470997796556)
2014820712,14100465,10/07/2014,10-October,3-Tuesday,17:27,1700 Hours,District 2 (Northeast),CEDAR FALLS,BLACK HAWK,,UNIVERSITY AVE,Collision with:  Vehicle in traffic,On Roadway,Rear-end (front to rear),Followed too close,None Indicated,,Daylight,Dry,Clear,None apparent,Non-intersection:  Non-junction/no special feature,Paved,,Possible/Unknown,0,1,0,0,1,0,2500,2,2,,POINT (-92.447151503763 42.513102211155)
2014821229,2014057249,10/07/2014,10-October,3-Tuesday,12:30,1200 Hours,District 1 (Central),,POLK,I-35,I-35,Collision with fixed object:  Guardrail - face,Shoulder,Non-collision (single vehicle),Ran off road - left,None Indicated,,Daylight,Dry,Severe winds,None apparent,Non-intersection:  Non-junction/no special feature,Paved,,Major Injury,0,1,1,0,0,0,1000,1,1,,POINT (-93.584683433864 41.650833988029)
2014820259,CL14003557,10/07/2014,10-October,3-Tuesday,07:43,0700 Hours,District 6 (East Central),CLINTON,CLINTON,,7TH AVE S & S 6TH ST,Collision with:  Vehicle in traffic,On Roadway,"Angle, oncoming left turn",FTYROW:  From stop sign,None Indicated,,Daylight,Dry,Cloudy,None apparent,Intersection:  Four-way intersection,Paved,,Possible/Unknown,0,1,0,0,1,0,6000,2,3,,POINT (-90.198934384694 41.838941168992)