Iowa DOT Case Number,Law Enforcement Case Number,Date of Crash,Month of Crash,Day of Week,Time of Crash,Hour,DOT District,City Name,County Name,Route with System,Location Description,First Harmful Event,Location of First Harmful Event,Manner of Crash/Collision,Major Cause,Drug or Alcohol ,Environmental Conditions,Light Conditions,Surface Conditions,Weather Conditions,Roadway Contribution,Roadway Type,Roadway Surface,Work Zone,Crash Severity,Number of Fatalities,Number of Injuries,Number of Major Injuries,Number of Minor Injuries,Number of Possible Injuries,Number of Unknown Injuries,Amount of Property Damage,Number of Vehicles Involved,Total Number of Occupants,Travel Direction,Location
2014820524,14-3192,10/08/2014,10-October,4-Wednesday,13:10,1300 Hours,District 1 (Central),FORT DODGE,WEBSTER,,2ND AVE N & N 15TH ST,Collision with fixed object:  Utility pole/light support,On Roadway,Non-collision (single vehicle),Ran off road - right,None Indicated,,Daylight,Dry,Clear,None apparent,Intersection:  Four-way intersection,Paved,,Major Injury,0,1,1,0,0,0,7000,1,1,,POINT (-94.177834954092 42.508265710611)
2014820649,14-015465,10/08/2014,10-October,4-Wednesday,09:05,0900 Hours,District 3 (Northwest),SPENCER,CLAY,US 18,US 18/N GRAND AVE & W 13TH ST & E 13TH ST,Collision with:  Vehicle in traffic,On Roadway,Broadside (front to side),FTYROW:  From stop sign,None Indicated,,Daylight,Dry,Clear,None apparent,Intersection:  Four-way intersection,Paved,,Minor Injury,0,2,0,1,1,0,9000,2,3,,POINT (-95.145394213796 43.150797531514)
2014821418,14-004730,10/08/2014,10-October,4-Wednesday,14:01,1400 Hours,District 1 (Central),AMES,STORY,,LINCOLN WAY & S HAZEL AVE & N HAZEL AVE,Collision with:  Vehicle in traffic,On Roadway,Broadside (front to side),Ran Traffic Signal,None Indicated,,Daylight,Dry,Clear,None apparent,Intersection:  Four-way intersection,Paved,,Possible/Unknown,0,1,0,0,1,0,12000,2,2,,POINT (-93.626804665008 42.022856700494)
2014820713,14-001165,10/08/2014,10-October,4-Wednesday,07:18,0700 Hours,District 1 (Central),,STORY,IA 210,IA 210/IOWA 210 & 690TH AVE,Collision with:  Vehicle in traffic,On Roadway,Broadside (front to side),FTYROW:  From stop sign,None Indicated,,Dawn,Dry,Cloudy,None apparent,Intersection:  Other intersection (explain in narrative),Paved,,Property Damage Only,0,0,0,0,0,0,25000,2,2,,POINT (-93.328529635488 41.892041470807)
2014822397,201400049583,10/08/2014,10-October,4-Wednesday,07:50,0700 Hours,District 5 (Southeast),OTTUMWA,WAPELLO,,ALBIA RD,Collision with:  Vehicle in traffic,On Roadway,Rear-end (front to rear),Other (explain in narrative):  Vision obstructed,None Indicated,,Daylight,Dry,Clear,None apparent,Non-intersection:  Non-junction/no special feature,Paved,,Property Damage Only,0,0,0,0,0,0,4250,2,4,,POINT (-92.433447032456 41.00844410577)
2014820473,20140029777,10/08/2014,10-October,4-Wednesday,07:30,0700 Hours,District 1 (Central),DES MOINES,POLK,,FRANKLIN AVE,Collision with:  Parked motor vehicle,Shoulder,"Sideswipe, same direction",Made improper turn,None Indicated,,Daylight,Dry,Clear,None apparent,Non-intersection:  Non-junction/no special feature,Paved,,Property Damage Only,0,0,0,0,0,0,4000,2,3,,POINT (-93.697095263957 41.611242191525)
2014821498,14-013878,10/08/2014,10-October,4-Wednesday,09:48,0900 Hours,District 2 (Northeast),,FAYETTE,,Co Rd W33/K AVE & 50TH ST,Collision with:  Vehicle in traffic,On Roadway,Rear-end (front to rear),Followed too close,None Indicated,,Daylight,Dry,Clear,None apparent,Intersection:  Four-way intersection,Paved,,Property Damage Only,0,0,0,0,0,0,6000,2,2,,POINT (-91.80489690773 42.701931312105)
2014822708,14-042627,10/08/2014,10-October,4-Wednesday,15:00,1500 Hours,District 5 (Southeast),WEST LIBERTY,MUSCATINE,IA 70,IA 70/IOWA 70 & B ST,Collision with:  Vehicle in traffic,On Roadway,"Sideswipe, opposite direction",Crossed centerline (undivided),None Indicated,,Daylight,Dry,Clear,None apparent,Non-intersection:  Non-junction/no special feature,Paved,,Minor Injury,0,1,0,1,0,0,6100,2,2,,POINT (-91.256496251318 41.565348951471)
2014821628,20140029774,10/08/2014,10-October,4-Wednesday,06:07,0600 Hours,District 1 (Central),DES MOINES,POLK,,PARK AVE & FLEUR DR,Collision with:  Vehicle in traffic,On Roadway,"Angle, oncoming left turn",FTYROW:  Making left turn,None Indicated,,Dark - roadway lighted,Dry,Clear,None apparent,Intersection:  Four-way intersection,Paved,,Minor Injury,0,1,0,1,0,0,3000,2,3,,POINT (-93.644967943205 41.555458295363)
2014820721,14-3202,10/08/2014,10-October,4-Wednesday,20:00,2000 Hours,District 1 (Central),FORT DODGE,WEBSTER,,5TH AVE S & S 14TH ST,Collision with:  Vehicle in traffic,On Roadway,"Angle, oncoming left turn",FTYROW:  Making left turn,None Indicated,,Dark - roadway lighted,Dry,Cloudy,None apparent,Intersection:  Four-way intersection,Paved,,Possible/Unknown,0,1,0,0,0,1,7000,2,3,,POINT (-94.179439426667 42.50102663419)
2014821780,2014057405,10/08/2014,10-October,4-Wednesday,13:20,1300 Hours,District 1 (Central),,POLK,I-35,I-35,Collision with:  Vehicle in traffic,On Roadway,"Sideswipe, same direction",Crossed centerline (undivided),None Indicated,,Daylight,Dry,Clear,None apparent,Non-intersection:  Non-junction/no special feature,Paved,,Property Damage Only,0,0,0,0,0,0,14500,2,4,,POINT (-93.583351851978 41.650993875863)
2014821751,GP20140831,10/08/2014,10-October,4-Wednesday,15:25,1500 Hours,District 1 (Central),GRINNELL,POWESHIEK,IA 146,IA 146/WEST ST,Collision with:  Vehicle in traffic,On Roadway,Rear-end (front to rear),Other (explain in narrative):  Other,None Indicated,,Daylight,Dry,Clear,None apparent,Non-intersection:  Non-junction/no special feature,Paved,,Property Damage Only,0,0,0,0,0,0,9000,2,3,,POINT (-92.727371416446 41.729017800041)
2014821286,S14-100743,10/08/2014,10-October,4-Wednesday,14:47,1400 Hours,District 2 (Northeast),,BLACK HAWK,IA 21,IA 21/HAWKEYE RD & Co Rd D52/E TAMA RD,Collision with fixed object:  Guardrail - face,Shoulder,Non-collision (single vehicle),Swerving/Evasive Action,None Indicated,,Daylight,Dry,Cloudy,None apparent,Intersection:  Four-way intersection,Paved,,Minor Injury,0,1,0,1,0,0,12603,1,1,,POINT (-92.347607841633 42.311934888137)
2014820770,143088,10/08/2014,10-October,4-Wednesday,15:18,1500 Hours,District 3 (Northwest),CHARTER OAK,CRAWFORD,,MAIN ST,Collision with:  Parked motor vehicle,On Roadway,Unknown,Improper Backing,None Indicated,,Daylight,Dry,Clear,None apparent,Non-intersection:  Non-junction/no special feature,Paved,,Property Damage Only,0,0,0,0,0,0,2500,2,3,,POINT (-95.591267628561 42.06579806883)
2014820684,14-33349,10/08/2014,10-October,4-Wednesday,13:27,1300 Hours,District 3 (Northwest),SIOUX CITY,WOODBURY,,5TH ST & COURT ST,Collision with:  Vehicle in traffic,On Roadway,"Sideswipe, same direction",Other (explain in narrative):  Other,None Indicated,,Daylight,Dry,Clear,None apparent,Non-intersection:  Non-junction/no special feature,Paved,,Property Damage Only,0,0,0,0,0,0,4000,2,2,,POINT (-96.396369092342 42.495283715843)
2014820898,W14-100789,10/08/2014,10-October,4-Wednesday,17:02,1700 Hours,District 2 (Northeast),WATERLOO,BLACK HAWK,,PARK LN & W 9TH ST,Collision with:  Vehicle in traffic,On Roadway,Broadside (front to side),Ran Stop Sign,Alcohol (Statutory),,Daylight,Dry,Clear,None apparent,Intersection:  Four-way intersection,Paved,,Property Damage Only,0,0,0,0,0,0,6500,2,3,,POINT (-92.347911592708 42.462138743908)
2014820632,14-015001,10/08/2014,10-October,4-Wednesday,04:42,0400 Hours,District 6 (East Central),,CEDAR,US 30,US 30,Collision with:  Animal,On Roadway,Non-collision (single vehicle),Animal,None Indicated,,Dark - roadway not lighted,Dry,Clear,None apparent,Non-intersection:  Non-junction/no special feature,Paved,,Property Damage Only,0,0,0,0,0,0,2000,1,1,,POINT (-91.359496763792 41.918421481351)
2014820760,C14100648,10/08/2014,10-October,4-Wednesday,08:30,0800 Hours,District 2 (Northeast),CEDAR FALLS,BLACK HAWK,,CORDOBA AVE & BALBOA AVE,Collision with:  Vehicle in traffic,On Roadway,Head-on (front to front),Lost Control,None Indicated,,Daylight,Dry,Clear,None apparent,Non-intersection:  Non-junction/no special feature,Paved,,Property Damage Only,0,0,0,0,0,0,10000,2,777,,POINT (-92.450147137413 42.496311733935)
2014820919,14-041008-01,10/08/2014,10-October,4-Wednesday,00:24,0000 Hours,District 6 (East Central),,IOWA,,Co Rd F15/F15 BLVD,Collision with fixed object:  Ditch,Outside trafficway,Non-collision (single vehicle),Crossed centerline (undivided),None Indicated,,Dark - roadway not lighted,Dry,Clear,None apparent,Non-intersection:  Non-junction/no special feature,Paved,,Minor Injury,0,1,0,1,0,0,5200,1,1,,POINT (-91.978746986877 41.807260814122)
2014821409,14-11801,10/08/2014,10-October,4-Wednesday,19:30,1900 Hours,District 3 (Northwest),,SIOUX,,Co Rd B40/400TH ST,Collision with:  Animal,,,Animal,None Indicated,,,,,,,Paved,,Property Damage Only,0,0,0,0,0,0,2000,1,1,,POINT (-95.912598800938 43.069089408708)
2014820909,14-008476,10/08/2014,10-October,4-Wednesday,19:45,1900 Hours,District 2 (Northeast),,CLAYTON,,Co Rd C7X/HILTON RD,Collision with fixed object:  Tree,On Roadway,Non-collision (single vehicle),Crossed centerline (undivided),None Indicated,,Dark - roadway not lighted,Dry,Clear,"Surface condition (e.g., wet, icy)",Non-intersection:  Non-junction/no special feature,Paved,,Minor Injury,0,1,0,1,0,0,2500,1,1,,POINT (-91.302801976383 42.728937238154)
2014820472,20140029791,10/08/2014,10-October,4-Wednesday,08:25,0800 Hours,District 1 (Central),DES MOINES,POLK,,E 12TH ST,Collision with:  Vehicle in traffic,On Roadway,"Sideswipe, same direction","Operating vehicle in an reckless, erratic, careless, negligent manner",None Indicated,,Daylight,Dry,Clear,None apparent,Non-intersection:  Non-junction/no special feature,Paved,,Property Damage Only,0,0,0,0,0,0,3000,2,3,,POINT (-93.604782464718 41.623393204159)
2014822354,2014057476,10/08/2014,10-October,4-Wednesday,19:55,1900 Hours,District 4 (Southwest),,POTTAWATTAMIE,I-29,I-29,Non-collision events:  Other non-collision (explain in narrative),On Roadway,Unknown,Swerving/Evasive Action,None Indicated,,Dark - roadway not lighted,Wet,Rain,Debris,Intersection:  Intersection with ramp,Paved,,Major Injury,0,1,1,0,0,0,11500,4,6,,POINT (-95.90195597059 41.503777125461)
2014820944,14023777,10/08/2014,10-October,4-Wednesday,15:45,1500 Hours,District 5 (Southeast),OSKALOOSA,MAHASKA,US 63,US 63/N MARKET ST,Collision with:  Vehicle in traffic,On Roadway,Rear-end (front to rear),Other (explain in narrative):  Other,None Indicated,,Daylight,Dry,Cloudy,None apparent,Non-intersection:  Non-junction/no special feature,Paved,,Minor Injury,0,3,0,3,0,0,7500,2,5,,POINT (-92.645134549952 41.297842646341)
2014820659,14-6616,10/08/2014,10-October,4-Wednesday,15:15,1500 Hours,District 1 (Central),,POLK,,Co Rd F48/NE 46TH AVE & NE 96TH ST,Collision with:  Vehicle in traffic,On Roadway,Broadside (front to side),FTYROW:  From stop sign,None Indicated,,Daylight,Dry,Cloudy,None apparent,Intersection:  Four-way intersection,Paved,,Property Damage Only,0,0,0,0,0,0,1600,2,2,,POINT (-93.406436964436 41.644261604791)
2014820772,14-36056,10/08/2014,10-October,4-Wednesday,23:00,2300 Hours,District 5 (Southeast),,DES MOINES,,105TH ST,Collision with:  Animal,,,Animal,None Indicated,,,,,,,Unpaved,,Property Damage Only,0,0,0,0,0,0,2500,1,1,,POINT (-91.237158172585 40.832873184416)
2014828352,14100165,10/08/2014,10-October,4-Wednesday,19:17,1900 Hours,District 5 (Southeast),,WAPELLO,,Co Rd H41/BLUEGRASS RD,Collision with:  Animal,,Non-collision (single vehicle),Animal,None Indicated,,,,,,,Paved,,Property Damage Only,0,0,0,0,0,0,1500,1,1,,POINT (-92.51271866512 40.987366971139)
2014820627,W14-100725,10/08/2014,10-October,4-Wednesday,13:55,1300 Hours,District 2 (Northeast),WATERLOO,BLACK HAWK,,E RIDGEWAY AVE & BALTIMORE ST,Collision with:  Vehicle in traffic,On Roadway,Broadside (front to side),Other (explain in narrative):  Other,None Indicated,,Daylight,Dry,Clear,None apparent,Intersection:  Four-way intersection,Paved,,Property Damage Only,0,0,0,0,0,0,2700,2,3,,POINT (-92.3496001864 42.469389066984)
2014820763,14-7004,10/08/2014,10-October,4-Wednesday,07:47,0700 Hours,District 2 (Northeast),,KOSSUTH,US 169,US 169,Non-collision events:  Other non-collision (explain in narrative),On Roadway,Non-collision (single vehicle),Crossed centerline (undivided),None Indicated,,Daylight,Dry,Clear,None apparent,Non-intersection:  Non-junction/no special feature,Paved,,Minor Injury,0,2,0,2,0,0,4000,2,3,,POINT (-94.236821129183 43.197664783587)
2014831345,141008JD01,10/08/2014,10-October,4-Wednesday,19:51,1900 Hours,District 3 (Northwest),ALTON,SIOUX,IA 10,IA 10/450TH ST & JEFFERSON AVE,Collision with:  Vehicle in traffic,On Roadway,Rear-end (front to rear),Followed too close,Alcohol (Statutory),,Dark - roadway lighted,Dry,Clear,None apparent,Intersection:  Four-way intersection,Paved,,Property Damage Only,0,0,0,0,0,0,7500,2,2,,POINT (-96.017207498432 42.997422888545)
2014820755,14-3202,10/08/2014,10-October,4-Wednesday,21:35,2100 Hours,District 1 (Central),FORT DODGE,WEBSTER,,2ND AVE S & S 4TH ST,Non-collision events:  Other non-collision (explain in narrative),On Roadway,Non-collision (single vehicle),Ran off road - right,Alcohol (Statutory),,Dark - roadway lighted,Dry,Cloudy,None apparent,Non-intersection:  Non-junction/no special feature,Paved,,Possible/Unknown,0,1,0,0,0,1,3100,1,3,,POINT (-94.192255410776 42.502334921505)
2014821503,14-015812,10/08/2014,10-October,4-Wednesday,08:56,0800 Hours,District 2 (Northeast),CHARLES CITY,FLOYD,US 18,US 18/4TH AVE & F ST,Non-collision events:  Other non-collision (explain in narrative),On Roadway,Non-collision (single vehicle),Lost Control,None Indicated,,Daylight,"Mud, dirt",Clear,"Surface condition (e.g., wet, icy)",Non-intersection:  Non-junction/no special feature,Paved,,Minor Injury,0,1,0,1,0,0,200,1,1,,POINT (-92.664691422536 43.066427050149)
2014821324,,10/08/2014,10-October,4-Wednesday,17:10,1700 Hours,District 4 (Southwest),ADEL,DALLAS,US 6,US 6,Collision with:  Vehicle in traffic,On Roadway,Rear-end (front to rear),Other (explain in narrative):  Other,None Indicated,,Daylight,Dry,Clear,None apparent,Non-intersection:  Non-junction/no special feature,Paved,,Major Injury,0,4,3,1,0,0,5500,2,4,,POINT (-94.003335836695 41.614525627307)
2014836676,1410081135,10/08/2014,10-October,4-Wednesday,11:35,1100 Hours,District 6 (East Central),,JONES,US 151,US 151/NW RAMP,Collision with:  Vehicle in traffic,On Roadway,Rear-end (front to rear),Followed too close,None Indicated,,Daylight,Dry,Cloudy,Work Zone (roadway-related),Interchange-related:  On-ramp merge area,Paved,Yes,Property Damage Only,0,0,0,0,0,0,4000,2,2,,POINT (-91.340661037608 42.071293439668)
2014822567,SO1404354,10/08/2014,10-October,4-Wednesday,09:40,0900 Hours,District 5 (Southeast),FAIRFIELD,JEFFERSON,,S FAIRVIEW DR,Collision with:  Non-motorist (see non-motorist section - NOT a unit),On Roadway,Non-collision (single vehicle),FTYROW:  Other (explain in narrative),None Indicated,,Daylight,Dry,Clear,None apparent,Non-intersection:  Non-junction/no special feature,Paved,,Possible/Unknown,0,1,0,0,1,0,100,1,1,,POINT (-91.971527894634 40.999032523148)
2014821313,,10/08/2014,10-October,4-Wednesday,02:05,0200 Hours,District 2 (Northeast),,CHICKASAW,,Co Rd B54/240TH ST,Collision with:  Animal,On Roadway,Non-collision (single vehicle),Animal,None Indicated,,Dark - roadway not lighted,Dry,Cloudy,None apparent,Non-intersection:  Non-junction/no special feature,Paved,,Possible/Unknown,0,1,0,0,1,0,12000,1,1,,POINT (-92.283459874784 43.008564967962)
2014820633,14014997,10/08/2014,10-October,4-Wednesday,01:30,0100 Hours,District 6 (East Central),,CEDAR,IA 38,IA 38/IOWA 38,Collision with:  Animal,,,Animal,None Indicated,,,,,,,Paved,,Property Damage Only,0,0,0,0,0,0,2500,1,1,,POINT (-91.132717478241 41.713014630548)
2014820716,2014011259,10/08/2014,10-October,4-Wednesday,17:41,1700 Hours,District 6 (East Central),IOWA CITY,JOHNSON,,S GILBERT ST,Collision with:  Vehicle in traffic,On Roadway,"Sideswipe, same direction",Improper or erratic lane changing,None Indicated,,Daylight,Dry,Clear,None apparent,Intersection:  Four-way intersection,Paved,,Property Damage Only,0,0,0,0,0,0,2500,2,3,,POINT (-91.53016198955 41.6599545878)
2014821317,,10/08/2014,10-October,4-Wednesday,11:15,1100 Hours,District 3 (Northwest),OKOBOJI,DICKINSON,US 71,US 71 & SANBORN AVE,Collision with:  Vehicle in traffic,On Roadway,"Sideswipe, same direction",Made improper turn,None Indicated,,Daylight,Dry,Cloudy,None apparent,Intersection:  T-intersection,Paved,,Property Damage Only,0,0,0,0,0,0,4000,2,3,,POINT (-95.128824246673 43.382166094843)
2014823555,14-35977,10/08/2014,10-October,4-Wednesday,09:30,0900 Hours,District 5 (Southeast),BURLINGTON,DES MOINES,,OAK ST,Collision with:  Vehicle in traffic,On Roadway,Broadside (front to side),FTYROW:  Other (explain in narrative),None Indicated,,Daylight,Dry,Clear,None apparent,Non-intersection:  Non-junction/no special feature,Paved,,Property Damage Only,0,0,0,0,0,0,1500,2,2,,POINT (-91.107101086361 40.823452554236)
2014820813,20140029839,10/08/2014,10-October,4-Wednesday,15:47,1500 Hours,District 1 (Central),DES MOINES,POLK,US 69,US 69/SE 14TH ST & E VIRGINIA AVE,Collision with:  Vehicle in traffic,On Roadway,Broadside (front to side),FTYROW:  From driveway,None Indicated,,Daylight,Dry,Cloudy,None apparent,Non-intersection:  Driveway access (within),Paved,,Property Damage Only,0,0,0,0,0,0,6500,2,5,,POINT (-93.596854936517 41.557744742404)
2014820732,14-5024,10/08/2014,10-October,4-Wednesday,14:31,1400 Hours,District 1 (Central),WEST DES MOINES,POLK,,WOODLAND AVE & 39TH ST,Collision with:  Vehicle in traffic,On Roadway,Rear-end (front to rear),Driver Distraction:  Manual operation of an electronic communication device,None Indicated,,Daylight,Dry,Clear,None apparent,Intersection:  T-intersection,Paved,,Possible/Unknown,0,1,0,0,1,0,9000,2,3,,POINT (-93.7566283976 41.588987281004)
2014821065,2014-70857,10/08/2014,10-October,4-Wednesday,07:16,0700 Hours,District 6 (East Central),DAVENPORT,SCOTT,US 67,US 67/E RIVER DR & TREMONT AVE,Collision with:  Non-motorist (see non-motorist section - NOT a unit),On Roadway,Non-collision (single vehicle),Other (explain in narrative):  No improper action,None Indicated,,Daylight,Dry,Clear,None apparent,Intersection:  Four-way intersection,Paved,,Fatal,1,1,0,1,0,0,7500,1,1,,POINT (-90.561364781316 41.525160680027)
2014821322,,10/08/2014,10-October,4-Wednesday,01:50,0100 Hours,District 5 (Southeast),KNOXVILLE,MARION,IA 14,IA 14/IOWA 14,Collision with:  Animal,On Roadway,Non-collision (single vehicle),Animal,None Indicated,,Dark - roadway not lighted,Dry,Clear,,Non-intersection:  Non-junction/no special feature,Paved,,Property Damage Only,0,0,0,0,0,0,2000,1,1,,POINT (-93.108523754641 41.289231597254)
2014820859,14-204,10/08/2014,10-October,4-Wednesday,17:52,1700 Hours,District 2 (Northeast),WAVERLY,BREMER,,1ST AVE NE & 2ND ST NE,Collision with:  Vehicle in traffic,On Roadway,Rear-end (front to rear),FTYROW:  From parked position,None Indicated,,Daylight,Dry,Cloudy,None apparent,Non-intersection:  Non-junction/no special feature,Paved,,Property Damage Only,0,0,0,0,0,0,2600,2,2,,POINT (-92.468123327101 42.726824663408)
2014820682,14-33333,10/08/2014,10-October,4-Wednesday,08:58,0800 Hours,District 3 (Northwest),SIOUX CITY,WOODBURY,,W 7TH ST & BLUFF ST,Collision with:  Vehicle in traffic,On Roadway,"Sideswipe, same direction",Lost Control,None Indicated,,Daylight,Dry,Clear,None apparent,Intersection:  Four-way intersection,Paved,,Property Damage Only,0,0,0,0,0,0,4400,2,2,,POINT (-96.410976104047 42.499639788501)
2014821972,14017752,10/08/2014,10-October,4-Wednesday,22:45,2200 Hours,District 2 (Northeast),MASON CITY,CERRO GORDO,,15TH ST SE & S KENTUCKY AVE,Collision with:  Vehicle in traffic,On Roadway,"Sideswipe, same direction",Made improper turn,None Indicated,,Dark - roadway lighted,Dry,Clear,None apparent,Intersection:  Four-way intersection,Paved,,Property Damage Only,0,0,0,0,0,0,4000,2,2,,POINT (-93.181219783587 43.137283365606)
2014820724,20140003642,10/08/2014,10-October,4-Wednesday,19:35,1900 Hours,District 6 (East Central),,LINN,US 151,US 151 & IA 100/COLLINS RD SE & SECRIST RD,Collision with:  Vehicle in traffic,On Roadway,Rear-end (front to rear),Followed too close,None Indicated,,Dark - roadway not lighted,Dry,Clear,None apparent,Non-intersection:  Non-junction/no special feature,Paved,,Possible/Unknown,0,1,0,0,1,0,6000,2,2,,POINT (-91.550211048314 42.019905720092)
2014820613,14-042893,10/08/2014,10-October,4-Wednesday,07:06,0700 Hours,District 4 (Southwest),COUNCIL BLUFFS,POTTAWATTAMIE,IA 92,IA 92/OMAHA BRIDGE RD,Collision with:  Vehicle in traffic,On Roadway,Rear-end (front to rear),Followed too close,None Indicated,,Dawn,Dry,Clear,Work Zone (roadway-related),Non-intersection:  Non-junction/no special feature,Paved,Yes,Property Damage Only,0,0,0,0,0,0,3000,4,4,,POINT (-95.818767484243 41.228986060233)
2014820446,14152608,10/08/2014,10-October,4-Wednesday,07:58,0700 Hours,District 6 (East Central),,JOHNSON,,Co Rd F8W/PRAIRIE DU CHIEN RD,Collision with:  Vehicle in traffic,On Roadway,Broadside (front to side),FTYROW:  From stop sign,None Indicated,,Daylight,Dry,Clear,None apparent,Intersection:  T-intersection,Paved,,Property Damage Only,0,0,0,0,0,0,7000,2,2,,POINT (-91.524747561957 41.688256719665)
2014820797,201415063,10/08/2014,10-October,4-Wednesday,17:29,1700 Hours,District 6 (East Central),CEDAR RAPIDS,LINN,,BLUE JAY DR NE & 42ND ST NE,Collision with:  Vehicle in traffic,On Roadway,Rear-end (front to rear),Followed too close,None Indicated,,Daylight,Dry,Cloudy,None apparent,Non-intersection:  Non-junction/no special feature,Paved,,Property Damage Only,0,0,0,0,0,0,3000,2,4,,POINT (-91.692538787954 42.021714519033)
2014821070,2014-70917,10/08/2014,10-October,4-Wednesday,14:12,1400 Hours,District 6 (East Central),DAVENPORT,SCOTT,,W LOCUST ST,Collision with:  Vehicle in traffic,On Roadway,Rear-end (front to rear),Followed too close,None Indicated,,Daylight,Dry,Clear,None apparent,Intersection:  T-intersection,Paved,,Possible/Unknown,0,1,0,0,1,0,2000,2,2,,POINT (-90.600597782418 41.538262174824)
2014821422,14-004734,10/08/2014,10-October,4-Wednesday,18:34,1800 Hours,District 1 (Central),AMES,STORY,,Co Rd R63/N DAYTON AVE,Collision with:  Vehicle in traffic,On Roadway,Broadside (front to side),FTYROW:  Making left turn,None Indicated,,Dark - roadway lighted,Dry,Clear,None apparent,Intersection:  T-intersection,Paved,,Property Damage Only,0,0,0,0,0,0,5500,2,3,,POINT (-93.581540954412 42.035695148146)
2014821068,2014-70881,10/08/2014,10-October,4-Wednesday,10:38,1000 Hours,District 6 (East Central),DAVENPORT,SCOTT,,E 53RD ST,Collision with:  Vehicle in traffic,On Roadway,Rear-end (front to rear),Followed too close,None Indicated,,Daylight,Dry,Clear,None apparent,Non-intersection:  Non-junction/no special feature,Paved,,Property Damage Only,0,0,0,0,0,0,2000,2,4,,POINT (-90.556539382963 41.574683338457)
2014820731,14-042950,10/08/2014,10-October,4-Wednesday,15:10,1500 Hours,District 4 (Southwest),COUNCIL BLUFFS,POTTAWATTAMIE,,2ND AVE & S 22ND ST,Collision with:  Vehicle in traffic,On Roadway,"Sideswipe, same direction",Other (explain in narrative):  Other,None Indicated,,Daylight,Dry,Clear,None apparent,Non-intersection:  Non-junction/no special feature,Paved,,Property Damage Only,0,0,0,0,0,0,2000,2,3,,POINT (-95.87702331048 41.259759846136)
2014821069,2014-70905,10/08/2014,10-October,4-Wednesday,12:42,1200 Hours,District 6 (East Central),DAVENPORT,SCOTT,,E 53RD ST,Collision with:  Vehicle in traffic,On Roadway,Rear-end (front to rear),"Operating vehicle in an reckless, erratic, careless, negligent manner",None Indicated,,Daylight,Dry,Clear,None apparent,Non-intersection:  Non-junction/no special feature,Paved,,Property Damage Only,0,0,0,0,0,0,9000,2,3,,POINT (-90.526895513714 41.574868745107)
2014820655,14021155,10/08/2014,10-October,4-Wednesday,10:45,1000 Hours,District 6 (East Central),MARION,LINN,,7TH AVE & 10TH ST,Collision with:  Vehicle in traffic,On Roadway,Rear-end (front to rear),Followed too close,None Indicated,,Daylight,Dry,Clear,None apparent,Intersection:  Four-way intersection,Paved,,Property Damage Only,0,0,0,0,0,0,13000,2,2,,POINT (-91.599316116604 42.033313562416)
2014821093,S14-J0802,10/08/2014,10-October,4-Wednesday,05:50,0500 Hours,District 5 (Southeast),,CLARKE,US 69,US 69,Non-collision events:  Overturn/rollover,On Roadway,Non-collision (single vehicle),Animal,None Indicated,,Dark - roadway not lighted,Dry,Clear,None apparent,Non-intersection:  Non-junction/no special feature,Paved,,Possible/Unknown,0,1,0,0,0,1,7000,1,1,,POINT (-93.767703995065 40.9265306051)
2014821971,14017738,10/08/2014,10-October,4-Wednesday,19:06,1900 Hours,District 2 (Northeast),MASON CITY,CERRO GORDO,US 65,US 65/S FEDERAL AVE,Collision with:  Vehicle in traffic,On Roadway,"Angle, oncoming left turn",FTYROW:  Making left turn,None Indicated,,Dark - roadway lighted,Dry,Cloudy,None apparent,Non-intersection:  Driveway access (within),Paved,,Property Damage Only,0,0,0,0,0,0,3500,2,3,,POINT (-93.201066143526 43.133675277206)
2014820858,14-203,10/08/2014,10-October,4-Wednesday,11:58,1100 Hours,District 2 (Northeast),WAVERLY,BREMER,IA 116,IA 116/4TH ST SW & 10TH AVE SW & PROP 10TH AVE SOUTH,Collision with:  Vehicle in traffic,On Roadway,Rear-end (front to rear),Other (explain in narrative):  Other,None Indicated,,Daylight,Dry,Clear,None apparent,Non-intersection:  Non-junction/no special feature,Paved,,Property Damage Only,0,0,0,0,0,0,6000,2,2,,POINT (-92.475467696036 42.714827184964)
2014820872,14-5030,10/08/2014,10-October,4-Wednesday,17:15,1700 Hours,District 1 (Central),WEST DES MOINES,POLK,,ASHWORTH RD,Collision with:  Vehicle in traffic,On Roadway,Broadside (front to side),FTYROW:  Other (explain in narrative),None Indicated,,Daylight,Dry,Clear,None apparent,Non-intersection:  Non-junction/no special feature,Paved,,Property Damage Only,0,0,0,0,0,0,4000,2,2,,POINT (-93.789374312794 41.584407618314)
2014820878,2014-038524,10/08/2014,10-October,4-Wednesday,10:13,1000 Hours,District 6 (East Central),DUBUQUE,DUBUQUE,,W 3RD ST & BLUFF ST,Collision with:  Vehicle in traffic,On Roadway,Broadside (front to side),FTYROW:  From stop sign,None Indicated,,Daylight,Dry,Clear,None apparent,Intersection:  Four-way intersection,Paved,,Property Damage Only,0,0,0,0,0,0,4500,3,2,,POINT (-90.667160194218 42.4961169385)
2014820445,14152522,10/08/2014,10-October,4-Wednesday,00:27,0000 Hours,District 6 (East Central),,JOHNSON,I-80,I-80,Collision with:  Vehicle in traffic,On Roadway,Rear-end (front to rear),Driver Distraction:  Inattentive/lost in thought,None Indicated,,Dark - roadway not lighted,Dry,Clear,None apparent,Non-intersection:  Non-junction/no special feature,Paved,,Property Damage Only,0,0,0,0,0,0,2000,2,2,,POINT (-91.452830646057 41.674323081161)