Iowa DOT Case Number,Law Enforcement Case Number,Date of Crash,Month of Crash,Day of Week,Time of Crash,Hour,DOT District,City Name,County Name,Route with System,Location Description,First Harmful Event,Location of First Harmful Event,Manner of Crash/Collision,Major Cause,Drug or Alcohol ,Environmental Conditions,Light Conditions,Surface Conditions,Weather Conditions,Roadway Contribution,Roadway Type,Roadway Surface,Work Zone,Crash Severity,Number of Fatalities,Number of Injuries,Number of Major Injuries,Number of Minor Injuries,Number of Possible Injuries,Number of Unknown Injuries,Amount of Property Damage,Number of Vehicles Involved,Total Number of Occupants,Travel Direction,Location
2014821655,2014-22051,10/09/2014,10-October,5-Thursday,14:55,1400 Hours,District 5 (Southeast),INDIANOLA,WARREN,US 65,US 65/N JEFFERSON WAY,Collision with:  Vehicle in traffic,On Roadway,Rear-end (front to rear),Lost Control,None Indicated,,Daylight,Dry,Clear,None apparent,Non-intersection:  Non-junction/no special feature,Paved,,Property Damage Only,0,0,0,0,0,0,3000,2,2,,POINT (-93.558337266661 41.363764362287)
2014821769,2014-013161,10/09/2014,10-October,5-Thursday,18:30,1800 Hours,District 6 (East Central),,DUBUQUE,US 20,US 20,Collision with:  Animal,,,Animal,None Indicated,,,,,,,Paved,,Property Damage Only,0,0,0,0,0,0,10000,1,1,,POINT (-90.907822330036 42.440690244056)
2014820687,14-36036,10/09/2014,10-October,5-Thursday,07:17,0700 Hours,District 5 (Southeast),BURLINGTON,DES MOINES,,SYCAMORE ST,Unknown,On Roadway,Unknown,Unknown,None Indicated,,Dark - unknown roadway lighting,Unknown,Unknown,Unknown,Non-intersection:  Non-junction/no special feature,Paved,,Property Damage Only,0,0,0,0,0,0,2000,2,1,,POINT (-91.106134442858 40.822418804823)
2014820828,14-33466,10/09/2014,10-October,5-Thursday,16:21,1600 Hours,District 3 (Northwest),SIOUX CITY,WOODBURY,IA 376,IA 376/S LEWIS BLVD & LEECH AVE,Collision with:  Vehicle in traffic,On Roadway,"Angle, oncoming left turn",Improper or erratic lane changing,None Indicated,,Daylight,Dry,Clear,None apparent,Intersection:  Four-way intersection,Paved,,Property Damage Only,0,0,0,0,0,0,1550,2,2,,POINT (-96.380363609791 42.487743450437)
2014820729,2014011274,10/09/2014,10-October,5-Thursday,07:57,0700 Hours,District 6 (East Central),IOWA CITY,JOHNSON,US 6,US 6 & ROCKY SHORE DR & HAWKINS DR,Collision with:  Vehicle in traffic,On Roadway,"Sideswipe, same direction",Driving too fast for conditions,None Indicated,,Daylight,Wet,Cloudy,"Surface condition (e.g., wet, icy)",Intersection:  Four-way intersection,Paved,,Property Damage Only,0,0,0,0,0,0,8000,2,2,,POINT (-91.558048669325 41.665955188255)
2014820667,20140029890,10/09/2014,10-October,5-Thursday,06:56,0600 Hours,District 1 (Central),DES MOINES,POLK,I-235,I-235,Collision with:  Vehicle in traffic,On Roadway,Rear-end (front to rear),Followed too close,None Indicated,,Dawn,Wet,Rain,None apparent,"Interchange-related:  Off-ramp, diverge area",Paved,,Property Damage Only,0,0,0,0,0,0,3500,2,2,,POINT (-93.648207782742 41.595261198302)
2014909184,093-14,10/09/2014,10-October,5-Thursday,13:58,1300 Hours,District 4 (Southwest),,MADISON,,Co Rd G4R/CUMMING RD & Co Rd R16/QUAIL RIDGE AVE,Collision with fixed object:  Ditch,Outside trafficway,Non-collision (single vehicle),Ran off road - right,None Indicated,,Daylight,Dry,Clear,None apparent,Non-intersection:  Non-junction/no special feature,Paved,,Major Injury,0,1,1,0,0,0,7000,1,1,,POINT (-93.913082993811 41.419621687647)
2014820708,2014-75-AC,10/09/2014,10-October,5-Thursday,05:50,0500 Hours,District 3 (Northwest),,DICKINSON,IA 9,IA 9/IOWA 9,Collision with:  Animal,,,Animal,None Indicated,,,,,,,Paved,,Property Damage Only,0,0,0,0,0,0,10000,1,1,,POINT (-95.153860026618 43.429553838717)
2014820860,14-205,10/09/2014,10-October,5-Thursday,15:07,1500 Hours,District 2 (Northeast),WAVERLY,BREMER,IA 3,IA 3/20TH ST SW/BREMER AVE & 20TH ST NW & W BREMER AVE,Collision with:  Vehicle in traffic,On Roadway,Rear-end (front to rear),Other (explain in narrative):  Other,None Indicated,,Daylight,Dry,Cloudy,None apparent,Non-intersection:  Non-junction/no special feature,Paved,,Property Damage Only,0,0,0,0,0,0,1600,2,3,,POINT (-92.495127561252 42.725614070695)
2014820818,14-2251,10/09/2014,10-October,5-Thursday,07:14,0700 Hours,District 1 (Central),URBANDALE,POLK,I-35,I-35,Collision with:  Vehicle in traffic,On Roadway,Rear-end (front to rear),Followed too close,None Indicated,,Daylight,Wet,Rain,"Surface condition (e.g., wet, icy)",Intersection:  T-intersection,Paved,,Property Damage Only,0,0,0,0,0,0,5000,2,2,,POINT (-93.772266433335 41.647763172277)
2014820827,14-33462,10/09/2014,10-October,5-Thursday,16:01,1600 Hours,District 3 (Northwest),SIOUX CITY,WOODBURY,,DACE AVE & MORGAN ST,Collision with:  Vehicle in traffic,On Roadway,Broadside (front to side),Other (explain in narrative):  Other,None Indicated,,Daylight,Dry,Clear,None apparent,Intersection:  T-intersection,Paved,,Property Damage Only,0,0,0,0,0,0,6000,2,4,,POINT (-96.387505910428 42.488432778887)
2014820762,N14000544,10/09/2014,10-October,5-Thursday,07:34,0700 Hours,District 6 (East Central),NORTH LIBERTY,JOHNSON,,N DUBUQUE ST,Collision with:  Vehicle in traffic,On Roadway,Rear-end (front to rear),Driving too fast for conditions,None Indicated,,Daylight,Wet,Rain,None apparent,Non-intersection:  Non-junction/no special feature,Paved,,Property Damage Only,0,0,0,0,0,0,1500,2,3,,POINT (-91.596291947296 41.747805254721)
2014833089,2014-76-AC,10/09/2014,10-October,5-Thursday,14:39,1400 Hours,District 3 (Northwest),,DICKINSON,,270TH AVE,Non-collision events:  Overturn/rollover,On Roadway,Non-collision (single vehicle),Driving too fast for conditions,None Indicated,,Daylight,"Mud, dirt",Clear,None apparent,Non-intersection:  Non-junction/no special feature,Unpaved,,Property Damage Only,0,0,0,0,0,0,5000,1,1,,POINT (-95.052314389601 43.386320545962)
2014820905,100914-110,10/09/2014,10-October,5-Thursday,12:13,1200 Hours,District 3 (Northwest),STORM LAKE,BUENA VISTA,US 71,US 71/130TH AVE,Collision with:  Vehicle in traffic,On Roadway,Rear-end (front to rear),Followed too close,None Indicated,,Daylight,Dry,Clear,Work Zone (roadway-related),Non-intersection:  Other non-intersection (explain in narrative),Paved,Yes,Property Damage Only,0,0,0,0,0,0,2200,2,2,,POINT (-95.151676077084 42.664215196856)
2014821684,2014-71127,10/09/2014,10-October,5-Thursday,13:11,1300 Hours,District 6 (East Central),DAVENPORT,SCOTT,,WAVERLY RD,Non-collision events:  Other non-collision (explain in narrative),On Roadway,Non-collision (single vehicle),"Operating vehicle in an reckless, erratic, careless, negligent manner",None Indicated,,Daylight,Dry,Clear,None apparent,Non-intersection:  Non-junction/no special feature,Paved,,Property Damage Only,0,0,0,0,0,0,3500,1,2,,POINT (-90.628117662389 41.533744757718)
2014820817,20140029978,10/09/2014,10-October,5-Thursday,19:04,1900 Hours,District 1 (Central),DES MOINES,POLK,,HACKLEY AVE,Collision with:  Animal,On Roadway,Non-collision (single vehicle),Animal,None Indicated,,Dark - roadway not lighted,Dry,Cloudy,None apparent,Non-intersection:  Non-junction/no special feature,Paved,,Minor Injury,0,1,0,1,0,0,500,1,1,,POINT (-93.628409002162 41.538264946258)
2014829927,032-094-14,10/09/2014,10-October,5-Thursday,13:11,1300 Hours,District 3 (Northwest),ESTHERVILLE,EMMET,,S 15TH ST,Non-collision events:  Other non-collision (explain in narrative),On Roadway,Rear-end (front to rear),Improper Backing,None Indicated,,Daylight,Dry,Cloudy,None apparent,Non-intersection:  Non-junction/no special feature,Paved,,Property Damage Only,0,0,0,0,0,0,1500,2,1,,POINT (-94.825186577572 43.397006524002)
2014820815,20140029968,10/09/2014,10-October,5-Thursday,18:28,1800 Hours,District 1 (Central),DES MOINES,POLK,,E WATROUS AVE,Collision with:  Vehicle in traffic,On Roadway,Broadside (front to side),Made improper turn,None Indicated,,Dusk,Dry,Cloudy,None apparent,Non-intersection:  Non-junction/no special feature,Paved,,Minor Injury,0,1,0,1,0,0,4000,2,6,,POINT (-93.597221893707 41.548105014347)
2014822423,14-010338,10/09/2014,10-October,5-Thursday,14:40,1400 Hours,District 3 (Northwest),,CARROLL,US 30,US 30 & INDUSTRIAL PARK RD,Collision with:  Vehicle in traffic,On Roadway,Rear-end (front to rear),FTYROW:  Other (explain in narrative),None Indicated,,Daylight,Dry,Clear,None apparent,Intersection:  T-intersection,Paved,,Property Damage Only,0,0,0,0,0,0,3500,2,5,,POINT (-94.900711485453 42.078409857687)
2014821233,2014057645,10/09/2014,10-October,5-Thursday,17:00,1700 Hours,District 5 (Southeast),,LUCAS,US 34,US 34 & Co Rd H34/472ND LN,Collision with:  Vehicle in traffic,On Roadway,Broadside (front to side),Crossed centerline (undivided),None Indicated,,Daylight,Dry,Cloudy,None apparent,Intersection:  Y-intersection,Paved,,Major Injury,0,1,1,0,0,0,11000,2,2,,POINT (-93.284912929282 41.004493771549)
2014820846,201400049862,10/09/2014,10-October,5-Thursday,16:14,1600 Hours,District 5 (Southeast),OTTUMWA,WAPELLO,IA 149,IA 149/IOWA 149 & HIGHWAY AVE,Collision with:  Animal,On Roadway,Non-collision (single vehicle),Animal,None Indicated,,Daylight,Dry,Clear,None apparent,Non-intersection:  Non-junction/no special feature,Paved,,Possible/Unknown,0,1,0,0,1,0,5000,1,1,,POINT (-92.415780468218 41.037524266382)
2014821175,2014-038580,10/09/2014,10-October,5-Thursday,22:31,2200 Hours,District 6 (East Central),DUBUQUE,DUBUQUE,,ROOSEVELT ST,Collision with:  Vehicle in traffic,On Roadway,Rear-end (front to rear),Over correcting/over steering,Refused,,Dark - roadway not lighted,Dry,Clear,None apparent,Non-intersection:  Non-junction/no special feature,Paved,,Property Damage Only,0,0,0,0,0,0,16000,2,1,,POINT (-90.658294836696 42.532461110874)
2014820810,20140029935,10/09/2014,10-October,5-Thursday,14:07,1400 Hours,District 1 (Central),DES MOINES,POLK,US 69,US 69/E 14TH ST & E HULL AVE,Collision with:  Vehicle in traffic,On Roadway,Head-on (front to front),FTYROW:  Making left turn,None Indicated,,Daylight,Dry,Clear,None apparent,Intersection:  Four-way intersection,Paved,,Possible/Unknown,0,1,0,0,1,0,8000,2,2,,POINT (-93.600522180363 41.622226586906)
2014820925,14-171009-01,10/09/2014,10-October,5-Thursday,06:20,0600 Hours,District 6 (East Central),,IOWA,US 6,US 6,Collision with:  Animal,,,Animal,None Indicated,,,,,,,Paved,,Property Damage Only,0,0,0,0,0,0,2000,1,1,,POINT (-91.952912918023 41.772505049707)
2014821072,2014-71077,10/09/2014,10-October,5-Thursday,07:54,0700 Hours,District 6 (East Central),DAVENPORT,SCOTT,,N DIVISION ST & NORTHWEST BLVD & PROP W 61ST ST,Collision with:  Vehicle in traffic,On Roadway,Rear-end (front to rear),Driving too fast for conditions,None Indicated,,Daylight,Wet,Clear,None apparent,Intersection:  Four-way intersection,Paved,,Possible/Unknown,0,1,0,0,1,0,3500,3,5,,POINT (-90.60022528588 41.583637641105)
2014821468,2014057494,10/09/2014,10-October,5-Thursday,05:45,0500 Hours,District 2 (Northeast),CLEAR LAKE,CERRO GORDO,I-35,I-35,Collision with:  Animal,,,Animal,None Indicated,,,,,,,Paved,,Property Damage Only,0,0,0,0,0,0,5000,1,1,,POINT (-93.355505649245 43.162952624989)
2014821893,135-2014,10/09/2014,10-October,5-Thursday,08:59,0800 Hours,District 4 (Southwest),,HARRISON,,Co Rd L20/LOESS HILLS TRL & Co Rd L23/LAREDO AVE,Collision with:  Vehicle in traffic,On Roadway,"Sideswipe, same direction",FTYROW:  From stop sign,None Indicated,,Daylight,Dry,Clear,None apparent,Intersection:  T-intersection,Paved,,Property Damage Only,0,0,0,0,0,0,7000,2,3,,POINT (-95.896321894917 41.629795508195)
2014820885,14-36112,10/09/2014,10-October,5-Thursday,17:16,1700 Hours,District 5 (Southeast),BURLINGTON,DES MOINES,,WEST AVE & GARFIELD AVE,Collision with:  Vehicle in traffic,On Roadway,"Angle, oncoming left turn",Other (explain in narrative):  Other,Drug,,Daylight,Dry,Cloudy,None apparent,Non-intersection:  Non-junction/no special feature,Paved,,Possible/Unknown,0,1,0,0,1,0,8500,2,4,,POINT (-91.119552764253 40.799911637701)
2014821026,14-002324,10/09/2014,10-October,5-Thursday,15:34,1500 Hours,District 1 (Central),ALTOONA,POLK,US 6,US 6/SPEC CASE,Collision with:  Vehicle in traffic,On Roadway,Broadside (front to side),Ran Traffic Signal,None Indicated,,Daylight,Dry,Cloudy,None apparent,Unknown,Paved,,Possible/Unknown,0,1,0,0,1,0,8500,2,2,,POINT (-93.511789073208 41.648011142187)
2014821234,2014057653,10/09/2014,10-October,5-Thursday,20:10,2000 Hours,District 6 (East Central),,CEDAR,I-80,I-80,Collision with fixed object:  Guardrail - face,Median,Non-collision (single vehicle),Ran off road - left,None Indicated,,Dark - roadway not lighted,Dry,Clear,None apparent,Non-intersection:  Non-junction/no special feature,Paved,,Property Damage Only,0,0,0,0,0,0,10000,1,1,,POINT (-91.015794459461 41.633373085308)
2014821973,14017779,10/09/2014,10-October,5-Thursday,15:42,1500 Hours,District 2 (Northeast),MASON CITY,CERRO GORDO,IA 122,IA 122/4TH ST SW & CERRO GORDO & WINNEBAGO WAY,Collision with:  Vehicle in traffic,On Roadway,Rear-end (front to rear),Other (explain in narrative):  Other,None Indicated,,Daylight,Dry,Clear,None apparent,Non-intersection:  Non-junction/no special feature,Paved,,Possible/Unknown,0,1,0,0,1,0,750,2,3,,POINT (-93.230310385296 43.148343102799)
2014820756,100914B,10/09/2014,10-October,5-Thursday,09:49,0900 Hours,District 4 (Southwest),,FREMONT,,240 ST,Collision with:  Animal,On Roadway,Non-collision (single vehicle),Animal,None Indicated,,Daylight,Dry,Cloudy,None apparent,Non-intersection:  Driveway access (within),Unpaved,,Property Damage Only,0,0,0,0,0,0,3300,1,1,,POINT (-95.376563794335 40.698960772961)
2014820852,14008789,10/09/2014,10-October,5-Thursday,20:26,2000 Hours,District 6 (East Central),,DELAWARE,US 20,US 20/RAMP,Collision with:  Animal,,,Animal,None Indicated,,,,,,,Paved,,Property Damage Only,0,0,0,0,0,0,6000,1,1,,POINT (-91.438002914401 42.470991552191)
2014820826,14-33456,10/09/2014,10-October,5-Thursday,15:28,1500 Hours,District 3 (Northwest),SIOUX CITY,WOODBURY,,18TH ST & PIERCE ST,Collision with:  Non-motorist (see non-motorist section - NOT a unit),On Roadway,Non-collision (single vehicle),Other (explain in narrative):  No improper action,None Indicated,,Daylight,Dry,Cloudy,None apparent,Intersection:  Four-way intersection,Paved,,Possible/Unknown,0,1,0,0,1,0,0,1,1,,POINT (-96.405093260191 42.509170573606)
2014820901,W14-100945,10/09/2014,10-October,5-Thursday,05:20,0500 Hours,District 2 (Northeast),WATERLOO,BLACK HAWK,,W PARKER ST & BURTON AVE,Collision with fixed object:  Utility pole/light support,,Non-collision (single vehicle),Ran off road - right,None Indicated,,Dark - roadway lighted,,,None apparent,Intersection:  Four-way intersection,Paved,,Property Damage Only,0,0,0,0,0,0,5000,1,1,,POINT (-92.357314485903 42.516731256268)
2014820890,14-5049,10/09/2014,10-October,5-Thursday,17:08,1700 Hours,District 4 (Southwest),WEST DES MOINES,DALLAS,I-80,I-80,Collision with:  Vehicle in traffic,On Roadway,Rear-end (front to rear),Followed too close,None Indicated,,Daylight,Dry,Clear,None apparent,Non-intersection:  Non-junction/no special feature,Paved,,Property Damage Only,0,0,0,0,0,0,13000,2,2,,POINT (-93.805443604567 41.59257378781)
2014820947,14-025015,10/09/2014,10-October,5-Thursday,21:17,2100 Hours,District 3 (Northwest),,CLAY,,HWY 181,Collision with:  Animal,,,Animal,None Indicated,,,,,,,Paved,,Property Damage Only,0,0,0,0,0,0,18000,1,1,,POINT (-96.643700149993 40.233091251414)
2014820946,14-025001,10/09/2014,10-October,5-Thursday,19:01,1900 Hours,District 5 (Southeast),,MARION,,Co Rd G28/HWY G28,Collision with:  Animal,,,Animal,None Indicated,,,,,,,Paved,,Property Damage Only,0,0,0,0,0,0,3800,1,1,,POINT (-92.974719358067 41.407253722983)
2014820802,14023858,10/09/2014,10-October,5-Thursday,17:26,1700 Hours,District 5 (Southeast),OSKALOOSA,MAHASKA,US 63,US 63/S MARKET ST & 21ST AVE,Collision with:  Vehicle in traffic,On Roadway,"Sideswipe, same direction",Driving too fast for conditions,None Indicated,,Daylight,Dry,Clear,None apparent,Non-intersection:  Driveway access (within),Paved,,Property Damage Only,0,0,0,0,0,0,2000,2,5,,POINT (-92.644654947529 41.276168482091)
2014820808,14-004360,10/09/2014,10-October,5-Thursday,08:00,0800 Hours,District 1 (Central),ANKENY,POLK,I-35,I-35,Collision with:  Vehicle in traffic,On Roadway,Rear-end (front to rear),Followed too close,None Indicated,,Daylight,Wet,Cloudy,None apparent,Non-intersection:  Non-junction/no special feature,Paved,,Property Damage Only,0,0,0,0,0,0,2000,2,2,,POINT (-93.576345704992 41.711052641164)
2014820807,14-004359,10/09/2014,10-October,5-Thursday,08:00,0800 Hours,District 1 (Central),ANKENY,POLK,,NW 16TH ST & NW 18TH ST & NW IRVINEDALE DR,Collision with:  Vehicle in traffic,On Roadway,Broadside (front to side),Other (explain in narrative):  Other,None Indicated,,Dawn,Wet,Rain,None apparent,Intersection:  Four-way intersection,Paved,,Property Damage Only,0,0,0,0,0,0,17000,3,3,,POINT (-93.639032273963 41.74624487097)
2014821822,P14-011595,10/09/2014,10-October,5-Thursday,17:56,1700 Hours,District 1 (Central),WEBSTER CITY,HAMILTON,,BOONE ST & BROADWAY ST,Collision with:  Vehicle in traffic,On Roadway,Broadside (front to side),FTYROW:  From stop sign,None Indicated,,Daylight,Dry,Clear,None apparent,Intersection:  Four-way intersection,Paved,,Property Damage Only,0,0,0,0,0,0,3000,2,2,,POINT (-93.826432369457 42.462986527628)
2014820840,14-36113,10/09/2014,10-October,5-Thursday,17:23,1700 Hours,District 5 (Southeast),BURLINGTON,DES MOINES,,CEDAR ST & 9TH ST,Collision with:  Vehicle in traffic,On Roadway,Broadside (front to side),Ran Stop Sign,None Indicated,,Daylight,Dry,Cloudy,None apparent,Intersection:  Four-way intersection,Paved,,Possible/Unknown,0,1,0,0,1,0,3500,2,2,,POINT (-91.109178373014 40.799579900785)
2014823519,14-015873,10/09/2014,10-October,5-Thursday,05:27,0500 Hours,District 2 (Northeast),CHARLES CITY,FLOYD,IA 14,IA 14/7 MILE RD,Collision with:  Animal,,,Animal,None Indicated,,,,,,,Paved,,Property Damage Only,0,0,0,0,0,0,1500,1,1,,POINT (-92.74165199055 43.060071037934)
2014820950,14680813,10/09/2014,10-October,5-Thursday,18:10,1800 Hours,District 5 (Southeast),,MONROE,US 34,US 34,Collision with:  Animal,,,Animal,None Indicated,,,,,,,Paved,,Property Damage Only,0,0,0,0,0,0,5500,1,1,,POINT (-92.929976232249 41.012427547369)
2014820825,14-33417,10/09/2014,10-October,5-Thursday,08:47,0800 Hours,District 3 (Northwest),SIOUX CITY,WOODBURY,,4TH AVE & S PAXTON ST,Collision with:  Parked motor vehicle,Shoulder,Rear-end (front to rear),Other (explain in narrative):  Other,None Indicated,,Daylight,Dry,Cloudy,None apparent,Non-intersection:  Non-junction/no special feature,Paved,,Property Damage Only,0,0,0,0,0,0,6000,2,1,,POINT (-96.365769565088 42.469480048545)
2014824118,K14-031424,10/09/2014,10-October,5-Thursday,19:30,1900 Hours,District 5 (Southeast),KEOKUK,LEE,,PLEASANT LN & MELODY CT & PLANK RD,Collision with:  Non-motorist (see non-motorist section - NOT a unit),On Roadway,Non-collision (single vehicle),Other (explain in narrative):  No improper action,None Indicated,,Dark - roadway lighted,Dry,Clear,None apparent,Intersection:  T-intersection,Paved,,Minor Injury,0,1,0,1,0,0,0,1,1,,POINT (-91.400876919905 40.418274930229)
2014820761,CL14003587,10/09/2014,10-October,5-Thursday,11:22,1100 Hours,District 6 (East Central),CLINTON,CLINTON,US 67,US 67/N 2ND ST & 6TH AVE N,Collision with fixed object:  Utility pole/light support,On Roadway,Non-collision (single vehicle),Exceeded authorized speed,None Indicated,,Daylight,Dry,Clear,None apparent,Non-intersection:  Non-junction/no special feature,Paved,,Property Damage Only,0,0,0,0,0,0,1500,1,2,,POINT (-90.187525720286 41.850027362078)
2014821253,14014381,10/09/2014,10-October,5-Thursday,10:27,1000 Hours,District 5 (Southeast),CENTERVILLE,APPANOOSE,,N 10TH ST,Collision with:  Parked motor vehicle,On Roadway,"Sideswipe, same direction",Ran off road - right,None Indicated,,Daylight,Dry,Cloudy,Work Zone (roadway-related),Non-intersection:  Non-junction/no special feature,Paved,Yes,Property Damage Only,0,0,0,0,0,0,3000,2,3,,POINT (-92.876453808233 40.734544473585)
2014821739,201400003656,10/09/2014,10-October,5-Thursday,17:04,1700 Hours,District 6 (East Central),MARION,LINN,,Co Rd W58/ALBURNETT RD & RANDOLPH RD & ECHO HILL RD,Collision with:  Vehicle in traffic,On Roadway,Rear-end (front to rear),Other (explain in narrative):  Other,None Indicated,,Daylight,Dry,Cloudy,None apparent,Intersection:  Four-way intersection,Paved,,Property Damage Only,0,0,0,0,0,0,2500,2,3,,POINT (-91.619038728987 42.076494663783)
2014821040,14-012345,10/09/2014,10-October,5-Thursday,18:36,1800 Hours,District 1 (Central),,TAMA,US 30,US 30,Collision with:  Animal,,,Animal,None Indicated,,,,,,,Paved,,Property Damage Only,0,0,0,0,0,0,1501,1,1,,POINT (-92.351229252984 41.964056539457)
2014820830,14-33472,10/09/2014,10-October,5-Thursday,16:49,1600 Hours,District 3 (Northwest),SIOUX CITY,WOODBURY,,8TH ST & DOUGLAS ST,Collision with:  Vehicle in traffic,On Roadway,Rear-end (front to rear),Made improper turn,None Indicated,,Daylight,Dry,Clear,None apparent,Intersection:  Four-way intersection,Paved,,Property Damage Only,0,0,0,0,0,0,3800,2,2,,POINT (-96.406472894601 42.498504251831)
2014821232,2014057553,10/09/2014,10-October,5-Thursday,13:01,1300 Hours,District 3 (Northwest),,POCAHONTAS,IA 4,IA 4/220TH AVE,Collision with:  Vehicle in traffic,On Roadway,Rear-end (front to rear),Followed too close,None Indicated,,Daylight,Dry,Cloudy,None apparent,Intersection:  T-intersection,Paved,,Possible/Unknown,0,2,0,0,2,0,35000,3,3,,POINT (-94.678965633028 42.828154443283)
2014820650,1410092381,10/09/2014,10-October,5-Thursday,12:18,1200 Hours,District 6 (East Central),,CLINTON,US 30,US 30,Non-collision events:  Overturn/rollover,On Roadway,Non-collision (single vehicle),Ran off road - right,None Indicated,,Daylight,Dry,Clear,None apparent,Non-intersection:  Non-junction/no special feature,Paved,,Minor Injury,0,1,0,1,0,0,6500,1,1,,POINT (-90.485318978872 41.808108025179)
2014832013,1410091632,10/09/2014,10-October,5-Thursday,16:32,1600 Hours,District 6 (East Central),MONTICELLO,JONES,US 151,US 151,Collision with:  Vehicle in traffic,On Roadway,Rear-end (front to rear),Swerving/Evasive Action,None Indicated,,Daylight,Dry,Clear,None apparent,Non-intersection:  Non-junction/no special feature,Paved,,Property Damage Only,0,0,0,0,0,0,3000,2,2,,POINT (-91.181009539938 42.208159981226)
2014820850,14-19664,10/09/2014,10-October,5-Thursday,07:46,0700 Hours,District 6 (East Central),BETTENDORF,SCOTT,,25TH ST,Collision with:  Parked motor vehicle,On Roadway,Head-on (front to front),Driver Distraction:  Inattentive/lost in thought,None Indicated,,Daylight,Wet,Rain,None apparent,Non-intersection:  Non-junction/no special feature,Paved,,Possible/Unknown,0,1,0,0,1,0,14500,2,1,,POINT (-90.498656819235 41.534287446241)
2014820805,14-6645,10/09/2014,10-October,5-Thursday,17:26,1700 Hours,District 1 (Central),GRIMES,POLK,I-35,I-35 & IA 141/IOWA 141,Collision with:  Vehicle in traffic,On Roadway,Rear-end (front to rear),Followed too close,None Indicated,,Daylight,Dry,Clear,None apparent,Intersection:  Intersection with ramp,Paved,,Property Damage Only,0,0,0,0,0,0,3200,2,2,,POINT (-93.775051156974 41.650662735493)
2014820814,20140029937,10/09/2014,10-October,5-Thursday,14:33,1400 Hours,District 1 (Central),DES MOINES,POLK,,FLEUR DR,Collision with:  Vehicle in traffic,On Roadway,Broadside (front to side),FTYROW:  Making left turn,None Indicated,,Daylight,Dry,Clear,None apparent,Non-intersection:  Driveway access (within),Paved,,Property Damage Only,0,0,0,0,0,0,3000,2,3,,POINT (-93.645010399337 41.547666739063)
2014820831,14-33490,10/09/2014,10-October,5-Thursday,19:01,1900 Hours,District 3 (Northwest),SIOUX CITY,WOODBURY,,RIDGE AVE & S NEWTON ST,Collision with:  Vehicle in traffic,On Roadway,Broadside (front to side),FTYROW:  From stop sign,None Indicated,,Dark - unknown roadway lighting,Dry,Clear,None apparent,Intersection:  Four-way intersection,Paved,,Property Damage Only,0,0,0,0,0,0,3500,2,4,,POINT (-96.358850425393 42.477913402738)
2014820886,14-36116,10/09/2014,10-October,5-Thursday,17:19,1700 Hours,District 5 (Southeast),BURLINGTON,DES MOINES,,MASON RD,Collision with:  Vehicle in traffic,On Roadway,Head-on (front to front),Crossed centerline (undivided),Drug,,Daylight,Dry,Clear,None apparent,Non-intersection:  Non-junction/no special feature,Paved,,Minor Injury,0,2,0,2,0,0,17500,2,3,,POINT (-91.137889936414 40.795263810694)
2014822604,14-004745,10/09/2014,10-October,5-Thursday,20:59,2000 Hours,District 1 (Central),AMES,STORY,,LINCOLN WAY,Collision with:  Vehicle in traffic,On Roadway,Rear-end (front to rear),Driving too fast for conditions,None Indicated,,Dark - roadway lighted,Dry,Clear,None apparent,Intersection:  Four-way intersection,Paved,,Property Damage Only,0,0,0,0,0,0,4500,2,2,,POINT (-93.65535807962 42.022733249673)
2014820824,14-33415,10/09/2014,10-October,5-Thursday,07:48,0700 Hours,District 3 (Northwest),SIOUX CITY,WOODBURY,,STONE AVE,Collision with:  Vehicle in traffic,On Roadway,"Angle, oncoming left turn",FTYROW:  From driveway,None Indicated,,Daylight,Dry,Clear,None apparent,Non-intersection:  Driveway access (within),Paved,,Property Damage Only,0,0,0,0,0,0,3500,2,2,,POINT (-96.350865933337 42.479191906547)
2014820843,14-36158,10/09/2014,10-October,5-Thursday,22:30,2200 Hours,District 5 (Southeast),BURLINGTON,DES MOINES,,IRONWOOD ST,Collision with:  Vehicle in traffic,On Roadway,"Sideswipe, same direction",Lost Control,None Indicated,,Dark - roadway not lighted,Dry,Cloudy,None apparent,Non-intersection:  Non-junction/no special feature,Paved,,Property Damage Only,0,0,0,0,0,0,1500,2,1,,POINT (-91.127033921206 40.801123304431)
2014820769,201410098281,10/09/2014,10-October,5-Thursday,00:35,0000 Hours,District 6 (East Central),,CLINTON,US 67,US 67,Collision with:  Animal,,,Animal,None Indicated,,,,,,,Paved,,Property Damage Only,0,0,0,0,0,0,2000,1,1,,POINT (-90.355016378567 41.747523838775)
2014820757,14-043088,10/09/2014,10-October,5-Thursday,14:21,1400 Hours,District 4 (Southwest),COUNCIL BLUFFS,POTTAWATTAMIE,IA 92,IA 92/OMAHA BRIDGE RD,Collision with:  Vehicle in traffic,On Roadway,Rear-end (front to rear),"Operating vehicle in an reckless, erratic, careless, negligent manner",None Indicated,,Daylight,Dry,Cloudy,Work Zone (roadway-related),Non-intersection:  Non-junction/no special feature,Paved,Yes,Property Damage Only,0,0,0,0,0,0,2000,2,3,,POINT (-95.830487657464 41.221916498937)
2014820668,20140029887,10/09/2014,10-October,5-Thursday,04:46,0400 Hours,District 1 (Central),DES MOINES,POLK,,FOREST AVE & 10TH ST,Collision with:  Vehicle in traffic,On Roadway,Broadside (front to side),FTYROW:  From stop sign,None Indicated,,Dark - roadway lighted,Wet,Rain,None apparent,Intersection:  Four-way intersection,Paved,,Property Damage Only,0,0,0,0,0,0,3000,2,3,,POINT (-93.630595058761 41.60406013965)