Iowa DOT Case Number,Law Enforcement Case Number,Date of Crash,Month of Crash,Day of Week,Time of Crash,Hour,DOT District,City Name,County Name,Route with System,Location Description,First Harmful Event,Location of First Harmful Event,Manner of Crash/Collision,Major Cause,Drug or Alcohol ,Environmental Conditions,Light Conditions,Surface Conditions,Weather Conditions,Roadway Contribution,Roadway Type,Roadway Surface,Work Zone,Crash Severity,Number of Fatalities,Number of Injuries,Number of Major Injuries,Number of Minor Injuries,Number of Possible Injuries,Number of Unknown Injuries,Amount of Property Damage,Number of Vehicles Involved,Total Number of Occupants,Travel Direction,Location
2014820799,201415124,10/09/2014,10-October,5-Thursday,17:20,1700 Hours,District 6 (East Central),CEDAR RAPIDS,LINN,I-380,I-380,Collision with:  Vehicle in traffic,On Roadway,Rear-end (front to rear),Other (explain in narrative):  Other,None Indicated,,Daylight,Dry,Clear,None apparent,Non-intersection:  Non-junction/no special feature,Paved,,Property Damage Only,0,0,0,0,0,0,6000,3,4,,POINT (-91.670482608057 42.028711257597)
2014821113,2014-71080,10/09/2014,10-October,5-Thursday,07:58,0700 Hours,District 6 (East Central),DAVENPORT,SCOTT,,E 15TH ST & MISSISSIPPI AVE,Collision with:  Vehicle in traffic,On Roadway,"Sideswipe, opposite direction",FTYROW:  Other (explain in narrative),None Indicated,,Daylight,Wet,Rain,None apparent,Non-intersection:  Alley,Paved,,Property Damage Only,0,0,0,0,0,0,2500,2,4,,POINT (-90.553695874605 41.535301031807)
2014820868,2014010601,10/09/2014,10-October,5-Thursday,08:33,0800 Hours,District 1 (Central),MARSHALLTOWN,MARSHALL,,S 3RD AVE,Collision with:  Vehicle in traffic,On Roadway,Rear-end (front to rear),Other (explain in narrative):  Other,None Indicated,,Daylight,Dry,Cloudy,None apparent,Non-intersection:  Non-junction/no special feature,Paved,,Property Damage Only,0,0,0,0,0,0,5000,2,2,,POINT (-92.907863566624 42.03782490265)
2014820801,14021223,10/09/2014,10-October,5-Thursday,10:04,1000 Hours,District 6 (East Central),MARION,LINN,,10TH ST,Collision with:  Parked motor vehicle,On Roadway,Rear-end (front to rear),Other (explain in narrative):  Other,None Indicated,,Daylight,Dry,Clear,None apparent,Non-intersection:  Non-junction/no special feature,Paved,,Property Damage Only,0,0,0,0,0,0,1700,2,1,,POINT (-91.599315555157 42.034439346213)
2014823312,2014100901,10/09/2014,10-October,5-Thursday,15:44,1500 Hours,District 4 (Southwest),SHENANDOAH,PAGE,,E NISHNA RD & S CENTER ST & W NISHNA RD,Collision with:  Vehicle in traffic,On Roadway,Broadside (front to side),Ran Stop Sign,None Indicated,,Daylight,Dry,Clear,None apparent,Intersection:  Four-way intersection,Paved,,Property Damage Only,0,0,0,0,0,0,9000,2,2,,POINT (-95.366072659411 40.757283832751)
2014823260,,10/09/2014,10-October,5-Thursday,07:50,0700 Hours,District 2 (Northeast),,ALLAMAKEE,,Co Rd A52/ELON DR,Collision with:  Animal,On Roadway,Non-collision (single vehicle),Animal,None Indicated,,Daylight,Dry,Clear,,Non-intersection:  Non-junction/no special feature,Paved,,Property Damage Only,0,0,0,0,0,0,5347,1,3,,POINT (-91.298358971712 43.260875715838)
2014821252,14006300,10/09/2014,10-October,5-Thursday,17:00,1700 Hours,District 2 (Northeast),ROCK FALLS,CERRO GORDO,,Co Rd S62/340TH ST/VINE AVE,Collision with:  Animal,,,Animal,None Indicated,,,,,,,Paved,,Property Damage Only,0,0,0,0,0,0,5000,1,1,,POINT (-93.083614572226 43.255313911907)
2014821572,,10/09/2014,10-October,5-Thursday,14:25,1400 Hours,District 6 (East Central),CAMANCHE,CLINTON,,13TH AVE N,Collision with:  Parked motor vehicle,On Roadway,Rear-end (front to rear),Lost Control,None Indicated,,Daylight,Dry,Clear,None apparent,Non-intersection:  Non-junction/no special feature,Paved,,Property Damage Only,0,0,0,0,0,0,7000,2,1,,POINT (-90.194330780407 41.859397749134)
2014820735,14-043040,10/09/2014,10-October,5-Thursday,07:13,0700 Hours,District 4 (Southwest),COUNCIL BLUFFS,POTTAWATTAMIE,I-29,I-29,Collision with fixed object:  Bridge overhead structure,On Roadway,Non-collision (single vehicle),Swerving/Evasive Action,None Indicated,,Daylight,Dry,Clear,None apparent,Interchange-related:  On-ramp merge area,Paved,,Property Damage Only,0,0,0,0,0,0,3000,1,3,,POINT (-95.907357623622 41.259906845241)
2014825351,,10/09/2014,10-October,5-Thursday,19:30,1900 Hours,District 6 (East Central),,CLINTON,US 67,US 67,Collision with:  Animal,On Roadway,Non-collision (single vehicle),Animal,None Indicated,,Dark - roadway not lighted,Dry,Cloudy,,Non-intersection:  Non-junction/no special feature,Paved,,Property Damage Only,0,0,0,0,0,0,2844,1,2,,POINT (-90.198845541177 41.952878501589)
2014821018,14-2255,10/09/2014,10-October,5-Thursday,12:37,1200 Hours,District 1 (Central),URBANDALE,POLK,,75TH ST,Collision with:  Vehicle in traffic,On Roadway,Rear-end (front to rear),Improper Backing,None Indicated,,Daylight,Dry,Clear,None apparent,Non-intersection:  Non-junction/no special feature,Paved,,Property Damage Only,0,0,0,0,0,0,2000,2,2,,POINT (-93.721220394344 41.629684187609)
2014820853,S14-004024,10/09/2014,10-October,5-Thursday,17:45,1700 Hours,District 4 (Southwest),AVOCA,POTTAWATTAMIE,US 59,US 59/S WALNUT ST/N WALNUT ST & IA 83/W HIGH ST,Collision with:  Vehicle in traffic,On Roadway,Broadside (front to side),FTYROW:  From stop sign,None Indicated,,Daylight,Dry,Cloudy,None apparent,Intersection:  Four-way intersection,Paved,,Property Damage Only,0,0,0,0,0,0,7700,2,4,,POINT (-95.337951945036 41.476573064441)
2014820821,14-001457,10/09/2014,10-October,5-Thursday,17:21,1700 Hours,District 1 (Central),AMES,STORY,,STANGE RD,Collision with:  Vehicle in traffic,On Roadway,Rear-end (front to rear),Other (explain in narrative):  Other,None Indicated,,Daylight,Dry,Clear,None apparent,Non-intersection:  Non-junction/no special feature,Paved,,Property Damage Only,0,0,0,0,0,0,25500,3,5,,POINT (-93.644778566665 42.037239689757)
2014821333,W14-100960,10/09/2014,10-October,5-Thursday,08:15,0800 Hours,District 2 (Northeast),WATERLOO,BLACK HAWK,US 20,US 20 & HESS RD,Collision with fixed object:  Concrete traffic barrier (median or right side),On Roadway,Non-collision (single vehicle),Ran off road - left,None Indicated,,Daylight,Dry,Clear,None apparent,Non-intersection:  Other non-intersection (explain in narrative),Paved,,Property Damage Only,0,0,0,0,0,0,4000,1,1,,POINT (-92.317455295335 42.453180681864)
2014821495,14-001169,10/09/2014,10-October,5-Thursday,19:56,1900 Hours,District 1 (Central),,STORY,US 30,US 30 & SAND HILL TRL,Collision with:  Vehicle in traffic,On Roadway,Rear-end (front to rear),Followed too close,None Indicated,,Dark - roadway not lighted,Dry,Clear,None apparent,Interchange-related:  Off-ramp,Paved,,Property Damage Only,0,0,0,0,0,0,4000,2,5,,POINT (-93.555730056769 42.008767232794)
2014820820,14-002321,10/09/2014,10-October,5-Thursday,00:34,0000 Hours,District 1 (Central),ALTOONA,POLK,I-80,I-80,Collision with fixed object:  Concrete traffic barrier (median or right side),On Roadway,Non-collision (single vehicle),Swerving/Evasive Action,None Indicated,,Dark - roadway not lighted,Wet,Rain,Work Zone (roadway-related),Non-intersection:  Non-junction/no special feature,Paved,Yes,Property Damage Only,0,0,0,0,0,0,5000,1,2,,POINT (-93.485845748643 41.661796613299)
2014820829,14-33471,10/09/2014,10-October,5-Thursday,16:21,1600 Hours,District 3 (Northwest),SIOUX CITY,WOODBURY,I-29,I-29,Collision with:  Vehicle in traffic,On Roadway,Rear-end (front to rear),Followed too close,None Indicated,,Daylight,Dry,Clear,None apparent,Interchange-related:  On-ramp merge area,Paved,,Property Damage Only,0,0,0,0,0,0,2000,2,2,,POINT (-96.425754425645 42.492175000265)
2014821186,2014-22053,10/09/2014,10-October,5-Thursday,15:23,1500 Hours,District 5 (Southeast),,WARREN,IA 28,IA 28/IOWA 28,Non-collision events:  Overturn/rollover,On Roadway,Non-collision (single vehicle),Ran off road - right,Alcohol (Statutory),,Daylight,Dry,Clear,None apparent,Non-intersection:  Non-junction/no special feature,Paved,,Property Damage Only,0,0,0,0,0,0,1500,1,2,,POINT (-93.692013300201 41.435269534642)
2014820862,2014011294,10/09/2014,10-October,5-Thursday,15:56,1500 Hours,District 6 (East Central),IOWA CITY,JOHNSON,,COMMERCIAL DR & RIVERSIDE DR,Collision with:  Other non-fixed object (explain in narrative),On Roadway,Non-collision (single vehicle),Other (explain in narrative):  Other,None Indicated,,Daylight,Dry,Clear,None apparent,Non-intersection:  Non-junction/no special feature,Paved,,Property Damage Only,0,0,0,0,0,0,8000,1,1,,POINT (-91.538417787195 41.633723783457)
2014820892,14-5058,10/09/2014,10-October,5-Thursday,19:01,1900 Hours,District 1 (Central),WEST DES MOINES,POLK,,E P TRUE PKWY,Collision with:  Vehicle in traffic,On Roadway,Rear-end (front to rear),Driver Distraction:  Manual operation of an electronic communication device,None Indicated,,Dark - roadway lighted,Dry,Clear,Work Zone (roadway-related),Intersection:  T-intersection,Paved,Yes,Property Damage Only,0,0,0,0,0,0,3000,2,6,,POINT (-93.774556938826 41.573258365965)
2014821074,2014-71099,10/09/2014,10-October,5-Thursday,10:30,1000 Hours,District 6 (East Central),DAVENPORT,SCOTT,,E 53RD ST,Collision with:  Vehicle in traffic,On Roadway,Rear-end (front to rear),Followed too close,None Indicated,,Daylight,Dry,Clear,None apparent,Non-intersection:  Non-junction/no special feature,Paved,,Property Damage Only,0,0,0,0,0,0,5000,2,2,,POINT (-90.542132070946 41.574754346976)
2014820835,2014-20521,10/09/2014,10-October,5-Thursday,12:46,1200 Hours,District 6 (East Central),,SCOTT,,287 ST,Collision with:  Vehicle in traffic,On Roadway,"Sideswipe, same direction",Swerving/Evasive Action,None Indicated,,Daylight,Dry,Clear,None apparent,Non-intersection:  Driveway access (within),Unpaved,,Property Damage Only,0,0,0,0,0,0,4000,2,2,,POINT (-90.48930320564 41.72794236046)
2014822449,SO14-1233,10/09/2014,10-October,5-Thursday,15:52,1500 Hours,District 2 (Northeast),,WRIGHT,,Co Rd R38/MADISON AVE & 250TH ST,Collision with:  Vehicle in traffic,On Roadway,"Sideswipe, same direction",Swerving/Evasive Action,None Indicated,,Daylight,Dry,Clear,None apparent,Non-intersection:  Non-junction/no special feature,Paved,,Property Damage Only,0,0,0,0,0,0,6000,2,3,,POINT (-93.735172531242 42.688138239666)
2014821073,2014-71081,10/09/2014,10-October,5-Thursday,08:05,0800 Hours,District 6 (East Central),DAVENPORT,SCOTT,,ROCKINGHAM RD,Collision with:  Vehicle in traffic,On Roadway,Rear-end (front to rear),Followed too close,None Indicated,,Daylight,Wet,Cloudy,None apparent,Non-intersection:  Non-junction/no special feature,Paved,,Property Damage Only,0,0,0,0,0,0,3500,2,2,,POINT (-90.612083525736 41.514751369492)
2014820816,20140029973,10/09/2014,10-October,5-Thursday,18:56,1800 Hours,District 1 (Central),DES MOINES,POLK,US 69,US 69/SE 14TH ST & MAURY ST,Collision with:  Vehicle in traffic,On Roadway,Rear-end (front to rear),Followed too close,None Indicated,,Dark - roadway lighted,Dry,Clear,None apparent,Non-intersection:  Non-junction/no special feature,Paved,,Property Damage Only,0,0,0,0,0,0,3000,2,2,,POINT (-93.596867424874 41.581253693225)
2014820891,14-5057,10/09/2014,10-October,5-Thursday,19:20,1900 Hours,District 4 (Southwest),WEST DES MOINES,DALLAS,,JORDAN CREEK PKWY,Collision with:  Animal,On Roadway,Non-collision (single vehicle),Animal,None Indicated,,Dark - roadway lighted,Dry,Clear,None apparent,Non-intersection:  Non-junction/no special feature,Paved,,Property Damage Only,0,0,0,0,0,0,1800,1,2,,POINT (-93.809226660027 41.574604851625)
2014820628,W14-100969,10/09/2014,10-October,5-Thursday,09:15,0900 Hours,District 2 (Northeast),WATERLOO,BLACK HAWK,,E 9TH ST & LAFAYETTE ST,Collision with:  Vehicle in traffic,On Roadway,Broadside (front to side),Ran Stop Sign,None Indicated,,Daylight,Dry,Clear,None apparent,Intersection:  Four-way intersection,Paved,,Property Damage Only,0,0,0,0,0,0,3500,2,3,,POINT (-92.329784657248 42.495571996706)
2014820745,14-043071,10/09/2014,10-October,5-Thursday,12:42,1200 Hours,District 4 (Southwest),COUNCIL BLUFFS,POTTAWATTAMIE,,S 35TH ST,Collision with:  Vehicle in traffic,On Roadway,Rear-end (front to rear),Other (explain in narrative):  Vision obstructed,None Indicated,,Daylight,Dry,Clear,None apparent,Non-intersection:  Non-junction/no special feature,Paved,,Property Damage Only,0,0,0,0,0,0,10000,2,5,,POINT (-95.902015361694 41.250585106669)
2014822970,14042701,10/09/2014,10-October,5-Thursday,05:43,0500 Hours,District 5 (Southeast),NICHOLS,MUSCATINE,IA 70,IA 70/IOWA 70,Collision with fixed object:  Ditch,On Roadway,Non-collision (single vehicle),Other (explain in narrative):  No improper action,None Indicated,,Dark - roadway not lighted,Wet,Rain,None apparent,Non-intersection:  Non-junction/no special feature,Paved,,Possible/Unknown,0,1,0,0,1,0,300,1,1,,POINT (-91.252180833851 41.489589458989)
2014821871,S14-10397,10/09/2014,10-October,5-Thursday,21:11,2100 Hours,District 3 (Northwest),,WOODBURY,,Co Rd D25/OLD HWY 141 & 252ND ST,Collision with:  Animal,,,Animal,None Indicated,,,,,,,Paved,,Property Damage Only,0,0,0,0,0,0,8000,1,1,,POINT (-96.15722491195 42.335333406372)
2014821075,2014-71193,10/09/2014,10-October,5-Thursday,18:50,1800 Hours,District 6 (East Central),DAVENPORT,SCOTT,I-74,I-74,Collision with:  Animal,,,Animal,None Indicated,,,,,,,Paved,,Property Damage Only,0,0,0,0,0,0,8000,1,1,,POINT (-90.53224178251 41.597301324169)
2014821302,2014-19657,10/09/2014,10-October,5-Thursday,01:16,0100 Hours,District 6 (East Central),BETTENDORF,SCOTT,,23RD ST,Collision with:  Parked motor vehicle,On Roadway,"Sideswipe, same direction",Lost Control,None Indicated,,Dark - roadway lighted,Wet,Rain,None apparent,Non-intersection:  Non-junction/no special feature,Paved,,Property Damage Only,0,0,0,0,0,0,7000,2,1,,POINT (-90.500216283924 41.529899256842)
2014820720,14-043023,10/09/2014,10-October,5-Thursday,00:35,0000 Hours,District 4 (Southwest),COUNCIL BLUFFS,POTTAWATTAMIE,,S 9TH ST,Collision with:  Parked motor vehicle,On Roadway,Head-on (front to front),Swerving/Evasive Action,None Indicated,,Dark - roadway lighted,Dry,Clear,None apparent,Non-intersection:  Non-junction/no special feature,Paved,,Property Damage Only,0,0,0,0,0,0,5000,2,2,,POINT (-95.85750166432 41.258499172048)
2014820880,2014-038572,10/09/2014,10-October,5-Thursday,15:37,1500 Hours,District 6 (East Central),DUBUQUE,DUBUQUE,US 20,US 20/DODGE ST & OLD HIGHWAY RD,Collision with:  Vehicle in traffic,On Roadway,Rear-end (front to rear),Lost Control,None Indicated,,Daylight,Dry,Clear,None apparent,Non-intersection:  Non-junction/no special feature,Paved,,Property Damage Only,0,0,0,0,0,0,2000,2,2,,POINT (-90.746925394761 42.486673158244)
2014820849,14-0563,10/09/2014,10-October,5-Thursday,22:23,2200 Hours,District 1 (Central),,WEBSTER,,Co Rd D20/OLD HWY 20,Non-collision events:  Other non-collision (explain in narrative),On Roadway,Non-collision (single vehicle),Exceeded authorized speed,None Indicated,,Dark - roadway not lighted,Dry,Clear,None apparent,Non-intersection:  Non-junction/no special feature,Paved,,Possible/Unknown,0,1,0,0,1,0,500,1,2,,POINT (-94.209647685625 42.482781358425)
2014820658,14-6624,10/09/2014,10-October,5-Thursday,07:46,0700 Hours,District 1 (Central),,POLK,IA 415,IA 415/2ND AVE & NW 52ND AVE,Collision with:  Vehicle in traffic,On Roadway,Rear-end (front to rear),Followed too close,None Indicated,,Daylight,Wet,Cloudy,None apparent,Non-intersection:  Non-junction/no special feature,Paved,,Property Damage Only,0,0,0,0,0,0,4000,2,2,,POINT (-93.620043092352 41.655062187833)
2014820928,14153226,10/09/2014,10-October,5-Thursday,09:40,0900 Hours,District 6 (East Central),,JOHNSON,IA 1,IA 1/IOWA 1,Collision with:  Vehicle in traffic,On Roadway,Rear-end (front to rear),Followed too close,None Indicated,,Daylight,Dry,Cloudy,Work Zone (roadway-related),Non-intersection:  Non-junction/no special feature,Paved,Yes,Property Damage Only,0,0,0,0,0,0,6500,2,2,,POINT (-91.684781270188 41.596410571873)
2014821146,14013355,10/09/2014,10-October,5-Thursday,12:50,1200 Hours,District 4 (Southwest),GLENWOOD,MILLS,,4TH ST,Collision with fixed object:  Other fixed object (explain in narrative),On Roadway,Non-collision (single vehicle),Unknown,None Indicated,,Daylight,Dry,Cloudy,None apparent,Non-intersection:  Non-junction/no special feature,Paved,,Possible/Unknown,0,1,0,0,0,1,4000,1,1,,POINT (-95.7356190202 41.050851532117)
2014821019,14-2261,10/09/2014,10-October,5-Thursday,18:18,1800 Hours,District 1 (Central),URBANDALE,POLK,,100TH ST & 99TH ST,Collision with:  Vehicle in traffic,On Roadway,"Sideswipe, same direction",Other (explain in narrative):  Other,None Indicated,,Daylight,Dry,Clear,None apparent,Non-intersection:  Non-junction/no special feature,Paved,,Property Damage Only,0,0,0,0,0,0,3000,2,3,,POINT (-93.755834255403 41.624778077274)
2014828351,14100146,10/09/2014,10-October,5-Thursday,02:56,0200 Hours,District 5 (Southeast),OTTUMWA,WAPELLO,US 63,US 63,Collision with:  Animal,,Non-collision (single vehicle),Animal,None Indicated,,,,,,,Paved,,Property Damage Only,0,0,0,0,0,0,2500,1,1,,POINT (-92.496791534054 41.096332891907)
2014820803,1410091-A,10/09/2014,10-October,5-Thursday,04:50,0400 Hours,District 4 (Southwest),RED OAK,MONTGOMERY,,SUMMIT ST & 8TH ST,Collision with:  Vehicle in traffic,On Roadway,Rear-end (front to rear),Unknown,None Indicated,,Dark - roadway lighted,Dry,Cloudy,None apparent,Non-intersection:  Non-junction/no special feature,Paved,,Possible/Unknown,0,1,0,0,1,0,400,2,2,,POINT (-95.223240132271 41.016449667334)
2014821126,14-008854,10/09/2014,10-October,5-Thursday,17:06,1700 Hours,District 4 (Southwest),ATLANTIC,CASS,US 6,US 6/7TH ST/WHITE POLE RD & 635TH ST,Collision with:  Vehicle in traffic,On Roadway,Rear-end (front to rear),Other (explain in narrative):  Other,None Indicated,,Daylight,Dry,Clear,None apparent,Non-intersection:  Non-junction/no special feature,Paved,,Minor Injury,0,2,0,1,1,0,14000,2,3,,POINT (-94.974499955459 41.403813676425)
2014821193,S14-004011,10/09/2014,10-October,5-Thursday,06:03,0600 Hours,District 4 (Southwest),,POTTAWATTAMIE,,Co Rd L20/OLD LINCOLN HWY & MYNSTER SPRINGS RD,Collision with fixed object:  Ditch,Outside trafficway,Non-collision (single vehicle),Unknown,None Indicated,,Dark - roadway not lighted,Dry,Clear,Unknown,Non-intersection:  Non-junction/no special feature,Paved,,Property Damage Only,0,0,0,0,0,0,1600,1,1,,POINT (-95.838742688061 41.305922691086)
2014822398,201400049899,10/09/2014,10-October,5-Thursday,20:00,2000 Hours,District 5 (Southeast),OTTUMWA,WAPELLO,,W 2ND ST & HARROWS BR,Collision with fixed object:  Utility pole/light support,On Roadway,Non-collision (single vehicle),Ran off road - right,None Indicated,,Dark - roadway lighted,Dry,Clear,None apparent,Non-intersection:  Non-junction/no special feature,Paved,,Property Damage Only,0,0,0,0,0,0,8000,1,1,,POINT (-92.430010873974 41.031830325859)
2014820887,2014011313,10/09/2014,10-October,5-Thursday,22:53,2200 Hours,District 6 (East Central),IOWA CITY,JOHNSON,US 6,US 6/S RIVERSIDE DR & IA 1/IOWA 1 & OLD HIGHWAY 218,Collision with:  Vehicle in traffic,On Roadway,Rear-end (front to rear),Followed too close,None Indicated,,Dark - roadway lighted,Dry,Clear,None apparent,Non-intersection:  Non-junction/no special feature,Paved,,Possible/Unknown,0,2,0,0,2,0,7000,2,4,,POINT (-91.54011241148 41.647471814659)
2014822719,,10/09/2014,10-October,5-Thursday,00:30,0000 Hours,District 1 (Central),,MARSHALL,,MARSH AVE,Collision with:  Animal,On Roadway,Non-collision (single vehicle),Animal,None Indicated,,Dark - roadway not lighted,Wet,Rain,,Non-intersection:  Non-junction/no special feature,Paved,,Property Damage Only,0,0,0,0,0,0,3200,1,1,,POINT (-92.999855086568 42.007212312351)
2014821423,14-004740,10/09/2014,10-October,5-Thursday,15:56,1500 Hours,District 1 (Central),AMES,STORY,US 69,US 69/GRAND AVE,Collision with:  Vehicle in traffic,On Roadway,Rear-end (front to rear),Followed too close,None Indicated,,Daylight,Dry,Clear,None apparent,Non-intersection:  Non-junction/no special feature,Paved,,Property Damage Only,0,0,0,0,0,0,3000,2,2,,POINT (-93.620578440898 42.050846875569)
2014822076,2014LA-12,10/09/2014,10-October,5-Thursday,09:00,0900 Hours,District 6 (East Central),LISBON,LINN,,E 2ND AVE,Collision with:  Vehicle in traffic,On Roadway,Broadside (front to side),Other (explain in narrative):  No improper action,None Indicated,,Daylight,Dry,Clear,None apparent,Non-intersection:  Non-junction/no special feature,Paved,,Property Damage Only,0,0,0,0,0,0,1500,2,1,,POINT (-91.381212917857 41.924214656193)
2014821262,2014011290,10/09/2014,10-October,5-Thursday,14:00,1400 Hours,District 6 (East Central),IOWA CITY,JOHNSON,,ARBURY DR,Collision with:  Parked motor vehicle,On Roadway,Broadside (front to side),FTYROW:  Other (explain in narrative),None Indicated,,Daylight,Dry,Clear,None apparent,Non-intersection:  Non-junction/no special feature,Paved,,Property Damage Only,0,0,0,0,0,0,3000,2,1,,POINT (-91.560941582284 41.648779321701)
2014821375,1009146A,10/09/2014,10-October,5-Thursday,21:00,2100 Hours,District 4 (Southwest),BRADDYVILLE,PAGE,US 71,US 71,Collision with:  Animal,,,Animal,None Indicated,,,,,,,Paved,,Property Damage Only,0,0,0,0,0,0,5000,1,1,,POINT (-95.030452104118 40.595268292468)
2014824387,2014-013164,10/09/2014,10-October,5-Thursday,19:51,1900 Hours,District 6 (East Central),,DUBUQUE,,Co Rd Y13/HOLY CROSS RD,Non-collision events:  Other non-collision (explain in narrative),On Roadway,Non-collision (single vehicle),Ran off road - left,Alcohol (Statutory),,Dark - roadway not lighted,Dry,Cloudy,None apparent,Non-intersection:  Non-junction/no special feature,Paved,,Minor Injury,0,1,0,1,0,0,10500,1,1,,POINT (-90.996050618991 42.494192613915)
2014821255,2014-006231,10/09/2014,10-October,5-Thursday,20:06,2000 Hours,District 6 (East Central),,BENTON,US 30,US 30/73 ST,Collision with:  Animal,,,Animal,None Indicated,,,,,,,Paved,,Property Damage Only,0,0,0,0,0,0,2000,1,1,,POINT (-91.931887212791 41.963244557242)
2014821037,S79140329,10/09/2014,10-October,5-Thursday,08:45,0800 Hours,District 1 (Central),,POWESHIEK,IA 146,IA 146/IOWA 146,Non-collision events:  Overturn/rollover,Shoulder,Non-collision (single vehicle),Ran off road - right,None Indicated,,Daylight,Wet,Cloudy,None apparent,Non-intersection:  Non-junction/no special feature,Paved,,Property Damage Only,0,0,0,0,0,0,4000,1,1,,POINT (-92.683640644365 41.574405232188)
2014820811,20140029888,10/09/2014,10-October,5-Thursday,05:38,0500 Hours,District 1 (Central),DES MOINES,POLK,,E PARK AVE,Collision with:  Vehicle in traffic,On Roadway,"Angle, oncoming left turn",FTYROW:  Making left turn,None Indicated,,Dark - roadway lighted,Wet,Clear,None apparent,Intersection:  Four-way intersection,Paved,,Property Damage Only,0,0,0,0,0,0,6000,2,2,,POINT (-93.596916251027 41.555285429001)
2014822119,,10/09/2014,10-October,5-Thursday,21:30,2100 Hours,District 2 (Northeast),LANSING,ALLAMAKEE,IA 9,IA 9/MAIN ST/N 2ND ST & S 2ND ST,Collision with:  Animal,On Roadway,Non-collision (single vehicle),Animal,None Indicated,,Dark - roadway not lighted,Dry,Clear,,Non-intersection:  Non-junction/no special feature,Paved,,Property Damage Only,0,0,0,0,0,0,4300,1,1,,POINT (-91.215623039133 43.362111034104)
2014828353,14100175,10/09/2014,10-October,5-Thursday,01:59,0100 Hours,District 5 (Southeast),OTTUMWA,WAPELLO,,ALBIA RD,Non-collision events:  Overturn/rollover,Shoulder,Non-collision (single vehicle),Exceeded authorized speed,None Indicated,,Dark - roadway not lighted,Dry,Clear,None apparent,Non-intersection:  Non-junction/no special feature,Paved,,Possible/Unknown,0,1,0,0,0,1,6500,1,1,,POINT (-92.464426534342 41.011222595476)
2014821654,2014-22028,10/09/2014,10-October,5-Thursday,07:43,0700 Hours,District 5 (Southeast),INDIANOLA,WARREN,US 65,US 65/S JEFFERSON WAY & IA 92/E 2ND AVE,Collision with:  Vehicle in traffic,On Roadway,"Angle, oncoming left turn",FTYROW:  Making left turn,None Indicated,,Daylight,Wet,Rain,None apparent,Intersection:  Four-way intersection,Paved,,Property Damage Only,0,0,0,0,0,0,4500,2,2,,POINT (-93.558326324462 41.358287784294)
2014821741,201403653,10/09/2014,10-October,5-Thursday,13:16,1300 Hours,District 6 (East Central),,LINN,,Co Rd E44/SQUAW RIDGE RD/COTTAGE GROVE PKWY,Collision with fixed object:  Ditch,Roadside,Non-collision (single vehicle),Ran off road - right,Refused,,Daylight,Dry,Clear,None apparent,Non-intersection:  Non-junction/no special feature,Paved,,Minor Injury,0,1,0,1,0,0,500,1,1,,POINT (-91.563675069522 41.991056533555)
2014820798,201415119,10/09/2014,10-October,5-Thursday,15:49,1500 Hours,District 6 (East Central),CEDAR RAPIDS,LINN,,15TH AVE SW & 6TH ST SW,Collision with:  Vehicle in traffic,On Roadway,Rear-end (front to rear),Lost Control,None Indicated,,Daylight,Dry,Clear,None apparent,Intersection:  Four-way intersection,Paved,,Property Damage Only,0,0,0,0,0,0,6000,2,2,,POINT (-91.677065978833 41.962851346953)
2014821368,14-007490,10/09/2014,10-October,5-Thursday,07:51,0700 Hours,District 3 (Northwest),WHITING,MONONA,I-29,I-29,Collision with:  Animal,,,Animal,None Indicated,,,,,,,Paved,,Property Damage Only,0,0,0,0,0,0,2500,1,1,,POINT (-96.178154387694 42.084884671923)
2014820904,W14-101376,10/10/2014,10-October,6-Friday,13:37,1300 Hours,District 2 (Northeast),WATERLOO,BLACK HAWK,,W 3RD ST,Collision with:  Parked motor vehicle,On Roadway,"Sideswipe, same direction",Driver Distraction:  Manual operation of an electronic communication device,None Indicated,,Daylight,Dry,Cloudy,None apparent,Non-intersection:  Non-junction/no special feature,Paved,,Property Damage Only,0,0,0,0,0,0,4000,2,1,,POINT (-92.353310968713 42.48823231504)
2014824670,261401836,10/10/2014,10-October,6-Friday,05:37,0500 Hours,District 5 (Southeast),BLOOMFIELD,DAVIS,IA 2,IA 2/IOWA 2,Collision with:  Animal,On Roadway,Non-collision (single vehicle),Animal,None Indicated,,Dark - roadway not lighted,Dry,Clear,None apparent,Non-intersection:  Non-junction/no special feature,Paved,,Property Damage Only,0,0,0,0,0,0,5000,1,1,,POINT (-92.539047971395 40.729312001232)
2014821176,2014-038597,10/10/2014,10-October,6-Friday,12:25,1200 Hours,District 6 (East Central),DUBUQUE,DUBUQUE,,E 16TH ST & SYCAMORE ST,Collision with:  Vehicle in traffic,On Roadway,Rear-end (front to rear),Improper Backing,None Indicated,,Daylight,Dry,Clear,None apparent,Intersection:  T-intersection,Paved,,Property Damage Only,0,0,0,0,0,0,2000,2,2,,POINT (-90.660778515053 42.510287065887)
2014821575,,10/10/2014,10-October,6-Friday,03:00,0300 Hours,District 2 (Northeast),,CLAYTON,IA 13,IA 13/IOWA 13,Collision with:  Animal,On Roadway,Non-collision (single vehicle),Animal,None Indicated,,Dark - roadway not lighted,Dry,Clear,,Non-intersection:  Non-junction/no special feature,Paved,,Property Damage Only,0,0,0,0,0,0,2300,1,1,,POINT (-91.36304968626 42.903081411141)