Iowa DOT Case Number,Law Enforcement Case Number,Date of Crash,Month of Crash,Day of Week,Time of Crash,Hour,DOT District,City Name,County Name,Route with System,Location Description,First Harmful Event,Location of First Harmful Event,Manner of Crash/Collision,Major Cause,Drug or Alcohol ,Environmental Conditions,Light Conditions,Surface Conditions,Weather Conditions,Roadway Contribution,Roadway Type,Roadway Surface,Work Zone,Crash Severity,Number of Fatalities,Number of Injuries,Number of Major Injuries,Number of Minor Injuries,Number of Possible Injuries,Number of Unknown Injuries,Amount of Property Damage,Number of Vehicles Involved,Total Number of Occupants,Travel Direction,Location
2014821484,14-209,10/10/2014,10-October,6-Friday,16:07,1600 Hours,District 2 (Northeast),WAVERLY,BREMER,IA 3,IA 3/BREMER AVE & IA 116/4TH ST SW & 4TH ST NW,Collision with:  Vehicle in traffic,On Roadway,"Angle, oncoming left turn",Crossed centerline (undivided),None Indicated,,Daylight,Dry,Clear,None apparent,Intersection:  Four-way intersection,Paved,,Possible/Unknown,0,1,0,0,1,0,10500,2,2,,POINT (-92.475681102397 42.725742830053)
2014821004,20140030047,10/10/2014,10-October,6-Friday,15:40,1500 Hours,District 1 (Central),DES MOINES,POLK,,HIGH ST & MLK JR PKWY,Collision with:  Vehicle in traffic,On Roadway,Rear-end (front to rear),Followed too close,None Indicated,,Daylight,Dry,Clear,None apparent,Non-intersection:  Non-junction/no special feature,Paved,,Possible/Unknown,0,3,0,0,3,0,3500,2,5,,POINT (-93.644694555231 41.58706634867)
2014821134,201404739,10/10/2014,10-October,6-Friday,04:45,0400 Hours,District 1 (Central),BOONE,BOONE,IA 930,IA 930/W LINCOLN WAY & X AVE,Collision with:  Animal,,,Animal,None Indicated,,,,,,,Paved,,Property Damage Only,0,0,0,0,0,0,4000,1,1,,POINT (-93.718318464792 42.023176095945)
2014820837,CL14003604,10/10/2014,10-October,6-Friday,14:13,1400 Hours,District 6 (East Central),CLINTON,CLINTON,US 30,US 30/11TH AVE S,Collision with:  Vehicle in traffic,On Roadway,Rear-end (front to rear),Other (explain in narrative):  Other,None Indicated,,Daylight,Dry,Clear,None apparent,Intersection:  Four-way intersection,Paved,,Property Damage Only,0,0,0,0,0,0,2000,2,2,,POINT (-90.193130903355 41.834233484696)
2014820863,14-043198,10/10/2014,10-October,6-Friday,09:42,0900 Hours,District 4 (Southwest),COUNCIL BLUFFS,POTTAWATTAMIE,I-80,I-80,Collision with:  Vehicle in traffic,Shoulder,Rear-end (front to rear),Followed too close,None Indicated,,Daylight,Dry,Cloudy,Work Zone (roadway-related),Non-intersection:  Non-junction/no special feature,Paved,Yes,Property Damage Only,0,0,0,0,0,0,1500,2,3,,POINT (-95.906129389653 41.231946234061)
2014821257,2014-006265,10/10/2014,10-October,6-Friday,21:45,2100 Hours,District 6 (East Central),,BENTON,,Co Rd V37/V37 & 55 ST & 150TH ST,Collision with:  Animal,,,Animal,None Indicated,,,,,,,Paved,,Property Damage Only,0,0,0,0,0,0,2500,1,1,,POINT (-92.298892172536 42.225251103582)
2014820911,1410102791,10/10/2014,10-October,6-Friday,15:30,1500 Hours,District 6 (East Central),,CLINTON,,390 AVE,Non-collision events:  Overturn/rollover,Roadside,Non-collision (single vehicle),Swerving/Evasive Action,None Indicated,,Daylight,"Mud, dirt",Cloudy,None apparent,Non-intersection:  Non-junction/no special feature,Unpaved,,Property Damage Only,0,0,0,0,0,0,2000,1,2,,POINT (-90.334592806098 41.986452687575)
2014821587,W14-101482,10/10/2014,10-October,6-Friday,18:44,1800 Hours,District 2 (Northeast),WATERLOO,BLACK HAWK,,E PARK AVE & LAFAYETTE ST,Collision with:  Vehicle in traffic,On Roadway,"Sideswipe, opposite direction",FTYROW:  Making left turn,Alcohol (Statutory),,Dark - unknown roadway lighting,Dry,Clear,None apparent,Intersection:  Four-way intersection,Paved,,Possible/Unknown,0,1,0,0,1,0,3000,2,5,,POINT (-92.336092941449 42.499751395789)
2014820990,20140030043,10/10/2014,10-October,6-Friday,14:00,1400 Hours,District 1 (Central),DES MOINES,POLK,,56TH ST,Collision with:  Vehicle in traffic,On Roadway,"Sideswipe, opposite direction",Lost Control,Alcohol (Statutory),,Daylight,Dry,Cloudy,None apparent,Non-intersection:  Non-junction/no special feature,Paved,,Property Damage Only,0,0,0,0,0,0,3200,2,1,,POINT (-93.694322606488 41.612339835041)
2014821782,2014057943,10/10/2014,10-October,6-Friday,20:45,2000 Hours,District 5 (Southeast),,WARREN,I-35,I-35,Collision with:  Animal,,,Animal,None Indicated,,,,,,,Paved,,Property Damage Only,0,0,0,0,0,0,2000,1,1,,POINT (-93.780022739924 41.444164285129)
2014821191,2014013172,10/10/2014,10-October,6-Friday,12:47,1200 Hours,District 6 (East Central),,DUBUQUE,IA 136,IA 136/IOWA 136 & FLOYD RD,Collision with:  Vehicle in traffic,On Roadway,"Sideswipe, same direction",FTYROW:  At uncontrolled intersection,None Indicated,,Daylight,Dry,Cloudy,None apparent,Intersection:  Four-way intersection,Paved,,Property Damage Only,0,0,0,0,0,0,4000,2,4,,POINT (-91.109447480516 42.515301561922)
2014821577,,10/10/2014,10-October,6-Friday,19:20,1900 Hours,District 6 (East Central),,JOHNSON,,Co Rd F8W/PRAIRIE DU CHIEN RD,Collision with:  Animal,On Roadway,Non-collision (single vehicle),Animal,None Indicated,,Dark - roadway not lighted,Dry,Clear,,Non-intersection:  Non-junction/no special feature,Paved,,Property Damage Only,0,0,0,0,0,0,1575,1,3,,POINT (-91.52064959226 41.698769007304)
2014828354,14100207,10/10/2014,10-October,6-Friday,06:14,0600 Hours,District 5 (Southeast),,WAPELLO,,Co Rd H21/BLACKHAWK RD,Collision with:  Animal,,Non-collision (single vehicle),Animal,None Indicated,,,,,,,Paved,,Property Damage Only,0,0,0,0,0,0,1500,1,1,,POINT (-92.45544086377 41.023620755831)
2014821365,1400000880,10/10/2014,10-October,6-Friday,00:05,0000 Hours,District 1 (Central),,MARSHALL,US 30,US 30/240TH ST,Collision with:  Animal,,,Animal,None Indicated,,,,,,,Paved,,Property Damage Only,0,0,0,0,0,0,4000,1,1,,POINT (-92.851029822731 42.007025584876)
2014821483,14-208,10/10/2014,10-October,6-Friday,14:35,1400 Hours,District 2 (Northeast),WAVERLY,BREMER,IA 3,IA 3/BREMER AVE & 2ND ST SE & 2ND ST NE,Collision with:  Vehicle in traffic,On Roadway,Rear-end (front to rear),Followed too close,None Indicated,,Daylight,Dry,Clear,None apparent,Intersection:  Four-way intersection,Paved,,Property Damage Only,0,0,0,0,0,0,4000,2,2,,POINT (-92.468107592323 42.725806969564)
2014821263,2014011333,10/10/2014,10-October,6-Friday,14:42,1400 Hours,District 6 (East Central),IOWA CITY,JOHNSON,IA 1,IA 1/IOWA 1,Collision with:  Vehicle in traffic,On Roadway,Rear-end (front to rear),Followed too close,None Indicated,,Daylight,Dry,Clear,None apparent,Non-intersection:  Non-junction/no special feature,Paved,,Minor Injury,0,1,0,1,0,0,21500,3,4,,POINT (-91.562268304149 41.63825786438)
2014820991,20140030054,10/10/2014,10-October,6-Friday,15:35,1500 Hours,District 1 (Central),DES MOINES,POLK,US 6,US 6/E EUCLID AVE,Collision with:  Vehicle in traffic,On Roadway,"Angle, oncoming left turn",FTYROW:  Making left turn,None Indicated,,Daylight,Dry,Cloudy,None apparent,Non-intersection:  Driveway access (within),Paved,,Property Damage Only,0,0,0,0,0,0,10500,3,7,,POINT (-93.610645135422 41.627703679488)
2014820999,20140030075,10/10/2014,10-October,6-Friday,17:10,1700 Hours,District 1 (Central),DES MOINES,POLK,,E 29TH ST,Collision with:  Vehicle in traffic,On Roadway,"Sideswipe, same direction",FTYROW:  Other (explain in narrative),None Indicated,,Daylight,Dry,Clear,None apparent,Non-intersection:  Non-junction/no special feature,Paved,,Property Damage Only,0,0,0,0,0,0,6000,2,2,,POINT (-93.561219929909 41.628982427815)
2014821910,14-245,10/10/2014,10-October,6-Friday,20:34,2000 Hours,District 4 (Southwest),,TAYLOR,,Co Rd N26/COLT AVE,Collision with fixed object:  Traffic sign support,Roadside,Non-collision (single vehicle),Ran off road - left,None Indicated,,Dark - roadway not lighted,Dry,Clear,None apparent,Non-intersection:  Non-junction/no special feature,Paved,,Possible/Unknown,0,1,0,0,1,0,2000,1,1,,POINT (-94.88522590011 40.721167766783)
2014821147,14013391,10/10/2014,10-October,6-Friday,12:23,1200 Hours,District 4 (Southwest),,MILLS,,Co Rd H10/BUNGE AVE,Collision with:  Vehicle in traffic,On Roadway,Broadside (front to side),Crossed centerline (undivided),None Indicated,,Daylight,Dry,Cloudy,None apparent,Non-intersection:  Non-junction/no special feature,Paved,,Property Damage Only,0,0,0,0,0,0,2200,2,3,,POINT (-95.808965344634 41.149923645747)
2014822153,,10/10/2014,10-October,6-Friday,22:25,2200 Hours,District 4 (Southwest),,FREMONT,,Co Rd J24/155 ST,Collision with:  Animal,On Roadway,Non-collision (single vehicle),Animal,None Indicated,,Dark - roadway not lighted,Dry,Cloudy,,Non-intersection:  Non-junction/no special feature,Paved,,Property Damage Only,0,0,0,0,0,0,2446,1,2,,POINT (-95.76549150476 40.821994812778)
2014821340,14-015574,10/10/2014,10-October,6-Friday,16:52,1600 Hours,District 3 (Northwest),SPENCER,CLAY,US 18,US 18/N GRAND AVE & W 8TH ST & E 8TH ST,Collision with:  Vehicle in traffic,On Roadway,Broadside (front to side),Ran Traffic Signal,None Indicated,,Daylight,Dry,Clear,None apparent,Intersection:  Four-way intersection,Paved,,Major Injury,0,2,1,0,1,0,10000,2,2,,POINT (-95.144995436167 43.145726508632)
2014821477,4514-039,10/10/2014,10-October,6-Friday,15:42,1500 Hours,District 2 (Northeast),,HOWARD,,180TH ST,Non-collision events:  Jackknife,On Roadway,"Sideswipe, same direction","Operating vehicle in an reckless, erratic, careless, negligent manner",None Indicated,,Daylight,"Mud, dirt",Clear,None apparent,Non-intersection:  Non-junction/no special feature,Unpaved,,Property Damage Only,0,0,0,0,0,0,5500,2,3,,POINT (-92.440064354339 43.255387812047)
2014820931,201415197,10/10/2014,10-October,6-Friday,21:50,2100 Hours,District 6 (East Central),CEDAR RAPIDS,LINN,,NORTHWOOD DR NE & DAVID CT NE,Collision with fixed object:  Mailbox,On Roadway,Non-collision (single vehicle),Lost Control,Alcohol (Statutory),,Dark - roadway lighted,Dry,Clear,None apparent,Non-intersection:  Non-junction/no special feature,Paved,,Property Damage Only,0,0,0,0,0,0,31000,1,2,,POINT (-91.674906896912 42.025655228694)
2014821826,14002253,10/10/2014,10-October,6-Friday,19:20,1900 Hours,District 6 (East Central),IOWA CITY,JOHNSON,,S GRAND AVE,Collision with fixed object:  Other fixed object (explain in narrative),Outside trafficway,Non-collision (single vehicle),Improper Backing,None Indicated,,Dark - roadway lighted,Dry,Cloudy,None apparent,Non-intersection:  Non-junction/no special feature,Paved,,Property Damage Only,0,0,0,0,0,0,10000,1,2,,POINT (-91.546010929254 41.658039597835)
2014821513,14001177,10/10/2014,10-October,6-Friday,20:07,2000 Hours,District 1 (Central),,STORY,,Co Rd E41/LINCOLN HWY & 680TH AVE,Collision with:  Animal,,,Animal,None Indicated,,,,,,,Paved,,Property Damage Only,0,0,0,0,0,0,3500,1,1,,POINT (-93.357224090091 42.022598213019)
2014823070,,10/10/2014,10-October,6-Friday,07:55,0700 Hours,District 2 (Northeast),CLARKSVILLE,BUTLER,,E POISAL ST & N MATHER ST,Collision with:  Vehicle in traffic,On Roadway,Broadside (front to side),FTYROW:  At uncontrolled intersection,None Indicated,,Daylight,Dry,Cloudy,None apparent,Intersection:  Four-way intersection,Paved,,Property Damage Only,0,0,0,0,0,0,7000,2,6,,POINT (-92.666529129738 42.785569356809)
2014821743,201403674,10/10/2014,10-October,6-Friday,19:52,1900 Hours,District 6 (East Central),,LINN,US 30,US 30 & PALISADES KEPLER,Collision with:  Animal,,,Animal,None Indicated,,,,,,,Paved,,Property Damage Only,0,0,0,0,0,0,3500,1,1,,POINT (-91.494181923849 41.91893418665)
2014821508,14-26994,10/10/2014,10-October,6-Friday,12:12,1200 Hours,District 1 (Central),,JASPER,,KENNEL AVE & E 124TH ST S,Collision with:  Vehicle in traffic,On Roadway,Broadside (front to side),FTYROW:  From stop sign,None Indicated,,Daylight,Dry,Cloudy,None apparent,Intersection:  T-intersection,Paved,,Property Damage Only,0,0,0,0,0,0,16000,2,2,,POINT (-92.843899561945 41.652332132191)
2014820916,14-7501,10/10/2014,10-October,6-Friday,07:00,0700 Hours,District 3 (Northwest),,IDA,IA 175,IA 175/IOWA 175,Collision with:  Animal,,,Animal,None Indicated,,,,,,,Paved,,Property Damage Only,0,0,0,0,0,0,1500,1,1,,POINT (-95.517253384997 42.342978203699)
2014821964,,10/10/2014,10-October,6-Friday,11:00,1100 Hours,District 2 (Northeast),GUTTENBERG,CLAYTON,,RIVER PARK DR,Non-collision events:  Other non-collision (explain in narrative),On Roadway,"Sideswipe, opposite direction",Separation of units,None Indicated,,Daylight,Dry,Clear,None apparent,Non-intersection:  Non-junction/no special feature,Paved,,Property Damage Only,0,0,0,0,0,0,10600,3,1,,POINT (-91.097374685645 42.786086985286)
2014822714,,10/10/2014,10-October,6-Friday,07:05,0700 Hours,District 3 (Northwest),,LYON,,Co Rd K52/HARRISON AVE,Collision with:  Animal,On Roadway,Non-collision (single vehicle),Animal,None Indicated,,Dawn,Dry,Cloudy,,Non-intersection:  Non-junction/no special feature,Paved,,Property Damage Only,0,0,0,0,0,0,7663,1,1,,POINT (-96.156063240179 43.46933097086)
2014820848,14-043182,10/10/2014,10-October,6-Friday,06:59,0600 Hours,District 4 (Southwest),COUNCIL BLUFFS,POTTAWATTAMIE,I-29,I-29,Collision with:  Vehicle in traffic,On Roadway,Rear-end (front to rear),Followed too close,None Indicated,,Daylight,Dry,Clear,None apparent,Non-intersection:  Non-junction/no special feature,Paved,,Possible/Unknown,0,1,0,0,1,0,2300,2,2,,POINT (-95.903806833979 41.241191337573)
2014821711,14101399,10/10/2014,10-October,6-Friday,14:24,1400 Hours,District 2 (Northeast),CEDAR FALLS,BLACK HAWK,IA 27,IA 27,Collision with:  Vehicle in traffic,On Roadway,Rear-end (front to rear),Followed too close,None Indicated,,Daylight,Dry,Clear,None apparent,Intersection:  Four-way intersection,Paved,,Possible/Unknown,0,1,0,0,1,0,2150,3,5,,POINT (-92.445751173134 42.48421370462)
2014823587,2014057919,10/10/2014,10-October,6-Friday,17:30,1700 Hours,District 6 (East Central),CORALVILLE,JOHNSON,I-80,I-80 & I-380,Collision with:  Vehicle in traffic,On Roadway,Rear-end (front to rear),Swerving/Evasive Action,None Indicated,,Daylight,Dry,Cloudy,None apparent,Non-intersection:  Non-junction/no special feature,Paved,,Property Damage Only,0,0,0,0,0,0,5500,2,2,,POINT (-91.640069985111 41.697641510589)
2014821433,14-33566,10/10/2014,10-October,6-Friday,14:54,1400 Hours,District 3 (Northwest),SIOUX CITY,WOODBURY,I-29,I-29,Collision with:  Vehicle in traffic,On Roadway,Rear-end (front to rear),Followed too close,None Indicated,,Daylight,Dry,Cloudy,None apparent,Non-intersection:  Non-junction/no special feature,Paved,,Minor Injury,0,2,0,1,1,0,5700,3,4,,POINT (-96.379531043011 42.46303261037)
2014821755,02834,10/10/2014,10-October,6-Friday,14:58,1400 Hours,District 6 (East Central),DYERSVILLE,DUBUQUE,IA 136,IA 136/9TH ST SE,Collision with:  Vehicle in traffic,On Roadway,Rear-end (front to rear),Driver Distraction:  Reaching for object(s)/fallen object(s),None Indicated,,Daylight,Dry,Cloudy,None apparent,Non-intersection:  Other non-intersection (explain in narrative),Paved,,Possible/Unknown,0,1,0,0,0,1,8100,4,4,,POINT (-91.114256264662 42.478035212131)
2014820930,201415167,10/10/2014,10-October,6-Friday,12:16,1200 Hours,District 6 (East Central),CEDAR RAPIDS,LINN,,19TH AVE SW & HAWTHORNE DR SW & BOWLING ST SW,Collision with:  Vehicle in traffic,On Roadway,Rear-end (front to rear),Lost Control,None Indicated,,Daylight,Dry,Cloudy,None apparent,Intersection:  Four-way intersection,Paved,,Property Damage Only,0,0,0,0,0,0,2800,2,5,,POINT (-91.657574587213 41.959526834665)
2014821236,2014057720,10/10/2014,10-October,6-Friday,08:46,0800 Hours,District 1 (Central),,HARDIN,US 20,US 20,Non-collision events:  Overturn/rollover,Median,Non-collision (single vehicle),Swerving/Evasive Action,None Indicated,,Daylight,Dry,Clear,None apparent,Non-intersection:  Non-junction/no special feature,Paved,,Property Damage Only,0,0,0,0,0,0,26000,1,1,,POINT (-93.34242708668 42.448505297703)
2014820899,W14-101453,10/10/2014,10-October,6-Friday,17:24,1700 Hours,District 2 (Northeast),WATERLOO,BLACK HAWK,,W COMMERCIAL ST,Collision with:  Vehicle in traffic,On Roadway,Broadside (front to side),Ran Stop Sign,None Indicated,,Daylight,Dry,Clear,None apparent,Intersection:  Four-way intersection,Paved,,Property Damage Only,0,0,0,0,0,0,11000,2,2,,POINT (-92.345413029424 42.498814366664)
2014821872,S14-10433,10/10/2014,10-October,6-Friday,12:25,1200 Hours,District 3 (Northwest),SIOUX CITY,WOODBURY,US 20,US 20/SW RAMP & IA 12/IOWA 12,Collision with:  Vehicle in traffic,On Roadway,Rear-end (front to rear),Followed too close,None Indicated,,Daylight,Dry,Clear,None apparent,Intersection:  Intersection with ramp,Paved,,Property Damage Only,0,0,0,0,0,0,2200,2,3,,POINT (-96.327389020454 42.475536442608)
2014821425,14-004755,10/10/2014,10-October,6-Friday,15:10,1500 Hours,District 1 (Central),AMES,STORY,US 69,US 69/GRAND AVE,Collision with fixed object:  Other fixed object (explain in narrative),Outside trafficway,Non-collision (single vehicle),Ran off road - right,None Indicated,,Daylight,Dry,Clear,None apparent,Non-intersection:  Non-junction/no special feature,Paved,,Property Damage Only,0,0,0,0,0,0,4000,1,1,,POINT (-93.620380000065 42.034176833023)
2014821256,2014-006253,10/10/2014,10-October,6-Friday,15:13,1500 Hours,District 6 (East Central),,BENTON,,Co Rd W26/32 AVE,Collision with:  Vehicle in traffic,On Roadway,Rear-end (front to rear),Other (explain in narrative):  Other,None Indicated,,Daylight,Dry,Cloudy,None apparent,Non-intersection:  Non-junction/no special feature,Paved,,Possible/Unknown,0,1,0,0,1,0,3900,3,7,,POINT (-91.869131537569 42.061660549988)
2014821596,14015170,10/10/2014,10-October,6-Friday,22:39,2200 Hours,District 6 (East Central),,CEDAR,,Co Rd F36/CEDAR VALLEY RD,Collision with:  Animal,,,Animal,None Indicated,,,,,,,Paved,,Property Damage Only,0,0,0,0,0,0,5000,1,1,,POINT (-91.238654160316 41.735348867502)
2014821005,20140030105,10/10/2014,10-October,6-Friday,23:10,2300 Hours,District 5 (Southeast),DES MOINES,WARREN,US 65,US 65,Non-collision events:  Overturn/rollover,On Roadway,Non-collision (single vehicle),Swerving/Evasive Action,None Indicated,,Dark - roadway not lighted,Dry,Clear,None apparent,Non-intersection:  Non-junction/no special feature,Paved,,Minor Injury,0,1,0,1,0,0,5000,1,1,,POINT (-93.567561226546 41.497705910774)
2014825022,J14102014,10/10/2014,10-October,6-Friday,20:14,2000 Hours,District 2 (Northeast),,FRANKLIN,,Co Rd C25/190TH ST,Collision with:  Animal,On Roadway,Non-collision (single vehicle),Animal,None Indicated,,Dark - roadway not lighted,Dry,Clear,None apparent,Non-intersection:  Non-junction/no special feature,Paved,,Minor Injury,0,2,0,1,1,0,16000,1,6,,POINT (-93.331353258537 42.803442223779)
2014821437,14-33599,10/10/2014,10-October,6-Friday,20:27,2000 Hours,District 3 (Northwest),SIOUX CITY,WOODBURY,,5TH ST & WESLEY PKWY & W 3RD ST,Collision with:  Vehicle in traffic,On Roadway,"Angle, oncoming left turn",FTYROW:  Making left turn,None Indicated,,Dark - roadway lighted,Dry,Clear,None apparent,Intersection:  Four-way intersection,Paved,,Property Damage Only,0,0,0,0,0,0,3500,2,2,,POINT (-96.410625624565 42.495211025862)
2014822573,1400000884,10/10/2014,10-October,6-Friday,20:04,2000 Hours,District 1 (Central),,MARSHALL,IA 14,IA 14/SANFORD AVE,Non-collision events:  Overturn/rollover,,,Over correcting/over steering,None Indicated,,,,,,,Paved,,Property Damage Only,0,0,0,0,0,0,4000,1,1,,POINT (-92.903728204238 42.120033224475)
2014820973,20140030028,10/10/2014,10-October,6-Friday,12:10,1200 Hours,District 1 (Central),DES MOINES,POLK,,UNIVERSITY AVE & 7TH ST,Collision with:  Vehicle in traffic,On Roadway,Broadside (front to side),FTYROW:  From driveway,None Indicated,,Daylight,Dry,Cloudy,None apparent,Non-intersection:  Driveway access (within),Paved,,Possible/Unknown,0,1,0,0,1,0,16000,2,2,,POINT (-93.626975614115 41.600828326121)
2014828429,,10/10/2014,10-October,6-Friday,20:50,2000 Hours,District 2 (Northeast),ALGONA,KOSSUTH,,E GROVE ST,Collision with:  Parked motor vehicle,On Roadway,Rear-end (front to rear),FTYROW:  From driveway,None Indicated,,Dark - roadway not lighted,Dry,Clear,None apparent,Non-intersection:  Driveway access (within),Paved,,Property Damage Only,0,0,0,0,0,0,2300,2,2,,POINT (-94.236117821349 43.063897914397)
2014820873,14-5065,10/10/2014,10-October,6-Friday,07:25,0700 Hours,District 4 (Southwest),WEST DES MOINES,DALLAS,,UNIVERSITY AVE,Collision with:  Vehicle in traffic,On Roadway,Rear-end (front to rear),Swerving/Evasive Action,None Indicated,,Daylight,Dry,Clear,None apparent,Non-intersection:  Non-junction/no special feature,Paved,,Possible/Unknown,0,2,0,0,2,0,9500,3,3,,POINT (-93.810713506704 41.600454070499)
2014820836,CL14003603,10/10/2014,10-October,6-Friday,13:28,1300 Hours,District 6 (East Central),CLINTON,CLINTON,,4TH AVE S & S 3RD ST,Collision with:  Vehicle in traffic,On Roadway,Rear-end (front to rear),Followed too close,None Indicated,,Daylight,Dry,Cloudy,None apparent,Non-intersection:  Non-junction/no special feature,Paved,,Possible/Unknown,0,1,0,0,1,0,3000,2,2,,POINT (-90.190728858501 41.842342898069)
2014821187,2014-22132,10/10/2014,10-October,6-Friday,19:20,1900 Hours,District 5 (Southeast),,WARREN,,Co Rd G76/HWY G76,Collision with:  Animal,On Roadway,Non-collision (single vehicle),Animal,None Indicated,,Dark - roadway lighted,Dry,Cloudy,None apparent,Non-intersection:  Non-junction/no special feature,Paved,,Property Damage Only,0,0,0,0,0,0,5000,1,3,,POINT (-93.330676865621 41.200513023646)
2014821434,14-33574,10/10/2014,10-October,6-Friday,15:56,1500 Hours,District 3 (Northwest),SIOUX CITY,WOODBURY,,OUTER DR N,Collision with:  Vehicle in traffic,On Roadway,Rear-end (front to rear),Followed too close,None Indicated,,Daylight,Dry,Clear,None apparent,Non-intersection:  Non-junction/no special feature,Paved,,Property Damage Only,0,0,0,0,0,0,3500,2,5,,POINT (-96.372365702204 42.535369963672)
2014821366,1400000883,10/10/2014,10-October,6-Friday,15:19,1500 Hours,District 1 (Central),MARSHALLTOWN,MARSHALL,,220TH ST & JESSUP AVE,Collision with:  Vehicle in traffic,On Roadway,Broadside (front to side),Other (explain in narrative):  Vision obstructed,None Indicated,,Daylight,Dry,Clear,None apparent,Intersection:  Four-way intersection,Unpaved,,Property Damage Only,0,0,0,0,0,0,16000,2,2,,POINT (-93.057929382825 42.034253625959)
2014821740,201400003675,10/10/2014,10-October,6-Friday,22:23,2200 Hours,District 6 (East Central),ALBURNETT,LINN,,Co Rd W58/N ALBURNETT RD & ARABIAN RD,Collision with:  Other non-fixed object (explain in narrative),Roadside,Non-collision (single vehicle),Crossed centerline (undivided),None Indicated,,Dark - roadway not lighted,Dry,Clear,Obstruction in roadway,Intersection:  Four-way intersection,Paved,,Minor Injury,0,1,0,1,0,0,4000,1,1,,POINT (-91.618811238771 42.134888337582)
2014821007,20140030026,10/10/2014,10-October,6-Friday,11:41,1100 Hours,District 1 (Central),DES MOINES,POLK,I-235,I-235 & 31ST ST,Collision with:  Vehicle in traffic,On Roadway,Broadside (front to side),Ran Traffic Signal,None Indicated,,Daylight,Dry,Clear,None apparent,Intersection:  Four-way intersection,Paved,,Possible/Unknown,0,1,0,0,1,0,5000,2,2,,POINT (-93.659361333626 41.593549448414)
2014821001,20140030081,10/10/2014,10-October,6-Friday,16:22,1600 Hours,District 1 (Central),DES MOINES,POLK,,KING AVE,Collision with:  Vehicle in traffic,On Roadway,"Angle, oncoming left turn",FTYROW:  Making left turn,None Indicated,,Daylight,Dry,Clear,Obstruction in roadway,Non-intersection:  Driveway access (within),Paved,,Property Damage Only,0,0,0,0,0,0,2300,2,3,,POINT (-93.595737673322 41.560137471927)
2014821438,14-33602,10/10/2014,10-October,6-Friday,20:45,2000 Hours,District 3 (Northwest),SIOUX CITY,WOODBURY,,35TH ST & DOUGLAS ST,Non-collision events:  Other non-collision (explain in narrative),On Roadway,Non-collision (single vehicle),Downhill runaway,None Indicated,,Dark - roadway lighted,Dry,Clear,None apparent,Non-intersection:  Non-junction/no special feature,Paved,,Major Injury,0,1,1,0,0,0,800,1,0,,POINT (-96.406782163106 42.530604949428)
2014821002,20140030093,10/10/2014,10-October,6-Friday,19:35,1900 Hours,District 1 (Central),DES MOINES,POLK,,MADISON AVE & LOWER BEAVER RD,Collision with:  Non-motorist (see non-motorist section - NOT a unit),On Roadway,Non-collision (single vehicle),Other (explain in narrative):  No improper action,None Indicated,,Dark - roadway not lighted,Dry,Clear,None apparent,Non-intersection:  Non-junction/no special feature,Paved,,Possible/Unknown,0,1,0,0,1,0,800,1,1,,POINT (-93.664339314536 41.633179507691)
2014821499,14-013991,10/10/2014,10-October,6-Friday,15:48,1500 Hours,District 2 (Northeast),CLERMONT,FAYETTE,US 18,US 18/HARDING RD & GARDEN RD,Non-collision events:  Other non-collision (explain in narrative),Roadside,Non-collision (single vehicle),Crossed centerline (undivided),None Indicated,,Daylight,Dry,Clear,None apparent,Non-intersection:  Non-junction/no special feature,Paved,,Property Damage Only,0,0,0,0,0,0,3500,1,1,,POINT (-91.735241802144 42.98741251952)
2014821200,14-043274,10/10/2014,10-October,6-Friday,19:19,1900 Hours,District 4 (Southwest),COUNCIL BLUFFS,POTTAWATTAMIE,I-29,I-29,Collision with:  Vehicle in traffic,On Roadway,Rear-end (front to rear),Unknown,None Indicated,,Dark - roadway lighted,Dry,Clear,None apparent,"Interchange-related:  Off-ramp, diverge area",Paved,,Property Damage Only,0,0,0,0,0,0,2500,2,3,,POINT (-95.856078086258 41.232136840669)
2014820962,14-004388,10/10/2014,10-October,6-Friday,16:35,1600 Hours,District 1 (Central),ANKENY,POLK,,E 1ST ST,Collision with:  Vehicle in traffic,On Roadway,Broadside (front to side),FTYROW:  Making left turn,None Indicated,,Daylight,Dry,Clear,None apparent,Intersection:  Other intersection (explain in narrative),Paved,,Property Damage Only,0,0,0,0,0,0,7000,2,3,,POINT (-93.584443606052 41.731854058168)
2014821078,2014-71400,10/10/2014,10-October,6-Friday,15:44,1500 Hours,District 6 (East Central),DAVENPORT,SCOTT,,ELMORE AVE,Collision with:  Vehicle in traffic,On Roadway,Rear-end (front to rear),Other (explain in narrative):  Other,None Indicated,,Daylight,Dry,Clear,None apparent,Non-intersection:  Non-junction/no special feature,Paved,,Property Damage Only,0,0,0,0,0,0,3700,2,2,,POINT (-90.527177462654 41.557735761853)
2014821935,14-8067PD,10/11/2014,10-October,7-Saturday,21:31,2100 Hours,District 1 (Central),BOONE,BOONE,,CARROLL ST,Collision with:  Vehicle in traffic,On Roadway,"Sideswipe, same direction","Operating vehicle in an reckless, erratic, careless, negligent manner",Alcohol (Statutory),,Dark - roadway lighted,Dry,Cloudy,None apparent,Non-intersection:  Non-junction/no special feature,Paved,,Property Damage Only,0,0,0,0,0,0,5000,2,1,,POINT (-93.8851553103 42.075536229794)
2014821264,C14003241,10/11/2014,10-October,7-Saturday,09:57,0900 Hours,District 6 (East Central),CORALVILLE,JOHNSON,US 6,US 6/2ND ST & 1ST AVE,Collision with:  Non-motorist (see non-motorist section - NOT a unit),On Roadway,Non-collision (single vehicle),FTYROW:  Making right turn on red signal,None Indicated,,Daylight,Dry,Clear,None apparent,Intersection:  Four-way intersection,Paved,,Minor Injury,0,1,0,1,0,0,200,1,1,,POINT (-91.565727676625 41.669041563756)