Iowa DOT Case Number,Law Enforcement Case Number,Date of Crash,Month of Crash,Day of Week,Time of Crash,Hour,DOT District,City Name,County Name,Route with System,Location Description,First Harmful Event,Location of First Harmful Event,Manner of Crash/Collision,Major Cause,Drug or Alcohol ,Environmental Conditions,Light Conditions,Surface Conditions,Weather Conditions,Roadway Contribution,Roadway Type,Roadway Surface,Work Zone,Crash Severity,Number of Fatalities,Number of Injuries,Number of Major Injuries,Number of Minor Injuries,Number of Possible Injuries,Number of Unknown Injuries,Amount of Property Damage,Number of Vehicles Involved,Total Number of Occupants,Travel Direction,Location
2014823715,PD1409032,10/11/2014,10-October,7-Saturday,00:19,0000 Hours,District 5 (Southeast),FAIRFIELD,JEFFERSON,,N 16TH ST,Non-collision events:  Other non-collision (explain in narrative),On Roadway,Non-collision (single vehicle),Swerving/Evasive Action,Alcohol (< Statutory),,Dark - roadway lighted,Dry,Clear,None apparent,Non-intersection:  Non-junction/no special feature,Paved,,Minor Injury,0,1,0,1,0,0,2000,1,1,,POINT (-91.981278893199 41.008217229795)
2014821013,20140030192,10/11/2014,10-October,7-Saturday,17:58,1700 Hours,District 1 (Central),DES MOINES,POLK,,HIGH ST & 10TH ST,Collision with:  Vehicle in traffic,On Roadway,Broadside (front to side),Unknown,None Indicated,,Daylight,Dry,Clear,None apparent,Non-intersection:  Non-junction/no special feature,Paved,,Possible/Unknown,0,1,0,0,1,0,6500,2,7,,POINT (-93.630456884104 41.587397507772)
2014820951,1410111-A,10/11/2014,10-October,7-Saturday,17:54,1700 Hours,District 4 (Southwest),RED OAK,MONTGOMERY,,2ND AVE,Collision with:  Other non-fixed object (explain in narrative),Outside trafficway,Non-collision (single vehicle),"Operating vehicle in an reckless, erratic, careless, negligent manner",Alcohol (Statutory),,Daylight,Dry,Cloudy,None apparent,Non-intersection:  Non-junction/no special feature,Paved,,Property Damage Only,0,0,0,0,0,0,3150,1,1,,POINT (-95.237576260573 41.005741719723)
2014821241,14-5089,10/11/2014,10-October,7-Saturday,10:33,1000 Hours,District 4 (Southwest),WEST DES MOINES,DALLAS,,WESTOWN PKWY & JORDAN CREEK PKWY,Collision with:  Vehicle in traffic,On Roadway,"Angle, oncoming left turn",FTYROW:  Making left turn,None Indicated,,Daylight,Dry,Clear,None apparent,Intersection:  Four-way intersection,Paved,,Minor Injury,0,2,0,1,1,0,15000,2,2,,POINT (-93.808918161333 41.596980933608)
2014821008,20140030175,10/11/2014,10-October,7-Saturday,15:42,1500 Hours,District 1 (Central),DES MOINES,POLK,,DES MOINES ST & E 6TH ST,Collision with:  Vehicle in traffic,On Roadway,Broadside (front to side),FTYROW:  From stop sign,None Indicated,,Daylight,Dry,Clear,None apparent,Intersection:  Four-way intersection,Paved,,Property Damage Only,0,0,0,0,0,0,3500,2,2,,POINT (-93.610596053204 41.591954282488)
2014820907,101114-290,10/11/2014,10-October,7-Saturday,21:15,2100 Hours,District 3 (Northwest),,BUENA VISTA,,NORTH RIVER RD,Non-collision events:  Overturn/rollover,Outside trafficway,Non-collision (single vehicle),Swerving/Evasive Action,None Indicated,,Dark - roadway not lighted,"Mud, dirt",Clear,None apparent,Non-intersection:  Non-junction/no special feature,Unpaved,,Property Damage Only,0,0,0,0,0,0,2000,1,2,,POINT (-95.151682940011 42.905763292429)
2014820912,1410112791,10/11/2014,10-October,7-Saturday,19:30,1900 Hours,District 6 (East Central),LOST NATION,CLINTON,IA 136,IA 136/IOWA 136,Collision with fixed object:  Traffic sign support,Roadside,Non-collision (single vehicle),Crossed centerline (undivided),None Indicated,,Dark - roadway not lighted,Dry,Clear,None apparent,Non-intersection:  Non-junction/no special feature,Paved,,Property Damage Only,0,0,0,0,0,0,3700,1,1,,POINT (-90.815733661112 41.967667459624)
2014821533,14-011097,10/11/2014,10-October,7-Saturday,12:56,1200 Hours,District 5 (Southeast),SEYMOUR,WAYNE,,WALL ST,Collision with:  Parked motor vehicle,On Roadway,Broadside (front to side),Ran off road - right,None Indicated,,Daylight,Dry,Clear,None apparent,Non-intersection:  Non-junction/no special feature,Paved,,Property Damage Only,0,0,0,0,0,0,4000,2,1,,POINT (-93.120420572602 40.682486541079)
2014822399,201400050195,10/11/2014,10-October,7-Saturday,15:48,1500 Hours,District 5 (Southeast),OTTUMWA,WAPELLO,IA 149,IA 149/IOWA 149 & BRYAN RD,Collision with:  Vehicle in traffic,On Roadway,Rear-end (front to rear),Followed too close,None Indicated,,Daylight,Dry,Clear,None apparent,Intersection:  Four-way intersection,Paved,,Property Damage Only,0,0,0,0,0,0,5000,2,4,,POINT (-92.409890602995 41.05226754647)
2014821182,2014-038643,10/11/2014,10-October,7-Saturday,16:56,1600 Hours,District 6 (East Central),DUBUQUE,DUBUQUE,,HILLCREST RD & JOHN F KENNEDY RD,Collision with:  Vehicle in traffic,On Roadway,Rear-end (front to rear),Lost Control,None Indicated,,Daylight,Dry,Clear,None apparent,Non-intersection:  Non-junction/no special feature,Paved,,Property Damage Only,0,0,0,0,0,0,5000,2,2,,POINT (-90.720455881907 42.506267223447)
2014821189,2014-22197,10/11/2014,10-October,7-Saturday,12:53,1200 Hours,District 5 (Southeast),,WARREN,US 65,US 65,Collision with fixed object:  Ditch,On Roadway,Non-collision (single vehicle),Swerving/Evasive Action,None Indicated,,Daylight,Dry,Clear,None apparent,Intersection:  T-intersection,Paved,,Possible/Unknown,0,1,0,0,1,0,7000,1,1,,POINT (-93.558612492497 41.432247504186)
2014822224,14-025156,10/11/2014,10-October,7-Saturday,09:50,0900 Hours,District 5 (Southeast),,MARION,,240TH PL,Collision with:  Vehicle in traffic,On Roadway,Broadside (front to side),FTYROW:  From driveway,None Indicated,,Daylight,"Mud, dirt",Clear,None apparent,Non-intersection:  Driveway access (within),Unpaved,,Property Damage Only,0,0,0,0,0,0,5000,2,3,,POINT (-92.885590631985 41.48586243211)
2014821254,H14-101750,10/11/2014,10-October,7-Saturday,13:15,1300 Hours,District 2 (Northeast),HUDSON,BLACK HAWK,,5TH ST & RAILROAD ST,Unknown,On Roadway,"Angle, oncoming left turn",FTYROW:  Making left turn,None Indicated,,Daylight,Dry,Clear,None apparent,Intersection:  T-intersection,Paved,,Property Damage Only,0,0,0,0,0,0,4000,2,2,,POINT (-92.457080756849 42.4065557711)
2014821022,14-002341,10/11/2014,10-October,7-Saturday,10:10,1000 Hours,District 1 (Central),ALTOONA,POLK,,1ST AVE S,Collision with:  Vehicle in traffic,On Roadway,Head-on (front to front),FTYROW:  Making left turn,None Indicated,,Daylight,Dry,Clear,None apparent,Non-intersection:  Driveway access (within),Paved,,Possible/Unknown,0,1,0,0,1,0,20000,2,3,,POINT (-93.464572530242 41.643239704778)
2014821784,2014058062,10/11/2014,10-October,7-Saturday,06:50,0600 Hours,District 1 (Central),AMES,STORY,US 30,US 30/SW LOOP,Collision with:  Vehicle in traffic,On Roadway,Rear-end (front to rear),Followed too close,None Indicated,,Dark - roadway lighted,Dry,Cloudy,None apparent,Non-intersection:  Non-junction/no special feature,Paved,,Property Damage Only,0,0,0,0,0,0,8000,4,7,,POINT (-93.611509140475 42.004835959628)
2014821258,2014-6270,10/11/2014,10-October,7-Saturday,00:19,0000 Hours,District 6 (East Central),,BENTON,,,Collision with fixed object:  Other fixed object (explain in narrative),Outside trafficway,Non-collision (single vehicle),Ran off road - left,Alcohol (Statutory),,Dark - roadway not lighted,Dry,Clear,None apparent,Non-intersection:  Other non-intersection (explain in narrative),,,Property Damage Only,0,0,0,0,0,0,2500,1,1,,POINT (-96.643700149993 40.233091251414)
2014821178,2014-038635,10/11/2014,10-October,7-Saturday,13:34,1300 Hours,District 6 (East Central),DUBUQUE,DUBUQUE,,E 32ND ST & JACKSON ST,Collision with:  Vehicle in traffic,On Roadway,"Angle, oncoming left turn",FTYROW:  From parked position,None Indicated,,Daylight,Dry,Clear,None apparent,Intersection:  Four-way intersection,Paved,,Property Damage Only,0,0,0,0,0,0,2200,2,2,,POINT (-90.681584094121 42.528270214106)
2014820902,W14-101759,10/11/2014,10-October,7-Saturday,13:56,1300 Hours,District 2 (Northeast),WATERLOO,BLACK HAWK,US 63,US 63/E 1ST ST & MULBERRY ST,Collision with:  Vehicle in traffic,On Roadway,Broadside (front to side),Ran Traffic Signal,None Indicated,,Daylight,Dry,Clear,None apparent,Intersection:  Four-way intersection,Paved,,Property Damage Only,0,0,0,0,0,0,4000,2,4,,POINT (-92.338301762436 42.502646033161)
2014821582,,10/11/2014,10-October,7-Saturday,01:57,0100 Hours,District 4 (Southwest),,ADAIR,I-80,I-80,Collision with:  Animal,On Roadway,Non-collision (single vehicle),Animal,None Indicated,,Dark - roadway lighted,Dry,Clear,None apparent,Non-intersection:  Non-junction/no special feature,Paved,,Property Damage Only,0,0,0,0,0,0,2000,1,2,,POINT (-94.515571257363 41.49619963144)
2014823481,2014057969,10/11/2014,10-October,7-Saturday,02:21,0200 Hours,District 6 (East Central),,IOWA,I-80,I-80,Collision with fixed object:  Tree,Outside trafficway,Non-collision (single vehicle),Equipment failure,None Indicated,,Dark - roadway not lighted,Dry,Clear,None apparent,Non-intersection:  Non-junction/no special feature,Paved,,Possible/Unknown,0,1,0,0,1,0,2000,1,7,,POINT (-92.268855473472 41.696202061332)
2014821300,2014011382,10/11/2014,10-October,7-Saturday,11:35,1100 Hours,District 6 (East Central),IOWA CITY,JOHNSON,IA 1,IA 1/N DODGE ST,Collision with:  Vehicle in traffic,On Roadway,"Angle, oncoming left turn",Made improper turn,None Indicated,,Daylight,Dry,Cloudy,None apparent,Intersection:  Four-way intersection,Paved,,Property Damage Only,0,0,0,0,0,0,2500,2,3,,POINT (-91.497071250464 41.690492004754)
2014821181,2014-038642,10/11/2014,10-October,7-Saturday,15:33,1500 Hours,District 6 (East Central),DUBUQUE,DUBUQUE,,UNIVERSITY AVE & MCCORMICK ST,Collision with:  Vehicle in traffic,On Roadway,"Angle, oncoming left turn",FTYROW:  Making left turn,None Indicated,,Daylight,Dry,Clear,None apparent,Intersection:  T-intersection,Paved,,Property Damage Only,0,0,0,0,0,0,3000,2,3,,POINT (-90.69320285379 42.499057757089)
2014830119,14-33684,10/11/2014,10-October,7-Saturday,19:03,1900 Hours,District 3 (Northwest),SIOUX CITY,WOODBURY,,6TH ST & NEBRASKA ST,Collision with:  Vehicle in traffic,On Roadway,"Sideswipe, same direction",FTYROW:  From parked position,None Indicated,,Dark - unknown roadway lighting,Dry,Clear,None apparent,Intersection:  Four-way intersection,Paved,,Possible/Unknown,0,1,0,0,1,0,4000,2,4,,POINT (-96.403472127326 42.496351392254)
2014822995,2014057975,10/11/2014,10-October,7-Saturday,06:22,0600 Hours,District 1 (Central),,POLK,I-80,I-80,Collision with fixed object:  Utility pole/light support,Shoulder,Non-collision (single vehicle),Ran off road - right,None Indicated,,Daylight,Dry,Clear,None apparent,Interchange-related:  On-ramp,Paved,,Possible/Unknown,0,1,0,0,1,0,10000,1,1,,POINT (-93.531126587215 41.658668965452)
2014820900,W14-101810,10/11/2014,10-October,7-Saturday,17:32,1700 Hours,District 2 (Northeast),WATERLOO,BLACK HAWK,,FRONTAGE RD & KIMBALL AVE,Collision with fixed object:  Utility pole/light support,On Roadway,Non-collision (single vehicle),Ran off road - right,None Indicated,,Daylight,Dry,Clear,Work Zone (roadway-related),Non-intersection:  Driveway access (within),Paved,Yes,Possible/Unknown,0,1,0,0,1,0,16000,1,1,,POINT (-92.35699667725 42.468151966288)
2014821827,201415232,10/11/2014,10-October,7-Saturday,15:40,1500 Hours,District 6 (East Central),CEDAR RAPIDS,LINN,,OLD RIVER RD SW,Non-collision events:  Other non-collision (explain in narrative),Shoulder,Non-collision (single vehicle),Ran off road - right,Alcohol (Statutory),,Daylight,Dry,Clear,None apparent,Non-intersection:  Non-junction/no special feature,Paved,,Possible/Unknown,0,1,0,0,1,0,3000,1,1,,POINT (-91.631424178607 41.943258579563)
2014820915,143125,10/11/2014,10-October,7-Saturday,22:08,2200 Hours,District 3 (Northwest),,SAC,IA 39,IA 39/FOX AVE,Collision with:  Animal,,,Animal,None Indicated,,,,,,,Paved,,Property Damage Only,0,0,0,0,0,0,1500,1,1,,POINT (-95.247661648019 42.215264770667)
2014822367,2014010695,10/11/2014,10-October,7-Saturday,15:42,1500 Hours,District 1 (Central),MARSHALLTOWN,MARSHALL,,E BOONE ST & S 8TH AVE,Collision with:  Vehicle in traffic,On Roadway,Broadside (front to side),FTYROW:  From yield sign,None Indicated,,Daylight,Dry,Clear,None apparent,Intersection:  Four-way intersection,Paved,,Property Damage Only,0,0,0,0,0,0,14500,2,4,,POINT (-92.899937821445 42.045545930531)
2014821114,2014-71544,10/11/2014,10-October,7-Saturday,04:58,0400 Hours,District 6 (East Central),DAVENPORT,SCOTT,,E 53RD ST & GRAND AVE,Collision with fixed object:  Traffic sign support,Outside trafficway,Non-collision (single vehicle),Ran off road - right,None Indicated,,Dark - roadway lighted,Dry,Clear,None apparent,Intersection:  T-intersection,Paved,,Property Damage Only,0,0,0,0,0,0,12800,1,1,,POINT (-90.565237813068 41.574606787219)
2014820906,101114-196,10/11/2014,10-October,7-Saturday,12:59,1200 Hours,District 3 (Northwest),,BUENA VISTA,,120TH AVE & 640TH ST,Non-collision events:  Overturn/rollover,On Roadway,Non-collision (single vehicle),Ran off road - left,None Indicated,,Daylight,"Mud, dirt",Clear,None apparent,Non-intersection:  Non-junction/no special feature,Unpaved,,Property Damage Only,0,0,0,0,0,0,111000,1,1,,POINT (-95.170925585366 42.590063778079)
2014822236,14-6715,10/11/2014,10-October,7-Saturday,17:30,1700 Hours,District 1 (Central),,POLK,I-35,I-35,Collision with:  Vehicle in traffic,On Roadway,"Sideswipe, same direction","Operating vehicle in an reckless, erratic, careless, negligent manner",None Indicated,,Daylight,Dry,Cloudy,None apparent,Interchange-related:  On-ramp,Paved,,Property Damage Only,0,0,0,0,0,0,1700,2,4,,POINT (-93.621208874657 41.650146995944)
2014820941,14021438,10/11/2014,10-October,7-Saturday,17:38,1700 Hours,District 6 (East Central),MARION,LINN,,15TH ST & 7TH AVE,Collision with:  Vehicle in traffic,On Roadway,"Sideswipe, same direction",Other (explain in narrative):  Vision obstructed,None Indicated,,Daylight,Dry,Clear,None apparent,Non-intersection:  Non-junction/no special feature,Paved,,Property Damage Only,0,0,0,0,0,0,5000,2,2,,POINT (-91.593916331574 42.033301565408)
2014822437,2014-038645,10/11/2014,10-October,7-Saturday,20:01,2000 Hours,District 6 (East Central),DUBUQUE,DUBUQUE,US 20,US 20/DODGE ST,Collision with:  Other non-fixed object (explain in narrative),On Roadway,Non-collision (single vehicle),Other (explain in narrative):  No improper action,None Indicated,,Dark - roadway not lighted,Dry,Clear,None apparent,Non-intersection:  Non-junction/no special feature,Paved,,Minor Injury,0,1,0,1,0,0,100,1,1,,POINT (-90.708898443889 42.492141552042)
2014820969,14-1216,10/11/2014,10-October,7-Saturday,16:34,1600 Hours,District 1 (Central),CLIVE,POLK,US 6,US 6/HICKMAN RD,Collision with:  Vehicle in traffic,On Roadway,Rear-end (front to rear),Followed too close,None Indicated,,Daylight,Dry,Clear,None apparent,Non-intersection:  Non-junction/no special feature,Paved,,Property Damage Only,0,0,0,0,0,0,7000,2,6,,POINT (-93.778499543391 41.614890067073)
2014823586,2014006272,10/11/2014,10-October,7-Saturday,05:45,0500 Hours,District 6 (East Central),,BENTON,US 30,US 30/73 ST,Collision with fixed object:  Ditch,Roadside,Non-collision (single vehicle),Swerving/Evasive Action,None Indicated,,Dark - roadway not lighted,Dry,Clear,None apparent,Non-intersection:  Non-junction/no special feature,Paved,,Property Damage Only,0,0,0,0,0,0,3500,1,1,,POINT (-92.27954367357 41.964286542922)
2014821561,14-0374,10/11/2014,10-October,7-Saturday,20:00,2000 Hours,District 5 (Southeast),LAMONI,DECATUR,I-35,I-35,Collision with:  Animal,,,Animal,None Indicated,,,,,,,Paved,,Property Damage Only,0,0,0,0,0,0,20000,1,1,,POINT (-93.901331665197 40.610799743622)
2014825076,14-7078,10/11/2014,10-October,7-Saturday,22:30,2200 Hours,District 2 (Northeast),,KOSSUTH,IA 9,IA 9/IOWA 9 & Co Rd R14/240 AVE,Collision with fixed object:  Traffic sign support,On Roadway,Non-collision (single vehicle),Swerving/Evasive Action,None Indicated,,Dark - roadway lighted,Dry,Clear,None apparent,Intersection:  Four-way intersection,Paved,,Property Damage Only,0,0,0,0,0,0,2600,1,2,,POINT (-93.990430126341 43.385530024077)
2014821116,2014-71606,10/11/2014,10-October,7-Saturday,14:10,1400 Hours,District 6 (East Central),DAVENPORT,SCOTT,,W 4TH ST,Collision with:  Vehicle in traffic,On Roadway,Broadside (front to side),Ran Traffic Signal,None Indicated,,Daylight,Dry,Clear,None apparent,Intersection:  Four-way intersection,Paved,,Property Damage Only,0,0,0,0,0,0,2000,2,4,,POINT (-90.577305553816 41.523525388564)
2014821875,S14-10499,10/11/2014,10-October,7-Saturday,19:58,1900 Hours,District 3 (Northwest),,WOODBURY,IA 31,IA 31/HWY 31,Collision with:  Animal,On Roadway,Non-collision (single vehicle),Animal,None Indicated,,Dark - roadway not lighted,Dry,Clear,None apparent,Non-intersection:  Non-junction/no special feature,Paved,,Minor Injury,0,1,0,1,0,0,3500,1,2,,POINT (-95.752582425185 42.512967026587)
2014821285,14-3234,10/11/2014,10-October,7-Saturday,14:05,1400 Hours,District 1 (Central),FORT DODGE,WEBSTER,,1ST AVE S,Collision with:  Vehicle in traffic,On Roadway,"Sideswipe, same direction",Other (explain in narrative):  Other,None Indicated,,Daylight,Dry,Clear,None apparent,Non-intersection:  Non-junction/no special feature,Paved,,Property Damage Only,0,0,0,0,0,0,1500,2,2,,POINT (-94.154191193294 42.505291259414)
2014827528,1410-070,10/11/2014,10-October,7-Saturday,18:20,1800 Hours,District 3 (Northwest),,OSCEOLA,,SILVER AVE & 230TH ST,Collision with:  Vehicle in traffic,On Roadway,Broadside (front to side),FTYROW:  At uncontrolled intersection,None Indicated,,Dusk,"Mud, dirt",Clear,None apparent,Intersection:  Four-way intersection,Unpaved,,Minor Injury,0,1,0,1,0,0,3000,2,4,,POINT (-95.623672830937 43.316450012158)
2014821148,2014-013179,10/11/2014,10-October,7-Saturday,05:22,0500 Hours,District 6 (East Central),,DUBUQUE,,Co Rd C63/RIDGE RD & Co Rd Y13/TOLLGATE RD,Collision with:  Animal,On Roadway,Non-collision (single vehicle),Animal,None Indicated,,Dark - roadway not lighted,Dry,Clear,None apparent,Non-intersection:  Non-junction/no special feature,Paved,,Property Damage Only,0,0,0,0,0,0,4700,1,1,,POINT (-90.98640519055 42.617144071292)
2014821195,S14-004050,10/11/2014,10-October,7-Saturday,02:21,0200 Hours,District 4 (Southwest),TREYNOR,POTTAWATTAMIE,,VALLEY VIEW DR & VALLEY VIEW LN & MADISON AVE,Collision with fixed object:  Bridge overhead structure,On Roadway,Non-collision (single vehicle),Other (explain in narrative):  Other,None Indicated,,Dark - roadway lighted,Dry,Clear,None apparent,Non-intersection:  Other non-intersection (explain in narrative),Paved,,Property Damage Only,0,0,0,0,0,0,2000,1,4,,POINT (-95.818166862559 41.242213197531)
2014821115,2014-71597,10/11/2014,10-October,7-Saturday,11:55,1100 Hours,District 6 (East Central),DAVENPORT,SCOTT,US 6,US 6/W KIMBERLY RD & N DIVISION ST,Collision with:  Non-motorist (see non-motorist section - NOT a unit),On Roadway,Non-collision (single vehicle),Other (explain in narrative):  No improper action,None Indicated,,Daylight,Dry,Clear,None apparent,Non-intersection:  Non-junction/no special feature,Paved,,Possible/Unknown,0,1,0,0,0,1,1500,1,1,,POINT (-90.600667262592 41.560041134558)
2014821844,14023990,10/11/2014,10-October,7-Saturday,11:06,1100 Hours,District 5 (Southeast),OSKALOOSA,MAHASKA,IA 92,IA 92/A AVE E,Collision with:  Vehicle in traffic,On Roadway,"Angle, oncoming left turn",FTYROW:  Making left turn,None Indicated,,Daylight,Dry,Clear,None apparent,Intersection:  Four-way intersection,Paved,,Property Damage Only,0,0,0,0,0,0,7000,2,3,,POINT (-92.642539247252 41.296276276123)
2014823590,2014057989,10/11/2014,10-October,7-Saturday,08:45,0800 Hours,District 6 (East Central),CORALVILLE,JOHNSON,I-380,I-380,Collision with:  Vehicle in traffic,On Roadway,Rear-end (front to rear),Followed too close,None Indicated,,Daylight,Dry,Clear,None apparent,Non-intersection:  Non-junction/no special feature,Paved,,Property Damage Only,0,0,0,0,0,0,4000,2,4,,POINT (-91.642067764506 41.722632067892)
2014832014,1410112340,10/11/2014,10-October,7-Saturday,23:40,2300 Hours,District 6 (East Central),MONTICELLO,JONES,US 151,US 151,Collision with:  Animal,On Roadway,Non-collision (single vehicle),Animal,None Indicated,,Dark - roadway not lighted,Dry,Cloudy,None apparent,Non-intersection:  Non-junction/no special feature,Paved,,Property Damage Only,0,0,0,0,0,0,3000,1,1,,POINT (-91.224215392464 42.180612589197)
2014825729,14154339,10/11/2014,10-October,7-Saturday,01:00,0100 Hours,District 6 (East Central),,JOHNSON,,Co Rd F20/AMANA RD,Collision with:  Animal,,,Animal,None Indicated,,,,,,,Unpaved,,Property Damage Only,0,0,0,0,0,0,2000,1,1,,POINT (-91.770615582328 41.803636538806)
2014821012,20140030187,10/11/2014,10-October,7-Saturday,17:31,1700 Hours,District 1 (Central),DES MOINES,POLK,US 6,US 6/EUCLID AVE/E EUCLID AVE & IA 415/2ND AVE,Collision with:  Vehicle in traffic,On Roadway,Broadside (front to side),Ran Traffic Signal,None Indicated,,Daylight,Dry,Clear,None apparent,Intersection:  Four-way intersection,Paved,,Property Damage Only,0,0,0,0,0,0,10000,2,4,,POINT (-93.619948818049 41.627689909097)
2014821440,14-33643,10/11/2014,10-October,7-Saturday,09:32,0900 Hours,District 3 (Northwest),SIOUX CITY,WOODBURY,,15TH ST,Collision with fixed object:  Other fixed object (explain in narrative),On Roadway,Non-collision (single vehicle),Ran off road - right,None Indicated,,Daylight,Dry,Clear,None apparent,Non-intersection:  Non-junction/no special feature,Paved,,Property Damage Only,0,0,0,0,0,0,9750,1,1,,POINT (-96.402952019553 42.506046666537)
2014821015,20140030145,10/11/2014,10-October,7-Saturday,10:54,1000 Hours,District 1 (Central),DES MOINES,POLK,US 6,US 6/DOUGLAS AVE & 50TH ST,Collision with:  Vehicle in traffic,On Roadway,Broadside (front to side),Ran Traffic Signal,None Indicated,,Daylight,Dry,Clear,None apparent,Intersection:  Four-way intersection,Paved,,Property Damage Only,0,0,0,0,0,0,11000,2,3,,POINT (-93.687735015539 41.629430037949)
2014821207,2014010690,10/11/2014,10-October,7-Saturday,11:45,1100 Hours,District 1 (Central),MARSHALLTOWN,MARSHALL,IA 14,IA 14/S CENTER ST & W INGLEDUE ST & E INGLEDUE ST,Collision with:  Vehicle in traffic,On Roadway,Rear-end (front to rear),Other (explain in narrative):  Other,None Indicated,,Daylight,Dry,Clear,None apparent,Non-intersection:  Non-junction/no special feature,Paved,,Property Damage Only,0,0,0,0,0,0,4000,3,4,,POINT (-92.912631631598 42.032127445556)
2014821266,CL14003617,10/11/2014,10-October,7-Saturday,19:45,1900 Hours,District 6 (East Central),CLINTON,CLINTON,,14TH AVE N & N 3RD ST,Collision with:  Vehicle in traffic,On Roadway,Broadside (front to side),FTYROW:  From stop sign,Alcohol (Statutory),,Dark - roadway lighted,Dry,Clear,None apparent,Intersection:  Four-way intersection,Paved,,Possible/Unknown,0,1,0,0,1,0,4000,2,2,,POINT (-90.186978179468 41.860316451706)
2014821097,CL14003616,10/11/2014,10-October,7-Saturday,16:55,1600 Hours,District 6 (East Central),CLINTON,CLINTON,US 67,US 67/MAIN AVE,Collision with:  Vehicle in traffic,On Roadway,Rear-end (front to rear),Other (explain in narrative):  Other,Refused,,Daylight,Dry,Clear,Work Zone (roadway-related),Non-intersection:  Non-junction/no special feature,Paved,Yes,Possible/Unknown,0,1,0,0,1,0,5000,2,3,,POINT (-90.181862857853 41.873096079358)
2014820936,201415236,10/11/2014,10-October,7-Saturday,16:44,1600 Hours,District 6 (East Central),CEDAR RAPIDS,LINN,,32ND ST NE & EASTERN AVE NE,Collision with:  Vehicle in traffic,On Roadway,Broadside (front to side),Ran Stop Sign,None Indicated,,Daylight,Dry,Clear,None apparent,Intersection:  Other intersection (explain in narrative),Paved,,Property Damage Only,0,0,0,0,0,0,1500,2,4,,POINT (-91.64808189101 42.010121593593)
2014820965,14-004403,10/11/2014,10-October,7-Saturday,13:28,1300 Hours,District 1 (Central),ANKENY,POLK,,SE 11TH ST & SE TRILEIN DR,Collision with:  Vehicle in traffic,On Roadway,Head-on (front to front),FTYROW:  Making left turn,None Indicated,,Daylight,Dry,Clear,None apparent,Non-intersection:  Driveway access (within),Paved,,Possible/Unknown,0,1,0,0,1,0,4000,2,3,,POINT (-93.590801964323 41.71977011772)
2014823052,14-037-AC-F,10/11/2014,10-October,7-Saturday,05:55,0500 Hours,District 3 (Northwest),MILFORD,DICKINSON,US 71,US 71/OKOBOJI AVE & 9TH ST,Collision with fixed object:  Curb/island/raised median,Shoulder,Non-collision (single vehicle),Driver Distraction:  Passenger,None Indicated,,Dark - roadway lighted,Dry,Clear,None apparent,Non-intersection:  Non-junction/no special feature,Paved,,Property Damage Only,0,0,0,0,0,0,13350,1,2,,POINT (-95.149985066564 43.323864318364)
2014821090,2014-5039,10/11/2014,10-October,7-Saturday,09:45,0900 Hours,District 4 (Southwest),WAUKEE,DALLAS,,UNIVERSITY AVE,Collision with:  Vehicle in traffic,On Roadway,"Sideswipe, same direction",Unknown,None Indicated,,Daylight,Dry,Cloudy,Work Zone (roadway-related),Non-intersection:  Non-junction/no special feature,Paved,Yes,Property Damage Only,0,0,0,0,0,0,1600,2,2,,POINT (-93.856108088206 41.600404205966)
2014821100,14-043390,10/11/2014,10-October,7-Saturday,19:23,1900 Hours,District 4 (Southwest),COUNCIL BLUFFS,POTTAWATTAMIE,I-29,I-29,Collision with:  Vehicle in traffic,On Roadway,"Sideswipe, same direction",Other (explain in narrative):  Other,None Indicated,,Dark - roadway lighted,Dry,Clear,None apparent,Non-intersection:  Non-junction/no special feature,Paved,,Property Damage Only,0,0,0,0,0,0,4500,2,10,,POINT (-95.906776641064 41.24788909542)
2014822480,2014057999,10/11/2014,10-October,7-Saturday,11:10,1100 Hours,District 6 (East Central),,SCOTT,I-80,I-80,Collision with:  Vehicle in traffic,On Roadway,"Sideswipe, same direction",Crossed centerline (undivided),None Indicated,,Daylight,Dry,Clear,None apparent,Non-intersection:  Non-junction/no special feature,Paved,,Property Damage Only,0,0,0,0,0,0,9000,2,4,,POINT (-90.822254230981 41.627841520028)
2014821504,14-016069,10/11/2014,10-October,7-Saturday,19:32,1900 Hours,District 2 (Northeast),CHARLES CITY,FLOYD,,6TH ST,Collision with:  Vehicle in traffic,On Roadway,Rear-end (front to rear),Driver Distraction:  Reaching for object(s)/fallen object(s),None Indicated,,Dark - roadway not lighted,Dry,Cloudy,None apparent,Non-intersection:  Non-junction/no special feature,Paved,,Property Damage Only,0,0,0,0,0,0,3000,2,1,,POINT (-92.675833478016 43.058985019745)
2014821099,20143718,10/11/2014,10-October,7-Saturday,13:25,1300 Hours,District 1 (Central),,GRUNDY,,Co Rd T19/E AVE & 300TH ST,Non-collision events:  Overturn/rollover,Roadside,Non-collision (single vehicle),Crossed centerline (undivided),None Indicated,,Daylight,Dry,Clear,None apparent,Non-intersection:  Non-junction/no special feature,Unpaved,,Fatal,1,0,0,0,0,0,6000,1,1,,POINT (-92.94355513462 42.2675028807)