Iowa DOT Case Number,Law Enforcement Case Number,Date of Crash,Month of Crash,Day of Week,Time of Crash,Hour,DOT District,City Name,County Name,Route with System,Location Description,First Harmful Event,Location of First Harmful Event,Manner of Crash/Collision,Major Cause,Drug or Alcohol ,Environmental Conditions,Light Conditions,Surface Conditions,Weather Conditions,Roadway Contribution,Roadway Type,Roadway Surface,Work Zone,Crash Severity,Number of Fatalities,Number of Injuries,Number of Major Injuries,Number of Minor Injuries,Number of Possible Injuries,Number of Unknown Injuries,Amount of Property Damage,Number of Vehicles Involved,Total Number of Occupants,Travel Direction,Location
2014824659,14009146,10/11/2014,10-October,7-Saturday,23:00,2300 Hours,District 6 (East Central),,BUCHANAN,,Co Rd D22/220TH ST,Collision with:  Animal,,,Animal,None Indicated,,,,,,,Paved,,Property Damage Only,0,0,0,0,0,0,3000,1,1,,POINT (-91.797869394516 42.468271160126)
2014824119,K14-031623,10/11/2014,10-October,7-Saturday,16:47,1600 Hours,District 5 (Southeast),KEOKUK,LEE,,9TH ST S,Collision with:  Non-motorist (see non-motorist section - NOT a unit),On Roadway,Non-collision (single vehicle),Other (explain in narrative):  No improper action,None Indicated,,Daylight,Dry,Clear,None apparent,Non-intersection:  Non-junction/no special feature,Paved,,Minor Injury,0,1,0,1,0,0,500,1,2,,POINT (-91.388112877891 40.397990471634)
2014821283,14-1628,10/11/2014,10-October,7-Saturday,13:13,1300 Hours,District 1 (Central),,GREENE,IA 25,IA 25/E AVE,Non-collision events:  Other non-collision (explain in narrative),On Roadway,Non-collision (single vehicle),Ran off road - right,None Indicated,,Daylight,Dry,Clear,None apparent,Non-intersection:  Non-junction/no special feature,Paved,,Minor Injury,0,1,0,1,0,0,29000,1,1,,POINT (-94.551406838168 41.990306175075)
2014821136,201404775,10/11/2014,10-October,7-Saturday,14:03,1400 Hours,District 1 (Central),,BOONE,US 30,US 30/220TH ST,Collision with fixed object:  Traffic sign support,Shoulder,Non-collision (single vehicle),Swerving/Evasive Action,None Indicated,,Daylight,Dry,Clear,None apparent,Non-intersection:  Non-junction/no special feature,Paved,,Property Damage Only,0,0,0,0,0,0,2000,1,2,,POINT (-93.80732976566 42.034725326456)
2014822996,2014058036,10/11/2014,10-October,7-Saturday,16:10,1600 Hours,District 1 (Central),,POLK,US 69,US 69/NE 14TH ST,Non-collision events:  Overturn/rollover,On Roadway,Non-collision (single vehicle),Swerving/Evasive Action,None Indicated,,Daylight,Dry,Clear,None apparent,Non-intersection:  Crossover-related,Paved,,Possible/Unknown,0,1,0,0,1,0,1000,1,1,,POINT (-93.600411198068 41.651662632231)
2014821898,14-101642,10/11/2014,10-October,7-Saturday,02:00,0200 Hours,District 2 (Northeast),RAYMOND,BLACK HAWK,,S 3RD ST,Collision with fixed object:  Culvert/pipe opening,Outside trafficway,Non-collision (single vehicle),Swerving/Evasive Action,None Indicated,,Dark - roadway lighted,Unknown,Clear,Unknown,Non-intersection:  Non-junction/no special feature,Paved,,Property Damage Only,0,0,0,0,0,0,5000,1,1,,POINT (-92.219790374304 42.468650971704)
2014821431,891406721,10/11/2014,10-October,7-Saturday,16:40,1600 Hours,District 5 (Southeast),KEOSAUQUA,VAN BUREN,IA 1,IA 1/BROAD ST & DODGE ST,Collision with:  Vehicle in traffic,On Roadway,Rear-end (front to rear),Followed too close,None Indicated,,Daylight,Dry,Clear,None apparent,Intersection:  Four-way intersection,Paved,,Possible/Unknown,0,1,0,0,1,0,2000,2,3,,POINT (-91.963218309373 40.732665666883)
2014835324,2014058047,10/11/2014,10-October,7-Saturday,17:14,1700 Hours,District 4 (Southwest),,DALLAS,US 169,US 169/N AVE & Co Rd F90/360TH ST,Collision with:  Vehicle in traffic,On Roadway,Broadside (front to side),FTYROW:  From stop sign,None Indicated,,Daylight,Dry,Cloudy,None apparent,Intersection:  Other intersection (explain in narrative),Paved,,Possible/Unknown,0,2,0,0,2,0,12000,2,2,,POINT (-94.012515556327 41.517608950673)
2014820917,14-061011-01,10/11/2014,10-October,7-Saturday,14:08,1400 Hours,District 6 (East Central),,IOWA,I-80,I-80,Collision with:  Vehicle in traffic,On Roadway,"Sideswipe, same direction",Other (explain in narrative):  No improper action,None Indicated,,Daylight,Dry,Clear,None apparent,Non-intersection:  Non-junction/no special feature,Paved,,Property Damage Only,0,0,0,0,0,0,9000,2,2,,POINT (-92.059481643099 41.688194177335)
2014828356,14100273,10/12/2014,10-October,1-Sunday,11:56,1100 Hours,District 5 (Southeast),,WAPELLO,US 63,US 63,Non-collision events:  Overturn/rollover,On Roadway,Non-collision (single vehicle),Ran off road - right,None Indicated,,Daylight,Wet,Clear,None apparent,Non-intersection:  Non-junction/no special feature,Paved,,Property Damage Only,0,0,0,0,0,0,5000,1,1,,POINT (-92.412674676366 41.091106511492)
2014821336,101014-125,10/12/2014,10-October,1-Sunday,15:10,1500 Hours,District 3 (Northwest),,BUENA VISTA,IA 7,IA 7/IOWA 7,Collision with:  Vehicle in traffic,On Roadway,Broadside (front to side),Other (explain in narrative):  Other,None Indicated,,Daylight,Dry,Clear,None apparent,Non-intersection:  Driveway access (within),Paved,,Possible/Unknown,0,1,0,0,1,0,1500,2,2,,POINT (-95.341421393937 42.683310848945)
2014821117,2014-71713,10/12/2014,10-October,1-Sunday,00:02,0000 Hours,District 6 (East Central),DAVENPORT,SCOTT,,W COLUMBIA AVE & MAIN ST,Collision with:  Vehicle in traffic,On Roadway,Broadside (front to side),Ran Stop Sign,None Indicated,,Dark - roadway not lighted,Dry,Clear,None apparent,Intersection:  Four-way intersection,Paved,,Property Damage Only,0,0,0,0,0,0,2800,2,2,,POINT (-90.575745035853 41.546693002872)
2014821202,14-043441,10/12/2014,10-October,1-Sunday,02:05,0200 Hours,District 4 (Southwest),COUNCIL BLUFFS,POTTAWATTAMIE,I-29,I-29,Collision with:  Vehicle in traffic,On Roadway,Rear-end (front to rear),Followed too close,None Indicated,,Dark - roadway lighted,Dry,Clear,None apparent,Non-intersection:  Other non-intersection (explain in narrative),Paved,,Property Damage Only,0,0,0,0,0,0,2000,2,5,,POINT (-95.90902374899 41.26248555803)
2014821445,14-33731,10/12/2014,10-October,1-Sunday,02:10,0200 Hours,District 3 (Northwest),SIOUX CITY,WOODBURY,,COURT ST,Collision with:  Vehicle in traffic,On Roadway,"Sideswipe, same direction",Other (explain in narrative):  Other,Alcohol (Statutory),,Dark - roadway lighted,Dry,Clear,None apparent,Non-intersection:  Non-junction/no special feature,Paved,,Property Damage Only,0,0,0,0,0,0,4000,2,1,,POINT (-96.396070789594 42.511113435199)
2014821239,2014011469,10/12/2014,10-October,1-Sunday,12:47,1200 Hours,District 6 (East Central),IOWA CITY,JOHNSON,,E COURT ST,Collision with:  Vehicle in traffic,On Roadway,Broadside (front to side),FTYROW:  Other (explain in narrative),None Indicated,,Daylight,Wet,Cloudy,None apparent,Non-intersection:  Alley,Paved,,Possible/Unknown,0,4,0,0,4,0,4000,2,6,,POINT (-91.532471972426 41.656606539175)
2014822162,W14-102157,10/12/2014,10-October,1-Sunday,21:30,2100 Hours,District 2 (Northeast),WATERLOO,BLACK HAWK,I-380,I-380 & US 218/WASHINGTON ST & E MITCHELL AVE,Collision with:  Vehicle in traffic,On Roadway,Rear-end (front to rear),Driver Distraction:  Manual operation of an electronic communication device,None Indicated,,Dark - roadway lighted,Wet,Cloudy,None apparent,Non-intersection:  Non-junction/no special feature,Paved,,Property Damage Only,0,0,0,0,0,0,3500,2,2,,POINT (-92.322128238894 42.476578667236)
2014821843,14024063,10/12/2014,10-October,1-Sunday,10:50,1000 Hours,District 5 (Southeast),OSKALOOSA,MAHASKA,IA 92,IA 92/A AVE W,Collision with:  Vehicle in traffic,On Roadway,"Sideswipe, same direction",FTYROW:  From driveway,None Indicated,,Daylight,Wet,Rain,None apparent,Non-intersection:  Driveway access (within),Paved,,Possible/Unknown,0,1,0,0,1,0,5000,2,2,,POINT (-92.646660053696 41.296252967306)
2014821129,14-6250,10/12/2014,10-October,1-Sunday,00:52,0000 Hours,District 3 (Northwest),CHEROKEE,CHEROKEE,US 59,US 59/S 2ND ST,Collision with fixed object:  Guardrail - face,Shoulder,Non-collision (single vehicle),Ran off road - right,Alcohol (Statutory),,Dark - roadway not lighted,Dry,Clear,None apparent,Non-intersection:  Other non-intersection (explain in narrative),Paved,,Property Damage Only,0,0,0,0,0,0,5000,1,1,,POINT (-95.552051542691 42.735233393687)
2014822548,,10/12/2014,10-October,1-Sunday,11:30,1100 Hours,District 1 (Central),AMES,STORY,,CAMPUS AVE,Collision with:  Parked motor vehicle,On Roadway,Broadside (front to side),Unknown,None Indicated,,Daylight,Dry,Cloudy,,Non-intersection:  Non-junction/no special feature,Paved,,Property Damage Only,0,0,0,0,0,0,2500,2,1,,POINT (-93.657035283146 42.027253963826)
2014821471,2014058113,10/12/2014,10-October,1-Sunday,05:56,0500 Hours,District 5 (Southeast),,DECATUR,I-35,I-35,Collision with:  Animal,,,Animal,None Indicated,,,,,,,Paved,,Property Damage Only,0,0,0,0,0,0,4000,1,1,,POINT (-93.825057419604 40.816530449484)
2014821876,S14-10515,10/12/2014,10-October,1-Sunday,03:26,0300 Hours,District 3 (Northwest),,WOODBURY,,240TH ST,Non-collision events:  Other non-collision (explain in narrative),On Roadway,Non-collision (single vehicle),Over correcting/over steering,Alcohol (Statutory),,Dark - roadway not lighted,"Mud, dirt",Clear,None apparent,Non-intersection:  Non-junction/no special feature,Unpaved,,Possible/Unknown,0,1,0,0,1,0,8000,1,2,,POINT (-96.265226556826 42.358914702264)
2014821831,201415304,10/12/2014,10-October,1-Sunday,20:20,2000 Hours,District 6 (East Central),CEDAR RAPIDS,LINN,,MOUNT VERNON RD SE,Collision with:  Vehicle in traffic,On Roadway,Broadside (front to side),FTYROW:  From driveway,None Indicated,,Dark - roadway lighted,Wet,Rain,None apparent,Non-intersection:  Driveway access (within),Paved,,Property Damage Only,0,0,0,0,0,0,7000,2,3,,POINT (-91.61324020801 41.976832540823)
2014821864,14-2278,10/12/2014,10-October,1-Sunday,14:01,1400 Hours,District 1 (Central),URBANDALE,POLK,,MEREDITH DR & 67TH ST,Collision with:  Vehicle in traffic,On Roadway,Rear-end (front to rear),Followed too close,None Indicated,,Daylight,Dry,Clear,None apparent,Intersection:  Four-way intersection,Paved,,Property Damage Only,0,0,0,0,0,0,6000,2,2,,POINT (-93.708578132598 41.643868020579)
2014821106,20143732,10/12/2014,10-October,1-Sunday,14:00,1400 Hours,District 1 (Central),,GRUNDY,,260TH ST,Non-collision events:  Overturn/rollover,Roadside,Non-collision (single vehicle),Ran off road - right,None Indicated,,Daylight,"Mud, dirt",Cloudy,None apparent,Non-intersection:  Non-junction/no special feature,Unpaved,,Possible/Unknown,0,1,0,0,1,0,2000,1,1,,POINT (-92.638371495278 42.325748023395)
2014821593,14-015238,10/12/2014,10-October,1-Sunday,08:12,0800 Hours,District 6 (East Central),,CEDAR,US 30,US 30 & GRANT AVE,Collision with fixed object:  Culvert/pipe opening,Shoulder,Non-collision (single vehicle),Ran off road - right,None Indicated,,Dark - unknown roadway lighting,Wet,Rain,None apparent,Intersection:  Four-way intersection,Paved,,Minor Injury,0,1,0,1,0,0,6500,1,1,,POINT (-91.234694556617 41.896332876027)
2014822243,14-6694,10/12/2014,10-October,1-Sunday,18:25,1800 Hours,District 1 (Central),BONDURANT,POLK,US 65,US 65/HUBBELL AVE,Collision with:  Vehicle in traffic,On Roadway,Rear-end (front to rear),Other (explain in narrative):  Other,None Indicated,,Dark - roadway not lighted,Dry,Rain,None apparent,Non-intersection:  Crossover-related,Paved,,Property Damage Only,0,0,0,0,0,0,11500,3,3,,POINT (-93.481097755401 41.672616162127)
2014821105,20143725,10/12/2014,10-October,1-Sunday,01:55,0100 Hours,District 1 (Central),,GRUNDY,US 20,US 20,Collision with:  Animal,,,Animal,None Indicated,,,,,,,Paved,,Property Damage Only,0,0,0,0,0,0,7000,1,1,,POINT (-92.646884070509 42.463620847161)
2014822223,A14-067,10/12/2014,10-October,1-Sunday,15:08,1500 Hours,District 4 (Southwest),WINTERSET,MADISON,,N 8TH AVE,Non-collision events:  Other non-collision (explain in narrative),On Roadway,Non-collision (single vehicle),Lost Control,None Indicated,,Daylight,Dry,Cloudy,None apparent,Non-intersection:  Non-junction/no special feature,Paved,,Possible/Unknown,0,1,0,0,1,0,300,1,1,,POINT (-94.022949688474 41.336648271027)
2014826343,,10/12/2014,10-October,1-Sunday,21:35,2100 Hours,District 2 (Northeast),,WINNESHIEK,IA 9,IA 9/IOWA 9,Collision with:  Animal,On Roadway,Non-collision (single vehicle),Animal,None Indicated,,Dark - roadway not lighted,Wet,Rain,None apparent,Non-intersection:  Non-junction/no special feature,Paved,,Property Damage Only,0,0,0,0,0,0,4000,1,2,,POINT (-91.724911663264 43.269794532492)
2014820987,20140030283,10/12/2014,10-October,1-Sunday,19:22,1900 Hours,District 1 (Central),DES MOINES,POLK,,E GRAND AVE,Collision with:  Vehicle in traffic,On Roadway,Rear-end (front to rear),Driving too fast for conditions,None Indicated,,Dark - roadway lighted,Wet,Rain,None apparent,Non-intersection:  Non-junction/no special feature,Paved,,Property Damage Only,0,0,0,0,0,0,6000,2,5,,POINT (-93.597400353268 41.593518810724)
2014822872,14-005864,10/12/2014,10-October,1-Sunday,05:30,0500 Hours,District 2 (Northeast),BRITT,HANCOCK,,IOWA AVE & 235TH ST,Collision with fixed object:  Utility pole/light support,Outside trafficway,Non-collision (single vehicle),Ran off road - left,None Indicated,,Dark - roadway not lighted,Dry,Clear,None apparent,Intersection:  T-intersection,Unpaved,,Minor Injury,0,3,0,2,1,0,118000,1,3,,POINT (-93.812810860711 43.10509404194)
2014821446,14-33761,10/12/2014,10-October,1-Sunday,11:31,1100 Hours,District 3 (Northwest),SIOUX CITY,WOODBURY,I-29,I-29,Collision with:  Vehicle in traffic,On Roadway,Rear-end (front to rear),Other (explain in narrative):  Other,None Indicated,,Daylight,Dry,Clear,Work Zone (roadway-related),Non-intersection:  Non-junction/no special feature,Paved,Yes,Property Damage Only,0,0,0,0,0,0,77500,4,10,,POINT (-96.388725046642 42.481049021321)
2014821549,001921,10/12/2014,10-October,1-Sunday,01:55,0100 Hours,District 2 (Northeast),,MITCHELL,,Co Rd S70/BALSAM AVE,Collision with fixed object:  Ditch,On Roadway,Non-collision (single vehicle),Lost Control,Refused,,Dark - roadway not lighted,Dry,Clear,None apparent,Non-intersection:  Non-junction/no special feature,Paved,,Possible/Unknown,0,1,0,0,1,0,10000,1,1,,POINT (-93.004597880384 43.28972416988)
2014830921,145460,10/12/2014,10-October,1-Sunday,06:57,0600 Hours,District 1 (Central),IOWA FALLS,HARDIN,,ROCKSYLVANIA AVE & RIVER ST,Collision with:  Vehicle in traffic,On Roadway,Broadside (front to side),Ran Stop Sign,None Indicated,,Dawn,Dry,Clear,None apparent,Intersection:  Four-way intersection,Paved,,Property Damage Only,0,0,0,0,0,0,3500,2,2,,POINT (-93.267890413355 42.521453346008)
2014821141,14-0574,10/12/2014,10-October,1-Sunday,12:30,1200 Hours,District 1 (Central),,WEBSTER,US 20,US 20/NE RAMP CURV/NW RAMP CURV & US 169,Collision with fixed object:  Utility pole/light support,On Roadway,Non-collision (single vehicle),Made improper turn,None Indicated,,Daylight,Dry,Clear,None apparent,Interchange-related:  On-ramp,Paved,,Property Damage Only,0,0,0,0,0,0,5000,1,3,,POINT (-94.184222070085 42.446168324602)
2014820949,14-007179,10/12/2014,10-October,1-Sunday,00:21,0000 Hours,District 3 (Northwest),,MONONA,IA 141,IA 141 & 120TH ST,Collision with fixed object:  Ditch,Shoulder,Non-collision (single vehicle),Swerving/Evasive Action,Refused,,Dark - roadway not lighted,Dry,Clear,None apparent,Non-intersection:  Non-junction/no special feature,Paved,,Property Damage Only,0,0,0,0,0,0,3200,1,1,,POINT (-95.831523732901 42.188552198048)
2014821246,CL14003624,10/12/2014,10-October,1-Sunday,21:36,2100 Hours,District 6 (East Central),CLINTON,CLINTON,,13TH AVE N,Collision with:  Animal,,,Animal,None Indicated,,,,,,,Paved,,Property Damage Only,0,0,0,0,0,0,1500,1,1,,POINT (-90.204547634184 41.859367896221)
2014821447,14-33775,10/12/2014,10-October,1-Sunday,14:32,1400 Hours,District 3 (Northwest),SIOUX CITY,WOODBURY,IA 12,IA 12/RIVERSIDE BLVD & JANET AVE,Collision with:  Vehicle in traffic,On Roadway,Rear-end (front to rear),Followed too close,None Indicated,,Daylight,Dry,Clear,None apparent,Intersection:  T-intersection,Paved,,Property Damage Only,0,0,0,0,0,0,5500,2,2,,POINT (-96.473211057407 42.508960901464)
2014821543,14C05641,10/12/2014,10-October,1-Sunday,14:11,1400 Hours,District 4 (Southwest),CRESTON,UNION,,W HOWARD ST & N MAPLE ST,Collision with:  Vehicle in traffic,On Roadway,Broadside (front to side),Other (explain in narrative):  Vision obstructed,None Indicated,,Daylight,Dry,Cloudy,None apparent,Non-intersection:  Non-junction/no special feature,Paved,,Property Damage Only,0,0,0,0,0,0,1500,2,4,,POINT (-94.362723813701 41.060962198735)
2014820976,20140030223,10/12/2014,10-October,1-Sunday,02:44,0200 Hours,District 1 (Central),DES MOINES,POLK,,19TH ST,Collision with fixed object:  Utility pole/light support,Roadside,Non-collision (single vehicle),Ran off road - right,None Indicated,,Dark - roadway lighted,Dry,Clear,None apparent,Non-intersection:  Non-junction/no special feature,Paved,,Property Damage Only,0,0,0,0,0,0,9755,1,1,,POINT (-93.642780049843 41.608135978095)
2014909187,096-14,10/12/2014,10-October,1-Sunday,06:31,0600 Hours,District 4 (Southwest),,MADISON,,Co Rd G53/260TH ST,Non-collision events:  Overturn/rollover,On Roadway,Non-collision (single vehicle),Swerving/Evasive Action,None Indicated,,Dawn,Dry,Clear,None apparent,Non-intersection:  Non-junction/no special feature,Unpaved,,Minor Injury,0,1,0,1,0,0,5000,1,1,,POINT (-93.858760763787 41.277216103723)
2014823851,201400050371,10/12/2014,10-October,1-Sunday,18:37,1800 Hours,District 5 (Southeast),OTTUMWA,WAPELLO,,N MARION ST,Collision with fixed object:  Utility pole/light support,On Roadway,Non-collision (single vehicle),Driving too fast for conditions,None Indicated,,Dark - roadway not lighted,Wet,Rain,None apparent,Non-intersection:  Non-junction/no special feature,Paved,,Property Damage Only,0,0,0,0,0,0,2500,1,1,,POINT (-92.412326700354 41.021877608851)
2014820986,20140030276,10/12/2014,10-October,1-Sunday,17:35,1700 Hours,District 1 (Central),DES MOINES,POLK,US 69,US 69/SE 14TH ST & INDIANOLA AVE,Collision with:  Vehicle in traffic,On Roadway,"Angle, oncoming left turn",Made improper turn,None Indicated,,Daylight,Dry,Clear,None apparent,Intersection:  Four-way intersection,Paved,,Property Damage Only,0,0,0,0,0,0,6000,2,3,,POINT (-93.596813837919 41.553277331351)
2014820897,W14-102024,10/12/2014,10-October,1-Sunday,02:00,0200 Hours,District 2 (Northeast),WATERLOO,BLACK HAWK,,E DONALD ST & IDAHO ST,Collision with fixed object:  Ditch,Outside trafficway,Non-collision (single vehicle),Ran Stop Sign,None Indicated,,Dark - roadway not lighted,Dry,Clear,Unknown,Intersection:  T-intersection,Paved,,Property Damage Only,0,0,0,0,0,0,3000,1,1,,POINT (-92.307478427811 42.527500038384)
2014821589,W14-102155,10/12/2014,10-October,1-Sunday,21:20,2100 Hours,District 2 (Northeast),WATERLOO,BLACK HAWK,I-380,I-380,Collision with fixed object:  Ditch,On Roadway,Non-collision (single vehicle),Ran off road - right,None Indicated,,Dark - roadway lighted,Wet,Rain,None apparent,Non-intersection:  Other non-intersection (explain in narrative),Paved,,Property Damage Only,0,0,0,0,0,0,1600,1,1,,POINT (-92.31011014837 42.454262444299)
2014821830,201415296,10/12/2014,10-October,1-Sunday,17:00,1700 Hours,District 6 (East Central),CEDAR RAPIDS,LINN,,34TH ST NE & EASTERN AVE NE,Collision with:  Vehicle in traffic,On Roadway,Head-on (front to front),FTYROW:  Making left turn,Alcohol (Statutory),,Daylight,Wet,Rain,"Surface condition (e.g., wet, icy)",Intersection:  T-intersection,Paved,,Minor Injury,0,1,0,1,0,0,10000,2,2,,POINT (-91.648120316694 42.012868992505)
2014821120,2014-71850,10/12/2014,10-October,1-Sunday,17:55,1700 Hours,District 6 (East Central),DAVENPORT,SCOTT,,COLONY DR & GAINES ST,Collision with:  Vehicle in traffic,On Roadway,"Sideswipe, opposite direction",Other (explain in narrative):  No improper action,None Indicated,,Dark - roadway lighted,Wet,Rain,"Surface condition (e.g., wet, icy)",Non-intersection:  Non-junction/no special feature,Paved,,Property Damage Only,0,0,0,0,0,0,7000,2,2,,POINT (-90.581499149332 41.570492027682)
2014823907,1410122811,10/12/2014,10-October,1-Sunday,02:00,0200 Hours,District 6 (East Central),,CLINTON,US 67,US 67,Collision with fixed object:  Ditch,Shoulder,Non-collision (single vehicle),Crossed centerline (undivided),None Indicated,,Dark - roadway not lighted,Dry,Clear,None apparent,Non-intersection:  Non-junction/no special feature,Paved,,Possible/Unknown,0,1,0,0,0,1,3000,1,2,,POINT (-90.359439909694 41.730559326857)
2014821201,14-043432,10/12/2014,10-October,1-Sunday,00:27,0000 Hours,District 4 (Southwest),COUNCIL BLUFFS,POTTAWATTAMIE,,S 29TH ST,Collision with:  Vehicle in traffic,On Roadway,Broadside (front to side),Ran Stop Sign,None Indicated,,Dark - roadway lighted,Dry,Clear,None apparent,Intersection:  Four-way intersection,Paved,,Possible/Unknown,0,1,0,0,0,1,6000,2,4,,POINT (-95.890760484416 41.258938135391)
2014821361,14024041,10/12/2014,10-October,1-Sunday,00:42,0000 Hours,District 5 (Southeast),OSKALOOSA,MAHASKA,,HIGHLAND AVE,Collision with fixed object:  Curb/island/raised median,On Roadway,Non-collision (single vehicle),Exceeded authorized speed,None Indicated,,Dark - unknown roadway lighting,Dry,Clear,None apparent,Non-intersection:  Non-junction/no special feature,Paved,,Property Damage Only,0,0,0,0,0,0,12000,1,3,,POINT (-92.621890300953 41.297957807516)
2014822484,2014058182,10/12/2014,10-October,1-Sunday,20:23,2000 Hours,District 4 (Southwest),,POTTAWATTAMIE,I-29,I-29,Collision with:  Animal,,,Animal,None Indicated,,,,,,,Paved,,Property Damage Only,0,0,0,0,0,0,4000,1,1,,POINT (-95.893338936586 41.345072313952)
2014821197,S14-004067,10/12/2014,10-October,1-Sunday,09:55,0900 Hours,District 4 (Southwest),,POTTAWATTAMIE,,Co Rd L52/275TH ST,Non-collision events:  Overturn/rollover,On Roadway,Non-collision (single vehicle),Ran off road - left,None Indicated,,Daylight,Dry,Clear,Non-highway work,Non-intersection:  Non-junction/no special feature,Unpaved,,Minor Injury,0,1,0,1,0,0,15000,1,1,,POINT (-95.660831882268 41.252633216811)
2014820957,14-6691,10/12/2014,10-October,1-Sunday,02:00,0200 Hours,District 1 (Central),,POLK,,NE 12TH AVE & NE 64TH ST,Collision with:  Other non-fixed object (explain in narrative),On Roadway,Non-collision (single vehicle),Ran Stop Sign,None Indicated,,Dark - roadway lighted,Dry,Cloudy,None apparent,Intersection:  T-intersection,Paved,,Minor Injury,0,1,0,1,0,0,14000,1,1,,POINT (-93.483994670871 41.60062745521)
2014821122,2014-71896,10/12/2014,10-October,1-Sunday,23:56,2300 Hours,District 6 (East Central),DAVENPORT,SCOTT,,FARNAM ST,Collision with:  Parked motor vehicle,On Roadway,Rear-end (front to rear),Unknown,None Indicated,,Dark - roadway not lighted,Wet,Rain,None apparent,Non-intersection:  Non-junction/no special feature,Paved,,Property Damage Only,0,0,0,0,0,0,2000,2,1,,POINT (-90.56716377822 41.539909982099)
2014821203,14-043445,10/12/2014,10-October,1-Sunday,02:30,0200 Hours,District 4 (Southwest),COUNCIL BLUFFS,POTTAWATTAMIE,I-80,I-80,Collision with:  Animal,On Roadway,Non-collision (single vehicle),Animal,None Indicated,,Dark - roadway not lighted,Dry,Clear,None apparent,Non-intersection:  Non-junction/no special feature,Paved,,Property Damage Only,0,0,0,0,0,0,3500,1,8,,POINT (-95.810701035177 41.251483304421)
2014821658,14-33741,10/12/2014,10-October,1-Sunday,04:34,0400 Hours,District 3 (Northwest),SIOUX CITY,WOODBURY,,16TH ST,Collision with:  Parked motor vehicle,On Roadway,"Sideswipe, same direction",Unknown,None Indicated,,Dark - roadway lighted,Dry,Clear,None apparent,Non-intersection:  Non-junction/no special feature,Paved,,Property Damage Only,0,0,0,0,0,0,3000,2,4,,POINT (-96.39834875301 42.50733598958)
2014822715,,10/12/2014,10-October,1-Sunday,19:15,1900 Hours,District 3 (Northwest),,LYON,,Co Rd L14/KENNEDY AVE,Collision with:  Animal,On Roadway,Non-collision (single vehicle),Animal,None Indicated,,Dusk,Dry,Clear,,Non-intersection:  Non-junction/no special feature,Paved,,Property Damage Only,0,0,0,0,0,0,3423,1,2,,POINT (-95.998909027198 43.320122517273)
2014820975,20140030292,10/12/2014,10-October,1-Sunday,23:05,2300 Hours,District 1 (Central),DES MOINES,POLK,,E DIEHL AVE & SE 5TH ST,Collision with:  Vehicle in traffic,On Roadway,Rear-end (front to rear),Followed too close,None Indicated,,Dark - roadway lighted,Wet,Rain,None apparent,Non-intersection:  Non-junction/no special feature,Paved,,Property Damage Only,0,0,0,0,0,0,12000,2,3,,POINT (-93.606466507051 41.532726155621)
2014821829,201415293,10/12/2014,10-October,1-Sunday,15:56,1500 Hours,District 6 (East Central),CEDAR RAPIDS,LINN,,EDGEWOOD RD NW,Collision with:  Vehicle in traffic,On Roadway,Rear-end (front to rear),Driving too fast for conditions,None Indicated,,Daylight,Wet,Rain,None apparent,Non-intersection:  Non-junction/no special feature,Paved,,Minor Injury,0,5,0,3,2,0,10500,3,7,,POINT (-91.709290626079 41.997875037718)
2014821209,147733,10/12/2014,10-October,1-Sunday,00:00,0000 Hours,District 4 (Southwest),,DALLAS,,Co Rd R22/U AVE & 250TH ST,Unknown,Unknown,Non-collision (single vehicle),Unknown,None Indicated,,Unknown,Dry,Clear,None apparent,Non-intersection:  Non-junction/no special feature,Paved,,Property Damage Only,0,0,0,0,0,0,1500,1,1,,POINT (-93.891737775866 41.672865763409)
2014822113,14-1636,10/12/2014,10-October,1-Sunday,20:27,2000 Hours,District 1 (Central),,GREENE,,ORCHARD AVE,Collision with fixed object:  Ditch,Roadside,Non-collision (single vehicle),Ran off road - straight,None Indicated,,Dark - roadway not lighted,"Mud, dirt",Unknown,None apparent,Non-intersection:  Non-junction/no special feature,Unpaved,,Minor Injury,0,1,0,1,0,0,31500,1,1,,POINT (-94.349192099764 42.103324025976)
2014822482,2014058121,10/12/2014,10-October,1-Sunday,08:54,0800 Hours,District 4 (Southwest),,POTTAWATTAMIE,I-80,I-80,Collision with:  Animal,,,Animal,None Indicated,,,,,,,Paved,,Property Damage Only,0,0,0,0,0,0,5000,1,1,,POINT (-95.540375997369 41.498594755202)
2014821131,14031712,10/12/2014,10-October,1-Sunday,05:45,0500 Hours,District 5 (Southeast),,LEE,,Co Rd J48/180 ST & 308 AVE,Collision with:  Animal,,,Animal,None Indicated,,,,,,,Paved,,Property Damage Only,0,0,0,0,0,0,1500,1,1,,POINT (-91.316963667936 40.696179504785)
2014821645,14-2283,10/12/2014,10-October,1-Sunday,21:48,2100 Hours,District 1 (Central),URBANDALE,POLK,,AURORA AVE & 86TH ST,Collision with:  Animal,,,Animal,None Indicated,,,,,,,Paved,,Property Damage Only,0,0,0,0,0,0,1500,1,1,,POINT (-93.736557843184 41.636603508529)