Iowa DOT Case Number,Law Enforcement Case Number,Date of Crash,Month of Crash,Day of Week,Time of Crash,Hour,DOT District,City Name,County Name,Route with System,Location Description,First Harmful Event,Location of First Harmful Event,Manner of Crash/Collision,Major Cause,Drug or Alcohol ,Environmental Conditions,Light Conditions,Surface Conditions,Weather Conditions,Roadway Contribution,Roadway Type,Roadway Surface,Work Zone,Crash Severity,Number of Fatalities,Number of Injuries,Number of Major Injuries,Number of Minor Injuries,Number of Possible Injuries,Number of Unknown Injuries,Amount of Property Damage,Number of Vehicles Involved,Total Number of Occupants,Travel Direction,Location
2014835398,14-008610,10/12/2014,10-October,1-Sunday,21:23,2100 Hours,District 2 (Northeast),ELKADER,CLAYTON,,,Collision with:  Animal,On Roadway,Non-collision (single vehicle),Animal,None Indicated,,Dark - roadway not lighted,Wet,Rain,Obstruction in roadway,Non-intersection:  Non-junction/no special feature,,,Possible/Unknown,0,1,0,0,1,0,4500,1,2,,POINT (-96.643700149993 40.233091251414)
2014821083,2014-71774,10/12/2014,10-October,1-Sunday,05:47,0500 Hours,District 6 (East Central),DAVENPORT,SCOTT,I-80,I-80 & IA 130/NEW LIBERTY RD,Collision with:  Animal,,,Animal,None Indicated,,,,,,,Paved,,Property Damage Only,0,0,0,0,0,0,2000,1,1,,POINT (-90.619383057868 41.599932381759)
2014820984,20140030266,10/12/2014,10-October,1-Sunday,15:40,1500 Hours,District 1 (Central),DES MOINES,POLK,IA 28,IA 28/MERLE HAY RD,Collision with:  Vehicle in traffic,On Roadway,Rear-end (front to rear),Followed too close,None Indicated,,Daylight,Dry,Cloudy,None apparent,Non-intersection:  Non-junction/no special feature,Paved,,Property Damage Only,0,0,0,0,0,0,3500,3,10,,POINT (-93.697804488388 41.631386959328)
2014820940,14021500,10/12/2014,10-October,1-Sunday,16:27,1600 Hours,District 6 (East Central),MARION,LINN,,7TH AVE & 19TH ST,Collision with:  Vehicle in traffic,On Roadway,Rear-end (front to rear),Driving too fast for conditions,None Indicated,,Daylight,Wet,Rain,None apparent,Non-intersection:  Non-junction/no special feature,Paved,,Property Damage Only,0,0,0,0,0,0,6000,2,3,,POINT (-91.591065276581 42.03330262385)
2014821118,2014-71742,10/12/2014,10-October,1-Sunday,01:30,0100 Hours,District 6 (East Central),DAVENPORT,SCOTT,,W 2ND ST & RIPLEY ST,Collision with:  Parked motor vehicle,Roadside,"Sideswipe, same direction",Unknown,None Indicated,,Dark - roadway lighted,Dry,Clear,None apparent,Intersection:  Four-way intersection,Paved,,Property Damage Only,0,0,0,0,0,0,3000,2,777,,POINT (-90.578490171995 41.521325763698)
2014820938,14021491,10/12/2014,10-October,1-Sunday,13:40,1300 Hours,District 6 (East Central),MARION,LINN,,7TH AVE & 19TH ST,Collision with:  Vehicle in traffic,On Roadway,"Sideswipe, same direction",Swerving/Evasive Action,None Indicated,,Daylight,Dry,Cloudy,None apparent,Non-intersection:  Non-junction/no special feature,Paved,,Property Damage Only,0,0,0,0,0,0,5500,2,6,,POINT (-91.591089830031 42.033284912791)
2014821196,S14-004064,10/12/2014,10-October,1-Sunday,01:30,0100 Hours,District 4 (Southwest),AVOCA,POTTAWATTAMIE,US 59,US 59,Collision with:  Vehicle in traffic,On Roadway,Rear-end (front to rear),Unknown,None Indicated,,Dark - roadway not lighted,Dry,Clear,None apparent,Non-intersection:  Non-junction/no special feature,Paved,,Property Damage Only,0,0,0,0,0,0,1500,2,4,,POINT (-95.33675268589 41.466528106699)
2014821104,20143724,10/12/2014,10-October,1-Sunday,01:30,0100 Hours,District 1 (Central),DIKE,GRUNDY,US 20,US 20,Collision with:  Animal,,,Animal,None Indicated,,,,,,,Paved,,Property Damage Only,0,0,0,0,0,0,1500,1,1,,POINT (-92.638742145734 42.462307627939)
2014820970,14-1218,10/12/2014,10-October,1-Sunday,05:35,0500 Hours,District 1 (Central),CLIVE,POLK,,SOUTH SHORE DR & NW 142ND ST,Collision with fixed object:  Bridge overhead structure,Shoulder,Non-collision (single vehicle),Ran off road - right,None Indicated,,Dark - roadway not lighted,Dry,Clear,None apparent,Non-intersection:  Non-junction/no special feature,Paved,,Property Damage Only,0,0,0,0,0,0,6000,1,1,,POINT (-93.814272520132 41.607697712351)
2014822344,S79140330,10/12/2014,10-October,1-Sunday,20:15,2000 Hours,District 1 (Central),,POWESHIEK,,480TH AVE,Collision with:  Animal,,,Animal,None Indicated,,,,,,,Unpaved,,Property Damage Only,0,0,0,0,0,0,3000,1,1,,POINT (-92.614205440679 41.601872627886)
2014821215,14-36417,10/12/2014,10-October,1-Sunday,13:40,1300 Hours,District 5 (Southeast),BURLINGTON,DES MOINES,,DANKWARDT DR & DANKWARDT DR CONN,Collision with fixed object:  Other fixed object (explain in narrative),Roadside,Non-collision (single vehicle),"Operating vehicle in an reckless, erratic, careless, negligent manner",None Indicated,,Daylight,Wet,Rain,None apparent,Non-intersection:  Non-junction/no special feature,Paved,,Property Damage Only,0,0,0,0,0,0,19000,1,1,,POINT (-91.099075264907 40.781019849483)
2014822483,2014058173,10/12/2014,10-October,1-Sunday,19:00,1900 Hours,District 6 (East Central),EARLVILLE,DELAWARE,US 20,US 20,Collision with:  Animal,,,Animal,None Indicated,,,,,,,Paved,,Property Damage Only,0,0,0,0,0,0,3000,1,1,,POINT (-91.298573955493 42.471014359086)
2014820977,20140030217,10/12/2014,10-October,1-Sunday,00:38,0000 Hours,District 1 (Central),DES MOINES,POLK,,DAY ST & 9TH ST,Collision with fixed object:  Bridge overhead structure,Median,Non-collision (single vehicle),Swerving/Evasive Action,None Indicated,,Dark - roadway not lighted,Dry,Clear,None apparent,Intersection:  Four-way intersection,Paved,,Property Damage Only,0,0,0,0,0,0,5200,1,2,,POINT (-93.629343981466 41.596338790467)
2014821877,S14-10549,10/12/2014,10-October,1-Sunday,19:35,1900 Hours,District 3 (Northwest),,WOODBURY,,Co Rd K35/330TH ST & Co Rd K42/CHARLES AVE,Collision with fixed object:  Ditch,Roadside,Non-collision (single vehicle),Ran off road - right,None Indicated,,Dark - roadway not lighted,Dry,Cloudy,None apparent,Non-intersection:  Non-junction/no special feature,Paved,,Possible/Unknown,0,1,0,0,1,0,7000,1,1,,POINT (-96.25140682931 42.229071161989)
2014822425,14-010464,10/12/2014,10-October,1-Sunday,19:15,1900 Hours,District 3 (Northwest),,CARROLL,US 71,US 71,Collision with fixed object:  Ditch,Roadside,Non-collision (single vehicle),Ran off road - right,Refused,,Dark - roadway not lighted,Dry,Cloudy,None apparent,Non-intersection:  Non-junction/no special feature,Paved,,Property Damage Only,0,0,0,0,0,0,4750,1,1,,POINT (-94.901526638571 41.906261783413)
2014821518,14-36442,10/12/2014,10-October,1-Sunday,18:33,1800 Hours,District 5 (Southeast),WEST BURLINGTON,DES MOINES,,HWY 406,Collision with fixed object:  Utility pole/light support,On Roadway,Non-collision (single vehicle),Equipment failure,None Indicated,,Dark - unknown roadway lighting,Wet,Rain,None apparent,Non-intersection:  Non-junction/no special feature,Paved,,Property Damage Only,0,0,0,0,0,0,7000,1,1,,POINT (-91.207134790348 40.825636463501)
2014820983,20140030254,10/12/2014,10-October,1-Sunday,13:22,1300 Hours,District 1 (Central),DES MOINES,POLK,,E DOUGLAS AVE & E 42ND ST,Collision with:  Vehicle in traffic,On Roadway,"Sideswipe, same direction",Unknown,None Indicated,,Daylight,Dry,Rain,None apparent,Intersection:  Four-way intersection,Paved,,Property Damage Only,0,0,0,0,0,0,3000,2,3,,POINT (-93.532064349095 41.62958944736)
2014822997,2014058158,10/12/2014,10-October,1-Sunday,17:20,1700 Hours,District 1 (Central),,POLK,US 6,US 6/SPEC CASE,Collision with fixed object:  Traffic sign support,Gore,Non-collision (single vehicle),Swerving/Evasive Action,None Indicated,,Daylight,Dry,Cloudy,None apparent,"Interchange-related:  Off-ramp, diverge area",Paved,,Property Damage Only,0,0,0,0,0,0,2500,1,1,,POINT (-93.510962616027 41.646762820456)
2014828355,14100267,10/12/2014,10-October,1-Sunday,02:47,0200 Hours,District 5 (Southeast),,WAPELLO,US 34,US 34,Collision with:  Animal,,Non-collision (single vehicle),Animal,None Indicated,,,,,,,Paved,,Property Damage Only,0,0,0,0,0,0,2000,1,1,,POINT (-92.273703397147 41.002044275749)
2014821450,14014513,10/12/2014,10-October,1-Sunday,19:02,1900 Hours,District 5 (Southeast),CINCINNATI,APPANOOSE,IA 5,IA 5/PLEASANT ST,Collision with fixed object:  Curb/island/raised median,Shoulder,Non-collision (single vehicle),Crossed centerline (undivided),None Indicated,,Dark - roadway not lighted,Wet,Rain,None apparent,Non-intersection:  Non-junction/no special feature,Paved,,Property Damage Only,0,0,0,0,0,0,3500,1,1,,POINT (-92.907057979463 40.630972727916)
2014821044,14-33814,10/12/2014,10-October,1-Sunday,22:41,2200 Hours,District 3 (Northwest),SIOUX CITY,WOODBURY,,W 4TH ST & CENTER ST,Collision with fixed object:  Other fixed object (explain in narrative),Roadside,Non-collision (single vehicle),"Operating vehicle in an reckless, erratic, careless, negligent manner",Alcohol (Statutory),,Dark - roadway lighted,Dry,Cloudy,None apparent,Intersection:  T-intersection,Paved,,Fatal,1,0,0,0,0,0,21500,1,1,,POINT (-96.421008080564 42.500402950503)
2014821121,2014-71877,10/12/2014,10-October,1-Sunday,23:01,2300 Hours,District 6 (East Central),DAVENPORT,SCOTT,,GEORGE WASHINGTON BLVD,Collision with:  Parked motor vehicle,On Roadway,"Sideswipe, same direction",Lost Control,None Indicated,,Dark - roadway lighted,Wet,Rain,None apparent,Non-intersection:  Non-junction/no special feature,Paved,,Property Damage Only,0,0,0,0,0,0,1500,2,1,,POINT (-90.597363853437 41.551785298382)
2014821428,14-004809,10/12/2014,10-October,1-Sunday,13:05,1300 Hours,District 1 (Central),AMES,STORY,US 30,US 30,Collision with:  Vehicle in traffic,On Roadway,Rear-end (front to rear),Followed too close,None Indicated,,Daylight,Dry,Cloudy,None apparent,Non-intersection:  Non-junction/no special feature,Paved,,Possible/Unknown,0,1,0,0,1,0,6499,2,2,,POINT (-93.618351357543 42.00435798134)
2014821208,14-043536,10/12/2014,10-October,1-Sunday,21:05,2100 Hours,District 4 (Southwest),COUNCIL BLUFFS,POTTAWATTAMIE,I-80,I-80,Unknown,On Roadway,Non-collision (single vehicle),Unknown,None Indicated,,Dark - roadway lighted,Wet,Clear,None apparent,Non-intersection:  Non-junction/no special feature,Paved,,Property Damage Only,0,0,0,0,0,0,3000,1,1,,POINT (-95.903341253449 41.232295823398)
2014823593,2014058149,10/12/2014,10-October,1-Sunday,15:40,1500 Hours,District 6 (East Central),,BENTON,IA 150,IA 150/31 AVE,Collision with:  Vehicle in traffic,On Roadway,Rear-end (front to rear),Swerving/Evasive Action,None Indicated,,Daylight,Wet,Rain,None apparent,Non-intersection:  Driveway access (within),Paved,,Possible/Unknown,0,1,0,0,1,0,9000,2,5,,POINT (-91.890842889196 42.249229515253)
2014823017,2014011466,10/12/2014,10-October,1-Sunday,01:30,0100 Hours,District 6 (East Central),IOWA CITY,JOHNSON,,GALWAY DR,Collision with:  Parked motor vehicle,On Roadway,Rear-end (front to rear),Over correcting/over steering,None Indicated,,Dark - roadway not lighted,Dry,Cloudy,None apparent,Non-intersection:  Driveway access (within),Paved,,Property Damage Only,0,0,0,0,0,0,2400,2,1,,POINT (-91.593101253555 41.655356249678)
2014821801,ACC14-023,10/12/2014,10-October,1-Sunday,01:52,0100 Hours,District 2 (Northeast),CRESCO,HOWARD,,8TH ST E,Collision with:  Parked motor vehicle,On Roadway,Broadside (front to side),Lost Control,Alcohol (Statutory),,Dark - roadway lighted,Dry,Cloudy,None apparent,Non-intersection:  Non-junction/no special feature,Paved,,Minor Injury,0,1,0,1,0,0,5500,2,1,,POINT (-92.105212450784 43.374774708323)
2014823592,2014058112,10/12/2014,10-October,1-Sunday,05:09,0500 Hours,District 1 (Central),,POWESHIEK,I-80,I-80,Collision with:  Animal,,,Animal,None Indicated,,,,,,,Paved,,Property Damage Only,0,0,0,0,0,0,7000,1,1,,POINT (-92.409245889616 41.696162830037)
2014823506,14-031012-01,10/12/2014,10-October,1-Sunday,20:10,2000 Hours,District 6 (East Central),,IOWA,I-80,I-80,Collision with:  Vehicle in traffic,On Roadway,"Sideswipe, same direction",Unknown,None Indicated,,Dark - roadway not lighted,Wet,Rain,None apparent,Non-intersection:  Non-junction/no special feature,Paved,,Property Damage Only,0,0,0,0,0,0,1500,2,5,,POINT (-92.267557459966 41.696211808675)
2014821757,14-11166,10/12/2014,10-October,1-Sunday,21:20,2100 Hours,District 3 (Northwest),,SAC,US 71,US 71/YANKEE AVE,Collision with:  Animal,,,Animal,None Indicated,,,,,,,Paved,,Property Damage Only,0,0,0,0,0,0,2500,1,1,,POINT (-94.877864787544 42.230707236109)
2014821024,14-002349,10/12/2014,10-October,1-Sunday,11:48,1100 Hours,District 1 (Central),ALTOONA,POLK,,8TH ST SW & 36TH AVE SW,Collision with:  Vehicle in traffic,On Roadway,"Angle, oncoming left turn",FTYROW:  Making left turn,None Indicated,,Daylight,Dry,Cloudy,None apparent,Intersection:  Four-way intersection,Paved,,Property Damage Only,0,0,0,0,0,0,9000,2,4,,POINT (-93.506138664591 41.644136050635)
2014820960,14-6690,10/12/2014,10-October,1-Sunday,09:20,0900 Hours,District 1 (Central),,POLK,,NE BERWICK DR,Collision with:  Vehicle in traffic,On Roadway,"Sideswipe, same direction",FTYROW:  From driveway,None Indicated,,Daylight,Dry,Cloudy,None apparent,Non-intersection:  Driveway access (within),Paved,,Property Damage Only,0,0,0,0,0,0,2750,2,2,,POINT (-93.549205539793 41.695747409166)
2014828549,2014-006300,10/12/2014,10-October,1-Sunday,15:18,1500 Hours,District 6 (East Central),,BENTON,,Co Rd V66/21 AVE,Collision with fixed object:  Ditch,Shoulder,Non-collision (single vehicle),Swerving/Evasive Action,None Indicated,,Daylight,Dry,Cloudy,None apparent,Non-intersection:  Non-junction/no special feature,Paved,,Property Damage Only,0,0,0,0,0,0,8000,1,2,,POINT (-92.08701297075 41.883946427061)
2014821427,14-004805,10/12/2014,10-October,1-Sunday,10:28,1000 Hours,District 1 (Central),AMES,STORY,,LINCOLN WAY & STANTON AVE,Collision with:  Vehicle in traffic,On Roadway,Rear-end (front to rear),Followed too close,None Indicated,,Daylight,Dry,Cloudy,Work Zone (roadway-related),Intersection:  Four-way intersection,Paved,Yes,Property Damage Only,0,0,0,0,0,0,4000,2,5,,POINT (-93.648522067529 42.022799096091)
2014821150,2014-013207,10/12/2014,10-October,1-Sunday,10:22,1000 Hours,District 6 (East Central),RICKARDSVILLE,DUBUQUE,US 52,US 52,Collision with:  Other non-fixed object (explain in narrative),On Roadway,Non-collision (single vehicle),Other (explain in narrative):  No improper action,None Indicated,,Daylight,Dry,Cloudy,None apparent,Non-intersection:  Non-junction/no special feature,Paved,,Minor Injury,0,1,0,1,0,0,5000,1,2,,POINT (-90.887049890605 42.582827253278)
2014831388,90-14-000346,10/12/2014,10-October,1-Sunday,19:00,1900 Hours,District 2 (Northeast),,HUMBOLDT,IA 3,IA 3/220TH ST,Non-collision events:  Overturn/rollover,Shoulder,Non-collision (single vehicle),Ran off road - right,Alcohol (Statutory),,Dark - roadway not lighted,Dry,Cloudy,None apparent,Non-intersection:  Non-junction/no special feature,Paved,,Major Injury,0,1,1,0,0,0,1500,1,1,,POINT (-93.972716627016 42.731646621926)
2014821306,14019869,10/12/2014,10-October,1-Sunday,05:30,0500 Hours,District 2 (Northeast),,BREMER,US 218,US 218,Collision with:  Animal,,,Animal,None Indicated,,,,,,,Paved,,Property Damage Only,0,0,0,0,0,0,3500,1,1,,POINT (-92.534450577544 42.716811173108)
2014821542,14C04646,10/12/2014,10-October,1-Sunday,16:38,1600 Hours,District 4 (Southwest),CRESTON,UNION,,W HOWARD ST & N MAPLE ST,Collision with:  Vehicle in traffic,On Roadway,Broadside (front to side),FTYROW:  From stop sign,None Indicated,,Daylight,Dry,Cloudy,None apparent,Intersection:  Four-way intersection,Paved,,Property Damage Only,0,0,0,0,0,0,2184,2,2,,POINT (-94.362723813701 41.060962198735)
2014821828,201415283,10/12/2014,10-October,1-Sunday,13:06,1300 Hours,District 6 (East Central),CEDAR RAPIDS,LINN,,BOYSON RD NE & C AVE NE,Collision with:  Vehicle in traffic,On Roadway,"Angle, oncoming left turn",Crossed centerline (undivided),None Indicated,,Daylight,Wet,Cloudy,"Surface condition (e.g., wet, icy)",Intersection:  Four-way intersection,Paved,,Property Damage Only,0,0,0,0,0,0,3500,2,3,,POINT (-91.638630149204 42.046728777881)
2014821082,2014-71768,10/12/2014,10-October,1-Sunday,04:44,0400 Hours,District 6 (East Central),DAVENPORT,SCOTT,,W 4TH ST,Collision with fixed object:  Utility pole/light support,Outside trafficway,Non-collision (single vehicle),Unknown,Refused,,Dark - roadway lighted,Dry,Clear,None apparent,Non-intersection:  Non-junction/no special feature,Paved,,Property Damage Only,0,0,0,0,0,0,9000,1,1,,POINT (-90.588596428406 41.523483628132)
2014821212,C14101981,10/12/2014,10-October,1-Sunday,06:57,0600 Hours,District 2 (Northeast),CEDAR FALLS,BLACK HAWK,US 218,US 218,Collision with:  Animal,On Roadway,Non-collision (single vehicle),Animal,None Indicated,,Daylight,Dry,Clear,None apparent,Non-intersection:  Non-junction/no special feature,Paved,,Property Damage Only,0,0,0,0,0,0,4000,1,1,,POINT (-92.426821032824 42.565208829014)
2014820908,101214-043,10/12/2014,10-October,1-Sunday,06:04,0600 Hours,District 3 (Northwest),,BUENA VISTA,,120TH AVE & 545TH ST,Collision with fixed object:  Tree,Outside trafficway,Non-collision (single vehicle),Driving too fast for conditions,None Indicated,,Dark - roadway not lighted,"Mud, dirt",Clear,None apparent,Non-intersection:  Non-junction/no special feature,Unpaved,,Minor Injury,0,1,0,1,0,0,8000,1,1,,POINT (-95.170907925543 42.726977523596)
2014824111,14002284,10/12/2014,10-October,1-Sunday,02:39,0200 Hours,District 6 (East Central),IOWA CITY,JOHNSON,,NEWTON RD,Non-collision events:  Other non-collision (explain in narrative),On Roadway,Non-collision (single vehicle),Lost Control,Refused,,Dark - roadway lighted,Dry,Clear,Ruts/holes/bumps,Non-intersection:  Non-junction/no special feature,Paved,,Minor Injury,0,1,0,1,0,0,500,1,1,,POINT (-91.543537644247 41.662799926216)
2014822332,14-008929,10/12/2014,10-October,1-Sunday,00:42,0000 Hours,District 4 (Southwest),,CASS,I-80,I-80,Collision with:  Animal,,,Animal,None Indicated,,,,,,,Paved,,Property Damage Only,0,0,0,0,0,0,2000,1,1,,POINT (-94.908845120642 41.497206752722)
2014821184,2014-038673,10/12/2014,10-October,1-Sunday,16:37,1600 Hours,District 6 (East Central),DUBUQUE,DUBUQUE,,LORAS BLVD & CORNELL ST,Collision with:  Vehicle in traffic,On Roadway,"Angle, oncoming left turn",FTYROW:  Making left turn,None Indicated,,Daylight,Wet,Clear,None apparent,Intersection:  T-intersection,Paved,,Property Damage Only,0,0,0,0,0,0,2000,2,2,,POINT (-90.673351186425 42.504725773587)
2014850958,14-008248,10/12/2014,10-October,1-Sunday,17:54,1700 Hours,District 5 (Southeast),,LOUISA,,Co Rd W66/COUNTY RD W 66,Collision with fixed object:  Ditch,,,Ran off road - right,None Indicated,,,,,,,Paved,,Property Damage Only,0,0,0,0,0,0,4500,1,1,,POINT (-91.465496589459 41.279703264346)
2014821367,1400000889,10/12/2014,10-October,1-Sunday,19:31,1900 Hours,District 1 (Central),,MARSHALL,US 30,US 30/240TH ST,Collision with:  Animal,,,Animal,None Indicated,,,,,,,Paved,,Property Damage Only,0,0,0,0,0,0,10000,1,1,,POINT (-92.952640400105 42.003410740426)
2014821501,14-014138,10/12/2014,10-October,1-Sunday,15:20,1500 Hours,District 2 (Northeast),WEST UNION,FAYETTE,,ECHO VALLEY RD,Collision with fixed object:  Ditch,Shoulder,Non-collision (single vehicle),Other (explain in narrative):  No improper action,None Indicated,,Daylight,Wet,Rain,"Shoulders (none, low, soft, high)",Non-intersection:  Non-junction/no special feature,Unpaved,,Property Damage Only,0,0,0,0,0,0,9000,1,1,,POINT (-91.757589160879 42.935077126472)
2014821210,SO14002417,10/12/2014,10-October,1-Sunday,03:25,0300 Hours,District 3 (Northwest),,PLYMOUTH,,Co Rd C43/270TH ST/FIR AVE,Non-collision events:  Overturn/rollover,On Roadway,Non-collision (single vehicle),Ran off road - left,None Indicated,,Dark - roadway not lighted,Dry,Clear,None apparent,Intersection:  Y-intersection,Paved,,Property Damage Only,0,0,0,0,0,0,5100,1,1,,POINT (-96.409653715857 42.666107271771)
2014821214,14-3241,10/12/2014,10-October,1-Sunday,12:05,1200 Hours,District 1 (Central),FORT DODGE,WEBSTER,,S 13TH ST,Collision with:  Vehicle in traffic,On Roadway,"Sideswipe, same direction",FTYROW:  From parked position,None Indicated,,Daylight,Dry,Cloudy,None apparent,Non-intersection:  Non-junction/no special feature,Paved,,Property Damage Only,0,0,0,0,0,0,3500,2,6,,POINT (-94.181012498226 42.501190545916)
2014821211,2014011464,10/12/2014,10-October,1-Sunday,10:45,1000 Hours,District 6 (East Central),IOWA CITY,JOHNSON,,E COURT ST & S LINN ST,Collision with:  Vehicle in traffic,On Roadway,Broadside (front to side),FTYROW:  From stop sign,None Indicated,,Daylight,Wet,Rain,None apparent,Intersection:  Four-way intersection,Paved,,Property Damage Only,0,0,0,0,0,0,4000,2,2,,POINT (-91.531691146517 41.656614579761)
2014821785,2014058127,10/12/2014,10-October,1-Sunday,09:50,0900 Hours,District 1 (Central),,POLK,I-35,I-35,Collision with fixed object:  Tree,Roadside,Non-collision (single vehicle),Swerving/Evasive Action,None Indicated,,Daylight,Dry,Cloudy,None apparent,Non-intersection:  Non-junction/no special feature,Paved,,Property Damage Only,0,0,0,0,0,0,6000,1,1,,POINT (-93.676677564762 41.651175892366)
2014820903,W14-102065,10/12/2014,10-October,1-Sunday,14:46,1400 Hours,District 2 (Northeast),WATERLOO,BLACK HAWK,US 63,US 63/W MULLAN AVE,Collision with fixed object:  Curb/island/raised median,On Roadway,Non-collision (single vehicle),Lost Control,None Indicated,,Daylight,Wet,Rain,"Surface condition (e.g., wet, icy)",Non-intersection:  Non-junction/no special feature,Paved,,Possible/Unknown,0,1,0,0,1,0,12000,1,1,,POINT (-92.346301799008 42.497612658972)
2014821138,14-013494,10/12/2014,10-October,1-Sunday,18:39,1800 Hours,District 4 (Southwest),GLENWOOD,MILLS,,E SHARP ST & REDBUD AVE,Collision with:  Animal,,,Animal,None Indicated,,,,,,,Paved,,Property Damage Only,0,0,0,0,0,0,1500,1,1,,POINT (-95.729457825807 41.048881143775)
2014821245,14-5112,10/12/2014,10-October,1-Sunday,18:50,1800 Hours,District 1 (Central),WEST DES MOINES,POLK,,19TH ST,Collision with:  Vehicle in traffic,On Roadway,"Angle, oncoming left turn",Other (explain in narrative):  Other,None Indicated,,Dark - unknown roadway lighting,Wet,Rain,None apparent,Non-intersection:  Driveway access (within),Paved,,Property Damage Only,0,0,0,0,0,0,13431,2,2,,POINT (-93.732302062466 41.578813505454)
2014821723,2014010729,10/12/2014,10-October,1-Sunday,10:00,1000 Hours,District 1 (Central),MARSHALLTOWN,MARSHALL,,W STATE ST & N 5TH ST,Collision with:  Vehicle in traffic,On Roadway,Broadside (front to side),Ran Stop Sign,None Indicated,,Daylight,Dry,Cloudy,None apparent,Intersection:  Four-way intersection,Paved,,Possible/Unknown,0,1,0,0,1,0,4000,2,2,,POINT (-92.920956834834 42.050389862836)
2014821084,2014-71857,10/12/2014,10-October,1-Sunday,19:22,1900 Hours,District 6 (East Central),DAVENPORT,SCOTT,,E 53RD ST & LORTON AVE,Collision with:  Vehicle in traffic,On Roadway,"Angle, oncoming left turn",FTYROW:  Making left turn,None Indicated,,Dark - roadway lighted,Wet,Rain,"Surface condition (e.g., wet, icy)",Intersection:  Other intersection (explain in narrative),Paved,,Property Damage Only,0,0,0,0,0,0,3000,2,3,,POINT (-90.536072232007 41.574831716745)
2014821562,14-0375,10/12/2014,10-October,1-Sunday,08:00,0800 Hours,District 5 (Southeast),DECATUR CITY,DECATUR,IA 2,IA 2/IOWA 2,Collision with:  Animal,,,Animal,None Indicated,,,,,,,Paved,,Property Damage Only,0,0,0,0,0,0,3000,1,1,,POINT (-93.875291847961 40.733066459205)
2014909186,095-14,10/12/2014,10-October,1-Sunday,01:10,0100 Hours,District 4 (Southwest),,MADISON,,Co Rd P53/PITZER RD,Collision with:  Animal,,,Animal,None Indicated,,,,,,,Paved,,Property Damage Only,0,0,0,0,0,0,2000,1,777,,POINT (-94.18456798781 41.376388272568)
2014820948,14-025290,10/12/2014,10-October,1-Sunday,19:19,1900 Hours,District 5 (Southeast),,MARION,IA 5,IA 5/IOWA 5,Collision with:  Animal,,,Animal,None Indicated,,,,,,,Paved,,Property Damage Only,0,0,0,0,0,0,7500,1,1,,POINT (-93.313704300942 41.429554947007)
2014820966,14-004412,10/12/2014,10-October,1-Sunday,01:00,0100 Hours,District 1 (Central),ANKENY,POLK,I-35,I-35,Collision with:  Animal,,,Animal,None Indicated,,,,,,,Paved,,Property Damage Only,0,0,0,0,0,0,1500,1,1,,POINT (-93.576399144443 41.712997899573)
2014821183,2014-038672,10/12/2014,10-October,1-Sunday,16:16,1600 Hours,District 6 (East Central),DUBUQUE,DUBUQUE,US 20,US 20/RAMP & GRANDVIEW AVE N,Collision with:  Vehicle in traffic,On Roadway,"Angle, oncoming left turn",Ran Traffic Signal,None Indicated,,Daylight,Wet,Rain,None apparent,Intersection:  Four-way intersection,Paved,,Possible/Unknown,0,1,0,0,1,0,2000,2,3,,POINT (-90.68650300577 42.491979601273)
2014821591,W14-102363,10/13/2014,10-October,2-Monday,16:35,1600 Hours,District 2 (Northeast),WATERLOO,BLACK HAWK,,PARK RD & FAIRVIEW AVE,Collision with:  Vehicle in traffic,On Roadway,Broadside (front to side),Ran Stop Sign,None Indicated,,Daylight,Wet,Rain,None apparent,Intersection:  Four-way intersection,Paved,,Property Damage Only,0,0,0,0,0,0,2500,2,6,,POINT (-92.347562037098 42.508669983981)
2014821689,2014-71931,10/13/2014,10-October,2-Monday,07:24,0700 Hours,District 6 (East Central),DAVENPORT,SCOTT,,W 36TH ST,Collision with:  Parked motor vehicle,On Roadway,Rear-end (front to rear),Ran off road - right,None Indicated,,Daylight,Dry,Cloudy,None apparent,Non-intersection:  Non-junction/no special feature,Paved,,Property Damage Only,0,0,0,0,0,0,15000,2,1,,POINT (-90.598247801381 41.556406048682)
2014822501,2014058281,10/13/2014,10-October,2-Monday,14:35,1400 Hours,District 6 (East Central),DAVENPORT,SCOTT,I-80,I-80 & IA 130/NEW LIBERTY RD,Collision with:  Vehicle in traffic,On Roadway,"Sideswipe, same direction",FTYROW:  Making left turn,None Indicated,,Daylight,Wet,Rain,None apparent,Intersection:  Four-way intersection,Paved,,Property Damage Only,0,0,0,0,0,0,6000,2,3,,POINT (-90.617830845392 41.598747398221)
2014822345,S79140332,10/13/2014,10-October,2-Monday,13:00,1300 Hours,District 1 (Central),,POWESHIEK,IA 146,IA 146/IOWA 146 & 340TH AVE,Collision with:  Vehicle in traffic,On Roadway,Rear-end (front to rear),Other (explain in narrative):  Other,None Indicated,,Daylight,Wet,Rain,None apparent,Non-intersection:  Non-junction/no special feature,Paved,,Property Damage Only,0,0,0,0,0,0,6500,2,2,,POINT (-92.727409691347 41.80523531695)
2014821819,W14-102350,10/13/2014,10-October,2-Monday,15:57,1500 Hours,District 2 (Northeast),WATERLOO,BLACK HAWK,,MARTIN RD & ANSBOROUGH AVE,Collision with:  Vehicle in traffic,On Roadway,Rear-end (front to rear),Driving too fast for conditions,None Indicated,,Daylight,Wet,Rain,None apparent,Intersection:  Four-way intersection,Paved,,Possible/Unknown,0,2,0,0,2,0,5600,4,5,,POINT (-92.376715409965 42.476681387111)