Iowa DOT Case Number,Law Enforcement Case Number,Date of Crash,Month of Crash,Day of Week,Time of Crash,Hour,DOT District,City Name,County Name,Route with System,Location Description,First Harmful Event,Location of First Harmful Event,Manner of Crash/Collision,Major Cause,Drug or Alcohol ,Environmental Conditions,Light Conditions,Surface Conditions,Weather Conditions,Roadway Contribution,Roadway Type,Roadway Surface,Work Zone,Crash Severity,Number of Fatalities,Number of Injuries,Number of Major Injuries,Number of Minor Injuries,Number of Possible Injuries,Number of Unknown Injuries,Amount of Property Damage,Number of Vehicles Involved,Total Number of Occupants,Travel Direction,Location
2014822174,14-015295,10/14/2014,10-October,3-Tuesday,07:26,0700 Hours,District 6 (East Central),,CEDAR,I-80,I-80,Collision with:  Vehicle in traffic,On Roadway,"Sideswipe, same direction",Crossed centerline (undivided),None Indicated,,Dawn,Wet,Rain,"Surface condition (e.g., wet, icy)",Non-intersection:  Non-junction/no special feature,Paved,,Minor Injury,0,1,0,1,0,0,6000,2,2,,POINT (-91.133228401639 41.645482361102)
2014821472,14-20050,10/14/2014,10-October,3-Tuesday,11:19,1100 Hours,District 6 (East Central),BETTENDORF,SCOTT,,MAPLECREST RD & 29TH ST,Collision with:  Vehicle in traffic,On Roadway,Broadside (front to side),Ran Stop Sign,None Indicated,,Daylight,Wet,Rain,None apparent,Intersection:  Four-way intersection,Paved,,Minor Injury,0,2,0,1,1,0,5000,2,2,,POINT (-90.490141295307 41.554870391478)
2014822071,14-102617,10/14/2014,10-October,3-Tuesday,15:09,1500 Hours,District 2 (Northeast),EVANSDALE,BLACK HAWK,,EVANSDALE DR,Collision with:  Vehicle in traffic,On Roadway,Rear-end (front to rear),Other (explain in narrative):  Other,None Indicated,,Daylight,Wet,Rain,None apparent,Non-intersection:  Non-junction/no special feature,Paved,,Property Damage Only,0,0,0,0,0,0,2500,2,2,,POINT (-92.250118769233 42.460261817934)
2014823001,2014058366,10/14/2014,10-October,3-Tuesday,07:45,0700 Hours,District 1 (Central),ANKENY,POLK,I-35,I-35,Collision with:  Vehicle in traffic,On Roadway,Rear-end (front to rear),Followed too close,None Indicated,,Daylight,Dry,Cloudy,None apparent,Non-intersection:  Non-junction/no special feature,Paved,,Property Damage Only,0,0,0,0,0,0,2000,2,3,,POINT (-93.576545747364 41.719986642566)
2014821623,14-6751,10/14/2014,10-October,3-Tuesday,15:52,1500 Hours,District 1 (Central),,POLK,,NE 29TH ST & NE 142TH AVE,Collision with:  Vehicle in traffic,On Roadway,Broadside (front to side),Ran Stop Sign,None Indicated,,Daylight,Dry,Clear,None apparent,Intersection:  Four-way intersection,Paved,,Possible/Unknown,0,2,0,0,2,0,5000,2,2,,POINT (-93.560635944935 41.820331067176)
2014821797,14-36673,10/14/2014,10-October,3-Tuesday,12:19,1200 Hours,District 5 (Southeast),BURLINGTON,DES MOINES,,SPRING ST & 8TH ST,Collision with:  Vehicle in traffic,On Roadway,Broadside (front to side),Ran Stop Sign,None Indicated,,Daylight,Wet,Rain,None apparent,Intersection:  Four-way intersection,Paved,,Property Damage Only,0,0,0,0,0,0,3000,2,4,,POINT (-91.106468979782 40.816911525459)
2014821670,14-34012,10/14/2014,10-October,3-Tuesday,17:26,1700 Hours,District 3 (Northwest),SIOUX CITY,WOODBURY,I-29,I-29,Collision with:  Vehicle in traffic,On Roadway,Rear-end (front to rear),FTYROW:  Other (explain in narrative),None Indicated,,Daylight,Dry,Clear,None apparent,Interchange-related:  On-ramp merge area,Paved,,Property Damage Only,0,0,0,0,0,0,9000,3,7,,POINT (-96.398758247472 42.488180300913)
2014821809,,10/14/2014,10-October,3-Tuesday,22:28,2200 Hours,District 5 (Southeast),,LUCAS,,Co Rd H50/435TH ST,Collision with:  Animal,Roadside,Non-collision (single vehicle),Animal,None Indicated,,Dark - roadway not lighted,Wet,Cloudy,None apparent,Non-intersection:  Non-junction/no special feature,Paved,,Property Damage Only,0,0,0,0,0,0,2000,1,2,,POINT (-93.352383533769 40.948672297328)
2014821474,CL14003640,10/14/2014,10-October,3-Tuesday,13:24,1300 Hours,District 6 (East Central),CLINTON,CLINTON,,16TH ST NW & MILL CREEK PKWY,Collision with:  Vehicle in traffic,On Roadway,Broadside (front to side),FTYROW:  From stop sign,None Indicated,,Daylight,Wet,Rain,None apparent,Intersection:  Four-way intersection,Paved,,Minor Injury,0,1,0,1,0,0,6000,2,2,,POINT (-90.223511507379 41.86376375587)
2014821588,W14-102634,10/14/2014,10-October,3-Tuesday,15:30,1500 Hours,District 2 (Northeast),WATERLOO,BLACK HAWK,US 63,US 63/SE RAMP CURV & US 218,Collision with:  Vehicle in traffic,On Roadway,Broadside (front to side),Ran Traffic Signal,None Indicated,,Daylight,Wet,Rain,None apparent,Intersection:  Four-way intersection,Paved,,Property Damage Only,0,0,0,0,0,0,9000,2,2,,POINT (-92.34688715306 42.496328162429)
2014824413,2014-72281,10/14/2014,10-October,3-Tuesday,23:39,2300 Hours,District 6 (East Central),DAVENPORT,SCOTT,US 6,US 6/E KIMBERLY RD & JERSEY RIDGE RD,Collision with:  Vehicle in traffic,On Roadway,Rear-end (front to rear),Lost Control,Refused,,Dark - roadway lighted,Wet,Clear,None apparent,Intersection:  Four-way intersection,Paved,,Property Damage Only,0,0,0,0,0,0,2500,2,2,,POINT (-90.541695492682 41.556858405524)
2014821915,2014-22409,10/14/2014,10-October,3-Tuesday,19:11,1900 Hours,District 5 (Southeast),,WARREN,,Co Rd G24/SUMMERSET RD & 143RD AVE,Collision with:  Animal,On Roadway,Non-collision (single vehicle),Animal,None Indicated,,Dark - roadway not lighted,Dry,Cloudy,None apparent,Non-intersection:  Non-junction/no special feature,Paved,,Property Damage Only,0,0,0,0,0,0,2000,1,1,,POINT (-93.534973425576 41.429261271107)
2014831347,141014BVZ01,10/14/2014,10-October,3-Tuesday,17:00,1700 Hours,District 3 (Northwest),ORANGE CITY,SIOUX,,4TH ST SW,Collision with:  Vehicle in traffic,On Roadway,Rear-end (front to rear),Lost Control,None Indicated,,Daylight,Dry,Cloudy,Non-highway work,Non-intersection:  Driveway access (within),Paved,,Property Damage Only,0,0,0,0,0,0,1500,2,2,,POINT (-96.062343478184 43.002724068388)
2014821745,CL14003642,10/14/2014,10-October,3-Tuesday,14:23,1400 Hours,District 6 (East Central),CLINTON,CLINTON,,7TH AVE S & S 7TH ST,Collision with:  Vehicle in traffic,On Roadway,Broadside (front to side),Ran Stop Sign,None Indicated,,Daylight,Wet,Rain,None apparent,Intersection:  Four-way intersection,Paved,,Possible/Unknown,0,1,0,0,1,0,6500,2,3,,POINT (-90.201861989489 41.838913518906)
2014824120,K14-031896,10/14/2014,10-October,3-Tuesday,07:42,0700 Hours,District 5 (Southeast),KEOKUK,LEE,,13TH ST N & CONCERT ST,Collision with:  Vehicle in traffic,On Roadway,Broadside (front to side),FTYROW:  From stop sign,None Indicated,,Daylight,Wet,Rain,None apparent,Intersection:  Four-way intersection,Paved,,Minor Injury,0,3,0,1,2,0,3000,2,5,,POINT (-91.387760790267 40.403363697087)
2014821615,1400000896,10/14/2014,10-October,3-Tuesday,08:58,0800 Hours,District 1 (Central),,MARSHALL,IA 330,IA 330/MARSH AVE,Non-collision events:  Overturn/rollover,Outside trafficway,Non-collision (single vehicle),Ran off road - right,None Indicated,,Daylight,Wet,Rain,"Surface condition (e.g., wet, icy)",Non-intersection:  Non-junction/no special feature,Paved,,Property Damage Only,0,0,0,0,0,0,4200,1,1,,POINT (-93.000447290386 42.075059052435)
2014822287,20140030518,10/14/2014,10-October,3-Tuesday,19:38,1900 Hours,District 5 (Southeast),DES MOINES,WARREN,,FLEUR DR,Collision with:  Vehicle in traffic,On Roadway,Head-on (front to front),Crossed centerline (undivided),Alcohol (Statutory),,Dark - roadway not lighted,Dry,Cloudy,None apparent,Non-intersection:  Other non-intersection (explain in narrative),Unpaved,,Major Injury,0,3,1,1,1,0,13000,2,3,,POINT (-93.645039681765 41.501134626922)
2014822021,14-004831,10/14/2014,10-October,3-Tuesday,07:35,0700 Hours,District 1 (Central),AMES,STORY,,BLOOMINGTON RD & STANGE RD,Collision with:  Vehicle in traffic,On Roadway,Rear-end (front to rear),Followed too close,None Indicated,,Daylight,Wet,Rain,None apparent,Intersection:  Four-way intersection,Paved,,Property Damage Only,0,0,0,0,0,0,1600,2,5,,POINT (-93.644959125634 42.056287495054)
2014821341,14-008642,10/14/2014,10-October,3-Tuesday,07:07,0700 Hours,District 2 (Northeast),,CLAYTON,IA 76,IA 76/IOWA 76,Non-collision events:  Other non-collision (explain in narrative),On Roadway,Non-collision (single vehicle),Swerving/Evasive Action,None Indicated,,Daylight,Wet,Rain,Debris,Non-intersection:  Non-junction/no special feature,Paved,,Property Damage Only,0,0,0,0,0,0,1500,1,1,,POINT (-91.178330778987 43.052300384495)
2014821690,2014-72140,10/14/2014,10-October,3-Tuesday,09:25,0900 Hours,District 6 (East Central),DAVENPORT,SCOTT,IA 130,IA 130/NEW LIBERTY RD & W 76TH ST & NORTHWEST BLVD,Collision with:  Vehicle in traffic,On Roadway,Broadside (front to side),Made improper turn,None Indicated,,Daylight,Wet,Rain,None apparent,Intersection:  Four-way intersection,Paved,,Property Damage Only,0,0,0,0,0,0,10000,2,2,,POINT (-90.615017967676 41.596284348034)
2014821473,14-20052,10/14/2014,10-October,3-Tuesday,11:35,1100 Hours,District 6 (East Central),BETTENDORF,SCOTT,,MIDDLE RD,Collision with:  Vehicle in traffic,On Roadway,"Angle, oncoming left turn",FTYROW:  Making left turn,None Indicated,,Daylight,Wet,Rain,None apparent,Intersection:  Four-way intersection,Paved,,Property Damage Only,0,0,0,0,0,0,4000,2,2,,POINT (-90.484700362361 41.551094865838)
2014821646,14-2292,10/14/2014,10-October,3-Tuesday,13:13,1300 Hours,District 1 (Central),URBANDALE,POLK,,FRONTAGE RD & 104TH ST,Collision with:  Vehicle in traffic,On Roadway,Rear-end (front to rear),Other (explain in narrative):  Other,None Indicated,,Daylight,Dry,Cloudy,None apparent,Intersection:  T-intersection,Paved,,Property Damage Only,0,0,0,0,0,0,2500,2,2,,POINT (-93.76069727347 41.628970357658)
2014821603,14007204,10/14/2014,10-October,3-Tuesday,18:01,1800 Hours,District 1 (Central),RANDALL,HAMILTON,,Co Rd D65/380TH ST,Collision with:  Animal,,,Animal,None Indicated,,,,,,,Paved,,Property Damage Only,0,0,0,0,0,0,2500,1,1,,POINT (-93.589470312256 42.2383618205)
2014850960,14-008304,10/14/2014,10-October,3-Tuesday,23:42,2300 Hours,District 5 (Southeast),,LOUISA,,Co Rd X37/COUNTY RD X 37 & 65TH ST,Collision with:  Animal,,,Animal,None Indicated,,,,,,,Paved,,Property Damage Only,0,0,0,0,0,0,2500,1,1,,POINT (-91.284127886112 41.154453025308)
2014821387,20140030423,10/14/2014,10-October,3-Tuesday,00:01,0000 Hours,District 1 (Central),DES MOINES,POLK,US 69,US 69/E 14TH ST & IA 163/E UNIVERSITY AVE,Collision with:  Vehicle in traffic,On Roadway,Broadside (front to side),"Operating vehicle in an reckless, erratic, careless, negligent manner",None Indicated,,Dark - roadway lighted,Wet,Rain,None apparent,Intersection:  Four-way intersection,Paved,,Minor Injury,0,2,0,2,0,0,24000,3,6,,POINT (-93.600465721494 41.600609555639)
2014822503,2014058461,10/14/2014,10-October,3-Tuesday,13:46,1300 Hours,District 6 (East Central),,CEDAR,I-80,I-80,Collision with fixed object:  Guardrail - face,Median,Non-collision (single vehicle),Ran off road - right,None Indicated,,Daylight,Wet,Rain,None apparent,Non-intersection:  Non-junction/no special feature,Paved,,Property Damage Only,0,0,0,0,0,0,9500,1,4,,POINT (-91.36320954681 41.665443690024)
2014822832,4514-042,10/14/2014,10-October,3-Tuesday,20:30,2000 Hours,District 2 (Northeast),,HOWARD,,VERNON RD & 110TH ST,Collision with fixed object:  Ditch,Outside trafficway,Non-collision (single vehicle),Exceeded authorized speed,None Indicated,,Dark - unknown roadway lighting,"Mud, dirt",Cloudy,None apparent,Non-intersection:  Driveway access (within),Paved,,Possible/Unknown,0,2,0,0,2,0,600,1,3,,POINT (-92.133525428412 43.356839757443)
2014822680,20143762,10/14/2014,10-October,3-Tuesday,19:55,1900 Hours,District 1 (Central),,GRUNDY,US 20,US 20,Collision with:  Animal,,,Animal,None Indicated,,,,,,,Paved,,Property Damage Only,0,0,0,0,0,0,6000,1,1,,POINT (-92.676343648065 42.46365378399)
2014821936,14-8124PD,10/14/2014,10-October,3-Tuesday,17:30,1700 Hours,District 1 (Central),BOONE,BOONE,,MAMIE EISENHOWER AVE & S LINN ST,Collision with:  Vehicle in traffic,On Roadway,Rear-end (front to rear),Followed too close,None Indicated,,Daylight,Dry,Cloudy,None apparent,Non-intersection:  Non-junction/no special feature,Paved,,Possible/Unknown,0,1,0,0,1,0,4000,2,3,,POINT (-93.873283851218 42.059649739645)
2014821818,W14-102627,10/14/2014,10-October,3-Tuesday,15:08,1500 Hours,District 2 (Northeast),WATERLOO,BLACK HAWK,,E RIDGEWAY AVE & WISCONSIN ST,Collision with:  Vehicle in traffic,On Roadway,Broadside (front to side),FTYROW:  Making left turn,None Indicated,,Daylight,Wet,Rain,None apparent,Intersection:  T-intersection,Paved,,Possible/Unknown,0,1,0,0,1,0,2500,2,2,,POINT (-92.325113682594 42.469337557706)
2014821837,201415391,10/14/2014,10-October,3-Tuesday,15:17,1500 Hours,District 6 (East Central),CEDAR RAPIDS,LINN,IA 922,IA 922/1ST AVE W & 11TH ST SW & 11TH ST NW,Collision with:  Vehicle in traffic,On Roadway,Rear-end (front to rear),Lost Control,None Indicated,,Daylight,Wet,Rain,Other (explain in narrative),Non-intersection:  Non-junction/no special feature,Paved,,Possible/Unknown,0,1,0,0,1,0,6000,2,4,,POINT (-91.685575679387 41.972135697551)
2014821710,14-3273,10/14/2014,10-October,3-Tuesday,11:28,1100 Hours,District 1 (Central),FORT DODGE,WEBSTER,,HAWKEYE AVE E,Collision with:  Vehicle in traffic,On Roadway,Rear-end (front to rear),Unknown,None Indicated,,Daylight,Dry,Clear,None apparent,Non-intersection:  Non-junction/no special feature,Paved,,Possible/Unknown,0,1,0,0,1,0,1100,2,2,,POINT (-94.202708376058 42.511771722497)
2014927534,,10/14/2014,10-October,3-Tuesday,11:36,1100 Hours,District 3 (Northwest),SERGEANT BLUFF,WOODBURY,I-29,I-29,Collision with:  Vehicle in traffic,On Roadway,Rear-end (front to rear),Swerving/Evasive Action,None Indicated,,Daylight,Dry,Clear,None apparent,Interchange-related:  On-ramp merge area,Paved,Yes,Property Damage Only,0,0,0,0,0,0,1700,2,5,,POINT (-96.366729554567 42.402772962749)
2014821514,2014011534,10/14/2014,10-October,3-Tuesday,13:12,1300 Hours,District 6 (East Central),IOWA CITY,JOHNSON,,GRAND AVE,Collision with:  Vehicle in traffic,On Roadway,Rear-end (front to rear),Followed too close,None Indicated,,Daylight,Wet,Rain,None apparent,Intersection:  Four-way intersection,Paved,,Property Damage Only,0,0,0,0,0,0,1500,2,3,,POINT (-91.542524911646 41.658175574774)
2014823235,2014-72190,10/14/2014,10-October,3-Tuesday,15:20,1500 Hours,District 6 (East Central),DAVENPORT,SCOTT,US 67,US 67/E RIVER DR & PERSHING AVE,Collision with:  Vehicle in traffic,On Roadway,"Angle, oncoming left turn",FTYROW:  From stop sign,None Indicated,,Daylight,Wet,Cloudy,"Surface condition (e.g., wet, icy)",Intersection:  T-intersection,Paved,,Minor Injury,0,2,0,1,1,0,11000,2,2,,POINT (-90.571134197995 41.52030593527)
2014821695,2014-72203,10/14/2014,10-October,3-Tuesday,16:25,1600 Hours,District 6 (East Central),DAVENPORT,SCOTT,I-74,I-74 & US 6/SPRUCE HILLS DR,Collision with:  Vehicle in traffic,On Roadway,Rear-end (front to rear),Followed too close,None Indicated,,Daylight,Wet,Cloudy,None apparent,Non-intersection:  Other non-intersection (explain in narrative),Paved,,Possible/Unknown,0,1,0,0,1,0,20000,3,3,,POINT (-90.521988217551 41.554841021712)
2014821505,14-043735,10/14/2014,10-October,3-Tuesday,12:24,1200 Hours,District 4 (Southwest),COUNCIL BLUFFS,POTTAWATTAMIE,I-29,I-29 & NEBRASKA AVE,Collision with:  Vehicle in traffic,On Roadway,Rear-end (front to rear),Followed too close,None Indicated,,Daylight,Dry,Cloudy,None apparent,Non-intersection:  Non-junction/no special feature,Paved,,Possible/Unknown,0,2,0,0,1,1,200,2,4,,POINT (-95.902892525134 41.243177790719)
2014822896,14007396,10/14/2014,10-October,3-Tuesday,08:20,0800 Hours,District 3 (Northwest),,MONONA,,Co Rd L27/115TH ST,Collision with fixed object:  Ditch,Roadside,Non-collision (single vehicle),Swerving/Evasive Action,None Indicated,,Daylight,Dry,Cloudy,None apparent,Non-intersection:  Non-junction/no special feature,Unpaved,,Possible/Unknown,0,1,0,0,1,0,1500,1,1,,POINT (-95.80593667225 42.190180978658)
2014821961,,10/14/2014,10-October,3-Tuesday,08:05,0800 Hours,District 5 (Southeast),MOUNT PLEASANT,HENRY,,S GRAND AVE,Collision with:  Vehicle in traffic,On Roadway,Broadside (front to side),Made improper turn,None Indicated,,Dawn,Wet,Rain,None apparent,Non-intersection:  Non-junction/no special feature,Paved,,Property Damage Only,0,0,0,0,0,0,6250,2,2,,POINT (-91.539552302805 40.95084241109)
2014821794,14-043774,10/14/2014,10-October,3-Tuesday,17:24,1700 Hours,District 4 (Southwest),COUNCIL BLUFFS,POTTAWATTAMIE,I-29,I-29,Collision with:  Vehicle in traffic,On Roadway,"Sideswipe, same direction",Improper or erratic lane changing,None Indicated,,Daylight,Dry,Clear,Work Zone (roadway-related),Interchange-related:  On-ramp merge area,Paved,Yes,Property Damage Only,0,0,0,0,0,0,10000,4,4,,POINT (-95.894464200402 41.233086893262)
2014851137,14-008285,10/14/2014,10-October,3-Tuesday,06:08,0600 Hours,District 5 (Southeast),,LOUISA,,Co Rd G62/COUNTY RD G62,Collision with:  Animal,On Roadway,Non-collision (single vehicle),Animal,None Indicated,,Unknown,Unknown,Cloudy,Unknown,Unknown,Paved,,Property Damage Only,0,0,0,0,0,0,2200,1,1,,POINT (-91.212744349312 41.182434079243)
2014821694,2014-72201,10/14/2014,10-October,3-Tuesday,15:45,1500 Hours,District 6 (East Central),DAVENPORT,SCOTT,I-74,I-74 & E 53RD ST,Collision with:  Vehicle in traffic,On Roadway,Rear-end (front to rear),Driving too fast for conditions,None Indicated,,Daylight,Wet,Rain,None apparent,"Interchange-related:  Off-ramp, diverge area",Paved,,Property Damage Only,0,0,0,0,0,0,6000,2,2,,POINT (-90.520251225371 41.574860648392)
2014821647,14-002357,10/14/2014,10-October,3-Tuesday,12:15,1200 Hours,District 1 (Central),ALTOONA,POLK,I-80,I-80 & US 6/FREDERICK M HUBBELL AVE,Collision with:  Vehicle in traffic,On Roadway,"Sideswipe, same direction",Unknown,None Indicated,,Daylight,Dry,Cloudy,None apparent,Interchange-related:  Off-ramp,Paved,,Property Damage Only,0,0,0,0,0,0,15000,2,2,,POINT (-93.495987622919 41.660798536943)
2014821697,2014-72228,10/14/2014,10-October,3-Tuesday,16:31,1600 Hours,District 6 (East Central),DAVENPORT,SCOTT,US 6,US 6/SPRUCE HILLS DR & ELMORE AVE,Collision with:  Vehicle in traffic,On Roadway,Rear-end (front to rear),Followed too close,None Indicated,,Daylight,Wet,Cloudy,None apparent,Intersection:  Four-way intersection,Paved,,Property Damage Only,0,0,0,0,0,0,5500,2,2,,POINT (-90.527307818173 41.554946599302)
2014821491,2014011529,10/14/2014,10-October,3-Tuesday,09:18,0900 Hours,District 6 (East Central),IOWA CITY,JOHNSON,,E PRENTISS ST,Collision with:  Vehicle in traffic,On Roadway,Rear-end (front to rear),Followed too close,None Indicated,,Daylight,Wet,Rain,None apparent,Non-intersection:  Alley,Paved,,Possible/Unknown,0,1,0,0,1,0,1600,2,2,,POINT (-91.533855135081 41.65439950069)
2014826628,14-024231,10/14/2014,10-October,3-Tuesday,18:51,1800 Hours,District 5 (Southeast),,MAHASKA,US 63,US 63/NE RAMP CURV/SPECIAL CASE,Collision with:  Vehicle in traffic,On Roadway,"Sideswipe, same direction",FTYROW:  Other (explain in narrative),None Indicated,,Dark - roadway lighted,Dry,Cloudy,None apparent,"Interchange-related:  Off-ramp, diverge area",Paved,,Possible/Unknown,0,3,0,0,3,0,10000,2,3,,POINT (-92.641898726087 41.262693290447)
2014823186,14-008908,10/14/2014,10-October,3-Tuesday,18:39,1800 Hours,District 6 (East Central),MANCHESTER,DELAWARE,IA 13,IA 13/W MAIN ST,Collision with:  Vehicle in traffic,On Roadway,"Sideswipe, same direction",Other (explain in narrative):  Other,None Indicated,,Dark - roadway lighted,Wet,Rain,None apparent,Non-intersection:  Non-junction/no special feature,Paved,,Property Damage Only,0,0,0,0,0,0,5500,2,1,,POINT (-91.459216039867 42.483949657518)
2014821926,14014630,10/14/2014,10-October,3-Tuesday,22:32,2200 Hours,District 5 (Southeast),,APPANOOSE,IA 2,IA 2/IOWA 2,Collision with:  Animal,,,Animal,None Indicated,,,,,,,Paved,,Property Damage Only,0,0,0,0,0,0,3500,1,1,,POINT (-92.989932704089 40.739474823954)
2014822553,101414-133,10/14/2014,10-October,3-Tuesday,16:12,1600 Hours,District 3 (Northwest),,BUENA VISTA,IA 3,IA 3/530TH ST & Co Rd M54/210TH AVE,Collision with:  Vehicle in traffic,On Roadway,"Sideswipe, same direction",Crossed centerline (undivided),None Indicated,,Daylight,Dry,Clear,None apparent,Intersection:  Four-way intersection,Paved,,Major Injury,0,2,1,1,0,0,39000,2,2,,POINT (-94.992551091749 42.748888147938)
2014821733,2014-72219,10/14/2014,10-October,3-Tuesday,17:21,1700 Hours,District 6 (East Central),DAVENPORT,SCOTT,I-74,I-74 & E 53RD ST,Collision with:  Other non-fixed object (explain in narrative),On Roadway,Non-collision (single vehicle),Unknown,None Indicated,,Daylight,Wet,Rain,None apparent,Intersection:  Shared use path or trail,Paved,,Minor Injury,0,1,0,1,0,0,1800,1,1,,POINT (-90.520251225371 41.574860648392)
2014821772,2014-038725,10/14/2014,10-October,3-Tuesday,08:37,0800 Hours,District 6 (East Central),DUBUQUE,DUBUQUE,,JOHN F KENNEDY RD & CARTER RD,Collision with:  Vehicle in traffic,On Roadway,Broadside (front to side),Ran Stop Sign,None Indicated,,Daylight,Wet,Rain,None apparent,Intersection:  T-intersection,Paved,,Property Damage Only,0,0,0,0,0,0,7000,2,2,,POINT (-90.721336600991 42.50179113179)
2014830467,201415400,10/14/2014,10-October,3-Tuesday,16:20,1600 Hours,District 6 (East Central),CEDAR RAPIDS,LINN,,WILEY BLVD SW,Non-collision events:  Other non-collision (explain in narrative),On Roadway,Broadside (front to side),FTYROW:  From stop sign,None Indicated,,Daylight,Wet,Rain,None apparent,Intersection:  Other intersection (explain in narrative),Paved,,Property Damage Only,0,0,0,0,0,0,4000,2,2,,POINT (-91.725046440156 41.952532451013)
2014822226,14-025428,10/14/2014,10-October,3-Tuesday,15:40,1500 Hours,District 5 (Southeast),,MARION,IA 5,IA 5/IOWA 5,Collision with fixed object:  Ditch,On Roadway,Non-collision (single vehicle),Downhill runaway,None Indicated,,Daylight,Wet,Rain,None apparent,Non-intersection:  Non-junction/no special feature,Paved,,Property Damage Only,0,0,0,0,0,0,10000,1,1,,POINT (-92.950159880966 41.198968206417)
2014821376,14-6733,10/14/2014,10-October,3-Tuesday,07:25,0700 Hours,District 1 (Central),,POLK,IA 415,IA 415/2ND AVE,Collision with:  Vehicle in traffic,On Roadway,Rear-end (front to rear),Followed too close,None Indicated,,Daylight,Wet,Rain,None apparent,Intersection:  Intersection with ramp,Paved,,Property Damage Only,0,0,0,0,0,0,3000,2,2,,POINT (-93.620004919433 41.649829238725)
2014821734,14-043750,10/14/2014,10-October,3-Tuesday,15:08,1500 Hours,District 4 (Southwest),COUNCIL BLUFFS,POTTAWATTAMIE,I-29,I-29 & IA 192/S EXPRESSWAY,Collision with fixed object:  Concrete traffic barrier (median or right side),On Roadway,Non-collision (single vehicle),Swerving/Evasive Action,None Indicated,,Daylight,Dry,Clear,None apparent,Non-intersection:  Non-junction/no special feature,Paved,,Property Damage Only,0,0,0,0,0,0,4000,1,1,,POINT (-95.851353265867 41.232127940777)
2014821525,C14003270,10/14/2014,10-October,3-Tuesday,09:15,0900 Hours,District 6 (East Central),CORALVILLE,JOHNSON,I-80,I-80 & IA 965/CORAL RIDGE AVE & COMMERCE DR,Collision with:  Vehicle in traffic,On Roadway,"Sideswipe, same direction",FTYROW:  Other (explain in narrative),None Indicated,,Daylight,Wet,Rain,None apparent,Non-intersection:  Non-junction/no special feature,Paved,,Property Damage Only,0,0,0,0,0,0,1700,2,2,,POINT (-91.608463777811 41.695966106141)
2014821666,14-33968,10/14/2014,10-October,3-Tuesday,11:20,1100 Hours,District 3 (Northwest),SIOUX CITY,WOODBURY,,12TH ST & COURT ST,Collision with:  Vehicle in traffic,On Roadway,Broadside (front to side),Ran Stop Sign,None Indicated,,Daylight,Dry,Clear,None apparent,Intersection:  Four-way intersection,Paved,,Possible/Unknown,0,2,0,0,2,0,5000,2,2,,POINT (-96.396480872386 42.502961223071)
2014821516,14-043707,10/14/2014,10-October,3-Tuesday,08:13,0800 Hours,District 4 (Southwest),COUNCIL BLUFFS,POTTAWATTAMIE,IA 192,IA 192/S EXPRESSWAY,Collision with fixed object:  Tree,Outside trafficway,Non-collision (single vehicle),Ran off road - right,None Indicated,,Daylight,Dry,Clear,None apparent,Non-intersection:  Non-junction/no special feature,Paved,,Major Injury,0,1,1,0,0,0,4100,1,1,,POINT (-95.852723837084 41.242514356379)
2014822681,20143763,10/14/2014,10-October,3-Tuesday,21:45,2100 Hours,District 1 (Central),,GRUNDY,US 20,US 20,Collision with:  Animal,,,Animal,None Indicated,,,,,,,Paved,,Property Damage Only,0,0,0,0,0,0,1500,1,1,,POINT (-92.600950853504 42.464289674203)
2014821691,2014-72168,10/14/2014,10-October,3-Tuesday,11:42,1100 Hours,District 6 (East Central),DAVENPORT,SCOTT,I-80,I-80 & IA 130/NEW LIBERTY RD,Collision with:  Vehicle in traffic,On Roadway,Broadside (front to side),Ran Traffic Signal,None Indicated,,Daylight,Wet,Rain,None apparent,Intersection:  Intersection with ramp,Paved,,Property Damage Only,0,0,0,0,0,0,20000,2,3,,POINT (-90.617830845392 41.598747398221)
2014821488,2014-72166,10/14/2014,10-October,3-Tuesday,11:44,1100 Hours,District 6 (East Central),DAVENPORT,SCOTT,I-280,I-280,Collision with fixed object:  Other fixed object (explain in narrative),Roadside,Non-collision (single vehicle),Driving too fast for conditions,None Indicated,,Daylight,Wet,Rain,None apparent,Non-intersection:  Non-junction/no special feature,Paved,,Property Damage Only,0,0,0,0,0,0,5500,1,3,,POINT (-90.674054835305 41.523227295927)
2014821631,20140030483,10/14/2014,10-October,3-Tuesday,14:30,1400 Hours,District 1 (Central),DES MOINES,POLK,US 69,US 69/NE 14TH ST & E AURORA AVE,Collision with:  Non-motorist (see non-motorist section - NOT a unit),On Roadway,Non-collision (single vehicle),"Operating vehicle in an reckless, erratic, careless, negligent manner",None Indicated,,Daylight,Dry,Cloudy,None apparent,Intersection:  Four-way intersection,Paved,,Major Injury,0,1,1,0,0,0,50,1,1,,POINT (-93.600489523773 41.636818408322)
2014822674,14-36684,10/14/2014,10-October,3-Tuesday,13:42,1300 Hours,District 5 (Southeast),WEST BURLINGTON,DES MOINES,,W AGENCY RD & S GEAR AVE,Collision with:  Vehicle in traffic,On Roadway,"Angle, oncoming left turn",FTYROW:  Making right turn on red signal,None Indicated,,Daylight,Wet,Cloudy,None apparent,Intersection:  Four-way intersection,Paved,,Property Damage Only,0,0,0,0,0,0,2000,2,2,,POINT (-91.170209962219 40.811760981594)
2014821634,20140030517,10/14/2014,10-October,3-Tuesday,19:30,1900 Hours,District 1 (Central),DES MOINES,POLK,,MONDAMIN AVE & 16TH ST,Collision with fixed object:  Utility pole/light support,On Roadway,Non-collision (single vehicle),Unknown,None Indicated,,Dark - roadway lighted,Dry,Cloudy,None apparent,Non-intersection:  Non-junction/no special feature,Paved,,Property Damage Only,0,0,0,0,0,0,8500,1,1,,POINT (-93.638992384902 41.608616460831)