Iowa DOT Case Number,Law Enforcement Case Number,Date of Crash,Month of Crash,Day of Week,Time of Crash,Hour,DOT District,City Name,County Name,Route with System,Location Description,First Harmful Event,Location of First Harmful Event,Manner of Crash/Collision,Major Cause,Drug or Alcohol ,Environmental Conditions,Light Conditions,Surface Conditions,Weather Conditions,Roadway Contribution,Roadway Type,Roadway Surface,Work Zone,Crash Severity,Number of Fatalities,Number of Injuries,Number of Major Injuries,Number of Minor Injuries,Number of Possible Injuries,Number of Unknown Injuries,Amount of Property Damage,Number of Vehicles Involved,Total Number of Occupants,Travel Direction,Location
2014821665,14-33967,10/14/2014,10-October,3-Tuesday,11:19,1100 Hours,District 3 (Northwest),SIOUX CITY,WOODBURY,,S LAKEPORT ST,Collision with:  Vehicle in traffic,On Roadway,Rear-end (front to rear),Followed too close,None Indicated,,Daylight,Dry,Clear,None apparent,Non-intersection:  Non-junction/no special feature,Paved,,Property Damage Only,0,0,0,0,0,0,7000,3,4,,POINT (-96.345232598976 42.453387502501)
2014821735,14-043756,10/14/2014,10-October,3-Tuesday,15:43,1500 Hours,District 4 (Southwest),COUNCIL BLUFFS,POTTAWATTAMIE,US 6,US 6/W BROADWAY & S 29TH ST & N 29TH ST,Collision with:  Vehicle in traffic,On Roadway,Rear-end (front to rear),Followed too close,None Indicated,,Daylight,Dry,Clear,None apparent,Non-intersection:  Non-junction/no special feature,Paved,,Property Damage Only,0,0,0,0,0,0,2250,2,2,,POINT (-95.890772678912 41.261918920273)
2014821834,201415366,10/14/2014,10-October,3-Tuesday,07:32,0700 Hours,District 6 (East Central),CEDAR RAPIDS,LINN,I-380,I-380,Collision with:  Other non-fixed object (explain in narrative),Roadside,Non-collision (single vehicle),Driving too fast for conditions,None Indicated,,Dark - roadway lighted,Wet,Cloudy,"Surface condition (e.g., wet, icy)",Interchange-related:  On-ramp merge area,Paved,,Property Damage Only,0,0,0,0,0,0,5500,1,1,,POINT (-91.666995453833 42.006551131702)
2014821736,14-3268,10/14/2014,10-October,3-Tuesday,00:00,0000 Hours,District 1 (Central),FORT DODGE,WEBSTER,,N 14TH ST,Collision with:  Vehicle in traffic,Shoulder,"Sideswipe, opposite direction",Unknown,None Indicated,,Dark - roadway lighted,Wet,Rain,None apparent,Non-intersection:  Non-junction/no special feature,Paved,,Property Damage Only,0,0,0,0,0,0,2500,2,1,,POINT (-94.179478621061 42.506348602165)
2014821839,201415397,10/14/2014,10-October,3-Tuesday,16:48,1600 Hours,District 6 (East Central),CEDAR RAPIDS,LINN,IA 922,IA 922/1ST AVE W & 15TH ST SW & 15TH ST NW,Collision with:  Vehicle in traffic,On Roadway,"Sideswipe, same direction",Lost Control,Refused,,Daylight,Wet,Clear,None apparent,Non-intersection:  Non-junction/no special feature,Paved,,Possible/Unknown,0,2,0,0,2,0,25000,3,5,,POINT (-91.691722042033 41.970800906836)
2014823021,2014058368,10/14/2014,10-October,3-Tuesday,07:50,0700 Hours,District 1 (Central),DES MOINES,POLK,I-35,I-35,Collision with:  Vehicle in traffic,On Roadway,Rear-end (front to rear),Driving too fast for conditions,None Indicated,,Daylight,Wet,Rain,None apparent,"Interchange-related:  Off-ramp, diverge area",Paved,,Property Damage Only,0,0,0,0,0,0,4000,2,2,,POINT (-93.624673140593 41.649488712837)
2014821718,14-1999,10/14/2014,10-October,3-Tuesday,19:00,1900 Hours,District 1 (Central),POLK CITY,POLK,IA 415,IA 415/W BRIDGE RD,Collision with:  Animal,,,Animal,None Indicated,,,,,,,Paved,,Property Damage Only,0,0,0,0,0,0,1500,1,1,,POINT (-93.722920003133 41.764437151321)
2014821764,14-3278,10/14/2014,10-October,3-Tuesday,19:00,1900 Hours,District 1 (Central),FORT DODGE,WEBSTER,,5TH AVE S,Collision with:  Vehicle in traffic,On Roadway,"Sideswipe, same direction",Unknown,None Indicated,,Dark - roadway lighted,Dry,Clear,None apparent,Non-intersection:  Non-junction/no special feature,Paved,,Property Damage Only,0,0,0,0,0,0,1505,2,4,,POINT (-94.16321763788 42.501102390381)
2014822200,14-09866,10/14/2014,10-October,3-Tuesday,07:51,0700 Hours,District 5 (Southeast),MOUNT PLEASANT,HENRY,,S GRAND AVE & E BELL DR & MT PLEASANT CORRECTIONAL,Collision with:  Vehicle in traffic,On Roadway,Head-on (front to front),Crossed centerline (undivided),None Indicated,,Daylight,Wet,Rain,None apparent,Non-intersection:  Non-junction/no special feature,Paved,,Possible/Unknown,0,2,0,0,2,0,21500,2,3,,POINT (-91.539473238551 40.955507497811)
2014823003,2014058515,10/14/2014,10-October,3-Tuesday,20:00,2000 Hours,District 1 (Central),MITCHELLVILLE,JASPER,,Co Rd F48/HWY F-48 W,Collision with:  Animal,,,Animal,None Indicated,,,,,,,Paved,,Property Damage Only,0,0,0,0,0,0,4000,1,1,,POINT (-93.338043955083 41.658966658599)
2014821385,20140030455,10/14/2014,10-October,3-Tuesday,11:04,1100 Hours,District 1 (Central),DES MOINES,POLK,,E 13TH ST,Collision with fixed object:  Tree,On Roadway,Non-collision (single vehicle),Driving too fast for conditions,None Indicated,,Daylight,Wet,Cloudy,None apparent,Non-intersection:  Non-junction/no special feature,Paved,,Minor Injury,0,2,0,2,0,0,7400,1,3,,POINT (-93.603195610845 41.599955750643)
2014827530,1410-072,10/14/2014,10-October,3-Tuesday,18:15,1800 Hours,District 3 (Northwest),,OSCEOLA,,Co Rd A48/250TH ST,Collision with:  Vehicle in traffic,On Roadway,Rear-end (front to rear),Other (explain in narrative):  Other,None Indicated,,Dusk,Dry,Clear,None apparent,Non-intersection:  Non-junction/no special feature,Paved,,Minor Injury,0,2,0,1,0,1,6000,2,3,,POINT (-95.622880013418 43.287421169262)
2014821706,2014011541,10/14/2014,10-October,3-Tuesday,19:57,1900 Hours,District 6 (East Central),IOWA CITY,JOHNSON,,E MARKET ST & N DUBUQUE ST,Collision with:  Vehicle in traffic,On Roadway,"Sideswipe, same direction",Made improper turn,None Indicated,,Dark - roadway lighted,Wet,Rain,None apparent,Non-intersection:  Non-junction/no special feature,Paved,,Property Damage Only,0,0,0,0,0,0,3000,2,2,,POINT (-91.533082402455 41.663576631002)
2014821381,20140030432,10/14/2014,10-October,3-Tuesday,06:45,0600 Hours,District 1 (Central),DES MOINES,POLK,,BANCROFT ST & THOMAS BECK RD,Collision with:  Vehicle in traffic,On Roadway,Broadside (front to side),FTYROW:  From stop sign,None Indicated,,Dark - roadway lighted,Wet,Rain,None apparent,Intersection:  T-intersection,Paved,,Property Damage Only,0,0,0,0,0,0,3300,2,2,,POINT (-93.624385751522 41.571163518311)
2014821625,14-004444,10/14/2014,10-October,3-Tuesday,08:05,0800 Hours,District 1 (Central),ANKENY,POLK,I-35,I-35,Collision with:  Vehicle in traffic,On Roadway,Rear-end (front to rear),Followed too close,None Indicated,,Daylight,Wet,Rain,None apparent,Non-intersection:  Non-junction/no special feature,Paved,,Property Damage Only,0,0,0,0,0,0,3000,2,2,,POINT (-93.576528170904 41.719365243497)
2014839047,2014-72163,10/14/2014,10-October,3-Tuesday,11:36,1100 Hours,District 6 (East Central),DAVENPORT,SCOTT,I-280,I-280,Collision with:  Vehicle in traffic,On Roadway,Non-collision (single vehicle),Animal,None Indicated,,Daylight,Wet,Rain,None apparent,Non-intersection:  Non-junction/no special feature,Paved,,Property Damage Only,0,0,0,0,0,0,3000,1,1,,POINT (-90.674354198424 41.513866579771)
2014821908,14-043751,10/14/2014,10-October,3-Tuesday,15:08,1500 Hours,District 4 (Southwest),COUNCIL BLUFFS,POTTAWATTAMIE,US 6,US 6/W BROADWAY & S 21ST ST & N 21ST ST,Collision with:  Vehicle in traffic,On Roadway,Rear-end (front to rear),Followed too close,None Indicated,,Daylight,Dry,Clear,None apparent,Non-intersection:  Non-junction/no special feature,Paved,,Property Damage Only,0,0,0,0,0,0,2000,2,2,,POINT (-95.875290815356 41.261892630881)
2014821663,14-33949,10/14/2014,10-October,3-Tuesday,08:15,0800 Hours,District 3 (Northwest),SIOUX CITY,WOODBURY,,4TH ST & HOEVEN DR,Collision with:  Vehicle in traffic,On Roadway,"Sideswipe, same direction",FTYROW:  From stop sign,None Indicated,,Daylight,Dry,Clear,None apparent,Intersection:  Four-way intersection,Paved,,Property Damage Only,0,0,0,0,0,0,1900,2,2,,POINT (-96.390863009058 42.494267354347)
2014822402,201400050642,10/14/2014,10-October,3-Tuesday,16:02,1600 Hours,District 5 (Southeast),OTTUMWA,WAPELLO,,E MAIN ST & S MARKET ST,Collision with:  Vehicle in traffic,On Roadway,Broadside (front to side),FTYROW:  From parked position,None Indicated,,Daylight,Wet,Rain,None apparent,Non-intersection:  Non-junction/no special feature,Paved,,Property Damage Only,0,0,0,0,0,0,6500,2,2,,POINT (-92.411643509773 41.017117823597)
2014821382,20140030435,10/14/2014,10-October,3-Tuesday,07:45,0700 Hours,District 1 (Central),DES MOINES,POLK,,FLEUR DR,Collision with:  Vehicle in traffic,On Roadway,Rear-end (front to rear),Driving too fast for conditions,None Indicated,,Daylight,Wet,Rain,None apparent,Non-intersection:  Non-junction/no special feature,Paved,,Property Damage Only,0,0,0,0,0,0,4000,3,4,,POINT (-93.64497151695 41.554611588517)
2014823258,,10/14/2014,10-October,3-Tuesday,11:41,1100 Hours,District 5 (Southeast),FORT MADISON,LEE,,AVE H & 21ST ST,Collision with:  Vehicle in traffic,On Roadway,Rear-end (front to rear),Followed too close,None Indicated,,Daylight,Dry,Rain,None apparent,Intersection:  Four-way intersection,Paved,,Property Damage Only,0,0,0,0,0,0,2000,2,2,,POINT (-91.335066956818 40.630267944217)
2014821481,14-20044,10/14/2014,10-October,3-Tuesday,08:52,0800 Hours,District 6 (East Central),BETTENDORF,SCOTT,,HOPEWELL CT,Collision with:  Vehicle in traffic,On Roadway,"Sideswipe, opposite direction",Improper Backing,None Indicated,,Daylight,Dry,Cloudy,None apparent,Non-intersection:  Non-junction/no special feature,Paved,,Property Damage Only,0,0,0,0,0,0,4000,2,1,,POINT (-90.45779557672 41.581682555592)
2014822042,201403727,10/14/2014,10-October,3-Tuesday,18:58,1800 Hours,District 6 (East Central),,LINN,,Co Rd E36/BLAIRS FERRY RD & ANTLER DR & WAY SIDE CIR,Collision with:  Vehicle in traffic,On Roadway,"Angle, oncoming left turn",Crossed centerline (undivided),None Indicated,,Dark - roadway not lighted,Wet,Rain,None apparent,Intersection:  T-intersection,Paved,,Property Damage Only,0,0,0,0,0,0,4500,2,4,,POINT (-91.727517251853 42.041138163077)
2014821671,14-34033,10/14/2014,10-October,3-Tuesday,20:03,2000 Hours,District 3 (Northwest),SIOUX CITY,WOODBURY,I-29,I-29,Collision with:  Vehicle in traffic,On Roadway,Broadside (front to side),Ran Traffic Signal,None Indicated,,Dark - roadway lighted,Dry,Clear,None apparent,Intersection:  Four-way intersection,Paved,,Property Damage Only,0,0,0,0,0,0,2500,2,5,,POINT (-96.41327705881 42.48960325111)
2014821868,14-0912,10/14/2014,10-October,3-Tuesday,16:38,1600 Hours,District 1 (Central),WINDSOR HEIGHTS,POLK,,UNIVERSITY AVE & 66TH ST,Collision with:  Vehicle in traffic,On Roadway,Broadside (front to side),FTYROW:  From driveway,None Indicated,,Daylight,Dry,Cloudy,None apparent,Non-intersection:  Driveway access (within),Paved,,Property Damage Only,0,0,0,0,0,0,2000,2,3,,POINT (-93.708654392357 41.600398900484)
2014822041,201403719,10/14/2014,10-October,3-Tuesday,08:02,0800 Hours,District 6 (East Central),CENTRAL CITY,LINN,,COMMERCIAL ST & 4TH ST N,Collision with:  Vehicle in traffic,On Roadway,"Angle, oncoming left turn",FTYROW:  Making left turn,None Indicated,,Daylight,Wet,Rain,None apparent,Intersection:  Four-way intersection,Paved,,Minor Injury,0,1,0,1,0,0,9000,2,2,,POINT (-91.524506340947 42.205114523445)
2014822542,,10/14/2014,10-October,3-Tuesday,15:45,1500 Hours,District 6 (East Central),IOWA CITY,JOHNSON,,KIRKWOOD AVE & GILBERT CT,Collision with:  Vehicle in traffic,On Roadway,Rear-end (front to rear),Unknown,None Indicated,,Daylight,Wet,Rain,,Intersection:  Four-way intersection,Paved,,Property Damage Only,0,0,0,0,0,0,3500,2,2,,POINT (-91.52978865796 41.649438807138)
2014821810,,10/14/2014,10-October,3-Tuesday,18:59,1800 Hours,District 5 (Southeast),,LUCAS,,Co Rd S23/200TH AVE,Collision with:  Animal,Roadside,Non-collision (single vehicle),Animal,None Indicated,,Dark - unknown roadway lighting,Wet,Rain,None apparent,Non-intersection:  Non-junction/no special feature,Paved,,Property Damage Only,0,0,0,0,0,0,5000,1,1,,POINT (-93.365754398605 41.050594630133)
2014821649,14-12001,10/14/2014,10-October,3-Tuesday,05:45,0500 Hours,District 3 (Northwest),,SIOUX,US 18,US 18/310TH ST,Collision with:  Animal,,,Animal,None Indicated,,,,,,,Paved,,Property Damage Only,0,0,0,0,0,0,4000,1,1,,POINT (-96.319316107067 43.199887737014)
2014821914,14043413,10/14/2014,10-October,3-Tuesday,14:21,1400 Hours,District 5 (Southeast),MUSCATINE,MUSCATINE,IA 22,IA 22/PARK AVE & CLEVELAND ST,Collision with:  Vehicle in traffic,On Roadway,Broadside (front to side),Driving too fast for conditions,None Indicated,,Daylight,Wet,Rain,None apparent,Intersection:  Four-way intersection,Paved,,Property Damage Only,0,0,0,0,0,0,7500,2,2,,POINT (-91.030172612951 41.451864521478)
2014850959,14-008298,10/14/2014,10-October,3-Tuesday,19:11,1900 Hours,District 5 (Southeast),,LOUISA,,Co Rd X37/COUNTY RD X 37,Collision with fixed object:  Ditch,,,Unknown,None Indicated,,,,,,,Paved,,Property Damage Only,0,0,0,0,0,0,2500,1,1,,POINT (-91.298513344431 41.218880308912)
2014821349,201415368,10/14/2014,10-October,3-Tuesday,07:33,0700 Hours,District 6 (East Central),CEDAR RAPIDS,LINN,,4TH AVE SE & 8TH ST SE,Collision with:  Vehicle in traffic,On Roadway,Broadside (front to side),FTYROW:  From stop sign,None Indicated,,Daylight,Wet,Rain,None apparent,Intersection:  Four-way intersection,Paved,,Property Damage Only,0,0,0,0,0,0,10000,2,2,,POINT (-91.659426456176 41.979975104858)
2014821714,14-043795,10/14/2014,10-October,3-Tuesday,20:08,2000 Hours,District 4 (Southwest),COUNCIL BLUFFS,POTTAWATTAMIE,US 275,US 275/VETERANS MEMORIAL HWY,Collision with fixed object:  Curb/island/raised median,On Roadway,Non-collision (single vehicle),Swerving/Evasive Action,None Indicated,,Dark - roadway lighted,Dry,Clear,None apparent,Non-intersection:  Non-junction/no special feature,Paved,,Property Damage Only,0,0,0,0,0,0,3000,1,1,,POINT (-95.897956817213 41.211960122398)
2014822401,201400050619,10/14/2014,10-October,3-Tuesday,13:17,1300 Hours,District 5 (Southeast),OTTUMWA,WAPELLO,,PENNSYLVANIA AVE,Collision with:  Vehicle in traffic,On Roadway,Broadside (front to side),FTYROW:  From driveway,None Indicated,,Daylight,Wet,Rain,None apparent,Non-intersection:  Driveway access (within),Paved,,Possible/Unknown,0,1,0,0,1,0,4500,2,4,,POINT (-92.390461230972 41.027457186426)
2014823002,2014058367,10/14/2014,10-October,3-Tuesday,07:45,0700 Hours,District 1 (Central),ANKENY,POLK,I-35,I-35,Collision with:  Vehicle in traffic,On Roadway,"Sideswipe, same direction",Followed too close,None Indicated,,Daylight,Dry,Cloudy,None apparent,Non-intersection:  Non-junction/no special feature,Paved,,Possible/Unknown,0,1,0,0,1,0,5500,2,2,,POINT (-93.576545747364 41.719986642566)
2014821692,2014-72193,10/14/2014,10-October,3-Tuesday,15:23,1500 Hours,District 6 (East Central),DAVENPORT,SCOTT,,W COLUMBIA AVE,Collision with:  Vehicle in traffic,On Roadway,Broadside (front to side),FTYROW:  From stop sign,None Indicated,,Daylight,Wet,Cloudy,None apparent,Intersection:  Four-way intersection,Paved,,Property Damage Only,0,0,0,0,0,0,2000,2,3,,POINT (-90.572485000122 41.546669222011)
2014823205,GP20140846,10/14/2014,10-October,3-Tuesday,09:25,0900 Hours,District 1 (Central),GRINNELL,POWESHIEK,,2ND AVE,Collision with fixed object:  Bridge pier or support,On Roadway,Non-collision (single vehicle),Other (explain in narrative):  Other,None Indicated,,Daylight,Wet,Rain,None apparent,Non-intersection:  Other non-intersection (explain in narrative),Paved,,Property Damage Only,0,0,0,0,0,0,8000,1,1,,POINT (-92.721587258969 41.740316814966)
2014822012,20140030461,10/14/2014,10-October,3-Tuesday,11:51,1100 Hours,District 1 (Central),DES MOINES,POLK,I-235,I-235,Collision with fixed object:  Guardrail - face,Shoulder,Non-collision (single vehicle),Lost Control,None Indicated,,Daylight,Dry,Cloudy,None apparent,Non-intersection:  Non-junction/no special feature,Paved,,Possible/Unknown,0,1,0,0,1,0,6000,1,1,,POINT (-93.685863953217 41.592205442076)
2014822059,C14003268,10/14/2014,10-October,3-Tuesday,08:02,0800 Hours,District 6 (East Central),CORALVILLE,JOHNSON,,1ST AVE,Collision with:  Vehicle in traffic,On Roadway,Broadside (front to side),FTYROW:  From driveway,None Indicated,,Daylight,Dry,Rain,None apparent,Non-intersection:  Driveway access (within),Paved,,Property Damage Only,0,0,0,0,0,0,1500,2,2,,POINT (-91.566039309339 41.675566412258)
2014821803,,10/14/2014,10-October,3-Tuesday,09:15,0900 Hours,District 3 (Northwest),PAULLINA,OBRIEN,,E COMMERCE ST & N CLARK ST,Collision with:  Vehicle in traffic,On Roadway,"Angle, oncoming left turn",Crossed centerline (undivided),None Indicated,,Daylight,Dry,Clear,None apparent,Intersection:  T-intersection,Paved,,Property Damage Only,0,0,0,0,0,0,3500,2,2,,POINT (-95.68469411779 42.981049061062)
2014822318,2014-22398,10/14/2014,10-October,3-Tuesday,16:20,1600 Hours,District 5 (Southeast),INDIANOLA,WARREN,IA 92,IA 92/W 2ND AVE,Collision with:  Vehicle in traffic,On Roadway,Rear-end (front to rear),Lost Control,None Indicated,,Daylight,Dry,Cloudy,None apparent,Non-intersection:  Non-junction/no special feature,Paved,,Property Damage Only,0,0,0,0,0,0,3000,2,2,,POINT (-93.561614279584 41.358316823837)
2014821774,2014-038743,10/14/2014,10-October,3-Tuesday,17:40,1700 Hours,District 6 (East Central),DUBUQUE,DUBUQUE,,BELLEVUE RD & ROCKDALE RD,Collision with:  Vehicle in traffic,On Roadway,Rear-end (front to rear),Lost Control,None Indicated,,Dusk,Wet,Rain,None apparent,Non-intersection:  Non-junction/no special feature,Paved,,Possible/Unknown,0,1,0,0,1,0,1500,2,3,,POINT (-90.677268297251 42.461381978041)
2014823582,2014-006336,10/14/2014,10-October,3-Tuesday,21:50,2100 Hours,District 6 (East Central),,BENTON,,29 AVE,Collision with:  Animal,,,Animal,None Indicated,,,,,,,Unpaved,,Property Damage Only,0,0,0,0,0,0,6500,1,1,,POINT (-91.929986545634 42.258436407106)
2014822317,2014-22373,10/14/2014,10-October,3-Tuesday,01:00,0100 Hours,District 5 (Southeast),INDIANOLA,WARREN,,W 1ST AVE & S BUXTON ST,Non-collision events:  Other non-collision (explain in narrative),Roadside,Non-collision (single vehicle),Unknown,None Indicated,,Dark - roadway lighted,Wet,Cloudy,None apparent,Non-intersection:  Non-junction/no special feature,Paved,,Property Damage Only,0,0,0,0,0,0,2500,1,1,,POINT (-93.562304153248 41.359295284897)
2014824204,2014058458,10/14/2014,10-October,3-Tuesday,12:48,1200 Hours,District 4 (Southwest),,SHELBY,,UMBRELLA RD & 400TH ST,Collision with:  Vehicle in traffic,On Roadway,Head-on (front to front),Traveling wrong way or on wrong side of road,None Indicated,,Daylight,"Mud, dirt",Clear,None apparent,Non-intersection:  Non-junction/no special feature,Unpaved,,Major Injury,0,2,1,1,0,0,25000,2,2,,POINT (-95.173957756373 41.548646748981)
2014823785,14-001191,10/14/2014,10-October,3-Tuesday,08:37,0800 Hours,District 1 (Central),KELLEY,STORY,,Co Rd E57/280TH ST & Co Rd R38/510TH AVE,Collision with:  Vehicle in traffic,On Roadway,Rear-end (front to rear),Swerving/Evasive Action,None Indicated,,Daylight,Dry,Cloudy,None apparent,Intersection:  Four-way intersection,Paved,,Property Damage Only,0,0,0,0,0,0,5500,2,2,,POINT (-93.677915194188 41.950450194951)
2014822037,201400003729,10/14/2014,10-October,3-Tuesday,20:21,2000 Hours,District 6 (East Central),,LINN,,EAST POST RD,Collision with:  Animal,,,Animal,None Indicated,,,,,,,Paved,,Property Damage Only,0,0,0,0,0,0,3000,1,1,,POINT (-91.60095566756 41.998208763413)
2014821836,201415381,10/14/2014,10-October,3-Tuesday,12:00,1200 Hours,District 6 (East Central),CEDAR RAPIDS,LINN,IA 922,IA 922/1ST AVE E & 10TH ST SE & 10TH ST NE,Collision with:  Vehicle in traffic,On Roadway,"Angle, oncoming left turn",Other (explain in narrative):  Other,None Indicated,,Daylight,Wet,Rain,None apparent,Intersection:  Four-way intersection,Paved,,Property Damage Only,0,0,0,0,0,0,3000,2,3,,POINT (-91.659852473867 41.983834832915)
2014821732,2014-72167,10/14/2014,10-October,3-Tuesday,11:45,1100 Hours,District 6 (East Central),DAVENPORT,SCOTT,,IA 461/WELCOME WAY & W 37TH ST & MAIN ST,Collision with:  Vehicle in traffic,On Roadway,Broadside (front to side),Ran Traffic Signal,None Indicated,,Daylight,Wet,Rain,None apparent,Intersection:  Four-way intersection,Paved,,Property Damage Only,0,0,0,0,0,0,4500,2,3,,POINT (-90.574882896623 41.558527223219)
2014822038,201400003733,10/14/2014,10-October,3-Tuesday,23:00,2300 Hours,District 6 (East Central),,LINN,IA 13,IA 13/IOWA 13 & BUNKER HILL RD,Collision with:  Animal,On Roadway,Non-collision (single vehicle),Animal,None Indicated,,Dark - roadway not lighted,Wet,Rain,None apparent,Non-intersection:  Non-junction/no special feature,Paved,,Possible/Unknown,0,1,0,0,1,0,5500,1,1,,POINT (-91.546794633679 42.181866228489)
2014821669,14-34000,10/14/2014,10-October,3-Tuesday,16:08,1600 Hours,District 3 (Northwest),SIOUX CITY,WOODBURY,I-29,I-29,Collision with:  Vehicle in traffic,On Roadway,Rear-end (front to rear),Driver Distraction:  Passenger,None Indicated,,Daylight,Dry,Clear,Work Zone (roadway-related),Non-intersection:  Non-junction/no special feature,Paved,Yes,Possible/Unknown,0,1,0,0,1,0,2500,2,4,,POINT (-96.378501124336 42.459488206548)
2014823000,2014058340,10/14/2014,10-October,3-Tuesday,23:42,2300 Hours,District 1 (Central),ANKENY,POLK,I-35,I-35,Non-collision events:  Jackknife,,,Lost Control,None Indicated,,,,,,,Paved,,Property Damage Only,0,0,0,0,0,0,7000,1,1,,POINT (-93.575666917706 41.656499966847)
2014821662,14-33948,10/14/2014,10-October,3-Tuesday,07:20,0700 Hours,District 3 (Northwest),SIOUX CITY,WOODBURY,,BUCKWALTER DR & HAMILTON BLVD,Collision with:  Animal,On Roadway,Non-collision (single vehicle),Animal,None Indicated,,Dawn,Dry,Clear,None apparent,Non-intersection:  Non-junction/no special feature,Paved,,Property Damage Only,0,0,0,0,0,0,4000,1,1,,POINT (-96.404131148285 42.555959261163)
2014824159,14012518,10/14/2014,10-October,3-Tuesday,07:40,0700 Hours,District 1 (Central),,TAMA,,Co Rd E66/HWY E66,Collision with fixed object:  Ditch,Roadside,Non-collision (single vehicle),Ran off road - left,None Indicated,,Daylight,Wet,Rain,None apparent,Non-intersection:  Non-junction/no special feature,Paved,,Major Injury,0,1,1,0,0,0,7000,1,1,,POINT (-92.384945065783 41.920307424133)
2014821633,20140030513,10/14/2014,10-October,3-Tuesday,18:48,1800 Hours,District 1 (Central),DES MOINES,POLK,,CHAUTAUQUA PKWY,Collision with fixed object:  Tree,Outside trafficway,Non-collision (single vehicle),Exceeded authorized speed,Refused,,Dark - roadway lighted,Dry,Cloudy,None apparent,Non-intersection:  Non-junction/no special feature,Paved,,Property Damage Only,0,0,0,0,0,0,6000,1,1,,POINT (-93.633696059135 41.611915397023)
2014824045,2014-72178,10/14/2014,10-October,3-Tuesday,13:36,1300 Hours,District 6 (East Central),DAVENPORT,SCOTT,,E 10TH ST & PERRY ST,Collision with:  Vehicle in traffic,On Roadway,Broadside (front to side),FTYROW:  Making left turn,None Indicated,,Daylight,Wet,Rain,None apparent,Non-intersection:  Driveway access (within),Paved,,Property Damage Only,0,0,0,0,0,0,2500,2,2,,POINT (-90.572618119555 41.529334700906)
2014821609,14-004724,10/14/2014,10-October,3-Tuesday,08:00,0800 Hours,District 3 (Northwest),ROCK RAPIDS,LYON,IA 9,IA 9/N 2ND AVE E & N PEARL ST,Collision with:  Vehicle in traffic,On Roadway,Broadside (front to side),FTYROW:  From stop sign,None Indicated,,Daylight,Dry,Clear,None apparent,Intersection:  T-intersection,Paved,,Property Damage Only,0,0,0,0,0,0,2000,2,2,,POINT (-96.159421541742 43.432962541366)
2014827529,1410-071,10/14/2014,10-October,3-Tuesday,12:15,1200 Hours,District 3 (Northwest),,OSCEOLA,IA 60,IA 60/IOWA 60,Collision with fixed object:  Bridge overhead structure,On Roadway,Non-collision (single vehicle),Crossed centerline (undivided),None Indicated,,Daylight,Dry,Clear,None apparent,Non-intersection:  Other non-intersection (explain in narrative),Paved,,Possible/Unknown,0,1,0,0,0,1,10000,1,1,,POINT (-95.778428571169 43.323696625344)
2014821619,14-6753,10/14/2014,10-October,3-Tuesday,17:08,1700 Hours,District 1 (Central),,POLK,,Co Rd R56/NW 6TH DR,Collision with:  Vehicle in traffic,On Roadway,Unknown,Improper Backing,None Indicated,,Daylight,Dry,Cloudy,None apparent,Non-intersection:  Non-junction/no special feature,Paved,,Property Damage Only,0,0,0,0,0,0,4000,2,3,,POINT (-93.627802008795 41.64768824861)
2014826764,101414A,10/14/2014,10-October,3-Tuesday,06:54,0600 Hours,District 4 (Southwest),,FREMONT,IA 2,IA 2/IOWA 2,Collision with:  Animal,,,Animal,None Indicated,,,,,,,Paved,,Property Damage Only,0,0,0,0,0,0,7500,1,1,,POINT (-95.460091695165 40.749939499406)
2014821793,14006413,10/14/2014,10-October,3-Tuesday,19:16,1900 Hours,District 2 (Northeast),,CERRO GORDO,,Co Rd S56/THRUSH AVE,Collision with:  Animal,,,Animal,None Indicated,,,,,,,Paved,,Property Damage Only,0,0,0,0,0,0,7000,1,1,,POINT (-93.12285955618 43.16649159891)
2014821632,20140030504,10/14/2014,10-October,3-Tuesday,17:03,1700 Hours,District 1 (Central),DES MOINES,POLK,,COTTAGE GROVE AVE & 31ST ST,Collision with:  Vehicle in traffic,On Roadway,Broadside (front to side),Other (explain in narrative):  Vision obstructed,None Indicated,,Daylight,Dry,Cloudy,None apparent,Non-intersection:  Non-junction/no special feature,Paved,,Possible/Unknown,0,1,0,0,1,0,4500,2,3,,POINT (-93.659351668944 41.598494473139)
2014823635,2014-72209,10/14/2014,10-October,3-Tuesday,16:44,1600 Hours,District 6 (East Central),DAVENPORT,SCOTT,,W LOCUST ST,Collision with:  Vehicle in traffic,On Roadway,Rear-end (front to rear),Followed too close,None Indicated,,Daylight,Wet,Rain,None apparent,Non-intersection:  Non-junction/no special feature,Paved,,Property Damage Only,0,0,0,0,0,0,1750,2,2,,POINT (-90.592074842898 41.538264054874)
2014822555,101514-37,10/14/2014,10-October,3-Tuesday,23:15,2300 Hours,District 3 (Northwest),,BUENA VISTA,,Co Rd C13/SOUTH RIVER RD,Non-collision events:  Overturn/rollover,Outside trafficway,Non-collision (single vehicle),Ran off road - left,None Indicated,,Dark - roadway not lighted,"Mud, dirt",Clear,None apparent,Non-intersection:  Non-junction/no special feature,Unpaved,,Property Damage Only,0,0,0,0,0,0,18000,1,1,,POINT (-95.31326480451 42.881242636594)
2014827053,2014-038734,10/14/2014,10-October,3-Tuesday,13:43,1300 Hours,District 6 (East Central),DUBUQUE,DUBUQUE,,CLARKE DR & ASBURY RD,Collision with:  Vehicle in traffic,On Roadway,Rear-end (front to rear),Lost Control,None Indicated,,Daylight,Wet,Rain,None apparent,Non-intersection:  Non-junction/no special feature,Paved,,Property Damage Only,0,0,0,0,0,0,1600,2,5,,POINT (-90.701911678885 42.505158251184)
2014821490,14C04666,10/14/2014,10-October,3-Tuesday,10:00,1000 Hours,District 4 (Southwest),CRESTON,UNION,,W PAGE ST & S MAPLE ST,Collision with:  Vehicle in traffic,On Roadway,Broadside (front to side),FTYROW:  At uncontrolled intersection,None Indicated,,Daylight,Dry,Cloudy,None apparent,Intersection:  Four-way intersection,Paved,,Possible/Unknown,0,1,0,0,1,0,900,2,2,,POINT (-94.362671037678 41.050333621702)