Iowa DOT Case Number,Law Enforcement Case Number,Date of Crash,Month of Crash,Day of Week,Time of Crash,Hour,DOT District,City Name,County Name,Route with System,Location Description,First Harmful Event,Location of First Harmful Event,Manner of Crash/Collision,Major Cause,Drug or Alcohol ,Environmental Conditions,Light Conditions,Surface Conditions,Weather Conditions,Roadway Contribution,Roadway Type,Roadway Surface,Work Zone,Crash Severity,Number of Fatalities,Number of Injuries,Number of Major Injuries,Number of Minor Injuries,Number of Possible Injuries,Number of Unknown Injuries,Amount of Property Damage,Number of Vehicles Involved,Total Number of Occupants,Travel Direction,Location
2014821983,14007221,10/15/2014,10-October,4-Wednesday,14:00,1400 Hours,District 1 (Central),,HAMILTON,,OLSEN AVE,Non-collision events:  Overturn/rollover,On Roadway,Non-collision (single vehicle),Swerving/Evasive Action,None Indicated,,Daylight,"Mud, dirt",Clear,None apparent,Non-intersection:  Non-junction/no special feature,Unpaved,,Possible/Unknown,0,1,0,0,1,0,4000,1,1,,POINT (-93.698738135355 42.434089649327)
2014822176,14015384,10/15/2014,10-October,4-Wednesday,15:48,1500 Hours,District 6 (East Central),STANWOOD,CEDAR,US 30,US 30 & WALNUT ST,Collision with:  Vehicle in traffic,On Roadway,Broadside (front to side),FTYROW:  Making left turn,None Indicated,,Daylight,Dry,Clear,None apparent,Non-intersection:  Driveway access (within),Paved,,Property Damage Only,0,0,0,0,0,0,4000,2,2,,POINT (-91.147936841156 41.888454435252)
2014828357,14100339,10/15/2014,10-October,4-Wednesday,06:16,0600 Hours,District 5 (Southeast),,WAPELLO,US 63,US 63 & EDDYVILLE RD,Collision with:  Vehicle in traffic,On Roadway,Broadside (front to side),Swerving/Evasive Action,None Indicated,,Dark - roadway not lighted,Dry,Clear,None apparent,Intersection:  T-intersection,Paved,,Property Damage Only,0,0,0,0,0,0,20000,2,2,,POINT (-92.513246028406 41.094980308262)
2014822044,201403745,10/15/2014,10-October,4-Wednesday,20:20,2000 Hours,District 6 (East Central),,LINN,US 151,US 151 & BLAINES CROSSING RD,Collision with:  Animal,,,Animal,None Indicated,,,,,,,Paved,,Property Damage Only,0,0,0,0,0,0,2000,1,1,,POINT (-91.546303688251 41.946427242967)
2014821638,20140030543,10/15/2014,10-October,4-Wednesday,08:26,0800 Hours,District 1 (Central),DES MOINES,POLK,,E UNIVERSITY AVE & E 9TH ST,Collision with:  Vehicle in traffic,On Roadway,"Angle, oncoming left turn",FTYROW:  Making left turn,None Indicated,,Daylight,Dry,Clear,None apparent,Intersection:  Four-way intersection,Paved,,Possible/Unknown,0,1,0,0,0,1,14000,2,4,,POINT (-93.606583683364 41.600397293665)
2014821977,14018150,10/15/2014,10-October,4-Wednesday,20:34,2000 Hours,District 2 (Northeast),MASON CITY,CERRO GORDO,,N TAFT AVE,Collision with:  Animal,On Roadway,Non-collision (single vehicle),Animal,None Indicated,,Dark - roadway not lighted,Dry,Clear,None apparent,Non-intersection:  Non-junction/no special feature,Paved,,Property Damage Only,0,0,0,0,0,0,1500,1,2,,POINT (-93.240679248662 43.154967338409)
2014821925,14-5168,10/15/2014,10-October,4-Wednesday,17:20,1700 Hours,District 1 (Central),WEST DES MOINES,POLK,I-235,I-235 & 22ND ST,Collision with:  Vehicle in traffic,On Roadway,Rear-end (front to rear),Followed too close,None Indicated,,Daylight,Dry,Clear,None apparent,Non-intersection:  Other non-intersection (explain in narrative),Paved,,Property Damage Only,0,0,0,0,0,0,2100,2,2,,POINT (-93.736132201617 41.59284933256)
2014821978,14018152,10/15/2014,10-October,4-Wednesday,20:58,2000 Hours,District 2 (Northeast),MASON CITY,CERRO GORDO,,N GEORGIA AVE,Collision with:  Parked motor vehicle,On Roadway,"Sideswipe, same direction",Unknown,None Indicated,,Dark - roadway not lighted,Dry,Cloudy,None apparent,Non-intersection:  Non-junction/no special feature,Paved,,Property Damage Only,0,0,0,0,0,0,2000,2,1,,POINT (-93.196244292575 43.152251672131)
2014822089,S14-004120,10/15/2014,10-October,4-Wednesday,20:27,2000 Hours,District 4 (Southwest),,POTTAWATTAMIE,,Co Rd L66/340TH ST & SETTER AVE,Collision with:  Animal,,,Animal,None Indicated,,,,,,,Paved,,Property Damage Only,0,0,0,0,0,0,6000,1,1,,POINT (-95.536258229544 41.455391957108)
2014821768,14-043840,10/15/2014,10-October,4-Wednesday,08:00,0800 Hours,District 4 (Southwest),COUNCIL BLUFFS,POTTAWATTAMIE,,S 7TH ST,Collision with:  Vehicle in traffic,On Roadway,"Sideswipe, same direction",Made improper turn,None Indicated,,Daylight,Dry,Clear,None apparent,Non-intersection:  Non-junction/no special feature,Paved,,Property Damage Only,0,0,0,0,0,0,1500,2,3,,POINT (-95.854952104733 41.235046830327)
2014824312,14-1226,10/15/2014,10-October,4-Wednesday,13:30,1300 Hours,District 1 (Central),CLIVE,POLK,US 6,US 6/HICKMAN RD,Collision with:  Vehicle in traffic,On Roadway,Rear-end (front to rear),Other (explain in narrative):  Other,None Indicated,,Daylight,Dry,Clear,None apparent,Intersection:  Four-way intersection,Paved,,Possible/Unknown,0,1,0,0,1,0,2300,2,2,,POINT (-93.791667160014 41.614962268499)
2014825538,2014058546,10/15/2014,10-October,4-Wednesday,05:30,0500 Hours,District 5 (Southeast),,MUSCATINE,US 61,US 61 & Co Rd Y36/ZACHARY AVE,Collision with:  Vehicle in traffic,On Roadway,Rear-end (front to rear),Driver Distraction:  Inattentive/lost in thought,None Indicated,,Dark - roadway not lighted,Dry,Clear,None apparent,Non-intersection:  Non-junction/no special feature,Paved,,Minor Injury,0,1,0,1,0,0,4500,2,2,,POINT (-90.794086401631 41.51280411474)
2014821643,20140030577,10/15/2014,10-October,4-Wednesday,11:25,1100 Hours,District 1 (Central),DES MOINES,POLK,,PARK AVE & FLEUR DR,Collision with:  Vehicle in traffic,On Roadway,Rear-end (front to rear),Followed too close,None Indicated,,Daylight,Dry,Clear,None apparent,Intersection:  Four-way intersection,Paved,,Property Damage Only,0,0,0,0,0,0,3700,3,3,,POINT (-93.644992103507 41.555476173825)
2014822312,14-012552,10/15/2014,10-October,4-Wednesday,22:41,2200 Hours,District 1 (Central),,TAMA,,E AVE,Collision with:  Animal,,,Animal,None Indicated,,,,,,,Unpaved,,Property Damage Only,0,0,0,0,0,0,20000,1,1,,POINT (-92.68854496167 41.928089205279)
2014822605,14-004860,10/15/2014,10-October,4-Wednesday,13:33,1300 Hours,District 1 (Central),AMES,STORY,,S 4TH ST & S HAZEL AVE,Collision with:  Vehicle in traffic,On Roadway,Rear-end (front to rear),Followed too close,None Indicated,,Daylight,Dry,Clear,None apparent,Intersection:  T-intersection,Paved,,Property Damage Only,0,0,0,0,0,0,9000,2,2,,POINT (-93.626744600033 42.01920035869)
2014822007,20140030604,10/15/2014,10-October,4-Wednesday,14:57,1400 Hours,District 1 (Central),DES MOINES,POLK,,COLLEGE AVE & 2ND AVE,Collision with:  Vehicle in traffic,On Roadway,"Angle, oncoming left turn",FTYROW:  From parked position,None Indicated,,Daylight,Dry,Cloudy,None apparent,Non-intersection:  Non-junction/no special feature,Paved,,Property Damage Only,0,0,0,0,0,0,5000,2,4,,POINT (-93.619841448419 41.607703498121)
2014821924,14-043949,10/15/2014,10-October,4-Wednesday,21:19,2100 Hours,District 4 (Southwest),COUNCIL BLUFFS,POTTAWATTAMIE,IA 192,IA 192/N 16TH ST & AVE G,Collision with:  Vehicle in traffic,On Roadway,Broadside (front to side),Ran Traffic Signal,None Indicated,,Dark - roadway lighted,Dry,Clear,None apparent,Intersection:  Four-way intersection,Paved,,Property Damage Only,0,0,0,0,0,0,5500,2,4,,POINT (-95.867475517884 41.267950829124)
2014821841,201415474,10/15/2014,10-October,4-Wednesday,21:33,2100 Hours,District 6 (East Central),CEDAR RAPIDS,LINN,,ROCKFORD RD SW,Collision with:  Vehicle in traffic,On Roadway,Rear-end (front to rear),Lost Control,Alcohol (Statutory),,Dark - roadway lighted,Dry,Cloudy,None apparent,Non-intersection:  Non-junction/no special feature,Paved,,Possible/Unknown,0,1,0,0,1,0,11000,2,6,,POINT (-91.689847185564 41.963349188227)
2014821878,14-34100,10/15/2014,10-October,4-Wednesday,10:39,1000 Hours,District 3 (Northwest),SIOUX CITY,WOODBURY,,W 4TH ST & WEST ST,Collision with:  Parked motor vehicle,On Roadway,Rear-end (front to rear),Other (explain in narrative):  Other,None Indicated,,Daylight,Dry,Clear,None apparent,Intersection:  T-intersection,Paved,,Possible/Unknown,0,1,0,0,1,0,3500,2,1,,POINT (-96.430131433404 42.500346041476)
2014822664,14-6319,10/15/2014,10-October,4-Wednesday,16:20,1600 Hours,District 3 (Northwest),CHEROKEE,CHEROKEE,US 59,US 59/N 2ND ST,Collision with:  Vehicle in traffic,On Roadway,Rear-end (front to rear),Followed too close,None Indicated,,Daylight,Dry,Clear,None apparent,Non-intersection:  Non-junction/no special feature,Paved,,Property Damage Only,0,0,0,0,0,0,11000,2,3,,POINT (-95.551175846492 42.752298964041)
2014822093,14-3288,10/15/2014,10-October,4-Wednesday,16:05,1600 Hours,District 1 (Central),FORT DODGE,WEBSTER,,1ST AVE S,Collision with:  Vehicle in traffic,On Roadway,Rear-end (front to rear),Other (explain in narrative):  Other,None Indicated,,Daylight,Dry,Clear,None apparent,Non-intersection:  Non-junction/no special feature,Paved,,Property Damage Only,0,0,0,0,0,0,4500,2,3,,POINT (-94.164292119237 42.505225098902)
2014821637,20140030539,10/15/2014,10-October,4-Wednesday,07:45,0700 Hours,District 1 (Central),DES MOINES,POLK,I-235,I-235,Collision with:  Vehicle in traffic,On Roadway,Rear-end (front to rear),Other (explain in narrative):  Other,None Indicated,,Daylight,Dry,Clear,None apparent,Non-intersection:  Non-junction/no special feature,Paved,,Minor Injury,0,2,0,2,0,0,9500,3,3,,POINT (-93.633096594324 41.596020947984)
2014822510,14102971,10/15/2014,10-October,4-Wednesday,15:35,1500 Hours,District 2 (Northeast),CEDAR FALLS,BLACK HAWK,,MADISON ST & VIRGIL ST,Collision with:  Vehicle in traffic,On Roadway,Broadside (front to side),Ran Stop Sign,None Indicated,,Daylight,Dry,Clear,None apparent,Intersection:  Four-way intersection,Paved,,Property Damage Only,0,0,0,0,0,0,4250,2,3,,POINT (-92.430067554906 42.519043412416)
2014822488,2014058660,10/15/2014,10-October,4-Wednesday,15:17,1500 Hours,District 3 (Northwest),,OBRIEN,,Co Rd L54/TAFT AVE & 435TH ST,Collision with:  Vehicle in traffic,On Roadway,Broadside (front to side),FTYROW:  From stop sign,None Indicated,,Daylight,Dry,Clear,None apparent,Intersection:  T-intersection,Paved,,Minor Injury,0,2,0,1,1,0,20000,2,2,,POINT (-95.564383161375 43.018458733184)
2014823819,14-36818,10/15/2014,10-October,4-Wednesday,11:38,1100 Hours,District 5 (Southeast),WEST BURLINGTON,DES MOINES,,S GEAR AVE & W HUSTON ST,Collision with:  Vehicle in traffic,On Roadway,Broadside (front to side),FTYROW:  From stop sign,None Indicated,,Daylight,Dry,Cloudy,None apparent,Intersection:  Four-way intersection,Paved,,Possible/Unknown,0,2,0,0,2,0,6000,2,2,,POINT (-91.170035443746 40.822423504946)
2014821867,14-2303,10/15/2014,10-October,4-Wednesday,21:40,2100 Hours,District 1 (Central),URBANDALE,POLK,I-35,I-35,Collision with:  Vehicle in traffic,On Roadway,Rear-end (front to rear),Other (explain in narrative):  Other,Alcohol (Statutory),,Dark - roadway not lighted,Dry,Clear,Work Zone (roadway-related),Interchange-related:  On-ramp merge area,Paved,Yes,Minor Injury,0,1,0,1,0,0,15000,2,2,,POINT (-93.735762320411 41.652163932448)
2014822039,20140003742,10/15/2014,10-October,4-Wednesday,17:48,1700 Hours,District 6 (East Central),,LINN,IA 100,IA 100/COLLINS RD SE & 44TH ST,Collision with:  Vehicle in traffic,On Roadway,"Angle, oncoming left turn",FTYROW:  Making left turn,Alcohol (Statutory),,Daylight,Dry,Cloudy,None apparent,Intersection:  T-intersection,Paved,,Possible/Unknown,0,2,0,0,2,0,17000,2,2,,POINT (-91.561541643643 42.020381532716)
2014822006,20140030597,10/15/2014,10-October,4-Wednesday,14:12,1400 Hours,District 1 (Central),DES MOINES,POLK,,E 22ND ST,Collision with:  Vehicle in traffic,On Roadway,"Sideswipe, opposite direction",Made improper turn,None Indicated,,Daylight,Dry,Clear,None apparent,Non-intersection:  Non-junction/no special feature,Paved,,Property Damage Only,0,0,0,0,0,0,3500,2,2,,POINT (-93.577569833368 41.593872345832)
2014824709,90-14-350,10/15/2014,10-October,4-Wednesday,17:15,1700 Hours,District 2 (Northeast),DAKOTA CITY,HUMBOLDT,,1ST AVE N & 2ND ST N,Collision with:  Vehicle in traffic,On Roadway,Broadside (front to side),FTYROW:  From stop sign,None Indicated,,Daylight,Dry,Clear,None apparent,Intersection:  Four-way intersection,Paved,,Property Damage Only,0,0,0,0,0,0,2000,2,3,,POINT (-94.205817064528 42.722432329882)
2014821857,20140030617,10/15/2014,10-October,4-Wednesday,16:10,1600 Hours,District 1 (Central),DES MOINES,POLK,US 69,US 69/SE 14TH ST,Collision with:  Vehicle in traffic,On Roadway,"Sideswipe, same direction",Unknown,None Indicated,,Daylight,Dry,Clear,None apparent,Non-intersection:  Non-junction/no special feature,Paved,,Property Damage Only,0,0,0,0,0,0,2000,2,2,,POINT (-93.596787769573 41.529579182876)
2014822063,14-32020,10/15/2014,10-October,4-Wednesday,17:10,1700 Hours,District 5 (Southeast),FORT MADISON,LEE,US 61,US 61 & IA 16/IOWA 16,Collision with:  Vehicle in traffic,On Roadway,Broadside (front to side),FTYROW:  From stop sign,None Indicated,,Daylight,Dry,Clear,None apparent,Intersection:  T-intersection,Paved,,Property Damage Only,0,0,0,0,0,0,8000,2,2,,POINT (-91.220005621905 40.722496669279)
2014821679,14-5155,10/15/2014,10-October,4-Wednesday,08:56,0800 Hours,District 4 (Southwest),WEST DES MOINES,DALLAS,,VISTA DR & JORDAN CREEK PKWY,Collision with:  Vehicle in traffic,On Roadway,Broadside (front to side),Ran Traffic Signal,None Indicated,,Daylight,Dry,Clear,None apparent,Intersection:  Four-way intersection,Paved,,Possible/Unknown,0,1,0,0,1,0,6000,2,3,,POINT (-93.809034476274 41.58899973632)
2014822433,2014-013235,10/15/2014,10-October,4-Wednesday,06:19,0600 Hours,District 6 (East Central),,DUBUQUE,,OLD HIGHWAY RD,Collision with fixed object:  Ditch,Roadside,Non-collision (single vehicle),Crossed centerline (undivided),Alcohol (Statutory),,Dark - roadway not lighted,Dry,Cloudy,None apparent,Non-intersection:  Non-junction/no special feature,Paved,,Possible/Unknown,0,1,0,0,1,0,5000,1,1,,POINT (-90.880782060753 42.4554844757)
2014822022,14-004856,10/15/2014,10-October,4-Wednesday,08:42,0800 Hours,District 1 (Central),AMES,STORY,,LINCOLN WAY,Collision with:  Vehicle in traffic,On Roadway,Rear-end (front to rear),Followed too close,None Indicated,,Daylight,Dry,Clear,None apparent,Non-intersection:  Non-junction/no special feature,Paved,,Property Damage Only,0,0,0,0,0,0,4750,4,4,,POINT (-93.660153600119 42.022750801959)
2014821881,14-34131,10/15/2014,10-October,4-Wednesday,15:51,1500 Hours,District 3 (Northwest),SIOUX CITY,WOODBURY,,COOK DR & HAMILTON BLVD & W 28TH ST,Collision with:  Vehicle in traffic,On Roadway,"Angle, oncoming left turn",FTYROW:  Making left turn,None Indicated,,Daylight,Dry,Clear,None apparent,Intersection:  Four-way intersection,Paved,,Property Damage Only,0,0,0,0,0,0,3300,2,2,,POINT (-96.417594231899 42.518801976114)
2014822552,W14-102851,10/15/2014,10-October,4-Wednesday,07:42,0700 Hours,District 2 (Northeast),WATERLOO,BLACK HAWK,,CAROLINA AVE & KIMBALL AVE,Collision with:  Vehicle in traffic,On Roadway,Rear-end (front to rear),Other (explain in narrative):  Other,None Indicated,,Daylight,Dry,Clear,None apparent,Intersection:  Four-way intersection,Paved,,Possible/Unknown,0,2,0,0,2,0,50,2,3,,POINT (-92.357151107551 42.47802326789)
2014830468,201415471,10/15/2014,10-October,4-Wednesday,21:05,2100 Hours,District 6 (East Central),CEDAR RAPIDS,LINN,I-380,I-380,Collision with:  Vehicle in traffic,On Roadway,Rear-end (front to rear),Driving too fast for conditions,None Indicated,,Dark - roadway lighted,Dry,Clear,Work Zone (roadway-related),Non-intersection:  Non-junction/no special feature,Paved,Yes,Property Damage Only,0,0,0,0,0,0,5500,3,3,,POINT (-91.671127546238 41.915858886952)
2014824660,14009221,10/15/2014,10-October,4-Wednesday,01:14,0100 Hours,District 6 (East Central),,BUCHANAN,,CARROLL AVE & 288TH ST,Non-collision events:  Overturn/rollover,Outside trafficway,Non-collision (single vehicle),Made improper turn,None Indicated,,Dark - roadway not lighted,"Mud, dirt",Clear,None apparent,Intersection:  T-intersection,Unpaved,,Property Damage Only,0,0,0,0,0,0,93150,1,1,,POINT (-92.045136637444 42.373280436634)
2014822049,2014-5118,10/15/2014,10-October,4-Wednesday,21:20,2100 Hours,District 4 (Southwest),WAUKEE,DALLAS,US 6,US 6/HICKMAN AVE,Collision with:  Vehicle in traffic,On Roadway,"Sideswipe, same direction",Made improper turn,None Indicated,,Dark - roadway lighted,Dry,Clear,Work Zone (roadway-related),Non-intersection:  Non-junction/no special feature,Paved,Yes,Property Damage Only,0,0,0,0,0,0,9000,2,2,,POINT (-93.842858219589 41.614994646758)
2014821855,20140030587,10/15/2014,10-October,4-Wednesday,12:59,1200 Hours,District 1 (Central),DES MOINES,POLK,,MLK JR PKWY & INGERSOLL AVE,Collision with:  Vehicle in traffic,On Roadway,Rear-end (front to rear),Lost Control,None Indicated,,Daylight,Dry,Clear,None apparent,Intersection:  Four-way intersection,Paved,,Property Damage Only,0,0,0,0,0,0,3000,2,2,,POINT (-93.644777356589 41.585741818722)
2014822489,2014058665,10/15/2014,10-October,4-Wednesday,16:15,1600 Hours,District 3 (Northwest),,CALHOUN,US 20,US 20/US20,Collision with:  Vehicle in traffic,On Roadway,Rear-end (front to rear),Lost Control,None Indicated,,Daylight,Dry,Clear,None apparent,Non-intersection:  Non-junction/no special feature,Paved,,Minor Injury,0,1,0,1,0,0,60000,2,2,,POINT (-94.57159572687 42.449634024826)
2014821724,14-1646,10/15/2014,10-October,4-Wednesday,06:48,0600 Hours,District 1 (Central),,GREENE,US 30,US 30/220TH,Collision with:  Animal,,,Animal,None Indicated,,,,,,,Paved,,Property Damage Only,0,0,0,0,0,0,5000,1,1,,POINT (-94.286861006817 42.034574303972)
2014822434,2014-013240,10/15/2014,10-October,4-Wednesday,23:01,2300 Hours,District 6 (East Central),DUBUQUE,DUBUQUE,US 61,US 61,Collision with:  Animal,,,Animal,None Indicated,,,,,,,Paved,,Property Damage Only,0,0,0,0,0,0,5000,1,1,,POINT (-90.694796450529 42.412909204232)
2014821859,20140030640,10/15/2014,10-October,4-Wednesday,19:50,1900 Hours,District 1 (Central),DES MOINES,POLK,,UNIVERSITY AVE & 13TH ST,Collision with:  Vehicle in traffic,On Roadway,"Sideswipe, same direction",FTYROW:  From stop sign,None Indicated,,Dark - roadway lighted,Dry,Clear,None apparent,Intersection:  Four-way intersection,Paved,,Property Damage Only,0,0,0,0,0,0,4000,2,4,,POINT (-93.634195747011 41.600437441889)
2014821909,14-043922,10/15/2014,10-October,4-Wednesday,17:29,1700 Hours,District 4 (Southwest),COUNCIL BLUFFS,POTTAWATTAMIE,I-29,I-29 & US 275/OMAHA BRIDGE RD & IA 92,Collision with:  Vehicle in traffic,On Roadway,Rear-end (front to rear),Followed too close,None Indicated,,Daylight,Dry,Clear,None apparent,Non-intersection:  Other non-intersection (explain in narrative),Paved,,Property Damage Only,0,0,0,0,0,0,3750,2,2,,POINT (-95.832445761081 41.220301195651)
2014823025,2014058671,10/15/2014,10-October,4-Wednesday,16:44,1600 Hours,District 2 (Northeast),,BLACK HAWK,US 63,US 63/LOGAN AVE,Collision with:  Vehicle in traffic,On Roadway,Rear-end (front to rear),Other (explain in narrative):  No improper action,None Indicated,,Daylight,Dry,Clear,None apparent,Non-intersection:  Driveway access (within),Paved,,Major Injury,0,1,1,0,0,0,6200,2,2,,POINT (-92.337580851822 42.616924622563)
2014821937,14014672,10/15/2014,10-October,4-Wednesday,15:18,1500 Hours,District 5 (Southeast),CENTERVILLE,APPANOOSE,IA 5,IA 5/S 18TH ST,Collision with:  Vehicle in traffic,On Roadway,Rear-end (front to rear),Lost Control,None Indicated,,Daylight,Dry,Clear,None apparent,Non-intersection:  Non-junction/no special feature,Paved,,Possible/Unknown,0,1,0,0,1,0,8500,2,2,,POINT (-92.867908978296 40.719625673652)
2014821677,14-5151,10/15/2014,10-October,4-Wednesday,07:56,0700 Hours,District 1 (Central),WEST DES MOINES,POLK,,ASHWORTH RD & MAPLENOL DR,Collision with:  Vehicle in traffic,On Roadway,Rear-end (front to rear),Other (explain in narrative):  Other,None Indicated,,Daylight,Dry,Clear,None apparent,Intersection:  T-intersection,Paved,,Property Damage Only,0,0,0,0,0,0,4000,2,2,,POINT (-93.759433281792 41.584672342396)
2014822486,2014058564,10/15/2014,10-October,4-Wednesday,07:45,0700 Hours,District 4 (Southwest),,POTTAWATTAMIE,I-680,I-680,Collision with:  Animal,,,Animal,None Indicated,,,,,,,Paved,,Property Damage Only,0,0,0,0,0,0,6000,1,1,,POINT (-95.675275073694 41.498226919216)
2014823665,N14000556,10/15/2014,10-October,4-Wednesday,17:00,1700 Hours,District 6 (East Central),NORTH LIBERTY,JOHNSON,,PENN ST & HWY 965,Collision with:  Vehicle in traffic,On Roadway,"Sideswipe, same direction",Driver Distraction:  Passenger,None Indicated,,Daylight,Dry,Clear,None apparent,Intersection:  Four-way intersection,Paved,,Property Damage Only,0,0,0,0,0,0,1800,2,3,,POINT (-91.607586801355 41.752184893036)
2014821715,14-043850,10/15/2014,10-October,4-Wednesday,09:52,0900 Hours,District 4 (Southwest),COUNCIL BLUFFS,POTTAWATTAMIE,,5TH AVE & S 8TH ST,Collision with:  Vehicle in traffic,On Roadway,Broadside (front to side),FTYROW:  From stop sign,None Indicated,,Daylight,Dry,Clear,None apparent,Intersection:  Four-way intersection,Paved,,Property Damage Only,0,0,0,0,0,0,6000,2,3,,POINT (-95.856053175885 41.257031079985)
2014821880,14-34125,10/15/2014,10-October,4-Wednesday,13:58,1300 Hours,District 3 (Northwest),SIOUX CITY,WOODBURY,,W 7TH ST,Non-collision events:  Other non-collision (explain in narrative),On Roadway,Non-collision (single vehicle),Traveling wrong way or on wrong side of road,None Indicated,,Daylight,Dry,Clear,None apparent,Non-intersection:  Non-junction/no special feature,Paved,,Property Damage Only,0,0,0,0,0,0,1500,1,1,,POINT (-96.420578472127 42.504125626175)
2014821716,14-043851,10/15/2014,10-October,4-Wednesday,09:50,0900 Hours,District 4 (Southwest),COUNCIL BLUFFS,POTTAWATTAMIE,,W BROADWAY,Collision with:  Vehicle in traffic,On Roadway,Rear-end (front to rear),Other (explain in narrative):  No improper action,None Indicated,,Daylight,Dry,Clear,None apparent,Non-intersection:  Non-junction/no special feature,Paved,,Property Damage Only,0,0,0,0,0,0,9000,2,3,,POINT (-95.8463022771 41.261974066689)
2014821913,14-20121,10/15/2014,10-October,4-Wednesday,11:52,1100 Hours,District 6 (East Central),BETTENDORF,SCOTT,US 67,US 67/RIVER DR,Collision with:  Other non-fixed object (explain in narrative),On Roadway,"Sideswipe, opposite direction",Cargo/equipment loss or shift,None Indicated,,Daylight,Dry,Cloudy,None apparent,Non-intersection:  Non-junction/no special feature,Paved,,Property Damage Only,0,0,0,0,0,0,3000,2,2,,POINT (-90.529637258154 41.526212345733)
2014822440,2014-038772,10/15/2014,10-October,4-Wednesday,18:54,1800 Hours,District 6 (East Central),DUBUQUE,DUBUQUE,,PLAZA DR,Collision with:  Vehicle in traffic,On Roadway,Broadside (front to side),FTYROW:  From driveway,None Indicated,,Dark - roadway lighted,Dry,Cloudy,None apparent,Non-intersection:  Driveway access (within),Paved,,Property Damage Only,0,0,0,0,0,0,6000,2,3,,POINT (-90.739366827196 42.522203051979)
2014821856,20140030600,10/15/2014,10-October,4-Wednesday,15:04,1500 Hours,District 1 (Central),DES MOINES,POLK,,E DOUGLAS AVE & CORNELL ST,Collision with:  Vehicle in traffic,On Roadway,Broadside (front to side),Ran Stop Sign,None Indicated,,Daylight,Dry,Clear,None apparent,Intersection:  Four-way intersection,Paved,,Possible/Unknown,0,1,0,0,1,0,1800,2,2,,POINT (-93.61514055369 41.629553206488)
2014821933,2014-5106,10/15/2014,10-October,4-Wednesday,13:50,1300 Hours,District 4 (Southwest),WAUKEE,DALLAS,,LAUREL ST & CAREFREE LN,Collision with:  Vehicle in traffic,On Roadway,"Angle, oncoming left turn",FTYROW:  From stop sign,None Indicated,,Daylight,Dry,Clear,None apparent,Intersection:  T-intersection,Paved,,Property Damage Only,0,0,0,0,0,0,20000,2,2,,POINT (-93.869143123285 41.614060330616)
2014821816,W14-102856,10/15/2014,10-October,4-Wednesday,08:35,0800 Hours,District 2 (Northeast),WATERLOO,BLACK HAWK,,E RIDGEWAY AVE & BALTIMORE ST,Collision with:  Vehicle in traffic,On Roadway,"Angle, oncoming left turn",Ran Stop Sign,None Indicated,,Daylight,Dry,Clear,None apparent,Intersection:  Four-way intersection,Paved,,Property Damage Only,0,0,0,0,0,0,6000,2,2,,POINT (-92.3496001864 42.469389066984)
2014821804,,10/15/2014,10-October,4-Wednesday,07:58,0700 Hours,District 4 (Southwest),AUDUBON,AUDUBON,US 71,US 71/MARKET ST & N DIVISION ST,Collision with:  Vehicle in traffic,On Roadway,Broadside (front to side),FTYROW:  From stop sign,None Indicated,,Daylight,Dry,Clear,None apparent,Intersection:  Four-way intersection,Paved,,Possible/Unknown,0,2,0,0,2,0,7000,2,4,,POINT (-94.936960237547 41.724127778317)
2014824750,90-14-000351,10/15/2014,10-October,4-Wednesday,22:10,2200 Hours,District 2 (Northeast),,HUMBOLDT,US 169,US 169/LINCOLN AVE & Co Rd C23/150TH ST,Non-collision events:  Overturn/rollover,On Roadway,Non-collision (single vehicle),Over correcting/over steering,None Indicated,,Dark - roadway not lighted,Dry,Clear,None apparent,Intersection:  Four-way intersection,Paved,,Minor Injury,0,1,0,1,0,0,9000,1,1,,POINT (-94.227283252394 42.834184915195)
2014821642,20140030548,10/15/2014,10-October,4-Wednesday,08:30,0800 Hours,District 1 (Central),DES MOINES,POLK,,WASHINGTON AVE & MLK JR PKWY,Collision with:  Vehicle in traffic,On Roadway,Rear-end (front to rear),Lost Control,None Indicated,,Daylight,Dry,Clear,None apparent,Non-intersection:  Non-junction/no special feature,Paved,,Property Damage Only,0,0,0,0,0,0,7000,2,7,,POINT (-93.644210279728 41.609551112029)
2014821767,2014011552,10/15/2014,10-October,4-Wednesday,01:42,0100 Hours,District 6 (East Central),IOWA CITY,JOHNSON,,CROSS PARK AVE & KEOKUK ST,Collision with:  Vehicle in traffic,On Roadway,"Sideswipe, same direction",Made improper turn,None Indicated,,Dark - roadway lighted,Dry,Clear,None apparent,Non-intersection:  Non-junction/no special feature,Paved,,Property Damage Only,0,0,0,0,0,0,2300,2,3,,POINT (-91.524969524884 41.639073191275)
2014824126,14-007251,10/15/2014,10-October,4-Wednesday,12:05,1200 Hours,District 3 (Northwest),ONAWA,MONONA,,DIAMOND ST,Collision with:  Parked motor vehicle,On Roadway,Rear-end (front to rear),Improper Backing,None Indicated,,Daylight,Dry,Clear,None apparent,Non-intersection:  Non-junction/no special feature,Paved,,Property Damage Only,0,0,0,0,0,0,2000,2,1,,POINT (-96.096411904953 42.0253007796)
2014821845,14-6776,10/15/2014,10-October,4-Wednesday,14:52,1400 Hours,District 1 (Central),,POLK,IA 415,IA 415/2ND AVE & NW 47TH PL & NW 48TH PL,Collision with:  Vehicle in traffic,On Roadway,Broadside (front to side),FTYROW:  Making left turn,None Indicated,,Daylight,Dry,Clear,None apparent,Intersection:  Four-way intersection,Paved,,Property Damage Only,0,0,0,0,0,0,4000,2,2,,POINT (-93.619989293238 41.646947031848)