Iowa DOT Case Number,Law Enforcement Case Number,Date of Crash,Month of Crash,Day of Week,Time of Crash,Hour,DOT District,City Name,County Name,Route with System,Location Description,First Harmful Event,Location of First Harmful Event,Manner of Crash/Collision,Major Cause,Drug or Alcohol ,Environmental Conditions,Light Conditions,Surface Conditions,Weather Conditions,Roadway Contribution,Roadway Type,Roadway Surface,Work Zone,Crash Severity,Number of Fatalities,Number of Injuries,Number of Major Injuries,Number of Minor Injuries,Number of Possible Injuries,Number of Unknown Injuries,Amount of Property Damage,Number of Vehicles Involved,Total Number of Occupants,Travel Direction,Location
2014824866,80-14-332,10/15/2014,10-October,4-Wednesday,07:51,0700 Hours,District 2 (Northeast),HUMBOLDT,HUMBOLDT,,1ST AVE N & 8TH ST N,Collision with:  Vehicle in traffic,On Roadway,Broadside (front to side),Other (explain in narrative):  Vision obstructed,None Indicated,,Daylight,Dry,Clear,None apparent,Intersection:  Four-way intersection,Paved,,Property Damage Only,0,0,0,0,0,0,2050,2,2,,POINT (-94.219246975088 42.722173065517)
2014828358,14100350,10/15/2014,10-October,4-Wednesday,15:08,1500 Hours,District 5 (Southeast),,WAPELLO,IA 149,IA 149/IOWA 149,Collision with:  Vehicle in traffic,On Roadway,Rear-end (front to rear),Swerving/Evasive Action,None Indicated,,Daylight,Dry,Clear,None apparent,Non-intersection:  Non-junction/no special feature,Paved,,Property Damage Only,0,0,0,0,0,0,2000,2,2,,POINT (-92.410135817173 41.145961195882)
2014821846,14-6783,10/15/2014,10-October,4-Wednesday,18:55,1800 Hours,District 1 (Central),URBANDALE,POLK,IA 28,IA 28/MERLE HAY RD,Collision with:  Vehicle in traffic,On Roadway,Rear-end (front to rear),Other (explain in narrative):  Other,None Indicated,,Dark - roadway lighted,Dry,Clear,None apparent,Intersection:  Intersection with ramp,Paved,,Property Damage Only,0,0,0,0,0,0,1600,2,2,,POINT (-93.697664312486 41.650672124702)
2014822658,2014010844,10/15/2014,10-October,4-Wednesday,12:16,1200 Hours,District 1 (Central),MARSHALLTOWN,MARSHALL,IA 14,IA 14/N 3RD AVE & E STATE ST,Collision with:  Vehicle in traffic,On Roadway,"Angle, oncoming left turn",Made improper turn,None Indicated,,Daylight,Dry,Clear,None apparent,Non-intersection:  Non-junction/no special feature,Paved,,Property Damage Only,0,0,0,0,0,0,2800,2,2,,POINT (-92.908026688912 42.050380229224)
2014822817,S14-103104,10/15/2014,10-October,4-Wednesday,21:45,2100 Hours,District 2 (Northeast),,BLACK HAWK,I-380,I-380,Collision with:  Animal,On Roadway,Non-collision (single vehicle),Animal,None Indicated,,Dark - roadway not lighted,Dry,Clear,None apparent,Non-intersection:  Other non-intersection (explain in narrative),Paved,,Property Damage Only,0,0,0,0,0,0,2000,1,1,,POINT (-92.190456321308 42.445509589548)
2014821759,14013589,10/15/2014,10-October,4-Wednesday,07:50,0700 Hours,District 4 (Southwest),GLENWOOD,MILLS,,E SHARP ST,Collision with:  Vehicle in traffic,On Roadway,Rear-end (front to rear),Followed too close,None Indicated,,Daylight,Dry,Clear,None apparent,Non-intersection:  Non-junction/no special feature,Paved,,Possible/Unknown,0,1,0,0,1,0,4200,4,4,,POINT (-95.731625077771 41.048640615039)
2014822403,201400050791,10/15/2014,10-October,4-Wednesday,15:51,1500 Hours,District 5 (Southeast),OTTUMWA,WAPELLO,IA 149,IA 149/KITTERMAN AVE/WAPELLO ST & W 4TH ST,Collision with:  Vehicle in traffic,On Roadway,"Sideswipe, same direction",Improper or erratic lane changing,None Indicated,,Daylight,Dry,Clear,None apparent,Intersection:  Four-way intersection,Paved,,Property Damage Only,0,0,0,0,0,0,2500,2,2,,POINT (-92.414286208149 41.022220882823)
2014822606,14-004864,10/15/2014,10-October,4-Wednesday,17:25,1700 Hours,District 1 (Central),AMES,STORY,,LINCOLN WAY & COLORADO AVE,Collision with:  Vehicle in traffic,On Roadway,Rear-end (front to rear),Followed too close,None Indicated,,Daylight,Dry,Clear,None apparent,Non-intersection:  Non-junction/no special feature,Paved,,Possible/Unknown,0,1,0,0,1,0,5500,2,2,,POINT (-93.663004528449 42.022779401359)
2014822865,SO14002439,10/15/2014,10-October,4-Wednesday,07:30,0700 Hours,District 3 (Northwest),,PLYMOUTH,,Co Rd K64/OYENS AVE,Collision with:  Vehicle in traffic,On Roadway,Rear-end (front to rear),Unknown,None Indicated,,Daylight,Dry,Clear,None apparent,Non-intersection:  Non-junction/no special feature,Paved,,Minor Injury,0,1,0,1,0,0,1000,2,2,,POINT (-96.057525052397 42.741385420554)
2014821866,14-2299,10/15/2014,10-October,4-Wednesday,13:31,1300 Hours,District 1 (Central),URBANDALE,POLK,,DOUGLAS AVE & PATRICIA DR,Collision with:  Vehicle in traffic,On Roadway,Broadside (front to side),FTYROW:  From stop sign,None Indicated,,Daylight,Dry,Clear,None apparent,Intersection:  Four-way intersection,Paved,,Property Damage Only,0,0,0,0,0,0,2000,2,2,,POINT (-93.752501550659 41.629294515893)
2014828578,2014058711,10/15/2014,10-October,4-Wednesday,22:45,2200 Hours,District 6 (East Central),,DELAWARE,IA 3,IA 3/IOWA 3,Collision with fixed object:  Ditch,Roadside,Non-collision (single vehicle),Ran off road - right,Drug,,Dark - roadway not lighted,Dry,Clear,None apparent,Non-intersection:  Driveway access (within),Paved,,Property Damage Only,0,0,0,0,0,0,1500,1,1,,POINT (-91.413385934455 42.644378235371)
2014822691,14-001196,10/15/2014,10-October,4-Wednesday,15:13,1500 Hours,District 1 (Central),,STORY,,Co Rd R63/N DAYTON AVE & RIVERSIDE RD,Collision with:  Vehicle in traffic,On Roadway,"Angle, oncoming left turn",FTYROW:  Making left turn,None Indicated,,Daylight,Dry,Clear,None apparent,Intersection:  T-intersection,Paved,,Minor Injury,0,1,0,1,0,0,6500,2,3,,POINT (-93.581577787854 42.06357921221)
2014821923,S14-004116,10/15/2014,10-October,4-Wednesday,11:50,1100 Hours,District 4 (Southwest),,POTTAWATTAMIE,IA 92,IA 92/OMAHA BRIDGE RD/IOWA 92 & VALLEY VIEW DR,Collision with:  Vehicle in traffic,On Roadway,Broadside (front to side),Ran Traffic Signal,None Indicated,,Daylight,Dry,Clear,None apparent,Intersection:  Four-way intersection,Paved,,Property Damage Only,0,0,0,0,0,0,6800,2,2,,POINT (-95.818105913754 41.229137361819)
2014823209,201400003743,10/15/2014,10-October,4-Wednesday,18:53,1800 Hours,District 6 (East Central),,LINN,,Co Rd E36/BLAIRS FERRY RD,Collision with:  Animal,,,Animal,None Indicated,,,,,,,Paved,,Property Damage Only,0,0,0,0,0,0,1500,1,1,,POINT (-91.724788706898 42.04043239836)
2014823923,14193,10/15/2014,10-October,4-Wednesday,17:50,1700 Hours,District 5 (Southeast),PELLA,MARION,,E UNIVERSITY ST & E 13TH ST,Collision with:  Vehicle in traffic,On Roadway,Broadside (front to side),FTYROW:  From stop sign,None Indicated,,Daylight,Dry,Clear,None apparent,Intersection:  Four-way intersection,Paved,,Property Damage Only,0,0,0,0,0,0,5500,2,4,,POINT (-92.898684885467 41.400276039743)
2014822404,201400050827,10/15/2014,10-October,4-Wednesday,21:05,2100 Hours,District 5 (Southeast),OTTUMWA,WAPELLO,,GRANT ST & E 6TH ST & N JEFFERSON ST,Collision with:  Vehicle in traffic,On Roadway,Rear-end (front to rear),Other (explain in narrative):  Other,None Indicated,,Dark - roadway lighted,Dry,Clear,None apparent,Non-intersection:  Non-junction/no special feature,Paved,,Minor Injury,0,2,0,1,1,0,10000,2,3,,POINT (-92.405233581176 41.018373090244)
2014823024,2014058614,10/15/2014,10-October,4-Wednesday,10:22,1000 Hours,District 1 (Central),DES MOINES,POLK,US 69,US 69/SE 14TH ST & E RAILROAD AVE,Collision with:  Vehicle in traffic,On Roadway,Rear-end (front to rear),Followed too close,None Indicated,,Daylight,Dry,Clear,None apparent,Non-intersection:  Non-junction/no special feature,Paved,,Possible/Unknown,0,1,0,0,1,0,5500,3,5,,POINT (-93.596881682013 41.578893714273)
2014823023,2014058574,10/15/2014,10-October,4-Wednesday,08:30,0800 Hours,District 1 (Central),,MARSHALL,IA 14,IA 14/SANFORD AVE,Collision with:  Vehicle in traffic,On Roadway,Rear-end (front to rear),Driver Distraction:  Passenger,None Indicated,,Daylight,Dry,Cloudy,Work Zone (roadway-related),Non-intersection:  Non-junction/no special feature,Paved,Yes,Property Damage Only,0,0,0,0,0,0,2100,2,3,,POINT (-92.904234044991 42.177737858268)
2014822439,2014-038770,10/15/2014,10-October,4-Wednesday,15:40,1500 Hours,District 6 (East Central),DUBUQUE,DUBUQUE,,UNIVERSITY AVE & MCCORMICK ST,Collision with:  Vehicle in traffic,On Roadway,Rear-end (front to rear),Lost Control,None Indicated,,Daylight,Dry,Cloudy,None apparent,Intersection:  T-intersection,Paved,,Property Damage Only,0,0,0,0,0,0,1800,2,2,,POINT (-90.69320285379 42.499057757089)
2014822066,2014-22460,10/15/2014,10-October,4-Wednesday,15:57,1500 Hours,District 5 (Southeast),,WARREN,,ILLINOIS ST,Non-collision events:  Overturn/rollover,On Roadway,Non-collision (single vehicle),Lost Control,None Indicated,,Daylight,Dry,Clear,None apparent,Non-intersection:  Non-junction/no special feature,Unpaved,,Possible/Unknown,0,1,0,0,1,0,6000,1,1,,POINT (-93.484869191535 41.378716714592)
2014821943,14008931,10/15/2014,10-October,4-Wednesday,19:07,1900 Hours,District 6 (East Central),MANCHESTER,DELAWARE,,BURRINGTON RD,Collision with:  Animal,,,Animal,None Indicated,,,,,,,Paved,,Property Damage Only,0,0,0,0,0,0,1500,1,1,,POINT (-91.470462693922 42.469286073864)
2014821890,101514D,10/15/2014,10-October,4-Wednesday,14:50,1400 Hours,District 4 (Southwest),,FREMONT,US 59,US 59 & IA 2/IOWA 2,Collision with:  Vehicle in traffic,On Roadway,Rear-end (front to rear),Lost Control,None Indicated,,Daylight,Dry,Clear,None apparent,Intersection:  Four-way intersection,Paved,,Property Damage Only,0,0,0,0,0,0,5000,2,2,,POINT (-95.385364824509 40.742591642182)
2014826505,14-7083,10/15/2014,10-October,4-Wednesday,19:52,1900 Hours,District 6 (East Central),LE CLAIRE,SCOTT,US 67,US 67/CODY RD,Collision with:  Vehicle in traffic,On Roadway,Rear-end (front to rear),Made improper turn,Alcohol (Statutory),,Dark - roadway not lighted,Dry,Clear,None apparent,Non-intersection:  Non-junction/no special feature,Paved,,Possible/Unknown,0,1,0,0,1,0,6500,4,6,,POINT (-90.359514151724 41.586842067468)
2014821825,14156638,10/15/2014,10-October,4-Wednesday,10:03,1000 Hours,District 6 (East Central),SOLON,JOHNSON,,W 5TH ST & E STINOCHER ST & S IOWA ST & E 5TH ST,Collision with:  Vehicle in traffic,On Roadway,Broadside (front to side),Ran Stop Sign,Under Influence of Alcohol/Drugs/Medications,,Daylight,Dry,Cloudy,None apparent,Intersection:  Four-way intersection,Paved,,Property Damage Only,0,0,0,0,0,0,5000,2,2,,POINT (-91.495354180334 41.802188751358)
2014821823,P14-011800,10/15/2014,10-October,4-Wednesday,09:14,0900 Hours,District 1 (Central),WEBSTER CITY,HAMILTON,US 20,US 20/NE RAMP CURV/NW RAMP CURV & IA 17/BRIGGS WOOD RD & SUPERIOR ST,Collision with:  Vehicle in traffic,On Roadway,Rear-end (front to rear),Followed too close,None Indicated,,Daylight,Dry,Cloudy,None apparent,Intersection:  Intersection with ramp,Paved,,Property Damage Only,0,0,0,0,0,0,3850,2,3,,POINT (-93.816023186602 42.451002257758)
2014822043,201403736,10/15/2014,10-October,4-Wednesday,11:37,1100 Hours,District 6 (East Central),,LINN,,Co Rd E48/MT VERNON RD & WILDER DR,Collision with:  Vehicle in traffic,On Roadway,Rear-end (front to rear),Followed too close,None Indicated,,Daylight,Dry,Cloudy,None apparent,Non-intersection:  Non-junction/no special feature,Paved,,Property Damage Only,0,0,0,0,0,0,6000,2,2,,POINT (-91.589151465882 41.976701095965)
2014821627,20140030537,10/15/2014,10-October,4-Wednesday,06:55,0600 Hours,District 1 (Central),DES MOINES,POLK,I-235,I-235,Collision with:  Vehicle in traffic,On Roadway,Rear-end (front to rear),Followed too close,None Indicated,,Dawn,Dry,Clear,None apparent,Non-intersection:  Non-junction/no special feature,Paved,,Property Damage Only,0,0,0,0,0,0,15000,3,3,,POINT (-93.633432373101 41.596001084286)
2014821726,14-5153,10/15/2014,10-October,4-Wednesday,08:06,0800 Hours,District 1 (Central),WEST DES MOINES,POLK,,GRAND AVE,Collision with:  Vehicle in traffic,On Roadway,Rear-end (front to rear),Followed too close,None Indicated,,Daylight,Dry,Clear,None apparent,Non-intersection:  Non-junction/no special feature,Paved,,Property Damage Only,0,0,0,0,0,0,2800,2,2,,POINT (-93.716505506198 41.582245713655)
2014821750,14-0582,10/15/2014,10-October,4-Wednesday,05:45,0500 Hours,District 1 (Central),,WEBSTER,IA 7,IA 7/190TH ST & IOWA AVE,Collision with:  Vehicle in traffic,On Roadway,"Sideswipe, opposite direction",Crossed centerline (undivided),None Indicated,,Dark - roadway not lighted,Dry,Clear,None apparent,Non-intersection:  Non-junction/no special feature,Paved,,Property Damage Only,0,0,0,0,0,0,6000,2,2,,POINT (-94.271041895065 42.515834138906)
2014822731,14-36811,10/15/2014,10-October,4-Wednesday,11:04,1100 Hours,District 5 (Southeast),,DES MOINES,,Co Rd H40/PLEASANT GROVE RD & IOWA CITY RD,Collision with:  Vehicle in traffic,On Roadway,Broadside (front to side),Ran Stop Sign,None Indicated,,Daylight,Dry,Cloudy,None apparent,Intersection:  Four-way intersection,Paved,,Property Damage Only,0,0,0,0,0,0,3000,2,2,,POINT (-91.192084246431 40.972173788099)
2014821620,14-6763,10/15/2014,10-October,4-Wednesday,07:35,0700 Hours,District 1 (Central),GRIMES,POLK,,SE 37TH ST & SE CROSSROADS DR,Collision with:  Vehicle in traffic,On Roadway,Rear-end (front to rear),"Operating vehicle in an reckless, erratic, careless, negligent manner",None Indicated,,Daylight,Dry,Clear,None apparent,Intersection:  T-intersection,Paved,,Property Damage Only,0,0,0,0,0,0,4500,2,2,,POINT (-93.772527002349 41.658515917926)
2014822618,S14-10707,10/16/2014,10-October,5-Thursday,20:13,2000 Hours,District 3 (Northwest),,WOODBURY,,STONE AVE,Collision with:  Animal,,,Animal,None Indicated,,,,,,,Paved,,Property Damage Only,0,0,0,0,0,0,1500,1,1,,POINT (-96.320123203105 42.48235673108)
2014822442,2014-038804,10/16/2014,10-October,5-Thursday,17:47,1700 Hours,District 6 (East Central),DUBUQUE,DUBUQUE,,ASBURY RD,Collision with:  Vehicle in traffic,On Roadway,Rear-end (front to rear),Other (explain in narrative):  Other,None Indicated,,Daylight,Dry,Cloudy,None apparent,Non-intersection:  Non-junction/no special feature,Paved,,Property Damage Only,0,0,0,0,0,0,6500,2,2,,POINT (-90.718362430631 42.511286484979)
2014822209,201415512,10/16/2014,10-October,5-Thursday,16:08,1600 Hours,District 6 (East Central),CEDAR RAPIDS,LINN,,GRANDE AVE SE,Collision with fixed object:  Curb/island/raised median,On Roadway,Non-collision (single vehicle),Exceeded authorized speed,Refused,,Daylight,Dry,Clear,None apparent,Non-intersection:  Non-junction/no special feature,Paved,,Major Injury,0,1,1,0,0,0,13000,1,1,,POINT (-91.630726310341 41.986562256152)
2014822098,14-20992,10/16/2014,10-October,5-Thursday,01:10,0100 Hours,District 6 (East Central),BETTENDORF,SCOTT,I-80,I-80,Collision with:  Animal,,,Animal,None Indicated,,,,,,,Paved,,Property Damage Only,0,0,0,0,0,0,4200,1,1,,POINT (-90.421486908232 41.597643062289)
2014821888,14-044006,10/16/2014,10-October,5-Thursday,10:04,1000 Hours,District 4 (Southwest),COUNCIL BLUFFS,POTTAWATTAMIE,US 6,US 6/KANESVILLE BLVD & FRANK ST,Collision with:  Vehicle in traffic,On Roadway,Broadside (front to side),FTYROW:  Making left turn,None Indicated,,Daylight,Dry,Clear,None apparent,Intersection:  Four-way intersection,Paved,,Possible/Unknown,0,1,0,0,1,0,6000,2,4,,POINT (-95.840224420292 41.266870639092)
2014822032,14-36977,10/16/2014,10-October,5-Thursday,15:57,1500 Hours,District 5 (Southeast),BURLINGTON,DES MOINES,,ANGULAR ST & 9TH ST,Collision with:  Vehicle in traffic,On Roadway,Broadside (front to side),FTYROW:  From stop sign,None Indicated,,Daylight,Dry,Clear,None apparent,Intersection:  Four-way intersection,Paved,,Possible/Unknown,0,1,0,0,1,0,3000,2,3,,POINT (-91.110200192412 40.802001735499)
2014822609,14-004878,10/16/2014,10-October,5-Thursday,17:20,1700 Hours,District 1 (Central),AMES,STORY,US 69,US 69/LINCOLN WAY,Collision with:  Vehicle in traffic,On Roadway,Rear-end (front to rear),Followed too close,None Indicated,,Daylight,Dry,Cloudy,None apparent,Intersection:  Four-way intersection,Paved,,Property Damage Only,0,0,0,0,0,0,2000,2,2,,POINT (-93.611199092299 42.02290483325)
2014822492,2014058749,10/16/2014,10-October,5-Thursday,08:01,0800 Hours,District 1 (Central),,HAMILTON,IA 17,IA 17/BRIGGS WOOD RD,Collision with:  Vehicle in traffic,On Roadway,"Sideswipe, opposite direction",Crossed centerline (undivided),None Indicated,,Daylight,Dry,Clear,None apparent,Non-intersection:  Non-junction/no special feature,Paved,,Major Injury,0,1,1,0,0,0,30000,2,2,,POINT (-93.796024370208 42.299508953298)
2014822002,14-004478,10/16/2014,10-October,5-Thursday,07:43,0700 Hours,District 1 (Central),ANKENY,POLK,I-35,I-35,Collision with:  Vehicle in traffic,On Roadway,Rear-end (front to rear),Other (explain in narrative):  Other,None Indicated,,Daylight,Dry,Clear,None apparent,Non-intersection:  Non-junction/no special feature,Paved,,Property Damage Only,0,0,0,0,0,0,1500,2,2,,POINT (-93.575973154172 41.693553746352)
2014822010,20140030747,10/16/2014,10-October,5-Thursday,16:30,1600 Hours,District 1 (Central),DES MOINES,POLK,,GRAND AVE & 9TH ST,Collision with:  Vehicle in traffic,On Roadway,"Sideswipe, same direction",Unknown,None Indicated,,Daylight,Dry,Cloudy,None apparent,Intersection:  Four-way intersection,Paved,,Property Damage Only,0,0,0,0,0,0,3100,2,2,,POINT (-93.628989338831 41.587000219425)
2014822228,1400000902,10/16/2014,10-October,5-Thursday,17:12,1700 Hours,District 1 (Central),MARSHALLTOWN,MARSHALL,,WEBSTER ST,Collision with:  Vehicle in traffic,On Roadway,Broadside (front to side),FTYROW:  From driveway,None Indicated,,Daylight,Dry,Clear,None apparent,Non-intersection:  Driveway access (within),Paved,,Property Damage Only,0,0,0,0,0,0,2000,2,2,,POINT (-92.775672368635 42.00785776021)
2014821998,14-6815,10/16/2014,10-October,5-Thursday,17:30,1700 Hours,District 1 (Central),GRIMES,POLK,,SW KENNYBROOK DR & S JAMES ST,Collision with:  Vehicle in traffic,On Roadway,Rear-end (front to rear),Followed too close,None Indicated,,Daylight,Dry,Cloudy,None apparent,Intersection:  T-intersection,Paved,,Property Damage Only,0,0,0,0,0,0,5000,2,2,,POINT (-93.794554613687 41.685882384586)
2014821901,14-36912,10/16/2014,10-October,5-Thursday,07:57,0700 Hours,District 5 (Southeast),BURLINGTON,DES MOINES,,SPRING ST & 8TH ST,Collision with:  Vehicle in traffic,On Roadway,Broadside (front to side),FTYROW:  From stop sign,None Indicated,,Daylight,Dry,Clear,None apparent,Intersection:  Four-way intersection,Paved,,Property Damage Only,0,0,0,0,0,0,8000,2,3,,POINT (-91.106481087073 40.816902717412)
2014821966,W14-103373,10/16/2014,10-October,5-Thursday,17:26,1700 Hours,District 2 (Northeast),WATERLOO,BLACK HAWK,,E SAN MARNAN DR & LA PORTE RD,Collision with:  Vehicle in traffic,On Roadway,"Angle, oncoming left turn",FTYROW:  Making left turn,None Indicated,,Daylight,Dry,Clear,None apparent,Intersection:  Other intersection (explain in narrative),Paved,,Property Damage Only,0,0,0,0,0,0,18000,2,2,,POINT (-92.320901849908 42.467358405763)
2014822177,14015454,10/16/2014,10-October,5-Thursday,19:40,1900 Hours,District 6 (East Central),,CEDAR,,Co Rd F44/290TH & DELTA AVE,Collision with:  Vehicle in traffic,,,Animal,None Indicated,,,,,,,Paved,,Property Damage Only,0,0,0,0,0,0,3000,1,1,,POINT (-91.307554866386 41.67116732082)
2014821847,20140030672,10/16/2014,10-October,5-Thursday,05:57,0500 Hours,District 1 (Central),DES MOINES,POLK,IA 28,IA 28/IOWA 5,Collision with:  Animal,On Roadway,Non-collision (single vehicle),Animal,None Indicated,,Dark - roadway not lighted,Dry,Clear,None apparent,Non-intersection:  Non-junction/no special feature,Paved,,Property Damage Only,0,0,0,0,0,0,2750,1,1,,POINT (-93.697169191846 41.525519595943)
2014909190,099-14,10/16/2014,10-October,5-Thursday,20:55,2000 Hours,District 4 (Southwest),,MADISON,,220TH ST,Collision with fixed object:  Utility pole/light support,Outside trafficway,Non-collision (single vehicle),Ran off road - left,None Indicated,,Dark - roadway not lighted,Dry,Clear,None apparent,Non-intersection:  Non-junction/no special feature,Unpaved,,Property Damage Only,0,0,0,0,0,0,6000,1,1,,POINT (-93.842333329634 41.331248168019)
2014825061,14HPD0101,10/16/2014,10-October,5-Thursday,12:17,1200 Hours,District 3 (Northwest),HAWARDEN,SIOUX,,7TH ST & AVE D,Collision with fixed object:  Tree,On Roadway,Non-collision (single vehicle),Ran off road - right,None Indicated,,Daylight,Dry,Clear,None apparent,Intersection:  T-intersection,Paved,,Major Injury,0,1,1,0,0,0,38000,1,1,,POINT (-96.49022145232 42.993011138992)
2014823482,2014058748,10/16/2014,10-October,5-Thursday,08:16,0800 Hours,District 6 (East Central),,JOHNSON,IA 1,IA 1/IOWA 1,Collision with:  Vehicle in traffic,On Roadway,Rear-end (front to rear),Followed too close,None Indicated,,Daylight,Dry,Clear,Work Zone (roadway-related),Non-intersection:  Non-junction/no special feature,Paved,Yes,Property Damage Only,0,0,0,0,0,0,10000,2,2,,POINT (-91.642278794015 41.61542554807)
2014822808,14-5420,10/16/2014,10-October,5-Thursday,13:59,1300 Hours,District 6 (East Central),HIAWATHA,LINN,,CENTER POINT RD,Collision with:  Vehicle in traffic,On Roadway,Head-on (front to front),Crossed centerline (undivided),Refused,,Daylight,Dry,Clear,None apparent,Non-intersection:  Non-junction/no special feature,Paved,,Minor Injury,0,2,0,2,0,0,30000,2,2,,POINT (-91.692201085771 42.062338340332)
2014822334,14-043660,10/16/2014,10-October,5-Thursday,16:08,1600 Hours,District 5 (Southeast),MUSCATINE,MUSCATINE,,E 5TH ST & CEDAR ST,Collision with:  Vehicle in traffic,On Roadway,Broadside (front to side),FTYROW:  From stop sign,None Indicated,,Daylight,Dry,Cloudy,None apparent,Intersection:  Four-way intersection,Paved,,Possible/Unknown,0,1,0,0,1,0,2500,2,2,,POINT (-91.045886732442 41.424895784823)
2014822511,14103378,10/16/2014,10-October,5-Thursday,17:43,1700 Hours,District 2 (Northeast),CEDAR FALLS,BLACK HAWK,,20TH ST & MAIN ST,Collision with:  Vehicle in traffic,On Roadway,Broadside (front to side),Ran Stop Sign,None Indicated,,Daylight,Dry,Clear,None apparent,Intersection:  Four-way intersection,Paved,,Possible/Unknown,0,1,0,0,1,0,5000,2,2,,POINT (-92.445863451024 42.519733276403)
2014828667,14103365,10/16/2014,10-October,5-Thursday,17:05,1700 Hours,District 2 (Northeast),CEDAR FALLS,BLACK HAWK,,UNIVERSITY AVE & HUDSON RD,Collision with:  Vehicle in traffic,On Roadway,Rear-end (front to rear),Driver Distraction:  Manual operation of an electronic communication device,None Indicated,,Daylight,Dry,Cloudy,None apparent,Non-intersection:  Non-junction/no special feature,Paved,,Property Damage Only,0,0,0,0,0,0,2750,2,2,,POINT (-92.465537100754 42.506867338181)
2014822088,2014011608,10/16/2014,10-October,5-Thursday,08:05,0800 Hours,District 6 (East Central),IOWA CITY,JOHNSON,,S CAPITOL ST,Collision with:  Vehicle in traffic,On Roadway,Rear-end (front to rear),Followed too close,None Indicated,,Daylight,Dry,Clear,None apparent,Non-intersection:  Other non-intersection (explain in narrative),Paved,,Major Injury,0,1,1,0,0,0,1500,2,2,,POINT (-91.536214685939 41.653087555854)
2014822554,101614-057,10/16/2014,10-October,5-Thursday,06:37,0600 Hours,District 3 (Northwest),,BUENA VISTA,,Co Rd M44/105TH AVE & 580TH ST,Collision with:  Animal,On Roadway,Non-collision (single vehicle),Animal,None Indicated,,Dark - roadway not lighted,Dry,Clear,None apparent,Non-intersection:  Non-junction/no special feature,Paved,,Property Damage Only,0,0,0,0,0,0,1500,1,1,,POINT (-95.200645635412 42.676431888564)
2014822412,14006440,10/16/2014,10-October,5-Thursday,07:00,0700 Hours,District 2 (Northeast),,CERRO GORDO,,Co Rd B47/190TH ST,Collision with:  Animal,,,Animal,None Indicated,,,,,,,Paved,,Property Damage Only,0,0,0,0,0,0,8000,1,1,,POINT (-93.09284539506 43.03808259832)
2014822083,14-20112,10/16/2014,10-October,5-Thursday,07:53,0700 Hours,District 2 (Northeast),,BREMER,IA 188,IA 188/IOWA 188 & DAKOTA AVE,Collision with:  Vehicle in traffic,On Roadway,Broadside (front to side),FTYROW:  From stop sign,None Indicated,,Daylight,Dry,Clear,None apparent,Intersection:  Four-way intersection,Paved,,Fatal,1,0,0,0,0,0,14000,2,2,,POINT (-92.495237068648 42.847556673758)
2014822436,2014-013255,10/16/2014,10-October,5-Thursday,18:47,1800 Hours,District 6 (East Central),,DUBUQUE,US 151,US 151 & Co Rd D53/CUROE RD,Collision with:  Vehicle in traffic,On Roadway,Broadside (front to side),FTYROW:  Other (explain in narrative),None Indicated,,Dark - roadway not lighted,Dry,Cloudy,None apparent,Intersection:  T-intersection,Paved,,Property Damage Only,0,0,0,0,0,0,11000,2,2,,POINT (-90.889103129336 42.326022130669)
2014822068,2014-22530,10/16/2014,10-October,5-Thursday,19:21,1900 Hours,District 5 (Southeast),,WARREN,US 65,US 65 & Co Rd G24/SUMMERSET RD,Collision with:  Vehicle in traffic,On Roadway,Unknown,FTYROW:  Other (explain in narrative),None Indicated,,Dark - roadway not lighted,Dry,Cloudy,None apparent,Intersection:  T-intersection,Paved,,Property Damage Only,0,0,0,0,0,0,1500,2,2,,POINT (-93.558675035184 41.431166299562)
2014821984,14-7646,10/16/2014,10-October,5-Thursday,17:13,1700 Hours,District 3 (Northwest),IDA GROVE,IDA,,HUGHES LN,Collision with:  Parked motor vehicle,On Roadway,Rear-end (front to rear),Unknown,None Indicated,,Daylight,Dry,Clear,None apparent,Non-intersection:  Non-junction/no special feature,Paved,,Property Damage Only,0,0,0,0,0,0,2750,2,1,,POINT (-95.489798337901 42.340606271857)
2014822067,2014-22508,10/16/2014,10-October,5-Thursday,15:50,1500 Hours,District 5 (Southeast),,WARREN,,Co Rd S31/KIRKWOOD ST,Non-collision events:  Overturn/rollover,Shoulder,Non-collision (single vehicle),Ran off road - left,None Indicated,,Daylight,Dry,Clear,None apparent,Non-intersection:  Non-junction/no special feature,Paved,,Property Damage Only,0,0,0,0,0,0,7000,1,1,,POINT (-93.35877544562 41.342184510762)
2014822171,W14-103203,10/16/2014,10-October,5-Thursday,09:36,0900 Hours,District 2 (Northeast),WATERLOO,BLACK HAWK,,HAWTHORNE AVE,Collision with:  Parked motor vehicle,On Roadway,Unknown,Unknown,None Indicated,,Daylight,Unknown,Unknown,Unknown,Unknown,Paved,,Property Damage Only,0,0,0,0,0,0,1500,2,1,,POINT (-92.342421155942 42.48119982263)
2014821862,20140030669,10/16/2014,10-October,5-Thursday,04:20,0400 Hours,District 1 (Central),DES MOINES,POLK,IA 28,IA 28/IOWA 5,Collision with:  Animal,On Roadway,Non-collision (single vehicle),Animal,None Indicated,,Dark - roadway not lighted,Dry,Clear,None apparent,Non-intersection:  Non-junction/no special feature,Paved,,Property Damage Only,0,0,0,0,0,0,1500,1,1,,POINT (-93.697073791369 41.524448300896)