Iowa DOT Case Number,Law Enforcement Case Number,Date of Crash,Month of Crash,Day of Week,Time of Crash,Hour,DOT District,City Name,County Name,Route with System,Location Description,First Harmful Event,Location of First Harmful Event,Manner of Crash/Collision,Major Cause,Drug or Alcohol ,Environmental Conditions,Light Conditions,Surface Conditions,Weather Conditions,Roadway Contribution,Roadway Type,Roadway Surface,Work Zone,Crash Severity,Number of Fatalities,Number of Injuries,Number of Major Injuries,Number of Minor Injuries,Number of Possible Injuries,Number of Unknown Injuries,Amount of Property Damage,Number of Vehicles Involved,Total Number of Occupants,Travel Direction,Location
2014821900,14-36911,10/16/2014,10-October,5-Thursday,07:39,0700 Hours,District 5 (Southeast),BURLINGTON,DES MOINES,,MAPLE ST & CENTRAL AVE,Collision with:  Vehicle in traffic,On Roadway,Broadside (front to side),FTYROW:  From stop sign,None Indicated,,Daylight,Dry,Clear,None apparent,Intersection:  Four-way intersection,Paved,,Property Damage Only,0,0,0,0,0,0,2500,2,3,,POINT (-91.112618475909 40.804509475124)
2014822074,2014-0438,10/16/2014,10-October,5-Thursday,07:48,0700 Hours,District 5 (Southeast),NORWALK,WARREN,,80TH AVE & SHADY LANE DR,Collision with:  Vehicle in traffic,On Roadway,"Sideswipe, same direction",Other (explain in narrative):  Vision obstructed,None Indicated,,Dawn,Dry,Clear,None apparent,Non-intersection:  Non-junction/no special feature,Paved,,Property Damage Only,0,0,0,0,0,0,2700,2,1,,POINT (-93.655022392943 41.477559890753)
2014821882,14-34200,10/16/2014,10-October,5-Thursday,07:02,0700 Hours,District 3 (Northwest),SIOUX CITY,WOODBURY,,MARSHALL AVE & S FAIRMOUNT ST,Collision with:  Vehicle in traffic,On Roadway,"Sideswipe, opposite direction",Traveling wrong way or on wrong side of road,None Indicated,,Dawn,Dry,Clear,None apparent,Intersection:  Four-way intersection,Paved,,Possible/Unknown,0,1,0,0,1,0,6500,2,3,,POINT (-96.374372375931 42.483345908516)
2014826340,,10/16/2014,10-October,5-Thursday,17:47,1700 Hours,District 2 (Northeast),,WINNESHIEK,,315TH AVE,Non-collision events:  Other non-collision (explain in narrative),On Roadway,Non-collision (single vehicle),Swerving/Evasive Action,None Indicated,,Daylight,"Mud, dirt",Cloudy,"Surface condition (e.g., wet, icy)",Non-intersection:  Non-junction/no special feature,Unpaved,,Property Damage Only,0,0,0,0,0,0,7000,1,1,,POINT (-92.022495715943 43.119843192743)
2014822169,W14-103210,10/16/2014,10-October,5-Thursday,09:50,0900 Hours,District 2 (Northeast),WATERLOO,BLACK HAWK,,OLESON RD & HAMMOND AVE,Collision with:  Vehicle in traffic,On Roadway,Rear-end (front to rear),Followed too close,None Indicated,,Daylight,Dry,Clear,None apparent,Intersection:  T-intersection,Paved,,Property Damage Only,0,0,0,0,0,0,6000,2,2,,POINT (-92.336841773656 42.468037123272)
2014824683,2014058844,10/16/2014,10-October,5-Thursday,15:32,1500 Hours,District 5 (Southeast),,HENRY,US 34,US 34/US 34 NW RAMP & IA 438/OLD HWY 218 & JEWEL AVE,Non-collision events:  Overturn/rollover,On Roadway,Non-collision (single vehicle),Unknown,None Indicated,,Daylight,Dry,Clear,None apparent,Interchange-related:  On-ramp,Paved,,Minor Injury,0,1,0,1,0,0,15000,1,1,,POINT (-91.544178243275 40.990652660324)
2014826783,2014058767,10/16/2014,10-October,5-Thursday,09:52,0900 Hours,District 5 (Southeast),,WASHINGTON,US 218,US 218,Non-collision events:  Other non-collision (explain in narrative),On Roadway,Non-collision (single vehicle),Lost Control,None Indicated,,Daylight,Dry,Clear,None apparent,Non-intersection:  Non-junction/no special feature,Paved,,Possible/Unknown,0,1,0,0,1,0,3000,1,1,,POINT (-91.550460442106 41.450655193636)
2014822207,201415499,10/16/2014,10-October,5-Thursday,11:21,1100 Hours,District 6 (East Central),CEDAR RAPIDS,LINN,,32ND ST NE & LINDALE AVE NE,Collision with:  Vehicle in traffic,On Roadway,"Sideswipe, same direction",Other (explain in narrative):  Other,None Indicated,,Daylight,Dry,Clear,None apparent,Intersection:  T-intersection,Paved,,Property Damage Only,0,0,0,0,0,0,1650,2,2,,POINT (-91.641950021266 42.009986155355)
2014822112,14-044062,10/16/2014,10-October,5-Thursday,17:55,1700 Hours,District 4 (Southwest),COUNCIL BLUFFS,POTTAWATTAMIE,,23RD AVE & S 24TH ST,Unknown,On Roadway,Non-collision (single vehicle),Unknown,None Indicated,,Daylight,"Mud, dirt",Clear,None apparent,Non-intersection:  Non-junction/no special feature,Paved,,Minor Injury,0,1,0,1,0,0,1500,1,1,,POINT (-95.879504180502 41.239082250061)
2014823483,2014058840,10/16/2014,10-October,5-Thursday,15:04,1500 Hours,District 6 (East Central),,JOHNSON,,Co Rd W4F/SANDY BEACH RD & MOHAWK RD,Collision with fixed object:  Ditch,Shoulder,Non-collision (single vehicle),Ran off road - right,None Indicated,,Daylight,Dry,Clear,None apparent,Intersection:  Y-intersection,Paved,,Fatal,1,0,0,0,0,0,9000,1,1,,POINT (-91.623142211173 41.827371195082)
2014821989,14021837,10/16/2014,10-October,5-Thursday,22:31,2200 Hours,District 6 (East Central),MARION,LINN,,5TH AVE & 1ST ST,Collision with:  Vehicle in traffic,On Roadway,"Angle, oncoming left turn",Made improper turn,None Indicated,,Dark - roadway lighted,Dry,Clear,None apparent,Non-intersection:  Non-junction/no special feature,Paved,,Property Damage Only,0,0,0,0,0,0,8000,2,5,,POINT (-91.61049131664 42.030513349698)
2014824033,14-103159,10/16/2014,10-October,5-Thursday,04:47,0400 Hours,District 2 (Northeast),,BLACK HAWK,IA 281,IA 281/INDEPENDENCE AVE,Collision with fixed object:  Culvert/pipe opening,On Roadway,Non-collision (single vehicle),Crossed centerline (undivided),None Indicated,,Dark - roadway lighted,Dry,Clear,None apparent,Non-intersection:  Non-junction/no special feature,Paved,,Minor Injury,0,4,0,1,3,0,15000,1,4,,POINT (-92.254692719368 42.498125203165)
2014823161,14-004883,10/16/2014,10-October,5-Thursday,19:53,1900 Hours,District 1 (Central),AMES,STORY,US 69,US 69/LINCOLN WAY,Collision with:  Vehicle in traffic,On Roadway,Rear-end (front to rear),Followed too close,None Indicated,,Dark - roadway lighted,Dry,Clear,None apparent,Non-intersection:  Non-junction/no special feature,Paved,,Property Damage Only,0,0,0,0,0,0,7000,2,3,,POINT (-93.615945800906 42.02287045172)
2014836091,14-07207,10/16/2014,10-October,5-Thursday,15:38,1500 Hours,District 2 (Northeast),OELWEIN,FAYETTE,,1ST AVE SW,Collision with:  Vehicle in traffic,On Roadway,Rear-end (front to rear),FTYROW:  From stop sign,None Indicated,,Daylight,Dry,Clear,None apparent,Unknown,Paved,,Property Damage Only,0,0,0,0,0,0,1500,2,2,,POINT (-91.914582784103 42.677006619209)
2014822094,CL14003661,10/16/2014,10-October,5-Thursday,07:47,0700 Hours,District 6 (East Central),CLINTON,CLINTON,,5TH AVE S,Collision with:  Parked motor vehicle,On Roadway,Rear-end (front to rear),Unknown,None Indicated,,Daylight,Dry,Cloudy,None apparent,Non-intersection:  Non-junction/no special feature,Paved,,Property Damage Only,0,0,0,0,0,0,10000,2,1,,POINT (-90.200414172162 41.841183676089)
2014824779,80-14-333,10/16/2014,10-October,5-Thursday,14:14,1400 Hours,District 2 (Northeast),HUMBOLDT,HUMBOLDT,US 169,US 169/13TH ST N & IA 3/10TH AVE N,Collision with:  Vehicle in traffic,On Roadway,Broadside (front to side),Unknown,None Indicated,,Daylight,Dry,Clear,None apparent,Intersection:  Four-way intersection,Paved,,Property Damage Only,0,0,0,0,0,0,3500,2,2,,POINT (-94.227070514401 42.731815288209)
2014822638,14-1016-20,10/16/2014,10-October,5-Thursday,12:25,1200 Hours,District 5 (Southeast),OSCEOLA,CLARKE,,S TEMPLE ST,Collision with:  Vehicle in traffic,On Roadway,Rear-end (front to rear),FTYROW:  From driveway,None Indicated,,Daylight,Dry,Clear,None apparent,Non-intersection:  Driveway access (within),Paved,,Property Damage Only,0,0,0,0,0,0,6500,2,2,,POINT (-93.770747995941 41.02995997874)
2014835458,,10/16/2014,10-October,5-Thursday,22:30,2200 Hours,District 3 (Northwest),SIOUX CITY,WOODBURY,,W 20TH ST & CENTER ST,Collision with:  Vehicle in traffic,On Roadway,Rear-end (front to rear),Followed too close,None Indicated,,Dark - roadway lighted,Dry,Clear,None apparent,Non-intersection:  Non-junction/no special feature,Paved,,Property Damage Only,0,0,0,0,0,0,4651,2,2,,POINT (-96.421193829617 42.511607947227)
2014823534,14-103190,10/16/2014,10-October,5-Thursday,08:25,0800 Hours,District 2 (Northeast),,BLACK HAWK,US 218,US 218 & W GRESHAM RD,Collision with:  Vehicle in traffic,On Roadway,Rear-end (front to rear),Ran off road - right,None Indicated,,Daylight,Dry,Clear,None apparent,Non-intersection:  Non-junction/no special feature,Paved,,Minor Injury,0,1,0,1,0,0,165000,2,2,,POINT (-92.448829132776 42.628212554335)
2014822405,201400050981,10/16/2014,10-October,5-Thursday,16:45,1600 Hours,District 5 (Southeast),OTTUMWA,WAPELLO,US 34,US 34/COOK AVE,Collision with:  Vehicle in traffic,On Roadway,Rear-end (front to rear),Followed too close,None Indicated,,Daylight,Dry,Clear,None apparent,Interchange-related:  On-ramp merge area,Paved,,Property Damage Only,0,0,0,0,0,0,6500,2,2,,POINT (-92.41865215749 41.012667328452)
2014822973,1443690,10/16/2014,10-October,5-Thursday,18:52,1800 Hours,District 5 (Southeast),,MUSCATINE,US 61,US 61,Collision with:  Animal,On Roadway,Non-collision (single vehicle),Animal,None Indicated,,Dark - roadway not lighted,Dry,Clear,None apparent,Non-intersection:  Non-junction/no special feature,Paved,,Property Damage Only,0,0,0,0,0,0,2000,1,2,,POINT (-90.903213616806 41.516494601606)
2014824661,14009250,10/16/2014,10-October,5-Thursday,18:18,1800 Hours,District 6 (East Central),,BUCHANAN,IA 150,IA 150/JAMESTOWN AVE,Collision with:  Vehicle in traffic,On Roadway,"Angle, oncoming left turn",Crossed centerline (undivided),None Indicated,,Daylight,Dry,Clear,None apparent,Non-intersection:  Driveway access (within),Paved,,Major Injury,0,2,1,1,0,0,5000,2,3,,POINT (-91.889268367958 42.351991109883)
2014821967,W14-103343,10/16/2014,10-October,5-Thursday,15:47,1500 Hours,District 2 (Northeast),WATERLOO,BLACK HAWK,,DUBUQUE RD & COLORADO ST,Collision with:  Vehicle in traffic,On Roadway,Broadside (front to side),FTYROW:  From stop sign,None Indicated,,Daylight,Dry,Clear,None apparent,Intersection:  Four-way intersection,Paved,,Possible/Unknown,0,1,0,0,1,0,12500,2,3,,POINT (-92.311938816499 42.493836188508)
2014822115,C14003294,10/16/2014,10-October,5-Thursday,15:08,1500 Hours,District 6 (East Central),CORALVILLE,JOHNSON,US 6,US 6/2ND ST,Collision with:  Vehicle in traffic,On Roadway,Rear-end (front to rear),Followed too close,None Indicated,,Daylight,Dry,Cloudy,None apparent,Non-intersection:  Non-junction/no special feature,Paved,,Property Damage Only,0,0,0,0,0,0,5000,3,6,,POINT (-91.5627402854 41.667797320219)
2014823541,14-103317,10/16/2014,10-October,5-Thursday,06:53,0600 Hours,District 2 (Northeast),WATERLOO,BLACK HAWK,,Co Rd D38/E WASHBURN RD & HESS RD,Non-collision events:  Overturn/rollover,On Roadway,Non-collision (single vehicle),Ran off road - left,None Indicated,,Daylight,Dry,Clear,None apparent,Non-intersection:  Non-junction/no special feature,Paved,,Minor Injury,0,1,0,1,0,0,4500,1,1,,POINT (-92.317855837906 42.414016293825)
2014822026,14-012623,10/16/2014,10-October,5-Thursday,21:08,2100 Hours,District 1 (Central),,TAMA,US 30,US 30 & H AVE,Collision with:  Animal,,,Animal,None Indicated,,,,,,,Paved,,Property Damage Only,0,0,0,0,0,0,3500,1,1,,POINT (-92.625437996596 41.994559335377)
2014822600,14-1185,10/16/2014,10-October,5-Thursday,16:44,1600 Hours,District 1 (Central),PLEASANT HILL,POLK,IA 163,IA 163/E UNIVERSITY AVE,Collision with:  Vehicle in traffic,On Roadway,Rear-end (front to rear),Followed too close,None Indicated,,Daylight,Dry,Clear,None apparent,Non-intersection:  Non-junction/no special feature,Paved,,Property Damage Only,0,0,0,0,0,0,5000,2,2,,POINT (-93.494107719444 41.598674896553)
2014822435,2014-013246,10/16/2014,10-October,5-Thursday,14:55,1400 Hours,District 6 (East Central),,DUBUQUE,US 151,US 151 & Co Rd Y21/SUNDOWN RD & DRISCOLL RD,Collision with:  Animal,,,Animal,None Indicated,,,,,,,Paved,,Property Damage Only,0,0,0,0,0,0,10000,1,1,,POINT (-90.872401698084 42.332206334077)
2014821884,14-5175,10/16/2014,10-October,5-Thursday,00:05,0000 Hours,District 1 (Central),WEST DES MOINES,POLK,I-80,I-80,Collision with fixed object:  Guardrail - face,On Roadway,Non-collision (single vehicle),Lost Control,None Indicated,,Dark - roadway lighted,Dry,Clear,None apparent,Interchange-related:  On-ramp merge area,Paved,,Property Damage Only,0,0,0,0,0,0,5000,1,1,,POINT (-93.778118905331 41.592203528744)
2014821941,2014011607,10/16/2014,10-October,5-Thursday,08:23,0800 Hours,District 6 (East Central),IOWA CITY,JOHNSON,,ROCHESTER AVE & CLAPP ST,Collision with:  Vehicle in traffic,On Roadway,Rear-end (front to rear),"Operating vehicle in an reckless, erratic, careless, negligent manner",None Indicated,,Daylight,Dry,Clear,None apparent,Non-intersection:  Non-junction/no special feature,Paved,,Property Damage Only,0,0,0,0,0,0,3700,2,2,,POINT (-91.519405505654 41.66393263297)
2014831684,14-007536,10/16/2014,10-October,5-Thursday,07:42,0700 Hours,District 3 (Northwest),,PALO ALTO,US 18,US 18/360 ST,Collision with:  Vehicle in traffic,On Roadway,"Sideswipe, same direction",Crossed centerline (undivided),None Indicated,,Daylight,Dry,Clear,None apparent,Non-intersection:  Non-junction/no special feature,Paved,,Property Damage Only,0,0,0,0,0,0,3500,2,2,,POINT (-94.770112349521 43.126560663323)
2014823119,1425580,10/16/2014,10-October,5-Thursday,11:34,1100 Hours,District 5 (Southeast),,MARION,,Co Rd G76/HWY G76 & Co Rd S45/50TH PL,Collision with:  Vehicle in traffic,On Roadway,Broadside (front to side),FTYROW:  From stop sign,None Indicated,,Daylight,Dry,Clear,None apparent,Intersection:  Four-way intersection,Paved,,Property Damage Only,0,0,0,0,0,0,13000,2,3,,POINT (-93.251753750654 41.21168422042)
2014821942,2014011621,10/16/2014,10-October,5-Thursday,12:03,1200 Hours,District 6 (East Central),IOWA CITY,JOHNSON,,N DUBUQUE ST,Collision with:  Vehicle in traffic,On Roadway,Rear-end (front to rear),Followed too close,None Indicated,,Daylight,Dry,Clear,None apparent,Non-intersection:  Non-junction/no special feature,Paved,,Possible/Unknown,0,1,0,0,1,0,7000,2,3,,POINT (-91.532723492486 41.674092037979)
2014822493,2014058803,10/16/2014,10-October,5-Thursday,12:45,1200 Hours,District 3 (Northwest),,POCAHONTAS,,Co Rd C56/590TH ST & Co Rd N65/290TH AVE,Collision with:  Vehicle in traffic,On Roadway,Broadside (front to side),FTYROW:  From stop sign,None Indicated,,Daylight,Dry,Clear,None apparent,Intersection:  Four-way intersection,Paved,,Minor Injury,0,3,0,3,0,0,38000,2,4,,POINT (-94.540413377555 42.630780412988)
2014822692,14-001200,10/16/2014,10-October,5-Thursday,10:18,1000 Hours,District 1 (Central),,STORY,US 69,US 69,Collision with:  Vehicle in traffic,On Roadway,Rear-end (front to rear),Followed too close,None Indicated,,Daylight,Dry,Clear,None apparent,Non-intersection:  Non-junction/no special feature,Paved,,Possible/Unknown,0,1,0,0,1,0,25000,2,2,,POINT (-93.620406460997 42.188213806412)
2014822052,14-017705,10/16/2014,10-October,5-Thursday,05:45,0500 Hours,District 5 (Southeast),,HENRY,US 34,US 34,Collision with fixed object:  Guardrail - face,On Roadway,Non-collision (single vehicle),Swerving/Evasive Action,None Indicated,,Dark - roadway not lighted,Dry,Clear,None apparent,Non-intersection:  Non-junction/no special feature,Paved,,Property Damage Only,0,0,0,0,0,0,2500,1,1,,POINT (-91.630724085371 40.969977266076)
2014822208,201415509,10/16/2014,10-October,5-Thursday,15:15,1500 Hours,District 6 (East Central),CEDAR RAPIDS,LINN,,MT VERNON RD SE & MOUNT VERNON RD SE & 19TH ST SE,Collision with:  Vehicle in traffic,On Roadway,"Sideswipe, same direction",Crossed centerline (undivided),None Indicated,,Daylight,Dry,Clear,None apparent,Intersection:  T-intersection,Paved,,Property Damage Only,0,0,0,0,0,0,3000,2,3,,POINT (-91.642176470851 41.977187496014)
2014822077,CL14003670,10/16/2014,10-October,5-Thursday,22:10,2200 Hours,District 6 (East Central),CLINTON,CLINTON,IA 136,IA 136/IOWA 136 & ROOSEVELT ST,Collision with:  Vehicle in traffic,On Roadway,Broadside (front to side),Ran Stop Sign,None Indicated,,Dark - roadway lighted,Dry,Clear,None apparent,Intersection:  Four-way intersection,Paved,,Possible/Unknown,0,1,0,0,1,0,3000,2,3,,POINT (-90.180934450309 41.865985814609)
2014822075,2014-72615,10/16/2014,10-October,5-Thursday,14:15,1400 Hours,District 6 (East Central),DAVENPORT,SCOTT,I-280,I-280,Collision with:  Vehicle in traffic,On Roadway,"Sideswipe, same direction",Swerving/Evasive Action,None Indicated,,Daylight,Dry,Clear,Debris,Non-intersection:  Other non-intersection (explain in narrative),Paved,,Property Damage Only,0,0,0,0,0,0,5000,2,3,,POINT (-90.652374132983 41.493416298455)
2014822384,146105,10/16/2014,10-October,5-Thursday,19:20,1900 Hours,District 1 (Central),,HARDIN,US 20,US 20,Collision with:  Animal,,,Animal,None Indicated,,,,,,,Paved,,Property Damage Only,0,0,0,0,0,0,4500,1,1,,POINT (-93.456470069603 42.448801333722)
2014821854,20140030721,10/16/2014,10-October,5-Thursday,13:20,1300 Hours,District 1 (Central),DES MOINES,POLK,,HIGH ST & 7TH ST,Collision with:  Vehicle in traffic,On Roadway,Broadside (front to side),Ran Traffic Signal,None Indicated,,Daylight,Dry,Clear,None apparent,Intersection:  Four-way intersection,Paved,,Property Damage Only,0,0,0,0,0,0,11000,2,2,,POINT (-93.626781354535 41.588192227246)
2014822349,14103398,10/16/2014,10-October,5-Thursday,18:48,1800 Hours,District 2 (Northeast),CEDAR FALLS,BLACK HAWK,,22ND ST & MERNER AVE,Collision with:  Vehicle in traffic,On Roadway,Broadside (front to side),Ran Stop Sign,None Indicated,,Dark - roadway lighted,Dry,Clear,None apparent,Intersection:  Four-way intersection,Paved,,Property Damage Only,0,0,0,0,0,0,7000,2,2,,POINT (-92.458869774442 42.517832162575)
2014822883,,10/16/2014,10-October,5-Thursday,13:30,1300 Hours,District 4 (Southwest),WOODBINE,HARRISON,,10TH ST & PARK ST,Collision with fixed object:  Tree,Unknown,Non-collision (single vehicle),Ran off road - right,None Indicated,,Daylight,Dry,Clear,None apparent,Intersection:  Four-way intersection,Paved,,Possible/Unknown,0,1,0,0,0,1,2000,1,1,,POINT (-95.709868787361 41.742237328624)
2014828794,14018167,10/16/2014,10-October,5-Thursday,06:36,0600 Hours,District 2 (Northeast),MASON CITY,CERRO GORDO,,6TH ST SW & S PIERCE AVE,Collision with:  Vehicle in traffic,On Roadway,Broadside (front to side),FTYROW:  From stop sign,None Indicated,,Dawn,Dry,Clear,None apparent,Intersection:  Four-way intersection,Paved,,Property Damage Only,0,0,0,0,0,0,1600,2,3,,POINT (-93.22103075057 43.146479391657)
2014822004,14-004487,10/16/2014,10-October,5-Thursday,15:36,1500 Hours,District 1 (Central),ANKENY,POLK,,NE DELAWARE AVE,Collision with:  Vehicle in traffic,On Roadway,"Sideswipe, opposite direction",Unknown,None Indicated,,Daylight,Dry,Clear,None apparent,Non-intersection:  Non-junction/no special feature,Paved,,Minor Injury,0,1,0,1,0,0,800,2,2,,POINT (-93.581039749954 41.742418551149)
2014822159,W14-103167,10/16/2014,10-October,5-Thursday,05:59,0500 Hours,District 2 (Northeast),WATERLOO,BLACK HAWK,US 63,US 63/SERGEANT RD,Collision with:  Vehicle in traffic,On Roadway,Rear-end (front to rear),Swerving/Evasive Action,None Indicated,,Dark - roadway not lighted,Dry,Clear,None apparent,Non-intersection:  Non-junction/no special feature,Paved,,Possible/Unknown,0,1,0,0,1,0,5500,2,2,,POINT (-92.373868698507 42.485212434246)
2014822101,2014010888,10/16/2014,10-October,5-Thursday,12:31,1200 Hours,District 1 (Central),MARSHALLTOWN,MARSHALL,IA 14,IA 14/N 3RD AVE,Collision with:  Vehicle in traffic,On Roadway,"Sideswipe, same direction",Improper or erratic lane changing,None Indicated,,Daylight,Dry,Clear,None apparent,Non-intersection:  Non-junction/no special feature,Paved,,Property Damage Only,0,0,0,0,0,0,3500,2,4,,POINT (-92.908039903219 42.049596666706)
2014823236,2014-72734,10/16/2014,10-October,5-Thursday,23:39,2300 Hours,District 6 (East Central),DAVENPORT,SCOTT,,IA 461/W RIVER DR & STURDEVANT ST,Collision with:  Vehicle in traffic,Outside trafficway,Broadside (front to side),Exceeded authorized speed,None Indicated,,Dark - roadway lighted,Dry,Clear,None apparent,Non-intersection:  Non-junction/no special feature,Paved,,Property Damage Only,0,0,0,0,0,0,10000,3,2,,POINT (-90.597403688756 41.519308946116)
2014826341,,10/16/2014,10-October,5-Thursday,09:21,0900 Hours,District 2 (Northeast),,WINNESHIEK,,Co Rd A18/CO RD A18 & Co Rd W20/CO RD W20,Collision with fixed object:  Other fixed object (explain in narrative),Outside trafficway,Non-collision (single vehicle),Ran Stop Sign,None Indicated,,,,,,Intersection:  T-intersection,Paved,,Property Damage Only,0,0,0,0,0,0,5100,1,1,,POINT (-91.929346383615 43.460470478578)
2014821907,14-36949,10/16/2014,10-October,5-Thursday,13:00,1300 Hours,District 5 (Southeast),BURLINGTON,DES MOINES,,OSBORN ST & CENTRAL AVE,Collision with:  Vehicle in traffic,On Roadway,"Sideswipe, same direction",Improper or erratic lane changing,None Indicated,,Daylight,Dry,Clear,None apparent,Intersection:  Y-intersection,Paved,,Possible/Unknown,0,1,0,0,0,1,3000,2,2,,POINT (-91.110887658007 40.813705142644)
2014909189,098-14,10/16/2014,10-October,5-Thursday,19:44,1900 Hours,District 4 (Southwest),,MADISON,,Co Rd P71/CLARK TOWER RD,Non-collision events:  Other non-collision (explain in narrative),On Roadway,Non-collision (single vehicle),Ran off road - left,Alcohol (Statutory),,Dark - roadway not lighted,Dry,Clear,None apparent,Non-intersection:  Non-junction/no special feature,Paved,,Minor Injury,0,1,0,1,0,0,5100,1,1,,POINT (-94.006664795531 41.32452359949)
2014822180,14-015872,10/16/2014,10-October,5-Thursday,16:59,1600 Hours,District 3 (Northwest),SPENCER,CLAY,,2ND AVE SE,Collision with:  Parked motor vehicle,On Roadway,Rear-end (front to rear),Improper Backing,None Indicated,,Daylight,Dry,Clear,None apparent,Non-intersection:  Non-junction/no special feature,Paved,,Property Damage Only,0,0,0,0,0,0,1600,2,1,,POINT (-95.141978142384 43.126936732196)
2014822522,14000508,10/16/2014,10-October,5-Thursday,13:02,1300 Hours,District 5 (Southeast),ALBIA,MONROE,IA 5,IA 5/N MAIN ST,Collision with:  Vehicle in traffic,On Roadway,Rear-end (front to rear),Other (explain in narrative):  Other,None Indicated,,Daylight,Dry,Clear,None apparent,Intersection:  Four-way intersection,Paved,,Possible/Unknown,0,1,0,0,1,0,1000,2,2,,POINT (-92.807130074828 41.027159999284)
2014822036,147866,10/16/2014,10-October,5-Thursday,17:50,1700 Hours,District 4 (Southwest),,DALLAS,,Co Rd R16/R AVE & 270TH ST,Collision with:  Vehicle in traffic,On Roadway,Broadside (front to side),FTYROW:  From stop sign,None Indicated,,Daylight,Dry,Clear,None apparent,Intersection:  Four-way intersection,Paved,,Minor Injury,0,1,0,1,0,0,8000,2,4,,POINT (-93.960130506135 41.643861451389)
2014821851,20140030678,10/16/2014,10-October,5-Thursday,07:48,0700 Hours,District 1 (Central),DES MOINES,POLK,,VANDALIA RD,Collision with:  Vehicle in traffic,On Roadway,Rear-end (front to rear),Followed too close,None Indicated,,Daylight,Dry,Clear,Work Zone (roadway-related),Non-intersection:  Non-junction/no special feature,Paved,Yes,Major Injury,0,1,1,0,0,0,2500,2,2,,POINT (-93.544545644398 41.569137394124)
2014822100,14-21050,10/16/2014,10-October,5-Thursday,21:32,2100 Hours,District 6 (East Central),RIVERDALE,SCOTT,US 67,US 67/STATE ST,Collision with:  Animal,,,Animal,None Indicated,,,,,,,Paved,,Property Damage Only,0,0,0,0,0,0,1501,1,1,,POINT (-90.458237123026 41.543514701828)
2014823183,AP14-0329,10/16/2014,10-October,5-Thursday,11:00,1100 Hours,District 6 (East Central),ANAMOSA,JONES,,E MAIN ST & CLEVELAND ST,Collision with:  Vehicle in traffic,On Roadway,"Sideswipe, same direction",FTYROW:  From parked position,None Indicated,,Daylight,Dry,Cloudy,None apparent,Non-intersection:  Non-junction/no special feature,Paved,,Property Damage Only,0,0,0,0,0,0,3500,2,2,,POINT (-91.283153215668 42.108299996007)
2014823786,14-001198,10/16/2014,10-October,5-Thursday,07:30,0700 Hours,District 1 (Central),,STORY,US 69,US 69,Collision with:  Vehicle in traffic,On Roadway,Rear-end (front to rear),Followed too close,None Indicated,,Daylight,Dry,Clear,None apparent,Non-intersection:  Driveway access (within),Paved,,Property Damage Only,0,0,0,0,0,0,3000,2,3,,POINT (-93.60988469103 41.954839710236)
2014822008,20140030725,10/16/2014,10-October,5-Thursday,10:45,1000 Hours,District 1 (Central),DES MOINES,POLK,,40TH ST,Collision with:  Vehicle in traffic,Roadside,Unknown,Unknown,None Indicated,,Daylight,Dry,Cloudy,None apparent,Non-intersection:  Non-junction/no special feature,Paved,,Property Damage Only,0,0,0,0,0,0,1500,2,1,,POINT (-93.670775867469 41.597401562739)
2014828359,14100370,10/16/2014,10-October,5-Thursday,18:04,1800 Hours,District 5 (Southeast),,WAPELLO,,48TH ST,Non-collision events:  Overturn/rollover,Shoulder,Non-collision (single vehicle),Ran off road - right,None Indicated,,Daylight,"Mud, dirt",Clear,None apparent,Non-intersection:  Non-junction/no special feature,Unpaved,,Property Damage Only,0,0,0,0,0,0,5500,1,1,,POINT (-92.400459233924 40.953300205409)
2014821850,20140030675,10/16/2014,10-October,5-Thursday,07:35,0700 Hours,District 1 (Central),DES MOINES,POLK,IA 163,IA 163/E UNIVERSITY AVE & E 21ST ST,Collision with:  Vehicle in traffic,On Roadway,Broadside (front to side),Ran Traffic Signal,None Indicated,,Daylight,Dry,Clear,None apparent,Intersection:  Four-way intersection,Paved,,Property Damage Only,0,0,0,0,0,0,6000,2,2,,POINT (-93.580713093052 41.60052187438)
2014834220,14-15880,10/16/2014,10-October,5-Thursday,18:51,1800 Hours,District 3 (Northwest),,CLAY,IA 10,IA 10/IOWA 10 & Co Rd M27/110TH AVE,Collision with:  Animal,,,Animal,None Indicated,,,,,,,Paved,,Property Damage Only,0,0,0,0,0,0,3000,1,1,,POINT (-95.365132439561 42.923530818036)
2014822775,20140030761,10/16/2014,10-October,5-Thursday,18:10,1800 Hours,District 1 (Central),DES MOINES,POLK,,MADISON AVE & 40TH ST,Collision with fixed object:  Utility pole/light support,Shoulder,Non-collision (single vehicle),Ran off road - right,None Indicated,,Daylight,Dry,Clear,None apparent,Intersection:  T-intersection,Paved,,Property Damage Only,0,0,0,0,0,0,8200,1,2,,POINT (-93.672058844165 41.633152648296)
2014822336,2014-22549,10/16/2014,10-October,5-Thursday,23:40,2300 Hours,District 5 (Southeast),,WARREN,IA 92,IA 92/IOWA 92,Collision with fixed object:  Tree,On Roadway,Non-collision (single vehicle),Ran off road - right,Alcohol (Statutory),,Dark - roadway not lighted,Dry,Cloudy,None apparent,Non-intersection:  Non-junction/no special feature,Paved,,Possible/Unknown,0,1,0,0,1,0,5000,1,1,,POINT (-93.621632368577 41.356071643041)