Iowa DOT Case Number,Law Enforcement Case Number,Date of Crash,Month of Crash,Day of Week,Time of Crash,Hour,DOT District,City Name,County Name,Route with System,Location Description,First Harmful Event,Location of First Harmful Event,Manner of Crash/Collision,Major Cause,Drug or Alcohol ,Environmental Conditions,Light Conditions,Surface Conditions,Weather Conditions,Roadway Contribution,Roadway Type,Roadway Surface,Work Zone,Crash Severity,Number of Fatalities,Number of Injuries,Number of Major Injuries,Number of Minor Injuries,Number of Possible Injuries,Number of Unknown Injuries,Amount of Property Damage,Number of Vehicles Involved,Total Number of Occupants,Travel Direction,Location
2014822380,C14003293,10/16/2014,10-October,5-Thursday,15:10,1500 Hours,District 6 (East Central),CORALVILLE,JOHNSON,US 6,US 6/2ND ST,Collision with:  Vehicle in traffic,On Roadway,"Sideswipe, same direction",Improper or erratic lane changing,None Indicated,,Daylight,Dry,Clear,None apparent,Intersection:  Four-way intersection,Paved,,Minor Injury,0,1,0,1,0,0,12000,3,3,,POINT (-91.565311164053 41.668865233028)
2014822569,14002315,10/16/2014,10-October,5-Thursday,13:10,1300 Hours,District 6 (East Central),IOWA CITY,JOHNSON,,S GRAND AVE & UNIVERSITY OF IOWA,Collision with:  Vehicle in traffic,On Roadway,Rear-end (front to rear),Other (explain in narrative):  Vision obstructed,None Indicated,,Daylight,Dry,Clear,None apparent,Non-intersection:  Non-junction/no special feature,Paved,,Property Damage Only,0,0,0,0,0,0,2500,2,4,,POINT (-91.545998867462 41.657508040403)
2014822780,14-34387,10/17/2014,10-October,6-Friday,15:35,1500 Hours,District 3 (Northwest),SIOUX CITY,WOODBURY,,S LAKEPORT ST,Collision with:  Vehicle in traffic,On Roadway,Rear-end (front to rear),Other (explain in narrative):  Vision obstructed,None Indicated,,Daylight,Dry,Clear,None apparent,Interchange-related:  Off-ramp,Paved,,Property Damage Only,0,0,0,0,0,0,1800,2,6,,POINT (-96.347544533756 42.441785066753)
2014822046,14-044137,10/17/2014,10-October,6-Friday,10:05,1000 Hours,District 4 (Southwest),COUNCIL BLUFFS,POTTAWATTAMIE,,AVE G & N 25TH ST,Collision with:  Vehicle in traffic,On Roadway,Broadside (front to side),Ran Stop Sign,None Indicated,,Daylight,Dry,Cloudy,None apparent,Intersection:  Four-way intersection,Paved,,Property Damage Only,0,0,0,0,0,0,4500,2,2,,POINT (-95.88174502535 41.268062578024)
2014822320,14-34367,10/17/2014,10-October,6-Friday,00:01,0000 Hours,District 3 (Northwest),SIOUX CITY,WOODBURY,,HARRISON ST,Collision with:  Vehicle in traffic,Shoulder,Unknown,Traveling wrong way or on wrong side of road,None Indicated,,Dark - roadway not lighted,Dry,Clear,None apparent,Non-intersection:  Non-junction/no special feature,Paved,,Property Damage Only,0,0,0,0,0,0,1500,2,777,,POINT (-96.36276206375 42.544035663634)
2014824526,14198,10/17/2014,10-October,6-Friday,16:45,1600 Hours,District 5 (Southeast),PELLA,MARION,,N PRAIRIE ST & JEFFERSON ST,Collision with:  Parked motor vehicle,On Roadway,Rear-end (front to rear),Lost Control,None Indicated,,Daylight,Dry,Clear,None apparent,Non-intersection:  Non-junction/no special feature,Paved,,Property Damage Only,0,0,0,0,0,0,8300,2,1,,POINT (-92.908441784167 41.412327377998)
2014822161,W14-103849,10/17/2014,10-October,6-Friday,22:10,2200 Hours,District 2 (Northeast),WATERLOO,BLACK HAWK,US 218,US 218,Collision with:  Vehicle in traffic,On Roadway,Rear-end (front to rear),Improper or erratic lane changing,None Indicated,,Dark - roadway lighted,Wet,Rain,None apparent,Non-intersection:  Other non-intersection (explain in narrative),Paved,,Property Damage Only,0,0,0,0,0,0,4800,2,2,,POINT (-92.35673710175 42.49705930909)
2014822640,147896,10/17/2014,10-October,6-Friday,20:05,2000 Hours,District 4 (Southwest),,DALLAS,IA 44,IA 44/240TH ST,Collision with:  Animal,,,Animal,None Indicated,,,,,,,Paved,,Property Damage Only,0,0,0,0,0,0,1500,1,1,,POINT (-93.876474221453 41.68830416807)
2014822513,14-044211,10/17/2014,10-October,6-Friday,17:45,1700 Hours,District 4 (Southwest),COUNCIL BLUFFS,POTTAWATTAMIE,I-29,I-29,Collision with:  Vehicle in traffic,On Roadway,Rear-end (front to rear),Followed too close,None Indicated,,Dusk,Dry,Clear,None apparent,Non-intersection:  Non-junction/no special feature,Paved,,Property Damage Only,0,0,0,0,0,0,5500,2,4,,POINT (-95.870683484342 41.232196653499)
2014822205,14158177,10/17/2014,10-October,6-Friday,22:23,2200 Hours,District 6 (East Central),,JOHNSON,,340TH ST,Non-collision events:  Overturn/rollover,On Roadway,Non-collision (single vehicle),Swerving/Evasive Action,None Indicated,,Dark - roadway not lighted,Dry,Clear,None apparent,Non-intersection:  Non-junction/no special feature,Unpaved,,Property Damage Only,0,0,0,0,0,0,8000,1,1,,POINT (-91.433120822495 41.685557660588)
2014822170,W14-103698,10/17/2014,10-October,6-Friday,14:39,1400 Hours,District 2 (Northeast),WATERLOO,BLACK HAWK,I-380,I-380,Collision with fixed object:  Curb/island/raised median,On Roadway,Non-collision (single vehicle),Other (explain in narrative):  No improper action,None Indicated,,Daylight,Dry,Cloudy,None apparent,Intersection:  Four-way intersection,Paved,,Minor Injury,0,1,0,1,0,0,1500,1,1,,POINT (-92.306766888534 42.455259937945)
2014822175,14-015502,10/17/2014,10-October,6-Friday,14:45,1400 Hours,District 6 (East Central),,CEDAR,,Co Rd F56/BUCKEYE RD,Collision with fixed object:  Ditch,On Roadway,Non-collision (single vehicle),Swerving/Evasive Action,None Indicated,,Daylight,"Mud, dirt",Cloudy,None apparent,Non-intersection:  Non-junction/no special feature,Unpaved,,Property Damage Only,0,0,0,0,0,0,3000,1,2,,POINT (-91.311324008492 41.609202166927)
2014822426,14-010621,10/17/2014,10-October,6-Friday,00:00,0000 Hours,District 3 (Northwest),,CARROLL,US 71,US 71,Collision with fixed object:  Ditch,Outside trafficway,Non-collision (single vehicle),Crossed centerline (undivided),None Indicated,,Dark - roadway not lighted,Dry,Clear,None apparent,Non-intersection:  Non-junction/no special feature,Paved,,Minor Injury,0,1,0,1,0,0,4000,1,1,,POINT (-94.87818606356 42.145037958328)
2014823093,201415576,10/17/2014,10-October,6-Friday,18:58,1800 Hours,District 6 (East Central),CEDAR RAPIDS,LINN,,30TH ST DR SE,Collision with:  Vehicle in traffic,On Roadway,Rear-end (front to rear),Swerving/Evasive Action,None Indicated,,Dark - roadway not lighted,Dry,Clear,None apparent,Non-intersection:  Non-junction/no special feature,Paved,,Property Damage Only,0,0,0,0,0,0,12000,2,2,,POINT (-91.630633104651 42.007239835016)
2014822505,2014059095,10/17/2014,10-October,6-Friday,22:15,2200 Hours,District 5 (Southeast),,DECATUR,I-35,I-35,Collision with:  Animal,,,Animal,None Indicated,,,,,,,Paved,,Property Damage Only,0,0,0,0,0,0,4500,1,1,,POINT (-93.848815893266 40.677438214542)
2014832841,,10/17/2014,10-October,6-Friday,21:18,2100 Hours,District 3 (Northwest),LAKE VIEW,SAC,,SOUTH STATE RD,Miscellaneous events:  Immersion,On Roadway,Non-collision (single vehicle),Ran off road - right,None Indicated,,Dark - roadway not lighted,Dry,Clear,None apparent,,Paved,,Property Damage Only,0,0,0,0,0,0,8500,1,3,,POINT (-95.039703328748 42.297754680331)
2014822443,2014-038838,10/17/2014,10-October,6-Friday,16:12,1600 Hours,District 6 (East Central),DUBUQUE,DUBUQUE,,BRADLEY ST & GRANDVIEW AVE S & BRYANT ST,Collision with:  Vehicle in traffic,On Roadway,Rear-end (front to rear),Lost Control,None Indicated,,Daylight,Dry,Cloudy,None apparent,Intersection:  Other intersection (explain in narrative),Paved,,Possible/Unknown,0,1,0,0,1,0,3000,2,3,,POINT (-90.678338743196 42.484403109656)
2014823521,14-016351,10/17/2014,10-October,6-Friday,06:34,0600 Hours,District 2 (Northeast),,FLOYD,US 218,US 218 & 230TH ST,Collision with:  Animal,,,Animal,None Indicated,,,,,,,Paved,,Property Damage Only,0,0,0,0,0,0,4000,1,1,,POINT (-92.649583046832 43.023571978247)
2014822181,14-015910,10/17/2014,10-October,6-Friday,11:45,1100 Hours,District 3 (Northwest),SPENCER,CLAY,,2ND AVE E,Collision with:  Vehicle in traffic,On Roadway,Broadside (front to side),Improper Backing,None Indicated,,Daylight,Dry,Cloudy,None apparent,Non-intersection:  Non-junction/no special feature,Paved,,Property Damage Only,0,0,0,0,0,0,4000,2,1,,POINT (-95.142726492084 43.152585400727)
2014822264,20140030892,10/17/2014,10-October,6-Friday,20:13,2000 Hours,District 1 (Central),DES MOINES,POLK,,DEAN AVE,Collision with:  Parked motor vehicle,On Roadway,Rear-end (front to rear),"Operating vehicle in an reckless, erratic, careless, negligent manner",None Indicated,,Dark - roadway lighted,Dry,Cloudy,None apparent,Non-intersection:  Non-junction/no special feature,Paved,,Minor Injury,0,1,0,1,0,0,8000,2,2,,POINT (-93.566448954974 41.591342594007)
2014822806,14-12125,10/17/2014,10-October,6-Friday,07:15,0700 Hours,District 3 (Northwest),,SIOUX,IA 12,IA 12/IOWA 12 & 480TH ST,Collision with:  Animal,,,Animal,None Indicated,,,,,,,Paved,,Property Damage Only,0,0,0,0,0,0,1500,1,1,,POINT (-96.496171833226 42.952824849051)
2014824010,1400000933,10/17/2014,10-October,6-Friday,21:50,2100 Hours,District 1 (Central),,MARSHALL,,NORTH CENTER ST RD,Collision with fixed object:  Guardrail - face,On Roadway,Non-collision (single vehicle),Crossed centerline (undivided),None Indicated,,Dark - roadway not lighted,Dry,Cloudy,None apparent,Non-intersection:  Other non-intersection (explain in narrative),Paved,,Property Damage Only,0,0,0,0,0,0,1800,1,2,,POINT (-92.92068912711 42.06159386213)
2014822167,W14-103694,10/17/2014,10-October,6-Friday,14:25,1400 Hours,District 2 (Northeast),WATERLOO,BLACK HAWK,US 218,US 218/WASHINGTON ST,Non-collision events:  Other non-collision (explain in narrative),On Roadway,Non-collision (single vehicle),Ran off road - right,None Indicated,,Daylight,Dry,Clear,None apparent,Non-intersection:  Non-junction/no special feature,Paved,,Minor Injury,0,1,0,1,0,0,86577,1,1,,POINT (-92.406149315018 42.537915180898)
2014822001,14-6829,10/17/2014,10-October,6-Friday,12:42,1200 Hours,District 1 (Central),GRIMES,POLK,,SE 37TH ST & S JAMES ST,Collision with:  Vehicle in traffic,On Roadway,Head-on (front to front),"Operating vehicle in an reckless, erratic, careless, negligent manner",None Indicated,,Daylight,Dry,Severe winds,None apparent,Intersection:  Four-way intersection,Paved,,Property Damage Only,0,0,0,0,0,0,2500,2,3,,POINT (-93.794409684125 41.658465831618)
2014825501,14-007985,10/17/2014,10-October,6-Friday,18:41,1800 Hours,District 4 (Southwest),PERRY,DALLAS,,WARFORD ST & 5TH ST,Collision with:  Vehicle in traffic,On Roadway,Broadside (front to side),FTYROW:  From yield sign,None Indicated,,Dark - roadway not lighted,Dry,Clear,None apparent,Intersection:  Four-way intersection,Paved,,Property Damage Only,0,0,0,0,0,0,15000,2,3,,POINT (-94.101089950507 41.839551023543)
2014823106,201415580,10/17/2014,10-October,6-Friday,19:53,1900 Hours,District 6 (East Central),CEDAR RAPIDS,LINN,,EDGEWOOD RD NW,Collision with:  Vehicle in traffic,On Roadway,Broadside (front to side),FTYROW:  From driveway,None Indicated,,Dark - roadway lighted,Dry,Clear,None apparent,Non-intersection:  Driveway access (within),Paved,,Possible/Unknown,0,1,0,0,1,0,18500,3,3,,POINT (-91.716015235352 41.976280952809)
2014822464,2014-72899,10/17/2014,10-October,6-Friday,20:56,2000 Hours,District 6 (East Central),DAVENPORT,SCOTT,US 6,US 6/E KIMBERLY RD & IA 461/BRADY ST,Collision with:  Vehicle in traffic,On Roadway,"Angle, oncoming left turn",Ran Traffic Signal,None Indicated,,Dark - roadway lighted,Dry,Cloudy,None apparent,Intersection:  Four-way intersection,Paved,,Property Damage Only,0,0,0,0,0,0,11000,2,2,,POINT (-90.568210265625 41.560277558189)
2014824415,2014-72843,10/17/2014,10-October,6-Friday,15:48,1500 Hours,District 6 (East Central),DAVENPORT,SCOTT,,GEORGE WASHINGTON BLVD & N DIVISION ST,Collision with:  Vehicle in traffic,On Roadway,Broadside (front to side),FTYROW:  Making left turn,None Indicated,,Daylight,Dry,Cloudy,None apparent,Non-intersection:  Driveway access (within),Paved,,Property Damage Only,0,0,0,0,0,0,2000,2,4,,POINT (-90.600797902113 41.551974123834)
2014822624,32076-14,10/17/2014,10-October,6-Friday,17:49,1700 Hours,District 3 (Northwest),WALLINGFORD,EMMET,,420 AVE,Collision with fixed object:  Ditch,On Roadway,Non-collision (single vehicle),Swerving/Evasive Action,None Indicated,,Daylight,Dry,Cloudy,None apparent,Non-intersection:  Non-junction/no special feature,Unpaved,,Fatal,1,0,0,0,0,0,8100,1,1,,POINT (-94.757944340573 43.3365341277)
2014822178,14015483,10/17/2014,10-October,6-Friday,10:54,1000 Hours,District 6 (East Central),,CEDAR,US 30,US 30,Collision with:  Vehicle in traffic,On Roadway,Rear-end (front to rear),Unknown,None Indicated,,Daylight,Dry,Clear,None apparent,Non-intersection:  Non-junction/no special feature,Paved,,Property Damage Only,0,0,0,0,0,0,4500,2,2,,POINT (-91.352393740306 41.918436839327)
2014823740,20140032010,10/17/2014,10-October,6-Friday,11:30,1100 Hours,District 1 (Central),DES MOINES,POLK,I-235,I-235 & SCHOOL ST & 2ND AVE,Collision with:  Vehicle in traffic,On Roadway,"Sideswipe, same direction",Unknown,None Indicated,,Daylight,Dry,Clear,None apparent,Intersection:  Intersection with ramp,Paved,,Property Damage Only,0,0,0,0,0,0,1500,2,2,,POINT (-93.619793901422 41.595210724121)
2014822393,14-0589,10/17/2014,10-October,6-Friday,23:35,2300 Hours,District 1 (Central),,WEBSTER,,Co Rd P59/QUAIL AVE,Collision with:  Animal,,,Animal,None Indicated,,,,,,,Paved,,Property Damage Only,0,0,0,0,0,0,2000,1,1,,POINT (-94.128732957882 42.485218915762)
2014822319,14-34366,10/17/2014,10-October,6-Friday,11:38,1100 Hours,District 3 (Northwest),SIOUX CITY,WOODBURY,,DACE AVE & FLOYD BLVD,Collision with:  Vehicle in traffic,On Roadway,"Sideswipe, same direction",Made improper turn,None Indicated,,Daylight,Dry,Cloudy,None apparent,Intersection:  Four-way intersection,Paved,,Property Damage Only,0,0,0,0,0,0,2000,2,3,,POINT (-96.393363162382 42.488754555937)
2014822894,14024448,10/17/2014,10-October,6-Friday,13:37,1300 Hours,District 5 (Southeast),OSKALOOSA,MAHASKA,US 63,US 63/S MARKET ST & 11TH AVE W & 11TH AVE E,Collision with fixed object:  Utility pole/light support,Roadside,Non-collision (single vehicle),Made improper turn,None Indicated,,Daylight,Dry,Cloudy,None apparent,Intersection:  Four-way intersection,Paved,,Property Damage Only,0,0,0,0,0,0,3750,1,1,,POINT (-92.645632541989 41.28527835711)
2014909191,100-14,10/17/2014,10-October,6-Friday,12:33,1200 Hours,District 4 (Southwest),,MADISON,,HOGBACK BRIDGE RD,Collision with:  Parked motor vehicle,On Roadway,Rear-end (front to rear),Driving too fast for conditions,None Indicated,,Daylight,Dry,Clear,None apparent,Non-intersection:  Non-junction/no special feature,Unpaved,,Property Damage Only,0,0,0,0,0,0,5005,2,2,,POINT (-94.051428238725 41.423448602466)
2014823031,2014058949,10/17/2014,10-October,6-Friday,09:37,0900 Hours,District 2 (Northeast),,FRANKLIN,,Co Rd S41/MALLARD AVE & 90TH ST,Collision with:  Vehicle in traffic,On Roadway,"Sideswipe, opposite direction",Crossed centerline (undivided),None Indicated,,Daylight,Dry,Cloudy,None apparent,Non-intersection:  Non-junction/no special feature,Paved,,Property Damage Only,0,0,0,0,0,0,13040,2,2,,POINT (-93.261742042862 42.658318624641)
2014822665,14-6360,10/17/2014,10-October,6-Friday,14:15,1400 Hours,District 3 (Northwest),CHEROKEE,CHEROKEE,US 59,US 59/N 2ND ST,Collision with:  Vehicle in traffic,On Roadway,Rear-end (front to rear),Unknown,None Indicated,,Daylight,Dry,Clear,None apparent,Intersection:  Four-way intersection,Paved,,Minor Injury,0,1,0,1,0,0,3300,3,6,,POINT (-95.551485993886 42.755389688928)
2014823565,2014058917,10/17/2014,10-October,6-Friday,08:30,0800 Hours,District 6 (East Central),HIAWATHA,LINN,I-380,I-380,Collision with:  Animal,,,Animal,None Indicated,,,,,,,Paved,,Property Damage Only,0,0,0,0,0,0,3000,1,1,,POINT (-91.701215635787 42.080210182904)
2014823642,2014-74368,10/17/2014,10-October,6-Friday,22:15,2200 Hours,District 6 (East Central),DAVENPORT,SCOTT,,W 53RD ST,Collision with:  Non-motorist (see non-motorist section - NOT a unit),Outside trafficway,Non-collision (single vehicle),FTYROW:  From driveway,None Indicated,,Dark - roadway not lighted,Dry,Clear,None apparent,Non-intersection:  Driveway access (within),Paved,,Possible/Unknown,0,1,0,0,1,0,2000,1,1,,POINT (-90.580544037435 41.574551807589)
2014822743,14-004767,10/17/2014,10-October,6-Friday,17:48,1700 Hours,District 3 (Northwest),,LYON,,Co Rd A34/210TH ST,Collision with:  Vehicle in traffic,On Roadway,"Sideswipe, opposite direction",Unknown,None Indicated,,Daylight,Dry,Clear,None apparent,Non-intersection:  Non-junction/no special feature,Paved,,Property Damage Only,0,0,0,0,0,0,6500,2,4,,POINT (-96.106310902398 43.346065537732)
2014822297,14-2309,10/17/2014,10-October,6-Friday,15:24,1500 Hours,District 1 (Central),URBANDALE,POLK,I-35,I-35 & US 6/HICKMAN RD,Collision with:  Vehicle in traffic,On Roadway,Broadside (front to side),Ran Traffic Signal,None Indicated,,Daylight,Dry,Cloudy,None apparent,Intersection:  Four-way intersection,Paved,,Property Damage Only,0,0,0,0,0,0,2000,2,2,,POINT (-93.775750978806 41.614890633991)
2014822470,14-5211,10/17/2014,10-October,6-Friday,17:17,1700 Hours,District 4 (Southwest),WEST DES MOINES,DALLAS,,BRIDGEWOOD BLVD & 81ST ST,Collision with:  Vehicle in traffic,On Roadway,Broadside (front to side),FTYROW:  From stop sign,None Indicated,,Daylight,Dry,Clear,None apparent,Intersection:  Four-way intersection,Paved,,Property Damage Only,0,0,0,0,0,0,2100,2,2,,POINT (-93.818805062447 41.567511396724)
2014824525,14197,10/17/2014,10-October,6-Friday,09:19,0900 Hours,District 5 (Southeast),PELLA,MARION,,WASHINGTON ST & BROADWAY ST,Collision with:  Vehicle in traffic,On Roadway,Rear-end (front to rear),FTYROW:  From parked position,None Indicated,,Daylight,Dry,Clear,None apparent,Non-intersection:  Non-junction/no special feature,Paved,,Property Damage Only,0,0,0,0,0,0,5000,3,2,,POINT (-92.918318443252 41.408083229622)
2014822179,14015501,10/17/2014,10-October,6-Friday,14:34,1400 Hours,District 6 (East Central),,CEDAR,I-80,I-80,Collision with:  Vehicle in traffic,On Roadway,Rear-end (front to rear),Unknown,None Indicated,,Daylight,Dry,Clear,None apparent,Non-intersection:  Non-junction/no special feature,Paved,,Property Damage Only,0,0,0,0,0,0,2000,3,3,,POINT (-91.054947456537 41.640824479251)
2014823473,2014-21079,10/17/2014,10-October,6-Friday,09:07,0900 Hours,District 6 (East Central),,SCOTT,I-80,I-80,Collision with:  Vehicle in traffic,On Roadway,Rear-end (front to rear),Swerving/Evasive Action,None Indicated,,Daylight,Dry,Cloudy,None apparent,Non-intersection:  Non-junction/no special feature,Paved,,Property Damage Only,0,0,0,0,0,0,6000,2,4,,POINT (-90.831821646241 41.63105763856)
2014822211,201415568,10/17/2014,10-October,6-Friday,15:22,1500 Hours,District 6 (East Central),CEDAR RAPIDS,LINN,IA 922,IA 922/1ST AVE W,Collision with:  Vehicle in traffic,On Roadway,Rear-end (front to rear),Followed too close,None Indicated,,Daylight,Dry,Cloudy,None apparent,Intersection:  T-intersection,Paved,,Possible/Unknown,0,1,0,0,1,0,27000,2,2,,POINT (-91.680116838256 41.97406348478)
2014822469,14-103532,10/17/2014,10-October,6-Friday,01:42,0100 Hours,District 2 (Northeast),CEDAR FALLS,BLACK HAWK,,COLLEGE ST,Collision with:  Parked motor vehicle,On Roadway,Rear-end (front to rear),Ran off road - right,None Indicated,,Dark - roadway not lighted,Dry,Clear,None apparent,Non-intersection:  Non-junction/no special feature,Paved,,Property Damage Only,0,0,0,0,0,0,5500,2,1,,POINT (-92.455761093091 42.52534629718)
2014827183,,10/17/2014,10-October,6-Friday,13:48,1300 Hours,District 2 (Northeast),DECORAH,WINNESHIEK,,GRANT ST & S MILL ST & SHORT ST,Collision with:  Vehicle in traffic,On Roadway,Rear-end (front to rear),Followed too close,None Indicated,,Daylight,Dry,Clear,None apparent,Intersection:  Four-way intersection,Paved,,Property Damage Only,0,0,0,0,0,0,3500,2,3,,POINT (-91.792163350539 43.294332462336)
2014822329,14-044235,10/17/2014,10-October,6-Friday,21:30,2100 Hours,District 4 (Southwest),COUNCIL BLUFFS,POTTAWATTAMIE,,3RD AVE,Collision with:  Parked motor vehicle,Roadside,Rear-end (front to rear),Lost Control,None Indicated,,Dark - roadway not lighted,Dry,Clear,None apparent,Non-intersection:  Non-junction/no special feature,Paved,,Property Damage Only,0,0,0,0,0,0,6000,3,2,,POINT (-95.866404967757 41.258764020367)
2014822343,S14-004152,10/17/2014,10-October,6-Friday,21:39,2100 Hours,District 4 (Southwest),CARTER LAKE,POTTAWATTAMIE,,E LOCUST ST & N 9TH ST,Collision with:  Vehicle in traffic,On Roadway,Rear-end (front to rear),Followed too close,None Indicated,,Dark - roadway lighted,Dry,Clear,None apparent,Non-intersection:  Non-junction/no special feature,Paved,,Minor Injury,0,1,0,1,0,0,2000,2,3,,POINT (-95.918021190232 41.284935483049)
2014822342,S14-004150,10/17/2014,10-October,6-Friday,16:47,1600 Hours,District 4 (Southwest),CRESCENT,POTTAWATTAMIE,,Co Rd L20/OLD LINCOLN HWY & PAGE LN,Collision with:  Vehicle in traffic,On Roadway,Broadside (front to side),FTYROW:  From stop sign,None Indicated,,Daylight,Dry,Clear,None apparent,Intersection:  T-intersection,Paved,,Property Damage Only,0,0,0,0,0,0,17000,2,3,,POINT (-95.84550138494 41.416118246048)
2014909192,101-14,10/17/2014,10-October,6-Friday,15:00,1500 Hours,District 4 (Southwest),,MADISON,,Co Rd G4R/CUMMING RD,Collision with fixed object:  Bridge overhead structure,On Roadway,Non-collision (single vehicle),Crossed centerline (undivided),Refused,,Daylight,Dry,Clear,None apparent,Non-intersection:  Other non-intersection (explain in narrative),Paved,,Minor Injury,0,1,0,1,0,0,9000,1,1,,POINT (-93.89813001832 41.420856313929)
2014823027,2014058894,10/17/2014,10-October,6-Friday,03:51,0300 Hours,District 1 (Central),WEST DES MOINES,POLK,I-35,I-35,Collision with fixed object:  Concrete traffic barrier (median or right side),Shoulder,Non-collision (single vehicle),"Operating vehicle in an reckless, erratic, careless, negligent manner",None Indicated,,Dark - roadway not lighted,Dry,Clear,Work Zone (roadway-related),"Interchange-related:  Off-ramp, diverge area",Paved,Yes,Minor Injury,0,2,0,1,1,0,14500,1,2,,POINT (-93.773615516042 41.52952538603)
2014823485,2014059050,10/17/2014,10-October,6-Friday,15:43,1500 Hours,District 1 (Central),,POWESHIEK,I-80,I-80,Collision with:  Vehicle in traffic,On Roadway,Rear-end (front to rear),Ran off road - right,None Indicated,,Daylight,Dry,Cloudy,None apparent,Non-intersection:  Non-junction/no special feature,Paved,,Minor Injury,0,1,0,1,0,0,5000,2,2,,POINT (-92.447273298315 41.695748541578)
2014822016,20140030848,10/17/2014,10-October,6-Friday,13:05,1300 Hours,District 1 (Central),DES MOINES,POLK,US 69,US 69/E 14TH ST,Collision with:  Vehicle in traffic,On Roadway,Rear-end (front to rear),Lost Control,None Indicated,,Daylight,Dry,Cloudy,None apparent,Non-intersection:  Non-junction/no special feature,Paved,,Property Damage Only,0,0,0,0,0,0,3000,2,2,,POINT (-93.600530665669 41.606319801889)
2014823697,14-024251,10/17/2014,10-October,6-Friday,18:59,1800 Hours,District 2 (Northeast),,WORTH,IA 9,IA 9/IOWA 9,Collision with:  Animal,,,Animal,None Indicated,,,,,,,Paved,,Property Damage Only,0,0,0,0,0,0,5000,1,1,,POINT (-93.191034771777 43.284098927717)
2014822395,14-5444,10/17/2014,10-October,6-Friday,12:45,1200 Hours,District 6 (East Central),HIAWATHA,LINN,,STAMY RD & KACENA RD,Collision with:  Non-motorist (see non-motorist section - NOT a unit),On Roadway,Non-collision (single vehicle),FTYROW:  From stop sign,None Indicated,,Daylight,Dry,Cloudy,None apparent,Intersection:  Four-way intersection,Paved,,Possible/Unknown,0,2,0,0,2,0,600,1,1,,POINT (-91.685078329398 42.054331371768)
2014822313,14-012629,10/17/2014,10-October,6-Friday,00:55,0000 Hours,District 1 (Central),,TAMA,US 30,US 30,Collision with:  Animal,,,Animal,None Indicated,,,,,,,Paved,,Property Damage Only,0,0,0,0,0,0,9500,1,1,,POINT (-92.717656071947 42.002902158869)
2014822277,20140030900,10/17/2014,10-October,6-Friday,23:11,2300 Hours,District 1 (Central),DES MOINES,POLK,,KENYON AVE & E KENYON AVE & S UNION ST,Collision with:  Vehicle in traffic,On Roadway,Broadside (front to side),FTYROW:  From stop sign,None Indicated,,Dark - roadway lighted,Dry,Clear,None apparent,Intersection:  Four-way intersection,Paved,,Property Damage Only,0,0,0,0,0,0,13000,2,2,,POINT (-93.616082563142 41.535485330074)
2014822670,14-037131,10/17/2014,10-October,6-Friday,16:15,1600 Hours,District 5 (Southeast),WEST BURLINGTON,DES MOINES,,S MELVILLE ST,Collision with:  Parked motor vehicle,On Roadway,Rear-end (front to rear),Improper Backing,None Indicated,,Daylight,Dry,Clear,None apparent,Non-intersection:  Non-junction/no special feature,Paved,,Property Damage Only,0,0,0,0,0,0,2000,2,1,,POINT (-91.162470264378 40.818555963721)
2014822014,20140030837,10/17/2014,10-October,6-Friday,11:42,1100 Hours,District 1 (Central),DES MOINES,POLK,I-235,I-235 & SCHOOL ST & 7TH ST,Collision with:  Vehicle in traffic,On Roadway,Broadside (front to side),Ran Traffic Signal,None Indicated,,Daylight,Dry,Cloudy,None apparent,Intersection:  Four-way intersection,Paved,,Possible/Unknown,0,1,0,0,1,0,1500,2,3,,POINT (-93.626897309791 41.595217246221)
2014822471,14103805,10/17/2014,10-October,6-Friday,19:38,1900 Hours,District 2 (Northeast),CEDAR FALLS,BLACK HAWK,IA 27,IA 27/SW RAMP/NW RAMP & UNIVERSITY AVE,Collision with:  Vehicle in traffic,On Roadway,"Angle, oncoming left turn",FTYROW:  Making left turn,None Indicated,,Dark - roadway lighted,Dry,Cloudy,None apparent,Intersection:  Four-way intersection,Paved,,Property Damage Only,0,0,0,0,0,0,6000,2,5,,POINT (-92.444047453811 42.513096200153)
2014822154,W14-103710,10/17/2014,10-October,6-Friday,15:05,1500 Hours,District 2 (Northeast),WATERLOO,BLACK HAWK,,RICKER ST & E 4TH ST,Collision with:  Vehicle in traffic,On Roadway,Rear-end (front to rear),Other (explain in narrative):  Other,None Indicated,,Daylight,Dry,Clear,None apparent,Non-intersection:  Non-junction/no special feature,Paved,,Possible/Unknown,0,2,0,0,2,0,4500,3,7,,POINT (-92.332738347412 42.514213263297)
2014822213,201415589,10/17/2014,10-October,6-Friday,22:18,2200 Hours,District 6 (East Central),CEDAR RAPIDS,LINN,I-380,I-380 & IA 922/1ST AVE W & L ST SW & 3RD ST NW,Collision with:  Vehicle in traffic,On Roadway,Rear-end (front to rear),Lost Control,None Indicated,,Dark - roadway lighted,Dry,Cloudy,None apparent,Intersection:  T-intersection,Paved,,Property Damage Only,0,0,0,0,0,0,1500,2,2,,POINT (-91.676943224251 41.975197786605)
2014830008,14-15901,10/17/2014,10-October,6-Friday,06:57,0600 Hours,District 3 (Northwest),SPENCER,CLAY,,Co Rd B24/350TH ST,Collision with:  Animal,On Roadway,Non-collision (single vehicle),Animal,None Indicated,,Dark - roadway lighted,Dry,Cloudy,None apparent,Non-intersection:  Non-junction/no special feature,Paved,,Property Damage Only,0,0,0,0,0,0,2000,1,1,,POINT (-95.178575094194 43.142498503412)