Iowa DOT Case Number,Law Enforcement Case Number,Date of Crash,Month of Crash,Day of Week,Time of Crash,Hour,DOT District,City Name,County Name,Route with System,Location Description,First Harmful Event,Location of First Harmful Event,Manner of Crash/Collision,Major Cause,Drug or Alcohol ,Environmental Conditions,Light Conditions,Surface Conditions,Weather Conditions,Roadway Contribution,Roadway Type,Roadway Surface,Work Zone,Crash Severity,Number of Fatalities,Number of Injuries,Number of Major Injuries,Number of Minor Injuries,Number of Possible Injuries,Number of Unknown Injuries,Amount of Property Damage,Number of Vehicles Involved,Total Number of Occupants,Travel Direction,Location
2014822210,201415541,10/17/2014,10-October,6-Friday,07:38,0700 Hours,District 6 (East Central),CEDAR RAPIDS,LINN,,33RD AVE SW & 6TH ST SW,Collision with:  Vehicle in traffic,On Roadway,Rear-end (front to rear),Lost Control,None Indicated,,Daylight,Dry,Clear,Non-highway work,Intersection:  Four-way intersection,Paved,,Property Damage Only,0,0,0,0,0,0,1600,2,2,,POINT (-91.676233363813 41.943027487181)
2014822358,14-044214,10/17/2014,10-October,6-Friday,17:54,1700 Hours,District 4 (Southwest),COUNCIL BLUFFS,POTTAWATTAMIE,,16TH AVE,Collision with fixed object:  Traffic sign support,On Roadway,Non-collision (single vehicle),Equipment failure,None Indicated,,Daylight,Dry,Clear,None apparent,Non-intersection:  Non-junction/no special feature,Paved,,Property Damage Only,0,0,0,0,0,0,5200,1,1,,POINT (-95.867298462502 41.246727278376)
2014825539,2014058912,10/17/2014,10-October,6-Friday,07:10,0700 Hours,District 6 (East Central),,JACKSON,US 52,US 52/GREAT RIVER RD,Non-collision events:  Overturn/rollover,Shoulder,Non-collision (single vehicle),Ran off road - right,Refused,,Daylight,Dry,Clear,None apparent,Non-intersection:  Non-junction/no special feature,Paved,,Major Injury,0,2,1,1,0,0,5000,1,2,,POINT (-90.390956600706 42.222423925413)
2014822685,2014-20283,10/17/2014,10-October,6-Friday,15:47,1500 Hours,District 6 (East Central),BETTENDORF,SCOTT,,MIDDLE RD,Non-collision events:  Overturn/rollover,Shoulder,Non-collision (single vehicle),Other (explain in narrative):  No improper action,None Indicated,,Daylight,Dry,Cloudy,"Shoulders (none, low, soft, high)",Non-intersection:  Non-junction/no special feature,Paved,Yes,Minor Injury,0,1,0,1,0,0,200000,1,1,,POINT (-90.459220872563 41.591215676264)
2014822013,20140030827,10/17/2014,10-October,6-Friday,09:50,0900 Hours,District 1 (Central),DES MOINES,POLK,IA 415,IA 415/2ND AVE,Collision with:  Vehicle in traffic,On Roadway,Broadside (front to side),FTYROW:  From driveway,None Indicated,,Daylight,Dry,Cloudy,None apparent,Non-intersection:  Driveway access (within),Paved,,Minor Injury,0,1,0,1,0,0,3000,2,2,,POINT (-93.619926276286 41.627843153207)
2014822866,SO14002462,10/17/2014,10-October,6-Friday,19:52,1900 Hours,District 3 (Northwest),,PLYMOUTH,,220TH ST,Collision with:  Other non-fixed object (explain in narrative),On Roadway,Non-collision (single vehicle),Separation of units,None Indicated,,Dark - roadway not lighted,Dry,Clear,None apparent,Non-intersection:  Non-junction/no special feature,Unpaved,,Fatal,1,0,0,0,0,0,50150,1,1,,POINT (-96.311061179013 42.735040546681)
2014822265,20140030893,10/17/2014,10-October,6-Friday,20:44,2000 Hours,District 1 (Central),DES MOINES,POLK,,SE 1ST ST & INDIANOLA AVE & INDIANOLA RD,Collision with:  Vehicle in traffic,On Roadway,Head-on (front to front),FTYROW:  Making left turn,None Indicated,,Dark - roadway lighted,Dry,Clear,None apparent,Intersection:  Four-way intersection,Paved,,Possible/Unknown,0,2,0,0,2,0,5000,2,2,,POINT (-93.615328927957 41.572320239085)
2014853442,CP14-1026,10/17/2014,10-October,6-Friday,17:45,1700 Hours,District 2 (Northeast),CLARION,WRIGHT,IA 3,IA 3/CENTRAL AVE,Collision with:  Vehicle in traffic,On Roadway,Broadside (front to side),Other (explain in narrative):  No improper action,None Indicated,,Daylight,Dry,Clear,None apparent,Non-intersection:  Non-junction/no special feature,Paved,,Property Damage Only,0,0,0,0,0,0,1600,2,3,,POINT (-93.733536560612 42.731672253073)
2014829357,2014C3851017,10/17/2014,10-October,6-Friday,19:00,1900 Hours,District 1 (Central),DAYTON,WEBSTER,,390TH ST,Non-collision events:  Other non-collision (explain in narrative),On Roadway,Non-collision (single vehicle),Crossed centerline (undivided),None Indicated,,Dark - roadway not lighted,"Mud, dirt",Clear,"Surface condition (e.g., wet, icy)",Non-intersection:  Non-junction/no special feature,Unpaved,,Property Damage Only,0,0,0,0,0,0,2000,1,4,,POINT (-94.01823013659 42.224333266551)
2014822893,14024461,10/17/2014,10-October,6-Friday,15:53,1500 Hours,District 5 (Southeast),OSKALOOSA,MAHASKA,,N 3RD ST,Collision with:  Vehicle in traffic,On Roadway,Rear-end (front to rear),Driving too fast for conditions,None Indicated,,Daylight,Dry,Cloudy,None apparent,Non-intersection:  Non-junction/no special feature,Paved,,Minor Injury,0,1,0,1,0,0,7500,2,3,,POINT (-92.641564989135 41.308424690165)
2014822160,W14-103540,10/17/2014,10-October,6-Friday,02:20,0200 Hours,District 2 (Northeast),WATERLOO,BLACK HAWK,,CAMPBELL AVE,Collision with fixed object:  Curb/island/raised median,On Roadway,Non-collision (single vehicle),Ran off road - right,None Indicated,,Dark - roadway lighted,Dry,Clear,None apparent,Intersection:  Four-way intersection,Paved,,Property Damage Only,0,0,0,0,0,0,1600,1,1,,POINT (-92.35768679164 42.483934114519)
2014822647,2014-72916,10/17/2014,10-October,6-Friday,21:30,2100 Hours,District 6 (East Central),DAVENPORT,SCOTT,,KIRKWOOD BLVD & PERSHING AVE,Collision with:  Vehicle in traffic,On Roadway,Broadside (front to side),FTYROW:  From stop sign,None Indicated,,Dark - roadway not lighted,Dry,Clear,None apparent,Intersection:  Four-way intersection,Paved,,Property Damage Only,0,0,0,0,0,0,5000,2,2,,POINT (-90.571175503272 41.536176117268)
2014822097,C14003300,10/17/2014,10-October,6-Friday,07:50,0700 Hours,District 6 (East Central),CORALVILLE,JOHNSON,,13TH ST & 23RD AVE,Collision with:  Vehicle in traffic,On Roadway,Broadside (front to side),FTYROW:  From driveway,None Indicated,,Daylight,Dry,Clear,None apparent,Non-intersection:  Driveway access (within),Paved,,Property Damage Only,0,0,0,0,0,0,2100,2,2,,POINT (-91.596598541247 41.689526021341)
2014824781,S14-J1703,10/17/2014,10-October,6-Friday,21:04,2100 Hours,District 5 (Southeast),OSCEOLA,CLARKE,I-35,I-35,Collision with:  Vehicle in traffic,On Roadway,"Sideswipe, same direction",Crossed centerline (undivided),None Indicated,,Dark - roadway lighted,Dry,Clear,None apparent,Non-intersection:  Non-junction/no special feature,Paved,,Property Damage Only,0,0,0,0,0,0,5000,2,4,,POINT (-93.794325462688 41.036916263222)
2014822350,14-21072,10/17/2014,10-October,6-Friday,05:20,0500 Hours,District 6 (East Central),,SCOTT,US 67,US 67/GREAT RIVER RD,Collision with:  Animal,,,Animal,None Indicated,,,,,,,Paved,,Property Damage Only,0,0,0,0,0,0,1500,1,1,,POINT (-90.348014230229 41.623637437741)
2014823089,SO1404414,10/17/2014,10-October,6-Friday,22:20,2200 Hours,District 5 (Southeast),,JEFFERSON,US 34,US 34 & Co Rd V63/PACKWOOD RD,Collision with:  Vehicle in traffic,On Roadway,"Angle, oncoming left turn",FTYROW:  From stop sign,None Indicated,,Dark - roadway lighted,Dry,Clear,None apparent,Intersection:  T-intersection,Paved,,Major Injury,0,2,2,0,0,0,10000,2,5,,POINT (-92.088796161691 41.009576785)
2014822073,14-37057,10/17/2014,10-October,6-Friday,05:00,0500 Hours,District 5 (Southeast),WEST BURLINGTON,DES MOINES,US 34,US 34,Collision with:  Animal,,,Animal,None Indicated,,,,,,,Paved,,Property Damage Only,0,0,0,0,0,0,2500,1,1,,POINT (-91.1675702076 40.816781485516)
2014822462,2014-72794,10/17/2014,10-October,6-Friday,10:50,1000 Hours,District 6 (East Central),DAVENPORT,SCOTT,,IA 461/BRADY ST/WELCOME WAY & W 59TH ST & E 59TH ST,Collision with:  Vehicle in traffic,On Roadway,Rear-end (front to rear),Driver Distraction:  Reaching for object(s)/fallen object(s),None Indicated,,Daylight,Dry,Cloudy,None apparent,Non-intersection:  Non-junction/no special feature,Paved,,Property Damage Only,0,0,0,0,0,0,7000,2,3,,POINT (-90.571430508257 41.579943503395)
2014821990,14021869,10/17/2014,10-October,6-Friday,11:12,1100 Hours,District 6 (East Central),MARION,LINN,,CENTRAL AVE & ALBURNETT RD & 5TH ST,Collision with:  Vehicle in traffic,On Roadway,"Angle, oncoming left turn",FTYROW:  From stop sign,None Indicated,,Daylight,Dry,Cloudy,None apparent,Intersection:  Other intersection (explain in narrative),Paved,,Property Damage Only,0,0,0,0,0,0,2000,2,2,,POINT (-91.604958492239 42.038804101467)
2014823442,BP14000845,10/17/2014,10-October,6-Friday,13:40,1300 Hours,District 2 (Northeast),BELMOND,WRIGHT,,5TH ST SE,Collision with:  Vehicle in traffic,Outside trafficway,Broadside (front to side),FTYROW:  From driveway,None Indicated,,Daylight,Dry,Cloudy,None apparent,Non-intersection:  Driveway access (within),Paved,,Property Damage Only,0,0,0,0,0,0,1800,2,2,,POINT (-93.612684125794 42.841644872699)
2014822448,2014011684,10/17/2014,10-October,6-Friday,22:23,2200 Hours,District 6 (East Central),IOWA CITY,JOHNSON,IA 1,IA 1/IOWA 1 & SUNSET ST,Collision with:  Vehicle in traffic,On Roadway,Rear-end (front to rear),Exceeded authorized speed,Alcohol (Statutory),,Dark - roadway not lighted,Dry,Clear,None apparent,Intersection:  Four-way intersection,Paved,,Minor Injury,0,1,0,1,0,0,1100,2,4,,POINT (-91.558557655618 41.642057328244)
2014822069,2014-22551,10/17/2014,10-October,6-Friday,00:31,0000 Hours,District 5 (Southeast),MARTENSDALE,WARREN,IA 28,IA 28/IOWA 28,Collision with fixed object:  Ditch,On Roadway,Non-collision (single vehicle),Lost Control,None Indicated,,Dark - roadway lighted,Dry,Clear,None apparent,Non-intersection:  Non-junction/no special feature,Paved,,Possible/Unknown,0,1,0,0,1,0,8200,1,1,,POINT (-93.736468515521 41.374967496819)
2014822446,2014010922,10/17/2014,10-October,6-Friday,12:53,1200 Hours,District 1 (Central),MARSHALLTOWN,MARSHALL,IA 14,IA 14/3RD AVE/N 3RD AVE & E MAIN ST,Non-collision events:  Other non-collision (explain in narrative),On Roadway,Non-collision (single vehicle),FTYROW:  To pedestrian,None Indicated,,Daylight,Dry,Cloudy,None apparent,Intersection:  Four-way intersection,Paved,,Minor Injury,0,1,0,1,0,0,1500,1,1,,POINT (-92.908016359184 42.04916433166)
2014824867,101714B,10/17/2014,10-October,6-Friday,15:37,1500 Hours,District 4 (Southwest),THURMAN,FREMONT,IA 2,IA 2/IOWA 2 & 278 AVE,Collision with fixed object:  Ditch,Outside trafficway,Non-collision (single vehicle),Ran off road - right,None Indicated,,Daylight,Dry,Clear,None apparent,Non-intersection:  Non-junction/no special feature,Paved,,Property Damage Only,0,0,0,0,0,0,3500,1,1,,POINT (-95.66360890465 40.687971157985)
2014822857,2014010918,10/17/2014,10-October,6-Friday,11:00,1100 Hours,District 1 (Central),MARSHALLTOWN,MARSHALL,,S 3RD AVE,Collision with:  Parked motor vehicle,Outside trafficway,"Sideswipe, opposite direction",Improper Backing,None Indicated,,Daylight,Dry,Cloudy,None apparent,Non-intersection:  Non-junction/no special feature,Paved,,Property Damage Only,0,0,0,0,0,0,2000,2,1,,POINT (-92.906834496677 42.030997059518)
2014823794,14001207,10/17/2014,10-October,6-Friday,04:53,0400 Hours,District 1 (Central),,STORY,,Co Rd E29/190TH ST,Collision with:  Animal,On Roadway,Non-collision (single vehicle),Animal,None Indicated,,Dark - roadway not lighted,Dry,Clear,None apparent,Non-intersection:  Non-junction/no special feature,Paved,,Property Damage Only,0,0,0,0,0,0,3000,1,1,,POINT (-93.575494193775 42.077858176859)
2014821988,14157883,10/17/2014,10-October,6-Friday,13:17,1300 Hours,District 6 (East Central),,JOHNSON,,Co Rd F28/MEHAFFEY BRIDGE RD/SUGAR BOTTOM RD,Collision with fixed object:  Traffic sign support,Roadside,Non-collision (single vehicle),"Operating vehicle in an reckless, erratic, careless, negligent manner",Alcohol (< Statutory),,Daylight,Dry,Cloudy,None apparent,Non-intersection:  Non-junction/no special feature,Paved,,Property Damage Only,0,0,0,0,0,0,2500,1,1,,POINT (-91.550311666857 41.778856778684)
2014822509,14-20296,10/17/2014,10-October,6-Friday,18:07,1800 Hours,District 6 (East Central),BETTENDORF,SCOTT,,WINSTON DR & DEVILS GLEN RD,Collision with:  Vehicle in traffic,On Roadway,Rear-end (front to rear),Swerving/Evasive Action,None Indicated,,Daylight,Dry,Cloudy,None apparent,Intersection:  T-intersection,Paved,,Property Damage Only,0,0,0,0,0,0,8000,3,4,,POINT (-90.483439444403 41.564738834021)
2014822029,14-34336,10/17/2014,10-October,6-Friday,05:29,0500 Hours,District 3 (Northwest),SIOUX CITY,WOODBURY,,GRANDVIEW BLVD,Collision with:  Parked motor vehicle,On Roadway,Rear-end (front to rear),Lost Control,None Indicated,,Dark - roadway lighted,Dry,Clear,None apparent,Non-intersection:  Non-junction/no special feature,Paved,,Property Damage Only,0,0,0,0,0,0,4000,2,777,,POINT (-96.408027879234 42.50449996821)
2014822000,14-6828,10/17/2014,10-October,6-Friday,11:06,1100 Hours,District 1 (Central),,POLK,,NE 17TH ST & NE 54TH AVE,Collision with:  Vehicle in traffic,On Roadway,"Angle, oncoming left turn",Made improper turn,None Indicated,,Daylight,Dry,Clear,None apparent,Intersection:  Four-way intersection,Paved,,Property Damage Only,0,0,0,0,0,0,7000,2,2,,POINT (-93.592669216598 41.658656334322)
2014823075,,10/17/2014,10-October,6-Friday,18:45,1800 Hours,District 3 (Northwest),,SAC,US 71,US 71/370TH ST,Collision with:  Animal,On Roadway,Non-collision (single vehicle),Animal,None Indicated,,Dark - roadway not lighted,Dry,Clear,,Non-intersection:  Non-junction/no special feature,Paved,,Property Damage Only,0,0,0,0,0,0,4671,1,1,,POINT (-94.927349856787 42.253247143473)
2014822053,14-044179,10/17/2014,10-October,6-Friday,14:20,1400 Hours,District 4 (Southwest),COUNCIL BLUFFS,POTTAWATTAMIE,IA 192,IA 192/S 7TH ST & W BROADWAY,Collision with:  Vehicle in traffic,On Roadway,Rear-end (front to rear),Lost Control,None Indicated,,Daylight,Dry,Clear,None apparent,Non-intersection:  Non-junction/no special feature,Paved,,Possible/Unknown,0,1,0,0,1,0,5000,2,5,,POINT (-95.853693112898 41.261484750097)
2014822288,20140030826,10/17/2014,10-October,6-Friday,09:43,0900 Hours,District 5 (Southeast),DES MOINES,WARREN,,135TH AVE,Collision with:  Vehicle in traffic,On Roadway,"Sideswipe, opposite direction",Other (explain in narrative):  Vision obstructed,None Indicated,,Daylight,Dry,Clear,None apparent,Non-intersection:  Non-junction/no special feature,Unpaved,,Property Damage Only,0,0,0,0,0,0,6000,2,3,,POINT (-93.549147476084 41.504902142322)
2014822145,,10/17/2014,10-October,6-Friday,12:50,1200 Hours,District 6 (East Central),BELLEVUE,JACKSON,IA 62,IA 62/STATE ST & S 2ND ST & N 2ND ST,Collision with:  Vehicle in traffic,On Roadway,Broadside (front to side),FTYROW:  From stop sign,None Indicated,,Daylight,Dry,Cloudy,"Surface condition (e.g., wet, icy)",Intersection:  Four-way intersection,Paved,,Property Damage Only,0,0,0,0,0,0,6350,2,2,,POINT (-90.424275950185 42.25843359207)
2014827948,2014059045,10/17/2014,10-October,6-Friday,15:15,1500 Hours,District 1 (Central),,JASPER,I-80,I-80,Collision with:  Vehicle in traffic,On Roadway,Rear-end (front to rear),Followed too close,None Indicated,,Daylight,Dry,Cloudy,None apparent,Non-intersection:  Non-junction/no special feature,Paved,,Minor Injury,0,2,0,1,1,0,11750,3,7,,POINT (-92.871998151803 41.690638373745)
2014822263,20140030891,10/17/2014,10-October,6-Friday,19:32,1900 Hours,District 1 (Central),DES MOINES,POLK,,INDIANOLA AVE,Collision with:  Non-motorist (see non-motorist section - NOT a unit),On Roadway,Non-collision (single vehicle),Unknown,None Indicated,,Dark - roadway not lighted,Dry,Cloudy,Unknown,Non-intersection:  Driveway access (within),Paved,,Possible/Unknown,0,1,0,0,1,0,50,1,1,,POINT (-93.599490052056 41.55610971959)
2014823030,2014058932,10/17/2014,10-October,6-Friday,08:10,0800 Hours,District 3 (Northwest),,SIOUX,,FIG AVE,Collision with:  Vehicle in traffic,On Roadway,"Sideswipe, opposite direction",Crossed centerline (undivided),None Indicated,,Daylight,Dry,Cloudy,None apparent,Non-intersection:  Non-junction/no special feature,Unpaved,,Property Damage Only,0,0,0,0,0,0,13000,2,2,,POINT (-96.275128059381 43.193824515197)
2014822753,14-004500,10/17/2014,10-October,6-Friday,16:10,1600 Hours,District 1 (Central),ANKENY,POLK,US 69,US 69/N ANKENY BLVD & NW 5TH ST & NE 5TH ST,Collision with:  Vehicle in traffic,On Roadway,Rear-end (front to rear),Driver Distraction:  Passenger,None Indicated,,Daylight,Dry,Clear,None apparent,Intersection:  Four-way intersection,Paved,,Property Damage Only,0,0,0,0,0,0,2000,2,5,,POINT (-93.600348971746 41.735428912311)
2014822850,20143801,10/17/2014,10-October,6-Friday,23:09,2300 Hours,District 1 (Central),,GRUNDY,US 20,US 20,Collision with fixed object:  Traffic sign support,Shoulder,Non-collision (single vehicle),Swerving/Evasive Action,None Indicated,,Dark - roadway not lighted,Dry,Cloudy,None apparent,Non-intersection:  Non-junction/no special feature,Paved,,Property Damage Only,0,0,0,0,0,0,2000,1,1,,POINT (-92.937700166273 42.462427709018)
2014822611,14-004889,10/17/2014,10-October,6-Friday,10:30,1000 Hours,District 1 (Central),AMES,STORY,,LINCOLN SWING & S DAKOTA AVE,Collision with:  Vehicle in traffic,On Roadway,Broadside (front to side),FTYROW:  From driveway,None Indicated,,Daylight,Dry,Cloudy,None apparent,Non-intersection:  Driveway access (within),Paved,,Possible/Unknown,0,2,0,0,0,2,4300,2,2,,POINT (-93.678689506996 42.022255415224)
2014825695,14-7245,10/17/2014,10-October,6-Friday,22:11,2200 Hours,District 2 (Northeast),WHITTEMORE,KOSSUTH,,5TH ST,Collision with fixed object:  Concrete traffic barrier (median or right side),On Roadway,Non-collision (single vehicle),Crossed centerline (undivided),Alcohol (Statutory),,Dark - roadway lighted,Dry,Clear,None apparent,Non-intersection:  Railroad grade crossing,Paved,,Possible/Unknown,0,1,0,0,1,0,600,1,1,,POINT (-94.423287355085 43.064082059393)
2014822055,14-5205,10/17/2014,10-October,6-Friday,13:23,1300 Hours,District 1 (Central),WEST DES MOINES,POLK,,MILLS CIVIC PKWY & S 51ST ST,Collision with:  Vehicle in traffic,On Roadway,Broadside (front to side),Unknown,None Indicated,,Daylight,Dry,Clear,None apparent,Intersection:  Four-way intersection,Paved,,Property Damage Only,0,0,0,0,0,0,3500,2,2,,POINT (-93.772781891069 41.559182971085)
2014822361,14-017800,10/17/2014,10-October,6-Friday,20:27,2000 Hours,District 5 (Southeast),,HENRY,US 218,US 218,Collision with:  Other non-fixed object (explain in narrative),On Roadway,Non-collision (single vehicle),Other (explain in narrative):  No improper action,None Indicated,,Dark - roadway not lighted,Dry,Clear,Debris,Non-intersection:  Non-junction/no special feature,Paved,,Property Damage Only,0,0,0,0,0,0,1500,1,5,,POINT (-91.548759278378 41.025687794386)
2014822323,14103645,10/17/2014,10-October,6-Friday,11:36,1100 Hours,District 2 (Northeast),CEDAR FALLS,BLACK HAWK,,PRAIRIE ST & CEDAR HEIGHTS DR,Collision with:  Vehicle in traffic,On Roadway,Rear-end (front to rear),Other (explain in narrative):  Other,None Indicated,,Daylight,Dry,Cloudy,None apparent,Intersection:  T-intersection,Paved,,Property Damage Only,0,0,0,0,0,0,2500,2,3,,POINT (-92.412090275224 42.490052886879)
2014822275,20140030803,10/17/2014,10-October,6-Friday,05:34,0500 Hours,District 1 (Central),DES MOINES,POLK,,WOODLAND AVE & 15TH ST,Collision with:  Parked motor vehicle,On Roadway,"Sideswipe, same direction",Unknown,None Indicated,,Dark - roadway lighted,Dry,Clear,None apparent,Non-intersection:  Non-junction/no special feature,Paved,,Possible/Unknown,0,1,0,0,0,1,4200,2,1,,POINT (-93.637109926956 41.588054390539)
2014823239,2014-72828,10/17/2014,10-October,6-Friday,14:44,1400 Hours,District 6 (East Central),DAVENPORT,SCOTT,US 6,US 6/SPRUCE HILLS DR,Collision with:  Non-motorist (see non-motorist section - NOT a unit),On Roadway,Non-collision (single vehicle),Swerving/Evasive Action,None Indicated,,Daylight,Dry,Clear,None apparent,"Interchange-related:  Off-ramp, diverge area",Paved,,Minor Injury,0,3,0,2,1,0,1000,1,1,,POINT (-90.526038933574 41.554892271303)
2014822411,14-044185,10/17/2014,10-October,6-Friday,15:03,1500 Hours,District 4 (Southwest),COUNCIL BLUFFS,POTTAWATTAMIE,I-29,I-29,Collision with:  Vehicle in traffic,On Roadway,Rear-end (front to rear),Unknown,None Indicated,,Daylight,Dry,Clear,None apparent,Non-intersection:  Non-junction/no special feature,Paved,,Property Damage Only,0,0,0,0,0,0,20000,5,8,,POINT (-95.870683091216 41.232187657531)
2014822201,14-09966,10/17/2014,10-October,6-Friday,10:37,1000 Hours,District 5 (Southeast),MOUNT PLEASANT,HENRY,,S WILSON ST,Collision with:  Parked motor vehicle,On Roadway,"Sideswipe, same direction",Other (explain in narrative):  No improper action,None Indicated,,Daylight,Dry,Cloudy,None apparent,Non-intersection:  Driveway access (within),Paved,,Property Damage Only,0,0,0,0,0,0,1850,2,1,,POINT (-91.540519494056 40.960871434194)
2014822283,20140030937,10/17/2014,10-October,6-Friday,16:30,1600 Hours,District 1 (Central),DES MOINES,POLK,US 6,US 6/E EUCLID AVE & OXFORD ST,Collision with:  Other non-fixed object (explain in narrative),On Roadway,Non-collision (single vehicle),Swerving/Evasive Action,None Indicated,,Daylight,Dry,Clear,Work Zone (roadway-related),Intersection:  T-intersection,Paved,Yes,Property Damage Only,0,0,0,0,0,0,2500,1,1,,POINT (-93.617499940628 41.627703089736)
2014822612,14-004891,10/17/2014,10-October,6-Friday,11:41,1100 Hours,District 1 (Central),AMES,STORY,US 69,US 69/LINCOLN WAY/GRAND AVE,Collision with:  Vehicle in traffic,On Roadway,Rear-end (front to rear),Driver Distraction:  Inattentive/lost in thought,Refused,,Daylight,Dry,Cloudy,None apparent,Intersection:  Four-way intersection,Paved,,Property Damage Only,0,0,0,0,0,0,2500,2,3,,POINT (-93.620222147362 42.022910470838)
2014825242,1410-04874,10/17/2014,10-October,6-Friday,21:00,2100 Hours,District 1 (Central),AMES,STORY,,KANSAS DR,Non-collision events:  Overturn/rollover,Outside trafficway,Non-collision (single vehicle),Ran off road - right,None Indicated,,Unknown,"Mud, dirt",Unknown,Unknown,Non-intersection:  Non-junction/no special feature,Paved,,Property Damage Only,0,0,0,0,0,0,6745,1,1,,POINT (-93.688397133777 42.037580795389)
2014822011,20140030810,10/17/2014,10-October,6-Friday,07:50,0700 Hours,District 1 (Central),DES MOINES,POLK,I-235,I-235,Collision with:  Vehicle in traffic,On Roadway,"Sideswipe, same direction",Crossed centerline (undivided),None Indicated,,Daylight,Dry,Cloudy,None apparent,Non-intersection:  Non-junction/no special feature,Paved,,Possible/Unknown,0,1,0,0,1,0,5000,2,2,,POINT (-93.663184874674 41.593158160078)
2014823402,14-34376,10/17/2014,10-October,6-Friday,13:49,1300 Hours,District 3 (Northwest),SIOUX CITY,WOODBURY,I-29,I-29,Collision with:  Vehicle in traffic,On Roadway,Rear-end (front to rear),Other (explain in narrative):  Other,None Indicated,,Daylight,Dry,Clear,Work Zone (roadway-related),Non-intersection:  Non-junction/no special feature,Paved,Yes,Property Damage Only,0,0,0,0,0,0,6000,2,5,,POINT (-96.378804442266 42.460604822956)
2014822341,14008976,10/17/2014,10-October,6-Friday,03:41,0300 Hours,District 6 (East Central),,DELAWARE,,Co Rd D22/210TH ST,Collision with:  Animal,,,Animal,None Indicated,,,,,,,Paved,,Property Damage Only,0,0,0,0,0,0,2500,1,1,,POINT (-91.350305055851 42.484594752159)
2014822653,2014011671,10/17/2014,10-October,6-Friday,12:20,1200 Hours,District 6 (East Central),IOWA CITY,JOHNSON,,S LINN ST,Collision with:  Vehicle in traffic,Roadside,"Sideswipe, opposite direction","Operating vehicle in an reckless, erratic, careless, negligent manner",None Indicated,,Daylight,Dry,Cloudy,None apparent,Non-intersection:  Non-junction/no special feature,Paved,,Property Damage Only,0,0,0,0,0,0,1500,2,2,,POINT (-91.531616951065 41.659351715847)
2014822279,20140030846,10/17/2014,10-October,6-Friday,12:44,1200 Hours,District 1 (Central),DES MOINES,POLK,,LYON ST & PENNSYLVANIA AVE,Collision with:  Vehicle in traffic,On Roadway,Broadside (front to side),FTYROW:  Making left turn,None Indicated,,Daylight,Dry,Cloudy,None apparent,Intersection:  Four-way intersection,Paved,,Possible/Unknown,0,1,0,0,1,0,2500,2,2,,POINT (-93.608127746099 41.593588669664)
2014822390,14-1667,10/17/2014,10-October,6-Friday,19:23,1900 Hours,District 1 (Central),GRAND JUNCTION,GREENE,IA 144,IA 144/U AVE/8TH ST S & Co Rd E53/230TH,Collision with:  Vehicle in traffic,On Roadway,Broadside (front to side),FTYROW:  From stop sign,None Indicated,,Dark - roadway lighted,Dry,Clear,None apparent,Intersection:  T-intersection,Paved,,Property Damage Only,0,0,0,0,0,0,3500,2,3,,POINT (-94.2421562946 42.022520968542)
2014822058,14C04705,10/17/2014,10-October,6-Friday,11:40,1100 Hours,District 4 (Southwest),CRESTON,UNION,,W PAGE ST & S DIVISION ST,Collision with:  Vehicle in traffic,On Roadway,Head-on (front to front),Made improper turn,None Indicated,,Daylight,Dry,Cloudy,None apparent,Non-intersection:  Non-junction/no special feature,Paved,,Possible/Unknown,0,2,0,0,2,0,12000,2,2,,POINT (-94.366240228412 41.050309373032)
2014822717,,10/17/2014,10-October,6-Friday,05:06,0500 Hours,District 5 (Southeast),,WASHINGTON,,Co Rd G52/OLD WHITE WAY,Collision with:  Animal,On Roadway,Non-collision (single vehicle),Animal,None Indicated,,Dark - roadway not lighted,Dry,"Fog, smoke, smog",,Non-intersection:  Driveway access (within),Paved,,Property Damage Only,0,0,0,0,0,0,1500,1,1,,POINT (-91.529639643668 41.256878034313)
2014822711,,10/17/2014,10-October,6-Friday,15:38,1500 Hours,District 4 (Southwest),GREENFIELD,ADAIR,IA 92,IA 92/SW KENT ST & SW 2ND ST,Collision with:  Vehicle in traffic,On Roadway,Broadside (front to side),FTYROW:  From stop sign,None Indicated,,Daylight,"Mud, dirt",Clear,None apparent,Intersection:  Four-way intersection,Paved,,Property Damage Only,0,0,0,0,0,0,4250,2,2,,POINT (-94.462513568382 41.303195035675)
2014822508,14-27597,10/17/2014,10-October,6-Friday,06:28,0600 Hours,District 1 (Central),NEWTON,JASPER,US 6,US 6/US 6/IOWA 14 & S 12TH AVE W,Collision with:  Vehicle in traffic,On Roadway,"Sideswipe, same direction",Made improper turn,None Indicated,,Daylight,Dry,Clear,None apparent,Intersection:  Four-way intersection,Paved,,Possible/Unknown,0,1,0,0,0,1,2100,2,2,,POINT (-93.077432840055 41.688341709471)
2014823397,14-012683,10/17/2014,10-October,6-Friday,22:22,2200 Hours,District 1 (Central),GARWIN,TAMA,,E AVE,Non-collision events:  Overturn/rollover,On Roadway,Non-collision (single vehicle),Exceeded authorized speed,None Indicated,,Dark - roadway lighted,"Mud, dirt",Clear,None apparent,Non-intersection:  Non-junction/no special feature,Unpaved,,Possible/Unknown,0,1,0,0,1,0,5000,1,2,,POINT (-92.68873686526 42.109113868809)