Iowa DOT Case Number,Law Enforcement Case Number,Date of Crash,Month of Crash,Day of Week,Time of Crash,Hour,DOT District,City Name,County Name,Route with System,Location Description,First Harmful Event,Location of First Harmful Event,Manner of Crash/Collision,Major Cause,Drug or Alcohol ,Environmental Conditions,Light Conditions,Surface Conditions,Weather Conditions,Roadway Contribution,Roadway Type,Roadway Surface,Work Zone,Crash Severity,Number of Fatalities,Number of Injuries,Number of Major Injuries,Number of Minor Injuries,Number of Possible Injuries,Number of Unknown Injuries,Amount of Property Damage,Number of Vehicles Involved,Total Number of Occupants,Travel Direction,Location
2014822451,14-013715,10/18/2014,10-October,7-Saturday,05:50,0500 Hours,District 4 (Southwest),,MILLS,US 34,US 34,Collision with:  Animal,,,Animal,None Indicated,,,,,,,Paved,,Property Damage Only,0,0,0,0,0,0,8500,1,1,,POINT (-95.803499948721 41.046489963365)
2014822249,14-004507,10/18/2014,10-October,7-Saturday,10:31,1000 Hours,District 1 (Central),ANKENY,POLK,US 69,US 69/S ANKENY BLVD/N ANKENY BLVD & W 1ST ST & E 1ST ST,Collision with:  Vehicle in traffic,On Roadway,Rear-end (front to rear),Other (explain in narrative):  Other,None Indicated,,Daylight,Dry,Cloudy,None apparent,Intersection:  Four-way intersection,Paved,,Possible/Unknown,0,1,0,0,1,0,4200,2,2,,POINT (-93.600375962325 41.731870994936)
2014824261,001996,10/18/2014,10-October,7-Saturday,02:25,0200 Hours,District 2 (Northeast),,MITCHELL,IA 9,IA 9/IOWA 9,Non-collision events:  Overturn/rollover,Outside trafficway,Non-collision (single vehicle),Crossed centerline (undivided),Alcohol (Statutory),,Dark - roadway not lighted,Dry,Clear,None apparent,Non-intersection:  Non-junction/no special feature,Paved,,Minor Injury,0,1,0,1,0,0,8000,1,1,,POINT (-92.653505318682 43.353014881596)
2014822214,201415607,10/18/2014,10-October,7-Saturday,02:30,0200 Hours,District 6 (East Central),CEDAR RAPIDS,LINN,,JOHNSON AVE SW & LEROY ST SW,Collision with fixed object:  Tree,Outside trafficway,Non-collision (single vehicle),Ran off road - straight,Under Influence of Alcohol/Drugs/Medications,,Dark - roadway lighted,Dry,Clear,None apparent,Intersection:  T-intersection,Paved,,Property Damage Only,0,0,0,0,0,0,6000,1,1,,POINT (-91.737285861979 41.966943027196)
2014823005,2014059143,10/18/2014,10-October,7-Saturday,11:12,1100 Hours,District 1 (Central),,JASPER,US 65,US 65/US 65 N,Collision with:  Vehicle in traffic,On Roadway,Rear-end (front to rear),Ran off road - left,None Indicated,,Daylight,Dry,Clear,None apparent,Non-intersection:  Non-junction/no special feature,Paved,,Minor Injury,0,2,0,1,1,0,19000,2,3,,POINT (-93.31081290398 41.808083534383)
2014825270,201403788,10/18/2014,10-October,7-Saturday,01:56,0100 Hours,District 6 (East Central),,LINN,,Co Rd E45/SECRIST RD & MARTELLE RD,Collision with fixed object:  Ditch,Roadside,Non-collision (single vehicle),Ran off road - right,None Indicated,,Dark - roadway not lighted,Dry,Cloudy,None apparent,Non-intersection:  Non-junction/no special feature,Paved,,Minor Injury,0,1,0,1,0,0,500,1,1,,POINT (-91.455793294153 42.012567822656)
2014822362,14-017856,10/18/2014,10-October,7-Saturday,19:06,1900 Hours,District 5 (Southeast),,HENRY,,Co Rd W55/FRANKLIN AVE,Collision with:  Animal,On Roadway,Non-collision (single vehicle),Animal,None Indicated,,Dark - roadway not lighted,Dry,Cloudy,None apparent,Non-intersection:  Non-junction/no special feature,Paved,,Property Damage Only,0,0,0,0,0,0,2800,1,4,,POINT (-91.622283877612 40.870014124926)
2014822656,14-20317,10/18/2014,10-October,7-Saturday,20:25,2000 Hours,District 2 (Northeast),,BREMER,IA 188,IA 188/IOWA 188,Collision with:  Animal,,,Animal,None Indicated,,,,,,,Paved,,Property Damage Only,0,0,0,0,0,0,2500,1,1,,POINT (-92.453039480705 42.84749794921)
2014822294,20140030969,10/18/2014,10-October,7-Saturday,17:49,1700 Hours,District 1 (Central),DES MOINES,POLK,,FLEUR DR,Collision with:  Vehicle in traffic,On Roadway,"Angle, oncoming left turn",Other (explain in narrative):  Vision obstructed,None Indicated,,Daylight,Dry,Clear,None apparent,Non-intersection:  Crossover-related,Paved,,Property Damage Only,0,0,0,0,0,0,11000,2,4,,POINT (-93.645019337529 41.546153459946)
2014827950,2014059107,10/18/2014,10-October,7-Saturday,00:38,0000 Hours,District 1 (Central),,POLK,I-80,I-80,Collision with fixed object:  Bridge overhead structure,Shoulder,Non-collision (single vehicle),Ran off road - right,None Indicated,,Dark - roadway not lighted,Dry,Clear,None apparent,Non-intersection:  Other non-intersection (explain in narrative),Paved,,Property Damage Only,0,0,0,0,0,0,5000,1,1,,POINT (-93.545929240199 41.656473921721)
2014834211,14-015980,10/18/2014,10-October,7-Saturday,21:28,2100 Hours,District 3 (Northwest),,CLAY,,Co Rd M36/160TH AVE,Non-collision events:  Overturn/rollover,Shoulder,Non-collision (single vehicle),Ran off road - left,None Indicated,,Dark - roadway not lighted,Dry,Clear,None apparent,Non-intersection:  Non-junction/no special feature,Unpaved,,Property Damage Only,0,0,0,0,0,0,5000,1,1,,POINT (-95.269223103164 43.202226555913)
2014822220,14021955,10/18/2014,10-October,7-Saturday,00:42,0000 Hours,District 6 (East Central),MARION,LINN,,11TH AVE & 13TH ST,Collision with:  Vehicle in traffic,On Roadway,Broadside (front to side),FTYROW:  From yield sign,None Indicated,,Dark - roadway lighted,Dry,Clear,None apparent,Intersection:  Four-way intersection,Paved,,Possible/Unknown,0,2,0,0,2,0,5000,2,3,,POINT (-91.595743875731 42.036989519593)
2014823032,2014059120,10/18/2014,10-October,7-Saturday,06:55,0600 Hours,District 2 (Northeast),,WINNESHIEK,,Co Rd B16/CO RD B16,Collision with:  Animal,On Roadway,Non-collision (single vehicle),Animal,None Indicated,,Dark - roadway not lighted,Dry,Cloudy,None apparent,Non-intersection:  Non-junction/no special feature,Paved,,Property Damage Only,0,0,0,0,0,0,8000,1,1,,POINT (-91.936142601484 43.199863348196)
2014832015,1410182334,10/18/2014,10-October,7-Saturday,23:34,2300 Hours,District 6 (East Central),WYOMING,JONES,,Co Rd X75/CO RD X-75,Non-collision events:  Overturn/rollover,On Roadway,Non-collision (single vehicle),Crossed centerline (undivided),Alcohol (Statutory),,Dark - roadway not lighted,Dry,Clear,None apparent,Non-intersection:  Non-junction/no special feature,Paved,,Possible/Unknown,0,1,0,0,1,0,10000,1,1,,POINT (-91.005056414475 42.031302508288)
2014823240,2014-73117,10/18/2014,10-October,7-Saturday,21:12,2100 Hours,District 6 (East Central),DAVENPORT,SCOTT,,W LOCUST ST,Collision with:  Vehicle in traffic,On Roadway,"Angle, oncoming left turn",Unknown,None Indicated,,Dark - roadway lighted,Dry,Clear,None apparent,Non-intersection:  Non-junction/no special feature,Paved,,Minor Injury,0,2,0,2,0,0,8000,2,5,,POINT (-90.629623392102 41.538134945506)
2014822351,14-044307,10/18/2014,10-October,7-Saturday,12:27,1200 Hours,District 4 (Southwest),COUNCIL BLUFFS,POTTAWATTAMIE,,S EXPRESSWAY,Collision with:  Vehicle in traffic,On Roadway,Rear-end (front to rear),Followed too close,None Indicated,,Daylight,Dry,Clear,Work Zone (roadway-related),Non-intersection:  Non-junction/no special feature,Paved,Yes,Property Damage Only,0,0,0,0,0,0,6500,2,3,,POINT (-95.85136154391 41.229849118596)
2014822386,14-044263,10/18/2014,10-October,7-Saturday,03:12,0300 Hours,District 4 (Southwest),COUNCIL BLUFFS,POTTAWATTAMIE,I-29,I-29 & IA 192/S EXPRESSWAY & SERVICE ROAD E,Collision with fixed object:  Utility pole/light support,On Roadway,Non-collision (single vehicle),Ran off road - right,None Indicated,,Dark - roadway lighted,Dry,Clear,Work Zone (roadway-related),Non-intersection:  Non-junction/no special feature,Paved,Yes,Property Damage Only,0,0,0,0,0,0,1500,1,1,,POINT (-95.85136467245 41.233487623037)
2014822452,14-013716,10/18/2014,10-October,7-Saturday,06:28,0600 Hours,District 4 (Southwest),,MILLS,US 34,US 34 & Co Rd L31/195TH ST,Collision with:  Vehicle in traffic,On Roadway,Broadside (front to side),Ran Stop Sign,None Indicated,,Dark - roadway not lighted,Dry,Cloudy,Work Zone (roadway-related),Intersection:  Four-way intersection,Paved,Yes,Property Damage Only,0,0,0,0,0,0,11500,2,2,,POINT (-95.803986064828 41.046451107004)
2014822333,14-009154,10/18/2014,10-October,7-Saturday,20:01,2000 Hours,District 4 (Southwest),,CASS,,Co Rd N28/690TH ST,Collision with:  Animal,On Roadway,Non-collision (single vehicle),Animal,None Indicated,,Dark - roadway not lighted,Dry,Clear,None apparent,Non-intersection:  Non-junction/no special feature,Paved,,Possible/Unknown,0,2,0,0,2,0,4000,1,2,,POINT (-94.872340954538 41.166751242236)
2014822807,14-12160,10/18/2014,10-October,7-Saturday,05:40,0500 Hours,District 3 (Northwest),,SIOUX,IA 60,IA 60/IOWA 60,Collision with:  Animal,,,Animal,None Indicated,,,,,,,Paved,,Property Damage Only,0,0,0,0,0,0,2000,1,1,,POINT (-95.988118272529 43.007452041911)
2014822512,14104053,10/18/2014,10-October,7-Saturday,15:14,1500 Hours,District 2 (Northeast),CEDAR FALLS,BLACK HAWK,IA 27,IA 27,Collision with:  Vehicle in traffic,On Roadway,Rear-end (front to rear),Followed too close,None Indicated,,Daylight,Dry,Clear,None apparent,Non-intersection:  Non-junction/no special feature,Paved,,Property Damage Only,0,0,0,0,0,0,2500,3,9,,POINT (-92.44946469084 42.48948202057)
2014822726,14006392,10/18/2014,10-October,7-Saturday,16:51,1600 Hours,District 3 (Northwest),WASHTA,CHEROKEE,,Co Rd C66/650TH ST & Co Rd L40/WASHTA RD & MAIN ST,Collision with:  Vehicle in traffic,On Roadway,Rear-end (front to rear),Swerving/Evasive Action,None Indicated,,Daylight,Dry,Clear,None apparent,Intersection:  T-intersection,Paved,,Possible/Unknown,0,1,0,0,0,1,3500,2,3,,POINT (-95.730007962217 42.575623346504)
2014822684,C14-0002877,10/18/2014,10-October,7-Saturday,20:54,2000 Hours,District 2 (Northeast),MARQUETTE,CLAYTON,US 18,US 18,Collision with:  Animal,On Roadway,Non-collision (single vehicle),Animal,None Indicated,,Dark - roadway not lighted,Dry,Clear,None apparent,Non-intersection:  Non-junction/no special feature,Paved,,Property Damage Only,0,0,0,0,0,0,3000,1,1,,POINT (-91.187337650226 43.044573336848)
2014822203,J14000841,10/18/2014,10-October,7-Saturday,23:26,2300 Hours,District 6 (East Central),,JOHNSON,,SIOUX AVE,Collision with fixed object:  Utility pole/light support,Roadside,Non-collision (single vehicle),Swerving/Evasive Action,Alcohol (Statutory),,Dark - roadway not lighted,Dry,Clear,None apparent,Non-intersection:  Non-junction/no special feature,Unpaved,,Possible/Unknown,0,1,0,0,1,0,12000,1,1,,POINT (-91.482994682301 41.601679617043)
2014822407,201400051241,10/18/2014,10-October,7-Saturday,11:24,1100 Hours,District 5 (Southeast),OTTUMWA,WAPELLO,,W 2ND ST,Collision with:  Vehicle in traffic,On Roadway,Broadside (front to side),Improper Backing,None Indicated,,Daylight,Dry,Clear,None apparent,Non-intersection:  Non-junction/no special feature,Paved,,Property Damage Only,0,0,0,0,0,0,2000,2,2,,POINT (-92.419030020677 41.023803300555)
2014822299,14-2323,10/18/2014,10-October,7-Saturday,20:09,2000 Hours,District 4 (Southwest),CLIVE,DALLAS,US 6,US 6/HICKMAN AVE & NW 144TH ST,Collision with:  Animal,,,Animal,None Indicated,,,,,,,Paved,,Property Damage Only,0,0,0,0,0,0,5000,1,1,,POINT (-93.81732703114 41.614845742625)
2014823806,14-032330,10/18/2014,10-October,7-Saturday,14:59,1400 Hours,District 5 (Southeast),,LEE,,195 AVE & 310 ST,Collision with:  Vehicle in traffic,On Roadway,Rear-end (front to rear),Driving too fast for conditions,None Indicated,,Daylight,Dry,Cloudy,None apparent,Intersection:  Four-way intersection,Unpaved,,Property Damage Only,0,0,0,0,0,0,3550,2,2,,POINT (-91.538022228545 40.509861636057)
2014822672,14-27765,10/18/2014,10-October,7-Saturday,22:11,2200 Hours,District 1 (Central),BAXTER,JASPER,,Co Rd F17/HWY F-17 W & W 100TH ST N,Collision with:  Vehicle in traffic,On Roadway,Broadside (front to side),Made improper turn,None Indicated,,Dark - roadway not lighted,Dry,Clear,None apparent,Non-intersection:  Non-junction/no special feature,Paved,,Property Damage Only,0,0,0,0,0,0,10000,2,3,,POINT (-93.231930660629 41.819960902639)
2014823164,14-4904,10/18/2014,10-October,7-Saturday,00:01,0000 Hours,District 1 (Central),AMES,STORY,,CHAMBERLAIN ST & WELCH AVE,Collision with:  Vehicle in traffic,On Roadway,Broadside (front to side),FTYROW:  From stop sign,Alcohol (Statutory),,Dark - roadway lighted,Dry,Clear,None apparent,Intersection:  Four-way intersection,Paved,,Property Damage Only,0,0,0,0,0,0,3000,2,2,,POINT (-93.650138869998 42.02143896426)
2014822352,2014-21148,10/18/2014,10-October,7-Saturday,01:02,0100 Hours,District 6 (East Central),,SCOTT,,270 ST,Collision with fixed object:  Curb/island/raised median,On Roadway,Non-collision (single vehicle),Crossed centerline (undivided),Alcohol (Statutory),,Dark - roadway not lighted,Dry,Clear,None apparent,Non-intersection:  Driveway access (within),Paved,,Property Damage Only,0,0,0,0,0,0,15000,1,1,,POINT (-90.484461460622 41.698899769492)
2014822378,201403789,10/18/2014,10-October,7-Saturday,03:14,0300 Hours,District 6 (East Central),,LINN,US 30,US 30/16TH AVE SW,Non-collision events:  Other non-collision (explain in narrative),On Roadway,Non-collision (single vehicle),Ran off road - right,None Indicated,,Dark - roadway not lighted,Dry,Clear,None apparent,Non-intersection:  Non-junction/no special feature,Paved,,Possible/Unknown,0,1,0,0,1,0,6000,1,1,,POINT (-91.809289298286 41.964100878315)
2014822613,14-004910,10/18/2014,10-October,7-Saturday,11:07,1100 Hours,District 1 (Central),AMES,STORY,,GARDEN RD,Collision with:  Vehicle in traffic,On Roadway,Rear-end (front to rear),Followed too close,None Indicated,,Daylight,Dry,Cloudy,None apparent,Non-intersection:  Non-junction/no special feature,Paved,,Possible/Unknown,0,2,0,0,0,2,3200,2,5,,POINT (-93.609893830445 41.989956614435)
2014822450,14-013706,10/18/2014,10-October,7-Saturday,01:00,0100 Hours,District 4 (Southwest),,MILLS,US 34,US 34,Collision with:  Animal,,,Animal,None Indicated,,,,,,,Paved,,Property Damage Only,0,0,0,0,0,0,10000,1,1,,POINT (-95.533108469358 41.030741855313)
2014825441,14-008003,10/18/2014,10-October,7-Saturday,12:08,1200 Hours,District 4 (Southwest),PERRY,DALLAS,IA 144,IA 144/1ST AVE & WARFORD ST,Collision with:  Vehicle in traffic,On Roadway,"Angle, oncoming left turn",FTYROW:  Making left turn,None Indicated,,Daylight,Dry,Clear,None apparent,Intersection:  Four-way intersection,Paved,,Property Damage Only,0,0,0,0,0,0,11000,2,2,,POINT (-94.106582312318 41.839561281793)
2014823007,2014059184,10/18/2014,10-October,7-Saturday,19:48,1900 Hours,District 6 (East Central),,BUCHANAN,US 20,US 20,Collision with:  Animal,On Roadway,Non-collision (single vehicle),Animal,None Indicated,,Dark - roadway not lighted,Dry,Clear,None apparent,Non-intersection:  Non-junction/no special feature,Paved,,Property Damage Only,0,0,0,0,0,0,5000,1,1,,POINT (-91.639720459639 42.46397250124)
2014822839,101814B,10/18/2014,10-October,7-Saturday,12:49,1200 Hours,District 4 (Southwest),,FREMONT,,210 AVE & DIKE RD,Collision with fixed object:  Ditch,Roadside,Non-collision (single vehicle),Swerving/Evasive Action,None Indicated,,Daylight,"Mud, dirt",Cloudy,None apparent,Intersection:  T-intersection,Unpaved,,Property Damage Only,0,0,0,0,0,0,3000,1,1,,POINT (-95.792499229316 40.674006713933)
2014822371,2014010956,10/18/2014,10-October,7-Saturday,08:41,0800 Hours,District 1 (Central),MARSHALLTOWN,MARSHALL,,NICHOLAS DR,Collision with:  Vehicle in traffic,On Roadway,Rear-end (front to rear),Other (explain in narrative):  Other,None Indicated,,Daylight,Dry,Cloudy,None apparent,Non-intersection:  Non-junction/no special feature,Paved,,Possible/Unknown,0,1,0,0,1,0,7500,2,3,,POINT (-92.913535863456 42.015645999649)
2014822455,66-006364,10/18/2014,10-October,7-Saturday,13:05,1300 Hours,District 2 (Northeast),,MITCHELL,IA 9,IA 9/IOWA 9,Non-collision events:  Other non-collision (explain in narrative),Shoulder,Non-collision (single vehicle),Ran off road - right,None Indicated,,Daylight,Dry,Clear,None apparent,Non-intersection:  Non-junction/no special feature,Paved,,Possible/Unknown,0,2,0,0,2,0,2000,1,2,,POINT (-92.898449144046 43.284141333249)
2014881154,14-016468,10/18/2014,10-October,7-Saturday,21:14,2100 Hours,District 2 (Northeast),CHARLES CITY,FLOYD,,13TH AVE,Collision with:  Vehicle in traffic,On Roadway,"Sideswipe, same direction","Operating vehicle in an reckless, erratic, careless, negligent manner",None Indicated,,Dark - roadway lighted,Dry,Clear,None apparent,Non-intersection:  Non-junction/no special feature,Paved,,Property Damage Only,0,0,0,0,0,0,2000,2,2,,POINT (-92.671953423235 43.075002818295)
2014822300,14-0925,10/18/2014,10-October,7-Saturday,07:50,0700 Hours,District 1 (Central),WINDSOR HEIGHTS,POLK,,73RD ST,Collision with:  Vehicle in traffic,On Roadway,"Sideswipe, same direction",FTYROW:  Other (explain in narrative),None Indicated,,Daylight,Dry,Cloudy,None apparent,Intersection:  Four-way intersection,Paved,,Property Damage Only,0,0,0,0,0,0,2000,2,4,,POINT (-93.716785033371 41.594502811677)
2014822744,14024549,10/18/2014,10-October,7-Saturday,14:32,1400 Hours,District 5 (Southeast),OSKALOOSA,MAHASKA,IA 92,IA 92/A AVE W,Collision with:  Vehicle in traffic,On Roadway,Rear-end (front to rear),Swerving/Evasive Action,None Indicated,,Daylight,Dry,Cloudy,None apparent,Non-intersection:  Non-junction/no special feature,Paved,,Property Damage Only,0,0,0,0,0,0,6000,2,2,,POINT (-92.651748402812 41.296214425617)
2014822635,14-017818,10/18/2014,10-October,7-Saturday,01:25,0100 Hours,District 5 (Southeast),,HENRY,,257TH ST & OASIS AVE,Collision with fixed object:  Ditch,Roadside,Non-collision (single vehicle),Driving too fast for conditions,None Indicated,,Dark - roadway not lighted,Dry,Cloudy,None apparent,Intersection:  T-intersection,Unpaved,,Property Damage Only,0,0,0,0,0,0,5000,1,1,,POINT (-91.419359148829 40.933628399413)
2014823599,2014059181,10/18/2014,10-October,7-Saturday,17:54,1700 Hours,District 1 (Central),,POWESHIEK,I-80,I-80,Collision with fixed object:  Guardrail - face,On Roadway,Non-collision (single vehicle),Ran off road - right,Alcohol (Statutory),,Daylight,Dry,Clear,None apparent,Non-intersection:  Non-junction/no special feature,Paved,,Property Damage Only,0,0,0,0,0,0,9752,1,1,,POINT (-92.323865962483 41.695647182661)
2014822391,C14003308,10/18/2014,10-October,7-Saturday,05:12,0500 Hours,District 6 (East Central),CORALVILLE,JOHNSON,I-80,I-80,Collision with:  Animal,,,Animal,None Indicated,,,,,,,Paved,,Property Damage Only,0,0,0,0,0,0,6800,1,1,,POINT (-91.583560868355 41.689537176098)
2014822783,14-34497,10/18/2014,10-October,7-Saturday,14:34,1400 Hours,District 3 (Northwest),SIOUX CITY,WOODBURY,IA 12,IA 12/GORDON DR & IA 376/S LEWIS BLVD,Collision with:  Vehicle in traffic,On Roadway,"Sideswipe, same direction",FTYROW:  Other (explain in narrative),None Indicated,,Daylight,Dry,Cloudy,None apparent,Non-intersection:  Other non-intersection (explain in narrative),Paved,,Property Damage Only,0,0,0,0,0,0,2000,2,5,,POINT (-96.380224345702 42.489899639846)
2014822891,14-008788,10/18/2014,10-October,7-Saturday,21:30,2100 Hours,District 2 (Northeast),GUTTENBERG,CLAYTON,,Co Rd C9Y/GREAT RIVER RD,Unknown,On Roadway,Non-collision (single vehicle),Crossed centerline (undivided),Alcohol (Statutory),,Dark - roadway not lighted,Dry,Clear,None apparent,Non-intersection:  Non-junction/no special feature,Paved,,Minor Injury,0,1,0,1,0,0,6000,1,1,,POINT (-91.024374104573 42.696474657394)
2014822614,14-004911,10/18/2014,10-October,7-Saturday,11:02,1100 Hours,District 1 (Central),AMES,STORY,US 30,US 30/NE RAMP CURV/NW RAMP CURV & Co Rd R38/SOUTH DAKOTA AVE,Collision with:  Vehicle in traffic,On Roadway,Rear-end (front to rear),Followed too close,None Indicated,,Daylight,Dry,Cloudy,None apparent,Non-intersection:  Non-junction/no special feature,Paved,,Property Damage Only,0,0,0,0,0,0,2700,2,2,,POINT (-93.678640757043 42.0097185502)
2014822669,S14-004161,10/18/2014,10-October,7-Saturday,01:00,0100 Hours,District 4 (Southwest),,POTTAWATTAMIE,,Co Rd G66/PIONEER TRL,Collision with fixed object:  Ditch,Gore,Non-collision (single vehicle),Ran off road - left,None Indicated,,Dark - roadway not lighted,"Mud, dirt",Clear,None apparent,Non-intersection:  Non-junction/no special feature,Unpaved,,Possible/Unknown,0,1,0,0,1,0,2000,1,1,,POINT (-95.246987180148 41.173911077611)
2014822456,660006370,10/18/2014,10-October,7-Saturday,16:03,1600 Hours,District 2 (Northeast),,MITCHELL,,Co Rd T62/WALNUT AVE,Non-collision events:  Other non-collision (explain in narrative),On Roadway,Non-collision (single vehicle),Unknown,None Indicated,,Daylight,Dry,Clear,None apparent,Non-intersection:  Non-junction/no special feature,Paved,,Possible/Unknown,0,1,0,0,0,1,3000,1,1,,POINT (-92.593369455211 43.449821757909)
2014822733,14-37299,10/18/2014,10-October,7-Saturday,18:58,1800 Hours,District 5 (Southeast),,DES MOINES,US 34,US 34 & SOUTH PRAIRIE GROVE RD,Collision with:  Animal,On Roadway,Non-collision (single vehicle),Animal,None Indicated,,Dark - roadway not lighted,Dry,Clear,None apparent,Non-intersection:  Non-junction/no special feature,Paved,,Property Damage Only,0,0,0,0,0,0,2000,1,3,,POINT (-91.242761558911 40.83221104201)
2014822168,W14-104022,10/18/2014,10-October,7-Saturday,12:18,1200 Hours,District 2 (Northeast),WATERLOO,BLACK HAWK,US 218,US 218/WASHINGTON ST,Collision with:  Vehicle in traffic,On Roadway,Broadside (front to side),Ran Traffic Signal,None Indicated,,Daylight,Dry,Clear,None apparent,Intersection:  Four-way intersection,Paved,,Property Damage Only,0,0,0,0,0,0,5000,2,3,,POINT (-92.334851059511 42.488315789365)
2014822506,2014059178,10/18/2014,10-October,7-Saturday,16:24,1600 Hours,District 5 (Southeast),,WARREN,I-35,I-35 & Co Rd G6R/HOOVER ST,Collision with fixed object:  Bridge overhead structure,On Roadway,Non-collision (single vehicle),Cargo/equipment loss or shift,None Indicated,,Daylight,Dry,Clear,None apparent,Non-intersection:  Other non-intersection (explain in narrative),Paved,,Property Damage Only,0,0,0,0,0,0,2220,1,1,,POINT (-93.780743525538 41.388421110925)
2014822240,14-6857,10/18/2014,10-October,7-Saturday,23:25,2300 Hours,District 1 (Central),GRIMES,POLK,,NW 142ND ST,Collision with:  Vehicle in traffic,On Roadway,Rear-end (front to rear),"Operating vehicle in an reckless, erratic, careless, negligent manner",None Indicated,,Dark - roadway not lighted,Dry,Clear,None apparent,Non-intersection:  Non-junction/no special feature,Unpaved,,Property Damage Only,0,0,0,0,0,0,3000,2,2,,POINT (-93.814414743317 41.684788612757)
2014822255,20140030961,10/18/2014,10-October,7-Saturday,15:02,1500 Hours,District 1 (Central),DES MOINES,POLK,IA 28,IA 28/MERLE HAY RD,Collision with:  Vehicle in traffic,On Roadway,Broadside (front to side),Unknown,None Indicated,,Daylight,Dry,Clear,None apparent,Non-intersection:  Non-junction/no special feature,Paved,,Property Damage Only,0,0,0,0,0,0,2500,2,4,,POINT (-93.697690090811 41.648609332553)
2014822577,14-004536,10/18/2014,10-October,7-Saturday,14:30,1400 Hours,District 1 (Central),ANKENY,POLK,,NW 9TH ST,Collision with:  Vehicle in traffic,On Roadway,Rear-end (front to rear),Other (explain in narrative):  Vision obstructed,None Indicated,,Daylight,Unknown,Clear,None apparent,Non-intersection:  Non-junction/no special feature,Paved,,Property Damage Only,0,0,0,0,0,0,1500,2,1,,POINT (-93.604323700514 41.738686633518)
2014823081,14018328,10/18/2014,10-October,7-Saturday,18:16,1800 Hours,District 2 (Northeast),MASON CITY,CERRO GORDO,,1ST ST NW,Collision with:  Parked motor vehicle,On Roadway,Rear-end (front to rear),FTYROW:  From driveway,None Indicated,,Daylight,Dry,Cloudy,None apparent,Non-intersection:  Driveway access (within),Paved,,Property Damage Only,0,0,0,0,0,0,1600,2,1,,POINT (-93.220032638072 43.152784710066)
2014822270,20140030959,10/18/2014,10-October,7-Saturday,14:28,1400 Hours,District 1 (Central),DES MOINES,POLK,US 69,US 69/E 14TH ST,Collision with:  Vehicle in traffic,On Roadway,Rear-end (front to rear),Followed too close,None Indicated,,Daylight,Dry,Clear,None apparent,Intersection:  Four-way intersection,Paved,,Minor Injury,0,1,0,1,0,0,200,2,5,,POINT (-93.600455224501 41.600771740678)
2014822619,S14-10768,10/18/2014,10-October,7-Saturday,02:00,0200 Hours,District 3 (Northwest),,WOODBURY,,Co Rd L37/SAFFORD AVE,Collision with fixed object:  Ditch,Shoulder,Non-collision (single vehicle),Ran off road - left,None Indicated,,Dark - roadway not lighted,Dry,Cloudy,None apparent,Non-intersection:  Non-junction/no special feature,Paved,,Property Damage Only,0,0,0,0,0,0,3500,1,1,,POINT (-95.747867032613 42.296679247425)
2014826225,2014059123,10/18/2014,10-October,7-Saturday,07:33,0700 Hours,District 3 (Northwest),,IDA,,MARSHAL AVE & 130TH ST,Collision with:  Vehicle in traffic,On Roadway,Broadside (front to side),FTYROW:  At uncontrolled intersection,None Indicated,,Daylight,"Mud, dirt",Cloudy,None apparent,Intersection:  Four-way intersection,Unpaved,,Minor Injury,0,4,0,1,3,0,16500,2,4,,POINT (-95.407483620553 42.518319036469)
2014822416,14-15680,10/18/2014,10-October,7-Saturday,23:00,2300 Hours,District 6 (East Central),SAINT DONATUS,JACKSON,,296 AVE,Non-collision events:  Overturn/rollover,Shoulder,Non-collision (single vehicle),Swerving/Evasive Action,None Indicated,,Dark - roadway not lighted,"Mud, dirt",Clear,None apparent,Non-intersection:  Non-junction/no special feature,Unpaved,,Property Damage Only,0,0,0,0,0,0,10000,1,1,,POINT (-90.552699426147 42.340594199296)
2014822339,14-5223,10/18/2014,10-October,7-Saturday,05:09,0500 Hours,District 4 (Southwest),WEST DES MOINES,DALLAS,I-80,I-80,Collision with:  Animal,On Roadway,Non-collision (single vehicle),Animal,None Indicated,,Dark - roadway lighted,Dry,Clear,None apparent,Non-intersection:  Non-junction/no special feature,Paved,,Property Damage Only,0,0,0,0,0,0,2000,1,1,,POINT (-93.818156450178 41.587394950459)
2014822620,S14-10775,10/18/2014,10-October,7-Saturday,23:35,2300 Hours,District 3 (Northwest),,WOODBURY,I-29,I-29,Collision with:  Animal,,,Animal,None Indicated,,,,,,,Paved,,Property Damage Only,0,0,0,0,0,0,2500,1,1,,POINT (-96.260310084508 42.260299178277)
2014823584,2014-006465,10/18/2014,10-October,7-Saturday,21:10,2100 Hours,District 6 (East Central),,BENTON,,77 ST,Collision with:  Animal,,,Animal,None Indicated,,,,,,,Unpaved,,Property Damage Only,0,0,0,0,0,0,3000,1,1,,POINT (-92.294518232972 41.906430462602)