Iowa DOT Case Number,Law Enforcement Case Number,Date of Crash,Month of Crash,Day of Week,Time of Crash,Hour,DOT District,City Name,County Name,Route with System,Location Description,First Harmful Event,Location of First Harmful Event,Manner of Crash/Collision,Major Cause,Drug or Alcohol ,Environmental Conditions,Light Conditions,Surface Conditions,Weather Conditions,Roadway Contribution,Roadway Type,Roadway Surface,Work Zone,Crash Severity,Number of Fatalities,Number of Injuries,Number of Major Injuries,Number of Minor Injuries,Number of Possible Injuries,Number of Unknown Injuries,Amount of Property Damage,Number of Vehicles Involved,Total Number of Occupants,Travel Direction,Location
2014826339,,10/18/2014,10-October,7-Saturday,09:23,0900 Hours,District 2 (Northeast),,WINNESHIEK,IA 150,IA 150/IOWA 150 & Co Rd B32/CO RD B32 & 123RD ST,Collision with:  Vehicle in traffic,On Roadway,Broadside (front to side),FTYROW:  From stop sign,None Indicated,,Daylight,Dry,Cloudy,None apparent,Intersection:  Four-way intersection,Paved,,Major Injury,0,1,1,0,0,0,17500,2,3,,POINT (-91.86992600873 43.118942258799)
2014822290,20140030945,10/18/2014,10-October,7-Saturday,12:48,1200 Hours,District 1 (Central),DES MOINES,POLK,,PROSPECT RD,Collision with:  Parked motor vehicle,Outside trafficway,Unknown,"Operating vehicle in an reckless, erratic, careless, negligent manner",None Indicated,,Daylight,Dry,Clear,None apparent,Non-intersection:  Non-junction/no special feature,Paved,,Possible/Unknown,0,1,0,0,0,1,4000,2,777,,POINT (-93.634230552327 41.616244917674)
2014822373,2014010972,10/18/2014,10-October,7-Saturday,17:50,1700 Hours,District 1 (Central),MARSHALLTOWN,MARSHALL,IA 14,IA 14/S CENTER ST,Collision with:  Vehicle in traffic,On Roadway,Broadside (front to side),FTYROW:  Making left turn,None Indicated,,Dusk,Dry,Clear,None apparent,Non-intersection:  Driveway access (within),Paved,,Property Damage Only,0,0,0,0,0,0,3000,2,2,,POINT (-92.912423117619 42.008007518032)
2014823583,2014-006452,10/18/2014,10-October,7-Saturday,01:31,0100 Hours,District 6 (East Central),,BENTON,,Co Rd V42/15 AVE,Collision with fixed object:  Ditch,On Roadway,Non-collision (single vehicle),Crossed centerline (undivided),None Indicated,,Dark - roadway not lighted,Dry,Clear,None apparent,Non-intersection:  Non-junction/no special feature,Paved,,Property Damage Only,0,0,0,0,0,0,3000,1,2,,POINT (-92.201987497954 41.988136522716)
2014822183,14007288,10/18/2014,10-October,7-Saturday,19:18,1900 Hours,District 1 (Central),WEBSTER CITY,HAMILTON,IA 17,IA 17/BRIGGS WOOD RD,Collision with:  Animal,,,Animal,None Indicated,,,,,,,Paved,,Property Damage Only,0,0,0,0,0,0,5000,1,1,,POINT (-93.795547804742 42.385898250904)
2014822338,2014-22664,10/18/2014,10-October,7-Saturday,10:54,1000 Hours,District 5 (Southeast),,WARREN,US 65,US 65 & US 69 & Co Rd G58/HWY G58,Collision with:  Vehicle in traffic,On Roadway,"Angle, oncoming left turn",FTYROW:  Making left turn,None Indicated,,Daylight,Dry,Cloudy,None apparent,Intersection:  Four-way intersection,Paved,,Property Damage Only,0,0,0,0,0,0,8000,2,2,,POINT (-93.563352877144 41.285373161632)
2014823006,2014059163,10/18/2014,10-October,7-Saturday,15:21,1500 Hours,District 4 (Southwest),,DALLAS,I-80,I-80,Collision with:  Vehicle in traffic,On Roadway,Rear-end (front to rear),Followed too close,None Indicated,,Daylight,Dry,Clear,None apparent,Non-intersection:  Non-junction/no special feature,Paved,,Property Damage Only,0,0,0,0,0,0,1500,2,5,,POINT (-93.914378792768 41.556171536362)
2014822314,14-012690,10/18/2014,10-October,7-Saturday,01:43,0100 Hours,District 1 (Central),,TAMA,US 30,US 30,Collision with:  Animal,,,Animal,None Indicated,,,,,,,Paved,,Property Damage Only,0,0,0,0,0,0,4000,1,1,,POINT (-92.67706219337 41.999894996766)
2014822239,14-6856,10/18/2014,10-October,7-Saturday,23:07,2300 Hours,District 1 (Central),,POLK,,NE 80TH ST,Collision with fixed object:  Ditch,On Roadway,Non-collision (single vehicle),Ran off road - left,None Indicated,,Dark - roadway not lighted,Dry,Clear,None apparent,Non-intersection:  Non-junction/no special feature,Paved,,Possible/Unknown,0,1,0,0,1,0,2000,1,1,,POINT (-93.444989103526 41.725399184095)
2014822184,P14-011905,10/18/2014,10-October,7-Saturday,11:41,1100 Hours,District 1 (Central),WEBSTER CITY,HAMILTON,US 20,US 20/SE RAMP CURV/SW RAMP CURV & IA 17/BRIGGS WOOD RD,Collision with:  Vehicle in traffic,On Roadway,Broadside (front to side),FTYROW:  From stop sign,None Indicated,,Daylight,Dry,Clear,None apparent,Intersection:  Intersection with ramp,Paved,,Property Damage Only,0,0,0,0,0,0,5000,2,2,,POINT (-93.815658660523 42.447276419339)
2014822475,2014011716,10/18/2014,10-October,7-Saturday,19:06,1900 Hours,District 6 (East Central),IOWA CITY,JOHNSON,,MUSCATINE AVE & S 1ST AVE,Collision with:  Vehicle in traffic,On Roadway,Broadside (front to side),FTYROW:  Making left turn,None Indicated,,Dark - roadway lighted,Dry,Clear,None apparent,Intersection:  Four-way intersection,Paved,,Possible/Unknown,0,1,0,0,1,0,7750,2,3,,POINT (-91.501986308183 41.649548120522)
2014822247,14-004516,10/18/2014,10-October,7-Saturday,16:14,1600 Hours,District 1 (Central),ANKENY,POLK,US 69,US 69/S ANKENY BLVD & SW 3RD ST & SE 3RD ST,Collision with:  Vehicle in traffic,On Roadway,Rear-end (front to rear),Other (explain in narrative):  Other,None Indicated,,Daylight,Dry,Clear,None apparent,Intersection:  Four-way intersection,Paved,,Possible/Unknown,0,1,0,0,1,0,1750,2,2,,POINT (-93.600367019754 41.729619283243)
2014826179,14-004850,10/18/2014,10-October,7-Saturday,22:30,2200 Hours,District 3 (Northwest),LARCHWOOD,LYON,,HOLDER ST & CHESTNUT ST,Collision with fixed object:  Other fixed object (explain in narrative),On Roadway,Non-collision (single vehicle),Other (explain in narrative):  No improper action,None Indicated,,Dark - roadway lighted,Dry,Clear,None apparent,Intersection:  Other intersection (explain in narrative),Paved,,Property Damage Only,0,0,0,0,0,0,1500,1,4,,POINT (-96.42971862618 43.452879575811)
2014822616,14-004916,10/18/2014,10-October,7-Saturday,15:29,1500 Hours,District 1 (Central),AMES,STORY,US 30,US 30/NE RAMP CURV,Collision with:  Vehicle in traffic,On Roadway,Rear-end (front to rear),Followed too close,None Indicated,,Daylight,Dry,Clear,None apparent,Interchange-related:  Off-ramp,Paved,,Property Damage Only,0,0,0,0,0,0,2000,2,5,,POINT (-93.60900665418 42.005803963469)
2014828372,AC14-062,10/18/2014,10-October,7-Saturday,01:42,0100 Hours,District 4 (Southwest),HARLAN,SHELBY,,GARFIELD AVE & COLLEGE PL,Collision with fixed object:  Other fixed object (explain in narrative),Outside trafficway,Non-collision (single vehicle),Ran off road - straight,Alcohol (Statutory),,Dark - roadway not lighted,Dry,Clear,None apparent,Intersection:  T-intersection,Paved,,Major Injury,0,1,1,0,0,0,5000,1,1,,POINT (-95.331107385139 41.647474370816)
2014822515,2014011692,10/18/2014,10-October,7-Saturday,01:00,0100 Hours,District 6 (East Central),IOWA CITY,JOHNSON,,E COLLEGE ST,Collision with:  Parked motor vehicle,Shoulder,Unknown,Ran off road - left,None Indicated,,Unknown,Unknown,Unknown,None apparent,Non-intersection:  Non-junction/no special feature,Paved,,Property Damage Only,0,0,0,0,0,0,3000,2,1,,POINT (-91.531241323246 41.65896862772)
2014822615,14-004913,10/18/2014,10-October,7-Saturday,13:20,1300 Hours,District 1 (Central),AMES,STORY,US 69,US 69/S DUFF AVE & S 3RD ST & SE 3RD ST,Collision with:  Vehicle in traffic,On Roadway,"Sideswipe, same direction",Crossed centerline (undivided),None Indicated,,Daylight,Dry,Clear,None apparent,Non-intersection:  Non-junction/no special feature,Paved,,Property Damage Only,0,0,0,0,0,0,5999,2,3,,POINT (-93.610315345039 42.020171535371)
2014822824,4514-043,10/18/2014,10-October,7-Saturday,17:10,1700 Hours,District 2 (Northeast),,HOWARD,US 63,US 63 & IA 9/IOWA 9,Collision with:  Vehicle in traffic,On Roadway,Rear-end (front to rear),Followed too close,None Indicated,,Daylight,Dry,Cloudy,None apparent,Intersection:  Four-way intersection,Paved,,Property Damage Only,0,0,0,0,0,0,2500,2,4,,POINT (-92.298279203936 43.370854725558)
2014822252,20140030923,10/18/2014,10-October,7-Saturday,07:06,0700 Hours,District 1 (Central),DES MOINES,POLK,IA 163,IA 163/E UNIVERSITY AVE,Collision with:  Non-motorist (see non-motorist section - NOT a unit),On Roadway,Non-collision (single vehicle),Unknown,None Indicated,,Dawn,Dry,Clear,None apparent,Non-intersection:  Non-junction/no special feature,Paved,,Fatal,1,0,0,0,0,0,5000,1,1,,POINT (-93.567296616662 41.60045375192)
2014822253,20140030992,10/18/2014,10-October,7-Saturday,21:00,2100 Hours,District 1 (Central),DES MOINES,POLK,,ROSE AVE & SW 4TH ST,Collision with:  Vehicle in traffic,On Roadway,Broadside (front to side),Unknown,None Indicated,,Unknown,Dry,Cloudy,None apparent,Non-intersection:  Non-junction/no special feature,Paved,,Property Damage Only,0,0,0,0,0,0,1500,2,1,,POINT (-93.620320858962 41.549973340803)
2014823326,14-004512,10/18/2014,10-October,7-Saturday,13:45,1300 Hours,District 1 (Central),ANKENY,POLK,I-35,I-35,Collision with:  Vehicle in traffic,On Roadway,Rear-end (front to rear),Other (explain in narrative):  Other,None Indicated,,Daylight,Dry,Clear,None apparent,Interchange-related:  On-ramp,Paved,,Property Damage Only,0,0,0,0,0,0,4000,2,3,,POINT (-93.57747854558 41.701976828268)
2014822782,14-34445,10/18/2014,10-October,7-Saturday,00:00,0000 Hours,District 3 (Northwest),SIOUX CITY,WOODBURY,,23RD ST & JENNINGS ST,Collision with:  Parked motor vehicle,On Roadway,"Sideswipe, opposite direction",Unknown,None Indicated,,Dark - roadway lighted,Dry,Clear,None apparent,Intersection:  Four-way intersection,Paved,,Property Damage Only,0,0,0,0,0,0,2200,4,1,,POINT (-96.399666681964 42.514131248585)
2014822533,,10/18/2014,10-October,7-Saturday,19:23,1900 Hours,District 5 (Southeast),,LUCAS,US 65,US 65,Collision with:  Animal,On Roadway,Non-collision (single vehicle),Animal,None Indicated,,Dark - roadway not lighted,Dry,Clear,None apparent,Non-intersection:  Non-junction/no special feature,Paved,,Possible/Unknown,0,1,0,0,1,0,1500,1,3,,POINT (-93.470670543201 41.050412080717)
2014822337,2014-22646,10/18/2014,10-October,7-Saturday,01:09,0100 Hours,District 5 (Southeast),,WARREN,,Co Rd S31/235TH AVE/233RD AVE & GRIMES ST,Collision with:  Vehicle in traffic,On Roadway,Head-on (front to front),Crossed centerline (undivided),None Indicated,,Dark - roadway not lighted,Dry,Cloudy,None apparent,Intersection:  T-intersection,Paved,,Major Injury,0,7,1,2,4,0,13000,2,8,,POINT (-93.359597140921 41.406775651513)
2014822173,101814-76,10/18/2014,10-October,7-Saturday,10:22,1000 Hours,District 3 (Northwest),STORM LAKE,BUENA VISTA,IA 7,IA 7/E LAKE SHORE DR/IOWA 7 & 120TH AVE,Collision with:  Vehicle in traffic,On Roadway,Broadside (front to side),FTYROW:  From stop sign,None Indicated,,Daylight,Dry,Cloudy,None apparent,Intersection:  Four-way intersection,Paved,,Property Damage Only,0,0,0,0,0,0,7500,2,3,,POINT (-95.171160118352 42.633653285142)
2014822269,20140030957,10/18/2014,10-October,7-Saturday,14:00,1400 Hours,District 1 (Central),DES MOINES,POLK,,HUBBELL AVE,Collision with:  Vehicle in traffic,On Roadway,"Sideswipe, same direction",Improper or erratic lane changing,None Indicated,,Daylight,Dry,Clear,None apparent,Non-intersection:  Non-junction/no special feature,Paved,,Property Damage Only,0,0,0,0,0,0,2000,2,4,,POINT (-93.577980134382 41.60085990786)
2014823852,201400051240,10/18/2014,10-October,7-Saturday,11:22,1100 Hours,District 5 (Southeast),OTTUMWA,WAPELLO,,E MAIN ST & S GREEN ST,Collision with:  Vehicle in traffic,On Roadway,Broadside (front to side),Ran Stop Sign,None Indicated,,Daylight,Dry,Clear,None apparent,Intersection:  Four-way intersection,Paved,,Property Damage Only,0,0,0,0,0,0,6500,2,4,,POINT (-92.410414124389 41.016273784249)
2014822372,2014010965,10/18/2014,10-October,7-Saturday,16:25,1600 Hours,District 1 (Central),MARSHALLTOWN,MARSHALL,,E STATE ST & N 10TH AVE,Collision with:  Vehicle in traffic,On Roadway,Broadside (front to side),Ran Stop Sign,None Indicated,,Daylight,Dry,Clear,None apparent,Intersection:  Four-way intersection,Paved,,Minor Injury,0,1,0,1,0,0,8000,2,2,,POINT (-92.896002778315 42.050424003919)
2014822267,20140030950,10/18/2014,10-October,7-Saturday,13:40,1300 Hours,District 1 (Central),DES MOINES,POLK,US 6,US 6/FREDERICK M HUBBELL AVE & E DOUGLAS AVE,Collision with:  Vehicle in traffic,On Roadway,Broadside (front to side),FTYROW:  From stop sign,None Indicated,,Daylight,Dry,Clear,None apparent,Intersection:  Y-intersection,Paved,,Property Damage Only,0,0,0,0,0,0,4500,2,3,,POINT (-93.543757420976 41.62957976617)
2014822784,14-34507,10/18/2014,10-October,7-Saturday,16:26,1600 Hours,District 3 (Northwest),SIOUX CITY,WOODBURY,,13TH ST,Collision with:  Vehicle in traffic,On Roadway,Rear-end (front to rear),Downhill runaway,None Indicated,,Daylight,Dry,Clear,None apparent,Non-intersection:  Non-junction/no special feature,Paved,,Property Damage Only,0,0,0,0,0,0,1500,2,2,,POINT (-96.3942799506 42.504116047108)
2014827952,2014059204,10/18/2014,10-October,7-Saturday,22:31,2200 Hours,District 4 (Southwest),WEST DES MOINES,DALLAS,,JORDAN CREEK PKWY,Collision with:  Vehicle in traffic,On Roadway,Broadside (front to side),Ran Traffic Signal,None Indicated,,Dark - roadway lighted,Dry,Clear,None apparent,Intersection:  T-intersection,Paved,,Property Damage Only,0,0,0,0,0,0,8000,2,3,,POINT (-93.808997699291 41.58893694422)
2014822304,14-002388,10/18/2014,10-October,7-Saturday,17:18,1700 Hours,District 1 (Central),ALTOONA,POLK,US 65,US 65,Collision with:  Vehicle in traffic,On Roadway,Broadside (front to side),FTYROW:  From stop sign,None Indicated,,Daylight,Dry,Cloudy,Work Zone (roadway-related),Interchange-related:  Off-ramp,Paved,Yes,Property Damage Only,0,0,0,0,0,0,6000,2,2,,POINT (-93.493241862829 41.662999092412)
2014822230,1400000908,10/18/2014,10-October,7-Saturday,12:47,1200 Hours,District 1 (Central),LE GRAND,MARSHALL,IA 146,IA 146/ZELLER AVE,Non-collision events:  Overturn/rollover,Shoulder,Non-collision (single vehicle),Crossed centerline (undivided),None Indicated,,Daylight,Dry,Clear,None apparent,Non-intersection:  Non-junction/no special feature,Paved,,Minor Injury,0,1,0,1,0,0,5300,1,1,,POINT (-92.785472260794 41.959294423979)
2014827951,2014059158,10/18/2014,10-October,7-Saturday,15:15,1500 Hours,District 1 (Central),,JASPER,I-80,I-80 & Co Rd F48/HWY F-48 W,Collision with:  Vehicle in traffic,On Roadway,"Angle, oncoming left turn",FTYROW:  Making left turn,None Indicated,,Daylight,Dry,Clear,None apparent,Intersection:  T-intersection,Paved,,Property Damage Only,0,0,0,0,0,0,3000,2,4,,POINT (-93.179207707594 41.691623771834)
2014822444,2014-038859,10/18/2014,10-October,7-Saturday,13:35,1300 Hours,District 6 (East Central),DUBUQUE,DUBUQUE,,HILLCREST RD & JOHN F KENNEDY RD,Collision with:  Vehicle in traffic,On Roadway,"Angle, oncoming left turn",FTYROW:  Making left turn,None Indicated,,Daylight,Dry,Cloudy,None apparent,Intersection:  T-intersection,Paved,,Property Damage Only,0,0,0,0,0,0,4500,2,2,,POINT (-90.720517345559 42.506250437024)
2014822409,201404891,10/18/2014,10-October,7-Saturday,14:28,1400 Hours,District 1 (Central),,BOONE,IA 930,IA 930/W LINCOLN WAY,Collision with fixed object:  Traffic sign support,On Roadway,Non-collision (single vehicle),Ran off road - right,None Indicated,,Daylight,Dry,Clear,None apparent,Interchange-related:  Off-ramp,Paved,,Property Damage Only,0,0,0,0,0,0,4500,1,2,,POINT (-93.728492726994 42.022445488059)
2014822410,14-27732,10/18/2014,10-October,7-Saturday,17:02,1700 Hours,District 1 (Central),NEWTON,JASPER,,S 3RD AVE E & E 4TH ST S,Collision with:  Vehicle in traffic,On Roadway,Broadside (front to side),Ran Stop Sign,None Indicated,,Daylight,Dry,Clear,None apparent,Intersection:  Four-way intersection,Paved,,Possible/Unknown,0,1,0,0,1,0,2700,2,6,,POINT (-93.049766541947 41.697643391314)
2014822514,14-5242,10/18/2014,10-October,7-Saturday,23:03,2300 Hours,District 1 (Central),WEST DES MOINES,POLK,,OFFICE PARK RD & 8TH ST,Collision with:  Vehicle in traffic,On Roadway,Rear-end (front to rear),Other (explain in narrative):  Other,Alcohol (Statutory),,Dark - roadway lighted,Dry,Clear,None apparent,Non-intersection:  Non-junction/no special feature,Paved,,Possible/Unknown,0,1,0,0,1,0,5500,2,3,,POINT (-93.713247534212 41.590336452747)
2014822268,20140030951,10/18/2014,10-October,7-Saturday,13:11,1300 Hours,District 1 (Central),DES MOINES,POLK,,E HARTFORD AVE & SE 30TH CT,Collision with fixed object:  Ditch,Shoulder,Non-collision (single vehicle),Exceeded authorized speed,None Indicated,,Daylight,"Mud, dirt",Clear,None apparent,Non-intersection:  Non-junction/no special feature,Unpaved,,Property Damage Only,0,0,0,0,0,0,4000,1,1,,POINT (-93.558036028375 41.550670782128)
2014822278,20140030921,10/18/2014,10-October,7-Saturday,03:50,0300 Hours,District 1 (Central),DES MOINES,POLK,,INDIANOLA AVE,Collision with fixed object:  Utility pole/light support,On Roadway,Non-collision (single vehicle),Exceeded authorized speed,Refused,,Dark - roadway lighted,Dry,Clear,Work Zone (roadway-related),Intersection:  T-intersection,Paved,Yes,Minor Injury,0,2,0,2,0,0,4000,1,2,,POINT (-93.583198119107 41.541961939168)
2014822322,14-044274,10/18/2014,10-October,7-Saturday,08:02,0800 Hours,District 4 (Southwest),COUNCIL BLUFFS,POTTAWATTAMIE,I-29,I-29 & IA 92/OMAHA BRIDGE RD,Collision with:  Vehicle in traffic,On Roadway,Rear-end (front to rear),Followed too close,None Indicated,,Daylight,Dry,Clear,Unknown,Intersection:  Intersection with ramp,Paved,,Property Damage Only,0,0,0,0,0,0,3000,2,3,,POINT (-95.831155480093 41.22135968417)
2014822289,20140030925,10/18/2014,10-October,7-Saturday,01:00,0100 Hours,District 1 (Central),DES MOINES,POLK,,E TIFFIN AVE & COLUMBIA ST,Unknown,Shoulder,Rear-end (front to rear),Ran off road - right,None Indicated,,Dark - roadway lighted,Dry,Clear,Unknown,Non-intersection:  Non-junction/no special feature,Paved,,Property Damage Only,0,0,0,0,0,0,10000,2,1,,POINT (-93.613840977565 41.624173851894)
2014822785,14-34531,10/18/2014,10-October,7-Saturday,20:05,2000 Hours,District 3 (Northwest),SIOUX CITY,WOODBURY,,RAVENS CT & GLEN OAKS BLVD,Collision with:  Animal,,,Animal,None Indicated,,,,,,,Paved,,Property Damage Only,0,0,0,0,0,0,1500,1,1,,POINT (-96.383544876252 42.525720436984)
2014823459,14-20403,10/19/2014,10-October,1-Sunday,08:43,0800 Hours,District 6 (East Central),BETTENDORF,SCOTT,,SPRUCE HILLS DR & UTICA RIDGE RD,Collision with:  Vehicle in traffic,On Roadway,"Angle, oncoming left turn",FTYROW:  Making left turn,None Indicated,,Daylight,Dry,Clear,None apparent,Intersection:  Four-way intersection,Paved,,Property Damage Only,0,0,0,0,0,0,3500,2,2,,POINT (-90.517843396647 41.554742565866)
2014828360,14100427,10/19/2014,10-October,1-Sunday,15:36,1500 Hours,District 5 (Southeast),,WAPELLO,,Co Rd T61/MONROE WAPELLO RD,Collision with:  Vehicle in traffic,On Roadway,Broadside (front to side),FTYROW:  From stop sign,None Indicated,,Daylight,Dry,Clear,None apparent,Intersection:  Four-way intersection,Paved,,Property Damage Only,0,0,0,0,0,0,3000,2,3,,POINT (-92.639701369804 41.029893067752)
2014822700,14104424,10/19/2014,10-October,1-Sunday,17:32,1700 Hours,District 2 (Northeast),CEDAR FALLS,BLACK HAWK,,GREENHILL RD & ROWND ST,Collision with:  Vehicle in traffic,On Roadway,Broadside (front to side),FTYROW:  From stop sign,None Indicated,,Daylight,Dry,Clear,None apparent,Intersection:  Four-way intersection,Paved,,Possible/Unknown,0,1,0,0,1,0,2500,2,3,,POINT (-92.421142046889 42.49814118489)
2014822526,14-044076,10/19/2014,10-October,1-Sunday,16:43,1600 Hours,District 5 (Southeast),WEST LIBERTY,MUSCATINE,,4TH ST,Collision with:  Vehicle in traffic,On Roadway,"Sideswipe, same direction",FTYROW:  Other (explain in narrative),None Indicated,,Daylight,Dry,Clear,None apparent,Non-intersection:  Non-junction/no special feature,Paved,,Property Damage Only,0,0,0,0,0,0,3000,2,4,,POINT (-91.25992912666 41.571048258774)
2014822694,2014-0445,10/19/2014,10-October,1-Sunday,16:13,1600 Hours,District 5 (Southeast),NORWALK,WARREN,,SCHOOL AVE,Collision with:  Parked motor vehicle,On Roadway,Rear-end (front to rear),Driver Distraction:  Manual operation of an electronic communication device,None Indicated,,Daylight,Dry,Clear,None apparent,Non-intersection:  Non-junction/no special feature,Paved,,Possible/Unknown,0,1,0,0,1,0,3500,2,2,,POINT (-93.679829717139 41.473227497485)
2014823522,14-016509,10/19/2014,10-October,1-Sunday,15:37,1500 Hours,District 2 (Northeast),,FLOYD,,MARCH AVE,Non-collision events:  Overturn/rollover,On Roadway,Non-collision (single vehicle),Swerving/Evasive Action,None Indicated,,Daylight,Dry,Clear,None apparent,Non-intersection:  Driveway access (within),Unpaved,,Property Damage Only,0,0,0,0,0,0,3500,2,2,,POINT (-92.790357979626 43.07781137459)
2014823110,201415677,10/19/2014,10-October,1-Sunday,17:37,1700 Hours,District 6 (East Central),CEDAR RAPIDS,LINN,,MOUNT VERNON RD SE & 34TH ST SE,Collision with:  Vehicle in traffic,On Roadway,Broadside (front to side),Ran Traffic Signal,None Indicated,,Daylight,Dry,Clear,None apparent,Intersection:  Four-way intersection,Paved,,Property Damage Only,0,0,0,0,0,0,10000,2,2,,POINT (-91.618417849709 41.976849946816)
2014822445,2014-038892,10/19/2014,10-October,1-Sunday,22:28,2200 Hours,District 6 (East Central),DUBUQUE,DUBUQUE,,HILLCREST RD,Collision with:  Vehicle in traffic,On Roadway,"Angle, oncoming left turn",FTYROW:  From driveway,None Indicated,,Dark - roadway lighted,Dry,Clear,None apparent,Non-intersection:  Driveway access (within),Paved,,Property Damage Only,0,0,0,0,0,0,3500,2,2,,POINT (-90.720895799253 42.506888333735)
2014823035,2014059262,10/19/2014,10-October,1-Sunday,13:15,1300 Hours,District 4 (Southwest),,ADAIR,I-80,I-80,Collision with:  Vehicle in traffic,On Roadway,"Sideswipe, same direction",Ran off road - left,None Indicated,,Daylight,Dry,Cloudy,None apparent,Non-intersection:  Non-junction/no special feature,Paved,,Property Damage Only,0,0,0,0,0,0,3000,2,2,,POINT (-94.686383585528 41.496658641242)
2014822876,2014011742,10/19/2014,10-October,1-Sunday,09:47,0900 Hours,District 6 (East Central),IOWA CITY,JOHNSON,,LOWER WEST BRANCH RD & N SCOTT BLVD,Collision with:  Vehicle in traffic,On Roadway,Rear-end (front to rear),Followed too close,None Indicated,,Daylight,Dry,Clear,None apparent,Intersection:  T-intersection,Paved,,Property Damage Only,0,0,0,0,0,0,5300,2,2,,POINT (-91.482913110175 41.665050866009)
2014822494,14-044438,10/19/2014,10-October,1-Sunday,12:39,1200 Hours,District 4 (Southwest),COUNCIL BLUFFS,POTTAWATTAMIE,,N 7TH ST,Non-collision events:  Other non-collision (explain in narrative),On Roadway,Non-collision (single vehicle),Ran off road - left,None Indicated,,Daylight,Dry,Cloudy,None apparent,Non-intersection:  Non-junction/no special feature,Paved,,Possible/Unknown,0,1,0,0,1,0,19000,1,1,,POINT (-95.853053959709 41.266814353182)
2014823656,2014059318,10/19/2014,10-October,1-Sunday,21:59,2100 Hours,District 1 (Central),,HAMILTON,I-35,I-35,Collision with:  Vehicle in traffic,On Roadway,Rear-end (front to rear),Lost Control,None Indicated,,Dark - roadway not lighted,Dry,Clear,None apparent,Non-intersection:  Non-junction/no special feature,Paved,,Major Injury,0,2,2,0,0,0,13000,2,2,,POINT (-93.570442967045 42.254624223294)
2014823162,14-004931,10/19/2014,10-October,1-Sunday,17:02,1700 Hours,District 1 (Central),AMES,STORY,,RIDGEWOOD AVE,Collision with:  Parked motor vehicle,On Roadway,Broadside (front to side),Improper Backing,None Indicated,,Daylight,Dry,Clear,None apparent,Non-intersection:  Non-junction/no special feature,Paved,,Property Damage Only,0,0,0,0,0,0,2500,2,1,,POINT (-93.62574602753 42.029455285483)
2014822621,S14-10801,10/19/2014,10-October,1-Sunday,14:57,1400 Hours,District 3 (Northwest),SERGEANT BLUFF,WOODBURY,,Co Rd D38/210TH ST & Co Rd K29/OLD LAKEPORT RD & 1ST ST,Collision with:  Vehicle in traffic,On Roadway,Rear-end (front to rear),Followed too close,None Indicated,,Daylight,Dry,Clear,None apparent,Intersection:  Four-way intersection,Paved,,Property Damage Only,0,0,0,0,0,0,1900,2,2,,POINT (-96.340884983823 42.400675432396)
2014822417,14-15689,10/19/2014,10-October,1-Sunday,13:08,1300 Hours,District 6 (East Central),BELLEVUE,JACKSON,,Co Rd D61/BELLEVUE-CASCADE RD,Collision with fixed object:  Utility pole/light support,On Roadway,Non-collision (single vehicle),Swerving/Evasive Action,None Indicated,,Daylight,Dry,Cloudy,None apparent,Non-intersection:  Non-junction/no special feature,Paved,,Property Damage Only,0,0,0,0,0,0,7000,1,1,,POINT (-90.537042012808 42.244107995882)
2014822379,201403809,10/19/2014,10-October,1-Sunday,22:21,2200 Hours,District 6 (East Central),CENTRAL CITY,LINN,IA 13,IA 13/IOWA 13,Collision with:  Animal,,,Animal,None Indicated,,,,,,,Paved,,Property Damage Only,0,0,0,0,0,0,2500,1,1,,POINT (-91.532939123233 42.197702645314)
2014828430,,10/19/2014,10-October,1-Sunday,11:37,1100 Hours,District 2 (Northeast),ALGONA,KOSSUTH,,E CALL ST & N HARLAN ST,Collision with:  Vehicle in traffic,On Roadway,"Sideswipe, opposite direction",FTYROW:  From parked position,None Indicated,,Daylight,Dry,Clear,None apparent,Intersection:  Four-way intersection,Paved,,Property Damage Only,0,0,0,0,0,0,6000,2,3,,POINT (-94.234260018272 43.069852158476)
2014824190,14-10712,10/19/2014,10-October,1-Sunday,17:31,1700 Hours,District 3 (Northwest),CARROLL,CARROLL,US 30,US 30/6TH ST & VINE ST,Collision with:  Vehicle in traffic,On Roadway,Rear-end (front to rear),Followed too close,None Indicated,,Daylight,Dry,Clear,None apparent,Non-intersection:  Non-junction/no special feature,Paved,,Property Damage Only,0,0,0,0,0,0,5500,2,3,,POINT (-94.857014960542 42.064067357059)
2014822219,14022077,10/19/2014,10-October,1-Sunday,16:21,1600 Hours,District 6 (East Central),MARION,LINN,,S 31ST ST & GRAND AVE,Collision with:  Vehicle in traffic,On Roadway,Broadside (front to side),FTYROW:  From stop sign,None Indicated,,Daylight,Dry,Clear,None apparent,Intersection:  T-intersection,Paved,,Property Damage Only,0,0,0,0,0,0,3250,2,2,,POINT (-91.579158377793 42.020078623294)
2014823163,14-004932,10/19/2014,10-October,1-Sunday,20:38,2000 Hours,District 1 (Central),AMES,STORY,,LINCOLN WAY & S HYLAND AVE,Collision with:  Vehicle in traffic,On Roadway,"Sideswipe, same direction",Other (explain in narrative):  Other,None Indicated,,Dark - roadway lighted,Dry,Clear,None apparent,Non-intersection:  Non-junction/no special feature,Paved,,Possible/Unknown,0,2,0,0,2,0,1500,2,3,,POINT (-93.655587566162 42.022731938951)
2014822562,1410198161,10/19/2014,10-October,1-Sunday,21:12,2100 Hours,District 6 (East Central),,CLINTON,US 67,US 67,Collision with fixed object:  Ditch,Shoulder,Non-collision (single vehicle),"Operating vehicle in an reckless, erratic, careless, negligent manner",Under Influence of Alcohol/Drugs/Medications,,Dark - roadway not lighted,Dry,Clear,None apparent,Non-intersection:  Driveway access (within),Paved,,Possible/Unknown,0,1,0,0,1,0,25150,1,1,,POINT (-90.184196018521 42.000591458758)