Iowa DOT Case Number,Law Enforcement Case Number,Date of Crash,Month of Crash,Day of Week,Time of Crash,Hour,DOT District,City Name,County Name,Route with System,Location Description,First Harmful Event,Location of First Harmful Event,Manner of Crash/Collision,Major Cause,Drug or Alcohol ,Environmental Conditions,Light Conditions,Surface Conditions,Weather Conditions,Roadway Contribution,Roadway Type,Roadway Surface,Work Zone,Crash Severity,Number of Fatalities,Number of Injuries,Number of Major Injuries,Number of Minor Injuries,Number of Possible Injuries,Number of Unknown Injuries,Amount of Property Damage,Number of Vehicles Involved,Total Number of Occupants,Travel Direction,Location
2014823108,201415662,10/19/2014,10-October,1-Sunday,09:22,0900 Hours,District 6 (East Central),CEDAR RAPIDS,LINN,,33RD AVE SW & J ST SW,Collision with:  Vehicle in traffic,On Roadway,"Sideswipe, same direction",Ran Stop Sign,None Indicated,,Daylight,Dry,Cloudy,None apparent,Intersection:  Four-way intersection,Paved,,Property Damage Only,0,0,0,0,0,0,7723,2,2,,POINT (-91.666781733308 41.945043642109)
2014822951,SO14-1282,10/19/2014,10-October,1-Sunday,19:25,1900 Hours,District 2 (Northeast),,WRIGHT,IA 3,IA 3/IOWA 3,Collision with:  Animal,,,Animal,None Indicated,,,,,,,Paved,,Property Damage Only,0,0,0,0,0,0,6000,1,1,,POINT (-93.581377317255 42.745864801961)
2014822309,14HPD0102,10/19/2014,10-October,1-Sunday,20:40,2000 Hours,District 3 (Northwest),HAWARDEN,SIOUX,IA 12,IA 12/AVE E & 3RD ST,Collision with:  Vehicle in traffic,On Roadway,"Sideswipe, opposite direction",Crossed centerline (undivided),None Indicated,,Dark - roadway lighted,Dry,Clear,None apparent,Intersection:  T-intersection,Paved,,Minor Injury,0,1,0,1,0,0,10000,2,2,,POINT (-96.488743904082 42.989445669112)
2014822702,14-21256,10/19/2014,10-October,1-Sunday,19:46,1900 Hours,District 6 (East Central),,SCOTT,US 67,US 67/GREAT RIVER RD & SPENCER RD,Collision with:  Vehicle in traffic,On Roadway,Rear-end (front to rear),Followed too close,Alcohol (< Statutory),,Dark - roadway lighted,Dry,Clear,None apparent,Intersection:  Four-way intersection,Paved,,Property Damage Only,0,0,0,0,0,0,8000,2,3,,POINT (-90.422454810588 41.569106044206)
2014822301,14-0932,10/19/2014,10-October,1-Sunday,15:48,1500 Hours,District 1 (Central),WINDSOR HEIGHTS,POLK,,UNIVERSITY AVE,Collision with:  Vehicle in traffic,On Roadway,Broadside (front to side),Ran Traffic Signal,None Indicated,,Daylight,Dry,Clear,None apparent,Intersection:  Four-way intersection,Paved,,Possible/Unknown,0,1,0,0,1,0,4500,3,4,,POINT (-93.718169902286 41.600366874069)
2014822284,20140031017,10/19/2014,10-October,1-Sunday,08:20,0800 Hours,District 1 (Central),DES MOINES,POLK,,CLARK ST & 4TH ST,Collision with:  Vehicle in traffic,On Roadway,Broadside (front to side),Ran Stop Sign,None Indicated,,Daylight,Dry,Clear,None apparent,Intersection:  Four-way intersection,Paved,,Property Damage Only,0,0,0,0,0,0,4000,2,4,,POINT (-93.62343584945 41.605837580991)
2014823914,14-004800,10/19/2014,10-October,1-Sunday,21:14,2100 Hours,District 3 (Northwest),,LYON,IA 9,IA 9/IOWA 9,Collision with:  Animal,,,Animal,None Indicated,,,,,,,Paved,,Property Damage Only,0,0,0,0,0,0,2400,1,1,,POINT (-96.421309306228 43.433071981458)
2014822388,SO14-1281,10/19/2014,10-October,1-Sunday,15:40,1500 Hours,District 2 (Northeast),,WRIGHT,,Co Rd R65/BELMOND RD,Collision with fixed object:  Ditch,On Roadway,Non-collision (single vehicle),Over correcting/over steering,None Indicated,,Daylight,Dry,Clear,None apparent,Non-intersection:  Non-junction/no special feature,Paved,,Possible/Unknown,0,1,0,0,1,0,3100,1,1,,POINT (-93.593989994469 42.831882564266)
2014822259,20140031073,10/19/2014,10-October,1-Sunday,19:10,1900 Hours,District 1 (Central),DES MOINES,POLK,,E 42ND ST,Collision with:  Vehicle in traffic,On Roadway,"Sideswipe, same direction",Unknown,None Indicated,,Dark - roadway not lighted,Dry,Clear,None apparent,Non-intersection:  Non-junction/no special feature,Paved,,Property Damage Only,0,0,0,0,0,0,1500,2,1,,POINT (-93.532090143298 41.628346333403)
2014822326,14-3333,10/19/2014,10-October,1-Sunday,02:40,0200 Hours,District 1 (Central),FORT DODGE,WEBSTER,,10TH AVE SW,Collision with:  Vehicle in traffic,On Roadway,Rear-end (front to rear),Unknown,None Indicated,,Dark - roadway not lighted,Dry,Clear,None apparent,Non-intersection:  Non-junction/no special feature,Paved,,Property Damage Only,0,0,0,0,0,0,12501,2,1,,POINT (-94.184417382917 42.496526468641)
2014827054,2014-038891,10/19/2014,10-October,1-Sunday,22:02,2200 Hours,District 6 (East Central),DUBUQUE,DUBUQUE,,CERRO DR,Collision with:  Vehicle in traffic,On Roadway,Rear-end (front to rear),Lost Control,Alcohol (Statutory),,Dark - roadway lighted,Dry,Clear,None apparent,Non-intersection:  Non-junction/no special feature,Paved,,Possible/Unknown,0,1,0,0,1,0,8000,3,1,,POINT (-90.698635069507 42.517501660111)
2014822473,14-3338,10/19/2014,10-October,1-Sunday,18:05,1800 Hours,District 1 (Central),FORT DODGE,WEBSTER,,1ST AVE S,Collision with:  Vehicle in traffic,On Roadway,Rear-end (front to rear),Other (explain in narrative):  Other,None Indicated,,Daylight,Dry,Clear,None apparent,Non-intersection:  Non-junction/no special feature,Paved,,Property Damage Only,0,0,0,0,0,0,2000,2,3,,POINT (-94.177227849447 42.505101942282)
2014830061,14-058,10/19/2014,10-October,1-Sunday,20:18,2000 Hours,District 3 (Northwest),KNIERIM,CALHOUN,US 20,US 20/US20 & UPLAND AVE,Non-collision events:  Other non-collision (explain in narrative),On Roadway,Non-collision (single vehicle),Other (explain in narrative):  No improper action,None Indicated,,Dark - roadway not lighted,Dry,Clear,None apparent,Non-intersection:  Non-junction/no special feature,Paved,,Possible/Unknown,0,1,0,0,0,1,5000,1,1,,POINT (-94.514205107541 42.449380058491)
2014829659,14009315,10/19/2014,10-October,1-Sunday,02:45,0200 Hours,District 6 (East Central),,BUCHANAN,,Co Rd V62/BAXTER AVE,,On Roadway,Non-collision (single vehicle),Ran off road - left,None Indicated,,Dark - roadway not lighted,Dry,Clear,None apparent,Non-intersection:  Non-junction/no special feature,Paved,,Property Damage Only,0,0,0,0,0,0,10150,1,1,,POINT (-92.062699507239 42.526605861288)
2014823211,2014003801,10/19/2014,10-October,1-Sunday,03:45,0300 Hours,District 6 (East Central),,LINN,,Co Rd E34/COUNTY HOME RD & GILMORE RD,Collision with:  Animal,,,Animal,None Indicated,,,,,,,Paved,,Property Damage Only,0,0,0,0,0,0,4000,1,1,,POINT (-91.638690400041 42.094814084362)
2014823107,201415655,10/19/2014,10-October,1-Sunday,01:50,0100 Hours,District 6 (East Central),CEDAR RAPIDS,LINN,IA 100,IA 100/COLLINS RD NE,Collision with:  Vehicle in traffic,On Roadway,Rear-end (front to rear),Swerving/Evasive Action,Alcohol (Statutory),,Dark - roadway lighted,Dry,Clear,None apparent,Non-intersection:  Non-junction/no special feature,Paved,,Possible/Unknown,0,1,0,0,1,0,4000,2,3,,POINT (-91.641863860524 42.028223034453)
2014822516,14-044445,10/19/2014,10-October,1-Sunday,13:30,1300 Hours,District 4 (Southwest),COUNCIL BLUFFS,POTTAWATTAMIE,,BENNETT AVE & MADISON AVE & W BENNETT AVE,Collision with:  Vehicle in traffic,On Roadway,"Angle, oncoming left turn",FTYROW:  Making left turn,None Indicated,,Daylight,Dry,Clear,None apparent,Intersection:  Four-way intersection,Paved,,Possible/Unknown,0,1,0,0,1,0,8000,2,3,,POINT (-95.827803728371 41.244876804993)
2014822650,2014-73211,10/19/2014,10-October,1-Sunday,07:30,0700 Hours,District 6 (East Central),DAVENPORT,SCOTT,,E 50TH ST,Collision with:  Parked motor vehicle,On Roadway,Broadside (front to side),Unknown,None Indicated,,Daylight,Dry,Clear,None apparent,Non-intersection:  Non-junction/no special feature,Paved,,Property Damage Only,0,0,0,0,0,0,6500,2,1,,POINT (-90.539919557254 41.571743916447)
2014823057,14-016490,10/19/2014,10-October,1-Sunday,07:51,0700 Hours,District 2 (Northeast),CHARLES CITY,FLOYD,,WALLER ST,Collision with:  Vehicle in traffic,On Roadway,Broadside (front to side),Improper Backing,None Indicated,,Daylight,Dry,Clear,None apparent,Non-intersection:  Driveway access (within),Paved,,Property Damage Only,0,0,0,0,0,0,2200,2,3,,POINT (-92.684289881121 43.06470881524)
2014829511,14006406,10/19/2014,10-October,1-Sunday,11:30,1100 Hours,District 3 (Northwest),,CHEROKEE,,520TH ST,Non-collision events:  Overturn/rollover,On Roadway,Non-collision (single vehicle),Swerving/Evasive Action,Alcohol (Statutory),,Daylight,Dry,Clear,None apparent,Non-intersection:  Non-junction/no special feature,Unpaved,,Major Injury,0,1,1,0,0,0,1500,1,1,,POINT (-95.599028523768 42.764378220603)
2014823034,2014059259,10/19/2014,10-October,1-Sunday,12:25,1200 Hours,District 4 (Southwest),,POTTAWATTAMIE,I-80,I-80,Collision with:  Vehicle in traffic,On Roadway,"Sideswipe, same direction",FTYROW:  Other (explain in narrative),None Indicated,,Daylight,Dry,Cloudy,None apparent,Interchange-related:  On-ramp merge area,Paved,,Property Damage Only,0,0,0,0,0,0,8500,2,4,,POINT (-95.493958184116 41.498998833486)
2014822559,1410192711,10/19/2014,10-October,1-Sunday,11:49,1100 Hours,District 6 (East Central),,CLINTON,,Co Rd Z34/362 AVE,Collision with fixed object:  Guardrail - face,On Roadway,Non-collision (single vehicle),Animal,None Indicated,,Daylight,Dry,Clear,None apparent,Non-intersection:  Non-junction/no special feature,Paved,,Possible/Unknown,0,1,0,0,0,1,10500,1,1,,POINT (-90.388257582723 41.992108787052)
2014822561,1410198021,10/19/2014,10-October,1-Sunday,21:09,2100 Hours,District 6 (East Central),,CLINTON,US 61,US 61,Collision with:  Animal,,,Animal,None Indicated,,,,,,,Paved,,Property Damage Only,0,0,0,0,0,0,9000,1,1,,POINT (-90.567968405868 41.859268643393)
2014823033,2014059226,10/19/2014,10-October,1-Sunday,05:55,0500 Hours,District 4 (Southwest),,CASS,IA 173,IA 173/590TH ST & EASTLAND RD,Collision with:  Animal,,,Animal,None Indicated,,,,,,,Paved,,Property Damage Only,0,0,0,0,0,0,3000,1,1,,POINT (-95.060221537947 41.446839946693)
2014822347,S79140337,10/19/2014,10-October,1-Sunday,23:35,2300 Hours,District 1 (Central),,POWESHIEK,I-80,I-80,Collision with fixed object:  Guardrail - face,On Roadway,Non-collision (single vehicle),Over correcting/over steering,None Indicated,,Dark - roadway not lighted,Dry,Clear,None apparent,Non-intersection:  Other non-intersection (explain in narrative),Paved,,Possible/Unknown,0,1,0,0,1,0,4193,1,1,,POINT (-92.68738668982 41.695418555799)
2014822734,14-37342,10/19/2014,10-October,1-Sunday,00:00,0000 Hours,District 5 (Southeast),,DES MOINES,US 61,US 61,Collision with:  Animal,,,Animal,None Indicated,,,,,,,Paved,,Property Damage Only,0,0,0,0,0,0,8000,1,3,,POINT (-91.158207003905 40.739020329083)
2014822688,14-37409,10/19/2014,10-October,1-Sunday,16:39,1600 Hours,District 5 (Southeast),BURLINGTON,DES MOINES,,CAROLINE ST,Collision with:  Vehicle in traffic,On Roadway,Broadside (front to side),FTYROW:  From driveway,None Indicated,,Daylight,Dry,Cloudy,None apparent,Non-intersection:  Driveway access (within),Paved,,Property Damage Only,0,0,0,0,0,0,4500,2,4,,POINT (-91.120080599582 40.819845541233)
2014822374,2014011046,10/19/2014,10-October,1-Sunday,21:06,2100 Hours,District 1 (Central),MARSHALLTOWN,MARSHALL,,S 12TH ST,Collision with:  Vehicle in traffic,On Roadway,Head-on (front to front),Unknown,None Indicated,,Dark - roadway not lighted,Dry,Clear,None apparent,Non-intersection:  Non-junction/no special feature,Paved,,Property Damage Only,0,0,0,0,0,0,6500,2,3,,POINT (-92.931757752009 42.018765569154)
2014822257,20140031058,10/19/2014,10-October,1-Sunday,16:45,1600 Hours,District 1 (Central),DES MOINES,POLK,,CENTER ST & 9TH ST & 8TH PL,Collision with:  Vehicle in traffic,On Roadway,"Angle, oncoming left turn",FTYROW:  Making left turn,None Indicated,,Daylight,Dry,Clear,None apparent,Intersection:  Y-intersection,Paved,,Property Damage Only,0,0,0,0,0,0,6000,2,8,,POINT (-93.629238149797 41.591619576354)
2014822578,14-1243,10/19/2014,10-October,1-Sunday,01:10,0100 Hours,District 4 (Southwest),CLIVE,DALLAS,,NW 156TH ST,Collision with:  Vehicle in traffic,On Roadway,"Angle, oncoming left turn",Unknown,None Indicated,,Dark - roadway lighted,Dry,Clear,None apparent,Non-intersection:  Non-junction/no special feature,Paved,,Minor Injury,0,1,0,1,0,0,20000,2,4,,POINT (-93.833613108915 41.61474681009)
2014822518,14-5248,10/19/2014,10-October,1-Sunday,12:40,1200 Hours,District 1 (Central),WEST DES MOINES,POLK,,GRAND AVE & 4TH ST,Collision with:  Vehicle in traffic,On Roadway,Broadside (front to side),Ran Traffic Signal,None Indicated,,Daylight,Dry,Cloudy,None apparent,Intersection:  Four-way intersection,Paved,,Possible/Unknown,0,1,0,0,1,0,6000,2,2,,POINT (-93.707440819612 41.582671143687)
2014822258,20140031069,10/19/2014,10-October,1-Sunday,18:12,1800 Hours,District 1 (Central),DES MOINES,POLK,US 6,US 6/DOUGLAS AVE,Collision with:  Vehicle in traffic,On Roadway,Broadside (front to side),FTYROW:  Making left turn,None Indicated,,Daylight,Dry,Clear,None apparent,Non-intersection:  Driveway access (within),Paved,,Property Damage Only,0,0,0,0,0,0,3300,2,3,,POINT (-93.658167265148 41.629540084845)
2014822786,14-34572,10/19/2014,10-October,1-Sunday,02:41,0200 Hours,District 3 (Northwest),SIOUX CITY,WOODBURY,,11TH ST & FLOYD BLVD,Collision with:  Vehicle in traffic,On Roadway,"Angle, oncoming left turn",FTYROW:  Making left turn,None Indicated,,Dark - roadway lighted,Dry,Clear,None apparent,Intersection:  Four-way intersection,Paved,,Property Damage Only,0,0,0,0,0,0,2500,2,4,,POINT (-96.393538615148 42.501886905261)
2014822285,20140031031,10/19/2014,10-October,1-Sunday,11:55,1100 Hours,District 1 (Central),DES MOINES,POLK,US 69,US 69/SE 14TH ST & KING AVE,Collision with:  Vehicle in traffic,On Roadway,Rear-end (front to rear),Lost Control,None Indicated,,Daylight,Dry,Clear,None apparent,Intersection:  Other intersection (explain in narrative),Paved,,Property Damage Only,0,0,0,0,0,0,1500,2,3,,POINT (-93.596913536453 41.560203432186)
2014825540,2014059233,10/19/2014,10-October,1-Sunday,07:45,0700 Hours,District 1 (Central),,POWESHIEK,I-80,I-80,Collision with:  Animal,,,Animal,None Indicated,,,,,,,Paved,,Property Damage Only,0,0,0,0,0,0,5000,1,1,,POINT (-92.76378251118 41.695384800182)
2014822246,14-004519,10/19/2014,10-October,1-Sunday,06:35,0600 Hours,District 1 (Central),ANKENY,POLK,I-35,I-35,Collision with:  Vehicle in traffic,On Roadway,Rear-end (front to rear),Ran off road - left,None Indicated,,Dark - roadway lighted,Dry,Clear,None apparent,Non-intersection:  Non-junction/no special feature,Paved,,Property Damage Only,0,0,0,0,0,0,4000,2,3,,POINT (-93.577283273307 41.701644547219)
2014822466,2014-73221,10/19/2014,10-October,1-Sunday,08:24,0800 Hours,District 6 (East Central),DAVENPORT,SCOTT,,TELEGRAPH RD & W 9TH ST & WILKES AVE,Collision with:  Vehicle in traffic,On Roadway,Broadside (front to side),Ran Stop Sign,None Indicated,,Daylight,Dry,Clear,None apparent,Intersection:  Five points or more,Paved,,Property Damage Only,0,0,0,0,0,0,18000,2,5,,POINT (-90.603606512472 41.528201711365)
2014822340,14-5252,10/19/2014,10-October,1-Sunday,16:30,1600 Hours,District 1 (Central),WEST DES MOINES,POLK,,WOODLAND AVE & 22ND ST,Collision with:  Vehicle in traffic,On Roadway,"Angle, oncoming left turn",FTYROW:  Making left turn,None Indicated,,Daylight,Dry,Clear,None apparent,Intersection:  T-intersection,Paved,,Property Damage Only,0,0,0,0,0,0,1800,2,2,,POINT (-93.736147241167 41.589948911047)
2014822560,1410192712,10/19/2014,10-October,1-Sunday,16:28,1600 Hours,District 6 (East Central),,CLINTON,,Co Rd Z36/380 AVE,Collision with fixed object:  Ditch,On Roadway,Non-collision (single vehicle),Crossed centerline (undivided),None Indicated,,Daylight,Dry,Clear,None apparent,Non-intersection:  Non-junction/no special feature,Paved,,Fatal,1,0,0,0,0,0,5000,1,1,,POINT (-90.354837253916 41.784660205974)
2014824706,90-14-000357,10/19/2014,10-October,1-Sunday,19:20,1900 Hours,District 2 (Northeast),,HUMBOLDT,,Co Rd C49/270TH ST,Collision with:  Animal,,,Animal,None Indicated,,,,,,,Paved,,Property Damage Only,0,0,0,0,0,0,2000,1,1,,POINT (-94.438819238969 42.659667225435)
2014822788,14-34612,10/19/2014,10-October,1-Sunday,13:10,1300 Hours,District 3 (Northwest),SIOUX CITY,WOODBURY,,W 6TH ST & BLUFF ST,Collision with:  Vehicle in traffic,On Roadway,Broadside (front to side),FTYROW:  From stop sign,None Indicated,,Daylight,Dry,Clear,None apparent,Intersection:  Four-way intersection,Paved,,Property Damage Only,0,0,0,0,0,0,6500,2,4,,POINT (-96.411777098728 42.498706466702)
2014832751,14-15704,10/19/2014,10-October,1-Sunday,15:39,1500 Hours,District 6 (East Central),SPRINGBROOK,JACKSON,,340 AVE,Unknown,On Roadway,Non-collision (single vehicle),Swerving/Evasive Action,Alcohol (Statutory),,Daylight,"Mud, dirt",Clear,None apparent,Non-intersection:  Non-junction/no special feature,Unpaved,,Minor Injury,0,1,0,1,0,0,50,1,1,,POINT (-90.501381172517 42.160944895294)
2014823083,14018380,10/19/2014,10-October,1-Sunday,15:12,1500 Hours,District 2 (Northeast),MASON CITY,CERRO GORDO,IA 122,IA 122/4TH ST SE & MAPLE DR & S LOUISIANA AVE,Collision with:  Vehicle in traffic,On Roadway,Broadside (front to side),FTYROW:  From stop sign,None Indicated,,Daylight,Dry,Clear,None apparent,Intersection:  Five points or more,Paved,,Property Damage Only,0,0,0,0,0,0,8000,2,5,,POINT (-93.175434603558 43.148080206654)
2014822260,20140031078,10/19/2014,10-October,1-Sunday,19:52,1900 Hours,District 1 (Central),DES MOINES,POLK,IA 28,IA 28/MERLE HAY RD & MADISON AVE,Collision with:  Vehicle in traffic,On Roadway,Broadside (front to side),Crossed centerline (undivided),None Indicated,,Dark - roadway lighted,Dry,Clear,None apparent,Intersection:  T-intersection,Paved,,Property Damage Only,0,0,0,0,0,0,7000,2,3,,POINT (-93.697798060245 41.633017295525)
2014844867,2014-003050,10/19/2014,10-October,1-Sunday,20:03,2000 Hours,District 2 (Northeast),WATERVILLE,ALLAMAKEE,,WHITE PINE RD,Collision with fixed object:  Ditch,,,Swerving/Evasive Action,None Indicated,,,,,,,Unpaved,,Property Damage Only,0,0,0,0,0,0,20000,1,1,,POINT (-91.290351076544 43.193024600471)
2014822328,S14-104147,10/19/2014,10-October,1-Sunday,21:10,2100 Hours,District 2 (Northeast),,BLACK HAWK,,Co Rd D16/E DONALD ST,Collision with:  Animal,On Roadway,Non-collision (single vehicle),Animal,None Indicated,,Dark - roadway not lighted,Dry,Clear,None apparent,Non-intersection:  Non-junction/no special feature,Paved,,Property Damage Only,0,0,0,0,0,0,3500,1,2,,POINT (-92.229984312935 42.527149611307)
2014822375,2014011741,10/19/2014,10-October,1-Sunday,09:18,0900 Hours,District 6 (East Central),IOWA CITY,JOHNSON,,S LINN ST,Collision with:  Vehicle in traffic,On Roadway,"Sideswipe, same direction",FTYROW:  From parked position,None Indicated,,Daylight,Dry,Clear,None apparent,Non-intersection:  Non-junction/no special feature,Paved,,Property Damage Only,0,0,0,0,0,0,4000,2,2,,POINT (-91.531640773645 41.660946232655)
2014822396,14-5493,10/19/2014,10-October,1-Sunday,11:15,1100 Hours,District 6 (East Central),HIAWATHA,LINN,,BLAIRS FERRY RD & 10TH AVE,Collision with:  Vehicle in traffic,On Roadway,Rear-end (front to rear),Lost Control,None Indicated,,Daylight,Dry,Cloudy,None apparent,Non-intersection:  Non-junction/no special feature,Paved,,Possible/Unknown,0,1,0,0,1,0,4000,2,4,,POINT (-91.68299258158 42.034790697424)
2014822302,14-0934,10/19/2014,10-October,1-Sunday,22:40,2200 Hours,District 1 (Central),WINDSOR HEIGHTS,POLK,,70TH ST,Collision with fixed object:  Other fixed object (explain in narrative),On Roadway,Non-collision (single vehicle),Made improper turn,Refused,,Dark - roadway lighted,Dry,Clear,None apparent,Intersection:  Four-way intersection,Paved,,Property Damage Only,0,0,0,0,0,0,1500,1,1,,POINT (-93.712857285212 41.609389129431)
2014823244,2014-73263,10/19/2014,10-October,1-Sunday,14:19,1400 Hours,District 6 (East Central),DAVENPORT,SCOTT,US 67,US 67/E RIVER DR & E 4TH ST,Collision with:  Vehicle in traffic,On Roadway,"Sideswipe, same direction",Made improper turn,None Indicated,,Daylight,Dry,Clear,None apparent,Non-intersection:  Non-junction/no special feature,Paved,,Property Damage Only,0,0,0,0,0,0,2000,2,3,,POINT (-90.563777440484 41.523464600473)
2014823071,,10/19/2014,10-October,1-Sunday,10:45,1000 Hours,District 6 (East Central),ROBINS,LINN,,CENTER POINT RD,Collision with:  Vehicle in traffic,On Roadway,Rear-end (front to rear),Followed too close,None Indicated,,Daylight,Dry,Clear,None apparent,Non-intersection:  Driveway access (within),Paved,,Property Damage Only,0,0,0,0,0,0,3500,2,3,,POINT (-91.69209040174 42.085978634416)
2014822625,32077-14,10/19/2014,10-October,1-Sunday,01:45,0100 Hours,District 3 (Northwest),ESTHERVILLE,EMMET,,W 14TH AVE N,Non-collision events:  Overturn/rollover,On Roadway,Non-collision (single vehicle),Downhill runaway,None Indicated,,Dark - roadway not lighted,"Mud, dirt",Clear,None apparent,Non-intersection:  Non-junction/no special feature,Unpaved,,Minor Injury,0,1,0,1,0,0,12000,1,1,,POINT (-94.863951282493 43.414047272427)
2014822517,14-5246,10/19/2014,10-October,1-Sunday,12:05,1200 Hours,District 1 (Central),WEST DES MOINES,POLK,,22ND ST,Collision with:  Vehicle in traffic,On Roadway,Broadside (front to side),FTYROW:  From driveway,None Indicated,,Daylight,Dry,Clear,None apparent,Non-intersection:  Driveway access (within),Paved,,Property Damage Only,0,0,0,0,0,0,4000,2,9,,POINT (-93.736137072058 41.599613718496)
2014822327,14-3335,10/19/2014,10-October,1-Sunday,00:01,0000 Hours,District 1 (Central),FORT DODGE,WEBSTER,,N 2ND ST,Collision with:  Parked motor vehicle,Outside trafficway,Rear-end (front to rear),"Operating vehicle in an reckless, erratic, careless, negligent manner",None Indicated,,Dark - roadway lighted,Dry,Clear,None apparent,Non-intersection:  Driveway access (within),Paved,,Property Damage Only,0,0,0,0,0,0,6100,2,1,,POINT (-94.198488240108 42.511329631872)
2014829719,14-1679,10/19/2014,10-October,1-Sunday,17:01,1700 Hours,District 1 (Central),,GREENE,,X AVE & 210TH,Collision with:  Vehicle in traffic,On Roadway,Broadside (front to side),Crossed centerline (undivided),None Indicated,,Daylight,"Mud, dirt",Clear,None apparent,Intersection:  Four-way intersection,Unpaved,,Property Damage Only,0,0,0,0,0,0,1500,2,2,,POINT (-94.184104353166 42.049109069774)
2014822507,2014059322,10/19/2014,10-October,1-Sunday,21:30,2100 Hours,District 5 (Southeast),PLEASANTVILLE,MARION,IA 5,IA 5/IOWA 5,Collision with:  Animal,,,Animal,None Indicated,,,,,,,Paved,,Property Damage Only,0,0,0,0,0,0,15000,1,1,,POINT (-93.275044389777 41.375184940877)
2014823036,2014059302,10/19/2014,10-October,1-Sunday,19:28,1900 Hours,District 4 (Southwest),,POTTAWATTAMIE,I-80,I-80,Collision with:  Animal,,,Animal,None Indicated,,,,,,,Paved,,Property Damage Only,0,0,0,0,0,0,2500,1,1,,POINT (-95.155548511749 41.498304130481)
2014822280,20140031085,10/19/2014,10-October,1-Sunday,22:00,2200 Hours,District 1 (Central),DES MOINES,POLK,,E 29TH ST,Collision with:  Vehicle in traffic,On Roadway,"Angle, oncoming left turn",Other (explain in narrative):  Other,None Indicated,,Dark - roadway lighted,Dry,Clear,None apparent,Non-intersection:  Non-junction/no special feature,Paved,,Property Damage Only,0,0,0,0,0,0,2000,2,5,,POINT (-93.561161660599 41.600105556721)
2014822254,20140031004,10/19/2014,10-October,1-Sunday,02:26,0200 Hours,District 1 (Central),DES MOINES,POLK,,48TH ST,Collision with fixed object:  Utility pole/light support,Roadside,"Sideswipe, opposite direction",Ran off road - right,None Indicated,,Dark - roadway lighted,Dry,Clear,None apparent,Non-intersection:  Non-junction/no special feature,Paved,,Property Damage Only,0,0,0,0,0,0,6941,2,777,,POINT (-93.68255162835 41.601241386558)
2014823637,2014-73205,10/19/2014,10-October,1-Sunday,04:00,0400 Hours,District 6 (East Central),DAVENPORT,SCOTT,,TREMONT AVE & E 46TH ST,Collision with fixed object:  Curb/island/raised median,Roadside,Non-collision (single vehicle),Ran off road - right,None Indicated,,Dark - roadway lighted,Dry,Clear,None apparent,Non-intersection:  Non-junction/no special feature,Paved,,Property Damage Only,0,0,0,0,0,0,2500,1,1,,POINT (-90.560738987715 41.567945745445)
2014832652,14004922,10/19/2014,10-October,1-Sunday,01:09,0100 Hours,District 1 (Central),AMES,STORY,,STORM ST,Collision with:  Vehicle in traffic,On Roadway,"Sideswipe, same direction",Driver Distraction:  Manual operation of an electronic communication device,Alcohol (< Statutory),,Dark - roadway lighted,Dry,Clear,None apparent,Non-intersection:  Non-junction/no special feature,Paved,,Property Damage Only,0,0,0,0,0,0,6000,2,2,,POINT (-93.647113622217 42.016124166463)
2014827953,2014059218,10/19/2014,10-October,1-Sunday,02:03,0200 Hours,District 4 (Southwest),URBANDALE,DALLAS,US 6,US 6/HICKMAN AVE & NW 156TH ST,Collision with:  Vehicle in traffic,On Roadway,Rear-end (front to rear),"Operating vehicle in an reckless, erratic, careless, negligent manner",Alcohol (Statutory),,Dark - roadway lighted,Dry,Clear,None apparent,Intersection:  Four-way intersection,Paved,,Possible/Unknown,0,1,0,0,1,0,8000,2,4,,POINT (-93.833637923348 41.61480968039)
2014823514,14-071019-01,10/19/2014,10-October,1-Sunday,05:18,0500 Hours,District 6 (East Central),,IOWA,,Co Rd F52/F52 TRL & J AVE,Collision with:  Animal,,,Animal,None Indicated,,,,,,,Paved,,Property Damage Only,0,0,0,0,0,0,3500,1,1,,POINT (-92.123288904248 41.589719540585)
2014824286,,10/19/2014,10-October,1-Sunday,04:18,0400 Hours,District 2 (Northeast),,WINNEBAGO,,460TH ST,Collision with fixed object:  Ditch,On Roadway,Non-collision (single vehicle),Swerving/Evasive Action,Alcohol (Statutory),,Dark - roadway not lighted,"Mud, dirt",Clear,None apparent,Non-intersection:  Non-junction/no special feature,Unpaved,,Possible/Unknown,0,1,0,0,1,0,6500,1,1,,POINT (-93.587342144463 43.430190210069)
2014822718,,10/19/2014,10-October,1-Sunday,20:30,2000 Hours,District 4 (Southwest),,CASS,US 71,US 71/630TH ST,Collision with:  Animal,On Roadway,Non-collision (single vehicle),Animal,None Indicated,,Dark - roadway not lighted,Dry,Clear,,Non-intersection:  Non-junction/no special feature,Paved,,Property Damage Only,0,0,0,0,0,0,6143,1,2,,POINT (-94.984500561683 41.345600717762)
2014825693,GP14000159,10/19/2014,10-October,1-Sunday,17:14,1700 Hours,District 2 (Northeast),GOLDFIELD,WRIGHT,,WATER ST & WEBSTER ST,Collision with:  Vehicle in traffic,On Roadway,Broadside (front to side),FTYROW:  From stop sign,None Indicated,,Daylight,Dry,Clear,None apparent,Intersection:  Four-way intersection,Paved,,Property Damage Only,0,0,0,0,0,0,3700,2,3,,POINT (-93.917905753812 42.732486274571)