Iowa DOT Case Number,Law Enforcement Case Number,Date of Crash,Month of Crash,Day of Week,Time of Crash,Hour,DOT District,City Name,County Name,Route with System,Location Description,First Harmful Event,Location of First Harmful Event,Manner of Crash/Collision,Major Cause,Drug or Alcohol ,Environmental Conditions,Light Conditions,Surface Conditions,Weather Conditions,Roadway Contribution,Roadway Type,Roadway Surface,Work Zone,Crash Severity,Number of Fatalities,Number of Injuries,Number of Major Injuries,Number of Minor Injuries,Number of Possible Injuries,Number of Unknown Injuries,Amount of Property Damage,Number of Vehicles Involved,Total Number of Occupants,Travel Direction,Location
2014822532,,10/19/2014,10-October,1-Sunday,02:00,0200 Hours,District 5 (Southeast),RUSSELL,LUCAS,,E GROZIER ST,Non-collision events:  Overturn/rollover,Outside trafficway,Non-collision (single vehicle),Ran off road - straight,None Indicated,,Dark - unknown roadway lighting,Dry,Clear,Unknown,Intersection:  Y-intersection,Paved,,Possible/Unknown,0,1,0,0,1,0,10000,1,1,,POINT (-93.194159320026 40.976090181397)
2014822789,14-34628,10/19/2014,10-October,1-Sunday,16:10,1600 Hours,District 3 (Northwest),SIOUX CITY,WOODBURY,,13TH ST & COURT ST,Collision with:  Vehicle in traffic,On Roadway,Broadside (front to side),FTYROW:  From stop sign,None Indicated,,Daylight,Dry,Clear,None apparent,Intersection:  Four-way intersection,Paved,,Property Damage Only,0,0,0,0,0,0,5000,2,4,,POINT (-96.396479073464 42.504050819494)
2014823414,14-34606,10/19/2014,10-October,1-Sunday,02:30,0200 Hours,District 3 (Northwest),SIOUX CITY,WOODBURY,,MARSHALL AVE,Collision with:  Parked motor vehicle,On Roadway,"Sideswipe, same direction",Lost Control,None Indicated,,Dark - roadway lighted,Dry,Clear,None apparent,Non-intersection:  Non-junction/no special feature,Paved,,Property Damage Only,0,0,0,0,0,0,2000,2,1,,POINT (-96.363015581214 42.483905201073)
2014822286,20140030996,10/19/2014,10-October,1-Sunday,00:01,0000 Hours,District 1 (Central),DES MOINES,POLK,,LOCUST ST & 12TH ST,Collision with:  Vehicle in traffic,On Roadway,"Sideswipe, same direction",Crossed centerline (undivided),None Indicated,,Dark - roadway lighted,Dry,Clear,None apparent,Intersection:  Four-way intersection,Paved,,Property Damage Only,0,0,0,0,0,0,3000,2,5,,POINT (-93.632307732693 41.585270638224)
2014822848,2014011745,10/19/2014,10-October,1-Sunday,10:55,1000 Hours,District 6 (East Central),IOWA CITY,JOHNSON,,E WASHINGTON ST & JOHNSON ST,Collision with:  Parked motor vehicle,On Roadway,Rear-end (front to rear),Other (explain in narrative):  Other,None Indicated,,Daylight,Dry,Clear,None apparent,Non-intersection:  Non-junction/no special feature,Paved,,Property Damage Only,0,0,0,0,0,0,4000,2,1,,POINT (-91.527181581311 41.660033518495)
2014822365,201400003800,10/19/2014,10-October,1-Sunday,04:29,0400 Hours,District 6 (East Central),,LINN,US 151,US 151 & Co Rd E44/COTTAGE GROVE PKWY,Collision with:  Animal,,,Animal,None Indicated,,,,,,,Paved,,Property Damage Only,0,0,0,0,0,0,2000,1,1,,POINT (-91.550163921863 41.990607457237)
2014823241,2014-73220,10/19/2014,10-October,1-Sunday,08:18,0800 Hours,District 6 (East Central),DAVENPORT,SCOTT,,E 10TH ST & TREMONT AVE,Collision with:  Parked motor vehicle,On Roadway,Broadside (front to side),Unknown,None Indicated,,Dark - roadway lighted,Dry,Clear,None apparent,Intersection:  T-intersection,Paved,,Property Damage Only,0,0,0,0,0,0,3000,2,1,,POINT (-90.561461351849 41.529927120488)
2014822649,2014-73203,10/19/2014,10-October,1-Sunday,05:05,0500 Hours,District 6 (East Central),DAVENPORT,SCOTT,,W 6TH ST,Collision with:  Parked motor vehicle,On Roadway,"Sideswipe, same direction",Lost Control,None Indicated,,Dark - roadway lighted,Dry,Cloudy,None apparent,Non-intersection:  Non-junction/no special feature,Paved,,Property Damage Only,0,0,0,0,0,0,1500,2,1,,POINT (-90.587974951479 41.525695176364)
2014823182,AP14 0332,10/19/2014,10-October,1-Sunday,09:00,0900 Hours,District 6 (East Central),ANAMOSA,JONES,,E 2ND ST & S SCOTT ST,Collision with:  Vehicle in traffic,On Roadway,Broadside (front to side),FTYROW:  From stop sign,None Indicated,,Daylight,Dry,Cloudy,None apparent,Intersection:  Four-way intersection,Paved,,Minor Injury,0,3,0,1,2,0,15000,2,3,,POINT (-91.279331895727 42.105594955843)
2014822468,14-044517,10/19/2014,10-October,1-Sunday,21:20,2100 Hours,District 4 (Southwest),COUNCIL BLUFFS,POTTAWATTAMIE,,HARMONY ST & HARRISON ST,Collision with:  Vehicle in traffic,On Roadway,"Sideswipe, same direction",Other (explain in narrative):  Other,None Indicated,,Dark - roadway not lighted,Dry,Clear,None apparent,Intersection:  T-intersection,Paved,,Property Damage Only,0,0,0,0,0,0,2000,2,777,,POINT (-95.844483826297 41.265999857224)
2014823082,14018349,10/19/2014,10-October,1-Sunday,01:10,0100 Hours,District 2 (Northeast),MASON CITY,CERRO GORDO,,13TH ST SE,Collision with:  Parked motor vehicle,On Roadway,"Sideswipe, same direction",Driver Distraction:  Manual operation of an electronic communication device,None Indicated,,Dark - unknown roadway lighting,Dry,Clear,None apparent,Non-intersection:  Non-junction/no special feature,Paved,,Property Damage Only,0,0,0,0,0,0,6500,2,1,,POINT (-93.196485606246 43.139275259967)
2014823818,14-32452,10/19/2014,10-October,1-Sunday,15:46,1500 Hours,District 5 (Southeast),DONNELLSON,LEE,IA 2,IA 2/IOWA 2,Collision with:  Vehicle in traffic,On Roadway,Rear-end (front to rear),Lost Control,None Indicated,,Daylight,Dry,Clear,None apparent,Non-intersection:  Non-junction/no special feature,Paved,,Possible/Unknown,0,1,0,0,1,0,15000,2,4,,POINT (-91.530382912924 40.639017867223)
2014823109,201415676,10/19/2014,10-October,1-Sunday,17:00,1700 Hours,District 6 (East Central),CEDAR RAPIDS,LINN,,2ND AVE SE & 15TH ST SE,Collision with:  Non-motorist (see non-motorist section - NOT a unit),On Roadway,Non-collision (single vehicle),Other (explain in narrative):  No improper action,None Indicated,,Daylight,Dry,Clear,None apparent,Non-intersection:  Non-junction/no special feature,Paved,,Minor Injury,0,1,0,1,0,0,0,1,1,,POINT (-91.65137841258 41.987266097859)
2014822394,14-0594,10/19/2014,10-October,1-Sunday,21:21,2100 Hours,District 1 (Central),,WEBSTER,US 169,US 169,Collision with:  Animal,On Roadway,Non-collision (single vehicle),Animal,None Indicated,,Dark - roadway not lighted,Dry,Clear,None apparent,Non-intersection:  Non-junction/no special feature,Paved,,Property Damage Only,0,0,0,0,0,0,3500,1,2,,POINT (-94.226813063529 42.566666708507)
2014822790,14-34633,10/19/2014,10-October,1-Sunday,17:10,1700 Hours,District 3 (Northwest),SIOUX CITY,WOODBURY,,W 3RD ST & ROSS ST,Collision with:  Vehicle in traffic,On Roadway,Broadside (front to side),FTYROW:  From stop sign,None Indicated,,Daylight,Dry,Clear,None apparent,Intersection:  Four-way intersection,Paved,,Possible/Unknown,0,1,0,0,1,0,8000,2,3,,POINT (-96.428381301522 42.499272913285)
2014830254,AR-14-0053,10/19/2014,10-October,1-Sunday,19:55,1900 Hours,District 6 (East Central),MONTICELLO,JONES,US 151,US 151,Collision with:  Animal,,,Animal,None Indicated,,,,,,,Paved,,Property Damage Only,0,0,0,0,0,0,5000,1,1,,POINT (-91.17112804493 42.23029234054)
2014823242,2014-73242,10/19/2014,10-October,1-Sunday,11:15,1100 Hours,District 6 (East Central),DAVENPORT,SCOTT,,W 15TH ST & MAIN ST,Collision with:  Vehicle in traffic,On Roadway,Broadside (front to side),Ran Stop Sign,None Indicated,,Daylight,Dry,Clear,None apparent,Intersection:  Four-way intersection,Paved,,Possible/Unknown,0,1,0,0,1,0,7000,2,2,,POINT (-90.575526466828 41.534899007717)
2014822565,143211,10/19/2014,10-October,1-Sunday,12:49,1200 Hours,District 3 (Northwest),DENISON,CRAWFORD,,1ST AVE N,Collision with:  Vehicle in traffic,On Roadway,Broadside (front to side),Ran off road - right,None Indicated,,Daylight,Dry,Cloudy,None apparent,Non-intersection:  Driveway access (within),Paved,,Minor Injury,0,1,0,1,0,0,15500,2,1,,POINT (-95.350968195759 42.017832044981)
2014822474,14-3339,10/19/2014,10-October,1-Sunday,18:15,1800 Hours,District 1 (Central),FORT DODGE,WEBSTER,,N 22ND ST,Collision with:  Vehicle in traffic,Outside trafficway,Rear-end (front to rear),Improper Backing,None Indicated,,Daylight,Dry,Clear,None apparent,Non-intersection:  Non-junction/no special feature,Paved,,Property Damage Only,0,0,0,0,0,0,3501,2,2,,POINT (-94.168090653411 42.514435293606)
2014823117,A14-068,10/20/2014,10-October,2-Monday,07:39,0700 Hours,District 4 (Southwest),WINTERSET,MADISON,,W SUMMIT ST & S 4TH AVE,Collision with:  Vehicle in traffic,On Roadway,Rear-end (front to rear),Followed too close,None Indicated,,Daylight,Dry,Clear,None apparent,Intersection:  T-intersection,Paved,,Property Damage Only,0,0,0,0,0,0,3400,2,12,,POINT (-94.01837984611 41.330221391896)
2014822725,102014-94,10/20/2014,10-October,2-Monday,12:18,1200 Hours,District 3 (Northwest),STORM LAKE,BUENA VISTA,,W 5TH ST & E 5TH ST & LAKE AVE,Collision with:  Vehicle in traffic,On Roadway,Head-on (front to front),FTYROW:  Making left turn,None Indicated,,Daylight,Dry,Clear,None apparent,Intersection:  Four-way intersection,Paved,,Property Damage Only,0,0,0,0,0,0,1500,2,3,,POINT (-95.200870876022 42.644432529982)
2014822590,20140031200,10/20/2014,10-October,2-Monday,19:02,1900 Hours,District 1 (Central),DES MOINES,POLK,IA 28,IA 28/63RD ST,Collision with:  Animal,On Roadway,Non-collision (single vehicle),Animal,None Indicated,,Dark - roadway lighted,Dry,Clear,None apparent,Non-intersection:  Non-junction/no special feature,Paved,,Property Damage Only,0,0,0,0,0,0,1500,1,2,,POINT (-93.703226451655 41.546947144826)
2014822837,S14-104686,10/20/2014,10-October,2-Monday,14:25,1400 Hours,District 2 (Northeast),DUNKERTON,BLACK HAWK,,E BIG ROCK RD,Non-collision events:  Overturn/rollover,Shoulder,Non-collision (single vehicle),Ran off road - right,None Indicated,,Daylight,"Mud, dirt",Clear,None apparent,Non-intersection:  Non-junction/no special feature,Unpaved,,Property Damage Only,0,0,0,0,0,0,5000,1,2,,POINT (-92.179107918674 42.555542751637)
2014822846,148298PD,10/20/2014,10-October,2-Monday,11:59,1100 Hours,District 1 (Central),BOONE,BOONE,,11TH ST & LINN ST,Collision with:  Vehicle in traffic,On Roadway,Rear-end (front to rear),Improper Backing,None Indicated,,Daylight,Dry,Clear,None apparent,Intersection:  Four-way intersection,Paved,,Property Damage Only,0,0,0,0,0,0,1500,2,3,,POINT (-93.873734563799 42.066959552261)
2014826338,,10/20/2014,10-October,2-Monday,17:05,1700 Hours,District 2 (Northeast),,WINNESHIEK,,Co Rd A6W/RIVER RD,Non-collision events:  Overturn/rollover,On Roadway,Non-collision (single vehicle),Crossed centerline (undivided),None Indicated,,Daylight,,Cloudy,None apparent,Non-intersection:  Non-junction/no special feature,Unpaved,,Property Damage Only,0,0,0,0,0,0,3000,1,1,,POINT (-91.702224364777 43.323188050575)
2014823455,S14-104581,10/20/2014,10-October,2-Monday,08:15,0800 Hours,District 2 (Northeast),CEDAR FALLS,BLACK HAWK,US 20,US 20,Non-collision events:  Jackknife,On Roadway,Non-collision (single vehicle),Swerving/Evasive Action,None Indicated,,Daylight,Dry,Clear,None apparent,Non-intersection:  Non-junction/no special feature,Paved,,Property Damage Only,0,0,0,0,0,0,10500,1,1,,POINT (-92.473738838819 42.465009996063)
2014822589,20140031197,10/20/2014,10-October,2-Monday,18:52,1800 Hours,District 1 (Central),DES MOINES,POLK,,SE 6TH ST & INDIANOLA AVE & SE 5TH ST,Collision with fixed object:  Utility pole/light support,On Roadway,Non-collision (single vehicle),Ran Traffic Signal,None Indicated,,Dark - roadway lighted,Dry,Clear,None apparent,Intersection:  Four-way intersection,Paved,,Possible/Unknown,0,1,0,0,0,1,3100,1,2,,POINT (-93.605726948062 41.56009429021)
2014822798,14-34725,10/20/2014,10-October,2-Monday,15:00,1500 Hours,District 3 (Northwest),SIOUX CITY,WOODBURY,,4TH ST & COURT ST,Collision with:  Vehicle in traffic,On Roadway,Broadside (front to side),FTYROW:  From stop sign,None Indicated,,Daylight,Dry,Clear,None apparent,Intersection:  Four-way intersection,Paved,,Property Damage Only,0,0,0,0,0,0,4000,2,2,,POINT (-96.396397632919 42.494238347829)
2014822673,14-27907,10/20/2014,10-October,2-Monday,16:44,1600 Hours,District 1 (Central),COLFAX,JASPER,,S 12TH AVE W & W 140TH ST S,Non-collision events:  Other non-collision (explain in narrative),On Roadway,Non-collision (single vehicle),Driving too fast for conditions,None Indicated,,Daylight,"Mud, dirt",Clear,None apparent,Non-intersection:  Non-junction/no special feature,Unpaved,,Possible/Unknown,0,1,0,0,1,0,2500,1,1,,POINT (-93.328404849502 41.688421006205)
2014823788,14-001220,10/20/2014,10-October,2-Monday,19:00,1900 Hours,District 1 (Central),,STORY,,Co Rd S27/650TH AVE/653RD AVE,Collision with:  Animal,,,Animal,None Indicated,,,,,,,Paved,,Property Damage Only,0,0,0,0,0,0,2000,1,1,,POINT (-93.405118778317 41.921897516367)
2014822575,14102053,10/20/2014,10-October,2-Monday,08:08,0800 Hours,District 4 (Southwest),CLARINDA,PAGE,,W STATE ST,Collision with:  Vehicle in traffic,On Roadway,Rear-end (front to rear),Followed too close,None Indicated,,Daylight,Dry,Clear,None apparent,Non-intersection:  Non-junction/no special feature,Paved,,Minor Injury,0,2,0,1,1,0,15000,2,5,,POINT (-95.048821684507 40.742276670814)
2014822834,2014-20494,10/20/2014,10-October,2-Monday,15:33,1500 Hours,District 6 (East Central),BETTENDORF,SCOTT,,LINCOLN RD & KIMBERLY RD,Collision with:  Vehicle in traffic,On Roadway,Rear-end (front to rear),Other (explain in narrative):  Other,None Indicated,,Daylight,Dry,Cloudy,None apparent,Non-intersection:  Non-junction/no special feature,Paved,,Minor Injury,0,2,0,1,1,0,15000,2,3,,POINT (-90.521554031456 41.536710872677)
2014823671,CFS1408888,10/20/2014,10-October,2-Monday,16:44,1600 Hours,District 5 (Southeast),WASHINGTON,WASHINGTON,IA 1,IA 1/IOWA 1,Collision with fixed object:  Utility pole/light support,On Roadway,Non-collision (single vehicle),Ran off road - left,None Indicated,,Daylight,Dry,Clear,None apparent,Non-intersection:  Non-junction/no special feature,Paved,,Major Injury,0,1,1,0,0,0,2300,1,1,,POINT (-91.716701810515 41.302846798643)
2014822792,14-34688,10/20/2014,10-October,2-Monday,01:00,0100 Hours,District 3 (Northwest),SIOUX CITY,WOODBURY,,19TH ST & IRENE ST,Collision with:  Parked motor vehicle,Shoulder,Broadside (front to side),Lost Control,None Indicated,,Dark - unknown roadway lighting,Dry,Clear,Unknown,Intersection:  T-intersection,Paved,,Property Damage Only,0,0,0,0,0,0,1501,2,777,,POINT (-96.373259291249 42.50923964974)
2014822794,14-34700,10/20/2014,10-October,2-Monday,12:42,1200 Hours,District 3 (Northwest),SIOUX CITY,WOODBURY,,8TH ST & PIERCE ST,Collision with:  Non-motorist (see non-motorist section - NOT a unit),On Roadway,Non-collision (single vehicle),FTYROW:  Making right turn on red signal,None Indicated,,Daylight,Dry,Clear,None apparent,Intersection:  Four-way intersection,Paved,,Possible/Unknown,0,1,0,0,1,0,500,1,1,,POINT (-96.404990271937 42.498539356498)
2014822429,14-044606,10/20/2014,10-October,2-Monday,12:34,1200 Hours,District 4 (Southwest),COUNCIL BLUFFS,POTTAWATTAMIE,,5TH AVE & S 16TH ST,Collision with:  Vehicle in traffic,On Roadway,Broadside (front to side),Ran Stop Sign,None Indicated,,Daylight,Dry,Clear,None apparent,Intersection:  Four-way intersection,Paved,,Possible/Unknown,0,1,0,0,1,0,5500,2,2,,POINT (-95.867561675348 41.257105044912)
2014822851,20143835,10/20/2014,10-October,2-Monday,19:30,1900 Hours,District 1 (Central),,GRUNDY,,T AVE,Collision with:  Animal,,,Animal,None Indicated,,,,,,,Unpaved,,Property Damage Only,0,0,0,0,0,0,2000,1,1,,POINT (-92.651988932995 42.459908007656)
2014823487,2014059483,10/20/2014,10-October,2-Monday,16:52,1600 Hours,District 6 (East Central),,JOHNSON,I-80,I-80,Collision with:  Vehicle in traffic,On Roadway,Rear-end (front to rear),"Operating vehicle in an reckless, erratic, careless, negligent manner",None Indicated,,Daylight,Dry,Clear,None apparent,Non-intersection:  Non-junction/no special feature,Paved,,Possible/Unknown,0,2,0,0,2,0,21600,2,2,,POINT (-91.815976623409 41.687582518888)
2014823039,2014059403,10/20/2014,10-October,2-Monday,10:35,1000 Hours,District 6 (East Central),,CEDAR,I-80,I-80,Non-collision events:  Other non-collision (explain in narrative),On Roadway,"Sideswipe, opposite direction",Ran off road - left,None Indicated,,Daylight,Dry,Clear,None apparent,Non-intersection:  Non-junction/no special feature,Paved,,Possible/Unknown,0,1,0,0,1,0,14500,2,5,,POINT (-90.916092905687 41.63370670569)
2014823168,14-004954,10/20/2014,10-October,2-Monday,18:11,1800 Hours,District 1 (Central),AMES,STORY,,LINCOLN WAY & HOWARD AVE,Collision with:  Vehicle in traffic,On Roadway,"Sideswipe, same direction",FTYROW:  Other (explain in narrative),None Indicated,,Dusk,Dry,Cloudy,None apparent,Non-intersection:  Non-junction/no special feature,Paved,,Property Damage Only,0,0,0,0,0,0,1800,2,2,,POINT (-93.658462369714 42.022733496505)
2014822976,14-20470,10/20/2014,10-October,2-Monday,12:15,1200 Hours,District 6 (East Central),BETTENDORF,SCOTT,I-74,I-74,Non-collision events:  Other non-collision (explain in narrative),On Roadway,Rear-end (front to rear),Driving too fast for conditions,None Indicated,,Daylight,Dry,Clear,None apparent,Non-intersection:  Other non-intersection (explain in narrative),Paved,,Property Damage Only,0,0,0,0,0,0,2500,2,3,,POINT (-90.513278158261 41.522139926211)
2014822697,CL14003723,10/20/2014,10-October,2-Monday,11:59,1100 Hours,District 6 (East Central),CLINTON,CLINTON,US 30,US 30/LINCOLN WAY,Collision with:  Vehicle in traffic,On Roadway,Broadside (front to side),FTYROW:  From driveway,None Indicated,,Daylight,Dry,Clear,None apparent,Non-intersection:  Driveway access (within),Paved,,Property Damage Only,0,0,0,0,0,0,2500,2,3,,POINT (-90.224250125517 41.816618565381)
2014822666,14006428,10/20/2014,10-October,2-Monday,16:51,1600 Hours,District 3 (Northwest),CHEROKEE,CHEROKEE,US 59,US 59/N 2ND ST & W BOW DR & E BOW DR,Collision with:  Vehicle in traffic,On Roadway,"Angle, oncoming left turn",FTYROW:  Making left turn,None Indicated,,Daylight,Dry,Clear,None apparent,Intersection:  Four-way intersection,Paved,,Minor Injury,0,1,0,1,0,0,6000,2,3,,POINT (-95.551690527857 42.761859551683)
2014822637,14-044191,10/20/2014,10-October,2-Monday,15:22,1500 Hours,District 5 (Southeast),MUSCATINE,MUSCATINE,,CEDAR ST & HOUSER ST,Collision with:  Vehicle in traffic,On Roadway,"Sideswipe, same direction",Unknown,None Indicated,,Daylight,Dry,Clear,None apparent,Non-intersection:  Non-junction/no special feature,Paved,,Property Damage Only,0,0,0,0,0,0,6000,2,3,,POINT (-91.079317262698 41.436006049536)
2014822791,14-34686,10/20/2014,10-October,2-Monday,07:38,0700 Hours,District 3 (Northwest),SIOUX CITY,WOODBURY,,JACKSON ST,Collision with:  Parked motor vehicle,On Roadway,"Sideswipe, same direction",Lost Control,None Indicated,,Dawn,Dry,Clear,None apparent,Non-intersection:  Non-junction/no special feature,Paved,,Possible/Unknown,0,1,0,0,1,0,14000,2,777,,POINT (-96.402321354972 42.523119864212)
2014822251,20140031120,10/20/2014,10-October,2-Monday,08:59,0800 Hours,District 1 (Central),DES MOINES,POLK,,E PARK AVE & INDIANOLA AVE,Collision with:  Vehicle in traffic,On Roadway,Broadside (front to side),Ran Traffic Signal,None Indicated,,Daylight,Dry,Clear,None apparent,Intersection:  Four-way intersection,Paved,,Possible/Unknown,0,1,0,0,1,0,6000,2,3,,POINT (-93.598739289347 41.55532098865)
2014824160,2014-22815,10/20/2014,10-October,2-Monday,12:32,1200 Hours,District 5 (Southeast),INDIANOLA,WARREN,IA 92,IA 92/E 2ND AVE,Collision with:  Vehicle in traffic,On Roadway,"Sideswipe, same direction",Made improper turn,None Indicated,,Daylight,Dry,Clear,None apparent,Non-intersection:  Non-junction/no special feature,Paved,,Property Damage Only,0,0,0,0,0,0,5500,2,2,,POINT (-93.558123015928 41.358279761711)
2014822701,C14003336,10/20/2014,10-October,2-Monday,17:20,1700 Hours,District 6 (East Central),CORALVILLE,JOHNSON,US 6,US 6/2ND ST,Collision with:  Vehicle in traffic,On Roadway,Broadside (front to side),FTYROW:  From driveway,None Indicated,,Daylight,Dry,Clear,None apparent,Non-intersection:  Driveway access (within),Paved,,Possible/Unknown,0,3,0,0,3,0,7000,2,4,,POINT (-91.60040557007 41.684078279265)
2014822496,14-5516,10/20/2014,10-October,2-Monday,09:30,0900 Hours,District 6 (East Central),HIAWATHA,LINN,,BOYSON RD,Collision with:  Vehicle in traffic,On Roadway,Rear-end (front to rear),Unknown,None Indicated,,Daylight,Dry,Clear,None apparent,Non-intersection:  Non-junction/no special feature,Paved,,Possible/Unknown,0,1,0,0,1,0,6000,2,3,,POINT (-91.671996311531 42.047678150392)
2014822849,2014011808,10/20/2014,10-October,2-Monday,16:41,1600 Hours,District 6 (East Central),IOWA CITY,JOHNSON,,E COLLEGE ST & S GILBERT ST,Collision with:  Vehicle in traffic,On Roadway,Rear-end (front to rear),Followed too close,None Indicated,,Daylight,Dry,Clear,None apparent,Intersection:  Four-way intersection,Paved,,Property Damage Only,0,0,0,0,0,0,1500,2,2,,POINT (-91.530184106948 41.658982131292)
2014822629,14-5274,10/20/2014,10-October,2-Monday,17:52,1700 Hours,District 4 (Southwest),WEST DES MOINES,DALLAS,,BRIDGEWOOD BLVD & 81ST ST,Collision with:  Vehicle in traffic,On Roadway,Broadside (front to side),FTYROW:  From stop sign,None Indicated,,Dusk,Dry,Clear,None apparent,Intersection:  Four-way intersection,Paved,,Minor Injury,0,2,0,1,1,0,22000,2,4,,POINT (-93.818805062447 41.567511396724)
2014826466,A14078,10/20/2014,10-October,2-Monday,17:00,1700 Hours,District 5 (Southeast),KNOXVILLE,MARION,,S 5TH ST,Collision with:  Parked motor vehicle,On Roadway,Unknown,Unknown,None Indicated,,Unknown,Dry,Unknown,None apparent,Non-intersection:  Non-junction/no special feature,Paved,,Property Damage Only,0,0,0,0,0,0,2000,2,1,,POINT (-93.094112139131 41.316438714726)
2014822668,14009068,10/20/2014,10-October,2-Monday,05:01,0500 Hours,District 6 (East Central),,LINN,IA 13,IA 13/IOWA 13,Collision with:  Animal,,,Animal,None Indicated,,,,,,,Paved,,Property Damage Only,0,0,0,0,0,0,8000,1,1,,POINT (-91.480019268426 42.291225002239)
2014833090,2014-77-AC,10/20/2014,10-October,2-Monday,00:30,0000 Hours,District 3 (Northwest),,DICKINSON,,240TH AVE,Collision with:  Animal,On Roadway,Non-collision (single vehicle),Animal,None Indicated,,Dark - roadway not lighted,Dry,Unknown,None apparent,Non-intersection:  Non-junction/no special feature,Paved,,Property Damage Only,0,0,0,0,0,0,3670,1,1,,POINT (-95.1118537441 43.35311832848)
2014823876,,10/20/2014,10-October,2-Monday,11:30,1100 Hours,District 6 (East Central),DE WITT,CLINTON,,4TH AVE,Collision with:  Parked motor vehicle,On Roadway,"Sideswipe, same direction",Unknown,None Indicated,,Daylight,Dry,,None apparent,Non-intersection:  Non-junction/no special feature,Paved,,Possible/Unknown,0,1,0,0,0,1,1500,2,1,,POINT (-90.535976488822 41.825885608721)
2014823267,,10/20/2014,10-October,2-Monday,12:58,1200 Hours,District 6 (East Central),CEDAR RAPIDS,LINN,,E AVE NW & 9TH ST NW,Collision with:  Parked motor vehicle,On Roadway,Rear-end (front to rear),Unknown,None Indicated,,Daylight,Dry,Clear,,Non-intersection:  Non-junction/no special feature,Paved,,Property Damage Only,0,0,0,0,0,0,5500,3,1,,POINT (-91.684791047811 41.978007922049)
2014825991,201415729,10/20/2014,10-October,2-Monday,15:09,1500 Hours,District 6 (East Central),CEDAR RAPIDS,LINN,I-380,I-380 & 33RD AVE SW,Collision with:  Vehicle in traffic,On Roadway,"Angle, oncoming left turn",Ran Traffic Signal,None Indicated,,Daylight,Dry,Clear,None apparent,Intersection:  Intersection with ramp,Paved,,Possible/Unknown,0,1,0,0,1,0,12000,2,3,,POINT (-91.669748947541 41.945069057585)
2014824634,14009201,10/20/2014,10-October,2-Monday,03:03,0300 Hours,District 4 (Southwest),,CASS,I-80,I-80,Collision with:  Other non-fixed object (explain in narrative),Shoulder,Non-collision (single vehicle),Unknown,None Indicated,,Dark - roadway not lighted,Dry,Clear,None apparent,Non-intersection:  Non-junction/no special feature,Paved,,Property Damage Only,0,0,0,0,0,0,25000,1,1,,POINT (-94.888411706948 41.497364036614)
2014822793,14-34697,10/20/2014,10-October,2-Monday,12:07,1200 Hours,District 3 (Northwest),SIOUX CITY,WOODBURY,I-29,I-29 & US 77 & WESLEY PKWY,Collision with:  Vehicle in traffic,On Roadway,Broadside (front to side),Ran Traffic Signal,None Indicated,,Daylight,Dry,Clear,None apparent,Intersection:  Four-way intersection,Paved,,Property Damage Only,0,0,0,0,0,0,8200,2,2,,POINT (-96.412778916013 42.491851212461)
2014822583,20140031156,10/20/2014,10-October,2-Monday,13:11,1300 Hours,District 1 (Central),DES MOINES,POLK,,FLEUR DR,Collision with:  Vehicle in traffic,On Roadway,Rear-end (front to rear),Followed too close,None Indicated,,Daylight,Dry,Clear,Work Zone (roadway-related),Non-intersection:  Non-junction/no special feature,Paved,Yes,Possible/Unknown,0,1,0,0,1,0,1250,2,2,,POINT (-93.645036583386 41.541856874279)
2014823045,14-07652,10/20/2014,10-October,2-Monday,15:27,1500 Hours,District 3 (Northwest),EMMETSBURG,PALO ALTO,US 18,US 18/9TH ST OR MAIN & KING ST,Collision with:  Vehicle in traffic,On Roadway,Broadside (front to side),Ran Stop Sign,None Indicated,,Daylight,Dry,Clear,None apparent,Intersection:  T-intersection,Paved,,Possible/Unknown,0,1,0,0,1,0,15000,2,3,,POINT (-94.691387136959 43.111939641205)
2014822557,14-008830,10/20/2014,10-October,2-Monday,08:41,0800 Hours,District 2 (Northeast),,CLAYTON,,Co Rd C7X/HILTON RD,Non-collision events:  Overturn/rollover,Shoulder,Non-collision (single vehicle),Exceeded authorized speed,None Indicated,,Daylight,Dry,Clear,None apparent,Non-intersection:  Non-junction/no special feature,Paved,,Possible/Unknown,0,1,0,0,1,0,3200,1,1,,POINT (-91.293121045197 42.733196873014)
2014823557,14009371,10/20/2014,10-October,2-Monday,19:12,1900 Hours,District 6 (East Central),,BUCHANAN,US 20,US 20,Collision with:  Animal,,,Animal,None Indicated,,,,,,,Paved,,Property Damage Only,0,0,0,0,0,0,5000,1,1,,POINT (-92.035620626389 42.449813988429)
2014823894,,10/20/2014,10-October,2-Monday,10:30,1000 Hours,District 6 (East Central),CALAMUS,CLINTON,US 30,US 30,Collision with:  Animal,On Roadway,Non-collision (single vehicle),Animal,None Indicated,,Daylight,Dry,Clear,,Non-intersection:  Non-junction/no special feature,Paved,,Property Damage Only,0,0,0,0,0,0,1800,1,1,,POINT (-90.792431521104 41.829464334574)
2014822758,14-1251,10/20/2014,10-October,2-Monday,17:35,1700 Hours,District 4 (Southwest),CLIVE,DALLAS,,MEREDITH DR,Collision with fixed object:  Ditch,On Roadway,Non-collision (single vehicle),Driving too fast for conditions,None Indicated,,Daylight,"Mud, dirt",Clear,None apparent,Non-intersection:  Non-junction/no special feature,Unpaved,,Property Damage Only,0,0,0,0,0,0,4000,1,1,,POINT (-93.870095094043 41.64380367246)
2014823008,2014059502,10/20/2014,10-October,2-Monday,21:05,2100 Hours,District 3 (Northwest),,CLAY,,Co Rd B40/400TH ST,Collision with:  Animal,,,Animal,None Indicated,,,,,,,Paved,,Property Damage Only,0,0,0,0,0,0,4000,1,1,,POINT (-95.22131434366 43.068343990283)