Iowa DOT Case Number,Law Enforcement Case Number,Date of Crash,Month of Crash,Day of Week,Time of Crash,Hour,DOT District,City Name,County Name,Route with System,Location Description,First Harmful Event,Location of First Harmful Event,Manner of Crash/Collision,Major Cause,Drug or Alcohol ,Environmental Conditions,Light Conditions,Surface Conditions,Weather Conditions,Roadway Contribution,Roadway Type,Roadway Surface,Work Zone,Crash Severity,Number of Fatalities,Number of Injuries,Number of Major Injuries,Number of Minor Injuries,Number of Possible Injuries,Number of Unknown Injuries,Amount of Property Damage,Number of Vehicles Involved,Total Number of Occupants,Travel Direction,Location
2014827186,,10/22/2014,10-October,4-Wednesday,11:51,1100 Hours,District 2 (Northeast),DECORAH,WINNESHIEK,,DUDLEY ST & DIVISION ST,Collision with:  Vehicle in traffic,On Roadway,"Angle, oncoming left turn",FTYROW:  Making left turn,None Indicated,,Daylight,Dry,Clear,None apparent,Intersection:  Four-way intersection,Paved,,Property Damage Only,0,0,0,0,0,0,8000,2,2,,POINT (-91.792847382773 43.292781906124)
2014823078,W14-105232,10/22/2014,10-October,4-Wednesday,10:46,1000 Hours,District 2 (Northeast),WATERLOO,BLACK HAWK,I-380,I-380,Non-collision events:  Other non-collision (explain in narrative),On Roadway,Non-collision (single vehicle),Lost Control,None Indicated,,Daylight,Dry,Clear,None apparent,Non-intersection:  Other non-intersection (explain in narrative),Paved,,Minor Injury,0,1,0,1,0,0,750,1,1,,POINT (-92.306259644141 42.456040381803)
2014822987,2014-038971,10/22/2014,10-October,4-Wednesday,15:13,1500 Hours,District 6 (East Central),DUBUQUE,DUBUQUE,US 52,US 52/KERRIGAN RD,Collision with:  Vehicle in traffic,On Roadway,Rear-end (front to rear),Lost Control,None Indicated,,Daylight,Dry,Clear,Work Zone (roadway-related),Non-intersection:  Non-junction/no special feature,Paved,Yes,Property Damage Only,0,0,0,0,0,0,13000,2,3,,POINT (-90.667805140619 42.480731123739)
2014827825,2014-74008,10/22/2014,10-October,4-Wednesday,15:59,1500 Hours,District 6 (East Central),DAVENPORT,SCOTT,,IOWA ST,Collision with:  Vehicle in traffic,On Roadway,Rear-end (front to rear),Followed too close,None Indicated,,Daylight,Dry,Clear,None apparent,Intersection:  Shared use path or trail,Paved,,Property Damage Only,0,0,0,0,0,0,2500,2,2,,POINT (-90.569669286672 41.537666359132)
2014822935,14-34991,10/22/2014,10-October,4-Wednesday,15:01,1500 Hours,District 3 (Northwest),SIOUX CITY,WOODBURY,,W 15TH ST & ISABELLA ST,Collision with:  Vehicle in traffic,On Roadway,Broadside (front to side),Unknown,None Indicated,,Daylight,Dry,Clear,None apparent,Intersection:  Four-way intersection,Paved,,Property Damage Only,0,0,0,0,0,0,1500,2,4,,POINT (-96.424011690153 42.506157040883)
2014822939,14-35039,10/22/2014,10-October,4-Wednesday,20:20,2000 Hours,District 3 (Northwest),SIOUX CITY,WOODBURY,,STONE PARK BLVD & DOUGLAS ST,Collision with:  Vehicle in traffic,On Roadway,Broadside (front to side),Ran Stop Sign,None Indicated,,Dark - roadway lighted,Wet,Rain,None apparent,Intersection:  Four-way intersection,Paved,,Property Damage Only,0,0,0,0,0,0,3500,2,4,,POINT (-96.406665205016 42.519055722219)
2014823111,201415839,10/22/2014,10-October,4-Wednesday,15:08,1500 Hours,District 6 (East Central),CEDAR RAPIDS,LINN,IA 922,IA 922/1ST AVE E,Collision with:  Vehicle in traffic,On Roadway,"Sideswipe, same direction",Improper or erratic lane changing,None Indicated,,Daylight,Dry,Clear,None apparent,Non-intersection:  Non-junction/no special feature,Paved,,Property Damage Only,0,0,0,0,0,0,3000,2,2,,POINT (-91.669358502775 41.978334418437)
2014822750,14-6940,10/22/2014,10-October,4-Wednesday,06:50,0600 Hours,District 1 (Central),,POLK,,NE BERWICK DR & NE 54TH AVE & NE 38TH ST & NE 54TH PL,Collision with fixed object:  Bridge overhead structure,On Roadway,Non-collision (single vehicle),Ran off road - right,None Indicated,,Dark - roadway not lighted,Dry,Clear,None apparent,Intersection:  T-intersection,Paved,,Property Damage Only,0,0,0,0,0,0,5000,1,2,,POINT (-93.545190170253 41.658558083485)
2014822918,20140031419,10/22/2014,10-October,4-Wednesday,16:00,1600 Hours,District 1 (Central),DES MOINES,POLK,,UNIVERSITY AVE & 15TH ST,Collision with:  Vehicle in traffic,On Roadway,Rear-end (front to rear),Followed too close,None Indicated,,Daylight,Wet,Clear,None apparent,Non-intersection:  Non-junction/no special feature,Paved,,Property Damage Only,0,0,0,0,0,0,5000,2,2,,POINT (-93.637243544774 41.600420588992)
2014824044,14-6045,10/22/2014,10-October,4-Wednesday,12:39,1200 Hours,District 2 (Northeast),,HANCOCK,,Co Rd R26/ECHO AVE,Collision with fixed object:  Ditch,Roadside,Non-collision (single vehicle),Ran off road - right,None Indicated,,Daylight,Dry,Clear,None apparent,Intersection:  Other intersection (explain in narrative),Paved,,Property Damage Only,0,0,0,0,0,0,4500,1,2,,POINT (-93.890700706938 43.082110123088)
2014822889,W14-105176,10/22/2014,10-October,4-Wednesday,05:54,0500 Hours,District 2 (Northeast),WATERLOO,BLACK HAWK,,E SAN MARNAN DR & LA PORTE RD,Collision with:  Vehicle in traffic,On Roadway,"Angle, oncoming left turn",Ran Traffic Signal,None Indicated,,Daylight,Dry,Clear,None apparent,Intersection:  Four-way intersection,Paved,,Property Damage Only,0,0,0,0,0,0,6500,2,2,,POINT (-92.320901654726 42.46737641558)
2014823064,14105183,10/22/2014,10-October,4-Wednesday,07:43,0700 Hours,District 2 (Northeast),CEDAR FALLS,BLACK HAWK,,COLUMBINE DR,Collision with:  Vehicle in traffic,On Roadway,"Sideswipe, same direction",Lost Control,None Indicated,,Daylight,Dry,Clear,None apparent,Non-intersection:  Non-junction/no special feature,Paved,,Property Damage Only,0,0,0,0,0,0,4500,2,1,,POINT (-92.49912847791 42.530064963286)
2014823123,14-004572,10/22/2014,10-October,4-Wednesday,09:19,0900 Hours,District 1 (Central),ANKENY,POLK,US 69,US 69/S ANKENY BLVD & SW 3RD ST & SE 3RD ST,Collision with:  Vehicle in traffic,On Roadway,"Angle, oncoming left turn",FTYROW:  Making left turn,None Indicated,,Daylight,Dry,Cloudy,None apparent,Intersection:  Four-way intersection,Paved,,Property Damage Only,0,0,0,0,0,0,1700,2,2,,POINT (-93.600367019754 41.729619283243)
2014823088,14-16141,10/22/2014,10-October,4-Wednesday,12:46,1200 Hours,District 3 (Northwest),SPENCER,CLAY,US 18,US 18/N GRAND AVE,Collision with:  Vehicle in traffic,On Roadway,Head-on (front to front),Traveling wrong way or on wrong side of road,None Indicated,,Daylight,Dry,Clear,None apparent,Non-intersection:  Non-junction/no special feature,Paved,,Property Damage Only,0,0,0,0,0,0,6000,2,2,,POINT (-95.145063165636 43.146256499601)
2014823410,14-35139,10/23/2014,10-October,5-Thursday,18:01,1800 Hours,District 3 (Northwest),SIOUX CITY,WOODBURY,IA 376,IA 376/LEWIS BLVD,Collision with fixed object:  Curb/island/raised median,On Roadway,Non-collision (single vehicle),Exceeded authorized speed,Alcohol (Statutory),,Daylight,Dry,Clear,None apparent,Non-intersection:  Non-junction/no special feature,Paved,,Major Injury,0,1,1,0,0,0,1500,1,1,,POINT (-96.380192233558 42.490206741216)
2014823213,14-3385,10/23/2014,10-October,5-Thursday,10:41,1000 Hours,District 1 (Central),FORT DODGE,WEBSTER,,7TH AVE N,Collision with:  Vehicle in traffic,On Roadway,"Sideswipe, same direction",Improper or erratic lane changing,None Indicated,,Daylight,Dry,Cloudy,None apparent,Non-intersection:  Non-junction/no special feature,Paved,,Property Damage Only,0,0,0,0,0,0,3000,2,2,,POINT (-94.177191301107 42.512883240836)
2014823902,W14-105762,10/23/2014,10-October,5-Thursday,22:35,2200 Hours,District 2 (Northeast),WATERLOO,BLACK HAWK,US 218,US 218/WASHINGTON ST & W 11TH ST,Collision with:  Non-motorist (see non-motorist section - NOT a unit),On Roadway,Non-collision (single vehicle),Other (explain in narrative):  No improper action,None Indicated,,Dark - roadway lighted,Wet,Rain,None apparent,Intersection:  Four-way intersection,Paved,,Possible/Unknown,0,1,0,0,1,0,100,1,1,,POINT (-92.334779200307 42.488207301597)
2014823101,201415872,10/23/2014,10-October,5-Thursday,09:30,0900 Hours,District 6 (East Central),CEDAR RAPIDS,LINN,,CENTER POINT RD NE,Collision with:  Vehicle in traffic,On Roadway,Rear-end (front to rear),Other (explain in narrative):  Vision obstructed,None Indicated,,Daylight,Wet,Rain,None apparent,Non-intersection:  Non-junction/no special feature,Paved,,Property Damage Only,0,0,0,0,0,0,5000,2,3,,POINT (-91.664236173492 42.017227648542)
2014823099,201415866,10/23/2014,10-October,5-Thursday,07:35,0700 Hours,District 6 (East Central),CEDAR RAPIDS,LINN,,16TH AVE SW,Collision with:  Vehicle in traffic,On Roadway,Rear-end (front to rear),Unknown,None Indicated,,Dawn,Wet,Rain,None apparent,Non-intersection:  Non-junction/no special feature,Paved,,Possible/Unknown,0,1,0,0,1,0,6200,2,2,,POINT (-91.721022317207 41.963709776195)
2014823617,2014-038996,10/23/2014,10-October,5-Thursday,10:11,1000 Hours,District 6 (East Central),DUBUQUE,DUBUQUE,,ASBURY RD & JUDSON ST,Collision with:  Vehicle in traffic,On Roadway,Rear-end (front to rear),Lost Control,None Indicated,,Daylight,Wet,Rain,None apparent,Intersection:  T-intersection,Paved,,Possible/Unknown,0,1,0,0,1,0,2000,2,2,,POINT (-90.713927427682 42.509406016757)
2014823086,14018648,10/23/2014,10-October,5-Thursday,02:07,0200 Hours,District 2 (Northeast),MASON CITY,CERRO GORDO,,2ND ST SE & S LOUISIANA AVE,Collision with:  Parked motor vehicle,On Roadway,Rear-end (front to rear),FTYROW:  From driveway,None Indicated,,Dark - roadway lighted,Dry,Clear,None apparent,Non-intersection:  Driveway access (within),Paved,,Property Damage Only,0,0,0,0,0,0,1750,2,1,,POINT (-93.17530506171 43.150088487372)
2014831297,2014059908,10/23/2014,10-October,5-Thursday,07:47,0700 Hours,District 1 (Central),,POLK,I-80,I-80,Collision with:  Vehicle in traffic,On Roadway,Rear-end (front to rear),Driving too fast for conditions,None Indicated,,Dawn,Wet,Rain,"Surface condition (e.g., wet, icy)",Non-intersection:  Non-junction/no special feature,Paved,,Minor Injury,0,1,0,1,0,0,2500,2,3,,POINT (-93.546553140555 41.656398899238)
2014823622,2014-039007,10/23/2014,10-October,5-Thursday,15:54,1500 Hours,District 6 (East Central),DUBUQUE,DUBUQUE,US 20,US 20/DODGE ST,Collision with:  Vehicle in traffic,On Roadway,Rear-end (front to rear),Lost Control,None Indicated,,Daylight,Wet,Cloudy,None apparent,Non-intersection:  Non-junction/no special feature,Paved,,Property Damage Only,0,0,0,0,0,0,3000,2,2,,POINT (-90.723128645682 42.491984025027)
2014822952,14-009157,10/23/2014,10-October,5-Thursday,01:10,0100 Hours,District 6 (East Central),,DELAWARE,,Co Rd D22/210TH ST,Collision with:  Animal,,,Animal,None Indicated,,,,,,,Paved,,Property Damage Only,0,0,0,0,0,0,1500,1,1,,POINT (-91.388710770201 42.484339758653)
2014823515,14-171023-01,10/23/2014,10-October,5-Thursday,05:10,0500 Hours,District 6 (East Central),,IOWA,,Co Rd F15/F15 BLVD,Collision with:  Animal,,,Animal,None Indicated,,,,,,,Paved,,Property Damage Only,0,0,0,0,0,0,3500,1,1,,POINT (-92.043100171943 41.818001657548)
2014823411,14-35143,10/23/2014,10-October,5-Thursday,18:33,1800 Hours,District 3 (Northwest),SIOUX CITY,WOODBURY,,DACE AVE & S HELEN ST,Collision with fixed object:  Other fixed object (explain in narrative),Outside trafficway,Non-collision (single vehicle),Ran off road - straight,None Indicated,,Dark - roadway lighted,Dry,Clear,None apparent,Intersection:  T-intersection,Paved,,Property Damage Only,0,0,0,0,0,0,8000,1,1,,POINT (-96.36969352842 42.488643311923)
2014834221,14-16216,10/23/2014,10-October,5-Thursday,21:50,2100 Hours,District 3 (Northwest),,CLAY,US 18,US 18,Collision with:  Animal,,,Animal,None Indicated,,,,,,,Paved,,Property Damage Only,0,0,0,0,0,0,1500,1,1,,POINT (-94.950595657469 43.126632832341)
2014823398,14-012928,10/23/2014,10-October,5-Thursday,19:09,1900 Hours,District 1 (Central),MONTOUR,TAMA,US 30,US 30,Collision with:  Animal,On Roadway,Non-collision (single vehicle),Animal,None Indicated,,Dark - roadway lighted,Dry,Clear,None apparent,Non-intersection:  Non-junction/no special feature,Paved,,Property Damage Only,0,0,0,0,0,0,3500,1,2,,POINT (-92.718186980996 42.002993530241)
2014829153,14-10154,10/23/2014,10-October,5-Thursday,20:51,2000 Hours,District 5 (Southeast),MOUNT PLEASANT,HENRY,,N IRIS ST,Non-collision events:  Other non-collision (explain in narrative),On Roadway,Non-collision (single vehicle),Other (explain in narrative):  No improper action,None Indicated,,Dark - roadway not lighted,Dry,Cloudy,Work Zone (roadway-related),Non-intersection:  Non-junction/no special feature,Paved,Yes,Property Damage Only,0,0,0,0,0,0,3000,1,3,,POINT (-91.525514730554 40.970868377697)
2014852295,14-078,10/23/2014,10-October,5-Thursday,06:30,0600 Hours,District 3 (Northwest),LOHRVILLE,CALHOUN,IA 175,IA 175/360TH ST & YORK AVE,Collision with:  Vehicle in traffic,On Roadway,Rear-end (front to rear),Unknown,None Indicated,,Dark - roadway not lighted,Slush,Snow,"Surface condition (e.g., wet, icy)",Non-intersection:  Non-junction/no special feature,Paved,,Possible/Unknown,0,1,0,0,0,1,6000,2,2,,POINT (-94.436525197551 42.267093317928)
2014823136,14-1267,10/23/2014,10-October,5-Thursday,01:37,0100 Hours,District 1 (Central),CLIVE,POLK,,HARBACH BLVD & NW 86TH ST,Collision with fixed object:  Curb/island/raised median,Roadside,Non-collision (single vehicle),"Operating vehicle in an reckless, erratic, careless, negligent manner",None Indicated,,Dark - roadway lighted,Wet,Rain,"Surface condition (e.g., wet, icy)",Intersection:  T-intersection,Paved,,Property Damage Only,0,0,0,0,0,0,5050,1,1,,POINT (-93.736318455658 41.607124562481)
2014823137,14-1268,10/23/2014,10-October,5-Thursday,10:50,1000 Hours,District 1 (Central),CLIVE,POLK,US 6,US 6/HICKMAN RD,Collision with:  Vehicle in traffic,On Roadway,Rear-end (front to rear),FTYROW:  Other (explain in narrative),None Indicated,,Daylight,Wet,Cloudy,None apparent,Non-intersection:  Non-junction/no special feature,Paved,,Property Damage Only,0,0,0,0,0,0,8000,2,6,,POINT (-93.739323350422 41.614887489526)
2014823412,14-35151,10/23/2014,10-October,5-Thursday,19:13,1900 Hours,District 3 (Northwest),SIOUX CITY,WOODBURY,,W 18TH ST & HAMILTON BLVD,Collision with:  Vehicle in traffic,On Roadway,Broadside (front to side),FTYROW:  From stop sign,None Indicated,,Dark - roadway lighted,Dry,Clear,None apparent,Intersection:  Four-way intersection,Paved,,Property Damage Only,0,0,0,0,0,0,5000,2,3,,POINT (-96.416733360867 42.509490059784)
2014823608,2014-013375,10/23/2014,10-October,5-Thursday,10:15,1000 Hours,District 6 (East Central),,DUBUQUE,,OLDE MASSEY RD & MINES OF SPAIN,Collision with fixed object:  Ditch,Roadside,Non-collision (single vehicle),Swerving/Evasive Action,None Indicated,,Daylight,Wet,Rain,None apparent,Non-intersection:  Non-junction/no special feature,Paved,,Property Damage Only,0,0,0,0,0,0,2000,1,1,,POINT (-90.621262926263 42.440160029881)
2014830483,,10/23/2014,10-October,5-Thursday,19:52,1900 Hours,District 2 (Northeast),CLEAR LAKE,CERRO GORDO,US 18,US 18 & BUDDY HOLLY PL,Collision with:  Vehicle in traffic,On Roadway,"Angle, oncoming left turn",FTYROW:  Making left turn,None Indicated,,Dark - roadway lighted,Dry,Clear,None apparent,Intersection:  Four-way intersection,Paved,,Property Damage Only,0,0,0,0,0,0,2800,2,2,,POINT (-93.388678750008 43.143025099467)
2014823464,C14003370,10/23/2014,10-October,5-Thursday,14:50,1400 Hours,District 6 (East Central),CORALVILLE,JOHNSON,US 6,US 6/2ND ST & 4TH AVE,Collision with:  Vehicle in traffic,On Roadway,Rear-end (front to rear),Driving too fast for conditions,None Indicated,,Daylight,Wet,Cloudy,None apparent,Non-intersection:  Non-junction/no special feature,Paved,,Property Damage Only,0,0,0,0,0,0,3300,2,3,,POINT (-91.572075630025 41.670967024513)
2014826457,14-1271,10/23/2014,10-October,5-Thursday,15:25,1500 Hours,District 1 (Central),CLIVE,POLK,,NW 92ND CT,Collision with fixed object:  Utility pole/light support,Outside trafficway,Non-collision (single vehicle),Lost Control,None Indicated,,Daylight,Dry,Clear,None apparent,Non-intersection:  Non-junction/no special feature,Paved,,Property Damage Only,0,0,0,0,0,0,1500,1,1,,POINT (-93.74407503583 41.610596431954)
2014823682,14-5315,10/23/2014,10-October,5-Thursday,09:46,0900 Hours,District 1 (Central),WEST DES MOINES,POLK,I-235,I-235 & 22ND ST,Collision with:  Vehicle in traffic,On Roadway,Broadside (front to side),Ran Traffic Signal,None Indicated,,Daylight,Wet,Cloudy,None apparent,Intersection:  Four-way intersection,Paved,,Possible/Unknown,0,1,0,0,1,0,6000,2,2,,POINT (-93.736069936376 41.59370541682)
2014823606,14-039010,10/23/2014,10-October,5-Thursday,17:31,1700 Hours,District 6 (East Central),DUBUQUE,DUBUQUE,,PENNSYLVANIA AVE,Collision with:  Vehicle in traffic,On Roadway,Rear-end (front to rear),Lost Control,None Indicated,,Dusk,Dry,Cloudy,None apparent,Non-intersection:  Non-junction/no special feature,Paved,,Property Damage Only,0,0,0,0,0,0,2700,2,3,,POINT (-90.699413258703 42.498948519481)
2014823406,14-35111,10/23/2014,10-October,5-Thursday,15:15,1500 Hours,District 3 (Northwest),SIOUX CITY,WOODBURY,,W 7TH ST & WESLEY PKWY,Collision with:  Vehicle in traffic,On Roadway,"Angle, oncoming left turn",FTYROW:  Making left turn,None Indicated,,Daylight,Dry,Clear,None apparent,Intersection:  Four-way intersection,Paved,,Property Damage Only,0,0,0,0,0,0,3500,2,2,,POINT (-96.409692012677 42.499074744338)
2014823621,2014-039006,10/23/2014,10-October,5-Thursday,15:05,1500 Hours,District 6 (East Central),DUBUQUE,DUBUQUE,US 61,US 61,Collision with:  Vehicle in traffic,On Roadway,Rear-end (front to rear),Lost Control,None Indicated,,Daylight,Wet,Cloudy,None apparent,Non-intersection:  Non-junction/no special feature,Paved,,Property Damage Only,0,0,0,0,0,0,2700,2,2,,POINT (-90.678275721864 42.454198176034)
2014823288,143253,10/23/2014,10-October,5-Thursday,12:15,1200 Hours,District 3 (Northwest),DENISON,CRAWFORD,US 59,US 59 & ARROWHEAD DR,Collision with:  Vehicle in traffic,On Roadway,Broadside (front to side),Ran Stop Sign,None Indicated,,Daylight,Dry,Clear,None apparent,Intersection:  Four-way intersection,Paved,,Possible/Unknown,0,1,0,0,1,0,12000,2,2,,POINT (-95.372572190355 42.023304113473)
2014823538,S14-105512,10/23/2014,10-October,5-Thursday,08:00,0800 Hours,District 2 (Northeast),WATERLOO,BLACK HAWK,US 218,US 218,Collision with:  Animal,,,Animal,None Indicated,,,,,,,Paved,,Property Damage Only,0,0,0,0,0,0,8000,1,1,,POINT (-92.438894531143 42.600534955403)
2014823973,14006644,10/23/2014,10-October,5-Thursday,09:37,0900 Hours,District 2 (Northeast),,CERRO GORDO,,340TH ST & CARDINAL AVE,Collision with:  Vehicle in traffic,On Roadway,Broadside (front to side),Ran Stop Sign,None Indicated,,Daylight,Wet,Cloudy,None apparent,Intersection:  Four-way intersection,Unpaved,,Possible/Unknown,0,1,0,0,1,0,3000,2,2,,POINT (-93.458001460299 43.255364103502)
2014823250,2014-74149,10/23/2014,10-October,5-Thursday,12:14,1200 Hours,District 6 (East Central),DAVENPORT,SCOTT,,W PLEASANT ST & N DIVISION ST,Collision with:  Vehicle in traffic,Outside trafficway,"Angle, oncoming left turn",Unknown,None Indicated,,Daylight,Dry,Cloudy,None apparent,Non-intersection:  Non-junction/no special feature,Paved,,Property Damage Only,0,0,0,0,0,0,8000,2,2,,POINT (-90.601008686 41.539468606171)
2014823140,20140031520,10/23/2014,10-October,5-Thursday,14:00,1400 Hours,District 1 (Central),DES MOINES,POLK,US 6,US 6/FREDERICK M HUBBELL AVE & E 38TH ST,Collision with:  Vehicle in traffic,On Roadway,"Angle, oncoming left turn",FTYROW:  Making left turn,None Indicated,,Daylight,Dry,Clear,None apparent,Intersection:  Four-way intersection,Paved,,Property Damage Only,0,0,0,0,0,0,6000,2,2,,POINT (-93.54184472165 41.630552568573)
2014823206,14-3390,10/23/2014,10-October,5-Thursday,16:05,1600 Hours,District 1 (Central),FORT DODGE,WEBSTER,,11TH AVE N & N 4TH ST,Collision with:  Vehicle in traffic,On Roadway,Broadside (front to side),FTYROW:  From stop sign,None Indicated,,Daylight,Dry,Clear,None apparent,Intersection:  Four-way intersection,Paved,,Property Damage Only,0,0,0,0,0,0,4000,2,2,,POINT (-94.195036149466 42.516057646644)
2014823853,201400052116,10/23/2014,10-October,5-Thursday,16:49,1600 Hours,District 5 (Southeast),OTTUMWA,WAPELLO,IA 149,IA 149/WAPELLO ST VIADUCT,Collision with:  Vehicle in traffic,On Roadway,Rear-end (front to rear),Followed too close,None Indicated,,Daylight,Dry,Clear,None apparent,Non-intersection:  Other non-intersection (explain in narrative),Paved,,Property Damage Only,0,0,0,0,0,0,4500,2,7,,POINT (-92.418861061855 41.018667809305)
2014827955,2014059969,10/23/2014,10-October,5-Thursday,10:43,1000 Hours,District 4 (Southwest),DE SOTO,DALLAS,US 169,US 169/GUTHRIE ST,Non-collision events:  Other non-collision (explain in narrative),On Roadway,Non-collision (single vehicle),Other (explain in narrative):  No improper action,None Indicated,,Daylight,Dry,Cloudy,Work Zone (roadway-related),Non-intersection:  Driveway access (within),Paved,Yes,Property Damage Only,0,0,0,0,0,0,2500,1,1,,POINT (-94.012629802021 41.534928867973)
2014823670,1405009,10/23/2014,10-October,5-Thursday,06:06,0600 Hours,District 1 (Central),,BOONE,,Co Rd R18/L AVE,Collision with:  Animal,,Non-collision (single vehicle),Animal,None Indicated,,,,,,,Paved,,Property Damage Only,0,0,0,0,0,0,2000,1,1,,POINT (-93.950454008944 42.020867125286)
2014823252,2014-74231,10/23/2014,10-October,5-Thursday,19:19,1900 Hours,District 6 (East Central),DAVENPORT,SCOTT,US 6,US 6/E KIMBERLY RD & FOREST RD,Collision with:  Animal,On Roadway,Non-collision (single vehicle),Animal,None Indicated,,Dark - roadway not lighted,Dry,Clear,None apparent,Non-intersection:  Non-junction/no special feature,Paved,,Property Damage Only,0,0,0,0,0,0,2000,1,1,,POINT (-90.534993102811 41.5568499303)
2014822954,14009158,10/23/2014,10-October,5-Thursday,01:15,0100 Hours,District 6 (East Central),,DELAWARE,US 20,US 20,Collision with:  Animal,,,Animal,None Indicated,,,,,,,Paved,,Property Damage Only,0,0,0,0,0,0,2500,1,1,,POINT (-91.305254139167 42.470942249581)
2014823181,2014011908,10/23/2014,10-October,5-Thursday,19:36,1900 Hours,District 6 (East Central),IOWA CITY,JOHNSON,,Co Rd W66/DUBUQUE ST,Collision with:  Animal,On Roadway,Non-collision (single vehicle),Animal,None Indicated,,Dark - roadway not lighted,Dry,Cloudy,None apparent,Non-intersection:  Non-junction/no special feature,Paved,,Property Damage Only,0,0,0,0,0,0,4500,1,4,,POINT (-91.547282789972 41.692813068137)
2014823268,W14-105558,10/23/2014,10-October,5-Thursday,11:14,1100 Hours,District 2 (Northeast),WATERLOO,BLACK HAWK,,W 5TH ST & COMMERCIAL ST,Collision with:  Vehicle in traffic,On Roadway,Rear-end (front to rear),Followed too close,None Indicated,,Daylight,Dry,Cloudy,None apparent,Intersection:  Four-way intersection,Paved,,Possible/Unknown,0,1,0,0,1,0,2500,2,2,,POINT (-92.338680207349 42.494452913796)
2014824280,,10/23/2014,10-October,5-Thursday,19:10,1900 Hours,District 2 (Northeast),NEW HAMPTON,CHICKASAW,IA 24,IA 24/N LINN AVE & W HALE ST,Collision with:  Vehicle in traffic,,,Swerving/Evasive Action,None Indicated,,,,,,,Paved,,Property Damage Only,0,0,0,0,0,0,3000,2,7,,POINT (-92.317813954719 43.062012392347)
2014823568,2014060037,10/23/2014,10-October,5-Thursday,13:25,1300 Hours,District 6 (East Central),,IOWA,I-80,I-80,Non-collision events:  Jackknife,On Roadway,Non-collision (single vehicle),Lost Control,None Indicated,,Daylight,Dry,Rain,None apparent,Non-intersection:  Non-junction/no special feature,Paved,,Property Damage Only,0,0,0,0,0,0,5000,1,2,,POINT (-91.902275349863 41.687529593109)
2014823810,14-032947,10/23/2014,10-October,5-Thursday,18:46,1800 Hours,District 5 (Southeast),,LEE,,Co Rd J72/300 ST,Collision with:  Animal,,,Animal,None Indicated,,,,,,,Paved,,Property Damage Only,0,0,0,0,0,0,1500,1,1,,POINT (-91.503392898092 40.524192215168)
2014823465,14105487,10/23/2014,10-October,5-Thursday,06:05,0600 Hours,District 2 (Northeast),CEDAR FALLS,BLACK HAWK,,W 27TH ST & HUDSON RD & UNIVERSITY OF NORTHERN IA,Collision with:  Vehicle in traffic,On Roadway,Broadside (front to side),FTYROW:  Making left turn,None Indicated,,Dawn,Dry,Clear,None apparent,Intersection:  Four-way intersection,Paved,,Property Damage Only,0,0,0,0,0,0,5000,2,2,,POINT (-92.465556732739 42.513135486498)
2014823012,2014059886,10/23/2014,10-October,5-Thursday,06:50,0600 Hours,District 2 (Northeast),,CLAYTON,US 52,US 52,Collision with:  Animal,,,Animal,None Indicated,,,,,,,Paved,,Property Damage Only,0,0,0,0,0,0,1500,1,1,,POINT (-91.196789518695 42.827957646409)
2014823659,2014060104,10/23/2014,10-October,5-Thursday,17:52,1700 Hours,District 3 (Northwest),,CALHOUN,,Co Rd D36/270TH ST,Collision with:  Other non-fixed object (explain in narrative),On Roadway,Non-collision (single vehicle),Other (explain in narrative):  No improper action,None Indicated,,Dusk,Dry,Clear,None apparent,Non-intersection:  Non-junction/no special feature,Paved,,Property Damage Only,0,0,0,0,0,0,2000,2,3,,POINT (-94.421629173856 42.398296513156)
2014825174,14004997,10/23/2014,10-October,5-Thursday,18:33,1800 Hours,District 1 (Central),AMES,STORY,,12TH ST & HARDING AVE,Collision with:  Vehicle in traffic,On Roadway,Broadside (front to side),FTYROW:  At uncontrolled intersection,None Indicated,,Dark - roadway lighted,Dry,Clear,None apparent,Intersection:  Four-way intersection,Paved,,Property Damage Only,0,0,0,0,0,0,5000,2,2,,POINT (-93.621470549565 42.033270277654)
2014825356,,10/23/2014,10-October,5-Thursday,10:50,1000 Hours,District 2 (Northeast),BRITT,HANCOCK,,9TH ST NW & 2ND AVE NW,Collision with:  Vehicle in traffic,On Roadway,Rear-end (front to rear),Equipment failure,None Indicated,,Daylight,Wet,Clear,None apparent,Intersection:  Four-way intersection,Paved,,Property Damage Only,0,0,0,0,0,0,4000,2,2,,POINT (-93.804429092223 43.105072230857)
2014823623,2014-039008,10/23/2014,10-October,5-Thursday,16:10,1600 Hours,District 6 (East Central),DUBUQUE,DUBUQUE,,BLUFF ST,Collision with:  Vehicle in traffic,On Roadway,"Sideswipe, same direction",FTYROW:  From driveway,None Indicated,,Daylight,Dry,Cloudy,None apparent,Non-intersection:  Driveway access (within),Paved,,Minor Injury,0,1,0,1,0,0,2000,3,2,,POINT (-90.667682734202 42.497118153877)
2014822916,20140031458,10/23/2014,10-October,5-Thursday,00:19,0000 Hours,District 1 (Central),DES MOINES,POLK,,4TH ST,Collision with:  Vehicle in traffic,On Roadway,Broadside (front to side),"Operating vehicle in an reckless, erratic, careless, negligent manner",None Indicated,,Dark - roadway lighted,Dry,Cloudy,None apparent,Non-intersection:  Non-junction/no special feature,Paved,,Possible/Unknown,0,1,0,0,0,1,20000,2,2,,POINT (-93.621947575597 41.585822548381)