Iowa DOT Case Number,Law Enforcement Case Number,Date of Crash,Month of Crash,Day of Week,Time of Crash,Hour,DOT District,City Name,County Name,Route with System,Location Description,First Harmful Event,Location of First Harmful Event,Manner of Crash/Collision,Major Cause,Drug or Alcohol ,Environmental Conditions,Light Conditions,Surface Conditions,Weather Conditions,Roadway Contribution,Roadway Type,Roadway Surface,Work Zone,Crash Severity,Number of Fatalities,Number of Injuries,Number of Major Injuries,Number of Minor Injuries,Number of Possible Injuries,Number of Unknown Injuries,Amount of Property Damage,Number of Vehicles Involved,Total Number of Occupants,Travel Direction,Location
2014823888,,10/23/2014,10-October,5-Thursday,18:45,1800 Hours,District 3 (Northwest),,CHEROKEE,,Co Rd M10/T AVE,Collision with:  Animal,On Roadway,Non-collision (single vehicle),Animal,None Indicated,,Dusk,Dry,Clear,,Non-intersection:  Non-junction/no special feature,Paved,,Property Damage Only,0,0,0,0,0,0,2500,1,1,,POINT (-95.486152668107 42.821427630407)
2014823563,2014-21490,10/23/2014,10-October,5-Thursday,07:45,0700 Hours,District 6 (East Central),LONG GROVE,SCOTT,US 61,US 61,Collision with:  Animal,,,Animal,None Indicated,,,,,,,Paved,,Property Damage Only,0,0,0,0,0,0,3000,1,1,,POINT (-90.565972391415 41.710680009864)
2014823196,14-5323,10/23/2014,10-October,5-Thursday,17:00,1700 Hours,District 1 (Central),WEST DES MOINES,POLK,I-235,I-235,Collision with:  Vehicle in traffic,On Roadway,Rear-end (front to rear),Followed too close,None Indicated,,Daylight,Dry,Clear,None apparent,Non-intersection:  Non-junction/no special feature,Paved,,Property Damage Only,0,0,0,0,0,0,1500,2,3,,POINT (-93.732428214251 41.593161219473)
2014822884,W14-105442,10/23/2014,10-October,5-Thursday,00:16,0000 Hours,District 2 (Northeast),WATERLOO,BLACK HAWK,,MARTIN LUTHER KING JR DR,Collision with:  Animal,On Roadway,Non-collision (single vehicle),Animal,None Indicated,,Dark - roadway not lighted,Dry,Clear,None apparent,Non-intersection:  Non-junction/no special feature,Paved,,Property Damage Only,0,0,0,0,0,0,2000,1,2,,POINT (-92.297815075824 42.507556444131)
2014822927,20140031487,10/23/2014,10-October,5-Thursday,06:35,0600 Hours,District 1 (Central),DES MOINES,POLK,,MAURY ST,Collision with:  Non-motorist (see non-motorist section - NOT a unit),On Roadway,Non-collision (single vehicle),Unknown,None Indicated,,Unknown,Unknown,Unknown,None apparent,Non-intersection:  Non-junction/no special feature,Paved,,Possible/Unknown,0,1,0,0,1,0,0,1,1,,POINT (-93.571739753475 41.5804176138)
2014824009,1400000922,10/23/2014,10-October,5-Thursday,13:10,1300 Hours,District 1 (Central),,MARSHALL,,170TH ST,Non-collision events:  Overturn/rollover,Roadside,Non-collision (single vehicle),Crossed centerline (undivided),None Indicated,,Daylight,Dry,Clear,None apparent,Non-intersection:  Non-junction/no special feature,Unpaved,,Possible/Unknown,0,1,0,0,1,0,12040,1,1,,POINT (-92.945391769931 42.106145590457)
2014822965,14-045084,10/23/2014,10-October,5-Thursday,10:25,1000 Hours,District 4 (Southwest),COUNCIL BLUFFS,POTTAWATTAMIE,I-29,I-29 & IA 92/OMAHA BRIDGE RD,Non-collision events:  Overturn/rollover,On Roadway,Non-collision (single vehicle),Over correcting/over steering,None Indicated,,Daylight,Wet,Cloudy,Unknown,Intersection:  Other intersection (explain in narrative),Paved,,Property Damage Only,0,0,0,0,0,0,35000,1,1,,POINT (-95.831167784789 41.221368386758)
2014824199,14-20718,10/23/2014,10-October,5-Thursday,15:25,1500 Hours,District 6 (East Central),BETTENDORF,SCOTT,US 67,US 67/GRANT ST & 14TH ST,Collision with:  Vehicle in traffic,On Roadway,Broadside (front to side),Ran Traffic Signal,Alcohol (Statutory),,Daylight,Dry,Cloudy,None apparent,Intersection:  Other intersection (explain in narrative),Paved,,Property Damage Only,0,0,0,0,0,0,6000,2,2,,POINT (-90.51303850097 41.526205621717)
2014823185,14-045184,10/23/2014,10-October,5-Thursday,18:50,1800 Hours,District 4 (Southwest),COUNCIL BLUFFS,POTTAWATTAMIE,,S 35TH ST,Collision with fixed object:  Curb/island/raised median,On Roadway,Non-collision (single vehicle),Lost Control,None Indicated,,Dark - roadway lighted,Dry,Clear,None apparent,Non-intersection:  Non-junction/no special feature,Paved,,Minor Injury,0,1,0,1,0,0,2000,1,1,,POINT (-95.897701667488 41.241012036569)
2014825136,14-004996,10/23/2014,10-October,5-Thursday,18:01,1800 Hours,District 1 (Central),AMES,STORY,,SUNCREST RD,Collision with fixed object:  Utility pole/light support,Outside trafficway,Non-collision (single vehicle),Improper Backing,None Indicated,,Dusk,Dry,Clear,Work Zone (roadway-related),Non-intersection:  Non-junction/no special feature,Paved,Yes,Property Damage Only,0,0,0,0,0,0,1500,1,1,,POINT (-93.652529330627 41.995333301631)
2014823054,C14003366,10/23/2014,10-October,5-Thursday,07:50,0700 Hours,District 6 (East Central),CORALVILLE,JOHNSON,,1ST AVE,Collision with:  Vehicle in traffic,On Roadway,Rear-end (front to rear),Driving too fast for conditions,None Indicated,,Daylight,Wet,Cloudy,None apparent,Non-intersection:  Non-junction/no special feature,Paved,,Property Damage Only,0,0,0,0,0,0,2500,2,2,,POINT (-91.565489960819 41.671632570238)
2014823112,201415911,10/23/2014,10-October,5-Thursday,20:03,2000 Hours,District 6 (East Central),CEDAR RAPIDS,LINN,I-380,I-380,Collision with:  Vehicle in traffic,On Roadway,Rear-end (front to rear),Driver Distraction:  Passenger,None Indicated,,Dark - roadway lighted,Dry,Clear,None apparent,Non-intersection:  Non-junction/no special feature,Paved,,Property Damage Only,0,0,0,0,0,0,2000,2,3,,POINT (-91.663538254224 41.984796464169)
2014822900,14-6977,10/23/2014,10-October,5-Thursday,07:35,0700 Hours,District 1 (Central),DES MOINES,POLK,I-235,I-235,Collision with:  Vehicle in traffic,On Roadway,Rear-end (front to rear),Followed too close,None Indicated,,Dawn,Wet,Rain,"Surface condition (e.g., wet, icy)",Non-intersection:  Non-junction/no special feature,Paved,,Property Damage Only,0,0,0,0,0,0,8400,3,3,,POINT (-93.610662861024 41.595223558363)
2014825137,14-004998,10/23/2014,10-October,5-Thursday,19:12,1900 Hours,District 1 (Central),AMES,STORY,,LINCOLN WAY,Collision with:  Vehicle in traffic,On Roadway,Rear-end (front to rear),Driving too fast for conditions,None Indicated,,Dark - roadway lighted,Dry,Clear,None apparent,Non-intersection:  Non-junction/no special feature,Paved,,Property Damage Only,0,0,0,0,0,0,5700,2,3,,POINT (-93.665759020051 42.022826504887)
2014823489,2014059884,10/23/2014,10-October,5-Thursday,06:49,0600 Hours,District 1 (Central),CLIVE,POLK,US 6,US 6/HICKMAN RD,Collision with:  Vehicle in traffic,On Roadway,Rear-end (front to rear),Followed too close,None Indicated,,Dark - roadway lighted,Wet,Rain,None apparent,Intersection:  Four-way intersection,Paved,,Possible/Unknown,0,1,0,0,1,0,7000,2,2,,POINT (-93.783252575957 41.614893809583)
2014825835,2014060124,10/23/2014,10-October,5-Thursday,20:42,2000 Hours,District 1 (Central),,JASPER,,S 12TH AVE E & E 149TH ST S,Non-collision events:  Other non-collision (explain in narrative),Outside trafficway,Non-collision (single vehicle),Ran off road - straight,None Indicated,,Dark - roadway not lighted,Dry,"Fog, smoke, smog",None apparent,Intersection:  T-intersection,Unpaved,,Property Damage Only,0,0,0,0,0,0,5000,1,1,,POINT (-92.785306063708 41.68813123613)
2014823221,C14105579,10/23/2014,10-October,5-Thursday,12:48,1200 Hours,District 2 (Northeast),CEDAR FALLS,BLACK HAWK,,22ND ST & WALNUT ST,Collision with:  Vehicle in traffic,On Roadway,Broadside (front to side),Ran Stop Sign,None Indicated,,Daylight,Wet,Cloudy,None apparent,Intersection:  Four-way intersection,Paved,,Property Damage Only,0,0,0,0,0,0,4500,2,3,,POINT (-92.453379975323 42.517761078956)
2014824135,14-004602,10/23/2014,10-October,5-Thursday,19:21,1900 Hours,District 1 (Central),ANKENY,POLK,,SE HULSIZER DR,Collision with:  Animal,On Roadway,Non-collision (single vehicle),Animal,None Indicated,,Dark - unknown roadway lighting,Dry,Clear,None apparent,Non-intersection:  Non-junction/no special feature,Paved,,Possible/Unknown,0,1,0,0,1,0,1000,1,1,,POINT (-93.58601809933 41.709283372418)
2014823273,W14-105747,10/23/2014,10-October,5-Thursday,21:51,2100 Hours,District 2 (Northeast),WATERLOO,BLACK HAWK,US 63,US 63/LOGAN AVE,Collision with:  Vehicle in traffic,Shoulder,"Sideswipe, same direction",Other (explain in narrative):  Other,None Indicated,,Dark - roadway not lighted,Dry,"Fog, smoke, smog",None apparent,Non-intersection:  Non-junction/no special feature,Paved,,Property Damage Only,0,0,0,0,0,0,6000,2,2,,POINT (-92.337521842299 42.53270288346)
2014824922,14680836,10/23/2014,10-October,5-Thursday,18:57,1800 Hours,District 5 (Southeast),,MONROE,IA 5,IA 5/IOWA 5,Collision with:  Animal,,,Animal,None Indicated,,,,,,,Paved,,Property Damage Only,0,0,0,0,0,0,2500,1,1,,POINT (-92.895939543162 41.110590577918)
2014823691,2014011215,10/23/2014,10-October,5-Thursday,18:30,1800 Hours,District 1 (Central),MARSHALLTOWN,MARSHALL,,GARLAND DR,Collision with:  Vehicle in traffic,On Roadway,Broadside (front to side),Improper Backing,None Indicated,,Dusk,Dry,Clear,None apparent,Non-intersection:  Non-junction/no special feature,Paved,,Property Damage Only,0,0,0,0,0,0,3500,2,2,,POINT (-92.955500835216 42.040104907706)
2014837044,14100496,10/23/2014,10-October,5-Thursday,04:54,0400 Hours,District 5 (Southeast),,WAPELLO,US 34,US 34,Collision with:  Animal,,,Animal,None Indicated,,,,,,,Paved,,Property Damage Only,0,0,0,0,0,0,6000,1,777,,POINT (-92.561900443315 41.008787699242)
2014825135,14-004995,10/23/2014,10-October,5-Thursday,18:03,1800 Hours,District 1 (Central),AMES,STORY,,UNIVERSITY BLVD & S 4TH ST,Collision with:  Non-motorist (see non-motorist section - NOT a unit),On Roadway,Non-collision (single vehicle),Other (explain in narrative):  No improper action,None Indicated,,Dusk,Dry,Clear,None apparent,Intersection:  Four-way intersection,Paved,,Minor Injury,0,1,0,1,0,0,4000,1,2,,POINT (-93.632308256321 42.016314758264)
2014823184,SA1408981,10/23/2014,10-October,5-Thursday,21:55,2100 Hours,District 5 (Southeast),AINSWORTH,WASHINGTON,US 218,US 218,Collision with fixed object:  Curb/island/raised median,On Roadway,Non-collision (single vehicle),Crossed centerline (undivided),None Indicated,,Dark - roadway not lighted,Dry,Rain,None apparent,Non-intersection:  Non-junction/no special feature,Paved,,Property Damage Only,0,0,0,0,0,0,9000,1,3,,POINT (-91.537795350756 41.25727015783)
2014826388,20140033691,10/23/2014,10-October,5-Thursday,17:21,1700 Hours,District 1 (Central),DES MOINES,POLK,,CHERRY ST & 5TH AVE,Collision with:  Vehicle in traffic,On Roadway,"Sideswipe, same direction",Made improper turn,None Indicated,,Daylight,Dry,Clear,None apparent,Non-intersection:  Non-junction/no special feature,Paved,,Property Damage Only,0,0,0,0,0,0,3000,2,2,,POINT (-93.622772878622 41.584313869227)
2014823620,2014-039005,10/23/2014,10-October,5-Thursday,14:01,1400 Hours,District 6 (East Central),DUBUQUE,DUBUQUE,IA 32,IA 32/IA32 NW ARTERIAL,Collision with:  Vehicle in traffic,On Roadway,"Sideswipe, same direction",FTYROW:  Other (explain in narrative),None Indicated,,Daylight,Wet,Cloudy,None apparent,Non-intersection:  Non-junction/no special feature,Paved,,Property Damage Only,0,0,0,0,0,0,5000,2,3,,POINT (-90.740892327077 42.518045716873)
2014823251,2014-74226,10/23/2014,10-October,5-Thursday,18:41,1800 Hours,District 6 (East Central),DAVENPORT,SCOTT,,E 53RD ST & ELMORE AVE,Collision with:  Vehicle in traffic,On Roadway,Rear-end (front to rear),Followed too close,None Indicated,,Dark - roadway lighted,Dry,Cloudy,None apparent,Intersection:  Four-way intersection,Paved,,Property Damage Only,0,0,0,0,0,0,2500,2,5,,POINT (-90.528586977681 41.574860104089)
2014825691,EP14-2003,10/23/2014,10-October,5-Thursday,21:33,2100 Hours,District 2 (Northeast),EAGLE GROVE,WRIGHT,,S LUCAS AVE,Collision with:  Vehicle in traffic,On Roadway,Broadside (front to side),Improper Backing,None Indicated,,Dark - roadway lighted,Dry,Clear,None apparent,Non-intersection:  Non-junction/no special feature,Paved,,Property Damage Only,0,0,0,0,0,0,2500,2,3,,POINT (-93.903037585886 42.662442811078)
2014824407,A14-069,10/23/2014,10-October,5-Thursday,07:56,0700 Hours,District 4 (Southwest),WINTERSET,MADISON,,S 8TH AVE,Collision with:  Vehicle in traffic,On Roadway,Rear-end (front to rear),Other (explain in narrative):  Other,None Indicated,,Daylight,Wet,Cloudy,None apparent,Non-intersection:  Non-junction/no special feature,Paved,,Property Damage Only,0,0,0,0,0,0,2200,2,2,,POINT (-94.022971611769 41.33270277813)
2014823139,20140031518,10/23/2014,10-October,5-Thursday,14:11,1400 Hours,District 1 (Central),DES MOINES,POLK,I-235,I-235,Collision with fixed object:  Curb/island/raised median,Median,Non-collision (single vehicle),Followed too close,None Indicated,,Daylight,Dry,Clear,None apparent,Non-intersection:  Non-junction/no special feature,Paved,,Property Damage Only,0,0,0,0,0,0,2500,1,1,,POINT (-93.668965947494 41.592944521652)
2014823142,20140031525,10/23/2014,10-October,5-Thursday,15:01,1500 Hours,District 1 (Central),DES MOINES,POLK,US 69,US 69/E 14TH ST,Collision with:  Vehicle in traffic,On Roadway,Unknown,Unknown,None Indicated,,Daylight,Dry,Cloudy,None apparent,Intersection:  Four-way intersection,Paved,,Property Damage Only,0,0,0,0,0,0,1850,2,3,,POINT (-93.597210214059 41.591114862607)
2014825541,2014059882,10/23/2014,10-October,5-Thursday,04:45,0400 Hours,District 6 (East Central),,CEDAR,I-80,I-80,Collision with:  Animal,On Roadway,Non-collision (single vehicle),Animal,None Indicated,,Dark - roadway not lighted,Dry,Clear,None apparent,Non-intersection:  Non-junction/no special feature,Paved,,Property Damage Only,0,0,0,0,0,0,3500,1,2,,POINT (-91.005469118079 41.633401477642)
2014824672,261401933,10/23/2014,10-October,5-Thursday,17:37,1700 Hours,District 5 (Southeast),BLOOMFIELD,DAVIS,US 63,US 63,Collision with:  Vehicle in traffic,On Roadway,Rear-end (front to rear),Swerving/Evasive Action,None Indicated,,Daylight,Dry,Clear,Work Zone (roadway-related),Non-intersection:  Non-junction/no special feature,Paved,Yes,Possible/Unknown,0,2,0,0,2,0,21000,3,3,,POINT (-92.3992218578 40.840635602711)
2014831731,032-103-14,10/23/2014,10-October,5-Thursday,08:56,0800 Hours,District 3 (Northwest),ESTHERVILLE,EMMET,,6TH AVE N,Collision with:  Parked motor vehicle,On Roadway,Unknown,Unknown,None Indicated,,Daylight,Dry,Clear,None apparent,Non-intersection:  Non-junction/no special feature,Paved,,Property Damage Only,0,0,0,0,0,0,2453,2,1,,POINT (-94.823164875277 43.407411613596)
2014823811,14-032949,10/23/2014,10-October,5-Thursday,19:26,1900 Hours,District 5 (Southeast),FORT MADISON,LEE,,Co Rd X32/303 AVE,Collision with:  Animal,,,Animal,None Indicated,,,,,,,Paved,,Property Damage Only,0,0,0,0,0,0,1500,1,1,,POINT (-91.329953370545 40.709195764017)
2014824026,2014-5248,10/23/2014,10-October,5-Thursday,15:24,1500 Hours,District 4 (Southwest),WAUKEE,DALLAS,,SE LA GRANT PARKWAY & SE TELBY LN,Collision with:  Vehicle in traffic,On Roadway,Rear-end (front to rear),Followed too close,Alcohol (Statutory),,Daylight,Dry,Clear,None apparent,Intersection:  Four-way intersection,Paved,,Property Damage Only,0,0,0,0,0,0,2624,2,2,,POINT (-93.866234315446 41.591312164803)
2014823415,14-35099,10/23/2014,10-October,5-Thursday,13:15,1300 Hours,District 3 (Northwest),SIOUX CITY,WOODBURY,,NEBRASKA ST,Unknown,On Roadway,Non-collision (single vehicle),Unknown,None Indicated,,Daylight,Dry,Clear,None apparent,Unknown,Paved,,Property Damage Only,0,0,0,0,0,0,1500,1,1,,POINT (-96.403602825508 42.511979270223)
2014823143,20140031531,10/23/2014,10-October,5-Thursday,15:42,1500 Hours,District 1 (Central),DES MOINES,POLK,US 6,US 6/FREDERICK M HUBBELL AVE & E DOUGLAS AVE,Collision with:  Vehicle in traffic,On Roadway,Broadside (front to side),FTYROW:  From stop sign,None Indicated,,Daylight,Dry,Clear,None apparent,Intersection:  Four-way intersection,Paved,,Minor Injury,0,2,0,2,0,0,7000,2,2,,POINT (-93.543685543154 41.629598120802)
2014823972,14006643,10/23/2014,10-October,5-Thursday,09:49,0900 Hours,District 2 (Northeast),,CERRO GORDO,I-35,I-35,Collision with:  Animal,,,Animal,None Indicated,,,,,,,Paved,,Property Damage Only,0,0,0,0,0,0,5000,1,1,,POINT (-93.350990599531 42.908700759439)
2014823079,W14-105546,10/23/2014,10-October,5-Thursday,10:24,1000 Hours,District 2 (Northeast),WATERLOO,BLACK HAWK,,W 9TH ST & ST FRANCIS DR,Collision with:  Vehicle in traffic,On Roadway,Rear-end (front to rear),Other (explain in narrative):  Other,None Indicated,,Daylight,Wet,Cloudy,None apparent,Non-intersection:  Non-junction/no special feature,Paved,,Possible/Unknown,0,1,0,0,1,0,5500,2,2,,POINT (-92.345458207272 42.464133072066)
2014823219,14C04791,10/23/2014,10-October,5-Thursday,16:00,1600 Hours,District 4 (Southwest),CRESTON,UNION,,SHERMAN AVE & S LINCOLN ST,Collision with:  Vehicle in traffic,On Roadway,Rear-end (front to rear),Improper Backing,None Indicated,,Daylight,Dry,Clear,None apparent,Non-intersection:  Non-junction/no special feature,Paved,,Property Damage Only,0,0,0,0,0,0,1500,2,3,,POINT (-94.375806847001 41.046304172659)
2014823470,14-018079,10/23/2014,10-October,5-Thursday,04:50,0400 Hours,District 5 (Southeast),,HENRY,US 34,US 34,Collision with:  Animal,,,Animal,None Indicated,,,,,,,Paved,,Property Damage Only,0,0,0,0,0,0,1500,1,1,,POINT (-91.408330006706 40.908164556437)
2014822907,14-004590,10/23/2014,10-October,5-Thursday,07:55,0700 Hours,District 1 (Central),ANKENY,POLK,,E 1ST ST,Collision with:  Vehicle in traffic,On Roadway,"Sideswipe, same direction",Improper or erratic lane changing,None Indicated,,Dark - roadway lighted,Wet,Rain,None apparent,Non-intersection:  Non-junction/no special feature,Paved,,Property Damage Only,0,0,0,0,0,0,10500,2,3,,POINT (-93.588964697384 41.731848988958)
2014823618,2014-038998,10/23/2014,10-October,5-Thursday,11:23,1100 Hours,District 6 (East Central),DUBUQUE,DUBUQUE,US 20,US 20/DODGE ST & UNIVERSITY CONN,Collision with:  Vehicle in traffic,On Roadway,Rear-end (front to rear),Lost Control,None Indicated,,Daylight,Wet,Rain,None apparent,Non-intersection:  Non-junction/no special feature,Paved,,Possible/Unknown,0,1,0,0,1,0,3000,2,2,,POINT (-90.706703552718 42.491935536229)
2014822898,14-6984,10/23/2014,10-October,5-Thursday,10:15,1000 Hours,District 1 (Central),URBANDALE,POLK,I-35,I-35 & IA 28/MERLE HAY RD,Collision with:  Vehicle in traffic,On Roadway,Broadside (front to side),Unknown,None Indicated,,Daylight,Wet,Rain,Traffic control obscured,Intersection:  Intersection with ramp,Paved,,Property Damage Only,0,0,0,0,0,0,7500,2,2,,POINT (-93.697671017511 41.651293576711)
2014823201,14-20665,10/23/2014,10-October,5-Thursday,18:56,1800 Hours,District 2 (Northeast),,BREMER,US 218,US 218,Collision with:  Animal,,,Animal,None Indicated,,,,,,,Paved,,Property Damage Only,0,0,0,0,0,0,5000,1,1,,POINT (-92.53552420851 42.829824610138)
2014829929,032-101-14,10/23/2014,10-October,5-Thursday,19:24,1900 Hours,District 3 (Northwest),ESTHERVILLE,EMMET,IA 9,IA 9/W CENTRAL AVE,Collision with:  Animal,,,Animal,None Indicated,,,,,,,Paved,,Property Damage Only,0,0,0,0,0,0,1500,1,1,,POINT (-94.856483494964 43.404102120981)
2014824901,,10/23/2014,10-October,5-Thursday,19:30,1900 Hours,District 5 (Southeast),,WASHINGTON,,Co Rd G36/220TH ST,Collision with:  Animal,On Roadway,Non-collision (single vehicle),Animal,None Indicated,,Dark - roadway not lighted,Dry,Cloudy,,Non-intersection:  Non-junction/no special feature,Paved,,Property Damage Only,0,0,0,0,0,0,2500,1,2,,POINT (-91.571394167085 41.337272468117)
2014824398,2014059918,10/23/2014,10-October,5-Thursday,09:30,0900 Hours,District 5 (Southeast),,DECATUR,I-35,I-35,Collision with:  Animal,,,Animal,None Indicated,,,,,,,Paved,,Property Damage Only,0,0,0,0,0,0,1500,1,1,,POINT (-93.800330153176 40.89008657338)
2014822922,20140031467,10/23/2014,10-October,5-Thursday,07:30,0700 Hours,District 1 (Central),DES MOINES,POLK,,STANTON AVE,Collision with:  Vehicle in traffic,On Roadway,Broadside (front to side),FTYROW:  From driveway,None Indicated,,Dark - roadway lighted,Wet,Cloudy,None apparent,Non-intersection:  Driveway access (within),Paved,,Property Damage Only,0,0,0,0,0,0,2000,2,2,,POINT (-93.648205055546 41.544595297108)
2014823640,2014-74261,10/23/2014,10-October,5-Thursday,21:38,2100 Hours,District 6 (East Central),DAVENPORT,SCOTT,,MIDDLE RD & KIMBERLY RD,Collision with:  Vehicle in traffic,On Roadway,Rear-end (front to rear),Followed too close,None Indicated,,Dark - roadway lighted,Dry,Clear,None apparent,Non-intersection:  Non-junction/no special feature,Paved,,Property Damage Only,0,0,0,0,0,0,4000,2,2,,POINT (-90.522528329054 41.538506134675)
2014823192,14009162,10/23/2014,10-October,5-Thursday,08:54,0800 Hours,District 6 (East Central),,DELAWARE,IA 3,IA 3/IOWA 3,Collision with:  Animal,,,Animal,None Indicated,,,,,,,Paved,,Property Damage Only,0,0,0,0,0,0,8000,1,1,,POINT (-91.282722415256 42.632740829919)
2014823452,SO14002515,10/23/2014,10-October,5-Thursday,13:05,1300 Hours,District 3 (Northwest),,PLYMOUTH,US 75,US 75,Collision with fixed object:  Utility pole/light support,On Roadway,Non-collision (single vehicle),Disregarded RR Signal,None Indicated,,Daylight,Dry,Clear,None apparent,Non-intersection:  Railroad grade crossing,Paved,,Property Damage Only,0,0,0,0,0,0,5000,1,1,,POINT (-96.249829831461 42.714258339015)
2014823224,CL14003773,10/23/2014,10-October,5-Thursday,19:02,1900 Hours,District 6 (East Central),CLINTON,CLINTON,US 67,US 67/N 2ND ST & 8TH AVE N,Collision with:  Vehicle in traffic,On Roadway,Broadside (front to side),Ran Stop Sign,None Indicated,,Dark - roadway lighted,Wet,Rain,None apparent,Intersection:  Four-way intersection,Paved,,Possible/Unknown,0,1,0,0,1,0,7000,2,2,,POINT (-90.18687087454 41.852325775153)
2014823821,14032827,10/23/2014,10-October,5-Thursday,00:14,0000 Hours,District 5 (Southeast),MONTROSE,LEE,US 61,US 61,Collision with:  Animal,,,Animal,None Indicated,,,,,,,Paved,,Property Damage Only,0,0,0,0,0,0,2500,1,1,,POINT (-91.444270135106 40.462477641674)
2014823090,SO1404497,10/23/2014,10-October,5-Thursday,17:46,1700 Hours,District 5 (Southeast),LOCKRIDGE,JEFFERSON,,218TH BLVD,Collision with:  Vehicle in traffic,On Roadway,Broadside (front to side),Improper Backing,None Indicated,,Daylight,Dry,Cloudy,None apparent,Non-intersection:  Driveway access (within),Paved,,Property Damage Only,0,0,0,0,0,0,4500,2,3,,POINT (-91.764182360258 40.995095207064)
2014822901,14-6982,10/23/2014,10-October,5-Thursday,09:51,0900 Hours,District 1 (Central),,POLK,,NW 49TH PL,Collision with:  Vehicle in traffic,On Roadway,Rear-end (front to rear),Followed too close,None Indicated,,Daylight,Wet,Cloudy,None apparent,Intersection:  Four-way intersection,Paved,,Property Damage Only,0,0,0,0,0,0,5000,2,2,,POINT (-93.619923964157 41.651405927605)
2014824335,14-001559,10/23/2014,10-October,5-Thursday,10:43,1000 Hours,District 1 (Central),AMES,STORY,,IOWA STATE UNIVERSITY & HAWTHORNE CT,Collision with:  Vehicle in traffic,On Roadway,Broadside (front to side),Improper Backing,None Indicated,,Daylight,Dry,Cloudy,None apparent,Non-intersection:  Non-junction/no special feature,Paved,,Property Damage Only,0,0,0,0,0,0,1550,2,2,,POINT (-93.642888954109 42.03435918647)
2014822925,20140031475,10/23/2014,10-October,5-Thursday,08:17,0800 Hours,District 1 (Central),DES MOINES,POLK,US 6,US 6/E EUCLID AVE & E 26TH ST,Collision with:  Vehicle in traffic,On Roadway,"Angle, oncoming left turn",FTYROW:  Making left turn,None Indicated,,Daylight,Wet,Rain,None apparent,Intersection:  Four-way intersection,Paved,,Possible/Unknown,0,1,0,0,1,0,7000,2,3,,POINT (-93.567968193957 41.627769339987)
2014823274,W14-105657,10/23/2014,10-October,5-Thursday,17:05,1700 Hours,District 2 (Northeast),WATERLOO,BLACK HAWK,US 63,US 63/LOGAN AVE & W DONALD ST & E DONALD ST,Collision with:  Vehicle in traffic,On Roadway,Rear-end (front to rear),Other (explain in narrative):  Other,Alcohol (Statutory),,Daylight,Dry,Clear,Work Zone (roadway-related),Intersection:  Four-way intersection,Paved,Yes,Property Damage Only,0,0,0,0,0,0,1650,2,2,,POINT (-92.337600435027 42.527570043804)
2014823603,2014060139,10/23/2014,10-October,5-Thursday,22:30,2200 Hours,District 5 (Southeast),,DECATUR,I-35,I-35,Collision with:  Parked motor vehicle,Outside trafficway,"Sideswipe, same direction",Other (explain in narrative):  Other,None Indicated,,Dark - roadway lighted,Dry,"Fog, smoke, smog",None apparent,Non-intersection:  Non-junction/no special feature,Paved,,Property Damage Only,0,0,0,0,0,0,5000,2,2,,POINT (-93.85786301707 40.655822756607)
2014823974,14006650,10/23/2014,10-October,5-Thursday,14:59,1400 Hours,District 2 (Northeast),,CERRO GORDO,,Co Rd B20/300TH ST,Collision with:  Vehicle in traffic,On Roadway,Head-on (front to front),Crossed centerline (undivided),None Indicated,,Daylight,Dry,Clear,None apparent,Non-intersection:  Non-junction/no special feature,Paved,,Major Injury,0,2,1,1,0,0,13000,2,2,,POINT (-93.242926667494 43.194457682784)
2014822926,20140031480,10/23/2014,10-October,5-Thursday,08:35,0800 Hours,District 1 (Central),DES MOINES,POLK,,CROCKER ST & OAKRIDGE DR & KEOSAUQUA WAY,Collision with:  Vehicle in traffic,On Roadway,Broadside (front to side),FTYROW:  From stop sign,None Indicated,,Daylight,Wet,Rain,"Surface condition (e.g., wet, icy)",Intersection:  Other intersection (explain in narrative),Paved,,Property Damage Only,0,0,0,0,0,0,8000,2,4,,POINT (-93.63321566168 41.593471244088)
2014827055,2014-038993,10/23/2014,10-October,5-Thursday,08:42,0800 Hours,District 6 (East Central),DUBUQUE,DUBUQUE,,WOOTEN ST,Collision with:  Vehicle in traffic,On Roadway,"Angle, oncoming left turn",FTYROW:  Making left turn,None Indicated,,Daylight,Dry,Cloudy,None apparent,Intersection:  T-intersection,Paved,,Property Damage Only,0,0,0,0,0,0,1850,2,2,,POINT (-90.678074713961 42.492196294671)
2014823795,14001231,10/23/2014,10-October,5-Thursday,19:55,1900 Hours,District 1 (Central),,STORY,US 30,US 30,Collision with:  Animal,,,Animal,None Indicated,,,,,,,Paved,,Property Damage Only,0,0,0,0,0,0,2000,1,1,,POINT (-93.370956285587 42.007774786393)
2014823113,201415920,10/23/2014,10-October,5-Thursday,23:47,2300 Hours,District 6 (East Central),CEDAR RAPIDS,LINN,,MCCARTHY RD SE & 25TH ST SE,Collision with fixed object:  Traffic sign support,Outside trafficway,Unknown,Driving too fast for conditions,Alcohol (Statutory),,Dark - roadway lighted,Dry,"Fog, smoke, smog",None apparent,Non-intersection:  Non-junction/no special feature,Paved,,Possible/Unknown,0,1,0,0,1,0,62000,3,1,,POINT (-91.632438370207 41.969740648331)
2014823834,20141023EEP1,10/23/2014,10-October,5-Thursday,21:00,2100 Hours,District 5 (Southeast),OSCEOLA,CLARKE,US 34,US 34/W MC LANE ST,Collision with:  Vehicle in traffic,On Roadway,Rear-end (front to rear),"Operating vehicle in an reckless, erratic, careless, negligent manner",None Indicated,,Dark - roadway lighted,Dry,Clear,None apparent,Non-intersection:  Alley,Paved,,Property Damage Only,0,0,0,0,0,0,7100,2,6,,POINT (-93.766485107774 41.030618972655)