Iowa DOT Case Number,Law Enforcement Case Number,Date of Crash,Month of Crash,Day of Week,Time of Crash,Hour,DOT District,City Name,County Name,Route with System,Location Description,First Harmful Event,Location of First Harmful Event,Manner of Crash/Collision,Major Cause,Drug or Alcohol ,Environmental Conditions,Light Conditions,Surface Conditions,Weather Conditions,Roadway Contribution,Roadway Type,Roadway Surface,Work Zone,Crash Severity,Number of Fatalities,Number of Injuries,Number of Major Injuries,Number of Minor Injuries,Number of Possible Injuries,Number of Unknown Injuries,Amount of Property Damage,Number of Vehicles Involved,Total Number of Occupants,Travel Direction,Location
2014828362,14100498,10/23/2014,10-October,5-Thursday,07:42,0700 Hours,District 5 (Southeast),,WAPELLO,US 34,US 34,Collision with:  Animal,,Non-collision (single vehicle),Animal,None Indicated,,,,,,,Paved,,Property Damage Only,0,0,0,0,0,0,5000,1,1,,POINT (-92.482392274198 41.010160634837)
2014829154,14-10155,10/23/2014,10-October,5-Thursday,21:41,2100 Hours,District 5 (Southeast),MOUNT PLEASANT,HENRY,,W HENRY ST,Collision with:  Parked motor vehicle,On Roadway,Unknown,Unknown,None Indicated,,Dark - roadway lighted,Dry,Clear,None apparent,Non-intersection:  Non-junction/no special feature,Paved,,Property Damage Only,0,0,0,0,0,0,1500,2,1,,POINT (-91.556468526497 40.968945158012)
2014845133,2014060053,10/23/2014,10-October,5-Thursday,13:35,1300 Hours,District 1 (Central),DES MOINES,POLK,IA 5,IA 5/IOWA 5,Collision with:  Animal,,,Animal,None Indicated,,,,,,,Paved,,Property Damage Only,0,0,0,0,0,0,10000,1,1,,POINT (-93.6778603133 41.514087614721)
2014823129,14-004603,10/23/2014,10-October,5-Thursday,22:30,2200 Hours,District 1 (Central),ANKENY,POLK,,NE 94TH AVE & NE FRISK DR & E 1ST ST,Non-collision events:  Other non-collision (explain in narrative),Shoulder,Non-collision (single vehicle),Ran off road - left,None Indicated,,Dark - roadway lighted,Dry,"Fog, smoke, smog",None apparent,Intersection:  Four-way intersection,Paved,,Minor Injury,0,1,0,1,0,0,3500,1,1,,POINT (-93.570531226634 41.731824900708)
2014825133,14-004991,10/23/2014,10-October,5-Thursday,07:10,0700 Hours,District 1 (Central),AMES,STORY,US 30,US 30 & S DAYTON AVE,Collision with:  Vehicle in traffic,On Roadway,"Sideswipe, same direction",FTYROW:  Other (explain in narrative),None Indicated,,Dark - roadway not lighted,Wet,Rain,None apparent,Non-intersection:  Non-junction/no special feature,Paved,,Property Damage Only,0,0,0,0,0,0,12000,2,2,,POINT (-93.586408460754 42.006633154982)
2014830922,145702,10/23/2014,10-October,5-Thursday,18:48,1800 Hours,District 1 (Central),IOWA FALLS,HARDIN,,WASHINGTON AVE & RIVER ST,Collision with:  Vehicle in traffic,On Roadway,Broadside (front to side),Unknown,None Indicated,,Dark - roadway lighted,Dry,Cloudy,None apparent,Non-intersection:  Non-junction/no special feature,Paved,,Possible/Unknown,0,1,0,0,1,0,2700,2,2,,POINT (-93.267882565156 42.519616173292)
2014823202,14-20671,10/23/2014,10-October,5-Thursday,20:43,2000 Hours,District 2 (Northeast),,BREMER,IA 3,IA 3/IOWA 3,Collision with:  Animal,,,Animal,None Indicated,,,,,,,Paved,,Property Damage Only,0,0,0,0,0,0,3000,1,1,,POINT (-92.380514834572 42.715046403566)
2014823709,14-015795,10/23/2014,10-October,5-Thursday,14:54,1400 Hours,District 6 (East Central),,CEDAR,US 30,US 30,Non-collision events:  Overturn/rollover,Shoulder,Non-collision (single vehicle),Swerving/Evasive Action,None Indicated,,Daylight,Wet,Rain,None apparent,Non-intersection:  Non-junction/no special feature,Paved,,Possible/Unknown,0,1,0,0,1,0,10000,1,1,,POINT (-91.225037259388 41.895085194202)
2014824890,,10/23/2014,10-October,5-Thursday,13:45,1300 Hours,District 3 (Northwest),ARNOLDS PARK,DICKINSON,,,Non-collision events:  Other non-collision (explain in narrative),On Roadway,Non-collision (single vehicle),Swerving/Evasive Action,None Indicated,,Daylight,Dry,Clear,None apparent,Non-intersection:  Non-junction/no special feature,,,Possible/Unknown,0,1,0,0,1,0,1500,1,1,,POINT (-96.643700149993 40.233091251414)
2014825097,TC5714,10/23/2014,10-October,5-Thursday,12:31,1200 Hours,District 4 (Southwest),MISSOURI VALLEY,HARRISON,US 30,US 30,Collision with:  Vehicle in traffic,On Roadway,Rear-end (front to rear),Lost Control,None Indicated,,Daylight,Dry,Clear,None apparent,Non-intersection:  Non-junction/no special feature,Paved,,Minor Injury,0,3,0,2,1,0,17500,3,3,,POINT (-95.877904123843 41.562776965694)
2014825199,2014-039009,10/23/2014,10-October,5-Thursday,17:14,1700 Hours,District 6 (East Central),DUBUQUE,DUBUQUE,,MIDDLE RD & HEACOCK RD,Collision with fixed object:  Culvert/pipe opening,Shoulder,Non-collision (single vehicle),Lost Control,None Indicated,,Daylight,Dry,Cloudy,None apparent,Non-intersection:  Non-junction/no special feature,Paved,,Property Damage Only,0,0,0,0,0,0,3050,1,3,,POINT (-90.759877047834 42.500480102059)
2014823404,14-35074,10/23/2014,10-October,5-Thursday,07:33,0700 Hours,District 3 (Northwest),SIOUX CITY,WOODBURY,,6TH ST & PIERCE ST,Non-collision events:  Other non-collision (explain in narrative),On Roadway,Non-collision (single vehicle),Other (explain in narrative):  Vision obstructed,None Indicated,,Dawn,Dry,"Fog, smoke, smog",None apparent,Intersection:  Four-way intersection,Paved,,Minor Injury,0,1,0,1,0,0,0,1,20,,POINT (-96.404930892331 42.496326021858)
2014824746,2014-12347,10/23/2014,10-October,5-Thursday,18:56,1800 Hours,District 2 (Northeast),FOREST CITY,WINNEBAGO,,W G ST,Collision with:  Parked motor vehicle,On Roadway,Rear-end (front to rear),Lost Control,Alcohol (Statutory),,Dark - roadway lighted,Dry,Clear,None apparent,Non-intersection:  Non-junction/no special feature,Paved,,Property Damage Only,0,0,0,0,0,0,7500,3,1,,POINT (-93.644122799247 43.261806284725)
2014823203,148072,10/23/2014,10-October,5-Thursday,06:04,0600 Hours,District 4 (Southwest),GRANGER,DALLAS,IA 141,IA 141/IOWA 141 & STATE ST,Collision with:  Vehicle in traffic,On Roadway,"Angle, oncoming left turn",FTYROW:  Making left turn,None Indicated,,Dark - roadway lighted,Wet,Rain,None apparent,Intersection:  Four-way intersection,Paved,,Property Damage Only,0,0,0,0,0,0,3000,2,2,,POINT (-93.829653981144 41.760770695775)
2014823385,20140031833,10/23/2014,10-October,5-Thursday,13:00,1300 Hours,District 1 (Central),DES MOINES,POLK,,E HULL AVE & E 42ND ST,Collision with:  Vehicle in traffic,Shoulder,"Sideswipe, opposite direction",Unknown,None Indicated,,Daylight,Dry,Clear,None apparent,Non-intersection:  Non-junction/no special feature,Paved,,Property Damage Only,0,0,0,0,0,0,1500,2,777,,POINT (-93.532111063242 41.623590429392)
2014824075,14-37871,10/23/2014,10-October,5-Thursday,05:44,0500 Hours,District 5 (Southeast),,DES MOINES,US 34,US 34,Collision with:  Animal,,,Animal,None Indicated,,,,,,,Paved,,Property Damage Only,0,0,0,0,0,0,2000,1,1,,POINT (-91.30906523628 40.834670478199)
2014825834,2014060120,10/23/2014,10-October,5-Thursday,18:45,1800 Hours,District 6 (East Central),CEDAR RAPIDS,LINN,,76TH AVE SW,Collision with:  Animal,,,Animal,None Indicated,,,,,,,Paved,,Property Damage Only,0,0,0,0,0,0,3000,1,1,,POINT (-91.69205689038 41.90543547168)
2014823218,14-1703,10/23/2014,10-October,5-Thursday,09:15,0900 Hours,District 1 (Central),,GREENE,,Co Rd E53/235TH & PARKLAND AVE,Collision with:  Animal,On Roadway,Non-collision (single vehicle),Animal,None Indicated,,Daylight,Wet,Cloudy,None apparent,Non-intersection:  Non-junction/no special feature,Paved,,Property Damage Only,0,0,0,0,0,0,1500,1,4,,POINT (-94.333897262217 42.0151778894)
2014824418,2014-74376,10/24/2014,10-October,6-Friday,10:49,1000 Hours,District 6 (East Central),DAVENPORT,SCOTT,,W LOCUST ST & ZENITH AVE,Non-collision events:  Other non-collision (explain in narrative),On Roadway,Non-collision (single vehicle),Other (explain in narrative):  No improper action,None Indicated,,Daylight,Dry,Cloudy,None apparent,Non-intersection:  Non-junction/no special feature,Paved,,Possible/Unknown,0,1,0,0,1,0,500,1,1,,POINT (-90.632284186725 41.538144758625)
2014832342,2014-039018,10/24/2014,10-October,6-Friday,03:17,0300 Hours,District 6 (East Central),DUBUQUE,DUBUQUE,,E 25TH ST,Collision with:  Vehicle in traffic,On Roadway,Rear-end (front to rear),Driving too fast for conditions,Under Influence of Alcohol/Drugs/Medications,,Dark - roadway lighted,Dry,Cloudy,None apparent,Non-intersection:  Non-junction/no special feature,Paved,,Possible/Unknown,0,4,0,0,3,1,14600,2,5,,POINT (-90.66971264382 42.519123169342)
2014823699,14-7403,10/24/2014,10-October,6-Friday,15:58,1500 Hours,District 2 (Northeast),,KOSSUTH,,Co Rd B40/210 ST & Co Rd P24/60 AVE,Non-collision events:  Overturn/rollover,On Roadway,Non-collision (single vehicle),Driving too fast for conditions,None Indicated,,Daylight,Dry,Clear,None apparent,Intersection:  Four-way intersection,Paved,,Minor Injury,0,4,0,4,0,0,1100,1,4,,POINT (-94.344379353149 43.067395664496)
2014823388,14-2367,10/24/2014,10-October,6-Friday,07:47,0700 Hours,District 1 (Central),URBANDALE,POLK,,82ND ST,Collision with:  Vehicle in traffic,On Roadway,"Sideswipe, opposite direction","Operating vehicle in an reckless, erratic, careless, negligent manner",None Indicated,,Daylight,Wet,"Fog, smoke, smog",None apparent,Non-intersection:  Non-junction/no special feature,Paved,,Possible/Unknown,0,1,0,0,1,0,2000,2,3,,POINT (-93.731079981934 41.632098872914)
2014824399,2014060174,10/24/2014,10-October,6-Friday,08:10,0800 Hours,District 5 (Southeast),,WAPELLO,US 63,US 63/SE RAMP B & IA 137/IOWA 137,Collision with fixed object:  Guardrail - face,Shoulder,Non-collision (single vehicle),Driving too fast for conditions,None Indicated,,Daylight,Wet,"Fog, smoke, smog",None apparent,Non-intersection:  Other non-intersection (explain in narrative),Paved,,Major Injury,0,1,1,0,0,0,9500,1,1,,POINT (-92.624035196454 41.150947531753)
2014824480,,10/24/2014,10-October,6-Friday,06:40,0600 Hours,District 6 (East Central),IOWA CITY,JOHNSON,US 218,US 218,Collision with:  Animal,On Roadway,Non-collision (single vehicle),Animal,None Indicated,,Dawn,Dry,"Fog, smoke, smog",,Non-intersection:  Non-junction/no special feature,Paved,,Property Damage Only,0,0,0,0,0,0,8800,1,2,,POINT (-91.56330952527 41.628678528189)
2014823416,14-35204,10/24/2014,10-October,6-Friday,07:54,0700 Hours,District 3 (Northwest),SIOUX CITY,WOODBURY,,OUTER DR N & GLEN OAKS BLVD,Collision with:  Vehicle in traffic,On Roadway,"Angle, oncoming left turn",FTYROW:  From stop sign,None Indicated,,Daylight,Dry,Clear,None apparent,Intersection:  T-intersection,Paved,,Property Damage Only,0,0,0,0,0,0,7000,2,2,,POINT (-96.389789092988 42.540996338349)
2014823208,14-5334,10/24/2014,10-October,6-Friday,08:05,0800 Hours,District 1 (Central),WEST DES MOINES,POLK,,FULLER RD,Collision with:  Vehicle in traffic,On Roadway,Rear-end (front to rear),Other (explain in narrative):  Other,None Indicated,,Daylight,Wet,"Fog, smoke, smog",None apparent,Non-intersection:  Driveway access (within),Paved,,Property Damage Only,0,0,0,0,0,0,3000,2,4,,POINT (-93.757840581504 41.559264404326)
2014824072,16253-14,10/24/2014,10-October,6-Friday,17:32,1700 Hours,District 3 (Northwest),SPENCER,CLAY,,E 5TH ST & 2ND AVE E,Collision with:  Vehicle in traffic,On Roadway,Broadside (front to side),FTYROW:  Other (explain in narrative),None Indicated,,Daylight,Dry,Clear,None apparent,Intersection:  Four-way intersection,Paved,,Property Damage Only,0,0,0,0,0,0,3500,2,4,,POINT (-95.141981409086 43.142523387619)
2014823450,2014011935,10/24/2014,10-October,6-Friday,16:30,1600 Hours,District 6 (East Central),IOWA CITY,JOHNSON,IA 1,IA 1/IOWA 1 & MORMON TREK BLVD,Collision with:  Vehicle in traffic,On Roadway,Rear-end (front to rear),Other (explain in narrative):  Other,None Indicated,,Daylight,Dry,Cloudy,None apparent,Intersection:  Four-way intersection,Paved,,Property Damage Only,0,0,0,0,0,0,1500,2,2,,POINT (-91.564644881024 41.636125913439)
2014823497,14-045307,10/24/2014,10-October,6-Friday,15:35,1500 Hours,District 4 (Southwest),COUNCIL BLUFFS,POTTAWATTAMIE,,SCARLET OAKS RD & FRANKLIN AVE,Non-collision events:  Other non-collision (explain in narrative),On Roadway,Non-collision (single vehicle),Lost Control,None Indicated,,Daylight,Dry,Clear,None apparent,Non-intersection:  Non-junction/no special feature,Paved,,Minor Injury,0,1,0,1,0,0,2500,1,1,,POINT (-95.830805043932 41.260212931925)
2014823579,32079-14,10/24/2014,10-October,6-Friday,07:05,0700 Hours,District 3 (Northwest),,EMMET,IA 15,IA 15/IOWA 15 & Co Rd A38/205 ST,Collision with:  Animal,On Roadway,Non-collision (single vehicle),Animal,None Indicated,,Dark - roadway not lighted,Dry,Clear,None apparent,Non-intersection:  Non-junction/no special feature,Paved,,Property Damage Only,0,0,0,0,0,0,13000,1,1,,POINT (-94.482421239552 43.349199300508)
2014823897,,10/24/2014,10-October,6-Friday,16:05,1600 Hours,District 6 (East Central),CEDAR RAPIDS,LINN,,6TH ST SW,Collision with:  Vehicle in traffic,On Roadway,Broadside (front to side),Unknown,None Indicated,,Daylight,Dry,Clear,,Non-intersection:  Non-junction/no special feature,Paved,,Minor Injury,0,1,0,1,0,0,7500,2,2,,POINT (-91.677106545022 41.96147382471)
2014823456,C14003396,10/24/2014,10-October,6-Friday,20:33,2000 Hours,District 6 (East Central),CORALVILLE,JOHNSON,US 6,US 6/2ND ST & CAMP CARDINAL BLVD & 22ND AVE,Collision with:  Vehicle in traffic,On Roadway,"Angle, oncoming left turn",Ran Traffic Signal,None Indicated,,Dark - roadway lighted,Wet,Rain,None apparent,Intersection:  Four-way intersection,Paved,,Property Damage Only,0,0,0,0,0,0,35000,3,5,,POINT (-91.595795483899 41.681698268838)
2014824724,2014060165,10/24/2014,10-October,6-Friday,07:50,0700 Hours,District 4 (Southwest),,FREMONT,US 275,US 275,Collision with:  Animal,,,Animal,None Indicated,,,,,,,Paved,,Property Damage Only,0,0,0,0,0,0,4500,1,1,,POINT (-95.625372861912 40.745683376396)
2014823498,14-045327,10/24/2014,10-October,6-Friday,17:00,1700 Hours,District 4 (Southwest),COUNCIL BLUFFS,POTTAWATTAMIE,,32ND AVE & MANAWA CENTRE DR,Collision with:  Vehicle in traffic,On Roadway,Rear-end (front to rear),Other (explain in narrative):  Other,None Indicated,,Daylight,Dry,Clear,None apparent,Non-intersection:  Non-junction/no special feature,Paved,,Minor Injury,0,1,0,1,0,0,3100,2,6,,POINT (-95.847566817605 41.22817784214)
2014823756,20140003853,10/24/2014,10-October,6-Friday,13:37,1300 Hours,District 6 (East Central),,LINN,,Co Rd E48/MT VERNON RD & SQUAW CREEK RD,Collision with:  Vehicle in traffic,On Roadway,Broadside (front to side),FTYROW:  From stop sign,None Indicated,,Daylight,Dry,Cloudy,None apparent,Intersection:  Four-way intersection,Paved,,Property Damage Only,0,0,0,0,0,0,4500,2,3,,POINT (-91.559977601837 41.976203698152)
2014832285,14-044663,10/24/2014,10-October,6-Friday,07:27,0700 Hours,District 5 (Southeast),,MUSCATINE,US 6,US 6 & Co Rd X30/BANCROFT AVE,Collision with:  Animal,,,Animal,None Indicated,,,,,,,Paved,,Property Damage Only,0,0,0,0,0,0,2000,1,1,,POINT (-91.347521869049 41.587454375191)
2014823432,146280,10/24/2014,10-October,6-Friday,18:22,1800 Hours,District 1 (Central),,HARDIN,,Co Rd D20/ST HWY 941,Collision with:  Animal,,,Animal,None Indicated,,,,,,,Paved,,Property Damage Only,0,0,0,0,0,0,4000,1,1,,POINT (-93.317469404897 42.517427197999)
2014824884,,10/24/2014,10-October,6-Friday,22:24,2200 Hours,District 3 (Northwest),,POCAHONTAS,,Co Rd D11/BUSBEE RD,Collision with fixed object:  Ditch,Roadside,Non-collision (single vehicle),Ran off road - left,Alcohol (Statutory),,Dark - roadway not lighted,Dry,Cloudy,None apparent,Non-intersection:  Other non-intersection (explain in narrative),Paved,,Possible/Unknown,0,1,0,0,1,0,7000,1,1,,POINT (-94.845223136459 42.561274805337)
2014823564,14-003682,10/24/2014,10-October,6-Friday,18:26,1800 Hours,District 5 (Southeast),,KEOKUK,IA 149,IA 149/IOWA 149 & Co Rd G48/270TH ST,Collision with fixed object:  Utility pole/light support,On Roadway,Non-collision (single vehicle),Swerving/Evasive Action,None Indicated,,Dark - roadway lighted,Dry,Clear,None apparent,Intersection:  Four-way intersection,Paved,,Property Damage Only,0,0,0,0,0,0,8000,1,1,,POINT (-92.204648743284 41.264916757014)
2014823460,14009191,10/24/2014,10-October,6-Friday,09:32,0900 Hours,District 6 (East Central),,DELAWARE,,300TH ST,Collision with fixed object:  Bridge overhead structure,On Roadway,Non-collision (single vehicle),Other (explain in narrative):  Disregarded Warning Sign,None Indicated,,Daylight,"Mud, dirt","Fog, smoke, smog",None apparent,Non-intersection:  Other non-intersection (explain in narrative),Unpaved,,Property Damage Only,0,0,0,0,0,0,15250,1,1,,POINT (-91.472288925461 42.354568506839)
2014824070,14-016251,10/24/2014,10-October,6-Friday,17:24,1700 Hours,District 3 (Northwest),SPENCER,CLAY,US 18,US 18/N GRAND AVE,Collision with:  Vehicle in traffic,On Roadway,Rear-end (front to rear),Other (explain in narrative):  Other,None Indicated,,Daylight,Dry,Clear,None apparent,Non-intersection:  Non-junction/no special feature,Paved,,Property Damage Only,0,0,0,0,0,0,2500,2,2,,POINT (-95.144865676636 43.144126150057)
2014823676,14-5348,10/24/2014,10-October,6-Friday,21:51,2100 Hours,District 1 (Central),WEST DES MOINES,POLK,I-35,I-35 & MILLS CIVIC PKWY,Collision with:  Vehicle in traffic,On Roadway,Rear-end (front to rear),Followed too close,None Indicated,,Dark - roadway lighted,Dry,Clear,None apparent,Intersection:  Four-way intersection,Paved,,Property Damage Only,0,0,0,0,0,0,4700,2,2,,POINT (-93.776643062252 41.559156955994)
2014828738,14-7034,10/24/2014,10-October,6-Friday,22:14,2200 Hours,District 1 (Central),,POLK,IA 163,IA 163/NE UNIVERSITY AVE & NE 108TH ST,Collision with:  Vehicle in traffic,On Roadway,Broadside (front to side),FTYROW:  From stop sign,None Indicated,,Dark - roadway not lighted,Wet,"Fog, smoke, smog",None apparent,Intersection:  Four-way intersection,Paved,,Major Injury,0,2,1,0,1,0,95000,2,3,,POINT (-93.377471874252 41.600747323704)
2014823370,20140031652,10/24/2014,10-October,6-Friday,16:10,1600 Hours,District 1 (Central),DES MOINES,POLK,US 69,US 69/SE 14TH ST & E PARK AVE,Collision with:  Vehicle in traffic,On Roadway,Broadside (front to side),Ran Traffic Signal,None Indicated,,Daylight,Dry,Clear,None apparent,Intersection:  Four-way intersection,Paved,,Possible/Unknown,0,2,0,0,2,0,7000,2,6,,POINT (-93.59685679356 41.555339782516)
2014823675,C14003387,10/24/2014,10-October,6-Friday,10:25,1000 Hours,District 6 (East Central),CORALVILLE,JOHNSON,US 6,US 6/2ND ST,Collision with fixed object:  Curb/island/raised median,Roadside,Non-collision (single vehicle),Crossed centerline (undivided),Under Influence of Alcohol/Drugs/Medications,,Daylight,Dry,"Fog, smoke, smog",None apparent,Non-intersection:  Non-junction/no special feature,Paved,,Possible/Unknown,0,1,0,0,1,0,8000,1,1,,POINT (-91.589451022004 41.678432139478)
2014823338,14-1276,10/24/2014,10-October,6-Friday,07:30,0700 Hours,District 4 (Southwest),CLIVE,DALLAS,US 6,US 6/HICKMAN AVE & NW 156TH ST,Collision with:  Vehicle in traffic,On Roadway,Rear-end (front to rear),FTYROW:  Making left turn,None Indicated,,Daylight,Wet,"Fog, smoke, smog",None apparent,Intersection:  Four-way intersection,Paved,,Property Damage Only,0,0,0,0,0,0,10500,3,5,,POINT (-93.833637923348 41.61480968039)
2014824047,2014-74437,10/24/2014,10-October,6-Friday,16:20,1600 Hours,District 6 (East Central),DAVENPORT,SCOTT,,IA 461/BRADY ST & VETERANS MEMORIAL PKWY & W 65TH ST,Collision with:  Vehicle in traffic,On Roadway,Rear-end (front to rear),Lost Control,None Indicated,,Daylight,Dry,Cloudy,None apparent,Non-intersection:  Non-junction/no special feature,Paved,,Minor Injury,0,1,0,1,0,0,3500,2,3,,POINT (-90.571325145913 41.585633288289)
2014823348,20140031663,10/24/2014,10-October,6-Friday,17:51,1700 Hours,District 1 (Central),DES MOINES,POLK,,SW 9TH ST & CO LINE RD,Collision with:  Vehicle in traffic,On Roadway,Rear-end (front to rear),Followed too close,None Indicated,,Daylight,Dry,Clear,None apparent,Non-intersection:  Non-junction/no special feature,Paved,,Property Damage Only,0,0,0,0,0,0,4500,2,2,,POINT (-93.625686624343 41.512032377347)
2014823629,2014-039049,10/24/2014,10-October,6-Friday,23:41,2300 Hours,District 6 (East Central),DUBUQUE,DUBUQUE,IA 32,IA 32/IA32 NW ARTERIAL,Collision with fixed object:  Guardrail - face,On Roadway,Non-collision (single vehicle),Lost Control,None Indicated,,Dark - roadway lighted,Dry,Cloudy,Non-highway work,Non-intersection:  Non-junction/no special feature,Paved,,Major Injury,0,1,1,0,0,0,12000,1,1,,POINT (-90.740908218679 42.51760477349)
2014823628,2014-039047,10/24/2014,10-October,6-Friday,23:45,2300 Hours,District 6 (East Central),DUBUQUE,DUBUQUE,,KAUFMANN AVE,Collision with:  Animal,On Roadway,Non-collision (single vehicle),Animal,None Indicated,,Dark - roadway lighted,Dry,Cloudy,None apparent,Non-intersection:  Non-junction/no special feature,Paved,,Property Damage Only,0,0,0,0,0,0,2000,1,1,,POINT (-90.679105150223 42.514333996885)
2014823835,20141024EEP1,10/24/2014,10-October,6-Friday,16:25,1600 Hours,District 5 (Southeast),OSCEOLA,CLARKE,US 34,US 34/W MC LANE ST & S FILLMORE ST,Collision with:  Vehicle in traffic,On Roadway,Broadside (front to side),FTYROW:  Making left turn,None Indicated,,Daylight,Dry,Cloudy,None apparent,Intersection:  Four-way intersection,Paved,,Property Damage Only,0,0,0,0,0,0,4500,2,4,,POINT (-93.767555747823 41.030620855393)
2014823091,14161416,10/24/2014,10-October,6-Friday,07:49,0700 Hours,District 6 (East Central),,JOHNSON,IA 1,IA 1/IOWA 1 & 140TH ST,Collision with:  Vehicle in traffic,On Roadway,Broadside (front to side),Ran Stop Sign,None Indicated,,Daylight,Wet,"Fog, smoke, smog",None apparent,Intersection:  Four-way intersection,Paved,,Property Damage Only,0,0,0,0,0,0,5400,2,2,,POINT (-91.498308880429 41.831318763563)
2014823625,2014-039029,10/24/2014,10-October,6-Friday,12:31,1200 Hours,District 6 (East Central),DUBUQUE,DUBUQUE,,UNIVERSITY AVE & MCCORMICK ST,Collision with:  Vehicle in traffic,On Roadway,"Angle, oncoming left turn",Ran Stop Sign,None Indicated,,Daylight,Dry,Cloudy,None apparent,Intersection:  T-intersection,Paved,,Property Damage Only,0,0,0,0,0,0,4000,2,3,,POINT (-90.693190362694 42.499066511452)
2014832016,1410240142,10/24/2014,10-October,6-Friday,01:42,0100 Hours,District 6 (East Central),ANAMOSA,JONES,US 151,US 151,Collision with:  Vehicle in traffic,On Roadway,Rear-end (front to rear),Swerving/Evasive Action,None Indicated,,Dark - roadway not lighted,Wet,"Fog, smoke, smog",None apparent,Non-intersection:  Non-junction/no special feature,Paved,,Property Damage Only,0,0,0,0,0,0,10000,2,3,,POINT (-91.284209999382 42.075389482327)
2014823860,102414-15,10/24/2014,10-October,6-Friday,01:45,0100 Hours,District 3 (Northwest),SIOUX RAPIDS,BUENA VISTA,,PARK ST,Collision with fixed object:  Utility pole/light support,On Roadway,Non-collision (single vehicle),Exceeded authorized speed,None Indicated,,Dark - roadway lighted,Wet,Clear,None apparent,Non-intersection:  Non-junction/no special feature,Unpaved,,Possible/Unknown,0,2,0,0,2,0,15000,1,2,,POINT (-95.148595053042 42.896213220615)
2014826015,14-003681,10/24/2014,10-October,6-Friday,16:13,1600 Hours,District 5 (Southeast),,KEOKUK,,280TH AVE,Collision with fixed object:  Ditch,On Roadway,Non-collision (single vehicle),Driving too fast for conditions,None Indicated,,Daylight,"Mud, dirt",Clear,Ruts/holes/bumps,Non-intersection:  Non-junction/no special feature,Unpaved,,Minor Injury,0,1,0,1,0,0,3000,1,1,,POINT (-92.065048449824 41.50339468475)
2014823311,1410241-A,10/24/2014,10-October,6-Friday,16:05,1600 Hours,District 4 (Southwest),RED OAK,MONTGOMERY,IA 48,IA 48/BROADWAY ST,Collision with:  Vehicle in traffic,On Roadway,Rear-end (front to rear),Followed too close,None Indicated,,Daylight,Dry,Clear,None apparent,Non-intersection:  Non-junction/no special feature,Paved,,Property Damage Only,0,0,0,0,0,0,2000,2,3,,POINT (-95.232724502707 41.015230416985)
2014823573,14106008,10/24/2014,10-October,6-Friday,16:33,1600 Hours,District 2 (Northeast),CEDAR FALLS,BLACK HAWK,IA 57,IA 57/1ST ST & ELLEN ST & N ELLEN ST,Collision with:  Vehicle in traffic,On Roadway,"Angle, oncoming left turn",FTYROW:  Making left turn,None Indicated,,Daylight,Wet,Rain,None apparent,Intersection:  Four-way intersection,Paved,,Possible/Unknown,0,1,0,0,1,0,6000,2,2,,POINT (-92.4632274397 42.537809510203)
2014823774,14-28225,10/24/2014,10-October,6-Friday,10:05,1000 Hours,District 1 (Central),NEWTON,JASPER,US 6,US 6/1ST AVE W & W 2ND ST S & W 2ND ST N,Collision with:  Vehicle in traffic,On Roadway,Broadside (front to side),Ran Traffic Signal,None Indicated,,Daylight,Wet,"Fog, smoke, smog",None apparent,Intersection:  Four-way intersection,Paved,,Property Damage Only,0,0,0,0,0,0,2000,2,3,,POINT (-93.054863779937 41.699532570212)
2014823087,14-016227,10/24/2014,10-October,6-Friday,08:56,0800 Hours,District 3 (Northwest),SPENCER,CLAY,,W 4TH ST,Collision with:  Vehicle in traffic,On Roadway,"Sideswipe, same direction",Other (explain in narrative):  Other,None Indicated,,Daylight,Dry,Clear,None apparent,Non-intersection:  Non-junction/no special feature,Paved,,Property Damage Only,0,0,0,0,0,0,5000,2,1,,POINT (-95.151267960458 43.141196515974)
2014823975,14006665,10/24/2014,10-October,6-Friday,06:53,0600 Hours,District 2 (Northeast),,CERRO GORDO,US 65,US 65,Collision with:  Animal,,,Animal,None Indicated,,,,,,,Paved,,Property Damage Only,0,0,0,0,0,0,4000,1,1,,POINT (-93.210382177988 43.193495610748)
2014823826,2014060142,10/24/2014,10-October,6-Friday,23:50,2300 Hours,District 5 (Southeast),,CLARKE,I-35,I-35,Collision with fixed object:  Ditch,Roadside,Non-collision (single vehicle),Ran off road - right,None Indicated,,Dark - roadway not lighted,Dry,"Fog, smoke, smog",Work Zone (roadway-related),Non-intersection:  Non-junction/no special feature,Paved,Yes,Property Damage Only,0,0,0,0,0,0,20000,1,1,,POINT (-93.779798767511 41.090261896063)
2014825286,148423PD,10/24/2014,10-October,6-Friday,07:49,0700 Hours,District 1 (Central),BOONE,BOONE,,Co Rd E26/22ND ST & Co Rd R27/P AVE & LINN ST,Collision with:  Vehicle in traffic,On Roadway,Broadside (front to side),Ran Stop Sign,None Indicated,,Daylight,Dry,"Fog, smoke, smog",None apparent,Intersection:  Four-way intersection,Paved,,Property Damage Only,0,0,0,0,0,0,4600,2,2,,POINT (-93.873744412703 42.078253559491)
2014828550,2014-006587,10/24/2014,10-October,6-Friday,01:15,0100 Hours,District 6 (East Central),,BENTON,,Co Rd E66/77 ST DR & Co Rd V40/13 AVE,Collision with fixed object:  Ditch,On Roadway,Non-collision (single vehicle),Driving too fast for conditions,None Indicated,,Dark - roadway not lighted,Dry,"Fog, smoke, smog",None apparent,Intersection:  T-intersection,Paved,,Possible/Unknown,0,1,0,0,1,0,10000,1,1,,POINT (-92.239506278944 41.898981996147)