Iowa DOT Case Number,Law Enforcement Case Number,Date of Crash,Month of Crash,Day of Week,Time of Crash,Hour,DOT District,City Name,County Name,Route with System,Location Description,First Harmful Event,Location of First Harmful Event,Manner of Crash/Collision,Major Cause,Drug or Alcohol ,Environmental Conditions,Light Conditions,Surface Conditions,Weather Conditions,Roadway Contribution,Roadway Type,Roadway Surface,Work Zone,Crash Severity,Number of Fatalities,Number of Injuries,Number of Major Injuries,Number of Minor Injuries,Number of Possible Injuries,Number of Unknown Injuries,Amount of Property Damage,Number of Vehicles Involved,Total Number of Occupants,Travel Direction,Location
2014827453,2014011943,10/24/2014,10-October,6-Friday,20:30,2000 Hours,District 6 (East Central),IOWA CITY,JOHNSON,I-80,I-80,Collision with:  Vehicle in traffic,On Roadway,Rear-end (front to rear),Followed too close,None Indicated,,Dark - roadway not lighted,Wet,Cloudy,None apparent,Non-intersection:  Non-junction/no special feature,Paved,,Major Injury,0,1,1,0,0,0,15000,2,3,,POINT (-91.513012071742 41.68704264528)
2014824046,2014-74321,10/24/2014,10-October,6-Friday,02:25,0200 Hours,District 6 (East Central),DAVENPORT,SCOTT,IA 130,IA 130/NEW LIBERTY RD & W 83RD ST & HILLANDALE RD,Collision with:  Vehicle in traffic,On Roadway,Rear-end (front to rear),Lost Control,None Indicated,,Dark - roadway lighted,Dry,Clear,None apparent,Intersection:  Four-way intersection,Paved,,Property Damage Only,0,0,0,0,0,0,10000,2,2,,POINT (-90.624958534145 41.60428976008)
2014823624,2014-039026,10/24/2014,10-October,6-Friday,11:03,1100 Hours,District 6 (East Central),DUBUQUE,DUBUQUE,,RHOMBERG AVE,Collision with fixed object:  Tree,On Roadway,Non-collision (single vehicle),Ran off road - right,None Indicated,,Daylight,Dry,Cloudy,None apparent,Non-intersection:  Non-junction/no special feature,Paved,,Property Damage Only,0,0,0,0,0,0,8100,1,1,,POINT (-90.652401169623 42.528576299098)
2014825098,TC5814,10/24/2014,10-October,6-Friday,07:15,0700 Hours,District 4 (Southwest),MISSOURI VALLEY,HARRISON,US 30,US 30 & JOLIET AVE,Collision with:  Vehicle in traffic,On Roadway,Broadside (front to side),FTYROW:  From stop sign,None Indicated,,Daylight,Dry,"Fog, smoke, smog",None apparent,Intersection:  Four-way intersection,Paved,,Minor Injury,0,1,0,1,0,0,30000,2,2,,POINT (-95.923507975413 41.550052926447)
2014823351,20140031664,10/24/2014,10-October,6-Friday,17:09,1700 Hours,District 1 (Central),DES MOINES,POLK,,PARK AVE,Collision with:  Vehicle in traffic,On Roadway,Rear-end (front to rear),Followed too close,None Indicated,,Daylight,Dry,Clear,None apparent,Non-intersection:  Non-junction/no special feature,Paved,,Property Damage Only,0,0,0,0,0,0,7500,2,2,,POINT (-93.666853146574 41.555522609389)
2014823578,14-5344,10/24/2014,10-October,6-Friday,16:14,1600 Hours,District 1 (Central),WEST DES MOINES,POLK,,WESTOWN PKWY,Collision with:  Vehicle in traffic,On Roadway,"Angle, oncoming left turn",FTYROW:  Making left turn,None Indicated,,Daylight,Dry,Cloudy,None apparent,Intersection:  Four-way intersection,Paved,,Possible/Unknown,0,1,0,0,1,0,2500,2,2,,POINT (-93.753441466767 41.594529633458)
2014827956,2014060274,10/24/2014,10-October,6-Friday,16:27,1600 Hours,District 4 (Southwest),,DALLAS,US 169,US 169/N AVE/141ST ST/NW RAMP,Collision with:  Vehicle in traffic,On Roadway,Rear-end (front to rear),Other (explain in narrative):  Other,None Indicated,,Daylight,Dry,Cloudy,None apparent,Interchange-related:  Off-ramp,Paved,,Property Damage Only,0,0,0,0,0,0,1500,2,5,,POINT (-94.028338656868 41.837055086896)
2014823419,14-35251,10/24/2014,10-October,6-Friday,15:49,1500 Hours,District 3 (Northwest),SIOUX CITY,WOODBURY,IA 376,IA 376/SINGING HILLS BLVD,Collision with:  Vehicle in traffic,On Roadway,"Sideswipe, same direction",Made improper turn,None Indicated,,Daylight,Dry,Clear,None apparent,Interchange-related:  On-ramp,Paved,,Property Damage Only,0,0,0,0,0,0,6000,2,2,,POINT (-96.374304714981 42.434579299249)
2014823277,102414-40,10/24/2014,10-October,6-Friday,07:40,0700 Hours,District 3 (Northwest),,BUENA VISTA,IA 7,IA 7/630TH ST,Collision with:  Animal,,,Animal,None Indicated,,,,,,,Paved,,Property Damage Only,0,0,0,0,0,0,1500,1,1,,POINT (-95.120791391208 42.604555962694)
2014823561,14009465,10/24/2014,10-October,6-Friday,04:29,0400 Hours,District 6 (East Central),,BUCHANAN,US 20,US 20,Collision with:  Animal,,,Animal,None Indicated,,,,,,,Paved,,Property Damage Only,0,0,0,0,0,0,2000,1,1,,POINT (-91.853646474754 42.45201085646)
2014823526,14-016785,10/24/2014,10-October,6-Friday,17:02,1700 Hours,District 2 (Northeast),CHARLES CITY,FLOYD,,KELLY ST & N JOHNSON ST,Collision with:  Vehicle in traffic,On Roadway,Broadside (front to side),FTYROW:  At uncontrolled intersection,None Indicated,,Daylight,Dry,Clear,None apparent,Intersection:  Four-way intersection,Paved,,Possible/Unknown,0,2,0,0,2,0,6000,2,4,,POINT (-92.680189382711 43.069136881645)
2014824222,4514-044,10/24/2014,10-October,6-Friday,19:39,1900 Hours,District 2 (Northeast),,HOWARD,IA 9,IA 9/IOWA 9,Collision with:  Animal,,,Animal,None Indicated,,,,,,,Paved,,Property Damage Only,0,0,0,0,0,0,3000,1,1,,POINT (-92.439950442549 43.371204028306)
2014826039,2014060151,10/24/2014,10-October,6-Friday,07:00,0700 Hours,District 1 (Central),,POLK,I-35,I-35,Non-collision events:  Other non-collision (explain in narrative),Roadside,Non-collision (single vehicle),Driving too fast for conditions,None Indicated,,Dawn,Wet,Cloudy,None apparent,Non-intersection:  Non-junction/no special feature,Paved,,Property Damage Only,0,0,0,0,0,0,2500,1,1,,POINT (-93.591848480788 41.650346959615)
2014832295,14044737,10/24/2014,10-October,6-Friday,18:15,1800 Hours,District 5 (Southeast),,MUSCATINE,IA 70,IA 70/IOWA 70 & Co Rd F70/155TH ST,Collision with:  Vehicle in traffic,On Roadway,Rear-end (front to rear),Driving too fast for conditions,None Indicated,,Dark - roadway not lighted,Wet,"Fog, smoke, smog",None apparent,Intersection:  Four-way intersection,Paved,,Property Damage Only,0,0,0,0,0,0,6000,3,7,,POINT (-91.251839835368 41.524531146046)
2014824007,14-046047,10/24/2014,10-October,6-Friday,09:15,0900 Hours,District 4 (Southwest),COUNCIL BLUFFS,POTTAWATTAMIE,,S 1ST ST,Collision with:  Other non-fixed object (explain in narrative),On Roadway,Non-collision (single vehicle),Other (explain in narrative):  No improper action,None Indicated,,Daylight,Unknown,Clear,None apparent,Non-intersection:  Non-junction/no special feature,Paved,,Property Damage Only,0,0,0,0,0,0,1500,1,1,,POINT (-95.842699744407 41.262297308815)
2014823226,148114,10/24/2014,10-October,6-Friday,05:45,0500 Hours,District 4 (Southwest),,DALLAS,,Co Rd R16/VETERANS MEMORIAL DR,Collision with:  Animal,,,Animal,None Indicated,,,,,,,Paved,,Property Damage Only,0,0,0,0,0,0,5000,1,1,,POINT (-93.951738120594 41.543474427124)
2014825068,20141061,10/24/2014,10-October,6-Friday,04:15,0400 Hours,District 6 (East Central),MOUNT VERNON,LINN,US 30,US 30 & IA 1/S 1ST AVE,Collision with fixed object:  Curb/island/raised median,On Roadway,Non-collision (single vehicle),Driving too fast for conditions,Alcohol (Statutory),,Dark - roadway lighted,Wet,"Fog, smoke, smog",None apparent,Intersection:  Other intersection (explain in narrative),Paved,,Possible/Unknown,0,1,0,0,1,0,4500,1,3,,POINT (-91.42304367251 41.916096701977)
2014823643,2014-74370,10/24/2014,10-October,6-Friday,09:39,0900 Hours,District 6 (East Central),DAVENPORT,SCOTT,,W 70TH ST,Collision with:  Parked motor vehicle,On Roadway,Broadside (front to side),FTYROW:  From driveway,None Indicated,,Daylight,Dry,Clear,None apparent,Non-intersection:  Driveway access (within),Paved,,Property Damage Only,0,0,0,0,0,0,1600,2,1,,POINT (-90.615023157243 41.591583131655)
2014824069,14015821,10/24/2014,10-October,6-Friday,03:40,0300 Hours,District 6 (East Central),,CEDAR,,Co Rd F28/210TH,Collision with:  Vehicle in traffic,On Roadway,Rear-end (front to rear),Other (explain in narrative):  Vision obstructed,None Indicated,,Dark - roadway not lighted,Wet,"Fog, smoke, smog",None apparent,Non-intersection:  Non-junction/no special feature,Paved,,Major Injury,0,2,1,0,1,0,6000,2,2,,POINT (-91.249023788553 41.786934862752)
2014823077,W14-105858,10/24/2014,10-October,6-Friday,06:49,0600 Hours,District 2 (Northeast),WATERLOO,BLACK HAWK,US 63,US 63/LOGAN AVE & W ARLINGTON ST & E ARLINGTON ST,Non-collision events:  Other non-collision (explain in narrative),On Roadway,Non-collision (single vehicle),Ran off road - left,None Indicated,,Dark - roadway lighted,Wet,Rain,Work Zone (roadway-related),Intersection:  Four-way intersection,Paved,Yes,Property Damage Only,0,0,0,0,0,0,3000,1,3,,POINT (-92.337770788147 42.518358105354)
2014826666,,10/24/2014,10-October,6-Friday,20:19,2000 Hours,District 5 (Southeast),FORT MADISON,LEE,,AVE G,Collision with:  Parked motor vehicle,On Roadway,"Sideswipe, opposite direction",Lost Control,Under Influence of Alcohol/Drugs/Medications,,Dark - roadway lighted,Dry,Cloudy,None apparent,Non-intersection:  Non-junction/no special feature,Paved,,Property Damage Only,0,0,0,0,0,0,2200,3,1,,POINT (-91.332112402564 40.631162156794)
2014825141,14-005019,10/24/2014,10-October,6-Friday,16:53,1600 Hours,District 1 (Central),AMES,STORY,US 69,US 69/S DUFF AVE & CHESTNUT ST,Collision with:  Vehicle in traffic,On Roadway,Rear-end (front to rear),Followed too close,None Indicated,,Daylight,Dry,Cloudy,None apparent,Intersection:  Four-way intersection,Paved,,Property Damage Only,0,0,0,0,0,0,5500,2,2,,POINT (-93.610292893176 42.01150731613)
2014823457,CL14003785,10/24/2014,10-October,6-Friday,23:13,2300 Hours,District 6 (East Central),CLINTON,CLINTON,,6TH AVE S & S 7TH ST,Collision with:  Vehicle in traffic,On Roadway,Rear-end (front to rear),Other (explain in narrative):  No improper action,None Indicated,,Dark - roadway lighted,Dry,Cloudy,None apparent,Non-intersection:  Non-junction/no special feature,Paved,,Property Damage Only,0,0,0,0,0,0,7500,5,777,,POINT (-90.201826169279 41.840011343335)
2014828551,2014-006601,10/24/2014,10-October,6-Friday,16:20,1600 Hours,District 6 (East Central),,BENTON,US 218,US 218/58 ST,Collision with fixed object:  Ditch,Shoulder,Non-collision (single vehicle),Swerving/Evasive Action,None Indicated,,Daylight,Wet,Rain,None apparent,Non-intersection:  Non-junction/no special feature,Paved,,Minor Injury,0,1,0,1,0,0,8000,1,2,,POINT (-92.133112439706 42.181023079431)
2014823499,2014011932,10/24/2014,10-October,6-Friday,15:30,1500 Hours,District 6 (East Central),IOWA CITY,JOHNSON,,E DAVENPORT ST & N CLINTON ST & UNIVERSITY OF IOWA,Collision with:  Vehicle in traffic,On Roadway,Rear-end (front to rear),Other (explain in narrative):  Other,None Indicated,,Daylight,Dry,Clear,None apparent,Intersection:  T-intersection,Paved,,Property Damage Only,0,0,0,0,0,0,5000,2,3,,POINT (-91.534509728603 41.665783506541)
2014826312,,10/24/2014,10-October,6-Friday,11:20,1100 Hours,District 5 (Southeast),FORT MADISON,LEE,,AVE G & 10TH ST,Collision with:  Vehicle in traffic,On Roadway,Broadside (front to side),Other (explain in narrative):  Other,None Indicated,,Daylight,Dry,Clear,None apparent,Non-intersection:  Non-junction/no special feature,Paved,,Property Damage Only,0,0,0,0,0,0,2000,2,3,,POINT (-91.315315129987 40.630981335489)
2014824294,14015857,10/24/2014,10-October,6-Friday,17:00,1700 Hours,District 6 (East Central),,CEDAR,,Co Rd X46/JACKSON AVE & GREEN RD,Collision with fixed object:  Ditch,Shoulder,Non-collision (single vehicle),Driving too fast for conditions,None Indicated,,Daylight,"Mud, dirt",Cloudy,None apparent,Intersection:  T-intersection,Unpaved,,Possible/Unknown,0,1,0,0,0,1,3000,1,1,,POINT (-91.1902635493 41.750069953622)
2014824893,,10/24/2014,10-October,6-Friday,11:00,1100 Hours,District 6 (East Central),CEDAR RAPIDS,LINN,,MILLER AVE SW,Collision with:  Vehicle in traffic,On Roadway,"Sideswipe, opposite direction",Unknown,None Indicated,,Daylight,Dry,"Fog, smoke, smog",,Non-intersection:  Non-junction/no special feature,Paved,,Possible/Unknown,0,1,0,0,1,0,4800,2,2,,POINT (-91.660020575157 41.924556185476)
2014823390,14-2369,10/24/2014,10-October,6-Friday,11:05,1100 Hours,District 1 (Central),URBANDALE,POLK,,MADISON AVE & 86TH ST,Collision with:  Vehicle in traffic,On Roadway,"Angle, oncoming left turn",FTYROW:  Making left turn,None Indicated,,Daylight,Dry,Cloudy,None apparent,Intersection:  Four-way intersection,Paved,,Property Damage Only,0,0,0,0,0,0,6000,2,3,,POINT (-93.736541983405 41.630992153532)
2014835371,14-01014,10/24/2014,10-October,6-Friday,15:39,1500 Hours,District 1 (Central),TOLEDO,TAMA,US 30,US 30 & US 63/S COUNTY ROAD,Collision with:  Vehicle in traffic,On Roadway,"Angle, oncoming left turn",FTYROW:  Making left turn,None Indicated,,Daylight,Wet,Cloudy,None apparent,Intersection:  Four-way intersection,Paved,,Property Damage Only,0,0,0,0,0,0,3000,2,47,,POINT (-92.581666457104 41.982339245466)
2014823344,20140031634,10/24/2014,10-October,6-Friday,14:51,1400 Hours,District 1 (Central),DES MOINES,POLK,US 69,US 69/E 14TH ST & E JEFFERSON AVE,Collision with:  Vehicle in traffic,On Roadway,Rear-end (front to rear),Followed too close,None Indicated,,Daylight,Dry,Cloudy,None apparent,Non-intersection:  Non-junction/no special feature,Paved,,Property Damage Only,0,0,0,0,0,0,8000,2,4,,POINT (-93.600548066149 41.609490253161)
2014825138,14-005011,10/24/2014,10-October,6-Friday,12:12,1200 Hours,District 1 (Central),AMES,STORY,US 69,US 69/S DUFF AVE,Collision with:  Vehicle in traffic,On Roadway,"Angle, oncoming left turn",FTYROW:  From driveway,None Indicated,,Daylight,Dry,Cloudy,None apparent,Non-intersection:  Driveway access (within),Paved,,Property Damage Only,0,0,0,0,0,0,4000,2,3,,POINT (-93.610265985938 42.011219248696)
2014823448,14-5341,10/24/2014,10-October,6-Friday,14:40,1400 Hours,District 1 (Central),WEST DES MOINES,POLK,,35TH ST/VALLEY WEST DR,Collision with:  Vehicle in traffic,On Roadway,"Sideswipe, same direction",Unknown,None Indicated,,Daylight,Dry,Cloudy,None apparent,Intersection:  Other intersection (explain in narrative),Paved,,Possible/Unknown,0,1,0,0,1,0,3000,2,2,,POINT (-93.751866699345 41.593242904701)
2014823854,201400052268,10/24/2014,10-October,6-Friday,16:22,1600 Hours,District 5 (Southeast),OTTUMWA,WAPELLO,,S SHERIDAN ST & N SHERIDAN ST & E FINLEY AVE,Collision with:  Vehicle in traffic,On Roadway,Rear-end (front to rear),Followed too close,None Indicated,,Daylight,Dry,Cloudy,None apparent,Non-intersection:  Non-junction/no special feature,Paved,,Property Damage Only,0,0,0,0,0,0,4000,2,3,,POINT (-92.418650132126 41.002073718654)
2014823151,20140031592,10/24/2014,10-October,6-Friday,07:23,0700 Hours,District 1 (Central),DES MOINES,POLK,,E PARK AVE & SE 5TH ST,Collision with:  Vehicle in traffic,On Roadway,Broadside (front to side),Ran Stop Sign,None Indicated,,Daylight,Dry,Rain,None apparent,Intersection:  Four-way intersection,Paved,,Property Damage Only,0,0,0,0,0,0,2500,2,2,,POINT (-93.606510087739 41.555352320636)
2014823824,2014-23109,10/24/2014,10-October,6-Friday,13:10,1300 Hours,District 5 (Southeast),,WARREN,,Co Rd G24/SUMMERSET RD,Collision with:  Vehicle in traffic,On Roadway,Broadside (front to side),FTYROW:  From driveway,None Indicated,,Daylight,Dry,Cloudy,None apparent,Non-intersection:  Driveway access (within),Paved,,Property Damage Only,0,0,0,0,0,0,8500,2,3,,POINT (-93.555263266186 41.431083734982)
2014824193,14-10880,10/24/2014,10-October,6-Friday,14:58,1400 Hours,District 3 (Northwest),CARROLL,CARROLL,US 30,US 30/6TH ST,Collision with:  Vehicle in traffic,On Roadway,Rear-end (front to rear),Lost Control,None Indicated,,Daylight,Dry,Clear,None apparent,Non-intersection:  Non-junction/no special feature,Paved,,Possible/Unknown,0,1,0,0,1,0,5000,2,2,,POINT (-94.85716045209 42.064083014939)
2014823500,2014011944,10/24/2014,10-October,6-Friday,20:58,2000 Hours,District 6 (East Central),IOWA CITY,JOHNSON,,WHISPERING PRAIRIE AVE,Collision with:  Vehicle in traffic,On Roadway,Head-on (front to front),Unknown,None Indicated,,Dark - roadway not lighted,Wet,"Fog, smoke, smog",None apparent,Non-intersection:  Non-junction/no special feature,Paved,,Property Damage Only,0,0,0,0,0,0,2500,2,4,,POINT (-91.500020809792 41.632814747971)
2014823692,2014011259,10/24/2014,10-October,6-Friday,20:02,2000 Hours,District 1 (Central),MARSHALLTOWN,MARSHALL,US 30,US 30/240TH ST,Collision with:  Vehicle in traffic,On Roadway,Non-collision (single vehicle),Animal,None Indicated,,Dark - roadway not lighted,Dry,Clear,None apparent,Non-intersection:  Non-junction/no special feature,Paved,,Property Damage Only,0,0,0,0,0,0,6000,1,2,,POINT (-92.905461644053 42.00360674641)
2014823495,14-045263,10/24/2014,10-October,6-Friday,07:15,0700 Hours,District 4 (Southwest),COUNCIL BLUFFS,POTTAWATTAMIE,,RAILROAD HWY,Collision with:  Animal,On Roadway,Non-collision (single vehicle),Animal,None Indicated,,Dusk,Dry,Clear,None apparent,Non-intersection:  Non-junction/no special feature,Paved,,Property Damage Only,0,0,0,0,0,0,1500,1,1,,POINT (-95.804133178216 41.283724373107)
2014823747,S14-11018,10/24/2014,10-October,6-Friday,20:45,2000 Hours,District 3 (Northwest),,WOODBURY,,EASTLAND AVE,Non-collision events:  Other non-collision (explain in narrative),Roadside,Non-collision (single vehicle),Lost Control,None Indicated,,Dark - roadway not lighted,Dry,Clear,None apparent,Non-intersection:  Non-junction/no special feature,Unpaved,,Property Damage Only,0,0,0,0,0,0,2000,1,1,,POINT (-96.194238940518 42.386030775949)
2014823641,2014-74367,10/24/2014,10-October,6-Friday,09:23,0900 Hours,District 6 (East Central),DAVENPORT,SCOTT,,IA 461/HARRISON ST & W 5TH ST,Collision with fixed object:  Bridge overhead structure,On Roadway,Non-collision (single vehicle),Unknown,None Indicated,,Daylight,Dry,Cloudy,None apparent,Non-intersection:  Other non-intersection (explain in narrative),Paved,,Property Damage Only,0,0,0,0,0,0,5000,1,1,,POINT (-90.577011080855 41.524672003176)
2014825099,TC5914,10/24/2014,10-October,6-Friday,11:50,1100 Hours,District 4 (Southwest),MISSOURI VALLEY,HARRISON,,W HURON ST & N BLAINE ST,Collision with:  Vehicle in traffic,On Roadway,Broadside (front to side),FTYROW:  From stop sign,None Indicated,,Daylight,Dry,Clear,None apparent,Intersection:  T-intersection,Paved,,Property Damage Only,0,0,0,0,0,0,3000,2,2,,POINT (-95.900240256377 41.557343065033)
2014824176,14-217,10/24/2014,10-October,6-Friday,14:53,1400 Hours,District 2 (Northeast),WAVERLY,BREMER,IA 116,IA 116/4TH ST SW,Collision with:  Vehicle in traffic,On Roadway,Rear-end (front to rear),Other (explain in narrative):  Other,None Indicated,,Daylight,Wet,Rain,None apparent,Non-intersection:  Non-junction/no special feature,Paved,,Property Damage Only,0,0,0,0,0,0,3000,2,4,,POINT (-92.47558898396 42.71637668816)
2014823525,14-016748,10/24/2014,10-October,6-Friday,07:34,0700 Hours,District 2 (Northeast),,FLOYD,,Co Rd T64/SHADOW AVE,Collision with:  Animal,,,Animal,None Indicated,,,,,,,Paved,,Property Damage Only,0,0,0,0,0,0,5000,1,1,,POINT (-92.672530746528 43.091150344955)
2014823413,14-35201,10/24/2014,10-October,6-Friday,07:04,0700 Hours,District 3 (Northwest),SIOUX CITY,WOODBURY,IA 12,IA 12/GORDON DR & S CLEVELAND ST,Collision with:  Vehicle in traffic,On Roadway,Broadside (front to side),FTYROW:  From stop sign,None Indicated,,Dawn,Dry,Clear,None apparent,Intersection:  T-intersection,Paved,,Possible/Unknown,0,1,0,0,1,0,4200,2,2,,POINT (-96.350947186897 42.478208032797)
2014823333,14-004612,10/24/2014,10-October,6-Friday,12:10,1200 Hours,District 1 (Central),ANKENY,POLK,IA 160,IA 160/SE ORALABOR RD,Collision with:  Vehicle in traffic,On Roadway,Rear-end (front to rear),Swerving/Evasive Action,None Indicated,,Daylight,Dry,Cloudy,None apparent,Non-intersection:  Non-junction/no special feature,Paved,,Possible/Unknown,0,1,0,0,1,0,8250,3,4,,POINT (-93.584277462685 41.702897212177)
2014823976,14006666,10/24/2014,10-October,6-Friday,07:25,0700 Hours,District 2 (Northeast),,CERRO GORDO,US 18,US 18,Collision with:  Animal,,,Animal,None Indicated,,,,,,,Paved,,Property Damage Only,0,0,0,0,0,0,3000,1,1,,POINT (-93.181036563785 43.108513020098)
2014823278,102414-79,10/24/2014,10-October,6-Friday,12:20,1200 Hours,District 3 (Northwest),,BUENA VISTA,,Co Rd C13/430TH ST,Collision with:  Animal,,,Animal,None Indicated,,,,,,,Paved,,Property Damage Only,0,0,0,0,0,0,1500,1,1,,POINT (-95.108306075316 42.894567311097)
2014823667,14-5576,10/24/2014,10-October,6-Friday,07:54,0700 Hours,District 6 (East Central),HIAWATHA,LINN,,BOYSON RD,Collision with:  Vehicle in traffic,On Roadway,Rear-end (front to rear),Other (explain in narrative):  Vision obstructed,None Indicated,,Dawn,Wet,Rain,None apparent,Non-intersection:  Non-junction/no special feature,Paved,,Possible/Unknown,0,2,0,0,2,0,10500,4,5,,POINT (-91.676802488003 42.047823733147)
2014823552,14-11693,10/24/2014,10-October,6-Friday,18:45,1800 Hours,District 3 (Northwest),,SAC,,Co Rd M43/GARD AVE,Collision with:  Animal,,,Animal,None Indicated,,,,,,,Paved,,Property Damage Only,0,0,0,0,0,0,4000,1,1,,POINT (-95.229063016996 42.495751955604)
2014823439,BP14000872,10/24/2014,10-October,6-Friday,14:00,1400 Hours,District 2 (Northeast),BELMOND,WRIGHT,,4TH AVE SE,Collision with:  Vehicle in traffic,On Roadway,Broadside (front to side),Other (explain in narrative):  No improper action,None Indicated,,Daylight,Wet,Cloudy,None apparent,Non-intersection:  Driveway access (within),Paved,,Property Damage Only,0,0,0,0,0,0,2100,2,1,,POINT (-93.611602838532 42.844919577423)
2014824281,,10/24/2014,10-October,6-Friday,22:26,2200 Hours,District 2 (Northeast),,WINNEBAGO,,212TH AVE,Non-collision events:  Overturn/rollover,Shoulder,Non-collision (single vehicle),"Operating vehicle in an reckless, erratic, careless, negligent manner",Alcohol (Statutory),,Dark - roadway not lighted,"Mud, dirt",Clear,None apparent,Non-intersection:  Non-junction/no special feature,Unpaved,,Possible/Unknown,0,1,0,0,1,0,1500,1,2,,POINT (-93.552361731938 43.436667593933)
2014823329,14-004608,10/24/2014,10-October,6-Friday,07:28,0700 Hours,District 1 (Central),ANKENY,POLK,IA 415,IA 415/SW ORALABOR RD,Collision with:  Vehicle in traffic,On Roadway,Rear-end (front to rear),Followed too close,None Indicated,,Dawn,Wet,"Fog, smoke, smog",None apparent,Non-intersection:  Non-junction/no special feature,Paved,,Property Damage Only,0,0,0,0,0,0,6000,3,3,,POINT (-93.623906294941 41.703157263463)
2014823302,14161597,10/24/2014,10-October,6-Friday,14:38,1400 Hours,District 6 (East Central),,JOHNSON,,BLAIN CEMETERY RD & SENECA RD,Collision with:  Vehicle in traffic,On Roadway,"Angle, oncoming left turn",FTYROW:  Making left turn,None Indicated,,Daylight,Dry,Cloudy,None apparent,Intersection:  Other intersection (explain in narrative),Unpaved,,Property Damage Only,0,0,0,0,0,0,3000,2,4,,POINT (-91.701921535373 41.830279108255)
2014823454,CL14003779,10/24/2014,10-October,6-Friday,15:57,1500 Hours,District 6 (East Central),CLINTON,CLINTON,,5TH AVE N & N 5TH ST,Collision with:  Vehicle in traffic,On Roadway,Broadside (front to side),FTYROW:  From stop sign,None Indicated,,Daylight,Dry,Cloudy,None apparent,Intersection:  Four-way intersection,Paved,,Major Injury,0,1,1,0,0,0,8500,2,2,,POINT (-90.195204495103 41.850161249003)
2014824272,S14-004256,10/24/2014,10-October,6-Friday,02:23,0200 Hours,District 4 (Southwest),,POTTAWATTAMIE,I-80,I-80,Collision with:  Animal,,,Animal,None Indicated,,,,,,,Paved,,Property Damage Only,0,0,0,0,0,0,1500,1,1,,POINT (-95.283805447917 41.498628774063)
2014823193,2014011924,10/24/2014,10-October,6-Friday,10:32,1000 Hours,District 6 (East Central),IOWA CITY,JOHNSON,,E WASHINGTON ST & S CLINTON ST,Collision with:  Vehicle in traffic,On Roadway,Broadside (front to side),Ran Traffic Signal,None Indicated,,Daylight,Dry,"Fog, smoke, smog",None apparent,Intersection:  Four-way intersection,Paved,,Property Damage Only,0,0,0,0,0,0,3500,2,2,,POINT (-91.534578746031 41.660092057053)
2014823187,14-045255,10/24/2014,10-October,6-Friday,07:25,0700 Hours,District 4 (Southwest),COUNCIL BLUFFS,POTTAWATTAMIE,,WOODBURY AVE & MADISON AVE,Collision with:  Vehicle in traffic,On Roadway,Broadside (front to side),FTYROW:  Making left turn,None Indicated,,Dark - roadway lighted,Dry,Cloudy,None apparent,Intersection:  Four-way intersection,Paved,,Property Damage Only,0,0,0,0,0,0,8000,2,2,,POINT (-95.825688095535 41.24285731142)
2014823694,2014011927,10/24/2014,10-October,6-Friday,11:42,1100 Hours,District 6 (East Central),IOWA CITY,JOHNSON,,MIDDLEBURY RD & WESTBURY DR,Collision with:  Vehicle in traffic,On Roadway,"Sideswipe, opposite direction",Improper Backing,None Indicated,,Daylight,Wet,Cloudy,None apparent,Intersection:  Four-way intersection,Paved,,Property Damage Only,0,0,0,0,0,0,2800,2,3,,POINT (-91.481975249076 41.667137069644)
2014823890,,10/24/2014,10-October,6-Friday,17:15,1700 Hours,District 6 (East Central),CEDAR RAPIDS,LINN,IA 100,IA 100/COLLINS RD NE,Collision with:  Vehicle in traffic,On Roadway,Rear-end (front to rear),Unknown,None Indicated,,Daylight,Wet,Rain,,Intersection:  T-intersection,Paved,,Property Damage Only,0,0,0,0,0,0,5529,2,4,,POINT (-91.635538782251 42.028003904944)
2014824015,02979,10/24/2014,10-October,6-Friday,23:45,2300 Hours,District 6 (East Central),DYERSVILLE,DUBUQUE,US 20,US 20 & WUCHTER RD,Collision with:  Animal,,,Animal,None Indicated,,,,,,,Paved,,Property Damage Only,0,0,0,0,0,0,1500,1,1,,POINT (-91.077862680047 42.466317693959)
2014823490,2014060153,10/24/2014,10-October,6-Friday,06:45,0600 Hours,District 6 (East Central),,JOHNSON,I-380,I-380,Collision with:  Vehicle in traffic,On Roadway,Rear-end (front to rear),Made improper turn,None Indicated,,Dark - roadway not lighted,Wet,Rain,None apparent,Non-intersection:  Crossover-related,Paved,,Property Damage Only,0,0,0,0,0,0,3000,2,2,,POINT (-91.642432373926 41.737290439827)
2014823115,201415931,10/24/2014,10-October,6-Friday,10:01,1000 Hours,District 6 (East Central),CEDAR RAPIDS,LINN,,WILSON AVE SW & J ST SW,Collision with:  Vehicle in traffic,On Roadway,"Angle, oncoming left turn",FTYROW:  Making left turn,None Indicated,,Daylight,Wet,Cloudy,None apparent,Intersection:  Four-way intersection,Paved,,Property Damage Only,0,0,0,0,0,0,7000,2,2,,POINT (-91.667314058574 41.955974685861)
2014823310,14-026226,10/24/2014,10-October,6-Friday,02:17,0200 Hours,District 5 (Southeast),,MARION,,Co Rd S45/HWY 181,Collision with:  Animal,,,Animal,None Indicated,,,,,,,Paved,,Property Damage Only,0,0,0,0,0,0,2000,1,1,,POINT (-93.254960727998 41.291036172991)
2014823358,20140031687,10/24/2014,10-October,6-Friday,22:20,2200 Hours,District 1 (Central),DES MOINES,POLK,IA 28,IA 28/63RD ST & UNIVERSITY AVE,Collision with:  Vehicle in traffic,On Roadway,"Angle, oncoming left turn",FTYROW:  Making left turn,Alcohol (Statutory),,Dark - roadway lighted,Dry,Clear,None apparent,Intersection:  Four-way intersection,Paved,,Property Damage Only,0,0,0,0,0,0,2000,2,3,,POINT (-93.703662600052 41.600411548357)