Iowa DOT Case Number,Law Enforcement Case Number,Date of Crash,Month of Crash,Day of Week,Time of Crash,Hour,DOT District,City Name,County Name,Route with System,Location Description,First Harmful Event,Location of First Harmful Event,Manner of Crash/Collision,Major Cause,Drug or Alcohol ,Environmental Conditions,Light Conditions,Surface Conditions,Weather Conditions,Roadway Contribution,Roadway Type,Roadway Surface,Work Zone,Crash Severity,Number of Fatalities,Number of Injuries,Number of Major Injuries,Number of Minor Injuries,Number of Possible Injuries,Number of Unknown Injuries,Amount of Property Damage,Number of Vehicles Involved,Total Number of Occupants,Travel Direction,Location
2014825562,,10/26/2014,10-October,1-Sunday,19:45,1900 Hours,District 6 (East Central),,CLINTON,,,Collision with:  Animal,On Roadway,Non-collision (single vehicle),Animal,None Indicated,,Dark - roadway not lighted,Dry,Clear,,Non-intersection:  Non-junction/no special feature,,,Property Damage Only,0,0,0,0,0,0,4700,1,1,,POINT (-96.643700149993 40.233091251414)
2014832297,14045029,10/26/2014,10-October,1-Sunday,20:17,2000 Hours,District 5 (Southeast),,MUSCATINE,US 61,US 61,Collision with:  Animal,On Roadway,Non-collision (single vehicle),Animal,None Indicated,,Dark - roadway not lighted,Dry,Clear,None apparent,Intersection:  Four-way intersection,Paved,,Property Damage Only,0,0,0,0,0,0,10000,1,3,,POINT (-90.801945894418 41.512837580084)
2014823468,14-38322,10/26/2014,10-October,1-Sunday,14:13,1400 Hours,District 5 (Southeast),BURLINGTON,DES MOINES,,PARKWAY DR & MAIN ST & MADISON AVE,Collision with:  Vehicle in traffic,On Roadway,Broadside (front to side),FTYROW:  From stop sign,None Indicated,,Daylight,Dry,Clear,None apparent,Intersection:  Four-way intersection,Paved,,Property Damage Only,0,0,0,0,0,0,9500,2,5,,POINT (-91.108205832678 40.777891087796)
2014823666,14-21798,10/26/2014,10-October,1-Sunday,19:39,1900 Hours,District 6 (East Central),,SCOTT,,Co Rd Y68/SCOTT PK RD,Collision with:  Animal,,,Animal,None Indicated,,,,,,,Paved,,Property Damage Only,0,0,0,0,0,0,3000,1,1,,POINT (-90.536243485956 41.753275525594)
2014823471,14-11755,10/26/2014,10-October,1-Sunday,06:08,0600 Hours,District 3 (Northwest),,SAC,IA 39,IA 39/FOX AVE,Non-collision events:  Other non-collision (explain in narrative),On Roadway,Non-collision (single vehicle),Crossed centerline (undivided),None Indicated,,Dark - roadway not lighted,Dry,Unknown,Unknown,Non-intersection:  Non-junction/no special feature,Paved,,Minor Injury,0,1,0,1,0,0,10000,1,1,,POINT (-95.245818573607 42.237769935779)
2014824768,14-171026-01,10/26/2014,10-October,1-Sunday,00:35,0000 Hours,District 6 (East Central),,IOWA,I-80,I-80,Collision with:  Animal,,,Animal,None Indicated,,,,,,,Paved,,Property Damage Only,0,0,0,0,0,0,4000,1,1,,POINT (-92.144071984313 41.695655653159)
2014824267,14-21710,10/26/2014,10-October,1-Sunday,06:26,0600 Hours,District 6 (East Central),ELDRIDGE,SCOTT,,Co Rd F51/220 ST & 180 AVE & BLACKHAWK TRL,Collision with fixed object:  Ditch,Shoulder,Non-collision (single vehicle),Swerving/Evasive Action,None Indicated,,Dark - roadway not lighted,Dry,Clear,None apparent,Non-intersection:  Other non-intersection (explain in narrative),Paved,,Property Damage Only,0,0,0,0,0,0,8000,1,1,,POINT (-90.549464720796 41.625670501932)
2014824172,14-001239,10/26/2014,10-October,1-Sunday,19:31,1900 Hours,District 1 (Central),AMES,STORY,,STATE AVE,Collision with:  Animal,,,Animal,None Indicated,,,,,,,Paved,,Property Damage Only,0,0,0,0,0,0,4000,1,1,,POINT (-93.658927728719 42.00696930897)
2014823289,143280,10/26/2014,10-October,1-Sunday,04:21,0400 Hours,District 3 (Northwest),DENISON,CRAWFORD,,S 9TH ST,Collision with:  Parked motor vehicle,On Roadway,"Sideswipe, opposite direction","Operating vehicle in an reckless, erratic, careless, negligent manner",Alcohol (Statutory),,Dark - roadway not lighted,Dry,Clear,None apparent,Non-intersection:  Non-junction/no special feature,Paved,,Property Damage Only,0,0,0,0,0,0,18000,2,1,,POINT (-95.361245343133 42.013253149299)
2014824213,2014060495,10/26/2014,10-October,1-Sunday,07:25,0700 Hours,District 6 (East Central),DAVENPORT,SCOTT,I-80,I-80,Collision with fixed object:  Guardrail - face,Shoulder,Non-collision (single vehicle),Swerving/Evasive Action,None Indicated,,Dawn,Dry,Clear,None apparent,Non-intersection:  Non-junction/no special feature,Paved,,Property Damage Only,0,0,0,0,0,0,12668,1,3,,POINT (-90.614141018102 41.599895706419)
2014823663,2014060589,10/26/2014,10-October,1-Sunday,20:45,2000 Hours,District 2 (Northeast),,FRANKLIN,I-35,I-35,Collision with:  Animal,,Non-collision (single vehicle),Animal,None Indicated,,,,,,,Paved,,Property Damage Only,0,0,0,0,0,0,6000,1,1,,POINT (-93.369468766183 42.790330801944)
2014823840,14-21787,10/26/2014,10-October,1-Sunday,18:40,1800 Hours,District 6 (East Central),,SCOTT,,Co Rd F33/290 ST,Collision with:  Animal,,,Animal,None Indicated,,,,,,,Paved,,Property Damage Only,0,0,0,0,0,0,2000,1,1,,POINT (-90.649083418348 41.727541756152)
2014825544,2014060600,10/26/2014,10-October,1-Sunday,22:50,2200 Hours,District 6 (East Central),,IOWA,I-80,I-80,Collision with:  Animal,On Roadway,Non-collision (single vehicle),Animal,None Indicated,,Dark - roadway not lighted,Dry,Clear,None apparent,Non-intersection:  Non-junction/no special feature,Paved,,Possible/Unknown,0,1,0,0,1,0,7500,1,2,,POINT (-91.950427345321 41.687258912686)
2014823360,20140031899,10/26/2014,10-October,1-Sunday,22:53,2200 Hours,District 1 (Central),DES MOINES,POLK,,FOREST AVE & MLK JR PKWY,Collision with:  Vehicle in traffic,On Roadway,Broadside (front to side),Ran Traffic Signal,None Indicated,,Dark - roadway lighted,Dry,Clear,None apparent,Intersection:  Other intersection (explain in narrative),Paved,,Property Damage Only,0,0,0,0,0,0,2750,2,2,,POINT (-93.643867719703 41.604067636187)
2014825200,2014-039086,10/26/2014,10-October,1-Sunday,00:26,0000 Hours,District 6 (East Central),DUBUQUE,DUBUQUE,US 52,US 52/CENTRAL AVE,Collision with:  Parked motor vehicle,On Roadway,"Sideswipe, same direction",Lost Control,Alcohol (Statutory),,Dark - roadway lighted,Dry,Clear,None apparent,Non-intersection:  Non-junction/no special feature,Paved,,Property Damage Only,0,0,0,0,0,0,13000,2,3,,POINT (-90.681590669744 42.52611810685)
2014823848,2014-21708,10/26/2014,10-October,1-Sunday,04:24,0400 Hours,District 6 (East Central),,SCOTT,,100 AVE,Collision with fixed object:  Ditch,On Roadway,Non-collision (single vehicle),Ran off road - right,Alcohol (Statutory),,Dark - roadway not lighted,Dry,Clear,None apparent,Non-intersection:  Non-junction/no special feature,Paved,,Property Damage Only,0,0,0,0,0,0,1501,1,1,,POINT (-90.707628021351 41.479634518479)
2014823375,20140031871,10/26/2014,10-October,1-Sunday,17:00,1700 Hours,District 1 (Central),DES MOINES,POLK,,URBANDALE AVE & 56TH ST,Collision with:  Vehicle in traffic,On Roadway,Broadside (front to side),FTYROW:  From stop sign,None Indicated,,Daylight,Dry,Clear,None apparent,Intersection:  Four-way intersection,Paved,,Property Damage Only,0,0,0,0,0,0,6000,2,3,,POINT (-93.694343889397 41.622157544673)
2014823832,2014060550,10/26/2014,10-October,1-Sunday,15:00,1500 Hours,District 1 (Central),,HAMILTON,I-35,I-35,Collision with:  Vehicle in traffic,On Roadway,"Sideswipe, same direction",Crossed centerline (undivided),None Indicated,,Daylight,Dry,Clear,None apparent,Non-intersection:  Non-junction/no special feature,Paved,,Property Damage Only,0,0,0,0,0,0,8000,2,2,,POINT (-93.569617735279 42.324534205522)
2014824051,2014-74761,10/26/2014,10-October,1-Sunday,03:41,0300 Hours,District 6 (East Central),DAVENPORT,SCOTT,,E 60TH ST & JERSEY RIDGE RD & LORTON AVE,Collision with fixed object:  Utility pole/light support,Roadside,Non-collision (single vehicle),Swerving/Evasive Action,Alcohol (< Statutory),,Dark - roadway lighted,Dry,Clear,None apparent,Non-intersection:  Non-junction/no special feature,Paved,,Major Injury,0,2,1,1,0,0,7000,1,2,,POINT (-90.539779980641 41.58205317603)
2014823542,14-20860,10/26/2014,10-October,1-Sunday,08:00,0800 Hours,District 2 (Northeast),,BREMER,,Co Rd V49/REED AVE/QUINCY AVE,Collision with fixed object:  Ditch,On Roadway,Non-collision (single vehicle),Driving too fast for conditions,None Indicated,,Daylight,"Mud, dirt",Cloudy,None apparent,Non-intersection:  Non-junction/no special feature,Unpaved,,Property Damage Only,0,0,0,0,0,0,3000,1,1,,POINT (-92.218763233781 42.780184135929)
2014824710,14-015000,10/26/2014,10-October,1-Sunday,19:06,1900 Hours,District 2 (Northeast),HAWKEYE,FAYETTE,US 18,US 18/230TH ST,Collision with:  Animal,,,Animal,None Indicated,,,,,,,Paved,,Property Damage Only,0,0,0,0,0,0,4000,1,1,,POINT (-92.009334223696 42.964728140383)
2014824769,14-171026-02,10/26/2014,10-October,1-Sunday,01:24,0100 Hours,District 6 (East Central),,IOWA,I-80,I-80,Collision with:  Animal,,,Animal,None Indicated,,,,,,,Paved,,Property Damage Only,0,0,0,0,0,0,4000,1,1,,POINT (-92.148984869726 41.695827245789)
2014828253,20143948,10/26/2014,10-October,1-Sunday,01:00,0100 Hours,District 1 (Central),REINBECK,GRUNDY,,V AVE,Collision with:  Animal,On Roadway,Non-collision (single vehicle),Animal,None Indicated,,Dark - roadway not lighted,"Mud, dirt",Unknown,Unknown,Unknown,Unpaved,,Minor Injury,0,2,0,2,0,0,1000,1,3,,POINT (-92.611385960503 42.316770681321)
2014823290,143282,10/26/2014,10-October,1-Sunday,12:01,1200 Hours,District 3 (Northwest),DENISON,CRAWFORD,US 30,US 30/4TH AVE S & S 12TH ST,Collision with:  Vehicle in traffic,On Roadway,Broadside (front to side),Ran Traffic Signal,None Indicated,,Daylight,Dry,Cloudy,None apparent,Intersection:  Four-way intersection,Paved,,Property Damage Only,0,0,0,0,0,0,14000,2,2,,POINT (-95.356865993061 42.012388581001)
2014823861,2014001743,10/26/2014,10-October,1-Sunday,17:57,1700 Hours,District 6 (East Central),ASBURY,DUBUQUE,,ASBURY RD & BIRCHWOOD DR,Collision with:  Vehicle in traffic,On Roadway,Head-on (front to front),FTYROW:  Other (explain in narrative),Refused,,Dusk,Dry,Clear,None apparent,Non-intersection:  Non-junction/no special feature,Paved,,Property Damage Only,0,0,0,0,0,0,6000,2,2,,POINT (-90.766003542711 42.510244384711)
2014823472,14-11758,10/26/2014,10-October,1-Sunday,09:45,0900 Hours,District 3 (Northwest),,SAC,US 71,US 71/KARR AVE & 280TH ST,Non-collision events:  Other non-collision (explain in narrative),On Roadway,Non-collision (single vehicle),Swerving/Evasive Action,None Indicated,,Daylight,Dry,Clear,None apparent,Intersection:  Four-way intersection,Paved,,Property Damage Only,0,0,0,0,0,0,4000,1,2,,POINT (-95.148080691881 42.385857342517)
2014823324,14-7071,10/26/2014,10-October,1-Sunday,22:15,2200 Hours,District 1 (Central),DES MOINES,POLK,US 6,US 6/EUCLID AVE,Collision with:  Vehicle in traffic,On Roadway,Rear-end (front to rear),Unknown,None Indicated,,Dark - roadway lighted,Dry,Clear,None apparent,Non-intersection:  Non-junction/no special feature,Paved,,Property Damage Only,0,0,0,0,0,0,4000,2,2,,POINT (-93.637883903659 41.627663841278)
2014823428,14-35563,10/26/2014,10-October,1-Sunday,21:30,2100 Hours,District 3 (Northwest),SIOUX CITY,WOODBURY,,CHEYENNE BLVD,Collision with:  Other non-fixed object (explain in narrative),On Roadway,Non-collision (single vehicle),Other (explain in narrative):  No improper action,None Indicated,,Dark - roadway lighted,Dry,Clear,None apparent,Non-intersection:  Non-junction/no special feature,Paved,,Property Damage Only,0,0,0,0,0,0,2100,1,2,,POINT (-96.395334674387 42.534582886612)
2014823908,1410268091,10/26/2014,10-October,1-Sunday,10:32,1000 Hours,District 6 (East Central),CLINTON,CLINTON,IA 136,IA 136/IOWA 136,Collision with:  Animal,,,Animal,None Indicated,,,,,,,Paved,,Property Damage Only,0,0,0,0,0,0,4000,1,1,,POINT (-90.232706173876 41.873757035824)
2014823467,14-045630,10/26/2014,10-October,1-Sunday,03:00,0300 Hours,District 4 (Southwest),COUNCIL BLUFFS,POTTAWATTAMIE,,AVE I,Collision with:  Vehicle in traffic,On Roadway,Broadside (front to side),Unknown,None Indicated,,Dark - roadway lighted,Dry,Clear,None apparent,Non-intersection:  Non-junction/no special feature,Paved,,Property Damage Only,0,0,0,0,0,0,1500,2,1,,POINT (-95.895365898067 41.269972129229)
2014825176,14005045,10/26/2014,10-October,1-Sunday,02:16,0200 Hours,District 1 (Central),AMES,STORY,,ONTARIO ST & N DAKOTA AVE,Collision with:  Vehicle in traffic,On Roadway,Rear-end (front to rear),Followed too close,None Indicated,,Dark - roadway lighted,Dry,Clear,None apparent,Non-intersection:  Non-junction/no special feature,Paved,,Property Damage Only,0,0,0,0,0,0,6000,2,5,,POINT (-93.678796411119 42.034575751696)
2014823394,14-0960,10/26/2014,10-October,1-Sunday,14:45,1400 Hours,District 1 (Central),WINDSOR HEIGHTS,POLK,I-235,I-235,Collision with:  Vehicle in traffic,On Roadway,Rear-end (front to rear),Followed too close,None Indicated,,Daylight,Dry,Clear,None apparent,Non-intersection:  Non-junction/no special feature,Paved,,Possible/Unknown,0,1,0,0,1,0,10000,2,2,,POINT (-93.706908487227 41.593257917117)
2014824695,14106854,10/26/2014,10-October,1-Sunday,21:25,2100 Hours,District 2 (Northeast),CEDAR FALLS,BLACK HAWK,,UNIVERSITY AVE & HUDSON RD,Collision with:  Vehicle in traffic,On Roadway,"Angle, oncoming left turn",FTYROW:  Making left turn,None Indicated,,Dark - roadway lighted,Dry,Clear,None apparent,Intersection:  Four-way intersection,Paved,,Property Damage Only,0,0,0,0,0,0,3700,2,2,,POINT (-92.465573383709 42.506894524386)
2014824591,14-2390,10/26/2014,10-October,1-Sunday,00:32,0000 Hours,District 1 (Central),URBANDALE,POLK,,AURORA AVE & 64TH ST,Non-collision events:  Overturn/rollover,Outside trafficway,Non-collision (single vehicle),Exceeded authorized speed,Alcohol (Statutory),,Dark - roadway lighted,Dry,Clear,None apparent,Non-intersection:  Non-junction/no special feature,Paved,,Property Damage Only,0,0,0,0,0,0,5500,1,2,,POINT (-93.705005040796 41.636639234032)
2014824785,2014-74965,10/26/2014,10-October,1-Sunday,20:26,2000 Hours,District 6 (East Central),DAVENPORT,SCOTT,I-280,I-280,Collision with:  Animal,,,Animal,None Indicated,,,,,,,Paved,,Property Damage Only,0,0,0,0,0,0,1500,1,1,,POINT (-90.678063692822 41.550525964122)
2014823426,14-35525,10/26/2014,10-October,1-Sunday,16:56,1600 Hours,District 3 (Northwest),SIOUX CITY,WOODBURY,,GILMAN TER & 18TH ST & W 19TH ST,Collision with:  Vehicle in traffic,On Roadway,Rear-end (front to rear),Followed too close,None Indicated,,Daylight,Dry,Cloudy,None apparent,Intersection:  T-intersection,Paved,,Minor Injury,0,2,0,1,1,0,6700,3,4,,POINT (-96.410924680101 42.509204064041)
2014823284,14-009021,10/26/2014,10-October,1-Sunday,05:30,0500 Hours,District 2 (Northeast),,CLAYTON,,Co Rd C7X/GARBER RD,Collision with fixed object:  Tree,Roadside,Non-collision (single vehicle),Ran off road - right,None Indicated,,Dark - roadway not lighted,Dry,Clear,None apparent,Non-intersection:  Non-junction/no special feature,Paved,,Property Damage Only,0,0,0,0,0,0,5000,1,1,,POINT (-91.234484448757 42.765122492421)
2014823336,14-1290,10/26/2014,10-October,1-Sunday,02:00,0200 Hours,District 1 (Central),CLIVE,POLK,,UNIVERSITY AVE,Collision with fixed object:  Curb/island/raised median,On Roadway,Non-collision (single vehicle),Crossed centerline (undivided),Refused,,Dark - roadway lighted,Dry,Clear,None apparent,Non-intersection:  Non-junction/no special feature,Paved,,Property Damage Only,0,0,0,0,0,0,3000,1,2,,POINT (-93.738270304395 41.600428702202)
2014824214,2014060557,10/26/2014,10-October,1-Sunday,15:08,1500 Hours,District 5 (Southeast),,DECATUR,I-35,I-35,Collision with:  Vehicle in traffic,On Roadway,Head-on (front to front),Equipment failure,None Indicated,,Daylight,Dry,Clear,Work Zone (roadway-related),Non-intersection:  Non-junction/no special feature,Paved,Yes,Major Injury,0,4,2,2,0,0,17000,2,5,,POINT (-93.835252395048 40.783243079939)
2014823662,2014060577,10/26/2014,10-October,1-Sunday,19:15,1900 Hours,District 2 (Northeast),,WINNESHIEK,,Co Rd A18/CO RD A18 & 278TH AVE,Collision with:  Animal,On Roadway,Non-collision (single vehicle),Animal,None Indicated,,Dark - roadway not lighted,Dry,Clear,None apparent,Non-intersection:  Non-junction/no special feature,Paved,,Minor Injury,0,1,0,1,0,0,10000,1,2,,POINT (-91.949089619317 43.457484141819)
2014830257,14-006259,10/26/2014,10-October,1-Sunday,11:59,1100 Hours,District 2 (Northeast),PARKERSBURG,BUTLER,IA 14,IA 14/IOWA 14 & N JOHNSON ST,Collision with:  Vehicle in traffic,On Roadway,Broadside (front to side),FTYROW:  From stop sign,None Indicated,,Daylight,Dry,Unknown,None apparent,Intersection:  Four-way intersection,Paved,,Minor Injury,0,2,0,1,1,0,2000,2,2,,POINT (-92.780880611377 42.570350406795)
2014824624,146309,10/26/2014,10-October,1-Sunday,08:45,0800 Hours,District 1 (Central),,HARDIN,,Co Rd D65/CO HWY D65,Non-collision events:  Overturn/rollover,Roadside,Non-collision (single vehicle),Crossed centerline (undivided),None Indicated,,Daylight,Dry,Cloudy,None apparent,Non-intersection:  Driveway access (within),Paved,,Possible/Unknown,0,1,0,0,1,0,0,1,9,,POINT (-93.202706649054 42.237941191546)
2014823831,2014060545,10/26/2014,10-October,1-Sunday,14:45,1400 Hours,District 5 (Southeast),,CLARKE,I-35,I-35 & US 34,Collision with:  Vehicle in traffic,On Roadway,Broadside (front to side),FTYROW:  From stop sign,None Indicated,,Daylight,Dry,Clear,None apparent,Intersection:  Four-way intersection,Paved,,Major Injury,0,2,1,1,0,0,8000,2,3,,POINT (-93.796208778705 41.026354819977)
2014824405,201416069,10/26/2014,10-October,1-Sunday,16:11,1600 Hours,District 6 (East Central),CEDAR RAPIDS,LINN,,B AVE NE & 16TH ST NE,Collision with:  Parked motor vehicle,On Roadway,Rear-end (front to rear),Lost Control,Alcohol (Statutory),,Daylight,Dry,Clear,None apparent,Non-intersection:  Non-junction/no special feature,Paved,,Possible/Unknown,0,1,0,0,1,0,23000,2,1,,POINT (-91.652059915001 41.991011766421)
2014823299,14163120,10/27/2014,10-October,2-Monday,10:12,1000 Hours,District 6 (East Central),,JOHNSON,IA 1,IA 1/IOWA 1,Collision with:  Animal,,,Animal,None Indicated,,,,,,,Paved,,Property Damage Only,0,0,0,0,0,0,3500,1,1,,POINT (-91.490169240384 41.697886154988)
2014823719,14006405,10/27/2014,10-October,2-Monday,13:24,1300 Hours,District 3 (Northwest),SHELDON,OBRIEN,US 18,US 18/PARK ST & 6TH AVE & N 6TH AVE,Collision with:  Vehicle in traffic,On Roadway,Rear-end (front to rear),Lost Control,None Indicated,,Daylight,Dry,Cloudy,None apparent,Intersection:  Four-way intersection,Paved,,Property Damage Only,0,0,0,0,0,0,4500,2,2,,POINT (-95.84852017718 43.185947761629)
2014823325,14-7090,10/27/2014,10-October,2-Monday,12:20,1200 Hours,District 1 (Central),DES MOINES,POLK,US 69,US 69/E 14TH ST & E MADISON AVE,Collision with:  Vehicle in traffic,On Roadway,"Angle, oncoming left turn",FTYROW:  Making left turn,None Indicated,,Daylight,Dry,Clear,None apparent,Intersection:  Four-way intersection,Paved,,Property Damage Only,0,0,0,0,0,0,12500,3,3,,POINT (-93.600527614991 41.633161293396)
2014826269,C14-0002960,10/27/2014,10-October,2-Monday,22:29,2200 Hours,District 2 (Northeast),MARQUETTE,CLAYTON,IA 76,IA 76/IOWA 76,Collision with:  Animal,On Roadway,Non-collision (single vehicle),Animal,None Indicated,,Dark - roadway not lighted,Dry,Cloudy,None apparent,Non-intersection:  Non-junction/no special feature,Paved,,Property Damage Only,0,0,0,0,0,0,1500,1,1,,POINT (-91.177648195915 43.048399485644)
2014824897,,10/27/2014,10-October,2-Monday,06:00,0600 Hours,District 5 (Southeast),,WASHINGTON,IA 22,IA 22,Collision with:  Animal,On Roadway,Non-collision (single vehicle),Animal,None Indicated,,Dark - roadway not lighted,Dry,Other (explain in narrative),,Non-intersection:  Non-junction/no special feature,Paved,,Property Damage Only,0,0,0,0,0,0,12100,1,1,,POINT (-91.813917896848 41.470823537672)
2014824707,90-14-000370,10/27/2014,10-October,2-Monday,02:55,0200 Hours,District 2 (Northeast),,HUMBOLDT,US 169,US 169/LINCOLN AVE,Collision with:  Animal,,,Animal,None Indicated,,,,,,,Paved,,Property Damage Only,0,0,0,0,0,0,2000,1,1,,POINT (-94.226530379856 42.683930446708)
2014823825,2014012045,10/27/2014,10-October,2-Monday,12:40,1200 Hours,District 6 (East Central),IOWA CITY,JOHNSON,,S 1ST AVE,Collision with:  Vehicle in traffic,On Roadway,"Sideswipe, same direction",Improper or erratic lane changing,None Indicated,,Daylight,Dry,Cloudy,None apparent,Non-intersection:  Non-junction/no special feature,Paved,,Property Damage Only,0,0,0,0,0,0,3000,2,3,,POINT (-91.502010038102 41.645414282047)
2014824530,14205,10/27/2014,10-October,2-Monday,06:48,0600 Hours,District 5 (Southeast),PELLA,MARION,,MAIN ST,Collision with:  Parked motor vehicle,On Roadway,Rear-end (front to rear),Other (explain in narrative):  Vision obstructed,None Indicated,,Dark - roadway lighted,Dry,Clear,None apparent,Non-intersection:  Non-junction/no special feature,Paved,,Property Damage Only,0,0,0,0,0,0,10000,2,1,,POINT (-92.916415099363 41.408856514643)
2014824276,S14-004294,10/27/2014,10-October,2-Monday,02:56,0200 Hours,District 4 (Southwest),,POTTAWATTAMIE,,Co Rd M16/380TH ST,Non-collision events:  Overturn/rollover,Outside trafficway,Non-collision (single vehicle),Swerving/Evasive Action,None Indicated,,Dark - roadway not lighted,Dry,Clear,None apparent,Non-intersection:  Non-junction/no special feature,Paved,,Property Damage Only,0,0,0,0,0,0,2000,1,4,,POINT (-95.461102129337 41.402256785624)
2014823287,1410272381,10/27/2014,10-October,2-Monday,12:10,1200 Hours,District 6 (East Central),,CLINTON,US 30,US 30,Collision with:  Vehicle in traffic,On Roadway,"Sideswipe, opposite direction",Crossed centerline (undivided),None Indicated,,Daylight,Dry,Cloudy,None apparent,Non-intersection:  Non-junction/no special feature,Paved,,Property Damage Only,0,0,0,0,0,0,40000,2,2,,POINT (-90.777165778485 41.829376930239)
2014828168,14-026522,10/27/2014,10-October,2-Monday,04:48,0400 Hours,District 5 (Southeast),,MARION,IA 5,IA 5/IOWA 5,Collision with:  Animal,,Non-collision (single vehicle),Animal,None Indicated,,,,,,,Paved,,Property Damage Only,0,0,0,0,0,0,3500,1,1,,POINT (-93.169760925027 41.324062624514)
2014823743,20140032025,10/27/2014,10-October,2-Monday,19:21,1900 Hours,District 1 (Central),DES MOINES,POLK,US 69,US 69/E 14TH ST & WALKER ST,Collision with:  Vehicle in traffic,On Roadway,Rear-end (front to rear),Unknown,None Indicated,,Dark - roadway lighted,Dry,Clear,None apparent,Intersection:  Four-way intersection,Paved,,Minor Injury,0,1,0,1,0,0,500,2,4,,POINT (-93.599466019495 41.597615362302)
2014831730,032-102-14,10/27/2014,10-October,2-Monday,09:27,0900 Hours,District 3 (Northwest),ESTHERVILLE,EMMET,,S 1ST ST,Collision with:  Vehicle in traffic,On Roadway,"Angle, oncoming left turn",Made improper turn,None Indicated,,Daylight,Dry,Clear,None apparent,Non-intersection:  Non-junction/no special feature,Paved,,Property Damage Only,0,0,0,0,0,0,10250,2,2,,POINT (-94.843092324273 43.401518493874)
2014824603,2014-23361,10/27/2014,10-October,2-Monday,14:05,1400 Hours,District 5 (Southeast),INDIANOLA,WARREN,,S 1ST ST & E 4TH AVE,Collision with:  Vehicle in traffic,On Roadway,Broadside (front to side),FTYROW:  From stop sign,None Indicated,,Daylight,Dry,Clear,None apparent,Intersection:  Four-way intersection,Paved,,Property Damage Only,0,0,0,0,0,0,5700,2,3,,POINT (-93.559564065189 41.356237040975)
2014824029,SO14002561,10/27/2014,10-October,2-Monday,11:27,1100 Hours,District 3 (Northwest),,PLYMOUTH,,Co Rd C38/C38 & Co Rd K22,Collision with:  Vehicle in traffic,On Roadway,Broadside (front to side),FTYROW:  From stop sign,None Indicated,,Daylight,Dry,Cloudy,None apparent,Intersection:  Four-way intersection,Paved,,Major Injury,0,2,2,0,0,0,51000,2,2,,POINT (-96.370124488911 42.749784679049)
2014824342,S14-11133,10/27/2014,10-October,2-Monday,20:05,2000 Hours,District 3 (Northwest),SIOUX CITY,WOODBURY,US 75,US 75,Collision with:  Animal,,,Animal,None Indicated,,,,,,,Paved,,Property Damage Only,0,0,0,0,0,0,5000,1,1,,POINT (-96.322542270652 42.502528780394)
2014825271,201403894,10/27/2014,10-October,2-Monday,07:07,0700 Hours,District 6 (East Central),,LINN,US 151,US 151/AMANA RD,Collision with:  Animal,,,Animal,None Indicated,,,,,,,Paved,,Property Damage Only,0,0,0,0,0,0,4500,1,1,,POINT (-91.809599152358 41.896203591038)
2014823953,14-0965,10/27/2014,10-October,2-Monday,10:30,1000 Hours,District 1 (Central),WINDSOR HEIGHTS,POLK,IA 28,IA 28/63RD ST,Collision with:  Vehicle in traffic,On Roadway,"Sideswipe, same direction",FTYROW:  Other (explain in narrative),None Indicated,,Daylight,Dry,Clear,None apparent,Non-intersection:  Non-junction/no special feature,Paved,,Property Damage Only,0,0,0,0,0,0,1800,2,2,,POINT (-93.703672873882 41.601357242473)
2014830475,201416104,10/27/2014,10-October,2-Monday,11:13,1100 Hours,District 6 (East Central),CEDAR RAPIDS,LINN,,8TH AVE SE,Collision with:  Vehicle in traffic,On Roadway,"Angle, oncoming left turn",FTYROW:  Making left turn,None Indicated,,Daylight,Dry,Clear,None apparent,Intersection:  Four-way intersection,Paved,,Property Damage Only,0,0,0,0,0,0,12000,2,2,,POINT (-91.653870709508 41.977838604271)
2014824332,1-14-000417,10/27/2014,10-October,2-Monday,21:20,2100 Hours,District 4 (Southwest),,SHELBY,US 59,US 59,Collision with:  Animal,,,Animal,None Indicated,,,,,,,Paved,,Property Damage Only,0,0,0,0,0,0,5000,1,1,,POINT (-95.336873292285 41.541820186056)
2014830474,201416093,10/27/2014,10-October,2-Monday,07:04,0700 Hours,District 6 (East Central),CEDAR RAPIDS,LINN,,BLAIRS FERRY RD NE & C AVE NE,Collision with:  Vehicle in traffic,On Roadway,Rear-end (front to rear),Lost Control,None Indicated,,Dawn,Dry,Clear,None apparent,Intersection:  Four-way intersection,Paved,,Possible/Unknown,0,1,0,0,1,0,5000,2,3,,POINT (-91.638523454523 42.034749084538)
2014823708,W14-107174,10/27/2014,10-October,2-Monday,19:23,1900 Hours,District 2 (Northeast),WATERLOO,BLACK HAWK,,W AIRLINE HWY,Collision with:  Animal,On Roadway,Non-collision (single vehicle),Animal,None Indicated,,Dark - roadway not lighted,Dry,Clear,None apparent,Non-intersection:  Non-junction/no special feature,Paved,,Property Damage Only,0,0,0,0,0,0,2000,1,1,,POINT (-92.352950237342 42.542093998999)
2014823845,2014012064,10/27/2014,10-October,2-Monday,19:33,1900 Hours,District 6 (East Central),IOWA CITY,JOHNSON,,CENTER AVE & RUNDELL ST,Collision with:  Vehicle in traffic,On Roadway,Rear-end (front to rear),FTYROW:  From stop sign,Alcohol (< Statutory),,Dark - roadway not lighted,Dry,Clear,None apparent,Intersection:  Four-way intersection,Paved,,Possible/Unknown,0,1,0,0,1,0,7075,2,2,,POINT (-91.514038292233 41.653928803126)