Iowa DOT Case Number,Law Enforcement Case Number,Date of Crash,Month of Crash,Day of Week,Time of Crash,Hour,DOT District,City Name,County Name,Route with System,Location Description,First Harmful Event,Location of First Harmful Event,Manner of Crash/Collision,Major Cause,Drug or Alcohol ,Environmental Conditions,Light Conditions,Surface Conditions,Weather Conditions,Roadway Contribution,Roadway Type,Roadway Surface,Work Zone,Crash Severity,Number of Fatalities,Number of Injuries,Number of Major Injuries,Number of Minor Injuries,Number of Possible Injuries,Number of Unknown Injuries,Amount of Property Damage,Number of Vehicles Involved,Total Number of Occupants,Travel Direction,Location
2014823718,14022764,10/27/2014,10-October,2-Monday,15:59,1500 Hours,District 6 (East Central),MARION,LINN,,BLAIRS FERRY RD NE & NORTHLAND AVE NE,Collision with:  Vehicle in traffic,On Roadway,Rear-end (front to rear),Other (explain in narrative):  Other,None Indicated,,Daylight,Dry,Cloudy,None apparent,Intersection:  Four-way intersection,Paved,,Possible/Unknown,0,1,0,0,1,0,2000,2,2,,POINT (-91.63172853993 42.033875711961)
2014823735,20140031986,10/27/2014,10-October,2-Monday,14:28,1400 Hours,District 1 (Central),DES MOINES,POLK,,URBANDALE AVE & 42ND ST,Collision with:  Vehicle in traffic,On Roadway,Rear-end (front to rear),Other (explain in narrative):  Other,None Indicated,,Daylight,Dry,Clear,None apparent,Non-intersection:  Non-junction/no special feature,Paved,,Property Damage Only,0,0,0,0,0,0,1600,2,3,,POINT (-93.675569372463 41.620963370461)
2014823961,14-35631,10/27/2014,10-October,2-Monday,14:56,1400 Hours,District 3 (Northwest),SIOUX CITY,WOODBURY,I-29,I-29 & IA 12/RIVERSIDE BLVD,Collision with:  Vehicle in traffic,On Roadway,Rear-end (front to rear),Followed too close,None Indicated,,Daylight,Dry,Cloudy,None apparent,"Interchange-related:  Off-ramp, diverge area",Paved,,Major Injury,0,1,1,0,0,0,5300,2,2,,POINT (-96.467312200788 42.493850227945)
2014823993,2014-0134446,10/27/2014,10-October,2-Monday,06:39,0600 Hours,District 6 (East Central),,DUBUQUE,US 52,US 52,Collision with:  Animal,,,Animal,None Indicated,,,,,,,Paved,,Property Damage Only,0,0,0,0,0,0,2000,1,1,,POINT (-90.70854021107 42.55654864102)
2014825148,14-005067,10/27/2014,10-October,2-Monday,17:25,1700 Hours,District 1 (Central),AMES,STORY,,UNIVERSITY BLVD,Collision with:  Animal,On Roadway,Non-collision (single vehicle),Animal,None Indicated,,Daylight,Dry,Cloudy,None apparent,Non-intersection:  Non-junction/no special feature,Paved,,Property Damage Only,0,0,0,0,0,0,2500,1,1,,POINT (-93.632945668687 42.020913606634)
2014825545,2014060618,10/27/2014,10-October,2-Monday,02:20,0200 Hours,District 6 (East Central),,CEDAR,I-80,I-80,Collision with:  Animal,,,Animal,None Indicated,,,,,,,Paved,,Property Damage Only,0,0,0,0,0,0,5000,1,1,,POINT (-91.333562613721 41.664152915933)
2014827532,1410-075,10/27/2014,10-October,2-Monday,07:15,0700 Hours,District 3 (Northwest),,OSCEOLA,,Co Rd A22/170TH ST,Collision with:  Animal,,,Animal,None Indicated,,,,,,,Paved,,Property Damage Only,0,0,0,0,0,0,4500,1,1,,POINT (-95.636267173379 43.403696760657)
2014825289,148539PD,10/27/2014,10-October,2-Monday,07:59,0700 Hours,District 1 (Central),BOONE,BOONE,,ALLEN ST & 8TH ST,Collision with:  Vehicle in traffic,On Roadway,Rear-end (front to rear),Followed too close,None Indicated,,Daylight,Dry,Cloudy,None apparent,Non-intersection:  Non-junction/no special feature,Paved,,Property Damage Only,0,0,0,0,0,0,2700,2,2,,POINT (-93.87888843392 42.063794957364)
2014823688,14-045715,10/27/2014,10-October,2-Monday,07:50,0700 Hours,District 4 (Southwest),COUNCIL BLUFFS,POTTAWATTAMIE,I-29,I-29,Collision with:  Vehicle in traffic,On Roadway,"Sideswipe, same direction",Improper or erratic lane changing,None Indicated,,Daylight,Dry,Cloudy,None apparent,Non-intersection:  Non-junction/no special feature,Paved,,Property Damage Only,0,0,0,0,0,0,5050,2,2,,POINT (-95.868582090566 41.232159002155)
2014824424,2014-75260,10/27/2014,10-October,2-Monday,22:58,2200 Hours,District 6 (East Central),DAVENPORT,SCOTT,,E LOCUST ST & VIRGINIA AVE,Collision with fixed object:  Utility pole/light support,Outside trafficway,Non-collision (single vehicle),Ran off road - right,None Indicated,,Dark - roadway lighted,Dry,Clear,None apparent,Intersection:  T-intersection,Paved,,Property Damage Only,0,0,0,0,0,0,5000,1,1,,POINT (-90.571840296625 41.538270644266)
2014825149,14-005068,10/27/2014,10-October,2-Monday,17:16,1700 Hours,District 1 (Central),AMES,STORY,US 30,US 30 & US 69/S DUFF AVE,Collision with:  Vehicle in traffic,On Roadway,Rear-end (front to rear),Followed too close,None Indicated,,Daylight,Dry,Cloudy,None apparent,Non-intersection:  Non-junction/no special feature,Paved,,Minor Injury,0,1,0,1,0,0,8000,3,6,,POINT (-93.610000889729 42.004961070419)
2014823733,20140032011,10/27/2014,10-October,2-Monday,17:21,1700 Hours,District 1 (Central),DES MOINES,POLK,,MLK JR PKWY,Collision with:  Vehicle in traffic,On Roadway,Rear-end (front to rear),Followed too close,None Indicated,,Daylight,Dry,Cloudy,None apparent,Non-intersection:  Non-junction/no special feature,Paved,,Property Damage Only,0,0,0,0,0,0,1600,2,2,,POINT (-93.64475739508 41.586147256879)
2014823837,14-21947,10/27/2014,10-October,2-Monday,23:00,2300 Hours,District 6 (East Central),RIVERDALE,SCOTT,US 67,US 67/STATE ST,Collision with:  Animal,,,Animal,None Indicated,,,,,,,Paved,,Property Damage Only,0,0,0,0,0,0,5000,1,1,,POINT (-90.473478783722 41.533538558016)
2014824341,S14-11112,10/27/2014,10-October,2-Monday,11:44,1100 Hours,District 3 (Northwest),,WOODBURY,,Co Rd L27/MASON AVE,Collision with fixed object:  Ditch,Shoulder,Non-collision (single vehicle),Ran off road - right,None Indicated,,Daylight,Dry,Cloudy,None apparent,Non-intersection:  Non-junction/no special feature,Paved,,Property Damage Only,0,0,0,0,0,0,15500,1,1,,POINT (-95.849363560574 42.365592798356)
2014823705,W14-106976,10/27/2014,10-October,2-Monday,08:31,0800 Hours,District 2 (Northeast),WATERLOO,BLACK HAWK,,OSAGE RD & DUBUQUE RD,Collision with:  Vehicle in traffic,On Roadway,Broadside (front to side),FTYROW:  From stop sign,None Indicated,,Daylight,Dry,Clear,None apparent,Intersection:  Four-way intersection,Paved,,Property Damage Only,0,0,0,0,0,0,2000,2,4,,POINT (-92.295392027708 42.483784203299)
2014823945,20140031993,10/27/2014,10-October,2-Monday,15:18,1500 Hours,District 1 (Central),DES MOINES,POLK,,SW 9TH ST,Collision with:  Vehicle in traffic,On Roadway,Rear-end (front to rear),Followed too close,None Indicated,,Daylight,Dry,Cloudy,Work Zone (roadway-related),Non-intersection:  Non-junction/no special feature,Paved,Yes,Property Damage Only,0,0,0,0,0,0,6800,3,3,,POINT (-93.625750083221 41.536036621896)
2014823929,20140032038,10/27/2014,10-October,2-Monday,22:12,2200 Hours,District 1 (Central),DES MOINES,POLK,,E PARK AVE & SE 17TH ST,Unknown,On Roadway,Non-collision (single vehicle),Unknown,None Indicated,,Dark - roadway lighted,Dry,Cloudy,None apparent,Non-intersection:  Non-junction/no special feature,Paved,,Possible/Unknown,0,1,0,0,1,0,11000,1,1,,POINT (-93.590644820009 41.555299799915)
2014823801,14-3435,10/27/2014,10-October,2-Monday,18:00,1800 Hours,District 1 (Central),FORT DODGE,WEBSTER,,5TH AVE N & N 2ND ST,Collision with:  Vehicle in traffic,On Roadway,Rear-end (front to rear),Followed too close,None Indicated,,Dusk,Dry,Clear,None apparent,Non-intersection:  Non-junction/no special feature,Paved,,Property Damage Only,0,0,0,0,0,0,7501,3,4,,POINT (-94.198090635253 42.509631715081)
2014823741,20140032013,10/27/2014,10-October,2-Monday,17:27,1700 Hours,District 1 (Central),DES MOINES,POLK,,E HARTFORD AVE,Non-collision events:  Overturn/rollover,On Roadway,Non-collision (single vehicle),Ran off road - right,None Indicated,,Daylight,Dry,Clear,None apparent,Non-intersection:  Non-junction/no special feature,Unpaved,,Possible/Unknown,0,1,0,0,1,0,8000,1,1,,POINT (-93.56471708108 41.55919511461)
2014824763,14-141027-01,10/27/2014,10-October,2-Monday,07:05,0700 Hours,District 6 (East Central),,IOWA,US 151,US 151/42ND AVE,Collision with:  Animal,,,Animal,None Indicated,,,,,,,Paved,,Property Damage Only,0,0,0,0,0,0,2500,1,1,,POINT (-91.873123147029 41.822395251888)
2014824475,32082-14,10/27/2014,10-October,2-Monday,16:25,1600 Hours,District 3 (Northwest),,EMMET,,Co Rd A17/120 ST,Non-collision events:  Overturn/rollover,Shoulder,Non-collision (single vehicle),Swerving/Evasive Action,None Indicated,,Daylight,Dry,Clear,None apparent,Non-intersection:  Non-junction/no special feature,Paved,,Property Damage Only,0,0,0,0,0,0,8000,1,1,,POINT (-94.492481589963 43.47409266706)
2014823989,14-009580,10/27/2014,10-October,2-Monday,12:10,1200 Hours,District 6 (East Central),INDEPENDENCE,BUCHANAN,IA 150,IA 150/5TH AVE NE & 14TH ST NE,Collision with:  Vehicle in traffic,On Roadway,Rear-end (front to rear),Other (explain in narrative):  Other,None Indicated,,Daylight,Dry,Clear,None apparent,Non-intersection:  Non-junction/no special feature,Paved,,Property Damage Only,0,0,0,0,0,0,2000,2,3,,POINT (-91.889441483352 42.483361181136)
2014824060,14-015993,10/27/2014,10-October,2-Monday,13:18,1300 Hours,District 6 (East Central),TIPTON,CEDAR,IA 38,IA 38/CEDAR ST & 4TH ST,Collision with:  Vehicle in traffic,On Roadway,Head-on (front to front),FTYROW:  From stop sign,None Indicated,,Daylight,Dry,Clear,None apparent,Intersection:  Four-way intersection,Paved,,Possible/Unknown,0,1,0,0,1,0,6000,2,2,,POINT (-91.128437327756 41.768938520243)
2014823823,14033436,10/27/2014,10-October,2-Monday,19:37,1900 Hours,District 5 (Southeast),,LEE,US 61,US 61,Collision with:  Animal,,,Animal,None Indicated,,,,,,,Paved,,Property Damage Only,0,0,0,0,0,0,4000,1,1,,POINT (-91.27548859053 40.670623777511)
2014823863,14-7479,10/27/2014,10-October,2-Monday,17:15,1700 Hours,District 2 (Northeast),,KOSSUTH,,Co Rd B58/150 ST & Co Rd P66/220 AVE,Collision with fixed object:  Ditch,Shoulder,Non-collision (single vehicle),Ran off road - straight,None Indicated,,Daylight,Dry,Clear,None apparent,Non-intersection:  Non-junction/no special feature,Paved,,Property Damage Only,0,0,0,0,0,0,2000,1,1,,POINT (-94.030166415947 42.979796040247)
2014824186,201403904,10/27/2014,10-October,2-Monday,18:55,1800 Hours,District 6 (East Central),HIAWATHA,LINN,I-380,I-380,Collision with:  Animal,,,Animal,None Indicated,,,,,,,Paved,,Property Damage Only,0,0,0,0,0,0,5000,1,1,,POINT (-91.701242679546 42.081255219426)
2014823764,CL14003809,10/27/2014,10-October,2-Monday,09:46,0900 Hours,District 6 (East Central),CLINTON,CLINTON,,,Collision with:  Vehicle in traffic,On Roadway,Unknown,FTYROW:  From parked position,None Indicated,,Daylight,Dry,Cloudy,None apparent,Non-intersection:  Non-junction/no special feature,,,Possible/Unknown,0,1,0,0,1,0,1500,2,3,,POINT (-96.643700149993 40.233091251414)
2014824055,2014-75207,10/27/2014,10-October,2-Monday,17:45,1700 Hours,District 6 (East Central),DAVENPORT,SCOTT,US 6,US 6/W KIMBERLY RD & HICKORY GROVE RD,Collision with:  Vehicle in traffic,On Roadway,Broadside (front to side),FTYROW:  Making left turn,None Indicated,,Dusk,Dry,Clear,None apparent,Intersection:  T-intersection,Paved,,Property Damage Only,0,0,0,0,0,0,7000,2,6,,POINT (-90.633803093444 41.563213939784)
2014824340,S14-11103,10/27/2014,10-October,2-Monday,08:00,0800 Hours,District 3 (Northwest),SMITHLAND,WOODBURY,,S HICKORY ST,Collision with:  Animal,,,Animal,None Indicated,,,,,,,Paved,,Property Damage Only,0,0,0,0,0,0,5000,1,1,,POINT (-95.930530424644 42.224758971255)
2014824053,2014-75111,10/27/2014,10-October,2-Monday,11:52,1100 Hours,District 6 (East Central),DAVENPORT,SCOTT,,W CENTRAL PARK AVE & HICKORY GROVE RD,Collision with:  Vehicle in traffic,On Roadway,Broadside (front to side),Ran Traffic Signal,None Indicated,,Daylight,Dry,Clear,None apparent,Intersection:  Four-way intersection,Paved,,Property Damage Only,0,0,0,0,0,0,7000,2,2,,POINT (-90.610592395847 41.545495411574)
2014823814,14-0612,10/27/2014,10-October,2-Monday,03:11,0300 Hours,District 1 (Central),LEHIGH,WEBSTER,,HWY 50,Collision with fixed object:  Ditch,Outside trafficway,Non-collision (single vehicle),Swerving/Evasive Action,None Indicated,,Dark - roadway not lighted,Dry,Clear,None apparent,Non-intersection:  Non-junction/no special feature,Paved,,Property Damage Only,0,0,0,0,0,0,4000,1,2,,POINT (-94.056261278035 42.360521201083)
2014823776,14-001243,10/27/2014,10-October,2-Monday,06:07,0600 Hours,District 1 (Central),,STORY,US 30,US 30,Collision with:  Animal,,,Animal,None Indicated,,,,,,,Paved,,Property Damage Only,0,0,0,0,0,0,8000,1,1,,POINT (-93.376389500298 42.00759498001)
2014824042,14-12556,10/27/2014,10-October,2-Monday,07:33,0700 Hours,District 3 (Northwest),,SIOUX,,Co Rd K64/JACKSON AVE,Collision with:  Vehicle in traffic,On Roadway,Rear-end (front to rear),Followed too close,None Indicated,,Daylight,Dry,Clear,None apparent,Intersection:  Four-way intersection,Paved,,Minor Injury,0,2,0,2,0,0,19000,2,2,,POINT (-96.059466557146 43.18605196058)
2014825052,146-2014,10/27/2014,10-October,2-Monday,07:55,0700 Hours,District 4 (Southwest),,HARRISON,,Co Rd F58/296TH ST & Co Rd L34/OVERTON AVE,Collision with:  Animal,,,Animal,None Indicated,,,,,,,Paved,,Property Damage Only,0,0,0,0,0,0,3800,1,1,,POINT (-95.774893900649 41.575244735183)
2014826313,,10/27/2014,10-October,2-Monday,09:35,0900 Hours,District 5 (Southeast),FORT MADISON,LEE,,AVE H & 20TH ST,Collision with:  Vehicle in traffic,On Roadway,Rear-end (front to rear),Driver Distraction:  Reaching for object(s)/fallen object(s),None Indicated,,Daylight,Dry,Clear,None apparent,Non-intersection:  Non-junction/no special feature,Paved,,Property Damage Only,0,0,0,0,0,0,2000,2,2,,POINT (-91.333494508666 40.630263274205)
2014823382,20140031956,10/27/2014,10-October,2-Monday,11:18,1100 Hours,District 1 (Central),DES MOINES,POLK,,LELAND AVE & SW 2ND ST,Collision with:  Vehicle in traffic,On Roadway,Broadside (front to side),Ran Stop Sign,None Indicated,,Daylight,Dry,Clear,None apparent,Intersection:  Four-way intersection,Paved,,Minor Injury,0,2,0,1,1,0,12000,2,3,,POINT (-93.617272718514 41.528273075134)
2014823737,20140032001,10/27/2014,10-October,2-Monday,16:01,1600 Hours,District 1 (Central),DES MOINES,POLK,,CROCKER ST & 2ND AVE,Collision with:  Vehicle in traffic,On Roadway,Rear-end (front to rear),"Operating vehicle in an reckless, erratic, careless, negligent manner",None Indicated,,Daylight,Dry,Cloudy,None apparent,Intersection:  T-intersection,Paved,,Possible/Unknown,0,1,0,0,1,0,5000,2,2,,POINT (-93.620316316945 41.593379436206)
2014823707,W14-107188,10/27/2014,10-October,2-Monday,20:23,2000 Hours,District 2 (Northeast),WATERLOO,BLACK HAWK,,WILLISTON AVE & BALTIMORE ST,Collision with:  Vehicle in traffic,On Roadway,Broadside (front to side),Ran Traffic Signal,None Indicated,,Dark - roadway lighted,Dry,Cloudy,None apparent,Intersection:  Four-way intersection,Paved,,Possible/Unknown,0,1,0,0,1,0,7800,2,2,,POINT (-92.349948293432 42.483944519111)
2014823842,14-5405,10/27/2014,10-October,2-Monday,16:44,1600 Hours,District 4 (Southwest),WEST DES MOINES,DALLAS,,JORDAN CREEK PKWY,Collision with:  Vehicle in traffic,On Roadway,Rear-end (front to rear),Followed too close,None Indicated,,Daylight,Dry,Cloudy,None apparent,Non-intersection:  Non-junction/no special feature,Paved,,Property Damage Only,0,0,0,0,0,0,1500,2,2,,POINT (-93.809111147237 41.585531421381)
2014823780,14009298,10/27/2014,10-October,2-Monday,08:36,0800 Hours,District 6 (East Central),,DELAWARE,US 20,US 20 & Co Rd X47/300TH AVE,Collision with:  Vehicle in traffic,On Roadway,"Angle, oncoming left turn",FTYROW:  From yield sign,None Indicated,,Daylight,Dry,Clear,None apparent,Intersection:  Four-way intersection,Paved,,Property Damage Only,0,0,0,0,0,0,2550,2,2,,POINT (-91.208561787533 42.470876191863)
2014824339,S14-11102,10/27/2014,10-October,2-Monday,07:19,0700 Hours,District 3 (Northwest),,WOODBURY,IA 141,IA 141/IOWA 141,Collision with:  Animal,,,Animal,None Indicated,,,,,,,Paved,,Property Damage Only,0,0,0,0,0,0,2000,1,1,,POINT (-95.950969695151 42.233590845063)
2014823752,C14003426,10/27/2014,10-October,2-Monday,19:04,1900 Hours,District 6 (East Central),CORALVILLE,JOHNSON,,HOLIDAY RD & 12TH AVE,Collision with:  Vehicle in traffic,On Roadway,Broadside (front to side),FTYROW:  From stop sign,None Indicated,,Dark - roadway lighted,Dry,Clear,None apparent,Intersection:  Four-way intersection,Paved,,Property Damage Only,0,0,0,0,0,0,7000,2,2,,POINT (-91.582866247049 41.694905688464)
2014827058,2014-039111,10/27/2014,10-October,2-Monday,07:35,0700 Hours,District 6 (East Central),DUBUQUE,DUBUQUE,US 52,US 52/E 9TH ST/WHITE ST,Collision with:  Vehicle in traffic,On Roadway,Broadside (front to side),Ran Traffic Signal,None Indicated,,Daylight,Dry,Clear,None apparent,Intersection:  Four-way intersection,Paved,,Property Damage Only,0,0,0,0,0,0,10000,2,2,,POINT (-90.664584333801 42.502548206591)
2014824515,14163749,10/27/2014,10-October,2-Monday,23:59,2300 Hours,District 6 (East Central),,JOHNSON,,LACKENDER AVE,Collision with fixed object:  Ditch,Outside trafficway,Non-collision (single vehicle),Ran off road - right,None Indicated,,Dark - roadway not lighted,Dry,Unknown,"Shoulders (none, low, soft, high)",Non-intersection:  Non-junction/no special feature,Unpaved,,Possible/Unknown,0,1,0,0,1,0,4500,1,1,,POINT (-91.622884152793 41.532375241785)
2014823738,20140032007,10/27/2014,10-October,2-Monday,16:55,1600 Hours,District 1 (Central),DES MOINES,POLK,,ARMY POST RD & S UNION ST,Collision with:  Vehicle in traffic,On Roadway,Rear-end (front to rear),Followed too close,None Indicated,,Daylight,Dry,Cloudy,Other (explain in narrative),Non-intersection:  Non-junction/no special feature,Paved,,Property Damage Only,0,0,0,0,0,0,1800,2,2,,POINT (-93.61611645395 41.526423761714)
2014830478,201416125,10/27/2014,10-October,2-Monday,17:05,1700 Hours,District 6 (East Central),CEDAR RAPIDS,LINN,,42ND ST NE,Collision with:  Vehicle in traffic,On Roadway,"Angle, oncoming left turn",FTYROW:  Making left turn,None Indicated,,Dusk,Dry,Cloudy,None apparent,Non-intersection:  Driveway access (within),Paved,,Property Damage Only,0,0,0,0,0,0,6000,2,3,,POINT (-91.664835137717 42.021503641381)
2014824421,2014-75141,10/27/2014,10-October,2-Monday,14:28,1400 Hours,District 6 (East Central),DAVENPORT,SCOTT,,IA 461/BRADY ST & VETERANS MEMORIAL PKWY & W 65TH ST,Collision with:  Vehicle in traffic,On Roadway,Rear-end (front to rear),Other (explain in narrative):  Other,None Indicated,,Daylight,Dry,Clear,None apparent,Intersection:  Four-way intersection,Paved,,Property Damage Only,0,0,0,0,0,0,11000,2,3,,POINT (-90.571325482556 41.585624288635)
2014823731,20140032039,10/27/2014,10-October,2-Monday,22:19,2200 Hours,District 1 (Central),DES MOINES,POLK,,WILLIAMS ST,Collision with:  Parked motor vehicle,On Roadway,"Sideswipe, same direction","Operating vehicle in an reckless, erratic, careless, negligent manner",Alcohol (Statutory),,Dark - roadway not lighted,Dry,Clear,None apparent,Non-intersection:  Non-junction/no special feature,Paved,,Property Damage Only,0,0,0,0,0,0,6500,2,1,,POINT (-93.533359639785 41.603210290906)
2014823384,20140031971,10/27/2014,10-October,2-Monday,08:50,0800 Hours,District 1 (Central),DES MOINES,POLK,,10TH ST,Collision with:  Vehicle in traffic,On Roadway,Rear-end (front to rear),"Operating vehicle in an reckless, erratic, careless, negligent manner",None Indicated,,Daylight,Dry,Cloudy,None apparent,Non-intersection:  Non-junction/no special feature,Paved,,Property Damage Only,0,0,0,0,0,0,3000,2,3,,POINT (-93.630595381144 41.609023115939)
2014824256,2014-75057,10/27/2014,10-October,2-Monday,07:51,0700 Hours,District 6 (East Central),DAVENPORT,SCOTT,,NORTHWEST BLVD,Collision with fixed object:  Utility pole/light support,On Roadway,Non-collision (single vehicle),Made improper turn,None Indicated,,Daylight,Dry,Clear,None apparent,Intersection:  T-intersection,Paved,,Property Damage Only,0,0,0,0,0,0,5100,1,1,,POINT (-90.61413296922 41.595230244046)
2014824164,2014-23331,10/27/2014,10-October,2-Monday,07:09,0700 Hours,District 5 (Southeast),INDIANOLA,WARREN,US 65,US 65/N JEFFERSON WAY & E HILLCREST AVE & W HILLCREST AVE,Collision with:  Vehicle in traffic,On Roadway,Rear-end (front to rear),Followed too close,None Indicated,,Dark - roadway lighted,Dry,Clear,Work Zone (roadway-related),Non-intersection:  Non-junction/no special feature,Paved,Yes,Possible/Unknown,0,2,0,0,2,0,8000,2,2,,POINT (-93.558621885215 41.380264904891)
2014824923,14680843,10/27/2014,10-October,2-Monday,11:20,1100 Hours,District 5 (Southeast),LOVILIA,MONROE,IA 5,IA 5/IOWA 5 & W 14TH ST & E 14TH ST,Collision with:  Vehicle in traffic,On Roadway,Rear-end (front to rear),Lost Control,None Indicated,,Daylight,Dry,Clear,None apparent,Intersection:  Four-way intersection,Paved,,Possible/Unknown,0,1,0,0,1,0,10000,2,2,,POINT (-92.905460458097 41.132308176904)
2014824401,2014060759,10/27/2014,10-October,2-Monday,19:18,1900 Hours,District 6 (East Central),,IOWA,I-80,I-80,Collision with:  Animal,,,Animal,None Indicated,,,,,,,Paved,,Property Damage Only,0,0,0,0,0,0,7000,1,1,,POINT (-91.903332421982 41.687548692006)
2014824000,2014-039120,10/27/2014,10-October,2-Monday,13:42,1300 Hours,District 6 (East Central),DUBUQUE,DUBUQUE,,GRACE ST & DELHI ST & GRANDVIEW AVE N,Collision with:  Vehicle in traffic,On Roadway,Rear-end (front to rear),Lost Control,None Indicated,,Daylight,Dry,Clear,None apparent,Intersection:  Five points or more,Paved,,Property Damage Only,0,0,0,0,0,0,2000,2,2,,POINT (-90.687882262416 42.496816246429)
2014825340,,10/27/2014,10-October,2-Monday,16:18,1600 Hours,District 4 (Southwest),FONTANELLE,ADAIR,IA 92,IA 92/IOWA 92 & W 3RD ST,Collision with:  Vehicle in traffic,On Roadway,"Sideswipe, same direction",Made improper turn,None Indicated,,Daylight,Dry,Cloudy,None apparent,Intersection:  Four-way intersection,Paved,,Property Damage Only,0,0,0,0,0,0,4000,2,2,,POINT (-94.571137853638 41.288711771394)
2014824711,14-015031,10/27/2014,10-October,2-Monday,12:34,1200 Hours,District 2 (Northeast),,FAYETTE,IA 56,IA 56/FILMORE RD & Co Rd W51/CEDAR RD,Collision with:  Vehicle in traffic,On Roadway,Rear-end (front to rear),FTYROW:  From stop sign,None Indicated,,Daylight,Dry,Cloudy,None apparent,Intersection:  Four-way intersection,Paved,,Property Damage Only,0,0,0,0,0,0,6000,2,2,,POINT (-91.656194737319 42.900883111528)
2014823753,14-3430,10/27/2014,10-October,2-Monday,14:06,1400 Hours,District 1 (Central),FORT DODGE,WEBSTER,,5TH AVE S & S 17TH ST,Collision with:  Vehicle in traffic,On Roadway,Rear-end (front to rear),Other (explain in narrative):  Other,None Indicated,,Daylight,Dry,Cloudy,None apparent,Intersection:  Four-way intersection,Paved,,Property Damage Only,0,0,0,0,0,0,6500,2,2,,POINT (-94.174912558583 42.501055124976)
2014823755,201400003895,10/27/2014,10-October,2-Monday,08:30,0800 Hours,District 6 (East Central),,LINN,US 151,US 151,Collision with:  Vehicle in traffic,On Roadway,"Sideswipe, same direction",Improper or erratic lane changing,None Indicated,,Daylight,Dry,Cloudy,None apparent,Non-intersection:  Non-junction/no special feature,Paved,,Property Damage Only,0,0,0,0,0,0,4000,2,2,,POINT (-91.549955812507 41.987011283987)
2014825147,14-005065,10/27/2014,10-October,2-Monday,13:58,1300 Hours,District 1 (Central),AMES,STORY,,GREEN HILLS DR & UNIVERSITY BLVD,Collision with:  Vehicle in traffic,On Roadway,Broadside (front to side),Ran Traffic Signal,None Indicated,,Daylight,Dry,Cloudy,None apparent,Intersection:  Four-way intersection,Paved,,Possible/Unknown,0,2,0,0,0,2,11500,2,3,,POINT (-93.639475309429 42.001134968297)
2014824216,2014060761,10/27/2014,10-October,2-Monday,19:45,1900 Hours,District 2 (Northeast),CLEAR LAKE,CERRO GORDO,I-35,I-35,Collision with:  Animal,,,Animal,None Indicated,,,,,,,Paved,,Property Damage Only,0,0,0,0,0,0,12000,1,1,,POINT (-93.34309665121 43.073274757658)
2014823293,14007470,10/27/2014,10-October,2-Monday,06:07,0600 Hours,District 1 (Central),WEBSTER CITY,HAMILTON,IA 17,IA 17/BRIGGS WOOD RD,Collision with:  Animal,,,Animal,None Indicated,,,,,,,Paved,,Property Damage Only,0,0,0,0,0,0,3000,1,1,,POINT (-93.795342829967 42.388907669471)
2014823839,2014-21937,10/27/2014,10-October,2-Monday,18:42,1800 Hours,District 6 (East Central),WALCOTT,SCOTT,,Co Rd Y40/60 AVE,Collision with:  Vehicle in traffic,On Roadway,Broadside (front to side),FTYROW:  From driveway,None Indicated,,Dark - roadway not lighted,Dry,Clear,None apparent,Non-intersection:  Driveway access (within),Paved,,Minor Injury,0,3,0,3,0,0,14000,2,3,,POINT (-90.783130442828 41.605153585043)
2014825505,14-026528,10/27/2014,10-October,2-Monday,08:01,0800 Hours,District 5 (Southeast),,MARION,IA 5,IA 5/IOWA 5,Collision with:  Animal,,,Animal,None Indicated,,,,,,,Paved,,Property Damage Only,0,0,0,0,0,0,2500,1,1,,POINT (-93.044741566706 41.277644993113)
2014827894,14-011001,10/27/2014,10-October,2-Monday,12:00,1200 Hours,District 3 (Northwest),,CARROLL,US 30,US 30 & Co Rd N14/HAWTHORNE AVE,Collision with:  Vehicle in traffic,On Roadway,"Angle, oncoming left turn",FTYROW:  Making left turn,None Indicated,,Daylight,Dry,Clear,None apparent,Intersection:  Four-way intersection,Paved,,Fatal,1,2,0,0,2,0,45800,3,4,,POINT (-94.956063647874 42.078713241115)
2014824078,14-38449,10/27/2014,10-October,2-Monday,12:55,1200 Hours,District 5 (Southeast),MIDDLETOWN,DES MOINES,,MAIN ST & BOUNDARY AVE & LOUISIANA ST,Collision with:  Vehicle in traffic,On Roadway,Rear-end (front to rear),Followed too close,None Indicated,,Daylight,Dry,Cloudy,None apparent,Intersection:  Four-way intersection,Paved,,Property Damage Only,0,0,0,0,0,0,5000,2,2,,POINT (-91.261608730058 40.827127952739)
2014823739,20140032009,10/27/2014,10-October,2-Monday,16:56,1600 Hours,District 1 (Central),DES MOINES,POLK,,LINCOLN AVE & MLK JR PKWY,Collision with:  Vehicle in traffic,On Roadway,Rear-end (front to rear),Followed too close,None Indicated,,Daylight,Dry,Cloudy,None apparent,Non-intersection:  Non-junction/no special feature,Paved,,Property Damage Only,0,0,0,0,0,0,2000,2,3,,POINT (-93.645711211921 41.613235647707)
2014823847,14-28572,10/27/2014,10-October,2-Monday,19:10,1900 Hours,District 1 (Central),NEWTON,JASPER,IA 14,IA 14/IOWA 14 S,Collision with:  Animal,On Roadway,Non-collision (single vehicle),Animal,None Indicated,,Dark - roadway lighted,Dry,Cloudy,None apparent,Non-intersection:  Non-junction/no special feature,Paved,,Property Damage Only,0,0,0,0,0,0,4000,1,1,,POINT (-93.0768824262 41.680208609207)
2014827057,2014-039109,10/27/2014,10-October,2-Monday,06:56,0600 Hours,District 6 (East Central),DUBUQUE,DUBUQUE,,GRANDVIEW AVE N,Collision with:  Vehicle in traffic,On Roadway,Rear-end (front to rear),Lost Control,None Indicated,,Dawn,Dry,Clear,None apparent,Non-intersection:  Non-junction/no special feature,Paved,,Possible/Unknown,0,1,0,0,1,0,5800,2,4,,POINT (-90.692816389617 42.503939814496)