Iowa DOT Case Number,Law Enforcement Case Number,Date of Crash,Month of Crash,Day of Week,Time of Crash,Hour,DOT District,City Name,County Name,Route with System,Location Description,First Harmful Event,Location of First Harmful Event,Manner of Crash/Collision,Major Cause,Drug or Alcohol ,Environmental Conditions,Light Conditions,Surface Conditions,Weather Conditions,Roadway Contribution,Roadway Type,Roadway Surface,Work Zone,Crash Severity,Number of Fatalities,Number of Injuries,Number of Major Injuries,Number of Minor Injuries,Number of Possible Injuries,Number of Unknown Injuries,Amount of Property Damage,Number of Vehicles Involved,Total Number of Occupants,Travel Direction,Location
2014823800,14-3432,10/27/2014,10-October,2-Monday,16:05,1600 Hours,District 1 (Central),FORT DODGE,WEBSTER,,2ND AVE N & N 16TH ST,Collision with:  Parked motor vehicle,Shoulder,Rear-end (front to rear),FTYROW:  From driveway,None Indicated,,Daylight,Dry,Clear,None apparent,Non-intersection:  Driveway access (within),Paved,,Property Damage Only,0,0,0,0,0,0,3000,2,2,,POINT (-94.176351119713 42.50832598051)
2014828371,AC14-061,10/27/2014,10-October,2-Monday,12:35,1200 Hours,District 4 (Southwest),HARLAN,SHELBY,IA 44,IA 44/CHATBURN AVE & 7TH ST,Collision with:  Vehicle in traffic,On Roadway,"Sideswipe, same direction",Unknown,None Indicated,,Daylight,Wet,Cloudy,None apparent,Non-intersection:  Non-junction/no special feature,Paved,,Property Damage Only,0,0,0,0,0,0,4500,2,3,,POINT (-95.318735387767 41.645347066194)
2014824400,2014060629,10/27/2014,10-October,2-Monday,06:40,0600 Hours,District 6 (East Central),CORALVILLE,JOHNSON,I-80,I-80,Collision with:  Other non-fixed object (explain in narrative),On Roadway,Non-collision (single vehicle),Swerving/Evasive Action,None Indicated,,Dark - roadway not lighted,Dry,Clear,Obstruction in roadway,Non-intersection:  Non-junction/no special feature,Paved,,Property Damage Only,0,0,0,0,0,0,2000,1,1,,POINT (-91.57132375592 41.686494484622)
2014826299,2014060635,10/27/2014,10-October,2-Monday,07:30,0700 Hours,District 4 (Southwest),WEST DES MOINES,DALLAS,I-80,I-80,Collision with:  Animal,On Roadway,Non-collision (single vehicle),Animal,None Indicated,,Dawn,Dry,Cloudy,None apparent,Non-intersection:  Non-junction/no special feature,Paved,,Property Damage Only,0,0,0,0,0,0,4000,1,1,,POINT (-93.821052951143 41.585906126464)
2014823717,14022747,10/27/2014,10-October,2-Monday,13:06,1300 Hours,District 6 (East Central),MARION,LINN,,7TH AVE,Collision with:  Vehicle in traffic,On Roadway,Rear-end (front to rear),Followed too close,None Indicated,,Daylight,Dry,Cloudy,None apparent,Non-intersection:  Non-junction/no special feature,Paved,,Property Damage Only,0,0,0,0,0,0,4100,2,3,,POINT (-91.598059671022 42.033316232715)
2014824423,2014-75227,10/27/2014,10-October,2-Monday,18:55,1800 Hours,District 6 (East Central),DAVENPORT,SCOTT,I-74,I-74,Collision with:  Animal,On Roadway,Non-collision (single vehicle),Animal,None Indicated,,Dark - roadway lighted,Dry,Clear,None apparent,"Interchange-related:  Off-ramp, diverge area",Paved,,Property Damage Only,0,0,0,0,0,0,4000,1,1,,POINT (-90.522105655386 41.578431128041)
2014823734,20140031981,10/27/2014,10-October,2-Monday,13:51,1300 Hours,District 5 (Southeast),DES MOINES,WARREN,,CO LINE RD,Collision with:  Animal,On Roadway,Non-collision (single vehicle),Animal,None Indicated,,Daylight,"Mud, dirt",Clear,None apparent,Non-intersection:  Non-junction/no special feature,Paved,,Property Damage Only,0,0,0,0,0,0,8000,1,1,,POINT (-93.643722438159 41.512094973642)
2014828208,14-094,10/27/2014,10-October,2-Monday,16:10,1600 Hours,District 3 (Northwest),SIOUX CENTER,SIOUX,US 75,US 75/MAIN AVE,Collision with:  Vehicle in traffic,On Roadway,"Sideswipe, same direction",Swerving/Evasive Action,None Indicated,,Daylight,Dry,Cloudy,None apparent,Non-intersection:  Non-junction/no special feature,Paved,,Property Damage Only,0,0,0,0,0,0,2300,2,2,,POINT (-96.175347768698 43.061553809943)
2014824839,20143950,10/27/2014,10-October,2-Monday,22:06,2200 Hours,District 1 (Central),,GRUNDY,US 20,US 20,Collision with:  Animal,,,Animal,None Indicated,,,,,,,Paved,,Property Damage Only,0,0,0,0,0,0,4000,1,1,,POINT (-92.95099457837 42.462362117176)
2014826066,2014-75061,10/27/2014,10-October,2-Monday,08:21,0800 Hours,District 6 (East Central),DAVENPORT,SCOTT,,TELEGRAPH RD & OAK ST,Collision with:  Vehicle in traffic,On Roadway,Broadside (front to side),Ran Stop Sign,None Indicated,,Daylight,Dry,Clear,None apparent,Intersection:  Four-way intersection,Paved,,Property Damage Only,0,0,0,0,0,0,5500,2,2,,POINT (-90.609278588341 41.526167291739)
2014824109,14-7907,10/27/2014,10-October,2-Monday,01:32,0100 Hours,District 3 (Northwest),,IDA,US 20,US 20,Collision with:  Animal,,,Animal,None Indicated,,,,,,,Paved,,Property Damage Only,0,0,0,0,0,0,8000,1,1,,POINT (-95.476832042266 42.474831375052)
2014830476,201416115,10/27/2014,10-October,2-Monday,13:09,1300 Hours,District 6 (East Central),CEDAR RAPIDS,LINN,,16TH AVE SW,Collision with:  Vehicle in traffic,On Roadway,Rear-end (front to rear),Improper Backing,None Indicated,,Daylight,Dry,Clear,None apparent,Non-intersection:  Non-junction/no special feature,Paved,,Property Damage Only,0,0,0,0,0,0,1550,2,2,,POINT (-91.661529824336 41.964265387682)
2014823784,C14003422,10/27/2014,10-October,2-Monday,12:20,1200 Hours,District 6 (East Central),CORALVILLE,JOHNSON,US 6,US 6/2ND ST & 20TH AVE,Collision with:  Vehicle in traffic,On Roadway,Rear-end (front to rear),Followed too close,None Indicated,,Daylight,Dry,Cloudy,None apparent,Intersection:  T-intersection,Paved,,Property Damage Only,0,0,0,0,0,0,2000,2,4,,POINT (-91.591518512395 41.679484280756)
2014825177,14005061,10/27/2014,10-October,2-Monday,12:09,1200 Hours,District 1 (Central),AMES,STORY,,CLARK AVE,Collision with:  Parked motor vehicle,Unknown,Unknown,Unknown,None Indicated,,Daylight,Unknown,Unknown,Unknown,Non-intersection:  Non-junction/no special feature,Paved,,Property Damage Only,0,0,0,0,0,0,1900,2,1,,POINT (-93.616910137198 42.026413863905)
2014829788,,10/27/2014,10-October,2-Monday,12:00,1200 Hours,District 1 (Central),NEVADA,STORY,US 30,US 30,Collision with fixed object:  Guardrail - face,Unknown,Unknown,Unknown,None Indicated,,,Unknown,Unknown,Unknown,,Paved,,Property Damage Only,0,0,0,0,0,0,3984,1,1,,POINT (-93.461358829793 42.006159095285)
2014823994,2014-013445,10/27/2014,10-October,2-Monday,06:27,0600 Hours,District 6 (East Central),,DUBUQUE,,OLD HIGHWAY RD,Collision with:  Vehicle in traffic,On Roadway,"Angle, oncoming left turn",Crossed centerline (undivided),None Indicated,,Dark - roadway not lighted,Dry,Cloudy,None apparent,Non-intersection:  Driveway access (within),Paved,,Minor Injury,0,1,0,1,0,0,7000,2,2,,POINT (-90.785570586581 42.4817713828)
2014827190,,10/27/2014,10-October,2-Monday,17:16,1700 Hours,District 2 (Northeast),DECORAH,WINNESHIEK,,E MAIN ST,Collision with:  Vehicle in traffic,On Roadway,"Sideswipe, same direction",FTYROW:  Making left turn,None Indicated,,Daylight,Dry,Clear,None apparent,Non-intersection:  Driveway access (within),Paved,,Property Damage Only,0,0,0,0,0,0,1800,2,3,,POINT (-91.785266682449 43.30328192483)
2014823724,14-1302,10/27/2014,10-October,2-Monday,15:13,1500 Hours,District 1 (Central),CLIVE,POLK,,NW 86TH ST,Collision with:  Vehicle in traffic,On Roadway,Rear-end (front to rear),Followed too close,None Indicated,,Daylight,Dry,Clear,None apparent,Non-intersection:  Non-junction/no special feature,Paved,,Property Damage Only,0,0,0,0,0,0,5000,2,3,,POINT (-93.736493540496 41.614076993427)
2014823844,2014012056,10/27/2014,10-October,2-Monday,16:15,1600 Hours,District 6 (East Central),IOWA CITY,JOHNSON,,MUSCATINE AVE,Collision with:  Vehicle in traffic,On Roadway,Rear-end (front to rear),"Operating vehicle in an reckless, erratic, careless, negligent manner",None Indicated,,Daylight,Dry,Clear,None apparent,Non-intersection:  Non-junction/no special feature,Paved,,Property Damage Only,0,0,0,0,0,0,2500,2,2,,POINT (-91.496028724427 41.649605409629)
2014823912,14163304,10/27/2014,10-October,2-Monday,16:42,1600 Hours,District 6 (East Central),HILLS,JOHNSON,US 218,US 218,Collision with:  Vehicle in traffic,On Roadway,"Sideswipe, same direction",Swerving/Evasive Action,None Indicated,,Daylight,Dry,Cloudy,None apparent,Non-intersection:  Non-junction/no special feature,Paved,,Minor Injury,0,1,0,1,0,0,10500,3,5,,POINT (-91.544781229167 41.559470153982)
2014823381,20140031937,10/27/2014,10-October,2-Monday,08:40,0800 Hours,District 1 (Central),DES MOINES,POLK,,FOREST AVE & MLK JR PKWY,Collision with:  Vehicle in traffic,On Roadway,"Angle, oncoming left turn",Made improper turn,None Indicated,,Daylight,Dry,Cloudy,None apparent,Intersection:  Four-way intersection,Paved,,Property Damage Only,0,0,0,0,0,0,5000,2,3,,POINT (-93.643808079114 41.604103998806)
2014825352,,10/27/2014,10-October,2-Monday,11:50,1100 Hours,District 6 (East Central),HIAWATHA,LINN,,BOYSON RD & CENTER POINT RD,Collision with:  Vehicle in traffic,On Roadway,Rear-end (front to rear),Unknown,None Indicated,,Daylight,Dry,Clear,,Intersection:  Four-way intersection,Paved,,Property Damage Only,0,0,0,0,0,0,3098,2,3,,POINT (-91.682454920906 42.046780989379)
2014824712,14-015063,10/27/2014,10-October,2-Monday,20:12,2000 Hours,District 2 (Northeast),WADENA,FAYETTE,,Co Rd C24/KORNHILL RD,Collision with:  Animal,,,Animal,None Indicated,,,,,,,Paved,,Property Damage Only,0,0,0,0,0,0,2000,1,1,,POINT (-91.681136349882 42.824260430216)
2014824182,201400003906,10/27/2014,10-October,2-Monday,19:45,1900 Hours,District 6 (East Central),,LINN,,Co Rd W36/LEWIS BOTTOMS RD,Collision with:  Animal,,,Animal,None Indicated,,,,,,,Paved,,Property Damage Only,0,0,0,0,0,0,2500,1,1,,POINT (-91.80988427426 42.129617480959)
2014823991,14-0615,10/27/2014,10-October,2-Monday,10:49,1000 Hours,District 1 (Central),FORT DODGE,WEBSTER,,Co Rd D14/170TH ST & Co Rd P56/NELSON AVE,Collision with:  Vehicle in traffic,On Roadway,"Sideswipe, same direction",FTYROW:  From stop sign,None Indicated,,Daylight,Dry,Clear,None apparent,Intersection:  T-intersection,Paved,,Property Damage Only,0,0,0,0,0,0,5000,2,2,,POINT (-94.17825594946 42.544275058975)
2014824422,2014-75176,10/27/2014,10-October,2-Monday,15:53,1500 Hours,District 6 (East Central),DAVENPORT,SCOTT,,IA 461/BRADY ST & W LOCUST ST & E LOCUST ST,Collision with:  Vehicle in traffic,On Roadway,Rear-end (front to rear),Followed too close,None Indicated,,Daylight,Dry,Clear,None apparent,Intersection:  Four-way intersection,Paved,,Property Damage Only,0,0,0,0,0,0,1500,2,3,,POINT (-90.573960681459 41.53830641602)
2014824896,,10/27/2014,10-October,2-Monday,07:15,0700 Hours,District 1 (Central),,TAMA,,Co Rd E27/HWY E27,Collision with:  Animal,On Roadway,Non-collision (single vehicle),Animal,None Indicated,,Dawn,Dry,Clear,,Non-intersection:  Non-junction/no special feature,Paved,,Property Damage Only,0,0,0,0,0,0,5502,1,1,,POINT (-92.726905740515 42.093179488801)
2014824759,14-021027-01,10/27/2014,10-October,2-Monday,18:00,1800 Hours,District 6 (East Central),,IOWA,US 6,US 6/42ND AVE,Collision with:  Animal,,,Animal,None Indicated,,,,,,,Paved,,Property Damage Only,0,0,0,0,0,0,2500,1,1,,POINT (-91.878261055929 41.763243866861)
2014835388,14026565,10/27/2014,10-October,2-Monday,18:38,1800 Hours,District 5 (Southeast),PLEASANTVILLE,MARION,IA 5,IA 5/IOWA 5,Collision with:  Animal,,,Animal,None Indicated,,,,,,,Paved,,Property Damage Only,0,0,0,0,0,0,4500,1,1,,POINT (-93.261889623374 41.357173301922)
2014823838,2014-21925,10/27/2014,10-October,2-Monday,16:08,1600 Hours,District 6 (East Central),,SCOTT,,95 AVE,Collision with fixed object:  Ditch,On Roadway,Non-collision (single vehicle),Driving too fast for conditions,None Indicated,,Daylight,"Mud, dirt",Clear,None apparent,Non-intersection:  Non-junction/no special feature,Unpaved,,Minor Injury,0,2,0,2,0,0,5000,1,4,,POINT (-90.717277654065 41.483483201353)
2014832279,2014067988,10/27/2014,10-October,2-Monday,13:37,1300 Hours,District 5 (Southeast),,MARION,IA 163,IA 163/IOWA 163 & DUBUQUE DR,Collision with:  Vehicle in traffic,On Roadway,Rear-end (front to rear),Followed too close,None Indicated,,Daylight,Dry,Clear,None apparent,Non-intersection:  Non-junction/no special feature,Paved,,Major Injury,0,2,1,1,0,0,25400,2,2,,POINT (-93.025477580883 41.451967230194)
2014823700,W14-107043,10/27/2014,10-October,2-Monday,13:22,1300 Hours,District 2 (Northeast),WATERLOO,BLACK HAWK,IA 934,IA 934/UNIVERSITY AVE & ANSBOROUGH AVE,Collision with:  Vehicle in traffic,On Roadway,Rear-end (front to rear),Other (explain in narrative):  Other,Refused,,Daylight,Dry,Cloudy,None apparent,Intersection:  Four-way intersection,Paved,,Property Damage Only,0,0,0,0,0,0,6000,2,3,,POINT (-92.376912040356 42.496099076428)
2014824464,2014060724,10/27/2014,10-October,2-Monday,14:17,1400 Hours,District 6 (East Central),CORALVILLE,JOHNSON,I-80,I-80,Collision with fixed object:  Guardrail - face,On Roadway,Non-collision (single vehicle),Swerving/Evasive Action,None Indicated,,Daylight,Dry,Clear,None apparent,Non-intersection:  Non-junction/no special feature,Paved,,Possible/Unknown,0,1,0,0,1,0,9000,2,2,,POINT (-91.57132375592 41.686494484622)
2014823730,20140031919,10/27/2014,10-October,2-Monday,02:16,0200 Hours,District 1 (Central),DES MOINES,POLK,,UNIVERSITY AVE & 48TH ST,Collision with:  Parked motor vehicle,On Roadway,Rear-end (front to rear),"Operating vehicle in an reckless, erratic, careless, negligent manner",None Indicated,,Dark - roadway lighted,Dry,Clear,None apparent,Non-intersection:  Non-junction/no special feature,Paved,,Property Damage Only,0,0,0,0,0,0,4500,2,1,,POINT (-93.682542422572 41.600367740414)
2014824837,20143945,10/27/2014,10-October,2-Monday,18:43,1800 Hours,District 1 (Central),,GRUNDY,IA 14,IA 14/G AVE,Collision with:  Animal,,,Animal,None Indicated,,,,,,,Paved,,Property Damage Only,0,0,0,0,0,0,4000,1,1,,POINT (-92.904920734779 42.301169624425)
2014823353,20140031926,10/27/2014,10-October,2-Monday,07:14,0700 Hours,District 1 (Central),DES MOINES,POLK,US 69,US 69/E 15TH ST,Collision with:  Vehicle in traffic,On Roadway,Rear-end (front to rear),Followed too close,None Indicated,,Dawn,Dry,Clear,None apparent,Non-intersection:  Non-junction/no special feature,Paved,,Property Damage Only,0,0,0,0,0,0,2100,2,31,,POINT (-93.595205377117 41.593602252557)
2014823833,2014060687,10/27/2014,10-October,2-Monday,10:50,1000 Hours,District 6 (East Central),,DUBUQUE,US 52,US 52,Non-collision events:  Overturn/rollover,On Roadway,Non-collision (single vehicle),Swerving/Evasive Action,None Indicated,,Daylight,Dry,Clear,None apparent,Non-intersection:  Non-junction/no special feature,Paved,,Possible/Unknown,0,1,0,0,1,0,5000,1,1,,POINT (-90.956667636943 42.586188674512)
2014823775,14-001242,10/27/2014,10-October,2-Monday,06:09,0600 Hours,District 1 (Central),,STORY,,Co Rd S27/650TH AVE,Collision with:  Vehicle in traffic,On Roadway,Rear-end (front to rear),Followed too close,None Indicated,,Dark - roadway not lighted,Dry,Clear,None apparent,Non-intersection:  Non-junction/no special feature,Paved,,Property Damage Only,0,0,0,0,0,0,11000,2,2,,POINT (-93.405749434139 42.000442759574)
2014831685,14-007833,10/27/2014,10-October,2-Monday,08:28,0800 Hours,District 3 (Northwest),,PALO ALTO,IA 4,IA 4/460 AVE,Collision with:  Animal,,,Animal,None Indicated,,,,,,,Paved,,Property Damage Only,0,0,0,0,0,0,4500,1,1,,POINT (-94.678748682004 43.041627983642)
2014823960,14-35591,10/27/2014,10-October,2-Monday,07:24,0700 Hours,District 3 (Northwest),SIOUX CITY,WOODBURY,,29TH ST & JENNINGS ST,Collision with:  Vehicle in traffic,On Roadway,Broadside (front to side),Ran Stop Sign,None Indicated,,Dawn,Dry,Cloudy,None apparent,Intersection:  Four-way intersection,Paved,,Property Damage Only,0,0,0,0,0,0,13250,3,3,,POINT (-96.399349072916 42.520614888355)
2014823721,14-7100,10/27/2014,10-October,2-Monday,15:29,1500 Hours,District 1 (Central),,POLK,,NE 80TH ST & NE 25TH AVE,Collision with:  Vehicle in traffic,On Roadway,Rear-end (front to rear),Other (explain in narrative):  Other,None Indicated,,Daylight,Dry,Clear,None apparent,Non-intersection:  Non-junction/no special feature,Paved,,Property Damage Only,0,0,0,0,0,0,3500,3,5,,POINT (-93.445080779498 41.616619437491)
2014823736,20140031990,10/27/2014,10-October,2-Monday,14:45,1400 Hours,District 1 (Central),DES MOINES,POLK,IA 415,IA 415/2ND AVE & SHAWNEE AVE & E SHAWNEE AVE,Collision with:  Vehicle in traffic,On Roadway,"Sideswipe, same direction","Operating vehicle in an reckless, erratic, careless, negligent manner",None Indicated,,Daylight,Dry,Cloudy,None apparent,Intersection:  Four-way intersection,Paved,,Property Damage Only,0,0,0,0,0,0,3500,2,3,,POINT (-93.619946170377 41.63493169959)
2014824247,14-045188,10/27/2014,10-October,2-Monday,20:39,2000 Hours,District 5 (Southeast),MUSCATINE,MUSCATINE,US 61,US 61,Collision with:  Vehicle in traffic,On Roadway,Rear-end (front to rear),Driving too fast for conditions,None Indicated,,Dark - roadway lighted,Dry,Clear,None apparent,Non-intersection:  Non-junction/no special feature,Paved,,Possible/Unknown,0,1,0,0,1,0,7500,2,3,,POINT (-91.02419063257 41.456076179835)
2014828363,14100590,10/27/2014,10-October,2-Monday,12:04,1200 Hours,District 5 (Southeast),,WAPELLO,US 34,US 34/US34 NW RAMP,Collision with:  Vehicle in traffic,On Roadway,Rear-end (front to rear),Separation of units,None Indicated,,Daylight,Dry,Clear,None apparent,Interchange-related:  Off-ramp,Paved,,Property Damage Only,0,0,0,0,0,0,1550,2,4,,POINT (-92.37804991479 41.01530196806)
2014823815,14-0614,10/27/2014,10-October,2-Monday,08:30,0800 Hours,District 1 (Central),,WEBSTER,,GARFIELD AVE & 300TH ST,Collision with:  Vehicle in traffic,On Roadway,Rear-end (front to rear),Swerving/Evasive Action,None Indicated,,Daylight,"Mud, dirt",Clear,None apparent,Intersection:  T-intersection,Unpaved,,Property Damage Only,0,0,0,0,0,0,5000,2,2,,POINT (-94.280648593518 42.354136516933)
2014823765,CL14003810,10/27/2014,10-October,2-Monday,11:17,1100 Hours,District 6 (East Central),CLINTON,CLINTON,,16TH ST NW & MILL CREEK PKWY,Collision with:  Vehicle in traffic,On Roadway,Broadside (front to side),Ran Stop Sign,None Indicated,,Daylight,Dry,Clear,None apparent,Intersection:  Four-way intersection,Paved,,Possible/Unknown,0,1,0,0,1,0,2000,2,2,,POINT (-90.223475013321 41.863771879154)
2014824883,,10/27/2014,10-October,2-Monday,16:35,1600 Hours,District 6 (East Central),DURANT,CEDAR,,5TH ST & 5TH AVE,Collision with:  Vehicle in traffic,On Roadway,Rear-end (front to rear),Other (explain in narrative):  Other,None Indicated,,Daylight,Dry,Clear,None apparent,Intersection:  Four-way intersection,Paved,,Property Damage Only,0,0,0,0,0,0,2000,2,2,,POINT (-90.913088104123 41.601066452869)
2014823352,20140031925,10/27/2014,10-October,2-Monday,06:30,0600 Hours,District 1 (Central),DES MOINES,POLK,US 6,US 6/EUCLID AVE & 8TH ST,Collision with:  Vehicle in traffic,On Roadway,Rear-end (front to rear),Lost Control,None Indicated,,Dark - roadway lighted,Dry,Clear,None apparent,Intersection:  Four-way intersection,Paved,,Possible/Unknown,0,3,0,0,3,0,9000,2,4,,POINT (-93.627379732093 41.627676615364)
2014823317,14-7072,10/27/2014,10-October,2-Monday,00:57,0000 Hours,District 1 (Central),GRIMES,POLK,IA 141,IA 141/IOWA 141,Non-collision events:  Overturn/rollover,Shoulder,Non-collision (single vehicle),Over correcting/over steering,None Indicated,,Dark - roadway not lighted,Dry,Clear,None apparent,Non-intersection:  Non-junction/no special feature,Paved,,Property Damage Only,0,0,0,0,0,0,15000,1,1,,POINT (-93.77553313461 41.729831527179)
2014823723,14-004658,10/27/2014,10-October,2-Monday,18:42,1800 Hours,District 1 (Central),ANKENY,POLK,IA 415,IA 415/2ND AVE & NW 72ND PL,Collision with:  Animal,,,Animal,None Indicated,,,,,,,Paved,,Property Damage Only,0,0,0,0,0,0,5000,1,1,,POINT (-93.620258762042 41.692548652373)
2014824059,14015242,10/27/2014,10-October,2-Monday,12:29,1200 Hours,District 5 (Southeast),,APPANOOSE,IA 5,IA 5/IOWA 5,Collision with fixed object:  Culvert/pipe opening,Roadside,"Sideswipe, same direction",Crossed centerline (undivided),None Indicated,,Daylight,"Mud, dirt",Cloudy,None apparent,Non-intersection:  Non-junction/no special feature,Paved,,Possible/Unknown,0,1,0,0,1,0,5000,2,3,,POINT (-92.830208378405 40.850290731482)
2014824728,2014060674,10/27/2014,10-October,2-Monday,09:55,0900 Hours,District 4 (Southwest),,CASS,I-80,I-80,Collision with:  Animal,,,Animal,None Indicated,,,,,,,Paved,,Property Damage Only,0,0,0,0,0,0,3500,1,1,,POINT (-94.854153088351 41.497101978577)
2014826695,14018860,10/27/2014,10-October,2-Monday,05:36,0500 Hours,District 2 (Northeast),MASON CITY,CERRO GORDO,IA 122,IA 122/4TH ST SW,Collision with:  Animal,,,Animal,None Indicated,,,,,,,Paved,,Property Damage Only,0,0,0,0,0,0,2500,1,1,,POINT (-93.251869158184 43.148306682282)
2014830477,201416124,10/27/2014,10-October,2-Monday,16:58,1600 Hours,District 6 (East Central),CEDAR RAPIDS,LINN,IA 922,IA 922/1ST AVE W & 5TH ST NW,Collision with:  Vehicle in traffic,On Roadway,"Angle, oncoming left turn",FTYROW:  Making left turn,None Indicated,,Daylight,Dry,Cloudy,None apparent,Intersection:  Four-way intersection,Paved,,Property Damage Only,0,0,0,0,0,0,5500,2,2,,POINT (-91.678194486869 41.974806911557)
2014823962,14-35681,10/27/2014,10-October,2-Monday,22:04,2200 Hours,District 3 (Northwest),SIOUX CITY,WOODBURY,,4TH ST & FLOYD BLVD,Collision with:  Vehicle in traffic,On Roadway,Broadside (front to side),Ran Traffic Signal,None Indicated,,Dark - roadway lighted,Dry,Clear,None apparent,Intersection:  Four-way intersection,Paved,,Property Damage Only,0,0,0,0,0,0,1500,2,3,,POINT (-96.393454421671 42.494262601259)
2014824185,201403893,10/27/2014,10-October,2-Monday,05:52,0500 Hours,District 6 (East Central),,LINN,I-380,I-380,Collision with:  Animal,,,Animal,None Indicated,,,,,,,Paved,,Property Damage Only,0,0,0,0,0,0,4000,1,1,,POINT (-91.769951600468 42.164923988672)
2014831592,20141027PM01,10/27/2014,10-October,2-Monday,06:30,0600 Hours,District 3 (Northwest),ORANGE CITY,SIOUX,IA 10,IA 10/8TH ST SE,Collision with:  Vehicle in traffic,On Roadway,Rear-end (front to rear),Followed too close,None Indicated,,Dark - roadway lighted,Dry,Clear,None apparent,Non-intersection:  Non-junction/no special feature,Paved,,Property Damage Only,0,0,0,0,0,0,4200,2,2,,POINT (-96.052824246489 42.997540077005)
2014823722,14-004655,10/27/2014,10-October,2-Monday,15:28,1500 Hours,District 1 (Central),ANKENY,POLK,IA 415,IA 415/SW ORALABOR RD & SW WHITE BIRCH DR,Non-collision events:  Other non-collision (explain in narrative),On Roadway,Non-collision (single vehicle),Other (explain in narrative):  No improper action,None Indicated,,Daylight,Dry,Clear,None apparent,Intersection:  Four-way intersection,Paved,,Minor Injury,0,1,0,1,0,0,500,1,1,,POINT (-93.627116233021 41.703247876906)
2014823783,2014012055,10/27/2014,10-October,2-Monday,15:58,1500 Hours,District 6 (East Central),IOWA CITY,JOHNSON,,N 1ST AVE & STUART CT,Collision with:  Vehicle in traffic,On Roadway,Rear-end (front to rear),Followed too close,None Indicated,,Daylight,Dry,Clear,None apparent,Non-intersection:  Non-junction/no special feature,Paved,,Property Damage Only,0,0,0,0,0,0,6000,2,4,,POINT (-91.501871879906 41.670028180122)
2014824079,14-38489,10/27/2014,10-October,2-Monday,16:09,1600 Hours,District 5 (Southeast),,DES MOINES,,130TH ST,Non-collision events:  Overturn/rollover,Outside trafficway,Non-collision (single vehicle),Ran off road - left,None Indicated,,Daylight,"Mud, dirt",Clear,None apparent,Non-intersection:  Non-junction/no special feature,Unpaved,,Minor Injury,0,1,0,1,0,0,8000,1,1,,POINT (-91.339333158308 40.870727566935)
2014823979,14006746,10/27/2014,10-October,2-Monday,08:00,0800 Hours,District 2 (Northeast),MASON CITY,CERRO GORDO,,Co Rd S42/NETTLE AVE,Collision with:  Animal,,,Animal,None Indicated,,,,,,,Paved,,Property Damage Only,0,0,0,0,0,0,6000,1,1,,POINT (-93.240661065795 43.115841210147)
2014824290,102714-104,10/27/2014,10-October,2-Monday,09:27,0900 Hours,District 3 (Northwest),,BUENA VISTA,,Co Rd M27/20TH AVE & 570TH ST,Collision with:  Vehicle in traffic,On Roadway,Broadside (front to side),FTYROW:  From stop sign,None Indicated,,Daylight,Dry,Clear,None apparent,Intersection:  Four-way intersection,Paved,,Minor Injury,0,1,0,1,0,0,11000,2,2,,POINT (-95.367968569067 42.691355560556)
2014824836,20143939,10/27/2014,10-October,2-Monday,15:45,1500 Hours,District 1 (Central),,GRUNDY,,200TH ST,Collision with:  Vehicle in traffic,On Roadway,Rear-end (front to rear),Driving too fast for conditions,None Indicated,,Daylight,Dry,Cloudy,None apparent,Non-intersection:  Non-junction/no special feature,Unpaved,,Property Damage Only,0,0,0,0,0,0,6500,2,3,,POINT (-92.801969718467 42.412704695808)
2014824337,14-001583,10/27/2014,10-October,2-Monday,02:19,0200 Hours,District 1 (Central),AMES,STORY,,MORTENSON RD,,On Roadway,Non-collision (single vehicle),Crossed centerline (undivided),Alcohol (Statutory),,Dark - roadway lighted,Dry,Clear,None apparent,Non-intersection:  Non-junction/no special feature,Paved,,Major Injury,0,1,1,0,0,0,16000,1,2,,POINT (-93.657178943972 42.011878918336)
2014824838,20143949,10/27/2014,10-October,2-Monday,22:32,2200 Hours,District 1 (Central),,GRUNDY,IA 14,IA 14/G AVE,Collision with:  Animal,On Roadway,Non-collision (single vehicle),Animal,None Indicated,,Dark - roadway not lighted,Dry,Cloudy,None apparent,Non-intersection:  Non-junction/no special feature,Paved,,Minor Injury,0,4,0,4,0,0,2500,1,4,,POINT (-92.904567738082 42.237630292753)
2014823383,20140031969,10/27/2014,10-October,2-Monday,11:50,1100 Hours,District 1 (Central),DES MOINES,POLK,US 69,US 69/E 14TH ST & E WASHINGTON AVE,Collision with:  Vehicle in traffic,On Roadway,Broadside (front to side),Ran Traffic Signal,None Indicated,,Daylight,Dry,Clear,None apparent,Intersection:  Four-way intersection,Paved,,Possible/Unknown,0,1,0,0,1,0,13800,3,3,,POINT (-93.600519944434 41.607752006606)
2014826270,C14-0002986,10/27/2014,10-October,2-Monday,10:59,1000 Hours,District 2 (Northeast),MCGREGOR,CLAYTON,US 18,US 18 & IA 76/IOWA 76,Collision with:  Vehicle in traffic,On Roadway,Rear-end (front to rear),Unknown,None Indicated,,Daylight,Dry,Clear,None apparent,Intersection:  T-intersection,Paved,,Property Damage Only,0,0,0,0,0,0,18000,2,3,,POINT (-91.222598644276 43.015194817011)
2014824054,2014-75138,10/27/2014,10-October,2-Monday,14:09,1400 Hours,District 6 (East Central),DAVENPORT,SCOTT,,E 53RD ST & WOODLAND AVE,Collision with:  Vehicle in traffic,On Roadway,Rear-end (front to rear),Followed too close,None Indicated,,Daylight,Dry,Cloudy,None apparent,Non-intersection:  Non-junction/no special feature,Paved,,Property Damage Only,0,0,0,0,0,0,6000,2,3,,POINT (-90.538796043581 41.574800025449)