Iowa DOT Case Number,Law Enforcement Case Number,Date of Crash,Month of Crash,Day of Week,Time of Crash,Hour,DOT District,City Name,County Name,Route with System,Location Description,First Harmful Event,Location of First Harmful Event,Manner of Crash/Collision,Major Cause,Drug or Alcohol ,Environmental Conditions,Light Conditions,Surface Conditions,Weather Conditions,Roadway Contribution,Roadway Type,Roadway Surface,Work Zone,Crash Severity,Number of Fatalities,Number of Injuries,Number of Major Injuries,Number of Minor Injuries,Number of Possible Injuries,Number of Unknown Injuries,Amount of Property Damage,Number of Vehicles Involved,Total Number of Occupants,Travel Direction,Location
2014823964,14-35711,10/28/2014,10-October,3-Tuesday,08:43,0800 Hours,District 3 (Northwest),SIOUX CITY,WOODBURY,IA 12,IA 12/GORDON DR,Collision with:  Vehicle in traffic,On Roadway,"Angle, oncoming left turn",Ran Traffic Signal,None Indicated,,Daylight,Dry,Clear,None apparent,Intersection:  Four-way intersection,Paved,,Property Damage Only,0,0,0,0,0,0,5500,2,2,,POINT (-96.333016784227 42.475687902624)
2014825419,102814-43,10/28/2014,10-October,3-Tuesday,07:58,0700 Hours,District 3 (Northwest),STORM LAKE,BUENA VISTA,IA 7,IA 7/MILWAUKEE AVE,Collision with:  Vehicle in traffic,On Roadway,Rear-end (front to rear),Followed too close,None Indicated,,Daylight,Dry,Clear,None apparent,Non-intersection:  Non-junction/no special feature,Paved,,Property Damage Only,0,0,0,0,0,0,2000,2,2,,POINT (-95.197440465231 42.647470095436)
2014827626,SO14-1332,10/28/2014,10-October,3-Tuesday,18:15,1800 Hours,District 2 (Northeast),,WRIGHT,,Co Rd C70/330TH ST,Collision with:  Vehicle in traffic,On Roadway,"Angle, oncoming left turn",FTYROW:  From driveway,None Indicated,,Dusk,Dry,Clear,None apparent,Non-intersection:  Driveway access (within),Paved,,Property Damage Only,0,0,0,0,0,0,6000,2,2,,POINT (-93.680136755734 42.572179671119)
2014823998,2014-013469,10/28/2014,10-October,3-Tuesday,21:00,2100 Hours,District 6 (East Central),DUBUQUE,DUBUQUE,,KENNEDY RD,Collision with:  Animal,,,Animal,None Indicated,,,,,,,Paved,,Property Damage Only,0,0,0,0,0,0,2500,1,1,,POINT (-90.700271025877 42.541587399039)
2014823948,20140032129,10/28/2014,10-October,3-Tuesday,17:03,1700 Hours,District 1 (Central),DES MOINES,POLK,,WATSON POWELL JR WAY & 6TH AVE,Collision with:  Vehicle in traffic,On Roadway,"Sideswipe, same direction",Made improper turn,None Indicated,,Daylight,Dry,Clear,None apparent,Non-intersection:  Non-junction/no special feature,Paved,,Property Damage Only,0,0,0,0,0,0,3500,2,2,,POINT (-93.625606872002 41.589567725638)
2014823915,14-004961,10/28/2014,10-October,3-Tuesday,14:41,1400 Hours,District 3 (Northwest),ROCK RAPIDS,LYON,IA 9,IA 9/1ST AVE & N BOONE ST,Collision with:  Vehicle in traffic,On Roadway,Rear-end (front to rear),Followed too close,None Indicated,,Daylight,Dry,Cloudy,None apparent,Intersection:  Four-way intersection,Paved,,Possible/Unknown,0,1,0,0,1,0,4000,2,2,,POINT (-96.169407753205 43.431848587247)
2014824012,14-38643,10/28/2014,10-October,3-Tuesday,15:29,1500 Hours,District 5 (Southeast),BURLINGTON,DES MOINES,,DIVISION ST,Collision with:  Vehicle in traffic,On Roadway,Rear-end (front to rear),Other (explain in narrative):  Other,None Indicated,,Daylight,Dry,Cloudy,None apparent,Non-intersection:  Non-junction/no special feature,Paved,,Property Damage Only,0,0,0,0,0,0,4000,2,5,,POINT (-91.128534757998 40.807615291309)
2014825150,14-005076,10/28/2014,10-October,3-Tuesday,07:39,0700 Hours,District 1 (Central),AMES,STORY,US 69,US 69/GRAND AVE,Collision with:  Animal,On Roadway,Non-collision (single vehicle),Animal,None Indicated,,Daylight,Dry,Clear,None apparent,Non-intersection:  Non-junction/no special feature,Paved,,Property Damage Only,0,0,0,0,0,0,4500,1,1,,POINT (-93.620753648019 42.056429975551)
2014823917,14025375,10/28/2014,10-October,3-Tuesday,10:07,1000 Hours,District 5 (Southeast),OSKALOOSA,MAHASKA,,EDMUNDSON DR,Collision with fixed object:  Utility pole/light support,Roadside,Non-collision (single vehicle),Ran off road - right,None Indicated,,Daylight,Dry,Clear,None apparent,Non-intersection:  Non-junction/no special feature,Paved,,Major Injury,0,1,1,0,0,0,20000,1,1,,POINT (-92.659945672342 41.279403416231)
2014824187,201403911,10/28/2014,10-October,3-Tuesday,05:30,0500 Hours,District 6 (East Central),,LINN,US 151,US 151 & BLAINES CROSSING RD,Collision with:  Animal,,,Animal,None Indicated,,,,,,,Paved,,Property Damage Only,0,0,0,0,0,0,4000,1,1,,POINT (-91.546303688251 41.946427242967)
2014824021,10-14-267,10/28/2014,10-October,3-Tuesday,16:53,1600 Hours,District 3 (Northwest),LE MARS,PLYMOUTH,,HAWKEYE AVE,Collision with:  Vehicle in traffic,On Roadway,"Sideswipe, same direction",Other (explain in narrative):  Other,None Indicated,,Daylight,Dry,Cloudy,None apparent,Non-intersection:  Non-junction/no special feature,Paved,,Property Damage Only,0,0,0,0,0,0,2000,2,6,,POINT (-96.176111810416 42.785455028277)
2014833411,14-081028-01,10/28/2014,10-October,3-Tuesday,14:30,1400 Hours,District 6 (East Central),,IOWA,,Y AVE,Collision with:  Vehicle in traffic,On Roadway,Head-on (front to front),Made improper turn,None Indicated,,Daylight,Dry,Clear,None apparent,Intersection:  Four-way intersection,Unpaved,,Property Damage Only,0,0,0,0,0,0,2400,2,3,,POINT (-91.847214459481 41.730151564278)
2014823992,14009326,10/28/2014,10-October,3-Tuesday,07:34,0700 Hours,District 6 (East Central),DYERSVILLE,DELAWARE,US 20,US 20 & 221ST ST & 7TH ST SW,Collision with:  Vehicle in traffic,On Roadway,"Sideswipe, same direction",FTYROW:  Making right turn on red signal,None Indicated,,Daylight,Dry,Clear,None apparent,Intersection:  Four-way intersection,Paved,,Property Damage Only,0,0,0,0,0,0,23000,2,2,,POINT (-91.13419329446 42.47115721858)
2014823797,14-001255,10/28/2014,10-October,3-Tuesday,07:46,0700 Hours,District 1 (Central),,STORY,US 69,US 69 & Co Rd E57/280TH ST,Collision with:  Animal,,,Animal,None Indicated,,,,,,,Paved,,Property Damage Only,0,0,0,0,0,0,5000,1,1,,POINT (-93.609972285529 41.948840790568)
2014825480,2014-75393,10/28/2014,10-October,3-Tuesday,12:18,1200 Hours,District 6 (East Central),DAVENPORT,SCOTT,US 6,US 6/W KIMBERLY RD & MAIN ST,Collision with:  Vehicle in traffic,On Roadway,Broadside (front to side),Ran Traffic Signal,None Indicated,,Daylight,Dry,Clear,None apparent,Intersection:  Four-way intersection,Paved,,Property Damage Only,0,0,0,0,0,0,5000,2,7,,POINT (-90.575300225046 41.56019320313)
2014823966,14-35755,10/28/2014,10-October,3-Tuesday,15:30,1500 Hours,District 3 (Northwest),SIOUX CITY,WOODBURY,,MILITARY RD & AMANDA ST,Collision with:  Vehicle in traffic,On Roadway,Rear-end (front to rear),Followed too close,None Indicated,,Daylight,Dry,Cloudy,None apparent,Non-intersection:  Non-junction/no special feature,Paved,,Property Damage Only,0,0,0,0,0,0,3500,2,2,,POINT (-96.45558828002 42.518444661706)
2014826629,14-025362,10/28/2014,10-October,3-Tuesday,07:56,0700 Hours,District 5 (Southeast),,MAHASKA,,Co Rd G77/330TH ST,Non-collision events:  Overturn/rollover,On Roadway,Non-collision (single vehicle),Driving too fast for conditions,None Indicated,,Daylight,Dry,Clear,"Surface condition (e.g., wet, icy)",Non-intersection:  Non-junction/no special feature,Unpaved,,Property Damage Only,0,0,0,0,0,0,6000,1,1,,POINT (-92.521301431652 41.17610392601)
2014825151,14-005078,10/28/2014,10-October,3-Tuesday,12:48,1200 Hours,District 1 (Central),AMES,STORY,,LINCOLN WAY & WELCH AVE & WELCH RD,Collision with:  Vehicle in traffic,On Roadway,Rear-end (front to rear),Followed too close,None Indicated,,Daylight,Dry,Clear,None apparent,Non-intersection:  Non-junction/no special feature,Paved,,Property Damage Only,0,0,0,0,0,0,1500,2,2,,POINT (-93.650152632031 42.022789872112)
2014825154,14-005085,10/28/2014,10-October,3-Tuesday,16:14,1600 Hours,District 1 (Central),AMES,STORY,,UNIVERSITY BLVD & IOWA STATE UNIVERSITY & S 16TH ST,Collision with:  Non-motorist (see non-motorist section - NOT a unit),On Roadway,Non-collision (single vehicle),FTYROW:  Making right turn on red signal,None Indicated,,Daylight,Dry,Cloudy,None apparent,Non-intersection:  Non-junction/no special feature,Paved,,Possible/Unknown,0,1,0,0,1,0,500,1,1,,POINT (-93.633782218215 42.011497110753)
2014823725,20140032062,10/28/2014,10-October,3-Tuesday,08:25,0800 Hours,District 1 (Central),DES MOINES,POLK,I-235,I-235,Collision with:  Vehicle in traffic,On Roadway,Rear-end (front to rear),Followed too close,None Indicated,,Daylight,Dry,Clear,None apparent,Non-intersection:  Non-junction/no special feature,Paved,,Possible/Unknown,0,2,0,0,2,0,7500,2,2,,POINT (-93.6302240689 41.595532326135)
2014823920,14025416,10/28/2014,10-October,3-Tuesday,17:25,1700 Hours,District 5 (Southeast),OSKALOOSA,MAHASKA,IA 23,IA 23/17TH ST & 9TH AVE E,Collision with:  Vehicle in traffic,On Roadway,Rear-end (front to rear),Followed too close,None Indicated,,Daylight,Dry,Cloudy,None apparent,Intersection:  Four-way intersection,Paved,,Possible/Unknown,0,1,0,0,1,0,4000,2,4,,POINT (-92.623755864485 41.287172630351)
2014823970,14-009444,10/28/2014,10-October,3-Tuesday,15:15,1500 Hours,District 4 (Southwest),ATLANTIC,CASS,US 6,US 6/7TH ST & HOSPITAL DR,Collision with:  Vehicle in traffic,On Roadway,Head-on (front to front),FTYROW:  Making left turn,None Indicated,,Daylight,Dry,Clear,None apparent,Intersection:  Four-way intersection,Paved,,Property Damage Only,0,0,0,0,0,0,3600,2,2,,POINT (-94.99027992822 41.403847936249)
2014823928,14-1304,10/28/2014,10-October,3-Tuesday,08:30,0800 Hours,District 1 (Central),CLIVE,POLK,,NW 114TH ST & FOREST AVE,Collision with:  Vehicle in traffic,On Roadway,"Sideswipe, opposite direction",FTYROW:  Making left turn,None Indicated,,Daylight,Dry,Clear,None apparent,Intersection:  Four-way intersection,Paved,,Property Damage Only,0,0,0,0,0,0,2200,2,2,,POINT (-93.771318997475 41.601535776821)
2014824080,14-38646,10/28/2014,10-October,3-Tuesday,15:41,1500 Hours,District 5 (Southeast),BURLINGTON,DES MOINES,US 34,US 34,Collision with:  Vehicle in traffic,On Roadway,"Sideswipe, same direction",Crossed centerline (undivided),None Indicated,,Daylight,Dry,Clear,None apparent,Non-intersection:  Non-junction/no special feature,Paved,,Property Damage Only,0,0,0,0,0,0,1500,2,3,,POINT (-91.132806775182 40.818034518207)
2014823779,14-045898,10/28/2014,10-October,3-Tuesday,09:14,0900 Hours,District 4 (Southwest),COUNCIL BLUFFS,POTTAWATTAMIE,,9TH AVE & S 7TH ST,Collision with:  Vehicle in traffic,On Roadway,Broadside (front to side),FTYROW:  From stop sign,None Indicated,,Daylight,Dry,Clear,None apparent,Intersection:  Four-way intersection,Paved,,Property Damage Only,0,0,0,0,0,0,6000,2,3,,POINT (-95.854760243363 41.253379567486)
2014823996,2014-013463,10/28/2014,10-October,3-Tuesday,11:21,1100 Hours,District 6 (East Central),DUBUQUE,DUBUQUE,US 52,US 52 & US 61 & BELLEVUE RD,Collision with:  Vehicle in traffic,On Roadway,"Angle, oncoming left turn",FTYROW:  Making left turn,None Indicated,,Daylight,Dry,Clear,Work Zone (roadway-related),Intersection:  Four-way intersection,Paved,Yes,Property Damage Only,0,0,0,0,0,0,5000,2,2,,POINT (-90.672989556402 42.459350006179)
2014824180,14-107455,10/28/2014,10-October,3-Tuesday,16:04,1600 Hours,District 2 (Northeast),,BLACK HAWK,,Co Rd V62/JESUP RD,Collision with:  Vehicle in traffic,On Roadway,Broadside (front to side),FTYROW:  From driveway,None Indicated,,Daylight,Dry,Cloudy,None apparent,Non-intersection:  Driveway access (within),Paved,,Minor Injury,0,3,0,3,0,0,7000,2,4,,POINT (-92.103334493711 42.420563269887)
2014825153,14-005084,10/28/2014,10-October,3-Tuesday,15:44,1500 Hours,District 1 (Central),AMES,STORY,US 69,US 69/GRAND AVE & 7TH ST,Collision with:  Vehicle in traffic,On Roadway,"Angle, oncoming left turn",FTYROW:  Making left turn,None Indicated,,Daylight,Dry,Cloudy,None apparent,Intersection:  Four-way intersection,Paved,,Property Damage Only,0,0,0,0,0,0,3000,2,2,,POINT (-93.620245348173 42.027782901607)
2014825336,,10/28/2014,10-October,3-Tuesday,14:15,1400 Hours,District 1 (Central),MITCHELLVILLE,POLK,,3RD ST NW & COTTON AVE NW,Collision with:  Railway vehicle/train,On Roadway,"Angle, oncoming left turn",FTYROW:  Other (explain in narrative),None Indicated,,Daylight,Dry,Clear,None apparent,Non-intersection:  Railroad grade crossing,Paved,,Property Damage Only,0,0,0,0,0,0,5000,2,2,,POINT (-93.367784654208 41.669873102366)
2014823769,14-5415,10/28/2014,10-October,3-Tuesday,09:41,0900 Hours,District 1 (Central),WEST DES MOINES,POLK,,35TH ST/VALLEY WEST DR,Collision with:  Vehicle in traffic,On Roadway,"Sideswipe, same direction",FTYROW:  From driveway,None Indicated,,Daylight,Dry,Clear,None apparent,Non-intersection:  Driveway access (within),Paved,,Property Damage Only,0,0,0,0,0,0,2000,2,2,,POINT (-93.751990667843 41.598754505865)
2014824219,2014060839,10/28/2014,10-October,3-Tuesday,09:10,0900 Hours,District 1 (Central),URBANDALE,POLK,I-35,I-35,Collision with:  Vehicle in traffic,On Roadway,"Sideswipe, same direction",FTYROW:  Other (explain in narrative),None Indicated,,Daylight,Dry,Clear,None apparent,Non-intersection:  Non-junction/no special feature,Paved,,Property Damage Only,0,0,0,0,0,0,3000,2,2,,POINT (-93.72466952753 41.65251362667)
2014823946,20140032114,10/28/2014,10-October,3-Tuesday,14:48,1400 Hours,District 1 (Central),DES MOINES,POLK,,6TH AVE,Collision with:  Vehicle in traffic,On Roadway,"Sideswipe, same direction",Swerving/Evasive Action,None Indicated,,Daylight,Dry,Clear,None apparent,Non-intersection:  Non-junction/no special feature,Paved,,Property Damage Only,0,0,0,0,0,0,2000,2,2,,POINT (-93.625227488956 41.587552165643)
2014823772,14-28607,10/28/2014,10-October,3-Tuesday,06:20,0600 Hours,District 1 (Central),,JASPER,US 6,US 6/US 6 E,Collision with:  Animal,,,Animal,None Indicated,,,,,,,Paved,,Property Damage Only,0,0,0,0,0,0,3500,1,1,,POINT (-92.895542449852 41.703272183814)
2014823969,14-35790,10/28/2014,10-October,3-Tuesday,21:20,2100 Hours,District 3 (Northwest),SIOUX CITY,WOODBURY,,18TH ST & JONES ST,Collision with:  Vehicle in traffic,On Roadway,Head-on (front to front),Lost Control,Alcohol (Statutory),,Dark - roadway lighted,Dry,Cloudy,None apparent,Intersection:  Four-way intersection,Paved,,Property Damage Only,0,0,0,0,0,0,11500,2,1,,POINT (-96.400928921321 42.509132292389)
2014824217,2014060793,10/28/2014,10-October,3-Tuesday,05:30,0500 Hours,District 5 (Southeast),,DECATUR,I-35,I-35,Collision with:  Animal,,,Animal,None Indicated,,,,,,,Paved,,Property Damage Only,0,0,0,0,0,0,15000,1,1,,POINT (-93.844149512169 40.718353291325)
2014824655,S14-107442,10/28/2014,10-October,3-Tuesday,15:00,1500 Hours,District 2 (Northeast),,BLACK HAWK,US 218,US 218 & ELM ST,Collision with:  Vehicle in traffic,On Roadway,Rear-end (front to rear),Swerving/Evasive Action,None Indicated,,Daylight,Dry,Cloudy,None apparent,Non-intersection:  Non-junction/no special feature,Paved,,Property Damage Only,0,0,0,0,0,0,4000,2,3,,POINT (-92.270059148511 42.414721567272)
2014823931,20140032107,10/28/2014,10-October,3-Tuesday,14:09,1400 Hours,District 1 (Central),DES MOINES,POLK,US 69,US 69/SE 14TH ST & E WATROUS AVE,Collision with:  Vehicle in traffic,On Roadway,"Sideswipe, same direction",Other (explain in narrative):  Other,None Indicated,,Daylight,Dry,Clear,None apparent,Intersection:  Four-way intersection,Paved,,Property Damage Only,0,0,0,0,0,0,2000,2,2,,POINT (-93.596837977403 41.548079984926)
2014824466,2014060943,10/28/2014,10-October,3-Tuesday,19:40,1900 Hours,District 2 (Northeast),,ALLAMAKEE,IA 9,IA 9/IOWA 9,Collision with:  Animal,On Roadway,Non-collision (single vehicle),Animal,None Indicated,,Dark - roadway not lighted,Dry,Cloudy,None apparent,Non-intersection:  Non-junction/no special feature,Paved,,Property Damage Only,0,0,0,0,0,0,5000,1,2,,POINT (-91.595813360845 43.240638522332)
2014825155,14-005092,10/28/2014,10-October,3-Tuesday,18:40,1800 Hours,District 1 (Central),AMES,STORY,,IOWA STATE UNIVERSITY & MORTENSON RD & HAYWARD AVE,Non-collision events:  Other non-collision (explain in narrative),Outside trafficway,Non-collision (single vehicle),Swerving/Evasive Action,None Indicated,,Dark - roadway lighted,Dry,Cloudy,None apparent,Intersection:  T-intersection,Paved,,Minor Injury,0,1,0,1,0,0,2000,1,4,,POINT (-93.651671744374 42.011865283273)
2014826016,14-003718,10/28/2014,10-October,3-Tuesday,06:15,0600 Hours,District 5 (Southeast),SIGOURNEY,KEOKUK,,Co Rd V45/200TH AVE,Collision with:  Animal,On Roadway,Non-collision (single vehicle),Animal,None Indicated,,Dark - roadway not lighted,Dry,Clear,None apparent,Non-intersection:  Non-junction/no special feature,Paved,,Property Damage Only,0,0,0,0,0,0,2500,1,1,,POINT (-92.214694003166 41.342136257576)
2014824426,2014-75431,10/28/2014,10-October,3-Tuesday,15:08,1500 Hours,District 6 (East Central),DAVENPORT,SCOTT,,MARQUETTE ST,Collision with:  Vehicle in traffic,On Roadway,Rear-end (front to rear),Other (explain in narrative):  Other,None Indicated,,Daylight,Dry,Cloudy,None apparent,Non-intersection:  Non-junction/no special feature,Paved,,Possible/Unknown,0,1,0,0,1,0,2900,2,7,,POINT (-90.591061254965 41.555228903349)
2014823732,20140032089,10/28/2014,10-October,3-Tuesday,12:20,1200 Hours,District 1 (Central),DES MOINES,POLK,,UNIVERSITY AVE,Collision with:  Vehicle in traffic,On Roadway,Rear-end (front to rear),Lost Control,None Indicated,,Daylight,Dry,Clear,None apparent,Non-intersection:  Non-junction/no special feature,Paved,,Property Damage Only,0,0,0,0,0,0,3000,2,3,,POINT (-93.626015408613 41.60080653729)
2014824427,2014-75475,10/28/2014,10-October,3-Tuesday,17:23,1700 Hours,District 6 (East Central),DAVENPORT,SCOTT,,W 42ND ST,Collision with:  Parked motor vehicle,On Roadway,Broadside (front to side),FTYROW:  From driveway,None Indicated,,Daylight,Dry,Cloudy,None apparent,Non-intersection:  Driveway access (within),Paved,,Property Damage Only,0,0,0,0,0,0,2000,2,1,,POINT (-90.625953298801 41.563736534052)
2014824002,2014-039146,10/28/2014,10-October,3-Tuesday,19:50,1900 Hours,District 6 (East Central),DUBUQUE,DUBUQUE,,JOHN F KENNEDY RD & CARTER RD,Collision with:  Animal,,,Animal,None Indicated,,,,,,,Paved,,Property Damage Only,0,0,0,0,0,0,5000,1,1,,POINT (-90.721277102942 42.501753926976)
2014823905,W14-107330,10/28/2014,10-October,3-Tuesday,09:15,0900 Hours,District 2 (Northeast),WATERLOO,BLACK HAWK,,ANSBOROUGH AVE,Collision with:  Vehicle in traffic,On Roadway,Rear-end (front to rear),Followed too close,None Indicated,,Daylight,Dry,Clear,None apparent,Non-intersection:  Non-junction/no special feature,Paved,,Property Damage Only,0,0,0,0,0,0,3200,2,3,,POINT (-92.376609459876 42.471421381951)
2014823727,20140032075,10/28/2014,10-October,3-Tuesday,10:05,1000 Hours,District 1 (Central),DES MOINES,POLK,US 6,US 6/FREDERICK M HUBBELL AVE & E DOUGLAS AVE,Collision with:  Vehicle in traffic,On Roadway,Broadside (front to side),FTYROW:  From stop sign,None Indicated,,Daylight,Dry,Clear,None apparent,Intersection:  T-intersection,Paved,,Property Damage Only,0,0,0,0,0,0,7000,2,2,,POINT (-93.543685392372 41.629580107132)
2014825049,14-001319,10/28/2014,10-October,3-Tuesday,14:37,1400 Hours,District 1 (Central),JOHNSTON,POLK,,NW 62ND AVE,Collision with:  Vehicle in traffic,On Roadway,Broadside (front to side),Other (explain in narrative):  Vision obstructed,None Indicated,,Daylight,Dry,Clear,None apparent,Non-intersection:  Non-junction/no special feature,Paved,,Property Damage Only,0,0,0,0,0,0,2500,2,2,,POINT (-93.698853862528 41.672948513671)
2014828373,AC14-064,10/28/2014,10-October,3-Tuesday,10:50,1000 Hours,District 4 (Southwest),HARLAN,SHELBY,,12TH ST,Collision with:  Vehicle in traffic,On Roadway,Broadside (front to side),Improper Backing,None Indicated,,Daylight,Dry,Unknown,None apparent,Non-intersection:  Non-junction/no special feature,Paved,,Property Damage Only,0,0,0,0,0,0,6000,2,2,,POINT (-95.325564752414 41.644938836929)
2014826696,14018936,10/28/2014,10-October,3-Tuesday,08:02,0800 Hours,District 2 (Northeast),MASON CITY,CERRO GORDO,,S KENTUCKY AVE,Collision with:  Animal,On Roadway,Non-collision (single vehicle),Animal,None Indicated,,Daylight,Dry,Clear,None apparent,Non-intersection:  Non-junction/no special feature,Paved,,Property Damage Only,0,0,0,0,0,0,2000,1,1,,POINT (-93.181119723751 43.140876465257)
2014824005,GP20140891,10/28/2014,10-October,3-Tuesday,14:05,1400 Hours,District 1 (Central),GRINNELL,POWESHIEK,,MAIN ST,Collision with:  Vehicle in traffic,On Roadway,Rear-end (front to rear),Improper Backing,None Indicated,,Daylight,Dry,Clear,None apparent,Non-intersection:  Non-junction/no special feature,Paved,,Property Damage Only,0,0,0,0,0,0,4400,2,2,,POINT (-92.725785312622 41.751387575322)
2014823913,J14000878,10/28/2014,10-October,3-Tuesday,21:56,2100 Hours,District 6 (East Central),SWISHER,JOHNSON,I-380,I-380,Collision with:  Vehicle in traffic,On Roadway,"Sideswipe, same direction",Unknown,None Indicated,,Dark - roadway lighted,Dry,Clear,None apparent,Interchange-related:  On-ramp merge area,Paved,,Property Damage Only,0,0,0,0,0,0,2000,2,2,,POINT (-91.665773582743 41.842870453951)
2014825403,14-005077,10/28/2014,10-October,3-Tuesday,08:48,0800 Hours,District 1 (Central),AMES,STORY,,E 6TH ST,Collision with:  Parked motor vehicle,On Roadway,"Sideswipe, same direction",Lost Control,Under Influence of Alcohol/Drugs/Medications,,Daylight,Dry,Clear,None apparent,Non-intersection:  Non-junction/no special feature,Paved,,Property Damage Only,0,0,0,0,0,0,9000,2,1,,POINT (-93.605790986466 42.027067520416)
2014823924,14-7123,10/28/2014,10-October,3-Tuesday,17:28,1700 Hours,District 1 (Central),ANKENY,POLK,IA 415,IA 415/SW ORALABOR RD/NW 35TH ST & NW 26TH ST,Collision with:  Vehicle in traffic,On Roadway,Rear-end (front to rear),Other (explain in narrative):  Other,None Indicated,,Daylight,Dry,Clear,None apparent,Non-intersection:  Non-junction/no special feature,Paved,,Property Damage Only,0,0,0,0,0,0,2500,2,2,,POINT (-93.652594529766 41.701872046691)
2014823930,20140032104,10/28/2014,10-October,3-Tuesday,14:20,1400 Hours,District 1 (Central),DES MOINES,POLK,IA 28,IA 28/63RD ST,Collision with fixed object:  Other fixed object (explain in narrative),Outside trafficway,Non-collision (single vehicle),Ran off road - right,None Indicated,,Daylight,Dry,Cloudy,None apparent,Non-intersection:  Non-junction/no special feature,Paved,,Property Damage Only,0,0,0,0,0,0,2200,1,1,,POINT (-93.703428559972 41.577750783576)
2014823919,14025364,10/28/2014,10-October,3-Tuesday,08:03,0800 Hours,District 5 (Southeast),OSKALOOSA,MAHASKA,IA 92,IA 92/A AVE W & N I ST,Collision with:  Vehicle in traffic,On Roadway,Rear-end (front to rear),Other (explain in narrative):  Other,None Indicated,,Daylight,Dry,Clear,None apparent,Intersection:  Four-way intersection,Paved,,Property Damage Only,0,0,0,0,0,0,8000,2,3,,POINT (-92.655630139733 41.296226104331)
2014825073,C14003430,10/28/2014,10-October,3-Tuesday,06:24,0600 Hours,District 6 (East Central),CORALVILLE,JOHNSON,I-380,I-380,Collision with:  Animal,,,Animal,None Indicated,,,,,,,Paved,,Property Damage Only,0,0,0,0,0,0,5000,1,1,,POINT (-91.642067333539 41.710662000041)
2014824708,90-14-000377,10/28/2014,10-October,3-Tuesday,18:15,1800 Hours,District 2 (Northeast),,HUMBOLDT,,Co Rd C20/120TH ST,Collision with:  Animal,,,Animal,None Indicated,,,,,,,Paved,,Property Damage Only,0,0,0,0,0,0,5000,1,1,,POINT (-94.08094276735 42.877561278285)
2014825807,2014-23426,10/28/2014,10-October,3-Tuesday,14:00,1400 Hours,District 5 (Southeast),INDIANOLA,WARREN,US 65,US 65/N JEFFERSON WAY,Collision with:  Vehicle in traffic,On Roadway,Rear-end (front to rear),Other (explain in narrative):  Other,None Indicated,,Daylight,Wet,Rain,None apparent,Intersection:  T-intersection,Paved,,Property Damage Only,0,0,0,0,0,0,6500,2,2,,POINT (-93.558357902018 41.366178301951)
2014824375,14-38641,10/28/2014,10-October,3-Tuesday,15:28,1500 Hours,District 5 (Southeast),WEST BURLINGTON,DES MOINES,,AGENCY ST & W BURLINGTON AVE,Collision with:  Vehicle in traffic,On Roadway,"Sideswipe, opposite direction",FTYROW:  Other (explain in narrative),None Indicated,,Daylight,Dry,Clear,None apparent,Intersection:  Four-way intersection,Paved,,Property Damage Only,0,0,0,0,0,0,2000,2,2,,POINT (-91.150939773618 40.814056934689)
2014826041,2014060954,10/28/2014,10-October,3-Tuesday,22:00,2200 Hours,District 1 (Central),ANKENY,POLK,I-80,I-80,Collision with:  Animal,On Roadway,Non-collision (single vehicle),Animal,None Indicated,,Dark - roadway not lighted,Dry,Clear,None apparent,Non-intersection:  Non-junction/no special feature,Paved,,Property Damage Only,0,0,0,0,0,0,2500,1,1,,POINT (-93.574836393852 41.652243737534)
2014824477,14015311,10/28/2014,10-October,3-Tuesday,19:41,1900 Hours,District 5 (Southeast),,APPANOOSE,,Co Rd J3T/HWY J3T,Collision with:  Animal,,,Animal,None Indicated,,,,,,,Paved,,Property Damage Only,0,0,0,0,0,0,2500,1,1,,POINT (-92.712507236209 40.820698809239)
2014850983,14008741,10/28/2014,10-October,3-Tuesday,04:52,0400 Hours,District 5 (Southeast),,LOUISA,,Co Rd X17/COUNTY RD X 17,Collision with:  Animal,,,Animal,None Indicated,,,,,,,Paved,,Property Damage Only,0,0,0,0,0,0,2000,1,1,,POINT (-91.390674106683 41.229780384845)
2014825055,149-2014,10/28/2014,10-October,3-Tuesday,18:30,1800 Hours,District 4 (Southwest),,HARRISON,US 30,US 30,Collision with:  Animal,,,Animal,None Indicated,,,,,,,Paved,,Property Damage Only,0,0,0,0,0,0,2500,1,1,,POINT (-95.648740215297 41.801400751132)
2014825053,147-2014,10/28/2014,10-October,3-Tuesday,04:25,0400 Hours,District 4 (Southwest),,HARRISON,I-29,I-29,Collision with:  Animal,,,Animal,None Indicated,,,,,,,Paved,,Property Damage Only,0,0,0,0,0,0,3000,1,1,,POINT (-95.914323031157 41.514532537761)
2014827533,1410-076,10/28/2014,10-October,3-Tuesday,17:30,1700 Hours,District 3 (Northwest),,OSCEOLA,,160TH ST,Non-collision events:  Overturn/rollover,On Roadway,Non-collision (single vehicle),Driving too fast for conditions,None Indicated,,Daylight,"Mud, dirt",Clear,None apparent,Non-intersection:  Non-junction/no special feature,Unpaved,,Minor Injury,0,1,0,1,0,0,8600,1,1,,POINT (-95.613848316787 43.417924673143)
2014823947,20140032125,10/28/2014,10-October,3-Tuesday,16:43,1600 Hours,District 1 (Central),DES MOINES,POLK,,LOCUST ST & 8TH ST,Collision with:  Vehicle in traffic,On Roadway,"Sideswipe, same direction",FTYROW:  Other (explain in narrative),None Indicated,,Daylight,Dry,Clear,None apparent,Intersection:  Other intersection (explain in narrative),Paved,,Property Damage Only,0,0,0,0,0,0,3000,2,2,,POINT (-93.627399316376 41.586342370406)
2014823744,20140032088,10/28/2014,10-October,3-Tuesday,12:00,1200 Hours,District 1 (Central),DES MOINES,POLK,,UNIVERSITY AVE & 19TH ST,Collision with:  Vehicle in traffic,On Roadway,Broadside (front to side),Unknown,None Indicated,,Daylight,Dry,Clear,None apparent,Intersection:  Four-way intersection,Paved,,Property Damage Only,0,0,0,0,0,0,14000,2,2,,POINT (-93.64255936715 41.600409014517)