Iowa DOT Case Number,Law Enforcement Case Number,Date of Crash,Month of Crash,Day of Week,Time of Crash,Hour,DOT District,City Name,County Name,Route with System,Location Description,First Harmful Event,Location of First Harmful Event,Manner of Crash/Collision,Major Cause,Drug or Alcohol ,Environmental Conditions,Light Conditions,Surface Conditions,Weather Conditions,Roadway Contribution,Roadway Type,Roadway Surface,Work Zone,Crash Severity,Number of Fatalities,Number of Injuries,Number of Major Injuries,Number of Minor Injuries,Number of Possible Injuries,Number of Unknown Injuries,Amount of Property Damage,Number of Vehicles Involved,Total Number of Occupants,Travel Direction,Location
2014824609,14-033556,10/29/2014,10-October,4-Wednesday,00:27,0000 Hours,District 5 (Southeast),,LEE,US 61,US 61,Collision with:  Railway vehicle/train,,,Animal,None Indicated,,,,,,,Paved,,Property Damage Only,0,0,0,0,0,0,1500,1,1,,POINT (-91.385016550037 40.630518006413)
2014824349,14-35886,10/29/2014,10-October,4-Wednesday,17:03,1700 Hours,District 3 (Northwest),SIOUX CITY,WOODBURY,,JONES ST,Collision with:  Vehicle in traffic,On Roadway,"Sideswipe, same direction",FTYROW:  From parked position,None Indicated,,Daylight,Dry,Clear,None apparent,Non-intersection:  Non-junction/no special feature,Paved,,Property Damage Only,0,0,0,0,0,0,3000,2,2,,POINT (-96.400914453077 42.529491804051)
2014824304,14022909,10/29/2014,10-October,4-Wednesday,16:44,1600 Hours,District 6 (East Central),MARION,LINN,,7TH AVE & 6TH ST,Collision with:  Vehicle in traffic,On Roadway,Rear-end (front to rear),Other (explain in narrative):  Other,None Indicated,,Daylight,Dry,Clear,None apparent,Non-intersection:  Non-junction/no special feature,Paved,,Major Injury,0,1,1,0,0,0,6500,2,2,,POINT (-91.603930482686 42.033333764581)
2014824251,2014-23517,10/29/2014,10-October,4-Wednesday,15:35,1500 Hours,District 5 (Southeast),,WARREN,,168TH AVE,Collision with fixed object:  Ditch,Roadside,Non-collision (single vehicle),Ran off road - right,None Indicated,,Daylight,"Mud, dirt",Clear,None apparent,Non-intersection:  Non-junction/no special feature,Unpaved,,Possible/Unknown,0,1,0,0,1,0,5200,1,1,,POINT (-93.486298040305 41.421208400682)
2014825291,148606PD,10/29/2014,10-October,4-Wednesday,14:37,1400 Hours,District 1 (Central),BOONE,BOONE,,7TH ST & MONONA ST,Collision with:  Vehicle in traffic,Outside trafficway,Rear-end (front to rear),Improper Backing,None Indicated,,Daylight,Dry,Clear,None apparent,Non-intersection:  Driveway access (within),Paved,,Property Damage Only,0,0,0,0,0,0,3300,2,3,,POINT (-93.88802600608 42.062932046428)
2014824233,2014-039167,10/29/2014,10-October,4-Wednesday,14:35,1400 Hours,District 6 (East Central),DUBUQUE,DUBUQUE,US 20,US 20/DODGE ST/RAMP,Collision with:  Vehicle in traffic,On Roadway,Rear-end (front to rear),Lost Control,None Indicated,,Daylight,Dry,Cloudy,None apparent,Non-intersection:  Non-junction/no special feature,Paved,,Property Damage Only,0,0,0,0,0,0,5000,2,3,,POINT (-90.679580202432 42.49064188007)
2014824348,14-35881,10/29/2014,10-October,4-Wednesday,17:04,1700 Hours,District 3 (Northwest),SIOUX CITY,WOODBURY,,MYRTLE ST,Collision with:  Vehicle in traffic,On Roadway,"Sideswipe, same direction",FTYROW:  From parked position,None Indicated,,Daylight,Dry,Clear,None apparent,Non-intersection:  Non-junction/no special feature,Paved,,Property Damage Only,0,0,0,0,0,0,4000,2,2,,POINT (-96.422616452007 42.509800546935)
2014828568,201400003946,10/29/2014,10-October,4-Wednesday,23:40,2300 Hours,District 6 (East Central),,LINN,I-380,I-380,Collision with:  Animal,,Non-collision (single vehicle),Animal,None Indicated,,,,,,,Paved,,Property Damage Only,0,0,0,0,0,0,1500,1,1,,POINT (-91.751873608504 42.154047360539)
2014824110,14164383,10/29/2014,10-October,4-Wednesday,18:39,1800 Hours,District 6 (East Central),,JOHNSON,I-380,I-380,Collision with:  Animal,On Roadway,Non-collision (single vehicle),Animal,None Indicated,,Dark - roadway not lighted,Dry,Clear,None apparent,Non-intersection:  Non-junction/no special feature,Paved,,Property Damage Only,0,0,0,0,0,0,5000,1,2,,POINT (-91.660565728186 41.829804228992)
2014831301,2014060985,10/29/2014,10-October,4-Wednesday,08:15,0800 Hours,District 1 (Central),,STORY,I-35,I-35,Collision with:  Vehicle in traffic,On Roadway,"Sideswipe, same direction","Operating vehicle in an reckless, erratic, careless, negligent manner",None Indicated,,Daylight,Dry,Clear,None apparent,Non-intersection:  Non-junction/no special feature,Paved,,Property Damage Only,0,0,0,0,0,0,14680,2,2,,POINT (-93.570355465746 41.915512389851)
2014826674,,10/29/2014,10-October,4-Wednesday,17:02,1700 Hours,District 3 (Northwest),ARNOLDS PARK,DICKINSON,US 71,US 71/OKOBOJI GROVE RD & BROADWAY ST,Collision with:  Vehicle in traffic,On Roadway,"Sideswipe, same direction",Improper or erratic lane changing,None Indicated,,Daylight,Dry,Clear,None apparent,Intersection:  Four-way intersection,Paved,,Property Damage Only,0,0,0,0,0,0,3500,2,6,,POINT (-95.128407104112 43.367776248255)
2014825507,14-026729,10/29/2014,10-October,4-Wednesday,22:34,2200 Hours,District 5 (Southeast),,MARION,IA 5,IA 5/IOWA 5,Collision with:  Animal,,,Animal,None Indicated,,,,,,,Paved,,Property Damage Only,0,0,0,0,0,0,3000,1,1,,POINT (-92.966369973688 41.217935735602)
2014832262,14-45348,10/29/2014,10-October,4-Wednesday,06:47,0600 Hours,District 5 (Southeast),MUSCATINE,MUSCATINE,US 61,US 61 & VERDE AVE,Collision with:  Animal,On Roadway,Non-collision (single vehicle),Animal,None Indicated,,Dark - roadway not lighted,Dry,Clear,None apparent,Intersection:  Four-way intersection,Paved,,Possible/Unknown,0,2,0,0,2,0,10000,1,2,,POINT (-90.881562591677 41.519340054982)
2014825853,201416193,10/29/2014,10-October,4-Wednesday,11:27,1100 Hours,District 6 (East Central),CEDAR RAPIDS,LINN,,2ND AVE SE & 2ND ST SE,Collision with:  Non-motorist (see non-motorist section - NOT a unit),On Roadway,Non-collision (single vehicle),FTYROW:  To pedestrian,None Indicated,,Daylight,Dry,Clear,None apparent,Intersection:  Four-way intersection,Paved,,Minor Injury,0,1,0,1,0,0,50,1,1,,POINT (-91.667859654089 41.977857703557)
2014823940,20140032191,10/29/2014,10-October,4-Wednesday,07:40,0700 Hours,District 1 (Central),DES MOINES,POLK,,INGERSOLL AVE & POLK BLVD,Collision with:  Vehicle in traffic,On Roadway,Broadside (front to side),Unknown,None Indicated,,Daylight,Dry,Clear,None apparent,Intersection:  Four-way intersection,Paved,,Property Damage Only,0,0,0,0,0,0,6000,2,2,,POINT (-93.681615690072 41.586421038984)
2014825290,148593PD,10/29/2014,10-October,4-Wednesday,07:21,0700 Hours,District 1 (Central),BOONE,BOONE,US 30,US 30/220TH ST & SNEDDEN DR,Collision with:  Animal,On Roadway,Head-on (front to front),Animal,None Indicated,,Dawn,Dry,Clear,None apparent,Intersection:  Four-way intersection,Paved,,Property Damage Only,0,0,0,0,0,0,3600,2,5,,POINT (-93.853876384411 42.0345686047)
2014823927,14-7141,10/29/2014,10-October,4-Wednesday,12:21,1200 Hours,District 1 (Central),,POLK,,Co Rd R6F/NW 66TH AVE & NW TONI DR,Collision with:  Vehicle in traffic,On Roadway,Rear-end (front to rear),"Operating vehicle in an reckless, erratic, careless, negligent manner",None Indicated,,Daylight,Dry,Cloudy,None apparent,Intersection:  T-intersection,Paved,,Property Damage Only,0,0,0,0,0,0,6350,3,4,,POINT (-93.66339539266 41.680436395388)
2014825996,201416223,10/29/2014,10-October,4-Wednesday,20:19,2000 Hours,District 6 (East Central),CEDAR RAPIDS,LINN,,29TH ST NE & PRAIRIE DR NE,Collision with:  Vehicle in traffic,On Roadway,Broadside (front to side),FTYROW:  From stop sign,None Indicated,,Dark - roadway lighted,Dry,Clear,None apparent,Intersection:  Four-way intersection,Paved,,Property Damage Only,0,0,0,0,0,0,11000,2,2,,POINT (-91.653010588524 42.006613013603)
2014824350,14-35897,10/29/2014,10-October,4-Wednesday,19:40,1900 Hours,District 3 (Northwest),SIOUX CITY,WOODBURY,IA 376,IA 376/LEWIS BLVD & OUTER DR N,Collision with:  Vehicle in traffic,On Roadway,Broadside (front to side),Ran Traffic Signal,None Indicated,,Dark - unknown roadway lighting,Dry,Cloudy,None apparent,Intersection:  Four-way intersection,Paved,,Property Damage Only,0,0,0,0,0,0,7000,2,2,,POINT (-96.361331559722 42.52986862369)
2014824248,14-28742,10/29/2014,10-October,4-Wednesday,18:00,1800 Hours,District 1 (Central),,JASPER,,E 112TH ST S,Collision with:  Vehicle in traffic,On Roadway,Rear-end (front to rear),Exceeded authorized speed,None Indicated,,Dusk,Dry,Clear,None apparent,Non-intersection:  Non-junction/no special feature,Unpaved,,Property Damage Only,0,0,0,0,0,0,40000,2,4,,POINT (-92.871835236756 41.584929282028)
2014826555,2014-039173,10/29/2014,10-October,4-Wednesday,16:50,1600 Hours,District 6 (East Central),DUBUQUE,DUBUQUE,US 20,US 20/DODGE ST,Collision with:  Vehicle in traffic,On Roadway,Rear-end (front to rear),Swerving/Evasive Action,None Indicated,,Daylight,Dry,Clear,None apparent,Non-intersection:  Non-junction/no special feature,Paved,,Property Damage Only,0,0,0,0,0,0,3000,3,6,,POINT (-90.7044984941 42.49167524445)
2014823944,20140032211,10/29/2014,10-October,4-Wednesday,11:00,1100 Hours,District 1 (Central),DES MOINES,POLK,IA 415,IA 415/2ND AVE,Collision with:  Vehicle in traffic,On Roadway,Rear-end (front to rear),Followed too close,None Indicated,,Daylight,Dry,Clear,None apparent,Non-intersection:  Non-junction/no special feature,Paved,,Property Damage Only,0,0,0,0,0,0,5000,2,2,,POINT (-93.619917291472 41.628158452493)
2014824241,14-018478,10/29/2014,10-October,4-Wednesday,20:55,2000 Hours,District 5 (Southeast),,HENRY,,Co Rd W75/LEXINGTON AVE,Non-collision events:  Overturn/rollover,Roadside,Non-collision (single vehicle),Swerving/Evasive Action,None Indicated,,Dark - roadway not lighted,Dry,Cloudy,None apparent,Non-intersection:  Non-junction/no special feature,Unpaved,,Property Damage Only,0,0,0,0,0,0,6000,1,5,,POINT (-91.51605620476 40.908709584052)
2014824025,14-046058,10/29/2014,10-October,4-Wednesday,13:25,1300 Hours,District 4 (Southwest),COUNCIL BLUFFS,POTTAWATTAMIE,,N MILLARD ST,Collision with:  Parked motor vehicle,On Roadway,Rear-end (front to rear),Downhill runaway,None Indicated,,Daylight,Dry,Clear,None apparent,Non-intersection:  Non-junction/no special feature,Paved,,Property Damage Only,0,0,0,0,0,0,3500,2,1,,POINT (-95.853486766306 41.282771862403)
2014825443,2014011382,10/29/2014,10-October,4-Wednesday,19:34,1900 Hours,District 1 (Central),MARSHALLTOWN,MARSHALL,,W NEVADA ST & S 3RD ST,Collision with:  Vehicle in traffic,On Roadway,"Sideswipe, same direction",Other (explain in narrative):  Other,None Indicated,,Dark - roadway lighted,Dry,Clear,None apparent,Non-intersection:  Non-junction/no special feature,Paved,,Property Damage Only,0,0,0,0,0,0,3300,3,1,,POINT (-92.91784701305 42.044245182343)
2014824347,14-35864,10/29/2014,10-October,4-Wednesday,15:54,1500 Hours,District 3 (Northwest),SIOUX CITY,WOODBURY,I-29,I-29,Collision with:  Vehicle in traffic,On Roadway,Rear-end (front to rear),Followed too close,None Indicated,,Daylight,Dry,Clear,None apparent,Non-intersection:  Non-junction/no special feature,Paved,,Property Damage Only,0,0,0,0,0,0,12000,2,2,,POINT (-96.375336794487 42.441797552408)
2014824183,2014012132,10/29/2014,10-October,4-Wednesday,16:04,1600 Hours,District 6 (East Central),IOWA CITY,JOHNSON,US 6,US 6,Collision with:  Vehicle in traffic,On Roadway,Rear-end (front to rear),Followed too close,None Indicated,,Daylight,Dry,Clear,None apparent,Non-intersection:  Non-junction/no special feature,Paved,,Possible/Unknown,0,1,0,0,1,0,6000,2,3,,POINT (-91.514476374995 41.641135713865)
2014824729,2014061109,10/29/2014,10-October,4-Wednesday,21:50,2100 Hours,District 2 (Northeast),,CERRO GORDO,,Co Rd S56/THRUSH AVE,Non-collision events:  Overturn/rollover,Shoulder,Non-collision (single vehicle),Ran off road - right,None Indicated,,Dark - roadway not lighted,Dry,Clear,None apparent,Non-intersection:  Non-junction/no special feature,Paved,,Property Damage Only,0,0,0,0,0,0,1600,1,1,,POINT (-93.122659914591 43.066618409197)
2014836867,2014061085,10/29/2014,10-October,4-Wednesday,16:53,1600 Hours,District 6 (East Central),,JONES,US 151,US 151 & SHAW RD,Collision with:  Vehicle in traffic,On Roadway,Broadside (front to side),FTYROW:  From yield sign,None Indicated,,Daylight,Dry,Clear,None apparent,Intersection:  Four-way intersection,Paved,,Fatal,1,0,0,0,0,0,30000,2,2,,POINT (-91.269272384184 42.085927425626)
2014824019,2014-23476,10/29/2014,10-October,4-Wednesday,07:45,0700 Hours,District 5 (Southeast),,WARREN,,Co Rd R63/105TH AVE,Collision with:  Animal,,,Animal,None Indicated,,,,,,,Paved,,Property Damage Only,0,0,0,0,0,0,5000,1,1,,POINT (-93.606551982446 41.370951605166)
2014824365,S14-J2902,10/29/2014,10-October,4-Wednesday,17:55,1700 Hours,District 5 (Southeast),OSCEOLA,CLARKE,US 34,US 34/W MC LANE ST/E MC LANE ST & US 69/S MAIN ST,Collision with:  Vehicle in traffic,On Roadway,"Angle, oncoming left turn",Ran Traffic Signal,None Indicated,,Daylight,Dry,Clear,None apparent,Intersection:  Four-way intersection,Paved,,Property Damage Only,0,0,0,0,0,0,2500,2,2,,POINT (-93.765664260663 41.030615421843)
2014824166,14-35896,10/29/2014,10-October,4-Wednesday,19:30,1900 Hours,District 3 (Northwest),SIOUX CITY,WOODBURY,,W 24TH ST & HAMILTON BLVD,Collision with:  Vehicle in traffic,On Roadway,"Sideswipe, same direction",Other (explain in narrative):  Other,None Indicated,,Dark - roadway lighted,Dry,Clear,None apparent,Intersection:  Four-way intersection,Paved,,Property Damage Only,0,0,0,0,0,0,3000,2,4,,POINT (-96.416828398379 42.515250072249)
2014825993,201416187,10/29/2014,10-October,4-Wednesday,08:57,0800 Hours,District 6 (East Central),CEDAR RAPIDS,LINN,,33RD AVE SW & BOWLING ST SW,Collision with:  Vehicle in traffic,On Roadway,Broadside (front to side),FTYROW:  From stop sign,None Indicated,,Daylight,Dry,Clear,None apparent,Intersection:  Four-way intersection,Paved,,Property Damage Only,0,0,0,0,0,0,6000,2,2,,POINT (-91.657132142815 41.944967194553)
2014824006,14-046041,10/29/2014,10-October,4-Wednesday,09:00,0900 Hours,District 4 (Southwest),COUNCIL BLUFFS,POTTAWATTAMIE,,19TH AVE & S 12TH ST,Collision with:  Vehicle in traffic,On Roadway,Broadside (front to side),FTYROW:  At uncontrolled intersection,None Indicated,,Daylight,Dry,Clear,None apparent,Intersection:  Four-way intersection,Paved,,Property Damage Only,0,0,0,0,0,0,4000,2,3,,POINT (-95.861917697052 41.24374505403)
2014824034,CL14003835,10/29/2014,10-October,4-Wednesday,02:02,0200 Hours,District 6 (East Central),CLINTON,CLINTON,,6TH AVE S & S 8TH ST,Collision with:  Other non-fixed object (explain in narrative),On Roadway,Non-collision (single vehicle),Ran Traffic Signal,Alcohol (< Statutory),,Dark - roadway lighted,Dry,Cloudy,Work Zone (roadway-related),Unknown,Paved,Yes,Property Damage Only,0,0,0,0,0,0,10000,1,1,,POINT (-90.204766248192 41.83997491709)
2014824062,W14-107731,10/29/2014,10-October,4-Wednesday,14:07,1400 Hours,District 2 (Northeast),WATERLOO,BLACK HAWK,,W 9TH ST,Collision with:  Vehicle in traffic,On Roadway,Rear-end (front to rear),Other (explain in narrative):  Other,None Indicated,,Daylight,Dry,Clear,None apparent,Non-intersection:  Non-junction/no special feature,Paved,,Property Damage Only,0,0,0,0,0,0,4000,2,2,,POINT (-92.342588213839 42.468727656089)
2014824903,,10/29/2014,10-October,4-Wednesday,03:52,0300 Hours,District 5 (Southeast),CHARITON,LUCAS,US 34,US 34/NW RAMP CURV,Collision with:  Animal,On Roadway,Non-collision (single vehicle),Animal,None Indicated,,Dark - roadway not lighted,Dry,Clear,None apparent,Non-intersection:  Non-junction/no special feature,Paved,,Property Damage Only,0,0,0,0,0,0,6000,1,2,,POINT (-93.310006043705 41.005077609328)
2014824148,20140032280,10/29/2014,10-October,4-Wednesday,22:34,2200 Hours,District 1 (Central),DES MOINES,POLK,,CLARK ST & MLK JR PKWY,Collision with fixed object:  Utility pole/light support,On Roadway,Non-collision (single vehicle),Swerving/Evasive Action,None Indicated,,Dark - roadway lighted,Dry,Clear,None apparent,Intersection:  Other intersection (explain in narrative),Paved,,Property Damage Only,0,0,0,0,0,0,2750,1,1,,POINT (-93.643861897991 41.605896134363)
2014826330,,10/29/2014,10-October,4-Wednesday,19:29,1900 Hours,District 2 (Northeast),,WINNESHIEK,IA 24,IA 24/IOWA 24,Collision with:  Animal,On Roadway,Non-collision (single vehicle),Animal,None Indicated,,Dark - roadway not lighted,Dry,Unknown,None apparent,Non-intersection:  Non-junction/no special feature,Paved,,Possible/Unknown,0,1,0,0,1,0,6500,1,1,,POINT (-91.904154496148 43.158490952586)
2014823937,20140032231,10/29/2014,10-October,4-Wednesday,12:40,1200 Hours,District 1 (Central),DES MOINES,POLK,,COTTAGE GROVE AVE & MLK JR PKWY,Collision with:  Vehicle in traffic,On Roadway,Broadside (front to side),Ran Traffic Signal,None Indicated,,Daylight,Dry,Clear,None apparent,Intersection:  Four-way intersection,Paved,,Property Damage Only,0,0,0,0,0,0,10000,2,3,,POINT (-93.644407026338 41.59434581352)
2014826042,2014061006,10/29/2014,10-October,4-Wednesday,10:20,1000 Hours,District 1 (Central),,POLK,I-35,I-35,Collision with:  Vehicle in traffic,On Roadway,"Sideswipe, same direction",FTYROW:  Other (explain in narrative),None Indicated,,Daylight,Dry,Cloudy,None apparent,Non-intersection:  Non-junction/no special feature,Paved,,Property Damage Only,0,0,0,0,0,0,2500,2,3,,POINT (-93.583351851978 41.650993875863)
2014847002,SO140440,10/29/2014,10-October,4-Wednesday,08:24,0800 Hours,District 4 (Southwest),CORNING,ADAMS,,6TH ST & LOOMIS ST,Collision with:  Vehicle in traffic,On Roadway,"Sideswipe, opposite direction",Made improper turn,None Indicated,,Daylight,Dry,Cloudy,None apparent,Intersection:  Four-way intersection,Paved,,Property Damage Only,0,0,0,0,0,0,4500,2,2,,POINT (-94.740782982743 40.988115021708)
2014824232,2014-039156,10/29/2014,10-October,4-Wednesday,11:42,1100 Hours,District 6 (East Central),DUBUQUE,DUBUQUE,,E 32ND ST & PERU RD & SHERIDAN RD,Collision with:  Vehicle in traffic,On Roadway,Broadside (front to side),FTYROW:  From stop sign,None Indicated,,Daylight,Dry,Cloudy,None apparent,Intersection:  T-intersection,Paved,,Property Damage Only,0,0,0,0,0,0,2200,2,2,,POINT (-90.675040532367 42.532685190217)
2014824139,14-004686,10/29/2014,10-October,4-Wednesday,15:10,1500 Hours,District 1 (Central),ANKENY,POLK,,SE DELAWARE AVE,Collision with:  Vehicle in traffic,On Roadway,"Sideswipe, same direction",Made improper turn,None Indicated,,Daylight,Dry,Clear,None apparent,Intersection:  Four-way intersection,Paved,,Possible/Unknown,0,1,0,0,1,0,2600,2,2,,POINT (-93.581297559434 41.70298438128)
2014824177,201405108,10/29/2014,10-October,4-Wednesday,10:11,1000 Hours,District 1 (Central),,BOONE,,200TH ST,Non-collision events:  Overturn/rollover,On Roadway,Non-collision (single vehicle),Ran off road - right,None Indicated,,Daylight,"Mud, dirt",Cloudy,None apparent,Non-intersection:  Non-junction/no special feature,Unpaved,,Minor Injury,0,1,0,1,0,0,20300,1,1,,POINT (-93.803442355608 42.063708495264)
2014825050,14-001324,10/29/2014,10-October,4-Wednesday,10:19,1000 Hours,District 1 (Central),JOHNSTON,POLK,,MERLE HAY RD,Collision with:  Vehicle in traffic,On Roadway,"Angle, oncoming left turn",FTYROW:  Making left turn,None Indicated,,Daylight,Dry,Clear,None apparent,Intersection:  T-intersection,Paved,,Property Damage Only,0,0,0,0,0,0,4000,2,3,,POINT (-93.697663131471 41.665029492097)
2014823941,20140032196,10/29/2014,10-October,4-Wednesday,08:45,0800 Hours,District 1 (Central),DES MOINES,POLK,,EASTON BLVD & STEWART ST,Collision with:  Vehicle in traffic,On Roadway,"Sideswipe, same direction","Operating vehicle in an reckless, erratic, careless, negligent manner",None Indicated,,Daylight,Dry,Clear,None apparent,Intersection:  T-intersection,Paved,,Property Damage Only,0,0,0,0,0,0,2500,2,2,,POINT (-93.5879805399 41.601349629997)
2014824133,14-7145,10/29/2014,10-October,4-Wednesday,13:55,1300 Hours,District 1 (Central),,POLK,IA 415,IA 415/NW RAMP,Collision with fixed object:  Ditch,On Roadway,Non-collision (single vehicle),Swerving/Evasive Action,None Indicated,,Daylight,Dry,Clear,None apparent,Non-intersection:  Non-junction/no special feature,Paved,,Property Damage Only,0,0,0,0,0,0,6500,1,4,,POINT (-93.620411833664 41.680964697254)
2014824154,20140032260,10/29/2014,10-October,4-Wednesday,17:24,1700 Hours,District 1 (Central),DES MOINES,POLK,,HICKMAN RD,Collision with:  Vehicle in traffic,On Roadway,Rear-end (front to rear),Followed too close,None Indicated,,Dusk,Dry,Clear,None apparent,Non-intersection:  Non-junction/no special feature,Paved,,Property Damage Only,0,0,0,0,0,0,2500,2,5,,POINT (-93.696918604978 41.614900184174)
2014826805,201416210,10/29/2014,10-October,4-Wednesday,16:43,1600 Hours,District 6 (East Central),CEDAR RAPIDS,LINN,,EDGEWOOD RD NE,Collision with:  Vehicle in traffic,On Roadway,Rear-end (front to rear),Followed too close,None Indicated,,Daylight,Dry,Clear,None apparent,Intersection:  Four-way intersection,Paved,,Property Damage Only,0,0,0,0,0,0,5000,2,3,,POINT (-91.702227367755 42.021040930544)
2014824362,2014011379,10/29/2014,10-October,4-Wednesday,15:30,1500 Hours,District 1 (Central),MARSHALLTOWN,MARSHALL,,N CENTER ST,Collision with fixed object:  Traffic sign support,Shoulder,Non-collision (single vehicle),Crossed centerline (undivided),Refused,,Daylight,Dry,Clear,None apparent,Non-intersection:  Non-junction/no special feature,Paved,,Property Damage Only,0,0,0,0,0,0,39000,1,1,,POINT (-92.916848444927 42.059456585774)
2014825548,2014061086,10/29/2014,10-October,4-Wednesday,17:15,1700 Hours,District 6 (East Central),,JOHNSON,I-80,I-80,Collision with:  Vehicle in traffic,On Roadway,Rear-end (front to rear),Followed too close,None Indicated,,Daylight,Dry,Clear,None apparent,Non-intersection:  Non-junction/no special feature,Paved,,Possible/Unknown,0,1,0,0,1,0,20000,3,3,,POINT (-91.396650722079 41.666842864601)
2014824178,14-046070,10/29/2014,10-October,4-Wednesday,15:05,1500 Hours,District 4 (Southwest),COUNCIL BLUFFS,POTTAWATTAMIE,I-80,I-80,Collision with:  Vehicle in traffic,On Roadway,Head-on (front to front),Crossed centerline (undivided),None Indicated,,Daylight,Dry,Clear,None apparent,Non-intersection:  Non-junction/no special feature,Paved,,Minor Injury,0,4,0,3,1,0,5000,2,5,,POINT (-95.825412795138 41.238685098271)
2014823942,20140032193,10/29/2014,10-October,4-Wednesday,08:19,0800 Hours,District 1 (Central),DES MOINES,POLK,,GRAND AVE & 8TH ST,Collision with:  Vehicle in traffic,On Roadway,Broadside (front to side),Ran Traffic Signal,None Indicated,,Dawn,Dry,Clear,None apparent,Intersection:  Four-way intersection,Paved,,Property Damage Only,0,0,0,0,0,0,6000,2,2,,POINT (-93.627779849738 41.587232010463)
2014826806,201416212,10/29/2014,10-October,4-Wednesday,16:52,1600 Hours,District 6 (East Central),CEDAR RAPIDS,LINN,,25TH AVE SE & 4TH AVE SE,Collision with:  Parked motor vehicle,On Roadway,Rear-end (front to rear),Exceeded authorized speed,None Indicated,,Daylight,Dry,Clear,None apparent,Non-intersection:  Non-junction/no special feature,Paved,,Property Damage Only,0,0,0,0,0,0,30000,2,1,,POINT (-91.631618916832 41.983213507641)
2014824364,S14-J2901,10/29/2014,10-October,4-Wednesday,14:37,1400 Hours,District 5 (Southeast),,CLARKE,,180 AVE,Non-collision events:  Overturn/rollover,On Roadway,Non-collision (single vehicle),"Operating vehicle in an reckless, erratic, careless, negligent manner",None Indicated,,Daylight,"Mud, dirt",Clear,None apparent,Non-intersection:  Non-junction/no special feature,Unpaved,,Property Damage Only,0,0,0,0,0,0,8000,1,1,,POINT (-93.864785082442 41.045588274024)
2014825547,2014061053,10/29/2014,10-October,4-Wednesday,13:25,1300 Hours,District 6 (East Central),,SCOTT,US 67,US 67/GREAT RIVER RD,Collision with:  Vehicle in traffic,On Roadway,Rear-end (front to rear),Other (explain in narrative):  Other,None Indicated,,Daylight,Dry,Clear,None apparent,Non-intersection:  Non-junction/no special feature,Paved,,Possible/Unknown,0,1,0,0,1,0,12000,2,2,,POINT (-90.34763600464 41.630518376086)
2014824924,14680844,10/29/2014,10-October,4-Wednesday,11:36,1100 Hours,District 5 (Southeast),,MONROE,IA 5,IA 5/IOWA 5,Non-collision events:  Overturn/rollover,Roadside,Non-collision (single vehicle),Swerving/Evasive Action,None Indicated,,Daylight,Dry,Clear,None apparent,Non-intersection:  Non-junction/no special feature,Paved,,Property Damage Only,0,0,0,0,0,0,3500,1,1,,POINT (-92.856143129381 41.074236149552)
2014824351,14-35898,10/29/2014,10-October,4-Wednesday,18:40,1800 Hours,District 3 (Northwest),SIOUX CITY,WOODBURY,IA 12,IA 12/SIOUX RIVER RD,Collision with:  Animal,,,Animal,None Indicated,,,,,,,Paved,,Property Damage Only,0,0,0,0,0,0,3000,1,1,,POINT (-96.475030632744 42.524870477507)
2014824345,14-35858,10/29/2014,10-October,4-Wednesday,15:07,1500 Hours,District 3 (Northwest),SIOUX CITY,WOODBURY,I-29,I-29,Collision with:  Vehicle in traffic,On Roadway,Rear-end (front to rear),Followed too close,None Indicated,,Daylight,Dry,Clear,Work Zone (roadway-related),Non-intersection:  Other non-intersection (explain in narrative),Paved,Yes,Possible/Unknown,0,1,0,0,1,0,10000,3,3,,POINT (-96.398807321471 42.488187848704)
2014831300,2014060962,10/29/2014,10-October,4-Wednesday,00:45,0000 Hours,District 1 (Central),,POLK,I-35,I-35,Collision with:  Animal,,,Animal,None Indicated,,,,,,,Paved,,Property Damage Only,0,0,0,0,0,0,3000,1,1,,POINT (-93.647734296993 41.649883484402)
2014824195,14-11079,10/29/2014,10-October,4-Wednesday,15:36,1500 Hours,District 3 (Northwest),CARROLL,CARROLL,,LAKEWOOD DR & GRANT RD,Collision with:  Vehicle in traffic,On Roadway,Rear-end (front to rear),Followed too close,None Indicated,,Daylight,Dry,Clear,None apparent,Non-intersection:  Non-junction/no special feature,Paved,,Property Damage Only,0,0,0,0,0,0,3850,2,3,,POINT (-94.859224226173 42.085511025109)
2014824024,14-046056,10/29/2014,10-October,4-Wednesday,13:26,1300 Hours,District 4 (Southwest),COUNCIL BLUFFS,POTTAWATTAMIE,,AVE D & N 7TH ST,Collision with fixed object:  Tree,On Roadway,Non-collision (single vehicle),Ran off road - left,None Indicated,,Daylight,Dry,Clear,None apparent,Non-intersection:  Non-junction/no special feature,Paved,,Possible/Unknown,0,1,0,0,1,0,2500,1,1,,POINT (-95.85288919968 41.265224315029)
2014824456,14-11877,10/29/2014,10-October,4-Wednesday,07:29,0700 Hours,District 3 (Northwest),,SAC,,Co Rd M54/ROLF AVE,Collision with:  Animal,,,Animal,None Indicated,,,,,,,Paved,,Property Damage Only,0,0,0,0,0,0,6500,1,1,,POINT (-95.002683167583 42.391516374506)