Iowa DOT Case Number,Law Enforcement Case Number,Date of Crash,Month of Crash,Day of Week,Time of Crash,Hour,DOT District,City Name,County Name,Route with System,Location Description,First Harmful Event,Location of First Harmful Event,Manner of Crash/Collision,Major Cause,Drug or Alcohol ,Environmental Conditions,Light Conditions,Surface Conditions,Weather Conditions,Roadway Contribution,Roadway Type,Roadway Surface,Work Zone,Crash Severity,Number of Fatalities,Number of Injuries,Number of Major Injuries,Number of Minor Injuries,Number of Possible Injuries,Number of Unknown Injuries,Amount of Property Damage,Number of Vehicles Involved,Total Number of Occupants,Travel Direction,Location
2014824840,20143960,10/29/2014,10-October,4-Wednesday,09:05,0900 Hours,District 1 (Central),,GRUNDY,,120TH ST,Collision with fixed object:  Ditch,Shoulder,Non-collision (single vehicle),Ran off road - right,None Indicated,,Daylight,Dry,Clear,Unknown,Non-intersection:  Non-junction/no special feature,Unpaved,,Possible/Unknown,0,1,0,0,1,0,25000,1,1,,POINT (-93.002167342114 42.528926074937)
2014825659,14-12622,10/29/2014,10-October,4-Wednesday,05:05,0500 Hours,District 3 (Northwest),,SIOUX,,Co Rd B40/400TH ST & Co Rd L22/LILY AVE,Collision with:  Animal,,,Animal,None Indicated,,,,,,,Paved,,Property Damage Only,0,0,0,0,0,0,2000,1,1,,POINT (-95.919332377441 43.06916079915)
2014824158,14-013238,10/29/2014,10-October,4-Wednesday,18:50,1800 Hours,District 1 (Central),,TAMA,,Co Rd T47/HWY T47,Collision with:  Animal,,,Animal,None Indicated,,,,,,,Paved,,Property Damage Only,0,0,0,0,0,0,5000,1,1,,POINT (-92.708849139998 42.19150334583)
2014824855,14013216,10/29/2014,10-October,4-Wednesday,11:40,1100 Hours,District 1 (Central),,TAMA,US 63,US 63,Non-collision events:  Overturn/rollover,Roadside,Non-collision (single vehicle),Over correcting/over steering,Alcohol (Statutory),,Daylight,Dry,Clear,None apparent,Non-intersection:  Non-junction/no special feature,Paved,,Minor Injury,0,1,0,1,0,0,7000,1,2,,POINT (-92.581547679252 42.013375712127)
2014824226,14-009349,10/29/2014,10-October,4-Wednesday,12:50,1200 Hours,District 6 (East Central),MANCHESTER,DELAWARE,,E MARION ST & S BREWER ST,Collision with:  Vehicle in traffic,On Roadway,Broadside (front to side),FTYROW:  From stop sign,None Indicated,,Daylight,Dry,Clear,None apparent,Intersection:  Four-way intersection,Paved,,Property Damage Only,0,0,0,0,0,0,5000,2,2,,POINT (-91.454185996804 42.482179850403)
2014824259,201400053082,10/29/2014,10-October,4-Wednesday,16:36,1600 Hours,District 5 (Southeast),OTTUMWA,WAPELLO,,N WELLER ST & E VINE ST,Collision with:  Vehicle in traffic,On Roadway,Broadside (front to side),Other (explain in narrative):  Other,None Indicated,,Dusk,Dry,Clear,None apparent,Non-intersection:  Non-junction/no special feature,Paved,,Property Damage Only,0,0,0,0,0,0,4000,2,2,,POINT (-92.417341323386 41.004868651163)
2014825549,2014061097,10/29/2014,10-October,4-Wednesday,19:00,1900 Hours,District 6 (East Central),,JOHNSON,I-380,I-380,Collision with:  Vehicle in traffic,On Roadway,Rear-end (front to rear),Followed too close,None Indicated,,Dark - roadway not lighted,Dry,Cloudy,None apparent,Non-intersection:  Non-junction/no special feature,Paved,,Minor Injury,0,1,0,1,0,0,12000,2,2,,POINT (-91.660855826889 41.830329997913)
2014824194,14-11076,10/29/2014,10-October,4-Wednesday,14:34,1400 Hours,District 3 (Northwest),CARROLL,CARROLL,US 30,US 30/6TH ST & EAST ST,Collision with:  Vehicle in traffic,On Roadway,Broadside (front to side),FTYROW:  From stop sign,None Indicated,,Daylight,Dry,Clear,None apparent,Intersection:  Four-way intersection,Paved,,Property Damage Only,0,0,0,0,0,0,2500,2,2,,POINT (-94.862901862268 42.064512284327)
2014824057,201405106,10/29/2014,10-October,4-Wednesday,06:40,0600 Hours,District 1 (Central),,BOONE,US 30,US 30/220TH ST,Collision with:  Animal,,,Animal,None Indicated,,,,,,,Paved,,Property Damage Only,0,0,0,0,0,0,2000,1,1,,POINT (-93.909513201049 42.034798670672)
2014824141,14-004695,10/29/2014,10-October,4-Wednesday,23:26,2300 Hours,District 1 (Central),ANKENY,POLK,US 69,US 69/S ANKENY BLVD,Collision with:  Parked motor vehicle,Outside trafficway,Head-on (front to front),Swerving/Evasive Action,Alcohol (< Statutory),,Dark - roadway lighted,Dry,Clear,None apparent,Non-intersection:  Non-junction/no special feature,Paved,,Property Damage Only,0,0,0,0,0,0,32000,6,1,,POINT (-93.600392881959 41.720774232536)
2014837045,14100635,10/29/2014,10-October,4-Wednesday,06:36,0600 Hours,District 5 (Southeast),,WAPELLO,US 63,US 63,Collision with:  Animal,,,Animal,None Indicated,,,,,,,Paved,,Property Damage Only,0,0,0,0,0,0,1500,1,1,,POINT (-92.472439619078 41.096422139871)
2014828209,14-095,10/29/2014,10-October,4-Wednesday,09:20,0900 Hours,District 3 (Northwest),SIOUX CENTER,SIOUX,,12TH ST NE & 4TH AVE NE,Collision with:  Vehicle in traffic,On Roadway,Broadside (front to side),FTYROW:  From stop sign,None Indicated,,Daylight,Dry,Clear,None apparent,Intersection:  Four-way intersection,Paved,,Property Damage Only,0,0,0,0,0,0,8000,2,2,,POINT (-96.16981426827 43.09044822967)
2014825156,14-005098,10/29/2014,10-October,4-Wednesday,15:32,1500 Hours,District 1 (Central),AMES,STORY,US 69,US 69/S DUFF AVE,Collision with:  Vehicle in traffic,On Roadway,Rear-end (front to rear),Followed too close,None Indicated,,Daylight,Dry,Clear,None apparent,Non-intersection:  Non-junction/no special feature,Paved,,Property Damage Only,0,0,0,0,0,0,6000,2,2,,POINT (-93.610060259453 42.007383530798)
2014825508,14-026731,10/29/2014,10-October,4-Wednesday,23:05,2300 Hours,District 5 (Southeast),,MARION,IA 5,IA 5/IOWA 5,Collision with:  Animal,,,Animal,None Indicated,,,,,,,Paved,,Property Damage Only,0,0,0,0,0,0,1500,1,1,,POINT (-93.205225221031 41.32767099796)
2014824343,S14-11194,10/29/2014,10-October,4-Wednesday,21:47,2100 Hours,District 3 (Northwest),,WOODBURY,US 20,US 20,Collision with:  Animal,,,Animal,None Indicated,,,,,,,Paved,,Property Damage Only,0,0,0,0,0,0,1600,1,1,,POINT (-96.131601122578 42.474881709456)
2014826556,2014-039178,10/29/2014,10-October,4-Wednesday,20:10,2000 Hours,District 6 (East Central),DUBUQUE,DUBUQUE,,FREMONT AVE,Collision with:  Animal,On Roadway,Non-collision (single vehicle),Animal,None Indicated,,Dark - roadway lighted,Dry,Clear,None apparent,Non-intersection:  Non-junction/no special feature,Paved,,Property Damage Only,0,0,0,0,0,0,2500,1,2,,POINT (-90.694217668799 42.482373460435)
2014823910,1410292771,10/29/2014,10-October,4-Wednesday,11:28,1100 Hours,District 6 (East Central),,CLINTON,,Co Rd Y52/190 AVE,Collision with:  Railway vehicle/train,On Roadway,Broadside (front to side),Disregarded RR Signal,None Indicated,,Daylight,Dry,Clear,None apparent,Non-intersection:  Railroad grade crossing,Paved,,Fatal,1,0,0,0,0,0,42000,2,2,,POINT (-90.723413517539 41.825603777799)
2014823982,148287,10/29/2014,10-October,4-Wednesday,07:10,0700 Hours,District 4 (Southwest),,DALLAS,US 169,US 169/N AVE,Collision with:  Animal,,,Animal,None Indicated,,,,,,,Paved,,Property Damage Only,0,0,0,0,0,0,2000,1,1,,POINT (-94.023076302465 41.658342154668)
2014825992,201416184,10/29/2014,10-October,4-Wednesday,07:41,0700 Hours,District 6 (East Central),CEDAR RAPIDS,LINN,,ELY RD & C ST RD SW & THOMAS EDISON BLVD SW,Collision with:  Vehicle in traffic,On Roadway,Rear-end (front to rear),Other (explain in narrative):  Other,None Indicated,,Dawn,Dry,Cloudy,None apparent,Intersection:  Four-way intersection,Paved,,Property Damage Only,0,0,0,0,0,0,5000,2,2,,POINT (-91.637318613268 41.923082096459)
2014829362,201416222,10/29/2014,10-October,4-Wednesday,19:59,1900 Hours,District 6 (East Central),CEDAR RAPIDS,LINN,I-380,I-380,Collision with:  Vehicle in traffic,On Roadway,Rear-end (front to rear),Other (explain in narrative):  No improper action,None Indicated,,Dark - roadway not lighted,Dry,Clear,Work Zone (roadway-related),Non-intersection:  Non-junction/no special feature,Paved,Yes,Property Damage Only,0,0,0,0,0,0,6000,2,2,,POINT (-91.672007589812 41.907727157018)
2014831302,2014061012,10/29/2014,10-October,4-Wednesday,10:30,1000 Hours,District 1 (Central),,BOONE,US 30,US 30/230TH ST,Collision with:  Animal,,,Animal,None Indicated,,,,,,,Paved,,Property Damage Only,0,0,0,0,0,0,1600,1,1,,POINT (-93.711124068 42.018177220232)
2014828211,14-097,10/29/2014,10-October,4-Wednesday,13:00,1300 Hours,District 3 (Northwest),SIOUX CENTER,SIOUX,US 75,US 75/MAIN AVE,Collision with:  Vehicle in traffic,On Roadway,Rear-end (front to rear),Followed too close,None Indicated,,Daylight,Dry,Clear,None apparent,Non-intersection:  Non-junction/no special feature,Paved,,Property Damage Only,0,0,0,0,0,0,3500,2,2,,POINT (-96.175395727461 43.067711240508)
2014824198,14-12664,10/29/2014,10-October,4-Wednesday,18:10,1800 Hours,District 3 (Northwest),,SIOUX,,Co Rd K18/BUCHANAN AVE,Collision with:  Animal,,,Animal,None Indicated,,,,,,,Paved,,Property Damage Only,0,0,0,0,0,0,1500,1,1,,POINT (-96.470517654995 42.94914050021)
2014824228,14-5450,10/29/2014,10-October,4-Wednesday,17:10,1700 Hours,District 1 (Central),WEST DES MOINES,POLK,I-35,I-35,Collision with:  Vehicle in traffic,On Roadway,Rear-end (front to rear),Followed too close,None Indicated,,Daylight,Dry,Cloudy,Unknown,Interchange-related:  On-ramp merge area,Paved,,Property Damage Only,0,0,0,0,0,0,1500,2,4,,POINT (-93.776395483843 41.562518335511)
2014824168,2014012131,10/29/2014,10-October,4-Wednesday,16:10,1600 Hours,District 6 (East Central),IOWA CITY,JOHNSON,US 6,US 6,Collision with:  Vehicle in traffic,On Roadway,Rear-end (front to rear),Followed too close,None Indicated,,Daylight,Dry,Clear,None apparent,Non-intersection:  Non-junction/no special feature,Paved,,Property Damage Only,0,0,0,0,0,0,13000,2,2,,POINT (-91.516947435615 41.641239684299)
2014824898,,10/29/2014,10-October,4-Wednesday,15:07,1500 Hours,District 6 (East Central),CEDAR RAPIDS,LINN,,,Collision with:  Vehicle in traffic,On Roadway,Rear-end (front to rear),Unknown,None Indicated,,Daylight,Dry,Cloudy,,Non-intersection:  Non-junction/no special feature,,,Property Damage Only,0,0,0,0,0,0,4080,2,2,,POINT (-96.643700149993 40.233091251414)
2014825550,2014061112,10/29/2014,10-October,4-Wednesday,21:10,2100 Hours,District 4 (Southwest),,HARRISON,I-29,I-29,Collision with:  Animal,,,Animal,None Indicated,,,,,,,Paved,,Property Damage Only,0,0,0,0,0,0,5000,1,1,,POINT (-95.911204487203 41.512324061309)
2014824018,2014-23471,10/29/2014,10-October,4-Wednesday,07:15,0700 Hours,District 5 (Southeast),INDIANOLA,WARREN,,Co Rd R63/105TH AVE,Collision with:  Animal,,,Animal,None Indicated,,,,,,,Paved,,Property Damage Only,0,0,0,0,0,0,4500,1,1,,POINT (-93.606601025161 41.377517878359)
2014823935,20140032194,10/29/2014,10-October,4-Wednesday,07:55,0700 Hours,District 1 (Central),DES MOINES,POLK,I-235,I-235 & DAY ST & 7TH ST,Collision with:  Vehicle in traffic,On Roadway,Rear-end (front to rear),Followed too close,None Indicated,,Daylight,Dry,Cloudy,None apparent,Non-intersection:  Non-junction/no special feature,Paved,,Possible/Unknown,0,1,0,0,1,0,1000,3,3,,POINT (-93.626883423857 41.596262161577)
2014824869,102914A,10/29/2014,10-October,4-Wednesday,08:17,0800 Hours,District 4 (Southwest),,FREMONT,,130 ST,Collision with fixed object:  Ditch,Shoulder,Non-collision (single vehicle),Swerving/Evasive Action,None Indicated,,Dawn,"Mud, dirt",Cloudy,None apparent,Non-intersection:  Non-junction/no special feature,Unpaved,,Minor Injury,0,1,0,1,0,0,1500,1,1,,POINT (-95.4086736476 40.858329454823)
2014824685,2014060969,10/29/2014,10-October,4-Wednesday,07:00,0700 Hours,District 1 (Central),NEWTON,JASPER,I-80,I-80,Collision with:  Animal,,,Animal,None Indicated,,,,,,,Paved,,Property Damage Only,0,0,0,0,0,0,3000,1,1,,POINT (-93.020474021232 41.682970680503)
2014824467,2014061118,10/29/2014,10-October,4-Wednesday,22:00,2200 Hours,District 2 (Northeast),,WRIGHT,I-35,I-35,Collision with:  Animal,,,Animal,None Indicated,,,,,,,Paved,,Property Damage Only,0,0,0,0,0,0,4000,1,1,,POINT (-93.512803138146 42.602814624773)
2014824718,A14-071,10/29/2014,10-October,4-Wednesday,09:07,0900 Hours,District 4 (Southwest),WINTERSET,MADISON,US 169,US 169 & N 8TH AVE,Collision with:  Vehicle in traffic,On Roadway,Broadside (front to side),FTYROW:  From stop sign,None Indicated,,Daylight,Dry,Clear,,Intersection:  Four-way intersection,Paved,,Possible/Unknown,0,2,0,0,2,0,10000,2,5,,POINT (-94.023066711804 41.344889109956)
2014824239,2014-22024,10/29/2014,10-October,4-Wednesday,00:08,0000 Hours,District 6 (East Central),,SCOTT,I-80,I-80,Collision with:  Animal,,,Animal,None Indicated,,,,,,,Paved,,Property Damage Only,0,0,0,0,0,0,1501,1,1,,POINT (-90.806872488122 41.622667449631)
2014824429,2014-75683,10/29/2014,10-October,4-Wednesday,16:14,1600 Hours,District 6 (East Central),DAVENPORT,SCOTT,US 6,US 6/W KIMBERLY RD,Collision with:  Vehicle in traffic,On Roadway,Rear-end (front to rear),FTYROW:  Other (explain in narrative),None Indicated,,Daylight,Dry,Clear,None apparent,Non-intersection:  Non-junction/no special feature,Paved,,Property Damage Only,0,0,0,0,0,0,2500,2,3,,POINT (-90.57519238937 41.560190927406)
2014824234,2014-039172,10/29/2014,10-October,4-Wednesday,16:21,1600 Hours,District 6 (East Central),DUBUQUE,DUBUQUE,,UNIVERSITY AVE,Collision with:  Parked motor vehicle,On Roadway,Rear-end (front to rear),Lost Control,None Indicated,,Daylight,Dry,Clear,None apparent,Non-intersection:  Non-junction/no special feature,Paved,,Possible/Unknown,0,1,0,0,1,0,10000,2,1,,POINT (-90.679610970718 42.499350561448)
2014826468,A14080,10/30/2014,10-October,5-Thursday,20:24,2000 Hours,District 5 (Southeast),KNOXVILLE,MARION,IA 14,IA 14/LINCOLN ST & ERIC DR,Collision with:  Vehicle in traffic,On Roadway,Rear-end (front to rear),"Operating vehicle in an reckless, erratic, careless, negligent manner",None Indicated,,Dark - roadway lighted,Dry,Clear,None apparent,Non-intersection:  Non-junction/no special feature,Paved,,Possible/Unknown,0,1,0,0,1,0,4000,2,3,,POINT (-93.109463763409 41.308588401068)
2014824264,2014012166,10/30/2014,10-October,5-Thursday,09:48,0900 Hours,District 6 (East Central),IOWA CITY,JOHNSON,IA 1,IA 1/W BURLINGTON ST,Collision with:  Vehicle in traffic,On Roadway,"Sideswipe, same direction",Improper or erratic lane changing,None Indicated,,Daylight,Dry,Cloudy,None apparent,Non-intersection:  Non-junction/no special feature,Paved,,Property Damage Only,0,0,0,0,0,0,4000,2,2,,POINT (-91.539683786676 41.657941356694)
2014824368,2014012162,10/30/2014,10-October,5-Thursday,09:35,0900 Hours,District 6 (East Central),IOWA CITY,JOHNSON,,E COURT ST & S CLINTON ST,Collision with:  Vehicle in traffic,On Roadway,Broadside (front to side),Other (explain in narrative):  Other,None Indicated,,Daylight,Dry,Cloudy,None apparent,Non-intersection:  Non-junction/no special feature,Paved,,Property Damage Only,0,0,0,0,0,0,2000,2,2,,POINT (-91.53464554397 41.656616261777)
2014824543,14-004701,10/30/2014,10-October,5-Thursday,16:27,1600 Hours,District 1 (Central),ANKENY,POLK,,NW STATE ST & NW 18TH ST,Collision with:  Vehicle in traffic,On Roadway,"Angle, oncoming left turn",FTYROW:  Making left turn,None Indicated,,Daylight,Dry,Clear,None apparent,Intersection:  Four-way intersection,Paved,,Property Damage Only,0,0,0,0,0,0,3000,2,2,,POINT (-93.619706287183 41.746386757999)
2014824720,A14-074,10/30/2014,10-October,5-Thursday,17:54,1700 Hours,District 4 (Southwest),WINTERSET,MADISON,,CLARK TOWER RD,Collision with:  Animal,,,Animal,None Indicated,,,,,,,Paved,,Property Damage Only,0,0,0,0,0,0,2000,1,1,,POINT (-94.010341149754 41.326590143785)
2014826578,14-015241,10/30/2014,10-October,5-Thursday,16:21,1600 Hours,District 2 (Northeast),HAWKEYE,FAYETTE,,O AVE,Collision with:  Vehicle in traffic,On Roadway,"Sideswipe, same direction",Crossed centerline (undivided),None Indicated,,Daylight,"Mud, dirt","Blowing sand, soil, dirt","Surface condition (e.g., wet, icy)",Non-intersection:  Non-junction/no special feature,Unpaved,,Minor Injury,0,5,0,1,4,0,10750,2,6,,POINT (-91.884357433888 42.938670226396)
2014831303,2014061243,10/30/2014,10-October,5-Thursday,16:53,1600 Hours,District 1 (Central),,POLK,I-235,I-235 & Co Rd F52/NE 46TH AVE,Collision with:  Vehicle in traffic,On Roadway,Rear-end (front to rear),Followed too close,None Indicated,,Daylight,Dry,Clear,None apparent,Non-intersection:  Non-junction/no special feature,Paved,,Property Damage Only,0,0,0,0,0,0,10800,2,2,,POINT (-93.57570083973 41.644123952587)
2014824131,14-7167,10/30/2014,10-October,5-Thursday,07:30,0700 Hours,District 1 (Central),,POLK,,NW 26TH ST,Collision with:  Vehicle in traffic,On Roadway,Rear-end (front to rear),Swerving/Evasive Action,None Indicated,,Daylight,Wet,Cloudy,None apparent,Non-intersection:  Non-junction/no special feature,Paved,,Possible/Unknown,0,1,0,0,0,1,12646,2,2,,POINT (-93.654005478549 41.682174541664)
2014824468,2014061137,10/30/2014,10-October,5-Thursday,08:19,0800 Hours,District 4 (Southwest),,MADISON,IA 92,IA 92/IOWA 92,Collision with:  Animal,,,Animal,None Indicated,,,,,,,Paved,,Property Damage Only,0,0,0,0,0,0,1500,1,1,,POINT (-93.924352321231 41.353542876478)
2014824444,14-22132,10/30/2014,10-October,5-Thursday,07:25,0700 Hours,District 6 (East Central),,SCOTT,US 67,US 67/GREAT RIVER RD,Collision with:  Animal,On Roadway,Non-collision (single vehicle),Animal,None Indicated,,Daylight,Dry,Cloudy,None apparent,Non-intersection:  Non-junction/no special feature,Paved,,Property Damage Only,0,0,0,0,0,0,6000,1,1,,POINT (-90.359811564062 41.699767330461)
2014824130,14-7164,10/30/2014,10-October,5-Thursday,06:24,0600 Hours,District 1 (Central),GRIMES,POLK,IA 141,IA 141/IOWA 141,Collision with:  Animal,On Roadway,Non-collision (single vehicle),Animal,None Indicated,,Dark - roadway not lighted,Dry,Rain,None apparent,Non-intersection:  Non-junction/no special feature,Paved,,Property Damage Only,0,0,0,0,0,0,2000,1,1,,POINT (-93.774557847899 41.694674681934)
2014824435,2014-75899,10/30/2014,10-October,5-Thursday,16:02,1600 Hours,District 6 (East Central),DAVENPORT,SCOTT,,E LOMBARD ST & EASTERN AVE,Collision with:  Vehicle in traffic,On Roadway,Rear-end (front to rear),Followed too close,None Indicated,,Daylight,Dry,Clear,None apparent,Non-intersection:  Non-junction/no special feature,Paved,,Property Damage Only,0,0,0,0,0,0,7000,2,3,,POINT (-90.551497932194 41.542405299906)
2014825553,2014061134,10/30/2014,10-October,5-Thursday,07:15,0700 Hours,District 6 (East Central),,CEDAR,I-80,I-80,Collision with:  Animal,,,Animal,None Indicated,,,,,,,Paved,,Property Damage Only,0,0,0,0,0,0,5500,1,1,,POINT (-91.358503690596 41.664394825004)
2014824320,20140032381,10/30/2014,10-October,5-Thursday,17:16,1700 Hours,District 1 (Central),DES MOINES,POLK,,9TH ST,Collision with:  Vehicle in traffic,On Roadway,"Sideswipe, same direction",Improper or erratic lane changing,None Indicated,,Daylight,Dry,Clear,None apparent,Non-intersection:  Non-junction/no special feature,Paved,,Property Damage Only,0,0,0,0,0,0,2800,2,3,,POINT (-93.629383381439 41.58804290408)
2014826784,2014061147,10/30/2014,10-October,5-Thursday,06:40,0600 Hours,District 5 (Southeast),,DES MOINES,,Co Rd H38/MEDIAPOLIS RD & Co Rd X27/220TH AVE,Collision with:  Vehicle in traffic,On Roadway,Broadside (front to side),Ran Stop Sign,None Indicated,,Dark - roadway not lighted,Dry,Clear,None apparent,Intersection:  Four-way intersection,Paved,,Fatal,1,2,0,0,2,0,17500,2,3,,POINT (-91.352302997527 41.001688927822)
2014824738,H14-108213,10/30/2014,10-October,5-Thursday,23:30,2300 Hours,District 2 (Northeast),HUDSON,BLACK HAWK,IA 58,IA 58/IOWA 58,Collision with fixed object:  Ditch,On Roadway,Non-collision (single vehicle),Over correcting/over steering,None Indicated,,Dark - roadway not lighted,Dry,Severe winds,"Shoulders (none, low, soft, high)",Non-intersection:  Non-junction/no special feature,Paved,,Minor Injury,0,1,0,1,0,0,10050,1,1,,POINT (-92.465558639143 42.455732084424)
2014824784,14045478,10/30/2014,10-October,5-Thursday,07:00,0700 Hours,District 5 (Southeast),MUSCATINE,MUSCATINE,,W 4TH ST,Collision with:  Vehicle in traffic,On Roadway,Broadside (front to side),Lost Control,Alcohol (Statutory),,Dawn,Dry,Cloudy,None apparent,Non-intersection:  Non-junction/no special feature,Paved,,Property Damage Only,0,0,0,0,0,0,6000,2,1,,POINT (-91.049137598058 41.421834582058)
2014826808,201416245,10/30/2014,10-October,5-Thursday,08:50,0800 Hours,District 6 (East Central),CEDAR RAPIDS,LINN,,EDGEWOOD RD SW,Collision with:  Vehicle in traffic,On Roadway,Rear-end (front to rear),Followed too close,None Indicated,,Daylight,Wet,Rain,None apparent,Non-intersection:  Non-junction/no special feature,Paved,,Possible/Unknown,0,2,0,0,2,0,10000,2,4,,POINT (-91.716065706365 41.962951937535)
2014842413,14-28793,10/30/2014,10-October,5-Thursday,12:39,1200 Hours,District 1 (Central),NEWTON,JASPER,US 6,US 6/1ST AVE E & E 2ND ST S & E 2ND ST N,Collision with:  Vehicle in traffic,On Roadway,Broadside (front to side),FTYROW:  From parked position,None Indicated,,Daylight,Dry,Clear,None apparent,Intersection:  Four-way intersection,Paved,,Property Damage Only,0,0,0,0,0,0,1600,2,2,,POINT (-93.052327908361 41.699533753314)
2014828932,,10/30/2014,10-October,5-Thursday,16:55,1600 Hours,District 2 (Northeast),CEDAR FALLS,BLACK HAWK,,F ST,Collision with:  Vehicle in traffic,On Roadway,"Sideswipe, same direction",FTYROW:  At uncontrolled intersection,None Indicated,,Daylight,Dry,Cloudy,None apparent,Non-intersection:  Non-junction/no special feature,Paved,,Property Damage Only,0,0,0,0,0,0,3000,2,4,,POINT (-92.453952344273 42.506551556006)
2014825347,,10/30/2014,10-October,5-Thursday,11:25,1100 Hours,District 2 (Northeast),,ALLAMAKEE,,Co Rd B25/LANSING HARPERS RD,Collision with:  Animal,On Roadway,Non-collision (single vehicle),Animal,None Indicated,,Daylight,Dry,Cloudy,,Non-intersection:  Non-junction/no special feature,Paved,,Property Damage Only,0,0,0,0,0,0,15000,1,1,,POINT (-91.176794278808 43.199671977168)
2014824701,14-107907,10/30/2014,10-October,5-Thursday,02:14,0200 Hours,District 2 (Northeast),,BLACK HAWK,,Co Rd V43/S ELK RUN RD,Collision with:  Animal,On Roadway,Non-collision (single vehicle),Animal,None Indicated,,Dark - roadway not lighted,Dry,Clear,None apparent,Non-intersection:  Non-junction/no special feature,Paved,,Property Damage Only,0,0,0,0,0,0,2000,1,2,,POINT (-92.25872912561 42.486101588286)
2014829937,14006847,10/30/2014,10-October,5-Thursday,12:27,1200 Hours,District 2 (Northeast),MASON CITY,CERRO GORDO,,6TH ST SE & GRANADA DR,Collision with:  Vehicle in traffic,On Roadway,Rear-end (front to rear),FTYROW:  From yield sign,None Indicated,,Daylight,Dry,Cloudy,None apparent,Intersection:  T-intersection,Paved,,Property Damage Only,0,0,0,0,0,0,5100,2,2,,POINT (-93.177716589203 43.14618566545)
2014824440,14-22135,10/30/2014,10-October,5-Thursday,01:00,0100 Hours,District 6 (East Central),BETTENDORF,SCOTT,,INDIANA AVE,Collision with:  Animal,,,Animal,None Indicated,,,,,,,Paved,,Property Damage Only,0,0,0,0,0,0,1500,1,1,,POINT (-90.433139570185 41.604838769801)
2014824445,14-22167,10/30/2014,10-October,5-Thursday,18:18,1800 Hours,District 6 (East Central),,SCOTT,I-80,I-80,Non-collision events:  Overturn/rollover,On Roadway,Non-collision (single vehicle),Ran off road - left,None Indicated,,Dark - roadway not lighted,Dry,Cloudy,None apparent,Non-intersection:  Non-junction/no special feature,Paved,,Property Damage Only,0,0,0,0,0,0,11028,1,1,,POINT (-90.434424599666 41.59754542284)
2014824512,14-007538,10/30/2014,10-October,5-Thursday,18:44,1800 Hours,District 1 (Central),JEWELL,HAMILTON,US 69,US 69/LITTLE WALL LAKE RD,Collision with:  Animal,,,Animal,None Indicated,,,,,,,Paved,,Property Damage Only,0,0,0,0,0,0,6500,1,777,,POINT (-93.639972323314 42.324451323324)
2014824317,20140032370,10/30/2014,10-October,5-Thursday,16:10,1600 Hours,District 1 (Central),DES MOINES,POLK,IA 28,IA 28/63RD ST,Collision with:  Vehicle in traffic,On Roadway,Rear-end (front to rear),Followed too close,None Indicated,,Daylight,Dry,Clear,None apparent,Non-intersection:  Non-junction/no special feature,Paved,,Possible/Unknown,0,1,0,0,1,0,5200,3,5,,POINT (-93.703402607868 41.585308020679)
2014824146,20140032338,10/30/2014,10-October,5-Thursday,12:05,1200 Hours,District 1 (Central),DES MOINES,POLK,,ATKINS ST & 19TH ST,Collision with:  Vehicle in traffic,On Roadway,"Sideswipe, same direction",Made improper turn,None Indicated,,Daylight,Dry,Clear,None apparent,Intersection:  Other intersection (explain in narrative),Paved,,Property Damage Only,0,0,0,0,0,0,1500,2,2,,POINT (-93.642529437732 41.597391759842)
2014825344,,10/30/2014,10-October,5-Thursday,19:15,1900 Hours,District 4 (Southwest),,MONTGOMERY,IA 48,IA 48/IOWA 48,Collision with:  Animal,On Roadway,Non-collision (single vehicle),Animal,None Indicated,,Dark - roadway not lighted,Dry,Clear,,Non-intersection:  Other non-intersection (explain in narrative),Paved,,Property Damage Only,0,0,0,0,0,0,5000,1,2,,POINT (-95.23278907626 41.131764019759)
2014825194,201-013497,10/30/2014,10-October,5-Thursday,17:44,1700 Hours,District 6 (East Central),CENTRALIA,DUBUQUE,,Co Rd Y21/OLD HIGHWAY RD,Collision with:  Animal,,Non-collision (single vehicle),Animal,None Indicated,,,,,,,Paved,,Property Damage Only,0,0,0,0,0,0,2000,1,1,,POINT (-90.845627816226 42.466022509232)
2014824755,SO14002585,10/30/2014,10-October,5-Thursday,20:30,2000 Hours,District 3 (Northwest),LE MARS,PLYMOUTH,US 75,US 75 & Co Rd C38,Collision with:  Animal,,,Animal,None Indicated,,,,,,,Paved,,Property Damage Only,0,0,0,0,0,0,2500,1,1,,POINT (-96.211055901045 42.749875851047)
2014824842,CFS1409197,10/30/2014,10-October,5-Thursday,15:48,1500 Hours,District 5 (Southeast),WASHINGTON,WASHINGTON,,W VAN BUREN ST & S C AVE,Collision with:  Vehicle in traffic,On Roadway,Rear-end (front to rear),Followed too close,None Indicated,,Daylight,Dry,Clear,None apparent,Intersection:  Four-way intersection,Paved,,Property Damage Only,0,0,0,0,0,0,5000,2,4,,POINT (-91.695659310672 41.292440824536)
2014825204,2014-039217,10/30/2014,10-October,5-Thursday,23:09,2300 Hours,District 6 (East Central),DUBUQUE,DUBUQUE,US 52,US 52/E 9TH ST/US 52 SW RAMP,Collision with:  Vehicle in traffic,On Roadway,Broadside (front to side),Ran Traffic Signal,Refused,,Dark - roadway lighted,Dry,Clear,None apparent,Intersection:  Intersection with ramp,Paved,,Possible/Unknown,0,2,0,0,2,0,15000,2,2,,POINT (-90.661422096779 42.503474261021)
2014824329,14-2439,10/30/2014,10-October,5-Thursday,17:54,1700 Hours,District 1 (Central),URBANDALE,POLK,,MEREDITH DR,Collision with:  Vehicle in traffic,On Roadway,"Sideswipe, same direction",Improper or erratic lane changing,None Indicated,,Dusk,Dry,Clear,None apparent,Non-intersection:  Non-junction/no special feature,Paved,,Property Damage Only,0,0,0,0,0,0,6500,2,3,,POINT (-93.753212340427 41.643944489676)