Iowa DOT Case Number,Law Enforcement Case Number,Date of Crash,Month of Crash,Day of Week,Time of Crash,Hour,DOT District,City Name,County Name,Route with System,Location Description,First Harmful Event,Location of First Harmful Event,Manner of Crash/Collision,Major Cause,Drug or Alcohol ,Environmental Conditions,Light Conditions,Surface Conditions,Weather Conditions,Roadway Contribution,Roadway Type,Roadway Surface,Work Zone,Crash Severity,Number of Fatalities,Number of Injuries,Number of Major Injuries,Number of Minor Injuries,Number of Possible Injuries,Number of Unknown Injuries,Amount of Property Damage,Number of Vehicles Involved,Total Number of Occupants,Travel Direction,Location
2014825510,14-026744,10/30/2014,10-October,5-Thursday,08:01,0800 Hours,District 5 (Southeast),,MARION,,DAKOTA DR,Collision with:  Animal,,,Animal,None Indicated,,,,,,,Unpaved,,Property Damage Only,0,0,0,0,0,0,2000,1,1,,POINT (-92.892356517452 41.458188926018)
2014824309,14-7188,10/30/2014,10-October,5-Thursday,18:10,1800 Hours,District 1 (Central),ANKENY,POLK,,NW 16TH ST & SW 35TH ST,Collision with:  Vehicle in traffic,On Roadway,Unknown,FTYROW:  From driveway,None Indicated,,Daylight,Dry,Clear,None apparent,Non-intersection:  Driveway access (within),Paved,,Property Damage Only,0,0,0,0,0,0,5500,2,2,,POINT (-93.638775501319 41.696050055713)
2014824731,2014061255,10/30/2014,10-October,5-Thursday,17:34,1700 Hours,District 1 (Central),,HAMILTON,,Co Rd D47/300TH ST & VAIL AVE,Collision with:  Vehicle in traffic,On Roadway,Broadside (front to side),FTYROW:  From stop sign,None Indicated,,Daylight,"Mud, dirt",Cloudy,None apparent,Intersection:  Four-way intersection,Unpaved,,Minor Injury,0,3,0,1,2,0,11000,2,3,,POINT (-93.560340244921 42.354029838875)
2014824441,14-21218,10/30/2014,10-October,5-Thursday,14:57,1400 Hours,District 6 (East Central),BETTENDORF,SCOTT,,BELMONT RD,Collision with:  Vehicle in traffic,On Roadway,Rear-end (front to rear),Followed too close,None Indicated,,Daylight,Dry,Cloudy,None apparent,Non-intersection:  Driveway access (within),Paved,,Minor Injury,0,1,0,1,0,0,7000,2,2,,POINT (-90.472928152206 41.553520475089)
2014824771,146380,10/30/2014,10-October,5-Thursday,19:05,1900 Hours,District 1 (Central),,HARDIN,US 20,US 20,Collision with:  Animal,On Roadway,Non-collision (single vehicle),Animal,None Indicated,,Dark - roadway not lighted,Dry,Cloudy,None apparent,Non-intersection:  Non-junction/no special feature,Paved,,Property Damage Only,0,0,0,0,0,0,8000,1,5,,POINT (-93.215683230016 42.442815883731)
2014824460,14-046237,10/30/2014,10-October,5-Thursday,18:00,1800 Hours,District 4 (Southwest),COUNCIL BLUFFS,POTTAWATTAMIE,US 6,US 6/KANESVILLE BLVD & NORTH AVE,Collision with:  Vehicle in traffic,On Roadway,"Sideswipe, same direction",Improper or erratic lane changing,None Indicated,,Daylight,Dry,Clear,None apparent,Non-intersection:  Non-junction/no special feature,Paved,,Property Damage Only,0,0,0,0,0,0,3000,2,4,,POINT (-95.830997202465 41.271286045668)
2014824201,14107949,10/30/2014,10-October,5-Thursday,07:35,0700 Hours,District 2 (Northeast),CEDAR FALLS,BLACK HAWK,US 218,US 218,Collision with:  Animal,On Roadway,Non-collision (single vehicle),Animal,None Indicated,,Daylight,Dry,Cloudy,None apparent,Non-intersection:  Non-junction/no special feature,Paved,,Property Damage Only,0,0,0,0,0,0,1500,1,2,,POINT (-92.427453359288 42.568003768441)
2014825345,,10/30/2014,10-October,5-Thursday,18:45,1800 Hours,District 4 (Southwest),,PAGE,,Co Rd J52/270 ST,Collision with:  Animal,On Roadway,Non-collision (single vehicle),Animal,None Indicated,,Dusk,Dry,Clear,,Non-intersection:  Non-junction/no special feature,Paved,,Property Damage Only,0,0,0,0,0,0,6700,1,2,,POINT (-95.142798311807 40.653329360431)
2014824889,,10/30/2014,10-October,5-Thursday,19:20,1900 Hours,District 4 (Southwest),,AUDUBON,,HERON PL,Non-collision events:  Overturn/rollover,On Roadway,Non-collision (single vehicle),Driving too fast for conditions,Alcohol (Statutory),,Dark - roadway not lighted,"Mud, dirt",Clear,None apparent,Non-intersection:  Other non-intersection (explain in narrative),Unpaved,,Possible/Unknown,0,1,0,0,1,0,12000,1,1,,POINT (-94.949716184101 41.674826376329)
2014824766,14-151030-01,10/30/2014,10-October,5-Thursday,17:37,1700 Hours,District 6 (East Central),,IOWA,US 6,US 6,Non-collision events:  Overturn/rollover,On Roadway,Non-collision (single vehicle),Swerving/Evasive Action,None Indicated,,Dusk,Dry,Clear,None apparent,Non-intersection:  Non-junction/no special feature,Paved,,Minor Injury,0,1,0,1,0,0,5000,1,1,,POINT (-91.857870175691 41.759179019987)
2014824363,14-3486,10/30/2014,10-October,5-Thursday,16:46,1600 Hours,District 1 (Central),FORT DODGE,WEBSTER,,1ST AVE S & S 20TH ST,Collision with:  Vehicle in traffic,On Roadway,Broadside (front to side),Ran Stop Sign,None Indicated,,Daylight,Dry,Clear,None apparent,Intersection:  Four-way intersection,Paved,,Possible/Unknown,0,1,0,0,1,0,4000,2,2,,POINT (-94.170827175944 42.50517652537)
2014824353,14-35935,10/30/2014,10-October,5-Thursday,02:58,0200 Hours,District 3 (Northwest),SIOUX CITY,WOODBURY,I-29,I-29,Collision with:  Animal,,,Animal,None Indicated,,,,,,,Paved,,Property Damage Only,0,0,0,0,0,0,10000,1,1,,POINT (-96.463655646917 42.493294598165)
2014827959,2014061211,10/30/2014,10-October,5-Thursday,14:00,1400 Hours,District 1 (Central),,BOONE,US 30,US 30/220TH ST,Collision with:  Vehicle in traffic,On Roadway,Rear-end (front to rear),Driver Distraction:  Reaching for object(s)/fallen object(s),None Indicated,,Daylight,Dry,Clear,None apparent,Non-intersection:  Non-junction/no special feature,Paved,,Possible/Unknown,0,1,0,0,1,0,24000,2,2,,POINT (-93.8303828266 42.034894095443)
2014824235,2014-039186,10/30/2014,10-October,5-Thursday,06:52,0600 Hours,District 6 (East Central),DUBUQUE,DUBUQUE,,RADFORD RD,Collision with:  Animal,On Roadway,Non-collision (single vehicle),Animal,None Indicated,,Dark - roadway lighted,Dry,Clear,None apparent,Non-intersection:  Non-junction/no special feature,Paved,,Property Damage Only,0,0,0,0,0,0,2000,1,1,,POINT (-90.749969855126 42.496098481755)
2014824482,W14-108123,10/30/2014,10-October,5-Thursday,17:45,1700 Hours,District 2 (Northeast),WATERLOO,BLACK HAWK,US 63,US 63/SERGEANT RD & MARTIN RD,Collision with:  Vehicle in traffic,On Roadway,Broadside (front to side),FTYROW:  From yield sign,None Indicated,,Daylight,Dry,Clear,None apparent,Intersection:  Four-way intersection,Paved,,Possible/Unknown,0,1,0,0,1,0,6500,2,6,,POINT (-92.387214716032 42.476665955952)
2014825339,,10/30/2014,10-October,5-Thursday,11:00,1100 Hours,District 4 (Southwest),WOODBINE,HARRISON,,8TH ST & WHITE ST,Collision with:  Vehicle in traffic,On Roadway,Broadside (front to side),Ran Stop Sign,None Indicated,,Daylight,Dry,Clear,None apparent,Intersection:  T-intersection,Paved,,Property Damage Only,0,0,0,0,0,0,4600,2,2,,POINT (-95.712332528328 41.740206859595)
2014824388,2014-013490,10/30/2014,10-October,5-Thursday,06:50,0600 Hours,District 6 (East Central),SAGEVILLE,DUBUQUE,IA 32,IA 32,Collision with:  Animal,,,Animal,None Indicated,,,,,,,Paved,,Property Damage Only,0,0,0,0,0,0,2000,1,1,,POINT (-90.694278915868 42.540944625042)
2014824266,14-046125,10/30/2014,10-October,5-Thursday,23:06,2300 Hours,District 4 (Southwest),COUNCIL BLUFFS,POTTAWATTAMIE,,TOSTEVIN ST,Collision with fixed object:  Utility pole/light support,On Roadway,Non-collision (single vehicle),Swerving/Evasive Action,None Indicated,,Dark - roadway lighted,Dry,Clear,None apparent,Non-intersection:  Non-junction/no special feature,Paved,,Possible/Unknown,0,1,0,0,1,0,10500,1,1,,POINT (-95.845584261981 41.242970362336)
2014824153,20140032324,10/30/2014,10-October,5-Thursday,09:35,0900 Hours,District 1 (Central),DES MOINES,POLK,,FOREST AVE & 19TH ST,Collision with:  Vehicle in traffic,On Roadway,"Sideswipe, same direction",Made improper turn,None Indicated,,Daylight,Dry,Clear,None apparent,Intersection:  Four-way intersection,Paved,,Property Damage Only,0,0,0,0,0,0,7000,2,2,,POINT (-93.642667555369 41.604056336644)
2014825203,2014-039216,10/30/2014,10-October,5-Thursday,23:04,2300 Hours,District 6 (East Central),DUBUQUE,DUBUQUE,,ELM ST,Collision with:  Vehicle in traffic,On Roadway,"Sideswipe, same direction",Lost Control,Refused,,Dark - roadway lighted,Dry,Clear,None apparent,Non-intersection:  Non-junction/no special feature,Paved,,Possible/Unknown,0,1,0,0,1,0,7500,2,1,,POINT (-90.663620228331 42.507193244213)
2014825997,201416261,10/30/2014,10-October,5-Thursday,15:31,1500 Hours,District 6 (East Central),CEDAR RAPIDS,LINN,,3RD ST SW,Collision with:  Vehicle in traffic,On Roadway,Rear-end (front to rear),Followed too close,None Indicated,,Daylight,Dry,Cloudy,None apparent,Non-intersection:  Non-junction/no special feature,Paved,,Property Damage Only,0,0,0,0,0,0,3000,2,4,,POINT (-91.67476666893 41.974227001109)
2014824394,14014260,10/30/2014,10-October,5-Thursday,15:34,1500 Hours,District 4 (Southwest),,MILLS,US 34,US 34 & Co Rd L63/315TH ST,Collision with:  Vehicle in traffic,On Roadway,Broadside (front to side),FTYROW:  From stop sign,None Indicated,,Daylight,Dry,Clear,None apparent,Intersection:  Four-way intersection,Paved,,Property Damage Only,0,0,0,0,0,0,7000,2,3,,POINT (-95.585225038197 41.030637708598)
2014824432,2014-75881,10/30/2014,10-October,5-Thursday,14:11,1400 Hours,District 6 (East Central),DAVENPORT,SCOTT,,ELMORE AVE,Collision with:  Vehicle in traffic,On Roadway,Rear-end (front to rear),Followed too close,None Indicated,,Daylight,Dry,Clear,None apparent,Non-intersection:  Non-junction/no special feature,Paved,,Property Damage Only,0,0,0,0,0,0,6000,2,2,,POINT (-90.527237838514 41.556467166038)
2014824369,2014012170,10/30/2014,10-October,5-Thursday,07:55,0700 Hours,District 6 (East Central),IOWA CITY,JOHNSON,,MELROSE AVE,Collision with:  Non-motorist (see non-motorist section - NOT a unit),On Roadway,Non-collision (single vehicle),FTYROW:  To pedestrian,None Indicated,,Daylight,Dry,Cloudy,None apparent,Non-intersection:  Driveway access (within),Paved,,Minor Injury,0,1,0,1,0,0,700,1,1,,POINT (-91.574702900127 41.656966942418)
2014824071,14-016551,10/30/2014,10-October,5-Thursday,09:04,0900 Hours,District 3 (Northwest),SPENCER,CLAY,,W 18TH ST,Collision with:  Vehicle in traffic,On Roadway,Rear-end (front to rear),Other (explain in narrative):  Other,None Indicated,,Daylight,Dry,Clear,None apparent,Non-intersection:  Non-junction/no special feature,Paved,,Minor Injury,0,2,0,2,0,0,3500,2,2,,POINT (-95.161255574438 43.15558638988)
2014824392,10302014144,10/30/2014,10-October,5-Thursday,18:40,1800 Hours,District 5 (Southeast),OSCEOLA,CLARKE,US 34,US 34,Collision with:  Animal,On Roadway,Non-collision (single vehicle),Animal,None Indicated,,Dusk,Dry,Cloudy,None apparent,Non-intersection:  Non-junction/no special feature,Paved,,Property Damage Only,0,0,0,0,0,0,3000,1,1,,POINT (-93.742265822065 41.030660394872)
2014824144,20140032298,10/30/2014,10-October,5-Thursday,07:20,0700 Hours,District 1 (Central),DES MOINES,POLK,I-235,I-235,Collision with:  Vehicle in traffic,On Roadway,Rear-end (front to rear),Other (explain in narrative):  Other,None Indicated,,Dawn,Wet,Cloudy,"Surface condition (e.g., wet, icy)",Non-intersection:  Non-junction/no special feature,Paved,,Minor Injury,0,1,0,1,0,0,17500,3,3,,POINT (-93.601067383831 41.5956163997)
2014824145,20140032300,10/30/2014,10-October,5-Thursday,07:24,0700 Hours,District 1 (Central),DES MOINES,POLK,,UNIVERSITY AVE,Collision with:  Vehicle in traffic,On Roadway,Rear-end (front to rear),Driving too fast for conditions,None Indicated,,Dawn,Wet,Cloudy,"Surface condition (e.g., wet, icy)",Intersection:  Shared use path or trail,Paved,,Property Damage Only,0,0,0,0,0,0,1500,2,2,,POINT (-93.624921213009 41.600578303003)
2014824296,1410302771,10/30/2014,10-October,5-Thursday,06:50,0600 Hours,District 6 (East Central),,CLINTON,,Co Rd Z40/400 AVE,Collision with:  Animal,,,Animal,None Indicated,,,,,,,Paved,,Property Damage Only,0,0,0,0,0,0,1500,1,1,,POINT (-90.315622764127 42.023068458747)
2014824844,14-001266,10/30/2014,10-October,5-Thursday,19:17,1900 Hours,District 1 (Central),,STORY,,Co Rd E18/130TH ST,Collision with:  Animal,,,Animal,None Indicated,,,,,,,Paved,,Property Damage Only,0,0,0,0,0,0,5467,1,1,,POINT (-93.577527646438 42.166047920303)
2014824627,14-18549,10/30/2014,10-October,5-Thursday,21:31,2100 Hours,District 5 (Southeast),,HENRY,,265TH ST & IOWA AVE,Collision with:  Animal,,,Animal,None Indicated,,,,,,,Paved,,Property Damage Only,0,0,0,0,0,0,4000,1,1,,POINT (-91.554716477789 40.928865030554)
2014909198,107-14,10/30/2014,10-October,5-Thursday,19:18,1900 Hours,District 4 (Southwest),,MADISON,US 169,US 169,Collision with:  Animal,,,Animal,None Indicated,,,,,,,Paved,,Property Damage Only,0,0,0,0,0,0,5000,1,777,,POINT (-94.013128384004 41.417721282819)
2014824926,14680848,10/30/2014,10-October,5-Thursday,19:14,1900 Hours,District 5 (Southeast),,MONROE,,655TH AVE,Collision with:  Vehicle in traffic,On Roadway,"Sideswipe, opposite direction",Other (explain in narrative):  No improper action,None Indicated,,Dark - roadway not lighted,"Mud, dirt",Clear,None apparent,Non-intersection:  Non-junction/no special feature,Unpaved,,Property Damage Only,0,0,0,0,0,0,2500,2,2,,POINT (-92.802364238103 40.946131703118)
2014825249,201400053153,10/30/2014,10-October,5-Thursday,08:03,0800 Hours,District 5 (Southeast),OTTUMWA,WAPELLO,,HILL AVE & N GREEN ST,Collision with:  Vehicle in traffic,On Roadway,Broadside (front to side),Ran Stop Sign,None Indicated,,Daylight,Dry,Cloudy,None apparent,Intersection:  Four-way intersection,Paved,,Property Damage Only,0,0,0,0,0,0,3500,2,2,,POINT (-92.404318892366 41.044645057224)
2014826329,,10/30/2014,10-October,5-Thursday,16:30,1600 Hours,District 2 (Northeast),,WINNESHIEK,,MADISON RD,Collision with:  Animal,On Roadway,Non-collision (single vehicle),Animal,None Indicated,,Daylight,Dry,Cloudy,None apparent,Non-intersection:  Non-junction/no special feature,Paved,,Property Damage Only,0,0,0,0,0,0,3000,1,2,,POINT (-91.903549488709 43.31315740414)
2014825552,2014061133,10/30/2014,10-October,5-Thursday,07:30,0700 Hours,District 6 (East Central),,JACKSON,US 61,US 61,Collision with:  Animal,,,Animal,None Indicated,,,,,,,Paved,,Property Damage Only,0,0,0,0,0,0,9000,1,1,,POINT (-90.680124241324 42.252262105412)
2014909197,106-14,10/30/2014,10-October,5-Thursday,11:00,1100 Hours,District 4 (Southwest),,MADISON,,NORTH RIVER SCHOOL ST,Collision with fixed object:  Ditch,Outside trafficway,Non-collision (single vehicle),Ran off road - right,None Indicated,,Daylight,Dry,Clear,None apparent,Non-intersection:  Non-junction/no special feature,Unpaved,,Property Damage Only,0,0,0,0,0,0,2000,1,1,,POINT (-94.03648377814 41.402524907378)
2014824313,20140032302,10/30/2014,10-October,5-Thursday,07:51,0700 Hours,District 1 (Central),DES MOINES,POLK,,E WATROUS AVE,Collision with:  Vehicle in traffic,On Roadway,Broadside (front to side),Other (explain in narrative):  Other,None Indicated,,Dawn,Dry,Cloudy,None apparent,Non-intersection:  Driveway access (within),Paved,,Property Damage Only,0,0,0,0,0,0,8800,2,4,,POINT (-93.613097301463 41.548147568063)
2014824470,2014061212,10/30/2014,10-October,5-Thursday,12:34,1200 Hours,District 2 (Northeast),,CERRO GORDO,US 18,US 18,Collision with:  Vehicle in traffic,Shoulder,Rear-end (front to rear),Improper Backing,None Indicated,,Daylight,Dry,Cloudy,None apparent,Non-intersection:  Non-junction/no special feature,Paved,,Fatal,1,1,1,0,0,0,30000,2,3,,POINT (-93.052427184148 43.118963843605)
2014825438,14-5456,10/30/2014,10-October,5-Thursday,08:10,0800 Hours,District 1 (Central),WEST DES MOINES,POLK,,35TH ST,Collision with:  Vehicle in traffic,On Roadway,Rear-end (front to rear),Driving too fast for conditions,None Indicated,,Daylight,Dry,Clear,None apparent,Intersection:  Four-way intersection,Paved,,Property Damage Only,0,0,0,0,0,0,2200,2,3,,POINT (-93.751764446901 41.581327016671)
2014824732,2014061263,10/30/2014,10-October,5-Thursday,06:50,0600 Hours,District 2 (Northeast),CLEAR LAKE,CERRO GORDO,I-35,I-35,Collision with:  Animal,,,Animal,None Indicated,,,,,,,Paved,,Property Damage Only,0,0,0,0,0,0,8000,1,1,,POINT (-93.343124146215 43.091410644195)
2014824431,2014-75808,10/30/2014,10-October,5-Thursday,07:00,0700 Hours,District 6 (East Central),DAVENPORT,SCOTT,,S CONCORD ST & FLORAL LN,Collision with:  Vehicle in traffic,On Roadway,Head-on (front to front),FTYROW:  Making left turn,None Indicated,,Daylight,Dry,Cloudy,None apparent,Intersection:  Y-intersection,Paved,,Property Damage Only,0,0,0,0,0,0,2100,2,2,,POINT (-90.620686502723 41.509210658488)
2014824767,14-151030-02,10/30/2014,10-October,5-Thursday,18:24,1800 Hours,District 6 (East Central),,IOWA,,Co Rd F15/F15 BLVD,Collision with:  Animal,,,Animal,None Indicated,,,,,,,Paved,,Property Damage Only,0,0,0,0,0,0,3000,1,1,,POINT (-92.04741940606 41.821469154974)
2014824384,2014-22165,10/30/2014,10-October,5-Thursday,17:18,1700 Hours,District 6 (East Central),,SCOTT,,Co Rd Y64/162 AVE,Collision with:  Vehicle in traffic,On Roadway,Rear-end (front to rear),Followed too close,None Indicated,,Daylight,Dry,Clear,None apparent,Non-intersection:  Driveway access (within),Paved,,Possible/Unknown,0,1,0,0,0,1,12000,2,2,,POINT (-90.583234231829 41.678216899777)
2014824882,14-0402,10/30/2014,10-October,5-Thursday,07:12,0700 Hours,District 5 (Southeast),,DECATUR,US 69,US 69,Collision with:  Animal,,,Animal,None Indicated,,,,,,,Paved,,Property Damage Only,0,0,0,0,0,0,4000,1,1,,POINT (-93.765737366661 40.704225140768)
2014824899,,10/30/2014,10-October,5-Thursday,06:15,0600 Hours,District 2 (Northeast),,WINNESHIEK,,240TH ST,Collision with:  Animal,On Roadway,Non-collision (single vehicle),Animal,None Indicated,,Dark - roadway not lighted,"Mud, dirt",Clear,,Non-intersection:  Non-junction/no special feature,Unpaved,,Property Damage Only,0,0,0,0,0,0,2670,1,1,,POINT (-92.041271161668 43.284598780906)
2014824821,14-0619,10/30/2014,10-October,5-Thursday,06:45,0600 Hours,District 1 (Central),,WEBSTER,,Co Rd C56/VINCENT AVE,Collision with:  Vehicle in traffic,On Roadway,Rear-end (front to rear),Other (explain in narrative):  Other,None Indicated,,Dark - roadway not lighted,Wet,Cloudy,None apparent,Non-intersection:  Non-junction/no special feature,Paved,,Minor Injury,0,1,0,1,0,0,6500,2,2,,POINT (-94.020594522271 42.599947785928)
2014824438,CL14003866,10/30/2014,10-October,5-Thursday,23:30,2300 Hours,District 6 (East Central),CLINTON,CLINTON,,15TH AVE S & HARRISON DR,Collision with fixed object:  Utility pole/light support,On Roadway,Non-collision (single vehicle),Ran off road - left,None Indicated,,Dark - roadway lighted,Dry,Cloudy,None apparent,Non-intersection:  Non-junction/no special feature,Paved,,Possible/Unknown,0,1,0,0,1,0,3000,1,1,,POINT (-90.21471015042 41.830067203059)
2014825424,14-38870,10/30/2014,10-October,5-Thursday,08:30,0800 Hours,District 5 (Southeast),,DES MOINES,US 34,US 34,Collision with:  Vehicle in traffic,On Roadway,Rear-end (front to rear),Followed too close,None Indicated,,Daylight,Dry,Cloudy,None apparent,Non-intersection:  Non-junction/no special feature,Paved,,Minor Injury,0,1,0,1,0,0,30000,2,2,,POINT (-91.307594223061 40.834684933107)
2014824063,W14-107996,10/30/2014,10-October,5-Thursday,10:48,1000 Hours,District 2 (Northeast),WATERLOO,BLACK HAWK,,E 5TH ST & FRANKLIN ST,Collision with:  Vehicle in traffic,On Roadway,Broadside (front to side),Ran Traffic Signal,None Indicated,,Daylight,Dry,Clear,None apparent,Intersection:  Four-way intersection,Paved,,Property Damage Only,0,0,0,0,0,0,3500,2,5,,POINT (-92.3320385508 42.499907952463)
2014824262,14-046194,10/30/2014,10-October,5-Thursday,11:41,1100 Hours,District 4 (Southwest),COUNCIL BLUFFS,POTTAWATTAMIE,I-29,I-29,Collision with fixed object:  Other fixed object (explain in narrative),On Roadway,Non-collision (single vehicle),Ran off road - left,None Indicated,,Daylight,Dry,Clear,None apparent,Non-intersection:  Non-junction/no special feature,Paved,,Property Damage Only,0,0,0,0,0,0,7000,1,1,,POINT (-95.907468173849 41.260246290944)
2014824636,14009399,10/30/2014,10-October,5-Thursday,23:25,2300 Hours,District 6 (East Central),EARLVILLE,DELAWARE,,Co Rd D22/210TH ST & FAIRVIEW DR & MARGARET ST,Collision with:  Animal,,,Animal,None Indicated,,,,,,,Paved,,Property Damage Only,0,0,0,0,0,0,2500,1,1,,POINT (-91.262545129441 42.48544993349)
2014826492,14009695,10/30/2014,10-October,5-Thursday,18:26,1800 Hours,District 6 (East Central),,BUCHANAN,IA 150,IA 150/JACKSON AVE,Collision with:  Animal,,,Animal,None Indicated,,,,,,,Paved,,Property Damage Only,0,0,0,0,0,0,5000,1,1,,POINT (-91.902107034168 42.599449225511)
2014824356,14-046244,10/30/2014,10-October,5-Thursday,18:50,1800 Hours,District 4 (Southwest),COUNCIL BLUFFS,POTTAWATTAMIE,,EUCLID AVE & N BROADWAY,Collision with:  Vehicle in traffic,On Roadway,Broadside (front to side),Ran Stop Sign,None Indicated,,Dark - roadway lighted,Dry,Clear,None apparent,Intersection:  T-intersection,Paved,,Minor Injury,0,2,0,1,1,0,3500,2,3,,POINT (-95.835783246905 41.27595054129)
2014824495,W14-108125,10/30/2014,10-October,5-Thursday,17:45,1700 Hours,District 2 (Northeast),WATERLOO,BLACK HAWK,US 218,US 218,Collision with:  Vehicle in traffic,On Roadway,"Sideswipe, same direction",FTYROW:  Other (explain in narrative),None Indicated,,Daylight,Dry,Clear,None apparent,Non-intersection:  Other non-intersection (explain in narrative),Paved,,Property Damage Only,0,0,0,0,0,0,5000,2,2,,POINT (-92.341435617882 42.492802700544)
2014834213,14-016543,10/30/2014,10-October,5-Thursday,05:30,0500 Hours,District 3 (Northwest),,CLAY,,Co Rd B24/350TH ST,Collision with:  Animal,,,Animal,None Indicated,,,,,,,Paved,,Property Damage Only,0,0,0,0,0,0,1500,1,1,,POINT (-95.376183377777 43.141958020177)
2014825035,2014-23561,10/30/2014,10-October,5-Thursday,06:57,0600 Hours,District 5 (Southeast),,WARREN,,Co Rd R63/HWY R63,Collision with:  Animal,,,Animal,None Indicated,,,,,,,Paved,,Property Damage Only,0,0,0,0,0,0,3000,1,1,,POINT (-93.629461276738 41.483557433781)
2014824292,103014-47,10/30/2014,10-October,5-Thursday,05:40,0500 Hours,District 3 (Northwest),,BUENA VISTA,,Co Rd M54/210TH AVE,Collision with:  Animal,,,Animal,None Indicated,,,,,,,Paved,,Property Damage Only,0,0,0,0,0,0,2000,1,1,,POINT (-94.993970982564 42.663161800257)
2014825275,201403957,10/30/2014,10-October,5-Thursday,21:23,2100 Hours,District 6 (East Central),,LINN,,Co Rd E36/BLAIRS FERRY RD & ANTLER DR & WAY SIDE CIR,Collision with:  Animal,,Non-collision (single vehicle),Animal,None Indicated,,,,,,,Paved,,Property Damage Only,0,0,0,0,0,0,4500,1,1,,POINT (-91.727518151044 42.041093141656)
2014825250,201400053192,10/30/2014,10-October,5-Thursday,11:44,1100 Hours,District 5 (Southeast),OTTUMWA,WAPELLO,,W WOODLAND AVE & E WOODLAND AVE & N COURT ST,Collision with:  Vehicle in traffic,On Roadway,"Angle, oncoming left turn",FTYROW:  Making left turn,None Indicated,,Daylight,Dry,Cloudy,None apparent,Intersection:  Four-way intersection,Paved,,Possible/Unknown,0,2,0,0,2,0,12000,3,6,,POINT (-92.408940949284 41.029400102481)
2014824451,14-5474,10/30/2014,10-October,5-Thursday,19:31,1900 Hours,District 4 (Southwest),WEST DES MOINES,DALLAS,,MILLS CIVIC PKWY & S 68TH ST,Collision with:  Vehicle in traffic,On Roadway,Broadside (front to side),Ran Traffic Signal,None Indicated,,Dark - roadway lighted,Dry,Clear,None apparent,Intersection:  Four-way intersection,Paved,,Property Damage Only,0,0,0,0,0,0,8700,2,4,,POINT (-93.799893040325 41.561843855365)
2014825563,,10/30/2014,10-October,5-Thursday,06:33,0600 Hours,District 2 (Northeast),,FLOYD,US 18,US 18,Collision with:  Animal,On Roadway,Non-collision (single vehicle),Animal,None Indicated,,Dark - roadway not lighted,Dry,Unknown,,Non-intersection:  Non-junction/no special feature,Paved,,Property Damage Only,0,0,0,0,0,0,5623,1,1,,POINT (-93.008137284824 43.116706328754)
2014824449,14-5472,10/30/2014,10-October,5-Thursday,18:22,1800 Hours,District 1 (Central),WEST DES MOINES,POLK,,ASHWORTH RD & PRAIRIE VIEW DR,Collision with:  Vehicle in traffic,On Roadway,"Angle, oncoming left turn",FTYROW:  Making left turn,None Indicated,,Daylight,Dry,Clear,None apparent,Intersection:  Four-way intersection,Paved,,Minor Injury,0,2,0,2,0,0,4700,3,7,,POINT (-93.779897800416 41.584490306255)
2014824372,14-21127,10/30/2014,10-October,5-Thursday,18:44,1800 Hours,District 2 (Northeast),,BREMER,,Co Rd V49/REED AVE,Collision with:  Animal,,,Animal,None Indicated,,,,,,,Paved,,Property Damage Only,0,0,0,0,0,0,2000,1,1,,POINT (-92.218942165969 42.691959063784)
2014825201,2014-039203,10/30/2014,10-October,5-Thursday,17:13,1700 Hours,District 6 (East Central),DUBUQUE,DUBUQUE,US 52,US 52/CENTRAL AVE,Collision with:  Vehicle in traffic,On Roadway,Rear-end (front to rear),Separation of units,None Indicated,,Dusk,Dry,Cloudy,None apparent,Non-intersection:  Non-junction/no special feature,Paved,,Property Damage Only,0,0,0,0,0,0,5500,3,3,,POINT (-90.681274519673 42.525778514523)
2014824328,14-2430,10/30/2014,10-October,5-Thursday,07:34,0700 Hours,District 1 (Central),URBANDALE,POLK,I-35,I-35,Collision with:  Vehicle in traffic,On Roadway,Rear-end (front to rear),Followed too close,None Indicated,,Daylight,Wet,Cloudy,None apparent,Interchange-related:  On-ramp merge area,Paved,,Property Damage Only,0,0,0,0,0,0,4500,2,2,,POINT (-93.777177658526 41.625752646839)
2014824887,,10/30/2014,10-October,5-Thursday,14:55,1400 Hours,District 5 (Southeast),NEW LONDON,HENRY,,E MAIN ST,Collision with:  Parked motor vehicle,Outside trafficway,Unknown,Unknown,None Indicated,,Daylight,Dry,Cloudy,None apparent,Non-intersection:  Other non-intersection (explain in narrative),Paved,,Property Damage Only,0,0,0,0,0,0,1500,2,1,,POINT (-91.389497469923 40.922414695172)
2014826809,201416247,10/30/2014,10-October,5-Thursday,09:58,0900 Hours,District 6 (East Central),CEDAR RAPIDS,LINN,I-380,I-380 & IA 100/COLLINS RD NE,Collision with:  Vehicle in traffic,On Roadway,Broadside (front to side),Ran Traffic Signal,None Indicated,,Daylight,Dry,Clear,None apparent,Intersection:  Intersection with ramp,Paved,,Minor Injury,0,1,0,1,0,0,7520,2,2,,POINT (-91.672872997943 42.028198542456)
2014825319,03046,10/30/2014,10-October,5-Thursday,14:48,1400 Hours,District 6 (East Central),DYERSVILLE,DELAWARE,,1ST AVE W & BELTLINE RD EXT,Collision with:  Vehicle in traffic,On Roadway,"Angle, oncoming left turn",FTYROW:  From stop sign,None Indicated,,Daylight,Dry,Cloudy,None apparent,Intersection:  T-intersection,Paved,,Property Damage Only,0,0,0,0,0,0,1500,2,2,,POINT (-91.135208832634 42.484474855522)