Iowa DOT Case Number,Law Enforcement Case Number,Date of Crash,Month of Crash,Day of Week,Time of Crash,Hour,DOT District,City Name,County Name,Route with System,Location Description,First Harmful Event,Location of First Harmful Event,Manner of Crash/Collision,Major Cause,Drug or Alcohol ,Environmental Conditions,Light Conditions,Surface Conditions,Weather Conditions,Roadway Contribution,Roadway Type,Roadway Surface,Work Zone,Crash Severity,Number of Fatalities,Number of Injuries,Number of Major Injuries,Number of Minor Injuries,Number of Possible Injuries,Number of Unknown Injuries,Amount of Property Damage,Number of Vehicles Involved,Total Number of Occupants,Travel Direction,Location
2014825251,201400053287,10/30/2014,10-October,5-Thursday,22:58,2200 Hours,District 5 (Southeast),OTTUMWA,WAPELLO,,E COURT ST & N JEFFERSON ST,,On Roadway,Non-collision (single vehicle),Ran Stop Sign,None Indicated,,Dark - roadway lighted,Dry,Clear,None apparent,Intersection:  Four-way intersection,Paved,,Property Damage Only,0,0,0,0,0,0,4250,1,1,,POINT (-92.401511675182 41.02222732432)
2014824452,C14003458,10/30/2014,10-October,5-Thursday,17:15,1700 Hours,District 6 (East Central),CORALVILLE,JOHNSON,,COMMERCE DR,Collision with:  Vehicle in traffic,On Roadway,Rear-end (front to rear),Driving too fast for conditions,None Indicated,,Daylight,Dry,Cloudy,None apparent,Intersection:  Four-way intersection,Paved,,Possible/Unknown,0,1,0,0,1,0,2000,3,8,,POINT (-91.609942874431 41.695920960117)
2014824404,2014061274,10/30/2014,10-October,5-Thursday,21:10,2100 Hours,District 1 (Central),,HAMILTON,US 20,US 20,Non-collision events:  Overturn/rollover,On Roadway,Non-collision (single vehicle),Swerving/Evasive Action,None Indicated,,Dark - roadway not lighted,Dry,Clear,None apparent,Non-intersection:  Non-junction/no special feature,Paved,,Minor Injury,0,1,0,1,0,0,9500,1,1,,POINT (-93.785938706978 42.449177165536)
2014824319,20140032379,10/30/2014,10-October,5-Thursday,17:15,1700 Hours,District 1 (Central),DES MOINES,POLK,US 69,US 69/E 14TH ST & E UNIVERSITY AVE,Collision with:  Vehicle in traffic,On Roadway,"Sideswipe, same direction",Other (explain in narrative):  Other,None Indicated,,Daylight,Dry,Clear,None apparent,Non-intersection:  Non-junction/no special feature,Paved,,Property Damage Only,0,0,0,0,0,0,2700,2,2,,POINT (-93.600549466465 41.600582095952)
2014824478,ACC14-025,10/30/2014,10-October,5-Thursday,15:32,1500 Hours,District 2 (Northeast),CRESCO,HOWARD,,8TH ST E,Collision with:  Vehicle in traffic,On Roadway,Rear-end (front to rear),Followed too close,None Indicated,,Daylight,Dry,Cloudy,None apparent,Non-intersection:  Non-junction/no special feature,Paved,,Property Damage Only,0,0,0,0,0,0,2000,2,2,,POINT (-92.105187908293 43.371406857145)
2014824462,14-18501,10/30/2014,10-October,5-Thursday,08:39,0800 Hours,District 5 (Southeast),,HENRY,,Co Rd H46/OAKLAND MILLS RD,Collision with:  Animal,,,Animal,None Indicated,,,,,,,Paved,,Property Damage Only,0,0,0,0,0,0,5500,1,1,,POINT (-91.563180509229 40.951535681411)
2014824260,2014012156,10/30/2014,10-October,5-Thursday,06:32,0600 Hours,District 6 (East Central),IOWA CITY,JOHNSON,US 218,US 218/NW RAMP CURV,Collision with:  Animal,,Non-collision (single vehicle),Animal,None Indicated,,,,,,,Paved,,Property Damage Only,0,0,0,0,0,0,4000,1,1,,POINT (-91.601112860113 41.658633481544)
2014824436,2014-75928,10/30/2014,10-October,5-Thursday,17:12,1700 Hours,District 6 (East Central),DAVENPORT,SCOTT,,ELMORE AVE,Collision with:  Vehicle in traffic,On Roadway,"Angle, oncoming left turn",FTYROW:  Making left turn,None Indicated,,Daylight,Dry,Cloudy,None apparent,Intersection:  T-intersection,Paved,,Property Damage Only,0,0,0,0,0,0,7000,2,2,,POINT (-90.527169354573 41.556690850737)
2014824200,14-5458,10/30/2014,10-October,5-Thursday,09:00,0900 Hours,District 1 (Central),WEST DES MOINES,POLK,,E P TRUE PKWY,Collision with:  Vehicle in traffic,On Roadway,Rear-end (front to rear),Followed too close,None Indicated,,Daylight,Dry,Clear,Work Zone (roadway-related),Non-intersection:  Driveway access (within),Paved,Yes,Possible/Unknown,0,3,0,0,3,0,31000,4,8,,POINT (-93.7759002168 41.574249112554)
2014824437,C14003456,10/30/2014,10-October,5-Thursday,15:44,1500 Hours,District 6 (East Central),CORALVILLE,JOHNSON,US 6,US 6/2ND ST & 20TH AVE,Collision with:  Vehicle in traffic,On Roadway,"Sideswipe, same direction",FTYROW:  Other (explain in narrative),None Indicated,,Daylight,Dry,Clear,None apparent,Non-intersection:  Non-junction/no special feature,Paved,,Property Damage Only,0,0,0,0,0,0,5000,2,2,,POINT (-91.591518512395 41.679484280756)
2014836860,146363,10/30/2014,10-October,5-Thursday,07:27,0700 Hours,District 1 (Central),,HARDIN,US 20,US 20,Collision with:  Animal,On Roadway,Non-collision (single vehicle),Animal,None Indicated,,Daylight,Dry,Clear,None apparent,Non-intersection:  Non-junction/no special feature,Paved,,Property Damage Only,0,0,0,0,0,0,5000,1,4,,POINT (-93.003624626179 42.462372536273)
2014824300,14164856,10/30/2014,10-October,5-Thursday,16:07,1600 Hours,District 6 (East Central),,JOHNSON,,Co Rd W64/OAK CREST HILL RD SE & RIVERSIDE DR,Collision with:  Vehicle in traffic,On Roadway,"Angle, oncoming left turn",FTYROW:  From stop sign,None Indicated,,Daylight,Dry,Cloudy,None apparent,Intersection:  Four-way intersection,Paved,,Possible/Unknown,0,1,0,0,1,0,7000,2,2,,POINT (-91.54423222551 41.627690900086)
2014824643,2014-039185,10/30/2014,10-October,5-Thursday,06:50,0600 Hours,District 6 (East Central),DUBUQUE,DUBUQUE,,JOHN F KENNEDY RD,Collision with:  Vehicle in traffic,On Roadway,Rear-end (front to rear),Lost Control,None Indicated,,Dawn,Dry,Cloudy,None apparent,Non-intersection:  Driveway access (within),Paved,,Property Damage Only,0,0,0,0,0,0,15736,3,3,,POINT (-90.720555273935 42.51257286599)
2014824344,S14-11214,10/30/2014,10-October,5-Thursday,06:45,0600 Hours,District 3 (Northwest),SIOUX CITY,WOODBURY,,Co Rd D25/OLD HWY 141,Collision with:  Animal,On Roadway,Non-collision (single vehicle),Animal,None Indicated,,Dark - roadway not lighted,Dry,Clear,None apparent,Non-intersection:  Non-junction/no special feature,Paved,,Property Damage Only,0,0,0,0,0,0,2000,1,1,,POINT (-96.269263930801 42.420535764845)
2014825081,,10/30/2014,10-October,5-Thursday,19:00,1900 Hours,District 2 (Northeast),DENVER,BREMER,US 63,US 63/NW RAMP CURV,Collision with:  Animal,On Roadway,Non-collision (single vehicle),Animal,None Indicated,,,,,,"Interchange-related:  Off-ramp, diverge area",Paved,,Property Damage Only,0,0,0,0,0,0,4000,1,1,,POINT (-92.34336434751 42.675701439897)
2014834512,1-14-000418,10/30/2014,10-October,5-Thursday,10:15,1000 Hours,District 4 (Southwest),PANAMA,SHELBY,,MAIN ST,Collision with:  Vehicle in traffic,On Roadway,Rear-end (front to rear),Crossed centerline (undivided),None Indicated,,Daylight,Dry,Clear,None apparent,Non-intersection:  Non-junction/no special feature,Paved,,Property Damage Only,0,0,0,0,0,0,3423,2,2,,POINT (-95.474116224732 41.726151531132)
2014824236,2014-039187,10/30/2014,10-October,5-Thursday,08:04,0800 Hours,District 6 (East Central),DUBUQUE,DUBUQUE,US 20,US 20/DODGE ST & IA 946/IOWA 946,Collision with:  Vehicle in traffic,On Roadway,Rear-end (front to rear),Lost Control,None Indicated,,Daylight,Dry,Cloudy,None apparent,Intersection:  Four-way intersection,Paved,,Property Damage Only,0,0,0,0,0,0,4000,3,4,,POINT (-90.665074549459 42.491995077574)
2014824311,14-004697,10/30/2014,10-October,5-Thursday,11:20,1100 Hours,District 1 (Central),ANKENY,POLK,I-35,I-35 & IA 160/SE ORALABOR RD,Collision with:  Vehicle in traffic,On Roadway,Broadside (front to side),Ran Traffic Signal,None Indicated,,Daylight,Dry,Clear,None apparent,Intersection:  Four-way intersection,Paved,,Property Damage Only,0,0,0,0,0,0,2000,2,2,,POINT (-93.577967338442 41.702875078386)
2014824511,14-38921,10/30/2014,10-October,5-Thursday,15:48,1500 Hours,District 5 (Southeast),,DES MOINES,US 61,US 61 & Co Rd H50/170TH ST/STONY HOLLOW RD,Collision with:  Vehicle in traffic,On Roadway,Rear-end (front to rear),Followed too close,None Indicated,,Daylight,Dry,Clear,None apparent,Intersection:  Four-way intersection,Paved,,Minor Injury,0,1,0,1,0,0,10000,2,2,,POINT (-91.170148193184 40.927762117514)
2014824787,2014-75947,10/30/2014,10-October,5-Thursday,19:54,1900 Hours,District 6 (East Central),DAVENPORT,SCOTT,,,Collision with:  Vehicle in traffic,On Roadway,Rear-end (front to rear),"Operating vehicle in an reckless, erratic, careless, negligent manner",Alcohol (Statutory),,Dark - roadway not lighted,Dry,Cloudy,None apparent,Non-intersection:  Non-junction/no special feature,,,Property Damage Only,0,0,0,0,0,0,3500,2,1,,POINT (-96.643700149993 40.233091251414)
2014825189,14-018486,10/30/2014,10-October,5-Thursday,02:24,0200 Hours,District 5 (Southeast),,HENRY,US 218,US 218,Collision with:  Animal,,,Animal,None Indicated,,,,,,,Paved,,Property Damage Only,0,0,0,0,0,0,2000,1,1,,POINT (-91.548736665873 41.029425742799)
2014824170,14-046218,10/30/2014,10-October,5-Thursday,15:30,1500 Hours,District 4 (Southwest),COUNCIL BLUFFS,POTTAWATTAMIE,,32ND AVE & S EXPRESSWAY,Collision with:  Vehicle in traffic,On Roadway,Rear-end (front to rear),Followed too close,None Indicated,,Daylight,Dry,Clear,None apparent,Non-intersection:  Non-junction/no special feature,Paved,,Possible/Unknown,0,1,0,0,1,0,2000,2,2,,POINT (-95.85136145839 41.228200949274)
2014824378,14-21172,10/31/2014,10-October,6-Friday,12:17,1200 Hours,District 2 (Northeast),,BREMER,IA 3,IA 3/IOWA 3,Collision with:  Vehicle in traffic,On Roadway,Rear-end (front to rear),Followed too close,None Indicated,,Daylight,Dry,Clear,None apparent,Non-intersection:  Driveway access (within),Paved,,Property Damage Only,0,0,0,0,0,0,5000,2,2,,POINT (-92.508414733197 42.715054379126)
2014824646,2014-039237,10/31/2014,10-October,6-Friday,15:22,1500 Hours,District 6 (East Central),DUBUQUE,DUBUQUE,,CARTER RD,Collision with:  Vehicle in traffic,On Roadway,"Angle, oncoming left turn",FTYROW:  Making left turn,None Indicated,,Daylight,Dry,Clear,None apparent,Non-intersection:  Driveway access (within),Paved,,Property Damage Only,0,0,0,0,0,0,8000,2,3,,POINT (-90.720119830087 42.50178493012)
2014824367,14-046308,10/31/2014,10-October,6-Friday,07:45,0700 Hours,District 4 (Southwest),COUNCIL BLUFFS,POTTAWATTAMIE,,AVE D & N 24TH ST,Collision with:  Vehicle in traffic,On Roadway,Broadside (front to side),Other (explain in narrative):  Other,None Indicated,,Dawn,Dry,Clear,None apparent,Intersection:  Four-way intersection,Paved,,Possible/Unknown,0,1,0,0,1,0,7500,2,2,,POINT (-95.879560766594 41.265352333228)
2014824651,2014012233,10/31/2014,10-October,6-Friday,17:12,1700 Hours,District 6 (East Central),IOWA CITY,JOHNSON,IA 1,IA 1/IOWA 1,Collision with:  Vehicle in traffic,On Roadway,Rear-end (front to rear),Followed too close,None Indicated,,Daylight,Dry,Cloudy,None apparent,Non-intersection:  Non-junction/no special feature,Paved,,Minor Injury,0,1,0,1,0,0,11500,4,4,,POINT (-91.544904347813 41.647442519363)
2014824484,W14-108425,10/31/2014,10-October,6-Friday,16:49,1600 Hours,District 2 (Northeast),WATERLOO,BLACK HAWK,,WASHINGTON ST & W 4TH ST,Collision with:  Vehicle in traffic,On Roadway,Rear-end (front to rear),Other (explain in narrative):  Other,None Indicated,,Daylight,Dry,Clear,None apparent,Intersection:  Four-way intersection,Paved,,Possible/Unknown,0,1,0,0,1,0,3000,2,5,,POINT (-92.341745287732 42.49344389433)
2014825450,1400000960,10/31/2014,10-October,6-Friday,21:35,2100 Hours,District 1 (Central),MARSHALLTOWN,MARSHALL,US 30,US 30/240TH ST,Collision with:  Animal,,,Animal,None Indicated,,,,,,,Paved,,Property Damage Only,0,0,0,0,0,0,1500,1,1,,POINT (-92.894316657415 42.003236761087)
2014826651,14-7560,10/31/2014,10-October,6-Friday,11:21,1100 Hours,District 2 (Northeast),ALGONA,KOSSUTH,,Co Rd P56/160 AVE,Non-collision events:  Overturn/rollover,On Roadway,Non-collision (single vehicle),Crossed centerline (undivided),None Indicated,,Daylight,Dry,Clear,None apparent,Non-intersection:  Non-junction/no special feature,Paved,,Major Injury,0,1,1,0,0,0,5300,1,1,,POINT (-94.148489452292 43.044063754582)
2014824324,20140032411,10/31/2014,10-October,6-Friday,07:22,0700 Hours,District 1 (Central),DES MOINES,POLK,IA 163,IA 163/E UNIVERSITY AVE & E 33RD ST,Collision with:  Vehicle in traffic,On Roadway,Broadside (front to side),FTYROW:  From driveway,None Indicated,,Dark - roadway lighted,Dry,Clear,None apparent,Non-intersection:  Driveway access (within),Paved,,Property Damage Only,0,0,0,0,0,0,4500,2,3,,POINT (-93.551457581221 41.600548831823)
2014825304,2014061412,10/31/2014,10-October,6-Friday,18:00,1800 Hours,District 2 (Northeast),,ALLAMAKEE,,Co Rd W4B/YELLOW RIVER DR & LYBRAND DR,Collision with:  Animal,,Non-collision (single vehicle),Animal,None Indicated,,,,,,,Paved,,Property Damage Only,0,0,0,0,0,0,2500,1,1,,POINT (-91.557439624835 43.143262439348)
2014825160,14-005122,10/31/2014,10-October,6-Friday,09:28,0900 Hours,District 1 (Central),AMES,STORY,US 30,US 30,Collision with:  Vehicle in traffic,On Roadway,Rear-end (front to rear),Other (explain in narrative):  Other,None Indicated,,Daylight,Dry,Clear,None apparent,Non-intersection:  Non-junction/no special feature,Paved,,Major Injury,0,2,1,0,1,0,60000,2,2,,POINT (-93.66558071181 42.006885891937)
2014824791,2014-76131,10/31/2014,10-October,6-Friday,16:17,1600 Hours,District 6 (East Central),DAVENPORT,SCOTT,,NORTHWEST BLVD,Collision with:  Vehicle in traffic,On Roadway,"Sideswipe, same direction",FTYROW:  Other (explain in narrative),None Indicated,,Daylight,Dry,Clear,None apparent,Non-intersection:  Non-junction/no special feature,Paved,,Minor Injury,0,1,0,1,0,0,3000,2,4,,POINT (-90.612130262363 41.592928044469)
2014824326,20140032427,10/31/2014,10-October,6-Friday,09:45,0900 Hours,District 1 (Central),DES MOINES,POLK,US 69,US 69/SE 14TH ST,Collision with:  Vehicle in traffic,On Roadway,Rear-end (front to rear),Followed too close,None Indicated,,Daylight,Dry,Clear,None apparent,Non-intersection:  Other non-intersection (explain in narrative),Paved,,Property Damage Only,0,0,0,0,0,0,4000,2,3,,POINT (-93.596916664432 41.574876288935)
2014824473,14-3497,10/31/2014,10-October,6-Friday,14:59,1400 Hours,District 1 (Central),FORT DODGE,WEBSTER,,CENTRAL AVE & S 18TH ST & N 18TH ST,Collision with:  Vehicle in traffic,On Roadway,"Angle, oncoming left turn",Made improper turn,None Indicated,,Daylight,Dry,Clear,None apparent,Intersection:  Four-way intersection,Paved,,Possible/Unknown,0,1,0,0,1,0,3000,2,4,,POINT (-94.173596888578 42.506192853859)
2014824563,20140032478,10/31/2014,10-October,6-Friday,20:45,2000 Hours,District 1 (Central),DES MOINES,POLK,,AURORA AVE & BEAVER AVE,Collision with:  Vehicle in traffic,On Roadway,"Angle, oncoming left turn",FTYROW:  From yield sign,None Indicated,,Dark - roadway lighted,Dry,Cloudy,None apparent,Intersection:  T-intersection,Paved,,Minor Injury,0,2,0,1,1,0,18000,2,5,,POINT (-93.678087942239 41.636792165508)
2014825355,,10/31/2014,10-October,6-Friday,14:54,1400 Hours,District 5 (Southeast),WILTON,MUSCATINE,,W 5TH ST,Collision with:  Vehicle in traffic,On Roadway,Rear-end (front to rear),Followed too close,None Indicated,,Daylight,Dry,Cloudy,None apparent,Non-intersection:  Non-junction/no special feature,Paved,,Possible/Unknown,0,1,0,0,1,0,10000,2,4,,POINT (-91.054916596151 41.419851863745)
2014825057,10-14-307,10/31/2014,10-October,6-Friday,18:41,1800 Hours,District 3 (Northwest),LE MARS,PLYMOUTH,,CENTRAL AVE,Collision with:  Non-motorist (see non-motorist section - NOT a unit),On Roadway,Non-collision (single vehicle),Other (explain in narrative):  No improper action,None Indicated,,Dark - roadway lighted,Dry,Clear,None apparent,Non-intersection:  Non-junction/no special feature,Paved,,Minor Injury,0,1,0,1,0,0,200,1,1,,POINT (-96.166488853018 42.780382203172)
2014826811,201416292,10/31/2014,10-October,6-Friday,06:33,0600 Hours,District 6 (East Central),CEDAR RAPIDS,LINN,,STONY POINT RD SW & 16TH AVE SW,Collision with:  Vehicle in traffic,On Roadway,"Angle, oncoming left turn",FTYROW:  Making left turn,None Indicated,,Dark - roadway lighted,Dry,Clear,None apparent,Intersection:  T-intersection,Paved,,Property Damage Only,0,0,0,0,0,0,7000,2,2,,POINT (-91.755058131246 41.96405692839)
2014824606,2014-23670,10/31/2014,10-October,6-Friday,15:35,1500 Hours,District 5 (Southeast),INDIANOLA,WARREN,IA 92,IA 92/E 2ND AVE & S 3RD ST,Collision with:  Vehicle in traffic,On Roadway,Broadside (front to side),FTYROW:  From stop sign,None Indicated,,Daylight,Dry,Clear,None apparent,Intersection:  Four-way intersection,Paved,,Property Damage Only,0,0,0,0,0,0,13000,2,4,,POINT (-93.556938953716 41.358222445144)
2014831469,2014061429,10/31/2014,10-October,6-Friday,21:10,2100 Hours,District 1 (Central),,JASPER,I-80,I-80,Collision with:  Animal,On Roadway,Non-collision (single vehicle),Animal,None Indicated,,Dark - roadway not lighted,Dry,Clear,None apparent,Non-intersection:  Non-junction/no special feature,Paved,,Property Damage Only,0,0,0,0,0,0,3500,1,1,,POINT (-92.859984462933 41.694794674856)
2014837046,14100679,10/31/2014,10-October,6-Friday,07:05,0700 Hours,District 5 (Southeast),,WAPELLO,,Co Rd T61/MONROE WAPELLO RD,Collision with:  Animal,,,Animal,None Indicated,,,,,,,Paved,,Property Damage Only,0,0,0,0,0,0,3000,1,1,,POINT (-92.634424729201 40.990249391459)
2014825264,201400003974,10/31/2014,10-October,6-Friday,21:10,2100 Hours,District 6 (East Central),,LINN,US 151,US 151 & WEAKLAND LN,Collision with:  Animal,,,Animal,None Indicated,,,,,,,Paved,,Property Damage Only,0,0,0,0,0,0,4500,1,1,,POINT (-91.550196065246 41.983339714489)
2014824509,143327,10/31/2014,10-October,6-Friday,06:50,0600 Hours,District 3 (Northwest),,CRAWFORD,IA 39,IA 39/IOWA 39,Collision with:  Animal,,,Animal,None Indicated,,,,,,,Paved,,Property Damage Only,0,0,0,0,0,0,2500,1,1,,POINT (-95.348738251966 42.068112116135)
2014824856,14013299,10/31/2014,10-October,6-Friday,06:11,0600 Hours,District 1 (Central),,TAMA,,BUSINESS US30,Collision with:  Animal,,,Animal,None Indicated,,,,,,,Paved,,Property Damage Only,0,0,0,0,0,0,3000,1,1,,POINT (-92.608714882169 41.992765268071)
2014824650,2014-039420,10/31/2014,10-October,6-Friday,16:25,1600 Hours,District 6 (East Central),DUBUQUE,DUBUQUE,,JOHN F KENNEDY RD,Collision with:  Vehicle in traffic,On Roadway,"Angle, oncoming left turn",FTYROW:  Making left turn,None Indicated,,Daylight,Dry,Clear,None apparent,Non-intersection:  Driveway access (within),Paved,,Property Damage Only,0,0,0,0,0,0,3000,2,2,,POINT (-90.717526548372 42.494457045902)
2014826314,,10/31/2014,10-October,6-Friday,18:48,1800 Hours,District 5 (Southeast),FORT MADISON,LEE,,AVE L,Collision with:  Vehicle in traffic,On Roadway,Rear-end (front to rear),Driver Distraction:  Reaching for object(s)/fallen object(s),None Indicated,,Dark - roadway lighted,Dry,Clear,None apparent,Non-intersection:  Non-junction/no special feature,Paved,,Possible/Unknown,0,1,0,0,1,0,2000,2,5,,POINT (-91.338856869725 40.627151634053)
2014824541,14-004712,10/31/2014,10-October,6-Friday,13:28,1300 Hours,District 1 (Central),ANKENY,POLK,US 69,US 69/S ANKENY BLVD/N ANKENY BLVD & W 1ST ST & E 1ST ST,Collision with:  Vehicle in traffic,On Roadway,"Angle, oncoming left turn",FTYROW:  Making left turn,None Indicated,,Daylight,Dry,Clear,None apparent,Intersection:  Four-way intersection,Paved,,Property Damage Only,0,0,0,0,0,0,2000,2,3,,POINT (-93.600375962325 41.731870994936)
2014824735,2014061304,10/31/2014,10-October,6-Friday,06:53,0600 Hours,District 2 (Northeast),MARQUETTE,CLAYTON,US 18,US 18 & PLEASANT RIDGE RD,Collision with:  Vehicle in traffic,On Roadway,Broadside (front to side),FTYROW:  From stop sign,None Indicated,,Dark - roadway not lighted,Dry,Cloudy,None apparent,Intersection:  T-intersection,Paved,,Minor Injury,0,1,0,1,0,0,10000,2,2,,POINT (-91.186414040764 43.044252539175)
2014824518,14023090,10/31/2014,10-October,6-Friday,15:59,1500 Hours,District 6 (East Central),MARION,LINN,,BLAIRS FERRY RD & LINDALE DR,Collision with:  Vehicle in traffic,On Roadway,"Angle, oncoming left turn",FTYROW:  Making left turn,None Indicated,,Daylight,Dry,Clear,None apparent,Intersection:  Four-way intersection,Paved,,Property Damage Only,0,0,0,0,0,0,6000,2,3,,POINT (-91.623668765729 42.032284280023)
2014824499,103114-131,10/31/2014,10-October,6-Friday,18:00,1800 Hours,District 3 (Northwest),,BUENA VISTA,,Co Rd C13/430TH ST,Collision with:  Animal,,,Animal,None Indicated,,,,,,,Paved,,Property Damage Only,0,0,0,0,0,0,2000,1,1,,POINT (-95.114714962721 42.892882222528)
2014825006,2014-76034,10/31/2014,10-October,6-Friday,08:03,0800 Hours,District 6 (East Central),DAVENPORT,SCOTT,US 67,US 67/E RIVER DR & MCCLELLAN BLVD,Collision with:  Vehicle in traffic,On Roadway,Rear-end (front to rear),Followed too close,None Indicated,,Daylight,Dry,Clear,None apparent,Non-intersection:  Non-junction/no special feature,Paved,,Property Damage Only,0,0,0,0,0,0,4526,2,3,,POINT (-90.5384535724 41.528860249317)
2014828001,,10/31/2014,10-October,6-Friday,19:15,1900 Hours,District 2 (Northeast),,ALLAMAKEE,,Co Rd W60/OLD STAGE RD,Collision with:  Animal,On Roadway,Non-collision (single vehicle),Animal,None Indicated,,Dark - roadway not lighted,Dry,Clear,,Non-intersection:  Non-junction/no special feature,Paved,,Property Damage Only,0,0,0,0,0,0,5182,1,2,,POINT (-91.527320015289 43.201795914485)
2014825051,14-001331,10/31/2014,10-October,6-Friday,12:50,1200 Hours,District 1 (Central),JOHNSTON,POLK,,NW 86TH ST,Collision with:  Vehicle in traffic,On Roadway,"Sideswipe, opposite direction",FTYROW:  From driveway,None Indicated,,Daylight,Dry,Clear,None apparent,Non-intersection:  Driveway access (within),Paved,,Property Damage Only,0,0,0,0,0,0,10000,2,2,,POINT (-93.73648588256 41.659806344599)
2014828021,,10/31/2014,10-October,6-Friday,17:25,1700 Hours,District 2 (Northeast),,ALLAMAKEE,,Co Rd X16/FOREST MILLS RD,Collision with:  Animal,On Roadway,Non-collision (single vehicle),Animal,None Indicated,,Dusk,Dry,Clear,,Non-intersection:  Non-junction/no special feature,Paved,,Property Damage Only,0,0,0,0,0,0,2000,1,2,,POINT (-91.454717388877 43.178605798938)
2014824957,14-36108,10/31/2014,10-October,6-Friday,13:38,1300 Hours,District 3 (Northwest),SIOUX CITY,WOODBURY,,W 27TH ST & CENTER ST,Collision with:  Vehicle in traffic,On Roadway,"Sideswipe, same direction",Unknown,None Indicated,,Daylight,Dry,Clear,None apparent,Non-intersection:  Non-junction/no special feature,Paved,,Property Damage Only,0,0,0,0,0,0,2500,2,2,,POINT (-96.421176241614 42.517749506417)
2014824628,14-21189,10/31/2014,10-October,6-Friday,15:07,1500 Hours,District 2 (Northeast),,BREMER,,250TH ST,Collision with:  Vehicle in traffic,On Roadway,Broadside (front to side),FTYROW:  From driveway,None Indicated,,Daylight,Dry,Clear,None apparent,Non-intersection:  Driveway access (within),Paved,,Property Damage Only,0,0,0,0,0,0,3200,2,3,,POINT (-92.387677583627 42.685825980857)
2014824815,14-014291,10/31/2014,10-October,6-Friday,11:31,1100 Hours,District 4 (Southwest),GLENWOOD,MILLS,,N WALNUT ST,Collision with:  Parked motor vehicle,On Roadway,Rear-end (front to rear),Unknown,None Indicated,,Daylight,Dry,Clear,None apparent,Non-intersection:  Non-junction/no special feature,Paved,,Property Damage Only,0,0,0,0,0,0,2250,2,2,,POINT (-95.743307456397 41.047192039988)
2014824548,14-1325,10/31/2014,10-October,6-Friday,15:41,1500 Hours,District 1 (Central),CLIVE,POLK,,UNIVERSITY AVE,Collision with:  Vehicle in traffic,On Roadway,Rear-end (front to rear),Followed too close,None Indicated,,Daylight,Dry,Clear,None apparent,Intersection:  Four-way intersection,Paved,,Property Damage Only,0,0,0,0,0,0,3500,2,2,,POINT (-93.780905310571 41.600399204302)
2014825444,14-009716,10/31/2014,10-October,6-Friday,15:22,1500 Hours,District 6 (East Central),INDEPENDENCE,BUCHANAN,IA 150,IA 150/1ST ST E & 4TH AVE SE & 4TH AVE NE,Collision with:  Vehicle in traffic,On Roadway,Rear-end (front to rear),Other (explain in narrative):  Other,None Indicated,,Daylight,Dry,Clear,None apparent,Non-intersection:  Driveway access (within),Paved,,Property Damage Only,0,0,0,0,0,0,4500,2,3,,POINT (-91.890296460291 42.468717081932)
2014826100,2014061422,10/31/2014,10-October,6-Friday,19:46,1900 Hours,District 6 (East Central),,CEDAR,I-80,I-80,Collision with:  Animal,,,Animal,None Indicated,,,,,,,Paved,,Property Damage Only,0,0,0,0,0,0,2000,1,1,,POINT (-91.063563187805 41.642194896349)
2014825037,2014-23698,10/31/2014,10-October,6-Friday,22:30,2200 Hours,District 5 (Southeast),INDIANOLA,WARREN,IA 92,IA 92/W 2ND AVE,Collision with:  Animal,On Roadway,Non-collision (single vehicle),Animal,None Indicated,,Dark - roadway lighted,Dry,Clear,None apparent,Non-intersection:  Non-junction/no special feature,Paved,,Property Damage Only,0,0,0,0,0,0,2000,1,3,,POINT (-93.589426576945 41.356142014779)
2014829461,2014-8126,10/31/2014,10-October,6-Friday,15:15,1500 Hours,District 6 (East Central),ELDRIDGE,SCOTT,,S 1ST ST,Collision with:  Vehicle in traffic,On Roadway,Broadside (front to side),FTYROW:  From stop sign,None Indicated,,Daylight,Dry,Clear,None apparent,Intersection:  T-intersection,Paved,,Property Damage Only,0,0,0,0,0,0,3000,2,2,,POINT (-90.582786447643 41.653593398454)
2014831275,K14-033833,10/31/2014,10-October,6-Friday,15:54,1500 Hours,District 5 (Southeast),KEOKUK,LEE,,MIDDLE RD,Collision with fixed object:  Tree,Outside trafficway,Non-collision (single vehicle),Exceeded authorized speed,Refused,,Daylight,Dry,Clear,None apparent,Non-intersection:  Non-junction/no special feature,Paved,,Major Injury,0,1,1,0,0,0,6000,1,1,,POINT (-91.390942373092 40.423154841182)
2014824665,S14-108336,10/31/2014,10-October,6-Friday,11:41,1100 Hours,District 2 (Northeast),,BLACK HAWK,I-380,I-380,Non-collision events:  Other non-collision (explain in narrative),Shoulder,Non-collision (single vehicle),Swerving/Evasive Action,None Indicated,,Daylight,Dry,Clear,None apparent,Interchange-related:  On-ramp,Paved,,Minor Injury,0,3,0,3,0,0,17698,1,3,,POINT (-92.198263422394 42.449283893127)
2014824301,14165294,10/31/2014,10-October,6-Friday,09:06,0900 Hours,District 6 (East Central),,JOHNSON,IA 1,IA 1/IOWA 1,Collision with:  Vehicle in traffic,On Roadway,Rear-end (front to rear),Swerving/Evasive Action,None Indicated,,Daylight,Dry,Clear,Work Zone (roadway-related),Non-intersection:  Non-junction/no special feature,Paved,Yes,Major Injury,0,3,1,2,0,0,23500,3,3,,POINT (-91.661585341253 41.606969247611)
2014825685,P14-012362,10/31/2014,10-October,6-Friday,08:04,0800 Hours,District 1 (Central),WEBSTER CITY,HAMILTON,,MARVEL ST & 2ND ST,Collision with fixed object:  Utility pole/light support,Shoulder,Non-collision (single vehicle),Crossed centerline (undivided),None Indicated,,Unknown,Unknown,Unknown,Unknown,Non-intersection:  Non-junction/no special feature,Paved,,Property Damage Only,0,0,0,0,0,0,4300,1,1,,POINT (-93.849763050064 42.469408202176)