Iowa DOT Case Number,Law Enforcement Case Number,Date of Crash,Month of Crash,Day of Week,Time of Crash,Hour,DOT District,City Name,County Name,Route with System,Location Description,First Harmful Event,Location of First Harmful Event,Manner of Crash/Collision,Major Cause,Drug or Alcohol ,Environmental Conditions,Light Conditions,Surface Conditions,Weather Conditions,Roadway Contribution,Roadway Type,Roadway Surface,Work Zone,Crash Severity,Number of Fatalities,Number of Injuries,Number of Major Injuries,Number of Minor Injuries,Number of Possible Injuries,Number of Unknown Injuries,Amount of Property Damage,Number of Vehicles Involved,Total Number of Occupants,Travel Direction,Location
2014825406,14-005214,11/03/2014,11-November,2-Monday,15:55,1500 Hours,District 1 (Central),AMES,STORY,US 30,US 30/NE RAMP CURV,Collision with:  Vehicle in traffic,On Roadway,Rear-end (front to rear),Followed too close,None Indicated,,Daylight,Dry,Clear,Work Zone (roadway-related),Non-intersection:  Non-junction/no special feature,Paved,Yes,Property Damage Only,0,0,0,0,0,0,12000,2,2,,POINT (-93.605403052312 42.005273622623)
2014826005,201416510,11/03/2014,11-November,2-Monday,17:29,1700 Hours,District 6 (East Central),CEDAR RAPIDS,LINN,I-380,I-380 & WALFORD RD,Collision with:  Vehicle in traffic,On Roadway,Rear-end (front to rear),Followed too close,None Indicated,,Dark - roadway not lighted,Dry,Cloudy,None apparent,Non-intersection:  Non-junction/no special feature,Paved,,Property Damage Only,0,0,0,0,0,0,16000,2,3,,POINT (-91.670275915479 41.87613007781)
2014825361,W14-109487,11/03/2014,11-November,2-Monday,20:43,2000 Hours,District 2 (Northeast),WATERLOO,BLACK HAWK,US 218,US 218/WASHINGTON ST,Collision with:  Animal,On Roadway,Non-collision (single vehicle),Animal,None Indicated,,Dark - roadway lighted,Dry,Cloudy,None apparent,Non-intersection:  Non-junction/no special feature,Paved,,Property Damage Only,0,0,0,0,0,0,3500,1,3,,POINT (-92.39234457441 42.538671340208)
2014824981,14-5555,11/03/2014,11-November,2-Monday,17:15,1700 Hours,District 1 (Central),WEST DES MOINES,POLK,,MILLS CIVIC PKWY,Collision with:  Vehicle in traffic,On Roadway,Rear-end (front to rear),Followed too close,None Indicated,,Dark - roadway lighted,Dry,Clear,None apparent,Intersection:  Four-way intersection,Paved,,Property Damage Only,0,0,0,0,0,0,2100,4,4,,POINT (-93.781979251861 41.559129795812)
2014825329,14-1776,11/03/2014,11-November,2-Monday,07:03,0700 Hours,District 1 (Central),,GREENE,US 30,US 30/220TH,Collision with:  Animal,,,Animal,None Indicated,,,,,,,Paved,,Property Damage Only,0,0,0,0,0,0,5000,1,1,,POINT (-94.441800355035 42.034650643989)
2014825568,,11/03/2014,11-November,2-Monday,13:10,1300 Hours,District 6 (East Central),CEDAR RAPIDS,LINN,,4TH AVE SE & 8TH ST SE,Collision with:  Vehicle in traffic,On Roadway,Broadside (front to side),Unknown,None Indicated,,Daylight,Dry,Cloudy,,Intersection:  Four-way intersection,Paved,,Possible/Unknown,0,1,0,0,1,0,8000,2,3,,POINT (-91.659426456176 41.979975104858)
2014824946,20140032806,11/03/2014,11-November,2-Monday,17:28,1700 Hours,District 1 (Central),DES MOINES,POLK,IA 163,IA 163/E UNIVERSITY AVE & DIXON ST,Collision with:  Vehicle in traffic,On Roadway,Broadside (front to side),FTYROW:  From stop sign,None Indicated,,Dark - roadway lighted,Dry,Cloudy,None apparent,Intersection:  Four-way intersection,Paved,,Property Damage Only,0,0,0,0,0,0,2000,2,2,,POINT (-93.588706778804 41.600715407747)
2014834225,14-16770,11/03/2014,11-November,2-Monday,17:20,1700 Hours,District 3 (Northwest),,CLAY,,Co Rd B24/350TH ST,Collision with:  Animal,,,Animal,None Indicated,,,,,,,Paved,,Property Damage Only,0,0,0,0,0,0,1500,1,1,,POINT (-95.285631434396 43.141255445424)
2014826115,2014061896,11/03/2014,11-November,2-Monday,14:30,1400 Hours,District 6 (East Central),,JACKSON,IA 64,IA 64/HWY 64 & 525 AVE,Collision with:  Vehicle in traffic,On Roadway,Broadside (front to side),Ran Stop Sign,None Indicated,,Daylight,Dry,Clear,None apparent,Intersection:  Four-way intersection,Paved,,Minor Injury,0,1,0,1,0,0,7000,2,2,,POINT (-90.286144408256 42.069797953445)
2014826113,2014061719,11/03/2014,11-November,2-Monday,06:20,0600 Hours,District 6 (East Central),MAQUOKETA,JACKSON,US 61,US 61/SE RAMP,Non-collision events:  Overturn/rollover,Shoulder,Non-collision (single vehicle),Ran off road - right,None Indicated,,Daylight,Dry,Clear,None apparent,Interchange-related:  On-ramp,Paved,,Property Damage Only,0,0,0,0,0,0,50000,1,1,,POINT (-90.663740819926 42.043240785108)
2014825333,143673,11/03/2014,11-November,2-Monday,19:06,1900 Hours,District 2 (Northeast),HAMPTON,FRANKLIN,,1ST AVE NW,Collision with:  Vehicle in traffic,On Roadway,"Sideswipe, same direction",Lost Control,None Indicated,,Dark - roadway lighted,Dry,Clear,None apparent,Non-intersection:  Non-junction/no special feature,Paved,,Property Damage Only,0,0,0,0,0,0,11000,3,3,,POINT (-93.20750760582 42.742730734909)
2014825187,14-014442,11/03/2014,11-November,2-Monday,21:47,2100 Hours,District 4 (Southwest),,MILLS,,Co Rd L35/221ST ST,Collision with:  Animal,On Roadway,Non-collision (single vehicle),Animal,None Indicated,,Dark - roadway not lighted,Dry,Clear,None apparent,Non-intersection:  Non-junction/no special feature,Paved,,Property Damage Only,0,0,0,0,0,0,6000,1,1,,POINT (-95.761258468127 41.083258116044)
2014826291,201400053935,11/03/2014,11-November,2-Monday,17:55,1700 Hours,District 5 (Southeast),OTTUMWA,WAPELLO,,W 4TH ST,Collision with:  Vehicle in traffic,On Roadway,"Sideswipe, same direction",Lost Control,None Indicated,,Dark - roadway lighted,Wet,Rain,None apparent,Non-intersection:  Non-junction/no special feature,Paved,,Property Damage Only,0,0,0,0,0,0,5500,4,1,,POINT (-92.417926170833 41.024887716304)
2014825226,14-001290,11/03/2014,11-November,2-Monday,22:17,2200 Hours,District 1 (Central),,STORY,US 30,US 30 & 730TH AVE,Collision with:  Animal,,Non-collision (single vehicle),Animal,None Indicated,,,,,,,Paved,,Property Damage Only,0,0,0,0,0,0,1500,1,1,,POINT (-93.251233113233 42.007784013767)
2014829082,2014061723,11/03/2014,11-November,2-Monday,06:25,0600 Hours,District 1 (Central),,POLK,I-235,I-235,Collision with:  Animal,,Non-collision (single vehicle),Animal,None Indicated,,,,,,,Paved,,Property Damage Only,0,0,0,0,0,0,2000,1,1,,POINT (-93.575685923003 41.647843989034)
2014825870,2014061938,11/03/2014,11-November,2-Monday,22:30,2200 Hours,District 5 (Southeast),,WARREN,I-35,I-35,Collision with:  Animal,,,Animal,None Indicated,,,,,,,Paved,,Property Damage Only,0,0,0,0,0,0,15000,1,1,,POINT (-93.778685152082 41.278947589186)
2014826003,201416499,11/03/2014,11-November,2-Monday,14:33,1400 Hours,District 6 (East Central),CEDAR RAPIDS,LINN,,KIRKWOOD BLVD SW,Collision with:  Vehicle in traffic,On Roadway,Rear-end (front to rear),Followed too close,None Indicated,,Daylight,Dry,Cloudy,None apparent,Non-intersection:  Non-junction/no special feature,Paved,,Property Damage Only,0,0,0,0,0,0,3500,3,6,,POINT (-91.656715118697 41.922878370974)
2014825105,14023341,11/03/2014,11-November,2-Monday,16:59,1600 Hours,District 6 (East Central),MARION,LINN,IA 100,IA 100/COLLINS RD SE,Collision with:  Animal,On Roadway,Non-collision (single vehicle),Animal,None Indicated,,Dusk,Dry,Clear,None apparent,Non-intersection:  Non-junction/no special feature,Paved,,Property Damage Only,0,0,0,0,0,0,3000,1,1,,POINT (-91.572790966211 42.018558600316)
2014825451,1400000961,11/03/2014,11-November,2-Monday,18:07,1800 Hours,District 1 (Central),MARSHALLTOWN,MARSHALL,IA 14,IA 14/SANFORD AVE,Collision with:  Animal,,,Animal,None Indicated,,,,,,,Paved,,Property Damage Only,0,0,0,0,0,0,2500,1,1,,POINT (-92.907031698374 42.086315598087)
2014824850,14-001282,11/03/2014,11-November,2-Monday,00:01,0000 Hours,District 1 (Central),,STORY,,Co Rd E41/LINCOLN HWY,Collision with:  Animal,,,Animal,None Indicated,,,,,,,Paved,,Property Damage Only,0,0,0,0,0,0,8000,1,1,,POINT (-93.378640504373 42.022664664421)
2014825998,201416478,11/03/2014,11-November,2-Monday,07:36,0700 Hours,District 6 (East Central),CEDAR RAPIDS,LINN,,76TH AVE SW,Collision with:  Vehicle in traffic,On Roadway,Rear-end (front to rear),Other (explain in narrative):  Other,None Indicated,,Daylight,Dry,Clear,None apparent,Non-intersection:  Non-junction/no special feature,Paved,,Property Damage Only,0,0,0,0,0,0,3000,2,29,,POINT (-91.680558028717 41.905285889688)
2014824590,20140032741,11/03/2014,11-November,2-Monday,11:40,1100 Hours,District 1 (Central),DES MOINES,POLK,US 69,US 69/E 14TH ST,Collision with:  Vehicle in traffic,On Roadway,"Sideswipe, same direction",FTYROW:  Making left turn,None Indicated,,Daylight,Dry,Cloudy,None apparent,Intersection:  Four-way intersection,Paved,,Property Damage Only,0,0,0,0,0,0,4000,2,4,,POINT (-93.60030872794 41.600502288813)
2014825011,2014-76730,11/03/2014,11-November,2-Monday,12:28,1200 Hours,District 6 (East Central),DAVENPORT,SCOTT,,KIMBERLY DOWNS RD,Collision with:  Vehicle in traffic,On Roadway,"Sideswipe, opposite direction",Other (explain in narrative):  Other,None Indicated,,Daylight,Dry,Cloudy,None apparent,Non-intersection:  Non-junction/no special feature,Paved,,Possible/Unknown,0,1,0,0,1,0,3500,2,6,,POINT (-90.558888568992 41.556576446263)
2014824992,2014011447,11/03/2014,11-November,2-Monday,16:44,1600 Hours,District 1 (Central),MARSHALLTOWN,MARSHALL,,JACKSON ST,Collision with:  Vehicle in traffic,On Roadway,"Angle, oncoming left turn",FTYROW:  From yield sign,None Indicated,,Dusk,Dry,Clear,None apparent,Intersection:  T-intersection,Paved,,Property Damage Only,0,0,0,0,0,0,7500,2,5,,POINT (-92.9012509518 42.040296220038)
2014825042,2014012372,11/03/2014,11-November,2-Monday,10:58,1000 Hours,District 6 (East Central),IOWA CITY,JOHNSON,,J ST & BRADFORD ST & S 1ST AVE,Collision with:  Vehicle in traffic,On Roadway,Rear-end (front to rear),Followed too close,None Indicated,,Daylight,Dry,Cloudy,None apparent,Intersection:  Four-way intersection,Paved,,Possible/Unknown,0,1,0,0,1,0,2000,3,3,,POINT (-91.501965377279 41.646305377893)
2014825894,14-017379,11/03/2014,11-November,2-Monday,19:25,1900 Hours,District 2 (Northeast),CHARLES CITY,FLOYD,US 18,US 18/NE RAMP & US 218,Collision with:  Animal,,,Animal,None Indicated,,,,,,,Paved,,Property Damage Only,0,0,0,0,0,0,2000,1,1,,POINT (-92.667076212752 43.038797676811)
2014825561,,11/03/2014,11-November,2-Monday,17:48,1700 Hours,District 6 (East Central),BELLEVUE,JACKSON,US 52,US 52/1ST ST,Collision with:  Vehicle in traffic,On Roadway,"Sideswipe, same direction",FTYROW:  From parked position,None Indicated,,Dark - roadway lighted,Dry,Clear,None apparent,Non-intersection:  Non-junction/no special feature,Paved,,Property Damage Only,0,0,0,0,0,0,4500,2,2,,POINT (-90.421311079903 42.254440581612)
2014828015,,11/03/2014,11-November,2-Monday,16:00,1600 Hours,District 6 (East Central),CEDAR RAPIDS,LINN,,WILEY BLVD SW & 33RD AVE SW & EDGEWOOD RD SW,Collision with:  Parked motor vehicle,On Roadway,"Angle, oncoming left turn",Unknown,None Indicated,,Daylight,Dry,Clear,,Non-intersection:  Non-junction/no special feature,Paved,,Possible/Unknown,0,1,0,0,1,0,6000,2,2,,POINT (-91.716027635966 41.945614008441)
2014844868,2014-003210,11/03/2014,11-November,2-Monday,18:36,1800 Hours,District 2 (Northeast),,ALLAMAKEE,IA 76,IA 76/IOWA 76,Collision with:  Animal,,,Animal,None Indicated,,,,,,,Paved,,Property Damage Only,0,0,0,0,0,0,5000,1,1,,POINT (-91.201258234811 43.107186369244)
2014825084,W14-109362,11/03/2014,11-November,2-Monday,15:15,1500 Hours,District 2 (Northeast),WATERLOO,BLACK HAWK,,W 5TH ST & ALLEN ST,Collision with:  Vehicle in traffic,On Roadway,Broadside (front to side),FTYROW:  From stop sign,None Indicated,,Daylight,Dry,Cloudy,None apparent,Intersection:  Four-way intersection,Paved,,Property Damage Only,0,0,0,0,0,0,3200,2,5,,POINT (-92.346775110394 42.488384372226)
2014850920,14008935,11/03/2014,11-November,2-Monday,21:00,2100 Hours,District 5 (Southeast),,LOUISA,US 61,US 61,Collision with:  Animal,On Roadway,Non-collision (single vehicle),Animal,None Indicated,,Dark - roadway not lighted,Unknown,Unknown,Unknown,Unknown,Paved,,Property Damage Only,0,0,0,0,0,0,6500,1,1,,POINT (-91.19699122459 41.256813947896)
2014825040,2014-23856,11/03/2014,11-November,2-Monday,00:36,0000 Hours,District 5 (Southeast),,WARREN,US 65,US 65,Collision with:  Vehicle in traffic,On Roadway,Non-collision (single vehicle),Animal,None Indicated,,Dark - roadway not lighted,Dry,Cloudy,None apparent,Non-intersection:  Non-junction/no special feature,Paved,,Property Damage Only,0,0,0,0,0,0,8000,1,1,,POINT (-93.558447391962 41.446498163756)
2014825197,2014-013568,11/03/2014,11-November,2-Monday,14:58,1400 Hours,District 6 (East Central),DUBUQUE,DUBUQUE,,GRAF RD & POTTER HILL DR,Collision with fixed object:  Ditch,On Roadway,Non-collision (single vehicle),Ran off road - right,None Indicated,,Daylight,Dry,Cloudy,None apparent,Non-intersection:  Non-junction/no special feature,Paved,,Minor Injury,0,1,0,1,0,0,15100,1,1,,POINT (-90.864965020988 42.501136134145)
2014824941,20140032758,11/03/2014,11-November,2-Monday,13:15,1300 Hours,District 1 (Central),DES MOINES,POLK,US 6,US 6/E EUCLID AVE & E 12TH ST,Collision with:  Vehicle in traffic,On Roadway,Rear-end (front to rear),Unknown,None Indicated,,Daylight,Dry,Cloudy,None apparent,Intersection:  Four-way intersection,Paved,,Minor Injury,0,2,0,2,0,0,800,2,5,,POINT (-93.60481052665 41.627680481723)
2014825708,W14-109513,11/03/2014,11-November,2-Monday,22:07,2200 Hours,District 2 (Northeast),WATERLOO,BLACK HAWK,,CROSSROADS BLVD,Collision with fixed object:  Curb/island/raised median,On Roadway,Non-collision (single vehicle),Driver Distraction:  Manual operation of an electronic communication device,None Indicated,,Dark - roadway lighted,Wet,Rain,None apparent,Non-intersection:  Non-junction/no special feature,Paved,,Property Damage Only,0,0,0,0,0,0,1800,1,1,,POINT (-92.322190828181 42.465141583862)
2014829405,2014061917,11/03/2014,11-November,2-Monday,17:55,1700 Hours,District 5 (Southeast),,CLARKE,US 69,US 69,Non-collision events:  Overturn/rollover,On Roadway,Non-collision (single vehicle),Equipment failure,None Indicated,,Dark - roadway not lighted,Wet,Rain,None apparent,Non-intersection:  Non-junction/no special feature,Paved,,Property Damage Only,0,0,0,0,0,0,10000,1,1,,POINT (-93.769465856475 40.99543147173)
2014824943,20140032775,11/03/2014,11-November,2-Monday,14:58,1400 Hours,District 1 (Central),DES MOINES,POLK,US 69,US 69/E 14TH ST & E OAK PARK AVE,Collision with:  Vehicle in traffic,On Roadway,Broadside (front to side),Other (explain in narrative):  Other,None Indicated,,Daylight,Dry,Cloudy,None apparent,Non-intersection:  Non-junction/no special feature,Paved,,Property Damage Only,0,0,0,0,0,0,1800,2,2,,POINT (-93.600564553715 41.626793016046)
2014825640,14009524,11/03/2014,11-November,2-Monday,18:18,1800 Hours,District 6 (East Central),MANCHESTER,DELAWARE,,E PROSPECT ST,Collision with:  Parked motor vehicle,On Roadway,"Sideswipe, same direction",Other (explain in narrative):  Other,None Indicated,,Dark - roadway lighted,Dry,Cloudy,None apparent,Non-intersection:  Non-junction/no special feature,Paved,,Property Damage Only,0,0,0,0,0,0,1500,2,1,,POINT (-91.450563505319 42.489938785912)
2014825030,14-3542,11/03/2014,11-November,2-Monday,18:28,1800 Hours,District 1 (Central),FORT DODGE,WEBSTER,US 169,US 169 & IA 7/190TH ST & 3RD AVE NW,Collision with:  Vehicle in traffic,On Roadway,"Angle, oncoming left turn",FTYROW:  Making left turn,None Indicated,,Dark - roadway lighted,Dry,Cloudy,None apparent,Intersection:  Four-way intersection,Paved,,Property Damage Only,0,0,0,0,0,0,6000,2,2,,POINT (-94.223777156473 42.515421090689)
2014825999,201416479,11/03/2014,11-November,2-Monday,07:37,0700 Hours,District 6 (East Central),CEDAR RAPIDS,LINN,,42ND ST NE,Collision with:  Vehicle in traffic,On Roadway,Rear-end (front to rear),Lost Control,None Indicated,,Daylight,Dry,Cloudy,None apparent,Non-intersection:  Driveway access (within),Paved,,Property Damage Only,0,0,0,0,0,0,13000,2,4,,POINT (-91.681137335154 42.021683133515)
2014827861,2014061726,11/03/2014,11-November,2-Monday,04:30,0400 Hours,District 1 (Central),NEWTON,JASPER,I-80,I-80,Collision with fixed object:  Guardrail - face,Median,Non-collision (single vehicle),Swerving/Evasive Action,None Indicated,,Dark - roadway not lighted,Dry,Clear,None apparent,Non-intersection:  Non-junction/no special feature,Paved,,Property Damage Only,0,0,0,0,0,0,3300,1,1,,POINT (-93.025736712279 41.682978629356)
2014824955,S14-11349,11/03/2014,11-November,2-Monday,18:45,1800 Hours,District 3 (Northwest),SALIX,WOODBURY,I-29,I-29,Collision with:  Animal,,,Animal,None Indicated,,,,,,,Paved,,Property Damage Only,0,0,0,0,0,0,4000,1,1,,POINT (-96.30811225239 42.320566563201)
2014824553,20140032731,11/03/2014,11-November,2-Monday,10:24,1000 Hours,District 1 (Central),DES MOINES,POLK,US 69,US 69/SE 14TH ST & INDIANOLA AVE,Collision with:  Vehicle in traffic,On Roadway,Head-on (front to front),Crossed centerline (undivided),Under Influence of Alcohol/Drugs/Medications,,Daylight,Dry,Cloudy,None apparent,Intersection:  Four-way intersection,Paved,,Property Damage Only,0,0,0,0,0,0,3000,2,2,,POINT (-93.596826574121 41.553358331362)
2014826327,,11/03/2014,11-November,2-Monday,10:45,1000 Hours,District 4 (Southwest),WOODBINE,HARRISON,,,Collision with:  Non-motorist (see non-motorist section - NOT a unit),On Roadway,Non-collision (single vehicle),Other (explain in narrative):  Vision obstructed,None Indicated,,Daylight,Wet,Cloudy,None apparent,Non-intersection:  Driveway access (within),,,Major Injury,0,1,1,0,0,0,0,1,1,,POINT (-96.643700149993 40.233091251414)
2014826006,201416516,11/03/2014,11-November,2-Monday,19:27,1900 Hours,District 6 (East Central),CEDAR RAPIDS,LINN,,10TH ST NW,Collision with:  Vehicle in traffic,On Roadway,Rear-end (front to rear),Crossed centerline (undivided),Alcohol (Statutory),,Dark - roadway lighted,Wet,Rain,None apparent,Non-intersection:  Non-junction/no special feature,Paved,,Property Damage Only,0,0,0,0,0,0,2500,3,1,,POINT (-91.685630241732 41.975351625687)
2014824974,14-36454,11/03/2014,11-November,2-Monday,12:02,1200 Hours,District 3 (Northwest),SIOUX CITY,WOODBURY,,LEECH AVE & S HELEN ST,Collision with:  Vehicle in traffic,On Roadway,Broadside (front to side),Ran Stop Sign,None Indicated,,Daylight,Dry,Cloudy,None apparent,Intersection:  Four-way intersection,Paved,,Property Damage Only,0,0,0,0,0,0,7000,2,2,,POINT (-96.369542246938 42.487639259594)
2014829404,2014061899,11/03/2014,11-November,2-Monday,15:15,1500 Hours,District 5 (Southeast),,WARREN,I-35,I-35,Collision with:  Vehicle in traffic,On Roadway,Rear-end (front to rear),Unknown,None Indicated,,Daylight,Dry,Clear,None apparent,Non-intersection:  Non-junction/no special feature,Paved,,Property Damage Only,0,0,0,0,0,0,2500,2,2,,POINT (-93.779566421654 41.351948509631)
2014825358,,11/03/2014,11-November,2-Monday,19:00,1900 Hours,District 3 (Northwest),,POCAHONTAS,IA 15,IA 15/290TH AVE,Collision with:  Animal,On Roadway,Non-collision (single vehicle),Animal,None Indicated,,Dark - roadway not lighted,Dry,Clear,None apparent,Non-intersection:  Non-junction/no special feature,Paved,,Property Damage Only,0,0,0,0,0,0,8000,1,1,,POINT (-94.541239095647 42.738256802681)
2014825649,20141063,11/03/2014,11-November,2-Monday,18:15,1800 Hours,District 6 (East Central),MOUNT VERNON,LINN,US 30,US 30,Collision with:  Animal,,,Animal,None Indicated,,,,,,,Paved,,Property Damage Only,0,0,0,0,0,0,5000,1,1,,POINT (-91.412675436931 41.916503202128)
2014839050,2014061947,11/03/2014,11-November,2-Monday,22:28,2200 Hours,District 6 (East Central),,JONES,IA 64,IA 64/IOWA 64,Collision with:  Vehicle in traffic,On Roadway,Head-on (front to front),Crossed centerline (undivided),Drug/Alcohol (Statutory),,Dark - roadway not lighted,Wet,Rain,None apparent,Non-intersection:  Non-junction/no special feature,Paved,,Fatal,1,2,0,2,0,0,28000,2,3,,POINT (-91.224204380646 42.084878440865)
2014828264,S79140357,11/03/2014,11-November,2-Monday,15:30,1500 Hours,District 1 (Central),,POWESHIEK,,Co Rd T58/80TH ST & 390TH AVE,Collision with:  Vehicle in traffic,On Roadway,Head-on (front to front),Crossed centerline (undivided),None Indicated,,Daylight,Dry,Clear,None apparent,Non-intersection:  Non-junction/no special feature,Paved,,Property Damage Only,0,0,0,0,0,0,4500,2,3,,POINT (-92.629458759082 41.731572004377)
2014825225,14-001289,11/03/2014,11-November,2-Monday,18:55,1800 Hours,District 1 (Central),,STORY,I-35,I-35,Collision with:  Vehicle in traffic,On Roadway,Rear-end (front to rear),Followed too close,None Indicated,,Dark - roadway not lighted,Dry,Clear,None apparent,Non-intersection:  Non-junction/no special feature,Paved,,Possible/Unknown,0,1,0,0,1,0,47500,3,3,,POINT (-93.57058836921 42.192714390979)
2014824975,14-36457,11/03/2014,11-November,2-Monday,12:43,1200 Hours,District 3 (Northwest),SIOUX CITY,WOODBURY,,S LAKEPORT ST,Collision with:  Vehicle in traffic,On Roadway,"Sideswipe, same direction",Other (explain in narrative):  Other,None Indicated,,Daylight,Dry,Cloudy,None apparent,Non-intersection:  Non-junction/no special feature,Paved,,Property Damage Only,0,0,0,0,0,0,6000,2,5,,POINT (-96.346865546887 42.445469780461)
2014825014,2014-76832,11/03/2014,11-November,2-Monday,20:17,2000 Hours,District 6 (East Central),DAVENPORT,SCOTT,I-74,I-74 & I-80,Collision with:  Animal,,,Animal,None Indicated,,,,,,,Paved,,Property Damage Only,0,0,0,0,0,0,4000,1,1,,POINT (-90.521268706692 41.596227540877)
2014824917,14023349,11/03/2014,11-November,2-Monday,18:30,1800 Hours,District 6 (East Central),MARION,LINN,,7TH AVE & 10TH ST,Collision with:  Vehicle in traffic,On Roadway,Rear-end (front to rear),Followed too close,None Indicated,,Dark - roadway lighted,Wet,Rain,None apparent,Non-intersection:  Non-junction/no special feature,Paved,,Minor Injury,0,1,0,1,0,0,2500,2,4,,POINT (-91.599316116604 42.033313562416)
2014904352,,11/03/2014,11-November,2-Monday,09:45,0900 Hours,District 3 (Northwest),REMSEN,PLYMOUTH,,W 5TH ST & S MARION ST,Collision with:  Vehicle in traffic,On Roadway,Broadside (front to side),FTYROW:  From yield sign,None Indicated,,Daylight,Wet,Rain,None apparent,Intersection:  Four-way intersection,Paved,,Property Damage Only,0,0,0,0,0,0,7000,2,3,,POINT (-95.976988599606 42.811600974094)
2014825224,14-001286,11/03/2014,11-November,2-Monday,11:56,1100 Hours,District 1 (Central),,STORY,I-35,I-35,Collision with:  Vehicle in traffic,On Roadway,"Sideswipe, same direction",Improper or erratic lane changing,None Indicated,,Daylight,Dry,Clear,None apparent,Non-intersection:  Other non-intersection (explain in narrative),Paved,,Property Damage Only,0,0,0,0,0,0,2000,2,2,,POINT (-93.571176201535 42.008826512514)
2014828214,14006718,11/03/2014,11-November,2-Monday,08:49,0800 Hours,District 3 (Northwest),LARRABEE,CHEROKEE,,440TH ST,Non-collision events:  Overturn/rollover,On Roadway,Non-collision (single vehicle),Ran off road - right,None Indicated,,Daylight,"Mud, dirt",Clear,None apparent,Non-intersection:  Non-junction/no special feature,Unpaved,,Possible/Unknown,0,1,0,0,1,0,7500,1,1,,POINT (-95.457078981241 42.879199350082)
2014824875,SA1409310,11/03/2014,11-November,2-Monday,06:38,0600 Hours,District 5 (Southeast),WASHINGTON,WASHINGTON,,LEXINGTON BLVD & W 5TH ST,Collision with fixed object:  Ditch,Roadside,Non-collision (single vehicle),Over correcting/over steering,None Indicated,,Dawn,"Mud, dirt",Clear,None apparent,Non-intersection:  Non-junction/no special feature,Paved,,Property Damage Only,0,0,0,0,0,0,9000,1,1,,POINT (-91.723531695489 41.311551900357)
2014825808,2014-23896,11/03/2014,11-November,2-Monday,15:12,1500 Hours,District 5 (Southeast),INDIANOLA,WARREN,,N 9TH ST,Collision with:  Vehicle in traffic,On Roadway,Rear-end (front to rear),Improper Backing,None Indicated,,Daylight,Dry,Cloudy,None apparent,Non-intersection:  Non-junction/no special feature,Paved,,Property Damage Only,0,0,0,0,0,0,4000,2,2,,POINT (-93.54742542365 41.36997799116)
2014830245,S14-109229,11/03/2014,11-November,2-Monday,07:25,0700 Hours,District 2 (Northeast),WATERLOO,BLACK HAWK,,Co Rd C57/W CEDAR-WAPSI RD,Collision with:  Animal,,,Animal,None Indicated,,,,,,,Paved,,Property Damage Only,0,0,0,0,0,0,3000,1,1,,POINT (-92.478927487396 42.61356611521)
2014825207,2014-039330,11/03/2014,11-November,2-Monday,23:18,2300 Hours,District 6 (East Central),DUBUQUE,DUBUQUE,,E 29TH ST,Collision with fixed object:  Other fixed object (explain in narrative),Outside trafficway,Unknown,Lost Control,None Indicated,,Dark - roadway not lighted,Wet,Rain,None apparent,Non-intersection:  Non-junction/no special feature,Paved,,Possible/Unknown,0,1,0,0,1,0,52000,2,2,,POINT (-90.675610913771 42.525843822906)
2014827838,2014061926,11/03/2014,11-November,2-Monday,17:39,1700 Hours,District 5 (Southeast),,MAHASKA,IA 92,IA 92/IOWA 92,Collision with:  Non-motorist (see non-motorist section - NOT a unit),On Roadway,Non-collision (single vehicle),Unknown,None Indicated,,Dusk,Dry,Cloudy,Obstruction in roadway,Non-intersection:  Driveway access (within),Paved,,Major Injury,0,1,1,0,0,0,0,1,1,,POINT (-92.593831446073 41.296303885073)
2014825240,14034181,11/03/2014,11-November,2-Monday,17:52,1700 Hours,District 5 (Southeast),,LEE,IA 27,IA 27/IOWA 27,Collision with:  Animal,,,Animal,None Indicated,,,,,,,Paved,,Property Damage Only,0,0,0,0,0,0,2000,1,1,,POINT (-91.567125832747 40.500533017485)
2014825020,201405209,11/03/2014,11-November,2-Monday,18:37,1800 Hours,District 1 (Central),,BOONE,,L AVE,Collision with:  Animal,,,Animal,None Indicated,,,,,,,Unpaved,,Property Damage Only,0,0,0,0,0,0,2500,1,1,,POINT (-93.951085605639 42.205555361702)
2014825868,2014061717,11/03/2014,11-November,2-Monday,03:22,0300 Hours,District 5 (Southeast),,WARREN,I-35,I-35,Collision with:  Animal,,,Animal,None Indicated,,,,,,,Paved,,Property Damage Only,0,0,0,0,0,0,2500,1,1,,POINT (-93.780316918439 41.423751402063)
2014824945,20140032785,11/03/2014,11-November,2-Monday,16:19,1600 Hours,District 1 (Central),DES MOINES,POLK,,SE 8TH ST & INDIANOLA AVE,Collision with:  Vehicle in traffic,On Roadway,Broadside (front to side),FTYROW:  From stop sign,None Indicated,,Daylight,Dry,Clear,None apparent,Intersection:  Other intersection (explain in narrative),Paved,,Property Damage Only,0,0,0,0,0,0,5000,2,3,,POINT (-93.602568944913 41.558372474094)
2014826067,2014-76812,11/03/2014,11-November,2-Monday,18:26,1800 Hours,District 6 (East Central),DAVENPORT,SCOTT,,S CLARK ST,Collision with:  Parked motor vehicle,On Roadway,"Sideswipe, same direction",Lost Control,None Indicated,,Dark - roadway not lighted,Dry,Clear,None apparent,Non-intersection:  Non-junction/no special feature,Paved,,Property Damage Only,0,0,0,0,0,0,10000,2,1,,POINT (-90.620496570777 41.514394457688)