Iowa DOT Case Number,Law Enforcement Case Number,Date of Crash,Month of Crash,Day of Week,Time of Crash,Hour,DOT District,City Name,County Name,Route with System,Location Description,First Harmful Event,Location of First Harmful Event,Manner of Crash/Collision,Major Cause,Drug or Alcohol ,Environmental Conditions,Light Conditions,Surface Conditions,Weather Conditions,Roadway Contribution,Roadway Type,Roadway Surface,Work Zone,Crash Severity,Number of Fatalities,Number of Injuries,Number of Major Injuries,Number of Minor Injuries,Number of Possible Injuries,Number of Unknown Injuries,Amount of Property Damage,Number of Vehicles Involved,Total Number of Occupants,Travel Direction,Location
2014825089,143384,11/04/2014,11-November,3-Tuesday,08:30,0800 Hours,District 3 (Northwest),,CRAWFORD,,Co Rd M36/DONNA REED RD,Collision with:  Animal,,Non-collision (single vehicle),Animal,None Indicated,,,,,,,Paved,,Property Damage Only,0,0,0,0,0,0,2500,1,1,,POINT (-95.330275171464 41.998513370188)
2014826495,14009862,11/04/2014,11-November,3-Tuesday,18:10,1800 Hours,District 6 (East Central),,BUCHANAN,IA 150,IA 150/JAMESTOWN AVE & Co Rd D16/OTTERVILLE BLVD & 200TH ST,Collision with:  Animal,,,Animal,None Indicated,,,,,,,Paved,,Property Damage Only,0,0,0,0,0,0,5000,1,1,,POINT (-91.8894899575 42.497815868766)
2014825085,W14-109724,11/04/2014,11-November,3-Tuesday,16:31,1600 Hours,District 2 (Northeast),WATERLOO,BLACK HAWK,,W RIDGEWAY AVE & E RIDGEWAY AVE & KIMBALL AVE,Collision with:  Vehicle in traffic,On Roadway,Rear-end (front to rear),Other (explain in narrative):  Other,None Indicated,,Dusk,Dry,Clear,None apparent,Intersection:  Four-way intersection,Paved,,Property Damage Only,0,0,0,0,0,0,3000,2,3,,POINT (-92.357008561961 42.469367826687)
2014825180,14-36583,11/04/2014,11-November,3-Tuesday,15:00,1500 Hours,District 3 (Northwest),SIOUX CITY,WOODBURY,,W 19TH ST & CENTER ST,Collision with:  Vehicle in traffic,On Roadway,Rear-end (front to rear),Followed too close,None Indicated,,Daylight,Dry,Clear,None apparent,Intersection:  Four-way intersection,Paved,,Property Damage Only,0,0,0,0,0,0,1500,2,3,,POINT (-96.421220964398 42.510544610223)
2014831304,2014062069,11/04/2014,11-November,3-Tuesday,06:00,0600 Hours,District 1 (Central),,STORY,I-35,I-35,Collision with:  Other non-fixed object (explain in narrative),On Roadway,Non-collision (single vehicle),Other (explain in narrative):  No improper action,None Indicated,,Dark - roadway not lighted,Dry,Clear,Debris,Non-intersection:  Non-junction/no special feature,Paved,,Property Damage Only,0,0,0,0,0,0,2000,1,1,,POINT (-93.569471891187 42.056020399456)
2014824935,20140032878,11/04/2014,11-November,3-Tuesday,12:17,1200 Hours,District 1 (Central),DES MOINES,POLK,,UNIVERSITY AVE & MLK JR PKWY,Collision with:  Vehicle in traffic,On Roadway,Rear-end (front to rear),Other (explain in narrative):  No improper action,None Indicated,,Daylight,Dry,Clear,None apparent,Intersection:  Four-way intersection,Paved,,Possible/Unknown,0,2,0,0,2,0,4500,2,5,,POINT (-93.643795192714 41.600393093974)
2014825256,201405229,11/04/2014,11-November,3-Tuesday,19:32,1900 Hours,District 1 (Central),,BOONE,,Co Rd R18/L AVE,Collision with:  Animal,,,Animal,None Indicated,,,,,,,Paved,,Property Damage Only,0,0,0,0,0,0,2500,1,1,,POINT (-93.95084691168 42.028591444918)
2014825119,20140032916,11/04/2014,11-November,3-Tuesday,16:49,1600 Hours,District 1 (Central),DES MOINES,POLK,I-235,I-235,Collision with:  Vehicle in traffic,On Roadway,Rear-end (front to rear),"Operating vehicle in an reckless, erratic, careless, negligent manner",None Indicated,,Daylight,Dry,Clear,None apparent,Non-intersection:  Non-junction/no special feature,Paved,,Property Damage Only,0,0,0,0,0,0,6300,3,4,,POINT (-93.622859089266 41.595779628941)
2014826470,A14082,11/04/2014,11-November,3-Tuesday,11:00,1100 Hours,District 5 (Southeast),KNOXVILLE,MARION,,W HOWARD ST,Collision with:  Vehicle in traffic,On Roadway,Broadside (front to side),FTYROW:  From stop sign,None Indicated,,Daylight,Dry,Cloudy,None apparent,Intersection:  T-intersection,Paved,,Property Damage Only,0,0,0,0,0,0,4000,2,3,,POINT (-93.109755790437 41.311758850619)
2014830063,14-061,11/04/2014,11-November,3-Tuesday,18:39,1800 Hours,District 3 (Northwest),POMEROY,CALHOUN,IA 4,IA 4/MARENGO AVE,Collision with:  Animal,,,Animal,None Indicated,,,,,,,Paved,,Property Damage Only,0,0,0,0,0,0,1500,1,1,,POINT (-94.678157283054 42.537953392771)
2014825694,2014-0259,11/04/2014,11-November,3-Tuesday,17:08,1700 Hours,District 5 (Southeast),CARLISLE,WARREN,IA 5,IA 5/IOWA 5 & Co Rd G16/SCOTCH RIDGE RD,Collision with:  Vehicle in traffic,On Roadway,"Angle, oncoming left turn",FTYROW:  Making left turn,None Indicated,,Daylight,Dry,Clear,None apparent,Intersection:  Four-way intersection,Paved,,Property Damage Only,0,0,0,0,0,0,6000,2,2,,POINT (-93.497850756463 41.498542206049)
2014825179,14-36563,11/04/2014,11-November,3-Tuesday,11:23,1100 Hours,District 3 (Northwest),SIOUX CITY,WOODBURY,,DODGE AVE & S CECELIA ST,Collision with:  Vehicle in traffic,On Roadway,Broadside (front to side),FTYROW:  From yield sign,None Indicated,,Daylight,Dry,Clear,None apparent,Intersection:  Four-way intersection,Paved,,Property Damage Only,0,0,0,0,0,0,5000,2,3,,POINT (-96.366925325787 42.484897838208)
2014826019,14003805,11/04/2014,11-November,3-Tuesday,18:27,1800 Hours,District 5 (Southeast),,KEOKUK,IA 149,IA 149/IOWA 149 & 305TH ST,Collision with:  Animal,,,Animal,None Indicated,,,,,,,Paved,,Property Damage Only,0,0,0,0,0,0,2000,1,1,,POINT (-92.213769058089 41.213175825857)
2014825018,14013519,11/04/2014,11-November,3-Tuesday,05:54,0500 Hours,District 1 (Central),,TAMA,US 30,US 30,Collision with:  Animal,On Roadway,Non-collision (single vehicle),Animal,None Indicated,,Dark - roadway not lighted,Dry,Cloudy,None apparent,Non-intersection:  Non-junction/no special feature,Paved,,Property Damage Only,0,0,0,0,0,0,3000,1,1,,POINT (-92.616201438131 41.992583388261)
2014825433,2014062110,11/04/2014,11-November,3-Tuesday,23:21,2300 Hours,District 1 (Central),,STORY,I-35,I-35,Collision with:  Animal,,,Animal,None Indicated,,,,,,,Paved,,Property Damage Only,0,0,0,0,0,0,4500,1,1,,POINT (-93.569775772204 41.94116644096)
2014827999,,11/04/2014,11-November,3-Tuesday,19:45,1900 Hours,District 4 (Southwest),,MILLS,US 34,US 34,Collision with:  Animal,On Roadway,Non-collision (single vehicle),Animal,None Indicated,,Dark - roadway not lighted,Dry,Clear,,Non-intersection:  Non-junction/no special feature,Paved,,Property Damage Only,0,0,0,0,0,0,10000,1,1,,POINT (-95.846538879872 41.043650815395)
2014825107,14-007680,11/04/2014,11-November,3-Tuesday,09:50,0900 Hours,District 3 (Northwest),,MONONA,,Co Rd L32/L32,Non-collision events:  Other non-collision (explain in narrative),On Roadway,Non-collision (single vehicle),Swerving/Evasive Action,None Indicated,,Daylight,Dry,Clear,None apparent,Non-intersection:  Non-junction/no special feature,Paved,,Property Damage Only,0,0,0,0,0,0,31500,1,1,,POINT (-95.787928668165 42.08927395026)
2014825341,,11/04/2014,11-November,3-Tuesday,20:06,2000 Hours,District 4 (Southwest),,ADAIR,IA 92,IA 92/IOWA 92 & Co Rd P28/STUART RD,Collision with:  Vehicle in traffic,On Roadway,"Sideswipe, same direction",Ran Stop Sign,None Indicated,,Dark - roadway lighted,Dry,Clear,None apparent,Non-intersection:  Driveway access (within),Paved,,Property Damage Only,0,0,0,0,0,0,3000,2,2,,POINT (-94.317219639262 41.314029138495)
2014825381,14-004779,11/04/2014,11-November,3-Tuesday,15:32,1500 Hours,District 1 (Central),ANKENY,POLK,,SW ORDNANCE RD,Collision with:  Vehicle in traffic,On Roadway,Broadside (front to side),Ran Traffic Signal,None Indicated,,Daylight,Dry,Clear,None apparent,Intersection:  Four-way intersection,Paved,,Possible/Unknown,0,1,0,0,1,0,3000,2,3,,POINT (-93.600768347474 41.719781494787)
2014835401,144296,11/04/2014,11-November,3-Tuesday,17:00,1700 Hours,District 1 (Central),ELDORA,HARDIN,IA 175,IA 175/EDGINGTON AVE,Unknown,Shoulder,Non-collision (single vehicle),Unknown,None Indicated,,Unknown,Dry,Clear,Unknown,Non-intersection:  Non-junction/no special feature,Paved,,Property Damage Only,0,0,0,0,0,0,1500,2,1,,POINT (-93.097840483665 42.36066189624)
2014825100,TC60-14,11/04/2014,11-November,3-Tuesday,16:30,1600 Hours,District 4 (Southwest),MISSOURI VALLEY,HARRISON,US 30,US 30/W ERIE ST & WILLOW RD,Collision with:  Vehicle in traffic,On Roadway,"Angle, oncoming left turn",FTYROW:  From stop sign,None Indicated,,Daylight,Dry,Clear,None apparent,Intersection:  Other intersection (explain in narrative),Paved,,Possible/Unknown,0,2,0,0,2,0,23500,2,4,,POINT (-95.911572311245 41.550166888244)
2014825295,14-5572,11/04/2014,11-November,3-Tuesday,12:45,1200 Hours,District 4 (Southwest),WEST DES MOINES,DALLAS,I-80,I-80 & JORDAN CREEK PKWY,Collision with:  Vehicle in traffic,On Roadway,"Sideswipe, same direction",Made improper turn,None Indicated,,Daylight,Dry,Clear,None apparent,Non-intersection:  Non-junction/no special feature,Paved,,Property Damage Only,0,0,0,0,0,0,5000,2,2,,POINT (-93.808980368993 41.593314566958)
2014826171,1411042772,11/04/2014,11-November,3-Tuesday,20:22,2000 Hours,District 6 (East Central),,CLINTON,,Co Rd F12/220 ST,Collision with:  Animal,,Non-collision (single vehicle),Animal,None Indicated,,,,,,,Paved,,Property Damage Only,0,0,0,0,0,0,2000,1,1,,POINT (-90.26281382963 41.859169343878)
2014825213,GP20140911,11/04/2014,11-November,3-Tuesday,19:14,1900 Hours,District 1 (Central),GRINNELL,POWESHIEK,US 6,US 6,Collision with:  Vehicle in traffic,On Roadway,Rear-end (front to rear),Other (explain in narrative):  Other,None Indicated,,Dark - roadway not lighted,Dry,Clear,None apparent,Non-intersection:  Non-junction/no special feature,Paved,,Property Damage Only,0,0,0,0,0,0,6000,2,2,,POINT (-92.74610221123 41.744877131621)
2014825687,P14-012505,11/04/2014,11-November,3-Tuesday,07:56,0700 Hours,District 1 (Central),WEBSTER CITY,HAMILTON,,DIVISION ST & BROADWAY ST,Collision with:  Vehicle in traffic,On Roadway,Broadside (front to side),FTYROW:  From stop sign,None Indicated,,Dawn,Dry,Clear,None apparent,Intersection:  Four-way intersection,Paved,,Possible/Unknown,0,2,0,0,2,0,10000,2,4,,POINT (-93.826395950498 42.467615796877)
2014827202,,11/04/2014,11-November,3-Tuesday,13:00,1300 Hours,District 4 (Southwest),,MILLS,I-29,I-29,Collision with:  Vehicle in traffic,On Roadway,"Sideswipe, same direction",Unknown,None Indicated,,Daylight,,Cloudy,,Non-intersection:  Non-junction/no special feature,Paved,,Property Damage Only,0,0,0,0,0,0,1500,2,2,,POINT (-95.804293928076 40.995429691028)
2014824989,14-5564,11/04/2014,11-November,3-Tuesday,06:28,0600 Hours,District 1 (Central),WEST DES MOINES,POLK,,GRAND AVE,Collision with:  Animal,On Roadway,Non-collision (single vehicle),Animal,None Indicated,,Dark - roadway lighted,Dry,Clear,None apparent,Non-intersection:  Non-junction/no special feature,Paved,,Property Damage Only,0,0,0,0,0,0,3900,1,1,,POINT (-93.734366200613 41.566181182812)
2014825479,14018808,11/04/2014,11-November,3-Tuesday,22:56,2200 Hours,District 5 (Southeast),,HENRY,,Co Rd W55/FRANKLIN AVE,Collision with:  Animal,,,Animal,None Indicated,,,,,,,Paved,,Property Damage Only,0,0,0,0,0,0,2000,1,1,,POINT (-91.628304662541 41.044839879684)
2014824994,14-046899,11/04/2014,11-November,3-Tuesday,11:24,1100 Hours,District 4 (Southwest),COUNCIL BLUFFS,POTTAWATTAMIE,,COLLEGE RD & VALLEY VIEW DR,Collision with:  Vehicle in traffic,On Roadway,Rear-end (front to rear),Lost Control,None Indicated,,Daylight,Dry,Clear,None apparent,Non-intersection:  Non-junction/no special feature,Paved,,Property Damage Only,0,0,0,0,0,0,3000,2,2,,POINT (-95.803716277459 41.268693862037)
2014825318,CL14003926,11/04/2014,11-November,3-Tuesday,11:46,1100 Hours,District 6 (East Central),CLINTON,CLINTON,,5TH AVE S,Collision with:  Vehicle in traffic,On Roadway,"Sideswipe, same direction",Unknown,None Indicated,,Daylight,Dry,Cloudy,None apparent,Non-intersection:  Non-junction/no special feature,Paved,,Property Damage Only,0,0,0,0,0,0,1500,2,2,,POINT (-90.201210925852 41.841140068321)
2014825285,14046304,11/04/2014,11-November,3-Tuesday,22:06,2200 Hours,District 5 (Southeast),MUSCATINE,MUSCATINE,,W 8TH ST & LINN ST,Collision with:  Vehicle in traffic,On Roadway,Rear-end (front to rear),"Operating vehicle in an reckless, erratic, careless, negligent manner",Alcohol (Statutory),,Dark - roadway not lighted,Dry,Cloudy,None apparent,Intersection:  T-intersection,Paved,,Property Damage Only,0,0,0,0,0,0,10000,2,1,,POINT (-91.053575016779 41.424305605418)
2014828657,A391114-2471,11/04/2014,11-November,3-Tuesday,18:15,1800 Hours,District 4 (Southwest),,GUTHRIE,IA 141,IA 141/IOWA 141,Collision with:  Animal,,,Animal,None Indicated,,,,,,,Paved,,Property Damage Only,0,0,0,0,0,0,4000,1,1,,POINT (-94.390570624717 41.847822143428)
2014827709,261402000,11/04/2014,11-November,3-Tuesday,00:42,0000 Hours,District 5 (Southeast),BLOOMFIELD,DAVIS,US 63,US 63,Collision with:  Animal,,Non-collision (single vehicle),Animal,None Indicated,,,,,,,Paved,,Property Damage Only,0,0,0,0,0,0,4000,1,1,,POINT (-92.40949301404 40.87817254466)
2014825127,20140032915,11/04/2014,11-November,3-Tuesday,16:48,1600 Hours,District 1 (Central),DES MOINES,POLK,,42ND ST,Collision with:  Vehicle in traffic,On Roadway,Rear-end (front to rear),Followed too close,None Indicated,,Daylight,Dry,Cloudy,None apparent,Non-intersection:  Non-junction/no special feature,Paved,,Property Damage Only,0,0,0,0,0,0,4000,2,5,,POINT (-93.674443201236 41.59582185604)
2014825257,E14-109779,11/04/2014,11-November,3-Tuesday,20:06,2000 Hours,District 2 (Northeast),EVANSDALE,BLACK HAWK,,LAFAYETTE AVE,Collision with fixed object:  Utility pole/light support,Roadside,Non-collision (single vehicle),Driver Distraction:  Inattentive/lost in thought,None Indicated,,Dark - roadway lighted,Dry,Clear,None apparent,Non-intersection:  Non-junction/no special feature,Paved,,Property Damage Only,0,0,0,0,0,0,1500,1,1,,POINT (-92.286346866229 42.476721687519)
2014826117,2014061956,11/04/2014,11-November,3-Tuesday,06:22,0600 Hours,District 1 (Central),,MARSHALL,IA 330,IA 330/MARSHALLTOWN BLVD & BINFORD AVE & 330TH ST,Collision with:  Animal,,Non-collision (single vehicle),Animal,None Indicated,,,,,,,Paved,,Property Damage Only,0,0,0,0,0,0,1500,1,1,,POINT (-93.211495156309 41.877806621406)
2014825422,14-11276,11/04/2014,11-November,3-Tuesday,16:20,1600 Hours,District 3 (Northwest),CARROLL,CARROLL,US 30,US 30/6TH ST & GRANT RD,Collision with:  Vehicle in traffic,On Roadway,Head-on (front to front),FTYROW:  Making left turn,None Indicated,,Daylight,Dry,Clear,None apparent,Intersection:  Four-way intersection,Paved,,Property Damage Only,0,0,0,0,0,0,6000,2,2,,POINT (-94.859286354354 42.064039576508)
2014831305,2014062090,11/04/2014,11-November,3-Tuesday,07:45,0700 Hours,District 1 (Central),,STORY,I-35,I-35,Collision with:  Animal,On Roadway,Non-collision (single vehicle),Animal,None Indicated,,Dark - roadway not lighted,Dry,Clear,None apparent,Non-intersection:  Non-junction/no special feature,Paved,,Possible/Unknown,0,1,0,0,1,0,3500,1,1,,POINT (-93.569471891187 42.056020399456)
2014825219,2014012412,11/04/2014,11-November,3-Tuesday,16:00,1600 Hours,District 6 (East Central),IOWA CITY,JOHNSON,,BOWERY ST & DODGE ST,Collision with:  Vehicle in traffic,On Roadway,Broadside (front to side),FTYROW:  From stop sign,None Indicated,,Daylight,Dry,Clear,None apparent,Intersection:  Four-way intersection,Paved,,Property Damage Only,0,0,0,0,0,0,6000,2,2,,POINT (-91.525839447072 41.654107812168)
2014825120,20140032920,11/04/2014,11-November,3-Tuesday,16:32,1600 Hours,District 1 (Central),DES MOINES,POLK,,E ARMY POST RD & SHOREVIEW CIR,Collision with:  Vehicle in traffic,On Roadway,Rear-end (front to rear),Lost Control,None Indicated,,Dusk,Dry,Clear,None apparent,Intersection:  Other intersection (explain in narrative),Paved,,Property Damage Only,0,0,0,0,0,0,3000,2,3,,POINT (-93.562690701325 41.52604004438)
2014825198,2014-013581,11/04/2014,11-November,3-Tuesday,08:49,0800 Hours,District 6 (East Central),,DUBUQUE,US 52,US 52,Collision with:  Animal,,Non-collision (single vehicle),Animal,None Indicated,,,,,,,Paved,,Property Damage Only,0,0,0,0,0,0,2000,1,1,,POINT (-90.615715847463 42.410426335196)
2014825527,2014062107,11/04/2014,11-November,3-Tuesday,23:05,2300 Hours,District 2 (Northeast),,CERRO GORDO,,Co Rd B20/305TH ST,Collision with:  Animal,,,Animal,None Indicated,,,,,,,Paved,,Property Damage Only,0,0,0,0,0,0,1500,1,1,,POINT (-93.15903068 43.2057259536)
2014831575,K14041758,11/04/2014,11-November,3-Tuesday,17:55,1700 Hours,District 2 (Northeast),,FRANKLIN,US 65,US 65,Collision with:  Animal,,,Animal,None Indicated,,,,,,,Paved,,Property Damage Only,0,0,0,0,0,0,8500,1,1,,POINT (-93.203119275335 42.682158334114)
2014825414,14-36599,11/04/2014,11-November,3-Tuesday,16:56,1600 Hours,District 3 (Northwest),SIOUX CITY,WOODBURY,,4TH ST & PIERCE ST,Collision with:  Vehicle in traffic,On Roadway,Broadside (front to side),Ran Traffic Signal,None Indicated,,Dusk,Dry,Clear,None apparent,Intersection:  Four-way intersection,Paved,,Property Damage Only,0,0,0,0,0,0,6000,2,2,,POINT (-96.404935189804 42.494164818587)
2014824932,14-004771,11/04/2014,11-November,3-Tuesday,07:20,0700 Hours,District 1 (Central),ANKENY,POLK,IA 415,IA 415/SW ORALABOR RD,Collision with:  Vehicle in traffic,On Roadway,Rear-end (front to rear),Followed too close,None Indicated,,Daylight,Dry,Clear,None apparent,Non-intersection:  Non-junction/no special feature,Paved,,Possible/Unknown,0,1,0,0,1,0,3000,2,2,,POINT (-93.622728238663 41.703136632076)
2014826267,2014012193,11/04/2014,11-November,3-Tuesday,19:32,1900 Hours,District 1 (Central),MARSHALLTOWN,MARSHALL,,CATALINA PL,Collision with:  Vehicle in traffic,On Roadway,Rear-end (front to rear),Illegally Parked/Unattended,None Indicated,,Dark - roadway lighted,Dry,Clear,None apparent,Non-intersection:  Non-junction/no special feature,Paved,,Property Damage Only,0,0,0,0,0,0,10000,2,1,,POINT (-92.915845003623 42.02306017732)
2014848166,A391114-2568,11/04/2014,11-November,3-Tuesday,08:07,0800 Hours,District 4 (Southwest),,GUTHRIE,IA 25,IA 25/IOWA 25,Non-collision events:  Other non-collision (explain in narrative),On Roadway,Non-collision (single vehicle),Other (explain in narrative):  Other,None Indicated,,Daylight,Dry,Clear,None apparent,Non-intersection:  Non-junction/no special feature,Paved,,Possible/Unknown,0,1,0,0,0,1,5000,2,3,,POINT (-94.494526015525 41.629580263278)
2014825092,14-39565,11/04/2014,11-November,3-Tuesday,17:43,1700 Hours,District 5 (Southeast),,DES MOINES,,Co Rd X99/DMC 99 & GOLF COURSE RD,Collision with:  Animal,,,Animal,None Indicated,,,,,,,Paved,,Property Damage Only,0,0,0,0,0,0,2000,1,1,,POINT (-91.108349524743 40.855864979965)
2014826152,2014-5466,11/04/2014,11-November,3-Tuesday,16:17,1600 Hours,District 4 (Southwest),WAUKEE,DALLAS,,UNIVERSITY AVE,Collision with:  Vehicle in traffic,On Roadway,"Sideswipe, same direction",Unknown,None Indicated,,Dusk,Dry,Clear,Work Zone (roadway-related),Non-intersection:  Non-junction/no special feature,Paved,Yes,Property Damage Only,0,0,0,0,0,0,2200,2,2,,POINT (-93.854308059895 41.600399583154)
2014826090,201400004030,11/04/2014,11-November,3-Tuesday,16:00,1600 Hours,District 6 (East Central),,LINN,,ROLLING ACRES RD,Non-collision events:  Overturn/rollover,On Roadway,Non-collision (single vehicle),Swerving/Evasive Action,None Indicated,,Daylight,"Mud, dirt",Cloudy,Other (explain in narrative),Non-intersection:  Non-junction/no special feature,Unpaved,,Possible/Unknown,0,1,0,0,1,0,8000,1,1,,POINT (-91.807857172956 42.224719847205)
2014825108,OP14-007688,11/04/2014,11-November,3-Tuesday,15:40,1500 Hours,District 3 (Northwest),ONAWA,MONONA,,PEARL ST & 7TH ST,Collision with:  Vehicle in traffic,On Roadway,Broadside (front to side),FTYROW:  At uncontrolled intersection,None Indicated,,Daylight,Dry,Clear,None apparent,Intersection:  Four-way intersection,Paved,,Property Damage Only,0,0,0,0,0,0,7500,2,3,,POINT (-96.093092246173 42.028073933927)
2014830016,2014-21591,11/04/2014,11-November,3-Tuesday,17:03,1700 Hours,District 6 (East Central),BETTENDORF,SCOTT,,TERRACE PARK DR & UTICA RIDGE RD,Collision with:  Vehicle in traffic,On Roadway,Rear-end (front to rear),Followed too close,None Indicated,,Dark - roadway lighted,Dry,Clear,None apparent,Intersection:  Four-way intersection,Paved,,Property Damage Only,0,0,0,0,0,0,3000,2,2,,POINT (-90.517324648069 41.5660973507)
2014826702,14019322,11/04/2014,11-November,3-Tuesday,07:48,0700 Hours,District 2 (Northeast),MASON CITY,CERRO GORDO,IA 122,IA 122/6TH ST SW,Collision with:  Vehicle in traffic,On Roadway,Rear-end (front to rear),Other (explain in narrative):  Vision obstructed,None Indicated,,Daylight,Dry,Cloudy,None apparent,Non-intersection:  Non-junction/no special feature,Paved,,Property Damage Only,0,0,0,0,0,0,1500,2,3,,POINT (-93.201181096509 43.146236862997)
2014825427,2014-0468,11/04/2014,11-November,3-Tuesday,07:17,0700 Hours,District 5 (Southeast),NORWALK,WARREN,IA 28,IA 28/SUNSET DR & CHERRY PKWY,Collision with:  Vehicle in traffic,On Roadway,"Angle, oncoming left turn",FTYROW:  Making left turn,None Indicated,,Daylight,Dry,Clear,None apparent,Intersection:  Four-way intersection,Paved,,Property Damage Only,0,0,0,0,0,0,2300,2,3,,POINT (-93.674840309345 41.484074776761)
2014825515,14-027169,11/04/2014,11-November,3-Tuesday,05:45,0500 Hours,District 5 (Southeast),,MARION,,Co Rd T14/HWY T14,Collision with:  Animal,,,Animal,None Indicated,,,,,,,Paved,,Property Damage Only,0,0,0,0,0,0,7000,1,1,,POINT (-92.923682996379 41.445153056758)
2014825385,20140032892,11/04/2014,11-November,3-Tuesday,13:54,1300 Hours,District 1 (Central),DES MOINES,POLK,US 69,US 69/E 15TH ST & DES MOINES ST,Collision with:  Vehicle in traffic,On Roadway,"Sideswipe, same direction",Made improper turn,None Indicated,,Daylight,Dry,Clear,None apparent,Non-intersection:  Non-junction/no special feature,Paved,,Property Damage Only,0,0,0,0,0,0,2000,2,3,,POINT (-93.595721799844 41.594959673018)
2014826288,891407272,11/04/2014,11-November,3-Tuesday,18:30,1800 Hours,District 5 (Southeast),KEOSAUQUA,VAN BUREN,,4TH ST,Collision with:  Parked motor vehicle,Roadside,Broadside (front to side),Unknown,None Indicated,,Dark - roadway not lighted,Dry,Clear,None apparent,Non-intersection:  Non-junction/no special feature,Paved,,Property Damage Only,0,0,0,0,0,0,1500,2,3,,POINT (-91.967238163369 40.730026201364)
2014825759,14-004778,11/04/2014,11-November,3-Tuesday,14:50,1400 Hours,District 1 (Central),ANKENY,POLK,,SW STATE ST & SW PRAIRIE TRAIL PKWY,Collision with:  Vehicle in traffic,On Roadway,Broadside (front to side),FTYROW:  Making left turn,Refused,,Daylight,Dry,Clear,None apparent,Intersection:  Four-way intersection,Paved,,Minor Injury,0,1,0,1,0,0,10000,2,2,,POINT (-93.622372134829 41.709830812908)
2014830356,EP14-2091,11/04/2014,11-November,3-Tuesday,15:24,1500 Hours,District 2 (Northeast),EAGLE GROVE,WRIGHT,IA 17,IA 17/COMMERCIAL AVE & 2ND ST SW,Collision with:  Vehicle in traffic,On Roadway,Rear-end (front to rear),Made improper turn,None Indicated,,Daylight,Dry,Clear,None apparent,Intersection:  Four-way intersection,Paved,,Property Damage Only,0,0,0,0,0,0,7500,2,4,,POINT (-93.904470988733 42.661999236734)
2014824999,14-046894,11/04/2014,11-November,3-Tuesday,10:50,1000 Hours,District 4 (Southwest),COUNCIL BLUFFS,POTTAWATTAMIE,,7TH AVE & S 24TH ST,Collision with:  Vehicle in traffic,On Roadway,Broadside (front to side),FTYROW:  At uncontrolled intersection,None Indicated,,Daylight,Dry,Clear,None apparent,Non-intersection:  Non-junction/no special feature,Paved,,Property Damage Only,0,0,0,0,0,0,4000,2,3,,POINT (-95.87952713349 41.255356146629)
2014825181,14-36587,11/04/2014,11-November,3-Tuesday,15:25,1500 Hours,District 3 (Northwest),SIOUX CITY,WOODBURY,,10TH ST & DOUGLAS ST,Collision with:  Vehicle in traffic,On Roadway,Broadside (front to side),Ran Traffic Signal,None Indicated,,Daylight,Dry,Clear,None apparent,Intersection:  Four-way intersection,Paved,,Possible/Unknown,0,1,0,0,1,0,5500,2,3,,POINT (-96.406496377236 42.500727658125)
2014824987,14-046870,11/04/2014,11-November,3-Tuesday,08:37,0800 Hours,District 4 (Southwest),COUNCIL BLUFFS,POTTAWATTAMIE,,SOUTH AVE,Collision with:  Vehicle in traffic,On Roadway,"Sideswipe, same direction",Other (explain in narrative):  Other,None Indicated,,Daylight,Dry,Clear,None apparent,Intersection:  T-intersection,Paved,,Property Damage Only,0,0,0,0,0,0,2500,2,2,,POINT (-95.833658524556 41.234015130745)
2014825282,14-046939,11/04/2014,11-November,3-Tuesday,17:00,1700 Hours,District 4 (Southwest),COUNCIL BLUFFS,POTTAWATTAMIE,I-29,I-29,Collision with:  Vehicle in traffic,On Roadway,Rear-end (front to rear),Followed too close,None Indicated,,Daylight,Dry,Clear,None apparent,Interchange-related:  On-ramp merge area,Paved,,Property Damage Only,0,0,0,0,0,0,3500,2,2,,POINT (-95.85689106269 41.232449894004)
2014826008,201416562,11/04/2014,11-November,3-Tuesday,15:01,1500 Hours,District 6 (East Central),CEDAR RAPIDS,LINN,,3RD AVE SW & 6TH ST SW,Collision with:  Vehicle in traffic,On Roadway,"Sideswipe, same direction",Made improper turn,None Indicated,,Daylight,Dry,Clear,None apparent,Intersection:  Four-way intersection,Paved,,Property Damage Only,0,0,0,0,0,0,4500,2,4,,POINT (-91.678232509007 41.97238461379)
2014825294,14-5565,11/04/2014,11-November,3-Tuesday,07:47,0700 Hours,District 1 (Central),WEST DES MOINES,POLK,,VALLEY VIEW DR,Non-collision events:  Other non-collision (explain in narrative),On Roadway,"Sideswipe, same direction",Other (explain in narrative):  Other,None Indicated,,Daylight,Dry,Cloudy,None apparent,Non-intersection:  Non-junction/no special feature,Paved,,Property Damage Only,0,0,0,0,0,0,3300,2,5,,POINT (-93.747855818642 41.550313498534)
2014825432,2014062012,11/04/2014,11-November,3-Tuesday,11:54,1100 Hours,District 3 (Northwest),PAULLINA,OBRIEN,,480TH ST,Collision with:  Vehicle in traffic,On Roadway,Head-on (front to front),Crossed centerline (undivided),None Indicated,,Daylight,"Mud, dirt",Clear,None apparent,Non-intersection:  Non-junction/no special feature,Unpaved,,Property Damage Only,0,0,0,0,0,0,3500,2,2,,POINT (-95.614976135613 42.953921947343)
2014825072,14-046854,11/04/2014,11-November,3-Tuesday,03:21,0300 Hours,District 4 (Southwest),COUNCIL BLUFFS,POTTAWATTAMIE,I-80,I-80,Collision with:  Animal,On Roadway,Non-collision (single vehicle),Animal,None Indicated,,Dark - roadway not lighted,Dry,Clear,None apparent,Non-intersection:  Non-junction/no special feature,Paved,,Possible/Unknown,0,1,0,0,1,0,5000,1,1,,POINT (-95.79532244828 41.268366749327)
2014825657,2014012453,11/05/2014,11-November,4-Wednesday,18:07,1800 Hours,District 6 (East Central),IOWA CITY,JOHNSON,,MALL DR,Collision with:  Vehicle in traffic,On Roadway,"Sideswipe, opposite direction",Crossed centerline (undivided),None Indicated,,Dark - roadway lighted,Wet,Cloudy,None apparent,Non-intersection:  Non-junction/no special feature,Paved,,Property Damage Only,0,0,0,0,0,0,2500,2,2,,POINT (-91.503456875635 41.64464052825)