Iowa DOT Case Number,Law Enforcement Case Number,Date of Crash,Month of Crash,Day of Week,Time of Crash,Hour,DOT District,City Name,County Name,Route with System,Location Description,First Harmful Event,Location of First Harmful Event,Manner of Crash/Collision,Major Cause,Drug or Alcohol ,Environmental Conditions,Light Conditions,Surface Conditions,Weather Conditions,Roadway Contribution,Roadway Type,Roadway Surface,Work Zone,Crash Severity,Number of Fatalities,Number of Injuries,Number of Major Injuries,Number of Minor Injuries,Number of Possible Injuries,Number of Unknown Injuries,Amount of Property Damage,Number of Vehicles Involved,Total Number of Occupants,Travel Direction,Location
2014826293,201400054289,11/05/2014,11-November,4-Wednesday,18:55,1800 Hours,District 5 (Southeast),OTTUMWA,WAPELLO,,QUINCY AVE,Collision with:  Animal,,Non-collision (single vehicle),Animal,None Indicated,,,,,,,Paved,,Property Damage Only,0,0,0,0,0,0,2000,1,1,,POINT (-92.438546118707 41.019945446417)
2014850964,14-008979,11/05/2014,11-November,4-Wednesday,17:30,1700 Hours,District 5 (Southeast),,LOUISA,IA 92,IA 92/IOWA 92,Collision with:  Animal,,,Animal,None Indicated,,,,,,,Paved,,Property Damage Only,0,0,0,0,0,0,3000,1,1,,POINT (-91.279025015011 41.277381351212)
2014825872,2014062159,11/05/2014,11-November,4-Wednesday,10:11,1000 Hours,District 5 (Southeast),,MONROE,,690TH AVE,Collision with:  Railway vehicle/train,On Roadway,Broadside (front to side),FTYROW:  Other (explain in narrative),None Indicated,,Daylight,Dry,Cloudy,None apparent,Non-intersection:  Railroad grade crossing,Unpaved,,Fatal,1,0,0,0,0,0,1500,2,2,,POINT (-92.734732191268 40.930078238657)
2014826011,201416646,11/05/2014,11-November,4-Wednesday,20:09,2000 Hours,District 6 (East Central),CEDAR RAPIDS,LINN,,J ST SW,Collision with:  Parked motor vehicle,Outside trafficway,Rear-end (front to rear),Lost Control,Alcohol (Statutory),,Dark - roadway lighted,Dry,Cloudy,None apparent,Non-intersection:  Non-junction/no special feature,Paved,,Possible/Unknown,0,1,0,0,1,0,11000,2,1,,POINT (-91.66719978218 41.947561306083)
2014829248,14-8131,11/05/2014,11-November,4-Wednesday,20:25,2000 Hours,District 3 (Northwest),,IDA,IA 175,IA 175/IOWA 175,Collision with:  Animal,,,Animal,None Indicated,,,,,,,Paved,,Property Damage Only,0,0,0,0,0,0,2000,1,1,,POINT (-95.515136367723 42.343465948951)
2014826865,14-34379,11/05/2014,11-November,4-Wednesday,18:15,1800 Hours,District 5 (Southeast),MONTROSE,LEE,,Co Rd J62/255 ST,Collision with:  Animal,,,Animal,None Indicated,,,,,,,Paved,,Property Damage Only,0,0,0,0,0,0,1500,1,1,,POINT (-91.43112948932 40.588589454412)
2014825469,14-21576,11/05/2014,11-November,4-Wednesday,19:53,1900 Hours,District 2 (Northeast),,BREMER,US 218,US 218,Collision with:  Animal,,,Animal,None Indicated,,,,,,,Paved,,Property Damage Only,0,0,0,0,0,0,3000,1,1,,POINT (-92.53472799655 42.826687519077)
2014825466,14-013598,11/05/2014,11-November,4-Wednesday,21:15,2100 Hours,District 1 (Central),,TAMA,US 63,US 63,Collision with:  Animal,,,Animal,None Indicated,,,,,,,Paved,,Property Damage Only,0,0,0,0,0,0,10000,1,1,,POINT (-92.583978301963 41.869997346413)
2014829748,A391114-2487,11/05/2014,11-November,4-Wednesday,21:50,2100 Hours,District 4 (Southwest),,GUTHRIE,IA 44,IA 44/IOWA 44,Collision with:  Animal,,Non-collision (single vehicle),Animal,None Indicated,,,,,,,Paved,,Property Damage Only,0,0,0,0,0,0,2500,1,1,,POINT (-94.287842072479 41.688294301209)
2014825380,14-004797,11/05/2014,11-November,4-Wednesday,23:08,2300 Hours,District 1 (Central),ANKENY,POLK,,SE NATIONAL DR & SE DELAWARE AVE,Collision with:  Vehicle in traffic,On Roadway,"Angle, oncoming left turn",Unknown,None Indicated,,Dark - roadway lighted,Dry,Cloudy,None apparent,Intersection:  Four-way intersection,Paved,,Property Damage Only,0,0,0,0,0,0,3700,2,3,,POINT (-93.581278295871 41.704848944279)
2014825531,14-22634,11/05/2014,11-November,4-Wednesday,18:35,1800 Hours,District 6 (East Central),,SCOTT,US 61,US 61/140 ST & COONHUNTER S RD,Collision with:  Animal,,,Animal,None Indicated,,,,,,,Paved,,Property Damage Only,0,0,0,0,0,0,5000,1,1,,POINT (-90.739084650151 41.509060535244)
2014825435,2014062130,11/05/2014,11-November,4-Wednesday,07:15,0700 Hours,District 1 (Central),,HAMILTON,I-35,I-35,Collision with:  Animal,,,Animal,None Indicated,,,,,,,Paved,,Property Damage Only,0,0,0,0,0,0,5000,1,1,,POINT (-93.570436139759 42.274041640632)
2014831453,2014-039385,11/05/2014,11-November,4-Wednesday,07:00,0700 Hours,District 6 (East Central),DUBUQUE,DUBUQUE,,GRANDVIEW AVE N,Collision with:  Animal,,,Animal,None Indicated,,,,,,,Paved,,Property Damage Only,0,0,0,0,0,0,3500,1,1,,POINT (-90.686710917743 42.492280973329)
2014825575,14-009323,11/05/2014,11-November,4-Wednesday,19:30,1900 Hours,District 2 (Northeast),,CLAYTON,,GALAXY RD,Collision with:  Animal,Roadside,Non-collision (single vehicle),Animal,Alcohol (Statutory),,Dark - roadway not lighted,Dry,Cloudy,None apparent,Non-intersection:  Non-junction/no special feature,Unpaved,,Property Damage Only,0,0,0,0,0,0,10000,1,1,,POINT (-91.348835667751 42.831179298668)
2014825391,20140033046,11/05/2014,11-November,4-Wednesday,17:26,1700 Hours,District 1 (Central),DES MOINES,POLK,US 6,US 6/SW RAMP/SPEC CASE & NE BROADWAY AVE,Collision with:  Vehicle in traffic,On Roadway,"Angle, oncoming left turn",FTYROW:  Making left turn,None Indicated,,Dark - roadway lighted,Dry,Cloudy,None apparent,Intersection:  Four-way intersection,Paved,,Minor Injury,0,1,0,1,0,0,28500,2,3,,POINT (-93.511566444652 41.644157059449)
2014826068,2014-77230,11/05/2014,11-November,4-Wednesday,18:01,1800 Hours,District 6 (East Central),DAVENPORT,SCOTT,US 6,US 6/W KIMBERLY RD,Collision with:  Vehicle in traffic,On Roadway,Rear-end (front to rear),Followed too close,None Indicated,,Dark - roadway not lighted,Dry,Cloudy,None apparent,Non-intersection:  Non-junction/no special feature,Paved,,Possible/Unknown,0,1,0,0,1,0,5000,3,3,,POINT (-90.605547911961 41.560034853846)
2014825366,14016501,11/05/2014,11-November,4-Wednesday,17:50,1700 Hours,District 6 (East Central),,CEDAR,US 30,US 30,Collision with:  Animal,,,Animal,None Indicated,,,,,,,Paved,,Property Damage Only,0,0,0,0,0,0,3500,1,1,,POINT (-91.276626180938 41.907768637931)
2014825533,2014-22635,11/05/2014,11-November,4-Wednesday,18:47,1800 Hours,District 6 (East Central),,SCOTT,US 61,US 61,Collision with:  Animal,,,Animal,None Indicated,,,,,,,Paved,,Property Damage Only,0,0,0,0,0,0,3500,1,1,,POINT (-90.565722436714 41.704883736707)
2014826498,14009886,11/05/2014,11-November,4-Wednesday,17:46,1700 Hours,District 6 (East Central),,BUCHANAN,I-380,I-380,Collision with:  Animal,,,Animal,None Indicated,,,,,,,Paved,,Property Damage Only,0,0,0,0,0,0,3500,1,1,,POINT (-92.04536870644 42.346723725594)
2014827916,2014-77245,11/05/2014,11-November,4-Wednesday,18:37,1800 Hours,District 6 (East Central),DAVENPORT,SCOTT,US 6,US 6/E KIMBERLY RD & DAVENPORT AVE,Collision with:  Vehicle in traffic,On Roadway,"Sideswipe, same direction","Operating vehicle in an reckless, erratic, careless, negligent manner",None Indicated,,Dark - roadway lighted,Wet,Rain,None apparent,Non-intersection:  Non-junction/no special feature,Paved,,Property Damage Only,0,0,0,0,0,0,2000,2,2,,POINT (-90.563555246712 41.55874694577)
2014826120,2014062122,11/05/2014,11-November,4-Wednesday,05:30,0500 Hours,District 4 (Southwest),,ADAMS,US 34,US 34,Collision with:  Animal,,Non-collision (single vehicle),Animal,None Indicated,,,,,,,Paved,,Property Damage Only,0,0,0,0,0,0,3000,1,1,,POINT (-94.919847267784 40.980073727324)
2014825315,2014012442,11/05/2014,11-November,4-Wednesday,14:11,1400 Hours,District 6 (East Central),IOWA CITY,JOHNSON,US 6,US 6/S RIVERSIDE DR & STURGIS CORNER DR,Collision with fixed object:  Traffic sign support,On Roadway,Non-collision (single vehicle),Made improper turn,None Indicated,,Daylight,Dry,Clear,None apparent,Non-intersection:  Non-junction/no special feature,Paved,,Property Damage Only,0,0,0,0,0,0,2000,1,1,,POINT (-91.540161678459 41.64901261563)
2014827467,14-011325,11/05/2014,11-November,4-Wednesday,19:30,1900 Hours,District 3 (Northwest),,CARROLL,,Co Rd N44/VELVET AVE,Non-collision events:  Overturn/rollover,On Roadway,Non-collision (single vehicle),Ran off road - right,Alcohol (Statutory),,Dark - roadway not lighted,Dry,Cloudy,None apparent,Non-intersection:  Non-junction/no special feature,Paved,,Fatal,1,1,1,0,0,0,5000,1,2,,POINT (-94.687197063108 41.896075342005)
2014825370,14023521,11/05/2014,11-November,4-Wednesday,23:35,2300 Hours,District 6 (East Central),MARION,LINN,IA 100,IA 100/COLLINS RD SE,Collision with:  Animal,On Roadway,Non-collision (single vehicle),Animal,None Indicated,,Dark - roadway not lighted,Dry,Clear,None apparent,Non-intersection:  Non-junction/no special feature,Paved,,Property Damage Only,0,0,0,0,0,0,4000,1,1,,POINT (-91.618401766227 42.020566774159)
2014825631,14-001298,11/05/2014,11-November,4-Wednesday,18:23,1800 Hours,District 1 (Central),STORY CITY,STORY,,BROAD ST & SUNRISE AVE,Collision with:  Animal,,,Animal,None Indicated,,,,,,,Paved,,Property Damage Only,0,0,0,0,0,0,2000,1,1,,POINT (-93.582870576174 42.187591088943)
2014831416,2014062239,11/05/2014,11-November,4-Wednesday,14:25,1400 Hours,District 1 (Central),WEST DES MOINES,POLK,I-35,I-35,Collision with:  Vehicle in traffic,On Roadway,"Sideswipe, same direction",Crossed centerline (undivided),None Indicated,,Daylight,Dry,Cloudy,Work Zone (roadway-related),"Interchange-related:  Off-ramp, diverge area",Paved,Yes,Possible/Unknown,0,1,0,0,0,1,2550,2,3,,POINT (-93.773021005574 41.522881988045)
2014835574,,11/05/2014,11-November,4-Wednesday,19:00,1900 Hours,District 4 (Southwest),,FREMONT,IA 2,IA 2/IOWA 2,Collision with:  Animal,On Roadway,Non-collision (single vehicle),Animal,None Indicated,,Dark - roadway not lighted,Dry,Clear,,Non-intersection:  Non-junction/no special feature,Paved,,Property Damage Only,0,0,0,0,0,0,4500,1,1,,POINT (-95.820079496083 40.682523072368)
2014826539,14-0627,11/05/2014,11-November,4-Wednesday,16:12,1600 Hours,District 1 (Central),FORT DODGE,WEBSTER,US 169,US 169 & OLD HWY 69,Collision with:  Vehicle in traffic,On Roadway,"Angle, oncoming left turn",FTYROW:  Making left turn,None Indicated,,Daylight,Dry,Clear,None apparent,Intersection:  T-intersection,Paved,,Minor Injury,0,3,0,1,2,0,16000,2,5,,POINT (-94.187828151843 42.453605807747)
2014826124,2014062273,11/05/2014,11-November,4-Wednesday,21:00,2100 Hours,District 4 (Southwest),,CASS,I-80,I-80,Collision with:  Animal,,,Animal,None Indicated,,,,,,,Paved,,Property Damage Only,0,0,0,0,0,0,8000,1,1,,POINT (-94.841274236456 41.497092777294)
2014826324,,11/05/2014,11-November,4-Wednesday,17:15,1700 Hours,District 6 (East Central),DE WITT,CLINTON,,1ST ST,Collision with:  Vehicle in traffic,On Roadway,Rear-end (front to rear),Improper Backing,None Indicated,,Dark - roadway lighted,Wet,Rain,None apparent,Intersection:  Four-way intersection,Paved,,Property Damage Only,0,0,0,0,0,0,3000,2,2,,POINT (-90.538824858863 41.815968044953)
2014826591,2014-77136,11/05/2014,11-November,4-Wednesday,03:58,0300 Hours,District 6 (East Central),DAVENPORT,SCOTT,I-280,I-280,Collision with:  Animal,On Roadway,Non-collision (single vehicle),Animal,None Indicated,,Dark - roadway not lighted,Dry,Cloudy,None apparent,Non-intersection:  Non-junction/no special feature,Paved,,Possible/Unknown,0,1,0,0,1,0,3800,1,1,,POINT (-90.676144441993 41.597374707302)
2014826050,2014062264,11/05/2014,11-November,4-Wednesday,18:29,1800 Hours,District 3 (Northwest),,CRAWFORD,IA 37,IA 37/IOWA 37,Collision with:  Vehicle in traffic,On Roadway,Head-on (front to front),Crossed centerline (undivided),None Indicated,,Dark - roadway not lighted,Dry,Clear,None apparent,Non-intersection:  Non-junction/no special feature,Paved,,Fatal,1,2,0,2,0,0,30000,2,3,,POINT (-95.642231707242 41.872859087283)
2014829156,14-10512,11/05/2014,11-November,4-Wednesday,05:10,0500 Hours,District 5 (Southeast),MOUNT PLEASANT,HENRY,,E HARLAN ST,Collision with:  Parked motor vehicle,On Roadway,Head-on (front to front),Crossed centerline (undivided),None Indicated,,Dark - roadway not lighted,Dry,Clear,None apparent,Non-intersection:  Non-junction/no special feature,Paved,,Minor Injury,0,1,0,1,0,0,11400,3,1,,POINT (-91.551103521584 40.980588075212)
2014825227,14-001292,11/05/2014,11-November,4-Wednesday,03:45,0300 Hours,District 1 (Central),,STORY,I-35,I-35,Collision with fixed object:  Guardrail - face,On Roadway,Non-collision (single vehicle),Ran off road - left,None Indicated,,Dark - roadway not lighted,Dry,Cloudy,None apparent,Non-intersection:  Non-junction/no special feature,Paved,,Property Damage Only,0,0,0,0,0,0,9588,1,1,,POINT (-93.569735312937 41.947462330546)
2014826316,,11/05/2014,11-November,4-Wednesday,19:29,1900 Hours,District 2 (Northeast),READLYN,BREMER,,E 4TH ST,Collision with:  Parked motor vehicle,On Roadway,Rear-end (front to rear),Unknown,None Indicated,,Dark - roadway lighted,Dry,Cloudy,None apparent,Non-intersection:  Non-junction/no special feature,Paved,,Property Damage Only,0,0,0,0,0,0,8500,2,1,,POINT (-92.221493968604 42.703656568615)
2014826123,2014062240,11/05/2014,11-November,4-Wednesday,14:30,1400 Hours,District 1 (Central),AMES,STORY,,IRONWOOD CT,Collision with fixed object:  Ditch,On Roadway,Non-collision (single vehicle),Swerving/Evasive Action,None Indicated,,Daylight,Other (explain in narrative),Cloudy,Debris,Non-intersection:  Non-junction/no special feature,Paved,,Property Damage Only,0,0,0,0,0,0,5000,1,1,,POINT (-93.644508738737 42.004547340057)
2014825448,14-5778,11/05/2014,11-November,4-Wednesday,18:57,1800 Hours,District 6 (East Central),HIAWATHA,LINN,I-380,I-380,Collision with:  Animal,,,Animal,None Indicated,,,,,,,Paved,,Property Damage Only,0,0,0,0,0,0,3000,1,1,,POINT (-91.699620690273 42.057072900168)
2014833412,14-081105-01,11/05/2014,11-November,4-Wednesday,11:40,1100 Hours,District 6 (East Central),,IOWA,US 151,US 151/42ND AVE,Collision with:  Animal,,,Animal,None Indicated,,,,,,,Paved,,Property Damage Only,0,0,0,0,0,0,3500,1,1,,POINT (-91.873261331007 41.804896465104)
2014826121,2014062123,11/05/2014,11-November,4-Wednesday,06:20,0600 Hours,District 4 (Southwest),,DALLAS,I-80,I-80,Collision with:  Animal,,Non-collision (single vehicle),Animal,None Indicated,,,,,,,Paved,,Property Damage Only,0,0,0,0,0,0,8000,1,1,,POINT (-94.116923903865 41.517633051756)
2014825387,20140033011,11/05/2014,11-November,4-Wednesday,13:53,1300 Hours,District 1 (Central),DES MOINES,POLK,,E WATROUS AVE,Collision with:  Vehicle in traffic,On Roadway,Rear-end (front to rear),Lost Control,None Indicated,,Daylight,Dry,Cloudy,None apparent,Non-intersection:  Driveway access (within),Paved,,Property Damage Only,0,0,0,0,0,0,1500,2,3,,POINT (-93.604607992306 41.548120459879)
2014826292,201400054250,11/05/2014,11-November,4-Wednesday,15:03,1500 Hours,District 5 (Southeast),OTTUMWA,WAPELLO,,MARILYN RD,Collision with:  Non-motorist (see non-motorist section - NOT a unit),On Roadway,Non-collision (single vehicle),Other (explain in narrative):  No improper action,None Indicated,,Daylight,Dry,Cloudy,None apparent,Non-intersection:  Non-junction/no special feature,Paved,,Possible/Unknown,0,1,0,0,1,0,0,1,1,,POINT (-92.412562507038 41.056902345876)
2014836347,,11/05/2014,11-November,4-Wednesday,15:14,1500 Hours,District 2 (Northeast),DECORAH,WINNESHIEK,,W BROADWAY ST & WINNEBAGO ST,Collision with:  Non-motorist (see non-motorist section - NOT a unit),On Roadway,Non-collision (single vehicle),FTYROW:  To pedestrian,None Indicated,,Daylight,Dry,,None apparent,Intersection:  Four-way intersection,Paved,,Possible/Unknown,0,1,0,0,1,0,2000,1,1,,POINT (-91.787171643238 43.302347666019)
2014825247,2014-24034,11/05/2014,11-November,4-Wednesday,05:20,0500 Hours,District 5 (Southeast),,WARREN,IA 5,IA 5/IOWA 5,Collision with:  Railway vehicle/train,,,Animal,None Indicated,,,,,,,Paved,,Property Damage Only,0,0,0,0,0,0,4000,1,1,,POINT (-93.385108209915 41.457972990337)
2014829446,14110032,11/05/2014,11-November,4-Wednesday,17:11,1700 Hours,District 2 (Northeast),CEDAR FALLS,BLACK HAWK,,ERIK RD & HUDSON RD,Collision with:  Vehicle in traffic,On Roadway,Rear-end (front to rear),Driver Distraction:  Passenger,None Indicated,,Daylight,Dry,Clear,None apparent,Intersection:  Four-way intersection,Paved,,Possible/Unknown,0,1,0,0,1,0,11000,3,4,,POINT (-92.465478294655 42.490908703559)
2014825188,14-014498,11/05/2014,11-November,4-Wednesday,04:59,0400 Hours,District 4 (Southwest),,MILLS,US 34,US 34,Collision with:  Animal,,Non-collision (single vehicle),Animal,None Indicated,,,,,,,Paved,,Property Damage Only,0,0,0,0,0,0,8500,1,1,,POINT (-95.841472342188 41.043956076975)
2014828366,14110105,11/05/2014,11-November,4-Wednesday,01:42,0100 Hours,District 5 (Southeast),OTTUMWA,WAPELLO,US 63,US 63,Collision with:  Animal,,,Animal,None Indicated,,,,,,,Paved,,Property Damage Only,0,0,0,0,0,0,5000,1,3,,POINT (-92.37610428089 41.033695053804)
2014825129,20140032975,11/05/2014,11-November,4-Wednesday,09:15,0900 Hours,District 1 (Central),DES MOINES,POLK,US 6,US 6/E EUCLID AVE & US 69/E 14TH ST,Collision with:  Vehicle in traffic,On Roadway,"Sideswipe, same direction",Made improper turn,None Indicated,,Daylight,Dry,Cloudy,None apparent,Intersection:  Four-way intersection,Paved,,Property Damage Only,0,0,0,0,0,0,2200,2,6,,POINT (-93.600512974607 41.627703011862)
2014825574,W14-110037,11/05/2014,11-November,4-Wednesday,17:08,1700 Hours,District 2 (Northeast),WATERLOO,BLACK HAWK,US 20,US 20/NE RAMP/NE LOOP & US 63/SERGEANT RD & GREYHOUND DR,Collision with:  Vehicle in traffic,On Roadway,"Sideswipe, same direction",FTYROW:  Making right turn on red signal,None Indicated,,Dusk,Dry,Cloudy,None apparent,Intersection:  Four-way intersection,Paved,,Property Damage Only,0,0,0,0,0,0,6000,2,3,,POINT (-92.403589631305 42.460046419149)
2014829946,2014-77220,11/05/2014,11-November,4-Wednesday,17:15,1700 Hours,District 6 (East Central),DAVENPORT,SCOTT,,E 53RD ST & UTICA RIDGE RD,Collision with:  Vehicle in traffic,On Roadway,Rear-end (front to rear),Followed too close,None Indicated,,Dark - roadway lighted,Dry,Clear,None apparent,Intersection:  Four-way intersection,Paved,,Possible/Unknown,0,1,0,0,1,0,12500,3,3,,POINT (-90.513376500316 41.574919231094)
2014825679,2014-039380,11/05/2014,11-November,4-Wednesday,14:47,1400 Hours,District 6 (East Central),DUBUQUE,DUBUQUE,,KAUFMANN AVE & GRANDVIEW AVE N,Collision with:  Vehicle in traffic,On Roadway,Broadside (front to side),FTYROW:  From stop sign,None Indicated,,Daylight,Dry,Cloudy,None apparent,Intersection:  Four-way intersection,Paved,,Property Damage Only,0,0,0,0,0,0,5500,2,2,,POINT (-90.694237496526 42.516593746479)
2014826212,14-008501,11/05/2014,11-November,4-Wednesday,11:09,1100 Hours,District 4 (Southwest),PERRY,DALLAS,,4TH ST,Collision with fixed object:  Utility pole/light support,On Roadway,Non-collision (single vehicle),Unknown,None Indicated,,Daylight,Dry,Clear,None apparent,Non-intersection:  Non-junction/no special feature,Paved,,Property Damage Only,0,0,0,0,0,0,5050,1,2,,POINT (-94.102436268178 41.834485328517)
2014825454,2014-24091,11/05/2014,11-November,4-Wednesday,21:07,2100 Hours,District 5 (Southeast),,WARREN,US 65,US 65 & GENEVA ST,Collision with:  Animal,On Roadway,Non-collision (single vehicle),Animal,None Indicated,,Dark - roadway not lighted,Wet,Clear,None apparent,Non-intersection:  Crossover-related,Paved,,Possible/Unknown,0,1,0,0,1,0,5000,1,1,,POINT (-93.558798783257 41.412096772675)
2014828008,,11/05/2014,11-November,4-Wednesday,18:09,1800 Hours,District 4 (Southwest),,FREMONT,I-29,I-29,Collision with:  Animal,On Roadway,Non-collision (single vehicle),Animal,None Indicated,,Dark - roadway not lighted,Dry,Clear,,Non-intersection:  Non-junction/no special feature,Paved,,Property Damage Only,0,0,0,0,0,0,2500,1,1,,POINT (-95.780469136221 40.685700293771)
2014825516,14-027270,11/05/2014,11-November,4-Wednesday,05:38,0500 Hours,District 5 (Southeast),,MARION,,Co Rd T17/HWY T17,Collision with:  Animal,,,Animal,None Indicated,,,,,,,Paved,,Property Damage Only,0,0,0,0,0,0,7000,1,1,,POINT (-92.914313841009 41.368978202771)
2014831711,2014-039378,11/05/2014,11-November,4-Wednesday,13:58,1300 Hours,District 6 (East Central),DUBUQUE,DUBUQUE,,WILBRICHT LN & ASBURY RD,Collision with:  Vehicle in traffic,On Roadway,"Sideswipe, same direction",Other (explain in narrative):  Other,None Indicated,,Daylight,Dry,Cloudy,None apparent,Intersection:  T-intersection,Paved,,Property Damage Only,0,0,0,0,0,0,2000,2,2,,POINT (-90.701044000846 42.504591521591)
2014825409,14-36718,11/05/2014,11-November,4-Wednesday,16:45,1600 Hours,District 3 (Northwest),SIOUX CITY,WOODBURY,,3RD ST & FAIRMOUNT ST,Collision with:  Vehicle in traffic,On Roadway,Broadside (front to side),FTYROW:  From stop sign,None Indicated,,Daylight,Dry,Cloudy,None apparent,Intersection:  T-intersection,Paved,,Property Damage Only,0,0,0,0,0,0,1500,2,2,,POINT (-96.374493944579 42.493292311535)
2014825630,CL14003944,11/05/2014,11-November,4-Wednesday,10:27,1000 Hours,District 6 (East Central),CLINTON,CLINTON,,25TH AVE N & N 2ND ST,Collision with:  Vehicle in traffic,On Roadway,Broadside (front to side),FTYROW:  From stop sign,None Indicated,,Daylight,Dry,Clear,None apparent,Intersection:  Four-way intersection,Paved,,Property Damage Only,0,0,0,0,0,0,4500,2,2,,POINT (-90.179367100681 41.873953339464)
2014825415,14-36656,11/05/2014,11-November,4-Wednesday,04:44,0400 Hours,District 3 (Northwest),SIOUX CITY,WOODBURY,I-29,I-29,Collision with:  Animal,,,Animal,None Indicated,,,,,,,Paved,,Property Damage Only,0,0,0,0,0,0,5000,1,1,,POINT (-96.367988174657 42.424004803297)
2014826070,2014-77264,11/05/2014,11-November,4-Wednesday,21:12,2100 Hours,District 6 (East Central),DAVENPORT,SCOTT,,W CENTRAL PARK AVE & N DIVISION ST,Collision with:  Vehicle in traffic,On Roadway,"Angle, oncoming left turn",FTYROW:  Making left turn,None Indicated,,Dark - roadway lighted,Wet,Rain,None apparent,Intersection:  Four-way intersection,Paved,,Property Damage Only,0,0,0,0,0,0,5000,2,2,,POINT (-90.600917462914 41.545501006347)
2014828216,14006765,11/05/2014,11-November,4-Wednesday,17:30,1700 Hours,District 3 (Northwest),,CHEROKEE,IA 3,IA 3/IOWA 3,Collision with:  Animal,,Non-collision (single vehicle),Animal,None Indicated,,,,,,,Paved,,Property Damage Only,0,0,0,0,0,0,1500,1,1,,POINT (-95.556237439691 42.774058570868)
2014825491,SO14-1381,11/05/2014,11-November,4-Wednesday,17:20,1700 Hours,District 2 (Northeast),,WRIGHT,US 69,US 69,Collision with:  Animal,,,Animal,None Indicated,,,,,,,Paved,,Property Damage Only,0,0,0,0,0,0,5000,1,1,,POINT (-93.617231480655 42.752566346583)
2014829218,,11/05/2014,11-November,4-Wednesday,20:15,2000 Hours,District 2 (Northeast),,WINNESHIEK,US 52,US 52,Collision with:  Animal,On Roadway,Non-collision (single vehicle),Animal,None Indicated,,Dark - roadway not lighted,Wet,Rain,,Non-intersection:  Non-junction/no special feature,Paved,,Property Damage Only,0,0,0,0,0,0,8300,1,1,,POINT (-91.805195189637 43.365973695907)
2014826257,N14000591,11/05/2014,11-November,4-Wednesday,18:16,1800 Hours,District 6 (East Central),NORTH LIBERTY,JOHNSON,,PENN ST,Collision with:  Vehicle in traffic,On Roadway,Rear-end (front to rear),Other (explain in narrative):  Other,None Indicated,,Dark - roadway lighted,Dry,Cloudy,None apparent,Non-intersection:  Non-junction/no special feature,Unpaved,,Property Damage Only,0,0,0,0,0,0,6500,2,4,,POINT (-91.603366559023 41.752115648171)
2014825110,14-7326,11/05/2014,11-November,4-Wednesday,12:30,1200 Hours,District 1 (Central),POLK CITY,POLK,,NW 44TH ST,Collision with:  Vehicle in traffic,On Roadway,Broadside (front to side),Other (explain in narrative):  Other,None Indicated,,Daylight,Dry,Cloudy,None apparent,Intersection:  Four-way intersection,Paved,,Property Damage Only,0,0,0,0,0,0,9000,2,2,,POINT (-93.678425896623 41.79242287248)
2014825651,14-1358,11/05/2014,11-November,4-Wednesday,16:45,1600 Hours,District 1 (Central),CLIVE,POLK,,SWANSON BLVD,Collision with:  Vehicle in traffic,On Roadway,Rear-end (front to rear),Followed too close,None Indicated,,Dusk,Dry,Cloudy,None apparent,Non-intersection:  Non-junction/no special feature,Paved,,Property Damage Only,0,0,0,0,0,0,4000,2,2,,POINT (-93.746057105128 41.609709889256)
2014825663,14007688,11/05/2014,11-November,4-Wednesday,17:49,1700 Hours,District 1 (Central),WEBSTER CITY,HAMILTON,IA 17,IA 17/BRIGGS WOOD RD,Collision with:  Vehicle in traffic,On Roadway,"Angle, oncoming left turn",FTYROW:  At uncontrolled intersection,None Indicated,,Dark - roadway not lighted,Dry,Cloudy,None apparent,Intersection:  Four-way intersection,Paved,,Minor Injury,0,2,0,2,0,0,13000,2,2,,POINT (-93.796870635959 42.414600052464)
2014826092,201400004048,11/05/2014,11-November,4-Wednesday,19:30,1900 Hours,District 6 (East Central),,LINN,,C AVE EXT,Non-collision events:  Overturn/rollover,Roadside,Non-collision (single vehicle),Swerving/Evasive Action,None Indicated,,Dark - roadway not lighted,Dry,Cloudy,None apparent,Non-intersection:  Non-junction/no special feature,Unpaved,,Property Damage Only,0,0,0,0,0,0,4000,1,1,,POINT (-91.648080453953 42.156527613971)
2014832057,,11/05/2014,11-November,4-Wednesday,06:25,0600 Hours,District 2 (Northeast),,WINNESHIEK,,Co Rd W38/MIDDLE CALMAR RD,Collision with:  Animal,On Roadway,Non-collision (single vehicle),Animal,None Indicated,,Dawn,,Cloudy,None apparent,Non-intersection:  Non-junction/no special feature,Paved,,Property Damage Only,0,0,0,0,0,0,4000,1,1,,POINT (-91.79700831732 43.26992724431)
2014825474,2014012456,11/05/2014,11-November,4-Wednesday,19:20,1900 Hours,District 6 (East Central),IOWA CITY,JOHNSON,I-80,I-80,Collision with fixed object:  Guardrail - face,On Roadway,Non-collision (single vehicle),Unknown,None Indicated,,Dark - roadway not lighted,Wet,Cloudy,None apparent,Non-intersection:  Non-junction/no special feature,Paved,,Property Damage Only,0,0,0,0,0,0,8200,1,3,,POINT (-91.47009873861 41.680696924058)
2014825418,14-5599,11/05/2014,11-November,4-Wednesday,18:00,1800 Hours,District 1 (Central),WEST DES MOINES,POLK,I-35,I-35,Collision with:  Vehicle in traffic,On Roadway,Rear-end (front to rear),Unknown,None Indicated,,Dark - roadway not lighted,Wet,Rain,None apparent,Non-intersection:  Non-junction/no special feature,Paved,,Property Damage Only,0,0,0,0,0,0,17000,4,5,,POINT (-93.7770146755 41.598173766199)
2014825322,14-5593,11/05/2014,11-November,4-Wednesday,10:47,1000 Hours,District 1 (Central),WEST DES MOINES,POLK,,35TH ST/VALLEY WEST DR,Collision with:  Vehicle in traffic,On Roadway,"Angle, oncoming left turn",Lost Control,None Indicated,,Daylight,Dry,Cloudy,None apparent,Intersection:  Four-way intersection,Paved,,Property Damage Only,0,0,0,0,0,0,3000,2,3,,POINT (-93.75194432104 41.597863095027)