Iowa DOT Case Number,Law Enforcement Case Number,Date of Crash,Month of Crash,Day of Week,Time of Crash,Hour,DOT District,City Name,County Name,Route with System,Location Description,First Harmful Event,Location of First Harmful Event,Manner of Crash/Collision,Major Cause,Drug or Alcohol ,Environmental Conditions,Light Conditions,Surface Conditions,Weather Conditions,Roadway Contribution,Roadway Type,Roadway Surface,Work Zone,Crash Severity,Number of Fatalities,Number of Injuries,Number of Major Injuries,Number of Minor Injuries,Number of Possible Injuries,Number of Unknown Injuries,Amount of Property Damage,Number of Vehicles Involved,Total Number of Occupants,Travel Direction,Location
2014825611,14-12956,11/05/2014,11-November,4-Wednesday,12:12,1200 Hours,District 3 (Northwest),,SIOUX,,KINGBIRD AVE,Non-collision events:  Other non-collision (explain in narrative),On Roadway,Non-collision (single vehicle),Ran off road - left,None Indicated,,Daylight,"Mud, dirt",Cloudy,None apparent,Non-intersection:  Non-junction/no special feature,Unpaved,,Minor Injury,0,1,0,1,0,0,0,1,2,,POINT (-95.980733174002 43.219240996738)
2014826497,14009878,11/05/2014,11-November,4-Wednesday,11:10,1100 Hours,District 6 (East Central),,BUCHANAN,US 20,US 20,Collision with:  Other non-fixed object (explain in narrative),On Roadway,Non-collision (single vehicle),Other (explain in narrative):  Other,None Indicated,,Daylight,Dry,Clear,Work Zone (roadway-related),Non-intersection:  Non-junction/no special feature,Paved,Yes,Major Injury,0,1,1,0,0,0,0,1,1,,POINT (-91.708521774242 42.460706915403)
2014826182,14-004790,11/05/2014,11-November,4-Wednesday,11:07,1100 Hours,District 1 (Central),ANKENY,POLK,,SE 7TH ST & SE GRANT ST,Collision with:  Vehicle in traffic,On Roadway,Broadside (front to side),FTYROW:  From driveway,None Indicated,,Daylight,Dry,Cloudy,None apparent,Non-intersection:  Driveway access (within),Paved,,Major Injury,0,1,1,0,0,0,3000,2,2,,POINT (-93.599174425613 41.724203269808)
2014825131,20140032980,11/05/2014,11-November,4-Wednesday,09:30,0900 Hours,District 1 (Central),DES MOINES,POLK,,CARPENTER AVE & MLK JR PKWY,Collision with:  Vehicle in traffic,On Roadway,Broadside (front to side),Ran Traffic Signal,None Indicated,,Daylight,Dry,Cloudy,None apparent,Intersection:  Four-way intersection,Paved,,Possible/Unknown,0,1,0,0,1,0,6000,2,2,,POINT (-93.643861633707 41.602248211042)
2014825386,20140033010,11/05/2014,11-November,4-Wednesday,13:10,1300 Hours,District 1 (Central),DES MOINES,POLK,,FOREST AVE,Collision with:  Vehicle in traffic,On Roadway,Broadside (front to side),FTYROW:  Making left turn,None Indicated,,Daylight,Dry,Cloudy,None apparent,Non-intersection:  Driveway access (within),Paved,,Property Damage Only,0,0,0,0,0,0,3000,2,2,,POINT (-93.658663702224 41.604001830611)
2014825425,14-39643,11/05/2014,11-November,4-Wednesday,07:30,0700 Hours,District 5 (Southeast),,DES MOINES,US 61,US 61 & LEGAL NOT OPEN,Collision with:  Animal,,,Animal,None Indicated,,,,,,,Paved,,Property Damage Only,0,0,0,0,0,0,5000,1,1,,POINT (-91.159684465523 40.866117797792)
2014825650,14-1357,11/05/2014,11-November,4-Wednesday,15:43,1500 Hours,District 1 (Central),CLIVE,POLK,I-35,I-35 & US 6/HICKMAN RD,Collision with:  Vehicle in traffic,On Roadway,"Angle, oncoming left turn",FTYROW:  Making left turn,None Indicated,,Daylight,Dry,Cloudy,None apparent,Intersection:  Intersection with ramp,Paved,,Possible/Unknown,0,1,0,0,1,0,7000,2,2,,POINT (-93.778211506253 41.614892017443)
2014826315,,11/05/2014,11-November,4-Wednesday,13:21,1300 Hours,District 3 (Northwest),MANSON,CALHOUN,,MAIN ST,Collision with:  Parked motor vehicle,On Roadway,Broadside (front to side),Unknown,None Indicated,,Daylight,Dry,Clear,None apparent,Non-intersection:  Non-junction/no special feature,Paved,,Property Damage Only,0,0,0,0,0,0,1500,2,1,,POINT (-94.534267508915 42.528443626903)
2014825528,2014062125,11/05/2014,11-November,4-Wednesday,06:35,0600 Hours,District 2 (Northeast),HANLONTOWN,WORTH,I-35,I-35,Collision with:  Animal,,,Animal,None Indicated,,,,,,,Paved,,Property Damage Only,0,0,0,0,0,0,2500,1,1,,POINT (-93.349014459428 43.256468914805)
2014825678,2014-039366,11/05/2014,11-November,4-Wednesday,08:44,0800 Hours,District 6 (East Central),DUBUQUE,DUBUQUE,,W 10TH ST & LOCUST ST S,Collision with:  Vehicle in traffic,On Roadway,Broadside (front to side),Ran Traffic Signal,None Indicated,,Daylight,Dry,Cloudy,None apparent,Intersection:  Four-way intersection,Paved,,Property Damage Only,0,0,0,0,0,0,1550,2,2,,POINT (-90.669163717464 42.502128185375)
2014825420,148493,11/05/2014,11-November,4-Wednesday,16:03,1600 Hours,District 4 (Southwest),,DALLAS,,ZOOK SPUR RD,Collision with fixed object:  Ditch,Shoulder,Non-collision (single vehicle),Swerving/Evasive Action,None Indicated,,Daylight,"Mud, dirt",Cloudy,None apparent,Non-intersection:  Non-junction/no special feature,Unpaved,,Property Damage Only,0,0,0,0,0,0,12000,1,2,,POINT (-93.823473476049 41.857801058285)
2014825472,14HPD0114,11/05/2014,11-November,4-Wednesday,17:42,1700 Hours,District 3 (Northwest),HAWARDEN,SIOUX,IA 12,IA 12/AVE E,Non-collision events:  Overturn/rollover,Roadside,Non-collision (single vehicle),Made improper turn,None Indicated,,Dark - roadway not lighted,Dry,Clear,None apparent,Non-intersection:  Driveway access (within),Paved,,Possible/Unknown,0,1,0,0,1,0,5000,1,1,,POINT (-96.488283169873 42.993655554629)
2014828215,14006764,11/05/2014,11-November,4-Wednesday,17:30,1700 Hours,District 3 (Northwest),,CHEROKEE,IA 3,IA 3/IOWA 3,Collision with:  Animal,,,Animal,None Indicated,,,,,,,Paved,,Property Damage Only,0,0,0,0,0,0,1500,1,1,,POINT (-95.556682997828 42.774489850615)
2014827006,14-36698,11/05/2014,11-November,4-Wednesday,12:37,1200 Hours,District 3 (Northwest),SIOUX CITY,WOODBURY,,BUSHNELL AVE & S HELEN ST,Collision with:  Vehicle in traffic,On Roadway,Broadside (front to side),Ran Stop Sign,None Indicated,,Daylight,Dry,Clear,None apparent,Intersection:  Other intersection (explain in narrative),Paved,,Possible/Unknown,0,1,0,0,1,0,8000,2,2,,POINT (-96.370653100092 42.463483425633)
2014825517,14-39743,11/05/2014,11-November,4-Wednesday,18:20,1800 Hours,District 5 (Southeast),BURLINGTON,DES MOINES,US 34,US 34,Collision with:  Animal,On Roadway,Non-collision (single vehicle),Animal,None Indicated,,Daylight,Dry,Cloudy,None apparent,Non-intersection:  Non-junction/no special feature,Paved,,Property Damage Only,0,0,0,0,0,0,3500,1,1,,POINT (-91.137613959406 40.817851015497)
2014825116,20140032977,11/05/2014,11-November,4-Wednesday,09:37,0900 Hours,District 1 (Central),DES MOINES,POLK,I-235,I-235 & PENNSYLVANIA AVE,Collision with:  Vehicle in traffic,On Roadway,"Sideswipe, same direction",Improper or erratic lane changing,None Indicated,,Daylight,Dry,Cloudy,None apparent,Non-intersection:  Other non-intersection (explain in narrative),Paved,,Property Damage Only,0,0,0,0,0,0,1500,2,2,,POINT (-93.60835791855 41.595100668273)
2014825532,14-5597,11/05/2014,11-November,4-Wednesday,17:20,1700 Hours,District 1 (Central),WEST DES MOINES,POLK,I-235,I-235,Collision with:  Vehicle in traffic,On Roadway,Rear-end (front to rear),Followed too close,None Indicated,,Dark - roadway lighted,Dry,Cloudy,None apparent,Non-intersection:  Non-junction/no special feature,Paved,,Property Damage Only,0,0,0,0,0,0,2100,3,3,,POINT (-93.742354383196 41.59241300507)
2014828007,,11/05/2014,11-November,4-Wednesday,18:15,1800 Hours,District 4 (Southwest),,ADAIR,,Co Rd P28/STUART RD,Collision with:  Animal,On Roadway,Non-collision (single vehicle),Animal,None Indicated,,Dark - roadway not lighted,Dry,Clear,,Non-intersection:  Non-junction/no special feature,Paved,,Property Damage Only,0,0,0,0,0,0,6100,1,2,,POINT (-94.318171965865 41.410415044739)
2014825392,20140033049,11/05/2014,11-November,4-Wednesday,17:58,1700 Hours,District 1 (Central),DES MOINES,POLK,,CENTER ST,Collision with fixed object:  Utility pole/light support,Outside trafficway,Non-collision (single vehicle),Ran off road - left,Drug,,Dark - roadway lighted,Wet,Rain,None apparent,Non-intersection:  Non-junction/no special feature,Paved,,Possible/Unknown,0,1,0,0,1,0,15000,1,1,,POINT (-93.655766638711 41.591660474292)
2014826033,14015657,11/05/2014,11-November,4-Wednesday,13:00,1300 Hours,District 5 (Southeast),CENTERVILLE,APPANOOSE,IA 2,IA 2/E MAPLE ST & HAYNES AVE,Collision with:  Vehicle in traffic,On Roadway,Rear-end (front to rear),Lost Control,None Indicated,,Daylight,Dry,Cloudy,None apparent,Intersection:  T-intersection,Paved,,Property Damage Only,0,0,0,0,0,0,5700,3,6,,POINT (-92.871898064006 40.73255760415)
2014825763,14-004795,11/05/2014,11-November,4-Wednesday,17:20,1700 Hours,District 1 (Central),ANKENY,POLK,IA 415,IA 415/SW ORALABOR RD,Collision with:  Vehicle in traffic,On Roadway,Rear-end (front to rear),Driver Distraction:  Inattentive/lost in thought,None Indicated,,Dark - roadway lighted,Wet,Cloudy,None apparent,Non-intersection:  Non-junction/no special feature,Paved,,Possible/Unknown,0,2,0,0,2,0,5700,3,5,,POINT (-93.625132424023 41.703177621388)
2014825372,OP14007710,11/05/2014,11-November,4-Wednesday,14:38,1400 Hours,District 3 (Northwest),ONAWA,MONONA,,10TH ST,Collision with:  Vehicle in traffic,On Roadway,"Sideswipe, same direction",Crossed centerline (undivided),None Indicated,,Daylight,Dry,Clear,None apparent,Non-intersection:  Other non-intersection (explain in narrative),Paved,,Property Damage Only,0,0,0,0,0,0,6100,2,2,,POINT (-96.097697202558 42.034352354243)
2014825389,20140033029,11/05/2014,11-November,4-Wednesday,15:57,1500 Hours,District 1 (Central),DES MOINES,POLK,US 69,US 69/SE 14TH ST,Collision with:  Vehicle in traffic,On Roadway,Rear-end (front to rear),"Operating vehicle in an reckless, erratic, careless, negligent manner",None Indicated,,Daylight,Dry,Cloudy,None apparent,Non-intersection:  Non-junction/no special feature,Paved,,Property Damage Only,0,0,0,0,0,0,2000,2,2,,POINT (-93.596904333976 41.570931164658)
2014832268,14046355,11/05/2014,11-November,4-Wednesday,09:43,0900 Hours,District 5 (Southeast),WEST LIBERTY,MUSCATINE,US 6,US 6/3RD ST,Collision with fixed object:  Tree,Shoulder,Rear-end (front to rear),Ran off road - right,None Indicated,,Daylight,Dry,Cloudy,Non-highway work,Non-intersection:  Non-junction/no special feature,Paved,Yes,Major Injury,0,1,1,0,0,0,13400,2,2,,POINT (-91.254923339299 41.569873537386)
2014825410,14-36736,11/05/2014,11-November,4-Wednesday,04:00,0400 Hours,District 3 (Northwest),SIOUX CITY,WOODBURY,,BOULEVARD DR & WEST ST,Collision with fixed object:  Ditch,Roadside,Non-collision (single vehicle),Exceeded authorized speed,None Indicated,,Dark - roadway lighted,"Mud, dirt",Clear,None apparent,Non-intersection:  Non-junction/no special feature,Unpaved,,Major Injury,0,1,1,0,0,0,5000,1,1,,POINT (-96.431628580232 42.551671427983)
2014825858,14-046430,11/05/2014,11-November,4-Wednesday,20:05,2000 Hours,District 5 (Southeast),MUSCATINE,MUSCATINE,US 61,US 61 & MULBERRY AVE,Collision with:  Vehicle in traffic,On Roadway,"Angle, oncoming left turn",FTYROW:  Making left turn,None Indicated,,Dark - roadway lighted,Dry,Clear,None apparent,Intersection:  Four-way intersection,Paved,,Minor Injury,0,2,0,2,0,0,10000,2,2,,POINT (-91.086006901589 41.449474828937)
2014825436,2014062136,11/05/2014,11-November,4-Wednesday,07:20,0700 Hours,District 2 (Northeast),CLEAR LAKE,CERRO GORDO,I-35,I-35,Collision with:  Animal,,,Animal,None Indicated,,,,,,,Paved,,Property Damage Only,0,0,0,0,0,0,8000,1,1,,POINT (-93.352230872789 43.115363065474)
2014825619,2014-77153,11/05/2014,11-November,4-Wednesday,09:44,0900 Hours,District 6 (East Central),DAVENPORT,SCOTT,,N DIVISION ST & W 12TH ST,Collision with:  Vehicle in traffic,On Roadway,Broadside (front to side),FTYROW:  From stop sign,None Indicated,,Daylight,Dry,Cloudy,None apparent,Non-intersection:  Driveway access (within),Paved,,Property Damage Only,0,0,0,0,0,0,16100,2,2,,POINT (-90.601268205041 41.53212477467)
2014826307,14-110045,11/05/2014,11-November,4-Wednesday,17:30,1700 Hours,District 2 (Northeast),LA PORTE CITY,BLACK HAWK,,ANTON DR & PALMER DR,Collision with:  Animal,,,Animal,None Indicated,,,,,,,Paved,,Property Damage Only,0,0,0,0,0,0,5000,1,1,,POINT (-92.204446395363 42.324747292271)
2014825638,14-39715,11/05/2014,11-November,4-Wednesday,16:35,1600 Hours,District 5 (Southeast),,DES MOINES,US 61,US 61 & SKUNK RIVER RD,Collision with:  Vehicle in traffic,On Roadway,Broadside (front to side),FTYROW:  From stop sign,None Indicated,,Daylight,Dry,Clear,None apparent,Intersection:  Four-way intersection,Paved,,Property Damage Only,0,0,0,0,0,0,6000,2,2,,POINT (-91.207658441706 40.726836579875)
2014825394,20140033009,11/05/2014,11-November,4-Wednesday,13:08,1300 Hours,District 1 (Central),DES MOINES,POLK,,FOREST AVE & 6TH AVE,Collision with:  Vehicle in traffic,On Roadway,Broadside (front to side),Ran Traffic Signal,None Indicated,,Daylight,Wet,Cloudy,None apparent,Intersection:  Four-way intersection,Paved,,Property Damage Only,0,0,0,0,0,0,2500,2,2,,POINT (-93.625769880249 41.603960404647)
2014825360,W14-109979,11/05/2014,11-November,4-Wednesday,14:15,1400 Hours,District 2 (Northeast),WATERLOO,BLACK HAWK,,E 11TH ST & FRANKLIN ST,Collision with:  Vehicle in traffic,On Roadway,"Angle, oncoming left turn",FTYROW:  Making left turn,None Indicated,,Daylight,Dry,Clear,None apparent,Intersection:  Four-way intersection,Paved,,Property Damage Only,0,0,0,0,0,0,1500,2,2,,POINT (-92.325827873945 42.495728905865)
2014825530,2014012445,11/05/2014,11-November,4-Wednesday,15:43,1500 Hours,District 6 (East Central),IOWA CITY,JOHNSON,,MORMON TREK BLVD & HAWKEYE PARK RD,Collision with:  Vehicle in traffic,On Roadway,Rear-end (front to rear),Followed too close,None Indicated,,Daylight,Dry,Cloudy,None apparent,Intersection:  T-intersection,Paved,,Property Damage Only,0,0,0,0,0,0,2000,2,2,,POINT (-91.573265918056 41.663848374428)
2014825646,14009566,11/05/2014,11-November,4-Wednesday,10:00,1000 Hours,District 6 (East Central),EARLVILLE,DELAWARE,,FAIRVIEW DR & ANN ST,Collision with:  Railway vehicle/train,On Roadway,Unknown,FTYROW:  Other (explain in narrative),None Indicated,,Daylight,Dry,Cloudy,None apparent,Non-intersection:  Railroad grade crossing,Paved,,Property Damage Only,0,0,0,0,0,0,10200,2,2,,POINT (-91.262566090483 42.482055165624)
2014826667,,11/05/2014,11-November,4-Wednesday,17:32,1700 Hours,District 2 (Northeast),,WINNESHIEK,US 52,US 52 & 235TH AVE,Collision with:  Animal,On Roadway,Non-collision (single vehicle),Animal,None Indicated,,Dark - roadway not lighted,Wet,Rain,None apparent,Non-intersection:  Non-junction/no special feature,Paved,,Property Damage Only,0,0,0,0,0,0,2000,1,2,,POINT (-91.863179198179 43.236233601027)
2014826153,2014-5485,11/05/2014,11-November,4-Wednesday,17:04,1700 Hours,District 4 (Southwest),WAUKEE,DALLAS,US 6,US 6/HICKMAN AVE & ALICES RD,Collision with:  Vehicle in traffic,On Roadway,Rear-end (front to rear),Followed too close,None Indicated,,Dusk,Dry,Cloudy,None apparent,Non-intersection:  Non-junction/no special feature,Paved,,Property Damage Only,0,0,0,0,0,0,5500,2,2,,POINT (-93.852928397525 41.615001433703)
2014825629,CL14003943,11/05/2014,11-November,4-Wednesday,09:29,0900 Hours,District 6 (East Central),CLINTON,CLINTON,US 30,US 30/S 4TH ST & 9TH AVE S,Collision with:  Vehicle in traffic,On Roadway,Rear-end (front to rear),Followed too close,None Indicated,,Daylight,Dry,Clear,None apparent,Non-intersection:  Non-junction/no special feature,Paved,,Property Damage Only,0,0,0,0,0,0,6500,2,2,,POINT (-90.193223062373 41.836532196365)
2014828242,SO14-1385,11/05/2014,11-November,4-Wednesday,16:36,1600 Hours,District 2 (Northeast),,WRIGHT,,Co Rd C25/180TH ST,Collision with:  Animal,,Non-collision (single vehicle),Animal,None Indicated,,,,,,,Paved,,Property Damage Only,0,0,0,0,0,0,4500,1,1,,POINT (-93.655845605363 42.789625097782)
2014825186,02-14-013596,11/05/2014,11-November,4-Wednesday,00:59,0000 Hours,District 6 (East Central),,DUBUQUE,,Co Rd D17/ASBURY RD,Collision with:  Animal,,Non-collision (single vehicle),Animal,None Indicated,,,,,,,Paved,,Property Damage Only,0,0,0,0,0,0,5000,1,1,,POINT (-90.942863650246 42.525290957666)
2014828608,1411-077,11/05/2014,11-November,4-Wednesday,15:33,1500 Hours,District 3 (Northwest),SIBLEY,OSCEOLA,,2ND AVE & 5TH ST W,Collision with:  Vehicle in traffic,On Roadway,Broadside (front to side),FTYROW:  From stop sign,None Indicated,,Daylight,Dry,Cloudy,None apparent,Intersection:  Four-way intersection,Paved,,Property Damage Only,0,0,0,0,0,0,3000,2,2,,POINT (-95.751237644352 43.403984979471)
2014831666,14-009718,11/05/2014,11-November,4-Wednesday,09:10,0900 Hours,District 4 (Southwest),ATLANTIC,CASS,,10TH ST,Collision with:  Vehicle in traffic,On Roadway,Rear-end (front to rear),Unknown,None Indicated,,Daylight,Dry,Cloudy,None apparent,Intersection:  Four-way intersection,Paved,,Property Damage Only,0,0,0,0,0,0,3300,2,3,,POINT (-95.025028722434 41.40105271031)
2014826426,CL14003952,11/05/2014,11-November,4-Wednesday,13:50,1300 Hours,District 6 (East Central),CLINTON,CLINTON,,27TH AVE N & PERSHING BLVD,Collision with:  Vehicle in traffic,On Roadway,Head-on (front to front),FTYROW:  Making left turn,None Indicated,,Daylight,Dry,Cloudy,None apparent,Intersection:  Four-way intersection,Paved,,Property Damage Only,0,0,0,0,0,0,7000,2,2,,POINT (-90.179730210544 41.876654956594)
2014825390,20140033031,11/05/2014,11-November,4-Wednesday,16:00,1600 Hours,District 1 (Central),DES MOINES,POLK,,ARMY POST RD & CHAFFEE RD & S UNION ST,Collision with:  Vehicle in traffic,On Roadway,Rear-end (front to rear),Unknown,None Indicated,,Daylight,Dry,Cloudy,None apparent,Intersection:  Four-way intersection,Paved,,Possible/Unknown,0,1,0,0,1,0,500,2,4,,POINT (-93.616068170581 41.52638799161)
2014825440,14-3562,11/05/2014,11-November,4-Wednesday,23:00,2300 Hours,District 1 (Central),FORT DODGE,WEBSTER,,1ST AVE S,Non-collision events:  Other non-collision (explain in narrative),On Roadway,Non-collision (single vehicle),"Operating vehicle in an reckless, erratic, careless, negligent manner",Alcohol (Statutory),,Dark - roadway lighted,Dry,Clear,None apparent,Non-intersection:  Non-junction/no special feature,Paved,,Possible/Unknown,0,1,0,0,1,0,11000,1,1,,POINT (-94.178177528377 42.505119199511)
2014825555,1105144514,11/05/2014,11-November,4-Wednesday,14:45,1400 Hours,District 4 (Southwest),,RINGGOLD,,280TH AVE,Collision with:  Vehicle in traffic,On Roadway,"Sideswipe, opposite direction",Crossed centerline (undivided),None Indicated,,Daylight,"Mud, dirt",Cloudy,None apparent,Non-intersection:  Non-junction/no special feature,Unpaved,,Property Damage Only,0,0,0,0,0,0,5000,2,3,,POINT (-94.128802221472 40.833776526546)
2014826852,14-002531,11/05/2014,11-November,4-Wednesday,17:54,1700 Hours,District 1 (Central),ALTOONA,POLK,,PRAIRIE CROSSING NW,Collision with:  Vehicle in traffic,On Roadway,Rear-end (front to rear),Followed too close,None Indicated,,Dark - roadway lighted,Wet,Cloudy,None apparent,Non-intersection:  Non-junction/no special feature,Paved,,Property Damage Only,0,0,0,0,0,0,2000,2,2,,POINT (-93.509213508875 41.650337425338)
2014831689,14-008069,11/05/2014,11-November,4-Wednesday,04:08,0400 Hours,District 3 (Northwest),,PALO ALTO,,Co Rd N28/380 AVE,Collision with:  Animal,,,Animal,None Indicated,,,,,,,Paved,,Property Damage Only,0,0,0,0,0,0,2500,1,1,,POINT (-94.836452881173 43.044076869253)
2014825756,14-004801,11/06/2014,11-November,5-Thursday,08:00,0800 Hours,District 1 (Central),ANKENY,POLK,IA 160,IA 160/SW ORALABOR RD,Collision with:  Vehicle in traffic,On Roadway,Rear-end (front to rear),Followed too close,None Indicated,,Daylight,Dry,Cloudy,None apparent,Non-intersection:  Non-junction/no special feature,Paved,,Property Damage Only,0,0,0,0,0,0,3000,2,2,,POINT (-93.610442777058 41.702914322773)
2014825606,14-36829,11/06/2014,11-November,5-Thursday,16:56,1600 Hours,District 3 (Northwest),SIOUX CITY,WOODBURY,,4TH ST & PIERCE ST,Collision with:  Vehicle in traffic,On Roadway,Broadside (front to side),Ran Traffic Signal,None Indicated,,Dusk,Dry,Clear,None apparent,Intersection:  Four-way intersection,Paved,,Possible/Unknown,0,1,0,0,1,0,3000,2,2,,POINT (-96.404945384672 42.494128496595)
2014844096,CP14-1086,11/06/2014,11-November,5-Thursday,10:32,1000 Hours,District 2 (Northeast),CLARION,WRIGHT,IA 3,IA 3/CENTRAL AVE,Collision with:  Vehicle in traffic,On Roadway,Head-on (front to front),FTYROW:  Making left turn,None Indicated,,Daylight,Dry,Clear,None apparent,Non-intersection:  Driveway access (within),Paved,,Possible/Unknown,0,2,0,0,2,0,7000,2,2,,POINT (-93.753325766454 42.731669872077)
2014827991,,11/06/2014,11-November,5-Thursday,08:00,0800 Hours,District 3 (Northwest),,LYON,,Co Rd K30/DOVE AVE,Collision with:  Animal,On Roadway,Non-collision (single vehicle),Animal,None Indicated,,Daylight,Dry,Clear,,Non-intersection:  Non-junction/no special feature,Paved,,Property Damage Only,0,0,0,0,0,0,5500,1,1,,POINT (-96.329724509712 43.414836187682)
2014826126,2014062299,11/06/2014,11-November,5-Thursday,06:00,0600 Hours,District 5 (Southeast),DONNELLSON,LEE,US 218,US 218,Collision with:  Animal,On Roadway,Non-collision (single vehicle),Animal,None Indicated,,Dark - roadway lighted,Dry,Cloudy,None apparent,Non-intersection:  Non-junction/no special feature,Paved,,Property Damage Only,0,0,0,0,0,0,2500,1,1,,POINT (-91.561772823847 40.660816989715)
2014825873,2014062289,11/06/2014,11-November,5-Thursday,01:45,0100 Hours,District 5 (Southeast),,DECATUR,I-35,I-35,Collision with:  Animal,,,Animal,None Indicated,,,,,,,Paved,,Property Damage Only,0,0,0,0,0,0,5000,1,1,,POINT (-93.803832091424 40.851830941502)
2014825596,20140033161,11/06/2014,11-November,5-Thursday,17:24,1700 Hours,District 1 (Central),DES MOINES,POLK,US 69,US 69/SE 14TH ST,Collision with:  Vehicle in traffic,On Roadway,Rear-end (front to rear),Lost Control,None Indicated,,Daylight,Dry,Clear,None apparent,Non-intersection:  Non-junction/no special feature,Paved,,Possible/Unknown,0,1,0,0,1,0,2100,3,3,,POINT (-93.596861292278 41.557132212506)
2014829949,2014-77451,11/06/2014,11-November,5-Thursday,17:12,1700 Hours,District 6 (East Central),DAVENPORT,SCOTT,,IA 461/BRADY ST,Collision with:  Vehicle in traffic,On Roadway,Rear-end (front to rear),Followed too close,None Indicated,,Dark - roadway lighted,Dry,Clear,None apparent,Non-intersection:  Non-junction/no special feature,Paved,,Possible/Unknown,0,1,0,0,1,0,2000,2,3,,POINT (-90.571371238313 41.579284786795)
2014825641,14-0631,11/06/2014,11-November,5-Thursday,15:50,1500 Hours,District 1 (Central),,WEBSTER,,Co Rd C56/120TH ST,Collision with:  Vehicle in traffic,On Roadway,Rear-end (front to rear),Lost Control,None Indicated,,Daylight,Dry,Cloudy,Other (explain in narrative),Non-intersection:  Non-junction/no special feature,Paved,,Property Damage Only,0,0,0,0,0,0,6000,2,2,,POINT (-94.194125589246 42.615822238962)
2014825643,14-21625,11/06/2014,11-November,5-Thursday,19:15,1900 Hours,District 2 (Northeast),,BREMER,US 218,US 218,Collision with:  Animal,,,Animal,None Indicated,,,,,,,Paved,,Property Damage Only,0,0,0,0,0,0,4000,1,1,,POINT (-92.545758119004 42.88585157515)
2014826071,2014-77330,11/06/2014,11-November,5-Thursday,07:23,0700 Hours,District 6 (East Central),DAVENPORT,SCOTT,I-280,I-280 & US 61/140 ST,Collision with:  Vehicle in traffic,On Roadway,Rear-end (front to rear),"Operating vehicle in an reckless, erratic, careless, negligent manner",None Indicated,,Daylight,Wet,Cloudy,None apparent,Intersection:  Four-way intersection,Paved,,Property Damage Only,0,0,0,0,0,0,4500,2,2,,POINT (-90.674249946375 41.509082006429)
2014826854,14-034418,11/06/2014,11-November,5-Thursday,05:17,0500 Hours,District 5 (Southeast),,LEE,US 61,US 61 & Co Rd J82/340 ST,Collision with:  Animal,,,Animal,None Indicated,,,,,,,Paved,,Property Damage Only,0,0,0,0,0,0,4000,1,1,,POINT (-91.444665150387 40.465293626166)
2014825595,20140033160,11/06/2014,11-November,5-Thursday,17:40,1700 Hours,District 1 (Central),DES MOINES,POLK,I-235,I-235,Collision with:  Vehicle in traffic,On Roadway,Rear-end (front to rear),Followed too close,None Indicated,,Dark - roadway lighted,Dry,Cloudy,None apparent,Non-intersection:  Non-junction/no special feature,Paved,,Property Damage Only,0,0,0,0,0,0,19500,6,6,,POINT (-93.669707106943 41.592678997035)
2014825940,14-2489,11/06/2014,11-November,5-Thursday,18:15,1800 Hours,District 1 (Central),URBANDALE,POLK,,121ST ST & DOUGLAS PKWY,Collision with:  Vehicle in traffic,On Roadway,"Angle, oncoming left turn",FTYROW:  Making left turn,None Indicated,,Dark - roadway lighted,Dry,Clear,None apparent,Intersection:  T-intersection,Paved,,Property Damage Only,0,0,0,0,0,0,11000,2,4,,POINT (-93.783837853809 41.62952645706)
2014825610,14-110389,11/06/2014,11-November,5-Thursday,17:29,1700 Hours,District 2 (Northeast),EVANSDALE,BLACK HAWK,,LAFAYETTE AVE & EVANS RD,Collision with:  Vehicle in traffic,On Roadway,"Angle, oncoming left turn",Crossed centerline (undivided),None Indicated,,Dark - roadway lighted,Dry,Clear,None apparent,Non-intersection:  Non-junction/no special feature,Paved,,Property Damage Only,0,0,0,0,0,0,5000,2,2,,POINT (-92.287874551599 42.4771814823)
2014825598,20140033173,11/06/2014,11-November,5-Thursday,19:56,1900 Hours,District 1 (Central),DES MOINES,POLK,,UNIVERSITY AVE,Collision with:  Vehicle in traffic,On Roadway,Rear-end (front to rear),Followed too close,None Indicated,,Dark - roadway lighted,Dry,Cloudy,None apparent,Non-intersection:  Non-junction/no special feature,Paved,,Property Damage Only,0,0,0,0,0,0,2500,2,3,,POINT (-93.655950890385 41.600378422723)
2014826868,14-34482,11/06/2014,11-November,5-Thursday,18:49,1800 Hours,District 5 (Southeast),DONNELLSON,LEE,IA 27,IA 27/IOWA 27,Collision with:  Animal,,,Animal,None Indicated,,,,,,,Paved,,Property Damage Only,0,0,0,0,0,0,5500,1,1,,POINT (-91.562062694468 40.599365422165)
2014825627,14-5607,11/06/2014,11-November,5-Thursday,16:35,1600 Hours,District 1 (Central),WEST DES MOINES,POLK,,WOODLAND AVE,Collision with:  Vehicle in traffic,On Roadway,Rear-end (front to rear),Other (explain in narrative):  Other,None Indicated,,Daylight,Dry,Cloudy,None apparent,Intersection:  Four-way intersection,Paved,,Property Damage Only,0,0,0,0,0,0,1500,2,5,,POINT (-93.752777637868 41.589030572594)
2014827553,90-14-000388,11/06/2014,11-November,5-Thursday,18:35,1800 Hours,District 2 (Northeast),,HUMBOLDT,,Co Rd P56/K RD,Collision with:  Animal,,,Animal,None Indicated,,,,,,,Paved,,Property Damage Only,0,0,0,0,0,0,2500,1,1,,POINT (-94.198119464796 42.741946674649)