Iowa DOT Case Number,Law Enforcement Case Number,Date of Crash,Month of Crash,Day of Week,Time of Crash,Hour,DOT District,City Name,County Name,Route with System,Location Description,First Harmful Event,Location of First Harmful Event,Manner of Crash/Collision,Major Cause,Drug or Alcohol ,Environmental Conditions,Light Conditions,Surface Conditions,Weather Conditions,Roadway Contribution,Roadway Type,Roadway Surface,Work Zone,Crash Severity,Number of Fatalities,Number of Injuries,Number of Major Injuries,Number of Minor Injuries,Number of Possible Injuries,Number of Unknown Injuries,Amount of Property Damage,Number of Vehicles Involved,Total Number of Occupants,Travel Direction,Location
2014825359,W14-110211,11/06/2014,11-November,5-Thursday,07:40,0700 Hours,District 2 (Northeast),WATERLOO,BLACK HAWK,,ANSBOROUGH AVE & HOME PLZ,Collision with:  Vehicle in traffic,On Roadway,Rear-end (front to rear),Followed too close,None Indicated,,Daylight,Dry,Clear,None apparent,Intersection:  T-intersection,Paved,,Property Damage Only,0,0,0,0,0,0,4000,2,2,,POINT (-92.376221060776 42.459081204392)
2014825785,20140033130,11/06/2014,11-November,5-Thursday,13:23,1300 Hours,District 1 (Central),DES MOINES,POLK,,E LOCUST ST & E 6TH ST,Collision with:  Non-motorist (see non-motorist section - NOT a unit),On Roadway,Non-collision (single vehicle),FTYROW:  To pedestrian,None Indicated,,Daylight,Dry,Clear,None apparent,Intersection:  Four-way intersection,Paved,,Minor Injury,0,1,0,1,0,0,0,1,1,,POINT (-93.609821463535 41.589967791606)
2014827226,W14-110364,11/06/2014,11-November,5-Thursday,16:24,1600 Hours,District 2 (Northeast),WATERLOO,BLACK HAWK,,SOUTH ST & W 11TH ST,Collision with:  Vehicle in traffic,On Roadway,Rear-end (front to rear),"Operating vehicle in an reckless, erratic, careless, negligent manner",None Indicated,,Daylight,Dry,Clear,None apparent,Intersection:  T-intersection,Paved,,Property Damage Only,0,0,0,0,0,0,2500,2,4,,POINT (-92.335166115749 42.487290950825)
2014825645,14-5796,11/06/2014,11-November,5-Thursday,09:45,0900 Hours,District 6 (East Central),HIAWATHA,LINN,I-380,I-380,Collision with:  Vehicle in traffic,On Roadway,Rear-end (front to rear),Swerving/Evasive Action,None Indicated,,Daylight,Dry,Cloudy,None apparent,Non-intersection:  Non-junction/no special feature,Paved,,Property Damage Only,0,0,0,0,0,0,12000,3,3,,POINT (-91.70075652726 42.071306752259)
2014826479,14018917,11/06/2014,11-November,5-Thursday,17:12,1700 Hours,District 5 (Southeast),MOUNT PLEASANT,HENRY,US 34,US 34/E WASHINGTON ST/SW RAMP CURV/SPECIAL CASE SW LOOP & ELM ST,Collision with:  Animal,,,Animal,None Indicated,,,,,,,Paved,,Property Damage Only,0,0,0,0,0,0,7500,1,1,,POINT (-91.521655540335 40.960072562357)
2014825672,14-5610,11/06/2014,11-November,5-Thursday,17:40,1700 Hours,District 1 (Central),WEST DES MOINES,POLK,,22ND ST,Collision with:  Vehicle in traffic,On Roadway,Rear-end (front to rear),Other (explain in narrative):  Other,None Indicated,,Dark - roadway lighted,Dry,Cloudy,None apparent,Non-intersection:  Non-junction/no special feature,Paved,,Property Damage Only,0,0,0,0,0,0,1700,2,4,,POINT (-93.736092219356 41.588273918762)
2014826706,14019480,11/06/2014,11-November,5-Thursday,18:17,1800 Hours,District 2 (Northeast),MASON CITY,CERRO GORDO,,MAPLE DR & E STATE ST & S KENTUCKY AVE & N KENTUCKY AVE,Collision with:  Vehicle in traffic,On Roadway,Broadside (front to side),FTYROW:  From stop sign,None Indicated,,Dark - roadway lighted,Dry,Clear,None apparent,Intersection:  Four-way intersection,Paved,,Property Damage Only,0,0,0,0,0,0,6000,2,3,,POINT (-93.18109032124 43.151745373587)
2014836500,032-106-14,11/06/2014,11-November,5-Thursday,12:10,1200 Hours,District 3 (Northwest),ESTHERVILLE,EMMET,,S 15TH PL,Collision with:  Parked motor vehicle,On Roadway,Rear-end (front to rear),Improper Backing,None Indicated,,Daylight,Dry,Cloudy,None apparent,Intersection:  Y-intersection,Paved,,Property Damage Only,0,0,0,0,0,0,1500,2,1,,POINT (-94.825005558037 43.401259396093)
2014825938,14-2486,11/06/2014,11-November,5-Thursday,15:30,1500 Hours,District 1 (Central),URBANDALE,POLK,IA 28,IA 28/MERLE HAY RD & AURORA AVE,Collision with:  Vehicle in traffic,On Roadway,Broadside (front to side),Ran Traffic Signal,None Indicated,,Daylight,Dry,Clear,None apparent,Intersection:  Four-way intersection,Paved,,Property Damage Only,0,0,0,0,0,0,3000,2,3,,POINT (-93.697765953604 41.636719434102)
2014825384,20140033081,11/06/2014,11-November,5-Thursday,00:30,0000 Hours,District 1 (Central),DES MOINES,POLK,,ARMY POST RD & SW 37TH ST,Collision with:  Animal,On Roadway,Non-collision (single vehicle),Animal,None Indicated,,Dark - unknown roadway lighting,Dry,Cloudy,None apparent,Non-intersection:  Non-junction/no special feature,Paved,,Property Damage Only,0,0,0,0,0,0,2000,1,2,,POINT (-93.667370177349 41.519508342872)
2014825969,14110397,11/06/2014,11-November,5-Thursday,17:48,1700 Hours,District 2 (Northeast),CEDAR FALLS,BLACK HAWK,IA 27,IA 27,Collision with:  Animal,,,Animal,None Indicated,,,,,,,Paved,,Property Damage Only,0,0,0,0,0,0,2000,1,1,,POINT (-92.452674945306 42.49950289761)
2014829948,2014-77429,11/06/2014,11-November,5-Thursday,15:52,1500 Hours,District 6 (East Central),DAVENPORT,SCOTT,,W LOCUST ST & CEDAR ST,Collision with:  Vehicle in traffic,On Roadway,Rear-end (front to rear),Followed too close,None Indicated,,Daylight,Dry,Clear,None apparent,Intersection:  T-intersection,Paved,,Possible/Unknown,0,1,0,0,1,0,2500,2,2,,POINT (-90.60930141743 41.538236400405)
2014835421,14-0414,11/06/2014,11-November,5-Thursday,19:17,1900 Hours,District 5 (Southeast),DECATUR CITY,DECATUR,,Co Rd J20/COUNTY HWY J20,Collision with:  Animal,,,Animal,None Indicated,,,,,,,Paved,,Property Damage Only,0,0,0,0,0,0,5000,1,1,,POINT (-93.831305052185 40.811684129729)
2014825876,2014062447,11/06/2014,11-November,5-Thursday,19:55,1900 Hours,District 5 (Southeast),,CLARKE,I-35,I-35,Collision with:  Other non-fixed object (explain in narrative),On Roadway,Non-collision (single vehicle),Other (explain in narrative):  No improper action,None Indicated,,Dark - roadway not lighted,Dry,Cloudy,Debris,Non-intersection:  Non-junction/no special feature,Paved,,Property Damage Only,0,0,0,0,0,0,2000,1,1,,POINT (-93.777069639729 41.102170860654)
2014825593,20140033138,11/06/2014,11-November,5-Thursday,14:37,1400 Hours,District 1 (Central),DES MOINES,POLK,US 69,US 69/SE 14TH ST,Collision with:  Vehicle in traffic,On Roadway,"Sideswipe, same direction",FTYROW:  Other (explain in narrative),None Indicated,,Daylight,Dry,Clear,None apparent,Non-intersection:  Driveway access (within),Paved,,Property Damage Only,0,0,0,0,0,0,3000,2,2,,POINT (-93.596804573504 41.531407587129)
2014825954,2014-039399,11/06/2014,11-November,5-Thursday,12:57,1200 Hours,District 6 (East Central),DUBUQUE,DUBUQUE,,W 9TH ST & BLUFF ST,Collision with:  Vehicle in traffic,On Roadway,"Sideswipe, same direction",Made improper turn,None Indicated,,Daylight,Dry,Cloudy,None apparent,Intersection:  Other intersection (explain in narrative),Paved,,Property Damage Only,0,0,0,0,0,0,9500,2,3,,POINT (-90.669640291172 42.501093275732)
2014833002,,11/06/2014,11-November,5-Thursday,17:32,1700 Hours,District 2 (Northeast),,CERRO GORDO,I-35,I-35,Collision with:  Animal,On Roadway,Non-collision (single vehicle),Animal,None Indicated,,Dark - roadway not lighted,Dry,Clear,None apparent,Non-intersection:  Non-junction/no special feature,Paved,,Minor Injury,0,1,0,1,0,0,3000,1,1,,POINT (-93.355715532301 43.169444445976)
2014825939,14-2487,11/06/2014,11-November,5-Thursday,16:00,1600 Hours,District 1 (Central),URBANDALE,POLK,IA 141,IA 141/IOWA 141,Collision with:  Vehicle in traffic,On Roadway,Broadside (front to side),Ran Traffic Signal,None Indicated,,Daylight,Dry,Clear,None apparent,Intersection:  T-intersection,Paved,,Property Damage Only,0,0,0,0,0,0,12500,2,2,,POINT (-93.773564286738 41.64884430685)
2014825758,14-004808,11/06/2014,11-November,5-Thursday,18:45,1800 Hours,District 1 (Central),ANKENY,POLK,IA 415,IA 415/SW STATE ST & SW WHITE BIRCH DR & SW TRADITION DR,Collision with:  Vehicle in traffic,On Roadway,Broadside (front to side),FTYROW:  Making left turn,None Indicated,,Dark - roadway lighted,Dry,Clear,None apparent,Intersection:  Four-way intersection,Paved,,Property Damage Only,0,0,0,0,0,0,5000,2,4,,POINT (-93.621577141163 41.699675140114)
2014826231,2014062313,11/06/2014,11-November,5-Thursday,08:03,0800 Hours,District 2 (Northeast),DECORAH,WINNESHIEK,IA 9,IA 9/IOWA 9,Collision with:  Animal,On Roadway,Non-collision (single vehicle),Animal,None Indicated,,Daylight,Dry,Cloudy,None apparent,Non-intersection:  Non-junction/no special feature,Paved,,Property Damage Only,0,0,0,0,0,0,2500,1,1,,POINT (-91.748993428985 43.285863401927)
2014829913,201404062,11/06/2014,11-November,5-Thursday,13:29,1300 Hours,District 6 (East Central),,LINN,,Co Rd E36/BLAIRS FERRY RD,Non-collision events:  Overturn/rollover,Outside trafficway,Non-collision (single vehicle),Swerving/Evasive Action,None Indicated,,Daylight,Dry,Clear,None apparent,Non-intersection:  Non-junction/no special feature,Paved,,Major Injury,0,1,1,0,0,0,12000,1,1,,POINT (-91.755995239557 42.065893663165)
2014825399,20140033087,11/06/2014,11-November,5-Thursday,06:50,0600 Hours,District 1 (Central),DES MOINES,POLK,,WALNUT ST & 9TH ST,Collision with:  Vehicle in traffic,On Roadway,Broadside (front to side),Ran Traffic Signal,None Indicated,,Dawn,Dry,Cloudy,None apparent,Intersection:  Four-way intersection,Paved,,Property Damage Only,0,0,0,0,0,0,12500,2,4,,POINT (-93.628299183882 41.585112468911)
2014827710,261402016,11/06/2014,11-November,5-Thursday,17:19,1700 Hours,District 5 (Southeast),BLOOMFIELD,DAVIS,US 63,US 63/WASHINGTON ST & IA 2/IOWA 2 & SMITH ST,Collision with:  Vehicle in traffic,On Roadway,Broadside (front to side),FTYROW:  From stop sign,None Indicated,,Dusk,Dry,Clear,None apparent,Intersection:  Four-way intersection,Paved,,Major Injury,0,1,1,0,0,0,6200,2,4,,POINT (-92.412696416539 40.739791799741)
2014826828,201416692,11/06/2014,11-November,5-Thursday,20:42,2000 Hours,District 6 (East Central),CEDAR RAPIDS,LINN,IA 100,IA 100/COLLINS RD NE,Collision with:  Vehicle in traffic,On Roadway,"Sideswipe, same direction",Crossed centerline (undivided),None Indicated,,Dark - roadway lighted,Dry,Cloudy,None apparent,Non-intersection:  Non-junction/no special feature,Paved,,Property Damage Only,0,0,0,0,0,0,4000,2,2,,POINT (-91.639558755769 42.028123681262)
2014825642,14-21617,11/06/2014,11-November,5-Thursday,15:25,1500 Hours,District 2 (Northeast),,BLACK HAWK,,E MARQUIS RD,Non-collision events:  Overturn/rollover,On Roadway,Non-collision (single vehicle),Swerving/Evasive Action,None Indicated,,Daylight,"Mud, dirt",Cloudy,None apparent,Non-intersection:  Non-junction/no special feature,Unpaved,,Minor Injury,0,1,0,1,0,0,4000,1,1,,POINT (-92.30614653504 42.642215453867)
2014825669,14-29412,11/06/2014,11-November,5-Thursday,12:49,1200 Hours,District 1 (Central),NEWTON,JASPER,US 6,US 6/1ST AVE E & E 2ND ST S & E 2ND ST N,Collision with:  Vehicle in traffic,On Roadway,"Angle, oncoming left turn",Crossed centerline (undivided),None Indicated,,Daylight,Dry,Clear,None apparent,Intersection:  Four-way intersection,Paved,,Property Damage Only,0,0,0,0,0,0,6000,2,2,,POINT (-93.052327908361 41.699533753314)
2014825644,14-5792,11/06/2014,11-November,5-Thursday,08:05,0800 Hours,District 6 (East Central),HIAWATHA,LINN,,BOYSON RD & TERRY AVE,Collision with:  Vehicle in traffic,On Roadway,Rear-end (front to rear),Followed too close,None Indicated,,Daylight,Dry,Cloudy,None apparent,Non-intersection:  Non-junction/no special feature,Paved,,Possible/Unknown,0,1,0,0,1,0,8000,2,3,,POINT (-91.6685626335 42.047773458513)
2014825706,W14-110359,11/06/2014,11-November,5-Thursday,16:12,1600 Hours,District 2 (Northeast),WATERLOO,BLACK HAWK,,W 11TH ST & COMMERCIAL ST,Collision with:  Vehicle in traffic,On Roadway,"Angle, oncoming left turn",FTYROW:  Making left turn,None Indicated,,Daylight,Dry,Clear,None apparent,Intersection:  Four-way intersection,Paved,,Property Damage Only,0,0,0,0,0,0,7000,2,3,,POINT (-92.332396994723 42.490237776367)
2014828188,14009955,11/07/2014,11-November,6-Friday,18:44,1800 Hours,District 6 (East Central),,BUCHANAN,I-380,I-380,Collision with:  Animal,,Non-collision (single vehicle),Animal,None Indicated,,,,,,,Paved,,Property Damage Only,0,0,0,0,0,0,5000,1,1,,POINT (-91.984513481252 42.317678835912)
2014829085,2014062639,11/07/2014,11-November,6-Friday,18:02,1800 Hours,District 1 (Central),,STORY,I-35,I-35,Collision with:  Vehicle in traffic,On Roadway,Rear-end (front to rear),Followed too close,None Indicated,,Dark - roadway not lighted,Dry,Cloudy,None apparent,Non-intersection:  Non-junction/no special feature,Paved,,Property Damage Only,0,0,0,0,0,0,2000,2,5,,POINT (-93.571298169327 41.867051176239)
2014826875,14034522,11/07/2014,11-November,6-Friday,07:01,0700 Hours,District 5 (Southeast),,LEE,IA 16,IA 16/IOWA 16,Collision with:  Vehicle in traffic,On Roadway,"Sideswipe, opposite direction",Swerving/Evasive Action,None Indicated,,Daylight,Dry,Cloudy,None apparent,Non-intersection:  Non-junction/no special feature,Paved,,Property Damage Only,0,0,0,0,0,0,7000,2,3,,POINT (-91.476726103479 40.774265430188)
2014825848,14-21725,11/07/2014,11-November,6-Friday,20:34,2000 Hours,District 2 (Northeast),,CHICKASAW,US 218,US 218,Collision with:  Animal,,,Animal,None Indicated,,,,,,,Paved,,Property Damage Only,0,0,0,0,0,0,3000,1,1,,POINT (-92.544530071997 42.907954541164)
2014831576,K14071731,11/07/2014,11-November,6-Friday,17:31,1700 Hours,District 2 (Northeast),,FRANKLIN,,Co Rd C25/190TH ST,Collision with:  Animal,,,Animal,None Indicated,,,,,,,Paved,,Property Damage Only,0,0,0,0,0,0,3000,1,1,,POINT (-93.159830110422 42.803152688733)
2014827940,2014012503,11/07/2014,11-November,6-Friday,11:28,1100 Hours,District 6 (East Central),IOWA CITY,JOHNSON,IA 1,IA 1/E BURLINGTON ST & S CAPITOL ST,Collision with:  Parked motor vehicle,Outside trafficway,Rear-end (front to rear),Improper Backing,None Indicated,,Daylight,Dry,Clear,None apparent,Non-intersection:  Driveway access (within),Paved,,Property Damage Only,0,0,0,0,0,0,1550,2,1,,POINT (-91.536191265265 41.657833873904)
2014826592,2014-77616,11/07/2014,11-November,6-Friday,14:52,1400 Hours,District 6 (East Central),DAVENPORT,SCOTT,US 6,US 6/W KIMBERLY RD,Non-collision events:  Other non-collision (explain in narrative),Outside trafficway,Non-collision (single vehicle),Crossed centerline (undivided),None Indicated,,Daylight,Dry,Clear,None apparent,Non-intersection:  Non-junction/no special feature,Paved,,Minor Injury,0,1,0,1,0,0,1500,1,1,,POINT (-90.625840869568 41.560257734379)
2014825877,2014062476,11/07/2014,11-November,6-Friday,06:00,0600 Hours,District 5 (Southeast),,CLARKE,I-35,I-35,Collision with:  Animal,,,Animal,None Indicated,,,,,,,Paved,,Property Damage Only,0,0,0,0,0,0,15000,1,1,,POINT (-93.778772474661 41.094097229277)
2014826922,14-015767,11/07/2014,11-November,6-Friday,19:38,1900 Hours,District 5 (Southeast),,APPANOOSE,IA 2,IA 2/IOWA 2,Collision with:  Animal,,,Animal,None Indicated,,,,,,,Paved,,Property Damage Only,0,0,0,0,0,0,3000,1,1,,POINT (-92.795514587879 40.739780596494)
2014832058,,11/07/2014,11-November,6-Friday,06:51,0600 Hours,District 2 (Northeast),,WINNESHIEK,,Co Rd W40/CO RD W40 & 173RD AVE,Collision with fixed object:  Ditch,Shoulder,Non-collision (single vehicle),Swerving/Evasive Action,None Indicated,,Daylight,Dry,Clear,None apparent,Non-intersection:  Non-junction/no special feature,Paved,,Property Damage Only,0,0,0,0,0,0,6000,1,1,,POINT (-91.746210610628 43.457069175018)
2014826081,2014-77651,11/07/2014,11-November,6-Friday,17:21,1700 Hours,District 6 (East Central),DAVENPORT,SCOTT,,E 53RD ST & ELMORE CIR,Collision with:  Vehicle in traffic,On Roadway,"Angle, oncoming left turn",FTYROW:  Making left turn,None Indicated,,Dark - roadway lighted,Dry,Cloudy,None apparent,Intersection:  Four-way intersection,Paved,,Property Damage Only,0,0,0,0,0,0,7000,2,3,,POINT (-90.530997143215 41.574875889839)
2014825798,20140033264,11/07/2014,11-November,6-Friday,17:28,1700 Hours,District 1 (Central),DES MOINES,POLK,US 69,US 69/E 14TH ST,Collision with:  Vehicle in traffic,On Roadway,Rear-end (front to rear),Unknown,None Indicated,,Dark - roadway lighted,Dry,Cloudy,None apparent,Non-intersection:  Non-junction/no special feature,Paved,,Property Damage Only,0,0,0,0,0,0,2500,3,3,,POINT (-93.596852412184 41.590044856902)
2014852944,,11/07/2014,11-November,6-Friday,18:03,1800 Hours,District 6 (East Central),WALCOTT,SCOTT,,WALKER ST & 60TH AVE,Collision with:  Vehicle in traffic,On Roadway,"Angle, oncoming left turn",FTYROW:  Making left turn,None Indicated,,,,,,,Paved,,Property Damage Only,0,0,0,0,0,0,3000,2,2,,POINT (-90.783044038103 41.61888678587)
2014826512,14-009636,11/07/2014,11-November,6-Friday,17:30,1700 Hours,District 6 (East Central),,DELAWARE,US 20,US 20,Collision with:  Animal,,,Animal,None Indicated,,,,,,,Paved,,Property Damage Only,0,0,0,0,0,0,10000,1,1,,POINT (-91.253411336066 42.47088419227)
2014826676,,11/07/2014,11-November,6-Friday,19:07,1900 Hours,District 5 (Southeast),,LUCAS,,Co Rd H50/425TH ST,Collision with:  Animal,On Roadway,Non-collision (single vehicle),Animal,None Indicated,,Dark - roadway not lighted,Dry,Clear,None apparent,Non-intersection:  Non-junction/no special feature,Paved,,Property Damage Only,0,0,0,0,0,0,2000,1,3,,POINT (-93.406044396165 40.934073526718)
2014825701,W14-110810,11/07/2014,11-November,6-Friday,23:04,2300 Hours,District 2 (Northeast),WATERLOO,BLACK HAWK,,BROADWAY ST,Collision with:  Animal,On Roadway,Non-collision (single vehicle),Animal,None Indicated,,Dark - roadway not lighted,Dry,Clear,None apparent,Non-intersection:  Non-junction/no special feature,Paved,,Property Damage Only,0,0,0,0,0,0,2000,1,1,,POINT (-92.369532737221 42.531667690945)
2014827213,,11/07/2014,11-November,6-Friday,15:39,1500 Hours,District 5 (Southeast),FORT MADISON,LEE,,AVE F,Collision with:  Parked motor vehicle,Shoulder,"Sideswipe, same direction",Over correcting/over steering,None Indicated,,Daylight,Dry,Cloudy,None apparent,Non-intersection:  Non-junction/no special feature,Paved,,Property Damage Only,0,0,0,0,0,0,3489,2,4,,POINT (-91.305300990374 40.631888739736)
2014826500,14009941,11/07/2014,11-November,6-Friday,07:10,0700 Hours,District 6 (East Central),,BUCHANAN,,Co Rd D16/OTTERVILLE BLVD,Collision with:  Animal,,,Animal,None Indicated,,,,,,,Paved,,Property Damage Only,0,0,0,0,0,0,2500,1,1,,POINT (-91.903049599048 42.497676295692)
2014826077,2014-77623,11/07/2014,11-November,6-Friday,15:24,1500 Hours,District 6 (East Central),DAVENPORT,SCOTT,,IA 461/HARRISON ST,Collision with:  Vehicle in traffic,On Roadway,Rear-end (front to rear),Followed too close,None Indicated,,Daylight,Dry,Clear,None apparent,Non-intersection:  Non-junction/no special feature,Paved,,Property Damage Only,0,0,0,0,0,0,11000,2,2,,POINT (-90.57692551446 41.546222546148)
2014825621,2014-77550,11/07/2014,11-November,6-Friday,05:38,0500 Hours,District 6 (East Central),DAVENPORT,SCOTT,IA 22,IA 22/ROCKINGHAM RD,Collision with:  Animal,,,Animal,None Indicated,,,,,,,Paved,,Property Damage Only,0,0,0,0,0,0,3500,1,1,,POINT (-90.647432228326 41.497899587924)
2014825829,2014-22796,11/07/2014,11-November,6-Friday,14:55,1400 Hours,District 6 (East Central),RIVERDALE,SCOTT,,BELMONT RD,Collision with:  Vehicle in traffic,On Roadway,Rear-end (front to rear),Followed too close,None Indicated,,Daylight,Dry,Clear,None apparent,Non-intersection:  Non-junction/no special feature,Paved,,Property Damage Only,0,0,0,0,0,0,4100,2,4,,POINT (-90.470696793836 41.553552441451)
2014825944,14-2501,11/07/2014,11-November,6-Friday,21:15,2100 Hours,District 1 (Central),URBANDALE,POLK,,MEREDITH DR &  NW URBANDALE DR,Non-collision events:  Other non-collision (explain in narrative),On Roadway,Non-collision (single vehicle),Ran off road - straight,None Indicated,,Dark - roadway lighted,Dry,Cloudy,Traffic control obscured,Intersection:  Four-way intersection,Paved,Yes,Property Damage Only,0,0,0,0,0,0,15000,1,2,,POINT (-93.765761099859 41.6439876731)
2014825905,2014062527,11/07/2014,11-November,6-Friday,10:45,1000 Hours,District 2 (Northeast),,CLAYTON,US 18,US 18 & IA 76/IOWA 76,Collision with:  Animal,,,Animal,None Indicated,,,,,,,Paved,,Property Damage Only,0,0,0,0,0,0,2000,1,1,,POINT (-91.222598644276 43.015194817011)
2014825740,1411071-A,11/07/2014,11-November,6-Friday,13:40,1300 Hours,District 4 (Southwest),RED OAK,MONTGOMERY,US 34,US 34 & EASTERN AVE,Collision with:  Vehicle in traffic,On Roadway,Broadside (front to side),FTYROW:  From stop sign,None Indicated,,Daylight,Dry,Cloudy,None apparent,Intersection:  Four-way intersection,Paved,,Property Damage Only,0,0,0,0,0,0,12000,2,3,,POINT (-95.213875291396 41.025862450311)
2014825881,2014062644,11/07/2014,11-November,6-Friday,18:30,1800 Hours,District 2 (Northeast),,FRANKLIN,I-35,I-35,Collision with:  Animal,On Roadway,Non-collision (single vehicle),Animal,None Indicated,,Dark - roadway not lighted,Dry,Clear,None apparent,Non-intersection:  Non-junction/no special feature,Paved,,Property Damage Only,0,0,0,0,0,0,5000,1,1,,POINT (-93.349743387664 42.835392592103)
2014826671,,11/07/2014,11-November,6-Friday,06:26,0600 Hours,District 2 (Northeast),JANESVILLE,BREMER,US 218,US 218,Collision with:  Animal,On Roadway,Non-collision (single vehicle),Animal,None Indicated,,,,,,,Paved,,Property Damage Only,0,0,0,0,0,0,10000,1,1,,POINT (-92.462725175432 42.65308906101)
2014826233,2014062620,11/07/2014,11-November,6-Friday,16:13,1600 Hours,District 1 (Central),,POWESHIEK,I-80,I-80,Collision with:  Vehicle in traffic,On Roadway,"Sideswipe, same direction",FTYROW:  Other (explain in narrative),None Indicated,,Daylight,Dry,Cloudy,None apparent,Non-intersection:  Non-junction/no special feature,Paved,,Property Damage Only,0,0,0,0,0,0,5100,2,2,,POINT (-92.372343965135 41.695724019748)
2014826155,201405278,11/07/2014,11-November,6-Friday,06:58,0600 Hours,District 1 (Central),,BOONE,US 30,US 30/220TH ST,Collision with:  Animal,,Non-collision (single vehicle),Animal,None Indicated,,,,,,,Paved,,Property Damage Only,0,0,0,0,0,0,12000,1,1,,POINT (-93.948268488032 42.03391759908)
2014826326,,11/07/2014,11-November,6-Friday,12:52,1200 Hours,District 2 (Northeast),NEW HAMPTON,CHICKASAW,IA 24,IA 24/200TH & N MAPLE AVE,Collision with:  Vehicle in traffic,On Roadway,Rear-end (front to rear),Swerving/Evasive Action,None Indicated,,Daylight,Dry,Cloudy,None apparent,Intersection:  T-intersection,Paved,,Property Damage Only,0,0,0,0,0,0,4000,2,4,,POINT (-92.320697615884 43.066676098263)
2014828873,14110170,11/07/2014,11-November,6-Friday,19:22,1900 Hours,District 5 (Southeast),OTTUMWA,WAPELLO,US 34,US 34,Collision with:  Animal,,,Animal,None Indicated,,,,,,,Paved,,Property Damage Only,0,0,0,0,0,0,4500,1,1,,POINT (-92.50553633342 41.009901913314)
2014826174,143414,11/07/2014,11-November,6-Friday,11:06,1100 Hours,District 3 (Northwest),,CRAWFORD,US 59,US 59,Non-collision events:  Other non-collision (explain in narrative),On Roadway,Rear-end (front to rear),Followed too close,None Indicated,,Daylight,Dry,Clear,None apparent,Non-intersection:  Non-junction/no special feature,Paved,,Property Damage Only,0,0,0,0,0,0,4000,2,3,,POINT (-95.348385183472 41.959770009796)
2014825746,14-7387,11/07/2014,11-November,6-Friday,12:10,1200 Hours,District 1 (Central),,POLK,,Co Rd F38/NE 78TH AVE & NE 56TH ST,Collision with:  Vehicle in traffic,On Roadway,Broadside (front to side),Ran Stop Sign,None Indicated,,Daylight,Dry,Cloudy,None apparent,Intersection:  Four-way intersection,Paved,,Major Injury,0,2,1,0,1,0,9000,2,2,,POINT (-93.503077570819 41.702885052718)
2014825920,S014002650,11/07/2014,11-November,6-Friday,17:39,1700 Hours,District 3 (Northwest),,PLYMOUTH,US 75,US 75,Collision with:  Animal,,,Animal,None Indicated,,,,,,,Paved,,Property Damage Only,0,0,0,0,0,0,1500,1,1,,POINT (-96.325393032861 42.566774180205)
2014826504,14-13051,11/07/2014,11-November,6-Friday,21:00,2100 Hours,District 3 (Northwest),,SIOUX,,350TH ST,Non-collision events:  Overturn/rollover,Outside trafficway,Non-collision (single vehicle),Swerving/Evasive Action,None Indicated,,Dark - roadway not lighted,"Mud, dirt",Cloudy,None apparent,Non-intersection:  Non-junction/no special feature,Unpaved,,Property Damage Only,0,0,0,0,0,0,6000,1,1,,POINT (-96.123334104773 43.142753298737)
2014826080,2014-77649,11/07/2014,11-November,6-Friday,16:59,1600 Hours,District 6 (East Central),DAVENPORT,SCOTT,US 6,US 6/W KIMBERLY RD & LILLIE AVE,Collision with:  Vehicle in traffic,On Roadway,Rear-end (front to rear),Followed too close,None Indicated,,Dark - roadway lighted,Dry,Clear,None apparent,Non-intersection:  Non-junction/no special feature,Paved,,Possible/Unknown,0,1,0,0,1,0,1500,2,5,,POINT (-90.588853748236 41.560100100328)
2014828017,,11/07/2014,11-November,6-Friday,17:30,1700 Hours,District 5 (Southeast),,WASHINGTON,US 218,US 218,Collision with:  Animal,On Roadway,Non-collision (single vehicle),Animal,None Indicated,,Dark - roadway not lighted,Dry,Clear,,Non-intersection:  Non-junction/no special feature,Paved,,Property Damage Only,0,0,0,0,0,0,6500,1,2,,POINT (-91.551067591712 41.443276959532)
2014826951,14-009954,11/07/2014,11-November,6-Friday,18:29,1800 Hours,District 6 (East Central),INDEPENDENCE,BUCHANAN,IA 150,IA 150/3RD AVE SE,Collision with:  Animal,On Roadway,Non-collision (single vehicle),Animal,None Indicated,,Dark - roadway not lighted,Dry,Clear,None apparent,Non-intersection:  Non-junction/no special feature,Paved,,Property Damage Only,0,0,0,0,0,0,4000,1,3,,POINT (-91.890154982775 42.44504848387)
2014827992,,11/07/2014,11-November,6-Friday,18:55,1800 Hours,District 2 (Northeast),,WINNESHIEK,IA 9,IA 9/IOWA 9,Collision with:  Animal,On Roadway,Non-collision (single vehicle),Animal,None Indicated,,Dark - roadway not lighted,Wet,Rain,,Non-intersection:  Non-junction/no special feature,Paved,,Property Damage Only,0,0,0,0,0,0,3500,1,2,,POINT (-91.814867878421 43.290031713736)
2014825879,2014062616,11/07/2014,11-November,6-Friday,15:35,1500 Hours,District 1 (Central),,STORY,I-35,I-35,Collision with:  Vehicle in traffic,On Roadway,Rear-end (front to rear),FTYROW:  Other (explain in narrative),None Indicated,,Daylight,Dry,Cloudy,None apparent,Non-intersection:  Non-junction/no special feature,Paved,,Property Damage Only,0,0,0,0,0,0,2000,2,5,,POINT (-93.571301718952 41.866096434662)
2014826306,14-025923,11/07/2014,11-November,6-Friday,14:08,1400 Hours,District 2 (Northeast),NORTHWOOD,WORTH,US 65,US 65/CENTRAL AVE/10TH ST S & 10TH ST N,Collision with:  Vehicle in traffic,On Roadway,Rear-end (front to rear),Followed too close,None Indicated,,Daylight,Dry,Clear,None apparent,Intersection:  Other intersection (explain in narrative),Paved,,Property Damage Only,0,0,0,0,0,0,5219,2,2,,POINT (-93.218354258988 43.444042203038)