Iowa DOT Case Number,Law Enforcement Case Number,Date of Crash,Month of Crash,Day of Week,Time of Crash,Hour,DOT District,City Name,County Name,Route with System,Location Description,First Harmful Event,Location of First Harmful Event,Manner of Crash/Collision,Major Cause,Drug or Alcohol ,Environmental Conditions,Light Conditions,Surface Conditions,Weather Conditions,Roadway Contribution,Roadway Type,Roadway Surface,Work Zone,Crash Severity,Number of Fatalities,Number of Injuries,Number of Major Injuries,Number of Minor Injuries,Number of Possible Injuries,Number of Unknown Injuries,Amount of Property Damage,Number of Vehicles Involved,Total Number of Occupants,Travel Direction,Location
2014825584,14-7376,11/07/2014,11-November,6-Friday,06:00,0600 Hours,District 1 (Central),,POLK,,NW 26TH ST,Collision with:  Animal,On Roadway,Non-collision (single vehicle),Animal,None Indicated,,Dark - roadway not lighted,Dry,Clear,None apparent,Non-intersection:  Non-junction/no special feature,Paved,,Property Damage Only,0,0,0,0,0,0,140000,1,1,,POINT (-93.654075751553 41.668942698002)
2014825760,14-004821,11/07/2014,11-November,6-Friday,20:14,2000 Hours,District 1 (Central),ANKENY,POLK,US 69,US 69/S ANKENY BLVD/N ANKENY BLVD & W 1ST ST & E 1ST ST,Collision with:  Vehicle in traffic,On Roadway,Head-on (front to front),FTYROW:  Making left turn,None Indicated,,Dark - roadway lighted,Dry,Clear,None apparent,Intersection:  Four-way intersection,Paved,,Possible/Unknown,0,2,0,0,2,0,6500,2,3,,POINT (-93.600375962325 41.731870994936)
2014825850,201416751,11/07/2014,11-November,6-Friday,22:41,2200 Hours,District 6 (East Central),CEDAR RAPIDS,LINN,,E AVE NW & 5TH ST NW,Collision with:  Vehicle in traffic,On Roadway,"Sideswipe, same direction",Ran Stop Sign,None Indicated,,Dark - roadway lighted,Dry,Clear,None apparent,Intersection:  Four-way intersection,Paved,,Property Damage Only,0,0,0,0,0,0,2000,2,4,,POINT (-91.679928271008 41.977934089241)
2014827137,PD14-11508,11/07/2014,11-November,6-Friday,19:54,1900 Hours,District 1 (Central),MARSHALLTOWN,MARSHALL,,IOWA AVE W (OLD US 30),Collision with:  Animal,On Roadway,Non-collision (single vehicle),Animal,None Indicated,,Dark - roadway not lighted,Dry,Clear,None apparent,Non-intersection:  Non-junction/no special feature,Paved,,Property Damage Only,0,0,0,0,0,0,2000,1,2,,POINT (-92.938713624803 42.007448139512)
2014826517,1400000981,11/07/2014,11-November,6-Friday,16:00,1600 Hours,District 1 (Central),,MARSHALL,IA 330,IA 330/MARSH AVE & MULBERRY ST,Collision with:  Animal,,,Animal,None Indicated,,,,,,,Paved,,Property Damage Only,0,0,0,0,0,0,2000,1,1,,POINT (-93.00053197897 42.082975803395)
2014826012,201416704,11/07/2014,11-November,6-Friday,10:05,1000 Hours,District 6 (East Central),CEDAR RAPIDS,LINN,,15TH AVE SW & 12TH ST SW,Collision with:  Vehicle in traffic,On Roadway,"Sideswipe, same direction",Improper or erratic lane changing,None Indicated,,Daylight,Dry,Cloudy,None apparent,Intersection:  T-intersection,Paved,,Property Damage Only,0,0,0,0,0,0,5000,2,4,,POINT (-91.685751505515 41.962996149146)
2014826147,2014-24223,11/07/2014,11-November,6-Friday,18:57,1800 Hours,District 5 (Southeast),INDIANOLA,WARREN,IA 92,IA 92/IOWA 92,Collision with:  Animal,On Roadway,Non-collision (single vehicle),Animal,None Indicated,,Dark - roadway lighted,Dry,Clear,None apparent,Non-intersection:  Non-junction/no special feature,Paved,,Property Damage Only,0,0,0,0,0,0,2500,1,2,,POINT (-93.522718233895 41.357635333187)
2014826573,1107146B,11/07/2014,11-November,6-Friday,18:35,1800 Hours,District 4 (Southwest),SHENANDOAH,PAGE,IA 2,IA 2/IOWA 2,Collision with:  Animal,,,Animal,None Indicated,,,,,,,Paved,,Property Damage Only,0,0,0,0,0,0,1500,1,1,,POINT (-95.361122142785 40.742919251704)
2014826777,14-040046,11/07/2014,11-November,6-Friday,19:49,1900 Hours,District 5 (Southeast),,DES MOINES,US 34,US 34,Collision with:  Animal,,,Animal,None Indicated,,,,,,,Paved,,Property Damage Only,0,0,0,0,0,0,3000,1,1,,POINT (-91.237361685081 40.832353839009)
2014826856,14-034586,11/07/2014,11-November,6-Friday,06:42,0600 Hours,District 5 (Southeast),WEST POINT,LEE,,Co Rd X23/WEST POINT RD & OTTE RD,Collision with:  Animal,,,Animal,None Indicated,,,,,,,Paved,,Property Damage Only,0,0,0,0,0,0,2000,1,1,,POINT (-91.434586593505 40.675368260002)
2014826399,14-005263,11/07/2014,11-November,6-Friday,15:56,1500 Hours,District 1 (Central),AMES,STORY,,24TH ST,Collision with:  Vehicle in traffic,On Roadway,"Sideswipe, same direction",Improper or erratic lane changing,None Indicated,,Daylight,Dry,Clear,None apparent,Non-intersection:  Non-junction/no special feature,Paved,,Property Damage Only,0,0,0,0,0,0,3000,2,2,,POINT (-93.6394364484 42.045474537648)
2014825806,14-001650,11/07/2014,11-November,6-Friday,17:26,1700 Hours,District 1 (Central),AMES,STORY,,STANGE RD,Collision with:  Vehicle in traffic,On Roadway,Rear-end (front to rear),Other (explain in narrative):  Other,None Indicated,,Dark - roadway lighted,Dry,Cloudy,None apparent,Non-intersection:  Non-junction/no special feature,Paved,,Property Damage Only,0,0,0,0,0,0,2000,2,2,,POINT (-93.644746367362 42.035249422387)
2014825724,14-8166,11/07/2014,11-November,6-Friday,17:40,1700 Hours,District 3 (Northwest),,IDA,,Co Rd M25/MARKET AVE & 240TH ST,Collision with:  Animal,,,Animal,None Indicated,,,,,,,Paved,,Property Damage Only,0,0,0,0,0,0,2500,1,1,,POINT (-95.420324988177 42.355683761964)
2014826525,S14-004442,11/07/2014,11-November,6-Friday,08:25,0800 Hours,District 4 (Southwest),,POTTAWATTAMIE,,Co Rd L35/WABASH AVE & OVERLAND TRL,Non-collision events:  Other non-collision (explain in narrative),On Roadway,"Sideswipe, same direction",FTYROW:  Other (explain in narrative),None Indicated,,Daylight,Dry,Cloudy,None apparent,Intersection:  Four-way intersection,Paved,,Property Damage Only,0,0,0,0,0,0,4500,2,2,,POINT (-95.798953937718 41.211979205084)
2014826131,2014062471,11/07/2014,11-November,6-Friday,04:45,0400 Hours,District 4 (Southwest),,POTTAWATTAMIE,I-80,I-80,Collision with:  Animal,,,Animal,None Indicated,,,,,,,Paved,,Property Damage Only,0,0,0,0,0,0,2000,1,1,,POINT (-95.552970774618 41.498090543079)
2014827081,14-223,11/07/2014,11-November,6-Friday,13:32,1300 Hours,District 2 (Northeast),WAVERLY,BREMER,IA 116,IA 116/4TH ST SW,Collision with:  Vehicle in traffic,On Roadway,Rear-end (front to rear),Followed too close,None Indicated,,Daylight,Dry,Cloudy,Work Zone (roadway-related),Non-intersection:  Non-junction/no special feature,Paved,Yes,Property Damage Only,0,0,0,0,0,0,5500,2,2,,POINT (-92.475494240309 42.713125265175)
2014825914,14-0633,11/07/2014,11-November,6-Friday,18:26,1800 Hours,District 1 (Central),,WEBSTER,,Co Rd C56/120TH ST,Collision with:  Animal,,,Animal,None Indicated,,,,,,,Paved,,Property Damage Only,0,0,0,0,0,0,2500,1,1,,POINT (-94.218486644737 42.615817861096)
2014825676,14-5617,11/07/2014,11-November,6-Friday,13:02,1300 Hours,District 4 (Southwest),WEST DES MOINES,DALLAS,,S 64TH ST & MILLS CIVIC PKWY,Collision with:  Vehicle in traffic,On Roadway,"Sideswipe, same direction",Crossed centerline (undivided),None Indicated,,Daylight,Dry,Cloudy,None apparent,Intersection:  Four-way intersection,Paved,,Property Damage Only,0,0,0,0,0,0,11000,2,4,,POINT (-93.796627551865 41.561560278879)
2014828010,,11/07/2014,11-November,6-Friday,17:01,1700 Hours,District 6 (East Central),CEDAR RAPIDS,LINN,,3RD AVE SE & 15TH ST SE,Collision with:  Vehicle in traffic,On Roadway,Rear-end (front to rear),Unknown,None Indicated,,Dusk,Dry,Clear,,Non-intersection:  Non-junction/no special feature,Paved,,Property Damage Only,0,0,0,0,0,0,1500,2,3,,POINT (-91.650563911908 41.986391908842)
2014829145,2014011502,11/07/2014,11-November,6-Friday,07:29,0700 Hours,District 1 (Central),MARSHALLTOWN,MARSHALL,US 30,US 30/SE RAMP CURV/SW RAMP CURV & IA 14/REED AVE,Collision with:  Vehicle in traffic,On Roadway,Rear-end (front to rear),Other (explain in narrative):  Other,None Indicated,,Daylight,Dry,Clear,None apparent,Intersection:  T-intersection,Paved,,Property Damage Only,0,0,0,0,0,0,3200,2,2,,POINT (-92.912417822791 42.003062859092)
2014827864,2014062666,11/07/2014,11-November,6-Friday,22:32,2200 Hours,District 1 (Central),,JASPER,US 65,US 65/US 65 N,Collision with:  Animal,,,Animal,None Indicated,,,,,,,Paved,,Property Damage Only,0,0,0,0,0,0,7200,1,1,,POINT (-93.313727083947 41.805787845687)
2014825933,148596,11/07/2014,11-November,6-Friday,21:00,2100 Hours,District 4 (Southwest),,DALLAS,IA 141,IA 141/141ST ST & HULL AVE,Collision with:  Animal,,,Animal,None Indicated,,,,,,,Paved,,Property Damage Only,0,0,0,0,0,0,3000,1,1,,POINT (-94.136823772874 41.835384019386)
2014825587,14-7386,11/07/2014,11-November,6-Friday,11:52,1100 Hours,District 1 (Central),ALTOONA,POLK,,15TH ST SE,Collision with:  Vehicle in traffic,On Roadway,Unknown,Improper Backing,None Indicated,,Daylight,Dry,Clear,None apparent,Non-intersection:  Non-junction/no special feature,Paved,,Property Damage Only,0,0,0,0,0,0,2600,2,9,,POINT (-93.463305120541 41.637291062569)
2014826064,14112058,11/07/2014,11-November,6-Friday,15:54,1500 Hours,District 4 (Southwest),CLARINDA,PAGE,,S 16TH ST,Collision with:  Vehicle in traffic,On Roadway,"Angle, oncoming left turn",FTYROW:  Making left turn,None Indicated,,Daylight,Dry,Cloudy,Other (explain in narrative),Non-intersection:  Driveway access (within),Paved,,Property Damage Only,0,0,0,0,0,0,2000,2,5,,POINT (-95.037824078281 40.726914977143)
2014826714,14019523,11/07/2014,11-November,6-Friday,14:09,1400 Hours,District 2 (Northeast),MASON CITY,CERRO GORDO,IA 122,IA 122/4TH ST SW,Collision with:  Vehicle in traffic,On Roadway,Rear-end (front to rear),Lost Control,None Indicated,,Daylight,Dry,Cloudy,None apparent,Intersection:  Four-way intersection,Paved,,Property Damage Only,0,0,0,0,0,0,3700,2,3,,POINT (-93.233384936774 43.148336872833)
2014826302,2014062663,11/07/2014,11-November,6-Friday,22:05,2200 Hours,District 1 (Central),,HARDIN,US 20,US 20,Collision with:  Animal,,,Animal,None Indicated,,,,,,,Paved,,Property Damage Only,0,0,0,0,0,0,10000,1,1,,POINT (-93.352216200606 42.448493647619)
2014826402,14-005266,11/07/2014,11-November,6-Friday,17:24,1700 Hours,District 1 (Central),AMES,STORY,,UNIVERSITY BLVD,Collision with:  Vehicle in traffic,On Roadway,Rear-end (front to rear),Followed too close,None Indicated,,Dark - roadway lighted,Dry,Cloudy,None apparent,Intersection:  Four-way intersection,Paved,,Possible/Unknown,0,1,0,0,1,0,7000,3,4,,POINT (-93.63229543186 42.01745866406)
2014826148,2014-24233,11/07/2014,11-November,6-Friday,20:26,2000 Hours,District 5 (Southeast),,WARREN,,Co Rd S23/HWY S23,Collision with:  Animal,On Roadway,Non-collision (single vehicle),Animal,None Indicated,,Dark - roadway not lighted,Dry,Clear,None apparent,Non-intersection:  Non-junction/no special feature,Paved,,Property Damage Only,0,0,0,0,0,0,2000,1,2,,POINT (-93.442558799896 41.272866668923)
2014826520,14009638,11/07/2014,11-November,6-Friday,18:16,1800 Hours,District 6 (East Central),,DELAWARE,US 20,US 20,Collision with:  Animal,,,Animal,None Indicated,,,,,,,Paved,,Property Damage Only,0,0,0,0,0,0,5000,1,1,,POINT (-91.407664914012 42.470988252055)
2014827010,14-36908,11/07/2014,11-November,6-Friday,11:49,1100 Hours,District 3 (Northwest),SIOUX CITY,WOODBURY,,W 4TH ST & 6TH ST & WESLEY PKWY,Collision with:  Vehicle in traffic,On Roadway,"Sideswipe, same direction",Unknown,None Indicated,,Daylight,Dry,Cloudy,None apparent,Intersection:  Four-way intersection,Paved,,Property Damage Only,0,0,0,0,0,0,1600,2,2,,POINT (-96.410781989209 42.496295909016)
2014825684,14-39948,11/07/2014,11-November,6-Friday,03:46,0300 Hours,District 5 (Southeast),BURLINGTON,DES MOINES,,WEST AVE,Collision with:  Animal,On Roadway,Non-collision (single vehicle),Animal,None Indicated,,Dark - roadway not lighted,Dry,Clear,None apparent,Non-intersection:  Non-junction/no special feature,Paved,,Property Damage Only,0,0,0,0,0,0,1500,1,1,,POINT (-91.162425164392 40.796990439384)
2014825878,2014062604,11/07/2014,11-November,6-Friday,15:09,1500 Hours,District 5 (Southeast),,WARREN,US 65,US 65,Non-collision events:  Overturn/rollover,On Roadway,Non-collision (single vehicle),Swerving/Evasive Action,None Indicated,,Daylight,Dry,Cloudy,None apparent,Non-intersection:  Non-junction/no special feature,Paved,,Property Damage Only,0,0,0,0,0,0,5000,1,1,,POINT (-93.558743589284 41.422410662661)
2014826234,2014062657,11/07/2014,11-November,6-Friday,21:26,2100 Hours,District 6 (East Central),CORALVILLE,JOHNSON,I-80,I-80,Collision with:  Animal,,,Animal,None Indicated,,,,,,,Paved,,Property Damage Only,0,0,0,0,0,0,5000,1,1,,POINT (-91.553573974157 41.685551877714)
2014828156,14-001309,11/07/2014,11-November,6-Friday,17:22,1700 Hours,District 1 (Central),,STORY,I-35,I-35,Collision with:  Vehicle in traffic,On Roadway,Rear-end (front to rear),Swerving/Evasive Action,None Indicated,,Dusk,Dry,Clear,None apparent,Interchange-related:  On-ramp merge area,Paved,,Possible/Unknown,0,1,0,0,1,0,12000,2,2,,POINT (-93.571521553433 41.874543740623)
2014826606,201405288,11/07/2014,11-November,6-Friday,13:18,1300 Hours,District 1 (Central),,BOONE,IA 17,IA 17/S AVE & 290TH ST,Collision with fixed object:  Traffic sign support,On Roadway,Non-collision (single vehicle),Swerving/Evasive Action,None Indicated,,Daylight,Dry,Cloudy,None apparent,Intersection:  Four-way intersection,Paved,,Property Damage Only,0,0,0,0,0,0,2100,1,1,,POINT (-93.815590593849 41.9361528074)
2014826065,148582,11/07/2014,11-November,6-Friday,15:16,1500 Hours,District 4 (Southwest),,DALLAS,,128TH PL,Collision with fixed object:  Ditch,On Roadway,Non-collision (single vehicle),Crossed centerline (undivided),Refused,,Daylight,Dry,Clear,None apparent,Non-intersection:  Non-junction/no special feature,Unpaved,,Property Damage Only,0,0,0,0,0,0,10500,1,1,,POINT (-94.022527805413 41.852580567088)
2014825744,14-7402,11/07/2014,11-November,6-Friday,20:15,2000 Hours,District 1 (Central),,POLK,,SE 80TH ST,Collision with:  Animal,On Roadway,Non-collision (single vehicle),Animal,None Indicated,,Dark - roadway not lighted,Dry,Clear,None apparent,Non-intersection:  Non-junction/no special feature,Paved,,Property Damage Only,0,0,0,0,0,0,5000,1,1,,POINT (-93.443195088829 41.579606853676)
2014828951,,11/07/2014,11-November,6-Friday,19:00,1900 Hours,District 6 (East Central),,JOHNSON,IA 1,IA 1/IOWA 1,Collision with:  Animal,On Roadway,Non-collision (single vehicle),Animal,None Indicated,,Dark - roadway not lighted,Dry,Unknown,,Unknown,Paved,,Property Damage Only,0,0,0,0,0,0,3500,1,3,,POINT (-91.648942697364 41.613000131168)
2014909204,114-14,11/07/2014,11-November,6-Friday,18:11,1800 Hours,District 4 (Southwest),,MADISON,US 169,US 169,Collision with:  Animal,,,Animal,None Indicated,,,,,,,Paved,,Property Damage Only,0,0,0,0,0,0,2500,1,777,,POINT (-94.011993179723 41.428612208624)
2014836662,14016588,11/07/2014,11-November,6-Friday,15:04,1500 Hours,District 6 (East Central),,CEDAR,,Co Rd F46/310TH,Non-collision events:  Overturn/rollover,On Roadway,Non-collision (single vehicle),Driving too fast for conditions,Refused,,Daylight,Dry,Clear,None apparent,Non-intersection:  Non-junction/no special feature,Unpaved,,Possible/Unknown,0,1,0,0,1,0,3300,1,1,,POINT (-91.361101155203 41.642014033312)
2014826286,146551,11/07/2014,11-November,6-Friday,18:32,1800 Hours,District 1 (Central),,HARDIN,,O AVE,Collision with:  Vehicle in traffic,On Roadway,Head-on (front to front),Crossed centerline (undivided),None Indicated,,Dark - roadway not lighted,Dry,Cloudy,None apparent,Non-intersection:  Non-junction/no special feature,Unpaved,,Property Damage Only,0,0,0,0,0,0,5000,2,2,,POINT (-93.217275340897 42.262807841184)
2014829075,201405294,11/07/2014,11-November,6-Friday,17:40,1700 Hours,District 1 (Central),,BOONE,,Co Rd R21/NATURE RD,Collision with:  Animal,,,Animal,None Indicated,,,,,,,Paved,,Property Damage Only,0,0,0,0,0,0,3500,1,1,,POINT (-93.920030484381 42.179960723826)
2014826536,14-009650,11/07/2014,11-November,6-Friday,22:05,2200 Hours,District 6 (East Central),,DELAWARE,US 20,US 20,Collision with:  Animal,,,Animal,None Indicated,,,,,,,Paved,,Property Damage Only,0,0,0,0,0,0,1500,1,1,,POINT (-91.256000739754 42.470941645359)
2014826141,14007740,11/07/2014,11-November,6-Friday,20:00,2000 Hours,District 1 (Central),,HAMILTON,,Co Rd D65/380TH ST,Collision with fixed object:  Ditch,Shoulder,Non-collision (single vehicle),Ran off road - right,None Indicated,,Dark - roadway not lighted,Dry,Clear,None apparent,Non-intersection:  Non-junction/no special feature,Paved,,Property Damage Only,0,0,0,0,0,0,8000,1,1,,POINT (-93.640737289982 42.238303034848)
2014826519,14009637,11/07/2014,11-November,6-Friday,17:48,1700 Hours,District 6 (East Central),DELAWARE,DELAWARE,US 20,US 20,Collision with:  Animal,,,Animal,None Indicated,,,,,,,Paved,,Property Damage Only,0,0,0,0,0,0,6000,1,1,,POINT (-91.329571311845 42.47046180399)
2014825932,14-40050,11/07/2014,11-November,6-Friday,20:15,2000 Hours,District 5 (Southeast),,DES MOINES,US 61,US 61,Collision with:  Animal,,,Animal,None Indicated,,,,,,,Paved,,Property Damage Only,0,0,0,0,0,0,1500,1,1,,POINT (-91.175478186056 41.059762950079)
2014826401,14-005265,11/07/2014,11-November,6-Friday,17:23,1700 Hours,District 1 (Central),AMES,STORY,,HAYWARD AVE,Collision with:  Parked motor vehicle,On Roadway,"Sideswipe, same direction",Other (explain in narrative):  Other,None Indicated,,Dark - roadway lighted,Dry,Cloudy,None apparent,Non-intersection:  Non-junction/no special feature,Paved,,Property Damage Only,0,0,0,0,0,0,10000,2,1,,POINT (-93.651724427736 42.017025756379)
2014825743,14-7399,11/07/2014,11-November,6-Friday,18:47,1800 Hours,District 1 (Central),GRIMES,POLK,IA 141,IA 141/IOWA 141,Collision with:  Vehicle in traffic,On Roadway,Rear-end (front to rear),Followed too close,Alcohol (Statutory),,Dark - roadway lighted,Dry,Cloudy,None apparent,Non-intersection:  Non-junction/no special feature,Paved,,Property Damage Only,0,0,0,0,0,0,6500,2,2,,POINT (-93.774982929097 41.657994985998)
2014825738,14680862,11/07/2014,11-November,6-Friday,07:33,0700 Hours,District 5 (Southeast),,MONROE,US 34,US 34,Collision with:  Animal,,,Animal,None Indicated,,,,,,,Paved,,Property Damage Only,0,0,0,0,0,0,2000,1,1,,POINT (-92.827762161255 41.015842345346)
2014826168,W14-110729,11/07/2014,11-November,6-Friday,18:12,1800 Hours,District 2 (Northeast),WATERLOO,BLACK HAWK,,W RIDGEWAY AVE,Collision with:  Animal,,Non-collision (single vehicle),Animal,None Indicated,,,,,,,Paved,,Property Damage Only,0,0,0,0,0,0,3000,1,1,,POINT (-92.402212981772 42.46923426118)
2014825923,S14-004449,11/07/2014,11-November,6-Friday,19:17,1900 Hours,District 4 (Southwest),,POTTAWATTAMIE,,215TH ST & PINOAK RD,Collision with fixed object:  Ditch,On Roadway,Non-collision (single vehicle),Ran off road - right,None Indicated,,Dark - roadway not lighted,"Mud, dirt",Clear,None apparent,Non-intersection:  Non-junction/no special feature,Unpaved,,Property Damage Only,0,0,0,0,0,0,10000,1,2,,POINT (-95.779488545363 41.405304555828)
2014826078,2014-77638,11/07/2014,11-November,6-Friday,16:24,1600 Hours,District 6 (East Central),DAVENPORT,SCOTT,I-80,I-80,Collision with:  Vehicle in traffic,On Roadway,Rear-end (front to rear),Followed too close,None Indicated,,Daylight,Dry,Cloudy,None apparent,Non-intersection:  Non-junction/no special feature,Paved,,Property Damage Only,0,0,0,0,0,0,8500,2,3,,POINT (-90.602385455054 41.599813125538)
2014826846,2014004069,11/07/2014,11-November,6-Friday,02:17,0200 Hours,District 6 (East Central),,LINN,,Co Rd E44/SQUAW RIDGE RD & ABBOTS FORD RD,Collision with fixed object:  Tree,On Roadway,Non-collision (single vehicle),Exceeded authorized speed,Alcohol (Statutory),,Dark - roadway not lighted,Dry,Cloudy,None apparent,Intersection:  T-intersection,Paved,,Property Damage Only,0,0,0,0,0,0,6500,1,1,,POINT (-91.56564048017 42.000303638096)
2014825918,14014656,11/08/2014,11-November,7-Saturday,14:42,1400 Hours,District 4 (Southwest),,MILLS,,Co Rd H12/CARY AVE,Collision with:  Vehicle in traffic,On Roadway,"Sideswipe, same direction",Other (explain in narrative):  Other,None Indicated,,Daylight,Dry,Clear,None apparent,Non-intersection:  Non-junction/no special feature,Paved,,Property Damage Only,0,0,0,0,0,0,5000,2,2,,POINT (-95.586787367163 41.131164051749)
2014826083,2014-77802,11/08/2014,11-November,7-Saturday,12:04,1200 Hours,District 6 (East Central),DAVENPORT,SCOTT,,PERSHING AVE,Collision with fixed object:  Other fixed object (explain in narrative),On Roadway,Non-collision (single vehicle),Ran off road - right,None Indicated,,Daylight,Dry,Clear,None apparent,Non-intersection:  Non-junction/no special feature,Paved,,Property Damage Only,0,0,0,0,0,0,5700,1,1,,POINT (-90.571160003179 41.52281927411)
2014826804,2014116765,11/08/2014,11-November,7-Saturday,04:37,0400 Hours,District 6 (East Central),CEDAR RAPIDS,LINN,I-380,I-380,Collision with fixed object:  Impact attenuator/crash cushion,On Roadway,Non-collision (single vehicle),Ran off road - left,None Indicated,,Dark - roadway not lighted,Dry,Other (explain in narrative),None apparent,Non-intersection:  Non-junction/no special feature,Paved,,Property Damage Only,0,0,0,0,0,0,7000,1,1,,POINT (-91.672048572707 41.906331615828)
2014828701,,11/08/2014,11-November,7-Saturday,22:40,2200 Hours,District 3 (Northwest),,POCAHONTAS,IA 4,IA 4/220TH AVE & 410TH ST,Collision with fixed object:  Ditch,On Roadway,Non-collision (single vehicle),Exceeded authorized speed,Alcohol (Statutory),,Dark - roadway not lighted,Dry,Clear,None apparent,Non-intersection:  Non-junction/no special feature,Paved,,Minor Injury,0,1,0,1,0,0,3000,1,1,,POINT (-94.678768272329 42.892687281613)
2014825751,14-7418,11/08/2014,11-November,7-Saturday,22:15,2200 Hours,District 1 (Central),DES MOINES,POLK,US 69,US 69/NE 14TH ST,Collision with:  Vehicle in traffic,On Roadway,"Sideswipe, opposite direction",Unknown,None Indicated,,Dark - roadway not lighted,Dry,Cloudy,None apparent,Non-intersection:  Non-junction/no special feature,Paved,,Property Damage Only,0,0,0,0,0,0,2000,2,2,,POINT (-93.600532320389 41.65565216755)
2014825784,20140033357,11/08/2014,11-November,7-Saturday,13:58,1300 Hours,District 1 (Central),DES MOINES,POLK,,56TH ST,Collision with:  Non-motorist (see non-motorist section - NOT a unit),On Roadway,Non-collision (single vehicle),Other (explain in narrative):  No improper action,None Indicated,,Daylight,Dry,Cloudy,None apparent,Non-intersection:  Non-junction/no special feature,Paved,,Minor Injury,0,1,0,1,0,0,0,1,3,,POINT (-93.694990729582 41.629854771748)
2014826024,14-047472,11/08/2014,11-November,7-Saturday,11:19,1100 Hours,District 4 (Southwest),COUNCIL BLUFFS,POTTAWATTAMIE,,PEREGRINE PL & OSPREY CIR,Collision with:  Vehicle in traffic,On Roadway,Rear-end (front to rear),Lost Control,None Indicated,,Daylight,Dry,Cloudy,None apparent,Non-intersection:  Non-junction/no special feature,Paved,,Property Damage Only,0,0,0,0,0,0,2300,2,1,,POINT (-95.836630257225 41.202590533287)
2014826896,201416781,11/08/2014,11-November,7-Saturday,13:33,1300 Hours,District 6 (East Central),CEDAR RAPIDS,LINN,IA 922,IA 922/1ST AVE E & 38TH ST NE,Collision with:  Vehicle in traffic,On Roadway,Broadside (front to side),Ran Traffic Signal,None Indicated,,Daylight,Dry,Cloudy,None apparent,Intersection:  Four-way intersection,Paved,,Possible/Unknown,0,1,0,0,1,0,7000,2,3,,POINT (-91.634469618203 42.017003426749)
2014827866,2014062776,11/08/2014,11-November,7-Saturday,21:34,2100 Hours,District 2 (Northeast),,CHICKASAW,,ASHERTON AVE,Non-collision events:  Overturn/rollover,Roadside,Non-collision (single vehicle),Driving too fast for conditions,Drug/Alcohol (Statutory),,Dark - roadway not lighted,Dry,Cloudy,None apparent,Non-intersection:  Non-junction/no special feature,Paved,,Fatal,1,0,0,0,0,0,5000,1,1,,POINT (-92.540072758107 42.927478002329)
2014826163,14016638,11/08/2014,11-November,7-Saturday,17:36,1700 Hours,District 6 (East Central),TIPTON,CEDAR,IA 38,IA 38/IOWA 38,Collision with:  Animal,Shoulder,Non-collision (single vehicle),Animal,None Indicated,,Dusk,Dry,Cloudy,None apparent,Non-intersection:  Non-junction/no special feature,Paved,,Property Damage Only,0,0,0,0,0,0,3000,1,2,,POINT (-91.132583289655 41.72844067326)
2014825934,148628,11/08/2014,11-November,7-Saturday,21:10,2100 Hours,District 4 (Southwest),,DALLAS,I-80,I-80,Collision with:  Animal,,,Animal,None Indicated,,,,,,,Paved,,Property Damage Only,0,0,0,0,0,0,8000,1,1,,POINT (-94.10884562493 41.517585130381)
2014826303,2014062695,11/08/2014,11-November,7-Saturday,09:40,0900 Hours,District 3 (Northwest),,SIOUX,,Co Rd B46/420TH ST,Collision with:  Vehicle in traffic,On Roadway,"Sideswipe, same direction",Crossed centerline (undivided),None Indicated,,Daylight,Dry,Cloudy,None apparent,Non-intersection:  Driveway access (within),Paved,,Possible/Unknown,0,1,0,0,1,0,6000,2,2,,POINT (-96.388131714988 43.04067892804)
2014850922,14009056,11/08/2014,11-November,7-Saturday,14:30,1400 Hours,District 5 (Southeast),,LOUISA,,F AVE,Collision with fixed object:  Tree,Outside trafficway,Non-collision (single vehicle),Ran off road - left,Refused,,Daylight,Dry,Cloudy,None apparent,Non-intersection:  Non-junction/no special feature,Paved,,Minor Injury,0,1,0,1,0,0,8000,1,1,,POINT (-91.099996532618 41.30382021268)
2014827746,2014-77791,11/08/2014,11-November,7-Saturday,09:14,0900 Hours,District 6 (East Central),DAVENPORT,SCOTT,,WARREN ST,Collision with:  Parked motor vehicle,On Roadway,Rear-end (front to rear),Unknown,None Indicated,,Daylight,Dry,Cloudy,None apparent,Non-intersection:  Non-junction/no special feature,Paved,,Property Damage Only,0,0,0,0,0,0,4000,2,1,,POINT (-90.585885677594 41.525155958633)
2014828269,110814B,11/08/2014,11-November,7-Saturday,15:49,1500 Hours,District 4 (Southwest),,FREMONT,,Co Rd J26/170 ST & 360 AVE,Collision with fixed object:  Ditch,Roadside,Non-collision (single vehicle),Driving too fast for conditions,None Indicated,,Daylight,Dry,Clear,"Surface condition (e.g., wet, icy)",Intersection:  T-intersection,Unpaved,,Minor Injury,0,1,0,1,0,0,10500,1,1,,POINT (-95.499381748384 40.800895907868)
2014825787,20140033411,11/08/2014,11-November,7-Saturday,23:40,2300 Hours,District 1 (Central),DES MOINES,POLK,,HICKMAN RD & 24TH ST,Collision with:  Vehicle in traffic,On Roadway,Broadside (front to side),FTYROW:  From driveway,None Indicated,,Dark - roadway lighted,Dry,Clear,None apparent,Non-intersection:  Driveway access (within),Paved,,Property Damage Only,0,0,0,0,0,0,2000,2,3,,POINT (-93.650001847856 41.615012908816)
2014826877,14034697,11/08/2014,11-November,7-Saturday,19:28,1900 Hours,District 5 (Southeast),,LEE,,Co Rd W62/ARGYLE RD,Collision with:  Animal,,,Animal,None Indicated,,,,,,,Paved,,Property Damage Only,0,0,0,0,0,0,4000,1,1,,POINT (-91.539250724036 40.484247815554)