Iowa DOT Case Number,Law Enforcement Case Number,Date of Crash,Month of Crash,Day of Week,Time of Crash,Hour,DOT District,City Name,County Name,Route with System,Location Description,First Harmful Event,Location of First Harmful Event,Manner of Crash/Collision,Major Cause,Drug or Alcohol ,Environmental Conditions,Light Conditions,Surface Conditions,Weather Conditions,Roadway Contribution,Roadway Type,Roadway Surface,Work Zone,Crash Severity,Number of Fatalities,Number of Injuries,Number of Major Injuries,Number of Minor Injuries,Number of Possible Injuries,Number of Unknown Injuries,Amount of Property Damage,Number of Vehicles Involved,Total Number of Occupants,Travel Direction,Location
2014826161,C14110959,11/08/2014,11-November,7-Saturday,12:26,1200 Hours,District 2 (Northeast),CEDAR FALLS,BLACK HAWK,IA 27,IA 27,Collision with:  Vehicle in traffic,On Roadway,Rear-end (front to rear),Other (explain in narrative):  No improper action,None Indicated,,Daylight,Dry,Clear,None apparent,Intersection:  Four-way intersection,Paved,,Property Damage Only,0,0,0,0,0,0,2500,2,6,,POINT (-92.445885889727 42.485493188375)
2014826848,201404096,11/08/2014,11-November,7-Saturday,00:00,0000 Hours,District 6 (East Central),,LINN,,FLETCHER RD,Non-collision events:  Overturn/rollover,On Roadway,Non-collision (single vehicle),Lost Control,None Indicated,,Unknown,"Mud, dirt",Cloudy,Ruts/holes/bumps,Non-intersection:  Other non-intersection (explain in narrative),Unpaved,,Property Damage Only,0,0,0,0,0,0,6000,1,1,,POINT (-91.832298032868 42.036974392972)
2014826218,201416760,11/08/2014,11-November,7-Saturday,01:46,0100 Hours,District 6 (East Central),CEDAR RAPIDS,LINN,,19TH ST SE,Collision with:  Parked motor vehicle,On Roadway,Rear-end (front to rear),Ran off road - right,None Indicated,,Dark - roadway lighted,Dry,Clear,None apparent,Non-intersection:  Non-junction/no special feature,Paved,,Property Damage Only,0,0,0,0,0,0,10000,2,2,,POINT (-91.642899458932 41.985770163899)
2014826559,2014-039451,11/08/2014,11-November,7-Saturday,12:14,1200 Hours,District 6 (East Central),DUBUQUE,DUBUQUE,,UNIVERSITY AVE & GRANDVIEW AVE N,Collision with:  Vehicle in traffic,On Roadway,"Sideswipe, same direction",Ran Stop Sign,None Indicated,,Daylight,Dry,Cloudy,None apparent,Intersection:  Four-way intersection,Paved,,Property Damage Only,0,0,0,0,0,0,13000,2,4,,POINT (-90.688118383802 42.498333891322)
2014825703,W14-111082,11/08/2014,11-November,7-Saturday,20:34,2000 Hours,District 2 (Northeast),WATERLOO,BLACK HAWK,US 218,US 218/WASHINGTON ST,Collision with:  Vehicle in traffic,On Roadway,Broadside (front to side),Ran Traffic Signal,None Indicated,,Dark - roadway lighted,Dry,Cloudy,None apparent,Intersection:  Four-way intersection,Paved,,Property Damage Only,0,0,0,0,0,0,4300,2,3,,POINT (-92.327926973715 42.48380849515)
2014826082,2014-77795,11/08/2014,11-November,7-Saturday,11:07,1100 Hours,District 6 (East Central),DAVENPORT,SCOTT,,ELMORE AVE,Collision with:  Vehicle in traffic,On Roadway,"Angle, oncoming left turn",FTYROW:  From stop sign,None Indicated,,Daylight,Dry,Cloudy,None apparent,Intersection:  Other intersection (explain in narrative),Paved,,Property Damage Only,0,0,0,0,0,0,16000,2,2,,POINT (-90.528791359769 41.578935358121)
2014826177,14-005147,11/08/2014,11-November,7-Saturday,21:15,2100 Hours,District 3 (Northwest),,LYON,IA 9,IA 9/IOWA 9 & Co Rd K12/BEECH AVE,Collision with:  Vehicle in traffic,On Roadway,Unknown,Lost Control,None Indicated,,Dark - roadway not lighted,Dry,Clear,None apparent,Intersection:  T-intersection,Paved,,Property Damage Only,0,0,0,0,0,0,4500,2,4,,POINT (-96.50580248474 43.477948943938)
2014826994,S14-11545,11/08/2014,11-November,7-Saturday,08:21,0800 Hours,District 3 (Northwest),,WOODBURY,IA 141,IA 141/330TH ST,Unknown,Unknown,Non-collision (single vehicle),Unknown,None Indicated,,Unknown,Other (explain in narrative),Unknown,Unknown,Non-intersection:  Driveway access (within),Paved,,Property Damage Only,0,0,0,0,0,0,5000,1,1,,POINT (-96.140653369048 42.228153093055)
2014826965,14-171108-02,11/08/2014,11-November,7-Saturday,21:15,2100 Hours,District 6 (East Central),,IOWA,I-80,I-80,Collision with:  Animal,,,Animal,None Indicated,,,,,,,Paved,,Property Damage Only,0,0,0,0,0,0,2400,1,1,,POINT (-92.044308007396 41.687204318925)
2014835411,2014-001750,11/08/2014,11-November,7-Saturday,14:47,1400 Hours,District 6 (East Central),BELLE PLAINE,BENTON,,13TH ST & 8TH AVE,Collision with:  Vehicle in traffic,On Roadway,Broadside (front to side),Ran Stop Sign,None Indicated,,Daylight,Dry,Clear,None apparent,Intersection:  Four-way intersection,Paved,,Property Damage Only,0,0,0,0,0,0,7000,2,2,,POINT (-92.276598629916 41.897078051797)
2014827628,SO14-1399,11/08/2014,11-November,7-Saturday,06:00,0600 Hours,District 2 (Northeast),,WRIGHT,,NELSON AVE,Collision with fixed object:  Ditch,On Roadway,Non-collision (single vehicle),Ran off road - left,None Indicated,,Dawn,Dry,Clear,None apparent,Non-intersection:  Non-junction/no special feature,Unpaved,,Possible/Unknown,0,1,0,0,1,0,4000,1,1,,POINT (-93.715785332472 42.686865175472)
2014825717,143431,11/08/2014,11-November,7-Saturday,10:24,1000 Hours,District 3 (Northwest),,CRAWFORD,,Co Rd M36/DONNA REED RD,Collision with:  Non-motorist (see non-motorist section - NOT a unit),On Roadway,Non-collision (single vehicle),Driving too fast for conditions,None Indicated,,Daylight,Dry,Clear,None apparent,Non-intersection:  Non-junction/no special feature,Paved,,Minor Injury,0,1,0,1,0,0,2000,1,1,,POINT (-95.332031913532 42.000332887294)
2014826563,SA1409506,11/08/2014,11-November,7-Saturday,19:30,1900 Hours,District 5 (Southeast),,WASHINGTON,,285TH ST,Collision with fixed object:  Ditch,On Roadway,Non-collision (single vehicle),Driving too fast for conditions,None Indicated,,Dark - roadway not lighted,Dry,Clear,None apparent,Non-intersection:  Non-junction/no special feature,Unpaved,,Property Damage Only,0,0,0,0,0,0,12000,1,2,,POINT (-91.615506516459 41.24403521902)
2014826923,14-015807,11/08/2014,11-November,7-Saturday,17:58,1700 Hours,District 5 (Southeast),,APPANOOSE,,Co Rd J46/HWY J46,Collision with:  Animal,,,Animal,None Indicated,,,,,,,Paved,,Property Damage Only,0,0,0,0,0,0,1500,1,1,,POINT (-92.897805911585 40.696368537391)
2014825779,20140033332,11/08/2014,11-November,7-Saturday,10:00,1000 Hours,District 1 (Central),DES MOINES,POLK,I-235,I-235 & SCHOOL ST & 2ND AVE,Collision with:  Vehicle in traffic,On Roadway,Broadside (front to side),Ran Traffic Signal,None Indicated,,Daylight,Dry,Cloudy,None apparent,Intersection:  Four-way intersection,Paved,,Property Damage Only,0,0,0,0,0,0,11000,2,3,,POINT (-93.619793815341 41.595201716381)
2014828018,,11/08/2014,11-November,7-Saturday,17:15,1700 Hours,District 2 (Northeast),,BREMER,,Co Rd C50/JOPLIN AVE,Collision with:  Animal,On Roadway,Non-collision (single vehicle),Animal,None Indicated,,Dusk,Dry,Clear,,Non-intersection:  Non-junction/no special feature,Paved,,Property Damage Only,0,0,0,0,0,0,3000,1,1,,POINT (-92.376669223826 42.655093644467)
2014826518,1400000983,11/08/2014,11-November,7-Saturday,22:32,2200 Hours,District 1 (Central),,MARSHALL,,PARKER AVE,Collision with fixed object:  Ditch,Unknown,Non-collision (single vehicle),Ran off road - right,None Indicated,,Dark - roadway not lighted,Dry,Cloudy,None apparent,Non-intersection:  Non-junction/no special feature,Unpaved,,Property Damage Only,0,0,0,0,0,0,1500,1,1,,POINT (-92.941222850124 41.997163841428)
2014826023,14-047471,11/08/2014,11-November,7-Saturday,11:01,1100 Hours,District 4 (Southwest),COUNCIL BLUFFS,POTTAWATTAMIE,US 6,US 6/KANESVILLE BLVD,Collision with:  Non-motorist (see non-motorist section - NOT a unit),Outside trafficway,Non-collision (single vehicle),FTYROW:  To pedestrian,None Indicated,,Daylight,Dry,Cloudy,None apparent,Non-intersection:  Driveway access (within),Paved,,Minor Injury,0,1,0,1,0,0,200,1,1,,POINT (-95.810203117161 41.279379272785)
2014825912,14-014632,11/08/2014,11-November,7-Saturday,00:57,0000 Hours,District 4 (Southwest),GLENWOOD,MILLS,,10TH ST & N VINE ST,Collision with fixed object:  Curb/island/raised median,Roadside,Non-collision (single vehicle),Ran off road - right,None Indicated,,Dark - roadway lighted,Dry,Clear,None apparent,Non-intersection:  Other non-intersection (explain in narrative),Paved,,Property Damage Only,0,0,0,0,0,0,1700,1,1,,POINT (-95.742110133817 41.05588502335)
2014850878,14009059,11/08/2014,11-November,7-Saturday,19:05,1900 Hours,District 5 (Southeast),,LOUISA,US 61,US 61,Collision with:  Animal,,,Animal,None Indicated,,,,,,,Paved,,Property Damage Only,0,0,0,0,0,0,3000,1,1,,POINT (-91.180223357802 41.10517265867)
2014825772,20140033388,11/08/2014,11-November,7-Saturday,19:43,1900 Hours,District 5 (Southeast),DES MOINES,WARREN,US 65,US 65,Collision with:  Vehicle in traffic,On Roadway,Rear-end (front to rear),Other (explain in narrative):  Other,Alcohol (Statutory),,Dark - roadway not lighted,Dry,Clear,None apparent,Non-intersection:  Non-junction/no special feature,Paved,,Minor Injury,0,2,0,2,0,0,10000,2,2,,POINT (-93.561809615458 41.508705158059)
2014825705,W14-111078,11/08/2014,11-November,7-Saturday,20:29,2000 Hours,District 2 (Northeast),WATERLOO,BLACK HAWK,,DUBUQUE RD & ROOFF AVE,Collision with:  Animal,On Roadway,Non-collision (single vehicle),Animal,None Indicated,,Dark - roadway not lighted,Dry,Clear,None apparent,Non-intersection:  Non-junction/no special feature,Paved,,Property Damage Only,0,0,0,0,0,0,2000,1,3,,POINT (-92.304012977019 42.488682022932)
2014828874,14110186,11/08/2014,11-November,7-Saturday,07:02,0700 Hours,District 5 (Southeast),,WAPELLO,,138TH ST,Collision with:  Animal,,,Animal,None Indicated,,,,,,,Paved,,Property Damage Only,0,0,0,0,0,0,1500,1,1,,POINT (-92.429635839942 41.086282339191)
2014826460,14-40088,11/08/2014,11-November,7-Saturday,05:47,0500 Hours,District 5 (Southeast),,DES MOINES,US 61,US 61,Collision with:  Animal,,,Animal,None Indicated,,,,,,,Paved,,Property Damage Only,0,0,0,0,0,0,2000,1,1,,POINT (-91.191308195563 40.72939195452)
2014826593,2014-77906,11/08/2014,11-November,7-Saturday,22:11,2200 Hours,District 6 (East Central),DAVENPORT,SCOTT,,E 4TH ST,Collision with fixed object:  Bridge overhead structure,On Roadway,Non-collision (single vehicle),Other (explain in narrative):  Disregarded Warning Sign,None Indicated,,Dark - roadway lighted,Dry,Clear,None apparent,Non-intersection:  Other non-intersection (explain in narrative),Paved,,Property Damage Only,0,0,0,0,0,0,4000,1,1,,POINT (-90.571421810768 41.523509294313)
2014826792,2014062752,11/08/2014,11-November,7-Saturday,20:17,2000 Hours,District 4 (Southwest),,POTTAWATTAMIE,I-680,I-680,Collision with:  Animal,,,Animal,None Indicated,,,,,,,Paved,,Property Damage Only,0,0,0,0,0,0,6000,1,1,,POINT (-95.8865031389 41.495457465356)
2014826458,14-1373,11/08/2014,11-November,7-Saturday,17:23,1700 Hours,District 1 (Central),CLIVE,POLK,,UNIVERSITY AVE,Collision with:  Vehicle in traffic,On Roadway,Broadside (front to side),Ran Traffic Signal,None Indicated,,Dark - roadway lighted,Dry,Clear,None apparent,Intersection:  Four-way intersection,Paved,,Possible/Unknown,0,1,0,0,1,0,6000,2,4,,POINT (-93.738270304395 41.600428702202)
2014827101,RJT11081401,11/08/2014,11-November,7-Saturday,06:25,0600 Hours,District 5 (Southeast),OSCEOLA,CLARKE,,TRURO PAVEMENT,Collision with:  Animal,On Roadway,Non-collision (single vehicle),Animal,None Indicated,,Dawn,Dry,Cloudy,None apparent,Interchange-related:  On-ramp,Paved,,Property Damage Only,0,0,0,0,0,0,3000,1,2,,POINT (-93.780120857738 41.069171991886)
2014825960,2014-039461,11/08/2014,11-November,7-Saturday,17:36,1700 Hours,District 6 (East Central),DUBUQUE,DUBUQUE,,ASBURY RD,Collision with:  Non-motorist (see non-motorist section - NOT a unit),On Roadway,Non-collision (single vehicle),Other (explain in narrative):  No improper action,None Indicated,,Dark - roadway not lighted,Dry,Clear,None apparent,Non-intersection:  Non-junction/no special feature,Paved,,Minor Injury,0,1,0,1,0,0,0,1,1,,POINT (-90.697301468276 42.501445563285)
2014827061,2014-039482,11/08/2014,11-November,7-Saturday,06:40,0600 Hours,District 6 (East Central),DUBUQUE,DUBUQUE,,HARBOR ST & SHIRAS AVE EXT,Collision with fixed object:  Traffic sign support,Outside trafficway,Non-collision (single vehicle),Ran off road - straight,Alcohol (Statutory),,Dawn,Dry,Clear,None apparent,Intersection:  T-intersection,Paved,,Property Damage Only,0,0,0,0,0,0,2900,1,1,,POINT (-90.646531544431 42.527636369767)
2014826915,14-007747,11/08/2014,11-November,7-Saturday,02:10,0200 Hours,District 1 (Central),STANHOPE,HAMILTON,,320TH ST,Collision with fixed object:  Tree,Gore,Non-collision (single vehicle),Swerving/Evasive Action,None Indicated,,Dark - roadway not lighted,Dry,Rain,None apparent,Non-intersection:  Non-junction/no special feature,Unpaved,,Minor Injury,0,1,0,1,0,0,3000,1,1,,POINT (-93.804102801564 42.32514696868)
2014825699,W14-110839,11/08/2014,11-November,7-Saturday,00:15,0000 Hours,District 2 (Northeast),WATERLOO,BLACK HAWK,US 218,US 218/WASHINGTON ST & FLETCHER AVE,Unknown,On Roadway,Non-collision (single vehicle),Lost Control,Alcohol (Statutory),,Dark - roadway lighted,Dry,Severe winds,Unknown,Non-intersection:  Non-junction/no special feature,Paved,,Property Damage Only,0,0,0,0,0,0,5000,1,1,,POINT (-92.366718577631 42.502869624834)
2014827015,14-37038,11/08/2014,11-November,7-Saturday,13:05,1300 Hours,District 3 (Northwest),SIOUX CITY,WOODBURY,,6TH AVE,Collision with:  Parked motor vehicle,On Roadway,"Sideswipe, same direction",Other (explain in narrative):  Other,None Indicated,,Daylight,Dry,Clear,None apparent,Non-intersection:  Non-junction/no special feature,Paved,,Property Damage Only,0,0,0,0,0,0,2650,2,1,,POINT (-96.346158910391 42.467344521754)
2014825778,20140033331,11/08/2014,11-November,7-Saturday,09:41,0900 Hours,District 1 (Central),DES MOINES,POLK,US 6,US 6/MERLE HAY RD,Collision with:  Vehicle in traffic,On Roadway,Broadside (front to side),FTYROW:  From driveway,None Indicated,,Daylight,Dry,Cloudy,None apparent,Non-intersection:  Driveway access (within),Paved,,Property Damage Only,0,0,0,0,0,0,3900,2,3,,POINT (-93.69777767983 41.628901142326)
2014827995,,11/08/2014,11-November,7-Saturday,20:00,2000 Hours,District 6 (East Central),CLINTON,CLINTON,US 30,US 30,Collision with:  Animal,On Roadway,Non-collision (single vehicle),Animal,None Indicated,,Dark - roadway not lighted,Dry,Clear,,Non-intersection:  Non-junction/no special feature,Paved,,Property Damage Only,0,0,0,0,0,0,2703,1,2,,POINT (-90.267212793608 41.815280942361)
2014826964,14-171108-01,11/08/2014,11-November,7-Saturday,17:15,1700 Hours,District 6 (East Central),,IOWA,US 151,US 151/42ND AVE,Collision with:  Animal,,,Animal,None Indicated,,,,,,,Paved,,Property Damage Only,0,0,0,0,0,0,3000,1,1,,POINT (-91.863714579625 41.774278382941)
2014825773,20140033393,11/08/2014,11-November,7-Saturday,20:52,2000 Hours,District 1 (Central),DES MOINES,POLK,,E ARMY POST RD & SE 5TH ST,Collision with:  Vehicle in traffic,On Roadway,Broadside (front to side),FTYROW:  Making left turn,None Indicated,,Dark - roadway lighted,Unknown,Cloudy,None apparent,Intersection:  Four-way intersection,Paved,,Property Damage Only,0,0,0,0,0,0,1800,2,4,,POINT (-93.606442994277 41.52635808595)
2014829076,201405317,11/08/2014,11-November,7-Saturday,20:05,2000 Hours,District 1 (Central),,BOONE,US 169,US 169/D AVE,Collision with:  Animal,,,Animal,None Indicated,,,,,,,Paved,,Property Damage Only,0,0,0,0,0,0,3500,1,1,,POINT (-94.105784698379 42.146276308193)
2014825864,14-46853,11/08/2014,11-November,7-Saturday,18:24,1800 Hours,District 5 (Southeast),MUSCATINE,MUSCATINE,US 61,US 61 & ISETT AVE,Collision with:  Vehicle in traffic,On Roadway,Rear-end (front to rear),Animal,None Indicated,,Dark - roadway not lighted,Dry,Clear,None apparent,Non-intersection:  Alley,Paved,,Property Damage Only,0,0,0,0,0,0,4500,2,3,,POINT (-91.04214650816 41.451789793312)
2014832270,14046849,11/08/2014,11-November,7-Saturday,17:35,1700 Hours,District 5 (Southeast),WEST LIBERTY,MUSCATINE,US 6,US 6,Non-collision events:  Other non-collision (explain in narrative),On Roadway,Non-collision (single vehicle),Swerving/Evasive Action,Alcohol (< Statutory),,Dark - roadway not lighted,Dry,Cloudy,None apparent,Non-intersection:  Non-junction/no special feature,Paved,,Property Damage Only,0,0,0,0,0,0,8100,1,1,,POINT (-91.331077774067 41.586379152687)
2014828171,14-027578,11/08/2014,11-November,7-Saturday,21:06,2100 Hours,District 5 (Southeast),,MARION,,Co Rd S45/HWY 181,Collision with:  Animal,,,Animal,None Indicated,,,,,,,Paved,,Property Damage Only,0,0,0,0,0,0,6500,1,1,,POINT (-93.26186616926 41.324466425739)
2014826404,14-005290,11/08/2014,11-November,7-Saturday,19:34,1900 Hours,District 1 (Central),AMES,STORY,,LINCOLN WAY & S RUSSELL AVE & N RUSSELL AVE,Collision with:  Vehicle in traffic,On Roadway,Broadside (front to side),FTYROW:  From stop sign,None Indicated,,Dark - roadway lighted,Dry,Clear,None apparent,Intersection:  Four-way intersection,Paved,,Minor Injury,0,1,0,1,0,0,11000,2,3,,POINT (-93.6283627694 42.022848181583)
2014825748,14-7405,11/08/2014,11-November,7-Saturday,01:01,0100 Hours,District 1 (Central),DES MOINES,POLK,I-35,I-35 & IA 28/MERLE HAY RD,Collision with:  Vehicle in traffic,On Roadway,Broadside (front to side),Ran Traffic Signal,Alcohol (Statutory),,Dark - roadway lighted,Dry,Cloudy,None apparent,Intersection:  Four-way intersection,Paved,,Property Damage Only,0,0,0,0,0,0,8000,2,3,,POINT (-93.697671017511 41.651293576711)
2014826583,14-015840,11/08/2014,11-November,7-Saturday,19:30,1900 Hours,District 2 (Northeast),WESTGATE,FAYETTE,,Co Rd V62/Y AVE,Collision with:  Animal,,,Animal,None Indicated,,,,,,,Paved,,Property Damage Only,0,0,0,0,0,0,1500,1,1,,POINT (-92.081621951233 42.790954384879)
2014826681,,11/08/2014,11-November,7-Saturday,17:40,1700 Hours,District 1 (Central),COLFAX,JASPER,IA 117,IA 117/IOWA 117 N,Collision with:  Vehicle in traffic,On Roadway,Broadside (front to side),FTYROW:  From driveway,None Indicated,,Dark - roadway lighted,Dry,Clear,None apparent,Non-intersection:  Driveway access (within),Paved,,Property Damage Only,0,0,0,0,0,0,6000,2,4,,POINT (-93.246668415476 41.697389449568)
2014826574,1108143A,11/08/2014,11-November,7-Saturday,13:38,1300 Hours,District 4 (Southwest),,PAGE,,150 ST,Collision with fixed object:  Ditch,On Roadway,Non-collision (single vehicle),"Operating vehicle in an reckless, erratic, careless, negligent manner",None Indicated,,Daylight,"Mud, dirt",Clear,None apparent,Non-intersection:  Non-junction/no special feature,Unpaved,,Possible/Unknown,0,1,0,0,1,0,11000,1,1,,POINT (-95.122515370326 40.8283907959)
2014825959,2014-039460,11/08/2014,11-November,7-Saturday,17:48,1700 Hours,District 6 (East Central),DUBUQUE,DUBUQUE,IA 32,IA 32/IA32 NW ARTERIAL,Non-collision events:  Other non-collision (explain in narrative),On Roadway,Non-collision (single vehicle),Other (explain in narrative):  No improper action,None Indicated,,Dark - roadway not lighted,Dry,Cloudy,None apparent,Non-intersection:  Non-junction/no special feature,Paved,,Property Damage Only,0,0,0,0,0,0,4000,1,4,,POINT (-90.733885959689 42.522274853477)
2014828497,153-2014,11/08/2014,11-November,7-Saturday,22:39,2200 Hours,District 4 (Southwest),,HARRISON,,Co Rd F32/194TH ST,Collision with fixed object:  Ditch,Unknown,Non-collision (single vehicle),Driving too fast for conditions,None Indicated,,Dark - roadway not lighted,Dry,Cloudy,None apparent,Non-intersection:  Non-junction/no special feature,Paved,,Minor Injury,0,1,0,1,0,0,40000,1,1,,POINT (-95.649950257079 41.729109189672)
2014825968,2014012569,11/08/2014,11-November,7-Saturday,17:47,1700 Hours,District 6 (East Central),IOWA CITY,JOHNSON,US 6,US 6,Collision with:  Vehicle in traffic,On Roadway,Rear-end (front to rear),Followed too close,None Indicated,,Dark - roadway lighted,Dry,Clear,None apparent,Intersection:  Four-way intersection,Paved,,Property Damage Only,0,0,0,0,0,0,5000,3,6,,POINT (-91.54272422535 41.663717319398)
2014825830,2014-22857,11/08/2014,11-November,7-Saturday,01:34,0100 Hours,District 6 (East Central),,SCOTT,,Co Rd Z30/240 AVE,Non-collision events:  Overturn/rollover,On Roadway,Non-collision (single vehicle),Over correcting/over steering,None Indicated,,Dark - roadway not lighted,Wet,Cloudy,"Surface condition (e.g., wet, icy)",Non-intersection:  Non-junction/no special feature,Paved,,Major Injury,0,1,1,0,0,0,1601,1,1,,POINT (-90.432467424863 41.711807665163)
2014826841,201400004103,11/08/2014,11-November,7-Saturday,21:25,2100 Hours,District 6 (East Central),,LINN,I-380,I-380,Collision with:  Animal,,,Animal,None Indicated,,,,,,,Paved,,Property Damage Only,0,0,0,0,0,0,2500,1,1,,POINT (-91.752277085512 42.154457028167)
2014825826,14-22868,11/08/2014,11-November,7-Saturday,05:03,0500 Hours,District 6 (East Central),BUFFALO,SCOTT,,4TH ST & FRANKLIN ST,Non-collision events:  Other non-collision (explain in narrative),On Roadway,Non-collision (single vehicle),Ran off road - left,Alcohol (Statutory),,Dark - roadway lighted,Dry,Clear,None apparent,Intersection:  Four-way intersection,Paved,,Property Damage Only,0,0,0,0,0,0,5000,1,1,,POINT (-90.727140504516 41.457964724073)
2014825824,BP14000909,11/08/2014,11-November,7-Saturday,00:50,0000 Hours,District 2 (Northeast),BELMOND,WRIGHT,US 69,US 69,Collision with:  Animal,On Roadway,Non-collision (single vehicle),Animal,None Indicated,,Dark - roadway not lighted,Dry,Cloudy,None apparent,Non-intersection:  Non-junction/no special feature,Paved,,Property Damage Only,0,0,0,0,0,0,1500,1,1,,POINT (-93.616679539283 42.86439778435)
2014826995,S14-11555,11/08/2014,11-November,7-Saturday,16:24,1600 Hours,District 3 (Northwest),OTO,WOODBURY,,Co Rd D54/DEER RUN TRL,Non-collision events:  Overturn/rollover,On Roadway,Non-collision (single vehicle),Swerving/Evasive Action,None Indicated,,Dusk,Dry,Clear,None apparent,Non-intersection:  Non-junction/no special feature,Paved,,Major Injury,0,1,1,0,0,0,5000,1,2,,POINT (-96.035330471961 42.327966232456)
2014825788,20140033412,11/08/2014,11-November,7-Saturday,23:35,2300 Hours,District 1 (Central),DES MOINES,POLK,,CORNELL ST,Collision with:  Vehicle in traffic,On Roadway,Rear-end (front to rear),Exceeded authorized speed,Alcohol (Statutory),,Dark - roadway lighted,Dry,Clear,None apparent,Non-intersection:  Non-junction/no special feature,Paved,,Property Damage Only,0,0,0,0,0,0,9000,2,2,,POINT (-93.615101979964 41.62296915325)
2014827214,,11/08/2014,11-November,7-Saturday,17:43,1700 Hours,District 5 (Southeast),FORT MADISON,LEE,,AVE E,Collision with:  Parked motor vehicle,On Roadway,"Sideswipe, same direction",Unknown,None Indicated,,Dark - roadway lighted,Dry,Clear,Unknown,Unknown,Paved,,Property Damage Only,0,0,0,0,0,0,2000,2,1,,POINT (-91.325334802909 40.633153954626)
2014826790,2014062749,11/08/2014,11-November,7-Saturday,19:45,1900 Hours,District 4 (Southwest),,CASS,I-80,I-80,Collision with:  Animal,,,Animal,None Indicated,,,,,,,Paved,,Property Damage Only,0,0,0,0,0,0,3500,1,1,,POINT (-95.014569706773 41.497240238037)
2014826933,2014062777,11/08/2014,11-November,7-Saturday,22:53,2200 Hours,District 1 (Central),WEBSTER CITY,HAMILTON,,INKPADUTA AVE,Collision with fixed object:  Ditch,Gore,Non-collision (single vehicle),Driving too fast for conditions,Drug,,Dark - roadway not lighted,"Mud, dirt",Cloudy,None apparent,Non-intersection:  Driveway access (within),Unpaved,,Possible/Unknown,0,3,0,0,3,0,20000,1,3,,POINT (-93.816274168796 42.419750003337)
2014826916,14-13085,11/08/2014,11-November,7-Saturday,15:55,1500 Hours,District 3 (Northwest),,SIOUX,,Co Rd B20/340TH ST & Co Rd K18/CHESTNUT AVE,Collision with:  Vehicle in traffic,On Roadway,"Sideswipe, same direction",Followed too close,None Indicated,,Daylight,Dry,Clear,None apparent,Non-intersection:  Non-junction/no special feature,Paved,,Property Damage Only,0,0,0,0,0,0,9000,2,4,,POINT (-96.43224614513 43.156638004469)
2014829219,,11/08/2014,11-November,7-Saturday,16:50,1600 Hours,District 2 (Northeast),,ALLAMAKEE,,Co Rd W60/OLD STAGE RD & PICNIC WOODS DR,Collision with:  Animal,On Roadway,Non-collision (single vehicle),Animal,None Indicated,,Dusk,Dry,Cloudy,,Non-intersection:  Non-junction/no special feature,Paved,,Property Damage Only,0,0,0,0,0,0,13033,1,2,,POINT (-91.526748114025 43.226064849544)
2014826143,148605,11/08/2014,11-November,7-Saturday,09:00,0900 Hours,District 4 (Southwest),,DALLAS,US 6,US 6/N AVE,Collision with:  Vehicle in traffic,On Roadway,"Sideswipe, opposite direction",Unknown,None Indicated,,Daylight,Dry,Clear,None apparent,Non-intersection:  Non-junction/no special feature,Paved,,Property Damage Only,0,0,0,0,0,0,4000,2,2,,POINT (-94.012740201488 41.57349671421)
2014825727,J14000912,11/08/2014,11-November,7-Saturday,20:04,2000 Hours,District 6 (East Central),,JOHNSON,IA 1,IA 1/IOWA 1,Collision with:  Animal,On Roadway,Non-collision (single vehicle),Animal,None Indicated,,Dark - roadway not lighted,Dry,Cloudy,None apparent,Non-intersection:  Non-junction/no special feature,Paved,,Minor Injury,0,1,0,1,0,0,10000,1,1,,POINT (-91.481957672594 41.712341892607)
2014826427,CL14003982,11/08/2014,11-November,7-Saturday,18:22,1800 Hours,District 6 (East Central),CLINTON,CLINTON,US 30,US 30/S 3RD ST/8TH AVE S & US 67,Collision with:  Vehicle in traffic,On Roadway,Broadside (front to side),Ran Traffic Signal,None Indicated,,Dark - roadway lighted,Dry,Cloudy,None apparent,Intersection:  Four-way intersection,Paved,,Property Damage Only,0,0,0,0,0,0,8000,2,6,,POINT (-90.19071038723 41.837812572707)
2014826501,14009999,11/08/2014,11-November,7-Saturday,20:20,2000 Hours,District 6 (East Central),,BUCHANAN,,105TH ST,Collision with:  Animal,,,Animal,None Indicated,,,,,,,Unpaved,,Property Damage Only,0,0,0,0,0,0,5000,1,1,,POINT (-91.879252036837 42.636132651899)
2014850877,14009057,11/08/2014,11-November,7-Saturday,18:00,1800 Hours,District 5 (Southeast),,LOUISA,IA 92,IA 92/IOWA 92,Collision with:  Animal,On Roadway,Non-collision (single vehicle),Animal,None Indicated,,,,,,,Paved,,Property Damage Only,0,0,0,0,0,0,2500,1,1,,POINT (-91.388994921069 41.281134920726)
2014828367,4514-049,11/08/2014,11-November,7-Saturday,17:24,1700 Hours,District 2 (Northeast),,HOWARD,US 63,US 63,Collision with:  Animal,,Non-collision (single vehicle),Animal,None Indicated,,,,,,,Paved,,Property Damage Only,0,0,0,0,0,0,7000,1,1,,POINT (-92.29884949324 43.239760729072)
2014825915,14-0636,11/08/2014,11-November,7-Saturday,17:46,1700 Hours,District 1 (Central),,WEBSTER,,Co Rd P59/QUAIL AVE,Collision with:  Animal,,,Animal,None Indicated,,,,,,,Paved,,Property Damage Only,0,0,0,0,0,0,2500,1,1,,POINT (-94.125972304085 42.459507591503)