Iowa DOT Case Number,Law Enforcement Case Number,Date of Crash,Month of Crash,Day of Week,Time of Crash,Hour,DOT District,City Name,County Name,Route with System,Location Description,First Harmful Event,Location of First Harmful Event,Manner of Crash/Collision,Major Cause,Drug or Alcohol ,Environmental Conditions,Light Conditions,Surface Conditions,Weather Conditions,Roadway Contribution,Roadway Type,Roadway Surface,Work Zone,Crash Severity,Number of Fatalities,Number of Injuries,Number of Major Injuries,Number of Minor Injuries,Number of Possible Injuries,Number of Unknown Injuries,Amount of Property Damage,Number of Vehicles Involved,Total Number of Occupants,Travel Direction,Location
2014825862,14-40196,11/09/2014,11-November,1-Sunday,05:40,0500 Hours,District 5 (Southeast),BURLINGTON,DES MOINES,,OAK ST,Collision with:  Vehicle in traffic,On Roadway,Rear-end (front to rear),Lost Control,Alcohol (Statutory),,Dark - roadway lighted,Dry,Cloudy,None apparent,Non-intersection:  Non-junction/no special feature,Paved,,Property Damage Only,0,0,0,0,0,0,8000,3,1,,POINT (-91.109378267906 40.82343585889)
2014825765,20140033440,11/09/2014,11-November,1-Sunday,06:45,0600 Hours,District 5 (Southeast),DES MOINES,WARREN,IA 5,IA 5/IOWA 5 & FLEUR DR,Collision with:  Animal,On Roadway,Non-collision (single vehicle),Animal,None Indicated,,Dawn,Dry,Cloudy,None apparent,Non-intersection:  Other non-intersection (explain in narrative),Paved,,Property Damage Only,0,0,0,0,0,0,10000,1,1,,POINT (-93.644947922452 41.507584423681)
2014826165,169-14,11/09/2014,11-November,1-Sunday,21:49,2100 Hours,District 3 (Northwest),ROCK VALLEY,SIOUX,,14TH ST,Collision with:  Vehicle in traffic,On Roadway,Rear-end (front to rear),Lost Control,None Indicated,,Dark - roadway lighted,Dry,Clear,None apparent,Non-intersection:  Non-junction/no special feature,Paved,,Possible/Unknown,0,1,0,0,1,0,15000,2,1,,POINT (-96.289516536602 43.204170841634)
2014850965,14-009086,11/09/2014,11-November,1-Sunday,20:05,2000 Hours,District 5 (Southeast),,LOUISA,IA 78,IA 78/IOWA 78 & L AVE,Collision with:  Animal,,,Animal,None Indicated,,,,,,,Paved,,Property Damage Only,0,0,0,0,0,0,3500,1,1,,POINT (-91.217012962712 41.088291532188)
2014826899,201416841,11/09/2014,11-November,1-Sunday,13:20,1300 Hours,District 6 (East Central),CEDAR RAPIDS,LINN,,NORTHLAND AVE NE,Collision with:  Vehicle in traffic,On Roadway,Broadside (front to side),FTYROW:  From stop sign,None Indicated,,Daylight,Dry,Cloudy,None apparent,Intersection:  T-intersection,Paved,,Property Damage Only,0,0,0,0,0,0,3000,2,6,,POINT (-91.631667132198 42.028291043516)
2014827196,,11/09/2014,11-November,1-Sunday,19:37,1900 Hours,District 2 (Northeast),SUMNER,FAYETTE,IA 93,IA 93/150TH ST,Collision with:  Animal,On Roadway,Non-collision (single vehicle),Animal,None Indicated,,Dark - roadway not lighted,Dry,Clear,None apparent,Non-intersection:  Non-junction/no special feature,Paved,,Property Damage Only,0,0,0,0,0,0,5000,1,2,,POINT (-92.073074899628 42.847474722423)
2014827796,80-14-355,11/09/2014,11-November,1-Sunday,01:45,0100 Hours,District 2 (Northeast),HUMBOLDT,HUMBOLDT,,2ND AVE N,Unknown,On Roadway,Broadside (front to side),Unknown,None Indicated,,Unknown,Dry,Unknown,None apparent,Non-intersection:  Non-junction/no special feature,Paved,,Property Damage Only,0,0,0,0,0,0,2200,2,1,,POINT (-94.203055889864 42.72365007783)
2014825904,14-47620,11/09/2014,11-November,1-Sunday,12:21,1200 Hours,District 4 (Southwest),COUNCIL BLUFFS,POTTAWATTAMIE,,16TH AVE & S 8TH ST,Collision with:  Vehicle in traffic,On Roadway,Broadside (front to side),FTYROW:  From stop sign,None Indicated,,Daylight,Dry,Cloudy,None apparent,Intersection:  Four-way intersection,Paved,,Property Damage Only,0,0,0,0,0,0,7100,2,2,,POINT (-95.856147038424 41.246590369868)
2014826966,14-171109-01,11/09/2014,11-November,1-Sunday,19:15,1900 Hours,District 6 (East Central),,IOWA,,Co Rd F52/F52 TRL,Collision with:  Animal,,,Animal,None Indicated,,,,,,,Paved,,Property Damage Only,0,0,0,0,0,0,4000,1,1,,POINT (-91.906653750281 41.590655579676)
2014827747,2014-77948,11/09/2014,11-November,1-Sunday,01:52,0100 Hours,District 6 (East Central),DAVENPORT,SCOTT,,IOWA ST,Collision with:  Vehicle in traffic,On Roadway,Broadside (front to side),FTYROW:  Making left turn,None Indicated,,Dark - roadway lighted,Dry,Clear,None apparent,Non-intersection:  Driveway access (within),Paved,,Property Damage Only,0,0,0,0,0,0,6000,2,4,,POINT (-90.569725105154 41.524013816674)
2014844106,90-14-000395,11/09/2014,11-November,1-Sunday,21:55,2100 Hours,District 2 (Northeast),,HUMBOLDT,,Co Rd P56/K RD,Unknown,On Roadway,Non-collision (single vehicle),"Operating vehicle in an reckless, erratic, careless, negligent manner",Alcohol (Statutory),,Dark - roadway not lighted,Dry,Cloudy,None apparent,Intersection:  Y-intersection,Paved,,Minor Injury,0,1,0,1,0,0,250,1,1,,POINT (-94.178959113654 42.775285112055)
2014825863,14-40274,11/09/2014,11-November,1-Sunday,21:51,2100 Hours,District 5 (Southeast),BURLINGTON,DES MOINES,US 61,US 61 & MASON RD,Collision with:  Vehicle in traffic,On Roadway,"Angle, oncoming left turn",FTYROW:  Making left turn,Alcohol (Statutory),,Dark - roadway lighted,Dry,Clear,None apparent,Intersection:  Four-way intersection,Paved,,Property Damage Only,0,0,0,0,0,0,4500,2,3,,POINT (-91.141700200115 40.796766514429)
2014826363,14-017034,11/09/2014,11-November,1-Sunday,08:25,0800 Hours,District 3 (Northwest),SPENCER,CLAY,US 18,US 18/HIGHWAY BLVD,Collision with:  Vehicle in traffic,On Roadway,Rear-end (front to rear),Driver Distraction:  Inattentive/lost in thought,None Indicated,,Daylight,Dry,Cloudy,None apparent,Non-intersection:  Non-junction/no special feature,Paved,,Property Damage Only,0,0,0,0,0,0,3500,2,3,,POINT (-95.147686074104 43.165665842165)
2014828066,20140033503,11/09/2014,11-November,1-Sunday,22:24,2200 Hours,District 1 (Central),DES MOINES,POLK,,OAK PARK AVE,Collision with:  Vehicle in traffic,On Roadway,"Sideswipe, opposite direction",Unknown,None Indicated,,Dark - roadway lighted,Dry,Clear,None apparent,Non-intersection:  Non-junction/no special feature,Paved,,Property Damage Only,0,0,0,0,0,0,5100,2,2,,POINT (-93.629278865128 41.626684450951)
2014828180,1400000985,11/09/2014,11-November,1-Sunday,11:19,1100 Hours,District 1 (Central),,MARSHALL,,Co Rd E41/230TH ST & CANFIELD AVE,Collision with:  Vehicle in traffic,On Roadway,"Sideswipe, same direction",Crossed centerline (undivided),None Indicated,,Daylight,Dry,Clear,None apparent,Intersection:  Four-way intersection,Paved,,Possible/Unknown,0,1,0,0,1,0,5210,2,2,,POINT (-93.194361757329 42.022142898035)
2014830403,20140033443,11/09/2014,11-November,1-Sunday,07:40,0700 Hours,District 1 (Central),DES MOINES,POLK,,SW 3RD ST & W MLK JR PKWY,Collision with:  Vehicle in traffic,On Roadway,Broadside (front to side),Ran Traffic Signal,None Indicated,,Daylight,Dry,Cloudy,None apparent,Intersection:  Four-way intersection,Paved,,Major Injury,0,3,1,0,2,0,10000,2,3,,POINT (-93.619285563757 41.582197985324)
2014826462,14-40216,11/09/2014,11-November,1-Sunday,11:32,1100 Hours,District 5 (Southeast),,DES MOINES,,Co Rd X27/220TH AVE & 210TH ST,Collision with:  Vehicle in traffic,On Roadway,"Angle, oncoming left turn",FTYROW:  From stop sign,None Indicated,,Daylight,"Mud, dirt",Clear,None apparent,Intersection:  Four-way intersection,Unpaved,,Minor Injury,0,1,0,1,0,0,20000,2,2,,POINT (-91.352453031653 40.98707154133)
2014825964,2014062831,11/09/2014,11-November,1-Sunday,14:03,1400 Hours,District 1 (Central),,HAMILTON,US 20,US 20/235TH ST & Co Rd R19/CHASE AVE,Collision with:  Vehicle in traffic,On Roadway,"Sideswipe, same direction",Swerving/Evasive Action,None Indicated,,Daylight,Dry,Cloudy,None apparent,Intersection:  Other intersection (explain in narrative),Paved,,Property Damage Only,0,0,0,0,0,0,2000,2,3,,POINT (-93.931850558998 42.450686462572)
2014828900,2014-77935,11/09/2014,11-November,1-Sunday,00:08,0000 Hours,District 6 (East Central),DAVENPORT,SCOTT,,WASHINGTON ST,Collision with:  Non-motorist (see non-motorist section - NOT a unit),On Roadway,Non-collision (single vehicle),Other (explain in narrative):  Other,Alcohol (Statutory),,Dark - roadway lighted,Dry,Clear,None apparent,Non-intersection:  Non-junction/no special feature,Paved,,Fatal,1,0,0,0,0,0,3000,1,1,,POINT (-90.596212182969 41.538539796432)
2014829680,201400004112,11/09/2014,11-November,1-Sunday,08:34,0800 Hours,District 6 (East Central),,LINN,,RING RD & ROLLING ACRES RD,Non-collision events:  Jackknife,Roadside,Non-collision (single vehicle),Swerving/Evasive Action,None Indicated,,Daylight,"Mud, dirt",Cloudy,None apparent,Intersection:  T-intersection,Unpaved,,Property Damage Only,0,0,0,0,0,0,4000,1,1,,POINT (-91.807596538162 42.233417044299)
2014826595,2014-78065,11/09/2014,11-November,1-Sunday,21:08,2100 Hours,District 6 (East Central),DAVENPORT,SCOTT,,IA 461/WELCOME WAY,Collision with:  Animal,,,Animal,None Indicated,,,,,,,Paved,,Property Damage Only,0,0,0,0,0,0,3000,1,1,,POINT (-90.57163449064 41.576741552862)
2014835869,14-1316,11/09/2014,11-November,1-Sunday,14:30,1400 Hours,District 1 (Central),PLEASANT HILL,POLK,US 65,US 65,Collision with:  Vehicle in traffic,On Roadway,Rear-end (front to rear),Ran off road - right,None Indicated,,Daylight,Dry,Cloudy,None apparent,Non-intersection:  Non-junction/no special feature,Paved,,Possible/Unknown,0,1,0,0,1,0,14000,2,1,,POINT (-93.502758233547 41.586153321387)
2014826214,S14-K0902,11/09/2014,11-November,1-Sunday,17:26,1700 Hours,District 5 (Southeast),,CLARKE,US 69,US 69,Collision with:  Animal,,,Animal,None Indicated,,,,,,,Paved,,Property Damage Only,0,0,0,0,0,0,8000,1,1,,POINT (-93.768440759439 41.007491178088)
2014825903,14-047616,11/09/2014,11-November,1-Sunday,11:35,1100 Hours,District 4 (Southwest),COUNCIL BLUFFS,POTTAWATTAMIE,US 6,US 6/W BROADWAY & N 18TH ST,Collision with:  Vehicle in traffic,On Roadway,Rear-end (front to rear),Followed too close,None Indicated,,Daylight,Dry,Clear,None apparent,Non-intersection:  Non-junction/no special feature,Paved,,Possible/Unknown,0,1,0,0,1,0,5000,2,3,,POINT (-95.87074154805 41.26185313745)
2014827074,2014-13708,11/09/2014,11-November,1-Sunday,18:25,1800 Hours,District 6 (East Central),PEOSTA,DUBUQUE,US 20,US 20 & COTTINGHAM RD,Collision with:  Animal,,,Animal,None Indicated,,,,,,,Paved,,Property Damage Only,0,0,0,0,0,0,1500,1,1,,POINT (-90.800689151111 42.439854584251)
2014850923,14009095,11/10/2014,11-November,2-Monday,05:10,0500 Hours,District 5 (Southeast),,LOUISA,,123RD AVE,Non-collision events:  Overturn/rollover,On Roadway,Non-collision (single vehicle),Swerving/Evasive Action,Alcohol (Statutory),,Dark - roadway lighted,"Mud, dirt",Cloudy,None apparent,Non-intersection:  Non-junction/no special feature,Unpaved,,Minor Injury,0,1,0,1,0,0,5000,1,1,,POINT (-91.149879797223 41.089926050705)
2014826022,14003875,11/10/2014,11-November,2-Monday,04:30,0400 Hours,District 5 (Southeast),,KEOKUK,,320TH ST,Collision with fixed object:  Ditch,On Roadway,Non-collision (single vehicle),Ran off road - right,None Indicated,,Dark - roadway not lighted,Dry,Clear,None apparent,Non-intersection:  Non-junction/no special feature,Unpaved,,Minor Injury,0,2,0,1,1,0,8000,1,2,,POINT (-92.037395697727 41.191695185804)
2014828875,14110243,11/10/2014,11-November,2-Monday,17:38,1700 Hours,District 5 (Southeast),,WAPELLO,US 34,US 34 & RIDGE RD,Collision with:  Animal,,,Animal,None Indicated,,,,,,,Paved,,Property Damage Only,0,0,0,0,0,0,5000,1,1,,POINT (-92.594784792488 41.012150940852)
2014827707,1403063,11/10/2014,11-November,2-Monday,07:55,0700 Hours,District 5 (Southeast),BLOOMFIELD,DAVIS,US 63,US 63 & Co Rd V20/LILAC AVE,Collision with:  Vehicle in traffic,On Roadway,Head-on (front to front),FTYROW:  From stop sign,None Indicated,,Daylight,Dry,Clear,None apparent,Intersection:  Four-way intersection,Paved,,Property Damage Only,0,0,0,0,0,0,7000,2,2,,POINT (-92.419174633874 40.739833590921)
2014826359,14016718,11/10/2014,11-November,2-Monday,18:30,1800 Hours,District 6 (East Central),,CEDAR,US 30,US 30,Collision with:  Animal,On Roadway,Non-collision (single vehicle),Animal,None Indicated,,Dark - roadway not lighted,Dry,Clear,None apparent,Non-intersection:  Non-junction/no special feature,Paved,,Property Damage Only,0,0,0,0,0,0,3500,1,2,,POINT (-91.013479504141 41.881280062784)
2014826088,2014-78133,11/10/2014,11-November,2-Monday,06:25,0600 Hours,District 6 (East Central),DAVENPORT,SCOTT,,IA 461/BRADY ST,Collision with:  Animal,,,Animal,None Indicated,,,,,,,Paved,,Property Damage Only,0,0,0,0,0,0,4000,1,1,,POINT (-90.571307788754 41.587055923341)
2014826599,2014-78246,11/10/2014,11-November,2-Monday,17:27,1700 Hours,District 6 (East Central),DAVENPORT,SCOTT,,E 53RD ST,Collision with:  Vehicle in traffic,On Roadway,Rear-end (front to rear),Other (explain in narrative):  Other,None Indicated,,Dusk,Dry,Clear,None apparent,Non-intersection:  Non-junction/no special feature,Paved,,Possible/Unknown,0,1,0,0,1,0,4000,2,3,,POINT (-90.523168834881 41.574779472297)
2014826585,14-015958,11/10/2014,11-November,2-Monday,19:38,1900 Hours,District 2 (Northeast),FAYETTE,FAYETTE,IA 150,IA 150/K AVE,Collision with:  Animal,,,Animal,None Indicated,,,,,,,Paved,,Property Damage Only,0,0,0,0,0,0,1500,1,1,,POINT (-91.806155104556 42.831089491219)
2014826456,A14-075,11/10/2014,11-November,2-Monday,17:24,1700 Hours,District 4 (Southwest),WINTERSET,MADISON,,W SUMMIT ST & S 8TH AVE,Collision with:  Vehicle in traffic,On Roadway,Broadside (front to side),FTYROW:  From stop sign,None Indicated,,Dark - roadway not lighted,Dry,Cloudy,None apparent,Intersection:  T-intersection,Paved,,Property Damage Only,0,0,0,0,0,0,12000,2,2,,POINT (-94.023052347204 41.330224989893)
2014826560,2014-039500,11/10/2014,11-November,2-Monday,09:50,0900 Hours,District 6 (East Central),DUBUQUE,DUBUQUE,,PERU RD & WALKER ST,Collision with:  Vehicle in traffic,On Roadway,"Angle, oncoming left turn",FTYROW:  Making left turn,None Indicated,,Daylight,Dry,Cloudy,None apparent,Intersection:  Four-way intersection,Paved,,Property Damage Only,0,0,0,0,0,0,2500,2,2,,POINT (-90.675814088524 42.537761799888)
2014826709,14019706,11/10/2014,11-November,2-Monday,14:30,1400 Hours,District 2 (Northeast),MASON CITY,CERRO GORDO,IA 122,IA 122/4TH ST SW & VILLAGE GREEN DR & N ROOSEVELT AVE,Collision with:  Vehicle in traffic,On Roadway,Rear-end (front to rear),Other (explain in narrative):  Other,None Indicated,,Daylight,Dry,Cloudy,None apparent,Intersection:  Four-way intersection,Paved,,Property Damage Only,0,0,0,0,0,0,6500,3,4,,POINT (-93.250393375966 43.148309921277)
2014839051,2014063052,11/10/2014,11-November,2-Monday,22:07,2200 Hours,District 6 (East Central),,IOWA,I-80,I-80,Collision with:  Animal,,,Animal,None Indicated,,,,,,,Paved,,Property Damage Only,0,0,0,0,0,0,7500,1,1,,POINT (-92.023052751998 41.68715168806)
2014826295,201400055064,11/10/2014,11-November,2-Monday,16:21,1600 Hours,District 5 (Southeast),OTTUMWA,WAPELLO,IA 149,IA 149/IOWA 149 & E ROCHESTER ST,Collision with:  Vehicle in traffic,On Roadway,"Angle, oncoming left turn",FTYROW:  Making left turn,None Indicated,,Daylight,Dry,Clear,None apparent,Intersection:  Four-way intersection,Paved,,Property Damage Only,0,0,0,0,0,0,6500,2,2,,POINT (-92.40986881018 41.060032404087)
2014826251,32088-14,11/10/2014,11-November,2-Monday,04:50,0400 Hours,District 3 (Northwest),,EMMET,,Co Rd A17/130 ST,Collision with:  Animal,,,Animal,None Indicated,,,,,,,Paved,,Property Damage Only,0,0,0,0,0,0,2000,1,1,,POINT (-94.864297719444 43.459530501766)
2014826272,14-5683,11/10/2014,11-November,2-Monday,18:33,1800 Hours,District 1 (Central),WEST DES MOINES,POLK,I-35,I-35 & UNIVERSITY AVE,Collision with:  Vehicle in traffic,On Roadway,Rear-end (front to rear),Other (explain in narrative):  No improper action,None Indicated,,Dark - roadway lighted,Dry,Clear,None apparent,Intersection:  T-intersection,Paved,,Possible/Unknown,0,1,0,0,1,0,100,2,2,,POINT (-93.779358003615 41.600454739633)
2014828579,2014063019,11/10/2014,11-November,2-Monday,17:32,1700 Hours,District 5 (Southeast),,MARION,IA 92,IA 92/IOWA 92,Collision with:  Vehicle in traffic,On Roadway,Rear-end (front to rear),Other (explain in narrative):  Other,None Indicated,,Dark - roadway not lighted,Dry,Cloudy,None apparent,Non-intersection:  Non-junction/no special feature,Paved,,Property Damage Only,0,0,0,0,0,0,4000,2,2,,POINT (-92.949277791726 41.306395348527)
2014827401,14-37239,11/10/2014,11-November,2-Monday,08:45,0800 Hours,District 3 (Northwest),SIOUX CITY,WOODBURY,,14TH ST & PIERCE ST,Collision with:  Vehicle in traffic,On Roadway,Broadside (front to side),Unknown,None Indicated,,Daylight,Dry,Clear,None apparent,Intersection:  Four-way intersection,Paved,,Property Damage Only,0,0,0,0,0,0,2200,2,3,,POINT (-96.4050367092 42.504994182906)
2014826999,S14-11593,11/10/2014,11-November,2-Monday,06:47,0600 Hours,District 3 (Northwest),,WOODBURY,IA 141,IA 141/IOWA 141,Collision with:  Animal,,,Animal,None Indicated,,,,,,,Paved,,Property Damage Only,0,0,0,0,0,0,3500,1,1,,POINT (-95.942554963051 42.232177282161)
2014827104,14-001325,11/10/2014,11-November,2-Monday,15:44,1500 Hours,District 1 (Central),HUXLEY,STORY,I-35,I-35 & IA 210/IOWA 210,Collision with:  Vehicle in traffic,On Roadway,Broadside (front to side),FTYROW:  From stop sign,None Indicated,,Daylight,Dry,Cloudy,None apparent,"Interchange-related:  Off-ramp, diverge area",Paved,,Property Damage Only,0,0,0,0,0,0,6500,2,2,,POINT (-93.573358264965 41.877795051102)
2014826584,14-015951,11/10/2014,11-November,2-Monday,17:30,1700 Hours,District 2 (Northeast),WESTGATE,FAYETTE,IA 3,IA 3/60TH ST,Collision with:  Animal,,,Animal,None Indicated,,,,,,,Paved,,Property Damage Only,0,0,0,0,0,0,1500,1,1,,POINT (-92.023099493027 42.714914957978)
2014826208,SO14002658,11/10/2014,11-November,2-Monday,13:30,1300 Hours,District 3 (Northwest),,PLYMOUTH,,PIONEER AVE,Non-collision events:  Overturn/rollover,On Roadway,Non-collision (single vehicle),Swerving/Evasive Action,None Indicated,,Daylight,Dry,Clear,None apparent,Non-intersection:  Non-junction/no special feature,Unpaved,,Possible/Unknown,0,1,0,0,1,0,1500,1,2,,POINT (-96.036022703838 42.832821716943)
2014825860,14-047720,11/10/2014,11-November,2-Monday,09:15,0900 Hours,District 4 (Southwest),COUNCIL BLUFFS,POTTAWATTAMIE,US 6,US 6/W BROADWAY & S 35TH ST & N 35TH ST,Collision with:  Vehicle in traffic,On Roadway,Rear-end (front to rear),Followed too close,None Indicated,,Daylight,Dry,Cloudy,None apparent,Intersection:  Four-way intersection,Paved,,Property Damage Only,0,0,0,0,0,0,1500,2,2,,POINT (-95.902086732911 41.261895236092)
2014831852,1411101724,11/10/2014,11-November,2-Monday,17:20,1700 Hours,District 6 (East Central),,JONES,IA 64,IA 64/IOWA 64,Collision with:  Animal,,,Animal,None Indicated,,,,,,,Paved,,Property Damage Only,0,0,0,0,0,0,6000,1,1,,POINT (-91.083212877872 42.062661017302)
2014828395,2014062976,11/10/2014,11-November,2-Monday,14:25,1400 Hours,District 5 (Southeast),,LEE,US 61,US 61,Collision with:  Animal,,,Animal,None Indicated,,,,,,,Paved,,Property Damage Only,0,0,0,0,0,0,1500,1,1,,POINT (-91.285687065135 40.670613543623)
2014826197,20140033560,11/10/2014,11-November,2-Monday,13:48,1300 Hours,District 1 (Central),DES MOINES,POLK,US 6,US 6/E EUCLID AVE & CORNELL ST,Collision with:  Vehicle in traffic,On Roadway,Broadside (front to side),Other (explain in narrative):  Other,None Indicated,,Daylight,Dry,Clear,None apparent,Non-intersection:  Non-junction/no special feature,Paved,,Possible/Unknown,0,1,0,0,1,0,7400,2,3,,POINT (-93.615098906828 41.627697947971)
2014826531,14-013826,11/10/2014,11-November,2-Monday,20:20,2000 Hours,District 1 (Central),,TAMA,US 30,US 30,Collision with:  Animal,,,Animal,None Indicated,,,,,,,Paved,,Property Damage Only,0,0,0,0,0,0,6000,1,1,,POINT (-92.686263111446 41.999893492025)
2014826602,2014012637,11/10/2014,11-November,2-Monday,07:45,0700 Hours,District 6 (East Central),IOWA CITY,JOHNSON,,WELLINGTON DR,Collision with:  Vehicle in traffic,On Roadway,"Sideswipe, same direction",Made improper turn,None Indicated,,Daylight,Dry,Cloudy,None apparent,Intersection:  Four-way intersection,Paved,,Property Damage Only,0,0,0,0,0,0,4050,2,2,,POINT (-91.484337670231 41.645281642792)
2014826886,201400004136,11/10/2014,11-November,2-Monday,18:20,1800 Hours,District 6 (East Central),,LINN,IA 13,IA 13/IOWA 13,Collision with:  Vehicle in traffic,On Roadway,Rear-end (front to rear),Swerving/Evasive Action,None Indicated,,Dark - roadway not lighted,Dry,Cloudy,None apparent,Non-intersection:  Non-junction/no special feature,Paved,,Major Injury,0,1,1,0,0,0,25000,2,2,,POINT (-91.550298614313 42.074502964194)
2014826219,14-2521,11/10/2014,11-November,2-Monday,17:57,1700 Hours,District 1 (Central),URBANDALE,POLK,I-35,I-35,Collision with:  Animal,On Roadway,Non-collision (single vehicle),Animal,None Indicated,,Dark - roadway not lighted,Dry,Cloudy,None apparent,Non-intersection:  Non-junction/no special feature,Paved,,Property Damage Only,0,0,0,0,0,0,10000,1,1,,POINT (-93.776928823441 41.633023100324)
2014830834,14034878,11/10/2014,11-November,2-Monday,18:36,1800 Hours,District 5 (Southeast),KEOKUK,LEE,,Co Rd W62/ARGYLE RD,Collision with:  Vehicle in traffic,On Roadway,"Sideswipe, same direction",Crossed centerline (undivided),None Indicated,,Dark - roadway not lighted,Dry,Clear,None apparent,Non-intersection:  Non-junction/no special feature,Paved,,Property Damage Only,0,0,0,0,0,0,10000,2,2,,POINT (-91.489900106023 40.453641902294)
2014828118,148967PD,11/10/2014,11-November,2-Monday,17:08,1700 Hours,District 1 (Central),BOONE,BOONE,,STORY ST,Collision with:  Parked motor vehicle,Shoulder,"Sideswipe, same direction",Driver Distraction:  Manual operation of an electronic communication device,None Indicated,,Dark - roadway lighted,Dry,Clear,None apparent,Non-intersection:  Non-junction/no special feature,Paved,,Property Damage Only,0,0,0,0,0,0,4000,2,1,,POINT (-93.880066126133 42.066803095207)
2014827926,14007124,11/10/2014,11-November,2-Monday,17:12,1700 Hours,District 2 (Northeast),,CERRO GORDO,,Co Rd S56/THRUSH AVE,Collision with:  Animal,On Roadway,Non-collision (single vehicle),Animal,None Indicated,,Dark - roadway not lighted,Wet,Rain,None apparent,Non-intersection:  Non-junction/no special feature,Paved,,Possible/Unknown,0,1,0,0,1,0,5000,1,1,,POINT (-93.122918081556 43.171138023652)
2014826537,14-047082,11/10/2014,11-November,2-Monday,14:34,1400 Hours,District 5 (Southeast),MUSCATINE,MUSCATINE,,MUSSER ST,Non-collision events:  Other non-collision (explain in narrative),On Roadway,Non-collision (single vehicle),Other (explain in narrative):  No improper action,None Indicated,,Daylight,Dry,Clear,None apparent,Non-intersection:  Non-junction/no special feature,Paved,,Property Damage Only,0,0,0,0,0,0,20000,1,1,,POINT (-91.068911094881 41.405901752159)
2014830231,GP20140922,11/10/2014,11-November,2-Monday,18:08,1800 Hours,District 1 (Central),GRINNELL,POWESHIEK,IA 146,IA 146/WEST ST,Collision with fixed object:  Other fixed object (explain in narrative),Outside trafficway,Non-collision (single vehicle),Lost Control,None Indicated,,Dark - unknown roadway lighting,Dry,Clear,None apparent,Non-intersection:  Non-junction/no special feature,Paved,,Property Damage Only,0,0,0,0,0,0,2500,1,1,,POINT (-92.727382190839 41.746374448441)
2014827023,14-37327,11/10/2014,11-November,2-Monday,20:34,2000 Hours,District 3 (Northwest),SIOUX CITY,WOODBURY,I-29,I-29,Collision with fixed object:  Concrete traffic barrier (median or right side),On Roadway,Non-collision (single vehicle),Other (explain in narrative):  Other,None Indicated,,Dark - roadway lighted,Snow,Snow,"Surface condition (e.g., wet, icy)",Non-intersection:  Non-junction/no special feature,Paved,,Property Damage Only,0,0,0,0,0,0,1500,1,2,,POINT (-96.392091429989 42.484587144495)
2014828181,1400000987,11/10/2014,11-November,2-Monday,04:00,0400 Hours,District 1 (Central),,MARSHALL,,Co Rd E63/290TH ST,Collision with fixed object:  Ditch,On Roadway,Non-collision (single vehicle),Ran off road - right,None Indicated,,Dark - roadway not lighted,Dry,Cloudy,None apparent,Non-intersection:  Non-junction/no special feature,Paved,,Minor Injury,0,1,0,1,0,0,4500,1,1,,POINT (-92.842137946695 41.935284266188)
2014826220,148670,11/10/2014,11-November,2-Monday,10:27,1000 Hours,District 4 (Southwest),,DALLAS,IA 141,IA 141/141ST ST,Non-collision events:  Overturn/rollover,On Roadway,Non-collision (single vehicle),Ran off road - right,None Indicated,,Daylight,Dry,Clear,None apparent,Non-intersection:  Non-junction/no special feature,Paved,,Possible/Unknown,0,1,0,0,1,0,4500,1,1,,POINT (-94.068701277358 41.835110420137)
2014826377,SO1404841,11/10/2014,11-November,2-Monday,09:38,0900 Hours,District 5 (Southeast),,JEFFERSON,,Co Rd W40/GERMANVILLE RD,Collision with:  Animal,,Non-collision (single vehicle),Animal,None Indicated,,,,,,,Paved,,Property Damage Only,0,0,0,0,0,0,2000,1,1,,POINT (-91.774920197441 41.071984151078)
2014826304,2014062912,11/10/2014,11-November,2-Monday,07:45,0700 Hours,District 2 (Northeast),,BREMER,IA 116,IA 116/IOWA 116,Collision with:  Animal,,,Animal,None Indicated,,,,,,,Paved,,Property Damage Only,0,0,0,0,0,0,4000,1,1,,POINT (-92.476024483729 42.687831150309)
2014827406,14-37340,11/10/2014,11-November,2-Monday,21:47,2100 Hours,District 3 (Northwest),SIOUX CITY,WOODBURY,,SUNNYBROOK DR & S CYPRESS ST,Collision with:  Vehicle in traffic,On Roadway,Broadside (front to side),Driving too fast for conditions,None Indicated,,Dark - roadway lighted,Ice/frost,Snow,"Surface condition (e.g., wet, icy)",Intersection:  Four-way intersection,Paved,,Property Damage Only,0,0,0,0,0,0,2400,2,2,,POINT (-96.341337047942 42.455131080986)
2014826059,14-5872,11/10/2014,11-November,2-Monday,07:03,0700 Hours,District 6 (East Central),HIAWATHA,LINN,I-380,I-380,Collision with:  Animal,On Roadway,Non-collision (single vehicle),Animal,None Indicated,,Daylight,Dry,Cloudy,None apparent,Non-intersection:  Non-junction/no special feature,Paved,,Possible/Unknown,0,1,0,0,1,0,8500,1,1,,POINT (-91.700154352815 42.062311624686)
2014829086,2014062928,11/10/2014,11-November,2-Monday,08:45,0800 Hours,District 1 (Central),ALBION,MARSHALL,IA 330,IA 330/MARSH AVE,Collision with fixed object:  Other fixed object (explain in narrative),On Roadway,Non-collision (single vehicle),Exceeded authorized speed,None Indicated,,Daylight,Dry,Cloudy,None apparent,Non-intersection:  Railroad grade crossing,Paved,,Property Damage Only,0,0,0,0,0,0,2800,1,1,,POINT (-93.000556184794 42.085794849137)
2014826305,2014062940,11/10/2014,11-November,2-Monday,10:55,1000 Hours,District 6 (East Central),,CEDAR,I-80,I-80,Collision with:  Animal,,,Animal,None Indicated,,,,,,,Paved,,Property Damage Only,0,0,0,0,0,0,4000,1,1,,POINT (-91.062248223965 41.642001603384)