Iowa DOT Case Number,Law Enforcement Case Number,Date of Crash,Month of Crash,Day of Week,Time of Crash,Hour,DOT District,City Name,County Name,Route with System,Location Description,First Harmful Event,Location of First Harmful Event,Manner of Crash/Collision,Major Cause,Drug or Alcohol ,Environmental Conditions,Light Conditions,Surface Conditions,Weather Conditions,Roadway Contribution,Roadway Type,Roadway Surface,Work Zone,Crash Severity,Number of Fatalities,Number of Injuries,Number of Major Injuries,Number of Minor Injuries,Number of Possible Injuries,Number of Unknown Injuries,Amount of Property Damage,Number of Vehicles Involved,Total Number of Occupants,Travel Direction,Location
2014827020,14-37316,11/10/2014,11-November,2-Monday,19:42,1900 Hours,District 3 (Northwest),SIOUX CITY,WOODBURY,,41ST ST & OUTER DR N & DIVISION ST,Collision with:  Vehicle in traffic,On Roadway,"Angle, oncoming left turn",Driving too fast for conditions,None Indicated,,Dark - roadway lighted,Snow,Snow,"Surface condition (e.g., wet, icy)",Intersection:  Four-way intersection,Paved,,Property Damage Only,0,0,0,0,0,0,2500,2,5,,POINT (-96.380882806291 42.54067446336)
2014845134,2014062938,11/10/2014,11-November,2-Monday,10:00,1000 Hours,District 3 (Northwest),,CHEROKEE,US 59,US 59,Collision with:  Animal,On Roadway,Non-collision (single vehicle),Animal,None Indicated,,,,,,,Paved,,Property Damage Only,0,0,0,0,0,0,4000,1,1,,POINT (-95.554194573469 42.817101682889)
2014826685,,11/10/2014,11-November,2-Monday,17:00,1700 Hours,District 4 (Southwest),,AUDUBON,,YELLOWWOOD RD & 240 ST & 1100TH ST,Collision with fixed object:  Ditch,On Roadway,Non-collision (single vehicle),Lost Control,None Indicated,,Dark - roadway not lighted,"Mud, dirt",Severe winds,None apparent,Non-intersection:  Non-junction/no special feature,Unpaved,,Possible/Unknown,0,2,0,0,2,0,8000,1,2,,POINT (-95.092661069171 41.659738544052)
2014826176,14023911,11/10/2014,11-November,2-Monday,21:55,2100 Hours,District 6 (East Central),MARION,LINN,,EAST ROBINS RD,Collision with fixed object:  Ditch,On Roadway,Non-collision (single vehicle),Ran off road - left,None Indicated,,Dark - roadway not lighted,Dry,Clear,None apparent,Non-intersection:  Non-junction/no special feature,Paved,,Property Damage Only,0,0,0,0,0,0,3000,1,1,,POINT (-91.615211624075 42.052906092994)
2014826794,2014063022,11/10/2014,11-November,2-Monday,17:40,1700 Hours,District 1 (Central),DES MOINES,POLK,I-235,I-235,Collision with:  Vehicle in traffic,On Roadway,Rear-end (front to rear),Unknown,None Indicated,,Dark - roadway lighted,Dry,Cloudy,None apparent,Non-intersection:  Non-junction/no special feature,Paved,,Property Damage Only,0,0,0,0,0,0,3000,3,4,,POINT (-93.67172649931 41.591874579095)
2014826087,2014-78131,11/10/2014,11-November,2-Monday,10:40,1000 Hours,District 6 (East Central),DAVENPORT,SCOTT,,IA 461/HARRISON ST,Collision with:  Vehicle in traffic,On Roadway,Broadside (front to side),FTYROW:  From driveway,None Indicated,,Daylight,Dry,Clear,None apparent,Non-intersection:  Driveway access (within),Paved,,Property Damage Only,0,0,0,0,0,0,4000,2,2,,POINT (-90.577238205389 41.538492637054)
2014826527,S14-004489,11/10/2014,11-November,2-Monday,21:46,2100 Hours,District 4 (Southwest),,POTTAWATTAMIE,US 6,US 6 & 490TH ST,Collision with:  Animal,,,Animal,None Indicated,,,,,,,Paved,,Property Damage Only,0,0,0,0,0,0,10000,1,1,,POINT (-95.251793336879 41.317810990212)
2014826872,14-34952,11/11/2014,11-November,3-Tuesday,16:08,1600 Hours,District 5 (Southeast),FORT MADISON,LEE,IA 16,IA 16/IOWA 16 & OLD QUARRY RD,Collision with:  Animal,,,Animal,None Indicated,,,,,,,Paved,,Property Damage Only,0,0,0,0,0,0,3500,1,1,,POINT (-91.257852428874 40.736334075607)
2014828078,14-001675,11/11/2014,11-November,3-Tuesday,07:55,0700 Hours,District 1 (Central),AMES,STORY,,WINLOCK RD & PAMMEL DR,Collision with:  Vehicle in traffic,On Roadway,"Sideswipe, same direction",Unknown,None Indicated,,Daylight,Wet,Cloudy,None apparent,Intersection:  Four-way intersection,Paved,,Property Damage Only,0,0,0,0,0,0,4600,3,4,,POINT (-93.645954874462 42.030514186623)
2014826482,14-40464,11/11/2014,11-November,3-Tuesday,15:30,1500 Hours,District 5 (Southeast),BURLINGTON,DES MOINES,,PLANK RD,Collision with fixed object:  Ditch,On Roadway,Non-collision (single vehicle),Lost Control,None Indicated,,Daylight,Dry,Cloudy,None apparent,Non-intersection:  Non-junction/no special feature,Paved,,Minor Injury,0,2,0,1,1,0,4000,1,3,,POINT (-91.147690523802 40.834956990104)
2014826175,14171181,11/11/2014,11-November,3-Tuesday,07:51,0700 Hours,District 6 (East Central),,JOHNSON,I-80,I-80 & Co Rd F44/HOOVER HWY NE,Collision with:  Vehicle in traffic,On Roadway,Head-on (front to front),Crossed centerline (undivided),None Indicated,,Daylight,Ice/frost,Cloudy,"Surface condition (e.g., wet, icy)",Non-intersection:  Other non-intersection (explain in narrative),Paved,,Possible/Unknown,0,1,0,0,1,0,13000,4,4,,POINT (-91.445530517937 41.671666627877)
2014829696,146631,11/11/2014,11-November,3-Tuesday,04:50,0400 Hours,District 1 (Central),,HARDIN,US 65,US 65,Collision with:  Animal,,,Animal,None Indicated,,,,,,,Paved,,Property Damage Only,0,0,0,0,0,0,4000,1,1,,POINT (-93.261153938034 42.377067471561)
2014826255,14-3622,11/11/2014,11-November,3-Tuesday,11:45,1100 Hours,District 1 (Central),FORT DODGE,WEBSTER,,6TH AVE N & N 14TH ST,Collision with:  Vehicle in traffic,On Roadway,"Angle, oncoming left turn",Crossed centerline (undivided),None Indicated,,Daylight,Snow,Clear,None apparent,Non-intersection:  Non-junction/no special feature,Paved,,Property Damage Only,0,0,0,0,0,0,4000,2,4,,POINT (-94.179582578665 42.511877029438)
2014831790,2014063121,11/11/2014,11-November,3-Tuesday,06:45,0600 Hours,District 5 (Southeast),,KEOKUK,IA 23,IA 23/IOWA 23 & 320TH ST,Non-collision events:  Overturn/rollover,Roadside,Non-collision (single vehicle),Ran off road - right,None Indicated,,Dawn,Ice/frost,Cloudy,"Surface condition (e.g., wet, icy)",Non-intersection:  Non-junction/no special feature,Paved,,Possible/Unknown,0,1,0,0,1,0,1400,1,1,,POINT (-92.4104006387 41.19087599268)
2014826265,14-5688,11/11/2014,11-November,3-Tuesday,05:40,0500 Hours,District 1 (Central),WEST DES MOINES,POLK,I-35,I-35 & E P TRUE PKWY,Collision with:  Vehicle in traffic,On Roadway,"Sideswipe, same direction",Lost Control,None Indicated,,Dark - roadway lighted,Ice/frost,"Sleet, hail","Surface condition (e.g., wet, icy)",Non-intersection:  Non-junction/no special feature,Paved,,Property Damage Only,0,0,0,0,0,0,2000,2,2,,POINT (-93.777273146746 41.574708215242)
2014826894,201404151,11/11/2014,11-November,3-Tuesday,17:39,1700 Hours,District 6 (East Central),FAIRFAX,LINN,IA 100,IA 100/COLLINS RD SE & 44TH ST,Collision with:  Animal,,,Animal,None Indicated,,,,,,Intersection:  T-intersection,Paved,,Property Damage Only,0,0,0,0,0,0,1500,1,1,,POINT (-91.561541643643 42.020381532716)
2014829017,4514-052,11/11/2014,11-November,3-Tuesday,17:50,1700 Hours,District 2 (Northeast),,HOWARD,,IVY AVE,Collision with:  Other non-fixed object (explain in narrative),On Roadway,Non-collision (single vehicle),Other (explain in narrative):  No improper action,None Indicated,,Dark - roadway not lighted,"Mud, dirt",Clear,Debris,Non-intersection:  Non-junction/no special feature,Unpaved,,Property Damage Only,0,0,0,0,0,0,2000,1,1,,POINT (-92.385808128323 43.440152059218)
2014827002,S14-11643,11/11/2014,11-November,3-Tuesday,06:08,0600 Hours,District 3 (Northwest),,WOODBURY,,Co Rd D30/195TH ST,Non-collision events:  Other non-collision (explain in narrative),On Roadway,Non-collision (single vehicle),Driving too fast for conditions,None Indicated,,Dawn,Ice/frost,Clear,"Surface condition (e.g., wet, icy)",Non-intersection:  Driveway access (within),Paved,,Possible/Unknown,0,1,0,0,1,0,2500,1,2,,POINT (-95.891311318817 42.421777498247)
2014826207,14-047822,11/11/2014,11-November,3-Tuesday,04:51,0400 Hours,District 4 (Southwest),COUNCIL BLUFFS,POTTAWATTAMIE,,RICHARD DOWNING BLVD & 34TH AVE & S 24TH ST,Non-collision events:  Other non-collision (explain in narrative),On Roadway,Non-collision (single vehicle),Ran off road - right,None Indicated,,Dark - roadway lighted,Ice/frost,"Blowing sand, soil, dirt","Surface condition (e.g., wet, icy)",Intersection:  Four-way intersection,Paved,,Property Damage Only,0,0,0,0,0,0,4500,1,1,,POINT (-95.87922134991 41.2258499727)
2014826409,14-5696,11/11/2014,11-November,3-Tuesday,14:41,1400 Hours,District 1 (Central),WEST DES MOINES,POLK,,MILLS CIVIC PKWY & S 51ST ST,Collision with:  Vehicle in traffic,On Roadway,Broadside (front to side),Ran Traffic Signal,None Indicated,,Daylight,Dry,Cloudy,None apparent,Intersection:  Four-way intersection,Paved,,Property Damage Only,0,0,0,0,0,0,12400,3,4,,POINT (-93.772817542418 41.559155710002)
2014826181,14-7475,11/11/2014,11-November,3-Tuesday,05:24,0500 Hours,District 1 (Central),,POLK,,Co Rd F52/NE 46TH AVE,Non-collision events:  Overturn/rollover,Roadside,Non-collision (single vehicle),Crossed centerline (undivided),None Indicated,,Dark - roadway lighted,Ice/frost,Severe winds,"Surface condition (e.g., wet, icy)",Non-intersection:  Non-junction/no special feature,Paved,,Property Damage Only,0,0,0,0,0,0,10000,1,1,,POINT (-93.594589082594 41.644090850626)
2014826356,W14-111819,11/11/2014,11-November,3-Tuesday,05:55,0500 Hours,District 2 (Northeast),WATERLOO,BLACK HAWK,US 218,US 218/WASHINGTON ST,Non-collision events:  Other non-collision (explain in narrative),On Roadway,Non-collision (single vehicle),Other (explain in narrative):  No improper action,None Indicated,,Dark - roadway not lighted,Ice/frost,Snow,"Surface condition (e.g., wet, icy)",Non-intersection:  Non-junction/no special feature,Paved,,Possible/Unknown,0,1,0,0,0,1,2500,1,1,,POINT (-92.389001868341 42.525541144194)
2014829697,146632,11/11/2014,11-November,3-Tuesday,05:30,0500 Hours,District 1 (Central),,HARDIN,US 20,US 20,Non-collision events:  Other non-collision (explain in narrative),On Roadway,Non-collision (single vehicle),Driving too fast for conditions,None Indicated,,Dark - roadway not lighted,Ice/frost,Snow,"Surface condition (e.g., wet, icy)",Non-intersection:  Non-junction/no special feature,Paved,,Minor Injury,0,1,0,1,0,0,15000,1,1,,POINT (-93.277050175273 42.448006509599)
2014828157,14-001330,11/11/2014,11-November,3-Tuesday,05:28,0500 Hours,District 1 (Central),,STORY,US 69,US 69,Non-collision events:  Overturn/rollover,On Roadway,Non-collision (single vehicle),Driving too fast for conditions,None Indicated,,Dark - roadway not lighted,Snow,Snow,"Surface condition (e.g., wet, icy)",Non-intersection:  Non-junction/no special feature,Paved,,Property Damage Only,0,0,0,0,0,0,5000,1,1,,POINT (-93.609946481445 41.949930737322)
2014826190,20140033651,11/11/2014,11-November,3-Tuesday,12:28,1200 Hours,District 1 (Central),DES MOINES,POLK,,ARMY POST RD & SW 9TH ST,Collision with:  Vehicle in traffic,On Roadway,Broadside (front to side),Ran Traffic Signal,None Indicated,,Daylight,Dry,Cloudy,None apparent,Intersection:  Four-way intersection,Paved,,Property Damage Only,0,0,0,0,0,0,8500,2,3,,POINT (-93.625669807791 41.526462255737)
2014826275,14-047841,11/11/2014,11-November,3-Tuesday,08:17,0800 Hours,District 4 (Southwest),COUNCIL BLUFFS,POTTAWATTAMIE,,KIMBERLY DR,Collision with:  Parked motor vehicle,On Roadway,Rear-end (front to rear),Lost Control,None Indicated,,Daylight,Ice/frost,Clear,"Surface condition (e.g., wet, icy)",Non-intersection:  Non-junction/no special feature,Paved,,Property Damage Only,0,0,0,0,0,0,3000,2,1,,POINT (-95.832624209683 41.289024542945)
2014826241,14111851,11/11/2014,11-November,3-Tuesday,09:20,0900 Hours,District 2 (Northeast),CEDAR FALLS,BLACK HAWK,,CAMPUS ST,Collision with:  Vehicle in traffic,On Roadway,Broadside (front to side),FTYROW:  From stop sign,None Indicated,,Daylight,Dry,Cloudy,None apparent,Intersection:  T-intersection,Paved,,Property Damage Only,0,0,0,0,0,0,4000,2,2,,POINT (-92.46061530621 42.518704949528)
2014826480,1411111-A,11/11/2014,11-November,3-Tuesday,08:10,0800 Hours,District 4 (Southwest),RED OAK,MONTGOMERY,,HIGHLAND AVE,Collision with fixed object:  Mailbox,On Roadway,Non-collision (single vehicle),Driving too fast for conditions,None Indicated,,Daylight,Ice/frost,Cloudy,"Surface condition (e.g., wet, icy)",Non-intersection:  Non-junction/no special feature,Paved,,Property Damage Only,0,0,0,0,0,0,2050,1,1,,POINT (-95.216245278926 41.007514115224)
2014826528,S14-004493,11/11/2014,11-November,3-Tuesday,00:15,0000 Hours,District 4 (Southwest),,POTTAWATTAMIE,I-80,I-80,Non-collision events:  Other non-collision (explain in narrative),On Roadway,Non-collision (single vehicle),Swerving/Evasive Action,None Indicated,,Dark - roadway not lighted,Snow,Snow,"Surface condition (e.g., wet, icy)",Non-intersection:  Non-junction/no special feature,Paved,,Major Injury,0,1,1,0,0,0,20000,1,1,,POINT (-95.615419955129 41.439136017699)
2014826888,201400004152,11/11/2014,11-November,3-Tuesday,18:20,1800 Hours,District 6 (East Central),,LINN,US 30,US 30 & KNAPP RD,Collision with:  Animal,,,Animal,None Indicated,,,,,,,Paved,,Property Damage Only,0,0,0,0,0,0,4000,1,1,,POINT (-91.525976354072 41.925966568125)
2014826372,143470,11/11/2014,11-November,3-Tuesday,07:39,0700 Hours,District 3 (Northwest),DENISON,CRAWFORD,US 30,US 30/4TH AVE S & S 16TH ST,Collision with:  Vehicle in traffic,On Roadway,Rear-end (front to rear),Driving too fast for conditions,None Indicated,,Daylight,Ice/frost,Clear,"Surface condition (e.g., wet, icy)",Non-intersection:  Non-junction/no special feature,Paved,,Property Damage Only,0,0,0,0,0,0,3500,2,2,,POINT (-95.349715775145 42.012355132384)
2014826908,201416945,11/11/2014,11-November,3-Tuesday,18:40,1800 Hours,District 6 (East Central),CEDAR RAPIDS,LINN,IA 922,IA 922/1ST AVE W & 10TH ST SW & 10TH ST NW,Collision with:  Vehicle in traffic,On Roadway,Broadside (front to side),FTYROW:  From driveway,None Indicated,,Dark - roadway lighted,Dry,Cloudy,None apparent,Non-intersection:  Driveway access (within),Paved,,Property Damage Only,0,0,0,0,0,0,5000,2,2,,POINT (-91.684518316124 41.97249284957)
2014828647,14015902,11/11/2014,11-November,3-Tuesday,07:29,0700 Hours,District 5 (Southeast),CINCINNATI,APPANOOSE,IA 5,IA 5/PLEASANT ST,,On Roadway,Non-collision (single vehicle),Swerving/Evasive Action,None Indicated,,Daylight,Ice/frost,Cloudy,"Surface condition (e.g., wet, icy)",Non-intersection:  Non-junction/no special feature,Paved,,Property Damage Only,0,0,0,0,0,0,8100,1,1,,POINT (-92.906064504945 40.631116065213)
2014826395,20140033677,11/11/2014,11-November,3-Tuesday,16:38,1600 Hours,District 1 (Central),DES MOINES,POLK,,27TH PL,Collision with fixed object:  Other fixed object (explain in narrative),Outside trafficway,Non-collision (single vehicle),Unknown,None Indicated,,Dusk,Dry,Cloudy,None apparent,Non-intersection:  Non-junction/no special feature,Paved,,Property Damage Only,0,0,0,0,0,0,3500,1,1,,POINT (-93.654899417937 41.626928651972)
2014874271,2014063129,11/11/2014,11-November,3-Tuesday,08:00,0800 Hours,District 2 (Northeast),,FAYETTE,IA 187,IA 187/EISENHOWER RD,Collision with:  Vehicle in traffic,On Roadway,Non-collision (single vehicle),Ran off road - right,None Indicated,,Daylight,Ice/frost,Clear,"Surface condition (e.g., wet, icy)",Non-intersection:  Non-junction/no special feature,Paved,,Minor Injury,0,1,0,1,0,0,4250,1,1,,POINT (-91.701534038227 42.7568012078)
2014827713,261402036,11/11/2014,11-November,3-Tuesday,18:10,1800 Hours,District 5 (Southeast),DRAKESVILLE,DAVIS,,ICE AVE & 200TH ST,Collision with:  Animal,On Roadway,Non-collision (single vehicle),Animal,None Indicated,,Dusk,Dry,Clear,None apparent,Non-intersection:  Non-junction/no special feature,Paved,,Possible/Unknown,0,1,0,0,1,0,10000,1,1,,POINT (-92.485946963271 40.769491201413)
2014826264,14-5687,11/11/2014,11-November,3-Tuesday,05:22,0500 Hours,District 1 (Central),WEST DES MOINES,POLK,I-235,I-235,Collision with fixed object:  Concrete traffic barrier (median or right side),On Roadway,Non-collision (single vehicle),Driving too fast for conditions,None Indicated,,Dark - roadway lighted,Ice/frost,Cloudy,"Surface condition (e.g., wet, icy)",Non-intersection:  Non-junction/no special feature,Paved,,Property Damage Only,0,0,0,0,0,0,2500,1,1,,POINT (-93.730701978925 41.59329830472)
2014826429,CL14004007,11/11/2014,11-November,3-Tuesday,07:46,0700 Hours,District 6 (East Central),CLINTON,CLINTON,,N 4TH ST,Collision with:  Vehicle in traffic,On Roadway,Broadside (front to side),FTYROW:  From driveway,None Indicated,,Daylight,Wet,"Sleet, hail",None apparent,Non-intersection:  Driveway access (within),Paved,,Property Damage Only,0,0,0,0,0,0,3500,2,5,,POINT (-90.183804530901 41.877718623394)
2014826274,14-047828,11/11/2014,11-November,3-Tuesday,07:11,0700 Hours,District 4 (Southwest),COUNCIL BLUFFS,POTTAWATTAMIE,,BENNETT AVE,Collision with:  Vehicle in traffic,On Roadway,Broadside (front to side),Lost Control,None Indicated,,Dawn,Ice/frost,Clear,"Surface condition (e.g., wet, icy)",Non-intersection:  Non-junction/no special feature,Paved,,Possible/Unknown,0,1,0,0,1,0,8000,2,3,,POINT (-95.819068178621 41.254845120881)
2014828848,14110273,11/11/2014,11-November,3-Tuesday,18:34,1800 Hours,District 5 (Southeast),,WAPELLO,US 63,US 63,Collision with:  Vehicle in traffic,Shoulder,"Sideswipe, same direction",Swerving/Evasive Action,None Indicated,,Dark - roadway not lighted,Dry,Clear,None apparent,Non-intersection:  Non-junction/no special feature,Paved,,Property Damage Only,0,0,0,0,0,0,4900,2,2,,POINT (-92.520638206421 41.098578486072)
2014827803,14111897,11/11/2014,11-November,3-Tuesday,13:13,1300 Hours,District 2 (Northeast),CEDAR FALLS,BLACK HAWK,,GREENHILL RD & HUDSON RD,Collision with:  Vehicle in traffic,On Roadway,"Angle, oncoming left turn",FTYROW:  Making left turn,None Indicated,,Daylight,Dry,Cloudy,None apparent,Intersection:  Four-way intersection,Paved,,Property Damage Only,0,0,0,0,0,0,2500,2,2,,POINT (-92.465435524876 42.498788624961)
2014827035,14-017793,11/11/2014,11-November,3-Tuesday,11:24,1100 Hours,District 2 (Northeast),,FLOYD,,ZINNIA AVE,Collision with fixed object:  Ditch,On Roadway,Non-collision (single vehicle),Swerving/Evasive Action,None Indicated,,Daylight,Dry,Cloudy,None apparent,Non-intersection:  Non-junction/no special feature,Unpaved,,Minor Injury,0,1,0,1,0,0,6000,1,3,,POINT (-93.022991663857 43.033309261916)
2014826523,2014011542,11/11/2014,11-November,3-Tuesday,06:01,0600 Hours,District 1 (Central),MARSHALLTOWN,MARSHALL,,S 3RD ST,Non-collision events:  Other non-collision (explain in narrative),On Roadway,Non-collision (single vehicle),Driving too fast for conditions,None Indicated,,Dark - roadway not lighted,Ice/frost,Snow,None apparent,Non-intersection:  Other non-intersection (explain in narrative),Paved,,Property Damage Only,0,0,0,0,0,0,3000,1,1,,POINT (-92.918406913922 42.041057246248)
2014826371,143466,11/11/2014,11-November,3-Tuesday,01:45,0100 Hours,District 3 (Northwest),,CRAWFORD,US 59,US 59,Non-collision events:  Overturn/rollover,On Roadway,Non-collision (single vehicle),Swerving/Evasive Action,None Indicated,,Dark - roadway not lighted,Snow,Snow,"Surface condition (e.g., wet, icy)",Non-intersection:  Non-junction/no special feature,Paved,,Minor Injury,0,4,0,1,3,0,4000,1,6,,POINT (-95.367452582225 41.981676780493)
2014826374,14-8257,11/11/2014,11-November,3-Tuesday,15:35,1500 Hours,District 3 (Northwest),IDA GROVE,IDA,,5TH ST & MORNINGSIDE ST,Collision with:  Non-motorist (see non-motorist section - NOT a unit),On Roadway,Non-collision (single vehicle),Other (explain in narrative):  Vision obstructed,None Indicated,,Daylight,Dry,Cloudy,None apparent,Non-intersection:  Non-junction/no special feature,Paved,,Possible/Unknown,0,1,0,0,1,0,100,1,2,,POINT (-95.464117839098 42.341350475286)
2014826947,SO1404873,11/11/2014,11-November,3-Tuesday,18:20,1800 Hours,District 5 (Southeast),,JEFFERSON,US 34,US 34 & PINE AVE,Collision with:  Animal,,,Animal,None Indicated,,,,,,,Paved,,Property Damage Only,0,0,0,0,0,0,3000,1,1,,POINT (-91.890451861603 41.002496321589)
2014828523,14-0644,11/11/2014,11-November,3-Tuesday,03:30,0300 Hours,District 1 (Central),,WEBSTER,US 20,US 20/235TH ST,Collision with fixed object:  Bridge overhead structure,On Roadway,Non-collision (single vehicle),Driving too fast for conditions,None Indicated,,Dark - roadway not lighted,Ice/frost,Snow,"Surface condition (e.g., wet, icy)",Non-intersection:  Other non-intersection (explain in narrative),Paved,,Property Damage Only,0,0,0,0,0,0,6726,1,2,,POINT (-94.125473943604 42.450695815164)
2014828916,2014063113,11/11/2014,11-November,3-Tuesday,07:45,0700 Hours,District 2 (Northeast),,CLAYTON,US 18,US 18 & Co Rd X32/HICKORY AVE,Non-collision events:  Overturn/rollover,On Roadway,Non-collision (single vehicle),Driving too fast for conditions,None Indicated,,Daylight,Snow,Snow,"Surface condition (e.g., wet, icy)",Non-intersection:  Non-junction/no special feature,Paved,,Minor Injury,0,1,0,1,0,0,2500,1,1,,POINT (-91.329530207789 43.008881705899)
2014826386,20140033660,11/11/2014,11-November,3-Tuesday,14:47,1400 Hours,District 1 (Central),DES MOINES,POLK,,1ST ST,Collision with fixed object:  Utility pole/light support,Outside trafficway,Non-collision (single vehicle),Ran off road - right,None Indicated,,Daylight,Dry,Cloudy,None apparent,Non-intersection:  Non-junction/no special feature,Paved,,Property Damage Only,0,0,0,0,0,0,7000,1,1,,POINT (-93.61872226074 41.626219337484)
2014827870,2014063212,11/11/2014,11-November,3-Tuesday,19:53,1900 Hours,District 6 (East Central),CEDAR RAPIDS,LINN,,21ST AVE SW & WILEY BLVD SW,Collision with:  Vehicle in traffic,On Roadway,Unknown,Ran Stop Sign,Alcohol (Statutory),,Dark - roadway lighted,Dry,Cloudy,None apparent,Intersection:  Four-way intersection,Paved,,Property Damage Only,0,0,0,0,0,0,8000,2,2,,POINT (-91.725818229731 41.959214834112)
2014831855,1411112136,11/11/2014,11-November,3-Tuesday,21:36,2100 Hours,District 6 (East Central),ANAMOSA,JONES,,190 AVE,Non-collision events:  Overturn/rollover,On Roadway,Non-collision (single vehicle),Swerving/Evasive Action,None Indicated,,Dark - roadway not lighted,Dry,Cloudy,None apparent,Non-intersection:  Non-junction/no special feature,Unpaved,,Property Damage Only,0,0,0,0,0,0,5000,1,2,,POINT (-91.248090797894 42.146486855697)
2014827415,14-37412,11/11/2014,11-November,3-Tuesday,14:46,1400 Hours,District 3 (Northwest),SIOUX CITY,WOODBURY,,DACE AVE & STEUBEN ST,Collision with:  Vehicle in traffic,On Roadway,Broadside (front to side),FTYROW:  From stop sign,None Indicated,,Daylight,Dry,Cloudy,None apparent,Intersection:  T-intersection,Paved,,Property Damage Only,0,0,0,0,0,0,2000,2,2,,POINT (-96.388764813981 42.488764704196)
2014826969,W14-111940,11/11/2014,11-November,3-Tuesday,16:55,1600 Hours,District 2 (Northeast),WATERLOO,BLACK HAWK,US 63,US 63/LOGAN AVE & ESTHER ST,Collision with:  Vehicle in traffic,On Roadway,"Angle, oncoming left turn",FTYROW:  Making left turn,None Indicated,,Dusk,Dry,Clear,Work Zone (roadway-related),Intersection:  Four-way intersection,Paved,Yes,Property Damage Only,0,0,0,0,0,0,2000,2,2,,POINT (-92.337691375189 42.521266517385)
2014828503,161-2014,11/11/2014,11-November,3-Tuesday,16:15,1600 Hours,District 4 (Southwest),,HARRISON,,Co Rd L34/OVERTON AVE & PATTEN AVE,Collision with:  Animal,,,Animal,None Indicated,,,,,,,Paved,,Property Damage Only,0,0,0,0,0,0,2500,1,1,,POINT (-95.765258233931 41.564453619879)
2014826187,20140033633,11/11/2014,11-November,3-Tuesday,09:00,0900 Hours,District 1 (Central),DES MOINES,POLK,IA 415,IA 415/2ND AVE & NW AURORA AVE,Collision with:  Vehicle in traffic,On Roadway,Rear-end (front to rear),Followed too close,None Indicated,,Daylight,Dry,Cloudy,None apparent,Non-intersection:  Non-junction/no special feature,Paved,,Property Damage Only,0,0,0,0,0,0,1500,2,2,,POINT (-93.619951513983 41.636742114357)
2014827413,14-37386,11/11/2014,11-November,3-Tuesday,09:19,0900 Hours,District 3 (Northwest),SIOUX CITY,WOODBURY,,SERGEANT RD,Collision with:  Vehicle in traffic,On Roadway,Head-on (front to front),Lost Control,None Indicated,,Daylight,Slush,Clear,"Surface condition (e.g., wet, icy)",Non-intersection:  Non-junction/no special feature,Paved,,Possible/Unknown,0,1,0,0,1,0,3000,2,3,,POINT (-96.357998707475 42.456543583589)
2014826941,2014063208,11/11/2014,11-November,3-Tuesday,19:00,1900 Hours,District 4 (Southwest),,POTTAWATTAMIE,I-680,I-680,Collision with:  Animal,,,Animal,None Indicated,,,,,,,Paved,,Property Damage Only,0,0,0,0,0,0,3000,1,1,,POINT (-95.63261715675 41.498842668898)
2014828614,14-015987,11/11/2014,11-November,3-Tuesday,07:50,0700 Hours,District 2 (Northeast),,FAYETTE,,240TH ST,Non-collision events:  Overturn/rollover,On Roadway,Non-collision (single vehicle),Driving too fast for conditions,None Indicated,,Daylight,Ice/frost,Cloudy,None apparent,Non-intersection:  Non-junction/no special feature,Paved,,Possible/Unknown,0,1,0,0,1,0,5000,1,1,,POINT (-91.780231148815 42.978220524993)
2014828501,159-20014,11/11/2014,11-November,3-Tuesday,17:52,1700 Hours,District 4 (Southwest),,HARRISON,,Co Rd L16/PANORA AVE,Collision with:  Animal,On Roadway,Non-collision (single vehicle),Animal,None Indicated,,Dark - roadway not lighted,Dry,Cloudy,None apparent,Non-intersection:  Non-junction/no special feature,Unpaved,,Possible/Unknown,0,3,0,0,3,0,4000,1,3,,POINT (-95.754095896737 41.805468664675)
2014826408,14-5695,11/11/2014,11-November,3-Tuesday,14:30,1400 Hours,District 1 (Central),WEST DES MOINES,POLK,,MILLS CIVIC PKWY,Collision with:  Vehicle in traffic,On Roadway,Rear-end (front to rear),Followed too close,None Indicated,,Daylight,Dry,Cloudy,None apparent,Non-intersection:  Non-junction/no special feature,Paved,,Property Damage Only,0,0,0,0,0,0,3000,2,2,,POINT (-93.780743726222 41.559102162182)
2014828938,,11/11/2014,11-November,3-Tuesday,08:13,0800 Hours,District 2 (Northeast),GREENE,BUTLER,,E SOUTH ST,Collision with:  Vehicle in traffic,On Roadway,"Sideswipe, opposite direction",Swerving/Evasive Action,None Indicated,,Daylight,Ice/frost,Cloudy,"Surface condition (e.g., wet, icy)",Intersection:  T-intersection,Paved,,Property Damage Only,0,0,0,0,0,0,6000,2,2,,POINT (-92.792877819238 42.89100493633)
2014826551,14-2528,11/11/2014,11-November,3-Tuesday,13:25,1300 Hours,District 1 (Central),URBANDALE,POLK,,MEREDITH DR,Collision with:  Vehicle in traffic,On Roadway,"Sideswipe, same direction",Crossed centerline (undivided),None Indicated,,Daylight,Dry,Cloudy,None apparent,Non-intersection:  Non-junction/no special feature,Paved,,Property Damage Only,0,0,0,0,0,0,3500,2,2,,POINT (-93.716526613104 41.643800731821)