Iowa DOT Case Number,Law Enforcement Case Number,Date of Crash,Month of Crash,Day of Week,Time of Crash,Hour,DOT District,City Name,County Name,Route with System,Location Description,First Harmful Event,Location of First Harmful Event,Manner of Crash/Collision,Major Cause,Drug or Alcohol ,Environmental Conditions,Light Conditions,Surface Conditions,Weather Conditions,Roadway Contribution,Roadway Type,Roadway Surface,Work Zone,Crash Severity,Number of Fatalities,Number of Injuries,Number of Major Injuries,Number of Minor Injuries,Number of Possible Injuries,Number of Unknown Injuries,Amount of Property Damage,Number of Vehicles Involved,Total Number of Occupants,Travel Direction,Location
2014827839,2014063089,11/11/2014,11-November,3-Tuesday,06:50,0600 Hours,District 6 (East Central),DAVENPORT,SCOTT,US 61,US 61/BRADY ST/SW RAMP,Collision with fixed object:  Guardrail - face,On Roadway,Non-collision (single vehicle),Crossed centerline (undivided),None Indicated,,Daylight,Slush,"Sleet, hail","Surface condition (e.g., wet, icy)",Non-intersection:  Non-junction/no special feature,Paved,,Property Damage Only,0,0,0,0,0,0,3250,1,1,,POINT (-90.564651503321 41.607746668111)
2014826206,14-047811,11/11/2014,11-November,3-Tuesday,01:45,0100 Hours,District 4 (Southwest),COUNCIL BLUFFS,POTTAWATTAMIE,I-29,I-29,Collision with fixed object:  Traffic sign support,On Roadway,Non-collision (single vehicle),Ran off road - left,None Indicated,,Dark - roadway lighted,Ice/frost,Snow,"Surface condition (e.g., wet, icy)",Non-intersection:  Non-junction/no special feature,Paved,,Property Damage Only,0,0,0,0,0,0,6100,1,1,,POINT (-95.862820087206 41.232167422504)
2014826711,14019749,11/11/2014,11-November,3-Tuesday,08:22,0800 Hours,District 2 (Northeast),MASON CITY,CERRO GORDO,,12TH ST NE & N RHODE ISLAND AVE,Collision with:  Vehicle in traffic,On Roadway,Broadside (front to side),Ran Traffic Signal,None Indicated,,Daylight,Ice/frost,Cloudy,"Surface condition (e.g., wet, icy)",Intersection:  T-intersection,Paved,,Property Damage Only,0,0,0,0,0,0,7500,3,4,,POINT (-93.184100260269 43.162933584841)
2014826475,14-014803,11/11/2014,11-November,3-Tuesday,08:38,0800 Hours,District 4 (Southwest),,MILLS,US 59,US 59 & RAINS AVE,Non-collision events:  Overturn/rollover,On Roadway,Non-collision (single vehicle),Crossed centerline (undivided),None Indicated,,Daylight,Ice/frost,Cloudy,"Surface condition (e.g., wet, icy)",Non-intersection:  Non-junction/no special feature,Paved,,Property Damage Only,0,0,0,0,0,0,3000,1,1,,POINT (-95.394214066187 40.91597997881)
2014826938,2014063072,11/11/2014,11-November,3-Tuesday,02:52,0200 Hours,District 4 (Southwest),,MILLS,I-29,I-29,Collision with:  Vehicle in traffic,On Roadway,Rear-end (front to rear),Swerving/Evasive Action,None Indicated,,Dark - roadway not lighted,Ice/frost,Severe winds,"Surface condition (e.g., wet, icy)",Non-intersection:  Non-junction/no special feature,Paved,,Possible/Unknown,0,1,0,0,1,0,85000,2,2,,POINT (-95.800831716025 40.947066579009)
2014829674,80-14-358,11/11/2014,11-November,3-Tuesday,00:25,0000 Hours,District 2 (Northeast),HUMBOLDT,HUMBOLDT,,8TH ST N,Non-collision events:  Other non-collision (explain in narrative),On Roadway,Non-collision (single vehicle),Driving too fast for conditions,Alcohol (Statutory),,Dark - roadway lighted,Snow,Snow,None apparent,Non-intersection:  Non-junction/no special feature,Paved,,Major Injury,0,1,1,0,0,0,1000,1,1,,POINT (-94.218017956508 42.725527133682)
2014827198,,11/11/2014,11-November,3-Tuesday,06:52,0600 Hours,District 5 (Southeast),,LUCAS,US 34,US 34,Collision with:  Animal,On Roadway,Non-collision (single vehicle),Animal,None Indicated,,Dawn,Dry,Cloudy,None apparent,Non-intersection:  Non-junction/no special feature,Paved,,Possible/Unknown,0,1,0,0,1,0,3500,1,1,,POINT (-93.171830205041 41.00085327495)
2014828027,,11/11/2014,11-November,3-Tuesday,09:45,0900 Hours,District 6 (East Central),CEDAR RAPIDS,LINN,IA 100,IA 100/NE RAMP A/PROPOSED IA100 NW RAMP C & EDGEWOOD RD NE & BUFFALO RD NE,Collision with:  Vehicle in traffic,On Roadway,"Sideswipe, opposite direction",Unknown,None Indicated,,Daylight,Dry,Clear,,Intersection:  Other intersection (explain in narrative),Paved,,Property Damage Only,0,0,0,0,0,0,2000,2,4,,POINT (-91.70171574859 42.029564189069)
2014829090,2014063073,11/11/2014,11-November,3-Tuesday,04:00,0400 Hours,District 1 (Central),,POLK,I-35,I-35 & NE 3RD ST,Collision with:  Animal,,Non-collision (single vehicle),Animal,None Indicated,,,,,,,Paved,,Property Damage Only,0,0,0,0,0,0,1800,1,1,,POINT (-93.615138169741 41.64950410709)
2014829698,146643,11/11/2014,11-November,3-Tuesday,17:47,1700 Hours,District 1 (Central),,HARDIN,,Co Rd D67/CO HWY D67,Collision with:  Animal,,Non-collision (single vehicle),Animal,None Indicated,,,,,,,Paved,,Property Damage Only,0,0,0,0,0,0,1800,1,1,,POINT (-93.01163255317 42.223628574252)
2014827712,261402033,11/11/2014,11-November,3-Tuesday,05:51,0500 Hours,District 5 (Southeast),BLOOMFIELD,DAVIS,IA 2,IA 2/IOWA 2 & OPAL AVE,Collision with:  Vehicle in traffic,On Roadway,Head-on (front to front),Crossed centerline (undivided),None Indicated,,Dark - roadway not lighted,Snow,Snow,"Surface condition (e.g., wet, icy)",Non-intersection:  Non-junction/no special feature,Paved,,Property Damage Only,0,0,0,0,0,0,9000,2,3,,POINT (-92.360548304145 40.7113087882)
2014828029,,11/11/2014,11-November,3-Tuesday,14:00,1400 Hours,District 6 (East Central),CEDAR RAPIDS,LINN,,MCCARTHY RD SE & 12TH AVE SE & 19TH ST SE,Collision with:  Vehicle in traffic,On Roadway,"Angle, oncoming left turn",Unknown,None Indicated,,Daylight,Dry,Cloudy,,Intersection:  T-intersection,Paved,,Property Damage Only,0,0,0,0,0,0,14000,2,3,,POINT (-91.642085012002 41.97353880877)
2014827534,1411-079,11/11/2014,11-November,3-Tuesday,12:54,1200 Hours,District 3 (Northwest),SIBLEY,OSCEOLA,,10TH ST & 4TH AVE,Collision with:  Vehicle in traffic,On Roadway,Broadside (front to side),FTYROW:  From stop sign,None Indicated,,Daylight,Dry,Cloudy,None apparent,Intersection:  Four-way intersection,Paved,,Property Damage Only,0,0,0,0,0,0,6000,2,2,,POINT (-95.749227655123 43.39804578305)
2014826242,2014012676,11/11/2014,11-November,3-Tuesday,07:41,0700 Hours,District 6 (East Central),IOWA CITY,JOHNSON,US 6,US 6 & ROCKY SHORE DR & HAWKINS DR,Collision with:  Vehicle in traffic,On Roadway,Rear-end (front to rear),Followed too close,None Indicated,,Daylight,Wet,Cloudy,None apparent,Non-intersection:  Non-junction/no special feature,Paved,,Possible/Unknown,0,2,0,0,0,2,3250,2,3,,POINT (-91.55804907067 41.665937179429)
2014831242,2014013740,11/11/2014,11-November,3-Tuesday,08:24,0800 Hours,District 6 (East Central),DUBUQUE,DUBUQUE,US 20,US 20/DODGE ST,Collision with:  Vehicle in traffic,On Roadway,"Sideswipe, same direction",Lost Control,None Indicated,,Daylight,Wet,Rain,None apparent,Non-intersection:  Non-junction/no special feature,Paved,,Property Damage Only,0,0,0,0,0,0,2500,2,2,,POINT (-90.749711182657 42.486007492073)
2014827708,1403080,11/11/2014,11-November,3-Tuesday,17:51,1700 Hours,District 5 (Southeast),BLOOMFIELD,DAVIS,US 63,US 63/WASHINGTON ST,Collision with:  Animal,,,Animal,None Indicated,,,,,,,Paved,,Property Damage Only,0,0,0,0,0,0,3000,1,1,,POINT (-92.412637949284 40.74105270295)
2014826389,20140033669,11/11/2014,11-November,3-Tuesday,15:53,1500 Hours,District 1 (Central),DES MOINES,POLK,US 6,US 6/MERLE HAY RD,Collision with:  Vehicle in traffic,On Roadway,Rear-end (front to rear),Followed too close,None Indicated,,Dusk,Dry,Cloudy,None apparent,Intersection:  Four-way intersection,Paved,,Property Damage Only,0,0,0,0,0,0,5500,3,5,,POINT (-93.697747365529 41.622749424994)
2014826535,2014012687,11/11/2014,11-November,3-Tuesday,17:16,1700 Hours,District 6 (East Central),IOWA CITY,JOHNSON,US 6,US 6,Collision with:  Vehicle in traffic,On Roadway,Rear-end (front to rear),Followed too close,None Indicated,,Dusk,Dry,Clear,None apparent,Non-intersection:  Non-junction/no special feature,Paved,,Property Damage Only,0,0,0,0,0,0,1500,2,2,,POINT (-91.524929727945 41.643450023756)
2014826561,2014-039549,11/11/2014,11-November,3-Tuesday,16:33,1600 Hours,District 6 (East Central),DUBUQUE,DUBUQUE,US 20,US 20/DODGE ST,Collision with:  Vehicle in traffic,On Roadway,"Sideswipe, same direction",Improper or erratic lane changing,None Indicated,,Dusk,Dry,Cloudy,None apparent,Non-intersection:  Non-junction/no special feature,Paved,,Property Damage Only,0,0,0,0,0,0,5000,2,2,,POINT (-90.714527510399 42.492272009811)
2014826605,2014012679,11/11/2014,11-November,3-Tuesday,12:15,1200 Hours,District 6 (East Central),IOWA CITY,JOHNSON,,BOYRUM ST,Collision with:  Vehicle in traffic,On Roadway,Rear-end (front to rear),Improper Backing,None Indicated,,Daylight,Dry,Cloudy,None apparent,Intersection:  Four-way intersection,Paved,,Property Damage Only,0,0,0,0,0,0,1500,2,2,,POINT (-91.527652183603 41.644646821224)
2014826283,14-047838,11/11/2014,11-November,3-Tuesday,08:10,0800 Hours,District 4 (Southwest),COUNCIL BLUFFS,POTTAWATTAMIE,,AVE G & N 25TH ST,Collision with:  Vehicle in traffic,On Roadway,Rear-end (front to rear),Driving too fast for conditions,None Indicated,,Daylight,Ice/frost,Cloudy,"Surface condition (e.g., wet, icy)",Intersection:  Four-way intersection,Paved,,Property Damage Only,0,0,0,0,0,0,3000,2,2,,POINT (-95.881793512659 41.268079375657)
2014826364,14-017121,11/11/2014,11-November,3-Tuesday,08:18,0800 Hours,District 3 (Northwest),SPENCER,CLAY,,W 11TH ST & 4TH AVE W,Collision with:  Vehicle in traffic,On Roadway,Broadside (front to side),FTYROW:  From stop sign,None Indicated,,Daylight,Snow,Cloudy,None apparent,Intersection:  Four-way intersection,Paved,,Property Damage Only,0,0,0,0,0,0,2050,2,2,,POINT (-95.150520344906 43.148630235887)
2014826407,14-047921,11/11/2014,11-November,3-Tuesday,20:36,2000 Hours,District 4 (Southwest),COUNCIL BLUFFS,POTTAWATTAMIE,I-80,I-80 & MADISON AVE,Collision with:  Vehicle in traffic,On Roadway,"Sideswipe, same direction",Made improper turn,None Indicated,,Dark - roadway lighted,Dry,Clear,None apparent,Intersection:  Four-way intersection,Paved,,Property Damage Only,0,0,0,0,0,0,2000,2,3,,POINT (-95.824645936326 41.242486620365)
2014850925,14009126,11/11/2014,11-November,3-Tuesday,07:01,0700 Hours,District 5 (Southeast),,LOUISA,,Co Rd X37/COUNTY RD X 37,Non-collision events:  Overturn/rollover,On Roadway,Non-collision (single vehicle),Driving too fast for conditions,None Indicated,,Daylight,Ice/frost,Cloudy,"Surface condition (e.g., wet, icy)",Non-intersection:  Non-junction/no special feature,Paved,,Possible/Unknown,0,1,0,0,1,0,5500,1,1,,POINT (-91.283532111827 41.193257120294)
2014826688,W14-111916,11/11/2014,11-November,3-Tuesday,14:48,1400 Hours,District 2 (Northeast),WATERLOO,BLACK HAWK,,E RIDGEWAY AVE & BALTIMORE ST,Collision with:  Vehicle in traffic,On Roadway,"Angle, oncoming left turn",Other (explain in narrative):  Other,None Indicated,,Daylight,Dry,Cloudy,None apparent,Intersection:  Four-way intersection,Paved,,Property Damage Only,0,0,0,0,0,0,5000,2,4,,POINT (-92.34958820905 42.469370987375)
2014827200,,11/11/2014,11-November,3-Tuesday,13:26,1300 Hours,District 1 (Central),TAMA,TAMA,US 63,US 63/STATE ST & 3RD ST,Collision with:  Vehicle in traffic,Roadside,Broadside (front to side),FTYROW:  From stop sign,None Indicated,,Daylight,Dry,Clear,None apparent,Intersection:  Four-way intersection,Paved,,Property Damage Only,0,0,0,0,0,0,1600,2,3,,POINT (-92.576781391819 41.961705036957)
2014826357,W14-111839,11/11/2014,11-November,3-Tuesday,08:12,0800 Hours,District 2 (Northeast),WATERLOO,BLACK HAWK,,E MITCHELL AVE & LA PORTE RD,Collision with:  Vehicle in traffic,On Roadway,"Angle, oncoming left turn",FTYROW:  Making left turn,None Indicated,,Daylight,Dry,Cloudy,None apparent,Intersection:  Four-way intersection,Paved,,Possible/Unknown,0,1,0,0,1,0,14200,2,2,,POINT (-92.322772891412 42.476591484836)
2014826297,201400055154,11/11/2014,11-November,3-Tuesday,08:21,0800 Hours,District 5 (Southeast),OTTUMWA,WAPELLO,,Co Rd V17/LAKE RD,Collision with fixed object:  Traffic sign support,On Roadway,Non-collision (single vehicle),Ran off road - right,None Indicated,,Daylight,Ice/frost,Cloudy,"Surface condition (e.g., wet, icy)",Non-intersection:  Non-junction/no special feature,Paved,,Property Damage Only,0,0,0,0,0,0,10200,1,1,,POINT (-92.45697652618 40.974209105256)
2014827848,SO1404857,11/11/2014,11-November,3-Tuesday,06:07,0600 Hours,District 5 (Southeast),,JEFFERSON,US 34,US 34,Collision with fixed object:  Ditch,On Roadway,Non-collision (single vehicle),Ran off road - right,None Indicated,,Dark - roadway not lighted,Ice/frost,"Sleet, hail","Surface condition (e.g., wet, icy)",Non-intersection:  Non-junction/no special feature,Paved,,Property Damage Only,0,0,0,0,0,0,1500,1,1,,POINT (-91.91301828173 41.001882610806)
2014826380,14171441,11/11/2014,11-November,3-Tuesday,18:18,1800 Hours,District 6 (East Central),CORALVILLE,JOHNSON,I-80,I-80 & I-380 & US 218,Collision with:  Vehicle in traffic,On Roadway,Rear-end (front to rear),Followed too close,None Indicated,,Dark - roadway lighted,Dry,Cloudy,None apparent,Interchange-related:  Off-ramp,Paved,,Property Damage Only,0,0,0,0,0,0,3200,2,5,,POINT (-91.63824064037 41.694350358916)
2014826587,14015905,11/11/2014,11-November,3-Tuesday,08:18,0800 Hours,District 5 (Southeast),PLANO,APPANOOSE,IA 2,IA 2/IOWA 2,Non-collision events:  Overturn/rollover,On Roadway,Non-collision (single vehicle),Ran off road - right,None Indicated,,Daylight,Ice/frost,Cloudy,"Surface condition (e.g., wet, icy)",Non-intersection:  Non-junction/no special feature,Paved,,Property Damage Only,0,0,0,0,0,0,3200,1,3,,POINT (-93.061322263284 40.746566791405)
2014826284,14-5689,11/11/2014,11-November,3-Tuesday,08:30,0800 Hours,District 4 (Southwest),WEST DES MOINES,DALLAS,,UNIVERSITY AVE & WESTWOODS DR & 90TH ST,Collision with:  Vehicle in traffic,On Roadway,Broadside (front to side),Lost Control,None Indicated,,Daylight,Ice/frost,Cloudy,"Surface condition (e.g., wet, icy)",Intersection:  Four-way intersection,Paved,,Property Damage Only,0,0,0,0,0,0,1700,2,2,,POINT (-93.829708614232 41.600408618047)
2014828500,158-2014,11/11/2014,11-November,3-Tuesday,06:40,0600 Hours,District 4 (Southwest),,HARRISON,US 30,US 30,Collision with:  Vehicle in traffic,On Roadway,"Sideswipe, opposite direction",Unknown,None Indicated,,Dawn,Snow,Cloudy,"Surface condition (e.g., wet, icy)",Non-intersection:  Non-junction/no special feature,Paved,,Property Damage Only,0,0,0,0,0,0,2000,2,2,,POINT (-95.847309697874 41.582857110195)
2014829091,2014063134,11/11/2014,11-November,3-Tuesday,08:50,0800 Hours,District 3 (Northwest),,CRAWFORD,US 30,US 30 & 184TH ST,Non-collision events:  Jackknife,On Roadway,Non-collision (single vehicle),Other (explain in narrative):  No improper action,None Indicated,,Daylight,Ice/frost,Clear,None apparent,Non-intersection:  Non-junction/no special feature,Paved,,Property Damage Only,0,0,0,0,0,0,2000,1,2,,POINT (-95.513236429258 41.924316005328)
2014827046,2014-013736,11/11/2014,11-November,3-Tuesday,05:42,0500 Hours,District 6 (East Central),,DUBUQUE,US 151,US 151,Collision with:  Animal,,,Animal,None Indicated,,,,,,,Paved,,Property Damage Only,0,0,0,0,0,0,3000,1,1,,POINT (-90.745477666256 42.405326518274)
2014826239,2014063085,11/11/2014,11-November,3-Tuesday,06:27,0600 Hours,District 4 (Southwest),,DALLAS,I-80,I-80,Collision with fixed object:  Guardrail - face,On Roadway,Non-collision (single vehicle),Driving too fast for conditions,None Indicated,,Dark - roadway not lighted,Ice/frost,Snow,"Surface condition (e.g., wet, icy)",Non-intersection:  Non-junction/no special feature,Paved,,Possible/Unknown,0,1,0,0,1,0,9849,1,1,,POINT (-94.086425025314 41.518429642179)
2014826379,SO1404878,11/11/2014,11-November,3-Tuesday,22:01,2200 Hours,District 5 (Southeast),,JEFFERSON,,Co Rd H43/LIBERTYVILLE RD,Collision with:  Animal,,Non-collision (single vehicle),Animal,None Indicated,,,,,,,Paved,,Property Damage Only,0,0,0,0,0,0,6000,1,1,,POINT (-92.039550732737 40.965415696544)
2014826216,14-047816,11/11/2014,11-November,3-Tuesday,03:41,0300 Hours,District 4 (Southwest),COUNCIL BLUFFS,POTTAWATTAMIE,I-80,I-80,Non-collision events:  Other non-collision (explain in narrative),On Roadway,Non-collision (single vehicle),Other (explain in narrative):  No improper action,None Indicated,,Dark - roadway not lighted,Ice/frost,Snow,"Surface condition (e.g., wet, icy)",Non-intersection:  Other non-intersection (explain in narrative),Paved,,Property Damage Only,0,0,0,0,0,0,4000,1,1,,POINT (-95.80320929241 41.260753561723)
2014826405,14-001678,11/11/2014,11-November,3-Tuesday,15:38,1500 Hours,District 1 (Central),AMES,STORY,,HAYWARD AVE,Collision with:  Vehicle in traffic,On Roadway,Rear-end (front to rear),Lost Control,None Indicated,,Daylight,Dry,Cloudy,None apparent,Non-intersection:  Non-junction/no special feature,Paved,,Property Damage Only,0,0,0,0,0,0,16800,3,1,,POINT (-93.65168820124 42.013477369646)
2014909205,115-14,11/11/2014,11-November,3-Tuesday,17:12,1700 Hours,District 4 (Southwest),,MADISON,,Co Rd P53/PITZER RD,Collision with:  Animal,,,Animal,None Indicated,,,,,,,Paved,,Property Damage Only,0,0,0,0,0,0,2000,1,777,,POINT (-94.184611621679 41.366930043868)
2014830950,PD14-11543,11/11/2014,11-November,3-Tuesday,07:39,0700 Hours,District 1 (Central),MARSHALLTOWN,MARSHALL,IA 14,IA 14/3RD AVE & E CHURCH ST,Collision with:  Vehicle in traffic,On Roadway,Broadside (front to side),Ran Traffic Signal,None Indicated,,Daylight,Dry,Cloudy,None apparent,Intersection:  Four-way intersection,Paved,,Property Damage Only,0,0,0,0,0,0,10000,2,3,,POINT (-92.908018152087 42.047921423693)
2014826194,20140033611,11/11/2014,11-November,3-Tuesday,03:51,0300 Hours,District 1 (Central),DES MOINES,POLK,I-235,I-235,Collision with fixed object:  Curb/island/raised median,On Roadway,Non-collision (single vehicle),Lost Control,None Indicated,,Dark - roadway lighted,Slush,Snow,None apparent,Non-intersection:  Non-junction/no special feature,Paved,,Possible/Unknown,0,1,0,0,1,0,5000,1,1,,POINT (-93.575726925639 41.62411885545)
2014826277,14-047845,11/11/2014,11-November,3-Tuesday,08:27,0800 Hours,District 4 (Southwest),COUNCIL BLUFFS,POTTAWATTAMIE,,KIMBERLY DR,Collision with:  Vehicle in traffic,On Roadway,Rear-end (front to rear),Illegally Parked/Unattended,None Indicated,,Daylight,Ice/frost,Clear,"Surface condition (e.g., wet, icy)",Non-intersection:  Non-junction/no special feature,Paved,,Property Damage Only,0,0,0,0,0,0,3500,2,1,,POINT (-95.832624209683 41.289024542945)
2014826413,C14003583,11/11/2014,11-November,3-Tuesday,06:34,0600 Hours,District 6 (East Central),CORALVILLE,JOHNSON,I-80,I-80,Non-collision events:  Other non-collision (explain in narrative),On Roadway,Non-collision (single vehicle),Driving too fast for conditions,None Indicated,,Dawn,Ice/frost,Snow,"Surface condition (e.g., wet, icy)",Non-intersection:  Non-junction/no special feature,Paved,,Minor Injury,0,1,0,1,0,0,10000,1,1,,POINT (-91.623389305997 41.694272468428)
2014827643,14-0645,11/11/2014,11-November,3-Tuesday,08:19,0800 Hours,District 1 (Central),CALLENDER,WEBSTER,,Co Rd D43/290TH ST & Co Rd P51/JOHNSON AVE,Collision with:  Vehicle in traffic,On Roadway,"Angle, oncoming left turn",Crossed centerline (undivided),None Indicated,,Daylight,Snow,Snow,"Surface condition (e.g., wet, icy)",Non-intersection:  Non-junction/no special feature,Paved,,Property Damage Only,0,0,0,0,0,0,7500,2,4,,POINT (-94.223124471535 42.36877786867)
2014826484,14-2166,11/11/2014,11-November,3-Tuesday,14:30,1400 Hours,District 1 (Central),POLK CITY,POLK,IA 415,IA 415/S 3RD ST,Collision with:  Vehicle in traffic,On Roadway,Rear-end (front to rear),Followed too close,None Indicated,,Daylight,Dry,Cloudy,None apparent,Intersection:  T-intersection,Paved,,Property Damage Only,0,0,0,0,0,0,3000,2,2,,POINT (-93.717031954371 41.762888824303)
2014827349,20140033615,11/11/2014,11-November,3-Tuesday,04:51,0400 Hours,District 1 (Central),DES MOINES,POLK,US 69,US 69/SE 14TH ST,Collision with fixed object:  Concrete traffic barrier (median or right side),On Roadway,Non-collision (single vehicle),Crossed centerline (undivided),None Indicated,,Dark - roadway lighted,Ice/frost,Snow,"Surface condition (e.g., wet, icy)",Non-intersection:  Other non-intersection (explain in narrative),Paved,,Property Damage Only,0,0,0,0,0,0,4000,1,1,,POINT (-93.596932722693 41.575317562583)
2014828079,14-001677,11/11/2014,11-November,3-Tuesday,12:40,1200 Hours,District 1 (Central),AMES,STORY,,HAYWARD AVE,Collision with:  Vehicle in traffic,On Roadway,Broadside (front to side),FTYROW:  Other (explain in narrative),None Indicated,,Daylight,Dry,Cloudy,Other (explain in narrative),Non-intersection:  Non-junction/no special feature,Paved,,Property Damage Only,0,0,0,0,0,0,1800,2,2,,POINT (-93.651710174975 42.015629818591)
2014827416,14-37419,11/11/2014,11-November,3-Tuesday,17:09,1700 Hours,District 3 (Northwest),SIOUX CITY,WOODBURY,,33RD ST & GLEN OAKS BLVD,Collision with:  Vehicle in traffic,On Roadway,"Angle, oncoming left turn",FTYROW:  Making left turn,None Indicated,,Dark - roadway lighted,Dry,Cloudy,None apparent,Intersection:  Four-way intersection,Paved,,Property Damage Only,0,0,0,0,0,0,7000,2,2,,POINT (-96.383688254693 42.526571622952)
2014828967,14016745,11/11/2014,11-November,3-Tuesday,17:24,1700 Hours,District 6 (East Central),,CEDAR,,Co Rd X40/GARFIELD AVE,Collision with:  Animal,,,Animal,None Indicated,,,,,,,Paved,,Property Damage Only,0,0,0,0,0,0,3000,1,1,,POINT (-91.249163381066 41.927085963957)
2014826287,2014012677,11/11/2014,11-November,3-Tuesday,08:11,0800 Hours,District 6 (East Central),IOWA CITY,JOHNSON,US 218,US 218 & ROHRET RD,Collision with:  Vehicle in traffic,On Roadway,"Sideswipe, opposite direction",Crossed centerline (undivided),None Indicated,,Daylight,Ice/frost,Cloudy,"Surface condition (e.g., wet, icy)",Non-intersection:  Other non-intersection (explain in narrative),Paved,,Property Damage Only,0,0,0,0,0,0,3000,2,3,,POINT (-91.582602898782 41.646130286161)
2014827037,14-017816,11/11/2014,11-November,3-Tuesday,19:07,1900 Hours,District 2 (Northeast),,FLOYD,US 18,US 18/US HWY 18,Collision with:  Animal,,,Animal,None Indicated,,,,,,,Paved,,Property Damage Only,0,0,0,0,0,0,2500,1,1,,POINT (-92.710374759423 43.038861410358)
2014826600,2014-78367,11/11/2014,11-November,3-Tuesday,06:40,0600 Hours,District 6 (East Central),DAVENPORT,SCOTT,,W LOCUST ST,Collision with:  Vehicle in traffic,On Roadway,Head-on (front to front),Crossed centerline (undivided),None Indicated,,Dawn,Slush,"Sleet, hail","Surface condition (e.g., wet, icy)",Intersection:  Four-way intersection,Paved,,Property Damage Only,0,0,0,0,0,0,6000,2,3,,POINT (-90.609170322283 41.538215660799)
2014826486,SO14002686,11/11/2014,11-November,3-Tuesday,08:10,0800 Hours,District 3 (Northwest),,PLYMOUTH,IA 12,IA 12/IOWA 12 & C38,Collision with:  Vehicle in traffic,On Roadway,Rear-end (front to rear),Other (explain in narrative):  Other,None Indicated,,Daylight,Dry,Cloudy,None apparent,Intersection:  T-intersection,Paved,,Property Damage Only,0,0,0,0,0,0,33500,2,5,,POINT (-96.607650855782 42.750967838904)
2014826188,20140033637,11/11/2014,11-November,3-Tuesday,09:35,0900 Hours,District 1 (Central),DES MOINES,POLK,,GRAND AVE & 56TH ST,Collision with fixed object:  Utility pole/light support,Shoulder,Non-collision (single vehicle),Made improper turn,None Indicated,,Daylight,Dry,Cloudy,Work Zone (roadway-related),Intersection:  Four-way intersection,Paved,Yes,Property Damage Only,0,0,0,0,0,0,2000,1,1,,POINT (-93.693742616883 41.582844687727)
2014827036,14-017811,11/11/2014,11-November,3-Tuesday,17:37,1700 Hours,District 2 (Northeast),,FLOYD,US 218,US 218,Collision with:  Animal,,,Animal,None Indicated,,,,,,,Paved,,Property Damage Only,0,0,0,0,0,0,2500,1,1,,POINT (-92.610573078932 43.001095342162)
2014833413,14-081111-01,11/11/2014,11-November,3-Tuesday,06:40,0600 Hours,District 6 (East Central),,IOWA,US 6,US 6,Collision with:  Animal,,,Animal,None Indicated,,,,,,,Paved,,Property Damage Only,0,0,0,0,0,0,2500,1,1,,POINT (-91.980727498474 41.774961884126)
2014826548,14-2524,11/11/2014,11-November,3-Tuesday,05:44,0500 Hours,District 1 (Central),URBANDALE,POLK,I-35,I-35,Collision with:  Vehicle in traffic,On Roadway,Rear-end (front to rear),Followed too close,None Indicated,,Dark - roadway lighted,Ice/frost,Clear,None apparent,Non-intersection:  Non-junction/no special feature,Paved,,Property Damage Only,0,0,0,0,0,0,4000,2,2,,POINT (-93.768404085538 41.65116672856)
2014829093,2014063742,11/11/2014,11-November,3-Tuesday,01:30,0100 Hours,District 4 (Southwest),,DALLAS,I-80,I-80,Collision with fixed object:  Utility pole/light support,Gore,Non-collision (single vehicle),Ran off road - right,None Indicated,,Dark - roadway lighted,Snow,Snow,"Surface condition (e.g., wet, icy)",Interchange-related:  Off-ramp,Paved,,Property Damage Only,0,0,0,0,0,0,7500,1,1,,POINT (-94.198749058023 41.511575999476)
2014826937,2014063063,11/11/2014,11-November,3-Tuesday,00:10,0000 Hours,District 4 (Southwest),,POTTAWATTAMIE,I-80,I-80,Collision with fixed object:  Bridge overhead structure,On Roadway,Non-collision (single vehicle),Ran off road - right,None Indicated,,Dark - roadway lighted,Ice/frost,Snow,"Surface condition (e.g., wet, icy)",Non-intersection:  Other non-intersection (explain in narrative),Paved,,Property Damage Only,0,0,0,0,0,0,2500,1,2,,POINT (-95.584553253638 41.496394024786)
2014826564,SA1409579,11/11/2014,11-November,3-Tuesday,08:45,0800 Hours,District 5 (Southeast),,WASHINGTON,US 218,US 218 & Co Rd G36/220TH ST,Collision with fixed object:  Bridge overhead structure,On Roadway,Non-collision (single vehicle),Swerving/Evasive Action,None Indicated,,Daylight,Ice/frost,Cloudy,"Surface condition (e.g., wet, icy)",Non-intersection:  Other non-intersection (explain in narrative),Paved,,Property Damage Only,0,0,0,0,0,0,2500,1,1,,POINT (-91.552145782797 41.337058915717)
2014826521,2014-23072,11/11/2014,11-November,3-Tuesday,00:09,0000 Hours,District 6 (East Central),,SCOTT,,Co Rd Y68/SCOTT PK RD,Collision with:  Animal,,,Animal,None Indicated,,,,,,,Paved,,Property Damage Only,0,0,0,0,0,0,10000,1,1,,POINT (-90.547116227234 41.680603464774)
2014826905,201416932,11/11/2014,11-November,3-Tuesday,12:51,1200 Hours,District 6 (East Central),CEDAR RAPIDS,LINN,,WILEY BLVD SW,Collision with:  Vehicle in traffic,On Roadway,Broadside (front to side),Improper Backing,None Indicated,,Daylight,Dry,Cloudy,Work Zone (roadway-related),Non-intersection:  Non-junction/no special feature,Paved,Yes,Property Damage Only,0,0,0,0,0,0,4550,2,4,,POINT (-91.725907292009 41.963223710271)
2014828832,111114E,11/11/2014,11-November,3-Tuesday,03:06,0300 Hours,District 4 (Southwest),TABOR,FREMONT,,Co Rd J10/WAUBONSIE AVE,Collision with:  Animal,On Roadway,Non-collision (single vehicle),Animal,None Indicated,,Dark - roadway not lighted,Snow,Cloudy,"Surface condition (e.g., wet, icy)",Non-intersection:  Non-junction/no special feature,Paved,,Property Damage Only,0,0,0,0,0,0,6900,1,1,,POINT (-95.737758951521 40.89282096822)