Iowa DOT Case Number,Law Enforcement Case Number,Date of Crash,Month of Crash,Day of Week,Time of Crash,Hour,DOT District,City Name,County Name,Route with System,Location Description,First Harmful Event,Location of First Harmful Event,Manner of Crash/Collision,Major Cause,Drug or Alcohol ,Environmental Conditions,Light Conditions,Surface Conditions,Weather Conditions,Roadway Contribution,Roadway Type,Roadway Surface,Work Zone,Crash Severity,Number of Fatalities,Number of Injuries,Number of Major Injuries,Number of Minor Injuries,Number of Possible Injuries,Number of Unknown Injuries,Amount of Property Damage,Number of Vehicles Involved,Total Number of Occupants,Travel Direction,Location
2014828876,14110259,11/11/2014,11-November,3-Tuesday,06:56,0600 Hours,District 5 (Southeast),,WAPELLO,US 34,US 34,Collision with:  Animal,,,Animal,None Indicated,,,,,,,Paved,,Property Damage Only,0,0,0,0,0,0,1500,1,1,,POINT (-92.2783773704 41.003046510762)
2014826276,14-047844,11/11/2014,11-November,3-Tuesday,09:18,0900 Hours,District 4 (Southwest),COUNCIL BLUFFS,POTTAWATTAMIE,,OPAL DR,Non-collision events:  Other non-collision (explain in narrative),On Roadway,Non-collision (single vehicle),Ran off road - right,None Indicated,,Daylight,Ice/frost,Clear,"Surface condition (e.g., wet, icy)",Non-intersection:  Non-junction/no special feature,Paved,,Property Damage Only,0,0,0,0,0,0,2000,1,1,,POINT (-95.831906365086 41.290095960513)
2014826503,14014800,11/11/2014,11-November,3-Tuesday,07:55,0700 Hours,District 4 (Southwest),GLENWOOD,MILLS,,REDBUD AVE & MARIAN AVE,Collision with:  Vehicle in traffic,Outside trafficway,"Sideswipe, opposite direction",Driving too fast for conditions,None Indicated,,Daylight,Ice/frost,"Sleet, hail",None apparent,Non-intersection:  Driveway access (within),Paved,,Property Damage Only,0,0,0,0,0,0,4000,2,4,,POINT (-95.729145947988 41.050545775334)
2014828462,14-005325,11/11/2014,11-November,3-Tuesday,08:02,0800 Hours,District 1 (Central),AMES,STORY,,ONTARIO ST & SCHOLL RD,Collision with:  Vehicle in traffic,On Roadway,"Sideswipe, same direction",Other (explain in narrative):  Other,None Indicated,,Daylight,Dry,Cloudy,None apparent,Intersection:  Four-way intersection,Paved,,Possible/Unknown,0,1,0,0,1,0,2500,2,2,,POINT (-93.665385054093 42.034456139844)
2014826904,201416927,11/11/2014,11-November,3-Tuesday,10:24,1000 Hours,District 6 (East Central),CEDAR RAPIDS,LINN,,8TH ST NE,Collision with:  Vehicle in traffic,On Roadway,Broadside (front to side),FTYROW:  Other (explain in narrative),None Indicated,,Daylight,Dry,Clear,None apparent,Non-intersection:  Alley,Paved,,Property Damage Only,0,0,0,0,0,0,11500,2,2,,POINT (-91.662430949056 41.982910227646)
2014826279,14-047860,11/11/2014,11-November,3-Tuesday,10:47,1000 Hours,District 4 (Southwest),COUNCIL BLUFFS,POTTAWATTAMIE,,7TH AVE & S 10TH ST,Collision with:  Vehicle in traffic,On Roadway,Broadside (front to side),FTYROW:  From stop sign,None Indicated,,Daylight,Ice/frost,Cloudy,None apparent,Intersection:  Four-way intersection,Paved,,Property Damage Only,0,0,0,0,0,0,1800,2,3,,POINT (-95.858958295377 41.255229698252)
2014827976,,11/11/2014,11-November,3-Tuesday,08:30,0800 Hours,District 3 (Northwest),KINGSLEY,PLYMOUTH,IA 140,IA 140/S MAIN ST/E 1ST ST & W 1ST ST,Collision with:  Vehicle in traffic,On Roadway,Rear-end (front to rear),Driving too fast for conditions,None Indicated,,Daylight,Ice/frost,Cloudy,"Surface condition (e.g., wet, icy)",Intersection:  Four-way intersection,Paved,,Property Damage Only,0,0,0,0,0,0,2000,2,2,,POINT (-95.967346951052 42.586863004338)
2014829244,14-009518,11/11/2014,11-November,3-Tuesday,18:41,1800 Hours,District 2 (Northeast),,CLAYTON,US 18,US 18 & 115TH ST,Collision with:  Animal,,,Animal,None Indicated,,,,,,,Paved,,Property Damage Only,0,0,0,0,0,0,1900,1,1,,POINT (-91.494476517408 43.057113391917)
2014826649,14-7826,11/11/2014,11-November,3-Tuesday,09:55,0900 Hours,District 2 (Northeast),ALGONA,KOSSUTH,,Co Rd B55/170 ST & Co Rd P46/140 AVE,Collision with:  Vehicle in traffic,On Roadway,"Sideswipe, same direction",Crossed centerline (undivided),None Indicated,,Daylight,Snow,Snow,None apparent,Intersection:  Four-way intersection,Paved,,Property Damage Only,0,0,0,0,0,0,1550,2,3,,POINT (-94.18808988705 43.009386758718)
2014826771,2014-78448,11/11/2014,11-November,3-Tuesday,19:31,1900 Hours,District 6 (East Central),DAVENPORT,SCOTT,US 6,US 6/E KIMBERLY RD & JERSEY RIDGE RD,Collision with:  Vehicle in traffic,On Roadway,"Angle, oncoming left turn",Ran Traffic Signal,None Indicated,,Dark - roadway lighted,Dry,Clear,None apparent,Intersection:  Four-way intersection,Paved,,Property Damage Only,0,0,0,0,0,0,8000,2,4,,POINT (-90.541682828862 41.556876147779)
2014828877,14110260,11/11/2014,11-November,3-Tuesday,07:55,0700 Hours,District 5 (Southeast),,WAPELLO,,Co Rd T67/KIRKVILLE RD,Non-collision events:  Overturn/rollover,On Roadway,Non-collision (single vehicle),Driving too fast for conditions,None Indicated,,Daylight,Ice/frost,"Sleet, hail","Surface condition (e.g., wet, icy)",Non-intersection:  Non-junction/no special feature,Paved,,Possible/Unknown,0,1,0,0,1,0,2500,1,1,,POINT (-92.514452755764 41.121910385907)
2014826170,W14-111864,11/11/2014,11-November,3-Tuesday,10:21,1000 Hours,District 2 (Northeast),WATERLOO,BLACK HAWK,US 63,US 63/SERGEANT RD & RANCHERO RD,Collision with:  Vehicle in traffic,On Roadway,Broadside (front to side),FTYROW:  From stop sign,None Indicated,,Daylight,Dry,Cloudy,None apparent,Intersection:  Four-way intersection,Paved,,Property Damage Only,0,0,0,0,0,0,6000,2,2,,POINT (-92.408661883239 42.454831264197)
2014826684,,11/11/2014,11-November,3-Tuesday,08:38,0800 Hours,District 4 (Southwest),,ADAIR,I-80,I-80,Collision with fixed object:  Guardrail - face,Roadside,Non-collision (single vehicle),Swerving/Evasive Action,None Indicated,,Daylight,Ice/frost,Other (explain in narrative),None apparent,Non-intersection:  Non-junction/no special feature,Paved,,Property Damage Only,0,0,0,0,0,0,2000,1,1,,POINT (-94.265877951798 41.493076452612)
2014826946,SO1404869,11/11/2014,11-November,3-Tuesday,17:15,1700 Hours,District 5 (Southeast),,JEFFERSON,,Co Rd W21/PLEASANT PLAIN RD,Collision with:  Animal,,,Animal,None Indicated,,,,,,,Paved,,Property Damage Only,0,0,0,0,0,0,1800,1,1,,POINT (-91.93061976197 41.047240296876)
2014826387,20140033668,11/11/2014,11-November,3-Tuesday,15:50,1500 Hours,District 1 (Central),DES MOINES,POLK,US 69,US 69/E 14TH ST & E HULL AVE,Collision with:  Non-motorist (see non-motorist section - NOT a unit),On Roadway,Non-collision (single vehicle),FTYROW:  To pedestrian,None Indicated,,Daylight,Dry,Cloudy,None apparent,Intersection:  Four-way intersection,Paved,,Minor Injury,0,1,0,1,0,0,0,1,1,,POINT (-93.600546353825 41.622244476401)
2014826483,20141065,11/11/2014,11-November,3-Tuesday,16:00,1600 Hours,District 6 (East Central),MOUNT VERNON,LINN,,2ND ST SW & 2ND AVE SW,Collision with fixed object:  Tree,On Roadway,Non-collision (single vehicle),Other (explain in narrative):  No improper action,None Indicated,,Daylight,Dry,Cloudy,None apparent,Non-intersection:  Non-junction/no special feature,Paved,,Property Damage Only,0,0,0,0,0,0,5000,1,1,,POINT (-91.418797155668 41.922036566793)
2014833000,,11/11/2014,11-November,3-Tuesday,07:55,0700 Hours,District 2 (Northeast),CLEAR LAKE,CERRO GORDO,US 18,US 18 & N 16TH ST W,Collision with:  Vehicle in traffic,On Roadway,Broadside (front to side),FTYROW:  From stop sign,None Indicated,,Daylight,"Mud, dirt",Cloudy,Other (explain in narrative),Intersection:  Four-way intersection,Paved,,Property Damage Only,0,0,0,0,0,0,5000,2,2,,POINT (-93.408505256416 43.14168634873)
2014827087,14-002588,11/12/2014,11-November,4-Wednesday,19:30,1900 Hours,District 1 (Central),ALTOONA,POLK,,12TH AVE NW,Collision with:  Parked motor vehicle,On Roadway,Rear-end (front to rear),Lost Control,None Indicated,,Dark - roadway lighted,Dry,Cloudy,None apparent,Non-intersection:  Non-junction/no special feature,Paved,,Property Damage Only,0,0,0,0,0,0,6000,2,1,,POINT (-93.478242572336 41.655298303681)
2014826720,14024039,11/12/2014,11-November,4-Wednesday,16:31,1600 Hours,District 6 (East Central),MARION,LINN,IA 100,IA 100/COLLINS RD SE,Collision with:  Vehicle in traffic,On Roadway,Rear-end (front to rear),Followed too close,None Indicated,,Dusk,Dry,Snow,None apparent,Non-intersection:  Non-junction/no special feature,Paved,,Property Damage Only,0,0,0,0,0,0,9300,3,4,,POINT (-91.601024697565 42.015447800052)
2014828584,2014063245,11/12/2014,11-November,4-Wednesday,06:35,0600 Hours,District 5 (Southeast),,CLARKE,I-35,I-35,Collision with:  Animal,,Non-collision (single vehicle),Animal,None Indicated,,,,,,,Paved,,Property Damage Only,0,0,0,0,0,0,8000,1,1,,POINT (-93.778612700192 41.094683828124)
2014827066,2014-039585,11/12/2014,11-November,4-Wednesday,17:48,1700 Hours,District 6 (East Central),DUBUQUE,DUBUQUE,US 52,US 52/CENTRAL AVE,Collision with:  Vehicle in traffic,On Roadway,"Sideswipe, same direction",FTYROW:  From driveway,None Indicated,,Dark - roadway lighted,Dry,Clear,None apparent,Non-intersection:  Driveway access (within),Paved,,Property Damage Only,0,0,0,0,0,0,1500,2,3,,POINT (-90.67021900984 42.511722192545)
2014827849,SO1404879,11/12/2014,11-November,4-Wednesday,05:48,0500 Hours,District 5 (Southeast),,JEFFERSON,IA 1,IA 1/IOWA 1,Collision with:  Animal,,,Animal,None Indicated,,,,,,,Paved,,Property Damage Only,0,0,0,0,0,0,8000,1,1,,POINT (-91.94851350884 40.911140093742)
2014855294,,11/12/2014,11-November,4-Wednesday,17:30,1700 Hours,District 2 (Northeast),,HUMBOLDT,,Co Rd P56/LONE TREE RD,Collision with:  Animal,On Roadway,Non-collision (single vehicle),Animal,None Indicated,,Dark - roadway not lighted,Dry,Clear,None apparent,Non-intersection:  Non-junction/no special feature,Paved,,Property Damage Only,0,0,0,0,0,0,3000,1,1,,POINT (-94.181128552746 42.691269790195)
2014827930,14007170,11/12/2014,11-November,4-Wednesday,17:56,1700 Hours,District 2 (Northeast),,CERRO GORDO,,Co Rd S14/BALSAM AVE,Collision with:  Animal,,,Animal,None Indicated,,,,,,,Paved,,Property Damage Only,0,0,0,0,0,0,5000,1,1,,POINT (-93.477903154034 43.22136200647)
2014827465,14-009942,11/12/2014,11-November,4-Wednesday,20:33,2000 Hours,District 4 (Southwest),,CASS,US 6,US 6/650TH ST,Collision with:  Animal,,Non-collision (single vehicle),Animal,None Indicated,,,,,,,Paved,,Property Damage Only,0,0,0,0,0,0,1800,1,1,,POINT (-94.945771311807 41.464910714407)
2014826778,14-047996,11/12/2014,11-November,4-Wednesday,15:10,1500 Hours,District 4 (Southwest),COUNCIL BLUFFS,POTTAWATTAMIE,,23RD AVE & S 23RD ST,Collision with:  Vehicle in traffic,On Roadway,Rear-end (front to rear),Followed too close,None Indicated,,Daylight,Dry,Clear,None apparent,Intersection:  T-intersection,Paved,,Possible/Unknown,0,1,0,0,1,0,4000,2,6,,POINT (-95.877610247993 41.23942684713)
2014827237,17180-14,11/12/2014,11-November,4-Wednesday,14:51,1400 Hours,District 3 (Northwest),SPENCER,CLAY,,E 3RD ST & 1ST AVE E,Collision with:  Vehicle in traffic,On Roadway,Broadside (front to side),FTYROW:  From yield sign,None Indicated,,Daylight,Snow,Snow,"Surface condition (e.g., wet, icy)",Intersection:  Four-way intersection,Paved,,Property Damage Only,0,0,0,0,0,0,7300,3,2,,POINT (-95.143137936834 43.140430699076)
2014828291,2014063361,11/12/2014,11-November,4-Wednesday,17:45,1700 Hours,District 2 (Northeast),,BLACK HAWK,US 20,US 20,Collision with:  Animal,,,Animal,None Indicated,,,,,,,Paved,,Property Damage Only,0,0,0,0,0,0,4000,1,1,,POINT (-92.088294848133 42.44935350632)
2014826976,14171861,11/12/2014,11-November,4-Wednesday,16:43,1600 Hours,District 6 (East Central),,JOHNSON,IA 1,IA 1/IOWA 1,Collision with:  Animal,On Roadway,Non-collision (single vehicle),Animal,None Indicated,,Dark - roadway not lighted,Dry,Cloudy,None apparent,Non-intersection:  Other non-intersection (explain in narrative),Paved,,Property Damage Only,0,0,0,0,0,0,10000,1,1,,POINT (-91.627800359165 41.620126376086)
2014826725,14-7514,11/12/2014,11-November,4-Wednesday,19:15,1900 Hours,District 1 (Central),BONDURANT,POLK,US 65,US 65/HUBBELL AVE,Collision with:  Animal,,,Animal,None Indicated,,,,,,,Paved,,Property Damage Only,0,0,0,0,0,0,5000,1,1,,POINT (-93.464529909606 41.685771690754)
2014827280,14024045,11/12/2014,11-November,4-Wednesday,18:47,1800 Hours,District 6 (East Central),MARION,LINN,,10TH AVE & 50TH ST,Collision with:  Vehicle in traffic,On Roadway,Broadside (front to side),FTYROW:  From stop sign,None Indicated,,Dark - roadway lighted,Dry,Clear,None apparent,Intersection:  Four-way intersection,Paved,,Minor Injury,0,1,0,1,0,0,7000,2,2,,POINT (-91.556905028561 42.035805191049)
2014826799,148740,11/12/2014,11-November,4-Wednesday,17:48,1700 Hours,District 4 (Southwest),,DALLAS,IA 141,IA 141/141ST ST & QUINLAN AVE,Collision with:  Animal,,,Animal,None Indicated,,,,,,,Paved,,Property Damage Only,0,0,0,0,0,0,5000,1,1,,POINT (-93.963522317981 41.834888081987)
2014826726,14-7515,11/12/2014,11-November,4-Wednesday,19:48,1900 Hours,District 1 (Central),,POLK,US 69,US 69/N 14TH ST,Collision with:  Animal,,,Animal,None Indicated,,,,,,,Paved,,Property Damage Only,0,0,0,0,0,0,1500,1,1,,POINT (-93.600606401261 41.679133376714)
2014909207,117-14,11/12/2014,11-November,4-Wednesday,17:30,1700 Hours,District 4 (Southwest),,MADISON,IA 92,IA 92/IOWA 92,Collision with:  Animal,,,Animal,None Indicated,,,,,,,Paved,,Property Damage Only,0,0,0,0,0,0,3000,1,777,,POINT (-93.917455716719 41.355318504799)
2014827974,,11/12/2014,11-November,4-Wednesday,14:50,1400 Hours,District 4 (Southwest),,MONTGOMERY,,Co Rd H42/230 ST,Collision with fixed object:  Utility pole/light support,On Roadway,Non-collision (single vehicle),Ran off road - right,None Indicated,,Daylight,"Mud, dirt",Clear,None apparent,Non-intersection:  Non-junction/no special feature,Unpaved,,Property Damage Only,0,0,0,0,0,0,26000,1,1,,POINT (-95.227612620516 40.973625635714)
2014827236,14-017161,11/12/2014,11-November,4-Wednesday,08:18,0800 Hours,District 3 (Northwest),SPENCER,CLAY,,E 9TH ST & 4TH AVE E,Collision with:  Vehicle in traffic,On Roadway,Broadside (front to side),Other (explain in narrative):  Vision obstructed,None Indicated,,Daylight,Dry,Clear,None apparent,Intersection:  Four-way intersection,Paved,,Property Damage Only,0,0,0,0,0,0,2500,2,3,,POINT (-95.139541104692 43.146945226966)
2014828159,14-001339,11/12/2014,11-November,4-Wednesday,17:04,1700 Hours,District 1 (Central),,STORY,I-35,I-35,Collision with:  Vehicle in traffic,On Roadway,Unknown,Crossed centerline (undivided),None Indicated,,Dusk,Dry,Clear,None apparent,Non-intersection:  Non-junction/no special feature,Paved,,Property Damage Only,0,0,0,0,0,0,13500,2,3,,POINT (-93.569924935638 41.932176995548)
2014826349,W14-112156,11/12/2014,11-November,4-Wednesday,11:10,1100 Hours,District 2 (Northeast),WATERLOO,BLACK HAWK,,LOCUST ST & W 4TH ST,Collision with:  Vehicle in traffic,On Roadway,"Sideswipe, same direction",FTYROW:  Other (explain in narrative),None Indicated,,Daylight,Dry,Cloudy,None apparent,Intersection:  Four-way intersection,Paved,,Possible/Unknown,0,1,0,0,1,0,12000,2,2,,POINT (-92.349048551511 42.488577425297)
2014826879,2014-24537,11/12/2014,11-November,4-Wednesday,17:47,1700 Hours,District 5 (Southeast),,WARREN,,Co Rd R63/98TH AVE,Collision with:  Animal,,,Animal,None Indicated,,,,,,,Paved,,Property Damage Only,0,0,0,0,0,0,1500,1,1,,POINT (-93.621444075472 41.446796619057)
2014827805,14112192,11/12/2014,11-November,4-Wednesday,13:42,1300 Hours,District 2 (Northeast),CEDAR FALLS,BLACK HAWK,,4TH ST,Collision with:  Vehicle in traffic,On Roadway,Broadside (front to side),FTYROW:  Other (explain in narrative),None Indicated,,Daylight,Dry,Clear,None apparent,Non-intersection:  Non-junction/no special feature,Paved,,Property Damage Only,0,0,0,0,0,0,2000,2,3,,POINT (-92.471775976063 42.534949370351)
2014827498,14026578,11/12/2014,11-November,4-Wednesday,19:15,1900 Hours,District 5 (Southeast),OSKALOOSA,MAHASKA,IA 92,IA 92/A AVE W,Collision with:  Vehicle in traffic,On Roadway,Rear-end (front to rear),Improper or erratic lane changing,None Indicated,,Dark - roadway lighted,Dry,Cloudy,None apparent,Non-intersection:  Non-junction/no special feature,Paved,,Property Damage Only,0,0,0,0,0,0,5000,2,5,,POINT (-92.649443153316 41.296225445651)
2014826432,14-047988,11/12/2014,11-November,4-Wednesday,14:00,1400 Hours,District 4 (Southwest),COUNCIL BLUFFS,POTTAWATTAMIE,,,Collision with:  Non-motorist (see non-motorist section - NOT a unit),On Roadway,Non-collision (single vehicle),Unknown,None Indicated,,Daylight,Ice/frost,Cloudy,Ruts/holes/bumps,Non-intersection:  Non-junction/no special feature,,,Possible/Unknown,0,1,0,0,1,0,0,1,1,,POINT (-96.643700149993 40.233091251414)
2014829699,146670,11/12/2014,11-November,4-Wednesday,19:14,1900 Hours,District 1 (Central),,HARDIN,,Co Rd D20/ST HWY 941,Collision with:  Animal,,,Animal,None Indicated,,,,,,,Paved,,Property Damage Only,0,0,0,0,0,0,3000,1,1,,POINT (-93.339036713532 42.516554897958)
2014826920,SA1409613,11/12/2014,11-November,4-Wednesday,15:22,1500 Hours,District 5 (Southeast),KALONA,WASHINGTON,IA 22,IA 22/E AVE & 3RD ST,Collision with:  Vehicle in traffic,On Roadway,"Sideswipe, same direction",Crossed centerline (undivided),None Indicated,,Daylight,Dry,Clear,None apparent,Non-intersection:  Non-junction/no special feature,Paved,,Property Damage Only,0,0,0,0,0,0,4000,2,2,,POINT (-91.709430442296 41.485902504455)
2014826733,20140033771,11/12/2014,11-November,4-Wednesday,17:10,1700 Hours,District 1 (Central),DES MOINES,POLK,,URBANDALE AVE & MLK JR PKWY,Collision with:  Vehicle in traffic,On Roadway,Head-on (front to front),FTYROW:  Making left turn,None Indicated,,Dark - roadway lighted,Dry,Cloudy,None apparent,Intersection:  T-intersection,Paved,,Minor Injury,0,2,0,1,1,0,9000,2,5,,POINT (-93.64995594408 41.624785976738)
2014832061,,11/12/2014,11-November,4-Wednesday,07:45,0700 Hours,District 2 (Northeast),,WINNESHIEK,,230TH AVE,Non-collision events:  Overturn/rollover,Shoulder,Non-collision (single vehicle),Crossed centerline (undivided),None Indicated,,Daylight,Dry,,None apparent,Non-intersection:  Non-junction/no special feature,Unpaved,,Minor Injury,0,2,0,1,1,0,2000,1,2,,POINT (-91.848856754048 43.161558795924)
2014830067,14-065,11/12/2014,11-November,4-Wednesday,20:59,2000 Hours,District 3 (Northwest),LOHRVILLE,CALHOUN,IA 4,IA 4/360TH ST/5TH ST & TRAER AVE,Collision with:  Animal,,,Animal,None Indicated,,,,,,,Paved,,Property Damage Only,0,0,0,0,0,0,4000,1,1,,POINT (-94.53280309216 42.267260669172)
2014827928,14007160,11/12/2014,11-November,4-Wednesday,06:43,0600 Hours,District 2 (Northeast),PLYMOUTH,CERRO GORDO,,Co Rd S56/THRUSH AVE & BROAD ST,Collision with:  Animal,,,Animal,None Indicated,,,,,,,Paved,,Property Damage Only,0,0,0,0,0,0,7000,1,1,,POINT (-93.123302639324 43.23994301685)
2014909206,116-14,11/12/2014,11-November,4-Wednesday,05:26,0500 Hours,District 4 (Southwest),,MADISON,IA 92,IA 92/IOWA 92,Collision with:  Animal,On Roadway,Non-collision (single vehicle),Animal,None Indicated,,Dark - roadway not lighted,Dry,Cloudy,None apparent,Non-intersection:  Non-junction/no special feature,Paved,,Property Damage Only,0,0,0,0,0,0,4000,1,1,,POINT (-94.236062449172 41.315821120699)
2014826955,14007848,11/12/2014,11-November,4-Wednesday,03:30,0300 Hours,District 1 (Central),,HAMILTON,US 20,US 20,Non-collision events:  Overturn/rollover,Median,Non-collision (single vehicle),Ran off road - right,Alcohol (Statutory),,Dark - roadway not lighted,Dry,Cloudy,None apparent,Non-intersection:  Non-junction/no special feature,Paved,,Minor Injury,0,1,0,1,0,0,8500,1,1,,POINT (-93.646249155497 42.449032211582)
2014836908,2014-78642,11/12/2014,11-November,4-Wednesday,16:21,1600 Hours,District 6 (East Central),DAVENPORT,SCOTT,,W 4TH ST & GAINES ST,Collision with:  Vehicle in traffic,On Roadway,Broadside (front to side),Ran Traffic Signal,None Indicated,,Dusk,Dry,Cloudy,None apparent,Intersection:  T-intersection,Paved,,Property Damage Only,0,0,0,0,0,0,3500,2,2,,POINT (-90.582962457993 41.523518397837)
2014827109,14-001337,11/12/2014,11-November,4-Wednesday,07:47,0700 Hours,District 1 (Central),,STORY,,Co Rd E63/320TH ST & Co Rd R38/510TH AVE,Collision with:  Vehicle in traffic,On Roadway,"Angle, oncoming left turn",FTYROW:  Other (explain in narrative),None Indicated,,Daylight,Dry,Clear,None apparent,Non-intersection:  Non-junction/no special feature,Paved,,Property Damage Only,0,0,0,0,0,0,6000,2,5,,POINT (-93.678663690291 41.892451487679)
2014826958,2014012710,11/12/2014,11-November,4-Wednesday,14:28,1400 Hours,District 6 (East Central),IOWA CITY,JOHNSON,,W JEFFERSON ST & N MADISON ST,Collision with:  Non-motorist (see non-motorist section - NOT a unit),On Roadway,Non-collision (single vehicle),Other (explain in narrative):  No improper action,None Indicated,,Daylight,Dry,Cloudy,None apparent,Intersection:  Four-way intersection,Paved,,Possible/Unknown,0,1,0,0,1,0,1150,1,2,,POINT (-91.53770724415 41.662491704502)
2014829641,14-009929,11/12/2014,11-November,4-Wednesday,09:55,0900 Hours,District 4 (Southwest),ATLANTIC,CASS,,9TH ST,Collision with:  Vehicle in traffic,On Roadway,Broadside (front to side),FTYROW:  Other (explain in narrative),None Indicated,,Daylight,Dry,Cloudy,None apparent,Non-intersection:  Alley,Paved,,Property Damage Only,0,0,0,0,0,0,5400,2,2,,POINT (-95.016541002195 41.402003447691)
2014828917,2014063343,11/12/2014,11-November,4-Wednesday,16:00,1600 Hours,District 4 (Southwest),,DALLAS,US 6,US 6/N AVE & ELLEFSON DR,Collision with:  Vehicle in traffic,On Roadway,Rear-end (front to rear),Swerving/Evasive Action,None Indicated,,Daylight,Dry,Cloudy,None apparent,Intersection:  Other intersection (explain in narrative),Paved,,Property Damage Only,0,0,0,0,0,0,10000,2,4,,POINT (-94.012656339175 41.54431415678)
2014828236,201404169,11/12/2014,11-November,4-Wednesday,17:50,1700 Hours,District 6 (East Central),,LINN,US 151,US 151 & IA 100/COLLINS RD SE & SECRIST RD,Collision with:  Vehicle in traffic,On Roadway,Rear-end (front to rear),Followed too close,None Indicated,,Dark - roadway lighted,Dry,Cloudy,None apparent,Intersection:  Four-way intersection,Paved,,Property Damage Only,0,0,0,0,0,0,4500,2,2,,POINT (-91.550211048314 42.019905720092)
2014826653,14-7855,11/12/2014,11-November,4-Wednesday,13:35,1300 Hours,District 2 (Northeast),BANCROFT,KOSSUTH,US 169,US 169,Collision with:  Animal,,,Animal,None Indicated,,,,,,,Paved,,Property Damage Only,0,0,0,0,0,0,2500,1,1,,POINT (-94.226384575246 43.254199988127)
2014826953,14-40617,11/12/2014,11-November,4-Wednesday,19:40,1900 Hours,District 5 (Southeast),,DES MOINES,,ROCK SPRING RD,Non-collision events:  Overturn/rollover,On Roadway,Non-collision (single vehicle),Exceeded authorized speed,None Indicated,,Dark - roadway not lighted,Dry,Clear,None apparent,Non-intersection:  Non-junction/no special feature,Unpaved,,Minor Injury,0,1,0,1,0,0,1500,1,4,,POINT (-91.200075158949 40.741086284646)
2014826753,14-22128,11/12/2014,11-November,4-Wednesday,08:55,0800 Hours,District 6 (East Central),BETTENDORF,SCOTT,,MIDDLE RD & BROOKVIEW CT,Collision with:  Vehicle in traffic,On Roadway,Broadside (front to side),FTYROW:  Making left turn,None Indicated,,Daylight,Dry,Cloudy,None apparent,Intersection:  T-intersection,Paved,,Property Damage Only,0,0,0,0,0,0,7500,2,2,,POINT (-90.465908183426 41.564101387407)
2014826895,201404174,11/12/2014,11-November,4-Wednesday,21:34,2100 Hours,District 6 (East Central),,LINN,US 151,US 151/DUBUQUE RD & STONE RD,Collision with:  Animal,,,Animal,None Indicated,,,,,,,Paved,,Property Damage Only,0,0,0,0,0,0,3000,1,1,,POINT (-91.481757266696 42.049650886708)
2014828712,,11/12/2014,11-November,4-Wednesday,18:30,1800 Hours,District 4 (Southwest),,MILLS,US 34,US 34 & Co Rd H34/380TH ST,Collision with:  Animal,On Roadway,Non-collision (single vehicle),Animal,None Indicated,,Dark - roadway not lighted,Dry,Clear,,Non-intersection:  Non-junction/no special feature,Paved,,Property Damage Only,0,0,0,0,0,0,5000,1,1,,POINT (-95.460758939886 41.030842082541)
2014826740,20140033773,11/12/2014,11-November,4-Wednesday,17:31,1700 Hours,District 1 (Central),DES MOINES,POLK,US 6,US 6/DOUGLAS AVE & MLK JR PKWY,Collision with:  Vehicle in traffic,On Roadway,"Angle, oncoming left turn",Ran Traffic Signal,None Indicated,,Dark - roadway lighted,Dry,Cloudy,None apparent,Intersection:  Four-way intersection,Paved,,Possible/Unknown,0,1,0,0,1,0,2500,2,2,,POINT (-93.651461773035 41.627695781607)
2014828504,162-2014,11/12/2014,11-November,4-Wednesday,17:32,1700 Hours,District 4 (Southwest),,HARRISON,,Co Rd K45/235TH ST,Collision with:  Animal,On Roadway,Non-collision (single vehicle),Animal,None Indicated,,Dusk,Dry,Cloudy,None apparent,Non-intersection:  Non-junction/no special feature,Paved,,Major Injury,0,1,1,0,0,0,7500,1,1,,POINT (-96.028029832296 41.668599529855)
2014832210,111214A,11/12/2014,11-November,4-Wednesday,19:50,1900 Hours,District 4 (Southwest),,FREMONT,IA 2,IA 2/IOWA 2,Collision with:  Animal,,,Animal,None Indicated,,,,,,,Paved,,Property Damage Only,0,0,0,0,0,0,4500,1,1,,POINT (-95.822474296945 40.679834439419)
2014826754,14-22130,11/12/2014,11-November,4-Wednesday,09:05,0900 Hours,District 6 (East Central),BETTENDORF,SCOTT,,RED FOX RD & 56TH AVE CT,Non-collision events:  Other non-collision (explain in narrative),Outside trafficway,Non-collision (single vehicle),Improper Backing,None Indicated,,Daylight,Dry,Cloudy,None apparent,Non-intersection:  Other non-intersection (explain in narrative),Paved,,Major Injury,0,1,1,0,0,0,0,1,1,,POINT (-90.461104116221 41.578675568339)
2014826803,14-5719,11/12/2014,11-November,4-Wednesday,16:42,1600 Hours,District 1 (Central),WEST DES MOINES,POLK,,UNIVERSITY AVE,Collision with:  Vehicle in traffic,On Roadway,Rear-end (front to rear),Driver Distraction:  Passenger,None Indicated,,Dusk,Dry,Cloudy,None apparent,Intersection:  Four-way intersection,Paved,,Property Damage Only,0,0,0,0,0,0,1500,3,5,,POINT (-93.75221420217 41.600437390634)
2014854624,14680872,11/12/2014,11-November,4-Wednesday,05:49,0500 Hours,District 5 (Southeast),,WAPELLO,,Co Rd T61/MONROE WAPELLO RD,Collision with:  Animal,,,Animal,None Indicated,,,,,,,Paved,,Property Damage Only,0,0,0,0,0,0,4500,1,1,,POINT (-92.63938175621 40.940133992279)
2014827417,14-37445,11/12/2014,11-November,4-Wednesday,01:08,0100 Hours,District 3 (Northwest),SIOUX CITY,WOODBURY,,CHEYENNE BLVD,Collision with fixed object:  Tree,On Roadway,Non-collision (single vehicle),Ran off road - right,Alcohol (Statutory),,Dark - roadway lighted,Other (explain in narrative),Cloudy,Unknown,Non-intersection:  Non-junction/no special feature,Paved,,Property Damage Only,0,0,0,0,0,0,4275,1,1,,POINT (-96.393568846107 42.527611778564)