Iowa DOT Case Number,Law Enforcement Case Number,Date of Crash,Month of Crash,Day of Week,Time of Crash,Hour,DOT District,City Name,County Name,Route with System,Location Description,First Harmful Event,Location of First Harmful Event,Manner of Crash/Collision,Major Cause,Drug or Alcohol ,Environmental Conditions,Light Conditions,Surface Conditions,Weather Conditions,Roadway Contribution,Roadway Type,Roadway Surface,Work Zone,Crash Severity,Number of Fatalities,Number of Injuries,Number of Major Injuries,Number of Minor Injuries,Number of Possible Injuries,Number of Unknown Injuries,Amount of Property Damage,Number of Vehicles Involved,Total Number of Occupants,Travel Direction,Location
2014850985,14009168,11/13/2014,11-November,5-Thursday,01:16,0100 Hours,District 5 (Southeast),,LOUISA,US 61,US 61,Collision with:  Animal,,,Animal,None Indicated,,,,,,,Paved,,Property Damage Only,0,0,0,0,0,0,1500,1,1,,POINT (-91.179652709913 41.108586470727)
2014827050,2014-013795,11/13/2014,11-November,5-Thursday,18:52,1800 Hours,District 6 (East Central),,DUBUQUE,,Co Rd Y13/HOLY CROSS RD & DYERSVILLE EAST RD,Collision with:  Animal,,,Animal,None Indicated,,,,,,,Paved,,Property Damage Only,0,0,0,0,0,0,5000,1,1,,POINT (-90.991397112235 42.508033448571)
2014828837,14-0650,11/13/2014,11-November,5-Thursday,16:30,1600 Hours,District 1 (Central),,WEBSTER,,Co Rd P33/JOHNSON AVE,Collision with:  Vehicle in traffic,On Roadway,"Sideswipe, opposite direction",Unknown,None Indicated,,Dusk,Dry,Clear,None apparent,Non-intersection:  Non-junction/no special feature,Unpaved,,Property Damage Only,0,0,0,0,0,0,2000,2,2,,POINT (-94.266120745848 42.510854455173)
2014826990,20140033882,11/13/2014,11-November,5-Thursday,18:05,1800 Hours,District 1 (Central),DES MOINES,POLK,,E LOCUST ST & E 6TH ST,Collision with:  Vehicle in traffic,On Roadway,Broadside (front to side),Ran Traffic Signal,None Indicated,,Dark - roadway lighted,Dry,Clear,None apparent,Intersection:  Four-way intersection,Paved,,Property Damage Only,0,0,0,0,0,0,3500,2,3,,POINT (-93.609833461726 41.589967728451)
2014829160,14-10775,11/13/2014,11-November,5-Thursday,17:41,1700 Hours,District 5 (Southeast),MOUNT PLEASANT,HENRY,,N WILSON ST,Collision with fixed object:  Utility pole/light support,Outside trafficway,Non-collision (single vehicle),Ran off road - left,None Indicated,,Dusk,Ice/frost,Snow,None apparent,Non-intersection:  Non-junction/no special feature,Paved,,Minor Injury,0,1,0,1,0,0,4000,1,1,,POINT (-91.539335322698 40.966612470775)
2014826978,14-7545,11/13/2014,11-November,5-Thursday,18:59,1800 Hours,District 1 (Central),DES MOINES,POLK,IA 415,IA 415/2ND AVE,Collision with:  Vehicle in traffic,On Roadway,Rear-end (front to rear),Lost Control,None Indicated,,Dark - roadway not lighted,Dry,Cloudy,None apparent,Non-intersection:  Non-junction/no special feature,Paved,,Property Damage Only,0,0,0,0,0,0,3000,2,3,,POINT (-93.620524918106 41.665219641573)
2014827141,14-048146,11/13/2014,11-November,5-Thursday,16:53,1600 Hours,District 4 (Southwest),COUNCIL BLUFFS,POTTAWATTAMIE,,4TH AVE & S 26TH ST,Collision with:  Vehicle in traffic,On Roadway,Broadside (front to side),FTYROW:  At uncontrolled intersection,None Indicated,,Daylight,Dry,Clear,None apparent,Intersection:  Four-way intersection,Paved,,Possible/Unknown,0,1,0,0,1,0,5000,2,4,,POINT (-95.884393071195 41.257990184366)
2014826930,14-40702,11/13/2014,11-November,5-Thursday,12:23,1200 Hours,District 5 (Southeast),BURLINGTON,DES MOINES,,SOUTH ST,Collision with fixed object:  Tree,On Roadway,Non-collision (single vehicle),Lost Control,None Indicated,,Daylight,Dry,Cloudy,None apparent,Non-intersection:  Non-junction/no special feature,Paved,,Property Damage Only,0,0,0,0,0,0,2500,1,1,,POINT (-91.119278961752 40.795754560005)
2014827819,14-41126,11/13/2014,11-November,5-Thursday,19:00,1900 Hours,District 5 (Southeast),BURLINGTON,DES MOINES,,MT PLEASANT ST & CURRAN ST,Collision with:  Vehicle in traffic,On Roadway,Rear-end (front to rear),Lost Control,None Indicated,,Dark - roadway lighted,Ice/frost,Snow,"Surface condition (e.g., wet, icy)",Intersection:  Four-way intersection,Paved,,Property Damage Only,0,0,0,0,0,0,5500,2,2,,POINT (-91.126239355745 40.8209366205)
2014828022,,11/13/2014,11-November,5-Thursday,21:00,2100 Hours,District 2 (Northeast),,WINNESHIEK,,Co Rd A26/BIG CANOE RD,Collision with:  Animal,On Roadway,Non-collision (single vehicle),Animal,None Indicated,,Dark - roadway not lighted,Dry,Cloudy,,Non-intersection:  Non-junction/no special feature,Paved,,Property Damage Only,0,0,0,0,0,0,4000,1,1,,POINT (-91.630593336211 43.421328575688)
2014827044,14-30122,11/13/2014,11-November,5-Thursday,17:30,1700 Hours,District 1 (Central),,JASPER,I-80,I-80,Non-collision events:  Other non-collision (explain in narrative),On Roadway,Non-collision (single vehicle),Ran off road - right,None Indicated,,Dark - roadway not lighted,Snow,Snow,"Surface condition (e.g., wet, icy)",Non-intersection:  Non-junction/no special feature,Paved,,Property Damage Only,0,0,0,0,0,0,20000,1,1,,POINT (-92.922876095522 41.681199236563)
2014835419,K14-096,11/13/2014,11-November,5-Thursday,16:40,1600 Hours,District 4 (Southwest),LOGAN,HARRISON,,6TH ST & 1ST AVE,Collision with:  Vehicle in traffic,On Roadway,Broadside (front to side),FTYROW:  From stop sign,None Indicated,,Daylight,Dry,Cloudy,None apparent,Intersection:  Four-way intersection,Paved,,Property Damage Only,0,0,0,0,0,0,2000,2,2,,POINT (-95.790466953289 41.644096707293)
2014827474,14-047449,11/13/2014,11-November,5-Thursday,18:18,1800 Hours,District 5 (Southeast),MUSCATINE,MUSCATINE,,E 5TH ST & OAK ST,Collision with:  Vehicle in traffic,On Roadway,Broadside (front to side),Ran Stop Sign,None Indicated,,Dark - roadway lighted,Dry,Clear,None apparent,Intersection:  Four-way intersection,Paved,,Possible/Unknown,0,1,0,0,1,0,4000,2,3,,POINT (-91.041687274071 41.427256219372)
2014828232,201400004192,11/13/2014,11-November,5-Thursday,21:26,2100 Hours,District 6 (East Central),,LINN,I-380,I-380,Collision with:  Non-motorist (see non-motorist section - NOT a unit),On Roadway,Non-collision (single vehicle),Other (explain in narrative):  No improper action,None Indicated,,Dark - roadway not lighted,Dry,Snow,None apparent,Non-intersection:  Non-junction/no special feature,Paved,,Fatal,1,0,0,0,0,0,7500,1,2,,POINT (-91.70148175895 42.089687817225)
2014828681,S14-004532,11/13/2014,11-November,5-Thursday,22:46,2200 Hours,District 4 (Southwest),,POTTAWATTAMIE,IA 92,IA 92/IOWA 92,Collision with:  Animal,,,Animal,None Indicated,,,,,,,Paved,,Property Damage Only,0,0,0,0,0,0,2000,1,1,,POINT (-95.816430264605 41.229565668466)
2014827256,14-8289,11/13/2014,11-November,5-Thursday,12:52,1200 Hours,District 3 (Northwest),,IDA,,GERMAN AVE & 150TH ST,Non-collision events:  Overturn/rollover,On Roadway,Non-collision (single vehicle),Driving too fast for conditions,None Indicated,,Daylight,Dry,Cloudy,None apparent,Non-intersection:  Non-junction/no special feature,Paved,,Possible/Unknown,0,2,0,0,2,0,3000,1,2,,POINT (-95.525296319627 42.48936104289)
2014827149,14-5741,11/13/2014,11-November,5-Thursday,17:50,1700 Hours,District 1 (Central),WEST DES MOINES,POLK,,UNIVERSITY AVE & 36TH ST,Collision with:  Vehicle in traffic,On Roadway,Rear-end (front to rear),Followed too close,None Indicated,,Dark - roadway lighted,Dry,Cloudy,None apparent,Non-intersection:  Non-junction/no special feature,Paved,,Possible/Unknown,0,1,0,0,1,0,2800,2,3,,POINT (-93.754446209169 41.600440778927)
2014826833,14-40652,11/13/2014,11-November,5-Thursday,00:43,0000 Hours,District 5 (Southeast),BURLINGTON,DES MOINES,US 34,US 34/SW RAMP,,On Roadway,Non-collision (single vehicle),Animal,None Indicated,,Dark - roadway lighted,Dry,Snow,None apparent,"Interchange-related:  Off-ramp, diverge area",Paved,,Property Damage Only,0,0,0,0,0,0,1500,1,1,,POINT (-91.113658986418 40.815903367103)
2014826882,14-22109,11/13/2014,11-November,5-Thursday,07:24,0700 Hours,District 2 (Northeast),,BREMER,US 218,US 218,Non-collision events:  Overturn/rollover,Median,Non-collision (single vehicle),Crossed centerline (undivided),None Indicated,,Daylight,Dry,Cloudy,None apparent,Non-intersection:  Non-junction/no special feature,Paved,,Minor Injury,0,1,0,1,0,0,4000,1,1,,POINT (-92.474838064966 42.676514733576)
2014828102,2014063414,11/13/2014,11-November,5-Thursday,06:35,0600 Hours,District 1 (Central),HUXLEY,STORY,I-35,I-35 & IA 210/IOWA 210,Collision with fixed object:  Bridge overhead structure,On Roadway,Non-collision (single vehicle),Other (explain in narrative):  Other,None Indicated,,Dawn,Dry,Cloudy,None apparent,Non-intersection:  Other non-intersection (explain in narrative),Paved,,Possible/Unknown,0,1,0,0,1,0,10944,1,1,,POINT (-93.571201040087 41.877796794282)
2014826931,14-40703,11/13/2014,11-November,5-Thursday,12:40,1200 Hours,District 5 (Southeast),BURLINGTON,DES MOINES,,ACRES ST & 12TH ST,Collision with:  Vehicle in traffic,On Roadway,Broadside (front to side),Other (explain in narrative):  Other,None Indicated,,Daylight,Dry,Snow,None apparent,Intersection:  Four-way intersection,Paved,,Property Damage Only,0,0,0,0,0,0,11000,3,2,,POINT (-91.110931516117 40.792933821656)
2014827563,14-1391,11/13/2014,11-November,5-Thursday,14:07,1400 Hours,District 4 (Southwest),CLIVE,DALLAS,,NW 152ND ST,Collision with:  Vehicle in traffic,On Roadway,"Sideswipe, opposite direction",FTYROW:  Making left turn,None Indicated,,Daylight,Dry,Cloudy,None apparent,Non-intersection:  Driveway access (within),Paved,,Property Damage Only,0,0,0,0,0,0,7500,2,2,,POINT (-93.828194034046 41.615218323481)
2014828518,14-13230,11/13/2014,11-November,5-Thursday,16:20,1600 Hours,District 3 (Northwest),SIOUX CENTER,SIOUX,,Co Rd B40/400TH ST & Co Rd K52/HICKORY AVE & 9TH ST SE,Collision with:  Vehicle in traffic,On Roadway,Rear-end (front to rear),Followed too close,None Indicated,,Daylight,Dry,Cloudy,None apparent,Intersection:  Four-way intersection,Paved,,Property Damage Only,0,0,0,0,0,0,10000,2,2,,POINT (-96.135778867097 43.069903240067)
2014828243,SO14-1418,11/13/2014,11-November,5-Thursday,07:30,0700 Hours,District 2 (Northeast),,WRIGHT,,Co Rd R65/UNION AVE,Collision with fixed object:  Ditch,On Roadway,Non-collision (single vehicle),Ran off road - right,None Indicated,,Daylight,Snow,Snow,None apparent,Non-intersection:  Non-junction/no special feature,Paved,,Property Damage Only,0,0,0,0,0,0,3700,1,1,,POINT (-93.577321824553 42.820972311698)
2014826728,14-7521,11/13/2014,11-November,5-Thursday,06:45,0600 Hours,District 1 (Central),BONDURANT,POLK,,2ND ST NE &  2ND ST NE,Collision with:  Vehicle in traffic,On Roadway,Rear-end (front to rear),Followed too close,None Indicated,,Dawn,Dry,Snow,None apparent,Non-intersection:  Non-junction/no special feature,Paved,,Property Damage Only,0,0,0,0,0,0,3000,2,2,,POINT (-93.443595593581 41.702841821582)
2014827425,14-37626,11/13/2014,11-November,5-Thursday,17:42,1700 Hours,District 3 (Northwest),SIOUX CITY,WOODBURY,I-29,I-29,Collision with:  Vehicle in traffic,On Roadway,Rear-end (front to rear),Followed too close,None Indicated,,Dark - roadway lighted,Dry,Clear,None apparent,Non-intersection:  Non-junction/no special feature,Paved,,Possible/Unknown,0,1,0,0,1,0,5000,2,2,,POINT (-96.398427362717 42.488136098156)
2014827077,32089-14,11/13/2014,11-November,5-Thursday,18:30,1800 Hours,District 3 (Northwest),,EMMET,IA 9,IA 9/IOWA 9,Collision with:  Animal,,,Animal,None Indicated,,,,,,,Paved,,Property Damage Only,0,0,0,0,0,0,8000,1,1,,POINT (-94.608941940191 43.399668934873)
2014828643,14-40767,11/13/2014,11-November,5-Thursday,19:58,1900 Hours,District 5 (Southeast),,DES MOINES,US 61,US 61,Collision with:  Vehicle in traffic,On Roadway,Rear-end (front to rear),Swerving/Evasive Action,None Indicated,,Dark - roadway not lighted,Ice/frost,Snow,"Surface condition (e.g., wet, icy)",Non-intersection:  Non-junction/no special feature,Paved,,Property Damage Only,0,0,0,0,0,0,3000,2,4,,POINT (-91.151675575201 40.847757956856)
2014827088,14-048132,11/13/2014,11-November,5-Thursday,14:40,1400 Hours,District 4 (Southwest),COUNCIL BLUFFS,POTTAWATTAMIE,US 6,US 6/KANESVILLE BLVD,Collision with:  Vehicle in traffic,On Roadway,Rear-end (front to rear),Followed too close,None Indicated,,Daylight,Dry,Cloudy,None apparent,Non-intersection:  Non-junction/no special feature,Paved,,Property Damage Only,0,0,0,0,0,0,1500,2,2,,POINT (-95.850090512224 41.262627803897)
2014827025,14-048180,11/13/2014,11-November,5-Thursday,23:25,2300 Hours,District 4 (Southwest),COUNCIL BLUFFS,POTTAWATTAMIE,I-29,I-29 & NEBRASKA AVE,Collision with:  Vehicle in traffic,On Roadway,Rear-end (front to rear),Followed too close,None Indicated,,Dark - roadway lighted,Dry,Cloudy,None apparent,Intersection:  Four-way intersection,Paved,,Property Damage Only,0,0,0,0,0,0,1800,2,3,,POINT (-95.904754113577 41.242104082118)
2014827111,14-001348,11/13/2014,11-November,5-Thursday,21:51,2100 Hours,District 1 (Central),,STORY,I-35,I-35,Collision with:  Animal,,,Animal,None Indicated,,,,,,,Paved,,Property Damage Only,0,0,0,0,0,0,5000,1,1,,POINT (-93.556885566883 42.107923542368)
2014826945,2014063415,11/13/2014,11-November,5-Thursday,06:50,0600 Hours,District 3 (Northwest),,PALO ALTO,US 18,US 18/370 ST & 520 AVE,Collision with:  Animal,,,Animal,None Indicated,,,,,,,Paved,,Property Damage Only,0,0,0,0,0,0,1500,1,1,,POINT (-94.560393443033 43.111955427103)
2014827045,14-5924,11/13/2014,11-November,5-Thursday,14:58,1400 Hours,District 6 (East Central),HIAWATHA,LINN,I-380,I-380 & BLAIRS FERRY RD NE,Collision with:  Vehicle in traffic,On Roadway,"Sideswipe, same direction",Unknown,None Indicated,,Daylight,Dry,Clear,None apparent,Intersection:  Intersection with ramp,Paved,,Property Damage Only,0,0,0,0,0,0,2000,2,3,,POINT (-91.675261486366 42.034755753022)
2014828376,14-40762,11/13/2014,11-November,5-Thursday,19:40,1900 Hours,District 5 (Southeast),BURLINGTON,DES MOINES,,DIVISION ST & WOODLAWN AVE,Collision with:  Vehicle in traffic,On Roadway,"Sideswipe, opposite direction",Swerving/Evasive Action,None Indicated,,Dark - roadway lighted,Ice/frost,Snow,"Surface condition (e.g., wet, icy)",Non-intersection:  Non-junction/no special feature,Paved,,Property Damage Only,0,0,0,0,0,0,4500,2,2,,POINT (-91.11519633373 40.807668335007)
2014826689,W14-112435,11/13/2014,11-November,5-Thursday,09:57,0900 Hours,District 2 (Northeast),WATERLOO,BLACK HAWK,,E RIDGEWAY AVE & W 9TH ST,Collision with:  Vehicle in traffic,On Roadway,Rear-end (front to rear),Followed too close,None Indicated,,Daylight,Dry,Clear,None apparent,Intersection:  Four-way intersection,Paved,,Property Damage Only,0,0,0,0,0,0,4000,2,2,,POINT (-92.342581522535 42.469367035604)
2014827155,14016007,11/13/2014,11-November,5-Thursday,20:17,2000 Hours,District 5 (Southeast),,APPANOOSE,IA 2,IA 2/IOWA 2 & Co Rd S70/HWY S70 & 127TH AVE,Collision with:  Animal,,,Animal,None Indicated,,,,,,,Paved,,Property Damage Only,0,0,0,0,0,0,3500,1,1,,POINT (-93.04457311011 40.746367275712)
2014827841,2014063579,11/13/2014,11-November,5-Thursday,18:55,1800 Hours,District 5 (Southeast),,WASHINGTON,IA 22,IA 22,Collision with:  Animal,On Roadway,Non-collision (single vehicle),Animal,None Indicated,,Dark - roadway not lighted,Dry,Clear,None apparent,Non-intersection:  Non-junction/no special feature,Paved,,Possible/Unknown,0,1,0,0,1,0,5000,1,1,,POINT (-91.605451641234 41.482851187743)
2014826742,20140033814,11/13/2014,11-November,5-Thursday,07:02,0700 Hours,District 1 (Central),DES MOINES,POLK,,WALNUT ST & 9TH ST,Collision with:  Vehicle in traffic,On Roadway,Broadside (front to side),Ran Traffic Signal,None Indicated,,Dawn,Dry,Cloudy,None apparent,Intersection:  Four-way intersection,Paved,,Possible/Unknown,0,2,0,0,2,0,12500,2,2,,POINT (-93.628347170043 41.585112206848)
2014831308,2014063593,11/13/2014,11-November,5-Thursday,19:15,1900 Hours,District 1 (Central),,HAMILTON,I-35,I-35,Collision with fixed object:  Guardrail - face,Median,Non-collision (single vehicle),Swerving/Evasive Action,None Indicated,,Dark - roadway not lighted,Dry,Clear,None apparent,Non-intersection:  Non-junction/no special feature,Paved,,Property Damage Only,0,0,0,0,0,0,3500,1,1,,POINT (-93.571011314304 42.212787338255)
2014826983,20140033846,11/13/2014,11-November,5-Thursday,12:23,1200 Hours,District 1 (Central),DES MOINES,POLK,,EUCLID AVE & 30TH ST,Collision with:  Vehicle in traffic,On Roadway,Broadside (front to side),FTYROW:  From driveway,None Indicated,,Daylight,Dry,Cloudy,None apparent,Non-intersection:  Driveway access (within),Paved,,Property Damage Only,0,0,0,0,0,0,5000,2,3,,POINT (-93.658737241906 41.627744390617)
2014827167,14-40768,11/13/2014,11-November,5-Thursday,19:58,1900 Hours,District 5 (Southeast),BURLINGTON,DES MOINES,US 34,US 34/SW RAMP & CURRAN ST,Collision with:  Vehicle in traffic,On Roadway,Broadside (front to side),Driving too fast for conditions,None Indicated,,Dark - roadway lighted,Ice/frost,Cloudy,"Surface condition (e.g., wet, icy)",Interchange-related:  Off-ramp,Paved,,Property Damage Only,0,0,0,0,0,0,1500,2,4,,POINT (-91.12641240646 40.816894923492)
2014826914,201417043,11/13/2014,11-November,5-Thursday,11:50,1100 Hours,District 6 (East Central),CEDAR RAPIDS,LINN,,42ND ST NE & OLD MARION RD NE,Collision with:  Vehicle in traffic,On Roadway,Broadside (front to side),FTYROW:  From stop sign,None Indicated,,Daylight,Dry,Cloudy,None apparent,Intersection:  T-intersection,Paved,,Property Damage Only,0,0,0,0,0,0,7000,2,2,,POINT (-91.650941046426 42.021115998866)
2014828642,14-40698,11/13/2014,11-November,5-Thursday,11:35,1100 Hours,District 5 (Southeast),WEST BURLINGTON,DES MOINES,,Co Rd X40/BEAVERDALE RD & WASHINGTON RD,Collision with:  Vehicle in traffic,On Roadway,Broadside (front to side),FTYROW:  From stop sign,None Indicated,,Daylight,Dry,Clear,None apparent,Intersection:  Four-way intersection,Paved,,Property Damage Only,0,0,0,0,0,0,6800,2,2,,POINT (-91.208414894569 40.839312262362)
2014827287,14007861,11/13/2014,11-November,5-Thursday,18:30,1800 Hours,District 3 (Northwest),,MONONA,,Co Rd L20/L20,Collision with:  Animal,,,Animal,None Indicated,,,,,,,Paved,,Property Damage Only,0,0,0,0,0,0,7500,1,1,,POINT (-95.900121944571 42.105384426983)
2014836353,,11/13/2014,11-November,5-Thursday,16:42,1600 Hours,District 2 (Northeast),DECORAH,WINNESHIEK,IA 9,IA 9/IOWA 9,Collision with:  Animal,On Roadway,Non-collision (single vehicle),Animal,None Indicated,,Dusk,Dry,Clear,None apparent,Non-intersection:  Non-junction/no special feature,Paved,,Property Damage Only,0,0,0,0,0,0,2500,2,3,,POINT (-91.745832355955 43.283739735634)
2014827133,201417055,11/13/2014,11-November,5-Thursday,15:15,1500 Hours,District 6 (East Central),CEDAR RAPIDS,LINN,,13TH AVE SW & 18TH ST SW,Collision with:  Vehicle in traffic,On Roadway,Broadside (front to side),FTYROW:  From stop sign,None Indicated,,Daylight,Dry,Clear,None apparent,Intersection:  Four-way intersection,Paved,,Property Damage Only,0,0,0,0,0,0,8000,2,2,,POINT (-91.696055290385 41.964266484344)
2014827094,14-013931,11/13/2014,11-November,5-Thursday,17:51,1700 Hours,District 1 (Central),,TAMA,US 30,US 30,Collision with:  Animal,,,Animal,None Indicated,,,,,,,Paved,,Property Damage Only,0,0,0,0,0,0,4000,1,1,,POINT (-92.314821181507 41.963998134938)
2014828375,14-40756,11/13/2014,11-November,5-Thursday,19:32,1900 Hours,District 5 (Southeast),BURLINGTON,DES MOINES,,SUNNYSIDE AVE & GERDES DR,Collision with:  Vehicle in traffic,On Roadway,Broadside (front to side),Driving too fast for conditions,None Indicated,,Dark - roadway lighted,Ice/frost,Snow,"Surface condition (e.g., wet, icy)",Intersection:  T-intersection,Paved,,Property Damage Only,0,0,0,0,0,0,2500,2,4,,POINT (-91.129306224629 40.833741455116)
2014828762,14-004911,11/13/2014,11-November,5-Thursday,16:40,1600 Hours,District 1 (Central),ANKENY,POLK,,NW STATE ST,Collision with:  Vehicle in traffic,On Roadway,"Sideswipe, same direction",Other (explain in narrative):  Other,None Indicated,,Daylight,Dry,Cloudy,None apparent,Non-intersection:  Non-junction/no special feature,Paved,,Property Damage Only,0,0,0,0,0,0,2000,2,2,,POINT (-93.621498058808 41.73264138075)
2014827472,14-047412,11/13/2014,11-November,5-Thursday,10:17,1000 Hours,District 5 (Southeast),MUSCATINE,MUSCATINE,,MULBERRY AVE,Collision with:  Vehicle in traffic,On Roadway,Rear-end (front to rear),Followed too close,None Indicated,,Daylight,Dry,Cloudy,None apparent,Non-intersection:  Non-junction/no special feature,Paved,,Property Damage Only,0,0,0,0,0,0,3500,2,4,,POINT (-91.070536282875 41.443947265821)
2014827421,14-37602,11/13/2014,11-November,5-Thursday,15:10,1500 Hours,District 3 (Northwest),SIOUX CITY,WOODBURY,,OUTER DR N & INDIAN HILLS DR,Collision with:  Vehicle in traffic,On Roadway,Broadside (front to side),Ran Traffic Signal,None Indicated,,Daylight,Dry,Clear,None apparent,Intersection:  Four-way intersection,Paved,,Property Damage Only,0,0,0,0,0,0,8000,3,4,,POINT (-96.374499084223 42.536774816859)
2014827455,14-004909,11/13/2014,11-November,5-Thursday,15:55,1500 Hours,District 1 (Central),ANKENY,POLK,,W 1ST ST & NW FLYNN DR & SW FLYNN DR,Collision with:  Vehicle in traffic,On Roadway,Rear-end (front to rear),Other (explain in narrative):  Other,None Indicated,,Daylight,Dry,Clear,None apparent,Non-intersection:  Non-junction/no special feature,Paved,,Possible/Unknown,0,1,0,0,1,0,14000,3,3,,POINT (-93.6182079566 41.731866510033)
2014826981,20140033893,11/13/2014,11-November,5-Thursday,23:30,2300 Hours,District 1 (Central),DES MOINES,POLK,I-235,I-235 & US 6/E EUCLID AVE,Collision with:  Vehicle in traffic,On Roadway,Rear-end (front to rear),FTYROW:  Other (explain in narrative),Drug/Alcohol (Statutory),,Dark - roadway lighted,Dry,Clear,None apparent,Intersection:  Intersection with ramp,Paved,,Possible/Unknown,0,1,0,0,1,0,15000,3,3,,POINT (-93.576479803117 41.627781012423)
2014827876,2014063600,11/13/2014,11-November,5-Thursday,21:15,2100 Hours,District 1 (Central),WEST DES MOINES,POLK,IA 5,IA 5/IOWA 5/SE RAMP/NE RAMP,Collision with:  Animal,,,Animal,None Indicated,,,,,,,Paved,,Property Damage Only,0,0,0,0,0,0,7500,1,1,,POINT (-93.741017241659 41.522660310314)
2014830365,14-005218,11/13/2014,11-November,5-Thursday,04:11,0400 Hours,District 3 (Northwest),,LYON,,KENNEDY AVE,Collision with:  Other non-fixed object (explain in narrative),Shoulder,Non-collision (single vehicle),Ran off road - right,None Indicated,,Dark - roadway lighted,Dry,Clear,None apparent,Non-intersection:  Non-junction/no special feature,Paved,,Property Damage Only,0,0,0,0,0,0,3000,1,1,,POINT (-95.998189316778 43.426917300476)
2014827851,SO1404912,11/13/2014,11-November,5-Thursday,19:18,1900 Hours,District 5 (Southeast),,JEFFERSON,US 34,US 34 & SPRUCE AVE,Collision with:  Animal,,,Animal,None Indicated,,,,,,,Paved,,Property Damage Only,0,0,0,0,0,0,8000,1,1,,POINT (-91.833014247966 41.001514714702)
2014826862,14-035085,11/13/2014,11-November,5-Thursday,05:12,0500 Hours,District 5 (Southeast),,LEE,US 61,US 61,Collision with:  Animal,,,Animal,None Indicated,,,,,,,Paved,,Property Damage Only,0,0,0,0,0,0,2000,1,1,,POINT (-91.443941610179 40.492543685889)
2014827042,14-22154,11/13/2014,11-November,5-Thursday,18:07,1800 Hours,District 2 (Northeast),,BREMER,US 218,US 218,Collision with:  Animal,,,Animal,None Indicated,,,,,,,Paved,,Property Damage Only,0,0,0,0,0,0,8000,1,1,,POINT (-92.534180077407 42.780694829854)
2014831454,2014-039618,11/13/2014,11-November,5-Thursday,17:36,1700 Hours,District 6 (East Central),DUBUQUE,DUBUQUE,US 20,US 20/DODGE ST,Collision with:  Animal,,,Animal,None Indicated,,,,,,,Paved,,Property Damage Only,0,0,0,0,0,0,1500,1,1,,POINT (-90.763776676479 42.471991518481)
2014827979,,11/13/2014,11-November,5-Thursday,16:47,1600 Hours,District 3 (Northwest),,POCAHONTAS,,630TH ST,Non-collision events:  Overturn/rollover,Outside trafficway,Non-collision (single vehicle),"Operating vehicle in an reckless, erratic, careless, negligent manner",None Indicated,,Dusk,Dry,Cloudy,Other (explain in narrative),Intersection:  Four-way intersection,Unpaved,,Possible/Unknown,0,1,0,0,1,0,7500,1,1,,POINT (-94.539992496228 42.573124234223)
2014827060,2014-039395,11/13/2014,11-November,5-Thursday,02:01,0200 Hours,District 6 (East Central),DUBUQUE,DUBUQUE,US 52,US 52/KERRIGAN RD,Collision with:  Animal,On Roadway,Non-collision (single vehicle),Animal,None Indicated,,Dark - roadway not lighted,Dry,Cloudy,None apparent,Non-intersection:  Non-junction/no special feature,Paved,Yes,Property Damage Only,0,0,0,0,0,0,5000,1,1,,POINT (-90.667916295615 42.471845205917)
2014829016,261402045,11/13/2014,11-November,5-Thursday,17:01,1700 Hours,District 5 (Southeast),BLOOMFIELD,DAVIS,US 63,US 63,Collision with:  Animal,,,Animal,None Indicated,,,,,,,Paved,,Property Damage Only,0,0,0,0,0,0,4000,1,1,,POINT (-92.523944047248 40.605281799165)
2014827850,SO1404909,11/13/2014,11-November,5-Thursday,17:22,1700 Hours,District 5 (Southeast),,JEFFERSON,US 34,US 34,Collision with:  Animal,,,Animal,None Indicated,,,,,,,Paved,,Property Damage Only,0,0,0,0,0,0,5000,1,1,,POINT (-92.016396941954 40.998478300605)
2014827128,2014-78856,11/13/2014,11-November,5-Thursday,07:47,0700 Hours,District 6 (East Central),DAVENPORT,SCOTT,,N DIVISION ST,Collision with:  Vehicle in traffic,On Roadway,"Sideswipe, same direction",Crossed centerline (undivided),None Indicated,,Daylight,Dry,Cloudy,None apparent,Non-intersection:  Non-junction/no special feature,Paved,,Property Damage Only,0,0,0,0,0,0,4000,2,2,,POINT (-90.601226562558 41.523198520956)
2014827068,2014-039599,11/13/2014,11-November,5-Thursday,09:17,0900 Hours,District 6 (East Central),DUBUQUE,DUBUQUE,US 52,US 52/KERRIGAN RD,Collision with fixed object:  Concrete traffic barrier (median or right side),On Roadway,Non-collision (single vehicle),Lost Control,None Indicated,,Daylight,Snow,Cloudy,Non-highway work,Non-intersection:  Non-junction/no special feature,Paved,,Property Damage Only,0,0,0,0,0,0,10200,1,1,,POINT (-90.6629697985 42.498192773534)
2014827070,2014-039604,11/13/2014,11-November,5-Thursday,10:05,1000 Hours,District 6 (East Central),DUBUQUE,DUBUQUE,US 20,US 20/DODGE ST,Collision with fixed object:  Ditch,On Roadway,Non-collision (single vehicle),Ran off road - right,None Indicated,,Daylight,Wet,Snow,"Surface condition (e.g., wet, icy)",Non-intersection:  Non-junction/no special feature,Paved,,Possible/Unknown,0,1,0,0,1,0,10500,1,1,,POINT (-90.668492057928 42.491713484607)
2014827525,14-008706,11/13/2014,11-November,5-Thursday,17:34,1700 Hours,District 4 (Southwest),PERRY,DALLAS,IA 144,IA 144/1ST AVE,Collision with:  Animal,On Roadway,Non-collision (single vehicle),Animal,None Indicated,,Dark - roadway not lighted,Dry,Clear,None apparent,Non-intersection:  Non-junction/no special feature,Paved,,Property Damage Only,0,0,0,0,0,0,1500,1,1,,POINT (-94.10648920807 41.85023514726)