Iowa DOT Case Number,Law Enforcement Case Number,Date of Crash,Month of Crash,Day of Week,Time of Crash,Hour,DOT District,City Name,County Name,Route with System,Location Description,First Harmful Event,Location of First Harmful Event,Manner of Crash/Collision,Major Cause,Drug or Alcohol ,Environmental Conditions,Light Conditions,Surface Conditions,Weather Conditions,Roadway Contribution,Roadway Type,Roadway Surface,Work Zone,Crash Severity,Number of Fatalities,Number of Injuries,Number of Major Injuries,Number of Minor Injuries,Number of Possible Injuries,Number of Unknown Injuries,Amount of Property Damage,Number of Vehicles Involved,Total Number of Occupants,Travel Direction,Location
2014828833,111414B,11/14/2014,11-November,6-Friday,00:30,0000 Hours,District 4 (Southwest),TABOR,FREMONT,,Co Rd J18/PLUM CREEK RD,Collision with fixed object:  Bridge overhead structure,On Roadway,Non-collision (single vehicle),Ran off road - right,Alcohol (Statutory),,Dark - roadway not lighted,Dry,Clear,None apparent,Non-intersection:  Other non-intersection (explain in narrative),Paved,,Fatal,1,0,0,0,0,0,5000,1,1,,POINT (-95.704727084853 40.845332490458)
2014828104,2014063728,11/14/2014,11-November,6-Friday,11:05,1100 Hours,District 6 (East Central),DAVENPORT,SCOTT,US 61,US 61/BRADY ST,Collision with:  Vehicle in traffic,On Roadway,"Sideswipe, same direction",Improper or erratic lane changing,None Indicated,,Daylight,Dry,Clear,None apparent,Non-intersection:  Non-junction/no special feature,Paved,,Property Damage Only,0,0,0,0,0,0,15000,2,4,,POINT (-90.569284586879 41.598451186653)
2014827240,14-009614,11/14/2014,11-November,6-Friday,17:50,1700 Hours,District 2 (Northeast),GUTTENBERG,CLAYTON,US 52,US 52,Collision with:  Vehicle in traffic,On Roadway,"Sideswipe, same direction",FTYROW:  Other (explain in narrative),None Indicated,,Dark - roadway not lighted,Dry,Clear,None apparent,Unknown,Paved,,Property Damage Only,0,0,0,0,0,0,2600,2,3,,POINT (-91.074019845275 42.649223798041)
2014827610,201417081,11/14/2014,11-November,6-Friday,00:27,0000 Hours,District 6 (East Central),CEDAR RAPIDS,LINN,,12TH ST NE,Non-collision events:  Other non-collision (explain in narrative),On Roadway,Non-collision (single vehicle),Ran off road - right,None Indicated,,Dark - roadway lighted,Dry,Clear,None apparent,Non-intersection:  Non-junction/no special feature,Paved,,Possible/Unknown,0,1,0,0,1,0,7500,1,2,,POINT (-91.660278159834 41.987712565898)
2014827665,2014-039662,11/14/2014,11-November,6-Friday,19:00,1900 Hours,District 6 (East Central),DUBUQUE,DUBUQUE,US 20,US 20/DODGE ST & IA 946/IOWA 946,Collision with fixed object:  Curb/island/raised median,On Roadway,Non-collision (single vehicle),Lost Control,None Indicated,,Dark - roadway lighted,Dry,Clear,None apparent,Non-intersection:  Non-junction/no special feature,Paved,,Possible/Unknown,0,1,0,0,1,0,5400,1,3,,POINT (-90.665098532681 42.492004570747)
2014836357,,11/14/2014,11-November,6-Friday,23:07,2300 Hours,District 2 (Northeast),DECORAH,WINNESHIEK,IA 9,IA 9/IOWA 9,Collision with:  Animal,On Roadway,Non-collision (single vehicle),Animal,None Indicated,,Dark - roadway not lighted,,Clear,None apparent,Non-intersection:  Non-junction/no special feature,Paved,,Property Damage Only,0,0,0,0,0,0,10000,1,1,,POINT (-91.738423596051 43.277238034524)
2014828176,14-027966,11/14/2014,11-November,6-Friday,06:03,0600 Hours,District 5 (Southeast),,MARION,IA 92,IA 92/IOWA 92,Collision with:  Animal,,Non-collision (single vehicle),Animal,None Indicated,,,,,,,Paved,,Property Damage Only,0,0,0,0,0,0,7000,1,1,,POINT (-93.05228234069 41.300413496317)
2014828586,2014063836,11/14/2014,11-November,6-Friday,20:10,2000 Hours,District 5 (Southeast),,WARREN,I-35,I-35,Collision with:  Animal,,Non-collision (single vehicle),Animal,None Indicated,,,,,,,Paved,,Property Damage Only,0,0,0,0,0,0,7000,1,1,,POINT (-93.780000678469 41.408323732953)
2014827458,2014012781,11/14/2014,11-November,6-Friday,18:21,1800 Hours,District 6 (East Central),IOWA CITY,JOHNSON,,MORMON TREK BLVD & MELROSE AVE,Collision with:  Vehicle in traffic,On Roadway,Broadside (front to side),FTYROW:  Making left turn,None Indicated,,Dark - roadway lighted,Dry,Cloudy,None apparent,Intersection:  Four-way intersection,Paved,,Property Damage Only,0,0,0,0,0,0,4500,2,3,,POINT (-91.57386243089 41.656956515263)
2014827732,14-019366,11/14/2014,11-November,6-Friday,13:14,1300 Hours,District 5 (Southeast),,HENRY,US 218,US 218 & Co Rd J20/SALEM RD,Collision with:  Vehicle in traffic,On Roadway,Broadside (front to side),FTYROW:  From stop sign,Refused,,Daylight,Dry,Clear,None apparent,Intersection:  Four-way intersection,Paved,,Minor Injury,0,1,0,1,0,0,9529,2,2,,POINT (-91.564846912041 40.846505278809)
2014827572,14-048272,11/14/2014,11-November,6-Friday,16:00,1600 Hours,District 4 (Southwest),COUNCIL BLUFFS,POTTAWATTAMIE,US 275,US 275/VETERANS MEMORIAL HWY & GIFFORD RD & S 24TH ST,Collision with:  Vehicle in traffic,On Roadway,Rear-end (front to rear),Followed too close,None Indicated,,Daylight,Dry,Clear,None apparent,Intersection:  Four-way intersection,Paved,,Property Damage Only,0,0,0,0,0,0,1700,2,4,,POINT (-95.878876006792 41.218797614291)
2014827887,14-22283,11/14/2014,11-November,6-Friday,18:54,1800 Hours,District 6 (East Central),BETTENDORF,SCOTT,I-74,I-74,Collision with:  Vehicle in traffic,On Roadway,Rear-end (front to rear),Lost Control,None Indicated,,Dark - roadway lighted,Dry,Cloudy,None apparent,Non-intersection:  Other non-intersection (explain in narrative),Paved,,Property Damage Only,0,0,0,0,0,0,3000,2,3,,POINT (-90.513272135865 41.521671464529)
2014828198,111414-070,11/14/2014,11-November,6-Friday,07:40,0700 Hours,District 3 (Northwest),STORM LAKE,BUENA VISTA,,E 6TH ST & SENECA ST,Collision with:  Vehicle in traffic,On Roadway,"Angle, oncoming left turn",Other (explain in narrative):  Vision obstructed,None Indicated,,Daylight,Dry,Clear,None apparent,Non-intersection:  Non-junction/no special feature,Paved,,Property Damage Only,0,0,0,0,0,0,3500,2,2,,POINT (-95.196918144009 42.64545397231)
2014828817,201400055771,11/14/2014,11-November,6-Friday,20:29,2000 Hours,District 5 (Southeast),OTTUMWA,WAPELLO,,W 4TH ST & E 4TH ST & N COURT ST,Collision with fixed object:  Other fixed object (explain in narrative),On Roadway,Non-collision (single vehicle),Other (explain in narrative):  No improper action,None Indicated,,Dark - roadway lighted,Dry,Clear,None apparent,Intersection:  T-intersection,Paved,,Minor Injury,0,2,0,1,1,0,5350,1,2,,POINT (-92.410717577762 41.019590333187)
2014827350,20140033959,11/14/2014,11-November,6-Friday,16:12,1600 Hours,District 1 (Central),DES MOINES,POLK,,E LOCUST ST & E 6TH ST,Collision with:  Vehicle in traffic,On Roadway,Rear-end (front to rear),Other (explain in narrative):  Other,None Indicated,,Daylight,Dry,Clear,None apparent,Intersection:  Four-way intersection,Paved,,Property Damage Only,0,0,0,0,0,0,1500,2,5,,POINT (-93.609809128139 41.589931828238)
2014832998,,11/14/2014,11-November,6-Friday,22:50,2200 Hours,District 2 (Northeast),CLEAR LAKE,CERRO GORDO,,N 5TH ST,Collision with:  Parked motor vehicle,On Roadway,Head-on (front to front),Crossed centerline (undivided),Alcohol (Statutory),,Dark - roadway not lighted,Dry,Clear,None apparent,Non-intersection:  Non-junction/no special feature,Paved,,Property Damage Only,0,0,0,0,0,0,8000,2,1,,POINT (-93.386177203464 43.148058274094)
2014827515,2014-24690,11/14/2014,11-November,6-Friday,18:36,1800 Hours,District 5 (Southeast),,WARREN,,Co Rd R63/98TH AVE,Collision with:  Animal,On Roadway,Non-collision (single vehicle),Animal,None Indicated,,Dark - roadway not lighted,Dry,Clear,None apparent,Non-intersection:  Non-junction/no special feature,Paved,,Property Damage Only,0,0,0,0,0,0,2000,1,2,,POINT (-93.621287250262 41.435375981841)
2014827583,PD14-11589,11/14/2014,11-November,6-Friday,15:59,1500 Hours,District 1 (Central),MARSHALLTOWN,MARSHALL,,IOWA AVE W (OLD US 30),Collision with:  Vehicle in traffic,On Roadway,Rear-end (front to rear),Other (explain in narrative):  Other,None Indicated,,Daylight,Dry,Clear,None apparent,Non-intersection:  Non-junction/no special feature,Paved,,Property Damage Only,0,0,0,0,0,0,2200,2,4,,POINT (-92.92117950505 42.007104193045)
2014827614,201417115,11/14/2014,11-November,6-Friday,15:13,1500 Hours,District 6 (East Central),CEDAR RAPIDS,LINN,,C ST SW,Collision with fixed object:  Utility pole/light support,Outside trafficway,Non-collision (single vehicle),Ran off road - right,None Indicated,,Daylight,Dry,Clear,None apparent,Non-intersection:  Non-junction/no special feature,Paved,,Property Damage Only,0,0,0,0,0,0,9000,1,1,,POINT (-91.642676710855 41.951353903139)
2014828221,14112060,11/14/2014,11-November,6-Friday,08:29,0800 Hours,District 4 (Southwest),CLARINDA,PAGE,,E NISHNA ST & N 16TH ST & W NISHNA ST,Collision with:  Vehicle in traffic,On Roadway,Broadside (front to side),FTYROW:  From stop sign,None Indicated,,Daylight,Dry,Cloudy,None apparent,Intersection:  Four-way intersection,Paved,,Property Damage Only,0,0,0,0,0,0,2500,2,3,,POINT (-95.037878829789 40.745001665421)
2014827096,14-048215,11/14/2014,11-November,6-Friday,07:32,0700 Hours,District 4 (Southwest),COUNCIL BLUFFS,POTTAWATTAMIE,,STORY ST & BLUFF ST,Collision with:  Vehicle in traffic,On Roadway,"Angle, oncoming left turn",FTYROW:  Making left turn,None Indicated,,Daylight,Dry,Clear,None apparent,Intersection:  Four-way intersection,Paved,,Property Damage Only,0,0,0,0,0,0,13000,2,4,,POINT (-95.849136738705 41.25551838854)
2014827268,14002596,11/14/2014,11-November,6-Friday,10:53,1000 Hours,District 6 (East Central),IOWA CITY,JOHNSON,,W JEFFERSON ST & E JEFFERSON ST & UNIVERSITY OF IOWA,Collision with:  Non-motorist (see non-motorist section - NOT a unit),Roadside,Non-collision (single vehicle),Equipment failure,None Indicated,,Daylight,Dry,Clear,None apparent,Non-intersection:  Non-junction/no special feature,Paved,,Major Injury,0,1,1,0,0,0,0,1,1,,POINT (-91.536697998651 41.662505878292)
2014827427,14-37670,11/14/2014,11-November,6-Friday,07:35,0700 Hours,District 3 (Northwest),SIOUX CITY,WOODBURY,,HAMILTON BLVD,Collision with fixed object:  Traffic sign support,Median,Non-collision (single vehicle),Other (explain in narrative):  Vision obstructed,None Indicated,,Daylight,Dry,Clear,None apparent,Intersection:  Four-way intersection,Paved,,Property Damage Only,0,0,0,0,0,0,2100,1,1,,POINT (-96.415343213585 42.525514441692)
2014836356,,11/14/2014,11-November,6-Friday,20:30,2000 Hours,District 2 (Northeast),DECORAH,WINNESHIEK,,COLLEGE DR,Collision with:  Vehicle in traffic,On Roadway,Rear-end (front to rear),Unknown,None Indicated,,Dark - roadway lighted,Dry,Clear,None apparent,Non-intersection:  Non-junction/no special feature,Paved,,Property Damage Only,0,0,0,0,0,0,8000,2,2,,POINT (-91.804475409036 43.319026064957)
2014827156,H14-112732,11/14/2014,11-November,6-Friday,11:15,1100 Hours,District 2 (Northeast),HUDSON,BLACK HAWK,,3RD ST & JEFFERSON ST,Collision with:  Vehicle in traffic,On Roadway,Broadside (front to side),FTYROW:  From stop sign,None Indicated,,Daylight,Dry,Clear,None apparent,Intersection:  Four-way intersection,Paved,,Property Damage Only,0,0,0,0,0,0,7000,2,2,,POINT (-92.455421406126 42.404512546042)
2014840413,,11/14/2014,11-November,6-Friday,17:00,1700 Hours,District 4 (Southwest),,MADISON,,Co Rd G14/105TH ST & Co Rd P53/PITZER RD,Collision with fixed object:  Utility pole/light support,On Roadway,Non-collision (single vehicle),Swerving/Evasive Action,None Indicated,,Daylight,Dry,Cloudy,None apparent,Intersection:  T-intersection,Paved,,Minor Injury,0,1,0,1,0,0,41185,1,1,,POINT (-94.185128665052 41.497368692669)
2014827562,14-048281,11/14/2014,11-November,6-Friday,15:20,1500 Hours,District 4 (Southwest),COUNCIL BLUFFS,POTTAWATTAMIE,US 275,US 275/VETERANS MEMORIAL HWY,Collision with:  Vehicle in traffic,On Roadway,"Sideswipe, same direction",Unknown,None Indicated,,Daylight,Dry,Clear,None apparent,Non-intersection:  Other non-intersection (explain in narrative),Paved,,Property Damage Only,0,0,0,0,0,0,1500,2,8,,POINT (-95.837724083846 41.218234758578)
2014827577,14-22249,11/14/2014,11-November,6-Friday,08:06,0800 Hours,District 6 (East Central),BETTENDORF,SCOTT,,TANGLEFOOT LN & 29TH ST,Collision with:  Vehicle in traffic,On Roadway,"Angle, oncoming left turn",FTYROW:  Making left turn,None Indicated,,Daylight,Dry,Clear,None apparent,Intersection:  T-intersection,Paved,,Property Damage Only,0,0,0,0,0,0,7500,2,2,,POINT (-90.490372911418 41.560657501936)
2014827131,2014-79055,11/14/2014,11-November,6-Friday,07:32,0700 Hours,District 6 (East Central),DAVENPORT,SCOTT,,E LOCUST ST & LE CLAIRE ST,Collision with:  Vehicle in traffic,On Roadway,Broadside (front to side),FTYROW:  From driveway,None Indicated,,Daylight,Dry,Clear,None apparent,Non-intersection:  Driveway access (within),Paved,,Possible/Unknown,0,4,0,0,4,0,6500,2,4,,POINT (-90.568556398833 41.538255255871)
2014827369,14-005387,11/14/2014,11-November,6-Friday,21:52,2100 Hours,District 1 (Central),AMES,STORY,,S 4TH ST & S WALNUT ST,Collision with:  Vehicle in traffic,On Roadway,Broadside (front to side),FTYROW:  From stop sign,None Indicated,,Dark - roadway lighted,Dry,Clear,None apparent,Intersection:  Four-way intersection,Paved,,Possible/Unknown,0,2,0,0,2,0,12000,2,3,,POINT (-93.616886887585 42.019010582882)
2014930281,,11/14/2014,11-November,6-Friday,21:30,2100 Hours,District 3 (Northwest),SERGEANT BLUFF,WOODBURY,,STONEGATE CIR,Collision with:  Parked motor vehicle,On Roadway,Broadside (front to side),Improper Backing,None Indicated,,Dark - roadway not lighted,Dry,Clear,None apparent,Non-intersection:  Non-junction/no special feature,Paved,,Property Damage Only,0,0,0,0,0,0,3500,2,3,,POINT (-96.357852273415 42.392381154982)
2014831661,14020935,11/14/2014,11-November,6-Friday,18:41,1800 Hours,District 2 (Northeast),MASON CITY,CERRO GORDO,IA 122,IA 122/4TH ST SW,Collision with:  Animal,,,Animal,None Indicated,,,,,,,Paved,,Property Damage Only,0,0,0,0,0,0,4000,1,1,,POINT (-93.2416248379 43.148346783398)
2014831472,2014063824,11/14/2014,11-November,6-Friday,18:57,1800 Hours,District 1 (Central),AMES,STORY,I-35,I-35,Collision with:  Vehicle in traffic,On Roadway,Rear-end (front to rear),Other (explain in narrative):  No improper action,None Indicated,,Dark - roadway not lighted,Dry,Clear,None apparent,Non-intersection:  Non-junction/no special feature,Paved,,Property Damage Only,0,0,0,0,0,0,20000,2,3,,POINT (-93.5713405394 42.025839148169)
2014827613,201417114,11/14/2014,11-November,6-Friday,15:09,1500 Hours,District 6 (East Central),CEDAR RAPIDS,LINN,IA 922,IA 922/1ST AVE E & 26TH ST DR SE,Collision with:  Vehicle in traffic,On Roadway,Rear-end (front to rear),Followed too close,None Indicated,,Daylight,Dry,Clear,None apparent,Non-intersection:  Non-junction/no special feature,Paved,,Property Damage Only,0,0,0,0,0,0,4000,2,4,,POINT (-91.635231918536 42.002251035983)
2014850966,14-009227,11/14/2014,11-November,6-Friday,20:15,2000 Hours,District 5 (Southeast),,LOUISA,US 61,US 61,Collision with:  Animal,On Roadway,Non-collision (single vehicle),Animal,None Indicated,,,,,,,Paved,,Property Damage Only,0,0,0,0,0,0,3000,1,1,,POINT (-91.200945184196 41.330572701498)
2014827893,111414A,11/14/2014,11-November,6-Friday,07:36,0700 Hours,District 4 (Southwest),,FREMONT,US 275,US 275,Non-collision events:  Overturn/rollover,On Roadway,Non-collision (single vehicle),Crossed centerline (undivided),None Indicated,,Dawn,Dry,Cloudy,None apparent,Non-intersection:  Non-junction/no special feature,Paved,,Minor Injury,0,1,0,1,0,0,3500,1,1,,POINT (-95.670979577177 40.854099606146)
2014827457,14-5756,11/14/2014,11-November,6-Friday,16:25,1600 Hours,District 4 (Southwest),WEST DES MOINES,DALLAS,,WESTOWN PKWY & JORDAN CREEK PKWY,Collision with:  Vehicle in traffic,On Roadway,Broadside (front to side),Made improper turn,None Indicated,,Daylight,Dry,Cloudy,None apparent,Intersection:  Four-way intersection,Paved,,Property Damage Only,0,0,0,0,0,0,3000,2,3,,POINT (-93.808918610379 41.597016959052)
2014828587,2014063839,11/14/2014,11-November,6-Friday,20:15,2000 Hours,District 5 (Southeast),,WARREN,I-35,I-35,Collision with:  Animal,,Non-collision (single vehicle),Animal,None Indicated,,,,,,,Paved,,Property Damage Only,0,0,0,0,0,0,10000,1,1,,POINT (-93.780071889583 41.417276690813)
2014828682,S14-004537,11/14/2014,11-November,6-Friday,05:15,0500 Hours,District 4 (Southwest),MINDEN,POTTAWATTAMIE,I-80,I-80,Collision with:  Animal,On Roadway,Non-collision (single vehicle),Animal,None Indicated,,Dark - roadway not lighted,Dry,Clear,None apparent,Non-intersection:  Non-junction/no special feature,Paved,,Possible/Unknown,0,1,0,0,0,1,2000,1,1,,POINT (-95.555587825733 41.498230526826)
2014847003,SO140464,11/14/2014,11-November,6-Friday,18:47,1800 Hours,District 4 (Southwest),CORNING,ADAMS,US 34,US 34,Collision with:  Animal,,,Animal,None Indicated,,,,,,,Paved,,Property Damage Only,0,0,0,0,0,0,2500,1,1,,POINT (-94.675784419208 40.979287093112)
2014827808,14-3660,11/14/2014,11-November,6-Friday,17:41,1700 Hours,District 1 (Central),FORT DODGE,WEBSTER,,KENYON RD & FT MUSEUM RD,Collision with:  Vehicle in traffic,On Roadway,Rear-end (front to rear),Other (explain in narrative):  Other,None Indicated,,Dusk,Dry,Clear,None apparent,Non-intersection:  Driveway access (within),Paved,,Possible/Unknown,0,1,0,0,1,0,5000,2,2,,POINT (-94.198344084737 42.487213859806)
2014828432,,11/14/2014,11-November,6-Friday,18:22,1800 Hours,District 5 (Southeast),CHARITON,LUCAS,,220TH AVE,Collision with:  Animal,On Roadway,Non-collision (single vehicle),Animal,None Indicated,,Dark - roadway not lighted,Dry,Clear,None apparent,Non-intersection:  Non-junction/no special feature,Paved,,Property Damage Only,0,0,0,0,0,0,3000,1,1,,POINT (-93.32774236172 41.015973511337)
2014828816,201400055628,11/14/2014,11-November,6-Friday,05:49,0500 Hours,District 5 (Southeast),OTTUMWA,WAPELLO,,N QUINCY AVE,Collision with:  Vehicle in traffic,On Roadway,Rear-end (front to rear),Followed too close,None Indicated,,Dark - roadway lighted,Dry,Clear,None apparent,Non-intersection:  Non-junction/no special feature,Paved,,Possible/Unknown,0,1,0,0,1,0,2000,2,2,,POINT (-92.438523598886 41.015594400285)
2014827733,14-019383,11/14/2014,11-November,6-Friday,17:59,1700 Hours,District 5 (Southeast),WAYLAND,HENRY,,Co Rd W55/FRANKLIN AVE & 120TH ST,Collision with:  Animal,,,Animal,None Indicated,,,,,,,Paved,,Property Damage Only,0,0,0,0,0,0,7500,1,1,,POINT (-91.6395947114 41.134348598512)
2014827584,PD14-11592,11/14/2014,11-November,6-Friday,17:28,1700 Hours,District 1 (Central),MARSHALLTOWN,MARSHALL,US 30,US 30/240TH ST,Collision with:  Vehicle in traffic,On Roadway,Non-collision (single vehicle),Animal,None Indicated,,Dark - roadway lighted,Dry,Clear,None apparent,Non-intersection:  Non-junction/no special feature,Paved,,Property Damage Only,0,0,0,0,0,0,3000,1,1,,POINT (-92.87911252649 42.003915269654)
2014835717,2014111401,11/14/2014,11-November,6-Friday,14:16,1400 Hours,District 4 (Southwest),SHENANDOAH,PAGE,US 59,US 59/FREMONT ST,Collision with:  Vehicle in traffic,On Roadway,Rear-end (front to rear),FTYROW:  Other (explain in narrative),None Indicated,,Daylight,Dry,Clear,None apparent,Intersection:  T-intersection,Paved,,Property Damage Only,0,0,0,0,0,0,16600,3,3,,POINT (-95.385076543367 40.763017513545)
2014827281,14024172,11/14/2014,11-November,6-Friday,16:29,1600 Hours,District 6 (East Central),MARION,LINN,,MUNIER RD,Collision with:  Vehicle in traffic,On Roadway,Head-on (front to front),Crossed centerline (undivided),None Indicated,,Daylight,Dry,Clear,None apparent,Non-intersection:  Non-junction/no special feature,Paved,,Possible/Unknown,0,1,0,0,1,0,10000,2,2,,POINT (-91.578607715016 42.027447995966)
2014827664,2014-039648,11/14/2014,11-November,6-Friday,10:51,1000 Hours,District 6 (East Central),DUBUQUE,DUBUQUE,,WACKER DR & WACKER DR CONN,Collision with:  Vehicle in traffic,On Roadway,Broadside (front to side),Ran Traffic Signal,None Indicated,,Daylight,Dry,Clear,None apparent,Intersection:  Y-intersection,Paved,,Property Damage Only,0,0,0,0,0,0,6000,2,2,,POINT (-90.720365241648 42.495702265801)
2014827354,20140033950,11/14/2014,11-November,6-Friday,14:40,1400 Hours,District 1 (Central),DES MOINES,POLK,,MTA LN & SW 9TH ST,Collision with:  Vehicle in traffic,On Roadway,"Angle, oncoming left turn",FTYROW:  Making left turn,None Indicated,,Daylight,Dry,Cloudy,None apparent,Intersection:  Four-way intersection,Paved,,Property Damage Only,0,0,0,0,0,0,7000,2,2,,POINT (-93.624901341399 41.576123724923)
2014827518,2014012764,11/14/2014,11-November,6-Friday,07:57,0700 Hours,District 6 (East Central),IOWA CITY,JOHNSON,,ROCHESTER AVE,Collision with:  Vehicle in traffic,On Roadway,Rear-end (front to rear),Followed too close,None Indicated,,Daylight,Dry,Clear,None apparent,Non-intersection:  Non-junction/no special feature,Paved,,Property Damage Only,0,0,0,0,0,0,4300,3,3,,POINT (-91.494502220611 41.666680400489)
2014827376,14-37709,11/14/2014,11-November,6-Friday,15:29,1500 Hours,District 3 (Northwest),SIOUX CITY,WOODBURY,IA 77,US 77,Collision with:  Vehicle in traffic,On Roadway,Rear-end (front to rear),Followed too close,None Indicated,,Daylight,Dry,Clear,None apparent,Non-intersection:  Other non-intersection (explain in narrative),Paved,,Possible/Unknown,0,1,0,0,1,0,10500,4,4,,POINT (-96.413618196554 42.48849453194)
2014831258,,11/15/2014,11-November,7-Saturday,10:30,1000 Hours,District 5 (Southeast),,HENRY,,Co Rd W55/FRANKLIN AVE,Collision with:  Animal,On Roadway,Non-collision (single vehicle),Animal,None Indicated,,Daylight,Wet,Cloudy,,Non-intersection:  Non-junction/no special feature,Paved,,Property Damage Only,0,0,0,0,0,0,2500,1,2,,POINT (-91.639678376331 41.10838038467)
2014827510,2014-12633,11/15/2014,11-November,7-Saturday,14:20,1400 Hours,District 3 (Northwest),LAKE VIEW,SAC,,Co Rd M68/PERKINS AVE,Collision with fixed object:  Tree,On Roadway,Non-collision (single vehicle),Driving too fast for conditions,None Indicated,,Daylight,Snow,Snow,"Surface condition (e.g., wet, icy)",Non-intersection:  Non-junction/no special feature,Paved,,Property Damage Only,0,0,0,0,0,0,2000,1,1,,POINT (-95.052549548195 42.27720861442)
2014829515,2145,11/15/2014,11-November,7-Saturday,14:34,1400 Hours,District 2 (Northeast),OSAGE,MITCHELL,IA 9,IA 9/IOWA 9,Non-collision events:  Overturn/rollover,On Roadway,Non-collision (single vehicle),Driving too fast for conditions,None Indicated,,Daylight,Snow,Clear,"Surface condition (e.g., wet, icy)",Non-intersection:  Non-junction/no special feature,Paved,,Possible/Unknown,0,1,0,0,1,0,7000,1,4,,POINT (-93.019265100166 43.284589995665)
2014827633,C14003636,11/15/2014,11-November,7-Saturday,15:50,1500 Hours,District 6 (East Central),CORALVILLE,JOHNSON,I-80,I-80,Collision with:  Vehicle in traffic,On Roadway,Unknown,Driving too fast for conditions,None Indicated,,Daylight,Snow,Cloudy,"Surface condition (e.g., wet, icy)",Non-intersection:  Non-junction/no special feature,Paved,,Property Damage Only,0,0,0,0,0,0,8000,2,3,,POINT (-91.559124292238 41.685585583211)
2014828268,14-40987,11/15/2014,11-November,7-Saturday,15:58,1500 Hours,District 5 (Southeast),BURLINGTON,DES MOINES,US 34,US 34 & OSBORN ST,Collision with fixed object:  Curb/island/raised median,On Roadway,Non-collision (single vehicle),Lost Control,None Indicated,,Daylight,Snow,Snow,"Surface condition (e.g., wet, icy)",Non-intersection:  Other non-intersection (explain in narrative),Paved,,Property Damage Only,0,0,0,0,0,0,5000,1,1,,POINT (-91.112271396909 40.815916696605)
2014827224,W14-113199,11/15/2014,11-November,7-Saturday,16:15,1600 Hours,District 2 (Northeast),WATERLOO,BLACK HAWK,,HUNTINGTON RD & EDGEWOOD DR,,On Roadway,Non-collision (single vehicle),Ran off road - straight,None Indicated,,Daylight,Ice/frost,Snow,"Surface condition (e.g., wet, icy)",Intersection:  T-intersection,Paved,,Property Damage Only,0,0,0,0,0,0,1600,1,3,,POINT (-92.403281255411 42.491232155818)
2014827630,14-048413,11/15/2014,11-November,7-Saturday,18:00,1800 Hours,District 4 (Southwest),COUNCIL BLUFFS,POTTAWATTAMIE,US 6,US 6/KANESVILLE BLVD & S 1ST ST & HARRISON ST,Collision with:  Vehicle in traffic,On Roadway,Rear-end (front to rear),Followed too close,None Indicated,,Dark - roadway lighted,Snow,Snow,None apparent,Intersection:  Four-way intersection,Paved,,Property Damage Only,0,0,0,0,0,0,2250,2,3,,POINT (-95.844060461218 41.265046643597)
2014827491,14-240,11/15/2014,11-November,7-Saturday,14:35,1400 Hours,District 2 (Northeast),WAVERLY,BREMER,,5TH AVE NW & 7TH ST NW,Collision with:  Vehicle in traffic,On Roadway,Head-on (front to front),Crossed centerline (undivided),None Indicated,,Daylight,Ice/frost,Snow,"Surface condition (e.g., wet, icy)",Non-intersection:  Non-junction/no special feature,Paved,,Property Damage Only,0,0,0,0,0,0,2800,2,1,,POINT (-92.479452185987 42.730505924646)
2014829098,2014063991,11/15/2014,11-November,7-Saturday,15:10,1500 Hours,District 1 (Central),,POLK,I-35,I-35,Collision with fixed object:  Guardrail - face,On Roadway,Non-collision (single vehicle),Ran off road - right,None Indicated,,Daylight,Ice/frost,Snow,"Surface condition (e.g., wet, icy)",Non-intersection:  Non-junction/no special feature,Paved,,Property Damage Only,0,0,0,0,0,0,5500,1,1,,POINT (-93.570984317684 41.830412848165)
2014827266,14173482,11/15/2014,11-November,7-Saturday,15:52,1500 Hours,District 6 (East Central),,JOHNSON,I-380,I-380,Non-collision events:  Other non-collision (explain in narrative),Median,Non-collision (single vehicle),Driving too fast for conditions,None Indicated,,Dusk,Ice/frost,Snow,"Surface condition (e.g., wet, icy)",Non-intersection:  Other non-intersection (explain in narrative),Paved,,Property Damage Only,0,0,0,0,0,0,1800,1,1,,POINT (-91.642244355504 41.750780372937)
2014828825,201400055983,11/15/2014,11-November,7-Saturday,22:00,2200 Hours,District 5 (Southeast),OTTUMWA,WAPELLO,,BIRCHWOOD KNL,Collision with fixed object:  Guardrail - face,Roadside,Non-collision (single vehicle),Lost Control,None Indicated,,Dark - unknown roadway lighting,Snow,Snow,None apparent,Non-intersection:  Non-junction/no special feature,Paved,,Property Damage Only,0,0,0,0,0,0,2500,1,2,,POINT (-92.386788147314 41.036157559198)
2014827539,2014012816,11/15/2014,11-November,7-Saturday,15:45,1500 Hours,District 6 (East Central),IOWA CITY,JOHNSON,,MORMON TREK BLVD & PRAIRIE MEADOW DR,Non-collision events:  Other non-collision (explain in narrative),On Roadway,Non-collision (single vehicle),Other (explain in narrative):  No improper action,None Indicated,,Daylight,Slush,Snow,"Surface condition (e.g., wet, icy)",Intersection:  T-intersection,Paved,,Minor Injury,0,1,0,1,0,0,100,1,2,,POINT (-91.573857889952 41.659883693092)