Iowa DOT Case Number,Law Enforcement Case Number,Date of Crash,Month of Crash,Day of Week,Time of Crash,Hour,DOT District,City Name,County Name,Route with System,Location Description,First Harmful Event,Location of First Harmful Event,Manner of Crash/Collision,Major Cause,Drug or Alcohol ,Environmental Conditions,Light Conditions,Surface Conditions,Weather Conditions,Roadway Contribution,Roadway Type,Roadway Surface,Work Zone,Crash Severity,Number of Fatalities,Number of Injuries,Number of Major Injuries,Number of Minor Injuries,Number of Possible Injuries,Number of Unknown Injuries,Amount of Property Damage,Number of Vehicles Involved,Total Number of Occupants,Travel Direction,Location
2014827396,14-37853,11/15/2014,11-November,7-Saturday,18:33,1800 Hours,District 3 (Northwest),SIOUX CITY,WOODBURY,,5TH ST & WESLEY PKWY & W 3RD ST,Collision with:  Vehicle in traffic,On Roadway,"Angle, oncoming left turn",Driving too fast for conditions,None Indicated,,Dark - unknown roadway lighting,Snow,Snow,"Surface condition (e.g., wet, icy)",Intersection:  Four-way intersection,Paved,,Property Damage Only,0,0,0,0,0,0,3325,2,6,,POINT (-96.410625624565 42.495211025862)
2014827617,201417169,11/15/2014,11-November,7-Saturday,16:05,1600 Hours,District 6 (East Central),CEDAR RAPIDS,LINN,IA 922,IA 922/1ST AVE E & 40TH ST NE & 40TH ST SE,Non-collision events:  Other non-collision (explain in narrative),Outside trafficway,Non-collision (single vehicle),Swerving/Evasive Action,None Indicated,,Daylight,Snow,Snow,"Surface condition (e.g., wet, icy)",Non-intersection:  Non-junction/no special feature,Paved,,Property Damage Only,0,0,0,0,0,0,2700,1,2,,POINT (-91.632389198068 42.019401368187)
2014828651,1411-082,11/15/2014,11-November,7-Saturday,09:28,0900 Hours,District 3 (Northwest),,OSCEOLA,,NORTHWEST BLVD,Non-collision events:  Overturn/rollover,Gore,Non-collision (single vehicle),Over correcting/over steering,None Indicated,,Daylight,Snow,Snow,"Surface condition (e.g., wet, icy)",Non-intersection:  Non-junction/no special feature,Paved,,Minor Injury,0,1,0,1,0,0,1510,1,1,,POINT (-95.733797091075 43.431613178599)
2014827279,14024286,11/15/2014,11-November,7-Saturday,17:00,1700 Hours,District 6 (East Central),MARION,LINN,,44TH ST & 3RD AVENUE CT,Collision with fixed object:  Curb/island/raised median,On Roadway,Non-collision (single vehicle),Driving too fast for conditions,None Indicated,,Daylight,Snow,Snow,"Surface condition (e.g., wet, icy)",Intersection:  Four-way intersection,Paved,,Property Damage Only,0,0,0,0,0,0,1500,1,1,,POINT (-91.562933316264 42.028306525713)
2014827329,20140034062,11/15/2014,11-November,7-Saturday,15:04,1500 Hours,District 1 (Central),DES MOINES,POLK,,HIGHVIEW DR & FLEUR DR,Collision with:  Vehicle in traffic,On Roadway,Broadside (front to side),FTYROW:  Making left turn,None Indicated,,Daylight,Snow,Snow,"Surface condition (e.g., wet, icy)",Intersection:  T-intersection,Paved,,Property Damage Only,0,0,0,0,0,0,2000,2,2,,POINT (-93.645016059869 41.53134544008)
2014827917,2014012820,11/15/2014,11-November,7-Saturday,15:50,1500 Hours,District 6 (East Central),IOWA CITY,JOHNSON,,E COURT ST & S 1ST AVE,Collision with:  Vehicle in traffic,On Roadway,Rear-end (front to rear),Followed too close,None Indicated,,Daylight,Snow,Snow,None apparent,Non-intersection:  Non-junction/no special feature,Paved,,Property Damage Only,0,0,0,0,0,0,3000,2,3,,POINT (-91.502010631888 41.65678994244)
2014827922,14-23424,11/15/2014,11-November,7-Saturday,16:48,1600 Hours,District 6 (East Central),DAVENPORT,SCOTT,I-80,I-80,Collision with fixed object:  Guardrail - face,On Roadway,Non-collision (single vehicle),Driving too fast for conditions,None Indicated,,Dusk,Snow,Snow,None apparent,Non-intersection:  Non-junction/no special feature,Paved,,Property Damage Only,0,0,0,0,0,0,6600,1,1,,POINT (-90.577770166051 41.597414528147)
2014831922,2014063974,11/15/2014,11-November,7-Saturday,15:00,1500 Hours,District 1 (Central),,POLK,I-35,I-35,Collision with:  Vehicle in traffic,On Roadway,"Sideswipe, same direction",Swerving/Evasive Action,None Indicated,,Daylight,Snow,Snow,"Surface condition (e.g., wet, icy)",Interchange-related:  On-ramp merge area,Paved,,Property Damage Only,0,0,0,0,0,0,10500,4,6,,POINT (-93.689966171047 41.65177242772)
2014830017,2014-22324,11/15/2014,11-November,7-Saturday,17:11,1700 Hours,District 6 (East Central),BETTENDORF,SCOTT,I-80,I-80,Collision with fixed object:  Guardrail - face,Median,Non-collision (single vehicle),Driving too fast for conditions,None Indicated,,Dark - roadway not lighted,Snow,Snow,"Surface condition (e.g., wet, icy)",Non-intersection:  Non-junction/no special feature,Paved,,Property Damage Only,0,0,0,0,0,0,2500,1,1,,POINT (-90.460932612225 41.59712558598)
2014829127,SO14002716,11/15/2014,11-November,7-Saturday,11:25,1100 Hours,District 3 (Northwest),,PLYMOUTH,US 75,US 75,Non-collision events:  Overturn/rollover,On Roadway,Non-collision (single vehicle),Ran off road - left,None Indicated,,Daylight,Snow,Snow,"Surface condition (e.g., wet, icy)",Non-intersection:  Non-junction/no special feature,Paved,,Property Damage Only,0,0,0,0,0,0,5000,1,1,,POINT (-96.264250754707 42.688653587709)
2014828184,1400001016,11/15/2014,11-November,7-Saturday,18:47,1800 Hours,District 1 (Central),MARSHALLTOWN,MARSHALL,,JEFFERSON & SMITH AVE,Collision with fixed object:  Ditch,Outside trafficway,Non-collision (single vehicle),Other (explain in narrative):  No improper action,None Indicated,,Dark - roadway lighted,Snow,Snow,None apparent,Intersection:  T-intersection,Paved,,Property Damage Only,0,0,0,0,0,0,3000,1,1,,POINT (-92.893180408101 41.996714883989)
2014833269,,11/15/2014,11-November,7-Saturday,01:40,0100 Hours,District 4 (Southwest),FONTANELLE,ADAIR,IA 92,IA 92/WASHINGTON ST & MAIN ST & 12TH ST,Non-collision events:  Overturn/rollover,Roadside,Non-collision (single vehicle),Swerving/Evasive Action,Alcohol (Statutory),,Dark - roadway lighted,Dry,Clear,None apparent,Non-intersection:  Non-junction/no special feature,Paved,,Possible/Unknown,0,1,0,0,1,0,4500,1,1,,POINT (-94.552579066693 41.290188621136)
2014832143,2014063969,11/15/2014,11-November,7-Saturday,14:15,1400 Hours,District 2 (Northeast),,BLACK HAWK,I-380,I-380,Non-collision events:  Overturn/rollover,On Roadway,Non-collision (single vehicle),Swerving/Evasive Action,None Indicated,,Daylight,Snow,Snow,None apparent,Non-intersection:  Non-junction/no special feature,Paved,,Possible/Unknown,0,1,0,0,1,0,28000,1,3,,POINT (-92.079860888111 42.360010395669)
2014829415,2014064025,11/15/2014,11-November,7-Saturday,16:55,1600 Hours,District 6 (East Central),,BENTON,I-380,I-380,Collision with:  Vehicle in traffic,On Roadway,"Sideswipe, same direction",Swerving/Evasive Action,None Indicated,,Dusk,Snow,Snow,"Surface condition (e.g., wet, icy)",Non-intersection:  Non-junction/no special feature,Paved,,Possible/Unknown,0,1,0,0,1,0,10000,2,2,,POINT (-91.926655734697 42.273256332432)
2014832288,14-047719,11/15/2014,11-November,7-Saturday,14:28,1400 Hours,District 5 (Southeast),,MUSCATINE,US 61,US 61,Collision with:  Animal,On Roadway,Non-collision (single vehicle),Animal,None Indicated,,Daylight,Dry,Cloudy,None apparent,Non-intersection:  Non-junction/no special feature,Paved,,Property Damage Only,0,0,0,0,0,0,10000,1,1,,POINT (-90.936394298721 41.503341754318)
2014828428,,11/15/2014,11-November,7-Saturday,14:24,1400 Hours,District 5 (Southeast),,DECATUR,US 69,US 69,Collision with:  Vehicle in traffic,On Roadway,Rear-end (front to rear),Followed too close,None Indicated,,Daylight,Snow,Snow,"Surface condition (e.g., wet, icy)",Non-intersection:  Non-junction/no special feature,Paved,,Property Damage Only,0,0,0,0,0,0,1500,2,2,,POINT (-93.754728865959 40.833064921297)
2014828037,W14-113232,11/15/2014,11-November,7-Saturday,17:45,1700 Hours,District 2 (Northeast),WATERLOO,BLACK HAWK,US 20,US 20/SE RAMP/SE LOOP & US 63/SERGEANT RD,Collision with:  Vehicle in traffic,On Roadway,Rear-end (front to rear),Ran Traffic Signal,None Indicated,,Dark - roadway lighted,Snow,Snow,"Surface condition (e.g., wet, icy)",Intersection:  T-intersection,Paved,,Property Damage Only,0,0,0,0,0,0,2000,2,2,,POINT (-92.406132199102 42.457411885259)
2014827635,C14003648,11/15/2014,11-November,7-Saturday,17:40,1700 Hours,District 6 (East Central),CORALVILLE,JOHNSON,,10TH ST,Collision with:  Vehicle in traffic,On Roadway,Rear-end (front to rear),Unknown,None Indicated,,Dark - roadway lighted,Snow,Snow,None apparent,Non-intersection:  Non-junction/no special feature,Paved,,Property Damage Only,0,0,0,0,0,0,3000,4,7,,POINT (-91.590455739725 41.68689288929)
2014828279,14-11649,11/15/2014,11-November,7-Saturday,11:30,1100 Hours,District 3 (Northwest),CARROLL,CARROLL,,10TH ST & SIMON AVE,Collision with:  Vehicle in traffic,On Roadway,Broadside (front to side),Ran Stop Sign,None Indicated,,Daylight,Snow,Snow,"Surface condition (e.g., wet, icy)",Intersection:  Four-way intersection,Paved,,Property Damage Only,0,0,0,0,0,0,2200,2,3,,POINT (-94.872445248808 42.071750903518)
2014827381,14-37794,11/15/2014,11-November,7-Saturday,12:00,1200 Hours,District 3 (Northwest),SIOUX CITY,WOODBURY,,18TH ST & PIERCE ST,Collision with:  Vehicle in traffic,On Roadway,Rear-end (front to rear),Driving too fast for conditions,None Indicated,,Daylight,Slush,Snow,"Surface condition (e.g., wet, icy)",Intersection:  Four-way intersection,Paved,,Possible/Unknown,0,2,0,0,2,0,2100,2,6,,POINT (-96.405080131964 42.509152956159)
2014828178,14-028082,11/15/2014,11-November,7-Saturday,15:30,1500 Hours,District 5 (Southeast),PELLA,MARION,,COLUMBUS ST,Collision with:  Vehicle in traffic,On Roadway,Rear-end (front to rear),Driving too fast for conditions,None Indicated,,Daylight,Slush,Snow,"Surface condition (e.g., wet, icy)",Non-intersection:  Non-junction/no special feature,Paved,,Property Damage Only,0,0,0,0,0,0,1500,2,3,,POINT (-92.924538408103 41.409438615038)
2014827969,14-007929,11/15/2014,11-November,7-Saturday,11:53,1100 Hours,District 2 (Northeast),BURT,KOSSUTH,US 169,US 169,Non-collision events:  Overturn/rollover,On Roadway,Non-collision (single vehicle),Driving too fast for conditions,None Indicated,,Daylight,Ice/frost,Snow,"Surface condition (e.g., wet, icy)",Non-intersection:  Non-junction/no special feature,Paved,,Property Damage Only,0,0,0,0,0,0,3500,1,3,,POINT (-94.226346070623 43.220964478783)
2014827385,14-37817,11/15/2014,11-November,7-Saturday,14:44,1400 Hours,District 3 (Northwest),SIOUX CITY,WOODBURY,,SUNNYBROOK DR & KNOLLWOOD CT,Collision with:  Vehicle in traffic,On Roadway,"Sideswipe, opposite direction",Lost Control,None Indicated,,Daylight,Snow,Snow,"Surface condition (e.g., wet, icy)",Non-intersection:  Non-junction/no special feature,Paved,,Property Damage Only,0,0,0,0,0,0,11000,3,6,,POINT (-96.337980371498 42.455120937794)
2014827859,2014012811,11/15/2014,11-November,7-Saturday,12:04,1200 Hours,District 6 (East Central),IOWA CITY,JOHNSON,,MORMON TREK BLVD & MELROSE AVE,Collision with:  Vehicle in traffic,On Roadway,Rear-end (front to rear),Other (explain in narrative):  Other,None Indicated,,Daylight,Dry,Cloudy,None apparent,Intersection:  Four-way intersection,Paved,,Property Damage Only,0,0,0,0,0,0,2700,2,5,,POINT (-91.573863026878 41.656929501108)
2014828515,11-14-118,11/15/2014,11-November,7-Saturday,18:00,1800 Hours,District 3 (Northwest),LE MARS,PLYMOUTH,,195TH ST,Collision with fixed object:  Utility pole/light support,Outside trafficway,Non-collision (single vehicle),Lost Control,None Indicated,,Daylight,Snow,Snow,None apparent,Non-intersection:  Non-junction/no special feature,Unpaved,,Property Damage Only,0,0,0,0,0,0,3000,1,1,,POINT (-96.199314529896 42.771464068533)
2014828953,,11/15/2014,11-November,7-Saturday,17:00,1700 Hours,District 6 (East Central),,DUBUQUE,IA 136,IA 136/IOWA 136,Collision with:  Animal,On Roadway,Non-collision (single vehicle),Animal,None Indicated,,Dusk,Snow,Snow,,Non-intersection:  Non-junction/no special feature,Paved,,Property Damage Only,0,0,0,0,0,0,4000,1,2,,POINT (-91.072976233086 42.328864644726)
2014827288,14-007900,11/15/2014,11-November,7-Saturday,17:30,1700 Hours,District 3 (Northwest),,MONONA,,Co Rd E16/E16,Collision with fixed object:  Ditch,On Roadway,Non-collision (single vehicle),Swerving/Evasive Action,None Indicated,,Dark - roadway not lighted,Ice/frost,Snow,"Surface condition (e.g., wet, icy)",Non-intersection:  Non-junction/no special feature,Paved,,Property Damage Only,0,0,0,0,0,0,3000,1,1,,POINT (-95.720223400729 42.168103628063)
2014827496,14014015,11/15/2014,11-November,7-Saturday,16:18,1600 Hours,District 1 (Central),,TAMA,,BUSINESS US30 & II AVE,Non-collision events:  Overturn/rollover,Shoulder,Non-collision (single vehicle),Driving too fast for conditions,None Indicated,,Daylight,Snow,Snow,"Surface condition (e.g., wet, icy)",Non-intersection:  Non-junction/no special feature,Paved,,Possible/Unknown,0,1,0,0,1,0,5000,1,1,,POINT (-92.60188130065 41.992777798822)
2014828590,2014063975,11/15/2014,11-November,7-Saturday,13:45,1300 Hours,District 5 (Southeast),,CLARKE,I-35,I-35,Collision with:  Vehicle in traffic,On Roadway,"Sideswipe, same direction",Swerving/Evasive Action,None Indicated,,Daylight,Slush,Snow,"Surface condition (e.g., wet, icy)",Non-intersection:  Non-junction/no special feature,Paved,,Property Damage Only,0,0,0,0,0,0,5200,2,3,,POINT (-93.78616502386 41.132880273094)
2014828433,W14-113250,11/15/2014,11-November,7-Saturday,15:00,1500 Hours,District 2 (Northeast),WATERLOO,BLACK HAWK,,HOWARD AVE & LA PORTE RD,Collision with:  Vehicle in traffic,On Roadway,Broadside (front to side),Lost Control,None Indicated,,Daylight,Snow,Snow,"Surface condition (e.g., wet, icy)",Intersection:  Four-way intersection,Paved,,Property Damage Only,0,0,0,0,0,0,2200,2,2,,POINT (-92.322685565554 42.471151425984)
2014828717,W14-113193,11/15/2014,11-November,7-Saturday,16:37,1600 Hours,District 2 (Northeast),WATERLOO,BLACK HAWK,,E RIDGEWAY AVE & BETHEL ST,Collision with:  Vehicle in traffic,On Roadway,Broadside (front to side),Driving too fast for conditions,None Indicated,,Dusk,Snow,Snow,"Surface condition (e.g., wet, icy)",Intersection:  Four-way intersection,Paved,,Property Damage Only,0,0,0,0,0,0,5774,2,5,,POINT (-92.331195814395 42.469346192068)
2014828636,C14003641,11/15/2014,11-November,7-Saturday,16:28,1600 Hours,District 6 (East Central),CORALVILLE,JOHNSON,I-80,I-80 & IA 965/CORAL RIDGE AVE & COMMERCE DR,Collision with:  Vehicle in traffic,On Roadway,Rear-end (front to rear),Driving too fast for conditions,None Indicated,,Dusk,Ice/frost,Snow,"Surface condition (e.g., wet, icy)",Intersection:  Four-way intersection,Paved,,Property Damage Only,0,0,0,0,0,0,4000,2,2,,POINT (-91.608463777811 41.695966106141)
2014832997,,11/15/2014,11-November,7-Saturday,15:24,1500 Hours,District 2 (Northeast),VENTURA,CERRO GORDO,US 18,US 18/HWY 18 W/HWY 18 E & N MAIN ST,Collision with fixed object:  Other fixed object (explain in narrative),On Roadway,Non-collision (single vehicle),FTYROW:  Other (explain in narrative),None Indicated,,Daylight,Snow,Snow,None apparent,Intersection:  Four-way intersection,Paved,,Property Damage Only,0,0,0,0,0,0,3800,1,1,,POINT (-93.477705350308 43.129712051142)
2014827277,14024260,11/15/2014,11-November,7-Saturday,16:37,1600 Hours,District 6 (East Central),MARION,LINN,,8TH AVE & 18TH ST,Collision with:  Vehicle in traffic,On Roadway,Broadside (front to side),Driving too fast for conditions,None Indicated,,Dusk,Snow,Snow,"Surface condition (e.g., wet, icy)",Intersection:  Four-way intersection,Paved,,Possible/Unknown,0,1,0,0,1,0,10000,2,2,,POINT (-91.591686291841 42.034174853849)
2014831474,2014063970,11/15/2014,11-November,7-Saturday,14:23,1400 Hours,District 1 (Central),,POLK,I-80,I-80,Collision with fixed object:  Ditch,On Roadway,Non-collision (single vehicle),Driving too fast for conditions,None Indicated,,Daylight,Slush,Snow,None apparent,Non-intersection:  Non-junction/no special feature,Paved,,Property Damage Only,0,0,0,0,0,0,8000,1,4,,POINT (-93.451159578234 41.670746999536)
2014831859,1411151746,11/15/2014,11-November,7-Saturday,17:57,1700 Hours,District 6 (East Central),,JONES,US 151,US 151,Collision with fixed object:  Bridge overhead structure,On Roadway,Non-collision (single vehicle),Ran off road - right,None Indicated,,Dark - roadway not lighted,Snow,Snow,"Surface condition (e.g., wet, icy)",Non-intersection:  Non-junction/no special feature,Paved,,Property Damage Only,0,0,0,0,0,0,3000,1,3,,POINT (-91.270499563239 42.084369863208)
2014827549,2014-0487,11/15/2014,11-November,7-Saturday,16:25,1600 Hours,District 5 (Southeast),NORWALK,WARREN,,RICHARD GEORGE DR,Collision with:  Vehicle in traffic,On Roadway,Broadside (front to side),FTYROW:  From stop sign,None Indicated,,Dusk,Snow,Snow,"Surface condition (e.g., wet, icy)",Intersection:  Four-way intersection,Paved,,Property Damage Only,0,0,0,0,0,0,5500,2,4,,POINT (-93.674161682701 41.481007231777)
2014827852,14-048328,11/15/2014,11-November,7-Saturday,01:36,0100 Hours,District 4 (Southwest),COUNCIL BLUFFS,POTTAWATTAMIE,,N 10TH ST,Collision with fixed object:  Utility pole/light support,On Roadway,Non-collision (single vehicle),"Operating vehicle in an reckless, erratic, careless, negligent manner",None Indicated,,Dark - roadway not lighted,Dry,Clear,None apparent,Non-intersection:  Driveway access (within),Paved,,Property Damage Only,0,0,0,0,0,0,5000,1,1,,POINT (-95.858896889845 41.263120792361)
2014827538,P14-012879,11/15/2014,11-November,7-Saturday,22:50,2200 Hours,District 1 (Central),WEBSTER CITY,HAMILTON,,FAIRMEADOW DR & SUPERIOR ST,Collision with:  Vehicle in traffic,On Roadway,Broadside (front to side),FTYROW:  Making left turn,None Indicated,,Dark - roadway lighted,Snow,Snow,"Surface condition (e.g., wet, icy)",Intersection:  Four-way intersection,Paved,,Major Injury,0,2,1,0,1,0,11000,2,3,,POINT (-93.816252355141 42.453666363758)
2014827322,20140034045,11/15/2014,11-November,7-Saturday,13:54,1300 Hours,District 1 (Central),DES MOINES,POLK,IA 5,IA 5/IOWA 5,Collision with fixed object:  Ditch,On Roadway,Non-collision (single vehicle),Driving too fast for conditions,None Indicated,,Daylight,Snow,Snow,"Surface condition (e.g., wet, icy)",Non-intersection:  Non-junction/no special feature,Paved,,Property Damage Only,0,0,0,0,0,0,4000,1,1,,POINT (-93.655470257729 41.512487993701)
2014828412,SA1409719,11/15/2014,11-November,7-Saturday,22:10,2200 Hours,District 5 (Southeast),,WASHINGTON,,FIR AVE,Collision with fixed object:  Ditch,On Roadway,Non-collision (single vehicle),Crossed centerline (undivided),None Indicated,,Dark - roadway not lighted,Snow,Snow,"Surface condition (e.g., wet, icy)",Intersection:  Four-way intersection,Unpaved,,Property Damage Only,0,0,0,0,0,0,25000,1,1,,POINT (-91.849071761971 41.293518599255)
2014829720,14-1850,11/15/2014,11-November,7-Saturday,13:24,1300 Hours,District 1 (Central),,GREENE,US 30,US 30/220TH & X AVE,Non-collision events:  Overturn/rollover,On Roadway,Non-collision (single vehicle),Swerving/Evasive Action,None Indicated,,Daylight,Ice/frost,Snow,"Surface condition (e.g., wet, icy)",Non-intersection:  Non-junction/no special feature,Paved,,Possible/Unknown,0,2,0,0,2,0,3000,1,3,,POINT (-94.184019408518 42.03412329661)
2014827231,W14-113182,11/15/2014,11-November,7-Saturday,15:42,1500 Hours,District 2 (Northeast),WATERLOO,BLACK HAWK,,OLYMPIC DR & ANSBOROUGH AVE,Collision with:  Vehicle in traffic,On Roadway,Broadside (front to side),Ran Traffic Signal,None Indicated,,Daylight,Ice/frost,Snow,None apparent,Intersection:  Four-way intersection,Paved,,Property Damage Only,0,0,0,0,0,0,10800,3,5,,POINT (-92.376230634976 42.460567229178)
2014829702,146716,11/15/2014,11-November,7-Saturday,11:15,1100 Hours,District 1 (Central),,HARDIN,US 20,US 20,Collision with fixed object:  Guardrail - face,On Roadway,Non-collision (single vehicle),Driving too fast for conditions,None Indicated,,Daylight,Snow,Snow,"Surface condition (e.g., wet, icy)",Non-intersection:  Other non-intersection (explain in narrative),Paved,,Possible/Unknown,0,1,0,0,1,0,5500,1,1,,POINT (-93.357164298181 42.448280205736)
2014836098,14-07796,11/15/2014,11-November,7-Saturday,12:30,1200 Hours,District 2 (Northeast),OELWEIN,FAYETTE,IA 150,IA 150/PALACE RD/1ST AVE SE & 3RD ST SE,Collision with:  Vehicle in traffic,On Roadway,Rear-end (front to rear),Driving too fast for conditions,None Indicated,,Daylight,Snow,Snow,"Surface condition (e.g., wet, icy)",Intersection:  Four-way intersection,Paved,,Property Damage Only,0,0,0,0,0,0,2000,2,2,,POINT (-91.911376520627 42.674004385384)
2014828531,2014-013832,11/15/2014,11-November,7-Saturday,18:28,1800 Hours,District 6 (East Central),,DUBUQUE,,TANZANITE DR,Collision with:  Vehicle in traffic,On Roadway,"Sideswipe, opposite direction",Ran off road - left,None Indicated,,Dark - roadway not lighted,Snow,Snow,"Surface condition (e.g., wet, icy)",Non-intersection:  Non-junction/no special feature,Paved,,Property Damage Only,0,0,0,0,0,0,4000,2,1,,POINT (-90.688076293375 42.544358622875)
2014828801,14020012,11/15/2014,11-November,7-Saturday,19:02,1900 Hours,District 2 (Northeast),MASON CITY,CERRO GORDO,,12TH ST NW & N TAFT AVE,Collision with:  Animal,On Roadway,Non-collision (single vehicle),Animal,None Indicated,,Dark - roadway lighted,Snow,Snow,None apparent,Non-intersection:  Non-junction/no special feature,Paved,,Property Damage Only,0,0,0,0,0,0,2500,1,1,,POINT (-93.240685220617 43.162756508248)
2014828919,2014064141,11/15/2014,11-November,7-Saturday,18:30,1800 Hours,District 6 (East Central),DYERSVILLE,DUBUQUE,US 20,US 20/SW RAMP,Collision with:  Animal,On Roadway,Non-collision (single vehicle),Animal,None Indicated,,Dark - roadway lighted,Dry,Cloudy,None apparent,Non-intersection:  Non-junction/no special feature,Paved,,Property Damage Only,0,0,0,0,0,0,10000,1,2,,POINT (-91.119352972444 42.469122502776)
2014827386,14-37818,11/15/2014,11-November,7-Saturday,14:41,1400 Hours,District 3 (Northwest),SIOUX CITY,WOODBURY,,SERGEANT RD,Collision with:  Vehicle in traffic,On Roadway,Rear-end (front to rear),Followed too close,None Indicated,,Daylight,Snow,Snow,"Surface condition (e.g., wet, icy)",Non-intersection:  Non-junction/no special feature,Paved,,Property Damage Only,0,0,0,0,0,0,2000,2,2,,POINT (-96.355877796834 42.450761806384)
2014828059,20140034097,11/15/2014,11-November,7-Saturday,17:00,1700 Hours,District 1 (Central),DES MOINES,POLK,,WALNUT ST & 3RD ST,Collision with fixed object:  Other fixed object (explain in narrative),Outside trafficway,Non-collision (single vehicle),Ran off road - right,None Indicated,,Dusk,Snow,Snow,"Surface condition (e.g., wet, icy)",Intersection:  Four-way intersection,Paved,,Property Damage Only,0,0,0,0,0,0,2000,1,1,,POINT (-93.620911902606 41.586665821001)
2014827586,PD14-11603,11/15/2014,11-November,7-Saturday,16:07,1600 Hours,District 1 (Central),MARSHALLTOWN,MARSHALL,,E ANSON ST,Collision with:  Vehicle in traffic,On Roadway,Rear-end (front to rear),Other (explain in narrative):  Other,None Indicated,,Daylight,Ice/frost,Snow,"Surface condition (e.g., wet, icy)",Non-intersection:  Non-junction/no special feature,Paved,,Property Damage Only,0,0,0,0,0,0,2600,2,5,,POINT (-92.896360841172 42.038301449748)
2014828259,20144199,11/15/2014,11-November,7-Saturday,15:12,1500 Hours,District 1 (Central),REINBECK,GRUNDY,,WALNUT ST & 3RD ST,Collision with:  Vehicle in traffic,On Roadway,Broadside (front to side),FTYROW:  At uncontrolled intersection,None Indicated,,Daylight,Snow,Snow,"Surface condition (e.g., wet, icy)",Intersection:  Four-way intersection,Paved,,Property Damage Only,0,0,0,0,0,0,3000,2,5,,POINT (-92.60294320813 42.323973691881)
2014836359,,11/15/2014,11-November,7-Saturday,19:59,1900 Hours,District 2 (Northeast),DECORAH,WINNESHIEK,,OHIO ST,Collision with:  Parked motor vehicle,On Roadway,"Sideswipe, same direction",Lost Control,None Indicated,,Dark - roadway lighted,Snow,Snow,None apparent,Non-intersection:  Non-junction/no special feature,Paved,,Property Damage Only,0,0,0,0,0,0,9300,4,1,,POINT (-91.802817915917 43.308599552219)
2014827477,14-047729,11/15/2014,11-November,7-Saturday,16:49,1600 Hours,District 5 (Southeast),MUSCATINE,MUSCATINE,IA 38,IA 38/PARK AVE & E 5TH ST,Collision with:  Vehicle in traffic,On Roadway,Head-on (front to front),Other (explain in narrative):  Other,None Indicated,,Dark - roadway lighted,Ice/frost,Snow,"Surface condition (e.g., wet, icy)",Non-intersection:  Non-junction/no special feature,Paved,,Property Damage Only,0,0,0,0,0,0,3600,3,5,,POINT (-91.031134360793 41.430750856559)
2014829103,2014064074,11/15/2014,11-November,7-Saturday,19:51,1900 Hours,District 1 (Central),DES MOINES,POLK,I-235,I-235 & IA 163/E UNIVERSITY AVE,Collision with fixed object:  Concrete traffic barrier (median or right side),On Roadway,Non-collision (single vehicle),Driving too fast for conditions,None Indicated,,Dark - roadway lighted,Snow,Snow,"Surface condition (e.g., wet, icy)",Non-intersection:  Non-junction/no special feature,Paved,,Property Damage Only,0,0,0,0,0,0,8000,1,1,,POINT (-93.583640770768 41.600489033743)
2014827443,14-40988,11/15/2014,11-November,7-Saturday,16:07,1600 Hours,District 5 (Southeast),BURLINGTON,DES MOINES,,WEST AVE & EASY ST,Collision with:  Vehicle in traffic,On Roadway,"Sideswipe, same direction",FTYROW:  Other (explain in narrative),None Indicated,,Daylight,Snow,Snow,"Surface condition (e.g., wet, icy)",Intersection:  T-intersection,Paved,,Property Damage Only,0,0,0,0,0,0,3000,2,2,,POINT (-91.13434547347 40.80035902735)
2014827459,A14-077,11/15/2014,11-November,7-Saturday,13:58,1300 Hours,District 4 (Southwest),WINTERSET,MADISON,,W GREEN ST & N 8TH AVE,Collision with:  Vehicle in traffic,On Roadway,Broadside (front to side),FTYROW:  From stop sign,None Indicated,,Daylight,Snow,Snow,"Surface condition (e.g., wet, icy)",Intersection:  T-intersection,Paved,,Major Injury,0,1,1,0,0,0,8500,2,4,,POINT (-94.022945602083 41.336387089416)
2014828704,,11/15/2014,11-November,7-Saturday,14:30,1400 Hours,District 1 (Central),ALLEMAN,POLK,I-35,I-35,Non-collision events:  Other non-collision (explain in narrative),On Roadway,Non-collision (single vehicle),Other (explain in narrative):  No improper action,None Indicated,,Daylight,Snow,Snow,Debris,Non-intersection:  Non-junction/no special feature,Paved,,Property Damage Only,0,0,0,0,0,0,2900,1,1,,POINT (-93.570890697489 41.825297399737)
2014827392,14-37834,11/15/2014,11-November,7-Saturday,16:17,1600 Hours,District 3 (Northwest),SIOUX CITY,WOODBURY,,STONE PARK BLVD & HAMILTON BLVD,Collision with:  Vehicle in traffic,On Roadway,Rear-end (front to rear),Followed too close,None Indicated,,Daylight,Ice/frost,Snow,None apparent,Intersection:  Four-way intersection,Paved,,Possible/Unknown,0,1,0,0,1,0,850,2,2,,POINT (-96.415276664547 42.525633485016)