Iowa DOT Case Number,Law Enforcement Case Number,Date of Crash,Month of Crash,Day of Week,Time of Crash,Hour,DOT District,City Name,County Name,Route with System,Location Description,First Harmful Event,Location of First Harmful Event,Manner of Crash/Collision,Major Cause,Drug or Alcohol ,Environmental Conditions,Light Conditions,Surface Conditions,Weather Conditions,Roadway Contribution,Roadway Type,Roadway Surface,Work Zone,Crash Severity,Number of Fatalities,Number of Injuries,Number of Major Injuries,Number of Minor Injuries,Number of Possible Injuries,Number of Unknown Injuries,Amount of Property Damage,Number of Vehicles Involved,Total Number of Occupants,Travel Direction,Location
2014827704,SA1409711,11/15/2014,11-November,7-Saturday,15:45,1500 Hours,District 5 (Southeast),,WASHINGTON,US 218,US 218,Non-collision events:  Overturn/rollover,On Roadway,Non-collision (single vehicle),Driving too fast for conditions,None Indicated,,Daylight,Ice/frost,Snow,"Surface condition (e.g., wet, icy)",Non-intersection:  Non-junction/no special feature,Paved,,Possible/Unknown,0,1,0,0,1,0,5000,1,1,,POINT (-91.551445843645 41.498891808192)
2014827697,2014064014,11/15/2014,11-November,7-Saturday,15:54,1500 Hours,District 6 (East Central),WILLIAMSBURG,IOWA,I-80,I-80,Collision with:  Vehicle in traffic,On Roadway,"Sideswipe, same direction",Driving too fast for conditions,None Indicated,,Daylight,Ice/frost,Snow,"Surface condition (e.g., wet, icy)",Non-intersection:  Non-junction/no special feature,Paved,,Property Damage Only,0,0,0,0,0,0,115000,2,2,,POINT (-91.936789668112 41.687971194843)
2014829236,W14-113126,11/15/2014,11-November,7-Saturday,14:24,1400 Hours,District 2 (Northeast),WATERLOO,BLACK HAWK,,ANSBOROUGH AVE & W 4TH ST,Collision with:  Vehicle in traffic,On Roadway,Broadside (front to side),Unknown,None Indicated,,Daylight,Ice/frost,Snow,None apparent,Intersection:  Four-way intersection,Paved,,Property Damage Only,0,0,0,0,0,0,1500,2,2,,POINT (-92.37661859599 42.472952430214)
2014827389,14-37831,11/15/2014,11-November,7-Saturday,15:53,1500 Hours,District 3 (Northwest),SIOUX CITY,WOODBURY,I-29,I-29 & I-129 & US 20,Collision with fixed object:  Concrete traffic barrier (median or right side),On Roadway,Non-collision (single vehicle),Other (explain in narrative):  No improper action,None Indicated,,Daylight,Snow,Snow,"Surface condition (e.g., wet, icy)",Non-intersection:  Other non-intersection (explain in narrative),Paved,,Property Damage Only,0,0,0,0,0,0,2000,1,2,,POINT (-96.375372018148 42.446298793257)
2014828468,14-005399,11/15/2014,11-November,7-Saturday,13:45,1300 Hours,District 1 (Central),AMES,STORY,,24TH ST & NORTHWESTERN AVE,Collision with:  Vehicle in traffic,On Roadway,Broadside (front to side),FTYROW:  From stop sign,None Indicated,,Daylight,Snow,Snow,None apparent,Intersection:  Four-way intersection,Paved,,Property Damage Only,0,0,0,0,0,0,3500,2,4,,POINT (-93.625892913375 42.045657272345)
2014830525,14217,11/15/2014,11-November,7-Saturday,15:21,1500 Hours,District 5 (Southeast),PELLA,MARION,,WASHINGTON ST & W 5TH ST,Collision with:  Vehicle in traffic,On Roadway,"Sideswipe, opposite direction",Other (explain in narrative):  Other,None Indicated,,Daylight,Ice/frost,Snow,"Surface condition (e.g., wet, icy)",Intersection:  Four-way intersection,Paved,,Possible/Unknown,0,2,0,0,2,0,10500,3,5,,POINT (-92.926944822272 41.408098037031)
2014827292,14-7580,11/15/2014,11-November,7-Saturday,14:03,1400 Hours,District 1 (Central),DES MOINES,POLK,US 65,US 65,Collision with:  Vehicle in traffic,On Roadway,"Sideswipe, same direction",Lost Control,None Indicated,,Daylight,Snow,Snow,"Surface condition (e.g., wet, icy)",Non-intersection:  Non-junction/no special feature,Paved,,Property Damage Only,0,0,0,0,0,0,4000,2,2,,POINT (-93.363163916444 41.773108988734)
2014828618,14-016250,11/15/2014,11-November,7-Saturday,13:47,1300 Hours,District 2 (Northeast),ELGIN,FAYETTE,,Co Rd W51/CEDAR RD,Collision with fixed object:  Ditch,Shoulder,Non-collision (single vehicle),Driving too fast for conditions,None Indicated,,Daylight,Ice/frost,Snow,None apparent,Non-intersection:  Non-junction/no special feature,Paved,,Property Damage Only,0,0,0,0,0,0,4000,1,1,,POINT (-91.654412574995 42.925373899943)
2014827896,14-035332,11/15/2014,11-November,7-Saturday,20:39,2000 Hours,District 5 (Southeast),FORT MADISON,LEE,,Co Rd X32/303 AVE & RIDGEWOOD RD,Collision with fixed object:  Guardrail - face,On Roadway,Non-collision (single vehicle),Lost Control,None Indicated,,Dark - roadway not lighted,Ice/frost,Snow,"Surface condition (e.g., wet, icy)",Non-intersection:  Non-junction/no special feature,Paved,,Property Damage Only,0,0,0,0,0,0,6500,1,1,,POINT (-91.322032791869 40.640357624761)
2014828598,2014064035,11/15/2014,11-November,7-Saturday,17:23,1700 Hours,District 6 (East Central),,CEDAR,I-80,I-80,Collision with fixed object:  Ditch,Roadside,Non-collision (single vehicle),Driving too fast for conditions,None Indicated,,Dark - roadway not lighted,Snow,Snow,None apparent,Non-intersection:  Non-junction/no special feature,Paved,,Possible/Unknown,0,1,0,0,1,0,10000,1,2,,POINT (-91.273319947008 41.663506636901)
2014829047,14-018053,11/15/2014,11-November,7-Saturday,19:10,1900 Hours,District 2 (Northeast),,FLOYD,,Co Rd T54/130TH ST/RUSTIC AVE,Collision with fixed object:  Ditch,On Roadway,Non-collision (single vehicle),Swerving/Evasive Action,None Indicated,,Dark - roadway not lighted,Snow,Snow,None apparent,Non-intersection:  Non-junction/no special feature,Unpaved,,Possible/Unknown,0,1,0,0,1,0,8000,1,2,,POINT (-92.677491217858 43.169020587652)
2014829399,BP14000925,11/15/2014,11-November,7-Saturday,11:28,1100 Hours,District 2 (Northeast),BELMOND,WRIGHT,US 69,US 69/RIVER AVE S/RIVER AVE N & MAIN ST W & MAIN ST E,Collision with:  Vehicle in traffic,On Roadway,Broadside (front to side),Ran Traffic Signal,None Indicated,,Daylight,Snow,Cloudy,"Surface condition (e.g., wet, icy)",Intersection:  Four-way intersection,Paved,,Minor Injury,0,3,0,3,0,0,6300,2,3,,POINT (-93.616801462653 42.845900283778)
2014827964,C14003634,11/15/2014,11-November,7-Saturday,13:45,1300 Hours,District 6 (East Central),CORALVILLE,JOHNSON,,10TH ST,Collision with:  Vehicle in traffic,On Roadway,Rear-end (front to rear),Driving too fast for conditions,None Indicated,,Daylight,Dry,Cloudy,None apparent,Non-intersection:  Non-junction/no special feature,Paved,,Property Damage Only,0,0,0,0,0,0,3500,2,2,,POINT (-91.602412028314 41.687966638485)
2014828108,2014063976,11/15/2014,11-November,7-Saturday,15:30,1500 Hours,District 5 (Southeast),OLDS,HENRY,US 218,US 218 & SCHOOL AVE & E SCHOOL AVE,Collision with:  Vehicle in traffic,On Roadway,Rear-end (front to rear),FTYROW:  From stop sign,None Indicated,,Daylight,Snow,Snow,None apparent,Intersection:  Four-way intersection,Paved,,Property Damage Only,0,0,0,0,0,0,4500,2,3,,POINT (-91.54010763534 41.13453576042)
2014827521,PD14-11602,11/15/2014,11-November,7-Saturday,15:55,1500 Hours,District 1 (Central),MARSHALLTOWN,MARSHALL,,E MADISON ST & WEST RAMP,Collision with:  Vehicle in traffic,On Roadway,Broadside (front to side),Swerving/Evasive Action,None Indicated,,Daylight,Snow,Snow,"Surface condition (e.g., wet, icy)",Intersection:  T-intersection,Paved,,Property Damage Only,0,0,0,0,0,0,6000,2,4,,POINT (-92.909075977533 42.04333791021)
2014827903,14-35320,11/15/2014,11-November,7-Saturday,18:07,1800 Hours,District 5 (Southeast),FORT MADISON,LEE,,Co Rd X50/GREEN BAY RD,Collision with:  Vehicle in traffic,On Roadway,Head-on (front to front),Lost Control,None Indicated,,Dark - roadway not lighted,Ice/frost,Snow,"Surface condition (e.g., wet, icy)",Non-intersection:  Non-junction/no special feature,Paved,,Possible/Unknown,0,1,0,0,1,0,16500,3,4,,POINT (-91.213169351009 40.713815381547)
2014827632,14-3674,11/15/2014,11-November,7-Saturday,17:35,1700 Hours,District 1 (Central),FORT DODGE,WEBSTER,,KENYON RD,Collision with:  Vehicle in traffic,On Roadway,Rear-end (front to rear),Lost Control,None Indicated,,Dark - roadway not lighted,Slush,Cloudy,"Surface condition (e.g., wet, icy)",Non-intersection:  Non-junction/no special feature,Paved,,Property Damage Only,0,0,0,0,0,0,3500,2,3,,POINT (-94.188656339426 42.494807516046)
2014827634,C14003644,11/15/2014,11-November,7-Saturday,16:40,1600 Hours,District 6 (East Central),CORALVILLE,JOHNSON,,25TH AVE,Collision with:  Vehicle in traffic,On Roadway,Rear-end (front to rear),Driving too fast for conditions,None Indicated,,Dusk,Snow,Snow,"Surface condition (e.g., wet, icy)",Non-intersection:  Non-junction/no special feature,Paved,,Property Damage Only,0,0,0,0,0,0,3000,2,2,,POINT (-91.603374726326 41.688455705973)
2014829412,2014063946,11/15/2014,11-November,7-Saturday,12:55,1200 Hours,District 4 (Southwest),,HARRISON,I-29,I-29,Non-collision events:  Overturn/rollover,Median,Non-collision (single vehicle),Swerving/Evasive Action,None Indicated,,Daylight,Snow,Snow,"Surface condition (e.g., wet, icy)",Non-intersection:  Non-junction/no special feature,Paved,,Property Damage Only,0,0,0,0,0,0,5000,1,2,,POINT (-96.040428234118 41.68040258892)
2014827436,CL14004049,11/15/2014,11-November,7-Saturday,17:20,1700 Hours,District 6 (East Central),CLINTON,CLINTON,,8TH AVE N & N 12TH ST,Collision with:  Vehicle in traffic,On Roadway,Broadside (front to side),Other (explain in narrative):  Other,None Indicated,,Dusk,Snow,Snow,None apparent,Non-intersection:  Non-junction/no special feature,Paved,,Property Damage Only,0,0,0,0,0,0,6000,2,2,,POINT (-90.213820302364 41.853064248614)
2014827918,2014012824,11/15/2014,11-November,7-Saturday,16:14,1600 Hours,District 6 (East Central),IOWA CITY,JOHNSON,,E COURT ST & S 1ST AVE,Collision with fixed object:  Utility pole/light support,Shoulder,Non-collision (single vehicle),Driving too fast for conditions,None Indicated,,Dusk,Snow,Snow,"Surface condition (e.g., wet, icy)",Non-intersection:  Non-junction/no special feature,Paved,,Property Damage Only,0,0,0,0,0,0,3000,1,1,,POINT (-91.502010631888 41.65678994244)
2014828601,2014064177,11/15/2014,11-November,7-Saturday,19:30,1900 Hours,District 6 (East Central),,JONES,IA 64,IA 64/IOWA 64,Collision with fixed object:  Ditch,On Roadway,Non-collision (single vehicle),Ran off road - right,None Indicated,,Dark - roadway not lighted,Snow,Snow,"Surface condition (e.g., wet, icy)",Non-intersection:  Non-junction/no special feature,Paved,,Property Damage Only,0,0,0,0,0,0,2000,1,2,,POINT (-91.01775759306 42.058720860242)
2014828075,14-005416,11/15/2014,11-November,7-Saturday,17:54,1700 Hours,District 1 (Central),AMES,STORY,,LINCOLN WAY & STATE AVE,Collision with:  Vehicle in traffic,On Roadway,Rear-end (front to rear),Driving too fast for conditions,None Indicated,,Dark - roadway lighted,Snow,Snow,"Surface condition (e.g., wet, icy)",Intersection:  T-intersection,Paved,,Property Damage Only,0,0,0,0,0,0,1550,2,4,,POINT (-93.659150828801 42.022729544352)
2014827387,14-37823,11/15/2014,11-November,7-Saturday,15:26,1500 Hours,District 3 (Northwest),SIOUX CITY,WOODBURY,US 20,US 20/RAMP & S LAKEPORT ST,Collision with:  Vehicle in traffic,On Roadway,"Sideswipe, same direction",Driving too fast for conditions,None Indicated,,Daylight,Snow,Snow,None apparent,Non-intersection:  Non-junction/no special feature,Paved,,Property Damage Only,0,0,0,0,0,0,4500,2,2,,POINT (-96.346897334425 42.445153691151)
2014827729,11152014141,11/15/2014,11-November,7-Saturday,13:55,1300 Hours,District 5 (Southeast),OSCEOLA,CLARKE,US 34,US 34/W MC LANE ST & WARREN AVE,Non-collision events:  Other non-collision (explain in narrative),On Roadway,Rear-end (front to rear),Driving too fast for conditions,None Indicated,,Daylight,Snow,Snow,"Surface condition (e.g., wet, icy)",Intersection:  Four-way intersection,Paved,,Property Damage Only,0,0,0,0,0,0,2200,2,2,,POINT (-93.788687117502 41.02800997525)
2014829485,14026778,11/15/2014,11-November,7-Saturday,18:00,1800 Hours,District 5 (Southeast),OSKALOOSA,MAHASKA,,235TH ST & CARBONADO RD,Collision with:  Vehicle in traffic,On Roadway,"Sideswipe, opposite direction",Lost Control,None Indicated,,Dark - roadway not lighted,Ice/frost,Snow,"Surface condition (e.g., wet, icy)",Non-intersection:  Non-junction/no special feature,Paved,,Property Damage Only,0,0,0,0,0,0,4500,2,4,,POINT (-92.622341268498 41.310885389822)
2014829167,201417193,11/15/2014,11-November,7-Saturday,23:30,2300 Hours,District 6 (East Central),CEDAR RAPIDS,LINN,,WILSON AVE SW & 6TH ST SW,Collision with:  Vehicle in traffic,On Roadway,Broadside (front to side),Ran Traffic Signal,Under Influence of Alcohol/Drugs/Medications,,Dark - roadway lighted,Snow,Snow,None apparent,Non-intersection:  Non-junction/no special feature,Paved,,Property Damage Only,0,0,0,0,0,0,7500,2,3,,POINT (-91.677157422882 41.956097546137)
2014827332,20140034076,11/15/2014,11-November,7-Saturday,17:23,1700 Hours,District 1 (Central),DES MOINES,POLK,I-235,I-235,Collision with:  Vehicle in traffic,On Roadway,"Sideswipe, same direction",Other (explain in narrative):  No improper action,None Indicated,,Dark - roadway lighted,Snow,Snow,"Surface condition (e.g., wet, icy)",Non-intersection:  Non-junction/no special feature,Paved,,Property Damage Only,0,0,0,0,0,0,8000,2,3,,POINT (-93.688624923379 41.592333053747)
2014828389,2014-22330,11/15/2014,11-November,7-Saturday,18:35,1800 Hours,District 6 (East Central),BETTENDORF,SCOTT,I-80,I-80,Collision with fixed object:  Ditch,On Roadway,Non-collision (single vehicle),Driving too fast for conditions,None Indicated,,Dark - roadway lighted,Ice/frost,Snow,"Surface condition (e.g., wet, icy)",Non-intersection:  Non-junction/no special feature,Paved,,Property Damage Only,0,0,0,0,0,0,10000,1,6,,POINT (-90.493122976122 41.596508520972)
2014827259,14-8326,11/15/2014,11-November,7-Saturday,14:07,1400 Hours,District 3 (Northwest),IDA GROVE,IDA,,5TH ST & MORNINGSIDE ST,Collision with fixed object:  Traffic sign support,On Roadway,Non-collision (single vehicle),Swerving/Evasive Action,None Indicated,,Daylight,Snow,Snow,"Surface condition (e.g., wet, icy)",Intersection:  T-intersection,Paved,,Property Damage Only,0,0,0,0,0,0,1600,1,1,,POINT (-95.464117839098 42.341350475286)
2014827772,2014-79396,11/15/2014,11-November,7-Saturday,21:03,2100 Hours,District 6 (East Central),DAVENPORT,SCOTT,,W 60TH ST & FAIRMOUNT ST,Collision with fixed object:  Utility pole/light support,On Roadway,Non-collision (single vehicle),Other (explain in narrative):  No improper action,None Indicated,,Dark - roadway lighted,Snow,Snow,"Surface condition (e.g., wet, icy)",Non-intersection:  Non-junction/no special feature,Paved,,Property Damage Only,0,0,0,0,0,0,6000,1,1,,POINT (-90.629302784995 41.581665383225)
2014829516,2147,11/15/2014,11-November,7-Saturday,14:54,1400 Hours,District 2 (Northeast),OSAGE,MITCHELL,IA 9,IA 9/IOWA 9,Collision with fixed object:  Ditch,On Roadway,Non-collision (single vehicle),Driving too fast for conditions,None Indicated,,Daylight,Snow,Clear,"Surface condition (e.g., wet, icy)",Non-intersection:  Non-junction/no special feature,Paved,,Property Damage Only,0,0,0,0,0,0,8000,1,2,,POINT (-92.865342603819 43.28409814701)
2014831222,2014-039701,11/15/2014,11-November,7-Saturday,22:07,2200 Hours,District 6 (East Central),DUBUQUE,DUBUQUE,,W LOCUST ST,Non-collision events:  Other non-collision (explain in narrative),On Roadway,Non-collision (single vehicle),Lost Control,None Indicated,,Dark - roadway lighted,Snow,Snow,"Surface condition (e.g., wet, icy)",Non-intersection:  Non-junction/no special feature,Paved,,Property Damage Only,0,0,0,0,0,0,10500,2,1,,POINT (-90.675551230961 42.508741739195)
2014828819,201400055871,11/15/2014,11-November,7-Saturday,15:27,1500 Hours,District 5 (Southeast),OTTUMWA,WAPELLO,,W MAIN ST & W 2ND ST CONN,Collision with:  Vehicle in traffic,On Roadway,"Sideswipe, opposite direction",Crossed centerline (undivided),None Indicated,,Daylight,Ice/frost,Snow,"Surface condition (e.g., wet, icy)",Non-intersection:  Non-junction/no special feature,Paved,,Property Damage Only,0,0,0,0,0,0,6500,2,3,,POINT (-92.425381273139 41.02796086543)
2014827589,PD14-11609,11/15/2014,11-November,7-Saturday,21:35,2100 Hours,District 1 (Central),MARSHALLTOWN,MARSHALL,IA 14,IA 14/S CENTER ST/E ANSON ST & W ANSON ST,Collision with:  Vehicle in traffic,On Roadway,"Angle, oncoming left turn",FTYROW:  Making left turn,None Indicated,,Dark - roadway lighted,Wet,Snow,"Surface condition (e.g., wet, icy)",Intersection:  Four-way intersection,Paved,,Property Damage Only,0,0,0,0,0,0,4500,2,2,,POINT (-92.912780418907 42.038170995531)
2014829401,N14000612,11/15/2014,11-November,7-Saturday,16:20,1600 Hours,District 6 (East Central),CORALVILLE,JOHNSON,,9TH ST & 12TH AVE,Collision with:  Vehicle in traffic,On Roadway,Rear-end (front to rear),Other (explain in narrative):  Other,None Indicated,,Dusk,Snow,Snow,"Surface condition (e.g., wet, icy)",Non-intersection:  Non-junction/no special feature,Paved,,Property Damage Only,0,0,0,0,0,0,1500,2,2,,POINT (-91.581010193576 41.684218692309)
2014827517,2014-2475,11/15/2014,11-November,7-Saturday,14:45,1400 Hours,District 5 (Southeast),,WARREN,US 65,US 65,Collision with fixed object:  Ditch,On Roadway,Non-collision (single vehicle),Swerving/Evasive Action,None Indicated,,Daylight,Snow,Snow,"Surface condition (e.g., wet, icy)",Non-intersection:  Non-junction/no special feature,Paved,,Property Damage Only,0,0,0,0,0,0,4000,1,1,,POINT (-93.558659980273 41.432202236415)
2014827234,W14-113097,11/15/2014,11-November,7-Saturday,13:51,1300 Hours,District 2 (Northeast),WATERLOO,BLACK HAWK,,W RIDGEWAY AVE & PROSPECT BLVD,Collision with:  Vehicle in traffic,On Roadway,Rear-end (front to rear),Driving too fast for conditions,None Indicated,,Daylight,Snow,Snow,None apparent,Intersection:  Four-way intersection,Paved,,Property Damage Only,0,0,0,0,0,0,2000,2,2,,POINT (-92.367104950805 42.46937899364)
2014829463,2014-8553,11/15/2014,11-November,7-Saturday,17:02,1700 Hours,District 6 (East Central),ELDRIDGE,SCOTT,US 61,US 61,Collision with fixed object:  Guardrail - face,On Roadway,Non-collision (single vehicle),Ran off road - right,None Indicated,,Dark - roadway lighted,Snow,Snow,None apparent,Non-intersection:  Other non-intersection (explain in narrative),Paved,,Property Damage Only,0,0,0,0,0,0,4271,1,2,,POINT (-90.5642867053 41.619032839336)
2014827394,14-37843,11/15/2014,11-November,7-Saturday,17:51,1700 Hours,District 3 (Northwest),SIOUX CITY,WOODBURY,,SINGING HILLS BLVD,Collision with:  Vehicle in traffic,On Roadway,"Sideswipe, same direction",Driving too fast for conditions,None Indicated,,Dark - roadway lighted,Snow,Snow,"Surface condition (e.g., wet, icy)",Non-intersection:  Non-junction/no special feature,Paved,,Property Damage Only,0,0,0,0,0,0,3000,2,3,,POINT (-96.350019829889 42.438047805795)
2014829095,2014063961,11/15/2014,11-November,7-Saturday,14:00,1400 Hours,District 1 (Central),,POLK,I-35,I-35,Collision with fixed object:  Guardrail - face,Median,Non-collision (single vehicle),Driving too fast for conditions,None Indicated,,Daylight,Ice/frost,Snow,"Surface condition (e.g., wet, icy)",Non-intersection:  Non-junction/no special feature,Paved,,Property Damage Only,0,0,0,0,0,0,4000,1,1,,POINT (-93.571079705562 41.846561694961)
2014829414,2014063956,11/15/2014,11-November,7-Saturday,13:00,1300 Hours,District 5 (Southeast),OSCEOLA,CLARKE,I-35,I-35,Collision with fixed object:  Ditch,On Roadway,Non-collision (single vehicle),Swerving/Evasive Action,None Indicated,,Daylight,Snow,Snow,"Surface condition (e.g., wet, icy)",Non-intersection:  Other non-intersection (explain in narrative),Paved,,Property Damage Only,0,0,0,0,0,0,7000,1,2,,POINT (-93.79439018974 41.026466458132)
2014827328,20140034061,11/15/2014,11-November,7-Saturday,15:13,1500 Hours,District 1 (Central),DES MOINES,POLK,,GRAND AVE & 59TH ST,Collision with:  Vehicle in traffic,On Roadway,Broadside (front to side),Made improper turn,None Indicated,,Daylight,Snow,Snow,None apparent,Intersection:  T-intersection,Paved,,Minor Injury,0,1,0,1,0,0,4000,2,5,,POINT (-93.697904190739 41.582729428943)
2014827295,14-7575,11/15/2014,11-November,7-Saturday,12:50,1200 Hours,District 1 (Central),DES MOINES,POLK,,NE 3RD ST & NE BROADWAY AVE,Collision with:  Vehicle in traffic,On Roadway,"Angle, oncoming left turn",FTYROW:  Making left turn,None Indicated,,Daylight,Dry,Cloudy,None apparent,Intersection:  Four-way intersection,Paved,,Property Damage Only,0,0,0,0,0,0,4500,2,7,,POINT (-93.615134368991 41.644054795315)
2014827692,2014063936,11/15/2014,11-November,7-Saturday,12:15,1200 Hours,District 2 (Northeast),,CERRO GORDO,I-35,I-35 & Co Rd B20/300TH ST,Collision with:  Vehicle in traffic,On Roadway,"Sideswipe, same direction",Made improper turn,None Indicated,,Daylight,Snow,Snow,"Surface condition (e.g., wet, icy)",Non-intersection:  Other non-intersection (explain in narrative),Paved,,Property Damage Only,0,0,0,0,0,0,8000,2,8,,POINT (-93.349263838399 43.198756899707)
2014831921,2014063963,11/15/2014,11-November,7-Saturday,14:15,1400 Hours,District 1 (Central),,POLK,I-35,I-35,Non-collision events:  Overturn/rollover,Median,Non-collision (single vehicle),Ran off road - left,None Indicated,,Daylight,Snow,Snow,"Surface condition (e.g., wet, icy)",Non-intersection:  Non-junction/no special feature,Paved,,Property Damage Only,0,0,0,0,0,0,10424,1,1,,POINT (-93.571077988882 41.840950427434)
2014828424,,11/15/2014,11-November,7-Saturday,14:30,1400 Hours,District 4 (Southwest),WEST DES MOINES,DALLAS,,JORDAN CREEK PKWY & COACHLIGHT DR,Collision with:  Vehicle in traffic,On Roadway,Rear-end (front to rear),Unknown,None Indicated,,Daylight,Snow,Snow,,Intersection:  Four-way intersection,Paved,,Property Damage Only,0,0,0,0,0,0,2000,2,4,,POINT (-93.809324023952 41.564146764098)
2014827793,2014012839,11/15/2014,11-November,7-Saturday,18:38,1800 Hours,District 6 (East Central),IOWA CITY,JOHNSON,,KENNEDY PKWY,Collision with:  Vehicle in traffic,On Roadway,Head-on (front to front),Other (explain in narrative):  Other,None Indicated,,Dark - roadway not lighted,Snow,Snow,None apparent,Non-intersection:  Non-junction/no special feature,Paved,,Property Damage Only,0,0,0,0,0,0,9000,2,2,,POINT (-91.590651605245 41.660298034286)
2014827615,201417153,11/15/2014,11-November,7-Saturday,11:53,1100 Hours,District 6 (East Central),CEDAR RAPIDS,LINN,,ROCKFORD RD SW,Collision with:  Vehicle in traffic,On Roadway,Rear-end (front to rear),Followed too close,None Indicated,,Daylight,Dry,Cloudy,None apparent,Non-intersection:  Driveway access (within),Paved,,Possible/Unknown,0,1,0,0,1,0,13000,2,4,,POINT (-91.691547115097 41.961657347145)
2014828480,S14-11852,11/15/2014,11-November,7-Saturday,12:08,1200 Hours,District 3 (Northwest),SALIX,WOODBURY,I-29,I-29,Non-collision events:  Overturn/rollover,On Roadway,Non-collision (single vehicle),Lost Control,None Indicated,,Daylight,Ice/frost,Snow,None apparent,Interchange-related:  Off-ramp,Paved,,Property Damage Only,0,0,0,0,0,0,3000,1,1,,POINT (-96.304699459201 42.312398716572)
2014831693,14-008353,11/15/2014,11-November,7-Saturday,10:36,1000 Hours,District 2 (Northeast),,KOSSUTH,IA 15,IA 15/10 AVE,Non-collision events:  Overturn/rollover,Roadside,Non-collision (single vehicle),Ran off road - left,None Indicated,,Daylight,Snow,Cloudy,"Surface condition (e.g., wet, icy)",Non-intersection:  Non-junction/no special feature,Paved,,Property Damage Only,0,0,0,0,0,0,4500,1,1,,POINT (-94.443074612301 42.93944074042)
2014834538,14010230,11/15/2014,11-November,7-Saturday,14:56,1400 Hours,District 6 (East Central),,BUCHANAN,I-380,I-380,Collision with:  Vehicle in traffic,On Roadway,"Sideswipe, opposite direction",Crossed centerline (undivided),None Indicated,,Daylight,Snow,Snow,None apparent,Non-intersection:  Non-junction/no special feature,Paved,,Minor Injury,0,4,0,2,2,0,27000,2,6,,POINT (-92.041047252316 42.345084593032)
2014828853,2014063919,11/15/2014,11-November,7-Saturday,10:14,1000 Hours,District 4 (Southwest),,POTTAWATTAMIE,I-80,I-80,Collision with:  Vehicle in traffic,On Roadway,"Sideswipe, same direction",Ran off road - left,None Indicated,,Daylight,Ice/frost,Snow,"Surface condition (e.g., wet, icy)",Non-intersection:  Other non-intersection (explain in narrative),Paved,,Property Damage Only,0,0,0,0,0,0,10500,2,2,,POINT (-95.523214262852 41.500269687975)
2014827758,2014-79301,11/15/2014,11-November,7-Saturday,10:50,1000 Hours,District 6 (East Central),DAVENPORT,SCOTT,US 6,US 6/W KIMBERLY RD & MARQUETTE ST,Collision with:  Vehicle in traffic,On Roadway,"Angle, oncoming left turn",Ran Traffic Signal,None Indicated,,Daylight,Dry,Cloudy,None apparent,Intersection:  Four-way intersection,Paved,,Minor Injury,0,3,0,1,2,0,16000,3,3,,POINT (-90.591072063383 41.560101589999)
2014827447,PD1410266,11/15/2014,11-November,7-Saturday,15:12,1500 Hours,District 5 (Southeast),FAIRFIELD,JEFFERSON,IA 1,IA 1/S MAIN ST,Collision with:  Vehicle in traffic,On Roadway,Rear-end (front to rear),Driving too fast for conditions,None Indicated,,Daylight,Snow,Cloudy,"Surface condition (e.g., wet, icy)",Non-intersection:  Non-junction/no special feature,Paved,,Property Damage Only,0,0,0,0,0,0,8000,2,3,,POINT (-91.963089206172 40.988967000511)
2014828593,2014064005,11/15/2014,11-November,7-Saturday,16:00,1600 Hours,District 2 (Northeast),CEDAR FALLS,BLACK HAWK,,HUDSON RD & LINDEN AVE,Collision with:  Vehicle in traffic,On Roadway,Rear-end (front to rear),Swerving/Evasive Action,None Indicated,,Daylight,Snow,Snow,"Surface condition (e.g., wet, icy)",Intersection:  T-intersection,Paved,,Property Damage Only,0,0,0,0,0,0,3500,2,4,,POINT (-92.465524936981 42.525437281409)
2014828377,14-031115-01,11/15/2014,11-November,7-Saturday,15:31,1500 Hours,District 6 (East Central),,IOWA,,Co Rd V38/B AVE,Non-collision events:  Overturn/rollover,On Roadway,Non-collision (single vehicle),Ran off road - right,None Indicated,,Daylight,Snow,Snow,None apparent,Non-intersection:  Non-junction/no special feature,Paved,,Property Damage Only,0,0,0,0,0,0,1500,1,1,,POINT (-92.279693538813 41.714671902557)
2014828383,14-061115-05,11/15/2014,11-November,7-Saturday,15:55,1500 Hours,District 6 (East Central),,IOWA,,Co Rd F52/F52 TRL,Non-collision events:  Overturn/rollover,On Roadway,Non-collision (single vehicle),Crossed centerline (undivided),None Indicated,,Daylight,Snow,Snow,"Surface condition (e.g., wet, icy)",Non-intersection:  Non-junction/no special feature,Paved,,Property Damage Only,0,0,0,0,0,0,5000,1,1,,POINT (-91.958162106941 41.59056646605)