Iowa DOT Case Number,Law Enforcement Case Number,Date of Crash,Month of Crash,Day of Week,Time of Crash,Hour,DOT District,City Name,County Name,Route with System,Location Description,First Harmful Event,Location of First Harmful Event,Manner of Crash/Collision,Major Cause,Drug or Alcohol ,Environmental Conditions,Light Conditions,Surface Conditions,Weather Conditions,Roadway Contribution,Roadway Type,Roadway Surface,Work Zone,Crash Severity,Number of Fatalities,Number of Injuries,Number of Major Injuries,Number of Minor Injuries,Number of Possible Injuries,Number of Unknown Injuries,Amount of Property Damage,Number of Vehicles Involved,Total Number of Occupants,Travel Direction,Location
2014828505,163-2014,11/15/2014,11-November,7-Saturday,09:00,0900 Hours,District 4 (Southwest),,HARRISON,,Co Rd L34/OVERTON AVE,Collision with fixed object:  Other fixed object (explain in narrative),On Roadway,Non-collision (single vehicle),Driving too fast for conditions,None Indicated,,Daylight,Snow,Snow,"Surface condition (e.g., wet, icy)",Non-intersection:  Non-junction/no special feature,Paved,,Property Damage Only,0,0,0,0,0,0,1550,1,1,,POINT (-95.777363731453 41.598159473292)
2014828856,2014063999,11/15/2014,11-November,7-Saturday,15:38,1500 Hours,District 4 (Southwest),,POTTAWATTAMIE,I-80,I-80,Collision with fixed object:  Tree,On Roadway,Non-collision (single vehicle),Ran off road - right,None Indicated,,Daylight,Wet,Snow,None apparent,Non-intersection:  Other non-intersection (explain in narrative),Paved,,Property Damage Only,0,0,0,0,0,0,3500,1,3,,POINT (-95.585326187487 41.494143072607)
2014829562,14-001392,11/15/2014,11-November,7-Saturday,19:20,1900 Hours,District 1 (Central),JOHNSTON,POLK,,BIRCHWOOD CT & NW 86TH ST,Collision with:  Vehicle in traffic,On Roadway,Rear-end (front to rear),Driving too fast for conditions,None Indicated,,Dark - roadway lighted,Snow,Snow,"Surface condition (e.g., wet, icy)",Intersection:  Four-way intersection,Paved,,Property Damage Only,0,0,0,0,0,0,3500,2,2,,POINT (-93.736387976929 41.655429511861)
2014827702,GP20140935,11/15/2014,11-November,7-Saturday,15:20,1500 Hours,District 1 (Central),GRINNELL,POWESHIEK,IA 146,IA 146/WEST ST & 11TH AVE,Collision with:  Vehicle in traffic,On Roadway,Broadside (front to side),Ran Stop Sign,None Indicated,,Daylight,Snow,Snow,"Surface condition (e.g., wet, icy)",Intersection:  Four-way intersection,Paved,,Property Damage Only,0,0,0,0,0,0,3400,2,2,,POINT (-92.727388473679 41.753417974627)
2014829759,2014-0267,11/15/2014,11-November,7-Saturday,14:18,1400 Hours,District 5 (Southeast),HARTFORD,WARREN,IA 5,IA 5/IOWA 5 & 200TH AVE,Non-collision events:  Other non-collision (explain in narrative),Outside trafficway,Non-collision (single vehicle),Driving too fast for conditions,None Indicated,,Daylight,Snow,Snow,"Surface condition (e.g., wet, icy)",Non-intersection:  Non-junction/no special feature,Paved,,Property Damage Only,0,0,0,0,0,0,5600,1,2,,POINT (-93.423286395669 41.469989936653)
2014828123,149095PD,11/15/2014,11-November,7-Saturday,13:02,1300 Hours,District 1 (Central),BOONE,BOONE,,PARK AVE & S STORY ST,Collision with:  Vehicle in traffic,On Roadway,Rear-end (front to rear),Followed too close,None Indicated,,Daylight,Snow,Snow,"Surface condition (e.g., wet, icy)",Intersection:  Four-way intersection,Paved,,Property Damage Only,0,0,0,0,0,0,1800,2,2,,POINT (-93.879904180459 42.048070887242)
2014828151,14-1402,11/15/2014,11-November,7-Saturday,17:26,1700 Hours,District 4 (Southwest),CLIVE,DALLAS,US 6,US 6/HICKMAN RD/HICKMAN AVE & NW 142ND ST,Collision with:  Vehicle in traffic,On Roadway,Broadside (front to side),Ran Traffic Signal,None Indicated,,Dark - roadway lighted,Slush,Snow,None apparent,Intersection:  Four-way intersection,Paved,,Property Damage Only,0,0,0,0,0,0,5000,2,2,,POINT (-93.814267013661 41.614894479793)
2014828530,2014-013829,11/15/2014,11-November,7-Saturday,17:22,1700 Hours,District 6 (East Central),ASBURY,DUBUQUE,,HALES MILL RD,Collision with:  Vehicle in traffic,On Roadway,Rear-end (front to rear),Ran off road - right,None Indicated,,Dark - roadway not lighted,Snow,Snow,Debris,Non-intersection:  Non-junction/no special feature,Paved,,Property Damage Only,0,0,0,0,0,0,1500,2,5,,POINT (-90.766224988073 42.526575217554)
2014828933,,11/15/2014,11-November,7-Saturday,16:30,1600 Hours,District 6 (East Central),WILLIAMSBURG,IOWA,I-80,I-80,Non-collision events:  Overturn/rollover,On Roadway,Non-collision (single vehicle),Driving too fast for conditions,None Indicated,,Dusk,Snow,Snow,"Surface condition (e.g., wet, icy)",Non-intersection:  Other non-intersection (explain in narrative),Paved,,Property Damage Only,0,0,0,0,0,0,5000,1,3,,POINT (-92.005274655001 41.687584632069)
2014828275,14-005322,11/15/2014,11-November,7-Saturday,17:24,1700 Hours,District 4 (Southwest),CARTER LAKE,POTTAWATTAMIE,IA 165,IA 165/ABBOTT DR,Collision with:  Vehicle in traffic,On Roadway,"Sideswipe, same direction",Crossed centerline (undivided),None Indicated,,Dark - roadway lighted,Snow,Snow,"Surface condition (e.g., wet, icy)",Non-intersection:  Non-junction/no special feature,Paved,,Property Damage Only,0,0,0,0,0,0,6500,2,3,,POINT (-95.913973472246 41.278229355803)
2014831475,2014063986,11/15/2014,11-November,7-Saturday,15:30,1500 Hours,District 1 (Central),,STORY,I-35,I-35,Collision with fixed object:  Guardrail - face,Shoulder,Non-collision (single vehicle),Ran off road - left,None Indicated,,Daylight,Snow,Snow,"Surface condition (e.g., wet, icy)",Non-intersection:  Non-junction/no special feature,Paved,,Property Damage Only,0,0,0,0,0,0,3000,1,1,,POINT (-93.571238959704 41.872581660279)
2014827252,143513,11/15/2014,11-November,7-Saturday,13:10,1300 Hours,District 3 (Northwest),DENISON,CRAWFORD,,2ND AVE S & S 11TH ST,Collision with:  Vehicle in traffic,On Roadway,Broadside (front to side),FTYROW:  From stop sign,None Indicated,,Daylight,Snow,Snow,"Surface condition (e.g., wet, icy)",Intersection:  Four-way intersection,Paved,,Property Damage Only,0,0,0,0,0,0,8000,2,3,,POINT (-95.358357641099 42.014519330232)
2014827721,14-5779,11/15/2014,11-November,7-Saturday,12:24,1200 Hours,District 1 (Central),WEST DES MOINES,POLK,,22ND ST,Collision with:  Vehicle in traffic,On Roadway,Rear-end (front to rear),Driving too fast for conditions,None Indicated,,Daylight,Dry,Cloudy,None apparent,Non-intersection:  Non-junction/no special feature,Paved,,Possible/Unknown,0,1,0,0,1,0,4500,2,2,,POINT (-93.7360607531 41.59606536615)
2014827779,2014012831,11/15/2014,11-November,7-Saturday,17:49,1700 Hours,District 6 (East Central),IOWA CITY,JOHNSON,,N CLINTON ST & IOWA AVE & S CLINTON ST,Collision with fixed object:  Utility pole/light support,On Roadway,Rear-end (front to rear),Driving too fast for conditions,None Indicated,,Dark - roadway lighted,Snow,Snow,"Surface condition (e.g., wet, icy)",Non-intersection:  Non-junction/no special feature,Paved,,Property Damage Only,0,0,0,0,0,0,8700,2,2,,POINT (-91.534599823315 41.661281231212)
2014835402,144388,11/15/2014,11-November,7-Saturday,15:57,1500 Hours,District 1 (Central),ELDORA,HARDIN,IA 175,IA 175/EDGINGTON AVE,Collision with:  Animal,,,Animal,None Indicated,,,,,,,Paved,,Property Damage Only,0,0,0,0,0,0,1500,1,1,,POINT (-93.126645094292 42.360732765739)
2014829209,,11/15/2014,11-November,7-Saturday,12:25,1200 Hours,District 2 (Northeast),NASHUA,CHICKASAW,IA 346,IA 346/SAMPLE ST,Collision with:  Vehicle in traffic,On Roadway,"Sideswipe, opposite direction",Crossed centerline (undivided),None Indicated,,Daylight,Snow,Snow,None apparent,Non-intersection:  Non-junction/no special feature,Paved,,Property Damage Only,0,0,0,0,0,0,5000,2,3,,POINT (-92.546861984209 42.95416936655)
2014827923,14-5799,11/15/2014,11-November,7-Saturday,21:54,2100 Hours,District 4 (Southwest),WEST DES MOINES,DALLAS,,BOONEVILLE RD,Collision with fixed object:  Ditch,Outside trafficway,Non-collision (single vehicle),Driving too fast for conditions,None Indicated,,Dark - roadway not lighted,Snow,Snow,None apparent,Non-intersection:  Non-junction/no special feature,Unpaved,,Property Damage Only,0,0,0,0,0,0,10000,1,3,,POINT (-93.797971090283 41.544040840468)
2014827558,CL14004051,11/15/2014,11-November,7-Saturday,18:10,1800 Hours,District 6 (East Central),CLINTON,CLINTON,US 30,US 30,Collision with fixed object:  Ditch,On Roadway,Non-collision (single vehicle),Unknown,None Indicated,,Dark - roadway not lighted,Ice/frost,Snow,"Surface condition (e.g., wet, icy)",Non-intersection:  Non-junction/no special feature,Paved,,Minor Injury,0,1,0,1,0,0,6500,1,1,,POINT (-90.269813143312 41.815279781409)
2014827306,20140034052,11/15/2014,11-November,7-Saturday,14:41,1400 Hours,District 1 (Central),DES MOINES,POLK,IA 163,IA 163/E UNIVERSITY AVE,Collision with:  Vehicle in traffic,On Roadway,"Sideswipe, same direction",Driving too fast for conditions,None Indicated,,Daylight,Snow,Snow,"Surface condition (e.g., wet, icy)",Non-intersection:  Non-junction/no special feature,Paved,,Property Damage Only,0,0,0,0,0,0,3300,2,4,,POINT (-93.547366159186 41.600613420749)
2014827924,14-5801,11/15/2014,11-November,7-Saturday,22:51,2200 Hours,District 1 (Central),WEST DES MOINES,POLK,I-235,I-235,Collision with:  Vehicle in traffic,On Roadway,"Sideswipe, same direction",Lost Control,None Indicated,,Dark - roadway lighted,Snow,Snow,"Surface condition (e.g., wet, icy)",Non-intersection:  Non-junction/no special feature,Paved,,Property Damage Only,0,0,0,0,0,0,4500,2,3,,POINT (-93.738397992479 41.5926816792)
2014828823,201400055888,11/15/2014,11-November,7-Saturday,16:51,1600 Hours,District 5 (Southeast),OTTUMWA,WAPELLO,US 34,US 34/NE RAMP,Collision with:  Vehicle in traffic,On Roadway,"Sideswipe, same direction",Driving too fast for conditions,None Indicated,,Dark - roadway lighted,Snow,Snow,"Surface condition (e.g., wet, icy)",Interchange-related:  On-ramp merge area,Paved,,Property Damage Only,0,0,0,0,0,0,5500,2,3,,POINT (-92.409067112029 41.005970566267)
2014828218,14-028076,11/15/2014,11-November,7-Saturday,15:51,1500 Hours,District 5 (Southeast),,MARION,IA 14,IA 14/IOWA 14,Collision with fixed object:  Bridge overhead structure,On Roadway,Non-collision (single vehicle),Other (explain in narrative):  No improper action,None Indicated,,Daylight,Snow,Snow,"Surface condition (e.g., wet, icy)",Non-intersection:  Other non-intersection (explain in narrative),Paved,,Minor Injury,0,1,0,1,0,0,5500,1,1,,POINT (-93.109637963878 41.369750549549)
2014828278,14-11619,11/15/2014,11-November,7-Saturday,03:35,0300 Hours,District 3 (Northwest),CARROLL,CARROLL,,10TH ST & ADAMS ST,Collision with:  Parked motor vehicle,On Roadway,Rear-end (front to rear),Unknown,None Indicated,,Dark - roadway lighted,Dry,Clear,None apparent,Non-intersection:  Non-junction/no special feature,Paved,,Property Damage Only,0,0,0,0,0,0,1500,2,1,,POINT (-94.866708512766 42.070268329791)
2014836099,14-07799,11/15/2014,11-November,7-Saturday,13:12,1300 Hours,District 2 (Northeast),OELWEIN,FAYETTE,IA 3,IA 3/1ST AVE NE,Collision with:  Vehicle in traffic,On Roadway,Rear-end (front to rear),Driving too fast for conditions,None Indicated,,Daylight,Snow,Snow,"Surface condition (e.g., wet, icy)",Intersection:  Four-way intersection,Paved,,Property Damage Only,0,0,0,0,0,0,2500,3,4,,POINT (-91.911919183323 42.678575313623)
2014827561,CL14004057,11/15/2014,11-November,7-Saturday,20:15,2000 Hours,District 6 (East Central),CLINTON,CLINTON,,13TH AVE S,Collision with fixed object:  Curb/island/raised median,On Roadway,Non-collision (single vehicle),Made improper turn,None Indicated,,Dark - roadway lighted,Snow,Snow,"Surface condition (e.g., wet, icy)",Non-intersection:  Non-junction/no special feature,Paved,,Property Damage Only,0,0,0,0,0,0,2000,1,2,,POINT (-90.198652763616 41.831045280521)
2014832035,,11/15/2014,11-November,7-Saturday,07:08,0700 Hours,District 2 (Northeast),,WINNESHIEK,,CLAY HILL RD,Collision with fixed object:  Ditch,Roadside,Non-collision (single vehicle),Ran off road - left,None Indicated,,Dark - roadway not lighted,Dry,Clear,None apparent,Non-intersection:  Other non-intersection (explain in narrative),Paved,,Fatal,1,0,0,0,0,0,10000,1,1,,POINT (-91.743232485457 43.304052348218)
2014827497,14022291,11/15/2014,11-November,7-Saturday,14:33,1400 Hours,District 2 (Northeast),,BREMER,US 218,US 218,Non-collision events:  Overturn/rollover,Roadside,Non-collision (single vehicle),Driving too fast for conditions,None Indicated,,Daylight,Snow,Snow,"Surface condition (e.g., wet, icy)",Non-intersection:  Non-junction/no special feature,Paved,,Property Damage Only,0,0,0,0,0,0,20000,1,2,,POINT (-92.534738002255 42.826984736652)
2014828148,14-1399,11/15/2014,11-November,7-Saturday,14:05,1400 Hours,District 1 (Central),CLIVE,POLK,,NW 100TH ST,Collision with:  Vehicle in traffic,On Roadway,Rear-end (front to rear),Lost Control,None Indicated,,Daylight,Snow,Snow,"Surface condition (e.g., wet, icy)",Non-intersection:  Driveway access (within),Paved,,Property Damage Only,0,0,0,0,0,0,3500,2,2,,POINT (-93.753307663626 41.602627987444)
2014827595,2014-13263,11/15/2014,11-November,7-Saturday,22:40,2200 Hours,District 2 (Northeast),FOREST CITY,WINNEBAGO,IA 9,IA 9/350TH ST,Collision with fixed object:  Tree,Outside trafficway,Non-collision (single vehicle),Driving too fast for conditions,None Indicated,,Dark - roadway lighted,Snow,Snow,"Surface condition (e.g., wet, icy)",Non-intersection:  Non-junction/no special feature,Paved,,Property Damage Only,0,0,0,0,0,0,2000,1,2,,POINT (-93.630805261461 43.270308839351)
2014828686,S14-004558,11/15/2014,11-November,7-Saturday,17:59,1700 Hours,District 4 (Southwest),,POTTAWATTAMIE,,JEFFERSON AVE,Non-collision events:  Jackknife,Shoulder,Non-collision (single vehicle),Ran off road - right,None Indicated,,Dark - roadway not lighted,Snow,Snow,"Surface condition (e.g., wet, icy)",Non-intersection:  Non-junction/no special feature,Unpaved,,Property Damage Only,0,0,0,0,0,0,10000,1,3,,POINT (-95.810421658248 41.343661202406)
2014827653,14-2565,11/15/2014,11-November,7-Saturday,20:53,2000 Hours,District 1 (Central),CLIVE,POLK,I-35,I-35,Collision with fixed object:  Concrete traffic barrier (median or right side),On Roadway,Non-collision (single vehicle),Driving too fast for conditions,None Indicated,,Dark - roadway not lighted,Snow,Snow,None apparent,Non-intersection:  Non-junction/no special feature,Paved,,Property Damage Only,0,0,0,0,0,0,2000,1,1,,POINT (-93.77688568578 41.602426035271)
2014827857,14-048369,11/15/2014,11-November,7-Saturday,10:57,1000 Hours,District 4 (Southwest),COUNCIL BLUFFS,POTTAWATTAMIE,I-29,I-29,Collision with:  Vehicle in traffic,On Roadway,"Sideswipe, same direction",Driving too fast for conditions,None Indicated,,Daylight,Snow,Cloudy,"Surface condition (e.g., wet, icy)",Non-intersection:  Non-junction/no special feature,Paved,,Property Damage Only,0,0,0,0,0,0,17000,2,3,,POINT (-95.849347988077 41.232105568569)
2014827251,143512,11/15/2014,11-November,7-Saturday,11:54,1100 Hours,District 3 (Northwest),DENISON,CRAWFORD,,BROADWAY & S MAIN ST & N MAIN ST,Collision with:  Vehicle in traffic,On Roadway,Rear-end (front to rear),Lost Control,None Indicated,,Daylight,Snow,Snow,"Surface condition (e.g., wet, icy)",Intersection:  Four-way intersection,Paved,,Property Damage Only,0,0,0,0,0,0,1500,2,2,,POINT (-95.35529989025 42.016743547188)
2014827815,14-048387,11/15/2014,11-November,7-Saturday,12:55,1200 Hours,District 4 (Southwest),COUNCIL BLUFFS,POTTAWATTAMIE,,32ND AVE & DIAL DR,Collision with:  Vehicle in traffic,On Roadway,Broadside (front to side),FTYROW:  From stop sign,None Indicated,,Daylight,Wet,"Sleet, hail",None apparent,Intersection:  Four-way intersection,Paved,,Property Damage Only,0,0,0,0,0,0,5500,2,3,,POINT (-95.849561623621 41.228236532849)
2014829065,2014-039685,11/15/2014,11-November,7-Saturday,17:00,1700 Hours,District 6 (East Central),DUBUQUE,DUBUQUE,,KAUFMANN AVE & CHANEY RD,Collision with:  Vehicle in traffic,On Roadway,Rear-end (front to rear),Driving too fast for conditions,None Indicated,,Dark - roadway not lighted,Snow,Snow,"Surface condition (e.g., wet, icy)",Intersection:  Four-way intersection,Paved,,Property Damage Only,0,0,0,0,0,0,2200,2,2,,POINT (-90.706067184846 42.514327819089)
2014828821,201400055879,11/15/2014,11-November,7-Saturday,15:44,1500 Hours,District 5 (Southeast),OTTUMWA,WAPELLO,,W MAIN ST & W 2ND ST CONN,Collision with:  Vehicle in traffic,On Roadway,Rear-end (front to rear),Followed too close,None Indicated,,Dusk,Ice/frost,Snow,"Surface condition (e.g., wet, icy)",Non-intersection:  Non-junction/no special feature,Paved,,Property Damage Only,0,0,0,0,0,0,5500,2,2,,POINT (-92.425381273139 41.02796086543)
2014827361,20140033992,11/15/2014,11-November,7-Saturday,22:52,2200 Hours,District 1 (Central),DES MOINES,POLK,,MILLER AVE & SE 5TH ST,Collision with fixed object:  Other fixed object (explain in narrative),On Roadway,Non-collision (single vehicle),Driving too fast for conditions,Alcohol (Statutory),,Dark - roadway lighted,Dry,Clear,None apparent,Non-intersection:  Non-junction/no special feature,Paved,,Possible/Unknown,0,1,0,0,0,1,11500,1,1,,POINT (-93.606508641361 41.552632121038)
2014827326,20140034058,11/15/2014,11-November,7-Saturday,15:06,1500 Hours,District 1 (Central),DES MOINES,POLK,,FOREST AVE & 34TH ST,Collision with:  Vehicle in traffic,On Roadway,Broadside (front to side),Driving too fast for conditions,None Indicated,,Daylight,Wet,Snow,"Surface condition (e.g., wet, icy)",Non-intersection:  Non-junction/no special feature,Paved,,Property Damage Only,0,0,0,0,0,0,8000,2,3,,POINT (-93.6633078124 41.603993144288)
2014827921,20145430,11/15/2014,11-November,7-Saturday,20:50,2000 Hours,District 1 (Central),,BOONE,,Co Rd P70/H AVE,Collision with:  Vehicle in traffic,Shoulder,Head-on (front to front),Crossed centerline (undivided),None Indicated,,Dark - roadway not lighted,Snow,Snow,"Surface condition (e.g., wet, icy)",Non-intersection:  Non-junction/no special feature,Paved,,Major Injury,0,4,2,2,0,0,25000,2,4,,POINT (-94.028135548456 42.098328277627)
2014827694,2014063953,11/15/2014,11-November,7-Saturday,13:30,1300 Hours,District 3 (Northwest),,CHEROKEE,,Co Rd C65/630TH ST & Co Rd M25/Y AVE,Collision with fixed object:  Ditch,On Roadway,Non-collision (single vehicle),Driving too fast for conditions,None Indicated,,Daylight,Snow,Snow,"Surface condition (e.g., wet, icy)",Intersection:  Four-way intersection,Paved,,Property Damage Only,0,0,0,0,0,0,3000,1,1,,POINT (-95.407895212221 42.605326606567)
2014827763,2014-79348,11/15/2014,11-November,7-Saturday,16:39,1600 Hours,District 6 (East Central),DAVENPORT,SCOTT,I-74,I-74,Collision with fixed object:  Utility pole/light support,Roadside,Non-collision (single vehicle),Ran off road - right,None Indicated,,Dark - roadway lighted,Snow,Snow,"Surface condition (e.g., wet, icy)",Non-intersection:  Non-junction/no special feature,Paved,,Property Damage Only,0,0,0,0,0,0,1600,1,1,,POINT (-90.522292271291 41.567591542875)
2014827703,GP20140936,11/15/2014,11-November,7-Saturday,16:04,1600 Hours,District 1 (Central),GRINNELL,POWESHIEK,US 6,US 6/6TH AVE & IA 146/WEST ST,Collision with:  Vehicle in traffic,On Roadway,Rear-end (front to rear),Driving too fast for conditions,None Indicated,,Daylight,Snow,Snow,"Surface condition (e.g., wet, icy)",Non-intersection:  Non-junction/no special feature,Paved,,Property Damage Only,0,0,0,0,0,0,4000,2,3,,POINT (-92.727383067011 41.746167287574)
2014827621,201417183,11/15/2014,11-November,7-Saturday,18:51,1800 Hours,District 6 (East Central),CEDAR RAPIDS,LINN,,34TH ST SE,Collision with:  Vehicle in traffic,On Roadway,Head-on (front to front),Other (explain in narrative):  No improper action,None Indicated,,Dark - roadway lighted,Ice/frost,Snow,None apparent,Non-intersection:  Non-junction/no special feature,Paved,,Property Damage Only,0,0,0,0,0,0,5000,2,3,,POINT (-91.617951162186 41.973872208369)
2014829104,2014064087,11/15/2014,11-November,7-Saturday,20:00,2000 Hours,District 1 (Central),,JASPER,I-80,I-80,Non-collision events:  Overturn/rollover,Outside trafficway,Non-collision (single vehicle),Ran off road - right,None Indicated,,Dark - roadway not lighted,Snow,Snow,"Surface condition (e.g., wet, icy)",Non-intersection:  Non-junction/no special feature,Paved,,Minor Injury,0,1,0,1,0,0,15000,1,2,,POINT (-93.170976321374 41.687150750009)
2014828955,,11/15/2014,11-November,7-Saturday,17:55,1700 Hours,District 6 (East Central),CEDAR RAPIDS,LINN,,COTTAGE GROVE AVE SE,Collision with:  Parked motor vehicle,On Roadway,Head-on (front to front),Unknown,None Indicated,,Dark - roadway not lighted,Snow,Snow,,Non-intersection:  Non-junction/no special feature,Paved,,Property Damage Only,0,0,0,0,0,0,2000,3,8,,POINT (-91.622116695231 41.995069346664)
2014830745,14113308,11/15/2014,11-November,7-Saturday,23:27,2300 Hours,District 2 (Northeast),CEDAR FALLS,BLACK HAWK,US 218,US 218,Collision with fixed object:  Other fixed object (explain in narrative),On Roadway,Non-collision (single vehicle),Ran off road - left,None Indicated,,Dark - roadway not lighted,Snow,Cloudy,None apparent,Non-intersection:  Non-junction/no special feature,Paved,,Possible/Unknown,0,1,0,0,1,0,4000,1,3,,POINT (-92.425387620657 42.558114130343)
2014827845,2014064053,11/15/2014,11-November,7-Saturday,18:30,1800 Hours,District 5 (Southeast),,HENRY,US 218,US 218,Collision with:  Animal,,,Animal,None Indicated,,,,,,,Paved,,Property Damage Only,0,0,0,0,0,0,3000,1,1,,POINT (-91.548665929586 41.034271039419)
2014829372,2014-79328,11/15/2014,11-November,7-Saturday,15:02,1500 Hours,District 6 (East Central),DAVENPORT,SCOTT,,ELMORE CIR & ELMORE AVE,Collision with:  Vehicle in traffic,On Roadway,Rear-end (front to rear),"Operating vehicle in an reckless, erratic, careless, negligent manner",None Indicated,,Daylight,Dry,Cloudy,None apparent,Intersection:  T-intersection,Paved,,Property Damage Only,0,0,0,0,0,0,2000,2,4,,POINT (-90.528592979235 41.576589448174)
2014827631,14-048417,11/15/2014,11-November,7-Saturday,18:20,1800 Hours,District 4 (Southwest),COUNCIL BLUFFS,POTTAWATTAMIE,,32ND AVE & DIAL DR,Collision with:  Vehicle in traffic,On Roadway,Unknown,Lost Control,None Indicated,,Dark - roadway lighted,Ice/frost,Cloudy,"Surface condition (e.g., wet, icy)",Non-intersection:  Non-junction/no special feature,Paved,,Property Damage Only,0,0,0,0,0,0,3000,2,3,,POINT (-95.849561623621 41.228236532849)
2014831247,DCP14-0535,11/15/2014,11-November,7-Saturday,15:25,1500 Hours,District 4 (Southwest),DALLAS CENTER,DALLAS,IA 44,IA 44/SUGAR GROVE AVE & 14TH ST,Collision with:  Vehicle in traffic,On Roadway,Broadside (front to side),Driving too fast for conditions,None Indicated,,Daylight,Snow,Cloudy,"Surface condition (e.g., wet, icy)",Intersection:  T-intersection,Paved,,Property Damage Only,0,0,0,0,0,0,8000,2,2,,POINT (-93.961174616171 41.688239434826)
2014831023,1115162514,11/15/2014,11-November,7-Saturday,16:25,1600 Hours,District 4 (Southwest),SHANNON CITY,RINGGOLD,US 169,US 169,Non-collision events:  Overturn/rollover,On Roadway,Non-collision (single vehicle),Ran off road - right,None Indicated,,Daylight,Ice/frost,Snow,"Surface condition (e.g., wet, icy)",Non-intersection:  Non-junction/no special feature,Paved,,Minor Injury,0,1,0,1,0,0,2500,1,2,,POINT (-94.224104469685 40.879800154385)
2014831211,20144202,11/15/2014,11-November,7-Saturday,15:54,1500 Hours,District 1 (Central),,GRUNDY,US 20,US 20,Collision with fixed object:  Ditch,On Roadway,Non-collision (single vehicle),Lost Control,None Indicated,,Daylight,Snow,Snow,"Surface condition (e.g., wet, icy)",Non-intersection:  Non-junction/no special feature,Paved,,Possible/Unknown,0,1,0,0,1,0,3000,1,1,,POINT (-92.598250900667 42.464235211725)
2014828687,S14-004559,11/15/2014,11-November,7-Saturday,18:35,1800 Hours,District 4 (Southwest),COUNCIL BLUFFS,POTTAWATTAMIE,,CLOVERDALE DR & MEADOW LN,Collision with fixed object:  Utility pole/light support,On Roadway,Non-collision (single vehicle),Ran off road - straight,Alcohol (Statutory),,Dark - roadway lighted,Ice/frost,Snow,None apparent,Intersection:  T-intersection,Paved,,Property Damage Only,0,0,0,0,0,0,8000,1,1,,POINT (-95.802847451306 41.252296348246)
2014827606,14-5788,11/15/2014,11-November,7-Saturday,15:51,1500 Hours,District 1 (Central),WEST DES MOINES,POLK,,WOODLAND AVE & VIVIDELL LN,Collision with:  Vehicle in traffic,On Roadway,Broadside (front to side),Lost Control,None Indicated,,Daylight,Snow,Snow,None apparent,Non-intersection:  Non-junction/no special feature,Paved,,Property Damage Only,0,0,0,0,0,0,2000,2,2,,POINT (-93.760623428383 41.58896992647)
2014828824,201400055933,11/15/2014,11-November,7-Saturday,22:56,2200 Hours,District 5 (Southeast),OTTUMWA,WAPELLO,,E HOLT ST & N HOLT ST,Collision with:  Parked motor vehicle,On Roadway,Broadside (front to side),Illegally Parked/Unattended,None Indicated,,Dark - roadway lighted,Snow,Snow,"Surface condition (e.g., wet, icy)",Non-intersection:  Non-junction/no special feature,Paved,,Property Damage Only,0,0,0,0,0,0,7000,3,4,,POINT (-92.419372944205 41.026741680089)
2014827885,14-004944,11/15/2014,11-November,7-Saturday,10:30,1000 Hours,District 1 (Central),ANKENY,POLK,I-35,I-35,Collision with:  Vehicle in traffic,On Roadway,Rear-end (front to rear),Followed too close,None Indicated,,Daylight,Dry,Cloudy,None apparent,Intersection:  Four-way intersection,Paved,,Property Damage Only,0,0,0,0,0,0,11000,2,3,,POINT (-93.577980728169 41.703028131362)
2014827544,2014012838,11/15/2014,11-November,7-Saturday,18:57,1800 Hours,District 6 (East Central),IOWA CITY,JOHNSON,,DUBLIN DR & IRELAND DR,Collision with fixed object:  Traffic sign support,On Roadway,Non-collision (single vehicle),Driving too fast for conditions,None Indicated,,Dark - roadway lighted,Snow,Snow,"Surface condition (e.g., wet, icy)",Non-intersection:  Non-junction/no special feature,Paved,,Property Damage Only,0,0,0,0,0,0,1500,1,3,,POINT (-91.585401594458 41.653775594004)
2014827393,14-37842,11/15/2014,11-November,7-Saturday,17:32,1700 Hours,District 3 (Northwest),SIOUX CITY,WOODBURY,,S CORNELIA ST,Collision with fixed object:  Other fixed object (explain in narrative),Outside trafficway,Non-collision (single vehicle),Driving too fast for conditions,None Indicated,,Dusk,Snow,Snow,"Surface condition (e.g., wet, icy)",Non-intersection:  Non-junction/no special feature,Paved,,Property Damage Only,0,0,0,0,0,0,9500,1,2,,POINT (-96.364571451338 42.455071971391)
2014828528,14014976,11/15/2014,11-November,7-Saturday,18:30,1800 Hours,District 4 (Southwest),,MILLS,,ELROD AVE,Collision with:  Parked motor vehicle,On Roadway,Rear-end (front to rear),Downhill runaway,None Indicated,,Dark - roadway not lighted,Snow,Snow,"Surface condition (e.g., wet, icy)",Non-intersection:  Non-junction/no special feature,Paved,,Property Damage Only,0,0,0,0,0,0,2000,2,2,,POINT (-95.751457392213 41.09484114766)