Iowa DOT Case Number,Law Enforcement Case Number,Date of Crash,Month of Crash,Day of Week,Time of Crash,Hour,DOT District,City Name,County Name,Route with System,Location Description,First Harmful Event,Location of First Harmful Event,Manner of Crash/Collision,Major Cause,Drug or Alcohol ,Environmental Conditions,Light Conditions,Surface Conditions,Weather Conditions,Roadway Contribution,Roadway Type,Roadway Surface,Work Zone,Crash Severity,Number of Fatalities,Number of Injuries,Number of Major Injuries,Number of Minor Injuries,Number of Possible Injuries,Number of Unknown Injuries,Amount of Property Damage,Number of Vehicles Involved,Total Number of Occupants,Travel Direction,Location
2014828272,C14003678,11/17/2014,11-November,2-Monday,11:37,1100 Hours,District 6 (East Central),CORALVILLE,JOHNSON,,CORAL RIDGE AVE,Collision with:  Vehicle in traffic,On Roadway,Rear-end (front to rear),Followed too close,None Indicated,,Daylight,Dry,Clear,None apparent,Non-intersection:  Non-junction/no special feature,Paved,,Property Damage Only,0,0,0,0,0,0,4000,2,2,,POINT (-91.608368690936 41.699261454775)
2014828046,14024443,11/17/2014,11-November,2-Monday,22:30,2200 Hours,District 6 (East Central),MARION,LINN,,14TH ST,Collision with:  Parked motor vehicle,On Roadway,"Sideswipe, same direction",Lost Control,None Indicated,,Dark - roadway lighted,Snow,Clear,None apparent,Non-intersection:  Non-junction/no special feature,Paved,,Property Damage Only,0,0,0,0,0,0,3000,2,1,,POINT (-91.594569996866 42.035435066022)
2014829668,14V11056,11/17/2014,11-November,2-Monday,06:30,0600 Hours,District 6 (East Central),VINTON,BENTON,,E 5TH ST,Collision with fixed object:  Utility pole/light support,On Roadway,Non-collision (single vehicle),Crossed centerline (undivided),None Indicated,,Daylight,Ice/frost,Clear,"Surface condition (e.g., wet, icy)",Non-intersection:  Non-junction/no special feature,Paved,,Property Damage Only,0,0,0,0,0,0,2200,1,1,,POINT (-92.019752283321 42.166664063668)
2014828894,2014-24833,11/17/2014,11-November,2-Monday,11:56,1100 Hours,District 5 (Southeast),INDIANOLA,WARREN,US 65,US 65/N JEFFERSON WAY,Collision with:  Vehicle in traffic,On Roadway,"Sideswipe, same direction",FTYROW:  Other (explain in narrative),None Indicated,,Daylight,Dry,Clear,None apparent,Non-intersection:  Non-junction/no special feature,Paved,,Property Damage Only,0,0,0,0,0,0,2500,2,2,,POINT (-93.558641938307 41.381210604365)
2014829324,14005439,11/17/2014,11-November,2-Monday,10:20,1000 Hours,District 1 (Central),AMES,STORY,,DES MOINES AVE,Collision with:  Vehicle in traffic,On Roadway,"Angle, oncoming left turn",FTYROW:  Making left turn,None Indicated,,Daylight,Snow,Clear,None apparent,Non-intersection:  Driveway access (within),Paved,,Property Damage Only,0,0,0,0,0,0,4000,2,2,,POINT (-93.609738469152 42.023002667596)
2014827310,20140034185,11/17/2014,11-November,2-Monday,06:35,0600 Hours,District 1 (Central),DES MOINES,POLK,IA 28,IA 28/63RD ST,Collision with:  Vehicle in traffic,On Roadway,Rear-end (front to rear),Equipment failure,None Indicated,,Dawn,Dry,Clear,None apparent,Non-intersection:  Railroad grade crossing,Paved,,Property Damage Only,0,0,0,0,0,0,6000,2,2,,POINT (-93.703225840868 41.569014985593)
2014829318,14-005450,11/17/2014,11-November,2-Monday,21:48,2100 Hours,District 1 (Central),AMES,STORY,,UNIVERSITY BLVD & S 4TH ST,Collision with:  Vehicle in traffic,On Roadway,"Angle, oncoming left turn",FTYROW:  Making left turn,None Indicated,,Dark - roadway lighted,Dry,Cloudy,None apparent,Intersection:  Four-way intersection,Paved,,Property Damage Only,0,0,0,0,0,0,8000,2,3,,POINT (-93.632283833913 42.016287872545)
2014828048,14024428,11/17/2014,11-November,2-Monday,08:30,0800 Hours,District 6 (East Central),MARION,LINN,,8TH ST,Collision with:  Parked motor vehicle,On Roadway,"Sideswipe, opposite direction",Lost Control,None Indicated,,Daylight,Dry,Cloudy,None apparent,Non-intersection:  Non-junction/no special feature,Paved,,Property Damage Only,0,0,0,0,0,0,4000,2,1,,POINT (-91.601359737276 42.053602701582)
2014828145,PD14-11618,11/17/2014,11-November,2-Monday,08:28,0800 Hours,District 1 (Central),MARSHALLTOWN,MARSHALL,,E SOUTH ST & S 5TH AVE,Collision with:  Vehicle in traffic,On Roadway,Broadside (front to side),Other (explain in narrative):  No improper action,None Indicated,,Daylight,Ice/frost,Clear,"Surface condition (e.g., wet, icy)",Non-intersection:  Non-junction/no special feature,Paved,,Property Damage Only,0,0,0,0,0,0,2200,2,2,,POINT (-92.904702718959 42.03474206178)
2014828494,14026939,11/17/2014,11-November,2-Monday,17:53,1700 Hours,District 5 (Southeast),OSKALOOSA,MAHASKA,,S 9TH ST,Collision with:  Vehicle in traffic,On Roadway,Head-on (front to front),Lost Control,None Indicated,,Dark - unknown roadway lighting,Ice/frost,Clear,"Surface condition (e.g., wet, icy)",Intersection:  Four-way intersection,Paved,,Property Damage Only,0,0,0,0,0,0,2000,2,2,,POINT (-92.634232455527 41.295160243595)
2014827899,14-048594,11/17/2014,11-November,2-Monday,09:35,0900 Hours,District 4 (Southwest),COUNCIL BLUFFS,POTTAWATTAMIE,,W GRAHAM AVE,Non-collision events:  Other non-collision (explain in narrative),On Roadway,Non-collision (single vehicle),Swerving/Evasive Action,None Indicated,,Daylight,Ice/frost,Clear,"Surface condition (e.g., wet, icy)",Non-intersection:  Non-junction/no special feature,Paved,,Property Damage Only,0,0,0,0,0,0,2500,1,1,,POINT (-95.837515743668 41.249257962429)
2014827594,14-5816,11/17/2014,11-November,2-Monday,07:30,0700 Hours,District 1 (Central),WEST DES MOINES,POLK,,35TH ST,Collision with:  Vehicle in traffic,On Roadway,Broadside (front to side),Ran Stop Sign,None Indicated,,Daylight,Dry,Clear,None apparent,Intersection:  Four-way intersection,Paved,,Property Damage Only,0,0,0,0,0,0,9500,2,4,,POINT (-93.751678550982 41.578057952097)
2014828716,W14-113670,11/17/2014,11-November,2-Monday,14:11,1400 Hours,District 2 (Northeast),WATERLOO,BLACK HAWK,,LOGAN AVE,Unknown,On Roadway,Non-collision (single vehicle),Driving too fast for conditions,None Indicated,,Daylight,Snow,Unknown,"Surface condition (e.g., wet, icy)",Non-intersection:  Non-junction/no special feature,Paved,,Property Damage Only,0,0,0,0,0,0,10000,1,2,,POINT (-92.337712389434 42.512359903682)
2014829034,14-049067,11/17/2014,11-November,2-Monday,17:30,1700 Hours,District 4 (Southwest),COUNCIL BLUFFS,POTTAWATTAMIE,IA 192,IA 192/S 7TH ST & W BROADWAY,Collision with:  Vehicle in traffic,On Roadway,Rear-end (front to rear),Other (explain in narrative):  Other,None Indicated,,Daylight,Dry,Clear,None apparent,Non-intersection:  Non-junction/no special feature,Paved,,Property Damage Only,0,0,0,0,0,0,3000,2,2,,POINT (-95.853716567034 41.261475162606)
2014828621,14-016417,11/17/2014,11-November,2-Monday,21:23,2100 Hours,District 2 (Northeast),,FAYETTE,,Co Rd V68/W AVE,Collision with:  Animal,,,Animal,None Indicated,,,,,,,Paved,,Property Damage Only,0,0,0,0,0,0,4000,1,1,,POINT (-92.042524015966 42.958544964126)
2014828136,2014-79778,11/17/2014,11-November,2-Monday,17:45,1700 Hours,District 6 (East Central),DAVENPORT,SCOTT,,W LOCUST ST,Collision with:  Vehicle in traffic,On Roadway,Rear-end (front to rear),Followed too close,None Indicated,,Dark - roadway lighted,Snow,Severe winds,None apparent,Non-intersection:  Non-junction/no special feature,Paved,,Property Damage Only,0,0,0,0,0,0,6000,2,2,,POINT (-90.584834558791 41.538265243392)
2014828513,H14-0688,11/17/2014,11-November,2-Monday,17:45,1700 Hours,District 1 (Central),HUXLEY,STORY,,TIMBERLANE DR,Collision with:  Vehicle in traffic,On Roadway,Rear-end (front to rear),Driving too fast for conditions,None Indicated,,Dusk,Ice/frost,Clear,Other (explain in narrative),Non-intersection:  Driveway access (within),Paved,,Property Damage Only,0,0,0,0,0,0,3000,2,2,,POINT (-93.600562516269 41.897497968169)
2014830626,S14-K1701,11/17/2014,11-November,2-Monday,15:24,1500 Hours,District 5 (Southeast),,CLARKE,US 34,US 34 & Co Rd H33/190 AVE,Collision with:  Vehicle in traffic,On Roadway,Rear-end (front to rear),FTYROW:  Other (explain in narrative),None Indicated,,Daylight,Dry,Clear,None apparent,Intersection:  Other intersection (explain in narrative),Paved,,Minor Injury,0,2,0,1,1,0,11000,2,2,,POINT (-93.845871918224 41.021839304248)
2014828113,14-047997,11/17/2014,11-November,2-Monday,16:03,1600 Hours,District 5 (Southeast),MUSCATINE,MUSCATINE,,NORTH ST,Collision with fixed object:  Mailbox,Shoulder,Non-collision (single vehicle),Ran off road - right,None Indicated,,Daylight,Dry,Cloudy,None apparent,Non-intersection:  Non-junction/no special feature,Paved,,Property Damage Only,0,0,0,0,0,0,2800,1,1,,POINT (-91.125432758654 41.356109255045)
2014830239,2014064436,11/17/2014,11-November,2-Monday,19:05,1900 Hours,District 2 (Northeast),,CERRO GORDO,I-35,I-35,Collision with:  Vehicle in traffic,On Roadway,Rear-end (front to rear),Followed too close,None Indicated,,Dark - roadway not lighted,Dry,"Blowing sand, soil, dirt",None apparent,Non-intersection:  Non-junction/no special feature,Paved,,Property Damage Only,0,0,0,0,0,0,20000,2,5,,POINT (-93.348880062479 43.211328710825)
2014831478,2014064330,11/17/2014,11-November,2-Monday,10:30,1000 Hours,District 6 (East Central),,BENTON,US 30,US 30/73 ST & Co Rd V36/11 AVE,Collision with:  Vehicle in traffic,On Roadway,Broadside (front to side),Ran Stop Sign,None Indicated,,Daylight,Other (explain in narrative),Cloudy,None apparent,Intersection:  Four-way intersection,Paved,,Minor Injury,0,2,0,2,0,0,14000,2,2,,POINT (-92.279628143392 41.96428707331)
2014827570,14-41152,11/17/2014,11-November,2-Monday,11:00,1100 Hours,District 5 (Southeast),BURLINGTON,DES MOINES,,VALLEY ST & GARFIELD AVE,Collision with:  Vehicle in traffic,Roadside,"Sideswipe, same direction","Operating vehicle in an reckless, erratic, careless, negligent manner",None Indicated,,Daylight,Dry,Clear,None apparent,Non-intersection:  Non-junction/no special feature,Paved,,Property Damage Only,0,0,0,0,0,0,3000,2,1,,POINT (-91.118879443396 40.811160441176)
2014828895,2014-24846,11/17/2014,11-November,2-Monday,15:53,1500 Hours,District 5 (Southeast),INDIANOLA,WARREN,,E CLINTON AVE & N HOWARD ST,Collision with:  Vehicle in traffic,On Roadway,Broadside (front to side),Ran Stop Sign,None Indicated,,Daylight,Dry,Clear,None apparent,Intersection:  Four-way intersection,Paved,,Property Damage Only,0,0,0,0,0,0,14000,2,4,,POINT (-93.560892326116 41.363346594885)
2014827269,14002624,11/17/2014,11-November,2-Monday,07:55,0700 Hours,District 6 (East Central),IOWA CITY,JOHNSON,,NEWTON RD,Collision with:  Vehicle in traffic,On Roadway,Rear-end (front to rear),Followed too close,None Indicated,,Daylight,Wet,Clear,None apparent,Non-intersection:  Non-junction/no special feature,Paved,,Property Damage Only,0,0,0,0,0,0,3500,2,2,,POINT (-91.543598291489 41.662773673917)
2014830177,14020082,11/17/2014,11-November,2-Monday,12:18,1200 Hours,District 2 (Northeast),MASON CITY,CERRO GORDO,,2ND ST SE & S INDIANA AVE,Collision with:  Vehicle in traffic,On Roadway,Broadside (front to side),FTYROW:  At uncontrolled intersection,None Indicated,,Daylight,Snow,Cloudy,"Surface condition (e.g., wet, icy)",Non-intersection:  Non-junction/no special feature,Paved,,Property Damage Only,0,0,0,0,0,0,4500,2,2,,POINT (-93.174271902093 43.150063051022)
2014827965,111714,11/17/2014,11-November,2-Monday,09:30,0900 Hours,District 3 (Northwest),SAC CITY,SAC,,S 9TH ST,Collision with fixed object:  Utility pole/light support,On Roadway,Non-collision (single vehicle),Driving too fast for conditions,None Indicated,,Daylight,Snow,Clear,"Surface condition (e.g., wet, icy)",Non-intersection:  Non-junction/no special feature,Paved,,Minor Injury,0,1,0,1,0,0,3500,1,1,,POINT (-94.994603720793 42.417575189102)
2014835164,14006561,11/17/2014,11-November,2-Monday,14:10,1400 Hours,District 2 (Northeast),GARNER,HANCOCK,,WELCH AVE & 235TH ST,Non-collision events:  Overturn/rollover,Roadside,Non-collision (single vehicle),Made improper turn,None Indicated,,Daylight,Snow,"Blowing sand, soil, dirt",None apparent,Intersection:  Four-way intersection,Unpaved,,Property Damage Only,0,0,0,0,0,0,60000,1,1,,POINT (-93.537117143386 43.10493730673)
2014828495,14026949,11/17/2014,11-November,2-Monday,19:34,1900 Hours,District 5 (Southeast),OSKALOOSA,MAHASKA,,N D ST,Collision with:  Parked motor vehicle,On Roadway,Rear-end (front to rear),Lost Control,None Indicated,,Dark - roadway lighted,Dry,Clear,None apparent,Non-intersection:  Non-junction/no special feature,Paved,,Possible/Unknown,0,1,0,0,1,0,6500,2,1,,POINT (-92.649818269028 41.299784647427)
2014829171,201417249,11/17/2014,11-November,2-Monday,08:06,0800 Hours,District 6 (East Central),CEDAR RAPIDS,LINN,,PARK PL NE & COUNCIL ST NE,Collision with:  Vehicle in traffic,On Roadway,"Angle, oncoming left turn",FTYROW:  From stop sign,None Indicated,,Daylight,Dry,Clear,None apparent,Intersection:  T-intersection,Paved,,Property Damage Only,0,0,0,0,0,0,7000,2,3,,POINT (-91.658308440731 42.030325815018)
2014832145,2014064337,11/17/2014,11-November,2-Monday,11:22,1100 Hours,District 2 (Northeast),ELK RUN HEIGHTS,BLACK HAWK,,DUBUQUE RD & GILBERTVILLE RD,Collision with:  Vehicle in traffic,On Roadway,Rear-end (front to rear),Improper Backing,None Indicated,,Daylight,Dry,Cloudy,None apparent,Intersection:  Other intersection (explain in narrative),Paved,,Property Damage Only,0,0,0,0,0,0,1600,2,3,,POINT (-92.25846074406 42.471735530109)
2014828135,2014-79770,11/17/2014,11-November,2-Monday,16:56,1600 Hours,District 6 (East Central),DAVENPORT,SCOTT,,W 17TH ST & N DIVISION ST,Collision with:  Vehicle in traffic,On Roadway,Rear-end (front to rear),Other (explain in narrative):  Other,None Indicated,,Dark - roadway lighted,Dry,Clear,None apparent,Non-intersection:  Non-junction/no special feature,Paved,,Property Damage Only,0,0,0,0,0,0,6000,3,3,,POINT (-90.601152430145 41.536877755295)
2014828986,20140034266,11/17/2014,11-November,2-Monday,20:37,2000 Hours,District 1 (Central),DES MOINES,POLK,,E GRAND AVE,Collision with:  Parked motor vehicle,On Roadway,Rear-end (front to rear),Lost Control,None Indicated,,Dark - roadway lighted,Dry,Cloudy,None apparent,Non-intersection:  Non-junction/no special feature,Paved,,Property Damage Only,0,0,0,0,0,0,2000,2,1,,POINT (-93.582743361255 41.595440522428)
2014828622,14-048013,11/17/2014,11-November,2-Monday,18:51,1800 Hours,District 5 (Southeast),MUSCATINE,MUSCATINE,,MUSSER ST,Collision with:  Vehicle in traffic,On Roadway,Broadside (front to side),Ran Traffic Signal,None Indicated,,Dark - roadway lighted,Dry,Cloudy,None apparent,Intersection:  Four-way intersection,Paved,,Possible/Unknown,0,1,0,0,1,0,5500,2,4,,POINT (-91.070898047241 41.407078978734)
2014829227,,11/17/2014,11-November,2-Monday,18:15,1800 Hours,District 6 (East Central),CEDAR RAPIDS,LINN,I-380,I-380 & BLAIRS FERRY RD,Collision with:  Vehicle in traffic,On Roadway,Rear-end (front to rear),Unknown,None Indicated,,Dark - unknown roadway lighting,Wet,"Blowing sand, soil, dirt",,Intersection:  Y-intersection,Paved,,Property Damage Only,0,0,0,0,0,0,1700,2,3,,POINT (-91.676820118204 42.034746714846)
2014828534,2014-013858,11/17/2014,11-November,2-Monday,12:45,1200 Hours,District 6 (East Central),,DUBUQUE,,Co Rd C9Y/SHERRILL RD,Collision with:  Animal,,Non-collision (single vehicle),Animal,None Indicated,,,,,,,Paved,,Property Damage Only,0,0,0,0,0,0,4500,1,1,,POINT (-90.726879471117 42.567747313019)
2014931969,,11/17/2014,11-November,2-Monday,10:00,1000 Hours,District 3 (Northwest),SERGEANT BLUFF,WOODBURY,,1ST ST & D ST,Collision with:  Vehicle in traffic,On Roadway,Rear-end (front to rear),Ran off road - right,None Indicated,,Daylight,Ice/frost,Clear,"Surface condition (e.g., wet, icy)",Intersection:  Four-way intersection,Paved,,Property Damage Only,0,0,0,0,0,0,2600,2,2,,POINT (-96.360415256752 42.400338092756)
2014830024,2014-79662,11/17/2014,11-November,2-Monday,09:04,0900 Hours,District 6 (East Central),DAVENPORT,SCOTT,,E RUSHOLME ST & BRIDGE AVE,Collision with:  Vehicle in traffic,On Roadway,Broadside (front to side),Ran Stop Sign,None Indicated,,Daylight,Dry,Clear,None apparent,Intersection:  Four-way intersection,Paved,,Property Damage Only,0,0,0,0,0,0,3000,2,3,,POINT (-90.558061478522 41.542878184653)
2014829838,14-008406,11/17/2014,11-November,2-Monday,16:29,1600 Hours,District 3 (Northwest),EMMETSBURG,PALO ALTO,,18TH ST & PALMER ST,Collision with:  Vehicle in traffic,On Roadway,Broadside (front to side),FTYROW:  At uncontrolled intersection,None Indicated,,Dusk,Snow,Cloudy,"Surface condition (e.g., wet, icy)",Non-intersection:  Non-junction/no special feature,Paved,,Property Damage Only,0,0,0,0,0,0,7000,2,3,,POINT (-94.681506046059 43.103882066279)
2014828559,2014-2825,11/18/2014,11-November,3-Tuesday,05:54,0500 Hours,District 1 (Central),JEFFERSON,GREENE,IA 4,IA 4/N ELM ST,Collision with:  Vehicle in traffic,On Roadway,Broadside (front to side),Ran Stop Sign,None Indicated,,Dawn,Ice/frost,Clear,None apparent,Intersection:  Other intersection (explain in narrative),Paved,,Property Damage Only,0,0,0,0,0,0,30100,2,2,,POINT (-94.377430915403 42.017194449741)
2014829775,,11/18/2014,11-November,3-Tuesday,08:45,0800 Hours,District 4 (Southwest),WOODBINE,HARRISON,,10TH ST & PARK ST,Collision with:  Vehicle in traffic,On Roadway,Broadside (front to side),FTYROW:  At uncontrolled intersection,None Indicated,,Daylight,Snow,Cloudy,"Surface condition (e.g., wet, icy)",Intersection:  Four-way intersection,Paved,,Property Damage Only,0,0,0,0,0,0,3000,2,4,,POINT (-95.709868787361 41.742237328624)
2014828476,14-005462,11/18/2014,11-November,3-Tuesday,16:38,1600 Hours,District 1 (Central),AMES,STORY,,ONTARIO ST,Collision with:  Vehicle in traffic,On Roadway,Rear-end (front to rear),Driver Distraction:  Manual operation of an electronic communication device,None Indicated,,Daylight,Wet,Cloudy,None apparent,Intersection:  T-intersection,Paved,,Property Damage Only,0,0,0,0,0,0,2500,2,6,,POINT (-93.673830690462 42.034541966563)
2014828436,17474-14,11/18/2014,11-November,3-Tuesday,14:27,1400 Hours,District 3 (Northwest),SPENCER,CLAY,,10TH ST SW & 2ND AVE SW,Collision with:  Vehicle in traffic,On Roadway,Broadside (front to side),Ran Stop Sign,None Indicated,,Daylight,Snow,Clear,"Surface condition (e.g., wet, icy)",Intersection:  Four-way intersection,Paved,,Property Damage Only,0,0,0,0,0,0,2500,2,3,,POINT (-95.146775095022 43.127711222258)
2014835973,2014-80012,11/18/2014,11-November,3-Tuesday,21:03,2100 Hours,District 6 (East Central),DAVENPORT,SCOTT,US 6,US 6/W KIMBERLY RD,Collision with:  Vehicle in traffic,On Roadway,Rear-end (front to rear),Followed too close,Alcohol (Statutory),,Dark - roadway lighted,Dry,Clear,None apparent,Non-intersection:  Non-junction/no special feature,Paved,,Minor Injury,0,2,0,1,1,0,7000,2,2,,POINT (-90.577065241856 41.560131359435)
2014834903,2014-013876,11/18/2014,11-November,3-Tuesday,23:25,2300 Hours,District 6 (East Central),,DUBUQUE,,KENNEDY RD,Collision with fixed object:  Ditch,On Roadway,Non-collision (single vehicle),Driving too fast for conditions,None Indicated,,Dark - roadway not lighted,Snow,Cloudy,"Surface condition (e.g., wet, icy)",Non-intersection:  Non-junction/no special feature,Paved,,Property Damage Only,0,0,0,0,0,0,8000,1,1,,POINT (-90.699915489531 42.541652301467)
2014831642,14020127,11/18/2014,11-November,3-Tuesday,08:15,0800 Hours,District 2 (Northeast),MASON CITY,CERRO GORDO,,12TH ST NW,Collision with:  Vehicle in traffic,On Roadway,Head-on (front to front),Crossed centerline (undivided),None Indicated,,Daylight,Snow,Cloudy,"Surface condition (e.g., wet, icy)",Non-intersection:  Other non-intersection (explain in narrative),Paved,,Property Damage Only,0,0,0,0,0,0,10500,2,2,,POINT (-93.210534984247 43.16275292528)
2014828063,20140034287,11/18/2014,11-November,3-Tuesday,07:30,0700 Hours,District 1 (Central),DES MOINES,POLK,,E SENECA AVE & CAMBRIDGE ST,Collision with:  Vehicle in traffic,On Roadway,Broadside (front to side),Driving too fast for conditions,None Indicated,,Daylight,Ice/frost,Clear,"Surface condition (e.g., wet, icy)",Non-intersection:  Non-junction/no special feature,Paved,,Property Damage Only,0,0,0,0,0,0,2000,2,7,,POINT (-93.616321991272 41.631330301115)
2014828444,14-7655,11/18/2014,11-November,3-Tuesday,20:10,2000 Hours,District 1 (Central),,POLK,US 69,US 69/NE 14TH ST,Collision with:  Animal,,,Animal,None Indicated,,,,,,,Paved,,Property Damage Only,0,0,0,0,0,0,2000,1,1,,POINT (-93.600333766615 41.800900701069)
2014875322,2014064953,11/18/2014,11-November,3-Tuesday,14:26,1400 Hours,District 1 (Central),DES MOINES,POLK,US 69,US 69/E 15TH ST & DES MOINES ST,Collision with:  Vehicle in traffic,On Roadway,"Sideswipe, same direction",Made improper turn,None Indicated,,Daylight,Dry,Cloudy,None apparent,Non-intersection:  Non-junction/no special feature,Paved,,Property Damage Only,0,0,0,0,0,0,6000,2,2,,POINT (-93.595686136974 41.594995886169)
2014828907,2014-79958,11/18/2014,11-November,3-Tuesday,14:23,1400 Hours,District 6 (East Central),DAVENPORT,SCOTT,,W 3RD ST & MARQUETTE ST,Collision with:  Vehicle in traffic,On Roadway,Rear-end (front to rear),Other (explain in narrative):  Other,None Indicated,,Daylight,Dry,Cloudy,None apparent,Non-intersection:  Non-junction/no special feature,Paved,,Property Damage Only,0,0,0,0,0,0,5000,2,2,,POINT (-90.590904141913 41.522334163278)
2014828449,20140034345,11/18/2014,11-November,3-Tuesday,16:42,1600 Hours,District 1 (Central),DES MOINES,POLK,IA 28,IA 28/63RD ST,Collision with:  Vehicle in traffic,On Roadway,Rear-end (front to rear),Followed too close,None Indicated,,Dark - roadway lighted,Dry,Cloudy,None apparent,Non-intersection:  Non-junction/no special feature,Paved,,Property Damage Only,0,0,0,0,0,0,6500,2,2,,POINT (-93.703421727768 41.581542877047)
2014839022,14-027024,11/18/2014,11-November,3-Tuesday,18:46,1800 Hours,District 5 (Southeast),,MAHASKA,IA 163,IA 163/IOWA 163,Collision with:  Vehicle in traffic,On Roadway,Rear-end (front to rear),Driver Distraction:  Reaching for object(s)/fallen object(s),None Indicated,,Dark - roadway not lighted,Dry,Cloudy,None apparent,Non-intersection:  Non-junction/no special feature,Paved,,Property Damage Only,0,0,0,0,0,0,10000,2,2,,POINT (-92.805537960669 41.373052376011)
2014828487,14-38108,11/18/2014,11-November,3-Tuesday,13:51,1300 Hours,District 3 (Northwest),SIOUX CITY,WOODBURY,,11TH ST,Collision with:  Vehicle in traffic,On Roadway,"Sideswipe, same direction",Made improper turn,None Indicated,,Daylight,Dry,Clear,None apparent,Non-intersection:  Non-junction/no special feature,Paved,,Property Damage Only,0,0,0,0,0,0,2000,2,2,,POINT (-96.386993922257 42.501927657106)
2014829449,14-243,11/18/2014,11-November,3-Tuesday,12:09,1200 Hours,District 2 (Northeast),WAVERLY,BREMER,IA 116,IA 116/4TH ST SW,Collision with:  Vehicle in traffic,On Roadway,Rear-end (front to rear),Other (explain in narrative):  Other,None Indicated,,Daylight,Dry,Cloudy,None apparent,Non-intersection:  Non-junction/no special feature,Paved,,Property Damage Only,0,0,0,0,0,0,2100,2,2,,POINT (-92.475639902918 42.723383202559)
2014831173,14-41285,11/18/2014,11-November,3-Tuesday,18:19,1800 Hours,District 5 (Southeast),,DES MOINES,US 61,US 61,Collision with:  Animal,,,Animal,None Indicated,,,,,,,Paved,,Property Damage Only,0,0,0,0,0,0,5000,1,1,,POINT (-91.15161744459 40.769983281433)
2014828751,20140034339,11/18/2014,11-November,3-Tuesday,16:10,1600 Hours,District 1 (Central),DES MOINES,POLK,IA 415,IA 415/2ND AVE & DOUGLAS AVE & E DOUGLAS AVE,Collision with:  Vehicle in traffic,On Roadway,Broadside (front to side),Ran Traffic Signal,None Indicated,,Daylight,Dry,Cloudy,None apparent,Intersection:  Four-way intersection,Paved,,Possible/Unknown,0,2,0,0,2,0,18000,3,3,,POINT (-93.619918488948 41.62953654645)
2014828769,PD14-11642,11/18/2014,11-November,3-Tuesday,22:00,2200 Hours,District 1 (Central),MARSHALLTOWN,MARSHALL,,LINCOLN WAY,Collision with:  Animal,On Roadway,Non-collision (single vehicle),Animal,None Indicated,,Dark - unknown roadway lighting,Snow,Clear,None apparent,Non-intersection:  Non-junction/no special feature,Paved,,Property Damage Only,0,0,0,0,0,0,2500,1,2,,POINT (-92.951755591351 42.039743130942)
2014829642,14-010129,11/18/2014,11-November,3-Tuesday,08:49,0800 Hours,District 4 (Southwest),ATLANTIC,CASS,US 6,US 6/7TH ST & MAPLE ST,Collision with:  Vehicle in traffic,On Roadway,Broadside (front to side),FTYROW:  From stop sign,None Indicated,,Daylight,Dry,Cloudy,None apparent,Intersection:  Four-way intersection,Paved,,Property Damage Only,0,0,0,0,0,0,7300,2,2,,POINT (-95.008849267496 41.403948434395)
2014828538,2014-039769,11/18/2014,11-November,3-Tuesday,07:23,0700 Hours,District 6 (East Central),DUBUQUE,DUBUQUE,,BENNETT ST & ALGONA ST,Collision with:  Vehicle in traffic,On Roadway,Rear-end (front to rear),Lost Control,None Indicated,,Dawn,Dry,Clear,None apparent,Non-intersection:  Non-junction/no special feature,Paved,,Property Damage Only,0,0,0,0,0,0,3000,2,2,,POINT (-90.692764532526 42.496086207039)
2014828457,20140034309,11/18/2014,11-November,3-Tuesday,10:53,1000 Hours,District 1 (Central),DES MOINES,POLK,IA 28,IA 28/63RD ST & PARK AVE,Collision with:  Vehicle in traffic,On Roadway,Rear-end (front to rear),Followed too close,None Indicated,,Daylight,Dry,Clear,None apparent,Intersection:  T-intersection,Paved,,Property Damage Only,0,0,0,0,0,0,2700,2,3,,POINT (-93.703487940679 41.555583536787)
2014828525,14-2579,11/18/2014,11-November,3-Tuesday,11:55,1100 Hours,District 1 (Central),URBANDALE,POLK,,AURORA AVE,Collision with:  Vehicle in traffic,On Roadway,"Sideswipe, same direction",Made improper turn,None Indicated,,Daylight,Dry,Clear,None apparent,Non-intersection:  Driveway access (within),Paved,,Property Damage Only,0,0,0,0,0,0,2000,2,2,,POINT (-93.702915843133 41.636634014714)
2014828604,2014064628,11/18/2014,11-November,3-Tuesday,19:10,1900 Hours,District 1 (Central),WEST DES MOINES,POLK,IA 5,IA 5/IOWA 5,Collision with:  Animal,,Non-collision (single vehicle),Animal,None Indicated,,,,,,,Paved,,Property Damage Only,0,0,0,0,0,0,3500,1,1,,POINT (-93.731913231321 41.522034055734)
2014828434,W14-114006,11/18/2014,11-November,3-Tuesday,13:40,1300 Hours,District 2 (Northeast),WATERLOO,BLACK HAWK,US 63,US 63/LOGAN AVE & W LOUISE ST & E LOUISE ST,Collision with:  Vehicle in traffic,On Roadway,Rear-end (front to rear),Followed too close,None Indicated,,Daylight,Dry,Clear,None apparent,Intersection:  Four-way intersection,Paved,,Possible/Unknown,0,1,0,0,1,0,3500,2,2,,POINT (-92.337675014263 42.523968160858)