Iowa DOT Case Number,Law Enforcement Case Number,Date of Crash,Month of Crash,Day of Week,Time of Crash,Hour,DOT District,City Name,County Name,Route with System,Location Description,First Harmful Event,Location of First Harmful Event,Manner of Crash/Collision,Major Cause,Drug or Alcohol ,Environmental Conditions,Light Conditions,Surface Conditions,Weather Conditions,Roadway Contribution,Roadway Type,Roadway Surface,Work Zone,Crash Severity,Number of Fatalities,Number of Injuries,Number of Major Injuries,Number of Minor Injuries,Number of Possible Injuries,Number of Unknown Injuries,Amount of Property Damage,Number of Vehicles Involved,Total Number of Occupants,Travel Direction,Location
2014831455,2014-039798,11/18/2014,11-November,3-Tuesday,21:45,2100 Hours,District 6 (East Central),DUBUQUE,DUBUQUE,,COATES ST & CROSS ST,Collision with:  Animal,On Roadway,Non-collision (single vehicle),Animal,None Indicated,,Dark - unknown roadway lighting,Dry,Clear,None apparent,Non-intersection:  Non-junction/no special feature,Paved,,Property Damage Only,0,0,0,0,0,0,1500,1,1,,POINT (-90.697042244219 42.486959923772)
2014828906,2014-79948,11/18/2014,11-November,3-Tuesday,13:37,1300 Hours,District 6 (East Central),DAVENPORT,SCOTT,,E 3RD ST & LE CLAIRE ST,Collision with:  Vehicle in traffic,On Roadway,Broadside (front to side),FTYROW:  From stop sign,None Indicated,,Daylight,Dry,Clear,None apparent,Intersection:  Four-way intersection,Paved,,Property Damage Only,0,0,0,0,0,0,9000,2,2,,POINT (-90.568227015275 41.522415012808)
2014829873,14-13408,11/18/2014,11-November,3-Tuesday,19:50,1900 Hours,District 3 (Northwest),,SIOUX,,Co Rd B40/400TH ST,Collision with:  Animal,On Roadway,Non-collision (single vehicle),Animal,None Indicated,,Dark - roadway not lighted,Dry,Clear,None apparent,Non-intersection:  Non-junction/no special feature,Paved,,Property Damage Only,0,0,0,0,0,0,29000,1,1,,POINT (-96.092396092409 43.070292559874)
2014828752,20140034355,11/18/2014,11-November,3-Tuesday,18:15,1800 Hours,District 1 (Central),DES MOINES,POLK,,LOCUST ST & 6TH AVE,Collision with:  Vehicle in traffic,On Roadway,Rear-end (front to rear),Separation of units,None Indicated,,Dark - roadway lighted,Slush,Clear,None apparent,Non-intersection:  Non-junction/no special feature,Paved,,Property Damage Only,0,0,0,0,0,0,8000,2,2,,POINT (-93.62494443904 41.586815109642)
2014829432,80-14-364,11/18/2014,11-November,3-Tuesday,19:33,1900 Hours,District 2 (Northeast),HUMBOLDT,HUMBOLDT,,7TH AVE N & TAFT ST N,Collision with fixed object:  Utility pole/light support,Shoulder,Non-collision (single vehicle),Driving too fast for conditions,None Indicated,,Dark - roadway lighted,Ice/frost,Clear,None apparent,Intersection:  Four-way intersection,Paved,,Minor Injury,0,1,0,1,0,0,4000,1,2,,POINT (-94.217952330265 42.729039920199)
2014831806,143787,11/18/2014,11-November,3-Tuesday,12:01,1200 Hours,District 2 (Northeast),HAMPTON,FRANKLIN,,1ST AVE SW & 7TH ST SW,Collision with fixed object:  Utility pole/light support,On Roadway,Non-collision (single vehicle),Driving too fast for conditions,None Indicated,,Daylight,Snow,Clear,"Surface condition (e.g., wet, icy)",Intersection:  Four-way intersection,Paved,,Property Damage Only,0,0,0,0,0,0,2000,1,2,,POINT (-93.215979938883 42.740760878992)
2014829645,14-010327,11/18/2014,11-November,3-Tuesday,17:07,1700 Hours,District 6 (East Central),INDEPENDENCE,BUCHANAN,IA 150,IA 150/5TH AVE NE,Collision with:  Vehicle in traffic,On Roadway,Rear-end (front to rear),Swerving/Evasive Action,None Indicated,,Dusk,Dry,Clear,None apparent,Non-intersection:  Non-junction/no special feature,Paved,,Property Damage Only,0,0,0,0,0,0,8000,2,2,,POINT (-91.889395032389 42.481172331267)
2014828435,14-017465,11/18/2014,11-November,3-Tuesday,11:57,1100 Hours,District 3 (Northwest),SPENCER,CLAY,,W 7TH ST & 1ST AVE W,Collision with:  Vehicle in traffic,On Roadway,Broadside (front to side),FTYROW:  From stop sign,None Indicated,,Daylight,Snow,Clear,None apparent,Intersection:  Four-way intersection,Paved,,Property Damage Only,0,0,0,0,0,0,9000,2,2,,POINT (-95.146305049798 43.143792996947)
2014829471,14-010314,11/18/2014,11-November,3-Tuesday,08:08,0800 Hours,District 6 (East Central),INDEPENDENCE,BUCHANAN,,3RD ST SW & 8TH AVE SW,Collision with:  Vehicle in traffic,On Roadway,Broadside (front to side),FTYROW:  From yield sign,None Indicated,,Daylight,Snow,Clear,None apparent,Intersection:  Four-way intersection,Paved,,Minor Injury,0,1,0,1,0,0,9000,2,5,,POINT (-91.902613424869 42.466935463465)
2014828486,14-38105,11/18/2014,11-November,3-Tuesday,13:28,1300 Hours,District 3 (Northwest),SIOUX CITY,WOODBURY,,LINCOLN WAY & S LAKEPORT ST,Collision with:  Vehicle in traffic,On Roadway,Rear-end (front to rear),FTYROW:  Other (explain in narrative),None Indicated,,Daylight,Wet,Clear,None apparent,Intersection:  Four-way intersection,Paved,,Possible/Unknown,0,1,0,0,1,0,5000,2,4,,POINT (-96.344723602262 42.450223758147)
2014828666,14-3706,11/18/2014,11-November,3-Tuesday,17:15,1700 Hours,District 1 (Central),FORT DODGE,WEBSTER,,COUNTRY CLUB DR,Collision with fixed object:  Other fixed object (explain in narrative),Roadside,Non-collision (single vehicle),Over correcting/over steering,None Indicated,,Dusk,Snow,Cloudy,"Surface condition (e.g., wet, icy)",Non-intersection:  Non-junction/no special feature,Paved,,Property Damage Only,0,0,0,0,0,0,7000,1,1,,POINT (-94.205788790952 42.501679991812)
2014830021,A14087,11/18/2014,11-November,3-Tuesday,14:33,1400 Hours,District 5 (Southeast),KNOXVILLE,MARION,,W DOUGLAS ST & N HARLAN ST,Collision with:  Parked motor vehicle,On Roadway,Broadside (front to side),Unknown,None Indicated,,Daylight,Dry,Cloudy,None apparent,Non-intersection:  Non-junction/no special feature,Paved,,Property Damage Only,0,0,0,0,0,0,6000,2,1,,POINT (-93.100967913709 41.322747328635)
2014828451,20140034358,11/18/2014,11-November,3-Tuesday,18:13,1800 Hours,District 1 (Central),DES MOINES,POLK,,CENTER ST & POLK BLVD,Collision with:  Vehicle in traffic,On Roadway,Broadside (front to side),Ran Traffic Signal,None Indicated,,Dark - roadway lighted,Dry,Cloudy,None apparent,Intersection:  Four-way intersection,Paved,,Property Damage Only,0,0,0,0,0,0,4000,2,2,,POINT (-93.681628906019 41.592239635998)
2014829839,14-22441,11/18/2014,11-November,3-Tuesday,06:06,0600 Hours,District 2 (Northeast),WAVERLY,BREMER,IA 3,IA 3/BREMER AVE & 1ST ST SW & 1ST ST NW,Collision with:  Vehicle in traffic,On Roadway,Rear-end (front to rear),Lost Control,None Indicated,,Dark - roadway lighted,Ice/frost,Cloudy,"Surface condition (e.g., wet, icy)",Intersection:  Four-way intersection,Paved,,Possible/Unknown,0,1,0,0,1,0,7000,2,3,,POINT (-92.47200431229 42.725770967292)
2014828441,14006857,11/18/2014,11-November,3-Tuesday,15:43,1500 Hours,District 3 (Northwest),SHELDON,OBRIEN,,11TH ST & 8TH AVE,Collision with:  Vehicle in traffic,On Roadway,Broadside (front to side),FTYROW:  From yield sign,None Indicated,,Daylight,Snow,Cloudy,None apparent,Intersection:  Four-way intersection,Paved,,Property Damage Only,0,0,0,0,0,0,2500,2,2,,POINT (-95.848958466106 43.177121842122)
2014828605,2014064629,11/18/2014,11-November,3-Tuesday,18:20,1800 Hours,District 2 (Northeast),CLEAR LAKE,CERRO GORDO,I-35,I-35,Collision with:  Animal,,,Animal,None Indicated,,,,,,,Paved,,Property Damage Only,0,0,0,0,0,0,5000,1,1,,POINT (-93.355578886846 43.158612072136)
2014828807,14020147,11/18/2014,11-November,3-Tuesday,16:00,1600 Hours,District 2 (Northeast),MASON CITY,CERRO GORDO,US 65,US 65/N FEDERAL AVE & 6TH ST NW & 6TH ST NE,Collision with:  Vehicle in traffic,On Roadway,"Sideswipe, same direction",Made improper turn,None Indicated,,Daylight,Dry,Cloudy,None apparent,Intersection:  Four-way intersection,Paved,,Property Damage Only,0,0,0,0,0,0,4000,2,2,,POINT (-93.201094221358 43.157249944451)
2014829542,14-035555,11/18/2014,11-November,3-Tuesday,17:19,1700 Hours,District 5 (Southeast),MONTROSE,LEE,US 61,US 61,Collision with:  Animal,,,Animal,None Indicated,,,,,,,Paved,,Property Damage Only,0,0,0,0,0,0,2500,1,1,,POINT (-91.444177475501 40.484376141079)
2014831099,14-003957,11/18/2014,11-November,3-Tuesday,17:16,1700 Hours,District 5 (Southeast),,KEOKUK,,Co Rd V45/200TH AVE,Collision with:  Animal,,,Animal,None Indicated,,,,,,,Paved,,Property Damage Only,0,0,0,0,0,0,3000,1,1,,POINT (-92.219913224848 41.381507783727)
2014828668,2014012907,11/18/2014,11-November,3-Tuesday,18:42,1800 Hours,District 6 (East Central),IOWA CITY,JOHNSON,,PARK RD & N DUBUQUE ST,Collision with:  Vehicle in traffic,On Roadway,Rear-end (front to rear),Followed too close,None Indicated,,Dark - roadway lighted,Dry,Cloudy,None apparent,Intersection:  Four-way intersection,Paved,,Property Damage Only,0,0,0,0,0,0,3100,2,3,,POINT (-91.53283043171 41.671499435763)
2014829176,201417307,11/18/2014,11-November,3-Tuesday,13:40,1300 Hours,District 6 (East Central),CEDAR RAPIDS,LINN,IA 922,IA 922/WILLIAMS BLVD,Non-collision events:  Other non-collision (explain in narrative),On Roadway,Non-collision (single vehicle),Ran off road - right,None Indicated,,Daylight,Dry,Cloudy,None apparent,Non-intersection:  Non-junction/no special feature,Paved,,Minor Injury,0,2,0,2,0,0,10000,1,2,,POINT (-91.72861083009 41.950455454017)
2014828663,148909,11/18/2014,11-November,3-Tuesday,17:40,1700 Hours,District 4 (Southwest),,DALLAS,,Co Rd P58/K AVE,Collision with:  Animal,,,Animal,None Indicated,,,,,,,Paved,,Property Damage Only,0,0,0,0,0,0,2000,1,1,,POINT (-94.085977632053 41.600561186916)
2014828054,20140034310,11/18/2014,11-November,3-Tuesday,10:54,1000 Hours,District 1 (Central),DES MOINES,POLK,,UNIVERSITY AVE,Collision with:  Vehicle in traffic,On Roadway,"Sideswipe, same direction",FTYROW:  From parked position,None Indicated,,Daylight,Dry,Cloudy,None apparent,Non-intersection:  Non-junction/no special feature,Paved,,Minor Injury,0,1,0,1,0,0,6000,2,2,,POINT (-93.653455248377 41.60041065086)
2014828196,2014-039770,11/18/2014,11-November,3-Tuesday,07:34,0700 Hours,District 6 (East Central),DUBUQUE,DUBUQUE,,LORAS BLVD & ALTA VISTA ST,Collision with:  Vehicle in traffic,On Roadway,Broadside (front to side),Ran Stop Sign,None Indicated,,Daylight,Dry,Cloudy,None apparent,Intersection:  Four-way intersection,Paved,,Possible/Unknown,0,2,0,0,2,0,13000,2,2,,POINT (-90.681175656213 42.502453028763)
2014828648,14016220,11/18/2014,11-November,3-Tuesday,15:41,1500 Hours,District 5 (Southeast),CENTERVILLE,APPANOOSE,,240TH AVE,Collision with fixed object:  Utility pole/light support,Shoulder,Non-collision (single vehicle),Swerving/Evasive Action,None Indicated,,Daylight,Dry,Clear,None apparent,Non-intersection:  Non-junction/no special feature,Unpaved,,Possible/Unknown,0,1,0,0,1,0,7000,1,2,,POINT (-92.829438827476 40.733871987663)
2014828577,201404245,11/18/2014,11-November,3-Tuesday,20:01,2000 Hours,District 6 (East Central),MARION,LINN,IA 13,IA 13/IOWA 13 & 35TH AVE & RADIO RD,Collision with:  Animal,,Non-collision (single vehicle),Animal,None Indicated,,,,,,,Paved,,Property Damage Only,0,0,0,0,0,0,3000,1,777,,POINT (-91.550251869467 42.057435503565)
2014828294,111814-104,11/18/2014,11-November,3-Tuesday,08:40,0800 Hours,District 3 (Northwest),,BUENA VISTA,US 71,US 71/130TH AVE,Non-collision events:  Overturn/rollover,Outside trafficway,Non-collision (single vehicle),Ran off road - right,None Indicated,,Daylight,Snow,Clear,"Surface condition (e.g., wet, icy)",Non-intersection:  Non-junction/no special feature,Paved,,Property Damage Only,0,0,0,0,0,0,6750,1,1,,POINT (-95.151108625198 42.569851808293)
2014828829,201400056318,11/18/2014,11-November,3-Tuesday,14:22,1400 Hours,District 5 (Southeast),OTTUMWA,WAPELLO,,N COURT RD (FRONTAGE RD) & N COURT RD CONNECTOR,Collision with:  Vehicle in traffic,On Roadway,"Angle, oncoming left turn",Unknown,None Indicated,,Daylight,Dry,Cloudy,None apparent,Non-intersection:  Non-junction/no special feature,Paved,,Property Damage Only,0,0,0,0,0,0,5500,2,2,,POINT (-92.409526927306 41.063660907599)
2014828843,14-2583,11/18/2014,11-November,3-Tuesday,16:05,1600 Hours,District 1 (Central),URBANDALE,POLK,,121ST ST,Collision with:  Vehicle in traffic,On Roadway,Broadside (front to side),FTYROW:  From driveway,None Indicated,,Daylight,Dry,Clear,None apparent,Non-intersection:  Driveway access (within),Paved,,Property Damage Only,0,0,0,0,0,0,3000,2,2,,POINT (-93.783023727601 41.638638227823)
2014828926,2014064620,11/18/2014,11-November,3-Tuesday,17:44,1700 Hours,District 6 (East Central),HAZLETON,BUCHANAN,,SUFFICOOL ST & 3RD ST,Collision with:  Vehicle in traffic,On Roadway,Head-on (front to front),Other (explain in narrative):  Other,None Indicated,,Dark - roadway not lighted,Ice/frost,Clear,None apparent,Intersection:  Four-way intersection,Paved,,Property Damage Only,0,0,0,0,0,0,2000,2,2,,POINT (-91.906907774934 42.61559709191)
2014828694,SO1404980,11/18/2014,11-November,3-Tuesday,16:56,1600 Hours,District 5 (Southeast),,JEFFERSON,,Co Rd H33/BROOKVILLE RD,Collision with:  Animal,,,Animal,None Indicated,,,,,,,Paved,,Property Damage Only,0,0,0,0,0,0,2500,1,1,,POINT (-92.014221112561 41.024006496553)
2014829114,2014064511,11/18/2014,11-November,3-Tuesday,07:15,0700 Hours,District 1 (Central),,WEBSTER,,Co Rd D20/OLD HWY 20 & 220TH ST,Collision with:  Vehicle in traffic,On Roadway,Unknown,Crossed centerline (undivided),None Indicated,,Dawn,Dry,Cloudy,None apparent,Non-intersection:  Non-junction/no special feature,Paved,,Property Damage Only,0,0,0,0,0,0,16450,4,9,,POINT (-94.232201844938 42.472076409719)
2014828739,14-7644,11/18/2014,11-November,3-Tuesday,13:16,1300 Hours,District 1 (Central),URBANDALE,POLK,I-35,I-35 & IA 28/MERLE HAY RD,Collision with:  Vehicle in traffic,On Roadway,Broadside (front to side),Ran Traffic Signal,None Indicated,,Daylight,Dry,Cloudy,None apparent,Intersection:  Intersection with ramp,Paved,,Property Damage Only,0,0,0,0,0,0,8350,3,3,,POINT (-93.69766313311 41.652788809287)
2014829487,14027033,11/18/2014,11-November,3-Tuesday,22:39,2200 Hours,District 5 (Southeast),OSKALOOSA,MAHASKA,,2ND AVE W & S D ST,Collision with:  Vehicle in traffic,On Roadway,Broadside (front to side),Unknown,None Indicated,,Dark - roadway lighted,Ice/frost,Clear,None apparent,Intersection:  T-intersection,Paved,,Property Damage Only,0,0,0,0,0,0,2000,2,2,,POINT (-92.64980421749 41.293479178496)
2014828474,14-005460,11/18/2014,11-November,3-Tuesday,16:20,1600 Hours,District 1 (Central),AMES,STORY,US 69,US 69/S DUFF AVE,Collision with:  Vehicle in traffic,On Roadway,"Sideswipe, same direction",FTYROW:  Other (explain in narrative),None Indicated,,Daylight,Dry,Cloudy,None apparent,Non-intersection:  Driveway access (within),Paved,,Property Damage Only,0,0,0,0,0,0,1600,2,4,,POINT (-93.610359582575 42.015956218163)
2014828905,2014-79873,11/18/2014,11-November,3-Tuesday,07:15,0700 Hours,District 6 (East Central),DAVENPORT,SCOTT,,W 53RD ST & BROWN ST & APPOMATTOX RD,Collision with:  Vehicle in traffic,On Roadway,"Angle, oncoming left turn",FTYROW:  Making left turn,None Indicated,,Daylight,Dry,Clear,None apparent,Intersection:  Four-way intersection,Paved,,Property Damage Only,0,0,0,0,0,0,3500,2,3,,POINT (-90.583746572544 41.574547139849)
2014828689,14-3705,11/18/2014,11-November,3-Tuesday,16:54,1600 Hours,District 1 (Central),FORT DODGE,WEBSTER,US 169,US 169,Collision with:  Vehicle in traffic,On Roadway,Rear-end (front to rear),Other (explain in narrative):  Other,None Indicated,,Dusk,Dry,Clear,None apparent,Non-intersection:  Non-junction/no special feature,Paved,,Property Damage Only,0,0,0,0,0,0,1800,2,2,,POINT (-94.207252417078 42.484130459353)
2014829214,,11/18/2014,11-November,3-Tuesday,18:53,1800 Hours,District 4 (Southwest),,ADAIR,IA 92,IA 92/IOWA 92 & Co Rd N54/DELTA AVE,Collision with:  Animal,On Roadway,Non-collision (single vehicle),Animal,None Indicated,,Dark - roadway lighted,Dry,Clear,None apparent,Non-intersection:  Non-junction/no special feature,Paved,,Property Damage Only,0,0,0,0,0,0,1500,1,1,,POINT (-94.642577316919 41.258800860899)
2014828767,SO14-1449,11/18/2014,11-November,3-Tuesday,03:35,0300 Hours,District 2 (Northeast),,WRIGHT,,Co Rd C70/330TH ST,Collision with:  Animal,,,Animal,None Indicated,,,,,,,Paved,,Property Damage Only,0,0,0,0,0,0,4000,1,1,,POINT (-93.770105038185 42.572069593091)
2014828781,14007003,11/18/2014,11-November,3-Tuesday,17:51,1700 Hours,District 3 (Northwest),CHEROKEE,CHEROKEE,US 59,US 59 & Co Rd C44/580TH ST,Collision with:  Animal,,,Animal,None Indicated,,,,,,,Paved,,Property Damage Only,0,0,0,0,0,0,1500,1,1,,POINT (-95.554513955163 42.677079330103)
2014828512,H14-0082,11/18/2014,11-November,3-Tuesday,10:40,1000 Hours,District 1 (Central),HUXLEY,STORY,,OAK BLVD & LARSON DR,Collision with fixed object:  Other fixed object (explain in narrative),On Roadway,Non-collision (single vehicle),Driving too fast for conditions,None Indicated,,Daylight,Ice/frost,Clear,"Surface condition (e.g., wet, icy)",Intersection:  T-intersection,Paved,,Property Damage Only,0,0,0,0,0,0,2000,1,1,,POINT (-93.595925884747 41.900593434078)
2014829647,14-016473,11/18/2014,11-November,3-Tuesday,18:08,1800 Hours,District 2 (Northeast),CLERMONT,FAYETTE,US 18,US 18/HARDING RD & CLINTON ST,Collision with:  Vehicle in traffic,Outside trafficway,Rear-end (front to rear),Improper Backing,None Indicated,,Dark - roadway not lighted,Dry,Clear,None apparent,Non-intersection:  Non-junction/no special feature,Paved,,Property Damage Only,0,0,0,0,0,0,3000,2,3,,POINT (-91.659469251714 42.996707593119)
2014829007,S14-11957,11/18/2014,11-November,3-Tuesday,18:15,1800 Hours,District 3 (Northwest),,WOODBURY,IA 141,IA 141/IOWA 141,Collision with:  Animal,,,Animal,None Indicated,,,,,,,Paved,,Property Damage Only,0,0,0,0,0,0,1500,1,1,,POINT (-96.003154170584 42.23065931863)
2014829595,14-001368,11/18/2014,11-November,3-Tuesday,05:53,0500 Hours,District 1 (Central),,STORY,,Co Rd R38/510TH AVE,Collision with:  Animal,,,Animal,None Indicated,,,,,,,Paved,,Property Damage Only,0,0,0,0,0,0,3000,1,1,,POINT (-93.678416155741 41.990851050436)
2014828273,CL14004076,11/18/2014,11-November,3-Tuesday,08:34,0800 Hours,District 6 (East Central),CLINTON,CLINTON,,MCKINLEY ST,Collision with:  Parked motor vehicle,On Roadway,Head-on (front to front),Other (explain in narrative):  Vision obstructed,None Indicated,,Daylight,Dry,Cloudy,None apparent,Non-intersection:  Non-junction/no special feature,Paved,,Property Damage Only,0,0,0,0,0,0,2000,2,1,,POINT (-90.176812495751 41.870126152046)
2014828443,14-7653,11/18/2014,11-November,3-Tuesday,18:05,1800 Hours,District 1 (Central),GRIMES,POLK,IA 141,IA 141/IOWA 141,Collision with:  Vehicle in traffic,On Roadway,"Sideswipe, same direction",FTYROW:  Other (explain in narrative),None Indicated,,Dark - roadway not lighted,Dry,Clear,None apparent,Non-intersection:  Non-junction/no special feature,Paved,,Property Damage Only,0,0,0,0,0,0,3000,2,2,,POINT (-93.775097044872 41.654490451137)
2014828925,2014064557,11/18/2014,11-November,3-Tuesday,10:15,1000 Hours,District 2 (Northeast),,ALLAMAKEE,IA 76,IA 76/IOWA 76,Collision with fixed object:  Traffic sign support,On Roadway,Non-collision (single vehicle),Swerving/Evasive Action,None Indicated,,Daylight,Dry,Cloudy,None apparent,Non-intersection:  Non-junction/no special feature,Paved,,Property Damage Only,0,0,0,0,0,0,2000,1,1,,POINT (-91.180452871765 43.081014033246)
2014828669,C14003695,11/18/2014,11-November,3-Tuesday,19:10,1900 Hours,District 6 (East Central),CORALVILLE,JOHNSON,,1ST AVE,Collision with:  Vehicle in traffic,On Roadway,"Sideswipe, same direction",Swerving/Evasive Action,None Indicated,,Dark - roadway lighted,Dry,Clear,None apparent,Non-intersection:  Non-junction/no special feature,Paved,,Property Damage Only,0,0,0,0,0,0,7000,2,2,,POINT (-91.565866481788 41.680103704946)
2014828720,W14-114035,11/18/2014,11-November,3-Tuesday,15:22,1500 Hours,District 2 (Northeast),WATERLOO,BLACK HAWK,,OAK RIDGE RD,Collision with:  Vehicle in traffic,On Roadway,Broadside (front to side),FTYROW:  At uncontrolled intersection,None Indicated,,Daylight,Snow,Cloudy,"Surface condition (e.g., wet, icy)",Intersection:  Four-way intersection,Paved,,Property Damage Only,0,0,0,0,0,0,22000,2,2,,POINT (-92.291374070257 42.449519112248)
2014829496,PD14-11637,11/18/2014,11-November,3-Tuesday,11:43,1100 Hours,District 1 (Central),MARSHALLTOWN,MARSHALL,,E LEE ST & N 10TH AVE,Collision with:  Vehicle in traffic,On Roadway,Broadside (front to side),Lost Control,Alcohol (Statutory),,Daylight,Snow,Clear,None apparent,Non-intersection:  Non-junction/no special feature,Paved,,Possible/Unknown,0,1,0,0,0,1,2000,2,4,,POINT (-92.896057238679 42.054080727035)
2014828765,14114073,11/18/2014,11-November,3-Tuesday,17:17,1700 Hours,District 2 (Northeast),CEDAR FALLS,BLACK HAWK,,UNIVERSITY AVE,Collision with:  Vehicle in traffic,On Roadway,Rear-end (front to rear),Followed too close,None Indicated,,Dark - roadway lighted,Dry,Clear,None apparent,Intersection:  Intersection with ramp,Paved,,Property Damage Only,0,0,0,0,0,0,3800,3,6,,POINT (-92.443670028172 42.513103373924)
2014829375,2014-79878,11/18/2014,11-November,3-Tuesday,07:50,0700 Hours,District 6 (East Central),DAVENPORT,SCOTT,,MARQUETTE ST,Collision with:  Vehicle in traffic,On Roadway,"Angle, oncoming left turn",FTYROW:  From driveway,None Indicated,,Daylight,Dry,Clear,None apparent,Non-intersection:  Driveway access (within),Paved,,Possible/Unknown,0,1,0,0,1,0,2300,2,2,,POINT (-90.591391152809 41.537952517213)
2014828814,149161PD,11/18/2014,11-November,3-Tuesday,08:02,0800 Hours,District 1 (Central),BOONE,BOONE,,MARION ST,Collision with:  Vehicle in traffic,On Roadway,Rear-end (front to rear),Driving too fast for conditions,None Indicated,,Daylight,Ice/frost,Clear,"Surface condition (e.g., wet, icy)",Non-intersection:  Non-junction/no special feature,Paved,,Property Damage Only,0,0,0,0,0,0,1500,2,4,,POINT (-93.902949653621 42.060149686002)
2014828526,14-2581,11/18/2014,11-November,3-Tuesday,15:22,1500 Hours,District 1 (Central),URBANDALE,POLK,,DOUGLAS AVE & 79TH ST & DENNIS DR,Collision with:  Vehicle in traffic,On Roadway,Broadside (front to side),Other (explain in narrative):  Vision obstructed,None Indicated,,Daylight,Dry,Clear,None apparent,Non-intersection:  Non-junction/no special feature,Paved,,Property Damage Only,0,0,0,0,0,0,6000,2,3,,POINT (-93.726773984044 41.629252893875)
2014828787,14-010149,11/18/2014,11-November,3-Tuesday,18:00,1800 Hours,District 4 (Southwest),,CASS,IA 83,IA 83/WHITE POLE RD,Collision with:  Animal,,,Animal,None Indicated,,,,,,,Paved,,Property Damage Only,0,0,0,0,0,0,10000,1,2,,POINT (-94.806984475087 41.429301036418)
2014829993,2014064504,11/18/2014,11-November,3-Tuesday,08:12,0800 Hours,District 1 (Central),ALTOONA,POLK,I-80,I-80,Collision with:  Vehicle in traffic,On Roadway,"Sideswipe, same direction",FTYROW:  Other (explain in narrative),None Indicated,,Daylight,Dry,Clear,Work Zone (roadway-related),"Interchange-related:  Off-ramp, diverge area",Paved,Yes,Property Damage Only,0,0,0,0,0,0,6200,2,4,,POINT (-93.498434267172 41.661886827071)
2014828488,14-38119,11/18/2014,11-November,3-Tuesday,15:43,1500 Hours,District 3 (Northwest),SIOUX CITY,WOODBURY,,JACKSON ST,Collision with:  Vehicle in traffic,On Roadway,Rear-end (front to rear),Other (explain in narrative):  Other,None Indicated,,Daylight,Dry,Cloudy,None apparent,Non-intersection:  Non-junction/no special feature,Paved,,Possible/Unknown,0,1,0,0,1,0,1800,2,2,,POINT (-96.402096527767 42.505531826724)
2014828715,W14-114046,11/18/2014,11-November,3-Tuesday,15:52,1500 Hours,District 2 (Northeast),WATERLOO,BLACK HAWK,,BYRNES DR,Collision with:  Vehicle in traffic,On Roadway,Rear-end (front to rear),Lost Control,None Indicated,,Daylight,Snow,Clear,"Surface condition (e.g., wet, icy)",Non-intersection:  Non-junction/no special feature,Paved,,Property Damage Only,0,0,0,0,0,0,3000,2,6,,POINT (-92.365799107741 42.47823355249)
2014828064,20140034294,11/18/2014,11-November,3-Tuesday,08:40,0800 Hours,District 1 (Central),DES MOINES,POLK,US 69,US 69/SE 14TH ST & INDIANOLA AVE,Collision with:  Vehicle in traffic,On Roadway,Rear-end (front to rear),Lost Control,None Indicated,,Daylight,Dry,Clear,None apparent,Non-intersection:  Non-junction/no special feature,Paved,,Property Damage Only,0,0,0,0,0,0,3000,2,2,,POINT (-93.596826574121 41.553358331362)
2014828777,2014011635,11/18/2014,11-November,3-Tuesday,05:47,0500 Hours,District 1 (Central),MARSHALLTOWN,MARSHALL,,N 10TH AVE,Collision with:  Vehicle in traffic,On Roadway,Rear-end (front to rear),Other (explain in narrative):  Other,None Indicated,,Dark - roadway lighted,Ice/frost,Clear,"Surface condition (e.g., wet, icy)",Non-intersection:  Non-junction/no special feature,Paved,,Property Damage Only,0,0,0,0,0,0,5000,2,6,,POINT (-92.895995285422 42.055017355159)
2014829418,2014064623,11/18/2014,11-November,3-Tuesday,17:37,1700 Hours,District 1 (Central),,TAMA,,Co Rd T47/HWY T47,Collision with:  Animal,On Roadway,Non-collision (single vehicle),Animal,None Indicated,,Dark - roadway not lighted,Dry,Cloudy,None apparent,Non-intersection:  Non-junction/no special feature,Paved,,Property Damage Only,0,0,0,0,0,0,2000,1,1,,POINT (-92.688655477918 42.039186893407)
2014828541,2014-039788,11/18/2014,11-November,3-Tuesday,15:35,1500 Hours,District 6 (East Central),DUBUQUE,DUBUQUE,,ST JOHN DR & GRAHAM CIR,Collision with:  Vehicle in traffic,On Roadway,Broadside (front to side),FTYROW:  From yield sign,None Indicated,,Daylight,Dry,Cloudy,None apparent,Intersection:  Four-way intersection,Paved,,Property Damage Only,0,0,0,0,0,0,4250,2,2,,POINT (-90.727993308588 42.513891321802)
2014829140,CL14004085,11/18/2014,11-November,3-Tuesday,16:25,1600 Hours,District 6 (East Central),CLINTON,CLINTON,US 30,US 30/LINCOLN WAY,Collision with:  Vehicle in traffic,On Roadway,Broadside (front to side),FTYROW:  From driveway,None Indicated,,Daylight,Dry,Clear,None apparent,Non-intersection:  Driveway access (within),Paved,,Property Damage Only,0,0,0,0,0,0,9000,2,3,,POINT (-90.232153198431 41.815926844837)
2014828675,14-002629,11/18/2014,11-November,3-Tuesday,15:40,1500 Hours,District 1 (Central),ALTOONA,POLK,,8TH ST SW,Collision with:  Vehicle in traffic,On Roadway,Rear-end (front to rear),Driver Distraction:  Passenger,None Indicated,,Daylight,Dry,Clear,None apparent,Intersection:  Four-way intersection,Paved,,Property Damage Only,0,0,0,0,0,0,6200,2,4,,POINT (-93.501852024564 41.644163853158)
2014828575,201404235,11/18/2014,11-November,3-Tuesday,04:40,0400 Hours,District 6 (East Central),,LINN,US 30,US 30,Collision with:  Animal,,Non-collision (single vehicle),Animal,None Indicated,,,,,,,Paved,,Property Damage Only,0,0,0,0,0,0,2000,1,777,,POINT (-91.734179129815 41.943428861982)