Iowa DOT Case Number,Law Enforcement Case Number,Date of Crash,Month of Crash,Day of Week,Time of Crash,Hour,DOT District,City Name,County Name,Route with System,Location Description,First Harmful Event,Location of First Harmful Event,Manner of Crash/Collision,Major Cause,Drug or Alcohol ,Environmental Conditions,Light Conditions,Surface Conditions,Weather Conditions,Roadway Contribution,Roadway Type,Roadway Surface,Work Zone,Crash Severity,Number of Fatalities,Number of Injuries,Number of Major Injuries,Number of Minor Injuries,Number of Possible Injuries,Number of Unknown Injuries,Amount of Property Damage,Number of Vehicles Involved,Total Number of Occupants,Travel Direction,Location
2014828844,2014-5720,11/18/2014,11-November,3-Tuesday,18:07,1800 Hours,District 4 (Southwest),WAUKEE,DALLAS,US 6,US 6/HICKMAN AVE & ALICES RD,Collision with:  Vehicle in traffic,On Roadway,Rear-end (front to rear),Unknown,None Indicated,,Dark - roadway lighted,Dry,Clear,None apparent,Non-intersection:  Non-junction/no special feature,Paved,,Property Damage Only,0,0,0,0,0,0,3500,2,3,,POINT (-93.852928397525 41.615001433703)
2014828527,14-2584,11/18/2014,11-November,3-Tuesday,16:57,1600 Hours,District 1 (Central),URBANDALE,POLK,I-35,I-35,Non-collision events:  Other non-collision (explain in narrative),On Roadway,Non-collision (single vehicle),Followed too close,None Indicated,,Dusk,Dry,Clear,None apparent,Non-intersection:  Non-junction/no special feature,Paved,,Property Damage Only,0,0,0,0,0,0,2000,1,1,,POINT (-93.723829124072 41.652536936769)
2014828065,20140034296,11/18/2014,11-November,3-Tuesday,07:30,0700 Hours,District 1 (Central),DES MOINES,POLK,I-235,I-235,Collision with:  Vehicle in traffic,On Roadway,"Sideswipe, same direction",Other (explain in narrative):  Other,None Indicated,,Daylight,Dry,Clear,None apparent,Interchange-related:  On-ramp merge area,Paved,,Property Damage Only,0,0,0,0,0,0,2000,2,2,,POINT (-93.615897027933 41.59550188374)
2014828062,20140034286,11/18/2014,11-November,3-Tuesday,06:49,0600 Hours,District 1 (Central),DES MOINES,POLK,,MLK JR PKWY,Collision with:  Vehicle in traffic,On Roadway,Rear-end (front to rear),Followed too close,None Indicated,,Dawn,Dry,Clear,None apparent,Non-intersection:  Non-junction/no special feature,Paved,,Property Damage Only,0,0,0,0,0,0,6000,2,2,,POINT (-93.64474237471 41.588255037305)
2014829320,14-005454,11/18/2014,11-November,3-Tuesday,11:20,1100 Hours,District 1 (Central),AMES,STORY,,MAIN ST & DUFF AVE,Collision with:  Vehicle in traffic,On Roadway,Rear-end (front to rear),Followed too close,None Indicated,,Daylight,Dry,Clear,None apparent,Non-intersection:  Non-junction/no special feature,Paved,,Possible/Unknown,0,2,0,0,0,2,2500,2,2,,POINT (-93.610423542578 42.025169611181)
2014829832,S14-11956,11/18/2014,11-November,3-Tuesday,17:40,1700 Hours,District 3 (Northwest),MOVILLE,WOODBURY,US 20,US 20,Collision with:  Animal,,,Animal,None Indicated,,,,,,,Paved,,Property Damage Only,0,0,0,0,0,0,2500,1,1,,POINT (-96.077003574057 42.481962842482)
2014828043,14174740,11/18/2014,11-November,3-Tuesday,08:05,0800 Hours,District 6 (East Central),,JOHNSON,,Co Rd F28/250TH ST,Non-collision events:  Other non-collision (explain in narrative),On Roadway,Non-collision (single vehicle),Swerving/Evasive Action,None Indicated,,Daylight,Dry,Clear,None apparent,Non-intersection:  Non-junction/no special feature,Paved,,Property Damage Only,0,0,0,0,0,0,4500,2,3,,POINT (-91.76587568897 41.760191078531)
2014828815,149164PD,11/18/2014,11-November,3-Tuesday,08:52,0800 Hours,District 1 (Central),BOONE,BOONE,,S LINN ST & HAWKEYE DR,Collision with fixed object:  Other fixed object (explain in narrative),On Roadway,Non-collision (single vehicle),Driving too fast for conditions,None Indicated,,Daylight,Ice/frost,Cloudy,"Surface condition (e.g., wet, icy)",Intersection:  Four-way intersection,Paved,,Property Damage Only,0,0,0,0,0,0,3500,1,1,,POINT (-93.8736549902 42.037346865621)
2014828547,14-5842,11/18/2014,11-November,3-Tuesday,12:35,1200 Hours,District 4 (Southwest),WEST DES MOINES,DALLAS,,59TH PL,Collision with:  Vehicle in traffic,On Roadway,Broadside (front to side),Ran Traffic Signal,None Indicated,,Daylight,Dry,Cloudy,None apparent,Intersection:  Four-way intersection,Paved,,Property Damage Only,0,0,0,0,0,0,4000,2,2,,POINT (-93.791841274964 41.59681159264)
2014829376,2014-79992,11/18/2014,11-November,3-Tuesday,17:54,1700 Hours,District 6 (East Central),DAVENPORT,SCOTT,,W 71 ST,Collision with:  Parked motor vehicle,On Roadway,"Sideswipe, same direction",Other (explain in narrative):  No improper action,None Indicated,,Dark - roadway lighted,Dry,Clear,None apparent,Non-intersection:  Non-junction/no special feature,Paved,,Property Damage Only,0,0,0,0,0,0,33250,3,3,,POINT (-90.616041919898 41.592261738127)
2014828248,14-23587,11/18/2014,11-November,3-Tuesday,06:30,0600 Hours,District 6 (East Central),,SCOTT,,Co Rd Z16/UTICA RIDGE RD,Collision with:  Animal,,Non-collision (single vehicle),Animal,None Indicated,,,,,,,Paved,,Property Damage Only,0,0,0,0,0,0,5500,1,1,,POINT (-90.490748951541 41.719526235112)
2014828069,20140034302,11/18/2014,11-November,3-Tuesday,09:28,0900 Hours,District 1 (Central),DES MOINES,POLK,,JEFFERSON AVE & 7TH ST,Collision with:  Vehicle in traffic,On Roadway,Broadside (front to side),FTYROW:  From stop sign,None Indicated,,Daylight,Ice/frost,Cloudy,"Surface condition (e.g., wet, icy)",Intersection:  Four-way intersection,Paved,,Property Damage Only,0,0,0,0,0,0,4500,2,3,,POINT (-93.627005775994 41.610141631839)
2014828128,2014-039768,11/18/2014,11-November,3-Tuesday,06:49,0600 Hours,District 6 (East Central),DUBUQUE,DUBUQUE,,KAUFMANN AVE & KURT CT,Collision with:  Vehicle in traffic,On Roadway,Broadside (front to side),FTYROW:  From driveway,None Indicated,,Daylight,Dry,Clear,None apparent,Non-intersection:  Driveway access (within),Paved,,Possible/Unknown,0,1,0,0,1,0,6000,2,2,,POINT (-90.686833052218 42.517344972497)
2014828442,14-7648,11/18/2014,11-November,3-Tuesday,15:26,1500 Hours,District 1 (Central),,POLK,IA 44,IA 44/NW 70 AVE,Collision with:  Vehicle in traffic,Outside trafficway,Rear-end (front to rear),Followed too close,None Indicated,,Daylight,Wet,Cloudy,None apparent,Non-intersection:  Non-junction/no special feature,Paved,,Property Damage Only,0,0,0,0,0,0,6000,2,4,,POINT (-93.814328694437 41.68844608644)
2014828910,2014-80003,11/18/2014,11-November,3-Tuesday,18:25,1800 Hours,District 6 (East Central),DAVENPORT,SCOTT,,E GARFIELD ST & IOWA ST,Collision with:  Other non-fixed object (explain in narrative),On Roadway,Non-collision (single vehicle),Other (explain in narrative):  No improper action,None Indicated,,Dark - roadway not lighted,Dry,Clear,Debris,Non-intersection:  Non-junction/no special feature,Paved,,Property Damage Only,0,0,0,0,0,0,2100,1,1,,POINT (-90.569406885858 41.548189288355)
2014828197,2014-039772,11/18/2014,11-November,3-Tuesday,08:05,0800 Hours,District 6 (East Central),DUBUQUE,DUBUQUE,,W 12TH ST & LOCUST ST S,Collision with:  Vehicle in traffic,On Roadway,"Sideswipe, same direction",Made improper turn,None Indicated,,Daylight,Dry,Clear,None apparent,Non-intersection:  Non-junction/no special feature,Paved,,Property Damage Only,0,0,0,0,0,0,1800,2,2,,POINT (-90.669991615025 42.503756962749)
2014828546,2104-39792,11/18/2014,11-November,3-Tuesday,16:43,1600 Hours,District 6 (East Central),DUBUQUE,DUBUQUE,,JOHN F KENNEDY RD & CARTER RD,Collision with:  Vehicle in traffic,On Roadway,"Angle, oncoming left turn",FTYROW:  From stop sign,None Indicated,,Dusk,Dry,Cloudy,None apparent,Intersection:  Four-way intersection,Paved,,Minor Injury,0,1,0,1,0,0,7432,2,2,,POINT (-90.721336600991 42.50179113179)
2014828673,CL14004082,11/18/2014,11-November,3-Tuesday,13:58,1300 Hours,District 6 (East Central),CLINTON,CLINTON,US 30,US 30/LINCOLN WAY & US 67/WASHINGTON BLVD & VALLEY WEST CT,Collision with:  Vehicle in traffic,On Roadway,Broadside (front to side),Driver Distraction:  Manual operation of an electronic communication device,None Indicated,,Daylight,Dry,Clear,None apparent,Non-intersection:  Non-junction/no special feature,Paved,,Property Damage Only,0,0,0,0,0,0,6000,2,3,,POINT (-90.242341891035 41.815550680571)
2014828646,14-41221,11/18/2014,11-November,3-Tuesday,03:25,0300 Hours,District 5 (Southeast),,DES MOINES,,N PRAIRIE GROVE RD,Collision with:  Animal,,,Animal,None Indicated,,,,,,,Unpaved,,Property Damage Only,0,0,0,0,0,0,2000,1,1,,POINT (-91.226290603313 40.890383674927)
2014830082,14219,11/18/2014,11-November,3-Tuesday,11:00,1100 Hours,District 5 (Southeast),PELLA,MARION,IA 163,IA 163/IOWA 163,Collision with:  Animal,,,Animal,None Indicated,,,,,,,Paved,,Property Damage Only,0,0,0,0,0,0,5000,1,1,,POINT (-92.939499934702 41.40339434725)
2014828510,169-2014,11/18/2014,11-November,3-Tuesday,18:45,1800 Hours,District 4 (Southwest),,HARRISON,I-29,I-29,Collision with:  Animal,,Non-collision (single vehicle),Animal,None Indicated,,,,,,,Paved,,Property Damage Only,0,0,0,0,0,0,7500,1,777,,POINT (-96.033604826065 41.665831724343)
2014828576,201404239,11/18/2014,11-November,3-Tuesday,08:45,0800 Hours,District 6 (East Central),,LINN,,EAST VIEW AVE,Collision with:  Vehicle in traffic,On Roadway,Broadside (front to side),FTYROW:  From driveway,None Indicated,,Daylight,Ice/frost,Clear,"Surface condition (e.g., wet, icy)",Non-intersection:  Driveway access (within),Paved,,Property Damage Only,0,0,0,0,0,0,3000,2,3,,POINT (-91.600828793125 42.059072058864)
2014828056,20140034317,11/18/2014,11-November,3-Tuesday,12:20,1200 Hours,District 1 (Central),DES MOINES,POLK,US 6,US 6/E EUCLID AVE,Collision with:  Vehicle in traffic,On Roadway,Broadside (front to side),FTYROW:  From driveway,None Indicated,,Daylight,Dry,Clear,None apparent,Non-intersection:  Driveway access (within),Paved,,Possible/Unknown,0,1,0,0,1,0,8500,2,3,,POINT (-93.607055673373 41.627704675798)
2014829608,2014-79928,11/18/2014,11-November,3-Tuesday,11:00,1100 Hours,District 6 (East Central),DAVENPORT,SCOTT,,CALVIN ST,Collision with:  Parked motor vehicle,On Roadway,Rear-end (front to rear),Driver Distraction:  Inattentive/lost in thought,None Indicated,,Daylight,Dry,Cloudy,None apparent,Non-intersection:  Non-junction/no special feature,Paved,,Property Damage Only,0,0,0,0,0,0,6000,2,1,,POINT (-90.636279322791 41.533444561498)
2014828922,2014064518,11/18/2014,11-November,3-Tuesday,09:24,0900 Hours,District 1 (Central),NEWTON,JASPER,I-80,I-80,Collision with:  Parked motor vehicle,Shoulder,Broadside (front to side),Illegally Parked/Unattended,None Indicated,,Daylight,Dry,Cloudy,None apparent,Non-intersection:  Non-junction/no special feature,Paved,,Property Damage Only,0,0,0,0,0,0,9000,2,1,,POINT (-93.051053488253 41.683735781017)
2014828842,14-2582,11/18/2014,11-November,3-Tuesday,15:25,1500 Hours,District 1 (Central),URBANDALE,POLK,,MEREDITH DR & 112TH ST,Collision with:  Vehicle in traffic,On Roadway,Broadside (front to side),Other (explain in narrative):  Other,None Indicated,,Daylight,Dry,Clear,None apparent,Non-intersection:  Driveway access (within),Paved,,Possible/Unknown,0,1,0,0,1,0,7000,2,2,,POINT (-93.7715965793 41.643957655511)
2014828450,20140034354,11/18/2014,11-November,3-Tuesday,17:50,1700 Hours,District 1 (Central),DES MOINES,POLK,I-235,I-235 & 9TH ST,Collision with:  Vehicle in traffic,On Roadway,Rear-end (front to rear),Driving too fast for conditions,None Indicated,,Dark - roadway lighted,Dry,Clear,None apparent,Non-intersection:  Non-junction/no special feature,Paved,,Property Damage Only,0,0,0,0,0,0,10000,2,2,,POINT (-93.629303173473 41.595843615382)
2014828750,20140034329,11/18/2014,11-November,3-Tuesday,14:21,1400 Hours,District 1 (Central),DES MOINES,POLK,US 6,US 6/FREDERICK M HUBBELL AVE & E DOUGLAS AVE,Collision with:  Vehicle in traffic,On Roadway,"Angle, oncoming left turn",FTYROW:  From stop sign,Alcohol (Statutory),,Daylight,Wet,Clear,None apparent,Intersection:  Four-way intersection,Paved,,Property Damage Only,0,0,0,0,0,0,3500,2,2,,POINT (-93.54366138283 41.629580220238)
2014828478,14-001716,11/18/2014,11-November,3-Tuesday,15:56,1500 Hours,District 1 (Central),AMES,STORY,,MORTENSON RD & STATE AVE,Collision with:  Vehicle in traffic,On Roadway,Broadside (front to side),Ran Stop Sign,None Indicated,,Daylight,Dry,Clear,None apparent,Intersection:  Four-way intersection,Paved,,Minor Injury,0,2,0,1,1,0,10000,2,2,,POINT (-93.658954327834 42.011886753909)
2014828764,14-114076,11/18/2014,11-November,3-Tuesday,17:20,1700 Hours,District 2 (Northeast),,BLACK HAWK,IA 281,IA 281/N CANFIELD RD,Collision with:  Vehicle in traffic,On Roadway,Rear-end (front to rear),Other (explain in narrative):  Other,None Indicated,,Dark - roadway not lighted,Dry,Cloudy,None apparent,Non-intersection:  Non-junction/no special feature,Paved,,Property Damage Only,0,0,0,0,0,0,2800,2,2,,POINT (-92.16041455278 42.614223286891)
2014829185,C201417309,11/18/2014,11-November,3-Tuesday,14:30,1400 Hours,District 6 (East Central),CEDAR RAPIDS,LINN,,4TH AVE SE & 3RD ST SE,Collision with:  Vehicle in traffic,On Roadway,Broadside (front to side),Ran Stop Sign,None Indicated,,Daylight,Dry,Cloudy,None apparent,Intersection:  Four-way intersection,Paved,,Property Damage Only,0,0,0,0,0,0,9000,3,4,,POINT (-91.664972698825 41.976806435698)
2014830005,14-049560,11/19/2014,11-November,4-Wednesday,16:00,1600 Hours,District 4 (Southwest),COUNCIL BLUFFS,POTTAWATTAMIE,,AVE B,Collision with:  Vehicle in traffic,On Roadway,Broadside (front to side),FTYROW:  From driveway,None Indicated,,Daylight,Unknown,Unknown,None apparent,Non-intersection:  Driveway access (within),Paved,,Property Damage Only,0,0,0,0,0,0,2082,2,3,,POINT (-95.891484004367 41.263702307363)
2014830660,2014-25020,11/19/2014,11-November,4-Wednesday,17:00,1700 Hours,District 5 (Southeast),INDIANOLA,WARREN,,N C ST,Collision with:  Parked motor vehicle,On Roadway,Unknown,Improper Backing,None Indicated,,Daylight,Dry,Clear,None apparent,Non-intersection:  Non-junction/no special feature,Paved,,Property Damage Only,0,0,0,0,0,0,1500,2,1,,POINT (-93.565034944553 41.36954157923)
2014828726,1411198112,11/19/2014,11-November,4-Wednesday,17:55,1700 Hours,District 6 (East Central),,CLINTON,,Co Rd Z50/432 AVE,Collision with:  Animal,,,Animal,None Indicated,,,,,,,Paved,,Property Damage Only,0,0,0,0,0,0,4500,1,1,,POINT (-90.25230694733 41.94800252445)
2014829540,2014064739,11/19/2014,11-November,4-Wednesday,10:56,1000 Hours,District 6 (East Central),DAVENPORT,SCOTT,,NORTHWEST BLVD,Collision with:  Vehicle in traffic,On Roadway,"Sideswipe, same direction",Ran Traffic Signal,None Indicated,,Daylight,Dry,Cloudy,None apparent,Intersection:  Four-way intersection,Paved,,Property Damage Only,0,0,0,0,0,0,7000,2,2,,POINT (-90.580931699625 41.56320293258)
2014829423,2014064800,11/19/2014,11-November,4-Wednesday,15:55,1500 Hours,District 1 (Central),,TAMA,US 63,US 63 & 155TH ST,Collision with:  Vehicle in traffic,On Roadway,Rear-end (front to rear),Followed too close,None Indicated,,Daylight,Dry,Cloudy,None apparent,Intersection:  Four-way intersection,Paved,,Property Damage Only,0,0,0,0,0,0,4000,2,2,,POINT (-92.465813792709 42.217675029142)
2014829050,2014-24977,11/19/2014,11-November,4-Wednesday,19:36,1900 Hours,District 5 (Southeast),,WARREN,,100TH AVE,Collision with fixed object:  Ditch,On Roadway,Non-collision (single vehicle),Ran off road - left,None Indicated,,Dark - roadway not lighted,"Mud, dirt",Clear,None apparent,Non-intersection:  Non-junction/no special feature,Unpaved,,Major Injury,0,2,2,0,0,0,5000,1,2,,POINT (-93.612222025248 41.455286063779)
2014829437,14-22602,11/19/2014,11-November,4-Wednesday,17:23,1700 Hours,District 6 (East Central),BETTENDORF,SCOTT,,SUMMIT HILLS DR & SPRUCE HILLS DR,Collision with:  Vehicle in traffic,On Roadway,Rear-end (front to rear),Driver Distraction:  Manual operation of an electronic communication device,None Indicated,,Dark - roadway lighted,Dry,Cloudy,None apparent,Intersection:  T-intersection,Paved,,Property Damage Only,0,0,0,0,0,0,7800,2,3,,POINT (-90.515256720154 41.553407765307)
2014829772,,11/19/2014,11-November,4-Wednesday,12:54,1200 Hours,District 5 (Southeast),,LUCAS,US 65,US 65,Collision with:  Vehicle in traffic,On Roadway,"Sideswipe, opposite direction",Unknown,None Indicated,,Daylight,Dry,Clear,None apparent,Non-intersection:  Non-junction/no special feature,Paved,,Property Damage Only,0,0,0,0,0,0,2100,2,2,,POINT (-93.471342285539 40.924285306013)
2014828882,111914-195,11/19/2014,11-November,4-Wednesday,21:09,2100 Hours,District 3 (Northwest),STORM LAKE,BUENA VISTA,,NORTH GEISINGER RD,Collision with fixed object:  Ditch,On Roadway,Non-collision (single vehicle),Lost Control,None Indicated,,Dark - roadway lighted,Dry,Clear,None apparent,Non-intersection:  Non-junction/no special feature,Unpaved,,Property Damage Only,0,0,0,0,0,0,2000,1,1,,POINT (-95.186095863347 42.651298288371)
2014831102,14-016559,11/19/2014,11-November,4-Wednesday,18:15,1800 Hours,District 2 (Northeast),FAYETTE,FAYETTE,IA 150,IA 150/K AVE,Collision with:  Animal,,,Animal,None Indicated,,,,,,,Paved,,Property Damage Only,0,0,0,0,0,0,1500,1,1,,POINT (-91.809656038353 42.83992402466)
2014829420,2014064664,11/19/2014,11-November,4-Wednesday,01:55,0100 Hours,District 5 (Southeast),,WARREN,I-35,I-35,Non-collision events:  Overturn/rollover,Gore,Non-collision (single vehicle),Ran off road - right,None Indicated,,Dark - roadway not lighted,Dry,Clear,None apparent,Non-intersection:  Non-junction/no special feature,Paved,,Possible/Unknown,0,1,0,0,1,0,5000,1,2,,POINT (-93.779815816547 41.455875343904)
2014828760,148933,11/19/2014,11-November,4-Wednesday,14:35,1400 Hours,District 4 (Southwest),,DALLAS,,Co Rd F60/OLD HWY 6 & K AVE,Collision with:  Animal,,,Animal,None Indicated,,,,,,,Paved,,Property Damage Only,0,0,0,0,0,0,2500,1,1,,POINT (-94.085111978862 41.600461275528)
2014832245,146163,11/19/2014,11-November,4-Wednesday,07:01,0700 Hours,District 1 (Central),IOWA FALLS,HARDIN,US 65,US 65/OAK ST & PARK AVE,Collision with:  Vehicle in traffic,On Roadway,Rear-end (front to rear),Lost Control,None Indicated,,Daylight,Wet,Cloudy,None apparent,Non-intersection:  Non-junction/no special feature,Paved,,Property Damage Only,0,0,0,0,0,0,2100,2,2,,POINT (-93.262992312527 42.517619197165)
2014829130,SO14002740,11/19/2014,11-November,4-Wednesday,18:30,1800 Hours,District 3 (Northwest),MERRILL,PLYMOUTH,US 75,US 75 & KESTREL AVE,Collision with:  Animal,,,Animal,None Indicated,,,,,,,Paved,,Property Damage Only,0,0,0,0,0,0,5000,1,1,,POINT (-96.233145172856 42.729201048748)
2014830051,,11/19/2014,11-November,4-Wednesday,16:00,1600 Hours,District 6 (East Central),CEDAR RAPIDS,LINN,,2ND AVE SW & L ST SW,Collision with:  Vehicle in traffic,On Roadway,Broadside (front to side),Unknown,None Indicated,,Daylight,Dry,Cloudy,,Intersection:  Four-way intersection,Paved,,Minor Injury,0,2,0,2,0,0,31000,2,2,,POINT (-91.676433168783 41.97418318371)
2014829035,14-1426,11/19/2014,11-November,4-Wednesday,19:26,1900 Hours,District 4 (Southwest),CLIVE,DALLAS,US 6,US 6/HICKMAN AVE,Non-collision events:  Other non-collision (explain in narrative),On Roadway,"Sideswipe, same direction",Swerving/Evasive Action,None Indicated,,Dark - roadway lighted,Dry,Cloudy,None apparent,Non-intersection:  Crossover-related,Paved,,Possible/Unknown,0,1,0,0,1,0,9000,2,2,,POINT (-93.815131115777 41.614888356096)
2014828928,2014064691,11/19/2014,11-November,4-Wednesday,07:42,0700 Hours,District 2 (Northeast),,WINNESHIEK,IA 150,IA 150/IOWA 150 & Co Rd B32/CO RD B32 & 123RD ST,Collision with:  Vehicle in traffic,On Roadway,Broadside (front to side),Ran Stop Sign,None Indicated,,Daylight,Wet,Snow,None apparent,Intersection:  Four-way intersection,Paved,,Property Damage Only,0,0,0,0,0,0,14000,2,2,,POINT (-91.86992600873 43.118942258799)
2014829178,201417352,11/19/2014,11-November,4-Wednesday,16:53,1600 Hours,District 6 (East Central),CEDAR RAPIDS,LINN,I-380,I-380 & 7TH ST NE,Collision with:  Vehicle in traffic,On Roadway,"Sideswipe, same direction",FTYROW:  Making left turn,None Indicated,,Dark - roadway lighted,Dry,Clear,None apparent,Non-intersection:  Other non-intersection (explain in narrative),Paved,,Property Damage Only,0,0,0,0,0,0,5000,2,2,,POINT (-91.664548178512 41.983259112932)
2014828790,14-30686,11/19/2014,11-November,4-Wednesday,21:35,2100 Hours,District 1 (Central),BAXTER,JASPER,IA 14,IA 14/IOWA 14 N,Collision with:  Animal,On Roadway,Non-collision (single vehicle),Animal,None Indicated,,Dark - roadway not lighted,Dry,Clear,None apparent,Non-intersection:  Non-junction/no special feature,Paved,,Property Damage Only,0,0,0,0,0,0,7500,1,1,,POINT (-92.922455858984 41.830860108957)
2014830558,14-005473,11/19/2014,11-November,4-Wednesday,11:11,1100 Hours,District 1 (Central),AMES,STORY,US 69,US 69/S DUFF AVE,Collision with:  Vehicle in traffic,On Roadway,Rear-end (front to rear),Other (explain in narrative):  Other,None Indicated,,Daylight,Dry,Cloudy,None apparent,Intersection:  Four-way intersection,Paved,,Property Damage Only,0,0,0,0,0,0,7000,3,3,,POINT (-93.610080252246 42.008212031144)
2014829543,14-035604,11/19/2014,11-November,4-Wednesday,11:30,1100 Hours,District 5 (Southeast),MONTROSE,LEE,,BELFAST RD,Collision with:  Animal,,,Animal,None Indicated,,,,,,,Unpaved,,Property Damage Only,0,0,0,0,0,0,15000,1,1,,POINT (-91.604744990499 40.532559449169)
2014828723,17527-14,11/19/2014,11-November,4-Wednesday,17:26,1700 Hours,District 3 (Northwest),SPENCER,CLAY,,W 13TH ST & 1ST AVE W,Collision with:  Vehicle in traffic,On Roadway,Broadside (front to side),Driving too fast for conditions,None Indicated,,Dark - roadway lighted,Snow,Cloudy,"Surface condition (e.g., wet, icy)",Intersection:  Four-way intersection,Paved,,Property Damage Only,0,0,0,0,0,0,7500,2,4,,POINT (-95.1467940307 43.150735246401)
2014828845,2014012916,11/19/2014,11-November,4-Wednesday,07:54,0700 Hours,District 6 (East Central),IOWA CITY,JOHNSON,,MAGGARD ST,Collision with:  Parked motor vehicle,On Roadway,"Sideswipe, same direction",Other (explain in narrative):  Other,None Indicated,,Daylight,Dry,Cloudy,None apparent,Non-intersection:  Non-junction/no special feature,Paved,,Property Damage Only,0,0,0,0,0,0,3000,2,1,,POINT (-91.517199414041 41.651195522755)
2014828867,14-005014,11/19/2014,11-November,4-Wednesday,10:05,1000 Hours,District 1 (Central),ANKENY,POLK,,SW PRAIRIE TRAIL PKWY,Collision with:  Vehicle in traffic,On Roadway,"Sideswipe, same direction",Lost Control,None Indicated,,Daylight,Ice/frost,"Blowing sand, soil, dirt","Surface condition (e.g., wet, icy)",Non-intersection:  Non-junction/no special feature,Paved,,Property Damage Only,0,0,0,0,0,0,2600,2,1,,POINT (-93.616193408915 41.711053042284)
2014829073,2014039816,11/19/2014,11-November,4-Wednesday,11:41,1100 Hours,District 6 (East Central),DUBUQUE,DUBUQUE,,MAIN ST,Collision with:  Vehicle in traffic,On Roadway,Unknown,FTYROW:  From parked position,None Indicated,,Daylight,Dry,Cloudy,None apparent,Non-intersection:  Non-junction/no special feature,Paved,,Property Damage Only,0,0,0,0,0,0,1500,2,3,,POINT (-90.667761767195 42.501865513503)
2014829571,14-151119-02,11/19/2014,11-November,4-Wednesday,19:20,1900 Hours,District 6 (East Central),,IOWA,,Co Rd F15/F15 BLVD,Collision with:  Animal,,,Animal,None Indicated,,,,,,,Paved,,Property Damage Only,0,0,0,0,0,0,6500,1,1,,POINT (-92.05599323878 41.823062092253)
2014829847,2014-8445,11/19/2014,11-November,4-Wednesday,07:31,0700 Hours,District 3 (Northwest),EMMETSBURG,PALO ALTO,,KING ST,Collision with:  Vehicle in traffic,On Roadway,Rear-end (front to rear),Lost Control,None Indicated,,Daylight,Snow,Cloudy,None apparent,Intersection:  T-intersection,Paved,,Property Damage Only,0,0,0,0,0,0,2500,2,2,,POINT (-94.691389120686 43.112011649359)
2014829450,14-244,11/19/2014,11-November,4-Wednesday,13:18,1300 Hours,District 2 (Northeast),WAVERLY,BREMER,IA 116,IA 116/4TH ST SW & OAK RIDGE DR & TECHNOLOGY PL,Collision with:  Vehicle in traffic,On Roadway,Broadside (front to side),Unknown,None Indicated,,Daylight,Dry,Cloudy,None apparent,Intersection:  Four-way intersection,Paved,,Property Damage Only,0,0,0,0,0,0,10000,2,2,,POINT (-92.475663808278 42.707488588167)
2014828725,1411198111,11/19/2014,11-November,4-Wednesday,14:20,1400 Hours,District 6 (East Central),,CLINTON,,Co Rd E50/140 ST & 410 AVE,Collision with:  Vehicle in traffic,On Roadway,Broadside (front to side),FTYROW:  From stop sign,None Indicated,,Daylight,Dry,Clear,None apparent,Intersection:  Four-way intersection,Paved,,Possible/Unknown,0,2,0,0,2,0,3500,2,3,,POINT (-90.296375884899 41.975354986058)
2014829180,201417366,11/19/2014,11-November,4-Wednesday,22:15,2200 Hours,District 6 (East Central),CEDAR RAPIDS,LINN,IA 922,IA 922/1ST AVE E & 34TH ST DR SE,Collision with:  Vehicle in traffic,On Roadway,"Sideswipe, same direction",Improper or erratic lane changing,None Indicated,,Dark - roadway lighted,Dry,Cloudy,None apparent,Non-intersection:  Non-junction/no special feature,Paved,,Property Damage Only,0,0,0,0,0,0,3000,2,2,,POINT (-91.635040659195 42.012326906355)
2014828724,1411192621,11/19/2014,11-November,4-Wednesday,17:20,1700 Hours,District 6 (East Central),,CLINTON,,292 ST,Collision with fixed object:  Ditch,Shoulder,Non-collision (single vehicle),Ran off road - right,None Indicated,,Dark - roadway not lighted,Dry,Clear,None apparent,Non-intersection:  Non-junction/no special feature,Paved,,Property Damage Only,0,0,0,0,0,0,4000,1,1,,POINT (-90.368802012975 41.750074053986)
2014850927,14009333,11/19/2014,11-November,4-Wednesday,06:41,0600 Hours,District 5 (Southeast),,LOUISA,US 61,US 61,Collision with:  Animal,On Roadway,Non-collision (single vehicle),Animal,None Indicated,,Dark - unknown roadway lighting,Dry,Cloudy,None apparent,Non-intersection:  Non-junction/no special feature,Paved,,Property Damage Only,0,0,0,0,0,0,2000,1,1,,POINT (-91.18327221652 41.088313779977)
2014828493,14022497,11/19/2014,11-November,4-Wednesday,06:45,0600 Hours,District 2 (Northeast),,BREMER,US 218,US 218,Collision with:  Animal,,Non-collision (single vehicle),Animal,None Indicated,,,,,,,Paved,,Property Damage Only,0,0,0,0,0,0,4500,1,1,,POINT (-92.544612462713 42.865125908192)
2014854625,14680885,11/19/2014,11-November,4-Wednesday,18:47,1800 Hours,District 5 (Southeast),,MONROE,IA 5,IA 5/IOWA 5 & 615TH TRL,Collision with:  Animal,,,Animal,None Indicated,,,,,,,Paved,,Property Damage Only,0,0,0,0,0,0,4500,1,1,,POINT (-92.881256470181 41.096064372978)
2014828913,2014-80172,11/19/2014,11-November,4-Wednesday,17:40,1700 Hours,District 6 (East Central),DAVENPORT,SCOTT,I-74,I-74 & E 53RD ST,Collision with:  Vehicle in traffic,On Roadway,Rear-end (front to rear),Followed too close,None Indicated,,Dark - roadway lighted,Dry,Clear,None apparent,Non-intersection:  Non-junction/no special feature,Paved,,Possible/Unknown,0,1,0,0,1,0,2000,2,2,,POINT (-90.520251225371 41.574860648392)