Iowa DOT Case Number,Law Enforcement Case Number,Date of Crash,Month of Crash,Day of Week,Time of Crash,Hour,DOT District,City Name,County Name,Route with System,Location Description,First Harmful Event,Location of First Harmful Event,Manner of Crash/Collision,Major Cause,Drug or Alcohol ,Environmental Conditions,Light Conditions,Surface Conditions,Weather Conditions,Roadway Contribution,Roadway Type,Roadway Surface,Work Zone,Crash Severity,Number of Fatalities,Number of Injuries,Number of Major Injuries,Number of Minor Injuries,Number of Possible Injuries,Number of Unknown Injuries,Amount of Property Damage,Number of Vehicles Involved,Total Number of Occupants,Travel Direction,Location
2014829378,2014-80160,11/19/2014,11-November,4-Wednesday,15:00,1500 Hours,District 6 (East Central),DAVENPORT,SCOTT,,IA 461/BRADY ST & E 12TH ST,Collision with:  Vehicle in traffic,On Roadway,Rear-end (front to rear),Improper Backing,None Indicated,,Daylight,Dry,Clear,None apparent,Non-intersection:  Non-junction/no special feature,Paved,,Property Damage Only,0,0,0,0,0,0,1500,2,2,,POINT (-90.574039835634 41.532021611789)
2014828544,2014-24928,11/19/2014,11-November,4-Wednesday,00:02,0000 Hours,District 5 (Southeast),,WARREN,US 69,US 69,Collision with fixed object:  Ditch,On Roadway,Non-collision (single vehicle),Ran off road - left,None Indicated,,Dark - roadway not lighted,Dry,Clear,None apparent,Non-intersection:  Non-junction/no special feature,Paved,,Minor Injury,0,1,0,1,0,0,4000,1,1,,POINT (-93.580602825727 41.253679240407)
2014829421,2014064669,11/19/2014,11-November,4-Wednesday,05:43,0500 Hours,District 5 (Southeast),,WARREN,I-35,I-35,Collision with:  Animal,,,Animal,None Indicated,,,,,,,Paved,,Property Damage Only,0,0,0,0,0,0,7000,1,1,,POINT (-93.780124870108 41.471672240501)
2014828755,14-38214,11/19/2014,11-November,4-Wednesday,13:34,1300 Hours,District 3 (Northwest),SIOUX CITY,WOODBURY,,NEBRASKA ST,Collision with:  Vehicle in traffic,On Roadway,Broadside (front to side),Ran Stop Sign,None Indicated,,Daylight,Dry,Clear,None apparent,Intersection:  Four-way intersection,Paved,,Property Damage Only,0,0,0,0,0,0,4000,2,2,,POINT (-96.403555117869 42.503930693787)
2014828770,14-1420,11/19/2014,11-November,4-Wednesday,09:50,0900 Hours,District 1 (Central),CLIVE,POLK,,BUFFALO RD,Collision with:  Vehicle in traffic,Unknown,Rear-end (front to rear),Unknown,None Indicated,,Daylight,Dry,Cloudy,None apparent,Non-intersection:  Driveway access (within),Paved,,Property Damage Only,0,0,0,0,0,0,1800,2,3,,POINT (-93.719363992145 41.597675258169)
2014829064,2014-013902,11/20/2014,11-November,5-Thursday,17:24,1700 Hours,District 6 (East Central),,DUBUQUE,US 52,US 52 & US 61 & BELLEVUE RD,Collision with:  Vehicle in traffic,On Roadway,Rear-end (front to rear),Followed too close,None Indicated,,Dark - roadway lighted,Dry,Clear,None apparent,Non-intersection:  Non-junction/no special feature,Paved,,Property Damage Only,0,0,0,0,0,0,4000,2,3,,POINT (-90.673012861396 42.459377495001)
2014829040,14-049079,11/20/2014,11-November,5-Thursday,20:05,2000 Hours,District 4 (Southwest),COUNCIL BLUFFS,POTTAWATTAMIE,,BLOOMER ST & S 1ST ST,Collision with:  Vehicle in traffic,On Roadway,Rear-end (front to rear),Other (explain in narrative):  Other,Alcohol (Statutory),,Dark - roadway lighted,Dry,Clear,None apparent,Non-intersection:  Non-junction/no special feature,Paved,,Possible/Unknown,0,1,0,0,1,0,3000,2,4,,POINT (-95.841302126691 41.260620626122)
2014828890,14-5870,11/20/2014,11-November,5-Thursday,08:02,0800 Hours,District 1 (Central),WEST DES MOINES,POLK,I-35,I-35,Collision with:  Vehicle in traffic,On Roadway,Rear-end (front to rear),Followed too close,None Indicated,,Daylight,Dry,Clear,None apparent,Non-intersection:  Non-junction/no special feature,Paved,,Property Damage Only,0,0,0,0,0,0,6000,2,2,,POINT (-93.776334770238 41.550430996034)
2014829030,14-5883,11/20/2014,11-November,5-Thursday,16:03,1600 Hours,District 1 (Central),WEST DES MOINES,POLK,,E P TRUE PKWY & 50TH ST,Collision with:  Vehicle in traffic,On Roadway,Rear-end (front to rear),Followed too close,None Indicated,,Dusk,Dry,Clear,None apparent,Intersection:  Four-way intersection,Paved,,Property Damage Only,0,0,0,0,0,0,6500,2,2,,POINT (-93.770927519736 41.571661456644)
2014829350,14-38311,11/20/2014,11-November,5-Thursday,13:02,1300 Hours,District 3 (Northwest),SIOUX CITY,WOODBURY,I-29,I-29,Collision with:  Vehicle in traffic,On Roadway,Rear-end (front to rear),Other (explain in narrative):  Other,None Indicated,,Daylight,Dry,Clear,Work Zone (roadway-related),Non-intersection:  Other non-intersection (explain in narrative),Paved,Yes,Property Damage Only,0,0,0,0,0,0,2500,2,4,,POINT (-96.394104884379 42.486049227894)
2014829716,14-009979,11/20/2014,11-November,5-Thursday,01:45,0100 Hours,District 6 (East Central),MANCHESTER,DELAWARE,IA 13,IA 13/IOWA 13,Non-collision events:  Other non-collision (explain in narrative),Median,Non-collision (single vehicle),Ran off road - straight,Refused,,Dark - roadway lighted,Dry,Clear,None apparent,Intersection:  Y-intersection,Paved,,Minor Injury,0,1,0,1,0,0,5500,1,1,,POINT (-91.459003783282 42.505974495138)
2014829027,2014012945,11/20/2014,11-November,5-Thursday,17:15,1700 Hours,District 6 (East Central),IOWA CITY,JOHNSON,,E WASHINGTON ST & S GILBERT ST,Collision with:  Vehicle in traffic,On Roadway,Rear-end (front to rear),Followed too close,None Indicated,,Dark - roadway lighted,Dry,Cloudy,None apparent,Intersection:  Four-way intersection,Paved,,Property Damage Only,0,0,0,0,0,0,3000,2,2,,POINT (-91.530159942244 41.660044630866)
2014831480,2014065047,11/20/2014,11-November,5-Thursday,22:50,2200 Hours,District 1 (Central),URBANDALE,POLK,I-35,I-35,Collision with:  Animal,,,Animal,None Indicated,,,,,,,Paved,,Property Damage Only,0,0,0,0,0,0,10000,1,1,,POINT (-93.752462292126 41.651722554935)
2014829547,14-35722,11/20/2014,11-November,5-Thursday,16:53,1600 Hours,District 5 (Southeast),FORT MADISON,LEE,,BUS US 61 & Old US 61,Collision with:  Vehicle in traffic,On Roadway,Rear-end (front to rear),Followed too close,None Indicated,,Dusk,Dry,Clear,None apparent,Non-intersection:  Non-junction/no special feature,Paved,,Property Damage Only,0,0,0,0,0,0,5000,2,3,,POINT (-91.271519687314 40.666258526928)
2014828749,20140034510,11/20/2014,11-November,5-Thursday,12:15,1200 Hours,District 1 (Central),DES MOINES,POLK,US 6,US 6/E EUCLID AVE,Collision with:  Vehicle in traffic,On Roadway,"Sideswipe, same direction",FTYROW:  From driveway,None Indicated,,Daylight,Dry,Clear,None apparent,Non-intersection:  Driveway access (within),Paved,,Property Damage Only,0,0,0,0,0,0,8000,2,3,,POINT (-93.563261593736 41.627693419325)
2014829053,14-2596,11/20/2014,11-November,5-Thursday,07:50,0700 Hours,District 1 (Central),URBANDALE,POLK,IA 28,IA 28/MERLE HAY RD,Collision with:  Vehicle in traffic,On Roadway,"Angle, oncoming left turn",Ran Traffic Signal,None Indicated,,Daylight,Dry,Clear,None apparent,Intersection:  Four-way intersection,Paved,,Property Damage Only,0,0,0,0,0,0,9000,2,2,,POINT (-93.697700183136 41.643979598984)
2014839053,2014065008,11/20/2014,11-November,5-Thursday,17:35,1700 Hours,District 6 (East Central),DAVENPORT,SCOTT,I-74,I-74 & E 53RD ST,Collision with:  Vehicle in traffic,On Roadway,Rear-end (front to rear),Driving too fast for conditions,None Indicated,,Dark - roadway lighted,Dry,Clear,None apparent,Non-intersection:  Other non-intersection (explain in narrative),Paved,,Minor Injury,0,1,0,1,0,0,12000,3,3,,POINT (-90.522159429303 41.574829761048)
2014829599,14-001381,11/20/2014,11-November,5-Thursday,13:50,1300 Hours,District 1 (Central),,STORY,,310TH ST,Collision with:  Vehicle in traffic,On Roadway,"Sideswipe, same direction",FTYROW:  Other (explain in narrative),None Indicated,,Daylight,Dry,Cloudy,None apparent,Non-intersection:  Driveway access (within),Unpaved,,Property Damage Only,0,0,0,0,0,0,4000,2,3,,POINT (-93.351584774995 41.906546215366)
2014829383,2014-80326,11/20/2014,11-November,5-Thursday,13:09,1300 Hours,District 6 (East Central),DAVENPORT,SCOTT,,E RIVER ST,Collision with:  Vehicle in traffic,On Roadway,"Sideswipe, same direction","Operating vehicle in an reckless, erratic, careless, negligent manner",None Indicated,,Daylight,Dry,Clear,None apparent,Non-intersection:  Non-junction/no special feature,Paved,,Property Damage Only,0,0,0,0,0,0,5000,2,3,,POINT (-90.539120827541 41.529279826823)
2014836101,14-07871,11/20/2014,11-November,5-Thursday,20:20,2000 Hours,District 2 (Northeast),OELWEIN,FAYETTE,,5TH ST NE,Collision with:  Vehicle in traffic,On Roadway,Broadside (front to side),FTYROW:  At uncontrolled intersection,None Indicated,,Dark - roadway not lighted,Ice/frost,Clear,None apparent,Non-intersection:  Alley,Paved,,Possible/Unknown,0,1,0,0,0,1,2000,2,2,,POINT (-91.911209349767 42.684278029353)
2014828974,1411202621,11/20/2014,11-November,5-Thursday,15:45,1500 Hours,District 6 (East Central),DE WITT,CLINTON,,250 ST & 300 AVE,Collision with fixed object:  Ditch,On Roadway,Non-collision (single vehicle),Ran off road - left,None Indicated,,Daylight,Dry,Clear,None apparent,Non-intersection:  Non-junction/no special feature,Unpaved,,Property Damage Only,0,0,0,0,0,0,5000,1,3,,POINT (-90.511999080994 41.815119624478)
2014829478,14-2601,11/20/2014,11-November,5-Thursday,14:24,1400 Hours,District 1 (Central),URBANDALE,POLK,,AURORA AVE & 74TH ST,Collision with:  Vehicle in traffic,On Roadway,Broadside (front to side),FTYROW:  From stop sign,None Indicated,,Daylight,Dry,Clear,None apparent,Intersection:  Four-way intersection,Paved,,Property Damage Only,0,0,0,0,0,0,11000,2,2,,POINT (-93.720216591715 41.636571951237)
2014829651,14-9238PD,11/20/2014,11-November,5-Thursday,15:35,1500 Hours,District 1 (Central),BOONE,BOONE,,W 1ST ST & S MAIN ST,Collision with:  Vehicle in traffic,On Roadway,Broadside (front to side),FTYROW:  At uncontrolled intersection,None Indicated,,Dusk,Snow,Clear,"Surface condition (e.g., wet, icy)",Non-intersection:  Non-junction/no special feature,Paved,,Property Damage Only,0,0,0,0,0,0,4000,2,4,,POINT (-93.906838578592 42.057408077528)
2014829916,201404278,11/20/2014,11-November,5-Thursday,22:30,2200 Hours,District 6 (East Central),,LINN,,WHITTIER RD,Collision with fixed object:  Utility pole/light support,Roadside,Non-collision (single vehicle),Ran off road - right,None Indicated,,Dark - roadway not lighted,"Mud, dirt",Cloudy,None apparent,Non-intersection:  Non-junction/no special feature,Unpaved,,Possible/Unknown,0,1,0,0,1,0,6500,1,1,,POINT (-91.462972291171 42.085506755821)
2014829119,2014064859,11/20/2014,11-November,5-Thursday,06:12,0600 Hours,District 5 (Southeast),NEW LONDON,HENRY,US 34,US 34,Collision with:  Animal,,Non-collision (single vehicle),Animal,None Indicated,,,,,,,Paved,,Property Damage Only,0,0,0,0,0,0,27000,1,1,,POINT (-91.411755401215 40.911887008318)
2014829051,14-0661,11/20/2014,11-November,5-Thursday,18:15,1800 Hours,District 1 (Central),FORT DODGE,WEBSTER,US 169,US 169,Collision with:  Animal,,,Animal,None Indicated,,,,,,,Paved,,Property Damage Only,0,0,0,0,0,0,3000,1,1,,POINT (-94.227690922175 42.584092112098)
2014830011,14-17568,11/20/2014,11-November,5-Thursday,19:25,1900 Hours,District 3 (Northwest),SPENCER,CLAY,,W 18TH ST,Collision with:  Animal,,,Animal,None Indicated,,,,,,,Paved,,Property Damage Only,0,0,0,0,0,0,4500,1,1,,POINT (-95.160000624572 43.155574081427)
2014830183,14020225,11/20/2014,11-November,5-Thursday,07:23,0700 Hours,District 2 (Northeast),MASON CITY,CERRO GORDO,IA 122,IA 122/4TH ST SE,Collision with:  Animal,On Roadway,Non-collision (single vehicle),Animal,None Indicated,,Daylight,Dry,Clear,None apparent,Non-intersection:  Non-junction/no special feature,Paved,,Property Damage Only,0,0,0,0,0,0,2000,1,1,,POINT (-93.137506786448 43.148078043734)
2014829658,14008057,11/20/2014,11-November,5-Thursday,17:41,1700 Hours,District 1 (Central),,HAMILTON,IA 17,IA 17/BRIGGS WOOD RD & 280TH ST,Collision with:  Animal,,,Animal,None Indicated,,,,,,,Paved,,Property Damage Only,0,0,0,0,0,0,3000,1,1,,POINT (-93.795348821663 42.387457665019)
2014829683,201400004264,11/20/2014,11-November,5-Thursday,04:33,0400 Hours,District 6 (East Central),,LINN,I-380,I-380,Collision with:  Animal,,,Animal,None Indicated,,,,,,,Paved,,Property Damage Only,0,0,0,0,0,0,5000,1,1,,POINT (-91.82725018798 42.199540465626)
2014829001,20140034539,11/20/2014,11-November,5-Thursday,16:53,1600 Hours,District 1 (Central),DES MOINES,POLK,,WOODLAND AVE,Collision with:  Vehicle in traffic,On Roadway,Rear-end (front to rear),Followed too close,None Indicated,,Dusk,Dry,Clear,None apparent,Non-intersection:  Non-junction/no special feature,Paved,,Possible/Unknown,0,1,0,0,1,0,3000,2,2,,POINT (-93.653942281754 41.588031939219)
2014829043,2014012944,11/20/2014,11-November,5-Thursday,17:18,1700 Hours,District 6 (East Central),IOWA CITY,JOHNSON,US 218,US 218,Collision with:  Animal,On Roadway,Non-collision (single vehicle),Animal,None Indicated,,Dark - roadway not lighted,Dry,Cloudy,None apparent,Non-intersection:  Non-junction/no special feature,Paved,,Property Damage Only,0,0,0,0,0,0,3500,1,1,,POINT (-91.605767502362 41.662779174156)
2014829131,14-5868,11/20/2014,11-November,5-Thursday,07:40,0700 Hours,District 1 (Central),WEST DES MOINES,POLK,I-35,I-35,Collision with:  Vehicle in traffic,On Roadway,Rear-end (front to rear),Followed too close,None Indicated,,Daylight,Dry,Clear,None apparent,Non-intersection:  Non-junction/no special feature,Paved,,Property Damage Only,0,0,0,0,0,0,7500,3,4,,POINT (-93.776916728748 41.600011897673)
2014829199,14-0426,11/20/2014,11-November,5-Thursday,15:30,1500 Hours,District 5 (Southeast),LAMONI,DECATUR,IA 2,IA 2/IOWA 2 & Co Rd R18/ELK CHAPEL RD,Collision with:  Vehicle in traffic,On Roadway,"Sideswipe, same direction",FTYROW:  Other (explain in narrative),None Indicated,,Daylight,Dry,Clear,None apparent,Intersection:  T-intersection,Paved,,Property Damage Only,0,0,0,0,0,0,2000,2,2,,POINT (-93.938570525912 40.730830592882)
2014829182,201417396,11/20/2014,11-November,5-Thursday,15:35,1500 Hours,District 6 (East Central),CEDAR RAPIDS,LINN,,BLAIRS FERRY RD NE & C AVE NE,Collision with:  Vehicle in traffic,On Roadway,"Sideswipe, same direction",FTYROW:  Making right turn on red signal,None Indicated,,Daylight,Dry,Clear,None apparent,Intersection:  Four-way intersection,Paved,,Property Damage Only,0,0,0,0,0,0,3000,2,2,,POINT (-91.638499489942 42.03473979307)
2014833648,14010383,11/20/2014,11-November,5-Thursday,19:02,1900 Hours,District 6 (East Central),,BUCHANAN,,Co Rd D47/VINCENT AVE/285TH ST,Collision with fixed object:  Ditch,On Roadway,Non-collision (single vehicle),Ran off road - right,Refused,,Dark - roadway not lighted,Dry,Clear,None apparent,Non-intersection:  Non-junction/no special feature,Paved,,Property Damage Only,0,0,0,0,0,0,3500,1,2,,POINT (-91.656623808429 42.377031988525)
2014829621,2014065042,11/20/2014,11-November,5-Thursday,21:58,2100 Hours,District 1 (Central),DES MOINES,POLK,US 69,US 69/JOHNSON CT,Collision with:  Vehicle in traffic,On Roadway,"Sideswipe, opposite direction",Traveling wrong way or on wrong side of road,None Indicated,,Dark - roadway lighted,Dry,Clear,None apparent,Non-intersection:  Non-junction/no special feature,Paved,,Property Damage Only,0,0,0,0,0,0,2000,2,2,,POINT (-93.596850287017 41.597628971001)
2014829447,14114580,11/20/2014,11-November,5-Thursday,16:41,1600 Hours,District 2 (Northeast),CEDAR FALLS,BLACK HAWK,,W 27TH ST & HUDSON RD & UNIVERSITY OF NORTHERN IA,Collision with:  Vehicle in traffic,On Roadway,Rear-end (front to rear),Followed too close,None Indicated,,Dark - roadway lighted,Dry,Clear,None apparent,Non-intersection:  Non-junction/no special feature,Paved,,Property Damage Only,0,0,0,0,0,0,6000,2,2,,POINT (-92.465556732739 42.513135486498)
2014829161,14-015183,11/20/2014,11-November,5-Thursday,15:08,1500 Hours,District 4 (Southwest),GLENWOOD,MILLS,,SHARP ST & S HAZEL ST & N HAZEL ST,Collision with:  Vehicle in traffic,On Roadway,Broadside (front to side),FTYROW:  From stop sign,None Indicated,,Daylight,Dry,Clear,None apparent,Unknown,Paved,,Property Damage Only,0,0,0,0,0,0,2500,2,2,,POINT (-95.746229057998 41.046212726246)
2014831812,,11/20/2014,11-November,5-Thursday,18:45,1800 Hours,District 3 (Northwest),,CHEROKEE,US 59,US 59 & 585TH ST,Collision with:  Animal,On Roadway,Non-collision (single vehicle),Animal,None Indicated,,Dark - roadway not lighted,Dry,Clear,,Non-intersection:  Non-junction/no special feature,Paved,,Property Damage Only,0,0,0,0,0,0,5700,1,1,,POINT (-95.554512346482 42.669893482223)
2014834306,,11/20/2014,11-November,5-Thursday,14:15,1400 Hours,District 5 (Southeast),MUSCATINE,MUSCATINE,,,Collision with:  Parked motor vehicle,On Roadway,Rear-end (front to rear),Unknown,None Indicated,,,,,,,,,Possible/Unknown,0,1,0,0,1,0,1131,2,3,,POINT (-96.643700149993 40.233091251414)
2014831863,1411201734,11/20/2014,11-November,5-Thursday,17:30,1700 Hours,District 6 (East Central),,JONES,IA 64,IA 64/IOWA 64,Collision with:  Animal,,,Animal,None Indicated,,,,,,,Paved,,Property Damage Only,0,0,0,0,0,0,3500,1,1,,POINT (-90.955297630474 42.073916451881)
2014831224,2014-039846,11/20/2014,11-November,5-Thursday,07:33,0700 Hours,District 6 (East Central),DUBUQUE,DUBUQUE,,GRACE ST & DELHI ST & GRANDVIEW AVE N,Collision with:  Vehicle in traffic,On Roadway,Broadside (front to side),Other (explain in narrative):  No improper action,None Indicated,,Daylight,Dry,Clear,None apparent,Intersection:  Five points or more,Paved,,Property Damage Only,0,0,0,0,0,0,8000,2,2,,POINT (-90.687882925844 42.496798249125)
2014829589,1403160,11/20/2014,11-November,5-Thursday,22:22,2200 Hours,District 5 (Southeast),BLOOMFIELD,DAVIS,,WALNUT ST,Collision with:  Parked motor vehicle,On Roadway,Rear-end (front to rear),FTYROW:  Other (explain in narrative),None Indicated,,Dark - roadway not lighted,Dry,Clear,None apparent,Non-intersection:  Non-junction/no special feature,Paved,,Property Damage Only,0,0,0,0,0,0,7000,2,1,,POINT (-92.417193992336 40.749642946937)
2014829044,2014012946,11/20/2014,11-November,5-Thursday,17:42,1700 Hours,District 6 (East Central),IOWA CITY,JOHNSON,IA 1,IA 1/DODGE ST & E COLLEGE ST,Collision with:  Vehicle in traffic,On Roadway,Broadside (front to side),Traveling wrong way or on wrong side of road,None Indicated,,Dark - roadway lighted,Dry,Clear,None apparent,Non-intersection:  Non-junction/no special feature,Paved,,Property Damage Only,0,0,0,0,0,0,4000,2,3,,POINT (-91.525790016712 41.65890783145)
2014829348,14-38285,11/20/2014,11-November,5-Thursday,07:20,0700 Hours,District 3 (Northwest),SIOUX CITY,WOODBURY,,COOK DR & HAMILTON BLVD & W 28TH ST,Collision with:  Vehicle in traffic,On Roadway,"Sideswipe, same direction",FTYROW:  Making right turn on red signal,Alcohol (< Statutory),,Daylight,Dry,Cloudy,None apparent,Non-intersection:  Non-junction/no special feature,Paved,,Property Damage Only,0,0,0,0,0,0,5000,2,2,,POINT (-96.417594231899 42.518801976114)
2014830769,CL14004100,11/20/2014,11-November,5-Thursday,03:55,0300 Hours,District 6 (East Central),CLINTON,CLINTON,US 30,US 30 & DUNN RD,Collision with:  Animal,On Roadway,Non-collision (single vehicle),Animal,None Indicated,,Dark - roadway not lighted,Dry,Clear,None apparent,Non-intersection:  Non-junction/no special feature,Paved,,Property Damage Only,0,0,0,0,0,0,3000,1,1,,POINT (-90.26245553869 41.8153296896)
2014829072,2014012939,11/20/2014,11-November,5-Thursday,12:32,1200 Hours,District 6 (East Central),IOWA CITY,JOHNSON,,E JEFFERSON ST & N DUBUQUE ST,Collision with:  Vehicle in traffic,On Roadway,"Sideswipe, same direction",FTYROW:  Other (explain in narrative),None Indicated,,Daylight,Dry,Clear,None apparent,Non-intersection:  Non-junction/no special feature,Paved,,Property Damage Only,0,0,0,0,0,0,5000,2,3,,POINT (-91.533083529189 41.662468802298)
2014828888,14-3727,11/20/2014,11-November,5-Thursday,07:15,0700 Hours,District 1 (Central),FORT DODGE,WEBSTER,,5TH AVE S,Collision with:  Vehicle in traffic,On Roadway,"Sideswipe, opposite direction",FTYROW:  Making left turn,None Indicated,,Daylight,Dry,Clear,None apparent,Intersection:  Four-way intersection,Paved,,Property Damage Only,0,0,0,0,0,0,4000,2,3,,POINT (-94.177723727276 42.501044279392)
2014829384,2014-80344,11/20/2014,11-November,5-Thursday,14:24,1400 Hours,District 6 (East Central),DAVENPORT,SCOTT,,IA 461/HARRISON ST & W 16TH ST,Collision with:  Vehicle in traffic,On Roadway,Rear-end (front to rear),FTYROW:  Other (explain in narrative),None Indicated,,Daylight,Dry,Clear,None apparent,Non-intersection:  Non-junction/no special feature,Paved,,Property Damage Only,0,0,0,0,0,0,2000,2,2,,POINT (-90.577215548486 41.535889306976)
2014829654,1400001032,11/20/2014,11-November,5-Thursday,02:04,0200 Hours,District 1 (Central),LE GRAND,MARSHALL,US 30,US 30/US 30 NW RAMP C,Non-collision events:  Other non-collision (explain in narrative),Median,Non-collision (single vehicle),Crossed centerline (undivided),None Indicated,,Dark - roadway not lighted,Dry,Clear,None apparent,Non-intersection:  Other non-intersection (explain in narrative),Paved,,Property Damage Only,0,0,0,0,0,0,10000,1,1,,POINT (-92.790261518194 42.011199788277)
2014831927,2014064907,11/20/2014,11-November,5-Thursday,08:40,0800 Hours,District 1 (Central),URBANDALE,POLK,I-35,I-35,Collision with:  Vehicle in traffic,On Roadway,Rear-end (front to rear),Followed too close,None Indicated,,Daylight,Dry,Clear,None apparent,Non-intersection:  Non-junction/no special feature,Paved,,Property Damage Only,0,0,0,0,0,0,2500,2,2,,POINT (-93.777002498005 41.642155841915)
2014830659,2014-25001,11/20/2014,11-November,5-Thursday,07:54,0700 Hours,District 5 (Southeast),INDIANOLA,WARREN,,W CLINTON AVE & E CLINTON AVE & N HOWARD ST,Collision with:  Vehicle in traffic,On Roadway,Broadside (front to side),FTYROW:  From stop sign,None Indicated,,Daylight,Dry,Clear,None apparent,Intersection:  Four-way intersection,Paved,,Property Damage Only,0,0,0,0,0,0,5500,2,5,,POINT (-93.560952413549 41.363382332359)
2014830545,20140034557,11/20/2014,11-November,5-Thursday,16:30,1600 Hours,District 1 (Central),DES MOINES,POLK,,MLK JR PKWY,Collision with:  Vehicle in traffic,On Roadway,Rear-end (front to rear),"Operating vehicle in an reckless, erratic, careless, negligent manner",None Indicated,,Daylight,Unknown,Unknown,Unknown,Non-intersection:  Driveway access (within),Paved,,Possible/Unknown,0,3,0,0,3,0,4500,3,7,,POINT (-93.646597901299 41.615491473174)
2014829491,14027135,11/20/2014,11-November,5-Thursday,13:45,1300 Hours,District 5 (Southeast),OSKALOOSA,MAHASKA,US 63,US 63/N MARKET ST & IA 92/A AVE W/A AVE E,Collision with:  Vehicle in traffic,On Roadway,Rear-end (front to rear),Other (explain in narrative):  Other,None Indicated,,Daylight,Dry,Clear,None apparent,Intersection:  Four-way intersection,Paved,,Property Damage Only,0,0,0,0,0,0,2200,2,2,,POINT (-92.64510735979 41.296248191367)
2014830123,1-14-000443,11/20/2014,11-November,5-Thursday,17:45,1700 Hours,District 4 (Southwest),,SHELBY,US 59,US 59,Collision with:  Animal,On Roadway,Non-collision (single vehicle),Animal,None Indicated,,Dark - roadway not lighted,Dry,Clear,None apparent,Non-intersection:  Other non-intersection (explain in narrative),Paved,,Property Damage Only,0,0,0,0,0,0,2500,1,3,,POINT (-95.349221956142 41.827067432097)
2014829026,14-049069,11/20/2014,11-November,5-Thursday,18:40,1800 Hours,District 4 (Southwest),COUNCIL BLUFFS,POTTAWATTAMIE,,S EXPRESSWAY & 30TH AVE,Collision with:  Vehicle in traffic,On Roadway,Rear-end (front to rear),Followed too close,None Indicated,,Dark - roadway lighted,Dry,Clear,None apparent,Intersection:  Four-way intersection,Paved,,Property Damage Only,0,0,0,0,0,0,1800,2,2,,POINT (-95.851299849435 41.23062519708)
2014831310,2014064915,11/20/2014,11-November,5-Thursday,08:35,0800 Hours,District 6 (East Central),IOWA CITY,JOHNSON,,Co Rd W66/DUBUQUE ST,Collision with:  Vehicle in traffic,On Roadway,Rear-end (front to rear),Other (explain in narrative):  Other,None Indicated,,Daylight,Dry,Clear,None apparent,Intersection:  Other intersection (explain in narrative),Paved,,Minor Injury,0,1,0,1,0,0,19300,3,4,,POINT (-91.547282587088 41.692822072891)
2014828759,14-38275,11/20/2014,11-November,5-Thursday,01:09,0100 Hours,District 3 (Northwest),SIOUX CITY,WOODBURY,,W 18TH ST & HAMILTON BLVD,Collision with:  Vehicle in traffic,On Roadway,Broadside (front to side),FTYROW:  From stop sign,Alcohol (Statutory),,Dark - roadway lighted,Dry,Clear,None apparent,Intersection:  Four-way intersection,Paved,,Minor Injury,0,2,0,1,1,0,14400,2,2,,POINT (-96.416781963317 42.509488608375)
2014829187,14-049035,11/20/2014,11-November,5-Thursday,15:35,1500 Hours,District 4 (Southwest),COUNCIL BLUFFS,POTTAWATTAMIE,,5TH AVE & S 28TH ST,Collision with:  Vehicle in traffic,On Roadway,Broadside (front to side),Ran Stop Sign,None Indicated,,Daylight,Dry,Clear,None apparent,Intersection:  Four-way intersection,Paved,,Minor Injury,0,1,0,1,0,0,6600,3,6,,POINT (-95.889049401064 41.257215880017)
2014829381,2014-80292,11/20/2014,11-November,5-Thursday,09:30,0900 Hours,District 6 (East Central),DAVENPORT,SCOTT,,ROCKINGHAM RD & S LINCOLN AVE,Collision with:  Vehicle in traffic,On Roadway,"Sideswipe, same direction",Other (explain in narrative):  Other,None Indicated,,Daylight,Dry,Clear,None apparent,Non-intersection:  Non-junction/no special feature,Paved,,Property Damage Only,0,0,0,0,0,0,2500,2,2,,POINT (-90.610303906362 41.515569998926)
2014829238,W14-114622,11/20/2014,11-November,5-Thursday,18:38,1800 Hours,District 2 (Northeast),WATERLOO,BLACK HAWK,US 63,US 63/LOGAN AVE,Collision with:  Vehicle in traffic,On Roadway,Broadside (front to side),Ran Stop Sign,None Indicated,,Dark - roadway lighted,Dry,Clear,None apparent,Intersection:  Four-way intersection,Paved,,Possible/Unknown,0,1,0,0,1,0,8500,3,3,,POINT (-92.337592429466 42.53178470239)
2014829691,14-005039,11/20/2014,11-November,5-Thursday,18:16,1800 Hours,District 1 (Central),ANKENY,POLK,US 69,US 69/S ANKENY BLVD,Collision with:  Vehicle in traffic,On Roadway,Rear-end (front to rear),Other (explain in narrative):  Other,None Indicated,,Dark - roadway lighted,Dry,Clear,None apparent,Intersection:  Four-way intersection,Paved,,Property Damage Only,0,0,0,0,0,0,2500,2,2,,POINT (-93.600584411064 41.709064055189)
2014829490,14027133,11/20/2014,11-November,5-Thursday,13:40,1300 Hours,District 5 (Southeast),OSKALOOSA,MAHASKA,IA 92,IA 92/A AVE W,Collision with:  Vehicle in traffic,On Roadway,"Sideswipe, same direction",Other (explain in narrative):  Vision obstructed,None Indicated,,Daylight,Dry,Clear,None apparent,Non-intersection:  Non-junction/no special feature,Paved,,Property Damage Only,0,0,0,0,0,0,4300,2,3,,POINT (-92.645871763395 41.296250545557)