Iowa DOT Case Number,Law Enforcement Case Number,Date of Crash,Month of Crash,Day of Week,Time of Crash,Hour,DOT District,City Name,County Name,Route with System,Location Description,First Harmful Event,Location of First Harmful Event,Manner of Crash/Collision,Major Cause,Drug or Alcohol ,Environmental Conditions,Light Conditions,Surface Conditions,Weather Conditions,Roadway Contribution,Roadway Type,Roadway Surface,Work Zone,Crash Severity,Number of Fatalities,Number of Injuries,Number of Major Injuries,Number of Minor Injuries,Number of Possible Injuries,Number of Unknown Injuries,Amount of Property Damage,Number of Vehicles Involved,Total Number of Occupants,Travel Direction,Location
2014829639,14-005038,11/20/2014,11-November,5-Thursday,18:05,1800 Hours,District 1 (Central),ANKENY,POLK,US 69,US 69/S ANKENY BLVD,Collision with:  Vehicle in traffic,On Roadway,Rear-end (front to rear),Followed too close,None Indicated,,Dark - roadway lighted,Dry,Cloudy,None apparent,Non-intersection:  Non-junction/no special feature,Paved,,Possible/Unknown,0,1,0,0,1,0,1000,2,2,,POINT (-93.600524817075 41.709118408941)
2014829080,14-13488,11/20/2014,11-November,5-Thursday,19:25,1900 Hours,District 3 (Northwest),,SIOUX,,Co Rd B40/400TH ST & IRONWOOD AVE,Collision with:  Animal,,Non-collision (single vehicle),Animal,None Indicated,,,,,,,Paved,,Property Damage Only,0,0,0,0,0,0,2500,1,1,,POINT (-96.076819432022 43.070217594368)
2014828981,14024639,11/20/2014,11-November,5-Thursday,20:45,2000 Hours,District 6 (East Central),MARION,LINN,,24TH AVE & 27TH ST,Collision with:  Vehicle in traffic,On Roadway,Broadside (front to side),FTYROW:  From stop sign,None Indicated,,Dark - roadway not lighted,Dry,Cloudy,None apparent,Intersection:  Four-way intersection,Paved,,Property Damage Only,0,0,0,0,0,0,17000,2,2,,POINT (-91.58367993735 42.046541060603)
2014829687,201404267,11/20/2014,11-November,5-Thursday,12:53,1200 Hours,District 6 (East Central),,LINN,I-380,I-380,Collision with fixed object:  Ditch,On Roadway,Non-collision (single vehicle),Crossed centerline (undivided),None Indicated,,Daylight,Dry,Cloudy,None apparent,Non-intersection:  Non-junction/no special feature,Paved,,Possible/Unknown,0,1,0,0,1,0,3000,1,1,,POINT (-91.749726560954 42.151826465439)
2014829239,W14-114684,11/20/2014,11-November,5-Thursday,22:30,2200 Hours,District 2 (Northeast),WATERLOO,BLACK HAWK,,INDEPENDENCE AVE,Collision with:  Animal,On Roadway,Non-collision (single vehicle),Animal,None Indicated,,Dark - unknown roadway lighting,Dry,Clear,None apparent,Non-intersection:  Non-junction/no special feature,Paved,,Property Damage Only,0,0,0,0,0,0,1500,1,1,,POINT (-92.27928568043 42.498354548147)
2014829070,2014-039856,11/20/2014,11-November,5-Thursday,14:50,1400 Hours,District 6 (East Central),DUBUQUE,DUBUQUE,,LORAS BLVD & ADAIR ST,Collision with:  Vehicle in traffic,On Roadway,Rear-end (front to rear),Lost Control,None Indicated,,Daylight,Dry,Clear,Non-highway work,Intersection:  T-intersection,Paved,,Property Damage Only,0,0,0,0,0,0,10800,3,3,,POINT (-90.687804080375 42.500587859911)
2014829544,14-035683,11/20/2014,11-November,5-Thursday,07:57,0700 Hours,District 5 (Southeast),,LEE,IA 2,IA 2/IOWA 2,Collision with:  Vehicle in traffic,On Roadway,Rear-end (front to rear),Driver Distraction:  Reaching for object(s)/fallen object(s),None Indicated,,Daylight,Dry,Clear,None apparent,Non-intersection:  Non-junction/no special feature,Paved,,Possible/Unknown,0,1,0,0,1,0,8000,2,2,,POINT (-91.539075203852 40.638993053202)
2014829021,14-1877,11/20/2014,11-November,5-Thursday,17:45,1700 Hours,District 1 (Central),,GREENE,IA 144,IA 144/U AVE,Collision with:  Animal,On Roadway,Non-collision (single vehicle),Animal,None Indicated,,Dark - roadway not lighted,Dry,Clear,None apparent,Non-intersection:  Non-junction/no special feature,Paved,,Property Damage Only,0,0,0,0,0,0,5500,1,2,,POINT (-94.242625773459 42.149432851199)
2014829071,2014-5751,11/20/2014,11-November,5-Thursday,15:16,1500 Hours,District 4 (Southwest),WAUKEE,DALLAS,,WARRIOR LN & MARSHALL DR,Collision with:  Vehicle in traffic,On Roadway,Rear-end (front to rear),Followed too close,None Indicated,,Daylight,Dry,Clear,None apparent,Intersection:  Four-way intersection,Paved,,Property Damage Only,0,0,0,0,0,0,5000,2,4,,POINT (-93.872223575999 41.608407528624)
2014829056,14-6043,11/20/2014,11-November,5-Thursday,19:34,1900 Hours,District 6 (East Central),HIAWATHA,LINN,,BLAIRS FERRY RD,Collision with:  Vehicle in traffic,On Roadway,Rear-end (front to rear),Followed too close,None Indicated,,Dark - roadway lighted,Dry,Cloudy,None apparent,Non-intersection:  Other non-intersection (explain in narrative),Paved,,Property Damage Only,0,0,0,0,0,0,3500,2,4,,POINT (-91.675685341049 42.034706605865)
2014830636,14-028414,11/20/2014,11-November,5-Thursday,15:20,1500 Hours,District 5 (Southeast),,MARION,IA 92,IA 92/IOWA 92,Collision with:  Animal,On Roadway,Non-collision (single vehicle),Animal,None Indicated,,Daylight,Dry,Clear,None apparent,Non-intersection:  Non-junction/no special feature,Paved,,Minor Injury,0,1,0,1,0,0,4500,1,1,,POINT (-93.059747739306 41.300310778678)
2014828977,14-8431,11/20/2014,11-November,5-Thursday,15:37,1500 Hours,District 3 (Northwest),IDA GROVE,IDA,US 59,US 59/OHIO ST,Collision with:  Vehicle in traffic,On Roadway,"Sideswipe, same direction",FTYROW:  Other (explain in narrative),None Indicated,,Daylight,Dry,Clear,None apparent,Non-intersection:  Non-junction/no special feature,Paved,,Property Damage Only,0,0,0,0,0,0,4100,2,2,,POINT (-95.46732305972 42.350052707274)
2014829549,14035696,11/20/2014,11-November,5-Thursday,11:41,1100 Hours,District 5 (Southeast),,LEE,,Co Rd J62/255 ST,Collision with:  Animal,On Roadway,Non-collision (single vehicle),Animal,None Indicated,,Daylight,Dry,Clear,None apparent,Non-intersection:  Non-junction/no special feature,Paved,,Property Damage Only,0,0,0,0,0,0,3000,1,1,,POINT (-91.516488268428 40.589843612644)
2014829010,14-048987,11/20/2014,11-November,5-Thursday,09:00,0900 Hours,District 4 (Southwest),COUNCIL BLUFFS,POTTAWATTAMIE,,TRAIL RIDGE ST & MARSHALL AVE,Collision with fixed object:  Traffic sign support,On Roadway,Non-collision (single vehicle),Ran off road - left,None Indicated,,Daylight,Dry,Cloudy,None apparent,Non-intersection:  Non-junction/no special feature,Paved,,Property Damage Only,0,0,0,0,0,0,2100,1,2,,POINT (-95.846496901284 41.283476418046)
2014829529,14-41497,11/20/2014,11-November,5-Thursday,17:16,1700 Hours,District 5 (Southeast),WEST BURLINGTON,DES MOINES,,W AGENCY RD,Collision with:  Vehicle in traffic,On Roadway,Broadside (front to side),FTYROW:  From driveway,None Indicated,,Dusk,Dry,Clear,None apparent,Non-intersection:  Driveway access (within),Paved,,Possible/Unknown,0,1,0,0,1,0,9000,2,2,,POINT (-91.154580143127 40.81361079722)
2014828995,20140034523,11/20/2014,11-November,5-Thursday,14:39,1400 Hours,District 1 (Central),DES MOINES,POLK,,E WATROUS AVE & SE 8TH ST,Collision with:  Vehicle in traffic,On Roadway,Broadside (front to side),FTYROW:  From stop sign,None Indicated,,Daylight,Dry,Clear,None apparent,Intersection:  Four-way intersection,Paved,,Possible/Unknown,0,1,0,0,1,0,5000,2,2,,POINT (-93.602617383982 41.548094880221)
2014830010,14-17553,11/20/2014,11-November,5-Thursday,12:38,1200 Hours,District 3 (Northwest),SPENCER,CLAY,,E 9TH ST & 3RD AVE E,Collision with:  Vehicle in traffic,On Roadway,Broadside (front to side),FTYROW:  At uncontrolled intersection,None Indicated,,Daylight,Snow,Clear,"Surface condition (e.g., wet, icy)",Non-intersection:  Non-junction/no special feature,Paved,,Property Damage Only,0,0,0,0,0,0,4500,2,3,,POINT (-95.140915949262 43.146874476424)
2014829787,,11/20/2014,11-November,5-Thursday,16:35,1600 Hours,District 3 (Northwest),LAKE CITY,CALHOUN,,WASHINGTON ST & CENTER ST,Collision with:  Vehicle in traffic,On Roadway,Broadside (front to side),FTYROW:  From stop sign,None Indicated,,Daylight,Dry,Clear,None apparent,Intersection:  Four-way intersection,Paved,,Minor Injury,0,1,0,1,0,0,8000,2,2,,POINT (-94.733793197222 42.268297175001)
2014829181,201417373,11/20/2014,11-November,5-Thursday,07:40,0700 Hours,District 6 (East Central),CEDAR RAPIDS,LINN,,42ND ST NE,Collision with:  Vehicle in traffic,On Roadway,Rear-end (front to rear),Lost Control,None Indicated,,Daylight,Dry,Clear,None apparent,Non-intersection:  Non-junction/no special feature,Paved,,Property Damage Only,0,0,0,0,0,0,4000,2,5,,POINT (-91.669906857803 42.021562532461)
2014828889,14-5869,11/20/2014,11-November,5-Thursday,07:45,0700 Hours,District 1 (Central),WEST DES MOINES,POLK,I-35,I-35,Collision with:  Vehicle in traffic,On Roadway,Rear-end (front to rear),Followed too close,None Indicated,,Daylight,Dry,Clear,None apparent,Non-intersection:  Non-junction/no special feature,Paved,,Property Damage Only,0,0,0,0,0,0,4800,3,5,,POINT (-93.776593933434 41.55805840142)
2014829545,14-035697,11/20/2014,11-November,5-Thursday,11:57,1100 Hours,District 5 (Southeast),KEOKUK,LEE,,270 AVE,Collision with:  Vehicle in traffic,On Roadway,Rear-end (front to rear),Followed too close,None Indicated,,Daylight,Dry,Clear,None apparent,Intersection:  Other intersection (explain in narrative),Paved,,Minor Injury,0,2,0,1,1,0,15200,2,2,,POINT (-91.394909129761 40.43974971056)
2014829036,14-1433,11/20/2014,11-November,5-Thursday,17:16,1700 Hours,District 4 (Southwest),WEST DES MOINES,DALLAS,,UNIVERSITY AVE,Collision with:  Vehicle in traffic,On Roadway,Rear-end (front to rear),Other (explain in narrative):  Other,None Indicated,,Dark - roadway lighted,Dry,Clear,None apparent,Non-intersection:  Non-junction/no special feature,Paved,,Possible/Unknown,0,1,0,0,1,0,12000,2,2,,POINT (-93.812681639068 41.600467195189)
2014829023,14-049042,11/20/2014,11-November,5-Thursday,15:56,1500 Hours,District 4 (Southwest),COUNCIL BLUFFS,POTTAWATTAMIE,,AVE D,Collision with:  Vehicle in traffic,On Roadway,Broadside (front to side),Unknown,None Indicated,,Daylight,Dry,Cloudy,None apparent,Non-intersection:  Non-junction/no special feature,Paved,,Possible/Unknown,0,1,0,0,0,1,3000,2,4,,POINT (-95.871989922293 41.265280411911)
2014829033,14-5891,11/20/2014,11-November,5-Thursday,17:25,1700 Hours,District 1 (Central),WEST DES MOINES,POLK,I-235,I-235,Collision with:  Vehicle in traffic,On Roadway,Rear-end (front to rear),Followed too close,None Indicated,,Dark - roadway lighted,Dry,Clear,None apparent,Non-intersection:  Non-junction/no special feature,Paved,,Property Damage Only,0,0,0,0,0,0,1500,2,3,,POINT (-93.740675563309 41.592495891062)
2014931971,,11/20/2014,11-November,5-Thursday,08:09,0800 Hours,District 3 (Northwest),SERGEANT BLUFF,WOODBURY,,Co Rd D38/210TH ST & Co Rd K29/OLD LAKEPORT RD & 1ST ST,Collision with:  Vehicle in traffic,On Roadway,Broadside (front to side),Other (explain in narrative):  Other,None Indicated,,Daylight,Dry,Clear,None apparent,Intersection:  Four-way intersection,Paved,,Minor Injury,0,1,0,1,0,0,7000,2,5,,POINT (-96.340884983823 42.400675432396)
2014829079,14-008058,11/20/2014,11-November,5-Thursday,17:51,1700 Hours,District 1 (Central),,HAMILTON,,Co Rd R21/STAGECOACH RD,Collision with:  Animal,,Non-collision (single vehicle),Animal,None Indicated,,,,,,,Paved,,Property Damage Only,0,0,0,0,0,0,4000,1,1,,POINT (-93.924241524798 42.338326955692)
2014828963,W14-114566,11/20/2014,11-November,5-Thursday,15:49,1500 Hours,District 2 (Northeast),WATERLOO,BLACK HAWK,,W AIRLINE HWY & BURTON AVE,Collision with:  Vehicle in traffic,On Roadway,Broadside (front to side),FTYROW:  From stop sign,None Indicated,,Daylight,Dry,Clear,None apparent,Intersection:  Four-way intersection,Paved,,Property Damage Only,0,0,0,0,0,0,15000,2,3,,POINT (-92.357407428971 42.542110074105)
2014828779,14-048993,11/20/2014,11-November,5-Thursday,09:30,0900 Hours,District 4 (Southwest),COUNCIL BLUFFS,POTTAWATTAMIE,,23RD AVE,Collision with:  Vehicle in traffic,On Roadway,"Sideswipe, same direction",Ran off road - right,None Indicated,,Daylight,Dry,Cloudy,None apparent,Non-intersection:  Non-junction/no special feature,Paved,,Possible/Unknown,0,1,0,0,1,0,3000,2,2,,POINT (-95.887511649128 41.240196485385)
2014830637,14-028432,11/20/2014,11-November,5-Thursday,20:11,2000 Hours,District 5 (Southeast),,MARION,IA 5,IA 5/IOWA 5,Collision with:  Animal,,,Animal,None Indicated,,,,,,,Paved,,Property Damage Only,0,0,0,0,0,0,3000,1,1,,POINT (-93.238825082931 41.34652235718)
2014829914,201404270,11/20/2014,11-November,5-Thursday,16:18,1600 Hours,District 6 (East Central),,LINN,US 30,US 30 & JAPPA RD,Collision with:  Vehicle in traffic,On Roadway,Broadside (front to side),FTYROW:  Making left turn,None Indicated,,Daylight,Dry,Cloudy,None apparent,Intersection:  Four-way intersection,Paved,,Major Injury,0,3,2,0,1,0,19000,3,5,,POINT (-91.579053163491 41.925455944727)
2014830654,14028404,11/20/2014,11-November,5-Thursday,11:03,1100 Hours,District 5 (Southeast),,MARION,,Co Rd T17/HWY T17,Collision with fixed object:  Ditch,Shoulder,Non-collision (single vehicle),Over correcting/over steering,None Indicated,,Daylight,Dry,Cloudy,None apparent,Non-intersection:  Non-junction/no special feature,Paved,,Minor Injury,0,1,0,1,0,0,8500,1,1,,POINT (-92.947374764741 41.340614864594)
2014829120,2014064901,11/20/2014,11-November,5-Thursday,07:00,0700 Hours,District 3 (Northwest),,POCAHONTAS,IA 4,IA 4/220TH AVE,Non-collision events:  Overturn/rollover,On Roadway,Non-collision (single vehicle),Lost Control,None Indicated,,Dawn,Dry,Clear,None apparent,Non-intersection:  Non-junction/no special feature,Paved,,Property Damage Only,0,0,0,0,0,0,50000,1,1,,POINT (-94.678628594274 42.719764507886)
2014829560,148277,11/20/2014,11-November,5-Thursday,18:16,1800 Hours,District 4 (Southwest),,DALLAS,IA 141,IA 141/141ST ST,Collision with:  Animal,,,Animal,None Indicated,,,,,,,Paved,,Property Damage Only,0,0,0,0,0,0,3000,1,1,,POINT (-93.962884231227 41.834902439992)
2014828730,14024594,11/20/2014,11-November,5-Thursday,08:47,0800 Hours,District 6 (East Central),MARION,LINN,,29TH AVE & INDIAN CREEK RD,Collision with:  Vehicle in traffic,On Roadway,Broadside (front to side),Ran Stop Sign,None Indicated,,Daylight,Dry,Clear,None apparent,Intersection:  Four-way intersection,Paved,,Property Damage Only,0,0,0,0,0,0,11000,2,2,,POINT (-91.59170690638 42.050746726772)
2014829572,14-171120-01,11/20/2014,11-November,5-Thursday,06:30,0600 Hours,District 6 (East Central),,IOWA,,Co Rd V77/P AVE,Collision with:  Animal,,,Animal,None Indicated,,,,,,,Paved,,Property Damage Only,0,0,0,0,0,0,2000,1,1,,POINT (-92.006701442744 41.743214939922)
2014829498,PD14-11656,11/20/2014,11-November,5-Thursday,12:35,1200 Hours,District 1 (Central),MARSHALLTOWN,MARSHALL,,W NEVADA ST,Collision with:  Vehicle in traffic,On Roadway,"Sideswipe, opposite direction",Driving too fast for conditions,None Indicated,,Daylight,Snow,Clear,"Surface condition (e.g., wet, icy)",Non-intersection:  Non-junction/no special feature,Paved,,Possible/Unknown,0,1,0,0,1,0,2300,2,2,,POINT (-92.925060648162 42.044223099649)
2014829497,PD14-11654,11/20/2014,11-November,5-Thursday,10:30,1000 Hours,District 1 (Central),MARSHALLTOWN,MARSHALL,,S 12TH ST,Collision with fixed object:  Ditch,On Roadway,Non-collision (single vehicle),Ran off road - left,None Indicated,,Daylight,Ice/frost,Cloudy,"Surface condition (e.g., wet, icy)",Non-intersection:  Non-junction/no special feature,Paved,,Property Damage Only,0,0,0,0,0,0,5050,1,1,,POINT (-92.931745885399 42.018567416352)
2014829190,148971,11/20/2014,11-November,5-Thursday,15:22,1500 Hours,District 4 (Southwest),,DALLAS,US 169,US 169/N AVE,Collision with:  Vehicle in traffic,On Roadway,Rear-end (front to rear),Followed too close,None Indicated,,Daylight,Dry,Clear,None apparent,Non-intersection:  Non-junction/no special feature,Paved,,Property Damage Only,0,0,0,0,0,0,4000,2,2,,POINT (-94.01754308166 41.624227486342)
2014829856,14-008892,11/20/2014,11-November,5-Thursday,07:54,0700 Hours,District 4 (Southwest),PERRY,DALLAS,,LUCINDA ST & 5TH ST,Collision with:  Vehicle in traffic,On Roadway,Broadside (front to side),FTYROW:  Other (explain in narrative),None Indicated,,Daylight,Dry,Clear,None apparent,Intersection:  Four-way intersection,Paved,,Property Damage Only,0,0,0,0,0,0,2300,2,2,,POINT (-94.101094891129 41.840541715698)
2014828960,W14-114454,11/20/2014,11-November,5-Thursday,07:00,0700 Hours,District 2 (Northeast),WATERLOO,BLACK HAWK,IA 934,IA 934/UNIVERSITY AVE & FLETCHER AVE,Collision with:  Vehicle in traffic,On Roadway,Broadside (front to side),Made improper turn,None Indicated,,Daylight,Dry,Clear,None apparent,Intersection:  Four-way intersection,Paved,,Property Damage Only,0,0,0,0,0,0,11000,3,4,,POINT (-92.367066434662 42.496135183801)
2014829031,14-5886,11/20/2014,11-November,5-Thursday,16:05,1600 Hours,District 1 (Central),WEST DES MOINES,POLK,,GRAND AVE,Collision with:  Vehicle in traffic,On Roadway,Broadside (front to side),FTYROW:  At uncontrolled intersection,None Indicated,,Daylight,Dry,Clear,None apparent,Intersection:  Other intersection (explain in narrative),Paved,,Property Damage Only,0,0,0,0,0,0,1900,2,2,,POINT (-93.731121935841 41.572029552897)
2014829069,2014-039854,11/20/2014,11-November,5-Thursday,13:28,1300 Hours,District 6 (East Central),DUBUQUE,DUBUQUE,US 20,US 20/DODGE ST,Collision with:  Vehicle in traffic,On Roadway,Rear-end (front to rear),Followed too close,None Indicated,,Daylight,Dry,Clear,None apparent,Non-intersection:  Non-junction/no special feature,Paved,,Possible/Unknown,0,1,0,0,1,0,300,2,2,,POINT (-90.71430798788 42.492285640457)
2014829875,14-13483,11/20/2014,11-November,5-Thursday,19:15,1900 Hours,District 3 (Northwest),,SIOUX,US 75,US 75,Collision with:  Animal,,,Animal,None Indicated,,,,,,,Paved,,Property Damage Only,0,0,0,0,0,0,5000,1,1,,POINT (-96.17548640226 42.994550609387)
2014829123,SO14-002752,11/20/2014,11-November,5-Thursday,16:50,1600 Hours,District 3 (Northwest),,PLYMOUTH,US 75,US 75,Collision with:  Vehicle in traffic,On Roadway,Rear-end (front to rear),FTYROW:  Other (explain in narrative),None Indicated,,Dusk,Dry,Cloudy,None apparent,Non-intersection:  Driveway access (within),Paved,,Property Damage Only,0,0,0,0,0,0,4000,2,2,,POINT (-96.174748166827 42.857212172675)
2014829474,14-0663,11/20/2014,11-November,5-Thursday,21:15,2100 Hours,District 1 (Central),LEHIGH,WEBSTER,,RIVER ST,Collision with:  Vehicle in traffic,On Roadway,Rear-end (front to rear),Other (explain in narrative):  Other,None Indicated,,Dark - roadway lighted,Snow,Clear,Unknown,Non-intersection:  Non-junction/no special feature,Paved,,Property Damage Only,0,0,0,0,0,0,2000,2,3,,POINT (-94.050643994795 42.361554466493)
2014829138,14-5900,11/21/2014,11-November,6-Friday,07:41,0700 Hours,District 1 (Central),WEST DES MOINES,POLK,I-80,I-80,Collision with:  Vehicle in traffic,On Roadway,Rear-end (front to rear),Other (explain in narrative):  Other,None Indicated,,Daylight,Dry,Clear,None apparent,Non-intersection:  Non-junction/no special feature,Paved,,Property Damage Only,0,0,0,0,0,0,6500,2,2,,POINT (-93.783697760148 41.592174642171)
2014829270,20140034634,11/21/2014,11-November,6-Friday,15:20,1500 Hours,District 1 (Central),DES MOINES,POLK,,INGERSOLL AVE & 31ST ST,Collision with:  Vehicle in traffic,On Roadway,"Angle, oncoming left turn",FTYROW:  Making left turn,None Indicated,,Daylight,Dry,Cloudy,None apparent,Intersection:  Four-way intersection,Paved,,Property Damage Only,0,0,0,0,0,0,4000,2,2,,POINT (-93.659346625802 41.586208631124)
2014829326,14-38393,11/21/2014,11-November,6-Friday,07:52,0700 Hours,District 3 (Northwest),SIOUX CITY,WOODBURY,,27TH ST & JACKSON ST,Collision with:  Vehicle in traffic,On Roadway,Rear-end (front to rear),Other (explain in narrative):  Other,None Indicated,,Daylight,Dry,Clear,None apparent,Intersection:  Four-way intersection,Paved,,Property Damage Only,0,0,0,0,0,0,4000,4,5,,POINT (-96.402256940983 42.518124305959)
2014830568,14-005513,11/21/2014,11-November,6-Friday,13:00,1300 Hours,District 1 (Central),AMES,STORY,US 69,US 69/S DUFF AVE,Collision with:  Vehicle in traffic,On Roadway,Broadside (front to side),FTYROW:  From driveway,None Indicated,,Daylight,Dry,Clear,None apparent,Non-intersection:  Driveway access (within),Paved,,Property Damage Only,0,0,0,0,0,0,11998,2,3,,POINT (-93.61035756049 42.018270921235)
2014831230,2014-039890,11/21/2014,11-November,6-Friday,18:39,1800 Hours,District 6 (East Central),DUBUQUE,DUBUQUE,US 20,US 20/DODGE ST & WACKER DR,Collision with:  Vehicle in traffic,On Roadway,"Sideswipe, opposite direction",Other (explain in narrative):  No improper action,None Indicated,,Dark - roadway lighted,Dry,Clear,None apparent,Non-intersection:  Non-junction/no special feature,Paved,,Property Damage Only,0,0,0,0,0,0,3000,2,5,,POINT (-90.720508190783 42.492103008938)
2014829198,143803,11/21/2014,11-November,6-Friday,11:24,1100 Hours,District 2 (Northeast),HAMPTON,FRANKLIN,,1ST ST NW,Collision with:  Vehicle in traffic,On Roadway,Rear-end (front to rear),Other (explain in narrative):  Vision obstructed,None Indicated,,Daylight,Dry,Clear,None apparent,Non-intersection:  Non-junction/no special feature,Paved,,Property Damage Only,0,0,0,0,0,0,2300,2,2,,POINT (-93.2086811749 42.742926723771)
2014829194,148991,11/21/2014,11-November,6-Friday,02:55,0200 Hours,District 4 (Southwest),WEST DES MOINES,DALLAS,I-80,I-80,Collision with fixed object:  Ditch,On Roadway,Non-collision (single vehicle),Swerving/Evasive Action,None Indicated,,Dark - roadway lighted,Dry,Clear,None apparent,Non-intersection:  Non-junction/no special feature,Paved,,Major Injury,0,1,1,0,0,0,10000,1,1,,POINT (-93.84754497122 41.572329165122)
2014829588,14-005056,11/21/2014,11-November,6-Friday,17:32,1700 Hours,District 1 (Central),ANKENY,POLK,I-35,I-35,Collision with:  Vehicle in traffic,On Roadway,Rear-end (front to rear),Followed too close,None Indicated,,Dark - roadway not lighted,Dry,Clear,None apparent,Non-intersection:  Non-junction/no special feature,Paved,,Property Damage Only,0,0,0,0,0,0,2000,3,3,,POINT (-93.575647853726 41.66110271602)
2014831604,,11/21/2014,11-November,6-Friday,15:12,1500 Hours,District 6 (East Central),MAQUOKETA,JACKSON,,W SUMMIT ST & S 4TH ST,Collision with:  Parked motor vehicle,On Roadway,"Sideswipe, same direction",Unknown,None Indicated,,Daylight,Dry,Cloudy,,,Paved,,Property Damage Only,0,0,0,0,0,0,1700,2,1,,POINT (-90.669062960759 42.061901015555)
2014829722,14-3748,11/21/2014,11-November,6-Friday,17:15,1700 Hours,District 1 (Central),FORT DODGE,WEBSTER,,1ST AVE S,Collision with:  Vehicle in traffic,On Roadway,Broadside (front to side),FTYROW:  Making left turn,None Indicated,,Dark - roadway lighted,Dry,Clear,None apparent,Non-intersection:  Driveway access (within),Paved,,Property Damage Only,0,0,0,0,0,0,1600,2,4,,POINT (-94.162332915746 42.505244987888)
2014836502,032-110-14,11/21/2014,11-November,6-Friday,17:22,1700 Hours,District 3 (Northwest),ESTHERVILLE,EMMET,IA 9,IA 9/W CENTRAL AVE,Collision with:  Animal,On Roadway,Non-collision (single vehicle),Animal,None Indicated,,Dark - roadway lighted,Wet,Cloudy,None apparent,Non-intersection:  Non-junction/no special feature,Paved,,Property Damage Only,0,0,0,0,0,0,1500,1,2,,POINT (-94.855685271878 43.403844954693)
2014828979,14002657,11/21/2014,11-November,6-Friday,11:35,1100 Hours,District 6 (East Central),IOWA CITY,JOHNSON,,HOSPITAL LOOP DR & UNIVERSITY OF IOWA,Collision with:  Vehicle in traffic,On Roadway,"Sideswipe, same direction",FTYROW:  From parked position,None Indicated,,Daylight,Dry,Clear,None apparent,Non-intersection:  Non-junction/no special feature,Paved,,Property Damage Only,0,0,0,0,0,0,3500,2,2,,POINT (-91.548772999829 41.660191123173)
2014829281,20140034674,11/21/2014,11-November,6-Friday,20:45,2000 Hours,District 1 (Central),DES MOINES,POLK,,WALNUT ST & 15TH ST,Collision with:  Parked motor vehicle,On Roadway,Rear-end (front to rear),Lost Control,Refused,,Dark - roadway lighted,Dry,Cloudy,None apparent,Non-intersection:  Non-junction/no special feature,Paved,,Property Damage Only,0,0,0,0,0,0,4500,2,1,,POINT (-93.636380464133 41.583410688406)
2014829648,14-016682,11/21/2014,11-November,6-Friday,18:03,1800 Hours,District 2 (Northeast),WAUCOMA,FAYETTE,,Co Rd V68/W AVE & 247TH ST,Collision with:  Animal,,,Animal,None Indicated,,,,,,,Paved,,Property Damage Only,0,0,0,0,0,0,5000,1,1,,POINT (-92.042731552893 42.990226430495)
2014830565,14-005510,11/21/2014,11-November,6-Friday,13:05,1300 Hours,District 1 (Central),AMES,STORY,US 69,US 69/LINCOLN WAY & WASHINGTON AVE,Collision with:  Vehicle in traffic,On Roadway,Rear-end (front to rear),Followed too close,None Indicated,,Daylight,Dry,Clear,None apparent,Non-intersection:  Non-junction/no special feature,Paved,,Property Damage Only,0,0,0,0,0,0,10998,2,4,,POINT (-93.615366300366 42.022900580922)
2014829859,1400001042,11/21/2014,11-November,6-Friday,17:50,1700 Hours,District 1 (Central),,MARSHALL,,VINE AVE,Collision with:  Animal,,,Animal,None Indicated,,,,,,,Unpaved,,Property Damage Only,0,0,0,0,0,0,1500,1,1,,POINT (-92.834929343226 42.054918752629)
2014829479,14-2607,11/21/2014,11-November,6-Friday,03:12,0300 Hours,District 1 (Central),URBANDALE,POLK,I-35,I-35,Collision with:  Other non-fixed object (explain in narrative),On Roadway,Non-collision (single vehicle),Ran off road - right,None Indicated,,Dark - roadway not lighted,Dry,Cloudy,None apparent,Interchange-related:  Off-ramp,Paved,,Property Damage Only,0,0,0,0,0,0,2050,1,1,,POINT (-93.73156686509 41.652857239025)
2014829939,H14-114910,11/21/2014,11-November,6-Friday,17:07,1700 Hours,District 2 (Northeast),HUDSON,BLACK HAWK,US 63,US 63 & WATERLOO RD & E ELDORA RD,Collision with:  Vehicle in traffic,On Roadway,Broadside (front to side),FTYROW:  From stop sign,None Indicated,,Dark - roadway not lighted,Dry,Clear,None apparent,Intersection:  Four-way intersection,Paved,,Property Damage Only,0,0,0,0,0,0,25000,2,2,,POINT (-92.450632007803 42.40886660561)
2014829559,14-1882,11/21/2014,11-November,6-Friday,17:28,1700 Hours,District 1 (Central),,GREENE,US 30,US 30/220TH,Collision with:  Animal,,,Animal,None Indicated,,,,,,,Paved,,Property Damage Only,0,0,0,0,0,0,5000,1,1,,POINT (-94.47215796111 42.034580435715)
2014829649,14-016689,11/21/2014,11-November,6-Friday,20:18,2000 Hours,District 2 (Northeast),,FAYETTE,,Co Rd W14/R AVE,Collision with:  Animal,,,Animal,None Indicated,,,,,,,Paved,,Property Damage Only,0,0,0,0,0,0,3500,1,1,,POINT (-91.942554607009 42.802181871935)
2014829714,SO14-1463,11/21/2014,11-November,6-Friday,07:46,0700 Hours,District 2 (Northeast),,WRIGHT,,Co Rd R26/DAVIS AVE,Collision with:  Animal,Roadside,Non-collision (single vehicle),Animal,None Indicated,,Daylight,Dry,Clear,None apparent,Non-intersection:  Non-junction/no special feature,Paved,,Possible/Unknown,0,1,0,0,1,0,4500,1,1,,POINT (-93.912381948766 42.75898827963)