Iowa DOT Case Number,Law Enforcement Case Number,Date of Crash,Month of Crash,Day of Week,Time of Crash,Hour,DOT District,City Name,County Name,Route with System,Location Description,First Harmful Event,Location of First Harmful Event,Manner of Crash/Collision,Major Cause,Drug or Alcohol ,Environmental Conditions,Light Conditions,Surface Conditions,Weather Conditions,Roadway Contribution,Roadway Type,Roadway Surface,Work Zone,Crash Severity,Number of Fatalities,Number of Injuries,Number of Major Injuries,Number of Minor Injuries,Number of Possible Injuries,Number of Unknown Injuries,Amount of Property Damage,Number of Vehicles Involved,Total Number of Occupants,Travel Direction,Location
2014829285,20140034585,11/21/2014,11-November,6-Friday,05:53,0500 Hours,District 1 (Central),DES MOINES,POLK,,VALDEZ DR & LOWER BEAVER RD,Collision with:  Parked motor vehicle,On Roadway,Head-on (front to front),Lost Control,None Indicated,,Dark - roadway lighted,Dry,Clear,None apparent,Non-intersection:  Non-junction/no special feature,Paved,,Property Damage Only,0,0,0,0,0,0,7000,2,1,,POINT (-93.665809645686 41.637224226295)
2014829453,2014-0499,11/21/2014,11-November,6-Friday,20:13,2000 Hours,District 5 (Southeast),NORWALK,WARREN,IA 28,IA 28/IOWA 28 & PROP COUNTY LINE RD & CO LINE RD,Collision with:  Animal,On Roadway,Non-collision (single vehicle),Animal,None Indicated,,Dark - roadway not lighted,Dry,Clear,None apparent,Non-intersection:  Non-junction/no special feature,Paved,,Property Damage Only,0,0,0,0,0,0,2001,1,2,,POINT (-93.677419924967 41.510928628145)
2014830147,14-018418,11/21/2014,11-November,6-Friday,22:58,2200 Hours,District 2 (Northeast),CHARLES CITY,FLOYD,US 18,US 18/US HWY 18,Collision with:  Animal,,,Animal,None Indicated,,,,,,,Paved,,Property Damage Only,0,0,0,0,0,0,5000,1,1,,POINT (-92.675178984253 43.038730911609)
2014829707,2014-6852,11/21/2014,11-November,6-Friday,21:36,2100 Hours,District 1 (Central),,HARDIN,,Co Rd D35/CO HWY D35,Collision with:  Animal,,,Animal,None Indicated,,,,,,,Paved,,Property Damage Only,0,0,0,0,0,0,1500,1,1,,POINT (-93.098843579544 42.411797433725)
2014829753,SC14-065,11/21/2014,11-November,6-Friday,10:57,1000 Hours,District 1 (Central),STATE CENTER,MARSHALL,,3RD ST NE & 3RD AVE NE,Collision with fixed object:  Traffic sign support,On Roadway,Non-collision (single vehicle),Ran off road - left,None Indicated,,Daylight,Dry,Cloudy,None apparent,Non-intersection:  Non-junction/no special feature,Paved,,Property Damage Only,0,0,0,0,0,0,1500,1,1,,POINT (-93.161137637266 42.019321231024)
2014829677,143571,11/21/2014,11-November,6-Friday,22:15,2200 Hours,District 3 (Northwest),DENISON,CRAWFORD,US 30,US 30/4TH AVE S & S MAIN ST,Collision with:  Vehicle in traffic,On Roadway,Rear-end (front to rear),Followed too close,None Indicated,,Dark - roadway lighted,Wet,Clear,None apparent,Non-intersection:  Non-junction/no special feature,Paved,,Property Damage Only,0,0,0,0,0,0,5500,2,4,,POINT (-95.355283576485 42.012376050457)
2014830567,14-005512,11/21/2014,11-November,6-Friday,13:00,1300 Hours,District 1 (Central),AMES,STORY,,UNIVERSITY BLVD,Collision with:  Vehicle in traffic,On Roadway,Rear-end (front to rear),Followed too close,None Indicated,,Daylight,Dry,Clear,None apparent,Non-intersection:  Non-junction/no special feature,Paved,,Possible/Unknown,0,2,0,0,0,2,2500,2,3,,POINT (-93.632289186862 42.016828238094)
2014835367,14-002203,11/21/2014,11-November,6-Friday,18:27,1800 Hours,District 5 (Southeast),SIGOURNEY,KEOKUK,IA 149,IA 149/N MAIN ST,Collision with:  Vehicle in traffic,On Roadway,Rear-end (front to rear),Other (explain in narrative):  No improper action,None Indicated,,Dark - roadway lighted,Dry,Clear,None apparent,Non-intersection:  Non-junction/no special feature,Paved,,Property Damage Only,0,0,0,0,0,0,2100,2,2,,POINT (-92.205214152266 41.336378380348)
2014829587,14-005055,11/21/2014,11-November,6-Friday,16:50,1600 Hours,District 1 (Central),ANKENY,POLK,I-35,I-35,Collision with:  Vehicle in traffic,On Roadway,Rear-end (front to rear),Other (explain in narrative):  Other,None Indicated,,Dark - roadway not lighted,Dry,Cloudy,None apparent,Non-intersection:  Non-junction/no special feature,Paved,,Property Damage Only,0,0,0,0,0,0,2000,2,2,,POINT (-93.577027478816 41.667643989679)
2014831383,14-1885,11/21/2014,11-November,6-Friday,23:01,2300 Hours,District 1 (Central),,GREENE,,Co Rd P46/X AVE,Collision with fixed object:  Ditch,Shoulder,Non-collision (single vehicle),Ran off road - right,Under Influence of Alcohol/Drugs/Medications,,Dark - roadway not lighted,Dry,Clear,None apparent,Non-intersection:  Non-junction/no special feature,Paved,,Property Damage Only,0,0,0,0,0,0,15500,1,2,,POINT (-94.184351155207 42.169574764714)
2014834175,2014065103,11/21/2014,11-November,6-Friday,10:33,1000 Hours,District 1 (Central),,STORY,I-35,I-35,Collision with:  Vehicle in traffic,On Roadway,Rear-end (front to rear),Swerving/Evasive Action,None Indicated,,Daylight,Dry,Cloudy,None apparent,Interchange-related:  On-ramp merge area,Paved,,Possible/Unknown,0,1,0,0,1,0,10000,2,3,,POINT (-93.571258808834 41.872104199882)
2014829494,14048482,11/21/2014,11-November,6-Friday,12:27,1200 Hours,District 5 (Southeast),MUSCATINE,MUSCATINE,,LUCAS ST,Collision with:  Vehicle in traffic,On Roadway,Rear-end (front to rear),Driver Distraction:  Reaching for object(s)/fallen object(s),None Indicated,,Daylight,Dry,Cloudy,None apparent,Non-intersection:  Non-junction/no special feature,Paved,,Property Damage Only,0,0,0,0,0,0,10000,2,1,,POINT (-91.074815028642 41.423924541233)
2014830617,11-018395,11/21/2014,11-November,6-Friday,17:38,1700 Hours,District 2 (Northeast),,FLOYD,US 218,US 218,Collision with:  Animal,On Roadway,Non-collision (single vehicle),Animal,None Indicated,,Dark - roadway not lighted,Dry,Cloudy,None apparent,Non-intersection:  Non-junction/no special feature,Paved,,Property Damage Only,0,0,0,0,0,0,2500,1,2,,POINT (-92.555861435476 42.962561405076)
2014829391,2014-80570,11/21/2014,11-November,6-Friday,17:06,1700 Hours,District 6 (East Central),DAVENPORT,SCOTT,,UTICA RIDGE RD,Collision with:  Vehicle in traffic,On Roadway,Broadside (front to side),FTYROW:  From driveway,None Indicated,,Dark - roadway lighted,Dry,Cloudy,None apparent,Non-intersection:  Driveway access (within),Paved,,Property Damage Only,0,0,0,0,0,0,5000,2,3,,POINT (-90.514894678366 41.571610731448)
2014831465,20140065204,11/21/2014,11-November,6-Friday,17:45,1700 Hours,District 1 (Central),DES MOINES,POLK,I-235,I-235 & Co Rd F52/NE 46TH AVE,Collision with:  Vehicle in traffic,On Roadway,"Sideswipe, same direction",Swerving/Evasive Action,None Indicated,,Dark - roadway not lighted,Dry,Clear,None apparent,Non-intersection:  Non-junction/no special feature,Paved,,Property Damage Only,0,0,0,0,0,0,7500,3,3,,POINT (-93.57570083973 41.644123952587)
2014834216,14-017623,11/21/2014,11-November,6-Friday,19:56,1900 Hours,District 3 (Northwest),DICKENS,CLAY,US 18,US 18,Collision with:  Animal,,,Animal,None Indicated,,,,,,,Paved,,Property Damage Only,0,0,0,0,0,0,6000,1,1,,POINT (-95.060120283374 43.127431951696)
2014829272,20140034636,11/21/2014,11-November,6-Friday,16:03,1600 Hours,District 1 (Central),DES MOINES,POLK,IA 28,IA 28/63RD ST & SCHOOL ST,Collision with:  Vehicle in traffic,On Roadway,Rear-end (front to rear),Followed too close,None Indicated,,Daylight,Dry,Cloudy,None apparent,Non-intersection:  Non-junction/no special feature,Paved,,Property Damage Only,0,0,0,0,0,0,4500,2,3,,POINT (-93.703595913415 41.595376921439)
2014828987,20140034589,11/21/2014,11-November,6-Friday,08:00,0800 Hours,District 1 (Central),DES MOINES,POLK,,UNIVERSITY AVE & 31ST ST,Collision with:  Vehicle in traffic,On Roadway,"Sideswipe, same direction",FTYROW:  Other (explain in narrative),None Indicated,,Daylight,Dry,Clear,None apparent,Intersection:  Four-way intersection,Paved,,Property Damage Only,0,0,0,0,0,0,4000,2,2,,POINT (-93.659334741091 41.600368073739)
2014829600,14-001386,11/21/2014,11-November,6-Friday,10:41,1000 Hours,District 1 (Central),,STORY,,Co Rd E26/CAMERON SCHOOL RD & Co Rd R38/500TH AVE & 195TH ST,Collision with:  Vehicle in traffic,On Roadway,Rear-end (front to rear),Followed too close,None Indicated,,Daylight,Dry,Clear,None apparent,Intersection:  Other intersection (explain in narrative),Paved,,Property Damage Only,0,0,0,0,0,0,3500,2,2,,POINT (-93.698679631921 42.070743685615)
2014833191,2014-81285,11/21/2014,11-November,6-Friday,22:40,2200 Hours,District 6 (East Central),DAVENPORT,SCOTT,,IA 461/BRADY ST,Collision with:  Vehicle in traffic,On Roadway,Rear-end (front to rear),Followed too close,None Indicated,,Dark - roadway lighted,Dry,Clear,None apparent,Non-intersection:  Non-junction/no special feature,Paved,,Property Damage Only,0,0,0,0,0,0,2500,2,3,,POINT (-90.574015595809 41.537478985765)
2014831219,2014-013927,11/21/2014,11-November,6-Friday,21:56,2100 Hours,District 6 (East Central),DUBUQUE,DUBUQUE,,OLD HIGHWAY RD & SEIPPEL RD,Collision with:  Vehicle in traffic,On Roadway,Broadside (front to side),Ran Stop Sign,None Indicated,,Dark - roadway not lighted,Dry,Cloudy,None apparent,Intersection:  Four-way intersection,Paved,,Property Damage Only,0,0,0,0,0,0,5500,2,3,,POINT (-90.779616391249 42.481223876915)
2014829279,20140034682,11/21/2014,11-November,6-Friday,22:59,2200 Hours,District 1 (Central),DES MOINES,POLK,,BOSTON AVE & 7TH ST,Collision with fixed object:  Utility pole/light support,Roadside,Non-collision (single vehicle),"Operating vehicle in an reckless, erratic, careless, negligent manner",None Indicated,,Dark - roadway lighted,Dry,Clear,None apparent,Non-intersection:  Non-junction/no special feature,Paved,,Possible/Unknown,0,1,0,0,1,0,10200,1,1,,POINT (-93.626133292754 41.62292761322)
2014829000,20140034597,11/21/2014,11-November,6-Friday,09:00,0900 Hours,District 1 (Central),DES MOINES,POLK,,FALCON DR,Collision with:  Parked motor vehicle,On Roadway,"Sideswipe, opposite direction",Improper Backing,None Indicated,,Daylight,Dry,Clear,None apparent,Non-intersection:  Non-junction/no special feature,Paved,,Property Damage Only,0,0,0,0,0,0,1500,2,777,,POINT (-93.634579644653 41.583276525159)
2014829723,CL14004112,11/21/2014,11-November,6-Friday,15:07,1500 Hours,District 6 (East Central),CLINTON,CLINTON,,8TH AVE S & ALBANY CT,Collision with:  Vehicle in traffic,On Roadway,"Sideswipe, same direction",Other (explain in narrative):  Other,None Indicated,,Daylight,Dry,Clear,None apparent,Intersection:  T-intersection,Paved,,Property Damage Only,0,0,0,0,0,0,5500,2,3,,POINT (-90.203606944448 41.837560159856)
2014829328,14-38424,11/21/2014,11-November,6-Friday,11:36,1100 Hours,District 3 (Northwest),SIOUX CITY,WOODBURY,,18TH ST & PIERCE ST,Collision with:  Vehicle in traffic,On Roadway,Rear-end (front to rear),Other (explain in narrative):  Other,None Indicated,,Daylight,Dry,Cloudy,None apparent,Intersection:  Four-way intersection,Paved,,Possible/Unknown,0,1,0,0,1,0,950,2,3,,POINT (-96.405080131964 42.509152956159)
2014829835,S14-12121,11/21/2014,11-November,6-Friday,23:21,2300 Hours,District 3 (Northwest),,WOODBURY,I-29,I-29,Collision with fixed object:  Ditch,Shoulder,Non-collision (single vehicle),Ran off road - right,None Indicated,,Dark - roadway not lighted,Dry,Clear,None apparent,Non-intersection:  Non-junction/no special feature,Paved,,Property Damage Only,0,0,0,0,0,0,60000,1,1,,POINT (-96.259603584532 42.259292729111)
2014829602,14-001390,11/21/2014,11-November,6-Friday,19:00,1900 Hours,District 1 (Central),,STORY,I-35,I-35,Collision with:  Vehicle in traffic,On Roadway,Rear-end (front to rear),Followed too close,None Indicated,,Dark - roadway not lighted,Dry,Clear,None apparent,Non-intersection:  Non-junction/no special feature,Paved,,Possible/Unknown,0,1,0,0,1,0,11000,3,3,,POINT (-93.570126741313 41.965662903609)
2014829520,SA1409869,11/21/2014,11-November,6-Friday,07:38,0700 Hours,District 5 (Southeast),,WASHINGTON,IA 1,IA 1 & IA 92 & Co Rd G36/220TH ST,Collision with:  Vehicle in traffic,On Roadway,"Angle, oncoming left turn",FTYROW:  From stop sign,None Indicated,,Daylight,Dry,Clear,None apparent,Intersection:  Four-way intersection,Paved,,Property Damage Only,0,0,0,0,0,0,5000,2,2,,POINT (-91.715729227958 41.337181330076)
2014829011,14-22636,11/21/2014,11-November,6-Friday,10:01,1000 Hours,District 2 (Northeast),,BREMER,US 218,US 218,Collision with:  Vehicle in traffic,On Roadway,"Sideswipe, same direction",Swerving/Evasive Action,None Indicated,,Daylight,Dry,Clear,None apparent,Non-intersection:  Non-junction/no special feature,Paved,,Property Damage Only,0,0,0,0,0,0,15000,2,2,,POINT (-92.544615907594 42.862991669846)
2014831036,,11/21/2014,11-November,6-Friday,16:54,1600 Hours,District 6 (East Central),CEDAR RAPIDS,LINN,I-380,I-380,Collision with fixed object:  Other fixed object (explain in narrative),Shoulder,Non-collision (single vehicle),Unknown,None Indicated,,Dark - unknown roadway lighting,Wet,Rain,,Non-intersection:  Other non-intersection (explain in narrative),Paved,,Minor Injury,0,2,0,2,0,0,4000,1,2,,POINT (-91.670893435416 41.889944321106)
2014830004,14-017601,11/21/2014,11-November,6-Friday,15:12,1500 Hours,District 3 (Northwest),SPENCER,CLAY,US 18,US 18/HIGHWAY BLVD & W 18TH ST & E 18TH ST,Collision with:  Vehicle in traffic,On Roadway,"Angle, oncoming left turn",FTYROW:  Making left turn,None Indicated,,Daylight,Snow,Clear,None apparent,Intersection:  Four-way intersection,Paved,,Property Damage Only,0,0,0,0,0,0,3000,2,2,,POINT (-95.146291655109 43.15570611808)
2014829162,14-22625,11/21/2014,11-November,6-Friday,00:30,0000 Hours,District 2 (Northeast),,BREMER,US 218,US 218,Collision with:  Animal,,,Animal,None Indicated,,,,,,,Paved,,Property Damage Only,0,0,0,0,0,0,3500,1,1,,POINT (-92.545076592463 42.883606561543)
2014829267,14-7727,11/21/2014,11-November,6-Friday,15:11,1500 Hours,District 1 (Central),,POLK,,NE 80TH ST,Collision with:  Vehicle in traffic,On Roadway,Rear-end (front to rear),Swerving/Evasive Action,None Indicated,,Daylight,Dry,Cloudy,None apparent,Non-intersection:  Non-junction/no special feature,Paved,,Property Damage Only,0,0,0,0,0,0,11000,3,4,,POINT (-93.445003113921 41.612305268873)
2014829276,20140034650,11/21/2014,11-November,6-Friday,18:06,1800 Hours,District 1 (Central),DES MOINES,POLK,I-235,I-235,Collision with:  Vehicle in traffic,On Roadway,Rear-end (front to rear),Followed too close,None Indicated,,Dark - roadway lighted,Dry,Cloudy,None apparent,Non-intersection:  Non-junction/no special feature,Paved,,Property Damage Only,0,0,0,0,0,0,6500,4,5,,POINT (-93.63001151569 41.595884772646)
2014831089,14114875,11/21/2014,11-November,6-Friday,15:53,1500 Hours,District 2 (Northeast),CEDAR FALLS,BLACK HAWK,IA 27,IA 27 & GREENHILL RD,Collision with:  Vehicle in traffic,On Roadway,Broadside (front to side),FTYROW:  Making left turn,None Indicated,,Daylight,Dry,Clear,None apparent,Intersection:  Four-way intersection,Paved,,Possible/Unknown,0,1,0,0,1,0,10250,3,3,,POINT (-92.452778978593 42.498737897842)
2014830022,A14088,11/21/2014,11-November,6-Friday,11:33,1100 Hours,District 5 (Southeast),KNOXVILLE,MARION,,W MONTGOMERY ST & S KENT ST,Collision with:  Vehicle in traffic,On Roadway,Broadside (front to side),FTYROW:  From stop sign,None Indicated,,Daylight,Dry,Cloudy,None apparent,Intersection:  Four-way intersection,Paved,,Property Damage Only,0,0,0,0,0,0,5000,2,4,,POINT (-93.102082306069 41.317107502995)
2014829330,14-38432,11/21/2014,11-November,6-Friday,14:14,1400 Hours,District 3 (Northwest),SIOUX CITY,WOODBURY,IA 12,IA 12/GORDON DR & STONE AVE,Collision with:  Vehicle in traffic,On Roadway,Rear-end (front to rear),Other (explain in narrative):  Other,None Indicated,,Daylight,Dry,Clear,None apparent,Non-intersection:  Non-junction/no special feature,Paved,,Minor Injury,0,1,0,1,0,0,6000,2,2,,POINT (-96.351972141393 42.479177532225)
2014829499,PD14-11678,11/21/2014,11-November,6-Friday,16:15,1600 Hours,District 1 (Central),MARSHALLTOWN,MARSHALL,,S 6TH ST & MERLE HIBBS BLVD,Collision with:  Vehicle in traffic,On Roadway,Rear-end (front to rear),Other (explain in narrative):  Other,None Indicated,,Daylight,Dry,Cloudy,None apparent,Intersection:  Four-way intersection,Paved,,Property Damage Only,0,0,0,0,0,0,1700,2,3,,POINT (-92.922102438485 42.012779013054)
2014829137,14-3743,11/21/2014,11-November,6-Friday,10:30,1000 Hours,District 1 (Central),FORT DODGE,WEBSTER,,4TH AVE S,Collision with:  Parked motor vehicle,On Roadway,Unknown,Unknown,None Indicated,,Daylight,Dry,Clear,None apparent,Non-intersection:  Non-junction/no special feature,Paved,,Property Damage Only,0,0,0,0,0,0,5000,2,1,,POINT (-94.175576700006 42.502074964067)
2014829895,14-41629,11/21/2014,11-November,6-Friday,18:03,1800 Hours,District 5 (Southeast),BURLINGTON,DES MOINES,US 61,US 61,Collision with:  Vehicle in traffic,On Roadway,Rear-end (front to rear),Other (explain in narrative):  Other,None Indicated,,Dark - roadway lighted,Dry,Clear,None apparent,Non-intersection:  Non-junction/no special feature,Paved,,Minor Injury,0,1,0,1,0,0,3000,2,4,,POINT (-91.141656202204 40.797918811329)
2014829280,20140034669,11/21/2014,11-November,6-Friday,20:45,2000 Hours,District 1 (Central),DES MOINES,POLK,,GRAND AVE & 18TH ST,Collision with:  Vehicle in traffic,On Roadway,"Sideswipe, opposite direction",Crossed centerline (undivided),Refused,,Dark - roadway lighted,Dry,Cloudy,None apparent,Intersection:  Other intersection (explain in narrative),Paved,,Property Damage Only,0,0,0,0,0,0,5500,2,3,,POINT (-93.641189575064 41.584464838991)
2014829426,2014065142,11/21/2014,11-November,6-Friday,13:05,1300 Hours,District 5 (Southeast),,LUCAS,US 65,US 65 & 510TH ST,Collision with:  Vehicle in traffic,On Roadway,Rear-end (front to rear),Swerving/Evasive Action,None Indicated,,Daylight,Dry,Clear,None apparent,Non-intersection:  Non-junction/no special feature,Paved,,Possible/Unknown,0,1,0,0,1,0,14000,2,2,,POINT (-93.470662599601 41.05764562691)
2014828975,1411212771,11/21/2014,11-November,6-Friday,10:40,1000 Hours,District 6 (East Central),,CLINTON,US 67,US 67,Collision with:  Animal,,,Animal,None Indicated,,,,,,,Paved,,Property Damage Only,0,0,0,0,0,0,6000,1,1,,POINT (-90.309420552838 41.768961209117)
2014830116,14-005517,11/21/2014,11-November,6-Friday,16:00,1600 Hours,District 1 (Central),AMES,STORY,US 69,US 69/S DUFF AVE & CHESTNUT ST,Collision with:  Vehicle in traffic,On Roadway,Rear-end (front to rear),Followed too close,None Indicated,,Daylight,Dry,Cloudy,None apparent,Non-intersection:  Non-junction/no special feature,Paved,,Property Damage Only,0,0,0,0,0,0,1500,2,2,,POINT (-93.610292893176 42.01150731613)
2014829712,14114941,11/21/2014,11-November,6-Friday,18:28,1800 Hours,District 2 (Northeast),CEDAR FALLS,BLACK HAWK,,S FRONTAGE RD & HOLIDAY RD,Collision with:  Vehicle in traffic,On Roadway,Broadside (front to side),FTYROW:  From stop sign,None Indicated,,Dark - unknown roadway lighting,Dry,Clear,None apparent,Intersection:  Four-way intersection,Paved,,Property Damage Only,0,0,0,0,0,0,2850,2,2,,POINT (-92.433301408227 42.512800408368)
2014829586,PD1410442,11/21/2014,11-November,6-Friday,12:28,1200 Hours,District 5 (Southeast),FAIRFIELD,JEFFERSON,IA 1,IA 1/N 2ND ST & W KIRKWOOD AVE,Collision with fixed object:  Utility pole/light support,On Roadway,Non-collision (single vehicle),Made improper turn,None Indicated,,Daylight,Dry,Clear,None apparent,Intersection:  Four-way intersection,Paved,,Property Damage Only,0,0,0,0,0,0,9000,1,1,,POINT (-91.96503316559 41.01289178291)
2014830734,14-019738,11/21/2014,11-November,6-Friday,08:18,0800 Hours,District 5 (Southeast),,HENRY,,Co Rd H28/170TH ST & Co Rd W55/FRANKLIN AVE/5TH ST,Collision with:  Vehicle in traffic,On Roadway,"Angle, oncoming left turn",Made improper turn,None Indicated,,Daylight,Dry,Clear,None apparent,Intersection:  T-intersection,Paved,,Property Damage Only,0,0,0,0,0,0,2000,2,2,,POINT (-91.636465813037 41.06159216381)
2014829669,2014012968,11/21/2014,11-November,6-Friday,07:01,0700 Hours,District 6 (East Central),IOWA CITY,JOHNSON,,E BLOOMINGTON ST & ELIZABETH ST,Collision with:  Parked motor vehicle,On Roadway,"Sideswipe, same direction",Other (explain in narrative):  Other,None Indicated,,Daylight,Dry,Clear,None apparent,Non-intersection:  Non-junction/no special feature,Paved,,Property Damage Only,0,0,0,0,0,0,3000,2,1,,POINT (-91.519702647666 41.664593960464)
2014831483,2014065236,11/21/2014,11-November,6-Friday,21:24,2100 Hours,District 4 (Southwest),,HARRISON,I-29,I-29,Collision with:  Animal,,,Animal,None Indicated,,,,,,,Paved,,Property Damage Only,0,0,0,0,0,0,10000,1,1,,POINT (-96.043608615087 41.705038893839)
2014830234,SA1409876,11/21/2014,11-November,6-Friday,12:05,1200 Hours,District 5 (Southeast),,WASHINGTON,,FIR AVE,Non-collision events:  Overturn/rollover,Outside trafficway,Non-collision (single vehicle),Crossed centerline (undivided),None Indicated,,Daylight,"Mud, dirt",Clear,None apparent,Non-intersection:  Non-junction/no special feature,Unpaved,,Property Damage Only,0,0,0,0,0,0,10000,1,2,,POINT (-91.846449691273 41.45563486831)
2014829632,14-5898,11/21/2014,11-November,6-Friday,04:44,0400 Hours,District 1 (Central),WEST DES MOINES,POLK,,5TH ST,Collision with:  Other non-fixed object (explain in narrative),On Roadway,Non-collision (single vehicle),Traveling wrong way or on wrong side of road,Alcohol (Statutory),,Dark - roadway lighted,Dry,Clear,None apparent,Non-intersection:  Non-junction/no special feature,Paved,,Possible/Unknown,0,1,0,0,1,0,3000,1,1,,POINT (-93.708892783112 41.571736406713)
2014830212,SA1409881,11/21/2014,11-November,6-Friday,15:05,1500 Hours,District 5 (Southeast),RIVERSIDE,WASHINGTON,IA 22,IA 22,Collision with:  Vehicle in traffic,On Roadway,"Angle, oncoming left turn",FTYROW:  From driveway,None Indicated,,Daylight,Dry,Clear,None apparent,Non-intersection:  Driveway access (within),Paved,,Property Damage Only,0,0,0,0,0,0,5000,2,3,,POINT (-91.526537097676 41.496287536434)
2014834410,2014-007406,11/21/2014,11-November,6-Friday,19:00,1900 Hours,District 6 (East Central),,BENTON,,Co Rd E36/32 AVE,Collision with:  Animal,,,Animal,None Indicated,,,,,,,Paved,,Property Damage Only,0,0,0,0,0,0,3000,1,1,,POINT (-91.869056009242 42.072044160581)
2014829472,14-048555,11/21/2014,11-November,6-Friday,21:48,2100 Hours,District 5 (Southeast),MUSCATINE,MUSCATINE,,HAGERMAN DR,Collision with:  Vehicle in traffic,On Roadway,Rear-end (front to rear),Lost Control,Alcohol (Statutory),,Dark - roadway not lighted,Wet,Rain,None apparent,Non-intersection:  Non-junction/no special feature,Paved,,Property Damage Only,0,0,0,0,0,0,8000,2,1,,POINT (-91.059978777679 41.426260224011)
2014833266,,11/21/2014,11-November,6-Friday,19:10,1900 Hours,District 5 (Southeast),FORT MADISON,LEE,,,Collision with:  Vehicle in traffic,On Roadway,Rear-end (front to rear),Improper Backing,None Indicated,,Dark - roadway lighted,Wet,Rain,None apparent,Non-intersection:  Non-junction/no special feature,,,Property Damage Only,0,0,0,0,0,0,1500,2,2,,POINT (-96.643700149993 40.233091251414)
2014829688,14-22713,11/21/2014,11-November,6-Friday,15:58,1500 Hours,District 6 (East Central),BETTENDORF,SCOTT,I-74,I-74,Collision with:  Vehicle in traffic,On Roadway,Rear-end (front to rear),Followed too close,None Indicated,,Daylight,Dry,Cloudy,None apparent,Interchange-related:  On-ramp merge area,Paved,,Property Damage Only,0,0,0,0,0,0,1600,2,2,,POINT (-90.513432841842 41.524358841444)
2014829443,14-41666,11/21/2014,11-November,6-Friday,23:03,2300 Hours,District 5 (Southeast),BURLINGTON,DES MOINES,,ASH ST & 9TH ST & DES MOINES AVE,Collision with fixed object:  Other fixed object (explain in narrative),On Roadway,Non-collision (single vehicle),Ran off road - left,None Indicated,,Dark - roadway not lighted,Wet,Rain,None apparent,Non-intersection:  Other non-intersection (explain in narrative),Paved,,Minor Injury,0,1,0,1,0,0,5000,1,1,,POINT (-91.106964451865 40.824504223586)
2014829253,14024726,11/21/2014,11-November,6-Friday,17:52,1700 Hours,District 6 (East Central),MARION,LINN,,10TH AVE,Collision with:  Vehicle in traffic,On Roadway,Rear-end (front to rear),Followed too close,None Indicated,,Dark - roadway lighted,Dry,Clear,None apparent,Non-intersection:  Non-junction/no special feature,Paved,,Property Damage Only,0,0,0,0,0,0,3500,3,6,,POINT (-91.55295563837 42.035755459116)
2014829840,14-22677,11/21/2014,11-November,6-Friday,19:41,1900 Hours,District 2 (Northeast),,BREMER,IA 3,IA 3/IOWA 3,Collision with:  Animal,,,Animal,None Indicated,,,,,,,Paved,,Property Damage Only,0,0,0,0,0,0,2500,1,1,,POINT (-92.163029120682 42.714789274054)
2014829147,14-049166,11/21/2014,11-November,6-Friday,13:45,1300 Hours,District 4 (Southwest),COUNCIL BLUFFS,POTTAWATTAMIE,I-29,I-29 & IA 192/S EXPRESSWAY & SERVICE ROAD E,Collision with:  Vehicle in traffic,On Roadway,"Angle, oncoming left turn",FTYROW:  Other (explain in narrative),None Indicated,,Daylight,Dry,Cloudy,None apparent,Intersection:  Intersection with ramp,Paved,,Property Damage Only,0,0,0,0,0,0,3000,2,2,,POINT (-95.85134240263 41.233524201976)
2014831929,2014065222,11/21/2014,11-November,6-Friday,21:06,2100 Hours,District 1 (Central),,GRUNDY,US 20,US 20,Non-collision events:  Overturn/rollover,On Roadway,Non-collision (single vehicle),Crossed centerline (undivided),None Indicated,,Dark - roadway not lighted,Dry,Cloudy,None apparent,"Interchange-related:  Off-ramp, diverge area",Paved,,Possible/Unknown,0,1,0,0,1,0,3500,1,1,,POINT (-92.766307227835 42.462845833666)
2014840011,S79140373,11/21/2014,11-November,6-Friday,16:22,1600 Hours,District 1 (Central),,POWESHIEK,US 6,US 6 & 60TH ST,Collision with fixed object:  Utility pole/light support,On Roadway,Non-collision (single vehicle),Ran off road - left,None Indicated,,Daylight,Dry,Clear,None apparent,Intersection:  T-intersection,Paved,,Property Damage Only,0,0,0,0,0,0,3000,1,1,,POINT (-92.669269073056 41.746050738872)
2014829893,2014-80597,11/21/2014,11-November,6-Friday,18:55,1800 Hours,District 6 (East Central),DAVENPORT,SCOTT,,E LOCUST ST & GRAND AVE,Collision with:  Vehicle in traffic,On Roadway,Broadside (front to side),Ran Traffic Signal,None Indicated,,Dark - roadway lighted,Dry,Clear,None apparent,Intersection:  Four-way intersection,Paved,,Property Damage Only,0,0,0,0,0,0,20000,2,2,,POINT (-90.56486391783 41.538267142319)
2014850879,14009390,11/21/2014,11-November,6-Friday,23:00,2300 Hours,District 5 (Southeast),,LOUISA,IA 92,IA 92/IOWA 92,Collision with:  Animal,On Roadway,Non-collision (single vehicle),Animal,None Indicated,,,,,,,Paved,,Property Damage Only,0,0,0,0,0,0,4000,1,1,,POINT (-91.482676676287 41.293198890543)