Iowa DOT Case Number,Law Enforcement Case Number,Date of Crash,Month of Crash,Day of Week,Time of Crash,Hour,DOT District,City Name,County Name,Route with System,Location Description,First Harmful Event,Location of First Harmful Event,Manner of Crash/Collision,Major Cause,Drug or Alcohol ,Environmental Conditions,Light Conditions,Surface Conditions,Weather Conditions,Roadway Contribution,Roadway Type,Roadway Surface,Work Zone,Crash Severity,Number of Fatalities,Number of Injuries,Number of Major Injuries,Number of Minor Injuries,Number of Possible Injuries,Number of Unknown Injuries,Amount of Property Damage,Number of Vehicles Involved,Total Number of Occupants,Travel Direction,Location
2014829300,20140034661,11/21/2014,11-November,6-Friday,20:30,2000 Hours,District 1 (Central),DES MOINES,POLK,,WALNUT ST & 2ND AVE,Collision with:  Vehicle in traffic,On Roadway,Rear-end (front to rear),Other (explain in narrative):  Other,None Indicated,,Dark - roadway lighted,Dry,Cloudy,None apparent,Non-intersection:  Non-junction/no special feature,Paved,,Property Damage Only,0,0,0,0,0,0,4000,2,3,,POINT (-93.619726727359 41.586933425341)
2014829628,14-41657,11/21/2014,11-November,6-Friday,22:09,2200 Hours,District 5 (Southeast),BURLINGTON,DES MOINES,,AGENCY ST,Collision with:  Vehicle in traffic,On Roadway,Non-collision (single vehicle),Animal,None Indicated,,Dark - roadway lighted,Wet,Cloudy,None apparent,Non-intersection:  Non-junction/no special feature,Paved,,Property Damage Only,0,0,0,0,0,0,2000,1,1,,POINT (-91.127906673109 40.814775325996)
2014829831,20140034653,11/21/2014,11-November,6-Friday,18:41,1800 Hours,District 1 (Central),DES MOINES,POLK,I-235,I-235 & KEOSAUQUA WAY,Collision with:  Vehicle in traffic,On Roadway,Rear-end (front to rear),Followed too close,None Indicated,,Dark - roadway lighted,Dry,Cloudy,None apparent,Non-intersection:  Non-junction/no special feature,Paved,,Property Damage Only,0,0,0,0,0,0,6500,2,3,,POINT (-93.635988382749 41.596023002667)
2014829481,14-2610,11/21/2014,11-November,6-Friday,16:15,1600 Hours,District 1 (Central),URBANDALE,POLK,US 6,US 6/HICKMAN RD,Collision with:  Vehicle in traffic,On Roadway,Rear-end (front to rear),Driver Distraction:  Manual operation of an electronic communication device,None Indicated,,Dark - roadway not lighted,Dry,Cloudy,None apparent,Non-intersection:  Non-junction/no special feature,Paved,,Property Damage Only,0,0,0,0,0,0,15000,2,2,,POINT (-93.771070058746 41.614895104099)
2014830048,,11/21/2014,11-November,6-Friday,20:00,2000 Hours,District 1 (Central),,HARDIN,US 20,US 20,Collision with:  Animal,On Roadway,Non-collision (single vehicle),Animal,None Indicated,,Dark - roadway not lighted,Dry,Cloudy,,Non-intersection:  Non-junction/no special feature,Paved,,Property Damage Only,0,0,0,0,0,0,6000,1,3,,POINT (-93.158650807888 42.426410052618)
2014829667,14010417,11/21/2014,11-November,6-Friday,22:45,2200 Hours,District 6 (East Central),HAZLETON,BUCHANAN,,MADISON ST,Collision with:  Parked motor vehicle,Shoulder,Unknown,Driving too fast for conditions,None Indicated,,Dark - roadway lighted,Ice/frost,Cloudy,"Surface condition (e.g., wet, icy)",Non-intersection:  Non-junction/no special feature,Paved,,Property Damage Only,0,0,0,0,0,0,5500,2,777,,POINT (-91.902867963268 42.617908923255)
2014830014,17622-14,11/21/2014,11-November,6-Friday,19:23,1900 Hours,District 3 (Northwest),SPENCER,CLAY,,W 5TH ST & WEST LN,Collision with:  Vehicle in traffic,On Roadway,Broadside (front to side),Ran Stop Sign,None Indicated,,Dark - roadway not lighted,Wet,Cloudy,None apparent,Intersection:  Four-way intersection,Paved,,Possible/Unknown,0,1,0,0,1,0,9000,2,2,,POINT (-95.164599982388 43.143367158003)
2014831482,2014065217,11/21/2014,11-November,6-Friday,17:20,1700 Hours,District 3 (Northwest),SERGEANT BLUFF,WOODBURY,,Co Rd K29/OLD LAKEPORT RD,Collision with:  Animal,,,Animal,None Indicated,,,,,,,Paved,,Property Damage Only,0,0,0,0,0,0,2500,1,1,,POINT (-96.344111684174 42.423200846621)
2014830117,14-005519,11/21/2014,11-November,6-Friday,16:10,1600 Hours,District 1 (Central),AMES,STORY,,S 16TH ST & BUCKEYE AVE,Collision with:  Vehicle in traffic,On Roadway,"Angle, oncoming left turn",FTYROW:  Making left turn,None Indicated,,Daylight,Dry,Cloudy,None apparent,Intersection:  T-intersection,Paved,,Property Damage Only,0,0,0,0,0,0,15500,3,3,,POINT (-93.611542778497 42.008348355599)
2014828984,20140034581,11/21/2014,11-November,6-Friday,04:00,0400 Hours,District 1 (Central),DES MOINES,POLK,,STEWART ST,Collision with:  Parked motor vehicle,On Roadway,"Sideswipe, same direction",Equipment failure,None Indicated,,Dark - roadway lighted,Dry,Clear,None apparent,Non-intersection:  Non-junction/no special feature,Paved,,Property Damage Only,0,0,0,0,0,0,6500,2,1,,POINT (-93.588031075637 41.60691584191)
2014829480,14-2609,11/21/2014,11-November,6-Friday,17:35,1700 Hours,District 1 (Central),URBANDALE,POLK,I-35,I-35,Collision with:  Vehicle in traffic,On Roadway,Rear-end (front to rear),Ran off road - right,None Indicated,,Dark - roadway not lighted,Dry,Cloudy,None apparent,Interchange-related:  On-ramp,Paved,,Major Injury,0,1,1,0,0,0,20452,2,2,,POINT (-93.776202109732 41.64950205698)
2014829274,20140034645,11/21/2014,11-November,6-Friday,17:34,1700 Hours,District 1 (Central),DES MOINES,POLK,,3RD ST,Collision with:  Parked motor vehicle,On Roadway,"Sideswipe, same direction",Other (explain in narrative):  Other,None Indicated,,Dark - roadway lighted,Dry,Cloudy,None apparent,Non-intersection:  Non-junction/no special feature,Paved,,Property Damage Only,0,0,0,0,0,0,3000,2,1,,POINT (-93.620554856282 41.585712979298)
2014829278,20140034670,11/21/2014,11-November,6-Friday,19:30,1900 Hours,District 1 (Central),DES MOINES,POLK,,URBANDALE AVE,Collision with fixed object:  Other fixed object (explain in narrative),Shoulder,Non-collision (single vehicle),Ran off road - right,None Indicated,,Dark - roadway lighted,Wet,Cloudy,None apparent,Non-intersection:  Non-junction/no special feature,Paved,,Property Damage Only,0,0,0,0,0,0,2500,1,1,,POINT (-93.683276640717 41.622187831877)
2014829299,20140034611,11/21/2014,11-November,6-Friday,11:20,1100 Hours,District 1 (Central),DES MOINES,POLK,,JACKSON AVE & SW 3RD ST & INDIANOLA AVE,Collision with:  Vehicle in traffic,On Roadway,"Angle, oncoming left turn",FTYROW:  Making left turn,None Indicated,,Daylight,Dry,Cloudy,None apparent,Intersection:  Four-way intersection,Paved,,Property Damage Only,0,0,0,0,0,0,4000,2,5,,POINT (-93.617093705164 41.576264975014)
2014832246,146193,11/21/2014,11-November,6-Friday,09:56,0900 Hours,District 1 (Central),IOWA FALLS,HARDIN,,HICKORY ST & RIVER ST,Collision with:  Vehicle in traffic,On Roadway,Rear-end (front to rear),Lost Control,None Indicated,,Daylight,Dry,Clear,None apparent,Non-intersection:  Non-junction/no special feature,Paved,,Property Damage Only,0,0,0,0,0,0,3000,2,2,,POINT (-93.26786150649 42.523236568799)
2014834165,14-005052,11/21/2014,11-November,6-Friday,14:05,1400 Hours,District 1 (Central),ANKENY,POLK,,SE PDI PL,Collision with:  Vehicle in traffic,On Roadway,"Sideswipe, same direction",Crossed centerline (undivided),None Indicated,,Daylight,Dry,Cloudy,None apparent,Intersection:  Four-way intersection,Paved,,Property Damage Only,0,0,0,0,0,0,4000,2,2,,POINT (-93.584456841178 41.702797222367)
2014830120,01-14-000444,11/21/2014,11-November,6-Friday,03:50,0300 Hours,District 4 (Southwest),HARLAN,SHELBY,US 59,US 59,Collision with:  Animal,,,Animal,None Indicated,,,,,,,Paved,,Property Damage Only,0,0,0,0,0,0,3000,1,1,,POINT (-95.334673786738 41.588275095712)
2014829535,2014-25116,11/21/2014,11-November,6-Friday,19:36,1900 Hours,District 5 (Southeast),,WARREN,US 65,US 65,Collision with:  Animal,,,Animal,None Indicated,,,,,,,Paved,,Property Damage Only,0,0,0,0,0,0,1500,1,3,,POINT (-93.561956662484 41.304971774718)
2014830627,S14-K2103,11/21/2014,11-November,6-Friday,23:55,2300 Hours,District 5 (Southeast),,CLARKE,,LEISURE ST,Non-collision events:  Other non-collision (explain in narrative),On Roadway,Non-collision (single vehicle),Crossed centerline (undivided),Alcohol (Statutory),,Dark - roadway not lighted,"Mud, dirt",Rain,None apparent,Non-intersection:  Non-junction/no special feature,Unpaved,,Property Damage Only,0,0,0,0,0,0,2500,1,1,,POINT (-93.841709663401 41.057379472684)
2014829546,14-035837,11/21/2014,11-November,6-Friday,20:45,2000 Hours,District 5 (Southeast),,LEE,,Co Rd J62/255 ST,Collision with:  Animal,,,Animal,None Indicated,,,,,,,Paved,,Property Damage Only,0,0,0,0,0,0,1500,1,1,,POINT (-91.476157208472 40.589336508437)
2014829265,14-7734,11/21/2014,11-November,6-Friday,17:19,1700 Hours,District 1 (Central),ANKENY,POLK,,NW 26TH ST & NW 76TH AVE,Collision with:  Animal,,,Animal,None Indicated,,,,,,,Paved,,Property Damage Only,0,0,0,0,0,0,1500,1,1,,POINT (-93.653024058141 41.699185500447)
2014831225,2014-039867,11/21/2014,11-November,6-Friday,07:46,0700 Hours,District 6 (East Central),DUBUQUE,DUBUQUE,IA 32,IA 32/IA32 NW ARTERIAL & ASBURY RD,Collision with:  Vehicle in traffic,On Roadway,"Sideswipe, same direction",Ran Traffic Signal,None Indicated,,Daylight,Dry,Clear,None apparent,Intersection:  Four-way intersection,Paved,,Property Damage Only,0,0,0,0,0,0,3000,2,2,,POINT (-90.740930416656 42.515299870587)
2014829601,14-001389,11/21/2014,11-November,6-Friday,18:14,1800 Hours,District 1 (Central),,STORY,US 30,US 30 & 667TH AVE,,On Roadway,Non-collision (single vehicle),Equipment failure,None Indicated,,Dark - roadway not lighted,Dry,Clear,None apparent,Non-intersection:  Non-junction/no special feature,Paved,,Property Damage Only,0,0,0,0,0,0,1500,1,1,,POINT (-93.370195604893 42.007795254561)
2014839054,2014065128,11/21/2014,11-November,6-Friday,11:15,1100 Hours,District 2 (Northeast),,CERRO GORDO,,Co Rd B43/210TH ST & Co Rd S34/LARK AVE,Collision with:  Vehicle in traffic,On Roadway,Broadside (front to side),FTYROW:  From stop sign,Drug,,Daylight,Dry,Cloudy,None apparent,Intersection:  Four-way intersection,Paved,,Fatal,1,0,0,0,0,0,12000,2,2,,POINT (-93.280644857567 43.067096447482)
2014829141,14-049136,11/21/2014,11-November,6-Friday,09:00,0900 Hours,District 4 (Southwest),COUNCIL BLUFFS,POTTAWATTAMIE,I-29,I-29 & S 24TH ST,Collision with:  Vehicle in traffic,On Roadway,Rear-end (front to rear),Followed too close,None Indicated,,Daylight,Dry,Cloudy,None apparent,Non-intersection:  Non-junction/no special feature,Paved,,Possible/Unknown,0,2,0,0,1,1,9500,3,7,,POINT (-95.879227327906 41.232235339376)
2014829335,14-38462,11/21/2014,11-November,6-Friday,19:25,1900 Hours,District 3 (Northwest),SIOUX CITY,WOODBURY,,DACE AVE & FLOYD BLVD,Collision with:  Vehicle in traffic,On Roadway,Rear-end (front to rear),Unknown,None Indicated,,Dark - roadway lighted,Dry,Clear,None apparent,Non-intersection:  Non-junction/no special feature,Paved,,Possible/Unknown,0,2,0,0,1,1,2000,2,4,,POINT (-96.393374823391 42.488745206597)
2014829436,14-049220,11/21/2014,11-November,6-Friday,21:00,2100 Hours,District 4 (Southwest),COUNCIL BLUFFS,POTTAWATTAMIE,US 6,US 6/KANESVILLE BLVD,Collision with:  Vehicle in traffic,On Roadway,Non-collision (single vehicle),Animal,None Indicated,,Dark - roadway not lighted,Dry,Clear,None apparent,Non-intersection:  Non-junction/no special feature,Paved,,Property Damage Only,0,0,0,0,0,0,3000,1,1,,POINT (-95.799192517074 41.279593689089)
2014829823,20140034647,11/21/2014,11-November,6-Friday,17:58,1700 Hours,District 1 (Central),DES MOINES,POLK,I-235,I-235 & KEOSAUQUA WAY,Collision with:  Vehicle in traffic,On Roadway,Rear-end (front to rear),Followed too close,None Indicated,,Dark - roadway lighted,Dry,Cloudy,None apparent,Non-intersection:  Non-junction/no special feature,Paved,,Property Damage Only,0,0,0,0,0,0,4500,2,4,,POINT (-93.635976385097 41.596023068269)
2014829636,CL14004109,11/21/2014,11-November,6-Friday,13:13,1300 Hours,District 6 (East Central),CLINTON,CLINTON,US 30,US 30/LINCOLN WAY & S 17TH ST,Collision with:  Vehicle in traffic,On Roadway,Rear-end (front to rear),Followed too close,None Indicated,,Daylight,Dry,Clear,None apparent,Non-intersection:  Non-junction/no special feature,Paved,,Property Damage Only,0,0,0,0,0,0,3500,2,2,,POINT (-90.22693002744 41.816170011874)
2014829146,2014012978,11/21/2014,11-November,6-Friday,10:57,1000 Hours,District 6 (East Central),IOWA CITY,JOHNSON,,J ST & BRADFORD ST & S 1ST AVE,Collision with:  Vehicle in traffic,On Roadway,Broadside (front to side),Ran Traffic Signal,None Indicated,,Daylight,Dry,Clear,None apparent,Intersection:  Four-way intersection,Paved,,Property Damage Only,0,0,0,0,0,0,8000,2,4,,POINT (-91.502025190031 41.64631516515)
2014829640,14-005044,11/21/2014,11-November,6-Friday,05:59,0500 Hours,District 1 (Central),ANKENY,POLK,,SE MAGAZINE RD & SE DELAWARE AVE,Collision with:  Vehicle in traffic,On Roadway,"Sideswipe, opposite direction",FTYROW:  Making left turn,None Indicated,,Dark - roadway lighted,Dry,Clear,None apparent,Intersection:  Four-way intersection,Paved,,Property Damage Only,0,0,0,0,0,0,8000,2,2,,POINT (-93.581150915932 41.717396434034)
2014829604,14-22697,11/21/2014,11-November,6-Friday,08:16,0800 Hours,District 6 (East Central),BETTENDORF,SCOTT,,TANGLEFOOT LN,Collision with:  Vehicle in traffic,On Roadway,Rear-end (front to rear),Equipment failure,None Indicated,,Daylight,Dry,Clear,None apparent,Non-intersection:  Non-junction/no special feature,Paved,,Property Damage Only,0,0,0,0,0,0,1800,2,2,,POINT (-90.487481993662 41.56068439439)
2014831229,2014-039888,11/21/2014,11-November,6-Friday,17:16,1700 Hours,District 6 (East Central),DUBUQUE,DUBUQUE,,BECKER CT & CHANEY RD,Collision with:  Vehicle in traffic,On Roadway,Rear-end (front to rear),Lost Control,None Indicated,,Dark - roadway lighted,Dry,Clear,None apparent,Non-intersection:  Non-junction/no special feature,Paved,,Property Damage Only,0,0,0,0,0,0,6500,2,1,,POINT (-90.706276213111 42.515268548403)
2014829389,2014-80495,11/21/2014,11-November,6-Friday,09:33,0900 Hours,District 6 (East Central),DAVENPORT,SCOTT,US 6,US 6/W KIMBERLY RD,Collision with:  Vehicle in traffic,On Roadway,Broadside (front to side),Ran Stop Sign,None Indicated,,Daylight,Dry,Clear,None apparent,Unknown,Paved,,Property Damage Only,0,0,0,0,0,0,2500,2,2,,POINT (-90.626247276093 41.560293148523)
2014830190,14020321,11/21/2014,11-November,6-Friday,18:01,1800 Hours,District 2 (Northeast),MASON CITY,CERRO GORDO,US 65,US 65/S FEDERAL AVE & IA 122/5TH ST SE/5TH ST SW,Collision with:  Vehicle in traffic,On Roadway,"Angle, oncoming left turn",Made improper turn,None Indicated,,Dark - roadway lighted,Dry,Clear,None apparent,Intersection:  Four-way intersection,Paved,,Property Damage Only,0,0,0,0,0,0,2000,2,3,,POINT (-93.201061098722 43.147146564056)
2014829002,20140034580,11/21/2014,11-November,6-Friday,03:38,0300 Hours,District 1 (Central),DES MOINES,POLK,US 69,US 69/JOHNSON CT & BUCHANAN ST,Collision with:  Vehicle in traffic,On Roadway,"Sideswipe, same direction",FTYROW:  Other (explain in narrative),None Indicated,,Dark - roadway lighted,Dry,Clear,None apparent,Non-intersection:  Non-junction/no special feature,Paved,,Property Damage Only,0,0,0,0,0,0,1500,2,3,,POINT (-93.599177296449 41.598832844845)
2014829522,SO14002758,11/21/2014,11-November,6-Friday,06:38,0600 Hours,District 3 (Northwest),,PLYMOUTH,,TAMARACK AVE,Collision with:  Animal,,,Animal,None Indicated,,,,,,,Paved,,Property Damage Only,0,0,0,0,0,0,4000,1,1,,POINT (-95.878380109783 42.848548426444)
2014830691,2014065097,11/21/2014,11-November,6-Friday,10:04,1000 Hours,District 4 (Southwest),,CASS,I-80,I-80,Collision with fixed object:  Guardrail - face,Shoulder,Non-collision (single vehicle),Ran off road - right,None Indicated,,Daylight,Dry,Clear,None apparent,Non-intersection:  Other non-intersection (explain in narrative),Paved,,Property Damage Only,0,0,0,0,0,0,10500,1,1,,POINT (-94.832504949981 41.497097770943)
2014830006,14-13525,11/21/2014,11-November,6-Friday,16:00,1600 Hours,District 3 (Northwest),,SIOUX,US 18,US 18/320TH ST & Co Rd K60/INDIAN AVE,Collision with:  Vehicle in traffic,On Roadway,Rear-end (front to rear),Followed too close,None Indicated,,Daylight,Dry,Clear,None apparent,Non-intersection:  Non-junction/no special feature,Paved,,Possible/Unknown,0,1,0,0,1,0,7500,2,2,,POINT (-96.098022135638 43.185904842365)
2014831708,14048479,11/21/2014,11-November,6-Friday,11:59,1100 Hours,District 5 (Southeast),MUSCATINE,MUSCATINE,IA 22,IA 22/PARK AVE,Collision with:  Vehicle in traffic,On Roadway,Broadside (front to side),FTYROW:  From driveway,None Indicated,,Daylight,Dry,Cloudy,None apparent,Non-intersection:  Driveway access (within),Paved,,Property Damage Only,0,0,0,0,0,0,4000,2,2,,POINT (-91.030552691765 41.44207155789)
2014830046,,11/21/2014,11-November,6-Friday,16:30,1600 Hours,District 4 (Southwest),,AUDUBON,US 71,US 71,Collision with:  Animal,On Roadway,Non-collision (single vehicle),Animal,None Indicated,,Daylight,Dry,Cloudy,None apparent,Non-intersection:  Non-junction/no special feature,Paved,,Property Damage Only,0,0,0,0,0,0,2500,1,1,,POINT (-94.936672417532 41.523653718398)
2014829452,2014-0498,11/21/2014,11-November,6-Friday,18:14,1800 Hours,District 5 (Southeast),NORWALK,WARREN,,BEARDSLEY ST,Collision with:  Animal,,,Animal,None Indicated,,,,,,,Paved,,Property Damage Only,0,0,0,0,0,0,2500,1,1,,POINT (-93.656302128158 41.497558032224)
2014836806,,11/21/2014,11-November,6-Friday,13:20,1300 Hours,District 6 (East Central),MAQUOKETA,JACKSON,,W SUMMIT ST & E SUMMIT ST & S MAIN ST,Collision with:  Vehicle in traffic,On Roadway,"Sideswipe, same direction",Ran Stop Sign,None Indicated,,Daylight,,Clear,,Intersection:  Four-way intersection,Paved,,Property Damage Only,0,0,0,0,0,0,12500,3,3,,POINT (-90.66549580471 42.061954552589)
2014833793,201400004279,11/21/2014,11-November,6-Friday,15:00,1500 Hours,District 6 (East Central),,LINN,,COTTAGE GROVE AVE SE,Collision with fixed object:  Culvert/pipe opening,Roadside,Non-collision (single vehicle),Ran off road - right,None Indicated,,Daylight,Dry,Cloudy,None apparent,Non-intersection:  Non-junction/no special feature,Paved,,Minor Injury,0,1,0,1,0,0,3500,1,1,,POINT (-91.604053860136 41.997877225829)
2014829428,2014065184,11/21/2014,11-November,6-Friday,17:15,1700 Hours,District 5 (Southeast),,MONROE,US 34,US 34,Collision with:  Animal,,,Animal,None Indicated,,,,,,,Paved,,Property Damage Only,0,0,0,0,0,0,3000,1,1,,POINT (-92.753582694356 41.016221100024)
2014831226,2014-039879,11/21/2014,11-November,6-Friday,12:40,1200 Hours,District 6 (East Central),DUBUQUE,DUBUQUE,,W 5TH ST & MAIN ST,Collision with:  Vehicle in traffic,On Roadway,Broadside (front to side),FTYROW:  From stop sign,None Indicated,,Daylight,Dry,Clear,None apparent,Intersection:  Other intersection (explain in narrative),Paved,,Property Damage Only,0,0,0,0,0,0,5500,2,2,,POINT (-90.665880829086 42.498450243197)
2014829646,14-010410,11/21/2014,11-November,6-Friday,18:22,1800 Hours,District 6 (East Central),INDEPENDENCE,BUCHANAN,,IOWA AVE,Collision with:  Animal,,,Animal,None Indicated,,,,,,,Unpaved,,Property Damage Only,0,0,0,0,0,0,2500,1,1,,POINT (-91.919574689887 42.453921134729)
2014829727,14-114822,11/21/2014,11-November,6-Friday,12:10,1200 Hours,District 2 (Northeast),CEDAR FALLS,BLACK HAWK,IA 27,IA 27/SPECIAL CASE/SE RAMP & 18TH ST,Collision with:  Vehicle in traffic,On Roadway,Rear-end (front to rear),Driver Distraction:  Manual operation of an electronic communication device,None Indicated,,Daylight,Dry,Clear,None apparent,Interchange-related:  Off-ramp,Paved,,Possible/Unknown,0,1,0,0,1,0,2000,2,2,,POINT (-92.441364992498 42.521791777837)
2014829142,14-049138,11/21/2014,11-November,6-Friday,09:26,0900 Hours,District 4 (Southwest),COUNCIL BLUFFS,POTTAWATTAMIE,,5TH AVE & S 28TH ST,Collision with:  Vehicle in traffic,On Roadway,Broadside (front to side),FTYROW:  From stop sign,None Indicated,,Daylight,Dry,Cloudy,None apparent,Intersection:  Four-way intersection,Paved,,Property Damage Only,0,0,0,0,0,0,3000,2,2,,POINT (-95.889038668869 41.257243168343)
2014830639,14-028521,11/21/2014,11-November,6-Friday,23:45,2300 Hours,District 5 (Southeast),,MARION,IA 163,IA 163/IOWA 163,Collision with:  Animal,,,Animal,None Indicated,,,,,,,Paved,,Property Damage Only,0,0,0,0,0,0,5000,1,1,,POINT (-93.011755301711 41.442331385972)
2014830141,1400001037,11/21/2014,11-November,6-Friday,18:02,1800 Hours,District 1 (Central),MARSHALLTOWN,MARSHALL,,QUARRY RD,Collision with fixed object:  Ditch,Outside trafficway,Non-collision (single vehicle),Ran off road - left,None Indicated,,Dark - roadway not lighted,Dry,Clear,None apparent,Non-intersection:  Non-junction/no special feature,Unpaved,,Possible/Unknown,0,2,0,0,2,0,4500,1,2,,POINT (-92.837453775296 42.022264413634)
2014829470,14-005048,11/21/2014,11-November,6-Friday,08:15,0800 Hours,District 1 (Central),ANKENY,POLK,,NE BRIARWOOD DR & NE 36TH ST,Collision with:  Vehicle in traffic,On Roadway,Rear-end (front to rear),Driver Distraction:  Reaching for object(s)/fallen object(s),None Indicated,,Daylight,Dry,Clear,None apparent,Intersection:  Four-way intersection,Paved,,Possible/Unknown,0,1,0,0,1,0,8000,2,2,,POINT (-93.587064403074 41.760843278846)
2014833892,14-018371,11/21/2014,11-November,6-Friday,07:42,0700 Hours,District 2 (Northeast),CHARLES CITY,FLOYD,,2ND AVE,Unknown,Unknown,Unknown,Unknown,None Indicated,,Unknown,Unknown,Cloudy,Unknown,Unknown,Paved,,Property Damage Only,0,0,0,0,0,0,1600,2,1,,POINT (-92.670866912988 43.064562938281)
2014829333,14-38448,11/21/2014,11-November,6-Friday,17:34,1700 Hours,District 3 (Northwest),SIOUX CITY,WOODBURY,,MILITARY RD & CASSELMAN ST,Collision with:  Vehicle in traffic,On Roadway,Broadside (front to side),Ran Stop Sign,None Indicated,,Dusk,Dry,Clear,None apparent,Intersection:  Four-way intersection,Paved,,Possible/Unknown,0,1,0,0,1,0,18000,2,2,,POINT (-96.445081703102 42.51508756136)
2014829133,14-011810,11/21/2014,11-November,6-Friday,06:36,0600 Hours,District 3 (Northwest),,CARROLL,,Co Rd N44/VELVET AVE,Collision with fixed object:  Ditch,Gore,Non-collision (single vehicle),Ran off road - right,None Indicated,,Dawn,Dry,Cloudy,None apparent,Non-intersection:  Non-junction/no special feature,Paved,,Minor Injury,0,1,0,1,0,0,6100,1,1,,POINT (-94.68714625599 41.895977018348)
2014829364,201417424,11/21/2014,11-November,6-Friday,06:30,0600 Hours,District 6 (East Central),CEDAR RAPIDS,LINN,,WILEY BLVD SW,Collision with:  Vehicle in traffic,On Roadway,Broadside (front to side),Ran Stop Sign,None Indicated,,Dawn,Dry,Clear,None apparent,Intersection:  Four-way intersection,Paved,,Property Damage Only,0,0,0,0,0,0,12500,2,2,,POINT (-91.725848036326 41.96559175777)
2014833743,1411-086,11/21/2014,11-November,6-Friday,08:10,0800 Hours,District 3 (Northwest),SIBLEY,OSCEOLA,,3RD ST & 4TH AVE,Collision with:  Vehicle in traffic,On Roadway,Broadside (front to side),FTYROW:  At uncontrolled intersection,None Indicated,,Daylight,Ice/frost,Clear,"Surface condition (e.g., wet, icy)",Intersection:  Four-way intersection,Paved,,Property Damage Only,0,0,0,0,0,0,6500,2,3,,POINT (-95.748360374611 43.406170122794)
2014829183,201417418,11/21/2014,11-November,6-Friday,01:24,0100 Hours,District 6 (East Central),CEDAR RAPIDS,LINN,I-380,I-380,Collision with fixed object:  Traffic sign support,Median,Non-collision (single vehicle),Ran off road - right,Alcohol (Statutory),,Dark - roadway lighted,Dry,Clear,None apparent,Interchange-related:  On-ramp,Paved,,Minor Injury,0,1,0,1,0,0,5200,1,1,,POINT (-91.666343482224 41.996717569278)
2014829331,14-38446,11/21/2014,11-November,6-Friday,17:06,1700 Hours,District 3 (Northwest),SIOUX CITY,WOODBURY,,8TH ST,Collision with:  Vehicle in traffic,On Roadway,"Sideswipe, same direction",Other (explain in narrative):  Other,None Indicated,,Dusk,Dry,Clear,None apparent,Non-intersection:  Non-junction/no special feature,Paved,,Property Damage Only,0,0,0,0,0,0,1500,2,3,,POINT (-96.40030717189 42.498570503934)
2014829834,S14-12113,11/21/2014,11-November,6-Friday,18:35,1800 Hours,District 3 (Northwest),SERGEANT BLUFF,WOODBURY,,Co Rd K29/OLD LAKEPORT RD,Collision with:  Animal,,,Animal,None Indicated,,,,,,,Paved,,Property Damage Only,0,0,0,0,0,0,2000,1,1,,POINT (-96.340981334493 42.408893846151)
2014830638,14-028449,11/21/2014,11-November,6-Friday,06:25,0600 Hours,District 5 (Southeast),,MARION,,Co Rd T15/HWY T15,Collision with fixed object:  Ditch,Outside trafficway,Non-collision (single vehicle),Ran off road - right,None Indicated,,Dark - roadway not lighted,Dry,Clear,Non-highway work,Non-intersection:  Non-junction/no special feature,Paved,,Minor Injury,0,1,0,1,0,0,5200,1,1,,POINT (-93.024035720151 41.340570339004)
2014829363,201417423,11/21/2014,11-November,6-Friday,06:10,0600 Hours,District 6 (East Central),CEDAR RAPIDS,LINN,I-380,I-380,Collision with fixed object:  Guardrail - face,Median,Non-collision (single vehicle),Other (explain in narrative):  No improper action,None Indicated,,Dark - roadway lighted,Dry,Cloudy,None apparent,Non-intersection:  Non-junction/no special feature,Paved,,Property Damage Only,0,0,0,0,0,0,5500,1,1,,POINT (-91.670672710525 41.965056122824)
2014830187,14020280,11/21/2014,11-November,6-Friday,07:53,0700 Hours,District 2 (Northeast),MASON CITY,CERRO GORDO,IA 122,IA 122/4TH ST SE,Collision with:  Animal,On Roadway,Non-collision (single vehicle),Animal,None Indicated,,Daylight,Dry,Clear,None apparent,Non-intersection:  Non-junction/no special feature,Paved,,Property Damage Only,0,0,0,0,0,0,3000,1,2,,POINT (-93.172532152018 43.148057605651)
2014831217,2014-013911,11/21/2014,11-November,6-Friday,03:00,0300 Hours,District 6 (East Central),,DUBUQUE,US 20,US 20,Collision with:  Animal,,,Animal,None Indicated,,,,,,,Paved,,Property Damage Only,0,0,0,0,0,0,7000,1,1,,POINT (-91.078801847184 42.466630625656)
2014831481,2014065113,11/21/2014,11-November,6-Friday,11:25,1100 Hours,District 1 (Central),HUXLEY,STORY,I-35,I-35,Collision with:  Vehicle in traffic,On Roadway,Rear-end (front to rear),Driving too fast for conditions,None Indicated,,Daylight,Dry,Clear,None apparent,Non-intersection:  Non-junction/no special feature,Paved,,Property Damage Only,0,0,0,0,0,0,2500,2,2,,POINT (-93.571123834537 41.882660854676)
2014829203,174-14,11/21/2014,11-November,6-Friday,07:00,0700 Hours,District 3 (Northwest),ROCK VALLEY,SIOUX,US 18,US 18/10TH ST & 22ND AVE,Collision with:  Vehicle in traffic,On Roadway,Rear-end (front to rear),Lost Control,None Indicated,,Dawn,Dry,Cloudy,None apparent,Intersection:  T-intersection,Paved,,Property Damage Only,0,0,0,0,0,0,9800,2,2,,POINT (-96.282417169664 43.200089149854)
2014831312,2014065205,11/21/2014,11-November,6-Friday,06:15,0600 Hours,District 3 (Northwest),,OBRIEN,,Co Rd B14/280TH ST & Co Rd L26/MCKINLEY AVE,Collision with:  Vehicle in traffic,Roadside,Rear-end (front to rear),Ran Stop Sign,None Indicated,,Dark - roadway not lighted,Dry,Clear,None apparent,Intersection:  Four-way intersection,Paved,,Property Damage Only,0,0,0,0,0,0,6000,2,2,,POINT (-95.862209000891 43.243933998415)