Iowa DOT Case Number,Law Enforcement Case Number,Date of Crash,Month of Crash,Day of Week,Time of Crash,Hour,DOT District,City Name,County Name,Route with System,Location Description,First Harmful Event,Location of First Harmful Event,Manner of Crash/Collision,Major Cause,Drug or Alcohol ,Environmental Conditions,Light Conditions,Surface Conditions,Weather Conditions,Roadway Contribution,Roadway Type,Roadway Surface,Work Zone,Crash Severity,Number of Fatalities,Number of Injuries,Number of Major Injuries,Number of Minor Injuries,Number of Possible Injuries,Number of Unknown Injuries,Amount of Property Damage,Number of Vehicles Involved,Total Number of Occupants,Travel Direction,Location
2014830640,14-028570,11/22/2014,11-November,7-Saturday,17:12,1700 Hours,District 5 (Southeast),PLEASANTVILLE,MARION,IA 5,IA 5/IOWA 5,Collision with:  Animal,,,Animal,None Indicated,,,,,,,Paved,,Property Damage Only,0,0,0,0,0,0,4000,1,1,,POINT (-93.274455932967 41.374591842074)
2014829982,14-12918,11/22/2014,11-November,7-Saturday,17:40,1700 Hours,District 3 (Northwest),,SAC,US 20,US 20,Collision with:  Animal,,,Animal,None Indicated,,,,,,,Paved,,Property Damage Only,0,0,0,0,0,0,3500,1,1,,POINT (-95.003130287778 42.453655501855)
2014830194,14020350,11/22/2014,11-November,7-Saturday,09:29,0900 Hours,District 2 (Northeast),MASON CITY,CERRO GORDO,,E STATE ST & S VIRGINIA AVE & N VIRGINIA AVE,Collision with:  Vehicle in traffic,On Roadway,Broadside (front to side),Other (explain in narrative):  Other,None Indicated,,Daylight,Wet,Cloudy,None apparent,Intersection:  Four-way intersection,Paved,,Property Damage Only,0,0,0,0,0,0,11000,3,4,,POINT (-93.185985512313 43.151809560887)
2014832996,,11/22/2014,11-November,7-Saturday,14:18,1400 Hours,District 2 (Northeast),CLEAR LAKE,CERRO GORDO,US 18,US 18 & BUDDY HOLLY PL,Collision with:  Vehicle in traffic,On Roadway,Rear-end (front to rear),Made improper turn,None Indicated,,Daylight,Dry,Cloudy,None apparent,Non-intersection:  Driveway access (within),Paved,,Property Damage Only,0,0,0,0,0,0,3500,2,2,,POINT (-93.388457519028 43.143043861384)
2014831232,2014-039911,11/22/2014,11-November,7-Saturday,13:16,1300 Hours,District 6 (East Central),DUBUQUE,DUBUQUE,,PENNSYLVANIA AVE,Collision with:  Vehicle in traffic,On Roadway,Broadside (front to side),FTYROW:  From driveway,None Indicated,,Daylight,Dry,Cloudy,None apparent,Non-intersection:  Driveway access (within),Paved,,Property Damage Only,0,0,0,0,0,0,5000,2,4,,POINT (-90.746159137977 42.500553214805)
2014834340,14008068,11/22/2014,11-November,7-Saturday,01:20,0100 Hours,District 2 (Northeast),ALGONA,KOSSUTH,US 169,US 169/N JONES ST,Collision with fixed object:  Curb/island/raised median,Outside trafficway,Non-collision (single vehicle),Exceeded authorized speed,None Indicated,,Dark - roadway lighted,Snow,Cloudy,Unknown,Non-intersection:  Non-junction/no special feature,Paved,,Property Damage Only,0,0,0,0,0,0,32297,1,1,,POINT (-94.233212597675 43.074581985009)
2014831236,2014-13931,11/22/2014,11-November,7-Saturday,01:00,0100 Hours,District 6 (East Central),DUBUQUE,DUBUQUE,,Co Rd D29/NORTH CASCADE RD,Collision with fixed object:  Ditch,On Roadway,Non-collision (single vehicle),Driving too fast for conditions,None Indicated,,Dark - roadway not lighted,Ice/frost,Cloudy,"Surface condition (e.g., wet, icy)",Non-intersection:  Other non-intersection (explain in narrative),Paved,,Property Damage Only,0,0,0,0,0,0,6500,1,1,,POINT (-90.70895577729 42.473573845924)
2014831313,2014065363,11/22/2014,11-November,7-Saturday,19:05,1900 Hours,District 1 (Central),AMES,STORY,US 30,US 30,Collision with:  Vehicle in traffic,On Roadway,Rear-end (front to rear),Followed too close,None Indicated,,Dark - roadway lighted,Dry,Clear,None apparent,Non-intersection:  Non-junction/no special feature,Paved,,Possible/Unknown,0,1,0,0,1,0,7500,3,4,,POINT (-93.6041600897 42.005361230888)
2014829675,C14003734,11/22/2014,11-November,7-Saturday,19:30,1900 Hours,District 6 (East Central),CORALVILLE,JOHNSON,US 6,US 6/2ND ST,Collision with:  Vehicle in traffic,On Roadway,Rear-end (front to rear),Followed too close,None Indicated,,Dark - roadway lighted,Wet,Clear,None apparent,Non-intersection:  Non-junction/no special feature,Paved,,Property Damage Only,0,0,0,0,0,0,2000,2,4,,POINT (-91.607724526406 41.687896028487)
2014829612,2014-80719,11/22/2014,11-November,7-Saturday,12:07,1200 Hours,District 6 (East Central),DAVENPORT,SCOTT,,E LOCUST ST & FOREST RD,Collision with:  Vehicle in traffic,On Roadway,Rear-end (front to rear),Lost Control,None Indicated,,Daylight,Wet,Cloudy,None apparent,Intersection:  T-intersection,Paved,,Property Damage Only,0,0,0,0,0,0,1800,2,3,,POINT (-90.534648025056 41.538487560412)
2014830073,14017192,11/22/2014,11-November,7-Saturday,06:00,0600 Hours,District 6 (East Central),,CEDAR,,Co Rd X64/OXFORD JCT RD,Collision with fixed object:  Ditch,On Roadway,Non-collision (single vehicle),Swerving/Evasive Action,None Indicated,,Dark - roadway not lighted,Ice/frost,"Sleet, hail","Surface condition (e.g., wet, icy)",Non-intersection:  Non-junction/no special feature,Paved,,Possible/Unknown,0,1,0,0,1,0,4000,1,1,,POINT (-91.021983617646 41.932564258784)
2014830163,2014013061,11/22/2014,11-November,7-Saturday,18:22,1800 Hours,District 6 (East Central),IOWA CITY,JOHNSON,US 6,US 6/S RIVERSIDE DR & W BENTON ST,Collision with:  Vehicle in traffic,On Roadway,Rear-end (front to rear),Followed too close,None Indicated,,Daylight,Wet,Rain,None apparent,Non-intersection:  Non-junction/no special feature,Paved,,Property Damage Only,0,0,0,0,0,0,2000,2,3,,POINT (-91.540203618127 41.650346166468)
2014830148,14-018455,11/22/2014,11-November,7-Saturday,17:45,1700 Hours,District 2 (Northeast),,FLOYD,US 18,US 18/US HWY 18,Collision with:  Animal,,,Animal,None Indicated,,,,,,,Paved,,Property Damage Only,0,0,0,0,0,0,2000,1,1,,POINT (-92.717747773139 43.056043376857)
2014830777,2014-23908,11/22/2014,11-November,7-Saturday,13:08,1300 Hours,District 6 (East Central),,SCOTT,,Co Rd Z30/240 AVE,Collision with:  Vehicle in traffic,On Roadway,Broadside (front to side),FTYROW:  From driveway,None Indicated,,Daylight,Wet,Rain,None apparent,Non-intersection:  Driveway access (within),Paved,,Fatal,1,0,0,0,0,0,9000,2,2,,POINT (-90.441951243734 41.73541705808)
2014830037,,11/22/2014,11-November,7-Saturday,01:26,0100 Hours,District 4 (Southwest),,AUDUBON,,Co Rd F32/190 ST & LARK AVE,Non-collision events:  Overturn/rollover,Shoulder,Non-collision (single vehicle),Crossed centerline (undivided),Alcohol (Statutory),,Dark - roadway not lighted,Wet,Rain,None apparent,Non-intersection:  Driveway access (within),Paved,,Fatal,1,0,0,0,0,0,20000,1,1,,POINT (-94.87461711353 41.731700843045)
2014829392,2014-80658,11/22/2014,11-November,7-Saturday,01:18,0100 Hours,District 6 (East Central),DAVENPORT,SCOTT,,TAYLOR ST,Collision with:  Vehicle in traffic,On Roadway,"Sideswipe, same direction",Unknown,None Indicated,,Dark - roadway lighted,Wet,"Sleet, hail",None apparent,Non-intersection:  Non-junction/no special feature,Paved,,Property Damage Only,0,0,0,0,0,0,2000,2,1,,POINT (-90.592571030511 41.537490889989)
2014830146,14-015250,11/22/2014,11-November,7-Saturday,00:54,0000 Hours,District 4 (Southwest),,MILLS,,RAINS AVE & 290TH ST,Collision with fixed object:  Ditch,On Roadway,Non-collision (single vehicle),Ran Stop Sign,Refused,,Dark - roadway not lighted,Wet,Rain,"Surface condition (e.g., wet, icy)",Intersection:  T-intersection,Unpaved,,Major Injury,0,2,2,0,0,0,9000,1,2,,POINT (-95.633316808599 40.916042867163)
2014829995,2014065365,11/22/2014,11-November,7-Saturday,19:10,1900 Hours,District 1 (Central),AMES,STORY,US 30,US 30,Collision with:  Vehicle in traffic,On Roadway,Rear-end (front to rear),Followed too close,None Indicated,,Dark - roadway not lighted,Wet,Cloudy,None apparent,Non-intersection:  Non-junction/no special feature,Paved,,Property Damage Only,0,0,0,0,0,0,11700,2,7,,POINT (-93.599019318745 42.005730423244)
2014829243,W14-115201,11/22/2014,11-November,7-Saturday,14:26,1400 Hours,District 2 (Northeast),WATERLOO,BLACK HAWK,US 218,US 218/WASHINGTON ST & WILLISTON AVE & W 18TH ST,Collision with:  Vehicle in traffic,On Roadway,Rear-end (front to rear),Driving too fast for conditions,None Indicated,,Daylight,Wet,Clear,"Surface condition (e.g., wet, icy)",Intersection:  Four-way intersection,Paved,,Minor Injury,0,1,0,1,0,0,3500,3,7,,POINT (-92.328084655895 42.483854448948)
2014829583,14-049288,11/22/2014,11-November,7-Saturday,09:38,0900 Hours,District 4 (Southwest),COUNCIL BLUFFS,POTTAWATTAMIE,US 6,US 6/KANESVILLE BLVD & WASHINGTON AVE & N MAIN ST,Collision with:  Vehicle in traffic,On Roadway,"Angle, oncoming left turn",FTYROW:  Other (explain in narrative),None Indicated,,Daylight,Wet,Rain,None apparent,Non-intersection:  Non-junction/no special feature,Paved,,Property Damage Only,0,0,0,0,0,0,3500,2,2,,POINT (-95.849937860587 41.262685624952)
2014832473,2014-80773,11/22/2014,11-November,7-Saturday,18:15,1800 Hours,District 6 (East Central),DAVENPORT,SCOTT,I-280,I-280,Non-collision events:  Overturn/rollover,Median,Non-collision (single vehicle),Ran off road - left,Alcohol (Statutory),,Dark - roadway not lighted,Wet,Cloudy,None apparent,Non-intersection:  Non-junction/no special feature,Paved,,Fatal,1,0,0,0,0,0,25100,1,1,,POINT (-90.674582607033 41.529236304318)
2014829678,14-049363,11/22/2014,11-November,7-Saturday,18:40,1800 Hours,District 4 (Southwest),COUNCIL BLUFFS,POTTAWATTAMIE,,2ND AVE & S 32ND ST,Collision with:  Vehicle in traffic,On Roadway,Broadside (front to side),Ran Stop Sign,None Indicated,,Dark - roadway not lighted,Wet,Rain,None apparent,Intersection:  Four-way intersection,Paved,,Property Damage Only,0,0,0,0,0,0,6000,2,2,,POINT (-95.895779669206 41.259892659017)
2014829493,14027264,11/22/2014,11-November,7-Saturday,09:40,0900 Hours,District 5 (Southeast),OSKALOOSA,MAHASKA,IA 92,IA 92/A AVE E & N 2ND ST,Collision with:  Vehicle in traffic,On Roadway,Broadside (front to side),FTYROW:  From stop sign,None Indicated,,Daylight,Wet,Cloudy,None apparent,Intersection:  Four-way intersection,Paved,,Property Damage Only,0,0,0,0,0,0,3200,2,3,,POINT (-92.642658832735 41.296249623646)
2014830661,201400004299,11/22/2014,11-November,7-Saturday,21:08,2100 Hours,District 6 (East Central),,LINN,I-380,I-380,Collision with:  Parked motor vehicle,Shoulder,"Sideswipe, same direction","Operating vehicle in an reckless, erratic, careless, negligent manner",None Indicated,,Dark - roadway not lighted,Dry,Clear,None apparent,"Interchange-related:  Off-ramp, diverge area",Paved,,Property Damage Only,0,0,0,0,0,0,13000,3,6,,POINT (-91.70148175895 42.089687817225)
2014830693,2014065347,11/22/2014,11-November,7-Saturday,15:23,1500 Hours,District 3 (Northwest),,WOODBURY,IA 141,IA 141/330TH ST,Collision with:  Vehicle in traffic,On Roadway,"Sideswipe, opposite direction",Crossed centerline (undivided),None Indicated,,Daylight,Dry,Clear,None apparent,Non-intersection:  Non-junction/no special feature,Paved,,Fatal,5,3,2,1,0,0,39000,2,8,,POINT (-96.183188341147 42.228528253336)
2014829459,2014-80762,11/22/2014,11-November,7-Saturday,17:07,1700 Hours,District 6 (East Central),DAVENPORT,SCOTT,,E LOCUST ST & TREMONT AVE,Collision with:  Vehicle in traffic,On Roadway,Rear-end (front to rear),Followed too close,None Indicated,,Dark - roadway lighted,Wet,Clear,None apparent,Non-intersection:  Non-junction/no special feature,Paved,,Property Damage Only,0,0,0,0,0,0,9000,3,6,,POINT (-90.561159125574 41.538287654554)
2014829337,14-38506,11/22/2014,11-November,7-Saturday,00:00,0000 Hours,District 3 (Northwest),SIOUX CITY,WOODBURY,,WALL ST,Collision with:  Parked motor vehicle,On Roadway,Unknown,Unknown,None Indicated,,Unknown,Dry,Unknown,Unknown,Non-intersection:  Non-junction/no special feature,Paved,,Property Damage Only,0,0,0,0,0,0,2000,2,1,,POINT (-96.393511433767 42.518014725832)
2014829260,14007993,11/22/2014,11-November,7-Saturday,12:10,1200 Hours,District 3 (Northwest),ONAWA,MONONA,,PEARL ST & 3RD ST,Collision with:  Vehicle in traffic,On Roadway,Broadside (front to side),FTYROW:  At uncontrolled intersection,None Indicated,,Daylight,Dry,Clear,None apparent,Non-intersection:  Non-junction/no special feature,Paved,,Property Damage Only,0,0,0,0,0,0,4500,2,4,,POINT (-96.087776493439 42.028046094876)
2014834228,14-17669,11/22/2014,11-November,7-Saturday,18:20,1800 Hours,District 3 (Northwest),,CLAY,,Co Rd B24/350TH ST,Collision with:  Animal,,,Animal,None Indicated,,,,,,,Paved,,Property Damage Only,0,0,0,0,0,0,2500,1,1,,POINT (-95.378201141723 43.14198811025)
2014829556,S14-115115,11/22/2014,11-November,7-Saturday,06:56,0600 Hours,District 2 (Northeast),,BLACK HAWK,,Co Rd D48/BRANDON RD,Collision with fixed object:  Ditch,Shoulder,Non-collision (single vehicle),Ran off road - right,None Indicated,,Dawn,Wet,"Fog, smoke, smog","Surface condition (e.g., wet, icy)",Non-intersection:  Non-junction/no special feature,Paved,,Possible/Unknown,0,1,0,0,1,0,3000,1,1,,POINT (-92.144362777707 42.340552584193)
2014834227,14-17667,11/22/2014,11-November,7-Saturday,17:57,1700 Hours,District 3 (Northwest),,CLAY,US 71,US 71,Collision with:  Animal,,,Animal,None Indicated,,,,,,,Paved,,Property Damage Only,0,0,0,0,0,0,1500,1,1,,POINT (-95.149561049016 43.242554875577)
2014829473,14-048586,11/22/2014,11-November,7-Saturday,02:55,0200 Hours,District 5 (Southeast),MUSCATINE,MUSCATINE,IA 38,IA 38/E 2ND ST,Collision with fixed object:  Utility pole/light support,Shoulder,Non-collision (single vehicle),Ran off road - right,None Indicated,,Dark - roadway lighted,Wet,Rain,None apparent,Non-intersection:  Non-junction/no special feature,Paved,,Property Damage Only,0,0,0,0,0,0,9000,1,1,,POINT (-91.031393470247 41.429305181454)
2014843554,,11/22/2014,11-November,7-Saturday,23:26,2300 Hours,District 1 (Central),PLEASANT HILL,POLK,IA 163,IA 163/E UNIVERSITY AVE & NE 64TH ST,Collision with:  Vehicle in traffic,On Roadway,"Angle, oncoming left turn",Ran Traffic Signal,None Indicated,,Dark - roadway lighted,Wet,Cloudy,None apparent,Intersection:  Four-way intersection,Paved,,Major Injury,0,2,1,1,0,0,10000,2,2,,POINT (-93.481961589392 41.598330136724)
2014829394,2014-80735,11/22/2014,11-November,7-Saturday,14:33,1400 Hours,District 6 (East Central),DAVENPORT,SCOTT,,W LOCUST ST & FILLMORE ST,Collision with fixed object:  Traffic sign support,On Roadway,Non-collision (single vehicle),Ran Stop Sign,None Indicated,,Daylight,Wet,Cloudy,None apparent,Intersection:  Four-way intersection,Paved,,Possible/Unknown,0,1,0,0,1,0,2800,1,3,,POINT (-90.593788676487 41.538272928965)
2014829429,2014065285,11/22/2014,11-November,7-Saturday,08:30,0800 Hours,District 6 (East Central),,JOHNSON,US 218,US 218,Collision with:  Animal,,,Animal,None Indicated,,,,,,,Paved,,Property Damage Only,0,0,0,0,0,0,10000,1,1,,POINT (-91.629650204943 41.680116471504)
2014831262,,11/22/2014,11-November,7-Saturday,19:10,1900 Hours,District 6 (East Central),IOWA CITY,JOHNSON,,HAWKINS DR,Collision with:  Vehicle in traffic,On Roadway,"Sideswipe, same direction",Unknown,None Indicated,,Dark - roadway not lighted,Wet,Rain,,Non-intersection:  Non-junction/no special feature,Paved,,Property Damage Only,0,0,0,0,0,0,1562,2,4,,POINT (-91.558695152048 41.665512954573)
2014833758,14000001041,11/22/2014,11-November,7-Saturday,10:59,1000 Hours,District 1 (Central),STATE CENTER,MARSHALL,US 30,US 30/240TH ST,Collision with:  Vehicle in traffic,On Roadway,Rear-end (front to rear),Swerving/Evasive Action,None Indicated,,Daylight,Dry,Cloudy,None apparent,Non-intersection:  Non-junction/no special feature,Paved,,Minor Injury,0,2,0,1,1,0,9000,2,3,,POINT (-92.861198004417 42.006957269911)
2014829754,2014-0274,11/22/2014,11-November,7-Saturday,08:15,0800 Hours,District 5 (Southeast),CARLISLE,WARREN,,FRONTAGE RD,Collision with:  Vehicle in traffic,On Roadway,Rear-end (front to rear),FTYROW:  From parked position,None Indicated,,Daylight,Wet,Cloudy,None apparent,Intersection:  Other intersection (explain in narrative),Paved,,Property Damage Only,0,0,0,0,0,0,3500,2,2,,POINT (-93.495522524896 41.498029830912)
2014829673,14115150,11/22/2014,11-November,7-Saturday,10:42,1000 Hours,District 2 (Northeast),CEDAR FALLS,BLACK HAWK,,WASHINGTON ST,Collision with:  Vehicle in traffic,On Roadway,Broadside (front to side),Ran Traffic Signal,None Indicated,,Daylight,Wet,Cloudy,None apparent,Intersection:  Four-way intersection,Paved,,Possible/Unknown,0,1,0,0,1,0,5000,2,3,,POINT (-92.446812291063 42.532237913525)
2014831420,2014065360,11/22/2014,11-November,7-Saturday,18:45,1800 Hours,District 1 (Central),,STORY,US 30,US 30,Collision with:  Vehicle in traffic,On Roadway,Rear-end (front to rear),Followed too close,None Indicated,,Dark - roadway not lighted,Dry,Cloudy,None apparent,Non-intersection:  Non-junction/no special feature,Paved,,Property Damage Only,0,0,0,0,0,0,4000,2,6,,POINT (-93.584706743237 42.006740908427)
2014829250,14176956,11/22/2014,11-November,7-Saturday,08:49,0800 Hours,District 6 (East Central),,JOHNSON,,VULCAN AVE,Collision with fixed object:  Ditch,On Roadway,Non-collision (single vehicle),Driving too fast for conditions,None Indicated,,Daylight,Ice/frost,"Fog, smoke, smog","Surface condition (e.g., wet, icy)",Non-intersection:  Non-junction/no special feature,Unpaved,,Property Damage Only,0,0,0,0,0,0,3000,1,2,,POINT (-91.412276473419 41.850840527037)
2014829584,14-049324,11/22/2014,11-November,7-Saturday,14:42,1400 Hours,District 4 (Southwest),COUNCIL BLUFFS,POTTAWATTAMIE,IA 192,IA 192/S 7TH ST & 1ST AVE,Non-collision events:  Other non-collision (explain in narrative),On Roadway,Non-collision (single vehicle),Ran Traffic Signal,None Indicated,,Daylight,Wet,Clear,None apparent,Intersection:  Four-way intersection,Paved,,Minor Injury,0,1,0,1,0,0,2000,1,1,,POINT (-95.854056709086 41.260241859802)
2014829359,2014013078,11/22/2014,11-November,7-Saturday,22:47,2200 Hours,District 6 (East Central),IOWA CITY,JOHNSON,,E WASHINGTON ST & S GILBERT ST,Collision with:  Vehicle in traffic,On Roadway,Rear-end (front to rear),Followed too close,Under Influence of Alcohol/Drugs/Medications,,Dark - roadway lighted,Wet,Cloudy,None apparent,Non-intersection:  Non-junction/no special feature,Paved,,Property Damage Only,0,0,0,0,0,0,6000,2,2,,POINT (-91.530159942244 41.660044630866)
2014829862,14V11078,11/22/2014,11-November,7-Saturday,09:45,0900 Hours,District 6 (East Central),VINTON,BENTON,,S 8TH AVE,Collision with:  Parked motor vehicle,On Roadway,Rear-end (front to rear),Unknown,None Indicated,,Daylight,Wet,Rain,None apparent,Non-intersection:  Non-junction/no special feature,Paved,,Property Damage Only,0,0,0,0,0,0,5700,2,1,,POINT (-92.015470046589 42.164105636494)
2014829366,201417513,11/22/2014,11-November,7-Saturday,15:37,1500 Hours,District 6 (East Central),CEDAR RAPIDS,LINN,,BLAIRS FERRY RD NE & COUNCIL ST NE,Collision with:  Vehicle in traffic,On Roadway,"Angle, oncoming left turn",FTYROW:  Making left turn,None Indicated,,Daylight,Wet,Cloudy,None apparent,Intersection:  Four-way intersection,Paved,,Minor Injury,0,1,0,1,0,0,7500,2,5,,POINT (-91.658385817343 42.035262203347)
2014829483,14-2616,11/22/2014,11-November,7-Saturday,14:22,1400 Hours,District 1 (Central),URBANDALE,POLK,US 6,US 6/HICKMAN RD,Collision with:  Animal,On Roadway,Non-collision (single vehicle),Animal,None Indicated,,Daylight,Dry,Cloudy,None apparent,Non-intersection:  Non-junction/no special feature,Paved,,Property Damage Only,0,0,0,0,0,0,4000,1,1,,POINT (-93.786518406001 41.614988603411)
2014829458,2014-80738,11/22/2014,11-November,7-Saturday,14:13,1400 Hours,District 6 (East Central),DAVENPORT,SCOTT,,FAIRMOUNT ST,Collision with:  Vehicle in traffic,On Roadway,Rear-end (front to rear),Followed too close,None Indicated,,Daylight,Wet,Cloudy,None apparent,Non-intersection:  Non-junction/no special feature,Paved,,Possible/Unknown,0,1,0,0,1,0,2000,2,3,,POINT (-90.629760366543 41.556366804847)
2014829910,201400004287,11/22/2014,11-November,7-Saturday,08:15,0800 Hours,District 6 (East Central),,LINN,,Co Rd D62/COGGON RD,Non-collision events:  Overturn/rollover,Roadside,Non-collision (single vehicle),Crossed centerline (undivided),None Indicated,,Daylight,Wet,Rain,"Surface condition (e.g., wet, icy)",Non-intersection:  Non-junction/no special feature,Paved,,Possible/Unknown,0,1,0,0,1,0,6000,1,1,,POINT (-91.648807355185 42.283206608961)
2014830036,,11/22/2014,11-November,7-Saturday,19:18,1900 Hours,District 6 (East Central),WILLIAMSBURG,IOWA,,STATE ST,Collision with:  Vehicle in traffic,On Roadway,Unknown,FTYROW:  Other (explain in narrative),None Indicated,,Dark - roadway lighted,Dry,Cloudy,None apparent,Non-intersection:  Non-junction/no special feature,Paved,,Property Damage Only,0,0,0,0,0,0,8000,2,4,,POINT (-92.006729682318 41.66172905613)
2014830641,14-028575,11/22/2014,11-November,7-Saturday,17:49,1700 Hours,District 5 (Southeast),,MARION,IA 14,IA 14/IOWA 14 & Co Rd G28/HWY G28,Collision with fixed object:  Guardrail - face,,,Unknown,None Indicated,,,,,,,Paved,,Property Damage Only,0,0,0,0,0,0,8000,1,1,,POINT (-93.101203841553 41.436495619049)
2014829623,14-41773,11/22/2014,11-November,7-Saturday,22:09,2200 Hours,District 5 (Southeast),BURLINGTON,DES MOINES,,PINE ST & SUMMER ST,Collision with:  Vehicle in traffic,On Roadway,"Sideswipe, same direction",Lost Control,None Indicated,,Dark - roadway lighted,Wet,Clear,None apparent,Non-intersection:  Non-junction/no special feature,Paved,,Property Damage Only,0,0,0,0,0,0,20000,2,2,,POINT (-91.114950438561 40.796251397738)
2014829724,14-049319,11/22/2014,11-November,7-Saturday,13:40,1300 Hours,District 4 (Southwest),COUNCIL BLUFFS,POTTAWATTAMIE,,5TH AVE & S 8TH ST,Collision with:  Vehicle in traffic,On Roadway,Broadside (front to side),FTYROW:  From stop sign,None Indicated,,Daylight,Dry,Clear,None apparent,Intersection:  Four-way intersection,Paved,,Property Damage Only,0,0,0,0,0,0,2500,2,3,,POINT (-95.856053568449 41.257040076652)
2014829536,2014-25195,11/22/2014,11-November,7-Saturday,18:09,1800 Hours,District 5 (Southeast),,WARREN,US 69,US 69,Collision with:  Animal,,,Animal,None Indicated,,,,,,,Paved,,Property Damage Only,0,0,0,0,0,0,1500,1,3,,POINT (-93.56284630386 41.270891183879)
2014831131,SA1409909,11/22/2014,11-November,7-Saturday,02:47,0200 Hours,District 5 (Southeast),BRIGHTON,WASHINGTON,IA 1,IA 1/FOUNTAIN ST/HWY 1 & IA 78 & BENTON ST,Collision with fixed object:  Ditch,On Roadway,Non-collision (single vehicle),Exceeded authorized speed,Drug/Alcohol (< Statutory),,Dark - roadway lighted,Wet,Rain,None apparent,Non-intersection:  Non-junction/no special feature,Paved,,Major Injury,0,1,1,0,0,0,12000,1,1,,POINT (-91.818738170357 41.176094269046)
2014831233,2014-039923,11/22/2014,11-November,7-Saturday,17:35,1700 Hours,District 6 (East Central),DUBUQUE,DUBUQUE,,PERU RD & WALKER ST,Collision with:  Animal,On Roadway,Non-collision (single vehicle),Animal,None Indicated,,Dark - roadway lighted,Dry,Clear,None apparent,Non-intersection:  Non-junction/no special feature,Paved,,Property Damage Only,0,0,0,0,0,0,3500,1,1,,POINT (-90.675802254814 42.537752554432)
2014829286,20140034700,11/22/2014,11-November,7-Saturday,02:15,0200 Hours,District 1 (Central),DES MOINES,POLK,US 69,US 69/E 14TH ST,Collision with fixed object:  Utility pole/light support,Shoulder,Non-collision (single vehicle),"Operating vehicle in an reckless, erratic, careless, negligent manner",None Indicated,,Dark - roadway lighted,Dry,Cloudy,None apparent,Non-intersection:  Non-junction/no special feature,Paved,,Property Damage Only,0,0,0,0,0,0,16441,1,1,,POINT (-93.600540262349 41.625469085423)
2014829339,14-38545,11/22/2014,11-November,7-Saturday,17:43,1700 Hours,District 3 (Northwest),SIOUX CITY,WOODBURY,,SINGING HILLS BLVD & STADIUM DR,Collision with:  Vehicle in traffic,On Roadway,Rear-end (front to rear),Other (explain in narrative):  Other,None Indicated,,Dark - roadway lighted,Dry,Clear,None apparent,Intersection:  Four-way intersection,Paved,,Property Damage Only,0,0,0,0,0,0,2500,2,3,,POINT (-96.364421892039 42.436166780983)
2014831280,K14-035935,11/22/2014,11-November,7-Saturday,23:47,2300 Hours,District 5 (Southeast),KEOKUK,LEE,US 61,US 61/7TH ST,Non-collision events:  Overturn/rollover,Shoulder,Non-collision (single vehicle),Swerving/Evasive Action,None Indicated,,Dark - roadway not lighted,Wet,Clear,None apparent,Non-intersection:  Non-junction/no special feature,Paved,,Possible/Unknown,0,2,0,0,2,0,3000,1,2,,POINT (-91.43435605699 40.387545367932)
2014833865,14020388,11/22/2014,11-November,7-Saturday,16:53,1600 Hours,District 2 (Northeast),MASON CITY,CERRO GORDO,IA 122,IA 122/4TH ST SW & S PIERCE AVE,Collision with:  Vehicle in traffic,On Roadway,"Angle, oncoming left turn",FTYROW:  Making left turn,Alcohol (Statutory),,Dusk,Wet,Cloudy,None apparent,Intersection:  Four-way intersection,Paved,,Fatal,1,1,1,0,0,0,13000,2,3,,POINT (-93.221000636391 43.148361463045)
2014829689,14-3757,11/22/2014,11-November,7-Saturday,19:47,1900 Hours,District 1 (Central),FORT DODGE,WEBSTER,,N 32ND ST,Collision with:  Animal,,,Animal,None Indicated,,,,,,,Paved,,Property Damage Only,0,0,0,0,0,0,1500,1,1,,POINT (-94.149868568576 42.510503991302)
2014829510,14-1651,11/22/2014,11-November,7-Saturday,12:45,1200 Hours,District 3 (Northwest),SPIRIT LAKE,DICKINSON,,HILL AVE & 16TH ST,Collision with:  Vehicle in traffic,On Roadway,Rear-end (front to rear),FTYROW:  From parked position,None Indicated,,Daylight,Wet,"Fog, smoke, smog",None apparent,Non-intersection:  Non-junction/no special feature,Paved,,Property Damage Only,0,0,0,0,0,0,3800,2,2,,POINT (-95.102290119707 43.424508229428)
2014829679,14-049366,11/22/2014,11-November,7-Saturday,20:34,2000 Hours,District 4 (Southwest),COUNCIL BLUFFS,POTTAWATTAMIE,US 6,US 6/KANESVILLE BLVD,Collision with:  Animal,,,Animal,None Indicated,,,,,,,Paved,,Property Damage Only,0,0,0,0,0,0,2000,1,1,,POINT (-95.831763759174 41.271069038026)
2014829433,CL14004120,11/22/2014,11-November,7-Saturday,09:22,0900 Hours,District 6 (East Central),CLINTON,CLINTON,,SPRINGDALE DR,,On Roadway,Non-collision (single vehicle),Crossed centerline (undivided),None Indicated,,Daylight,Ice/frost,"Sleet, hail",None apparent,Non-intersection:  Non-junction/no special feature,Paved,,Property Damage Only,0,0,0,0,0,0,3500,1,1,,POINT (-90.204217227535 41.855064126885)
2014829444,14-23876,11/22/2014,11-November,7-Saturday,01:05,0100 Hours,District 6 (East Central),MAYSVILLE,SCOTT,,MAYSVILLE RD & 235TH ST,Collision with fixed object:  Utility pole/light support,Outside trafficway,Non-collision (single vehicle),Ran off road - left,None Indicated,,Dark - roadway lighted,Slush,Rain,"Surface condition (e.g., wet, icy)",Intersection:  T-intersection,Paved,,Property Damage Only,0,0,0,0,0,0,5100,1,1,,POINT (-90.714575835966 41.647626692345)