Iowa DOT Case Number,Law Enforcement Case Number,Date of Crash,Month of Crash,Day of Week,Time of Crash,Hour,DOT District,City Name,County Name,Route with System,Location Description,First Harmful Event,Location of First Harmful Event,Manner of Crash/Collision,Major Cause,Drug or Alcohol ,Environmental Conditions,Light Conditions,Surface Conditions,Weather Conditions,Roadway Contribution,Roadway Type,Roadway Surface,Work Zone,Crash Severity,Number of Fatalities,Number of Injuries,Number of Major Injuries,Number of Minor Injuries,Number of Possible Injuries,Number of Unknown Injuries,Amount of Property Damage,Number of Vehicles Involved,Total Number of Occupants,Travel Direction,Location
2014829798,1411232791,11/23/2014,11-November,1-Sunday,20:30,2000 Hours,District 6 (East Central),,CLINTON,,292 ST & 360 AVE,Collision with fixed object:  Ditch,Roadside,Non-collision (single vehicle),Ran off road - right,None Indicated,,Dark - roadway not lighted,Wet,Cloudy,None apparent,Non-intersection:  Non-junction/no special feature,Paved,,Property Damage Only,0,0,0,0,0,0,8000,1,1,,POINT (-90.393651692961 41.752369960681)
2014829579,2014-80936,11/23/2014,11-November,1-Sunday,17:19,1700 Hours,District 6 (East Central),DAVENPORT,SCOTT,,E LOCUST ST,Collision with:  Vehicle in traffic,On Roadway,Rear-end (front to rear),Followed too close,None Indicated,,Dark - roadway lighted,Wet,Rain,None apparent,Non-intersection:  Non-junction/no special feature,Paved,,Property Damage Only,0,0,0,0,0,0,2000,2,4,,POINT (-90.559348820693 41.538294257492)
2014830079,14177739,11/23/2014,11-November,1-Sunday,05:43,0500 Hours,District 6 (East Central),,JOHNSON,,540TH ST,Collision with fixed object:  Ditch,On Roadway,Non-collision (single vehicle),Ran off road - right,None Indicated,,Dark - roadway not lighted,Dry,Clear,None apparent,Non-intersection:  Non-junction/no special feature,Paved,,Property Damage Only,0,0,0,0,0,0,15000,1,1,,POINT (-91.649316619462 41.539804386927)
2014829512,14007108,11/23/2014,11-November,1-Sunday,20:00,2000 Hours,District 3 (Northwest),,CHEROKEE,,Co Rd L56/RIVER RD,Collision with:  Animal,,,Animal,None Indicated,,,,,,,Paved,,Property Damage Only,0,0,0,0,0,0,1500,1,1,,POINT (-95.580844031766 42.678406777543)
2014829523,SO14002774,11/23/2014,11-November,1-Sunday,00:44,0000 Hours,District 3 (Northwest),,PLYMOUTH,IA 140,IA 140/IOWA 140,Collision with:  Animal,,,Animal,None Indicated,,,,,,,Paved,,Property Damage Only,0,0,0,0,0,0,3500,1,1,,POINT (-95.957347227063 42.621213551718)
2014831931,2014065405,11/23/2014,11-November,1-Sunday,01:05,0100 Hours,District 6 (East Central),,CEDAR,I-80,I-80,Collision with:  Vehicle in traffic,On Roadway,Rear-end (front to rear),Other (explain in narrative):  Other,None Indicated,,Dark - roadway not lighted,Wet,Cloudy,None apparent,Non-intersection:  Non-junction/no special feature,Paved,,Possible/Unknown,0,6,0,0,6,0,15000,2,7,,POINT (-91.173172259411 41.649069517232)
2014829592,201417544,11/23/2014,11-November,1-Sunday,06:32,0600 Hours,District 6 (East Central),CEDAR RAPIDS,LINN,,OLD RIVER RD SW,Non-collision events:  Other non-collision (explain in narrative),Shoulder,Non-collision (single vehicle),Ran off road - left,None Indicated,,Dark - roadway not lighted,Wet,Rain,None apparent,Non-intersection:  Non-junction/no special feature,Paved,,Possible/Unknown,0,1,0,0,1,0,5000,1,5,,POINT (-91.604228615472 41.948425081453)
2014831933,2014065446,11/23/2014,11-November,1-Sunday,12:20,1200 Hours,District 1 (Central),STATE CENTER,MARSHALL,,4TH ST SW & 3RD AVE SW,Collision with:  Vehicle in traffic,On Roadway,Rear-end (front to rear),Lost Control,None Indicated,,Daylight,Wet,Rain,None apparent,Intersection:  Four-way intersection,Paved,,Property Damage Only,0,0,0,0,0,0,5645,2,2,,POINT (-93.165978348233 42.013631144346)
2014829614,2014-80894,11/23/2014,11-November,1-Sunday,11:29,1100 Hours,District 6 (East Central),DAVENPORT,SCOTT,,IA 461/BRADY ST,Collision with:  Vehicle in traffic,On Roadway,"Sideswipe, same direction",Made improper turn,None Indicated,,Daylight,Wet,Rain,None apparent,Non-intersection:  Non-junction/no special feature,Paved,,Property Damage Only,0,0,0,0,0,0,10000,2,4,,POINT (-90.569991045195 41.57514871196)
2014829577,2014-80847,11/23/2014,11-November,1-Sunday,01:59,0100 Hours,District 6 (East Central),DAVENPORT,SCOTT,,E 29TH ST & BRIDGE AVE,Collision with:  Vehicle in traffic,On Roadway,"Angle, oncoming left turn",Ran Stop Sign,Refused,,Dark - roadway lighted,Wet,"Fog, smoke, smog",None apparent,Intersection:  Four-way intersection,Paved,,Property Damage Only,0,0,0,0,0,0,1600,2,7,,POINT (-90.557941385334 41.549252152248)
2014830138,14-23954,11/23/2014,11-November,1-Sunday,00:37,0000 Hours,District 6 (East Central),,SCOTT,,FOREST GROVE DR,Collision with fixed object:  Ditch,Shoulder,Non-collision (single vehicle),Ran off road - right,None Indicated,,Dark - roadway not lighted,Dry,Clear,None apparent,Non-intersection:  Non-junction/no special feature,Paved,,Property Damage Only,0,0,0,0,0,0,8000,1,1,,POINT (-90.416516409256 41.591713394379)
2014829901,14-016809,11/23/2014,11-November,1-Sunday,09:13,0900 Hours,District 2 (Northeast),,FAYETTE,IA 150,IA 150/LINCOLN RD,Collision with:  Animal,,,Animal,None Indicated,,,,,,,Paved,,Property Damage Only,0,0,0,0,0,0,4500,1,1,,POINT (-91.810496095285 42.872666543956)
2014830642,14-028636,11/23/2014,11-November,1-Sunday,18:15,1800 Hours,District 5 (Southeast),,MARION,IA 14,IA 14/IOWA 14,Collision with:  Animal,,,Animal,None Indicated,,,,,,,Paved,,Property Damage Only,0,0,0,0,0,0,2500,1,1,,POINT (-93.109625113635 41.347843899558)
2014831932,2014065437,11/23/2014,11-November,1-Sunday,11:20,1100 Hours,District 1 (Central),,POLK,I-35,I-35,Collision with:  Vehicle in traffic,On Roadway,"Sideswipe, same direction",Lost Control,None Indicated,,Daylight,Wet,Cloudy,None apparent,Interchange-related:  On-ramp merge area,Paved,,Property Damage Only,0,0,0,0,0,0,7500,2,3,,POINT (-93.578086470478 41.651741050763)
2014830739,14-7101,11/23/2014,11-November,1-Sunday,15:45,1500 Hours,District 3 (Northwest),CHEROKEE,CHEROKEE,,E CHERRY ST,Collision with:  Vehicle in traffic,On Roadway,Rear-end (front to rear),Improper Backing,None Indicated,,Daylight,Dry,Cloudy,None apparent,Non-intersection:  Non-junction/no special feature,Paved,,Property Damage Only,0,0,0,0,0,0,2300,2,4,,POINT (-95.550445210334 42.752657428754)
2014829343,14-38623,11/23/2014,11-November,1-Sunday,12:29,1200 Hours,District 3 (Northwest),SIOUX CITY,WOODBURY,,SUNNYBROOK DR & S CYPRESS ST,Collision with:  Vehicle in traffic,On Roadway,"Sideswipe, same direction",Other (explain in narrative):  Other,None Indicated,,Daylight,Dry,Cloudy,None apparent,Intersection:  T-intersection,Paved,,Property Damage Only,0,0,0,0,0,0,3000,2,3,,POINT (-96.341337047942 42.455131080986)
2014931975,,11/23/2014,11-November,1-Sunday,05:15,0500 Hours,District 3 (Northwest),SERGEANT BLUFF,WOODBURY,I-29,I-29 & 1ST ST,Collision with:  Vehicle in traffic,On Roadway,Rear-end (front to rear),Followed too close,None Indicated,,Unknown,Unknown,Unknown,Unknown,Unknown,Paved,,Property Damage Only,0,0,0,0,0,0,1540,2,3,,POINT (-96.368366112426 42.400662778216)
2014830240,2014065476,11/23/2014,11-November,1-Sunday,17:30,1700 Hours,District 2 (Northeast),HANLONTOWN,WORTH,I-35,I-35,Collision with:  Animal,,,Animal,None Indicated,,,,,,,Paved,,Property Damage Only,0,0,0,0,0,0,16000,1,1,,POINT (-93.3490409231 43.258945118612)
2014829933,14-31074,11/23/2014,11-November,1-Sunday,18:20,1800 Hours,District 1 (Central),PRAIRIE CITY,JASPER,IA 163,IA 163/IOWA 163 W,Collision with:  Animal,,,Animal,None Indicated,,,,,,,Paved,,Property Damage Only,0,0,0,0,0,0,2000,1,1,,POINT (-93.251521279235 41.594885839377)
2014829578,2014-80925,11/23/2014,11-November,1-Sunday,16:23,1600 Hours,District 6 (East Central),DAVENPORT,SCOTT,,ELM ST & EASTERN AVE,Collision with:  Vehicle in traffic,On Roadway,"Angle, oncoming left turn",Driving too fast for conditions,None Indicated,,Dusk,Wet,Rain,None apparent,Intersection:  Four-way intersection,Paved,,Property Damage Only,0,0,0,0,0,0,2200,2,4,,POINT (-90.551472008589 41.541504108677)
2014829344,14-38625,11/23/2014,11-November,1-Sunday,13:20,1300 Hours,District 3 (Northwest),SIOUX CITY,WOODBURY,,26TH ST & COURT ST,Collision with:  Vehicle in traffic,On Roadway,Broadside (front to side),Ran Stop Sign,None Indicated,,Daylight,Wet,Clear,None apparent,Intersection:  Four-way intersection,Paved,,Property Damage Only,0,0,0,0,0,0,4500,2,6,,POINT (-96.39603218299 42.516688347912)
2014830007,14-13596,11/23/2014,11-November,1-Sunday,03:00,0300 Hours,District 3 (Northwest),,SIOUX,,480TH ST,Collision with fixed object:  Traffic sign support,Shoulder,Non-collision (single vehicle),Ran off road - left,None Indicated,,Dark - roadway not lighted,"Mud, dirt",Cloudy,None apparent,Non-intersection:  Non-junction/no special feature,Unpaved,,Property Damage Only,0,0,0,0,0,0,6050,1,1,,POINT (-96.178367503451 42.953132569363)
2014832530,172-2014,11/23/2014,11-November,1-Sunday,13:04,1300 Hours,District 4 (Southwest),,HARRISON,I-29,I-29,Non-collision events:  Other non-collision (explain in narrative),On Roadway,Non-collision (single vehicle),Lost Control,Refused,,Daylight,Dry,Cloudy,None apparent,Non-intersection:  Non-junction/no special feature,Paved,,Minor Injury,0,1,0,1,0,0,4000,1,1,,POINT (-95.997086077699 41.627093236442)
2014829902,14-016833,11/23/2014,11-November,1-Sunday,21:57,2100 Hours,District 2 (Northeast),FAYETTE,FAYETTE,IA 150,IA 150/K AVE,Collision with:  Animal,,,Animal,None Indicated,,,,,,,Paved,,Property Damage Only,0,0,0,0,0,0,6000,1,1,,POINT (-91.805056835721 42.826494382486)
2014832773,14004011,11/23/2014,11-November,1-Sunday,21:48,2100 Hours,District 5 (Southeast),WHAT CHEER,KEOKUK,IA 21,IA 21/BARNES ST,Non-collision events:  Other non-collision (explain in narrative),Shoulder,Non-collision (single vehicle),Ran off road - left,None Indicated,,Dark - roadway lighted,Dry,Clear,None apparent,Non-intersection:  Non-junction/no special feature,Paved,,Possible/Unknown,0,1,0,0,0,1,7000,1,1,,POINT (-92.354739731941 41.408608828397)
2014829500,PD14-11695,11/23/2014,11-November,1-Sunday,18:35,1800 Hours,District 1 (Central),MARSHALLTOWN,MARSHALL,,W LINN ST,Collision with:  Vehicle in traffic,Outside trafficway,Unknown,Unknown,None Indicated,,Dark - roadway lighted,Wet,Rain,None apparent,Non-intersection:  Non-junction/no special feature,Paved,,Property Damage Only,0,0,0,0,0,0,3000,2,1,,POINT (-92.915112998388 42.046674974767)
2014829731,14-3765,11/23/2014,11-November,1-Sunday,18:15,1800 Hours,District 1 (Central),FORT DODGE,WEBSTER,,1ST AVE S & S 16TH ST,Collision with:  Vehicle in traffic,On Roadway,Broadside (front to side),FTYROW:  From stop sign,None Indicated,,Dusk,Wet,Clear,None apparent,Intersection:  Four-way intersection,Paved,,Property Damage Only,0,0,0,0,0,0,2000,2,3,,POINT (-94.176327689719 42.505129197979)
2014830056,W14-115567,11/23/2014,11-November,1-Sunday,15:40,1500 Hours,District 2 (Northeast),WATERLOO,BLACK HAWK,,ANSBOROUGH AVE,Collision with:  Vehicle in traffic,On Roadway,"Sideswipe, same direction",Made improper turn,None Indicated,,Daylight,Dry,Cloudy,None apparent,Non-intersection:  Non-junction/no special feature,Paved,,Property Damage Only,0,0,0,0,0,0,15000,2,6,,POINT (-92.376922779132 42.496243228501)
2014829550,149078,11/23/2014,11-November,1-Sunday,17:44,1700 Hours,District 4 (Southwest),,DALLAS,IA 141,IA 141/141ST ST,Collision with:  Vehicle in traffic,On Roadway,"Sideswipe, opposite direction",Crossed centerline (undivided),None Indicated,,Dark - roadway not lighted,Wet,Rain,None apparent,Non-intersection:  Non-junction/no special feature,Paved,,Property Damage Only,0,0,0,0,0,0,18000,2,3,,POINT (-94.138304221031 41.835333329417)
2014831235,2014-039947,11/23/2014,11-November,1-Sunday,13:53,1300 Hours,District 6 (East Central),DUBUQUE,DUBUQUE,US 20,US 20/DODGE ST,Collision with:  Vehicle in traffic,On Roadway,Rear-end (front to rear),Lost Control,None Indicated,,Daylight,Wet,Rain,None apparent,Non-intersection:  Non-junction/no special feature,Paved,,Property Damage Only,0,0,0,0,0,0,3000,2,2,,POINT (-90.6689229647 42.491578170505)
2014829263,14-7764,11/23/2014,11-November,1-Sunday,05:53,0500 Hours,District 1 (Central),,POLK,,Co Rd R38/NW SHELDAHL DR,Non-collision events:  Other non-collision (explain in narrative),On Roadway,Non-collision (single vehicle),"Operating vehicle in an reckless, erratic, careless, negligent manner",None Indicated,,Dark - roadway not lighted,Dry,Clear,None apparent,Non-intersection:  Non-junction/no special feature,Paved,,Property Damage Only,0,0,0,0,0,0,10300,1,1,,POINT (-93.703285965042 41.800730856811)
2014829341,14-38607,11/23/2014,11-November,1-Sunday,02:30,0200 Hours,District 3 (Northwest),SIOUX CITY,WOODBURY,,MACOMB AVE & S RUSTIN ST,Collision with:  Parked motor vehicle,On Roadway,"Sideswipe, opposite direction",Lost Control,None Indicated,,Dark - roadway lighted,Wet,Cloudy,None apparent,Non-intersection:  Non-junction/no special feature,Paved,,Property Damage Only,0,0,0,0,0,0,5000,2,1,,POINT (-96.371436756817 42.480559957034)
2014831281,K14-035975,11/23/2014,11-November,1-Sunday,16:07,1600 Hours,District 5 (Southeast),KEOKUK,LEE,,13TH ST N & CONCERT ST,Collision with:  Vehicle in traffic,On Roadway,Broadside (front to side),Ran Stop Sign,None Indicated,,Daylight,Wet,Rain,None apparent,Unknown,Paved,,Property Damage Only,0,0,0,0,0,0,3000,2,4,,POINT (-91.387784350225 40.403364025251)
2014836342,,11/23/2014,11-November,1-Sunday,17:37,1700 Hours,District 5 (Southeast),WILTON,MUSCATINE,,CEDAR ST,Collision with:  Parked motor vehicle,On Roadway,Rear-end (front to rear),Other (explain in narrative):  Vision obstructed,None Indicated,,Dark - roadway lighted,Wet,Rain,None apparent,Non-intersection:  Non-junction/no special feature,Paved,,Property Damage Only,0,0,0,0,0,0,4000,2,2,,POINT (-91.018288052524 41.588409964997)
2014830825,14010088,11/23/2014,11-November,1-Sunday,22:30,2200 Hours,District 6 (East Central),,DELAWARE,,127TH AVE,Collision with fixed object:  Tree,Outside trafficway,Non-collision (single vehicle),Ran off road - right,None Indicated,,Dark - roadway not lighted,Snow,Unknown,None apparent,Non-intersection:  Non-junction/no special feature,Unpaved,,Property Damage Only,0,0,0,0,0,0,2500,1,2,,POINT (-91.553844256632 42.585018757015)
2014829920,201404310,11/23/2014,11-November,1-Sunday,15:02,1500 Hours,District 6 (East Central),,LINN,,Co Rd W6E/NORTH CENTER POINT RD & CARR RD,Collision with:  Vehicle in traffic,On Roadway,"Sideswipe, same direction",FTYROW:  Making left turn,None Indicated,,Daylight,Wet,Rain,None apparent,Intersection:  T-intersection,Paved,,Property Damage Only,0,0,0,0,0,0,3300,2,3,,POINT (-91.710333796365 42.124236617514)
2014829619,14-5944,11/23/2014,11-November,1-Sunday,17:54,1700 Hours,District 1 (Central),WEST DES MOINES,POLK,,60TH ST & WESTOWN PKWY,Collision with:  Vehicle in traffic,On Roadway,Broadside (front to side),Ran Traffic Signal,None Indicated,,Dark - roadway not lighted,Wet,Rain,None apparent,Intersection:  Four-way intersection,Paved,,Property Damage Only,0,0,0,0,0,0,22000,2,2,,POINT (-93.790681775499 41.595207284715)
2014843251,731123144A,11/23/2014,11-November,1-Sunday,16:30,1600 Hours,District 4 (Southwest),,PAGE,IA 2,IA 2/IOWA 2,Collision with:  Animal,,,Animal,None Indicated,,,,,,,Paved,,Property Damage Only,0,0,0,0,0,0,3500,1,1,,POINT (-95.307888295974 40.742591376745)
2014829476,14-0669,11/23/2014,11-November,1-Sunday,21:00,2100 Hours,District 1 (Central),,WEBSTER,US 169,US 169/PARAGON AVE,Collision with:  Vehicle in traffic,On Roadway,Rear-end (front to rear),Followed too close,None Indicated,,Dark - roadway not lighted,Dry,Cloudy,None apparent,Non-intersection:  Non-junction/no special feature,Paved,,Possible/Unknown,0,1,0,0,1,0,15500,2,2,,POINT (-94.106151665428 42.213882433855)
2014829294,20140034850,11/23/2014,11-November,1-Sunday,16:55,1600 Hours,District 1 (Central),DES MOINES,POLK,,UNIVERSITY AVE & 6TH AVE,Collision with:  Vehicle in traffic,On Roadway,Rear-end (front to rear),Other (explain in narrative):  Other,None Indicated,,Dark - roadway lighted,Wet,Rain,None apparent,Intersection:  Four-way intersection,Paved,,Property Damage Only,0,0,0,0,0,0,1500,2,3,,POINT (-93.625751249976 41.600789961251)
2014829606,143597,11/23/2014,11-November,1-Sunday,18:54,1800 Hours,District 3 (Northwest),DENISON,CRAWFORD,,BROADWAY & S 15TH ST & N 15TH ST,Collision with:  Parked motor vehicle,Outside trafficway,Unknown,Unknown,None Indicated,,Dark - roadway lighted,Dry,Clear,None apparent,Non-intersection:  Driveway access (within),Paved,,Property Damage Only,0,0,0,0,0,0,2500,2,3,,POINT (-95.351882411942 42.016750617968)
2014832757,CL14004304,11/23/2014,11-November,1-Sunday,18:58,1800 Hours,District 6 (East Central),CLINTON,CLINTON,US 67,US 67/N 3RD ST,Collision with:  Vehicle in traffic,On Roadway,"Angle, oncoming left turn",Ran Traffic Signal,Under Influence of Alcohol/Drugs/Medications,,Dark - roadway lighted,Dry,Clear,None apparent,Intersection:  Four-way intersection,Paved,,Property Damage Only,0,0,0,0,0,0,2000,2,2,,POINT (-90.183532513105 41.873488290827)
2014831457,2014-039936,11/23/2014,11-November,1-Sunday,02:09,0200 Hours,District 6 (East Central),DUBUQUE,DUBUQUE,IA 946,IA 946/IOWA 946 & LOCUST ST,Collision with:  Vehicle in traffic,On Roadway,Rear-end (front to rear),Lost Control,Alcohol (Statutory),,Dark - roadway lighted,Wet,Cloudy,None apparent,Intersection:  T-intersection,Paved,,Property Damage Only,0,0,0,0,0,0,2000,2,3,,POINT (-90.664767066176 42.493717813106)
2014830040,,11/23/2014,11-November,1-Sunday,09:00,0900 Hours,District 2 (Northeast),ELKADER,CLAYTON,,MAIN ST SW,Collision with:  Vehicle in traffic,On Roadway,"Angle, oncoming left turn",Made improper turn,None Indicated,,Daylight,Dry,Clear,None apparent,Non-intersection:  Driveway access (within),Paved,,Property Damage Only,0,0,0,0,0,0,2000,2,2,,POINT (-91.402648072612 42.852888623961)
2014829964,14027366,11/23/2014,11-November,1-Sunday,18:29,1800 Hours,District 5 (Southeast),OSKALOOSA,MAHASKA,US 63,US 63/N MARKET ST & W GLENDALE RD,Collision with:  Animal,On Roadway,Non-collision (single vehicle),Animal,None Indicated,,Dark - unknown roadway lighting,Wet,Rain,None apparent,Non-intersection:  Non-junction/no special feature,Paved,,Minor Injury,0,1,0,1,0,0,2000,1,2,,POINT (-92.645710207005 41.312860317331)
2014829298,20140034876,11/23/2014,11-November,1-Sunday,21:32,2100 Hours,District 1 (Central),DES MOINES,POLK,,COTTAGE GROVE AVE & 31ST ST,Collision with:  Vehicle in traffic,On Roadway,Broadside (front to side),FTYROW:  From stop sign,None Indicated,,Dark - roadway lighted,Wet,Rain,None apparent,Intersection:  Other intersection (explain in narrative),Paved,,Property Damage Only,0,0,0,0,0,0,2000,2,2,,POINT (-93.659351577383 41.598485467485)
2014832303,14048829,11/23/2014,11-November,1-Sunday,22:07,2200 Hours,District 5 (Southeast),,MUSCATINE,,Co Rd X54/MOSCOW AVE,Collision with:  Animal,,,Animal,None Indicated,,,,,,,Paved,,Property Damage Only,0,0,0,0,0,0,2000,1,1,,POINT (-91.082367152188 41.567610667893)
2014829836,14-005079,11/23/2014,11-November,1-Sunday,16:18,1600 Hours,District 1 (Central),ANKENY,POLK,US 69,US 69/S ANKENY BLVD/N ANKENY BLVD & W 1ST ST & E 1ST ST,Collision with:  Vehicle in traffic,On Roadway,"Angle, oncoming left turn",Unknown,None Indicated,,Daylight,Wet,Rain,None apparent,Intersection:  Four-way intersection,Paved,,Minor Injury,0,1,0,1,0,0,8000,2,2,,POINT (-93.600387986298 41.731870931936)
2014829235,W14-115545,11/23/2014,11-November,1-Sunday,14:11,1400 Hours,District 2 (Northeast),WATERLOO,BLACK HAWK,,E MITCHELL AVE & LA PORTE RD,Collision with:  Vehicle in traffic,On Roadway,Broadside (front to side),Ran Traffic Signal,None Indicated,,Daylight,Wet,Rain,None apparent,Intersection:  Four-way intersection,Paved,,Property Damage Only,0,0,0,0,0,0,7000,3,5,,POINT (-92.322736395714 42.476591268892)
2014829345,14-38656,11/23/2014,11-November,1-Sunday,19:15,1900 Hours,District 3 (Northwest),SIOUX CITY,WOODBURY,,CLARK ST,Collision with:  Parked motor vehicle,On Roadway,Rear-end (front to rear),Other (explain in narrative):  Other,None Indicated,,Dark - roadway lighted,Dry,Clear,None apparent,Non-intersection:  Non-junction/no special feature,Paved,,Minor Injury,0,1,0,1,0,0,3000,2,1,,POINT (-96.391176154512 42.499381632081)
2014829396,2014-80888,11/23/2014,11-November,1-Sunday,10:42,1000 Hours,District 6 (East Central),DAVENPORT,SCOTT,I-80,I-80,Collision with:  Vehicle in traffic,On Roadway,Rear-end (front to rear),Lost Control,None Indicated,,Daylight,Wet,Rain,None apparent,Non-intersection:  Non-junction/no special feature,Paved,,Property Damage Only,0,0,0,0,0,0,6000,2,4,,POINT (-90.581717575816 41.598056068093)
2014830695,2014065465,11/23/2014,11-November,1-Sunday,14:25,1400 Hours,District 4 (Southwest),,POTTAWATTAMIE,I-80,I-80,Collision with fixed object:  Other fixed object (explain in narrative),On Roadway,Non-collision (single vehicle),Equipment failure,None Indicated,,Daylight,Dry,Cloudy,None apparent,Non-intersection:  Non-junction/no special feature,Paved,,Property Damage Only,0,0,0,0,0,0,2100,1,3,,POINT (-95.739356993775 41.33328934999)
2014831365,C14003744,11/23/2014,11-November,1-Sunday,17:00,1700 Hours,District 6 (East Central),CORALVILLE,JOHNSON,I-80,I-80 & I-380,Collision with fixed object:  Other fixed object (explain in narrative),On Roadway,Non-collision (single vehicle),Ran off road - left,None Indicated,,Dark - roadway lighted,Dry,Cloudy,None apparent,Interchange-related:  On-ramp merge area,Paved,,Property Damage Only,0,0,0,0,0,0,4000,1,2,,POINT (-91.640069985111 41.697641510589)
2014829730,14-3764,11/23/2014,11-November,1-Sunday,19:06,1900 Hours,District 1 (Central),FORT DODGE,WEBSTER,,1ST AVE N & N 22ND ST & PROPOSED NO NAME ST,Collision with:  Vehicle in traffic,On Roadway,"Sideswipe, opposite direction",Made improper turn,None Indicated,,Dark - roadway not lighted,Wet,Rain,None apparent,Non-intersection:  Non-junction/no special feature,Paved,,Property Damage Only,0,0,0,0,0,0,6000,2,3,,POINT (-94.168117234425 42.507365549822)
2014829367,201417539,11/23/2014,11-November,1-Sunday,01:57,0100 Hours,District 6 (East Central),CEDAR RAPIDS,LINN,IA 922,IA 922/1ST AVE E,,On Roadway,Non-collision (single vehicle),Ran off road - right,Alcohol (Statutory),,Dark - roadway lighted,Wet,Cloudy,None apparent,Non-intersection:  Non-junction/no special feature,Paved,,Property Damage Only,0,0,0,0,0,0,5300,1,1,,POINT (-91.635218691652 42.00230491704)
2014832782,14-019838,11/23/2014,11-November,1-Sunday,07:42,0700 Hours,District 5 (Southeast),,HENRY,US 34,US 34,Collision with fixed object:  Ditch,Gore,Non-collision (single vehicle),Crossed centerline (undivided),None Indicated,,Daylight,Wet,Cloudy,None apparent,Non-intersection:  Non-junction/no special feature,Paved,,Property Damage Only,0,0,0,0,0,0,3100,1,1,,POINT (-91.642879073576 40.970697520412)
2014830198,14020441,11/23/2014,11-November,1-Sunday,15:18,1500 Hours,District 2 (Northeast),MASON CITY,CERRO GORDO,US 65,US 65/S FEDERAL AVE & 8TH ST SW & 8TH ST SE,Collision with:  Vehicle in traffic,On Roadway,Rear-end (front to rear),Followed too close,None Indicated,,Daylight,Wet,Rain,None apparent,Intersection:  Four-way intersection,Paved,,Minor Injury,0,1,0,1,0,0,50,2,5,,POINT (-93.20109910442 43.143733656683)
2014830866,14-035997,11/23/2014,11-November,1-Sunday,22:15,2200 Hours,District 5 (Southeast),MONTROSE,LEE,,Co Rd J72/300 ST,Collision with:  Animal,,,Animal,None Indicated,,,,,,,Paved,,Property Damage Only,0,0,0,0,0,0,5000,1,1,,POINT (-91.477254642817 40.523733538984)
2014829837,14-005081,11/23/2014,11-November,1-Sunday,21:01,2100 Hours,District 1 (Central),ANKENY,POLK,,NW RIDGE RD,Collision with:  Vehicle in traffic,On Roadway,Broadside (front to side),Unknown,None Indicated,,Dark - roadway lighted,Unknown,Unknown,Unknown,Non-intersection:  Non-junction/no special feature,Paved,,Property Damage Only,0,0,0,0,0,0,1500,2,1,,POINT (-93.643307150462 41.739546822749)
2014829876,14-13600,11/23/2014,11-November,1-Sunday,11:55,1100 Hours,District 3 (Northwest),HOSPERS,SIOUX,IA 60,IA 60/IOWA 60 & Co Rd L22/LOG AVE/COUNTY RD S,Collision with:  Vehicle in traffic,On Roadway,Broadside (front to side),FTYROW:  From stop sign,Alcohol (Statutory),,Daylight,Wet,Cloudy,None apparent,Intersection:  Other intersection (explain in narrative),Paved,,Property Damage Only,0,0,0,0,0,0,13000,2,2,,POINT (-95.900822064666 43.06208638603)
2014829289,20140034807,11/23/2014,11-November,1-Sunday,09:25,0900 Hours,District 1 (Central),DES MOINES,POLK,,GUTHRIE AVE,Collision with fixed object:  Curb/island/raised median,Outside trafficway,Non-collision (single vehicle),Ran off road - right,None Indicated,,Daylight,Wet,Cloudy,None apparent,Non-intersection:  Non-junction/no special feature,Paved,,Property Damage Only,0,0,0,0,0,0,6500,1,2,,POINT (-93.598978760776 41.614992843959)
2014830300,201417574,11/23/2014,11-November,1-Sunday,20:25,2000 Hours,District 6 (East Central),CEDAR RAPIDS,LINN,,16TH AVE SW & 6TH ST SW,Collision with:  Vehicle in traffic,On Roadway,Broadside (front to side),Traveling wrong way or on wrong side of road,None Indicated,,Dark - roadway lighted,Wet,Rain,None apparent,Intersection:  Other intersection (explain in narrative),Paved,,Property Damage Only,0,0,0,0,0,0,8000,2,5,,POINT (-91.67710002588 41.961788975531)
2014829361,14-5929,11/23/2014,11-November,1-Sunday,00:58,0000 Hours,District 1 (Central),WEST DES MOINES,POLK,,S PRAIRIE VIEW DR,Collision with fixed object:  Curb/island/raised median,Outside trafficway,Non-collision (single vehicle),Driving too fast for conditions,None Indicated,,Dark - roadway lighted,Wet,Clear,None apparent,Non-intersection:  Non-junction/no special feature,Paved,,Possible/Unknown,0,1,0,0,0,1,2000,1,1,,POINT (-93.779940775235 41.567124067524)
2014829908,14016408,11/23/2014,11-November,1-Sunday,00:35,0000 Hours,District 5 (Southeast),,APPANOOSE,IA 2,IA 2/IOWA 2,Collision with:  Vehicle in traffic,On Roadway,Head-on (front to front),Crossed centerline (undivided),Alcohol (Statutory),,Dark - roadway not lighted,Wet,Rain,None apparent,Non-intersection:  Non-junction/no special feature,Paved,,Property Damage Only,0,0,0,0,0,0,15000,2,3,,POINT (-92.967310918928 40.739434599553)
2014829296,20140034855,11/23/2014,11-November,1-Sunday,17:32,1700 Hours,District 1 (Central),DES MOINES,POLK,US 69,US 69/SE 14TH ST,Collision with:  Vehicle in traffic,On Roadway,Broadside (front to side),FTYROW:  Making left turn,None Indicated,,Dark - roadway lighted,Wet,Rain,None apparent,Non-intersection:  Driveway access (within),Paved,,Possible/Unknown,0,2,0,0,2,0,6500,2,2,,POINT (-93.59680982501 41.534587151788)