Iowa DOT Case Number,Law Enforcement Case Number,Date of Crash,Month of Crash,Day of Week,Time of Crash,Hour,DOT District,City Name,County Name,Route with System,Location Description,First Harmful Event,Location of First Harmful Event,Manner of Crash/Collision,Major Cause,Drug or Alcohol ,Environmental Conditions,Light Conditions,Surface Conditions,Weather Conditions,Roadway Contribution,Roadway Type,Roadway Surface,Work Zone,Crash Severity,Number of Fatalities,Number of Injuries,Number of Major Injuries,Number of Minor Injuries,Number of Possible Injuries,Number of Unknown Injuries,Amount of Property Damage,Number of Vehicles Involved,Total Number of Occupants,Travel Direction,Location
2014831696,14-008567,11/23/2014,11-November,1-Sunday,18:45,1800 Hours,District 3 (Northwest),,PALO ALTO,US 18,US 18/360 ST,Collision with:  Animal,,,Animal,None Indicated,,,,,,,Paved,,Property Damage Only,0,0,0,0,0,0,2000,1,1,,POINT (-94.839881331279 43.126666352165)
2014829607,143598,11/23/2014,11-November,1-Sunday,18:54,1800 Hours,District 3 (Northwest),DENISON,CRAWFORD,,1ST AVE N & N 16TH ST,Collision with:  Vehicle in traffic,On Roadway,"Sideswipe, same direction",Traveling wrong way or on wrong side of road,None Indicated,,Dark - roadway not lighted,Wet,Clear,None apparent,Non-intersection:  Driveway access (within),Paved,,Property Damage Only,0,0,0,0,0,0,8500,2,4,,POINT (-95.349688002156 42.01783125474)
2014829878,2014013110,11/23/2014,11-November,1-Sunday,04:44,0400 Hours,District 6 (East Central),IOWA CITY,JOHNSON,,PRAIRIE DU CHIEN RD,Collision with fixed object:  Utility pole/light support,On Roadway,Non-collision (single vehicle),"Operating vehicle in an reckless, erratic, careless, negligent manner",Alcohol (Statutory),,Dark - roadway not lighted,Wet,Rain,None apparent,Non-intersection:  Non-junction/no special feature,Paved,,Property Damage Only,0,0,0,0,0,0,2500,1,1,,POINT (-91.521189461982 41.675727535255)
2014829622,2014065453,11/23/2014,11-November,1-Sunday,13:00,1300 Hours,District 2 (Northeast),,CLAYTON,US 18,US 18 & Co Rd X32/HICKORY AVE,Collision with fixed object:  Ditch,Roadside,Non-collision (single vehicle),Swerving/Evasive Action,None Indicated,,Daylight,Wet,Rain,None apparent,Intersection:  T-intersection,Paved,,Property Damage Only,0,0,0,0,0,0,4000,1,1,,POINT (-91.329530207789 43.008881705899)
2014829919,201404307,11/23/2014,11-November,1-Sunday,09:00,0900 Hours,District 6 (East Central),,LINN,US 151,US 151,Non-collision events:  Other non-collision (explain in narrative),On Roadway,Non-collision (single vehicle),Other (explain in narrative):  No improper action,None Indicated,,Daylight,Wet,Rain,None apparent,Non-intersection:  Non-junction/no special feature,Paved,,Property Damage Only,0,0,0,0,0,0,5500,1,2,,POINT (-91.554303332259 41.961325834478)
2014829581,2014-80965,11/23/2014,11-November,1-Sunday,21:43,2100 Hours,District 6 (East Central),DAVENPORT,SCOTT,,IA 461/BRADY ST & E 29TH PL,Collision with fixed object:  Utility pole/light support,On Roadway,Non-collision (single vehicle),"Operating vehicle in an reckless, erratic, careless, negligent manner",Alcohol (Statutory),,Dark - roadway lighted,Wet,Cloudy,None apparent,Non-intersection:  Non-junction/no special feature,Paved,,Property Damage Only,0,0,0,0,0,0,5000,1,2,,POINT (-90.570472455882 41.550148193816)
2014829615,2014-80901,11/23/2014,11-November,1-Sunday,13:09,1300 Hours,District 6 (East Central),DAVENPORT,SCOTT,,IA 461/HARRISON ST & W 29TH ST,Collision with:  Vehicle in traffic,On Roadway,"Sideswipe, same direction",Made improper turn,None Indicated,,Daylight,Wet,Rain,None apparent,Intersection:  Four-way intersection,Paved,,Property Damage Only,0,0,0,0,0,0,7000,2,5,,POINT (-90.576666643509 41.549621506609)
2014829342,14-38616,11/23/2014,11-November,1-Sunday,10:55,1000 Hours,District 3 (Northwest),SIOUX CITY,WOODBURY,,W 4TH ST & BLUFF ST,Collision with:  Vehicle in traffic,On Roadway,Broadside (front to side),Ran Stop Sign,None Indicated,,Daylight,Dry,Clear,None apparent,Intersection:  Four-way intersection,Paved,,Minor Injury,0,2,0,2,0,0,6700,2,5,,POINT (-96.413358636415 42.496912452791)
2014830731,11232014141,11/23/2014,11-November,1-Sunday,15:45,1500 Hours,District 5 (Southeast),OSCEOLA,CLARKE,US 34,US 34 & E EDDY SAYLOR PKWY,Non-collision events:  Other non-collision (explain in narrative),On Roadway,"Angle, oncoming left turn",FTYROW:  Making left turn,None Indicated,,Daylight,Wet,Rain,None apparent,Intersection:  Other intersection (explain in narrative),Paved,,Minor Injury,0,3,0,3,0,0,12600,2,3,,POINT (-93.798617161218 41.02583370509)
2014829627,14-049399,11/23/2014,11-November,1-Sunday,03:38,0300 Hours,District 4 (Southwest),COUNCIL BLUFFS,POTTAWATTAMIE,,S 8TH ST,Collision with fixed object:  Utility pole/light support,Roadside,Non-collision (single vehicle),Ran off road - right,None Indicated,,Dark - roadway lighted,Wet,Rain,None apparent,Unknown,Paved,,Property Damage Only,0,0,0,0,0,0,2525,1,4,,POINT (-95.856079354455 41.250239631036)
2014829311,20140034782,11/23/2014,11-November,1-Sunday,23:21,2300 Hours,District 1 (Central),DES MOINES,POLK,,E PARK AVE & SE 8TH ST,Collision with:  Vehicle in traffic,On Roadway,Broadside (front to side),Ran Stop Sign,None Indicated,,Dark - roadway lighted,Wet,Cloudy,None apparent,Intersection:  Four-way intersection,Paved,,Property Damage Only,0,0,0,0,0,0,5000,2,4,,POINT (-93.602636847106 41.555354670795)
2014829631,14-41843,11/23/2014,11-November,1-Sunday,18:43,1800 Hours,District 5 (Southeast),BURLINGTON,DES MOINES,,10TH ST,Collision with:  Parked motor vehicle,On Roadway,"Sideswipe, same direction",Lost Control,Under Influence of Alcohol/Drugs/Medications,,Dark - roadway not lighted,Wet,"Fog, smoke, smog",None apparent,Non-intersection:  Non-junction/no special feature,Paved,,Property Damage Only,0,0,0,0,0,0,4150,4,1,,POINT (-91.108705997583 40.792419937556)
2014829291,20140034838,11/23/2014,11-November,1-Sunday,15:09,1500 Hours,District 1 (Central),DES MOINES,POLK,I-235,I-235,Collision with fixed object:  Concrete traffic barrier (median or right side),On Roadway,Non-collision (single vehicle),Ran off road - left,None Indicated,,Daylight,Wet,Cloudy,None apparent,Non-intersection:  Non-junction/no special feature,Paved,,Property Damage Only,0,0,0,0,0,0,3300,1,3,,POINT (-93.700882028606 41.592961547499)
2014830134,C14003745,11/23/2014,11-November,1-Sunday,17:25,1700 Hours,District 6 (East Central),CORALVILLE,JOHNSON,US 6,US 6/2ND ST & 12TH AVE,Collision with fixed object:  Curb/island/raised median,Median,Non-collision (single vehicle),Made improper turn,None Indicated,,Dark - roadway lighted,Wet,Rain,None apparent,Intersection:  T-intersection,Paved,,Property Damage Only,0,0,0,0,0,0,6500,1,2,,POINT (-91.581775912494 41.674518764256)
2014832326,14-6108,11/24/2014,11-November,2-Monday,17:20,1700 Hours,District 6 (East Central),HIAWATHA,LINN,,BLAIRS FERRY RD NE & CENTER POINT RD NE,Collision with:  Vehicle in traffic,On Roadway,Head-on (front to front),FTYROW:  Making left turn,None Indicated,,Dark - roadway lighted,Dry,Cloudy,None apparent,Intersection:  Four-way intersection,Paved,,Property Damage Only,0,0,0,0,0,0,11000,2,4,,POINT (-91.668302466931 42.034774280173)
2014830658,2014-13526,11/24/2014,11-November,2-Monday,05:40,0500 Hours,District 2 (Northeast),FOREST CITY,WINNEBAGO,US 69,US 69/170TH AVE & E G ST,Collision with:  Vehicle in traffic,On Roadway,Broadside (front to side),Ran Stop Sign,None Indicated,,Dark - roadway lighted,Ice/frost,"Sleet, hail","Surface condition (e.g., wet, icy)",Intersection:  T-intersection,Paved,,Property Damage Only,0,0,0,0,0,0,4000,2,2,,POINT (-93.633324281383 43.261299289178)
2014829865,2014-80999,11/24/2014,11-November,2-Monday,00:59,0000 Hours,District 6 (East Central),DAVENPORT,SCOTT,,W 8TH ST & MARQUETTE ST,Collision with:  Parked motor vehicle,On Roadway,Rear-end (front to rear),Unknown,Refused,,Dark - roadway lighted,Wet,Rain,None apparent,Non-intersection:  Non-junction/no special feature,Paved,,Property Damage Only,0,0,0,0,0,0,20000,2,1,,POINT (-90.590880694379 41.527809587129)
2014877703,2014-7926,11/24/2014,11-November,2-Monday,13:30,1300 Hours,District 6 (East Central),LE CLAIRE,SCOTT,I-80,I-80 & US 67/CODY RD,Collision with fixed object:  Concrete traffic barrier (median or right side),On Roadway,Rear-end (front to rear),Driving too fast for conditions,None Indicated,,Daylight,Snow,Snow,"Surface condition (e.g., wet, icy)",Non-intersection:  Other non-intersection (explain in narrative),Paved,,Property Damage Only,0,0,0,0,0,0,3400,2,3,,POINT (-90.367353014634 41.584049913448)
2014829820,20140034972,11/24/2014,11-November,2-Monday,15:49,1500 Hours,District 1 (Central),DES MOINES,POLK,I-235,I-235,Collision with:  Vehicle in traffic,On Roadway,Rear-end (front to rear),Unknown,None Indicated,,Daylight,Dry,Cloudy,None apparent,Non-intersection:  Non-junction/no special feature,Paved,,Property Damage Only,0,0,0,0,0,0,2000,2,4,,POINT (-93.628088019468 41.595507986721)
2014829803,1411248112,11/24/2014,11-November,2-Monday,13:45,1300 Hours,District 6 (East Central),,CLINTON,US 30,US 30,Collision with fixed object:  Bridge overhead structure,On Roadway,Non-collision (single vehicle),Driving too fast for conditions,None Indicated,,Daylight,Ice/frost,"Sleet, hail",None apparent,Non-intersection:  Other non-intersection (explain in narrative),Paved,,Property Damage Only,0,0,0,0,0,0,2500,1,1,,POINT (-90.457294114042 41.81393900265)
2014829283,20140034930,11/24/2014,11-November,2-Monday,09:44,0900 Hours,District 1 (Central),DES MOINES,POLK,,MADISON AVE & 39TH ST,Collision with:  Vehicle in traffic,On Roadway,Broadside (front to side),FTYROW:  From stop sign,None Indicated,,Daylight,Dry,Cloudy,None apparent,Intersection:  Four-way intersection,Paved,,Property Damage Only,0,0,0,0,0,0,2600,2,2,,POINT (-93.669598059575 41.633194030519)
2014829304,20140034902,11/24/2014,11-November,2-Monday,07:00,0700 Hours,District 1 (Central),DES MOINES,POLK,,SW 3RD ST & W MLK JR PKWY,Collision with:  Vehicle in traffic,On Roadway,Broadside (front to side),Ran Traffic Signal,None Indicated,,Dawn,Dry,Cloudy,None apparent,Intersection:  Four-way intersection,Paved,,Property Damage Only,0,0,0,0,0,0,6500,2,2,,POINT (-93.61928573538 41.582215998688)
2014830357,W14-115727,11/24/2014,11-November,2-Monday,07:57,0700 Hours,District 2 (Northeast),WATERLOO,BLACK HAWK,,INDEPENDENCE AVE,Collision with:  Vehicle in traffic,On Roadway,Rear-end (front to rear),Followed too close,None Indicated,,Daylight,Ice/frost,"Sleet, hail",None apparent,Non-intersection:  Non-junction/no special feature,Paved,,Property Damage Only,0,0,0,0,0,0,25050,2,4,,POINT (-92.318352217961 42.498296375989)
2014830932,201417616,11/24/2014,11-November,2-Monday,15:14,1500 Hours,District 6 (East Central),CEDAR RAPIDS,LINN,,WRIGHT BROTHERS BLVD SW,Non-collision events:  Overturn/rollover,On Roadway,Non-collision (single vehicle),Ran off road - right,None Indicated,,Daylight,Ice/frost,Snow,None apparent,Non-intersection:  Non-junction/no special feature,Paved,,Possible/Unknown,0,1,0,0,1,0,8000,1,1,,POINT (-91.719958242362 41.89384322925)
2014829881,N14000628,11/24/2014,11-November,2-Monday,07:29,0700 Hours,District 6 (East Central),NORTH LIBERTY,JOHNSON,,JONES BLVD & W ZELLER ST,Collision with:  Vehicle in traffic,On Roadway,Broadside (front to side),Driving too fast for conditions,None Indicated,,Daylight,Ice/frost,"Blowing sand, soil, dirt",None apparent,Intersection:  Four-way intersection,Paved,,Property Damage Only,0,0,0,0,0,0,1600,2,5,,POINT (-91.617398350683 41.745043946871)
2014831103,14-016854,11/24/2014,11-November,2-Monday,06:59,0600 Hours,District 2 (Northeast),,FAYETTE,,QUARTZ RD,Collision with fixed object:  Culvert/pipe opening,On Roadway,Non-collision (single vehicle),Ran off road - right,None Indicated,,Dark - roadway not lighted,"Mud, dirt",Cloudy,None apparent,Non-intersection:  Non-junction/no special feature,Unpaved,,Property Damage Only,0,0,0,0,0,0,15000,1,1,,POINT (-91.938423392415 42.971998824932)
2014830244,2014065678,11/24/2014,11-November,2-Monday,14:50,1400 Hours,District 6 (East Central),WELTON,CLINTON,US 61,US 61,Non-collision events:  Jackknife,On Roadway,Rear-end (front to rear),Swerving/Evasive Action,None Indicated,,Daylight,Ice/frost,"Sleet, hail","Surface condition (e.g., wet, icy)",Non-intersection:  Non-junction/no special feature,Paved,,Minor Injury,0,1,0,1,0,0,115000,2,3,,POINT (-90.590247984671 41.902742068025)
2014829969,2014-81062,11/24/2014,11-November,2-Monday,08:00,0800 Hours,District 6 (East Central),DAVENPORT,SCOTT,,IA 461/W RIVER DR,Collision with fixed object:  Traffic sign support,On Roadway,Non-collision (single vehicle),Driving too fast for conditions,None Indicated,,Daylight,Ice/frost,Snow,"Surface condition (e.g., wet, icy)",Non-intersection:  Non-junction/no special feature,Paved,,Property Damage Only,0,0,0,0,0,0,1800,1,1,,POINT (-90.601572394202 41.51643288526)
2014830306,201417623,11/24/2014,11-November,2-Monday,17:10,1700 Hours,District 6 (East Central),CEDAR RAPIDS,LINN,,ELY RD & MUIRFIELD DR SW,Collision with:  Vehicle in traffic,On Roadway,Broadside (front to side),FTYROW:  From stop sign,None Indicated,,Dark - roadway not lighted,Snow,Snow,"Surface condition (e.g., wet, icy)",Intersection:  Other intersection (explain in narrative),Paved,,Property Damage Only,0,0,0,0,0,0,10000,2,2,,POINT (-91.635268959804 41.923057749606)
2014836768,2014-81106,11/24/2014,11-November,2-Monday,13:00,1300 Hours,District 6 (East Central),DAVENPORT,SCOTT,,IA 461/BRADY ST & E 53RD ST,Collision with:  Vehicle in traffic,On Roadway,Broadside (front to side),Ran Traffic Signal,Drug,,Daylight,Wet,Snow,None apparent,Intersection:  Other intersection (explain in narrative),Paved,,Fatal,1,1,0,0,1,0,44500,2,3,,POINT (-90.569619861253 41.574492403391)
2014830156,S14-004660,11/24/2014,11-November,2-Monday,18:00,1800 Hours,District 4 (Southwest),,POTTAWATTAMIE,IA 92,IA 92/IOWA 92 & 214TH ST,Collision with:  Animal,,,Animal,None Indicated,,,,,,,Paved,,Property Damage Only,0,0,0,0,0,0,7000,1,1,,POINT (-95.777356638243 41.232595969901)
2014830241,2014065509,11/24/2014,11-November,2-Monday,02:30,0200 Hours,District 2 (Northeast),,CERRO GORDO,I-35,I-35,Non-collision events:  Jackknife,Median,Non-collision (single vehicle),Swerving/Evasive Action,None Indicated,,Dark - roadway not lighted,Ice/frost,Severe winds,"Surface condition (e.g., wet, icy)",Non-intersection:  Non-junction/no special feature,Paved,,Property Damage Only,0,0,0,0,0,0,5000,1,1,,POINT (-93.341173361151 43.027688194209)
2014834229,14-17765,11/24/2014,11-November,2-Monday,17:59,1700 Hours,District 3 (Northwest),,CLAY,US 18,US 18,Collision with:  Animal,,,Animal,None Indicated,,,,,,,Paved,,Property Damage Only,0,0,0,0,0,0,2000,1,1,,POINT (-95.070930253882 43.127912070872)
2014829882,14-3774,11/24/2014,11-November,2-Monday,13:15,1300 Hours,District 1 (Central),FORT DODGE,WEBSTER,,KENYON RD,Collision with:  Vehicle in traffic,On Roadway,"Sideswipe, same direction",Unknown,None Indicated,,Daylight,Dry,Cloudy,None apparent,Non-intersection:  Other non-intersection (explain in narrative),Paved,,Property Damage Only,0,0,0,0,0,0,2000,2,2,,POINT (-94.188774937435 42.494644182672)
2014831314,2014065521,11/24/2014,11-November,2-Monday,07:00,0700 Hours,District 6 (East Central),,IOWA,I-80,I-80,Collision with fixed object:  Guardrail - face,Median,Non-collision (single vehicle),Ran off road - left,None Indicated,,Dawn,Ice/frost,Snow,"Surface condition (e.g., wet, icy)",Non-intersection:  Non-junction/no special feature,Paved,,Property Damage Only,0,0,0,0,0,0,10630,1,1,,POINT (-92.199876977924 41.695994698124)
2014829757,2014-001818,11/24/2014,11-November,2-Monday,13:46,1300 Hours,District 6 (East Central),BELLE PLAINE,BENTON,,Co Rd E66/77 ST DR,Non-collision events:  Overturn/rollover,On Roadway,Non-collision (single vehicle),Driving too fast for conditions,None Indicated,,Daylight,Ice/frost,"Sleet, hail","Surface condition (e.g., wet, icy)",Non-intersection:  Non-junction/no special feature,Paved,,Possible/Unknown,0,1,0,0,1,0,3000,1,1,,POINT (-92.235600049995 41.899001093773)
2014829971,2014013151,11/24/2014,11-November,2-Monday,16:02,1600 Hours,District 6 (East Central),IOWA CITY,JOHNSON,,STEVENS DR & S GILBERT ST,Collision with:  Vehicle in traffic,On Roadway,Head-on (front to front),Driving too fast for conditions,None Indicated,,Daylight,Snow,Snow,"Surface condition (e.g., wet, icy)",Non-intersection:  Non-junction/no special feature,Paved,,Possible/Unknown,0,1,0,0,1,0,4000,2,3,,POINT (-91.533479662963 41.64289293572)
2014836643,,11/24/2014,11-November,2-Monday,12:41,1200 Hours,District 2 (Northeast),,FLOYD,US 18,US 18 & KIRKWOOD AVE,Collision with fixed object:  Traffic sign support,,,Unknown,None Indicated,,,,,,,Paved,,Property Damage Only,0,0,0,0,0,0,1934,1,1,,POINT (-92.829925302707 43.126665711106)
2014833095,2014-83-AC,11/24/2014,11-November,2-Monday,19:34,1900 Hours,District 3 (Northwest),LAKE PARK,DICKINSON,IA 9,IA 9/IOWA 9,Collision with:  Animal,,,Animal,None Indicated,,,,,,,Paved,,Property Damage Only,0,0,0,0,0,0,6500,1,1,,POINT (-95.325389513493 43.430487725529)
2014829825,21040035007,11/24/2014,11-November,2-Monday,21:36,2100 Hours,District 1 (Central),DES MOINES,POLK,US 69,US 69/SE 14TH ST & E HARTFORD AVE,Collision with:  Vehicle in traffic,On Roadway,"Sideswipe, same direction",FTYROW:  Other (explain in narrative),None Indicated,,Dark - roadway lighted,Dry,Clear,None apparent,Intersection:  Four-way intersection,Paved,,Property Damage Only,0,0,0,0,0,0,6500,3,6,,POINT (-93.59692928767 41.569733066246)
2014829532,14014309,11/24/2014,11-November,2-Monday,06:00,0600 Hours,District 1 (Central),,TAMA,US 30,US 30,Non-collision events:  Overturn/rollover,Roadside,Non-collision (single vehicle),Swerving/Evasive Action,None Indicated,,Dark - roadway not lighted,Snow,Snow,"Surface condition (e.g., wet, icy)",Non-intersection:  Non-junction/no special feature,Paved,,Minor Injury,0,1,0,1,0,0,2000,1,1,,POINT (-92.674792094053 41.999906600764)
2014829886,14-5960,11/24/2014,11-November,2-Monday,17:33,1700 Hours,District 1 (Central),WEST DES MOINES,POLK,,MILLS CIVIC PKWY,Collision with:  Vehicle in traffic,On Roadway,Rear-end (front to rear),Followed too close,None Indicated,,Dark - roadway lighted,Dry,Clear,None apparent,Non-intersection:  Non-junction/no special feature,Paved,,Property Damage Only,0,0,0,0,0,0,1725,2,3,,POINT (-93.78372974673 41.559099863447)
2014831937,2014065667,11/24/2014,11-November,2-Monday,14:00,1400 Hours,District 1 (Central),NEWTON,JASPER,I-80,I-80,Collision with fixed object:  Guardrail - face,Median,Non-collision (single vehicle),Driving too fast for conditions,None Indicated,,Daylight,Wet,Cloudy,None apparent,Non-intersection:  Non-junction/no special feature,Paved,,Property Damage Only,0,0,0,0,0,0,1500,1,1,,POINT (-93.083674000633 41.682707858537)
2014831316,2014065739,11/24/2014,11-November,2-Monday,18:35,1800 Hours,District 6 (East Central),CORALVILLE,JOHNSON,I-80,I-80,Collision with fixed object:  Guardrail - face,Outside trafficway,Non-collision (single vehicle),Swerving/Evasive Action,None Indicated,,Dark - roadway lighted,Ice/frost,Snow,"Surface condition (e.g., wet, icy)","Interchange-related:  Off-ramp, diverge area",Paved,,Minor Injury,0,1,0,1,0,0,78943,1,1,,POINT (-91.558199171136 41.685582985565)
2014830810,14-3367,11/24/2014,11-November,2-Monday,15:03,1500 Hours,District 2 (Northeast),OSAGE,MITCHELL,,CHESTNUT ST & S 3RD ST,Collision with:  Vehicle in traffic,On Roadway,Broadside (front to side),FTYROW:  At uncontrolled intersection,None Indicated,,Daylight,Ice/frost,Cloudy,"Surface condition (e.g., wet, icy)",Non-intersection:  Non-junction/no special feature,Paved,,Property Damage Only,0,0,0,0,0,0,12000,2,3,,POINT (-92.818048671081 43.280142690298)
2014829793,W14-115743,11/24/2014,11-November,2-Monday,09:15,0900 Hours,District 2 (Northeast),WATERLOO,BLACK HAWK,,HOWARD AVE & W 11TH ST,Collision with:  Parked motor vehicle,Outside trafficway,"Sideswipe, same direction",Unknown,None Indicated,,Daylight,Ice/frost,Snow,None apparent,Intersection:  T-intersection,Paved,,Property Damage Only,0,0,0,0,0,0,1500,2,8,,POINT (-92.334960039999 42.471133246581)
2014830199,14020504,11/24/2014,11-November,2-Monday,16:13,1600 Hours,District 2 (Northeast),MASON CITY,CERRO GORDO,IA 122,IA 122/4TH ST SW & S TAFT AVE,Collision with:  Vehicle in traffic,On Roadway,Rear-end (front to rear),Followed too close,None Indicated,,Daylight,Ice/frost,Cloudy,"Surface condition (e.g., wet, icy)",Intersection:  Four-way intersection,Paved,,Property Damage Only,0,0,0,0,0,0,1600,2,2,,POINT (-93.240604050959 43.148339930608)
2014829246,1411242511,11/24/2014,11-November,2-Monday,08:25,0800 Hours,District 6 (East Central),,CLINTON,,Co Rd E50/390 AVE,Non-collision events:  Other non-collision (explain in narrative),On Roadway,Non-collision (single vehicle),Crossed centerline (undivided),None Indicated,,Daylight,Snow,Snow,None apparent,Intersection:  T-intersection,Paved,,Property Damage Only,0,0,0,0,0,0,7500,1,1,,POINT (-90.33465118671 41.961913605442)
2014830728,BP14000951,11/24/2014,11-November,2-Monday,07:15,0700 Hours,District 2 (Northeast),BELMOND,WRIGHT,,3RD ST NE & LUICKS LN,Collision with:  Vehicle in traffic,On Roadway,Broadside (front to side),FTYROW:  From stop sign,None Indicated,,Daylight,Snow,Cloudy,None apparent,Intersection:  Four-way intersection,Paved,,Property Damage Only,0,0,0,0,0,0,5000,2,2,,POINT (-93.602376063169 42.848759720624)
2014829973,2014013157,11/24/2014,11-November,2-Monday,17:59,1700 Hours,District 6 (East Central),IOWA CITY,JOHNSON,,SHERIDAN AVE & SUMMIT ST,Collision with:  Vehicle in traffic,On Roadway,"Sideswipe, opposite direction",Driving too fast for conditions,None Indicated,,Dark - roadway lighted,Ice/frost,Cloudy,None apparent,Non-intersection:  Non-junction/no special feature,Paved,,Property Damage Only,0,0,0,0,0,0,3000,2,3,,POINT (-91.521041858989 41.652262812084)
2014830628,S14-K2407,11/24/2014,11-November,2-Monday,22:36,2200 Hours,District 5 (Southeast),,CLARKE,US 69,US 69,Collision with:  Animal,,,Animal,None Indicated,,,,,,,Paved,,Property Damage Only,0,0,0,0,0,0,4000,1,1,,POINT (-93.769590154496 41.003051516657)
2014829850,2014013140,11/24/2014,11-November,2-Monday,13:41,1300 Hours,District 6 (East Central),IOWA CITY,JOHNSON,,MELROSE AVE,Collision with fixed object:  Utility pole/light support,Median,Non-collision (single vehicle),Crossed centerline (undivided),None Indicated,,Daylight,Ice/frost,"Sleet, hail",None apparent,Intersection:  Four-way intersection,Paved,,Property Damage Only,0,0,0,0,0,0,11000,1,1,,POINT (-91.572580895631 41.656796493113)
2014832304,14048912,11/24/2014,11-November,2-Monday,15:30,1500 Hours,District 5 (Southeast),,MUSCATINE,US 61,US 61,Collision with fixed object:  Traffic sign support,On Roadway,Non-collision (single vehicle),Driving too fast for conditions,None Indicated,,Daylight,Ice/frost,"Blowing sand, soil, dirt","Surface condition (e.g., wet, icy)",Non-intersection:  Non-junction/no special feature,Paved,,Possible/Unknown,0,1,0,0,1,0,8400,1,2,,POINT (-90.805148789751 41.513087916987)
2014830025,2014013152,11/24/2014,11-November,2-Monday,16:26,1600 Hours,District 6 (East Central),IOWA CITY,JOHNSON,IA 1,IA 1/W BURLINGTON ST/E BURLINGTON ST & S MADISON ST,Collision with:  Vehicle in traffic,On Roadway,Rear-end (front to rear),Driving too fast for conditions,None Indicated,,Daylight,Ice/frost,Snow,"Surface condition (e.g., wet, icy)",Non-intersection:  Non-junction/no special feature,Paved,,Property Damage Only,0,0,0,0,0,0,2000,2,3,,POINT (-91.537727509424 41.657880453378)
2014829810,14024918,11/24/2014,11-November,2-Monday,11:26,1100 Hours,District 6 (East Central),MARION,LINN,IA 100,IA 100/COLLINS RD SE & S 31ST ST,Collision with:  Vehicle in traffic,On Roadway,Rear-end (front to rear),Other (explain in narrative):  Other,None Indicated,,Daylight,Wet,"Sleet, hail",None apparent,Non-intersection:  Non-junction/no special feature,Paved,,Minor Injury,0,2,0,2,0,0,4000,2,3,,POINT (-91.579117065935 42.017051979826)
2014829261,14-7778,11/24/2014,11-November,2-Monday,08:00,0800 Hours,District 1 (Central),,POLK,,NE 56TH ST,Non-collision events:  Overturn/rollover,On Roadway,Non-collision (single vehicle),Driving too fast for conditions,None Indicated,,Daylight,Dry,Cloudy,None apparent,Intersection:  Four-way intersection,Paved,,Minor Injury,0,1,0,1,0,0,62000,1,1,,POINT (-93.502878185295 41.731276218316)
2014829996,2014065505,11/24/2014,11-November,2-Monday,00:05,0000 Hours,District 5 (Southeast),,DECATUR,I-35,I-35,Collision with:  Animal,,,Animal,None Indicated,,,,,,,Paved,,Property Damage Only,0,0,0,0,0,0,4500,1,1,,POINT (-93.904904523999 40.606636821314)
2014829805,14178341,11/24/2014,11-November,2-Monday,15:40,1500 Hours,District 6 (East Central),NORTH LIBERTY,JOHNSON,,KANSAS AVE,Collision with fixed object:  Utility pole/light support,On Roadway,Non-collision (single vehicle),Driving too fast for conditions,None Indicated,,Daylight,Ice/frost,Snow,"Surface condition (e.g., wet, icy)",Non-intersection:  Non-junction/no special feature,Unpaved,,Property Damage Only,0,0,0,0,0,0,10000,1,1,,POINT (-91.637048323135 41.726904905451)
2014829974,2014013163,11/24/2014,11-November,2-Monday,19:19,1900 Hours,District 6 (East Central),IOWA CITY,JOHNSON,,NEWTON RD & WOOLF AVE,Collision with:  Vehicle in traffic,On Roadway,Broadside (front to side),Lost Control,None Indicated,,Dark - roadway lighted,Snow,Snow,"Surface condition (e.g., wet, icy)",Non-intersection:  Non-junction/no special feature,Paved,,Property Damage Only,0,0,0,0,0,0,3000,2,5,,POINT (-91.550073332044 41.663260861912)
2014829799,1411242621,11/24/2014,11-November,2-Monday,13:50,1300 Hours,District 6 (East Central),,CLINTON,US 30,US 30,Collision with:  Vehicle in traffic,On Roadway,"Sideswipe, opposite direction",Driving too fast for conditions,None Indicated,,Daylight,Ice/frost,"Sleet, hail","Surface condition (e.g., wet, icy)",Non-intersection:  Other non-intersection (explain in narrative),Paved,,Property Damage Only,0,0,0,0,0,0,3500,2,2,,POINT (-90.456744668998 41.814133968523)
2014829843,2014-81085,11/24/2014,11-November,2-Monday,10:01,1000 Hours,District 6 (East Central),DAVENPORT,SCOTT,,W 14TH ST & N DIVISION ST,Collision with:  Vehicle in traffic,On Roadway,Broadside (front to side),FTYROW:  From stop sign,None Indicated,,Daylight,Snow,Snow,"Surface condition (e.g., wet, icy)",Intersection:  Four-way intersection,Paved,,Property Damage Only,0,0,0,0,0,0,7500,2,2,,POINT (-90.601220301638 41.533744933782)
2014830157,S14-004662,11/24/2014,11-November,2-Monday,21:20,2100 Hours,District 4 (Southwest),,POTTAWATTAMIE,,500TH ST & IDLEWOOD RD,Collision with fixed object:  Ditch,On Roadway,Non-collision (single vehicle),Unknown,None Indicated,,Unknown,"Mud, dirt",Clear,None apparent,Intersection:  T-intersection,Unpaved,,Property Damage Only,0,0,0,0,0,0,10000,1,1,,POINT (-95.232074594866 41.331966709415)