Iowa DOT Case Number,Law Enforcement Case Number,Date of Crash,Month of Crash,Day of Week,Time of Crash,Hour,DOT District,City Name,County Name,Route with System,Location Description,First Harmful Event,Location of First Harmful Event,Manner of Crash/Collision,Major Cause,Drug or Alcohol ,Environmental Conditions,Light Conditions,Surface Conditions,Weather Conditions,Roadway Contribution,Roadway Type,Roadway Surface,Work Zone,Crash Severity,Number of Fatalities,Number of Injuries,Number of Major Injuries,Number of Minor Injuries,Number of Possible Injuries,Number of Unknown Injuries,Amount of Property Damage,Number of Vehicles Involved,Total Number of Occupants,Travel Direction,Location
2014831144,2014-039960,11/24/2014,11-November,2-Monday,09:49,0900 Hours,District 6 (East Central),DUBUQUE,DUBUQUE,,W 32ND ST,Collision with:  Vehicle in traffic,On Roadway,"Sideswipe, opposite direction",Lost Control,None Indicated,,Daylight,Snow,Snow,"Surface condition (e.g., wet, icy)",Non-intersection:  Non-junction/no special feature,Paved,,Property Damage Only,0,0,0,0,0,0,3500,2,2,,POINT (-90.706916046167 42.526726982695)
2014829896,14-41911,11/24/2014,11-November,2-Monday,13:46,1300 Hours,District 5 (Southeast),BURLINGTON,DES MOINES,US 34,US 34/NE RAMP/NW RAMP & US 61,Collision with:  Vehicle in traffic,On Roadway,Broadside (front to side),Ran Traffic Signal,None Indicated,,Daylight,Dry,Cloudy,None apparent,Unknown,Paved,,Property Damage Only,0,0,0,0,0,0,6500,2,3,,POINT (-91.141413817157 40.818497819221)
2014829819,20140034966,11/24/2014,11-November,2-Monday,14:54,1400 Hours,District 1 (Central),DES MOINES,POLK,,SW 9TH ST,Collision with:  Vehicle in traffic,On Roadway,Broadside (front to side),FTYROW:  From driveway,None Indicated,,Daylight,Dry,Cloudy,None apparent,Non-intersection:  Driveway access (within),Paved,,Possible/Unknown,0,1,0,0,1,0,2000,2,7,,POINT (-93.625722369993 41.560518648096)
2014833415,14-081124-01,11/24/2014,11-November,2-Monday,06:38,0600 Hours,District 6 (East Central),,IOWA,,Co Rd F46/240TH ST,Collision with fixed object:  Ditch,Roadside,Non-collision (single vehicle),Other (explain in narrative):  No improper action,None Indicated,,Dark - roadway not lighted,Ice/frost,"Sleet, hail","Surface condition (e.g., wet, icy)",Non-intersection:  Non-junction/no special feature,Paved,,Property Damage Only,0,0,0,0,0,0,2500,1,2,,POINT (-91.961683894318 41.658998103329)
2014831422,2014065605,11/24/2014,11-November,2-Monday,11:25,1100 Hours,District 1 (Central),,TAMA,US 63,US 63,Non-collision events:  Jackknife,On Roadway,Non-collision (single vehicle),Ran off road - left,None Indicated,,Daylight,Ice/frost,"Sleet, hail","Surface condition (e.g., wet, icy)",Non-intersection:  Non-junction/no special feature,Paved,,Property Damage Only,0,0,0,0,0,0,15000,1,1,,POINT (-92.581431897236 42.025507196599)
2014830785,14-010349,11/24/2014,11-November,2-Monday,23:00,2300 Hours,District 4 (Southwest),,CASS,I-80,I-80,Collision with:  Animal,,,Animal,None Indicated,,,,,,,Paved,,Property Damage Only,0,0,0,0,0,0,10000,1,1,,POINT (-94.848857754975 41.497097179998)
2014830206,A14-079,11/24/2014,11-November,2-Monday,20:27,2000 Hours,District 4 (Southwest),WINTERSET,MADISON,,N 1ST ST,Collision with:  Vehicle in traffic,On Roadway,Broadside (front to side),Improper Backing,None Indicated,,Dark - roadway lighted,Dry,Clear,None apparent,Non-intersection:  Non-junction/no special feature,Paved,,Property Damage Only,0,0,0,0,0,0,2550,2,3,,POINT (-94.013391912114 41.335309640408)
2014831936,2014065609,11/24/2014,11-November,2-Monday,11:07,1100 Hours,District 6 (East Central),,BENTON,US 151,US 151/32 AVE,Collision with:  Vehicle in traffic,On Roadway,Head-on (front to front),Crossed centerline (undivided),None Indicated,,Daylight,Ice/frost,"Sleet, hail","Surface condition (e.g., wet, icy)",Non-intersection:  Non-junction/no special feature,Paved,,Minor Injury,0,3,0,3,0,0,35000,2,3,,POINT (-91.869236681151 41.874217694512)
2014833814,2014-6673,11/24/2014,11-November,2-Monday,06:52,0600 Hours,District 2 (Northeast),,HANCOCK,US 18,US 18 & Co Rd R30/HILL AVE,Non-collision events:  Overturn/rollover,On Roadway,Non-collision (single vehicle),Ran off road - left,None Indicated,,Dawn,Ice/frost,Rain,"Surface condition (e.g., wet, icy)",Intersection:  Four-way intersection,Paved,,Property Damage Only,0,0,0,0,0,0,7500,1,1,,POINT (-93.832458951979 43.097622822813)
2014831489,2014065748,11/24/2014,11-November,2-Monday,22:04,2200 Hours,District 1 (Central),,POLK,I-35,I-35,Collision with fixed object:  Concrete traffic barrier (median or right side),On Roadway,Non-collision (single vehicle),Swerving/Evasive Action,None Indicated,,Dark - roadway not lighted,Dry,Clear,None apparent,Non-intersection:  Non-junction/no special feature,Paved,,Property Damage Only,0,0,0,0,0,0,10000,1,1,,POINT (-93.642988577521 41.649666936969)
2014830826,14010089,11/24/2014,11-November,2-Monday,10:28,1000 Hours,District 6 (East Central),DELHI,DELAWARE,,HARTWICK RD & 6TH ST,Collision with fixed object:  Ditch,On Roadway,Non-collision (single vehicle),Lost Control,None Indicated,,Daylight,Ice/frost,"Sleet, hail","Surface condition (e.g., wet, icy)",Intersection:  T-intersection,Paved,,Property Damage Only,0,0,0,0,0,0,15000,1,1,,POINT (-91.336838762555 42.426142809282)
2014831738,201400057239,11/24/2014,11-November,2-Monday,15:50,1500 Hours,District 5 (Southeast),OTTUMWA,WAPELLO,,E 2ND ST & S JEFFERSON ST & N JEFFERSON ST,Collision with:  Vehicle in traffic,On Roadway,Broadside (front to side),FTYROW:  From stop sign,None Indicated,,Dusk,Dry,Cloudy,None apparent,Intersection:  Four-way intersection,Paved,,Possible/Unknown,0,1,0,0,1,0,6000,2,4,,POINT (-92.408346973943 41.016019972077)
2014829966,2014-81051,11/24/2014,11-November,2-Monday,06:28,0600 Hours,District 6 (East Central),DAVENPORT,SCOTT,I-280,I-280,Collision with:  Vehicle in traffic,On Roadway,Rear-end (front to rear),Driving too fast for conditions,None Indicated,,Daylight,Slush,Snow,"Surface condition (e.g., wet, icy)","Interchange-related:  Off-ramp, diverge area",Paved,,Property Damage Only,0,0,0,0,0,0,4600,2,2,,POINT (-90.652824234777 41.492894103446)
2014829972,2014013154,11/24/2014,11-November,2-Monday,16:56,1600 Hours,District 6 (East Central),IOWA CITY,JOHNSON,,KIRKWOOD AVE & S GILBERT ST,Collision with:  Vehicle in traffic,On Roadway,Rear-end (front to rear),Driving too fast for conditions,None Indicated,,Dusk,Snow,Snow,None apparent,Non-intersection:  Non-junction/no special feature,Paved,,Minor Injury,0,1,0,1,0,0,2,2,3,,POINT (-91.531986405706 41.64943087423)
2014831407,14-41914,11/24/2014,11-November,2-Monday,14:39,1400 Hours,District 5 (Southeast),BURLINGTON,DES MOINES,,HARRISON AVE & SUMMER ST,Collision with:  Vehicle in traffic,On Roadway,"Angle, oncoming left turn",Crossed centerline (undivided),None Indicated,,Daylight,Wet,Cloudy,None apparent,Intersection:  Four-way intersection,Paved,,Property Damage Only,0,0,0,0,0,0,2500,2,4,,POINT (-91.116013647656 40.789251659804)
2014832048,,11/24/2014,11-November,2-Monday,09:35,0900 Hours,District 2 (Northeast),,WINNESHIEK,IA 9,IA 9/IOWA 9,Collision with fixed object:  Ditch,Shoulder,Non-collision (single vehicle),Lost Control,None Indicated,,Daylight,Ice/frost,Snow,"Surface condition (e.g., wet, icy)",Non-intersection:  Non-junction/no special feature,Paved,,Property Damage Only,0,0,0,0,0,0,1500,1,1,,POINT (-91.875383421562 43.28446566445)
2014829818,20140034964,11/24/2014,11-November,2-Monday,14:40,1400 Hours,District 1 (Central),DES MOINES,POLK,,CHAMBERLAIN DR & POLK BLVD,Collision with:  Vehicle in traffic,On Roadway,"Angle, oncoming left turn",FTYROW:  Making left turn,None Indicated,,Daylight,Dry,Cloudy,None apparent,Intersection:  T-intersection,Paved,,Property Damage Only,0,0,0,0,0,0,6500,2,3,,POINT (-93.681631595373 41.593635740474)
2014833784,2014-6675,11/24/2014,11-November,2-Monday,06:55,0600 Hours,District 2 (Northeast),,HANCOCK,US 18,US 18,Collision with fixed object:  Ditch,Outside trafficway,Non-collision (single vehicle),Ran off road - right,None Indicated,,Dawn,Ice/frost,Rain,"Surface condition (e.g., wet, icy)",Non-intersection:  Non-junction/no special feature,Paved,,Property Damage Only,0,0,0,0,0,0,3000,1,1,,POINT (-93.914943583282 43.097281159024)
2014831170,2014039970,11/24/2014,11-November,2-Monday,10:25,1000 Hours,District 6 (East Central),DUBUQUE,DUBUQUE,US 61,US 61 & LAKE ELEANOR RD,Non-collision events:  Overturn/rollover,On Roadway,Non-collision (single vehicle),Ran off road - right,None Indicated,,Daylight,Snow,Snow,"Surface condition (e.g., wet, icy)",Non-intersection:  Non-junction/no special feature,Paved,,Property Damage Only,0,0,0,0,0,0,9000,1,1,,POINT (-90.680138096018 42.447562984699)
2014830035,,11/24/2014,11-November,2-Monday,09:30,0900 Hours,District 2 (Northeast),CLARKSVILLE,BUTLER,IA 188,IA 188/MAIN ST & E OAKLAND ST,Collision with:  Other non-fixed object (explain in narrative),On Roadway,Non-collision (single vehicle),Unknown,None Indicated,,Daylight,Snow,Snow,,Non-intersection:  Railroad grade crossing,Paved,,Property Damage Only,0,0,0,0,0,0,4500,2,3,,POINT (-92.667699925585 42.774685200542)
2014836363,,11/24/2014,11-November,2-Monday,11:50,1100 Hours,District 2 (Northeast),DECORAH,WINNESHIEK,,WINNEBAGO ST,Collision with:  Other non-fixed object (explain in narrative),Roadside,Non-collision (single vehicle),Lost Control,None Indicated,,Daylight,Ice/frost,Snow,"Surface condition (e.g., wet, icy)",Non-intersection:  Non-junction/no special feature,Paved,,Property Damage Only,0,0,0,0,0,0,1500,1,1,,POINT (-91.787186047858 43.30410369424)
2014844101,CP14-1156,11/24/2014,11-November,2-Monday,14:25,1400 Hours,District 2 (Northeast),CLARION,WRIGHT,IA 3,IA 3/CENTRAL AVE & 2ND ST SW & 2ND ST NW,Collision with:  Vehicle in traffic,On Roadway,Rear-end (front to rear),Followed too close,None Indicated,,Daylight,Snow,Snow,None apparent,Non-intersection:  Non-junction/no special feature,Paved,,Property Damage Only,0,0,0,0,0,0,2000,2,5,,POINT (-93.735441940308 42.731651028295)
2014830698,2014065718,11/24/2014,11-November,2-Monday,16:15,1600 Hours,District 5 (Southeast),,MUSCATINE,,Co Rd Y14/TAYLOR AVE,Collision with:  Vehicle in traffic,On Roadway,"Sideswipe, opposite direction",Crossed centerline (undivided),None Indicated,,Daylight,Ice/frost,Snow,"Surface condition (e.g., wet, icy)",Non-intersection:  Non-junction/no special feature,Paved,,Major Injury,0,3,1,2,0,0,30000,2,3,,POINT (-90.997088312405 41.539541463625)
2014830307,201417627,11/24/2014,11-November,2-Monday,19:12,1900 Hours,District 6 (East Central),CEDAR RAPIDS,LINN,I-380,I-380,Collision with:  Vehicle in traffic,On Roadway,Rear-end (front to rear),Unknown,None Indicated,,Dark - roadway lighted,Snow,Snow,None apparent,Interchange-related:  On-ramp,Paved,,Property Damage Only,0,0,0,0,0,0,6000,2,2,,POINT (-91.666688737599 41.928083317405)
2014832531,173-2014,11/24/2014,11-November,2-Monday,17:30,1700 Hours,District 4 (Southwest),,HARRISON,,MADRID AVE,Collision with:  Animal,,Non-collision (single vehicle),Animal,None Indicated,,,,,,,Unpaved,,Property Damage Only,0,0,0,0,0,0,6000,1,1,,POINT (-95.847636880605 41.837083653233)
2014829251,14178093,11/24/2014,11-November,2-Monday,05:47,0500 Hours,District 6 (East Central),,JOHNSON,IA 1,IA 1/IOWA 1,Collision with:  Vehicle in traffic,On Roadway,Head-on (front to front),Traveling wrong way or on wrong side of road,None Indicated,,Dark - roadway not lighted,Slush,Snow,"Surface condition (e.g., wet, icy)",Non-intersection:  Driveway access (within),Paved,,Minor Injury,0,2,0,1,1,0,12000,2,2,,POINT (-91.477785642349 41.724607915077)
2014830076,14-009905,11/24/2014,11-November,2-Monday,15:59,1500 Hours,District 2 (Northeast),CLAYTON,CLAYTON,US 18,US 18,Collision with:  Vehicle in traffic,On Roadway,"Sideswipe, same direction",Swerving/Evasive Action,None Indicated,,Daylight,Snow,Snow,"Surface condition (e.g., wet, icy)",Non-intersection:  Non-junction/no special feature,Paved,,Property Damage Only,0,0,0,0,0,0,3000,2,2,,POINT (-91.224084030854 43.014749633324)
2014834412,2014-007457,11/24/2014,11-November,2-Monday,05:45,0500 Hours,District 6 (East Central),,BENTON,US 30,US 30/73 ST,Non-collision events:  Other non-collision (explain in narrative),Outside trafficway,Non-collision (single vehicle),Driving too fast for conditions,None Indicated,,Dark - roadway not lighted,Ice/frost,Snow,"Surface condition (e.g., wet, icy)",Non-intersection:  Non-junction/no special feature,Paved,,Minor Injury,0,2,0,2,0,0,5000,1,2,,POINT (-92.114764513409 41.963755654321)
2014829953,2014-81127,11/24/2014,11-November,2-Monday,14:45,1400 Hours,District 6 (East Central),DAVENPORT,SCOTT,,E 53RD ST & CORPORATE PARK DR,Collision with:  Vehicle in traffic,On Roadway,Broadside (front to side),Ran Traffic Signal,None Indicated,,Daylight,Wet,"Sleet, hail",None apparent,Intersection:  Four-way intersection,Paved,,Property Damage Only,0,0,0,0,0,0,17000,3,3,,POINT (-90.517167904561 41.574884131759)
2014829804,1411248113,11/24/2014,11-November,2-Monday,13:45,1300 Hours,District 6 (East Central),,CLINTON,US 30,US 30,Collision with fixed object:  Bridge overhead structure,On Roadway,Non-collision (single vehicle),Driving too fast for conditions,None Indicated,,Daylight,Ice/frost,"Sleet, hail",None apparent,Non-intersection:  Other non-intersection (explain in narrative),Paved,,Property Damage Only,0,0,0,0,0,0,1700,1,2,,POINT (-90.457354965784 41.813922338042)
2014830149,14-018544,11/24/2014,11-November,2-Monday,08:20,0800 Hours,District 2 (Northeast),,FLOYD,US 18,US 18,Non-collision events:  Overturn/rollover,On Roadway,Non-collision (single vehicle),Driving too fast for conditions,None Indicated,,Daylight,Ice/frost,Snow,"Surface condition (e.g., wet, icy)",Non-intersection:  Crossover-related,Paved,,Possible/Unknown,0,1,0,0,1,0,10000,1,1,,POINT (-92.811618769993 43.126934197574)
2014829672,2014013126,11/24/2014,11-November,2-Monday,08:12,0800 Hours,District 6 (East Central),IOWA CITY,JOHNSON,,S LAWN DR,Collision with:  Vehicle in traffic,On Roadway,Broadside (front to side),FTYROW:  From driveway,None Indicated,,Daylight,Wet,Cloudy,None apparent,Non-intersection:  Driveway access (within),Paved,,Property Damage Only,0,0,0,0,0,0,9000,2,4,,POINT (-91.492783909167 41.650742796029)
2014829806,14178508,11/24/2014,11-November,2-Monday,21:58,2100 Hours,District 6 (East Central),,JOHNSON,I-80,I-80 & Co Rd F44/HOOVER HWY NE,Collision with:  Vehicle in traffic,On Roadway,Broadside (front to side),Ran Stop Sign,None Indicated,,Dark - roadway lighted,Ice/frost,Cloudy,"Surface condition (e.g., wet, icy)",Intersection:  T-intersection,Paved,,Property Damage Only,0,0,0,0,0,0,20000,2,2,,POINT (-91.441176843108 41.671877852941)
2014830166,14-41874,11/24/2014,11-November,2-Monday,05:58,0500 Hours,District 5 (Southeast),BURLINGTON,DES MOINES,,ANGULAR ST & SUMMER ST,Collision with:  Vehicle in traffic,On Roadway,Broadside (front to side),Separation of units,None Indicated,,Dark - roadway lighted,Snow,Snow,"Surface condition (e.g., wet, icy)",Non-intersection:  Non-junction/no special feature,Paved,,Possible/Unknown,0,1,0,0,1,0,4000,2,2,,POINT (-91.114021675195 40.801424727251)
2014830213,CL14004144,11/24/2014,11-November,2-Monday,18:18,1800 Hours,District 6 (East Central),CLINTON,CLINTON,US 30,US 30/LIBERTY AVE,Collision with fixed object:  Utility pole/light support,Roadside,Non-collision (single vehicle),Ran off road - left,None Indicated,,Dusk,Snow,Snow,"Surface condition (e.g., wet, icy)",Non-intersection:  Non-junction/no special feature,Paved,,Property Damage Only,0,0,0,0,0,0,9000,1,1,,POINT (-90.198909034057 41.830691305436)
2014829970,2014013146,11/24/2014,11-November,2-Monday,15:40,1500 Hours,District 6 (East Central),IOWA CITY,JOHNSON,US 6,US 6 & STURGIS CORNER DR,Collision with:  Vehicle in traffic,On Roadway,"Sideswipe, same direction",Driving too fast for conditions,None Indicated,,Daylight,Ice/frost,Cloudy,None apparent,Non-intersection:  Non-junction/no special feature,Paved,,Property Damage Only,0,0,0,0,0,0,3000,2,4,,POINT (-91.53815401398 41.646987569803)
2014829842,2014-81066,11/24/2014,11-November,2-Monday,08:08,0800 Hours,District 6 (East Central),DAVENPORT,SCOTT,,ELMORE AVE,Collision with:  Vehicle in traffic,On Roadway,Rear-end (front to rear),Driving too fast for conditions,None Indicated,,Daylight,Snow,Snow,"Surface condition (e.g., wet, icy)",Non-intersection:  Non-junction/no special feature,Paved,,Property Damage Only,0,0,0,0,0,0,4000,2,2,,POINT (-90.527217277156 41.556691881771)
2014841912,2014-6917,11/24/2014,11-November,2-Monday,16:54,1600 Hours,District 1 (Central),,HARDIN,,Co Rd D47/CO HWY D47/240TH ST & F AVE,Collision with fixed object:  Ditch,On Roadway,Non-collision (single vehicle),Other (explain in narrative):  Disregarded Warning Sign,Alcohol (Statutory),,Dusk,Dry,Cloudy,None apparent,Intersection:  T-intersection,Paved,,Fatal,1,0,0,0,0,0,10000,1,1,,POINT (-93.385697232574 42.353795683291)
2014850967,14-009459,11/24/2014,11-November,2-Monday,17:49,1700 Hours,District 5 (Southeast),,LOUISA,,Co Rd G62/COUNTY RD G62,Collision with:  Animal,,,Animal,None Indicated,,,,,,,Paved,,Property Damage Only,0,0,0,0,0,0,6000,1,1,,POINT (-91.28133828489 41.183217174099)
2014829282,20140034911,11/24/2014,11-November,2-Monday,08:19,0800 Hours,District 1 (Central),DES MOINES,POLK,,GRAND AVE & 8TH ST,Collision with:  Vehicle in traffic,On Roadway,Broadside (front to side),Ran Traffic Signal,None Indicated,,Daylight,Dry,Cloudy,None apparent,Intersection:  Four-way intersection,Paved,,Minor Injury,0,1,0,1,0,0,25000,3,3,,POINT (-93.627779849738 41.587232010463)
2014829861,143603,11/24/2014,11-November,2-Monday,18:30,1800 Hours,District 3 (Northwest),,CRAWFORD,,Co Rd M14/KENWOOD RD,Collision with:  Animal,On Roadway,Non-collision (single vehicle),Animal,None Indicated,,Dark - roadway not lighted,Dry,Clear,None apparent,Non-intersection:  Non-junction/no special feature,Paved,,Property Damage Only,0,0,0,0,0,0,3500,1,2,,POINT (-95.493967355871 41.950033814933)
2014829868,2014-81169,11/24/2014,11-November,2-Monday,18:00,1800 Hours,District 6 (East Central),DAVENPORT,SCOTT,,KIRKWOOD BLVD & ARLINGTON AVE,Collision with:  Vehicle in traffic,On Roadway,Broadside (front to side),Driving too fast for conditions,None Indicated,,Dark - roadway lighted,Snow,Snow,"Surface condition (e.g., wet, icy)",Non-intersection:  Non-junction/no special feature,Paved,,Property Damage Only,0,0,0,0,0,0,10000,2,2,,POINT (-90.562496223789 41.53619951785)
2014835189,SO14-1478,11/24/2014,11-November,2-Monday,05:45,0500 Hours,District 2 (Northeast),GALT,WRIGHT,US 69,US 69,Collision with:  Vehicle in traffic,On Roadway,Broadside (front to side),Ran Stop Sign,None Indicated,,Dark - roadway lighted,Ice/frost,"Sleet, hail","Surface condition (e.g., wet, icy)",Intersection:  Four-way intersection,Paved,,Minor Injury,0,2,0,2,0,0,17000,2,2,,POINT (-93.637040513146 42.572184226483)
2014832045,,11/24/2014,11-November,2-Monday,08:38,0800 Hours,District 2 (Northeast),,WINNESHIEK,IA 139,IA 139/IOWA 139,Collision with:  Vehicle in traffic,Shoulder,Rear-end (front to rear),Unknown,None Indicated,,Daylight,Ice/frost,Snow,"Surface condition (e.g., wet, icy)",Non-intersection:  Non-junction/no special feature,Paved,,Property Damage Only,0,0,0,0,0,0,3000,2,2,,POINT (-92.058209912322 43.414448842783)
2014830504,14-009886,11/24/2014,11-November,2-Monday,07:08,0700 Hours,District 2 (Northeast),STRAWBERRY POINT,CLAYTON,IA 3,IA 3/COMMERCIAL ST,Collision with:  Animal,,,Animal,None Indicated,,,,,,,Paved,,Property Damage Only,0,0,0,0,0,0,5000,1,1,,POINT (-91.537198013312 42.66830577177)
2014830936,20144313,11/24/2014,11-November,2-Monday,15:00,1500 Hours,District 1 (Central),,GRUNDY,US 20,US 20,Non-collision events:  Jackknife,On Roadway,Non-collision (single vehicle),Ran off road - right,None Indicated,,Daylight,Ice/frost,Snow,"Surface condition (e.g., wet, icy)",Non-intersection:  Other non-intersection (explain in narrative),Paved,,Property Damage Only,0,0,0,0,0,0,5000,1,1,,POINT (-92.771999721939 42.462821275225)
2014832049,,11/24/2014,11-November,2-Monday,09:10,0900 Hours,District 2 (Northeast),,WINNESHIEK,,Co Rd A46/CO RD A46,Non-collision events:  Overturn/rollover,Roadside,Non-collision (single vehicle),Ran off road - left,None Indicated,,Daylight,Ice/frost,Snow,"Surface condition (e.g., wet, icy)",Non-intersection:  Non-junction/no special feature,Paved,,Property Damage Only,0,0,0,0,0,0,10000,1,1,,POINT (-92.061151483674 43.299080935185)
2014831484,2014065517,11/24/2014,11-November,2-Monday,06:10,0600 Hours,District 6 (East Central),CEDAR RAPIDS,LINN,I-380,I-380,Non-collision events:  Overturn/rollover,Roadside,Non-collision (single vehicle),Swerving/Evasive Action,None Indicated,,Dark - roadway not lighted,Ice/frost,Snow,"Surface condition (e.g., wet, icy)",Non-intersection:  Non-junction/no special feature,Paved,,Property Damage Only,0,0,0,0,0,0,6300,1,1,,POINT (-91.66904752965 41.862732033649)
2014829894,14-24090,11/24/2014,11-November,2-Monday,17:13,1700 Hours,District 6 (East Central),,SCOTT,,Co Rd Y40/70 AVE & 165 ST,Collision with:  Vehicle in traffic,On Roadway,Rear-end (front to rear),Crossed centerline (undivided),None Indicated,,Dark - roadway lighted,Ice/frost,Snow,"Surface condition (e.g., wet, icy)",Intersection:  Four-way intersection,Paved,,Property Damage Only,0,0,0,0,0,0,7000,3,4,,POINT (-90.765338170394 41.545582163004)
2014830696,2014065519,11/24/2014,11-November,2-Monday,05:52,0500 Hours,District 2 (Northeast),,HANCOCK,US 18,US 18,Collision with:  Vehicle in traffic,On Roadway,"Sideswipe, same direction",Driving too fast for conditions,None Indicated,,Dark - roadway not lighted,Ice/frost,"Sleet, hail","Surface condition (e.g., wet, icy)",Non-intersection:  Non-junction/no special feature,Paved,,Possible/Unknown,0,1,0,0,1,0,49500,2,2,,POINT (-93.568584117274 43.112187295129)
2014829987,PD14-11701,11/24/2014,11-November,2-Monday,08:16,0800 Hours,District 1 (Central),MARSHALLTOWN,MARSHALL,,LINCOLN WAY & W MADISON ST,Collision with:  Vehicle in traffic,On Roadway,Broadside (front to side),Other (explain in narrative):  No improper action,None Indicated,,Daylight,Snow,Cloudy,"Surface condition (e.g., wet, icy)",Non-intersection:  Non-junction/no special feature,Paved,,Property Damage Only,0,0,0,0,0,0,2000,2,3,,POINT (-92.925026897739 42.042097520705)
2014829255,14024916,11/24/2014,11-November,2-Monday,11:05,1100 Hours,District 6 (East Central),MARION,LINN,,8TH AVE & 6TH ST,Collision with:  Vehicle in traffic,On Roadway,Broadside (front to side),Ran Stop Sign,None Indicated,,Daylight,Wet,Cloudy,None apparent,Intersection:  Four-way intersection,Paved,,Possible/Unknown,0,1,0,0,1,0,11000,2,5,,POINT (-91.60393552037 42.03420743985)
2014832047,,11/24/2014,11-November,2-Monday,08:03,0800 Hours,District 2 (Northeast),,WINNESHIEK,IA 139,IA 139/IOWA 139,Collision with:  Parked motor vehicle,Shoulder,Rear-end (front to rear),Crossed centerline (undivided),None Indicated,,Daylight,Snow,Snow,"Surface condition (e.g., wet, icy)",Non-intersection:  Non-junction/no special feature,Paved,,Property Damage Only,0,0,0,0,0,0,8000,2,1,,POINT (-92.058209912322 43.414448842783)
2014831038,,11/24/2014,11-November,2-Monday,08:10,0800 Hours,District 6 (East Central),CEDAR RAPIDS,LINN,,6TH ST SW & WRIGHT BROTHERS BLVD SW,Collision with:  Vehicle in traffic,On Roadway,Rear-end (front to rear),Unknown,None Indicated,,Daylight,Ice/frost,"Sleet, hail",,Intersection:  Four-way intersection,Paved,,Property Damage Only,0,0,0,0,0,0,6000,2,2,,POINT (-91.676024598732 41.890706114403)
2014830697,2014065606,11/24/2014,11-November,2-Monday,11:25,1100 Hours,District 5 (Southeast),,HENRY,US 34,US 34/US34 RAMP,Non-collision events:  Overturn/rollover,Shoulder,Non-collision (single vehicle),Crossed centerline (undivided),None Indicated,,Daylight,Dry,Cloudy,None apparent,Non-intersection:  Non-junction/no special feature,Paved,,Property Damage Only,0,0,0,0,0,0,7500,1,1,,POINT (-91.638819175378 40.969892984954)
2014829888,2014-22895,11/24/2014,11-November,2-Monday,18:18,1800 Hours,District 6 (East Central),BETTENDORF,SCOTT,I-74,I-74,Collision with fixed object:  Bridge overhead structure,On Roadway,Non-collision (single vehicle),Driving too fast for conditions,None Indicated,,Dark - roadway lighted,Ice/frost,Snow,"Surface condition (e.g., wet, icy)",Non-intersection:  Other non-intersection (explain in narrative),Paved,,Property Damage Only,0,0,0,0,0,0,5000,1,1,,POINT (-90.513432841842 41.524358841444)
2014829968,2014-81055,11/24/2014,11-November,2-Monday,07:05,0700 Hours,District 6 (East Central),DAVENPORT,SCOTT,,W 53RD ST & RIPLEY ST,Collision with:  Vehicle in traffic,On Roadway,Broadside (front to side),Lost Control,None Indicated,,Daylight,Snow,Snow,"Surface condition (e.g., wet, icy)",Non-intersection:  Non-junction/no special feature,Paved,,Property Damage Only,0,0,0,0,0,0,3000,2,2,,POINT (-90.577341504528 41.574556385495)
2014831145,2014-039967,11/24/2014,11-November,2-Monday,10:28,1000 Hours,District 6 (East Central),DUBUQUE,DUBUQUE,,E 18TH ST & JACKSON ST,Collision with:  Vehicle in traffic,On Roadway,"Sideswipe, opposite direction",FTYROW:  Making left turn,None Indicated,,Daylight,Snow,Snow,None apparent,Intersection:  Four-way intersection,Paved,,Property Damage Only,0,0,0,0,0,0,6000,2,2,,POINT (-90.667572464676 42.510227498718)
2014830055,W14-115901,11/24/2014,11-November,2-Monday,21:10,2100 Hours,District 2 (Northeast),WATERLOO,BLACK HAWK,,ANSBOROUGH AVE,Collision with fixed object:  Utility pole/light support,On Roadway,Non-collision (single vehicle),Ran off road - right,Alcohol (Statutory),,Dark - roadway lighted,Snow,Snow,"Surface condition (e.g., wet, icy)",Intersection:  T-intersection,Paved,,Property Damage Only,0,0,0,0,0,0,4500,1,1,,POINT (-92.376763777753 42.474259071683)
2014830349,2014-81064,11/24/2014,11-November,2-Monday,08:08,0800 Hours,District 6 (East Central),DAVENPORT,SCOTT,,VETERANS MEMORIAL PKWY,Collision with:  Vehicle in traffic,On Roadway,Broadside (front to side),FTYROW:  Making left turn,None Indicated,,Daylight,Snow,Snow,"Surface condition (e.g., wet, icy)",Non-intersection:  Driveway access (within),Paved,,Minor Injury,0,1,0,1,0,0,7000,2,2,,POINT (-90.567956295275 41.585580047421)
2014829883,201400004317,11/24/2014,11-November,2-Monday,11:01,1100 Hours,District 6 (East Central),,LINN,,Co Rd W36/COVINGTON RD,Non-collision events:  Overturn/rollover,Roadside,Non-collision (single vehicle),Ran off road - right,None Indicated,,Daylight,Ice/frost,"Sleet, hail","Surface condition (e.g., wet, icy)",Non-intersection:  Non-junction/no special feature,Paved,,Minor Injury,0,2,0,2,0,0,5000,1,2,,POINT (-91.789616883851 42.050203881404)