Iowa DOT Case Number,Law Enforcement Case Number,Date of Crash,Month of Crash,Day of Week,Time of Crash,Hour,DOT District,City Name,County Name,Route with System,Location Description,First Harmful Event,Location of First Harmful Event,Manner of Crash/Collision,Major Cause,Drug or Alcohol ,Environmental Conditions,Light Conditions,Surface Conditions,Weather Conditions,Roadway Contribution,Roadway Type,Roadway Surface,Work Zone,Crash Severity,Number of Fatalities,Number of Injuries,Number of Major Injuries,Number of Minor Injuries,Number of Possible Injuries,Number of Unknown Injuries,Amount of Property Damage,Number of Vehicles Involved,Total Number of Occupants,Travel Direction,Location
2014831138,2014-013957,11/24/2014,11-November,2-Monday,09:07,0900 Hours,District 6 (East Central),,DUBUQUE,,HALES MILL RD,Collision with fixed object:  Ditch,On Roadway,Non-collision (single vehicle),Ran off road - right,None Indicated,,Daylight,Snow,Snow,"Surface condition (e.g., wet, icy)",Non-intersection:  Non-junction/no special feature,Paved,,Property Damage Only,0,0,0,0,0,0,2500,1,1,,POINT (-90.775067922792 42.554915664053)
2014829809,14024898,11/24/2014,11-November,2-Monday,08:36,0800 Hours,District 6 (East Central),MARION,LINN,,MISSION AVE & 50TH ST,Collision with:  Vehicle in traffic,On Roadway,Rear-end (front to rear),Driving too fast for conditions,None Indicated,,Daylight,Ice/frost,Snow,"Surface condition (e.g., wet, icy)",Intersection:  T-intersection,Paved,,Property Damage Only,0,0,0,0,0,0,2000,2,2,,POINT (-91.556920788537 42.041515388078)
2014829952,2014-80990,11/24/2014,11-November,2-Monday,23:20,2300 Hours,District 6 (East Central),DAVENPORT,SCOTT,,W 3RD ST,Collision with:  Parked motor vehicle,On Roadway,Broadside (front to side),Other (explain in narrative):  No improper action,None Indicated,,Dark - roadway lighted,Wet,Rain,None apparent,Non-intersection:  Non-junction/no special feature,Paved,,Property Damage Only,0,0,0,0,0,0,6000,2,1,,POINT (-90.576495983345 41.522418543524)
2014829841,14022858,11/24/2014,11-November,2-Monday,09:54,0900 Hours,District 2 (Northeast),,BREMER,US 63,US 63,Non-collision events:  Jackknife,On Roadway,Non-collision (single vehicle),Lost Control,None Indicated,,Daylight,Ice/frost,Snow,"Surface condition (e.g., wet, icy)",Non-intersection:  Non-junction/no special feature,Paved,,Property Damage Only,0,0,0,0,0,0,5000,1,1,,POINT (-92.337379475451 42.704844893212)
2014831485,2014065691,11/24/2014,11-November,2-Monday,14:43,1400 Hours,District 6 (East Central),DAVENPORT,SCOTT,I-80,I-80,Non-collision events:  Other non-collision (explain in narrative),On Roadway,Non-collision (single vehicle),Swerving/Evasive Action,None Indicated,,Daylight,Wet,Snow,None apparent,Non-intersection:  Non-junction/no special feature,Paved,,Property Damage Only,0,0,0,0,0,0,8000,1,1,,POINT (-90.538262574581 41.596097545183)
2014831934,2014065532,11/24/2014,11-November,2-Monday,07:10,0700 Hours,District 1 (Central),,HARDIN,US 20,US 20,Non-collision events:  Jackknife,On Roadway,Non-collision (single vehicle),Ran off road - left,None Indicated,,Daylight,Slush,Cloudy,"Surface condition (e.g., wet, icy)",Non-intersection:  Non-junction/no special feature,Paved,,Property Damage Only,0,0,0,0,0,0,8000,1,1,,POINT (-93.057730276902 42.453325091801)
2014830078,14178596,11/24/2014,11-November,2-Monday,23:30,2300 Hours,District 6 (East Central),,JOHNSON,IA 1,IA 1/IOWA 1 & 110TH ST,Collision with fixed object:  Ditch,On Roadway,Non-collision (single vehicle),Ran off road - left,None Indicated,,Dark - roadway not lighted,Ice/frost,Clear,"Surface condition (e.g., wet, icy)",Non-intersection:  Non-junction/no special feature,Paved,,Property Damage Only,0,0,0,0,0,0,10250,1,1,,POINT (-91.500821568733 41.853165507297)
2014829844,2014-81124,11/24/2014,11-November,2-Monday,14:48,1400 Hours,District 6 (East Central),DAVENPORT,SCOTT,,W 1ST ST & TELEGRAPH RD,Collision with fixed object:  Tree,On Roadway,Non-collision (single vehicle),Driving too fast for conditions,None Indicated,,Daylight,Ice/frost,Snow,"Surface condition (e.g., wet, icy)",Non-intersection:  Non-junction/no special feature,Paved,,Property Damage Only,0,0,0,0,0,0,1500,1,1,,POINT (-90.619376717469 41.520099386082)
2014832838,,11/24/2014,11-November,2-Monday,18:20,1800 Hours,District 3 (Northwest),LAKE VIEW,SAC,US 71,US 71/330TH ST,Collision with:  Vehicle in traffic,On Roadway,"Angle, oncoming left turn",FTYROW:  Making left turn,None Indicated,,Dark - roadway lighted,Dry,Clear,None apparent,Non-intersection:  Driveway access (within),Paved,,Property Damage Only,0,0,0,0,0,0,9500,2,4,,POINT (-95.05363340857 42.311311605639)
2014830719,261402103,11/24/2014,11-November,2-Monday,17:16,1700 Hours,District 5 (Southeast),BLOOMFIELD,DAVIS,US 63,US 63,Collision with:  Animal,,,Animal,None Indicated,,,,,,,Paved,,Property Damage Only,0,0,0,0,0,0,5000,1,1,,POINT (-92.40527624675 40.765716456157)
2014829812,14-7804,11/24/2014,11-November,2-Monday,19:30,1900 Hours,District 1 (Central),,POLK,,Co Rd F38/NE 78TH AVE,Collision with:  Animal,,,Animal,None Indicated,,,,,,,Paved,,Property Damage Only,0,0,0,0,0,0,3500,1,1,,POINT (-93.520456888548 41.702879713903)
2014831040,,11/24/2014,11-November,2-Monday,06:47,0600 Hours,District 6 (East Central),CEDAR RAPIDS,LINN,US 30,US 30/LINCOLN FWY,Collision with:  Vehicle in traffic,On Roadway,"Sideswipe, same direction",Unknown,None Indicated,,Dark - roadway lighted,Ice/frost,"Sleet, hail",,Non-intersection:  Other non-intersection (explain in narrative),Paved,,Property Damage Only,0,0,0,0,0,0,10000,2,2,,POINT (-91.682664052791 41.929510638796)
2014829967,2014-81053,11/24/2014,11-November,2-Monday,07:28,0700 Hours,District 6 (East Central),DAVENPORT,SCOTT,,IA 461/BRADY ST & W CENTRAL PARK AVE & E CENTRAL PARK AVE,Collision with:  Vehicle in traffic,On Roadway,Rear-end (front to rear),Lost Control,None Indicated,,Daylight,Snow,Snow,None apparent,Intersection:  Four-way intersection,Paved,,Property Damage Only,0,0,0,0,0,0,2500,2,3,,POINT (-90.572297478446 41.545593499455)
2014832094,1409970,11/24/2014,11-November,2-Monday,14:11,1400 Hours,District 5 (Southeast),WASHINGTON,WASHINGTON,,Co Rd W61/RIVERSIDE RD & N 12TH AVE,Collision with:  Vehicle in traffic,On Roadway,"Angle, oncoming left turn",FTYROW:  From stop sign,None Indicated,,Daylight,Wet,Snow,None apparent,Intersection:  Four-way intersection,Paved,,Possible/Unknown,0,1,0,0,1,0,7500,2,4,,POINT (-91.678481702116 41.309187902625)
2014829821,20140034985,11/24/2014,11-November,2-Monday,17:50,1700 Hours,District 1 (Central),DES MOINES,POLK,,E MCKINLEY AVE,Collision with:  Animal,On Roadway,Non-collision (single vehicle),Animal,None Indicated,,,,,,,Paved,,Property Damage Only,0,0,0,0,0,0,4000,1,1,,POINT (-93.593783834839 41.54058368815)
2014830211,2014-81071,11/24/2014,11-November,2-Monday,08:33,0800 Hours,District 6 (East Central),DAVENPORT,SCOTT,,WASHINGTON ST,Collision with fixed object:  Other fixed object (explain in narrative),Outside trafficway,Non-collision (single vehicle),Unknown,None Indicated,,Daylight,"Mud, dirt",Cloudy,Unknown,Non-intersection:  Non-junction/no special feature,Paved,,Property Damage Only,0,0,0,0,0,0,10000,1,1,,POINT (-90.596265320856 41.53548772937)
2014830303,201417594,11/24/2014,11-November,2-Monday,09:06,0900 Hours,District 6 (East Central),CEDAR RAPIDS,LINN,US 30,US 30/LINCOLN FWY & J ST SW,Collision with fixed object:  Bridge overhead structure,On Roadway,Non-collision (single vehicle),Unknown,None Indicated,,Daylight,Ice/frost,Cloudy,"Surface condition (e.g., wet, icy)",Non-intersection:  Other non-intersection (explain in narrative),Paved,,Property Damage Only,0,0,0,0,0,0,2000,1,1,,POINT (-91.666519630735 41.926937524708)
2014831868,1411241836,11/24/2014,11-November,2-Monday,18:36,1800 Hours,District 6 (East Central),WYOMING,JONES,IA 64,IA 64/MAIN ST & JEFFERSON ST,Collision with:  Vehicle in traffic,On Roadway,Broadside (front to side),Ran Stop Sign,None Indicated,,Dark - roadway lighted,Ice/frost,Snow,"Surface condition (e.g., wet, icy)",Intersection:  Four-way intersection,Paved,,Property Damage Only,0,0,0,0,0,0,7000,2,2,,POINT (-91.004095044959 42.058925278619)
2014830897,14-031124-01,11/24/2014,11-November,2-Monday,13:50,1300 Hours,District 6 (East Central),,IOWA,US 151,US 151/42ND AVE & IA 220/220TH TRL & Co Rd F20,Collision with:  Vehicle in traffic,On Roadway,"Sideswipe, same direction",FTYROW:  Other (explain in narrative),None Indicated,,Daylight,Wet,Snow,None apparent,Non-intersection:  Non-junction/no special feature,Paved,,Property Damage Only,0,0,0,0,0,0,1500,2,2,,POINT (-91.874509448623 41.801675267336)
2014844870,2014-003513,11/24/2014,11-November,2-Monday,15:39,1500 Hours,District 2 (Northeast),,ALLAMAKEE,,SHERMAN RIDGE RD,Collision with:  Vehicle in traffic,On Roadway,"Sideswipe, opposite direction",Crossed centerline (undivided),None Indicated,,Daylight,Ice/frost,Other (explain in narrative),"Surface condition (e.g., wet, icy)",Non-intersection:  Non-junction/no special feature,Unpaved,,Property Damage Only,0,0,0,0,0,0,6000,2,2,,POINT (-91.409422147886 43.239855093376)
2014830666,20140004322,11/24/2014,11-November,2-Monday,23:30,2300 Hours,District 6 (East Central),,LINN,,Co Rd E36/BLAIRS FERRY RD,Collision with fixed object:  Other fixed object (explain in narrative),On Roadway,Non-collision (single vehicle),Driving too fast for conditions,None Indicated,,Dark - roadway not lighted,Snow,"Blowing sand, soil, dirt","Surface condition (e.g., wet, icy)",Non-intersection:  Non-junction/no special feature,Paved,,Property Damage Only,0,0,0,0,0,0,8000,1,1,,POINT (-91.764284248098 42.066028256581)
2014829922,CL14004137,11/24/2014,11-November,2-Monday,09:09,0900 Hours,District 6 (East Central),CLINTON,CLINTON,,S 14TH ST,Collision with:  Vehicle in traffic,On Roadway,"Sideswipe, opposite direction",Lost Control,None Indicated,,Daylight,Snow,Snow,"Surface condition (e.g., wet, icy)",Non-intersection:  Non-junction/no special feature,Paved,,Property Damage Only,0,0,0,0,0,0,10000,2,2,,POINT (-90.218690215136 41.822968122538)
2014829801,1411242791,11/24/2014,11-November,2-Monday,17:50,1700 Hours,District 6 (East Central),,CLINTON,,Co Rd Y4F/250 ST,Collision with:  Vehicle in traffic,On Roadway,Head-on (front to front),Swerving/Evasive Action,None Indicated,,Dark - roadway not lighted,Ice/frost,"Blowing sand, soil, dirt","Surface condition (e.g., wet, icy)",Non-intersection:  Driveway access (within),Unpaved,,Property Damage Only,0,0,0,0,0,0,11000,2,2,,POINT (-90.84089393262 41.814931246835)
2014829858,14-1452,11/24/2014,11-November,2-Monday,15:42,1500 Hours,District 4 (Southwest),CLIVE,DALLAS,US 6,US 6/HICKMAN AVE,Collision with:  Vehicle in traffic,On Roadway,Rear-end (front to rear),Followed too close,None Indicated,,Daylight,Dry,Clear,None apparent,Intersection:  Four-way intersection,Paved,,Property Damage Only,0,0,0,0,0,0,5500,2,3,,POINT (-93.832989734927 41.61480537136)
2014830013,14-17742,11/24/2014,11-November,2-Monday,09:20,0900 Hours,District 3 (Northwest),SPENCER,CLAY,,1ST AVE E,Collision with:  Vehicle in traffic,Shoulder,Unknown,Unknown,None Indicated,,Daylight,Dry,Cloudy,None apparent,Non-intersection:  Non-junction/no special feature,Paved,,Property Damage Only,0,0,0,0,0,0,1500,2,1,,POINT (-95.143260745696 43.141481917939)
2014829808,14024885,11/24/2014,11-November,2-Monday,06:52,0600 Hours,District 6 (East Central),MARION,LINN,,LINDALE DR,Collision with:  Vehicle in traffic,On Roadway,Rear-end (front to rear),Followed too close,None Indicated,,Dawn,Ice/frost,"Sleet, hail",None apparent,Non-intersection:  Non-junction/no special feature,Paved,,Property Damage Only,0,0,0,0,0,0,2000,2,2,,POINT (-91.62186752294 42.0334605061)
2014831814,,11/24/2014,11-November,2-Monday,07:30,0700 Hours,District 2 (Northeast),,ALLAMAKEE,US 59,US 59 & Co Rd X26/VOLNEY RD & BIG FOOT RD,Non-collision events:  Overturn/rollover,On Roadway,Non-collision (single vehicle),Unknown,None Indicated,,Daylight,Ice/frost,Snow,,Non-intersection:  Other non-intersection (explain in narrative),Paved,,Possible/Unknown,0,1,0,0,1,0,7500,1,1,,POINT (-91.375106256209 43.13280371565)
2014829998,2014065553,11/24/2014,11-November,2-Monday,08:10,0800 Hours,District 2 (Northeast),,ALLAMAKEE,IA 26,IA 26/IOWA 26,Collision with:  Vehicle in traffic,On Roadway,Unknown,Crossed centerline (undivided),None Indicated,,Daylight,Ice/frost,Snow,"Surface condition (e.g., wet, icy)",Non-intersection:  Non-junction/no special feature,Paved,,Minor Injury,0,1,0,1,0,0,13000,2,2,,POINT (-91.262703433929 43.424794206447)
2014829879,2014013168,11/25/2014,11-November,3-Tuesday,07:50,0700 Hours,District 6 (East Central),IOWA CITY,JOHNSON,,SUMMIT ST,Collision with:  Vehicle in traffic,On Roadway,"Sideswipe, opposite direction",Crossed centerline (undivided),None Indicated,,Daylight,Ice/frost,Clear,"Surface condition (e.g., wet, icy)",Non-intersection:  Non-junction/no special feature,Paved,,Property Damage Only,0,0,0,0,0,0,4000,2,2,,POINT (-91.521015295514 41.649749556035)
2014830926,201405594,11/25/2014,11-November,3-Tuesday,18:58,1800 Hours,District 1 (Central),,BOONE,US 30,US 30/220TH ST,Collision with:  Animal,,,Animal,None Indicated,,,,,,,Paved,,Property Damage Only,0,0,0,0,0,0,2500,1,1,,POINT (-93.965930015124 42.032266233927)
2014831182,4514-061,11/25/2014,11-November,3-Tuesday,18:05,1800 Hours,District 2 (Northeast),,HOWARD,,Co Rd B17/190TH ST,Collision with fixed object:  Ditch,On Roadway,Non-collision (single vehicle),Crossed centerline (undivided),None Indicated,,Dark - roadway not lighted,Ice/frost,Clear,"Surface condition (e.g., wet, icy)",Non-intersection:  Driveway access (within),Paved,,Property Damage Only,0,0,0,0,0,0,10000,1,1,,POINT (-92.471203042927 43.241812872214)
2014830228,14007418,11/25/2014,11-November,3-Tuesday,14:58,1400 Hours,District 2 (Northeast),,CERRO GORDO,,Co Rd B35/255TH ST & Co Rd S34/LARK AVE,Collision with:  Vehicle in traffic,On Roadway,"Angle, oncoming left turn",FTYROW:  Making left turn,None Indicated,,Daylight,Dry,Clear,None apparent,Intersection:  Four-way intersection,Paved,,Property Damage Only,0,0,0,0,0,0,20000,2,2,,POINT (-93.280371658217 43.133769579992)
2014831008,2014-81329,11/25/2014,11-November,3-Tuesday,17:41,1700 Hours,District 6 (East Central),DAVENPORT,SCOTT,US 6,US 6/W KIMBERLY RD & N DIVISION ST,Collision with:  Vehicle in traffic,On Roadway,Rear-end (front to rear),Other (explain in narrative):  Other,None Indicated,,Dark - roadway lighted,Wet,Cloudy,None apparent,Non-intersection:  Non-junction/no special feature,Paved,,Property Damage Only,0,0,0,0,0,0,5000,3,4,,POINT (-90.600667262592 41.560041134558)
2014831492,2014065938,11/25/2014,11-November,3-Tuesday,17:29,1700 Hours,District 3 (Northwest),,PALO ALTO,US 18,US 18/390 ST,Collision with:  Animal,,,Animal,None Indicated,,,,,,,Paved,,Property Damage Only,0,0,0,0,0,0,3000,1,1,,POINT (-94.465246387229 43.082912680249)
2014831149,2014-039994,11/25/2014,11-November,3-Tuesday,12:43,1200 Hours,District 6 (East Central),DUBUQUE,DUBUQUE,US 61,US 61 & Co Rd Y38/KEY WEST DR & OLDE DAVENPORT RD,Collision with:  Vehicle in traffic,On Roadway,Broadside (front to side),Ran Stop Sign,None Indicated,,Daylight,Dry,Clear,None apparent,Intersection:  Four-way intersection,Paved,,Minor Injury,0,2,0,2,0,0,11000,2,4,,POINT (-90.68077110893 42.436670381169)
2014830827,14010107,11/25/2014,11-November,3-Tuesday,06:05,0600 Hours,District 6 (East Central),,DELAWARE,,Co Rd C64/135TH ST,Collision with:  Animal,,,Animal,None Indicated,,,,,,,Paved,,Property Damage Only,0,0,0,0,0,0,3500,1,1,,POINT (-91.598097188733 42.593034417711)
2014830860,14-22934,11/25/2014,11-November,3-Tuesday,13:13,1300 Hours,District 2 (Northeast),,BREMER,IA 93,IA 93/IOWA 93 & Co Rd V56/VIKING AVE,Collision with:  Vehicle in traffic,On Roadway,Broadside (front to side),FTYROW:  From stop sign,None Indicated,,Daylight,Wet,Clear,None apparent,Intersection:  Four-way intersection,Paved,,Minor Injury,0,2,0,2,0,0,6000,2,2,,POINT (-92.140740723207 42.847471240821)
2014830174,14-005098,11/25/2014,11-November,3-Tuesday,07:58,0700 Hours,District 1 (Central),ANKENY,POLK,,SW ORDNANCE RD,Non-collision events:  Other non-collision (explain in narrative),On Roadway,Rear-end (front to rear),Other (explain in narrative):  Vision obstructed,None Indicated,,Daylight,Dry,Clear,None apparent,Intersection:  Four-way intersection,Paved,,Property Damage Only,0,0,0,0,0,0,3500,3,4,,POINT (-93.600696050207 41.71976385787)
2014830829,14010109,11/25/2014,11-November,3-Tuesday,08:00,0800 Hours,District 6 (East Central),DELHI,DELAWARE,,6TH ST & MARKET ST,Collision with:  Vehicle in traffic,On Roadway,Broadside (front to side),FTYROW:  From driveway,None Indicated,,Daylight,Snow,Clear,None apparent,Non-intersection:  Driveway access (within),Paved,,Property Damage Only,0,0,0,0,0,0,4500,2,3,,POINT (-91.335506209635 42.428726095007)
2014830159,S14-004675,11/25/2014,11-November,3-Tuesday,17:25,1700 Hours,District 4 (Southwest),,POTTAWATTAMIE,,Co Rd G66/PIONEER TRL & BLUEBIRD LN,Collision with:  Vehicle in traffic,On Roadway,Broadside (front to side),Crossed centerline (undivided),None Indicated,,Dark - roadway not lighted,Dry,Clear,None apparent,Non-intersection:  Driveway access (within),Paved,,Major Injury,0,1,1,0,0,0,25000,2,3,,POINT (-95.771873382947 41.212949950772)
2014831493,2014065946,11/25/2014,11-November,3-Tuesday,18:17,1800 Hours,District 6 (East Central),,IOWA,I-80,I-80,Collision with:  Parked motor vehicle,Shoulder,Rear-end (front to rear),Lost Control,None Indicated,,Dark - roadway not lighted,Dry,Clear,None apparent,Non-intersection:  Non-junction/no special feature,Paved,,Property Damage Only,0,0,0,0,0,0,1600,2,1,,POINT (-92.077422978087 41.689780734805)
2014833822,201417655,11/25/2014,11-November,3-Tuesday,13:15,1300 Hours,District 6 (East Central),CEDAR RAPIDS,LINN,,MOUNT VERNON RD SE,Collision with fixed object:  Utility pole/light support,On Roadway,Non-collision (single vehicle),Crossed centerline (undivided),Drug,,Daylight,Dry,Clear,None apparent,Non-intersection:  Non-junction/no special feature,Paved,,Minor Injury,0,1,0,1,0,0,4500,1,1,,POINT (-91.639293989624 41.977081310301)
2014831494,2014065966,11/25/2014,11-November,3-Tuesday,20:35,2000 Hours,District 6 (East Central),,SCOTT,I-80,I-80,Collision with:  Animal,,,Animal,None Indicated,,,,,,,Paved,,Property Damage Only,0,0,0,0,0,0,2000,1,1,,POINT (-90.761718765767 41.61221387068)
2014830792,14-049072,11/25/2014,11-November,3-Tuesday,20:56,2000 Hours,District 5 (Southeast),MUSCATINE,MUSCATINE,,CLEVELAND ST & FRONTAGE RD,Collision with:  Vehicle in traffic,On Roadway,Broadside (front to side),FTYROW:  From stop sign,None Indicated,,Dark - roadway lighted,Dry,Clear,None apparent,Intersection:  T-intersection,Paved,,Property Damage Only,0,0,0,0,0,0,4500,2,5,,POINT (-91.030567200567 41.451880287107)
2014831838,14005565,11/25/2014,11-November,3-Tuesday,14:00,1400 Hours,District 1 (Central),AMES,STORY,US 69,US 69/LINCOLN WAY/GRAND AVE,Collision with:  Vehicle in traffic,On Roadway,Rear-end (front to rear),Other (explain in narrative):  Other,None Indicated,,Daylight,Dry,Clear,None apparent,Non-intersection:  Non-junction/no special feature,Paved,,Property Damage Only,0,0,0,0,0,0,2000,2,2,,POINT (-93.620222147362 42.022910470838)
2014830699,2014065788,11/25/2014,11-November,3-Tuesday,07:30,0700 Hours,District 6 (East Central),ELDRIDGE,SCOTT,US 61,US 61,Collision with:  Vehicle in traffic,On Roadway,Rear-end (front to rear),Made improper turn,None Indicated,,Daylight,Dry,Cloudy,Other (explain in narrative),Non-intersection:  Non-junction/no special feature,Paved,,Property Damage Only,0,0,0,0,0,0,3500,2,2,,POINT (-90.5681477849 41.628706329592)
2014831018,14027550,11/25/2014,11-November,3-Tuesday,17:29,1700 Hours,District 2 (Northeast),FERTILE,WORTH,IA 9,IA 9/IOWA 9,Collision with fixed object:  Ditch,On Roadway,Non-collision (single vehicle),Swerving/Evasive Action,None Indicated,,Dark - roadway not lighted,Dry,Cloudy,None apparent,Non-intersection:  Non-junction/no special feature,Paved,,Property Damage Only,0,0,0,0,0,0,2500,1,2,,POINT (-93.465478977188 43.269840422473)
2014831739,201400057403,11/25/2014,11-November,3-Tuesday,14:22,1400 Hours,District 5 (Southeast),OTTUMWA,WAPELLO,US 63,US 63 & RABBIT RUN,Collision with:  Vehicle in traffic,On Roadway,Rear-end (front to rear),Other (explain in narrative):  Other,None Indicated,,Daylight,Dry,Clear,None apparent,Intersection:  Four-way intersection,Paved,,Minor Injury,0,1,0,1,0,0,5100,3,3,,POINT (-92.403841976535 40.994629398971)
2014831807,143827,11/25/2014,11-November,3-Tuesday,08:14,0800 Hours,District 2 (Northeast),HAMPTON,FRANKLIN,,1ST AVE NW,Collision with:  Parked motor vehicle,On Roadway,Rear-end (front to rear),Other (explain in narrative):  Other,None Indicated,,Daylight,Snow,Clear,"Surface condition (e.g., wet, icy)",Non-intersection:  Non-junction/no special feature,Paved,,Property Damage Only,0,0,0,0,0,0,2500,2,1,,POINT (-93.215766552285 42.742643430089)
2014833649,14010527,11/25/2014,11-November,3-Tuesday,15:31,1500 Hours,District 6 (East Central),,BUCHANAN,,145TH ST,Collision with:  Vehicle in traffic,On Roadway,Rear-end (front to rear),Lost Control,None Indicated,,Daylight,Ice/frost,Clear,"Surface condition (e.g., wet, icy)",Non-intersection:  Non-junction/no special feature,Unpaved,,Property Damage Only,0,0,0,0,0,0,4000,2,2,,POINT (-92.029822874662 42.576331796562)
2014830018,2014-22921,11/25/2014,11-November,3-Tuesday,08:17,0800 Hours,District 6 (East Central),BETTENDORF,SCOTT,,SUNSET DR & 18TH ST,Collision with:  Vehicle in traffic,On Roadway,Rear-end (front to rear),Driver Distraction:  Manual operation of an electronic communication device,None Indicated,,Daylight,Dry,Clear,None apparent,Intersection:  T-intersection,Paved,,Property Damage Only,0,0,0,0,0,0,3500,2,2,,POINT (-90.507354608932 41.530342501203)
2014829827,20140035022,11/25/2014,11-November,3-Tuesday,06:25,0600 Hours,District 1 (Central),DES MOINES,POLK,US 6,US 6/MERLE HAY RD/HICKMAN RD & MERKLIN WAY,Collision with:  Vehicle in traffic,On Roadway,Broadside (front to side),Ran Traffic Signal,None Indicated,,Dark - roadway lighted,Dry,Clear,None apparent,Intersection:  Four-way intersection,Paved,,Property Damage Only,0,0,0,0,0,0,6500,2,4,,POINT (-93.697758824192 41.614904095575)
2014831148,2014-039992,11/25/2014,11-November,3-Tuesday,12:07,1200 Hours,District 6 (East Central),DUBUQUE,DUBUQUE,,W 5TH ST & MAIN ST,Collision with:  Vehicle in traffic,On Roadway,Broadside (front to side),Ran Stop Sign,None Indicated,,Daylight,Dry,Clear,None apparent,Intersection:  Four-way intersection,Paved,,Possible/Unknown,0,1,0,0,1,0,8500,2,2,,POINT (-90.665880829086 42.498450243197)
2014830311,201417662,11/25/2014,11-November,3-Tuesday,17:50,1700 Hours,District 6 (East Central),CEDAR RAPIDS,LINN,,BOYSON RD NE & COUNCIL ST NE,Collision with:  Vehicle in traffic,On Roadway,"Angle, oncoming left turn",FTYROW:  Making left turn,None Indicated,,Dark - roadway lighted,Dry,Clear,None apparent,Intersection:  Four-way intersection,Paved,,Property Damage Only,0,0,0,0,0,0,9500,2,2,,POINT (-91.658214653314 42.046842360251)
2014830107,20140035016,11/25/2014,11-November,3-Tuesday,02:33,0200 Hours,District 1 (Central),DES MOINES,POLK,,43RD ST,Collision with fixed object:  Utility pole/light support,Shoulder,Non-collision (single vehicle),Other (explain in narrative):  Vision obstructed,None Indicated,,Dark - roadway not lighted,Dry,Clear,None apparent,Non-intersection:  Non-junction/no special feature,Paved,,Property Damage Only,0,0,0,0,0,0,2500,1,1,,POINT (-93.675698991071 41.582772001287)
2014831371,14110529,11/25/2014,11-November,3-Tuesday,01:47,0100 Hours,District 5 (Southeast),BLAKESBURG,WAPELLO,,Co Rd T61/MONROE WAPELLO RD,Collision with:  Animal,,,Animal,None Indicated,,,,,,,Paved,,Property Damage Only,0,0,0,0,0,0,3000,1,1,,POINT (-92.634438707818 40.98987109133)
2014830331,14-22946,11/25/2014,11-November,3-Tuesday,14:45,1400 Hours,District 6 (East Central),BETTENDORF,SCOTT,,TANGLEFOOT LN & DEVILS GLEN RD,Collision with:  Vehicle in traffic,On Roadway,Rear-end (front to rear),Lost Control,None Indicated,,Daylight,Dry,Cloudy,None apparent,Intersection:  Four-way intersection,Paved,,Possible/Unknown,0,1,0,0,1,0,1700,2,4,,POINT (-90.48351243526 41.560696603271)
2014831940,2014065827,11/25/2014,11-November,3-Tuesday,09:18,0900 Hours,District 1 (Central),,GRUNDY,US 20,US 20,Collision with fixed object:  Bridge overhead structure,On Roadway,Non-collision (single vehicle),Ran off road - right,None Indicated,,Daylight,Dry,Clear,None apparent,Non-intersection:  Other non-intersection (explain in narrative),Paved,,Property Damage Only,0,0,0,0,0,0,35000,1,1,,POINT (-92.99389409849 42.462246347777)
2014829813,14-7809,11/25/2014,11-November,3-Tuesday,08:30,0800 Hours,District 1 (Central),GRIMES,POLK,IA 141,IA 141/IOWA 141,Collision with:  Vehicle in traffic,On Roadway,Rear-end (front to rear),Followed too close,None Indicated,,Daylight,Dry,Clear,None apparent,Non-intersection:  Non-junction/no special feature,Paved,,Property Damage Only,0,0,0,0,0,0,4000,2,2,,POINT (-93.775008930563 41.661165312548)
2014830350,2014-81250,11/25/2014,11-November,3-Tuesday,08:05,0800 Hours,District 6 (East Central),DAVENPORT,SCOTT,,W 60TH ST & N PINE ST,Collision with:  Vehicle in traffic,On Roadway,Broadside (front to side),Driving too fast for conditions,None Indicated,,Daylight,Ice/frost,Cloudy,"Surface condition (e.g., wet, icy)",Intersection:  T-intersection,Paved,,Property Damage Only,0,0,0,0,0,0,1500,2,2,,POINT (-90.610071894948 41.582059592821)
2014830791,14-049045,11/25/2014,11-November,3-Tuesday,15:54,1500 Hours,District 5 (Southeast),MUSCATINE,MUSCATINE,US 61,US 61 & MULBERRY AVE,Collision with:  Vehicle in traffic,On Roadway,"Angle, oncoming left turn",FTYROW:  Making left turn,None Indicated,,Daylight,Dry,Clear,None apparent,Intersection:  Four-way intersection,Paved,,Minor Injury,0,4,0,1,3,0,28211,5,8,,POINT (-91.086030037699 41.449502234474)
2014830276,14-38868,11/25/2014,11-November,3-Tuesday,17:21,1700 Hours,District 3 (Northwest),SIOUX CITY,WOODBURY,,27TH ST & FLOYD BLVD,Collision with:  Vehicle in traffic,On Roadway,Rear-end (front to rear),Other (explain in narrative):  Other,None Indicated,,Dark - roadway lighted,Dry,Clear,None apparent,Intersection:  T-intersection,Paved,,Property Damage Only,0,0,0,0,0,0,2500,2,3,,POINT (-96.383136028757 42.517475420124)
2014830225,14-2638,11/25/2014,11-November,3-Tuesday,16:55,1600 Hours,District 1 (Central),URBANDALE,POLK,I-35,I-35,Collision with:  Vehicle in traffic,On Roadway,Rear-end (front to rear),Followed too close,None Indicated,,Dark - roadway not lighted,Dry,Clear,None apparent,Non-intersection:  Non-junction/no special feature,Paved,,Property Damage Only,0,0,0,0,0,0,3500,2,2,,POINT (-93.70479279901 41.652421054384)