Iowa DOT Case Number,Law Enforcement Case Number,Date of Crash,Month of Crash,Day of Week,Time of Crash,Hour,DOT District,City Name,County Name,Route with System,Location Description,First Harmful Event,Location of First Harmful Event,Manner of Crash/Collision,Major Cause,Drug or Alcohol ,Environmental Conditions,Light Conditions,Surface Conditions,Weather Conditions,Roadway Contribution,Roadway Type,Roadway Surface,Work Zone,Crash Severity,Number of Fatalities,Number of Injuries,Number of Major Injuries,Number of Minor Injuries,Number of Possible Injuries,Number of Unknown Injuries,Amount of Property Damage,Number of Vehicles Involved,Total Number of Occupants,Travel Direction,Location
2014831408,14-42041,11/25/2014,11-November,3-Tuesday,16:00,1600 Hours,District 5 (Southeast),,DES MOINES,,HAWKEYE RD,Non-collision events:  Overturn/rollover,Outside trafficway,Non-collision (single vehicle),Driving too fast for conditions,None Indicated,,Daylight,Ice/frost,Cloudy,"Surface condition (e.g., wet, icy)",Non-intersection:  Non-junction/no special feature,Unpaved,,Property Damage Only,0,0,0,0,0,0,2000,1,2,,POINT (-91.071121515767 41.036661209675)
2014831491,2014065922,11/25/2014,11-November,3-Tuesday,16:00,1600 Hours,District 1 (Central),PLEASANT HILL,POLK,US 65,US 65,Collision with:  Vehicle in traffic,On Roadway,Rear-end (front to rear),Followed too close,None Indicated,,Daylight,Dry,Clear,Work Zone (roadway-related),Non-intersection:  Other non-intersection (explain in narrative),Paved,Yes,Possible/Unknown,0,1,0,0,1,0,17000,2,2,,POINT (-93.511846197167 41.565648655388)
2014931972,,11/25/2014,11-November,3-Tuesday,11:40,1100 Hours,District 3 (Northwest),SERGEANT BLUFF,WOODBURY,I-29,I-29 & 1ST ST,Collision with:  Vehicle in traffic,On Roadway,Rear-end (front to rear),Followed too close,None Indicated,,Daylight,Dry,Clear,None apparent,Interchange-related:  Off-ramp,Paved,,Property Damage Only,0,0,0,0,0,0,3300,2,4,,POINT (-96.368366112426 42.400662778216)
2014834111,,11/25/2014,11-November,3-Tuesday,10:43,1000 Hours,District 2 (Northeast),,CHICKASAW,US 63,US 63,Collision with:  Vehicle in traffic,On Roadway,Rear-end (front to rear),Followed too close,None Indicated,,Daylight,,Clear,,,Paved,,Property Damage Only,0,0,0,0,0,0,4000,2,2,,POINT (-92.305015939678 43.087122166479)
2014831104,14-016943,11/25/2014,11-November,3-Tuesday,21:58,2100 Hours,District 2 (Northeast),,FAYETTE,,Co Rd C33/100TH ST,Collision with:  Animal,,,Animal,None Indicated,,,,,,,Paved,,Property Damage Only,0,0,0,0,0,0,1500,1,1,,POINT (-92.046606671409 42.773206852168)
2014830278,14-38891,11/25/2014,11-November,3-Tuesday,22:01,2200 Hours,District 3 (Northwest),SIOUX CITY,WOODBURY,IA 12,IA 12/GORDON DR,Collision with:  Vehicle in traffic,On Roadway,Rear-end (front to rear),Driving too fast for conditions,None Indicated,,Dark - roadway lighted,Snow,Snow,"Surface condition (e.g., wet, icy)",Non-intersection:  Non-junction/no special feature,Paved,,Property Damage Only,0,0,0,0,0,0,3000,2,2,,POINT (-96.357399268445 42.484664345905)
2014830216,14-31252,11/25/2014,11-November,3-Tuesday,17:03,1700 Hours,District 1 (Central),NEWTON,JASPER,I-80,I-80,Collision with:  Vehicle in traffic,On Roadway,Rear-end (front to rear),Unknown,None Indicated,,Dark - roadway lighted,Dry,Clear,Work Zone (roadway-related),Non-intersection:  Non-junction/no special feature,Paved,Yes,Property Damage Only,0,0,0,0,0,0,11000,3,4,,POINT (-93.042402157739 41.683379012277)
2014830105,20140035094,11/25/2014,11-November,3-Tuesday,20:24,2000 Hours,District 1 (Central),DES MOINES,POLK,US 69,US 69/SE 14TH ST,Collision with:  Vehicle in traffic,On Roadway,Rear-end (front to rear),Lost Control,Alcohol (Statutory),,Dark - roadway lighted,Dry,Clear,None apparent,Non-intersection:  Other non-intersection (explain in narrative),Paved,,Property Damage Only,0,0,0,0,0,0,2500,3,3,,POINT (-93.596847702407 41.586928371367)
2014831151,2014-040001,11/25/2014,11-November,3-Tuesday,14:53,1400 Hours,District 6 (East Central),DUBUQUE,DUBUQUE,US 20,US 20/DODGE ST,Collision with:  Vehicle in traffic,On Roadway,Broadside (front to side),FTYROW:  From driveway,None Indicated,,Daylight,Dry,Clear,None apparent,Non-intersection:  Driveway access (within),Paved,,Minor Injury,0,2,0,1,1,0,8500,2,3,,POINT (-90.726297145803 42.491515647892)
2014830200,14020563,11/25/2014,11-November,3-Tuesday,19:00,1900 Hours,District 2 (Northeast),MASON CITY,CERRO GORDO,,E STATE ST & S ILLINOIS AVE & N ILLINOIS AVE,Collision with:  Vehicle in traffic,On Roadway,Broadside (front to side),FTYROW:  From stop sign,None Indicated,,Dark - roadway lighted,Snow,Cloudy,None apparent,Intersection:  Four-way intersection,Paved,,Property Damage Only,0,0,0,0,0,0,6500,2,2,,POINT (-93.171152355327 43.151607588759)
2014831140,2014-013973,11/25/2014,11-November,3-Tuesday,10:32,1000 Hours,District 6 (East Central),,DUBUQUE,US 20,US 20,Collision with fixed object:  Traffic sign support,Shoulder,Non-collision (single vehicle),Swerving/Evasive Action,None Indicated,,Daylight,Dry,Clear,None apparent,Non-intersection:  Non-junction/no special feature,Paved,,Property Damage Only,0,0,0,0,0,0,3800,1,1,,POINT (-90.821560923911 42.440307361695)
2014831153,2014-040008,11/25/2014,11-November,3-Tuesday,17:20,1700 Hours,District 6 (East Central),DUBUQUE,DUBUQUE,IA 32,IA 32/IA32 NW ARTERIAL,Collision with:  Vehicle in traffic,On Roadway,Rear-end (front to rear),Other (explain in narrative):  Other,None Indicated,,Dusk,Dry,Clear,None apparent,Non-intersection:  Non-junction/no special feature,Paved,,Property Damage Only,0,0,0,0,0,0,4000,3,3,,POINT (-90.740769306572 42.498826093901)
2014832146,2014065840,11/25/2014,11-November,3-Tuesday,10:15,1000 Hours,District 2 (Northeast),,BUTLER,IA 14,IA 14/IOWA 14,Non-collision events:  Overturn/rollover,Shoulder,Non-collision (single vehicle),Crossed centerline (undivided),None Indicated,,Daylight,Snow,Clear,"Surface condition (e.g., wet, icy)",Non-intersection:  Non-junction/no special feature,Paved,,Property Damage Only,0,0,0,0,0,0,4500,1,1,,POINT (-92.790544378947 42.617144223403)
2014830113,14-005569,11/25/2014,11-November,3-Tuesday,15:20,1500 Hours,District 1 (Central),AMES,STORY,US 69,US 69/S DUFF AVE & S 5TH ST & SE 5TH ST,Collision with:  Vehicle in traffic,On Roadway,"Angle, oncoming left turn",FTYROW:  Making left turn,None Indicated,,Daylight,Dry,Clear,None apparent,Intersection:  Four-way intersection,Paved,,Property Damage Only,0,0,0,0,0,0,2000,2,4,,POINT (-93.610349293384 42.017406333567)
2014830275,14-38837,11/25/2014,11-November,3-Tuesday,11:51,1100 Hours,District 3 (Northwest),SIOUX CITY,WOODBURY,,9TH ST & JENNINGS ST,Collision with:  Vehicle in traffic,On Roadway,"Sideswipe, same direction",FTYROW:  From parked position,None Indicated,,Daylight,Dry,Cloudy,None apparent,Non-intersection:  Non-junction/no special feature,Paved,,Property Damage Only,0,0,0,0,0,0,6500,2,2,,POINT (-96.399404950597 42.499659828432)
2014830382,20140035213,11/25/2014,11-November,3-Tuesday,22:40,2200 Hours,District 1 (Central),DES MOINES,POLK,,THORNTON AVE & SW 14TH ST,Collision with fixed object:  Ditch,On Roadway,Non-collision (single vehicle),Ran off road - right,None Indicated,,Dark - roadway lighted,Ice/frost,Cloudy,"Surface condition (e.g., wet, icy)",Non-intersection:  Non-junction/no special feature,Paved,,Property Damage Only,0,0,0,0,0,0,4500,1,1,,POINT (-93.635355651661 41.552287194969)
2014830144,14-049764,11/25/2014,11-November,3-Tuesday,19:28,1900 Hours,District 4 (Southwest),COUNCIL BLUFFS,POTTAWATTAMIE,,WILLOW AVE & BLUFF ST,Collision with:  Vehicle in traffic,On Roadway,Broadside (front to side),Ran Stop Sign,None Indicated,,Dark - roadway lighted,Dry,Clear,None apparent,Intersection:  Four-way intersection,Paved,,Property Damage Only,0,0,0,0,0,0,5500,2,4,,POINT (-95.848374795272 41.258032021284)
2014830085,14-7818,11/25/2014,11-November,3-Tuesday,15:54,1500 Hours,District 1 (Central),GRIMES,POLK,,SE 37TH ST,Collision with:  Vehicle in traffic,On Roadway,Rear-end (front to rear),Other (explain in narrative):  Other,None Indicated,,Daylight,Dry,Clear,None apparent,Intersection:  T-intersection,Paved,,Property Damage Only,0,0,0,0,0,0,4500,2,3,,POINT (-93.766941451265 41.658463252944)
2014830208,14115977,11/25/2014,11-November,3-Tuesday,07:38,0700 Hours,District 2 (Northeast),CEDAR FALLS,BLACK HAWK,,UNIVERSITY AVE & ROWND ST,Collision with:  Vehicle in traffic,On Roadway,Broadside (front to side),Ran Traffic Signal,None Indicated,,Daylight,Snow,Clear,None apparent,Intersection:  Four-way intersection,Paved,,Property Damage Only,0,0,0,0,0,0,24700,4,5,,POINT (-92.420998516004 42.509739972487)
2014829892,14-31207,11/25/2014,11-November,3-Tuesday,08:38,0800 Hours,District 1 (Central),NEWTON,JASPER,US 6,US 6/1ST AVE W,Collision with:  Vehicle in traffic,On Roadway,Rear-end (front to rear),Followed too close,None Indicated,,Daylight,Dry,Clear,None apparent,Non-intersection:  Non-junction/no special feature,Paved,,Property Damage Only,0,0,0,0,0,0,4000,2,2,,POINT (-93.069910474303 41.699272202576)
2014831670,14112068,11/25/2014,11-November,3-Tuesday,22:29,2200 Hours,District 4 (Southwest),CLARINDA,PAGE,,E GARFIELD ST,Collision with:  Parked motor vehicle,On Roadway,Broadside (front to side),Improper Backing,None Indicated,,Dark - unknown roadway lighting,Dry,Cloudy,None apparent,Non-intersection:  Driveway access (within),Paved,,Property Damage Only,0,0,0,0,0,0,2000,2,1,,POINT (-95.034366300248 40.735065005232)
2014830175,14-005103,11/25/2014,11-November,3-Tuesday,15:12,1500 Hours,District 1 (Central),ANKENY,POLK,,SE NATIONAL DR & SE DELAWARE AVE,Collision with:  Vehicle in traffic,On Roadway,Rear-end (front to rear),Driver Distraction:  Manual operation of an electronic communication device,None Indicated,,Daylight,Dry,Clear,None apparent,Non-intersection:  Non-junction/no special feature,Paved,,Property Damage Only,0,0,0,0,0,0,1800,2,3,,POINT (-93.581278295871 41.704848944279)
2014829814,20140035026,11/25/2014,11-November,3-Tuesday,07:36,0700 Hours,District 1 (Central),DES MOINES,POLK,IA 28,IA 28/63RD ST & GRAND AVE,Collision with:  Vehicle in traffic,On Roadway,Rear-end (front to rear),Followed too close,None Indicated,,Daylight,Dry,Clear,None apparent,Non-intersection:  Non-junction/no special feature,Paved,,Property Damage Only,0,0,0,0,0,0,6000,2,2,,POINT (-93.703469836212 41.582659479904)
2014830209,14115990,11/25/2014,11-November,3-Tuesday,08:54,0800 Hours,District 2 (Northeast),CEDAR FALLS,BLACK HAWK,,VALLEY HIGH DR & ROWND ST,Collision with:  Vehicle in traffic,On Roadway,Broadside (front to side),FTYROW:  From stop sign,None Indicated,,Daylight,Snow,Clear,None apparent,Intersection:  T-intersection,Paved,,Minor Injury,0,1,0,1,0,0,6000,2,2,,POINT (-92.421108652849 42.501761363172)
2014830217,14-32149,11/25/2014,11-November,3-Tuesday,16:32,1600 Hours,District 1 (Central),NEWTON,JASPER,,S 4TH AVE E,Collision with:  Parked motor vehicle,On Roadway,Rear-end (front to rear),Improper Backing,None Indicated,,Daylight,Dry,Clear,None apparent,Non-intersection:  Non-junction/no special feature,Paved,,Property Damage Only,0,0,0,0,0,0,3500,2,2,,POINT (-93.030669184738 41.696055809405)
2014836364,,11/25/2014,11-November,3-Tuesday,07:45,0700 Hours,District 2 (Northeast),DECORAH,WINNESHIEK,IA 9,IA 9/IOWA 9 & OLD STAGE RD & TROUT RUN RD,Collision with:  Vehicle in traffic,On Roadway,Rear-end (front to rear),Followed too close,None Indicated,,Daylight,Slush,Cloudy,None apparent,Intersection:  Four-way intersection,Paved,,Property Damage Only,0,0,0,0,0,0,3200,2,6,,POINT (-91.755449155537 43.288428081059)
2014831709,14049017,11/25/2014,11-November,3-Tuesday,11:58,1100 Hours,District 5 (Southeast),MUSCATINE,MUSCATINE,,CLAY ST & 1ST AVE,Collision with:  Vehicle in traffic,On Roadway,Broadside (front to side),Ran Traffic Signal,None Indicated,,Daylight,Slush,Cloudy,None apparent,Intersection:  Four-way intersection,Paved,,Property Damage Only,0,0,0,0,0,0,2300,2,2,,POINT (-91.034576550451 41.44160899252)
2014830263,W14-116193,11/25/2014,11-November,3-Tuesday,22:12,2200 Hours,District 2 (Northeast),WATERLOO,BLACK HAWK,,BELMONT AVE,Collision with:  Parked motor vehicle,On Roadway,"Sideswipe, opposite direction",Lost Control,None Indicated,,Dark - roadway not lighted,Snow,Cloudy,None apparent,Non-intersection:  Non-junction/no special feature,Paved,,Property Damage Only,0,0,0,0,0,0,5000,2,1,,POINT (-92.355057530713 42.493519581282)
2014831355,141125WVV01,11/25/2014,11-November,3-Tuesday,23:41,2300 Hours,District 3 (Northwest),ALTON,SIOUX,IA 10,IA 10/450TH ST & KENNEDY AVE & 3RD AVE,Collision with fixed object:  Utility pole/light support,On Roadway,Non-collision (single vehicle),Lost Control,Alcohol (Statutory),,Dark - roadway not lighted,Snow,Snow,None apparent,Intersection:  Four-way intersection,Paved,,Property Damage Only,0,0,0,0,0,0,9000,1,1,,POINT (-96.004434667907 42.997363000167)
2014830170,14-31262,11/25/2014,11-November,3-Tuesday,18:43,1800 Hours,District 1 (Central),NEWTON,JASPER,I-80,I-80,Collision with:  Vehicle in traffic,On Roadway,Rear-end (front to rear),Driving too fast for conditions,None Indicated,,Dark - roadway not lighted,Dry,Clear,None apparent,Non-intersection:  Non-junction/no special feature,Paved,,Possible/Unknown,0,1,0,0,1,0,2700,2,6,,POINT (-93.028223877761 41.682987052799)
2014831072,N14000634,11/25/2014,11-November,3-Tuesday,14:30,1400 Hours,District 6 (East Central),NORTH LIBERTY,JOHNSON,,N KANSAS AVE & LINIGER LN,Collision with:  Vehicle in traffic,On Roadway,"Angle, oncoming left turn",FTYROW:  Making left turn,None Indicated,,Daylight,Dry,Clear,None apparent,Non-intersection:  Driveway access (within),Unpaved,,Property Damage Only,0,0,0,0,0,0,4500,2,2,,POINT (-91.636916653381 41.753599445787)
2014833142,2014-81353,11/25/2014,11-November,3-Tuesday,20:51,2000 Hours,District 6 (East Central),DAVENPORT,SCOTT,,W 67TH ST & NORTHWEST BLVD,Collision with:  Vehicle in traffic,On Roadway,Broadside (front to side),FTYROW:  Making left turn,None Indicated,,Dark - roadway lighted,Dry,Clear,None apparent,Intersection:  Four-way intersection,Paved,,Possible/Unknown,0,2,0,0,2,0,19250,4,6,,POINT (-90.609848868326 41.589404155487)
2014829828,20140035048,11/25/2014,11-November,3-Tuesday,11:10,1100 Hours,District 1 (Central),DES MOINES,POLK,US 6,US 6/DOUGLAS AVE,Collision with:  Vehicle in traffic,On Roadway,Rear-end (front to rear),Followed too close,None Indicated,,Daylight,Dry,Clear,None apparent,Non-intersection:  Non-junction/no special feature,Paved,,Property Damage Only,0,0,0,0,0,0,8500,2,2,,POINT (-93.696882787509 41.62941097262)
2014830811,14-3375,11/25/2014,11-November,3-Tuesday,15:26,1500 Hours,District 2 (Northeast),OSAGE,MITCHELL,US 218,US 218/N 7TH ST & CHASE ST,Collision with:  Vehicle in traffic,On Roadway,Broadside (front to side),FTYROW:  From stop sign,None Indicated,,Daylight,Dry,Cloudy,None apparent,Intersection:  Four-way intersection,Paved,,Property Damage Only,0,0,0,0,0,0,7500,2,4,,POINT (-92.811155972578 43.285138099253)
2014833894,14-018596,11/25/2014,11-November,3-Tuesday,04:47,0400 Hours,District 2 (Northeast),CHARLES CITY,FLOYD,IA 14,IA 14/GILBERT ST & CLINTON ST,Collision with:  Vehicle in traffic,On Roadway,Broadside (front to side),FTYROW:  From driveway,None Indicated,,Dark - roadway lighted,Snow,Clear,None apparent,Non-intersection:  Driveway access (within),Paved,,Property Damage Only,0,0,0,0,0,0,3400,2,2,,POINT (-92.680227924636 43.064085199086)
2014830428,32099-14,11/25/2014,11-November,3-Tuesday,10:55,1000 Hours,District 3 (Northwest),,EMMET,,Co Rd A17/130 ST & Co Rd N32/410 AVE,Collision with:  Vehicle in traffic,On Roadway,Broadside (front to side),Ran Stop Sign,None Indicated,,Daylight,Dry,Clear,None apparent,Intersection:  Four-way intersection,Paved,,Property Damage Only,0,0,0,0,0,0,5000,2,2,,POINT (-94.778456851399 43.459709687905)
2014830655,149136,11/25/2014,11-November,3-Tuesday,18:30,1800 Hours,District 4 (Southwest),REDFIELD,DALLAS,,2ND ST,Collision with:  Animal,,,Animal,None Indicated,,,,,,,Paved,,Property Damage Only,0,0,0,0,0,0,1500,1,1,,POINT (-94.196715156315 41.585212523408)
2014830260,14-028703,11/25/2014,11-November,3-Tuesday,15:45,1500 Hours,District 6 (East Central),PEOSTA,DUBUQUE,,PEOSTA ST,Collision with:  Vehicle in traffic,On Roadway,Broadside (front to side),FTYROW:  From yield sign,None Indicated,,Daylight,Dry,Clear,None apparent,Intersection:  Other intersection (explain in narrative),Paved,,Property Damage Only,0,0,0,0,0,0,2000,2,4,,POINT (-90.850373129973 42.445003040093)
2014830092,14-7819,11/25/2014,11-November,3-Tuesday,17:22,1700 Hours,District 1 (Central),,POLK,US 69,US 69/N 14TH ST & Co Rd R6F/NE 66TH AVE,Collision with:  Vehicle in traffic,On Roadway,"Sideswipe, same direction",Other (explain in narrative):  Other,None Indicated,,Dark - roadway lighted,Dry,Clear,None apparent,Non-intersection:  Non-junction/no special feature,Paved,,Property Damage Only,0,0,0,0,0,0,3000,2,7,,POINT (-93.600606279539 41.680412386963)
2014831141,2014-013976,11/25/2014,11-November,3-Tuesday,16:33,1600 Hours,District 6 (East Central),EPWORTH,DUBUQUE,US 20,US 20/RAMP & Co Rd Y17/PLACID RD,Collision with:  Vehicle in traffic,On Roadway,Head-on (front to front),FTYROW:  Making left turn,None Indicated,,Daylight,Dry,Clear,None apparent,Intersection:  Intersection with ramp,Paved,,Minor Injury,0,2,0,1,1,0,13500,2,2,,POINT (-90.931917377506 42.438552122853)
2014831317,2014065853,11/25/2014,11-November,3-Tuesday,11:00,1100 Hours,District 2 (Northeast),,CLAYTON,,MISSISSIPPI RD,Collision with fixed object:  Tree,Roadside,Non-collision (single vehicle),Swerving/Evasive Action,None Indicated,,Daylight,Ice/frost,Clear,None apparent,Non-intersection:  Non-junction/no special feature,Unpaved,,Property Damage Only,0,0,0,0,0,0,5000,1,1,,POINT (-91.104727457106 42.869586072223)
2014829816,20140035033,11/25/2014,11-November,3-Tuesday,08:31,0800 Hours,District 1 (Central),DES MOINES,POLK,,MULBERRY ST & 9TH ST,Collision with:  Vehicle in traffic,On Roadway,Rear-end (front to rear),Unknown,None Indicated,,Daylight,Dry,Clear,None apparent,Intersection:  Four-way intersection,Paved,,Property Damage Only,0,0,0,0,0,0,1700,2,12,,POINT (-93.628038182823 41.58417714096)
2014831872,1-14-000450,11/25/2014,11-November,3-Tuesday,08:00,0800 Hours,District 4 (Southwest),,SHELBY,,1100TH ST,Collision with:  Vehicle in traffic,On Roadway,"Sideswipe, opposite direction",Swerving/Evasive Action,None Indicated,,Daylight,Dry,Clear,None apparent,Non-intersection:  Non-junction/no special feature,Paved,,Property Damage Only,0,0,0,0,0,0,4000,2,7,,POINT (-95.346776747328 41.660358619919)
2014831009,2014-81359,11/25/2014,11-November,3-Tuesday,21:35,2100 Hours,District 6 (East Central),DAVENPORT,SCOTT,,E 9TH ST,Collision with:  Vehicle in traffic,On Roadway,Broadside (front to side),Other (explain in narrative):  No improper action,None Indicated,,Dark - roadway lighted,Dry,Clear,None apparent,Non-intersection:  Non-junction/no special feature,Paved,,Property Damage Only,0,0,0,0,0,0,2000,2,777,,POINT (-90.554112295595 41.529023428492)
2014830140,14-5978,11/25/2014,11-November,3-Tuesday,21:45,2100 Hours,District 1 (Central),WEST DES MOINES,POLK,I-35,I-35,Collision with:  Vehicle in traffic,On Roadway,"Sideswipe, same direction",Other (explain in narrative):  Other,None Indicated,,Dark - roadway lighted,Dry,Cloudy,Work Zone (roadway-related),Interchange-related:  On-ramp merge area,Paved,Yes,Property Damage Only,0,0,0,0,0,0,5500,2,5,,POINT (-93.773589506333 41.529354422565)
2014829940,14-049736,11/25/2014,11-November,3-Tuesday,15:00,1500 Hours,District 4 (Southwest),COUNCIL BLUFFS,POTTAWATTAMIE,,S 16TH ST,Collision with:  Parked motor vehicle,On Roadway,Rear-end (front to rear),Unknown,None Indicated,,Daylight,Dry,Cloudy,None apparent,Non-intersection:  Non-junction/no special feature,Paved,,Property Damage Only,0,0,0,0,0,0,4000,2,1,,POINT (-95.867538671358 41.253034748017)
2014830740,14007174,11/25/2014,11-November,3-Tuesday,22:05,2200 Hours,District 3 (Northwest),CHEROKEE,CHEROKEE,US 59,US 59 & CENTENNIAL DR,Collision with:  Vehicle in traffic,On Roadway,"Angle, oncoming left turn",Unknown,None Indicated,,Dark - roadway lighted,Wet,Snow,None apparent,Non-intersection:  Non-junction/no special feature,Paved,,Property Damage Only,0,0,0,0,0,0,7000,2,2,,POINT (-95.55244626081 42.764787255834)
2014850928,14009481,11/25/2014,11-November,3-Tuesday,14:18,1400 Hours,District 5 (Southeast),,LOUISA,IA 92,IA 92/IOWA 92,Collision with:  Vehicle in traffic,On Roadway,Rear-end (front to rear),Followed too close,None Indicated,,Daylight,Dry,Clear,None apparent,Intersection:  Four-way intersection,Paved,,Property Damage Only,0,0,0,0,0,0,5000,2,2,,POINT (-91.197198459413 41.27661509064)
2014830084,14-7814,11/25/2014,11-November,3-Tuesday,14:37,1400 Hours,District 1 (Central),URBANDALE,POLK,IA 28,IA 28/MERLE HAY RD,Collision with:  Vehicle in traffic,On Roadway,Rear-end (front to rear),Other (explain in narrative):  Other,None Indicated,,Daylight,Dry,Clear,None apparent,Intersection:  Intersection with ramp,Paved,,Property Damage Only,0,0,0,0,0,0,4500,2,2,,POINT (-93.697660995344 41.652590664374)
2014830102,20140035058,11/25/2014,11-November,3-Tuesday,13:33,1300 Hours,District 1 (Central),DES MOINES,POLK,,6TH AVE,Collision with:  Vehicle in traffic,On Roadway,Rear-end (front to rear),Lost Control,None Indicated,,Daylight,Dry,Clear,None apparent,Non-intersection:  Non-junction/no special feature,Paved,,Property Damage Only,0,0,0,0,0,0,5600,3,2,,POINT (-93.624340026488 41.585098007838)
2014830778,CL14004154,11/25/2014,11-November,3-Tuesday,18:57,1800 Hours,District 6 (East Central),CLINTON,CLINTON,,13TH AVE N & SPRINGDALE DR,Collision with:  Vehicle in traffic,On Roadway,Rear-end (front to rear),Followed too close,None Indicated,,Dark - roadway lighted,Slush,Cloudy,None apparent,Intersection:  Four-way intersection,Paved,,Property Damage Only,0,0,0,0,0,0,1500,2,2,,POINT (-90.206114782051 41.859343018298)
2014830103,20140035063,11/25/2014,11-November,3-Tuesday,14:04,1400 Hours,District 1 (Central),DES MOINES,POLK,,E PARK AVE & SE 17TH ST,Collision with:  Vehicle in traffic,On Roadway,Rear-end (front to rear),Followed too close,None Indicated,,Daylight,Dry,Clear,None apparent,Intersection:  T-intersection,Paved,,Property Damage Only,0,0,0,0,0,0,2250,2,3,,POINT (-93.59065681108 41.555299737953)
2014830667,20140004330,11/25/2014,11-November,3-Tuesday,22:05,2200 Hours,District 6 (East Central),,LINN,,Co Rd E36/BLAIRS FERRY RD,Collision with:  Animal,,,Animal,None Indicated,,,,,,,Paved,,Property Damage Only,0,0,0,0,0,0,3000,1,1,,POINT (-91.735767875292 42.047308649464)
2014829815,20140035029,11/25/2014,11-November,3-Tuesday,08:00,0800 Hours,District 1 (Central),DES MOINES,POLK,I-235,I-235,Collision with:  Vehicle in traffic,On Roadway,Rear-end (front to rear),Followed too close,None Indicated,,Daylight,Dry,Clear,None apparent,Non-intersection:  Non-junction/no special feature,Paved,,Property Damage Only,0,0,0,0,0,0,7500,2,2,,POINT (-93.648661911706 41.595078493301)
2014829978,14-010515,11/25/2014,11-November,3-Tuesday,12:04,1200 Hours,District 6 (East Central),INDEPENDENCE,BUCHANAN,,3RD ST NE & 15TH AVE NE,Collision with fixed object:  Tree,On Roadway,Non-collision (single vehicle),Other (explain in narrative):  No improper action,None Indicated,,Daylight,Wet,Clear,Obstruction in roadway,Intersection:  T-intersection,Paved,,Possible/Unknown,0,1,0,0,0,1,3000,1,1,,POINT (-91.876373308096 42.471166076339)
2014830437,SO14002794,11/25/2014,11-November,3-Tuesday,11:55,1100 Hours,District 3 (Northwest),REMSEN,PLYMOUTH,,Co Rd L14/L14 & 165TH ST & BECK AVE,Collision with:  Vehicle in traffic,On Roadway,Broadside (front to side),FTYROW:  From stop sign,None Indicated,,Daylight,Dry,Clear,None apparent,Intersection:  Four-way intersection,Paved,,Minor Injury,0,1,0,1,0,0,32700,2,2,,POINT (-95.957531928883 42.815221137227)
2014829791,W14-115989,11/25/2014,11-November,3-Tuesday,08:50,0800 Hours,District 2 (Northeast),WATERLOO,BLACK HAWK,I-380,I-380,Collision with fixed object:  Bridge overhead structure,On Roadway,Non-collision (single vehicle),Driving too fast for conditions,None Indicated,,Daylight,Ice/frost,Clear,None apparent,Non-intersection:  Other non-intersection (explain in narrative),Paved,,Property Damage Only,0,0,0,0,0,0,2000,1,4,,POINT (-92.310198237975 42.453992797415)
2014833744,1411-088,11/25/2014,11-November,3-Tuesday,19:40,1900 Hours,District 3 (Northwest),,OSCEOLA,IA 9,IA 9/IA 9 NE RAMP,Collision with:  Animal,,,Animal,None Indicated,,,,,,,Paved,,Property Damage Only,0,0,0,0,0,0,1700,1,1,,POINT (-95.712268326521 43.433395744521)
2014844639,2014-8855,11/25/2014,11-November,3-Tuesday,07:15,0700 Hours,District 6 (East Central),ELDRIDGE,SCOTT,,N 1ST ST,Collision with:  Vehicle in traffic,On Roadway,Broadside (front to side),FTYROW:  Making left turn,None Indicated,,Daylight,Ice/frost,Cloudy,"Surface condition (e.g., wet, icy)",Non-intersection:  Driveway access (within),Paved,,Property Damage Only,0,0,0,0,0,0,7000,2,2,,POINT (-90.583455469928 41.66074943878)
2014829905,2014-81281,11/25/2014,11-November,3-Tuesday,11:44,1100 Hours,District 6 (East Central),DAVENPORT,SCOTT,,E LOCUST ST & GRAND AVE,Collision with:  Vehicle in traffic,On Roadway,Rear-end (front to rear),Lost Control,None Indicated,,Daylight,Wet,Clear,None apparent,Intersection:  Four-way intersection,Paved,,Possible/Unknown,0,1,0,0,1,0,2000,2,6,,POINT (-90.564875219692 41.538285394061)
2014830332,14-22949,11/25/2014,11-November,3-Tuesday,15:22,1500 Hours,District 6 (East Central),BETTENDORF,SCOTT,,SPRUCE HILLS DR & LEARNING CAMPUS DR,Collision with:  Vehicle in traffic,On Roadway,Rear-end (front to rear),Followed too close,None Indicated,,Daylight,Dry,Clear,None apparent,Non-intersection:  Driveway access (within),Paved,,Possible/Unknown,0,2,0,0,1,1,4000,2,2,,POINT (-90.504208747075 41.550430433878)
2014829942,14016531,11/25/2014,11-November,3-Tuesday,11:04,1100 Hours,District 5 (Southeast),,APPANOOSE,IA 202,IA 202/IOWA 202,Collision with:  Animal,,,Animal,None Indicated,,,,,,,Paved,,Property Damage Only,0,0,0,0,0,0,3000,1,1,,POINT (-92.676440855166 40.702077261681)
2014830246,CL14004153,11/25/2014,11-November,3-Tuesday,16:14,1600 Hours,District 6 (East Central),CLINTON,CLINTON,US 67,US 67/N 3RD ST & 26TH AVE N,Collision with:  Vehicle in traffic,On Roadway,Rear-end (front to rear),Followed too close,None Indicated,,Daylight,Wet,Cloudy,None apparent,Non-intersection:  Non-junction/no special feature,Paved,,Possible/Unknown,0,1,0,0,1,0,3000,2,5,,POINT (-90.182585589891 41.875842542002)
2014831490,2014065896,11/25/2014,11-November,3-Tuesday,12:25,1200 Hours,District 2 (Northeast),,CLAYTON,,KILN RD,Non-collision events:  Overturn/rollover,On Roadway,Non-collision (single vehicle),Swerving/Evasive Action,None Indicated,,Daylight,Ice/frost,Clear,"Surface condition (e.g., wet, icy)",Non-intersection:  Non-junction/no special feature,Unpaved,,Minor Injury,0,1,0,1,0,0,5800,1,1,,POINT (-91.179964294387 42.751310400903)