Iowa DOT Case Number,Law Enforcement Case Number,Date of Crash,Month of Crash,Day of Week,Time of Crash,Hour,DOT District,City Name,County Name,Route with System,Location Description,First Harmful Event,Location of First Harmful Event,Manner of Crash/Collision,Major Cause,Drug or Alcohol ,Environmental Conditions,Light Conditions,Surface Conditions,Weather Conditions,Roadway Contribution,Roadway Type,Roadway Surface,Work Zone,Crash Severity,Number of Fatalities,Number of Injuries,Number of Major Injuries,Number of Minor Injuries,Number of Possible Injuries,Number of Unknown Injuries,Amount of Property Damage,Number of Vehicles Involved,Total Number of Occupants,Travel Direction,Location
2014831017,14-027552,11/25/2014,11-November,3-Tuesday,18:52,1800 Hours,District 2 (Northeast),,WORTH,I-35,I-35,Collision with:  Vehicle in traffic,On Roadway,"Sideswipe, same direction",Ran off road - left,None Indicated,,Dark - roadway not lighted,Dry,Cloudy,None apparent,Non-intersection:  Non-junction/no special feature,Paved,,Property Damage Only,0,0,0,0,0,0,9000,2,5,,POINT (-93.351185724301 43.490146817335)
2014830136,112514-187,11/25/2014,11-November,3-Tuesday,18:49,1800 Hours,District 3 (Northwest),STORM LAKE,BUENA VISTA,IA 7,IA 7/W MILWAUKEE AVE & LAKE AVE,Collision with:  Vehicle in traffic,On Roadway,Head-on (front to front),Made improper turn,None Indicated,,Dark - roadway lighted,Dry,Clear,None apparent,Non-intersection:  Non-junction/no special feature,Paved,,Minor Injury,0,1,0,1,0,0,6000,2,6,,POINT (-95.200819679058 42.647477236418)
2014829852,2014013169,11/25/2014,11-November,3-Tuesday,07:45,0700 Hours,District 6 (East Central),IOWA CITY,JOHNSON,US 6,US 6 & HEINZ RD & S HEINZ RD,Collision with:  Vehicle in traffic,On Roadway,Broadside (front to side),Ran Traffic Signal,None Indicated,,Daylight,Dry,Clear,None apparent,Intersection:  Four-way intersection,Paved,,Property Damage Only,0,0,0,0,0,0,6000,2,2,,POINT (-91.491087424516 41.631842153454)
2014832821,03350,11/25/2014,11-November,3-Tuesday,13:33,1300 Hours,District 6 (East Central),DYERSVILLE,DUBUQUE,IA 136,IA 136/11TH ST SE/11TH ST NE & BELTLINE RD E,Collision with:  Vehicle in traffic,On Roadway,Rear-end (front to rear),Followed too close,None Indicated,,Daylight,Dry,Clear,None apparent,Non-intersection:  Non-junction/no special feature,Paved,,Possible/Unknown,0,1,0,0,1,0,18000,2,2,,POINT (-91.11047720401 42.483142092088)
2014839073,TC64-14,11/25/2014,11-November,3-Tuesday,17:30,1700 Hours,District 4 (Southwest),MISSOURI VALLEY,HARRISON,US 30,US 30,Collision with:  Vehicle in traffic,On Roadway,Broadside (front to side),FTYROW:  From driveway,None Indicated,,Dark - roadway not lighted,Dry,Cloudy,None apparent,Non-intersection:  Driveway access (within),Paved,,Possible/Unknown,0,1,0,0,1,0,35000,2,2,,POINT (-95.925017633617 41.550032513559)
2014830899,14-071125-01,11/25/2014,11-November,3-Tuesday,06:35,0600 Hours,District 6 (East Central),,IOWA,IA 212,IA 212/212 BLVD,Collision with:  Animal,,,Animal,None Indicated,,,,,,,Paved,,Property Damage Only,0,0,0,0,0,0,3000,1,1,,POINT (-92.252850151562 41.843245537054)
2014836365,,11/25/2014,11-November,3-Tuesday,10:30,1000 Hours,District 2 (Northeast),DECORAH,WINNESHIEK,IA 9,IA 9/IOWA 9 & OLD STAGE RD & TROUT RUN RD,Collision with:  Vehicle in traffic,On Roadway,"Angle, oncoming left turn",FTYROW:  Making left turn,None Indicated,,Daylight,Slush,Clear,None apparent,Non-intersection:  Driveway access (within),Paved,,Possible/Unknown,0,2,0,0,2,0,17200,3,4,,POINT (-91.755449155537 43.288428081059)
2014830643,14-028731,11/25/2014,11-November,3-Tuesday,05:46,0500 Hours,District 5 (Southeast),PLEASANTVILLE,MARION,IA 5,IA 5/IOWA 5,Collision with:  Animal,,,Animal,None Indicated,,,,,,,Paved,,Property Damage Only,0,0,0,0,0,0,2000,1,1,,POINT (-93.28065628389 41.389880843368)
2014829985,14-41983,11/25/2014,11-November,3-Tuesday,08:50,0800 Hours,District 5 (Southeast),BURLINGTON,DES MOINES,US 34,US 34/SW RAMP & CURRAN ST,Collision with:  Vehicle in traffic,On Roadway,Rear-end (front to rear),Followed too close,None Indicated,,Daylight,Dry,Cloudy,None apparent,Non-intersection:  Other non-intersection (explain in narrative),Paved,,Minor Injury,0,2,0,2,0,0,11500,3,4,,POINT (-91.12641240646 40.816894923492)
2014831120,14-017801,11/25/2014,11-November,3-Tuesday,17:47,1700 Hours,District 3 (Northwest),SPENCER,CLAY,US 18,US 18/S GRAND AVE/11TH ST SE & US 71/11TH ST SW & GRAND PLAZA DR,Collision with:  Vehicle in traffic,On Roadway,"Sideswipe, same direction",Other (explain in narrative):  Other,None Indicated,,Dark - roadway lighted,Dry,Cloudy,None apparent,Intersection:  Four-way intersection,Paved,,Property Damage Only,0,0,0,0,0,0,3550,2,2,,POINT (-95.143658751896 43.126482034735)
2014829999,11-14-185,11/25/2014,11-November,3-Tuesday,08:13,0800 Hours,District 3 (Northwest),LE MARS,PLYMOUTH,,LAKE AVE & 24TH ST SW,Collision with:  Vehicle in traffic,On Roadway,Broadside (front to side),FTYROW:  From stop sign,None Indicated,,Daylight,Dry,Clear,None apparent,Intersection:  Four-way intersection,Paved,,Possible/Unknown,0,2,0,0,2,0,4000,2,2,,POINT (-96.195116122037 42.764215841031)
2014831045,,11/25/2014,11-November,3-Tuesday,16:15,1600 Hours,District 6 (East Central),CEDAR RAPIDS,LINN,IA 922,IA 922/1ST AVE E & 15TH ST SE & 15TH ST NE,Collision with:  Vehicle in traffic,On Roadway,"Sideswipe, opposite direction",Unknown,None Indicated,,Dusk,Dry,Clear,,Intersection:  Four-way intersection,Paved,,Property Damage Only,0,0,0,0,0,0,7500,2,4,,POINT (-91.652314007072 41.988123690719)
2014831078,14112067,11/25/2014,11-November,3-Tuesday,07:52,0700 Hours,District 4 (Southwest),CLARINDA,PAGE,,E CHESTNUT ST & N 5TH ST,Collision with:  Vehicle in traffic,On Roadway,Broadside (front to side),FTYROW:  At uncontrolled intersection,None Indicated,,Daylight,Dry,Clear,None apparent,Intersection:  Four-way intersection,Paved,,Property Damage Only,0,0,0,0,0,0,2800,2,4,,POINT (-95.023924047937 40.740220960467)
2014830161,2014-81251,11/25/2014,11-November,3-Tuesday,07:50,0700 Hours,District 6 (East Central),DAVENPORT,SCOTT,,W 1ST ST,Collision with:  Parked motor vehicle,On Roadway,Head-on (front to front),Driving too fast for conditions,None Indicated,,Daylight,Ice/frost,Cloudy,"Surface condition (e.g., wet, icy)",Non-intersection:  Non-junction/no special feature,Paved,,Property Damage Only,0,0,0,0,0,0,3000,2,1,,POINT (-90.602190151542 41.52014742794)
2014830726,C14003769,11/25/2014,11-November,3-Tuesday,11:43,1100 Hours,District 6 (East Central),CORALVILLE,JOHNSON,US 6,US 6/2ND ST & 20TH AVE,Collision with:  Vehicle in traffic,On Roadway,Rear-end (front to rear),Other (explain in narrative):  Other,None Indicated,,Daylight,Dry,Clear,None apparent,Intersection:  T-intersection,Paved,,Possible/Unknown,0,1,0,0,1,0,4500,2,3,,POINT (-91.591518512395 41.679484280756)
2014830830,14010126,11/25/2014,11-November,3-Tuesday,17:15,1700 Hours,District 6 (East Central),,DELAWARE,,Co Rd X21/200TH AVE,Collision with:  Animal,,,Animal,None Indicated,,,,,,,Paved,,Property Damage Only,0,0,0,0,0,0,3500,1,1,,POINT (-91.410124762131 42.580808868801)
2014830820,1400001046,11/25/2014,11-November,3-Tuesday,11:30,1100 Hours,District 1 (Central),,MARSHALL,,Co Rd E35/MAIN ST RD,Collision with:  Animal,,,Animal,None Indicated,,,,,,,Paved,,Property Damage Only,0,0,0,0,0,0,6000,1,1,,POINT (-92.963723833709 42.048997312625)
2014831139,2014-013968,11/25/2014,11-November,3-Tuesday,02:00,0200 Hours,District 6 (East Central),,DUBUQUE,,Co Rd D41/MONASTERY RD,Collision with fixed object:  Ditch,On Roadway,Non-collision (single vehicle),Ran off road - left,None Indicated,,Dark - roadway not lighted,Ice/frost,Cloudy,"Surface condition (e.g., wet, icy)",Non-intersection:  Non-junction/no special feature,Paved,,Possible/Unknown,0,1,0,0,1,0,3000,1,1,,POINT (-90.814766885467 42.395105910593)
2014830145,C14003773,11/25/2014,11-November,3-Tuesday,15:45,1500 Hours,District 6 (East Central),CORALVILLE,JOHNSON,US 6,US 6/2ND ST,Collision with:  Vehicle in traffic,On Roadway,"Sideswipe, same direction",Followed too close,None Indicated,,Daylight,Dry,Clear,None apparent,Non-intersection:  Non-junction/no special feature,Paved,,Property Damage Only,0,0,0,0,0,0,7000,2,2,,POINT (-91.594631103034 41.681098588969)
2014832474,2014-81262,11/25/2014,11-November,3-Tuesday,09:21,0900 Hours,District 6 (East Central),DAVENPORT,SCOTT,,W GARFIELD ST,Collision with fixed object:  Utility pole/light support,On Roadway,Non-collision (single vehicle),Driving too fast for conditions,None Indicated,,Daylight,Ice/frost,Cloudy,None apparent,Non-intersection:  Non-junction/no special feature,Paved,,Property Damage Only,0,0,0,0,0,0,51100,1,1,,POINT (-90.62899444912 41.548128133205)
2014830277,14-38870,11/25/2014,11-November,3-Tuesday,17:19,1700 Hours,District 3 (Northwest),SIOUX CITY,WOODBURY,US 20,US 20/RAMP,Collision with:  Vehicle in traffic,On Roadway,Rear-end (front to rear),Driver Distraction:  Inattentive/lost in thought,None Indicated,,Dark - roadway lighted,Dry,Clear,None apparent,Interchange-related:  Off-ramp,Paved,,Major Injury,0,1,1,0,0,0,7000,3,5,,POINT (-96.348514657782 42.442423038636)
2014830358,W14-115997,11/25/2014,11-November,3-Tuesday,09:25,0900 Hours,District 2 (Northeast),WATERLOO,BLACK HAWK,,W 4TH ST,Collision with fixed object:  Concrete traffic barrier (median or right side),On Roadway,Non-collision (single vehicle),Driving too fast for conditions,None Indicated,,Daylight,Ice/frost,"Sleet, hail",None apparent,Intersection:  Other intersection (explain in narrative),Paved,,Possible/Unknown,0,1,0,0,1,0,1800,1,1,,POINT (-92.341155722805 42.493962845747)
2014830143,14-049759,11/25/2014,11-November,3-Tuesday,18:48,1800 Hours,District 4 (Southwest),COUNCIL BLUFFS,POTTAWATTAMIE,US 6,US 6/KANESVILLE BLVD & N BROADWAY,Collision with:  Vehicle in traffic,On Roadway,Broadside (front to side),Other (explain in narrative):  Other,None Indicated,,Dark - roadway lighted,Dry,Clear,None apparent,Intersection:  Four-way intersection,Paved,,Possible/Unknown,0,2,0,0,2,0,2000,2,6,,POINT (-95.836662188987 41.268957947011)
2014830167,14-5977,11/25/2014,11-November,3-Tuesday,21:15,2100 Hours,District 4 (Southwest),WEST DES MOINES,DALLAS,,JORDAN CREEK PKWY,Collision with:  Vehicle in traffic,On Roadway,Rear-end (front to rear),Other (explain in narrative):  Other,None Indicated,,Dark - roadway lighted,Dry,Clear,None apparent,Non-intersection:  Other non-intersection (explain in narrative),Paved,,Property Damage Only,0,0,0,0,0,0,2000,2,3,,POINT (-93.8089921051 41.592332700276)
2014831372,14110550,11/25/2014,11-November,3-Tuesday,17:48,1700 Hours,District 5 (Southeast),OTTUMWA,WAPELLO,US 63,US 63,Collision with:  Animal,,,Animal,None Indicated,,,,,,,Paved,,Property Damage Only,0,0,0,0,0,0,2000,1,1,,POINT (-92.403705326139 40.986043891311)
2014830430,32096-14,11/25/2014,11-November,3-Tuesday,11:30,1100 Hours,District 3 (Northwest),DOLLIVER,EMMET,,Co Rd A17/130 ST & Co Rd N52/490 AVE,Collision with:  Vehicle in traffic,On Roadway,Broadside (front to side),FTYROW:  From stop sign,None Indicated,,Daylight,Dry,Cloudy,None apparent,Unknown,Paved,,Property Damage Only,0,0,0,0,0,0,35000,2,2,,POINT (-94.620405851775 43.459556102671)
2014829941,14-5969,11/25/2014,11-November,3-Tuesday,07:55,0700 Hours,District 1 (Central),WEST DES MOINES,POLK,I-35,I-35,Collision with:  Vehicle in traffic,On Roadway,Rear-end (front to rear),Other (explain in narrative):  Other,None Indicated,,Daylight,Dry,Clear,None apparent,Interchange-related:  On-ramp,Paved,,Possible/Unknown,0,1,0,0,1,0,7000,2,2,,POINT (-93.775725339765 41.55963152789)
2014830404,20140035030,11/25/2014,11-November,3-Tuesday,08:00,0800 Hours,District 1 (Central),DES MOINES,POLK,I-235,I-235,Collision with:  Vehicle in traffic,On Roadway,Rear-end (front to rear),Other (explain in narrative):  Other,None Indicated,,Daylight,Dry,Clear,None apparent,Non-intersection:  Non-junction/no special feature,Paved,,Possible/Unknown,0,1,0,0,1,0,4000,3,4,,POINT (-93.648948785929 41.594968786586)
2014831154,2014-040014,11/25/2014,11-November,3-Tuesday,22:46,2200 Hours,District 6 (East Central),DUBUQUE,DUBUQUE,,ROCKDALE RD & MAQUOKETA ST,Collision with fixed object:  Utility pole/light support,Shoulder,Non-collision (single vehicle),Ran off road - right,None Indicated,,Dark - roadway lighted,Dry,Clear,None apparent,Intersection:  Four-way intersection,Paved,,Property Damage Only,0,0,0,0,0,0,2000,1,1,,POINT (-90.678483990222 42.454814756854)
2014830169,2014013190,11/25/2014,11-November,3-Tuesday,23:08,2300 Hours,District 6 (East Central),IOWA CITY,JOHNSON,,LOWER WEST BRANCH RD & N SCOTT BLVD,Collision with:  Vehicle in traffic,On Roadway,Broadside (front to side),Improper Backing,None Indicated,,Dark - roadway lighted,Dry,Clear,None apparent,Intersection:  T-intersection,Paved,,Property Damage Only,0,0,0,0,0,0,6000,2,2,,POINT (-91.482945582544 41.664691022057)
2014830057,W14-116108,11/25/2014,11-November,3-Tuesday,15:50,1500 Hours,District 2 (Northeast),WATERLOO,BLACK HAWK,US 218,US 218/WASHINGTON ST,Collision with:  Vehicle in traffic,On Roadway,Rear-end (front to rear),Other (explain in narrative):  Other,None Indicated,,Daylight,Dry,Clear,None apparent,Non-intersection:  Non-junction/no special feature,Paved,,Property Damage Only,0,0,0,0,0,0,5500,2,3,,POINT (-92.328507304904 42.484154119068)
2014836850,14-008077,11/25/2014,11-November,3-Tuesday,15:00,1500 Hours,District 3 (Northwest),,MONONA,,Co Rd E54/E54,Collision with fixed object:  Ditch,Shoulder,Non-collision (single vehicle),Ran off road - left,None Indicated,,Daylight,Dry,Clear,None apparent,Intersection:  Four-way intersection,Paved,,Property Damage Only,0,0,0,0,0,0,3500,1,2,,POINT (-96.085878843522 41.965105186008)
2014829845,2014-81242,11/25/2014,11-November,3-Tuesday,07:07,0700 Hours,District 6 (East Central),DAVENPORT,SCOTT,,ROCKINGHAM RD & ROLFF ST,Collision with:  Vehicle in traffic,On Roadway,Broadside (front to side),FTYROW:  From stop sign,None Indicated,,Dawn,Wet,Cloudy,None apparent,Intersection:  T-intersection,Paved,,Possible/Unknown,0,1,0,0,1,0,5500,2,3,,POINT (-90.618101868056 41.512057215436)
2014829794,W14-115978,11/25/2014,11-November,3-Tuesday,07:37,0700 Hours,District 2 (Northeast),WATERLOO,BLACK HAWK,US 218,US 218,Collision with:  Vehicle in traffic,On Roadway,"Sideswipe, same direction",Driving too fast for conditions,None Indicated,,Daylight,Ice/frost,Clear,"Surface condition (e.g., wet, icy)",Non-intersection:  Other non-intersection (explain in narrative),Paved,,Property Damage Only,0,0,0,0,0,0,6000,2,6,,POINT (-92.34120621686 42.492630271521)
2014831147,2014-039986,11/25/2014,11-November,3-Tuesday,08:11,0800 Hours,District 6 (East Central),DUBUQUE,DUBUQUE,,W LOCUST ST,Collision with:  Vehicle in traffic,On Roadway,Rear-end (front to rear),Lost Control,None Indicated,,Daylight,Wet,Clear,None apparent,Non-intersection:  Non-junction/no special feature,Paved,,Property Damage Only,0,0,0,0,0,0,4500,2,2,,POINT (-90.675175539003 42.508698093788)
2014830662,201400004329,11/25/2014,11-November,3-Tuesday,21:32,2100 Hours,District 6 (East Central),,LINN,US 151,US 151 & IA 100/COLLINS RD SE & SECRIST RD,Collision with:  Vehicle in traffic,On Roadway,"Sideswipe, same direction",Crossed centerline (undivided),None Indicated,,Dark - roadway lighted,Dry,Clear,None apparent,Intersection:  Four-way intersection,Paved,,Possible/Unknown,0,1,0,0,1,0,5500,2,9,,POINT (-91.550211048314 42.019905720092)
2014830308,201417643,11/25/2014,11-November,3-Tuesday,07:01,0700 Hours,District 6 (East Central),CEDAR RAPIDS,LINN,I-380,I-380,Collision with fixed object:  Ditch,On Roadway,Non-collision (single vehicle),Swerving/Evasive Action,None Indicated,,Dawn,Dry,Clear,None apparent,Interchange-related:  On-ramp merge area,Paved,,Possible/Unknown,0,1,0,0,1,0,8000,2,3,,POINT (-91.670220796627 41.924683793131)
2014831761,14-001399,11/25/2014,11-November,3-Tuesday,15:16,1500 Hours,District 1 (Central),,STORY,,GRANT AVE & 180TH ST,Collision with:  Vehicle in traffic,On Roadway,Rear-end (front to rear),Followed too close,None Indicated,,Daylight,"Mud, dirt",Clear,None apparent,Intersection:  Other intersection (explain in narrative),Unpaved,,Possible/Unknown,0,1,0,0,1,0,19024,2,4,,POINT (-93.639943628092 42.09237756532)
2014830058,W14-116139,11/25/2014,11-November,3-Tuesday,17:24,1700 Hours,District 2 (Northeast),WATERLOO,BLACK HAWK,,W RIDGEWAY AVE,Collision with fixed object:  Tree,Outside trafficway,Non-collision (single vehicle),Driving too fast for conditions,None Indicated,,Dark - roadway not lighted,Ice/frost,Clear,"Surface condition (e.g., wet, icy)",Non-intersection:  Non-junction/no special feature,Paved,,Property Damage Only,0,0,0,0,0,0,2500,1,1,,POINT (-92.373357591987 42.469368319702)
2014830359,W14-116066,11/25/2014,11-November,3-Tuesday,13:00,1300 Hours,District 2 (Northeast),WATERLOO,BLACK HAWK,,FLETCHER AVE,Collision with:  Vehicle in traffic,On Roadway,"Angle, oncoming left turn",FTYROW:  Making left turn,None Indicated,,Daylight,Wet,Cloudy,None apparent,Intersection:  Four-way intersection,Paved,,Property Damage Only,0,0,0,0,0,0,5000,2,2,,POINT (-92.367085403779 42.485805584278)
2014833895,14-018599,11/25/2014,11-November,3-Tuesday,07:59,0700 Hours,District 2 (Northeast),CHARLES CITY,FLOYD,,3RD AVE & D ST,Collision with:  Vehicle in traffic,On Roadway,Broadside (front to side),FTYROW:  At uncontrolled intersection,None Indicated,,Daylight,Ice/frost,Clear,None apparent,Intersection:  Four-way intersection,Paved,,Property Damage Only,0,0,0,0,0,0,23000,2,3,,POINT (-92.66791433532 43.065490925161)
2014833533,14014374,11/25/2014,11-November,3-Tuesday,15:52,1500 Hours,District 1 (Central),,TAMA,,Co Rd D65/HWY D65,Collision with:  Animal,,,Animal,None Indicated,,,,,,,Paved,,Property Damage Only,0,0,0,0,0,0,2000,1,1,,POINT (-92.328706386124 42.257914924204)
2014829954,2014-81295,11/25/2014,11-November,3-Tuesday,13:33,1300 Hours,District 6 (East Central),DAVENPORT,SCOTT,US 67,US 67/E RIVER DR & COLLEGE AVE,Collision with:  Vehicle in traffic,On Roadway,Rear-end (front to rear),Lost Control,None Indicated,,Daylight,Dry,Clear,None apparent,Intersection:  T-intersection,Paved,,Property Damage Only,0,0,0,0,0,0,5000,2,2,,POINT (-90.55581229203 41.527483473042)
2014830828,14010108,11/25/2014,11-November,3-Tuesday,06:45,0600 Hours,District 6 (East Central),,DELAWARE,,Co Rd X31/230TH AVE,Collision with:  Animal,,,Animal,None Indicated,,,,,,,Paved,,Property Damage Only,0,0,0,0,0,0,2500,1,1,,POINT (-91.34467983559 42.354471867858)
2014831423,2014065889,11/25/2014,11-November,3-Tuesday,13:20,1300 Hours,District 6 (East Central),CEDAR RAPIDS,LINN,,JOHNSON AVE SW & WEST POST RD SW,Collision with:  Vehicle in traffic,On Roadway,Broadside (front to side),FTYROW:  From stop sign,None Indicated,,Daylight,Dry,Clear,None apparent,Intersection:  Four-way intersection,Paved,,Property Damage Only,0,0,0,0,0,0,4000,2,2,,POINT (-91.74038670499 41.965752212597)
2014830210,14115994,11/25/2014,11-November,3-Tuesday,09:04,0900 Hours,District 2 (Northeast),CEDAR FALLS,BLACK HAWK,,RAINBOW DR & CEDAR HEIGHTS DR,Collision with:  Vehicle in traffic,On Roadway,Rear-end (front to rear),Driving too fast for conditions,None Indicated,,Daylight,Snow,Clear,"Surface condition (e.g., wet, icy)",Non-intersection:  Non-junction/no special feature,Paved,,Property Damage Only,0,0,0,0,0,0,7000,2,2,,POINT (-92.411194872458 42.516750582672)
2014830290,14-22956,11/25/2014,11-November,3-Tuesday,17:03,1700 Hours,District 6 (East Central),BETTENDORF,SCOTT,,MIDDLE RD & CROW CREEK RD,Collision with:  Vehicle in traffic,On Roadway,Rear-end (front to rear),Swerving/Evasive Action,None Indicated,,Dark - roadway lighted,Dry,Clear,None apparent,Intersection:  T-intersection,Paved,,Possible/Unknown,0,1,0,0,1,0,3400,2,2,,POINT (-90.464081508321 41.568185967033)
2014830104,20140035073,11/25/2014,11-November,3-Tuesday,15:47,1500 Hours,District 1 (Central),DES MOINES,POLK,I-235,I-235,Collision with:  Vehicle in traffic,On Roadway,Rear-end (front to rear),Followed too close,None Indicated,,Daylight,Dry,Cloudy,None apparent,Non-intersection:  Non-junction/no special feature,Paved,,Property Damage Only,0,0,0,0,0,0,9000,3,6,,POINT (-93.690305735213 41.592431060279)
2014830758,SO1405095,11/25/2014,11-November,3-Tuesday,18:46,1800 Hours,District 5 (Southeast),,JEFFERSON,US 34,US 34,Non-collision events:  Other non-collision (explain in narrative),On Roadway,Non-collision (single vehicle),Over correcting/over steering,None Indicated,,Dark - roadway lighted,Dry,Clear,None apparent,"Interchange-related:  Off-ramp, diverge area",Paved,,Minor Injury,0,1,0,1,0,0,3500,1,2,,POINT (-91.911070213979 41.002485775513)
2014834413,2014-007485,11/25/2014,11-November,3-Tuesday,15:48,1500 Hours,District 6 (East Central),,BENTON,,Co Rd W24/30 AVE,Collision with:  Vehicle in traffic,On Roadway,Rear-end (front to rear),Driver Distraction:  Passenger,None Indicated,,Daylight,Dry,Clear,None apparent,Non-intersection:  Non-junction/no special feature,Paved,,Possible/Unknown,0,1,0,0,1,0,12000,3,4,,POINT (-91.910530729702 41.93614123582)
2014830672,201404327,11/25/2014,11-November,3-Tuesday,18:00,1800 Hours,District 6 (East Central),,LINN,US 151,US 151 & IA 100/COLLINS RD SE & SECRIST RD,Collision with:  Vehicle in traffic,On Roadway,"Sideswipe, same direction",FTYROW:  Making right turn on red signal,None Indicated,,Dark - roadway lighted,Dry,Clear,None apparent,Intersection:  Four-way intersection,Paved,,Property Damage Only,0,0,0,0,0,0,2600,2,2,,POINT (-91.550211048314 42.019905720092)
2014830279,14-38894,11/25/2014,11-November,3-Tuesday,22:10,2200 Hours,District 3 (Northwest),SIOUX CITY,WOODBURY,,GARRETSON AVE & MORNINGSIDE AVE,Collision with:  Vehicle in traffic,On Roadway,Rear-end (front to rear),Swerving/Evasive Action,None Indicated,,Dark - roadway lighted,Slush,Snow,"Surface condition (e.g., wet, icy)",Non-intersection:  Non-junction/no special feature,Paved,,Property Damage Only,0,0,0,0,0,0,5000,2,4,,POINT (-96.356642978425 42.472350308028)
2014830158,S14-004672,11/25/2014,11-November,3-Tuesday,13:35,1300 Hours,District 4 (Southwest),UNDERWOOD,POTTAWATTAMIE,,HIGHWAY ST,Collision with:  Vehicle in traffic,On Roadway,Rear-end (front to rear),Swerving/Evasive Action,None Indicated,,Daylight,Dry,Cloudy,None apparent,Non-intersection:  Driveway access (within),Paved,,Possible/Unknown,0,1,0,0,1,0,5000,2,3,,POINT (-95.685558037323 41.377356604283)
2014831259,,11/25/2014,11-November,3-Tuesday,17:30,1700 Hours,District 2 (Northeast),,ALLAMAKEE,IA 51,IA 51/IOWA 51,Collision with:  Animal,On Roadway,Non-collision (single vehicle),Animal,None Indicated,,Dark - roadway not lighted,Dry,Clear,,Non-intersection:  Non-junction/no special feature,Paved,,Property Damage Only,0,0,0,0,0,0,10000,1,3,,POINT (-91.565509984289 43.162039592186)
2014830505,14-009937,11/25/2014,11-November,3-Tuesday,22:06,2200 Hours,District 2 (Northeast),,CLAYTON,,Co Rd B65/205TH ST,Collision with:  Animal,On Roadway,Non-collision (single vehicle),Animal,None Indicated,,,,,,,Paved,,Property Damage Only,0,0,0,0,0,0,2000,1,1,,POINT (-91.37791745448 42.928398901594)
2014830224,14-2631,11/25/2014,11-November,3-Tuesday,07:51,0700 Hours,District 4 (Southwest),URBANDALE,DALLAS,,BUENA VISTA DR & 149TH ST,Collision with:  Vehicle in traffic,On Roadway,Broadside (front to side),FTYROW:  From yield sign,None Indicated,,Daylight,Dry,Clear,None apparent,Intersection:  Four-way intersection,Paved,,Property Damage Only,0,0,0,0,0,0,9500,2,4,,POINT (-93.82347511653 41.620728575659)
2014830955,2014-81276,11/25/2014,11-November,3-Tuesday,10:33,1000 Hours,District 6 (East Central),DAVENPORT,SCOTT,,E LOMBARD ST & FARNAM ST,Collision with fixed object:  Tree,Outside trafficway,Non-collision (single vehicle),Ran off road - left,None Indicated,,Daylight,Ice/frost,Clear,"Surface condition (e.g., wet, icy)",Non-intersection:  Non-junction/no special feature,Paved,,Possible/Unknown,0,1,0,0,1,0,3000,1,1,,POINT (-90.567155324153 41.54205332522)
2014830701,2014065927,11/25/2014,11-November,3-Tuesday,16:13,1600 Hours,District 6 (East Central),,CEDAR,I-80,I-80,Collision with:  Vehicle in traffic,On Roadway,Rear-end (front to rear),Followed too close,None Indicated,,Daylight,Dry,Clear,None apparent,Interchange-related:  On-ramp merge area,Paved,,Property Damage Only,0,0,0,0,0,0,4500,2,5,,POINT (-91.148596250299 41.645965168935)
2014830309,201417654,11/25/2014,11-November,3-Tuesday,11:50,1100 Hours,District 6 (East Central),CEDAR RAPIDS,LINN,,15TH AVE SW & L ST SW,Collision with:  Vehicle in traffic,On Roadway,Broadside (front to side),Ran Stop Sign,None Indicated,,Daylight,Wet,Clear,None apparent,Intersection:  Four-way intersection,Paved,,Possible/Unknown,0,1,0,0,1,0,5750,2,2,,POINT (-91.671494440905 41.962678923002)
2014830222,14016533,11/25/2014,11-November,3-Tuesday,11:42,1100 Hours,District 5 (Southeast),CENTERVILLE,APPANOOSE,,E PRAIRIE ST & S DRAKE AVE,Collision with:  Vehicle in traffic,On Roadway,Broadside (front to side),FTYROW:  From stop sign,None Indicated,,Daylight,Dry,Clear,None apparent,Intersection:  T-intersection,Paved,,Property Damage Only,0,0,0,0,0,0,3000,2,3,,POINT (-92.872671767105 40.730495477503)
2014831150,2014-040000,11/25/2014,11-November,3-Tuesday,13:55,1300 Hours,District 6 (East Central),DUBUQUE,DUBUQUE,,GRACE ST & DELHI ST & GRANDVIEW AVE N,Collision with:  Vehicle in traffic,On Roadway,Rear-end (front to rear),Lost Control,None Indicated,,Daylight,Dry,Clear,None apparent,Intersection:  Five points or more,Paved,,Property Damage Only,0,0,0,0,0,0,1600,2,2,,POINT (-90.687870434748 42.496807002595)
2014830310,201417658,11/25/2014,11-November,3-Tuesday,14:00,1400 Hours,District 6 (East Central),CEDAR RAPIDS,LINN,,TOWNE PL NE & BLAIRS FERRY RD NE,Collision with:  Vehicle in traffic,On Roadway,Rear-end (front to rear),Followed too close,None Indicated,,Daylight,Dry,Clear,None apparent,Non-intersection:  Non-junction/no special feature,Paved,,Property Damage Only,0,0,0,0,0,0,7000,2,2,,POINT (-91.67239748847 42.034794707459)
2014831152,2014-040007,11/25/2014,11-November,3-Tuesday,17:13,1700 Hours,District 6 (East Central),DUBUQUE,DUBUQUE,,JOHN F KENNEDY RD,Collision with:  Vehicle in traffic,On Roadway,Broadside (front to side),FTYROW:  From driveway,None Indicated,,Dark - roadway lighted,Dry,Clear,None apparent,Non-intersection:  Driveway access (within),Paved,,Property Damage Only,0,0,0,0,0,0,8000,2,2,,POINT (-90.721089278624 42.497544739506)
2014831044,,11/25/2014,11-November,3-Tuesday,21:45,2100 Hours,District 5 (Southeast),,WASHINGTON,US 218,US 218,Collision with:  Animal,On Roadway,Non-collision (single vehicle),Animal,None Indicated,,Dark - roadway not lighted,Dry,Clear,,Non-intersection:  Non-junction/no special feature,Paved,,Minor Injury,0,1,0,1,0,0,15000,1,2,,POINT (-91.533219405394 41.289458510205)