Iowa DOT Case Number,Law Enforcement Case Number,Date of Crash,Month of Crash,Day of Week,Time of Crash,Hour,DOT District,City Name,County Name,Route with System,Location Description,First Harmful Event,Location of First Harmful Event,Manner of Crash/Collision,Major Cause,Drug or Alcohol ,Environmental Conditions,Light Conditions,Surface Conditions,Weather Conditions,Roadway Contribution,Roadway Type,Roadway Surface,Work Zone,Crash Severity,Number of Fatalities,Number of Injuries,Number of Major Injuries,Number of Minor Injuries,Number of Possible Injuries,Number of Unknown Injuries,Amount of Property Damage,Number of Vehicles Involved,Total Number of Occupants,Travel Direction,Location
2014830644,14-028733,11/25/2014,11-November,3-Tuesday,06:52,0600 Hours,District 5 (Southeast),,MARION,IA 92,IA 92/IOWA 92,Collision with:  Animal,On Roadway,Non-collision (single vehicle),Animal,None Indicated,,Dawn,Dry,Clear,None apparent,Non-intersection:  Non-junction/no special feature,Paved,,Property Damage Only,0,0,0,0,0,0,5000,1,1,,POINT (-92.996129490048 41.30713608667)
2014832291,14-048978,11/25/2014,11-November,3-Tuesday,07:59,0700 Hours,District 5 (Southeast),,MUSCATINE,,Co Rd X43/HAMPTON AVE & 260TH ST,Collision with fixed object:  Ditch,On Roadway,Non-collision (single vehicle),Driving too fast for conditions,None Indicated,,Dawn,Ice/frost,Cloudy,"Surface condition (e.g., wet, icy)",Intersection:  T-intersection,Paved,,Minor Injury,0,1,0,1,0,0,2000,1,1,,POINT (-91.239228278847 41.364401266706)
2014832754,14-17431,11/25/2014,11-November,3-Tuesday,12:38,1200 Hours,District 6 (East Central),,JACKSON,,Co Rd D61/BELLEVUE-CASCADE RD,Collision with:  Vehicle in traffic,On Roadway,"Angle, oncoming left turn",FTYROW:  Making left turn,None Indicated,,Daylight,Dry,Cloudy,None apparent,Non-intersection:  Driveway access (within),Paved,,Major Injury,0,2,2,0,0,0,13000,2,2,,POINT (-90.721841233869 42.243678905016)
2014830575,14-005588,11/26/2014,11-November,4-Wednesday,16:55,1600 Hours,District 1 (Central),AMES,STORY,,E 13TH ST & DAYTON AVE & N DAYTON AVE,Collision with:  Vehicle in traffic,On Roadway,Rear-end (front to rear),Driving too fast for conditions,None Indicated,,Dark - roadway lighted,Snow,Snow,"Surface condition (e.g., wet, icy)",Intersection:  Four-way intersection,Paved,,Property Damage Only,0,0,0,0,0,0,3300,3,4,,POINT (-93.581565948126 42.034461122785)
2014831077,14014397,11/26/2014,11-November,4-Wednesday,09:20,0900 Hours,District 1 (Central),GLADBROOK,TAMA,IA 96,IA 96/8TH ST,Collision with:  Vehicle in traffic,On Roadway,"Sideswipe, same direction",Ran off road - left,None Indicated,,Daylight,Dry,Cloudy,None apparent,Intersection:  T-intersection,Paved,,Property Damage Only,0,0,0,0,0,0,15000,2,3,,POINT (-92.704875435444 42.1813610342)
2014831581,S14-12355,11/26/2014,11-November,4-Wednesday,18:02,1800 Hours,District 3 (Northwest),SERGEANT BLUFF,WOODBURY,I-29,I-29,Collision with:  Vehicle in traffic,On Roadway,Rear-end (front to rear),Followed too close,None Indicated,,Dark - roadway not lighted,Dry,Cloudy,Work Zone (roadway-related),Non-intersection:  Non-junction/no special feature,Paved,Yes,Possible/Unknown,0,1,0,0,1,0,8500,2,4,,POINT (-96.366725723679 42.401566457454)
2014831156,2014-040029,11/26/2014,11-November,4-Wednesday,12:31,1200 Hours,District 6 (East Central),DUBUQUE,DUBUQUE,US 20,US 20/DODGE ST,Collision with:  Vehicle in traffic,On Roadway,Rear-end (front to rear),Lost Control,None Indicated,,Daylight,Dry,Cloudy,None apparent,Non-intersection:  Non-junction/no special feature,Paved,,Property Damage Only,0,0,0,0,0,0,6500,3,3,,POINT (-90.731591261423 42.490476938022)
2014831595,14-11979,11/26/2014,11-November,4-Wednesday,07:54,0700 Hours,District 3 (Northwest),CARROLL,CARROLL,,18TH ST,Collision with:  Vehicle in traffic,On Roadway,Broadside (front to side),FTYROW:  From stop sign,None Indicated,,Daylight,Snow,Cloudy,"Surface condition (e.g., wet, icy)",Intersection:  Four-way intersection,Paved,,Property Damage Only,0,0,0,0,0,0,3100,2,3,,POINT (-94.865523631403 42.078510130912)
2014830316,14-5991,11/26/2014,11-November,4-Wednesday,15:00,1500 Hours,District 1 (Central),WEST DES MOINES,POLK,,MILLS CIVIC PKWY & S 41ST ST,Collision with:  Vehicle in traffic,On Roadway,Broadside (front to side),FTYROW:  From stop sign,None Indicated,,Daylight,Snow,Cloudy,None apparent,Intersection:  T-intersection,Paved,,Property Damage Only,0,0,0,0,0,0,4000,2,3,,POINT (-93.75852400239 41.567456503754)
2014830272,14-001746,11/26/2014,11-November,4-Wednesday,18:11,1800 Hours,District 1 (Central),AMES,STORY,,MORTENSON PKWY & GATEWAY HILLS PARK DR & WELCH AVE & MORTENSON RD,Collision with:  Vehicle in traffic,On Roadway,Rear-end (front to rear),Driving too fast for conditions,None Indicated,,Dark - roadway lighted,Snow,Snow,"Surface condition (e.g., wet, icy)",Intersection:  T-intersection,Paved,,Property Damage Only,0,0,0,0,0,0,2700,2,6,,POINT (-93.649352841384 42.011851405821)
2014830110,20140035117,11/26/2014,11-November,4-Wednesday,05:30,0500 Hours,District 1 (Central),DES MOINES,POLK,I-235,I-235,Collision with:  Vehicle in traffic,On Roadway,"Sideswipe, same direction",Driving too fast for conditions,None Indicated,,Dark - roadway lighted,Snow,Snow,"Surface condition (e.g., wet, icy)",Non-intersection:  Non-junction/no special feature,Paved,,Property Damage Only,0,0,0,0,0,0,2000,2,3,,POINT (-93.68341454999 41.592039883257)
2014830371,20140035176,11/26/2014,11-November,4-Wednesday,17:39,1700 Hours,District 1 (Central),DES MOINES,POLK,I-235,I-235 & MLK JR PKWY,Collision with:  Vehicle in traffic,On Roadway,Rear-end (front to rear),Over correcting/over steering,None Indicated,,Dark - roadway lighted,Ice/frost,Snow,"Surface condition (e.g., wet, icy)",Non-intersection:  Non-junction/no special feature,Paved,,Property Damage Only,0,0,0,0,0,0,5900,3,6,,POINT (-93.644295380076 41.596391081848)
2014831142,2014-013990,11/26/2014,11-November,4-Wednesday,20:27,2000 Hours,District 6 (East Central),,DUBUQUE,,OLDE MASSEY RD & MINES OF SPAIN RD,Collision with:  Animal,,,Animal,None Indicated,,,,,,,Paved,,Property Damage Only,0,0,0,0,0,0,1500,1,1,,POINT (-90.633979051736 42.444709864853)
2014831514,2014066254,11/26/2014,11-November,4-Wednesday,17:07,1700 Hours,District 6 (East Central),IOWA CITY,JOHNSON,US 218,US 218/NW RAMP CURV,Collision with:  Vehicle in traffic,On Roadway,Broadside (front to side),FTYROW:  Other (explain in narrative),None Indicated,,Dark - roadway lighted,Wet,Snow,None apparent,Intersection:  Intersection with ramp,Paved,,Property Damage Only,0,0,0,0,0,0,2400,2,3,,POINT (-91.569281485686 41.633310522836)
2014830219,14-3791,11/26/2014,11-November,4-Wednesday,08:40,0800 Hours,District 1 (Central),FORT DODGE,WEBSTER,,16TH AVE N & N 22ND ST,Collision with:  Vehicle in traffic,On Roadway,Broadside (front to side),FTYROW:  From stop sign,None Indicated,,Daylight,Ice/frost,Snow,"Surface condition (e.g., wet, icy)",Intersection:  T-intersection,Paved,,Property Damage Only,0,0,0,0,0,0,2500,2,4,,POINT (-94.168124200972 42.5208109778)
2014830281,14-38920,11/26/2014,11-November,4-Wednesday,07:58,0700 Hours,District 3 (Northwest),SIOUX CITY,WOODBURY,,W 4TH ST & CASSELMAN ST,Collision with:  Vehicle in traffic,On Roadway,Rear-end (front to rear),Driving too fast for conditions,None Indicated,,Daylight,Slush,Rain,"Surface condition (e.g., wet, icy)",Intersection:  Four-way intersection,Paved,,Property Damage Only,0,0,0,0,0,0,2300,2,2,,POINT (-96.443016122934 42.499869180896)
2014830889,PD14-11729,11/26/2014,11-November,4-Wednesday,17:47,1700 Hours,District 1 (Central),MARSHALLTOWN,MARSHALL,,LINCOLN WAY,Collision with:  Vehicle in traffic,On Roadway,Rear-end (front to rear),Driving too fast for conditions,None Indicated,,Dark - roadway lighted,Ice/frost,Snow,"Surface condition (e.g., wet, icy)",Non-intersection:  Driveway access (within),Paved,,Property Damage Only,0,0,0,0,0,0,10700,2,2,,POINT (-92.929401108167 42.041848109939)
2014830795,14-0674,11/26/2014,11-November,4-Wednesday,17:50,1700 Hours,District 1 (Central),FORT DODGE,WEBSTER,,Co Rd D18/190TH ST,Collision with:  Parked motor vehicle,On Roadway,Rear-end (front to rear),Illegally Parked/Unattended,None Indicated,,Dusk,Ice/frost,Snow,"Surface condition (e.g., wet, icy)",Non-intersection:  Non-junction/no special feature,Paved,,Property Damage Only,0,0,0,0,0,0,14000,2,2,,POINT (-94.120213843231 42.515786888694)
2014831530,2014066357,11/26/2014,11-November,4-Wednesday,19:15,1900 Hours,District 1 (Central),,POLK,I-35,I-35,Collision with:  Parked motor vehicle,Outside trafficway,Head-on (front to front),Driving too fast for conditions,None Indicated,,Dark - roadway not lighted,Ice/frost,Snow,"Surface condition (e.g., wet, icy)",Non-intersection:  Other non-intersection (explain in narrative),Paved,,Property Damage Only,0,0,0,0,0,0,14500,2,777,,POINT (-93.591884507161 41.650346774439)
2014830647,14-028870,11/26/2014,11-November,4-Wednesday,19:32,1900 Hours,District 5 (Southeast),,MARION,,218TH AVE,Non-collision events:  Overturn/rollover,On Roadway,Non-collision (single vehicle),Ran off road - right,None Indicated,,Dark - roadway not lighted,Snow,Snow,"Surface condition (e.g., wet, icy)",Non-intersection:  Other non-intersection (explain in narrative),Unpaved,,Property Damage Only,0,0,0,0,0,0,9500,1,2,,POINT (-92.932860461441 41.356550926164)
2014830097,20140035125,11/26/2014,11-November,4-Wednesday,08:16,0800 Hours,District 1 (Central),DES MOINES,POLK,,SW 5TH ST & W MLK JR PKWY,Collision with:  Vehicle in traffic,On Roadway,Broadside (front to side),Ran Traffic Signal,None Indicated,,Daylight,Wet,Snow,None apparent,Intersection:  Four-way intersection,Paved,,Property Damage Only,0,0,0,0,0,0,9429,2,3,,POINT (-93.621801929966 41.581896171803)
2014831873,1-14-000452,11/26/2014,11-November,4-Wednesday,08:30,0800 Hours,District 4 (Southwest),,SHELBY,,Co Rd F32/STREET F32,Collision with fixed object:  Ditch,On Roadway,Non-collision (single vehicle),Ran off road - left,None Indicated,,Daylight,Slush,Snow,"Surface condition (e.g., wet, icy)",Non-intersection:  Non-junction/no special feature,Paved,,Property Damage Only,0,0,0,0,0,0,8000,1,1,,POINT (-95.346394419964 41.717916513608)
2014830685,2014-81465,11/26/2014,11-November,4-Wednesday,14:20,1400 Hours,District 6 (East Central),DAVENPORT,SCOTT,,FAIRMOUNT ST,Collision with:  Vehicle in traffic,On Roadway,"Angle, oncoming left turn",Exceeded authorized speed,None Indicated,,Daylight,Wet,Cloudy,None apparent,Non-intersection:  Non-junction/no special feature,Paved,,Property Damage Only,0,0,0,0,0,0,4000,2,3,,POINT (-90.629829979398 41.538058147835)
2014831944,2014066086,11/26/2014,11-November,4-Wednesday,09:08,0900 Hours,District 4 (Southwest),WAUKEE,DALLAS,I-80,I-80,Collision with fixed object:  Bridge overhead structure,On Roadway,Non-collision (single vehicle),Ran off road - right,None Indicated,,Daylight,Snow,Snow,"Surface condition (e.g., wet, icy)",Non-intersection:  Non-junction/no special feature,Paved,,Possible/Unknown,0,1,0,0,1,0,5000,1,1,,POINT (-93.883523672244 41.562276476059)
2014830395,20140035199,11/26/2014,11-November,4-Wednesday,19:20,1900 Hours,District 1 (Central),DES MOINES,POLK,US 69,US 69/SE 14TH ST,Collision with:  Vehicle in traffic,On Roadway,Unknown,Driving too fast for conditions,None Indicated,,Dark - roadway lighted,Snow,Snow,"Surface condition (e.g., wet, icy)",Intersection:  Four-way intersection,Paved,,Property Damage Only,0,0,0,0,0,0,1500,2,2,,POINT (-93.596859385873 41.537370161645)
2014830629,S14-K2601,11/26/2014,11-November,4-Wednesday,04:35,0400 Hours,District 5 (Southeast),,CLARKE,US 34,US 34,Collision with:  Vehicle in traffic,On Roadway,"Sideswipe, opposite direction",Other (explain in narrative):  No improper action,None Indicated,,Dark - roadway not lighted,Snow,Snow,"Surface condition (e.g., wet, icy)",Non-intersection:  Non-junction/no special feature,Paved,,Property Damage Only,0,0,0,0,0,0,4500,2,2,,POINT (-93.705411732986 41.03056756471)
2014830806,14-31301,11/26/2014,11-November,4-Wednesday,05:59,0500 Hours,District 1 (Central),PRAIRIE CITY,JASPER,,Co Rd F70/HWY F-70 W,Collision with fixed object:  Ditch,On Roadway,Non-collision (single vehicle),Swerving/Evasive Action,None Indicated,,Dark - roadway not lighted,Snow,Snow,None apparent,Non-intersection:  Non-junction/no special feature,Paved,,Property Damage Only,0,0,0,0,0,0,10000,1,1,,POINT (-93.319497546832 41.522343015746)
2014830632,14-2263,11/26/2014,11-November,4-Wednesday,19:25,1900 Hours,District 1 (Central),POLK CITY,POLK,,S 3RD ST,Collision with:  Vehicle in traffic,On Roadway,"Sideswipe, same direction",Swerving/Evasive Action,None Indicated,,Dark - roadway not lighted,Ice/frost,Snow,None apparent,Non-intersection:  Non-junction/no special feature,Paved,,Property Damage Only,0,0,0,0,0,0,2100,2,2,,POINT (-93.714715369551 41.770946469871)
2014830842,2014013210,11/26/2014,11-November,4-Wednesday,17:00,1700 Hours,District 6 (East Central),IOWA CITY,JOHNSON,,MORMON TREK BLVD & MELROSE AVE,Collision with:  Vehicle in traffic,On Roadway,Head-on (front to front),Ran Traffic Signal,None Indicated,,Dark - roadway lighted,Wet,"Sleet, hail",None apparent,Intersection:  Four-way intersection,Paved,,Property Damage Only,0,0,0,0,0,0,30000,2,2,,POINT (-91.573898649144 41.656947956513)
2014830577,14-005592,11/26/2014,11-November,4-Wednesday,17:25,1700 Hours,District 1 (Central),AMES,STORY,,E 13TH ST,Collision with:  Vehicle in traffic,On Roadway,Rear-end (front to rear),Driving too fast for conditions,None Indicated,,Dark - roadway lighted,Snow,Snow,"Surface condition (e.g., wet, icy)",Intersection:  T-intersection,Paved,,Property Damage Only,0,0,0,0,0,0,1800,2,6,,POINT (-93.576286875312 42.034505763254)
2014830229,14022983,11/26/2014,11-November,4-Wednesday,06:24,0600 Hours,District 2 (Northeast),,BREMER,,250TH ST,Non-collision events:  Overturn/rollover,Roadside,Non-collision (single vehicle),Ran off road - left,None Indicated,,Dark - roadway not lighted,Ice/frost,Clear,"Surface condition (e.g., wet, icy)",Non-intersection:  Non-junction/no special feature,Unpaved,,Property Damage Only,0,0,0,0,0,0,2500,1,1,,POINT (-92.274238729254 42.686072954139)
2014830314,201417704,11/26/2014,11-November,4-Wednesday,14:36,1400 Hours,District 6 (East Central),CEDAR RAPIDS,LINN,,COLDSTREAM AVE NE & 29TH ST NE & CENTER POINT RD NE,Collision with:  Vehicle in traffic,On Roadway,Rear-end (front to rear),Unknown,None Indicated,,Daylight,Dry,Cloudy,None apparent,Non-intersection:  Non-junction/no special feature,Paved,,Property Damage Only,0,0,0,0,0,0,7000,2,2,,POINT (-91.662856981008 42.006962317353)
2014830712,2014066184,11/26/2014,11-November,4-Wednesday,14:50,1400 Hours,District 2 (Northeast),,WORTH,I-35,I-35 & Co Rd A34/435TH ST,Collision with:  Vehicle in traffic,On Roadway,"Sideswipe, same direction",Swerving/Evasive Action,None Indicated,,Daylight,Snow,Snow,"Surface condition (e.g., wet, icy)",Non-intersection:  Non-junction/no special feature,Paved,,Possible/Unknown,0,1,0,0,1,0,7000,3,6,,POINT (-93.349477345102 43.393246878904)
2014836366,,11/26/2014,11-November,4-Wednesday,07:00,0700 Hours,District 2 (Northeast),DECORAH,WINNESHIEK,,KERR DR & SHORT ST & INDUSTRIAL LN,Collision with fixed object:  Utility pole/light support,Roadside,Non-collision (single vehicle),Ran off road - left,None Indicated,,Unknown,Ice/frost,Unknown,None apparent,Intersection:  Y-intersection,Paved,,Property Damage Only,0,0,0,0,0,0,15811,1,1,,POINT (-91.799868993112 43.290523633338)
2014830736,14-020048,11/26/2014,11-November,4-Wednesday,17:33,1700 Hours,District 5 (Southeast),,HENRY,US 34,US 34,Non-collision events:  Overturn/rollover,On Roadway,Non-collision (single vehicle),Ran off road - left,None Indicated,,Dark - roadway not lighted,Snow,Snow,"Surface condition (e.g., wet, icy)",Non-intersection:  Crossover-related,Paved,,Property Damage Only,0,0,0,0,0,0,6000,1,1,,POINT (-91.699671696974 40.979990792337)
2014831941,2014066017,11/26/2014,11-November,4-Wednesday,06:10,0600 Hours,District 1 (Central),,POLK,I-80,I-80 & NE 38TH ST,Collision with:  Vehicle in traffic,On Roadway,"Sideswipe, same direction",Driving too fast for conditions,None Indicated,,Dark - roadway not lighted,Snow,Snow,None apparent,Non-intersection:  Non-junction/no special feature,Paved,,Property Damage Only,0,0,0,0,0,0,3000,2,3,,POINT (-93.543242375546 41.656882966434)
2014831012,2014-81530,11/26/2014,11-November,4-Wednesday,20:32,2000 Hours,District 6 (East Central),DAVENPORT,SCOTT,,WAVERLY RD,Collision with:  Parked motor vehicle,Shoulder,"Sideswipe, same direction",Unknown,None Indicated,,Dark - roadway lighted,Wet,Cloudy,None apparent,Non-intersection:  Non-junction/no special feature,Paved,,Property Damage Only,0,0,0,0,0,0,6000,2,777,,POINT (-90.615558314425 41.525198951486)
2014831733,032-112-14,11/26/2014,11-November,4-Wednesday,12:26,1200 Hours,District 3 (Northwest),ESTHERVILLE,EMMET,,5TH AVE N & N 13TH ST,Non-collision events:  Other non-collision (explain in narrative),On Roadway,Broadside (front to side),FTYROW:  From stop sign,None Indicated,,Daylight,Snow,Snow,"Surface condition (e.g., wet, icy)",Intersection:  Four-way intersection,Paved,,Property Damage Only,0,0,0,0,0,0,5000,2,3,,POINT (-94.827830807306 43.406508724105)
2014830131,14-5985,11/26/2014,11-November,4-Wednesday,09:00,0900 Hours,District 1 (Central),WEST DES MOINES,POLK,,WESTOWN PKWY,Collision with fixed object:  Utility pole/light support,Outside trafficway,Non-collision (single vehicle),Driving too fast for conditions,None Indicated,,Daylight,Snow,Snow,"Surface condition (e.g., wet, icy)",Non-intersection:  Non-junction/no special feature,Paved,,Possible/Unknown,0,1,0,0,1,0,2000,1,1,,POINT (-93.781658737437 41.595214944656)
2014830445,14-002688,11/26/2014,11-November,4-Wednesday,18:09,1800 Hours,District 1 (Central),ALTOONA,POLK,US 6,US 6/FREDERICK M HUBBELL AVE,Collision with:  Vehicle in traffic,On Roadway,Rear-end (front to rear),Driving too fast for conditions,None Indicated,,Dark - roadway lighted,Ice/frost,Snow,"Surface condition (e.g., wet, icy)",Intersection:  Four-way intersection,Paved,,Property Damage Only,0,0,0,0,0,0,2500,2,4,,POINT (-93.498781027629 41.658570687586)
2014830095,20140035123,11/26/2014,11-November,4-Wednesday,08:00,0800 Hours,District 1 (Central),DES MOINES,POLK,,MAISH CT & SE 22ND ST,Collision with:  Vehicle in traffic,On Roadway,"Sideswipe, opposite direction",Lost Control,None Indicated,,Daylight,Snow,Snow,"Surface condition (e.g., wet, icy)",Intersection:  T-intersection,Paved,,Possible/Unknown,0,1,0,0,1,0,4500,2,2,,POINT (-93.57881512183 41.54924398953)
2014830378,20140035197,11/26/2014,11-November,4-Wednesday,20:38,2000 Hours,District 1 (Central),DES MOINES,POLK,,EASTON BLVD,Collision with:  Vehicle in traffic,On Roadway,Broadside (front to side),Driving too fast for conditions,None Indicated,,Dark - roadway lighted,Ice/frost,Snow,"Surface condition (e.g., wet, icy)",Non-intersection:  Driveway access (within),Paved,,Possible/Unknown,0,1,0,0,1,0,5200,2,2,,POINT (-93.568515122348 41.608031825541)
2014832434,,11/26/2014,11-November,4-Wednesday,16:10,1600 Hours,District 3 (Northwest),ARMSTRONG,EMMET,IA 15,IA 15/6TH ST & 2ND AVE,Collision with:  Parked motor vehicle,On Roadway,Unknown,Unknown,None Indicated,,Daylight,Snow,Snow,"Surface condition (e.g., wet, icy)",Non-intersection:  Other non-intersection (explain in narrative),Paved,,Property Damage Only,0,0,0,0,0,0,5360,2,1,,POINT (-94.480246488093 43.396257068002)
2014831963,14-009030,11/26/2014,11-November,4-Wednesday,06:49,0600 Hours,District 4 (Southwest),PERRY,DALLAS,,IOWA ST & 8TH ST,Collision with:  Vehicle in traffic,On Roadway,Broadside (front to side),FTYROW:  From stop sign,None Indicated,,Dawn,Snow,Snow,None apparent,Intersection:  Four-way intersection,Paved,,Property Damage Only,0,0,0,0,0,0,4000,2,4,,POINT (-94.096900938667 41.834754489087)
2014834245,14017824,11/26/2014,11-November,4-Wednesday,06:42,0600 Hours,District 3 (Northwest),,CLAY,,Co Rd M27/130TH AVE,Collision with fixed object:  Ditch,On Roadway,Non-collision (single vehicle),Driving too fast for conditions,None Indicated,,Daylight,Ice/frost,Snow,"Surface condition (e.g., wet, icy)",Non-intersection:  Non-junction/no special feature,Paved,,Property Damage Only,0,0,0,0,0,0,1500,1,1,,POINT (-95.32877744401 43.077390082007)
2014830877,14-2654,11/26/2014,11-November,4-Wednesday,18:40,1800 Hours,District 1 (Central),URBANDALE,POLK,,DOUGLAS AVE & 100TH ST,Collision with:  Vehicle in traffic,On Roadway,"Sideswipe, same direction",Crossed centerline (undivided),None Indicated,,Dark - roadway not lighted,Snow,Snow,"Surface condition (e.g., wet, icy)",Intersection:  Four-way intersection,Paved,,Property Damage Only,0,0,0,0,0,0,3000,2,6,,POINT (-93.755923815528 41.629362134122)
2014830291,14-5999,11/26/2014,11-November,4-Wednesday,20:49,2000 Hours,District 4 (Southwest),WEST DES MOINES,DALLAS,I-80,I-80,Collision with fixed object:  Guardrail - face,On Roadway,Non-collision (single vehicle),Ran off road - left,None Indicated,,Dark - roadway lighted,Snow,Snow,"Surface condition (e.g., wet, icy)",Non-intersection:  Non-junction/no special feature,Paved,,Property Damage Only,0,0,0,0,0,0,8000,1,2,,POINT (-93.80918784726 41.5916737972)
2014830327,14-002685,11/26/2014,11-November,4-Wednesday,13:10,1300 Hours,District 1 (Central),ALTOONA,POLK,,9TH ST NW,Collision with:  Vehicle in traffic,On Roadway,Broadside (front to side),FTYROW:  From driveway,None Indicated,,Daylight,Snow,Snow,"Surface condition (e.g., wet, icy)",Non-intersection:  Driveway access (within),Paved,,Property Damage Only,0,0,0,0,0,0,2800,2,3,,POINT (-93.469102619505 41.658569544285)
2014830271,14-7847,11/26/2014,11-November,4-Wednesday,18:59,1800 Hours,District 1 (Central),,POLK,I-35,I-35,Collision with fixed object:  Ditch,On Roadway,Non-collision (single vehicle),Driving too fast for conditions,None Indicated,,Dark - roadway not lighted,Ice/frost,Snow,None apparent,Non-intersection:  Other non-intersection (explain in narrative),Paved,,Property Damage Only,0,0,0,0,0,0,20000,1,1,,POINT (-93.619365108857 41.649481408403)
2014830752,2014-25459,11/26/2014,11-November,4-Wednesday,07:45,0700 Hours,District 5 (Southeast),,WARREN,,Co Rd R45/HWY R45,Non-collision events:  Overturn/rollover,On Roadway,Non-collision (single vehicle),Ran off road - left,None Indicated,,Daylight,Snow,Snow,"Surface condition (e.g., wet, icy)",Non-intersection:  Non-junction/no special feature,Paved,,Property Damage Only,0,0,0,0,0,0,10000,1,1,,POINT (-93.731661683301 41.257484394085)
2014831095,P14-013198,11/26/2014,11-November,4-Wednesday,10:34,1000 Hours,District 1 (Central),WEBSTER CITY,HAMILTON,,DIVISION ST & DES MOINES ST,Collision with:  Vehicle in traffic,On Roadway,Broadside (front to side),Driving too fast for conditions,None Indicated,,Daylight,Snow,Snow,"Surface condition (e.g., wet, icy)",Non-intersection:  Non-junction/no special feature,Paved,,Property Damage Only,0,0,0,0,0,0,2000,2,2,,POINT (-93.821504803619 42.46752487733)
2014833162,2014066195,11/26/2014,11-November,4-Wednesday,15:00,1500 Hours,District 3 (Northwest),,CALHOUN,US 20,US 20/US20,Collision with fixed object:  Ditch,On Roadway,Non-collision (single vehicle),Swerving/Evasive Action,None Indicated,,Daylight,Ice/frost,Snow,"Surface condition (e.g., wet, icy)",Non-intersection:  Non-junction/no special feature,Paved,,Property Damage Only,0,0,0,0,0,0,3000,1,2,,POINT (-94.597839161323 42.449694380373)
2014830334,14004036,11/26/2014,11-November,4-Wednesday,10:28,1000 Hours,District 5 (Southeast),,KEOKUK,,Co Rd W15/330TH AVE,Non-collision events:  Overturn/rollover,On Roadway,Non-collision (single vehicle),Ran off road - right,None Indicated,,Daylight,Snow,Cloudy,"Surface condition (e.g., wet, icy)",Non-intersection:  Non-junction/no special feature,Paved,,Possible/Unknown,0,1,0,0,0,1,5000,1,1,,POINT (-91.965987864644 41.375650928951)
2014830286,C14116249,11/26/2014,11-November,4-Wednesday,07:13,0700 Hours,District 2 (Northeast),CEDAR FALLS,BLACK HAWK,US 218,US 218/NE RAMP,Non-collision events:  Other non-collision (explain in narrative),On Roadway,Non-collision (single vehicle),Driving too fast for conditions,None Indicated,,Daylight,Ice/frost,Clear,"Surface condition (e.g., wet, icy)",Interchange-related:  On-ramp,Paved,,Minor Injury,0,1,0,1,0,0,4500,1,1,,POINT (-92.421551969017 42.538156070654)
2014830886,14010171,11/26/2014,11-November,4-Wednesday,21:27,2100 Hours,District 6 (East Central),,DELAWARE,US 20,US 20,Collision with:  Vehicle in traffic,On Roadway,Head-on (front to front),Swerving/Evasive Action,None Indicated,,Dark - roadway not lighted,Snow,Snow,"Surface condition (e.g., wet, icy)",Non-intersection:  Non-junction/no special feature,Paved,,Minor Injury,0,1,0,1,0,0,17000,2,2,,POINT (-91.310061269111 42.470860151404)
2014830372,20140035178,11/26/2014,11-November,4-Wednesday,17:45,1700 Hours,District 1 (Central),DES MOINES,POLK,,UNIVERSITY AVE,Collision with:  Vehicle in traffic,On Roadway,Rear-end (front to rear),Followed too close,None Indicated,,Dark - roadway lighted,Ice/frost,Snow,"Surface condition (e.g., wet, icy)",Non-intersection:  Non-junction/no special feature,Paved,,Property Damage Only,0,0,0,0,0,0,4700,2,5,,POINT (-93.690738457907 41.6003818393)
2014830489,,11/26/2014,11-November,4-Wednesday,02:02,0200 Hours,District 4 (Southwest),ADAIR,ADAIR,I-80,I-80,Non-collision events:  Overturn/rollover,Shoulder,Non-collision (single vehicle),Ran off road - right,None Indicated,,Dark - roadway not lighted,,"Sleet, hail",,,Paved,,Possible/Unknown,0,1,0,0,1,0,11500,1,1,,POINT (-94.647167664161 41.493155929614)
2014830490,W14-116388,11/26/2014,11-November,4-Wednesday,17:40,1700 Hours,District 2 (Northeast),WATERLOO,BLACK HAWK,US 63,US 63/SERGEANT RD,Collision with:  Vehicle in traffic,On Roadway,Rear-end (front to rear),Animal,None Indicated,,Dark - roadway lighted,Snow,Snow,None apparent,Non-intersection:  Non-junction/no special feature,Paved,,Property Damage Only,0,0,0,0,0,0,4000,2,2,,POINT (-92.403478719731 42.460198941244)
2014831384,2014013193,11/26/2014,11-November,4-Wednesday,06:00,0600 Hours,District 6 (East Central),IOWA CITY,JOHNSON,,MILLER AVE,Collision with:  Vehicle in traffic,On Roadway,"Sideswipe, same direction",Other (explain in narrative):  No improper action,None Indicated,,Dawn,Dry,Clear,None apparent,Non-intersection:  Non-junction/no special feature,Paved,,Property Damage Only,0,0,0,0,0,0,2000,2,1,,POINT (-91.546441123258 41.650659407614)