Iowa DOT Case Number,Law Enforcement Case Number,Date of Crash,Month of Crash,Day of Week,Time of Crash,Hour,DOT District,City Name,County Name,Route with System,Location Description,First Harmful Event,Location of First Harmful Event,Manner of Crash/Collision,Major Cause,Drug or Alcohol ,Environmental Conditions,Light Conditions,Surface Conditions,Weather Conditions,Roadway Contribution,Roadway Type,Roadway Surface,Work Zone,Crash Severity,Number of Fatalities,Number of Injuries,Number of Major Injuries,Number of Minor Injuries,Number of Possible Injuries,Number of Unknown Injuries,Amount of Property Damage,Number of Vehicles Involved,Total Number of Occupants,Travel Direction,Location
2014830843,2014013218,11/26/2014,11-November,4-Wednesday,20:00,2000 Hours,District 6 (East Central),IOWA CITY,JOHNSON,,W BENTON ST & MORMON TREK BLVD,Collision with:  Vehicle in traffic,On Roadway,Rear-end (front to rear),Followed too close,None Indicated,,Dark - roadway lighted,Snow,Snow,None apparent,Non-intersection:  Non-junction/no special feature,Paved,,Property Damage Only,0,0,0,0,0,0,1800,2,15,,POINT (-91.574072347387 41.649618510808)
2014830874,14-2651,11/26/2014,11-November,4-Wednesday,17:58,1700 Hours,District 1 (Central),URBANDALE,POLK,,DOUGLAS AVE,Collision with:  Vehicle in traffic,On Roadway,Rear-end (front to rear),Other (explain in narrative):  Other,None Indicated,,Dark - roadway lighted,Ice/frost,Snow,"Surface condition (e.g., wet, icy)",Non-intersection:  Non-junction/no special feature,Paved,,Property Damage Only,0,0,0,0,0,0,4500,2,3,,POINT (-93.73197215748 41.62924693259)
2014830817,14-6126,11/26/2014,11-November,4-Wednesday,19:30,1900 Hours,District 6 (East Central),HIAWATHA,LINN,,BOYSON RD,Collision with:  Vehicle in traffic,On Roadway,"Sideswipe, opposite direction",Lost Control,None Indicated,,Dark - roadway lighted,Snow,Snow,"Surface condition (e.g., wet, icy)",Non-intersection:  Non-junction/no special feature,Paved,,Property Damage Only,0,0,0,0,0,0,2000,2,2,,POINT (-91.675006416681 42.047613876117)
2014835158,14-006706,11/26/2014,11-November,4-Wednesday,01:33,0100 Hours,District 2 (Northeast),GARNER,HANCOCK,,W 13TH ST & BUSH AVE,Collision with:  Vehicle in traffic,On Roadway,Broadside (front to side),FTYROW:  At uncontrolled intersection,None Indicated,,Dark - roadway lighted,Snow,Snow,None apparent,Intersection:  Four-way intersection,Paved,,Minor Injury,0,3,0,2,1,0,23000,2,3,,POINT (-93.603425846897 43.091828889879)
2014830572,14-005582,11/26/2014,11-November,4-Wednesday,09:32,0900 Hours,District 1 (Central),AMES,STORY,,KENT AVE,Collision with:  Vehicle in traffic,On Roadway,Broadside (front to side),FTYROW:  From driveway,None Indicated,,Daylight,Snow,Snow,None apparent,Non-intersection:  Driveway access (within),Paved,,Property Damage Only,0,0,0,0,0,0,6000,2,5,,POINT (-93.642474578224 42.049591569317)
2014830218,14-3790,11/26/2014,11-November,4-Wednesday,07:00,0700 Hours,District 1 (Central),FORT DODGE,WEBSTER,US 169,US 169 & KENYON RD & OLD HWY 20,Collision with:  Vehicle in traffic,On Roadway,Broadside (front to side),Driving too fast for conditions,None Indicated,,Daylight,Snow,Snow,"Surface condition (e.g., wet, icy)",Intersection:  Four-way intersection,Paved,,Property Damage Only,0,0,0,0,0,0,4500,2,2,,POINT (-94.207234147029 42.484445850938)
2014831358,1426JP01,11/26/2014,11-November,4-Wednesday,07:00,0700 Hours,District 3 (Northwest),ORANGE CITY,SIOUX,,JAY AVE & 2ND ST SE,Collision with:  Vehicle in traffic,On Roadway,"Angle, oncoming left turn",FTYROW:  From stop sign,None Indicated,,Dark - roadway lighted,Snow,"Blowing sand, soil, dirt",None apparent,Unknown,Paved,,Property Damage Only,0,0,0,0,0,0,6000,2,3,,POINT (-96.037038110993 43.004785605534)
2014831527,2014066345,11/26/2014,11-November,4-Wednesday,20:45,2000 Hours,District 1 (Central),,POLK,I-35,I-35,Collision with:  Vehicle in traffic,On Roadway,"Sideswipe, same direction",Driving too fast for conditions,None Indicated,,Dark - roadway lighted,Snow,Snow,"Surface condition (e.g., wet, icy)",Non-intersection:  Non-junction/no special feature,Paved,,Property Damage Only,0,0,0,0,0,0,11700,2,2,,POINT (-93.591080262218 41.650386942368)
2014831515,2014066259,11/26/2014,11-November,4-Wednesday,17:18,1700 Hours,District 1 (Central),,POWESHIEK,I-80,I-80,Collision with:  Vehicle in traffic,On Roadway,"Sideswipe, same direction",Lost Control,None Indicated,,Dark - roadway not lighted,Ice/frost,Snow,"Surface condition (e.g., wet, icy)",Non-intersection:  Non-junction/no special feature,Paved,,Minor Injury,0,2,0,1,1,0,23000,2,4,,POINT (-92.758603113319 41.695338009167)
2014832164,80-14-373,11/26/2014,11-November,4-Wednesday,16:50,1600 Hours,District 2 (Northeast),HUMBOLDT,HUMBOLDT,US 169,US 169/13TH ST N & INDUSTRIAL AVE,Collision with:  Vehicle in traffic,On Roadway,Broadside (front to side),Swerving/Evasive Action,None Indicated,,Dark - roadway lighted,Ice/frost,Snow,"Surface condition (e.g., wet, icy)",Intersection:  T-intersection,Paved,,Property Damage Only,0,0,0,0,0,0,6000,2,2,,POINT (-94.227131162204 42.745421701648)
2014830903,20144342,11/26/2014,11-November,4-Wednesday,06:15,0600 Hours,District 1 (Central),,GRUNDY,US 20,US 20,Collision with:  Animal,,,Animal,None Indicated,,,,,,,Paved,,Property Damage Only,0,0,0,0,0,0,1500,1,1,,POINT (-92.742041080476 42.462955897587)
2014831521,2014066312,11/26/2014,11-November,4-Wednesday,19:00,1900 Hours,District 1 (Central),,POLK,I-35,I-35,Collision with fixed object:  Concrete traffic barrier (median or right side),Shoulder,Non-collision (single vehicle),Driving too fast for conditions,None Indicated,,Dark - roadway not lighted,Ice/frost,Cloudy,"Surface condition (e.g., wet, icy)",Non-intersection:  Non-junction/no special feature,Paved,,Property Damage Only,0,0,0,0,0,0,6000,1,2,,POINT (-93.614981976159 41.64949593657)
2014832621,2014-040044,11/26/2014,11-November,4-Wednesday,22:20,2200 Hours,District 6 (East Central),DUBUQUE,DUBUQUE,,UNIVERSITY AVE,Collision with:  Parked motor vehicle,On Roadway,Rear-end (front to rear),Lost Control,None Indicated,,Dark - roadway lighted,Wet,Cloudy,None apparent,Non-intersection:  Non-junction/no special feature,Paved,,Property Damage Only,0,0,0,0,0,0,13000,2,1,,POINT (-90.674383152967 42.50019909466)
2014831319,2014066053,11/26/2014,11-November,4-Wednesday,07:20,0700 Hours,District 1 (Central),ANKENY,POLK,I-35,I-35,Collision with fixed object:  Guardrail - face,Median,Non-collision (single vehicle),Driving too fast for conditions,None Indicated,,Daylight,Snow,Snow,"Surface condition (e.g., wet, icy)",Non-intersection:  Non-junction/no special feature,Paved,,Property Damage Only,0,0,0,0,0,0,6000,1,1,,POINT (-93.574340683266 41.749117422675)
2014830784,112614E,11/26/2014,11-November,4-Wednesday,19:58,1900 Hours,District 4 (Southwest),,FREMONT,US 59,US 59,Collision with:  Animal,,,Animal,None Indicated,,,,,,,Paved,,Property Damage Only,0,0,0,0,0,0,1500,1,1,,POINT (-95.390931415774 40.70160039464)
2014831810,,11/26/2014,11-November,4-Wednesday,16:46,1600 Hours,District 6 (East Central),IOWA CITY,JOHNSON,,TEG DR,Collision with:  Vehicle in traffic,On Roadway,Head-on (front to front),Other (explain in narrative):  Other,None Indicated,,Dark - roadway lighted,Wet,Snow,None apparent,Non-intersection:  Non-junction/no special feature,Paved,,Property Damage Only,0,0,0,0,0,0,18000,2,4,,POINT (-91.566161556754 41.642990089028)
2014831621,,11/26/2014,11-November,4-Wednesday,18:20,1800 Hours,District 1 (Central),DES MOINES,POLK,I-35,I-35 & I-80,Collision with:  Vehicle in traffic,On Roadway,"Sideswipe, same direction",Unknown,None Indicated,,Dark - roadway lighted,Ice/frost,Snow,,Intersection:  Other intersection (explain in narrative),Paved,,Property Damage Only,0,0,0,0,0,0,2500,2,3,,POINT (-93.78405767951 41.59217218715)
2014830648,14-028872,11/26/2014,11-November,4-Wednesday,21:00,2100 Hours,District 5 (Southeast),,MARION,,Co Rd T17/HWY T17,Collision with:  Vehicle in traffic,On Roadway,Rear-end (front to rear),Swerving/Evasive Action,None Indicated,,Dark - roadway lighted,Ice/frost,Snow,"Surface condition (e.g., wet, icy)",Non-intersection:  Non-junction/no special feature,Paved,,Property Damage Only,0,0,0,0,0,0,2000,2,4,,POINT (-92.91439523547 41.379859504523)
2014830160,14-049848,11/26/2014,11-November,4-Wednesday,09:39,0900 Hours,District 4 (Southwest),COUNCIL BLUFFS,POTTAWATTAMIE,I-29,I-29,Collision with:  Other non-fixed object (explain in narrative),On Roadway,Non-collision (single vehicle),Swerving/Evasive Action,None Indicated,,Daylight,Wet,Clear,Work Zone (roadway-related),Non-intersection:  Non-junction/no special feature,Paved,Yes,Property Damage Only,0,0,0,0,0,0,11250,1,1,,POINT (-95.872628376413 41.232202148307)
2014830992,14-1074,11/26/2014,11-November,4-Wednesday,18:28,1800 Hours,District 1 (Central),WINDSOR HEIGHTS,POLK,IA 28,IA 28/63RD ST & UNIVERSITY AVE,Collision with:  Vehicle in traffic,On Roadway,"Sideswipe, same direction",Lost Control,None Indicated,,Dark - roadway lighted,Snow,Snow,None apparent,Non-intersection:  Non-junction/no special feature,Paved,,Property Damage Only,0,0,0,0,0,0,1700,2,2,,POINT (-93.7037108889 41.600438274611)
2014831740,201400057521,11/26/2014,11-November,4-Wednesday,09:30,0900 Hours,District 5 (Southeast),OTTUMWA,WAPELLO,,W FINLEY AVE,Collision with fixed object:  Other fixed object (explain in narrative),Outside trafficway,Non-collision (single vehicle),Driving too fast for conditions,None Indicated,,Daylight,Snow,Snow,None apparent,Non-intersection:  Non-junction/no special feature,Paved,,Property Damage Only,0,0,0,0,0,0,2500,1,1,,POINT (-92.433870708419 41.002014354912)
2014831525,2014066334,11/26/2014,11-November,4-Wednesday,20:15,2000 Hours,District 1 (Central),,POLK,I-235,I-235,Collision with fixed object:  Concrete traffic barrier (median or right side),Shoulder,Non-collision (single vehicle),Driving too fast for conditions,None Indicated,,Dark - roadway lighted,Snow,Snow,"Surface condition (e.g., wet, icy)",Non-intersection:  Non-junction/no special feature,Paved,,Property Damage Only,0,0,0,0,0,0,2500,1,2,,POINT (-93.57568085244 41.645925487042)
2014833005,,11/26/2014,11-November,4-Wednesday,13:23,1300 Hours,District 2 (Northeast),CLEAR LAKE,CERRO GORDO,,MAIN AVE & N 20TH ST,Collision with:  Vehicle in traffic,On Roadway,Broadside (front to side),FTYROW:  From stop sign,None Indicated,,Daylight,Snow,Snow,"Surface condition (e.g., wet, icy)",Intersection:  Four-way intersection,Paved,,Property Damage Only,0,0,0,0,0,0,8000,3,3,,POINT (-93.364272072564 43.137369310037)
2014830485,,11/26/2014,11-November,4-Wednesday,04:07,0400 Hours,District 4 (Southwest),,AUDUBON,US 71,US 71,Collision with fixed object:  Bridge overhead structure,Roadside,Non-collision (single vehicle),Crossed centerline (undivided),None Indicated,,Dark - roadway not lighted,Snow,Snow,"Surface condition (e.g., wet, icy)",Non-intersection:  Other non-intersection (explain in narrative),Paved,,Property Damage Only,0,0,0,0,0,0,15500,1,1,,POINT (-94.905874497167 41.668095536391)
2014849535,14006716,11/26/2014,11-November,4-Wednesday,10:03,1000 Hours,District 2 (Northeast),GARNER,HANCOCK,US 18,US 18,Collision with fixed object:  Utility pole/light support,On Roadway,Non-collision (single vehicle),Ran off road - right,None Indicated,,Daylight,Ice/frost,Snow,None apparent,Non-intersection:  Non-junction/no special feature,Paved,,Property Damage Only,0,0,0,0,0,0,5000,1,1,,POINT (-93.667167622703 43.105144435634)
2014830098,20140035133,11/26/2014,11-November,4-Wednesday,09:50,0900 Hours,District 1 (Central),DES MOINES,POLK,,CLARK ST,Collision with fixed object:  Utility pole/light support,Roadside,Non-collision (single vehicle),Driving too fast for conditions,None Indicated,,Daylight,Snow,Snow,"Surface condition (e.g., wet, icy)",Non-intersection:  Non-junction/no special feature,Paved,,Property Damage Only,0,0,0,0,0,0,3500,1,1,,POINT (-93.651766848788 41.605536337579)
2014833131,14-42150,11/26/2014,11-November,4-Wednesday,16:04,1600 Hours,District 5 (Southeast),BURLINGTON,DES MOINES,US 34,US 34/NE RAMP/NW RAMP & US 61,Collision with:  Vehicle in traffic,On Roadway,Broadside (front to side),Driving too fast for conditions,None Indicated,,Daylight,Snow,Snow,None apparent,Intersection:  Four-way intersection,Paved,,Property Damage Only,0,0,0,0,0,0,2000,2,2,,POINT (-91.141413817157 40.818497819221)
2014830326,14-002684,11/26/2014,11-November,4-Wednesday,09:40,0900 Hours,District 1 (Central),ALTOONA,POLK,I-80,I-80 & US 6/FREDERICK M HUBBELL AVE & US 65,Collision with:  Parked motor vehicle,On Roadway,Rear-end (front to rear),Other (explain in narrative):  Other,None Indicated,,Daylight,Snow,Snow,None apparent,Non-intersection:  Other non-intersection (explain in narrative),Paved,,Property Damage Only,0,0,0,0,0,0,2500,2,1,,POINT (-93.494817261879 41.66167727569)
2014831943,2014066080,11/26/2014,11-November,4-Wednesday,08:40,0800 Hours,District 1 (Central),,POLK,I-80,I-80,Collision with fixed object:  Concrete traffic barrier (median or right side),Shoulder,Non-collision (single vehicle),Driving too fast for conditions,None Indicated,,Daylight,Slush,Snow,"Surface condition (e.g., wet, icy)",Non-intersection:  Non-junction/no special feature,Paved,,Property Damage Only,0,0,0,0,0,0,4400,1,1,,POINT (-93.534557491451 41.658166674133)
2014830528,14007018,11/26/2014,11-November,4-Wednesday,16:04,1600 Hours,District 3 (Northwest),SHELDON,OBRIEN,,10TH ST & 8TH AVE,Collision with:  Vehicle in traffic,On Roadway,Broadside (front to side),Unknown,None Indicated,,Daylight,Ice/frost,Snow,"Surface condition (e.g., wet, icy)",Non-intersection:  Non-junction/no special feature,Paved,,Property Damage Only,0,0,0,0,0,0,7000,3,7,,POINT (-95.848505667277 43.17823162399)
2014831320,2014066096,11/26/2014,11-November,4-Wednesday,09:35,0900 Hours,District 6 (East Central),CORALVILLE,JOHNSON,I-80,I-80,Collision with fixed object:  Bridge overhead structure,On Roadway,"Sideswipe, same direction",FTYROW:  Other (explain in narrative),None Indicated,,Daylight,Dry,Cloudy,None apparent,Interchange-related:  On-ramp,Paved,,Property Damage Only,0,0,0,0,0,0,2500,2,3,,POINT (-91.636017483866 41.694351010692)
2014830748,14008182,11/26/2014,11-November,4-Wednesday,14:45,1400 Hours,District 1 (Central),,HAMILTON,,SHILOH RD,Non-collision events:  Overturn/rollover,On Roadway,Non-collision (single vehicle),Driving too fast for conditions,None Indicated,,Daylight,Snow,Cloudy,"Surface condition (e.g., wet, icy)",Non-intersection:  Non-junction/no special feature,Unpaved,,Property Damage Only,0,0,0,0,0,0,4000,1,1,,POINT (-93.931035192597 42.305940282796)
2014830348,14-1461,11/26/2014,11-November,4-Wednesday,20:41,2000 Hours,District 1 (Central),CLIVE,POLK,,FOREST AVE,Collision with:  Vehicle in traffic,On Roadway,"Sideswipe, same direction",Unknown,None Indicated,,Dark - roadway lighted,Snow,Snow,None apparent,Non-intersection:  Non-junction/no special feature,Paved,,Property Damage Only,0,0,0,0,0,0,5000,2,3,,POINT (-93.773034971008 41.601533259416)
2014831776,14-0671,11/26/2014,11-November,4-Wednesday,05:09,0500 Hours,District 1 (Central),,WEBSTER,US 20,US 20,Collision with:  Vehicle in traffic,On Roadway,"Sideswipe, same direction",Ran off road - straight,None Indicated,,Dark - roadway not lighted,Snow,Snow,"Surface condition (e.g., wet, icy)",Non-intersection:  Non-junction/no special feature,Paved,,Property Damage Only,0,0,0,0,0,0,6000,2,2,,POINT (-94.360754263459 42.449386608444)
2014830089,14-7827,11/26/2014,11-November,4-Wednesday,07:26,0700 Hours,District 1 (Central),,POLK,,NE 56TH ST,Collision with:  Vehicle in traffic,On Roadway,Rear-end (front to rear),Ran off road - right,None Indicated,,Daylight,Ice/frost,Snow,"Surface condition (e.g., wet, icy)",Intersection:  T-intersection,Paved,,Property Damage Only,0,0,0,0,0,0,2000,2,2,,POINT (-93.50317712241 41.683276137649)
2014830573,14-005583,11/26/2014,11-November,4-Wednesday,09:52,0900 Hours,District 1 (Central),AMES,STORY,,FERNDALE AVE,Collision with:  Vehicle in traffic,On Roadway,Broadside (front to side),Driving too fast for conditions,None Indicated,,Daylight,Slush,Snow,None apparent,Non-intersection:  Driveway access (within),Paved,,Property Damage Only,0,0,0,0,0,0,1600,2,4,,POINT (-93.623526828554 42.045886308352)
2014830807,14-31302,11/26/2014,11-November,4-Wednesday,06:20,0600 Hours,District 1 (Central),MONROE,JASPER,IA 163,IA 163/IOWA 163 W,Collision with fixed object:  Culvert/pipe opening,Median,Non-collision (single vehicle),Crossed centerline (undivided),None Indicated,,Dark - roadway not lighted,Snow,Snow,"Surface condition (e.g., wet, icy)",Non-intersection:  Non-junction/no special feature,Paved,,Major Injury,0,1,1,0,0,0,10000,1,1,,POINT (-93.125194573351 41.512981645761)
2014831022,14-008175,11/26/2014,11-November,4-Wednesday,14:22,1400 Hours,District 2 (Northeast),SWEA CITY,KOSSUTH,IA 9,IA 9/IOWA 9 & 90 AVE,Collision with fixed object:  Ditch,On Roadway,Non-collision (single vehicle),Driving too fast for conditions,None Indicated,,Daylight,Ice/frost,Snow,"Surface condition (e.g., wet, icy)",Non-intersection:  Non-junction/no special feature,Paved,,Property Damage Only,0,0,0,0,0,0,3700,1,1,,POINT (-94.285818751083 43.38543544058)
2014831649,14020599,11/26/2014,11-November,4-Wednesday,14:56,1400 Hours,District 2 (Northeast),MASON CITY,CERRO GORDO,IA 122,IA 122/4TH ST SW,Collision with:  Vehicle in traffic,On Roadway,Rear-end (front to rear),Driving too fast for conditions,None Indicated,,Daylight,Snow,Snow,None apparent,Non-intersection:  Non-junction/no special feature,Paved,,Property Damage Only,0,0,0,0,0,0,5500,2,2,,POINT (-93.248979231202 43.148349027529)
2014831325,2014066386,11/26/2014,11-November,4-Wednesday,23:56,2300 Hours,District 1 (Central),,POLK,I-35,I-35,Collision with:  Vehicle in traffic,On Roadway,Rear-end (front to rear),Driving too fast for conditions,None Indicated,,Dark - roadway not lighted,Ice/frost,Snow,"Surface condition (e.g., wet, icy)",Non-intersection:  Other non-intersection (explain in narrative),Paved,,Possible/Unknown,0,1,0,0,1,0,35000,2,2,,POINT (-93.664001983559 41.650610309911)
2014831118,112614-52,11/26/2014,11-November,4-Wednesday,08:01,0800 Hours,District 3 (Northwest),,BUENA VISTA,,Co Rd C63/610TH ST,Collision with fixed object:  Ditch,On Roadway,Non-collision (single vehicle),Ran off road - right,None Indicated,,Daylight,Snow,Clear,"Surface condition (e.g., wet, icy)",Non-intersection:  Non-junction/no special feature,Paved,,Property Damage Only,0,0,0,0,0,0,1750,1,1,,POINT (-95.253848673378 42.63336133638)
2014834006,2014066006,11/26/2014,11-November,4-Wednesday,05:30,0500 Hours,District 1 (Central),DES MOINES,POLK,US 69,US 69/E 15TH ST & DEAN AVE,Collision with:  Vehicle in traffic,On Roadway,Broadside (front to side),Ran Stop Sign,None Indicated,,Dark - roadway lighted,Snow,Snow,"Surface condition (e.g., wet, icy)",Intersection:  Y-intersection,Paved,,Property Damage Only,0,0,0,0,0,0,6600,3,3,,POINT (-93.594393676539 41.59144471212)
2014831155,2014-040021,11/26/2014,11-November,4-Wednesday,09:35,0900 Hours,District 6 (East Central),DUBUQUE,DUBUQUE,,W 6TH ST & LOCUST ST S,Collision with:  Vehicle in traffic,On Roadway,Broadside (front to side),FTYROW:  From stop sign,None Indicated,,Daylight,Dry,Cloudy,None apparent,Intersection:  Four-way intersection,Paved,,Property Damage Only,0,0,0,0,0,0,6000,2,2,,POINT (-90.667387450872 42.498841143248)
2014830711,2014066172,11/26/2014,11-November,4-Wednesday,14:20,1400 Hours,District 2 (Northeast),,WORTH,I-35,I-35,Collision with:  Vehicle in traffic,On Roadway,Rear-end (front to rear),Driving too fast for conditions,None Indicated,,Daylight,Snow,Snow,None apparent,Non-intersection:  Non-junction/no special feature,Paved,,Property Damage Only,0,0,0,0,0,0,16000,3,3,,POINT (-93.349270790146 43.380929396322)
2014830427,14008183,11/26/2014,11-November,4-Wednesday,21:46,2100 Hours,District 2 (Northeast),ALGONA,KOSSUTH,,W NORTH ST & N WILLIAMS ST,Collision with:  Vehicle in traffic,On Roadway,Broadside (front to side),FTYROW:  At uncontrolled intersection,None Indicated,,Dark - roadway lighted,Snow,Cloudy,"Surface condition (e.g., wet, icy)",Intersection:  Four-way intersection,Paved,,Property Damage Only,0,0,0,0,0,0,7000,2,2,,POINT (-94.240446594024 43.07088384781)
2014830318,14-5996,11/26/2014,11-November,4-Wednesday,17:46,1700 Hours,District 4 (Southwest),WEST DES MOINES,DALLAS,,UNIVERSITY AVE,Collision with:  Vehicle in traffic,On Roadway,Rear-end (front to rear),Driving too fast for conditions,None Indicated,,Dark - roadway lighted,Ice/frost,Snow,"Surface condition (e.g., wet, icy)",Intersection:  T-intersection,Paved,,Possible/Unknown,0,1,0,0,1,0,4500,3,3,,POINT (-93.814361236986 41.600437295513)
2014830882,14-2660,11/26/2014,11-November,4-Wednesday,23:00,2300 Hours,District 1 (Central),URBANDALE,POLK,I-35,I-35,Collision with fixed object:  Concrete traffic barrier (median or right side),Shoulder,Non-collision (single vehicle),Driving too fast for conditions,None Indicated,,Dark - roadway lighted,Ice/frost,Cloudy,None apparent,Non-intersection:  Non-junction/no special feature,Paved,,Property Damage Only,0,0,0,0,0,0,4500,1,2,,POINT (-93.728955393366 41.652378439105)
2014830096,20140035124,11/26/2014,11-November,4-Wednesday,08:05,0800 Hours,District 1 (Central),DES MOINES,POLK,,HIGH ST,Collision with:  Vehicle in traffic,On Roadway,Broadside (front to side),FTYROW:  From driveway,None Indicated,,Daylight,Snow,Snow,None apparent,Non-intersection:  Driveway access (within),Paved,,Property Damage Only,0,0,0,0,0,0,3000,2,2,,POINT (-93.653344900451 41.587089574582)
2014830280,14-38919,11/26/2014,11-November,4-Wednesday,07:48,0700 Hours,District 3 (Northwest),SIOUX CITY,WOODBURY,,SUNNYBROOK DR & S CYPRESS ST,Collision with:  Vehicle in traffic,On Roadway,Rear-end (front to rear),Driving too fast for conditions,None Indicated,,Daylight,Slush,Cloudy,None apparent,Non-intersection:  Non-junction/no special feature,Paved,,Property Damage Only,0,0,0,0,0,0,2200,2,2,,POINT (-96.341385133905 42.45512067404)
2014831526,2014066337,11/26/2014,11-November,4-Wednesday,20:02,2000 Hours,District 1 (Central),,POLK,I-35,I-35,Collision with fixed object:  Concrete traffic barrier (median or right side),On Roadway,Non-collision (single vehicle),Driving too fast for conditions,None Indicated,,Dark - roadway lighted,Snow,Snow,None apparent,Non-intersection:  Non-junction/no special feature,Paved,,Property Damage Only,0,0,0,0,0,0,8000,1,3,,POINT (-93.591080262218 41.650386942368)
2014831076,14-13703,11/26/2014,11-November,4-Wednesday,11:00,1100 Hours,District 3 (Northwest),,SIOUX,IA 60,IA 60/IOWA 60,Collision with:  Vehicle in traffic,On Roadway,Rear-end (front to rear),Followed too close,None Indicated,,Daylight,Ice/frost,Cloudy,"Surface condition (e.g., wet, icy)",Non-intersection:  Driveway access (within),Paved,,Property Damage Only,0,0,0,0,0,0,2500,2,2,,POINT (-95.877411227072 43.148748652444)
2014830905,20144353,11/26/2014,11-November,4-Wednesday,20:00,2000 Hours,District 1 (Central),,GRUNDY,,H AVE,Non-collision events:  Overturn/rollover,Outside trafficway,Non-collision (single vehicle),Ran off road - right,None Indicated,,Dark - roadway not lighted,Ice/frost,Snow,"Surface condition (e.g., wet, icy)",Non-intersection:  Non-junction/no special feature,Unpaved,,Property Damage Only,0,0,0,0,0,0,2000,1,1,,POINT (-92.886053946424 42.375894325094)
2014830375,20140035190,11/26/2014,11-November,4-Wednesday,19:15,1900 Hours,District 1 (Central),DES MOINES,POLK,US 6,US 6/MERLE HAY RD,Collision with:  Vehicle in traffic,On Roadway,Unknown,Unknown,None Indicated,,Dark - roadway lighted,Snow,Snow,None apparent,Non-intersection:  Non-junction/no special feature,Paved,,Property Damage Only,0,0,0,0,0,0,2100,2,4,,POINT (-93.697746446598 41.627117911884)
2014830446,14-002692,11/26/2014,11-November,4-Wednesday,20:22,2000 Hours,District 1 (Central),ALTOONA,POLK,,34TH AVE SW,Collision with:  Vehicle in traffic,On Roadway,Head-on (front to front),Crossed centerline (undivided),None Indicated,,Dark - roadway lighted,Ice/frost,Snow,"Surface condition (e.g., wet, icy)",Non-intersection:  Non-junction/no special feature,Paved,,Property Damage Only,0,0,0,0,0,0,6000,2,2,,POINT (-93.503119353124 41.652715133606)
2014831002,14-005135,11/26/2014,11-November,4-Wednesday,17:55,1700 Hours,District 1 (Central),ANKENY,POLK,I-35,I-35,Collision with:  Vehicle in traffic,On Roadway,Unknown,Driving too fast for conditions,None Indicated,,Dark - roadway lighted,Ice/frost,Snow,"Surface condition (e.g., wet, icy)",Non-intersection:  Non-junction/no special feature,Paved,,Property Damage Only,0,0,0,0,0,0,3500,2,4,,POINT (-93.56963141013 41.76470496182)
2014832307,1409208,11/26/2014,11-November,4-Wednesday,18:54,1800 Hours,District 5 (Southeast),,MUSCATINE,,Co Rd G34/275TH ST,Non-collision events:  Overturn/rollover,On Roadway,Non-collision (single vehicle),Swerving/Evasive Action,None Indicated,,Dark - roadway not lighted,Snow,Snow,None apparent,Non-intersection:  Non-junction/no special feature,Paved,,Property Damage Only,0,0,0,0,0,0,13000,2,2,,POINT (-91.210986841296 41.342213376369)
2014830878,14-2656,11/26/2014,11-November,4-Wednesday,19:01,1900 Hours,District 1 (Central),URBANDALE,POLK,IA 141,IA 141/IOWA 141,Collision with:  Vehicle in traffic,On Roadway,Rear-end (front to rear),Driving too fast for conditions,None Indicated,,Dark - roadway lighted,Snow,Snow,None apparent,Intersection:  T-intersection,Paved,,Property Damage Only,0,0,0,0,0,0,6500,2,3,,POINT (-93.775075713163 41.650707606016)
2014831508,2014066171,11/26/2014,11-November,4-Wednesday,14:35,1400 Hours,District 4 (Southwest),,CASS,,EASTLAND RD & 580TH ST,Collision with fixed object:  Ditch,Roadside,Non-collision (single vehicle),Swerving/Evasive Action,None Indicated,,Daylight,Snow,Cloudy,None apparent,Intersection:  T-intersection,Unpaved,,Major Injury,0,1,1,0,0,0,4500,1,4,,POINT (-95.07949840743 41.446970323116)
2014831650,14020601,11/26/2014,11-November,4-Wednesday,15:00,1500 Hours,District 2 (Northeast),MASON CITY,CERRO GORDO,IA 122,IA 122/IOWA 122,Collision with:  Vehicle in traffic,On Roadway,Rear-end (front to rear),Driving too fast for conditions,None Indicated,,Daylight,Snow,Snow,"Surface condition (e.g., wet, icy)",Non-intersection:  Other non-intersection (explain in narrative),Paved,,Property Damage Only,0,0,0,0,0,0,2500,3,3,,POINT (-93.21066808504 43.147786633361)
2014831024,,11/26/2014,11-November,4-Wednesday,11:55,1100 Hours,District 3 (Northwest),OKOBOJI,DICKINSON,,STAKE OUT RD & EXCHANGE ST,Collision with:  Vehicle in traffic,On Roadway,Broadside (front to side),Lost Control,None Indicated,,Daylight,Snow,Cloudy,"Surface condition (e.g., wet, icy)",Intersection:  T-intersection,Paved,,Property Damage Only,0,0,0,0,0,0,5000,2,3,,POINT (-95.125544457214 43.387224413673)