Iowa DOT Case Number,Law Enforcement Case Number,Date of Crash,Month of Crash,Day of Week,Time of Crash,Hour,DOT District,City Name,County Name,Route with System,Location Description,First Harmful Event,Location of First Harmful Event,Manner of Crash/Collision,Major Cause,Drug or Alcohol ,Environmental Conditions,Light Conditions,Surface Conditions,Weather Conditions,Roadway Contribution,Roadway Type,Roadway Surface,Work Zone,Crash Severity,Number of Fatalities,Number of Injuries,Number of Major Injuries,Number of Minor Injuries,Number of Possible Injuries,Number of Unknown Injuries,Amount of Property Damage,Number of Vehicles Involved,Total Number of Occupants,Travel Direction,Location
2014832447,128-14,11/26/2014,11-November,4-Wednesday,16:32,1600 Hours,District 4 (Southwest),,MADISON,,Co Rd G47/FOX TRL/HARMON AVE,Non-collision events:  Overturn/rollover,On Roadway,Non-collision (single vehicle),Lost Control,None Indicated,,Dusk,Snow,Snow,"Surface condition (e.g., wet, icy)",Intersection:  T-intersection,Unpaved,,Property Damage Only,0,0,0,0,0,0,4000,1,1,,POINT (-94.095260396398 41.308482849965)
2014830370,20140035172,11/26/2014,11-November,4-Wednesday,17:09,1700 Hours,District 1 (Central),DES MOINES,POLK,,HUBBELL AVE,Collision with fixed object:  Bridge overhead structure,On Roadway,Head-on (front to front),Driving too fast for conditions,None Indicated,,Dark - roadway lighted,Ice/frost,Snow,"Surface condition (e.g., wet, icy)",Non-intersection:  Other non-intersection (explain in narrative),Paved,,Possible/Unknown,0,2,0,0,2,0,10500,3,3,,POINT (-93.551191493698 41.625680269375)
2014830879,14-2657,11/26/2014,11-November,4-Wednesday,19:24,1900 Hours,District 1 (Central),URBANDALE,POLK,,DOUGLAS AVE & 72ND ST,Collision with:  Vehicle in traffic,On Roadway,Broadside (front to side),Ran Traffic Signal,None Indicated,,Dark - roadway lighted,Snow,Clear,"Surface condition (e.g., wet, icy)",Intersection:  Four-way intersection,Paved,,Property Damage Only,0,0,0,0,0,0,6000,3,9,,POINT (-93.717014952496 41.629359217012)
2014831020,14008173,11/26/2014,11-November,4-Wednesday,12:59,1200 Hours,District 2 (Northeast),WESLEY,KOSSUTH,,Co Rd R14/240 AVE,Collision with:  Vehicle in traffic,On Roadway,"Sideswipe, opposite direction",Crossed centerline (undivided),None Indicated,,Daylight,Ice/frost,Snow,"Surface condition (e.g., wet, icy)",Non-intersection:  Non-junction/no special feature,Paved,,Property Damage Only,0,0,0,0,0,0,6500,2,2,,POINT (-93.990036645179 43.130144990479)
2014831502,2014066036,11/26/2014,11-November,4-Wednesday,07:09,0700 Hours,District 1 (Central),,STORY,I-35,I-35,Collision with fixed object:  Guardrail - face,On Roadway,Non-collision (single vehicle),Ran off road - right,None Indicated,,Daylight,Wet,Snow,"Surface condition (e.g., wet, icy)",Non-intersection:  Non-junction/no special feature,Paved,,Property Damage Only,0,0,0,0,0,0,10500,1,4,,POINT (-93.570229687346 41.967733926826)
2014832026,14-42227,11/26/2014,11-November,4-Wednesday,18:00,1800 Hours,District 5 (Southeast),WEST BURLINGTON,DES MOINES,,W HUSTON ST & E HUSTON ST & S BROADWAY ST,Collision with:  Vehicle in traffic,On Roadway,Broadside (front to side),Ran Stop Sign,None Indicated,,Dark - roadway lighted,Snow,Snow,None apparent,Intersection:  Four-way intersection,Paved,,Property Damage Only,0,0,0,0,0,0,2000,2,2,,POINT (-91.156631033549 40.823038766803)
2014831523,2014066321,11/26/2014,11-November,4-Wednesday,19:00,1900 Hours,District 1 (Central),,POLK,I-35,I-35,Collision with:  Vehicle in traffic,On Roadway,"Sideswipe, same direction",Driving too fast for conditions,None Indicated,,Dark - roadway not lighted,Ice/frost,Cloudy,"Surface condition (e.g., wet, icy)",Non-intersection:  Non-junction/no special feature,Paved,,Possible/Unknown,0,1,0,0,1,0,8000,2,5,,POINT (-93.677638813118 41.651224272686)
2014830106,20140035127,11/26/2014,11-November,4-Wednesday,08:31,0800 Hours,District 1 (Central),DES MOINES,POLK,,EASTON BLVD,Collision with:  Vehicle in traffic,On Roadway,"Angle, oncoming left turn",Made improper turn,None Indicated,,Daylight,Snow,Snow,None apparent,Non-intersection:  Non-junction/no special feature,Paved,,Possible/Unknown,0,1,0,0,1,0,8000,2,2,,POINT (-93.531152941787 41.615083037592)
2014830995,14016621,11/26/2014,11-November,4-Wednesday,21:03,2100 Hours,District 5 (Southeast),MORAVIA,MONROE,,645TH AVE & N BRANDON AVE,Collision with:  Vehicle in traffic,On Roadway,"Sideswipe, opposite direction",Crossed centerline (undivided),None Indicated,,Dark - roadway not lighted,Snow,Snow,"Surface condition (e.g., wet, icy)",Non-intersection:  Non-junction/no special feature,Paved,,Property Damage Only,0,0,0,0,0,0,5500,2,3,,POINT (-92.820860164358 40.898615827238)
2014830571,14-005581,11/26/2014,11-November,4-Wednesday,09:05,0900 Hours,District 1 (Central),AMES,STORY,,S 3RD ST & WASHINGTON AVE,Collision with:  Vehicle in traffic,On Roadway,Rear-end (front to rear),Followed too close,None Indicated,,Daylight,Snow,Snow,"Surface condition (e.g., wet, icy)",Intersection:  Four-way intersection,Paved,,Property Damage Only,0,0,0,0,0,0,9999,2,2,,POINT (-93.615327998044 42.020180799638)
2014830328,14-002693,11/26/2014,11-November,4-Wednesday,20:25,2000 Hours,District 1 (Central),ALTOONA,POLK,,4TH ST SW & 4TH ST SE & 1ST AVE S,Collision with fixed object:  Utility pole/light support,On Roadway,Non-collision (single vehicle),Driving too fast for conditions,Alcohol (Statutory),,Dark - roadway lighted,Snow,Snow,"Surface condition (e.g., wet, icy)",Intersection:  Four-way intersection,Paved,,Property Damage Only,0,0,0,0,0,0,8400,1,1,,POINT (-93.464598051401 41.648463771362)
2014830616,1438994,11/26/2014,11-November,4-Wednesday,12:40,1200 Hours,District 3 (Northwest),SIOUX CITY,WOODBURY,,S CLINTON ST,Collision with:  Parked motor vehicle,On Roadway,Rear-end (front to rear),Improper Backing,None Indicated,,Daylight,Ice/frost,Cloudy,None apparent,Non-intersection:  Non-junction/no special feature,Paved,,Property Damage Only,0,0,0,0,0,0,2500,2,1,,POINT (-96.346343322728 42.451869289513)
2014830406,20140035128,11/26/2014,11-November,4-Wednesday,08:14,0800 Hours,District 1 (Central),DES MOINES,POLK,I-235,I-235,Collision with fixed object:  Guardrail - face,Shoulder,Non-collision (single vehicle),Lost Control,None Indicated,,Daylight,Slush,Snow,"Surface condition (e.g., wet, icy)",Interchange-related:  Off-ramp,Paved,,Property Damage Only,0,0,0,0,0,0,2800,1,1,,POINT (-93.604694236929 41.594669635301)
2014831499,2014066013,11/26/2014,11-November,4-Wednesday,06:30,0600 Hours,District 1 (Central),DES MOINES,POLK,I-35,I-35,Non-collision events:  Jackknife,On Roadway,Non-collision (single vehicle),Lost Control,None Indicated,,Dark - roadway lighted,Snow,Snow,"Surface condition (e.g., wet, icy)",Non-intersection:  Non-junction/no special feature,Paved,,Property Damage Only,0,0,0,0,0,0,1500,1,1,,POINT (-93.60673231111 41.649548786277)
2014830293,CL14004165,11/26/2014,11-November,4-Wednesday,17:34,1700 Hours,District 6 (East Central),CLINTON,CLINTON,,N 11TH ST,Collision with:  Animal,,,Animal,None Indicated,,,,,,,Paved,,Property Damage Only,0,0,0,0,0,0,1500,1,1,,POINT (-90.211342633219 41.84965394588)
2014830821,1400001049,11/26/2014,11-November,4-Wednesday,00:01,0000 Hours,District 1 (Central),,MARSHALL,,Co Rd E35/MAIN ST RD,Collision with:  Animal,,,Animal,None Indicated,,,,,,,Paved,,Property Damage Only,0,0,0,0,0,0,5000,1,1,,POINT (-92.98053266967 42.049019408301)
2014830869,14-2644,11/26/2014,11-November,4-Wednesday,07:20,0700 Hours,District 1 (Central),URBANDALE,POLK,US 6,US 6/HICKMAN RD,Collision with:  Vehicle in traffic,On Roadway,Rear-end (front to rear),Driving too fast for conditions,None Indicated,,Dawn,Slush,Snow,"Surface condition (e.g., wet, icy)",Intersection:  Four-way intersection,Paved,,Property Damage Only,0,0,0,0,0,0,10000,2,2,,POINT (-93.718341039455 41.614714274719)
2014830574,14-005587,11/26/2014,11-November,4-Wednesday,13:56,1300 Hours,District 1 (Central),AMES,STORY,,IDAHO AVE & IDAHO CIR,Collision with:  Vehicle in traffic,On Roadway,Head-on (front to front),Driving too fast for conditions,None Indicated,,Daylight,Snow,Snow,"Surface condition (e.g., wet, icy)",Non-intersection:  Non-junction/no special feature,Paved,,Property Damage Only,0,0,0,0,0,0,1500,2,2,,POINT (-93.683303895019 42.032432465766)
2014831531,2014066363,11/26/2014,11-November,4-Wednesday,21:00,2100 Hours,District 1 (Central),,POLK,I-35,I-35,Collision with fixed object:  Curb/island/raised median,On Roadway,Non-collision (single vehicle),Lost Control,None Indicated,,Dark - roadway not lighted,Ice/frost,Snow,"Surface condition (e.g., wet, icy)",Non-intersection:  Non-junction/no special feature,Paved,,Property Damage Only,0,0,0,0,0,0,2500,1,1,,POINT (-93.60673231111 41.649548786277)
2014831497,2014065998,11/26/2014,11-November,4-Wednesday,04:00,0400 Hours,District 4 (Southwest),,CASS,I-80,I-80,Non-collision events:  Jackknife,Median,Non-collision (single vehicle),Ran off road - left,None Indicated,,Dark - roadway not lighted,Snow,Snow,"Surface condition (e.g., wet, icy)",Non-intersection:  Non-junction/no special feature,Paved,,Property Damage Only,0,0,0,0,0,0,5000,1,1,,POINT (-94.955447456455 41.497207195409)
2014834477,14-11175,11/26/2014,11-November,4-Wednesday,16:11,1600 Hours,District 5 (Southeast),MOUNT PLEASANT,HENRY,,GRAND AVE & E BAKER ST,Collision with:  Vehicle in traffic,On Roadway,Rear-end (front to rear),Other (explain in narrative):  No improper action,None Indicated,,Daylight,Ice/frost,Snow,"Surface condition (e.g., wet, icy)",Non-intersection:  Non-junction/no special feature,Paved,,Possible/Unknown,0,1,0,0,1,0,2500,2,4,,POINT (-91.538801804358 40.977865541561)
2014831374,14110566,11/26/2014,11-November,4-Wednesday,09:55,0900 Hours,District 5 (Southeast),,WAPELLO,US 63,US 63,Collision with:  Vehicle in traffic,On Roadway,"Sideswipe, same direction",Lost Control,None Indicated,,Daylight,Snow,Snow,"Surface condition (e.g., wet, icy)",Non-intersection:  Non-junction/no special feature,Paved,,Property Damage Only,0,0,0,0,0,0,10500,2,2,,POINT (-92.409400524397 40.912601922782)
2014830880,14-2658,11/26/2014,11-November,4-Wednesday,19:07,1900 Hours,District 1 (Central),URBANDALE,POLK,,86TH ST,Collision with:  Vehicle in traffic,On Roadway,Rear-end (front to rear),Driving too fast for conditions,None Indicated,,Dark - roadway lighted,Snow,Snow,None apparent,Non-intersection:  Non-junction/no special feature,Paved,,Property Damage Only,0,0,0,0,0,0,2500,2,2,,POINT (-93.736495866347 41.636432770544)
2014831507,2014066157,11/26/2014,11-November,4-Wednesday,13:37,1300 Hours,District 1 (Central),,POWESHIEK,I-80,I-80,Collision with:  Vehicle in traffic,On Roadway,Rear-end (front to rear),Followed too close,None Indicated,,Daylight,Wet,Snow,None apparent,Non-intersection:  Non-junction/no special feature,Paved,,Property Damage Only,0,0,0,0,0,0,13500,5,10,,POINT (-92.338756920555 41.695526665267)
2014831869,1411261748,11/26/2014,11-November,4-Wednesday,17:45,1700 Hours,District 6 (East Central),,JONES,,Co Rd E45/CO RD E-45,Collision with:  Animal,,,Animal,None Indicated,,,,,,,Paved,,Property Damage Only,0,0,0,0,0,0,6000,1,1,,POINT (-91.212171310893 42.008742814769)
2014830927,201405606,11/26/2014,11-November,4-Wednesday,07:43,0700 Hours,District 1 (Central),,BOONE,US 30,US 30/230TH ST,Collision with fixed object:  Utility pole/light support,On Roadway,Non-collision (single vehicle),Swerving/Evasive Action,None Indicated,,Daylight,Slush,Snow,"Surface condition (e.g., wet, icy)","Interchange-related:  Off-ramp, diverge area",Paved,,Property Damage Only,0,0,0,0,0,0,6500,1,1,,POINT (-93.734563130368 42.023037257998)
2014834007,2014066073,11/26/2014,11-November,4-Wednesday,08:20,0800 Hours,District 1 (Central),DES MOINES,POLK,,DES MOINES ST & E 10TH ST,Collision with:  Parked motor vehicle,On Roadway,"Sideswipe, same direction",Lost Control,None Indicated,,Daylight,Slush,Snow,None apparent,Non-intersection:  Non-junction/no special feature,Paved,,Property Damage Only,0,0,0,0,0,0,3000,2,1,,POINT (-93.605051629778 41.593109500797)
2014830099,20140035138,11/26/2014,11-November,4-Wednesday,10:25,1000 Hours,District 1 (Central),DES MOINES,POLK,I-235,I-235,Collision with:  Vehicle in traffic,On Roadway,"Sideswipe, same direction",Unknown,None Indicated,,Daylight,Snow,Snow,Unknown,Interchange-related:  On-ramp merge area,Paved,,Property Damage Only,0,0,0,0,0,0,2000,2,4,,POINT (-93.575190781545 41.631327298437)
2014830264,W14-116399,11/26/2014,11-November,4-Wednesday,18:08,1800 Hours,District 2 (Northeast),WATERLOO,BLACK HAWK,,W RIDGEWAY AVE & ANSBOROUGH AVE,Collision with:  Vehicle in traffic,On Roadway,Unknown,Other (explain in narrative):  Other,None Indicated,,Dark - roadway lighted,Snow,Snow,"Surface condition (e.g., wet, icy)",Intersection:  Four-way intersection,Paved,,Property Damage Only,0,0,0,0,0,0,3000,2,2,,POINT (-92.376459541992 42.469367226508)
2014831578,K14261631,11/26/2014,11-November,4-Wednesday,16:30,1600 Hours,District 2 (Northeast),HAMPTON,FRANKLIN,,OLIVE AVE,Collision with:  Vehicle in traffic,On Roadway,Rear-end (front to rear),Followed too close,None Indicated,,Daylight,Snow,Snow,"Surface condition (e.g., wet, icy)",Non-intersection:  Driveway access (within),Paved,,Minor Injury,0,2,0,1,1,0,9000,3,3,,POINT (-93.222018885861 42.73832685412)
2014831414,149413PD,11/26/2014,11-November,4-Wednesday,13:16,1300 Hours,District 1 (Central),BOONE,BOONE,,12TH ST,Collision with:  Parked motor vehicle,On Roadway,"Sideswipe, same direction",Ran off road - right,None Indicated,,Daylight,Ice/frost,Cloudy,"Surface condition (e.g., wet, icy)",Non-intersection:  Non-junction/no special feature,Paved,,Property Damage Only,0,0,0,0,0,0,2000,2,1,,POINT (-93.880794758845 42.067923310577)
2014830812,14-3393,11/26/2014,11-November,4-Wednesday,16:45,1600 Hours,District 2 (Northeast),OSAGE,MITCHELL,IA 9,IA 9/MAIN ST,Collision with fixed object:  Utility pole/light support,Outside trafficway,Non-collision (single vehicle),Driving too fast for conditions,None Indicated,,Daylight,Snow,Snow,"Surface condition (e.g., wet, icy)",Non-intersection:  Non-junction/no special feature,Paved,,Property Damage Only,0,0,0,0,0,0,3650,1,1,,POINT (-92.813858554986 43.28407998164)
2014831512,2014066240,11/26/2014,11-November,4-Wednesday,16:35,1600 Hours,District 3 (Northwest),,EMMET,IA 4,IA 4/IOWA 4,Collision with fixed object:  Ditch,On Roadway,Non-collision (single vehicle),Crossed centerline (undivided),None Indicated,,Daylight,Ice/frost,Clear,"Surface condition (e.g., wet, icy)",Non-intersection:  Non-junction/no special feature,Paved,,Property Damage Only,0,0,0,0,0,0,3000,1,2,,POINT (-94.782696157711 43.279801741684)
2014831246,14-008165,11/26/2014,11-November,4-Wednesday,10:02,1000 Hours,District 2 (Northeast),BANCROFT,KOSSUTH,,90 AVE,Non-collision events:  Overturn/rollover,Shoulder,Non-collision (single vehicle),Made improper turn,None Indicated,,Daylight,Ice/frost,Snow,"Surface condition (e.g., wet, icy)",Intersection:  Other intersection (explain in narrative),Unpaved,,Property Damage Only,0,0,0,0,0,0,5000,1,1,,POINT (-94.285786059414 43.336559997546)
2014831513,2014066249,11/26/2014,11-November,4-Wednesday,17:18,1700 Hours,District 1 (Central),,POWESHIEK,I-80,I-80,Collision with:  Vehicle in traffic,On Roadway,Rear-end (front to rear),Driving too fast for conditions,None Indicated,,Dark - roadway not lighted,Ice/frost,Snow,"Surface condition (e.g., wet, icy)",Non-intersection:  Non-junction/no special feature,Paved,,Property Damage Only,0,0,0,0,0,0,7000,2,2,,POINT (-92.758603113319 41.695338009167)
2014830589,14-38960,11/26/2014,11-November,4-Wednesday,13:58,1300 Hours,District 3 (Northwest),SIOUX CITY,WOODBURY,I-29,I-29 & IA 376/SINGING HILLS BLVD,Collision with:  Vehicle in traffic,On Roadway,"Sideswipe, same direction",Made improper turn,None Indicated,,Daylight,Dry,Cloudy,None apparent,Non-intersection:  Non-junction/no special feature,Paved,,Property Damage Only,0,0,0,0,0,0,18500,2,4,,POINT (-96.374050327387 42.43459580019)
2014831015,14027631,11/26/2014,11-November,4-Wednesday,14:20,1400 Hours,District 2 (Northeast),NORTHWOOD,WORTH,I-35,I-35,Collision with:  Vehicle in traffic,On Roadway,"Sideswipe, same direction",Crossed centerline (undivided),None Indicated,,Daylight,Ice/frost,Snow,"Surface condition (e.g., wet, icy)",Non-intersection:  Non-junction/no special feature,Paved,,Property Damage Only,0,0,0,0,0,0,6500,2,5,,POINT (-93.349611530386 43.403700636194)
2014830341,14-005113,11/26/2014,11-November,4-Wednesday,08:10,0800 Hours,District 1 (Central),ANKENY,POLK,IA 415,IA 415/SW ORALABOR RD,Collision with:  Vehicle in traffic,On Roadway,"Sideswipe, same direction",Lost Control,None Indicated,,Daylight,Slush,Snow,"Surface condition (e.g., wet, icy)",Non-intersection:  Non-junction/no special feature,Paved,,Property Damage Only,0,0,0,0,0,0,6000,2,2,,POINT (-93.623437493771 41.703150801007)
2014830633,2014066407,11/26/2014,11-November,4-Wednesday,07:40,0700 Hours,District 6 (East Central),,CLINTON,US 67,US 67 & Co Rd Z40/400 AVE,Collision with:  Vehicle in traffic,On Roadway,"Sideswipe, opposite direction",Crossed centerline (undivided),None Indicated,,Daylight,Wet,Clear,None apparent,Non-intersection:  Non-junction/no special feature,Paved,,Property Damage Only,0,0,0,0,0,0,4500,3,3,,POINT (-90.315888775427 41.76501492466)
2014832683,2014066367,11/26/2014,11-November,4-Wednesday,20:42,2000 Hours,District 6 (East Central),ELDRIDGE,SCOTT,US 61,US 61 & BLACKHAWK TRL,Collision with fixed object:  Bridge overhead structure,Roadside,Non-collision (single vehicle),Over correcting/over steering,None Indicated,,Dark - roadway not lighted,Dry,Clear,None apparent,Non-intersection:  Other non-intersection (explain in narrative),Paved,,Minor Injury,0,1,0,1,0,0,10000,1,1,,POINT (-90.567844738935 41.625592745961)
2014831183,4514-062,11/26/2014,11-November,4-Wednesday,10:55,1000 Hours,District 2 (Northeast),,HOWARD,US 63,US 63,Collision with:  Vehicle in traffic,Shoulder,Head-on (front to front),Crossed centerline (undivided),None Indicated,,Daylight,Dry,Cloudy,None apparent,Non-intersection:  Non-junction/no special feature,Paved,,Minor Injury,0,4,0,4,0,0,19000,2,4,,POINT (-92.298603950615 43.413348632493)
2014830091,14-7830,11/26/2014,11-November,4-Wednesday,08:50,0800 Hours,District 1 (Central),,POLK,,NE 56TH ST & NE 62ND AVE,Collision with:  Vehicle in traffic,On Roadway,Head-on (front to front),Ran off road - right,None Indicated,,Daylight,Ice/frost,Snow,"Surface condition (e.g., wet, icy)",Intersection:  Four-way intersection,Paved,,Property Damage Only,0,0,0,0,0,0,1500,2,2,,POINT (-93.503097007644 41.672990342551)
2014831830,14-005578,11/26/2014,11-November,4-Wednesday,06:45,0600 Hours,District 1 (Central),AMES,STORY,,DUFF AVE,Collision with:  Vehicle in traffic,On Roadway,Rear-end (front to rear),Other (explain in narrative):  Other,None Indicated,,Dawn,Snow,Cloudy,"Surface condition (e.g., wet, icy)",Non-intersection:  Non-junction/no special feature,Paved,,Property Damage Only,0,0,0,0,0,0,2000,2,2,,POINT (-93.610503754924 42.027240695367)
2014831498,2014066009,11/26/2014,11-November,4-Wednesday,06:04,0600 Hours,District 6 (East Central),WILLIAMSBURG,IOWA,I-80,I-80,Collision with fixed object:  Guardrail - face,Shoulder,Non-collision (single vehicle),Ran off road - right,None Indicated,,Dark - roadway not lighted,Dry,Clear,None apparent,Non-intersection:  Non-junction/no special feature,Paved,,Property Damage Only,0,0,0,0,0,0,5500,1,1,,POINT (-92.006519197255 41.687136041158)
2014832025,14-42151,11/26/2014,11-November,4-Wednesday,16:05,1600 Hours,District 5 (Southeast),WEST BURLINGTON,DES MOINES,US 34,US 34,Collision with fixed object:  Other fixed object (explain in narrative),Outside trafficway,Non-collision (single vehicle),Ran off road - right,None Indicated,,Dusk,Ice/frost,Snow,None apparent,Non-intersection:  Non-junction/no special feature,Paved,,Property Damage Only,0,0,0,0,0,0,1700,1,1,,POINT (-91.180646206372 40.819456638697)
2014830337,14-42110,11/26/2014,11-November,4-Wednesday,09:07,0900 Hours,District 5 (Southeast),BURLINGTON,DES MOINES,,CENTRAL AVE,Collision with:  Vehicle in traffic,On Roadway,"Sideswipe, same direction",Lost Control,None Indicated,,Daylight,Wet,Cloudy,None apparent,Non-intersection:  Non-junction/no special feature,Paved,,Property Damage Only,0,0,0,0,0,0,4000,2,1,,POINT (-91.112214077769 40.80162936115)
2014830898,14-061116-01,11/26/2014,11-November,4-Wednesday,17:15,1700 Hours,District 6 (East Central),,IOWA,,Co Rd V66/M AVE,Collision with fixed object:  Ditch,On Roadway,Non-collision (single vehicle),Driving too fast for conditions,None Indicated,,Dark - roadway not lighted,Ice/frost,Snow,"Surface condition (e.g., wet, icy)",Non-intersection:  Non-junction/no special feature,Paved,,Property Damage Only,0,0,0,0,0,0,2000,1,1,,POINT (-92.065732136072 41.728722561163)
2014833192,2014-81463,11/26/2014,11-November,4-Wednesday,14:07,1400 Hours,District 6 (East Central),DAVENPORT,SCOTT,,W 3RD ST & OAK ST,Collision with:  Vehicle in traffic,On Roadway,Rear-end (front to rear),Followed too close,None Indicated,,Daylight,Wet,Cloudy,None apparent,Intersection:  Other intersection (explain in narrative),Paved,,Possible/Unknown,0,1,0,0,1,0,1500,2,3,,POINT (-90.609169633634 41.522292250614)
2014831053,,11/26/2014,11-November,4-Wednesday,08:15,0800 Hours,District 1 (Central),,MARSHALL,US 30,US 30/240TH ST,Non-collision events:  Overturn/rollover,Roadside,Non-collision (single vehicle),Unknown,None Indicated,,Daylight,Snow,Snow,,Non-intersection:  Non-junction/no special feature,Paved,,Property Damage Only,0,0,0,0,0,0,1500,1,2,,POINT (-92.997162103041 42.007572544007)
2014830128,14-5981,11/26/2014,11-November,4-Wednesday,05:54,0500 Hours,District 1 (Central),WEST DES MOINES,POLK,,22ND ST,Collision with:  Vehicle in traffic,On Roadway,Rear-end (front to rear),Driving too fast for conditions,None Indicated,,Dark - roadway lighted,Ice/frost,Snow,"Surface condition (e.g., wet, icy)",Intersection:  Four-way intersection,Paved,,Property Damage Only,0,0,0,0,0,0,6000,3,3,,POINT (-93.736111460977 41.598415923819)
2014831524,2014066324,11/26/2014,11-November,4-Wednesday,19:40,1900 Hours,District 4 (Southwest),SHELBY,POTTAWATTAMIE,I-80,I-80 & EAST ST,Collision with:  Animal,,,Animal,None Indicated,,,,,,,Paved,,Property Damage Only,0,0,0,0,0,0,7000,1,1,,POINT (-95.451156465985 41.498739682923)
2014831429,2014066309,11/26/2014,11-November,4-Wednesday,18:00,1800 Hours,District 1 (Central),,POLK,I-35,I-35,Collision with fixed object:  Other fixed object (explain in narrative),Median,Non-collision (single vehicle),Swerving/Evasive Action,None Indicated,,Dark - roadway not lighted,Snow,Snow,"Surface condition (e.g., wet, icy)",Non-intersection:  Non-junction/no special feature,Paved,,Property Damage Only,0,0,0,0,0,0,6100,1,1,,POINT (-93.57036775562 41.801647850484)
2014831582,S14-12357,11/26/2014,11-November,4-Wednesday,17:20,1700 Hours,District 3 (Northwest),,WOODBURY,,PORT NEAL CIR,Collision with:  Animal,,,Animal,None Indicated,,,,,,,Paved,,Property Damage Only,0,0,0,0,0,0,5000,1,1,,POINT (-96.358637925365 42.314188616605)
2014831797,14007436,11/26/2014,11-November,4-Wednesday,14:35,1400 Hours,District 2 (Northeast),,CERRO GORDO,,Co Rd B35/255TH ST,Collision with fixed object:  Other fixed object (explain in narrative),On Roadway,Non-collision (single vehicle),Driving too fast for conditions,None Indicated,,Daylight,Ice/frost,Snow,"Surface condition (e.g., wet, icy)",Non-intersection:  Non-junction/no special feature,Paved,,Property Damage Only,0,0,0,0,0,0,13000,1,1,,POINT (-93.292506665149 43.133658158105)
2014831001,14-005134,11/26/2014,11-November,4-Wednesday,16:41,1600 Hours,District 1 (Central),ANKENY,POLK,IA 160,IA 160/SE ORALABOR RD,Collision with:  Vehicle in traffic,On Roadway,Rear-end (front to rear),Other (explain in narrative):  Other,None Indicated,,Daylight,Wet,Cloudy,None apparent,Intersection:  Four-way intersection,Paved,,Property Damage Only,0,0,0,0,0,0,8600,2,2,,POINT (-93.594301171018 41.702890847532)
2014830111,20140035118,11/26/2014,11-November,4-Wednesday,07:00,0700 Hours,District 1 (Central),DES MOINES,POLK,,UNIVERSITY AVE & 6TH AVE,Collision with:  Vehicle in traffic,On Roadway,"Sideswipe, same direction",Unknown,None Indicated,,Daylight,Ice/frost,Snow,"Surface condition (e.g., wet, icy)",Intersection:  Four-way intersection,Paved,,Property Damage Only,0,0,0,0,0,0,3500,2,3,,POINT (-93.625727076491 41.600772077695)
2014830588,14-38935,11/26/2014,11-November,4-Wednesday,10:01,1000 Hours,District 3 (Northwest),SIOUX CITY,WOODBURY,,OUTER DR N,Collision with:  Vehicle in traffic,On Roadway,"Sideswipe, same direction",Improper or erratic lane changing,None Indicated,,Daylight,Wet,Cloudy,None apparent,Non-intersection:  Non-junction/no special feature,Paved,,Property Damage Only,0,0,0,0,0,0,1950,2,2,,POINT (-96.369107477477 42.533196785052)
2014831424,2014066191,11/26/2014,11-November,4-Wednesday,15:15,1500 Hours,District 3 (Northwest),,CALHOUN,US 20,US 20/US20 & GRANITE AVE,Collision with:  Vehicle in traffic,On Roadway,"Sideswipe, same direction",Ran off road - right,None Indicated,,Daylight,Ice/frost,Snow,"Surface condition (e.g., wet, icy)",Non-intersection:  Non-junction/no special feature,Paved,,Property Damage Only,0,0,0,0,0,0,3000,2,2,,POINT (-94.786326321932 42.449387715343)
2014830345,14-049943,11/26/2014,11-November,4-Wednesday,20:52,2000 Hours,District 4 (Southwest),COUNCIL BLUFFS,POTTAWATTAMIE,US 6,US 6/W BROADWAY & IA 192/N 16TH ST & S 16TH ST,Collision with:  Vehicle in traffic,On Roadway,Broadside (front to side),FTYROW:  Other (explain in narrative),Alcohol (Statutory),,Dark - roadway lighted,Dry,Clear,None apparent,Intersection:  Four-way intersection,Paved,,Property Damage Only,0,0,0,0,0,0,10300,2,6,,POINT (-95.867602707583 41.261859372862)
2014831741,201400057523,11/26/2014,11-November,4-Wednesday,09:52,0900 Hours,District 5 (Southeast),OTTUMWA,WAPELLO,IA 149,IA 149/IOWA 149 & W 5TH ST,Collision with:  Parked motor vehicle,On Roadway,Rear-end (front to rear),Driving too fast for conditions,None Indicated,,Daylight,Snow,Snow,"Surface condition (e.g., wet, icy)",Non-intersection:  Non-junction/no special feature,Paved,,Property Damage Only,0,0,0,0,0,0,3000,2,777,,POINT (-92.413253830942 41.023287600886)
2014830340,14-005110,11/26/2014,11-November,4-Wednesday,07:00,0700 Hours,District 1 (Central),ANKENY,POLK,US 69,US 69/N ANKENY BLVD & NW GEORGETOWN BLVD & NE GEORGETOWN BLVD,Collision with:  Vehicle in traffic,On Roadway,Broadside (front to side),FTYROW:  From stop sign,None Indicated,,Dark - roadway lighted,Snow,Snow,None apparent,Intersection:  Four-way intersection,Paved,,Property Damage Only,0,0,0,0,0,0,6000,2,3,,POINT (-93.600325778054 41.74972316778)