Iowa DOT Case Number,Law Enforcement Case Number,Date of Crash,Month of Crash,Day of Week,Time of Crash,Hour,DOT District,City Name,County Name,Route with System,Location Description,First Harmful Event,Location of First Harmful Event,Manner of Crash/Collision,Major Cause,Drug or Alcohol ,Environmental Conditions,Light Conditions,Surface Conditions,Weather Conditions,Roadway Contribution,Roadway Type,Roadway Surface,Work Zone,Crash Severity,Number of Fatalities,Number of Injuries,Number of Major Injuries,Number of Minor Injuries,Number of Possible Injuries,Number of Unknown Injuries,Amount of Property Damage,Number of Vehicles Involved,Total Number of Occupants,Travel Direction,Location
2014830630,S14-K2605,11/26/2014,11-November,4-Wednesday,18:05,1800 Hours,District 5 (Southeast),,CLARKE,,Co Rd R45/STARLINE AVE,Collision with:  Animal,,,Animal,None Indicated,,,,,,,Paved,,Property Damage Only,0,0,0,0,0,0,7500,1,1,,POINT (-93.750564181103 41.081529121089)
2014832994,,11/26/2014,11-November,4-Wednesday,18:59,1800 Hours,District 2 (Northeast),VENTURA,CERRO GORDO,,,Collision with:  Vehicle in traffic,On Roadway,"Sideswipe, same direction",Lost Control,None Indicated,,Dark - roadway not lighted,Snow,Clear,None apparent,Non-intersection:  Non-junction/no special feature,,,Property Damage Only,0,0,0,0,0,0,3000,2,4,,POINT (-96.643700149993 40.233091251414)
2014831356,141126DH01,11/26/2014,11-November,4-Wednesday,14:25,1400 Hours,District 3 (Northwest),ORANGE CITY,SIOUX,,ALBANY AVE SE,Collision with:  Vehicle in traffic,On Roadway,Rear-end (front to rear),Driving too fast for conditions,None Indicated,,Daylight,Ice/frost,Cloudy,"Surface condition (e.g., wet, icy)",Non-intersection:  Non-junction/no special feature,Paved,,Property Damage Only,0,0,0,0,0,0,5000,3,3,,POINT (-96.05684766819 42.998278985871)
2014830086,14-7823,11/26/2014,11-November,4-Wednesday,23:53,2300 Hours,District 1 (Central),BONDURANT,POLK,,NE 96TH ST,Collision with:  Animal,On Roadway,Non-collision (single vehicle),Animal,None Indicated,,,,,,,Paved,,Possible/Unknown,0,1,0,0,1,0,1500,1,2,,POINT (-93.406420433548 41.702745120454)
2014836764,2014-040019,11/26/2014,11-November,4-Wednesday,08:13,0800 Hours,District 6 (East Central),DUBUQUE,DUBUQUE,,JOHN F KENNEDY RD,Collision with:  Vehicle in traffic,On Roadway,Broadside (front to side),FTYROW:  From driveway,None Indicated,,Daylight,Dry,Cloudy,None apparent,Non-intersection:  Driveway access (within),Paved,,Possible/Unknown,0,1,0,0,1,0,7000,2,10,,POINT (-90.720425459606 42.50710410525)
2014830587,14-38929,11/26/2014,11-November,4-Wednesday,09:13,0900 Hours,District 3 (Northwest),SIOUX CITY,WOODBURY,,CHEYENNE BLVD,Collision with:  Vehicle in traffic,On Roadway,Head-on (front to front),Crossed centerline (undivided),None Indicated,,Daylight,Slush,Cloudy,"Surface condition (e.g., wet, icy)",Non-intersection:  Non-junction/no special feature,Paved,,Possible/Unknown,0,2,0,0,2,0,4000,2,2,,POINT (-96.393560588883 42.527684060343)
2014833650,14010574,11/26/2014,11-November,4-Wednesday,23:16,2300 Hours,District 6 (East Central),,BUCHANAN,,Co Rd C57/120TH ST,Non-collision events:  Overturn/rollover,On Roadway,Non-collision (single vehicle),Driving too fast for conditions,None Indicated,,Dark - roadway not lighted,Snow,Cloudy,"Surface condition (e.g., wet, icy)",Non-intersection:  Non-junction/no special feature,Paved,,Property Damage Only,0,0,0,0,0,0,6000,1,1,,POINT (-92.033122977096 42.612733395906)
2014830871,14-2646,11/26/2014,11-November,4-Wednesday,08:00,0800 Hours,District 1 (Central),URBANDALE,POLK,,121ST ST,Collision with:  Vehicle in traffic,On Roadway,Rear-end (front to rear),Ran off road - right,None Indicated,,Daylight,Snow,Snow,None apparent,Non-intersection:  Non-junction/no special feature,Paved,,Property Damage Only,0,0,0,0,0,0,5000,2,9,,POINT (-93.781919772475 41.633727844112)
2014830126,14-3793,11/26/2014,11-November,4-Wednesday,12:03,1200 Hours,District 1 (Central),FORT DODGE,WEBSTER,,1ST AVE N & N 12TH ST,Collision with:  Vehicle in traffic,On Roadway,Broadside (front to side),Driving too fast for conditions,None Indicated,,Daylight,Snow,Snow,"Surface condition (e.g., wet, icy)",Intersection:  Four-way intersection,Paved,,Property Damage Only,0,0,0,0,0,0,2000,2,3,,POINT (-94.182735919737 42.506747301543)
2014830681,14-23016,11/26/2014,11-November,4-Wednesday,21:16,2100 Hours,District 6 (East Central),BETTENDORF,SCOTT,US 67,US 67/GRANT ST,Collision with:  Vehicle in traffic,On Roadway,"Sideswipe, same direction",Improper or erratic lane changing,None Indicated,,Dark - roadway lighted,Dry,Clear,None apparent,Intersection:  Four-way intersection,Paved,,Property Damage Only,0,0,0,0,0,0,2100,2,2,,POINT (-90.51411727706 41.526201941772)
2014830704,2014066016,11/26/2014,11-November,4-Wednesday,04:35,0400 Hours,District 5 (Southeast),,WARREN,I-35,I-35 & Co Rd G64/SHAW ST,Collision with:  Vehicle in traffic,On Roadway,"Sideswipe, same direction",Swerving/Evasive Action,None Indicated,,Dark - roadway not lighted,Snow,Snow,"Surface condition (e.g., wet, icy)",Non-intersection:  Non-junction/no special feature,Paved,,Property Damage Only,0,0,0,0,0,0,12000,2,2,,POINT (-93.780094941252 41.227846194206)
2014831519,2014066302,11/26/2014,11-November,4-Wednesday,18:46,1800 Hours,District 4 (Southwest),,MILLS,I-29,I-29,Collision with:  Animal,,,Animal,None Indicated,,,,,,,Paved,,Property Damage Only,0,0,0,0,0,0,4500,1,1,,POINT (-95.800774714349 40.984752266544)
2014830132,14-5986,11/26/2014,11-November,4-Wednesday,09:10,0900 Hours,District 1 (Central),WEST DES MOINES,POLK,IA 28,IA 28/63RD ST,Collision with:  Vehicle in traffic,On Roadway,Rear-end (front to rear),Other (explain in narrative):  Other,None Indicated,,Daylight,Snow,Snow,"Surface condition (e.g., wet, icy)",Non-intersection:  Non-junction/no special feature,Paved,,Property Damage Only,0,0,0,0,0,0,5000,2,2,,POINT (-93.703397525223 41.584839675357)
2014830287,H14-0293,11/26/2014,11-November,4-Wednesday,12:03,1200 Hours,District 1 (Central),HUXLEY,STORY,US 69,US 69 & NATIONAL DR,Collision with:  Vehicle in traffic,On Roadway,Rear-end (front to rear),Driving too fast for conditions,None Indicated,,Daylight,Wet,Snow,"Surface condition (e.g., wet, icy)",Non-intersection:  Non-junction/no special feature,Paved,,Property Damage Only,0,0,0,0,0,0,1500,2,2,,POINT (-93.606974005307 41.901112000329)
2014834166,14-005142,11/26/2014,11-November,4-Wednesday,19:59,1900 Hours,District 1 (Central),ANKENY,POLK,,NE 9TH ST & NE TRILEIN DR,Collision with:  Vehicle in traffic,On Roadway,Broadside (front to side),Driving too fast for conditions,None Indicated,,Dark - roadway lighted,Ice/frost,Snow,"Surface condition (e.g., wet, icy)",Intersection:  Other intersection (explain in narrative),Paved,,Property Damage Only,0,0,0,0,0,0,3000,2,3,,POINT (-93.590157423106 41.738670196457)
2014831094,P14-013194,11/26/2014,11-November,4-Wednesday,07:01,0700 Hours,District 1 (Central),WEBSTER CITY,HAMILTON,,OHIO ST,Collision with:  Parked motor vehicle,Shoulder,Rear-end (front to rear),Equipment failure,None Indicated,,Dawn,Snow,Snow,"Surface condition (e.g., wet, icy)",Non-intersection:  Non-junction/no special feature,Paved,,Property Damage Only,0,0,0,0,0,0,4000,2,2,,POINT (-93.817938018776 42.459841376446)
2014831121,14-017836,11/26/2014,11-November,4-Wednesday,08:51,0800 Hours,District 3 (Northwest),SPENCER,CLAY,,E 11TH ST & 4TH AVE E,Collision with:  Vehicle in traffic,On Roadway,Broadside (front to side),FTYROW:  From stop sign,None Indicated,,Daylight,Snow,Snow,None apparent,Intersection:  Four-way intersection,Paved,,Possible/Unknown,0,1,0,0,1,0,2500,2,3,,POINT (-95.139700609935 43.149049282259)
2014830646,14-028840,11/26/2014,11-November,4-Wednesday,15:14,1500 Hours,District 5 (Southeast),,MARION,IA 5,IA 5/SPECIAL CASE,Collision with fixed object:  Ditch,Outside trafficway,Non-collision (single vehicle),Driving too fast for conditions,None Indicated,,Daylight,Snow,Cloudy,"Surface condition (e.g., wet, icy)",Non-intersection:  Other non-intersection (explain in narrative),Paved,,Property Damage Only,0,0,0,0,0,0,2000,1,2,,POINT (-93.13812385076 41.320366728734)
2014830398,20140035211,11/26/2014,11-November,4-Wednesday,22:15,2200 Hours,District 1 (Central),DES MOINES,POLK,IA 28,IA 28/IOWA 5 & ARMY POST RD,Non-collision events:  Overturn/rollover,Roadside,Non-collision (single vehicle),Ran off road - straight,None Indicated,,Dark - roadway lighted,Snow,Snow,"Surface condition (e.g., wet, icy)",Intersection:  T-intersection,Paved,,Minor Injury,0,1,0,1,0,0,3500,1,1,,POINT (-93.68523133781 41.516448896284)
2014830093,20140035136,11/26/2014,11-November,4-Wednesday,10:10,1000 Hours,District 1 (Central),DES MOINES,POLK,,HICKMAN RD,Collision with:  Vehicle in traffic,On Roadway,"Sideswipe, same direction",Lost Control,None Indicated,,Daylight,Snow,Snow,"Surface condition (e.g., wet, icy)",Non-intersection:  Non-junction/no special feature,Paved,,Possible/Unknown,0,1,0,0,1,0,6000,2,2,,POINT (-93.634299035168 41.614659270207)
2014830953,146949,11/26/2014,11-November,4-Wednesday,08:38,0800 Hours,District 1 (Central),,HARDIN,US 20,US 20/NW RAMP,Collision with fixed object:  Utility pole/light support,Roadside,Non-collision (single vehicle),Driving too fast for conditions,None Indicated,,Daylight,Snow,Snow,"Surface condition (e.g., wet, icy)",Interchange-related:  On-ramp merge area,Paved,,Property Damage Only,0,0,0,0,0,0,7883,1,1,,POINT (-93.263178104901 42.448705639186)
2014831373,14110564,11/26/2014,11-November,4-Wednesday,09:20,0900 Hours,District 5 (Southeast),,WAPELLO,US 34,US 34,Collision with fixed object:  Other fixed object (explain in narrative),Roadside,Non-collision (single vehicle),Ran off road - right,None Indicated,,Daylight,Snow,Snow,"Surface condition (e.g., wet, icy)",Non-intersection:  Non-junction/no special feature,Paved,,Property Damage Only,0,0,0,0,0,0,1500,1,4,,POINT (-92.348724181518 41.000555810517)
2014830339,14-42159,11/26/2014,11-November,4-Wednesday,17:14,1700 Hours,District 5 (Southeast),BURLINGTON,DES MOINES,,ELM ST,Collision with:  Vehicle in traffic,On Roadway,Rear-end (front to rear),Lost Control,None Indicated,,Dark - roadway lighted,Snow,Snow,"Surface condition (e.g., wet, icy)",Non-intersection:  Non-junction/no special feature,Paved,,Property Damage Only,0,0,0,0,0,0,1500,2,2,,POINT (-91.106500540338 40.805796408946)
2014833271,,11/26/2014,11-November,4-Wednesday,09:54,0900 Hours,District 3 (Northwest),ARNOLDS PARK,DICKINSON,,,Collision with:  Vehicle in traffic,On Roadway,Head-on (front to front),Driving too fast for conditions,None Indicated,,Daylight,Ice/frost,Snow,None apparent,Non-intersection:  Non-junction/no special feature,,,Possible/Unknown,0,2,0,0,2,0,10000,2,4,,POINT (-96.643700149993 40.233091251414)
2014830101,20140035116,11/26/2014,11-November,4-Wednesday,05:45,0500 Hours,District 1 (Central),DES MOINES,POLK,I-235,I-235,Collision with:  Vehicle in traffic,On Roadway,Rear-end (front to rear),Followed too close,None Indicated,,Dark - roadway lighted,Snow,Snow,"Surface condition (e.g., wet, icy)",Non-intersection:  Non-junction/no special feature,Paved,,Possible/Unknown,0,1,0,0,1,0,7000,2,2,,POINT (-93.667240683763 41.593188734804)
2014830267,14179337,11/26/2014,11-November,4-Wednesday,18:00,1800 Hours,District 6 (East Central),SWISHER,JOHNSON,,Co Rd F20/AMANA RD & Co Rd W60/HWY 965 NW,Collision with:  Animal,On Roadway,Non-collision (single vehicle),Animal,None Indicated,,Dark - roadway not lighted,Wet,Clear,None apparent,Non-intersection:  Non-junction/no special feature,Paved,,Property Damage Only,0,0,0,0,0,0,10000,1,1,,POINT (-91.666236648821 41.814189611296)
2014830087,14-7825,11/26/2014,11-November,4-Wednesday,06:30,0600 Hours,District 1 (Central),,POLK,IA 163,IA 163/NE UNIVERSITY AVE,Collision with fixed object:  Tree,Outside trafficway,Non-collision (single vehicle),Ran off road - right,None Indicated,,Dawn,Snow,Snow,"Surface condition (e.g., wet, icy)",Non-intersection:  Non-junction/no special feature,Paved,,Property Damage Only,0,0,0,0,0,0,3500,1,1,,POINT (-93.372191776146 41.600728510669)
2014831651,14020603,11/26/2014,11-November,4-Wednesday,15:40,1500 Hours,District 2 (Northeast),MASON CITY,CERRO GORDO,,9TH ST SW,Collision with:  Vehicle in traffic,On Roadway,Rear-end (front to rear),Other (explain in narrative):  Other,None Indicated,,Daylight,Snow,Snow,"Surface condition (e.g., wet, icy)",Non-intersection:  Non-junction/no special feature,Paved,,Property Damage Only,0,0,0,0,0,0,3500,2,2,,POINT (-93.242710335477 43.142950578239)
2014831529,2014066354,11/26/2014,11-November,4-Wednesday,21:24,2100 Hours,District 1 (Central),,POLK,I-35,I-35,Collision with:  Vehicle in traffic,On Roadway,"Sideswipe, same direction",Driving too fast for conditions,None Indicated,,Dark - roadway lighted,Snow,Snow,"Surface condition (e.g., wet, icy)",Non-intersection:  Non-junction/no special feature,Paved,,Property Damage Only,0,0,0,0,0,0,11800,2,3,,POINT (-93.610082393852 41.649504031709)
2014831318,2014066023,11/26/2014,11-November,4-Wednesday,06:50,0600 Hours,District 1 (Central),ANKENY,POLK,I-80,I-80,Collision with:  Vehicle in traffic,On Roadway,"Sideswipe, same direction",Crossed centerline (undivided),None Indicated,,Dark - roadway lighted,Snow,Snow,"Surface condition (e.g., wet, icy)",Non-intersection:  Non-junction/no special feature,Paved,,Property Damage Only,0,0,0,0,0,0,3000,2,3,,POINT (-93.57139388235 41.652720266814)
2014830708,2014066079,11/26/2014,11-November,4-Wednesday,07:40,0700 Hours,District 3 (Northwest),,SIOUX,,Co Rd K24/DOGWOOD AVE,Non-collision events:  Overturn/rollover,Roadside,Non-collision (single vehicle),Crossed centerline (undivided),None Indicated,,Daylight,Ice/frost,Cloudy,"Surface condition (e.g., wet, icy)",Non-intersection:  Non-junction/no special feature,Paved,,Minor Injury,0,3,0,2,1,0,2100,1,3,,POINT (-96.353103101358 43.175923664545)
2014831665,126-14,11/26/2014,11-November,4-Wednesday,08:10,0800 Hours,District 4 (Southwest),,MADISON,US 169,US 169,Collision with:  Vehicle in traffic,On Roadway,Head-on (front to front),Crossed centerline (undivided),None Indicated,,Daylight,Ice/frost,Snow,"Surface condition (e.g., wet, icy)",Non-intersection:  Non-junction/no special feature,Paved,,Property Damage Only,0,0,0,0,0,0,13000,2,2,,POINT (-94.012791200509 41.374434504371)
2014831260,,11/26/2014,11-November,4-Wednesday,11:00,1100 Hours,District 6 (East Central),CEDAR RAPIDS,LINN,,BLAIRS FERRY RD NE,Collision with:  Vehicle in traffic,On Roadway,Rear-end (front to rear),Unknown,None Indicated,,Daylight,Dry,Clear,,Intersection:  Four-way intersection,Paved,,Minor Injury,0,1,0,1,0,0,125,2,3,,POINT (-91.670138892799 42.034768556883)
2014830673,201404344,11/26/2014,11-November,4-Wednesday,19:47,1900 Hours,District 6 (East Central),MARION,LINN,,EAST POST RD,Collision with fixed object:  Other fixed object (explain in narrative),On Roadway,Non-collision (single vehicle),Driving too fast for conditions,None Indicated,,Dark - roadway not lighted,Snow,Snow,"Surface condition (e.g., wet, icy)",Non-intersection:  Non-junction/no special feature,Paved,,Property Damage Only,0,0,0,0,0,0,14500,1,1,,POINT (-91.599172057173 42.01071487474)
2014831107,1400001050,11/26/2014,11-November,4-Wednesday,16:41,1600 Hours,District 1 (Central),,MARSHALL,IA 14,IA 14/REED AVE & 275TH ST,Collision with fixed object:  Ditch,On Roadway,Non-collision (single vehicle),Driving too fast for conditions,None Indicated,,Dusk,Snow,Snow,None apparent,Intersection:  T-intersection,Paved,,Property Damage Only,0,0,0,0,0,0,4000,1,1,,POINT (-92.917423440168 41.960708081294)
2014830394,20140035159,11/26/2014,11-November,4-Wednesday,15:36,1500 Hours,District 1 (Central),DES MOINES,POLK,,BURNHAM AVE & SW 13TH ST,Collision with:  Vehicle in traffic,On Roadway,Broadside (front to side),FTYROW:  From stop sign,None Indicated,,Daylight,Snow,Clear,None apparent,Intersection:  Four-way intersection,Paved,,Property Damage Only,0,0,0,0,0,0,3000,2,3,,POINT (-93.632551429236 41.522929759772)
2014831517,2014066286,11/26/2014,11-November,4-Wednesday,18:09,1800 Hours,District 1 (Central),ALTOONA,POLK,I-80,I-80,Collision with:  Vehicle in traffic,On Roadway,"Sideswipe, same direction",Lost Control,None Indicated,,Dark - roadway not lighted,Snow,Snow,"Surface condition (e.g., wet, icy)",Non-intersection:  Non-junction/no special feature,Paved,,Property Damage Only,0,0,0,0,0,0,6500,2,2,,POINT (-93.450331648895 41.670885354578)
2014831501,2014066034,11/26/2014,11-November,4-Wednesday,07:10,0700 Hours,District 6 (East Central),DE WITT,CLINTON,US 30,US 30/RAMP,Collision with fixed object:  Ditch,On Roadway,Non-collision (single vehicle),Ran off road - right,None Indicated,,Daylight,Dry,Clear,None apparent,Interchange-related:  On-ramp,Paved,,Possible/Unknown,0,1,0,0,1,0,15000,1,1,,POINT (-90.56890790253 41.805522584941)
2014830850,S14-004694,11/26/2014,11-November,4-Wednesday,19:40,1900 Hours,District 4 (Southwest),,POTTAWATTAMIE,US 6,US 6 & 238TH ST,Collision with:  Vehicle in traffic,On Roadway,"Sideswipe, same direction",Other (explain in narrative):  Other,None Indicated,,Dark - roadway not lighted,Dry,Cloudy,None apparent,Intersection:  T-intersection,Paved,,Property Damage Only,0,0,0,0,0,0,2000,2,2,,POINT (-95.731976796389 41.282497547257)
2014831005,14-005144,11/26/2014,11-November,4-Wednesday,20:10,2000 Hours,District 1 (Central),ANKENY,POLK,I-35,I-35,Collision with:  Vehicle in traffic,On Roadway,"Sideswipe, same direction",FTYROW:  Other (explain in narrative),None Indicated,,Dark - roadway not lighted,Snow,Snow,"Surface condition (e.g., wet, icy)",Interchange-related:  On-ramp merge area,Paved,,Property Damage Only,0,0,0,0,0,0,3500,2,2,,POINT (-93.576113534576 41.699858005995)
2014831250,,11/26/2014,11-November,4-Wednesday,07:15,0700 Hours,District 4 (Southwest),,ADAIR,,Co Rd P28/STUART RD,Non-collision events:  Other non-collision (explain in narrative),On Roadway,Non-collision (single vehicle),Swerving/Evasive Action,None Indicated,,Dawn,Ice/frost,Snow,"Surface condition (e.g., wet, icy)",Non-intersection:  Non-junction/no special feature,Paved,,Minor Injury,0,1,0,1,0,0,20000,1,1,,POINT (-94.317974312383 41.378135086993)
2014830713,2014066205,11/26/2014,11-November,4-Wednesday,15:25,1500 Hours,District 5 (Southeast),,CLARKE,US 69,US 69,Collision with:  Animal,,,Animal,None Indicated,,,,,,,Paved,,Property Damage Only,0,0,0,0,0,0,5000,1,1,,POINT (-93.646654408968 41.152790668247)
2014831652,14020604,11/26/2014,11-November,4-Wednesday,16:19,1600 Hours,District 2 (Northeast),MASON CITY,CERRO GORDO,,E STATE ST & S CAROLINA AVE,Collision with:  Vehicle in traffic,On Roadway,Broadside (front to side),Swerving/Evasive Action,None Indicated,,Daylight,Snow,Snow,None apparent,Intersection:  T-intersection,Paved,,Property Damage Only,0,0,0,0,0,0,2050,2,3,,POINT (-93.190979048696 43.151855364124)
2014831504,2014066084,11/26/2014,11-November,4-Wednesday,07:58,0700 Hours,District 6 (East Central),,BENTON,US 30,US 30/73 ST,Non-collision events:  Overturn/rollover,Median,Non-collision (single vehicle),Equipment failure,None Indicated,,Daylight,Dry,Cloudy,None apparent,Non-intersection:  Non-junction/no special feature,Paved,,Possible/Unknown,0,1,0,0,1,0,5000,1,1,,POINT (-91.886621491068 41.963264791432)
2014830904,20144349,11/26/2014,11-November,4-Wednesday,17:00,1700 Hours,District 1 (Central),,GRUNDY,US 20,US 20,Collision with:  Vehicle in traffic,On Roadway,Rear-end (front to rear),Unknown,None Indicated,,Dark - roadway not lighted,Snow,Snow,"Surface condition (e.g., wet, icy)",Non-intersection:  Non-junction/no special feature,Paved,,Property Damage Only,0,0,0,0,0,0,8000,2,2,,POINT (-92.57002337099 42.463655483199)
2014834414,2014-007509,11/26/2014,11-November,4-Wednesday,18:30,1800 Hours,District 6 (East Central),,BENTON,,Co Rd E66/77 ST DR & Co Rd V40/13 AVE,Collision with fixed object:  Ditch,Outside trafficway,Non-collision (single vehicle),Ran Stop Sign,None Indicated,,Dark - roadway lighted,Snow,Snow,None apparent,Intersection:  T-intersection,Paved,,Property Damage Only,0,0,0,0,0,0,6300,1,1,,POINT (-92.239506278944 41.898981996147)
2014830797,14-0677,11/26/2014,11-November,4-Wednesday,20:30,2000 Hours,District 1 (Central),,WEBSTER,IA 7,IA 7/190TH ST,Collision with fixed object:  Ditch,On Roadway,Non-collision (single vehicle),Ran off road - left,None Indicated,,Dark - roadway not lighted,Snow,Snow,"Surface condition (e.g., wet, icy)",Non-intersection:  Non-junction/no special feature,Paved,,Property Damage Only,0,0,0,0,0,0,5000,1,1,,POINT (-94.233052249161 42.515375691522)
2014830706,2014066044,11/26/2014,11-November,4-Wednesday,07:43,0700 Hours,District 1 (Central),,POLK,I-80,I-80,Collision with fixed object:  Ditch,Shoulder,Non-collision (single vehicle),Ran off road - right,None Indicated,,Dawn,Slush,Snow,"Surface condition (e.g., wet, icy)",Non-intersection:  Non-junction/no special feature,Paved,,Property Damage Only,0,0,0,0,0,0,5000,1,1,,POINT (-93.559207861035 41.654536595497)
2014830576,14-005589,11/26/2014,11-November,4-Wednesday,16:58,1600 Hours,District 1 (Central),AMES,STORY,US 30,US 30,Collision with:  Vehicle in traffic,On Roadway,"Sideswipe, same direction",Lost Control,None Indicated,,Dark - roadway not lighted,Snow,Snow,"Surface condition (e.g., wet, icy)",Non-intersection:  Non-junction/no special feature,Paved,,Property Damage Only,0,0,0,0,0,0,5814,2,2,,POINT (-93.592900976888 42.006167486065)
2014831942,2014066049,11/26/2014,11-November,4-Wednesday,07:55,0700 Hours,District 3 (Northwest),,WOODBURY,US 20,US 20,Non-collision events:  Overturn/rollover,On Roadway,Non-collision (single vehicle),Over correcting/over steering,None Indicated,,Daylight,Slush,Snow,None apparent,Non-intersection:  Non-junction/no special feature,Paved,,Possible/Unknown,0,1,0,0,1,0,5000,1,1,,POINT (-96.133791692157 42.474902820502)
2014830266,14179353,11/26/2014,11-November,4-Wednesday,18:10,1800 Hours,District 6 (East Central),,JOHNSON,,Co Rd W62/SHARON CENTER RD,Collision with fixed object:  Ditch,Outside trafficway,Non-collision (single vehicle),Swerving/Evasive Action,None Indicated,,Dark - roadway not lighted,Snow,Snow,None apparent,Intersection:  T-intersection,Paved,,Minor Injury,0,1,0,1,0,0,5000,1,2,,POINT (-91.623191742437 41.596959375968)
2014837220,14008658,11/26/2014,11-November,4-Wednesday,17:01,1700 Hours,District 3 (Northwest),,PALO ALTO,US 18,US 18/360 ST,Collision with:  Vehicle in traffic,On Roadway,Rear-end (front to rear),Driving too fast for conditions,None Indicated,,Dusk,Ice/frost,Snow,"Surface condition (e.g., wet, icy)",Non-intersection:  Non-junction/no special feature,Paved,,Minor Injury,0,1,0,1,0,0,2000,2,4,,POINT (-94.722953481518 43.126533308804)
2014831177,14-42176,11/26/2014,11-November,4-Wednesday,20:06,2000 Hours,District 5 (Southeast),,DES MOINES,US 61,US 61,Collision with:  Vehicle in traffic,On Roadway,Unknown,Swerving/Evasive Action,None Indicated,,Dark - roadway not lighted,Slush,Snow,"Surface condition (e.g., wet, icy)",Non-intersection:  Non-junction/no special feature,Paved,,Minor Injury,0,1,0,1,0,0,3000,2,3,,POINT (-91.157117160616 40.740318088)
2014831762,14-001402,11/26/2014,11-November,4-Wednesday,07:44,0700 Hours,District 1 (Central),,STORY,,Co Rd E41/LINCOLN HWY,Collision with fixed object:  Ditch,On Roadway,Non-collision (single vehicle),Driving too fast for conditions,None Indicated,,Daylight,Snow,Snow,None apparent,Non-intersection:  Non-junction/no special feature,Paved,,Property Damage Only,0,0,0,0,0,0,2100,1,1,,POINT (-93.305682422755 42.022458833696)
2014830872,14-2647,11/26/2014,11-November,4-Wednesday,12:04,1200 Hours,District 1 (Central),URBANDALE,POLK,,100TH ST,Collision with:  Vehicle in traffic,On Roadway,Rear-end (front to rear),Other (explain in narrative):  Other,None Indicated,,Daylight,Snow,Snow,None apparent,Non-intersection:  Non-junction/no special feature,Paved,,Property Damage Only,0,0,0,0,0,0,1600,2,3,,POINT (-93.755922132287 41.629218030638)
2014830960,11-14-222,11/26/2014,11-November,4-Wednesday,15:55,1500 Hours,District 3 (Northwest),LE MARS,PLYMOUTH,,HOLTON DR,Collision with:  Vehicle in traffic,On Roadway,Broadside (front to side),Other (explain in narrative):  Other,None Indicated,,Daylight,Ice/frost,Cloudy,"Surface condition (e.g., wet, icy)",Non-intersection:  Non-junction/no special feature,Paved,,Property Damage Only,0,0,0,0,0,0,3000,2,2,,POINT (-96.184994323334 42.781786428703)
2014834206,2014-013989,11/26/2014,11-November,4-Wednesday,14:53,1400 Hours,District 6 (East Central),SHERRILL,DUBUQUE,,Co Rd C9Y/BALLTOWN RD,Collision with:  Vehicle in traffic,On Roadway,Rear-end (front to rear),Crossed centerline (undivided),None Indicated,,Daylight,Dry,Cloudy,None apparent,Non-intersection:  Non-junction/no special feature,Paved,,Possible/Unknown,0,1,0,0,1,0,6500,2,2,,POINT (-90.791826522963 42.616736298705)
2014830070,14-069,11/26/2014,11-November,4-Wednesday,10:20,1000 Hours,District 3 (Northwest),,CALHOUN,,Co Rd N57/OGDEN AVE,Collision with fixed object:  Ditch,On Roadway,Non-collision (single vehicle),Crossed centerline (undivided),None Indicated,,Daylight,Ice/frost,Snow,"Surface condition (e.g., wet, icy)",Non-intersection:  Non-junction/no special feature,Paved,,Property Damage Only,0,0,0,0,0,0,3500,1,1,,POINT (-94.630254572827 42.428912083523)
2014830929,201405613,11/26/2014,11-November,4-Wednesday,16:19,1600 Hours,District 1 (Central),,BOONE,US 30,US 30/220TH ST,Non-collision events:  Jackknife,On Roadway,Non-collision (single vehicle),Swerving/Evasive Action,None Indicated,,Daylight,Ice/frost,Snow,"Surface condition (e.g., wet, icy)",Non-intersection:  Non-junction/no special feature,Paved,,Property Damage Only,0,0,0,0,0,0,5000,1,1,,POINT (-94.078065293623 42.034582072812)
2014830848,S14-004691,11/26/2014,11-November,4-Wednesday,16:00,1600 Hours,District 4 (Southwest),,POTTAWATTAMIE,US 6,US 6 & 330TH ST,Collision with:  Vehicle in traffic,On Roadway,Rear-end (front to rear),Followed too close,None Indicated,,Dusk,Dry,Severe winds,None apparent,Intersection:  Four-way intersection,Paved,,Property Damage Only,0,0,0,0,0,0,12000,2,3,,POINT (-95.555953933071 41.289389114076)
2014830964,14-42147,11/26/2014,11-November,4-Wednesday,15:59,1500 Hours,District 5 (Southeast),WEST BURLINGTON,DES MOINES,US 34,US 34/SE LOOP,Collision with fixed object:  Traffic sign support,On Roadway,Non-collision (single vehicle),Other (explain in narrative):  No improper action,None Indicated,,Daylight,Snow,Snow,"Surface condition (e.g., wet, icy)",Interchange-related:  Off-ramp,Paved,,Property Damage Only,0,0,0,0,0,0,5300,1,1,,POINT (-91.167948343829 40.815535401626)
2014830410,20140035188,11/26/2014,11-November,4-Wednesday,19:40,1900 Hours,District 1 (Central),DES MOINES,POLK,,ARMY POST RD & FLEUR DR,Collision with:  Vehicle in traffic,On Roadway,Rear-end (front to rear),Unknown,None Indicated,,Dark - roadway lighted,Ice/frost,Snow,"Surface condition (e.g., wet, icy)",Non-intersection:  Non-junction/no special feature,Paved,,Property Damage Only,0,0,0,0,0,0,2000,2,4,,POINT (-93.644974905912 41.52599531044)