Iowa DOT Case Number,Law Enforcement Case Number,Date of Crash,Month of Crash,Day of Week,Time of Crash,Hour,DOT District,City Name,County Name,Route with System,Location Description,First Harmful Event,Location of First Harmful Event,Manner of Crash/Collision,Major Cause,Drug or Alcohol ,Environmental Conditions,Light Conditions,Surface Conditions,Weather Conditions,Roadway Contribution,Roadway Type,Roadway Surface,Work Zone,Crash Severity,Number of Fatalities,Number of Injuries,Number of Major Injuries,Number of Minor Injuries,Number of Possible Injuries,Number of Unknown Injuries,Amount of Property Damage,Number of Vehicles Involved,Total Number of Occupants,Travel Direction,Location
2014830423,149221,11/26/2014,11-November,4-Wednesday,21:58,2100 Hours,District 4 (Southwest),,DALLAS,IA 141,IA 141/IOWA 141,Collision with fixed object:  Tree,On Roadway,Non-collision (single vehicle),Driving too fast for conditions,None Indicated,,Dark - roadway not lighted,Ice/frost,Snow,"Surface condition (e.g., wet, icy)",Non-intersection:  Non-junction/no special feature,Paved,,Possible/Unknown,0,1,0,0,1,0,4000,1,1,,POINT (-93.863716452958 41.777407632917)
2014830374,20140035189,11/26/2014,11-November,4-Wednesday,19:40,1900 Hours,District 1 (Central),DES MOINES,POLK,US 69,US 69/E 14TH ST & MATTERN AVE,Collision with fixed object:  Utility pole/light support,Outside trafficway,Non-collision (single vehicle),Ran off road - right,None Indicated,,Dark - roadway lighted,Ice/frost,"Sleet, hail",None apparent,Intersection:  T-intersection,Paved,,Possible/Unknown,0,1,0,0,1,0,2000,1,1,,POINT (-93.600589528789 41.611372546549)
2014830794,14-0673,11/26/2014,11-November,4-Wednesday,17:30,1700 Hours,District 1 (Central),,WEBSTER,US 20,US 20 & Co Rd D36/GRANT AVE,Collision with fixed object:  Guardrail - face,Median,Non-collision (single vehicle),Driving too fast for conditions,None Indicated,,Dark - roadway not lighted,Ice/frost,Snow,None apparent,Non-intersection:  Other non-intersection (explain in narrative),Paved,,Property Damage Only,0,0,0,0,0,0,4500,1,1,,POINT (-94.286605370744 42.452602522556)
2014831725,002211,11/26/2014,11-November,4-Wednesday,15:36,1500 Hours,District 2 (Northeast),,MITCHELL,US 218,US 218,Non-collision events:  Overturn/rollover,Roadside,Non-collision (single vehicle),Driving too fast for conditions,None Indicated,,Daylight,Snow,Snow,"Surface condition (e.g., wet, icy)",Non-intersection:  Non-junction/no special feature,Paved,,Possible/Unknown,0,1,0,0,1,0,5000,1,1,,POINT (-92.925261180723 43.431863210174)
2014831518,2014066293,11/26/2014,11-November,4-Wednesday,18:20,1800 Hours,District 1 (Central),,POWESHIEK,I-80,I-80,Collision with fixed object:  Guardrail - face,Outside trafficway,Non-collision (single vehicle),Driving too fast for conditions,None Indicated,,Dark - roadway not lighted,Ice/frost,Snow,"Surface condition (e.g., wet, icy)",Non-intersection:  Non-junction/no special feature,Paved,,Property Damage Only,0,0,0,0,0,0,5300,1,2,,POINT (-92.660117442778 41.695683414609)
2014830381,20140035212,11/26/2014,11-November,4-Wednesday,22:08,2200 Hours,District 1 (Central),DES MOINES,POLK,,SHERWOOD DR & MLK JR PKWY,Non-collision events:  Other non-collision (explain in narrative),Shoulder,Non-collision (single vehicle),Ran off road - straight,None Indicated,,Dark - roadway lighted,Ice/frost,Clear,"Surface condition (e.g., wet, icy)",Non-intersection:  Non-junction/no special feature,Paved,,Property Damage Only,0,0,0,0,0,0,2050,1,1,,POINT (-93.651768202505 41.633089344705)
2014831467,201405624,11/26/2014,11-November,4-Wednesday,20:38,2000 Hours,District 1 (Central),,BOONE,US 30,US 30/220TH ST,,On Roadway,Non-collision (single vehicle),Swerving/Evasive Action,None Indicated,,Dark - roadway not lighted,Snow,Snow,None apparent,Non-intersection:  Non-junction/no special feature,Paved,,Property Damage Only,0,0,0,0,0,0,2200,1,1,,POINT (-93.788881701666 42.024946426275)
2014830444,14-002686,11/26/2014,11-November,4-Wednesday,14:50,1400 Hours,District 1 (Central),ALTOONA,POLK,,12TH AVE NW,Collision with fixed object:  Other fixed object (explain in narrative),Roadside,Non-collision (single vehicle),"Operating vehicle in an reckless, erratic, careless, negligent manner",None Indicated,,Daylight,Snow,Snow,"Surface condition (e.g., wet, icy)",Non-intersection:  Non-junction/no special feature,Paved,,Possible/Unknown,0,1,0,0,0,1,8500,1,3,,POINT (-93.478254448805 41.655280239422)
2014830875,14-2652,11/26/2014,11-November,4-Wednesday,18:00,1800 Hours,District 1 (Central),URBANDALE,POLK,I-35,I-35,Non-collision events:  Other non-collision (explain in narrative),On Roadway,Non-collision (single vehicle),Driving too fast for conditions,None Indicated,,Dark - roadway lighted,Snow,Snow,"Surface condition (e.g., wet, icy)",Non-intersection:  Non-junction/no special feature,Paved,,Property Damage Only,0,0,0,0,0,0,2000,1,1,,POINT (-93.770919271293 41.650600452005)
2014830319,14-5997,11/26/2014,11-November,4-Wednesday,17:55,1700 Hours,District 1 (Central),WEST DES MOINES,POLK,,42ND ST,Collision with:  Vehicle in traffic,On Roadway,Unknown,Lost Control,None Indicated,,Dark - roadway lighted,Snow,Snow,"Surface condition (e.g., wet, icy)",Non-intersection:  Non-junction/no special feature,Paved,,Property Damage Only,0,0,0,0,0,0,6000,2,2,,POINT (-93.761636989433 41.595583517619)
2014832039,,11/26/2014,11-November,4-Wednesday,07:47,0700 Hours,District 5 (Southeast),CHARITON,LUCAS,,AUBURN AVE & N 11TH ST,Collision with:  Vehicle in traffic,On Roadway,Broadside (front to side),Crossed centerline (undivided),None Indicated,,Daylight,Snow,Snow,None apparent,Intersection:  Four-way intersection,Paved,,Property Damage Only,0,0,0,0,0,0,4000,2,3,,POINT (-93.309841805642 41.018248042873)
2014830840,2014-0503,11/26/2014,11-November,4-Wednesday,08:42,0800 Hours,District 5 (Southeast),NORWALK,WARREN,IA 28,IA 28/IOWA 28,Collision with fixed object:  Guardrail - face,On Roadway,Non-collision (single vehicle),Ran off road - left,None Indicated,,Daylight,Snow,Snow,None apparent,Non-intersection:  Non-junction/no special feature,Paved,,Property Damage Only,0,0,0,0,0,0,2300,1,1,,POINT (-93.674350272968 41.508433613654)
2014832038,,11/26/2014,11-November,4-Wednesday,07:08,0700 Hours,District 2 (Northeast),NEW HAMPTON,CHICKASAW,,W SPRING ST & E SPRING ST & S CHESTNUT AVE,Collision with:  Vehicle in traffic,On Roadway,Broadside (front to side),Ran Stop Sign,None Indicated,,Daylight,Ice/frost,Cloudy,None apparent,Intersection:  Four-way intersection,Paved,,Property Damage Only,0,0,0,0,0,0,13000,2,2,,POINT (-92.315324221066 43.058404546908)
2014830705,2014066043,11/26/2014,11-November,4-Wednesday,07:32,0700 Hours,District 3 (Northwest),ALTON,SIOUX,IA 60,IA 60/IOWA 60,Collision with:  Vehicle in traffic,On Roadway,"Sideswipe, same direction",Driving too fast for conditions,None Indicated,,Daylight,Snow,Snow,"Surface condition (e.g., wet, icy)",Non-intersection:  Non-junction/no special feature,Paved,,Property Damage Only,0,0,0,0,0,0,2200,2,2,,POINT (-96.001787271252 42.977263054416)
2014832805,14223,11/26/2014,11-November,4-Wednesday,12:00,1200 Hours,District 5 (Southeast),PELLA,MARION,,FOUNTAIN VIEW DR & EVENING CT,Collision with fixed object:  Mailbox,Roadside,Non-collision (single vehicle),Driving too fast for conditions,None Indicated,,Daylight,Ice/frost,Snow,None apparent,Intersection:  T-intersection,Paved,,Property Damage Only,0,0,0,0,0,0,3000,1,2,,POINT (-92.919060097268 41.427477077478)
2014830709,2014066117,11/26/2014,11-November,4-Wednesday,11:20,1100 Hours,District 2 (Northeast),HANLONTOWN,WORTH,I-35,I-35,Collision with:  Vehicle in traffic,On Roadway,"Sideswipe, same direction",Unknown,None Indicated,,Daylight,Wet,Cloudy,None apparent,Non-intersection:  Non-junction/no special feature,Paved,,Property Damage Only,0,0,0,0,0,0,1500,2,4,,POINT (-93.349873055073 43.288072613081)
2014831647,14020596,11/26/2014,11-November,4-Wednesday,14:23,1400 Hours,District 2 (Northeast),MASON CITY,CERRO GORDO,,19TH ST SW,Collision with:  Vehicle in traffic,On Roadway,Rear-end (front to rear),Driving too fast for conditions,None Indicated,,Daylight,Ice/frost,Snow,"Surface condition (e.g., wet, icy)",Non-intersection:  Non-junction/no special feature,Paved,,Property Damage Only,0,0,0,0,0,0,2000,2,3,,POINT (-93.240276641785 43.133824780306)
2014830570,14-005577,11/26/2014,11-November,4-Wednesday,06:41,0600 Hours,District 1 (Central),AMES,STORY,,DUFF AVE,Collision with:  Vehicle in traffic,On Roadway,"Sideswipe, opposite direction",Other (explain in narrative):  No improper action,None Indicated,,Dawn,Snow,Cloudy,"Surface condition (e.g., wet, icy)",Non-intersection:  Non-junction/no special feature,Paved,,Possible/Unknown,0,2,0,0,2,0,10000,2,2,,POINT (-93.610418855798 42.027205120392)
2014833615,14-028829,11/26/2014,11-November,4-Wednesday,12:32,1200 Hours,District 5 (Southeast),,MARION,IA 5,IA 5/IOWA 5 & WILSON DR,Collision with fixed object:  Ditch,On Roadway,Non-collision (single vehicle),Ran off road - right,None Indicated,,Daylight,Wet,Snow,None apparent,Non-intersection:  Non-junction/no special feature,Paved,,Possible/Unknown,0,1,0,0,1,0,1500,1,1,,POINT (-92.915995169329 41.167681758727)
2014831580,S14-12344,11/26/2014,11-November,4-Wednesday,14:01,1400 Hours,District 3 (Northwest),BRONSON,WOODBURY,,Co Rd K42/DELAWARE AVE & 170TH ST,Non-collision events:  Overturn/rollover,On Roadway,Non-collision (single vehicle),Driving too fast for conditions,None Indicated,,Daylight,Ice/frost,Snow,"Surface condition (e.g., wet, icy)",Intersection:  Four-way intersection,Paved,,Possible/Unknown,0,1,0,0,1,0,40000,1,1,,POINT (-96.213793484511 42.46016879605)
2014831409,14-42092,11/26/2014,11-November,4-Wednesday,00:53,0000 Hours,District 5 (Southeast),,DES MOINES,,HUNT RD,Non-collision events:  Other non-collision (explain in narrative),On Roadway,Non-collision (single vehicle),Ran off road - left,None Indicated,,Dark - roadway not lighted,"Mud, dirt",Clear,None apparent,Non-intersection:  Non-junction/no special feature,Unpaved,,Property Damage Only,0,0,0,0,0,0,7000,1,1,,POINT (-91.19416113284 40.742993647521)
2014831763,14-001403,11/26/2014,11-November,4-Wednesday,07:55,0700 Hours,District 1 (Central),,STORY,I-35,I-35,Collision with:  Vehicle in traffic,On Roadway,"Sideswipe, same direction",Lost Control,None Indicated,,Daylight,Slush,Snow,"Surface condition (e.g., wet, icy)",Non-intersection:  Non-junction/no special feature,Paved,,Property Damage Only,0,0,0,0,0,0,2750,2,2,,POINT (-93.562586524397 42.098817221921)
2014831506,2014066153,11/26/2014,11-November,4-Wednesday,12:25,1200 Hours,District 3 (Northwest),EMMETSBURG,PALO ALTO,US 18,US 18/9TH ST OR MAIN & LAWLER ST,Collision with:  Vehicle in traffic,On Roadway,Broadside (front to side),Ran Traffic Signal,None Indicated,,Daylight,Snow,Snow,"Surface condition (e.g., wet, icy)",Intersection:  Four-way intersection,Paved,,Property Damage Only,0,0,0,0,0,0,4000,3,5,,POINT (-94.682735296561 43.111968182224)
2014830870,14-2645,11/26/2014,11-November,4-Wednesday,08:10,0800 Hours,District 1 (Central),URBANDALE,POLK,,TOWNSEND AVE & 86TH ST,Collision with:  Vehicle in traffic,On Roadway,Broadside (front to side),Driving too fast for conditions,None Indicated,,Daylight,Snow,Snow,"Surface condition (e.g., wet, icy)",Intersection:  Other intersection (explain in narrative),Paved,,Possible/Unknown,0,1,0,0,1,0,6000,2,2,,POINT (-93.736496962359 41.640747187373)
2014830135,SO1405104,11/26/2014,11-November,4-Wednesday,11:13,1100 Hours,District 5 (Southeast),,JEFFERSON,,Co Rd W21/PLEASANT PLAIN RD,Collision with fixed object:  Utility pole/light support,On Roadway,Non-collision (single vehicle),Driving too fast for conditions,None Indicated,,Daylight,Snow,Snow,"Surface condition (e.g., wet, icy)",Non-intersection:  Non-junction/no special feature,Paved,,Property Damage Only,0,0,0,0,0,0,2000,1,1,,POINT (-91.860253358326 41.123610033151)
2014830579,14-005596,11/26/2014,11-November,4-Wednesday,19:00,1900 Hours,District 1 (Central),AMES,STORY,US 30,US 30,Collision with fixed object:  Guardrail - face,Shoulder,Unknown,Ran off road - left,None Indicated,,Dark - roadway lighted,Snow,Snow,"Surface condition (e.g., wet, icy)",Intersection:  Intersection with ramp,Paved,,Property Damage Only,0,0,0,0,0,0,2500,2,5,,POINT (-93.633266277996 42.003312961084)
2014830888,PD14-11728,11/26/2014,11-November,4-Wednesday,17:02,1700 Hours,District 1 (Central),MARSHALLTOWN,MARSHALL,,S 5TH AVE,Collision with:  Parked motor vehicle,On Roadway,Broadside (front to side),Other (explain in narrative):  No improper action,None Indicated,,Dark - roadway lighted,Snow,Snow,"Surface condition (e.g., wet, icy)",Non-intersection:  Non-junction/no special feature,Paved,,Property Damage Only,0,0,0,0,0,0,1500,2,0,,POINT (-92.902623381699 42.019798328255)
2014830109,20140035113,11/26/2014,11-November,4-Wednesday,06:20,0600 Hours,District 1 (Central),DES MOINES,POLK,I-235,I-235,,Shoulder,Non-collision (single vehicle),Ran off road - right,None Indicated,,Dark - roadway lighted,Snow,Cloudy,"Surface condition (e.g., wet, icy)",Non-intersection:  Non-junction/no special feature,Paved,,Property Damage Only,0,0,0,0,0,0,5000,1,1,,POINT (-93.592022824897 41.597221584333)
2014830368,20140035140,11/26/2014,11-November,4-Wednesday,11:33,1100 Hours,District 1 (Central),DES MOINES,POLK,,LEADO AVE & URBANDALE AVE,Collision with:  Vehicle in traffic,On Roadway,"Sideswipe, opposite direction",Lost Control,None Indicated,,Daylight,Snow,Snow,"Surface condition (e.g., wet, icy)",Non-intersection:  Non-junction/no special feature,Paved,,Minor Injury,0,1,0,1,0,0,5000,2,4,,POINT (-93.66278006313 41.620434336919)
2014875323,2014066102,11/26/2014,11-November,4-Wednesday,08:19,0800 Hours,District 2 (Northeast),,KOSSUTH,US 18,US 18,Collision with:  Vehicle in traffic,On Roadway,Rear-end (front to rear),Crossed centerline (undivided),None Indicated,,Daylight,Snow,Snow,"Surface condition (e.g., wet, icy)",Non-intersection:  Non-junction/no special feature,Paved,,Possible/Unknown,0,3,0,0,3,0,113000,7,7,,POINT (-94.06391447959 43.083314161927)
2014831510,2014066199,11/26/2014,11-November,4-Wednesday,15:30,1500 Hours,District 1 (Central),,HAMILTON,I-35,I-35,Collision with fixed object:  Guardrail - face,Shoulder,Non-collision (single vehicle),Driving too fast for conditions,None Indicated,,Daylight,Snow,Snow,None apparent,Non-intersection:  Non-junction/no special feature,Paved,,Property Damage Only,0,0,0,0,0,0,2000,1,1,,POINT (-93.569382372722 42.311890776345)
2014831946,2014066374,11/26/2014,11-November,4-Wednesday,22:14,2200 Hours,District 1 (Central),,POLK,I-35,I-35,Collision with fixed object:  Concrete traffic barrier (median or right side),Shoulder,Non-collision (single vehicle),Ran off road - right,None Indicated,,Dark - roadway lighted,Ice/frost,Snow,"Surface condition (e.g., wet, icy)",Non-intersection:  Non-junction/no special feature,Paved,,Property Damage Only,0,0,0,0,0,0,2500,1,3,,POINT (-93.665347485941 41.65065657257)
2014830804,14-23031,11/26/2014,11-November,4-Wednesday,23:00,2300 Hours,District 2 (Northeast),,BREMER,US 63,US 63 & 180TH ST,Collision with:  Vehicle in traffic,On Roadway,Broadside (front to side),Ran Stop Sign,None Indicated,,Dark - roadway lighted,Ice/frost,Clear,"Surface condition (e.g., wet, icy)",Intersection:  Other intersection (explain in narrative),Paved,,Minor Injury,0,1,0,1,0,0,18000,2,2,,POINT (-92.337372648165 42.788082158315)
2014831188,125-14,11/26/2014,11-November,4-Wednesday,07:20,0700 Hours,District 4 (Southwest),SAINT CHARLES,MADISON,,E MAIN ST,Collision with:  Vehicle in traffic,On Roadway,Broadside (front to side),FTYROW:  From driveway,None Indicated,,Dawn,Snow,Snow,None apparent,Non-intersection:  Driveway access (within),Paved,,Property Damage Only,0,0,0,0,0,0,1700,2,4,,POINT (-93.80273233015 41.288573764361)
2014830876,14-2653,11/26/2014,11-November,4-Wednesday,18:03,1800 Hours,District 1 (Central),URBANDALE,POLK,,DOUGLAS PKWY,Collision with:  Vehicle in traffic,On Roadway,Rear-end (front to rear),Other (explain in narrative):  Other,None Indicated,,Dark - roadway lighted,Ice/frost,Snow,"Surface condition (e.g., wet, icy)",Intersection:  T-intersection,Paved,,Property Damage Only,0,0,0,0,0,0,5000,2,2,,POINT (-93.780860588911 41.629528706572)
2014830075,14-009948,11/26/2014,11-November,4-Wednesday,06:43,0600 Hours,District 2 (Northeast),,CLAYTON,,HORSESHOE RD,Collision with fixed object:  Tree,On Roadway,Non-collision (single vehicle),Swerving/Evasive Action,None Indicated,,Daylight,Snow,Cloudy,"Surface condition (e.g., wet, icy)",Non-intersection:  Non-junction/no special feature,Unpaved,,Property Damage Only,0,0,0,0,0,0,2000,1,1,,POINT (-91.291976368698 42.661813276482)
2014830223,2014-81436,11/26/2014,11-November,4-Wednesday,10:01,1000 Hours,District 6 (East Central),DAVENPORT,SCOTT,US 6,US 6/SPRUCE HILLS DR & ELMORE AVE,Collision with:  Vehicle in traffic,On Roadway,Rear-end (front to rear),Followed too close,None Indicated,,Daylight,Wet,Cloudy,None apparent,Intersection:  Four-way intersection,Paved,,Property Damage Only,0,0,0,0,0,0,3000,2,2,,POINT (-90.527307818173 41.554946599302)
2014831324,2014066353,11/26/2014,11-November,4-Wednesday,20:45,2000 Hours,District 1 (Central),,POLK,I-80,I-80,Collision with fixed object:  Concrete traffic barrier (median or right side),Shoulder,Non-collision (single vehicle),Swerving/Evasive Action,None Indicated,,Dark - roadway not lighted,Wet,Clear,None apparent,Non-intersection:  Non-junction/no special feature,Paved,,Property Damage Only,0,0,0,0,0,0,10000,1,5,,POINT (-93.562038635415 41.654126474053)
2014830703,2014066014,11/26/2014,11-November,4-Wednesday,06:00,0600 Hours,District 2 (Northeast),,KOSSUTH,US 18,US 18,Collision with:  Parked motor vehicle,On Roadway,Rear-end (front to rear),FTYROW:  Other (explain in narrative),None Indicated,,Dark - roadway not lighted,Snow,Snow,"Surface condition (e.g., wet, icy)",Non-intersection:  Non-junction/no special feature,Paved,,Property Damage Only,0,0,0,0,0,0,3500,2,1,,POINT (-93.976355805089 43.09708878714)
2014831645,14020592,11/26/2014,11-November,4-Wednesday,13:01,1300 Hours,District 2 (Northeast),MASON CITY,CERRO GORDO,,12TH ST NE,Collision with fixed object:  Mailbox,On Roadway,Non-collision (single vehicle),Ran off road - left,None Indicated,,Daylight,Wet,Cloudy,None apparent,Non-intersection:  Non-junction/no special feature,Paved,,Possible/Unknown,0,1,0,0,1,0,1500,1,1,,POINT (-93.156852285176 43.162641004727)
2014831596,14-11985,11/26/2014,11-November,4-Wednesday,10:00,1000 Hours,District 3 (Northwest),CARROLL,CARROLL,,13TH ST & ADAMS ST,Collision with:  Vehicle in traffic,On Roadway,Broadside (front to side),Lost Control,None Indicated,,Daylight,Ice/frost,Rain,"Surface condition (e.g., wet, icy)",Intersection:  Four-way intersection,Paved,,Property Damage Only,0,0,0,0,0,0,1800,2,3,,POINT (-94.865631476937 42.073113751346)
2014832254,80-14-000374,11/26/2014,11-November,4-Wednesday,19:50,1900 Hours,District 2 (Northeast),HUMBOLDT,HUMBOLDT,US 169,US 169/13TH ST S & WILDCAT RD & 4TH AVE SW,Collision with:  Vehicle in traffic,On Roadway,Broadside (front to side),Driving too fast for conditions,None Indicated,,Dark - roadway lighted,Ice/frost,Cloudy,"Surface condition (e.g., wet, icy)",Intersection:  Four-way intersection,Paved,,Property Damage Only,0,0,0,0,0,0,2500,2,4,,POINT (-94.226978029159 42.716588218376)
2014831697,14-008638,11/26/2014,11-November,4-Wednesday,05:37,0500 Hours,District 3 (Northwest),,PALO ALTO,US 18,US 18/360 ST,Collision with:  Vehicle in traffic,On Roadway,Head-on (front to front),Crossed centerline (undivided),None Indicated,,Dark - roadway not lighted,Snow,Snow,"Surface condition (e.g., wet, icy)",Non-intersection:  Non-junction/no special feature,Paved,,Minor Injury,0,4,0,4,0,0,13000,2,4,,POINT (-94.744210897161 43.126598354114)
2014833193,2014-81498,11/26/2014,11-November,4-Wednesday,16:50,1600 Hours,District 6 (East Central),DAVENPORT,SCOTT,I-80,I-80,Collision with:  Vehicle in traffic,On Roadway,"Sideswipe, same direction",Lost Control,None Indicated,,Dark - roadway not lighted,Dry,Cloudy,None apparent,Interchange-related:  On-ramp merge area,Paved,,Property Damage Only,0,0,0,0,0,0,15000,2,3,,POINT (-90.61236558874 41.599885846097)
2014830781,149200,11/26/2014,11-November,4-Wednesday,19:27,1900 Hours,District 4 (Southwest),DALLAS CENTER,DALLAS,,13TH ST,Collision with:  Vehicle in traffic,On Roadway,Head-on (front to front),Driving too fast for conditions,None Indicated,,Dark - roadway lighted,Ice/frost,Snow,"Surface condition (e.g., wet, icy)",Non-intersection:  Non-junction/no special feature,Paved,,Property Damage Only,0,0,0,0,0,0,9000,2,2,,POINT (-93.959933829706 41.683178857155)
2014830269,14-7845,11/26/2014,11-November,4-Wednesday,17:27,1700 Hours,District 1 (Central),DES MOINES,POLK,US 65,US 65 & NE 56TH ST & 34TH AVE SW,Collision with:  Vehicle in traffic,On Roadway,Head-on (front to front),Crossed centerline (undivided),None Indicated,,Dark - roadway not lighted,Ice/frost,Snow,"Surface condition (e.g., wet, icy)",Non-intersection:  Other non-intersection (explain in narrative),Paved,,Possible/Unknown,0,1,0,0,1,0,28500,4,8,,POINT (-93.50323124941 41.633142023869)
2014830839,2014-0502,11/26/2014,11-November,4-Wednesday,05:53,0500 Hours,District 5 (Southeast),NORWALK,WARREN,IA 28,IA 28/IOWA 28,Collision with:  Vehicle in traffic,On Roadway,"Sideswipe, same direction",Driving too fast for conditions,Under Influence of Alcohol/Drugs/Medications,,Dark - roadway lighted,Snow,Snow,"Surface condition (e.g., wet, icy)",Non-intersection:  Non-junction/no special feature,Paved,,Property Damage Only,0,0,0,0,0,0,3000,2,3,,POINT (-93.678011205475 41.511321468078)
2014830129,14-5982,11/26/2014,11-November,4-Wednesday,07:15,0700 Hours,District 1 (Central),WEST DES MOINES,POLK,I-35,I-35,Collision with:  Vehicle in traffic,On Roadway,Unknown,Unknown,None Indicated,,Dawn,Snow,Snow,"Surface condition (e.g., wet, icy)",Non-intersection:  Non-junction/no special feature,Paved,,Property Damage Only,0,0,0,0,0,0,2000,2,2,,POINT (-93.77755135856 41.586902120141)
2014831086,SO1405105,11/26/2014,11-November,4-Wednesday,12:23,1200 Hours,District 5 (Southeast),,JEFFERSON,,Co Rd H33/BROOKVILLE RD,Collision with fixed object:  Ditch,Shoulder,Non-collision (single vehicle),Crossed centerline (undivided),None Indicated,,Daylight,Snow,Snow,"Surface condition (e.g., wet, icy)",Non-intersection:  Non-junction/no special feature,Paved,,Property Damage Only,0,0,0,0,0,0,2000,1,2,,POINT (-92.027536174299 41.031740394615)
2014830634,201466507,11/26/2014,11-November,4-Wednesday,08:10,0800 Hours,District 5 (Southeast),,CLARKE,US 69,US 69,Collision with fixed object:  Ditch,Outside trafficway,Non-collision (single vehicle),Ran off road - right,None Indicated,,Daylight,Snow,Snow,"Surface condition (e.g., wet, icy)",Non-intersection:  Non-junction/no special feature,Paved,,Major Injury,0,1,1,0,0,0,8000,1,1,,POINT (-93.762698936373 41.015897846741)
2014830270,14-7846,11/26/2014,11-November,4-Wednesday,18:06,1800 Hours,District 1 (Central),GRIMES,POLK,,GATEWAY DR,Collision with fixed object:  Utility pole/light support,Outside trafficway,Non-collision (single vehicle),Driving too fast for conditions,None Indicated,,Dark - roadway lighted,Snow,"Blowing sand, soil, dirt","Surface condition (e.g., wet, icy)",Non-intersection:  Non-junction/no special feature,Paved,,Property Damage Only,0,0,0,0,0,0,5000,1,1,,POINT (-93.777596026502 41.680522083888)
2014830409,20140035152,11/26/2014,11-November,4-Wednesday,14:49,1400 Hours,District 1 (Central),DES MOINES,POLK,,FLEUR DR,Collision with:  Vehicle in traffic,On Roadway,Rear-end (front to rear),Other (explain in narrative):  Other,None Indicated,,Daylight,Wet,Cloudy,None apparent,Non-intersection:  Non-junction/no special feature,Paved,,Possible/Unknown,0,2,0,0,2,0,5000,2,3,,POINT (-93.645030642153 41.562970024747)
2014831765,14-001405,11/26/2014,11-November,4-Wednesday,11:44,1100 Hours,District 1 (Central),,STORY,US 65,US 65,Non-collision events:  Overturn/rollover,On Roadway,Non-collision (single vehicle),Ran off road - right,None Indicated,,Daylight,Snow,Snow,"Surface condition (e.g., wet, icy)",Non-intersection:  Non-junction/no special feature,Paved,,Minor Injury,0,1,0,1,0,0,2000,1,2,,POINT (-93.30926610419 41.974299649579)
2014830153,2014-81423,11/26/2014,11-November,4-Wednesday,07:23,0700 Hours,District 6 (East Central),DAVENPORT,SCOTT,,ROCKINGHAM RD & S MICHIGAN AVE,Collision with:  Vehicle in traffic,On Roadway,"Angle, oncoming left turn",FTYROW:  Making left turn,None Indicated,,Dawn,Wet,Cloudy,None apparent,Intersection:  Four-way intersection,Paved,,Property Damage Only,0,0,0,0,0,0,6500,2,2,,POINT (-90.626939579229 41.509249856625)
2014831399,146962,11/26/2014,11-November,4-Wednesday,17:08,1700 Hours,District 1 (Central),,HARDIN,US 65,US 65,Collision with:  Vehicle in traffic,On Roadway,Rear-end (front to rear),Driving too fast for conditions,None Indicated,,Dark - roadway not lighted,Snow,"Blowing sand, soil, dirt","Surface condition (e.g., wet, icy)",Non-intersection:  Non-junction/no special feature,Paved,,Possible/Unknown,0,1,0,0,1,0,5900,2,5,,POINT (-93.262144165591 42.550609450613)
2014830369,20140035149,11/26/2014,11-November,4-Wednesday,13:16,1300 Hours,District 1 (Central),DES MOINES,POLK,,E PARK AVE & SE 5TH ST,Collision with:  Vehicle in traffic,On Roadway,Broadside (front to side),Ran Stop Sign,None Indicated,,Daylight,Wet,Clear,None apparent,Intersection:  Four-way intersection,Paved,,Possible/Unknown,0,1,0,0,1,0,1700,2,3,,POINT (-93.606557882558 41.555334055242)
2014834231,14-17830,11/26/2014,11-November,4-Wednesday,08:13,0800 Hours,District 3 (Northwest),,CLAY,,Co Rd B24/350TH ST,Collision with fixed object:  Tree,On Roadway,Non-collision (single vehicle),Driving too fast for conditions,None Indicated,,Daylight,Snow,Snow,"Surface condition (e.g., wet, icy)",Non-intersection:  Non-junction/no special feature,Paved,,Property Damage Only,0,0,0,0,0,0,1500,1,2,,POINT (-95.315559769216 43.14156282003)
2014833446,2014-81582,11/26/2014,11-November,4-Wednesday,23:50,2300 Hours,District 6 (East Central),DAVENPORT,SCOTT,US 67,US 67/E RIVER DR & MOUND ST,Collision with:  Vehicle in traffic,On Roadway,Broadside (front to side),Ran Traffic Signal,None Indicated,,Dark - roadway lighted,Dry,Cloudy,None apparent,Intersection:  Four-way intersection,Paved,,Minor Injury,0,1,0,1,0,0,11000,2,4,,POINT (-90.546498713337 41.530049995851)