Iowa DOT Case Number,Law Enforcement Case Number,Date of Crash,Month of Crash,Day of Week,Time of Crash,Hour,DOT District,City Name,County Name,Route with System,Location Description,First Harmful Event,Location of First Harmful Event,Manner of Crash/Collision,Major Cause,Drug or Alcohol ,Environmental Conditions,Light Conditions,Surface Conditions,Weather Conditions,Roadway Contribution,Roadway Type,Roadway Surface,Work Zone,Crash Severity,Number of Fatalities,Number of Injuries,Number of Major Injuries,Number of Minor Injuries,Number of Possible Injuries,Number of Unknown Injuries,Amount of Property Damage,Number of Vehicles Involved,Total Number of Occupants,Travel Direction,Location
2014833911,A14089,11/26/2014,11-November,4-Wednesday,07:00,0700 Hours,District 5 (Southeast),KNOXVILLE,MARION,,W PLEASANT ST & N GRANT ST,Collision with:  Vehicle in traffic,On Roadway,Broadside (front to side),Driving too fast for conditions,None Indicated,,Dawn,Ice/frost,"Sleet, hail","Surface condition (e.g., wet, icy)",Intersection:  T-intersection,Paved,,Property Damage Only,0,0,0,0,0,0,2300,2,2,,POINT (-93.105349933933 41.320752693201)
2014831264,,11/26/2014,11-November,4-Wednesday,16:10,1600 Hours,District 6 (East Central),DAVENPORT,SCOTT,US 6,US 6/W KIMBERLY RD,Collision with:  Vehicle in traffic,On Roadway,Rear-end (front to rear),Unknown,None Indicated,,Daylight,Dry,Clear,,Non-intersection:  Non-junction/no special feature,Paved,,Minor Injury,0,1,0,1,0,0,0,2,2,,POINT (-90.60112324204 41.5600326413)
2014894054,14680895,11/26/2014,11-November,4-Wednesday,08:37,0800 Hours,District 5 (Southeast),,MONROE,,Co Rd H47/201TH ST,Non-collision events:  Overturn/rollover,Roadside,Non-collision (single vehicle),Ran off road - left,None Indicated,,Daylight,Ice/frost,Snow,"Surface condition (e.g., wet, icy)",Non-intersection:  Non-junction/no special feature,Paved,,Possible/Unknown,0,1,0,0,1,0,10200,1,1,,POINT (-92.778346601246 41.004957064997)
2014830338,14-42123,11/26/2014,11-November,4-Wednesday,12:23,1200 Hours,District 5 (Southeast),BURLINGTON,DES MOINES,,SOUTH ST & 6TH ST,Collision with:  Vehicle in traffic,On Roadway,"Angle, oncoming left turn",FTYROW:  Making left turn,None Indicated,,Daylight,Wet,Cloudy,None apparent,Intersection:  Four-way intersection,Paved,,Property Damage Only,0,0,0,0,0,0,4000,2,2,,POINT (-91.104413541863 40.797069582013)
2014831767,14-001408,11/26/2014,11-November,4-Wednesday,17:29,1700 Hours,District 1 (Central),,STORY,I-35,I-35 & US 30,Collision with fixed object:  Bridge overhead structure,On Roadway,Non-collision (single vehicle),Ran off road - right,None Indicated,,Dark - roadway lighted,Ice/frost,Snow,"Surface condition (e.g., wet, icy)",Non-intersection:  Other non-intersection (explain in narrative),Paved,,Property Damage Only,0,0,0,0,0,0,4000,1,1,,POINT (-93.571154055637 42.007700795816)
2014830881,14-2659,11/26/2014,11-November,4-Wednesday,22:17,2200 Hours,District 1 (Central),URBANDALE,POLK,I-35,I-35,Collision with fixed object:  Concrete traffic barrier (median or right side),On Roadway,Non-collision (single vehicle),Ran off road - left,None Indicated,,Dark - roadway lighted,Ice/frost,Snow,None apparent,Non-intersection:  Non-junction/no special feature,Paved,,Property Damage Only,0,0,0,0,0,0,3500,1,1,,POINT (-93.77259159014 41.649850639397)
2014834230,14-17828,11/26/2014,11-November,4-Wednesday,07:57,0700 Hours,District 3 (Northwest),,CLAY,,Co Rd B24/350TH ST,Collision with:  Vehicle in traffic,On Roadway,Unknown,Driving too fast for conditions,None Indicated,,Daylight,Snow,Snow,"Surface condition (e.g., wet, icy)",Non-intersection:  Non-junction/no special feature,Paved,,Property Damage Only,0,0,0,0,0,0,11500,2,3,,POINT (-95.318216114506 43.141572034781)
2014830946,14116409,11/26/2014,11-November,4-Wednesday,18:38,1800 Hours,District 2 (Northeast),CEDAR FALLS,BLACK HAWK,IA 27,IA 27,Collision with:  Animal,,,Animal,None Indicated,,,,,,,Paved,,Property Damage Only,0,0,0,0,0,0,2000,1,1,,POINT (-92.42721556178 42.531394157026)
2014830822,14007179,11/26/2014,11-November,4-Wednesday,08:19,0800 Hours,District 3 (Northwest),,CHEROKEE,IA 3,IA 3/IOWA 3,Non-collision events:  Other non-collision (explain in narrative),On Roadway,Non-collision (single vehicle),Lost Control,None Indicated,,Daylight,Snow,Snow,None apparent,Non-intersection:  Non-junction/no special feature,Paved,,Property Damage Only,0,0,0,0,0,0,2000,1,1,,POINT (-95.764923427265 42.807899676842)
2014830313,201417691,11/26/2014,11-November,4-Wednesday,11:30,1100 Hours,District 6 (East Central),CEDAR RAPIDS,LINN,IA 922,IA 922/1ST AVE E & 1ST ST NE & 1ST ST SE,Collision with:  Vehicle in traffic,On Roadway,Broadside (front to side),Unknown,None Indicated,,Daylight,Dry,Clear,None apparent,Intersection:  Four-way intersection,Paved,,Property Damage Only,0,0,0,0,0,0,6000,2,2,,POINT (-91.669871328738 41.978052154999)
2014831134,149408PD,11/26/2014,11-November,4-Wednesday,13:16,1300 Hours,District 1 (Central),BOONE,BOONE,,5TH ST,Collision with:  Parked motor vehicle,On Roadway,"Sideswipe, same direction",Ran off road - right,None Indicated,,Daylight,Snow,Cloudy,None apparent,Non-intersection:  Non-junction/no special feature,Paved,,Property Damage Only,0,0,0,0,0,0,3000,2,1,,POINT (-93.879570672129 42.060682502505)
2014830645,14-028811,11/26/2014,11-November,4-Wednesday,07:30,0700 Hours,District 5 (Southeast),,MARION,IA 92,IA 92/IOWA 92,Collision with:  Animal,,,Animal,None Indicated,,,,,,,Paved,,Property Damage Only,0,0,0,0,0,0,3000,1,1,,POINT (-92.917752604403 41.306404164156)
2014831636,S14-116361,11/26/2014,11-November,4-Wednesday,16:36,1600 Hours,District 2 (Northeast),,BLACK HAWK,US 218,US 218,Collision with:  Vehicle in traffic,On Roadway,Rear-end (front to rear),Other (explain in narrative):  Other,None Indicated,,Dusk,Wet,Snow,None apparent,Non-intersection:  Non-junction/no special feature,Paved,,Property Damage Only,0,0,0,0,0,0,3000,2,2,,POINT (-92.444413112666 42.616015582979)
2014830152,14008166,11/26/2014,11-November,4-Wednesday,06:30,0600 Hours,District 1 (Central),STRATFORD,HAMILTON,,Co Rd D56/330TH ST & ERICKSON AVE,Collision with fixed object:  Ditch,Roadside,Non-collision (single vehicle),Ran off road - right,None Indicated,,Dark - roadway not lighted,Snow,Snow,"Surface condition (e.g., wet, icy)",Intersection:  T-intersection,Paved,,Minor Injury,0,1,0,1,0,0,3000,1,1,,POINT (-93.893820057961 42.310829507212)
2014830112,20140035114,11/26/2014,11-November,4-Wednesday,05:45,0500 Hours,District 1 (Central),DES MOINES,POLK,I-235,I-235,Collision with:  Vehicle in traffic,On Roadway,"Sideswipe, same direction",Swerving/Evasive Action,None Indicated,,Dark - roadway lighted,Snow,Snow,"Surface condition (e.g., wet, icy)",Non-intersection:  Non-junction/no special feature,Paved,,Property Damage Only,0,0,0,0,0,0,3000,2,2,,POINT (-93.667240683763 41.593188734804)
2014830405,20140035121,11/26/2014,11-November,4-Wednesday,08:15,0800 Hours,District 1 (Central),DES MOINES,POLK,I-235,I-235,Collision with fixed object:  Guardrail - face,Shoulder,Non-collision (single vehicle),Lost Control,None Indicated,,Daylight,Slush,Snow,"Surface condition (e.g., wet, icy)",Non-intersection:  Non-junction/no special feature,Paved,,Property Damage Only,0,0,0,0,0,0,1800,1,1,,POINT (-93.634428150989 41.595986586705)
2014850916,14-009519,11/26/2014,11-November,4-Wednesday,18:07,1800 Hours,District 5 (Southeast),,LOUISA,,Co Rd W66/COUNTY RD W 66,Collision with:  Animal,On Roadway,Non-collision (single vehicle),Animal,None Indicated,,Dark - roadway not lighted,Snow,Snow,"Surface condition (e.g., wet, icy)",Non-intersection:  Driveway access (within),Paved,,Property Damage Only,0,0,0,0,0,0,5500,1,1,,POINT (-91.465701049409 41.267915324057)
2014831191,14-0688,11/26/2014,11-November,4-Wednesday,22:15,2200 Hours,District 1 (Central),,WEBSTER,,Co Rd P59/QUAIL AVE,Collision with fixed object:  Utility pole/light support,On Roadway,Non-collision (single vehicle),Ran off road - left,None Indicated,,Dark - roadway not lighted,Ice/frost,Clear,"Surface condition (e.g., wet, icy)",Non-intersection:  Non-junction/no special feature,Paved,,Property Damage Only,0,0,0,0,0,0,5000,1,1,,POINT (-94.128806114321 42.480490175935)
2014830171,14-3788,11/26/2014,11-November,4-Wednesday,02:20,0200 Hours,District 1 (Central),FORT DODGE,WEBSTER,,OLESON PARK AVE,Collision with fixed object:  Curb/island/raised median,On Roadway,Non-collision (single vehicle),Driving too fast for conditions,None Indicated,,Dark - roadway lighted,Snow,Snow,None apparent,Non-intersection:  Non-junction/no special feature,Paved,,Property Damage Only,0,0,0,0,0,0,2000,1,2,,POINT (-94.170219679274 42.488918405635)
2014831509,2014066181,11/26/2014,11-November,4-Wednesday,15:10,1500 Hours,District 2 (Northeast),MASON CITY,CERRO GORDO,,S EISENHOWER AVE,Collision with:  Vehicle in traffic,On Roadway,Rear-end (front to rear),Driving too fast for conditions,None Indicated,,Daylight,Ice/frost,Snow,"Surface condition (e.g., wet, icy)",Non-intersection:  Non-junction/no special feature,Paved,,Property Damage Only,0,0,0,0,0,0,3000,2,3,,POINT (-93.260619511721 43.149781891266)
2014831774,14-010396,11/26/2014,11-November,4-Wednesday,00:50,0000 Hours,District 4 (Southwest),,CASS,I-80,I-80,Non-collision events:  Overturn/rollover,On Roadway,Non-collision (single vehicle),Ran off road - right,None Indicated,,Dark - roadway not lighted,Snow,Snow,"Surface condition (e.g., wet, icy)",Non-intersection:  Non-junction/no special feature,Paved,,Property Damage Only,0,0,0,0,0,0,13400,1,3,,POINT (-94.707260010567 41.496927016242)
2014835190,SO14-1489,11/26/2014,11-November,4-Wednesday,16:15,1600 Hours,District 2 (Northeast),BELMOND,WRIGHT,US 69,US 69,Collision with:  Vehicle in traffic,On Roadway,Rear-end (front to rear),FTYROW:  From stop sign,None Indicated,,Daylight,Ice/frost,Snow,"Surface condition (e.g., wet, icy)",Intersection:  Four-way intersection,Paved,,Property Damage Only,0,0,0,0,0,0,8000,2,3,,POINT (-93.636744616827 42.602976338716)
2014830343,14-005119,11/26/2014,11-November,4-Wednesday,10:10,1000 Hours,District 1 (Central),ANKENY,POLK,,SW STATE ST,Collision with:  Vehicle in traffic,On Roadway,Rear-end (front to rear),Other (explain in narrative):  Other,None Indicated,,Daylight,Snow,Snow,"Surface condition (e.g., wet, icy)",Non-intersection:  Driveway access (within),Paved,,Property Damage Only,0,0,0,0,0,0,10000,2,2,,POINT (-93.619809932824 41.717140376233)
2014830297,CL14004167,11/26/2014,11-November,4-Wednesday,18:43,1800 Hours,District 6 (East Central),CLINTON,CLINTON,,19TH AVE N & N 3RD ST,Collision with:  Vehicle in traffic,On Roadway,Rear-end (front to rear),Unknown,None Indicated,,Dark - roadway lighted,Dry,Clear,None apparent,Intersection:  Four-way intersection,Paved,,Property Damage Only,0,0,0,0,0,0,8000,2,5,,POINT (-90.184625187749 41.866715822862)
2014831019,14-8172,11/26/2014,11-November,4-Wednesday,11:40,1100 Hours,District 2 (Northeast),WESLEY,KOSSUTH,,WEST ST & 230 ST,Collision with:  Vehicle in traffic,On Roadway,"Sideswipe, opposite direction",Crossed centerline (undivided),None Indicated,,Daylight,Ice/frost,Snow,"Surface condition (e.g., wet, icy)",Non-intersection:  Non-junction/no special feature,Unpaved,,Property Damage Only,0,0,0,0,0,0,5000,2,3,,POINT (-94.000095517952 43.097054847164)
2014831533,2014066380,11/26/2014,11-November,4-Wednesday,22:45,2200 Hours,District 1 (Central),,POLK,I-35,I-35,Collision with:  Animal,,,Animal,None Indicated,,,,,,,Paved,,Property Damage Only,0,0,0,0,0,0,6000,1,1,,POINT (-93.668170867186 41.650775300938)
2014830088,14-7826,11/26/2014,11-November,4-Wednesday,07:15,0700 Hours,District 1 (Central),,POLK,,NE 94TH AVE,Collision with fixed object:  Ditch,Outside trafficway,Non-collision (single vehicle),Swerving/Evasive Action,None Indicated,,Daylight,Snow,Snow,"Surface condition (e.g., wet, icy)",Non-intersection:  Non-junction/no special feature,Paved,,Property Damage Only,0,0,0,0,0,0,2100,1,1,,POINT (-93.507655744967 41.731777618207)
2014830315,201417709,11/26/2014,11-November,4-Wednesday,18:04,1800 Hours,District 6 (East Central),CEDAR RAPIDS,LINN,,8TH AVE SE & 18TH ST SE,Collision with:  Parked motor vehicle,On Roadway,"Sideswipe, opposite direction",Lost Control,None Indicated,,Dark - roadway lighted,Snow,Snow,None apparent,Non-intersection:  Non-junction/no special feature,Paved,,Property Damage Only,0,0,0,0,0,0,9000,2,1,,POINT (-91.644488705557 41.979709606246)
2014831237,2014-25483,11/26/2014,11-November,4-Wednesday,15:11,1500 Hours,District 5 (Southeast),INDIANOLA,WARREN,,E HILLCREST AVE,Non-collision events:  Overturn/rollover,Shoulder,Non-collision (single vehicle),Driving too fast for conditions,None Indicated,,Daylight,Slush,Snow,None apparent,Non-intersection:  Non-junction/no special feature,Paved,,Possible/Unknown,0,1,0,0,1,0,5000,1,1,,POINT (-93.549578203014 41.379975171607)
2014832147,2014066082,11/26/2014,11-November,4-Wednesday,09:00,0900 Hours,District 1 (Central),,POWESHIEK,I-80,I-80,Collision with fixed object:  Guardrail - face,On Roadway,Non-collision (single vehicle),Ran off road - left,None Indicated,,Daylight,Snow,Snow,"Surface condition (e.g., wet, icy)",Non-intersection:  Non-junction/no special feature,Paved,,Property Damage Only,0,0,0,0,0,0,4500,1,1,,POINT (-92.636405940429 41.695818006874)
2014830753,2014-25502,11/26/2014,11-November,4-Wednesday,21:50,2100 Hours,District 5 (Southeast),,WARREN,IA 5,IA 5/IOWA 5,Collision with:  Vehicle in traffic,On Roadway,"Sideswipe, same direction",Lost Control,None Indicated,,Dark - roadway not lighted,Snow,Snow,"Surface condition (e.g., wet, icy)",Non-intersection:  Non-junction/no special feature,Paved,,Property Damage Only,0,0,0,0,0,0,2000,2,3,,POINT (-93.33067925889 41.437370992238)
2014831004,14-005143,11/26/2014,11-November,4-Wednesday,20:22,2000 Hours,District 1 (Central),ANKENY,POLK,,SW ORDNANCE RD & SW STATE ST,Collision with:  Vehicle in traffic,On Roadway,Rear-end (front to rear),Driving too fast for conditions,None Indicated,,Dark - roadway lighted,Snow,Snow,"Surface condition (e.g., wet, icy)",Non-intersection:  Non-junction/no special feature,Paved,,Property Damage Only,0,0,0,0,0,0,4000,2,3,,POINT (-93.622675493879 41.723826127374)
2014831428,2014066305,11/26/2014,11-November,4-Wednesday,19:25,1900 Hours,District 1 (Central),,POLK,I-35,I-35,Collision with:  Parked motor vehicle,Shoulder,Head-on (front to front),Driving too fast for conditions,None Indicated,,Dark - roadway not lighted,Ice/frost,Snow,"Surface condition (e.g., wet, icy)",Non-intersection:  Non-junction/no special feature,Paved,,Property Damage Only,0,0,0,0,0,0,16000,2,4,,POINT (-93.626990747965 41.649476093433)
2014830133,14-5987,11/26/2014,11-November,4-Wednesday,12:01,1200 Hours,District 4 (Southwest),WEST DES MOINES,DALLAS,,JORDAN CREEK PKWY & E P TRUE PKWY,Collision with:  Vehicle in traffic,On Roadway,Rear-end (front to rear),Driving too fast for conditions,None Indicated,,Daylight,Snow,Snow,"Surface condition (e.g., wet, icy)",Intersection:  Four-way intersection,Paved,,Possible/Unknown,0,1,0,0,1,0,11000,3,4,,POINT (-93.809235583981 41.573397820411)
2014831425,2014066206,11/26/2014,11-November,4-Wednesday,15:30,1500 Hours,District 1 (Central),WILLIAMS,HAMILTON,I-35,I-35,Collision with fixed object:  Guardrail - face,Shoulder,Non-collision (single vehicle),Driving too fast for conditions,None Indicated,,Daylight,Ice/frost,Severe winds,None apparent,Non-intersection:  Non-junction/no special feature,Paved,,Property Damage Only,0,0,0,0,0,0,8500,1,2,,POINT (-93.568582411553 42.489637067387)
2014830657,149165,11/26/2014,11-November,4-Wednesday,08:00,0800 Hours,District 4 (Southwest),GRANGER,DALLAS,,STATE ST & OAK ST,Collision with:  Vehicle in traffic,On Roadway,Rear-end (front to rear),Driving too fast for conditions,None Indicated,,Daylight,Snow,Snow,"Surface condition (e.g., wet, icy)",Intersection:  Four-way intersection,Paved,,Property Damage Only,0,0,0,0,0,0,2500,2,2,,POINT (-93.817965334477 41.761097696252)
2014830849,S14-004693,11/26/2014,11-November,4-Wednesday,17:25,1700 Hours,District 4 (Southwest),,POTTAWATTAMIE,IA 92,IA 92/IOWA 92 & HIGHLAND PARK DR,Collision with:  Animal,,,Animal,None Indicated,,,,,,,Paved,,Property Damage Only,0,0,0,0,0,0,2000,1,1,,POINT (-95.807295471719 41.231878402248)
2014830841,2014-5861,11/26/2014,11-November,4-Wednesday,07:55,0700 Hours,District 4 (Southwest),WAUKEE,DALLAS,,CRABAPPLE DR & SE OLSON DR,Collision with:  Vehicle in traffic,On Roadway,Broadside (front to side),Driving too fast for conditions,None Indicated,,Daylight,Snow,"Fog, smoke, smog","Surface condition (e.g., wet, icy)",Non-intersection:  Non-junction/no special feature,Paved,,Property Damage Only,0,0,0,0,0,0,4350,2,2,,POINT (-93.85834547499 41.607151906641)
2014830892,SO14002840,11/26/2014,11-November,4-Wednesday,22:30,2200 Hours,District 3 (Northwest),LE MARS,PLYMOUTH,,200TH ST,Collision with fixed object:  Ditch,On Roadway,Non-collision (single vehicle),Driving too fast for conditions,None Indicated,,Dark - roadway not lighted,Ice/frost,Snow,None apparent,Non-intersection:  Non-junction/no special feature,Unpaved,,Property Damage Only,0,0,0,0,0,0,1500,1,1,,POINT (-96.161888650315 42.764220534112)
2014835191,SO14-1493,11/26/2014,11-November,4-Wednesday,17:30,1700 Hours,District 2 (Northeast),BELMOND,WRIGHT,,Co Rd R38/MADISON AVE,Collision with:  Vehicle in traffic,On Roadway,"Sideswipe, opposite direction",Crossed centerline (undivided),None Indicated,,Dark - roadway not lighted,Snow,Snow,"Surface condition (e.g., wet, icy)",Non-intersection:  Non-junction/no special feature,Paved,,Property Damage Only,0,0,0,0,0,0,4000,2,3,,POINT (-93.73457756077 42.830139387988)
2014831528,2014066347,11/26/2014,11-November,4-Wednesday,20:23,2000 Hours,District 6 (East Central),,IOWA,I-80,I-80,Collision with fixed object:  Other fixed object (explain in narrative),On Roadway,Non-collision (single vehicle),Driving too fast for conditions,None Indicated,,Dark - roadway lighted,Snow,Snow,None apparent,Non-intersection:  Non-junction/no special feature,Paved,,Property Damage Only,0,0,0,0,0,0,5000,1,1,,POINT (-91.919970708542 41.687769319572)
2014831653,14020612,11/26/2014,11-November,4-Wednesday,17:32,1700 Hours,District 2 (Northeast),MASON CITY,CERRO GORDO,,S RHODE ISLAND AVE,Collision with:  Parked motor vehicle,On Roadway,Rear-end (front to rear),Improper Backing,None Indicated,,Dark - roadway not lighted,Snow,Snow,"Surface condition (e.g., wet, icy)",Non-intersection:  Non-junction/no special feature,Paved,,Property Damage Only,0,0,0,0,0,0,2500,2,1,,POINT (-93.18359310308 43.149670270549)
2014830379,20140035200,11/26/2014,11-November,4-Wednesday,21:43,2100 Hours,District 1 (Central),DES MOINES,POLK,,COURT AVE & 2ND AVE,Collision with:  Vehicle in traffic,On Roadway,"Angle, oncoming left turn",FTYROW:  Making left turn,Refused,,Dark - roadway lighted,Snow,Snow,None apparent,Intersection:  T-intersection,Paved,,Property Damage Only,0,0,0,0,0,0,6000,2,3,,POINT (-93.619209869286 41.585576115378)
2014830373,20140035186,11/26/2014,11-November,4-Wednesday,18:40,1800 Hours,District 1 (Central),DES MOINES,POLK,,HICKMAN RD & ARLINGTON AVE & 6TH AVE,Collision with:  Vehicle in traffic,On Roadway,Broadside (front to side),Lost Control,None Indicated,,Dark - roadway lighted,Ice/frost,Snow,None apparent,Intersection:  Four-way intersection,Paved,,Property Damage Only,0,0,0,0,0,0,2500,2,2,,POINT (-93.625568104196 41.612887657151)
2014833616,14-028861,11/26/2014,11-November,4-Wednesday,16:51,1600 Hours,District 5 (Southeast),,MARION,,Co Rd T14/HWY T14 & ELK HORN ST,Collision with fixed object:  Ditch,On Roadway,Non-collision (single vehicle),Ran off road - straight,None Indicated,,Dark - roadway not lighted,Slush,Snow,"Surface condition (e.g., wet, icy)",Intersection:  T-intersection,Paved,,Property Damage Only,0,0,0,0,0,0,2000,1,1,,POINT (-92.92367284097 41.443603753363)
2014830934,14-005138,11/26/2014,11-November,4-Wednesday,18:30,1800 Hours,District 1 (Central),ANKENY,POLK,,SE 3RD ST & SE DELAWARE AVE,Collision with:  Vehicle in traffic,On Roadway,Rear-end (front to rear),Driving too fast for conditions,None Indicated,,Dark - roadway lighted,Ice/frost,Snow,None apparent,Intersection:  T-intersection,Paved,,Property Damage Only,0,0,0,0,0,0,10000,2,4,,POINT (-93.581092976123 41.72964631395)
2014830933,PD14-11731,11/26/2014,11-November,4-Wednesday,18:16,1800 Hours,District 1 (Central),MARSHALLTOWN,MARSHALL,IA 14,IA 14/S CENTER ST,Collision with:  Vehicle in traffic,On Roadway,"Sideswipe, opposite direction",Crossed centerline (undivided),None Indicated,,Dark - roadway lighted,Snow,Snow,"Surface condition (e.g., wet, icy)",Non-intersection:  Non-junction/no special feature,Paved,,Possible/Unknown,0,2,0,0,2,0,7000,2,4,,POINT (-92.912634689396 42.029893807016)
2014830282,14-3795,11/26/2014,11-November,4-Wednesday,15:46,1500 Hours,District 1 (Central),FORT DODGE,WEBSTER,,KENYON RD,Collision with:  Vehicle in traffic,On Roadway,Rear-end (front to rear),Driving too fast for conditions,None Indicated,,Daylight,Snow,Snow,"Surface condition (e.g., wet, icy)",Non-intersection:  Non-junction/no special feature,Paved,,Property Damage Only,0,0,0,0,0,0,1500,2,3,,POINT (-94.189540010486 42.493276379921)
2014831322,2014066283,11/26/2014,11-November,4-Wednesday,17:50,1700 Hours,District 1 (Central),,POLK,I-35,I-35,Collision with fixed object:  Concrete traffic barrier (median or right side),Shoulder,Non-collision (single vehicle),Driving too fast for conditions,None Indicated,,Dark - roadway not lighted,Ice/frost,Cloudy,"Surface condition (e.g., wet, icy)",Non-intersection:  Non-junction/no special feature,Paved,,Possible/Unknown,0,1,0,0,1,0,7000,1,1,,POINT (-93.592676659612 41.650297656427)
2014830578,14-005594,11/26/2014,11-November,4-Wednesday,18:05,1800 Hours,District 1 (Central),AMES,STORY,,NORTHWESTERN AVE,Collision with:  Vehicle in traffic,On Roadway,"Sideswipe, same direction",Other (explain in narrative):  Other,None Indicated,,Dark - roadway lighted,Snow,Snow,"Surface condition (e.g., wet, icy)",Intersection:  T-intersection,Paved,,Property Damage Only,0,0,0,0,0,0,5000,2,3,,POINT (-93.625745872908 42.035597760094)
2014830710,2014066135,11/26/2014,11-November,4-Wednesday,12:50,1200 Hours,District 5 (Southeast),WHAT CHEER,KEOKUK,IA 21,IA 21/BARNES ST,Collision with:  Parked motor vehicle,Outside trafficway,"Sideswipe, same direction",Ran off road - right,None Indicated,,Daylight,Slush,Snow,"Surface condition (e.g., wet, icy)",Non-intersection:  Non-junction/no special feature,Paved,,Property Damage Only,0,0,0,0,0,0,4100,2,2,,POINT (-92.354663296719 41.39335863836)
2014831323,2014066294,11/26/2014,11-November,4-Wednesday,18:29,1800 Hours,District 1 (Central),,POLK,I-80,I-80,Collision with fixed object:  Guardrail - face,On Roadway,Non-collision (single vehicle),Driving too fast for conditions,None Indicated,,Dark - roadway not lighted,Snow,Snow,"Surface condition (e.g., wet, icy)",Non-intersection:  Non-junction/no special feature,Paved,,Property Damage Only,0,0,0,0,0,0,4500,1,2,,POINT (-93.434096114514 41.67356890258)
2014830421,14-42171,11/26/2014,11-November,4-Wednesday,19:22,1900 Hours,District 5 (Southeast),BURLINGTON,DES MOINES,,WEST AVE & HOWARD RD,Collision with:  Vehicle in traffic,On Roadway,Head-on (front to front),Crossed centerline (undivided),None Indicated,,Dark - roadway lighted,Snow,Snow,"Surface condition (e.g., wet, icy)",Non-intersection:  Non-junction/no special feature,Paved,,Major Injury,0,1,1,0,0,0,6000,2,3,,POINT (-91.146801205392 40.800451721872)
2014831430,2014066373,11/26/2014,11-November,4-Wednesday,21:25,2100 Hours,District 1 (Central),,POLK,I-35,I-35,Collision with:  Vehicle in traffic,On Roadway,Unknown,Swerving/Evasive Action,None Indicated,,Dark - roadway lighted,Ice/frost,"Blowing sand, soil, dirt","Surface condition (e.g., wet, icy)",Non-intersection:  Other non-intersection (explain in narrative),Paved,,Property Damage Only,0,0,0,0,0,0,9000,2,4,,POINT (-93.577265686967 41.651276803066)
2014831380,2014-25478,11/26/2014,11-November,4-Wednesday,13:43,1300 Hours,District 5 (Southeast),INDIANOLA,WARREN,,W ASHLAND AVE,Collision with:  Vehicle in traffic,On Roadway,"Sideswipe, same direction",Other (explain in narrative):  Other,None Indicated,,Daylight,Snow,Snow,None apparent,Non-intersection:  Non-junction/no special feature,Paved,,Property Damage Only,0,0,0,0,0,0,2500,2,1,,POINT (-93.564449881623 41.36133851788)
2014830911,03359,11/26/2014,11-November,4-Wednesday,07:55,0700 Hours,District 6 (East Central),DYERSVILLE,DUBUQUE,IA 136,IA 136/11TH ST SE/11TH ST NE & BELTLINE RD E,Collision with:  Vehicle in traffic,On Roadway,"Angle, oncoming left turn",FTYROW:  From stop sign,None Indicated,,Daylight,Dry,Clear,None apparent,Intersection:  Four-way intersection,Paved,,Property Damage Only,0,0,0,0,0,0,1600,2,2,,POINT (-91.11047720401 42.483142092088)
2014836339,,11/26/2014,11-November,4-Wednesday,22:13,2200 Hours,District 2 (Northeast),ARMSTRONG,WINNESHIEK,IA 9,IA 9/4TH AVE S/IOWA 9 & IA 15/6TH ST & 6TH AVE S,Collision with:  Animal,On Roadway,Non-collision (single vehicle),Animal,None Indicated,,Dark - roadway not lighted,Snow,Snow,"Surface condition (e.g., wet, icy)",Non-intersection:  Non-junction/no special feature,Paved,,Property Damage Only,0,0,0,0,0,0,2000,1,1,,POINT (-91.71287774366 43.254928320668)
2014830422,14-42173,11/26/2014,11-November,4-Wednesday,19:31,1900 Hours,District 5 (Southeast),BURLINGTON,DES MOINES,,DIVISION ST & CENTRAL AVE,Collision with:  Vehicle in traffic,On Roadway,Broadside (front to side),Other (explain in narrative):  Other,None Indicated,,Dark - roadway lighted,Snow,Snow,"Surface condition (e.g., wet, icy)",Non-intersection:  Non-junction/no special feature,Paved,,Property Damage Only,0,0,0,0,0,0,3500,2,3,,POINT (-91.112872801003 40.807666374106)
2014830312,201417686,11/26/2014,11-November,4-Wednesday,09:38,0900 Hours,District 6 (East Central),CEDAR RAPIDS,LINN,US 30,US 30/LINCOLN FWY/SE RAMP,Collision with fixed object:  Guardrail - face,On Roadway,Non-collision (single vehicle),Driving too fast for conditions,None Indicated,,Daylight,Dry,Cloudy,None apparent,Interchange-related:  On-ramp,Paved,,Property Damage Only,0,0,0,0,0,0,13892,1,1,,POINT (-91.633276399553 41.926573603592)
2014830787,14-036278,11/26/2014,11-November,4-Wednesday,19:58,1900 Hours,District 5 (Southeast),,LEE,,Co Rd J40/CO RD 103,Collision with fixed object:  Utility pole/light support,On Roadway,Non-collision (single vehicle),Ran off road - right,None Indicated,,Dark - roadway lighted,Snow,Snow,None apparent,Non-intersection:  Non-junction/no special feature,Paved,,Property Damage Only,0,0,0,0,0,0,5080,1,1,,POINT (-91.330340772829 40.642946325201)