Iowa DOT Case Number,Law Enforcement Case Number,Date of Crash,Month of Crash,Day of Week,Time of Crash,Hour,DOT District,City Name,County Name,Route with System,Location Description,First Harmful Event,Location of First Harmful Event,Manner of Crash/Collision,Major Cause,Drug or Alcohol ,Environmental Conditions,Light Conditions,Surface Conditions,Weather Conditions,Roadway Contribution,Roadway Type,Roadway Surface,Work Zone,Crash Severity,Number of Fatalities,Number of Injuries,Number of Major Injuries,Number of Minor Injuries,Number of Possible Injuries,Number of Unknown Injuries,Amount of Property Damage,Number of Vehicles Involved,Total Number of Occupants,Travel Direction,Location
2014836103,14-07985,11/27/2014,11-November,5-Thursday,11:41,1100 Hours,District 2 (Northeast),OELWEIN,FAYETTE,,2ND ST NW & 2ND AVE NW,Collision with:  Vehicle in traffic,On Roadway,Broadside (front to side),Driving too fast for conditions,None Indicated,,Daylight,Snow,Clear,"Surface condition (e.g., wet, icy)",Intersection:  Four-way intersection,Paved,,Property Damage Only,0,0,0,0,0,0,6750,2,8,,POINT (-91.916911659897 42.681351287646)
2014831607,,11/27/2014,11-November,5-Thursday,00:01,0000 Hours,District 3 (Northwest),AKRON,PLYMOUTH,,,Collision with:  Other non-fixed object (explain in narrative),Outside trafficway,Non-collision (single vehicle),Driving too fast for conditions,None Indicated,,Dark - roadway not lighted,Ice/frost,"Sleet, hail","Surface condition (e.g., wet, icy)",Non-intersection:  Alley,,,Property Damage Only,0,0,0,0,0,0,2000,1,1,,POINT (-96.643700149993 40.233091251414)
2014830463,S14-116623,11/27/2014,11-November,5-Thursday,17:30,1700 Hours,District 2 (Northeast),,BLACK HAWK,,Co Rd V49/N RAYMOND RD,Collision with:  Animal,,,Animal,None Indicated,,,,,,,Paved,,Property Damage Only,0,0,0,0,0,0,2500,1,1,,POINT (-92.219184634896 42.626760473775)
2014830988,14-001435,11/27/2014,11-November,5-Thursday,11:45,1100 Hours,District 1 (Central),JOHNSTON,POLK,,WINDSOR DR & WINDSOR PKWY & NW 86TH ST,Collision with fixed object:  Traffic sign support,On Roadway,Non-collision (single vehicle),Driving too fast for conditions,None Indicated,,Daylight,Ice/frost,Clear,"Surface condition (e.g., wet, icy)",Intersection:  Four-way intersection,Paved,,Property Damage Only,0,0,0,0,0,0,1700,1,2,,POINT (-93.736492846368 41.666741774303)
2014830814,14-42235,11/27/2014,11-November,5-Thursday,15:32,1500 Hours,District 5 (Southeast),BURLINGTON,DES MOINES,,DODGE ST & 12TH ST,Collision with:  Vehicle in traffic,On Roadway,Broadside (front to side),FTYROW:  At uncontrolled intersection,None Indicated,,Daylight,Ice/frost,Cloudy,"Surface condition (e.g., wet, icy)",Non-intersection:  Non-junction/no special feature,Paved,,Property Damage Only,0,0,0,0,0,0,3000,2,3,,POINT (-91.110931978884 40.793753541558)
2014830798,14-0678,11/27/2014,11-November,5-Thursday,11:15,1100 Hours,District 1 (Central),,WEBSTER,,Co Rd P59/QUAIL AVE,Collision with fixed object:  Utility pole/light support,On Roadway,Non-collision (single vehicle),Driving too fast for conditions,None Indicated,,Daylight,Ice/frost,Snow,"Surface condition (e.g., wet, icy)",Non-intersection:  Non-junction/no special feature,Paved,,Property Damage Only,0,0,0,0,0,0,7500,1,1,,POINT (-94.12887294406 42.471348671132)
2014833029,201417723,11/27/2014,11-November,5-Thursday,00:25,0000 Hours,District 6 (East Central),CEDAR RAPIDS,LINN,,10TH ST NW,Collision with:  Parked motor vehicle,On Roadway,"Sideswipe, opposite direction",Driving too fast for conditions,None Indicated,,Dark - roadway lighted,Snow,Snow,"Surface condition (e.g., wet, icy)",Non-intersection:  Non-junction/no special feature,Paved,,Property Damage Only,0,0,0,0,0,0,2439,2,2,,POINT (-91.684985038727 41.973272751776)
2014830786,14-015493,11/27/2014,11-November,5-Thursday,06:00,0600 Hours,District 4 (Southwest),,MILLS,,Co Rd L35/221ST ST,Collision with fixed object:  Ditch,On Roadway,Non-collision (single vehicle),Swerving/Evasive Action,None Indicated,,Dark - roadway not lighted,Dry,Clear,None apparent,Non-intersection:  Non-junction/no special feature,Paved,,Property Damage Only,0,0,0,0,0,0,4000,1,1,,POINT (-95.771994330365 41.112379799495)
2014830996,14016653,11/27/2014,11-November,5-Thursday,17:00,1700 Hours,District 5 (Southeast),,APPANOOSE,IA 5,IA 5/IOWA 5 & Co Rd J27/450TH ST,Collision with:  Animal,,,Animal,None Indicated,,,,,,,Paved,,Property Damage Only,0,0,0,0,0,0,3000,1,1,,POINT (-92.830422073148 40.826959066607)
2014830593,14-39056,11/27/2014,11-November,5-Thursday,16:38,1600 Hours,District 3 (Northwest),SIOUX CITY,WOODBURY,,MORNINGSIDE AVE & S CLINTON ST,Collision with:  Vehicle in traffic,On Roadway,Unknown,Crossed centerline (undivided),Alcohol (Statutory),,Daylight,Dry,Cloudy,None apparent,Intersection:  Four-way intersection,Paved,,Property Damage Only,0,0,0,0,0,0,7000,2,2,,POINT (-96.348914802309 42.470442550627)
2014830402,20140035272,11/27/2014,11-November,5-Thursday,18:36,1800 Hours,District 1 (Central),DES MOINES,POLK,IA 163,IA 163/E UNIVERSITY AVE,Collision with fixed object:  Other fixed object (explain in narrative),Outside trafficway,Non-collision (single vehicle),Ran off road - right,Alcohol (Statutory),,Dark - roadway lighted,Dry,Cloudy,None apparent,Non-intersection:  Non-junction/no special feature,Paved,,Possible/Unknown,0,1,0,0,1,0,11000,1,2,,POINT (-93.589643958397 41.60084571354)
2014830676,201404348,11/27/2014,11-November,5-Thursday,02:45,0200 Hours,District 6 (East Central),,LINN,I-380,I-380,Collision with:  Animal,,,Animal,None Indicated,,,,,,,Paved,,Property Damage Only,0,0,0,0,0,0,3000,1,1,,POINT (-91.706892258052 42.109049367114)
2014832829,,11/27/2014,11-November,5-Thursday,17:30,1700 Hours,District 2 (Northeast),,WINNESHIEK,,,Collision with:  Animal,On Roadway,Non-collision (single vehicle),Animal,None Indicated,,Dark - roadway not lighted,Dry,Clear,,Non-intersection:  Non-junction/no special feature,,,Property Damage Only,0,0,0,0,0,0,3992,1,2,,POINT (-96.643700149993 40.233091251414)
2014831540,2014066505,11/27/2014,11-November,5-Thursday,21:10,2100 Hours,District 1 (Central),,WEBSTER,US 169,US 169,Collision with:  Animal,,,Animal,None Indicated,,,,,,,Paved,,Property Damage Only,0,0,0,0,0,0,1500,1,1,,POINT (-94.227030540359 42.52615707387)
2014832027,14-42252,11/27/2014,11-November,5-Thursday,19:00,1900 Hours,District 5 (Southeast),WEST BURLINGTON,DES MOINES,,W VAN WEISS BLVD & S BRENTWOOD DR,Collision with:  Vehicle in traffic,On Roadway,Rear-end (front to rear),Followed too close,None Indicated,,Dark - roadway lighted,Snow,Snow,None apparent,Intersection:  T-intersection,Paved,,Property Damage Only,0,0,0,0,0,0,2000,2,3,,POINT (-91.152820780807 40.818906265323)
2014830320,14-049995,11/27/2014,11-November,5-Thursday,05:00,0500 Hours,District 4 (Southwest),COUNCIL BLUFFS,POTTAWATTAMIE,,AVE B,Collision with:  Parked motor vehicle,Shoulder,Rear-end (front to rear),Unknown,None Indicated,,Unknown,Unknown,Unknown,Unknown,Non-intersection:  Non-junction/no special feature,Paved,,Property Damage Only,0,0,0,0,0,0,5000,2,777,,POINT (-95.876073657331 41.263683334171)
2014830813,14-42232,11/27/2014,11-November,5-Thursday,14:50,1400 Hours,District 5 (Southeast),BURLINGTON,DES MOINES,,BLUFF RD & 8TH ST,Collision with:  Vehicle in traffic,On Roadway,Head-on (front to front),Driving too fast for conditions,None Indicated,,Daylight,Ice/frost,Cloudy,"Surface condition (e.g., wet, icy)",Non-intersection:  Non-junction/no special feature,Paved,,Property Damage Only,0,0,0,0,0,0,4500,2,3,,POINT (-91.105544072524 40.825246562667)
2014832993,,11/27/2014,11-November,5-Thursday,11:49,1100 Hours,District 2 (Northeast),CLEAR LAKE,CERRO GORDO,,S 8TH ST,Collision with:  Vehicle in traffic,On Roadway,Rear-end (front to rear),Other (explain in narrative):  Other,None Indicated,,Daylight,Ice/frost,Clear,"Surface condition (e.g., wet, icy)",Non-intersection:  Driveway access (within),Paved,,Possible/Unknown,0,1,0,0,1,0,3000,2,3,,POINT (-93.378694958157 43.127336086508)
2014831539,2014066489,11/27/2014,11-November,5-Thursday,17:53,1700 Hours,District 4 (Southwest),,MILLS,I-29,I-29,Collision with:  Animal,,,Animal,None Indicated,,,,,,,Paved,,Property Damage Only,0,0,0,0,0,0,6000,1,1,,POINT (-95.829474269115 41.104541711894)
2014832533,175-2014,11/27/2014,11-November,5-Thursday,09:30,0900 Hours,District 4 (Southwest),,HARRISON,,Co Rd L34/OVERTON AVE,Non-collision events:  Overturn/rollover,On Roadway,Non-collision (single vehicle),Ran off road - right,None Indicated,,Daylight,Dry,Cloudy,None apparent,Non-intersection:  Non-junction/no special feature,Paved,,Minor Injury,0,1,0,1,0,0,10000,1,1,,POINT (-95.751268141235 41.535447558433)
2014835718,2014112602,11/27/2014,11-November,5-Thursday,01:49,0100 Hours,District 4 (Southwest),SHENANDOAH,PAGE,,S CENTER ST,Collision with:  Vehicle in traffic,On Roadway,Head-on (front to front),Separation of units,Alcohol (Statutory),,Dark - roadway not lighted,Dry,Cloudy,None apparent,Non-intersection:  Non-junction/no special feature,Paved,,Possible/Unknown,0,1,0,0,0,1,20000,2,3,,POINT (-95.366049783723 40.76465240942)
2014844872,2014-003541,11/27/2014,11-November,5-Thursday,08:03,0800 Hours,District 2 (Northeast),,ALLAMAKEE,,VILLAGE CREEK RD,Collision with fixed object:  Ditch,,,Ran off road - left,None Indicated,,,,,,,Unpaved,,Property Damage Only,0,0,0,0,0,0,12000,1,1,,POINT (-91.364548596368 43.303531884632)
2014830978,PD1410655,11/27/2014,11-November,5-Thursday,17:28,1700 Hours,District 5 (Southeast),FAIRFIELD,JEFFERSON,,BUS US 34,Collision with:  Animal,,,Animal,None Indicated,,,,,,,Paved,,Property Damage Only,0,0,0,0,0,0,2000,1,1,,POINT (-91.925989834912 41.002670804816)
2014830295,14-50008,11/27/2014,11-November,5-Thursday,13:03,1300 Hours,District 4 (Southwest),COUNCIL BLUFFS,POTTAWATTAMIE,,AVE G & N 25TH ST,Collision with:  Vehicle in traffic,On Roadway,Broadside (front to side),Ran Stop Sign,None Indicated,,Daylight,Dry,Cloudy,None apparent,Intersection:  Four-way intersection,Paved,,Property Damage Only,0,0,0,0,0,0,6000,2,2,,POINT (-95.881793512659 41.268079375657)
2014842411,90-14-000411,11/27/2014,11-November,5-Thursday,12:49,1200 Hours,District 2 (Northeast),,HUMBOLDT,,Co Rd C44/230TH ST & Co Rd P56/LONE TREE RD,Collision with fixed object:  Ditch,Roadside,Non-collision (single vehicle),Driving too fast for conditions,None Indicated,,Daylight,Ice/frost,Cloudy,"Surface condition (e.g., wet, icy)",Intersection:  T-intersection,Paved,,Property Damage Only,0,0,0,0,0,0,2800,1,2,,POINT (-94.181168666588 42.717213936335)
2014833861,14010180,11/27/2014,11-November,5-Thursday,10:19,1000 Hours,District 6 (East Central),,DELAWARE,,Co Rd C64/WOODVIEW DR,Collision with:  Vehicle in traffic,On Roadway,Rear-end (front to rear),Unknown,None Indicated,,Daylight,Dry,Clear,None apparent,Non-intersection:  Driveway access (within),Paved,,Property Damage Only,0,0,0,0,0,0,4000,2,2,,POINT (-91.535256576005 42.571094234629)
2014830890,SO14002817,11/27/2014,11-November,5-Thursday,10:00,1000 Hours,District 3 (Northwest),,PLYMOUTH,,Co Rd C38/C38,Non-collision events:  Overturn/rollover,On Roadway,Non-collision (single vehicle),Ran off road - left,None Indicated,,Daylight,Ice/frost,Cloudy,"Surface condition (e.g., wet, icy)",Non-intersection:  Non-junction/no special feature,Paved,,Major Injury,0,1,1,0,0,0,5000,1,1,,POINT (-96.385060204846 42.749892954796)
2014830399,20140035217,11/27/2014,11-November,5-Thursday,23:31,2300 Hours,District 1 (Central),DES MOINES,POLK,,61ST ST,Collision with:  Parked motor vehicle,On Roadway,"Sideswipe, same direction",Over correcting/over steering,None Indicated,,Dark - roadway lighted,Ice/frost,Snow,None apparent,Non-intersection:  Non-junction/no special feature,Paved,,Property Damage Only,0,0,0,0,0,0,5000,4,1,,POINT (-93.701050485202 41.622936493313)
2014834415,2014-007529,11/27/2014,11-November,5-Thursday,18:29,1800 Hours,District 6 (East Central),,BENTON,US 30,US 30/73 ST,Collision with fixed object:  Ditch,On Roadway,Non-collision (single vehicle),Swerving/Evasive Action,Alcohol (Statutory),,Dark - roadway lighted,Dry,Clear,None apparent,Non-intersection:  Non-junction/no special feature,Paved,,Possible/Unknown,0,1,0,0,1,0,28000,1,1,,POINT (-92.025442817863 41.963527500677)
2014830770,CL14004170,11/27/2014,11-November,5-Thursday,12:20,1200 Hours,District 6 (East Central),CLINTON,CLINTON,,20TH PL,Collision with:  Parked motor vehicle,Shoulder,"Sideswipe, same direction",Illegally Parked/Unattended,None Indicated,,Daylight,Dry,Unknown,None apparent,Non-intersection:  Non-junction/no special feature,Paved,,Property Damage Only,0,0,0,0,0,0,2000,2,1,,POINT (-90.208188886984 41.826351495874)
2014830354,14-0440,11/27/2014,11-November,5-Thursday,10:43,1000 Hours,District 5 (Southeast),LEON,DECATUR,IA 2,IA 2/IOWA 2,Collision with:  Animal,,,Animal,None Indicated,,,,,,,Paved,,Property Damage Only,0,0,0,0,0,0,4000,1,1,,POINT (-93.719218269213 40.742927854802)
2014831046,,11/27/2014,11-November,5-Thursday,19:15,1900 Hours,District 5 (Southeast),,KEOKUK,,260TH ST & 248TH AVE,Non-collision events:  Overturn/rollover,Roadside,Non-collision (single vehicle),Unknown,None Indicated,,Dark - roadway not lighted,Snow,Clear,,Non-intersection:  Non-junction/no special feature,Unpaved,,Property Damage Only,0,0,0,0,0,0,10500,1,2,,POINT (-92.126948202854 41.279783885175)
2014831947,2014066389,11/27/2014,11-November,5-Thursday,00:12,0000 Hours,District 1 (Central),JOHNSTON,POLK,,COUNTRY RIDGE LN & NW BEAVER DR,Non-collision events:  Jackknife,Outside trafficway,Non-collision (single vehicle),Driving too fast for conditions,None Indicated,,Dark - roadway not lighted,Snow,Snow,"Surface condition (e.g., wet, icy)",Non-intersection:  Non-junction/no special feature,Paved,,Property Damage Only,0,0,0,0,0,0,5000,1,2,,POINT (-93.70728207212 41.698810329348)
2014839059,201417739,11/27/2014,11-November,5-Thursday,17:34,1700 Hours,District 6 (East Central),CEDAR RAPIDS,LINN,,MCCARTHY RD SE,Collision with fixed object:  Ditch,On Roadway,Non-collision (single vehicle),Swerving/Evasive Action,None Indicated,,Dark - roadway not lighted,Dry,Clear,None apparent,Non-intersection:  Non-junction/no special feature,Paved,,Property Damage Only,0,0,0,0,0,0,5000,1,1,,POINT (-91.641073164331 41.973445775208)
2014830448,14-6012,11/27/2014,11-November,5-Thursday,22:50,2200 Hours,District 1 (Central),WEST DES MOINES,POLK,,60TH ST,Collision with:  Vehicle in traffic,On Roadway,Rear-end (front to rear),Driving too fast for conditions,None Indicated,,Dark - roadway lighted,Ice/frost,Cloudy,"Surface condition (e.g., wet, icy)",Non-intersection:  Non-junction/no special feature,Paved,,Property Damage Only,0,0,0,0,0,0,5500,2,5,,POINT (-93.790540083039 41.575725650645)
2014830721,261402134,11/27/2014,11-November,5-Thursday,15:15,1500 Hours,District 5 (Southeast),BLOOMFIELD,DAVIS,,Co Rd V20/LILAC AVE,Non-collision events:  Other non-collision (explain in narrative),On Roadway,Non-collision (single vehicle),Swerving/Evasive Action,None Indicated,,Daylight,Dry,Clear,None apparent,Non-intersection:  Non-junction/no special feature,Paved,,Property Damage Only,0,0,0,0,0,0,2150,1,1,,POINT (-92.432637625928 40.648156448972)
2014831996,S14-12367,11/27/2014,11-November,5-Thursday,23:19,2300 Hours,District 3 (Northwest),,WOODBURY,US 20,US 20,Collision with:  Vehicle in traffic,On Roadway,"Sideswipe, opposite direction",Crossed centerline (undivided),Alcohol (< Statutory),,Dark - roadway not lighted,Dry,Clear,None apparent,Intersection:  Four-way intersection,Paved,,Minor Injury,0,1,0,1,0,0,25000,2,2,,POINT (-95.992680795241 42.482387724032)
2014831075,14-116561,11/27/2014,11-November,5-Thursday,11:38,1100 Hours,District 2 (Northeast),EVANSDALE,BLACK HAWK,,LAFAYETTE AVE & EVANS RD,Collision with:  Vehicle in traffic,On Roadway,Broadside (front to side),Ran Stop Sign,None Indicated,,Daylight,Wet,Clear,"Surface condition (e.g., wet, icy)",Intersection:  Four-way intersection,Paved,,Property Damage Only,0,0,0,0,0,0,2000,2,3,,POINT (-92.287874551599 42.4771814823)
2014830584,14-005608,11/27/2014,11-November,5-Thursday,13:45,1300 Hours,District 1 (Central),AMES,STORY,,LINCOLN WAY & UNIVERSITY BLVD,Collision with:  Vehicle in traffic,On Roadway,Broadside (front to side),Ran Traffic Signal,None Indicated,,Daylight,Snow,Cloudy,None apparent,Intersection:  Four-way intersection,Paved,,Property Damage Only,0,0,0,0,0,0,10000,2,3,,POINT (-93.633338943707 42.022811824566)
2014831390,14-42257,11/27/2014,11-November,5-Thursday,20:06,2000 Hours,District 5 (Southeast),BURLINGTON,DES MOINES,,SPRAY ST & LEEBRICK ST,Collision with fixed object:  Curb/island/raised median,On Roadway,Non-collision (single vehicle),Lost Control,None Indicated,,Dark - roadway not lighted,Ice/frost,Clear,"Surface condition (e.g., wet, icy)",Non-intersection:  Non-junction/no special feature,Paved,,Property Damage Only,0,0,0,0,0,0,3000,1,1,,POINT (-91.120580188779 40.803828774232)
2014894056,2014-8919,11/27/2014,11-November,5-Thursday,06:08,0600 Hours,District 6 (East Central),ELDRIDGE,SCOTT,US 61,US 61,Collision with:  Vehicle in traffic,On Roadway,Rear-end (front to rear),Followed too close,None Indicated,,Dawn,Wet,Clear,None apparent,Non-intersection:  Non-junction/no special feature,Paved,,Possible/Unknown,0,1,0,0,0,1,10000,2,2,,POINT (-90.568179293376 41.632975975076)
2014830389,20140035299,11/27/2014,11-November,5-Thursday,23:45,2300 Hours,District 1 (Central),DES MOINES,POLK,,E HARTFORD AVE,Collision with fixed object:  Ditch,On Roadway,Non-collision (single vehicle),Swerving/Evasive Action,None Indicated,,Dark - roadway lighted,Snow,Cloudy,"Surface condition (e.g., wet, icy)",Non-intersection:  Non-junction/no special feature,Paved,,Possible/Unknown,0,3,0,0,2,1,1510,1,3,,POINT (-93.585832706122 41.570843991505)
2014830344,14-050005,11/27/2014,11-November,5-Thursday,11:56,1100 Hours,District 4 (Southwest),COUNCIL BLUFFS,POTTAWATTAMIE,I-29,I-29,Collision with:  Vehicle in traffic,On Roadway,Rear-end (front to rear),Followed too close,None Indicated,,Daylight,Dry,Cloudy,None apparent,Non-intersection:  Non-junction/no special feature,Paved,,Property Damage Only,0,0,0,0,0,0,12000,2,5,,POINT (-95.896342363053 41.233201741929)
2014830491,W14-116667,11/27/2014,11-November,5-Thursday,21:04,2100 Hours,District 2 (Northeast),WATERLOO,BLACK HAWK,,W 5TH ST & ALLEN ST,Collision with:  Vehicle in traffic,On Roadway,Broadside (front to side),Ran Stop Sign,None Indicated,,Dark - roadway lighted,Dry,Clear,None apparent,Intersection:  Four-way intersection,Paved,,Property Damage Only,0,0,0,0,0,0,5000,2,4,,POINT (-92.346738420593 42.488402175855)
2014830503,14-017426,11/27/2014,11-November,5-Thursday,02:15,0200 Hours,District 6 (East Central),,CEDAR,,OLD LINCOLN HWY,Collision with fixed object:  Tree,Roadside,Non-collision (single vehicle),Ran off road - right,None Indicated,,Dark - roadway not lighted,Snow,Cloudy,"Surface condition (e.g., wet, icy)",Non-intersection:  Non-junction/no special feature,Unpaved,,Possible/Unknown,0,1,0,0,1,0,7000,1,1,,POINT (-91.239561177468 41.900406429888)
2014830284,14-3803,11/27/2014,11-November,5-Thursday,08:57,0800 Hours,District 1 (Central),FORT DODGE,WEBSTER,,1ST AVE N & N 14TH ST,Collision with:  Vehicle in traffic,On Roadway,Broadside (front to side),FTYROW:  From stop sign,None Indicated,,Daylight,Snow,Clear,None apparent,Unknown,Paved,,Property Damage Only,0,0,0,0,0,0,1500,2,2,,POINT (-94.179483889006 42.507276134226)
2014830416,20140035251,11/27/2014,11-November,5-Thursday,13:10,1300 Hours,District 1 (Central),DES MOINES,POLK,,CLINTON AVE & 14TH ST,Collision with:  Vehicle in traffic,On Roadway,Broadside (front to side),FTYROW:  From stop sign,None Indicated,,Daylight,Snow,Clear,None apparent,Intersection:  T-intersection,Paved,,Property Damage Only,0,0,0,0,0,0,3500,2,2,,POINT (-93.636848485632 41.628579307869)
2014831583,S14-12401,11/27/2014,11-November,5-Thursday,22:25,2200 Hours,District 3 (Northwest),,WOODBURY,,Co Rd D54/DEER RUN TRL,Collision with:  Animal,,,Animal,None Indicated,,,,,,,Paved,,Property Damage Only,0,0,0,0,0,0,3000,1,1,,POINT (-95.945977725766 42.304103094286)
2014831033,,11/27/2014,11-November,5-Thursday,05:30,0500 Hours,District 5 (Southeast),RUSSELL,LUCAS,,CEDAR ST,,On Roadway,Non-collision (single vehicle),Ran off road - right,None Indicated,,Dark - unknown roadway lighting,Ice/frost,Clear,"Surface condition (e.g., wet, icy)",Non-intersection:  Non-junction/no special feature,Unpaved,,Property Damage Only,0,0,0,0,0,0,3000,1,1,,POINT (-93.195948310198 40.986176407517)
2014833913,A14091,11/27/2014,11-November,5-Thursday,17:19,1700 Hours,District 5 (Southeast),KNOXVILLE,MARION,,W MADISON ST & S FREMONT ST,Collision with fixed object:  Utility pole/light support,Roadside,Non-collision (single vehicle),Swerving/Evasive Action,None Indicated,,Dark - roadway lighted,Snow,Clear,Unknown,Intersection:  T-intersection,Paved,,Property Damage Only,0,0,0,0,0,0,10000,1,1,,POINT (-93.104752819654 41.313483991997)
2014830419,20140035339,11/28/2014,11-November,6-Friday,13:14,1300 Hours,District 1 (Central),DES MOINES,POLK,,INGERSOLL AVE,Collision with:  Vehicle in traffic,On Roadway,Head-on (front to front),Crossed centerline (undivided),Drug,,Daylight,Dry,Clear,None apparent,Non-intersection:  Non-junction/no special feature,Paved,,Minor Injury,0,1,0,1,0,0,5000,2,3,,POINT (-93.667494107465 41.586341763058)
2014830862,1411281-A,11/28/2014,11-November,6-Friday,17:10,1700 Hours,District 4 (Southwest),RED OAK,MONTGOMERY,,2ND ST & VALLEY ST,Collision with:  Vehicle in traffic,On Roadway,Broadside (front to side),FTYROW:  At uncontrolled intersection,None Indicated,,Dark - roadway lighted,Dry,Cloudy,None apparent,Intersection:  Four-way intersection,Paved,,Possible/Unknown,0,1,0,0,1,0,9000,2,3,,POINT (-95.230343054314 41.013024730444)
2014831059,W14-116875,11/28/2014,11-November,6-Friday,17:05,1700 Hours,District 2 (Northeast),WATERLOO,BLACK HAWK,IA 934,IA 934/UNIVERSITY AVE & FRONTAGE RD,Collision with:  Vehicle in traffic,On Roadway,Broadside (front to side),Ran Traffic Signal,None Indicated,,Dark - roadway lighted,Dry,Clear,None apparent,Intersection:  Four-way intersection,Paved,,Property Damage Only,0,0,0,0,0,0,11500,2,3,,POINT (-92.399737141171 42.504272114683)
2014830663,201400004359,11/28/2014,11-November,6-Friday,06:55,0600 Hours,District 6 (East Central),,LINN,,Co Rd W36/PALO MARSH RD,Collision with:  Animal,,,Animal,None Indicated,,,,,,,Paved,,Property Damage Only,0,0,0,0,0,0,2000,1,1,,POINT (-91.794546437235 42.081543850908)
2014831450,14-0682,11/28/2014,11-November,6-Friday,21:00,2100 Hours,District 1 (Central),STRATFORD,WEBSTER,,Co Rd D54/XAVIER AVE,Collision with fixed object:  Guardrail - face,On Roadway,Non-collision (single vehicle),Crossed centerline (undivided),None Indicated,,Dark - roadway not lighted,Ice/frost,Clear,"Surface condition (e.g., wet, icy)",Non-intersection:  Non-junction/no special feature,Paved,,Possible/Unknown,0,1,0,0,1,0,15500,1,3,,POINT (-93.939749095936 42.299582959586)
2014833402,14-041128-01,11/28/2014,11-November,6-Friday,23:45,2300 Hours,District 6 (East Central),,IOWA,I-80,I-80,Collision with fixed object:  Ditch,Roadside,Non-collision (single vehicle),Swerving/Evasive Action,None Indicated,,Dark - roadway not lighted,Dry,Cloudy,None apparent,Non-intersection:  Non-junction/no special feature,Paved,,Property Damage Only,0,0,0,0,0,0,4500,1,1,,POINT (-91.853172216499 41.687212170619)
2014831178,14-42274,11/28/2014,11-November,6-Friday,03:35,0300 Hours,District 5 (Southeast),,DES MOINES,,PEGTOWN RD & 102ND AVE,Collision with fixed object:  Ditch,On Roadway,Non-collision (single vehicle),Downhill runaway,None Indicated,,Dark - roadway not lighted,Ice/frost,Cloudy,"Surface condition (e.g., wet, icy)",Intersection:  Y-intersection,Unpaved,,Property Damage Only,0,0,0,0,0,0,1500,1,1,,POINT (-91.127312043121 40.98609212017)
2014830801,14-1668,11/28/2014,11-November,6-Friday,01:00,0100 Hours,District 3 (Northwest),SPIRIT LAKE,DICKINSON,US 71,US 71/18TH ST & CHICAGO AVE,Collision with fixed object:  Utility pole/light support,On Roadway,Non-collision (single vehicle),Driving too fast for conditions,None Indicated,,Dark - roadway lighted,Dry,Clear,None apparent,Non-intersection:  Non-junction/no special feature,Paved,,Property Damage Only,0,0,0,0,0,0,2000,1,2,,POINT (-95.094219119844 43.423314774633)
2014830649,14-028946,11/28/2014,11-November,6-Friday,01:25,0100 Hours,District 5 (Southeast),,MARION,,Co Rd G76/HWY G76,Collision with:  Animal,,,Animal,None Indicated,,,,,,,Paved,,Property Damage Only,0,0,0,0,0,0,5000,1,1,,POINT (-93.32336623943 41.200587830988)
2014881156,14-018790,11/28/2014,11-November,6-Friday,14:11,1400 Hours,District 2 (Northeast),CHARLES CITY,FLOYD,US 18,US 18/S GRAND AVE & OLD HWY RD,Collision with:  Vehicle in traffic,On Roadway,Rear-end (front to rear),Lost Control,None Indicated,,Daylight,Dry,Cloudy,None apparent,Intersection:  T-intersection,Paved,,Property Damage Only,0,0,0,0,0,0,5000,2,4,,POINT (-92.672572351731 43.051033331258)
2014830682,14-23080,11/28/2014,11-November,6-Friday,15:48,1500 Hours,District 6 (East Central),BETTENDORF,SCOTT,I-80,I-80 & MIDDLE RD,Collision with:  Vehicle in traffic,On Roadway,Broadside (front to side),Ran Stop Sign,None Indicated,,Daylight,Dry,Cloudy,None apparent,Intersection:  Intersection with ramp,Paved,,Possible/Unknown,0,1,0,0,1,0,7000,2,3,,POINT (-90.459174113456 41.594853163993)
2014830970,E14-116749,11/28/2014,11-November,6-Friday,07:24,0700 Hours,District 2 (Northeast),EVANSDALE,BLACK HAWK,I-380,I-380 & RIVER RD,Non-collision events:  Other non-collision (explain in narrative),On Roadway,Non-collision (single vehicle),Swerving/Evasive Action,None Indicated,,Daylight,Dry,Clear,None apparent,Non-intersection:  Other non-intersection (explain in narrative),Paved,,Property Damage Only,0,0,0,0,0,0,2000,1,1,,POINT (-92.278954245726 42.460455854145)
2014831654,14020674,11/28/2014,11-November,6-Friday,09:07,0900 Hours,District 2 (Northeast),MASON CITY,CERRO GORDO,IA 122,IA 122/4TH ST SW & S GROVER AVE,Collision with:  Vehicle in traffic,On Roadway,Rear-end (front to rear),Followed too close,None Indicated,,Daylight,Wet,Cloudy,None apparent,Non-intersection:  Non-junction/no special feature,Paved,,Major Injury,0,2,1,0,1,0,16000,2,5,,POINT (-93.233729527104 43.148399203597)
2014831870,1411282213,11/28/2014,11-November,6-Friday,22:13,2200 Hours,District 6 (East Central),OLIN,JONES,IA 38,IA 38/IOWA 38,Collision with:  Animal,,,Animal,None Indicated,,,,,,,Paved,,Property Damage Only,0,0,0,0,0,0,3000,1,1,,POINT (-91.13669634384 42.032786301292)
2014831811,,11/28/2014,11-November,6-Friday,12:53,1200 Hours,District 3 (Northwest),LAKE CITY,CALHOUN,,CENTER ST,Collision with:  Parked motor vehicle,On Roadway,Broadside (front to side),Driving too fast for conditions,None Indicated,,Daylight,Ice/frost,Clear,"Surface condition (e.g., wet, icy)",Non-intersection:  Non-junction/no special feature,Paved,,Property Damage Only,0,0,0,0,0,0,2500,2,2,,POINT (-94.733822911695 42.264072983271)