Iowa DOT Case Number,Law Enforcement Case Number,Date of Crash,Month of Crash,Day of Week,Time of Crash,Hour,DOT District,City Name,County Name,Route with System,Location Description,First Harmful Event,Location of First Harmful Event,Manner of Crash/Collision,Major Cause,Drug or Alcohol ,Environmental Conditions,Light Conditions,Surface Conditions,Weather Conditions,Roadway Contribution,Roadway Type,Roadway Surface,Work Zone,Crash Severity,Number of Fatalities,Number of Injuries,Number of Major Injuries,Number of Minor Injuries,Number of Possible Injuries,Number of Unknown Injuries,Amount of Property Damage,Number of Vehicles Involved,Total Number of Occupants,Travel Direction,Location
2014830621,2014-81841,11/28/2014,11-November,6-Friday,12:58,1200 Hours,District 6 (East Central),DAVENPORT,SCOTT,,ELMORE AVE,Collision with:  Vehicle in traffic,On Roadway,Broadside (front to side),Other (explain in narrative):  Other,None Indicated,,Daylight,Dry,Cloudy,None apparent,Non-intersection:  Non-junction/no special feature,Paved,,Property Damage Only,0,0,0,0,0,0,3500,2,2,,POINT (-90.527185260952 41.558474449478)
2014830465,2014-24367,11/28/2014,11-November,6-Friday,06:27,0600 Hours,District 6 (East Central),LONG GROVE,SCOTT,US 61,US 61,Collision with:  Animal,,,Animal,None Indicated,,,,,,,Paved,,Property Damage Only,0,0,0,0,0,0,4000,1,1,,POINT (-90.565820931753 41.698770622303)
2014830600,14-39108,11/28/2014,11-November,6-Friday,09:40,0900 Hours,District 3 (Northwest),SIOUX CITY,WOODBURY,,W 19TH ST,Collision with:  Vehicle in traffic,On Roadway,Rear-end (front to rear),Followed too close,None Indicated,,Daylight,Dry,Clear,None apparent,Non-intersection:  Non-junction/no special feature,Paved,,Property Damage Only,0,0,0,0,0,0,1700,2,3,,POINT (-96.417362293967 42.51053381115)
2014830835,14036421,11/28/2014,11-November,6-Friday,13:17,1300 Hours,District 5 (Southeast),,LEE,,Co Rd X23/WEST POINT RD,Collision with:  Animal,,,Animal,None Indicated,,,,,,,Paved,,Property Damage Only,0,0,0,0,0,0,3000,1,1,,POINT (-91.421796047238 40.637242320138)
2014830518,14025170,11/28/2014,11-November,6-Friday,06:06,0600 Hours,District 6 (East Central),MARION,LINN,IA 100,IA 100/COLLINS RD SE,Collision with fixed object:  Concrete traffic barrier (median or right side),On Roadway,Non-collision (single vehicle),Lost Control,None Indicated,,Dark - roadway lighted,"Mud, dirt",Clear,"Surface condition (e.g., wet, icy)",Intersection:  Four-way intersection,Paved,,Property Damage Only,0,0,0,0,0,0,2000,1,1,,POINT (-91.604513901856 42.015499286892)
2014833617,14-028956,11/28/2014,11-November,6-Friday,11:10,1100 Hours,District 5 (Southeast),,MARION,,Co Rd G28/HWY G28 & Co Rd T15/HWY T15,Collision with:  Vehicle in traffic,On Roadway,Broadside (front to side),Ran Stop Sign,None Indicated,,Daylight,Wet,Clear,None apparent,Intersection:  T-intersection,Paved,,Major Injury,0,4,4,0,0,0,20000,2,4,,POINT (-92.96242001767 41.407259370431)
2014832534,176-2014,11/28/2014,11-November,6-Friday,21:55,2100 Hours,District 4 (Southwest),,HARRISON,US 30,US 30/E LINCOLN WAY,Collision with:  Animal,On Roadway,Non-collision (single vehicle),Animal,None Indicated,,Dark - roadway lighted,Dry,Cloudy,None apparent,Non-intersection:  Driveway access (within),Paved,,Property Damage Only,0,0,0,0,0,0,3000,1,2,,POINT (-95.878713390009 41.561829074832)
2014831111,1400001059,11/28/2014,11-November,6-Friday,17:37,1700 Hours,District 1 (Central),,MARSHALL,IA 14,IA 14/SANFORD AVE,Collision with:  Animal,,,Animal,None Indicated,,,,,,,Paved,,Property Damage Only,0,0,0,0,0,0,4000,1,1,,POINT (-92.90817065896 42.067880116546)
2014831110,1400001057,11/28/2014,11-November,6-Friday,00:45,0000 Hours,District 1 (Central),,MARSHALL,,TAYLOR AVE & 170TH ST,Collision with:  Vehicle in traffic,On Roadway,Broadside (front to side),FTYROW:  From stop sign,None Indicated,,Dark - roadway not lighted,Snow,Cloudy,"Surface condition (e.g., wet, icy)",Intersection:  Four-way intersection,Unpaved,,Property Damage Only,0,0,0,0,0,0,21000,2,3,,POINT (-92.884178302604 42.106946745147)
2014831656,14020712,11/28/2014,11-November,6-Friday,21:06,2100 Hours,District 2 (Northeast),MASON CITY,CERRO GORDO,IA 122,IA 122/IOWA 122 & SEDARS DR,Collision with:  Vehicle in traffic,On Roadway,Rear-end (front to rear),Followed too close,None Indicated,,Dark - roadway not lighted,Dry,Clear,None apparent,Intersection:  Other intersection (explain in narrative),Paved,,Property Damage Only,0,0,0,0,0,0,2500,2,4,,POINT (-93.270476804183 43.148381271779)
2014830459,14-24359,11/28/2014,11-November,6-Friday,03:10,0300 Hours,District 6 (East Central),,SCOTT,I-80,I-80,Collision with:  Animal,On Roadway,Non-collision (single vehicle),Animal,None Indicated,,Dark - roadway not lighted,Dry,Clear,None apparent,Non-intersection:  Non-junction/no special feature,Paved,,Property Damage Only,0,0,0,0,0,0,3000,1,3,,POINT (-90.409703620457 41.597675212656)
2014831162,2014-040082,11/28/2014,11-November,6-Friday,10:45,1000 Hours,District 6 (East Central),DUBUQUE,DUBUQUE,,PENNSYLVANIA AVE & BIES DR,Collision with:  Vehicle in traffic,On Roadway,Rear-end (front to rear),Lost Control,None Indicated,,Daylight,Dry,Cloudy,None apparent,Non-intersection:  Non-junction/no special feature,Paved,,Property Damage Only,0,0,0,0,0,0,6000,2,2,,POINT (-90.726337097903 42.500485676095)
2014831655,14020688,11/28/2014,11-November,6-Friday,15:09,1500 Hours,District 2 (Northeast),MASON CITY,CERRO GORDO,US 65,US 65/S WASHINGTON AVE & 2ND ST SW,Collision with:  Vehicle in traffic,On Roadway,"Angle, oncoming left turn",Made improper turn,None Indicated,,Daylight,Wet,Cloudy,None apparent,Non-intersection:  Non-junction/no special feature,Paved,,Property Damage Only,0,0,0,0,0,0,2000,2,4,,POINT (-93.202607686869 43.149971359447)
2014832042,,11/28/2014,11-November,6-Friday,03:02,0300 Hours,District 2 (Northeast),,WINNESHIEK,,Co Rd W34/NORTH WINN RD & COLONEL TAYLOR RD,Collision with fixed object:  Ditch,Outside trafficway,Non-collision (single vehicle),Ran off road - right,None Indicated,,Dark - roadway not lighted,Snow,Snow,None apparent,Intersection:  T-intersection,Paved,,Property Damage Only,0,0,0,0,0,0,1750,1,3,,POINT (-91.804735689107 43.371146420185)
2014832422,DCP14-0557,11/28/2014,11-November,6-Friday,21:53,2100 Hours,District 4 (Southwest),DALLAS CENTER,DALLAS,,HICKORY CT,Collision with:  Parked motor vehicle,On Roadway,Rear-end (front to rear),Other (explain in narrative):  No improper action,None Indicated,,Dark - roadway lighted,Dry,Clear,None apparent,Non-intersection:  Non-junction/no special feature,Paved,,Property Damage Only,0,0,0,0,0,0,1500,2,1,,POINT (-93.951262478461 41.67934191344)
2014830729,BP14000961,11/28/2014,11-November,6-Friday,05:25,0500 Hours,District 2 (Northeast),BELMOND,WRIGHT,,MAIN ST E,Collision with:  Vehicle in traffic,On Roadway,Rear-end (front to rear),Improper Backing,None Indicated,,Dark - roadway lighted,Ice/frost,Clear,Work Zone (roadway-related),Non-intersection:  Non-junction/no special feature,Paved,Yes,Property Damage Only,0,0,0,0,0,0,2000,2,3,,POINT (-93.614990411025 42.845919030899)
2014830594,14-39096,11/28/2014,11-November,6-Friday,05:38,0500 Hours,District 3 (Northwest),SIOUX CITY,WOODBURY,,MILITARY RD,Collision with:  Animal,,,Animal,None Indicated,,,,,,,Paved,,Property Damage Only,0,0,0,0,0,0,2000,1,1,,POINT (-96.470162782616 42.520723065725)
2014830418,20140035330,11/28/2014,11-November,6-Friday,10:30,1000 Hours,District 1 (Central),DES MOINES,POLK,US 69,US 69/SE 14TH ST,Collision with:  Vehicle in traffic,On Roadway,Rear-end (front to rear),FTYROW:  Other (explain in narrative),None Indicated,,Daylight,Dry,Cloudy,None apparent,Non-intersection:  Non-junction/no special feature,Paved,,Property Damage Only,0,0,0,0,0,0,1501,2,3,,POINT (-93.596840316414 41.539207756855)
2014830457,14-42295,11/28/2014,11-November,6-Friday,10:08,1000 Hours,District 5 (Southeast),BURLINGTON,DES MOINES,,SOUTH ST & SUMMER ST,Collision with fixed object:  Curb/island/raised median,On Roadway,Non-collision (single vehicle),Lost Control,None Indicated,,Daylight,Ice/frost,Clear,"Surface condition (e.g., wet, icy)",Non-intersection:  Non-junction/no special feature,Paved,,Property Damage Only,0,0,0,0,0,0,1700,1,1,,POINT (-91.115079739705 40.79545181392)
2014830615,14-39328,11/28/2014,11-November,6-Friday,18:00,1800 Hours,District 3 (Northwest),SIOUX CITY,WOODBURY,,S ST MARYS ST,Collision with:  Parked motor vehicle,On Roadway,Unknown,Unknown,None Indicated,,Dark - roadway lighted,Dry,Clear,None apparent,Intersection:  Four-way intersection,Paved,,Property Damage Only,0,0,0,0,0,0,1600,2,1,,POINT (-96.360460046393 42.467312845908)
2014830854,2014-81844,11/28/2014,11-November,6-Friday,12:42,1200 Hours,District 6 (East Central),DAVENPORT,SCOTT,,DOUGLAS CT,Non-collision events:  Other non-collision (explain in narrative),Outside trafficway,Non-collision (single vehicle),Unknown,None Indicated,,Daylight,Snow,Cloudy,None apparent,Non-intersection:  Driveway access (within),Paved,,Property Damage Only,0,0,0,0,0,0,2000,1,1,,POINT (-90.565766823393 41.537205501845)
2014850987,14009583,11/28/2014,11-November,6-Friday,20:18,2000 Hours,District 5 (Southeast),,LOUISA,,Co Rd G40/COUNTY RD G 40,Collision with:  Animal,,,Animal,None Indicated,,,,,,,Paved,,Property Damage Only,0,0,0,0,0,0,4000,1,1,,POINT (-91.340332792305 41.302493335683)
2014830547,20140035344,11/28/2014,11-November,6-Friday,13:56,1300 Hours,District 1 (Central),DES MOINES,POLK,US 69,US 69/SE 14TH ST,Collision with:  Vehicle in traffic,On Roadway,Rear-end (front to rear),Followed too close,None Indicated,,Daylight,Wet,Clear,None apparent,Non-intersection:  Non-junction/no special feature,Paved,,Minor Injury,0,2,0,2,0,0,4300,4,8,,POINT (-93.596910030149 41.574155741251)
2014830773,14-050137,11/28/2014,11-November,6-Friday,18:10,1800 Hours,District 4 (Southwest),COUNCIL BLUFFS,POTTAWATTAMIE,I-29,I-29 & IA 192/S EXPRESSWAY,Collision with:  Vehicle in traffic,On Roadway,Rear-end (front to rear),Followed too close,None Indicated,,Dark - roadway lighted,Dry,Clear,None apparent,Non-intersection:  Non-junction/no special feature,Paved,,Possible/Unknown,0,1,0,0,1,0,1500,2,5,,POINT (-95.851316731227 41.232110833706)
2014831186,112814-167,11/28/2014,11-November,6-Friday,16:24,1600 Hours,District 3 (Northwest),STORM LAKE,BUENA VISTA,,E 4TH ST & VILAS RD,Collision with:  Vehicle in traffic,On Roadway,"Sideswipe, same direction",Other (explain in narrative):  No improper action,None Indicated,,Daylight,Wet,Cloudy,None apparent,Non-intersection:  Non-junction/no special feature,Paved,,Property Damage Only,0,0,0,0,0,0,2600,2,2,,POINT (-95.184774906734 42.642489497345)
2014830772,14-050129,11/28/2014,11-November,6-Friday,17:24,1700 Hours,District 4 (Southwest),COUNCIL BLUFFS,POTTAWATTAMIE,,AVE N,Collision with:  Vehicle in traffic,On Roadway,"Sideswipe, opposite direction",Crossed centerline (undivided),None Indicated,,Dark - roadway lighted,Dry,Clear,None apparent,Non-intersection:  Non-junction/no special feature,Paved,,Possible/Unknown,0,1,0,0,1,0,5000,2,3,,POINT (-95.883256009872 41.274455224602)
2014832063,,11/28/2014,11-November,6-Friday,18:15,1800 Hours,District 6 (East Central),DE WITT,CLINTON,,9TH ST & 5TH AVE,Collision with:  Vehicle in traffic,On Roadway,Rear-end (front to rear),Improper Backing,None Indicated,,Dark - roadway lighted,Dry,Cloudy,None apparent,Non-intersection:  Non-junction/no special feature,Paved,,Property Damage Only,0,0,0,0,0,0,2000,2,3,,POINT (-90.537484016379 41.824251844383)
2014830417,20140035323,11/28/2014,11-November,6-Friday,09:22,0900 Hours,District 1 (Central),DES MOINES,POLK,IA 163,IA 163/E UNIVERSITY AVE & E 30TH ST,Collision with:  Vehicle in traffic,On Roadway,Rear-end (front to rear),"Operating vehicle in an reckless, erratic, careless, negligent manner",None Indicated,,Daylight,Wet,Cloudy,None apparent,Intersection:  Four-way intersection,Paved,,Possible/Unknown,0,1,0,0,1,0,3200,2,4,,POINT (-93.558453621082 41.600560097132)
2014830723,261402144,11/28/2014,11-November,6-Friday,17:50,1700 Hours,District 5 (Southeast),BLOOMFIELD,DAVIS,US 63,US 63,Collision with:  Animal,,,Animal,None Indicated,,,,,,,Paved,,Property Damage Only,0,0,0,0,0,0,2000,1,1,,POINT (-92.403725967538 40.768158778244)
2014830687,2014-81879,11/28/2014,11-November,6-Friday,17:58,1700 Hours,District 6 (East Central),DAVENPORT,SCOTT,,IA 461/BRADY ST & E 30TH ST,Collision with:  Vehicle in traffic,On Roadway,Unknown,Ran Stop Sign,None Indicated,,Dark - roadway lighted,Dry,Clear,None apparent,Intersection:  T-intersection,Paved,,Property Damage Only,0,0,0,0,0,0,10000,2,3,,POINT (-90.570165898672 41.550970300137)
2014830509,1411288022,11/28/2014,11-November,6-Friday,19:55,1900 Hours,District 6 (East Central),,CLINTON,US 61,US 61,Collision with:  Animal,,,Animal,None Indicated,,,,,,,Paved,,Property Damage Only,0,0,0,0,0,0,1500,1,1,,POINT (-90.656052272427 41.997676494261)
2014831542,2014066589,11/28/2014,11-November,6-Friday,14:42,1400 Hours,District 2 (Northeast),,FLOYD,US 18,US 18 & US 218 & Co Rd T44/QUARRY AVE,Collision with:  Vehicle in traffic,On Roadway,Head-on (front to front),FTYROW:  From stop sign,None Indicated,,Daylight,Dry,Cloudy,None apparent,Intersection:  Other intersection (explain in narrative),Paved,,Minor Injury,0,2,0,1,1,0,30400,2,3,,POINT (-92.738690971436 43.121090801251)
2014832477,2014-81884,11/28/2014,11-November,6-Friday,17:29,1700 Hours,District 6 (East Central),DAVENPORT,SCOTT,,JERSEY RIDGE RD,Collision with:  Animal,,Non-collision (single vehicle),Animal,None Indicated,,,,,,,Paved,,Property Damage Only,0,0,0,0,0,0,1500,1,1,,POINT (-90.541626003189 41.571654347663)
2014831362,SO1405155,11/28/2014,11-November,6-Friday,21:45,2100 Hours,District 5 (Southeast),,JEFFERSON,,136TH ST,Collision with:  Animal,On Roadway,Non-collision (single vehicle),Animal,None Indicated,,Dark - roadway not lighted,Snow,Clear,"Surface condition (e.g., wet, icy)",Non-intersection:  Non-junction/no special feature,Unpaved,,Property Damage Only,0,0,0,0,0,0,3000,1,2,,POINT (-91.822140523056 41.110579684788)
2014832755,14-17575,11/28/2014,11-November,6-Friday,21:26,2100 Hours,District 6 (East Central),,JACKSON,,Co Rd Z34/435 AVE,Non-collision events:  Overturn/rollover,Outside trafficway,Non-collision (single vehicle),Ran off road - right,None Indicated,,Dark - roadway not lighted,Dry,Clear,None apparent,Non-intersection:  Non-junction/no special feature,Paved,,Minor Injury,0,1,0,1,0,0,7300,1,1,,POINT (-90.393282900109 42.117824328417)
2014830531,20140035385,11/28/2014,11-November,6-Friday,23:04,2300 Hours,District 1 (Central),DES MOINES,POLK,,UNIVERSITY AVE,Collision with:  Parked motor vehicle,Shoulder,Rear-end (front to rear),Lost Control,Alcohol (Statutory),,Dark - roadway lighted,Wet,Clear,None apparent,Non-intersection:  Non-junction/no special feature,Paved,,Property Damage Only,0,0,0,0,0,0,7000,2,2,,POINT (-93.648763482643 41.600428214693)
2014830390,20140035301,11/28/2014,11-November,6-Friday,00:26,0000 Hours,District 1 (Central),DES MOINES,POLK,,INDIANAPOLIS AVE,Non-collision events:  Other non-collision (explain in narrative),On Roadway,"Sideswipe, same direction",Illegally Parked/Unattended,None Indicated,,Dark - roadway lighted,Dry,Clear,None apparent,Non-intersection:  Non-junction/no special feature,Paved,,Property Damage Only,0,0,0,0,0,0,2000,2,2,,POINT (-93.556964167831 41.605971667847)
2014831452,14027759,11/28/2014,11-November,6-Friday,23:30,2300 Hours,District 5 (Southeast),OSKALOOSA,MAHASKA,,S 1ST ST,Collision with:  Parked motor vehicle,On Roadway,Head-on (front to front),Unknown,None Indicated,,Dark - roadway lighted,Unknown,Unknown,Unknown,Non-intersection:  Non-junction/no special feature,Paved,,Property Damage Only,0,0,0,0,0,0,3000,2,1,,POINT (-92.643874377124 41.292362041442)
2014831432,2014066602,11/28/2014,11-November,6-Friday,16:10,1600 Hours,District 6 (East Central),IOWA CITY,JOHNSON,US 218,US 218,Collision with:  Vehicle in traffic,On Roadway,Rear-end (front to rear),Followed too close,None Indicated,,Daylight,Dry,Clear,None apparent,Non-intersection:  Non-junction/no special feature,Paved,,Property Damage Only,0,0,0,0,0,0,13000,2,2,,POINT (-91.592202747469 41.653048490001)
2014832425,,11/28/2014,11-November,6-Friday,11:10,1100 Hours,District 6 (East Central),CEDAR RAPIDS,LINN,,,Collision with:  Vehicle in traffic,On Roadway,Rear-end (front to rear),Unknown,None Indicated,,Daylight,Dry,Clear,,Intersection:  Four-way intersection,,,Property Damage Only,0,0,0,0,0,0,4000,2,4,,POINT (-96.643700149993 40.233091251414)
2014830555,20140035365,11/28/2014,11-November,6-Friday,18:07,1800 Hours,District 1 (Central),DES MOINES,POLK,IA 163,IA 163/E UNIVERSITY AVE & E 30TH ST,Collision with:  Vehicle in traffic,On Roadway,"Angle, oncoming left turn",FTYROW:  Making left turn,None Indicated,,Dark - roadway lighted,Wet,Cloudy,None apparent,Intersection:  Four-way intersection,Paved,,Property Damage Only,0,0,0,0,0,0,6500,2,3,,POINT (-93.558393312663 41.600524361461)
2014839048,2014-81853,11/28/2014,11-November,6-Friday,14:34,1400 Hours,District 6 (East Central),DAVENPORT,SCOTT,,W 8TH ST,Collision with:  Vehicle in traffic,On Roadway,Rear-end (front to rear),"Operating vehicle in an reckless, erratic, careless, negligent manner",None Indicated,,Daylight,Dry,Clear,None apparent,Non-intersection:  Non-junction/no special feature,Paved,,Property Damage Only,0,0,0,0,0,0,1500,2,777,,POINT (-90.585667843257 41.527790268908)
2014831949,2014066613,11/28/2014,11-November,6-Friday,17:00,1700 Hours,District 6 (East Central),TIFFIN,JOHNSON,I-80,I-80,Collision with:  Vehicle in traffic,On Roadway,Rear-end (front to rear),Followed too close,None Indicated,,Dusk,Dry,Clear,None apparent,Non-intersection:  Non-junction/no special feature,Paved,,Property Damage Only,0,0,0,0,0,0,10000,2,6,,POINT (-91.657404156232 41.693945390083)
2014830852,14-6026,11/28/2014,11-November,6-Friday,12:36,1200 Hours,District 1 (Central),WEST DES MOINES,POLK,I-235,I-235,Collision with:  Parked motor vehicle,On Roadway,Broadside (front to side),Driving too fast for conditions,None Indicated,,Daylight,Dry,Clear,None apparent,Non-intersection:  Non-junction/no special feature,Paved,,Minor Injury,0,2,0,1,1,0,5500,2,3,,POINT (-93.721067751488 41.593350126991)
2014830496,W14-116737,11/28/2014,11-November,6-Friday,05:20,0500 Hours,District 2 (Northeast),WATERLOO,BLACK HAWK,,MARTIN LUTHER KING JR DR & TYSON DR,Collision with:  Vehicle in traffic,On Roadway,Broadside (front to side),Made improper turn,None Indicated,,Dark - roadway lighted,Dry,Clear,None apparent,Intersection:  T-intersection,Paved,,Property Damage Only,0,0,0,0,0,0,5000,2,2,,POINT (-92.26301831957 42.504230951246)
2014830464,14-050068,11/28/2014,11-November,6-Friday,06:30,0600 Hours,District 4 (Southwest),COUNCIL BLUFFS,POTTAWATTAMIE,I-29,I-29,Collision with fixed object:  Bridge overhead structure,On Roadway,Non-collision (single vehicle),Lost Control,None Indicated,,Dark - roadway lighted,Ice/frost,Clear,None apparent,Non-intersection:  Other non-intersection (explain in narrative),Paved,,Possible/Unknown,0,1,0,0,1,0,10000,1,1,,POINT (-95.908420510334 41.266103329917)
2014833735,S79140378,11/28/2014,11-November,6-Friday,14:05,1400 Hours,District 1 (Central),,POWESHIEK,I-80,I-80,Collision with fixed object:  Ditch,Outside trafficway,Non-collision (single vehicle),Ran off road - right,None Indicated,,Daylight,Dry,Clear,None apparent,Non-intersection:  Non-junction/no special feature,Paved,,Minor Injury,0,1,0,1,0,0,5000,1,2,,POINT (-92.374134225144 41.695760804326)
2014831744,201400057828,11/28/2014,11-November,6-Friday,12:21,1200 Hours,District 5 (Southeast),OTTUMWA,WAPELLO,,E 2ND ST,Collision with:  Vehicle in traffic,On Roadway,"Sideswipe, same direction",FTYROW:  From parked position,None Indicated,,Daylight,Dry,Clear,None apparent,Non-intersection:  Non-junction/no special feature,Paved,,Property Damage Only,0,0,0,0,0,0,3000,2,2,,POINT (-92.402352419124 41.01211554113)
2014830668,20140004373,11/28/2014,11-November,6-Friday,22:40,2200 Hours,District 6 (East Central),,LINN,,Co Rd E36/BLAIRS FERRY RD,Collision with:  Animal,,,Animal,None Indicated,,,,,,,Paved,,Property Damage Only,0,0,0,0,0,0,2500,1,1,,POINT (-91.762157568365 42.065996328793)
2014831326,2014066641,11/28/2014,11-November,6-Friday,21:29,2100 Hours,District 6 (East Central),CORALVILLE,JOHNSON,US 218,US 218,Collision with:  Animal,,,Animal,None Indicated,,,,,,,Paved,,Property Damage Only,0,0,0,0,0,0,10000,1,1,,POINT (-91.634502600477 41.687568871028)
2014830884,14-2666,11/28/2014,11-November,6-Friday,08:50,0800 Hours,District 1 (Central),URBANDALE,POLK,,WILDEN DR,Collision with:  Vehicle in traffic,On Roadway,Broadside (front to side),Made improper turn,None Indicated,,Daylight,Ice/frost,Clear,None apparent,Intersection:  Four-way intersection,Paved,,Possible/Unknown,0,1,0,0,1,0,6000,2,4,,POINT (-93.720196360419 41.627204630345)
2014831273,14-010075,11/28/2014,11-November,6-Friday,23:45,2300 Hours,District 2 (Northeast),,CLAYTON,,Co Rd W7C/CRYSTAL RD,Collision with fixed object:  Ditch,On Roadway,Non-collision (single vehicle),Driving too fast for conditions,Alcohol (Statutory),,Dark - roadway not lighted,"Mud, dirt",Cloudy,None apparent,Non-intersection:  Non-junction/no special feature,Unpaved,,Minor Injury,0,1,0,1,0,0,4500,1,1,,POINT (-91.512487647294 42.766433328728)
2014830722,261402142,11/28/2014,11-November,6-Friday,14:02,1400 Hours,District 5 (Southeast),FLORIS,DAVIS,,MAIN ST,Collision with fixed object:  Ditch,On Roadway,Non-collision (single vehicle),Crossed centerline (undivided),None Indicated,,Daylight,Dry,Clear,None apparent,Non-intersection:  Non-junction/no special feature,Paved,,Possible/Unknown,0,1,0,0,1,0,7650,1,1,,POINT (-92.335435851015 40.864914696083)
2014830599,14-39104,11/28/2014,11-November,6-Friday,07:02,0700 Hours,District 3 (Northwest),SIOUX CITY,WOODBURY,I-29,I-29,Collision with:  Vehicle in traffic,On Roadway,Rear-end (front to rear),Swerving/Evasive Action,None Indicated,,Dawn,Ice/frost,Clear,"Surface condition (e.g., wet, icy)",Non-intersection:  Other non-intersection (explain in narrative),Paved,,Major Injury,0,2,1,1,0,0,13100,4,5,,POINT (-96.375381731631 42.444443568202)
2014830597,14-39101,11/28/2014,11-November,6-Friday,07:02,0700 Hours,District 3 (Northwest),SIOUX CITY,WOODBURY,I-29,I-29,Collision with fixed object:  Concrete traffic barrier (median or right side),Median,Non-collision (single vehicle),Lost Control,None Indicated,,Daylight,Dry,Cloudy,"Surface condition (e.g., wet, icy)",Non-intersection:  Other non-intersection (explain in narrative),Paved,,Property Damage Only,0,0,0,0,0,0,2000,1,3,,POINT (-96.375121990549 42.444361179581)
2014834416,2014-007539,11/28/2014,11-November,6-Friday,14:31,1400 Hours,District 6 (East Central),,BENTON,,14 AVE & 72 ST,Non-collision events:  Overturn/rollover,On Roadway,Non-collision (single vehicle),Lost Control,None Indicated,,Daylight,Wet,Cloudy,None apparent,Intersection:  T-intersection,Unpaved,,Property Damage Only,0,0,0,0,0,0,3500,1,1,,POINT (-92.221381767453 41.978722707644)
2014831382,SO1405152,11/28/2014,11-November,6-Friday,15:42,1500 Hours,District 5 (Southeast),,JEFFERSON,,Co Rd H43/ASH AVE,Collision with:  Animal,,,Animal,None Indicated,,,,,,,Paved,,Property Damage Only,0,0,0,0,0,0,5000,1,1,,POINT (-92.168978123191 40.966439334533)
2014831090,14116898,11/28/2014,11-November,6-Friday,19:02,1900 Hours,District 2 (Northeast),CEDAR FALLS,BLACK HAWK,,N S FRONTAGE CONN,Collision with:  Vehicle in traffic,On Roadway,Broadside (front to side),Ran Stop Sign,None Indicated,,Dark - roadway lighted,Dry,Cloudy,None apparent,Intersection:  Four-way intersection,Paved,,Property Damage Only,0,0,0,0,0,0,2000,2,4,,POINT (-92.42886903541 42.5129585203)
2014830493,W14-116846,11/28/2014,11-November,6-Friday,14:38,1400 Hours,District 2 (Northeast),WATERLOO,BLACK HAWK,,MARTIN LUTHER KING JR DR & NORTHEAST DR,Collision with:  Vehicle in traffic,On Roadway,"Angle, oncoming left turn",Ran Traffic Signal,None Indicated,,Daylight,Dry,Clear,None apparent,Intersection:  Four-way intersection,Paved,,Property Damage Only,0,0,0,0,0,0,8000,2,3,,POINT (-92.286477958074 42.506937063565)
2014831458,2014-040097,11/28/2014,11-November,6-Friday,22:15,2200 Hours,District 6 (East Central),DUBUQUE,DUBUQUE,IA 32,IA 32,Collision with:  Animal,,,Animal,None Indicated,,,,,,,Paved,,Property Damage Only,0,0,0,0,0,0,3000,1,1,,POINT (-90.71981594523 42.527209644397)
2014831950,2014066618,11/28/2014,11-November,6-Friday,17:05,1700 Hours,District 6 (East Central),CORALVILLE,JOHNSON,I-80,I-80,Collision with fixed object:  Other fixed object (explain in narrative),Shoulder,Non-collision (single vehicle),Ran off road - right,Refused,,Daylight,Dry,Cloudy,None apparent,Non-intersection:  Other non-intersection (explain in narrative),Paved,,Property Damage Only,0,0,0,0,0,0,5000,1,1,,POINT (-91.559208375514 41.685586636355)
2014831657,14020716,11/28/2014,11-November,6-Friday,21:51,2100 Hours,District 2 (Northeast),MASON CITY,CERRO GORDO,,6TH ST NW,Collision with:  Vehicle in traffic,On Roadway,Head-on (front to front),Lost Control,None Indicated,,Dark - roadway lighted,Snow,Clear,None apparent,Non-intersection:  Non-junction/no special feature,Paved,,Property Damage Only,0,0,0,0,0,0,4000,3,1,,POINT (-93.204722756618 43.157252514628)
2014830502,W14-116880,11/28/2014,11-November,6-Friday,17:27,1700 Hours,District 2 (Northeast),WATERLOO,BLACK HAWK,,BROADWAY ST,Collision with:  Vehicle in traffic,On Roadway,Non-collision (single vehicle),Animal,None Indicated,,Dark - roadway lighted,Dry,Clear,None apparent,Non-intersection:  Other non-intersection (explain in narrative),Paved,,Property Damage Only,0,0,0,0,0,0,1500,1,2,,POINT (-92.383321267684 42.537380340263)
2014830604,14-39128,11/28/2014,11-November,6-Friday,12:39,1200 Hours,District 3 (Northwest),SIOUX CITY,WOODBURY,,SERGEANT RD,Collision with:  Vehicle in traffic,On Roadway,Broadside (front to side),Ran Stop Sign,None Indicated,,Daylight,Dry,Clear,None apparent,Intersection:  T-intersection,Paved,,Property Damage Only,0,0,0,0,0,0,6000,2,3,,POINT (-96.342482706973 42.445129573651)
2014832028,14-42286,11/28/2014,11-November,6-Friday,08:49,0800 Hours,District 5 (Southeast),WEST BURLINGTON,DES MOINES,,AGENCY ST & W BURLINGTON AVE,Collision with:  Vehicle in traffic,On Roadway,Rear-end (front to rear),Lost Control,None Indicated,,Daylight,Ice/frost,Cloudy,None apparent,Intersection:  Four-way intersection,Paved,,Property Damage Only,0,0,0,0,0,0,3500,2,4,,POINT (-91.15094002308 40.814047930391)