Iowa DOT Case Number,Law Enforcement Case Number,Date of Crash,Month of Crash,Day of Week,Time of Crash,Hour,DOT District,City Name,County Name,Route with System,Location Description,First Harmful Event,Location of First Harmful Event,Manner of Crash/Collision,Major Cause,Drug or Alcohol ,Environmental Conditions,Light Conditions,Surface Conditions,Weather Conditions,Roadway Contribution,Roadway Type,Roadway Surface,Work Zone,Crash Severity,Number of Fatalities,Number of Injuries,Number of Major Injuries,Number of Minor Injuries,Number of Possible Injuries,Number of Unknown Injuries,Amount of Property Damage,Number of Vehicles Involved,Total Number of Occupants,Travel Direction,Location
2014832450,14-39094,11/28/2014,11-November,6-Friday,04:04,0400 Hours,District 3 (Northwest),SIOUX CITY,WOODBURY,,CORRECTIONVILLE RD,Collision with fixed object:  Other fixed object (explain in narrative),On Roadway,Non-collision (single vehicle),Driving too fast for conditions,Refused,,Dark - roadway lighted,Dry,Clear,None apparent,Non-intersection:  Non-junction/no special feature,Paved,,Possible/Unknown,0,2,0,0,2,0,7000,1,2,,POINT (-96.340407682008 42.491131400849)
2014832220,201417778,11/28/2014,11-November,6-Friday,21:00,2100 Hours,District 6 (East Central),CEDAR RAPIDS,LINN,,33RD ST NE,Collision with fixed object:  Utility pole/light support,On Roadway,Non-collision (single vehicle),Ran off road - right,Alcohol (Statutory),,Dark - roadway not lighted,Wet,Cloudy,None apparent,Non-intersection:  Non-junction/no special feature,Paved,,Property Damage Only,0,0,0,0,0,0,8500,1,3,,POINT (-91.655713986782 42.011273993961)
2014830601,14-39118,11/28/2014,11-November,6-Friday,11:35,1100 Hours,District 3 (Northwest),SIOUX CITY,WOODBURY,,6TH ST,Collision with:  Vehicle in traffic,On Roadway,"Sideswipe, same direction",Improper or erratic lane changing,None Indicated,,Daylight,Wet,Clear,None apparent,Non-intersection:  Non-junction/no special feature,Paved,,Property Damage Only,0,0,0,0,0,0,4000,2,3,,POINT (-96.40393571263 42.496373625968)
2014835325,2014066564,11/28/2014,11-November,6-Friday,10:54,1000 Hours,District 1 (Central),HUXLEY,STORY,I-35,I-35,Collision with fixed object:  Other fixed object (explain in narrative),On Roadway,Non-collision (single vehicle),Ran off road - left,None Indicated,,Daylight,Dry,Cloudy,None apparent,Non-intersection:  Non-junction/no special feature,Paved,,Property Damage Only,0,0,0,0,0,0,6000,1,2,,POINT (-93.571078629291 41.896531538648)
2014830434,14-6019,11/28/2014,11-November,6-Friday,08:00,0800 Hours,District 1 (Central),WEST DES MOINES,POLK,I-35,I-35,Collision with:  Vehicle in traffic,On Roadway,"Sideswipe, same direction",FTYROW:  Other (explain in narrative),None Indicated,,Daylight,Dry,Clear,None apparent,Interchange-related:  On-ramp merge area,Paved,,Property Damage Only,0,0,0,0,0,0,2000,2,2,,POINT (-93.774263524082 41.594886684886)
2014832261,14-049396,11/28/2014,11-November,6-Friday,18:44,1800 Hours,District 5 (Southeast),,MUSCATINE,US 61,US 61,Collision with:  Animal,On Roadway,Non-collision (single vehicle),Animal,None Indicated,,Dark - roadway not lighted,Wet,Clear,None apparent,Non-intersection:  Non-junction/no special feature,Paved,,Possible/Unknown,0,2,0,0,2,0,5000,1,2,,POINT (-91.190491509425 41.34473911918)
2014831997,002226,11/28/2014,11-November,6-Friday,20:34,2000 Hours,District 2 (Northeast),,MITCHELL,US 218,US 218,Collision with fixed object:  Utility pole/light support,Outside trafficway,Non-collision (single vehicle),Crossed centerline (undivided),Alcohol (Statutory),,Dark - roadway not lighted,Dry,Cloudy,None apparent,Non-intersection:  Non-junction/no special feature,Paved,,Property Damage Only,0,0,0,0,0,0,5700,1,1,,POINT (-92.81479269596 43.378305262059)
2014831808,143861,11/28/2014,11-November,6-Friday,20:21,2000 Hours,District 2 (Northeast),HAMPTON,FRANKLIN,US 65,US 65/4TH ST SE/4TH ST NE & IA 3/CENTRAL AVE E,Collision with:  Vehicle in traffic,On Roadway,Broadside (front to side),Ran Traffic Signal,None Indicated,,Dark - roadway lighted,Wet,Clear,None apparent,Intersection:  Four-way intersection,Paved,,Possible/Unknown,0,1,0,0,1,0,18500,2,3,,POINT (-93.202483296186 42.741875199822)
2014830908,14-42349,11/28/2014,11-November,6-Friday,23:31,2300 Hours,District 5 (Southeast),BURLINGTON,DES MOINES,,9TH ST,Collision with:  Vehicle in traffic,On Roadway,Head-on (front to front),Lost Control,Alcohol (Statutory),,Dark - roadway lighted,Wet,Cloudy,None apparent,Non-intersection:  Non-junction/no special feature,Paved,,Minor Injury,0,1,0,1,0,0,9000,2,1,,POINT (-91.108611190331 40.798264467371)
2014831948,2014066555,11/28/2014,11-November,6-Friday,09:40,0900 Hours,District 6 (East Central),CORALVILLE,JOHNSON,I-80,I-80,Collision with:  Vehicle in traffic,On Roadway,Rear-end (front to rear),Unknown,None Indicated,,Daylight,Dry,Cloudy,None apparent,Interchange-related:  Off-ramp,Paved,,Property Damage Only,0,0,0,0,0,0,2500,3,5,,POINT (-91.614500398961 41.694102583392)
2014831541,2014066568,11/28/2014,11-November,6-Friday,11:35,1100 Hours,District 2 (Northeast),NORTHWOOD,WORTH,I-35,I-35,Collision with:  Vehicle in traffic,On Roadway,Rear-end (front to rear),Other (explain in narrative):  Other,None Indicated,,Daylight,Dry,Cloudy,None apparent,Non-intersection:  Non-junction/no special feature,Paved,,Property Damage Only,0,0,0,0,0,0,30000,2,2,,POINT (-93.350989231532 43.475434364198)
2014831834,14-005650,11/28/2014,11-November,6-Friday,02:00,0200 Hours,District 1 (Central),AMES,STORY,,FRILEY RD & BEACH AVE,Collision with:  Parked motor vehicle,On Roadway,Broadside (front to side),Other (explain in narrative):  Other,None Indicated,,Dark - roadway lighted,Dry,Clear,None apparent,Non-intersection:  Non-junction/no special feature,Paved,,Property Damage Only,0,0,0,0,0,0,1500,2,1,,POINT (-93.639407391337 42.014852390991)
2014831160,2014-040072,11/28/2014,11-November,6-Friday,05:30,0500 Hours,District 6 (East Central),DUBUQUE,DUBUQUE,US 20,US 20/DODGE ST,Collision with:  Animal,On Roadway,Non-collision (single vehicle),Animal,None Indicated,,Dark - roadway lighted,Dry,Cloudy,None apparent,Non-intersection:  Non-junction/no special feature,Paved,,Property Damage Only,0,0,0,0,0,0,2000,1,1,,POINT (-90.696616937117 42.49092268705)
2014830447,14-050066,11/28/2014,11-November,6-Friday,05:27,0500 Hours,District 4 (Southwest),COUNCIL BLUFFS,POTTAWATTAMIE,I-29,I-29 & I-80,Collision with fixed object:  Bridge overhead structure,On Roadway,Non-collision (single vehicle),Lost Control,None Indicated,,Dark - roadway lighted,Ice/frost,Clear,None apparent,Non-intersection:  Other non-intersection (explain in narrative),Paved,,Property Damage Only,0,0,0,0,0,0,4000,1,1,,POINT (-95.834780891215 41.230447962655)
2014830885,14-31544,11/28/2014,11-November,6-Friday,19:00,1900 Hours,District 1 (Central),KELLOGG,JASPER,I-80,I-80,Collision with:  Vehicle in traffic,On Roadway,Rear-end (front to rear),Followed too close,None Indicated,,Dark - roadway not lighted,Dry,Clear,None apparent,Non-intersection:  Non-junction/no special feature,Paved,,Property Damage Only,0,0,0,0,0,0,7000,2,2,,POINT (-92.871156374349 41.69094367656)
2014831743,201400057821,11/28/2014,11-November,6-Friday,11:30,1100 Hours,District 5 (Southeast),OTTUMWA,WAPELLO,,RICHMOND AVE,Collision with:  Vehicle in traffic,On Roadway,Rear-end (front to rear),Improper Backing,None Indicated,,Daylight,Wet,Clear,None apparent,Non-intersection:  Non-junction/no special feature,Paved,,Property Damage Only,0,0,0,0,0,0,2000,2,3,,POINT (-92.427214587467 41.005827960557)
2014832589,14-13774,11/28/2014,11-November,6-Friday,06:30,0600 Hours,District 3 (Northwest),,SIOUX,,BIRCH AVE,Non-collision events:  Other non-collision (explain in narrative),On Roadway,Non-collision (single vehicle),Equipment failure,None Indicated,,Dark - roadway not lighted,"Mud, dirt",Clear,None apparent,Non-intersection:  Non-junction/no special feature,Unpaved,,Property Damage Only,0,0,0,0,0,0,8000,1,1,,POINT (-96.490681690884 42.960862057447)
2014830730,BP14000965,11/28/2014,11-November,6-Friday,22:00,2200 Hours,District 2 (Northeast),BELMOND,WRIGHT,,MONTCLARE LN,Collision with:  Vehicle in traffic,On Roadway,Broadside (front to side),Improper Backing,None Indicated,,Dark - roadway lighted,Ice/frost,Cloudy,None apparent,Non-intersection:  Non-junction/no special feature,Paved,,Property Damage Only,0,0,0,0,0,0,2800,2,1,,POINT (-93.604611177867 42.843272720039)
2014830982,14116805,11/28/2014,11-November,6-Friday,12:05,1200 Hours,District 2 (Northeast),CEDAR FALLS,BLACK HAWK,IA 27,IA 27,Collision with fixed object:  Curb/island/raised median,Median,Non-collision (single vehicle),Swerving/Evasive Action,None Indicated,,Daylight,Dry,Clear,None apparent,Non-intersection:  Non-junction/no special feature,Paved,,Property Damage Only,0,0,0,0,0,0,1600,1,1,,POINT (-92.450273944407 42.490170349426)
2014830837,14049335,11/28/2014,11-November,6-Friday,01:31,0100 Hours,District 5 (Southeast),MUSCATINE,MUSCATINE,,MISSISSIPPI DR & MULBERRY AVE,Collision with fixed object:  Other fixed object (explain in narrative),On Roadway,Non-collision (single vehicle),Ran off road - straight,None Indicated,,Dark - roadway lighted,Dry,Clear,None apparent,Non-intersection:  Other non-intersection (explain in narrative),Paved,,Minor Injury,0,1,0,1,0,0,5000,1,2,,POINT (-91.040587144892 41.422851118886)
2014830595,14-39097,11/28/2014,11-November,6-Friday,04:53,0400 Hours,District 3 (Northwest),SIOUX CITY,WOODBURY,I-129,I-129,Collision with fixed object:  Bridge overhead structure,Shoulder,Non-collision (single vehicle),Lost Control,None Indicated,,Dark - roadway lighted,Ice/frost,Cloudy,"Surface condition (e.g., wet, icy)",Non-intersection:  Other non-intersection (explain in narrative),Paved,,Minor Injury,0,1,0,1,0,0,5000,1,1,,POINT (-96.379397642316 42.446774343901)
2014830492,W14-116922,11/28/2014,11-November,6-Friday,19:57,1900 Hours,District 2 (Northeast),WATERLOO,BLACK HAWK,,KINGSLEY AVE & EUCLID AVE,Collision with:  Vehicle in traffic,On Roadway,Rear-end (front to rear),Other (explain in narrative):  Other,None Indicated,,Dark - roadway lighted,Dry,Clear,None apparent,Intersection:  Four-way intersection,Paved,,Property Damage Only,0,0,0,0,0,0,3000,2,1,,POINT (-92.36368851095 42.484814143423)
2014830999,14-42319,11/28/2014,11-November,6-Friday,16:07,1600 Hours,District 5 (Southeast),BURLINGTON,DES MOINES,,COLUMBIA ST,Collision with:  Parked motor vehicle,Outside trafficway,Broadside (front to side),Other (explain in narrative):  Other,None Indicated,,Daylight,Wet,Clear,None apparent,Non-intersection:  Non-junction/no special feature,Paved,,Property Damage Only,0,0,0,0,0,0,2000,2,0,,POINT (-91.104966793653 40.812202796676)
2014832738,S14-K2801,11/28/2014,11-November,6-Friday,16:30,1600 Hours,District 5 (Southeast),,CLARKE,US 34,US 34 & Co Rd R15/130 AVE,Collision with:  Vehicle in traffic,On Roadway,"Angle, oncoming left turn",Other (explain in narrative):  Vision obstructed,None Indicated,,Dusk,Dry,Clear,None apparent,Intersection:  Other intersection (explain in narrative),Paved,,Property Damage Only,0,0,0,0,0,0,8000,2,3,,POINT (-93.956455559932 41.027055072592)
2014831123,14-17951,11/28/2014,11-November,6-Friday,11:47,1100 Hours,District 3 (Northwest),SPENCER,CLAY,US 18,US 18/N GRAND AVE,Collision with:  Animal,,,Animal,None Indicated,,,,,,,Paved,,Property Damage Only,0,0,0,0,0,0,1500,1,1,,POINT (-95.144988839165 43.14518636597)
2014830458,14-6027,11/28/2014,11-November,6-Friday,13:00,1300 Hours,District 1 (Central),WEST DES MOINES,POLK,,MILLS CIVIC PKWY,Collision with:  Vehicle in traffic,On Roadway,Rear-end (front to rear),Followed too close,None Indicated,,Daylight,Dry,Clear,None apparent,Non-intersection:  Non-junction/no special feature,Paved,,Minor Injury,0,1,0,1,0,0,5500,2,7,,POINT (-93.786103998293 41.559083655794)
2014830606,14-39148,11/28/2014,11-November,6-Friday,17:13,1700 Hours,District 3 (Northwest),SIOUX CITY,WOODBURY,,11TH ST & STEUBEN ST,Collision with:  Vehicle in traffic,On Roadway,Broadside (front to side),FTYROW:  From stop sign,None Indicated,,Dusk,Dry,Clear,None apparent,Intersection:  Four-way intersection,Paved,,Possible/Unknown,0,1,0,0,0,1,7000,2,2,,POINT (-96.388919379142 42.501978726042)
2014832476,2014-81872,11/28/2014,11-November,6-Friday,17:21,1700 Hours,District 6 (East Central),DAVENPORT,SCOTT,,W CENTRAL PARK AVE & MARQUETTE ST,Collision with:  Vehicle in traffic,On Roadway,"Angle, oncoming left turn",FTYROW:  Making left turn,None Indicated,,Dark - roadway lighted,Dry,Clear,None apparent,Intersection:  Four-way intersection,Paved,,Major Injury,0,1,1,0,0,0,3500,2,3,,POINT (-90.591230588295 41.545505535434)
2014830508,1411288021,11/28/2014,11-November,6-Friday,17:55,1700 Hours,District 6 (East Central),,CLINTON,,Co Rd Z24/330 AVE,Collision with:  Animal,,,Animal,None Indicated,,,,,,,Paved,,Property Damage Only,0,0,0,0,0,0,2500,1,1,,POINT (-90.46174431662 41.930915942068)
2014830532,20140035387,11/28/2014,11-November,6-Friday,23:39,2300 Hours,District 1 (Central),DES MOINES,POLK,,FLEUR DR,Non-collision events:  Other non-collision (explain in narrative),On Roadway,Non-collision (single vehicle),Ran off road - left,None Indicated,,Dark - roadway lighted,Wet,Cloudy,None apparent,Non-intersection:  Non-junction/no special feature,Paved,,Property Damage Only,0,0,0,0,0,0,1700,1,1,,POINT (-93.645001274183 41.547955024422)
2014831545,2014066622,11/28/2014,11-November,6-Friday,17:30,1700 Hours,District 1 (Central),NEWTON,JASPER,I-80,I-80,Collision with:  Vehicle in traffic,On Roadway,Rear-end (front to rear),Followed too close,None Indicated,,Dark - roadway not lighted,Dry,Clear,None apparent,Non-intersection:  Non-junction/no special feature,Paved,,Property Damage Only,0,0,0,0,0,0,17000,3,7,,POINT (-93.006344045419 41.68280119231)
2014830620,2014-81835,11/28/2014,11-November,6-Friday,11:09,1100 Hours,District 6 (East Central),DAVENPORT,SCOTT,,W 52ND ST,Collision with:  Vehicle in traffic,On Roadway,Rear-end (front to rear),Unknown,None Indicated,,Daylight,Dry,Clear,None apparent,Non-intersection:  Non-junction/no special feature,Paved,,Property Damage Only,0,0,0,0,0,0,1500,2,1,,POINT (-90.593594463508 41.572907480128)
2014830997,C14003802,11/28/2014,11-November,6-Friday,17:47,1700 Hours,District 6 (East Central),CORALVILLE,JOHNSON,US 6,US 6/2ND ST,Collision with:  Vehicle in traffic,On Roadway,Broadside (front to side),FTYROW:  From driveway,None Indicated,,Dark - roadway lighted,Dry,Cloudy,None apparent,Non-intersection:  Driveway access (within),Paved,,Property Damage Only,0,0,0,0,0,0,9500,2,3,,POINT (-91.602651070415 41.685249478229)
2014830935,14-005163,11/28/2014,11-November,6-Friday,19:15,1900 Hours,District 1 (Central),ANKENY,POLK,I-35,I-35 & IA 160/SE ORALABOR RD & NE 78TH AVE,Collision with:  Vehicle in traffic,On Roadway,Rear-end (front to rear),Followed too close,None Indicated,,Dark - roadway lighted,Wet,Clear,None apparent,Intersection:  Intersection with ramp,Paved,,Property Damage Only,0,0,0,0,0,0,2000,2,5,,POINT (-93.574265520642 41.702875622816)
2014831746,201400057872,11/28/2014,11-November,6-Friday,17:31,1700 Hours,District 5 (Southeast),OTTUMWA,WAPELLO,IA 149,IA 149/IOWA 149,Collision with:  Animal,On Roadway,Non-collision (single vehicle),Animal,None Indicated,,Dark - roadway not lighted,Dry,Clear,None apparent,Non-intersection:  Non-junction/no special feature,Paved,,Property Damage Only,0,0,0,0,0,0,7000,1,1,,POINT (-92.413604510546 41.045431342329)
2014830894,SO4002828,11/28/2014,11-November,6-Friday,12:00,1200 Hours,District 3 (Northwest),,PLYMOUTH,IA 60,IA 60/IOWA 60 & Co Rd C12/110TH ST,Collision with:  Vehicle in traffic,On Roadway,Rear-end (front to rear),"Operating vehicle in an reckless, erratic, careless, negligent manner",None Indicated,,Daylight,Dry,Cloudy,None apparent,Intersection:  Four-way intersection,Paved,,Minor Injury,0,2,0,2,0,0,120400,2,2,,POINT (-96.089622547248 42.895389305111)
2014830833,14015542,11/28/2014,11-November,6-Friday,08:37,0800 Hours,District 4 (Southwest),,MILLS,US 34,US 34,Collision with fixed object:  Bridge overhead structure,On Roadway,Non-collision (single vehicle),Crossed centerline (undivided),None Indicated,,Daylight,Other (explain in narrative),Clear,"Surface condition (e.g., wet, icy)",Non-intersection:  Other non-intersection (explain in narrative),Paved,,Minor Injury,0,2,0,2,0,0,4560,1,3,,POINT (-95.625647565783 41.031389588953)
2014830596,14-39098,11/28/2014,11-November,6-Friday,05:48,0500 Hours,District 3 (Northwest),SIOUX CITY,WOODBURY,I-129,I-129,Collision with fixed object:  Concrete traffic barrier (median or right side),On Roadway,Non-collision (single vehicle),Driving too fast for conditions,None Indicated,,Dawn,Ice/frost,Clear,None apparent,Intersection:  Intersection with ramp,Paved,,Property Damage Only,0,0,0,0,0,0,5000,1,1,,POINT (-96.379740920049 42.446827243685)
2014831269,14-070,11/28/2014,11-November,6-Friday,17:35,1700 Hours,District 3 (Northwest),POMEROY,CALHOUN,,Co Rd N41/JANESVILLE AVE & 180TH ST,Collision with:  Animal,,,Animal,None Indicated,,,,,,,Unpaved,,Property Damage Only,0,0,0,0,0,0,2500,1,1,,POINT (-94.737365470973 42.531433369641)
2014831163,2014-040084,11/28/2014,11-November,6-Friday,12:40,1200 Hours,District 6 (East Central),DUBUQUE,DUBUQUE,,WACKER DR,Collision with:  Vehicle in traffic,On Roadway,"Angle, oncoming left turn",FTYROW:  Making left turn,None Indicated,,Daylight,Dry,Cloudy,None apparent,Non-intersection:  Driveway access (within),Paved,,Property Damage Only,0,0,0,0,0,0,7000,2,2,,POINT (-90.720484324365 42.492759918472)
2014831544,2014066619,11/28/2014,11-November,6-Friday,17:35,1700 Hours,District 5 (Southeast),,WASHINGTON,US 218,US 218,Collision with:  Animal,,,Animal,None Indicated,,,,,,,Paved,,Property Damage Only,0,0,0,0,0,0,3000,1,1,,POINT (-91.535994524134 41.277504983199)
2014832125,261402151,11/28/2014,11-November,6-Friday,21:00,2100 Hours,District 5 (Southeast),BLOOMFIELD,DAVIS,US 63,US 63 & Co Rd J51/276TH ST,Collision with fixed object:  Traffic sign support,On Roadway,Non-collision (single vehicle),"Operating vehicle in an reckless, erratic, careless, negligent manner",Alcohol (Statutory),,Dark - roadway lighted,Dry,Clear,None apparent,Intersection:  Four-way intersection,Paved,,Property Damage Only,0,0,0,0,0,0,8100,1,1,,POINT (-92.523693953286 40.660459461014)
2014831964,14-009082,11/28/2014,11-November,6-Friday,05:25,0500 Hours,District 4 (Southwest),DALLAS CENTER,DALLAS,IA 141,IA 141/IOWA 141,Collision with:  Vehicle in traffic,On Roadway,"Angle, oncoming left turn",FTYROW:  Making left turn,None Indicated,,Dark - roadway lighted,Dry,Clear,None apparent,Non-intersection:  Driveway access (within),Paved,,Possible/Unknown,0,1,0,0,1,0,5000,2,2,,POINT (-94.103643181958 41.830429709071)
2014830686,2014-81865,11/28/2014,11-November,6-Friday,16:20,1600 Hours,District 6 (East Central),DAVENPORT,SCOTT,,IA 461/BRADY ST & E GARFIELD ST,Collision with:  Vehicle in traffic,On Roadway,"Angle, oncoming left turn",FTYROW:  Making left turn,None Indicated,,Dusk,Dry,Clear,None apparent,Non-intersection:  Driveway access (within),Paved,,Property Damage Only,0,0,0,0,0,0,4000,2,2,,POINT (-90.571080826523 41.548629967107)
2014830556,20140035373,11/28/2014,11-November,6-Friday,19:33,1900 Hours,District 1 (Central),DES MOINES,POLK,,STANTON AVE & FLEUR DR,Collision with:  Vehicle in traffic,On Roadway,"Angle, oncoming left turn",FTYROW:  Making left turn,None Indicated,,Dark - roadway lighted,Wet,Clear,None apparent,Non-intersection:  Driveway access (within),Paved,,Property Damage Only,0,0,0,0,0,0,4500,2,4,,POINT (-93.644979963876 41.544604423533)
2014832260,14-049374,11/28/2014,11-November,6-Friday,14:23,1400 Hours,District 5 (Southeast),,MUSCATINE,,235TH ST,Non-collision events:  Other non-collision (explain in narrative),On Roadway,Non-collision (single vehicle),Lost Control,None Indicated,,Daylight,Ice/frost,Clear,None apparent,Non-intersection:  Non-junction/no special feature,Unpaved,,Property Damage Only,0,0,0,0,0,0,2000,1,1,,POINT (-91.284703254199 41.397342771185)
2014831375,14110620,11/28/2014,11-November,6-Friday,21:35,2100 Hours,District 5 (Southeast),OTTUMWA,WAPELLO,US 34,US 34,Collision with:  Animal,,,Animal,None Indicated,,,,,,,Paved,,Property Damage Only,0,0,0,0,0,0,1600,1,1,,POINT (-92.574275808807 41.009428609478)
2014833030,201417780,11/28/2014,11-November,6-Friday,20:00,2000 Hours,District 6 (East Central),CEDAR RAPIDS,LINN,,20TH ST NW,Collision with:  Vehicle in traffic,On Roadway,Rear-end (front to rear),Followed too close,None Indicated,,Dark - roadway lighted,Dry,Clear,None apparent,Non-intersection:  Non-junction/no special feature,Paved,,Property Damage Only,0,0,0,0,0,0,2500,2,2,,POINT (-91.700955106254 41.973751810163)
2014830424,14-050070,11/28/2014,11-November,6-Friday,07:00,0700 Hours,District 4 (Southwest),COUNCIL BLUFFS,POTTAWATTAMIE,,OAKLAND DR,Non-collision events:  Other non-collision (explain in narrative),On Roadway,Non-collision (single vehicle),Ran off road - right,None Indicated,,Dark - roadway not lighted,Dry,Clear,None apparent,Non-intersection:  Non-junction/no special feature,Paved,,Property Damage Only,0,0,0,0,0,0,3000,1,1,,POINT (-95.854759918779 41.268708394985)
2014830425,14-050071,11/28/2014,11-November,6-Friday,08:08,0800 Hours,District 4 (Southwest),COUNCIL BLUFFS,POTTAWATTAMIE,I-80,I-80,Collision with fixed object:  Ditch,On Roadway,Non-collision (single vehicle),Lost Control,None Indicated,,Daylight,Dry,Clear,None apparent,Non-intersection:  Non-junction/no special feature,Paved,,Property Damage Only,0,0,0,0,0,0,2000,1,1,,POINT (-95.838301435638 41.228821072944)
2014830917,14027725,11/28/2014,11-November,6-Friday,16:25,1600 Hours,District 5 (Southeast),OSKALOOSA,MAHASKA,,HIGH AVE E,Collision with:  Vehicle in traffic,On Roadway,Broadside (front to side),FTYROW:  From parked position,None Indicated,,Daylight,Dry,Cloudy,None apparent,Non-intersection:  Non-junction/no special feature,Paved,,Property Damage Only,0,0,0,0,0,0,2300,2,3,,POINT (-92.64363128041 41.29533384837)
2014832219,201417762,11/28/2014,11-November,6-Friday,11:40,1100 Hours,District 6 (East Central),CEDAR RAPIDS,LINN,I-380,I-380,Collision with:  Vehicle in traffic,On Roadway,Broadside (front to side),Ran Traffic Signal,None Indicated,,Daylight,Dry,Clear,None apparent,Intersection:  Four-way intersection,Paved,,Property Damage Only,0,0,0,0,0,0,18000,2,3,,POINT (-91.67383128114 42.028587886973)
2014850968,14-009584,11/28/2014,11-November,6-Friday,20:22,2000 Hours,District 5 (Southeast),,LOUISA,IA 70,IA 70/IOWA 70,Collision with:  Vehicle in traffic,On Roadway,Broadside (front to side),FTYROW:  From driveway,None Indicated,,Dark - roadway lighted,Wet,Cloudy,None apparent,Non-intersection:  Other non-intersection (explain in narrative),Paved,,Minor Injury,0,2,0,2,0,0,7000,2,3,,POINT (-91.356544346765 41.301428940339)
2014831161,2014-040079,11/28/2014,11-November,6-Friday,09:08,0900 Hours,District 6 (East Central),DUBUQUE,DUBUQUE,US 20,US 20/DODGE ST & CENTURY DR,Collision with:  Vehicle in traffic,On Roadway,Rear-end (front to rear),Lost Control,None Indicated,,Daylight,Dry,Cloudy,None apparent,Non-intersection:  Non-junction/no special feature,Paved,,Property Damage Only,0,0,0,0,0,0,4000,2,2,,POINT (-90.723763866541 42.491915600964)
2014831431,2014066526,11/28/2014,11-November,6-Friday,06:00,0600 Hours,District 2 (Northeast),,WORTH,I-35,I-35,Collision with:  Animal,,,Animal,None Indicated,,,,,,,Paved,,Property Damage Only,0,0,0,0,0,0,2500,1,1,,POINT (-93.34989528101 43.287649327833)
2014831745,201400057830,11/28/2014,11-November,6-Friday,12:36,1200 Hours,District 5 (Southeast),OTTUMWA,WAPELLO,,FOX-SAUK RD,Collision with:  Vehicle in traffic,On Roadway,Rear-end (front to rear),Other (explain in narrative):  No improper action,None Indicated,,Daylight,Ice/frost,Clear,"Surface condition (e.g., wet, icy)",Non-intersection:  Non-junction/no special feature,Paved,,Possible/Unknown,0,1,0,0,1,0,650,2,2,,POINT (-92.407849931021 41.064859383649)
2014831185,4514-064,11/28/2014,11-November,6-Friday,13:41,1300 Hours,District 2 (Northeast),RICEVILLE,HOWARD,,2ND ST & WOODLAND AVE,Collision with:  Vehicle in traffic,On Roadway,Broadside (front to side),FTYROW:  From stop sign,None Indicated,,Daylight,Wet,Cloudy,None apparent,Intersection:  Four-way intersection,Paved,,Property Damage Only,0,0,0,0,0,0,3300,2,2,,POINT (-92.554185761107 43.362936004788)
2014830515,14180170,11/28/2014,11-November,6-Friday,21:02,2100 Hours,District 6 (East Central),,JOHNSON,,Co Rd F28/WHITE OAK AVE & Co Rd F8W/MORSE RD,Collision with fixed object:  Ditch,On Roadway,Non-collision (single vehicle),Ran off road - left,None Indicated,,Dark - roadway not lighted,Dry,Clear,None apparent,Non-intersection:  Non-junction/no special feature,Paved,,Property Damage Only,0,0,0,0,0,0,2500,1,1,,POINT (-91.394413698798 41.768839536135)
2014830436,14116788,11/28/2014,11-November,6-Friday,10:47,1000 Hours,District 2 (Northeast),CEDAR FALLS,BLACK HAWK,IA 27,IA 27,Collision with:  Vehicle in traffic,On Roadway,Rear-end (front to rear),Followed too close,None Indicated,,Daylight,Dry,Cloudy,None apparent,Non-intersection:  Non-junction/no special feature,Paved,,Property Damage Only,0,0,0,0,0,0,11200,2,4,,POINT (-92.449803022472 42.489753821152)
2014830605,14-39140,11/28/2014,11-November,6-Friday,15:42,1500 Hours,District 3 (Northwest),SIOUX CITY,WOODBURY,IA 12,IA 12/GORDON DR & S PALMETTO ST,Collision with:  Vehicle in traffic,On Roadway,Rear-end (front to rear),Ran Traffic Signal,Refused,,Daylight,Dry,Cloudy,None apparent,Intersection:  T-intersection,Paved,,Possible/Unknown,0,2,0,0,2,0,23500,5,9,,POINT (-96.345775447533 42.475892045016)
2014835205,AC14-044,11/28/2014,11-November,6-Friday,10:15,1000 Hours,District 1 (Central),STORY CITY,STORY,,LINN ST & GRAND AVE,Collision with:  Parked motor vehicle,Roadside,Rear-end (front to rear),Driving too fast for conditions,None Indicated,,Daylight,Ice/frost,Cloudy,"Surface condition (e.g., wet, icy)",Intersection:  T-intersection,Paved,,Property Damage Only,0,0,0,0,0,0,2400,2,777,,POINT (-93.591087233167 42.181721952799)
2014830678,20144384,11/28/2014,11-November,6-Friday,19:25,1900 Hours,District 1 (Central),REINBECK,GRUNDY,IA 175,IA 175/260TH ST,Collision with:  Animal,,,Animal,None Indicated,,,,,,,Paved,,Property Damage Only,0,0,0,0,0,0,3000,1,1,,POINT (-92.575005240908 42.325755831127)
2014830602,14-39119,11/28/2014,11-November,6-Friday,11:36,1100 Hours,District 3 (Northwest),SIOUX CITY,WOODBURY,,14TH ST & GRANDVIEW BLVD,Collision with:  Vehicle in traffic,On Roadway,Broadside (front to side),FTYROW:  From stop sign,None Indicated,,Daylight,Dry,Cloudy,None apparent,Intersection:  Four-way intersection,Paved,,Property Damage Only,0,0,0,0,0,0,1700,2,3,,POINT (-96.407984801333 42.505050523842)