Iowa DOT Case Number,Law Enforcement Case Number,Date of Crash,Month of Crash,Day of Week,Time of Crash,Hour,DOT District,City Name,County Name,Route with System,Location Description,First Harmful Event,Location of First Harmful Event,Manner of Crash/Collision,Major Cause,Drug or Alcohol ,Environmental Conditions,Light Conditions,Surface Conditions,Weather Conditions,Roadway Contribution,Roadway Type,Roadway Surface,Work Zone,Crash Severity,Number of Fatalities,Number of Injuries,Number of Major Injuries,Number of Minor Injuries,Number of Possible Injuries,Number of Unknown Injuries,Amount of Property Damage,Number of Vehicles Involved,Total Number of Occupants,Travel Direction,Location
2014832255,80-14-377,12/01/2014,12-December,2-Monday,07:57,0700 Hours,District 2 (Northeast),HUMBOLDT,HUMBOLDT,,8TH AVE N & TAFT ST N,Collision with:  Vehicle in traffic,On Roadway,Broadside (front to side),Other (explain in narrative):  Vision obstructed,None Indicated,,Daylight,Dry,Clear,None apparent,Intersection:  Four-way intersection,Paved,,Property Damage Only,0,0,0,0,0,0,2000,2,3,,POINT (-94.218035768753 42.730182712552)
2014831573,14-42631,12/01/2014,12-December,2-Monday,17:39,1700 Hours,District 5 (Southeast),BURLINGTON,DES MOINES,,CENTRAL AVE,Collision with:  Vehicle in traffic,On Roadway,"Sideswipe, same direction",Other (explain in narrative):  Other,None Indicated,,Dark - roadway lighted,Dry,Clear,None apparent,Non-intersection:  Non-junction/no special feature,Paved,,Property Damage Only,0,0,0,0,0,0,3000,2,3,,POINT (-91.112938682211 40.807433248824)
2014830925,2014013331,12/01/2014,12-December,2-Monday,04:12,0400 Hours,District 6 (East Central),IOWA CITY,JOHNSON,I-80,I-80,Collision with fixed object:  Guardrail - face,On Roadway,Non-collision (single vehicle),Ran off road - right,None Indicated,,Dark - roadway not lighted,Dry,Clear,None apparent,Non-intersection:  Non-junction/no special feature,Paved,,Property Damage Only,0,0,0,0,0,0,10000,1,1,,POINT (-91.505650000763 41.686893094822)
2014831975,14-39415,12/01/2014,12-December,2-Monday,13:29,1300 Hours,District 3 (Northwest),SIOUX CITY,WOODBURY,,3RD ST & PIERCE ST,Collision with:  Vehicle in traffic,On Roadway,"Sideswipe, same direction",FTYROW:  Other (explain in narrative),None Indicated,,Daylight,Dry,Clear,None apparent,Intersection:  Four-way intersection,Paved,,Property Damage Only,0,0,0,0,0,0,2300,2,2,,POINT (-96.404913045546 42.493084939081)
2014832482,2014-82349,12/01/2014,12-December,2-Monday,15:19,1500 Hours,District 6 (East Central),DAVENPORT,SCOTT,,E 53RD ST & UTICA RIDGE RD,Collision with:  Vehicle in traffic,On Roadway,Rear-end (front to rear),Followed too close,None Indicated,,Daylight,Dry,Cloudy,None apparent,Intersection:  Four-way intersection,Paved,,Property Damage Only,0,0,0,0,0,0,1700,2,2,,POINT (-90.513388138821 41.574928489001)
2014830679,20144412,12/01/2014,12-December,2-Monday,06:34,0600 Hours,District 1 (Central),,GRUNDY,,Co Rd T37/M AVE,Collision with:  Animal,,,Animal,None Indicated,,,,,,,Paved,,Property Damage Only,0,0,0,0,0,0,2000,1,1,,POINT (-92.787762743805 42.383697855344)
2014831205,20140035620,12/01/2014,12-December,2-Monday,13:45,1300 Hours,District 1 (Central),DES MOINES,POLK,IA 28,IA 28/63RD ST & GRAND AVE,Collision with:  Vehicle in traffic,On Roadway,"Sideswipe, same direction",Made improper turn,None Indicated,,Daylight,Dry,Clear,None apparent,Non-intersection:  Non-junction/no special feature,Paved,,Property Damage Only,0,0,0,0,0,0,1700,2,2,,POINT (-93.703422244254 41.582695800847)
2014831561,2014067068,12/01/2014,12-December,2-Monday,15:45,1500 Hours,District 5 (Southeast),,DES MOINES,,Co Rd H38/MEDIAPOLIS RD,Non-collision events:  Overturn/rollover,Shoulder,Non-collision (single vehicle),Over correcting/over steering,None Indicated,,Daylight,Dry,Clear,None apparent,Non-intersection:  Non-junction/no special feature,Paved,,Property Damage Only,0,0,0,0,0,0,2500,1,1,,POINT (-91.051464014781 41.015865455804)
2014833917,A14095,12/01/2014,12-December,2-Monday,08:03,0800 Hours,District 5 (Southeast),KNOXVILLE,MARION,,W ROBINSON ST & S IOWA ST,Collision with:  Vehicle in traffic,On Roadway,Broadside (front to side),FTYROW:  From stop sign,None Indicated,,Daylight,Dry,Cloudy,None apparent,Intersection:  Four-way intersection,Paved,,Property Damage Only,0,0,0,0,0,0,3500,2,6,,POINT (-93.105895132461 41.318013840121)
2014831067,14-7918,12/01/2014,12-December,2-Monday,18:28,1800 Hours,District 1 (Central),,POLK,US 65,US 65,Collision with:  Animal,On Roadway,Non-collision (single vehicle),Animal,None Indicated,,Dark - roadway not lighted,Dry,Cloudy,None apparent,Non-intersection:  Non-junction/no special feature,Paved,,Possible/Unknown,0,6,0,0,6,0,4200,1,6,,POINT (-93.367341312259 41.762962820429)
2014831378,14120005,12/01/2014,12-December,2-Monday,20:06,2000 Hours,District 5 (Southeast),OTTUMWA,WAPELLO,,Co Rd H31/BLADENSBURG RD,Collision with:  Animal,,,Animal,None Indicated,,,,,,,Paved,,Property Damage Only,0,0,0,0,0,0,1500,1,1,,POINT (-92.383172840622 41.032192712767)
2014833264,,12/01/2014,12-December,2-Monday,07:48,0700 Hours,District 5 (Southeast),FORT MADISON,LEE,,BLUFF RD & 33RD ST,Collision with:  Vehicle in traffic,On Roadway,Rear-end (front to rear),Other (explain in narrative):  Other,None Indicated,,Daylight,Dry,Cloudy,None apparent,Intersection:  T-intersection,Paved,,Property Damage Only,0,0,0,0,0,0,2000,2,2,,POINT (-91.354061301653 40.635828125239)
2014832685,2014067096,12/01/2014,12-December,2-Monday,19:00,1900 Hours,District 4 (Southwest),,HARRISON,I-29,I-29,Collision with:  Animal,,,Animal,None Indicated,,,,,,,Paved,,Property Damage Only,0,0,0,0,0,0,3500,1,1,,POINT (-96.09071249034 41.84239370094)
2014831088,14-6100,12/01/2014,12-December,2-Monday,16:18,1600 Hours,District 1 (Central),WEST DES MOINES,POLK,,UNIVERSITY AVE,Collision with:  Vehicle in traffic,On Roadway,Head-on (front to front),Crossed centerline (undivided),None Indicated,,Daylight,Dry,Cloudy,None apparent,Non-intersection:  Non-junction/no special feature,Paved,,Major Injury,0,2,1,0,1,0,17000,4,4,,POINT (-93.785429737686 41.600440439036)
2014831066,14-7914,12/01/2014,12-December,2-Monday,16:25,1600 Hours,District 1 (Central),,POLK,US 69,US 69/NE 14TH ST & Co Rd F46/NE 60TH AVE,Collision with:  Vehicle in traffic,On Roadway,Rear-end (front to rear),Other (explain in narrative):  Other,None Indicated,,Daylight,Dry,Clear,None apparent,Intersection:  T-intersection,Paved,,Possible/Unknown,0,1,0,0,1,0,5000,2,2,,POINT (-93.600841728177 41.669557576303)
2014831209,2014-82311,12/01/2014,12-December,2-Monday,11:13,1100 Hours,District 6 (East Central),DAVENPORT,SCOTT,,E LOCUST ST & BELLE AVE,Collision with:  Vehicle in traffic,On Roadway,Rear-end (front to rear),Lost Control,None Indicated,,Daylight,Dry,Cloudy,None apparent,Intersection:  T-intersection,Paved,,Property Damage Only,0,0,0,0,0,0,7500,2,2,,POINT (-90.5442172579 41.538395223761)
2014831171,2017-040127,12/01/2014,12-December,2-Monday,20:05,2000 Hours,District 6 (East Central),DUBUQUE,DUBUQUE,,W 17TH ST & MAIN ST & MADISON ST,Collision with:  Vehicle in traffic,On Roadway,Broadside (front to side),FTYROW:  From stop sign,None Indicated,,Dark - roadway lighted,Dry,Cloudy,None apparent,Intersection:  Four-way intersection,Paved,,Property Damage Only,0,0,0,0,0,0,3000,2,2,,POINT (-90.671055135543 42.508218159194)
2014830520,14025428,12/01/2014,12-December,2-Monday,08:21,0800 Hours,District 6 (East Central),MARION,LINN,IA 100,IA 100/COLLINS RD SE & E POST RD,Collision with:  Vehicle in traffic,On Roadway,Broadside (front to side),Ran Traffic Signal,None Indicated,,Daylight,Dry,Cloudy,None apparent,Intersection:  Four-way intersection,Paved,,Property Damage Only,0,0,0,0,0,0,8000,2,2,,POINT (-91.599347790101 42.015364302084)
2014831127,14010293,12/01/2014,12-December,2-Monday,18:05,1800 Hours,District 6 (East Central),,DELAWARE,,Co Rd D22/210TH ST,Collision with:  Animal,,,Animal,None Indicated,,,,,,,Paved,,Property Damage Only,0,0,0,0,0,0,7000,1,1,,POINT (-91.357253822297 42.484541490854)
2014831105,14-017354,12/01/2014,12-December,2-Monday,17:35,1700 Hours,District 2 (Northeast),CLERMONT,FAYETTE,US 18,US 18/HARDING RD,Collision with:  Animal,,,Animal,None Indicated,,,,,,,Paved,,Property Damage Only,0,0,0,0,0,0,3000,1,1,,POINT (-91.637432976305 43.016285130684)
2014830991,14-050472,12/01/2014,12-December,2-Monday,15:29,1500 Hours,District 4 (Southwest),COUNCIL BLUFFS,POTTAWATTAMIE,I-29,I-29,Non-collision events:  Other non-collision (explain in narrative),On Roadway,Non-collision (single vehicle),Swerving/Evasive Action,None Indicated,,Daylight,Dry,Clear,Other (explain in narrative),Non-intersection:  Non-junction/no special feature,Paved,,Property Damage Only,0,0,0,0,0,0,3000,1,1,,POINT (-95.872174729395 41.232195461433)
2014830858,14-050442,12/01/2014,12-December,2-Monday,11:00,1100 Hours,District 4 (Southwest),COUNCIL BLUFFS,POTTAWATTAMIE,US 6,US 6/W BROADWAY,Collision with:  Vehicle in traffic,On Roadway,"Sideswipe, same direction",Improper or erratic lane changing,None Indicated,,Daylight,Dry,Clear,None apparent,Non-intersection:  Non-junction/no special feature,Paved,,Property Damage Only,0,0,0,0,0,0,3000,2,2,,POINT (-95.891621164669 41.261942627523)
2014831678,201404416,12/01/2014,12-December,2-Monday,18:00,1800 Hours,District 6 (East Central),,LINN,US 30,US 30,Collision with fixed object:  Ditch,Outside trafficway,Non-collision (single vehicle),Swerving/Evasive Action,None Indicated,,Dark - roadway not lighted,Dry,Clear,Other (explain in narrative),Non-intersection:  Non-junction/no special feature,Paved,,Minor Injury,0,1,0,1,0,0,9000,1,1,,POINT (-91.51246811235 41.925477103475)
2014881157,14-018985,12/01/2014,12-December,2-Monday,15:49,1500 Hours,District 2 (Northeast),CHARLES CITY,FLOYD,,C ST,Collision with:  Vehicle in traffic,On Roadway,Broadside (front to side),Driving too fast for conditions,None Indicated,,Daylight,Ice/frost,Clear,None apparent,Intersection:  Four-way intersection,Paved,,Property Damage Only,0,0,0,0,0,0,2000,2,4,,POINT (-92.66985757101 43.064983263943)
2014831196,20140035648,12/01/2014,12-December,2-Monday,17:44,1700 Hours,District 1 (Central),DES MOINES,POLK,I-235,I-235,Collision with:  Vehicle in traffic,On Roadway,"Sideswipe, same direction","Operating vehicle in an reckless, erratic, careless, negligent manner",None Indicated,,Dark - roadway lighted,Dry,Cloudy,None apparent,Non-intersection:  Non-junction/no special feature,Paved,,Possible/Unknown,0,1,0,0,1,0,8500,2,2,,POINT (-93.670293037803 41.592486430242)
2014831203,C14003838,12/01/2014,12-December,2-Monday,17:05,1700 Hours,District 6 (East Central),CORALVILLE,JOHNSON,US 6,US 6/2ND ST,Collision with:  Vehicle in traffic,On Roadway,Rear-end (front to rear),Driving too fast for conditions,None Indicated,,Dark - roadway lighted,Dry,Clear,None apparent,Non-intersection:  Non-junction/no special feature,Paved,,Possible/Unknown,0,1,0,0,1,0,3700,3,4,,POINT (-91.593966311882 41.680730182467)
2014831839,14005653,12/01/2014,12-December,2-Monday,14:30,1400 Hours,District 1 (Central),AMES,STORY,,SE 5TH ST & S BELL AVE,Collision with:  Vehicle in traffic,On Roadway,Broadside (front to side),FTYROW:  At uncontrolled intersection,None Indicated,,Daylight,Dry,Clear,None apparent,Non-intersection:  Non-junction/no special feature,Paved,,Property Damage Only,0,0,0,0,0,0,9000,2,2,,POINT (-93.575344887779 42.017127791385)
2014832946,2014120102,12/01/2014,12-December,2-Monday,11:36,1100 Hours,District 4 (Southwest),SHENANDOAH,PAGE,,5TH AVE,Collision with:  Vehicle in traffic,On Roadway,Broadside (front to side),FTYROW:  From driveway,None Indicated,,Daylight,Dry,Clear,None apparent,Non-intersection:  Driveway access (within),Paved,,Property Damage Only,0,0,0,0,0,0,1500,2,3,,POINT (-95.384544702226 40.764046350697)
2014830650,14-3836,12/01/2014,12-December,2-Monday,07:45,0700 Hours,District 1 (Central),FORT DODGE,WEBSTER,,MASON MEMORIAL DR,Non-collision events:  Overturn/rollover,On Roadway,Non-collision (single vehicle),Lost Control,None Indicated,,Daylight,Ice/frost,Clear,"Surface condition (e.g., wet, icy)",Non-intersection:  Non-junction/no special feature,Paved,,Possible/Unknown,0,1,0,0,1,0,5000,1,2,,POINT (-94.183854992274 42.498324417687)
2014831620,,12/01/2014,12-December,2-Monday,06:00,0600 Hours,District 6 (East Central),NORTH LIBERTY,JOHNSON,,NORTH LIBERTY RD,Collision with:  Animal,On Roadway,Non-collision (single vehicle),Animal,None Indicated,,Dawn,Dry,Clear,,Non-intersection:  Non-junction/no special feature,Unpaved,,Possible/Unknown,0,1,0,0,1,0,0,1,1,,POINT (-91.575676529356 41.739157214401)
2014832308,20140035609,12/01/2014,12-December,2-Monday,11:30,1100 Hours,District 1 (Central),DES MOINES,POLK,,BUCHANAN ST,Collision with:  Vehicle in traffic,On Roadway,Broadside (front to side),FTYROW:  From stop sign,None Indicated,,Daylight,Dry,Clear,None apparent,Non-intersection:  Driveway access (within),Paved,,Property Damage Only,0,0,0,0,0,0,1500,2,3,,POINT (-93.601213196662 41.598398875629)
2014830651,14-3839,12/01/2014,12-December,2-Monday,11:46,1100 Hours,District 1 (Central),FORT DODGE,WEBSTER,,5TH AVE S,Collision with:  Vehicle in traffic,On Roadway,Broadside (front to side),FTYROW:  From driveway,None Indicated,,Daylight,Dry,Clear,None apparent,Non-intersection:  Driveway access (within),Paved,,Property Damage Only,0,0,0,0,0,0,3500,2,2,,POINT (-94.158861928884 42.501173538231)
2014831274,14-010154,12/01/2014,12-December,2-Monday,09:40,0900 Hours,District 2 (Northeast),,CLAYTON,,390TH ST,Collision with fixed object:  Ditch,Shoulder,Non-collision (single vehicle),Swerving/Evasive Action,Alcohol (Statutory),,Daylight,Dry,Cloudy,None apparent,Non-intersection:  Non-junction/no special feature,Unpaved,,Fatal,1,0,0,0,0,0,5000,1,1,,POINT (-91.453022961413 42.659428105313)
2014833037,201417888,12/01/2014,12-December,2-Monday,13:15,1300 Hours,District 6 (East Central),CEDAR RAPIDS,LINN,,MOUNT VERNON RD SE & 40TH ST SE,Collision with:  Vehicle in traffic,On Roadway,"Angle, oncoming left turn",FTYROW:  Making left turn,None Indicated,,Daylight,Dry,Clear,None apparent,Non-intersection:  Driveway access (within),Paved,,Property Damage Only,0,0,0,0,0,0,9400,2,5,,POINT (-91.611308542845 41.976854219736)
2014832489,2014-82403,12/01/2014,12-December,2-Monday,20:03,2000 Hours,District 6 (East Central),DAVENPORT,SCOTT,,E 10TH ST,Collision with:  Vehicle in traffic,On Roadway,"Sideswipe, same direction",FTYROW:  From parked position,None Indicated,,Dark - roadway lighted,Dry,Cloudy,None apparent,Non-intersection:  Non-junction/no special feature,Paved,,Property Damage Only,0,0,0,0,0,0,3500,2,3,,POINT (-90.563223858069 41.529910463058)
2014831579,S12-12524,12/01/2014,12-December,2-Monday,06:59,0600 Hours,District 3 (Northwest),,WOODBURY,,Co Rd D30/180TH ST & Co Rd K64/MOVILLE BLACK TOP,Collision with:  Animal,,,Animal,None Indicated,,,,,,,Paved,,Property Damage Only,0,0,0,0,0,0,3000,1,1,,POINT (-96.07753336897 42.443894437417)
2014831194,S14-004752,12/01/2014,12-December,2-Monday,18:25,1800 Hours,District 4 (Southwest),NEOLA,POTTAWATTAMIE,I-80,I-80,Collision with:  Animal,,,Animal,None Indicated,,,,,,,Paved,,Property Damage Only,0,0,0,0,0,0,1500,1,1,,POINT (-95.457329934374 41.498842040611)
2014831953,2014066966,12/01/2014,12-December,2-Monday,08:10,0800 Hours,District 2 (Northeast),,BLACK HAWK,US 20,US 20,Collision with:  Animal,,,Animal,None Indicated,,,,,,,Paved,,Property Damage Only,0,0,0,0,0,0,7000,1,1,,POINT (-92.069278601922 42.449164641698)
2014831584,S14-12571,12/01/2014,12-December,2-Monday,22:28,2200 Hours,District 3 (Northwest),,WOODBURY,US 20,US 20,Collision with:  Animal,,,Animal,None Indicated,,,,,,,Paved,,Property Damage Only,0,0,0,0,0,0,3500,1,1,,POINT (-96.114133154358 42.47487185982)
2014831201,20140035642,12/01/2014,12-December,2-Monday,16:35,1600 Hours,District 1 (Central),DES MOINES,POLK,,WOODLAND AVE & MLK JR PKWY,Collision with:  Vehicle in traffic,On Roadway,Rear-end (front to rear),Lost Control,None Indicated,,Dusk,Dry,Cloudy,None apparent,Intersection:  Four-way intersection,Paved,,Property Damage Only,0,0,0,0,0,0,4500,2,2,,POINT (-93.644728316615 41.588047950173)
2014831202,20140035650,12/01/2014,12-December,2-Monday,18:13,1800 Hours,District 1 (Central),DES MOINES,POLK,,UNIVERSITY AVE & 34TH ST,Collision with:  Vehicle in traffic,On Roadway,Broadside (front to side),FTYROW:  Making left turn,None Indicated,,Dark - roadway lighted,Dry,Cloudy,None apparent,Intersection:  T-intersection,Paved,,Property Damage Only,0,0,0,0,0,0,5500,2,4,,POINT (-93.663258457139 41.600345504123)
2014830533,20140035568,12/01/2014,12-December,2-Monday,00:11,0000 Hours,District 1 (Central),DES MOINES,POLK,,CLEVELAND AVE,Collision with fixed object:  Tree,Outside trafficway,Non-collision (single vehicle),"Operating vehicle in an reckless, erratic, careless, negligent manner",None Indicated,,Dark - roadway lighted,Dry,Clear,None apparent,Non-intersection:  Alley,Paved,,Property Damage Only,0,0,0,0,0,0,11000,1,2,,POINT (-93.595573833325 41.604967481049)
2014831062,W14-117780,12/01/2014,12-December,2-Monday,20:42,2000 Hours,District 2 (Northeast),WATERLOO,BLACK HAWK,US 63,US 63/SERGEANT RD,Collision with:  Animal,On Roadway,Non-collision (single vehicle),Animal,None Indicated,,Dark - roadway not lighted,Dry,Clear,None apparent,Non-intersection:  Non-junction/no special feature,Paved,,Property Damage Only,0,0,0,0,0,0,2000,1,1,,POINT (-92.402815376618 42.460888941638)
2014830550,20140035575,12/01/2014,12-December,2-Monday,04:18,0400 Hours,District 5 (Southeast),DES MOINES,WARREN,US 65,US 65,Collision with fixed object:  Other fixed object (explain in narrative),On Roadway,Non-collision (single vehicle),Ran off road - left,None Indicated,,Dark - roadway lighted,Dry,Cloudy,None apparent,Interchange-related:  On-ramp merge area,Paved,,Minor Injury,0,1,0,1,0,0,7790,1,1,,POINT (-93.571755517852 41.505989956427)
2014830861,14-6094,12/01/2014,12-December,2-Monday,07:50,0700 Hours,District 1 (Central),WEST DES MOINES,POLK,,ASHWORTH RD & 28TH ST,Collision with:  Vehicle in traffic,On Roadway,Rear-end (front to rear),Followed too close,None Indicated,,Daylight,Dry,Clear,None apparent,Non-intersection:  Non-junction/no special feature,Paved,,Property Damage Only,0,0,0,0,0,0,2000,2,3,,POINT (-93.742554074125 41.584710539679)
2014831566,14-005200,12/01/2014,12-December,2-Monday,14:37,1400 Hours,District 1 (Central),ANKENY,POLK,IA 160,IA 160/SE ORALABOR RD & SE DELAWARE AVE,Collision with:  Vehicle in traffic,On Roadway,Rear-end (front to rear),Followed too close,None Indicated,,Daylight,Dry,Cloudy,None apparent,Non-intersection:  Non-junction/no special feature,Paved,,Property Damage Only,0,0,0,0,0,0,2500,2,5,,POINT (-93.581272792163 41.702903442953)
2014831770,14-001421,12/01/2014,12-December,2-Monday,18:00,1800 Hours,District 1 (Central),,STORY,US 69,US 69,Collision with:  Animal,,Non-collision (single vehicle),Animal,None Indicated,,,,,,,Paved,,Property Damage Only,0,0,0,0,0,0,9000,1,1,,POINT (-93.610220527928 41.916667474475)
2014832459,2014-25774,12/01/2014,12-December,2-Monday,14:50,1400 Hours,District 5 (Southeast),INDIANOLA,WARREN,US 65,US 65/N JEFFERSON WAY,Collision with:  Vehicle in traffic,On Roadway,Rear-end (front to rear),Other (explain in narrative):  Other,None Indicated,,Daylight,Dry,Clear,None apparent,Non-intersection:  Non-junction/no special feature,Paved,,Property Damage Only,0,0,0,0,0,0,4500,2,3,,POINT (-93.558351147675 41.363989485031)
2014831435,2014067106,12/01/2014,12-December,2-Monday,20:30,2000 Hours,District 1 (Central),,WEBSTER,,Co Rd P33/FAIRBANKS AVE,Collision with fixed object:  Ditch,Shoulder,Non-collision (single vehicle),Ran off road - right,None Indicated,,Dark - roadway not lighted,Dry,Clear,None apparent,Non-intersection:  Non-junction/no special feature,Paved,,Property Damage Only,0,0,0,0,0,0,3000,1,1,,POINT (-94.300702345104 42.352136581542)
2014830893,SO14002843,12/01/2014,12-December,2-Monday,03:10,0300 Hours,District 3 (Northwest),,PLYMOUTH,,190TH ST,Collision with fixed object:  Ditch,On Roadway,Non-collision (single vehicle),Ran off road - right,None Indicated,,Dark - roadway lighted,"Mud, dirt",Cloudy,None apparent,Non-intersection:  Non-junction/no special feature,Unpaved,,Property Damage Only,0,0,0,0,0,0,1500,1,3,,POINT (-96.256556697459 42.778817216628)
2014833147,2014-82351,12/01/2014,12-December,2-Monday,15:28,1500 Hours,District 6 (East Central),DAVENPORT,SCOTT,,IA 461/HARRISON ST & W HIGH ST,Collision with:  Vehicle in traffic,On Roadway,"Sideswipe, same direction",FTYROW:  Other (explain in narrative),None Indicated,,Daylight,Dry,Cloudy,None apparent,Intersection:  Other intersection (explain in narrative),Paved,,Possible/Unknown,0,2,0,0,2,0,2500,2,3,,POINT (-90.577253036036 41.540663493839)
2014831212,14-42612,12/01/2014,12-December,2-Monday,15:27,1500 Hours,District 5 (Southeast),BURLINGTON,DES MOINES,US 61,US 61 & WEST AVE,Collision with:  Vehicle in traffic,On Roadway,"Sideswipe, same direction",Swerving/Evasive Action,None Indicated,,Daylight,Dry,Cloudy,None apparent,Non-intersection:  Non-junction/no special feature,Paved,,Property Damage Only,0,0,0,0,0,0,2000,2,3,,POINT (-91.141656959372 40.800441022335)
2014831087,14-050491,12/01/2014,12-December,2-Monday,18:00,1800 Hours,District 4 (Southwest),COUNCIL BLUFFS,POTTAWATTAMIE,I-29,I-29 & IA 192/S EXPRESSWAY & 30TH AVE,Collision with:  Vehicle in traffic,On Roadway,"Sideswipe, same direction",FTYROW:  Making right turn on red signal,None Indicated,,Dark - roadway lighted,Dry,Clear,None apparent,Non-intersection:  Non-junction/no special feature,Paved,,Property Damage Only,0,0,0,0,0,0,5000,2,2,,POINT (-95.851349866485 41.230677995623)
2014831200,20140035636,12/01/2014,12-December,2-Monday,15:42,1500 Hours,District 1 (Central),DES MOINES,POLK,,UNIVERSITY AVE & 19TH ST,Collision with:  Vehicle in traffic,On Roadway,Broadside (front to side),Lost Control,None Indicated,,Daylight,Dry,Clear,None apparent,Intersection:  Four-way intersection,Paved,,Property Damage Only,0,0,0,0,0,0,2500,2,2,,POINT (-93.642535278646 41.600400141987)
2014831447,C14003832,12/01/2014,12-December,2-Monday,15:39,1500 Hours,District 6 (East Central),CORALVILLE,JOHNSON,,12TH AVE,Collision with:  Vehicle in traffic,On Roadway,Rear-end (front to rear),Driver Distraction:  Reaching for object(s)/fallen object(s),None Indicated,,Daylight,Dry,Clear,None apparent,Non-intersection:  Non-junction/no special feature,Paved,,Property Damage Only,0,0,0,0,0,0,18000,2,2,,POINT (-91.586667788603 41.700752905138)
2014831835,14-005652,12/01/2014,12-December,2-Monday,13:53,1300 Hours,District 1 (Central),AMES,STORY,,BRISTOL DR,Collision with fixed object:  Tree,Shoulder,Non-collision (single vehicle),Ran off road - right,None Indicated,,Daylight,Dry,Cloudy,None apparent,Non-intersection:  Non-junction/no special feature,Paved,,Property Damage Only,0,0,0,0,0,0,4000,1,2,,POINT (-93.645396842153 42.046999305397)
2014831586,14-13902,12/01/2014,12-December,2-Monday,19:00,1900 Hours,District 3 (Northwest),SIOUX CENTER,SIOUX,,9TH ST SE,Collision with:  Animal,,,Animal,None Indicated,,,,,,,Paved,,Property Damage Only,0,0,0,0,0,0,2000,1,1,,POINT (-96.150028508994 43.069727601549)
2014831197,2014-23271,12/01/2014,12-December,2-Monday,15:53,1500 Hours,District 6 (East Central),BETTENDORF,SCOTT,,DEVILS GLEN RD,Collision with:  Vehicle in traffic,On Roadway,Rear-end (front to rear),Swerving/Evasive Action,None Indicated,,Daylight,Dry,Clear,None apparent,Non-intersection:  Non-junction/no special feature,Paved,,Property Damage Only,0,0,0,0,0,0,4000,2,2,,POINT (-90.481926285375 41.530211483854)
2014831659,14020861,12/01/2014,12-December,2-Monday,17:48,1700 Hours,District 2 (Northeast),MASON CITY,CERRO GORDO,,12TH ST NW,Collision with:  Animal,On Roadway,Non-collision (single vehicle),Animal,None Indicated,,Dark - roadway not lighted,Dry,Clear,None apparent,Non-intersection:  Non-junction/no special feature,Paved,,Property Damage Only,0,0,0,0,0,0,1500,1,1,,POINT (-93.250157055558 43.162736190659)
2014831673,20140004420,12/01/2014,12-December,2-Monday,23:33,2300 Hours,District 6 (East Central),,LINN,US 151,US 151,Collision with:  Animal,,,Animal,None Indicated,,,,,,,Paved,,Property Damage Only,0,0,0,0,0,0,3500,1,1,,POINT (-91.552610090728 41.966294048931)
2014835974,2014-82315,12/01/2014,12-December,2-Monday,11:45,1100 Hours,District 6 (East Central),DAVENPORT,SCOTT,,IA 461/BRADY ST & E 42ND ST,Collision with:  Vehicle in traffic,On Roadway,Broadside (front to side),Ran Traffic Signal,None Indicated,,Daylight,Dry,Cloudy,None apparent,Intersection:  T-intersection,Paved,,Property Damage Only,0,0,0,0,0,0,12000,2,2,,POINT (-90.567784445877 41.563636928726)
2014831061,W14-117718,12/01/2014,12-December,2-Monday,17:14,1700 Hours,District 2 (Northeast),WATERLOO,BLACK HAWK,US 20,US 20/NE RAMP/NE LOOP & US 63/SERGEANT RD & GREYHOUND DR,Collision with:  Vehicle in traffic,On Roadway,"Sideswipe, same direction",Made improper turn,None Indicated,,Dark - roadway lighted,Dry,Clear,None apparent,Intersection:  Four-way intersection,Paved,,Property Damage Only,0,0,0,0,0,0,2500,2,2,,POINT (-92.403589289721 42.460082439736)
2014830859,14-050452,12/01/2014,12-December,2-Monday,13:08,1300 Hours,District 4 (Southwest),COUNCIL BLUFFS,POTTAWATTAMIE,I-29,I-29,Collision with:  Vehicle in traffic,On Roadway,Rear-end (front to rear),Followed too close,None Indicated,,Daylight,Dry,Cloudy,None apparent,Non-intersection:  Non-junction/no special feature,Paved,,Possible/Unknown,0,5,0,0,5,0,2500,2,5,,POINT (-95.885954148943 41.232463082542)
2014831130,GP20140988,12/01/2014,12-December,2-Monday,15:35,1500 Hours,District 1 (Central),GRINNELL,POWESHIEK,,SPRING ST,Collision with:  Vehicle in traffic,On Roadway,Broadside (front to side),FTYROW:  At uncontrolled intersection,None Indicated,,Daylight,"Mud, dirt",Cloudy,None apparent,Intersection:  Four-way intersection,Paved,,Property Damage Only,0,0,0,0,0,0,22500,2,2,,POINT (-92.728754597719 41.73748772501)
2014831366,14-017355,12/01/2014,12-December,2-Monday,17:49,1700 Hours,District 2 (Northeast),HAWKEYE,FAYETTE,,Co Rd W14/R AVE,Collision with:  Animal,,,Animal,None Indicated,,,,,,,Paved,,Property Damage Only,0,0,0,0,0,0,4000,1,1,,POINT (-91.943549485684 42.923968238798)
2014833038,201417899,12/01/2014,12-December,2-Monday,16:14,1600 Hours,District 6 (East Central),CEDAR RAPIDS,LINN,I-380,I-380,Collision with fixed object:  Traffic sign support,Shoulder,Non-collision (single vehicle),Ran off road - right,None Indicated,,Dusk,Dry,Clear,None apparent,Interchange-related:  Off-ramp,Paved,,Property Damage Only,0,0,0,0,0,0,7000,1,1,,POINT (-91.668988113303 41.889985295606)
2014834233,14-18129,12/01/2014,12-December,2-Monday,17:50,1700 Hours,District 3 (Northwest),,CLAY,US 71,US 71,Collision with:  Vehicle in traffic,On Roadway,Rear-end (front to rear),Driving too fast for conditions,None Indicated,,Dark - roadway not lighted,Dry,Cloudy,None apparent,Intersection:  Four-way intersection,Paved,,Possible/Unknown,0,1,0,0,0,1,2500,2,3,,POINT (-95.161545767982 43.010500063857)