Iowa DOT Case Number,Law Enforcement Case Number,Date of Crash,Month of Crash,Day of Week,Time of Crash,Hour,DOT District,City Name,County Name,Route with System,Location Description,First Harmful Event,Location of First Harmful Event,Manner of Crash/Collision,Major Cause,Drug or Alcohol ,Environmental Conditions,Light Conditions,Surface Conditions,Weather Conditions,Roadway Contribution,Roadway Type,Roadway Surface,Work Zone,Crash Severity,Number of Fatalities,Number of Injuries,Number of Major Injuries,Number of Minor Injuries,Number of Possible Injuries,Number of Unknown Injuries,Amount of Property Damage,Number of Vehicles Involved,Total Number of Occupants,Travel Direction,Location
2014833562,20140036648,12/02/2014,12-December,3-Tuesday,15:00,1500 Hours,District 1 (Central),DES MOINES,POLK,,24TH ST,Collision with:  Parked motor vehicle,Shoulder,Unknown,Unknown,None Indicated,,Daylight,Dry,Cloudy,None apparent,Non-intersection:  Non-junction/no special feature,Paved,,Property Damage Only,0,0,0,0,0,0,4100,2,1,,POINT (-93.649735489492 41.599233771007)
2014831449,14-010326,12/02/2014,12-December,3-Tuesday,23:10,2300 Hours,District 6 (East Central),,DELAWARE,IA 13,IA 13/IOWA 13,Collision with fixed object:  Ditch,On Roadway,Non-collision (single vehicle),Ran off road - left,None Indicated,,Dark - roadway not lighted,Dry,Clear,None apparent,Non-intersection:  Non-junction/no special feature,Paved,,Property Damage Only,0,0,0,0,0,0,6000,1,2,,POINT (-91.470784646526 42.543442357889)
2014831893,C14117866,12/02/2014,12-December,3-Tuesday,08:06,0800 Hours,District 2 (Northeast),CEDAR FALLS,BLACK HAWK,IA 27,IA 27 & W VIKING RD,Collision with:  Vehicle in traffic,Shoulder,Rear-end (front to rear),Other (explain in narrative):  Other,None Indicated,,Daylight,Dry,Clear,None apparent,Intersection:  Four-way intersection,Paved,,Property Damage Only,0,0,0,0,0,0,3500,2,2,,POINT (-92.445752524111 42.484060610259)
2014832448,131-14,12/02/2014,12-December,3-Tuesday,17:26,1700 Hours,District 4 (Southwest),,MADISON,IA 92,IA 92/IOWA 92,Collision with:  Animal,,,Animal,None Indicated,,,,,,,Paved,,Property Damage Only,0,0,0,0,0,0,3000,1,1,,POINT (-94.198633332489 41.326341426071)
2014848284,201417931,12/02/2014,12-December,3-Tuesday,14:44,1400 Hours,District 6 (East Central),CEDAR RAPIDS,LINN,,BLAIRS FERRY RD,Collision with:  Vehicle in traffic,On Roadway,Broadside (front to side),FTYROW:  From stop sign,None Indicated,,Daylight,Dry,Cloudy,None apparent,Intersection:  Other intersection (explain in narrative),Paved,,Possible/Unknown,0,1,0,0,1,0,10000,2,2,,POINT (-91.686397870333 42.034865752348)
2014831460,2014-040171,12/02/2014,12-December,3-Tuesday,11:55,1100 Hours,District 6 (East Central),DUBUQUE,DUBUQUE,US 20,US 20/RAMP & FREMONT AVE,Collision with:  Vehicle in traffic,On Roadway,Broadside (front to side),Ran Traffic Signal,None Indicated,,Daylight,Dry,Clear,None apparent,Intersection:  Intersection with ramp,Paved,,Minor Injury,0,2,0,1,1,0,12500,2,2,,POINT (-90.688706528089 42.490628271703)
2014831723,14-1480,12/02/2014,12-December,3-Tuesday,08:00,0800 Hours,District 1 (Central),CLIVE,POLK,,CLARK ST & NW 100TH ST,Collision with:  Vehicle in traffic,On Roadway,Broadside (front to side),Ran Traffic Signal,None Indicated,,Daylight,Dry,Clear,None apparent,Intersection:  Four-way intersection,Paved,,Minor Injury,0,1,0,1,0,0,19500,3,3,,POINT (-93.755486975742 41.604280018903)
2014832155,2014067254,12/02/2014,12-December,3-Tuesday,16:00,1600 Hours,District 2 (Northeast),,ALLAMAKEE,,MOORE HILL RD,Collision with fixed object:  Ditch,Outside trafficway,Non-collision (single vehicle),Ran off road - right,None Indicated,,Dark - roadway not lighted,Ice/frost,Cloudy,"Surface condition (e.g., wet, icy)",Non-intersection:  Non-junction/no special feature,Unpaved,,Minor Injury,0,1,0,1,0,0,4000,1,1,,POINT (-91.315099507437 43.421994750469)
2014831268,W14-117956,12/02/2014,12-December,3-Tuesday,15:22,1500 Hours,District 2 (Northeast),WATERLOO,BLACK HAWK,,W SHAULIS RD & ANSBOROUGH AVE,Collision with:  Vehicle in traffic,On Roadway,Broadside (front to side),FTYROW:  From stop sign,None Indicated,,Daylight,Dry,Clear,None apparent,Intersection:  Four-way intersection,Paved,,Property Damage Only,0,0,0,0,0,0,11000,2,2,,POINT (-92.37639252857 42.443024602615)
2014831662,14020942,12/02/2014,12-December,3-Tuesday,21:26,2100 Hours,District 2 (Northeast),MASON CITY,CERRO GORDO,,15TH ST SE,Collision with:  Parked motor vehicle,On Roadway,Rear-end (front to rear),Other (explain in narrative):  Other,None Indicated,,Dark - roadway not lighted,Dry,Clear,None apparent,Non-intersection:  Non-junction/no special feature,Paved,,Property Damage Only,0,0,0,0,0,0,5000,3,3,,POINT (-93.187244836951 43.137273663684)
2014831397,32101-14,12/02/2014,12-December,3-Tuesday,22:40,2200 Hours,District 3 (Northwest),,EMMET,,Co Rd A33/210 ST,Collision with:  Animal,On Roadway,Non-collision (single vehicle),Animal,None Indicated,,Dark - roadway not lighted,Dry,Clear,None apparent,Non-intersection:  Non-junction/no special feature,Paved,,Property Damage Only,0,0,0,0,0,0,2500,1,1,,POINT (-94.697793070187 43.341792182053)
2014831780,14-2690,12/02/2014,12-December,3-Tuesday,17:29,1700 Hours,District 1 (Central),URBANDALE,POLK,,86TH ST,Collision with:  Vehicle in traffic,On Roadway,"Sideswipe, same direction",Crossed centerline (undivided),None Indicated,,Dusk,Dry,Clear,None apparent,Non-intersection:  Non-junction/no special feature,Paved,,Property Damage Only,0,0,0,0,0,0,10500,2,2,,POINT (-93.736539369173 41.615995229748)
2014832133,20144431,12/02/2014,12-December,3-Tuesday,17:38,1700 Hours,District 1 (Central),,GRUNDY,IA 14,IA 14/G AVE & Co Rd D67/330TH ST,Collision with:  Vehicle in traffic,On Roadway,Head-on (front to front),Crossed centerline (undivided),None Indicated,,Dark - roadway lighted,Dry,Cloudy,None apparent,Intersection:  Four-way intersection,Paved,,Property Damage Only,0,0,0,0,0,0,8500,2,2,,POINT (-92.904527160395 42.224345963133)
2014832187,14020891,12/02/2014,12-December,3-Tuesday,08:43,0800 Hours,District 2 (Northeast),MASON CITY,CERRO GORDO,,5TH ST SE & S MISSISSIPPI AVE,Collision with:  Vehicle in traffic,On Roadway,Unknown,Traveling wrong way or on wrong side of road,None Indicated,,Daylight,Dry,Clear,None apparent,Non-intersection:  Non-junction/no special feature,Paved,,Property Damage Only,0,0,0,0,0,0,4500,2,3,,POINT (-93.17259121088 43.147193049628)
2014831385,14-050606,12/02/2014,12-December,3-Tuesday,16:19,1600 Hours,District 4 (Southwest),COUNCIL BLUFFS,POTTAWATTAMIE,,AVE F & N 30TH ST,Collision with:  Vehicle in traffic,On Roadway,Broadside (front to side),FTYROW:  At uncontrolled intersection,None Indicated,,Daylight,Dry,Clear,None apparent,Intersection:  Other intersection (explain in narrative),Paved,,Property Damage Only,0,0,0,0,0,0,9000,2,6,,POINT (-95.892473163851 41.267180895502)
2014832597,14-019039,12/02/2014,12-December,3-Tuesday,21:36,2100 Hours,District 2 (Northeast),MARBLE ROCK,FLOYD,,Co Rd T26/HICKORY AVE,Collision with:  Animal,,,Animal,None Indicated,,,,,,,Paved,,Property Damage Only,0,0,0,0,0,0,2000,1,1,,POINT (-92.888489819002 42.993292752971)
2014831809,,12/02/2014,12-December,3-Tuesday,14:50,1400 Hours,District 3 (Northwest),LAKE CITY,CALHOUN,,WASHINGTON ST & EDNA ST,Collision with:  Vehicle in traffic,On Roadway,Broadside (front to side),FTYROW:  From yield sign,None Indicated,,Daylight,Dry,Clear,None apparent,Intersection:  Four-way intersection,Paved,,Property Damage Only,0,0,0,0,0,0,4000,2,2,,POINT (-94.728955492511 42.268307186513)
2014831401,20140035687,12/02/2014,12-December,3-Tuesday,08:40,0800 Hours,District 1 (Central),DES MOINES,POLK,,E PARK AVE,Collision with:  Vehicle in traffic,On Roadway,Rear-end (front to rear),Driving too fast for conditions,None Indicated,,Daylight,Dry,Clear,None apparent,Non-intersection:  Non-junction/no special feature,Paved,,Property Damage Only,0,0,0,0,0,0,3000,2,2,,POINT (-93.586543665873 41.555293771481)
2014831437,20140035719,12/02/2014,12-December,3-Tuesday,13:03,1300 Hours,District 1 (Central),DES MOINES,POLK,,SW 9TH ST,Collision with:  Vehicle in traffic,On Roadway,Rear-end (front to rear),Unknown,None Indicated,,Daylight,Dry,Clear,None apparent,Non-intersection:  Non-junction/no special feature,Paved,,Minor Injury,0,5,0,3,2,0,16500,2,5,,POINT (-93.625715474727 41.528713843648)
2014839029,14-8675,12/02/2014,12-December,3-Tuesday,13:45,1300 Hours,District 3 (Northwest),,IDA,,Co Rd M25/MARKET AVE,Collision with:  Vehicle in traffic,On Roadway,"Sideswipe, same direction",Crossed centerline (undivided),None Indicated,,Daylight,Dry,Clear,None apparent,Non-intersection:  Driveway access (within),Paved,,Major Injury,0,1,1,0,0,0,5250,2,2,,POINT (-95.420331873584 42.379574778731)
2014831213,14-010659,12/02/2014,12-December,3-Tuesday,00:30,0000 Hours,District 4 (Southwest),,CASS,I-80,I-80,Collision with fixed object:  Bridge overhead structure,On Roadway,Non-collision (single vehicle),Ran off road - right,None Indicated,,Dark - roadway not lighted,Dry,Clear,None apparent,Non-intersection:  Other non-intersection (explain in narrative),Paved,,Property Damage Only,0,0,0,0,0,0,10500,1,1,,POINT (-94.7253943704 41.496791435295)
2014831874,1-14-000458,12/02/2014,12-December,3-Tuesday,16:01,1600 Hours,District 4 (Southwest),,SHELBY,US 59,US 59,Collision with:  Vehicle in traffic,On Roadway,"Sideswipe, same direction",Ran off road - right,None Indicated,,Daylight,Dry,Clear,None apparent,Non-intersection:  Non-junction/no special feature,Paved,,Property Damage Only,0,0,0,0,0,0,10000,2,2,,POINT (-95.343754936209 41.802304296465)
2014832491,2014-82550,12/02/2014,12-December,3-Tuesday,15:19,1500 Hours,District 6 (East Central),DAVENPORT,SCOTT,,IA 461/BRADY ST,Collision with:  Vehicle in traffic,On Roadway,Rear-end (front to rear),Followed too close,None Indicated,,Daylight,Dry,Clear,None apparent,Non-intersection:  Non-junction/no special feature,Paved,,Possible/Unknown,0,1,0,0,1,0,2000,2,3,,POINT (-90.574023412747 41.534705176529)
2014831705,1410178,12/02/2014,12-December,3-Tuesday,17:25,1700 Hours,District 5 (Southeast),WASHINGTON,WASHINGTON,,Co Rd W61/RIVERSIDE RD & E 15TH ST,Collision with:  Vehicle in traffic,On Roadway,Rear-end (front to rear),Other (explain in narrative):  No improper action,None Indicated,,Dark - roadway not lighted,Dry,Clear,None apparent,Non-intersection:  Non-junction/no special feature,Paved,,Property Damage Only,0,0,0,0,0,0,5500,2,3,,POINT (-91.678369111141 41.312987748322)
2014839030,14-8678,12/02/2014,12-December,3-Tuesday,17:57,1700 Hours,District 3 (Northwest),IDA GROVE,IDA,,6TH ST & MOOREHEAD ST,Collision with:  Vehicle in traffic,On Roadway,Broadside (front to side),FTYROW:  Other (explain in narrative),None Indicated,,Dark - roadway not lighted,Dry,Clear,None apparent,Intersection:  Four-way intersection,Paved,,Possible/Unknown,0,1,0,0,1,0,4800,2,3,,POINT (-95.468492130645 42.340220716487)
2014831570,14-005220,12/02/2014,12-December,3-Tuesday,17:20,1700 Hours,District 1 (Central),ANKENY,POLK,,W 1ST ST,Collision with:  Vehicle in traffic,On Roadway,Rear-end (front to rear),Followed too close,None Indicated,,Dark - roadway lighted,Dry,Clear,None apparent,Non-intersection:  Non-junction/no special feature,Paved,,Property Damage Only,0,0,0,0,0,0,4000,2,2,,POINT (-93.630532292372 41.731808549861)
2014831977,14-39496,12/02/2014,12-December,3-Tuesday,13:54,1300 Hours,District 3 (Northwest),SIOUX CITY,WOODBURY,,W 1ST ST,Collision with:  Vehicle in traffic,On Roadway,Broadside (front to side),FTYROW:  From driveway,None Indicated,,Daylight,Dry,Cloudy,None apparent,Non-intersection:  Driveway access (within),Paved,,Property Damage Only,0,0,0,0,0,0,2500,2,3,,POINT (-96.433682803696 42.496979956962)
2014833128,S14-L0201,12/02/2014,12-December,3-Tuesday,18:20,1800 Hours,District 5 (Southeast),,CLARKE,US 69,US 69,Collision with:  Animal,,,Animal,None Indicated,,,,,,,Paved,,Property Damage Only,0,0,0,0,0,0,4000,1,1,,POINT (-93.686926549885 41.124407750461)
2014831398,149368,12/02/2014,12-December,3-Tuesday,19:19,1900 Hours,District 4 (Southwest),,DALLAS,US 169,US 169/N AVE,Collision with:  Vehicle in traffic,On Roadway,Rear-end (front to rear),Other (explain in narrative):  Other,None Indicated,,Dark - roadway not lighted,Dry,Clear,None apparent,Non-intersection:  Non-junction/no special feature,Paved,,Property Damage Only,0,0,0,0,0,0,2500,2,5,,POINT (-94.023123436057 41.683318191978)
2014831640,14-36849,12/02/2014,12-December,3-Tuesday,18:05,1800 Hours,District 5 (Southeast),FORT MADISON,LEE,US 61,US 61 & 180 ST,Collision with:  Vehicle in traffic,On Roadway,Broadside (front to side),FTYROW:  From stop sign,None Indicated,,Dark - roadway lighted,Dry,Clear,None apparent,Intersection:  Other intersection (explain in narrative),Paved,,Property Damage Only,0,0,0,0,0,0,13000,2,3,,POINT (-91.244734710835 40.69653591287)
2014831392,2014013390,12/02/2014,12-December,3-Tuesday,17:00,1700 Hours,District 6 (East Central),IOWA CITY,JOHNSON,,N DUBUQUE ST,Collision with:  Vehicle in traffic,On Roadway,Rear-end (front to rear),Followed too close,None Indicated,,Dark - roadway lighted,Dry,Clear,None apparent,Non-intersection:  Non-junction/no special feature,Paved,,Property Damage Only,0,0,0,0,0,0,3000,2,2,,POINT (-91.532660112569 41.674766741333)
2014832153,2014067145,12/02/2014,12-December,3-Tuesday,07:50,0700 Hours,District 1 (Central),,POLK,IA 415,IA 415/2ND AVE,Collision with:  Vehicle in traffic,On Roadway,Rear-end (front to rear),Followed too close,None Indicated,,Daylight,Dry,Clear,None apparent,Non-intersection:  Non-junction/no special feature,Paved,,Property Damage Only,0,0,0,0,0,0,6000,2,2,,POINT (-93.620573492034 41.666525413784)
2014831079,2014013366,12/02/2014,12-December,3-Tuesday,10:27,1000 Hours,District 6 (East Central),IOWA CITY,JOHNSON,,HOLLYWOOD BLVD,Collision with:  Parked motor vehicle,On Roadway,Broadside (front to side),Improper Backing,None Indicated,,Daylight,Dry,Cloudy,None apparent,Non-intersection:  Non-junction/no special feature,Paved,,Property Damage Only,0,0,0,0,0,0,1500,2,2,,POINT (-91.517288252077 41.640514525252)
2014831263,,12/02/2014,12-December,3-Tuesday,17:30,1700 Hours,District 6 (East Central),MARENGO,IOWA,US 6,US 6,Collision with:  Animal,On Roadway,Non-collision (single vehicle),Animal,None Indicated,,Dark - roadway lighted,Dry,Clear,None apparent,Non-intersection:  Non-junction/no special feature,Paved,,Property Damage Only,0,0,0,0,0,0,3000,1,1,,POINT (-92.068569100069 41.789488194633)
2014832423,14000577,12/02/2014,12-December,3-Tuesday,19:04,1900 Hours,District 5 (Southeast),ALBIA,MONROE,IA 5,IA 5/N MAIN ST & B AVE W & B AVE E,Collision with:  Vehicle in traffic,On Roadway,"Angle, oncoming left turn",FTYROW:  Making left turn,None Indicated,,Dark - roadway lighted,Dry,Clear,None apparent,Intersection:  Four-way intersection,Paved,,Property Damage Only,0,0,0,0,0,0,3500,2,3,,POINT (-92.807148372298 41.02904274053)
2014836878,W14-117850,12/02/2014,12-December,3-Tuesday,07:20,0700 Hours,District 2 (Northeast),WATERLOO,BLACK HAWK,US 20,US 20/US 20 RAMP,Collision with:  Vehicle in traffic,On Roadway,Rear-end (front to rear),Other (explain in narrative):  Other,None Indicated,,Daylight,Dry,Clear,None apparent,Non-intersection:  Non-junction/no special feature,Paved,,Property Damage Only,0,0,0,0,0,0,5516,2,2,,POINT (-92.370681726554 42.453548319328)
2014831574,201405684,12/02/2014,12-December,3-Tuesday,06:40,0600 Hours,District 1 (Central),,BOONE,US 30,US 30/220TH ST,Collision with:  Animal,,,Animal,None Indicated,,,,,,,Paved,,Property Damage Only,0,0,0,0,0,0,2000,1,1,,POINT (-93.899448941888 42.034751892424)
2014831084,20140035684,12/02/2014,12-December,3-Tuesday,07:49,0700 Hours,District 1 (Central),DES MOINES,POLK,IA 163,IA 163/E UNIVERSITY AVE & E 26TH ST,Collision with:  Vehicle in traffic,On Roadway,Broadside (front to side),Unknown,None Indicated,,Daylight,Dry,Clear,None apparent,Non-intersection:  Non-junction/no special feature,Paved,,Possible/Unknown,0,1,0,0,1,0,3500,2,2,,POINT (-93.567896663738 41.600459796226)
2014839023,14-027954,12/02/2014,12-December,3-Tuesday,18:00,1800 Hours,District 5 (Southeast),,MAHASKA,,MERINO AVE,Collision with fixed object:  Ditch,On Roadway,Non-collision (single vehicle),Ran off road - left,Alcohol (< Statutory),,Dark - roadway not lighted,"Mud, dirt",Clear,None apparent,Non-intersection:  Non-junction/no special feature,Unpaved,,Possible/Unknown,0,2,0,0,2,0,5000,1,2,,POINT (-92.633276205375 41.184279717209)
2014832221,201417920,12/02/2014,12-December,3-Tuesday,09:30,0900 Hours,District 6 (East Central),CEDAR RAPIDS,LINN,,1ST ST NW,Collision with:  Other non-fixed object (explain in narrative),On Roadway,Non-collision (single vehicle),Other (explain in narrative):  No improper action,None Indicated,,Daylight,Dry,Clear,None apparent,Non-intersection:  Railroad grade crossing,Paved,,Property Damage Only,0,0,0,0,0,0,1600,1,1,,POINT (-91.675675226783 41.982802614409)
2014832779,14-001457,12/02/2014,12-December,3-Tuesday,19:15,1900 Hours,District 1 (Central),,STORY,,Co Rd R50/GEORGE W CARVER AVE & 190TH ST,Collision with:  Parked motor vehicle,Unknown,Unknown,Unknown,None Indicated,,Unknown,Other (explain in narrative),Unknown,Unknown,Non-intersection:  Driveway access (within),Paved,,Property Damage Only,0,0,0,0,0,0,1500,2,1,,POINT (-93.659407268103 42.077911056229)
2014834417,2014-007617,12/02/2014,12-December,3-Tuesday,06:03,0600 Hours,District 6 (East Central),,BENTON,,20 AVE & 69 ST,Collision with fixed object:  Ditch,On Roadway,Non-collision (single vehicle),Ran Stop Sign,None Indicated,,Dark - roadway not lighted,Dry,Clear,None apparent,Intersection:  T-intersection,Unpaved,,Major Injury,0,3,1,1,1,0,0,1,3,,POINT (-92.105255715085 42.021468040807)
2014831070,14-050572,12/02/2014,12-December,3-Tuesday,12:16,1200 Hours,District 4 (Southwest),COUNCIL BLUFFS,POTTAWATTAMIE,,NEBRASKA AVE & S 35TH ST,Collision with:  Vehicle in traffic,On Roadway,"Sideswipe, same direction",Made improper turn,None Indicated,,Daylight,Dry,Cloudy,None apparent,Non-intersection:  Non-junction/no special feature,Paved,,Property Damage Only,0,0,0,0,0,0,3500,2,2,,POINT (-95.901010620955 41.244333039649)
2014831623,W14-118001,12/02/2014,12-December,3-Tuesday,18:13,1800 Hours,District 2 (Northeast),WATERLOO,BLACK HAWK,,SHOPPERS BLVD & E SAN MARNAN DR,Collision with:  Vehicle in traffic,On Roadway,"Sideswipe, same direction","Operating vehicle in an reckless, erratic, careless, negligent manner",None Indicated,,Dark - roadway lighted,Dry,Clear,None apparent,Intersection:  T-intersection,Paved,,Property Damage Only,0,0,0,0,0,0,3000,2,3,,POINT (-92.35188888419 42.457424204362)
2014831210,20141071,12/02/2014,12-December,3-Tuesday,07:55,0700 Hours,District 6 (East Central),MOUNT VERNON,LINN,IA 1,IA 1/S 1ST AVE & 4TH ST SW & S 4TH ST,Collision with:  Vehicle in traffic,On Roadway,"Angle, oncoming left turn",Other (explain in narrative):  Other,None Indicated,,Daylight,Dry,Clear,None apparent,Intersection:  Four-way intersection,Paved,,Property Damage Only,0,0,0,0,0,0,4400,2,2,,POINT (-91.419174887273 41.919925261179)
2014833148,2014-82526,12/02/2014,12-December,3-Tuesday,11:57,1100 Hours,District 6 (East Central),DAVENPORT,SCOTT,,EASTERN AVE & OLDE BRANDY LN,Collision with:  Vehicle in traffic,On Roadway,Rear-end (front to rear),Followed too close,None Indicated,,Daylight,Dry,Clear,None apparent,Intersection:  T-intersection,Paved,,Possible/Unknown,0,1,0,0,1,0,10000,2,2,,POINT (-90.551305203433 41.583380118489)
2014831563,2014067192,12/02/2014,12-December,3-Tuesday,12:02,1200 Hours,District 1 (Central),,POWESHIEK,I-80,I-80 & US 63,Collision with fixed object:  Bridge overhead structure,On Roadway,Non-collision (single vehicle),Other (explain in narrative):  Other,None Indicated,,Daylight,Dry,Cloudy,None apparent,Non-intersection:  Other non-intersection (explain in narrative),Paved,,Property Damage Only,0,0,0,0,0,0,5500,1,1,,POINT (-92.552301594139 41.696538949177)
2014831955,2014067161,12/02/2014,12-December,3-Tuesday,09:00,0900 Hours,District 1 (Central),,JASPER,I-80,I-80,Collision with:  Vehicle in traffic,Shoulder,"Sideswipe, same direction",Other (explain in narrative):  Other,None Indicated,,Daylight,Dry,Clear,None apparent,Non-intersection:  Non-junction/no special feature,Paved,,Property Damage Only,0,0,0,0,0,0,6000,2,2,,POINT (-92.816960703474 41.695229598475)
2014833189,2014-13397,12/02/2014,12-December,3-Tuesday,19:27,1900 Hours,District 3 (Northwest),,SAC,,Co Rd M64/NEEDHAM AVE,Non-collision events:  Overturn/rollover,Shoulder,Non-collision (single vehicle),Ran off road - right,Alcohol (Statutory),,Dark - roadway not lighted,Dry,Clear,None apparent,Non-intersection:  Non-junction/no special feature,Paved,,Property Damage Only,0,0,0,0,0,0,3000,1,2,,POINT (-95.09030917845 42.298752236682)
2014833041,201417942,12/02/2014,12-December,3-Tuesday,18:43,1800 Hours,District 6 (East Central),CEDAR RAPIDS,LINN,,WILEY BLVD SW & 33RD AVE SW & EDGEWOOD RD SW,Collision with:  Vehicle in traffic,On Roadway,"Angle, oncoming left turn",Made improper turn,Alcohol (Statutory),,Dark - roadway lighted,Dry,Cloudy,None apparent,Intersection:  Four-way intersection,Paved,,Property Damage Only,0,0,0,0,0,0,6500,2,2,,POINT (-91.716075881493 41.945614548372)
2014832030,14-42757,12/02/2014,12-December,3-Tuesday,17:51,1700 Hours,District 5 (Southeast),BURLINGTON,DES MOINES,US 61,US 61 & AGENCY ST,Collision with:  Vehicle in traffic,On Roadway,"Sideswipe, same direction",Unknown,None Indicated,,Dark - roadway lighted,Dry,Clear,None apparent,Intersection:  Four-way intersection,Paved,,Possible/Unknown,0,1,0,0,1,0,9500,3,5,,POINT (-91.141444514185 40.814850143055)
2014831442,20140035737,12/02/2014,12-December,3-Tuesday,14:30,1400 Hours,District 1 (Central),DES MOINES,POLK,,PLEASANTVIEW DR & SW 12TH ST,Collision with:  Vehicle in traffic,On Roadway,Broadside (front to side),FTYROW:  From stop sign,None Indicated,,Daylight,Dry,Cloudy,None apparent,Intersection:  Four-way intersection,Paved,,Minor Injury,0,1,0,1,0,0,7600,2,2,,POINT (-93.630559448533 41.557240590618)
2014831360,20140035813,12/03/2014,12-December,4-Wednesday,09:30,0900 Hours,District 1 (Central),DES MOINES,POLK,US 6,US 6/EUCLID AVE,Collision with:  Non-motorist (see non-motorist section - NOT a unit),On Roadway,Non-collision (single vehicle),Swerving/Evasive Action,None Indicated,,Daylight,Dry,Clear,None apparent,Non-intersection:  Non-junction/no special feature,Paved,,Minor Injury,0,1,0,1,0,0,1500,1,1,,POINT (-93.633166141938 41.62768091655)
2014831628,14-7965,12/03/2014,12-December,4-Wednesday,20:56,2000 Hours,District 1 (Central),,POLK,,Co Rd F38/NE 78TH AVE,Collision with:  Vehicle in traffic,On Roadway,Rear-end (front to rear),Driver Distraction:  Manual operation of an electronic communication device,None Indicated,,Dark - roadway not lighted,Dry,Clear,None apparent,Non-intersection:  Railroad grade crossing,Paved,,Property Damage Only,0,0,0,0,0,0,5500,3,7,,POINT (-93.53269205512 41.702868687951)
2014832037,,12/03/2014,12-December,4-Wednesday,22:25,2200 Hours,District 4 (Southwest),ADEL,DALLAS,US 6,US 6 & PROSPECT AVE & PROSPECT CIR,Collision with:  Animal,On Roadway,Non-collision (single vehicle),Animal,None Indicated,,Dark - roadway not lighted,Dry,Clear,None apparent,Non-intersection:  Non-junction/no special feature,Paved,,Property Damage Only,0,0,0,0,0,0,2000,1,1,,POINT (-93.989085086726 41.612694584979)
2014831804,2014013427,12/03/2014,12-December,4-Wednesday,21:09,2100 Hours,District 6 (East Central),IOWA CITY,JOHNSON,,KIRKWOOD AVE,Collision with:  Vehicle in traffic,On Roadway,Rear-end (front to rear),Followed too close,None Indicated,,Dark - roadway not lighted,Dry,Cloudy,None apparent,Non-intersection:  Driveway access (within),Paved,,Property Damage Only,0,0,0,0,0,0,2700,2,2,,POINT (-91.517659448619 41.649463133152)
2014833042,201417980,12/03/2014,12-December,4-Wednesday,12:45,1200 Hours,District 6 (East Central),CEDAR RAPIDS,LINN,IA 100,IA 100/PROPOSED IA100 & EDGEWOOD RD NE,Collision with:  Vehicle in traffic,On Roadway,Rear-end (front to rear),Lost Control,None Indicated,,Daylight,Dry,Clear,None apparent,Intersection:  Other intersection (explain in narrative),Paved,,Property Damage Only,0,0,0,0,0,0,5000,3,3,,POINT (-91.701922542587 42.028900056721)
2014831594,C14003856,12/03/2014,12-December,4-Wednesday,10:01,1000 Hours,District 6 (East Central),CORALVILLE,JOHNSON,US 6,US 6/2ND ST,Collision with:  Vehicle in traffic,On Roadway,Rear-end (front to rear),Followed too close,None Indicated,,Daylight,Dry,Clear,None apparent,Non-intersection:  Non-junction/no special feature,Paved,,Property Damage Only,0,0,0,0,0,0,4300,2,2,,POINT (-91.603137723849 41.685525601133)
2014831897,PD14-11785,12/03/2014,12-December,4-Wednesday,16:55,1600 Hours,District 1 (Central),MARSHALLTOWN,MARSHALL,IA 14,IA 14/3RD AVE & E BOONE ST,Collision with:  Vehicle in traffic,On Roadway,"Angle, oncoming left turn",FTYROW:  From stop sign,None Indicated,,Dusk,Dry,Clear,None apparent,Unknown,Paved,,Property Damage Only,0,0,0,0,0,0,5239,2,3,,POINT (-92.907973313622 42.045498614605)
2014831719,S14-004767,12/03/2014,12-December,4-Wednesday,06:17,0600 Hours,District 4 (Southwest),,POTTAWATTAMIE,IA 92,IA 92/IOWA 92 & HEARTHSTONE DR,Collision with:  Animal,,,Animal,None Indicated,,,,,,,Paved,,Property Damage Only,0,0,0,0,0,0,1500,1,1,,POINT (-95.725453171462 41.232468120879)
2014831781,14-3870,12/03/2014,12-December,4-Wednesday,16:40,1600 Hours,District 1 (Central),FORT DODGE,WEBSTER,,27TH AVE N & N 15TH ST,Collision with:  Vehicle in traffic,On Roadway,"Sideswipe, same direction",Driver Distraction:  Manual operation of an electronic communication device,None Indicated,,Dusk,Dry,Clear,None apparent,Non-intersection:  Non-junction/no special feature,Paved,,Property Damage Only,0,0,0,0,0,0,3000,2,2,,POINT (-94.178054969516 42.531642194278)
2014831981,14-39593,12/03/2014,12-December,4-Wednesday,14:53,1400 Hours,District 3 (Northwest),SIOUX CITY,WOODBURY,,DOUGLAS ST,Collision with:  Vehicle in traffic,On Roadway,Broadside (front to side),FTYROW:  From driveway,None Indicated,,Daylight,Dry,Clear,None apparent,Non-intersection:  Driveway access (within),Paved,,Property Damage Only,0,0,0,0,0,0,7000,2,2,,POINT (-96.406479277221 42.500413010756)
2014833043,201417984,12/03/2014,12-December,4-Wednesday,14:00,1400 Hours,District 6 (East Central),CEDAR RAPIDS,LINN,IA 922,IA 922/1ST AVE E & 14TH ST SE & 14TH ST NE,Collision with:  Vehicle in traffic,On Roadway,Rear-end (front to rear),Lost Control,None Indicated,,Daylight,Dry,Clear,None apparent,Non-intersection:  Non-junction/no special feature,Paved,,Property Damage Only,0,0,0,0,0,0,1500,2,2,,POINT (-91.653927812604 41.987160927852)