Iowa DOT Case Number,Law Enforcement Case Number,Date of Crash,Month of Crash,Day of Week,Time of Crash,Hour,DOT District,City Name,County Name,Route with System,Location Description,First Harmful Event,Location of First Harmful Event,Manner of Crash/Collision,Major Cause,Drug or Alcohol ,Environmental Conditions,Light Conditions,Surface Conditions,Weather Conditions,Roadway Contribution,Roadway Type,Roadway Surface,Work Zone,Crash Severity,Number of Fatalities,Number of Injuries,Number of Major Injuries,Number of Minor Injuries,Number of Possible Injuries,Number of Unknown Injuries,Amount of Property Damage,Number of Vehicles Involved,Total Number of Occupants,Travel Direction,Location
2014835192,SO14-1517,12/03/2014,12-December,4-Wednesday,12:10,1200 Hours,District 2 (Northeast),GOLDFIELD,WRIGHT,IA 17,IA 17/IOWA 17 & Co Rd C32/210TH ST,Collision with:  Vehicle in traffic,On Roadway,"Sideswipe, same direction",Ran Stop Sign,None Indicated,,Daylight,Dry,Clear,None apparent,Intersection:  Four-way intersection,Paved,,Property Damage Only,0,0,0,0,0,0,9000,2,3,,POINT (-93.971416315642 42.74616535521)
2014831703,14010346,12/03/2014,12-December,4-Wednesday,17:15,1700 Hours,District 6 (East Central),,DELAWARE,,Co Rd X21/200TH AVE,Collision with:  Animal,,,Animal,None Indicated,,,,,,,Paved,,Property Damage Only,0,0,0,0,0,0,1500,1,1,,POINT (-91.410068826868 42.582050844316)
2014837049,14120047,12/03/2014,12-December,4-Wednesday,17:56,1700 Hours,District 5 (Southeast),OTTUMWA,WAPELLO,,N QUINCY AVE,Collision with:  Vehicle in traffic,On Roadway,Rear-end (front to rear),Followed too close,None Indicated,,Dark - roadway lighted,Dry,Clear,None apparent,Intersection:  Four-way intersection,Paved,,Property Damage Only,0,0,0,0,0,0,2300,2,3,,POINT (-92.438526350179 41.018071654526)
2014833737,S79140383,12/03/2014,12-December,4-Wednesday,01:22,0100 Hours,District 1 (Central),,POWESHIEK,I-80,I-80,Collision with:  Animal,,,Animal,None Indicated,,,,,,,Paved,,Property Damage Only,0,0,0,0,0,0,4500,1,1,,POINT (-92.327651815858 41.695615350944)
2014832283,14-42892,12/03/2014,12-December,4-Wednesday,17:18,1700 Hours,District 5 (Southeast),,DES MOINES,,FLINT BOTTOM RD,Collision with:  Animal,,,Animal,None Indicated,,,,,,,Paved,,Property Damage Only,0,0,0,0,0,0,2000,1,1,,POINT (-91.215707586794 40.866340721169)
2014831701,14010335,12/03/2014,12-December,4-Wednesday,10:42,1000 Hours,District 6 (East Central),,DELAWARE,US 20,US 20/NE RAMP,Collision with fixed object:  Ditch,Roadside,Non-collision (single vehicle),Ran off road - right,None Indicated,,Daylight,Dry,Clear,None apparent,Interchange-related:  Off-ramp,Paved,,Property Damage Only,0,0,0,0,0,0,5000,1,1,,POINT (-91.268646601543 42.472006959705)
2014831283,14-7957,12/03/2014,12-December,4-Wednesday,13:18,1300 Hours,District 1 (Central),,POLK,,NE 62ND AVE,Collision with:  Vehicle in traffic,On Roadway,Rear-end (front to rear),FTYROW:  Other (explain in narrative),None Indicated,,Daylight,Dry,Clear,None apparent,Non-intersection:  Non-junction/no special feature,Paved,,Property Damage Only,0,0,0,0,0,0,2100,2,2,,POINT (-93.492777115711 41.672935974217)
2014853283,14680905,12/03/2014,12-December,4-Wednesday,09:48,0900 Hours,District 5 (Southeast),,MONROE,,JOHN ST & MEADOW ST,Collision with:  Vehicle in traffic,On Roadway,Broadside (front to side),Exceeded authorized speed,None Indicated,,Daylight,"Mud, dirt",Clear,None apparent,Intersection:  Four-way intersection,Unpaved,,Major Injury,0,1,1,0,0,0,5000,2,2,,POINT (-92.715364614623 41.064317711257)
2014832498,2014-82815,12/03/2014,12-December,4-Wednesday,18:01,1800 Hours,District 6 (East Central),DAVENPORT,SCOTT,,E 53RD ST & TREMONT AVE,Collision with:  Vehicle in traffic,On Roadway,Broadside (front to side),Made improper turn,None Indicated,,Dark - roadway lighted,Dry,Clear,None apparent,Non-intersection:  Non-junction/no special feature,Paved,,Possible/Unknown,0,1,0,0,1,0,5500,2,2,,POINT (-90.560822513385 41.574648245564)
2014832736,32107-14,12/03/2014,12-December,4-Wednesday,06:01,0600 Hours,District 3 (Northwest),,EMMET,,Co Rd A13/110 ST,Collision with:  Animal,,,Animal,None Indicated,,,,,,,Paved,,Property Damage Only,0,0,0,0,0,0,3000,1,1,,POINT (-94.682337692807 43.488204032751)
2014832346,2014-040211,12/03/2014,12-December,4-Wednesday,17:23,1700 Hours,District 6 (East Central),DUBUQUE,DUBUQUE,IA 32,IA 32/IA32 NW ARTERIAL,Collision with:  Animal,,,Animal,None Indicated,,,,,,,Paved,,Property Damage Only,0,0,0,0,0,0,2000,1,1,,POINT (-90.740014619213 42.491399874189)
2014831413,149374,12/03/2014,12-December,4-Wednesday,07:00,0700 Hours,District 4 (Southwest),WOODWARD,DALLAS,IA 141,IA 141/IOWA 141,Collision with:  Animal,,,Animal,None Indicated,,,,,,,Paved,,Property Damage Only,0,0,0,0,0,0,10000,1,1,,POINT (-93.91492741482 41.830691999135)
2014831266,W14-118159,12/03/2014,12-December,4-Wednesday,07:49,0700 Hours,District 2 (Northeast),WATERLOO,BLACK HAWK,,CARRIAGE HILL DR,Collision with:  Parked motor vehicle,On Roadway,Unknown,Other (explain in narrative):  Vision obstructed,None Indicated,,Daylight,Dry,Clear,None apparent,Non-intersection:  Non-junction/no special feature,Paved,,Property Damage Only,0,0,0,0,0,0,12000,2,1,,POINT (-92.386174306943 42.502200979689)
2014831886,201405708,12/03/2014,12-December,4-Wednesday,18:12,1800 Hours,District 1 (Central),,STORY,,Co Rd R38/500TH AVE,Collision with:  Animal,,,Animal,None Indicated,,,,,,,Paved,,Property Damage Only,0,0,0,0,0,0,2500,1,1,,POINT (-93.698724889808 42.03187128412)
2014831896,14-005246,12/03/2014,12-December,4-Wednesday,22:45,2200 Hours,District 1 (Central),ANKENY,POLK,,NE OTTER CREEK DR,Non-collision events:  Other non-collision (explain in narrative),Roadside,Non-collision (single vehicle),Ran off road - left,Alcohol (Statutory),,Dark - roadway lighted,Dry,Clear,None apparent,Non-intersection:  Non-junction/no special feature,Paved,,Property Damage Only,0,0,0,0,0,0,1500,1,1,,POINT (-93.574905915146 41.762589068184)
2014831714,2014-040207,12/03/2014,12-December,4-Wednesday,14:35,1400 Hours,District 6 (East Central),DUBUQUE,DUBUQUE,,HILLCREST RD & CHANEY RD,Collision with:  Vehicle in traffic,On Roadway,Broadside (front to side),Ran Stop Sign,None Indicated,,Daylight,Dry,Cloudy,None apparent,Intersection:  Four-way intersection,Paved,,Possible/Unknown,0,1,0,0,1,0,6100,2,2,,POINT (-90.708199598571 42.505608419819)
2014831587,14-31900,12/03/2014,12-December,4-Wednesday,22:54,2200 Hours,District 1 (Central),,JASPER,I-80,I-80,Collision with fixed object:  Guardrail - face,Median,Non-collision (single vehicle),Ran off road - left,Alcohol (Statutory),,Dark - roadway not lighted,Dry,Clear,None apparent,Non-intersection:  Non-junction/no special feature,Paved,,Property Damage Only,0,0,0,0,0,0,10000,1,1,,POINT (-92.93671825076 41.680234917463)
2014837215,14-008824,12/03/2014,12-December,4-Wednesday,03:50,0300 Hours,District 3 (Northwest),,PALO ALTO,IA 4,IA 4/420 AVE & 340 ST,Collision with fixed object:  Culvert/pipe opening,Outside trafficway,Non-collision (single vehicle),Ran off road - left,None Indicated,,Dark - roadway not lighted,Dry,Clear,None apparent,Intersection:  Four-way intersection,Paved,,Minor Injury,0,1,0,1,0,0,10000,1,1,,POINT (-94.757594329877 43.155631393139)
2014831982,14-39606,12/03/2014,12-December,4-Wednesday,14:05,1400 Hours,District 3 (Northwest),SIOUX CITY,WOODBURY,,WAR EAGLE DR,Collision with:  Vehicle in traffic,On Roadway,Rear-end (front to rear),"Operating vehicle in an reckless, erratic, careless, negligent manner",None Indicated,,Daylight,Dry,Clear,None apparent,Non-intersection:  Non-junction/no special feature,Paved,,Property Damage Only,0,0,0,0,0,0,10000,2,3,,POINT (-96.460455109774 42.494606993393)
2014831720,14-6134,12/03/2014,12-December,4-Wednesday,14:37,1400 Hours,District 1 (Central),WEST DES MOINES,POLK,,UNIVERSITY AVE & 36TH ST,Collision with:  Vehicle in traffic,On Roadway,"Sideswipe, same direction",Made improper turn,None Indicated,,Daylight,Dry,Clear,None apparent,Non-intersection:  Non-junction/no special feature,Paved,,Property Damage Only,0,0,0,0,0,0,4500,2,3,,POINT (-93.754446209169 41.600440778927)
2014833150,2014-82771,12/03/2014,12-December,4-Wednesday,14:53,1400 Hours,District 6 (East Central),DAVENPORT,SCOTT,,CHEYENNE AVE & N DIVISION ST,Collision with:  Vehicle in traffic,On Roadway,Rear-end (front to rear),Followed too close,None Indicated,,Daylight,Dry,Clear,None apparent,Non-intersection:  Non-junction/no special feature,Paved,,Possible/Unknown,0,1,0,0,1,0,5000,2,3,,POINT (-90.60062652588 41.564705599009)
2014837048,14120032,12/03/2014,12-December,4-Wednesday,01:08,0100 Hours,District 5 (Southeast),OTTUMWA,WAPELLO,US 63,US 63,Collision with:  Animal,,,Animal,None Indicated,,,,,,,Paved,,Property Damage Only,0,0,0,0,0,0,1500,1,1,,POINT (-92.389894710078 41.065621486343)
2014831818,W14-118255,12/03/2014,12-December,4-Wednesday,14:26,1400 Hours,District 2 (Northeast),WATERLOO,BLACK HAWK,,KING DR,Collision with:  Vehicle in traffic,On Roadway,Broadside (front to side),Lost Control,None Indicated,,Daylight,Dry,Clear,None apparent,Non-intersection:  Non-junction/no special feature,Paved,,Possible/Unknown,0,1,0,0,0,1,18500,5,2,,POINT (-92.344333769726 42.458822178359)
2014831875,1-14-000461,12/03/2014,12-December,4-Wednesday,15:37,1500 Hours,District 4 (Southwest),,SHELBY,,Co Rd F24/STREET F24,Collision with fixed object:  Ditch,On Roadway,Non-collision (single vehicle),Ran off road - left,None Indicated,,Daylight,Dry,Clear,None apparent,Non-intersection:  Non-junction/no special feature,Paved,,Property Damage Only,0,0,0,0,0,0,8200,1,1,,POINT (-95.120919567819 41.791614217461)
2014832641,,12/03/2014,12-December,4-Wednesday,22:45,2200 Hours,District 2 (Northeast),,WINNESHIEK,,,Collision with:  Animal,On Roadway,Non-collision (single vehicle),Animal,None Indicated,,Dark - roadway not lighted,Dry,Clear,,Non-intersection:  Non-junction/no special feature,,,Property Damage Only,0,0,0,0,0,0,8000,1,1,,POINT (-96.643700149993 40.233091251414)
2014831793,2014067286,12/03/2014,12-December,4-Wednesday,06:00,0600 Hours,District 3 (Northwest),MAURICE,SIOUX,US 75,US 75,Collision with:  Animal,,,Animal,None Indicated,,,,,,,Paved,,Property Damage Only,0,0,0,0,0,0,2000,1,1,,POINT (-96.175501715953 42.986041290394)
2014832495,2014-82777,12/03/2014,12-December,4-Wednesday,15:04,1500 Hours,District 6 (East Central),DAVENPORT,SCOTT,,COLONY DR & RIPLEY ST,Collision with:  Vehicle in traffic,On Roadway,Rear-end (front to rear),Traveling wrong way or on wrong side of road,None Indicated,,Daylight,Dry,Clear,None apparent,Non-intersection:  Non-junction/no special feature,Paved,,Property Damage Only,0,0,0,0,0,0,3000,2,6,,POINT (-90.577845848463 41.569406369387)
2014833044,201417992,12/03/2014,12-December,4-Wednesday,18:58,1800 Hours,District 6 (East Central),CEDAR RAPIDS,LINN,IA 922,IA 922/WILLIAMS BLVD/1ST AVE W & 18TH ST NW & 18TH ST SW,Collision with:  Vehicle in traffic,On Roadway,Rear-end (front to rear),Lost Control,Refused,,Dark - roadway lighted,Dry,Clear,None apparent,Intersection:  Four-way intersection,Paved,,Possible/Unknown,0,2,0,0,2,0,5500,3,4,,POINT (-91.69659691903 41.970847357893)
2014831333,S14-004760,12/03/2014,12-December,4-Wednesday,00:20,0000 Hours,District 4 (Southwest),,POTTAWATTAMIE,IA 92,IA 92/IOWA 92,Non-collision events:  Overturn/rollover,On Roadway,Non-collision (single vehicle),Swerving/Evasive Action,None Indicated,,Dark - roadway not lighted,Dry,Cloudy,None apparent,Non-intersection:  Non-junction/no special feature,Paved,,Property Damage Only,0,0,0,0,0,0,10000,1,1,,POINT (-95.25445626929 41.232112310697)
2014832345,2014-040199,12/03/2014,12-December,4-Wednesday,08:27,0800 Hours,District 6 (East Central),DUBUQUE,DUBUQUE,,PENNSYLVANIA AVE & CHERRY ST,Collision with:  Vehicle in traffic,On Roadway,"Angle, oncoming left turn",Made improper turn,None Indicated,,Daylight,Dry,Clear,None apparent,Intersection:  T-intersection,Paved,,Property Damage Only,0,0,0,0,0,0,2700,2,3,,POINT (-90.700530324494 42.49934916923)
2014832494,2014-82767,12/03/2014,12-December,4-Wednesday,14:15,1400 Hours,District 6 (East Central),DAVENPORT,SCOTT,,IA 461/WELCOME WAY & W 53RD ST,Collision with:  Vehicle in traffic,On Roadway,"Sideswipe, same direction",Improper or erratic lane changing,None Indicated,,Daylight,Dry,Clear,None apparent,Non-intersection:  Non-junction/no special feature,Paved,,Possible/Unknown,0,1,0,0,1,0,7000,2,2,,POINT (-90.571669859064 41.57451772938)
2014831784,120314A,12/03/2014,12-December,4-Wednesday,13:30,1300 Hours,District 4 (Southwest),,FREMONT,,Co Rd J34/220 ST,Non-collision events:  Overturn/rollover,On Roadway,Non-collision (single vehicle),Crossed centerline (undivided),None Indicated,,Daylight,Dry,Cloudy,None apparent,Non-intersection:  Non-junction/no special feature,Paved,,Major Injury,0,1,1,0,0,0,1500,1,1,,POINT (-95.737990036862 40.728986802309)
2014831983,14-39618,12/03/2014,12-December,4-Wednesday,18:32,1800 Hours,District 3 (Northwest),SIOUX CITY,WOODBURY,,18TH ST & SUMMIT ST,Collision with:  Vehicle in traffic,On Roadway,Broadside (front to side),Ran Stop Sign,None Indicated,,Dark - roadway lighted,Dry,Clear,None apparent,Intersection:  Four-way intersection,Paved,,Property Damage Only,0,0,0,0,0,0,8000,2,2,,POINT (-96.409559893338 42.509172687067)
2014831758,C14003857,12/03/2014,12-December,4-Wednesday,11:57,1100 Hours,District 6 (East Central),CORALVILLE,JOHNSON,US 6,US 6/2ND ST,Collision with:  Vehicle in traffic,On Roadway,Rear-end (front to rear),Driver Distraction:  Manual operation of an electronic communication device,None Indicated,,Daylight,Dry,Clear,None apparent,Non-intersection:  Non-junction/no special feature,Paved,,Possible/Unknown,0,1,0,0,1,0,8000,2,3,,POINT (-91.58368859702 41.675497080709)
2014832218,14027993,12/03/2014,12-December,4-Wednesday,09:38,0900 Hours,District 5 (Southeast),OSKALOOSA,MAHASKA,,C AVE E & N 3RD ST,Collision with:  Vehicle in traffic,On Roadway,Broadside (front to side),FTYROW:  From stop sign,None Indicated,,Daylight,Dry,Clear,None apparent,Unknown,Paved,,Property Damage Only,0,0,0,0,0,0,4000,2,2,,POINT (-92.641511841367 41.298497994981)
2014833904,,12/03/2014,12-December,4-Wednesday,17:15,1700 Hours,District 2 (Northeast),,FAYETTE,IA 150,IA 150/LINCOLN RD,Collision with:  Animal,On Roadway,Non-collision (single vehicle),Animal,None Indicated,,Dusk,Dry,Cloudy,,Non-intersection:  Non-junction/no special feature,Paved,,Minor Injury,0,1,0,1,0,0,5759,1,1,,POINT (-91.839192543452 43.044920995748)
2014831664,14036879,12/03/2014,12-December,4-Wednesday,01:32,0100 Hours,District 5 (Southeast),,LEE,US 61,US 61,Collision with:  Animal,,,Animal,None Indicated,,,,,,,Paved,,Property Damage Only,0,0,0,0,0,0,3000,1,1,,POINT (-91.248867879535 40.691013688239)
2014832223,201417981,12/03/2014,12-December,4-Wednesday,12:44,1200 Hours,District 6 (East Central),CEDAR RAPIDS,LINN,IA 922,IA 922/1ST AVE E & 27TH ST NE,Collision with:  Vehicle in traffic,On Roadway,"Angle, oncoming left turn",FTYROW:  Making left turn,None Indicated,,Daylight,Dry,Clear,None apparent,Intersection:  Four-way intersection,Paved,,Property Damage Only,0,0,0,0,0,0,16000,2,2,,POINT (-91.634811412795 42.003281769802)
2014831334,14-18194,12/03/2014,12-December,4-Wednesday,08:25,0800 Hours,District 3 (Northwest),SPENCER,CLAY,,W 11TH ST & 4TH AVE W,Collision with:  Vehicle in traffic,On Roadway,Broadside (front to side),FTYROW:  From stop sign,None Indicated,,Daylight,Dry,Clear,None apparent,Intersection:  Four-way intersection,Paved,,Minor Injury,0,2,0,1,1,0,25000,2,2,,POINT (-95.150472132303 43.148658155762)
2014832157,2014067284,12/03/2014,12-December,4-Wednesday,04:19,0400 Hours,District 6 (East Central),,IOWA,I-80,I-80,Collision with fixed object:  Ditch,Outside trafficway,Non-collision (single vehicle),Ran off road - right,None Indicated,,Dark - roadway not lighted,Dry,Clear,None apparent,Non-intersection:  Non-junction/no special feature,Paved,,Property Damage Only,0,0,0,0,0,0,15000,1,1,,POINT (-92.053409383222 41.687657941924)
2014831600,14-001191,12/03/2014,12-December,4-Wednesday,00:44,0000 Hours,District 3 (Northwest),SAC CITY,SAC,,,Collision with fixed object:  Other fixed object (explain in narrative),Outside trafficway,Non-collision (single vehicle),Ran off road - left,None Indicated,,Dark - unknown roadway lighting,"Mud, dirt",Clear,"Surface condition (e.g., wet, icy)",Non-intersection:  Non-junction/no special feature,,,Property Damage Only,0,0,0,0,0,0,14000,1,1,,POINT (-96.643700149993 40.233091251414)
2014832985,14028366,12/03/2014,12-December,4-Wednesday,11:12,1100 Hours,District 2 (Northeast),KENSETT,WORTH,US 65,US 65/MAPLE ST & 8TH ST,Collision with:  Vehicle in traffic,On Roadway,Broadside (front to side),FTYROW:  From stop sign,None Indicated,,Daylight,Dry,Clear,None apparent,Intersection:  Four-way intersection,Paved,,Possible/Unknown,0,1,0,0,1,0,7500,2,3,,POINT (-93.21036647995 43.357083153549)
2014831757,A14-080,12/03/2014,12-December,4-Wednesday,15:21,1500 Hours,District 4 (Southwest),WINTERSET,MADISON,,W HIGH ST & E HIGH ST & S 1ST ST,Collision with:  Vehicle in traffic,On Roadway,Rear-end (front to rear),Followed too close,None Indicated,,Daylight,Dry,Clear,None apparent,Intersection:  Four-way intersection,Paved,,Possible/Unknown,0,1,0,0,1,0,15000,3,4,,POINT (-94.013384288719 41.33173371604)
2014831679,SO14002864,12/03/2014,12-December,4-Wednesday,23:42,2300 Hours,District 3 (Northwest),HINTON,PLYMOUTH,US 75,US 75,Collision with:  Animal,,,Animal,None Indicated,,,,,,,Paved,,Property Damage Only,0,0,0,0,0,0,2000,1,1,,POINT (-96.288426941135 42.640265054902)
2014831721,149392,12/03/2014,12-December,4-Wednesday,15:26,1500 Hours,District 4 (Southwest),,DALLAS,US 6,US 6/N AVE,Collision with:  Vehicle in traffic,On Roadway,Rear-end (front to rear),Swerving/Evasive Action,None Indicated,,Daylight,Dry,Cloudy,None apparent,Non-intersection:  Non-junction/no special feature,Paved,,Major Injury,0,1,1,0,0,0,15000,2,3,,POINT (-94.012649494889 41.550790399521)
2014835103,14C05337,12/03/2014,12-December,4-Wednesday,15:40,1500 Hours,District 4 (Southwest),CRESTON,UNION,,W JEFFERSON ST & S JARVIS ST,Collision with:  Vehicle in traffic,On Roadway,Broadside (front to side),Unknown,None Indicated,,Daylight,Dry,Cloudy,None apparent,Intersection:  Four-way intersection,Paved,,Property Damage Only,0,0,0,0,0,0,1500,2,2,,POINT (-94.371184167775 41.056321900462)
2014831787,14118214,12/03/2014,12-December,4-Wednesday,10:50,1000 Hours,District 2 (Northeast),CEDAR FALLS,BLACK HAWK,,MADISON ST & ASHLAND AVE,Collision with:  Vehicle in traffic,On Roadway,Broadside (front to side),FTYROW:  From yield sign,None Indicated,,Daylight,Dry,Clear,None apparent,Unknown,Paved,,Property Damage Only,0,0,0,0,0,0,4000,2,2,,POINT (-92.42484485488 42.519044337841)
2014832493,2014-82726,12/03/2014,12-December,4-Wednesday,07:53,0700 Hours,District 6 (East Central),DAVENPORT,SCOTT,,W 53RD ST & NORTHWEST BLVD,Collision with:  Vehicle in traffic,On Roadway,Head-on (front to front),Other (explain in narrative):  Other,None Indicated,,Daylight,Dry,Clear,None apparent,Intersection:  Four-way intersection,Paved,,Property Damage Only,0,0,0,0,0,0,4000,2,2,,POINT (-90.593856886263 41.574561141841)
2014832174,201405705,12/03/2014,12-December,4-Wednesday,16:24,1600 Hours,District 1 (Central),,BOONE,US 30,US 30/230TH ST & W AVE,Collision with:  Vehicle in traffic,On Roadway,"Angle, oncoming left turn",FTYROW:  From stop sign,None Indicated,,Daylight,Dry,Cloudy,None apparent,Intersection:  Four-way intersection,Paved,,Property Damage Only,0,0,0,0,0,0,6000,2,2,,POINT (-93.73776434246 42.023061758907)
2014831389,H14-118160,12/03/2014,12-December,4-Wednesday,07:50,0700 Hours,District 2 (Northeast),HUDSON,BLACK HAWK,IA 58,IA 58/HWY 58 & WOODS ST,Collision with:  Vehicle in traffic,On Roadway,"Angle, oncoming left turn",Made improper turn,None Indicated,,Daylight,Dry,Clear,None apparent,Intersection:  T-intersection,Paved,,Property Damage Only,0,0,0,0,0,0,4500,2,3,,POINT (-92.456098709754 42.399256258978)
2014831803,2014013421,12/03/2014,12-December,4-Wednesday,17:34,1700 Hours,District 6 (East Central),IOWA CITY,JOHNSON,,CHURCH ST & N DUBUQUE ST,Collision with:  Vehicle in traffic,On Roadway,"Sideswipe, same direction",FTYROW:  Making left turn,None Indicated,,Dark - roadway lighted,Dry,Cloudy,None apparent,Intersection:  Four-way intersection,Paved,,Property Damage Only,0,0,0,0,0,0,1550,2,2,,POINT (-91.533029447689 41.668025336694)
2014832333,1400001075,12/03/2014,12-December,4-Wednesday,02:55,0200 Hours,District 1 (Central),,MARSHALL,IA 14,IA 14/REED AVE & 250TH ST,Collision with:  Animal,,,Animal,None Indicated,,,,,,,Paved,,Property Damage Only,0,0,0,0,0,0,4500,1,1,,POINT (-92.912456442017 41.992507071094)
2014834303,,12/03/2014,12-December,4-Wednesday,17:28,1700 Hours,District 3 (Northwest),,POCAHONTAS,,325TH AVE,Collision with:  Parked motor vehicle,On Roadway,Rear-end (front to rear),Illegally Parked/Unattended,None Indicated,,Dusk,Dry,Clear,,,Unpaved,,Property Damage Only,0,0,0,0,0,0,16000,2,2,,POINT (-94.472161906578 42.838655066745)
2014833218,14-005572,12/03/2014,12-December,4-Wednesday,17:21,1700 Hours,District 3 (Northwest),,LYON,,FRANKLIN BLVD,Non-collision events:  Overturn/rollover,Shoulder,Non-collision (single vehicle),Ran off road - left,None Indicated,,Dark - roadway not lighted,Dry,Clear,None apparent,Non-intersection:  Other non-intersection (explain in narrative),Unpaved,,Property Damage Only,0,0,0,0,0,0,13000,1,3,,POINT (-96.209106186234 43.316168432181)
2014833149,2014-82678,12/03/2014,12-December,4-Wednesday,02:12,0200 Hours,District 6 (East Central),DAVENPORT,SCOTT,,TELEGRAPH RD,Collision with fixed object:  Guardrail - face,On Roadway,Non-collision (single vehicle),Lost Control,None Indicated,,Dark - roadway lighted,Dry,Clear,None apparent,Non-intersection:  Non-junction/no special feature,Paved,,Property Damage Only,0,0,0,0,0,0,6000,1,1,,POINT (-90.613786255385 41.523523000712)
2014832963,14-012524,12/03/2014,12-December,4-Wednesday,19:48,1900 Hours,District 5 (Southeast),,WAYNE,,128TH,Collision with fixed object:  Ditch,Outside trafficway,Non-collision (single vehicle),Swerving/Evasive Action,None Indicated,,Dark - roadway not lighted,"Mud, dirt",Clear,None apparent,Non-intersection:  Non-junction/no special feature,Unpaved,,Property Damage Only,0,0,0,0,0,0,15200,1,1,,POINT (-93.32761189216 40.782638936538)
2014832022,CL14004227,12/03/2014,12-December,4-Wednesday,17:52,1700 Hours,District 6 (East Central),CLINTON,CLINTON,US 30,US 30/CAMANCHE AVE,Collision with:  Vehicle in traffic,On Roadway,"Sideswipe, same direction",FTYROW:  At uncontrolled intersection,None Indicated,,Dusk,Dry,Cloudy,None apparent,Non-intersection:  Non-junction/no special feature,Paved,,Property Damage Only,0,0,0,0,0,0,6000,2,2,,POINT (-90.214530081077 41.820894980121)
2014831363,14-6126,12/03/2014,12-December,4-Wednesday,07:10,0700 Hours,District 1 (Central),WEST DES MOINES,POLK,,19TH ST,Collision with:  Vehicle in traffic,On Roadway,Rear-end (front to rear),Driver Distraction:  Inattentive/lost in thought,None Indicated,,Daylight,Dry,Clear,None apparent,Non-intersection:  Non-junction/no special feature,Paved,,Major Injury,0,1,1,0,0,0,12500,4,777,,POINT (-93.732299362153 41.582821743678)
2014841886,14-005686,12/03/2014,12-December,4-Wednesday,14:30,1400 Hours,District 1 (Central),AMES,STORY,,24TH ST,Collision with:  Vehicle in traffic,On Roadway,"Sideswipe, same direction",Swerving/Evasive Action,None Indicated,,Daylight,Dry,Clear,None apparent,Non-intersection:  Driveway access (within),Paved,,Property Damage Only,0,0,0,0,0,0,1500,2,3,,POINT (-93.621954145179 42.04569669771)
2014831786,14118145,12/03/2014,12-December,4-Wednesday,06:20,0600 Hours,District 2 (Northeast),CEDAR FALLS,BLACK HAWK,,W VIKING RD,Collision with fixed object:  Other fixed object (explain in narrative),Outside trafficway,Non-collision (single vehicle),Ran off road - right,None Indicated,,Dark - roadway lighted,Dry,Clear,None apparent,Non-intersection:  Non-junction/no special feature,Paved,,Property Damage Only,0,0,0,0,0,0,4200,1,1,,POINT (-92.447115682453 42.484013159729)
2014831748,201400058568,12/03/2014,12-December,4-Wednesday,08:48,0800 Hours,District 5 (Southeast),OTTUMWA,WAPELLO,IA 149,IA 149/WAPELLO ST & W 4TH ST,Collision with:  Vehicle in traffic,On Roadway,"Angle, oncoming left turn",FTYROW:  Making left turn,None Indicated,,Daylight,Dry,Clear,None apparent,Intersection:  Four-way intersection,Paved,,Property Damage Only,0,0,0,0,0,0,5500,2,4,,POINT (-92.414273835473 41.022274870232)
2014832496,2014-82783,12/03/2014,12-December,4-Wednesday,14:30,1400 Hours,District 6 (East Central),DAVENPORT,SCOTT,,W LOCUST ST & TAYLOR ST,Collision with:  Vehicle in traffic,On Roadway,"Angle, oncoming left turn",FTYROW:  From stop sign,None Indicated,,Daylight,Dry,Clear,None apparent,Intersection:  Four-way intersection,Paved,,Property Damage Only,0,0,0,0,0,0,5000,2,3,,POINT (-90.592566268632 41.538265343109)
2014831965,14-029298,12/03/2014,12-December,4-Wednesday,18:43,1800 Hours,District 5 (Southeast),,MARION,,110TH AVE,Non-collision events:  Overturn/rollover,On Roadway,Non-collision (single vehicle),Swerving/Evasive Action,None Indicated,,Dark - roadway not lighted,Dry,Clear,None apparent,Non-intersection:  Non-junction/no special feature,Paved,,Property Damage Only,0,0,0,0,0,0,6500,1,1,,POINT (-93.137993479364 41.303873702937)
2014831702,14010341,12/03/2014,12-December,4-Wednesday,15:37,1500 Hours,District 6 (East Central),,DELAWARE,IA 3,IA 3/IOWA 3,Collision with:  Vehicle in traffic,On Roadway,Rear-end (front to rear),Followed too close,None Indicated,,Daylight,Dry,Clear,None apparent,Non-intersection:  Non-junction/no special feature,Paved,,Possible/Unknown,0,1,0,0,1,0,6000,2,2,,POINT (-91.382966394324 42.644745265085)
2014831463,2014-040195,12/03/2014,12-December,4-Wednesday,02:05,0200 Hours,District 6 (East Central),DUBUQUE,DUBUQUE,,GARFIELD AVE & WINDSOR AVE,Collision with:  Vehicle in traffic,On Roadway,Rear-end (front to rear),Ran off road - left,Alcohol (Statutory),,Dark - roadway lighted,Dry,Clear,None apparent,Non-intersection:  Non-junction/no special feature,Paved,,Property Damage Only,0,0,0,0,0,0,4500,2,1,,POINT (-90.662523024268 42.515077423846)
2014848933,14-072,12/03/2014,12-December,4-Wednesday,22:50,2200 Hours,District 3 (Northwest),,CALHOUN,,KINGSLEY AVE,Collision with:  Animal,On Roadway,Non-collision (single vehicle),Animal,None Indicated,,Dark - roadway not lighted,"Mud, dirt",Clear,None apparent,Non-intersection:  Non-junction/no special feature,Unpaved,,Property Damage Only,0,0,0,0,0,0,4500,1,1,,POINT (-94.707142185626 42.289419526478)
2014831956,2014067463,12/03/2014,12-December,4-Wednesday,16:45,1600 Hours,District 4 (Southwest),KELLERTON,RINGGOLD,IA 2,IA 2/IOWA 2 & Co Rd J45/230TH ST,Collision with:  Vehicle in traffic,On Roadway,"Sideswipe, opposite direction",FTYROW:  Other (explain in narrative),None Indicated,,Daylight,Dry,Clear,None apparent,Non-intersection:  Non-junction/no special feature,Paved,,Property Damage Only,0,0,0,0,0,0,6000,2,2,,POINT (-94.058342870381 40.710750609817)