Iowa DOT Case Number,Law Enforcement Case Number,Date of Crash,Month of Crash,Day of Week,Time of Crash,Hour,DOT District,City Name,County Name,Route with System,Location Description,First Harmful Event,Location of First Harmful Event,Manner of Crash/Collision,Major Cause,Drug or Alcohol ,Environmental Conditions,Light Conditions,Surface Conditions,Weather Conditions,Roadway Contribution,Roadway Type,Roadway Surface,Work Zone,Crash Severity,Number of Fatalities,Number of Injuries,Number of Major Injuries,Number of Minor Injuries,Number of Possible Injuries,Number of Unknown Injuries,Amount of Property Damage,Number of Vehicles Involved,Total Number of Occupants,Travel Direction,Location
2014833620,14-029313,12/03/2014,12-December,4-Wednesday,21:39,2100 Hours,District 5 (Southeast),,MARION,IA 5,IA 5/IOWA 5,Collision with:  Animal,,,Animal,None Indicated,,,,,,,Paved,,Property Damage Only,0,0,0,0,0,0,2000,1,1,,POINT (-92.909933768849 41.163146166351)
2014831802,14-6136,12/03/2014,12-December,4-Wednesday,17:40,1700 Hours,District 1 (Central),WEST DES MOINES,POLK,I-235,I-235,Collision with:  Vehicle in traffic,On Roadway,Rear-end (front to rear),Exceeded authorized speed,None Indicated,,Dark - roadway lighted,Dry,Cloudy,None apparent,Non-intersection:  Non-junction/no special feature,Paved,,Property Damage Only,0,0,0,0,0,0,1500,2,3,,POINT (-93.745844603999 41.592300343446)
2014832867,201400058611,12/03/2014,12-December,4-Wednesday,12:40,1200 Hours,District 5 (Southeast),OTTUMWA,WAPELLO,,E MAIN ST & S VINE ST,Collision with:  Vehicle in traffic,On Roadway,Rear-end (front to rear),Swerving/Evasive Action,None Indicated,,Daylight,Dry,Clear,None apparent,Intersection:  Four-way intersection,Paved,,Property Damage Only,0,0,0,0,0,0,3200,2,2,,POINT (-92.404435695811 41.011883104539)
2014832897,14-100719,12/03/2014,12-December,4-Wednesday,19:20,1900 Hours,District 4 (Southwest),,CASS,,Co Rd N16/OLIVE ST,Collision with fixed object:  Ditch,On Roadway,Non-collision (single vehicle),Separation of units,None Indicated,,Dark - roadway not lighted,Dry,Clear,None apparent,Non-intersection:  Non-junction/no special feature,Paved,,Property Damage Only,0,0,0,0,0,0,4250,1,1,,POINT (-95.003658792037 41.486451636027)
2014831957,2014067467,12/03/2014,12-December,4-Wednesday,17:26,1700 Hours,District 2 (Northeast),,FRANKLIN,US 65,US 65,Collision with:  Animal,,,Animal,None Indicated,,,,,,,Paved,,Property Damage Only,0,0,0,0,0,0,2000,1,1,,POINT (-93.202280121456 42.765812111546)
2014831980,14-39581,12/03/2014,12-December,4-Wednesday,12:41,1200 Hours,District 3 (Northwest),SIOUX CITY,WOODBURY,IA 12,IA 12/RIVERSIDE BLVD,Collision with:  Vehicle in traffic,On Roadway,"Angle, oncoming left turn",FTYROW:  Making left turn,None Indicated,,Daylight,Dry,Clear,None apparent,Non-intersection:  Driveway access (within),Paved,,Property Damage Only,0,0,0,0,0,0,6000,2,2,,POINT (-96.474864630278 42.516393375751)
2014832669,2014-014108,12/03/2014,12-December,4-Wednesday,02:40,0200 Hours,District 6 (East Central),,DUBUQUE,,HUMKE RD,Collision with:  Animal,,,Animal,None Indicated,,,,,,,Paved,,Property Damage Only,0,0,0,0,0,0,8000,1,1,,POINT (-90.808990088224 42.489795158663)
2014836815,,12/03/2014,12-December,4-Wednesday,08:46,0800 Hours,District 6 (East Central),MAQUOKETA,JACKSON,IA 64,IA 64/W PLATT ST/E PLATT ST & S MAIN ST & N MAIN ST,Collision with:  Vehicle in traffic,On Roadway,"Angle, oncoming left turn",FTYROW:  Making left turn,None Indicated,,Daylight,Dry,Clear,None apparent,Intersection:  Four-way intersection,Paved,,Property Damage Only,0,0,0,0,0,0,11000,2,2,,POINT (-90.66551813429 42.069258701235)
2014832167,14-42910,12/03/2014,12-December,4-Wednesday,20:15,2000 Hours,District 5 (Southeast),BURLINGTON,DES MOINES,US 61,US 61,Collision with:  Vehicle in traffic,On Roadway,"Angle, oncoming left turn",FTYROW:  From stop sign,None Indicated,,Dark - roadway lighted,Dry,Cloudy,None apparent,Non-intersection:  Driveway access (within),Paved,,Property Damage Only,0,0,0,0,0,0,7000,2,3,,POINT (-91.141399808964 40.822821347122)
2014831589,20140035803,12/03/2014,12-December,4-Wednesday,06:45,0600 Hours,District 1 (Central),DES MOINES,POLK,,E ARMY POST RD,Collision with:  Animal,On Roadway,Non-collision (single vehicle),Animal,None Indicated,,Dusk,Dry,Clear,None apparent,Non-intersection:  Non-junction/no special feature,Paved,,Property Damage Only,0,0,0,0,0,0,2500,1,1,,POINT (-93.551602616604 41.525931629971)
2014832497,2014-82799,12/03/2014,12-December,4-Wednesday,16:54,1600 Hours,District 6 (East Central),DAVENPORT,SCOTT,US 67,US 67/E RIVER DR,Collision with:  Vehicle in traffic,On Roadway,Rear-end (front to rear),Followed too close,None Indicated,,Dark - roadway lighted,Dry,Clear,None apparent,Non-intersection:  Non-junction/no special feature,Paved,,Property Damage Only,0,0,0,0,0,0,2000,2,2,,POINT (-90.555064385334 41.527611667367)
2014831629,14-7967,12/03/2014,12-December,4-Wednesday,21:20,2100 Hours,District 1 (Central),,POLK,IA 141,IA 141/IOWA 141,Collision with:  Animal,,,Animal,None Indicated,,,,,,,Paved,,Property Damage Only,0,0,0,0,0,0,4500,1,1,,POINT (-93.785959053393 41.74373952532)
2014832687,2014067384,12/03/2014,12-December,4-Wednesday,13:15,1300 Hours,District 4 (Southwest),,ADAIR,I-80,I-80,Collision with fixed object:  Guardrail - face,Median,Non-collision (single vehicle),Ran off road - left,None Indicated,,Daylight,Dry,Clear,None apparent,Non-intersection:  Non-junction/no special feature,Paved,,Property Damage Only,0,0,0,0,0,0,13000,1,1,,POINT (-94.357391088715 41.493077534773)
2014831902,14007604,12/03/2014,12-December,4-Wednesday,06:15,0600 Hours,District 2 (Northeast),MASON CITY,CERRO GORDO,US 65,US 65,Collision with:  Animal,,,Animal,None Indicated,,,,,,,Paved,,Property Damage Only,0,0,0,0,0,0,2500,1,1,,POINT (-93.210471474951 43.22663294551)
2014831632,149400,12/03/2014,12-December,4-Wednesday,19:42,1900 Hours,District 4 (Southwest),,DALLAS,IA 141,IA 141/141ST ST,Collision with:  Animal,,,Animal,None Indicated,,,,,,,Paved,,Property Damage Only,0,0,0,0,0,0,5000,1,1,,POINT (-93.964714469656 41.834878074228)
2014834483,14-11391,12/03/2014,12-December,4-Wednesday,10:42,1000 Hours,District 5 (Southeast),MOUNT PLEASANT,HENRY,,S JEFFERSON ST,Collision with:  Vehicle in traffic,On Roadway,Broadside (front to side),FTYROW:  From parked position,None Indicated,,Daylight,Dry,Clear,None apparent,Non-intersection:  Non-junction/no special feature,Paved,,Property Damage Only,0,0,0,0,0,0,4000,2,2,,POINT (-91.554769002688 40.965681024368)
2014831914,14-23434,12/03/2014,12-December,4-Wednesday,17:45,1700 Hours,District 6 (East Central),BETTENDORF,SCOTT,,MIDDLE RD & KIMBERLY RD,Collision with:  Vehicle in traffic,On Roadway,Rear-end (front to rear),Other (explain in narrative):  Other,None Indicated,,Dark - roadway lighted,Dry,Clear,None apparent,Intersection:  Four-way intersection,Paved,,Property Damage Only,0,0,0,0,0,0,1800,3,3,,POINT (-90.522551597307 41.538524648602)
2014831805,2014013429,12/03/2014,12-December,4-Wednesday,21:26,2100 Hours,District 6 (East Central),IOWA CITY,JOHNSON,,E COURT ST & S CLINTON ST,Collision with:  Vehicle in traffic,Outside trafficway,Unknown,Unknown,None Indicated,,Dark - roadway lighted,Dry,Clear,Unknown,Non-intersection:  Non-junction/no special feature,Paved,,Property Damage Only,0,0,0,0,0,0,1500,2,1,,POINT (-91.534657550919 41.656616414988)
2014831381,2014013406,12/03/2014,12-December,4-Wednesday,00:01,0000 Hours,District 6 (East Central),IOWA CITY,JOHNSON,,GRYN DR,Collision with:  Parked motor vehicle,On Roadway,Unknown,Unknown,None Indicated,,Unknown,Unknown,Unknown,Unknown,Non-intersection:  Non-junction/no special feature,Paved,,Property Damage Only,0,0,0,0,0,0,1500,2,1,,POINT (-91.571698214244 41.641302686917)
2014831637,13-033791,12/03/2014,12-December,4-Wednesday,06:55,0600 Hours,District 5 (Southeast),DONNELLSON,LEE,,180 AVE,Collision with:  Animal,,,Animal,None Indicated,,,,,,,Paved,,Property Damage Only,0,0,0,0,0,0,3000,1,1,,POINT (-91.564682351573 40.63103552918)
2014832172,14-13962,12/03/2014,12-December,4-Wednesday,17:50,1700 Hours,District 3 (Northwest),,SIOUX,,Co Rd B40/390TH ST,Collision with:  Animal,,,Animal,None Indicated,,,,,,,Paved,,Property Damage Only,0,0,0,0,0,0,5000,1,1,,POINT (-96.437118208828 43.083857748191)
2014831713,2014-040198,12/03/2014,12-December,4-Wednesday,04:52,0400 Hours,District 6 (East Central),DUBUQUE,DUBUQUE,,W LOCUST ST,Collision with:  Animal,,,Animal,None Indicated,,,,,,,Paved,,Property Damage Only,0,0,0,0,0,0,1800,1,1,,POINT (-90.6828368936 42.509204538151)
2014831706,2014013402,12/03/2014,12-December,4-Wednesday,07:33,0700 Hours,District 6 (East Central),IOWA CITY,JOHNSON,US 6,US 6 & HEINZ RD & S HEINZ RD,Collision with:  Vehicle in traffic,On Roadway,Rear-end (front to rear),Followed too close,None Indicated,,Daylight,Dry,Cloudy,None apparent,Non-intersection:  Non-junction/no special feature,Paved,,Property Damage Only,0,0,0,0,0,0,3600,2,5,,POINT (-91.491039627518 41.631832519719)
2014832318,14-036962,12/03/2014,12-December,4-Wednesday,21:05,2100 Hours,District 5 (Southeast),,LEE,US 61,US 61,Collision with:  Animal,,,Animal,None Indicated,,,,,,,Paved,,Property Damage Only,0,0,0,0,0,0,2000,1,1,,POINT (-91.423750846873 40.59685773536)
2014832032,PD1410841,12/03/2014,12-December,4-Wednesday,21:55,2100 Hours,District 5 (Southeast),FAIRFIELD,JEFFERSON,,W GEAR AVE & N 8TH ST,Collision with:  Animal,,,Animal,None Indicated,,,,,,,Paved,,Property Damage Only,0,0,0,0,0,0,3000,1,1,,POINT (-91.973597511292 41.017373287935)
2014831837,14-005684,12/03/2014,12-December,4-Wednesday,12:31,1200 Hours,District 1 (Central),AMES,STORY,US 69,US 69/S DUFF AVE & S 2ND ST & SE 2ND ST,Collision with:  Vehicle in traffic,On Roadway,Broadside (front to side),FTYROW:  From stop sign,None Indicated,,Daylight,Dry,Clear,None apparent,Intersection:  Four-way intersection,Paved,,Property Damage Only,0,0,0,0,0,0,6000,2,3,,POINT (-93.610341289485 42.021621456888)
2014832334,1400001077,12/03/2014,12-December,4-Wednesday,22:25,2200 Hours,District 1 (Central),,MARSHALL,US 30,US 30/240TH ST,Collision with fixed object:  Ditch,On Roadway,Non-collision (single vehicle),Crossed centerline (undivided),None Indicated,,Dark - roadway not lighted,Dry,Cloudy,None apparent,Non-intersection:  Non-junction/no special feature,Paved,,Minor Injury,0,1,0,1,0,0,4000,1,1,,POINT (-93.183436807517 42.007579126915)
2014831707,02-14-014117,12/03/2014,12-December,4-Wednesday,08:00,0800 Hours,District 6 (East Central),ASBURY,DUBUQUE,,SEIPPEL RD,Collision with fixed object:  Guardrail - face,Shoulder,Non-collision (single vehicle),Ran off road - left,Under Influence of Alcohol/Drugs/Medications,,Daylight,Dry,Clear,None apparent,Non-intersection:  Non-junction/no special feature,Paved,,Property Damage Only,0,0,0,0,0,0,6000,1,1,,POINT (-90.779571102639 42.515163905516)
2014831984,14-39622,12/03/2014,12-December,4-Wednesday,19:05,1900 Hours,District 3 (Northwest),SIOUX CITY,WOODBURY,,BUSHNELL AVE & S LAKEPORT ST,Collision with:  Vehicle in traffic,On Roadway,Rear-end (front to rear),Other (explain in narrative):  Other,None Indicated,,Dark - unknown roadway lighting,Dry,Clear,None apparent,Intersection:  T-intersection,Paved,,Property Damage Only,0,0,0,0,0,0,6000,2,4,,POINT (-96.346441221218 42.463743451652)
2014832277,2014067453,12/03/2014,12-December,4-Wednesday,15:14,1500 Hours,District 5 (Southeast),,MARION,IA 5,IA 5/IOWA 5,Collision with:  Vehicle in traffic,On Roadway,Rear-end (front to rear),Unknown,None Indicated,,Daylight,Dry,Cloudy,None apparent,Non-intersection:  Non-junction/no special feature,Paved,,Minor Injury,0,2,0,2,0,0,19500,2,2,,POINT (-93.123295592176 41.307547533118)
2014832021,CL14004223,12/03/2014,12-December,4-Wednesday,11:47,1100 Hours,District 6 (East Central),CLINTON,CLINTON,,7TH AVE S,Collision with:  Vehicle in traffic,On Roadway,Broadside (front to side),FTYROW:  Making left turn,None Indicated,,Daylight,Dry,Clear,None apparent,Intersection:  Four-way intersection,Paved,,Property Damage Only,0,0,0,0,0,0,6000,2,2,,POINT (-90.213667025656 41.839119667025)
2014832759,14015764,12/03/2014,12-December,4-Wednesday,17:50,1700 Hours,District 4 (Southwest),,MILLS,,Co Rd H12/BROTHERS AVE,Collision with fixed object:  Ditch,On Roadway,Non-collision (single vehicle),Exceeded authorized speed,None Indicated,,Dusk,Dry,Cloudy,Obstruction in roadway,Non-intersection:  Non-junction/no special feature,Paved,,Major Injury,0,2,2,0,0,0,5000,1,2,,POINT (-95.529832203765 41.145678733742)
2014831404,14-050693,12/03/2014,12-December,4-Wednesday,07:44,0700 Hours,District 4 (Southwest),COUNCIL BLUFFS,POTTAWATTAMIE,IA 192,IA 192/N 16TH ST & AVE G,Collision with:  Vehicle in traffic,On Roadway,"Angle, oncoming left turn",FTYROW:  Making left turn,None Indicated,,Daylight,Dry,Cloudy,None apparent,Intersection:  Four-way intersection,Paved,,Property Damage Only,0,0,0,0,0,0,7000,2,5,,POINT (-95.867514440875 41.268021909252)
2014832158,2014067474,12/03/2014,12-December,4-Wednesday,18:05,1800 Hours,District 6 (East Central),NORTH LIBERTY,JOHNSON,,PENN ST & ALEXANDER WAY,Collision with:  Vehicle in traffic,On Roadway,Rear-end (front to rear),Driver Distraction:  Manual operation of an electronic communication device,None Indicated,,Dark - roadway lighted,Dry,Clear,None apparent,Intersection:  T-intersection,Paved,,Possible/Unknown,0,2,0,0,2,0,1500,2,3,,POINT (-91.628077631229 41.752395401687)
2014831913,141232621,12/03/2014,12-December,4-Wednesday,17:25,1700 Hours,District 6 (East Central),,CLINTON,,Co Rd Z34/362 AVE & 137 ST,Collision with:  Animal,,,Animal,None Indicated,,,,,,,Paved,,Property Damage Only,0,0,0,0,0,0,4000,1,1,,POINT (-90.383333541851 41.978821254772)
2014831634,20140035841,12/03/2014,12-December,4-Wednesday,14:52,1400 Hours,District 1 (Central),DES MOINES,POLK,,E 39TH ST,Collision with:  Parked motor vehicle,On Roadway,"Sideswipe, opposite direction",Driver Distraction:  Reaching for object(s)/fallen object(s),None Indicated,,Daylight,Dry,Clear,None apparent,Non-intersection:  Non-junction/no special feature,Paved,,Property Damage Only,0,0,0,0,0,0,4500,3,1,,POINT (-93.539575698627 41.620475167002)
2014831840,14005679,12/03/2014,12-December,4-Wednesday,01:41,0100 Hours,District 1 (Central),AMES,STORY,,LINCOLN WAY & GRAND AVE,Collision with:  Vehicle in traffic,On Roadway,Broadside (front to side),Ran Traffic Signal,None Indicated,,Dark - roadway lighted,Dry,Clear,None apparent,Intersection:  Four-way intersection,Paved,,Possible/Unknown,0,1,0,0,1,0,4000,2,3,,POINT (-93.620270111065 42.022874184727)
2014831773,149397,12/03/2014,12-December,4-Wednesday,18:30,1800 Hours,District 4 (Southwest),,DALLAS,US 169,US 169/N AVE,Collision with:  Animal,,,Animal,None Indicated,,,,,,,Paved,,Property Damage Only,0,0,0,0,0,0,1500,1,1,,POINT (-94.017558658514 41.625218127436)
2014831590,20140035806,12/03/2014,12-December,4-Wednesday,07:45,0700 Hours,District 1 (Central),DES MOINES,POLK,IA 163,IA 163/E UNIVERSITY AVE,Collision with fixed object:  Mailbox,Roadside,Non-collision (single vehicle),Ran off road - right,None Indicated,,Daylight,Dry,Clear,None apparent,Non-intersection:  Non-junction/no special feature,Paved,,Property Damage Only,0,0,0,0,0,0,1600,1,1,,POINT (-93.537502538946 41.600650953004)
2014831842,14-016907,12/03/2014,12-December,4-Wednesday,11:30,1100 Hours,District 5 (Southeast),,APPANOOSE,US 59,US 59 & Co Rd T12/160TH AVE,Collision with:  Animal,,,Animal,None Indicated,,,,,,,Paved,,Property Damage Only,0,0,0,0,0,0,2000,1,1,,POINT (-92.982533075919 40.728789676582)
2014831633,149405,12/03/2014,12-December,4-Wednesday,21:57,2100 Hours,District 4 (Southwest),,DALLAS,IA 141,IA 141/141ST ST,Collision with:  Animal,,,Animal,None Indicated,,,,,,,Paved,,Property Damage Only,0,0,0,0,0,0,4500,1,1,,POINT (-93.9993047949 41.834978621895)
2014833652,14010828,12/03/2014,12-December,4-Wednesday,15:53,1500 Hours,District 6 (East Central),,BUCHANAN,,265TH ST,Collision with fixed object:  Ditch,Roadside,Non-collision (single vehicle),Ran off road - left,None Indicated,,Daylight,Dry,Clear,None apparent,Non-intersection:  Non-junction/no special feature,Unpaved,,Property Damage Only,0,0,0,0,0,0,7500,1,1,,POINT (-91.898404647802 42.407249492974)
2014833897,CL14004222,12/03/2014,12-December,4-Wednesday,08:36,0800 Hours,District 6 (East Central),CLINTON,CLINTON,US 30,US 30/S 4TH ST,Collision with:  Vehicle in traffic,On Roadway,Rear-end (front to rear),Animal,None Indicated,,Daylight,Dry,Clear,None apparent,Non-intersection:  Non-junction/no special feature,Paved,,Property Damage Only,0,0,0,0,0,0,2500,2,2,,POINT (-90.193267371729 41.837722035586)
2014831364,14-6132,12/03/2014,12-December,4-Wednesday,12:20,1200 Hours,District 1 (Central),WEST DES MOINES,POLK,I-235,I-235 & 35TH ST/VALLEY WEST DR,Collision with:  Vehicle in traffic,On Roadway,Rear-end (front to rear),Followed too close,None Indicated,,Daylight,Dry,Clear,None apparent,Non-intersection:  Non-junction/no special feature,Paved,,Minor Injury,0,1,0,1,0,0,2300,2,2,,POINT (-93.751855620625 41.592288211467)
2014832390,14-005236,12/03/2014,12-December,4-Wednesday,11:15,1100 Hours,District 1 (Central),ANKENY,POLK,I-35,I-35,Collision with:  Vehicle in traffic,On Roadway,Rear-end (front to rear),Followed too close,None Indicated,,Daylight,Dry,Clear,None apparent,Intersection:  Four-way intersection,Paved,,Property Damage Only,0,0,0,0,0,0,6500,2,2,,POINT (-93.574861739571 41.679400137975)
2014831625,14025629,12/04/2014,12-December,5-Thursday,08:21,0800 Hours,District 6 (East Central),MARION,LINN,,BLAIRS FERRY RD NE,Collision with:  Vehicle in traffic,On Roadway,Rear-end (front to rear),Other (explain in narrative):  Other,None Indicated,,Daylight,Dry,Clear,None apparent,Non-intersection:  Non-junction/no special feature,Paved,,Property Damage Only,0,0,0,0,0,0,7200,2,4,,POINT (-91.633016414488 42.034098204987)
2014832347,2014-040224,12/04/2014,12-December,5-Thursday,07:45,0700 Hours,District 6 (East Central),DUBUQUE,DUBUQUE,,LORAS BLVD & WALNUT ST,Collision with:  Vehicle in traffic,On Roadway,"Angle, oncoming left turn",FTYROW:  From stop sign,None Indicated,,Dawn,Dry,Clear,None apparent,Intersection:  T-intersection,Paved,,Possible/Unknown,0,1,0,0,0,1,6000,2,2,,POINT (-90.676819355631 42.503751561211)
2014832868,201400058855,12/04/2014,12-December,5-Thursday,17:38,1700 Hours,District 5 (Southeast),OTTUMWA,WAPELLO,,W FINLEY AVE & S FERRY ST & N FERRY ST,Collision with:  Vehicle in traffic,On Roadway,Broadside (front to side),FTYROW:  From stop sign,None Indicated,,Dark - roadway lighted,Dry,Clear,None apparent,Intersection:  Four-way intersection,Paved,,Property Damage Only,0,0,0,0,0,0,2500,2,2,,POINT (-92.433668576498 41.002013361008)
2014831916,149437,12/04/2014,12-December,5-Thursday,18:40,1800 Hours,District 4 (Southwest),,DALLAS,IA 141,IA 141/141ST ST & Co Rd P46/D AVE,Collision with:  Vehicle in traffic,On Roadway,Broadside (front to side),FTYROW:  From stop sign,None Indicated,,Dark - roadway lighted,Dry,Cloudy,None apparent,Intersection:  Four-way intersection,Paved,,Property Damage Only,0,0,0,0,0,0,12000,2,3,,POINT (-94.222051327994 41.834544801025)
2014831879,14-001433,12/04/2014,12-December,5-Thursday,06:10,0600 Hours,District 1 (Central),NEVADA,STORY,US 30,US 30 & 248TH ST,Collision with:  Animal,,,Animal,None Indicated,,,,,,,Paved,,Property Damage Only,0,0,0,0,0,0,1500,1,1,,POINT (-93.3912080465 42.007779606837)
2014832225,201418018,12/04/2014,12-December,5-Thursday,08:50,0800 Hours,District 6 (East Central),CEDAR RAPIDS,LINN,,40TH ST SE,Collision with:  Vehicle in traffic,On Roadway,Rear-end (front to rear),Other (explain in narrative):  Vision obstructed,None Indicated,,Daylight,Dry,Cloudy,None apparent,Intersection:  Other intersection (explain in narrative),Paved,,Property Damage Only,0,0,0,0,0,0,4500,2,2,,POINT (-91.632087903324 42.019370758318)
2014832905,1400001079,12/04/2014,12-December,5-Thursday,08:38,0800 Hours,District 1 (Central),,MARSHALL,IA 330,IA 330/MARSH AVE,Non-collision events:  Overturn/rollover,On Roadway,Non-collision (single vehicle),Swerving/Evasive Action,None Indicated,,Daylight,Dry,Cloudy,None apparent,Non-intersection:  Non-junction/no special feature,Paved,,Minor Injury,0,1,0,1,0,0,50200,1,1,,POINT (-93.000314445658 42.102141682518)
2014832175,201405726,12/04/2014,12-December,5-Thursday,15:56,1500 Hours,District 1 (Central),,BOONE,,Co Rd E41/210TH ST & R AVE,Collision with:  Vehicle in traffic,On Roadway,Broadside (front to side),Made improper turn,None Indicated,,Daylight,Dry,Cloudy,None apparent,Intersection:  Four-way intersection,Paved,,Property Damage Only,0,0,0,0,0,0,14000,2,2,,POINT (-93.834956156067 42.055701947829)
2014833047,201418037,12/04/2014,12-December,5-Thursday,11:51,1100 Hours,District 6 (East Central),CEDAR RAPIDS,LINN,,12TH AVE SW & C ST SW,Collision with:  Vehicle in traffic,On Roadway,Broadside (front to side),FTYROW:  Making right turn on red signal,None Indicated,,Daylight,Dry,Cloudy,None apparent,Intersection:  Four-way intersection,Paved,,Possible/Unknown,0,1,0,0,1,0,7000,2,5,,POINT (-91.662811329434 41.964730646055)
2014833403,14-041204-01,12/04/2014,12-December,5-Thursday,17:50,1700 Hours,District 6 (East Central),,IOWA,,Co Rd F46/240TH ST,Collision with:  Animal,,,Animal,None Indicated,,,,,,,Paved,,Property Damage Only,0,0,0,0,0,0,4500,1,1,,POINT (-91.896774697928 41.666274485828)
2014831985,14-39665,12/04/2014,12-December,5-Thursday,07:56,0700 Hours,District 3 (Northwest),SIOUX CITY,WOODBURY,,W 28TH ST & MYRTLE ST,Collision with fixed object:  Other fixed object (explain in narrative),On Roadway,Non-collision (single vehicle),Lost Control,None Indicated,,Daylight,Dry,Clear,None apparent,Non-intersection:  Non-junction/no special feature,Paved,,Possible/Unknown,0,1,0,0,1,0,3250,1,1,,POINT (-96.422671594978 42.518830358191)
2014831908,2014013462,12/04/2014,12-December,5-Thursday,20:07,2000 Hours,District 6 (East Central),IOWA CITY,JOHNSON,IA 1,IA 1/GOVERNOR ST & MARKET ST,Collision with:  Vehicle in traffic,On Roadway,Broadside (front to side),Unknown,None Indicated,,Dark - roadway not lighted,Dry,Clear,None apparent,Intersection:  Four-way intersection,Paved,,Property Damage Only,0,0,0,0,0,0,2000,2,2,,POINT (-91.522802388062 41.663507992282)
2014831749,20140035884,12/04/2014,12-December,5-Thursday,07:25,0700 Hours,District 1 (Central),DES MOINES,POLK,,CRESTON AVE & SW 9TH ST,Collision with:  Vehicle in traffic,On Roadway,Rear-end (front to rear),FTYROW:  Other (explain in narrative),None Indicated,,Dawn,Dry,Clear,None apparent,Non-intersection:  Non-junction/no special feature,Paved,,Property Damage Only,0,0,0,0,0,0,2000,2,2,,POINT (-93.625706902778 41.560158439595)
2014831782,14-3874,12/04/2014,12-December,5-Thursday,06:10,0600 Hours,District 1 (Central),FORT DODGE,WEBSTER,,2ND AVE S,Non-collision events:  Other non-collision (explain in narrative),Roadside,Non-collision (single vehicle),Ran off road - right,None Indicated,,Dark - roadway lighted,Dry,Clear,None apparent,Intersection:  Four-way intersection,Paved,,Minor Injury,0,1,0,1,0,0,5000,1,2,,POINT (-94.193444647194 42.50215143447)
2014831795,S14-118429,12/04/2014,12-December,5-Thursday,06:19,0600 Hours,District 2 (Northeast),,BLACK HAWK,,Co Rd C57/E CEDAR-WAPSI RD & Co Rd V49/N RAYMOND RD,Collision with:  Vehicle in traffic,On Roadway,Broadside (front to side),FTYROW:  From stop sign,None Indicated,,Dark - roadway lighted,Dry,Clear,None apparent,Intersection:  Four-way intersection,Paved,,Minor Injury,0,2,0,2,0,0,18000,2,3,,POINT (-92.219099441886 42.614061969732)
2014832429,,12/04/2014,12-December,5-Thursday,01:55,0100 Hours,District 6 (East Central),,JOHNSON,,,Collision with:  Animal,On Roadway,Non-collision (single vehicle),Animal,None Indicated,,Dark - roadway not lighted,Dry,Clear,,Non-intersection:  Non-junction/no special feature,,,Property Damage Only,0,0,0,0,0,0,2000,1,1,,POINT (-96.643700149993 40.233091251414)
2014836822,,12/04/2014,12-December,5-Thursday,07:56,0700 Hours,District 2 (Northeast),DECORAH,WINNESHIEK,,NORTH ST & COLLEGE DR,Collision with:  Non-motorist (see non-motorist section - NOT a unit),On Roadway,Non-collision (single vehicle),Other (explain in narrative):  Other,None Indicated,,Daylight,Dry,Clear,None apparent,Intersection:  Four-way intersection,Paved,,Possible/Unknown,0,1,0,0,1,0,0,1,3,,POINT (-91.797760477067 43.308699576586)
2014832000,149428,12/04/2014,12-December,5-Thursday,15:30,1500 Hours,District 4 (Southwest),,DALLAS,,270TH ST & T AVE,Non-collision events:  Overturn/rollover,On Roadway,Non-collision (single vehicle),Ran Stop Sign,None Indicated,,Daylight,Dry,Clear,None apparent,Intersection:  Four-way intersection,Unpaved,,Property Damage Only,0,0,0,0,0,0,10000,1,1,,POINT (-93.910863026686 41.643902157633)
2014832031,14-6211,12/04/2014,12-December,5-Thursday,16:11,1600 Hours,District 6 (East Central),HIAWATHA,LINN,,A AVE,Collision with:  Parked motor vehicle,On Roadway,Unknown,Unknown,None Indicated,,Unknown,Dry,Cloudy,None apparent,Non-intersection:  Non-junction/no special feature,Paved,,Property Damage Only,0,0,0,0,0,0,2000,2,1,,POINT (-91.670505005617 42.038069124195)
2014832348,2014-040236,12/04/2014,12-December,5-Thursday,15:19,1500 Hours,District 6 (East Central),DUBUQUE,DUBUQUE,,STONEMAN RD & JOHN F KENNEDY RD,Collision with:  Vehicle in traffic,On Roadway,"Angle, oncoming left turn",FTYROW:  From stop sign,None Indicated,,Daylight,Dry,Clear,None apparent,Intersection:  Other intersection (explain in narrative),Paved,,Property Damage Only,0,0,0,0,0,0,7000,2,4,,POINT (-90.72086928568 42.496900988774)
2014835193,SO14-1523,12/04/2014,12-December,5-Thursday,18:23,1800 Hours,District 2 (Northeast),GOLDFIELD,WRIGHT,IA 3,IA 3/IOWA 3,Collision with:  Animal,,,Animal,None Indicated,,,,,,,Paved,,Property Damage Only,0,0,0,0,0,0,2000,1,1,,POINT (-93.514675979132 42.745733702717)
2014832361,2014-40241,12/04/2014,12-December,5-Thursday,17:30,1700 Hours,District 6 (East Central),DUBUQUE,DUBUQUE,US 20,US 20/DODGE ST,Collision with:  Vehicle in traffic,On Roadway,Rear-end (front to rear),Lost Control,None Indicated,,Dark - roadway lighted,Dry,Cloudy,None apparent,Non-intersection:  Non-junction/no special feature,Paved,,Property Damage Only,0,0,0,0,0,0,5000,2,6,,POINT (-90.695452331426 42.490827221448)
2014832611,CL14004240,12/04/2014,12-December,5-Thursday,16:45,1600 Hours,District 6 (East Central),CLINTON,CLINTON,,S 19TH ST,Collision with:  Vehicle in traffic,On Roadway,"Angle, oncoming left turn",Made improper turn,None Indicated,,Dark - roadway lighted,Dry,Clear,None apparent,Non-intersection:  Driveway access (within),Paved,,Possible/Unknown,0,1,0,0,1,0,11000,2,4,,POINT (-90.23079432384 41.825106970351)