Iowa DOT Case Number,Law Enforcement Case Number,Date of Crash,Month of Crash,Day of Week,Time of Crash,Hour,DOT District,City Name,County Name,Route with System,Location Description,First Harmful Event,Location of First Harmful Event,Manner of Crash/Collision,Major Cause,Drug or Alcohol ,Environmental Conditions,Light Conditions,Surface Conditions,Weather Conditions,Roadway Contribution,Roadway Type,Roadway Surface,Work Zone,Crash Severity,Number of Fatalities,Number of Injuries,Number of Major Injuries,Number of Minor Injuries,Number of Possible Injuries,Number of Unknown Injuries,Amount of Property Damage,Number of Vehicles Involved,Total Number of Occupants,Travel Direction,Location
2014832378,14-1489,12/04/2014,12-December,5-Thursday,11:40,1100 Hours,District 1 (Central),CLIVE,POLK,,NW 100TH ST,Collision with:  Vehicle in traffic,On Roadway,"Sideswipe, same direction",Unknown,None Indicated,,Daylight,Dry,Cloudy,None apparent,Intersection:  Four-way intersection,Paved,,Property Damage Only,0,0,0,0,0,0,4000,2,2,,POINT (-93.751977674498 41.600736175279)
2014832884,14-017533,12/04/2014,12-December,5-Thursday,17:30,1700 Hours,District 2 (Northeast),ARLINGTON,FAYETTE,IA 187,IA 187/EISENHOWER RD,Collision with:  Animal,,,Animal,None Indicated,,,,,,,Paved,,Property Damage Only,0,0,0,0,0,0,1500,1,1,,POINT (-91.693154400386 42.752563446637)
2014831825,14025667,12/04/2014,12-December,5-Thursday,17:02,1700 Hours,District 6 (East Central),MARION,LINN,IA 13,IA 13/IOWA 13,Collision with:  Vehicle in traffic,On Roadway,Broadside (front to side),FTYROW:  From stop sign,None Indicated,,Dark - roadway not lighted,Dry,Clear,None apparent,Intersection:  Four-way intersection,Paved,,Property Damage Only,0,0,0,0,0,0,2000,2,2,,POINT (-91.550276672918 42.03987355301)
2014831966,14-1491,12/04/2014,12-December,5-Thursday,17:10,1700 Hours,District 1 (Central),CLIVE,POLK,,NW 86TH ST,Collision with:  Vehicle in traffic,On Roadway,Rear-end (front to rear),Driving too fast for conditions,None Indicated,,Dark - roadway lighted,Dry,Cloudy,None apparent,Non-intersection:  Non-junction/no special feature,Paved,,Possible/Unknown,0,1,0,0,1,0,4500,2,3,,POINT (-93.736245900125 41.603909457596)
2014832388,14-3881,12/04/2014,12-December,5-Thursday,13:45,1300 Hours,District 1 (Central),FORT DODGE,WEBSTER,,KENYON RD & AVE C,Collision with:  Vehicle in traffic,On Roadway,Rear-end (front to rear),Followed too close,None Indicated,,Daylight,Dry,Clear,None apparent,Intersection:  Four-way intersection,Paved,,Possible/Unknown,0,1,0,0,1,0,3500,2,2,,POINT (-94.189986802797 42.492452220771)
2014834298,PD140781,12/04/2014,12-December,5-Thursday,22:30,2200 Hours,District 1 (Central),GRUNDY CENTER,GRUNDY,,I AVE & 10TH ST,Collision with fixed object:  Other fixed object (explain in narrative),Shoulder,Non-collision (single vehicle),Driver Distraction:  Manual operation of an electronic communication device,None Indicated,,Dark - roadway lighted,Dry,Cloudy,None apparent,Intersection:  Four-way intersection,Paved,,Property Damage Only,0,0,0,0,0,0,2500,1,1,,POINT (-92.776659875038 42.359594517378)
2014831734,1412041-A,12/04/2014,12-December,5-Thursday,08:17,0800 Hours,District 4 (Southwest),RED OAK,MONTGOMERY,IA 48,IA 48/BROADWAY ST & OAK ST,Collision with:  Vehicle in traffic,On Roadway,Broadside (front to side),Ran Traffic Signal,None Indicated,,Daylight,Dry,Cloudy,None apparent,Intersection:  Four-way intersection,Paved,,Possible/Unknown,0,1,0,0,1,0,6000,2,2,,POINT (-95.232750299672 41.016698099002)
2014837050,14120061,12/04/2014,12-December,5-Thursday,11:58,1100 Hours,District 5 (Southeast),,WAPELLO,US 34,US 34,Collision with fixed object:  Ditch,On Roadway,Non-collision (single vehicle),Equipment failure,None Indicated,,Daylight,Dry,Clear,None apparent,Non-intersection:  Non-junction/no special feature,Paved,,Property Damage Only,0,0,0,0,0,0,1500,1,1,,POINT (-92.361580460389 41.006428982291)
2014831912,14-6150,12/04/2014,12-December,5-Thursday,18:31,1800 Hours,District 1 (Central),WEST DES MOINES,POLK,,ASHWORTH RD,Collision with:  Vehicle in traffic,On Roadway,Rear-end (front to rear),Followed too close,None Indicated,,Dark - roadway lighted,Dry,Clear,None apparent,Non-intersection:  Driveway access (within),Paved,,Property Damage Only,0,0,0,0,0,0,2300,3,8,,POINT (-93.79004596959 41.584393996984)
2014831968,20140035937,12/04/2014,12-December,5-Thursday,16:42,1600 Hours,District 1 (Central),DES MOINES,POLK,,UNIVERSITY AVE & 2ND AVE,Collision with:  Vehicle in traffic,On Roadway,"Sideswipe, same direction","Operating vehicle in an reckless, erratic, careless, negligent manner",None Indicated,,Dusk,Dry,Clear,None apparent,Non-intersection:  Non-junction/no special feature,Paved,,Property Damage Only,0,0,0,0,0,0,4500,2,2,,POINT (-93.619746770592 41.60031808164)
2014831827,14025627,12/04/2014,12-December,5-Thursday,07:28,0700 Hours,District 6 (East Central),MARION,LINN,,MC GOWAN BLVD & 31ST ST,Collision with:  Vehicle in traffic,On Roadway,Broadside (front to side),Unknown,None Indicated,,Dawn,Dry,Clear,None apparent,Non-intersection:  Non-junction/no special feature,Paved,,Property Damage Only,0,0,0,0,0,0,6000,2,3,,POINT (-91.579330952042 42.043245030789)
2014831799,149411,12/04/2014,12-December,5-Thursday,04:35,0400 Hours,District 4 (Southwest),,DALLAS,,Co Rd F60/OLD HWY 6 & K AVE,Collision with:  Animal,,,Animal,None Indicated,,,,,,,Paved,,Property Damage Only,0,0,0,0,0,0,2000,1,1,,POINT (-94.085111978862 41.600461275528)
2014831756,20140035914,12/04/2014,12-December,5-Thursday,12:13,1200 Hours,District 1 (Central),DES MOINES,POLK,US 69,US 69/E 14TH ST & E OVID AVE,Collision with:  Vehicle in traffic,On Roadway,"Angle, oncoming left turn",FTYROW:  Making left turn,None Indicated,,Daylight,Dry,Cloudy,None apparent,Intersection:  Four-way intersection,Paved,,Minor Injury,0,3,0,1,2,0,13500,3,4,,POINT (-93.600544441402 41.62591942328)
2014832590,14-14002,12/04/2014,12-December,5-Thursday,17:53,1700 Hours,District 3 (Northwest),,SIOUX,IA 60,IA 60/IOWA 60,Non-collision events:  Other non-collision (explain in narrative),On Roadway,Non-collision (single vehicle),Over correcting/over steering,None Indicated,,Dark - roadway not lighted,Dry,Clear,None apparent,Non-intersection:  Non-junction/no special feature,Paved,,Property Damage Only,0,0,0,0,0,0,8000,1,1,,POINT (-95.910062183155 43.058312949101)
2014832642,,12/04/2014,12-December,5-Thursday,18:10,1800 Hours,District 3 (Northwest),,CHEROKEE,IA 3,IA 3/IOWA 3,Collision with:  Animal,On Roadway,Non-collision (single vehicle),Animal,None Indicated,,Dark - roadway not lighted,Dry,Clear,,Non-intersection:  Non-junction/no special feature,Paved,,Property Damage Only,0,0,0,0,0,0,3288,1,1,,POINT (-95.593827399456 42.793473379037)
2014831917,14007338,12/04/2014,12-December,5-Thursday,05:49,0500 Hours,District 3 (Northwest),,CHEROKEE,IA 3,IA 3/IOWA 3 & Co Rd M21/W AVE,Collision with:  Vehicle in traffic,On Roadway,Broadside (front to side),Ran Stop Sign,None Indicated,,Dark - roadway not lighted,Dry,Clear,None apparent,Intersection:  Four-way intersection,Paved,,Major Injury,0,1,1,0,0,0,40000,2,2,,POINT (-95.426977844628 42.748696513436)
2014831800,20140035876,12/04/2014,12-December,5-Thursday,00:01,0000 Hours,District 1 (Central),DES MOINES,POLK,,BOSTON AVE & 3RD ST,Collision with:  Vehicle in traffic,On Roadway,Head-on (front to front),Exceeded authorized speed,Alcohol (Statutory),,Dark - roadway lighted,Dry,Clear,None apparent,Intersection:  Four-way intersection,Paved,,Property Damage Only,0,0,0,0,0,0,16000,2,2,,POINT (-93.621128390346 41.62300880788)
2014831967,14-6148,12/04/2014,12-December,5-Thursday,15:50,1500 Hours,District 1 (Central),WEST DES MOINES,POLK,,22ND ST & 21ST ST,Collision with:  Vehicle in traffic,On Roadway,Rear-end (front to rear),Followed too close,None Indicated,,Daylight,Dry,Cloudy,None apparent,Non-intersection:  Non-junction/no special feature,Paved,,Property Damage Only,0,0,0,0,0,0,7000,2,2,,POINT (-93.736075516845 41.587859693513)
2014832612,CL14004241,12/04/2014,12-December,5-Thursday,16:58,1600 Hours,District 6 (East Central),CLINTON,CLINTON,,16TH ST NW,Collision with:  Vehicle in traffic,On Roadway,"Sideswipe, same direction",Unknown,None Indicated,,Dark - roadway not lighted,Dry,Cloudy,None apparent,Non-intersection:  Non-junction/no special feature,Paved,,Property Damage Only,0,0,0,0,0,0,2200,2,2,,POINT (-90.223604467987 41.875806631366)
2014833256,,12/04/2014,12-December,5-Thursday,06:40,0600 Hours,District 2 (Northeast),,ALLAMAKEE,IA 9,IA 9/IOWA 9 & IA 76/IOWA 76 & BREEZY CORNERS RD,Collision with:  Animal,On Roadway,Non-collision (single vehicle),Animal,None Indicated,,Dark - roadway not lighted,Dry,Cloudy,,,Paved,,Property Damage Only,0,0,0,0,0,0,10000,1,1,,POINT (-91.474007848254 43.240410904476)
2014833049,201418055,12/04/2014,12-December,5-Thursday,17:13,1700 Hours,District 6 (East Central),CEDAR RAPIDS,LINN,I-380,I-380 & WRIGHT BROTHERS BLVD SW,Collision with:  Vehicle in traffic,On Roadway,Rear-end (front to rear),Followed too close,None Indicated,,Dark - roadway lighted,Dry,Clear,None apparent,Non-intersection:  Other non-intersection (explain in narrative),Paved,,Property Damage Only,0,0,0,0,0,0,2800,2,2,,POINT (-91.670914840585 41.890656087027)
2014834540,14010864,12/04/2014,12-December,5-Thursday,17:00,1700 Hours,District 6 (East Central),,BUCHANAN,IA 150,IA 150/JACKSON AVE,Collision with:  Animal,,,Animal,None Indicated,,,,,,,Paved,,Property Damage Only,0,0,0,0,0,0,3500,1,1,,POINT (-91.902751363764 42.603715036225)
2014839032,14-8726,12/04/2014,12-December,5-Thursday,20:28,2000 Hours,District 3 (Northwest),,IDA,,Co Rd D15/125TH ST,Collision with:  Animal,,,Animal,None Indicated,,,,,,,Paved,,Property Damage Only,0,0,0,0,0,0,2000,1,777,,POINT (-95.688509296915 42.525430223819)
2014831754,20140035899,12/04/2014,12-December,5-Thursday,09:25,0900 Hours,District 1 (Central),DES MOINES,POLK,US 6,US 6/MERLE HAY RD/DOUGLAS AVE & IA 28,Collision with:  Vehicle in traffic,On Roadway,Rear-end (front to rear),Driver Distraction:  Manual operation of an electronic communication device,None Indicated,,Daylight,Dry,Cloudy,None apparent,Intersection:  Four-way intersection,Paved,,Property Damage Only,0,0,0,0,0,0,6000,2,2,,POINT (-93.697771212229 41.629414590539)
2014832224,201418013,12/04/2014,12-December,5-Thursday,08:00,0800 Hours,District 6 (East Central),CEDAR RAPIDS,LINN,,MIAMI DR NE & OAKLAND RD NE,Collision with:  Vehicle in traffic,On Roadway,Rear-end (front to rear),Other (explain in narrative):  Vision obstructed,None Indicated,,Daylight,Dry,Clear,None apparent,Intersection:  T-intersection,Paved,,Property Damage Only,0,0,0,0,0,0,3600,2,2,,POINT (-91.654355798661 42.01784174341)
2014831752,20140035890,12/04/2014,12-December,5-Thursday,08:52,0800 Hours,District 1 (Central),DES MOINES,POLK,US 69,US 69/SE 14TH ST & BLOOMFIELD RD,Collision with:  Vehicle in traffic,On Roadway,Broadside (front to side),FTYROW:  From stop sign,None Indicated,,Daylight,Dry,Cloudy,None apparent,Non-intersection:  Driveway access (within),Paved,,Major Injury,0,2,1,0,1,0,5000,2,2,,POINT (-93.596754232971 41.524625313966)
2014832725,20140035943,12/04/2014,12-December,5-Thursday,16:30,1600 Hours,District 1 (Central),DES MOINES,POLK,I-235,I-235,Collision with:  Vehicle in traffic,On Roadway,Rear-end (front to rear),Followed too close,None Indicated,,Dark - roadway lighted,Dry,Cloudy,None apparent,Non-intersection:  Non-junction/no special feature,Paved,,Property Damage Only,0,0,0,0,0,0,6000,2,3,,POINT (-93.691230318965 41.592497562457)
2014832086,14-005701,12/04/2014,12-December,5-Thursday,15:02,1500 Hours,District 1 (Central),AMES,STORY,,S 16TH ST,Collision with:  Vehicle in traffic,On Roadway,Rear-end (front to rear),Followed too close,None Indicated,,Daylight,Dry,Cloudy,None apparent,Non-intersection:  Driveway access (within),Paved,,Property Damage Only,0,0,0,0,0,0,2700,2,2,,POINT (-93.624416065284 42.008351101907)
2014832080,14025661,12/04/2014,12-December,5-Thursday,15:06,1500 Hours,District 6 (East Central),MARION,LINN,,S 15TH ST,Collision with:  Vehicle in traffic,On Roadway,"Angle, oncoming left turn",Made improper turn,None Indicated,,Daylight,Dry,Cloudy,None apparent,Non-intersection:  Non-junction/no special feature,Paved,,Property Damage Only,0,0,0,0,0,0,4000,2,3,,POINT (-91.593707815416 42.019744470156)
2014833046,201418008,12/04/2014,12-December,5-Thursday,03:40,0300 Hours,District 6 (East Central),CEDAR RAPIDS,LINN,,F AVE NW,Collision with:  Parked motor vehicle,On Roadway,Rear-end (front to rear),Lost Control,None Indicated,,Dark - roadway lighted,Dry,Clear,None apparent,Non-intersection:  Non-junction/no special feature,Paved,,Property Damage Only,0,0,0,0,0,0,12000,3,1,,POINT (-91.690707917874 41.979066275612)
2014846514,AC14-073,12/04/2014,12-December,5-Thursday,12:30,1200 Hours,District 4 (Southwest),HARLAN,SHELBY,,DURANT ST & 4TH ST,Collision with:  Vehicle in traffic,On Roadway,Head-on (front to front),Unknown,None Indicated,,Daylight,Dry,Unknown,None apparent,Non-intersection:  Non-junction/no special feature,Paved,,Possible/Unknown,0,2,0,0,2,0,6000,2,2,,POINT (-95.315326117344 41.656763822059)
2014832688,2014067497,12/04/2014,12-December,5-Thursday,06:30,0600 Hours,District 3 (Northwest),,MONONA,IA 37,IA 37/IOWA 37,Collision with fixed object:  Ditch,On Roadway,Non-collision (single vehicle),Crossed centerline (undivided),None Indicated,,Dark - roadway not lighted,Dry,Clear,None apparent,Non-intersection:  Non-junction/no special feature,Paved,,Possible/Unknown,0,1,0,0,1,0,10000,1,1,,POINT (-95.915259255077 42.006580879946)
2014831885,201404450,12/04/2014,12-December,5-Thursday,06:40,0600 Hours,District 6 (East Central),,LINN,IA 13,IA 13/IOWA 13,Collision with:  Animal,,,Animal,None Indicated,,,,,,,Paved,,Property Damage Only,0,0,0,0,0,0,4000,1,1,,POINT (-91.488370869532 42.282338507736)
2014831715,2014-040222,12/04/2014,12-December,5-Thursday,02:50,0200 Hours,District 6 (East Central),DUBUQUE,DUBUQUE,,JACKSON ST,Collision with:  Parked motor vehicle,On Roadway,"Sideswipe, same direction",Lost Control,Alcohol (Statutory),,Dark - roadway lighted,Dry,Clear,None apparent,Non-intersection:  Non-junction/no special feature,Paved,,Property Damage Only,0,0,0,0,0,0,15000,2,777,,POINT (-90.671919032034 42.517403018227)
2014833581,2014-25990,12/04/2014,12-December,5-Thursday,17:29,1700 Hours,District 5 (Southeast),INDIANOLA,WARREN,,E IOWA AVE,Collision with:  Vehicle in traffic,On Roadway,Rear-end (front to rear),Lost Control,None Indicated,,Dark - roadway lighted,Dry,Cloudy,None apparent,Non-intersection:  Non-junction/no special feature,Paved,,Property Damage Only,0,0,0,0,0,0,2300,2,3,,POINT (-93.543506501844 41.36891565428)
2014831822,14-010236,12/04/2014,12-December,5-Thursday,11:17,1100 Hours,District 2 (Northeast),,CLAYTON,,Co Rd X3C/LITTLEPORT RD,Collision with:  Animal,,,Animal,None Indicated,,,,,,,Paved,,Property Damage Only,0,0,0,0,0,0,4000,1,1,,POINT (-91.363862021205 42.780534191271)
2014831998,14-18265,12/04/2014,12-December,5-Thursday,17:43,1700 Hours,District 3 (Northwest),SPENCER,CLAY,,11TH ST SW PL & 4TH AVE SW,Collision with:  Vehicle in traffic,On Roadway,Rear-end (front to rear),Other (explain in narrative):  Other,None Indicated,,Dusk,Dry,Clear,None apparent,Non-intersection:  Non-junction/no special feature,Paved,,Property Damage Only,0,0,0,0,0,0,2000,2,2,,POINT (-95.15075145165 43.126465936046)
2014832003,C14003868,12/04/2014,12-December,5-Thursday,17:18,1700 Hours,District 6 (East Central),CORALVILLE,JOHNSON,,12TH AVE,Collision with:  Animal,,,Animal,None Indicated,,,,,,,Paved,,Property Damage Only,0,0,0,0,0,0,3600,1,1,,POINT (-91.585744460965 41.699561649817)
2014832813,2014-83057,12/04/2014,12-December,5-Thursday,18:01,1800 Hours,District 6 (East Central),DAVENPORT,SCOTT,,E 53RD ST,Collision with:  Vehicle in traffic,On Roadway,Rear-end (front to rear),Lost Control,None Indicated,,Dark - roadway lighted,Dry,Cloudy,None apparent,Non-intersection:  Non-junction/no special feature,Paved,,Possible/Unknown,0,4,0,0,4,0,12000,3,4,,POINT (-90.516592331411 41.574880700292)
2014832362,2014-40246,12/04/2014,12-December,5-Thursday,19:31,1900 Hours,District 6 (East Central),DUBUQUE,DUBUQUE,US 20,US 20/DODGE ST & IA 32/IA32 NW ARTERIAL,Collision with:  Vehicle in traffic,On Roadway,"Sideswipe, same direction",Made improper turn,None Indicated,,Dark - roadway lighted,Dry,Cloudy,None apparent,Non-intersection:  Non-junction/no special feature,Paved,,Property Damage Only,0,0,0,0,0,0,6500,2,2,,POINT (-90.739022103085 42.488552633559)
2014831638,14-002746,12/04/2014,12-December,5-Thursday,06:40,0600 Hours,District 1 (Central),ALTOONA,POLK,I-80,I-80,Collision with:  Vehicle in traffic,On Roadway,Rear-end (front to rear),Followed too close,None Indicated,,Dark - roadway not lighted,Dry,Cloudy,None apparent,Non-intersection:  Non-junction/no special feature,Paved,,Possible/Unknown,0,1,0,0,1,0,1900,2,2,,POINT (-93.492094910381 41.662229393644)
2014833045,2014180056,12/04/2014,12-December,5-Thursday,17:37,1700 Hours,District 6 (East Central),CEDAR RAPIDS,LINN,,33RD AVE SW,Collision with:  Vehicle in traffic,On Roadway,"Sideswipe, same direction",Followed too close,None Indicated,,Dark - roadway lighted,Dry,Clear,None apparent,Non-intersection:  Non-junction/no special feature,Paved,,Property Damage Only,0,0,0,0,0,0,2500,2,2,,POINT (-91.697003941823 41.945543763483)
2014833151,2014-82872,12/04/2014,12-December,5-Thursday,00:09,0000 Hours,District 6 (East Central),DAVENPORT,SCOTT,,N PINE ST,Collision with:  Parked motor vehicle,On Roadway,"Sideswipe, same direction",Lost Control,Alcohol (Statutory),,Dark - roadway not lighted,Dry,Clear,None apparent,Non-intersection:  Non-junction/no special feature,Paved,,Property Damage Only,0,0,0,0,0,0,2000,2,1,,POINT (-90.609116518767 41.592018779139)
2014832402,P14-013428,12/04/2014,12-December,5-Thursday,07:41,0700 Hours,District 1 (Central),WEBSTER CITY,HAMILTON,IA 17,IA 17/BRIGGS WOOD RD,Collision with:  Animal,,,Animal,None Indicated,,,,,,,Paved,,Property Damage Only,0,0,0,0,0,0,2000,1,1,,POINT (-93.805618933971 42.431497050305)
2014831969,20140035947,12/04/2014,12-December,5-Thursday,17:25,1700 Hours,District 1 (Central),DES MOINES,POLK,,HUBBELL AVE & E 19TH ST,Collision with:  Vehicle in traffic,On Roadway,Rear-end (front to rear),Separation of units,None Indicated,,Dark - roadway lighted,Dry,Clear,None apparent,Non-intersection:  Non-junction/no special feature,Paved,,Property Damage Only,0,0,0,0,0,0,7000,2,2,,POINT (-93.584858530785 41.597141159225)
2014832689,2014067635,12/04/2014,12-December,5-Thursday,15:55,1500 Hours,District 1 (Central),DES MOINES,POLK,US 69,US 69/E 14TH ST,Collision with:  Vehicle in traffic,On Roadway,Rear-end (front to rear),FTYROW:  Other (explain in narrative),None Indicated,,Dusk,Dry,Clear,None apparent,Non-intersection:  Non-junction/no special feature,Paved,,Property Damage Only,0,0,0,0,0,0,7500,3,5,,POINT (-93.598430832313 41.594666378331)
2014831878,32103-14,12/04/2014,12-December,5-Thursday,18:25,1800 Hours,District 3 (Northwest),,EMMET,IA 4,IA 4/IOWA 4,Collision with:  Animal,,,Animal,None Indicated,,,,,,,Paved,,Property Damage Only,0,0,0,0,0,0,4000,1,1,,POINT (-94.77173061813 43.266321502807)
2014831986,14-39701,12/04/2014,12-December,5-Thursday,14:24,1400 Hours,District 3 (Northwest),SIOUX CITY,WOODBURY,,6TH ST & JACKSON ST,Collision with:  Vehicle in traffic,On Roadway,Broadside (front to side),Ran Traffic Signal,None Indicated,,Daylight,Dry,Clear,None apparent,Unknown,Paved,,Property Damage Only,0,0,0,0,0,0,9000,2,2,,POINT (-96.401999260344 42.496341145775)
2014831887,G39120414A,12/04/2014,12-December,5-Thursday,13:34,1300 Hours,District 4 (Southwest),GUTHRIE CENTER,GUTHRIE,IA 25,IA 25/N 5TH ST,Collision with:  Parked motor vehicle,Roadside,"Sideswipe, opposite direction",Improper Backing,None Indicated,,Daylight,Dry,Cloudy,None apparent,Non-intersection:  Driveway access (within),Paved,,Property Damage Only,0,0,0,0,0,0,1500,2,1,,POINT (-94.502371701858 41.678430177528)
2014831626,14-7975,12/04/2014,12-December,5-Thursday,07:35,0700 Hours,District 1 (Central),ALLEMAN,POLK,,Co Rd R70/NE 42ND ST,Collision with:  Animal,,,Animal,None Indicated,,,,,,,Paved,,Property Damage Only,0,0,0,0,0,0,3500,1,1,,POINT (-93.533156257791 41.835998793982)
2014845353,14008866,12/04/2014,12-December,5-Thursday,17:50,1700 Hours,District 3 (Northwest),,PALO ALTO,IA 4,IA 4/420 AVE,Collision with:  Animal,On Roadway,Non-collision (single vehicle),Animal,None Indicated,,Dark - roadway not lighted,Dry,Cloudy,None apparent,Non-intersection:  Non-junction/no special feature,Paved,,Property Damage Only,0,0,0,0,0,0,4800,1,1,,POINT (-94.758149857054 43.200717554598)
2014832435,,12/04/2014,12-December,5-Thursday,18:06,1800 Hours,District 1 (Central),WEST DES MOINES,POLK,,19TH ST,Collision with:  Vehicle in traffic,On Roadway,"Sideswipe, same direction",Other (explain in narrative):  Vision obstructed,None Indicated,,Dark - roadway lighted,Dry,Cloudy,None apparent,Non-intersection:  Non-junction/no special feature,Paved,,Minor Injury,0,1,0,1,0,0,27600,3,4,,POINT (-93.732294307467 41.57600329554)
2014834626,14-0003358,12/04/2014,12-December,5-Thursday,18:00,1800 Hours,District 2 (Northeast),,CLAYTON,IA 76,IA 76/IOWA 76,Non-collision events:  Other non-collision (explain in narrative),On Roadway,Non-collision (single vehicle),Other (explain in narrative):  No improper action,None Indicated,,Dark - roadway not lighted,Dry,Cloudy,None apparent,Non-intersection:  Non-junction/no special feature,Paved,,Property Damage Only,0,0,0,0,0,0,2500,1,1,,POINT (-91.214192704505 43.016468668967)
2014833378,K14-037065,12/04/2014,12-December,5-Thursday,22:00,2200 Hours,District 5 (Southeast),KEOKUK,LEE,,LINCOLN AVE,Collision with fixed object:  Ditch,Unknown,Non-collision (single vehicle),Unknown,None Indicated,,Dark - roadway lighted,Dry,Clear,None apparent,Non-intersection:  Non-junction/no special feature,Unpaved,,Property Damage Only,0,0,0,0,0,0,3500,1,1,,POINT (-91.407043585128 40.409684801891)
2014832173,14-13993,12/04/2014,12-December,5-Thursday,15:08,1500 Hours,District 3 (Northwest),HULL,SIOUX,US 18,US 18/BLACK FOREST RD & Co Rd K52/HICKORY AVE & DIVISION ST,Collision with:  Vehicle in traffic,On Roadway,"Angle, oncoming left turn",FTYROW:  From stop sign,None Indicated,,Daylight,Dry,Cloudy,None apparent,Intersection:  Four-way intersection,Paved,,Property Damage Only,0,0,0,0,0,0,11000,2,2,,POINT (-96.137574350651 43.185762356012)
2014832004,14-6145,12/04/2014,12-December,5-Thursday,13:43,1300 Hours,District 1 (Central),WEST DES MOINES,POLK,,22ND ST,Collision with:  Vehicle in traffic,On Roadway,Rear-end (front to rear),Followed too close,None Indicated,,Daylight,Dry,Cloudy,None apparent,Intersection:  Four-way intersection,Paved,,Property Damage Only,0,0,0,0,0,0,6000,2,2,,POINT (-93.7360607531 41.59606536615)
2014831699,14-0693,12/04/2014,12-December,5-Thursday,00:00,0000 Hours,District 1 (Central),,WEBSTER,US 20,US 20/235TH ST,Collision with:  Animal,,,Animal,None Indicated,,,,,,,Paved,,Property Damage Only,0,0,0,0,0,0,6800,1,1,,POINT (-94.141615236581 42.446231399874)
2014834944,20140035949,12/04/2014,12-December,5-Thursday,17:30,1700 Hours,District 1 (Central),DES MOINES,POLK,,UNIVERSITY AVE & MERLE HAY RD,Collision with:  Vehicle in traffic,On Roadway,Rear-end (front to rear),Followed too close,None Indicated,,Dark - roadway lighted,Dry,Clear,None apparent,Non-intersection:  Non-junction/no special feature,Paved,,Property Damage Only,0,0,0,0,0,0,1500,2,3,,POINT (-93.697734584928 41.600402642206)
2014832691,2014067658,12/04/2014,12-December,5-Thursday,17:15,1700 Hours,District 3 (Northwest),,SIOUX,US 18,US 18/CHESTNUT AVE & Co Rd A54B/A54B BLVD,Collision with:  Vehicle in traffic,On Roadway,Rear-end (front to rear),Followed too close,None Indicated,,Dusk,Dry,Clear,None apparent,Intersection:  Four-way intersection,Paved,,Property Damage Only,0,0,0,0,0,0,22000,2,3,,POINT (-96.43309578392 43.228579461456)
2014833194,2014-83046,12/04/2014,12-December,5-Thursday,17:57,1700 Hours,District 6 (East Central),DAVENPORT,SCOTT,US 6,US 6/E KIMBERLY RD & IA 461/BRADY ST,Collision with:  Vehicle in traffic,On Roadway,Rear-end (front to rear),Followed too close,None Indicated,,Dark - roadway lighted,Dry,Clear,None apparent,Intersection:  Other intersection (explain in narrative),Paved,,Property Damage Only,0,0,0,0,0,0,4000,2,3,,POINT (-90.568210265625 41.560277558189)
2014832024,14-2705,12/04/2014,12-December,5-Thursday,12:40,1200 Hours,District 1 (Central),URBANDALE,POLK,,100TH ST,Collision with:  Vehicle in traffic,On Roadway,Rear-end (front to rear),Followed too close,None Indicated,,Daylight,Dry,Cloudy,None apparent,Intersection:  Four-way intersection,Paved,,Property Damage Only,0,0,0,0,0,0,3000,2,2,,POINT (-93.755865107031 41.616112977133)
2014832690,2014067640,12/04/2014,12-December,5-Thursday,15:45,1500 Hours,District 5 (Southeast),,VAN BUREN,,WILLOW AVE,Collision with fixed object:  Tree,Outside trafficway,Non-collision (single vehicle),Improper Backing,None Indicated,,Daylight,"Mud, dirt",Cloudy,None apparent,Non-intersection:  Driveway access (within),Unpaved,,Major Injury,0,2,1,1,0,0,3500,1,2,,POINT (-91.742329622676 40.624071616115)
2014836106,2014067652,12/04/2014,12-December,5-Thursday,17:10,1700 Hours,District 4 (Southwest),WEST DES MOINES,DALLAS,I-80,I-80,Collision with:  Vehicle in traffic,On Roadway,Rear-end (front to rear),Driving too fast for conditions,None Indicated,,Dark - roadway not lighted,Dry,Clear,None apparent,Non-intersection:  Non-junction/no special feature,Paved,,Property Damage Only,0,0,0,0,0,0,3500,2,2,,POINT (-93.857183342653 41.567393811715)
2014831755,20140035903,12/04/2014,12-December,5-Thursday,10:35,1000 Hours,District 1 (Central),DES MOINES,POLK,I-235,I-235 & US 69/E 14TH ST & LYON ST,Collision with:  Vehicle in traffic,On Roadway,Broadside (front to side),Ran Traffic Signal,None Indicated,,Daylight,Dry,Cloudy,None apparent,Intersection:  Four-way intersection,Paved,,Possible/Unknown,0,1,0,0,1,0,8000,2,2,,POINT (-93.598738695538 41.595520464578)
2014834591,181-2014,12/04/2014,12-December,5-Thursday,17:40,1700 Hours,District 4 (Southwest),,HARRISON,IA 183,IA 183/IOWA 183,Collision with:  Animal,,,Animal,None Indicated,,,,,,,Paved,,Property Damage Only,0,0,0,0,0,0,3000,1,1,,POINT (-95.930312810192 41.821106806992)
2014837031,14-005692,12/04/2014,12-December,5-Thursday,00:05,0000 Hours,District 1 (Central),AMES,STORY,,24TH ST & STANGE RD & GEORGE W CARVER AVE,Collision with:  Animal,,,Animal,None Indicated,,,,,,,Paved,,Property Damage Only,0,0,0,0,0,0,1500,1,1,,POINT (-93.644861340085 42.045426171167)