Iowa DOT Case Number,Law Enforcement Case Number,Date of Crash,Month of Crash,Day of Week,Time of Crash,Hour,DOT District,City Name,County Name,Route with System,Location Description,First Harmful Event,Location of First Harmful Event,Manner of Crash/Collision,Major Cause,Drug or Alcohol ,Environmental Conditions,Light Conditions,Surface Conditions,Weather Conditions,Roadway Contribution,Roadway Type,Roadway Surface,Work Zone,Crash Severity,Number of Fatalities,Number of Injuries,Number of Major Injuries,Number of Minor Injuries,Number of Possible Injuries,Number of Unknown Injuries,Amount of Property Damage,Number of Vehicles Involved,Total Number of Occupants,Travel Direction,Location
2014832002,20140035950,12/04/2014,12-December,5-Thursday,18:07,1800 Hours,District 1 (Central),DES MOINES,POLK,,MLK JR PKWY,Collision with:  Vehicle in traffic,On Roadway,Rear-end (front to rear),Followed too close,None Indicated,,Dark - roadway lighted,Dry,Cloudy,None apparent,Non-intersection:  Non-junction/no special feature,Paved,,Property Damage Only,0,0,0,0,0,0,2300,2,3,,POINT (-93.647085064078 41.617398258321)
2014832924,14004118,12/04/2014,12-December,5-Thursday,18:32,1800 Hours,District 5 (Southeast),,KEOKUK,IA 149,IA 149/IOWA 149,Collision with:  Animal,,,Animal,None Indicated,,,,,,,Paved,,Property Damage Only,0,0,0,0,0,0,7000,1,1,,POINT (-92.213571309745 41.19681630325)
2014831898,PD14-11795,12/04/2014,12-December,5-Thursday,15:15,1500 Hours,District 1 (Central),MARSHALLTOWN,MARSHALL,,W SOUTHRIDGE RD & S 6TH ST,Collision with:  Vehicle in traffic,On Roadway,Rear-end (front to rear),Other (explain in narrative):  Other,None Indicated,,Daylight,Dry,Cloudy,None apparent,Intersection:  Four-way intersection,Paved,,Possible/Unknown,0,1,0,0,1,0,5000,2,2,,POINT (-92.9220479825 42.017813689283)
2014832322,14-2709,12/04/2014,12-December,5-Thursday,18:09,1800 Hours,District 1 (Central),URBANDALE,POLK,,DOUGLAS PKWY,Collision with:  Animal,On Roadway,Non-collision (single vehicle),Animal,None Indicated,,Dark - roadway lighted,Dry,Clear,None apparent,Non-intersection:  Non-junction/no special feature,Paved,,Property Damage Only,0,0,0,0,0,0,5000,1,1,,POINT (-93.810271241588 41.6293611817)
2014831750,20140035885,12/04/2014,12-December,5-Thursday,07:20,0700 Hours,District 1 (Central),DES MOINES,POLK,I-235,I-235,Collision with:  Vehicle in traffic,On Roadway,Rear-end (front to rear),Followed too close,None Indicated,,Daylight,Dry,Clear,None apparent,Non-intersection:  Non-junction/no special feature,Paved,,Property Damage Only,0,0,0,0,0,0,7000,2,2,,POINT (-93.689621105891 41.592363110541)
2014832349,2014-040253,12/04/2014,12-December,5-Thursday,22:05,2200 Hours,District 6 (East Central),DUBUQUE,DUBUQUE,,CLARKE DR & N MAIN ST,Collision with:  Vehicle in traffic,On Roadway,"Angle, oncoming left turn",Equipment failure,None Indicated,,Dark - roadway not lighted,Dry,Cloudy,None apparent,Non-intersection:  Non-junction/no special feature,Paved,,Property Damage Only,0,0,0,0,0,0,2000,2,3,,POINT (-90.67206739608 42.510129830722)
2014832541,S14-12710,12/04/2014,12-December,5-Thursday,13:31,1300 Hours,District 3 (Northwest),SMITHLAND,WOODBURY,,Co Rd K42/DELAWARE AVE & 170TH ST,Collision with fixed object:  Ditch,On Roadway,Non-collision (single vehicle),Lost Control,None Indicated,,Daylight,Dry,Clear,Debris,Non-intersection:  Non-junction/no special feature,Paved,,Property Damage Only,0,0,0,0,0,0,10000,1,1,,POINT (-96.213793484511 42.46016879605)
2014832964,14-012544,12/04/2014,12-December,5-Thursday,17:45,1700 Hours,District 5 (Southeast),,WAYNE,US 65,US 65 & 25TH,Collision with:  Animal,,,Animal,None Indicated,,,,,,,Paved,,Property Damage Only,0,0,0,0,0,0,4000,1,1,,POINT (-93.518306596777 40.599892839865)
2014832647,14-010241,12/04/2014,12-December,5-Thursday,16:59,1600 Hours,District 2 (Northeast),,CLAYTON,IA 56,IA 56/IOWA 56,Collision with:  Vehicle in traffic,On Roadway,Rear-end (front to rear),Swerving/Evasive Action,None Indicated,,Dark - roadway not lighted,Dry,Clear,None apparent,Non-intersection:  Non-junction/no special feature,Paved,,Property Damage Only,0,0,0,0,0,0,9200,2,2,,POINT (-91.571034596427 42.88367857825)
2014832740,2014-24824,12/04/2014,12-December,5-Thursday,06:47,0600 Hours,District 6 (East Central),DAVENPORT,SCOTT,,Co Rd F65/160 ST & Co Rd Y48/110 AVE,Collision with:  Vehicle in traffic,On Roadway,Broadside (front to side),FTYROW:  Making right turn on red signal,None Indicated,,Daylight,Dry,Clear,None apparent,Intersection:  Four-way intersection,Paved,,Property Damage Only,0,0,0,0,0,0,6000,2,2,,POINT (-90.687903301342 41.538187300019)
2014831700,14007136,12/04/2014,12-December,5-Thursday,08:10,0800 Hours,District 3 (Northwest),SHELDON,OBRIEN,,E 6TH ST & WASHINGTON AVE,Collision with:  Vehicle in traffic,On Roadway,Rear-end (front to rear),Followed too close,None Indicated,,Daylight,Dry,Clear,None apparent,Intersection:  T-intersection,Paved,,Property Damage Only,0,0,0,0,0,0,3500,2,4,,POINT (-95.842104896173 43.182406757448)
2014832033,S14-004804,12/04/2014,12-December,5-Thursday,21:04,2100 Hours,District 4 (Southwest),,POTTAWATTAMIE,IA 92,IA 92/IOWA 92,Collision with:  Animal,On Roadway,Non-collision (single vehicle),Animal,None Indicated,,Dark - roadway not lighted,Dry,Clear,None apparent,Non-intersection:  Non-junction/no special feature,Paved,,Property Damage Only,0,0,0,0,0,0,1500,1,3,,POINT (-95.788566296014 41.232757150891)
2014832137,N14000663,12/04/2014,12-December,5-Thursday,06:29,0600 Hours,District 6 (East Central),NORTH LIBERTY,JOHNSON,,PENN ST & JONES BLVD,Collision with:  Vehicle in traffic,On Roadway,Rear-end (front to rear),Followed too close,None Indicated,,Dawn,Dry,Clear,None apparent,Non-intersection:  Non-junction/no special feature,Paved,,Property Damage Only,0,0,0,0,0,0,5000,2,2,,POINT (-91.617362257969 41.752329982398)
2014831630,14-7970,12/04/2014,12-December,5-Thursday,00:09,0000 Hours,District 1 (Central),GRIMES,POLK,IA 141,IA 141/IOWA 141,Collision with:  Animal,,,Animal,None Indicated,,,,,,,Paved,,Property Damage Only,0,0,0,0,0,0,3000,1,1,,POINT (-93.774706092401 41.704022994921)
2014836782,2014067634,12/04/2014,12-December,5-Thursday,15:55,1500 Hours,District 4 (Southwest),,DALLAS,I-80,I-80,Collision with:  Vehicle in traffic,On Roadway,Rear-end (front to rear),Driving too fast for conditions,None Indicated,,Daylight,Dry,Cloudy,Work Zone (roadway-related),Non-intersection:  Non-junction/no special feature,Paved,Yes,Property Damage Only,0,0,0,0,0,0,8500,2,3,,POINT (-93.905481429485 41.557917291214)
2014831895,14-050938,12/04/2014,12-December,5-Thursday,22:12,2200 Hours,District 4 (Southwest),COUNCIL BLUFFS,POTTAWATTAMIE,,S 16TH ST,Collision with:  Vehicle in traffic,On Roadway,Rear-end (front to rear),Followed too close,Alcohol (Statutory),,Dark - roadway lighted,Wet,Cloudy,None apparent,Non-intersection:  Railroad grade crossing,Paved,,Property Damage Only,0,0,0,0,0,0,3000,2,3,,POINT (-95.867585380024 41.255465298025)
2014831958,2014067510,12/04/2014,12-December,5-Thursday,07:30,0700 Hours,District 5 (Southeast),,CLARKE,I-35,I-35,Collision with:  Animal,,,Animal,None Indicated,,,,,,,Paved,,Property Damage Only,0,0,0,0,0,0,6000,1,1,,POINT (-93.798654319244 40.996412998307)
2014831826,14025680,12/04/2014,12-December,5-Thursday,19:33,1900 Hours,District 6 (East Central),MARION,LINN,,29TH AVE & 31ST ST,Collision with:  Vehicle in traffic,On Roadway,Broadside (front to side),FTYROW:  From stop sign,None Indicated,,Dark - roadway lighted,Dry,Clear,None apparent,Intersection:  Four-way intersection,Paved,,Minor Injury,0,1,0,1,0,0,11000,2,2,,POINT (-91.579291433626 42.050440578769)
2014832023,CL14004236,12/04/2014,12-December,5-Thursday,07:50,0700 Hours,District 6 (East Central),CLINTON,CLINTON,,9TH AVE S,Collision with:  Vehicle in traffic,On Roadway,Broadside (front to side),FTYROW:  From driveway,None Indicated,,Daylight,Dry,Clear,None apparent,Non-intersection:  Driveway access (within),Paved,,Property Damage Only,0,0,0,0,0,0,2000,2,2,,POINT (-90.196329422252 41.836545081764)
2014832329,14000001081,12/04/2014,12-December,5-Thursday,17:52,1700 Hours,District 1 (Central),MARSHALLTOWN,MARSHALL,IA 330,IA 330/MARSHALLTOWN BLVD,Collision with:  Animal,,,Animal,None Indicated,,,,,,,Paved,,Property Damage Only,0,0,0,0,0,0,4500,1,1,,POINT (-93.065952423904 41.976876882609)
2014832327,14-6212,12/04/2014,12-December,5-Thursday,15:30,1500 Hours,District 6 (East Central),HIAWATHA,LINN,I-380,I-380,Collision with:  Vehicle in traffic,On Roadway,Rear-end (front to rear),FTYROW:  Making right turn on red signal,None Indicated,,Daylight,Dry,Cloudy,None apparent,Intersection:  Intersection with ramp,Paved,,Possible/Unknown,0,1,0,0,1,0,400,2,3,,POINT (-91.6864826335 42.044827751682)
2014831639,14-050835,12/04/2014,12-December,5-Thursday,08:00,0800 Hours,District 4 (Southwest),COUNCIL BLUFFS,POTTAWATTAMIE,,AVE B & N 31ST ST,Collision with:  Vehicle in traffic,On Roadway,Broadside (front to side),FTYROW:  From stop sign,None Indicated,,Daylight,Dry,Cloudy,None apparent,Intersection:  Four-way intersection,Paved,,Property Damage Only,0,0,0,0,0,0,5500,2,2,,POINT (-95.894109416305 41.263690324453)
2014831904,20140035965,12/04/2014,12-December,5-Thursday,21:11,2100 Hours,District 1 (Central),DES MOINES,POLK,I-235,I-235 & IA 28/63RD ST,Collision with:  Vehicle in traffic,On Roadway,Rear-end (front to rear),Unknown,None Indicated,,Dark - roadway lighted,Dry,Clear,None apparent,Intersection:  Intersection with ramp,Paved,,Possible/Unknown,0,1,0,0,1,0,200,2,2,,POINT (-93.703552355207 41.593575742436)
2014834178,2014067655,12/04/2014,12-December,5-Thursday,17:39,1700 Hours,District 2 (Northeast),,FRANKLIN,US 65,US 65,Collision with:  Animal,,,Animal,None Indicated,,,,,,,Paved,,Property Damage Only,0,0,0,0,0,0,3000,1,1,,POINT (-93.203086969649 42.683482212447)
2014836907,2014-1940,12/04/2014,12-December,5-Thursday,17:10,1700 Hours,District 1 (Central),JEFFERSON,GREENE,,Co Rd P18/245TH,Collision with:  Animal,On Roadway,Non-collision (single vehicle),Animal,None Indicated,,Dark - roadway not lighted,Wet,Cloudy,None apparent,Non-intersection:  Non-junction/no special feature,Paved,,Property Damage Only,0,0,0,0,0,0,1800,1,3,,POINT (-94.409773900237 42.00075236609)
2014832414,20140004457,12/04/2014,12-December,5-Thursday,16:00,1600 Hours,District 6 (East Central),,LINN,US 151,US 151/DUBUQUE RD,Collision with:  Vehicle in traffic,On Roadway,"Angle, oncoming left turn",FTYROW:  From yield sign,None Indicated,,Daylight,Dry,Cloudy,None apparent,Intersection:  Other intersection (explain in narrative),Paved,,Possible/Unknown,0,1,0,0,1,0,9000,2,2,,POINT (-91.510092522949 42.044006100268)
2014833166,2014067627,12/04/2014,12-December,5-Thursday,14:00,1400 Hours,District 6 (East Central),,JOHNSON,,Co Rd F16/HWY 382 NE & Co Rd W6E/ELY RD,Collision with:  Vehicle in traffic,On Roadway,Broadside (front to side),FTYROW:  From stop sign,None Indicated,,Daylight,Dry,Cloudy,None apparent,Intersection:  Y-intersection,Paved,,Fatal,1,1,1,0,0,0,40000,2,46,,POINT (-91.539520329384 41.821168421956)
2014831915,149433,12/04/2014,12-December,5-Thursday,16:50,1600 Hours,District 4 (Southwest),WEST DES MOINES,DALLAS,I-80,I-80,Collision with:  Vehicle in traffic,On Roadway,Rear-end (front to rear),FTYROW:  Other (explain in narrative),None Indicated,,Dark - roadway not lighted,Dry,Clear,None apparent,Non-intersection:  Non-junction/no special feature,Paved,,Minor Injury,0,1,0,1,0,0,10000,2,3,,POINT (-93.851691115702 41.570199845056)
2014836873,261402224,12/04/2014,12-December,5-Thursday,18:30,1800 Hours,District 5 (Southeast),FLORIS,DAVIS,,Co Rd V42/WARBLER BLVD,Non-collision events:  Overturn/rollover,On Roadway,Non-collision (single vehicle),"Operating vehicle in an reckless, erratic, careless, negligent manner",None Indicated,,Dark - roadway not lighted,Dry,Clear,None apparent,Intersection:  Four-way intersection,Unpaved,,Possible/Unknown,0,1,0,0,1,0,8000,1,2,,POINT (-92.214928679815 40.876588920429)
2014833048,201418054,12/04/2014,12-December,5-Thursday,17:06,1700 Hours,District 6 (East Central),CEDAR RAPIDS,LINN,,4TH AVE SE & 10TH ST SE,Collision with:  Vehicle in traffic,On Roadway,Rear-end (front to rear),Lost Control,None Indicated,,Dark - roadway lighted,Dry,Cloudy,None apparent,Intersection:  T-intersection,Paved,,Property Damage Only,0,0,0,0,0,0,1800,3,3,,POINT (-91.657226660563 41.981264330995)
2014832501,2014-83053,12/04/2014,12-December,5-Thursday,17:30,1700 Hours,District 6 (East Central),DAVENPORT,SCOTT,,E 53RD ST,Collision with:  Vehicle in traffic,On Roadway,"Sideswipe, same direction",FTYROW:  Other (explain in narrative),None Indicated,,Dark - roadway lighted,Dry,Cloudy,None apparent,Non-intersection:  Non-junction/no special feature,Paved,,Property Damage Only,0,0,0,0,0,0,3000,2,5,,POINT (-90.543594478237 41.574776610967)
2014833932,14-283,12/04/2014,12-December,5-Thursday,18:50,1800 Hours,District 4 (Southwest),NEW MARKET,TAYLOR,,Co Rd J35/210TH ST,Collision with:  Animal,,,Animal,None Indicated,,,,,,,Paved,,Property Damage Only,0,0,0,0,0,0,2500,1,777,,POINT (-94.888392096883 40.741861244919)
2014832586,120414C,12/04/2014,12-December,5-Thursday,13:03,1300 Hours,District 4 (Southwest),,FREMONT,US 59,US 59 & Co Rd J14/130 ST,Collision with:  Vehicle in traffic,On Roadway,Rear-end (front to rear),Followed too close,None Indicated,,Daylight,Dry,Cloudy,None apparent,Intersection:  Four-way intersection,Paved,,Major Injury,0,1,1,0,0,0,2200,2,3,,POINT (-95.384631553818 40.858144698068)
2014831751,20140035888,12/04/2014,12-December,5-Thursday,08:06,0800 Hours,District 1 (Central),DES MOINES,POLK,,MLK JR PKWY,Collision with:  Vehicle in traffic,On Roadway,Rear-end (front to rear),Followed too close,None Indicated,,Daylight,Dry,Clear,None apparent,Intersection:  Four-way intersection,Paved,,Property Damage Only,0,0,0,0,0,0,3100,2,2,,POINT (-93.644737266867 41.587741652633)
2014832466,14-118433,12/04/2014,12-December,5-Thursday,06:59,0600 Hours,District 2 (Northeast),ELK RUN HEIGHTS,BLACK HAWK,,OLD US 20,Collision with:  Animal,,Non-collision (single vehicle),Animal,None Indicated,,,,,,,Paved,,Property Damage Only,0,0,0,0,0,0,3000,1,1,,POINT (-92.237461443818 42.464942412098)
2014834592,182-2014,12/04/2014,12-December,5-Thursday,07:00,0700 Hours,District 4 (Southwest),,HARRISON,,296TH ST,Collision with:  Animal,,,Animal,None Indicated,,,,,,,Paved,,Property Damage Only,0,0,0,0,0,0,7000,1,1,,POINT (-95.800894379872 41.575208215215)
2014833152,2014-83000,12/04/2014,12-December,5-Thursday,14:12,1400 Hours,District 6 (East Central),DAVENPORT,SCOTT,US 6,US 6/E KIMBERLY RD & JERSEY RIDGE RD,Collision with:  Vehicle in traffic,On Roadway,Rear-end (front to rear),Followed too close,None Indicated,,Daylight,Dry,Cloudy,None apparent,Intersection:  Four-way intersection,Paved,,Property Damage Only,0,0,0,0,0,0,7000,2,2,,POINT (-90.541695492682 41.556858405524)
2014831726,2014-13885,12/04/2014,12-December,5-Thursday,08:15,0800 Hours,District 2 (Northeast),FOREST CITY,WINNEBAGO,,W K ST & S BEST ST,Collision with:  Vehicle in traffic,On Roadway,"Angle, oncoming left turn",Crossed centerline (undivided),None Indicated,,Daylight,Dry,Clear,None apparent,Intersection:  T-intersection,Paved,,Property Damage Only,0,0,0,0,0,0,6500,2,2,,POINT (-93.646582495506 43.264871994381)
2014831909,S14-004792,12/04/2014,12-December,5-Thursday,06:30,0600 Hours,District 4 (Southwest),HANCOCK,POTTAWATTAMIE,US 59,US 59,Collision with:  Animal,On Roadway,Non-collision (single vehicle),Animal,None Indicated,,Dark - roadway not lighted,Dry,Cloudy,None apparent,Non-intersection:  Other non-intersection (explain in narrative),Paved,,Property Damage Only,0,0,0,0,0,0,5000,1,1,,POINT (-95.368091915796 41.383341356587)
2014833251,,12/04/2014,12-December,5-Thursday,19:45,1900 Hours,District 3 (Northwest),,PLYMOUTH,IA 12,IA 12/IOWA 12 & Co Rd K18,Collision with:  Animal,On Roadway,Non-collision (single vehicle),Animal,None Indicated,,Dark - roadway not lighted,Dry,Clear,,Non-intersection:  Non-junction/no special feature,Paved,,Property Damage Only,0,0,0,0,0,0,8120,1,1,,POINT (-96.513622801796 42.626359447274)
2014831627,14-7976,12/04/2014,12-December,5-Thursday,08:10,0800 Hours,District 1 (Central),GRIMES,POLK,I-35,I-35,Collision with:  Vehicle in traffic,On Roadway,Rear-end (front to rear),Followed too close,None Indicated,,Daylight,Dry,Clear,None apparent,Intersection:  Intersection with ramp,Paved,,Property Damage Only,0,0,0,0,0,0,1700,2,2,,POINT (-93.774979539596 41.650699246764)
2014831820,W14-118569,12/04/2014,12-December,5-Thursday,17:13,1700 Hours,District 2 (Northeast),WATERLOO,BLACK HAWK,,LAFAYETTE ST,Collision with:  Vehicle in traffic,On Roadway,"Sideswipe, same direction",Other (explain in narrative):  Other,None Indicated,,Dusk,Dry,Clear,None apparent,Non-intersection:  Driveway access (within),Paved,,Property Damage Only,0,0,0,0,0,0,9000,2,2,,POINT (-92.321517104878 42.492605459944)
2014832502,2014-83185,12/05/2014,12-December,6-Friday,07:00,0700 Hours,District 6 (East Central),DAVENPORT,SCOTT,US 61,US 61/BRADY ST,Non-collision events:  Overturn/rollover,On Roadway,Non-collision (single vehicle),Swerving/Evasive Action,None Indicated,,Daylight,Wet,"Fog, smoke, smog",None apparent,Non-intersection:  Non-junction/no special feature,Paved,,Possible/Unknown,0,1,0,0,1,0,4000,1,1,,POINT (-90.567607861459 41.601883136922)
2014832188,14021092,12/05/2014,12-December,6-Friday,13:12,1300 Hours,District 2 (Northeast),MASON CITY,CERRO GORDO,US 65,US 65/N WASHINGTON AVE/S WASHINGTON AVE & W STATE ST,Collision with:  Vehicle in traffic,On Roadway,"Angle, oncoming left turn",FTYROW:  Making left turn,None Indicated,,Daylight,Dry,Cloudy,None apparent,Intersection:  Four-way intersection,Paved,,Property Damage Only,0,0,0,0,0,0,6000,2,2,,POINT (-93.202662920862 43.151799246886)
2014831828,14-7995,12/05/2014,12-December,6-Friday,07:00,0700 Hours,District 1 (Central),,POLK,IA 415,IA 415/2ND AVE & MARGO FRANKEL WOODS,Collision with:  Animal,On Roadway,Non-collision (single vehicle),Animal,None Indicated,,Dark - roadway not lighted,Dry,"Fog, smoke, smog",None apparent,Non-intersection:  Non-junction/no special feature,Paved,,Property Damage Only,0,0,0,0,0,0,4000,1,1,,POINT (-93.62035663037 41.672714478343)
2014832231,143694,12/05/2014,12-December,6-Friday,05:32,0500 Hours,District 3 (Northwest),,CRAWFORD,,Co Rd E59/210TH ST/U AVE,Collision with:  Animal,,,Animal,None Indicated,,,,,,,Paved,,Property Damage Only,0,0,0,0,0,0,8000,1,1,,POINT (-95.459177709804 41.92187585627)
2014833586,1412050619,12/05/2014,12-December,6-Friday,06:19,0600 Hours,District 6 (East Central),,JONES,,Co Rd E34/FAIRVIEW RD & Co Rd X28/CO RD X-28,Collision with fixed object:  Utility pole/light support,On Roadway,Non-collision (single vehicle),Swerving/Evasive Action,None Indicated,,Dark - roadway not lighted,Wet,"Fog, smoke, smog",None apparent,Intersection:  T-intersection,Paved,,Possible/Unknown,0,1,0,0,1,0,10000,1,1,,POINT (-91.35413496966 42.085474078931)
2014833404,14-051205-01,12/05/2014,12-December,6-Friday,22:45,2200 Hours,District 6 (East Central),,IOWA,,Co Rd F15/F15 BLVD,Collision with fixed object:  Tree,Roadside,Non-collision (single vehicle),Swerving/Evasive Action,None Indicated,,Dark - roadway not lighted,Dry,Clear,None apparent,Non-intersection:  Non-junction/no special feature,Unpaved,,Possible/Unknown,0,1,0,0,0,1,10010,1,2,,POINT (-92.088414772999 41.829394573403)
2014836865,2014-040277,12/05/2014,12-December,6-Friday,19:25,1900 Hours,District 6 (East Central),DUBUQUE,DUBUQUE,US 20,US 20/DODGE ST,Collision with:  Vehicle in traffic,On Roadway,Rear-end (front to rear),Followed too close,None Indicated,,Dark - roadway not lighted,Dry,Cloudy,None apparent,Non-intersection:  Non-junction/no special feature,Paved,,Property Damage Only,0,0,0,0,0,0,3500,2,2,,POINT (-90.670929560027 42.490952599917)
2014832407,14-008429,12/05/2014,12-December,6-Friday,15:01,1500 Hours,District 1 (Central),,HAMILTON,IA 17,IA 17/BRIGGS WOOD RD,Collision with:  Animal,,,Animal,None Indicated,,,,,,,Paved,,Property Damage Only,0,0,0,0,0,0,3000,1,1,,POINT (-93.796169828855 42.393783164379)
2014832105,14-118986,12/05/2014,12-December,6-Friday,19:45,1900 Hours,District 2 (Northeast),,BLACK HAWK,,Co Rd C57/E CEDAR-WAPSI RD,Collision with:  Animal,,,Animal,None Indicated,,,,,,,Paved,,Property Damage Only,0,0,0,0,0,0,2000,1,1,,POINT (-92.155634298252 42.613377649239)
2014832415,201404466,12/05/2014,12-December,6-Friday,07:25,0700 Hours,District 6 (East Central),,LINN,,Co Rd E48/MT VERNON RD,Collision with:  Animal,,,Animal,None Indicated,,,,,,,Paved,,Property Damage Only,0,0,0,0,0,0,3000,1,1,,POINT (-91.5782687814 41.976503770021)
2014831960,2014067713,12/05/2014,12-December,6-Friday,07:29,0700 Hours,District 4 (Southwest),COUNCIL BLUFFS,POTTAWATTAMIE,I-80,I-80 & US 6/KANESVILLE BLVD,Collision with:  Vehicle in traffic,On Roadway,Broadside (front to side),FTYROW:  From stop sign,None Indicated,,Daylight,Wet,"Fog, smoke, smog",None apparent,Intersection:  T-intersection,Paved,,Property Damage Only,0,0,0,0,0,0,20000,2,2,,POINT (-95.786137256741 41.280018704982)
2014832040,,12/05/2014,12-December,6-Friday,18:19,1800 Hours,District 5 (Southeast),LAMONI,DECATUR,US 69,US 69/E MAIN ST,Collision with:  Animal,On Roadway,Non-collision (single vehicle),Animal,None Indicated,,Dark - roadway lighted,Dry,Cloudy,None apparent,Non-intersection:  Non-junction/no special feature,Paved,,Property Damage Only,0,0,0,0,0,0,3000,1,1,,POINT (-93.918541637021 40.62365463716)
2014844602,,12/05/2014,12-December,6-Friday,06:39,0600 Hours,District 2 (Northeast),,WINNESHIEK,,Co Rd W38/LOCUST RD,Collision with:  Animal,On Roadway,Non-collision (single vehicle),Animal,None Indicated,,Dawn,Wet,Cloudy,None apparent,Non-intersection:  Non-junction/no special feature,Paved,,Property Damage Only,0,0,0,0,0,0,7000,1,2,,POINT (-91.735880027081 43.402326408234)
2014832588,120514B,12/05/2014,12-December,6-Friday,23:30,2300 Hours,District 4 (Southwest),IMOGENE,FREMONT,,Co Rd J18/120 ST,Collision with:  Animal,,,Animal,None Indicated,,,,,,,Paved,,Property Damage Only,0,0,0,0,0,0,2000,1,1,,POINT (-95.45163294647 40.872844307761)
2014833388,SO1405270,12/05/2014,12-December,6-Friday,11:58,1100 Hours,District 5 (Southeast),,JEFFERSON,,Co Rd V63/PACKWOOD RD,Collision with:  Vehicle in traffic,On Roadway,"Sideswipe, opposite direction",Crossed centerline (undivided),None Indicated,,Daylight,Wet,Cloudy,None apparent,Non-intersection:  Non-junction/no special feature,Paved,,Minor Injury,0,1,0,1,0,0,40000,2,2,,POINT (-92.091035158795 41.046527410901)
2014833015,14-005716,12/05/2014,12-December,6-Friday,15:02,1500 Hours,District 1 (Central),AMES,STORY,US 69,US 69/S DUFF AVE,Collision with:  Vehicle in traffic,On Roadway,"Sideswipe, same direction",FTYROW:  Other (explain in narrative),None Indicated,,Daylight,Dry,Cloudy,None apparent,Non-intersection:  Other non-intersection (explain in narrative),Paved,,Property Damage Only,0,0,0,0,0,0,5000,2,2,,POINT (-93.6102899434 42.012462031232)
2014832506,2014-83258,12/05/2014,12-December,6-Friday,15:10,1500 Hours,District 6 (East Central),DAVENPORT,SCOTT,,IA 461/BRADY ST & W 14TH ST,Collision with:  Vehicle in traffic,On Roadway,"Sideswipe, same direction",Made improper turn,None Indicated,,Daylight,Dry,Cloudy,None apparent,Non-intersection:  Non-junction/no special feature,Paved,,Property Damage Only,0,0,0,0,0,0,6000,2,6,,POINT (-90.574053021398 41.533913236341)
2014833621,14-029516,12/05/2014,12-December,6-Friday,23:20,2300 Hours,District 5 (Southeast),,MARION,,Co Rd T17/HWY T17,Collision with:  Animal,,,Animal,None Indicated,,,,,,,Paved,,Property Damage Only,0,0,0,0,0,0,5000,1,1,,POINT (-92.914357099291 41.372464198048)
2014832178,C14003881,12/05/2014,12-December,6-Friday,16:59,1600 Hours,District 6 (East Central),CORALVILLE,JOHNSON,,23RD AVE,Collision with:  Vehicle in traffic,On Roadway,Rear-end (front to rear),Followed too close,None Indicated,,Dark - roadway lighted,Dry,Cloudy,None apparent,Intersection:  T-intersection,Paved,,Property Damage Only,0,0,0,0,0,0,2000,2,3,,POINT (-91.597873240439 41.682840490726)
2014832368,20140036041,12/05/2014,12-December,6-Friday,16:24,1600 Hours,District 1 (Central),DES MOINES,POLK,US 6,US 6/DOUGLAS AVE/EUCLID AVE & MLK JR PKWY,Collision with:  Vehicle in traffic,On Roadway,Rear-end (front to rear),FTYROW:  Other (explain in narrative),None Indicated,,Daylight,Dry,Cloudy,None apparent,Non-intersection:  Non-junction/no special feature,Paved,,Possible/Unknown,0,2,0,0,2,0,4500,2,3,,POINT (-93.651462045 41.627722801457)
2014832373,20140036062,12/05/2014,12-December,6-Friday,19:48,1900 Hours,District 1 (Central),DES MOINES,POLK,,DEAN AVE,Collision with fixed object:  Utility pole/light support,Shoulder,Non-collision (single vehicle),Unknown,None Indicated,,Dark - roadway lighted,Dry,Cloudy,None apparent,Non-intersection:  Non-junction/no special feature,Paved,,Property Damage Only,0,0,0,0,0,0,3500,1,1,,POINT (-93.575830406259 41.591214923792)
2014832467,14C05340,12/05/2014,12-December,6-Friday,14:13,1400 Hours,District 4 (Southwest),CRESTON,UNION,,W HOWARD ST,Collision with:  Vehicle in traffic,On Roadway,"Sideswipe, same direction",Other (explain in narrative):  Other,None Indicated,,Daylight,Dry,Cloudy,None apparent,Non-intersection:  Non-junction/no special feature,Paved,,Property Damage Only,0,0,0,0,0,0,2500,2,1,,POINT (-94.362045256676 41.060952205247)
2014832078,14025760,12/05/2014,12-December,6-Friday,17:12,1700 Hours,District 6 (East Central),MARION,LINN,US 151,US 151/DUBUQUE RD & IA 13/IOWA 13 & 10TH AVE,Collision with:  Vehicle in traffic,On Roadway,"Angle, oncoming left turn",Unknown,None Indicated,,Dark - roadway lighted,Dry,Cloudy,None apparent,Intersection:  Four-way intersection,Paved,,Property Damage Only,0,0,0,0,0,0,2000,2,2,,POINT (-91.550298562772 42.035721923027)
2014832637,ACC14-029,12/05/2014,12-December,6-Friday,15:40,1500 Hours,District 2 (Northeast),CRESCO,HOWARD,,7TH AVE E & N ELM ST,Collision with:  Vehicle in traffic,On Roadway,Broadside (front to side),FTYROW:  From stop sign,None Indicated,,Daylight,Wet,Cloudy,None apparent,Intersection:  Four-way intersection,Paved,,Property Damage Only,0,0,0,0,0,0,5500,2,3,,POINT (-92.114885060605 43.379361201364)
2014832350,2014-040266,12/05/2014,12-December,6-Friday,14:09,1400 Hours,District 6 (East Central),DUBUQUE,DUBUQUE,,W 6TH ST & IOWA ST,Collision with:  Vehicle in traffic,On Roadway,"Angle, oncoming left turn",Other (explain in narrative):  Other,None Indicated,,Daylight,Dry,Cloudy,None apparent,Non-intersection:  Non-junction/no special feature,Paved,,Property Damage Only,0,0,0,0,0,0,5000,2,2,,POINT (-90.66503405015 42.499621673986)