Iowa DOT Case Number,Law Enforcement Case Number,Date of Crash,Month of Crash,Day of Week,Time of Crash,Hour,DOT District,City Name,County Name,Route with System,Location Description,First Harmful Event,Location of First Harmful Event,Manner of Crash/Collision,Major Cause,Drug or Alcohol ,Environmental Conditions,Light Conditions,Surface Conditions,Weather Conditions,Roadway Contribution,Roadway Type,Roadway Surface,Work Zone,Crash Severity,Number of Fatalities,Number of Injuries,Number of Major Injuries,Number of Minor Injuries,Number of Possible Injuries,Number of Unknown Injuries,Amount of Property Damage,Number of Vehicles Involved,Total Number of Occupants,Travel Direction,Location
2014832452,14-39770,12/05/2014,12-December,6-Friday,08:08,0800 Hours,District 3 (Northwest),SIOUX CITY,WOODBURY,IA 376,IA 376/LEWIS BLVD,Collision with:  Other non-fixed object (explain in narrative),On Roadway,Non-collision (single vehicle),Other (explain in narrative):  No improper action,None Indicated,,Daylight,Dry,"Fog, smoke, smog",Obstruction in roadway,Non-intersection:  Non-junction/no special feature,Paved,,Property Damage Only,0,0,0,0,0,0,4500,1,1,,POINT (-96.372856425591 42.511025406427)
2014832365,14-6167,12/05/2014,12-December,6-Friday,17:14,1700 Hours,District 4 (Southwest),WEST DES MOINES,DALLAS,,S 64TH ST & MILLS CIVIC PKWY,Collision with:  Vehicle in traffic,On Roadway,"Angle, oncoming left turn",FTYROW:  Making left turn,None Indicated,,Dark - roadway lighted,Dry,Cloudy,None apparent,Intersection:  Four-way intersection,Paved,,Property Damage Only,0,0,0,0,0,0,5000,2,2,,POINT (-93.796627551865 41.561560278879)
2014832537,2014013488,12/05/2014,12-December,6-Friday,10:56,1000 Hours,District 6 (East Central),IOWA CITY,JOHNSON,,IOWA AVE & S VAN BUREN ST,Collision with:  Vehicle in traffic,On Roadway,Broadside (front to side),Ran Stop Sign,None Indicated,,Daylight,Dry,Cloudy,None apparent,Intersection:  Four-way intersection,Paved,,Property Damage Only,0,0,0,0,0,0,9000,2,3,,POINT (-91.528679414586 41.661241609959)
2014834011,2014067933,12/05/2014,12-December,6-Friday,18:15,1800 Hours,District 3 (Northwest),,MONONA,I-29,I-29,Collision with:  Animal,,,Animal,None Indicated,,,,,,,Paved,,Property Damage Only,0,0,0,0,0,0,1501,1,1,,POINT (-96.219211597712 42.150601509119)
2014833261,,12/05/2014,12-December,6-Friday,18:33,1800 Hours,District 5 (Southeast),FORT MADISON,LEE,,AVE H,Collision with:  Vehicle in traffic,On Roadway,Rear-end (front to rear),Followed too close,None Indicated,,Dark - roadway lighted,Wet,Rain,"Surface condition (e.g., wet, icy)",Non-intersection:  Non-junction/no special feature,Paved,,Property Damage Only,0,0,0,0,0,0,2000,2,2,,POINT (-91.325846608497 40.630179655415)
2014832359,2014-0514,12/05/2014,12-December,6-Friday,02:09,0200 Hours,District 5 (Southeast),NORWALK,WARREN,,SWAN DR,Collision with:  Parked motor vehicle,On Roadway,Head-on (front to front),Driver Distraction:  Inattentive/lost in thought,None Indicated,,Dark - roadway lighted,Dry,Clear,None apparent,Non-intersection:  Non-junction/no special feature,Paved,,Property Damage Only,0,0,0,0,0,0,4500,2,2,,POINT (-93.662749176962 41.481235690465)
2014832090,14-005719,12/05/2014,12-December,6-Friday,16:31,1600 Hours,District 1 (Central),AMES,STORY,US 69,US 69/GRAND AVE,Collision with:  Vehicle in traffic,On Roadway,"Sideswipe, same direction",FTYROW:  Other (explain in narrative),None Indicated,,Daylight,Dry,Cloudy,None apparent,Intersection:  Four-way intersection,Paved,,Property Damage Only,0,0,0,0,0,0,6500,2,4,,POINT (-93.620420357912 42.034599923591)
2014832064,W14-118887,12/05/2014,12-December,6-Friday,14:33,1400 Hours,District 2 (Northeast),WATERLOO,BLACK HAWK,,W RIDGEWAY AVE & E RIDGEWAY AVE & KIMBALL AVE,Collision with:  Vehicle in traffic,On Roadway,"Sideswipe, same direction",Improper or erratic lane changing,None Indicated,,Daylight,Dry,Clear,None apparent,Non-intersection:  Non-junction/no special feature,Paved,,Possible/Unknown,0,1,0,0,0,1,3450,2,2,,POINT (-92.357020632511 42.469376899459)
2014832203,CL14004254,12/05/2014,12-December,6-Friday,23:22,2300 Hours,District 6 (East Central),CLINTON,CLINTON,,VALLEY WEST CT,Collision with fixed object:  Curb/island/raised median,Shoulder,Non-collision (single vehicle),Driving too fast for conditions,Alcohol (Statutory),,Dark - roadway lighted,Wet,Clear,None apparent,Non-intersection:  Non-junction/no special feature,Paved,,Property Damage Only,0,0,0,0,0,0,4500,1,1,,POINT (-90.241133873539 41.817890172209)
2014832411,201400004468,12/05/2014,12-December,6-Friday,09:00,0900 Hours,District 6 (East Central),,LINN,,OLD RIVER RD,Non-collision events:  Overturn/rollover,Roadside,Non-collision (single vehicle),Swerving/Evasive Action,None Indicated,,Daylight,Wet,Cloudy,None apparent,Non-intersection:  Non-junction/no special feature,Paved,,Minor Injury,0,2,0,1,1,0,5000,1,4,,POINT (-91.594668642125 41.954685011836)
2014832367,20140036030,12/05/2014,12-December,6-Friday,12:30,1200 Hours,District 1 (Central),DES MOINES,POLK,US 6,US 6/FREDERICK M HUBBELL AVE & E 42ND ST,Collision with:  Vehicle in traffic,On Roadway,"Sideswipe, same direction",Swerving/Evasive Action,None Indicated,,Daylight,Dry,Cloudy,None apparent,Intersection:  Four-way intersection,Paved,,Property Damage Only,0,0,0,0,0,0,4500,2,2,,POINT (-93.532090853888 41.635732233647)
2014832256,143695,12/05/2014,12-December,6-Friday,05:25,0500 Hours,District 3 (Northwest),,CRAWFORD,,Co Rd E59/U AVE & 230TH ST,Collision with:  Animal,,,Animal,None Indicated,,,,,,,Paved,,Property Damage Only,0,0,0,0,0,0,10000,1,1,,POINT (-95.421497438765 41.921011037934)
2014832249,SA1410250,12/05/2014,12-December,6-Friday,10:50,1000 Hours,District 5 (Southeast),,WASHINGTON,,Co Rd W47/COPPOCK RD,Collision with fixed object:  Bridge overhead structure,On Roadway,Non-collision (single vehicle),Other (explain in narrative):  No improper action,None Indicated,,Daylight,Wet,"Fog, smoke, smog",None apparent,Non-intersection:  Other non-intersection (explain in narrative),Paved,,Property Damage Only,0,0,0,0,0,0,2500,1,1,,POINT (-91.694381496661 41.258287914577)
2014832741,2014-24944,12/05/2014,12-December,6-Friday,23:19,2300 Hours,District 6 (East Central),,SCOTT,,Co Rd Z16/UTICA RIDGE RD,Collision with fixed object:  Ditch,Outside trafficway,Non-collision (single vehicle),Ran off road - right,Alcohol (< Statutory),,Dark - roadway not lighted,Dry,Clear,None apparent,Non-intersection:  Non-junction/no special feature,Paved,,Minor Injury,0,1,0,1,0,0,10000,1,1,,POINT (-90.490732187091 41.729837855603)
2014834846,14-005273,12/05/2014,12-December,6-Friday,21:21,2100 Hours,District 1 (Central),ANKENY,POLK,,NW 18TH ST,Collision with:  Vehicle in traffic,On Roadway,Rear-end (front to rear),Other (explain in narrative):  Other,None Indicated,,Dark - roadway lighted,Wet,Rain,None apparent,Non-intersection:  Non-junction/no special feature,Paved,,Property Damage Only,0,0,0,0,0,0,3043,2,2,,POINT (-93.602206681623 41.746353711492)
2014832453,14-39807,12/05/2014,12-December,6-Friday,14:47,1400 Hours,District 3 (Northwest),SIOUX CITY,WOODBURY,,W 18TH ST & HAMILTON BLVD,Collision with:  Vehicle in traffic,On Roadway,Rear-end (front to rear),Followed too close,None Indicated,,Daylight,Dry,Clear,None apparent,Intersection:  Four-way intersection,Paved,,Possible/Unknown,0,1,0,0,1,0,8500,2,2,,POINT (-96.416733360867 42.509490059784)
2014832351,2014-040268,12/05/2014,12-December,6-Friday,13:35,1300 Hours,District 6 (East Central),DUBUQUE,DUBUQUE,,W 17TH ST & CATHERINE ST,Collision with:  Vehicle in traffic,On Roadway,"Sideswipe, same direction",Other (explain in narrative):  Other,None Indicated,,Daylight,Dry,Cloudy,None apparent,Non-intersection:  Non-junction/no special feature,Paved,,Minor Injury,0,1,0,1,0,0,4000,2,4,,POINT (-90.6767643256 42.506551067324)
2014832195,14-3900,12/05/2014,12-December,6-Friday,23:25,2300 Hours,District 1 (Central),FORT DODGE,WEBSTER,,10TH AVE N,Collision with fixed object:  Utility pole/light support,On Roadway,Non-collision (single vehicle),Other (explain in narrative):  Other,None Indicated,,Dark - roadway lighted,Wet,"Fog, smoke, smog",None apparent,Non-intersection:  Non-junction/no special feature,Paved,,Possible/Unknown,0,1,0,0,0,1,12000,1,1,,POINT (-94.171131018603 42.515584006058)
2014832161,2014067917,12/05/2014,12-December,6-Friday,17:40,1700 Hours,District 3 (Northwest),,SIOUX,IA 10,IA 10/BIRCH AVE,Collision with:  Vehicle in traffic,On Roadway,Rear-end (front to rear),Followed too close,None Indicated,,Dark - roadway not lighted,Dry,Cloudy,None apparent,Non-intersection:  Driveway access (within),Paved,,Major Injury,0,1,1,0,0,0,5000,2,3,,POINT (-96.488889369309 43.045481449246)
2014832305,14050209,12/05/2014,12-December,6-Friday,18:32,1800 Hours,District 5 (Southeast),,MUSCATINE,IA 22,IA 22/IOWA 22,Collision with:  Animal,,,Animal,None Indicated,,,,,,,Paved,,Property Damage Only,0,0,0,0,0,0,2000,1,1,,POINT (-91.003312261667 41.442367401851)
2014832735,32106-14,12/05/2014,12-December,6-Friday,23:30,2300 Hours,District 3 (Northwest),,EMMET,,390 AVE,Collision with:  Animal,,,Animal,None Indicated,,,,,,,Unpaved,,Property Damage Only,0,0,0,0,0,0,1500,1,1,,POINT (-94.816983872853 43.426211688413)
2014832825,SO1405282,12/05/2014,12-December,6-Friday,21:37,2100 Hours,District 5 (Southeast),,JEFFERSON,,BUS US 34,Collision with:  Animal,,,Animal,None Indicated,,,,,,,Paved,,Property Damage Only,0,0,0,0,0,0,2000,1,1,,POINT (-92.011274701491 41.006280483567)
2014831819,W14-118733,12/05/2014,12-December,6-Friday,07:18,0700 Hours,District 2 (Northeast),WATERLOO,BLACK HAWK,,ANSBOROUGH AVE,Collision with:  Vehicle in traffic,On Roadway,Rear-end (front to rear),Other (explain in narrative):  Other,None Indicated,,Daylight,Dry,Cloudy,None apparent,Intersection:  Four-way intersection,Paved,,Property Damage Only,0,0,0,0,0,0,6000,2,2,,POINT (-92.376763176825 42.476771706203)
2014831973,14-051010,12/05/2014,12-December,6-Friday,12:19,1200 Hours,District 4 (Southwest),COUNCIL BLUFFS,POTTAWATTAMIE,,32ND AVE & DIAL DR,Collision with:  Vehicle in traffic,On Roadway,Broadside (front to side),Unknown,None Indicated,,Daylight,Dry,Cloudy,None apparent,Intersection:  Four-way intersection,Paved,,Property Damage Only,0,0,0,0,0,0,2500,2,3,,POINT (-95.849536225823 41.228201136082)
2014832380,14-6164,12/05/2014,12-December,6-Friday,16:08,1600 Hours,District 1 (Central),WEST DES MOINES,POLK,,35TH ST/VALLEY WEST DR,Collision with:  Vehicle in traffic,On Roadway,Rear-end (front to rear),Followed too close,None Indicated,,Daylight,Dry,Cloudy,None apparent,Non-intersection:  Non-junction/no special feature,Paved,,Property Damage Only,0,0,0,0,0,0,1900,2,2,,POINT (-93.751935434928 41.597097541362)
2014835871,14-1402,12/05/2014,12-December,6-Friday,01:20,0100 Hours,District 1 (Central),PLEASANT HILL,POLK,,VANDALIA RD & DOTUR VANDALIA RD & S PLEASANT HILL BLVD,Collision with:  Vehicle in traffic,On Roadway,Broadside (front to side),FTYROW:  Making left turn,None Indicated,,Dark - roadway lighted,Dry,Cloudy,None apparent,Intersection:  Four-way intersection,Paved,,Property Damage Only,0,0,0,0,0,0,2600,2,2,,POINT (-93.519584409688 41.568946651043)
2014833153,2014-83139,12/05/2014,12-December,6-Friday,00:28,0000 Hours,District 6 (East Central),DAVENPORT,SCOTT,,EASTERN AVE,Collision with:  Parked motor vehicle,Shoulder,Rear-end (front to rear),Unknown,None Indicated,,Dark - roadway lighted,Dry,Clear,None apparent,Non-intersection:  Non-junction/no special feature,Paved,,Property Damage Only,0,0,0,0,0,0,14000,2,777,,POINT (-90.551515325554 41.540991668516)
2014831959,2014067704,12/05/2014,12-December,6-Friday,06:40,0600 Hours,District 6 (East Central),,CLINTON,US 61,US 61,Collision with:  Animal,,,Animal,None Indicated,,,,,,,Paved,,Property Damage Only,0,0,0,0,0,0,5000,1,1,,POINT (-90.656211738729 42.021608309028)
2014832369,20140036044,12/05/2014,12-December,6-Friday,16:51,1600 Hours,District 1 (Central),DES MOINES,POLK,,6TH AVE,Collision with:  Vehicle in traffic,On Roadway,"Angle, oncoming left turn",FTYROW:  Making left turn,None Indicated,,Dark - roadway lighted,Dry,Cloudy,None apparent,Non-intersection:  Driveway access (within),Paved,,Minor Injury,0,1,0,1,0,0,4500,2,2,,POINT (-93.625788253401 41.60710382488)
2014831888,14-6157,12/05/2014,12-December,6-Friday,14:02,1400 Hours,District 1 (Central),WEST DES MOINES,POLK,,MILLS CIVIC PKWY,Collision with:  Vehicle in traffic,On Roadway,Rear-end (front to rear),Followed too close,None Indicated,,Daylight,Dry,Cloudy,None apparent,Non-intersection:  Non-junction/no special feature,Paved,,Property Damage Only,0,0,0,0,0,0,11000,2,4,,POINT (-93.789017960037 41.559072704485)
2014833056,201418113,12/05/2014,12-December,6-Friday,17:24,1700 Hours,District 6 (East Central),CEDAR RAPIDS,LINN,,6TH ST SW & 76TH AVE SW,Collision with:  Vehicle in traffic,On Roadway,Broadside (front to side),Ran Traffic Signal,None Indicated,,Dark - roadway lighted,Dry,Clear,None apparent,Intersection:  Four-way intersection,Paved,,Property Damage Only,0,0,0,0,0,0,10000,2,3,,POINT (-91.67621871685 41.905235940655)
2014832416,201404479,12/05/2014,12-December,6-Friday,22:30,2200 Hours,District 6 (East Central),,LINN,,Co Rd W6E/ELY RD,Non-collision events:  Overturn/rollover,On Roadway,Non-collision (single vehicle),Swerving/Evasive Action,None Indicated,,Dark - roadway not lighted,Dry,Cloudy,None apparent,Non-intersection:  Non-junction/no special feature,Paved,,Minor Injury,0,1,0,1,0,0,11500,1,1,,POINT (-91.598064560102 41.88613304397)
2014833392,2014067949,12/05/2014,12-December,6-Friday,22:00,2200 Hours,District 1 (Central),DES MOINES,POLK,US 69,US 69/E 14TH ST,Collision with:  Vehicle in traffic,On Roadway,Rear-end (front to rear),Followed too close,Alcohol (Statutory),,Dark - roadway lighted,Wet,Rain,None apparent,Non-intersection:  Non-junction/no special feature,Paved,,Property Damage Only,0,0,0,0,0,0,5000,2,3,,POINT (-93.598270530398 41.594198835699)
2014832503,2014-83190,12/05/2014,12-December,6-Friday,07:37,0700 Hours,District 6 (East Central),DAVENPORT,SCOTT,,E 31ST ST & EASTERN AVE,Collision with:  Vehicle in traffic,On Roadway,Broadside (front to side),Unknown,None Indicated,,Daylight,Dry,Cloudy,None apparent,Intersection:  T-intersection,Paved,,Possible/Unknown,0,1,0,0,1,0,13500,2,5,,POINT (-90.551424542732 41.551653286362)
2014833542,14007570,12/05/2014,12-December,6-Friday,04:50,0400 Hours,District 2 (Northeast),MASON CITY,CERRO GORDO,,RAVEN AVE,Collision with:  Animal,Shoulder,Non-collision (single vehicle),Animal,None Indicated,,Dark - roadway not lighted,"Mud, dirt",Clear,None apparent,Non-intersection:  Non-junction/no special feature,Unpaved,,Property Damage Only,0,0,0,0,0,0,1500,1,2,,POINT (-93.161351994898 43.1943947007)
2014832232,143696,12/05/2014,12-December,6-Friday,06:39,0600 Hours,District 3 (Northwest),SCHLESWIG,CRAWFORD,,,Non-collision events:  Overturn/rollover,Outside trafficway,Non-collision (single vehicle),Ran off road - left,None Indicated,,Dark - roadway not lighted,Ice/frost,"Fog, smoke, smog",None apparent,Non-intersection:  Non-junction/no special feature,,,Possible/Unknown,0,1,0,0,1,0,8000,1,1,,POINT (-96.643700149993 40.233091251414)
2014832141,20140035995,12/05/2014,12-December,6-Friday,08:32,0800 Hours,District 1 (Central),DES MOINES,POLK,,CROCKER ST & 7TH ST,Collision with:  Vehicle in traffic,On Roadway,"Sideswipe, same direction","Operating vehicle in an reckless, erratic, careless, negligent manner",None Indicated,,Daylight,Dry,Cloudy,None apparent,Intersection:  Four-way intersection,Paved,,Property Damage Only,0,0,0,0,0,0,4000,2,8,,POINT (-93.626855883891 41.593416023813)
2014833055,201418111,12/05/2014,12-December,6-Friday,16:58,1600 Hours,District 6 (East Central),CEDAR RAPIDS,LINN,,A AVE NE & 7TH ST NE,Collision with:  Vehicle in traffic,On Roadway,Broadside (front to side),Ran Traffic Signal,None Indicated,,Dark - roadway lighted,Dry,Cloudy,None apparent,Intersection:  T-intersection,Paved,,Possible/Unknown,0,1,0,0,1,0,4000,3,6,,POINT (-91.664063733025 41.982758120243)
2014832353,2014-040278,12/05/2014,12-December,6-Friday,19:20,1900 Hours,District 6 (East Central),DUBUQUE,DUBUQUE,,KERPER BLVD & E 16TH ST,Collision with:  Vehicle in traffic,On Roadway,Rear-end (front to rear),"Operating vehicle in an reckless, erratic, careless, negligent manner",Alcohol (Statutory),,Dark - roadway lighted,Dry,Cloudy,None apparent,Non-intersection:  Non-junction/no special feature,Paved,,Property Damage Only,0,0,0,0,0,0,2000,2,5,,POINT (-90.654046976536 42.512256609465)
2014832364,14-6161,12/05/2014,12-December,6-Friday,14:39,1400 Hours,District 1 (Central),WEST DES MOINES,POLK,,GRAND AVE,Collision with:  Vehicle in traffic,On Roadway,"Angle, oncoming left turn",FTYROW:  Making left turn,None Indicated,,Daylight,Dry,Cloudy,None apparent,Non-intersection:  Driveway access (within),Paved,,Property Damage Only,0,0,0,0,0,0,1600,2,2,,POINT (-93.708208645618 41.582675423685)
2014832106,1412058111,12/05/2014,12-December,6-Friday,16:15,1600 Hours,District 6 (East Central),,CLINTON,US 67,US 67,Collision with:  Vehicle in traffic,On Roadway,Rear-end (front to rear),Followed too close,None Indicated,,Dusk,Dry,Clear,None apparent,Non-intersection:  Non-junction/no special feature,Paved,,Property Damage Only,0,0,0,0,0,0,15150,3,3,,POINT (-90.184458757079 42.006676627376)
2014832169,2014-2965,12/05/2014,12-December,6-Friday,16:35,1600 Hours,District 1 (Central),JEFFERSON,GREENE,IA 4,IA 4/N ELM ST,Collision with:  Vehicle in traffic,On Roadway,Broadside (front to side),FTYROW:  From driveway,None Indicated,,Dusk,Wet,"Fog, smoke, smog",None apparent,Non-intersection:  Driveway access (within),Paved,,Property Damage Only,0,0,0,0,0,0,2000,2,2,,POINT (-94.377432537783 42.020067459634)
2014834356,14119027,12/05/2014,12-December,6-Friday,23:30,2300 Hours,District 2 (Northeast),CEDAR FALLS,BLACK HAWK,,18TH ST,Collision with:  Vehicle in traffic,On Roadway,Rear-end (front to rear),Lost Control,Drug,,Dark - roadway not lighted,Dry,Cloudy,None apparent,Non-intersection:  Non-junction/no special feature,Paved,,Property Damage Only,0,0,0,0,0,0,8000,2,1,,POINT (-92.459416446769 42.522202560589)
2014832160,2014067913,12/05/2014,12-December,6-Friday,17:20,1700 Hours,District 5 (Southeast),,HENRY,US 34,US 34,Collision with:  Vehicle in traffic,On Roadway,Rear-end (front to rear),Crossed centerline (undivided),None Indicated,,Dark - roadway not lighted,Wet,"Fog, smoke, smog",None apparent,Non-intersection:  Non-junction/no special feature,Paved,,Minor Injury,0,1,0,1,0,0,12000,2,2,,POINT (-91.423881641556 40.922259342255)
2014854304,14-01443,12/05/2014,12-December,6-Friday,14:55,1400 Hours,District 6 (East Central),WEST BRANCH,CEDAR,,,Collision with:  Other non-fixed object (explain in narrative),Outside trafficway,Non-collision (single vehicle),Ran off road - right,None Indicated,,Daylight,Dry,Clear,None apparent,Non-intersection:  Driveway access (within),,,Minor Injury,0,1,0,1,0,0,1600,1,1,,POINT (-96.643700149993 40.233091251414)
2014848935,14-074,12/05/2014,12-December,6-Friday,08:44,0800 Hours,District 3 (Northwest),YETTER,CALHOUN,,Co Rd D46/310TH ST & Co Rd N33/FLETCHER AVE,Non-collision events:  Overturn/rollover,Roadside,Non-collision (single vehicle),Made improper turn,None Indicated,,Daylight,Dry,"Fog, smoke, smog",None apparent,Non-intersection:  Driveway access (within),Paved,,Possible/Unknown,0,1,0,0,0,1,60000,1,1,,POINT (-94.804527234082 42.339485972616)
2014833167,2014067923,12/05/2014,12-December,6-Friday,16:50,1600 Hours,District 6 (East Central),,DUBUQUE,,Co Rd Y21/BUDD RD,Non-collision events:  Overturn/rollover,On Roadway,Non-collision (single vehicle),Ran off road - left,None Indicated,,Dark - roadway not lighted,"Mud, dirt",Clear,None apparent,Non-intersection:  Non-junction/no special feature,Unpaved,,Property Damage Only,0,0,0,0,0,0,5000,1,1,,POINT (-90.815208783778 42.519811496432)
2014832381,14-6169,12/05/2014,12-December,6-Friday,17:37,1700 Hours,District 1 (Central),WEST DES MOINES,POLK,I-235,I-235,Collision with fixed object:  Concrete traffic barrier (median or right side),On Roadway,Non-collision (single vehicle),Equipment failure,None Indicated,,Dark - roadway lighted,Dry,Cloudy,None apparent,Non-intersection:  Non-junction/no special feature,Paved,,Property Damage Only,0,0,0,0,0,0,2000,1,1,,POINT (-93.749612105085 41.592302861195)
2014832227,201418099,12/05/2014,12-December,6-Friday,13:15,1300 Hours,District 6 (East Central),CEDAR RAPIDS,LINN,,KIRKWOOD BLVD SW,Collision with:  Vehicle in traffic,On Roadway,Rear-end (front to rear),Driver Distraction:  Manual operation of an electronic communication device,None Indicated,,Daylight,Dry,Cloudy,None apparent,Non-intersection:  Non-junction/no special feature,Paved,,Property Damage Only,0,0,0,0,0,0,8000,3,4,,POINT (-91.656701993233 41.92177942242)
2014833051,201418094,12/05/2014,12-December,6-Friday,11:52,1100 Hours,District 6 (East Central),CEDAR RAPIDS,LINN,,BLAIRS FERRY RD & 10TH AVE,Collision with:  Vehicle in traffic,On Roadway,"Angle, oncoming left turn",FTYROW:  Making left turn,None Indicated,,Daylight,Dry,Cloudy,None apparent,Intersection:  Four-way intersection,Paved,,Minor Injury,0,1,0,1,0,0,15000,2,2,,POINT (-91.682956347944 42.034790281233)
2014831990,20140035991,12/05/2014,12-December,6-Friday,07:52,0700 Hours,District 1 (Central),DES MOINES,POLK,IA 163,IA 163/E UNIVERSITY AVE,Collision with:  Vehicle in traffic,On Roadway,Rear-end (front to rear),Followed too close,None Indicated,,Daylight,Dry,"Fog, smoke, smog",None apparent,Non-intersection:  Non-junction/no special feature,Paved,,Major Injury,0,1,1,0,0,0,3500,3,3,,POINT (-93.574784771985 41.600479608942)
2014832226,201418077,12/05/2014,12-December,6-Friday,06:52,0600 Hours,District 6 (East Central),CEDAR RAPIDS,LINN,,29TH ST NE,Collision with:  Parked motor vehicle,On Roadway,Rear-end (front to rear),Lost Control,None Indicated,,Dark - roadway lighted,Dry,Cloudy,None apparent,Non-intersection:  Non-junction/no special feature,Paved,,Property Damage Only,0,0,0,0,0,0,15000,2,1,,POINT (-91.655533012207 42.006678615149)
2014832067,W14-118941,12/05/2014,12-December,6-Friday,17:40,1700 Hours,District 2 (Northeast),WATERLOO,BLACK HAWK,,W 3RD ST,Collision with:  Parked motor vehicle,Roadside,Unknown,Unknown,None Indicated,,Unknown,Unknown,Unknown,None apparent,Non-intersection:  Non-junction/no special feature,Paved,,Property Damage Only,0,0,0,0,0,0,1500,2,1,,POINT (-92.349724187237 42.490310381957)
2014833918,A14096,12/05/2014,12-December,6-Friday,08:00,0800 Hours,District 5 (Southeast),KNOXVILLE,MARION,IA 14,IA 14/LINCOLN ST,Collision with:  Vehicle in traffic,On Roadway,Rear-end (front to rear),Followed too close,None Indicated,,Daylight,Wet,"Fog, smoke, smog",None apparent,Non-intersection:  Non-junction/no special feature,Paved,,Property Damage Only,0,0,0,0,0,0,2000,2,2,,POINT (-93.109492506871 41.325766131972)
2014832406,C14003880,12/05/2014,12-December,6-Friday,15:20,1500 Hours,District 6 (East Central),CORALVILLE,JOHNSON,,5TH ST & 10TH AVE,Collision with:  Vehicle in traffic,On Roadway,Rear-end (front to rear),Other (explain in narrative):  Other,Refused,,Daylight,Dry,Clear,None apparent,Intersection:  Four-way intersection,Paved,,Property Damage Only,0,0,0,0,0,0,13000,2,3,,POINT (-91.578272678629 41.67485376181)
2014832354,2014-040279,12/05/2014,12-December,6-Friday,20:23,2000 Hours,District 6 (East Central),DUBUQUE,DUBUQUE,,KERPER BLVD,Collision with:  Vehicle in traffic,On Roadway,"Sideswipe, same direction",Improper or erratic lane changing,None Indicated,,Dark - roadway lighted,Wet,Cloudy,None apparent,Non-intersection:  Non-junction/no special feature,Paved,,Property Damage Only,0,0,0,0,0,0,8000,2,6,,POINT (-90.654788199047 42.51456811237)
2014832695,2014067941,12/05/2014,12-December,6-Friday,20:42,2000 Hours,District 6 (East Central),,JACKSON,,Co Rd Y31/CAVES RD,Collision with:  Animal,,,Animal,None Indicated,,,,,,,Paved,,Property Damage Only,0,0,0,0,0,0,5000,1,1,,POINT (-90.761934943184 42.112228950626)
2014833053,201418105,12/05/2014,12-December,6-Friday,13:58,1300 Hours,District 6 (East Central),CEDAR RAPIDS,LINN,IA 922,IA 922/WILLIAMS BLVD & WILSON AVE SW,Collision with:  Vehicle in traffic,On Roadway,"Angle, oncoming left turn",Lost Control,None Indicated,,Daylight,Dry,Cloudy,None apparent,Non-intersection:  Non-junction/no special feature,Paved,,Possible/Unknown,0,1,0,0,1,0,5500,2,3,,POINT (-91.717878431936 41.956802754508)
2014832134,20144476,12/05/2014,12-December,6-Friday,17:15,1700 Hours,District 1 (Central),,GRUNDY,,Co Rd D19/160TH ST,Collision with:  Animal,,,Animal,None Indicated,,,,,,,Paved,,Property Damage Only,0,0,0,0,0,0,2000,1,1,,POINT (-92.657663490954 42.469831609049)
2014832930,14-014755,12/05/2014,12-December,6-Friday,15:26,1500 Hours,District 1 (Central),,TAMA,US 63,US 63 & 160TH ST,Collision with:  Animal,,,Animal,None Indicated,,,,,,,Paved,,Property Damage Only,0,0,0,0,0,0,3000,1,1,,POINT (-92.465802047281 42.210442921429)
2014832401,CL14004253,12/05/2014,12-December,6-Friday,20:19,2000 Hours,District 6 (East Central),CLINTON,CLINTON,,FAYETTE ST,Collision with:  Vehicle in traffic,On Roadway,"Sideswipe, opposite direction",Other (explain in narrative):  Other,None Indicated,,Dark - roadway not lighted,Dry,Clear,None apparent,Non-intersection:  Non-junction/no special feature,Paved,,Property Damage Only,0,0,0,0,0,0,3800,2,1,,POINT (-90.197394165467 41.846909647683)
2014832236,14-39831,12/05/2014,12-December,6-Friday,18:18,1800 Hours,District 3 (Northwest),SIOUX CITY,WOODBURY,,SERGEANT RD & S LAKEPORT ST,Collision with:  Vehicle in traffic,On Roadway,"Angle, oncoming left turn",FTYROW:  Making left turn,None Indicated,,Dark - roadway lighted,Wet,Cloudy,None apparent,Intersection:  Four-way intersection,Paved,,Minor Injury,0,2,0,2,0,0,10000,2,2,,POINT (-96.346442249789 42.447337096361)
2014832162,2014067945,12/05/2014,12-December,6-Friday,19:00,1900 Hours,District 5 (Southeast),,HENRY,US 34,US 34,Unknown,On Roadway,Non-collision (single vehicle),Unknown,None Indicated,,Dark - roadway not lighted,Wet,"Fog, smoke, smog",None apparent,Unknown,Paved,,Minor Injury,0,1,0,1,0,0,3000,1,1,,POINT (-91.489880202613 40.949175512965)
2014833711,,12/05/2014,12-December,6-Friday,08:00,0800 Hours,District 6 (East Central),MARENGO,IOWA,,MAY ST & FRANKLIN AVE,Collision with:  Vehicle in traffic,On Roadway,Broadside (front to side),FTYROW:  At uncontrolled intersection,None Indicated,,Daylight,Dry,"Fog, smoke, smog",None apparent,Intersection:  Four-way intersection,Paved,,Property Damage Only,0,0,0,0,0,0,5000,2,2,,POINT (-92.071376625375 41.801760247752)
2014834137,G39120514A,12/05/2014,12-December,6-Friday,10:53,1000 Hours,District 4 (Southwest),GUTHRIE CENTER,GUTHRIE,IA 25,IA 25/S 5TH ST & PRAIRIE ST,Collision with:  Vehicle in traffic,On Roadway,Broadside (front to side),FTYROW:  From stop sign,None Indicated,,Daylight,Wet,Cloudy,None apparent,Intersection:  Four-way intersection,Paved,,Possible/Unknown,0,1,0,0,1,0,11000,2,2,,POINT (-94.50237031194 41.676304587818)