Iowa DOT Case Number,Law Enforcement Case Number,Date of Crash,Month of Crash,Day of Week,Time of Crash,Hour,DOT District,City Name,County Name,Route with System,Location Description,First Harmful Event,Location of First Harmful Event,Manner of Crash/Collision,Major Cause,Drug or Alcohol ,Environmental Conditions,Light Conditions,Surface Conditions,Weather Conditions,Roadway Contribution,Roadway Type,Roadway Surface,Work Zone,Crash Severity,Number of Fatalities,Number of Injuries,Number of Major Injuries,Number of Minor Injuries,Number of Possible Injuries,Number of Unknown Injuries,Amount of Property Damage,Number of Vehicles Involved,Total Number of Occupants,Travel Direction,Location
2014831971,20140035979,12/05/2014,12-December,6-Friday,01:30,0100 Hours,District 1 (Central),DES MOINES,POLK,,WALNUT ST & 2ND AVE,Collision with:  Vehicle in traffic,On Roadway,Rear-end (front to rear),Unknown,None Indicated,,Dark - roadway lighted,Dry,Cloudy,None apparent,Non-intersection:  Non-junction/no special feature,Paved,,Property Damage Only,0,0,0,0,0,0,1500,2,2,,POINT (-93.619678653994 41.586924677258)
2014834179,2014067709,12/05/2014,12-December,6-Friday,07:18,0700 Hours,District 2 (Northeast),CEDAR FALLS,BLACK HAWK,IA 27,IA 27 & W VIKING RD & E VIKING RD,Collision with:  Vehicle in traffic,On Roadway,"Angle, oncoming left turn",FTYROW:  Making left turn,None Indicated,,Dawn,Wet,Cloudy,None apparent,Intersection:  Four-way intersection,Paved,,Property Damage Only,0,0,0,0,0,0,6500,2,2,,POINT (-92.445704096001 42.484033358727)
2014831987,149450,12/05/2014,12-December,6-Friday,07:06,0700 Hours,District 4 (Southwest),,DALLAS,US 169,US 169/N AVE,Collision with:  Animal,,,Animal,None Indicated,,,,,,,Paved,,Property Damage Only,0,0,0,0,0,0,1500,1,1,,POINT (-94.012773747388 41.503420236523)
2014832159,2014067711,12/05/2014,12-December,6-Friday,07:10,0700 Hours,District 3 (Northwest),,CLAY,US 71,US 71,Collision with fixed object:  Ditch,Shoulder,Non-collision (single vehicle),Swerving/Evasive Action,None Indicated,,Dawn,Other (explain in narrative),"Fog, smoke, smog","Surface condition (e.g., wet, icy)",Non-intersection:  Non-junction/no special feature,Paved,,Property Damage Only,0,0,0,0,0,0,10000,1,2,,POINT (-95.150566036501 43.204249546151)
2014832199,14-005271,12/05/2014,12-December,6-Friday,19:30,1900 Hours,District 1 (Central),ANKENY,POLK,US 69,US 69/N ANKENY BLVD,Collision with:  Vehicle in traffic,On Roadway,"Sideswipe, same direction",FTYROW:  Other (explain in narrative),None Indicated,,Dark - roadway lighted,Dry,Cloudy,None apparent,Non-intersection:  Non-junction/no special feature,Paved,,Property Damage Only,0,0,0,0,0,0,2500,2,3,,POINT (-93.600337474142 41.738068031277)
2014831824,14183259,12/05/2014,12-December,6-Friday,07:49,0700 Hours,District 6 (East Central),,JOHNSON,IA 1,IA 1/IOWA 1 & Co Rd F8W/MORSE RD,Collision with:  Vehicle in traffic,On Roadway,Broadside (front to side),Ran Stop Sign,None Indicated,,Daylight,Wet,"Fog, smoke, smog",None apparent,Intersection:  Four-way intersection,Paved,,Property Damage Only,0,0,0,0,0,0,8000,2,4,,POINT (-91.473923472194 41.738445040602)
2014833052,201418096,12/05/2014,12-December,6-Friday,12:30,1200 Hours,District 6 (East Central),CEDAR RAPIDS,LINN,IA 922,IA 922/WILLIAMS BLVD & WILSON AVE SW,Collision with:  Vehicle in traffic,On Roadway,"Angle, oncoming left turn",FTYROW:  Making left turn,None Indicated,,Daylight,Dry,Cloudy,None apparent,Intersection:  Four-way intersection,Paved,,Property Damage Only,0,0,0,0,0,0,4000,2,5,,POINT (-91.717878431936 41.956802754508)
2014832121,14-005262,12/05/2014,12-December,6-Friday,11:17,1100 Hours,District 1 (Central),ANKENY,POLK,IA 160,IA 160/SW ORALABOR RD,Collision with:  Vehicle in traffic,On Roadway,"Sideswipe, same direction",Crossed centerline (undivided),None Indicated,,Daylight,Dry,Cloudy,None apparent,Intersection:  Four-way intersection,Paved,,Property Damage Only,0,0,0,0,0,0,3000,2,2,,POINT (-93.612810808304 41.70294675468)
2014832323,14-2713,12/05/2014,12-December,6-Friday,15:50,1500 Hours,District 1 (Central),URBANDALE,POLK,,DOUGLAS AVE & 70TH ST,Collision with:  Vehicle in traffic,On Roadway,Broadside (front to side),Ran Stop Sign,None Indicated,,Daylight,Dry,Cloudy,None apparent,Intersection:  Four-way intersection,Paved,,Possible/Unknown,0,1,0,0,1,0,6000,2,2,,POINT (-93.712261120542 41.629379763447)
2014854632,2014067942,12/05/2014,12-December,6-Friday,20:07,2000 Hours,District 1 (Central),,JASPER,,Co Rd S52/W 76TH ST N,Collision with fixed object:  Ditch,On Roadway,Non-collision (single vehicle),Ran off road - right,Alcohol (Statutory),,Dark - roadway not lighted,"Mud, dirt","Fog, smoke, smog",None apparent,Non-intersection:  Non-junction/no special feature,Unpaved,,Minor Injury,0,1,0,1,0,0,10500,1,1,,POINT (-93.173675034514 41.841473224278)
2014832830,,12/05/2014,12-December,6-Friday,18:50,1800 Hours,District 6 (East Central),CEDAR RAPIDS,LINN,,C AVE NE & 15TH ST NE,Collision with:  Vehicle in traffic,On Roadway,Broadside (front to side),Unknown,None Indicated,,Dark - roadway not lighted,Dry,Cloudy,,Intersection:  Four-way intersection,Paved,,Property Damage Only,0,0,0,0,0,0,7000,2,2,,POINT (-91.654927067197 41.9907301786)
2014832430,,12/05/2014,12-December,6-Friday,22:13,2200 Hours,District 5 (Southeast),,LUCAS,,160TH AVE & 492ND LN,Collision with:  Animal,On Roadway,Non-collision (single vehicle),Animal,None Indicated,,Dark - roadway not lighted,"Mud, dirt","Fog, smoke, smog",None apparent,Non-intersection:  Non-junction/no special feature,Unpaved,,Possible/Unknown,0,1,0,0,1,0,5001,1,1,,POINT (-93.442074662576 41.032391941725)
2014832310,14-2315,12/05/2014,12-December,6-Friday,23:50,2300 Hours,District 1 (Central),,POLK,IA 415,IA 415/NW POLK CITY DR,Collision with:  Animal,On Roadway,Non-collision (single vehicle),Animal,None Indicated,,Dark - roadway not lighted,Wet,Rain,None apparent,Non-intersection:  Non-junction/no special feature,Paved,,Property Damage Only,0,0,0,0,0,0,1500,1,2,,POINT (-93.684188979556 41.751479112296)
2014832505,2014-83207,12/05/2014,12-December,6-Friday,09:12,0900 Hours,District 6 (East Central),DAVENPORT,SCOTT,,E LOCUST ST,Collision with:  Vehicle in traffic,On Roadway,Rear-end (front to rear),Followed too close,None Indicated,,Daylight,Dry,"Fog, smoke, smog",None apparent,Non-intersection:  Non-junction/no special feature,Paved,,Property Damage Only,0,0,0,0,0,0,1600,2,3,,POINT (-90.522922892551 41.538532651381)
2014832374,20140036063,12/05/2014,12-December,6-Friday,19:57,1900 Hours,District 1 (Central),DES MOINES,POLK,,CLARK ST & MLK JR PKWY,Collision with:  Vehicle in traffic,On Roadway,Head-on (front to front),FTYROW:  Making left turn,Alcohol (Statutory),,Dark - roadway lighted,Wet,"Fog, smoke, smog","Surface condition (e.g., wet, icy)",Intersection:  T-intersection,Paved,,Property Damage Only,0,0,0,0,0,0,10000,2,2,,POINT (-93.643898076786 41.60591394639)
2014832068,W14-118762,12/05/2014,12-December,6-Friday,23:00,2300 Hours,District 2 (Northeast),WATERLOO,BLACK HAWK,,W 2ND ST,Collision with:  Parked motor vehicle,Roadside,"Sideswipe, same direction",Unknown,None Indicated,,Dark - roadway not lighted,Dry,Cloudy,Unknown,Non-intersection:  Non-junction/no special feature,Paved,,Property Damage Only,0,0,0,0,0,0,5000,2,1,,POINT (-92.348040278686 42.493101632415)
2014832504,2014-83194,12/05/2014,12-December,6-Friday,08:10,0800 Hours,District 6 (East Central),DAVENPORT,SCOTT,,HAMILTON DR,Collision with:  Vehicle in traffic,On Roadway,Broadside (front to side),FTYROW:  From yield sign,None Indicated,,Daylight,Dry,"Fog, smoke, smog",None apparent,Intersection:  Four-way intersection,Paved,,Property Damage Only,0,0,0,0,0,0,9000,2,4,,POINT (-90.508205104176 41.569358388327)
2014833183,S14-118913,12/05/2014,12-December,6-Friday,16:07,1600 Hours,District 2 (Northeast),,BLACK HAWK,US 218,US 218 & RIPPLE RD,Collision with:  Animal,,,Animal,None Indicated,,,,,,,Paved,,Property Damage Only,0,0,0,0,0,0,3000,1,1,,POINT (-92.23681197898 42.366106909413)
2014831900,14017010,12/05/2014,12-December,6-Friday,07:06,0700 Hours,District 5 (Southeast),,APPANOOSE,IA 2,IA 2/IOWA 2,Collision with:  Animal,,,Animal,None Indicated,,,,,,,Paved,,Property Damage Only,0,0,0,0,0,0,3000,1,1,,POINT (-92.950966401835 40.739401788461)
2014832895,14-010751,12/05/2014,12-December,6-Friday,02:10,0200 Hours,District 4 (Southwest),,CASS,,620TH ST,Collision with:  Other non-fixed object (explain in narrative),On Roadway,Non-collision (single vehicle),Driving too fast for conditions,None Indicated,,Dark - roadway not lighted,"Mud, dirt","Fog, smoke, smog",None apparent,Non-intersection:  Driveway access (within),Unpaved,,Property Damage Only,0,0,0,0,0,0,5500,1,2,,POINT (-95.003564414652 41.370156551113)
2014831892,C14003878,12/05/2014,12-December,6-Friday,12:14,1200 Hours,District 6 (East Central),CORALVILLE,JOHNSON,,CORAL RIDGE AVE,Collision with:  Vehicle in traffic,On Roadway,Rear-end (front to rear),Followed too close,None Indicated,,Daylight,Dry,Cloudy,Work Zone (roadway-related),Non-intersection:  Non-junction/no special feature,Paved,Yes,Possible/Unknown,0,1,0,0,1,0,3200,2,3,,POINT (-91.608150365355 41.706040948972)
2014831889,147106,12/05/2014,12-December,6-Friday,01:45,0100 Hours,District 1 (Central),,HARDIN,,Co Rd S62/CO HWY S62,Collision with:  Animal,,,Animal,None Indicated,,,,,,,Paved,,Property Damage Only,0,0,0,0,0,0,2000,1,1,,POINT (-93.098737957318 42.313369909203)
2014831890,20140035990,12/05/2014,12-December,6-Friday,07:40,0700 Hours,District 1 (Central),DES MOINES,POLK,,DOUGLAS AVE & 59TH ST,Collision with:  Vehicle in traffic,On Roadway,"Sideswipe, opposite direction",Other (explain in narrative):  Other,None Indicated,,Daylight,Dry,Cloudy,None apparent,Intersection:  Four-way intersection,Paved,,Property Damage Only,0,0,0,0,0,0,7000,2,2,,POINT (-93.699367800425 41.629404888004)
2014832885,14-017621,12/05/2014,12-December,6-Friday,20:47,2000 Hours,District 2 (Northeast),,FAYETTE,US 18,US 18/HARDING RD,Collision with:  Animal,,,Animal,None Indicated,,,,,,,Paved,,Property Damage Only,0,0,0,0,0,0,6000,1,1,,POINT (-91.686353321935 42.991274207725)
2014832372,20140036059,12/05/2014,12-December,6-Friday,19:06,1900 Hours,District 1 (Central),DES MOINES,POLK,,INGERSOLL AVE,Collision with:  Vehicle in traffic,On Roadway,Broadside (front to side),FTYROW:  Making left turn,None Indicated,,Dark - roadway lighted,Dry,Cloudy,None apparent,Non-intersection:  Driveway access (within),Paved,,Minor Injury,0,2,0,2,0,0,6000,2,5,,POINT (-93.653750701669 41.585691144764)
2014832591,14-14026,12/05/2014,12-December,6-Friday,08:00,0800 Hours,District 3 (Northwest),,SIOUX,,Co Rd B40/390TH ST,Collision with fixed object:  Ditch,On Roadway,Non-collision (single vehicle),Driving too fast for conditions,None Indicated,,Daylight,Ice/frost,"Fog, smoke, smog","Surface condition (e.g., wet, icy)",Non-intersection:  Non-junction/no special feature,Paved,,Property Damage Only,0,0,0,0,0,0,2500,1,1,,POINT (-96.204943988431 43.084201403787)
2014835291,14228,12/05/2014,12-December,6-Friday,16:43,1600 Hours,District 5 (Southeast),PELLA,MARION,,FRANKLIN ST & MAIN ST,Collision with:  Vehicle in traffic,On Roadway,Rear-end (front to rear),Driver Distraction:  Passenger,None Indicated,,Dusk,Dry,Cloudy,None apparent,Non-intersection:  Non-junction/no special feature,Paved,,Property Damage Only,0,0,0,0,0,0,5750,3,6,,POINT (-92.916465704158 41.406712743351)
2014831891,20140036019,12/05/2014,12-December,6-Friday,11:30,1100 Hours,District 1 (Central),DES MOINES,POLK,,URBANDALE AVE & 50TH ST,Collision with:  Vehicle in traffic,On Roadway,"Angle, oncoming left turn",Unknown,None Indicated,,Daylight,Dry,Cloudy,None apparent,Intersection:  Four-way intersection,Paved,,Property Damage Only,0,0,0,0,0,0,3000,2,2,,POINT (-93.68761005245 41.622189013933)
2014832587,120514A,12/05/2014,12-December,6-Friday,22:52,2200 Hours,District 4 (Southwest),,FREMONT,,Co Rd J24/160 ST,Collision with:  Animal,,,Animal,None Indicated,,,,,,,Paved,,Property Damage Only,0,0,0,0,0,0,3000,1,1,,POINT (-95.739221291349 40.819784784645)
2014831821,W14-118753,12/05/2014,12-December,6-Friday,08:39,0800 Hours,District 2 (Northeast),WATERLOO,BLACK HAWK,,W PARK LN & KIMBALL AVE,Collision with:  Vehicle in traffic,On Roadway,Rear-end (front to rear),Other (explain in narrative):  Other,None Indicated,,Daylight,Wet,Cloudy,Work Zone (roadway-related),Intersection:  Four-way intersection,Paved,Yes,Possible/Unknown,0,3,0,0,3,0,2500,2,5,,POINT (-92.356933378496 42.46601721727)
2014833016,14-005723,12/05/2014,12-December,6-Friday,17:52,1700 Hours,District 1 (Central),AMES,STORY,,UNIVERSITY BLVD & S 4TH ST,Collision with:  Vehicle in traffic,On Roadway,"Angle, oncoming left turn",FTYROW:  Making left turn,None Indicated,,Dark - roadway lighted,Dry,Cloudy,None apparent,Intersection:  Four-way intersection,Paved,,Possible/Unknown,0,1,0,0,1,0,14000,2,2,,POINT (-93.632283833913 42.016287872545)
2014832099,14-001438,12/05/2014,12-December,6-Friday,07:55,0700 Hours,District 1 (Central),,STORY,,150TH ST & 550TH AVE,Collision with fixed object:  Ditch,On Roadway,Non-collision (single vehicle),Swerving/Evasive Action,None Indicated,,Dawn,"Mud, dirt","Fog, smoke, smog",None apparent,Non-intersection:  Non-junction/no special feature,Unpaved,,Possible/Unknown,0,1,0,0,1,0,2000,1,1,,POINT (-93.601006973993 42.137196973685)
2014832282,14-051068,12/05/2014,12-December,6-Friday,19:14,1900 Hours,District 4 (Southwest),COUNCIL BLUFFS,POTTAWATTAMIE,I-29,I-29,Collision with:  Vehicle in traffic,On Roadway,"Sideswipe, same direction",Improper or erratic lane changing,None Indicated,,Dark - roadway lighted,Dry,"Fog, smoke, smog",None apparent,Non-intersection:  Non-junction/no special feature,Paved,,Property Damage Only,0,0,0,0,0,0,1500,2,3,,POINT (-95.894464200402 41.233086893262)
2014831816,,12/05/2014,12-December,6-Friday,07:35,0700 Hours,District 6 (East Central),MARENGO,IOWA,US 6,US 6 & COURT AVE,Collision with:  Animal,On Roadway,Non-collision (single vehicle),Animal,None Indicated,,Daylight,Dry,"Fog, smoke, smog",None apparent,Non-intersection:  Non-junction/no special feature,Paved,,Property Damage Only,0,0,0,0,0,0,1900,1,1,,POINT (-92.069447549245 41.789495314737)
2014832197,14118731,12/05/2014,12-December,6-Friday,00:00,0000 Hours,District 2 (Northeast),CEDAR FALLS,BLACK HAWK,,CARLTON DR,Collision with:  Parked motor vehicle,On Roadway,"Sideswipe, same direction",Unknown,None Indicated,,Dark - roadway not lighted,Unknown,Unknown,Unknown,Non-intersection:  Non-junction/no special feature,Paved,,Property Damage Only,0,0,0,0,0,0,2000,2,1,,POINT (-92.429903060778 42.506335382424)
2014831894,CL14004244,12/05/2014,12-December,6-Friday,04:30,0400 Hours,District 6 (East Central),CLINTON,CLINTON,,17TH AVE N,Collision with fixed object:  Guardrail - face,On Roadway,Head-on (front to front),"Operating vehicle in an reckless, erratic, careless, negligent manner",Alcohol (Statutory),,Dark - roadway lighted,Dry,"Fog, smoke, smog",None apparent,Intersection:  Four-way intersection,Paved,,Property Damage Only,0,0,0,0,0,0,15600,2,1,,POINT (-90.185641927241 41.864138121126)
2014832408,14004480,12/05/2014,12-December,6-Friday,22:42,2200 Hours,District 6 (East Central),,LINN,,Co Rd W6E/NORTH CENTER POINT RD & HAGERMAN RD,Collision with:  Animal,,,Animal,None Indicated,,,,,,,Paved,,Property Damage Only,0,0,0,0,0,0,2000,1,1,,POINT (-91.711108667858 42.124803712315)
2014834108,,12/05/2014,12-December,6-Friday,17:39,1700 Hours,District 6 (East Central),BELLEVUE,JACKSON,US 52,US 52/GREAT RIVER RD & 395 AVE,Collision with:  Vehicle in traffic,On Roadway,"Sideswipe, opposite direction",Crossed centerline (undivided),None Indicated,,Dark - roadway lighted,Dry,Clear,None apparent,Intersection:  T-intersection,Paved,,Property Damage Only,0,0,0,0,0,0,3400,2,3,,POINT (-90.438711376214 42.29261725383)
2014834352,1400001083,12/05/2014,12-December,6-Friday,07:09,0700 Hours,District 1 (Central),,MARSHALL,IA 14,IA 14/REED AVE,Collision with:  Animal,,,Animal,None Indicated,,,,,,,Paved,,Property Damage Only,0,0,0,0,0,0,3500,1,1,,POINT (-92.916806170254 41.934281833055)
2014832370,20140036048,12/05/2014,12-December,6-Friday,17:07,1700 Hours,District 1 (Central),DES MOINES,POLK,US 69,US 69/SE 14TH ST,Collision with:  Vehicle in traffic,On Roadway,Rear-end (front to rear),Followed too close,None Indicated,,Dark - roadway lighted,Dry,Cloudy,None apparent,Non-intersection:  Non-junction/no special feature,Paved,,Possible/Unknown,0,1,0,0,1,0,11500,3,5,,POINT (-93.596755287346 41.529957660704)
2014832198,2014013536,12/06/2014,12-December,7-Saturday,11:43,1100 Hours,District 6 (East Central),IOWA CITY,JOHNSON,IA 1,IA 1/GOVERNOR ST & E COLLEGE ST,Collision with:  Vehicle in traffic,On Roadway,Broadside (front to side),Ran Stop Sign,None Indicated,,Daylight,Dry,Clear,None apparent,Intersection:  Four-way intersection,Paved,,Property Damage Only,0,0,0,0,0,0,6500,2,2,,POINT (-91.522859944605 41.65888822061)
2014835124,2014-83424,12/06/2014,12-December,7-Saturday,10:37,1000 Hours,District 6 (East Central),DAVENPORT,SCOTT,,W 10TH ST,Collision with:  Vehicle in traffic,On Roadway,Broadside (front to side),FTYROW:  From parked position,None Indicated,,Daylight,Dry,Clear,None apparent,Non-intersection:  Other non-intersection (explain in narrative),Unpaved,,Property Damage Only,0,0,0,0,0,0,2000,2,2,,POINT (-90.591245646462 41.529924741093)
2014833623,14-029569,12/06/2014,12-December,7-Saturday,17:58,1700 Hours,District 5 (Southeast),,MARION,IA 5,IA 5/IOWA 5,Collision with:  Animal,,,Animal,None Indicated,,,,,,,Paved,,Property Damage Only,0,0,0,0,0,0,5000,1,1,,POINT (-93.244069389888 41.348880375913)
2014832252,20140036100,12/06/2014,12-December,7-Saturday,04:55,0400 Hours,District 1 (Central),DES MOINES,POLK,,KIRKWOOD AVE & SW 9TH ST,Collision with:  Vehicle in traffic,On Roadway,Rear-end (front to rear),Followed too close,Alcohol (Statutory),,Dark - roadway lighted,Wet,"Fog, smoke, smog",None apparent,Non-intersection:  Non-junction/no special feature,Paved,,Property Damage Only,0,0,0,0,0,0,2000,2,2,,POINT (-93.623894006707 41.564933147863)
2014832433,,12/06/2014,12-December,7-Saturday,10:00,1000 Hours,District 4 (Southwest),,ADAIR,,Co Rd P33/CHERRY ST RD,,On Roadway,Non-collision (single vehicle),Swerving/Evasive Action,None Indicated,,Daylight,Dry,Cloudy,None apparent,Non-intersection:  Non-junction/no special feature,Paved,,Property Damage Only,0,0,0,0,0,0,5300,1,2,,POINT (-96.643700149993 40.233091251414)
2014847001,120614-254,12/06/2014,12-December,7-Saturday,23:11,2300 Hours,District 3 (Northwest),ALTA,BUENA VISTA,,W 2ND ST & BENSON ST,Collision with fixed object:  Tree,On Roadway,Non-collision (single vehicle),Ran off road - right,Alcohol (Statutory),,Dark - roadway not lighted,Dry,Cloudy,None apparent,Intersection:  T-intersection,Paved,,Minor Injury,0,1,0,1,0,0,5000,1,2,,POINT (-95.310451132886 42.673620324554)
2014832699,2014067998,12/06/2014,12-December,7-Saturday,12:08,1200 Hours,District 2 (Northeast),,WINNESHIEK,,Co Rd B32/CO RD B32,Collision with fixed object:  Ditch,On Roadway,Non-collision (single vehicle),Lost Control,None Indicated,,Daylight,Dry,Clear,None apparent,Non-intersection:  Non-junction/no special feature,Paved,,Property Damage Only,0,0,0,0,0,0,3000,1,3,,POINT (-91.79244840554 43.147037991172)
2014832607,14119241,12/06/2014,12-December,7-Saturday,17:15,1700 Hours,District 2 (Northeast),CEDAR FALLS,BLACK HAWK,,UNIVERSITY AVE & CEDAR HEIGHTS DR,Collision with:  Vehicle in traffic,On Roadway,"Angle, oncoming left turn",Unknown,None Indicated,,Dark - roadway lighted,Dry,Cloudy,None apparent,Intersection:  Four-way intersection,Paved,,Property Damage Only,0,0,0,0,0,0,5500,2,2,,POINT (-92.411240261387 42.506727339064)
2014832356,2014-040284,12/06/2014,12-December,7-Saturday,03:00,0300 Hours,District 6 (East Central),DUBUQUE,DUBUQUE,,MINERAL ST,Collision with:  Vehicle in traffic,On Roadway,Rear-end (front to rear),Lost Control,None Indicated,,Dark - roadway lighted,Dry,Clear,None apparent,Non-intersection:  Non-junction/no special feature,Paved,,Property Damage Only,0,0,0,0,0,0,5000,2,1,,POINT (-90.698934808751 42.496399432549)
2014833724,20140036139,12/06/2014,12-December,7-Saturday,14:55,1400 Hours,District 1 (Central),DES MOINES,POLK,US 69,US 69/SE 14TH ST,Collision with:  Vehicle in traffic,On Roadway,Broadside (front to side),FTYROW:  From stop sign,None Indicated,,Daylight,Dry,Clear,None apparent,Intersection:  T-intersection,Paved,,Possible/Unknown,0,1,0,0,1,0,13500,2,4,,POINT (-93.596790137622 41.527228252614)
2014832098,S14-007179,12/06/2014,12-December,7-Saturday,18:01,1800 Hours,District 3 (Northwest),CALUMET,OBRIEN,,Co Rd B60/485TH ST & 2ND ST,Collision with fixed object:  Bridge overhead structure,Shoulder,Non-collision (single vehicle),Crossed centerline (undivided),None Indicated,,Dark - roadway lighted,Dry,Clear,None apparent,Non-intersection:  Other non-intersection (explain in narrative),Paved,,Minor Injury,0,1,0,1,0,0,10000,1,1,,POINT (-95.547279725229 42.946390880753)
2014832620,2014-014206,12/06/2014,12-December,7-Saturday,18:23,1800 Hours,District 6 (East Central),,DUBUQUE,IA 136,IA 136/IOWA 136,Collision with:  Animal,,,Animal,None Indicated,,,,,,,Paved,,Property Damage Only,0,0,0,0,0,0,2000,1,1,,POINT (-91.120814208018 42.417823969715)
2014833584,RJT12061401,12/06/2014,12-December,7-Saturday,12:10,1200 Hours,District 5 (Southeast),OSCEOLA,CLARKE,,E PEARL ST,Collision with:  Parked motor vehicle,On Roadway,"Sideswipe, same direction",Other (explain in narrative):  Other,None Indicated,,Daylight,Dry,Cloudy,None apparent,Non-intersection:  Non-junction/no special feature,Paved,,Property Damage Only,0,0,0,0,0,0,2500,2,2,,POINT (-93.762346167803 41.027592685164)
2014832312,2014013545,12/06/2014,12-December,7-Saturday,17:35,1700 Hours,District 6 (East Central),IOWA CITY,JOHNSON,,E JEFFERSON ST & N LINN ST,Collision with:  Vehicle in traffic,On Roadway,Rear-end (front to rear),Followed too close,None Indicated,,Dark - roadway not lighted,Dry,Clear,None apparent,Intersection:  T-intersection,Paved,,Property Damage Only,0,0,0,0,0,0,4000,2,3,,POINT (-91.531594598465 41.662449787295)
2014832542,S14-12778,12/06/2014,12-December,7-Saturday,07:46,0700 Hours,District 3 (Northwest),,WOODBURY,IA 31,IA 31/HWY 31,Collision with:  Animal,,Non-collision (single vehicle),Animal,None Indicated,,,,,,,Paved,,Property Damage Only,0,0,0,0,0,0,5000,1,1,,POINT (-95.799607209862 42.469197661432)
2014832468,14C05349,12/06/2014,12-December,7-Saturday,13:10,1300 Hours,District 4 (Southwest),CRESTON,UNION,,W HOWARD ST & N ELM ST,Collision with:  Vehicle in traffic,On Roadway,Broadside (front to side),FTYROW:  From stop sign,None Indicated,,Daylight,Dry,Cloudy,None apparent,Intersection:  Four-way intersection,Paved,,Possible/Unknown,0,2,0,0,2,0,6500,2,4,,POINT (-94.363913612667 41.060948119872)
2014832507,2014-83426,12/06/2014,12-December,7-Saturday,11:11,1100 Hours,District 6 (East Central),DAVENPORT,SCOTT,,W 63RD ST & N PINE ST,Collision with:  Vehicle in traffic,On Roadway,"Angle, oncoming left turn",FTYROW:  Making left turn,None Indicated,,Daylight,Dry,Clear,None apparent,Intersection:  Four-way intersection,Paved,,Property Damage Only,0,0,0,0,0,0,17000,2,2,,POINT (-90.609904807429 41.585937864802)
2014834915,2014-040288,12/06/2014,12-December,7-Saturday,12:15,1200 Hours,District 6 (East Central),DUBUQUE,DUBUQUE,,LORAS BLVD & LOCUST ST S,Collision with:  Vehicle in traffic,On Roadway,Broadside (front to side),Ran Traffic Signal,None Indicated,,Daylight,Dry,Clear,None apparent,Intersection:  Four-way intersection,Paved,,Property Damage Only,0,0,0,0,0,0,3500,2,2,,POINT (-90.670925329973 42.505486942209)
2014832412,201400004484,12/06/2014,12-December,7-Saturday,04:51,0400 Hours,District 6 (East Central),,LINN,IA 100,IA 100/COLLINS RD SE & BANNER DR,Collision with:  Animal,,,Animal,None Indicated,,,,,,,Paved,,Property Damage Only,0,0,0,0,0,0,2500,1,1,,POINT (-91.556122527631 42.020205405523)
2014836823,,12/06/2014,12-December,7-Saturday,07:48,0700 Hours,District 2 (Northeast),DECORAH,WINNESHIEK,IA 9,IA 9/IOWA 9,Collision with:  Animal,On Roadway,Non-collision (single vehicle),Animal,None Indicated,,Daylight,Dry,Clear,None apparent,Non-intersection:  Non-junction/no special feature,Paved,,Property Damage Only,0,0,0,0,0,0,2500,1,1,,POINT (-91.751898148232 43.287272826843)
2014832135,20144482,12/06/2014,12-December,7-Saturday,17:45,1700 Hours,District 1 (Central),DIKE,GRUNDY,,Co Rd D19/160TH ST,Collision with:  Animal,,,Animal,None Indicated,,,,,,,Paved,,Property Damage Only,0,0,0,0,0,0,7000,1,1,,POINT (-92.640511811505 42.469761085589)
2014832697,2014067983,12/06/2014,12-December,7-Saturday,07:20,0700 Hours,District 3 (Northwest),,CARROLL,,KITTYHAWK AVE,Collision with fixed object:  Ditch,Shoulder,Non-collision (single vehicle),Ran off road - right,Alcohol (Statutory),,Dawn,Dry,"Fog, smoke, smog",None apparent,Non-intersection:  Non-junction/no special feature,Unpaved,,Fatal,1,0,0,0,0,0,8000,1,1,,POINT (-94.898832731171 41.942673604283)
2014832704,2014068049,12/06/2014,12-December,7-Saturday,20:55,2000 Hours,District 6 (East Central),,LINN,I-380,I-380,Collision with:  Animal,,,Animal,None Indicated,,,,,,,Paved,,Property Damage Only,0,0,0,0,0,0,10000,1,1,,POINT (-91.765900789584 42.162818060341)
2014832237,14-39874,12/06/2014,12-December,7-Saturday,01:51,0100 Hours,District 3 (Northwest),SIOUX CITY,WOODBURY,,PARKVIEW BLVD,Collision with:  Parked motor vehicle,On Roadway,"Sideswipe, opposite direction","Operating vehicle in an reckless, erratic, careless, negligent manner",Alcohol (Statutory),,Dark - roadway lighted,Dry,Clear,None apparent,Non-intersection:  Non-junction/no special feature,Paved,,Property Damage Only,0,0,0,0,0,0,9000,3,1,,POINT (-96.363186869165 42.505925211997)
2014832306,14050469,12/06/2014,12-December,7-Saturday,18:55,1800 Hours,District 5 (Southeast),,MUSCATINE,US 61,US 61,Collision with:  Animal,On Roadway,Non-collision (single vehicle),Animal,None Indicated,,Dark - roadway not lighted,Dry,Clear,None apparent,Non-intersection:  Non-junction/no special feature,Paved,,Property Damage Only,0,0,0,0,0,0,10000,1,1,,POINT (-90.928101683534 41.506777279163)
2014832278,2014067986,12/06/2014,12-December,7-Saturday,08:23,0800 Hours,District 5 (Southeast),,MARION,IA 5,IA 5/IOWA 5,Collision with fixed object:  Ditch,Shoulder,Non-collision (single vehicle),Swerving/Evasive Action,None Indicated,,Daylight,Dry,Cloudy,None apparent,Non-intersection:  Non-junction/no special feature,Paved,,Minor Injury,0,1,0,1,0,0,2500,1,1,,POINT (-93.31796014744 41.431002486144)
2014832458,14-39960,12/06/2014,12-December,7-Saturday,22:25,2200 Hours,District 3 (Northwest),SIOUX CITY,WOODBURY,,7TH ST,Collision with fixed object:  Utility pole/light support,On Roadway,Non-collision (single vehicle),Ran off road - right,None Indicated,,Dark - roadway lighted,Dry,Clear,None apparent,Non-intersection:  Non-junction/no special feature,Paved,,Property Damage Only,0,0,0,0,0,0,5000,1,1,,POINT (-96.369281170218 42.49749787931)