Iowa DOT Case Number,Law Enforcement Case Number,Date of Crash,Month of Crash,Day of Week,Time of Crash,Hour,DOT District,City Name,County Name,Route with System,Location Description,First Harmful Event,Location of First Harmful Event,Manner of Crash/Collision,Major Cause,Drug or Alcohol ,Environmental Conditions,Light Conditions,Surface Conditions,Weather Conditions,Roadway Contribution,Roadway Type,Roadway Surface,Work Zone,Crash Severity,Number of Fatalities,Number of Injuries,Number of Major Injuries,Number of Minor Injuries,Number of Possible Injuries,Number of Unknown Injuries,Amount of Property Damage,Number of Vehicles Involved,Total Number of Occupants,Travel Direction,Location
2014832509,2014-83453,12/06/2014,12-December,7-Saturday,13:33,1300 Hours,District 6 (East Central),DAVENPORT,SCOTT,,W LOMBARD ST & N OHIO AVE,Collision with:  Vehicle in traffic,On Roadway,Broadside (front to side),FTYROW:  From stop sign,None Indicated,,Daylight,Dry,Clear,None apparent,Intersection:  Four-way intersection,Paved,,Possible/Unknown,0,1,0,0,1,0,3500,2,5,,POINT (-90.626216383884 41.541811310804)
2014832097,14-1501,12/06/2014,12-December,7-Saturday,19:26,1900 Hours,District 1 (Central),CLIVE,POLK,I-35,I-35,Collision with:  Vehicle in traffic,On Roadway,"Sideswipe, same direction",Improper or erratic lane changing,None Indicated,,Dark - roadway lighted,Dry,Clear,None apparent,Interchange-related:  On-ramp merge area,Paved,,Property Damage Only,0,0,0,0,0,0,4100,2,3,,POINT (-93.776918665314 41.601173811408)
2014832628,2014-14204,12/06/2014,12-December,7-Saturday,16:22,1600 Hours,District 6 (East Central),,DUBUQUE,,Co Rd D35/MILITARY RD & SWISS VALLEY RD,Collision with:  Animal,,,Animal,None Indicated,,,,,,,Paved,,Property Damage Only,0,0,0,0,0,0,2000,1,1,,POINT (-90.717998042713 42.425918106842)
2014833740,14-43281,12/06/2014,12-December,7-Saturday,23:34,2300 Hours,District 5 (Southeast),BURLINGTON,DES MOINES,,9TH ST,Collision with fixed object:  Utility pole/light support,Outside trafficway,Non-collision (single vehicle),Ran off road - left,None Indicated,,Dark - unknown roadway lighting,Dry,Cloudy,None apparent,Non-intersection:  Non-junction/no special feature,Paved,,Property Damage Only,0,0,0,0,0,0,8000,1,1,,POINT (-91.10698069875 40.823099274362)
2014832431,,12/06/2014,12-December,7-Saturday,06:18,0600 Hours,District 5 (Southeast),,LUCAS,,520TH ST & 262ND AVE,Non-collision events:  Overturn/rollover,On Roadway,Non-collision (single vehicle),Driving too fast for conditions,None Indicated,,Dark - roadway not lighted,"Mud, dirt","Fog, smoke, smog",None apparent,Intersection:  T-intersection,Unpaved,,Possible/Unknown,0,1,0,0,1,0,8000,1,1,,POINT (-93.246501718882 41.073927172492)
2014832785,14-23674,12/06/2014,12-December,7-Saturday,20:41,2000 Hours,District 2 (Northeast),,BREMER,,Co Rd V14/EASTON AVE,Collision with:  Animal,,Non-collision (single vehicle),Animal,None Indicated,,,,,,,Paved,,Property Damage Only,0,0,0,0,0,0,3780,1,1,,POINT (-92.475591818055 42.857986566107)
2014832250,SO14002885,12/06/2014,12-December,7-Saturday,02:45,0200 Hours,District 3 (Northwest),AKRON,PLYMOUTH,,Co Rd K22/K22,Collision with fixed object:  Ditch,Shoulder,Non-collision (single vehicle),Ran off road - right,None Indicated,,Dark - roadway not lighted,Dry,Clear,None apparent,Non-intersection:  Non-junction/no special feature,Paved,,Property Damage Only,0,0,0,0,0,0,20000,1,1,,POINT (-96.394053986801 42.568666623208)
2014832357,2014-040290,12/06/2014,12-December,7-Saturday,13:07,1300 Hours,District 6 (East Central),DUBUQUE,DUBUQUE,,BELLEVUE RD & ROCKDALE RD,Collision with:  Vehicle in traffic,On Roadway,Rear-end (front to rear),FTYROW:  From stop sign,None Indicated,,Daylight,Dry,Clear,None apparent,Intersection:  Y-intersection,Paved,,Property Damage Only,0,0,0,0,0,0,2500,2,3,,POINT (-90.677268297251 42.461381978041)
2014832456,14-39888,12/06/2014,12-December,7-Saturday,06:39,0600 Hours,District 3 (Northwest),SIOUX CITY,WOODBURY,US 20,US 20,Collision with:  Animal,,,Animal,None Indicated,,,,,,,Paved,,Property Damage Only,0,0,0,0,0,0,2000,1,1,,POINT (-96.361608271417 42.444695710399)
2014832116,32104-14,12/06/2014,12-December,7-Saturday,12:00,1200 Hours,District 3 (Northwest),,EMMET,IA 15,IA 15/IOWA 15 & Co Rd A16/110 ST,Collision with:  Vehicle in traffic,On Roadway,Rear-end (front to rear),Swerving/Evasive Action,None Indicated,,Daylight,Dry,Clear,None apparent,Intersection:  Four-way intersection,Paved,,Possible/Unknown,0,1,0,0,1,0,7000,2,6,,POINT (-94.452121705405 43.488379816322)
2014832931,14-014781,12/06/2014,12-December,7-Saturday,00:48,0000 Hours,District 1 (Central),,TAMA,US 30,US 30,Collision with:  Animal,,,Animal,None Indicated,,,,,,,Paved,,Property Damage Only,0,0,0,0,0,0,8500,1,1,,POINT (-92.722784093562 42.003815323141)
2014832706,2014068053,12/06/2014,12-December,7-Saturday,21:30,2100 Hours,District 3 (Northwest),,CLAY,,Co Rd B17/300TH ST,Collision with:  Animal,,,Animal,None Indicated,,,,,,,Paved,,Property Damage Only,0,0,0,0,0,0,1800,1,1,,POINT (-94.968901613398 43.215481478166)
2014832189,14021150,12/06/2014,12-December,7-Saturday,11:07,1100 Hours,District 2 (Northeast),MASON CITY,CERRO GORDO,US 65,US 65/N DELAWARE AVE & 3RD ST NE,Collision with:  Vehicle in traffic,On Roadway,"Sideswipe, same direction",Made improper turn,None Indicated,,Daylight,Dry,Clear,None apparent,Non-intersection:  Non-junction/no special feature,Paved,,Property Damage Only,0,0,0,0,0,0,5500,2,2,,POINT (-93.199437175623 43.154533382063)
2014832083,14-8029,12/06/2014,12-December,7-Saturday,21:30,2100 Hours,District 1 (Central),,POLK,IA 415,IA 415/NW 35TH ST,Collision with:  Animal,On Roadway,Non-collision (single vehicle),Animal,None Indicated,,Dark - roadway not lighted,Dry,Clear,None apparent,Non-intersection:  Non-junction/no special feature,Paved,,Property Damage Only,0,0,0,0,0,0,2000,1,1,,POINT (-93.663044743756 41.712980979524)
2014832700,2014067999,12/06/2014,12-December,7-Saturday,12:10,1200 Hours,District 4 (Southwest),,CASS,,Co Rd G16/BOSTON RD & 730TH LN,Collision with:  Vehicle in traffic,On Roadway,"Angle, oncoming left turn",Followed too close,None Indicated,,Daylight,"Mud, dirt",Clear,None apparent,Intersection:  Four-way intersection,Unpaved,,Property Damage Only,0,0,0,0,0,0,4700,2,4,,POINT (-94.796494770102 41.48980301198)
2014832396,14-0698,12/06/2014,12-December,7-Saturday,21:25,2100 Hours,District 1 (Central),FORT DODGE,WEBSTER,,MILL RD,Collision with:  Animal,,,Animal,None Indicated,,,,,,,Paved,,Property Damage Only,0,0,0,0,0,0,5000,1,1,,POINT (-94.143935048082 42.47948461304)
2014832114,14-6179,12/06/2014,12-December,7-Saturday,09:51,0900 Hours,District 1 (Central),WEST DES MOINES,POLK,,GRAND AVE,Collision with:  Vehicle in traffic,On Roadway,Rear-end (front to rear),Driver Distraction:  Reaching for object(s)/fallen object(s),None Indicated,,Daylight,Dry,Clear,None apparent,Intersection:  Four-way intersection,Paved,,Possible/Unknown,0,1,0,0,1,0,4000,2,2,,POINT (-93.731626689362 41.571053558872)
2014832619,2014-014201,12/06/2014,12-December,7-Saturday,14:39,1400 Hours,District 6 (East Central),,DUBUQUE,US 20,US 20 & COX SPRINGS RD,Collision with:  Vehicle in traffic,On Roadway,Broadside (front to side),FTYROW:  From stop sign,None Indicated,,Daylight,Dry,Clear,None apparent,Intersection:  Four-way intersection,Paved,,Property Damage Only,0,0,0,0,0,0,10441,2,2,,POINT (-90.830830561152 42.440510250215)
2014832831,,12/06/2014,12-December,7-Saturday,17:00,1700 Hours,District 4 (Southwest),,PAGE,,Co Rd M63/O AVE,Collision with:  Animal,On Roadway,Non-collision (single vehicle),Animal,None Indicated,,Daylight,Dry,Cloudy,,Non-intersection:  Non-junction/no special feature,Paved,,Property Damage Only,0,0,0,0,0,0,3400,1,1,,POINT (-95.099719902282 40.853452903767)
2014833168,2014068041,12/06/2014,12-December,7-Saturday,19:45,1900 Hours,District 6 (East Central),DUBUQUE,DUBUQUE,IA 32,IA 32/IA32 NW ARTERIAL,Collision with:  Animal,,,Animal,None Indicated,,,,,,,Paved,,Property Damage Only,0,0,0,0,0,0,3000,1,1,,POINT (-90.740338081796 42.492892125115)
2014832394,14-0696,12/06/2014,12-December,7-Saturday,17:30,1700 Hours,District 1 (Central),BARNUM,WEBSTER,IA 7,IA 7/190TH ST,Collision with:  Animal,,,Animal,None Indicated,,,,,,,Paved,,Property Damage Only,0,0,0,0,0,0,5000,1,1,,POINT (-94.412019319442 42.516876266829)
2014836835,,12/06/2014,12-December,7-Saturday,15:37,1500 Hours,District 2 (Northeast),OSSIAN,WINNESHIEK,US 52,US 52/MAIN ST,Collision with:  Parked motor vehicle,On Roadway,Broadside (front to side),Improper Backing,None Indicated,,Daylight,,Clear,None apparent,Non-intersection:  Non-junction/no special feature,Paved,,Property Damage Only,0,0,0,0,0,0,4500,2,1,,POINT (-91.762925033046 43.145020666019)
2014835383,14.0447,12/06/2014,12-December,7-Saturday,23:37,2300 Hours,District 5 (Southeast),VAN WERT,DECATUR,,110TH ST,Non-collision events:  Overturn/rollover,On Roadway,Non-collision (single vehicle),Ran off road - right,None Indicated,,Dark - roadway not lighted,Dry,Clear,None apparent,Non-intersection:  Non-junction/no special feature,Unpaved,,Major Injury,0,2,1,1,0,0,8000,1,2,,POINT (-93.819432101742 40.887385072509)
2014832093,14-250,12/06/2014,12-December,7-Saturday,13:30,1300 Hours,District 2 (Northeast),WAVERLY,BREMER,,VIOLA DR,Collision with:  Parked motor vehicle,On Roadway,Rear-end (front to rear),Driver Distraction:  Passenger,None Indicated,,Daylight,Dry,Clear,None apparent,Non-intersection:  Non-junction/no special feature,Paved,,Property Damage Only,0,0,0,0,0,0,11000,2,5,,POINT (-92.427755586663 42.713346980659)
2014836890,,12/06/2014,12-December,7-Saturday,02:28,0200 Hours,District 2 (Northeast),,WINNESHIEK,,WHITETAIL RD,Collision with fixed object:  Ditch,Outside trafficway,Non-collision (single vehicle),Ran off road - right,Alcohol (Statutory),,Dark - roadway not lighted,"Mud, dirt",Clear,None apparent,Non-intersection:  Non-junction/no special feature,Unpaved,,Major Injury,0,1,1,0,0,0,5500,1,1,,POINT (-91.751260826327 43.309984192838)
2014832398,14-0700,12/06/2014,12-December,7-Saturday,22:00,2200 Hours,District 1 (Central),,WEBSTER,IA 7,IA 7/190TH ST & KELLY AVE,Collision with:  Animal,,,Animal,None Indicated,,,,,,,Paved,,Property Damage Only,0,0,0,0,0,0,1500,1,1,,POINT (-94.241744192464 42.515389897088)
2014833588,1412061829,12/06/2014,12-December,7-Saturday,18:29,1800 Hours,District 6 (East Central),OLIN,JONES,IA 38,IA 38/JACKSON ST,Collision with:  Parked motor vehicle,Shoulder,"Sideswipe, opposite direction",FTYROW:  Other (explain in narrative),Under Influence of Alcohol/Drugs/Medications,,Dark - roadway lighted,Dry,Clear,None apparent,Non-intersection:  Non-junction/no special feature,Paved,,Property Damage Only,0,0,0,0,0,0,4500,2,777,,POINT (-91.141938898454 41.997540217421)
2014837051,14120114,12/06/2014,12-December,7-Saturday,20:24,2000 Hours,District 5 (Southeast),OTTUMWA,WAPELLO,,GREENWOOD DR & MINNEOPA AVE,Collision with:  Vehicle in traffic,On Roadway,Broadside (front to side),Ran Stop Sign,None Indicated,,Dark - roadway lighted,Dry,Clear,None apparent,Intersection:  Four-way intersection,Paved,,Possible/Unknown,0,1,0,0,1,0,7500,2,3,,POINT (-92.445636562275 41.005557702841)
2014832076,14-010301,12/06/2014,12-December,7-Saturday,12:01,1200 Hours,District 2 (Northeast),,CLAYTON,US 52,US 52,Collision with:  Animal,,,Animal,None Indicated,,,,,,,Paved,,Property Damage Only,0,0,0,0,0,0,2000,1,1,,POINT (-91.073657721246 42.71268617387)
2014833745,1412-089,12/06/2014,12-December,7-Saturday,06:45,0600 Hours,District 3 (Northwest),,OSCEOLA,IA 9,IA 9/IOWA 9 & Co Rd L30/MONROE AVE,Collision with:  Animal,,,Animal,None Indicated,,,,,,,Paved,,Property Damage Only,0,0,0,0,0,0,1500,1,1,,POINT (-95.840926144666 43.432700482429)
2014833099,2014-87-AC,12/06/2014,12-December,7-Saturday,19:40,1900 Hours,District 3 (Northwest),,DICKINSON,IA 86,IA 86/IOWA 86,Collision with:  Animal,,,Animal,None Indicated,,,,,,,Paved,,Property Damage Only,0,0,0,0,0,0,2500,1,1,,POINT (-95.180903712306 43.468388604602)
2014833127,S14-K0601,12/06/2014,12-December,7-Saturday,17:51,1700 Hours,District 5 (Southeast),,CLARKE,,Co Rd R59/LIBERTY HWY,Collision with:  Animal,,,Animal,None Indicated,,,,,,,Paved,,Property Damage Only,0,0,0,0,0,0,2000,1,1,,POINT (-93.653826578162 41.139355388239)
2014832609,14-14071,12/06/2014,12-December,7-Saturday,10:50,1000 Hours,District 3 (Northwest),,SIOUX,US 75,US 75 & Co Rd B46/420TH ST,Collision with:  Vehicle in traffic,On Roadway,Rear-end (front to rear),Followed too close,None Indicated,,Daylight,Dry,Clear,None apparent,Non-intersection:  Non-junction/no special feature,Paved,,Property Damage Only,0,0,0,0,0,0,10250,2,3,,POINT (-96.175214155282 43.040659112094)
2014832251,14-051129,12/06/2014,12-December,7-Saturday,01:00,0100 Hours,District 4 (Southwest),COUNCIL BLUFFS,POTTAWATTAMIE,,AVE G,Collision with:  Vehicle in traffic,On Roadway,"Sideswipe, opposite direction",Unknown,None Indicated,,Dark - roadway lighted,Dry,Clear,None apparent,Non-intersection:  Non-junction/no special feature,Paved,,Property Damage Only,0,0,0,0,0,0,3500,2,2,,POINT (-95.907969058641 41.268033083656)
2014832395,14-0697,12/06/2014,12-December,7-Saturday,17:40,1700 Hours,District 1 (Central),,WEBSTER,IA 7,IA 7/190TH ST & BAXTER AVE,Collision with:  Animal,,,Animal,None Indicated,,,,,,,Paved,,Property Damage Only,0,0,0,0,0,0,4500,1,1,,POINT (-94.417692173881 42.516878262419)
2014832115,20140036109,12/06/2014,12-December,7-Saturday,10:16,1000 Hours,District 1 (Central),DES MOINES,POLK,IA 163,IA 163/E UNIVERSITY AVE & E 27TH ST,Collision with:  Vehicle in traffic,On Roadway,Broadside (front to side),FTYROW:  From stop sign,None Indicated,,Daylight,Dry,Cloudy,None apparent,Intersection:  Four-way intersection,Paved,,Property Damage Only,0,0,0,0,0,0,1700,2,4,,POINT (-93.565328956925 41.600490465888)
2014832314,20140036136,12/06/2014,12-December,7-Saturday,14:59,1400 Hours,District 1 (Central),DES MOINES,POLK,,E HULL AVE & E 15TH ST,Collision with:  Parked motor vehicle,On Roadway,"Sideswipe, same direction",Unknown,None Indicated,,Daylight,Dry,Cloudy,None apparent,Intersection:  T-intersection,Paved,,Property Damage Only,0,0,0,0,0,0,1900,2,1,,POINT (-93.598205870787 41.622274693876)
2014832702,2014068017,12/06/2014,12-December,7-Saturday,14:30,1400 Hours,District 4 (Southwest),,POTTAWATTAMIE,I-80,I-80,Collision with:  Vehicle in traffic,On Roadway,"Sideswipe, same direction",Other (explain in narrative):  Other,None Indicated,,Daylight,Dry,Cloudy,None apparent,Non-intersection:  Non-junction/no special feature,Paved,,Property Damage Only,0,0,0,0,0,0,45000,2,3,,POINT (-95.15637491795 41.498297638867)
2014832393,14-0695,12/06/2014,12-December,7-Saturday,04:30,0400 Hours,District 1 (Central),,WEBSTER,,Co Rd P53/NATIONAL AVE,Collision with fixed object:  Ditch,Shoulder,Non-collision (single vehicle),Ran off road - left,None Indicated,,Dark - roadway not lighted,Dry,Clear,None apparent,Non-intersection:  Non-junction/no special feature,Paved,,Possible/Unknown,0,1,0,0,0,1,7500,1,1,,POINT (-94.19772583941 42.585453951436)
2014832543,S14-12788,12/06/2014,12-December,7-Saturday,11:45,1100 Hours,District 3 (Northwest),SIOUX CITY,WOODBURY,US 20,US 20/NE RAMP/NE LOOP,Collision with:  Vehicle in traffic,On Roadway,Rear-end (front to rear),Unknown,None Indicated,,Daylight,Dry,Cloudy,None apparent,"Interchange-related:  Off-ramp, diverge area",Paved,,Property Damage Only,0,0,0,0,0,0,4000,2,5,,POINT (-96.32105256028 42.475324223602)
2014848934,14-073,12/06/2014,12-December,7-Saturday,20:16,2000 Hours,District 3 (Northwest),,CALHOUN,IA 7,IA 7/190TH ST,Collision with fixed object:  Ditch,On Roadway,Non-collision (single vehicle),Crossed centerline (undivided),None Indicated,,Dark - roadway not lighted,Dry,Cloudy,None apparent,Non-intersection:  Non-junction/no special feature,Paved,,Possible/Unknown,0,1,0,0,1,0,2100,1,1,,POINT (-94.483974770666 42.516813454685)
2014832703,2014068033,12/06/2014,12-December,7-Saturday,17:56,1700 Hours,District 6 (East Central),,CEDAR,IA 38,IA 38/IOWA 38,Collision with:  Animal,,,Animal,None Indicated,,,,,,,Paved,,Property Damage Only,0,0,0,0,0,0,1500,1,1,,POINT (-91.120437137662 41.652614259978)
2014832772,14-004149,12/06/2014,12-December,7-Saturday,17:38,1700 Hours,District 5 (Southeast),,KEOKUK,IA 78,IA 78/IOWA 78,Collision with:  Animal,,,Animal,None Indicated,,,,,,,Paved,,Property Damage Only,0,0,0,0,0,0,1500,1,3,,POINT (-92.019018878848 41.178163571716)
2014832696,2014067976,12/06/2014,12-December,7-Saturday,06:35,0600 Hours,District 6 (East Central),,JOHNSON,US 218,US 218,Collision with:  Other non-fixed object (explain in narrative),On Roadway,Non-collision (single vehicle),Other (explain in narrative):  No improper action,None Indicated,,Dark - roadway not lighted,Dry,Clear,Obstruction in roadway,Non-intersection:  Non-junction/no special feature,Paved,,Property Damage Only,0,0,0,0,0,0,3000,1,1,,POINT (-91.544810999021 41.560281161114)
2014832932,14-014823,12/06/2014,12-December,7-Saturday,18:00,1800 Hours,District 1 (Central),,TAMA,,Co Rd E66/HWY E66 & RR AVE,Collision with:  Animal,,,Animal,None Indicated,,,,,,,Paved,,Property Damage Only,0,0,0,0,0,0,3000,1,1,,POINT (-92.425954379538 41.95723113632)
2014832082,14-8020,12/06/2014,12-December,7-Saturday,03:15,0300 Hours,District 1 (Central),MITCHELLVILLE,POLK,,Co Rd S27/NE 116TH ST & NE 46TH AVE,Collision with fixed object:  Ditch,On Roadway,Non-collision (single vehicle),Ran Stop Sign,Alcohol (Statutory),,Dark - roadway lighted,Dry,Clear,None apparent,Intersection:  T-intersection,Paved,,Possible/Unknown,0,1,0,0,1,0,5000,1,2,,POINT (-93.358176972662 41.644323035197)
2014833587,1412061259,12/06/2014,12-December,7-Saturday,12:59,1200 Hours,District 6 (East Central),,JONES,,CO RD E-17,Collision with fixed object:  Ditch,,,Unknown,None Indicated,,,,,,,Unpaved,,Property Damage Only,0,0,0,0,0,0,4000,1,1,,POINT (-91.272926468564 42.165532953022)
2014832419,14-01437,12/06/2014,12-December,7-Saturday,18:25,1800 Hours,District 6 (East Central),WEST BRANCH,CEDAR,,DOWNEY ST,Collision with:  Parked motor vehicle,On Roadway,"Sideswipe, same direction","Operating vehicle in an reckless, erratic, careless, negligent manner",None Indicated,,Dark - roadway lighted,Dry,Cloudy,None apparent,Non-intersection:  Non-junction/no special feature,Paved,,Property Damage Only,0,0,0,0,0,0,4500,2,1,,POINT (-91.346596189263 41.67348304224)
2014834136,A391214-2767,12/06/2014,12-December,7-Saturday,19:21,1900 Hours,District 4 (Southwest),,GUTHRIE,IA 44,IA 44/IOWA 44,Collision with:  Animal,,,Animal,None Indicated,,,,,,,Paved,,Property Damage Only,0,0,0,0,0,0,1500,1,1,,POINT (-94.631699469978 41.673126804351)
2014832455,14-39872,12/06/2014,12-December,7-Saturday,01:15,0100 Hours,District 3 (Northwest),SIOUX CITY,WOODBURY,,W 4TH ST,Collision with:  Parked motor vehicle,On Roadway,Rear-end (front to rear),Unknown,None Indicated,,Dark - roadway lighted,Wet,Clear,None apparent,Non-intersection:  Non-junction/no special feature,Paved,,Property Damage Only,0,0,0,0,0,0,2500,2,777,,POINT (-96.42574132156 42.500396466521)
2014832600,2014-25008,12/06/2014,12-December,7-Saturday,22:30,2200 Hours,District 6 (East Central),,SCOTT,,Co Rd Y68/SCOTT PK RD,Collision with:  Animal,On Roadway,Non-collision (single vehicle),Animal,None Indicated,,Dark - roadway not lighted,Dry,Clear,None apparent,Non-intersection:  Non-junction/no special feature,Paved,,Property Damage Only,0,0,0,0,0,0,1501,1,1,,POINT (-90.549044829121 41.693721629983)
2014832102,14-001445,12/06/2014,12-December,7-Saturday,18:45,1800 Hours,District 1 (Central),AMES,STORY,,BLOOMINGTON RD & VALLEY VIEW RD,Collision with:  Animal,,,Animal,None Indicated,,,,,,,Paved,,Property Damage Only,0,0,0,0,0,0,1500,1,1,,POINT (-93.654820342185 42.056249667596)
2014832698,2014067989,12/06/2014,12-December,7-Saturday,09:18,0900 Hours,District 4 (Southwest),,POTTAWATTAMIE,I-80,I-80,Collision with:  Vehicle in traffic,On Roadway,Rear-end (front to rear),Followed too close,None Indicated,,Daylight,Dry,Cloudy,None apparent,Non-intersection:  Non-junction/no special feature,Paved,,Possible/Unknown,0,1,0,0,1,0,5000,2,3,,POINT (-95.423133084812 41.498027902462)
2014832869,201400059133,12/06/2014,12-December,7-Saturday,10:19,1000 Hours,District 5 (Southeast),OTTUMWA,WAPELLO,,N WELLER ST,Collision with:  Vehicle in traffic,On Roadway,Broadside (front to side),FTYROW:  Other (explain in narrative),None Indicated,,Daylight,Dry,Cloudy,None apparent,Non-intersection:  Non-junction/no special feature,Paved,,Property Damage Only,0,0,0,0,0,0,6000,2,5,,POINT (-92.417330113624 41.008841194542)
2014832213,14-020580,12/06/2014,12-December,7-Saturday,00:50,0000 Hours,District 5 (Southeast),,HENRY,,WHITE OAK RD,Collision with:  Animal,On Roadway,Non-collision (single vehicle),Animal,Alcohol (Statutory),,Dark - roadway not lighted,Dry,Cloudy,None apparent,Non-intersection:  Non-junction/no special feature,Unpaved,,Possible/Unknown,0,1,0,0,1,0,4000,1,1,,POINT (-91.68445027631 40.994690152377)
2014832335,14007648,12/06/2014,12-December,7-Saturday,01:00,0100 Hours,District 2 (Northeast),NORA SPRINGS,CERRO GORDO,,Co Rd B30/265TH ST & Co Rd S70/ZINNIA AVE & W CONGRESS ST,Collision with fixed object:  Ditch,Outside trafficway,Non-collision (single vehicle),Driving too fast for conditions,Alcohol (< Statutory),,Dark - roadway not lighted,Dry,Clear,None apparent,Intersection:  T-intersection,Paved,,Minor Injury,0,2,0,1,1,0,10200,1,2,,POINT (-93.023735144755 43.146816482848)
2014832701,2014068016,12/06/2014,12-December,7-Saturday,15:10,1500 Hours,District 6 (East Central),,CEDAR,I-80,I-80,Collision with fixed object:  Ditch,On Roadway,Non-collision (single vehicle),Swerving/Evasive Action,None Indicated,,Daylight,Dry,Clear,None apparent,Non-intersection:  Non-junction/no special feature,Paved,,Property Damage Only,0,0,0,0,0,0,4100,1,1,,POINT (-91.128992513349 41.645386448111)
2014832319,14-050442,12/06/2014,12-December,7-Saturday,14:53,1400 Hours,District 5 (Southeast),MUSCATINE,MUSCATINE,,E 5TH ST & MULBERRY AVE,Collision with:  Vehicle in traffic,On Roadway,Broadside (front to side),FTYROW:  From stop sign,None Indicated,,Daylight,Dry,Clear,None apparent,Intersection:  Four-way intersection,Paved,,Property Damage Only,0,0,0,0,0,0,3500,2,2,,POINT (-91.043744907337 41.426084313166)
2014835531,141206PM01,12/06/2014,12-December,7-Saturday,17:28,1700 Hours,District 3 (Northwest),ORANGE CITY,SIOUX,,CENTRAL AVE N,Collision with:  Parked motor vehicle,Outside trafficway,Non-collision (single vehicle),Animal,None Indicated,,Unknown,Unknown,Unknown,Unknown,Unknown,Paved,,Property Damage Only,0,0,0,0,0,0,1500,2,1,,POINT (-96.058245733852 43.008155202515)
2014832079,14025814,12/06/2014,12-December,7-Saturday,12:13,1200 Hours,District 6 (East Central),MARION,LINN,,10TH AVE & 35TH ST,Collision with:  Vehicle in traffic,On Roadway,Rear-end (front to rear),Followed too close,None Indicated,,Daylight,Dry,Clear,None apparent,Non-intersection:  Non-junction/no special feature,Paved,,Property Damage Only,0,0,0,0,0,0,3500,2,5,,POINT (-91.574290917512 42.036292695432)
2014839033,14-8777,12/06/2014,12-December,7-Saturday,17:30,1700 Hours,District 3 (Northwest),,IDA,US 20,US 20,Collision with:  Animal,,,Animal,None Indicated,,,,,,,Paved,,Property Damage Only,0,0,0,0,0,0,2500,1,1,,POINT (-95.458084611851 42.474784955215)
2014832208,14-043180,12/06/2014,12-December,7-Saturday,00:32,0000 Hours,District 5 (Southeast),WEST BURLINGTON,DES MOINES,US 34,US 34,Collision with fixed object:  Ditch,On Roadway,Non-collision (single vehicle),Ran off road - left,None Indicated,,Dark - roadway lighted,Wet,Cloudy,None apparent,Non-intersection:  Non-junction/no special feature,Paved,,Major Injury,0,1,1,0,0,0,1000,1,1,,POINT (-91.16114023413 40.815625234189)
2014833098,2014-86-AC,12/06/2014,12-December,7-Saturday,18:00,1800 Hours,District 3 (Northwest),,DICKINSON,,Co Rd M49/240TH AVE,Collision with:  Animal,,,Animal,None Indicated,,,,,,,Paved,,Property Damage Only,0,0,0,0,0,0,2500,1,1,,POINT (-95.112232420935 43.432608684821)
2014832112,S14-119303,12/06/2014,12-December,7-Saturday,20:27,2000 Hours,District 2 (Northeast),DUNKERTON,BLACK HAWK,,Co Rd V49/N RAYMOND RD,Non-collision events:  Overturn/rollover,Shoulder,Non-collision (single vehicle),Crossed centerline (undivided),None Indicated,,Dark - roadway not lighted,Dry,Clear,None apparent,Non-intersection:  Non-junction/no special feature,Paved,,Major Injury,0,2,1,1,0,0,7000,1,2,,POINT (-92.219164183738 42.552238441054)
2014832544,S14-12801,12/06/2014,12-December,7-Saturday,18:10,1800 Hours,District 3 (Northwest),SERGEANT BLUFF,WOODBURY,,Co Rd K29/OLD LAKEPORT RD,Collision with:  Animal,,,Animal,None Indicated,,,,,,,Paved,,Property Damage Only,0,0,0,0,0,0,3000,1,1,,POINT (-96.340986206034 42.408299399452)
2014832101,14-001444,12/06/2014,12-December,7-Saturday,17:22,1700 Hours,District 1 (Central),,STORY,,RIVERSIDE RD,Collision with:  Animal,,,Animal,None Indicated,,,,,,,Paved,,Property Damage Only,0,0,0,0,0,0,5000,1,1,,POINT (-93.609815540381 42.065179906488)
2014833185,14-3903,12/06/2014,12-December,7-Saturday,02:12,0200 Hours,District 1 (Central),FORT DODGE,WEBSTER,,7TH AVE S & S 22ND ST,Collision with:  Vehicle in traffic,On Roadway,Rear-end (front to rear),Lost Control,None Indicated,,Dark - roadway not lighted,Wet,Clear,None apparent,Non-intersection:  Non-junction/no special feature,Paved,,Property Damage Only,0,0,0,0,0,0,22000,3,1,,POINT (-94.167957821281 42.498802746953)
2014832705,2014068050,12/06/2014,12-December,7-Saturday,20:25,2000 Hours,District 6 (East Central),,SCOTT,US 61,US 61,Collision with:  Animal,,,Animal,None Indicated,,,,,,,Paved,,Property Damage Only,0,0,0,0,0,0,7000,1,1,,POINT (-90.567810885429 41.725029763175)
2014832417,201404497,12/06/2014,12-December,7-Saturday,23:22,2300 Hours,District 6 (East Central),,LINN,US 30,US 30 & PALISADES KEPLER,Collision with:  Animal,,,Animal,None Indicated,,,,,,,Paved,,Property Damage Only,0,0,0,0,0,0,3500,1,1,,POINT (-91.494181923849 41.91893418665)
2014832835,,12/06/2014,12-December,7-Saturday,11:00,1100 Hours,District 4 (Southwest),WOODBINE,HARRISON,IA 14,IA 14/S MONROE ST & ELY ST & E AMERICAN ST,Collision with:  Parked motor vehicle,On Roadway,Rear-end (front to rear),Other (explain in narrative):  No improper action,None Indicated,,Daylight,Dry,Clear,None apparent,Non-intersection:  Non-junction/no special feature,Paved,,Property Damage Only,0,0,0,0,0,0,5100,2,1,,POINT (-95.704831041378 41.735952903007)