Iowa DOT Case Number,Law Enforcement Case Number,Date of Crash,Month of Crash,Day of Week,Time of Crash,Hour,DOT District,City Name,County Name,Route with System,Location Description,First Harmful Event,Location of First Harmful Event,Manner of Crash/Collision,Major Cause,Drug or Alcohol ,Environmental Conditions,Light Conditions,Surface Conditions,Weather Conditions,Roadway Contribution,Roadway Type,Roadway Surface,Work Zone,Crash Severity,Number of Fatalities,Number of Injuries,Number of Major Injuries,Number of Minor Injuries,Number of Possible Injuries,Number of Unknown Injuries,Amount of Property Damage,Number of Vehicles Involved,Total Number of Occupants,Travel Direction,Location
2014835462,2014-014208,12/06/2014,12-December,7-Saturday,21:39,2100 Hours,District 6 (East Central),,DUBUQUE,IA 136,IA 136/IOWA 136 & KLOSTERMANN RD,,On Roadway,Non-collision (single vehicle),Ran off road - right,Alcohol (Statutory),,Dark - roadway not lighted,Dry,Cloudy,None apparent,Non-intersection:  Non-junction/no special feature,Paved,,Possible/Unknown,0,1,0,0,1,0,5000,1,1,,POINT (-91.110460905067 42.558805319997)
2014832119,14-6186,12/06/2014,12-December,7-Saturday,12:41,1200 Hours,District 1 (Central),WEST DES MOINES,POLK,,MILLS CIVIC PKWY,Collision with:  Vehicle in traffic,On Roadway,Rear-end (front to rear),Followed too close,None Indicated,,Daylight,Dry,Clear,None apparent,Non-intersection:  Non-junction/no special feature,Paved,,Possible/Unknown,0,5,0,0,5,0,15000,3,12,,POINT (-93.789989243697 41.559066035156)
2014832783,14-23626,12/06/2014,12-December,7-Saturday,05:55,0500 Hours,District 2 (Northeast),,BREMER,,Co Rd C50/260TH ST/JOPLIN AVE,Collision with:  Animal,,,Animal,None Indicated,,,,,,,Paved,,Property Damage Only,0,0,0,0,0,0,2000,1,1,,POINT (-92.375617527675 42.67118989084)
2014836584,2014-83481,12/06/2014,12-December,7-Saturday,16:36,1600 Hours,District 6 (East Central),DAVENPORT,SCOTT,US 6,US 6/W KIMBERLY RD & HILLANDALE RD,Collision with fixed object:  Curb/island/raised median,On Roadway,Non-collision (single vehicle),Exceeded authorized speed,None Indicated,,Daylight,Dry,Clear,None apparent,Intersection:  Four-way intersection,Paved,,Property Damage Only,0,0,0,0,0,0,5000,1,1,,POINT (-90.619845494497 41.560250803008)
2014832375,14-6180,12/06/2014,12-December,7-Saturday,10:11,1000 Hours,District 1 (Central),WEST DES MOINES,POLK,,S 51ST ST,Collision with:  Vehicle in traffic,On Roadway,Broadside (front to side),FTYROW:  From stop sign,None Indicated,,Daylight,Dry,Clear,None apparent,Intersection:  Four-way intersection,Paved,,Property Damage Only,0,0,0,0,0,0,6000,2,2,,POINT (-93.772763595239 41.559660478662)
2014832253,20140036101,12/06/2014,12-December,7-Saturday,06:16,0600 Hours,District 1 (Central),DES MOINES,POLK,,SCHOOL ST & 6TH AVE,Collision with:  Vehicle in traffic,On Roadway,Broadside (front to side),FTYROW:  Making left turn,None Indicated,,Dark - roadway lighted,Wet,Clear,None apparent,Intersection:  Intersection with ramp,Paved,,Property Damage Only,0,0,0,0,0,0,2500,2,2,,POINT (-93.625709221487 41.595196696679)
2014832320,14-050477,12/06/2014,12-December,7-Saturday,21:20,2100 Hours,District 5 (Southeast),MUSCATINE,MUSCATINE,US 61,US 61,Collision with:  Animal,,,Animal,None Indicated,,,,,,,Paved,,Property Damage Only,0,0,0,0,0,0,3000,1,1,,POINT (-91.088503346848 41.426827918638)
2014832122,14-2319,12/06/2014,12-December,7-Saturday,13:37,1300 Hours,District 1 (Central),POLK CITY,POLK,,S 1ST ST,Collision with:  Parked motor vehicle,Shoulder,Rear-end (front to rear),Other (explain in narrative):  Vision obstructed,None Indicated,,Daylight,Dry,Clear,None apparent,Non-intersection:  Non-junction/no special feature,Paved,,Property Damage Only,0,0,0,0,0,0,2100,2,1,,POINT (-93.712461834584 41.770618202055)
2014832190,14021154,12/06/2014,12-December,7-Saturday,12:26,1200 Hours,District 2 (Northeast),MASON CITY,CERRO GORDO,,12TH ST NW & N TAFT AVE,Collision with:  Vehicle in traffic,On Roadway,Rear-end (front to rear),Other (explain in narrative):  Other,None Indicated,,Daylight,Dry,Clear,None apparent,Intersection:  T-intersection,Paved,,Property Damage Only,0,0,0,0,0,0,3000,2,2,,POINT (-93.240685220617 43.162756508248)
2014833267,,12/06/2014,12-December,7-Saturday,02:31,0200 Hours,District 4 (Southwest),,ADAIR,IA 25,IA 25/IOWA 25,Collision with:  Animal,On Roadway,Non-collision (single vehicle),Animal,None Indicated,,Dark - roadway not lighted,Wet,"Fog, smoke, smog",None apparent,Non-intersection:  Non-junction/no special feature,Paved,,Property Damage Only,0,0,0,0,0,0,9000,1,3,,POINT (-94.4526371319 41.343087593364)
2014834181,2014068074,12/06/2014,12-December,7-Saturday,23:53,2300 Hours,District 5 (Southeast),,LUCAS,,Co Rd S23/200TH AVE,Collision with fixed object:  Ditch,Shoulder,Non-collision (single vehicle),Swerving/Evasive Action,Drug,,Dark - roadway not lighted,Dry,Cloudy,None apparent,Non-intersection:  Non-junction/no special feature,Paved,,Major Injury,0,3,1,0,2,0,10000,1,3,,POINT (-93.365840645967 41.089779607703)
2014832118,14-6181,12/06/2014,12-December,7-Saturday,10:53,1000 Hours,District 1 (Central),WEST DES MOINES,POLK,,60TH ST,Collision with:  Animal,On Roadway,Non-collision (single vehicle),Animal,None Indicated,,Daylight,Dry,Clear,None apparent,Non-intersection:  Non-junction/no special feature,Paved,,Property Damage Only,0,0,0,0,0,0,2000,1,2,,POINT (-93.79052747734 41.573708117111)
2014832315,20140036150,12/06/2014,12-December,7-Saturday,16:41,1600 Hours,District 1 (Central),DES MOINES,POLK,,INGERSOLL AVE,Collision with:  Vehicle in traffic,On Roadway,"Sideswipe, same direction",FTYROW:  From parked position,None Indicated,,Daylight,Dry,Cloudy,None apparent,Non-intersection:  Non-junction/no special feature,Paved,,Minor Injury,0,1,0,1,0,0,4500,2,4,,POINT (-93.647824367585 41.585715683069)
2014832085,14-8021,12/06/2014,12-December,7-Saturday,07:45,0700 Hours,District 1 (Central),GRIMES,POLK,IA 141,IA 141/IOWA 141,Collision with:  Animal,,,Animal,None Indicated,,,,,,,Paved,,Property Damage Only,0,0,0,0,0,0,3500,1,1,,POINT (-93.787200756072 41.743983219465)
2014832316,20140036157,12/06/2014,12-December,7-Saturday,17:30,1700 Hours,District 1 (Central),DES MOINES,POLK,,MURPHY ST & SW 9TH ST,Collision with:  Vehicle in traffic,On Roadway,"Sideswipe, same direction",Improper or erratic lane changing,None Indicated,,Dark - roadway lighted,Dry,Clear,None apparent,Non-intersection:  Non-junction/no special feature,Paved,,Property Damage Only,0,0,0,0,0,0,9000,2,2,,POINT (-93.625638408977 41.577921170399)
2014895494,133-14,12/06/2014,12-December,7-Saturday,07:25,0700 Hours,District 4 (Southwest),,MADISON,US 169,US 169,Collision with:  Animal,,,Animal,None Indicated,,,,,,,Paved,,Property Damage Only,0,0,0,0,0,0,5000,1,777,,POINT (-94.013113392155 41.410596552229)
2014832328,14-6247,12/06/2014,12-December,7-Saturday,20:30,2000 Hours,District 6 (East Central),HIAWATHA,LINN,I-380,I-380,Collision with:  Vehicle in traffic,On Roadway,Rear-end (front to rear),Followed too close,None Indicated,,Dark - roadway not lighted,Dry,Clear,None apparent,Non-intersection:  Non-junction/no special feature,Paved,,Property Damage Only,0,0,0,0,0,0,2250,2,2,,POINT (-91.701447948204 42.08838152273)
2014832136,20144485,12/06/2014,12-December,7-Saturday,22:25,2200 Hours,District 1 (Central),,GRUNDY,,Co Rd T25/J AVE,Collision with:  Animal,,,Animal,None Indicated,,,,,,,Paved,,Property Damage Only,0,0,0,0,0,0,2000,1,1,,POINT (-92.849554177035 42.53832848804)
2014832229,2014LA-16,12/06/2014,12-December,7-Saturday,15:46,1500 Hours,District 6 (East Central),LISBON,LINN,US 30,US 30/W US 30,Collision with fixed object:  Ditch,On Roadway,Non-collision (single vehicle),Crossed centerline (undivided),None Indicated,,Daylight,Other (explain in narrative),Clear,None apparent,Non-intersection:  Non-junction/no special feature,Paved,,Property Damage Only,0,0,0,0,0,0,2700,1,1,,POINT (-91.390346636649 41.917804440869)
2014832508,2014-83443,12/06/2014,12-December,7-Saturday,13:01,1300 Hours,District 6 (East Central),DAVENPORT,SCOTT,,ELMORE AVE,Collision with:  Vehicle in traffic,On Roadway,Broadside (front to side),FTYROW:  From driveway,None Indicated,,Daylight,Dry,Clear,None apparent,Non-intersection:  Driveway access (within),Paved,,Property Damage Only,0,0,0,0,0,0,6000,2,4,,POINT (-90.52857733768 41.575427296157)
2014832510,2014-83461,12/06/2014,12-December,7-Saturday,14:01,1400 Hours,District 6 (East Central),DAVENPORT,SCOTT,,IA 461/BRADY ST & E 53RD ST,Collision with:  Vehicle in traffic,On Roadway,Rear-end (front to rear),Other (explain in narrative):  Other,None Indicated,,Daylight,Dry,Clear,None apparent,Non-intersection:  Non-junction/no special feature,Paved,,Property Damage Only,0,0,0,0,0,0,4000,2,4,,POINT (-90.56963083359 41.574519655131)
2014832238,14-39927,12/06/2014,12-December,7-Saturday,14:49,1400 Hours,District 3 (Northwest),SIOUX CITY,WOODBURY,I-29,I-29 & HAMILTON BLVD,Collision with:  Vehicle in traffic,On Roadway,"Sideswipe, same direction",FTYROW:  Other (explain in narrative),None Indicated,,Daylight,Dry,Cloudy,None apparent,Intersection:  Four-way intersection,Paved,,Property Damage Only,0,0,0,0,0,0,2000,2,3,,POINT (-96.424304602111 42.49147100761)
2014832311,20140036099,12/06/2014,12-December,7-Saturday,05:06,0500 Hours,District 1 (Central),DES MOINES,POLK,,UNIVERSITY AVE & 44TH ST,Collision with fixed object:  Utility pole/light support,Roadside,Non-collision (single vehicle),Ran off road - right,None Indicated,,Dark - roadway lighted,Wet,Cloudy,None apparent,Non-intersection:  Non-junction/no special feature,Paved,,Property Damage Only,0,0,0,0,0,0,4000,1,1,,POINT (-93.676854664027 41.600383354694)
2014832784,14-23637,12/06/2014,12-December,7-Saturday,11:44,1100 Hours,District 2 (Northeast),,BREMER,US 63,US 63 & 130TH ST,Collision with:  Animal,,,Animal,None Indicated,,,,,,,Paved,,Property Damage Only,0,0,0,0,0,0,3000,1,1,,POINT (-92.337472573119 42.862349608489)
2014832389,20140036102,12/06/2014,12-December,7-Saturday,06:02,0600 Hours,District 1 (Central),DES MOINES,POLK,,INGERSOLL AVE,Collision with:  Vehicle in traffic,On Roadway,"Sideswipe, same direction",FTYROW:  Other (explain in narrative),None Indicated,,Dark - roadway lighted,Wet,Cloudy,None apparent,Non-intersection:  Non-junction/no special feature,Paved,,Property Damage Only,0,0,0,0,0,0,2000,2,2,,POINT (-93.650223567362 41.585693132518)
2014832771,14-004148,12/06/2014,12-December,7-Saturday,17:07,1700 Hours,District 5 (Southeast),,KEOKUK,IA 92,IA 92/IOWA 92 & 245TH AVE,Collision with:  Animal,,,Animal,None Indicated,,,,,,,Paved,,Property Damage Only,0,0,0,0,0,0,2000,1,1,,POINT (-92.131309782363 41.337141374591)
2014832571,2014-83474,12/06/2014,12-December,7-Saturday,15:55,1500 Hours,District 6 (East Central),DAVENPORT,SCOTT,US 6,US 6/E KIMBERLY RD,Collision with:  Vehicle in traffic,On Roadway,Rear-end (front to rear),Followed too close,None Indicated,,Daylight,Dry,Clear,None apparent,Non-intersection:  Non-junction/no special feature,Paved,,Property Damage Only,0,0,0,0,0,0,3100,3,6,,POINT (-90.550998778366 41.556894926421)
2014832181,20140036179,12/06/2014,12-December,7-Saturday,22:00,2200 Hours,District 1 (Central),DES MOINES,POLK,,PAYTON AVE & FLEUR DR,Collision with:  Vehicle in traffic,On Roadway,Rear-end (front to rear),Followed too close,None Indicated,,Dark - roadway lighted,Dry,Cloudy,None apparent,Non-intersection:  Non-junction/no special feature,Paved,,Property Damage Only,0,0,0,0,0,0,3500,2,3,,POINT (-93.644968113166 41.530138725051)
2014834541,14010926,12/06/2014,12-December,7-Saturday,18:20,1800 Hours,District 6 (East Central),,BUCHANAN,US 20,US 20,Collision with:  Animal,,,Animal,None Indicated,,,,,,,Paved,,Property Damage Only,0,0,0,0,0,0,1500,1,1,,POINT (-91.802910714783 42.46096622527)
2014832836,,12/06/2014,12-December,7-Saturday,11:20,1100 Hours,District 4 (Southwest),WOODBINE,HARRISON,,3RD ST & PARK ST,Collision with:  Other non-fixed object (explain in narrative),On Roadway,Rear-end (front to rear),Other (explain in narrative):  No improper action,None Indicated,,Daylight,Dry,Clear,None apparent,Non-intersection:  Non-junction/no special feature,Paved,,Property Damage Only,0,0,0,0,0,0,3800,2,2,,POINT (-95.7098640156 41.73497866956)
2014832176,201405772,12/06/2014,12-December,7-Saturday,22:50,2200 Hours,District 1 (Central),,BOONE,,325TH ST,Non-collision events:  Overturn/rollover,On Roadway,Non-collision (single vehicle),Swerving/Evasive Action,None Indicated,,Dark - roadway not lighted,Dry,Cloudy,None apparent,Non-intersection:  Non-junction/no special feature,Unpaved,,Property Damage Only,0,0,0,0,0,0,4000,1,2,,POINT (-94.154973842266 41.884955851815)
2014832096,14-051271,12/06/2014,12-December,7-Saturday,17:00,1700 Hours,District 4 (Southwest),COUNCIL BLUFFS,POTTAWATTAMIE,,7TH AVE,Collision with:  Parked motor vehicle,On Roadway,Rear-end (front to rear),Unknown,None Indicated,,Dusk,Dry,Clear,None apparent,Non-intersection:  Non-junction/no special feature,Paved,,Property Damage Only,0,0,0,0,0,0,2500,2,1,,POINT (-95.875874415448 41.255339440118)
2014832900,14028298,12/06/2014,12-December,7-Saturday,21:00,2100 Hours,District 5 (Southeast),OSKALOOSA,MAHASKA,,HIGH AVE W,Collision with:  Vehicle in traffic,On Roadway,Rear-end (front to rear),Other (explain in narrative):  Other,None Indicated,,Dark - roadway lighted,Dry,Clear,None apparent,Non-intersection:  Non-junction/no special feature,Paved,,Property Damage Only,0,0,0,0,0,0,4300,2,1,,POINT (-92.653903049638 41.295320148937)
2014833622,14-029543,12/06/2014,12-December,7-Saturday,08:56,0800 Hours,District 5 (Southeast),,MARION,IA 92,IA 92/IOWA 92 & OLD HWY 92,Collision with:  Animal,,,Animal,None Indicated,,,,,,,Paved,,Property Damage Only,0,0,0,0,0,0,2000,1,1,,POINT (-93.000716759751 41.307019048366)
2014832293,14-6192,12/06/2014,12-December,7-Saturday,18:14,1800 Hours,District 1 (Central),WEST DES MOINES,POLK,,22ND ST,Collision with:  Vehicle in traffic,On Roadway,"Sideswipe, same direction",Improper or erratic lane changing,None Indicated,,Dark - roadway lighted,Dry,Cloudy,None apparent,Non-intersection:  Driveway access (within),Paved,,Property Damage Only,0,0,0,0,0,0,3000,2,2,,POINT (-93.736065306638 41.594353965217)
2014835194,SO14-1527,12/06/2014,12-December,7-Saturday,06:15,0600 Hours,District 2 (Northeast),BELMOND,WRIGHT,,150TH ST,Collision with fixed object:  Ditch,Shoulder,Non-collision (single vehicle),Ran off road - right,None Indicated,,Unknown,"Mud, dirt",Unknown,None apparent,Non-intersection:  Non-junction/no special feature,Unpaved,,Possible/Unknown,0,1,0,0,0,1,10000,1,1,,POINT (-93.534092948857 42.834131775988)
2014832937,SA1410287,12/06/2014,12-December,7-Saturday,17:43,1700 Hours,District 5 (Southeast),,WASHINGTON,US 218,US 218 & Co Rd G16/130TH ST,Collision with:  Vehicle in traffic,On Roadway,"Sideswipe, same direction",Improper or erratic lane changing,None Indicated,,Dark - roadway not lighted,Dry,Clear,None apparent,Non-intersection:  Non-junction/no special feature,Paved,,Possible/Unknown,0,1,0,0,1,0,4500,2,2,,POINT (-91.549812570049 41.467913745098)
2014834012,2014068008,12/06/2014,12-December,7-Saturday,13:45,1300 Hours,District 6 (East Central),,LINN,US 30,US 30/16TH AVE SW & SISLEY GROVE RD SW,Collision with:  Vehicle in traffic,On Roadway,Rear-end (front to rear),Followed too close,None Indicated,,Daylight,Dry,Clear,None apparent,Intersection:  Four-way intersection,Paved,,Minor Injury,0,2,0,1,1,0,30200,2,3,,POINT (-91.813282927091 41.964142232888)
2014832562,14-14089,12/06/2014,12-December,7-Saturday,17:42,1700 Hours,District 3 (Northwest),,SIOUX,,Co Rd K64/JACKSON AVE & 330TH ST,Collision with:  Animal,On Roadway,Non-collision (single vehicle),Animal,None Indicated,,Dark - roadway not lighted,Dry,Cloudy,None apparent,Non-intersection:  Non-junction/no special feature,Paved,,Property Damage Only,0,0,0,0,0,0,7000,1,2,,POINT (-96.059401458888 43.171701363763)
2014833798,201404509,12/07/2014,12-December,1-Sunday,18:41,1800 Hours,District 6 (East Central),,LINN,IA 13,IA 13/IOWA 13 & BUNKER HILL RD,Collision with:  Animal,,,Animal,None Indicated,,,,,,,Paved,,Property Damage Only,0,0,0,0,0,0,3500,1,1,,POINT (-91.546771041382 42.181838910706)
2014832515,2014-83668,12/07/2014,12-December,1-Sunday,17:49,1700 Hours,District 6 (East Central),DAVENPORT,SCOTT,,IA 461/BRADY ST & W 55TH ST,Collision with:  Vehicle in traffic,On Roadway,"Sideswipe, same direction",Made improper turn,None Indicated,,Dark - roadway lighted,Dry,Clear,None apparent,Intersection:  T-intersection,Paved,,Possible/Unknown,0,1,0,0,1,0,3500,2,4,,POINT (-90.570678571652 41.576325068705)
2014878152,2014-8194,12/07/2014,12-December,1-Sunday,12:15,1200 Hours,District 6 (East Central),LE CLAIRE,SCOTT,US 67,US 67/CODY RD & DODGE ST,Collision with:  Vehicle in traffic,On Roadway,Rear-end (front to rear),Followed too close,None Indicated,,Daylight,Dry,Clear,None apparent,Intersection:  Four-way intersection,Paved,,Possible/Unknown,0,1,0,0,1,0,2000,2,3,,POINT (-90.343640311506 41.596572047453)
2014833169,2014068163,12/07/2014,12-December,1-Sunday,21:07,2100 Hours,District 4 (Southwest),,ADAIR,I-80,I-80,Non-collision events:  Overturn/rollover,On Roadway,Non-collision (single vehicle),Crossed centerline (undivided),None Indicated,,Dark - roadway not lighted,Wet,Rain,None apparent,Non-intersection:  Non-junction/no special feature,Paved,,Property Damage Only,0,0,0,0,0,0,5000,1,2,,POINT (-94.371578679169 41.496088716599)
2014832377,14-1504,12/07/2014,12-December,1-Sunday,13:48,1300 Hours,District 1 (Central),CLIVE,POLK,,NW 100TH ST,Collision with:  Vehicle in traffic,On Roadway,Rear-end (front to rear),Followed too close,None Indicated,,Daylight,Dry,Clear,None apparent,Non-intersection:  Non-junction/no special feature,Paved,,Property Damage Only,0,0,0,0,0,0,5000,2,3,,POINT (-93.751956080728 41.600943482883)
2014838987,,12/07/2014,12-December,1-Sunday,03:00,0300 Hours,District 2 (Northeast),,FAYETTE,,80TH ST,Collision with fixed object:  Ditch,On Roadway,Non-collision (single vehicle),Ran off road - right,None Indicated,,Dark - roadway not lighted,"Mud, dirt",Clear,None apparent,Non-intersection:  Non-junction/no special feature,Unpaved,,Property Damage Only,0,0,0,0,0,0,4000,1,1,,POINT (-92.01493119394 42.744139592219)
2014832413,201400004501,12/07/2014,12-December,1-Sunday,08:00,0800 Hours,District 6 (East Central),,LINN,,Co Rd W8E/IVANHOE RD,Collision with:  Animal,,,Animal,None Indicated,,,,,,,Paved,,Property Damage Only,0,0,0,0,0,0,2000,1,1,,POINT (-91.475980777576 41.886162631723)
2014833155,2014-83709,12/07/2014,12-December,1-Sunday,23:29,2300 Hours,District 6 (East Central),DAVENPORT,SCOTT,US 6,US 6/W KIMBERLY RD/E KIMBERLY RD & IA 461/WELCOME WAY,Collision with:  Vehicle in traffic,On Roadway,Rear-end (front to rear),Followed too close,None Indicated,,Dark - roadway lighted,Wet,Rain,"Surface condition (e.g., wet, icy)",Intersection:  Other intersection (explain in narrative),Paved,,Property Damage Only,0,0,0,0,0,0,1500,2,2,,POINT (-90.570930788018 41.560317081912)
2014833135,14-43331,12/07/2014,12-December,1-Sunday,18:02,1800 Hours,District 5 (Southeast),,DES MOINES,,Co Rd X60/IRISH RIDGE RD,Collision with:  Animal,,,Animal,None Indicated,,,,,,,Paved,,Property Damage Only,0,0,0,0,0,0,1500,1,1,,POINT (-91.13503719872 40.861136852575)
2014834013,2014068085,12/07/2014,12-December,1-Sunday,03:03,0300 Hours,District 1 (Central),ANKENY,POLK,I-35,I-35,Collision with fixed object:  Impact attenuator/crash cushion,Unknown,Non-collision (single vehicle),Ran off road - right,None Indicated,,Dark - roadway lighted,Dry,Cloudy,None apparent,Interchange-related:  On-ramp,Paved,,Property Damage Only,0,0,0,0,0,0,4156,1,1,,POINT (-93.574137862697 41.653373123619)
2014832281,14-005294,12/07/2014,12-December,1-Sunday,16:00,1600 Hours,District 1 (Central),ANKENY,POLK,US 69,US 69/S ANKENY BLVD/N ANKENY BLVD & W 1ST ST & E 1ST ST,Collision with fixed object:  Traffic sign support,On Roadway,Non-collision (single vehicle),Crossed centerline (undivided),None Indicated,,Daylight,Dry,Clear,None apparent,Intersection:  Four-way intersection,Paved,,Property Damage Only,0,0,0,0,0,0,4050,1,1,,POINT (-93.600375962325 41.731870994936)
2014832742,20140036207,12/07/2014,12-December,1-Sunday,04:02,0400 Hours,District 1 (Central),DES MOINES,POLK,,8TH ST,Collision with:  Parked motor vehicle,Roadside,Unknown,"Operating vehicle in an reckless, erratic, careless, negligent manner",Drug,,Dark - roadway lighted,Dry,Cloudy,None apparent,Non-intersection:  Non-junction/no special feature,Paved,,Possible/Unknown,0,2,0,0,2,0,16000,4,777,,POINT (-93.627249393035 41.636522379346)
2014832110,141272621,12/07/2014,12-December,1-Sunday,06:40,0600 Hours,District 6 (East Central),,CLINTON,,Co Rd Z2E/110 ST & 335 AVE,Collision with:  Animal,,,Animal,None Indicated,,,,,,,Paved,,Property Damage Only,0,0,0,0,0,0,1500,1,1,,POINT (-90.432356393767 42.017914982872)
2014832769,20140036384,12/07/2014,12-December,1-Sunday,05:30,0500 Hours,District 1 (Central),DES MOINES,POLK,,E DOUGLAS AVE,Collision with fixed object:  Culvert/pipe opening,Shoulder,Non-collision (single vehicle),Crossed centerline (undivided),None Indicated,,Dark - roadway not lighted,Unknown,Clear,None apparent,Non-intersection:  Non-junction/no special feature,Paved,,Major Injury,0,1,1,0,0,0,10300,1,1,,POINT (-93.527598475317 41.629601023163)
2014832108,1412078162,12/07/2014,12-December,1-Sunday,17:48,1700 Hours,District 6 (East Central),DE WITT,CLINTON,US 61,US 61,Collision with:  Animal,,,Animal,None Indicated,,,,,,,Paved,,Property Damage Only,0,0,0,0,0,0,5000,1,1,,POINT (-90.568712741558 41.841533585633)
2014832163,14-051288,12/07/2014,12-December,1-Sunday,17:06,1700 Hours,District 4 (Southwest),COUNCIL BLUFFS,POTTAWATTAMIE,US 6,US 6/KANESVILLE BLVD & N BROADWAY,Collision with:  Vehicle in traffic,On Roadway,Broadside (front to side),Ran Traffic Signal,None Indicated,,Dark - roadway lighted,Wet,Rain,None apparent,Intersection:  Four-way intersection,Paved,,Property Damage Only,0,0,0,0,0,0,4500,2,2,,POINT (-95.836684089801 41.268912373937)
2014832095,1410324,12/07/2014,12-December,1-Sunday,20:15,2000 Hours,District 5 (Southeast),WASHINGTON,WASHINGTON,,N 5TH AVE & E 15TH ST,Collision with:  Parked motor vehicle,On Roadway,Rear-end (front to rear),Driver Distraction:  Reaching for object(s)/fallen object(s),None Indicated,,Dark - roadway lighted,Dry,Clear,None apparent,Non-intersection:  Non-junction/no special feature,Paved,,Property Damage Only,0,0,0,0,0,0,7000,2,777,,POINT (-91.686911732008 41.312950419463)
2014832526,149530,12/07/2014,12-December,1-Sunday,20:35,2000 Hours,District 4 (Southwest),,DALLAS,US 169,US 169/N AVE,Collision with:  Animal,,Non-collision (single vehicle),Animal,None Indicated,,,,,,,Paved,,Property Damage Only,0,0,0,0,0,0,3000,1,1,,POINT (-94.026666428481 41.717224857221)
2014832512,2014-83626,12/07/2014,12-December,1-Sunday,12:33,1200 Hours,District 6 (East Central),DAVENPORT,SCOTT,,TELEGRAPH RD,Collision with fixed object:  Culvert/pipe opening,Roadside,Non-collision (single vehicle),Swerving/Evasive Action,None Indicated,,Daylight,Dry,Cloudy,None apparent,Non-intersection:  Non-junction/no special feature,Paved,,Minor Injury,0,3,0,1,2,0,14000,1,3,,POINT (-90.662370079848 41.523557660383)
2014844873,2014-003693,12/07/2014,12-December,1-Sunday,21:31,2100 Hours,District 2 (Northeast),,ALLAMAKEE,,DEAD HORSE HOLLOW RD,Collision with fixed object:  Ditch,On Roadway,Non-collision (single vehicle),Driving too fast for conditions,None Indicated,,Dark - roadway not lighted,Ice/frost,Clear,"Surface condition (e.g., wet, icy)",Non-intersection:  Other non-intersection (explain in narrative),Unpaved,,Property Damage Only,0,0,0,0,0,0,4000,1,2,,POINT (-91.500954505022 43.450028628066)
2014834593,183-2014,12/07/2014,12-December,1-Sunday,17:15,1700 Hours,District 4 (Southwest),,HARRISON,,Co Rd F58/296TH ST,Collision with:  Animal,,,Animal,None Indicated,,,,,,,Paved,,Property Damage Only,0,0,0,0,0,0,5000,1,1,,POINT (-95.820087512065 41.575288066748)
2014832104,14-001447,12/07/2014,12-December,1-Sunday,19:08,1900 Hours,District 1 (Central),AMES,STORY,US 69,US 69,Collision with:  Animal,,,Animal,None Indicated,,,,,,,Paved,,Property Damage Only,0,0,0,0,0,0,2000,1,1,,POINT (-93.610146570439 41.979759757394)
2014832182,20140036198,12/07/2014,12-December,1-Sunday,01:07,0100 Hours,District 1 (Central),DES MOINES,POLK,,56TH ST,Collision with:  Parked motor vehicle,On Roadway,Rear-end (front to rear),Other (explain in narrative):  Other,None Indicated,,Dark - roadway lighted,Dry,Clear,None apparent,Non-intersection:  Non-junction/no special feature,Paved,,Property Damage Only,0,0,0,0,0,0,4000,2,777,,POINT (-93.694368647887 41.623346343197)
2014832775,14012323,12/07/2014,12-December,1-Sunday,05:06,0500 Hours,District 3 (Northwest),,CARROLL,US 71,US 71,Non-collision events:  Overturn/rollover,On Roadway,Non-collision (single vehicle),Ran off road - right,None Indicated,,Dark - roadway not lighted,Wet,Cloudy,None apparent,Non-intersection:  Non-junction/no special feature,Paved,,Minor Injury,0,2,0,1,1,0,3000,1,2,,POINT (-94.878102155747 42.178208157186)
2014832514,2014-83647,12/07/2014,12-December,1-Sunday,15:15,1500 Hours,District 6 (East Central),DAVENPORT,SCOTT,I-80,I-80,Collision with:  Animal,,,Animal,None Indicated,,,,,,,Paved,,Property Damage Only,0,0,0,0,0,0,3000,1,1,,POINT (-90.543342031565 41.595665880856)
2014832707,2014068106,12/07/2014,12-December,1-Sunday,11:00,1100 Hours,District 5 (Southeast),,WARREN,I-35,I-35,Collision with fixed object:  Other fixed object (explain in narrative),Shoulder,Non-collision (single vehicle),Swerving/Evasive Action,None Indicated,,Daylight,Dry,Cloudy,Work Zone (roadway-related),Non-intersection:  Non-junction/no special feature,Paved,Yes,Property Damage Only,0,0,0,0,0,0,3000,1,1,,POINT (-93.779894240392 41.458423911865)
2014832800,14-005623,12/07/2014,12-December,1-Sunday,14:41,1400 Hours,District 3 (Northwest),,LYON,,HARRISON AVE,Non-collision events:  Overturn/rollover,Shoulder,Non-collision (single vehicle),Ran off road - left,None Indicated,,Daylight,Dry,Clear,None apparent,Non-intersection:  Non-junction/no special feature,Unpaved,,Possible/Unknown,0,1,0,0,0,1,2500,1,1,,POINT (-96.157726640013 43.276731669659)
2014833625,14-029592,12/07/2014,12-December,1-Sunday,20:08,2000 Hours,District 5 (Southeast),,MARION,,Co Rd T15/HWY T15,Collision with:  Animal,,,Animal,None Indicated,,,,,,,Paved,,Property Damage Only,0,0,0,0,0,0,3000,1,1,,POINT (-93.028867711127 41.321049499723)
2014832464,14-43285,12/07/2014,12-December,1-Sunday,00:51,0000 Hours,District 5 (Southeast),BURLINGTON,DES MOINES,,WASHINGTON ST & CENTRAL AVE,Collision with:  Vehicle in traffic,On Roadway,"Angle, oncoming left turn",FTYROW:  Making left turn,Alcohol (Statutory),,Dark - roadway lighted,Dry,Cloudy,None apparent,Intersection:  Four-way intersection,Paved,,Property Damage Only,0,0,0,0,0,0,2500,2,4,,POINT (-91.111301358404 40.812495863478)