Iowa DOT Case Number,Law Enforcement Case Number,Date of Crash,Month of Crash,Day of Week,Time of Crash,Hour,DOT District,City Name,County Name,Route with System,Location Description,First Harmful Event,Location of First Harmful Event,Manner of Crash/Collision,Major Cause,Drug or Alcohol ,Environmental Conditions,Light Conditions,Surface Conditions,Weather Conditions,Roadway Contribution,Roadway Type,Roadway Surface,Work Zone,Crash Severity,Number of Fatalities,Number of Injuries,Number of Major Injuries,Number of Minor Injuries,Number of Possible Injuries,Number of Unknown Injuries,Amount of Property Damage,Number of Vehicles Involved,Total Number of Occupants,Travel Direction,Location
2014832749,14-14114,12/07/2014,12-December,1-Sunday,04:30,0400 Hours,District 3 (Northwest),,SIOUX,IA 60,IA 60/IOWA 60 & 430TH ST,Collision with:  Animal,,,Animal,None Indicated,,,,,,,Paved,,Property Damage Only,0,0,0,0,0,0,7000,1,1,,POINT (-95.942276615793 43.025586672658)
2014833113,14-37337,12/07/2014,12-December,1-Sunday,17:40,1700 Hours,District 5 (Southeast),FORT MADISON,LEE,IA 2,IA 2/IOWA 2,Collision with:  Animal,,,Animal,None Indicated,,,,,,,Paved,,Property Damage Only,0,0,0,0,0,0,5500,1,1,,POINT (-91.480374174783 40.629055887052)
2014836824,,12/07/2014,12-December,1-Sunday,19:04,1900 Hours,District 2 (Northeast),,WINNESHIEK,IA 9,IA 9/IOWA 9,Collision with:  Animal,On Roadway,Non-collision (single vehicle),Animal,None Indicated,,Dark - roadway not lighted,Dry,Cloudy,None apparent,Non-intersection:  Non-junction/no special feature,Paved,,Property Damage Only,0,0,0,0,0,0,1500,1,1,,POINT (-91.684732817959 43.240948227488)
2014832336,14007671,12/07/2014,12-December,1-Sunday,22:27,2200 Hours,District 2 (Northeast),CLEAR LAKE,CERRO GORDO,,S LAKE VEIW DR & 27TH AVE S,Collision with fixed object:  Utility pole/light support,On Roadway,Non-collision (single vehicle),Driving too fast for conditions,None Indicated,,Dark - roadway lighted,Wet,"Sleet, hail","Surface condition (e.g., wet, icy)",Intersection:  Shared use path or trail,Paved,,Property Damage Only,0,0,0,0,0,0,1500,1,2,,POINT (-93.394565609513 43.111875098236)
2014832275,14-051301,12/07/2014,12-December,1-Sunday,19:15,1900 Hours,District 4 (Southwest),COUNCIL BLUFFS,POTTAWATTAMIE,,2ND AVE & S 35TH ST,Collision with:  Vehicle in traffic,On Roadway,Broadside (front to side),Ran Stop Sign,None Indicated,,Dark - roadway lighted,Wet,Cloudy,None apparent,Intersection:  Four-way intersection,Paved,,Possible/Unknown,0,1,0,0,1,0,1500,2,3,,POINT (-95.902043145665 41.259833891219)
2014832384,14-43321,12/07/2014,12-December,1-Sunday,14:45,1400 Hours,District 5 (Southeast),BURLINGTON,DES MOINES,,CEDAR ST & 12TH ST,Collision with:  Vehicle in traffic,On Roadway,Broadside (front to side),FTYROW:  From stop sign,Refused,,Daylight,Dry,Cloudy,None apparent,Intersection:  Four-way intersection,Paved,,Possible/Unknown,0,1,0,0,1,0,10500,2,4,,POINT (-91.112319682995 40.798739577064)
2014832382,20140036242,12/07/2014,12-December,1-Sunday,18:08,1800 Hours,District 1 (Central),DES MOINES,POLK,US 69,US 69/SE 14TH ST & CUMMINS RD,Collision with:  Vehicle in traffic,On Roadway,Unknown,"Operating vehicle in an reckless, erratic, careless, negligent manner",Alcohol (Statutory),,Dark - roadway lighted,Dry,Rain,None apparent,Intersection:  Four-way intersection,Paved,,Possible/Unknown,0,2,0,0,2,0,12000,2,3,,POINT (-93.596733865177 41.528930934263)
2014850880,14009902,12/07/2014,12-December,1-Sunday,17:11,1700 Hours,District 5 (Southeast),,LOUISA,US 61,US 61,Collision with:  Animal,,,Animal,None Indicated,,,,,,,Paved,,Property Damage Only,0,0,0,0,0,0,1750,1,1,,POINT (-91.19642593459 41.240483939695)
2014832708,2014068127,12/07/2014,12-December,1-Sunday,15:50,1500 Hours,District 3 (Northwest),,CARROLL,,Co Rd M64/ASPEN AVE,Collision with fixed object:  Ditch,Roadside,Non-collision (single vehicle),Equipment failure,None Indicated,,Daylight,Dry,"Fog, smoke, smog",Ruts/holes/bumps,Non-intersection:  Non-junction/no special feature,Paved,,Property Damage Only,0,0,0,0,0,0,9000,1,1,,POINT (-95.091506203307 42.103332524731)
2014832385,2014013586,12/07/2014,12-December,1-Sunday,15:18,1500 Hours,District 6 (East Central),IOWA CITY,JOHNSON,,N DUBUQUE ST,Collision with:  Vehicle in traffic,On Roadway,Rear-end (front to rear),Followed too close,None Indicated,,Daylight,Dry,Cloudy,None apparent,Intersection:  Shared use path or trail,Paved,,Possible/Unknown,0,1,0,0,1,0,3500,2,3,,POINT (-91.53245009737 41.676079056605)
2014833111,14-037306,12/07/2014,12-December,1-Sunday,11:19,1100 Hours,District 5 (Southeast),FORT MADISON,LEE,US 61,US 61,Collision with:  Animal,,,Animal,None Indicated,,,,,,,Paved,,Property Damage Only,0,0,0,0,0,0,3000,1,2,,POINT (-91.247062813561 40.693508549855)
2014833450,2014-83701,12/07/2014,12-December,1-Sunday,23:05,2300 Hours,District 6 (East Central),DAVENPORT,SCOTT,I-280,I-280,Collision with:  Parked motor vehicle,Shoulder,Rear-end (front to rear),Lost Control,None Indicated,,Dark - roadway lighted,Wet,Rain,None apparent,Interchange-related:  On-ramp,Paved,,Minor Injury,0,1,0,1,0,0,25000,2,2,,POINT (-90.671247641162 41.506265226217)
2014832206,14-6198,12/07/2014,12-December,1-Sunday,04:10,0400 Hours,District 1 (Central),WEST DES MOINES,POLK,,GRAND AVE & RAILROAD AVE & E P TRUE PKWY,Collision with fixed object:  Curb/island/raised median,On Roadway,Broadside (front to side),Made improper turn,None Indicated,,Dark - roadway lighted,Dry,Cloudy,None apparent,Intersection:  Four-way intersection,Paved,,Property Damage Only,0,0,0,0,0,0,1500,2,2,,POINT (-93.731745099848 41.570917696353)
2014832942,2014-040306,12/07/2014,12-December,1-Sunday,00:56,0000 Hours,District 6 (East Central),DUBUQUE,DUBUQUE,,COATES ST,Collision with:  Vehicle in traffic,On Roadway,Broadside (front to side),Improper Backing,None Indicated,,Dark - roadway lighted,Dry,Clear,None apparent,Non-intersection:  Non-junction/no special feature,Paved,,Property Damage Only,0,0,0,0,0,0,4000,2,777,,POINT (-90.694824112756 42.487392586518)
2014832276,20140036226,12/07/2014,12-December,1-Sunday,13:45,1300 Hours,District 1 (Central),DES MOINES,POLK,,E PAYTON AVE & INDIANOLA AVE,Collision with:  Vehicle in traffic,On Roadway,Broadside (front to side),Made improper turn,None Indicated,,Daylight,Dry,Clear,None apparent,Non-intersection:  Non-junction/no special feature,Paved,,Property Damage Only,0,0,0,0,0,0,4000,2,4,,POINT (-93.577419553081 41.529849203196)
2014832280,2014068110,12/07/2014,12-December,1-Sunday,11:25,1100 Hours,District 2 (Northeast),,CERRO GORDO,US 18,US 18,Collision with:  Animal,,,Animal,None Indicated,,,,,,,Paved,,Property Damage Only,0,0,0,0,0,0,3500,1,1,,POINT (-93.038327097732 43.117879842466)
2014832870,201400059319,12/07/2014,12-December,1-Sunday,20:41,2000 Hours,District 5 (Southeast),OTTUMWA,WAPELLO,,VENTURE PLACE & VENTURE DR,Collision with:  Vehicle in traffic,On Roadway,Broadside (front to side),FTYROW:  From stop sign,None Indicated,,Dark - roadway lighted,Dry,Clear,None apparent,Intersection:  Four-way intersection,Paved,,Property Damage Only,0,0,0,0,0,0,6500,2,4,,POINT (-92.455453212865 41.014900923072)
2014832180,14-051237,12/07/2014,12-December,1-Sunday,02:16,0200 Hours,District 4 (Southwest),COUNCIL BLUFFS,POTTAWATTAMIE,,AVE G,Collision with:  Parked motor vehicle,On Roadway,Rear-end (front to rear),Ran off road - right,Alcohol (Statutory),,Dark - roadway lighted,Dry,Rain,None apparent,Non-intersection:  Non-junction/no special feature,Paved,,Major Injury,0,1,1,0,0,0,16000,3,1,,POINT (-95.871525201496 41.268020931322)
2014850881,14009904,12/07/2014,12-December,1-Sunday,17:30,1700 Hours,District 5 (Southeast),,LOUISA,US 61,US 61,Collision with:  Animal,,,Animal,None Indicated,,,,,,,Paved,,Property Damage Only,0,0,0,0,0,0,4000,1,1,,POINT (-91.196966894843 41.272882474264)
2014836638,,12/07/2014,12-December,1-Sunday,23:00,2300 Hours,District 2 (Northeast),,ALLAMAKEE,,Co Rd X52/HWY 364 & LUSTER HEIGHTS RD,Collision with fixed object:  Ditch,Roadside,Non-collision (single vehicle),Unknown,None Indicated,,Dark - roadway not lighted,Ice/frost,"Sleet, hail",,Non-intersection:  Non-junction/no special feature,Paved,,Property Damage Only,0,0,0,0,0,0,5800,1,1,,POINT (-91.201787903062 43.139872382857)
2014832646,W14-119583,12/07/2014,12-December,1-Sunday,21:41,2100 Hours,District 2 (Northeast),WATERLOO,BLACK HAWK,,W 9TH ST,Collision with:  Vehicle in traffic,On Roadway,Broadside (front to side),FTYROW:  From driveway,None Indicated,,Dark - roadway lighted,Wet,Rain,None apparent,Non-intersection:  Driveway access (within),Paved,,Property Damage Only,0,0,0,0,0,0,3000,2,2,,POINT (-92.337470945799 42.489114473632)
2014832400,20140036253,12/07/2014,12-December,1-Sunday,21:52,2100 Hours,District 1 (Central),DES MOINES,POLK,IA 163,IA 163/E UNIVERSITY AVE & E 37TH CT,Collision with:  Vehicle in traffic,On Roadway,Rear-end (front to rear),Driving too fast for conditions,None Indicated,,Dark - roadway lighted,Wet,Rain,"Surface condition (e.g., wet, icy)",Non-intersection:  Non-junction/no special feature,Paved,,Property Damage Only,0,0,0,0,0,0,6000,2,2,,POINT (-93.542734451847 41.600644387185)
2014834542,14010960,12/07/2014,12-December,1-Sunday,15:57,1500 Hours,District 6 (East Central),,BUCHANAN,,Co Rd W45/SLATER AVE,Non-collision events:  Overturn/rollover,Outside trafficway,Non-collision (single vehicle),Swerving/Evasive Action,None Indicated,,Daylight,Dry,Cloudy,None apparent,Non-intersection:  Non-junction/no special feature,Paved,,Possible/Unknown,0,2,0,0,2,0,8500,1,2,,POINT (-91.726866190395 42.597824883952)
2014833086,14015919,12/07/2014,12-December,1-Sunday,06:50,0600 Hours,District 4 (Southwest),,MILLS,,Co Rd L35/221ST ST,Collision with fixed object:  Traffic sign support,On Roadway,Non-collision (single vehicle),Crossed centerline (undivided),None Indicated,,Dark - roadway not lighted,Wet,"Fog, smoke, smog",None apparent,Non-intersection:  Non-junction/no special feature,Paved,,Property Damage Only,0,0,0,0,0,0,8300,1,1,,POINT (-95.7889186638 41.155148571349)
2014832240,14-40072,12/07/2014,12-December,1-Sunday,02:57,0200 Hours,District 3 (Northwest),SIOUX CITY,WOODBURY,,MOUND AVE,Collision with fixed object:  Mailbox,Outside trafficway,Non-collision (single vehicle),"Operating vehicle in an reckless, erratic, careless, negligent manner",Under Influence of Alcohol/Drugs/Medications,,Dark - roadway lighted,"Mud, dirt",Cloudy,None apparent,Non-intersection:  Non-junction/no special feature,Unpaved,,Possible/Unknown,0,1,0,0,1,0,3120,1,1,,POINT (-96.362593536434 42.506888115065)
2014832584,AP14-0395,12/07/2014,12-December,1-Sunday,02:09,0200 Hours,District 6 (East Central),ANAMOSA,JONES,US 151,US 151,Collision with:  Animal,,,Animal,None Indicated,,,,,,,Paved,,Property Damage Only,0,0,0,0,0,0,1500,1,1,,POINT (-91.267225131108 42.099396662958)
2014832599,14-25041,12/07/2014,12-December,1-Sunday,17:30,1700 Hours,District 6 (East Central),,SCOTT,,Co Rd F55/210 ST & Co Rd Z16/UTICA RIDGE RD,Collision with:  Vehicle in traffic,On Roadway,Broadside (front to side),FTYROW:  From stop sign,None Indicated,,Dusk,Dry,Clear,None apparent,Intersection:  Four-way intersection,Paved,,Property Damage Only,0,0,0,0,0,0,12000,2,4,,POINT (-90.502442462607 41.611508770792)
2014832103,14-001446,12/07/2014,12-December,1-Sunday,02:44,0200 Hours,District 1 (Central),,MARSHALL,US 30,US 30/240TH ST/SW RAMP CURV,Collision with fixed object:  Traffic sign support,Gore,Non-collision (single vehicle),Exceeded authorized speed,Alcohol (Statutory),,Dark - roadway lighted,Dry,Clear,None apparent,"Interchange-related:  Off-ramp, diverge area",Paved,,Property Damage Only,0,0,0,0,0,0,3500,1,1,,POINT (-93.026519553153 42.008326075071)
2014833543,14007669,12/07/2014,12-December,1-Sunday,17:46,1700 Hours,District 2 (Northeast),,CERRO GORDO,US 18,US 18,Collision with:  Vehicle in traffic,On Roadway,Rear-end (front to rear),Driving too fast for conditions,None Indicated,,Dark - roadway not lighted,Slush,"Sleet, hail","Surface condition (e.g., wet, icy)",Non-intersection:  Non-junction/no special feature,Paved,,Minor Injury,0,1,0,1,0,0,10000,2,3,,POINT (-93.19365012045 43.105781889893)
2014833114,14-37341,12/07/2014,12-December,1-Sunday,19:31,1900 Hours,District 5 (Southeast),FORT MADISON,LEE,US 61,US 61,Collision with:  Animal,,,Animal,None Indicated,,,,,,,Paved,,Property Damage Only,0,0,0,0,0,0,5000,1,1,,POINT (-91.246168270483 40.694675018295)
2014833449,2014-83694,12/07/2014,12-December,1-Sunday,21:52,2100 Hours,District 6 (East Central),DAVENPORT,SCOTT,,E 32ND ST & LORTON AVE,Collision with:  Vehicle in traffic,On Roadway,Rear-end (front to rear),Followed too close,None Indicated,,Dark - roadway lighted,Dry,Clear,None apparent,Non-intersection:  Non-junction/no special feature,Paved,,Property Damage Only,0,0,0,0,0,0,4000,2,2,,POINT (-90.537518070569 41.552878222643)
2014832914,14021210,12/07/2014,12-December,1-Sunday,14:32,1400 Hours,District 2 (Northeast),MASON CITY,CERRO GORDO,IA 122,IA 122/4TH ST SW & TIFFANY DR,Collision with:  Vehicle in traffic,On Roadway,Rear-end (front to rear),Followed too close,None Indicated,,Daylight,Dry,Cloudy,None apparent,Non-intersection:  Non-junction/no special feature,Paved,,Property Damage Only,0,0,0,0,0,0,1600,2,3,,POINT (-93.245043700107 43.14833050887)
2014833624,14-029588,12/07/2014,12-December,1-Sunday,12:58,1200 Hours,District 5 (Southeast),,MARION,IA 5,IA 5/IOWA 5 & 180TH AVE,Collision with:  Animal,,,Animal,None Indicated,,,,,,,Paved,,Property Damage Only,0,0,0,0,0,0,1500,1,1,,POINT (-93.004068552594 41.226011644973)
2014832793,14023714,12/07/2014,12-December,1-Sunday,17:35,1700 Hours,District 2 (Northeast),,BREMER,IA 3,IA 3/IOWA 3,Collision with:  Animal,,,Animal,None Indicated,,,,,,,Paved,,Property Damage Only,0,0,0,0,0,0,5000,1,1,,POINT (-92.12447610158 42.714717180568)
2014832194,32105-14,12/07/2014,12-December,1-Sunday,04:30,0400 Hours,District 3 (Northwest),WALLINGFORD,EMMET,,220 ST,Non-collision events:  Overturn/rollover,On Roadway,Non-collision (single vehicle),Ran off road - left,None Indicated,,Dark - roadway not lighted,Dry,Clear,None apparent,Non-intersection:  Non-junction/no special feature,Unpaved,,Property Damage Only,0,0,0,0,0,0,20000,1,1,,POINT (-94.799669889706 43.327538011419)
2014836255,2014068087,12/07/2014,12-December,1-Sunday,02:10,0200 Hours,District 2 (Northeast),WAUKON,ALLAMAKEE,,3RD AVE NE,Collision with:  Other non-fixed object (explain in narrative),On Roadway,Head-on (front to front),Improper Backing,Alcohol (Statutory),,Dark - roadway not lighted,Dry,Cloudy,None apparent,Non-intersection:  Non-junction/no special feature,Paved,,Property Damage Only,0,0,0,0,0,0,1500,2,3,,POINT (-91.470177120234 43.271911445017)
2014832710,2014068156,12/07/2014,12-December,1-Sunday,18:10,1800 Hours,District 2 (Northeast),,MITCHELL,,Co Rd T38/LANCER AVE,Non-collision events:  Other non-collision (explain in narrative),On Roadway,Non-collision (single vehicle),Crossed centerline (undivided),None Indicated,,Dark - roadway not lighted,Ice/frost,"Sleet, hail","Surface condition (e.g., wet, icy)",Non-intersection:  Non-junction/no special feature,Paved,,Property Damage Only,0,0,0,0,0,0,5000,1,1,,POINT (-92.810487898286 43.218394233479)
2014832709,2014068149,12/07/2014,12-December,1-Sunday,17:20,1700 Hours,District 5 (Southeast),,DECATUR,I-35,I-35,Collision with:  Animal,,,Animal,None Indicated,,,,,,,Paved,,Property Damage Only,0,0,0,0,0,0,2500,1,1,,POINT (-93.844996330586 40.69542934347)
2014836239,14-119560,12/07/2014,12-December,1-Sunday,18:56,1800 Hours,District 2 (Northeast),EVANSDALE,BLACK HAWK,I-380,I-380,Collision with fixed object:  Ditch,On Roadway,Non-collision (single vehicle),Crossed centerline (undivided),None Indicated,,Dark - roadway not lighted,Dry,Cloudy,None apparent,Non-intersection:  Non-junction/no special feature,Paved,,Minor Injury,0,1,0,1,0,0,5500,1,2,,POINT (-92.250578418905 42.455374633287)
2014835959,,12/07/2014,12-December,1-Sunday,07:00,0700 Hours,District 1 (Central),,POLK,,,Collision with fixed object:  Curb/island/raised median,,,Unknown,None Indicated,,,,,,,,,Possible/Unknown,0,1,0,0,0,1,1934,1,1,,POINT (-96.643700149993 40.233091251414)
2014834014,2014068086,12/07/2014,12-December,1-Sunday,03:55,0300 Hours,District 1 (Central),,POLK,I-35,I-35,Collision with fixed object:  Guardrail - face,,,Driver Distraction:  Inattentive/lost in thought,None Indicated,,,,,,,Paved,,Property Damage Only,0,0,0,0,0,0,3000,1,1,,POINT (-93.614237372344 41.649490910437)
2014832107,1412078161,12/07/2014,12-December,1-Sunday,01:53,0100 Hours,District 6 (East Central),,CLINTON,,167 AVE,Collision with fixed object:  Ditch,On Roadway,Non-collision (single vehicle),Driving too fast for conditions,Alcohol (< Statutory),,Dark - roadway not lighted,Dry,Clear,None apparent,Non-intersection:  Non-junction/no special feature,Unpaved,,Possible/Unknown,0,2,0,0,2,0,5000,1,3,,POINT (-90.767577165297 42.026206973328)
2014833626,14-029605,12/07/2014,12-December,1-Sunday,11:19,1100 Hours,District 5 (Southeast),,MARION,IA 163,IA 163/IOWA 163 & 167TH PL,Collision with:  Animal,,,Animal,None Indicated,,,,,,,Paved,,Property Damage Only,0,0,0,0,0,0,3500,1,1,,POINT (-93.023010001347 41.44847282746)
2014832907,2014013576,12/07/2014,12-December,1-Sunday,06:16,0600 Hours,District 6 (East Central),IOWA CITY,JOHNSON,,N SCOTT BLVD,Unknown,On Roadway,Non-collision (single vehicle),Unknown,None Indicated,,Dark - roadway not lighted,Dry,Clear,None apparent,Non-intersection:  Non-junction/no special feature,Paved,,Property Damage Only,0,0,0,0,0,0,6000,1,1,,POINT (-91.493045345572 41.680216559626)
2014832233,20140036202,12/07/2014,12-December,1-Sunday,02:12,0200 Hours,District 1 (Central),DES MOINES,POLK,,COTTAGE GROVE AVE,Collision with fixed object:  Utility pole/light support,On Roadway,Non-collision (single vehicle),Ran off road - right,None Indicated,,Dark - roadway lighted,Dry,Clear,None apparent,Non-intersection:  Non-junction/no special feature,Paved,,Property Damage Only,0,0,0,0,0,0,10892,1,1,,POINT (-93.654887932954 41.598501972774)
2014833589,1412070004,12/07/2014,12-December,1-Sunday,00:04,0000 Hours,District 6 (East Central),ANAMOSA,JONES,,Co Rd E23/CO HOME RD E-23,Collision with:  Animal,On Roadway,Non-collision (single vehicle),Animal,None Indicated,,Dark - roadway not lighted,Dry,Clear,None apparent,Non-intersection:  Non-junction/no special feature,Paved,,Property Damage Only,0,0,0,0,0,0,1500,1,1,,POINT (-91.188173470547 42.132083076496)
2014832440,14017860,12/07/2014,12-December,1-Sunday,06:09,0600 Hours,District 6 (East Central),,CEDAR,I-80,I-80,Collision with:  Animal,,Non-collision (single vehicle),Animal,None Indicated,,,,,,,Paved,,Property Damage Only,0,0,0,0,0,0,4000,1,1,,POINT (-90.978980726567 41.633560099858)
2014832325,14-2727,12/07/2014,12-December,1-Sunday,15:20,1500 Hours,District 1 (Central),URBANDALE,POLK,,DOUGLAS AVE,Collision with:  Vehicle in traffic,On Roadway,"Sideswipe, same direction",FTYROW:  From driveway,None Indicated,,Daylight,Dry,Cloudy,None apparent,Non-intersection:  Driveway access (within),Paved,,Property Damage Only,0,0,0,0,0,0,3000,2,2,,POINT (-93.758672684417 41.629335016592)
2014832284,14-6197,12/07/2014,12-December,1-Sunday,00:25,0000 Hours,District 1 (Central),WEST DES MOINES,POLK,,MILLS CIVIC PKWY,Collision with:  Vehicle in traffic,On Roadway,Rear-end (front to rear),Other (explain in narrative):  Other,Alcohol (Statutory),,Dark - roadway lighted,Dry,Clear,None apparent,Non-intersection:  Non-junction/no special feature,Paved,,Property Damage Only,0,0,0,0,0,0,8000,2,2,,POINT (-93.780827664757 41.559101593548)
2014832338,14S01924,12/07/2014,12-December,1-Sunday,01:20,0100 Hours,District 4 (Southwest),,UNION,US 34,US 34,Non-collision events:  Other non-collision (explain in narrative),On Roadway,Non-collision (single vehicle),Ran off road - right,None Indicated,,Dark - roadway not lighted,Dry,"Fog, smoke, smog",None apparent,Non-intersection:  Non-junction/no special feature,Paved,,Property Damage Only,0,0,0,0,0,0,8000,1,1,,POINT (-94.425940824036 40.999754827978)
2014839034,14-8789,12/07/2014,12-December,1-Sunday,08:21,0800 Hours,District 3 (Northwest),IDA GROVE,IDA,,Co Rd D15/140TH ST,Collision with fixed object:  Ditch,On Roadway,Non-collision (single vehicle),Crossed centerline (undivided),Alcohol (Statutory),,Daylight,Wet,"Fog, smoke, smog",None apparent,Non-intersection:  Driveway access (within),Paved,,Minor Injury,0,1,0,1,0,0,7000,1,1,,POINT (-95.4974007817 42.503831559165)
2014833170,2014068167,12/07/2014,12-December,1-Sunday,21:45,2100 Hours,District 1 (Central),,POWESHIEK,I-80,I-80,Collision with:  Vehicle in traffic,On Roadway,Unknown,Unknown,None Indicated,,Dark - roadway not lighted,Wet,Rain,None apparent,Non-intersection:  Non-junction/no special feature,Paved,,Property Damage Only,0,0,0,0,0,0,1500,2,2,,POINT (-92.546341206427 41.696479547183)
2014832598,14-019308,12/07/2014,12-December,1-Sunday,15:44,1500 Hours,District 2 (Northeast),,FLOYD,US 18,US 18,Collision with:  Animal,On Roadway,Non-collision (single vehicle),Animal,None Indicated,,Daylight,Dry,Cloudy,None apparent,Non-intersection:  Non-junction/no special feature,Paved,,Property Damage Only,0,0,0,0,0,0,4000,1,2,,POINT (-92.988150574643 43.116525906372)
2014833332,135-14,12/07/2014,12-December,1-Sunday,21:30,2100 Hours,District 4 (Southwest),,MADISON,,Co Rd G61/MACKSBURG RD,Collision with fixed object:  Ditch,On Roadway,Non-collision (single vehicle),Driving too fast for conditions,None Indicated,,Dark - roadway not lighted,Wet,"Fog, smoke, smog",None apparent,Non-intersection:  Non-junction/no special feature,Paved,,Minor Injury,0,2,0,2,0,0,10500,1,2,,POINT (-94.130780172578 41.214631498655)
2014832886,14-017724,12/07/2014,12-December,1-Sunday,14:16,1400 Hours,District 2 (Northeast),,FAYETTE,,ECHO VALLEY RD,Collision with fixed object:  Ditch,On Roadway,Non-collision (single vehicle),Lost Control,None Indicated,,Daylight,Dry,Cloudy,None apparent,Non-intersection:  Non-junction/no special feature,Paved,,Property Damage Only,0,0,0,0,0,0,6300,1,1,,POINT (-91.778102857661 42.943861746103)
2014832814,2014-83651,12/07/2014,12-December,1-Sunday,15:46,1500 Hours,District 6 (East Central),DAVENPORT,SCOTT,,E 53RD ST & WOODLAND AVE,Collision with:  Vehicle in traffic,On Roadway,Rear-end (front to rear),"Operating vehicle in an reckless, erratic, careless, negligent manner",None Indicated,,Dusk,Dry,Clear,None apparent,Intersection:  T-intersection,Paved,,Property Damage Only,0,0,0,0,0,0,5000,2,7,,POINT (-90.538796043581 41.574800025449)
2014832234,14-32308,12/07/2014,12-December,1-Sunday,17:21,1700 Hours,District 1 (Central),COLFAX,JASPER,IA 117,IA 117/IOWA 117 S,Collision with:  Animal,,,Animal,None Indicated,,,,,,,Paved,,Property Damage Only,0,0,0,0,0,0,2500,1,1,,POINT (-93.232231177342 41.652915101186)
2014832074,W14-119380,12/07/2014,12-December,1-Sunday,00:54,0000 Hours,District 2 (Northeast),WATERLOO,BLACK HAWK,US 218,US 218 & W 9TH ST,Collision with:  Vehicle in traffic,On Roadway,Rear-end (front to rear),Lost Control,None Indicated,,Dark - roadway lighted,Dry,Clear,None apparent,Non-intersection:  Non-junction/no special feature,Paved,,Property Damage Only,0,0,0,0,0,0,6000,2,2,,POINT (-92.336893649388 42.48962446715)
2014833421,14-151207-01,12/07/2014,12-December,1-Sunday,18:25,1800 Hours,District 6 (East Central),,IOWA,IA 220,IA 220/220TH TRL,Collision with:  Animal,,,Animal,None Indicated,,,,,,,Paved,,Property Damage Only,0,0,0,0,0,0,1500,1,1,,POINT (-91.907138758855 41.794793915891)
2014832166,14-051309,12/07/2014,12-December,1-Sunday,21:24,2100 Hours,District 4 (Southwest),COUNCIL BLUFFS,POTTAWATTAMIE,IA 192,IA 192/N 16TH ST & AVE G,Collision with:  Vehicle in traffic,On Roadway,"Sideswipe, same direction",FTYROW:  Making left turn,None Indicated,,Dark - roadway lighted,Wet,Rain,None apparent,Non-intersection:  Driveway access (within),Paved,,Property Damage Only,0,0,0,0,0,0,2000,2,2,,POINT (-95.867514834539 41.268030905638)
2014832513,2014-83630,12/07/2014,12-December,1-Sunday,13:00,1300 Hours,District 6 (East Central),DAVENPORT,SCOTT,US 6,US 6/W KIMBERLY RD/E KIMBERLY RD & IA 461/WELCOME WAY,Collision with:  Vehicle in traffic,On Roadway,Rear-end (front to rear),Lost Control,None Indicated,,Daylight,Dry,Cloudy,None apparent,Intersection:  Four-way intersection,Paved,,Property Damage Only,0,0,0,0,0,0,3000,2,2,,POINT (-90.570905476301 41.560352572348)
2014832601,2014-25048,12/07/2014,12-December,1-Sunday,23:23,2300 Hours,District 6 (East Central),BUFFALO,SCOTT,IA 22,IA 22/IOWA 22,Collision with fixed object:  Curb/island/raised median,On Roadway,Non-collision (single vehicle),Ran Stop Sign,None Indicated,,Dark - roadway lighted,Wet,Cloudy,None apparent,Intersection:  T-intersection,Paved,,Possible/Unknown,0,1,0,0,1,0,500,1,3,,POINT (-90.75017574279 41.455535644708)
2014832109,1412078281,12/07/2014,12-December,1-Sunday,19:07,1900 Hours,District 6 (East Central),,CLINTON,,Co Rd E63/190 ST,Collision with:  Animal,,,Animal,None Indicated,,,,,,,Paved,,Property Damage Only,0,0,0,0,0,0,1500,1,1,,POINT (-90.553075692735 41.901955543487)
2014832070,W14-119452,12/07/2014,12-December,1-Sunday,10:19,1000 Hours,District 2 (Northeast),WATERLOO,BLACK HAWK,I-380,I-380 & E SAN MARNAN DR,Collision with:  Vehicle in traffic,On Roadway,Rear-end (front to rear),Other (explain in narrative):  Other,None Indicated,,Daylight,Dry,Cloudy,None apparent,Interchange-related:  Off-ramp,Paved,,Property Damage Only,0,0,0,0,0,0,5000,3,5,,POINT (-92.317671183787 42.469140392777)
2014836988,,12/07/2014,12-December,1-Sunday,18:42,1800 Hours,District 5 (Southeast),WILTON,MUSCATINE,US 6,US 6 & W 5TH ST,Collision with:  Vehicle in traffic,On Roadway,Broadside (front to side),FTYROW:  Making left turn,None Indicated,,,,,,,Paved,,Property Damage Only,0,0,0,0,0,0,6000,2,2,,POINT (-91.038203112405 41.590381839312)
2014833380,K14-037283,12/07/2014,12-December,1-Sunday,03:09,0300 Hours,District 5 (Southeast),KEOKUK,LEE,US 218,US 218/MAIN ST & CARBIDE LN & PLANK RD,Collision with fixed object:  Curb/island/raised median,On Roadway,Non-collision (single vehicle),Exceeded authorized speed,None Indicated,,Dark - roadway lighted,Wet,Clear,None apparent,Intersection:  Four-way intersection,Paved,,Property Damage Only,0,0,0,0,0,0,2000,1,1,,POINT (-91.410232372442 40.42241279974)
2014833423,14-171207-01,12/07/2014,12-December,1-Sunday,17:40,1700 Hours,District 6 (East Central),,IOWA,US 6,US 6,Collision with:  Animal,,,Animal,None Indicated,,,,,,,Paved,,Property Damage Only,0,0,0,0,0,0,3500,1,1,,POINT (-92.08590000669 41.786907336142)